family,expected_sign,A,B,K,d_ref,thermal_coeff,T_min,T_max,d0_Tmin,d0_Tmax,energy_Tmin,energy_Tmax,slope,intercept,min_curvature,boundary_hit,all_stable,observed_sign,sign_test_pass,all_pass
A,positive,0.5,2.0,2.0,1.0,0.1,0.0,4.0,0.8921051968392327,0.8944092517905796,-1.9882279127837077,-2.3455266523888274,0.0005759861172739876,0.8920961516506245,168.92640189874638,False,True,positive,True,True
A,positive,0.5,2.0,2.0,1.0,0.35,0.0,4.0,0.8921051968392327,0.9007895465131861,-1.9882279127837077,-3.2430453245751574,0.002169109352720147,0.8919786256332932,145.02403998101383,False,True,positive,True,True
A,positive,0.5,2.0,2.0,1.0,0.75,0.0,4.0,0.8921051968392327,2.4899084714043673,-1.9882279127837077,-5.2582825963432835,0.4647614035028211,0.539309706531034,1.428594113756058,False,True,positive,True,True
A,positive,0.5,2.0,2.0,1.4,0.1,0.0,4.0,0.8968455372599392,0.8994321947826942,-1.743773086399549,-2.1030236999322427,0.0006466176040908539,0.8968346089683109,149.85819525555473,False,True,positive,True,True
A,positive,0.5,2.0,2.0,1.4,0.35,0.0,4.0,0.8968455372599392,2.0624474556282086,-1.743773086399549,-2.4744909933773522,0.35060228171712965,0.6372034559333217,0.7645658430622171,False,True,positive,True,True
A,positive,0.5,2.0,2.0,1.4,0.75,0.0,4.0,0.8968455372599392,2.896495141673517,-1.743773086399549,-6.4533731103589815,0.5691716827327813,0.7673950286694672,1.5046270331136544,False,True,positive,True,True
A,positive,0.5,2.0,8.0,1.0,0.1,0.0,4.0,0.8957657998265345,0.8981913472855565,-1.9544722728223214,-2.3132588443919575,0.0006064335175863377,0.8957551899134386,160.39314604103333,False,True,positive,True,True
A,positive,0.5,2.0,8.0,1.0,0.35,0.0,4.0,0.8957657998265345,0.9049251908139697,-1.9544722728223214,-3.214728385389972,0.0022874492420452237,0.895628638175861,137.07592362664525,False,True,positive,True,True
A,positive,0.5,2.0,8.0,1.0,0.75,0.0,4.0,0.8957657998265345,0.9186229423896002,-1.9544722728223214,-4.672961470539223,0.00567527422041508,0.8949417904530846,98.31426744632509,False,True,positive,True,True
A,positive,0.5,2.0,8.0,1.4,0.1,0.0,4.0,0.9207105212784967,0.9252526681204607,-1.016893001554287,-1.3860678436085514,0.0011352561229516609,0.9206723430511703,83.06052901759324,False,True,positive,True,True
A,positive,0.5,2.0,8.0,1.4,0.35,0.0,4.0,0.9207105212784967,1.485339413699414,-1.016893001554287,-2.232249395122525,0.07747744704196745,0.8352012216580266,4.7611049789464435,False,True,positive,True,True
A,positive,0.5,2.0,8.0,1.4,0.75,0.0,4.0,0.9207105212784967,1.7451073689502552,-1.016893001554287,-4.829109363732778,0.2547837110395189,0.8082503157008557,5.073252933187574,False,True,positive,True,True
A,positive,0.5,4.0,2.0,1.0,0.1,0.0,4.0,0.794154252024916,0.794598762725099,-7.957533787037908,-8.275283885015726,0.0001111716689510287,0.794152809149073,894.8286781191273,False,True,positive,True,True
A,positive,0.5,4.0,2.0,1.0,0.35,0.0,4.0,0.794154252024916,0.7957328117089821,-7.957533787037908,-9.0704461132813,0.00039429089407289715,0.7941491585203595,868.2736718033505,False,True,positive,True,True
A,positive,0.5,4.0,2.0,1.0,0.75,0.0,4.0,0.794154252024916,2.4791756479117124,-7.957533787037908,-5.266784331995547,0.4560254145285762,0.3735006061978801,1.4543797993570986,False,True,positive,True,True
A,positive,0.5,4.0,2.0,1.4,0.1,0.0,4.0,0.7950488636274048,0.7955025788019107,-7.633212788134203,-7.9513226435390365,0.000113709058466253,0.7950472718853178,873.6107016830383,False,True,positive,True,True
A,positive,0.5,4.0,2.0,1.4,0.35,0.0,4.0,0.7950488636274048,2.009723478575253,-7.633212788134203,-2.5024424538565175,0.2679264224027772,0.5123171791668572,0.8116647060944291,False,True,positive,True,True
A,positive,0.5,4.0,2.0,1.4,0.75,0.0,4.0,0.7950488636274048,2.892926729295273,-7.633212788134203,-6.456772456580627,0.6344690065803225,0.4714705322094088,1.5207709033784393,False,True,positive,True,True
A,positive,0.5,4.0,8.0,1.0,0.1,0.0,4.0,0.7955319060880963,0.7959910218689615,-7.831262378140525,-8.149567104902003,0.00011483849457396842,0.7955317538391801,868.3205759551549,False,True,positive,True,True
A,positive,0.5,4.0,8.0,1.0,0.35,0.0,4.0,0.7955319060880963,0.7971612856816683,-7.831262378140525,-8.94614009796055,0.0004070606500620268,0.7955276722072608,841.7651537912036,False,True,positive,True,True
A,positive,0.5,4.0,8.0,1.0,0.75,0.0,4.0,0.7955319060880963,0.7991112629710229,-7.831262378140525,-10.22314436855924,0.000894538349419827,0.7955082484575429,799.0270241396472,False,True,positive,True,True
A,positive,0.5,4.0,8.0,1.4,0.1,0.0,4.0,0.7993617279405136,0.7998715535710836,-6.542991747242313,-6.862838049402031,0.00012725527180311184,0.7993610952604387,782.8608308836931,False,True,positive,True,True
A,positive,0.5,4.0,8.0,1.4,0.35,0.0,4.0,0.7993617279405136,0.8011690048989996,-6.542991747242313,-7.663354227220732,0.00045179557703647563,0.7993562734916635,755.8986797564428,False,True,positive,True,True
A,positive,0.5,4.0,8.0,1.4,0.75,0.0,4.0,0.7993617279405136,1.7037407271555824,-6.542991747242313,-4.904898251078436,0.20398660188561185,0.5855476987405118,4.746733349098716,False,True,positive,True,True
A,positive,0.5,8.0,2.0,1.0,0.1,0.0,4.0,0.7072334897931914,0.707321708188363,-31.91425082598062,-32.19716189683036,2.1885596497110245e-05,0.7072337125438919,4580.665939403135,False,True,positive,True,True
A,positive,0.5,8.0,2.0,1.0,0.35,0.0,4.0,0.7072334897931914,0.7075394484875862,-31.91425082598062,-32.904592585007336,7.653437337160922e-05,0.7072333964178866,4551.108115302306,False,True,positive,True,True
A,positive,0.5,8.0,2.0,1.0,0.75,0.0,4.0,0.7072334897931914,2.4554268444027114,-31.91425082598062,-5.284505776117237,0.3847064030823169,0.3006952958146537,1.43804522991517,False,True,positive,True,True
A,positive,0.5,8.0,2.0,1.4,0.1,0.0,4.0,0.7074078218381186,0.7074959747319659,-31.520107894747447,-31.80308891561297,2.2008219936631854e-05,0.7074078973167279,4556.996751140878,False,True,positive,True,True
A,positive,0.5,8.0,2.0,1.4,0.35,0.0,4.0,0.7074078218381186,0.707715484304981,-31.520107894747447,-32.510695275091294,7.708570480009006e-05,0.7074080099705043,4527.328887287413,False,True,positive,True,True
A,positive,0.5,8.0,2.0,1.4,0.75,0.0,4.0,0.7074078218381186,2.885595156425402,-31.520107894747447,-6.46364826729602,0.6586361563981149,0.22199545398810447,1.5022052373851402,False,True,positive,True,True
A,positive,0.5,8.0,8.0,1.0,0.1,0.0,4.0,0.7076184813509151,0.7077063232162986,-31.657451963806462,-31.940516878045134,2.2106602147622496e-05,0.7076181221189501,4534.563804610828,False,True,positive,True,True
A,positive,0.5,8.0,8.0,1.0,0.35,0.0,4.0,0.7076184813509151,0.7079287097487794,-31.657451963806462,-32.64833373395939,7.734319625223267e-05,0.7076181940701624,4504.665767514042,False,True,positive,True,True
A,positive,0.5,8.0,8.0,1.0,0.75,0.0,4.0,0.7076184813509151,0.7082845955431949,-31.657451963806462,-33.7813030560888,0.00016651663868752275,0.7076176750482494,4457.164280938526,False,True,positive,True,True
A,positive,0.5,8.0,8.0,1.4,0.1,0.0,4.0,0.7083311297341454,0.7084201596430979,-30.082964474855025,-30.366314298817578,2.2473731527896587e-05,0.7083296000792035,4439.180855073125,False,True,positive,True,True
A,positive,0.5,8.0,8.0,1.4,0.35,0.0,4.0,0.7083311297341454,0.7086440572092778,-30.082964474855025,-31.07484673978968,7.830631115323543e-05,0.7083311122693571,4409.61257313317,False,True,positive,True,True
A,positive,0.5,8.0,8.0,1.4,0.75,0.0,4.0,0.7083311297341454,0.7090114055137975,-30.082964474855025,-32.208971020294904,0.00017019800899022747,0.7083289084222767,4361.457093989654,False,True,positive,True,True
A,positive,1.0,2.0,2.0,1.0,0.1,0.0,4.0,1.0000003845481495,1.0057307082112643,-0.9999999999945286,-1.4011234157219807,0.001432070397205107,0.9999517894000364,65.75961236282562,False,True,positive,True,True
A,positive,1.0,2.0,2.0,1.0,0.35,0.0,4.0,1.0000003845481495,1.0240873396299364,-0.9999999999945286,-2.4154312550179204,0.005984922849640252,0.9991805675215529,44.3551692912705,False,True,positive,True,True
A,positive,1.0,2.0,2.0,1.0,0.75,0.0,4.0,1.0000003845481495,2.489930307318881,-0.9999999999945286,-5.258273790996245,0.42770081751513006,0.677840651984198,1.4446638941161032,False,True,positive,True,True
A,positive,1.0,2.0,2.0,1.4,0.1,0.0,4.0,1.0122373329566596,1.01978823444778,-0.8446869012686218,-1.251050686764495,0.0018868670617661976,1.0121489347931494,48.7603026509518,False,True,positive,True,True
A,positive,1.0,2.0,2.0,1.4,0.35,0.0,4.0,1.0122373329566596,2.0627281187583835,-0.8446869012686218,-2.4744066558635165,0.31189001301173414,0.7824068019094955,0.8581438937999657,False,True,positive,True,True
A,positive,1.0,2.0,2.0,1.4,0.75,0.0,4.0,1.0122373329566596,2.896498136786163,-0.8446869012686218,-6.453371676542048,0.533372262866291,0.8792629715157326,1.5167005436725634,False,True,positive,True,True
A,positive,1.0,2.0,8.0,1.0,0.1,0.0,4.0,1.0000004483408842,1.0052530329603548,-0.9999999999919597,-1.4010331351216287,0.0013129369016731138,0.9999622237671265,72.41501893114608,False,True,positive,True,True
A,positive,1.0,2.0,8.0,1.0,0.35,0.0,4.0,1.0000004483408842,1.0212936847791876,-0.9999999999919597,-2.4138944621941514,0.005303349046960491,0.9994086066572313,53.17913244752654,False,True,positive,True,True
A,positive,1.0,2.0,8.0,1.0,0.75,0.0,4.0,1.0000004483408842,1.0673524594978283,-0.9999999999919597,-4.079143864583101,0.01619899728010682,0.9949167899028039,20.767278059616736,False,True,positive,True,True
A,positive,1.0,2.0,8.0,1.4,0.1,0.0,4.0,1.0781620853460323,1.1141162517721301,-0.4536527972431404,-0.8911020697053309,0.008840288192170736,1.0762603083744093,6.977201429967543,False,True,positive,True,True
A,positive,1.0,2.0,8.0,1.4,0.35,0.0,4.0,1.0781620853460323,1.4921897112285258,-0.4536527972431404,-2.228033978852119,0.12002773944540439,1.030617947714739,1.4527877826947204,False,True,positive,True,True
A,positive,1.0,2.0,8.0,1.4,0.75,0.0,4.0,1.0781620853460323,1.7457151545833987,-0.4536527972431404,-4.828483904730631,0.17304889272554108,1.109735299751633,2.0481192501744854,False,True,positive,True,True
A,positive,1.0,4.0,2.0,1.0,0.1,0.0,4.0,0.8915018211505342,0.8926273030751866,-3.9881624653454755,-4.344987215574737,0.00028153694515175903,0.8914987700500393,350.322970883473,False,True,positive,True,True
A,positive,1.0,4.0,2.0,1.0,0.35,0.0,4.0,0.8915018211505342,0.8955825214920173,-3.9881624653454755,-5.239075474033866,0.001020337947013532,0.8914728487100764,326.60108812640124,False,True,positive,True,True
A,positive,1.0,4.0,2.0,1.0,0.75,0.0,4.0,0.8915018211505342,2.4791994941304476,-3.9881624653454755,-5.2667750582240505,0.42675491150742184,0.4981096831363481,1.4586537354913354,False,True,positive,True,True
A,positive,1.0,4.0,2.0,1.4,0.1,0.0,4.0,0.8937854741188893,0.8949740879122251,-3.742268751389666,-4.100019750519805,0.0002974973870892269,0.8937827770062247,331.3719233164966,False,True,positive,True,True
A,positive,1.0,4.0,2.0,1.4,0.35,0.0,4.0,0.8937854741188893,2.0102223968039126,-3.742268751389666,-2.502327456494662,0.24527056510175943,0.6355055155533748,0.8370592745698444,False,True,positive,True,True
A,positive,1.0,4.0,2.0,1.4,0.75,0.0,4.0,0.8937854741188893,2.892929798494118,-3.742268751389666,-6.456771001394867,0.6013274512045158,0.5821509670743982,1.5240798818068835,False,True,positive,True,True
A,positive,1.0,4.0,8.0,1.0,0.1,0.0,4.0,0.8933185719106115,0.8944756103727293,-3.9534338609178867,-4.310991526326668,0.000289203072486957,0.8933164774873269,341.3237677855644,False,True,positive,True,True
A,positive,1.0,4.0,8.0,1.0,0.35,0.0,4.0,0.8933185719106115,0.8975098679825672,-3.9534338609178867,-5.20696590430162,0.0010475276394312024,0.8932888889541792,317.86358374017186,False,True,positive,True,True
A,positive,1.0,4.0,8.0,1.0,0.75,0.0,4.0,0.8933185719106115,0.9028711089926111,-3.9534338609178867,-6.64717925991787,0.0023852350578874603,0.8931672774797951,279.7198522455147,False,True,positive,True,True
A,positive,1.0,4.0,8.0,1.4,0.1,0.0,4.0,0.9035925603240313,0.9050735621489107,-2.9878253583719965,-3.3495567220712785,0.00037010984281827023,0.9035884975263008,265.1931632138182,False,True,positive,True,True
A,positive,1.0,4.0,8.0,1.4,0.35,0.0,4.0,0.9035925603240313,0.9090301335113766,-2.9878253583719965,-4.2565764022383545,0.0013589259870502748,0.9035402344340019,240.64889998103217,False,True,positive,True,True
A,positive,1.0,4.0,8.0,1.4,0.75,0.0,4.0,0.9035925603240313,1.704771398075402,-2.9878253583719965,-4.904065436772327,0.1802842300848301,0.716677868950859,4.86016583122095,False,True,positive,True,True
A,positive,1.0,8.0,2.0,1.0,0.1,0.0,4.0,0.7939263997266038,0.7941477656131339,-15.957487115264056,-16.275101793551023,5.487995720600855e-05,0.7939271575997079,1809.154127932657,False,True,positive,True,True
A,positive,1.0,8.0,2.0,1.0,0.35,0.0,4.0,0.7939263997266038,0.794702366850607,-15.957487115264056,-17.06952654655177,0.00019409249492160618,0.7939253585372698,1782.749482673289,False,True,positive,True,True
A,positive,1.0,8.0,2.0,1.0,0.75,0.0,4.0,0.7939263997266038,2.455455976676271,-15.957487115264056,-5.284495366964926,0.36452558811299585,0.40879708238237095,1.439386545100386,False,True,positive,True,True
A,positive,1.0,8.0,2.0,1.4,0.1,0.0,4.0,0.7943687118406748,0.7945908130477799,-15.632804910728085,-15.95059698548888,5.5696062835057094e-05,0.7943686673497838,1788.0344115861271,False,True,positive,True,True
A,positive,1.0,8.0,2.0,1.4,0.35,0.0,4.0,0.7943687118406748,0.7951566284928899,-15.632804910728085,-16.74546984960389,0.00019679710889725953,0.794367484238593,1761.3636311601526,False,True,positive,True,True
A,positive,1.0,8.0,2.0,1.4,0.75,0.0,4.0,0.7943687118406748,2.8855983821082134,-15.632804910728085,-6.463646767128162,0.6296131697044117,0.32850991736216056,1.503258122747739,False,True,positive,True,True
A,positive,1.0,8.0,8.0,1.0,0.1,0.0,4.0,0.7946114788949405,0.7948335997606948,-15.830509532704943,-16.148398204966043,5.5999759748004563e-05,0.7946093746591324,1782.5490268626636,False,True,positive,True,True
A,positive,1.0,8.0,8.0,1.0,0.35,0.0,4.0,0.7946114788949405,0.7953997008366792,-15.830509532704943,-16.943513754254134,0.00019717909894158343,0.7946088884212297,1756.0087567191958,False,True,positive,True,True
A,positive,1.0,8.0,8.0,1.0,0.75,0.0,4.0,0.7946114788949405,0.7963213135117008,-15.830509532704943,-18.216886788074095,0.0004274351825955424,0.7946050273503199,1713.5107545365477,False,True,positive,True,True
A,positive,1.0,8.0,8.0,1.4,0.1,0.0,4.0,0.7964371848710129,0.7966725145899186,-14.536162711928094,-14.854784884918764,5.8973390783508525e-05,0.7964371202469183,1697.544200417728,False,True,positive,True,True
A,positive,1.0,8.0,8.0,1.4,0.35,0.0,4.0,0.7964371848710129,0.7972657502141673,-14.536162711928094,-15.651753991377456,0.0002069430569122179,0.7964368560689564,1670.8563284664438,False,True,positive,True,True
A,positive,1.0,8.0,8.0,1.4,0.75,0.0,4.0,0.7964371848710129,0.7982361093794323,-14.536162711928094,-16.92815356817438,0.00044984110094322023,0.7964316786164924,1627.9565392255342,False,True,positive,True,True
A,positive,2.0,2.0,2.0,1.0,0.1,0.0,4.0,1.1149631056626161,1.127774328481658,-0.4859413830372247,-0.9343933616841373,0.00319919306154633,1.114761265281336,27.848954427267202,False,True,positive,True,True
A,positive,2.0,2.0,2.0,1.0,0.35,0.0,4.0,1.1149631056626161,1.186561902584789,-0.4859413830372247,-2.0862285860480223,0.017216163773191084,1.1096167627260491,9.072981161138824,False,True,positive,True,True
A,positive,2.0,2.0,2.0,1.0,0.75,0.0,4.0,1.1149631056626161,2.489973964088011,-0.4859413830372247,-5.2582561830812615,0.3868207077210833,0.8360136891834751,1.475839253249302,False,True,positive,True,True
A,positive,2.0,2.0,2.0,1.4,0.1,0.0,4.0,1.1443691840744186,1.1683788590473956,-0.4286575689824439,-0.8908459639895403,0.005973873033445345,1.143635981358001,13.128382891220674,False,True,positive,True,True
A,positive,2.0,2.0,2.0,1.4,0.35,0.0,4.0,1.1443691840744186,2.063286359391437,-0.4286575689824439,-2.474238392118174,0.2663248857278603,0.958322452405496,1.0089977789995306,False,True,positive,True,True
A,positive,2.0,2.0,2.0,1.4,0.75,0.0,4.0,1.1443691840744186,2.8965041267789275,-0.4286575689824439,-6.453368808961564,0.4890118153203574,1.0192386809303504,1.5403130507122165,False,True,positive,True,True
A,positive,2.0,2.0,8.0,1.0,0.1,0.0,4.0,1.099883018863401,1.1082134799486922,-0.4516865720208396,-0.8932714272901827,0.0020819408095822914,1.0998091484037926,45.110648030626486,False,True,positive,True,True
A,positive,2.0,2.0,8.0,1.0,0.35,0.0,4.0,1.099883018863401,1.1350366814442707,-0.4516865720208396,-2.0140214289057865,0.0087394573351128,1.0986631445656636,30.475303206429405,False,True,positive,True,True
A,positive,2.0,2.0,8.0,1.0,0.75,0.0,4.0,1.099883018863401,1.2267617474543842,-0.4516865720208396,-3.889222579425413,0.03001332904897884,1.08805807432111,9.469179997855303,False,True,positive,True,True
A,positive,2.0,2.0,8.0,1.4,0.1,0.0,4.0,1.2503700835323328,1.3145881515350308,-0.2968495725308343,-0.8090873341769382,0.016073799267424704,1.2486817012861462,5.359891091078868,False,True,positive,True,True
A,positive,2.0,2.0,8.0,1.4,0.35,0.0,4.0,1.2503700835323328,1.5036166361273917,-0.2968495725308343,-2.2202062605953667,0.0648329647881918,1.2445776202763776,5.036566693706232,False,True,positive,True,True
A,positive,2.0,2.0,8.0,1.4,0.75,0.0,4.0,1.2503700835323328,1.746913951036936,-0.2968495725308343,-4.827240740271556,0.12586727077969925,1.2571487749133812,5.055469982082225,False,True,positive,True,True
A,positive,2.0,4.0,2.0,1.0,0.1,0.0,4.0,0.9999998688147983,1.0028195963665518,-1.9999999999987441,-2.4005586379258066,0.0007046666156945425,0.9999891504568762,137.68248263290175,False,True,positive,True,True
A,positive,2.0,4.0,2.0,1.0,0.35,0.0,4.0,0.9999998688147983,1.0107054563948206,-1.9999999999987441,-3.4072115247520722,0.0026731362019249473,0.9998297241596558,116.50712404382105,False,True,positive,True,True
A,positive,2.0,4.0,2.0,1.0,0.75,0.0,4.0,0.9999998688147983,2.4792471683123876,-1.9999999999987441,-5.266756513890826,0.39404067165642076,0.6389342434007973,1.4671320271191224,False,True,positive,True,True
A,positive,2.0,4.0,2.0,1.4,0.1,0.0,4.0,1.0058183044737705,1.0090185624981882,-1.8422801689647805,-2.2452402761711876,0.0008000657796060451,1.0058020903421794,120.79149874769422,False,True,positive,True,True
A,positive,2.0,4.0,2.0,1.4,0.35,0.0,4.0,1.0058183044737705,2.01120939791102,-1.8422801689647805,-2.5020984805041664,0.21994682230198656,0.7760347883802732,0.8846265586631137,False,True,positive,True,True
A,positive,2.0,4.0,2.0,1.4,0.75,0.0,4.0,1.0058183044737705,2.8929359366536613,-1.8422801689647805,-6.456768091078951,0.563336167633895,0.7093453145508891,1.530644878405136,False,True,positive,True,True
A,positive,2.0,4.0,8.0,1.0,0.1,0.0,4.0,1.000000605303413,1.0027018803183234,-1.9999999999721547,-2.400535763623444,0.0006753768315831916,0.9999903534123078,144.02150340876565,False,True,positive,True,True
A,positive,2.0,4.0,8.0,1.0,0.35,0.0,4.0,1.000000605303413,1.0101827028377501,-1.9999999999721547,-3.406884560454933,0.0025430970317462604,0.9998527935151529,123.82113620752403,False,True,positive,True,True
A,positive,2.0,4.0,8.0,1.0,0.75,0.0,4.0,1.000000605303413,1.0252170979470683,-1.9999999999721547,-5.03457783623261,0.006265271386211076,0.9991314360491872,90.50515648736376,False,True,positive,True,True
A,positive,2.0,4.0,8.0,1.4,0.1,0.0,4.0,1.0274820753009035,1.0323698521056217,-1.3998458707947163,-1.8117989225732654,0.0012220583399506998,1.0274438421347651,77.53303994619839,False,True,positive,True,True
A,positive,2.0,4.0,8.0,1.4,0.35,0.0,4.0,1.0274820753009035,1.04758883283548,-1.3998458707947163,-2.8513432193871138,0.005002918443205166,1.026872527132009,54.915902469006525,False,True,positive,True,True
A,positive,2.0,4.0,8.0,1.4,0.75,0.0,4.0,1.0274820753009035,1.706773776232913,-1.3998458707947163,-4.90241751405492,0.15367427922051238,0.8769145387074709,5.074174953127015,False,True,positive,True,True
A,positive,2.0,8.0,2.0,1.0,0.1,0.0,4.0,0.8911983185895174,0.8917571399419686,-7.988129700456231,-8.344720749880462,0.00013956310544656185,0.8911982826399906,713.154370675236,False,True,positive,True,True
A,positive,2.0,8.0,2.0,1.0,0.35,0.0,4.0,0.8911983185895174,0.8931840110459746,-7.988129700456231,-9.237186560294237,0.0004959031088539667,0.8911919436324279,689.4943598183482,False,True,positive,True,True
A,positive,2.0,8.0,2.0,1.0,0.75,0.0,4.0,0.8911983185895174,2.4555142130859395,-7.988129700456231,-5.284474553104635,0.34194193277732204,0.5304142349357724,1.4420622258161844,False,True,positive,True,True
A,positive,2.0,8.0,2.0,1.4,0.1,0.0,4.0,0.8923198097360175,0.8928945142297263,-7.74153615859597,-8.09857894060135,0.0001433208111676604,0.8923200003393408,694.2407064294861,False,True,positive,True,True
A,positive,2.0,8.0,2.0,1.4,0.35,0.0,4.0,0.8923198097360175,0.8943603342027157,-7.74153615859597,-8.992201214173502,0.000510012096186604,0.8923132132789396,670.4864802125596,False,True,positive,True,True
A,positive,2.0,8.0,2.0,1.4,0.75,0.0,4.0,0.8923198097360175,2.8856048332301714,-7.74153615859597,-6.463643766852934,0.5968651922372907,0.44882430123437295,1.5053597132416838,False,True,positive,True,True
A,positive,2.0,8.0,8.0,1.0,0.1,0.0,4.0,0.8921051968392327,0.8926708432670785,-7.952911651134831,-8.309866347191027,0.0001412308437881808,0.8921046010340472,703.9265455445052,False,True,positive,True,True
A,positive,2.0,8.0,8.0,1.0,0.35,0.0,4.0,0.8921051968392327,0.8941143082593195,-7.952911651134831,-9.203254264449756,0.0005023941161995878,0.8920979693029455,680.4253183976606,False,True,positive,True,True
A,positive,2.0,8.0,8.0,1.0,0.75,0.0,4.0,0.8921051968392327,0.8965337739502257,-7.952911651134831,-10.635754373840651,0.001106687377527249,0.8920728351307224,642.51351204435,False,True,positive,True,True
A,positive,2.0,8.0,8.0,1.4,0.1,0.0,4.0,0.8968455372599392,0.8974777411701842,-6.975092345598196,-7.333956926116247,0.0001577254734072864,0.8968458417116314,628.2092873716471,False,True,positive,True,True
A,positive,2.0,8.0,8.0,1.4,0.35,0.0,4.0,0.8968455372599392,0.8991006153579051,-6.975092345598196,-8.232241372132817,0.0005638241205188945,0.8968373449671398,604.2363403837438,False,True,positive,True,True
A,positive,2.0,8.0,8.0,1.4,0.75,0.0,4.0,0.8968455372599392,0.9018377323581139,-6.975092345598196,-9.672968302141923,0.0012479199774649257,0.8968024019959216,565.5174452993182,False,True,positive,True,True
B,positive,0.5,2.0,2.0,1.0,0.1,0.0,4.0,0.8921051968392327,0.8968455372599392,-1.9882279127837077,-1.743773086399549,0.0011846731548950122,0.8920679812414427,159.43988785153329,False,True,positive,True,True
B,positive,0.5,2.0,2.0,1.0,0.35,0.0,4.0,0.8921051968392327,2.386424745727999,-1.9882279127837077,-0.01062893956425341,0.4326580778271215,0.5610580271747444,1.13152968475843,False,True,positive,True,True
B,positive,0.5,2.0,2.0,1.0,0.75,0.0,4.0,0.8921051968392327,3.9996338932562896,-1.9882279127837077,-0.0004883856112848441,0.8695875084533682,0.5957693473138341,1.7725809746072803,False,True,positive,True,True
B,positive,0.5,2.0,2.0,1.4,0.1,0.0,4.0,0.8968455372599392,0.9021933721681243,-1.743773086399549,-1.1833428252765634,0.0013363752571978387,0.8967963013962245,140.1599476157319,False,True,positive,True,True
B,positive,0.5,2.0,2.0,1.4,0.35,0.0,4.0,0.8968455372599392,2.795507715942737,-1.743773086399549,-0.004168124143896958,0.541217904258957,0.7741647386851854,1.383828998008409,False,True,positive,True,True
B,positive,0.5,2.0,2.0,1.4,0.75,0.0,4.0,0.8968455372599392,4.399812019839109,-1.743773086399549,-0.0002756478613868987,0.9066349932161261,0.9286128166955833,1.795381254448204,False,True,positive,True,True
B,positive,0.5,2.0,8.0,1.0,0.1,0.0,4.0,0.8957657998265345,0.9207105212784967,-1.9544722728223214,-1.016893001554287,0.0061845512204593365,0.8947918400811132,93.28887984982654,False,True,positive,True,True
B,positive,0.5,2.0,8.0,1.0,0.35,0.0,4.0,0.8957657998265345,2.3967065507612952,-1.9544722728223214,-0.01049484094264082,0.43719053213635695,0.6611021851148069,6.590786608424883,False,True,positive,True,True
B,positive,0.5,2.0,8.0,1.0,0.75,0.0,4.0,0.8957657998265345,3.9999084620580874,-1.9544722728223214,-0.0004882849724743711,0.8119421569885883,0.8087832355599401,6.925849519369558,False,True,positive,True,True
B,positive,0.5,2.0,8.0,1.4,0.1,0.0,4.0,0.9207105212784967,1.7732274688571803,-1.016893001554287,-0.060949967610484164,0.26319769747174127,0.8046280419561141,5.3386318986084085,False,True,positive,True,True
B,positive,0.5,2.0,8.0,1.4,0.35,0.0,4.0,0.9207105212784967,2.798885741822249,-1.016893001554287,-0.004153115929139075,0.4249663317807036,1.179227342166262,4.761104978946349,False,True,positive,True,True
B,positive,0.5,2.0,8.0,1.4,0.75,0.0,4.0,0.9207105212784967,4.3999530178981825,-1.016893001554287,-0.0002756213685321302,0.8174117689275684,1.2073734740490447,7.055538821654314,False,True,positive,True,True
B,positive,0.5,4.0,2.0,1.0,0.1,0.0,4.0,0.794154252024916,0.7950488636274048,-7.957533787037908,-7.633212788134203,0.00022336340590284844,0.7941523323748657,884.2087287542197,False,True,positive,True,True
B,positive,0.5,4.0,2.0,1.0,0.35,0.0,4.0,0.794154252024916,2.3716033716342504,-7.957533787037908,-0.02165842493827224,0.42386351079288365,0.4017761021063016,1.1369091119816694,False,True,positive,True,True
B,positive,0.5,4.0,2.0,1.0,0.75,0.0,4.0,0.794154252024916,3.9992678712010568,-7.957533787037908,-0.0009770697612226475,0.9010165058230477,0.4920068379708377,1.4543797993511416,False,True,positive,True,True
B,positive,0.5,4.0,2.0,1.4,0.1,0.0,4.0,0.7950488636274048,0.795963378170353,-7.633212788134203,-6.989615651351852,0.00022893443664228667,0.795046192295641,862.9562722518415,False,True,positive,True,True
B,positive,0.5,4.0,2.0,1.4,0.35,0.0,4.0,0.7950488636274048,2.7909067828735865,-7.633212788134203,-0.008379315233707581,0.6041213539394297,0.48631332793661386,1.3731728692554332,False,True,positive,True,True
B,positive,0.5,4.0,2.0,1.4,0.75,0.0,4.0,0.7950488636274048,4.399623888535637,-7.633212788134203,-0.0005513759130612139,0.9336575987911785,0.8452118295243919,1.5207709033792027,False,True,positive,True,True
B,positive,0.5,4.0,8.0,1.0,0.1,0.0,4.0,0.7955319060880963,0.7993617279405136,-7.831262378140525,-6.542991747242313,0.0009570546150692306,0.7955049538372504,793.6710183211211,False,True,positive,True,True
B,positive,0.5,4.0,8.0,1.0,0.35,0.0,4.0,0.7955319060880963,2.3933388643395914,-7.831262378140525,-0.021091459153001948,0.4710532237848922,0.44260418117302663,6.69201080882358,False,True,positive,True,True
B,positive,0.5,4.0,8.0,1.0,0.75,0.0,4.0,0.7955319060880963,3.999816920408236,-7.831262378140525,-0.00097666683471894,0.8407355976688966,0.7199205463433734,5.24596533100957,False,True,positive,True,True
B,positive,0.5,4.0,8.0,1.4,0.1,0.0,4.0,0.7993617279405136,1.7379200189285797,-6.542991747242313,-0.12909718827274955,0.21204897409217027,0.5771843946538369,5.24596533100957,False,True,positive,True,True
B,positive,0.5,4.0,8.0,1.4,0.35,0.0,4.0,0.7993617279405136,2.797766161855739,-6.542991747242313,-0.008318354965842812,0.5127829401643237,0.9043473932245867,5.24596533100957,False,True,positive,True,True
B,positive,0.5,4.0,8.0,1.4,0.75,0.0,4.0,0.7993617279405136,4.399906023933832,-6.542991747242313,-0.0005512698946990954,0.8382734669328755,1.1462940013969154,5.6785582823395275,False,True,positive,True,True
B,positive,0.5,8.0,2.0,1.0,0.1,0.0,4.0,0.7072334897931914,0.7074078218381186,-31.91425082598062,-31.520107894747447,4.3493010358033955e-05,0.7072339726106976,4568.95695026765,False,True,positive,True,True
B,positive,0.5,8.0,2.0,1.0,0.35,0.0,4.0,0.7072334897931914,2.3370137991923827,-31.91425082598062,-0.045118517340444544,0.2173759041180151,0.45380694477580247,1.6229232187752793,False,True,positive,True,True
B,positive,0.5,8.0,2.0,1.0,0.75,0.0,4.0,0.7072334897931914,3.998531433372065,-31.91425082598062,-0.00195524635345197,0.9711097117420648,0.1699195752235407,1.745982863305622,False,True,positive,True,True
B,positive,0.5,8.0,2.0,1.4,0.1,0.0,4.0,0.7074078218381186,0.7075845149408244,-31.520107894747447,-30.80610504661064,4.42807912727182e-05,0.7074075838057358,4545.010493693015,False,True,positive,True,True
B,positive,0.5,8.0,2.0,1.4,0.35,0.0,4.0,0.7074078218381186,2.7813667283528236,-31.520107894747447,-0.016930337829993522,0.6266030008498702,0.24456732342140397,1.3150944639100515,False,True,positive,True,True
B,positive,0.5,8.0,2.0,1.4,0.75,0.0,4.0,0.7074078218381186,4.399247210336362,-31.520107894747447,-0.0011030443535624357,1.045982028029065,0.4448384613661554,1.7683316797708173,False,True,positive,True,True
B,positive,0.5,8.0,8.0,1.0,0.1,0.0,4.0,0.7076184813509151,0.7083311297341454,-31.657451963806462,-30.082964474855025,0.00017790793615423434,0.7076169244663139,4450.984358807782,False,True,positive,True,True
B,positive,0.5,8.0,8.0,1.0,0.35,0.0,4.0,0.7076184813509151,2.3863959587048713,-31.657451963806462,-0.04255972751963183,0.4946184202403928,0.332310873616806,4.402236073289661,False,True,positive,True,True
B,positive,0.5,8.0,8.0,1.0,0.75,0.0,4.0,0.7076184813509151,3.99963386033242,-31.657451963806462,-0.0019536319504444496,0.9258509754623736,0.42041471036427774,7.082046022828938,False,True,positive,True,True
B,positive,0.5,8.0,8.0,1.4,0.1,0.0,4.0,0.7083311297341454,0.7090571777040209,-30.082964474855025,-27.230777693525308,0.000181607704949811,0.7083290960150687,4355.487776119301,False,True,positive,True,True
B,positive,0.5,8.0,8.0,1.4,0.35,0.0,4.0,0.7083311297341454,2.7955041427480465,-30.082964474855025,-0.01667908173546886,0.5982674094474565,0.5964034949875853,5.477801518472967,False,True,positive,True,True
B,positive,0.5,8.0,8.0,1.4,0.75,0.0,4.0,0.7083311297341454,4.399812010113546,-30.082964474855025,-0.0011026199479710285,0.9510629615686936,0.7973677292546181,7.174711976461199,False,True,positive,True,True
B,positive,1.0,2.0,2.0,1.0,0.1,0.0,4.0,1.0000003845481495,1.0122373329566596,-0.9999999999945286,-0.8446869012686218,0.0030542287621576126,0.9997826610354895,57.3629929003486,False,True,positive,True,True
B,positive,1.0,2.0,2.0,1.0,0.35,0.0,4.0,1.0000003845481495,2.386463114149822,-0.9999999999945286,-0.010614285617496656,0.39577234956416063,0.6991084508094,1.170724428588498,False,True,positive,True,True
B,positive,1.0,2.0,2.0,1.0,0.75,0.0,4.0,1.0000003845481495,3.9996339371555347,-0.9999999999945286,-0.0004883557761866589,0.8353825474763588,0.7028353651590661,1.7753326283774187,False,True,positive,True,True
B,positive,1.0,2.0,2.0,1.4,0.1,0.0,4.0,1.0122373329566596,1.0288378903604525,-0.8446869012686218,-0.3807152716736317,0.004137580789266381,1.0118238352474676,39.86537265969598,False,True,positive,True,True
B,positive,1.0,2.0,2.0,1.4,0.35,0.0,4.0,1.0122373329566596,2.7955124800215834,-0.8446869012686218,-0.004165929129886654,0.5054933587577441,0.8858249872660525,1.4025738831627264,False,True,positive,True,True
B,positive,1.0,2.0,2.0,1.4,0.75,0.0,4.0,1.0122373329566596,4.399812032806521,-0.8446869012686218,-0.00027563836057938144,0.8786594697543728,1.0113830017385244,1.7976471331706985,False,True,positive,True,True
B,positive,1.0,2.0,8.0,1.0,0.1,0.0,4.0,1.0000004483408842,1.0781620853460323,-0.9999999999919597,-0.4536527972431404,0.018549406913202542,0.9934364717711387,16.388410979367357,False,True,positive,True,True
B,positive,1.0,2.0,8.0,1.0,0.35,0.0,4.0,1.0000004483408842,2.3967153397848886,-0.9999999999919597,-0.01048092278007116,0.3865368630665674,0.8551158960940839,3.774956730400908,False,True,positive,True,True
B,positive,1.0,2.0,8.0,1.0,0.75,0.0,4.0,1.0000004483408842,3.9999084731842722,-0.9999999999919597,-0.00048825516196550887,0.7831187162921005,0.8946280483981556,6.969782892879309,False,True,positive,True,True
B,positive,1.0,2.0,8.0,1.4,0.1,0.0,4.0,1.0781620853460323,1.7737141353905748,-0.4536527972431404,-0.060433453154311575,0.17914214525818287,1.1149703239368047,2.514481378969892,False,True,positive,True,True
B,positive,1.0,2.0,8.0,1.4,0.35,0.0,4.0,1.0781620853460323,2.7988869094526274,-0.4536527972431404,-0.004150952484841812,0.4032322094676342,1.2410652689596557,5.157564030106091,False,True,positive,True,True
B,positive,1.0,2.0,8.0,1.4,0.75,0.0,4.0,1.0781620853460323,4.399953021136583,-0.4536527972431404,-0.00027561187137701323,0.796354760705777,1.2670544880792065,7.090049107848128,False,True,positive,True,True
B,positive,1.0,4.0,2.0,1.0,0.1,0.0,4.0,0.8915018211505342,0.8937854741188893,-3.9881624653454755,-3.742268751389666,0.0005710748104302413,0.8914921800985667,340.86001796757813,False,True,positive,True,True
B,positive,1.0,4.0,2.0,1.0,0.35,0.0,4.0,0.8915018211505342,2.3716469964902966,-3.9881624653454755,-0.02164263360236302,0.3946516521491106,0.5262699705786074,1.1482496899940984,False,True,positive,True,True
B,positive,1.0,4.0,2.0,1.0,0.75,0.0,4.0,0.8915018211505342,3.999267914269582,-3.9881624653454755,-0.0009770398932646349,0.8714902360037122,0.5839972560726762,1.4586537354895075,False,True,positive,True,True
B,positive,1.0,4.0,2.0,1.4,0.1,0.0,4.0,0.8937854741188893,0.8962000376794017,-3.742268751389666,-3.1782536781239568,0.0006035409344991631,0.8937750089359969,321.81763939591707,False,True,positive,True,True
B,positive,1.0,4.0,2.0,1.4,0.35,0.0,4.0,0.8937854741188893,2.7909117057323147,-3.742268751389666,-0.008377076398675697,0.5709988521025438,0.5969512848374969,1.3788425519110854,False,True,positive,True,True
B,positive,1.0,4.0,2.0,1.4,0.75,0.0,4.0,0.8937854741188893,4.399623901521503,-3.742268751389666,-0.0005513664073784064,0.9104584569845745,0.9137429299294801,1.5240798818066708,False,True,positive,True,True
B,positive,1.0,4.0,8.0,1.0,0.1,0.0,4.0,0.8933185719106115,0.9035925603240313,-3.9534338609178867,-2.9878253583719965,0.002564736698822364,0.893144191341173,274.8909225431513,False,True,positive,True,True
B,positive,1.0,4.0,8.0,1.0,0.35,0.0,4.0,0.8933185719106115,2.3933479012629313,-3.9534338609178867,-0.021077304192443937,0.43755545176912347,0.641812822572602,4.005987860239172,False,True,positive,True,True
B,positive,1.0,4.0,8.0,1.0,0.75,0.0,4.0,0.8933185719106115,3.999816931484272,-3.9534338609178867,-0.0009766370160170894,0.8172219323811484,0.7895111674681726,5.325092973622108,False,True,positive,True,True
B,positive,1.0,4.0,8.0,1.4,0.1,0.0,4.0,0.9035925603240313,1.738671257329701,-2.9878253583719965,-0.12844030836606682,0.232958653321172,0.6936438639961021,4.005987860239172,False,True,positive,True,True
B,positive,1.0,4.0,8.0,1.4,0.35,0.0,4.0,0.9035925603240313,2.7977673439646984,-2.9878253583719965,-0.008316181095985717,0.48799574512990196,0.977684574407793,5.325092973622108,False,True,positive,True,True
B,positive,1.0,4.0,8.0,1.4,0.75,0.0,4.0,0.9035925603240313,4.399906027173384,-2.9878253583719965,-0.0005512603963267368,0.8242700722840075,1.186001693609695,5.734142490696623,False,True,positive,True,True
B,positive,1.0,8.0,2.0,1.0,0.1,0.0,4.0,0.7939263997266038,0.7943687118406748,-15.957487115264056,-15.632804910728085,0.00011040040924753929,0.7939267331267881,1798.5957571521426,False,True,positive,True,True
B,positive,1.0,8.0,2.0,1.0,0.35,0.0,4.0,0.7939263997266038,2.337073373634157,-15.957487115264056,-0.04509968216547401,0.2059365537785914,0.554120267558093,1.6235379017590028,False,True,positive,True,True
B,positive,1.0,8.0,2.0,1.0,0.75,0.0,4.0,0.7939263997266038,3.99853147840304,-15.957487115264056,-0.0019552164195174274,0.9421284040199612,0.26658452683563055,1.7462762580552043,False,True,positive,True,True
B,positive,1.0,8.0,2.0,1.4,0.1,0.0,4.0,0.7943687118406748,0.7948151183753527,-15.632804910728085,-14.988478547735575,0.00011173223013015863,0.7943681219253484,1777.4211343593374,False,True,positive,True,True
B,positive,1.0,8.0,2.0,1.4,0.35,0.0,4.0,0.7943687118406748,2.7813719961205523,-15.632804910728085,-0.01692800509314852,0.5975878270994759,0.35106985798359935,1.3171128990448446,False,True,positive,True,True
B,positive,1.0,8.0,2.0,1.4,0.75,0.0,4.0,0.7943687118406748,4.399247223359257,-15.632804910728085,-0.0011030348381121447,1.0198333678593041,0.5262111079966549,1.7685793397814864,False,True,positive,True,True
B,positive,1.0,8.0,8.0,1.0,0.1,0.0,4.0,0.7946114788949405,0.7964371848710129,-15.830509532704943,-14.536162711928094,0.00045655859270024216,0.7946045639476562,1708.229109264836,False,True,positive,True,True
B,positive,1.0,8.0,8.0,1.0,0.35,0.0,4.0,0.7946114788949405,2.3864055553994517,-15.830509532704943,-0.04254507039164528,0.4654987560749171,0.439539552565191,4.44417350557924,False,True,positive,True,True
B,positive,1.0,8.0,8.0,1.0,0.75,0.0,4.0,0.7946114788949405,3.9996338713069894,-15.830509532704943,-0.001953602115341757,0.8995031236452157,0.502470708606927,7.084807504717374,False,True,positive,True,True
B,positive,1.0,8.0,8.0,1.4,0.1,0.0,4.0,0.7964371848710129,0.7983598991365592,-14.536162711928094,-11.967813246814387,0.0004805546515172104,0.796430357299759,1622.5502306197725,False,True,positive,True,True
B,positive,1.0,8.0,8.0,1.4,0.35,0.0,4.0,0.7964371848710129,2.7955053338258535,-14.536162711928094,-0.01667688667095099,0.5717031866167069,0.67912829886026,5.4970830712316765,False,True,positive,True,True
B,positive,1.0,8.0,8.0,1.4,0.75,0.0,4.0,0.7964371848710129,4.399812013355401,-14.536162711928094,-0.0011026104471631335,0.9303896547646913,0.8584237498115751,7.1769844615928875,False,True,positive,True,True
B,positive,2.0,2.0,2.0,1.0,0.1,0.0,4.0,1.1149631056626161,1.1443691840744186,-0.4859413830372247,-0.4286575689824439,0.007306034513048842,1.1139426693042023,20.67167649567106,False,True,positive,True,True
B,positive,2.0,2.0,2.0,1.0,0.35,0.0,4.0,1.1149631056626161,2.386539802109743,-0.4859413830372247,-0.010584986199967047,0.35530501903853046,0.855154632493286,1.2429996024790348,False,True,positive,True,True
B,positive,2.0,2.0,2.0,1.0,0.75,0.0,4.0,1.1149631056626161,3.9996340249566043,-0.4859413830372247,-0.000488296106002309,0.7954595835559976,0.8292205653399108,1.7808099771787436,False,True,positive,True,True
B,positive,2.0,2.0,2.0,1.4,0.1,0.0,4.0,1.1443691840744186,1.216851556708099,-0.4286575689824439,-0.08622278575613207,0.01724968542561938,1.138576374729208,4.517265257052799,False,True,positive,True,True
B,positive,2.0,2.0,2.0,1.4,0.35,0.0,4.0,1.1443691840744186,2.7955220075595757,-0.4286575689824439,-0.004161539236540688,0.4616815907271098,1.023953399778332,1.4387381352956687,False,True,positive,True,True
B,positive,2.0,2.0,2.0,1.4,0.75,0.0,4.0,1.1443691840744186,4.399812058741339,-0.4286575689824439,-0.00027561935896535414,0.8430684203277672,1.1172348732396438,1.8021614096272576,False,True,positive,True,True
B,positive,2.0,2.0,8.0,1.0,0.1,0.0,4.0,1.099883018863401,1.2503700835323328,-0.4516865720208396,-0.2968495725308343,0.03508115305101038,1.0844767750601236,7.6056283595712415,False,True,positive,True,True
B,positive,2.0,2.0,8.0,1.0,0.35,0.0,4.0,1.099883018863401,2.39673291574051,-0.4516865720208396,-0.010453088293382004,0.3510003250351742,0.969972800378287,5.292798637781344,False,True,positive,True,True
B,positive,2.0,2.0,8.0,1.0,0.75,0.0,4.0,1.099883018863401,3.999908495436798,-0.4516865720208396,-0.00048819554095078435,0.7537566231629249,0.982341401997187,7.056018592453157,False,True,positive,True,True
B,positive,2.0,2.0,8.0,1.4,0.1,0.0,4.0,1.2503700835323328,1.7746768790830336,-0.2968495725308343,-0.059405481840545685,0.1326216459628045,1.2591057740431542,5.086920440876707,False,True,positive,True,True
B,positive,2.0,2.0,8.0,1.4,0.35,0.0,4.0,1.2503700835323328,2.798889244621216,-0.2968495725308343,-0.004146625628599665,0.3790189728324492,1.3101206708093647,5.818310257732794,False,True,positive,True,True
B,positive,2.0,2.0,8.0,1.4,0.75,0.0,4.0,1.2503700835323328,4.3999530276133845,-0.2968495725308343,-0.00027559287706703083,0.7732684425662018,1.33250423539698,7.158059745536405,False,True,positive,True,True
B,positive,2.0,4.0,2.0,1.0,0.1,0.0,4.0,0.9999998688147983,1.0058183044737705,-1.9999999999987441,-1.8422801689647805,0.0014538835079188279,0.9999497311822557,129.28004759770855,False,True,positive,True,True
B,positive,2.0,4.0,2.0,1.0,0.35,0.0,4.0,0.9999998688147983,2.3717341813323776,-1.9999999999987441,-0.0216110613741503,0.36205307459336944,0.6667915690482377,1.1703781994761724,False,True,positive,True,True
B,positive,2.0,4.0,2.0,1.0,0.75,0.0,4.0,0.9999998688147983,3.9992680004093297,-1.9999999999987441,-0.0009769801573606466,0.838107904531133,0.6881813549735715,1.4671320271188157,False,True,positive,True,True
B,positive,2.0,4.0,2.0,1.4,0.1,0.0,4.0,1.0058183044737705,1.0124519280939734,-1.8422801689647805,-1.3695261753489234,0.0016578838584282386,1.0057513992853755,112.20446102133889,False,True,positive,True,True
B,positive,2.0,4.0,2.0,1.4,0.35,0.0,4.0,1.0058183044737705,2.7909215508027723,-1.8422801689647805,-0.008372598870842147,0.5330606107511965,0.7239984735608704,1.3900559229495475,False,True,positive,True,True
B,positive,2.0,4.0,2.0,1.4,0.75,0.0,4.0,1.0058183044737705,4.399623927493224,-1.8422801689647805,-0.0005513473960138003,0.8838841909598817,0.9922944903820191,1.5306448784062776,False,True,positive,True,True
B,positive,2.0,4.0,8.0,1.0,0.1,0.0,4.0,1.000000605303413,1.0274820753009035,-1.9999999999721547,-1.3998458707947163,0.0068198256326517225,0.9989739123308282,86.21613656554234,False,True,positive,True,True
B,positive,2.0,4.0,8.0,1.0,0.35,0.0,4.0,1.000000605303413,2.393365972840051,-1.9999999999721547,-0.021048996197390476,0.39959646487808653,0.7712495400648374,4.373677572062078,False,True,positive,True,True
B,positive,2.0,4.0,8.0,1.0,0.75,0.0,4.0,1.000000605303413,3.999816953636502,-1.9999999999721547,-0.0009765773786163906,0.7905715260835746,0.8685856990059118,5.477283219056853,False,True,positive,True,True
B,positive,2.0,4.0,8.0,1.4,0.1,0.0,4.0,1.0274820753009035,1.7401465979999053,-1.3998458707947163,-0.12713661948614946,0.19633633047915713,0.8579834279353754,4.373677572062078,False,True,positive,True,True
B,positive,2.0,4.0,8.0,1.4,0.35,0.0,4.0,1.0274820753009035,2.7977697080884503,-1.3998458707947163,-0.00831183338905372,0.4574214425016074,1.068375590454384,5.477283219056853,False,True,positive,True,True
B,positive,2.0,4.0,8.0,1.4,0.75,0.0,4.0,1.0274820753009035,4.399906033652486,-1.3998458707947163,-0.0005512413995822712,0.8075454701782393,1.233449239583053,5.842333995066482,False,True,positive,True,True
B,positive,2.0,8.0,2.0,1.0,0.1,0.0,4.0,0.8911983185895174,0.8923198097360175,-7.988129700456231,-7.74153615859597,0.00028017661513518274,0.8911977819916581,703.7442566090007,False,True,positive,True,True
B,positive,2.0,8.0,2.0,1.0,0.35,0.0,4.0,0.8911983185895174,2.3371923959158414,-7.988129700456231,-0.045062029087150374,0.193273234399171,0.6668701875923461,1.6247659017695641,False,True,positive,True,True
B,positive,2.0,8.0,2.0,1.0,0.75,0.0,4.0,0.8911983185895174,3.9985315684649523,-7.988129700456231,-0.0019551565516604803,0.9094884806874381,0.3755388083149289,1.7468627483823889,False,True,positive,True,True
B,positive,2.0,8.0,2.0,1.4,0.1,0.0,4.0,0.8923198097360175,0.8934749113455941,-7.74153615859597,-7.175852192764089,0.00028870114585234023,0.8923183029024347,684.7523928826118,False,True,positive,True,True
B,positive,2.0,8.0,2.0,1.4,0.35,0.0,4.0,0.8923198097360175,2.7813825309538847,-7.74153615859597,-0.016923339778858192,0.5648569624903692,0.47135062933512534,1.32113323833061,False,True,positive,True,True
B,positive,2.0,8.0,2.0,1.4,0.75,0.0,4.0,0.8923198097360175,4.399247249405042,-7.74153615859597,-0.0011030158072125747,0.9902906765477915,0.6181762449386669,1.7690744480819496,False,True,positive,True,True
B,positive,2.0,8.0,8.0,1.0,0.1,0.0,4.0,0.8921051968392327,0.8968455372599392,-7.952911651134831,-6.975092345598196,0.0011846731548950122,0.8920679812414427,637.7595514061331,False,True,positive,True,True
B,positive,2.0,8.0,8.0,1.0,0.35,0.0,4.0,0.8921051968392327,2.386424745727999,-7.952911651134831,-0.04251575825701364,0.4326580778271215,0.5610580271747444,4.52611873903372,False,True,positive,True,True
B,positive,2.0,8.0,8.0,1.0,0.75,0.0,4.0,0.8921051968392327,3.9996338932562896,-7.952911651134831,-0.0019535424451393763,0.8695875084533682,0.5957693473138341,7.090323898429121,False,True,positive,True,True
B,positive,2.0,8.0,8.0,1.4,0.1,0.0,4.0,0.8968455372599392,0.9021933721681243,-6.975092345598196,-4.733371301106254,0.0013363752571978387,0.8967963013962245,560.6397904629276,False,True,positive,True,True
B,positive,2.0,8.0,8.0,1.4,0.35,0.0,4.0,0.8968455372599392,2.795507715942737,-6.975092345598196,-0.016672496575587833,0.541217904258957,0.7741647386851854,5.535315992033636,False,True,positive,True,True
B,positive,2.0,8.0,8.0,1.4,0.75,0.0,4.0,0.8968455372599392,4.399812019839109,-6.975092345598196,-0.001102591445547595,0.9066349932161261,0.9286128166955833,7.181525017792816,False,True,positive,True,True
C,positive,0.5,2.0,2.0,1.0,0.1,0.0,4.0,0.8921051968392327,0.8927351107170282,-1.9882279127837077,-2.1768583190162785,0.00015772769867867706,0.8921046815070417,175.8344374597262,False,True,positive,True,True
C,positive,0.5,2.0,2.0,1.0,0.35,0.0,4.0,0.8921051968392327,0.894352155696072,-1.9882279127837077,-2.6487465782631725,0.0005615650275078456,0.8920972778106244,169.5661618927133,False,True,positive,True,True
C,positive,0.5,2.0,2.0,1.0,0.75,0.0,4.0,0.8921051968392327,0.8970576571663038,-1.9882279127837077,-3.4047270834505072,0.0012377668569248578,0.8920669972640698,159.5142933965918,False,True,positive,True,True
C,positive,0.5,2.0,2.0,1.4,0.1,0.0,4.0,0.8968455372599392,0.8975487392777932,-1.743773086399549,-1.9329356928271797,0.00017577790915644772,0.8968449434534497,156.90314922630697,False,True,positive,True,True
C,positive,0.5,2.0,2.0,1.4,0.35,0.0,4.0,0.8968455372599392,0.8993533293123103,-1.743773086399549,-2.406188909087396,0.0006270649243796737,0.8968362949436876,150.55174647569157,False,True,positive,True,True
C,positive,0.5,2.0,2.0,1.4,0.75,0.0,4.0,0.8968455372599392,0.9023986065891493,-1.743773086399549,-3.1644643981695184,0.0013876842518097184,0.8967982153710969,140.33162349087058,False,True,positive,True,True
C,positive,0.5,2.0,8.0,1.0,0.1,0.0,4.0,0.8957657998265345,0.8964246205462408,-1.9544722728223214,-2.14351236495279,0.00016469842093119698,0.8957653409246359,167.16352730586755,False,True,positive,True,True
C,positive,0.5,2.0,8.0,1.0,0.35,0.0,4.0,0.8957657998265345,0.8981188972468287,-1.9544722728223214,-2.6164385367065632,0.0005883508152378387,0.8957570521587433,161.07084300471823,False,True,positive,True,True
C,positive,0.5,2.0,8.0,1.0,0.75,0.0,4.0,0.8957657998265345,0.9009600404269542,-1.9544722728223214,-3.3741224829251375,0.001298233699183644,0.8957245257600471,151.2994546527644,False,True,positive,True,True
C,positive,0.5,2.0,8.0,1.4,0.1,0.0,4.0,0.9207105212784967,0.9218896761387513,-1.016893001554287,-1.2087003261773583,0.000294662825168523,0.9207080094110175,90.65525748702552,False,True,positive,True,True
C,positive,0.5,2.0,8.0,1.4,0.35,0.0,4.0,0.9207105212784967,0.9249853108918314,-1.016893001554287,-1.6887924990212961,0.001068372539346578,0.9206796810606362,84.02940303764494,False,True,positive,True,True
C,positive,0.5,2.0,8.0,1.4,0.75,0.0,4.0,0.9207105212784967,0.930466989511866,-1.016893001554287,-2.458772603241362,0.002435882431995927,0.9205526950722632,73.25815019391435,False,True,positive,True,True
C,positive,0.5,4.0,2.0,1.0,0.1,0.0,4.0,0.794154252024916,0.7942895164435235,-7.957533787037908,-8.134595956939423,3.403601616150671e-05,0.7941543580616518,902.3256391143921,False,True,positive,True,True
C,positive,0.5,4.0,2.0,1.0,0.35,0.0,4.0,0.794154252024916,0.7946366550307437,-7.957533787037908,-8.577326352075364,0.00012077629324482391,0.7941529235074798,894.414942549492,False,True,positive,True,True
C,positive,0.5,4.0,2.0,1.0,0.75,0.0,4.0,0.794154252024916,0.7951965869631089,-7.957533787037908,-9.285919539068892,0.00026061289823141613,0.7941514692168993,881.7834808515794,False,True,positive,True,True
C,positive,0.5,4.0,2.0,1.4,0.1,0.0,4.0,0.7950488636274048,0.795186876702556,-7.633212788134203,-7.810386187977953,3.4548961398273954e-05,0.795047954424327,881.1119134981349,False,True,positive,True,True
C,positive,0.5,4.0,2.0,1.4,0.35,0.0,4.0,0.7950488636274048,0.7955426520740916,-7.633212788134203,-8.253396310394843,0.00012366272237368124,0.7950464231157723,873.1634886146439,False,True,positive,True,True
C,positive,0.5,4.0,2.0,1.4,0.75,0.0,4.0,0.7950488636274048,0.7961138278295046,-7.633212788134203,-8.962442069922131,0.00026648619430165676,0.7950457760432257,860.5367493921929,False,True,positive,True,True
C,positive,0.5,4.0,8.0,1.0,0.1,0.0,4.0,0.7955319060880963,0.795673472365758,-7.831262378140525,-8.008496111600072,3.539128903942603e-05,0.7955318643755551,875.7847683043307,False,True,positive,True,True
C,positive,0.5,4.0,8.0,1.0,0.35,0.0,4.0,0.7955319060880963,0.7960303485100694,-7.831262378140525,-8.45165745040667,0.0001245781165271741,0.7955313119789391,867.9001926182772,False,True,positive,True,True
C,positive,0.5,4.0,8.0,1.0,0.75,0.0,4.0,0.7955319060880963,0.7966058509799635,-7.831262378140525,-9.160946301700688,0.00026859168969666164,0.7955303301528792,855.3173025293336,False,True,positive,True,True
C,positive,0.5,4.0,8.0,1.4,0.1,0.0,4.0,0.7993617279405136,0.7995184620022765,-6.542991747242313,-6.72070043504804,3.8998223803969025e-05,0.7993621251170276,790.4718576159122,False,True,positive,True,True
C,positive,0.5,4.0,8.0,1.4,0.35,0.0,4.0,0.7993617279405136,0.7999095774645386,-6.542991747242313,-7.165056756908597,0.00013703812876657328,0.7993621127921934,782.5396843776005,False,True,positive,True,True
C,positive,0.5,4.0,8.0,1.4,0.75,0.0,4.0,0.7993617279405136,0.8005484084841947,-6.542991747242313,-7.876280615643714,0.00029623923652266344,0.7993596133196913,769.7256401619879,False,True,positive,True,True
C,positive,0.5,8.0,2.0,1.0,0.1,0.0,4.0,0.7072334897931914,0.7072628247611821,-31.91425082598062,-32.07995577260721,7.192262661551563e-06,0.7072344176507125,4588.847678578714,False,True,positive,True,True
C,positive,0.5,8.0,2.0,1.0,0.35,0.0,4.0,0.7072334897931914,0.7073384098735848,-31.91425082598062,-32.4942361104287,2.6196145164724474e-05,0.7072337054951857,4578.955618235401,False,True,positive,True,True
C,positive,0.5,8.0,2.0,1.0,0.75,0.0,4.0,0.7072334897931914,0.7074583666190347,-31.91425082598062,-33.15713812678406,5.6267276050165726e-05,0.707233503287572,4563.301349199766,False,True,positive,True,True
C,positive,0.5,8.0,2.0,1.4,0.1,0.0,4.0,0.7074078218381186,0.7074392687986526,-31.520107894747447,-31.685836820329826,7.866140179802847e-06,0.7074076405708806,4564.84805521583,False,True,positive,True,True
C,positive,0.5,8.0,2.0,1.4,0.35,0.0,4.0,0.7074078218381186,0.7075154703872079,-31.520107894747447,-32.10017717561724,2.6710436404303567e-05,0.7074081660505137,4554.9176459335995,False,True,positive,True,True
C,positive,0.5,8.0,2.0,1.4,0.75,0.0,4.0,0.7074078218381186,0.7076345694459536,-31.520107894747447,-32.76317549368185,5.65279121133689e-05,0.7074082398096636,4539.450961469681,False,True,positive,True,True
C,positive,0.5,8.0,8.0,1.0,0.1,0.0,4.0,0.7076184813509151,0.7076500205975875,-31.657451963806462,-31.823209636409103,7.777859189788662e-06,0.7076177526117133,4542.32027952294,False,True,positive,True,True
C,positive,0.5,8.0,8.0,1.0,0.35,0.0,4.0,0.7076184813509151,0.7077243214075342,-31.657451963806462,-32.237621966419276,2.6302926813641458e-05,0.7076187791172651,4532.7001292563355,False,True,positive,True,True
C,positive,0.5,8.0,8.0,1.0,0.75,0.0,4.0,0.7076184813509151,0.7078464903762427,-31.657451963806462,-32.9007356589355,5.671036192405225e-05,0.7076187634504998,4516.904622511876,False,True,positive,True,True
C,positive,0.5,8.0,8.0,1.4,0.1,0.0,4.0,0.7083311297341454,0.7083611966683305,-30.082964474855025,-30.248819733151365,7.396130596081763e-06,0.7083310281138634,4447.155628141016,False,True,positive,True,True
C,positive,0.5,8.0,8.0,1.4,0.35,0.0,4.0,0.7083311297341454,0.7084358887086174,-30.082964474855025,-30.66347635168645,2.6718963951086024e-05,0.7083303896034514,4437.659755026561,False,True,positive,True,True
C,positive,0.5,8.0,8.0,1.4,0.75,0.0,4.0,0.7083311297341454,0.7085615950713179,-30.082964474855025,-31.32698199800329,5.748224094358424e-05,0.7083305122569633,4421.686392787777,False,True,positive,True,True
C,positive,1.0,2.0,2.0,1.0,0.1,0.0,4.0,1.0000003845481495,1.0013689550501645,-0.9999999999945286,-1.2000681050728212,0.0003421254811504098,0.9999973987619244,72.0547674929666,False,True,positive,True,True
C,positive,1.0,2.0,2.0,1.0,0.35,0.0,4.0,1.0000003845481495,1.0049494330286912,-0.9999999999945286,-1.7008515376764084,0.001236947566789085,0.9999680490839143,67.18188463163925,False,True,positive,True,True
C,positive,1.0,2.0,2.0,1.0,0.75,0.0,4.0,1.0000003845481495,1.0112288581485045,-0.9999999999945286,-2.5040491550594544,0.002804283877351551,0.9998350365615992,59.33932479778318,False,True,positive,True,True
C,positive,1.0,2.0,2.0,1.4,0.1,0.0,4.0,1.0122373329566596,1.0139872512429111,-0.8446869012686218,-1.0459889987894633,0.00043788422422730956,1.0122312547743157,55.36323968999197,False,True,positive,True,True
C,positive,1.0,2.0,2.0,1.4,0.35,0.0,4.0,1.0122373329566596,1.0186447792441944,-0.8446869012686218,-1.550026065654929,0.0016012899549594651,1.012179236796225,50.33033465823743,False,True,positive,True,True
C,positive,1.0,2.0,2.0,1.4,0.75,0.0,4.0,1.0122373329566596,1.027117327999558,-0.8446869012686218,-2.3590274894791596,0.003712705713212134,1.0119345013454606,42.16787086480478,False,True,positive,True,True
C,positive,1.0,2.0,8.0,1.0,0.1,0.0,4.0,1.0000004483408842,1.0012628808649502,-0.9999999999919597,-1.200062918411936,0.0003158035134270528,0.9999986328692372,78.21148121508435,False,True,positive,True,True
C,positive,1.0,2.0,8.0,1.0,0.35,0.0,4.0,1.0000004483408842,1.0045450038145216,-0.9999999999919597,-1.7007840539970496,0.0011358801025855966,0.9999753460815909,73.74436323057206,False,True,positive,True,True
C,positive,1.0,2.0,8.0,1.0,0.75,0.0,4.0,1.0000004483408842,1.0102071070453948,-0.9999999999919597,-2.5037053761245853,0.0025499844706430106,0.9998756094957044,66.61839394173693,False,True,positive,True,True
C,positive,1.0,2.0,8.0,1.4,0.1,0.0,4.0,1.0781620853460323,1.0841671338559709,-0.4536527972431404,-0.6614469321599774,0.0015008919947967982,1.0781091784091428,14.406867111163736,False,True,positive,True,True
C,positive,1.0,2.0,8.0,1.4,0.35,0.0,4.0,1.0781620853460323,1.1036355433478473,-0.4536527972431404,-1.183714062949524,0.006326679468726549,1.077256988478484,9.360217084726424,False,True,positive,True,True
C,positive,1.0,2.0,8.0,1.4,0.75,0.0,4.0,1.0781620853460323,1.193795389359359,-0.4536527972431404,-2.034026740926366,0.025646550983165727,1.065327253544398,1.2702565986034282,False,True,positive,True,True
C,positive,1.0,4.0,2.0,1.0,0.1,0.0,4.0,0.8915018211505342,0.891812745073762,-3.9881624653454755,-4.176707610971991,7.78807826878119e-05,0.8915010364204652,357.22802789967085,False,True,positive,True,True
C,positive,1.0,4.0,2.0,1.0,0.35,0.0,4.0,0.8915018211505342,0.8926004012470323,-3.9881624653454755,-4.648223948890837,0.00027477074369264764,0.8914997253936835,350.95839970043534,False,True,positive,True,True
C,positive,1.0,4.0,2.0,1.0,0.75,0.0,4.0,0.8915018211505342,0.8938929120657548,-3.9881624653454755,-5.403113571002349,0.0005978203408526522,0.8914920471472704,340.876413970092,False,True,positive,True,True
C,positive,1.0,4.0,2.0,1.4,0.1,0.0,4.0,0.8937854741188893,0.8941134426003788,-3.742268751389666,-3.9310698463725635,8.193002400719614e-05,0.8937853542225659,338.3373316336101,False,True,positive,True,True
C,positive,1.0,4.0,2.0,1.4,0.35,0.0,4.0,0.8937854741188893,0.894944421233351,-3.742268751389666,-4.40323387521407,0.0002899811895275522,0.8937829985346452,332.0175212229123,False,True,positive,True,True
C,positive,1.0,4.0,2.0,1.4,0.75,0.0,4.0,0.8937854741188893,0.8963055530909304,-3.742268751389666,-5.159183924833336,0.0006301954321822019,0.8937754468142654,321.8860291448641,False,True,positive,True,True
C,positive,1.0,4.0,8.0,1.0,0.1,0.0,4.0,0.8933185719106115,0.8936385639683407,-3.9534338609178867,-4.142182412718259,7.997358475979369e-05,0.893318201429505,348.16616477631715,False,True,positive,True,True
C,positive,1.0,4.0,8.0,1.0,0.35,0.0,4.0,0.8933185719106115,0.8944452356052808,-3.9534338609178867,-4.6142106586319525,0.0002815936613322175,0.8933171985537635,341.97766474644067,False,True,positive,True,True
C,positive,1.0,4.0,8.0,1.0,0.75,0.0,4.0,0.8933185719106115,0.895769443852361,-3.9534338609178867,-5.3699296664511245,0.0006125076936292516,0.8933093340949562,332.0275703587747,False,True,positive,True,True
C,positive,1.0,4.0,8.0,1.4,0.1,0.0,4.0,0.9035925603240313,0.9039962142080739,-2.9878253583719965,-3.1777185400960657,0.00010091533269627472,0.9035922078836615,272.3351847907122,False,True,positive,True,True
C,positive,1.0,4.0,8.0,1.4,0.35,0.0,4.0,0.9035925603240313,0.9050187781928802,-2.9878253583719965,-3.6526479207813374,0.0003564136753759059,0.9035899876889291,265.95181762175173,False,True,positive,True,True
C,positive,1.0,4.0,8.0,1.4,0.75,0.0,4.0,0.9035925603240313,0.906708679360629,-2.9878253583719965,-4.413131483879949,0.0007789774850680087,0.9035768982877787,255.67960925538068,False,True,positive,True,True
C,positive,1.0,8.0,2.0,1.0,0.1,0.0,4.0,0.7939263997266038,0.7939933740289217,-15.957487115264056,-16.134516794353623,1.6871391709140897e-05,0.7939263487676648,1816.7014903710967,False,True,positive,True,True
C,positive,1.0,8.0,2.0,1.0,0.35,0.0,4.0,0.7939263997266038,0.7941655565732122,-15.957487115264056,-16.577128229132512,5.969811062886423e-05,0.7939266736074426,1808.78683508234,False,True,positive,True,True
C,positive,1.0,8.0,2.0,1.0,0.75,0.0,4.0,0.7939263997266038,0.7944436075965939,-15.957487115264056,-17.28541758653729,0.00012932013517302443,0.7939250233082925,1796.0668729964061,False,True,positive,True,True
C,positive,1.0,8.0,2.0,1.4,0.1,0.0,4.0,0.7943687118406748,0.7944382768107159,-15.632804910728085,-15.809889586087328,1.7237181853679052e-05,0.7943690918435222,1795.4206417257033,False,True,positive,True,True
C,positive,1.0,8.0,2.0,1.4,0.35,0.0,4.0,0.7943687118406748,0.7946107968240788,-15.632804910728085,-16.252638907209548,6.040675251957357e-05,0.7943684719804923,1787.5711506794537,False,True,positive,True,True
C,positive,1.0,8.0,2.0,1.4,0.75,0.0,4.0,0.7943687118406748,0.7948912391719204,-15.632804910728085,-16.961150093198064,0.0001306461708827425,0.7943677800385882,1774.8690343019216,False,True,positive,True,True
C,positive,1.0,8.0,8.0,1.0,0.1,0.0,4.0,0.7946114788949405,0.7946777805144454,-15.830509532704943,-16.007624173508724,1.6631797085502027e-05,0.7946104696861611,1790.0515458986258,False,True,positive,True,True
C,positive,1.0,8.0,8.0,1.0,0.35,0.0,4.0,0.7946114788949405,0.7948521415375561,-15.830509532704943,-16.450448502865914,6.052922297713222e-05,0.7946093542474827,1782.158682835151,False,True,positive,True,True
C,positive,1.0,8.0,8.0,1.0,0.75,0.0,4.0,0.7946114788949405,0.795132585016176,-15.830509532704943,-17.159079983532056,0.0001307985849102381,0.7946088910250998,1769.527340047954,False,True,positive,True,True
C,positive,1.0,8.0,8.0,1.4,0.1,0.0,4.0,0.7964371848710129,0.79651157950215,-14.536162711928094,-14.71350437697655,1.828379913478551e-05,0.7964372012503099,1704.9832117141557,False,True,positive,True,True
C,positive,1.0,8.0,8.0,1.4,0.35,0.0,4.0,0.7964371848710129,0.7966913258229883,-14.536162711928094,-15.156897985314481,6.391030358142206e-05,0.7964370733007732,1697.1752786151499,False,True,positive,True,True
C,positive,1.0,8.0,8.0,1.4,0.75,0.0,4.0,0.7964371848710129,0.7969856111072774,-14.536162711928094,-15.866445477686451,0.00013688573908143215,0.7964382369438674,1684.4489605554934,False,True,positive,True,True
C,positive,2.0,2.0,2.0,1.0,0.1,0.0,4.0,1.1149631056626161,1.1175817475643335,-0.4859413830372247,-0.6969289910124981,0.0006548088260083017,1.1149554539619997,33.36911130580289,False,True,positive,True,True
C,positive,2.0,2.0,2.0,1.0,0.35,0.0,4.0,1.1149631056626161,1.1246356166819664,-0.4859413830372247,-1.2254628543116883,0.0024168528986831138,1.114860281409751,29.722890174521474,False,True,positive,True,True
C,positive,2.0,2.0,2.0,1.0,0.75,0.0,4.0,1.1149631056626161,1.1378275539122438,-0.4859413830372247,-2.0746413545309967,0.005700322037263758,1.1144038050967902,23.892452601561864,False,True,positive,True,True
C,positive,2.0,2.0,2.0,1.4,0.1,0.0,4.0,1.1443691840744186,1.148729477633465,-0.4286575689824439,-0.6423096993117268,0.0010898448171352303,1.1443476401748227,19.159224498011362,False,True,positive,True,True
C,positive,2.0,2.0,2.0,1.4,0.35,0.0,4.0,1.1443691840744186,1.1612602679126718,-0.4286575689824439,-1.1782229303762675,0.00421479216346881,1.1440377384928153,15.348463230231152,False,True,positive,True,True
C,positive,2.0,2.0,2.0,1.4,0.75,0.0,4.0,1.1443691840744186,1.1894927189650968,-0.4286575689824439,-2.0423143658572642,0.011126483112292206,1.1421527356690817,9.09655033134019,False,True,positive,True,True
C,positive,2.0,2.0,8.0,1.0,0.1,0.0,4.0,1.099883018863401,1.1016805517631996,-0.4516865720208396,-0.6612809579753947,0.00044937808848416813,1.0998799706532403,49.79725788002085,False,True,positive,True,True
C,positive,2.0,2.0,8.0,1.0,0.35,0.0,4.0,1.099883018863401,1.1063671920653904,-0.4516865720208396,-1.1859955579224288,0.0016207788695762305,1.0998437412627202,46.6629662288345,False,True,positive,True,True
C,positive,2.0,2.0,8.0,1.0,0.75,0.0,4.0,1.099883018863401,1.114503503875009,-0.4516865720208396,-2.0278317726950568,0.0036524949210958147,1.0996882599380524,41.74001991511916,False,True,positive,True,True
C,positive,2.0,2.0,8.0,1.4,0.1,0.0,4.0,1.2503700835323328,1.2611054811166316,-0.2968495725308343,-0.5195191848612265,0.0026837882751910673,1.2503204489990158,7.062794629922867,False,True,positive,True,True
C,positive,2.0,2.0,8.0,1.4,0.35,0.0,4.0,1.2503700835323328,1.29072602490867,-0.2968495725308343,-1.080071033932875,0.010098134703630638,1.2498007258982657,6.087878631099592,False,True,positive,True,True
C,positive,2.0,2.0,8.0,1.4,0.75,0.0,4.0,1.2503700835323328,1.3427698124132594,-0.2968495725308343,-1.9893605480911214,0.023246299652163793,1.2485190957350956,5.5550004865149845,False,True,positive,True,True
C,positive,2.0,4.0,2.0,1.0,0.1,0.0,4.0,0.9999998688147983,1.0006886074228856,-1.9999999999987441,-2.2000343859568696,0.00017214191599211257,0.9999996363671478,144.03016392076708,False,True,positive,True,True
C,positive,2.0,4.0,2.0,1.0,0.35,0.0,4.0,0.9999998688147983,1.002454221682184,-1.9999999999987441,-2.700425601117346,0.0006134266215001926,0.9999918014183883,139.08578010414664,False,True,positive,True,True
C,positive,2.0,4.0,2.0,1.0,0.75,0.0,4.0,0.9999998688147983,1.0054038532485579,-1.9999999999987441,-3.5019879185750744,0.0013504607429628925,0.9999605380207678,131.1589197389313,False,True,positive,True,True
C,positive,2.0,4.0,2.0,1.4,0.1,0.0,4.0,1.0058183044737705,1.006594230692269,-1.8422801689647805,-2.0428987212631635,0.00019382753700074957,1.005817175612141,127.27655437017214,False,True,positive,True,True
C,positive,2.0,4.0,2.0,1.4,0.35,0.0,4.0,1.0058183044737705,1.008583339662445,-1.8422801689647805,-2.544786802772588,0.0006911069057117992,1.0058076427059834,122.26336124706545,False,True,positive,True,True
C,positive,2.0,4.0,2.0,1.4,0.75,0.0,4.0,1.0058183044737705,1.0119317370621976,-1.8422801689647805,-3.348861199681652,0.001527916052046764,1.0057663492282336,114.20883995670216,False,True,positive,True,True
C,positive,2.0,4.0,8.0,1.0,0.1,0.0,4.0,1.000000605303413,1.0006624490948322,-1.9999999999721547,-2.2000330173150817,0.00016549595028198658,0.9999996550635473,150.10833209788157,False,True,positive,True,True
C,positive,2.0,4.0,8.0,1.0,0.35,0.0,4.0,1.000000605303413,1.0023513910928306,-1.9999999999721547,-2.7004082983650344,0.0005878029913828648,0.9999932204265515,145.38386487004342,False,True,positive,True,True
C,positive,2.0,4.0,8.0,1.0,0.75,0.0,4.0,1.000000605303413,1.0051657430056267,-1.9999999999721547,-3.5019041916934066,0.001291192405953738,0.9999658357820965,137.81499306360791,False,True,positive,True,True
C,positive,2.0,4.0,8.0,1.4,0.1,0.0,4.0,1.0274820753009035,1.0286210825969024,-1.3998458707947163,-1.6026120446685612,0.00028475610621744613,1.0274797882357387,84.21996426766184,False,True,positive,True,True
C,positive,2.0,4.0,8.0,1.4,0.35,0.0,4.0,1.0274820753009035,1.0315943826062761,-1.3998458707947163,-2.1100237483941693,0.0010281842892403742,1.027456307569265,79.19423741118639,False,True,positive,True,True
C,positive,2.0,4.0,8.0,1.4,0.75,0.0,4.0,1.0274820753009035,1.036741493433089,-1.3998458707947163,-2.923443913713144,0.0023137095678022316,1.0273608107972911,71.09766672903908,False,True,positive,True,True
C,positive,2.0,8.0,2.0,1.0,0.1,0.0,4.0,0.8911983185895174,0.8913546713991968,-7.988129700456231,-8.176632400980775,3.915046398578615e-05,0.8911983797303352,720.0682376339684,False,True,positive,True,True
C,positive,2.0,8.0,2.0,1.0,0.35,0.0,4.0,0.8911983185895174,0.8917440890046614,-7.988129700456231,-8.64796523980061,0.0001364077980879462,0.8911988732123565,713.7874747314149,False,True,positive,True,True
C,positive,2.0,8.0,2.0,1.0,0.75,0.0,4.0,0.8911983185895174,0.892375386927896,-7.988129700456231,-9.402325685961015,0.0002940829899424033,0.8911969668109113,703.7058480704267,False,True,positive,True,True
C,positive,2.0,8.0,2.0,1.4,0.1,0.0,4.0,0.8923198097360175,0.8924806513248608,-7.74153615859597,-7.930164459624434,3.9656222243484556e-05,0.8923217494423589,701.191614871946,False,True,positive,True,True
C,positive,2.0,8.0,2.0,1.4,0.35,0.0,4.0,0.8923198097360175,0.8928796504215606,-7.74153615859597,-8.401813164892644,0.0001399183671272816,0.8923207301496107,694.8979845847604,False,True,positive,True,True
C,positive,2.0,8.0,2.0,1.4,0.75,0.0,4.0,0.8923198097360175,0.8935272913856614,-7.74153615859597,-9.15668464516316,0.0003014436339412779,0.8923190485933611,684.7852151764806,False,True,positive,True,True
C,positive,2.0,8.0,8.0,1.0,0.1,0.0,4.0,0.8921051968392327,0.8922619591547417,-7.952911651134831,-8.141515666752968,3.921665275912628e-05,0.8921048178513246,710.8249864924654,False,True,positive,True,True
C,positive,2.0,8.0,8.0,1.0,0.35,0.0,4.0,0.8921051968392327,0.8926577510630137,-7.952911651134831,-8.613102637015379,0.0001383678164393776,0.8921037702332762,704.5557892896255,False,True,positive,True,True
C,positive,2.0,8.0,8.0,1.0,0.75,0.0,4.0,0.8921051968392327,0.8932950320893512,-7.952911651134831,-9.367872229757442,0.00029744498163442084,0.8921027144977036,694.5654638001172,False,True,positive,True,True
C,positive,2.0,8.0,8.0,1.4,0.1,0.0,4.0,0.8968455372599392,0.8970216258641924,-6.975092345598196,-7.1642257067087725,4.417292376116947e-05,0.8968450080356792,635.2046180762414,False,True,positive,True,True
C,positive,2.0,8.0,8.0,1.4,0.35,0.0,4.0,0.8968455372599392,0.8974608110421428,-6.975092345598196,-7.637144356532045,0.00015373406247227612,0.896845351497331,628.873341773327,False,True,positive,True,True
C,positive,2.0,8.0,8.0,1.4,0.75,0.0,4.0,0.8968455372599392,0.8981727674635689,-6.975092345598196,-8.394069826784328,0.0003315520779652033,0.8968436206589899,618.7249090245186,False,True,positive,True,True
D,positive,0.5,2.0,2.0,1.0,0.1,0.0,4.0,0.8921051968392327,0.8946892966400294,-1.9882279127837077,-1.9431328199206401,0.000645832268544127,0.892094829036932,168.3121611365779,False,True,positive,True,True
D,positive,0.5,2.0,2.0,1.0,0.35,0.0,4.0,0.8921051968392327,0.9018546042691309,-1.9882279127837077,-1.8357446682914855,0.0024347720235460978,0.8919612792022025,143.04260935136867,False,True,positive,True,True
D,positive,0.5,2.0,2.0,1.0,0.75,0.0,4.0,0.8921051968392327,1.740054118054183,-1.9882279127837077,-1.1854728203265004,0.1851747035240994,0.7014944944324388,1.220658840098597,False,True,positive,True,True
D,positive,0.5,2.0,2.0,1.4,0.1,0.0,4.0,0.8968455372599392,0.8997309548921439,-1.743773086399549,-1.700860905807792,0.0007212814775052316,0.8968332703521874,149.2770562634953,False,True,positive,True,True
D,positive,0.5,2.0,2.0,1.4,0.35,0.0,4.0,0.8968455372599392,0.9078647294833426,-1.743773086399549,-1.5995737107275456,0.002751065802266849,0.8966588721941072,123.53748811959674,False,True,positive,True,True
D,positive,0.5,2.0,2.0,1.4,0.75,0.0,4.0,0.8968455372599392,2.0846829806971363,-1.743773086399549,-1.759351705376904,0.36803733403658573,0.6368033039881613,1.8996631215557287,False,True,positive,True,True
D,positive,0.5,2.0,8.0,1.0,0.1,0.0,4.0,0.8957657998265345,0.8984726085119263,-1.9544722728223214,-1.9110397918893673,0.0006765783714976006,0.8957551351113379,159.8508889590567,False,True,positive,True,True
D,positive,0.5,2.0,8.0,1.0,0.35,0.0,4.0,0.8957657998265345,0.905997638407676,-1.9544722728223214,-1.8080475177927133,0.0025553484798056074,0.8956116374144943,135.3485129433605,False,True,positive,True,True
D,positive,0.5,2.0,8.0,1.0,0.75,0.0,4.0,0.8957657998265345,0.9213182830935908,-1.9544722728223214,-1.6628082157944593,0.006344070963857781,0.8948419012626552,95.39948387769701,False,True,positive,True,True
D,positive,0.5,2.0,8.0,1.4,0.1,0.0,4.0,0.9207105212784967,0.9256406970285681,-1.016893001554287,-0.9848976316822172,0.0012319043147666952,0.9206700156241886,82.69644591346479,False,True,positive,True,True
D,positive,0.5,2.0,8.0,1.4,0.35,0.0,4.0,0.9207105212784967,0.9413585126221042,-1.016893001554287,-0.9155277772940952,0.00513059466786844,0.9200208904455454,55.13117708171979,False,True,positive,True,True
D,positive,0.5,2.0,8.0,1.4,0.75,0.0,4.0,0.9207105212784967,1.5780781147971972,-1.016893001554287,-1.3691765267062381,0.2051859335588102,0.7832151010608426,5.199128848224112,False,True,positive,True,True
D,positive,0.5,4.0,2.0,1.0,0.1,0.0,4.0,0.794154252024916,0.7947119593277754,-7.957533787037908,-7.865483065485693,0.00013978690535371643,0.7941532797958034,892.7811681774078,False,True,positive,True,True
D,positive,0.5,4.0,2.0,1.0,0.35,0.0,4.0,0.794154252024916,0.7961465680465286,-7.957533787037908,-7.636605907903991,0.0004980340565631477,0.7941475260352674,860.9596430501097,False,True,positive,True,True
D,positive,0.5,4.0,2.0,1.0,0.75,0.0,4.0,0.794154252024916,0.7985503063625993,-7.957533787037908,-7.27424101263739,0.0010987105715236309,0.7941209398695798,809.8363348053437,False,True,positive,True,True
D,positive,0.5,4.0,2.0,1.4,0.1,0.0,4.0,0.7950488636274048,0.7956195742874779,-7.633212788134203,-7.5416151965264575,0.00014301407457548054,0.795046906357292,871.5271094135128,False,True,positive,True,True
D,positive,0.5,4.0,2.0,1.4,0.35,0.0,4.0,0.7950488636274048,0.7970871692318867,-7.633212788134203,-7.3138986341984245,0.000509781218441774,0.7950409441299001,839.6300427720928,False,True,positive,True,True
D,positive,0.5,4.0,2.0,1.4,0.75,0.0,4.0,0.7950488636274048,2.0528472456961024,-7.633212788134203,-1.7848310091112034,0.2845570070654394,0.49665525834949437,1.923557950547437,False,True,positive,True,True
D,positive,0.5,4.0,8.0,1.0,0.1,0.0,4.0,0.7955319060880963,0.796109147531701,-7.831262378140525,-7.739909820899286,0.00014434942769379233,0.7955312372422977,866.2396813913844,False,True,positive,True,True
D,positive,0.5,4.0,8.0,1.0,0.35,0.0,4.0,0.7955319060880963,0.7975848150866026,-7.831262378140525,-7.5128120394825215,0.0005131913816921312,0.7955253416875463,834.5246950301716,False,True,positive,True,True
D,positive,0.5,4.0,8.0,1.0,0.75,0.0,4.0,0.7955319060880963,0.8000607955674773,-7.831262378140525,-7.153402290046735,0.001132047364500019,0.795497335506499,783.566189998061,False,True,positive,True,True
D,positive,0.5,4.0,8.0,1.4,0.1,0.0,4.0,0.7993617279405136,0.7999990546106936,-6.542991747242313,-6.453574028910876,0.0001591233972258881,0.7993614927251199,780.8015127673192,False,True,positive,True,True
D,positive,0.5,4.0,8.0,1.4,0.35,0.0,4.0,0.7993617279405136,0.8016316042625509,-6.542991747242313,-6.231441180195388,0.0005675875335071533,0.7993526132976706,748.6514500651234,False,True,positive,True,True
D,positive,0.5,4.0,8.0,1.4,0.75,0.0,4.0,0.7993617279405136,0.8043891300033,-6.542991747242313,-5.880388154501384,0.0012562003038790338,0.7993180856650975,696.9002766447416,False,True,positive,True,True
D,positive,0.5,8.0,2.0,1.0,0.1,0.0,4.0,0.7072334897931914,0.707357366952045,-31.91425082598062,-31.775728263553976,3.088522969645071e-05,0.707234120800862,4576.613745934148,False,True,positive,True,True
D,positive,0.5,8.0,2.0,1.0,0.35,0.0,4.0,0.7072334897931914,0.7076673020534622,-31.91425082598062,-31.429728025968995,0.00010829540705366639,0.7072335852905397,4536.622602505658,False,True,positive,True,True
D,positive,0.5,8.0,2.0,1.0,0.75,0.0,4.0,0.7072334897931914,0.7081684760397273,-31.91425082598062,-30.87704465851763,0.000234005538124872,0.7072320315377945,4472.598814047506,False,True,positive,True,True
D,positive,0.5,8.0,2.0,1.4,0.1,0.0,4.0,0.7074078218381186,0.7075327155384701,-31.520107894747447,-31.3816842621063,3.123790824067043e-05,0.7074080777198616,4552.818729653279,False,True,positive,True,True
D,positive,0.5,8.0,2.0,1.4,0.35,0.0,4.0,0.7074078218381186,0.7078447540820887,-31.520107894747447,-31.035932796103353,0.00010884904425075496,0.707408444655765,4512.727559121003,False,True,positive,True,True
D,positive,0.5,8.0,2.0,1.4,0.75,0.0,4.0,0.7074078218381186,1.9429530704150397,-31.520107894747447,-1.8463580269008006,0.16484909095639544,0.5153573279505591,1.1474256865319576,False,True,positive,True,True
D,positive,0.5,8.0,8.0,1.0,0.1,0.0,4.0,0.7076184813509151,0.707741702020642,-31.657451963806462,-31.51914693326463,3.1190460589319415e-05,0.7076178179347385,4530.594859114686,False,True,positive,True,True
D,positive,0.5,8.0,8.0,1.0,0.35,0.0,4.0,0.7076184813509151,0.7080563214094021,-31.657451963806462,-31.173693324270896,0.00010939109553762318,0.707618159197351,4490.376815453733,False,True,positive,True,True
D,positive,0.5,8.0,8.0,1.0,0.75,0.0,4.0,0.7076184813509151,0.7085611497339538,-31.657451963806462,-30.621892980702576,0.00023564529842961033,0.7076173652184314,4426.517573616088,False,True,positive,True,True
D,positive,0.5,8.0,8.0,1.4,0.1,0.0,4.0,0.7083311297341454,0.7084555041751147,-30.082964474855025,-29.94506202148419,3.127490324892546e-05,0.7083307652149707,4435.299146345773,False,True,positive,True,True
D,positive,0.5,8.0,8.0,1.4,0.35,0.0,4.0,0.7083311297341454,0.7087747039279731,-30.082964474855025,-29.60062085343173,0.00011135253666715948,0.7083296827005836,4395.222303443758,False,True,positive,True,True
D,positive,0.5,8.0,8.0,1.4,0.75,0.0,4.0,0.7083311297341454,0.7092943327526277,-30.082964474855025,-29.050458640143447,0.0002410701255349358,0.7083276767078331,4330.631748358511,False,True,positive,True,True
D,positive,1.0,2.0,2.0,1.0,0.1,0.0,4.0,1.0000003845481495,1.0056945662446077,-0.9999999999945286,-1.001116913905295,0.0014232394475064583,0.9999576947719224,66.20449129314986,False,True,positive,True,True
D,positive,1.0,2.0,2.0,1.0,0.35,0.0,4.0,1.0000003845481495,1.0233709563611666,-0.9999999999945286,-1.0150433731602038,0.0058160061508848405,0.9993014934914216,46.40273443179464,False,True,positive,True,True
D,positive,1.0,2.0,2.0,1.0,0.75,0.0,4.0,1.0000003845481495,1.7422251948588303,-0.9999999999945286,-1.1848287222127396,0.1627908200116256,0.8407997536683474,1.3822871911681234,False,True,positive,True,True
D,positive,1.0,2.0,2.0,1.4,0.1,0.0,4.0,1.0122373329566596,1.0196313730426945,-0.8446869012686218,-0.8509740068700853,0.0018475428124916904,1.0121604820007366,49.31225369819927,False,True,positive,True,True
D,positive,1.0,2.0,2.0,1.4,0.35,0.0,4.0,1.0122373329566596,1.0451067698937426,-0.8446869012686218,-0.8817264128802437,0.008131126760585456,1.0108191987484079,28.377834709797053,False,True,positive,True,True
D,positive,1.0,2.0,2.0,1.4,0.75,0.0,4.0,1.0122373329566596,2.0848566094025065,-0.8446869012686218,-1.75927752769624,0.3281379541719685,0.7869337205399188,1.919303134217046,False,True,positive,True,True
D,positive,1.0,2.0,8.0,1.0,0.1,0.0,4.0,1.0000004483408842,1.0052237943793234,-0.9999999999919597,-1.0010276658455386,0.001305639057342435,0.9999673405772381,72.85117021323994,False,True,positive,True,True
D,positive,1.0,2.0,8.0,1.0,0.35,0.0,4.0,1.0000004483408842,1.0207608508266375,-0.9999999999919597,-1.0135892911832203,0.0051758688014979706,0.9994960236465681,55.077550931021186,False,True,positive,True,True
D,positive,1.0,2.0,8.0,1.0,0.75,0.0,4.0,1.0000004483408842,1.0598355606727927,-0.9999999999919597,-1.0733588049073108,0.014625259046564445,0.9962777453023581,27.051705978133626,False,True,positive,True,True
D,positive,1.0,2.0,8.0,1.4,0.1,0.0,4.0,1.0781620853460323,1.1088556900710547,-0.4536527972431404,-0.48879024648173236,0.007598718163552748,1.0768634905560317,8.291074032318303,False,True,positive,True,True
D,positive,1.0,2.0,8.0,1.4,0.35,0.0,4.0,1.0781620853460323,1.402877730464791,-0.4536527972431404,-0.7190616478850864,0.09212846592580894,1.0328298170601904,1.7651743329775935,False,True,positive,True,True
D,positive,1.0,2.0,8.0,1.4,0.75,0.0,4.0,1.0781620853460323,1.5802643655511692,-0.4536527972431404,-1.3670977845406433,0.13558501620651964,1.0906604594862153,1.1632137223474093,False,True,positive,True,True
D,positive,1.0,4.0,2.0,1.0,0.1,0.0,4.0,0.8915018211505342,0.8927649728039665,-3.9881624653454755,-3.942505162355585,0.00031612548977167607,0.8914985944371671,349.68856641098733,False,True,positive,True,True
D,positive,1.0,4.0,2.0,1.0,0.35,0.0,4.0,0.8915018211505342,0.8960847364245211,-3.9881624653454755,-3.8309075335990905,0.001145506446121869,0.8914685824388048,324.4498756880035,False,True,positive,True,True
D,positive,1.0,4.0,2.0,1.0,0.75,0.0,4.0,0.8915018211505342,0.9019439179207404,-3.9881624653454755,-3.6604625974215748,0.0026073217625927547,0.8913364222680332,283.71649232966377,False,True,positive,True,True
D,positive,1.0,4.0,2.0,1.4,0.1,0.0,4.0,0.8937854741188893,0.8951160818859951,-3.742268751389666,-3.697649294003841,0.00033277923574264216,0.8937828492065419,330.7525908996653,False,True,positive,True,True
D,positive,1.0,4.0,2.0,1.4,0.35,0.0,4.0,0.8937854741188893,0.8986237265225955,-3.742268751389666,-3.5887804447646223,0.001209398566293638,0.8937489030304254,305.3340872671403,False,True,positive,True,True
D,positive,1.0,4.0,2.0,1.4,0.75,0.0,4.0,0.8937854741188893,2.053085956620136,-3.742268751389666,-1.7847418045275127,0.2617999820303886,0.6208185242631253,1.9309086795336867,False,True,positive,True,True
D,positive,1.0,4.0,8.0,1.0,0.1,0.0,4.0,0.8933185719106115,0.8946129093729732,-3.9534338609178867,-3.9085974497346956,0.00032343104689687365,0.8933165003738307,340.731170837242,False,True,positive,True,True
D,positive,1.0,4.0,8.0,1.0,0.35,0.0,4.0,0.8933185719106115,0.8980123899772422,-3.9534338609178867,-3.799108614555292,0.0011732978912257822,0.8932853022577744,315.8489948351242,False,True,positive,True,True
D,positive,1.0,4.0,8.0,1.0,0.75,0.0,4.0,0.8933185719106115,0.9040247251826874,-3.9534338609178867,-3.6322249045660455,0.0026735287409736116,0.8931465591431272,275.70219009839565,False,True,positive,True,True
D,positive,1.0,4.0,8.0,1.4,0.1,0.0,4.0,0.9035925603240313,0.9052310059993729,-2.9878253583719965,-2.9476349906381882,0.00040936442398495154,0.9035888219802276,264.66709489861955,False,True,positive,True,True
D,positive,1.0,4.0,8.0,1.4,0.35,0.0,4.0,0.9035925603240313,0.9096116093313089,-2.9878253583719965,-2.8504470177851586,0.001504044664678301,0.9035350815506726,238.89471688013657,False,True,positive,True,True
D,positive,1.0,4.0,8.0,1.4,0.75,0.0,4.0,0.9035925603240313,0.9176694543151915,-2.9878253583719965,-2.7057176072480065,0.0035109694000363422,0.903283382031992,196.92429336251934,False,True,positive,True,True
D,positive,1.0,8.0,2.0,1.0,0.1,0.0,4.0,0.7939263997266038,0.7942043355032862,-15.957487115264056,-15.865251290040247,6.940645848126342e-05,0.7939264653176044,1807.0800258073116,False,True,positive,True,True
D,positive,1.0,8.0,2.0,1.0,0.35,0.0,4.0,0.7939263997266038,0.7949069197287846,-15.957487115264056,-15.635277815905136,0.0002450673124372365,0.7939249837330227,1775.3083283088588,False,True,positive,True,True
D,positive,1.0,8.0,2.0,1.0,0.75,0.0,4.0,0.7939263997266038,0.7960564857220759,-15.957487115264056,-15.269180622195046,0.0005325067253926404,0.7939183371067121,1724.367507861016,False,True,positive,True,True
D,positive,1.0,8.0,2.0,1.4,0.1,0.0,4.0,0.7943687118406748,0.7946512432545887,-15.632804910728085,-15.540792555306313,7.03523116620324e-05,0.794368035414971,1785.803306500637,False,True,positive,True,True
D,positive,1.0,8.0,2.0,1.4,0.35,0.0,4.0,0.7943687118406748,0.7953615228473603,-15.632804910728085,-15.311384405117263,0.0002482504774632532,0.7943662101486382,1754.0012242461323,False,True,positive,True,True
D,positive,1.0,8.0,2.0,1.4,0.75,0.0,4.0,0.7943687118406748,1.9438748858765038,-15.632804910728085,-1.8461857663762795,0.15351885019037648,0.6158834717974433,1.1599823455965352,False,True,positive,True,True
D,positive,1.0,8.0,8.0,1.0,0.1,0.0,4.0,0.7946114788949405,0.7948914820084566,-15.830509532704943,-15.738618763370877,7.043420315345844e-05,0.794609106364018,1780.4530350610596,False,True,positive,True,True
D,positive,1.0,8.0,8.0,1.0,0.35,0.0,4.0,0.7946114788949405,0.7956042245015001,-15.830509532704943,-15.509516085624117,0.00024858763820348294,0.7946084836147668,1748.7138937495058,False,True,positive,True,True
D,positive,1.0,8.0,8.0,1.0,0.75,0.0,4.0,0.7946114788949405,0.7967691212975913,-15.830509532704943,-15.144837233268316,0.0005397814964364575,0.7946027001463158,1697.8996607482782,False,True,positive,True,True
D,positive,1.0,8.0,8.0,1.4,0.1,0.0,4.0,0.7964371848710129,0.7967332934460145,-14.536162711928094,-14.445194366587263,7.411701289574919e-05,0.7964376641644684,1695.4238265900206,False,True,positive,True,True
D,positive,1.0,8.0,8.0,1.4,0.35,0.0,4.0,0.7964371848710129,0.7974787383002839,-14.536162711928094,-14.218426150627648,0.0002603485546999021,0.7964368902643405,1663.561767552506,False,True,positive,True,True
D,positive,1.0,8.0,8.0,1.4,0.75,0.0,4.0,0.7964371848710129,0.7987053820852712,-14.536162711928094,-13.857570118054689,0.0005666424476802229,0.7964285127179087,1612.2432809041288,False,True,positive,True,True
D,positive,2.0,2.0,2.0,1.0,0.1,0.0,4.0,1.1149631056626161,1.1261872101231625,-0.4859413830372247,-0.5314181848981677,0.0028039781858375666,1.114824162442191,28.954505839591935,False,True,positive,True,True
D,positive,2.0,2.0,2.0,1.0,0.35,0.0,4.0,1.1149631056626161,1.1682550255902338,-0.4859413830372247,-0.6666555161090589,0.013111061947565944,1.1121304600163662,14.186085874225503,False,True,positive,True,True
D,positive,2.0,2.0,2.0,1.0,0.75,0.0,4.0,1.1149631056626161,1.7463507856772955,-0.4859413830372247,-1.1835682588173484,0.14811291300393614,0.9930548481168922,0.6850024122214287,False,True,positive,True,True
D,positive,2.0,2.0,2.0,1.4,0.1,0.0,4.0,1.1443691840744186,1.1642536346853503,-0.4286575689824439,-0.4858617434708605,0.004957898675308729,1.1439097282448372,14.522103037704047,False,True,positive,True,True
D,positive,2.0,2.0,2.0,1.4,0.35,0.0,4.0,1.1443691840744186,1.6682249009000445,-0.4286575689824439,-0.7330048263249185,0.1170432291888541,1.0420897087680985,0.7708626550483842,False,True,positive,True,True
D,positive,2.0,2.0,2.0,1.4,0.75,0.0,4.0,1.1443691840744186,2.0852027349077504,-0.4286575689824439,-1.759129394157639,0.27840168002898086,1.0328993096345251,1.5324181531120442,False,True,positive,True,True
D,positive,2.0,2.0,8.0,1.0,0.1,0.0,4.0,1.099883018863401,1.1073586024288515,-0.4516865720208396,-0.491102470838864,0.0018685846670170629,1.0998307406630217,46.01237306717833,False,True,positive,True,True
D,positive,2.0,2.0,8.0,1.0,0.35,0.0,4.0,1.099883018863401,1.129944332893993,-0.4516865720208396,-0.602730015113955,0.00749329716770208,1.0990899991538416,33.89660588942448,False,True,positive,True,True
D,positive,2.0,2.0,8.0,1.0,0.75,0.0,4.0,1.099883018863401,1.1870834998414985,-0.4516865720208396,-0.8338081205241458,0.021376922905370972,1.0942822762402227,17.102413311182715,False,True,positive,True,True
D,positive,2.0,2.0,8.0,1.4,0.1,0.0,4.0,1.2503700835323328,1.297910297960162,-0.2968495725308343,-0.3934670251219423,0.011899269458124506,1.2495952508571546,5.911100874686296,False,True,positive,True,True
D,positive,2.0,2.0,8.0,1.4,0.35,0.0,4.0,1.2503700835323328,1.427852162212612,-0.2968495725308343,-0.7036965849611421,0.04514731671217682,1.2480894295564025,5.505901828082093,False,True,positive,True,True
D,positive,2.0,2.0,8.0,1.4,0.75,0.0,4.0,1.2503700835323328,1.584402708551295,-0.2968495725308343,-1.3630393223143078,0.08467221484310081,1.2593571546722682,5.492416888589748,False,True,positive,True,True
D,positive,2.0,4.0,2.0,1.0,0.1,0.0,4.0,0.9999998688147983,1.0028122399226203,-1.9999999999987441,-2.0005570542264235,0.0007031287832321467,0.9999894098584226,138.10140809834917,False,True,positive,True,True
D,positive,2.0,4.0,2.0,1.0,0.35,0.0,4.0,0.9999998688147983,1.0105792604366246,-1.9999999999987441,-2.007132818406594,0.0026422412111658405,0.9998502332044007,118.19406165596247,False,True,positive,True,True
D,positive,2.0,4.0,2.0,1.0,0.75,0.0,4.0,0.9999998688147983,1.0261127933366865,-1.9999999999987441,-2.035582069283333,0.0064890868925706925,0.9991184215293227,85.63748605910999,False,True,positive,True,True
D,positive,2.0,4.0,2.0,1.4,0.1,0.0,4.0,1.0058183044737705,1.0089894470993304,-1.8422801689647805,-1.8452241596077348,0.0007924402033138412,1.005804856996055,121.259481026459,False,True,positive,True,True
D,positive,2.0,4.0,2.0,1.4,0.35,0.0,4.0,1.0058183044737705,1.0178910540990544,-1.8422801689647805,-1.858443994211441,0.003014440388273485,1.0056190687612074,100.97978329469511,False,True,positive,True,True
D,positive,2.0,4.0,2.0,1.4,0.75,0.0,4.0,1.0058183044737705,2.053561121637095,-1.8422801689647805,-1.784563767312208,0.23643583129951862,0.7635274394519201,1.9454498008426342,False,True,positive,True,True
D,positive,2.0,4.0,8.0,1.0,0.1,0.0,4.0,1.000000605303413,1.0026964492781196,-1.9999999999721547,-2.0005343089712238,0.0006738595934516594,0.9999907218031749,144.43501330857222,False,True,positive,True,True
D,positive,2.0,4.0,8.0,1.0,0.35,0.0,4.0,1.000000605303413,1.010070098547669,-1.9999999999721547,-2.006813262508486,0.0025157698133425914,0.9998703438350048,125.47800465642754,False,True,positive,True,True
D,positive,2.0,4.0,8.0,1.0,0.75,0.0,4.0,1.000000605303413,1.0244339301925327,-1.9999999999721547,-2.033668702155507,0.006080742999133914,0.999262780162628,94.88768422512129,False,True,positive,True,True
D,positive,2.0,4.0,8.0,1.4,0.1,0.0,4.0,1.0274820753009035,1.0322102623308647,-1.3998458707947163,-1.411594776285662,0.0011822286120592726,1.0274488754723705,78.18010525818518,False,True,positive,True,True
D,positive,2.0,4.0,8.0,1.4,0.35,0.0,4.0,1.0274820753009035,1.046472778048403,-1.3998458707947163,-1.4498420945858677,0.0047313760811184425,1.0269845956668375,57.649158422230194,False,True,positive,True,True
D,positive,2.0,4.0,8.0,1.4,0.75,0.0,4.0,1.0274820753009035,1.0866822750727887,-1.3998458707947163,-1.5482479896296981,0.014234396510310308,1.0231695658853324,21.581251904994506,False,True,positive,True,True
D,positive,2.0,8.0,2.0,1.0,0.1,0.0,4.0,0.8911983185895174,0.8918233819952549,-7.988129700456231,-7.942194951600034,0.00015636325378910987,0.8911982183537392,712.5439968916719,False,True,positive,True,True
D,positive,2.0,8.0,2.0,1.0,0.35,0.0,4.0,0.8911983185895174,0.8934241480431139,-7.988129700456231,-7.828601332334395,0.0005565472222816728,0.8911916863752748,687.3318465339071,False,True,positive,True,True
D,positive,2.0,8.0,2.0,1.0,0.75,0.0,4.0,0.8911983185895174,0.8961064914626997,-7.988129700456231,-7.6506695519167565,0.001226423507578305,0.8911628028712487,646.8129727009579,False,True,positive,True,True
D,positive,2.0,8.0,2.0,1.4,0.1,0.0,4.0,0.8923198097360175,0.8929627973604303,-7.74153615859597,-7.6961080232419254,0.00016041442871420191,0.8923204016680207,693.6203762364696,False,True,positive,True,True
D,positive,2.0,8.0,2.0,1.4,0.35,0.0,4.0,0.8923198097360175,0.894606279395154,-7.74153615859597,-7.583811820207622,0.0005714734273853069,0.8923119775970255,668.3174193508588,False,True,positive,True,True
D,positive,2.0,8.0,2.0,1.4,0.75,0.0,4.0,0.8923198097360175,1.945672964606055,-7.74153615859597,-1.845844131863302,0.1410349208003273,0.7292109444665282,1.184479361452507,False,True,positive,True,True
D,positive,2.0,8.0,8.0,1.0,0.1,0.0,4.0,0.8921051968392327,0.8927373154985748,-7.952911651134831,-7.907384648081632,0.00015817655057960233,0.8921046386450024,703.3313456793614,False,True,positive,True,True
D,positive,2.0,8.0,8.0,1.0,0.35,0.0,4.0,0.8921051968392327,0.8943574981732633,-7.952911651134831,-7.7948241261522755,0.0005632739530264804,0.892096997567117,678.2820478314966,False,True,positive,True,True
D,positive,2.0,8.0,8.0,1.0,0.75,0.0,4.0,0.8921051968392327,0.8970725002029218,-7.952911651134831,-7.618588269747418,0.0012414688418460088,0.8920672436278863,638.0450784916535,False,True,positive,True,True
D,positive,2.0,8.0,8.0,1.4,0.1,0.0,4.0,0.8968455372599392,0.8975508534689315,-6.975092345598196,-6.931700729015813,0.0001763901464884088,0.8968450616061117,627.6090801784385,False,True,positive,True,True
D,positive,2.0,8.0,8.0,1.4,0.35,0.0,4.0,0.8968455372599392,0.8993621214033984,-6.975092345598196,-6.824616547782989,0.0006289001695397923,0.8968360378890566,602.1761353762596,False,True,positive,True,True
D,positive,2.0,8.0,8.0,1.4,0.75,0.0,4.0,0.8968455372599392,0.902413700201777,-6.975092345598196,-6.6575871626484515,0.0013917205953057372,0.8967981676552835,561.3191720024548,False,True,positive,True,True
E_control,negative,0.5,2.0,2.0,1.0,0.1,0.0,4.0,0.8921051968392327,0.8899181735025739,-1.9882279127837077,-1.6318268279361898,-0.0005463700276181541,0.8920963020968665,178.3302665091365,False,True,negative,True,True
E_control,negative,0.5,2.0,2.0,1.0,0.35,0.0,4.0,0.8921051968392327,0.8848932809005378,-1.9882279127837077,-0.7444691313567389,-0.0018018973969499603,0.8920154246040554,178.3302665091365,False,True,negative,True,True
E_control,negative,0.5,2.0,2.0,1.0,0.75,0.0,4.0,0.8921051968392327,0.8778876414090662,-1.9882279127837077,0.6656077878197384,-0.003545522341090629,0.8917511002519661,178.3302665091365,False,True,negative,True,True
E_control,negative,0.5,2.0,2.0,1.4,0.1,0.0,4.0,0.8968455372599392,0.8944092517905808,-1.743773086399549,-1.3855266523888274,-0.00060895574837304,0.8968355517433461,159.43988785153329,False,True,negative,True,True
E_control,negative,0.5,2.0,2.0,1.4,0.35,0.0,4.0,0.8968455372599392,0.888865001932096,-1.743773086399549,-0.49394876018204803,-0.0019933466221043025,0.8967342050891616,159.43988785153329,False,True,negative,True,True
E_control,negative,0.5,2.0,2.0,1.4,0.75,0.0,4.0,0.8968455372599392,0.8812536680728671,-1.743773086399549,0.9219689348251721,-0.0038862934714436275,0.8964119352482012,159.43988785153329,False,True,negative,True,True
E_control,negative,0.5,2.0,8.0,1.0,0.1,0.0,4.0,0.8957657998265345,0.8934679288290664,-1.9544722728223214,-1.5966296440061447,-0.0005743521183234994,0.8957565875353705,169.58761738518024,False,True,negative,True,True
E_control,negative,0.5,2.0,8.0,1.0,0.35,0.0,4.0,0.8957657998265345,0.8881995412218026,-1.9544722728223214,-0.7058481616781596,-0.0018906741445915108,0.8956695186479622,169.58761738518024,False,True,negative,True,True
E_control,negative,0.5,2.0,8.0,1.0,0.75,0.0,4.0,0.8957657998265345,0.8808808157244841,-1.9544722728223214,0.7092575330367918,-0.003711623740671411,0.8953847102414172,169.58761738518024,False,True,negative,True,True
E_control,negative,0.5,2.0,8.0,1.4,0.1,0.0,4.0,0.9207105212784967,0.9166374769134336,-1.016893001554287,-0.6494369889711628,-0.0010180953197170112,0.9206803818463288,93.28887984982654,False,True,negative,True,True
E_control,negative,0.5,2.0,8.0,1.4,0.35,0.0,4.0,0.9207105212784967,0.9079490194691284,-1.016893001554287,0.2627039868080834,-0.0031830449404015772,0.9204053018387125,93.28887984982654,False,True,negative,True,True
E_control,negative,0.5,2.0,8.0,1.4,0.75,0.0,4.0,0.9207105212784967,0.8969606496077727,-1.016893001554287,1.7062556684563954,-0.0058928633326599126,0.9196421126036269,93.28887984982654,False,True,negative,True,True
E_control,negative,0.5,4.0,2.0,1.0,0.1,0.0,4.0,0.794154252024916,0.7937148333385954,-7.957533787037908,-7.639960403108658,-0.00010973353886261081,0.7941534145754314,905.4217104157269,False,True,negative,True,True
E_control,negative,0.5,4.0,2.0,1.0,0.35,0.0,4.0,0.794154252024916,0.7926379430933972,-7.957533787037908,-6.846786806624398,-0.00037905768980306333,0.7941492858407463,905.4217104157269,False,True,negative,True,True
E_control,negative,0.5,4.0,2.0,1.0,0.75,0.0,4.0,0.794154252024916,0.7909770103368369,-7.957533787037908,-5.579904569129209,-0.000794100115092079,0.7941343642399001,905.4217104157269,False,True,negative,True,True
E_control,negative,0.5,4.0,2.0,1.4,0.1,0.0,4.0,0.7950488636274048,0.7945987627250312,-7.633212788134203,-7.315283885015725,-0.0001125198976558916,0.7950474639145919,884.2087287542197,False,True,negative,True,True
E_control,negative,0.5,4.0,2.0,1.4,0.35,0.0,4.0,0.7950488636274048,0.7934956018727963,-7.633212788134203,-6.521239339282777,-0.000388157077369354,0.7950440805288199,884.2087287542197,False,True,negative,True,True
E_control,negative,0.5,4.0,2.0,1.4,0.75,0.0,4.0,0.7950488636274048,0.7917985646283356,-7.633212788134203,-5.2530134845854075,-0.0008121737332115544,0.7950270006489739,884.2087287542197,False,True,negative,True,True
E_control,negative,0.5,4.0,8.0,1.0,0.1,0.0,4.0,0.7955319060880963,0.7950812501866544,-7.831262378140525,-7.513139704405635,-0.00011328362475270524,0.7955331426394073,878.9293435409593,False,True,negative,True,True
E_control,negative,0.5,4.0,8.0,1.0,0.35,0.0,4.0,0.7955319060880963,0.7939713432874262,-7.831262378140525,-6.718615439936887,-0.0003900665485806755,0.7955281367102943,878.9293435409593,False,True,negative,True,True
E_control,negative,0.5,4.0,8.0,1.0,0.75,0.0,4.0,0.7955319060880963,0.7922643804996341,-7.831262378140525,-5.449635546392786,-0.0008168152762267859,0.7955119135866178,878.9293435409593,False,True,negative,True,True
E_control,negative,0.5,4.0,8.0,1.4,0.1,0.0,4.0,0.7993617279405136,0.7988614918625103,-6.542991747242313,-6.223347051056291,-0.00012508711539133303,0.7993618205338521,793.6710183211211,False,True,negative,True,True
E_control,negative,0.5,4.0,8.0,1.4,0.35,0.0,4.0,0.7993617279405136,0.7976374430475714,-6.542991747242313,-5.425099866330945,-0.00043099689859259276,0.7993565039799413,793.6710183211211,False,True,negative,True,True
E_control,negative,0.5,4.0,8.0,1.4,0.75,0.0,4.0,0.7993617279405136,0.7957610009658876,-6.542991747242313,-4.150391848134159,-0.0008999136241535574,0.7993365872387042,793.6710183211211,False,True,negative,True,True
E_control,negative,0.5,8.0,2.0,1.0,0.1,0.0,4.0,0.7072334897931914,0.7071460437164409,-31.91425082598062,-31.631374592460062,-2.1865935233692124e-05,0.7072345711340343,4592.687267674262,False,True,negative,True,True
E_control,negative,0.5,8.0,2.0,1.0,0.35,0.0,4.0,0.7072334897931914,0.7069304799269275,-31.91425082598062,-30.924335846145503,-7.591253351328085e-05,0.7072339319814901,4592.687267674262,False,True,negative,True,True
E_control,negative,0.5,8.0,2.0,1.0,0.75,0.0,4.0,0.7072334897931914,0.7065869640439155,-31.91425082598062,-29.79352212058283,-0.00016171731216763652,0.7072329737302415,4592.687267674262,False,True,negative,True,True
E_control,negative,0.5,8.0,2.0,1.4,0.1,0.0,4.0,0.7074078218381186,0.7073217081883585,-31.520107894747447,-31.237161896830358,-2.1768378644257413e-05,0.7074085316288049,4568.95695026765,False,True,negative,True,True
E_control,negative,0.5,8.0,2.0,1.4,0.35,0.0,4.0,0.7074078218381186,0.7071035590480594,-31.520107894747447,-30.529949515527555,-7.600479818887234e-05,0.707408039663649,4568.95695026765,False,True,negative,True,True
E_control,negative,0.5,8.0,2.0,1.4,0.75,0.0,4.0,0.7074078218381186,0.706758284818677,-31.520107894747447,-29.39886028225806,-0.00016248806085437074,0.7074073351880684,4568.95695026765,False,True,negative,True,True
E_control,negative,0.5,8.0,8.0,1.0,0.1,0.0,4.0,0.7076184813509151,0.7075310056163225,-31.657451963806462,-31.374422241272438,-2.18606568054633e-05,0.7076179058643525,4546.419276244893,False,True,negative,True,True
E_control,negative,0.5,8.0,8.0,1.0,0.35,0.0,4.0,0.7076184813509151,0.7073109155903636,-31.657451963806462,-30.66700130176558,-7.647555173876134e-05,0.7076178242040821,4546.419276244893,False,True,negative,True,True
E_control,negative,0.5,8.0,8.0,1.0,0.75,0.0,4.0,0.7076184813509151,0.706964639249537,-31.657451963806462,-29.53558057531251,-0.00016343217998553603,0.707617480478462,4546.419276244893,False,True,negative,True,True
E_control,negative,0.5,8.0,8.0,1.4,0.1,0.0,4.0,0.7083311297341454,0.7082401224455466,-30.082964474855025,-29.799650606134204,-2.237245798099288e-05,0.7083295482608274,4450.984358807782,False,True,negative,True,True
E_control,negative,0.5,8.0,8.0,1.4,0.35,0.0,4.0,0.7083311297341454,0.7080174569523439,-30.082964474855025,-29.091522552155407,-7.827742028147866e-05,0.7083300511759987,4450.984358807782,False,True,negative,True,True
E_control,negative,0.5,8.0,8.0,1.4,0.75,0.0,4.0,0.7083311297341454,0.7076637707883423,-30.082964474855025,-27.958980011112253,-0.00016688449112688822,0.7083292232012975,4450.984358807782,False,True,negative,True,True
E_control,negative,1.0,2.0,2.0,1.0,0.1,0.0,4.0,1.0000003845481495,0.9948721954563556,-0.9999999999945286,-0.6010434685716124,-0.0012815800925697314,0.9999599834093433,73.99941856517292,False,True,negative,True,True
E_control,negative,1.0,2.0,2.0,1.0,0.35,0.0,4.0,1.0000003845481495,0.9839712307584352,-0.9999999999945286,0.38818134499229184,-0.003997879194404982,0.9996071366239793,73.99941856517292,False,True,negative,True,True
E_control,negative,1.0,2.0,2.0,1.0,0.75,0.0,4.0,1.0000003845481495,0.9702856830463537,-0.9999999999945286,1.9511030536741143,-0.007370781050866306,0.9986234954026401,73.99941856517292,False,True,negative,True,True
E_control,negative,1.0,2.0,2.0,1.4,0.1,0.0,4.0,1.0122373329566596,1.0057307082112563,-0.8446869012686218,-0.44112341572198116,-0.0016258626673503016,1.0121695487989415,57.3629929003486,False,True,negative,True,True
E_control,negative,1.0,2.0,2.0,1.4,0.35,0.0,4.0,1.0122373329566596,0.9924924721313824,-0.8446869012686218,0.5576911762958496,-0.004917101554181342,1.0116163049094438,57.3629929003486,False,True,negative,True,True
E_control,negative,1.0,2.0,2.0,1.4,0.75,0.0,4.0,1.0122373329566596,0.9766755386872296,-0.8446869012686218,2.1323710488527023,-0.008786852143482555,1.0101910693523284,57.3629929003486,False,True,negative,True,True
E_control,negative,1.0,2.0,8.0,1.0,0.1,0.0,4.0,1.0000004483408842,0.9952211952334493,-0.9999999999919597,-0.6009699510502927,-0.0011944687618940602,0.9999682497239145,79.99932211126777,False,True,negative,True,True
E_control,negative,1.0,2.0,8.0,1.0,0.35,0.0,4.0,1.0000004483408842,0.9848695922157507,-0.9999999999919597,0.3889090123395027,-0.003775959058757774,0.9996746662780492,79.99932211126777,False,True,negative,True,True
E_control,negative,1.0,2.0,8.0,1.0,0.75,0.0,4.0,1.0000004483408842,0.9715826756136927,-0.9999999999919597,1.9536367000731225,-0.00706044542916767,0.9988228405666194,79.99932211126777,False,True,negative,True,True
E_control,negative,1.0,2.0,8.0,1.4,0.1,0.0,4.0,1.0781620853460323,1.0585976358197626,-0.4536527972431404,-0.026576134611229763,-0.004871182735282193,1.077520078694901,16.388410979367357,False,True,negative,True,True
E_control,negative,1.0,2.0,8.0,1.4,0.35,0.0,4.0,1.0781620853460323,1.0294295233017463,-0.4536527972431404,1.0160040371652026,-0.011907032506125311,1.0740805636243391,16.388410979367357,False,True,negative,True,True
E_control,negative,1.0,2.0,8.0,1.4,0.75,0.0,4.0,1.0781620853460323,1.0025604437365576,-0.4536527972431404,2.6397459634946197,-0.017992037575787087,1.0683068101159334,16.388410979367357,False,True,negative,True,True
E_control,negative,1.0,4.0,2.0,1.0,0.1,0.0,4.0,0.8915018211505342,0.890402848458867,-3.9881624653454755,-3.6317825398561943,-0.00027462272016520875,0.8914996316116782,359.729549689144,False,True,negative,True,True
E_control,negative,1.0,4.0,2.0,1.0,0.35,0.0,4.0,0.8915018211505342,0.8877776878242383,-3.9881624653454755,-2.7427061073426473,-0.0009309053813668167,0.8914773608432136,359.729549689144,False,True,negative,True,True
E_control,negative,1.0,4.0,2.0,1.0,0.75,0.0,4.0,0.8915018211505342,0.8838787927830705,-3.9881624653454755,-1.3254280155118723,-0.0019044024415335672,0.8914009579322503,359.729549689144,False,True,negative,True,True
E_control,negative,1.0,4.0,2.0,1.4,0.1,0.0,4.0,0.8937854741188893,0.8926273030751268,-3.742268751389666,-3.384987215574739,-0.00028943693940115025,0.8937833110283976,340.86001796757813,False,True,negative,True,True
E_control,negative,1.0,4.0,2.0,1.4,0.35,0.0,4.0,0.8937854741188893,0.8898654262853279,-3.742268751389666,-2.4937558292089776,-0.0009797716121437551,0.8937586587166311,340.86001796757813,False,True,negative,True,True
E_control,negative,1.0,4.0,2.0,1.4,0.75,0.0,4.0,0.8937854741188893,0.8857837627229467,-3.742268751389666,-1.0732879962934527,-0.001998631145277924,0.893673088691097,340.86001796757813,False,True,negative,True,True
E_control,negative,1.0,4.0,8.0,1.0,0.1,0.0,4.0,0.8933185719106115,0.8921919352116131,-3.9534338609178867,-3.5963325509016704,-0.00028174652987406437,0.8933169847624344,350.64873961007373,False,True,negative,True,True
E_control,negative,1.0,4.0,8.0,1.0,0.35,0.0,4.0,0.8933185719106115,0.8895008389182395,-3.9534338609178867,-2.705500122508038,-0.0009540195340534563,0.8932927361823174,350.64873961007373,False,True,negative,True,True
E_control,negative,1.0,4.0,8.0,1.0,0.75,0.0,4.0,0.8933185719106115,0.8855095470687291,-3.9534338609178867,-1.2855406317778528,-0.0019507814045688196,0.8932136344654923,350.64873961007373,False,True,negative,True,True
E_control,negative,1.0,4.0,8.0,1.4,0.1,0.0,4.0,0.9035925603240313,0.9021619603418213,-2.9878253583719965,-2.6266761687098636,-0.00035778843233166737,0.9035891598942346,274.8909225431513,False,True,negative,True,True
E_control,negative,1.0,4.0,8.0,1.4,0.35,0.0,4.0,0.9035925603240313,0.8987876424176179,-2.9878253583719965,-1.7262240933273807,-0.0012007974587254935,0.9035511491955702,274.8909225431513,False,True,negative,True,True
E_control,negative,1.0,4.0,8.0,1.4,0.75,0.0,4.0,0.9035925603240313,0.8938925271421001,-2.9878253583719965,-0.29215488722838856,-0.0024220615856009684,0.903424210469554,274.8909225431513,False,True,negative,True,True
E_control,negative,1.0,8.0,2.0,1.0,0.1,0.0,4.0,0.7939263997266038,0.7937081257356675,-15.957487115264056,-15.63996035951278,-5.468562899964961e-05,0.7939264933778288,1819.784764221397,False,True,negative,True,True
E_control,negative,1.0,8.0,2.0,1.0,0.35,0.0,4.0,0.7939263997266038,0.7931643577358665,-15.957487115264056,-14.84652481756447,-0.00019047791896993055,0.7939248582090573,1819.784764221397,False,True,negative,True,True
E_control,negative,1.0,8.0,2.0,1.0,0.75,0.0,4.0,0.7939263997266038,0.7923122323284638,-15.957487115264056,-13.578145081820091,-0.00040335892809703096,0.793921199477524,1819.784764221397,False,True,negative,True,True
E_control,negative,1.0,8.0,2.0,1.4,0.1,0.0,4.0,0.7943687118406748,0.7941477656131345,-15.632804910728085,-15.31510179355102,-5.5109923541719666e-05,0.7943681151242076,1798.5957571521426,False,True,negative,True,True
E_control,negative,1.0,8.0,2.0,1.4,0.35,0.0,4.0,0.7943687118406748,0.7935972047565599,-15.632804910728085,-14.521229793498186,-0.00019286815470415897,0.7943680978008398,1798.5957571521426,False,True,negative,True,True
E_control,negative,1.0,8.0,2.0,1.4,0.75,0.0,4.0,0.7943687118406748,0.7927362899473188,-15.632804910728085,-13.252164536837139,-0.0004081165440203882,0.7943634276674784,1798.5957571521426,False,True,negative,True,True
E_control,negative,1.0,8.0,8.0,1.0,0.1,0.0,4.0,0.7946114788949405,0.794387096414385,-15.830509532704943,-15.512710094749833,-5.602803766851694e-05,0.7946108537198887,1793.0543636098791,False,True,negative,True,True
E_control,negative,1.0,8.0,8.0,1.0,0.35,0.0,4.0,0.7946114788949405,0.7938384887172156,-15.830509532704943,-14.718598458672801,-0.00019300302848966077,0.7946087967421881,1793.0543636098791,False,True,negative,True,True
E_control,negative,1.0,8.0,8.0,1.0,0.75,0.0,4.0,0.7946114788949405,0.7929723079275917,-15.830509532704943,-13.449153210799741,-0.00040939622923466177,0.7946048948943636,1793.0543636098791,False,True,negative,True,True
E_control,negative,1.0,8.0,8.0,1.4,0.1,0.0,4.0,0.7964371848710129,0.7962038114250947,-14.536162711928094,-14.217634206752484,-5.8494167005897534e-05,0.7964383527657254,1708.229109264836,False,True,negative,True,True
E_control,negative,1.0,8.0,8.0,1.4,0.35,0.0,4.0,0.7964371848710129,0.7956277012837765,-14.536162711928094,-13.421718946809392,-0.00020230009975890075,0.7964358150656764,1708.229109264836,False,True,negative,True,True
E_control,negative,1.0,8.0,8.0,1.4,0.75,0.0,4.0,0.7964371848710129,0.7947212299965984,-14.536162711928094,-12.14944268308329,-0.00042894118335160745,0.7964325475031466,1708.229109264836,False,True,negative,True,True
E_control,negative,2.0,2.0,2.0,1.0,0.1,0.0,4.0,1.1149631056626161,1.1044809263977853,-0.4859413830372247,-0.042115449927065784,-0.002618457303681205,1.1148215135709114,34.82794259331816,False,True,negative,True,True
E_control,negative,2.0,2.0,2.0,1.0,0.35,0.0,4.0,1.1149631056626161,1.084335147151913,-0.4859413830372247,1.0517253108275828,-0.007611027903332824,1.1137207126835116,34.82794259331816,False,True,negative,True,True
E_control,negative,2.0,2.0,2.0,1.0,0.75,0.0,4.0,1.1149631056626161,1.0617601612808347,-0.4859413830372247,2.7674850093609615,-0.013072386475407647,1.1111105697461123,34.82794259331816,False,True,negative,True,True
E_control,negative,2.0,2.0,2.0,1.4,0.1,0.0,4.0,1.1443691840744186,1.1277742189189013,-0.4286575689824439,0.02560663831595622,-0.004140449598198446,1.143992761246898,20.67167649567106,False,True,negative,True,True
E_control,negative,2.0,2.0,2.0,1.4,0.35,0.0,4.0,1.1443691840744186,1.09986773828633,-0.4286575689824439,1.138313381702177,-0.010975241893691241,1.141574680307538,20.67167649567106,False,True,negative,True,True
E_control,negative,2.0,2.0,2.0,1.4,0.75,0.0,4.0,1.1443691840744186,1.0720047002763822,-0.4286575689824439,2.8740937799255657,-0.017502665112409527,1.136849027931057,20.67167649567106,False,True,negative,True,True
E_control,negative,2.0,2.0,8.0,1.0,0.1,0.0,4.0,1.099883018863401,1.0924754011285251,-0.4516865720208396,-0.013242181372920492,-0.001851772228529017,1.0998228118508417,51.061797208829745,False,True,negative,True,True
E_control,negative,2.0,2.0,8.0,1.0,0.35,0.0,4.0,1.099883018863401,1.0769176142688108,-0.4516865720208396,1.0711511471818773,-0.005726779078757995,1.099276695914939,51.061797208829745,False,True,negative,True,True
E_control,negative,2.0,2.0,8.0,1.0,0.75,0.0,4.0,1.099883018863401,1.0578011095991346,-0.4516865720208396,2.7781871639129223,-0.010430308547674709,1.0977630548219433,51.061797208829745,False,True,negative,True,True
E_control,negative,2.0,2.0,8.0,1.4,0.1,0.0,4.0,1.2503700835323328,1.2077191102611797,-0.2968495725308343,0.19415949409307143,-0.010636166089991222,1.2489852260991599,7.6056283595712415,False,True,negative,True,True
E_control,negative,2.0,2.0,8.0,1.4,0.35,0.0,4.0,1.2503700835323328,1.14957194058342,-0.2968495725308343,1.3691568439603297,-0.024570843281354733,1.2404011716586962,7.6056283595712415,False,True,negative,True,True
E_control,negative,2.0,2.0,8.0,1.4,0.75,0.0,4.0,1.2503700835323328,1.103919515811532,-0.2968495725308343,3.1679372212873176,-0.034290753330218936,1.2263622792658768,7.6056283595712415,False,True,negative,True,True
E_control,negative,2.0,4.0,2.0,1.0,0.1,0.0,4.0,0.9999998688147983,0.9973349147043054,-1.9999999999987441,-1.6005378848198721,-0.0006659705410428122,0.9999890172866034,146.00039670450963,False,True,negative,True,True
E_control,negative,2.0,4.0,2.0,1.0,0.35,0.0,4.0,0.9999998688147983,0.9912456972474637,-1.9999999999987441,-0.6063098422756175,-0.0021871312671409406,0.9998832514798052,146.00039670450963,False,True,negative,True,True
E_control,negative,2.0,4.0,2.0,1.0,0.75,0.0,4.0,0.9999998688147983,0.9828349275597923,-1.9999999999987441,0.9727678418303802,-0.004279246157724544,0.9995427435549743,146.00039670450963,False,True,negative,True,True
E_control,negative,2.0,4.0,2.0,1.4,0.1,0.0,4.0,1.0058183044737705,1.0028195963665518,-1.8422801689647805,-1.4405586379258064,-0.0007493850960735886,1.005804598506653,129.28004759770855,False,True,negative,True,True
E_control,negative,2.0,4.0,2.0,1.4,0.35,0.0,4.0,1.0058183044737705,0.9960568765187063,-1.8422801689647805,-0.4411994087267981,-0.002438139279457005,1.005669502065023,129.28004759770855,False,True,negative,True,True
E_control,negative,2.0,4.0,2.0,1.4,0.75,0.0,4.0,1.0058183044737705,0.9868646839854364,-1.8422801689647805,1.1449091065620318,-0.00472213566355544,1.005250537376285,129.28004759770855,False,True,negative,True,True
E_control,negative,2.0,4.0,8.0,1.0,0.1,0.0,4.0,1.000000605303413,0.9974338461573061,-1.9999999999721547,-1.600517376238318,-0.0006415108807422814,0.9999905871439685,151.99816957226625,False,True,negative,True,True
E_control,negative,2.0,4.0,8.0,1.0,0.35,0.0,4.0,1.000000605303413,0.991538553064766,-1.9999999999721547,-0.6060876425862831,-0.0021141269059722573,0.9998945570752692,151.99816957226625,False,True,negative,True,True
E_control,negative,2.0,4.0,8.0,1.0,0.75,0.0,4.0,1.000000605303413,0.9833242313960601,-1.9999999999721547,0.9736266433967002,-0.00415897449490504,0.9995835911699573,151.99816957226625,False,True,negative,True,True
E_control,negative,2.0,4.0,8.0,1.4,0.1,0.0,4.0,1.0274820753009035,1.0230585946861166,-1.3998458707947163,-0.989751945928945,-0.0011057221452149544,1.027450341665268,86.21613656554234,False,True,negative,True,True
E_control,negative,2.0,4.0,8.0,1.4,0.35,0.0,4.0,1.0274820753009035,1.013524331149254,-1.3998458707947163,0.028381540515738823,-0.0034822106100269317,1.0271692228196745,86.21613656554234,False,True,negative,True,True
E_control,negative,2.0,4.0,8.0,1.4,0.75,0.0,4.0,1.0274820753009035,1.001333539949586,-1.3998458707947163,1.6398672567836858,-0.006492799150261107,1.0263698018694114,86.21613656554234,False,True,negative,True,True
E_control,negative,2.0,8.0,2.0,1.0,0.1,0.0,4.0,0.8911983185895174,0.8906480875596332,-7.988129700456231,-7.631760086151708,-0.00013745544542014356,0.8911988874604386,722.6046561544362,False,True,negative,True,True
E_control,negative,2.0,8.0,2.0,1.0,0.35,0.0,4.0,0.8911983185895174,0.8893047660821007,-7.988129700456231,-6.741786349535373,-0.0004736868694183636,0.8911939809321926,722.6046561544362,False,True,negative,True,True
E_control,negative,2.0,8.0,2.0,1.0,0.75,0.0,4.0,0.8911983185895174,0.8872364546018321,-7.988129700456231,-5.320565694205028,-0.0009904836432615307,0.8911725898279846,722.6046561544362,False,True,negative,True,True
E_control,negative,2.0,8.0,2.0,1.4,0.1,0.0,4.0,0.8923198097360175,0.8917571399419612,-7.74153615859597,-7.384720749880464,-0.00014072549093961887,0.8923199910160485,703.7442566090007,False,True,negative,True,True
E_control,negative,2.0,8.0,2.0,1.4,0.35,0.0,4.0,0.8923198097360175,0.89037784835613,-7.74153615859597,-6.493657425806671,-0.0004860945456162091,0.8923149223751813,703.7442566090007,False,True,negative,True,True
E_control,negative,2.0,8.0,2.0,1.4,0.75,0.0,4.0,0.8923198097360175,0.8882585948881574,-7.74153615859597,-5.0707625836598815,-0.0010148996801140626,0.8922913920866363,703.7442566090007,False,True,negative,True,True
E_control,negative,2.0,8.0,8.0,1.0,0.1,0.0,4.0,0.8921051968392327,0.8915469585554449,-7.952911651134831,-7.5961812636281945,-0.00013942716047208765,0.8921045971828062,713.321066036546,False,True,negative,True,True
E_control,negative,2.0,8.0,8.0,1.0,0.35,0.0,4.0,0.8921051968392327,0.8901864379276748,-7.952911651134831,-6.705317786177271,-0.00047990522003539565,0.8920995149485417,713.321066036546,False,True,negative,True,True
E_control,negative,2.0,8.0,8.0,1.0,0.75,0.0,4.0,0.8921051968392327,0.8880927688711937,-7.952911651134831,-5.282708005189444,-0.0010024623573175347,0.8920768460603744,713.321066036546,False,True,negative,True,True
E_control,negative,2.0,8.0,8.0,1.4,0.1,0.0,4.0,0.8968455372599392,0.896223191687273,-6.975092345598196,-6.616478658035259,-0.00015556114834563598,0.8968449619620219,637.7595514061331,False,True,negative,True,True
E_control,negative,2.0,8.0,8.0,1.4,0.35,0.0,4.0,0.8968455372599392,0.8947062484914706,-6.975092345598196,-5.721018152730602,-0.000535087130622049,0.8968387462016718,637.7595514061331,False,True,negative,True,True
E_control,negative,2.0,8.0,8.0,1.4,0.75,0.0,4.0,0.8968455372599392,0.8923857766809155,-6.975092345598196,-4.2913607758692285,-0.0011148681831464194,0.8968115155663227,637.7595514061331,False,True,negative,True,True
