Name,Type,Rad,g_obs,g_bar,locked,Vobs
UGC 00089,SBa,0.3,2.606498768068817e-09,1.2436311874315092e-08,0.9969039913717749,155.33333333333334
UGC 00089,SBa,0.6425,3.7009581266365787e-09,7.690780840448707e-09,0.9917296678505804,270.875
UGC 00089,SBa,1.114375,3.2545539930238554e-09,4.268079343931976e-09,0.979617228457007,334.53125
UGC 00089,SBa,1.6441379310344828,2.2850802457983967e-09,2.443507125607362e-09,0.9571904099175755,340.48275862068965
UGC 00089,SBa,2.21125,1.3874946432243512e-09,1.506457088018792e-09,0.9222697964411236,307.6875
UGC 00089,SBa,2.6785714285714284,9.866786500113503e-10,1.0908845764684332e-09,0.8863582713620607,285.57142857142856
UGC 00089,SBa,3.0966666666666662,9.992449321919401e-10,8.571653843198369e-10,0.8504730181077559,309.0
UGC 00089,SBa,3.32,9.685732680575818e-10,7.653340109272745e-10,0.8304014047090075,315.0
UGC 00089,SBa,3.85,8.673588019834722e-10,6.059874064552346e-10,0.7817190476467892,321.0
UGC 00089,SBa,4.37,7.499326427134369e-10,5.01127360121082e-10,0.7342712759644614,318.0
UGC 00089,SBa,4.89,6.513519024948741e-10,4.268145610549313e-10,0.6886842640069997,313.5
UGC 00089,SBa,5.22,6.517318902082599e-10,3.901684774274893e-10,0.6611666358563032,324.0
UGC 00089,SBa,5.7749999999999995,5.480213895840715e-10,3.4116730705857385e-10,0.6178041097238439,312.5
UGC 00089,SBa,6.269999999999999,4.967127427681077e-10,3.070174057769859e-10,0.5824104371308398,310.0
UGC 00089,SBa,6.67,6.157772174318156e-10,2.841423078067548e-10,0.5560849695855478,356.0
UGC 00089,SBa,7.03,5.235448977566246e-10,2.663228145702994e-10,0.5340848823535308,337.0
UGC 00089,SBa,7.6,6.552514588594459e-10,2.4225988653020566e-10,0.5023668259413944,392.0
UGC 00089,SBa,8.73,4.6257762483204226e-10,2.051448557363913e-10,0.44961485358800124,353.0
UGC 00089,SBa,9.26,5.133765369214951e-10,1.911387022524323e-10,0.4289030845293796,383.0
UGC 00094,SAab,1.502857142857143,5.010309033759132e-10,1.8655366808772017e-10,0.4708459769451393,152.42857142857142
UGC 00094,SAab,2.085,5.377362124585959e-10,1.5358962909351923e-10,0.29960074358793326,186.0
UGC 00094,SAab,2.51,4.5634304066183925e-10,1.423678583214786e-10,0.22333960796545785,188.0
UGC 00094,SAab,3.085,4.265248975845785e-10,1.3259719311072571e-10,0.15882197671456763,201.5
UGC 00094,SAab,3.6300000000000003,3.788587050326751e-10,1.2542024717073782e-10,0.12129073488093058,206.0
UGC 00094,SAab,4.56,2.565616937476789e-10,1.1450734322013322e-10,0.08419057311212368,190.0
UGC 00094,SAab,4.58,2.369660646816645e-10,1.1427989648920465e-10,0.0836230117569869,183.0
UGC 00094,SAab,6.090000000000001,2.291228296898833e-10,9.759099732647919e-11,0.055384041154589406,207.5
UGC 00094,SAab,7.14,1.9167915908691584e-10,8.669769344029225e-11,0.045354993845027995,205.5
UGC 00094,SAab,8.79,1.54941694697269e-10,7.128981902737486e-11,0.036393500556718195,205.0
UGC 00094,SAab,9.18,1.5126813918671199e-10,6.799217836190158e-11,0.03498523340078313,207.0
UGC 00094,SAab,11.45,1.3083408092101816e-10,5.1443438137669323e-11,0.029722691529638676,215.0
UGC 00508,SB(r)ab,0.7399999999999999,3.712795630029208e-09,7.73124762569032e-09,0.985396726955214,291.1666666666667
UGC 00508,SB(r)ab,1.78,2.5161203302884154e-09,2.1521628343499056e-09,0.9148576031490311,371.75
UGC 00508,SB(r)ab,2.786,1.8760989956804317e-09,1.0991636918692593e-09,0.8005557707461147,401.6
UGC 00508,SB(r)ab,3.88,1.3280643575754993e-09,7.081209370630121e-10,0.6618736574799363,398.75
UGC 00508,SB(r)ab,4.994,1.3340249382194023e-09,5.341037175724353e-10,0.5362167862845179,453.4
UGC 00508,SB(r)ab,5.75,1.2239211606584009e-09,4.655148226842928e-10,0.4658633402742825,466.0
UGC 00508,SB(r)ab,7.78,8.58581573294492e-10,3.587446277393004e-10,0.3315348398651515,454.0
UGC 00508,SB(r)ab,7.81,9.963010337971728e-10,3.5762028739347303e-10,0.3300360535366473,490.0
UGC 00508,SB(r)ab,9.69,7.231553166770979e-10,3.000135923572403e-10,0.2558158238395019,465.0
UGC 00508,SB(r)ab,10.39,7.21645752824964e-10,2.830109174667377e-10,0.23591303733628333,481.0
UGC 00508,SB(r)ab,11.517499999999998,6.797328801428058e-10,2.587792805555798e-10,0.2099947525738547,491.5
UGC 00508,SB(r)ab,12.89,6.260335794033641e-10,2.3316671937590205e-10,0.18609057089771444,499.0
UGC 00508,SB(r)ab,13.68,5.851620259549438e-10,2.1992241454799202e-10,0.17517364898845394,497.0
UGC 00508,SB(r)ab,14.835000000000003,5.805227492900356e-10,2.0217054303709426e-10,0.16204285837845164,515.5
UGC 00508,SB(r)ab,16.065,5.73090412423878e-10,1.8507576487680988e-10,0.1509451976374152,533.0
UGC 00508,SB(r)ab,17.185,5.611635166452035e-10,1.7092262319649067e-10,0.14283531561220053,545.5
UGC 00508,SB(r)ab,18.54,5.619605679526319e-10,1.5538938268686238e-10,0.13498830463365089,567.0
UGC 00508,SB(r)ab,19.83,4.997778485757397e-10,1.420468235715723e-10,0.12908073958637264,553.0
UGC 00508,SB(r)ab,20.61,4.704853616765449e-10,1.346009138407944e-10,0.1261057740651918,547.0
UGC 00508,SB(r)ab,22.24,3.8498243037501956e-10,1.2041212107939688e-10,0.12105979142932156,514.0
UGC 00528,SABb,0.1866071428571429,1.764499656785692e-10,8.723780560275525e-10,0.771463787838602,31.875
UGC 00528,SABb,0.465,2.540450805292965e-10,5.289735075548031e-10,0.45868931147685477,60.375
UGC 00528,SABb,0.753,2.8516964064657085e-10,4.3244174596316226e-10,0.295886495085884,81.4
UGC 00528,SABb,1.0441176470588236,2.153419704714552e-10,3.726912457270047e-10,0.213400018125699,83.29411764705883
UGC 00528,SABb,1.3441176470588236,1.4056063611721005e-10,3.224357157463094e-10,0.166956386004888,76.3529411764706
UGC 00528,SABb,1.6342622950819672,1.0028757248932456e-10,2.799089404414596e-10,0.1403078469688542,71.11475409836065
UGC 00528,SABb,1.8875,7.060204013441921e-11,2.4689214712741455e-10,0.12518232857178296,64.125
UGC 00763,SABm,0.30666666666666664,9.300801721626383e-11,1.3609205579054281e-10,0.7448629135849968,29.666666666666668
UGC 00763,SABm,0.7535714285714287,7.317671955993598e-11,7.986551481083558e-11,0.39332259654321056,41.25
UGC 00763,SABm,1.2707547169811322,5.760926310836936e-11,6.474651251549031e-11,0.22197890123145797,47.528301886792455
UGC 00763,SABm,1.6599999999999997,6.342946934581171e-11,5.73753626706773e-11,0.16325490198217857,57.0
UGC 00763,SABm,2.028,6.668782297602388e-11,5.125447844247087e-11,0.13101090530863863,64.6
UGC 00763,SABm,2.4720000000000004,7.772888514205354e-11,4.457186404922935e-11,0.1073662346841182,77.0
UGC 00763,SABm,2.9299999999999997,7.515145281433609e-11,3.842491689359805e-11,0.09244304027369483,82.42857142857143
UGC 00763,SABm,3.3311111111111114,7.251324733663022e-11,3.365900120005051e-11,0.08392150250943209,86.33333333333333
UGC 00763,SABm,3.7919999999999994,7.648273308524243e-11,2.886930947854585e-11,0.07736603371089928,94.6
UGC 00763,SABm,4.283333333333333,6.450369756155036e-11,2.4512151858227608e-11,0.07285297463994225,92.33333333333333
UGC 00763,SABm,4.6049999999999995,7.037522886958447e-11,2.2038461924259097e-11,0.07085279719625502,100.0
UGC 00763,SABm,5.180000000000001,7.029613145983954e-11,1.827102351908003e-11,0.06858751664750792,106.0
UGC 00763,SABm,6.33,5.7525112316266804e-11,1.2754437198901797e-11,0.06721338026869832,106.0
UGC 00763,SABm,6.82,4.288567901354163e-11,1.1029779680418893e-11,0.06739419205255638,95.0
UGC 00763,SABm,7.269999999999999,5.492385367984048e-11,9.697017989937414e-12,0.06780200351233304,111.0
UGC 00763,SABm,7.845,4.2140458293973193e-11,8.281229461452832e-12,0.06855097467334928,101.0
UGC 00763,SABm,8.426617647058823,4.005873970608321e-11,7.11462933025228e-12,0.06946944958926621,102.05882352941177
UGC 00763,SABm,8.68,3.5857654718690876e-11,6.6755797757885834e-12,0.06989891719258566,98.0
UGC 00763,SABm,9.02,2.719452155410687e-11,6.142888740542867e-12,0.07048993208095085,87.0
UGC 01317,SAB(r)c,0.8720000000000001,2.4263625344309695e-10,1.0512473455472426e-10,0.0,80.8
UGC 01317,SAB(r)c,1.9642857142857142,3.4927763946655783e-10,1.5177574199594165e-10,0.0,145.5
UGC 01317,SAB(r)c,2.9492682926829272,3.2729781651226476e-10,1.6860792904643248e-10,0.0,172.58536585365854
UGC 01317,SAB(r)c,4.168269230769231,2.726072143950232e-10,1.733363973261566e-10,0.0,187.25
UGC 01317,SAB(r)c,5.303333333333334,2.175158370101066e-10,1.691308698146632e-10,0.0,188.66666666666666
UGC 01317,SAB(r)c,6.616666666666667,1.926644648103344e-10,1.5899179753681898e-10,0.0,198.33333333333334
UGC 01317,SAB(r)c,7.989999999999999,1.729588493808623e-10,1.4563589656666177e-10,0.0,206.5
UGC 01317,SAB(r)c,8.855,1.4712607298756162e-10,1.367187398398141e-10,0.0,200.5
UGC 01317,SAB(r)c,10.22,1.332619859480425e-10,1.227153804515869e-10,0.0,205.0
UGC 01317,SAB(r)c,11.114999999999998,1.2735985617833498e-10,1.1387184525613997e-10,0.0,209.0
UGC 01317,SAB(r)c,12.45,1.1370319690138098e-10,1.0146048737210401e-10,0.0,209.0
UGC 01317,SAB(r)c,13.875,9.436448581826435e-11,8.941748735381268e-11,0.0,201.0
UGC 01317,SAB(r)c,15.07,8.861929246099059e-11,8.032459063509789e-11,0.0,203.0
UGC 01317,SAB(r)c,16.77,8.042234401283046e-11,6.893010991838517e-11,0.0,204.0
UGC 01317,SAB(r)c,18.601627906976745,7.559389780951899e-11,5.852326786087982e-11,0.0,208.30232558139534
UGC 01317,SAB(r)c,20.72,6.382082921162542e-11,4.859895748661929e-11,0.0,202.0
UGC 01317,SAB(r)c,24.2,5.7381880898099834e-11,3.625279424609241e-11,0.0,207.0
UGC 01437,SABbc,1.02,6.912471021173918e-10,5.293727686276854e-10,0.8559324559437785,147.5
UGC 01437,SABbc,1.8891304347826088,5.769590484500162e-10,3.017694376890893e-10,0.6708023504081632,183.3913043478261
UGC 01437,SABbc,3.3771428571428572,4.158838641575264e-10,1.9785543137067913e-10,0.4295051397711899,208.17857142857142
UGC 01437,SABbc,4.6,2.931918932815581e-10,1.6385825545535788e-10,0.3134427672270936,204.0
UGC 01437,SABbc,5.61,2.6208719355223063e-10,1.4505861021768522e-10,0.2525767306144294,213.0
UGC 01437,SABbc,6.989999999999999,2.2371783032891243e-10,1.2505040883313574e-10,0.19909910838163672,219.66666666666666
UGC 01437,SABbc,8.205,1.9466004448625968e-10,1.1044292157785454e-10,0.16887342050988913,222.0
UGC 01437,SABbc,9.175,1.694071013635326e-10,1.001696760941309e-10,0.1517186454916921,219.0
UGC 01437,SABbc,10.735,1.4545091416884198e-10,8.570595276910708e-11,0.13242284401353005,219.5
UGC 01437,SABbc,12.47,1.1243710920490858e-10,7.213075077488861e-11,0.11859878557686651,208.0
UGC 01437,SABbc,14.680000000000001,7.3125049852558e-11,5.804005131360202e-11,0.10790302569444832,182.0
UGC 01437,SABbc,15.84,8.102152818263023e-11,5.186528127975898e-11,0.10428325423516528,199.0
UGC 01437,SABbc,17.155,7.594295402534877e-11,4.5737031491218015e-11,0.1013283660276228,200.5
UGC 01437,SABbc,18.67,6.668333003925801e-11,3.967896194196571e-11,0.09906358509081646,196.0
UGC 01437,SABbc,20.68,5.958928069686749e-11,3.3037758824792996e-11,0.09741934889073267,195.0
UGC 01437,SABbc,22.48,5.314416713793464e-11,2.8202693210375825e-11,0.09687586590002809,192.0
UGC 01437,SABbc,24.96,5.0389184072133956e-11,2.290101064001462e-11,0.0970791733042512,197.0
UGC 01437,SABbc,25.56,4.4337562978317684e-11,2.1814441318617798e-11,0.09724615804133772,187.0
UGC 01736,SABc,0.24571428571428572,9.212265048275197e-11,1.6702765648063173e-10,0.7884451886808409,26.428571428571427
UGC 01736,SABc,0.5516666666666666,3.313598914717001e-11,9.732749735240294e-11,0.4292681070443184,23.75
UGC 01736,SABc,1.14,3.1941575522979727e-10,8.644932075701671e-11,0.1553548564117809,106.0
UGC 01736,SABc,1.5859999999999999,1.0592812002824456e-10,8.51719970692746e-11,0.09115681127876273,72.0
UGC 01736,SABc,1.9399999999999997,3.141912679520226e-10,8.349657872847341e-11,0.06594235159285113,137.14285714285714
UGC 01736,SABc,2.41,2.4145822788905817e-10,8.013977932687377e-11,0.047099035611041264,134.0
UGC 01736,SABc,2.69,1.3030583195029835e-10,7.766726146538236e-11,0.04002237037495915,104.0
UGC 01736,SABc,3.235,1.8802530597706736e-10,7.223446050933757e-11,0.030936958548521864,137.0
UGC 01736,SABc,3.66,1.7854391691900596e-10,6.77085333330168e-11,0.02639297468180997,142.0
UGC 01736,SABc,4.016666666666667,2.0568952723358353e-10,6.386435229600021e-11,0.02361147501957501,159.66666666666666
UGC 01736,SABc,4.55,1.678242896982648e-10,5.820841851893353e-11,0.02059358890110174,153.5
UGC 01736,SABc,4.89,1.6860170821735584e-10,5.472809804069839e-11,0.019164880827268298,159.5
UGC 01736,SABc,5.39,1.389145912863128e-10,4.985479718667693e-11,0.01754758503295123,152.0
UGC 01736,SABc,5.7681818181818185,1.128179168032182e-10,4.6389572289236367e-11,0.0166086681134895,141.70454545454547
UGC 01736,SABc,6.256666666666667,1.2876155383557064e-10,4.221420991440481e-11,0.0156626101512687,157.66666666666666
UGC 01736,SABc,6.74,1.3249690519277286e-10,3.84209887277024e-11,0.01495099579638126,166.0
UGC 01736,SABc,7.08,1.338469310771789e-10,3.595097344148311e-11,0.014554290204119236,171.0
UGC 01736,SABc,7.49,1.696281859324124e-10,3.318284223252757e-11,0.014167355234495574,198.0
UGC 01736,SABc,7.98,1.657102232161502e-10,3.0161894568631654e-11,0.013811490650863855,202.0
UGC 01736,SABc,8.65,1.7318499728851532e-10,2.650018813034739e-11,0.013471593371022128,215.0
UGC 01886,SABbc,7.81,2.805079128891665e-10,8.598656040495584e-11,0.25469601929484226,260.0
UGC 01886,SABbc,9.85,2.072815594053649e-10,7.368794957209434e-11,0.18684688796623983,251.0
UGC 01886,SABbc,12.55,1.8685739455257663e-10,6.143806867159438e-11,0.13804789706666598,269.0
UGC 01886,SABbc,15.45,1.495352199127504e-10,5.08603087247883e-11,0.1100319582891451,267.0
UGC 01886,SABbc,16.87,1.2589668732248125e-10,4.6386112584861605e-11,0.1011897817030785,256.0
UGC 01886,SABbc,18.83,1.21776197240534e-10,4.085966579399227e-11,0.09220603600510889,266.0
UGC 01886,SABbc,20.46,1.046188813726837e-10,3.678254014085483e-11,0.08675646055513199,257.0
UGC 01886,SABbc,22.83,9.893532779549473e-11,3.160396114954804e-11,0.0810963783556661,264.0
UGC 01886,SABbc,26.817,7.637826864313354e-11,2.4602036102244658e-11,0.07550285369357594,251.4
UGC 01886,SABbc,32.0,6.898910186757487e-11,1.800452728828427e-11,0.07245579431887685,261.0
UGC 01913,SABd,0.3141666666666667,6.725187242289011e-11,1.1450986551389127e-10,0.7576432938901123,25.533333333333335
UGC 01913,SABd,0.6736363636363636,2.8770215944483337e-11,8.37495032512272e-11,0.49499053796931375,24.454545454545453
UGC 01913,SABd,1.1109090909090908,1.5432156043598004e-11,7.082831499573555e-11,0.2675435284852456,23.0
UGC 01913,SABd,1.5523076923076924,2.294771676398851e-11,6.683731486521706e-11,0.15132852146859682,33.15384615384615
UGC 01913,SABd,2.01,2.526260458750985e-11,6.477840936266244e-11,0.09375835666618768,39.583333333333336
UGC 01913,SABd,2.435454545454546,3.350905740306273e-11,6.292827764234507e-11,0.06579628483837513,50.18181818181818
UGC 01913,SABd,2.8966666666666665,4.726913405489911e-11,6.057305544678814e-11,0.048326190498551296,65.0
UGC 01913,SABd,3.3154545454545454,5.2479669329149214e-11,5.812303818779929e-11,0.03844411302970246,73.27272727272727
UGC 01913,SABd,3.7825,5.813817211662211e-11,5.514300116575572e-11,0.031132691928534656,82.375
UGC 01913,SABd,4.243333333333333,5.3037105417720026e-11,5.205857438515607e-11,0.026203447433559124,83.33333333333333
UGC 01913,SABd,4.685999999999999,6.605909095257832e-11,4.9050373143057413e-11,0.02280437226093851,97.73333333333333
UGC 01913,SABd,5.050909090909091,7.712392935765274e-11,4.6584379050394716e-11,0.020667387943014686,109.63636363636364
UGC 01913,SABd,5.533333333333333,6.873640812200019e-11,4.339244954282674e-11,0.018487456817474983,108.33333333333333
UGC 01913,SABd,6.015294117647059,4.5077054689653305e-11,4.0321655675331896e-11,0.016834992051609,91.47058823529412
UGC 01913,SABd,6.403076923076924,5.014672596662166e-11,3.7956886321425354e-11,0.015783270101466164,99.53846153846153
UGC 01913,SABd,6.862,5.6938159056707725e-11,3.529452005072913e-11,0.014779382815477034,109.8
UGC 01913,SABd,7.314285714285714,5.772647151675703e-11,3.2823046007218905e-11,0.0139875703224699,114.14285714285714
UGC 01913,SABd,7.7799999999999985,4.394723525131023e-11,3.043951007508106e-11,0.013331166550075619,102.71428571428571
UGC 01913,SABd,8.216666666666667,4.238693896610527e-11,2.8352536674657126e-11,0.012831627620373888,103.66666666666667
UGC 01913,SABd,8.89,4.09599506143947e-11,2.540693066119134e-11,0.012232332626927198,106.0
UGC 02080,SABcd,0.2866666666666667,8.622482695527866e-10,7.188771403831044e-11,0.5727584905910921,87.33333333333333
UGC 02080,SABcd,0.7013333333333333,3.208946539769848e-10,6.324985880374685e-11,0.20152860723420576,83.33333333333333
UGC 02080,SABcd,1.1537037037037035,1.635166873870294e-10,6.729153396139612e-11,0.08558859197023509,76.29629629629629
UGC 02080,SABcd,1.580940170940171,1.5306102158890927e-10,7.001481655738569e-11,0.0474583069374023,86.41025641025641
UGC 02080,SABcd,2.006,1.4518949703593263e-10,7.091992003841631e-11,0.030298266658805743,94.8
UGC 02080,SABcd,2.431,1.4529995950719185e-10,7.03799629816447e-11,0.021257199126427335,104.4
UGC 02080,SABcd,2.834,1.3437181188205145e-10,6.890230455470536e-11,0.016178103182157663,108.4
UGC 02080,SABcd,3.3019999999999996,1.2710332447362776e-10,6.638407652453796e-11,0.012478516168798488,113.8
UGC 02080,SABcd,3.746666666666667,1.0214029055901226e-10,6.34791810330476e-11,0.010187637269066347,108.66666666666667
UGC 02080,SABcd,4.237777777777778,8.828343136360898e-11,5.994205775118255e-11,0.008462763647287461,107.44444444444444
UGC 02080,SABcd,4.654999999999999,8.688547816471978e-11,5.680857212575923e-11,0.007414871480563674,111.71428571428571
UGC 02080,SABcd,5.1386666666666665,8.633178715594949e-11,5.314727717679465e-11,0.006513584140945631,117.0
UGC 02080,SABcd,5.497142857142856,8.672248858816409e-11,5.046636257928024e-11,0.005998683029037528,121.28571428571429
UGC 02080,SABcd,6.026666666666666,7.487490734439714e-11,4.661868284960622e-11,0.005406987248955084,118.0
UGC 02080,SABcd,6.410000000000001,7.099505924680208e-11,4.394537574289648e-11,0.005072347303868459,118.5
UGC 02080,SABcd,7.029999999999999,6.310530255078793e-11,3.985846111289588e-11,0.004651498479105113,117.0
UGC 02080,SABcd,7.324999999999999,5.953300494029131e-11,3.802434177756604e-11,0.00449168584717645,116.0
UGC 02080,SABcd,7.778918918918919,5.437399682679545e-11,3.53458406528404e-11,0.004285314504369492,114.24324324324324
UGC 02080,SABcd,8.629999999999999,8.059607798942912e-11,3.0791809447742805e-11,0.0039975169532827405,146.5
UGC 02080,SABcd,8.89,6.351781590470035e-11,2.951926458409467e-11,0.003929670727128711,132.0
UGC 02183,Sa,0.257843137254902,1.4279480968894769e-09,3.257017442432475e-09,0.9927153253755279,106.58823529411765
UGC 02183,Sa,0.47,1.325854138803981e-09,1.7574519999498716e-09,0.9811504337467833,138.66666666666666
UGC 02183,Sa,0.7166666666666667,9.075438126447882e-10,1.0594104811227596e-09,0.9622616334319515,141.66666666666666
UGC 02183,Sa,0.9,8.21033428651344e-10,7.878741163003895e-10,0.9450365181162892,151.0
UGC 02183,Sa,1.3878947368421053,5.89147711329642e-10,4.338881611965924e-10,0.890125771996665,158.8421052631579
UGC 02183,Sa,2.02,4.367832482926873e-10,2.5404237156189845e-10,0.8114143209619896,165.0
UGC 02183,Sa,2.64,2.949231910185639e-10,1.7322756093377428e-10,0.7384181639413203,155.0
UGC 02503,SAB(r)b,6.130000000000001,4.08581381085511e-10,1.9965215301078126e-10,0.22276719193011607,278.0
UGC 02503,SAB(r)b,8.17,2.8490297635869284e-10,1.5277531668158806e-10,0.16392990111221686,268.0
UGC 02503,SAB(r)b,8.37,2.9068667375666087e-10,1.4896794372632965e-10,0.1601814173165785,274.0
UGC 02503,SAB(r)b,9.514999999999999,2.6512401541738185e-10,1.291562221500882e-10,0.14296295736947118,279.0
UGC 02503,SAB(r)b,10.51,2.4347780539849334e-10,1.143129796699942e-10,0.1323900950241659,281.0
UGC 02503,SAB(r)b,11.28,2.017586219869065e-10,1.041194553962404e-10,0.12618460884268456,265.0
UGC 02503,SAB(r)b,11.7,2.1483943029291127e-10,9.898701066550128e-11,0.12336914091294197,278.5
UGC 02503,SAB(r)b,12.426666666666668,2.108387140569854e-10,9.075999318695324e-11,0.11927590504809762,284.3333333333333
UGC 02503,SAB(r)b,13.265,1.9774556040893272e-10,8.220958805204215e-11,0.11556318227011741,284.5
UGC 02503,SAB(r)b,14.27,1.705008731144535e-10,7.314458888538985e-11,0.11223448643545102,274.0
UGC 02503,SAB(r)b,14.88,1.8697423469053043e-10,6.820732021238707e-11,0.11069286388131729,293.0
UGC 02503,SAB(r)b,15.16,1.6521133681096194e-10,6.60721963631177e-11,0.11008783394262965,278.0
UGC 02800,Im,1.1,3.0168709021736635e-11,3.5267668596015572e-12,0.0,32.0
UGC 02800,Im,1.41,8.136999205287527e-11,3.734016732911523e-12,0.0,59.5
UGC 02800,Im,2.09,6.960697717854428e-11,3.8382461593921386e-12,0.0,67.0
UGC 02800,Im,2.79,8.002053234760657e-11,3.6764959145007754e-12,0.0,83.0
UGC 02800,Im,3.78,6.639310798269091e-11,3.260627147821451e-12,0.0,88.0
UGC 02800,Im,4.526136363636363,5.764620947424242e-11,2.906426766025475e-12,0.0,89.72727272727273
UGC 02800,Im,5.72,6.60847021539844e-11,2.364415402844438e-12,0.0,108.0
UGC 02855,SABc,0.37,1.199088337094415e-10,9.830302266168043e-10,0.734906496067035,37.0
UGC 02855,SABc,1.0147058823529411,6.232916487726893e-11,5.439616181258855e-10,0.24839191239047823,44.1764705882353
UGC 02855,SABc,1.533888888888889,1.3074860072791985e-10,5.05753576802968e-10,0.11819681224004047,78.66666666666667
UGC 02855,SABc,2.47,2.3208965526713104e-10,4.6257083472884863e-10,0.04987364157480507,133.0
UGC 02855,SABc,3.08,2.560636519088249e-10,4.2761493675079063e-10,0.03469691046827351,156.0
UGC 02855,SABc,3.532,3.039285763973815e-10,3.9966211196571644e-10,0.02822999498028987,182.0
UGC 02855,SABc,4.145,2.604058026756487e-10,3.6122833354349994e-10,0.022678498546018354,182.5
UGC 02855,SABc,4.796666666666667,2.473381971667759e-10,3.216896796989733e-10,0.01901642912369423,191.33333333333334
UGC 02855,SABc,5.44,2.0388910143609078e-10,2.8530022956325063e-10,0.016670370621499477,185.0
UGC 02855,SABc,6.07375,2.1637329044710945e-10,2.526357987165897e-10,0.015102069382552421,201.375
UGC 02855,SABc,6.756666666666665,2.0266343470780282e-10,2.2118205031095096e-10,0.013938957961904148,205.55555555555554
UGC 02855,SABc,7.3725,1.9524046806242357e-10,1.9608468760612386e-10,0.013206019455507185,210.75
UGC 02855,SABc,7.9479999999999995,1.7169051732738479e-10,1.752660430308548e-10,0.012712520820401882,205.2
UGC 02855,SABc,8.664285714285715,1.6027189817210405e-10,1.5260571180579982e-10,0.012285953196218507,207.0
UGC 02855,SABc,9.241666666666665,1.8069696952834485e-10,1.3670113637133855e-10,0.012055145343219796,227.0
UGC 02855,SABc,9.764999999999999,1.519864089497124e-10,1.2390876289598825e-10,0.011912383313200537,214.0
UGC 02855,SABc,10.35,1.0486034553063027e-10,1.1123885065328983e-10,0.011811579659394764,183.0
UGC 02855,SABc,11.36,1.4442293268320509e-10,9.284863279012865e-11,0.011746622172814906,225.0
UGC 02855,SABc,12.82,1.592607925228428e-10,7.249410160866844e-11,0.011813169985234606,251.0
UGC 03013,SBb,0.7831818181818182,5.058796324982149e-10,5.244813331156408e-10,0.9459754843637144,110.56818181818181
UGC 03013,SBb,1.5074285714285711,5.128952845565262e-10,3.108729886138346e-10,0.8677951350323594,154.45714285714286
UGC 03013,SBb,4.34,3.713380490432692e-10,1.375519364149152e-10,0.5647894691731495,223.0
UGC 03013,SBb,5.69,2.143584698374835e-10,1.1460382537156598e-10,0.46560043208319,194.0
UGC 03013,SBb,8.16,1.572770841192234e-10,8.994291810400874e-11,0.3467640299718288,199.0
UGC 03013,SBb,9.92,1.3067658425178892e-10,7.796593424482691e-11,0.2939275233898906,200.0
UGC 03013,SBb,12.88,1.109614648016277e-10,6.254474633314355e-11,0.23827179277961913,210.0
UGC 03013,SBb,14.27,8.284994341851428e-11,5.662337476374218e-11,0.22108374967161085,191.0
UGC 03013,SBb,16.985000000000003,9.875218316120394e-11,4.680959907926596e-11,0.1975459011511256,227.5
UGC 03013,SBb,19.39,9.308841841407599e-11,3.968101009591147e-11,0.18412457482749986,236.0
UGC 03013,SBb,22.46,5.4305418226860244e-11,3.228262995100019e-11,0.17339454436902463,194.0
UGC 03013,SBb,23.56,4.3094386400255737e-11,3.0022835903056267e-11,0.17079009714678495,177.0
UGC 03334,SABc,1.123888888888889,1.1662675927004653e-09,1.130721383005291e-10,0.32570178376888687,201.11111111111111
UGC 03334,SABc,2.5226666666666664,9.696439611146716e-10,1.5072992690831114e-10,0.23880745869949285,274.73333333333335
UGC 03334,SABc,4.003235294117648,8.748447815785318e-10,1.6746411030252274e-10,0.2008417504181238,328.7352941176471
UGC 03334,SABc,5.451639344262294,8.356664668301633e-10,1.710928263129342e-10,0.17364672555921815,374.9344262295082
UGC 03334,SABc,7.275112781954887,6.302788368304197e-10,1.6547429481003534e-10,0.14120114107685505,376.1503759398496
UGC 03334,SABc,8.891666666666667,5.171072883088422e-10,1.5586981889663567e-10,0.11435340144233182,376.6666666666667
UGC 03334,SABc,10.403749999999999,4.599252991244381e-10,1.456025655380126e-10,0.09344262256347288,384.25
UGC 03334,SABc,11.844285714285714,3.4150159179582494e-10,1.3573229099123415e-10,0.07823576214841427,353.2857142857143
UGC 03334,SABc,13.446,2.637468914056696e-10,1.25097437404898e-10,0.0660224343362436,330.8
UGC 03334,SABc,15.174999999999997,2.447023279986403e-10,1.1419124408445058e-10,0.056798802983980476,338.5
UGC 03334,SABc,16.89666666666667,2.3316817735580394e-10,1.0400622554331081e-10,0.050300522458823646,348.6666666666667
UGC 03334,SABc,18.508333333333333,2.4057428699905105e-10,9.512699066427271e-11,0.0458348293855202,370.6666666666667
UGC 03334,SABc,20.057499999999997,2.749290045965438e-10,8.720705061814963e-11,0.042572465581932964,412.5
UGC 03334,SABc,21.336666666666662,2.9027989860836294e-10,8.112167973338847e-11,0.040443052187098254,437.1666666666667
UGC 03334,SABc,22.973333333333333,2.260835407174425e-10,7.392187141018532e-11,0.03828362225782518,400.3333333333333
UGC 03334,SABc,24.77,1.76220154104147e-10,6.674568490539048e-11,0.0364719342645035,367.0
UGC 03334,SABc,25.92,1.9409167198155303e-10,6.25314515349929e-11,0.035552119667626794,394.0
UGC 03334,SABc,28.109999999999996,1.8631195172229356e-10,5.526736131773289e-11,0.03420137624244772,402.0
UGC 03334,SABc,29.9,1.5404973900650106e-10,5.001295467338131e-11,0.03340481833167573,377.0
UGC 03334,SABc,31.99,1.2481001851792286e-10,4.457605004984755e-11,0.03274190476628826,351.0
UGC 03382,SBa,4.76,5.186336200687268e-10,2.1646914948558686e-10,0.24519413474806986,276.0
UGC 03382,SBa,6.01,4.3799051212166146e-10,1.7357270684372112e-10,0.19284911951068945,285.0
UGC 03382,SBa,6.28,4.959217989101966e-10,1.6582362590694354e-10,0.18499475829156944,310.0
UGC 03382,SBa,7.360000000000001,4.177082697199051e-10,1.3868688745267995e-10,0.16130403989570932,308.0
UGC 03382,SBa,8.65,3.1075514148401546e-10,1.1269936390234356e-10,0.1438397903746985,288.0
UGC 03382,SBa,8.84,4.237942147734939e-10,1.0935807673818142e-10,0.14194283151993936,340.0
UGC 03382,SBa,11.32,2.4410053474839603e-10,7.467248767890858e-11,0.12683923299571806,292.0
UGC 03382,SBa,13.42,2.9751657916455677e-10,5.5084573682092644e-11,0.12235739683764012,351.0
UGC 03463,SABbc,1.4211111111111112,2.2956829116727824e-10,1.6458221416676813e-10,0.5775681928001667,100.33333333333333
UGC 03463,SABbc,2.2846666666666664,1.8868453137589806e-10,1.1712464443449205e-10,0.3155441856036568,115.33333333333333
UGC 03463,SABbc,3.39,1.4699180635544705e-10,1.0036966092405457e-10,0.1672583537425993,124.0
UGC 03463,SABbc,4.69,1.3414876109189227e-10,8.927782970407637e-11,0.09824275187170164,139.33333333333334
UGC 03463,SABbc,5.766666666666667,1.1924631601655123e-10,8.109563719756157e-11,0.07153896316572184,145.66666666666666
UGC 03463,SABbc,6.619999999999999,1.166033258641993e-10,7.483159325144366e-11,0.058828646714083006,154.33333333333334
UGC 03463,SABbc,7.413333333333333,1.1472708409016806e-10,6.921057539831812e-11,0.050721292589229805,162.0
UGC 03463,SABbc,8.283333333333335,1.1086247327841034e-10,6.333272183906396e-11,0.04439677246811728,168.33333333333334
UGC 03463,SABbc,9.16,9.710112221086404e-11,5.776604866085775e-11,0.03980395437863725,165.66666666666666
UGC 03463,SABbc,10.046666666666667,9.176688411326889e-11,5.25337449183101e-11,0.03638375188254533,168.66666666666666
UGC 03463,SABbc,10.862499999999999,8.420506758598643e-11,4.808500203771656e-11,0.034003264303489204,168.0
UGC 03463,SABbc,11.68,7.877826693555374e-11,4.3977391359261425e-11,0.032156937305617195,168.5
UGC 03463,SABbc,12.463333333333333,6.993634643131505e-11,4.0361385560269354e-11,0.030771972904882414,164.0
UGC 03463,SABbc,13.333333333333334,6.32643327690066e-11,3.669561479530329e-11,0.029573190948073716,161.33333333333334
UGC 03463,SABbc,14.2,5.915791546597703e-11,3.3388520017451856e-11,0.02865602657209148,161.0
UGC 03463,SABbc,15.025,5.730733107570538e-11,3.0537221404382284e-11,0.027985389106037532,163.0
UGC 03463,SABbc,16.9,5.940022442001695e-11,2.5014806659016912e-11,0.027003450952491306,176.0
UGC 03463,SABbc,17.31,5.0354708127611586e-11,2.3965669596061166e-11,0.026866192706149223,164.0
UGC 03521,Sc,1.8133333333333332,1.6470784153411363e-10,8.196183221085391e-11,0.357954054473569,96.0
UGC 03521,Sc,2.29,1.6813842243619432e-10,7.440922438092192e-11,0.2585036476143307,109.0
UGC 03521,Sc,3.45,1.5875121736698482e-10,6.464001770657798e-11,0.13453752783605957,130.0
UGC 03521,Sc,4.05,1.501881147742748e-10,6.091794291705232e-11,0.10379628490264392,137.0
UGC 03521,Sc,5.61,1.4058396575386465e-10,5.1964099831908714e-11,0.0634670141136765,156.0
UGC 03521,Sc,7.349999999999999,1.0868295061974716e-10,4.2755297088919734e-11,0.044939288440035224,157.0
UGC 03521,Sc,8.27,1.0031916542899123e-10,3.834573606602496e-11,0.03957883556107579,160.0
UGC 03528,SBab,0.515,1.4443335232262024e-09,1.1358644174122e-09,0.8877603387059799,151.5
UGC 03528,SBab,1.615,5.66363805976952e-10,4.062275573268168e-10,0.5201344118084654,168.0
UGC 03528,SBab,4.41,5.557458815515421e-10,1.9524442946176658e-10,0.15380828728252477,275.0
UGC 03528,SBab,4.67,4.583516729946699e-10,1.862348607398113e-10,0.14380029382820148,257.0
UGC 03528,SBab,7.1,2.4780093921781006e-10,1.2081815175105735e-10,0.09590224014343907,233.0
UGC 03708,Sbc pec,0.41200000000000003,9.20887886615404e-10,2.2489342409777414e-10,0.0,108.2
UGC 03708,Sbc pec,0.8699999999999999,4.67268223066553e-10,3.1112873856753717e-10,0.0,112.0
UGC 03708,Sbc pec,0.92,7.102942781777845e-10,3.1662615465527874e-10,0.0,142.0
UGC 03708,Sbc pec,1.3470833333333332,5.857821754039006e-10,3.4489173105898634e-10,0.0,156.04166666666666
UGC 03708,Sbc pec,1.982307692307692,5.33660759719073e-10,3.485914814075346e-10,0.0,180.67307692307693
UGC 03708,Sbc pec,2.97,5.4750620076485e-10,3.15068302575857e-10,0.0,224.0
UGC 03708,Sbc pec,3.23,5.170096470767142e-10,3.030225584118436e-10,0.0,227.0
UGC 03809,SAB(r)bc,2.6799999999999997,3.598262639236153e-10,1.7461831732507897e-10,0.20317990205308395,172.5
UGC 03809,SAB(r)bc,4.741666666666667,3.3835957054071365e-10,1.5891238104911426e-10,0.07985790708453773,222.5
UGC 03809,SAB(r)bc,5.885,2.76311540572915e-10,1.4960691640134293e-10,0.05576406557123013,224.0
UGC 03809,SAB(r)bc,6.829999999999999,2.5100618508287984e-10,1.412004548123805e-10,0.04404256104820388,230.0
UGC 03809,SAB(r)bc,8.1275,2.2586367526457904e-10,1.2914682665047292e-10,0.0340783422073945,238.0
UGC 03809,SAB(r)bc,9.4275,2.0007257317772665e-10,1.1707536417279724e-10,0.027959117896390186,241.25
UGC 03809,SAB(r)bc,10.643333333333334,1.817762880933577e-10,1.0620375454507882e-10,0.024187231593132925,244.33333333333334
UGC 03809,SAB(r)bc,11.787500000000001,1.69436223625521e-10,9.655598644265833e-11,0.02169172334023926,248.25
UGC 03809,SAB(r)bc,13.090000000000002,1.539936122872297e-10,8.639448555114019e-11,0.01965922981747493,249.4
UGC 03809,SAB(r)bc,14.410000000000002,1.3673225513009332e-10,7.704675610519477e-11,0.018190930968760347,246.57142857142858
UGC 03809,SAB(r)bc,15.56166666666667,1.3033235121733322e-10,6.967216852369983e-11,0.017249141622861713,250.16666666666666
UGC 03809,SAB(r)bc,16.823999999999998,1.240804702170451e-10,6.239229654422947e-11,0.016479738696520658,253.8
UGC 03809,SAB(r)bc,18.0325,1.2692292156225427e-10,5.616155825722258e-11,0.01593635782021878,265.75
UGC 03809,SAB(r)bc,18.97,1.0762906484674984e-10,5.178963007807583e-11,0.01561574586006062,251.0
UGC 03809,SAB(r)bc,20.08,1.0412456007858201e-10,4.709339323530136e-11,0.015326848268939503,254.0
UGC 03809,SAB(r)bc,21.27,1.0299796895460229e-10,4.258725622592698e-11,0.015105170936751084,260.0
UGC 03809,SAB(r)bc,22.8775,9.200473242181678e-11,3.727361106382065e-11,0.014918381209184864,254.85
UGC 03809,SAB(r)bc,24.9,6.647632248500418e-11,3.167376769070706e-11,0.014819784247170847,226.0
UGC 03876,SAd,0.17666666666666667,1.2084641765481535e-10,4.053458020160371e-11,0.7130989982993401,25.666666666666668
UGC 03876,SAd,0.453,8.270068120524694e-11,3.6791003837635833e-11,0.4663675189689935,34.0
UGC 03876,SAd,0.7291666666666666,9.957649309311419e-11,3.449915540285308e-11,0.3133921531586044,47.333333333333336
UGC 03876,SAd,1.02,8.924851984361981e-11,3.279110426765255e-11,0.21386149402333307,53.0
UGC 03876,SAd,1.3199999999999998,1.1352548056356625e-10,3.1268947247853606e-11,0.1510042190497493,68.0
UGC 03876,SAd,1.86,1.1290892467968734e-10,2.8542878519358818e-11,0.09076767813783854,80.5
UGC 03876,SAd,2.2866666666666666,1.0727168414783264e-10,2.629491308252922e-11,0.06663710465872263,87.0
UGC 03876,SAd,2.55,1.1229617961384475e-10,2.4889630701463067e-11,0.05695081546602832,94.0
UGC 03876,SAd,2.8449999999999998,1.094005071909444e-10,2.3326151599608895e-11,0.04899235473981252,98.0
UGC 03876,SAd,3.1566666666666667,9.330615373438622e-11,2.1710808556439347e-11,0.04283574847307209,95.33333333333333
UGC 03876,SAd,3.4933333333333336,1.0163100344212996e-10,2.0031398105833843e-11,0.03794517686988644,104.66666666666667
UGC 03876,SAd,3.81,1.0105957673986482e-10,1.852973823641359e-11,0.03449896631899556,109.0
UGC 03876,SAd,4.0344444444444445,9.369431194952125e-11,1.7516681551132963e-11,0.03255154418739832,108.0
UGC 03876,SAd,5.04,7.639622765454068e-11,1.3537056921274424e-11,0.026995429501245033,109.0
UGC 03915,SBc,0.27,1.5326485461820406e-09,1.4833119452133402e-09,0.9527305868533306,113.0
UGC 03915,SBc,0.8099999999999999,8.645678971062135e-10,2.9520195050278873e-10,0.5770119472220763,147.0
UGC 03915,SBc,1.2775,4.796163087362624e-10,2.1312107514997823e-10,0.32136034645098394,137.5
UGC 03915,SBc,1.39,7.554046689064563e-10,2.0516588716183978e-10,0.2819720096142388,180.0
UGC 03915,SBc,1.985714285714286,4.312331062713259e-10,1.8149791091790355e-10,0.15618369861601422,162.55102040816325
UGC 03915,SBc,2.445,4.19962580804725e-10,1.700291949417744e-10,0.10996630411979842,178.0
UGC 03915,SBc,2.943333333333333,3.9887765961107223e-10,1.587510877202974e-10,0.0812728046438961,190.33333333333334
UGC 03915,SBc,3.37,3.8082522445485545e-10,1.4929266473231524e-10,0.06592385308321702,199.0
UGC 03915,SBc,3.7266666666666666,3.3749034913429257e-10,1.4146448350432458e-10,0.056892148964014295,197.0
UGC 03915,SBc,4.2299999999999995,3.009652733197931e-10,1.306255030314486e-10,0.04782248546024249,198.2
UGC 03915,SBc,4.7333333333333325,2.81220524707315e-10,1.2017096532553633e-10,0.041515199119397904,202.66666666666666
UGC 03915,SBc,5.080000000000001,2.5773764581268064e-10,1.1326357819217359e-10,0.038240463912076236,201.0
UGC 03915,SBc,5.44,2.4428714290032717e-10,1.0638247805470631e-10,0.035503645830191465,202.5
UGC 03915,SBc,5.89,2.2451062500252608e-10,9.823350919698842e-11,0.03279824504161055,202.0
UGC 03915,SBc,6.470000000000001,1.9835873360322455e-10,8.850607779463159e-11,0.030168880722730287,199.0
UGC 03915,SBc,6.789999999999999,1.9282875415735169e-10,8.351717130713996e-11,0.029028562455643843,201.0
UGC 03915,SBc,7.26,1.8759469647231327e-10,7.666976288357852e-11,0.027659446999357875,205.0
UGC 03915,SBc,7.77,1.701888778976678e-10,6.986510935085045e-11,0.026499548452835184,202.0
UGC 03915,SBc,8.54,1.579253757722678e-10,6.074924087993467e-11,0.025228083380035075,204.0
UGC 03915,SBc,8.92,1.4678332295161634e-10,5.672676563963338e-11,0.02476413274699034,201.0
UGC 04026,Sab,1.545,1.4371243625010185e-09,4.2315559057799547e-10,0.3435764005460757,261.75
UGC 04026,Sab,2.03,1.3518838965982184e-09,3.8989523740785187e-10,0.25202462523698865,291.0
UGC 04026,Sab,2.6538461538461537,7.20171898870934e-10,3.5950085685702976e-10,0.18110725719528697,242.84615384615384
UGC 04026,Sab,3.035,6.754088362792663e-10,3.432261679450088e-10,0.15285495174992553,251.5
UGC 04026,Sab,3.555,6.425973060696361e-10,3.2205633536908373e-10,0.12529374980235916,265.5
UGC 04026,Sab,4.075,5.669494840863787e-10,3.0156399769476434e-10,0.10596794250645576,267.0
UGC 04026,Sab,4.36,5.744504279940786e-10,2.905807562405461e-10,0.09776301396321796,278.0
UGC 04026,Sab,4.97,4.85979959080481e-10,2.6773270812848654e-10,0.08414855185108804,273.0
UGC 04026,Sab,5.85,4.3122307806775867e-10,2.366803340837767e-10,0.07085009772200074,279.0
UGC 04026,Sab,6.46,3.417416810777702e-10,2.166999793055749e-10,0.06444471653781303,261.0
UGC 04026,Sab,7.52,3.306672261965116e-10,1.8526208282301637e-10,0.056713222156086186,277.0
UGC 04026,Sab,8.51,3.314087164088083e-10,1.596959737845647e-10,0.05201368729945038,295.0
UGC 04273,SBb,0.38789473684210524,4.819045515008384e-10,1.1940307664418613e-09,0.9233549660955225,75.94736842105263
UGC 04273,SBb,0.8788235294117649,4.6549676847869856e-10,3.90080545647886e-10,0.6501124601201786,112.3529411764706
UGC 04273,SBb,1.47,3.3898110445235754e-10,2.4949233479195456e-10,0.36352486179597304,124.0
UGC 04273,SBb,4.69,1.5340840299563826e-10,1.3672786628394817e-10,0.06516633487639054,149.0
UGC 04273,SBb,5.08,1.74735738056503e-10,1.280659356395275e-10,0.059301402726443325,165.5
UGC 04273,SBb,5.78,1.6877984146310835e-10,1.13584909488272e-10,0.05164754759942326,173.5
UGC 04273,SBb,6.465,1.5971928834508695e-10,1.0077566983863025e-10,0.046530022844651235,178.5
UGC 04273,SBb,7.202500000000001,1.5945427144468585e-10,8.847715494018399e-11,0.042700045198604895,188.25
UGC 04273,SBb,7.946666666666666,1.5560271880285756e-10,7.756187087531093e-11,0.04001361128399352,195.33333333333334
UGC 04273,SBb,8.91,1.454895303903194e-10,6.546976532495867e-11,0.037707681091414036,200.0
UGC 04273,SBb,10.78,1.1785854477122162e-10,4.75066499500061e-11,0.035500468940066685,198.0
UGC 04273,SBb,11.38,1.082870232698787e-10,4.3005183080533393e-11,0.03519011553628898,195.0
UGC 04273,SBb,13.29,1.212646450600292e-10,3.175631857584148e-11,0.034941850861581594,223.0
UGC 04273,SBb,13.72,1.0317819252348346e-10,2.975334681875225e-11,0.03499306394166778,209.0
UGC 04284,SAcd,0.19833333333333333,3.6357776335114454e-11,7.091505659840615e-11,0.851861735920389,14.916666666666666
UGC 04284,SAcd,0.42999999999999994,5.936030404811946e-11,4.482756423017692e-11,0.6436120385470196,28.06451612903226
UGC 04284,SAcd,0.7380327868852459,8.685877831298413e-11,3.557192682602315e-11,0.4475423591669163,44.47540983606557
UGC 04284,SAcd,1.015,8.633563742519767e-11,3.198015053984723e-11,0.3392383338342175,52.0
UGC 04284,SAcd,1.2933333333333334,7.306787944345182e-11,2.9575756717722854e-11,0.2694161090904834,54.0
UGC 04284,SAcd,1.6000000000000003,7.91205881212003e-11,2.741009822919253e-11,0.2189840498578713,62.5
UGC 04284,SAcd,1.9749999999999999,6.206297451899216e-11,2.5031779180518797e-11,0.17909650440637018,61.5
UGC 04284,SAcd,2.2525,5.7558002646516195e-11,2.337694325121475e-11,0.15890021044044794,63.25
UGC 04284,SAcd,2.5416666666666665,6.397439990774737e-11,2.1730432484714662e-11,0.14325317597020734,70.83333333333333
UGC 04284,SAcd,2.863,7.190262562587028e-11,1.9994545137958417e-11,0.13032182603332967,79.7
UGC 04284,SAcd,3.15,7.52092279386053e-11,1.8531649585158013e-11,0.12158615216212244,85.5
UGC 04284,SAcd,3.433333333333333,7.117155106036148e-11,1.7171694045131048e-11,0.11486815929291,86.83333333333333
UGC 04284,SAcd,3.715,7.667136399362615e-11,1.5904222096379142e-11,0.10961842188525259,93.75
UGC 04284,SAcd,4.12,7.173960513241497e-11,1.4228891076744165e-11,0.10395152614952294,95.5
UGC 04284,SAcd,4.2,7.562589956153385e-11,1.3918150057066113e-11,0.10304420366500334,99.0
UGC 04284,SAcd,4.585,5.853193739561349e-11,1.2512820281336936e-11,0.0994603235329614,91.0
UGC 04284,SAcd,4.88,6.640941166894191e-11,1.1533100310883746e-11,0.09744656110479688,100.0
UGC 04284,SAcd,5.183333333333334,7.337777330065616e-11,1.0608369084621244e-11,0.0959048773920526,108.33333333333333
UGC 04284,SAcd,5.57,8.204677145207414e-11,9.542766524766811e-12,0.09456986409137225,118.75
UGC 04284,SAcd,5.82,7.98028547351346e-11,8.916422970501754e-12,0.09401674894981064,119.71428571428571
UGC 04456,SAc,0.615,4.1740183336079374e-10,1.3889668740816122e-10,0.845096230058766,89.0
UGC 04456,SAc,1.25,7.492681717195371e-12,6.729251902262486e-11,0.5395193957590771,17.0
UGC 04456,SAc,2.164285714285714,5.188330263679631e-10,5.058725168385132e-11,0.25888174232261374,186.14285714285714
UGC 04456,SAc,3.685,2.4969610795312556e-10,4.456117808766301e-11,0.10381808591645347,168.5
UGC 04456,SAc,5.48,1.7904714191098098e-10,3.9392279160425543e-11,0.05332403175638744,174.0
UGC 04456,SAc,6.31,1.1555869098652648e-10,3.6857260270647956e-11,0.04300472477005397,150.0
UGC 04456,SAc,7.17,1.5302625331022095e-10,3.4208887706918485e-11,0.03589382640681065,184.0
UGC 04456,SAc,8.07,1.0800991297260921e-10,3.148595965011294e-11,0.03078809139833997,164.0
UGC 04456,SAc,9.215000000000002,1.4564076194171718e-10,2.8180177881624082e-11,0.02638402396251729,203.5
UGC 04456,SAc,10.13,1.3840974844868805e-10,2.571028224932137e-11,0.02393096713942269,208.0
UGC 04456,SAc,11.34,1.383189749639394e-10,2.2711976920923297e-11,0.021617806990574872,220.0
UGC 04456,SAc,11.37,5.117980028255323e-11,2.2641647774801358e-11,0.021570679650341876,134.0
UGC 04456,SAc,14.45,9.703050185364775e-11,1.6430931870502025e-11,0.01840346533912561,208.0
UGC 04456,SAc,15.26,1.1828207293898647e-10,1.5107852886588744e-11,0.01794675830360618,236.0
UGC 04456,SAc,16.24,7.744544547047191e-11,1.3659733548656495e-11,0.017526039757545322,197.0
UGC 04820,SA(r)ab,1.78,2.079997691816191e-09,9.670950930041454e-10,0.6147452183914426,338.0
UGC 04820,SA(r)ab,1.97,1.543554598812876e-09,8.795113862807998e-10,0.5744599820547943,306.3157894736842
UGC 04820,SA(r)ab,2.2248648648648652,1.3805942894213681e-09,7.868229655982127e-10,0.5256887238571086,307.86486486486484
UGC 04820,SA(r)ab,2.52,1.202214178031084e-09,7.035134207962893e-10,0.4764827308012087,305.75
UGC 04820,SA(r)ab,2.8457142857142856,1.1413046659771732e-09,6.31278929368518e-10,0.4303889193260075,316.57142857142856
UGC 04820,SA(r)ab,3.1625,1.0509866449774535e-09,5.7431681565161e-10,0.3927142222346095,320.25
UGC 04820,SA(r)ab,3.457142857142857,9.693643388662271e-10,5.295800744290065e-10,0.36303476931547063,321.57142857142856
UGC 04820,SA(r)ab,3.7371428571428567,9.370157965635336e-10,4.925280675457287e-10,0.3388729331814261,328.7142857142857
UGC 04820,SA(r)ab,4.025,8.504529501802759e-10,4.587372560654486e-10,0.3175046851885092,325.0
UGC 04820,SA(r)ab,4.31,8.225681515246325e-10,4.287208031987225e-10,0.29928273555874174,330.75
UGC 04820,SA(r)ab,4.625,7.584544671756703e-10,3.9879172727101626e-10,0.28200179376905093,329.0
UGC 04820,SA(r)ab,4.960000000000001,6.986558238729767e-10,3.7006223598368803e-10,0.26638004468184207,327.0
UGC 04820,SA(r)ab,5.2250000000000005,7.044058624361858e-10,3.4925924396805325e-10,0.255718435417114,337.0
UGC 04820,SA(r)ab,5.49,6.158602231119146e-10,3.299380117581452e-10,0.24633606641451225,323.0
UGC 04820,SA(r)ab,5.861818181818181,5.967714490231742e-10,3.050301403102498e-10,0.23501224130470225,328.54545454545456
UGC 04936,SABd,0.6996774193548387,1.5702999664617227e-10,3.808958890599724e-11,0.6213684815555595,58.225806451612904
UGC 04936,SABd,1.4565625000000002,1.4582884897966036e-10,3.208597620286061e-11,0.3644529274738857,80.95833333333333
UGC 04936,SABd,2.3405555555555555,2.645368894411254e-10,2.919712146281917e-11,0.1983025323800335,138.22222222222223
UGC 04936,SABd,3.38,1.2027318167689382e-10,2.7269813948498035e-11,0.10937185651138306,112.0
UGC 04936,SABd,4.365,1.8651928408761442e-10,2.555917595938079e-11,0.07099416370979933,158.5
UGC 04936,SABd,5.347499999999999,1.4372757667781687e-10,2.3730782612403668e-11,0.05110477929639212,154.0
UGC 04936,SABd,6.309999999999999,1.86524409884099e-10,2.186242009280402e-11,0.03986445291695042,190.57142857142858
UGC 04936,SABd,7.1125,1.4396151029694243e-10,2.030052210445307e-11,0.03379407163786674,177.75
UGC 04936,SABd,8.117500000000001,1.5141959845901658e-10,1.839701548763988e-11,0.028629530580953345,194.75
UGC 04936,SABd,9.443333333333333,1.7015101749064855e-10,1.6047234321004993e-11,0.024252584952740693,222.66666666666666
UGC 04936,SABd,10.29,1.2850996902476957e-10,1.466714679240165e-11,0.022347693403415827,202.0
UGC 04936,SABd,11.23,1.2485224860064202e-10,1.325401467489293e-11,0.020763577587137635,208.0
UGC 04936,SABd,12.1775,1.4948169321190764e-10,1.1957168759863973e-11,0.019573321026915724,237.0
UGC 04936,SABd,13.09,1.2725286874599095e-10,1.0825746811895961e-11,0.018709922874855973,226.71428571428572
UGC 04936,SABd,14.116666666666667,1.2391969664113953e-10,9.683024089415979e-12,0.017985968327827718,232.33333333333334
UGC 04936,SABd,15.23,1.1801341404294604e-10,8.587749795914658e-12,0.0174232820506343,235.5
UGC 04936,SABd,16.29,9.281878362695905e-11,7.670942268209958e-12,0.017049760143361473,216.0
UGC 04936,SABd,17.27,1.0013388747194023e-10,6.9213427916038616e-12,0.01681257065430753,231.0
UGC 04936,SABd,18.28,1.0126726137437174e-10,6.236735924678809e-12,0.016653265967774306,239.0
UGC 04936,SABd,19.04,1.1242133996245318e-10,5.774425681027166e-12,0.016579310771605703,257.0
UGC 04936,SABd,19.44,1.4116894599250938e-10,5.5477941026482834e-12,0.01655374652206305,291.0
UGC 05045,SAB(r)c,3.5140000000000002,1.1833108880983709e-09,1.004263165869385e-10,0.5946428202010619,358.2
UGC 05045,SAB(r)c,4.78,9.534196392847568e-10,7.985480244786788e-11,0.4618897276499374,375.0
UGC 05045,SAB(r)c,5.04,1.018556354295923e-09,7.700237218607368e-11,0.43943562259002183,398.0
UGC 05045,SAB(r)c,6.06,8.989686444811845e-10,6.81817659077112e-11,0.36504521567263226,410.0
UGC 05045,SAB(r)c,6.996666666666666,8.340125172532931e-10,6.218068471708933e-11,0.31270492376576725,424.3333333333333
UGC 05045,SAB(r)c,7.95,7.432554051133353e-10,5.725137594218513e-11,0.2713252197403575,427.0
UGC 05045,SAB(r)c,8.66,6.336818115877778e-10,5.408161993230548e-11,0.24650554745892578,411.5
UGC 05045,SAB(r)c,9.23,6.952928697640525e-10,5.1761486262937584e-11,0.2295347797091504,445.0
UGC 05045,SAB(r)c,10.43,5.42897335157121e-10,4.736596284915509e-11,0.20056615776394843,418.0
UGC 05045,SAB(r)c,10.949999999999998,4.878512282692707e-10,4.562506867562751e-11,0.19029913850939334,406.0
UGC 05045,SAB(r)c,12.14,4.753961606107168e-10,4.1936238354349116e-11,0.170782136637089,422.0
UGC 05045,SAB(r)c,13.910000000000002,4.2280637119425273e-10,3.70702610668382e-11,0.149386026747034,426.0
UGC 05045,SAB(r)c,14.25,4.224634397098068e-10,3.6208403802293927e-11,0.14606835014824507,431.0
UGC 05045,SAB(r)c,16.45,3.12068329826836e-10,3.112142626147881e-11,0.12904462841709738,398.0
UGC 05228,SBc,0.33037037037037037,4.9906305582478646e-11,4.653757948368907e-12,0.0,22.555555555555557
UGC 05228,SBc,0.6715789473684212,7.99771300374511e-11,6.867144875780881e-12,0.0,40.71052631578947
UGC 05228,SBc,1.1036363636363637,1.248100155051208e-10,8.417219839319248e-12,0.0,65.1948051948052
UGC 05228,SBc,1.5173333333333334,1.43730578667874e-10,9.180987579338171e-12,0.0,82.03333333333333
UGC 05228,SBc,1.9375,1.5175314917259146e-10,9.519326729569371e-12,0.0,95.25
UGC 05228,SBc,2.45,1.5860307704187875e-10,9.555928132003791e-12,0.0,109.5
UGC 05228,SBc,2.8475,1.5579640980932016e-10,9.400613610777047e-12,0.0,117.0
UGC 05228,SBc,3.285,1.3678419298889407e-10,9.111174380178664e-12,0.0,117.75
UGC 05228,SBc,3.725,1.2737785121276495e-10,8.739874458745473e-12,0.0,121.0
UGC 05228,SBc,4.153333333333333,1.1868985680174786e-10,8.332319932944597e-12,0.0,123.33333333333333
UGC 05228,SBc,4.62,1.1854798699482635e-10,7.861535306206314e-12,0.0,130.0
UGC 05228,SBc,4.995,9.895730914399962e-11,7.47575621203174e-12,0.0,123.5
UGC 05228,SBc,5.44,7.878548915974581e-11,7.0198703405773795e-12,0.0,115.0
UGC 05228,SBc,5.873333333333333,7.596396463853851e-11,6.5853866346123744e-12,0.0,117.33333333333333
UGC 05228,SBc,6.36,7.095064595318134e-11,6.115046045376813e-12,0.0,118.0
UGC 05228,SBc,6.75,7.743782097696024e-11,5.754677053140447e-12,0.0,127.0
UGC 05228,SBc,7.163333333333334,7.829836257317475e-11,5.390625214518005e-12,0.0,131.55555555555554
UGC 05228,SBc,8.77,5.866660433206241e-11,4.160833465599448e-12,0.0,126.0
UGC 05251,Sbc,0.4206666666666667,1.764332974176214e-11,3.662516741227743e-11,0.7633591557457038,15.133333333333333
UGC 05251,Sbc,1.0453846153846154,4.440346396785311e-11,4.125854076762946e-11,0.653428537667609,37.84615384615385
UGC 05251,Sbc,1.6250943396226414,6.981861766422291e-11,3.802217461497499e-11,0.5525161432889764,59.16981132075472
UGC 05251,Sbc,2.2939024390243903,7.175748706250255e-11,3.019710604357066e-11,0.38449611076585105,71.26829268292683
UGC 05251,Sbc,2.8932142857142855,4.9908141073830256e-11,2.6430045091221364e-11,0.2761984577410381,66.75
UGC 05251,Sbc,3.365,4.9926299662643647e-11,2.4577292428633986e-11,0.21957160726892766,72.0
UGC 05251,Sbc,4.11,6.89335833166545e-11,2.2430168823857037e-11,0.16127392986716568,93.5
UGC 05251,Sbc,4.865,6.930538073459233e-11,2.066388780003149e-11,0.12494032481600405,102.0
UGC 05251,Sbc,5.446666666666666,7.687496053771527e-11,1.943266875997058e-11,0.1059952276713786,113.66666666666667
UGC 05251,Sbc,6.31,6.558084112030919e-11,1.772993796886565e-11,0.08655943645562814,113.0
UGC 05251,Sbc,7.22,5.23551933962314e-11,1.60631424256925e-11,0.07297522617776761,108.0
UGC 05251,Sbc,8.01,4.460623179291401e-11,1.4716219020699862e-11,0.06471710474766006,105.0
UGC 05251,Sbc,8.625,4.713314250062622e-11,1.3732123602549589e-11,0.05981697459089022,112.0
UGC 05251,Sbc,9.92,5.023207898638766e-11,1.1844462173086994e-11,0.05242538944557607,124.0
UGC 05251,Sbc,10.97,4.325273434526431e-11,1.0493456695875727e-11,0.04838920925056691,121.0
UGC 05251,Sbc,11.24,4.1518880576511433e-11,1.0171042706229752e-11,0.04755347454748147,120.0
UGC 05251,Sbc,11.68,3.9954813157533266e-11,9.666733182745872e-12,0.04633561565974379,120.0
UGC 05251,Sbc,12.68,4.38604206515416e-11,8.613733507322991e-12,0.044121515008083985,131.0
UGC 05251,Sbc,12.919999999999998,4.1741337581767556e-11,8.379374641206809e-12,0.04368614465580152,129.0
UGC 05510,SABbc,0.1791666666666667,2.046800553115951e-10,8.209726612533709e-10,0.9529571589852767,33.638888888888886
UGC 05510,SABbc,0.5494117647058824,4.001886985364827e-10,2.109550842520741e-10,0.6707717389190194,82.36764705882354
UGC 05510,SABbc,0.9356060606060606,3.475384594168026e-10,1.3327181807934262e-10,0.3882234661854578,100.16666666666667
UGC 05510,SABbc,1.2896,2.825750859942481e-10,1.1204061961242857e-10,0.24524401361977435,106.04
UGC 05510,SABbc,1.6783333333333335,2.6282387484735827e-10,9.951414264548972e-11,0.16335101323221596,116.66666666666667
UGC 05510,SABbc,2.032,2.816927781972197e-10,9.085761651382104e-11,0.12210502760106294,132.9
UGC 05510,SABbc,2.3910000000000005,2.7446039171038434e-10,8.30538849705824e-11,0.09648753759012058,142.3
UGC 05510,SABbc,2.76875,2.298248378705788e-10,7.545874504860293e-11,0.07920033310818714,140.125
UGC 05510,SABbc,3.1683333333333334,2.2759470720034823e-10,6.799965952125337e-11,0.06711808027597226,149.16666666666666
UGC 05510,SABbc,3.5260000000000002,2.1067785944830447e-10,6.181838055818651e-11,0.059611049776798035,151.4
UGC 05510,SABbc,3.8475000000000006,1.758759759803007e-10,5.6666791696585214e-11,0.05461644631646079,144.5
UGC 05510,SABbc,4.2,1.607435101054589e-10,5.145794320977797e-11,0.05047292111206228,144.33333333333334
UGC 05510,SABbc,4.6,1.7661855729006884e-10,4.609097658073348e-11,0.046976203763998796,158.33333333333334
UGC 05510,SABbc,4.98,1.7360801146711112e-10,4.150380530404941e-11,0.04451054408630375,163.33333333333334
UGC 05510,SABbc,5.383333333333334,1.6722287355234077e-10,3.714485314702378e-11,0.04256065678689394,166.66666666666666
UGC 05510,SABbc,5.746666666666666,1.5790590565683254e-10,3.363341348503879e-11,0.041248347314863,167.33333333333334
UGC 05510,SABbc,6.1,1.206018528143245e-10,3.056412893564818e-11,0.04028448537534262,150.66666666666666
UGC 05510,SABbc,6.5249999999999995,1.307489920970552e-10,2.7281214134754557e-11,0.03944434847295276,162.25
UGC 05510,SABbc,6.84,1.639152051134755e-10,2.5108454221586897e-11,0.0390011428587933,186.0
UGC 05510,SABbc,7.345000000000001,1.305312654852581e-10,2.203519803963252e-11,0.03853975550908777,172.0
UGC 05840,SAB(r)bc,0.12073170731707318,2.5714829156584956e-10,7.980919391238247e-10,0.5960816030025129,30.951219512195124
UGC 05840,SAB(r)bc,0.48069767441860467,1.1792529709955074e-09,6.057012595145751e-10,0.10129572052694968,132.25581395348837
UGC 05840,SAB(r)bc,0.7918367346938775,1.1377438563859998e-09,5.646448355375133e-10,0.04793222598557364,166.73061224489797
UGC 05840,SAB(r)bc,1.0525925925925927,9.077128250223608e-10,5.082883814330194e-10,0.03280102394199651,171.7037037037037
UGC 05840,SAB(r)bc,1.3572727272727272,9.659697371731194e-10,4.358114838241821e-10,0.02456476000829741,201.13636363636363
UGC 05840,SAB(r)bc,1.6430434782608696,8.901263390796757e-10,3.708637602128061e-10,0.020566160427887396,212.43478260869566
UGC 05840,SAB(r)bc,1.9451999999999998,9.057186012359445e-10,3.097931843002688e-10,0.018172288497917487,233.16
UGC 05840,SAB(r)bc,2.240666666666667,9.498530929816758e-10,2.5879573953976924e-10,0.01681954018583737,256.26666666666665
UGC 05840,SAB(r)bc,2.5369230769230766,8.931838561986507e-10,2.1602033604669368e-10,0.016043254232871642,264.4230769230769
UGC 05840,SAB(r)bc,2.85741935483871,7.741317554998034e-10,1.7811024734159068e-10,0.015614462193862342,261.258064516129
UGC 05840,SAB(r)bc,3.1252173913043477,5.606558364087755e-10,1.5212537252722495e-10,0.015473504769447703,232.52173913043478
UGC 05840,SAB(r)bc,3.444,4.704678063390776e-10,1.267913288316664e-10,0.015479241968738048,223.6
UGC 05840,SAB(r)bc,3.7593750000000004,4.508360742525092e-10,1.066189189367324e-10,0.015610609398439657,228.6875
UGC 05840,SAB(r)bc,4.038,4.238216997230055e-10,9.206065652900162e-11,0.01579505196901688,229.8
UGC 05840,SAB(r)bc,4.311999999999999,3.8274699442920314e-10,8.016412684492224e-11,0.016016358604643895,225.66829268292682
UGC 05840,SAB(r)bc,4.636666666666667,4.5389568025484684e-10,6.857641414385191e-11,0.016308036802856796,254.83333333333334
UGC 05840,SAB(r)bc,5.01,3.851158398729735e-10,5.7906633117004935e-11,0.016659180969268234,244.0
UGC 05840,SAB(r)bc,5.36,3.143072212359624e-10,4.9903318321095803e-11,0.016986115760512923,228.0
UGC 05840,SAB(r)bc,5.56,2.5582484390024376e-10,4.602431096522343e-11,0.017167309155847636,209.5
UGC 05840,SAB(r)bc,5.71,2.5029486280997634e-10,4.339525799001458e-11,0.0172993577931631,210.0
UGC 05842,SBcd,0.075,5.714574147053564e-11,1.3653343800709762e-10,0.9230481354172095,11.5
UGC 05842,SBcd,0.41333333333333333,5.3002422572525584e-11,6.756867070292428e-11,0.5449674303771913,26.0
UGC 05842,SBcd,0.7162499999999999,4.004596467523705e-11,5.489520087117738e-11,0.2927429419005058,29.75
UGC 05842,SBcd,1.0350000000000001,1.2231202028398115e-10,5.114904326739261e-11,0.16064271383354112,62.5
UGC 05842,SBcd,1.6,7.785972242890086e-11,4.802473930457206e-11,0.07286208066457861,62.0
UGC 05842,SBcd,1.96,1.0059643467846692e-10,4.584642782733249e-11,0.050914749436666566,78.0
UGC 05842,SBcd,2.39,7.83210927859023e-11,4.283150841461255e-11,0.03665954832486916,76.0
UGC 05842,SBcd,2.85,9.007092193575021e-11,3.9325620882283527e-11,0.028079654393803683,89.0
UGC 05842,SBcd,3.4349999999999996,8.247948396839884e-11,3.480306295576358e-11,0.0218417451338454,93.5
UGC 05842,SBcd,3.73,7.194877559219514e-11,3.2589875387284276e-11,0.019781443461847112,91.0
UGC 05842,SBcd,4.06,7.744544547047191e-11,3.021002137896148e-11,0.018011722912457263,98.5
UGC 05842,SBcd,4.34,7.617324776871421e-11,2.8285822097713335e-11,0.01683488271742963,101.0
UGC 05842,SBcd,4.64,8.605526212337073e-11,2.6330671031450167e-11,0.0158219669220112,111.0
UGC 05842,SBcd,5.04,8.065939564839307e-11,2.3903005291309565e-11,0.014772186437106425,112.0
UGC 05842,SBcd,5.12,8.082326317756855e-11,2.3442314316749157e-11,0.01459546561164879,113.0
UGC 05842,SBcd,5.88,5.511529403816948e-11,1.947036411443358e-11,0.01332384694676303,100.0
UGC 05931,SABcd pec,0.194,1.1819823680614717e-10,2.351326303016868e-10,0.828142216790462,26.6
UGC 05931,SABcd pec,0.6504545454545454,9.454102984532108e-11,8.861371969313196e-11,0.21235531496337906,43.56060606060606
UGC 05931,SABcd pec,1.1252941176470588,9.345340398261887e-11,8.185730495681934e-11,0.07680835588600135,56.96470588235294
UGC 05931,SABcd pec,1.4500000000000002,1.3079896963207434e-10,7.771336401560556e-11,0.04872662089640447,76.5
UGC 05931,SABcd pec,1.8733333333333333,1.0256893455755681e-10,7.105738075845896e-11,0.03192704258944811,77.0
UGC 05931,SABcd pec,2.2550000000000003,1.0505945366146637e-10,6.446810943854111e-11,0.02428622316010481,85.5
UGC 05931,SABcd pec,2.6933333333333334,1.2931163929634838e-10,5.6901704415053324e-11,0.01928823642789354,103.66666666666667
UGC 05931,SABcd pec,3.23,1.269848696038088e-10,4.8260938233071025e-11,0.015812378550637003,112.5
UGC 05931,SABcd pec,3.49,1.1032578434925072e-10,4.4432858103771576e-11,0.01471102401928353,109.0
UGC 05931,SABcd pec,4.25,5.50932479205542e-11,3.4731613618398804e-11,0.012690980803342624,85.0
UGC 05931,SABcd pec,5.5,9.354656727130679e-11,2.3211314341729726e-11,0.011338951459628157,126.0
UGC 05931,SABcd pec,6.81,1.0143972295711614e-10,1.5570568636744842e-11,0.011025525832466566,146.0
UGC 05931,SABcd pec,8.44,1.0077134084381271e-10,9.959849300675295e-12,0.01122174375962734,162.0
UGC 05982,SABc,0.33,1.1034362453392995e-09,6.810034522900763e-10,0.9185888712478063,106.0
UGC 05982,SABc,0.8230000000000001,4.992595725860951e-10,2.15811995341345e-10,0.602361764592159,112.6
UGC 05982,SABc,1.2833333333333334,5.293145016481239e-10,1.5326053242291764e-10,0.36746068590830344,144.77777777777777
UGC 05982,SABc,1.7513333333333334,4.5922504586325264e-10,1.3085719995698166e-10,0.23542706088666915,157.53333333333333
UGC 05982,SABc,2.3181395348837213,3.199392863029613e-10,1.1564439962675355e-10,0.15339886599333713,151.27906976744185
UGC 05982,SABc,2.72,2.627443936972408e-10,1.0714545296101992e-10,0.12060266156707068,148.5
UGC 05982,SABc,3.2399999999999998,2.625031224449936e-10,9.721840239320926e-11,0.09385982877235921,162.0
UGC 05982,SABc,3.765,2.400586815493065e-10,8.795873587569366e-11,0.07690419763990894,167.0
UGC 05982,SABc,4.276666666666666,2.338421385497776e-10,7.957399619180138e-11,0.0659191268659875,175.66666666666666
UGC 05982,SABc,4.95,2.1212373530908568e-10,6.950829728561237e-11,0.0563522404127823,180.0
UGC 05982,SABc,5.11,2.2177458115964775e-10,6.728050754425897e-11,0.05463267096586362,187.0
UGC 05982,SABc,5.8999999999999995,2.067287615890307e-10,5.719675166296708e-11,0.04821580521983284,194.0
UGC 05982,SABc,6.480000000000001,1.6932071546825368e-10,5.073047279709452e-11,0.045068992929498,184.0
UGC 05982,SABc,7.53,1.5700779449962796e-10,4.086220790042972e-11,0.04143954969444232,191.0
UGC 05982,SABc,8.31,1.437642451577341e-10,3.487889229614869e-11,0.03986326905558858,192.0
UGC 05982,SABc,8.99,1.274105708633166e-10,3.046089525570642e-11,0.039001484568580526,188.0
UGC 05982,SABc,10.07,1.2744597878975798e-10,2.4720506049809557e-11,0.038302910315344586,199.0
UGC 06118,SABab,0.24411764705882355,1.5986115389932335e-09,4.875280323726923e-09,0.9422516850879894,109.73529411764706
UGC 06118,SABab,0.4941379310344827,1.0654854512657365e-09,2.190188312395772e-09,0.8215692460947919,127.45977011494253
UGC 06118,SABab,0.7599999999999999,7.169560860497233e-10,1.2374813552835715e-09,0.6417623705175252,129.66666666666666
UGC 06118,SABab,1.155,3.973391819724818e-10,8.066529515078199e-10,0.42692398199595694,119.0
UGC 06118,SABab,1.45,2.4173978479055343e-10,6.708526579649171e-10,0.32571602838629415,104.0
UGC 06118,SABab,1.7166666666666666,1.9769592702319868e-10,5.89977994412088e-10,0.2642375422333016,102.33333333333333
UGC 06118,SABab,2.033333333333333,1.9402350804962518e-10,5.174079401772741e-10,0.21475932649040416,110.33333333333333
UGC 06118,SABab,2.33,1.7917823605770245e-10,4.6210770115811356e-10,0.18312483009222896,113.5
UGC 06118,SABab,2.5900000000000003,1.9551033358134438e-10,4.2014539160162084e-10,0.16300583490486464,125.0
UGC 06118,SABab,2.87,1.7737840217750154e-10,3.8002844967522987e-10,0.1467649596752572,125.33333333333333
UGC 06118,SABab,3.1885714285714286,1.782447277277865e-10,3.395698235135186e-10,0.13307022573445162,132.42857142857142
UGC 06118,SABab,3.525,1.6262736127937977e-10,3.018965301402403e-10,0.12246892871119786,133.0
UGC 06118,SABab,3.8274999999999997,1.6300474210174732e-10,2.718715017376881e-10,0.11534750317222701,138.75
UGC 06118,SABab,4.086666666666667,1.438137663148318e-10,2.4872531679687043e-10,0.11059713057326487,134.66666666666666
UGC 06118,SABab,4.47,1.3409721194085677e-10,2.1837210946366427e-10,0.10529071318328537,136.0
UGC 06118,SABab,4.66,1.5027896923949202e-10,2.0487869226263126e-10,0.10326036510230706,147.0
UGC 06118,SABab,4.98,1.3494136414843041e-10,1.8423587115461616e-10,0.10054706669753263,144.0
UGC 06118,SABab,5.54,1.3515336589047403e-10,1.5362571705446242e-10,0.09743586176106125,152.0
UGC 06118,SABab,6.11,9.102293516555604e-11,1.2847454673326118e-10,0.0957861611801905,131.0
UGC 06277,SABc,0.21428571428571433,2.7213934817792134e-09,8.452631195973595e-10,0.9169370701669001,134.14285714285714
UGC 06277,SABc,0.4716666666666667,5.565437224982196e-10,3.1586812075886135e-10,0.6702523603273796,90.0
UGC 06277,SABc,0.7781818181818182,3.67268471877007e-10,2.0396142189296535e-10,0.400530232075952,93.9090909090909
UGC 06277,SABc,1.0420000000000003,4.3452692168768407e-10,1.7384902632395254e-10,0.2640877871340547,118.2
UGC 06277,SABc,1.37625,3.861855985916925e-10,1.5421890570101695e-10,0.17100905936442912,128.0625
UGC 06277,SABc,1.6960000000000002,6.970923894942209e-10,1.4079039675040544e-10,0.12339439587371547,191.0
UGC 06277,SABc,2.09,4.694633194603713e-10,1.2640181201029854e-10,0.09051410294723751,174.0
UGC 06277,SABc,2.27,5.262911353571677e-10,1.2023382555846537e-10,0.08066566525287058,192.0
UGC 06277,SABc,2.69,5.620884703654881e-10,1.0663549199056501e-10,0.0647685904848002,216.0
UGC 06277,SABc,3.0549999999999993,5.041400816744813e-10,9.573620879634887e-11,0.05593360047408172,218.0
UGC 06277,SABc,3.39,5.644978650808269e-10,8.652438667694834e-11,0.050261293159984136,243.0
UGC 06277,SABc,3.63,4.846795229880032e-10,8.040058796802096e-11,0.04717361369391415,233.0
UGC 06277,SABc,3.97,5.518304281270505e-10,7.23999698309847e-11,0.043797794484040274,260.0
UGC 06277,SABc,4.73,5.801954143962754e-10,5.722862666318544e-11,0.039033369466964035,291.0
UGC 06521,SAbc pec,1.6066666666666667,6.013685076492874e-10,1.1532161889022355e-10,0.6554581036827071,172.66666666666666
UGC 06521,SAbc pec,2.5785714285714283,4.448829464953754e-10,7.89644960959521e-11,0.40705114822454136,188.14285714285714
UGC 06521,SAbc pec,3.200909090909091,4.376461111603582e-10,7.017727714352758e-11,0.30097833095151083,207.9090909090909
UGC 06521,SAbc pec,4.1094871794871795,3.8106429514519453e-10,6.319203296331013e-11,0.20376815339142998,219.82051282051282
UGC 06521,SAbc pec,4.91,3.598667588877964e-10,5.913712277452645e-11,0.15266323041554639,233.5
UGC 06521,SAbc pec,5.963333333333333,3.333461833349119e-10,5.477924201857368e-11,0.11175437581734611,247.66666666666666
UGC 06521,SAbc pec,6.870000000000001,3.1888890824809177e-10,5.135541463580697e-11,0.0898201061253367,260.0
UGC 06521,SAbc pec,7.635,2.7492610972119696e-10,4.857898636964823e-11,0.07687930550088588,254.5
UGC 06521,SAbc pec,8.42,2.3481793785001334e-10,4.581329845966286e-11,0.06702872375895286,247.0
UGC 06521,SAbc pec,9.68,1.7710457067314764e-10,4.155746750172855e-11,0.05590840737733696,230.0
UGC 06521,SAbc pec,10.29,1.8750537976322617e-10,3.958778091698184e-11,0.05193797579258227,244.0
UGC 06521,SAbc pec,10.93,1.6936555699208744e-10,3.75911675501445e-11,0.048478680994275505,239.0
UGC 06521,SAbc pec,12.205,1.5486238419811276e-10,3.384112714395051e-11,0.04318734931409867,241.5
UGC 06521,SAbc pec,13.48,1.3963479370194227e-10,3.040703532902091e-11,0.03940243613261959,241.0
UGC 06521,SAbc pec,14.068888888888889,1.2721120884031634e-10,2.8928637680880046e-11,0.038021509531284775,235.0
UGC 06521,SAbc pec,15.67,1.2414025325392344e-10,2.5245835066608845e-11,0.035119571096363045,245.0
UGC 06521,SAbc pec,18.04,8.773996744775623e-11,2.0642075990649527e-11,0.032407870741092706,221.0
UGC 06702,Sa,0.65,1.3738909861527525e-09,2.7344029835611296e-09,0.9940257934938334,166.0
UGC 06702,Sa,1.221764705882353,8.957484952476813e-10,1.2167155317026643e-09,0.9811698170680955,183.76470588235293
UGC 06702,Sa,1.3900000000000001,7.222041674088391e-10,1.0018922206638566e-09,0.9757538312562896,176.0
UGC 06702,Sa,2.18,4.908752141782767e-10,4.805857452719659e-10,0.9403207470850224,181.71428571428572
UGC 06702,Sa,3.1000000000000005,3.462824941405004e-10,2.6343968134249707e-10,0.8824132796457612,182.0
UGC 06702,Sa,5.795000000000001,1.7818553911147318e-10,9.743869296798004e-11,0.6922087836011006,178.5
UGC 06702,Sa,9.41,1.3775894960443634e-10,4.906798391023314e-11,0.5215150258102151,200.0
UGC 06702,Sa,10.15,1.1405308078644547e-10,4.4080552924903155e-11,0.4989607890979633,189.0
UGC 06702,Sa,13.12,1.1101645151279539e-10,3.0171194036587396e-11,0.4363010634353287,212.0
UGC 06702,Sa,13.86,8.440990789966924e-11,2.7695892089751748e-11,0.42589705791081783,190.0
UGC 07021,SAB(r)a,0.12333333333333334,1.59878444945922e-10,4.678992557042914e-09,0.9912110171320027,24.666666666666668
UGC 07021,SAB(r)a,0.42000000000000004,5.885186601709496e-10,1.7889098430680415e-09,0.9493927125629531,87.33333333333333
UGC 07021,SAB(r)a,0.7185714285714285,5.108530318443223e-10,9.56504979202753e-10,0.8758721435677451,106.42857142857143
UGC 07021,SAB(r)a,0.98,4.922016218784686e-10,6.471408922591269e-10,0.792389963552061,122.0
UGC 07021,SAB(r)a,1.29,5.880883905938228e-10,4.6340978931828716e-10,0.6850915810283228,153.0
UGC 07021,SAB(r)a,1.6766666666666667,5.635392233922511e-10,3.482543632821907e-10,0.5597258165743815,170.75
UGC 07021,SAB(r)a,2.0833333333333335,5.744428205867924e-10,2.8368326488294015e-10,0.45172580025330195,192.16666666666666
UGC 07021,SAB(r)a,2.31,5.78135384150272e-10,2.5969344923368233e-10,0.40293349994836114,203.0
UGC 07021,SAB(r)a,2.54,5.052681127609697e-10,2.403948541301236e-10,0.36087341071293494,199.0
UGC 07021,SAB(r)a,2.79,4.739668750053328e-10,2.23297700300374e-10,0.32248956279645347,202.0
UGC 07021,SAB(r)a,3.483023255813953,4.0156036229218754e-10,1.880817461504535e-10,0.2460760764169491,207.74418604651163
UGC 07021,SAB(r)a,4.72,3.056837600537131e-10,1.4555166426306094e-10,0.17323521238952694,211.0
UGC 07021,SAB(r)a,6.13,2.512476263483752e-10,1.1108294303839649e-10,0.1345823420054064,218.0
UGC 07045,SAc,0.1525,3.793438413353299e-10,3.563508834548877e-10,0.8730849031646012,42.25
UGC 07045,SAc,0.5609090909090909,3.5810253024820075e-10,1.8837385117785497e-10,0.49430592175515475,78.72727272727273
UGC 07045,SAc,0.91375,2.835691730154044e-10,1.669535093524378e-10,0.3159639115814463,89.41666666666667
UGC 07045,SAc,1.3096052631578945,3.062008171921008e-10,1.5644081297710742e-10,0.21194567879309043,111.23684210526316
UGC 07045,SAc,1.6333333333333333,3.0181135015301604e-10,1.4960399612996942e-10,0.16343835709881216,123.33333333333333
UGC 07045,SAc,2.0149999999999997,2.277552134879487e-10,1.4152255285433746e-10,0.12754620343055662,119.0
UGC 07045,SAc,2.42,2.0674112900474254e-10,1.325818474702069e-10,0.10333769546976057,124.25
UGC 07045,SAc,2.7287500000000002,2.1047714667716642e-10,1.2560035016456114e-10,0.09054051535875031,133.125
UGC 07045,SAc,3.05,2.0863197372267707e-10,1.183142630893665e-10,0.0805624831627833,140.125
UGC 07045,SAc,3.4180000000000006,1.9334538544664478e-10,1.1008462032808927e-10,0.07200189121781703,142.8
UGC 07045,SAc,3.7740000000000005,1.8354489262181023e-10,1.0236299188805787e-10,0.06575724686894105,146.2
UGC 07045,SAc,4.15,1.7290486792885552e-10,9.456043697952073e-11,0.060703656202590904,148.8
UGC 07045,SAc,4.526,1.7025648091883318e-10,8.71848821462945e-11,0.0568054753848464,154.2
UGC 07045,SAc,4.87,1.605646058358614e-10,8.084283933800252e-11,0.05399822869003042,155.33333333333334
UGC 07045,SAc,5.2325,1.435670644587214e-10,7.459310547200123e-11,0.051644172946705084,152.25
UGC 07045,SAc,5.6049999999999995,1.443404356497576e-10,6.863445995452016e-11,0.04973234312350584,158.0
UGC 07045,SAc,5.952857142857143,1.3752565433881016e-10,6.348514447077716e-11,0.048316759347378675,158.9387755102041
UGC 07045,SAc,6.519999999999999,1.225183569102978e-10,5.590974838635271e-11,0.04660540554455451,157.0
UGC 07045,SAc,7.23,1.1763625404173986e-10,4.774525354804338e-11,0.045242377783592,162.0
UGC 07154,SABd,0.5185185185185185,1.114210784275634e-10,2.0273434961043239e-10,0.9412098026555321,42.22222222222222
UGC 07154,SABd,1.2685000000000002,8.446847872073654e-11,1.0379707853823678e-10,0.8179798238370708,57.5
UGC 07154,SABd,2.1336879432624114,8.275893503393827e-11,5.255696295662217e-11,0.5744437503650264,73.81560283687944
UGC 07154,SABd,2.935,7.791120499597765e-11,3.9415944256012564e-11,0.4048101845125664,84.0
UGC 07154,SABd,3.67,6.330067109833263e-11,3.366541664989018e-11,0.3031261853670118,84.66666666666667
UGC 07154,SABd,4.51,6.553595856885802e-11,2.952839621998868e-11,0.2288477427176757,95.5
UGC 07154,SABd,5.345,5.0393427419985395e-11,2.647535148006687e-11,0.1817198723255828,91.16666666666667
UGC 07154,SABd,6.14,4.991835941144247e-11,2.4049769586479322e-11,0.1515974563477333,97.25
UGC 07154,SABd,6.986,5.173074225184413e-11,2.1781640592904944e-11,0.12929800565369798,105.6
UGC 07154,SABd,7.806666666666667,4.562287072498783e-11,1.9806651792166758e-11,0.11386683199527083,104.83333333333333
UGC 07154,SABd,8.684444444444445,4.8686507742183755e-11,1.78959460798638e-11,0.10183588252106747,114.22222222222223
UGC 07154,SABd,9.365,5.1590887737902034e-11,1.6541947094276535e-11,0.09474087372406415,122.1
UGC 07154,SABd,10.17,4.7235274293155764e-11,1.507183050468062e-11,0.0881721983961803,121.75
UGC 07154,SABd,11.051428571428572,4.3137039308073347e-11,1.3613347338799597e-11,0.08266807196809979,121.28571428571429
UGC 07154,SABd,11.73,4.583351540961631e-11,1.2590338430402507e-11,0.07934254888423019,128.8
UGC 07154,SABd,12.5,5.3016556551878255e-11,1.15269008236925e-11,0.07631448783952975,143.0
UGC 07154,SABd,13.496666666666666,5.259523059223713e-11,1.029179774373733e-11,0.07331541371517235,148.0
UGC 07154,SABd,14.49,4.383662806977885e-11,9.20446418052656e-12,0.07112205449648853,140.0
UGC 07154,SABd,15.155,3.586187982765052e-11,8.548958472967171e-12,0.07000265109080814,129.5
UGC 07154,SABd,15.717916666666667,3.529322018640889e-11,8.035647763422791e-12,0.06923548218892422,130.83333333333334
UGC 07154,SABd,16.35,2.6671514445726834e-11,7.501385234982846e-12,0.0685429186297087,116.0
UGC 07831,SBc pec,0.21684615384615386,7.177875563440748e-11,1.3310198371777638e-11,0.0,21.915384615384614
UGC 07831,SBc pec,0.4705777777777778,1.0692012857020089e-10,1.7307245919544255e-11,0.0,39.40222222222222
UGC 07831,SBc pec,0.7471698113207547,1.2905492494968822e-10,1.787678581625819e-11,0.0,54.54716981132076
UGC 07831,SBc pec,1.0395161290322579,1.4347405743397238e-10,1.6791953332706745e-11,0.0,67.83870967741936
UGC 07831,SBc pec,1.3244736842105262,1.364783332496656e-10,1.5113506854644002e-11,0.0,74.6842105263158
UGC 07831,SBc pec,1.63625,1.2465542963842568e-10,1.3118973846816159e-11,0.0,79.33333333333333
UGC 07831,SBc pec,1.9491304347826088,1.1251104127059299e-10,1.1210887945905768e-11,0.0,82.26086956521739
UGC 07831,SBc pec,2.243704918032787,1.1607657739812573e-10,9.598525029592843e-12,0.0,89.64590163934426
UGC 07831,SBc pec,2.4710937499999996,1.2051175710504975e-10,8.49463892054434e-12,0.0,95.859375
UGC 07861,SABm pec,0.1835,3.124040591334135e-11,2.1898097846438148e-10,0.902435916137655,13.3
UGC 07861,SABm pec,0.4941025641025641,4.455720075256584e-11,1.7493212202837587e-10,0.8205632931432731,26.064102564102566
UGC 07861,SABm pec,0.77,2.4920797739464675e-11,1.1753859935526667e-10,0.720038261621636,24.333333333333332
UGC 07861,SABm pec,1.01,2.6368320819285504e-11,8.380395433698112e-11,0.6190269666719506,28.666666666666668
UGC 07861,SABm pec,1.31,4.057777274435969e-11,6.03576107039898e-11,0.5133398411368141,40.5
UGC 07861,SABm pec,1.605,2.992925297058511e-11,4.696530289563777e-11,0.43951842824936693,38.5
UGC 07861,SABm pec,2.0145454545454546,3.909184201347553e-11,3.515553280380241e-11,0.3726975395248547,49.29545454545455
UGC 07876,SABd,0.18,6.48155857888873e-12,1.0879525704150686e-10,0.9227166035471676,6.0
UGC 07876,SABd,0.45099999999999996,5.755006042401547e-11,6.78901449890798e-11,0.7956794614097975,28.3
UGC 07876,SABd,0.6968000000000001,7.045096982586393e-11,5.213800716417183e-11,0.6853176599709812,38.92
UGC 07876,SABd,1.06,8.267044527035437e-11,3.999640459379176e-11,0.5482888662750106,52.0
UGC 07876,SABd,1.43,9.575029718812896e-11,3.294827297850634e-11,0.44320761878585757,65.0
UGC 07876,SABd,1.65,7.7955472726089e-11,2.9934511288881914e-11,0.394746962935777,63.0
UGC 07876,SABd,1.915,8.77295030625566e-11,2.69718297124526e-11,0.34738698270557455,72.0
UGC 07876,SABd,2.205,8.941905304752614e-11,2.428613333257745e-11,0.3064742873043468,78.0
UGC 07876,SABd,2.535,9.236540578396661e-11,2.1710796345791187e-11,0.2704530738796379,85.0
UGC 07876,SABd,2.8866666666666667,8.562742630662778e-11,1.9367677712376965e-11,0.24120488201165452,87.33333333333333
UGC 07876,SABd,3.18,8.81430819949821e-11,1.7654998340772306e-11,0.22217723753341348,93.0
UGC 07876,SABd,3.4706818181818178,7.705442742806745e-11,1.61343474372506e-11,0.206991293501696,90.8409090909091
UGC 07876,SABd,3.67,8.308581017542788e-11,1.517964699858577e-11,0.19827520743760593,97.0
UGC 07901,SAc,0.4266666666666667,8.9142529283219e-10,1.3349236308487242e-10,0.47792985292763357,108.33333333333333
UGC 07901,SAc,1.1225925925925926,8.721694346660527e-10,1.7275900369003526e-10,0.3689318053873528,173.8148148148148
UGC 07901,SAc,1.7524770642201837,6.682908847778683e-10,1.8437450194748513e-10,0.3424491815888043,190.10091743119267
UGC 07901,SAc,2.338888888888889,5.530115729761362e-10,1.8420861679346101e-10,0.33056509595832784,199.77777777777777
UGC 07901,SAc,2.995,4.675813198418908e-10,1.7434308860082327e-10,0.31189177778054145,207.875
UGC 07901,SAc,3.64,4.205336505067025e-10,1.5722840233412173e-10,0.2778053476121731,217.33333333333334
UGC 07901,SAc,4.26,3.5383916994653525e-10,1.3908236267212207e-10,0.23819528776001428,215.66666666666666
UGC 07901,SAc,4.99,2.8914375700471453e-10,1.2056096091743817e-10,0.20080587888813475,211.0
UGC 07901,SAc,5.66,2.622168345218978e-10,1.0636979891878028e-10,0.17690360655111295,214.0
UGC 07901,SAc,6.342,2.397397906034129e-10,9.396653454914922e-11,0.1595005562904825,216.6
UGC 07901,SAc,7.06,2.121884173577419e-10,8.267292722718952e-11,0.14629017882442924,215.0
UGC 07901,SAc,7.7,1.7230330280180185e-10,7.388132348117855e-11,0.13761690014689323,202.33333333333334
UGC 07901,SAc,8.27,1.6468409871692798e-10,6.692621337627002e-11,0.13169843530284364,205.0
UGC 07901,SAc,9.11,1.504731097596397e-10,5.798165581717376e-11,0.12527387763093684,205.66666666666666
UGC 07901,SAc,9.775,1.4551264778366805e-10,5.186174629459658e-11,0.12164862923721677,209.5
UGC 07901,SAc,10.49,1.3365974754863777e-10,4.6100835116235864e-11,0.11883055319487809,208.0
UGC 07901,SAc,13.31,1.0737668419571487e-10,2.9715935959597476e-11,0.1145097227908208,210.0
UGC 07985,SABd,0.24280000000000002,9.817030556105064e-11,1.512383845424855e-10,0.8168077830393913,27.12
UGC 07985,SABd,0.45000000000000007,1.3497891795631767e-10,1.0755284306264669e-10,0.6479490955296864,43.292682926829265
UGC 07985,SABd,0.740054347826087,1.7004899484880247e-10,8.419752014121765e-11,0.46266718438110876,62.31521739130435
UGC 07985,SABd,1.0425,1.7427980363188365e-10,7.27475907928956e-11,0.33502673582923725,74.875
UGC 07985,SABd,1.3322222222222222,1.513925345017982e-10,6.57285147060804e-11,0.2560505419512776,78.88888888888889
UGC 07985,SABd,1.6657142857142857,1.3728007775663472e-10,5.947477401515397e-11,0.19711857659424203,84.0
UGC 07985,SABd,1.942,1.2864391873141244e-10,5.499470566108012e-11,0.16423200979766361,87.8
UGC 07985,SABd,2.2488888888888887,1.2673055313601456e-10,5.045697663348558e-11,0.1382885619850943,93.77777777777777
UGC 07985,SABd,2.544,1.1232166493192513e-10,4.642166657163027e-11,0.12028855892318056,93.9
UGC 07985,SABd,2.834,1.089304365709864e-10,4.272950066275453e-11,0.10709599362934862,97.6
UGC 07985,SABd,3.13625,1.1069282724065492e-10,3.9152578703386866e-11,0.096669460516991,103.5
UGC 07985,SABd,3.44,1.0685386306889638e-10,3.5827019175542246e-11,0.08864519857792577,106.5
UGC 07985,SABd,3.7675,9.61959849835751e-11,3.253344105251253e-11,0.08199810816479122,105.75
UGC 07985,SABd,4.11,9.540980389848373e-11,2.9399316441336344e-11,0.07668404934483428,110.0
UGC 07985,SABd,4.335,8.479291556101581e-11,2.750477033014348e-11,0.07389193524119722,106.5
UGC 07985,SABd,4.545,7.201910015007799e-11,2.584836588610644e-11,0.07168845594195626,100.5
UGC 07985,SABd,4.848888888888888,7.244382706930899e-11,2.3632591733792878e-11,0.06906765627472483,104.11111111111111
UGC 07985,SABd,5.21,5.2648667765560665e-11,2.125937413413052e-11,0.06665759730585225,92.0
UGC 08403,SBcd,0.4716666666666667,1.918141013405268e-11,3.932898743126415e-12,0.0,16.708333333333332
UGC 08403,SBcd,0.9432911392405064,1.0835896777954252e-11,5.205564796619466e-12,0.0,17.759493670886076
UGC 08403,SBcd,1.5734188034188037,2.0710053201328588e-11,5.712342973886777e-12,0.0,31.70940170940171
UGC 08403,SBcd,2.0616666666666665,2.663927562243482e-11,5.664577725805135e-12,0.0,41.166666666666664
UGC 08403,SBcd,2.63375,3.538421103515842e-11,5.374186125923214e-12,0.0,53.625
UGC 08403,SBcd,3.2444444444444445,4.063009882682541e-11,4.933671186288731e-12,0.0,63.77777777777778
UGC 08403,SBcd,3.8237499999999995,3.5808545270748464e-11,4.472858218987818e-12,0.0,65.0
UGC 08403,SBcd,4.413333333333332,3.6095779418833445e-11,4.00532053750878e-12,0.0,70.11111111111111
UGC 08403,SBcd,5.065714285714285,4.5140600864138773e-11,3.517186009142628e-12,0.0,84.0
UGC 08403,SBcd,5.653333333333333,5.2099603529754566e-11,3.115530001929207e-12,0.0,95.33333333333333
UGC 08403,SBcd,6.2139999999999995,5.662570782787693e-11,2.769626237462818e-12,0.0,104.2
UGC 08403,SBcd,6.783333333333333,5.722604579308689e-11,2.455749885087837e-12,0.0,109.44444444444444
UGC 08403,SBcd,7.348571428571428,5.688329066904784e-11,2.1796412748858936e-12,0.0,113.57142857142857
UGC 08403,SBcd,7.946000000000001,5.6981758419150123e-11,1.9233009110216928e-12,0.0,118.2
UGC 08403,SBcd,8.5425,5.623444419799755e-11,1.7001922931121924e-12,0.0,121.75
UGC 08403,SBcd,9.172500000000001,5.215720257901343e-11,1.4960822555424885e-12,0.0,121.5
UGC 08403,SBcd,9.669247311827958,5.1258051864280825e-11,1.3552835922357024e-12,0.0,123.66666666666667
UGC 08403,SBcd,10.345000000000002,4.739463496375426e-11,1.1885600482296182e-12,0.0,123.0
UGC 08403,SBcd,10.933333333333334,4.7557777377618526e-11,1.0636350288871934e-12,0.0,126.66666666666667
UGC 08403,SBcd,11.79,4.7171342990801316e-11,9.100262767263637e-13,0.0,131.0
UGC 08709,SABc,1.8666666666666665,8.186054162313159e-11,9.41013822300082e-11,0.6075388507913655,68.66666666666667
UGC 08709,SABc,2.9863636363636363,1.22560470086132e-10,7.677012572740375e-11,0.4428192387092033,106.27272727272727
UGC 08709,SABc,3.9694545454545453,1.6703656212844592e-10,6.877042048395747e-11,0.35016041752355226,143.03636363636363
UGC 08709,SABc,5.125,1.8221123468106336e-10,6.206714788610349e-11,0.2790224750867261,169.75
UGC 08709,SABc,6.243999999999999,1.6555773245279435e-10,5.671566857368827e-11,0.23354753221684185,178.6
UGC 08709,SABc,7.382857142857143,1.6472074158435912e-10,5.185587041874445e-11,0.20162335263339168,193.71428571428572
UGC 08709,SABc,8.59375,1.5578579244834563e-10,4.712907445023237e-11,0.1777303255575713,203.25
UGC 08709,SABc,9.827142857142857,1.4365691545042001e-10,4.27043873756451e-11,0.16034923879569649,208.71428571428572
UGC 08709,SABc,10.850000000000001,1.351944471310425e-10,3.931259504358618e-11,0.14959426359998518,212.75
UGC 08709,SABc,11.894285714285715,1.1901553699201719e-10,3.609964239346647e-11,0.1410883128579792,209.0
UGC 08709,SABc,13.006,1.1114592199642721e-10,3.294727931325033e-11,0.13410066888973415,211.2
UGC 08709,SABc,14.143333333333333,9.535819295982798e-11,2.9996381475018546e-11,0.12863326143032422,204.0
UGC 08709,SABc,15.455,7.89194237059386e-11,2.691839468556842e-11,0.1239379052350769,194.0
UGC 08709,SABc,16.38,7.446274074330167e-11,2.4944324802010742e-11,0.12144177652844745,194.0
UGC 08709,SABc,17.57,5.299282821887249e-11,2.262686330997833e-11,0.11901935389795723,169.5
UGC 08709,SABc,18.645,5.5381346159881316e-11,2.07326678592874e-11,0.11745563488240371,178.5
UGC 08709,SABc,19.705,5.6288084842036743e-11,1.903513890770794e-11,0.11638878776425186,185.0
UGC 08709,SABc,21.023333333333333,5.3521587291626485e-11,1.7138809528856134e-11,0.11560118018510789,186.33333333333334
UGC 08709,SABc,22.86,4.957428301512686e-11,1.484946266975006e-11,0.11529206245865854,187.0
UGC 08709,SABc,22.9,4.8434790908835547e-11,1.4803758284475065e-11,0.11529385312788322,185.0
UGC 08852,SAB(r)b,0.76,1.43447125390669e-10,5.167013809284792e-10,0.7042479645743411,58.0
UGC 08852,SAB(r)b,1.1390000000000002,3.569125145460062e-10,3.6087643760815133e-10,0.5224935705313463,112.0
UGC 08852,SAB(r)b,1.438125,3.793739896497278e-10,2.98840216396896e-10,0.4012645977056363,129.75
UGC 08852,SAB(r)b,1.8310810810810811,3.3996520057634847e-10,2.544415124825643e-10,0.2910595622009382,138.59459459459458
UGC 08852,SAB(r)b,2.12,3.11048192975357e-10,2.3327441447688636e-10,0.23683951670695136,142.6451612903226
UGC 08852,SAB(r)b,2.3994186046511627,3.2454280630718115e-10,2.1705364242885865e-10,0.19870741462720837,155.01162790697674
UGC 08852,SAB(r)b,2.776666666666667,3.113689905544586e-10,1.9872533093029222e-10,0.1620662100179228,163.33333333333334
UGC 08852,SAB(r)b,3.17,2.7496529895550677e-10,1.8214657438515467e-10,0.13566057890261846,164.0
UGC 08852,SAB(r)b,3.51,2.637034110707137e-10,1.6917634716979097e-10,0.11913498703914803,169.0
UGC 08852,SAB(r)b,3.76,2.535069432339363e-10,1.6026723384880837e-10,0.10959046438804179,171.5
UGC 08852,SAB(r)b,4.125,2.230618564381255e-10,1.480834227976419e-10,0.09854596540848952,168.5
UGC 08852,SAB(r)b,4.41,2.3022760625624152e-10,1.3919028047890042e-10,0.0917290951388941,177.0
UGC 08852,SAB(r)b,4.72,2.1268300692760308e-10,1.3009326783122208e-10,0.0856750522861165,176.0
UGC 08852,SAB(r)b,5.21,2.1985048600023348e-10,1.168670625214233e-10,0.07827545912492719,188.0
UGC 08852,SAB(r)b,5.49,1.849369296156694e-10,1.0990953695316008e-10,0.07495716133572673,177.0
UGC 08852,SAB(r)b,6.339999999999999,1.7118368710442011e-10,9.124831753115647e-11,0.06770017901366217,183.0
UGC 08852,SAB(r)b,6.570000000000001,1.670012536125242e-10,8.678823804751828e-11,0.06628291317868741,184.0
UGC 08900,SAb pec,1.5299999999999998,3.66276899790159e-10,2.9985960330404155e-10,0.8066963024778342,131.5
UGC 08900,SAb pec,2.39,1.4525538888431129e-10,2.0803446462466932e-10,0.662183362841846,103.5
UGC 08900,SAb pec,3.356923076923077,2.2191906253233336e-10,1.6438132031439059e-10,0.525326038422284,151.6153846153846
UGC 08900,SAb pec,4.07,2.466495805155495e-10,1.463729706252159e-10,0.4460332025995632,176.0
UGC 08900,SAb pec,5.0,2.5410302252675376e-10,1.3064071198110432e-10,0.36630939749944363,198.0
UGC 08900,SAb pec,5.64,2.606931127354635e-10,1.2254020681268065e-10,0.3237859616606125,213.0
UGC 08900,SAb pec,6.03,2.8184030964801316e-10,1.182716057204144e-10,0.3017924787183676,229.0
UGC 08900,SAb pec,7.42,2.6646456020176716e-10,1.055822769134047e-10,0.24156796406326658,247.0
UGC 08900,SAb pec,8.02,2.62757697376708e-10,1.0090157578075455e-10,0.22218567633825334,255.0
UGC 08900,SAb pec,8.89,3.023658013314661e-10,9.466618657485549e-11,0.1991441139313848,288.0
UGC 08900,SAb pec,9.73,2.537200443501685e-10,8.912309515465857e-11,0.1813140555243457,276.0
UGC 08900,SAb pec,10.52,3.09565275681535e-10,8.425356395873158e-11,0.16758870277616772,317.0
UGC 08900,SAb pec,11.05,2.965796967111058e-10,8.114851456036395e-11,0.15971045237392476,318.0
UGC 08900,SAb pec,12.42,3.2147121516814427e-10,7.36530292522762e-11,0.1431958399100806,351.0
UGC 08900,SAb pec,12.540000000000001,3.0760267537967743e-10,7.3030346234696e-11,0.1419693332146762,345.0
UGC 08937,SBb,0.3845454545454546,5.942641290640034e-09,3.549670522904429e-09,0.9726738095877961,265.54545454545456
UGC 08937,SBb,1.0741176470588234,2.398161206311132e-09,1.0060237656369352e-09,0.8355076922448483,281.9294117647059
UGC 08937,SBb,1.8,1.5668267647994213e-09,4.956049341342727e-10,0.6075721523077656,295.0
UGC 08937,SBb,2.46,1.058815948154654e-09,3.641520781318563e-10,0.442717105357091,283.5
UGC 08937,SBb,3.2474999999999996,7.61561303289801e-10,2.936014201997179e-10,0.31508145165204804,276.25
UGC 08937,SBb,4.08,6.041959577213991e-10,2.501553011191445e-10,0.23428758320290352,275.8
UGC 08937,SBb,4.766666666666667,5.362063856685709e-10,2.2361933303405564e-10,0.19201731644833775,280.8333333333333
UGC 08937,SBb,5.445,4.971039982253127e-10,2.016375234580659e-10,0.16319700574459045,289.0
UGC 08937,SBb,6.14875,4.664837926186385e-10,1.817346033780682e-10,0.141993351662636,297.5
UGC 08937,SBb,6.858333333333333,4.2954186512353925e-10,1.6391614748891825e-10,0.12653783293786572,301.5
UGC 08937,SBb,7.5874999999999995,3.72962975616612e-10,1.4754404069331282e-10,0.11485772978324431,295.5
UGC 08937,SBb,8.233333333333334,3.078613492854206e-10,1.3447496954146407e-10,0.10702530090096367,279.6666666666667
UGC 08937,SBb,8.88,2.957397632958467e-10,1.2259978573015886e-10,0.10091684544685922,284.6666666666667
UGC 08937,SBb,9.576666666666668,2.6784125257287857e-10,1.1103904765526558e-10,0.0958020579370557,281.3333333333333
UGC 08937,SBb,10.393333333333334,2.652578194869406e-10,9.89599750891926e-11,0.09126621075909519,291.6666666666667
UGC 08937,SBb,11.19,2.6326553097756396e-10,8.855223676614287e-11,0.0879872208781994,301.5
UGC 08937,SBb,11.920000000000002,2.604320959150151e-10,8.008163150009449e-11,0.08574205456924093,309.5
UGC 08937,SBb,13.176750000000002,2.383796304058451e-10,6.758194335047549e-11,0.08314421183480664,311.325
UGC 08937,SBb,14.46,2.8244758641232785e-10,5.7121364693744416e-11,0.08168534518007,355.0
UGC 09248,Sb,1.06,1.5412045658574568e-10,1.7259835054176067e-10,0.6469253628766765,71.0
UGC 09248,Sb,1.56,3.194245022724138e-10,1.4158331878313514e-10,0.5037386519190747,124.0
UGC 09248,Sb,2.19,2.4625483176093e-10,1.202760106162711e-10,0.36760946634165487,129.0
UGC 09248,Sb,3.0400000000000005,2.398603092516388e-10,1.0371012729343028e-10,0.24963678413105844,150.0
UGC 09248,Sb,4.0,2.0225703545422282e-10,9.107083488280261e-11,0.1734574072524737,158.0
UGC 09248,Sb,4.41,1.83453093382515e-10,8.651648295878064e-11,0.1519878293873372,158.0
UGC 09248,Sb,5.36,1.396920983270944e-10,7.699962234350789e-11,0.11731831775629473,152.0
UGC 09248,Sb,6.02,1.2274586142628068e-10,7.100357934823256e-11,0.10134255781445752,151.0
UGC 09248,Sb,6.68,1.3856272048775525e-10,6.542175586280128e-11,0.08956406614998332,169.0
UGC 09248,Sb,7.099999999999999,1.288278234722222e-10,6.207091426962504e-11,0.08364669277899686,168.0
UGC 09248,Sb,7.52,1.2454590620338053e-10,5.887120742635319e-11,0.07867218088361236,170.0
UGC 09248,Sb,9.18,9.26481608629389e-11,4.7640414574004004e-11,0.06531695730049764,162.0
UGC 09358,SABb,0.52,2.880865820280111e-09,6.99385665610615e-10,0.7949964779958805,215.0
UGC 09358,SABb,0.9611111111111111,1.4155091182982777e-09,4.6220503503942385e-10,0.5881107468798691,204.88888888888889
UGC 09358,SABb,1.37375,1.1613376079169304e-09,3.7707983265299505e-10,0.43448588193015386,221.875
UGC 09358,SABb,1.8137037037037036,8.689069024966178e-10,3.3023655077714195e-10,0.319715294265632,220.5185185185185
UGC 09358,SABb,2.3716666666666666,6.653792827000497e-10,2.9413119287553895e-10,0.22688138979267736,220.66666666666666
UGC 09358,SABb,2.983333333333333,5.16250709334818e-10,2.6553752582445126e-10,0.1658731060563013,218.0
UGC 09358,SABb,3.51,4.071748338019843e-10,2.4463616461029104e-10,0.13274769078625462,210.0
UGC 09358,SABb,3.988,3.342182850842065e-10,2.2725304027289907e-10,0.11194920221683438,202.8
UGC 09358,SABb,4.489999999999999,3.1226965518601566e-10,2.1017164718736885e-10,0.09620687609722851,208.0
UGC 09358,SABb,5.0440000000000005,2.8496472982946203e-10,1.9253574561145864e-10,0.08364292882245483,210.6
UGC 09358,SABb,5.597500000000001,2.4688543216669753e-10,1.761304893205244e-10,0.07447963486215119,206.5
UGC 09358,SABb,6.123333333333333,2.245928850193703e-10,1.6165312527527407e-10,0.06794024305820519,206.0
UGC 09358,SABb,6.64,2.1523850401279595e-10,1.4846445277754105e-10,0.06298831451652662,210.0
UGC 09358,SABb,7.166666666666667,2.0451779303761115e-10,1.3605210349758082e-10,0.05905244601331103,212.66666666666666
UGC 09358,SABb,7.69,2.0676192938041844e-10,1.2471268870038254e-10,0.055982501599279644,221.5
UGC 09358,SABb,8.19,1.9766082693668776e-10,1.1476163000878106e-10,0.05365446514568509,223.5
UGC 09358,SABb,8.85,1.9540251261473535e-10,1.0286633718971403e-10,0.05127959970126995,231.0
UGC 09358,SABb,9.52,1.9936239317964264e-10,9.212391255599786e-11,0.04949288518398265,242.0
UGC 09358,SABb,10.679999999999998,1.8065827319883874e-10,7.633510245295185e-11,0.047468038741935045,244.0
UGC 09363,SAd,0.4954545454545455,5.535542939768189e-11,1.5292809729971614e-10,0.8599007107574289,29.09090909090909
UGC 09363,SAd,0.9771084337349397,9.342053147513955e-11,1.1342011534607411e-10,0.7369406910678189,53.0722891566265
UGC 09363,SAd,1.4218064516129034,9.647421465251205e-11,9.505329288055255e-11,0.6431543090355438,65.05806451612904
UGC 09363,SAd,2.0355555555555553,9.57618045205272e-11,7.956614825265714e-11,0.5425894627777607,77.55555555555556
UGC 09363,SAd,2.642222222222222,1.0812061639779053e-10,6.918030836580086e-11,0.46899471808870025,93.88888888888889
UGC 09363,SAd,3.22625,1.0297730006801859e-10,6.147763307909673e-11,0.41578076462129177,101.25
UGC 09363,SAd,3.78125,1.0583702185177521e-10,5.5405152329845596e-11,0.37688234331073084,111.125
UGC 09363,SAd,4.385,9.312205609054638e-11,4.973713620672429e-11,0.34406488407613484,112.25
UGC 09363,SAd,4.986666666666666,8.669680330750706e-11,4.4813215848046023e-11,0.3186897184712535,115.5
UGC 09363,SAd,5.473333333333334,9.153194920038673e-11,4.125540638085426e-11,0.3022502955830406,124.33333333333333
UGC 09363,SAd,6.09,8.314807290241083e-11,3.7205838539663063e-11,0.2854873423318566,125.0
UGC 09363,SAd,6.815,6.621366225417951e-11,3.300713168836326e-11,0.2702889271062913,118.0
UGC 09363,SAd,7.403999999999998,7.104309948668563e-11,2.998403877244825e-11,0.26072222406094364,127.4
UGC 09363,SAd,7.8599999999999985,7.385085004408157e-11,2.785550274441132e-11,0.2546869636642773,133.83333333333334
UGC 09363,SAd,8.385454545454547,7.880460782855402e-11,2.5610189046728882e-11,0.24896493687725657,142.79545454545453
UGC 09363,SAd,9.105,5.517066357079628e-11,2.2859814164799428e-11,0.24289937110951185,124.5
UGC 09363,SAd,9.62,6.697498238403683e-11,2.1097905189736853e-11,0.23959628221853926,141.0
UGC 09363,SAd,10.205,7.385435899082853e-11,1.9283622946299652e-11,0.23671247426634331,152.5
UGC 09363,SAd,10.885000000000002,8.962310368918384e-11,1.7399153931545656e-11,0.23432992568357014,173.5
UGC 09363,SAd,11.71,6.14419649914213e-11,1.5398032651484123e-11,0.2325775081658415,149.0
UGC 09366,SAbc,0.68,9.655033448776171e-10,1.4741767285151557e-09,0.9470252355079791,142.33333333333334
UGC 09366,SAbc,1.2850000000000001,7.235106754501569e-10,7.863951179277939e-10,0.8629857889860022,169.375
UGC 09366,SAbc,2.0523076923076924,4.742885722590591e-10,4.721141518518256e-10,0.7299699182748111,173.30769230769232
UGC 09366,SAbc,2.848648648648649,4.947565560479347e-10,3.360293597317804e-10,0.5939550298303273,208.54054054054055
UGC 09366,SAbc,3.6884615384615387,3.827340617233202e-10,2.638658170030162e-10,0.47498190047728056,208.71153846153845
UGC 09366,SAbc,4.4399999999999995,3.1806761543959003e-10,2.249569189159999e-10,0.3931487680448444,208.75
UGC 09366,SAbc,5.257777777777778,3.092738957405841e-10,1.9563710798214876e-10,0.3264220564864159,224.0
UGC 09366,SAbc,6.0687500000000005,2.8804587010724553e-10,1.737575258409508e-10,0.2776283532440407,232.25
UGC 09366,SAbc,6.85125,2.440110649408955e-10,1.56648226186231e-10,0.24242396585311998,227.125
UGC 09366,SAbc,7.667999999999999,2.1624822517813997e-10,1.4152425339236996e-10,0.21461819012700015,226.2
UGC 09366,SAbc,8.423333333333334,2.0117369350947896e-10,1.29322732288546e-10,0.19482523761443898,228.66666666666666
UGC 09366,SAbc,9.24375,1.996333737274442e-10,1.1756505987051995e-10,0.178064967663977,238.625
UGC 09366,SAbc,10.007142857142856,1.8787042408600784e-10,1.0776818163263449e-10,0.1658000020080737,240.85714285714286
UGC 09366,SAbc,10.852857142857143,1.6712058732766136e-10,9.800293541270354e-11,0.15504564942322382,236.57142857142858
UGC 09366,SAbc,11.709999999999999,1.5283692251030324e-10,8.91184162987898e-11,0.14647328396694803,235.0
UGC 09366,SAbc,12.48,1.537581270784279e-10,8.190447939957337e-11,0.14032362275020938,243.33333333333334
UGC 09366,SAbc,13.540000000000001,1.3330756521779419e-10,7.302438997996439e-11,0.13371621445785448,236.0
UGC 09366,SAbc,14.68,1.2928678358788815e-10,6.467000911632396e-11,0.12845356216247283,242.0
UGC 09366,SAbc,15.805806451612904,8.2863695336008e-11,5.747828848615051e-11,0.12467228735805232,201.03225806451613
UGC 09465,SABdm,0.35,1.8148364020888442e-11,2.1058986248616223e-12,0.0,14.0
UGC 09465,SABdm,0.533,2.6559189520116186e-11,2.581457338691466e-12,0.0,20.9
UGC 09465,SABdm,1.005,4.296047968519657e-11,3.183565205981053e-12,0.0,36.5
UGC 09465,SABdm,1.23,4.215647856187792e-11,3.2894893705934768e-12,0.0,40.0
UGC 09465,SABdm,1.9000000000000001,6.877701205190547e-11,3.2636730926596717e-12,0.0,63.5
UGC 09465,SABdm,2.56,6.562578061124839e-11,2.997911352433279e-12,0.0,72.0
UGC 09465,SABdm,3.1,5.5710041398222646e-11,2.719054883446205e-12,0.0,73.0
UGC 09465,SABdm,3.36,6.172912932274981e-11,2.579691386862755e-12,0.0,80.0
UGC 09465,SABdm,3.8800000000000003,5.345615322794828e-11,2.3049440924467965e-12,0.0,80.0
UGC 09465,SABdm,4.39,5.333628785019485e-11,2.050445774982756e-12,0.0,85.0
UGC 09465,SABdm,4.86,4.593771301436673e-11,1.8343639877305307e-12,0.0,83.0
UGC 09465,SABdm,5.41,4.328027794128565e-11,1.6064437372330336e-12,0.0,85.0
UGC 09465,SABdm,6.01,5.2850046282602693e-11,1.3885203141799029e-12,0.0,99.0
UGC 09465,SABdm,6.57,3.8198774455794765e-11,1.2123618228801624e-12,0.0,88.0
UGC 09465,SABdm,8.16,3.660174256313636e-11,8.331259854003728e-13,0.0,96.0
UGC 09576,SABd,0.5567567567567568,3.4440189247571964e-11,9.431826858660661e-11,0.8045669817475762,24.324324324324323
UGC 09576,SABd,1.192,8.032186076843916e-11,7.961838586669858e-11,0.6672197938287111,54.353846153846156
UGC 09576,SABd,1.7870238095238098,6.549365627946275e-11,6.422471206759648e-11,0.5329767770725476,60.095238095238095
UGC 09576,SABd,2.495,4.0733803012815744e-11,5.1483117141386475e-11,0.38791156324477055,56.0
UGC 09576,SABd,3.235,4.3637819427572346e-11,4.352732117236088e-11,0.2794879292434909,66.0
UGC 09576,SABd,4.02,3.893973672347922e-11,3.8028229923955105e-11,0.2076878907127147,69.5
UGC 09576,SABd,4.65,4.839873490806996e-11,3.460789370580062e-11,0.17058644619483185,83.33333333333333
UGC 09576,SABd,5.33,4.8704413326963835e-11,3.143608087926071e-11,0.1429375936492109,89.5
UGC 09576,SABd,6.46,3.797129789753003e-11,2.6904618966114236e-11,0.11369399713211419,87.0
UGC 09576,SABd,7.263333333333334,3.69484533674467e-11,2.4099205316494973e-11,0.10040486219699975,91.0
UGC 09576,SABd,7.76,3.534788132198081e-11,2.2511824276583265e-11,0.0941662519172609,92.0
UGC 09576,SABd,8.595,3.22616844622552e-11,2.0073786022194787e-11,0.08608121033531457,92.5
UGC 09576,SABd,9.25,3.262588858176031e-11,1.8349046410247765e-11,0.08130784537704312,96.5
UGC 09576,SABd,9.933333333333334,3.2843159329188914e-11,1.6711891181403428e-11,0.07741298241116913,100.33333333333333
UGC 09576,SABd,10.79,4.2532600109195236e-11,1.4874400808010178e-11,0.07371350262824511,119.0
UGC 09576,SABd,11.700425531914894,3.6373473837732084e-11,1.315870263031165e-11,0.07086193886388427,114.59574468085107
UGC 09576,SABd,13.21,2.3082885945785033e-11,1.0780455501030128e-11,0.06785575244797262,97.0
UGC 09576,SABd,13.77,2.2603082277286626e-11,1.0026945161244363e-11,0.06714178715662115,98.0
UGC 09576,SABd,14.940000000000001,2.0832961376053332e-11,8.644392525276883e-12,0.0661597328844407,98.0
UGC 09649,SBb,0.21,3.171505488759946e-10,3.820322721287422e-11,0.0,45.333333333333336
UGC 09649,SBb,0.68,2.609780498381962e-10,5.482272622144569e-11,0.0,74.0
UGC 09649,SBb,0.95,1.8179066140472654e-10,5.393414533513731e-11,0.0,73.0
UGC 09649,SBb,1.22,1.8743392349442164e-10,5.048627605625843e-11,0.0,84.0
UGC 09649,SBb,1.56,1.2477519620016166e-10,4.4757360005947535e-11,0.0,77.5
UGC 09649,SBb,1.9333333333333333,9.51299097630232e-11,3.8204453079315105e-11,0.0,75.33333333333333
UGC 09649,SBb,2.16,1.0712951074747743e-10,3.4443055026134085e-11,0.0,84.5
UGC 09649,SBb,2.55,1.018017737383205e-10,2.8614914272107245e-11,0.0,89.5
UGC 09649,SBb,2.89,1.0120426673783874e-10,2.426549133384786e-11,0.0,95.0
UGC 09649,SBb,3.4411764705882355,7.950724891578778e-11,1.8585175268868858e-11,0.0,91.88235294117646
UGC 09649,SBb,3.72,6.746396456305689e-11,1.627738194582184e-11,0.0,88.0
UGC 09649,SBb,3.92,8.102774953021485e-11,1.482287000273606e-11,0.0,99.0
UGC 09736,SABc,1.79,3.1545999072222687e-10,5.5943971421560916e-11,0.5329825861579668,132.0
UGC 09736,SABc,2.356666666666667,1.506496345224218e-10,4.701970110542425e-11,0.3818929298012056,104.66666666666667
UGC 09736,SABc,2.75,2.3762572215402246e-10,4.381509763754258e-11,0.3035032286367241,142.0
UGC 09736,SABc,4.25,1.4312043878489713e-10,3.878437189787179e-11,0.14414786433301918,137.0
UGC 09736,SABc,5.19,1.349325619761142e-10,3.7134935605640976e-11,0.10095831398053941,147.0
UGC 09736,SABc,5.72,1.3788042795090573e-10,3.626406440267514e-11,0.08511214688334703,156.0
UGC 09736,SABc,7.16,1.1299275723699598e-10,3.382915293234239e-11,0.05822949443022185,158.0
UGC 09736,SABc,8.04,1.110732762436927e-10,3.2266753496312525e-11,0.048416436206652896,166.0
UGC 09736,SABc,8.16,9.175853517564046e-11,3.2050377092232344e-11,0.04732021691638309,152.0
UGC 09736,SABc,8.89,1.0535266756461433e-10,3.072350999696498e-11,0.04158970462380946,170.0
UGC 09736,SABc,9.65,1.052128231699508e-10,2.9334131118320074e-11,0.03696854281351146,177.0
UGC 09736,SABc,10.61,1.0795674194733425e-10,2.7590413703262715e-11,0.03251406035547468,188.0
UGC 09736,SABc,11.85,9.563443963930802e-11,2.539377525718175e-11,0.028320193448607756,187.0
UGC 09736,SABc,13.559999999999999,8.902344229536368e-11,2.253057416846498e-11,0.024376342843684087,193.0
UGC 09753,SAbc,0.2723529411764706,3.7315858634742545e-10,2.0180228906520002e-10,0.30768086869837336,56.0
UGC 09753,SAbc,0.48295454545454547,4.459648164856351e-10,2.35113852727996e-10,0.2454082863751315,81.52272727272727
UGC 09753,SAbc,0.809047619047619,5.479645301733183e-10,2.468682262395304e-10,0.19273061613199577,116.96031746031746
UGC 09753,SAbc,1.137142857142857,4.987240599417796e-10,2.3588487874592516e-10,0.15357161683330936,132.28571428571428
UGC 09753,SAbc,1.4585714285714286,4.152881588720208e-10,2.165930153286243e-10,0.1223782254916943,136.71428571428572
UGC 09753,SAbc,1.7724999999999997,3.307560369019517e-10,1.956884985977235e-10,0.09880087763226639,134.5
UGC 09753,SAbc,2.115,2.886448341069211e-10,1.7347744655999155e-10,0.08038810959950005,137.25
UGC 09753,SAbc,2.5033333333333334,2.3944655287974557e-10,1.5038214591346777e-10,0.06663675737416964,136.0
UGC 09753,SAbc,2.7800000000000002,2.0724407926103055e-10,1.355093655456655e-10,0.060012883185811466,133.33333333333334
UGC 09753,SAbc,3.08,1.8987435917004685e-10,1.2088526884334074e-10,0.0548151389940432,134.33333333333334
UGC 09753,SAbc,3.4250000000000003,1.7372705970517048e-10,1.0593021336477148e-10,0.05058765317977083,135.5
UGC 09753,SAbc,3.7050000000000005,1.6178530023633728e-10,9.516825235397115e-11,0.04811912844339543,136.0
UGC 09753,SAbc,4.034999999999999,1.431424502882276e-10,8.393726198067717e-11,0.04599858484510218,133.5
UGC 09753,SAbc,4.3,1.5196993858687484e-10,7.595611864100003e-11,0.04475964936391673,142.0
UGC 09753,SAbc,4.6499999999999995,1.150807695099521e-10,6.668264321322607e-11,0.04359810763072132,128.5
UGC 09753,SAbc,5.12,1.1196512666207299e-10,5.6206421942676404e-11,0.04266389384420719,133.0
UGC 09753,SAbc,5.65,1.108231799139019e-10,4.665517020105251e-11,0.04220750470983218,139.0
UGC 09753,SAbc,5.88,9.171736080891783e-11,4.313512550995948e-11,0.04215029642242748,129.0
UGC 09753,SAbc,6.49,8.966322484015872e-11,3.529617841908757e-11,0.04228333867054121,134.0
UGC 09858,SABbc,0.7828571428571428,1.8901363650888902e-10,2.0180517662780385e-10,0.6024107031371193,67.57142857142857
UGC 09858,SABbc,1.915384615384616,1.8708707474860983e-10,1.3777165619162947e-10,0.14740701438841172,105.15384615384616
UGC 09858,SABbc,3.297916666666667,2.0188505895751126e-10,1.354174638346514e-10,0.050586657906770936,143.33333333333334
UGC 09858,SABbc,4.895862068965518,1.1234356266680986e-10,1.263743478381398e-10,0.024596467755167356,130.27586206896552
UGC 09858,SABbc,7.019999999999999,8.289377909011828e-11,1.076478019133945e-10,0.014044640538000459,134.0
UGC 09858,SABbc,8.473333333333333,7.930857515253938e-11,9.412666045482054e-11,0.01102475089349195,144.0
UGC 09858,SABbc,9.59,8.615080998139318e-11,8.426744001279499e-11,0.009613753974121555,159.66666666666666
UGC 09858,SABbc,11.19,7.88473781547121e-11,7.144365346511883e-11,0.008328488500978207,165.0
UGC 09858,SABbc,12.45,7.70082044168049e-11,6.255806460597337e-11,0.007683657743876186,172.0
UGC 09858,SABbc,15.55,4.7519619664708014e-11,4.5085562917577e-11,0.006834263756316546,151.0
UGC 09858,SABbc,16.42,4.149658012214846e-11,4.118032512157838e-11,0.006710485497835755,145.0
UGC 09858,SABbc,17.57,5.584395775026613e-11,3.659123017422981e-11,0.0065958304811734965,174.0
UGC 09858,SABbc,26.26,1.6606217105393517e-11,1.6354736541352744e-11,0.006606280699277802,116.0
UGC 09866,SA(r)bc,0.15608695652173915,1.6126615419961124e-10,1.5731088379183252e-10,0.23814922567643768,27.869565217391305
UGC 09866,SA(r)bc,0.44000000000000006,2.338866582534494e-10,1.616871985339438e-10,0.03488320815456314,56.351351351351354
UGC 09866,SA(r)bc,0.7488888888888888,2.514173706718366e-10,1.4410617033491525e-10,0.01397587981214166,76.22222222222223
UGC 09866,SA(r)bc,1.051111111111111,2.6858044005543145e-10,1.1845843222454345e-10,0.008719171937808313,93.33333333333333
UGC 09866,SA(r)bc,1.31,2.762193978091389e-10,9.739506554827792e-11,0.006853231233826385,105.66666666666667
UGC 09866,SA(r)bc,1.5534375,2.4928452743888557e-10,8.019765727741933e-11,0.005929837989020253,109.3125
UGC 09943,SB(r)c,0.44,4.5967508057777916e-10,6.622556002011091e-10,0.5941906012587762,79.0
UGC 09943,SB(r)c,0.7975000000000001,3.784193973433013e-10,5.104249497637868e-10,0.32661275430959974,96.5
UGC 09943,SB(r)c,1.3942857142857144,5.022643418639579e-10,4.452625078458407e-10,0.13418819672418683,147.0
UGC 09943,SB(r)c,1.8323684210526314,4.131641950491826e-10,4.189989580722186e-10,0.08318487808647962,152.8421052631579
UGC 09943,SB(r)c,2.3461983471074377,3.8805449618758014e-10,3.873775666410521e-10,0.05495205341209096,167.61157024793388
UGC 09943,SB(r)c,2.894,3.4059940832410003e-10,3.5147136106899455e-10,0.0398133385023964,174.4
UGC 09943,SB(r)c,3.513333333333333,2.983118375017392e-10,3.1059896898073156e-10,0.030569187109656965,179.83333333333334
UGC 09943,SB(r)c,4.027142857142858,2.6447192912020045e-10,2.781719892441647e-10,0.025978593869435306,181.28571428571428
UGC 09943,SB(r)c,4.524,2.4358396299628854e-10,2.4894106996304e-10,0.02300283798946607,184.4
UGC 09943,SB(r)c,5.104,2.1543588285717692e-10,2.179391626113724e-10,0.020642702946584955,184.2
UGC 09943,SB(r)c,5.7325,1.872613574942087e-10,1.8829646115051888e-10,0.01894056318010789,182.0
UGC 09943,SB(r)c,6.29,1.7254444773323106e-10,1.6533099895345574e-10,0.01791709482992182,183.0
UGC 09943,SB(r)c,6.798,1.561800092696188e-10,1.4693369851043752e-10,0.01725994637327893,181.0
UGC 09943,SB(r)c,7.308,1.5013659499648114e-10,1.3067184705859206e-10,0.016793610093389904,184.0
UGC 09943,SB(r)c,7.793333333333333,1.4438009026872894e-10,1.1704618080533725e-10,0.016486156624276417,186.33333333333334
UGC 09943,SB(r)c,8.26,1.304372249684368e-10,1.0546508015238203e-10,0.016287498597189663,182.33333333333334
UGC 09943,SB(r)c,8.843333333333334,1.2542292255699213e-10,9.283762241144851e-11,0.01614236536671703,185.0
UGC 09943,SB(r)c,9.32,1.164489888671699e-10,8.385729597756588e-11,0.01608979438012463,183.0
UGC 09943,SB(r)c,9.8,1.13179256307381e-10,7.587492396256092e-11,0.016083210746469408,185.0
UGC 09943,SB(r)c,10.25,1.1174839337182598e-10,6.924248861918889e-11,0.016110268326347852,188.0
UGC 09943,SB(r)c,10.76,1.0197009630430151e-10,6.259801244887289e-11,0.0161710450209499,184.0
UGC 10359,SBcd pec,0.46384615384615385,1.1286554418789013e-10,5.5519736942341184e-11,0.0,40.19230769230769
UGC 10359,SBcd pec,1.083217391304348,6.990874376009856e-11,7.500231788146831e-11,0.0,48.33913043478261
UGC 10359,SBcd pec,1.7000000000000002,7.327973875661258e-11,7.77921640919475e-11,0.0,62.0
UGC 10359,SBcd pec,2.31,7.394532401572198e-11,7.404235476663847e-11,0.0,72.6
UGC 10359,SBcd pec,2.96,7.29017680591982e-11,6.719222969320646e-11,0.0,81.6
UGC 10359,SBcd pec,3.7642857142857142,8.172210497281219e-11,5.7636713853698404e-11,0.0,97.42857142857143
UGC 10359,SBcd pec,4.411666666666667,7.970843785034662e-11,5.020113503649455e-11,0.0,104.16666666666667
UGC 10359,SBcd pec,5.08,8.485851562010534e-11,4.321218944702249e-11,0.0,115.33333333333333
UGC 10359,SBcd pec,5.699999999999999,8.742144272718695e-11,3.7475999232163516e-11,0.0,124.0
UGC 10359,SBcd pec,6.5075,7.081936908835832e-11,3.108941388830845e-11,0.0,119.25
UGC 10359,SBcd pec,7.05,7.888654381014858e-11,2.743969372434895e-11,0.0,131.0
UGC 10359,SBcd pec,7.696666666666667,6.684791511375323e-11,2.3688420695138437e-11,0.0,126.0
UGC 10359,SBcd pec,8.476666666666667,7.52915142273442e-11,1.9917187408603098e-11,0.0,140.33333333333334
UGC 10359,SBcd pec,9.74,5.6231180689537744e-11,1.5218863506446144e-11,0.0,130.0
UGC 10359,SBcd pec,11.75,4.8057309224917973e-11,1.0281647411367135e-11,0.0,132.0
UGC 10359,SBcd pec,13.5,5.546293681727601e-11,7.590869890617831e-12,0.0,152.0
UGC 10521,SAc,0.202,1.1865744368678476e-11,1.2652613258454278e-10,0.5491244594737358,8.6
UGC 10521,SAc,0.46578947368421053,1.0928046530648586e-10,1.1207898863193903e-10,0.21403814401570137,39.63157894736842
UGC 10521,SAc,0.7819999999999999,1.5002188042756435e-10,1.1377645907124279e-10,0.07538380541841973,60.166666666666664
UGC 10521,SAc,1.0529545454545455,1.4508948148232989e-10,1.157406899962144e-10,0.04087320685968431,68.6590909090909
UGC 10521,SAc,1.3515596330275228,1.4989054067399122e-10,1.1490314153281097e-10,0.024988587071804853,79.06422018348624
UGC 10521,SAc,1.6525,1.5187046788173773e-10,1.1153887762648596e-10,0.01722006638762637,88.0
UGC 10521,SAc,1.97,1.4484300205807824e-10,1.0622968639841218e-10,0.012722301282014542,93.83333333333333
UGC 10521,SAc,2.3,1.4890450872244235e-10,9.963646750393793e-11,0.009951075791623274,102.8
UGC 10521,SAc,2.585,1.4353455351972353e-10,9.353084498356488e-11,0.008392050237631584,107.0
UGC 10521,SAc,2.865,1.3749345484084414e-10,8.743635047814017e-11,0.007308070915186075,110.25
UGC 10521,SAc,3.1366666666666667,1.3584869216992148e-10,8.159587177291777e-11,0.006533397824407439,114.66666666666667
UGC 10521,SAc,3.45,1.210102289896947e-10,7.50845786736131e-11,0.005868878106122765,113.5
UGC 10521,SAc,3.77,1.0213182689095092e-10,6.878144545327587e-11,0.005365250812866744,109.0
UGC 10521,SAc,4.056666666666667,9.032729150182087e-11,6.34811554535798e-11,0.005020657062714917,106.33333333333333
UGC 10521,SAc,4.355,9.251476078345512e-11,5.833503758745062e-11,0.004740653649369721,111.5
UGC 10521,SAc,4.62,1.0270183891072498e-10,5.408463709864217e-11,0.004543454222497771,121.0
UGC 10521,SAc,4.96,1.0538413136985516e-10,4.9065969974954074e-11,0.004345105103762408,127.0
UGC 10521,SAc,5.3,9.86236399234871e-11,4.451646873158254e-11,0.004194416778374786,127.0
UGC 10521,SAc,6.0,8.988301359273946e-11,3.6502158229951326e-11,0.00399137914377999,129.0
UGC 10652,S(r)bc,0.1823529411764706,8.64771513430956e-11,2.148609787246718e-10,0.7149112735052809,22.058823529411764
UGC 10652,S(r)bc,0.42482758620689653,1.0492079641444019e-10,1.721716830977931e-10,0.5082082741566367,37.08620689655172
UGC 10652,S(r)bc,0.6972072072072072,2.0142800158790523e-10,1.366660725379276e-10,0.34379769263107873,65.82882882882883
UGC 10652,S(r)bc,1.0233333333333334,3.2733278327965473e-10,1.0893780820286668e-10,0.22531194438821728,101.66666666666667
UGC 10652,S(r)bc,1.335,3.657726179206634e-10,9.002406264509462e-11,0.16412203546819323,122.75
UGC 10652,S(r)bc,1.595,3.4074406820567e-10,7.731487266614139e-11,0.134457880618848,129.5
UGC 10652,S(r)bc,1.98,3.177564088489772e-10,6.192777908774329e-11,0.10905598119859915,139.33333333333334
UGC 10652,S(r)bc,2.64,1.9799442863427333e-10,4.257736129504398e-11,0.08923401083089079,127.0
UGC 10652,S(r)bc,2.79,2.0239189368917066e-10,3.916378751389015e-11,0.08686090657821172,132.0
UGC 10757,Scd,0.25,1.2457555588624138e-10,1.8513539189390033e-10,0.9184944957012845,31.0
UGC 10757,Scd,0.48833333333333334,6.039315716808126e-11,1.2067046206320226e-10,0.8313970366035832,30.166666666666668
UGC 10757,Scd,0.688,5.936325726049798e-11,9.026335641072289e-11,0.7511565242878476,35.5
UGC 10757,Scd,0.98,6.69650822563759e-11,6.450574618845828e-11,0.6349018413285789,45.0
UGC 10757,Scd,1.33,7.778479463705845e-11,4.7672309033422533e-11,0.5146636511179612,56.5
UGC 10757,Scd,1.67,6.085678953112292e-11,3.797740802517118e-11,0.425064198605902,56.0
UGC 10757,Scd,1.9799999999999998,6.915299241364871e-11,3.1932527103483395e-11,0.36453018915931856,65.0
UGC 10757,Scd,2.63,6.931324525902871e-11,2.3445751398964703e-11,0.28374152025664046,75.0
UGC 10757,Scd,2.77,5.732786468692197e-11,2.2059450179775113e-11,0.27200092782126173,70.0
UGC 10757,Scd,3.3300000000000005,8.783193119289907e-11,1.7483251145511503e-11,0.2376758282402806,95.0
UGC 10897,SAc,0.26363636363636367,2.25544015689512e-11,5.554751932514792e-11,0.33666401526129813,13.545454545454545
UGC 10897,SAc,0.45846153846153836,9.41114274812832e-12,6.763517781970406e-11,0.2737630069328132,11.538461538461538
UGC 10897,SAc,0.7377777777777778,6.892200998140657e-11,7.647601219191184e-11,0.22647077804272606,39.611111111111114
UGC 10897,SAc,1.056,5.569352862984902e-11,7.826687514558567e-11,0.17561987179061334,42.6
UGC 10897,SAc,1.373157894736842,9.1958346319729e-11,7.53918142328191e-11,0.12275953066949816,62.421052631578945
UGC 10897,SAc,1.7800000000000002,7.226209550452069e-11,7.061676098179747e-11,0.07874174692525582,63.0
UGC 10897,SAc,2.09,9.677370117426929e-11,6.687648260595083e-11,0.06031021653837157,79.0
UGC 10897,SAc,2.16,8.666083877699375e-11,6.601280526247398e-11,0.05720331432642613,76.0
UGC 10897,SAc,2.5533333333333332,1.0433673409497472e-10,6.106879160337865e-11,0.04425094269666518,90.66666666666667
UGC 10897,SAc,2.8499999999999996,1.3263315660378624e-10,5.7308482534713914e-11,0.03784846357767233,108.0
UGC 10897,SAc,3.1375,1.0905093194267562e-10,5.371029686363106e-11,0.033322061504404955,102.75
UGC 10897,SAc,3.51,6.775885764118737e-11,4.919569369417052e-11,0.029068027451949335,85.66666666666667
UGC 10897,SAc,3.776666666666667,7.475054318694855e-11,4.610443049514365e-11,0.026791492709931003,93.33333333333333
UGC 10897,SAc,4.05,8.325201907994859e-11,4.307936072104966e-11,0.024933175103343117,102.0
UGC 10897,SAc,4.329999999999999,6.543118416430718e-11,4.0143154845142324e-11,0.023408284657328332,93.5
UGC 10897,SAc,4.59,7.060521327765501e-11,3.756962122445687e-11,0.022258438595335262,100.0
UGC 10897,SAc,4.915,8.569108371438243e-11,3.456175065068085e-11,0.021101537813602328,114.0
UGC 10897,SAc,5.12,7.798758129930473e-11,3.2782724829056805e-11,0.02050085212869814,111.0
UGC 10897,SAc,5.5,9.060040428090282e-11,2.971999352214973e-11,0.01959669322272599,124.0
UGC 10897,SAc,5.77,7.953669933764584e-11,2.7722078599944052e-11,0.019088836869980724,119.0
UGC 11283,SBdm,0.321875,7.442190061227062e-11,1.1832404431950432e-10,0.9060357470165464,27.1875
UGC 11283,SBdm,0.7727499999999999,1.9851225260210335e-10,7.236913914681284e-11,0.7557513718586958,68.8
UGC 11283,SBdm,1.2394117647058824,3.033281290767159e-10,4.7399973009949874e-11,0.5579388349036712,107.70588235294117
UGC 11283,SBdm,1.565,2.5744522888942304e-10,3.915811345484731e-11,0.4355399524382804,111.5
UGC 11283,SBdm,2.1,2.476023965056964e-10,3.230412989841045e-11,0.29510431934431103,126.66666666666667
UGC 11283,SBdm,2.66,2.331425284563725e-10,2.8410605195180496e-11,0.20919579768965757,138.33333333333334
UGC 11283,SBdm,3.13,2.2781516464047586e-10,2.604092413811657e-11,0.16483687370667321,148.33333333333334
UGC 11283,SBdm,3.525,2.1662426046159005e-10,2.4332832913185345e-11,0.13908765810120138,153.5
UGC 11283,SBdm,3.94,1.8920539548708957e-10,2.2701514768439136e-11,0.11933071256022132,151.66666666666666
UGC 11283,SBdm,4.505,2.153014058907445e-10,2.0666144220594162e-11,0.10026525619673404,173.0
UGC 11283,SBdm,5.0,2.242360005952345e-10,1.902339083788298e-11,0.08842428870980713,186.0
UGC 11283,SBdm,5.32,2.0400461959436528e-10,1.8024013268919622e-11,0.08243748830682787,183.0
UGC 11283,SBdm,5.86,1.4693560570178725e-10,1.6443081757442904e-11,0.07447680991210147,163.0
UGC 11283,SBdm,6.54,1.0854132959631402e-10,1.4632814659004478e-11,0.06719177993450819,148.0
UGC 11283,SBdm,9.45,9.273086982706417e-12,8.879204234605575e-12,0.053034911904421445,52.0
UGC 11300,Sd,0.19,8.657560975947997e-11,1.197724556663875e-10,0.6849267296147162,22.529411764705884
UGC 11300,Sd,0.4638461538461538,1.4863190313378297e-10,9.309523445898511e-11,0.37566504854733596,46.12307692307692
UGC 11300,Sd,0.7673553719008264,1.1394433560544377e-10,8.372385759859445e-11,0.2024544269293233,51.94214876033058
UGC 11300,Sd,1.0875,1.011141763474972e-10,7.788135601412198e-11,0.11923884317638633,58.25
UGC 11300,Sd,1.38,9.068862186410973e-11,7.283920286198783e-11,0.08163210546834991,62.142857142857146
UGC 11300,Sd,1.6466666666666667,1.0061340438742077e-10,6.807391172869092e-11,0.062024516321272205,71.5
UGC 11300,Sd,1.94,1.1508107487104242e-10,6.272020762085231e-11,0.04873788527863737,83.0
UGC 11300,Sd,2.235,1.2007558521650464e-10,5.737956143361935e-11,0.0402154550275395,91.0
UGC 11300,Sd,2.5233333333333334,1.1267951275817548e-10,5.2339251587335475e-11,0.03461362387581126,93.66666666666667
UGC 11300,Sd,2.895,9.891373333861972e-11,4.624942646410416e-11,0.02976929103106138,94.0
UGC 11300,Sd,3.13,8.955111844857608e-11,4.2680840699423835e-11,0.027598497306819268,93.0
UGC 11300,Sd,3.53,7.940368293032384e-11,3.7145484296758735e-11,0.024933023309476304,93.0
UGC 11300,Sd,3.87,1.013266909619556e-10,3.2973311802187074e-11,0.02336964657035617,110.0
UGC 11300,Sd,4.51,7.47606823223485e-11,2.635996990543703e-11,0.02152492421543436,102.0
UGC 11670,SA(r)0/a,0.25249999999999995,2.426573601626041e-09,4.4589474940551235e-09,0.967565115164053,137.5
UGC 11670,SA(r)0/a,0.5533333333333333,1.530747607147692e-09,1.8407921463941e-09,0.8815444164711042,161.66666666666666
UGC 11670,SA(r)0/a,1.00375,1.3562978027635472e-09,8.998415181847856e-10,0.7029815396997768,204.95833333333334
UGC 11670,SA(r)0/a,1.366153846153846,8.727339810743816e-10,6.466640920641613e-10,0.565851027688992,191.80769230769232
UGC 11670,SA(r)0/a,1.7189090909090907,5.822035966708024e-10,5.200725859007775e-10,0.4584975007510408,175.72727272727272
UGC 11670,SA(r)0/a,2.17,4.705290437237628e-10,4.2493330865869113e-10,0.3586992690863481,177.5
UGC 11670,SA(r)0/a,3.01,3.645176864565728e-10,3.2146378955637014e-10,0.2493995888901862,184.0
UGC 11670,SA(r)0/a,3.7,2.9977208427360377e-10,2.6475572015010757e-10,0.20098208046207783,185.0
UGC 11670,SA(r)0/a,4.91,1.7108806509508634e-10,1.929504850777446e-10,0.1568227185834823,161.0
UGC 11670,SA(r)0/a,7.84,1.1946239982773233e-10,9.495996432841565e-11,0.12502786670180305,170.0
UGC 11707,SAdm,0.348,4.185447827149067e-11,3.9712233688557906e-11,0.9412890549325336,21.2
UGC 11707,SAdm,2.06,2.5171101277237784e-11,1.3307863959858245e-11,0.5387497386882263,40.0
UGC 11707,SAdm,3.18,2.3480363153710116e-11,9.931282611269152e-12,0.30943834105507717,48.0
UGC 11707,SAdm,3.945,4.025302539487298e-11,9.012946493736753e-12,0.22162874118311468,70.0
UGC 11707,SAdm,4.743333333333333,3.476568946811762e-11,8.383828329821549e-12,0.16480970524608402,71.33333333333333
UGC 11707,SAdm,5.45,3.664310491078631e-11,7.934751047555581e-12,0.13190651712916732,78.5
UGC 11707,SAdm,6.069999999999999,4.04109694263664e-11,7.577419832420512e-12,0.11135092608740862,87.0
UGC 11707,SAdm,6.885000000000002,3.8126815169933696e-11,7.134130984720766e-12,0.0919271080623994,90.0
UGC 11707,SAdm,7.570000000000001,3.945445433489995e-11,6.776159981442889e-12,0.080060289461719,96.0
UGC 11707,SAdm,8.03,3.342078866237707e-11,6.541829774016111e-12,0.07369910880214113,91.0
UGC 11707,SAdm,8.39,2.991250872164143e-11,6.3617089556223e-12,0.06942163657746338,88.0
UGC 11707,SAdm,9.08,3.427802235222872e-11,6.024682932494948e-12,0.06258736578358651,98.0
UGC 11707,SAdm,12.68,2.1632457339004025e-11,4.4659144969812105e-12,0.04329558926071461,92.0
UGC 11852,SBa,0.69,1.805442838931035e-10,1.2498551822314096e-09,0.9284511422236452,62.0
UGC 11852,SBa,1.25,3.428744488232138e-10,5.768579604583134e-10,0.7971473617782403,115.0
UGC 11852,SBa,2.2100000000000004,3.15442368243554e-10,2.979037244604709e-10,0.5433570316233727,146.66666666666666
UGC 11852,SBa,3.8600000000000003,2.9990641709389156e-10,1.8828507036832723e-10,0.2872036326810488,189.0
UGC 11852,SBa,4.19,3.0938227106867444e-10,1.7742031863868413e-10,0.25882130370748524,200.0
UGC 11852,SBa,5.9,2.42234519770333e-10,1.363017734252012e-10,0.17005505516447167,210.0
UGC 11852,SBa,6.33,2.6614323946678654e-10,1.2820820680163335e-10,0.1570680592689355,228.0
UGC 11852,SBa,8.06,1.7395666895598137e-10,1.0080698150064292e-10,0.1232165538263036,208.0
UGC 11861,SABdm,0.4083333333333334,7.302555998881302e-11,1.2041564457384808e-11,0.0,30.333333333333332
UGC 11861,SABdm,1.225714285714286,4.352119453370373e-11,2.343621953683869e-11,0.0,40.57142857142857
UGC 11861,SABdm,2.25,8.539813514273618e-11,3.063236533015351e-11,0.0,77.0
UGC 11861,SABdm,3.45,7.778809650982256e-11,3.444241886713564e-11,0.0,91.0
UGC 11861,SABdm,3.87,7.399360672230079e-11,3.506932200269116e-11,0.0,94.0
UGC 11861,SABdm,4.505000000000001,9.267154051375063e-11,3.553945885786493e-11,0.0,113.5
UGC 11861,SABdm,5.095,9.38983200502455e-11,3.557521265470007e-11,0.0,121.5
UGC 11861,SABdm,5.886666666666667,8.647950411938212e-11,3.517456538374314e-11,0.0,125.33333333333333
UGC 11861,SABdm,6.700000000000001,8.599082691726342e-11,3.4377989224850713e-11,0.0,133.33333333333334
UGC 11861,SABdm,7.43,8.630640630797223e-11,3.343288590608796e-11,0.0,140.66666666666666
UGC 11861,SABdm,8.0475,8.32154902588182e-11,3.2515530922549515e-11,0.0,143.75
UGC 11861,SABdm,8.85,7.699139498369241e-11,3.1215395828670385e-11,0.0,145.0
UGC 11861,SABdm,9.523333333333333,8.140553236497654e-11,3.0065337868051234e-11,0.0,154.66666666666666
UGC 11861,SABdm,10.188139534883721,8.289423257599836e-11,2.8901656074041907e-11,0.0,161.43023255813952
UGC 11861,SABdm,10.83,8.345530341949575e-11,2.776824795940113e-11,0.0,167.0
UGC 11861,SABdm,11.28,9.308621363297644e-11,2.6974725821169467e-11,0.0,180.0
UGC 11861,SABdm,11.920000000000002,9.711734647503535e-11,2.585536823089907e-11,0.0,189.0
UGC 11861,SABdm,12.72,7.6252581252972e-11,2.448210368783317e-11,0.0,173.0
UGC 11861,SABdm,13.420000000000002,6.416115122298608e-11,2.331259201658893e-11,0.0,163.0
UGC 11861,SABdm,13.99,7.505450248605963e-11,2.2386560385849277e-11,0.0,180.0
UGC 12060,IBm,0.25333333333333335,1.643131955525301e-11,1.1701890031473008e-12,0.0,11.333333333333334
UGC 12060,IBm,0.6420689655172415,8.020241550685069e-11,1.8542373823499514e-12,0.0,39.86206896551724
UGC 12060,IBm,0.9500000000000001,6.604367057225568e-11,2.093822625681927e-12,0.0,44.0
UGC 12060,IBm,1.375,6.872809024014377e-11,2.2106242846556807e-12,0.0,54.0
UGC 12060,IBm,1.6949999999999998,4.313869186907876e-11,2.204081566552468e-12,0.0,47.5
UGC 12060,IBm,2.09,8.263211882033025e-11,2.132389824025175e-12,0.0,73.0
UGC 12060,IBm,2.555,8.016647868536494e-11,1.9981566639915005e-12,0.0,79.5
UGC 12060,IBm,3.02,6.528775230787919e-11,1.839215987108669e-12,0.0,78.0
UGC 12060,IBm,3.43,5.1739088597659884e-11,1.693041801582229e-12,0.0,74.0
UGC 12060,IBm,3.6399999999999997,6.133441902467646e-11,1.6186105369404907e-12,0.0,83.0
UGC 12060,IBm,4.13,6.533789661565156e-11,1.4503902322587003e-12,0.0,91.25
UGC 12060,IBm,4.705,8.034101940930727e-11,1.2676883813779003e-12,0.0,108.0
UGC 12060,IBm,5.37,7.70605414281473e-11,1.0802801959074646e-12,0.0,113.0
UGC 12060,IBm,5.82,4.6111500508399974e-11,9.684279763024674e-13,0.0,91.0
UGC 12060,IBm,6.54,5.5677975682258236e-11,8.132710544948317e-13,0.0,106.0
UGC 12060,IBm,7.3500000000000005,3.571471053673382e-11,6.700587915787929e-13,0.0,90.0
UGC 12060,IBm,7.71,2.3643817773183595e-11,6.157144586734325e-13,0.0,75.0
UGC 12060,IBm,7.819999999999999,2.1483631504449604e-11,6.001390770559129e-13,0.0,72.0
UGC 12754,SBcd,0.20753846153846153,3.023125765631423e-10,5.923431997480543e-11,0.0,44.0
UGC 12754,SBcd,0.4578125,1.58876716011972e-10,8.371554425089021e-11,0.0,47.375
UGC 12754,SBcd,0.7560714285714286,7.638454895717776e-11,9.33448861038502e-11,0.0,42.214285714285715
UGC 12754,SBcd,1.0307142857142857,8.098102184433383e-11,9.35672168899275e-11,0.0,50.75
UGC 12754,SBcd,1.3366666666666667,1.351698600392024e-10,8.911229305889941e-11,0.0,74.66666666666667
UGC 12754,SBcd,1.6466666666666667,1.4331154623011195e-10,8.224574567441233e-11,0.0,85.33333333333333
UGC 12754,SBcd,1.96,1.4300765344083832e-10,7.443456336710107e-11,0.0,93.0
UGC 12754,SBcd,2.2575000000000003,1.2752179391734166e-10,6.696930632801372e-11,0.0,94.25
UGC 12754,SBcd,2.525714285714286,1.3802011835513718e-10,6.052457516304363e-11,0.0,103.71428571428571
UGC 12754,SBcd,2.8200000000000003,1.4216198620096942e-10,5.394220246041822e-11,0.0,111.22222222222223
UGC 12754,SBcd,3.1485714285714286,1.440126023058352e-10,4.729415436024475e-11,0.0,118.28571428571429
UGC 12754,SBcd,3.465,1.2119511703973163e-10,4.161195432229568e-11,0.0,113.83333333333333
UGC 12754,SBcd,3.72,1.1823835137408947e-10,3.752976572912869e-11,0.0,116.5
UGC 12754,SBcd,4.03,1.2018275193412313e-10,3.312414523955572e-11,0.0,122.25
UGC 12754,SBcd,4.41,1.0878125997385375e-10,2.8478194650563e-11,0.0,121.66666666666667
UGC 12754,SBcd,4.655,1.0362139407967761e-10,2.5875200838680255e-11,0.0,122.0
UGC 12754,SBcd,4.9709375,1.0222329609115466e-10,2.2917819277262464e-11,0.0,125.21875
UGC 12754,SBcd,5.21,8.370043400914275e-11,2.0946150904981647e-11,0.0,116.0
UGC 12754,SBcd,5.510000000000001,9.486484420952477e-11,1.8756898885376263e-11,0.0,127.0
