/*--------------------------------*- C++ -*----------------------------------*\
| =========                 |                                                 |
| \\      /  F ield         | OpenFOAM: The Open Source CFD Toolbox           |
|  \\    /   O peration     | Version:  2312                                  |
|   \\  /    A nd           | Website:  www.openfoam.com                      |
|    \\/     M anipulation  |                                                 |
\*---------------------------------------------------------------------------*/
FoamFile
{
    version     2.0;
    format      ascii;
    arch        "LSB;label=32;scalar=64";
    class       volVectorField;
    location    "4.0017904952";
    object      U;
}
// * * * * * * * * * * * * * * * * * * * * * * * * * * * * * * * * * * * * * //

dimensions      [0 1 -1 0 0 0 0];

internalField   nonuniform List<vector> 
20000
(
(1.5 -1.16014e-15 0)
(1.5 -2.56208e-14 0)
(1.5 2.25532e-14 0)
(1.5 9.95609e-14 0)
(1.5 7.03615e-14 0)
(1.5 3.57653e-14 0)
(1.5 8.81e-14 0)
(1.5 3.08727e-14 0)
(1.5 -3.26148e-14 0)
(1.5 -2.89093e-14 0)
(1.5 2.49902e-14 0)
(1.5 -4.24515e-14 0)
(1.5 -1.36888e-14 0)
(1.5 -2.07088e-14 0)
(1.5 -3.55115e-14 0)
(1.5 -1.03296e-13 0)
(1.5 -1.41953e-13 0)
(1.5 -1.05978e-13 0)
(1.5 -2.676e-14 0)
(1.5 -5.8577e-15 0)
(1.5 -1.10328e-13 0)
(1.5 -7.65531e-14 0)
(1.5 -1.27997e-14 0)
(1.5 3.40636e-14 0)
(1.5 4.33938e-14 0)
(1.5 -6.43874e-15 0)
(1.5 -4.83429e-14 0)
(1.5 -6.544e-14 0)
(1.5 -7.63856e-14 0)
(1.5 -8.38874e-14 0)
(1.5 -4.79264e-14 0)
(1.5 -8.02191e-14 0)
(1.5 -1.54771e-13 0)
(1.5 -1.74934e-13 0)
(1.5 -1.19496e-13 0)
(1.5 -1.18989e-13 0)
(1.5 -1.33474e-13 0)
(1.5 -1.28101e-13 0)
(1.5 -1.06628e-13 0)
(1.5 -8.40647e-14 0)
(1.5 -5.45969e-14 0)
(1.5 -4.40308e-14 0)
(1.5 -1.43216e-14 0)
(1.5 -6.27778e-14 0)
(1.5 -7.35991e-14 0)
(1.5 -8.96773e-14 0)
(1.5 -6.88078e-14 0)
(1.5 -5.66198e-14 0)
(1.5 -5.73304e-14 0)
(1.5 -1.06381e-13 0)
(1.5 -1.01424e-13 0)
(1.5 -9.69526e-14 0)
(1.5 -1.18796e-13 0)
(1.5 -2.47277e-14 0)
(1.5 -3.33397e-14 0)
(1.5 -7.35133e-14 0)
(1.5 -1.80066e-13 0)
(1.5 -2.31364e-13 0)
(1.5 -2.38094e-13 0)
(1.5 -1.79826e-13 0)
(1.5 -1.99844e-13 0)
(1.5 -1.66698e-13 0)
(1.5 -2.04209e-13 0)
(1.5 -1.61267e-13 0)
(1.5 -1.57835e-13 0)
(1.5 -1.33328e-13 0)
(1.5 -1.84201e-13 0)
(1.5 -1.33032e-13 0)
(1.5 -9.35439e-14 0)
(1.5 -1.49672e-13 0)
(1.5 -1.97291e-13 0)
(1.5 -1.80585e-13 0)
(1.5 -2.10162e-13 0)
(1.5 -2.17012e-13 0)
(1.5 -2.24856e-13 0)
(1.5 -2.83864e-13 0)
(1.5 -3.14558e-13 0)
(1.5 -2.80501e-13 0)
(1.5 -2.58192e-13 0)
(1.5 -2.1553e-13 0)
(1.5 -2.23789e-13 0)
(1.5 -2.47869e-13 0)
(1.5 -2.543e-13 0)
(1.5 -1.93221e-13 0)
(1.5 -1.52838e-13 0)
(1.5 -1.85275e-13 0)
(1.5 -1.21321e-13 0)
(1.5 -1.00744e-13 0)
(1.5 -6.43401e-14 0)
(1.5 2.94074e-16 0)
(1.5 9.78499e-14 0)
(1.5 7.05038e-14 0)
(1.5 -4.63948e-14 0)
(1.5 -1.58254e-13 0)
(1.5 -2.88226e-13 0)
(1.5 -2.5712e-13 0)
(1.5 -1.29703e-13 0)
(1.5 -1.60393e-14 0)
(1.5 2.52251e-14 0)
(1.5 1.0077e-13 0)
(1.5 1.20343e-13 0)
(1.5 -1.64562e-14 0)
(1.5 1.51028e-14 0)
(1.5 2.64902e-14 0)
(1.5 8.51233e-14 0)
(1.5 7.31388e-14 0)
(1.5 2.68681e-14 0)
(1.5 -8.28257e-14 0)
(1.5 -2.08965e-13 0)
(1.5 -1.76153e-13 0)
(1.5 -2.2879e-13 0)
(1.5 -2.80078e-13 0)
(1.5 -1.70618e-13 0)
(1.5 -1.06983e-13 0)
(1.5 -3.5181e-14 0)
(1.5 2.54949e-14 0)
(1.5 -4.85368e-15 0)
(1.5 -1.37715e-14 0)
(1.5 -6.21392e-14 0)
(1.5 -5.33591e-14 0)
(1.5 -3.77156e-14 0)
(1.5 1.78897e-14 0)
(1.5 -1.60105e-14 0)
(1.5 -4.65699e-14 0)
(1.5 -7.14715e-14 0)
(1.5 -3.96821e-14 0)
(1.5 -1.12508e-13 0)
(1.5 -7.46918e-14 0)
(1.5 4.75708e-14 0)
(1.5 5.31544e-14 0)
(1.5 -7.7376e-15 0)
(1.5 -7.70079e-14 0)
(1.5 -2.80405e-14 0)
(1.5 -7.2702e-15 0)
(1.5 -7.4725e-15 0)
(1.5 3.87177e-14 0)
(1.5 8.84699e-14 0)
(1.5 1.36677e-13 0)
(1.5 1.29605e-13 0)
(1.5 9.5365e-14 0)
(1.5 -8.21341e-15 0)
(1.5 -6.31166e-14 0)
(1.5 -6.57817e-14 0)
(1.5 -1.04939e-14 0)
(1.5 -3.9088e-14 0)
(1.5 -1.48242e-13 0)
(1.5 -1.37966e-13 0)
(1.5 -7.23239e-14 0)
(1.5 -8.04778e-14 0)
(1.5 -1.01052e-13 0)
(1.5 -1.00899e-13 0)
(1.5 -1.84024e-13 0)
(1.5 -2.43654e-13 0)
(1.5 -2.86532e-13 0)
(1.5 -2.75248e-13 0)
(1.5 -2.69714e-13 0)
(1.5 -1.79601e-13 0)
(1.5 -1.02526e-13 0)
(1.5 -5.73665e-14 0)
(1.5 -8.69238e-14 0)
(1.5 -1.08484e-13 0)
(1.5 -7.58687e-14 0)
(1.5 -1.96712e-14 0)
(1.5 3.773e-14 0)
(1.5 7.28443e-14 0)
(1.5 2.56405e-14 0)
(1.5 4.82371e-14 0)
(1.5 -3.94161e-14 0)
(1.5 -8.05381e-14 0)
(1.5 -7.30873e-14 0)
(1.5 -2.9753e-14 0)
(1.5 -8.00647e-14 0)
(1.5 -5.84162e-14 0)
(1.5 -1.44126e-13 0)
(1.5 -1.92981e-13 0)
(1.5 -1.76504e-13 0)
(1.5 -8.27023e-14 0)
(1.5 -3.55176e-14 0)
(1.5 -5.08201e-14 0)
(1.5 -7.62412e-14 0)
(1.5 -1.3236e-14 0)
(1.5 -1.01638e-14 0)
(1.5 -7.86518e-14 0)
(1.5 -1.3713e-13 0)
(1.5 -1.01254e-13 0)
(1.5 -1.24816e-13 0)
(1.5 -1.39091e-13 0)
(1.5 -1.29941e-13 0)
(1.5 -1.22766e-13 0)
(1.5 -1.44318e-13 0)
(1.5 -1.43413e-13 0)
(1.5 -5.59856e-14 0)
(1.5 -1.79719e-14 0)
(1.5 -1.55526e-14 0)
(1.5 -2.18821e-14 0)
(1.5 2.29521e-14 0)
(1.5 9.36199e-14 0)
(1.5 1.34316e-13 0)
(1.5 8.02766e-14 0)
(1.5 -1.5603e-14 0)
(1.5 -1.73486e-14 0)
(1.5 -5.82005e-14 0)
(1.5 7.9844e-14 0)
(1.5 1.49154e-13 0)
(1.5 4.78765e-14 0)
(1.5 5.62562e-14 0)
(1.5 1.34038e-13 0)
(1.5 2.61924e-14 0)
(1.5 -3.18555e-14 0)
(1.5 -5.69994e-15 0)
(1.5 -3.75712e-15 0)
(1.5 -8.36961e-14 0)
(1.5 -4.98632e-14 0)
(1.5 -4.48725e-14 0)
(1.5 -7.5534e-15 0)
(1.5 -6.67815e-14 0)
(1.5 -1.38805e-13 0)
(1.5 -1.05146e-13 0)
(1.5 -5.20988e-14 0)
(1.5 2.09376e-14 0)
(1.5 -4.44177e-14 0)
(1.5 5.50135e-14 0)
(1.5 1.79221e-13 0)
(1.5 2.38201e-13 0)
(1.5 1.96453e-13 0)
(1.5 1.53991e-13 0)
(1.5 7.11727e-14 0)
(1.5 8.90245e-14 0)
(1.5 6.39731e-14 0)
(1.5 3.06937e-14 0)
(1.5 -3.39386e-14 0)
(1.5 -7.53603e-14 0)
(1.5 -1.50962e-13 0)
(1.5 -1.51477e-13 0)
(1.5 -7.11678e-14 0)
(1.5 -7.00797e-14 0)
(1.5 -4.52444e-14 0)
(1.5 -2.9431e-14 0)
(1.5 -1.33864e-14 0)
(1.5 7.07642e-14 0)
(1.5 9.55076e-14 0)
(1.5 4.63325e-14 0)
(1.5 -7.41716e-16 0)
(1.5 -8.46963e-14 0)
(1.5 -4.34795e-14 0)
(1.5 4.38229e-16 0)
(1.5 2.13139e-14 0)
(1.5 3.26994e-14 0)
(1.5 2.44757e-14 0)
(1.5 -3.57931e-14 0)
(1.5 -4.76441e-14 0)
(1.5 -3.22642e-14 0)
(1.5 -6.80483e-14 0)
(1.5 7.88622e-15 0)
(1.5 -1.6637e-14 0)
(1.5 1.69725e-14 0)
(1.5 -9.74762e-14 0)
(1.5 -1.57274e-13 0)
(1.5 -1.84971e-13 0)
(1.5 -1.61915e-13 0)
(1.5 -1.50324e-13 0)
(1.5 -1.14227e-13 0)
(1.5 -1.663e-13 0)
(1.5 -1.1325e-13 0)
(1.5 -5.56802e-14 0)
(1.5 -4.61382e-14 0)
(1.5 -1.0146e-13 0)
(1.5 -3.41414e-14 0)
(1.5 6.47134e-15 0)
(1.5 -9.76475e-14 0)
(1.5 -2.34904e-13 0)
(1.5 -2.23098e-13 0)
(1.5 -1.97493e-13 0)
(1.5 -2.10454e-13 0)
(1.5 -2.25471e-13 0)
(1.5 -3.18286e-13 0)
(1.5 -3.0838e-13 0)
(1.5 -2.11058e-13 0)
(1.5 -2.11675e-13 0)
(1.5 -1.70359e-13 0)
(1.5 -2.397e-13 0)
(1.5 -2.86524e-13 0)
(1.5 -2.16977e-13 0)
(1.5 -1.57455e-13 0)
(1.5 -1.39789e-13 0)
(1.5 -1.47782e-13 0)
(1.5 -1.04484e-13 0)
(1.5 -5.41874e-14 0)
(1.5 5.81122e-15 0)
(1.5 5.68525e-14 0)
(1.5 1.92656e-13 0)
(1.5 2.04974e-13 0)
(1.5 2.10873e-14 0)
(1.5 -1.32071e-13 0)
(1.5 -2.29504e-13 0)
(1.5 -1.43519e-13 0)
(1.5 -8.89899e-14 0)
(1.5 1.88982e-14 0)
(1.5 8.39011e-14 0)
(1.5 2.04687e-13 0)
(1.5 2.05844e-13 0)
(1.5 1.56415e-14 0)
(1.5 4.04821e-14 0)
(1.5 7.59274e-14 0)
(1.5 1.50793e-13 0)
(1.5 1.10801e-13 0)
(1.5 5.98109e-14 0)
(1.5 -2.64941e-14 0)
(1.5 -2.24605e-13 0)
(1.5 -2.33128e-13 0)
(1.5 -2.54411e-13 0)
(1.5 -3.14099e-13 0)
(1.5 -1.86925e-13 0)
(1.5 -9.34584e-14 0)
(1.5 -4.58308e-14 0)
(1.5 9.2672e-14 0)
(1.5 6.41947e-14 0)
(1.5 3.28352e-14 0)
(1.5 -6.60246e-14 0)
(1.5 -7.96083e-14 0)
(1.5 -2.45147e-14 0)
(1.5 5.10842e-14 0)
(1.5 3.41318e-14 0)
(1.5 7.17006e-14 0)
(1.5 1.16174e-14 0)
(1.5 3.96558e-14 0)
(1.5 -6.75426e-14 0)
(1.5 2.01939e-14 0)
(1.5 1.06139e-13 0)
(1.5 6.55493e-14 0)
(1.5 5.68454e-14 0)
(1.5 -5.16175e-14 0)
(1.5 7.59827e-14 0)
(1.5 5.85543e-14 0)
(1.5 6.76061e-14 0)
(1.5 1.454e-13 0)
(1.5 2.22805e-13 0)
(1.5 2.54679e-13 0)
(1.5 1.88857e-13 0)
(1.5 1.29674e-13 0)
(1.5 -4.8875e-14 0)
(1.5 -1.75121e-13 0)
(1.5 -1.88578e-13 0)
(1.5 -1.38747e-13 0)
(1.5 -1.53624e-13 0)
(1.5 -1.94305e-13 0)
(1.5 -1.48366e-13 0)
(1.5 -1.12041e-13 0)
(1.5 -1.52035e-13 0)
(1.5 -1.80539e-13 0)
(1.5 -1.68283e-13 0)
(1.5 -2.68139e-13 0)
(1.5 -3.43932e-13 0)
(1.5 -4.10169e-13 0)
(1.5 -3.67593e-13 0)
(1.5 -2.38962e-13 0)
(1.5 -7.90668e-14 0)
(1.5 2.48866e-14 0)
(1.5 -4.09756e-14 0)
(1.5 -4.51786e-14 0)
(1.5 -4.09847e-14 0)
(1.5 -6.18622e-14 0)
(1.5 5.25467e-15 0)
(1.5 6.97142e-14 0)
(1.5 1.03058e-13 0)
(1.5 4.13153e-14 0)
(1.5 9.87174e-15 0)
(1.5 -8.28853e-14 0)
(1.5 -1.43793e-13 0)
(1.5 -1.42771e-13 0)
(1.5 -6.40405e-14 0)
(1.5 -1.41475e-13 0)
(1.5 -9.63397e-14 0)
(1.5 -2.10425e-13 0)
(1.5 -2.10118e-13 0)
(1.5 -2.20516e-13 0)
(1.5 -1.60461e-13 0)
(1.5 1.67953e-15 0)
(1.5 2.5454e-14 0)
(1.5 4.14382e-14 0)
(1.5 1.26614e-13 0)
(1.5 1.26092e-13 0)
(1.5 9.61993e-14 0)
(1.5 5.1199e-14 0)
(1.5 3.21736e-14 0)
(1.5 -2.79899e-14 0)
(1.5 -7.27603e-14 0)
(1.5 -7.8123e-14 0)
(1.5 -1.25642e-13 0)
(1.5 -6.36388e-14 0)
(1.5 -4.49254e-15 0)
(1.5 4.29457e-14 0)
(1.5 6.07506e-14 0)
(1.5 2.37091e-14 0)
(1.5 2.83269e-15 0)
(1.5 1.73416e-14 0)
(1.5 3.08822e-14 0)
(1.5 4.66199e-14 0)
(1.5 -2.42785e-14 0)
(1.5 -9.97085e-14 0)
(1.5 3.6704e-14 0)
(1.5 -3.74674e-14 0)
(1.5 -1.18371e-14 0)
(1.5 1.93346e-14 0)
(1.5 -3.67505e-14 0)
(1.5 3.36047e-14 0)
(1.5 6.59999e-14 0)
(1.5 6.29385e-15 0)
(1.5 5.01758e-15 0)
(1.5 8.01415e-16 0)
(1.5 -8.36553e-14 0)
(1.5 -1.08542e-13 0)
(1.5 -7.29947e-14 0)
(1.5 -2.78136e-14 0)
(1.5 1.20573e-13 0)
(1.5 1.19863e-13 0)
(1.5 -8.75274e-15 0)
(1.5 -4.28202e-14 0)
(1.5 -3.37398e-14 0)
(1.5 6.8469e-14 0)
(1.5 1.45338e-13 0)
(1.5 2.01991e-13 0)
(1.5 3.34926e-13 0)
(1.5 4.04665e-13 0)
(1.5 3.13243e-13 0)
(1.5 2.91638e-13 0)
(1.5 2.10534e-13 0)
(1.5 2.1159e-13 0)
(1.5 1.46118e-13 0)
(1.5 9.14199e-14 0)
(1.5 -5.94467e-14 0)
(1.5 -3.5811e-14 0)
(1.5 -9.57372e-14 0)
(1.5 -9.41787e-14 0)
(1.5 -6.35347e-14 0)
(1.5 -8.24731e-15 0)
(1.5 5.16733e-14 0)
(1.5 5.39673e-14 0)
(1.5 1.26609e-13 0)
(1.5 2.73513e-13 0)
(1.5 2.82301e-13 0)
(1.5 1.37662e-13 0)
(1.5 -3.1431e-16 0)
(1.5 -8.27133e-14 0)
(1.5 -4.58033e-14 0)
(1.5 6.38172e-15 0)
(1.5 1.351e-14 0)
(1.5 2.95233e-14 0)
(1.5 1.63696e-14 0)
(1.5 -7.67559e-15 0)
(1.5 2.16438e-14 0)
(1.5 2.64906e-14 0)
(1.5 -1.22891e-14 0)
(1.5 -3.07734e-14 0)
(1.5 -3.73177e-15 0)
(1.5 4.85729e-14 0)
(1.5 5.49873e-15 0)
(1.5 -9.0015e-14 0)
(1.5 -1.40583e-13 0)
(1.5 -2.0373e-13 0)
(1.5 -1.30499e-13 0)
(1.5 -6.58423e-14 0)
(1.5 -1.28048e-13 0)
(1.5 -7.43947e-14 0)
(1.5 7.25891e-14 0)
(1.5 1.97952e-14 0)
(1.5 -3.60563e-14 0)
(1.5 -2.94739e-14 0)
(1.5 -2.09606e-14 0)
(1.5 -1.02445e-13 0)
(1.5 -1.87092e-13 0)
(1.5 -1.69928e-13 0)
(1.5 -9.22147e-14 0)
(1.5 -1.14188e-13 0)
(1.5 -1.53996e-13 0)
(1.5 -2.46166e-13 0)
(1.5 -1.98274e-13 0)
(1.5 -1.03794e-13 0)
(1.5 -1.16007e-13 0)
(1.5 -1.08673e-13 0)
(1.5 -1.56428e-13 0)
(1.5 -2.18301e-13 0)
(1.5 -1.55581e-13 0)
(1.5 -1.49997e-13 0)
(1.5 -1.07971e-13 0)
(1.5 -1.08966e-13 0)
(1.5 -1.3981e-13 0)
(1.5 -1.18721e-15 0)
(1.5 1.00962e-13 0)
(1.5 1.38884e-13 0)
(1.5 2.8347e-13 0)
(1.5 2.99034e-13 0)
(1.5 1.51931e-13 0)
(1.5 -1.81122e-14 0)
(1.5 -1.02873e-13 0)
(1.5 -5.07926e-14 0)
(1.5 -1.36318e-13 0)
(1.5 -1.48309e-14 0)
(1.5 1.46127e-13 0)
(1.5 2.84411e-13 0)
(1.5 3.06735e-13 0)
(1.5 1.27218e-13 0)
(1.5 -2.07193e-14 0)
(1.5 -5.03293e-15 0)
(1.5 -4.25336e-14 0)
(1.5 -1.22763e-14 0)
(1.5 2.40751e-14 0)
(1.5 4.5143e-14 0)
(1.5 -6.54509e-14 0)
(1.5 -1.12875e-13 0)
(1.5 -7.47546e-14 0)
(1.5 -1.73e-13 0)
(1.5 -2.381e-13 0)
(1.5 -2.02355e-13 0)
(1.5 -1.72316e-13 0)
(1.5 1.24131e-14 0)
(1.5 6.16753e-15 0)
(1.5 -3.31766e-14 0)
(1.5 -1.37311e-13 0)
(1.5 -1.43252e-13 0)
(1.5 -4.69233e-14 0)
(1.5 6.96686e-15 0)
(1.5 4.45458e-14 0)
(1.5 8.03772e-14 0)
(1.5 1.07028e-13 0)
(1.5 1.47587e-13 0)
(1.5 9.70027e-14 0)
(1.5 1.60603e-13 0)
(1.5 1.75476e-13 0)
(1.5 1.23374e-13 0)
(1.5 1.70383e-13 0)
(1.5 9.97424e-14 0)
(1.5 2.309e-13 0)
(1.5 1.1637e-13 0)
(1.5 9.76805e-14 0)
(1.5 1.90911e-13 0)
(1.5 2.70478e-13 0)
(1.5 3.215e-13 0)
(1.5 2.70723e-13 0)
(1.5 1.93397e-13 0)
(1.5 -6.5974e-14 0)
(1.5 -2.27964e-13 0)
(1.5 -2.21955e-13 0)
(1.5 -2.04459e-13 0)
(1.5 -1.70724e-13 0)
(1.5 -9.96766e-14 0)
(1.5 -1.35878e-14 0)
(1.5 -8.13312e-14 0)
(1.5 -2.17975e-13 0)
(1.5 -2.545e-13 0)
(1.5 -2.38047e-13 0)
(1.5 -2.5426e-13 0)
(1.5 -3.13786e-13 0)
(1.5 -4.22924e-13 0)
(1.5 -3.43498e-13 0)
(1.5 -6.82874e-14 0)
(1.5 5.57787e-14 0)
(1.5 9.97085e-14 0)
(1.5 4.4697e-14 0)
(1.5 9.97823e-14 0)
(1.5 1.41511e-13 0)
(1.5 8.96539e-14 0)
(1.5 1.2625e-13 0)
(1.5 1.69625e-13 0)
(1.5 1.50372e-13 0)
(1.5 1.25512e-13 0)
(1.5 6.98126e-15 0)
(1.5 -6.7861e-14 0)
(1.5 -2.41494e-13 0)
(1.5 -3.06305e-13 0)
(1.5 -2.32539e-13 0)
(1.5 -2.66819e-13 0)
(1.5 -2.04987e-13 0)
(1.5 -2.23807e-13 0)
(1.5 -1.12317e-13 0)
(1.5 -1.30381e-13 0)
(1.5 -9.03403e-14 0)
(1.5 7.70609e-14 0)
(1.5 1.01856e-13 0)
(1.5 2.40506e-13 0)
(1.5 3.27939e-13 0)
(1.5 3.74309e-13 0)
(1.5 4.49319e-13 0)
(1.5 4.03708e-13 0)
(1.5 2.75046e-13 0)
(1.5 1.23922e-13 0)
(1.5 -5.18531e-14 0)
(1.5 -5.4431e-14 0)
(1.5 -7.97257e-14 0)
(1.5 2.96964e-14 0)
(1.5 1.50377e-13 0)
(1.5 9.47301e-14 0)
(1.5 5.2673e-14 0)
(1.5 -4.4334e-14 0)
(1.5 -4.54598e-15 0)
(1.5 1.58117e-14 0)
(1.5 -5.16171e-14 0)
(1.5 -6.09031e-14 0)
(1.5 -9.68933e-14 0)
(1.5 -1.74065e-13 0)
(1.5 5.94633e-14 0)
(1.5 2.09778e-14 0)
(1.5 -6.07348e-14 0)
(1.5 -6.20424e-14 0)
(1.5 -8.05242e-14 0)
(1.5 -1.22461e-13 0)
(1.5 -1.17863e-13 0)
(1.5 -9.7984e-14 0)
(1.5 -4.51096e-14 0)
(1.5 -5.48998e-14 0)
(1.5 -6.66556e-14 0)
(1.5 9.08337e-15 0)
(1.5 1.27418e-13 0)
(1.5 1.95731e-13 0)
(1.5 2.98536e-13 0)
(1.5 1.97142e-13 0)
(1.5 9.4719e-14 0)
(1.5 4.88453e-14 0)
(1.5 1.00407e-13 0)
(1.5 2.00122e-13 0)
(1.5 1.86135e-13 0)
(1.5 1.388e-13 0)
(1.5 1.88399e-13 0)
(1.5 2.7541e-13 0)
(1.5 2.53069e-13 0)
(1.5 2.66867e-13 0)
(1.5 2.53179e-13 0)
(1.5 1.91952e-13 0)
(1.5 1.20824e-13 0)
(1.5 9.84059e-14 0)
(1.5 1.62961e-14 0)
(1.5 1.79834e-14 0)
(1.5 -4.87532e-15 0)
(1.5 8.98932e-15 0)
(1.5 -2.54543e-14 0)
(1.5 8.79877e-14 0)
(1.5 1.45412e-13 0)
(1.5 1.96555e-13 0)
(1.5 3.15012e-13 0)
(1.5 4.17596e-13 0)
(1.5 4.33957e-13 0)
(1.5 2.75582e-13 0)
(1.5 1.14514e-13 0)
(1.5 7.36826e-14 0)
(1.5 8.26197e-15 0)
(1.5 -1.0335e-14 0)
(1.5 -2.92748e-15 0)
(1.5 7.10312e-14 0)
(1.5 5.03011e-14 0)
(1.5 6.75036e-14 0)
(1.5 1.60239e-13 0)
(1.5 1.01658e-13 0)
(1.5 6.80743e-14 0)
(1.5 1.0551e-14 0)
(1.5 3.5082e-14 0)
(1.5 4.18644e-14 0)
(1.5 4.28172e-14 0)
(1.5 -9.36115e-14 0)
(1.5 -6.77446e-14 0)
(1.5 -1.14937e-13 0)
(1.5 -3.4095e-14 0)
(1.5 1.03029e-14 0)
(1.5 -4.41993e-14 0)
(1.5 2.8923e-16 0)
(1.5 1.53638e-13 0)
(1.5 1.08226e-13 0)
(1.5 1.01086e-13 0)
(1.5 7.75609e-15 0)
(1.5 -3.77681e-14 0)
(1.5 -4.39332e-14 0)
(1.5 -1.54025e-14 0)
(1.5 -1.50928e-14 0)
(1.5 -1.65311e-14 0)
(1.5 -8.63823e-14 0)
(1.5 -2.15435e-13 0)
(1.5 -2.62321e-13 0)
(1.5 -2.59906e-13 0)
(1.5 -1.38686e-13 0)
(1.5 -6.20714e-14 0)
(1.5 -8.8459e-14 0)
(1.5 -5.03286e-14 0)
(1.5 -1.45187e-13 0)
(1.5 -1.87551e-13 0)
(1.5 -1.81165e-13 0)
(1.5 -7.93561e-14 0)
(1.5 -8.30958e-14 0)
(1.5 -7.95991e-14 0)
(1.5 3.23721e-14 0)
(1.5 1.47302e-13 0)
(1.5 1.92097e-13 0)
(1.5 2.50834e-13 0)
(1.5 2.019e-13 0)
(1.5 1.09153e-13 0)
(1.5 -3.58011e-14 0)
(1.5 -1.2066e-13 0)
(1.5 -1.36285e-13 0)
(1.5 -1.32117e-13 0)
(1.5 -1.00244e-14 0)
(1.5 1.21124e-13 0)
(1.5 1.78231e-13 0)
(1.5 2.26445e-13 0)
(1.5 1.47434e-13 0)
(1.5 -1.91435e-14 0)
(1.5 -8.49447e-14 0)
(1.5 -1.69863e-13 0)
(1.5 -9.30078e-14 0)
(1.5 -3.12501e-14 0)
(1.5 -8.46469e-14 0)
(1.5 -1.03656e-13 0)
(1.5 -1.64015e-13 0)
(1.5 -1.86034e-13 0)
(1.5 -2.76392e-13 0)
(1.5 -4.34694e-13 0)
(1.5 -4.22301e-13 0)
(1.5 -3.59226e-13 0)
(1.5 -2.23479e-13 0)
(1.5 -2.36487e-13 0)
(1.5 -2.86545e-13 0)
(1.5 -2.63679e-13 0)
(1.5 -1.7163e-13 0)
(1.5 -1.24553e-13 0)
(1.5 -2.19417e-14 0)
(1.5 1.43175e-14 0)
(1.5 -5.21255e-14 0)
(1.5 1.38679e-13 0)
(1.5 2.31369e-13 0)
(1.5 1.86301e-13 0)
(1.5 1.5353e-13 0)
(1.5 2.63752e-13 0)
(1.5 2.26666e-13 0)
(1.5 2.52006e-13 0)
(1.5 2.47842e-13 0)
(1.5 2.99198e-13 0)
(1.5 2.06899e-13 0)
(1.5 1.31705e-13 0)
(1.5 1.75074e-13 0)
(1.5 2.09352e-13 0)
(1.5 2.72615e-13 0)
(1.5 2.17593e-13 0)
(1.5 1.30601e-13 0)
(1.5 -8.78316e-14 0)
(1.5 -2.18071e-13 0)
(1.5 -1.33957e-13 0)
(1.5 -1.69652e-13 0)
(1.5 -2.34296e-13 0)
(1.5 -1.78355e-13 0)
(1.5 -7.1878e-14 0)
(1.5 -1.1509e-13 0)
(1.5 -2.67957e-13 0)
(1.5 -3.4696e-13 0)
(1.5 -3.70803e-13 0)
(1.5 -2.9789e-13 0)
(1.5 -1.98561e-13 0)
(1.5 -2.99459e-13 0)
(1.5 -2.26513e-13 0)
(1.5 -5.63093e-14 0)
(1.5 -6.54375e-14 0)
(1.5 -6.93838e-14 0)
(1.5 4.45478e-14 0)
(1.5 1.15692e-13 0)
(1.5 1.70766e-13 0)
(1.5 1.9513e-13 0)
(1.5 2.33501e-13 0)
(1.5 2.20241e-13 0)
(1.5 2.06944e-13 0)
(1.5 2.14599e-13 0)
(1.5 6.04305e-14 0)
(1.5 -2.78049e-14 0)
(1.5 -3.0837e-13 0)
(1.5 -4.21391e-13 0)
(1.5 -4.14151e-13 0)
(1.5 -4.30815e-13 0)
(1.5 -3.35972e-13 0)
(1.5 -2.3082e-13 0)
(1.5 -1.24701e-13 0)
(1.5 -5.34225e-14 0)
(1.5 6.9422e-15 0)
(1.5 1.71977e-14 0)
(1.5 -9.19041e-15 0)
(1.5 1.81793e-13 0)
(1.5 3.03651e-13 0)
(1.5 4.26479e-13 0)
(1.5 5.31976e-13 0)
(1.5 4.49466e-13 0)
(1.5 3.2474e-13 0)
(1.5 1.65195e-13 0)
(1.5 -7.37348e-14 0)
(1.5 -1.30553e-13 0)
(1.5 -1.37717e-13 0)
(1.5 -7.85726e-14 0)
(1.5 2.87117e-14 0)
(1.5 -8.12049e-14 0)
(1.5 -1.17439e-13 0)
(1.5 -2.40141e-13 0)
(1.5 -1.75297e-13 0)
(1.5 -4.97955e-14 0)
(1.5 -7.38724e-14 0)
(1.5 8.59194e-15 0)
(1.5 6.0735e-14 0)
(1.5 -5.38517e-14 0)
(1.5 -9.72574e-14 0)
(1.5 -6.22197e-14 0)
(1.5 -3.64742e-15 0)
(1.5 -8.54868e-16 0)
(1.5 -3.11592e-14 0)
(1.5 -1.44809e-13 0)
(1.5 -1.82842e-13 0)
(1.5 -1.59843e-13 0)
(1.5 -1.45115e-13 0)
(1.5 -1.60407e-13 0)
(1.5 -1.2061e-13 0)
(1.5 1.07521e-13 0)
(1.5 2.47265e-13 0)
(1.5 2.7361e-13 0)
(1.5 3.18182e-13 0)
(1.5 1.6295e-13 0)
(1.5 1.60678e-13 0)
(1.5 1.55844e-13 0)
(1.5 1.93571e-13 0)
(1.5 3.02608e-13 0)
(1.5 1.60643e-13 0)
(1.5 8.30807e-14 0)
(1.5 2.45357e-14 0)
(1.5 1.38969e-13 0)
(1.5 1.77944e-13 0)
(1.5 2.18572e-13 0)
(1.5 1.97446e-13 0)
(1.5 1.42207e-13 0)
(1.5 8.31137e-14 0)
(1.5 7.1166e-14 0)
(1.5 5.64393e-14 0)
(1.5 3.10766e-14 0)
(1.5 5.13753e-14 0)
(1.5 7.80389e-14 0)
(1.5 6.74455e-14 0)
(1.5 1.61089e-13 0)
(1.5 2.34937e-13 0)
(1.5 3.79518e-13 0)
(1.5 4.24813e-13 0)
(1.5 4.46728e-13 0)
(1.5 4.13792e-13 0)
(1.5 3.78391e-13 0)
(1.5 2.1882e-13 0)
(1.5 2.14875e-13 0)
(1.5 8.08503e-14 0)
(1.5 2.815e-14 0)
(1.5 9.72611e-14 0)
(1.5 2.25457e-13 0)
(1.5 1.8963e-13 0)
(1.5 1.65089e-13 0)
(1.5 2.19948e-13 0)
(1.5 1.59436e-13 0)
(1.5 1.62205e-13 0)
(1.5 1.35601e-13 0)
(1.5 7.37539e-14 0)
(1.5 8.50555e-14 0)
(1.5 8.59505e-14 0)
(1.5 -2.3829e-15 0)
(1.5 1.02898e-13 0)
(1.5 1.21059e-13 0)
(1.5 2.00107e-13 0)
(1.5 1.17072e-13 0)
(1.5 9.95745e-14 0)
(1.5 1.26234e-13 0)
(1.5 1.97968e-13 0)
(1.5 1.94709e-13 0)
(1.5 2.23736e-13 0)
(1.5 1.29829e-13 0)
(1.5 1.58651e-14 0)
(1.5 1.15155e-13 0)
(1.5 2.00966e-13 0)
(1.5 1.53198e-13 0)
(1.5 6.27518e-14 0)
(1.5 -6.74429e-14 0)
(1.5 -2.34866e-13 0)
(1.5 -2.17346e-13 0)
(1.5 -2.78444e-13 0)
(1.5 -2.2146e-13 0)
(1.5 -1.42747e-13 0)
(1.5 -1.42446e-13 0)
(1.5 -6.31479e-14 0)
(1.5 -1.30103e-13 0)
(1.5 -1.86213e-13 0)
(1.5 -1.61177e-13 0)
(1.5 -2.64582e-14 0)
(1.5 2.67489e-14 0)
(1.5 6.71764e-14 0)
(1.5 6.14642e-14 0)
(1.5 1.0092e-13 0)
(1.5 9.87143e-14 0)
(1.5 3.62412e-14 0)
(1.5 1.39111e-14 0)
(1.5 -1.25425e-14 0)
(1.5 1.35862e-14 0)
(1.5 -4.60827e-14 0)
(1.5 -1.47408e-13 0)
(1.5 -4.60339e-14 0)
(1.5 2.06093e-14 0)
(1.5 1.09328e-13 0)
(1.5 1.3623e-13 0)
(1.5 1.92925e-13 0)
(1.5 2.4693e-13 0)
(1.5 2.27699e-13 0)
(1.5 1.33036e-13 0)
(1.5 5.70166e-14 0)
(1.5 -1.08131e-14 0)
(1.5 -3.24089e-14 0)
(1.5 -2.2613e-13 0)
(1.5 -2.60678e-13 0)
(1.5 -3.37777e-13 0)
(1.5 -4.89811e-13 0)
(1.5 -5.12893e-13 0)
(1.5 -6.10679e-13 0)
(1.5 -6.3151e-13 0)
(1.5 -5.80626e-13 0)
(1.5 -4.58674e-13 0)
(1.5 -4.24043e-13 0)
(1.5 -4.43571e-13 0)
(1.5 -2.46112e-13 0)
(1.5 -8.09758e-14 0)
(1.5 -1.31041e-13 0)
(1.5 2.80466e-15 0)
(1.5 9.91167e-14 0)
(1.5 1.20868e-13 0)
(1.5 2.49175e-13 0)
(1.5 2.65248e-13 0)
(1.5 2.14019e-13 0)
(1.5 1.33168e-13 0)
(1.5 2.13943e-13 0)
(1.5 2.38216e-13 0)
(1.5 2.81085e-13 0)
(1.5 2.84095e-13 0)
(1.5 2.21148e-13 0)
(1.5 2.24362e-13 0)
(1.5 2.04551e-13 0)
(1.5 1.96418e-13 0)
(1.5 1.2651e-13 0)
(1.5 1.08701e-13 0)
(1.5 4.662e-14 0)
(1.5 -7.0001e-15 0)
(1.5 -9.30065e-14 0)
(1.5 -1.73883e-13 0)
(1.5 -2.37735e-13 0)
(1.5 -3.36832e-13 0)
(1.5 -4.3005e-13 0)
(1.5 -4.05891e-13 0)
(1.5 -2.89902e-13 0)
(1.5 -2.58389e-13 0)
(1.5 -2.87535e-13 0)
(1.5 -2.81402e-13 0)
(1.5 -3.71645e-13 0)
(1.5 -3.14375e-13 0)
(1.5 -1.87557e-13 0)
(1.5 -2.02013e-13 0)
(1.5 -2.60506e-13 0)
(1.5 -2.26134e-13 0)
(1.5 -2.69815e-13 0)
(1.5 -2.09247e-13 0)
(1.5 -4.41754e-14 0)
(1.5 6.80194e-14 0)
(1.5 1.64097e-13 0)
(1.5 2.14893e-13 0)
(1.5 2.83985e-13 0)
(1.5 2.37063e-13 0)
(1.5 1.67709e-13 0)
(1.5 1.85206e-13 0)
(1.5 1.30223e-14 0)
(1.5 -1.00652e-13 0)
(1.5 -2.90393e-13 0)
(1.5 -3.83579e-13 0)
(1.5 -4.284e-13 0)
(1.5 -4.44426e-13 0)
(1.5 -3.29494e-13 0)
(1.5 -1.57977e-13 0)
(1.5 -9.33627e-14 0)
(1.5 1.32563e-15 0)
(1.5 -8.18328e-14 0)
(1.5 -1.18105e-13 0)
(1.5 -1.34368e-13 0)
(1.5 -4.98565e-14 0)
(1.5 7.68333e-14 0)
(1.5 2.25122e-13 0)
(1.5 3.31466e-13 0)
(1.5 3.39617e-13 0)
(1.5 3.56001e-13 0)
(1.5 2.4662e-13 0)
(1.5 1.30866e-13 0)
(1.5 -1.91724e-14 0)
(1.5 -5.86419e-14 0)
(1.5 -2.192e-14 0)
(1.5 -1.62147e-15 0)
(1.5 -1.54886e-13 0)
(1.5 -2.75978e-13 0)
(1.5 -3.39174e-13 0)
(1.5 -2.60518e-13 0)
(1.5 -6.64605e-14 0)
(1.5 -4.51548e-14 0)
(1.5 5.45793e-14 0)
(1.5 1.65749e-13 0)
(1.5 1.22236e-13 0)
(1.5 -1.27708e-13 0)
(1.5 -8.66444e-14 0)
(1.5 -4.33261e-14 0)
(1.5 7.63938e-15 0)
(1.5 2.77435e-14 0)
(1.5 -1.76959e-14 0)
(1.5 -6.45153e-14 0)
(1.5 -7.16001e-14 0)
(1.5 -1.25566e-13 0)
(1.5 -1.59935e-13 0)
(1.5 -1.35183e-13 0)
(1.5 6.73253e-14 0)
(1.5 1.36199e-13 0)
(1.5 1.41262e-13 0)
(1.5 2.08222e-13 0)
(1.5 2.33465e-13 0)
(1.5 3.66686e-13 0)
(1.5 3.3768e-13 0)
(1.5 2.9006e-13 0)
(1.5 3.27402e-13 0)
(1.5 1.74719e-13 0)
(1.5 5.42774e-14 0)
(1.5 -1.07e-14 0)
(1.5 4.9477e-14 0)
(1.5 2.89142e-14 0)
(1.5 -1.29112e-14 0)
(1.5 -3.23523e-15 0)
(1.5 -6.43434e-14 0)
(1.5 -1.10186e-13 0)
(1.5 -9.02449e-14 0)
(1.5 -1.31174e-13 0)
(1.5 -1.01236e-13 0)
(1.5 -8.41414e-14 0)
(1.5 -4.47321e-14 0)
(1.5 4.49299e-14 0)
(1.5 6.71782e-14 0)
(1.5 1.16928e-13 0)
(1.5 2.8896e-13 0)
(1.5 2.99433e-13 0)
(1.5 2.68217e-13 0)
(1.5 2.09008e-13 0)
(1.5 2.79217e-13 0)
(1.5 1.83764e-13 0)
(1.5 9.41727e-14 0)
(1.5 -7.92984e-15 0)
(1.5 -2.16754e-14 0)
(1.5 6.10134e-14 0)
(1.5 2.26578e-13 0)
(1.5 1.67304e-13 0)
(1.5 7.16274e-14 0)
(1.5 4.88816e-14 0)
(1.5 3.04712e-14 0)
(1.5 8.87334e-14 0)
(1.5 9.10083e-14 0)
(1.5 6.08048e-14 0)
(1.5 1.63781e-14 0)
(1.5 6.54305e-15 0)
(1.5 2.17923e-14 0)
(1.5 7.80636e-14 0)
(1.5 1.40373e-13 0)
(1.5 2.02691e-13 0)
(1.5 4.43554e-14 0)
(1.5 9.20925e-14 0)
(1.5 9.03324e-14 0)
(1.5 7.12774e-14 0)
(1.5 1.21351e-13 0)
(1.5 9.98934e-14 0)
(1.5 9.76453e-14 0)
(1.5 -4.71174e-14 0)
(1.5 8.45969e-14 0)
(1.5 2.31105e-13 0)
(1.5 2.2751e-13 0)
(1.5 1.24362e-13 0)
(1.5 -2.10174e-15 0)
(1.5 -1.3632e-13 0)
(1.5 -7.45222e-14 0)
(1.5 -9.09091e-14 0)
(1.5 -2.25035e-13 0)
(1.5 -2.79638e-13 0)
(1.5 -2.6057e-13 0)
(1.5 -1.31023e-13 0)
(1.5 -9.23581e-14 0)
(1.5 -1.20969e-13 0)
(1.5 -1.10822e-13 0)
(1.5 6.31403e-14 0)
(1.5 1.71769e-13 0)
(1.5 1.88992e-13 0)
(1.5 1.07317e-13 0)
(1.5 1.97201e-14 0)
(1.5 -8.53908e-15 0)
(1.5 -3.56791e-14 0)
(1.5 -4.22103e-14 0)
(1.5 1.39183e-14 0)
(1.5 7.365e-14 0)
(1.5 2.16908e-14 0)
(1.5 -6.16425e-14 0)
(1.5 3.99807e-14 0)
(1.5 1.04465e-13 0)
(1.5 2.57661e-13 0)
(1.5 4.0928e-13 0)
(1.5 4.02339e-13 0)
(1.5 4.69967e-13 0)
(1.5 3.98416e-13 0)
(1.5 2.46175e-13 0)
(1.5 1.8865e-13 0)
(1.5 3.7708e-14 0)
(1.5 -6.73794e-14 0)
(1.5 -2.30123e-13 0)
(1.5 -2.49028e-13 0)
(1.5 -2.86358e-13 0)
(1.5 -3.78607e-13 0)
(1.5 -3.75024e-13 0)
(1.5 -4.8792e-13 0)
(1.5 -6.28068e-13 0)
(1.5 -5.60179e-13 0)
(1.5 -4.61303e-13 0)
(1.5 -3.75384e-13 0)
(1.5 -3.19872e-13 0)
(1.5 -1.10768e-13 0)
(1.5 2.31754e-14 0)
(1.5 -1.29815e-15 0)
(1.5 4.4983e-14 0)
(1.5 1.29004e-13 0)
(1.5 2.67706e-13 0)
(1.5 2.44013e-13 0)
(1.5 2.27894e-13 0)
(1.5 2.63235e-13 0)
(1.5 2.14839e-13 0)
(1.5 1.75274e-13 0)
(1.5 2.73685e-13 0)
(1.5 2.77646e-13 0)
(1.5 2.36978e-13 0)
(1.5 1.23361e-13 0)
(1.5 1.67096e-13 0)
(1.5 2.11438e-13 0)
(1.5 1.53673e-13 0)
(1.5 8.4382e-14 0)
(1.5 4.19338e-14 0)
(1.5 2.72188e-14 0)
(1.5 8.51927e-14 0)
(1.5 4.01503e-14 0)
(1.5 -1.24838e-14 0)
(1.5 -2.9991e-13 0)
(1.5 -4.7448e-13 0)
(1.5 -4.69442e-13 0)
(1.5 -4.40409e-13 0)
(1.5 -4.40333e-13 0)
(1.5 -3.08448e-13 0)
(1.5 -2.3697e-13 0)
(1.5 -1.71599e-13 0)
(1.5 -2.02613e-13 0)
(1.5 -1.20172e-13 0)
(1.5 -1.74373e-13 0)
(1.5 -9.24747e-14 0)
(1.5 -1.60048e-13 0)
(1.5 -1.36017e-13 0)
(1.5 -1.47947e-13 0)
(1.5 -9.49796e-14 0)
(1.5 -3.4705e-14 0)
(1.5 9.14932e-14 0)
(1.5 1.88207e-13 0)
(1.5 2.1294e-13 0)
(1.5 2.66757e-13 0)
(1.5 2.19705e-13 0)
(1.5 6.79125e-14 0)
(1.5 6.29724e-14 0)
(1.5 -6.41288e-14 0)
(1.5 -1.7029e-13 0)
(1.5 -1.65644e-13 0)
(1.5 -1.57241e-13 0)
(1.5 -1.15302e-13 0)
(1.5 -1.07595e-13 0)
(1.5 -1.37524e-13 0)
(1.5 -5.62788e-15 0)
(1.5 1.0361e-13 0)
(1.5 9.77766e-14 0)
(1.5 -2.89209e-14 0)
(1.5 -7.25752e-14 0)
(1.5 -7.51564e-14 0)
(1.5 -8.94453e-14 0)
(1.5 -4.24995e-14 0)
(1.5 3.45259e-14 0)
(1.5 1.28732e-13 0)
(1.5 3.08172e-13 0)
(1.5 3.92704e-13 0)
(1.5 2.56283e-13 0)
(1.5 2.50176e-13 0)
(1.5 1.28266e-13 0)
(1.5 5.65369e-14 0)
(1.5 6.23797e-14 0)
(1.5 1.34432e-14 0)
(1.5 -8.40999e-14 0)
(1.5 -2.99571e-13 0)
(1.5 -3.42361e-13 0)
(1.5 -2.45373e-13 0)
(1.5 -1.01031e-13 0)
(1.5 -3.94533e-15 0)
(1.5 -1.66853e-15 0)
(1.5 8.28411e-14 0)
(1.5 1.77188e-13 0)
(1.5 -3.13525e-14 0)
(1.5 -3.19091e-14 0)
(1.5 -3.55892e-14 0)
(1.5 1.15214e-14 0)
(1.5 5.11356e-14 0)
(1.5 6.16766e-14 0)
(1.5 1.47825e-14 0)
(1.5 -6.20001e-14 0)
(1.5 -8.82643e-14 0)
(1.5 -2.72988e-14 0)
(1.5 2.6406e-15 0)
(1.5 7.13369e-14 0)
(1.5 7.92559e-14 0)
(1.5 1.19352e-13 0)
(1.5 1.77078e-13 0)
(1.5 3.34027e-13 0)
(1.5 5.66127e-13 0)
(1.5 5.39558e-13 0)
(1.5 4.72732e-13 0)
(1.5 4.02737e-13 0)
(1.5 3.22688e-13 0)
(1.5 2.19767e-13 0)
(1.5 1.76349e-13 0)
(1.5 9.91951e-14 0)
(1.5 1.35763e-15 0)
(1.5 -1.08226e-13 0)
(1.5 -3.24565e-14 0)
(1.5 -6.46573e-14 0)
(1.5 -6.73728e-14 0)
(1.5 -5.98873e-14 0)
(1.5 -1.52461e-13 0)
(1.5 -1.32279e-13 0)
(1.5 -8.33583e-14 0)
(1.5 2.60117e-15 0)
(1.5 1.20865e-13 0)
(1.5 6.75175e-14 0)
(1.5 8.90452e-14 0)
(1.5 1.97659e-13 0)
(1.5 2.29047e-13 0)
(1.5 1.75292e-13 0)
(1.5 1.95823e-13 0)
(1.5 2.60603e-13 0)
(1.5 2.36422e-13 0)
(1.5 1.15964e-13 0)
(1.5 9.7903e-14 0)
(1.5 1.3877e-13 0)
(1.5 1.54043e-13 0)
(1.5 2.75426e-13 0)
(1.5 2.18704e-13 0)
(1.5 5.74312e-14 0)
(1.5 1.91088e-14 0)
(1.5 -4.56181e-14 0)
(1.5 2.17615e-14 0)
(1.5 2.57189e-14 0)
(1.5 4.36258e-14 0)
(1.5 -3.49053e-15 0)
(1.5 5.22875e-14 0)
(1.5 1.69621e-13 0)
(1.5 8.91643e-14 0)
(1.5 8.48275e-14 0)
(1.5 1.25309e-13 0)
(1.5 6.11722e-14 0)
(1.5 1.94942e-13 0)
(1.5 1.82227e-13 0)
(1.5 9.73028e-14 0)
(1.5 1.7586e-13 0)
(1.5 1.55654e-13 0)
(1.5 1.5017e-13 0)
(1.5 7.34609e-14 0)
(1.5 9.49532e-14 0)
(1.5 2.16708e-13 0)
(1.5 2.27557e-13 0)
(1.5 2.05509e-13 0)
(1.5 1.89983e-14 0)
(1.5 -1.02311e-13 0)
(1.5 -9.46418e-14 0)
(1.5 -4.26362e-14 0)
(1.5 -1.02778e-13 0)
(1.5 -2.05789e-13 0)
(1.5 -2.32667e-13 0)
(1.5 -1.44923e-13 0)
(1.5 -1.04671e-13 0)
(1.5 -9.70319e-14 0)
(1.5 -6.661e-14 0)
(1.5 1.01467e-13 0)
(1.5 2.6349e-13 0)
(1.5 2.41639e-13 0)
(1.5 1.42863e-13 0)
(1.5 5.33147e-14 0)
(1.5 6.24084e-14 0)
(1.5 1.54776e-13 0)
(1.5 1.29479e-13 0)
(1.5 2.07084e-13 0)
(1.5 8.43432e-14 0)
(1.5 1.02117e-13 0)
(1.5 1.97916e-13 0)
(1.5 3.03e-13 0)
(1.5 3.79603e-13 0)
(1.5 4.41034e-13 0)
(1.5 5.85301e-13 0)
(1.5 5.0836e-13 0)
(1.5 5.18158e-13 0)
(1.5 3.82137e-13 0)
(1.5 1.74117e-13 0)
(1.5 7.90878e-14 0)
(1.5 -4.87585e-14 0)
(1.5 -1.25051e-13 0)
(1.5 -2.07287e-13 0)
(1.5 -1.73794e-13 0)
(1.5 -1.89034e-13 0)
(1.5 -1.78226e-13 0)
(1.5 -1.41813e-13 0)
(1.5 -2.514e-13 0)
(1.5 -4.42806e-13 0)
(1.5 -4.24307e-13 0)
(1.5 -4.10222e-13 0)
(1.5 -3.16977e-13 0)
(1.5 -2.17302e-13 0)
(1.5 -1.5638e-13 0)
(1.5 -1.68787e-13 0)
(1.5 -1.14123e-13 0)
(1.5 -2.02043e-15 0)
(1.5 5.9372e-14 0)
(1.5 2.75118e-13 0)
(1.5 2.72992e-13 0)
(1.5 3.39203e-13 0)
(1.5 4.43301e-13 0)
(1.5 4.02974e-13 0)
(1.5 2.84731e-13 0)
(1.5 3.09574e-13 0)
(1.5 2.82401e-13 0)
(1.5 3.42961e-13 0)
(1.5 2.64659e-13 0)
(1.5 2.75038e-13 0)
(1.5 2.39132e-13 0)
(1.5 1.41497e-13 0)
(1.5 2.14048e-13 0)
(1.5 2.32591e-13 0)
(1.5 2.04412e-13 0)
(1.5 1.59847e-13 0)
(1.5 7.0234e-14 0)
(1.5 2.36944e-14 0)
(1.5 -2.1791e-13 0)
(1.5 -4.51878e-13 0)
(1.5 -5.01218e-13 0)
(1.5 -5.27058e-13 0)
(1.5 -6.16452e-13 0)
(1.5 -4.57597e-13 0)
(1.5 -3.05541e-13 0)
(1.5 -2.17485e-13 0)
(1.5 -1.31796e-13 0)
(1.5 -5.20903e-14 0)
(1.5 -2.12945e-13 0)
(1.5 -8.93998e-14 0)
(1.5 3.57212e-14 0)
(1.5 1.30251e-13 0)
(1.5 1.12431e-13 0)
(1.5 1.20886e-13 0)
(1.5 2.94054e-14 0)
(1.5 -1.26852e-15 0)
(1.5 -3.24643e-15 0)
(1.5 5.33495e-14 0)
(1.5 1.71233e-13 0)
(1.5 1.48049e-13 0)
(1.5 1.90858e-14 0)
(1.5 -5.6867e-14 0)
(1.5 -8.65879e-14 0)
(1.5 -5.91306e-14 0)
(1.5 7.26808e-14 0)
(1.5 1.32556e-13 0)
(1.5 1.61071e-13 0)
(1.5 1.90157e-13 0)
(1.5 5.23164e-14 0)
(1.5 1.43788e-13 0)
(1.5 2.1256e-13 0)
(1.5 1.1827e-13 0)
(1.5 1.92966e-14 0)
(1.5 -3.29035e-14 0)
(1.5 2.54541e-14 0)
(1.5 1.55903e-14 0)
(1.5 -3.42714e-14 0)
(1.5 -5.94252e-14 0)
(1.5 2.22021e-14 0)
(1.5 1.93323e-13 0)
(1.5 2.7971e-13 0)
(1.5 2.55055e-13 0)
(1.5 2.76638e-13 0)
(1.5 1.90723e-13 0)
(1.5 1.14615e-13 0)
(1.5 8.22443e-14 0)
(1.5 -3.1136e-14 0)
(1.5 -5.74287e-14 0)
(1.5 -1.58992e-13 0)
(1.5 -1.94131e-13 0)
(1.5 -2.10838e-13 0)
(1.5 -1.43992e-13 0)
(1.5 3.84013e-14 0)
(1.5 1.52712e-14 0)
(1.5 8.4136e-14 0)
(1.5 2.76789e-13 0)
(1.5 2.82203e-14 0)
(1.5 -3.68622e-14 0)
(1.5 -3.82211e-14 0)
(1.5 1.07388e-15 0)
(1.5 6.62992e-14 0)
(1.5 9.02474e-14 0)
(1.5 -1.09888e-14 0)
(1.5 -1.53312e-13 0)
(1.5 -1.65225e-13 0)
(1.5 -6.19153e-14 0)
(1.5 4.19386e-14 0)
(1.5 5.12464e-14 0)
(1.5 -8.32581e-15 0)
(1.5 2.96381e-14 0)
(1.5 9.48761e-14 0)
(1.5 3.04971e-13 0)
(1.5 4.78879e-13 0)
(1.5 4.80494e-13 0)
(1.5 4.57387e-13 0)
(1.5 3.94048e-13 0)
(1.5 4.16934e-13 0)
(1.5 3.92762e-13 0)
(1.5 3.33763e-13 0)
(1.5 1.25161e-13 0)
(1.5 2.04867e-14 0)
(1.5 -6.04484e-14 0)
(1.5 -3.27384e-14 0)
(1.5 4.35516e-14 0)
(1.5 5.22326e-14 0)
(1.5 3.08647e-14 0)
(1.5 -2.71854e-14 0)
(1.5 -4.12986e-14 0)
(1.5 3.23214e-14 0)
(1.5 1.04299e-13 0)
(1.5 1.68834e-13 0)
(1.5 1.18955e-13 0)
(1.5 1.03939e-13 0)
(1.5 1.33613e-13 0)
(1.5 1.59008e-13 0)
(1.5 1.43378e-13 0)
(1.5 1.95608e-13 0)
(1.5 1.86103e-13 0)
(1.5 2.3103e-13 0)
(1.5 2.16248e-13 0)
(1.5 2.89618e-13 0)
(1.5 3.13732e-13 0)
(1.5 3.0034e-13 0)
(1.5 2.85275e-13 0)
(1.5 2.46927e-13 0)
(1.5 7.57916e-14 0)
(1.5 3.6569e-14 0)
(1.5 -3.23383e-14 0)
(1.5 -7.44779e-14 0)
(1.5 -6.84192e-14 0)
(1.5 -1.93277e-14 0)
(1.5 -1.47978e-14 0)
(1.5 2.5149e-14 0)
(1.5 1.80139e-13 0)
(1.5 8.58463e-14 0)
(1.5 -2.6773e-14 0)
(1.5 4.71984e-15 0)
(1.5 1.17402e-13 0)
(1.5 2.63888e-13 0)
(1.5 2.67462e-13 0)
(1.5 1.78185e-13 0)
(1.5 2.43965e-13 0)
(1.5 2.08229e-13 0)
(1.5 1.24924e-13 0)
(1.5 1.39969e-13 0)
(1.5 1.20792e-13 0)
(1.5 2.36064e-13 0)
(1.5 2.11904e-13 0)
(1.5 2.42736e-13 0)
(1.5 5.41564e-14 0)
(1.5 -1.4519e-14 0)
(1.5 -1.20368e-13 0)
(1.5 -1.43883e-13 0)
(1.5 -1.14499e-13 0)
(1.5 -1.31209e-13 0)
(1.5 -1.24479e-13 0)
(1.5 -1.85617e-13 0)
(1.5 -1.97023e-13 0)
(1.5 -1.62709e-13 0)
(1.5 -1.17543e-13 0)
(1.5 3.12833e-15 0)
(1.5 1.52652e-13 0)
(1.5 1.37092e-13 0)
(1.5 1.54275e-13 0)
(1.5 1.24993e-13 0)
(1.5 7.62244e-14 0)
(1.5 2.37057e-13 0)
(1.5 2.36429e-13 0)
(1.5 3.10605e-13 0)
(1.5 1.81503e-13 0)
(1.5 1.9206e-13 0)
(1.5 3.31765e-13 0)
(1.5 4.55763e-13 0)
(1.5 5.70678e-13 0)
(1.5 6.19923e-13 0)
(1.5 5.9341e-13 0)
(1.5 5.22305e-13 0)
(1.5 4.90178e-13 0)
(1.5 2.83618e-13 0)
(1.5 9.43679e-14 0)
(1.5 -1.41588e-13 0)
(1.5 -2.75924e-13 0)
(1.5 -3.44772e-13 0)
(1.5 -3.43775e-13 0)
(1.5 -2.85129e-13 0)
(1.5 -2.5164e-13 0)
(1.5 -1.32335e-13 0)
(1.5 -1.3598e-13 0)
(1.5 -1.84539e-13 0)
(1.5 -3.24163e-13 0)
(1.5 -4.32594e-13 0)
(1.5 -5.10285e-13 0)
(1.5 -4.48157e-13 0)
(1.5 -3.00838e-13 0)
(1.5 -3.23924e-13 0)
(1.5 -3.89619e-13 0)
(1.5 -3.1459e-13 0)
(1.5 -8.68316e-14 0)
(1.5 2.75173e-14 0)
(1.5 2.36389e-13 0)
(1.5 2.87575e-13 0)
(1.5 4.17705e-13 0)
(1.5 6.0967e-13 0)
(1.5 5.93179e-13 0)
(1.5 4.69163e-13 0)
(1.5 4.12082e-13 0)
(1.5 3.53479e-13 0)
(1.5 4.12563e-13 0)
(1.5 3.37718e-13 0)
(1.5 2.93445e-13 0)
(1.5 2.14376e-13 0)
(1.5 1.39078e-13 0)
(1.5 1.83788e-13 0)
(1.5 2.22596e-13 0)
(1.5 2.3013e-13 0)
(1.5 8.29231e-14 0)
(1.5 -1.7438e-14 0)
(1.5 -6.03145e-14 0)
(1.5 -1.87549e-13 0)
(1.5 -3.82138e-13 0)
(1.5 -5.0217e-13 0)
(1.5 -6.00404e-13 0)
(1.5 -5.59135e-13 0)
(1.5 -4.94763e-13 0)
(1.5 -3.73165e-13 0)
(1.5 -2.22268e-13 0)
(1.5 -1.76459e-13 0)
(1.5 -1.49579e-13 0)
(1.5 -1.94074e-13 0)
(1.5 -1.07949e-13 0)
(1.5 -9.63842e-15 0)
(1.5 6.15715e-14 0)
(1.5 9.45124e-14 0)
(1.5 1.33273e-13 0)
(1.5 5.49383e-14 0)
(1.5 -9.21357e-14 0)
(1.5 -1.54714e-13 0)
(1.5 -1.9079e-14 0)
(1.5 1.04639e-13 0)
(1.5 1.2658e-13 0)
(1.5 1.90229e-14 0)
(1.5 -6.00074e-14 0)
(1.5 -3.29844e-14 0)
(1.5 3.82966e-14 0)
(1.5 1.11906e-13 0)
(1.5 1.4958e-13 0)
(1.5 1.00215e-13 0)
(1.5 1.57765e-13 0)
(1.5 1.0792e-13 0)
(1.5 1.42928e-13 0)
(1.5 1.39205e-13 0)
(1.5 1.22055e-13 0)
(1.5 1.41632e-13 0)
(1.5 7.65526e-14 0)
(1.5 1.12263e-13 0)
(1.5 1.87886e-13 0)
(1.5 1.13784e-13 0)
(1.5 1.56777e-14 0)
(1.5 4.00838e-14 0)
(1.5 8.37945e-14 0)
(1.5 2.3839e-13 0)
(1.5 4.08774e-13 0)
(1.5 4.43128e-13 0)
(1.5 3.98505e-13 0)
(1.5 3.33411e-13 0)
(1.5 1.77503e-13 0)
(1.5 -5.72094e-14 0)
(1.5 -8.48165e-14 0)
(1.5 -1.04076e-13 0)
(1.5 -1.20351e-13 0)
(1.5 -8.13476e-14 0)
(1.5 -5.73806e-14 0)
(1.5 6.96983e-18 0)
(1.5 2.5057e-14 0)
(1.5 6.99563e-14 0)
(1.5 2.12062e-13 0)
(1.5 1.15758e-14 0)
(1.5 -6.52877e-14 0)
(1.5 -1.29458e-13 0)
(1.5 -1.48161e-13 0)
(1.5 -3.36453e-14 0)
(1.5 3.49317e-14 0)
(1.5 -7.95065e-15 0)
(1.5 -5.5407e-14 0)
(1.5 -1.38209e-13 0)
(1.5 -7.35021e-14 0)
(1.5 2.06978e-14 0)
(1.5 2.89478e-14 0)
(1.5 -2.82048e-15 0)
(1.5 -3.06193e-14 0)
(1.5 -3.45435e-14 0)
(1.5 1.78116e-13 0)
(1.5 2.77437e-13 0)
(1.5 3.0065e-13 0)
(1.5 2.69277e-13 0)
(1.5 2.63413e-13 0)
(1.5 3.57836e-13 0)
(1.5 3.50493e-13 0)
(1.5 2.56347e-13 0)
(1.5 2.51702e-14 0)
(1.5 4.74393e-16 0)
(1.5 -2.7389e-14 0)
(1.5 -6.3062e-14 0)
(1.5 8.54607e-14 0)
(1.5 5.97105e-14 0)
(1.5 9.44632e-14 0)
(1.5 9.39101e-14 0)
(1.5 1.20527e-13 0)
(1.5 1.8973e-13 0)
(1.5 2.23172e-13 0)
(1.5 2.39192e-13 0)
(1.5 2.31362e-13 0)
(1.5 1.67436e-13 0)
(1.5 1.428e-13 0)
(1.5 1.60857e-13 0)
(1.5 1.47287e-13 0)
(1.5 1.8571e-13 0)
(1.5 1.61561e-13 0)
(1.5 2.97237e-13 0)
(1.5 3.34052e-13 0)
(1.5 4.46232e-13 0)
(1.5 4.53115e-13 0)
(1.5 4.21076e-13 0)
(1.5 3.25056e-13 0)
(1.5 3.01704e-13 0)
(1.5 2.2572e-13 0)
(1.5 1.45943e-13 0)
(1.5 1.3879e-13 0)
(1.5 3.7131e-14 0)
(1.5 -4.60159e-14 0)
(1.5 1.09292e-14 0)
(1.5 6.53204e-14 0)
(1.5 1.56411e-14 0)
(1.5 1.15403e-13 0)
(1.5 9.84386e-14 0)
(1.5 5.47169e-15 0)
(1.5 -4.29599e-14 0)
(1.5 8.38691e-14 0)
(1.5 1.87479e-13 0)
(1.5 2.15093e-13 0)
(1.5 2.3188e-13 0)
(1.5 2.51729e-13 0)
(1.5 2.10443e-13 0)
(1.5 9.71412e-14 0)
(1.5 1.70702e-13 0)
(1.5 1.50849e-13 0)
(1.5 2.51438e-13 0)
(1.5 2.39884e-13 0)
(1.5 2.12072e-13 0)
(1.5 1.17713e-13 0)
(1.5 6.08099e-14 0)
(1.5 -5.73761e-14 0)
(1.5 -1.5e-13 0)
(1.5 -1.61027e-13 0)
(1.5 -1.02959e-13 0)
(1.5 -4.13032e-14 0)
(1.5 -1.88131e-13 0)
(1.5 -2.45943e-13 0)
(1.5 -1.36551e-13 0)
(1.5 -1.25014e-13 0)
(1.5 -7.89573e-14 0)
(1.5 2.08513e-14 0)
(1.5 1.08402e-13 0)
(1.5 2.58421e-13 0)
(1.5 2.07597e-13 0)
(1.5 5.35966e-14 0)
(1.5 1.61019e-13 0)
(1.5 1.91614e-13 0)
(1.5 2.59233e-13 0)
(1.5 2.1144e-13 0)
(1.5 1.94135e-13 0)
(1.5 3.86368e-13 0)
(1.5 5.66245e-13 0)
(1.5 6.79091e-13 0)
(1.5 6.6232e-13 0)
(1.5 5.55634e-13 0)
(1.5 4.84882e-13 0)
(1.5 5.18295e-13 0)
(1.5 2.91192e-13 0)
(1.5 3.71045e-14 0)
(1.5 -2.20949e-13 0)
(1.5 -3.62796e-13 0)
(1.5 -4.70288e-13 0)
(1.5 -3.90506e-13 0)
(1.5 -4.1084e-13 0)
(1.5 -3.53075e-13 0)
(1.5 -2.14261e-13 0)
(1.5 -3.31772e-13 0)
(1.5 -2.90152e-13 0)
(1.5 -3.14798e-13 0)
(1.5 -5.07873e-13 0)
(1.5 -6.61171e-13 0)
(1.5 -6.2092e-13 0)
(1.5 -3.97718e-13 0)
(1.5 -4.4067e-13 0)
(1.5 -4.66961e-13 0)
(1.5 -3.39484e-13 0)
(1.5 -1.48517e-13 0)
(1.5 -1.62757e-14 0)
(1.5 1.90183e-14 0)
(1.5 9.39515e-14 0)
(1.5 3.31618e-13 0)
(1.5 5.16809e-13 0)
(1.5 6.19225e-13 0)
(1.5 5.87704e-13 0)
(1.5 5.07612e-13 0)
(1.5 3.74041e-13 0)
(1.5 3.08835e-13 0)
(1.5 2.4371e-13 0)
(1.5 2.19556e-13 0)
(1.5 1.8127e-13 0)
(1.5 1.65231e-13 0)
(1.5 1.34598e-13 0)
(1.5 8.74371e-14 0)
(1.5 5.13699e-14 0)
(1.5 -3.50073e-14 0)
(1.5 -6.79441e-14 0)
(1.5 -1.75176e-13 0)
(1.5 -2.4878e-13 0)
(1.5 -3.12744e-13 0)
(1.5 -4.87818e-13 0)
(1.5 -5.26691e-13 0)
(1.5 -4.58321e-13 0)
(1.5 -4.07626e-13 0)
(1.5 -3.27898e-13 0)
(1.5 -2.25632e-13 0)
(1.5 -1.97118e-13 0)
(1.5 -1.60251e-13 0)
(1.5 -7.93088e-14 0)
(1.5 -8.21251e-14 0)
(1.5 -7.18451e-14 0)
(1.5 -7.79889e-14 0)
(1.5 3.83628e-15 0)
(1.5 7.49282e-14 0)
(1.5 1.14814e-13 0)
(1.5 -6.73435e-14 0)
(1.5 -1.46341e-13 0)
(1.5 -5.20089e-14 0)
(1.5 1.2667e-15 0)
(1.5 4.41377e-14 0)
(1.5 3.09119e-15 0)
(1.5 2.61046e-14 0)
(1.5 6.84699e-14 0)
(1.5 9.85189e-14 0)
(1.5 7.77457e-14 0)
(1.5 2.93167e-14 0)
(1.5 6.5403e-15 0)
(1.5 4.68949e-14 0)
(1.5 2.2886e-14 0)
(1.5 -3.89004e-14 0)
(1.5 -2.15216e-14 0)
(1.5 9.89599e-14 0)
(1.5 2.46965e-13 0)
(1.5 2.51718e-13 0)
(1.5 2.21396e-13 0)
(1.5 2.46024e-13 0)
(1.5 2.57657e-13 0)
(1.5 2.80309e-13 0)
(1.5 3.04692e-13 0)
(1.5 2.15364e-13 0)
(1.5 2.85717e-13 0)
(1.5 4.53001e-13 0)
(1.5 4.50639e-13 0)
(1.5 4.5314e-13 0)
(1.5 4.23254e-13 0)
(1.5 1.67126e-13 0)
(1.5 3.68617e-14 0)
(1.5 -3.4739e-14 0)
(1.5 -9.98516e-14 0)
(1.5 -1.30142e-13 0)
(1.5 -5.45762e-14 0)
(1.5 -9.10203e-14 0)
(1.5 -1.04566e-13 0)
(1.5 4.08234e-15 0)
(1.5 1.30406e-13 0)
(1.5 1.83952e-13 0)
(1.5 -2.66247e-14 0)
(1.5 -3.5534e-16 0)
(1.5 -7.74039e-14 0)
(1.5 -1.58839e-13 0)
(1.5 -1.06712e-13 0)
(1.5 -4.10764e-14 0)
(1.5 -2.88331e-14 0)
(1.5 1.40404e-14 0)
(1.5 -1.40678e-13 0)
(1.5 -1.53278e-13 0)
(1.5 -1.37275e-13 0)
(1.5 -4.06347e-14 0)
(1.5 1.37704e-14 0)
(1.5 -1.92516e-14 0)
(1.5 -7.90108e-14 0)
(1.5 -6.88986e-15 0)
(1.5 9.20352e-14 0)
(1.5 1.88309e-13 0)
(1.5 1.37987e-13 0)
(1.5 8.91226e-14 0)
(1.5 2.20554e-13 0)
(1.5 2.24312e-13 0)
(1.5 1.58808e-13 0)
(1.5 -1.01206e-14 0)
(1.5 -4.20138e-14 0)
(1.5 -3.76403e-14 0)
(1.5 -5.48512e-14 0)
(1.5 1.83679e-14 0)
(1.5 -1.67851e-14 0)
(1.5 8.47877e-14 0)
(1.5 1.55948e-13 0)
(1.5 1.86181e-13 0)
(1.5 2.76501e-13 0)
(1.5 2.84418e-13 0)
(1.5 2.6073e-13 0)
(1.5 2.51292e-13 0)
(1.5 1.60293e-13 0)
(1.5 1.13624e-13 0)
(1.5 1.58139e-13 0)
(1.5 1.10914e-13 0)
(1.5 1.50147e-13 0)
(1.5 2.48177e-13 0)
(1.5 3.414e-13 0)
(1.5 4.61146e-13 0)
(1.5 5.2094e-13 0)
(1.5 5.13075e-13 0)
(1.5 4.17438e-13 0)
(1.5 3.30055e-13 0)
(1.5 3.42874e-13 0)
(1.5 3.71195e-13 0)
(1.5 3.35694e-13 0)
(1.5 2.95884e-13 0)
(1.5 2.47419e-13 0)
(1.5 8.78341e-14 0)
(1.5 6.37912e-14 0)
(1.5 9.73656e-14 0)
(1.5 9.64497e-14 0)
(1.5 1.19716e-13 0)
(1.5 1.41729e-13 0)
(1.5 1.37765e-13 0)
(1.5 -5.59994e-15 0)
(1.5 5.39548e-14 0)
(1.5 1.13146e-13 0)
(1.5 1.43909e-13 0)
(1.5 2.32648e-13 0)
(1.5 1.86198e-13 0)
(1.5 1.60076e-13 0)
(1.5 9.65317e-14 0)
(1.5 1.66776e-13 0)
(1.5 1.54565e-13 0)
(1.5 2.37667e-13 0)
(1.5 2.77706e-13 0)
(1.5 1.90957e-13 0)
(1.5 1.70168e-13 0)
(1.5 1.48605e-13 0)
(1.5 3.18633e-14 0)
(1.5 -1.06121e-13 0)
(1.5 -1.63646e-13 0)
(1.5 -1.57143e-13 0)
(1.5 -5.60782e-14 0)
(1.5 -1.29723e-13 0)
(1.5 -2.09726e-13 0)
(1.5 -8.06473e-15 0)
(1.5 -2.58214e-14 0)
(1.5 -4.30758e-14 0)
(1.5 1.32653e-14 0)
(1.5 1.66727e-13 0)
(1.5 2.83446e-13 0)
(1.5 2.13372e-13 0)
(1.5 1.50768e-13 0)
(1.5 1.52823e-13 0)
(1.5 2.48676e-13 0)
(1.5 2.442e-13 0)
(1.5 2.60579e-13 0)
(1.5 3.20775e-13 0)
(1.5 4.88764e-13 0)
(1.5 6.7974e-13 0)
(1.5 7.55555e-13 0)
(1.5 6.27051e-13 0)
(1.5 5.10654e-13 0)
(1.5 4.57123e-13 0)
(1.5 4.01405e-13 0)
(1.5 2.70305e-13 0)
(1.5 2.17058e-14 0)
(1.5 -1.64575e-13 0)
(1.5 -3.41635e-13 0)
(1.5 -4.1892e-13 0)
(1.5 -3.40345e-13 0)
(1.5 -3.77658e-13 0)
(1.5 -3.67372e-13 0)
(1.5 -3.40983e-13 0)
(1.5 -4.36551e-13 0)
(1.5 -3.72682e-13 0)
(1.5 -3.56557e-13 0)
(1.5 -5.06542e-13 0)
(1.5 -6.98034e-13 0)
(1.5 -7.25835e-13 0)
(1.5 -5.7997e-13 0)
(1.5 -5.75301e-13 0)
(1.5 -5.05592e-13 0)
(1.5 -3.60435e-13 0)
(1.5 -2.45526e-13 0)
(1.5 -1.57662e-13 0)
(1.5 -2.178e-13 0)
(1.5 -7.15833e-14 0)
(1.5 1.67086e-13 0)
(1.5 2.45064e-13 0)
(1.5 4.1392e-13 0)
(1.5 4.31917e-13 0)
(1.5 3.25085e-13 0)
(1.5 2.12152e-13 0)
(1.5 1.72112e-13 0)
(1.5 1.28354e-13 0)
(1.5 1.7912e-13 0)
(1.5 1.63259e-13 0)
(1.5 2.4027e-13 0)
(1.5 2.29956e-13 0)
(1.5 4.40263e-14 0)
(1.5 -1.13459e-13 0)
(1.5 -1.92554e-13 0)
(1.5 -1.9863e-13 0)
(1.5 -2.65431e-13 0)
(1.5 -3.41881e-13 0)
(1.5 -3.15068e-13 0)
(1.5 -3.60332e-13 0)
(1.5 -3.36649e-13 0)
(1.5 -3.12145e-13 0)
(1.5 -3.14717e-13 0)
(1.5 -2.34981e-13 0)
(1.5 -2.62098e-13 0)
(1.5 -1.80023e-13 0)
(1.5 -1.14932e-13 0)
(1.5 -7.90849e-14 0)
(1.5 -1.3756e-13 0)
(1.5 -1.04874e-13 0)
(1.5 -6.62538e-14 0)
(1.5 1.28193e-14 0)
(1.5 2.0974e-14 0)
(1.5 1.16666e-13 0)
(1.5 -1.0365e-14 0)
(1.5 -1.08511e-13 0)
(1.5 -9.40805e-14 0)
(1.5 -1.49367e-13 0)
(1.5 -1.43843e-13 0)
(1.5 -6.27681e-14 0)
(1.5 5.1512e-14 0)
(1.5 1.54229e-13 0)
(1.5 1.35857e-13 0)
(1.5 6.8421e-14 0)
(1.5 -3.95086e-14 0)
(1.5 -4.89215e-14 0)
(1.5 -6.84785e-14 0)
(1.5 -1.37822e-13 0)
(1.5 -1.4964e-13 0)
(1.5 -1.19227e-13 0)
(1.5 4.56161e-14 0)
(1.5 1.20047e-13 0)
(1.5 1.44798e-13 0)
(1.5 2.14302e-13 0)
(1.5 2.27577e-13 0)
(1.5 3.24875e-13 0)
(1.5 4.64965e-13 0)
(1.5 4.10751e-13 0)
(1.5 3.09033e-13 0)
(1.5 2.2889e-13 0)
(1.5 2.38299e-13 0)
(1.5 2.11867e-13 0)
(1.5 1.7454e-13 0)
(1.5 2.3274e-13 0)
(1.5 5.82714e-14 0)
(1.5 -2.38989e-14 0)
(1.5 2.76823e-15 0)
(1.5 -4.09344e-14 0)
(1.5 -2.64407e-14 0)
(1.5 -4.62542e-14 0)
(1.5 -1.19209e-13 0)
(1.5 -7.18591e-14 0)
(1.5 1.68645e-14 0)
(1.5 1.99001e-13 0)
(1.5 2.42908e-13 0)
(1.5 -1.41717e-14 0)
(1.5 1.17621e-13 0)
(1.5 1.11281e-13 0)
(1.5 8.47892e-15 0)
(1.5 -8.87153e-14 0)
(1.5 -1.22798e-13 0)
(1.5 -1.35743e-13 0)
(1.5 -1.1923e-13 0)
(1.5 -2.09661e-13 0)
(1.5 -2.89911e-13 0)
(1.5 -2.96996e-13 0)
(1.5 -2.60071e-13 0)
(1.5 -2.27442e-13 0)
(1.5 -1.16141e-13 0)
(1.5 -1.44337e-13 0)
(1.5 -1.97019e-13 0)
(1.5 -1.30599e-13 0)
(1.5 -3.43322e-14 0)
(1.5 -4.43725e-14 0)
(1.5 -1.25815e-13 0)
(1.5 -5.5383e-14 0)
(1.5 2.32755e-14 0)
(1.5 1.42588e-14 0)
(1.5 -1.4311e-13 0)
(1.5 -1.58615e-13 0)
(1.5 -1.33109e-13 0)
(1.5 -1.12241e-13 0)
(1.5 -1.1047e-13 0)
(1.5 -1.06294e-13 0)
(1.5 -5.13871e-14 0)
(1.5 -7.18795e-15 0)
(1.5 1.62914e-14 0)
(1.5 1.96548e-13 0)
(1.5 2.10205e-13 0)
(1.5 9.14612e-14 0)
(1.5 1.09753e-13 0)
(1.5 5.82894e-14 0)
(1.5 1.80889e-14 0)
(1.5 1.48046e-14 0)
(1.5 2.01942e-14 0)
(1.5 5.58875e-14 0)
(1.5 2.15413e-13 0)
(1.5 2.43026e-13 0)
(1.5 4.34154e-13 0)
(1.5 4.9516e-13 0)
(1.5 4.5329e-13 0)
(1.5 3.31504e-13 0)
(1.5 2.90794e-13 0)
(1.5 2.7414e-13 0)
(1.5 3.40361e-13 0)
(1.5 3.4051e-13 0)
(1.5 2.77643e-13 0)
(1.5 2.23912e-13 0)
(1.5 1.26827e-13 0)
(1.5 6.16543e-14 0)
(1.5 6.68405e-14 0)
(1.5 1.05553e-13 0)
(1.5 9.89408e-14 0)
(1.5 8.00873e-14 0)
(1.5 1.23001e-13 0)
(1.5 -1.11129e-14 0)
(1.5 9.00442e-15 0)
(1.5 3.45383e-14 0)
(1.5 3.46015e-14 0)
(1.5 3.84734e-14 0)
(1.5 -6.97904e-15 0)
(1.5 1.31678e-14 0)
(1.5 6.25915e-14 0)
(1.5 7.80799e-14 0)
(1.5 5.4294e-14 0)
(1.5 3.0613e-14 0)
(1.5 8.69601e-14 0)
(1.5 4.73092e-14 0)
(1.5 1.16397e-13 0)
(1.5 1.97234e-13 0)
(1.5 1.33649e-13 0)
(1.5 1.89231e-14 0)
(1.5 -5.71869e-14 0)
(1.5 -1.1236e-13 0)
(1.5 -7.15405e-14 0)
(1.5 -1.99556e-14 0)
(1.5 -1.44803e-14 0)
(1.5 1.21582e-13 0)
(1.5 1.4135e-13 0)
(1.5 1.1799e-13 0)
(1.5 6.80197e-14 0)
(1.5 1.4373e-13 0)
(1.5 1.96529e-13 0)
(1.5 1.95525e-13 0)
(1.5 2.72995e-13 0)
(1.5 2.41345e-13 0)
(1.5 3.85511e-13 0)
(1.5 3.57394e-13 0)
(1.5 4.45308e-13 0)
(1.5 5.65475e-13 0)
(1.5 5.37124e-13 0)
(1.5 5.30054e-13 0)
(1.5 5.65675e-13 0)
(1.5 5.01631e-13 0)
(1.5 4.24377e-13 0)
(1.5 3.9249e-13 0)
(1.5 2.15666e-13 0)
(1.5 1.30854e-13 0)
(1.5 2.27177e-14 0)
(1.5 -8.22098e-14 0)
(1.5 -2.47885e-13 0)
(1.5 -3.05532e-13 0)
(1.5 -3.29956e-13 0)
(1.5 -4.15078e-13 0)
(1.5 -3.76452e-13 0)
(1.5 -4.08633e-13 0)
(1.5 -3.89663e-13 0)
(1.5 -3.59497e-13 0)
(1.5 -3.41984e-13 0)
(1.5 -3.70907e-13 0)
(1.5 -4.67192e-13 0)
(1.5 -5.95633e-13 0)
(1.5 -6.27082e-13 0)
(1.5 -5.80964e-13 0)
(1.5 -4.42566e-13 0)
(1.5 -3.9552e-13 0)
(1.5 -3.53335e-13 0)
(1.5 -2.85092e-13 0)
(1.5 -3.28401e-13 0)
(1.5 -2.41327e-13 0)
(1.5 -2.04183e-13 0)
(1.5 -9.90465e-14 0)
(1.5 7.67091e-14 0)
(1.5 5.35841e-14 0)
(1.5 3.99613e-14 0)
(1.5 5.33997e-14 0)
(1.5 2.72628e-14 0)
(1.5 5.1437e-14 0)
(1.5 1.92385e-13 0)
(1.5 2.17925e-13 0)
(1.5 2.70236e-13 0)
(1.5 1.31927e-13 0)
(1.5 -1.61632e-13 0)
(1.5 -2.86664e-13 0)
(1.5 -3.27763e-13 0)
(1.5 -4.08829e-13 0)
(1.5 -4.43586e-13 0)
(1.5 -4.4511e-13 0)
(1.5 -3.56557e-13 0)
(1.5 -1.61135e-13 0)
(1.5 -1.39973e-13 0)
(1.5 -1.32069e-13 0)
(1.5 -2.13574e-13 0)
(1.5 -2.51751e-13 0)
(1.5 -3.10909e-13 0)
(1.5 -2.39332e-13 0)
(1.5 -1.41741e-13 0)
(1.5 -1.57957e-13 0)
(1.5 -1.88769e-13 0)
(1.5 -1.52765e-13 0)
(1.5 -7.54116e-14 0)
(1.5 -1.08024e-14 0)
(1.5 -2.15587e-14 0)
(1.5 -1.8895e-14 0)
(1.5 -1.12017e-14 0)
(1.5 -3.68538e-14 0)
(1.5 -6.30415e-14 0)
(1.5 -2.10039e-13 0)
(1.5 -2.54938e-13 0)
(1.5 -8.26242e-14 0)
(1.5 6.5993e-15 0)
(1.5 1.41178e-13 0)
(1.5 1.1779e-13 0)
(1.5 5.22924e-14 0)
(1.5 6.50124e-15 0)
(1.5 3.88206e-14 0)
(1.5 -5.45087e-15 0)
(1.5 -1.24617e-13 0)
(1.5 -1.0277e-13 0)
(1.5 -9.72403e-14 0)
(1.5 1.27585e-14 0)
(1.5 4.0992e-14 0)
(1.5 4.54185e-14 0)
(1.5 1.89761e-13 0)
(1.5 2.88801e-13 0)
(1.5 3.85659e-13 0)
(1.5 4.6556e-13 0)
(1.5 2.3719e-13 0)
(1.5 2.30216e-13 0)
(1.5 2.01756e-13 0)
(1.5 1.23286e-13 0)
(1.5 1.37218e-13 0)
(1.5 3.6347e-14 0)
(1.5 -4.61976e-15 0)
(1.5 -2.74922e-14 0)
(1.5 -1.59355e-13 0)
(1.5 -3.91929e-14 0)
(1.5 -1.4935e-14 0)
(1.5 6.02524e-14 0)
(1.5 1.01307e-13 0)
(1.5 5.83683e-14 0)
(1.5 1.24381e-13 0)
(1.5 1.65549e-13 0)
(1.5 1.48032e-13 0)
(1.5 2.04787e-13 0)
(1.5 -4.11651e-14 0)
(1.5 4.65647e-14 0)
(1.5 1.28033e-13 0)
(1.5 2.91089e-14 0)
(1.5 -1.65849e-13 0)
(1.5 -2.73677e-13 0)
(1.5 -2.5938e-13 0)
(1.5 -2.2466e-13 0)
(1.5 -2.12982e-13 0)
(1.5 -2.86484e-13 0)
(1.5 -3.4717e-13 0)
(1.5 -4.36185e-13 0)
(1.5 -3.74122e-13 0)
(1.5 -2.2326e-13 0)
(1.5 -2.34559e-13 0)
(1.5 -3.12272e-13 0)
(1.5 -4.01098e-13 0)
(1.5 -3.4522e-13 0)
(1.5 -3.21114e-13 0)
(1.5 -3.1791e-13 0)
(1.5 -2.31876e-13 0)
(1.5 -1.80589e-13 0)
(1.5 -1.99375e-13 0)
(1.5 -2.0088e-13 0)
(1.5 -1.65907e-13 0)
(1.5 -1.28783e-13 0)
(1.5 -1.17685e-13 0)
(1.5 -1.00367e-13 0)
(1.5 -6.16787e-14 0)
(1.5 -9.73164e-14 0)
(1.5 -6.10905e-14 0)
(1.5 -8.06687e-14 0)
(1.5 1.06004e-13 0)
(1.5 1.15567e-13 0)
(1.5 2.13599e-14 0)
(1.5 5.20242e-14 0)
(1.5 4.71022e-14 0)
(1.5 -7.49571e-16 0)
(1.5 3.28162e-15 0)
(1.5 7.30313e-14 0)
(1.5 7.8982e-14 0)
(1.5 2.06526e-13 0)
(1.5 2.73813e-13 0)
(1.5 3.99141e-13 0)
(1.5 4.53081e-13 0)
(1.5 4.42476e-13 0)
(1.5 3.61293e-13 0)
(1.5 3.68054e-13 0)
(1.5 3.04922e-13 0)
(1.5 3.15273e-13 0)
(1.5 2.82599e-13 0)
(1.5 2.49146e-13 0)
(1.5 1.86381e-13 0)
(1.5 1.51231e-13 0)
(1.5 1.3946e-13 0)
(1.5 1.17895e-13 0)
(1.5 1.00338e-13 0)
(1.5 6.34812e-14 0)
(1.5 -3.94314e-15 0)
(1.5 7.14149e-14 0)
(1.5 7.65075e-14 0)
(1.5 5.20758e-14 0)
(1.5 -1.1267e-14 0)
(1.5 -5.67041e-14 0)
(1.5 -1.33271e-13 0)
(1.5 -1.22586e-13 0)
(1.5 -6.49258e-14 0)
(1.5 7.57322e-14 0)
(1.5 4.48676e-14 0)
(1.5 -4.75593e-14 0)
(1.5 -2.01169e-13 0)
(1.5 -2.05578e-13 0)
(1.5 -1.43974e-13 0)
(1.5 -6.11398e-14 0)
(1.5 5.01586e-14 0)
(1.5 9.52968e-14 0)
(1.5 1.05594e-13 0)
(1.5 1.15528e-13 0)
(1.5 3.90869e-14 0)
(1.5 -3.28327e-14 0)
(1.5 5.79403e-14 0)
(1.5 1.13057e-13 0)
(1.5 1.50068e-13 0)
(1.5 2.46844e-13 0)
(1.5 2.14708e-13 0)
(1.5 1.60075e-13 0)
(1.5 1.6105e-13 0)
(1.5 1.77432e-13 0)
(1.5 2.81105e-13 0)
(1.5 4.08397e-13 0)
(1.5 3.96387e-13 0)
(1.5 4.45508e-13 0)
(1.5 4.9382e-13 0)
(1.5 5.70347e-13 0)
(1.5 6.64999e-13 0)
(1.5 5.95731e-13 0)
(1.5 4.34024e-13 0)
(1.5 3.67949e-13 0)
(1.5 2.84456e-13 0)
(1.5 1.86399e-13 0)
(1.5 6.62279e-14 0)
(1.5 -3.02586e-14 0)
(1.5 5.83627e-15 0)
(1.5 6.44738e-14 0)
(1.5 3.23093e-14 0)
(1.5 -9.23337e-14 0)
(1.5 -1.01406e-13 0)
(1.5 -2.3707e-13 0)
(1.5 -3.85822e-13 0)
(1.5 -3.50113e-13 0)
(1.5 -4.55012e-13 0)
(1.5 -3.48433e-13 0)
(1.5 -3.19998e-13 0)
(1.5 -3.12726e-13 0)
(1.5 -2.80393e-13 0)
(1.5 -2.32936e-13 0)
(1.5 -3.27467e-13 0)
(1.5 -4.73513e-13 0)
(1.5 -4.41466e-13 0)
(1.5 -3.78763e-13 0)
(1.5 -3.99258e-13 0)
(1.5 -4.46198e-13 0)
(1.5 -4.00393e-13 0)
(1.5 -4.06433e-13 0)
(1.5 -3.64052e-13 0)
(1.5 -4.32968e-13 0)
(1.5 -3.42771e-13 0)
(1.5 -2.8955e-13 0)
(1.5 -3.60947e-13 0)
(1.5 -3.18473e-13 0)
(1.5 -1.35625e-13 0)
(1.5 -8.69592e-14 0)
(1.5 1.43334e-14 0)
(1.5 1.87822e-13 0)
(1.5 2.52024e-13 0)
(1.5 1.44275e-13 0)
(1.5 -7.40046e-14 0)
(1.5 -2.95944e-13 0)
(1.5 -3.71327e-13 0)
(1.5 -3.29622e-13 0)
(1.5 -3.89779e-13 0)
(1.5 -5.09223e-13 0)
(1.5 -4.18531e-13 0)
(1.5 -2.40217e-13 0)
(1.5 -4.45842e-14 0)
(1.5 6.34025e-15 0)
(1.5 -4.42011e-14 0)
(1.5 -1.24225e-13 0)
(1.5 -1.93156e-13 0)
(1.5 -2.11822e-13 0)
(1.5 -1.46578e-13 0)
(1.5 -4.45074e-14 0)
(1.5 -8.49678e-14 0)
(1.5 -1.72168e-13 0)
(1.5 -1.18102e-13 0)
(1.5 -3.9302e-14 0)
(1.5 1.16042e-15 0)
(1.5 -4.64035e-15 0)
(1.5 -9.07215e-14 0)
(1.5 -7.3959e-14 0)
(1.5 -6.24284e-14 0)
(1.5 -1.22765e-13 0)
(1.5 -1.92395e-13 0)
(1.5 -2.12946e-13 0)
(1.5 -1.11489e-13 0)
(1.5 -3.06684e-14 0)
(1.5 6.82105e-14 0)
(1.5 1.23316e-13 0)
(1.5 1.04454e-13 0)
(1.5 1.32673e-13 0)
(1.5 1.756e-13 0)
(1.5 6.96437e-14 0)
(1.5 8.32635e-14 0)
(1.5 6.59069e-14 0)
(1.5 5.70691e-14 0)
(1.5 1.18224e-13 0)
(1.5 1.82472e-13 0)
(1.5 2.21001e-13 0)
(1.5 3.15956e-13 0)
(1.5 3.75828e-13 0)
(1.5 4.10481e-13 0)
(1.5 3.59213e-13 0)
(1.5 2.32731e-13 0)
(1.5 2.67958e-13 0)
(1.5 2.87231e-13 0)
(1.5 2.25371e-13 0)
(1.5 1.95717e-13 0)
(1.5 1.60295e-13 0)
(1.5 1.76565e-14 0)
(1.5 9.68035e-14 0)
(1.5 6.45266e-14 0)
(1.5 9.99544e-14 0)
(1.5 1.65532e-13 0)
(1.5 1.88603e-13 0)
(1.5 2.13964e-13 0)
(1.5 2.80705e-13 0)
(1.5 3.67054e-13 0)
(1.5 4.34972e-13 0)
(1.5 2.90172e-13 0)
(1.5 3.13187e-13 0)
(1.5 3.21125e-14 0)
(1.5 1.07246e-14 0)
(1.5 7.267e-14 0)
(1.5 1.15126e-14 0)
(1.5 -1.7717e-13 0)
(1.5 -3.15733e-13 0)
(1.5 -3.1448e-13 0)
(1.5 -2.56726e-13 0)
(1.5 -2.34477e-13 0)
(1.5 -3.53137e-13 0)
(1.5 -4.04913e-13 0)
(1.5 -4.73546e-13 0)
(1.5 -3.53635e-13 0)
(1.5 -3.04008e-13 0)
(1.5 -3.33491e-13 0)
(1.5 -4.26041e-13 0)
(1.5 -5.55076e-13 0)
(1.5 -4.9196e-13 0)
(1.5 -5.08892e-13 0)
(1.5 -4.71217e-13 0)
(1.5 -3.37718e-13 0)
(1.5 -3.2082e-13 0)
(1.5 -2.58263e-13 0)
(1.5 -1.23003e-13 0)
(1.5 -1.37981e-13 0)
(1.5 -1.1655e-13 0)
(1.5 -1.23547e-13 0)
(1.5 -1.3408e-13 0)
(1.5 -5.97309e-14 0)
(1.5 -1.01563e-13 0)
(1.5 8.9438e-15 0)
(1.5 -7.11946e-15 0)
(1.5 4.99852e-14 0)
(1.5 1.97285e-15 0)
(1.5 -1.9652e-14 0)
(1.5 1.23333e-14 0)
(1.5 -5.11567e-15 0)
(1.5 -1.26979e-14 0)
(1.5 2.44564e-14 0)
(1.5 1.13166e-13 0)
(1.5 8.64967e-14 0)
(1.5 1.41892e-13 0)
(1.5 2.52797e-13 0)
(1.5 3.14529e-13 0)
(1.5 2.96178e-13 0)
(1.5 3.38518e-13 0)
(1.5 3.53931e-13 0)
(1.5 3.49625e-13 0)
(1.5 3.18199e-13 0)
(1.5 2.86584e-13 0)
(1.5 2.28427e-13 0)
(1.5 2.16471e-13 0)
(1.5 2.09401e-13 0)
(1.5 2.0697e-13 0)
(1.5 1.8089e-13 0)
(1.5 8.75111e-14 0)
(1.5 1.49304e-14 0)
(1.5 -8.31092e-14 0)
(1.5 -1.12903e-13 0)
(1.5 -1.91774e-14 0)
(1.5 7.22187e-14 0)
(1.5 -1.28079e-15 0)
(1.5 -1.06978e-13 0)
(1.5 -1.96353e-13 0)
(1.5 -2.09786e-13 0)
(1.5 -1.03325e-13 0)
(1.5 -1.49827e-13 0)
(1.5 -6.13419e-14 0)
(1.5 -1.47732e-13 0)
(1.5 -1.95403e-13 0)
(1.5 -2.81488e-13 0)
(1.5 -2.62104e-13 0)
(1.5 -1.98312e-13 0)
(1.5 -8.87586e-14 0)
(1.5 1.13761e-14 0)
(1.5 1.20786e-13 0)
(1.5 1.81503e-13 0)
(1.5 1.5418e-13 0)
(1.5 8.02689e-14 0)
(1.5 2.82323e-14 0)
(1.5 1.06613e-13 0)
(1.5 2.19747e-13 0)
(1.5 2.10279e-13 0)
(1.5 2.90151e-13 0)
(1.5 2.05117e-13 0)
(1.5 2.94687e-13 0)
(1.5 2.59832e-13 0)
(1.5 1.8099e-13 0)
(1.5 2.49166e-13 0)
(1.5 3.39784e-13 0)
(1.5 3.8374e-13 0)
(1.5 4.72376e-13 0)
(1.5 6.04445e-13 0)
(1.5 6.93389e-13 0)
(1.5 7.27845e-13 0)
(1.5 6.15481e-13 0)
(1.5 4.43547e-13 0)
(1.5 2.80775e-13 0)
(1.5 1.94648e-13 0)
(1.5 3.72204e-14 0)
(1.5 -1.26817e-13 0)
(1.5 -1.18801e-13 0)
(1.5 -4.69904e-15 0)
(1.5 1.24922e-13 0)
(1.5 9.32627e-14 0)
(1.5 4.09679e-16 0)
(1.5 -7.39664e-14 0)
(1.5 -2.31076e-13 0)
(1.5 -2.94691e-13 0)
(1.5 -3.85221e-13 0)
(1.5 -4.65373e-13 0)
(1.5 -4.1862e-13 0)
(1.5 -3.74318e-13 0)
(1.5 -3.33917e-13 0)
(1.5 -3.13276e-13 0)
(1.5 -2.31269e-13 0)
(1.5 -2.47255e-13 0)
(1.5 -3.95815e-13 0)
(1.5 -3.5349e-13 0)
(1.5 -3.69379e-13 0)
(1.5 -4.14103e-13 0)
(1.5 -4.95347e-13 0)
(1.5 -4.5352e-13 0)
(1.5 -4.42462e-13 0)
(1.5 -3.87902e-13 0)
(1.5 -4.0422e-13 0)
(1.5 -4.24252e-13 0)
(1.5 -5.2185e-13 0)
(1.5 -5.00445e-13 0)
(1.5 -4.56012e-13 0)
(1.5 -2.57734e-13 0)
(1.5 -1.61597e-13 0)
(1.5 -6.79807e-14 0)
(1.5 4.49298e-14 0)
(1.5 8.07182e-14 0)
(1.5 -7.75225e-14 0)
(1.5 -1.90452e-13 0)
(1.5 -2.50691e-13 0)
(1.5 -3.73395e-13 0)
(1.5 -3.29383e-13 0)
(1.5 -2.35523e-13 0)
(1.5 -3.01593e-13 0)
(1.5 -2.11952e-13 0)
(1.5 -1.21751e-13 0)
(1.5 1.56712e-14 0)
(1.5 1.39576e-13 0)
(1.5 1.10401e-13 0)
(1.5 6.27659e-14 0)
(1.5 -4.6888e-15 0)
(1.5 -1.15085e-13 0)
(1.5 -1.12189e-13 0)
(1.5 -2.09811e-14 0)
(1.5 2.92103e-14 0)
(1.5 -1.24623e-13 0)
(1.5 -1.42166e-13 0)
(1.5 -1.4325e-13 0)
(1.5 -6.43785e-14 0)
(1.5 -4.93233e-14 0)
(1.5 -1.52926e-13 0)
(1.5 -1.38916e-13 0)
(1.5 -1.7986e-13 0)
(1.5 -2.33652e-13 0)
(1.5 -2.32543e-13 0)
(1.5 -2.25441e-13 0)
(1.5 -1.51756e-13 0)
(1.5 -3.71682e-14 0)
(1.5 7.80718e-16 0)
(1.5 1.38697e-13 0)
(1.5 1.8616e-13 0)
(1.5 2.25551e-13 0)
(1.5 2.26191e-13 0)
(1.5 9.88712e-14 0)
(1.5 2.47198e-13 0)
(1.5 2.33477e-13 0)
(1.5 2.43595e-13 0)
(1.5 2.86053e-13 0)
(1.5 3.68469e-13 0)
(1.5 3.61786e-13 0)
(1.5 3.37247e-13 0)
(1.5 3.10825e-13 0)
(1.5 3.14124e-13 0)
(1.5 2.43359e-13 0)
(1.5 2.62128e-13 0)
(1.5 2.9047e-13 0)
(1.5 3.17445e-13 0)
(1.5 3.18868e-13 0)
(1.5 2.63592e-13 0)
(1.5 3.05334e-13 0)
(1.5 1.93016e-13 0)
(1.5 2.10332e-13 0)
(1.5 2.33804e-13 0)
(1.5 2.15688e-13 0)
(1.5 2.95062e-13 0)
(1.5 2.75152e-13 0)
(1.5 2.71087e-13 0)
(1.5 3.40813e-13 0)
(1.5 4.64127e-13 0)
(1.5 5.3243e-13 0)
(1.5 4.93246e-13 0)
(1.5 4.54663e-13 0)
(1.5 6.06084e-14 0)
(1.5 3.73853e-14 0)
(1.5 4.00409e-14 0)
(1.5 -1.24594e-14 0)
(1.5 -1.42176e-13 0)
(1.5 -3.01677e-13 0)
(1.5 -3.93324e-13 0)
(1.5 -3.55918e-13 0)
(1.5 -2.95496e-13 0)
(1.5 -3.17079e-13 0)
(1.5 -3.46121e-13 0)
(1.5 -3.61197e-13 0)
(1.5 -3.2673e-13 0)
(1.5 -2.85352e-13 0)
(1.5 -3.32149e-13 0)
(1.5 -4.18604e-13 0)
(1.5 -4.84632e-13 0)
(1.5 -4.13908e-13 0)
(1.5 -4.18723e-13 0)
(1.5 -4.15478e-13 0)
(1.5 -3.22842e-13 0)
(1.5 -2.48725e-13 0)
(1.5 -9.74387e-14 0)
(1.5 -1.5856e-14 0)
(1.5 -7.07782e-14 0)
(1.5 -9.18636e-14 0)
(1.5 -9.86262e-14 0)
(1.5 -1.16336e-13 0)
(1.5 -5.01558e-14 0)
(1.5 -9.3212e-14 0)
(1.5 -1.24966e-14 0)
(1.5 7.82573e-14 0)
(1.5 3.74959e-14 0)
(1.5 -5.58968e-15 0)
(1.5 -4.39056e-14 0)
(1.5 3.41469e-14 0)
(1.5 2.72467e-14 0)
(1.5 3.97888e-14 0)
(1.5 5.84138e-14 0)
(1.5 1.01197e-13 0)
(1.5 1.04985e-13 0)
(1.5 1.14381e-13 0)
(1.5 2.20256e-13 0)
(1.5 2.75235e-13 0)
(1.5 2.42339e-13 0)
(1.5 2.1475e-13 0)
(1.5 2.88623e-13 0)
(1.5 2.23299e-13 0)
(1.5 2.33595e-13 0)
(1.5 2.48611e-13 0)
(1.5 2.13315e-13 0)
(1.5 2.18646e-13 0)
(1.5 2.35674e-13 0)
(1.5 2.77033e-13 0)
(1.5 2.41731e-13 0)
(1.5 1.2982e-13 0)
(1.5 1.76478e-14 0)
(1.5 -6.75334e-14 0)
(1.5 -3.28644e-14 0)
(1.5 -2.35323e-14 0)
(1.5 3.18665e-14 0)
(1.5 -2.53184e-14 0)
(1.5 -8.32452e-14 0)
(1.5 -1.48191e-13 0)
(1.5 -9.29663e-14 0)
(1.5 -5.30573e-14 0)
(1.5 -1.65964e-13 0)
(1.5 -2.21929e-13 0)
(1.5 -2.52917e-13 0)
(1.5 -2.11395e-13 0)
(1.5 -2.10252e-13 0)
(1.5 -1.95054e-13 0)
(1.5 -1.93964e-13 0)
(1.5 -6.01647e-14 0)
(1.5 -6.1966e-15 0)
(1.5 1.50223e-13 0)
(1.5 2.35835e-13 0)
(1.5 1.96541e-13 0)
(1.5 1.51718e-13 0)
(1.5 9.82256e-14 0)
(1.5 1.88952e-13 0)
(1.5 3.44482e-13 0)
(1.5 3.63706e-13 0)
(1.5 4.21748e-13 0)
(1.5 3.34562e-13 0)
(1.5 3.45627e-13 0)
(1.5 3.04031e-13 0)
(1.5 2.14815e-13 0)
(1.5 1.89173e-13 0)
(1.5 2.83991e-13 0)
(1.5 4.03406e-13 0)
(1.5 4.96634e-13 0)
(1.5 6.12252e-13 0)
(1.5 8.03971e-13 0)
(1.5 8.45346e-13 0)
(1.5 7.68939e-13 0)
(1.5 5.57985e-13 0)
(1.5 3.99665e-13 0)
(1.5 2.08508e-13 0)
(1.5 -2.28017e-14 0)
(1.5 -1.0173e-13 0)
(1.5 -1.10442e-13 0)
(1.5 -3.74943e-14 0)
(1.5 1.09512e-14 0)
(1.5 -3.24857e-14 0)
(1.5 -2.53585e-14 0)
(1.5 -1.63536e-13 0)
(1.5 -2.12368e-13 0)
(1.5 -1.94975e-13 0)
(1.5 -2.72043e-13 0)
(1.5 -3.39137e-13 0)
(1.5 -4.28169e-13 0)
(1.5 -3.90295e-13 0)
(1.5 -3.42622e-13 0)
(1.5 -2.93716e-13 0)
(1.5 -1.75725e-13 0)
(1.5 -2.18299e-13 0)
(1.5 -3.05908e-13 0)
(1.5 -3.83358e-13 0)
(1.5 -4.1919e-13 0)
(1.5 -4.40669e-13 0)
(1.5 -5.01232e-13 0)
(1.5 -3.75655e-13 0)
(1.5 -3.63766e-13 0)
(1.5 -3.4455e-13 0)
(1.5 -4.16081e-13 0)
(1.5 -5.14211e-13 0)
(1.5 -5.87947e-13 0)
(1.5 -5.38537e-13 0)
(1.5 -4.60268e-13 0)
(1.5 -4.14757e-13 0)
(1.5 -3.18781e-13 0)
(1.5 -2.8913e-13 0)
(1.5 -3.05122e-13 0)
(1.5 -2.71935e-13 0)
(1.5 -2.77639e-13 0)
(1.5 -2.81231e-13 0)
(1.5 -2.28863e-13 0)
(1.5 -2.32372e-13 0)
(1.5 -2.58398e-13 0)
(1.5 -1.0533e-13 0)
(1.5 -1.53595e-14 0)
(1.5 1.62157e-14 0)
(1.5 2.76919e-14 0)
(1.5 1.17418e-13 0)
(1.5 2.55056e-13 0)
(1.5 2.98242e-13 0)
(1.5 3.00217e-13 0)
(1.5 1.72998e-13 0)
(1.5 3.00335e-14 0)
(1.5 -6.07835e-14 0)
(1.5 -9.02496e-14 0)
(1.5 -9.10875e-15 0)
(1.5 1.56926e-14 0)
(1.5 -6.42738e-14 0)
(1.5 -1.45215e-13 0)
(1.5 -1.09001e-13 0)
(1.5 -9.64131e-14 0)
(1.5 -1.70999e-13 0)
(1.5 -1.79646e-13 0)
(1.5 -2.53338e-13 0)
(1.5 -3.12031e-13 0)
(1.5 -3.14612e-13 0)
(1.5 -2.82904e-13 0)
(1.5 -1.72572e-13 0)
(1.5 -8.44629e-14 0)
(1.5 1.7249e-14 0)
(1.5 8.92601e-14 0)
(1.5 2.4047e-13 0)
(1.5 3.04401e-13 0)
(1.5 3.3299e-13 0)
(1.5 2.93884e-13 0)
(1.5 3.00811e-13 0)
(1.5 2.78218e-13 0)
(1.5 3.20445e-13 0)
(1.5 3.23169e-13 0)
(1.5 3.95238e-13 0)
(1.5 4.17493e-13 0)
(1.5 3.53367e-13 0)
(1.5 2.99206e-13 0)
(1.5 3.15518e-13 0)
(1.5 3.01671e-13 0)
(1.5 2.57643e-13 0)
(1.5 1.65419e-13 0)
(1.5 2.22194e-13 0)
(1.5 3.69231e-13 0)
(1.5 3.8788e-13 0)
(1.5 3.95468e-13 0)
(1.5 3.64405e-13 0)
(1.5 2.96058e-13 0)
(1.5 2.79893e-13 0)
(1.5 2.28347e-13 0)
(1.5 2.55903e-13 0)
(1.5 2.7675e-13 0)
(1.5 2.94885e-13 0)
(1.5 3.47643e-13 0)
(1.5 4.90008e-13 0)
(1.5 5.23093e-13 0)
(1.5 5.55296e-13 0)
(1.5 4.78742e-13 0)
(1.5 2.01187e-14 0)
(1.5 2.15871e-14 0)
(1.5 4.96222e-14 0)
(1.5 2.33124e-14 0)
(1.5 -9.96839e-14 0)
(1.5 -2.99397e-13 0)
(1.5 -4.36e-13 0)
(1.5 -3.89176e-13 0)
(1.5 -3.81929e-13 0)
(1.5 -3.03294e-13 0)
(1.5 -3.33642e-13 0)
(1.5 -2.65368e-13 0)
(1.5 -2.47494e-13 0)
(1.5 -2.52765e-13 0)
(1.5 -2.86333e-13 0)
(1.5 -3.29611e-13 0)
(1.5 -3.45421e-13 0)
(1.5 -3.11984e-13 0)
(1.5 -2.83648e-13 0)
(1.5 -2.75369e-13 0)
(1.5 -2.27834e-13 0)
(1.5 -1.21325e-13 0)
(1.5 -3.91536e-14 0)
(1.5 1.10903e-14 0)
(1.5 -2.65555e-14 0)
(1.5 -1.46198e-14 0)
(1.5 3.26052e-14 0)
(1.5 2.06709e-14 0)
(1.5 5.71368e-14 0)
(1.5 5.07574e-15 0)
(1.5 -2.69429e-14 0)
(1.5 4.17352e-14 0)
(1.5 4.88469e-14 0)
(1.5 4.66939e-14 0)
(1.5 -3.01533e-14 0)
(1.5 2.55823e-14 0)
(1.5 8.27824e-14 0)
(1.5 1.50855e-13 0)
(1.5 1.73042e-13 0)
(1.5 1.28591e-13 0)
(1.5 2.02781e-13 0)
(1.5 2.24123e-13 0)
(1.5 2.24069e-13 0)
(1.5 2.36187e-13 0)
(1.5 2.26778e-13 0)
(1.5 1.92267e-13 0)
(1.5 1.57942e-13 0)
(1.5 9.80529e-14 0)
(1.5 1.15482e-13 0)
(1.5 1.56124e-13 0)
(1.5 1.58711e-13 0)
(1.5 2.03114e-13 0)
(1.5 2.43632e-13 0)
(1.5 2.83784e-13 0)
(1.5 2.65211e-13 0)
(1.5 1.86698e-13 0)
(1.5 1.18933e-13 0)
(1.5 6.14356e-14 0)
(1.5 1.30745e-13 0)
(1.5 9.13316e-14 0)
(1.5 7.81748e-14 0)
(1.5 9.48046e-14 0)
(1.5 9.7683e-14 0)
(1.5 3.43329e-14 0)
(1.5 -1.02478e-14 0)
(1.5 -9.15968e-14 0)
(1.5 -7.92309e-14 0)
(1.5 -1.7801e-13 0)
(1.5 -1.08973e-13 0)
(1.5 -9.65296e-14 0)
(1.5 -4.03198e-14 0)
(1.5 -1.16482e-13 0)
(1.5 -1.9649e-13 0)
(1.5 -9.58689e-14 0)
(1.5 -1.22925e-13 0)
(1.5 -1.88205e-14 0)
(1.5 1.27608e-13 0)
(1.5 2.3178e-13 0)
(1.5 2.07372e-13 0)
(1.5 1.87172e-13 0)
(1.5 2.87638e-13 0)
(1.5 3.91084e-13 0)
(1.5 3.63851e-13 0)
(1.5 3.91862e-13 0)
(1.5 4.4428e-13 0)
(1.5 3.95635e-13 0)
(1.5 4.09559e-13 0)
(1.5 4.09491e-13 0)
(1.5 3.16255e-13 0)
(1.5 3.7721e-13 0)
(1.5 4.64609e-13 0)
(1.5 4.72849e-13 0)
(1.5 5.6454e-13 0)
(1.5 7.44888e-13 0)
(1.5 7.70684e-13 0)
(1.5 7.63984e-13 0)
(1.5 5.73105e-13 0)
(1.5 4.54936e-13 0)
(1.5 2.00234e-13 0)
(1.5 -5.44796e-14 0)
(1.5 -8.94753e-14 0)
(1.5 -2.01194e-13 0)
(1.5 -2.0189e-13 0)
(1.5 -2.69377e-13 0)
(1.5 -2.7744e-13 0)
(1.5 -1.98635e-13 0)
(1.5 -2.33945e-13 0)
(1.5 -2.20034e-13 0)
(1.5 -2.43283e-13 0)
(1.5 -2.49919e-13 0)
(1.5 -3.70945e-13 0)
(1.5 -4.80607e-13 0)
(1.5 -3.81425e-13 0)
(1.5 -3.26349e-13 0)
(1.5 -2.2517e-13 0)
(1.5 -1.4988e-13 0)
(1.5 -1.9495e-13 0)
(1.5 -3.14241e-13 0)
(1.5 -4.74272e-13 0)
(1.5 -5.00728e-13 0)
(1.5 -5.23093e-13 0)
(1.5 -5.06528e-13 0)
(1.5 -3.74681e-13 0)
(1.5 -3.56772e-13 0)
(1.5 -3.3214e-13 0)
(1.5 -4.39868e-13 0)
(1.5 -5.72695e-13 0)
(1.5 -6.36138e-13 0)
(1.5 -6.51939e-13 0)
(1.5 -6.15414e-13 0)
(1.5 -5.41849e-13 0)
(1.5 -4.72681e-13 0)
(1.5 -5.21304e-13 0)
(1.5 -5.75426e-13 0)
(1.5 -4.98823e-13 0)
(1.5 -3.919e-13 0)
(1.5 -3.32765e-13 0)
(1.5 -2.31727e-13 0)
(1.5 -8.22854e-14 0)
(1.5 -9.1768e-14 0)
(1.5 2.5539e-14 0)
(1.5 2.0753e-13 0)
(1.5 1.80804e-13 0)
(1.5 2.19349e-13 0)
(1.5 3.22984e-13 0)
(1.5 4.87189e-13 0)
(1.5 5.53471e-13 0)
(1.5 4.97898e-13 0)
(1.5 3.90078e-13 0)
(1.5 2.83183e-13 0)
(1.5 1.80929e-13 0)
(1.5 5.99838e-14 0)
(1.5 3.0419e-14 0)
(1.5 2.24483e-13 0)
(1.5 1.17573e-13 0)
(1.5 -3.30732e-14 0)
(1.5 -1.16115e-13 0)
(1.5 -2.29572e-13 0)
(1.5 -2.20018e-13 0)
(1.5 -2.47606e-13 0)
(1.5 -2.54641e-13 0)
(1.5 -2.59325e-13 0)
(1.5 -3.26606e-13 0)
(1.5 -2.64273e-13 0)
(1.5 -2.41126e-13 0)
(1.5 -1.05949e-13 0)
(1.5 7.33112e-14 0)
(1.5 3.08404e-14 0)
(1.5 1.60676e-13 0)
(1.5 2.93395e-13 0)
(1.5 3.82279e-13 0)
(1.5 4.70396e-13 0)
(1.5 4.23551e-13 0)
(1.5 3.91196e-13 0)
(1.5 4.10063e-13 0)
(1.5 3.92921e-13 0)
(1.5 4.39373e-13 0)
(1.5 4.69072e-13 0)
(1.5 4.80912e-13 0)
(1.5 5.20638e-13 0)
(1.5 4.87828e-13 0)
(1.5 3.97536e-13 0)
(1.5 2.91762e-13 0)
(1.5 2.03519e-13 0)
(1.5 1.95467e-13 0)
(1.5 3.34206e-13 0)
(1.5 4.03955e-13 0)
(1.5 3.37334e-13 0)
(1.5 3.79944e-13 0)
(1.5 3.17314e-13 0)
(1.5 3.1084e-13 0)
(1.5 2.67552e-13 0)
(1.5 2.41528e-13 0)
(1.5 2.54723e-13 0)
(1.5 2.07543e-13 0)
(1.5 3.04502e-13 0)
(1.5 3.18927e-13 0)
(1.5 3.41871e-13 0)
(1.5 3.51931e-13 0)
(1.5 3.31283e-13 0)
(1.5 2.97922e-14 0)
(1.5 1.86059e-14 0)
(1.5 4.01653e-14 0)
(1.5 3.90601e-14 0)
(1.5 -4.07639e-14 0)
(1.5 -1.76847e-13 0)
(1.5 -3.27525e-13 0)
(1.5 -3.50688e-13 0)
(1.5 -4.02441e-13 0)
(1.5 -3.54158e-13 0)
(1.5 -3.65356e-13 0)
(1.5 -2.94367e-13 0)
(1.5 -2.3136e-13 0)
(1.5 -2.74638e-13 0)
(1.5 -2.99156e-13 0)
(1.5 -2.99252e-13 0)
(1.5 -2.55447e-13 0)
(1.5 -3.03352e-13 0)
(1.5 -2.68941e-13 0)
(1.5 -2.08485e-13 0)
(1.5 -1.71126e-13 0)
(1.5 -3.76979e-14 0)
(1.5 -1.52964e-14 0)
(1.5 4.82322e-14 0)
(1.5 3.3323e-14 0)
(1.5 6.49734e-14 0)
(1.5 1.57423e-13 0)
(1.5 1.32265e-13 0)
(1.5 1.46444e-13 0)
(1.5 8.55403e-14 0)
(1.5 6.32557e-15 0)
(1.5 5.49229e-14 0)
(1.5 8.97414e-14 0)
(1.5 1.40278e-13 0)
(1.5 8.78374e-14 0)
(1.5 5.85867e-14 0)
(1.5 1.63587e-13 0)
(1.5 2.45522e-13 0)
(1.5 1.9041e-13 0)
(1.5 1.7876e-13 0)
(1.5 2.33581e-13 0)
(1.5 2.49259e-13 0)
(1.5 2.07565e-13 0)
(1.5 1.48591e-13 0)
(1.5 1.33574e-13 0)
(1.5 1.27175e-13 0)
(1.5 4.7987e-14 0)
(1.5 4.1426e-14 0)
(1.5 8.17327e-14 0)
(1.5 1.14222e-13 0)
(1.5 1.23103e-13 0)
(1.5 1.81663e-13 0)
(1.5 2.29395e-13 0)
(1.5 2.70259e-13 0)
(1.5 1.98707e-13 0)
(1.5 1.22438e-13 0)
(1.5 9.07126e-14 0)
(1.5 4.76484e-14 0)
(1.5 7.18016e-14 0)
(1.5 7.22519e-14 0)
(1.5 4.78552e-14 0)
(1.5 6.80225e-14 0)
(1.5 1.44466e-13 0)
(1.5 6.98367e-14 0)
(1.5 -3.85107e-14 0)
(1.5 -9.93887e-14 0)
(1.5 -3.40649e-14 0)
(1.5 -1.16726e-13 0)
(1.5 -6.19976e-14 0)
(1.5 -8.89733e-14 0)
(1.5 -3.40804e-14 0)
(1.5 -8.84476e-14 0)
(1.5 -1.71791e-13 0)
(1.5 -7.22575e-14 0)
(1.5 -1.2657e-13 0)
(1.5 -1.46161e-13 0)
(1.5 -1.95768e-14 0)
(1.5 1.28981e-13 0)
(1.5 2.02341e-13 0)
(1.5 2.32385e-13 0)
(1.5 3.0779e-13 0)
(1.5 4.01813e-13 0)
(1.5 2.98314e-13 0)
(1.5 2.47585e-13 0)
(1.5 2.75676e-13 0)
(1.5 3.10339e-13 0)
(1.5 3.75466e-13 0)
(1.5 4.33954e-13 0)
(1.5 4.11757e-13 0)
(1.5 3.41458e-13 0)
(1.5 3.11919e-13 0)
(1.5 4.24748e-13 0)
(1.5 5.4714e-13 0)
(1.5 6.52822e-13 0)
(1.5 5.80075e-13 0)
(1.5 4.57212e-13 0)
(1.5 3.1331e-13 0)
(1.5 1.62815e-13 0)
(1.5 5.56216e-14 0)
(1.5 -2.0742e-14 0)
(1.5 -6.63414e-14 0)
(1.5 -2.02035e-13 0)
(1.5 -3.16386e-13 0)
(1.5 -4.49467e-13 0)
(1.5 -4.43654e-13 0)
(1.5 -3.39857e-13 0)
(1.5 -2.74376e-13 0)
(1.5 -3.0535e-13 0)
(1.5 -3.92926e-13 0)
(1.5 -3.97866e-13 0)
(1.5 -5.01262e-13 0)
(1.5 -5.72924e-13 0)
(1.5 -4.56089e-13 0)
(1.5 -4.00441e-13 0)
(1.5 -3.34111e-13 0)
(1.5 -2.83613e-13 0)
(1.5 -2.1614e-13 0)
(1.5 -3.2641e-13 0)
(1.5 -3.6867e-13 0)
(1.5 -4.15691e-13 0)
(1.5 -4.41682e-13 0)
(1.5 -4.07482e-13 0)
(1.5 -4.24679e-13 0)
(1.5 -4.51846e-13 0)
(1.5 -4.28176e-13 0)
(1.5 -4.11435e-13 0)
(1.5 -4.18467e-13 0)
(1.5 -5.03831e-13 0)
(1.5 -5.20234e-13 0)
(1.5 -5.09718e-13 0)
(1.5 -4.52155e-13 0)
(1.5 -4.75509e-13 0)
(1.5 -5.3929e-13 0)
(1.5 -5.02821e-13 0)
(1.5 -4.38394e-13 0)
(1.5 -3.52248e-13 0)
(1.5 -3.23377e-13 0)
(1.5 -2.30222e-13 0)
(1.5 -5.84343e-14 0)
(1.5 -1.75667e-14 0)
(1.5 4.92037e-14 0)
(1.5 1.90239e-13 0)
(1.5 1.8708e-13 0)
(1.5 2.8005e-13 0)
(1.5 4.22782e-13 0)
(1.5 6.09831e-13 0)
(1.5 7.22406e-13 0)
(1.5 6.52618e-13 0)
(1.5 5.46559e-13 0)
(1.5 5.32163e-13 0)
(1.5 4.38628e-13 0)
(1.5 2.94785e-13 0)
(1.5 2.10038e-13 0)
(1.5 2.75525e-13 0)
(1.5 1.65986e-13 0)
(1.5 -3.07826e-14 0)
(1.5 -1.28607e-13 0)
(1.5 -2.75548e-13 0)
(1.5 -2.20006e-13 0)
(1.5 -2.82887e-13 0)
(1.5 -2.17443e-13 0)
(1.5 -1.61509e-13 0)
(1.5 -2.42587e-13 0)
(1.5 -2.03156e-13 0)
(1.5 -1.53122e-13 0)
(1.5 2.93707e-14 0)
(1.5 1.46736e-13 0)
(1.5 1.11051e-13 0)
(1.5 1.1031e-13 0)
(1.5 2.67746e-13 0)
(1.5 3.75762e-13 0)
(1.5 5.51432e-13 0)
(1.5 5.11591e-13 0)
(1.5 5.12954e-13 0)
(1.5 4.96889e-13 0)
(1.5 4.74978e-13 0)
(1.5 5.13851e-13 0)
(1.5 5.03598e-13 0)
(1.5 4.93094e-13 0)
(1.5 5.16652e-13 0)
(1.5 4.8174e-13 0)
(1.5 3.87037e-13 0)
(1.5 3.27457e-13 0)
(1.5 3.25103e-13 0)
(1.5 2.4996e-13 0)
(1.5 1.77938e-13 0)
(1.5 2.9907e-13 0)
(1.5 2.49301e-13 0)
(1.5 2.64893e-13 0)
(1.5 2.35934e-13 0)
(1.5 2.93473e-13 0)
(1.5 2.45868e-13 0)
(1.5 1.77515e-13 0)
(1.5 1.6215e-13 0)
(1.5 5.6899e-14 0)
(1.5 1.01436e-13 0)
(1.5 -1.99959e-15 0)
(1.5 -2.59109e-14 0)
(1.5 4.77609e-14 0)
(1.5 1.54068e-13 0)
(1.5 5.9791e-15 0)
(1.5 3.5058e-14 0)
(1.5 5.9366e-14 0)
(1.5 6.42233e-14 0)
(1.5 2.31112e-14 0)
(1.5 -5.65429e-14 0)
(1.5 -1.58849e-13 0)
(1.5 -2.91145e-13 0)
(1.5 -3.29361e-13 0)
(1.5 -3.28817e-13 0)
(1.5 -2.95926e-13 0)
(1.5 -3.25374e-13 0)
(1.5 -2.96601e-13 0)
(1.5 -2.97751e-13 0)
(1.5 -3.03948e-13 0)
(1.5 -2.87987e-13 0)
(1.5 -3.17215e-13 0)
(1.5 -2.49974e-13 0)
(1.5 -1.49401e-13 0)
(1.5 -4.7799e-14 0)
(1.5 -3.62485e-14 0)
(1.5 -4.60822e-15 0)
(1.5 3.82769e-14 0)
(1.5 1.30476e-13 0)
(1.5 1.78194e-13 0)
(1.5 1.51295e-13 0)
(1.5 1.86617e-13 0)
(1.5 1.61096e-13 0)
(1.5 1.69717e-13 0)
(1.5 1.3065e-13 0)
(1.5 1.19492e-13 0)
(1.5 1.3901e-13 0)
(1.5 6.37993e-14 0)
(1.5 1.49294e-13 0)
(1.5 2.42318e-13 0)
(1.5 2.28133e-13 0)
(1.5 2.91489e-13 0)
(1.5 2.86358e-13 0)
(1.5 2.29715e-13 0)
(1.5 2.61957e-13 0)
(1.5 2.82474e-13 0)
(1.5 2.82847e-13 0)
(1.5 2.47541e-13 0)
(1.5 1.65843e-13 0)
(1.5 1.20772e-13 0)
(1.5 9.48785e-14 0)
(1.5 4.1117e-14 0)
(1.5 3.38875e-14 0)
(1.5 9.6001e-14 0)
(1.5 1.44058e-13 0)
(1.5 1.73061e-13 0)
(1.5 2.19471e-13 0)
(1.5 2.40648e-13 0)
(1.5 2.9074e-13 0)
(1.5 2.4352e-13 0)
(1.5 1.2988e-13 0)
(1.5 2.35424e-14 0)
(1.5 -3.70395e-14 0)
(1.5 -1.77804e-14 0)
(1.5 -1.35867e-14 0)
(1.5 -3.13919e-15 0)
(1.5 7.9775e-15 0)
(1.5 5.59416e-14 0)
(1.5 4.73582e-14 0)
(1.5 7.45793e-16 0)
(1.5 -2.5756e-14 0)
(1.5 -6.31225e-14 0)
(1.5 -1.20592e-13 0)
(1.5 -1.04064e-13 0)
(1.5 -1.7232e-13 0)
(1.5 -2.32034e-13 0)
(1.5 -2.17714e-13 0)
(1.5 -1.36904e-13 0)
(1.5 -9.84431e-14 0)
(1.5 -1.29456e-13 0)
(1.5 -1.81633e-13 0)
(1.5 -1.38458e-13 0)
(1.5 -8.67231e-15 0)
(1.5 1.07763e-13 0)
(1.5 1.07535e-13 0)
(1.5 8.77847e-14 0)
(1.5 1.60776e-13 0)
(1.5 1.55113e-13 0)
(1.5 1.04562e-13 0)
(1.5 3.93231e-14 0)
(1.5 7.16403e-14 0)
(1.5 1.45824e-13 0)
(1.5 2.39131e-13 0)
(1.5 3.55489e-13 0)
(1.5 3.17454e-13 0)
(1.5 2.86233e-13 0)
(1.5 4.3468e-13 0)
(1.5 5.01356e-13 0)
(1.5 5.32079e-13 0)
(1.5 4.58637e-13 0)
(1.5 3.05532e-13 0)
(1.5 1.99295e-13 0)
(1.5 -5.29565e-15 0)
(1.5 -1.32838e-13 0)
(1.5 -1.15493e-13 0)
(1.5 -2.16113e-13 0)
(1.5 -3.15571e-13 0)
(1.5 -4.41326e-13 0)
(1.5 -5.34106e-13 0)
(1.5 -4.75836e-13 0)
(1.5 -3.77558e-13 0)
(1.5 -3.01941e-13 0)
(1.5 -3.71708e-13 0)
(1.5 -4.69623e-13 0)
(1.5 -5.29976e-13 0)
(1.5 -5.09057e-13 0)
(1.5 -4.95985e-13 0)
(1.5 -5.16105e-13 0)
(1.5 -4.57674e-13 0)
(1.5 -3.6336e-13 0)
(1.5 -3.17332e-13 0)
(1.5 -2.41558e-13 0)
(1.5 -2.97822e-13 0)
(1.5 -2.50703e-13 0)
(1.5 -2.27148e-13 0)
(1.5 -2.19307e-13 0)
(1.5 -2.17615e-13 0)
(1.5 -3.6013e-13 0)
(1.5 -3.86163e-13 0)
(1.5 -3.69317e-13 0)
(1.5 -3.25433e-13 0)
(1.5 -2.57212e-13 0)
(1.5 -3.186e-13 0)
(1.5 -3.35327e-13 0)
(1.5 -3.37232e-13 0)
(1.5 -3.76966e-13 0)
(1.5 -3.96435e-13 0)
(1.5 -3.90525e-13 0)
(1.5 -3.94873e-13 0)
(1.5 -3.14861e-13 0)
(1.5 -2.90896e-13 0)
(1.5 -2.78237e-13 0)
(1.5 -2.6342e-13 0)
(1.5 -1.48632e-13 0)
(1.5 -3.11832e-14 0)
(1.5 3.49994e-14 0)
(1.5 8.79221e-14 0)
(1.5 1.56793e-13 0)
(1.5 2.69927e-13 0)
(1.5 3.74582e-13 0)
(1.5 5.06771e-13 0)
(1.5 6.24083e-13 0)
(1.5 6.87807e-13 0)
(1.5 6.38081e-13 0)
(1.5 7.12444e-13 0)
(1.5 6.97781e-13 0)
(1.5 5.60867e-13 0)
(1.5 4.0536e-13 0)
(1.5 2.43012e-13 0)
(1.5 7.11588e-14 0)
(1.5 -3.88537e-14 0)
(1.5 -1.18983e-13 0)
(1.5 -1.76543e-13 0)
(1.5 -1.37867e-13 0)
(1.5 -2.39271e-13 0)
(1.5 -2.24871e-13 0)
(1.5 -1.8951e-13 0)
(1.5 -1.66901e-13 0)
(1.5 -1.44783e-13 0)
(1.5 -1.25697e-13 0)
(1.5 -7.43158e-15 0)
(1.5 1.16765e-13 0)
(1.5 1.41867e-13 0)
(1.5 1.03883e-13 0)
(1.5 2.55695e-13 0)
(1.5 3.73697e-13 0)
(1.5 4.92946e-13 0)
(1.5 5.2147e-13 0)
(1.5 5.11677e-13 0)
(1.5 4.6747e-13 0)
(1.5 5.12902e-13 0)
(1.5 6.07186e-13 0)
(1.5 6.18484e-13 0)
(1.5 5.78186e-13 0)
(1.5 5.25154e-13 0)
(1.5 5.02406e-13 0)
(1.5 3.8634e-13 0)
(1.5 3.80894e-13 0)
(1.5 4.08841e-13 0)
(1.5 3.31864e-13 0)
(1.5 1.86295e-13 0)
(1.5 2.38392e-13 0)
(1.5 2.95142e-13 0)
(1.5 2.44906e-13 0)
(1.5 3.25973e-13 0)
(1.5 3.4598e-13 0)
(1.5 2.19223e-13 0)
(1.5 1.56318e-13 0)
(1.5 7.9909e-14 0)
(1.5 -8.57777e-14 0)
(1.5 -1.43614e-13 0)
(1.5 -2.51689e-13 0)
(1.5 -2.96934e-13 0)
(1.5 -1.51124e-13 0)
(1.5 -2.68213e-14 0)
(1.5 1.52648e-15 0)
(1.5 4.35619e-14 0)
(1.5 9.68333e-14 0)
(1.5 1.13824e-13 0)
(1.5 6.86154e-14 0)
(1.5 2.06262e-14 0)
(1.5 5.22232e-14 0)
(1.5 -8.56381e-14 0)
(1.5 -2.03283e-13 0)
(1.5 -3.41452e-13 0)
(1.5 -2.88398e-13 0)
(1.5 -3.4701e-13 0)
(1.5 -3.17071e-13 0)
(1.5 -2.7184e-13 0)
(1.5 -2.62775e-13 0)
(1.5 -2.29517e-13 0)
(1.5 -2.65901e-13 0)
(1.5 -9.84522e-14 0)
(1.5 3.44424e-14 0)
(1.5 9.50376e-14 0)
(1.5 8.38125e-14 0)
(1.5 4.39671e-14 0)
(1.5 5.48571e-14 0)
(1.5 7.01625e-14 0)
(1.5 1.5894e-13 0)
(1.5 1.46045e-13 0)
(1.5 1.13749e-13 0)
(1.5 1.1704e-13 0)
(1.5 1.10536e-13 0)
(1.5 1.41196e-13 0)
(1.5 1.96054e-13 0)
(1.5 1.2034e-13 0)
(1.5 5.62588e-14 0)
(1.5 7.81741e-14 0)
(1.5 2.63692e-13 0)
(1.5 3.49955e-13 0)
(1.5 4.05616e-13 0)
(1.5 3.55473e-13 0)
(1.5 3.4565e-13 0)
(1.5 3.18602e-13 0)
(1.5 2.77239e-13 0)
(1.5 2.45695e-13 0)
(1.5 2.14495e-13 0)
(1.5 1.93704e-13 0)
(1.5 1.70658e-13 0)
(1.5 1.48802e-13 0)
(1.5 6.52262e-14 0)
(1.5 3.07284e-14 0)
(1.5 3.78049e-14 0)
(1.5 6.79496e-14 0)
(1.5 8.22781e-14 0)
(1.5 1.38488e-13 0)
(1.5 2.11745e-13 0)
(1.5 2.42342e-13 0)
(1.5 2.32658e-13 0)
(1.5 1.16055e-13 0)
(1.5 8.23753e-14 0)
(1.5 -2.29501e-15 0)
(1.5 2.38852e-14 0)
(1.5 3.23033e-14 0)
(1.5 2.04944e-14 0)
(1.5 2.13291e-17 0)
(1.5 1.19561e-14 0)
(1.5 6.63191e-14 0)
(1.5 7.10872e-14 0)
(1.5 2.53712e-14 0)
(1.5 -8.4373e-14 0)
(1.5 -1.25669e-13 0)
(1.5 -1.43894e-13 0)
(1.5 -2.00723e-13 0)
(1.5 -2.69253e-13 0)
(1.5 -2.00805e-13 0)
(1.5 -7.87299e-14 0)
(1.5 -1.14359e-13 0)
(1.5 -1.1547e-13 0)
(1.5 -4.32776e-14 0)
(1.5 -4.03168e-14 0)
(1.5 -9.614e-15 0)
(1.5 3.68992e-14 0)
(1.5 3.80509e-14 0)
(1.5 -1.73397e-15 0)
(1.5 4.12399e-15 0)
(1.5 1.10135e-13 0)
(1.5 8.15007e-14 0)
(1.5 8.08687e-14 0)
(1.5 1.0415e-13 0)
(1.5 1.37071e-13 0)
(1.5 1.85702e-13 0)
(1.5 2.54677e-13 0)
(1.5 2.39268e-13 0)
(1.5 3.13756e-13 0)
(1.5 3.67006e-13 0)
(1.5 4.3563e-13 0)
(1.5 5.02425e-13 0)
(1.5 4.23065e-13 0)
(1.5 2.95494e-13 0)
(1.5 1.97633e-13 0)
(1.5 -3.56834e-14 0)
(1.5 -1.42756e-13 0)
(1.5 -1.86137e-13 0)
(1.5 -2.67294e-13 0)
(1.5 -3.25962e-13 0)
(1.5 -3.40579e-13 0)
(1.5 -3.82422e-13 0)
(1.5 -3.16293e-13 0)
(1.5 -3.41807e-13 0)
(1.5 -4.02936e-13 0)
(1.5 -4.75683e-13 0)
(1.5 -5.45961e-13 0)
(1.5 -6.27601e-13 0)
(1.5 -5.40316e-13 0)
(1.5 -4.46828e-13 0)
(1.5 -5.04622e-13 0)
(1.5 -4.44963e-13 0)
(1.5 -3.66451e-13 0)
(1.5 -4.82582e-13 0)
(1.5 -4.17251e-13 0)
(1.5 -3.92512e-13 0)
(1.5 -3.22578e-13 0)
(1.5 -2.32428e-13 0)
(1.5 -2.60242e-13 0)
(1.5 -2.56141e-13 0)
(1.5 -3.19106e-13 0)
(1.5 -2.92811e-13 0)
(1.5 -2.41969e-13 0)
(1.5 -2.90155e-13 0)
(1.5 -2.95461e-13 0)
(1.5 -4.33078e-13 0)
(1.5 -4.48641e-13 0)
(1.5 -4.10382e-13 0)
(1.5 -3.97516e-13 0)
(1.5 -3.77454e-13 0)
(1.5 -3.5834e-13 0)
(1.5 -4.6601e-13 0)
(1.5 -3.65618e-13 0)
(1.5 -3.85359e-13 0)
(1.5 -3.63326e-13 0)
(1.5 -3.74124e-13 0)
(1.5 -3.63172e-13 0)
(1.5 -1.85411e-13 0)
(1.5 -1.39867e-13 0)
(1.5 -5.04879e-14 0)
(1.5 1.48841e-13 0)
(1.5 2.72245e-13 0)
(1.5 3.58302e-13 0)
(1.5 4.01515e-13 0)
(1.5 4.70875e-13 0)
(1.5 5.68586e-13 0)
(1.5 6.16201e-13 0)
(1.5 6.69705e-13 0)
(1.5 6.84527e-13 0)
(1.5 5.70528e-13 0)
(1.5 3.21048e-13 0)
(1.5 6.72377e-14 0)
(1.5 -1.76681e-13 0)
(1.5 -2.80492e-13 0)
(1.5 -3.62218e-13 0)
(1.5 -3.68301e-13 0)
(1.5 -3.41589e-13 0)
(1.5 -3.51084e-13 0)
(1.5 -3.35832e-13 0)
(1.5 -2.66988e-13 0)
(1.5 -1.51728e-13 0)
(1.5 -1.31233e-13 0)
(1.5 -2.4252e-13 0)
(1.5 -2.13294e-13 0)
(1.5 -1.32213e-13 0)
(1.5 -1.37939e-14 0)
(1.5 4.95257e-14 0)
(1.5 1.86937e-13 0)
(1.5 3.08079e-13 0)
(1.5 3.36343e-13 0)
(1.5 3.90407e-13 0)
(1.5 3.86846e-13 0)
(1.5 4.24679e-13 0)
(1.5 5.97117e-13 0)
(1.5 6.3134e-13 0)
(1.5 5.73615e-13 0)
(1.5 5.43741e-13 0)
(1.5 4.32415e-13 0)
(1.5 3.14384e-13 0)
(1.5 2.4096e-13 0)
(1.5 3.15895e-13 0)
(1.5 4.38885e-13 0)
(1.5 4.1628e-13 0)
(1.5 4.06997e-13 0)
(1.5 3.86795e-13 0)
(1.5 4.48295e-13 0)
(1.5 3.69726e-13 0)
(1.5 4.31428e-13 0)
(1.5 3.45457e-13 0)
(1.5 2.61686e-13 0)
(1.5 2.24161e-13 0)
(1.5 1.59677e-13 0)
(1.5 -3.36409e-14 0)
(1.5 -1.72166e-13 0)
(1.5 -2.69666e-13 0)
(1.5 -3.15074e-13 0)
(1.5 -2.10616e-13 0)
(1.5 -1.43334e-13 0)
(1.5 3.85868e-14 0)
(1.5 7.21926e-14 0)
(1.5 5.35781e-14 0)
(1.5 4.51429e-14 0)
(1.5 -1.30986e-15 0)
(1.5 5.50604e-14 0)
(1.5 1.4076e-13 0)
(1.5 4.2416e-14 0)
(1.5 -9.56438e-14 0)
(1.5 -2.64053e-13 0)
(1.5 -2.49545e-13 0)
(1.5 -2.82172e-13 0)
(1.5 -2.4417e-13 0)
(1.5 -1.76407e-13 0)
(1.5 -1.85142e-13 0)
(1.5 -1.78516e-13 0)
(1.5 -9.05737e-14 0)
(1.5 7.71193e-15 0)
(1.5 8.42435e-14 0)
(1.5 1.17546e-13 0)
(1.5 1.45539e-13 0)
(1.5 1.41854e-13 0)
(1.5 9.67122e-14 0)
(1.5 5.66137e-14 0)
(1.5 5.64143e-14 0)
(1.5 9.26445e-14 0)
(1.5 8.79721e-14 0)
(1.5 1.14503e-13 0)
(1.5 9.12864e-14 0)
(1.5 1.64936e-13 0)
(1.5 1.86147e-13 0)
(1.5 1.03875e-13 0)
(1.5 1.22082e-13 0)
(1.5 1.32246e-13 0)
(1.5 2.58033e-13 0)
(1.5 3.51277e-13 0)
(1.5 4.16295e-13 0)
(1.5 3.85461e-13 0)
(1.5 3.3544e-13 0)
(1.5 2.83602e-13 0)
(1.5 1.47561e-13 0)
(1.5 1.16614e-13 0)
(1.5 1.10241e-13 0)
(1.5 1.15945e-13 0)
(1.5 7.90373e-14 0)
(1.5 8.47046e-14 0)
(1.5 4.82738e-14 0)
(1.5 4.6129e-14 0)
(1.5 2.89429e-14 0)
(1.5 1.73962e-14 0)
(1.5 1.707e-14 0)
(1.5 7.38807e-14 0)
(1.5 1.38569e-13 0)
(1.5 8.7065e-14 0)
(1.5 5.45098e-14 0)
(1.5 2.60158e-14 0)
(1.5 1.06956e-13 0)
(1.5 9.45071e-14 0)
(1.5 1.19419e-13 0)
(1.5 8.14211e-14 0)
(1.5 2.90174e-14 0)
(1.5 5.45692e-15 0)
(1.5 3.37559e-16 0)
(1.5 1.00249e-13 0)
(1.5 1.69402e-13 0)
(1.5 7.86231e-14 0)
(1.5 -3.82717e-14 0)
(1.5 -6.86535e-14 0)
(1.5 -8.12921e-14 0)
(1.5 -8.69945e-14 0)
(1.5 -1.40044e-13 0)
(1.5 -7.18901e-14 0)
(1.5 -4.08984e-14 0)
(1.5 -3.86035e-14 0)
(1.5 2.83581e-14 0)
(1.5 1.22789e-13 0)
(1.5 1.40906e-13 0)
(1.5 7.06955e-14 0)
(1.5 9.76924e-14 0)
(1.5 1.04889e-13 0)
(1.5 1.36668e-13 0)
(1.5 9.62576e-14 0)
(1.5 1.45652e-13 0)
(1.5 1.03955e-13 0)
(1.5 1.9748e-13 0)
(1.5 2.47837e-13 0)
(1.5 2.62065e-13 0)
(1.5 2.5413e-13 0)
(1.5 2.4026e-13 0)
(1.5 2.14374e-13 0)
(1.5 3.21616e-13 0)
(1.5 3.0144e-13 0)
(1.5 3.14977e-13 0)
(1.5 3.65132e-13 0)
(1.5 3.13328e-13 0)
(1.5 2.63145e-13 0)
(1.5 1.28368e-13 0)
(1.5 -6.93902e-14 0)
(1.5 -1.2716e-13 0)
(1.5 -2.01864e-13 0)
(1.5 -2.30519e-13 0)
(1.5 -2.877e-13 0)
(1.5 -3.46923e-13 0)
(1.5 -3.26559e-13 0)
(1.5 -2.95196e-13 0)
(1.5 -3.74021e-13 0)
(1.5 -4.65212e-13 0)
(1.5 -4.6975e-13 0)
(1.5 -4.73115e-13 0)
(1.5 -4.78812e-13 0)
(1.5 -3.88627e-13 0)
(1.5 -3.1773e-13 0)
(1.5 -3.50991e-13 0)
(1.5 -3.81627e-13 0)
(1.5 -3.97688e-13 0)
(1.5 -4.94004e-13 0)
(1.5 -4.14732e-13 0)
(1.5 -3.42618e-13 0)
(1.5 -2.7106e-13 0)
(1.5 -2.07749e-13 0)
(1.5 -1.84553e-13 0)
(1.5 -2.8625e-13 0)
(1.5 -3.38021e-13 0)
(1.5 -3.28152e-13 0)
(1.5 -2.64345e-13 0)
(1.5 -3.16776e-13 0)
(1.5 -4.19815e-13 0)
(1.5 -5.52957e-13 0)
(1.5 -5.78381e-13 0)
(1.5 -5.18806e-13 0)
(1.5 -5.00493e-13 0)
(1.5 -5.43591e-13 0)
(1.5 -5.35257e-13 0)
(1.5 -5.79198e-13 0)
(1.5 -5.47966e-13 0)
(1.5 -5.44539e-13 0)
(1.5 -4.98472e-13 0)
(1.5 -4.12598e-13 0)
(1.5 -3.98845e-13 0)
(1.5 -2.52441e-13 0)
(1.5 -1.87515e-13 0)
(1.5 -3.10167e-15 0)
(1.5 2.65267e-13 0)
(1.5 3.92293e-13 0)
(1.5 4.40487e-13 0)
(1.5 3.98492e-13 0)
(1.5 3.99618e-13 0)
(1.5 4.90712e-13 0)
(1.5 5.63387e-13 0)
(1.5 5.4374e-13 0)
(1.5 4.47793e-13 0)
(1.5 3.1832e-13 0)
(1.5 1.16265e-13 0)
(1.5 -5.04546e-14 0)
(1.5 -1.91447e-13 0)
(1.5 -4.60872e-13 0)
(1.5 -5.94881e-13 0)
(1.5 -5.80923e-13 0)
(1.5 -5.52593e-13 0)
(1.5 -4.52656e-13 0)
(1.5 -3.39752e-13 0)
(1.5 -2.80543e-13 0)
(1.5 -1.76765e-13 0)
(1.5 -1.40115e-13 0)
(1.5 -1.67397e-13 0)
(1.5 -1.54479e-13 0)
(1.5 -1.26818e-13 0)
(1.5 -1.4876e-14 0)
(1.5 9.19824e-14 0)
(1.5 1.59432e-13 0)
(1.5 2.40446e-13 0)
(1.5 2.91064e-13 0)
(1.5 3.03194e-13 0)
(1.5 3.87344e-13 0)
(1.5 4.72587e-13 0)
(1.5 5.57793e-13 0)
(1.5 5.6782e-13 0)
(1.5 5.15573e-13 0)
(1.5 4.58161e-13 0)
(1.5 3.39448e-13 0)
(1.5 2.56461e-13 0)
(1.5 3.17307e-13 0)
(1.5 4.35483e-13 0)
(1.5 5.14108e-13 0)
(1.5 4.66491e-13 0)
(1.5 4.96641e-13 0)
(1.5 5.35075e-13 0)
(1.5 5.70258e-13 0)
(1.5 4.50778e-13 0)
(1.5 3.82132e-13 0)
(1.5 3.07554e-13 0)
(1.5 3.31115e-13 0)
(1.5 2.50955e-13 0)
(1.5 2.5853e-13 0)
(1.5 1.34294e-13 0)
(1.5 1.44332e-15 0)
(1.5 -6.96708e-14 0)
(1.5 -1.18276e-13 0)
(1.5 -9.12983e-14 0)
(1.5 -8.76088e-14 0)
(1.5 5.72083e-14 0)
(1.5 4.14823e-14 0)
(1.5 -4.26404e-15 0)
(1.5 -7.86382e-15 0)
(1.5 6.0528e-14 0)
(1.5 1.06101e-13 0)
(1.5 6.85715e-14 0)
(1.5 1.82959e-14 0)
(1.5 -9.29434e-14 0)
(1.5 -1.64076e-13 0)
(1.5 -2.0985e-13 0)
(1.5 -1.59429e-13 0)
(1.5 -1.56437e-13 0)
(1.5 -1.53967e-13 0)
(1.5 -1.72468e-13 0)
(1.5 -1.77175e-13 0)
(1.5 -2.27391e-14 0)
(1.5 9.32193e-14 0)
(1.5 1.56865e-13 0)
(1.5 1.19436e-13 0)
(1.5 1.51444e-13 0)
(1.5 1.65114e-13 0)
(1.5 1.20172e-13 0)
(1.5 1.1449e-13 0)
(1.5 5.90113e-14 0)
(1.5 1.23557e-13 0)
(1.5 1.72073e-13 0)
(1.5 2.04877e-13 0)
(1.5 2.04869e-13 0)
(1.5 1.6955e-13 0)
(1.5 1.26883e-13 0)
(1.5 1.27658e-13 0)
(1.5 2.00176e-13 0)
(1.5 1.76205e-13 0)
(1.5 2.70594e-13 0)
(1.5 2.88245e-13 0)
(1.5 2.77241e-13 0)
(1.5 2.66613e-13 0)
(1.5 2.00463e-13 0)
(1.5 1.67343e-13 0)
(1.5 8.47477e-14 0)
(1.5 4.22709e-14 0)
(1.5 6.47944e-14 0)
(1.5 1.73605e-14 0)
(1.5 -3.34818e-14 0)
(1.5 -4.675e-14 0)
(1.5 4.4604e-15 0)
(1.5 -1.16423e-14 0)
(1.5 -3.86593e-15 0)
(1.5 1.85989e-14 0)
(1.5 4.74283e-14 0)
(1.5 1.47115e-14 0)
(1.5 -4.9761e-15 0)
(1.5 -1.51802e-14 0)
(1.5 -2.28986e-14 0)
(1.5 3.33534e-14 0)
(1.5 3.60623e-14 0)
(1.5 5.99686e-14 0)
(1.5 4.45086e-14 0)
(1.5 1.36965e-15 0)
(1.5 -2.12344e-14 0)
(1.5 1.36108e-15 0)
(1.5 -3.3861e-14 0)
(1.5 4.88789e-14 0)
(1.5 9.21532e-14 0)
(1.5 5.47356e-14 0)
(1.5 5.499e-14 0)
(1.5 3.59988e-14 0)
(1.5 2.63923e-14 0)
(1.5 5.14713e-14 0)
(1.5 2.00015e-14 0)
(1.5 4.68183e-14 0)
(1.5 3.70464e-14 0)
(1.5 5.92626e-14 0)
(1.5 1.12944e-13 0)
(1.5 1.45062e-13 0)
(1.5 2.04233e-13 0)
(1.5 1.8205e-13 0)
(1.5 2.46582e-13 0)
(1.5 2.33481e-13 0)
(1.5 2.4893e-13 0)
(1.5 2.03896e-13 0)
(1.5 1.48913e-13 0)
(1.5 1.00494e-13 0)
(1.5 1.95034e-13 0)
(1.5 2.84873e-13 0)
(1.5 3.49835e-13 0)
(1.5 3.21695e-13 0)
(1.5 3.13805e-13 0)
(1.5 3.41574e-13 0)
(1.5 3.15388e-13 0)
(1.5 2.51087e-13 0)
(1.5 1.82552e-13 0)
(1.5 1.1303e-13 0)
(1.5 1.16926e-13 0)
(1.5 1.04729e-13 0)
(1.5 -2.30351e-14 0)
(1.5 -1.00991e-13 0)
(1.5 -2.16457e-13 0)
(1.5 -2.69051e-13 0)
(1.5 -2.64945e-13 0)
(1.5 -3.87731e-13 0)
(1.5 -4.53278e-13 0)
(1.5 -3.4638e-13 0)
(1.5 -2.61873e-13 0)
(1.5 -3.21767e-13 0)
(1.5 -3.40669e-13 0)
(1.5 -3.17816e-13 0)
(1.5 -2.53839e-13 0)
(1.5 -1.45341e-13 0)
(1.5 -7.94061e-14 0)
(1.5 -1.51498e-13 0)
(1.5 -2.0177e-13 0)
(1.5 -2.59616e-13 0)
(1.5 -3.13943e-13 0)
(1.5 -3.09055e-13 0)
(1.5 -3.0116e-13 0)
(1.5 -1.65793e-13 0)
(1.5 -1.24722e-13 0)
(1.5 -1.02817e-13 0)
(1.5 -5.39349e-14 0)
(1.5 -2.29172e-13 0)
(1.5 -2.63397e-13 0)
(1.5 -2.28416e-13 0)
(1.5 -2.36147e-13 0)
(1.5 -2.7241e-13 0)
(1.5 -4.64226e-13 0)
(1.5 -4.26211e-13 0)
(1.5 -4.91069e-13 0)
(1.5 -5.34767e-13 0)
(1.5 -5.2837e-13 0)
(1.5 -5.98759e-13 0)
(1.5 -6.21336e-13 0)
(1.5 -6.0373e-13 0)
(1.5 -6.30709e-13 0)
(1.5 -5.2119e-13 0)
(1.5 -4.55067e-13 0)
(1.5 -3.80622e-13 0)
(1.5 -2.91681e-13 0)
(1.5 -2.56599e-13 0)
(1.5 -4.13128e-14 0)
(1.5 2.08877e-13 0)
(1.5 4.36121e-13 0)
(1.5 5.86083e-13 0)
(1.5 6.24886e-13 0)
(1.5 5.74238e-13 0)
(1.5 5.01768e-13 0)
(1.5 4.96258e-13 0)
(1.5 5.73971e-13 0)
(1.5 4.95008e-13 0)
(1.5 3.81439e-13 0)
(1.5 2.55879e-13 0)
(1.5 1.49164e-13 0)
(1.5 6.90446e-14 0)
(1.5 -5.42882e-14 0)
(1.5 -3.4898e-13 0)
(1.5 -5.11364e-13 0)
(1.5 -4.85444e-13 0)
(1.5 -4.96244e-13 0)
(1.5 -3.94788e-13 0)
(1.5 -2.94466e-13 0)
(1.5 -3.22489e-13 0)
(1.5 -2.5243e-13 0)
(1.5 -1.89546e-13 0)
(1.5 -3.95863e-14 0)
(1.5 -2.88688e-15 0)
(1.5 -3.35525e-15 0)
(1.5 5.27765e-14 0)
(1.5 1.79915e-13 0)
(1.5 1.95318e-13 0)
(1.5 2.15119e-13 0)
(1.5 3.32141e-13 0)
(1.5 4.19214e-13 0)
(1.5 5.55922e-13 0)
(1.5 5.83238e-13 0)
(1.5 4.83625e-13 0)
(1.5 5.02255e-13 0)
(1.5 6.1376e-13 0)
(1.5 6.22613e-13 0)
(1.5 5.67895e-13 0)
(1.5 6.27351e-13 0)
(1.5 6.75135e-13 0)
(1.5 7.03772e-13 0)
(1.5 6.99034e-13 0)
(1.5 5.80919e-13 0)
(1.5 5.43483e-13 0)
(1.5 5.17369e-13 0)
(1.5 5.46918e-13 0)
(1.5 4.18675e-13 0)
(1.5 3.08192e-13 0)
(1.5 3.6637e-13 0)
(1.5 4.24472e-13 0)
(1.5 3.4963e-13 0)
(1.5 2.49231e-13 0)
(1.5 2.94324e-13 0)
(1.5 2.25041e-13 0)
(1.5 1.20239e-13 0)
(1.5 7.85111e-14 0)
(1.5 -1.53213e-14 0)
(1.5 -7.5367e-14 0)
(1.5 5.00845e-14 0)
(1.5 -1.03544e-14 0)
(1.5 -8.08081e-14 0)
(1.5 -6.00398e-14 0)
(1.5 1.00629e-13 0)
(1.5 1.11449e-13 0)
(1.5 -5.2467e-15 0)
(1.5 -3.63044e-14 0)
(1.5 -9.09881e-14 0)
(1.5 -1.01371e-13 0)
(1.5 -1.85281e-13 0)
(1.5 -1.30128e-13 0)
(1.5 -1.76111e-13 0)
(1.5 -2.6701e-13 0)
(1.5 -2.18598e-13 0)
(1.5 -1.23051e-13 0)
(1.5 3.71732e-14 0)
(1.5 1.34173e-13 0)
(1.5 2.03616e-13 0)
(1.5 1.60788e-13 0)
(1.5 1.2616e-13 0)
(1.5 1.69139e-13 0)
(1.5 1.47303e-13 0)
(1.5 1.17852e-13 0)
(1.5 9.4163e-14 0)
(1.5 1.36748e-13 0)
(1.5 1.59584e-13 0)
(1.5 2.34319e-13 0)
(1.5 2.27289e-13 0)
(1.5 1.63672e-13 0)
(1.5 1.66518e-13 0)
(1.5 2.47892e-13 0)
(1.5 2.73227e-13 0)
(1.5 1.96727e-13 0)
(1.5 2.61432e-13 0)
(1.5 1.944e-13 0)
(1.5 1.24015e-13 0)
(1.5 6.10641e-14 0)
(1.5 7.44277e-14 0)
(1.5 1.0693e-13 0)
(1.5 1.00619e-13 0)
(1.5 1.18939e-14 0)
(1.5 -2.17054e-14 0)
(1.5 -5.35746e-14 0)
(1.5 -5.68802e-14 0)
(1.5 -1.15675e-13 0)
(1.5 -1.74717e-14 0)
(1.5 -6.77864e-14 0)
(1.5 -7.43765e-14 0)
(1.5 -5.41964e-14 0)
(1.5 -2.81966e-14 0)
(1.5 -8.61544e-14 0)
(1.5 -1.13005e-13 0)
(1.5 -3.7791e-14 0)
(1.5 4.41978e-16 0)
(1.5 6.85573e-14 0)
(1.5 4.90377e-14 0)
(1.5 -1.76006e-14 0)
(1.5 -1.0231e-13 0)
(1.5 -5.10102e-14 0)
(1.5 -1.70275e-14 0)
(1.5 -3.78083e-14 0)
(1.5 -1.14985e-13 0)
(1.5 -8.08234e-14 0)
(1.5 -8.95019e-14 0)
(1.5 -5.75552e-14 0)
(1.5 4.66135e-14 0)
(1.5 2.28715e-14 0)
(1.5 -2.18764e-14 0)
(1.5 3.77442e-14 0)
(1.5 5.65128e-14 0)
(1.5 2.49211e-14 0)
(1.5 1.10928e-14 0)
(1.5 4.86234e-14 0)
(1.5 6.4016e-14 0)
(1.5 8.00855e-14 0)
(1.5 1.20605e-13 0)
(1.5 1.62134e-13 0)
(1.5 2.3826e-13 0)
(1.5 2.24136e-13 0)
(1.5 2.0904e-13 0)
(1.5 1.48976e-13 0)
(1.5 8.32816e-14 0)
(1.5 8.60158e-14 0)
(1.5 1.79151e-13 0)
(1.5 3.17238e-13 0)
(1.5 3.78199e-13 0)
(1.5 2.77914e-13 0)
(1.5 2.5238e-13 0)
(1.5 2.81112e-13 0)
(1.5 1.99556e-13 0)
(1.5 1.11595e-13 0)
(1.5 7.46436e-14 0)
(1.5 1.74692e-15 0)
(1.5 -3.58571e-14 0)
(1.5 -1.34206e-13 0)
(1.5 -1.68529e-13 0)
(1.5 -1.13919e-13 0)
(1.5 -1.73921e-13 0)
(1.5 -2.33881e-13 0)
(1.5 -2.31559e-13 0)
(1.5 -3.4151e-13 0)
(1.5 -3.13229e-13 0)
(1.5 -2.28644e-13 0)
(1.5 -1.34291e-13 0)
(1.5 -1.76981e-13 0)
(1.5 -2.0667e-13 0)
(1.5 -1.9344e-13 0)
(1.5 -9.62738e-14 0)
(1.5 -2.32052e-14 0)
(1.5 8.20302e-15 0)
(1.5 -1.41743e-13 0)
(1.5 -2.44544e-13 0)
(1.5 -2.52305e-13 0)
(1.5 -3.13818e-13 0)
(1.5 -2.89199e-13 0)
(1.5 -3.22114e-13 0)
(1.5 -1.98137e-13 0)
(1.5 -1.77937e-13 0)
(1.5 -1.61805e-13 0)
(1.5 -1.30647e-13 0)
(1.5 -2.04793e-13 0)
(1.5 -1.96308e-13 0)
(1.5 -9.26007e-14 0)
(1.5 -1.52546e-13 0)
(1.5 -2.22506e-13 0)
(1.5 -3.23399e-13 0)
(1.5 -2.62424e-13 0)
(1.5 -3.09209e-13 0)
(1.5 -3.60071e-13 0)
(1.5 -3.6516e-13 0)
(1.5 -4.00898e-13 0)
(1.5 -4.97222e-13 0)
(1.5 -5.22029e-13 0)
(1.5 -5.28115e-13 0)
(1.5 -3.03158e-13 0)
(1.5 -3.39061e-13 0)
(1.5 -3.30168e-13 0)
(1.5 -2.24312e-13 0)
(1.5 -1.73395e-13 0)
(1.5 1.38752e-13 0)
(1.5 3.7003e-13 0)
(1.5 5.86545e-13 0)
(1.5 7.65432e-13 0)
(1.5 7.68398e-13 0)
(1.5 7.53589e-13 0)
(1.5 7.00991e-13 0)
(1.5 6.60822e-13 0)
(1.5 6.76434e-13 0)
(1.5 5.92167e-13 0)
(1.5 4.90957e-13 0)
(1.5 3.47863e-13 0)
(1.5 2.58639e-13 0)
(1.5 1.53208e-13 0)
(1.5 -3.74432e-14 0)
(1.5 -2.18011e-13 0)
(1.5 -2.97194e-13 0)
(1.5 -3.71751e-13 0)
(1.5 -3.98958e-13 0)
(1.5 -2.98461e-13 0)
(1.5 -2.26746e-13 0)
(1.5 -2.82575e-13 0)
(1.5 -2.8326e-13 0)
(1.5 -1.94293e-13 0)
(1.5 9.30915e-14 0)
(1.5 1.16886e-13 0)
(1.5 4.89609e-14 0)
(1.5 7.8793e-14 0)
(1.5 2.17119e-13 0)
(1.5 2.54026e-13 0)
(1.5 2.81768e-13 0)
(1.5 4.02305e-13 0)
(1.5 5.12408e-13 0)
(1.5 5.97843e-13 0)
(1.5 6.55055e-13 0)
(1.5 5.65214e-13 0)
(1.5 5.55935e-13 0)
(1.5 7.16225e-13 0)
(1.5 7.44061e-13 0)
(1.5 7.71089e-13 0)
(1.5 8.62921e-13 0)
(1.5 8.63718e-13 0)
(1.5 8.84015e-13 0)
(1.5 8.23769e-13 0)
(1.5 6.65781e-13 0)
(1.5 5.15486e-13 0)
(1.5 4.54046e-13 0)
(1.5 4.92472e-13 0)
(1.5 4.83384e-13 0)
(1.5 3.90523e-13 0)
(1.5 4.53865e-13 0)
(1.5 4.78324e-13 0)
(1.5 4.33159e-13 0)
(1.5 1.93567e-13 0)
(1.5 3.68404e-13 0)
(1.5 3.94086e-13 0)
(1.5 3.59066e-13 0)
(1.5 2.8587e-13 0)
(1.5 1.53707e-13 0)
(1.5 6.68005e-14 0)
(1.5 1.18451e-14 0)
(1.5 2.73258e-14 0)
(1.5 -6.44147e-14 0)
(1.5 -7.0971e-14 0)
(1.5 -5.12873e-14 0)
(1.5 -1.53956e-14 0)
(1.5 -1.04098e-14 0)
(1.5 -5.68079e-15 0)
(1.5 6.22226e-15 0)
(1.5 -7.05137e-14 0)
(1.5 -1.81858e-13 0)
(1.5 -1.95397e-13 0)
(1.5 -2.51316e-13 0)
(1.5 -3.38462e-13 0)
(1.5 -2.09165e-13 0)
(1.5 -8.37619e-14 0)
(1.5 4.02024e-14 0)
(1.5 -4.3903e-14 0)
(1.5 -5.1406e-15 0)
(1.5 8.47474e-14 0)
(1.5 1.31684e-13 0)
(1.5 1.32359e-13 0)
(1.5 1.17615e-13 0)
(1.5 8.94631e-14 0)
(1.5 1.11306e-13 0)
(1.5 1.3808e-13 0)
(1.5 1.27931e-13 0)
(1.5 2.0854e-13 0)
(1.5 2.26921e-13 0)
(1.5 2.82362e-13 0)
(1.5 2.88562e-13 0)
(1.5 3.34527e-13 0)
(1.5 2.47507e-13 0)
(1.5 2.36603e-13 0)
(1.5 2.26172e-13 0)
(1.5 1.61854e-13 0)
(1.5 1.25554e-13 0)
(1.5 3.45943e-14 0)
(1.5 7.0285e-14 0)
(1.5 1.39967e-13 0)
(1.5 9.00436e-14 0)
(1.5 1.7266e-14 0)
(1.5 -8.00587e-14 0)
(1.5 -9.65219e-14 0)
(1.5 -9.2152e-14 0)
(1.5 -1.1052e-13 0)
(1.5 -4.94669e-14 0)
(1.5 -3.31539e-14 0)
(1.5 -2.15871e-14 0)
(1.5 -2.47447e-14 0)
(1.5 -4.19655e-14 0)
(1.5 -5.15666e-14 0)
(1.5 -5.608e-14 0)
(1.5 -4.26985e-14 0)
(1.5 -7.6382e-15 0)
(1.5 4.45009e-14 0)
(1.5 6.33011e-14 0)
(1.5 -1.75823e-14 0)
(1.5 -6.41703e-14 0)
(1.5 -2.56881e-14 0)
(1.5 -2.65894e-14 0)
(1.5 -3.00763e-14 0)
(1.5 -1.43496e-13 0)
(1.5 -1.32714e-13 0)
(1.5 -1.45225e-13 0)
(1.5 -1.05141e-13 0)
(1.5 -5.85658e-14 0)
(1.5 -5.1164e-14 0)
(1.5 -6.79014e-14 0)
(1.5 -7.06173e-14 0)
(1.5 -1.23939e-13 0)
(1.5 -1.81826e-13 0)
(1.5 -1.31412e-13 0)
(1.5 -9.46762e-14 0)
(1.5 -4.43259e-14 0)
(1.5 -1.70853e-14 0)
(1.5 3.44558e-14 0)
(1.5 5.24143e-14 0)
(1.5 6.81361e-14 0)
(1.5 1.20209e-13 0)
(1.5 7.22681e-14 0)
(1.5 3.38942e-14 0)
(1.5 -4.55121e-15 0)
(1.5 4.04042e-14 0)
(1.5 1.2118e-13 0)
(1.5 2.08259e-13 0)
(1.5 2.14251e-13 0)
(1.5 1.66071e-13 0)
(1.5 1.41073e-13 0)
(1.5 1.73697e-13 0)
(1.5 1.36344e-13 0)
(1.5 -2.18548e-14 0)
(1.5 -5.77363e-14 0)
(1.5 -3.81177e-14 0)
(1.5 -8.99402e-14 0)
(1.5 -2.37946e-13 0)
(1.5 -2.8511e-13 0)
(1.5 -1.71825e-13 0)
(1.5 -1.50496e-13 0)
(1.5 -1.84956e-13 0)
(1.5 -2.51302e-13 0)
(1.5 -2.13171e-13 0)
(1.5 -1.09286e-13 0)
(1.5 -7.2656e-14 0)
(1.5 -7.8897e-14 0)
(1.5 -6.06625e-14 0)
(1.5 -5.03716e-14 0)
(1.5 -5.79437e-14 0)
(1.5 5.19369e-15 0)
(1.5 -7.62197e-14 0)
(1.5 -1.11039e-13 0)
(1.5 -1.53428e-13 0)
(1.5 -2.31073e-13 0)
(1.5 -2.43178e-13 0)
(1.5 -3.0373e-13 0)
(1.5 -2.45466e-13 0)
(1.5 -3.53411e-13 0)
(1.5 -3.55097e-13 0)
(1.5 -3.15829e-13 0)
(1.5 -3.0882e-13 0)
(1.5 -2.96276e-13 0)
(1.5 -2.44483e-13 0)
(1.5 -2.69577e-13 0)
(1.5 -1.77719e-13 0)
(1.5 -2.3028e-13 0)
(1.5 -3.19461e-13 0)
(1.5 -2.7652e-13 0)
(1.5 -2.74421e-13 0)
(1.5 -2.90015e-13 0)
(1.5 -2.57242e-13 0)
(1.5 -2.75687e-13 0)
(1.5 -2.43454e-13 0)
(1.5 -2.66701e-13 0)
(1.5 -3.19805e-13 0)
(1.5 -3.3763e-13 0)
(1.5 -2.57596e-13 0)
(1.5 -2.5661e-13 0)
(1.5 -1.5403e-13 0)
(1.5 -6.75102e-14 0)
(1.5 6.94515e-14 0)
(1.5 2.9886e-13 0)
(1.5 4.59905e-13 0)
(1.5 7.201e-13 0)
(1.5 8.41488e-13 0)
(1.5 8.20753e-13 0)
(1.5 8.09607e-13 0)
(1.5 8.2413e-13 0)
(1.5 9.47922e-13 0)
(1.5 8.70318e-13 0)
(1.5 7.47226e-13 0)
(1.5 6.05166e-13 0)
(1.5 3.78456e-13 0)
(1.5 2.29146e-13 0)
(1.5 1.03301e-13 0)
(1.5 -4.28143e-14 0)
(1.5 -1.53764e-13 0)
(1.5 -1.91746e-13 0)
(1.5 -3.34798e-13 0)
(1.5 -2.92917e-13 0)
(1.5 -1.61835e-13 0)
(1.5 -1.14244e-13 0)
(1.5 -7.41516e-14 0)
(1.5 -7.57396e-14 0)
(1.5 3.00269e-15 0)
(1.5 1.90044e-13 0)
(1.5 2.42466e-13 0)
(1.5 1.6294e-13 0)
(1.5 2.088e-13 0)
(1.5 2.24663e-13 0)
(1.5 2.71632e-13 0)
(1.5 3.14799e-13 0)
(1.5 3.8943e-13 0)
(1.5 5.3994e-13 0)
(1.5 5.27862e-13 0)
(1.5 6.46384e-13 0)
(1.5 6.47876e-13 0)
(1.5 6.95275e-13 0)
(1.5 8.16403e-13 0)
(1.5 7.46868e-13 0)
(1.5 8.41324e-13 0)
(1.5 9.05157e-13 0)
(1.5 9.63797e-13 0)
(1.5 1.01533e-12 0)
(1.5 8.20973e-13 0)
(1.5 7.46977e-13 0)
(1.5 5.64111e-13 0)
(1.5 5.26866e-13 0)
(1.5 5.04451e-13 0)
(1.5 5.92464e-13 0)
(1.5 5.78533e-13 0)
(1.5 5.58778e-13 0)
(1.5 4.93624e-13 0)
(1.5 4.55574e-13 0)
(1.5 3.32898e-13 0)
(1.5 4.13845e-13 0)
(1.5 4.53961e-13 0)
(1.5 5.1192e-13 0)
(1.5 4.58015e-13 0)
(1.5 4.0725e-13 0)
(1.5 3.60038e-13 0)
(1.5 -3.06662e-14 0)
(1.5 -4.37466e-14 0)
(1.5 -1.04178e-13 0)
(1.5 -1.07693e-13 0)
(1.5 -1.57522e-13 0)
(1.5 -1.45405e-13 0)
(1.5 -6.3469e-14 0)
(1.5 -2.39431e-14 0)
(1.5 -3.17249e-14 0)
(1.5 -8.28141e-14 0)
(1.5 -9.28372e-14 0)
(1.5 -1.59137e-13 0)
(1.5 -2.3182e-13 0)
(1.5 -1.86417e-13 0)
(1.5 -1.57442e-13 0)
(1.5 -1.53366e-13 0)
(1.5 -8.93317e-14 0)
(1.5 -2.64863e-13 0)
(1.5 -2.18052e-13 0)
(1.5 -5.62058e-14 0)
(1.5 9.12535e-14 0)
(1.5 7.55614e-14 0)
(1.5 9.52053e-14 0)
(1.5 1.30949e-13 0)
(1.5 2.40138e-13 0)
(1.5 2.46382e-13 0)
(1.5 2.00901e-13 0)
(1.5 1.51642e-13 0)
(1.5 2.02982e-13 0)
(1.5 3.33192e-13 0)
(1.5 3.52188e-13 0)
(1.5 2.31779e-13 0)
(1.5 1.24071e-13 0)
(1.5 1.21326e-13 0)
(1.5 1.13549e-13 0)
(1.5 1.54667e-13 0)
(1.5 1.64284e-13 0)
(1.5 9.60627e-14 0)
(1.5 6.57082e-14 0)
(1.5 3.2735e-14 0)
(1.5 -2.28397e-14 0)
(1.5 -4.42347e-14 0)
(1.5 -6.29085e-14 0)
(1.5 -7.91905e-14 0)
(1.5 -7.96e-14 0)
(1.5 -6.03753e-14 0)
(1.5 -6.93823e-14 0)
(1.5 1.3004e-14 0)
(1.5 4.69989e-14 0)
(1.5 3.29236e-14 0)
(1.5 2.55324e-14 0)
(1.5 8.02566e-15 0)
(1.5 9.67243e-15 0)
(1.5 -2.87188e-14 0)
(1.5 -1.70604e-14 0)
(1.5 3.75415e-14 0)
(1.5 3.06272e-14 0)
(1.5 1.12126e-14 0)
(1.5 1.3977e-14 0)
(1.5 -4.79223e-14 0)
(1.5 -5.72414e-14 0)
(1.5 -1.75857e-14 0)
(1.5 -6.5503e-14 0)
(1.5 -9.47763e-14 0)
(1.5 -9.85851e-14 0)
(1.5 -9.50681e-14 0)
(1.5 -1.25888e-13 0)
(1.5 -9.47079e-14 0)
(1.5 -8.80495e-14 0)
(1.5 -7.38701e-14 0)
(1.5 -7.1534e-14 0)
(1.5 -7.7067e-14 0)
(1.5 -7.7296e-14 0)
(1.5 -8.43728e-14 0)
(1.5 2.27872e-14 0)
(1.5 1.15377e-13 0)
(1.5 1.8613e-13 0)
(1.5 1.00446e-13 0)
(1.5 5.6172e-14 0)
(1.5 1.24836e-13 0)
(1.5 1.43712e-13 0)
(1.5 1.66386e-13 0)
(1.5 1.33113e-13 0)
(1.5 1.05618e-13 0)
(1.5 1.1316e-13 0)
(1.5 1.07403e-13 0)
(1.5 1.22518e-13 0)
(1.5 1.41957e-13 0)
(1.5 1.89983e-13 0)
(1.5 2.31539e-13 0)
(1.5 1.26723e-13 0)
(1.5 -2.37291e-14 0)
(1.5 -8.88857e-14 0)
(1.5 -3.97876e-14 0)
(1.5 -8.14192e-14 0)
(1.5 -2.54717e-13 0)
(1.5 -3.71595e-13 0)
(1.5 -3.03575e-13 0)
(1.5 -2.30826e-13 0)
(1.5 -1.86191e-13 0)
(1.5 -2.07436e-13 0)
(1.5 -6.21387e-14 0)
(1.5 1.31951e-13 0)
(1.5 2.06558e-13 0)
(1.5 1.54752e-13 0)
(1.5 1.61668e-13 0)
(1.5 1.91036e-13 0)
(1.5 1.42044e-13 0)
(1.5 1.3188e-13 0)
(1.5 1.77502e-14 0)
(1.5 -7.73061e-14 0)
(1.5 -5.57683e-14 0)
(1.5 -7.0842e-14 0)
(1.5 -1.65831e-13 0)
(1.5 -2.32382e-13 0)
(1.5 -2.74863e-13 0)
(1.5 -4.47415e-13 0)
(1.5 -5.05445e-13 0)
(1.5 -4.86295e-13 0)
(1.5 -4.89635e-13 0)
(1.5 -4.83696e-13 0)
(1.5 -3.71301e-13 0)
(1.5 -2.93019e-13 0)
(1.5 -3.31436e-13 0)
(1.5 -3.90403e-13 0)
(1.5 -4.39807e-13 0)
(1.5 -3.58551e-13 0)
(1.5 -3.70587e-13 0)
(1.5 -3.42062e-13 0)
(1.5 -2.86391e-13 0)
(1.5 -3.04276e-13 0)
(1.5 -2.22378e-13 0)
(1.5 -2.09264e-13 0)
(1.5 -2.3585e-13 0)
(1.5 -3.05671e-13 0)
(1.5 -4.26598e-13 0)
(1.5 -2.7142e-13 0)
(1.5 -1.41743e-13 0)
(1.5 -2.48923e-14 0)
(1.5 1.37672e-13 0)
(1.5 2.97454e-13 0)
(1.5 4.31278e-13 0)
(1.5 7.03137e-13 0)
(1.5 7.89353e-13 0)
(1.5 8.5006e-13 0)
(1.5 8.08002e-13 0)
(1.5 8.41314e-13 0)
(1.5 9.7357e-13 0)
(1.5 8.65764e-13 0)
(1.5 7.11566e-13 0)
(1.5 6.24535e-13 0)
(1.5 4.07257e-13 0)
(1.5 1.97922e-13 0)
(1.5 2.40264e-14 0)
(1.5 -7.40108e-14 0)
(1.5 -1.47156e-13 0)
(1.5 -2.41622e-13 0)
(1.5 -3.3153e-13 0)
(1.5 -2.67117e-13 0)
(1.5 -1.53248e-13 0)
(1.5 -1.05742e-13 0)
(1.5 9.92061e-14 0)
(1.5 1.48037e-13 0)
(1.5 1.21283e-13 0)
(1.5 9.18567e-14 0)
(1.5 1.5476e-13 0)
(1.5 1.52225e-13 0)
(1.5 1.95418e-13 0)
(1.5 6.47822e-14 0)
(1.5 9.24648e-14 0)
(1.5 9.38113e-14 0)
(1.5 1.6916e-13 0)
(1.5 2.92923e-13 0)
(1.5 3.42544e-13 0)
(1.5 5.38686e-13 0)
(1.5 6.32553e-13 0)
(1.5 7.50678e-13 0)
(1.5 7.68563e-13 0)
(1.5 7.19314e-13 0)
(1.5 8.75083e-13 0)
(1.5 9.57011e-13 0)
(1.5 9.63654e-13 0)
(1.5 8.63269e-13 0)
(1.5 6.3509e-13 0)
(1.5 7.33667e-13 0)
(1.5 7.13632e-13 0)
(1.5 6.68402e-13 0)
(1.5 5.46754e-13 0)
(1.5 5.41331e-13 0)
(1.5 5.59651e-13 0)
(1.5 5.70467e-13 0)
(1.5 5.01029e-13 0)
(1.5 4.09593e-13 0)
(1.5 4.84279e-13 0)
(1.5 4.8402e-13 0)
(1.5 4.35593e-13 0)
(1.5 3.96911e-13 0)
(1.5 3.62273e-13 0)
(1.5 3.90121e-13 0)
(1.5 4.78941e-13 0)
(1.5 -3.10441e-14 0)
(1.5 -1.52343e-13 0)
(1.5 -1.66908e-13 0)
(1.5 -1.48929e-13 0)
(1.5 -1.32918e-13 0)
(1.5 -7.99802e-14 0)
(1.5 1.39513e-15 0)
(1.5 -2.46445e-15 0)
(1.5 -4.53477e-14 0)
(1.5 -8.26849e-15 0)
(1.5 2.31694e-14 0)
(1.5 -2.72316e-14 0)
(1.5 -6.30047e-14 0)
(1.5 1.19335e-14 0)
(1.5 -8.40746e-14 0)
(1.5 -1.69206e-13 0)
(1.5 -2.37629e-13 0)
(1.5 -2.37755e-13 0)
(1.5 -1.97918e-13 0)
(1.5 -5.82842e-14 0)
(1.5 2.12451e-14 0)
(1.5 5.69935e-14 0)
(1.5 1.2203e-13 0)
(1.5 1.94964e-13 0)
(1.5 3.52952e-13 0)
(1.5 3.27847e-13 0)
(1.5 2.32743e-13 0)
(1.5 1.62664e-13 0)
(1.5 1.96221e-13 0)
(1.5 3.15297e-13 0)
(1.5 3.48302e-13 0)
(1.5 2.05788e-13 0)
(1.5 1.35985e-13 0)
(1.5 9.91354e-14 0)
(1.5 5.32811e-14 0)
(1.5 8.04126e-14 0)
(1.5 5.43191e-14 0)
(1.5 4.95799e-14 0)
(1.5 -4.52103e-14 0)
(1.5 -1.59127e-13 0)
(1.5 -1.15438e-13 0)
(1.5 -9.09566e-14 0)
(1.5 -2.46732e-14 0)
(1.5 3.44129e-14 0)
(1.5 2.54286e-14 0)
(1.5 1.962e-14 0)
(1.5 1.99675e-14 0)
(1.5 8.08496e-14 0)
(1.5 9.53531e-14 0)
(1.5 5.36459e-14 0)
(1.5 5.90252e-14 0)
(1.5 7.15932e-14 0)
(1.5 7.16065e-14 0)
(1.5 4.27332e-14 0)
(1.5 6.31299e-14 0)
(1.5 1.05326e-13 0)
(1.5 1.11505e-13 0)
(1.5 1.33089e-13 0)
(1.5 1.34075e-13 0)
(1.5 5.24361e-14 0)
(1.5 4.56458e-14 0)
(1.5 -5.30812e-16 0)
(1.5 -1.37388e-14 0)
(1.5 -6.72079e-14 0)
(1.5 -5.63117e-14 0)
(1.5 -6.9443e-14 0)
(1.5 -8.03789e-14 0)
(1.5 -7.31646e-14 0)
(1.5 -5.0107e-14 0)
(1.5 1.56363e-14 0)
(1.5 1.44263e-13 0)
(1.5 1.86418e-13 0)
(1.5 1.09446e-13 0)
(1.5 7.62415e-14 0)
(1.5 1.8e-13 0)
(1.5 2.71523e-13 0)
(1.5 3.54743e-13 0)
(1.5 3.08842e-13 0)
(1.5 2.61601e-13 0)
(1.5 2.55204e-13 0)
(1.5 3.38586e-13 0)
(1.5 3.44775e-13 0)
(1.5 2.78073e-13 0)
(1.5 2.20662e-13 0)
(1.5 2.36768e-13 0)
(1.5 2.2473e-13 0)
(1.5 2.10181e-13 0)
(1.5 2.22652e-13 0)
(1.5 2.55088e-13 0)
(1.5 2.82445e-13 0)
(1.5 2.23055e-13 0)
(1.5 1.35682e-13 0)
(1.5 1.31511e-14 0)
(1.5 -1.03114e-13 0)
(1.5 -1.37223e-13 0)
(1.5 -1.77568e-13 0)
(1.5 -1.88525e-13 0)
(1.5 -1.67054e-13 0)
(1.5 -1.54014e-13 0)
(1.5 -8.95944e-14 0)
(1.5 -2.41185e-14 0)
(1.5 7.85001e-14 0)
(1.5 2.15271e-13 0)
(1.5 3.03742e-13 0)
(1.5 2.90053e-13 0)
(1.5 2.64933e-13 0)
(1.5 2.33892e-13 0)
(1.5 1.63059e-13 0)
(1.5 6.33112e-14 0)
(1.5 4.35922e-14 0)
(1.5 -4.5446e-15 0)
(1.5 1.29137e-14 0)
(1.5 -2.44766e-14 0)
(1.5 -1.42446e-13 0)
(1.5 -1.86135e-13 0)
(1.5 -3.36303e-13 0)
(1.5 -4.42126e-13 0)
(1.5 -5.30886e-13 0)
(1.5 -5.92819e-13 0)
(1.5 -5.56026e-13 0)
(1.5 -4.89915e-13 0)
(1.5 -4.2033e-13 0)
(1.5 -3.40588e-13 0)
(1.5 -4.42387e-13 0)
(1.5 -5.09953e-13 0)
(1.5 -4.87619e-13 0)
(1.5 -4.85232e-13 0)
(1.5 -4.49427e-13 0)
(1.5 -3.24054e-13 0)
(1.5 -2.84602e-13 0)
(1.5 -2.66653e-13 0)
(1.5 -2.25373e-13 0)
(1.5 -3.13475e-13 0)
(1.5 -2.62434e-13 0)
(1.5 -2.1787e-13 0)
(1.5 -2.93171e-13 0)
(1.5 -1.72546e-13 0)
(1.5 -1.43351e-13 0)
(1.5 -5.70751e-14 0)
(1.5 4.24874e-14 0)
(1.5 1.69508e-13 0)
(1.5 3.5092e-13 0)
(1.5 5.35806e-13 0)
(1.5 5.74125e-13 0)
(1.5 6.59686e-13 0)
(1.5 6.91039e-13 0)
(1.5 7.04012e-13 0)
(1.5 6.95348e-13 0)
(1.5 6.46191e-13 0)
(1.5 5.12654e-13 0)
(1.5 5.0839e-13 0)
(1.5 4.32099e-13 0)
(1.5 2.14874e-13 0)
(1.5 -3.04116e-14 0)
(1.5 -1.42923e-13 0)
(1.5 -1.00558e-13 0)
(1.5 -1.74655e-13 0)
(1.5 -2.09017e-13 0)
(1.5 -1.70198e-13 0)
(1.5 -5.82362e-14 0)
(1.5 4.77741e-14 0)
(1.5 2.47697e-13 0)
(1.5 3.30255e-13 0)
(1.5 3.57893e-13 0)
(1.5 2.74606e-13 0)
(1.5 2.40748e-13 0)
(1.5 2.20109e-13 0)
(1.5 1.21785e-13 0)
(1.5 1.6105e-14 0)
(1.5 -3.06402e-14 0)
(1.5 4.19643e-14 0)
(1.5 1.79665e-13 0)
(1.5 2.54495e-13 0)
(1.5 4.37765e-13 0)
(1.5 5.21571e-13 0)
(1.5 6.57584e-13 0)
(1.5 7.71331e-13 0)
(1.5 7.49365e-13 0)
(1.5 7.84403e-13 0)
(1.5 9.05228e-13 0)
(1.5 9.99727e-13 0)
(1.5 9.45951e-13 0)
(1.5 7.85262e-13 0)
(1.5 6.4333e-13 0)
(1.5 6.68624e-13 0)
(1.5 6.80639e-13 0)
(1.5 6.37884e-13 0)
(1.5 4.40799e-13 0)
(1.5 3.81169e-13 0)
(1.5 4.96447e-13 0)
(1.5 5.76811e-13 0)
(1.5 5.35346e-13 0)
(1.5 4.24168e-13 0)
(1.5 5.23565e-13 0)
(1.5 5.37577e-13 0)
(1.5 4.80387e-13 0)
(1.5 4.22655e-13 0)
(1.5 3.79804e-13 0)
(1.5 3.73203e-13 0)
(1.5 4.36684e-13 0)
(1.5 -2.12298e-14 0)
(1.5 -8.25652e-14 0)
(1.5 -1.01177e-13 0)
(1.5 -9.26084e-14 0)
(1.5 -3.82802e-14 0)
(1.5 7.21208e-14 0)
(1.5 1.26796e-13 0)
(1.5 1.36785e-13 0)
(1.5 1.19e-13 0)
(1.5 1.42343e-13 0)
(1.5 1.48894e-13 0)
(1.5 1.57821e-13 0)
(1.5 1.59574e-13 0)
(1.5 1.10254e-13 0)
(1.5 7.0522e-15 0)
(1.5 -7.13045e-14 0)
(1.5 -2.16349e-13 0)
(1.5 -9.72079e-14 0)
(1.5 -8.98688e-14 0)
(1.5 -4.9682e-15 0)
(1.5 4.98501e-14 0)
(1.5 6.89316e-14 0)
(1.5 1.83995e-13 0)
(1.5 2.47232e-13 0)
(1.5 3.35753e-13 0)
(1.5 3.54299e-13 0)
(1.5 3.16525e-13 0)
(1.5 3.13916e-13 0)
(1.5 3.00597e-13 0)
(1.5 3.25875e-13 0)
(1.5 2.5406e-13 0)
(1.5 2.27667e-13 0)
(1.5 2.38086e-13 0)
(1.5 1.56562e-13 0)
(1.5 1.71988e-14 0)
(1.5 -1.1574e-14 0)
(1.5 -1.06337e-13 0)
(1.5 -1.14956e-13 0)
(1.5 -2.41956e-13 0)
(1.5 -2.90745e-13 0)
(1.5 -1.68542e-13 0)
(1.5 -1.2449e-13 0)
(1.5 -8.1338e-14 0)
(1.5 1.88057e-14 0)
(1.5 5.38346e-14 0)
(1.5 2.95488e-14 0)
(1.5 -4.89404e-15 0)
(1.5 9.18546e-15 0)
(1.5 4.9223e-14 0)
(1.5 -1.68075e-15 0)
(1.5 -6.45343e-14 0)
(1.5 -4.04185e-15 0)
(1.5 4.96062e-14 0)
(1.5 8.48768e-14 0)
(1.5 1.17838e-13 0)
(1.5 1.78235e-13 0)
(1.5 2.29938e-13 0)
(1.5 2.01265e-13 0)
(1.5 2.06601e-13 0)
(1.5 1.82612e-13 0)
(1.5 1.19694e-13 0)
(1.5 1.57668e-15 0)
(1.5 -2.47718e-14 0)
(1.5 -9.91636e-14 0)
(1.5 -1.13836e-13 0)
(1.5 -8.91174e-14 0)
(1.5 -9.3682e-14 0)
(1.5 -6.9515e-14 0)
(1.5 -6.06731e-14 0)
(1.5 7.0962e-15 0)
(1.5 1.09383e-13 0)
(1.5 1.29088e-13 0)
(1.5 1.40275e-13 0)
(1.5 1.25738e-13 0)
(1.5 1.98096e-13 0)
(1.5 2.43077e-13 0)
(1.5 3.53783e-13 0)
(1.5 4.43552e-13 0)
(1.5 4.13327e-13 0)
(1.5 4.36454e-13 0)
(1.5 4.319e-13 0)
(1.5 4.18662e-13 0)
(1.5 4.29106e-13 0)
(1.5 3.91003e-13 0)
(1.5 2.92765e-13 0)
(1.5 2.04665e-13 0)
(1.5 1.43758e-13 0)
(1.5 2.56716e-13 0)
(1.5 2.64386e-13 0)
(1.5 2.41746e-13 0)
(1.5 3.61869e-13 0)
(1.5 3.70044e-13 0)
(1.5 2.57267e-13 0)
(1.5 3.36554e-14 0)
(1.5 -3.26693e-14 0)
(1.5 4.35425e-14 0)
(1.5 6.86831e-14 0)
(1.5 7.46764e-14 0)
(1.5 5.92085e-14 0)
(1.5 5.39184e-14 0)
(1.5 1.34216e-13 0)
(1.5 1.42193e-13 0)
(1.5 2.03056e-13 0)
(1.5 2.34162e-13 0)
(1.5 2.25775e-13 0)
(1.5 2.05722e-13 0)
(1.5 1.62835e-13 0)
(1.5 1.82069e-13 0)
(1.5 8.69449e-14 0)
(1.5 4.70601e-14 0)
(1.5 8.27807e-14 0)
(1.5 7.26121e-14 0)
(1.5 -1.00836e-15 0)
(1.5 -1.02181e-13 0)
(1.5 -1.81245e-13 0)
(1.5 -2.63619e-13 0)
(1.5 -2.9491e-13 0)
(1.5 -4.06136e-13 0)
(1.5 -5.25087e-13 0)
(1.5 -4.89032e-13 0)
(1.5 -3.76395e-13 0)
(1.5 -3.66868e-13 0)
(1.5 -3.90835e-13 0)
(1.5 -4.99012e-13 0)
(1.5 -5.55385e-13 0)
(1.5 -4.40619e-13 0)
(1.5 -4.92513e-13 0)
(1.5 -4.07721e-13 0)
(1.5 -3.76634e-13 0)
(1.5 -4.27438e-13 0)
(1.5 -4.20506e-13 0)
(1.5 -3.90558e-13 0)
(1.5 -3.83659e-13 0)
(1.5 -2.90846e-13 0)
(1.5 -2.05945e-13 0)
(1.5 -1.15889e-13 0)
(1.5 1.14298e-14 0)
(1.5 -2.70519e-14 0)
(1.5 -6.03963e-14 0)
(1.5 -8.37667e-14 0)
(1.5 -4.00562e-14 0)
(1.5 7.83561e-14 0)
(1.5 1.88937e-13 0)
(1.5 1.9845e-13 0)
(1.5 2.41035e-13 0)
(1.5 3.48617e-13 0)
(1.5 3.65286e-13 0)
(1.5 3.44127e-13 0)
(1.5 3.62261e-13 0)
(1.5 3.46673e-13 0)
(1.5 3.48203e-13 0)
(1.5 3.07622e-13 0)
(1.5 2.06051e-13 0)
(1.5 1.24296e-14 0)
(1.5 -7.69052e-14 0)
(1.5 2.03536e-14 0)
(1.5 7.00996e-14 0)
(1.5 1.03368e-13 0)
(1.5 7.1858e-14 0)
(1.5 1.23714e-13 0)
(1.5 2.33664e-13 0)
(1.5 3.02533e-13 0)
(1.5 4.41577e-13 0)
(1.5 5.55762e-13 0)
(1.5 5.05395e-13 0)
(1.5 3.87794e-13 0)
(1.5 3.09005e-13 0)
(1.5 1.07237e-13 0)
(1.5 8.93871e-14 0)
(1.5 5.69966e-14 0)
(1.5 2.41522e-13 0)
(1.5 3.67331e-13 0)
(1.5 4.41662e-13 0)
(1.5 5.88543e-13 0)
(1.5 5.97344e-13 0)
(1.5 6.70294e-13 0)
(1.5 6.94297e-13 0)
(1.5 7.56606e-13 0)
(1.5 8.18003e-13 0)
(1.5 7.75246e-13 0)
(1.5 8.09525e-13 0)
(1.5 8.48153e-13 0)
(1.5 8.32138e-13 0)
(1.5 8.25221e-13 0)
(1.5 7.04184e-13 0)
(1.5 6.28256e-13 0)
(1.5 5.36711e-13 0)
(1.5 3.95291e-13 0)
(1.5 3.63499e-13 0)
(1.5 5.02038e-13 0)
(1.5 5.67628e-13 0)
(1.5 5.54052e-13 0)
(1.5 5.44699e-13 0)
(1.5 5.85156e-13 0)
(1.5 5.58924e-13 0)
(1.5 6.19759e-13 0)
(1.5 6.07173e-13 0)
(1.5 5.9822e-13 0)
(1.5 4.81347e-13 0)
(1.5 4.25366e-13 0)
(1.5 -1.19182e-14 0)
(1.5 1.97926e-15 0)
(1.5 -5.35371e-14 0)
(1.5 -8.62251e-14 0)
(1.5 -6.70062e-15 0)
(1.5 1.17591e-13 0)
(1.5 1.4266e-13 0)
(1.5 2.08738e-13 0)
(1.5 2.6284e-13 0)
(1.5 3.28749e-13 0)
(1.5 3.09738e-13 0)
(1.5 2.79111e-13 0)
(1.5 2.22673e-13 0)
(1.5 1.46735e-13 0)
(1.5 7.49999e-14 0)
(1.5 1.02716e-14 0)
(1.5 -9.33656e-14 0)
(1.5 -3.67228e-14 0)
(1.5 -4.07766e-14 0)
(1.5 9.17669e-16 0)
(1.5 4.98531e-14 0)
(1.5 8.17527e-14 0)
(1.5 2.09001e-13 0)
(1.5 2.64477e-13 0)
(1.5 2.9338e-13 0)
(1.5 3.70047e-13 0)
(1.5 4.01181e-13 0)
(1.5 4.13854e-13 0)
(1.5 3.66086e-13 0)
(1.5 3.37006e-13 0)
(1.5 2.27397e-13 0)
(1.5 2.16392e-13 0)
(1.5 1.98886e-13 0)
(1.5 1.45287e-13 0)
(1.5 3.29063e-14 0)
(1.5 -3.46536e-14 0)
(1.5 -1.70716e-13 0)
(1.5 -2.07075e-13 0)
(1.5 -3.36284e-13 0)
(1.5 -2.71183e-13 0)
(1.5 -2.00079e-13 0)
(1.5 -1.6163e-13 0)
(1.5 -1.78793e-13 0)
(1.5 -9.5147e-14 0)
(1.5 -4.02094e-15 0)
(1.5 -1.53988e-14 0)
(1.5 -6.82345e-14 0)
(1.5 -1.32462e-13 0)
(1.5 -1.30213e-13 0)
(1.5 -1.67932e-13 0)
(1.5 -2.20206e-13 0)
(1.5 -1.89243e-13 0)
(1.5 -1.28463e-13 0)
(1.5 -6.69562e-14 0)
(1.5 -3.39778e-14 0)
(1.5 1.10747e-13 0)
(1.5 2.01387e-13 0)
(1.5 1.52033e-13 0)
(1.5 1.34046e-13 0)
(1.5 1.59299e-13 0)
(1.5 1.03956e-13 0)
(1.5 2.20811e-14 0)
(1.5 1.07134e-14 0)
(1.5 -2.09228e-14 0)
(1.5 -7.6054e-14 0)
(1.5 -6.13893e-14 0)
(1.5 -9.17499e-14 0)
(1.5 -2.06093e-14 0)
(1.5 -5.12193e-14 0)
(1.5 -5.75147e-14 0)
(1.5 -1.10049e-14 0)
(1.5 -7.10088e-15 0)
(1.5 6.9977e-14 0)
(1.5 9.46539e-14 0)
(1.5 1.45115e-13 0)
(1.5 2.0013e-13 0)
(1.5 2.61671e-13 0)
(1.5 4.17641e-13 0)
(1.5 4.319e-13 0)
(1.5 4.90894e-13 0)
(1.5 4.77943e-13 0)
(1.5 4.79363e-13 0)
(1.5 4.73678e-13 0)
(1.5 4.5807e-13 0)
(1.5 2.75841e-13 0)
(1.5 1.18906e-13 0)
(1.5 8.9616e-14 0)
(1.5 2.56131e-13 0)
(1.5 2.95436e-13 0)
(1.5 2.36768e-13 0)
(1.5 4.36406e-13 0)
(1.5 5.27341e-13 0)
(1.5 4.73037e-13 0)
(1.5 2.63873e-13 0)
(1.5 2.00327e-13 0)
(1.5 2.56837e-13 0)
(1.5 2.36219e-13 0)
(1.5 1.95693e-13 0)
(1.5 1.53916e-13 0)
(1.5 9.81578e-14 0)
(1.5 1.30613e-13 0)
(1.5 1.28817e-13 0)
(1.5 1.23669e-13 0)
(1.5 7.72761e-14 0)
(1.5 6.25872e-14 0)
(1.5 1.05053e-13 0)
(1.5 1.17096e-13 0)
(1.5 1.83197e-13 0)
(1.5 1.24714e-13 0)
(1.5 4.14342e-14 0)
(1.5 1.19936e-13 0)
(1.5 9.64248e-14 0)
(1.5 1.84175e-14 0)
(1.5 -7.46316e-14 0)
(1.5 -2.72983e-13 0)
(1.5 -3.26797e-13 0)
(1.5 -3.49716e-13 0)
(1.5 -4.11703e-13 0)
(1.5 -4.7113e-13 0)
(1.5 -4.13691e-13 0)
(1.5 -3.29367e-13 0)
(1.5 -3.32269e-13 0)
(1.5 -3.99155e-13 0)
(1.5 -5.30961e-13 0)
(1.5 -5.68576e-13 0)
(1.5 -4.03287e-13 0)
(1.5 -4.1341e-13 0)
(1.5 -3.20551e-13 0)
(1.5 -3.5279e-13 0)
(1.5 -4.11869e-13 0)
(1.5 -4.45023e-13 0)
(1.5 -3.75567e-13 0)
(1.5 -2.55414e-13 0)
(1.5 -2.02055e-13 0)
(1.5 -1.63997e-13 0)
(1.5 9.22156e-15 0)
(1.5 1.44408e-13 0)
(1.5 8.40676e-14 0)
(1.5 -1.90183e-14 0)
(1.5 -7.26837e-14 0)
(1.5 -1.4046e-13 0)
(1.5 -1.57628e-13 0)
(1.5 -9.28529e-14 0)
(1.5 -3.72006e-14 0)
(1.5 1.54314e-14 0)
(1.5 6.97963e-14 0)
(1.5 7.38386e-14 0)
(1.5 1.28762e-13 0)
(1.5 1.70063e-13 0)
(1.5 1.91792e-13 0)
(1.5 2.03989e-13 0)
(1.5 1.9988e-13 0)
(1.5 1.93499e-13 0)
(1.5 1.84679e-13 0)
(1.5 2.47409e-13 0)
(1.5 2.70192e-13 0)
(1.5 3.04618e-13 0)
(1.5 3.63478e-13 0)
(1.5 2.86194e-13 0)
(1.5 2.15646e-13 0)
(1.5 2.15808e-13 0)
(1.5 1.77177e-13 0)
(1.5 2.73049e-13 0)
(1.5 3.98828e-13 0)
(1.5 4.32075e-13 0)
(1.5 3.74791e-13 0)
(1.5 3.42219e-13 0)
(1.5 1.62449e-13 0)
(1.5 1.6739e-13 0)
(1.5 2.17315e-13 0)
(1.5 3.18376e-13 0)
(1.5 4.02615e-13 0)
(1.5 5.05383e-13 0)
(1.5 5.71626e-13 0)
(1.5 6.314e-13 0)
(1.5 6.09213e-13 0)
(1.5 5.59228e-13 0)
(1.5 5.99339e-13 0)
(1.5 6.9957e-13 0)
(1.5 6.68991e-13 0)
(1.5 6.43605e-13 0)
(1.5 6.6998e-13 0)
(1.5 7.26637e-13 0)
(1.5 8.14742e-13 0)
(1.5 7.52168e-13 0)
(1.5 7.00793e-13 0)
(1.5 5.92094e-13 0)
(1.5 5.9926e-13 0)
(1.5 6.30212e-13 0)
(1.5 5.80077e-13 0)
(1.5 4.97453e-13 0)
(1.5 4.67213e-13 0)
(1.5 6.08384e-13 0)
(1.5 6.65752e-13 0)
(1.5 6.3316e-13 0)
(1.5 7.17399e-13 0)
(1.5 8.16923e-13 0)
(1.5 8.46331e-13 0)
(1.5 6.9358e-13 0)
(1.5 5.57843e-13 0)
(1.5 -3.05781e-14 0)
(1.5 -4.73997e-14 0)
(1.5 -6.14839e-14 0)
(1.5 -9.46099e-14 0)
(1.5 -5.84452e-14 0)
(1.5 3.32314e-14 0)
(1.5 4.99824e-14 0)
(1.5 1.34237e-13 0)
(1.5 2.63731e-13 0)
(1.5 3.54768e-13 0)
(1.5 2.65452e-13 0)
(1.5 1.9692e-13 0)
(1.5 1.54053e-13 0)
(1.5 1.00874e-13 0)
(1.5 1.05183e-13 0)
(1.5 3.56763e-14 0)
(1.5 -1.5368e-14 0)
(1.5 -6.93218e-14 0)
(1.5 -6.05072e-14 0)
(1.5 1.26655e-14 0)
(1.5 9.72646e-15 0)
(1.5 4.72344e-14 0)
(1.5 1.15073e-13 0)
(1.5 1.86012e-13 0)
(1.5 2.45092e-13 0)
(1.5 3.37462e-13 0)
(1.5 3.60457e-13 0)
(1.5 4.27817e-13 0)
(1.5 4.10841e-13 0)
(1.5 3.71684e-13 0)
(1.5 3.10441e-13 0)
(1.5 2.86927e-13 0)
(1.5 2.19192e-13 0)
(1.5 1.94311e-13 0)
(1.5 1.11655e-13 0)
(1.5 -3.90615e-14 0)
(1.5 -1.42639e-13 0)
(1.5 -1.27239e-13 0)
(1.5 -1.76994e-13 0)
(1.5 -1.78316e-13 0)
(1.5 -1.8792e-13 0)
(1.5 -1.56115e-13 0)
(1.5 -1.48269e-13 0)
(1.5 -1.01989e-13 0)
(1.5 -6.80151e-14 0)
(1.5 -3.82276e-14 0)
(1.5 -2.85599e-14 0)
(1.5 -9.45863e-14 0)
(1.5 -1.69694e-13 0)
(1.5 -1.89908e-13 0)
(1.5 -1.73177e-13 0)
(1.5 -1.73535e-13 0)
(1.5 -1.77584e-13 0)
(1.5 -1.27776e-13 0)
(1.5 -6.37375e-14 0)
(1.5 -1.26455e-14 0)
(1.5 3.76856e-14 0)
(1.5 7.39815e-14 0)
(1.5 6.44933e-14 0)
(1.5 8.92822e-14 0)
(1.5 1.02192e-13 0)
(1.5 7.95598e-14 0)
(1.5 1.18769e-13 0)
(1.5 1.12747e-13 0)
(1.5 4.63183e-14 0)
(1.5 2.25868e-14 0)
(1.5 5.13334e-14 0)
(1.5 9.78248e-14 0)
(1.5 5.77238e-14 0)
(1.5 8.30859e-15 0)
(1.5 -7.26448e-14 0)
(1.5 -5.33833e-14 0)
(1.5 2.23702e-14 0)
(1.5 6.93317e-14 0)
(1.5 1.03812e-13 0)
(1.5 1.45695e-13 0)
(1.5 1.41393e-13 0)
(1.5 3.03798e-13 0)
(1.5 4.20792e-13 0)
(1.5 4.19176e-13 0)
(1.5 3.77929e-13 0)
(1.5 3.67093e-13 0)
(1.5 3.54103e-13 0)
(1.5 3.73548e-13 0)
(1.5 2.70655e-13 0)
(1.5 1.83254e-13 0)
(1.5 2.04496e-13 0)
(1.5 2.81734e-13 0)
(1.5 3.33677e-13 0)
(1.5 3.32467e-13 0)
(1.5 4.25109e-13 0)
(1.5 5.01891e-13 0)
(1.5 4.90326e-13 0)
(1.5 4.09631e-13 0)
(1.5 4.00824e-13 0)
(1.5 4.49988e-13 0)
(1.5 5.03231e-13 0)
(1.5 3.95422e-13 0)
(1.5 1.86911e-13 0)
(1.5 1.4911e-13 0)
(1.5 2.06425e-13 0)
(1.5 2.32887e-13 0)
(1.5 1.33402e-13 0)
(1.5 2.13388e-14 0)
(1.5 3.5449e-14 0)
(1.5 8.8891e-14 0)
(1.5 7.44191e-14 0)
(1.5 1.13219e-13 0)
(1.5 8.22302e-14 0)
(1.5 7.45547e-14 0)
(1.5 3.58299e-14 0)
(1.5 -2.65304e-14 0)
(1.5 -3.56515e-14 0)
(1.5 -9.89521e-14 0)
(1.5 -2.37767e-13 0)
(1.5 -3.57045e-13 0)
(1.5 -4.65442e-13 0)
(1.5 -4.64812e-13 0)
(1.5 -3.98317e-13 0)
(1.5 -2.85304e-13 0)
(1.5 -2.78454e-13 0)
(1.5 -3.15963e-13 0)
(1.5 -3.83955e-13 0)
(1.5 -4.74052e-13 0)
(1.5 -5.1084e-13 0)
(1.5 -5.00811e-13 0)
(1.5 -4.81224e-13 0)
(1.5 -3.47265e-13 0)
(1.5 -2.99065e-13 0)
(1.5 -2.72982e-13 0)
(1.5 -2.29406e-13 0)
(1.5 -1.85768e-13 0)
(1.5 -4.92728e-14 0)
(1.5 -6.04613e-14 0)
(1.5 -4.24593e-15 0)
(1.5 1.38137e-13 0)
(1.5 2.01145e-13 0)
(1.5 2.37311e-13 0)
(1.5 1.64656e-13 0)
(1.5 7.84147e-14 0)
(1.5 -2.25783e-14 0)
(1.5 -9.77501e-14 0)
(1.5 -1.76447e-13 0)
(1.5 -9.4962e-14 0)
(1.5 -5.21021e-14 0)
(1.5 -5.96838e-14 0)
(1.5 -7.34236e-14 0)
(1.5 -6.89118e-14 0)
(1.5 -1.27305e-14 0)
(1.5 2.88064e-14 0)
(1.5 5.66569e-14 0)
(1.5 1.90898e-13 0)
(1.5 2.46739e-13 0)
(1.5 3.8083e-13 0)
(1.5 5.24501e-13 0)
(1.5 5.661e-13 0)
(1.5 5.50308e-13 0)
(1.5 4.7911e-13 0)
(1.5 4.11579e-13 0)
(1.5 2.9952e-13 0)
(1.5 1.4367e-13 0)
(1.5 7.53044e-14 0)
(1.5 1.41766e-13 0)
(1.5 2.59026e-13 0)
(1.5 3.65016e-13 0)
(1.5 3.8184e-13 0)
(1.5 3.43845e-13 0)
(1.5 3.00219e-13 0)
(1.5 3.56947e-13 0)
(1.5 4.12404e-13 0)
(1.5 4.12842e-13 0)
(1.5 4.47989e-13 0)
(1.5 5.74211e-13 0)
(1.5 5.55384e-13 0)
(1.5 5.71253e-13 0)
(1.5 5.10445e-13 0)
(1.5 4.46913e-13 0)
(1.5 4.4232e-13 0)
(1.5 5.44692e-13 0)
(1.5 6.27548e-13 0)
(1.5 6.56291e-13 0)
(1.5 6.59576e-13 0)
(1.5 6.59475e-13 0)
(1.5 7.66134e-13 0)
(1.5 7.92589e-13 0)
(1.5 8.14105e-13 0)
(1.5 7.56798e-13 0)
(1.5 8.0802e-13 0)
(1.5 8.80522e-13 0)
(1.5 7.97611e-13 0)
(1.5 6.39921e-13 0)
(1.5 5.36888e-13 0)
(1.5 7.51613e-13 0)
(1.5 8.11156e-13 0)
(1.5 7.50174e-13 0)
(1.5 7.59532e-13 0)
(1.5 8.87623e-13 0)
(1.5 9.07095e-13 0)
(1.5 7.99081e-13 0)
(1.5 6.38562e-13 0)
(1.5 1.14903e-14 0)
(1.5 -5.82558e-14 0)
(1.5 -7.12055e-14 0)
(1.5 -9.32412e-14 0)
(1.5 -9.83222e-14 0)
(1.5 1.21046e-15 0)
(1.5 6.00736e-14 0)
(1.5 1.21868e-13 0)
(1.5 1.79124e-13 0)
(1.5 2.73287e-13 0)
(1.5 2.86851e-13 0)
(1.5 1.64203e-13 0)
(1.5 9.14661e-14 0)
(1.5 7.08791e-14 0)
(1.5 1.16705e-13 0)
(1.5 8.40843e-14 0)
(1.5 5.89876e-14 0)
(1.5 6.04624e-15 0)
(1.5 8.72194e-15 0)
(1.5 5.4971e-14 0)
(1.5 2.03516e-14 0)
(1.5 1.79013e-15 0)
(1.5 -5.13637e-15 0)
(1.5 6.20607e-14 0)
(1.5 1.47927e-13 0)
(1.5 2.00613e-13 0)
(1.5 2.30591e-13 0)
(1.5 3.42425e-13 0)
(1.5 4.16634e-13 0)
(1.5 3.44345e-13 0)
(1.5 3.39092e-13 0)
(1.5 2.95113e-13 0)
(1.5 2.26583e-13 0)
(1.5 1.49004e-13 0)
(1.5 9.03716e-14 0)
(1.5 -1.84055e-14 0)
(1.5 -5.90009e-14 0)
(1.5 -9.55253e-14 0)
(1.5 -1.75587e-14 0)
(1.5 -1.12255e-13 0)
(1.5 -1.95373e-13 0)
(1.5 -1.97111e-13 0)
(1.5 -1.22853e-13 0)
(1.5 -1.26538e-13 0)
(1.5 -1.99657e-13 0)
(1.5 -1.5758e-13 0)
(1.5 -1.4169e-13 0)
(1.5 -1.03772e-13 0)
(1.5 -1.0232e-13 0)
(1.5 -9.66917e-14 0)
(1.5 -5.76931e-14 0)
(1.5 -7.42532e-14 0)
(1.5 -9.78313e-14 0)
(1.5 -8.15366e-14 0)
(1.5 -1.39888e-14 0)
(1.5 -8.46842e-14 0)
(1.5 -1.15556e-13 0)
(1.5 -3.17058e-14 0)
(1.5 2.09031e-14 0)
(1.5 5.49273e-15 0)
(1.5 2.20164e-14 0)
(1.5 2.16865e-14 0)
(1.5 5.00032e-14 0)
(1.5 5.46116e-14 0)
(1.5 6.74649e-14 0)
(1.5 7.63242e-14 0)
(1.5 7.4407e-14 0)
(1.5 4.47099e-14 0)
(1.5 5.13855e-15 0)
(1.5 2.28253e-14 0)
(1.5 -4.56294e-14 0)
(1.5 2.49671e-14 0)
(1.5 5.35059e-14 0)
(1.5 1.21068e-13 0)
(1.5 1.99457e-13 0)
(1.5 2.49569e-13 0)
(1.5 2.42134e-13 0)
(1.5 2.73973e-13 0)
(1.5 3.78559e-13 0)
(1.5 3.77504e-13 0)
(1.5 3.35341e-13 0)
(1.5 3.13489e-13 0)
(1.5 3.71908e-13 0)
(1.5 3.65427e-13 0)
(1.5 2.98183e-13 0)
(1.5 3.20942e-13 0)
(1.5 3.50016e-13 0)
(1.5 3.43088e-13 0)
(1.5 3.38844e-13 0)
(1.5 4.03166e-13 0)
(1.5 3.18894e-13 0)
(1.5 3.36063e-13 0)
(1.5 3.55138e-13 0)
(1.5 4.51325e-13 0)
(1.5 4.49694e-13 0)
(1.5 4.81824e-13 0)
(1.5 5.92515e-13 0)
(1.5 4.52331e-13 0)
(1.5 3.07987e-13 0)
(1.5 3.30842e-13 0)
(1.5 3.35776e-13 0)
(1.5 2.75018e-13 0)
(1.5 1.51949e-13 0)
(1.5 8.10355e-14 0)
(1.5 1.70735e-13 0)
(1.5 1.99506e-13 0)
(1.5 1.55656e-13 0)
(1.5 1.57156e-13 0)
(1.5 1.16088e-13 0)
(1.5 1.11755e-13 0)
(1.5 1.54757e-14 0)
(1.5 -7.73915e-14 0)
(1.5 -1.14968e-13 0)
(1.5 -1.53087e-13 0)
(1.5 -1.46265e-13 0)
(1.5 -2.90004e-13 0)
(1.5 -4.31722e-13 0)
(1.5 -3.98435e-13 0)
(1.5 -3.74955e-13 0)
(1.5 -3.37028e-13 0)
(1.5 -3.31524e-13 0)
(1.5 -3.7479e-13 0)
(1.5 -3.89906e-13 0)
(1.5 -3.7913e-13 0)
(1.5 -3.96966e-13 0)
(1.5 -4.61477e-13 0)
(1.5 -4.9669e-13 0)
(1.5 -4.21809e-13 0)
(1.5 -3.63225e-13 0)
(1.5 -2.48448e-13 0)
(1.5 -1.60443e-13 0)
(1.5 -1.77337e-13 0)
(1.5 -1.94604e-14 0)
(1.5 -1.40995e-14 0)
(1.5 1.98912e-15 0)
(1.5 1.12242e-13 0)
(1.5 1.68855e-13 0)
(1.5 2.3204e-13 0)
(1.5 1.7855e-13 0)
(1.5 1.39927e-13 0)
(1.5 7.39316e-14 0)
(1.5 -8.69765e-14 0)
(1.5 -3.19549e-13 0)
(1.5 -2.60091e-13 0)
(1.5 -2.2382e-13 0)
(1.5 -1.99304e-13 0)
(1.5 -1.44953e-13 0)
(1.5 -2.72136e-13 0)
(1.5 -2.57331e-13 0)
(1.5 -1.44137e-13 0)
(1.5 -6.7686e-14 0)
(1.5 1.33244e-13 0)
(1.5 3.2951e-13 0)
(1.5 4.63084e-13 0)
(1.5 6.0302e-13 0)
(1.5 6.90524e-13 0)
(1.5 7.00814e-13 0)
(1.5 5.61232e-13 0)
(1.5 4.15571e-13 0)
(1.5 3.11912e-13 0)
(1.5 1.5704e-13 0)
(1.5 1.30829e-13 0)
(1.5 1.96635e-13 0)
(1.5 2.00433e-13 0)
(1.5 3.24614e-13 0)
(1.5 3.26805e-13 0)
(1.5 2.9097e-13 0)
(1.5 4.51863e-13 0)
(1.5 5.48596e-13 0)
(1.5 5.53499e-13 0)
(1.5 5.02916e-13 0)
(1.5 4.15446e-13 0)
(1.5 5.03915e-13 0)
(1.5 4.92087e-13 0)
(1.5 5.45186e-13 0)
(1.5 4.98134e-13 0)
(1.5 4.75719e-13 0)
(1.5 5.42027e-13 0)
(1.5 5.25899e-13 0)
(1.5 5.2031e-13 0)
(1.5 5.98877e-13 0)
(1.5 6.51395e-13 0)
(1.5 7.23726e-13 0)
(1.5 8.32168e-13 0)
(1.5 9.04493e-13 0)
(1.5 8.84891e-13 0)
(1.5 8.24882e-13 0)
(1.5 9.49324e-13 0)
(1.5 9.80775e-13 0)
(1.5 9.42888e-13 0)
(1.5 8.81876e-13 0)
(1.5 7.57566e-13 0)
(1.5 7.84999e-13 0)
(1.5 7.97232e-13 0)
(1.5 7.62405e-13 0)
(1.5 7.14708e-13 0)
(1.5 6.96416e-13 0)
(1.5 7.42308e-13 0)
(1.5 7.14584e-13 0)
(1.5 6.36569e-13 0)
(1.5 4.26462e-14 0)
(1.5 -3.78177e-14 0)
(1.5 -1.03373e-13 0)
(1.5 -1.57299e-13 0)
(1.5 -1.61161e-13 0)
(1.5 -5.17413e-14 0)
(1.5 6.79769e-14 0)
(1.5 1.38475e-13 0)
(1.5 1.06856e-13 0)
(1.5 2.0519e-13 0)
(1.5 2.95922e-13 0)
(1.5 2.08082e-13 0)
(1.5 1.39389e-13 0)
(1.5 1.80631e-13 0)
(1.5 2.00534e-13 0)
(1.5 1.79175e-13 0)
(1.5 1.60211e-13 0)
(1.5 1.62722e-13 0)
(1.5 1.42517e-13 0)
(1.5 4.71626e-14 0)
(1.5 3.69887e-14 0)
(1.5 6.59244e-15 0)
(1.5 2.37079e-14 0)
(1.5 1.06768e-13 0)
(1.5 1.59639e-13 0)
(1.5 1.68889e-13 0)
(1.5 1.58022e-13 0)
(1.5 2.18937e-13 0)
(1.5 3.08436e-13 0)
(1.5 2.98856e-13 0)
(1.5 3.19882e-13 0)
(1.5 2.54197e-13 0)
(1.5 1.82413e-13 0)
(1.5 1.12141e-13 0)
(1.5 1.16346e-13 0)
(1.5 8.30383e-14 0)
(1.5 8.98503e-14 0)
(1.5 9.78145e-16 0)
(1.5 4.8508e-14 0)
(1.5 -2.53442e-14 0)
(1.5 -1.11882e-13 0)
(1.5 -1.12808e-13 0)
(1.5 -6.16862e-14 0)
(1.5 -9.80218e-14 0)
(1.5 -2.09333e-13 0)
(1.5 -2.01359e-13 0)
(1.5 -1.96807e-13 0)
(1.5 -1.05353e-13 0)
(1.5 -1.74666e-14 0)
(1.5 -2.37115e-14 0)
(1.5 4.6254e-15 0)
(1.5 -3.55048e-14 0)
(1.5 -7.17531e-14 0)
(1.5 -5.25187e-14 0)
(1.5 -2.67915e-14 0)
(1.5 -6.93223e-14 0)
(1.5 -9.91175e-14 0)
(1.5 -2.43245e-14 0)
(1.5 4.31639e-14 0)
(1.5 -2.3655e-15 0)
(1.5 -9.18636e-15 0)
(1.5 -1.89828e-14 0)
(1.5 -6.41556e-15 0)
(1.5 4.09134e-14 0)
(1.5 1.28442e-13 0)
(1.5 1.34745e-13 0)
(1.5 9.66952e-14 0)
(1.5 5.1917e-15 0)
(1.5 1.28819e-14 0)
(1.5 3.25513e-14 0)
(1.5 5.51467e-14 0)
(1.5 1.09804e-13 0)
(1.5 1.28383e-13 0)
(1.5 2.30247e-13 0)
(1.5 3.26471e-13 0)
(1.5 3.84052e-13 0)
(1.5 4.42641e-13 0)
(1.5 3.93365e-13 0)
(1.5 3.77792e-13 0)
(1.5 4.51174e-13 0)
(1.5 4.93616e-13 0)
(1.5 4.49038e-13 0)
(1.5 4.1939e-13 0)
(1.5 3.87593e-13 0)
(1.5 3.95689e-13 0)
(1.5 4.70547e-13 0)
(1.5 4.86127e-13 0)
(1.5 4.33023e-13 0)
(1.5 3.50972e-13 0)
(1.5 3.89709e-13 0)
(1.5 2.70828e-13 0)
(1.5 1.47675e-13 0)
(1.5 1.44053e-13 0)
(1.5 2.53812e-13 0)
(1.5 2.95279e-13 0)
(1.5 3.65376e-13 0)
(1.5 4.12624e-13 0)
(1.5 3.63962e-13 0)
(1.5 3.53066e-13 0)
(1.5 3.7199e-13 0)
(1.5 3.05507e-13 0)
(1.5 2.10937e-13 0)
(1.5 1.05339e-13 0)
(1.5 8.37696e-14 0)
(1.5 1.8066e-13 0)
(1.5 2.58246e-13 0)
(1.5 2.30126e-13 0)
(1.5 1.1379e-13 0)
(1.5 1.05914e-13 0)
(1.5 6.97438e-14 0)
(1.5 3.58008e-14 0)
(1.5 -4.30239e-14 0)
(1.5 -1.73432e-13 0)
(1.5 -2.33882e-13 0)
(1.5 -2.2234e-13 0)
(1.5 -2.86136e-13 0)
(1.5 -3.40272e-13 0)
(1.5 -2.86292e-13 0)
(1.5 -3.16731e-13 0)
(1.5 -3.74729e-13 0)
(1.5 -3.42374e-13 0)
(1.5 -3.59976e-13 0)
(1.5 -4.41474e-13 0)
(1.5 -3.88365e-13 0)
(1.5 -3.81126e-13 0)
(1.5 -4.35792e-13 0)
(1.5 -4.75345e-13 0)
(1.5 -5.33052e-13 0)
(1.5 -4.75741e-13 0)
(1.5 -3.84388e-13 0)
(1.5 -2.86033e-13 0)
(1.5 -2.74838e-13 0)
(1.5 -1.07918e-13 0)
(1.5 -8.44503e-15 0)
(1.5 -1.29843e-15 0)
(1.5 8.18701e-15 0)
(1.5 4.23912e-15 0)
(1.5 1.34037e-13 0)
(1.5 1.36422e-13 0)
(1.5 1.03872e-13 0)
(1.5 3.74921e-14 0)
(1.5 -1.86905e-13 0)
(1.5 -4.41377e-13 0)
(1.5 -4.57871e-13 0)
(1.5 -3.69918e-13 0)
(1.5 -2.38262e-13 0)
(1.5 -2.16505e-13 0)
(1.5 -3.2438e-13 0)
(1.5 -3.03956e-13 0)
(1.5 -2.15541e-13 0)
(1.5 -1.10209e-13 0)
(1.5 2.87186e-14 0)
(1.5 3.07739e-13 0)
(1.5 4.58398e-13 0)
(1.5 4.69099e-13 0)
(1.5 4.72073e-13 0)
(1.5 4.43982e-13 0)
(1.5 3.8242e-13 0)
(1.5 2.3357e-13 0)
(1.5 1.92941e-13 0)
(1.5 1.45035e-13 0)
(1.5 7.43085e-14 0)
(1.5 1.38566e-13 0)
(1.5 1.90035e-13 0)
(1.5 2.8656e-13 0)
(1.5 3.6073e-13 0)
(1.5 3.85234e-13 0)
(1.5 5.40796e-13 0)
(1.5 6.54818e-13 0)
(1.5 5.8806e-13 0)
(1.5 4.87629e-13 0)
(1.5 3.65753e-13 0)
(1.5 3.99222e-13 0)
(1.5 4.18486e-13 0)
(1.5 4.14834e-13 0)
(1.5 4.16759e-13 0)
(1.5 3.86786e-13 0)
(1.5 4.5969e-13 0)
(1.5 4.97679e-13 0)
(1.5 4.68986e-13 0)
(1.5 4.47593e-13 0)
(1.5 5.309e-13 0)
(1.5 6.78568e-13 0)
(1.5 7.63061e-13 0)
(1.5 8.39404e-13 0)
(1.5 8.31669e-13 0)
(1.5 7.91846e-13 0)
(1.5 9.31559e-13 0)
(1.5 9.7543e-13 0)
(1.5 8.55094e-13 0)
(1.5 7.76482e-13 0)
(1.5 6.88486e-13 0)
(1.5 6.28168e-13 0)
(1.5 5.85203e-13 0)
(1.5 6.18289e-13 0)
(1.5 5.95277e-13 0)
(1.5 5.12758e-13 0)
(1.5 5.48339e-13 0)
(1.5 5.94755e-13 0)
(1.5 5.9666e-13 0)
(1.5 -1.8872e-14 0)
(1.5 -5.8321e-14 0)
(1.5 -1.14505e-13 0)
(1.5 -2.29706e-13 0)
(1.5 -1.93083e-13 0)
(1.5 -1.66486e-13 0)
(1.5 -7.69393e-14 0)
(1.5 1.1887e-15 0)
(1.5 4.33168e-14 0)
(1.5 8.05291e-14 0)
(1.5 1.52138e-13 0)
(1.5 1.78227e-13 0)
(1.5 1.81951e-13 0)
(1.5 2.11939e-13 0)
(1.5 1.7236e-13 0)
(1.5 1.77348e-13 0)
(1.5 2.52679e-13 0)
(1.5 2.00791e-13 0)
(1.5 1.10129e-13 0)
(1.5 -3.96345e-15 0)
(1.5 5.65004e-15 0)
(1.5 8.08195e-15 0)
(1.5 5.19903e-14 0)
(1.5 1.35419e-13 0)
(1.5 1.34272e-13 0)
(1.5 1.26304e-13 0)
(1.5 1.41436e-13 0)
(1.5 1.077e-13 0)
(1.5 1.04562e-13 0)
(1.5 1.72634e-13 0)
(1.5 2.0501e-13 0)
(1.5 2.45044e-13 0)
(1.5 2.45723e-13 0)
(1.5 1.75382e-13 0)
(1.5 9.25476e-14 0)
(1.5 6.72074e-14 0)
(1.5 9.93132e-14 0)
(1.5 6.92747e-14 0)
(1.5 2.26496e-14 0)
(1.5 -1.04099e-14 0)
(1.5 -3.36516e-14 0)
(1.5 -7.23983e-14 0)
(1.5 -6.65647e-14 0)
(1.5 -1.23088e-13 0)
(1.5 -1.66559e-13 0)
(1.5 -2.15076e-13 0)
(1.5 -1.91908e-13 0)
(1.5 -1.00256e-13 0)
(1.5 -2.07687e-14 0)
(1.5 -1.7624e-14 0)
(1.5 -8.28116e-15 0)
(1.5 4.73986e-16 0)
(1.5 6.74522e-15 0)
(1.5 2.61938e-14 0)
(1.5 -2.40513e-14 0)
(1.5 -4.15245e-14 0)
(1.5 -3.032e-15 0)
(1.5 -2.07544e-14 0)
(1.5 6.65949e-15 0)
(1.5 1.52468e-14 0)
(1.5 4.73195e-14 0)
(1.5 8.76941e-14 0)
(1.5 7.44775e-14 0)
(1.5 1.11202e-13 0)
(1.5 1.63065e-13 0)
(1.5 1.36465e-13 0)
(1.5 1.09528e-13 0)
(1.5 6.55241e-14 0)
(1.5 1.11192e-13 0)
(1.5 9.25758e-14 0)
(1.5 5.43871e-14 0)
(1.5 4.33456e-15 0)
(1.5 1.16276e-13 0)
(1.5 2.1782e-13 0)
(1.5 3.16053e-13 0)
(1.5 3.60126e-13 0)
(1.5 4.41277e-13 0)
(1.5 4.59636e-13 0)
(1.5 4.1273e-13 0)
(1.5 4.62682e-13 0)
(1.5 4.90083e-13 0)
(1.5 4.61224e-13 0)
(1.5 4.09172e-13 0)
(1.5 3.86341e-13 0)
(1.5 4.86705e-13 0)
(1.5 4.92648e-13 0)
(1.5 4.97427e-13 0)
(1.5 4.16692e-13 0)
(1.5 3.62831e-13 0)
(1.5 3.30162e-13 0)
(1.5 2.44403e-13 0)
(1.5 7.73385e-14 0)
(1.5 3.66816e-14 0)
(1.5 8.86963e-14 0)
(1.5 1.42079e-13 0)
(1.5 2.07491e-13 0)
(1.5 2.20093e-13 0)
(1.5 2.11066e-13 0)
(1.5 2.03807e-13 0)
(1.5 1.94955e-13 0)
(1.5 2.12146e-13 0)
(1.5 1.87598e-13 0)
(1.5 8.82329e-14 0)
(1.5 1.14896e-13 0)
(1.5 1.42763e-13 0)
(1.5 2.00066e-13 0)
(1.5 1.96765e-13 0)
(1.5 9.34244e-14 0)
(1.5 9.87765e-14 0)
(1.5 5.35212e-14 0)
(1.5 1.36134e-14 0)
(1.5 -6.25845e-14 0)
(1.5 -1.77052e-13 0)
(1.5 -3.11504e-13 0)
(1.5 -3.37506e-13 0)
(1.5 -2.71354e-13 0)
(1.5 -2.12265e-13 0)
(1.5 -1.52909e-13 0)
(1.5 -1.87674e-13 0)
(1.5 -2.52746e-13 0)
(1.5 -1.9636e-13 0)
(1.5 -1.86345e-13 0)
(1.5 -3.07257e-13 0)
(1.5 -3.43346e-13 0)
(1.5 -3.63018e-13 0)
(1.5 -4.49664e-13 0)
(1.5 -4.5004e-13 0)
(1.5 -5.29209e-13 0)
(1.5 -5.36616e-13 0)
(1.5 -5.43269e-13 0)
(1.5 -4.79159e-13 0)
(1.5 -4.2807e-13 0)
(1.5 -2.66511e-13 0)
(1.5 -1.27055e-13 0)
(1.5 -1.24033e-13 0)
(1.5 -1.78975e-13 0)
(1.5 -2.02997e-13 0)
(1.5 -3.75403e-14 0)
(1.5 6.63597e-14 0)
(1.5 -1.4209e-14 0)
(1.5 -1.88709e-13 0)
(1.5 -3.87554e-13 0)
(1.5 -5.56904e-13 0)
(1.5 -5.96159e-13 0)
(1.5 -4.95464e-13 0)
(1.5 -3.87135e-13 0)
(1.5 -4.47424e-13 0)
(1.5 -4.90942e-13 0)
(1.5 -3.5311e-13 0)
(1.5 -2.10256e-13 0)
(1.5 -1.69946e-13 0)
(1.5 -1.38868e-13 0)
(1.5 3.29788e-14 0)
(1.5 1.59487e-13 0)
(1.5 1.60591e-13 0)
(1.5 1.13665e-13 0)
(1.5 5.1333e-14 0)
(1.5 3.58522e-14 0)
(1.5 3.28626e-14 0)
(1.5 1.09826e-13 0)
(1.5 1.16285e-13 0)
(1.5 -1.33458e-14 0)
(1.5 1.73741e-14 0)
(1.5 1.15358e-13 0)
(1.5 1.18008e-13 0)
(1.5 2.16826e-13 0)
(1.5 3.87835e-13 0)
(1.5 5.87811e-13 0)
(1.5 6.75235e-13 0)
(1.5 6.40172e-13 0)
(1.5 4.64947e-13 0)
(1.5 3.21158e-13 0)
(1.5 2.78538e-13 0)
(1.5 2.41148e-13 0)
(1.5 2.13798e-13 0)
(1.5 2.83019e-13 0)
(1.5 2.53744e-13 0)
(1.5 2.72306e-13 0)
(1.5 4.5245e-13 0)
(1.5 5.47479e-13 0)
(1.5 4.95139e-13 0)
(1.5 4.98109e-13 0)
(1.5 5.79713e-13 0)
(1.5 6.05579e-13 0)
(1.5 6.34201e-13 0)
(1.5 6.76193e-13 0)
(1.5 7.33044e-13 0)
(1.5 7.62081e-13 0)
(1.5 8.22794e-13 0)
(1.5 6.89337e-13 0)
(1.5 5.47766e-13 0)
(1.5 5.01895e-13 0)
(1.5 4.90868e-13 0)
(1.5 4.62306e-13 0)
(1.5 4.54651e-13 0)
(1.5 4.17065e-13 0)
(1.5 4.13103e-13 0)
(1.5 4.1213e-13 0)
(1.5 5.45987e-13 0)
(1.5 5.57423e-13 0)
(1.5 -8.43597e-14 0)
(1.5 -1.10572e-13 0)
(1.5 -1.65153e-13 0)
(1.5 -2.34613e-13 0)
(1.5 -2.16317e-13 0)
(1.5 -1.77632e-13 0)
(1.5 -8.90029e-14 0)
(1.5 -4.3976e-14 0)
(1.5 5.13109e-14 0)
(1.5 5.48131e-14 0)
(1.5 7.89383e-14 0)
(1.5 1.20092e-13 0)
(1.5 1.43356e-13 0)
(1.5 1.15853e-13 0)
(1.5 6.58412e-14 0)
(1.5 1.8454e-13 0)
(1.5 2.43432e-13 0)
(1.5 1.81878e-13 0)
(1.5 7.41683e-14 0)
(1.5 1.35439e-14 0)
(1.5 -1.06197e-14 0)
(1.5 2.97914e-14 0)
(1.5 -1.43439e-14 0)
(1.5 3.54181e-15 0)
(1.5 2.48445e-14 0)
(1.5 2.47237e-14 0)
(1.5 1.13059e-13 0)
(1.5 1.07985e-13 0)
(1.5 5.5738e-14 0)
(1.5 9.51689e-14 0)
(1.5 1.14895e-13 0)
(1.5 2.30674e-13 0)
(1.5 2.38176e-13 0)
(1.5 2.04554e-13 0)
(1.5 8.29094e-14 0)
(1.5 -6.51648e-16 0)
(1.5 -6.25839e-16 0)
(1.5 -7.35801e-15 0)
(1.5 -3.31573e-14 0)
(1.5 6.44838e-15 0)
(1.5 -3.17618e-14 0)
(1.5 -1.65209e-13 0)
(1.5 -2.01422e-13 0)
(1.5 -2.64415e-13 0)
(1.5 -2.02727e-13 0)
(1.5 -2.4872e-13 0)
(1.5 -1.87207e-13 0)
(1.5 -1.80289e-13 0)
(1.5 -1.6326e-13 0)
(1.5 -7.09118e-14 0)
(1.5 -1.00814e-13 0)
(1.5 -5.72046e-14 0)
(1.5 -5.97214e-16 0)
(1.5 -6.40952e-15 0)
(1.5 -1.14214e-13 0)
(1.5 -1.49156e-13 0)
(1.5 -8.86583e-14 0)
(1.5 -9.28365e-14 0)
(1.5 -1.30354e-13 0)
(1.5 -5.84544e-14 0)
(1.5 3.63443e-14 0)
(1.5 1.26944e-13 0)
(1.5 1.10875e-13 0)
(1.5 8.77734e-14 0)
(1.5 5.97228e-14 0)
(1.5 8.60984e-14 0)
(1.5 7.75275e-14 0)
(1.5 8.85678e-14 0)
(1.5 9.38693e-14 0)
(1.5 2.7459e-14 0)
(1.5 2.63444e-14 0)
(1.5 8.31896e-15 0)
(1.5 5.87146e-14 0)
(1.5 5.41746e-14 0)
(1.5 1.21806e-13 0)
(1.5 2.26327e-13 0)
(1.5 2.80136e-13 0)
(1.5 3.36825e-13 0)
(1.5 3.28801e-13 0)
(1.5 3.39139e-13 0)
(1.5 3.97549e-13 0)
(1.5 4.01129e-13 0)
(1.5 4.31806e-13 0)
(1.5 4.54651e-13 0)
(1.5 4.95207e-13 0)
(1.5 4.75535e-13 0)
(1.5 4.35932e-13 0)
(1.5 3.10192e-13 0)
(1.5 3.30043e-13 0)
(1.5 3.13432e-13 0)
(1.5 2.31912e-13 0)
(1.5 9.24673e-14 0)
(1.5 6.75852e-15 0)
(1.5 1.56895e-14 0)
(1.5 9.54788e-14 0)
(1.5 8.93766e-14 0)
(1.5 6.66524e-14 0)
(1.5 4.92982e-14 0)
(1.5 9.73451e-14 0)
(1.5 1.40656e-13 0)
(1.5 1.40099e-13 0)
(1.5 1.09885e-13 0)
(1.5 4.43139e-14 0)
(1.5 1.33097e-13 0)
(1.5 1.58561e-13 0)
(1.5 1.13298e-13 0)
(1.5 1.63851e-13 0)
(1.5 1.55482e-13 0)
(1.5 5.22454e-14 0)
(1.5 -4.21978e-14 0)
(1.5 -1.41325e-13 0)
(1.5 -1.27786e-13 0)
(1.5 -1.71166e-13 0)
(1.5 -2.35632e-13 0)
(1.5 -2.59858e-13 0)
(1.5 -2.52627e-13 0)
(1.5 -1.36888e-13 0)
(1.5 -1.17975e-13 0)
(1.5 -1.84923e-13 0)
(1.5 -2.22828e-13 0)
(1.5 -1.90164e-13 0)
(1.5 -1.79849e-13 0)
(1.5 -2.27859e-13 0)
(1.5 -3.12208e-13 0)
(1.5 -3.07714e-13 0)
(1.5 -3.45879e-13 0)
(1.5 -3.91544e-13 0)
(1.5 -3.93351e-13 0)
(1.5 -3.93394e-13 0)
(1.5 -4.2926e-13 0)
(1.5 -5.37838e-13 0)
(1.5 -5.05879e-13 0)
(1.5 -3.95642e-13 0)
(1.5 -3.28926e-13 0)
(1.5 -3.79267e-13 0)
(1.5 -4.09996e-13 0)
(1.5 -3.95224e-13 0)
(1.5 -3.13265e-13 0)
(1.5 -2.06219e-13 0)
(1.5 -2.58422e-13 0)
(1.5 -4.39511e-13 0)
(1.5 -5.2359e-13 0)
(1.5 -6.28102e-13 0)
(1.5 -6.56336e-13 0)
(1.5 -6.13832e-13 0)
(1.5 -6.52883e-13 0)
(1.5 -6.30513e-13 0)
(1.5 -5.80007e-13 0)
(1.5 -4.56556e-13 0)
(1.5 -3.61195e-13 0)
(1.5 -3.54285e-13 0)
(1.5 -3.39687e-13 0)
(1.5 -3.36289e-13 0)
(1.5 -2.95717e-13 0)
(1.5 -1.38183e-13 0)
(1.5 -1.08955e-13 0)
(1.5 -1.24727e-13 0)
(1.5 -1.17002e-13 0)
(1.5 -2.60877e-14 0)
(1.5 2.45822e-14 0)
(1.5 3.10299e-14 0)
(1.5 2.78276e-14 0)
(1.5 2.69678e-14 0)
(1.5 2.11116e-14 0)
(1.5 6.07132e-14 0)
(1.5 9.18133e-14 0)
(1.5 2.9642e-13 0)
(1.5 5.33688e-13 0)
(1.5 5.31561e-13 0)
(1.5 5.69051e-13 0)
(1.5 3.88848e-13 0)
(1.5 2.12522e-13 0)
(1.5 1.35934e-13 0)
(1.5 1.23296e-13 0)
(1.5 1.47561e-13 0)
(1.5 1.4457e-13 0)
(1.5 1.19728e-13 0)
(1.5 2.07264e-13 0)
(1.5 3.31909e-13 0)
(1.5 3.94081e-13 0)
(1.5 4.27479e-13 0)
(1.5 4.62205e-13 0)
(1.5 5.27452e-13 0)
(1.5 5.67558e-13 0)
(1.5 5.87598e-13 0)
(1.5 5.91391e-13 0)
(1.5 5.96417e-13 0)
(1.5 5.94721e-13 0)
(1.5 6.42979e-13 0)
(1.5 5.91789e-13 0)
(1.5 4.95954e-13 0)
(1.5 4.77109e-13 0)
(1.5 4.68561e-13 0)
(1.5 5.32702e-13 0)
(1.5 4.54953e-13 0)
(1.5 2.91502e-13 0)
(1.5 2.96822e-13 0)
(1.5 3.91693e-13 0)
(1.5 4.84699e-13 0)
(1.5 4.94965e-13 0)
(1.5 -6.95612e-14 0)
(1.5 -1.5993e-13 0)
(1.5 -1.93107e-13 0)
(1.5 -1.30568e-13 0)
(1.5 -1.65305e-13 0)
(1.5 -1.57262e-13 0)
(1.5 -1.08487e-13 0)
(1.5 -5.3508e-14 0)
(1.5 2.54719e-15 0)
(1.5 2.71184e-14 0)
(1.5 1.29788e-15 0)
(1.5 4.45365e-14 0)
(1.5 8.33132e-14 0)
(1.5 8.02048e-14 0)
(1.5 1.12478e-13 0)
(1.5 1.92964e-13 0)
(1.5 1.38992e-13 0)
(1.5 1.5298e-13 0)
(1.5 1.09233e-13 0)
(1.5 7.057e-14 0)
(1.5 2.93177e-14 0)
(1.5 1.84145e-14 0)
(1.5 -3.79418e-14 0)
(1.5 -4.99854e-14 0)
(1.5 7.62086e-15 0)
(1.5 7.32543e-14 0)
(1.5 8.34893e-14 0)
(1.5 8.01924e-14 0)
(1.5 9.7123e-14 0)
(1.5 8.84627e-14 0)
(1.5 7.30566e-14 0)
(1.5 1.44718e-13 0)
(1.5 1.6482e-13 0)
(1.5 1.78773e-13 0)
(1.5 9.95825e-14 0)
(1.5 -1.51788e-14 0)
(1.5 -3.70811e-14 0)
(1.5 -8.30693e-14 0)
(1.5 -7.94985e-14 0)
(1.5 -3.38663e-14 0)
(1.5 -6.62334e-14 0)
(1.5 -1.59036e-13 0)
(1.5 -2.5184e-13 0)
(1.5 -2.84604e-13 0)
(1.5 -2.10917e-13 0)
(1.5 -1.8058e-13 0)
(1.5 -1.30085e-13 0)
(1.5 -1.74174e-13 0)
(1.5 -1.86732e-13 0)
(1.5 -1.38402e-13 0)
(1.5 -1.64863e-13 0)
(1.5 -1.386e-13 0)
(1.5 -1.27373e-13 0)
(1.5 -1.31076e-13 0)
(1.5 -2.07858e-13 0)
(1.5 -2.01578e-13 0)
(1.5 -1.74552e-13 0)
(1.5 -1.28174e-13 0)
(1.5 -1.5729e-13 0)
(1.5 -1.09413e-13 0)
(1.5 -3.03563e-14 0)
(1.5 2.48248e-14 0)
(1.5 3.71922e-14 0)
(1.5 -3.90656e-14 0)
(1.5 -9.22698e-14 0)
(1.5 -4.27942e-14 0)
(1.5 2.21364e-14 0)
(1.5 8.74527e-14 0)
(1.5 1.63715e-14 0)
(1.5 -8.03206e-14 0)
(1.5 2.69998e-14 0)
(1.5 1.12487e-13 0)
(1.5 6.55432e-14 0)
(1.5 -6.29085e-15 0)
(1.5 7.29642e-15 0)
(1.5 1.04724e-13 0)
(1.5 1.48812e-13 0)
(1.5 1.99611e-13 0)
(1.5 2.21703e-13 0)
(1.5 2.8144e-13 0)
(1.5 3.06392e-13 0)
(1.5 3.56339e-13 0)
(1.5 4.09726e-13 0)
(1.5 4.76591e-13 0)
(1.5 4.53478e-13 0)
(1.5 4.86199e-13 0)
(1.5 4.16553e-13 0)
(1.5 3.07043e-13 0)
(1.5 3.20174e-13 0)
(1.5 2.90058e-13 0)
(1.5 2.35178e-13 0)
(1.5 1.25096e-13 0)
(1.5 6.72747e-14 0)
(1.5 1.24757e-14 0)
(1.5 1.08546e-13 0)
(1.5 7.66771e-14 0)
(1.5 -1.85875e-14 0)
(1.5 8.2496e-16 0)
(1.5 9.25425e-14 0)
(1.5 1.69167e-13 0)
(1.5 1.49571e-13 0)
(1.5 6.31764e-14 0)
(1.5 4.74248e-14 0)
(1.5 7.31052e-14 0)
(1.5 1.29287e-13 0)
(1.5 1.11419e-13 0)
(1.5 1.04134e-13 0)
(1.5 1.05388e-13 0)
(1.5 -3.53137e-14 0)
(1.5 -1.77903e-13 0)
(1.5 -2.67833e-13 0)
(1.5 -2.41063e-13 0)
(1.5 -1.78839e-13 0)
(1.5 -1.41679e-13 0)
(1.5 -1.91059e-13 0)
(1.5 -2.22672e-13 0)
(1.5 -1.50182e-13 0)
(1.5 -1.54541e-13 0)
(1.5 -2.18831e-13 0)
(1.5 -2.72711e-13 0)
(1.5 -3.27021e-13 0)
(1.5 -3.57475e-13 0)
(1.5 -3.41784e-13 0)
(1.5 -3.97644e-13 0)
(1.5 -3.56286e-13 0)
(1.5 -3.19084e-13 0)
(1.5 -3.56892e-13 0)
(1.5 -2.96733e-13 0)
(1.5 -3.17043e-13 0)
(1.5 -3.8128e-13 0)
(1.5 -4.90662e-13 0)
(1.5 -5.15912e-13 0)
(1.5 -3.69454e-13 0)
(1.5 -3.65458e-13 0)
(1.5 -4.39858e-13 0)
(1.5 -5.18637e-13 0)
(1.5 -4.92807e-13 0)
(1.5 -3.97445e-13 0)
(1.5 -3.71083e-13 0)
(1.5 -3.71304e-13 0)
(1.5 -3.88246e-13 0)
(1.5 -3.62246e-13 0)
(1.5 -4.14494e-13 0)
(1.5 -5.75426e-13 0)
(1.5 -6.44327e-13 0)
(1.5 -7.14051e-13 0)
(1.5 -6.25609e-13 0)
(1.5 -4.32776e-13 0)
(1.5 -4.30815e-13 0)
(1.5 -4.03623e-13 0)
(1.5 -3.84396e-13 0)
(1.5 -3.47974e-13 0)
(1.5 -3.69363e-13 0)
(1.5 -3.41568e-13 0)
(1.5 -2.83573e-13 0)
(1.5 -1.57619e-13 0)
(1.5 -7.38745e-14 0)
(1.5 5.68827e-14 0)
(1.5 1.4557e-13 0)
(1.5 7.66963e-14 0)
(1.5 9.70816e-14 0)
(1.5 2.35968e-13 0)
(1.5 2.77239e-13 0)
(1.5 2.26234e-13 0)
(1.5 2.55187e-13 0)
(1.5 2.88478e-13 0)
(1.5 4.30493e-13 0)
(1.5 5.71813e-13 0)
(1.5 4.79719e-13 0)
(1.5 4.85663e-13 0)
(1.5 4.35519e-13 0)
(1.5 3.78877e-13 0)
(1.5 3.20275e-13 0)
(1.5 2.48282e-13 0)
(1.5 1.66141e-13 0)
(1.5 5.98593e-14 0)
(1.5 8.54681e-16 0)
(1.5 1.08773e-13 0)
(1.5 9.23416e-14 0)
(1.5 1.22959e-13 0)
(1.5 2.51895e-13 0)
(1.5 4.01631e-13 0)
(1.5 5.26051e-13 0)
(1.5 5.584e-13 0)
(1.5 4.9569e-13 0)
(1.5 4.75714e-13 0)
(1.5 4.84862e-13 0)
(1.5 5.10138e-13 0)
(1.5 4.61093e-13 0)
(1.5 4.49573e-13 0)
(1.5 4.00858e-13 0)
(1.5 4.15652e-13 0)
(1.5 4.2624e-13 0)
(1.5 4.4504e-13 0)
(1.5 3.41343e-13 0)
(1.5 1.72109e-13 0)
(1.5 1.23103e-13 0)
(1.5 3.10892e-13 0)
(1.5 3.23591e-13 0)
(1.5 3.66356e-13 0)
(1.5 9.21184e-17 0)
(1.5 -9.35373e-14 0)
(1.5 -1.20106e-13 0)
(1.5 -7.93832e-14 0)
(1.5 -5.99613e-14 0)
(1.5 -5.9867e-14 0)
(1.5 -8.04398e-14 0)
(1.5 -5.01553e-14 0)
(1.5 -2.18295e-14 0)
(1.5 4.44695e-14 0)
(1.5 3.4703e-14 0)
(1.5 8.98704e-14 0)
(1.5 9.31384e-14 0)
(1.5 1.04464e-13 0)
(1.5 1.77324e-13 0)
(1.5 1.86995e-13 0)
(1.5 1.07244e-13 0)
(1.5 8.50245e-14 0)
(1.5 8.60369e-14 0)
(1.5 9.71211e-14 0)
(1.5 1.5155e-14 0)
(1.5 -4.50822e-15 0)
(1.5 2.75657e-14 0)
(1.5 -5.67118e-15 0)
(1.5 3.89549e-14 0)
(1.5 6.43268e-14 0)
(1.5 3.9826e-14 0)
(1.5 4.13966e-15 0)
(1.5 2.67769e-14 0)
(1.5 -7.7981e-15 0)
(1.5 3.2731e-14 0)
(1.5 7.4176e-14 0)
(1.5 1.02834e-13 0)
(1.5 7.98239e-14 0)
(1.5 1.86916e-14 0)
(1.5 -1.86265e-14 0)
(1.5 -4.73658e-14 0)
(1.5 -1.08177e-13 0)
(1.5 -8.35967e-14 0)
(1.5 -1.03634e-13 0)
(1.5 -8.59432e-14 0)
(1.5 -8.51966e-14 0)
(1.5 -1.50679e-13 0)
(1.5 -1.53993e-13 0)
(1.5 -1.27112e-13 0)
(1.5 -8.56273e-14 0)
(1.5 -6.65698e-14 0)
(1.5 -5.48828e-14 0)
(1.5 -9.05319e-14 0)
(1.5 -1.38145e-13 0)
(1.5 -1.44976e-13 0)
(1.5 -1.01406e-13 0)
(1.5 -9.76114e-14 0)
(1.5 -1.41895e-13 0)
(1.5 -1.51403e-13 0)
(1.5 -1.21785e-13 0)
(1.5 -8.83587e-14 0)
(1.5 -6.74115e-14 0)
(1.5 -7.90036e-14 0)
(1.5 -5.14696e-14 0)
(1.5 -2.56446e-14 0)
(1.5 2.99245e-14 0)
(1.5 -7.44449e-15 0)
(1.5 -5.80797e-14 0)
(1.5 -1.11335e-13 0)
(1.5 -8.44693e-14 0)
(1.5 -6.33871e-14 0)
(1.5 8.01547e-16 0)
(1.5 -3.58746e-14 0)
(1.5 -9.99746e-14 0)
(1.5 -4.03824e-15 0)
(1.5 6.2944e-14 0)
(1.5 7.46652e-14 0)
(1.5 5.33342e-14 0)
(1.5 3.0314e-14 0)
(1.5 1.2988e-13 0)
(1.5 1.84074e-13 0)
(1.5 2.37543e-13 0)
(1.5 2.47705e-13 0)
(1.5 2.42171e-13 0)
(1.5 2.62163e-13 0)
(1.5 3.67945e-13 0)
(1.5 4.22849e-13 0)
(1.5 4.74455e-13 0)
(1.5 4.54802e-13 0)
(1.5 4.22397e-13 0)
(1.5 3.7416e-13 0)
(1.5 4.07638e-13 0)
(1.5 4.09097e-13 0)
(1.5 2.81268e-13 0)
(1.5 2.00518e-13 0)
(1.5 1.04358e-13 0)
(1.5 6.27771e-14 0)
(1.5 -1.73123e-14 0)
(1.5 -2.90035e-14 0)
(1.5 -6.68404e-14 0)
(1.5 -1.04992e-13 0)
(1.5 -3.41177e-14 0)
(1.5 9.27146e-14 0)
(1.5 1.75649e-13 0)
(1.5 1.3685e-13 0)
(1.5 3.99643e-14 0)
(1.5 6.11769e-14 0)
(1.5 6.5656e-14 0)
(1.5 9.84955e-14 0)
(1.5 1.20891e-13 0)
(1.5 9.68017e-15 0)
(1.5 2.97355e-14 0)
(1.5 -1.93182e-14 0)
(1.5 -1.51267e-13 0)
(1.5 -2.29694e-13 0)
(1.5 -2.42954e-13 0)
(1.5 -1.65939e-13 0)
(1.5 -1.49224e-13 0)
(1.5 -1.48775e-13 0)
(1.5 -6.92933e-14 0)
(1.5 -2.22999e-14 0)
(1.5 8.47358e-15 0)
(1.5 -6.6826e-14 0)
(1.5 -1.55157e-13 0)
(1.5 -2.23012e-13 0)
(1.5 -2.94176e-13 0)
(1.5 -3.03112e-13 0)
(1.5 -2.8752e-13 0)
(1.5 -3.11025e-13 0)
(1.5 -2.86579e-13 0)
(1.5 -2.81716e-13 0)
(1.5 -2.51748e-13 0)
(1.5 -3.0748e-13 0)
(1.5 -3.36845e-13 0)
(1.5 -4.00752e-13 0)
(1.5 -4.79219e-13 0)
(1.5 -4.04548e-13 0)
(1.5 -3.6957e-13 0)
(1.5 -3.92658e-13 0)
(1.5 -4.76227e-13 0)
(1.5 -4.58804e-13 0)
(1.5 -3.61027e-13 0)
(1.5 -3.4192e-13 0)
(1.5 -3.18432e-13 0)
(1.5 -3.04144e-13 0)
(1.5 -2.21636e-13 0)
(1.5 -2.63369e-13 0)
(1.5 -4.69139e-13 0)
(1.5 -6.46839e-13 0)
(1.5 -7.05664e-13 0)
(1.5 -6.53516e-13 0)
(1.5 -4.63205e-13 0)
(1.5 -3.83946e-13 0)
(1.5 -2.56452e-13 0)
(1.5 -1.95034e-13 0)
(1.5 -1.67756e-13 0)
(1.5 -1.49314e-13 0)
(1.5 -1.98068e-13 0)
(1.5 -2.02776e-13 0)
(1.5 -4.98889e-14 0)
(1.5 1.43189e-13 0)
(1.5 3.69212e-13 0)
(1.5 3.94919e-13 0)
(1.5 3.2613e-13 0)
(1.5 3.30891e-13 0)
(1.5 3.96976e-13 0)
(1.5 3.91806e-13 0)
(1.5 3.05117e-13 0)
(1.5 2.36587e-13 0)
(1.5 3.2763e-13 0)
(1.5 4.22995e-13 0)
(1.5 5.04279e-13 0)
(1.5 4.64581e-13 0)
(1.5 4.71254e-13 0)
(1.5 5.15799e-13 0)
(1.5 4.94791e-13 0)
(1.5 4.85966e-13 0)
(1.5 3.82927e-13 0)
(1.5 2.35834e-13 0)
(1.5 1.482e-13 0)
(1.5 1.31008e-13 0)
(1.5 1.63394e-13 0)
(1.5 1.1619e-13 0)
(1.5 1.65572e-13 0)
(1.5 2.59341e-13 0)
(1.5 3.62128e-13 0)
(1.5 5.45921e-13 0)
(1.5 5.79993e-13 0)
(1.5 5.02876e-13 0)
(1.5 4.96356e-13 0)
(1.5 5.48695e-13 0)
(1.5 5.837e-13 0)
(1.5 4.35538e-13 0)
(1.5 4.21588e-13 0)
(1.5 3.46565e-13 0)
(1.5 3.36883e-13 0)
(1.5 3.77967e-13 0)
(1.5 3.54513e-13 0)
(1.5 2.79776e-13 0)
(1.5 1.70867e-13 0)
(1.5 1.58005e-13 0)
(1.5 2.55823e-13 0)
(1.5 2.39535e-13 0)
(1.5 2.74736e-13 0)
(1.5 5.15667e-14 0)
(1.5 3.38362e-14 0)
(1.5 4.00619e-15 0)
(1.5 8.60158e-15 0)
(1.5 5.28961e-14 0)
(1.5 4.00316e-14 0)
(1.5 -4.47218e-14 0)
(1.5 -9.87161e-14 0)
(1.5 3.12509e-14 0)
(1.5 9.22244e-14 0)
(1.5 1.27524e-13 0)
(1.5 1.40857e-13 0)
(1.5 9.19389e-14 0)
(1.5 9.54094e-14 0)
(1.5 1.30294e-13 0)
(1.5 1.37091e-13 0)
(1.5 1.27499e-13 0)
(1.5 1.09693e-13 0)
(1.5 1.08555e-13 0)
(1.5 8.73568e-14 0)
(1.5 2.73876e-14 0)
(1.5 7.75687e-14 0)
(1.5 8.60284e-14 0)
(1.5 4.60624e-14 0)
(1.5 8.84006e-14 0)
(1.5 4.24415e-14 0)
(1.5 3.88951e-14 0)
(1.5 1.89585e-14 0)
(1.5 -2.66939e-14 0)
(1.5 -1.61667e-14 0)
(1.5 3.72518e-14 0)
(1.5 6.95277e-15 0)
(1.5 3.61068e-14 0)
(1.5 4.70413e-14 0)
(1.5 1.4232e-14 0)
(1.5 -2.574e-14 0)
(1.5 -3.12637e-14 0)
(1.5 -2.25721e-14 0)
(1.5 -1.25391e-14 0)
(1.5 -8.50527e-14 0)
(1.5 -4.08084e-14 0)
(1.5 -4.50731e-14 0)
(1.5 -8.45175e-14 0)
(1.5 -4.95908e-14 0)
(1.5 -2.51319e-14 0)
(1.5 -1.27093e-14 0)
(1.5 -1.26588e-14 0)
(1.5 -2.51275e-14 0)
(1.5 -9.62533e-14 0)
(1.5 -1.14081e-13 0)
(1.5 -1.22934e-13 0)
(1.5 -7.96436e-14 0)
(1.5 -7.25835e-14 0)
(1.5 -1.25365e-13 0)
(1.5 -1.10535e-13 0)
(1.5 -1.41348e-13 0)
(1.5 -6.51322e-14 0)
(1.5 -2.88217e-14 0)
(1.5 9.94399e-16 0)
(1.5 6.80018e-15 0)
(1.5 -2.42883e-15 0)
(1.5 4.56694e-14 0)
(1.5 2.83856e-14 0)
(1.5 5.85364e-14 0)
(1.5 1.56648e-14 0)
(1.5 -2.45416e-14 0)
(1.5 -3.34821e-14 0)
(1.5 -4.35548e-14 0)
(1.5 -2.27923e-14 0)
(1.5 -1.10973e-14 0)
(1.5 9.67953e-16 0)
(1.5 2.26083e-14 0)
(1.5 4.87217e-14 0)
(1.5 7.0488e-14 0)
(1.5 5.00157e-14 0)
(1.5 1.70601e-13 0)
(1.5 2.19872e-13 0)
(1.5 2.45638e-13 0)
(1.5 2.88225e-13 0)
(1.5 2.7777e-13 0)
(1.5 3.81894e-13 0)
(1.5 4.28244e-13 0)
(1.5 4.59508e-13 0)
(1.5 4.94597e-13 0)
(1.5 5.17139e-13 0)
(1.5 4.59795e-13 0)
(1.5 4.13778e-13 0)
(1.5 4.98269e-13 0)
(1.5 4.4005e-13 0)
(1.5 2.95195e-13 0)
(1.5 1.52184e-13 0)
(1.5 5.86364e-14 0)
(1.5 -5.4357e-14 0)
(1.5 -1.40943e-13 0)
(1.5 -1.70619e-13 0)
(1.5 -1.61208e-13 0)
(1.5 -1.21187e-13 0)
(1.5 9.39906e-15 0)
(1.5 1.42751e-13 0)
(1.5 1.77744e-13 0)
(1.5 1.78707e-13 0)
(1.5 1.44821e-13 0)
(1.5 1.42946e-13 0)
(1.5 1.58682e-13 0)
(1.5 1.41815e-13 0)
(1.5 5.2638e-14 0)
(1.5 -6.35675e-14 0)
(1.5 -8.4149e-14 0)
(1.5 -4.22533e-14 0)
(1.5 -7.25232e-14 0)
(1.5 -7.05506e-14 0)
(1.5 -4.43072e-14 0)
(1.5 -6.36846e-14 0)
(1.5 -1.27716e-13 0)
(1.5 -1.02858e-13 0)
(1.5 1.12648e-14 0)
(1.5 4.33027e-14 0)
(1.5 5.5382e-14 0)
(1.5 4.23407e-14 0)
(1.5 -3.38829e-15 0)
(1.5 -7.89316e-14 0)
(1.5 -1.91083e-13 0)
(1.5 -2.28056e-13 0)
(1.5 -1.76832e-13 0)
(1.5 -2.10277e-13 0)
(1.5 -2.18951e-13 0)
(1.5 -1.94305e-13 0)
(1.5 -2.10926e-13 0)
(1.5 -2.38335e-13 0)
(1.5 -2.26642e-13 0)
(1.5 -2.74938e-13 0)
(1.5 -3.46652e-13 0)
(1.5 -4.54855e-13 0)
(1.5 -4.11913e-13 0)
(1.5 -3.77762e-13 0)
(1.5 -3.55934e-13 0)
(1.5 -3.62951e-13 0)
(1.5 -4.13004e-13 0)
(1.5 -4.42516e-13 0)
(1.5 -4.14489e-13 0)
(1.5 -3.20651e-13 0)
(1.5 -2.92319e-13 0)
(1.5 -3.59365e-13 0)
(1.5 -5.13957e-13 0)
(1.5 -6.72748e-13 0)
(1.5 -6.68586e-13 0)
(1.5 -5.942e-13 0)
(1.5 -5.14189e-13 0)
(1.5 -3.4859e-13 0)
(1.5 -2.56273e-13 0)
(1.5 -1.3445e-13 0)
(1.5 -8.86835e-14 0)
(1.5 -4.79715e-14 0)
(1.5 -1.0484e-13 0)
(1.5 -5.36947e-14 0)
(1.5 1.23547e-13 0)
(1.5 3.56826e-13 0)
(1.5 5.67433e-13 0)
(1.5 5.93473e-13 0)
(1.5 5.51918e-13 0)
(1.5 5.27608e-13 0)
(1.5 3.87567e-13 0)
(1.5 2.51163e-13 0)
(1.5 2.00167e-13 0)
(1.5 1.38519e-13 0)
(1.5 2.29953e-13 0)
(1.5 2.19805e-13 0)
(1.5 1.7131e-13 0)
(1.5 2.13998e-13 0)
(1.5 2.14509e-13 0)
(1.5 2.76857e-13 0)
(1.5 2.60364e-13 0)
(1.5 2.85088e-13 0)
(1.5 2.64328e-13 0)
(1.5 1.96447e-13 0)
(1.5 1.62373e-13 0)
(1.5 1.2873e-13 0)
(1.5 1.09483e-13 0)
(1.5 1.32545e-13 0)
(1.5 2.06428e-13 0)
(1.5 3.07621e-13 0)
(1.5 3.7935e-13 0)
(1.5 5.20929e-13 0)
(1.5 5.46906e-13 0)
(1.5 5.38961e-13 0)
(1.5 5.8159e-13 0)
(1.5 5.86129e-13 0)
(1.5 6.06055e-13 0)
(1.5 4.81595e-13 0)
(1.5 4.39123e-13 0)
(1.5 4.25973e-13 0)
(1.5 3.75037e-13 0)
(1.5 4.60308e-13 0)
(1.5 3.97002e-13 0)
(1.5 3.45359e-13 0)
(1.5 2.85158e-13 0)
(1.5 2.71731e-13 0)
(1.5 2.42283e-13 0)
(1.5 2.00373e-13 0)
(1.5 2.08194e-13 0)
(1.5 4.14579e-14 0)
(1.5 8.66065e-14 0)
(1.5 1.39889e-13 0)
(1.5 1.3335e-13 0)
(1.5 1.52321e-13 0)
(1.5 7.65913e-14 0)
(1.5 2.13958e-15 0)
(1.5 -1.916e-14 0)
(1.5 1.45314e-13 0)
(1.5 1.57721e-13 0)
(1.5 1.92067e-13 0)
(1.5 1.75604e-13 0)
(1.5 1.00888e-13 0)
(1.5 8.16705e-14 0)
(1.5 9.31322e-14 0)
(1.5 6.83814e-14 0)
(1.5 1.09711e-13 0)
(1.5 1.2055e-13 0)
(1.5 1.13864e-13 0)
(1.5 8.24598e-14 0)
(1.5 9.44427e-14 0)
(1.5 1.54033e-13 0)
(1.5 1.14047e-13 0)
(1.5 1.00452e-13 0)
(1.5 8.21312e-14 0)
(1.5 2.30618e-14 0)
(1.5 8.00807e-15 0)
(1.5 3.0476e-14 0)
(1.5 2.79773e-14 0)
(1.5 5.7054e-14 0)
(1.5 5.09981e-14 0)
(1.5 2.05997e-14 0)
(1.5 5.01106e-14 0)
(1.5 5.19223e-14 0)
(1.5 3.11107e-14 0)
(1.5 -6.7533e-15 0)
(1.5 1.17713e-14 0)
(1.5 4.96164e-14 0)
(1.5 -1.06844e-14 0)
(1.5 -3.13516e-14 0)
(1.5 -1.5454e-14 0)
(1.5 -3.49098e-14 0)
(1.5 -7.55109e-14 0)
(1.5 -3.68511e-14 0)
(1.5 -4.91698e-14 0)
(1.5 -6.77084e-14 0)
(1.5 -1.16659e-13 0)
(1.5 -1.79314e-13 0)
(1.5 -2.12676e-13 0)
(1.5 -1.52331e-13 0)
(1.5 -9.36133e-14 0)
(1.5 -6.48488e-14 0)
(1.5 -4.80051e-14 0)
(1.5 -9.47958e-14 0)
(1.5 -1.05324e-13 0)
(1.5 -1.37252e-13 0)
(1.5 -8.75824e-14 0)
(1.5 -8.04058e-14 0)
(1.5 -1.14977e-15 0)
(1.5 1.73944e-14 0)
(1.5 -1.50813e-14 0)
(1.5 2.65831e-15 0)
(1.5 3.76411e-14 0)
(1.5 3.85506e-14 0)
(1.5 2.14465e-14 0)
(1.5 -3.85339e-14 0)
(1.5 -2.97024e-14 0)
(1.5 -3.41445e-14 0)
(1.5 -8.64863e-15 0)
(1.5 6.58935e-14 0)
(1.5 6.07606e-14 0)
(1.5 8.87149e-14 0)
(1.5 8.75962e-14 0)
(1.5 1.07476e-13 0)
(1.5 1.68185e-13 0)
(1.5 2.14019e-13 0)
(1.5 2.30675e-13 0)
(1.5 2.29356e-13 0)
(1.5 2.89749e-13 0)
(1.5 3.4841e-13 0)
(1.5 4.40265e-13 0)
(1.5 4.33228e-13 0)
(1.5 4.356e-13 0)
(1.5 4.68828e-13 0)
(1.5 5.0058e-13 0)
(1.5 5.20908e-13 0)
(1.5 4.97825e-13 0)
(1.5 4.99786e-13 0)
(1.5 4.31964e-13 0)
(1.5 3.41691e-13 0)
(1.5 2.69159e-13 0)
(1.5 2.05032e-13 0)
(1.5 8.92547e-14 0)
(1.5 -4.49583e-14 0)
(1.5 -1.28853e-13 0)
(1.5 -1.20995e-13 0)
(1.5 -9.55415e-14 0)
(1.5 6.86907e-14 0)
(1.5 1.59186e-13 0)
(1.5 1.5306e-13 0)
(1.5 2.30828e-13 0)
(1.5 2.46172e-13 0)
(1.5 2.37007e-13 0)
(1.5 2.05316e-13 0)
(1.5 1.44358e-13 0)
(1.5 6.66819e-14 0)
(1.5 2.59421e-14 0)
(1.5 -5.16516e-14 0)
(1.5 -6.35247e-14 0)
(1.5 3.40207e-14 0)
(1.5 7.82764e-14 0)
(1.5 1.51568e-14 0)
(1.5 -4.26019e-14 0)
(1.5 -9.4433e-14 0)
(1.5 -1.02327e-13 0)
(1.5 -5.39441e-14 0)
(1.5 -6.1427e-14 0)
(1.5 -7.48442e-14 0)
(1.5 -6.6646e-14 0)
(1.5 -9.42208e-14 0)
(1.5 -2.00607e-13 0)
(1.5 -2.68903e-13 0)
(1.5 -2.22948e-13 0)
(1.5 -2.68269e-13 0)
(1.5 -2.60098e-13 0)
(1.5 -2.61719e-13 0)
(1.5 -2.33005e-13 0)
(1.5 -2.73104e-13 0)
(1.5 -3.00333e-13 0)
(1.5 -3.09984e-13 0)
(1.5 -2.55296e-13 0)
(1.5 -3.01368e-13 0)
(1.5 -4.7338e-13 0)
(1.5 -4.92535e-13 0)
(1.5 -4.38623e-13 0)
(1.5 -3.03474e-13 0)
(1.5 -3.21145e-13 0)
(1.5 -5.40577e-13 0)
(1.5 -6.1065e-13 0)
(1.5 -5.51219e-13 0)
(1.5 -4.19987e-13 0)
(1.5 -4.24366e-13 0)
(1.5 -5.37559e-13 0)
(1.5 -6.4546e-13 0)
(1.5 -6.93422e-13 0)
(1.5 -6.18194e-13 0)
(1.5 -5.32571e-13 0)
(1.5 -5.31033e-13 0)
(1.5 -4.10536e-13 0)
(1.5 -3.98434e-13 0)
(1.5 -3.30771e-13 0)
(1.5 -2.70861e-13 0)
(1.5 -1.87503e-13 0)
(1.5 -8.54566e-14 0)
(1.5 -4.64747e-14 0)
(1.5 1.32333e-13 0)
(1.5 3.35388e-13 0)
(1.5 4.86356e-13 0)
(1.5 5.34665e-13 0)
(1.5 5.25552e-13 0)
(1.5 5.07454e-13 0)
(1.5 3.96043e-13 0)
(1.5 2.55403e-13 0)
(1.5 2.23016e-13 0)
(1.5 1.49777e-13 0)
(1.5 1.58473e-13 0)
(1.5 1.27663e-13 0)
(1.5 9.7835e-14 0)
(1.5 8.80654e-14 0)
(1.5 7.15949e-15 0)
(1.5 -4.15318e-15 0)
(1.5 3.48492e-14 0)
(1.5 1.09219e-13 0)
(1.5 1.9688e-13 0)
(1.5 2.338e-13 0)
(1.5 2.11401e-13 0)
(1.5 1.21734e-13 0)
(1.5 1.42864e-13 0)
(1.5 1.42443e-13 0)
(1.5 2.45424e-13 0)
(1.5 3.90748e-13 0)
(1.5 4.60609e-13 0)
(1.5 5.91512e-13 0)
(1.5 5.91324e-13 0)
(1.5 5.92646e-13 0)
(1.5 5.95973e-13 0)
(1.5 5.93566e-13 0)
(1.5 5.74145e-13 0)
(1.5 5.17898e-13 0)
(1.5 4.41239e-13 0)
(1.5 4.4955e-13 0)
(1.5 4.63398e-13 0)
(1.5 4.95394e-13 0)
(1.5 3.55489e-13 0)
(1.5 3.10286e-13 0)
(1.5 2.86676e-13 0)
(1.5 2.31883e-13 0)
(1.5 2.13314e-13 0)
(1.5 2.11649e-13 0)
(1.5 1.97046e-13 0)
(1.5 -6.01092e-15 0)
(1.5 1.09691e-13 0)
(1.5 2.29638e-13 0)
(1.5 1.76284e-13 0)
(1.5 1.72114e-13 0)
(1.5 1.79736e-13 0)
(1.5 1.92382e-13 0)
(1.5 2.43553e-13 0)
(1.5 2.30928e-13 0)
(1.5 1.96917e-13 0)
(1.5 1.83654e-13 0)
(1.5 1.61283e-13 0)
(1.5 1.22176e-13 0)
(1.5 2.07867e-14 0)
(1.5 1.89103e-14 0)
(1.5 5.22776e-14 0)
(1.5 5.52275e-14 0)
(1.5 4.06621e-14 0)
(1.5 1.06368e-13 0)
(1.5 6.52518e-14 0)
(1.5 1.00835e-13 0)
(1.5 1.16184e-13 0)
(1.5 1.23487e-13 0)
(1.5 9.83147e-14 0)
(1.5 2.33047e-14 0)
(1.5 -4.84898e-14 0)
(1.5 -3.45895e-14 0)
(1.5 1.39149e-14 0)
(1.5 2.0446e-14 0)
(1.5 4.60358e-14 0)
(1.5 8.98192e-14 0)
(1.5 1.09328e-13 0)
(1.5 3.03784e-14 0)
(1.5 -8.38397e-15 0)
(1.5 -1.19809e-14 0)
(1.5 4.50287e-14 0)
(1.5 6.66679e-14 0)
(1.5 1.0019e-13 0)
(1.5 4.6159e-14 0)
(1.5 4.48251e-14 0)
(1.5 2.09297e-14 0)
(1.5 -1.60864e-16 0)
(1.5 -3.05211e-14 0)
(1.5 -5.3678e-14 0)
(1.5 -9.67796e-14 0)
(1.5 -1.61271e-13 0)
(1.5 -2.15226e-13 0)
(1.5 -2.63172e-13 0)
(1.5 -2.23696e-13 0)
(1.5 -1.08049e-13 0)
(1.5 -2.74202e-14 0)
(1.5 3.17012e-14 0)
(1.5 6.96442e-14 0)
(1.5 1.37119e-14 0)
(1.5 -2.2533e-14 0)
(1.5 1.15576e-14 0)
(1.5 -2.03587e-14 0)
(1.5 -4.51637e-14 0)
(1.5 -1.90267e-14 0)
(1.5 4.83254e-14 0)
(1.5 1.83855e-14 0)
(1.5 -1.45748e-15 0)
(1.5 5.77598e-14 0)
(1.5 3.78278e-14 0)
(1.5 1.83474e-14 0)
(1.5 4.04165e-15 0)
(1.5 -3.74699e-15 0)
(1.5 -3.1603e-14 0)
(1.5 6.26253e-14 0)
(1.5 1.5816e-13 0)
(1.5 1.6397e-13 0)
(1.5 1.05188e-13 0)
(1.5 9.74196e-14 0)
(1.5 1.75088e-13 0)
(1.5 2.23977e-13 0)
(1.5 2.02644e-13 0)
(1.5 1.74385e-13 0)
(1.5 2.20173e-13 0)
(1.5 2.29578e-13 0)
(1.5 2.62897e-13 0)
(1.5 3.24441e-13 0)
(1.5 3.82155e-13 0)
(1.5 4.54269e-13 0)
(1.5 4.73834e-13 0)
(1.5 4.40488e-13 0)
(1.5 4.43605e-13 0)
(1.5 4.07349e-13 0)
(1.5 3.93318e-13 0)
(1.5 4.55272e-13 0)
(1.5 4.07667e-13 0)
(1.5 4.09558e-13 0)
(1.5 3.82217e-13 0)
(1.5 3.41813e-13 0)
(1.5 2.09594e-13 0)
(1.5 5.96698e-14 0)
(1.5 2.98871e-14 0)
(1.5 -7.12988e-15 0)
(1.5 7.22995e-14 0)
(1.5 1.06984e-13 0)
(1.5 9.03468e-14 0)
(1.5 1.45058e-13 0)
(1.5 2.1862e-13 0)
(1.5 2.72554e-13 0)
(1.5 2.16989e-13 0)
(1.5 1.55903e-13 0)
(1.5 1.57846e-13 0)
(1.5 1.35696e-13 0)
(1.5 1.18065e-13 0)
(1.5 6.72365e-14 0)
(1.5 1.00884e-13 0)
(1.5 4.75336e-14 0)
(1.5 -7.11479e-14 0)
(1.5 -7.54267e-14 0)
(1.5 1.70012e-16 0)
(1.5 4.70903e-14 0)
(1.5 1.92268e-14 0)
(1.5 -8.75512e-14 0)
(1.5 -1.71428e-13 0)
(1.5 -1.71406e-13 0)
(1.5 -2.0491e-13 0)
(1.5 -2.50904e-13 0)
(1.5 -1.98659e-13 0)
(1.5 -8.9393e-14 0)
(1.5 -1.87921e-13 0)
(1.5 -2.15127e-13 0)
(1.5 -2.51574e-13 0)
(1.5 -2.54212e-13 0)
(1.5 -2.59322e-13 0)
(1.5 -3.1058e-13 0)
(1.5 -3.45442e-13 0)
(1.5 -3.39907e-13 0)
(1.5 -4.63648e-13 0)
(1.5 -6.47522e-13 0)
(1.5 -6.69487e-13 0)
(1.5 -6.18929e-13 0)
(1.5 -5.15988e-13 0)
(1.5 -4.80702e-13 0)
(1.5 -5.98617e-13 0)
(1.5 -6.32326e-13 0)
(1.5 -6.48554e-13 0)
(1.5 -6.03317e-13 0)
(1.5 -5.76614e-13 0)
(1.5 -7.64614e-13 0)
(1.5 -7.78365e-13 0)
(1.5 -7.40108e-13 0)
(1.5 -7.66085e-13 0)
(1.5 -7.0837e-13 0)
(1.5 -6.95217e-13 0)
(1.5 -6.89544e-13 0)
(1.5 -7.19543e-13 0)
(1.5 -7.61423e-13 0)
(1.5 -6.495e-13 0)
(1.5 -4.89102e-13 0)
(1.5 -2.61986e-13 0)
(1.5 -1.12161e-13 0)
(1.5 -5.41969e-15 0)
(1.5 2.11271e-13 0)
(1.5 2.47372e-13 0)
(1.5 2.58812e-13 0)
(1.5 2.31181e-13 0)
(1.5 1.66034e-13 0)
(1.5 2.25675e-13 0)
(1.5 2.21801e-13 0)
(1.5 1.46484e-13 0)
(1.5 6.93791e-14 0)
(1.5 -3.99173e-14 0)
(1.5 -1.54798e-14 0)
(1.5 4.60893e-14 0)
(1.5 3.35993e-14 0)
(1.5 -5.33865e-14 0)
(1.5 -7.24186e-14 0)
(1.5 -6.2076e-14 0)
(1.5 -8.35659e-15 0)
(1.5 1.76997e-13 0)
(1.5 2.18902e-13 0)
(1.5 2.60697e-13 0)
(1.5 3.11269e-13 0)
(1.5 3.11306e-13 0)
(1.5 2.97425e-13 0)
(1.5 3.53213e-13 0)
(1.5 3.60582e-13 0)
(1.5 4.55779e-13 0)
(1.5 5.82211e-13 0)
(1.5 6.55e-13 0)
(1.5 6.61378e-13 0)
(1.5 5.88029e-13 0)
(1.5 5.75068e-13 0)
(1.5 5.87533e-13 0)
(1.5 5.43152e-13 0)
(1.5 4.82666e-13 0)
(1.5 3.89968e-13 0)
(1.5 3.98432e-13 0)
(1.5 3.53213e-13 0)
(1.5 2.87342e-13 0)
(1.5 2.36568e-13 0)
(1.5 2.286e-13 0)
(1.5 1.87392e-13 0)
(1.5 2.09793e-13 0)
(1.5 2.48342e-13 0)
(1.5 1.77805e-13 0)
(1.5 -1.8206e-15 0)
(1.5 1.07724e-13 0)
(1.5 1.94682e-13 0)
(1.5 1.23756e-13 0)
(1.5 9.82782e-14 0)
(1.5 1.64315e-13 0)
(1.5 2.2293e-13 0)
(1.5 2.5932e-13 0)
(1.5 1.39492e-13 0)
(1.5 7.69335e-14 0)
(1.5 3.23385e-15 0)
(1.5 -3.58584e-14 0)
(1.5 -3.86689e-16 0)
(1.5 -2.15985e-14 0)
(1.5 3.51646e-15 0)
(1.5 4.36643e-15 0)
(1.5 -2.4684e-14 0)
(1.5 2.32919e-14 0)
(1.5 8.51891e-14 0)
(1.5 4.19104e-14 0)
(1.5 4.01565e-14 0)
(1.5 6.65455e-15 0)
(1.5 4.13525e-14 0)
(1.5 -1.48875e-14 0)
(1.5 -7.34626e-14 0)
(1.5 -1.04692e-13 0)
(1.5 -6.84947e-14 0)
(1.5 -7.7646e-14 0)
(1.5 -8.6155e-14 0)
(1.5 -3.78716e-14 0)
(1.5 1.80065e-15 0)
(1.5 1.90344e-14 0)
(1.5 -6.94145e-14 0)
(1.5 -4.55152e-14 0)
(1.5 -1.28489e-14 0)
(1.5 2.40982e-14 0)
(1.5 4.35713e-14 0)
(1.5 8.87267e-14 0)
(1.5 1.05568e-13 0)
(1.5 8.14688e-14 0)
(1.5 5.53946e-15 0)
(1.5 -2.36941e-14 0)
(1.5 -9.65307e-14 0)
(1.5 -1.29321e-13 0)
(1.5 -1.56481e-13 0)
(1.5 -2.06611e-13 0)
(1.5 -1.84528e-13 0)
(1.5 -2.23003e-13 0)
(1.5 -1.74967e-13 0)
(1.5 -8.30472e-14 0)
(1.5 -1.81935e-14 0)
(1.5 -3.8151e-15 0)
(1.5 -2.61911e-14 0)
(1.5 -2.41147e-14 0)
(1.5 -1.60803e-14 0)
(1.5 -5.94768e-15 0)
(1.5 -3.47779e-14 0)
(1.5 -1.60649e-14 0)
(1.5 -3.9514e-14 0)
(1.5 -8.03166e-16 0)
(1.5 9.64082e-15 0)
(1.5 6.45839e-15 0)
(1.5 6.38064e-15 0)
(1.5 3.02322e-14 0)
(1.5 1.326e-14 0)
(1.5 -1.03164e-14 0)
(1.5 -2.07967e-14 0)
(1.5 -5.60817e-14 0)
(1.5 6.87977e-14 0)
(1.5 1.74045e-13 0)
(1.5 1.58554e-13 0)
(1.5 9.23504e-14 0)
(1.5 1.33217e-13 0)
(1.5 2.22084e-13 0)
(1.5 1.6308e-13 0)
(1.5 8.64865e-14 0)
(1.5 8.03358e-14 0)
(1.5 1.50612e-13 0)
(1.5 1.65334e-13 0)
(1.5 1.78591e-13 0)
(1.5 2.07998e-13 0)
(1.5 3.45375e-13 0)
(1.5 4.88243e-13 0)
(1.5 4.70265e-13 0)
(1.5 4.5369e-13 0)
(1.5 4.274e-13 0)
(1.5 3.41642e-13 0)
(1.5 3.81632e-13 0)
(1.5 4.11687e-13 0)
(1.5 3.88658e-13 0)
(1.5 4.21181e-13 0)
(1.5 4.40812e-13 0)
(1.5 4.07516e-13 0)
(1.5 3.54506e-13 0)
(1.5 2.18217e-13 0)
(1.5 1.67614e-13 0)
(1.5 8.36415e-14 0)
(1.5 5.85444e-14 0)
(1.5 7.09704e-14 0)
(1.5 5.93719e-14 0)
(1.5 5.44146e-14 0)
(1.5 9.38169e-14 0)
(1.5 1.47209e-13 0)
(1.5 9.93565e-14 0)
(1.5 4.78078e-14 0)
(1.5 7.8538e-14 0)
(1.5 7.41647e-14 0)
(1.5 1.26015e-13 0)
(1.5 1.43146e-13 0)
(1.5 1.03846e-13 0)
(1.5 7.95055e-14 0)
(1.5 4.06175e-14 0)
(1.5 -2.14266e-14 0)
(1.5 2.9256e-14 0)
(1.5 1.03076e-13 0)
(1.5 3.73702e-14 0)
(1.5 -7.48603e-14 0)
(1.5 -1.60259e-13 0)
(1.5 -8.58727e-14 0)
(1.5 -9.79827e-14 0)
(1.5 -1.00923e-13 0)
(1.5 -6.97877e-14 0)
(1.5 -1.0986e-13 0)
(1.5 -1.5591e-13 0)
(1.5 -1.65451e-13 0)
(1.5 -1.50659e-13 0)
(1.5 -1.83556e-13 0)
(1.5 -1.82353e-13 0)
(1.5 -2.65627e-13 0)
(1.5 -3.367e-13 0)
(1.5 -3.85615e-13 0)
(1.5 -5.35456e-13 0)
(1.5 -6.5968e-13 0)
(1.5 -6.98783e-13 0)
(1.5 -6.32897e-13 0)
(1.5 -6.03649e-13 0)
(1.5 -5.74336e-13 0)
(1.5 -6.30842e-13 0)
(1.5 -6.76962e-13 0)
(1.5 -6.85091e-13 0)
(1.5 -6.98079e-13 0)
(1.5 -6.61103e-13 0)
(1.5 -8.58746e-13 0)
(1.5 -8.46018e-13 0)
(1.5 -8.02132e-13 0)
(1.5 -8.51109e-13 0)
(1.5 -8.10942e-13 0)
(1.5 -7.90511e-13 0)
(1.5 -8.78334e-13 0)
(1.5 -9.10105e-13 0)
(1.5 -9.12631e-13 0)
(1.5 -7.70542e-13 0)
(1.5 -7.36664e-13 0)
(1.5 -5.57571e-13 0)
(1.5 -2.86776e-13 0)
(1.5 -1.42145e-13 0)
(1.5 -2.5632e-14 0)
(1.5 -4.7903e-14 0)
(1.5 -4.17186e-14 0)
(1.5 -3.21888e-14 0)
(1.5 -1.06743e-13 0)
(1.5 -6.62963e-14 0)
(1.5 3.35683e-14 0)
(1.5 -7.43057e-15 0)
(1.5 -9.05236e-14 0)
(1.5 -2.42658e-13 0)
(1.5 -2.0416e-13 0)
(1.5 -1.87143e-13 0)
(1.5 -1.85583e-13 0)
(1.5 -1.88204e-13 0)
(1.5 -1.58386e-13 0)
(1.5 -1.52695e-13 0)
(1.5 -1.36401e-13 0)
(1.5 3.26929e-14 0)
(1.5 1.06668e-13 0)
(1.5 1.82937e-13 0)
(1.5 3.00234e-13 0)
(1.5 2.8629e-13 0)
(1.5 3.40552e-13 0)
(1.5 3.48442e-13 0)
(1.5 3.04533e-13 0)
(1.5 3.8455e-13 0)
(1.5 4.34608e-13 0)
(1.5 5.07991e-13 0)
(1.5 5.20595e-13 0)
(1.5 4.87024e-13 0)
(1.5 4.39209e-13 0)
(1.5 4.55056e-13 0)
(1.5 4.05277e-13 0)
(1.5 3.68485e-13 0)
(1.5 2.98174e-13 0)
(1.5 2.01671e-13 0)
(1.5 1.44796e-13 0)
(1.5 1.25056e-13 0)
(1.5 1.60215e-13 0)
(1.5 1.79283e-13 0)
(1.5 1.57871e-13 0)
(1.5 1.24351e-13 0)
(1.5 8.18926e-14 0)
(1.5 2.40329e-14 0)
(1.5 -3.97433e-14 0)
(1.5 2.46803e-14 0)
(1.5 2.36292e-14 0)
(1.5 4.63294e-14 0)
(1.5 4.90003e-14 0)
(1.5 1.27976e-13 0)
(1.5 2.49733e-13 0)
(1.5 2.73619e-13 0)
(1.5 2.09033e-13 0)
(1.5 1.34241e-13 0)
(1.5 2.45905e-15 0)
(1.5 -2.44888e-14 0)
(1.5 -1.42559e-14 0)
(1.5 1.48214e-15 0)
(1.5 3.24404e-14 0)
(1.5 -2.2642e-14 0)
(1.5 -3.16024e-14 0)
(1.5 4.09315e-14 0)
(1.5 4.77033e-14 0)
(1.5 9.1264e-14 0)
(1.5 3.89809e-14 0)
(1.5 -1.35001e-14 0)
(1.5 2.87772e-14 0)
(1.5 -3.88215e-14 0)
(1.5 -6.12682e-14 0)
(1.5 -7.34388e-14 0)
(1.5 -6.00438e-14 0)
(1.5 -9.11231e-14 0)
(1.5 -6.94154e-14 0)
(1.5 -7.2776e-14 0)
(1.5 -1.11355e-13 0)
(1.5 -8.64234e-14 0)
(1.5 -1.07209e-13 0)
(1.5 -7.63688e-14 0)
(1.5 -7.40504e-15 0)
(1.5 -3.16563e-14 0)
(1.5 -2.64493e-14 0)
(1.5 -1.01588e-14 0)
(1.5 3.69364e-14 0)
(1.5 7.87705e-14 0)
(1.5 -1.32292e-14 0)
(1.5 -3.58289e-14 0)
(1.5 -1.25551e-13 0)
(1.5 -1.46596e-13 0)
(1.5 -1.78841e-13 0)
(1.5 -1.87186e-13 0)
(1.5 -1.23931e-13 0)
(1.5 -1.24908e-13 0)
(1.5 -9.4273e-14 0)
(1.5 -1.4313e-13 0)
(1.5 -1.04546e-13 0)
(1.5 -8.87661e-14 0)
(1.5 -9.92851e-14 0)
(1.5 -2.67275e-14 0)
(1.5 -6.92001e-15 0)
(1.5 -5.65048e-14 0)
(1.5 -8.64772e-14 0)
(1.5 -8.40728e-14 0)
(1.5 -1.09466e-13 0)
(1.5 -1.14101e-13 0)
(1.5 -8.11023e-14 0)
(1.5 -3.48968e-14 0)
(1.5 -4.12616e-14 0)
(1.5 -5.58728e-14 0)
(1.5 -6.83025e-14 0)
(1.5 -9.26245e-14 0)
(1.5 -1.00582e-13 0)
(1.5 -8.10035e-14 0)
(1.5 7.98669e-15 0)
(1.5 7.63021e-14 0)
(1.5 1.07292e-13 0)
(1.5 1.10299e-13 0)
(1.5 2.07169e-13 0)
(1.5 2.28925e-13 0)
(1.5 1.53676e-13 0)
(1.5 8.72339e-14 0)
(1.5 1.05919e-13 0)
(1.5 1.40151e-13 0)
(1.5 1.85823e-13 0)
(1.5 2.18599e-13 0)
(1.5 1.85819e-13 0)
(1.5 2.78875e-13 0)
(1.5 3.35693e-13 0)
(1.5 3.36732e-13 0)
(1.5 3.89504e-13 0)
(1.5 3.51354e-13 0)
(1.5 2.84433e-13 0)
(1.5 2.8808e-13 0)
(1.5 2.94437e-13 0)
(1.5 3.25237e-13 0)
(1.5 4.08601e-13 0)
(1.5 4.40507e-13 0)
(1.5 3.79977e-13 0)
(1.5 3.51197e-13 0)
(1.5 2.35586e-13 0)
(1.5 1.53138e-13 0)
(1.5 1.05042e-14 0)
(1.5 -2.60921e-14 0)
(1.5 -6.41218e-14 0)
(1.5 -4.12031e-14 0)
(1.5 -1.79804e-14 0)
(1.5 2.61128e-15 0)
(1.5 2.8176e-14 0)
(1.5 1.02308e-14 0)
(1.5 -2.6442e-15 0)
(1.5 3.58358e-14 0)
(1.5 2.37879e-14 0)
(1.5 5.86355e-14 0)
(1.5 1.25058e-13 0)
(1.5 1.48681e-13 0)
(1.5 2.1192e-13 0)
(1.5 2.41832e-13 0)
(1.5 1.14757e-13 0)
(1.5 5.73716e-14 0)
(1.5 6.61538e-14 0)
(1.5 1.12948e-14 0)
(1.5 -3.64119e-14 0)
(1.5 -1.14662e-14 0)
(1.5 5.53537e-14 0)
(1.5 7.58662e-14 0)
(1.5 7.5616e-14 0)
(1.5 2.32139e-14 0)
(1.5 -1.62887e-13 0)
(1.5 -1.67762e-13 0)
(1.5 -1.68652e-13 0)
(1.5 -1.04284e-13 0)
(1.5 -1.55742e-13 0)
(1.5 -1.7782e-13 0)
(1.5 -1.97121e-13 0)
(1.5 -2.90656e-13 0)
(1.5 -4.06195e-13 0)
(1.5 -4.68651e-13 0)
(1.5 -4.77233e-13 0)
(1.5 -5.33248e-13 0)
(1.5 -4.76353e-13 0)
(1.5 -4.21709e-13 0)
(1.5 -4.42548e-13 0)
(1.5 -5.75232e-13 0)
(1.5 -6.19784e-13 0)
(1.5 -6.08429e-13 0)
(1.5 -5.97306e-13 0)
(1.5 -6.21316e-13 0)
(1.5 -8.03809e-13 0)
(1.5 -8.59501e-13 0)
(1.5 -8.54576e-13 0)
(1.5 -8.09624e-13 0)
(1.5 -8.44037e-13 0)
(1.5 -8.72419e-13 0)
(1.5 -9.55374e-13 0)
(1.5 -9.29761e-13 0)
(1.5 -7.79428e-13 0)
(1.5 -7.40552e-13 0)
(1.5 -8.82278e-13 0)
(1.5 -7.66712e-13 0)
(1.5 -5.90739e-13 0)
(1.5 -4.81998e-13 0)
(1.5 -5.28854e-13 0)
(1.5 -5.05964e-13 0)
(1.5 -4.14206e-13 0)
(1.5 -2.63963e-13 0)
(1.5 -2.70665e-13 0)
(1.5 -2.6129e-13 0)
(1.5 -1.78239e-13 0)
(1.5 -1.43626e-13 0)
(1.5 -1.92904e-13 0)
(1.5 -2.57184e-13 0)
(1.5 -3.36045e-13 0)
(1.5 -4.39147e-13 0)
(1.5 -3.89732e-13 0)
(1.5 -3.41775e-13 0)
(1.5 -3.51889e-13 0)
(1.5 -2.54443e-13 0)
(1.5 -2.04865e-13 0)
(1.5 -1.13353e-13 0)
(1.5 4.75309e-14 0)
(1.5 1.18336e-13 0)
(1.5 1.98194e-13 0)
(1.5 2.96864e-13 0)
(1.5 4.49822e-13 0)
(1.5 4.21739e-13 0)
(1.5 3.73216e-13 0)
(1.5 3.41414e-13 0)
(1.5 3.33569e-13 0)
(1.5 3.88356e-13 0)
(1.5 4.17998e-13 0)
(1.5 4.64649e-13 0)
(1.5 3.78575e-13 0)
(1.5 3.15498e-13 0)
(1.5 3.07115e-13 0)
(1.5 2.51006e-13 0)
(1.5 2.21283e-13 0)
(1.5 1.18206e-13 0)
(1.5 3.96968e-14 0)
(1.5 5.09648e-14 0)
(1.5 1.45884e-13 0)
(1.5 1.77982e-13 0)
(1.5 9.84071e-14 0)
(1.5 1.25487e-14 0)
(1.5 -1.28294e-13 0)
(1.5 -1.3209e-13 0)
(1.5 -1.11392e-14 0)
(1.5 -1.5239e-14 0)
(1.5 -2.75312e-14 0)
(1.5 4.29992e-14 0)
(1.5 5.54027e-14 0)
(1.5 1.28332e-13 0)
(1.5 2.18552e-13 0)
(1.5 2.27118e-13 0)
(1.5 2.34488e-13 0)
(1.5 1.66646e-13 0)
(1.5 9.37079e-14 0)
(1.5 1.98903e-14 0)
(1.5 -2.7001e-14 0)
(1.5 -1.66299e-14 0)
(1.5 -2.90676e-14 0)
(1.5 -2.19193e-15 0)
(1.5 -3.69943e-15 0)
(1.5 3.93503e-14 0)
(1.5 4.04465e-14 0)
(1.5 4.74713e-14 0)
(1.5 4.50837e-14 0)
(1.5 6.2673e-14 0)
(1.5 3.37775e-14 0)
(1.5 1.50449e-14 0)
(1.5 -2.0365e-14 0)
(1.5 -3.4357e-14 0)
(1.5 -7.47992e-14 0)
(1.5 -1.00005e-13 0)
(1.5 -2.68348e-14 0)
(1.5 -8.75533e-14 0)
(1.5 -1.21476e-13 0)
(1.5 -1.29382e-13 0)
(1.5 -1.23383e-13 0)
(1.5 -1.47485e-13 0)
(1.5 -5.28936e-14 0)
(1.5 -1.97631e-14 0)
(1.5 1.26972e-14 0)
(1.5 -2.10002e-15 0)
(1.5 1.271e-14 0)
(1.5 1.32894e-14 0)
(1.5 -2.47871e-14 0)
(1.5 -3.3444e-14 0)
(1.5 -3.31344e-14 0)
(1.5 -1.0935e-13 0)
(1.5 -1.23299e-13 0)
(1.5 -1.0706e-13 0)
(1.5 -1.189e-13 0)
(1.5 -6.11323e-14 0)
(1.5 -7.60314e-14 0)
(1.5 -1.63397e-13 0)
(1.5 -1.42114e-13 0)
(1.5 -1.58437e-13 0)
(1.5 -1.2758e-13 0)
(1.5 -4.72814e-14 0)
(1.5 4.92449e-15 0)
(1.5 -2.31194e-14 0)
(1.5 -1.35801e-13 0)
(1.5 -1.37472e-13 0)
(1.5 -1.72687e-13 0)
(1.5 -2.03434e-13 0)
(1.5 -1.74469e-13 0)
(1.5 -1.43255e-13 0)
(1.5 -1.00762e-13 0)
(1.5 -1.01314e-13 0)
(1.5 -8.03355e-14 0)
(1.5 -6.97438e-14 0)
(1.5 -4.05436e-14 0)
(1.5 -5.05879e-15 0)
(1.5 1.28678e-14 0)
(1.5 -1.12837e-14 0)
(1.5 7.90608e-15 0)
(1.5 6.39938e-14 0)
(1.5 1.28384e-13 0)
(1.5 1.43197e-13 0)
(1.5 2.02512e-13 0)
(1.5 2.06055e-13 0)
(1.5 1.77411e-13 0)
(1.5 1.51557e-13 0)
(1.5 2.1473e-13 0)
(1.5 2.37182e-13 0)
(1.5 1.22042e-13 0)
(1.5 1.74444e-13 0)
(1.5 2.03511e-13 0)
(1.5 2.28995e-13 0)
(1.5 2.73032e-13 0)
(1.5 2.453e-13 0)
(1.5 2.41479e-13 0)
(1.5 1.63366e-13 0)
(1.5 1.9175e-13 0)
(1.5 2.97829e-13 0)
(1.5 3.42606e-13 0)
(1.5 3.54144e-13 0)
(1.5 2.84134e-13 0)
(1.5 2.0842e-13 0)
(1.5 2.05065e-13 0)
(1.5 8.06646e-14 0)
(1.5 -1.82121e-14 0)
(1.5 -6.71078e-14 0)
(1.5 -1.94475e-13 0)
(1.5 -1.69787e-13 0)
(1.5 -1.03746e-13 0)
(1.5 -9.35491e-14 0)
(1.5 -6.85847e-14 0)
(1.5 -4.69054e-14 0)
(1.5 1.23482e-14 0)
(1.5 2.87405e-14 0)
(1.5 1.23196e-14 0)
(1.5 -3.3981e-14 0)
(1.5 -1.93589e-14 0)
(1.5 3.88363e-14 0)
(1.5 7.63678e-14 0)
(1.5 1.30296e-13 0)
(1.5 1.34677e-13 0)
(1.5 9.39727e-14 0)
(1.5 6.52754e-14 0)
(1.5 1.52516e-15 0)
(1.5 -5.47644e-14 0)
(1.5 -1.62679e-14 0)
(1.5 -1.91511e-14 0)
(1.5 1.07554e-15 0)
(1.5 2.38442e-14 0)
(1.5 4.21602e-14 0)
(1.5 -6.3663e-14 0)
(1.5 -1.34942e-13 0)
(1.5 -1.69999e-13 0)
(1.5 -1.46124e-13 0)
(1.5 -1.81993e-13 0)
(1.5 -2.38535e-13 0)
(1.5 -2.14509e-13 0)
(1.5 -2.55001e-13 0)
(1.5 -4.30805e-13 0)
(1.5 -4.27199e-13 0)
(1.5 -4.51517e-13 0)
(1.5 -5.297e-13 0)
(1.5 -5.72417e-13 0)
(1.5 -5.09962e-13 0)
(1.5 -5.31872e-13 0)
(1.5 -6.011e-13 0)
(1.5 -6.05488e-13 0)
(1.5 -5.92694e-13 0)
(1.5 -5.1967e-13 0)
(1.5 -6.30925e-13 0)
(1.5 -7.83872e-13 0)
(1.5 -9.11308e-13 0)
(1.5 -9.22275e-13 0)
(1.5 -8.62382e-13 0)
(1.5 -9.21288e-13 0)
(1.5 -1.0578e-12 0)
(1.5 -1.1058e-12 0)
(1.5 -1.04427e-12 0)
(1.5 -8.61957e-13 0)
(1.5 -7.98502e-13 0)
(1.5 -8.98079e-13 0)
(1.5 -8.22277e-13 0)
(1.5 -7.56889e-13 0)
(1.5 -7.97639e-13 0)
(1.5 -8.10761e-13 0)
(1.5 -7.87301e-13 0)
(1.5 -6.2177e-13 0)
(1.5 -4.15515e-13 0)
(1.5 -3.31652e-13 0)
(1.5 -3.50532e-13 0)
(1.5 -3.83463e-13 0)
(1.5 -3.64427e-13 0)
(1.5 -3.67209e-13 0)
(1.5 -3.75418e-13 0)
(1.5 -5.55486e-13 0)
(1.5 -7.36291e-13 0)
(1.5 -6.56127e-13 0)
(1.5 -5.75712e-13 0)
(1.5 -5.07732e-13 0)
(1.5 -3.82974e-13 0)
(1.5 -3.06422e-13 0)
(1.5 -2.77719e-13 0)
(1.5 -1.456e-13 0)
(1.5 -2.7845e-14 0)
(1.5 7.8853e-14 0)
(1.5 2.84979e-13 0)
(1.5 4.51435e-13 0)
(1.5 3.70067e-13 0)
(1.5 2.97972e-13 0)
(1.5 2.42512e-13 0)
(1.5 2.6686e-13 0)
(1.5 3.714e-13 0)
(1.5 4.14e-13 0)
(1.5 4.05614e-13 0)
(1.5 3.23635e-13 0)
(1.5 2.63369e-13 0)
(1.5 3.00354e-13 0)
(1.5 2.80317e-13 0)
(1.5 1.77887e-13 0)
(1.5 7.82687e-14 0)
(1.5 1.11709e-14 0)
(1.5 6.0052e-14 0)
(1.5 3.33079e-14 0)
(1.5 5.24585e-14 0)
(1.5 1.53802e-14 0)
(1.5 -5.23177e-14 0)
(1.5 -1.2967e-13 0)
(1.5 -1.20723e-13 0)
(1.5 8.33304e-14 0)
(1.5 7.92447e-14 0)
(1.5 1.15002e-13 0)
(1.5 1.23408e-13 0)
(1.5 1.21872e-13 0)
(1.5 1.2826e-13 0)
(1.5 7.84054e-14 0)
(1.5 7.35987e-14 0)
(1.5 8.5947e-14 0)
(1.5 6.32677e-14 0)
(1.5 6.09355e-14 0)
(1.5 -1.10753e-14 0)
(1.5 -4.35505e-14 0)
(1.5 -1.43219e-14 0)
(1.5 -7.84158e-14 0)
(1.5 -7.74651e-14 0)
(1.5 -8.18639e-14 0)
(1.5 -6.40449e-14 0)
(1.5 5.93806e-15 0)
(1.5 4.09907e-15 0)
(1.5 5.24541e-14 0)
(1.5 9.20796e-14 0)
(1.5 1.32415e-14 0)
(1.5 4.91699e-14 0)
(1.5 2.50609e-14 0)
(1.5 -3.73722e-14 0)
(1.5 -9.73509e-14 0)
(1.5 -7.08134e-14 0)
(1.5 -3.8525e-14 0)
(1.5 -6.47811e-14 0)
(1.5 -6.46261e-14 0)
(1.5 -1.4422e-13 0)
(1.5 -1.36105e-13 0)
(1.5 -1.44649e-13 0)
(1.5 -3.39931e-14 0)
(1.5 5.85748e-14 0)
(1.5 7.2734e-14 0)
(1.5 6.36321e-14 0)
(1.5 1.00787e-13 0)
(1.5 1.26047e-14 0)
(1.5 1.36914e-15 0)
(1.5 1.02566e-14 0)
(1.5 2.36686e-14 0)
(1.5 -2.63249e-14 0)
(1.5 -4.78831e-14 0)
(1.5 -3.50753e-14 0)
(1.5 -7.17453e-14 0)
(1.5 -2.89715e-14 0)
(1.5 -7.2419e-14 0)
(1.5 -9.44393e-14 0)
(1.5 -1.15285e-13 0)
(1.5 -1.6746e-13 0)
(1.5 -1.75538e-13 0)
(1.5 -1.00704e-13 0)
(1.5 2.46978e-14 0)
(1.5 1.98119e-15 0)
(1.5 -1.17293e-13 0)
(1.5 -1.04655e-13 0)
(1.5 -1.40929e-13 0)
(1.5 -1.73817e-13 0)
(1.5 -1.50469e-13 0)
(1.5 -1.40358e-13 0)
(1.5 -1.13461e-13 0)
(1.5 -5.14841e-14 0)
(1.5 -1.38349e-14 0)
(1.5 2.63009e-14 0)
(1.5 2.75251e-14 0)
(1.5 4.87007e-14 0)
(1.5 5.24351e-14 0)
(1.5 1.53369e-14 0)
(1.5 1.71531e-15 0)
(1.5 8.79683e-14 0)
(1.5 1.27593e-13 0)
(1.5 1.3413e-13 0)
(1.5 2.25402e-13 0)
(1.5 2.81178e-13 0)
(1.5 2.65746e-13 0)
(1.5 2.15722e-13 0)
(1.5 2.12666e-13 0)
(1.5 1.61905e-13 0)
(1.5 4.31918e-14 0)
(1.5 7.5547e-14 0)
(1.5 1.24039e-13 0)
(1.5 1.70343e-13 0)
(1.5 2.01106e-13 0)
(1.5 2.10436e-13 0)
(1.5 2.78435e-13 0)
(1.5 2.60133e-13 0)
(1.5 2.65324e-13 0)
(1.5 3.68242e-13 0)
(1.5 3.44779e-13 0)
(1.5 3.18507e-13 0)
(1.5 2.38691e-13 0)
(1.5 1.37395e-13 0)
(1.5 1.62505e-13 0)
(1.5 6.17839e-14 0)
(1.5 4.78073e-14 0)
(1.5 -3.8284e-14 0)
(1.5 -1.14615e-13 0)
(1.5 -1.34043e-13 0)
(1.5 -1.65865e-13 0)
(1.5 -1.61086e-13 0)
(1.5 -1.16215e-13 0)
(1.5 -8.78036e-14 0)
(1.5 -8.5242e-14 0)
(1.5 -8.12862e-14 0)
(1.5 1.51637e-15 0)
(1.5 -4.2932e-14 0)
(1.5 -4.80823e-14 0)
(1.5 -6.89957e-14 0)
(1.5 -1.36393e-13 0)
(1.5 -1.33337e-13 0)
(1.5 -1.9088e-14 0)
(1.5 1.26133e-15 0)
(1.5 1.00518e-14 0)
(1.5 -6.38217e-14 0)
(1.5 -5.16695e-14 0)
(1.5 -9.79814e-14 0)
(1.5 -7.76917e-14 0)
(1.5 -1.08544e-13 0)
(1.5 -1.60834e-13 0)
(1.5 -1.25101e-13 0)
(1.5 -4.57948e-14 0)
(1.5 -8.40711e-14 0)
(1.5 -1.26313e-13 0)
(1.5 -1.31731e-13 0)
(1.5 -1.66788e-13 0)
(1.5 -2.3567e-13 0)
(1.5 -2.49758e-13 0)
(1.5 -2.92831e-13 0)
(1.5 -3.6597e-13 0)
(1.5 -3.55728e-13 0)
(1.5 -5.16132e-13 0)
(1.5 -6.04266e-13 0)
(1.5 -7.00821e-13 0)
(1.5 -6.85105e-13 0)
(1.5 -6.38141e-13 0)
(1.5 -6.71065e-13 0)
(1.5 -6.64594e-13 0)
(1.5 -5.59749e-13 0)
(1.5 -5.18867e-13 0)
(1.5 -6.11293e-13 0)
(1.5 -7.04465e-13 0)
(1.5 -8.01545e-13 0)
(1.5 -8.90257e-13 0)
(1.5 -8.53715e-13 0)
(1.5 -8.85242e-13 0)
(1.5 -1.06807e-12 0)
(1.5 -1.07825e-12 0)
(1.5 -1.01916e-12 0)
(1.5 -8.62854e-13 0)
(1.5 -7.29403e-13 0)
(1.5 -7.33153e-13 0)
(1.5 -7.43225e-13 0)
(1.5 -7.16537e-13 0)
(1.5 -7.03456e-13 0)
(1.5 -6.87841e-13 0)
(1.5 -7.59057e-13 0)
(1.5 -6.72931e-13 0)
(1.5 -5.69209e-13 0)
(1.5 -4.51294e-13 0)
(1.5 -4.52694e-13 0)
(1.5 -5.33884e-13 0)
(1.5 -5.82001e-13 0)
(1.5 -6.00682e-13 0)
(1.5 -6.51652e-13 0)
(1.5 -7.95293e-13 0)
(1.5 -9.71605e-13 0)
(1.5 -9.24843e-13 0)
(1.5 -7.74372e-13 0)
(1.5 -6.52428e-13 0)
(1.5 -5.83582e-13 0)
(1.5 -4.88014e-13 0)
(1.5 -4.55109e-13 0)
(1.5 -3.12299e-13 0)
(1.5 -1.26875e-13 0)
(1.5 -7.63844e-14 0)
(1.5 1.21466e-13 0)
(1.5 2.455e-13 0)
(1.5 2.80875e-13 0)
(1.5 2.55467e-13 0)
(1.5 2.2189e-13 0)
(1.5 2.79839e-13 0)
(1.5 3.84251e-13 0)
(1.5 4.00598e-13 0)
(1.5 3.21541e-13 0)
(1.5 2.91794e-13 0)
(1.5 2.82647e-13 0)
(1.5 3.22697e-13 0)
(1.5 2.72884e-13 0)
(1.5 1.59117e-13 0)
(1.5 1.09559e-13 0)
(1.5 1.24982e-13 0)
(1.5 7.93762e-14 0)
(1.5 -4.06442e-14 0)
(1.5 -1.41235e-14 0)
(1.5 -3.32459e-14 0)
(1.5 -7.33629e-14 0)
(1.5 -5.35547e-14 0)
(1.5 7.36181e-15 0)
(1.5 6.20758e-14 0)
(1.5 1.0814e-13 0)
(1.5 1.67663e-13 0)
(1.5 1.793e-13 0)
(1.5 2.19499e-13 0)
(1.5 1.39734e-13 0)
(1.5 2.44e-14 0)
(1.5 1.31309e-14 0)
(1.5 -6.71268e-15 0)
(1.5 -6.06069e-14 0)
(1.5 -8.9841e-14 0)
(1.5 -9.6767e-14 0)
(1.5 -5.53998e-14 0)
(1.5 -1.26342e-14 0)
(1.5 -7.17687e-14 0)
(1.5 -1.63226e-13 0)
(1.5 -1.54494e-13 0)
(1.5 -1.41357e-13 0)
(1.5 -3.88487e-14 0)
(1.5 2.43959e-14 0)
(1.5 5.22557e-14 0)
(1.5 2.56304e-14 0)
(1.5 1.39491e-14 0)
(1.5 4.44157e-14 0)
(1.5 3.39757e-14 0)
(1.5 -9.96021e-15 0)
(1.5 -3.83485e-14 0)
(1.5 -4.76769e-15 0)
(1.5 -7.4892e-14 0)
(1.5 -8.76144e-14 0)
(1.5 -8.47382e-14 0)
(1.5 -1.24559e-13 0)
(1.5 -1.01246e-13 0)
(1.5 -3.35896e-14 0)
(1.5 -1.61221e-14 0)
(1.5 1.51474e-14 0)
(1.5 -5.37842e-15 0)
(1.5 5.97117e-15 0)
(1.5 5.51878e-14 0)
(1.5 4.48901e-14 0)
(1.5 6.12028e-14 0)
(1.5 4.28717e-14 0)
(1.5 5.59151e-14 0)
(1.5 5.7228e-14 0)
(1.5 6.00354e-14 0)
(1.5 4.01109e-14 0)
(1.5 -5.71269e-15 0)
(1.5 1.61377e-14 0)
(1.5 -1.02224e-14 0)
(1.5 -3.98854e-14 0)
(1.5 -1.23055e-13 0)
(1.5 -1.58888e-13 0)
(1.5 -1.3537e-13 0)
(1.5 -1.17871e-13 0)
(1.5 -4.26362e-14 0)
(1.5 -3.14071e-14 0)
(1.5 -1.59358e-14 0)
(1.5 3.76963e-15 0)
(1.5 -3.51068e-14 0)
(1.5 -1.03698e-13 0)
(1.5 -8.29305e-14 0)
(1.5 -9.6873e-14 0)
(1.5 -1.33607e-13 0)
(1.5 -7.1317e-14 0)
(1.5 -1.96207e-14 0)
(1.5 5.79425e-14 0)
(1.5 5.65213e-14 0)
(1.5 7.8532e-14 0)
(1.5 6.18643e-14 0)
(1.5 6.02312e-14 0)
(1.5 7.24397e-14 0)
(1.5 1.65509e-13 0)
(1.5 1.81095e-13 0)
(1.5 1.64185e-13 0)
(1.5 1.59405e-13 0)
(1.5 2.26032e-13 0)
(1.5 1.91312e-13 0)
(1.5 1.60705e-13 0)
(1.5 1.40917e-13 0)
(1.5 7.67413e-14 0)
(1.5 6.37834e-14 0)
(1.5 3.69074e-14 0)
(1.5 5.93381e-14 0)
(1.5 9.7959e-14 0)
(1.5 1.29042e-13 0)
(1.5 1.50379e-13 0)
(1.5 2.48328e-13 0)
(1.5 3.14824e-13 0)
(1.5 3.39457e-13 0)
(1.5 3.61717e-13 0)
(1.5 3.45011e-13 0)
(1.5 3.44547e-13 0)
(1.5 2.94493e-13 0)
(1.5 1.97752e-13 0)
(1.5 1.6509e-13 0)
(1.5 1.07462e-13 0)
(1.5 2.66335e-14 0)
(1.5 -7.48912e-14 0)
(1.5 -9.14486e-14 0)
(1.5 -1.17226e-13 0)
(1.5 -2.1182e-13 0)
(1.5 -1.60931e-13 0)
(1.5 -1.15237e-13 0)
(1.5 -1.15864e-13 0)
(1.5 -1.00644e-13 0)
(1.5 -5.64258e-14 0)
(1.5 3.01029e-14 0)
(1.5 1.0132e-14 0)
(1.5 1.7134e-14 0)
(1.5 -6.69357e-14 0)
(1.5 -1.43904e-13 0)
(1.5 -9.96536e-14 0)
(1.5 4.90941e-14 0)
(1.5 8.71178e-14 0)
(1.5 1.62555e-14 0)
(1.5 -4.45175e-15 0)
(1.5 7.43326e-14 0)
(1.5 -2.59014e-14 0)
(1.5 -1.89285e-14 0)
(1.5 -5.60391e-14 0)
(1.5 -1.31995e-13 0)
(1.5 -1.25361e-13 0)
(1.5 -7.4215e-14 0)
(1.5 -4.09581e-14 0)
(1.5 -1.13512e-13 0)
(1.5 -1.42817e-13 0)
(1.5 -1.01189e-13 0)
(1.5 -5.29131e-14 0)
(1.5 -1.13104e-13 0)
(1.5 -2.07397e-13 0)
(1.5 -2.07086e-13 0)
(1.5 -1.69178e-13 0)
(1.5 -3.55258e-13 0)
(1.5 -4.78453e-13 0)
(1.5 -5.36184e-13 0)
(1.5 -5.33694e-13 0)
(1.5 -4.52547e-13 0)
(1.5 -4.97818e-13 0)
(1.5 -5.16083e-13 0)
(1.5 -5.13468e-13 0)
(1.5 -5.49416e-13 0)
(1.5 -5.29653e-13 0)
(1.5 -5.12805e-13 0)
(1.5 -5.38227e-13 0)
(1.5 -6.96347e-13 0)
(1.5 -7.28882e-13 0)
(1.5 -7.78156e-13 0)
(1.5 -8.81387e-13 0)
(1.5 -9.01312e-13 0)
(1.5 -8.5233e-13 0)
(1.5 -7.31291e-13 0)
(1.5 -6.7405e-13 0)
(1.5 -6.49581e-13 0)
(1.5 -6.31892e-13 0)
(1.5 -6.38118e-13 0)
(1.5 -5.69295e-13 0)
(1.5 -5.76619e-13 0)
(1.5 -6.2925e-13 0)
(1.5 -5.9068e-13 0)
(1.5 -5.95943e-13 0)
(1.5 -5.55408e-13 0)
(1.5 -5.41027e-13 0)
(1.5 -6.45145e-13 0)
(1.5 -6.11469e-13 0)
(1.5 -6.12635e-13 0)
(1.5 -6.70134e-13 0)
(1.5 -7.33838e-13 0)
(1.5 -9.16599e-13 0)
(1.5 -9.41357e-13 0)
(1.5 -8.78313e-13 0)
(1.5 -8.30753e-13 0)
(1.5 -7.16907e-13 0)
(1.5 -5.80897e-13 0)
(1.5 -4.85484e-13 0)
(1.5 -3.38482e-13 0)
(1.5 -9.25888e-14 0)
(1.5 -1.10357e-14 0)
(1.5 7.1708e-14 0)
(1.5 2.03724e-13 0)
(1.5 3.95375e-13 0)
(1.5 4.53348e-13 0)
(1.5 4.02275e-13 0)
(1.5 3.67452e-13 0)
(1.5 4.20332e-13 0)
(1.5 4.02887e-13 0)
(1.5 3.38195e-13 0)
(1.5 2.63952e-13 0)
(1.5 2.44397e-13 0)
(1.5 2.44861e-13 0)
(1.5 1.54913e-13 0)
(1.5 1.15281e-13 0)
(1.5 1.26528e-13 0)
(1.5 1.87932e-13 0)
(1.5 1.51934e-13 0)
(1.5 7.26768e-14 0)
(1.5 4.9302e-14 0)
(1.5 -4.0269e-14 0)
(1.5 -2.84213e-14 0)
(1.5 3.60173e-14 0)
(1.5 7.48658e-14 0)
(1.5 1.59241e-14 0)
(1.5 4.80894e-14 0)
(1.5 7.95261e-14 0)
(1.5 1.20287e-13 0)
(1.5 1.21841e-13 0)
(1.5 3.12684e-14 0)
(1.5 1.8057e-14 0)
(1.5 1.6215e-14 0)
(1.5 -2.82763e-14 0)
(1.5 -9.14797e-14 0)
(1.5 -1.42489e-13 0)
(1.5 -1.69763e-13 0)
(1.5 -1.33997e-13 0)
(1.5 -7.16399e-14 0)
(1.5 -7.5118e-14 0)
(1.5 -1.42546e-13 0)
(1.5 -1.01093e-13 0)
(1.5 -1.12033e-13 0)
(1.5 -4.92829e-14 0)
(1.5 6.84221e-14 0)
(1.5 9.75992e-14 0)
(1.5 5.94781e-14 0)
(1.5 1.01258e-14 0)
(1.5 -3.19403e-14 0)
(1.5 -7.45819e-14 0)
(1.5 -3.85974e-14 0)
(1.5 -4.6037e-14 0)
(1.5 -8.95524e-14 0)
(1.5 -8.61006e-14 0)
(1.5 -8.75952e-14 0)
(1.5 -9.05486e-14 0)
(1.5 -4.49342e-14 0)
(1.5 -3.25037e-15 0)
(1.5 8.46054e-14 0)
(1.5 1.98398e-14 0)
(1.5 -1.59168e-14 0)
(1.5 -1.11863e-14 0)
(1.5 -6.80172e-15 0)
(1.5 1.83886e-14 0)
(1.5 4.7041e-14 0)
(1.5 3.76519e-14 0)
(1.5 -8.74631e-15 0)
(1.5 5.44647e-14 0)
(1.5 5.9012e-15 0)
(1.5 8.16228e-14 0)
(1.5 1.17163e-13 0)
(1.5 5.34262e-14 0)
(1.5 4.66993e-14 0)
(1.5 4.88535e-14 0)
(1.5 -1.36205e-14 0)
(1.5 -7.90933e-14 0)
(1.5 -1.15448e-13 0)
(1.5 -9.57939e-14 0)
(1.5 -1.38034e-13 0)
(1.5 -1.68759e-13 0)
(1.5 -1.38516e-13 0)
(1.5 -6.63384e-14 0)
(1.5 -5.59645e-15 0)
(1.5 -1.28628e-15 0)
(1.5 -5.07959e-14 0)
(1.5 -4.45039e-14 0)
(1.5 -8.26523e-14 0)
(1.5 -1.36607e-13 0)
(1.5 -1.11603e-13 0)
(1.5 -6.07594e-14 0)
(1.5 2.49389e-14 0)
(1.5 1.10156e-13 0)
(1.5 1.52526e-13 0)
(1.5 1.09473e-13 0)
(1.5 1.00458e-13 0)
(1.5 5.52431e-14 0)
(1.5 1.60498e-13 0)
(1.5 1.63017e-13 0)
(1.5 1.50168e-13 0)
(1.5 1.70255e-13 0)
(1.5 1.47343e-13 0)
(1.5 1.10538e-13 0)
(1.5 1.23583e-13 0)
(1.5 9.73616e-14 0)
(1.5 1.1712e-13 0)
(1.5 1.4272e-13 0)
(1.5 5.11873e-14 0)
(1.5 5.826e-14 0)
(1.5 7.00802e-14 0)
(1.5 1.20307e-13 0)
(1.5 1.60364e-13 0)
(1.5 2.50821e-13 0)
(1.5 2.93352e-13 0)
(1.5 2.80558e-13 0)
(1.5 2.98332e-13 0)
(1.5 2.90201e-13 0)
(1.5 3.2629e-13 0)
(1.5 3.42797e-13 0)
(1.5 2.75054e-13 0)
(1.5 1.7701e-13 0)
(1.5 6.45627e-14 0)
(1.5 -6.88213e-14 0)
(1.5 -1.19736e-13 0)
(1.5 -1.40249e-13 0)
(1.5 -1.5519e-13 0)
(1.5 -1.84081e-13 0)
(1.5 -2.14291e-13 0)
(1.5 -2.32678e-13 0)
(1.5 -2.70623e-13 0)
(1.5 -1.67374e-13 0)
(1.5 -6.78723e-14 0)
(1.5 -5.60372e-15 0)
(1.5 4.36532e-14 0)
(1.5 7.34757e-14 0)
(1.5 2.66617e-14 0)
(1.5 -1.85427e-14 0)
(1.5 6.55214e-14 0)
(1.5 1.53577e-13 0)
(1.5 1.781e-13 0)
(1.5 7.34401e-14 0)
(1.5 1.0562e-13 0)
(1.5 1.34557e-13 0)
(1.5 8.92466e-14 0)
(1.5 2.13566e-15 0)
(1.5 -6.95774e-14 0)
(1.5 -2.34766e-14 0)
(1.5 -3.74165e-15 0)
(1.5 -5.73028e-14 0)
(1.5 -6.32682e-14 0)
(1.5 -8.41509e-14 0)
(1.5 -1.21326e-13 0)
(1.5 9.45655e-15 0)
(1.5 5.39813e-14 0)
(1.5 -3.74309e-14 0)
(1.5 -1.08206e-13 0)
(1.5 -1.17937e-13 0)
(1.5 -6.96932e-14 0)
(1.5 -2.07037e-13 0)
(1.5 -3.57037e-13 0)
(1.5 -3.88492e-13 0)
(1.5 -3.92161e-13 0)
(1.5 -3.84322e-13 0)
(1.5 -4.06089e-13 0)
(1.5 -3.97384e-13 0)
(1.5 -4.65694e-13 0)
(1.5 -5.44731e-13 0)
(1.5 -4.62181e-13 0)
(1.5 -4.05236e-13 0)
(1.5 -4.77505e-13 0)
(1.5 -5.67417e-13 0)
(1.5 -5.93598e-13 0)
(1.5 -6.47603e-13 0)
(1.5 -7.42828e-13 0)
(1.5 -7.31598e-13 0)
(1.5 -6.67675e-13 0)
(1.5 -6.97113e-13 0)
(1.5 -6.44394e-13 0)
(1.5 -5.96493e-13 0)
(1.5 -6.07347e-13 0)
(1.5 -6.0322e-13 0)
(1.5 -5.71029e-13 0)
(1.5 -5.22353e-13 0)
(1.5 -5.19658e-13 0)
(1.5 -5.41236e-13 0)
(1.5 -5.92101e-13 0)
(1.5 -5.74816e-13 0)
(1.5 -5.86517e-13 0)
(1.5 -7.15016e-13 0)
(1.5 -6.83884e-13 0)
(1.5 -6.54919e-13 0)
(1.5 -6.04373e-13 0)
(1.5 -5.05879e-13 0)
(1.5 -6.51514e-13 0)
(1.5 -7.28829e-13 0)
(1.5 -7.94811e-13 0)
(1.5 -8.1461e-13 0)
(1.5 -7.04966e-13 0)
(1.5 -5.78046e-13 0)
(1.5 -4.73239e-13 0)
(1.5 -3.70683e-13 0)
(1.5 -2.12332e-13 0)
(1.5 4.68422e-15 0)
(1.5 1.0952e-13 0)
(1.5 2.17287e-13 0)
(1.5 3.82465e-13 0)
(1.5 4.78976e-13 0)
(1.5 4.47339e-13 0)
(1.5 3.16774e-13 0)
(1.5 3.26016e-13 0)
(1.5 3.21759e-13 0)
(1.5 2.28579e-13 0)
(1.5 1.18994e-13 0)
(1.5 7.74442e-14 0)
(1.5 9.1144e-14 0)
(1.5 1.07952e-13 0)
(1.5 1.20101e-13 0)
(1.5 1.00501e-13 0)
(1.5 1.2424e-13 0)
(1.5 1.85423e-13 0)
(1.5 1.49401e-13 0)
(1.5 5.60133e-14 0)
(1.5 2.99731e-14 0)
(1.5 2.23009e-14 0)
(1.5 8.14097e-14 0)
(1.5 7.72038e-14 0)
(1.5 1.96246e-15 0)
(1.5 2.42238e-14 0)
(1.5 -3.73871e-15 0)
(1.5 3.83481e-14 0)
(1.5 4.97918e-14 0)
(1.5 6.96472e-14 0)
(1.5 1.15892e-13 0)
(1.5 1.29811e-13 0)
(1.5 6.8189e-14 0)
(1.5 3.63385e-14 0)
(1.5 7.53212e-15 0)
(1.5 -4.91708e-14 0)
(1.5 -6.03395e-14 0)
(1.5 -7.64186e-14 0)
(1.5 -8.51211e-14 0)
(1.5 -8.8005e-14 0)
(1.5 -7.66017e-14 0)
(1.5 -1.1839e-13 0)
(1.5 -9.33616e-14 0)
(1.5 2.20069e-14 0)
(1.5 7.38322e-14 0)
(1.5 7.76511e-14 0)
(1.5 4.30154e-14 0)
(1.5 -9.9526e-15 0)
(1.5 -5.59919e-14 0)
(1.5 -3.67916e-14 0)
(1.5 -4.03306e-14 0)
(1.5 -2.60713e-14 0)
(1.5 4.64346e-14 0)
(1.5 8.93283e-14 0)
(1.5 6.38332e-14 0)
(1.5 5.04636e-14 0)
(1.5 5.76212e-14 0)
(1.5 9.90463e-14 0)
(1.5 7.33579e-14 0)
(1.5 8.82426e-14 0)
(1.5 1.16622e-13 0)
(1.5 9.06895e-14 0)
(1.5 7.52905e-14 0)
(1.5 3.75001e-14 0)
(1.5 -2.75188e-14 0)
(1.5 -3.53828e-14 0)
(1.5 2.99948e-14 0)
(1.5 -2.41032e-14 0)
(1.5 3.12634e-14 0)
(1.5 3.83656e-14 0)
(1.5 3.4118e-14 0)
(1.5 2.51325e-14 0)
(1.5 7.17601e-14 0)
(1.5 1.31761e-14 0)
(1.5 -1.30202e-14 0)
(1.5 -2.26413e-14 0)
(1.5 -6.52496e-15 0)
(1.5 -9.24408e-14 0)
(1.5 -1.49516e-13 0)
(1.5 -1.42465e-13 0)
(1.5 -1.52022e-13 0)
(1.5 -1.16023e-13 0)
(1.5 -5.99936e-14 0)
(1.5 4.16259e-15 0)
(1.5 1.12902e-14 0)
(1.5 3.25199e-14 0)
(1.5 4.76558e-15 0)
(1.5 1.99486e-14 0)
(1.5 6.52336e-15 0)
(1.5 6.42342e-14 0)
(1.5 1.7212e-13 0)
(1.5 2.08491e-13 0)
(1.5 1.82596e-13 0)
(1.5 2.09978e-13 0)
(1.5 1.29251e-13 0)
(1.5 1.2967e-13 0)
(1.5 1.78729e-13 0)
(1.5 1.68898e-13 0)
(1.5 1.72268e-13 0)
(1.5 1.39666e-13 0)
(1.5 1.65545e-13 0)
(1.5 2.04928e-13 0)
(1.5 1.62738e-13 0)
(1.5 1.74106e-13 0)
(1.5 1.86593e-13 0)
(1.5 1.07441e-13 0)
(1.5 4.16196e-14 0)
(1.5 7.79902e-14 0)
(1.5 1.36622e-13 0)
(1.5 1.81459e-13 0)
(1.5 2.41537e-13 0)
(1.5 2.23007e-13 0)
(1.5 1.66119e-13 0)
(1.5 2.06343e-13 0)
(1.5 1.95935e-13 0)
(1.5 1.77686e-13 0)
(1.5 2.45916e-13 0)
(1.5 2.22165e-13 0)
(1.5 1.18953e-13 0)
(1.5 4.81198e-14 0)
(1.5 -5.95011e-14 0)
(1.5 -1.17343e-13 0)
(1.5 -1.20066e-13 0)
(1.5 -1.38143e-13 0)
(1.5 -1.69086e-13 0)
(1.5 -2.1567e-13 0)
(1.5 -2.02003e-13 0)
(1.5 -2.34381e-13 0)
(1.5 -1.80487e-13 0)
(1.5 -1.10484e-13 0)
(1.5 6.43923e-15 0)
(1.5 1.50652e-13 0)
(1.5 1.46275e-13 0)
(1.5 1.10081e-13 0)
(1.5 1.31244e-13 0)
(1.5 1.06352e-13 0)
(1.5 4.5972e-14 0)
(1.5 9.49043e-14 0)
(1.5 1.64262e-13 0)
(1.5 1.59111e-13 0)
(1.5 1.56232e-13 0)
(1.5 1.89167e-13 0)
(1.5 7.5371e-14 0)
(1.5 3.55569e-14 0)
(1.5 8.35623e-14 0)
(1.5 1.80441e-14 0)
(1.5 -2.82468e-14 0)
(1.5 -5.49667e-14 0)
(1.5 -2.47369e-14 0)
(1.5 -2.26295e-14 0)
(1.5 3.63941e-14 0)
(1.5 -1.20919e-15 0)
(1.5 -3.87114e-14 0)
(1.5 -4.19763e-14 0)
(1.5 -4.99234e-14 0)
(1.5 -8.68629e-14 0)
(1.5 -1.171e-13 0)
(1.5 -1.62634e-13 0)
(1.5 -1.87442e-13 0)
(1.5 -2.34487e-13 0)
(1.5 -2.91544e-13 0)
(1.5 -3.59638e-13 0)
(1.5 -3.74518e-13 0)
(1.5 -3.82564e-13 0)
(1.5 -4.56381e-13 0)
(1.5 -4.40107e-13 0)
(1.5 -4.17524e-13 0)
(1.5 -5.18949e-13 0)
(1.5 -5.21736e-13 0)
(1.5 -4.69165e-13 0)
(1.5 -4.30057e-13 0)
(1.5 -5.20345e-13 0)
(1.5 -5.0425e-13 0)
(1.5 -5.40709e-13 0)
(1.5 -5.94414e-13 0)
(1.5 -5.31967e-13 0)
(1.5 -5.35938e-13 0)
(1.5 -5.90591e-13 0)
(1.5 -5.07076e-13 0)
(1.5 -4.48403e-13 0)
(1.5 -4.28367e-13 0)
(1.5 -4.31139e-13 0)
(1.5 -4.80862e-13 0)
(1.5 -5.15353e-13 0)
(1.5 -5.65042e-13 0)
(1.5 -5.74132e-13 0)
(1.5 -5.64501e-13 0)
(1.5 -6.7891e-13 0)
(1.5 -6.62306e-13 0)
(1.5 -4.69276e-13 0)
(1.5 -3.64096e-13 0)
(1.5 -5.20123e-13 0)
(1.5 -6.10107e-13 0)
(1.5 -6.6405e-13 0)
(1.5 -6.55322e-13 0)
(1.5 -5.86283e-13 0)
(1.5 -5.40705e-13 0)
(1.5 -4.55808e-13 0)
(1.5 -3.47651e-13 0)
(1.5 -2.42698e-13 0)
(1.5 -4.00728e-14 0)
(1.5 2.60147e-15 0)
(1.5 1.0767e-13 0)
(1.5 2.75415e-13 0)
(1.5 3.69709e-13 0)
(1.5 3.89471e-13 0)
(1.5 2.78402e-13 0)
(1.5 2.29375e-13 0)
(1.5 2.0477e-13 0)
(1.5 1.33861e-13 0)
(1.5 6.99826e-14 0)
(1.5 1.54054e-14 0)
(1.5 3.73119e-14 0)
(1.5 1.16187e-13 0)
(1.5 9.001e-14 0)
(1.5 9.74545e-14 0)
(1.5 1.169e-13 0)
(1.5 1.9285e-13 0)
(1.5 1.52944e-13 0)
(1.5 6.85232e-14 0)
(1.5 1.29949e-13 0)
(1.5 1.12268e-13 0)
(1.5 1.42565e-13 0)
(1.5 7.21773e-14 0)
(1.5 -2.32201e-14 0)
(1.5 -1.33511e-14 0)
(1.5 -4.70999e-14 0)
(1.5 -1.72396e-14 0)
(1.5 3.21383e-14 0)
(1.5 9.70654e-14 0)
(1.5 8.83896e-14 0)
(1.5 9.10487e-14 0)
(1.5 6.85134e-14 0)
(1.5 9.39313e-14 0)
(1.5 1.14821e-13 0)
(1.5 6.16605e-14 0)
(1.5 2.82699e-14 0)
(1.5 -2.15225e-14 0)
(1.5 -2.33817e-14 0)
(1.5 -1.42828e-14 0)
(1.5 -8.37918e-14 0)
(1.5 -9.41937e-14 0)
(1.5 -1.47136e-13 0)
(1.5 -1.01176e-13 0)
(1.5 -7.21661e-14 0)
(1.5 -1.16342e-13 0)
(1.5 -1.09007e-13 0)
(1.5 -1.02645e-13 0)
(1.5 -1.01348e-13 0)
(1.5 -5.95577e-14 0)
(1.5 -1.24149e-14 0)
(1.5 7.08989e-14 0)
(1.5 1.38314e-13 0)
(1.5 1.88627e-13 0)
(1.5 1.28023e-13 0)
(1.5 6.18048e-14 0)
(1.5 3.50211e-14 0)
(1.5 4.43106e-14 0)
(1.5 5.69272e-14 0)
(1.5 5.54161e-14 0)
(1.5 6.31432e-14 0)
(1.5 1.9488e-14 0)
(1.5 -5.06625e-14 0)
(1.5 -4.65312e-14 0)
(1.5 -5.37735e-14 0)
(1.5 1.97747e-16 0)
(1.5 3.1701e-15 0)
(1.5 1.11625e-14 0)
(1.5 -2.56219e-14 0)
(1.5 -6.39971e-14 0)
(1.5 -4.39052e-14 0)
(1.5 1.0603e-14 0)
(1.5 -1.74903e-15 0)
(1.5 -1.90069e-14 0)
(1.5 -4.78113e-14 0)
(1.5 -7.89295e-14 0)
(1.5 -6.38559e-14 0)
(1.5 -9.54768e-14 0)
(1.5 -1.18422e-13 0)
(1.5 -1.05736e-13 0)
(1.5 -1.54533e-13 0)
(1.5 -1.83517e-13 0)
(1.5 -1.45845e-13 0)
(1.5 -3.67045e-14 0)
(1.5 1.52569e-14 0)
(1.5 5.30215e-14 0)
(1.5 4.92901e-14 0)
(1.5 3.56765e-14 0)
(1.5 3.83636e-14 0)
(1.5 6.79456e-14 0)
(1.5 1.47352e-13 0)
(1.5 1.55691e-13 0)
(1.5 1.45303e-13 0)
(1.5 1.56671e-13 0)
(1.5 1.52203e-13 0)
(1.5 1.23897e-13 0)
(1.5 1.12344e-13 0)
(1.5 1.07232e-13 0)
(1.5 7.58888e-14 0)
(1.5 9.59596e-14 0)
(1.5 1.5403e-13 0)
(1.5 1.83215e-13 0)
(1.5 2.06024e-13 0)
(1.5 1.34413e-13 0)
(1.5 1.12543e-13 0)
(1.5 1.02339e-13 0)
(1.5 6.3446e-14 0)
(1.5 8.20246e-14 0)
(1.5 1.15878e-13 0)
(1.5 1.80145e-13 0)
(1.5 2.04437e-13 0)
(1.5 1.2424e-13 0)
(1.5 4.2792e-14 0)
(1.5 2.41269e-14 0)
(1.5 3.10033e-14 0)
(1.5 -1.1147e-14 0)
(1.5 5.54848e-14 0)
(1.5 6.85617e-14 0)
(1.5 -1.59561e-15 0)
(1.5 -4.88044e-14 0)
(1.5 -9.61437e-14 0)
(1.5 -1.39685e-13 0)
(1.5 -1.34137e-13 0)
(1.5 -1.57649e-13 0)
(1.5 -1.74653e-13 0)
(1.5 -1.6679e-13 0)
(1.5 -1.08864e-13 0)
(1.5 -7.31615e-14 0)
(1.5 -1.23702e-13 0)
(1.5 -5.86034e-14 0)
(1.5 3.51551e-14 0)
(1.5 1.42425e-13 0)
(1.5 1.56115e-13 0)
(1.5 1.63385e-13 0)
(1.5 1.71922e-13 0)
(1.5 2.58329e-14 0)
(1.5 -8.42064e-14 0)
(1.5 2.43059e-14 0)
(1.5 1.67941e-13 0)
(1.5 1.77731e-13 0)
(1.5 1.35354e-13 0)
(1.5 1.5227e-13 0)
(1.5 6.99269e-14 0)
(1.5 7.54893e-14 0)
(1.5 6.36845e-14 0)
(1.5 -1.11078e-15 0)
(1.5 -8.33271e-15 0)
(1.5 7.0521e-15 0)
(1.5 4.14027e-14 0)
(1.5 6.08028e-14 0)
(1.5 6.18744e-14 0)
(1.5 3.95621e-14 0)
(1.5 5.38838e-14 0)
(1.5 7.23088e-14 0)
(1.5 9.65748e-14 0)
(1.5 5.97572e-14 0)
(1.5 8.40091e-14 0)
(1.5 8.49644e-14 0)
(1.5 3.6807e-14 0)
(1.5 -9.66484e-14 0)
(1.5 -2.2102e-13 0)
(1.5 -3.38518e-13 0)
(1.5 -3.5806e-13 0)
(1.5 -3.244e-13 0)
(1.5 -4.10991e-13 0)
(1.5 -4.66387e-13 0)
(1.5 -4.23248e-13 0)
(1.5 -4.56882e-13 0)
(1.5 -4.56928e-13 0)
(1.5 -4.29461e-13 0)
(1.5 -3.78569e-13 0)
(1.5 -3.91085e-13 0)
(1.5 -4.35708e-13 0)
(1.5 -5.06157e-13 0)
(1.5 -5.54443e-13 0)
(1.5 -5.55907e-13 0)
(1.5 -5.90971e-13 0)
(1.5 -5.84915e-13 0)
(1.5 -4.28487e-13 0)
(1.5 -3.72511e-13 0)
(1.5 -4.01346e-13 0)
(1.5 -4.08705e-13 0)
(1.5 -4.12869e-13 0)
(1.5 -4.56206e-13 0)
(1.5 -5.5036e-13 0)
(1.5 -5.37743e-13 0)
(1.5 -5.09166e-13 0)
(1.5 -6.06909e-13 0)
(1.5 -5.34069e-13 0)
(1.5 -3.34815e-13 0)
(1.5 -3.59417e-13 0)
(1.5 -4.69643e-13 0)
(1.5 -6.14787e-13 0)
(1.5 -6.56282e-13 0)
(1.5 -5.89271e-13 0)
(1.5 -5.08848e-13 0)
(1.5 -4.83819e-13 0)
(1.5 -4.1561e-13 0)
(1.5 -3.46129e-13 0)
(1.5 -2.32236e-13 0)
(1.5 -8.75863e-14 0)
(1.5 -9.59152e-14 0)
(1.5 8.50531e-15 0)
(1.5 1.62275e-13 0)
(1.5 2.58282e-13 0)
(1.5 2.77513e-13 0)
(1.5 2.25092e-13 0)
(1.5 7.27367e-14 0)
(1.5 2.4553e-14 0)
(1.5 6.73428e-14 0)
(1.5 5.27759e-14 0)
(1.5 -4.96994e-14 0)
(1.5 -8.28328e-14 0)
(1.5 6.4691e-15 0)
(1.5 -1.64629e-15 0)
(1.5 9.02196e-14 0)
(1.5 1.00174e-13 0)
(1.5 1.40774e-13 0)
(1.5 1.50554e-13 0)
(1.5 9.50267e-14 0)
(1.5 9.17424e-14 0)
(1.5 1.03081e-13 0)
(1.5 1.32346e-13 0)
(1.5 1.1071e-13 0)
(1.5 -5.16517e-14 0)
(1.5 -7.68948e-14 0)
(1.5 -6.51628e-14 0)
(1.5 -6.52019e-14 0)
(1.5 -6.10037e-14 0)
(1.5 9.01172e-15 0)
(1.5 -1.40596e-14 0)
(1.5 -8.08387e-14 0)
(1.5 -6.88895e-14 0)
(1.5 3.37758e-14 0)
(1.5 9.83843e-14 0)
(1.5 9.08336e-14 0)
(1.5 1.04011e-13 0)
(1.5 1.06635e-13 0)
(1.5 9.9171e-14 0)
(1.5 2.03941e-14 0)
(1.5 -4.62709e-14 0)
(1.5 -7.45422e-14 0)
(1.5 -9.39171e-14 0)
(1.5 -1.13612e-13 0)
(1.5 -1.78324e-13 0)
(1.5 -2.91183e-13 0)
(1.5 -3.00034e-13 0)
(1.5 -3.15231e-13 0)
(1.5 -2.56257e-13 0)
(1.5 -1.30797e-13 0)
(1.5 -1.91498e-14 0)
(1.5 2.83657e-14 0)
(1.5 4.98508e-14 0)
(1.5 7.96611e-14 0)
(1.5 7.64529e-14 0)
(1.5 8.35365e-14 0)
(1.5 4.67452e-14 0)
(1.5 -7.0974e-15 0)
(1.5 2.43754e-14 0)
(1.5 2.79958e-14 0)
(1.5 -5.67991e-14 0)
(1.5 -9.14462e-14 0)
(1.5 -1.03047e-13 0)
(1.5 -4.00879e-14 0)
(1.5 1.56796e-14 0)
(1.5 8.60646e-14 0)
(1.5 7.11778e-14 0)
(1.5 7.80925e-14 0)
(1.5 -9.7192e-15 0)
(1.5 -1.4801e-14 0)
(1.5 8.06102e-15 0)
(1.5 4.07529e-14 0)
(1.5 -4.44967e-14 0)
(1.5 -2.4897e-14 0)
(1.5 -4.06626e-14 0)
(1.5 -6.76051e-14 0)
(1.5 -1.23607e-13 0)
(1.5 -9.78789e-14 0)
(1.5 -8.50186e-14 0)
(1.5 -8.46291e-14 0)
(1.5 -1.20698e-13 0)
(1.5 -1.65207e-13 0)
(1.5 -1.48332e-13 0)
(1.5 -6.27764e-14 0)
(1.5 -2.2987e-14 0)
(1.5 -7.51005e-14 0)
(1.5 2.03164e-14 0)
(1.5 -2.07637e-14 0)
(1.5 2.85027e-14 0)
(1.5 6.55004e-14 0)
(1.5 5.49905e-14 0)
(1.5 6.07209e-14 0)
(1.5 8.40348e-14 0)
(1.5 4.8767e-14 0)
(1.5 6.21491e-14 0)
(1.5 7.92061e-14 0)
(1.5 3.09384e-14 0)
(1.5 2.98328e-14 0)
(1.5 7.95825e-14 0)
(1.5 8.17794e-14 0)
(1.5 5.56327e-14 0)
(1.5 8.53371e-14 0)
(1.5 7.74151e-14 0)
(1.5 3.77948e-14 0)
(1.5 4.39337e-14 0)
(1.5 6.70142e-14 0)
(1.5 7.76197e-14 0)
(1.5 1.06302e-13 0)
(1.5 1.06072e-13 0)
(1.5 1.66552e-13 0)
(1.5 1.4536e-13 0)
(1.5 1.39244e-13 0)
(1.5 1.10755e-13 0)
(1.5 7.47206e-14 0)
(1.5 7.64966e-14 0)
(1.5 6.6426e-14 0)
(1.5 6.60564e-15 0)
(1.5 -1.96524e-14 0)
(1.5 -5.77509e-14 0)
(1.5 -1.05122e-13 0)
(1.5 -9.19741e-14 0)
(1.5 -1.47906e-13 0)
(1.5 -1.51572e-13 0)
(1.5 -1.38177e-13 0)
(1.5 -7.15669e-14 0)
(1.5 -3.6877e-14 0)
(1.5 -1.68568e-14 0)
(1.5 5.05204e-14 0)
(1.5 -3.77993e-14 0)
(1.5 -7.79832e-15 0)
(1.5 -1.16239e-14 0)
(1.5 2.86003e-14 0)
(1.5 8.46309e-14 0)
(1.5 1.22127e-13 0)
(1.5 8.37548e-14 0)
(1.5 -6.779e-15 0)
(1.5 -3.62167e-14 0)
(1.5 3.33051e-15 0)
(1.5 5.16902e-14 0)
(1.5 1.21867e-13 0)
(1.5 1.11254e-13 0)
(1.5 1.05703e-13 0)
(1.5 8.10177e-14 0)
(1.5 6.20648e-14 0)
(1.5 4.55107e-14 0)
(1.5 6.09679e-14 0)
(1.5 8.93798e-14 0)
(1.5 1.11228e-13 0)
(1.5 1.3144e-13 0)
(1.5 1.39298e-13 0)
(1.5 1.0229e-13 0)
(1.5 5.06773e-14 0)
(1.5 1.85178e-14 0)
(1.5 7.70117e-15 0)
(1.5 1.12704e-13 0)
(1.5 1.9887e-13 0)
(1.5 2.0022e-13 0)
(1.5 1.80228e-13 0)
(1.5 1.21027e-13 0)
(1.5 1.08771e-14 0)
(1.5 -1.38901e-13 0)
(1.5 -2.14837e-13 0)
(1.5 -2.42718e-13 0)
(1.5 -2.81798e-13 0)
(1.5 -3.4621e-13 0)
(1.5 -4.28801e-13 0)
(1.5 -4.31443e-13 0)
(1.5 -3.66254e-13 0)
(1.5 -3.77317e-13 0)
(1.5 -4.40986e-13 0)
(1.5 -4.08931e-13 0)
(1.5 -4.27701e-13 0)
(1.5 -5.40696e-13 0)
(1.5 -5.2304e-13 0)
(1.5 -5.2651e-13 0)
(1.5 -5.46763e-13 0)
(1.5 -5.3735e-13 0)
(1.5 -4.90871e-13 0)
(1.5 -4.26978e-13 0)
(1.5 -3.62221e-13 0)
(1.5 -4.15568e-13 0)
(1.5 -4.79287e-13 0)
(1.5 -5.12657e-13 0)
(1.5 -5.85534e-13 0)
(1.5 -5.80366e-13 0)
(1.5 -5.37671e-13 0)
(1.5 -6.23017e-13 0)
(1.5 -5.77915e-13 0)
(1.5 -4.61286e-13 0)
(1.5 -4.23817e-13 0)
(1.5 -4.46219e-13 0)
(1.5 -4.46143e-13 0)
(1.5 -5.56912e-13 0)
(1.5 -6.06144e-13 0)
(1.5 -5.56555e-13 0)
(1.5 -4.37771e-13 0)
(1.5 -3.96067e-13 0)
(1.5 -3.30233e-13 0)
(1.5 -2.56161e-13 0)
(1.5 -2.17039e-13 0)
(1.5 -1.04142e-13 0)
(1.5 -7.84836e-14 0)
(1.5 -5.38041e-14 0)
(1.5 4.11064e-14 0)
(1.5 1.49307e-13 0)
(1.5 1.13181e-13 0)
(1.5 2.19103e-14 0)
(1.5 -1.64544e-13 0)
(1.5 -2.14417e-13 0)
(1.5 -1.1579e-13 0)
(1.5 -9.39703e-14 0)
(1.5 -1.30692e-13 0)
(1.5 -2.04383e-13 0)
(1.5 -1.4049e-13 0)
(1.5 -3.67643e-14 0)
(1.5 7.90869e-14 0)
(1.5 1.08017e-13 0)
(1.5 1.16042e-13 0)
(1.5 2.07205e-13 0)
(1.5 2.16529e-13 0)
(1.5 1.65801e-13 0)
(1.5 2.20798e-13 0)
(1.5 2.50108e-13 0)
(1.5 2.67094e-13 0)
(1.5 -5.95417e-14 0)
(1.5 -1.50305e-13 0)
(1.5 -1.92913e-13 0)
(1.5 -2.11428e-13 0)
(1.5 -1.71397e-13 0)
(1.5 -1.08601e-13 0)
(1.5 -1.35944e-13 0)
(1.5 -2.11997e-13 0)
(1.5 -1.91882e-13 0)
(1.5 -1.10257e-13 0)
(1.5 -6.6753e-14 0)
(1.5 4.60246e-14 0)
(1.5 1.42839e-13 0)
(1.5 1.47585e-13 0)
(1.5 8.61755e-14 0)
(1.5 6.68409e-15 0)
(1.5 -2.30835e-14 0)
(1.5 -5.27448e-14 0)
(1.5 -6.3119e-14 0)
(1.5 -1.44821e-13 0)
(1.5 -2.54137e-13 0)
(1.5 -3.53405e-13 0)
(1.5 -3.36474e-13 0)
(1.5 -3.4702e-13 0)
(1.5 -3.48295e-13 0)
(1.5 -2.14487e-13 0)
(1.5 -1.07033e-13 0)
(1.5 -1.71656e-14 0)
(1.5 -7.9158e-15 0)
(1.5 -3.0297e-14 0)
(1.5 2.30783e-14 0)
(1.5 1.18538e-13 0)
(1.5 1.32966e-13 0)
(1.5 2.91671e-14 0)
(1.5 -5.30016e-15 0)
(1.5 9.15433e-15 0)
(1.5 -6.87469e-14 0)
(1.5 -7.83096e-14 0)
(1.5 -1.35168e-14 0)
(1.5 2.3524e-14 0)
(1.5 3.14935e-14 0)
(1.5 6.44496e-14 0)
(1.5 4.24455e-14 0)
(1.5 4.31512e-14 0)
(1.5 -1.11585e-14 0)
(1.5 1.42083e-14 0)
(1.5 7.26319e-15 0)
(1.5 -2.26618e-14 0)
(1.5 -6.64841e-14 0)
(1.5 -5.56126e-14 0)
(1.5 -4.47451e-14 0)
(1.5 -6.93402e-14 0)
(1.5 -1.04047e-13 0)
(1.5 -9.3896e-14 0)
(1.5 -7.86866e-14 0)
(1.5 -6.66227e-14 0)
(1.5 -4.92429e-14 0)
(1.5 -7.28648e-14 0)
(1.5 -5.02901e-14 0)
(1.5 2.72871e-15 0)
(1.5 9.88819e-15 0)
(1.5 -3.11339e-14 0)
(1.5 4.24014e-14 0)
(1.5 2.64095e-14 0)
(1.5 5.87621e-14 0)
(1.5 5.82521e-14 0)
(1.5 -8.40578e-15 0)
(1.5 6.34648e-14 0)
(1.5 6.85889e-14 0)
(1.5 1.3918e-14 0)
(1.5 -3.22143e-14 0)
(1.5 -2.34526e-14 0)
(1.5 9.53899e-15 0)
(1.5 1.64396e-14 0)
(1.5 6.5012e-14 0)
(1.5 6.80103e-14 0)
(1.5 -1.66165e-14 0)
(1.5 -2.79647e-14 0)
(1.5 -4.11327e-14 0)
(1.5 -1.64269e-14 0)
(1.5 6.2501e-14 0)
(1.5 8.14639e-14 0)
(1.5 7.42405e-14 0)
(1.5 8.81325e-14 0)
(1.5 6.16308e-14 0)
(1.5 6.98859e-14 0)
(1.5 5.33312e-14 0)
(1.5 1.03038e-13 0)
(1.5 1.06457e-13 0)
(1.5 9.12316e-14 0)
(1.5 1.10525e-13 0)
(1.5 1.1305e-13 0)
(1.5 -2.25703e-15 0)
(1.5 -1.22232e-13 0)
(1.5 -1.44448e-13 0)
(1.5 -1.67245e-13 0)
(1.5 -1.38529e-13 0)
(1.5 -1.59143e-13 0)
(1.5 -1.75308e-13 0)
(1.5 -1.38743e-13 0)
(1.5 -6.75299e-14 0)
(1.5 -1.25282e-14 0)
(1.5 -1.82258e-17 0)
(1.5 1.40469e-14 0)
(1.5 4.69418e-14 0)
(1.5 3.58465e-14 0)
(1.5 -5.05819e-15 0)
(1.5 -7.43316e-14 0)
(1.5 -7.46319e-14 0)
(1.5 3.48766e-14 0)
(1.5 3.43141e-14 0)
(1.5 7.07308e-14 0)
(1.5 1.37833e-13 0)
(1.5 1.51791e-13 0)
(1.5 1.43304e-13 0)
(1.5 1.86645e-13 0)
(1.5 2.04393e-13 0)
(1.5 2.20255e-13 0)
(1.5 2.53967e-13 0)
(1.5 2.42614e-13 0)
(1.5 1.99135e-13 0)
(1.5 1.57044e-13 0)
(1.5 2.18886e-13 0)
(1.5 2.2172e-13 0)
(1.5 2.08949e-13 0)
(1.5 2.25587e-13 0)
(1.5 1.45261e-13 0)
(1.5 8.19308e-14 0)
(1.5 -1.26566e-14 0)
(1.5 -5.94135e-14 0)
(1.5 1.20793e-13 0)
(1.5 1.95565e-13 0)
(1.5 1.59889e-13 0)
(1.5 1.12424e-13 0)
(1.5 8.13751e-14 0)
(1.5 4.33394e-14 0)
(1.5 -5.96694e-15 0)
(1.5 -2.81796e-14 0)
(1.5 -9.21031e-14 0)
(1.5 -2.39177e-13 0)
(1.5 -2.29824e-13 0)
(1.5 -3.06315e-13 0)
(1.5 -3.58319e-13 0)
(1.5 -3.03635e-13 0)
(1.5 -2.59551e-13 0)
(1.5 -3.41388e-13 0)
(1.5 -3.6418e-13 0)
(1.5 -4.16722e-13 0)
(1.5 -4.98539e-13 0)
(1.5 -4.96164e-13 0)
(1.5 -4.32049e-13 0)
(1.5 -4.70207e-13 0)
(1.5 -4.88611e-13 0)
(1.5 -4.81876e-13 0)
(1.5 -5.68937e-13 0)
(1.5 -4.47796e-13 0)
(1.5 -4.67484e-13 0)
(1.5 -5.24839e-13 0)
(1.5 -5.85269e-13 0)
(1.5 -6.13402e-13 0)
(1.5 -5.49783e-13 0)
(1.5 -4.78578e-13 0)
(1.5 -6.02933e-13 0)
(1.5 -5.5961e-13 0)
(1.5 -5.03763e-13 0)
(1.5 -5.81241e-13 0)
(1.5 -5.56781e-13 0)
(1.5 -5.29803e-13 0)
(1.5 -5.61064e-13 0)
(1.5 -5.80087e-13 0)
(1.5 -4.55548e-13 0)
(1.5 -3.23762e-13 0)
(1.5 -2.77758e-13 0)
(1.5 -1.76003e-13 0)
(1.5 -1.07025e-13 0)
(1.5 -1.17004e-13 0)
(1.5 -8.35734e-14 0)
(1.5 -3.84011e-14 0)
(1.5 -6.68461e-14 0)
(1.5 -8.68043e-14 0)
(1.5 -4.19728e-14 0)
(1.5 -9.80099e-14 0)
(1.5 -1.37217e-13 0)
(1.5 -1.90689e-13 0)
(1.5 -1.89585e-13 0)
(1.5 -2.02804e-13 0)
(1.5 -2.23496e-13 0)
(1.5 -2.05328e-13 0)
(1.5 -2.65736e-13 0)
(1.5 -2.29562e-13 0)
(1.5 -3.14161e-14 0)
(1.5 9.86144e-14 0)
(1.5 1.46459e-13 0)
(1.5 1.15071e-13 0)
(1.5 2.00359e-13 0)
(1.5 2.5757e-13 0)
(1.5 2.80632e-13 0)
(1.5 3.52688e-13 0)
(1.5 3.13003e-13 0)
(1.5 2.38107e-13 0)
(1.5 -3.06415e-14 0)
(1.5 -1.01265e-13 0)
(1.5 -1.61581e-13 0)
(1.5 -1.3732e-13 0)
(1.5 -1.10209e-13 0)
(1.5 -1.50202e-13 0)
(1.5 -2.16035e-13 0)
(1.5 -2.45888e-13 0)
(1.5 -2.16357e-13 0)
(1.5 -2.18989e-13 0)
(1.5 -1.73505e-13 0)
(1.5 -1.60423e-14 0)
(1.5 9.38089e-14 0)
(1.5 1.29731e-13 0)
(1.5 7.17105e-14 0)
(1.5 3.83761e-14 0)
(1.5 2.75174e-14 0)
(1.5 -4.32592e-15 0)
(1.5 -6.33176e-14 0)
(1.5 -1.27121e-13 0)
(1.5 -2.06437e-13 0)
(1.5 -2.34416e-13 0)
(1.5 -2.48029e-13 0)
(1.5 -2.42738e-13 0)
(1.5 -2.58715e-13 0)
(1.5 -1.78675e-13 0)
(1.5 -1.37721e-13 0)
(1.5 -8.15923e-14 0)
(1.5 -4.64975e-14 0)
(1.5 -5.46999e-14 0)
(1.5 -1.06811e-14 0)
(1.5 9.72467e-14 0)
(1.5 1.49926e-13 0)
(1.5 8.74333e-14 0)
(1.5 1.20047e-14 0)
(1.5 7.17933e-15 0)
(1.5 2.55801e-14 0)
(1.5 -1.80393e-14 0)
(1.5 -1.04172e-14 0)
(1.5 -5.19496e-15 0)
(1.5 -1.01188e-14 0)
(1.5 -3.48108e-14 0)
(1.5 -3.55619e-14 0)
(1.5 4.04192e-15 0)
(1.5 -1.25335e-14 0)
(1.5 3.64961e-14 0)
(1.5 1.4831e-14 0)
(1.5 -1.70945e-14 0)
(1.5 -5.01921e-14 0)
(1.5 -6.48317e-14 0)
(1.5 -5.75583e-14 0)
(1.5 -8.65958e-14 0)
(1.5 -9.2785e-14 0)
(1.5 -1.04769e-13 0)
(1.5 -8.96158e-14 0)
(1.5 -2.16422e-14 0)
(1.5 2.91298e-14 0)
(1.5 -1.6355e-14 0)
(1.5 2.09439e-14 0)
(1.5 6.26222e-14 0)
(1.5 6.26511e-14 0)
(1.5 7.11141e-14 0)
(1.5 4.96653e-14 0)
(1.5 9.80082e-14 0)
(1.5 1.02593e-13 0)
(1.5 7.92131e-15 0)
(1.5 -2.73041e-14 0)
(1.5 6.40878e-15 0)
(1.5 -8.14604e-15 0)
(1.5 -3.35154e-14 0)
(1.5 -6.6881e-14 0)
(1.5 -8.8206e-14 0)
(1.5 -4.72248e-15 0)
(1.5 2.87297e-14 0)
(1.5 1.40262e-14 0)
(1.5 -9.32299e-15 0)
(1.5 -2.99797e-14 0)
(1.5 -1.64668e-14 0)
(1.5 -1.0612e-15 0)
(1.5 -1.87248e-14 0)
(1.5 3.32329e-14 0)
(1.5 8.07183e-14 0)
(1.5 7.50955e-14 0)
(1.5 3.67428e-14 0)
(1.5 3.2505e-14 0)
(1.5 1.92814e-14 0)
(1.5 6.28087e-14 0)
(1.5 3.53355e-14 0)
(1.5 3.4469e-14 0)
(1.5 8.62475e-14 0)
(1.5 9.74741e-14 0)
(1.5 4.49316e-14 0)
(1.5 -1.5649e-14 0)
(1.5 -1.37895e-13 0)
(1.5 -2.54586e-13 0)
(1.5 -2.93947e-13 0)
(1.5 -2.21539e-13 0)
(1.5 -1.6438e-13 0)
(1.5 -1.80197e-13 0)
(1.5 -2.04877e-13 0)
(1.5 -1.62216e-13 0)
(1.5 -7.67574e-14 0)
(1.5 -4.28361e-14 0)
(1.5 -1.15059e-14 0)
(1.5 8.72693e-14 0)
(1.5 3.12316e-14 0)
(1.5 -4.58193e-14 0)
(1.5 -1.19223e-13 0)
(1.5 -9.91781e-14 0)
(1.5 -4.19849e-15 0)
(1.5 2.04882e-14 0)
(1.5 1.15345e-13 0)
(1.5 2.30322e-13 0)
(1.5 2.4084e-13 0)
(1.5 1.98985e-13 0)
(1.5 1.6467e-13 0)
(1.5 1.65943e-13 0)
(1.5 2.41373e-13 0)
(1.5 3.04289e-13 0)
(1.5 2.78244e-13 0)
(1.5 2.07688e-13 0)
(1.5 1.60685e-13 0)
(1.5 2.13004e-13 0)
(1.5 2.66786e-13 0)
(1.5 2.72304e-13 0)
(1.5 2.54005e-13 0)
(1.5 1.4019e-13 0)
(1.5 9.86215e-14 0)
(1.5 3.88311e-14 0)
(1.5 1.88856e-14 0)
(1.5 1.57289e-13 0)
(1.5 2.00717e-13 0)
(1.5 1.45764e-13 0)
(1.5 1.29321e-13 0)
(1.5 9.51908e-14 0)
(1.5 2.97249e-14 0)
(1.5 1.40709e-14 0)
(1.5 7.91216e-15 0)
(1.5 -5.88219e-14 0)
(1.5 -1.34295e-13 0)
(1.5 -1.41899e-13 0)
(1.5 -1.65736e-13 0)
(1.5 -2.56847e-13 0)
(1.5 -2.29952e-13 0)
(1.5 -1.48219e-13 0)
(1.5 -2.48624e-13 0)
(1.5 -3.43156e-13 0)
(1.5 -3.94222e-13 0)
(1.5 -4.21535e-13 0)
(1.5 -4.76983e-13 0)
(1.5 -4.65236e-13 0)
(1.5 -4.83442e-13 0)
(1.5 -4.5374e-13 0)
(1.5 -4.9413e-13 0)
(1.5 -5.53294e-13 0)
(1.5 -5.36554e-13 0)
(1.5 -5.1176e-13 0)
(1.5 -5.65363e-13 0)
(1.5 -5.60209e-13 0)
(1.5 -5.51358e-13 0)
(1.5 -4.81362e-13 0)
(1.5 -4.02688e-13 0)
(1.5 -5.20301e-13 0)
(1.5 -5.62406e-13 0)
(1.5 -5.32596e-13 0)
(1.5 -5.66917e-13 0)
(1.5 -5.1094e-13 0)
(1.5 -4.471e-13 0)
(1.5 -4.41428e-13 0)
(1.5 -4.11106e-13 0)
(1.5 -3.52473e-13 0)
(1.5 -2.53676e-13 0)
(1.5 -1.3771e-13 0)
(1.5 -4.62519e-14 0)
(1.5 -4.29783e-15 0)
(1.5 -7.55924e-14 0)
(1.5 -1.45935e-13 0)
(1.5 -4.23841e-14 0)
(1.5 -3.38327e-14 0)
(1.5 -1.37494e-13 0)
(1.5 -1.8963e-13 0)
(1.5 -1.85672e-13 0)
(1.5 -1.6922e-13 0)
(1.5 -1.62661e-13 0)
(1.5 -9.22985e-14 0)
(1.5 -1.24087e-13 0)
(1.5 -1.61542e-13 0)
(1.5 -1.13653e-13 0)
(1.5 -1.46091e-13 0)
(1.5 -1.94063e-13 0)
(1.5 -3.80779e-14 0)
(1.5 5.99121e-14 0)
(1.5 5.80409e-14 0)
(1.5 8.00701e-14 0)
(1.5 1.93232e-13 0)
(1.5 2.95602e-13 0)
(1.5 3.13514e-13 0)
(1.5 3.54185e-13 0)
(1.5 2.84552e-13 0)
(1.5 1.97893e-13 0)
(1.5 1.70119e-14 0)
(1.5 3.0896e-14 0)
(1.5 1.38271e-14 0)
(1.5 6.43042e-14 0)
(1.5 -6.73604e-15 0)
(1.5 -1.63639e-13 0)
(1.5 -1.9069e-13 0)
(1.5 -1.8344e-13 0)
(1.5 -1.53688e-13 0)
(1.5 -1.98663e-13 0)
(1.5 -1.24835e-13 0)
(1.5 3.56741e-15 0)
(1.5 8.91633e-14 0)
(1.5 1.18224e-13 0)
(1.5 9.45239e-14 0)
(1.5 9.72235e-14 0)
(1.5 1.20087e-13 0)
(1.5 7.96723e-14 0)
(1.5 -1.45229e-14 0)
(1.5 -6.33945e-14 0)
(1.5 -1.30371e-13 0)
(1.5 -8.66396e-14 0)
(1.5 -1.37526e-13 0)
(1.5 -1.46232e-13 0)
(1.5 -4.80895e-14 0)
(1.5 -6.39636e-14 0)
(1.5 -4.88279e-14 0)
(1.5 -3.83194e-14 0)
(1.5 -2.53919e-14 0)
(1.5 -2.73969e-17 0)
(1.5 -1.72849e-14 0)
(1.5 5.30396e-14 0)
(1.5 8.32211e-14 0)
(1.5 5.96321e-14 0)
(1.5 3.96681e-14 0)
(1.5 4.70107e-14 0)
(1.5 3.51257e-14 0)
(1.5 2.07843e-14 0)
(1.5 1.41406e-14 0)
(1.5 -2.25452e-14 0)
(1.5 -8.85302e-15 0)
(1.5 -5.70781e-14 0)
(1.5 -3.50761e-14 0)
(1.5 9.60996e-15 0)
(1.5 4.57107e-15 0)
(1.5 3.8083e-15 0)
(1.5 3.59304e-14 0)
(1.5 3.39787e-14 0)
(1.5 -8.41969e-15 0)
(1.5 -2.00732e-14 0)
(1.5 -3.19423e-14 0)
(1.5 -2.05782e-14 0)
(1.5 -5.72368e-14 0)
(1.5 -5.21583e-14 0)
(1.5 2.53813e-14 0)
(1.5 5.81798e-14 0)
(1.5 5.4333e-14 0)
(1.5 2.34381e-14 0)
(1.5 5.10686e-14 0)
(1.5 8.02291e-14 0)
(1.5 6.82572e-14 0)
(1.5 6.21302e-14 0)
(1.5 3.68945e-14 0)
(1.5 8.65262e-14 0)
(1.5 8.62555e-14 0)
(1.5 2.0409e-14 0)
(1.5 -2.23439e-14 0)
(1.5 -5.49208e-14 0)
(1.5 -3.68371e-14 0)
(1.5 5.94581e-15 0)
(1.5 -9.72367e-15 0)
(1.5 -7.27721e-14 0)
(1.5 -9.1417e-15 0)
(1.5 7.47566e-14 0)
(1.5 -4.08011e-15 0)
(1.5 -3.55642e-14 0)
(1.5 -2.10713e-14 0)
(1.5 2.89405e-14 0)
(1.5 8.72297e-14 0)
(1.5 1.60889e-14 0)
(1.5 -1.17208e-14 0)
(1.5 3.08174e-14 0)
(1.5 -9.96836e-15 0)
(1.5 3.89719e-15 0)
(1.5 5.95088e-14 0)
(1.5 5.6633e-14 0)
(1.5 6.48453e-14 0)
(1.5 7.67461e-14 0)
(1.5 1.30805e-13 0)
(1.5 2.01846e-13 0)
(1.5 1.59674e-13 0)
(1.5 4.42465e-14 0)
(1.5 -2.95043e-14 0)
(1.5 -1.03921e-13 0)
(1.5 -2.16405e-13 0)
(1.5 -2.3126e-13 0)
(1.5 -1.4959e-13 0)
(1.5 -1.46298e-13 0)
(1.5 -1.55513e-13 0)
(1.5 -2.22912e-13 0)
(1.5 -2.53771e-13 0)
(1.5 -1.22159e-13 0)
(1.5 -2.10096e-14 0)
(1.5 5.54719e-14 0)
(1.5 4.6703e-14 0)
(1.5 -1.08404e-13 0)
(1.5 -2.03645e-13 0)
(1.5 -1.63986e-13 0)
(1.5 -6.90534e-14 0)
(1.5 -4.94692e-14 0)
(1.5 1.43686e-14 0)
(1.5 1.69994e-13 0)
(1.5 2.63224e-13 0)
(1.5 1.41062e-13 0)
(1.5 5.72582e-14 0)
(1.5 -1.76099e-14 0)
(1.5 1.01973e-14 0)
(1.5 1.13061e-13 0)
(1.5 1.70029e-13 0)
(1.5 1.82105e-13 0)
(1.5 1.4557e-13 0)
(1.5 1.47506e-13 0)
(1.5 1.34293e-13 0)
(1.5 1.68863e-13 0)
(1.5 1.95604e-13 0)
(1.5 1.50227e-13 0)
(1.5 7.87472e-14 0)
(1.5 7.2232e-14 0)
(1.5 5.23175e-14 0)
(1.5 6.2375e-14 0)
(1.5 1.20134e-13 0)
(1.5 1.90178e-13 0)
(1.5 1.84537e-13 0)
(1.5 2.06107e-13 0)
(1.5 1.50545e-13 0)
(1.5 1.05144e-13 0)
(1.5 5.04786e-14 0)
(1.5 6.63163e-14 0)
(1.5 1.76723e-14 0)
(1.5 -3.10663e-14 0)
(1.5 -6.44044e-14 0)
(1.5 -6.85682e-14 0)
(1.5 -2.00568e-13 0)
(1.5 -1.9161e-13 0)
(1.5 -1.91142e-13 0)
(1.5 -2.45873e-13 0)
(1.5 -2.78526e-13 0)
(1.5 -2.98902e-13 0)
(1.5 -3.89661e-13 0)
(1.5 -4.64969e-13 0)
(1.5 -4.41901e-13 0)
(1.5 -4.20863e-13 0)
(1.5 -4.11167e-13 0)
(1.5 -4.83744e-13 0)
(1.5 -5.04896e-13 0)
(1.5 -5.79581e-13 0)
(1.5 -4.97776e-13 0)
(1.5 -5.16774e-13 0)
(1.5 -4.94143e-13 0)
(1.5 -5.08587e-13 0)
(1.5 -4.83424e-13 0)
(1.5 -4.47219e-13 0)
(1.5 -4.58322e-13 0)
(1.5 -5.07371e-13 0)
(1.5 -5.23192e-13 0)
(1.5 -5.03409e-13 0)
(1.5 -4.5165e-13 0)
(1.5 -3.87674e-13 0)
(1.5 -3.21109e-13 0)
(1.5 -1.96781e-13 0)
(1.5 -1.87112e-13 0)
(1.5 -1.66291e-13 0)
(1.5 -6.65521e-14 0)
(1.5 4.14811e-14 0)
(1.5 9.89694e-14 0)
(1.5 5.25081e-14 0)
(1.5 -6.67277e-14 0)
(1.5 -6.61071e-14 0)
(1.5 -7.20101e-14 0)
(1.5 -1.37142e-13 0)
(1.5 -1.97802e-13 0)
(1.5 -1.65597e-13 0)
(1.5 -2.24414e-13 0)
(1.5 -2.35216e-13 0)
(1.5 -1.86202e-13 0)
(1.5 -1.1607e-13 0)
(1.5 -9.91874e-14 0)
(1.5 -6.08957e-14 0)
(1.5 -8.24654e-14 0)
(1.5 -1.68477e-13 0)
(1.5 -1.08201e-13 0)
(1.5 -3.60854e-14 0)
(1.5 -3.85982e-14 0)
(1.5 3.46432e-14 0)
(1.5 2.00991e-13 0)
(1.5 3.31528e-13 0)
(1.5 3.89908e-13 0)
(1.5 4.31508e-13 0)
(1.5 3.82099e-13 0)
(1.5 3.39251e-13 0)
(1.5 1.00475e-14 0)
(1.5 4.42545e-14 0)
(1.5 5.61268e-14 0)
(1.5 9.14256e-14 0)
(1.5 -7.35134e-15 0)
(1.5 -1.4704e-13 0)
(1.5 -1.16086e-13 0)
(1.5 -9.66475e-14 0)
(1.5 -1.20651e-13 0)
(1.5 -1.80006e-13 0)
(1.5 -1.11094e-13 0)
(1.5 -4.78937e-15 0)
(1.5 3.43946e-14 0)
(1.5 2.15653e-15 0)
(1.5 1.75429e-14 0)
(1.5 8.49348e-14 0)
(1.5 6.73421e-14 0)
(1.5 1.08015e-13 0)
(1.5 2.46532e-14 0)
(1.5 -6.59793e-14 0)
(1.5 -8.95034e-14 0)
(1.5 -6.93312e-14 0)
(1.5 -9.76446e-14 0)
(1.5 -9.05373e-14 0)
(1.5 1.46071e-14 0)
(1.5 -5.5665e-14 0)
(1.5 -2.38266e-14 0)
(1.5 -2.8581e-14 0)
(1.5 -3.51658e-15 0)
(1.5 5.3894e-14 0)
(1.5 1.44244e-14 0)
(1.5 2.35352e-14 0)
(1.5 3.56009e-14 0)
(1.5 3.07553e-14 0)
(1.5 3.75239e-14 0)
(1.5 2.7444e-14 0)
(1.5 1.39742e-14 0)
(1.5 3.47541e-14 0)
(1.5 5.54325e-14 0)
(1.5 3.08509e-14 0)
(1.5 2.26264e-14 0)
(1.5 -4.28815e-14 0)
(1.5 -9.50751e-14 0)
(1.5 -7.99302e-14 0)
(1.5 -4.35338e-14 0)
(1.5 -5.05663e-14 0)
(1.5 -1.45687e-14 0)
(1.5 -3.95254e-14 0)
(1.5 -6.86579e-15 0)
(1.5 6.28331e-15 0)
(1.5 -7.55664e-15 0)
(1.5 -3.27303e-15 0)
(1.5 -4.3609e-14 0)
(1.5 4.34494e-15 0)
(1.5 5.66947e-14 0)
(1.5 5.18749e-14 0)
(1.5 4.13445e-14 0)
(1.5 4.06244e-14 0)
(1.5 3.36568e-14 0)
(1.5 2.95905e-14 0)
(1.5 2.80069e-14 0)
(1.5 7.56971e-14 0)
(1.5 5.99304e-14 0)
(1.5 3.20649e-14 0)
(1.5 6.03803e-14 0)
(1.5 4.48666e-14 0)
(1.5 7.36306e-16 0)
(1.5 -1.8281e-14 0)
(1.5 -5.5881e-15 0)
(1.5 -1.23722e-14 0)
(1.5 1.2141e-14 0)
(1.5 -4.14198e-14 0)
(1.5 -4.61719e-14 0)
(1.5 -1.48669e-14 0)
(1.5 -6.31731e-14 0)
(1.5 -3.78163e-14 0)
(1.5 -2.32023e-15 0)
(1.5 -2.76262e-14 0)
(1.5 2.45781e-14 0)
(1.5 7.46847e-15 0)
(1.5 -1.15311e-14 0)
(1.5 -5.71875e-14 0)
(1.5 -9.77039e-14 0)
(1.5 -2.10153e-14 0)
(1.5 3.12446e-14 0)
(1.5 8.86193e-14 0)
(1.5 5.9832e-14 0)
(1.5 1.03646e-13 0)
(1.5 1.55641e-13 0)
(1.5 1.78871e-13 0)
(1.5 1.87148e-13 0)
(1.5 8.68962e-14 0)
(1.5 1.20529e-14 0)
(1.5 -1.89326e-14 0)
(1.5 -7.60963e-14 0)
(1.5 -1.10679e-13 0)
(1.5 -1.22941e-13 0)
(1.5 -2.05632e-13 0)
(1.5 -2.31359e-13 0)
(1.5 -2.11643e-13 0)
(1.5 -2.62026e-13 0)
(1.5 -1.975e-13 0)
(1.5 -1.02e-13 0)
(1.5 -8.38542e-14 0)
(1.5 -1.63492e-13 0)
(1.5 -2.60845e-13 0)
(1.5 -2.71098e-13 0)
(1.5 -1.60375e-13 0)
(1.5 -2.89422e-14 0)
(1.5 4.37999e-15 0)
(1.5 6.82444e-14 0)
(1.5 2.02327e-13 0)
(1.5 2.3515e-13 0)
(1.5 1.46641e-13 0)
(1.5 9.36039e-14 0)
(1.5 4.11193e-14 0)
(1.5 5.02109e-14 0)
(1.5 5.94563e-14 0)
(1.5 7.33103e-14 0)
(1.5 1.21752e-13 0)
(1.5 1.22908e-13 0)
(1.5 9.21298e-14 0)
(1.5 7.35203e-14 0)
(1.5 1.03177e-13 0)
(1.5 1.67145e-13 0)
(1.5 1.71531e-13 0)
(1.5 2.16989e-13 0)
(1.5 1.7072e-13 0)
(1.5 1.6437e-13 0)
(1.5 1.52336e-13 0)
(1.5 1.15759e-13 0)
(1.5 1.12425e-13 0)
(1.5 1.92796e-13 0)
(1.5 2.68347e-13 0)
(1.5 1.92347e-13 0)
(1.5 1.18949e-13 0)
(1.5 1.03272e-13 0)
(1.5 1.44235e-13 0)
(1.5 1.66574e-13 0)
(1.5 1.33492e-13 0)
(1.5 1.15634e-13 0)
(1.5 4.59731e-14 0)
(1.5 -3.44253e-14 0)
(1.5 -6.89954e-14 0)
(1.5 -5.62402e-14 0)
(1.5 -3.33255e-14 0)
(1.5 -7.23635e-14 0)
(1.5 -1.50702e-13 0)
(1.5 -2.68979e-13 0)
(1.5 -3.59083e-13 0)
(1.5 -3.89459e-13 0)
(1.5 -4.08774e-13 0)
(1.5 -4.64749e-13 0)
(1.5 -5.18601e-13 0)
(1.5 -5.78077e-13 0)
(1.5 -5.40809e-13 0)
(1.5 -3.52627e-13 0)
(1.5 -3.02555e-13 0)
(1.5 -3.67823e-13 0)
(1.5 -3.84977e-13 0)
(1.5 -3.49154e-13 0)
(1.5 -3.56481e-13 0)
(1.5 -3.37957e-13 0)
(1.5 -3.7967e-13 0)
(1.5 -4.5833e-13 0)
(1.5 -4.24458e-13 0)
(1.5 -4.47151e-13 0)
(1.5 -4.52374e-13 0)
(1.5 -3.18285e-13 0)
(1.5 -1.47376e-13 0)
(1.5 -4.90469e-14 0)
(1.5 -8.30781e-14 0)
(1.5 -3.27384e-14 0)
(1.5 8.53653e-14 0)
(1.5 1.32172e-13 0)
(1.5 1.35492e-13 0)
(1.5 9.29478e-14 0)
(1.5 6.15682e-14 0)
(1.5 -6.22058e-14 0)
(1.5 -1.48569e-13 0)
(1.5 -1.92278e-13 0)
(1.5 -2.06205e-13 0)
(1.5 -2.66421e-13 0)
(1.5 -2.72876e-13 0)
(1.5 -2.57816e-13 0)
(1.5 -1.64478e-13 0)
(1.5 -3.09047e-14 0)
(1.5 -6.75031e-14 0)
(1.5 -5.87146e-14 0)
(1.5 -1.06768e-13 0)
(1.5 -9.70391e-14 0)
(1.5 -2.33305e-14 0)
(1.5 -4.41899e-14 0)
(1.5 -1.39594e-14 0)
(1.5 1.17343e-13 0)
(1.5 2.93761e-13 0)
(1.5 4.52041e-13 0)
(1.5 5.0105e-13 0)
(1.5 4.3352e-13 0)
(1.5 4.39799e-13 0)
(1.5 -2.0612e-14 0)
(1.5 1.91634e-14 0)
(1.5 1.00569e-13 0)
(1.5 9.46631e-14 0)
(1.5 2.7759e-14 0)
(1.5 -3.55414e-14 0)
(1.5 -5.38482e-14 0)
(1.5 -4.91886e-14 0)
(1.5 -1.24496e-13 0)
(1.5 -1.45867e-13 0)
(1.5 -1.3551e-13 0)
(1.5 -8.89324e-14 0)
(1.5 -5.76429e-14 0)
(1.5 -6.16715e-14 0)
(1.5 3.33086e-15 0)
(1.5 5.19407e-14 0)
(1.5 8.89438e-15 0)
(1.5 4.36531e-14 0)
(1.5 7.47194e-14 0)
(1.5 2.06041e-14 0)
(1.5 -1.80558e-14 0)
(1.5 -1.34024e-14 0)
(1.5 2.6622e-15 0)
(1.5 -5.67625e-15 0)
(1.5 1.63645e-14 0)
(1.5 -2.62973e-14 0)
(1.5 1.13377e-15 0)
(1.5 -7.06254e-14 0)
(1.5 -8.31132e-14 0)
(1.5 -7.15161e-15 0)
(1.5 -2.31202e-15 0)
(1.5 -3.27089e-14 0)
(1.5 -4.31324e-14 0)
(1.5 1.05659e-14 0)
(1.5 2.32465e-14 0)
(1.5 1.22076e-14 0)
(1.5 8.56646e-14 0)
(1.5 6.33257e-14 0)
(1.5 3.01701e-14 0)
(1.5 4.60195e-14 0)
(1.5 3.92356e-14 0)
(1.5 -2.12308e-14 0)
(1.5 -8.03955e-14 0)
(1.5 -4.42332e-14 0)
(1.5 1.83494e-14 0)
(1.5 2.23383e-14 0)
(1.5 1.75728e-14 0)
(1.5 -2.69902e-14 0)
(1.5 1.91643e-14 0)
(1.5 2.91652e-14 0)
(1.5 4.13517e-14 0)
(1.5 1.23474e-14 0)
(1.5 1.59593e-14 0)
(1.5 1.57797e-14 0)
(1.5 -5.27936e-14 0)
(1.5 -5.54812e-14 0)
(1.5 3.5477e-14 0)
(1.5 5.24194e-14 0)
(1.5 1.87343e-14 0)
(1.5 -1.33531e-14 0)
(1.5 -1.84701e-14 0)
(1.5 -6.50049e-15 0)
(1.5 4.53343e-14 0)
(1.5 -1.93436e-14 0)
(1.5 -5.89948e-16 0)
(1.5 1.56436e-14 0)
(1.5 5.38966e-14 0)
(1.5 1.44577e-14 0)
(1.5 -1.49942e-14 0)
(1.5 -4.03323e-14 0)
(1.5 6.35013e-14 0)
(1.5 3.6401e-14 0)
(1.5 -9.73592e-14 0)
(1.5 -1.36379e-13 0)
(1.5 -1.00566e-13 0)
(1.5 -9.45405e-14 0)
(1.5 -1.54324e-14 0)
(1.5 -2.92533e-14 0)
(1.5 -2.98602e-14 0)
(1.5 -1.7838e-14 0)
(1.5 -6.08637e-15 0)
(1.5 -6.40849e-14 0)
(1.5 -6.26571e-14 0)
(1.5 -5.81379e-14 0)
(1.5 -2.29394e-14 0)
(1.5 7.48343e-14 0)
(1.5 7.55433e-14 0)
(1.5 7.02835e-14 0)
(1.5 5.65297e-14 0)
(1.5 2.96798e-14 0)
(1.5 1.25623e-13 0)
(1.5 1.47439e-13 0)
(1.5 1.66609e-13 0)
(1.5 1.60679e-13 0)
(1.5 8.97081e-14 0)
(1.5 4.34343e-15 0)
(1.5 -1.35857e-13 0)
(1.5 -2.39934e-13 0)
(1.5 -2.62255e-13 0)
(1.5 -1.95386e-13 0)
(1.5 -1.60802e-13 0)
(1.5 -1.6882e-13 0)
(1.5 -1.90107e-13 0)
(1.5 -2.07341e-13 0)
(1.5 -2.5308e-13 0)
(1.5 -2.24664e-13 0)
(1.5 -1.30581e-13 0)
(1.5 3.67422e-15 0)
(1.5 7.36985e-14 0)
(1.5 6.02204e-14 0)
(1.5 1.00256e-13 0)
(1.5 1.50448e-13 0)
(1.5 1.20756e-13 0)
(1.5 1.08559e-13 0)
(1.5 6.50225e-14 0)
(1.5 6.12656e-14 0)
(1.5 1.43129e-13 0)
(1.5 1.508e-13 0)
(1.5 1.48506e-13 0)
(1.5 1.38956e-13 0)
(1.5 1.09764e-13 0)
(1.5 1.16919e-13 0)
(1.5 1.38115e-13 0)
(1.5 1.47081e-13 0)
(1.5 1.76306e-13 0)
(1.5 1.59549e-13 0)
(1.5 2.59259e-13 0)
(1.5 2.53493e-13 0)
(1.5 3.07114e-13 0)
(1.5 2.79177e-13 0)
(1.5 1.25296e-13 0)
(1.5 8.90725e-14 0)
(1.5 2.95107e-13 0)
(1.5 3.79977e-13 0)
(1.5 2.94322e-13 0)
(1.5 2.26214e-13 0)
(1.5 2.36779e-13 0)
(1.5 2.37542e-13 0)
(1.5 2.96475e-13 0)
(1.5 3.51276e-13 0)
(1.5 2.72172e-13 0)
(1.5 1.86631e-13 0)
(1.5 1.73578e-13 0)
(1.5 1.63229e-13 0)
(1.5 1.43409e-13 0)
(1.5 5.92258e-14 0)
(1.5 -2.41243e-14 0)
(1.5 -1.43543e-13 0)
(1.5 -1.91653e-13 0)
(1.5 -2.3362e-13 0)
(1.5 -3.67014e-13 0)
(1.5 -4.14777e-13 0)
(1.5 -4.29099e-13 0)
(1.5 -3.99709e-13 0)
(1.5 -3.94351e-13 0)
(1.5 -3.74532e-13 0)
(1.5 -2.91955e-13 0)
(1.5 -2.61226e-13 0)
(1.5 -3.16924e-13 0)
(1.5 -2.43962e-13 0)
(1.5 -1.10837e-13 0)
(1.5 -1.07385e-13 0)
(1.5 -1.52997e-13 0)
(1.5 -1.65258e-13 0)
(1.5 -2.45538e-13 0)
(1.5 -3.04564e-13 0)
(1.5 -3.83482e-13 0)
(1.5 -3.85655e-13 0)
(1.5 -2.98458e-13 0)
(1.5 -2.35789e-13 0)
(1.5 -1.62263e-13 0)
(1.5 -1.19098e-13 0)
(1.5 -6.07515e-14 0)
(1.5 -3.83942e-14 0)
(1.5 1.5796e-14 0)
(1.5 4.77955e-14 0)
(1.5 6.65278e-14 0)
(1.5 6.82074e-14 0)
(1.5 -5.2121e-14 0)
(1.5 -1.14114e-13 0)
(1.5 -1.76362e-13 0)
(1.5 -2.67362e-13 0)
(1.5 -2.63563e-13 0)
(1.5 -2.00974e-13 0)
(1.5 -1.53976e-13 0)
(1.5 -8.0775e-14 0)
(1.5 6.9838e-14 0)
(1.5 5.10642e-14 0)
(1.5 6.77241e-14 0)
(1.5 9.11676e-15 0)
(1.5 -1.85887e-14 0)
(1.5 -1.34418e-14 0)
(1.5 -3.32229e-14 0)
(1.5 -2.31876e-14 0)
(1.5 2.85708e-14 0)
(1.5 2.27177e-13 0)
(1.5 4.19118e-13 0)
(1.5 4.42617e-13 0)
(1.5 4.43339e-13 0)
(1.5 4.52642e-13 0)
(1.5 4.41177e-16 0)
(1.5 2.37142e-14 0)
(1.5 1.14961e-13 0)
(1.5 5.19939e-14 0)
(1.5 2.16083e-15 0)
(1.5 3.64698e-15 0)
(1.5 -3.4811e-14 0)
(1.5 -5.86765e-14 0)
(1.5 -6.66392e-14 0)
(1.5 -1.33096e-14 0)
(1.5 -6.10859e-14 0)
(1.5 -1.04919e-13 0)
(1.5 -7.49577e-14 0)
(1.5 -8.63792e-15 0)
(1.5 2.17127e-14 0)
(1.5 2.23836e-14 0)
(1.5 3.65235e-14 0)
(1.5 5.95262e-15 0)
(1.5 4.42254e-14 0)
(1.5 9.24405e-14 0)
(1.5 3.26906e-14 0)
(1.5 3.04563e-14 0)
(1.5 8.84947e-14 0)
(1.5 4.93916e-14 0)
(1.5 9.16103e-15 0)
(1.5 2.05483e-14 0)
(1.5 -1.71973e-14 0)
(1.5 -1.73754e-14 0)
(1.5 -6.58835e-14 0)
(1.5 -9.96905e-14 0)
(1.5 -8.76456e-14 0)
(1.5 -1.16785e-13 0)
(1.5 -1.19541e-13 0)
(1.5 9.58618e-15 0)
(1.5 3.03154e-14 0)
(1.5 -3.64132e-15 0)
(1.5 3.21029e-14 0)
(1.5 6.95374e-14 0)
(1.5 5.0574e-14 0)
(1.5 4.02238e-14 0)
(1.5 1.57119e-14 0)
(1.5 -1.74722e-15 0)
(1.5 -6.23422e-15 0)
(1.5 5.63114e-14 0)
(1.5 8.76697e-14 0)
(1.5 6.98837e-14 0)
(1.5 5.83657e-14 0)
(1.5 4.52249e-14 0)
(1.5 5.11743e-14 0)
(1.5 6.3113e-14 0)
(1.5 5.64378e-14 0)
(1.5 6.64179e-14 0)
(1.5 7.01316e-14 0)
(1.5 1.95309e-14 0)
(1.5 -5.68324e-14 0)
(1.5 -8.03177e-14 0)
(1.5 2.11582e-14 0)
(1.5 4.82181e-14 0)
(1.5 -3.71991e-15 0)
(1.5 -1.1209e-14 0)
(1.5 -4.09306e-14 0)
(1.5 -6.3392e-14 0)
(1.5 -1.80837e-14 0)
(1.5 -5.48243e-14 0)
(1.5 -9.39744e-14 0)
(1.5 -2.40212e-15 0)
(1.5 5.70723e-14 0)
(1.5 4.22531e-14 0)
(1.5 1.57377e-14 0)
(1.5 -1.21889e-14 0)
(1.5 4.30979e-14 0)
(1.5 -1.49413e-14 0)
(1.5 -1.25152e-13 0)
(1.5 -1.36463e-13 0)
(1.5 -8.57088e-14 0)
(1.5 -9.12703e-14 0)
(1.5 -7.81891e-14 0)
(1.5 -1.98293e-14 0)
(1.5 -1.2289e-14 0)
(1.5 1.00545e-14 0)
(1.5 -1.36017e-14 0)
(1.5 -3.4331e-14 0)
(1.5 -1.53246e-14 0)
(1.5 -6.16339e-14 0)
(1.5 -1.32942e-14 0)
(1.5 -2.90988e-14 0)
(1.5 -7.27235e-15 0)
(1.5 -1.99576e-14 0)
(1.5 -6.72469e-14 0)
(1.5 -5.20825e-14 0)
(1.5 -7.31799e-15 0)
(1.5 7.68722e-14 0)
(1.5 2.23803e-13 0)
(1.5 2.47642e-13 0)
(1.5 2.04594e-13 0)
(1.5 7.96688e-14 0)
(1.5 -8.67665e-14 0)
(1.5 -1.6458e-13 0)
(1.5 -1.96406e-13 0)
(1.5 -2.33597e-13 0)
(1.5 -2.01483e-13 0)
(1.5 -2.18898e-13 0)
(1.5 -2.38899e-13 0)
(1.5 -1.68115e-13 0)
(1.5 -1.5417e-13 0)
(1.5 -1.15347e-13 0)
(1.5 -3.98248e-14 0)
(1.5 -1.00246e-14 0)
(1.5 -1.07767e-14 0)
(1.5 8.77521e-16 0)
(1.5 3.56014e-14 0)
(1.5 5.51665e-14 0)
(1.5 2.22705e-14 0)
(1.5 2.20962e-14 0)
(1.5 2.62504e-14 0)
(1.5 5.66334e-14 0)
(1.5 1.13869e-13 0)
(1.5 1.51418e-13 0)
(1.5 1.68876e-13 0)
(1.5 1.08285e-13 0)
(1.5 7.31231e-14 0)
(1.5 1.44854e-13 0)
(1.5 2.16925e-13 0)
(1.5 2.047e-13 0)
(1.5 1.37047e-13 0)
(1.5 9.46202e-14 0)
(1.5 1.67073e-13 0)
(1.5 2.42204e-13 0)
(1.5 2.70133e-13 0)
(1.5 2.28387e-13 0)
(1.5 8.36728e-14 0)
(1.5 7.44368e-14 0)
(1.5 3.62232e-13 0)
(1.5 3.92348e-13 0)
(1.5 3.46518e-13 0)
(1.5 3.6637e-13 0)
(1.5 3.28525e-13 0)
(1.5 2.72866e-13 0)
(1.5 2.59945e-13 0)
(1.5 2.60364e-13 0)
(1.5 2.40901e-13 0)
(1.5 2.02071e-13 0)
(1.5 2.39972e-13 0)
(1.5 2.41585e-13 0)
(1.5 9.87151e-14 0)
(1.5 -2.29735e-14 0)
(1.5 -1.23303e-13 0)
(1.5 -1.78525e-13 0)
(1.5 -1.63465e-13 0)
(1.5 -1.87111e-13 0)
(1.5 -3.21968e-13 0)
(1.5 -2.99295e-13 0)
(1.5 -2.61904e-13 0)
(1.5 -2.08245e-13 0)
(1.5 -1.96342e-13 0)
(1.5 -3.34136e-13 0)
(1.5 -3.96992e-13 0)
(1.5 -3.93815e-13 0)
(1.5 -3.44637e-13 0)
(1.5 -1.82937e-13 0)
(1.5 -5.46344e-14 0)
(1.5 -3.94593e-14 0)
(1.5 -1.06156e-13 0)
(1.5 -1.38513e-13 0)
(1.5 -2.47083e-13 0)
(1.5 -3.83127e-13 0)
(1.5 -3.53126e-13 0)
(1.5 -2.86713e-13 0)
(1.5 -2.82474e-13 0)
(1.5 -3.49747e-13 0)
(1.5 -3.51027e-13 0)
(1.5 -2.59127e-13 0)
(1.5 -2.35371e-13 0)
(1.5 -2.24244e-13 0)
(1.5 -1.6751e-13 0)
(1.5 -7.14649e-14 0)
(1.5 -4.09999e-14 0)
(1.5 -6.41794e-14 0)
(1.5 -7.1348e-14 0)
(1.5 -1.33005e-13 0)
(1.5 -2.47454e-13 0)
(1.5 -3.36164e-13 0)
(1.5 -2.44062e-13 0)
(1.5 -1.32984e-13 0)
(1.5 -6.69556e-14 0)
(1.5 1.92098e-14 0)
(1.5 9.97751e-14 0)
(1.5 3.40206e-14 0)
(1.5 -4.61004e-15 0)
(1.5 -2.70181e-15 0)
(1.5 3.03832e-14 0)
(1.5 -2.93907e-14 0)
(1.5 -9.4815e-14 0)
(1.5 -6.85971e-14 0)
(1.5 -7.91277e-14 0)
(1.5 -5.13004e-14 0)
(1.5 5.58973e-14 0)
(1.5 9.94794e-14 0)
(1.5 2.52001e-13 0)
(1.5 3.75462e-13 0)
(1.5 5.35658e-14 0)
(1.5 4.58874e-14 0)
(1.5 6.85549e-14 0)
(1.5 -4.54261e-14 0)
(1.5 -8.13147e-14 0)
(1.5 -2.5009e-14 0)
(1.5 -2.23716e-14 0)
(1.5 -1.98552e-14 0)
(1.5 -3.52387e-14 0)
(1.5 9.40787e-15 0)
(1.5 -5.01805e-15 0)
(1.5 -7.50786e-14 0)
(1.5 -6.67691e-14 0)
(1.5 1.242e-15 0)
(1.5 -2.9313e-14 0)
(1.5 -1.96605e-14 0)
(1.5 -1.26283e-14 0)
(1.5 -1.88126e-14 0)
(1.5 -1.0402e-14 0)
(1.5 2.72639e-14 0)
(1.5 3.1443e-14 0)
(1.5 3.54482e-14 0)
(1.5 4.98704e-14 0)
(1.5 5.94967e-14 0)
(1.5 -3.88737e-15 0)
(1.5 3.5103e-14 0)
(1.5 -3.33972e-14 0)
(1.5 1.98125e-15 0)
(1.5 -2.08057e-14 0)
(1.5 -8.68995e-14 0)
(1.5 -7.75905e-14 0)
(1.5 -1.50468e-13 0)
(1.5 -1.41556e-13 0)
(1.5 -3.20539e-14 0)
(1.5 2.02133e-15 0)
(1.5 -2.01866e-14 0)
(1.5 -3.27132e-14 0)
(1.5 -1.38098e-14 0)
(1.5 -9.68495e-15 0)
(1.5 -2.05651e-14 0)
(1.5 -3.73055e-14 0)
(1.5 -7.02801e-16 0)
(1.5 3.09389e-14 0)
(1.5 2.3263e-14 0)
(1.5 7.08327e-14 0)
(1.5 9.75726e-14 0)
(1.5 5.7484e-14 0)
(1.5 4.85299e-14 0)
(1.5 5.52821e-14 0)
(1.5 8.51443e-14 0)
(1.5 7.80598e-14 0)
(1.5 1.19248e-13 0)
(1.5 9.81637e-14 0)
(1.5 4.22917e-14 0)
(1.5 4.82669e-14 0)
(1.5 2.52348e-14 0)
(1.5 -5.60862e-15 0)
(1.5 3.54787e-15 0)
(1.5 -3.05959e-14 0)
(1.5 -4.1691e-14 0)
(1.5 -7.33548e-14 0)
(1.5 -4.42167e-14 0)
(1.5 -9.05463e-14 0)
(1.5 -4.40263e-14 0)
(1.5 -9.77877e-14 0)
(1.5 -3.08e-14 0)
(1.5 1.83746e-14 0)
(1.5 4.26522e-14 0)
(1.5 4.76873e-14 0)
(1.5 -2.27801e-14 0)
(1.5 -6.90651e-14 0)
(1.5 -8.80027e-14 0)
(1.5 -5.69945e-14 0)
(1.5 -6.9463e-14 0)
(1.5 1.14949e-14 0)
(1.5 1.40872e-14 0)
(1.5 -4.58371e-14 0)
(1.5 -5.07891e-14 0)
(1.5 -9.84329e-14 0)
(1.5 -4.10771e-14 0)
(1.5 -1.2438e-14 0)
(1.5 -2.3274e-14 0)
(1.5 2.95591e-14 0)
(1.5 -1.09125e-14 0)
(1.5 -4.07573e-14 0)
(1.5 -9.48697e-14 0)
(1.5 -8.3736e-14 0)
(1.5 -1.25953e-13 0)
(1.5 -8.85564e-14 0)
(1.5 -9.72249e-15 0)
(1.5 -2.0765e-14 0)
(1.5 -5.72265e-15 0)
(1.5 9.52467e-14 0)
(1.5 1.40167e-13 0)
(1.5 1.8072e-13 0)
(1.5 1.79319e-13 0)
(1.5 9.65657e-14 0)
(1.5 2.75187e-14 0)
(1.5 -4.13954e-14 0)
(1.5 -1.36899e-13 0)
(1.5 -1.81325e-13 0)
(1.5 -2.38665e-13 0)
(1.5 -1.94062e-13 0)
(1.5 -1.37928e-13 0)
(1.5 -9.87582e-14 0)
(1.5 -8.55735e-14 0)
(1.5 -1.12342e-13 0)
(1.5 -1.73401e-13 0)
(1.5 -2.1074e-13 0)
(1.5 -1.35271e-13 0)
(1.5 -5.56027e-14 0)
(1.5 -8.03038e-14 0)
(1.5 -3.88719e-14 0)
(1.5 8.64276e-14 0)
(1.5 1.57505e-13 0)
(1.5 1.49486e-13 0)
(1.5 6.0944e-14 0)
(1.5 1.75771e-14 0)
(1.5 5.59503e-14 0)
(1.5 3.04827e-14 0)
(1.5 5.83449e-14 0)
(1.5 1.05086e-13 0)
(1.5 1.35774e-13 0)
(1.5 1.13709e-13 0)
(1.5 1.07961e-13 0)
(1.5 1.15939e-13 0)
(1.5 1.16095e-13 0)
(1.5 1.13754e-13 0)
(1.5 9.51553e-14 0)
(1.5 1.17134e-13 0)
(1.5 1.28184e-13 0)
(1.5 1.22991e-13 0)
(1.5 3.75633e-13 0)
(1.5 3.73677e-13 0)
(1.5 3.89733e-13 0)
(1.5 4.23014e-13 0)
(1.5 4.12805e-13 0)
(1.5 3.01021e-13 0)
(1.5 2.24633e-13 0)
(1.5 1.83129e-13 0)
(1.5 2.18445e-13 0)
(1.5 2.0503e-13 0)
(1.5 2.41265e-13 0)
(1.5 1.70975e-13 0)
(1.5 2.18129e-14 0)
(1.5 1.00369e-14 0)
(1.5 -4.07845e-14 0)
(1.5 -6.76962e-14 0)
(1.5 -8.94497e-14 0)
(1.5 -1.41187e-13 0)
(1.5 -2.03505e-13 0)
(1.5 -2.22245e-13 0)
(1.5 -1.52671e-13 0)
(1.5 -1.15098e-13 0)
(1.5 -1.95163e-13 0)
(1.5 -3.72226e-13 0)
(1.5 -4.75145e-13 0)
(1.5 -4.77775e-13 0)
(1.5 -4.08159e-13 0)
(1.5 -2.13294e-13 0)
(1.5 -1.27154e-13 0)
(1.5 -1.55036e-13 0)
(1.5 -2.31856e-13 0)
(1.5 -2.96844e-13 0)
(1.5 -3.38227e-13 0)
(1.5 -3.98408e-13 0)
(1.5 -3.70592e-13 0)
(1.5 -3.22475e-13 0)
(1.5 -3.25841e-13 0)
(1.5 -3.28468e-13 0)
(1.5 -2.91147e-13 0)
(1.5 -2.20431e-13 0)
(1.5 -2.21877e-13 0)
(1.5 -2.09833e-13 0)
(1.5 -2.42806e-13 0)
(1.5 -1.61562e-13 0)
(1.5 -5.42533e-14 0)
(1.5 -6.2268e-14 0)
(1.5 -8.60256e-14 0)
(1.5 -1.83472e-13 0)
(1.5 -2.52358e-13 0)
(1.5 -2.47112e-13 0)
(1.5 -1.69764e-13 0)
(1.5 -1.2085e-13 0)
(1.5 -7.67777e-14 0)
(1.5 -2.68521e-14 0)
(1.5 1.54597e-14 0)
(1.5 -9.98761e-14 0)
(1.5 -1.91363e-13 0)
(1.5 -8.54066e-14 0)
(1.5 -1.92636e-14 0)
(1.5 -1.20148e-13 0)
(1.5 -3.06183e-13 0)
(1.5 -2.37614e-13 0)
(1.5 -2.89519e-13 0)
(1.5 -3.15428e-13 0)
(1.5 -2.53298e-13 0)
(1.5 -2.00885e-13 0)
(1.5 -3.0616e-14 0)
(1.5 1.58726e-13 0)
(1.5 2.2445e-14 0)
(1.5 2.93893e-14 0)
(1.5 2.21877e-14 0)
(1.5 -4.17999e-14 0)
(1.5 -3.17996e-14 0)
(1.5 -1.45707e-15 0)
(1.5 -1.53235e-14 0)
(1.5 -1.51046e-14 0)
(1.5 -8.58184e-14 0)
(1.5 -1.1303e-13 0)
(1.5 -9.69422e-14 0)
(1.5 -7.59507e-14 0)
(1.5 -9.31529e-14 0)
(1.5 -9.6178e-14 0)
(1.5 -8.41678e-14 0)
(1.5 -2.61254e-14 0)
(1.5 -2.2205e-14 0)
(1.5 6.60368e-15 0)
(1.5 6.06674e-14 0)
(1.5 1.40296e-14 0)
(1.5 3.45205e-14 0)
(1.5 4.2887e-14 0)
(1.5 5.41652e-16 0)
(1.5 3.73296e-14 0)
(1.5 2.10912e-14 0)
(1.5 9.22518e-15 0)
(1.5 1.44458e-16 0)
(1.5 2.74579e-14 0)
(1.5 2.79676e-14 0)
(1.5 8.22488e-15 0)
(1.5 1.87658e-14 0)
(1.5 -8.1947e-14 0)
(1.5 -9.02192e-14 0)
(1.5 -1.07452e-13 0)
(1.5 -6.07794e-14 0)
(1.5 -4.51975e-14 0)
(1.5 -7.32525e-14 0)
(1.5 -8.81618e-14 0)
(1.5 -5.04404e-14 0)
(1.5 -3.75253e-14 0)
(1.5 -3.87891e-14 0)
(1.5 -5.43802e-15 0)
(1.5 5.20046e-15 0)
(1.5 -2.26801e-14 0)
(1.5 1.28099e-14 0)
(1.5 4.71994e-14 0)
(1.5 1.271e-14 0)
(1.5 2.87266e-14 0)
(1.5 7.23305e-14 0)
(1.5 7.73531e-14 0)
(1.5 8.7687e-14 0)
(1.5 1.04479e-13 0)
(1.5 9.06352e-14 0)
(1.5 7.14657e-14 0)
(1.5 7.40709e-14 0)
(1.5 5.11083e-14 0)
(1.5 -4.7113e-14 0)
(1.5 -8.77357e-14 0)
(1.5 -5.08391e-14 0)
(1.5 -5.3288e-14 0)
(1.5 -4.88024e-14 0)
(1.5 -3.23403e-14 0)
(1.5 -9.22577e-14 0)
(1.5 -8.02855e-14 0)
(1.5 -6.39758e-14 0)
(1.5 -6.21375e-14 0)
(1.5 -4.84878e-14 0)
(1.5 1.91234e-14 0)
(1.5 8.53939e-14 0)
(1.5 3.47226e-14 0)
(1.5 -4.03464e-14 0)
(1.5 2.52462e-14 0)
(1.5 7.43624e-14 0)
(1.5 4.02525e-14 0)
(1.5 7.03965e-14 0)
(1.5 6.84031e-14 0)
(1.5 2.12141e-14 0)
(1.5 -7.10561e-14 0)
(1.5 -1.17215e-13 0)
(1.5 -8.00637e-14 0)
(1.5 -7.09068e-14 0)
(1.5 -9.10057e-14 0)
(1.5 -1.56433e-14 0)
(1.5 -4.82076e-15 0)
(1.5 -4.72994e-14 0)
(1.5 -8.64672e-14 0)
(1.5 -1.34365e-13 0)
(1.5 -1.52326e-13 0)
(1.5 -6.56739e-14 0)
(1.5 -1.6046e-14 0)
(1.5 -6.29335e-14 0)
(1.5 -6.45901e-14 0)
(1.5 -5.5393e-14 0)
(1.5 -2.992e-14 0)
(1.5 4.11175e-14 0)
(1.5 1.24455e-13 0)
(1.5 9.07189e-14 0)
(1.5 4.66295e-14 0)
(1.5 -7.03198e-15 0)
(1.5 -1.55831e-14 0)
(1.5 -3.10724e-14 0)
(1.5 -1.42012e-13 0)
(1.5 -1.58309e-13 0)
(1.5 -1.94022e-13 0)
(1.5 -1.2239e-13 0)
(1.5 -7.43937e-14 0)
(1.5 -1.01766e-13 0)
(1.5 -1.64854e-13 0)
(1.5 -2.57141e-13 0)
(1.5 -1.81231e-13 0)
(1.5 -1.15086e-13 0)
(1.5 -1.07465e-13 0)
(1.5 -1.25814e-14 0)
(1.5 1.14765e-13 0)
(1.5 1.59832e-13 0)
(1.5 1.71876e-13 0)
(1.5 8.45064e-14 0)
(1.5 -2.52428e-14 0)
(1.5 2.80128e-15 0)
(1.5 6.47501e-14 0)
(1.5 1.71861e-13 0)
(1.5 1.69515e-13 0)
(1.5 1.54519e-13 0)
(1.5 1.4723e-13 0)
(1.5 1.94095e-13 0)
(1.5 2.29472e-13 0)
(1.5 2.06468e-13 0)
(1.5 1.57988e-13 0)
(1.5 1.10626e-13 0)
(1.5 1.16202e-13 0)
(1.5 2.12118e-13 0)
(1.5 1.9522e-13 0)
(1.5 2.39782e-13 0)
(1.5 2.53132e-13 0)
(1.5 3.47351e-13 0)
(1.5 3.8794e-13 0)
(1.5 5.12207e-13 0)
(1.5 4.69019e-13 0)
(1.5 4.04759e-13 0)
(1.5 4.13533e-13 0)
(1.5 3.7779e-13 0)
(1.5 3.36882e-13 0)
(1.5 2.69334e-13 0)
(1.5 1.23011e-13 0)
(1.5 4.83661e-14 0)
(1.5 1.16207e-13 0)
(1.5 1.02548e-13 0)
(1.5 1.02619e-13 0)
(1.5 5.99261e-14 0)
(1.5 -1.92818e-14 0)
(1.5 -3.5831e-14 0)
(1.5 -1.4611e-13 0)
(1.5 -1.59447e-13 0)
(1.5 -1.84241e-13 0)
(1.5 -2.98399e-13 0)
(1.5 -4.25076e-13 0)
(1.5 -4.8705e-13 0)
(1.5 -3.64559e-13 0)
(1.5 -3.06165e-13 0)
(1.5 -2.82076e-13 0)
(1.5 -3.21586e-13 0)
(1.5 -3.39936e-13 0)
(1.5 -3.69975e-13 0)
(1.5 -3.32731e-13 0)
(1.5 -2.43629e-13 0)
(1.5 -2.49744e-13 0)
(1.5 -2.95477e-13 0)
(1.5 -3.13018e-13 0)
(1.5 -3.14335e-13 0)
(1.5 -2.06753e-13 0)
(1.5 -6.13937e-14 0)
(1.5 -2.91084e-14 0)
(1.5 -2.59139e-14 0)
(1.5 -9.73236e-14 0)
(1.5 -1.55825e-13 0)
(1.5 -1.1447e-13 0)
(1.5 -5.88908e-14 0)
(1.5 -6.17403e-14 0)
(1.5 -1.72484e-13 0)
(1.5 -2.15717e-13 0)
(1.5 -2.02492e-13 0)
(1.5 -1.5521e-13 0)
(1.5 -1.68603e-13 0)
(1.5 -1.58813e-13 0)
(1.5 -1.22114e-13 0)
(1.5 -1.21829e-13 0)
(1.5 -1.01341e-13 0)
(1.5 -2.44209e-13 0)
(1.5 -2.77707e-13 0)
(1.5 -1.12034e-13 0)
(1.5 2.1772e-16 0)
(1.5 -8.13605e-14 0)
(1.5 -3.04038e-13 0)
(1.5 -3.39784e-13 0)
(1.5 -3.99178e-13 0)
(1.5 -3.17785e-13 0)
(1.5 -2.20517e-13 0)
(1.5 -3.0955e-13 0)
(1.5 -1.99222e-13 0)
(1.5 -2.89901e-14 0)
(1.5 -1.78725e-14 0)
(1.5 4.38462e-14 0)
(1.5 1.13384e-13 0)
(1.5 1.21084e-13 0)
(1.5 1.03668e-13 0)
(1.5 8.57649e-14 0)
(1.5 6.30487e-14 0)
(1.5 2.89225e-15 0)
(1.5 -2.55989e-14 0)
(1.5 -7.56049e-14 0)
(1.5 -5.81885e-14 0)
(1.5 -6.19052e-14 0)
(1.5 -1.3268e-13 0)
(1.5 -9.83989e-14 0)
(1.5 -5.65057e-14 0)
(1.5 -2.69746e-14 0)
(1.5 -2.34493e-15 0)
(1.5 2.44906e-15 0)
(1.5 6.27986e-14 0)
(1.5 6.44247e-14 0)
(1.5 5.72009e-14 0)
(1.5 7.09915e-14 0)
(1.5 5.20883e-14 0)
(1.5 4.94681e-14 0)
(1.5 5.0325e-14 0)
(1.5 5.33762e-14 0)
(1.5 1.89919e-14 0)
(1.5 3.29747e-14 0)
(1.5 3.82814e-14 0)
(1.5 3.64246e-14 0)
(1.5 4.92947e-14 0)
(1.5 -3.0536e-14 0)
(1.5 -7.43363e-14 0)
(1.5 -1.49088e-13 0)
(1.5 -7.43409e-14 0)
(1.5 -2.97391e-14 0)
(1.5 -6.83167e-14 0)
(1.5 -1.92927e-14 0)
(1.5 1.07697e-14 0)
(1.5 -3.68414e-17 0)
(1.5 -1.43813e-14 0)
(1.5 3.58671e-15 0)
(1.5 -2.78707e-15 0)
(1.5 -5.29603e-15 0)
(1.5 -3.14379e-14 0)
(1.5 -5.44358e-14 0)
(1.5 -2.46621e-14 0)
(1.5 3.51052e-14 0)
(1.5 1.06294e-13 0)
(1.5 8.90473e-14 0)
(1.5 9.26504e-14 0)
(1.5 6.94178e-14 0)
(1.5 1.10928e-13 0)
(1.5 1.0983e-13 0)
(1.5 9.1284e-14 0)
(1.5 6.10706e-14 0)
(1.5 -4.42312e-14 0)
(1.5 -9.48432e-14 0)
(1.5 -3.843e-14 0)
(1.5 -5.38626e-14 0)
(1.5 -3.39167e-14 0)
(1.5 -1.41108e-14 0)
(1.5 -4.47395e-14 0)
(1.5 -1.01728e-13 0)
(1.5 -4.86638e-14 0)
(1.5 -6.04323e-14 0)
(1.5 -5.00669e-14 0)
(1.5 -2.25476e-14 0)
(1.5 8.41678e-14 0)
(1.5 7.85603e-14 0)
(1.5 2.19076e-14 0)
(1.5 5.86357e-15 0)
(1.5 2.37014e-14 0)
(1.5 -5.49641e-15 0)
(1.5 -1.62215e-14 0)
(1.5 -2.65632e-14 0)
(1.5 -6.7548e-14 0)
(1.5 -1.12903e-13 0)
(1.5 -9.6737e-14 0)
(1.5 -1.0643e-13 0)
(1.5 -1.47202e-13 0)
(1.5 -1.27228e-13 0)
(1.5 -7.51265e-14 0)
(1.5 -3.8769e-14 0)
(1.5 -2.74525e-14 0)
(1.5 -4.90977e-14 0)
(1.5 -1.05739e-13 0)
(1.5 -5.61872e-14 0)
(1.5 4.14055e-14 0)
(1.5 -2.36571e-14 0)
(1.5 -1.81374e-13 0)
(1.5 -1.98536e-13 0)
(1.5 -1.89496e-13 0)
(1.5 -1.31914e-13 0)
(1.5 -5.47079e-14 0)
(1.5 2.89542e-14 0)
(1.5 5.51338e-14 0)
(1.5 5.91458e-14 0)
(1.5 3.29839e-14 0)
(1.5 2.90461e-14 0)
(1.5 -2.96142e-14 0)
(1.5 -1.20689e-13 0)
(1.5 -1.50298e-13 0)
(1.5 -1.59001e-13 0)
(1.5 -1.49905e-13 0)
(1.5 -1.26797e-13 0)
(1.5 -1.3099e-13 0)
(1.5 -1.94085e-13 0)
(1.5 -2.364e-13 0)
(1.5 -2.18546e-13 0)
(1.5 -2.24386e-13 0)
(1.5 -1.89813e-13 0)
(1.5 -1.04576e-13 0)
(1.5 -5.48243e-14 0)
(1.5 -2.88841e-14 0)
(1.5 3.53694e-14 0)
(1.5 1.90227e-14 0)
(1.5 -4.74576e-14 0)
(1.5 -3.10444e-14 0)
(1.5 1.0653e-13 0)
(1.5 2.28684e-13 0)
(1.5 2.37627e-13 0)
(1.5 1.94452e-13 0)
(1.5 2.47022e-13 0)
(1.5 2.18661e-13 0)
(1.5 2.44637e-13 0)
(1.5 2.53089e-13 0)
(1.5 2.23417e-13 0)
(1.5 2.15765e-13 0)
(1.5 1.4227e-13 0)
(1.5 1.22942e-13 0)
(1.5 1.34275e-13 0)
(1.5 5.63944e-14 0)
(1.5 9.24589e-14 0)
(1.5 2.41465e-13 0)
(1.5 3.90676e-13 0)
(1.5 5.06976e-13 0)
(1.5 5.43815e-13 0)
(1.5 5.3673e-13 0)
(1.5 5.46243e-13 0)
(1.5 5.00423e-13 0)
(1.5 4.37882e-13 0)
(1.5 3.24744e-13 0)
(1.5 2.58702e-13 0)
(1.5 2.09087e-13 0)
(1.5 1.44666e-13 0)
(1.5 1.51934e-13 0)
(1.5 2.95774e-13 0)
(1.5 2.60049e-13 0)
(1.5 1.0985e-13 0)
(1.5 -2.17206e-14 0)
(1.5 -1.66249e-13 0)
(1.5 -2.24197e-13 0)
(1.5 -2.30502e-13 0)
(1.5 -2.70156e-13 0)
(1.5 -3.62673e-13 0)
(1.5 -3.95055e-13 0)
(1.5 -2.66501e-13 0)
(1.5 -1.90154e-13 0)
(1.5 -2.55577e-13 0)
(1.5 -3.9189e-13 0)
(1.5 -3.99275e-13 0)
(1.5 -3.79641e-13 0)
(1.5 -2.6027e-13 0)
(1.5 -1.74426e-13 0)
(1.5 -1.58745e-13 0)
(1.5 -1.35152e-13 0)
(1.5 -7.98726e-14 0)
(1.5 -6.27369e-14 0)
(1.5 -2.29304e-14 0)
(1.5 2.30387e-14 0)
(1.5 5.2906e-14 0)
(1.5 1.84502e-14 0)
(1.5 -6.15056e-14 0)
(1.5 -3.4184e-14 0)
(1.5 -4.00922e-14 0)
(1.5 -7.87426e-14 0)
(1.5 -1.50182e-13 0)
(1.5 -2.11819e-13 0)
(1.5 -2.0918e-13 0)
(1.5 -1.8016e-13 0)
(1.5 -1.04989e-13 0)
(1.5 -1.48803e-13 0)
(1.5 -1.66039e-13 0)
(1.5 -1.77288e-13 0)
(1.5 -1.49874e-13 0)
(1.5 -1.32021e-13 0)
(1.5 -2.07822e-13 0)
(1.5 -1.19052e-13 0)
(1.5 2.16728e-14 0)
(1.5 7.91597e-14 0)
(1.5 7.0458e-14 0)
(1.5 -1.76745e-13 0)
(1.5 -2.69393e-13 0)
(1.5 -2.44952e-13 0)
(1.5 -1.5459e-13 0)
(1.5 -9.61333e-14 0)
(1.5 -1.98647e-13 0)
(1.5 -1.10076e-13 0)
(1.5 4.16331e-14 0)
(1.5 2.41461e-14 0)
(1.5 9.3976e-14 0)
(1.5 1.86082e-13 0)
(1.5 2.41266e-13 0)
(1.5 2.20611e-13 0)
(1.5 1.51266e-13 0)
(1.5 1.30542e-13 0)
(1.5 1.02235e-13 0)
(1.5 1.24365e-13 0)
(1.5 9.47288e-14 0)
(1.5 4.38774e-14 0)
(1.5 1.15825e-15 0)
(1.5 -6.28135e-14 0)
(1.5 -5.24406e-14 0)
(1.5 -5.49254e-14 0)
(1.5 -6.13582e-14 0)
(1.5 -1.30303e-14 0)
(1.5 1.64973e-14 0)
(1.5 2.72966e-15 0)
(1.5 -2.97015e-15 0)
(1.5 5.86257e-14 0)
(1.5 1.41119e-13 0)
(1.5 1.53092e-13 0)
(1.5 1.41788e-13 0)
(1.5 1.13759e-13 0)
(1.5 1.02445e-13 0)
(1.5 2.39551e-14 0)
(1.5 -5.91006e-15 0)
(1.5 -1.23785e-15 0)
(1.5 5.30738e-14 0)
(1.5 4.30842e-14 0)
(1.5 -2.99423e-14 0)
(1.5 -7.31442e-14 0)
(1.5 -1.28076e-13 0)
(1.5 -1.16322e-13 0)
(1.5 -5.00319e-14 0)
(1.5 1.05834e-14 0)
(1.5 8.06602e-14 0)
(1.5 4.86089e-14 0)
(1.5 1.31005e-14 0)
(1.5 -3.01657e-15 0)
(1.5 -1.56277e-15 0)
(1.5 1.16626e-14 0)
(1.5 5.37594e-14 0)
(1.5 4.96984e-14 0)
(1.5 -1.1064e-14 0)
(1.5 1.4544e-14 0)
(1.5 3.07375e-14 0)
(1.5 6.69385e-14 0)
(1.5 1.04314e-13 0)
(1.5 1.4105e-13 0)
(1.5 9.45643e-14 0)
(1.5 9.78416e-14 0)
(1.5 8.66267e-14 0)
(1.5 8.7688e-14 0)
(1.5 5.65395e-14 0)
(1.5 -4.31606e-14 0)
(1.5 -5.12173e-14 0)
(1.5 -2.23613e-14 0)
(1.5 -9.92861e-14 0)
(1.5 -6.39913e-14 0)
(1.5 -4.46922e-14 0)
(1.5 -4.71386e-14 0)
(1.5 -5.9885e-14 0)
(1.5 -2.47613e-14 0)
(1.5 1.75948e-15 0)
(1.5 -4.96097e-15 0)
(1.5 -4.59523e-14 0)
(1.5 -1.18834e-14 0)
(1.5 2.78579e-14 0)
(1.5 2.82515e-14 0)
(1.5 -3.73226e-14 0)
(1.5 -2.95637e-14 0)
(1.5 -4.94807e-14 0)
(1.5 -1.19809e-13 0)
(1.5 -1.23368e-13 0)
(1.5 -1.22081e-13 0)
(1.5 -1.4644e-13 0)
(1.5 -8.96926e-14 0)
(1.5 -1.07875e-13 0)
(1.5 -1.33002e-13 0)
(1.5 -8.11362e-14 0)
(1.5 -8.64711e-14 0)
(1.5 -9.28499e-14 0)
(1.5 -8.43167e-14 0)
(1.5 -3.81345e-14 0)
(1.5 -2.10631e-14 0)
(1.5 4.21908e-14 0)
(1.5 1.02087e-13 0)
(1.5 -5.695e-14 0)
(1.5 -2.45079e-13 0)
(1.5 -3.21502e-13 0)
(1.5 -3.4903e-13 0)
(1.5 -2.39443e-13 0)
(1.5 -7.44274e-14 0)
(1.5 7.341e-14 0)
(1.5 1.56774e-13 0)
(1.5 1.97548e-13 0)
(1.5 1.65933e-13 0)
(1.5 9.17224e-14 0)
(1.5 3.93588e-14 0)
(1.5 2.179e-14 0)
(1.5 -8.05629e-14 0)
(1.5 -1.36757e-13 0)
(1.5 -1.69426e-13 0)
(1.5 -1.86419e-13 0)
(1.5 -2.16575e-13 0)
(1.5 -2.44128e-13 0)
(1.5 -1.98673e-13 0)
(1.5 -2.3689e-13 0)
(1.5 -2.55516e-13 0)
(1.5 -3.36607e-13 0)
(1.5 -3.04027e-13 0)
(1.5 -2.64259e-13 0)
(1.5 -2.41407e-13 0)
(1.5 -9.1262e-14 0)
(1.5 -3.56294e-14 0)
(1.5 -4.17212e-14 0)
(1.5 -5.41566e-14 0)
(1.5 8.80499e-14 0)
(1.5 1.92312e-13 0)
(1.5 2.45326e-13 0)
(1.5 2.65052e-13 0)
(1.5 2.57067e-13 0)
(1.5 2.33055e-13 0)
(1.5 2.55005e-13 0)
(1.5 1.98815e-13 0)
(1.5 1.37818e-13 0)
(1.5 1.66695e-13 0)
(1.5 1.7733e-13 0)
(1.5 6.15918e-14 0)
(1.5 3.79875e-14 0)
(1.5 -2.5715e-14 0)
(1.5 3.79493e-14 0)
(1.5 1.93573e-13 0)
(1.5 3.48023e-13 0)
(1.5 4.5988e-13 0)
(1.5 5.88488e-13 0)
(1.5 6.36378e-13 0)
(1.5 6.49008e-13 0)
(1.5 5.83565e-13 0)
(1.5 5.48964e-13 0)
(1.5 5.07663e-13 0)
(1.5 4.86937e-13 0)
(1.5 3.91387e-13 0)
(1.5 1.80569e-13 0)
(1.5 1.47509e-13 0)
(1.5 3.57439e-13 0)
(1.5 3.59485e-13 0)
(1.5 1.77469e-13 0)
(1.5 -1.06292e-13 0)
(1.5 -2.75979e-13 0)
(1.5 -2.74292e-13 0)
(1.5 -1.75327e-13 0)
(1.5 -1.58838e-13 0)
(1.5 -1.95501e-13 0)
(1.5 -2.29552e-13 0)
(1.5 -1.77133e-13 0)
(1.5 -1.37547e-13 0)
(1.5 -1.69745e-13 0)
(1.5 -2.50039e-13 0)
(1.5 -2.63838e-13 0)
(1.5 -1.90871e-13 0)
(1.5 -1.07175e-13 0)
(1.5 -1.10362e-13 0)
(1.5 -1.11391e-13 0)
(1.5 1.8348e-14 0)
(1.5 1.96519e-13 0)
(1.5 2.40637e-13 0)
(1.5 2.53856e-13 0)
(1.5 1.73631e-13 0)
(1.5 1.14612e-13 0)
(1.5 -3.25778e-14 0)
(1.5 -1.27071e-13 0)
(1.5 -7.67729e-14 0)
(1.5 -7.32309e-14 0)
(1.5 -1.24821e-13 0)
(1.5 -2.72343e-13 0)
(1.5 -2.4991e-13 0)
(1.5 -2.20747e-13 0)
(1.5 -1.72744e-13 0)
(1.5 -9.49753e-14 0)
(1.5 -1.02725e-13 0)
(1.5 -1.20543e-13 0)
(1.5 -1.32141e-13 0)
(1.5 -6.57297e-14 0)
(1.5 -2.89326e-14 0)
(1.5 -5.93299e-14 0)
(1.5 7.93397e-14 0)
(1.5 1.35037e-13 0)
(1.5 1.53424e-13 0)
(1.5 2.14556e-13 0)
(1.5 2.6474e-14 0)
(1.5 -1.78206e-14 0)
(1.5 7.75866e-14 0)
(1.5 1.19327e-13 0)
(1.5 1.31708e-13 0)
(1.5 1.91658e-13 0)
(1.5 2.38349e-13 0)
(1.5 2.66289e-13 0)
(1.5 3.98618e-14 0)
(1.5 6.5732e-14 0)
(1.5 7.84725e-14 0)
(1.5 1.62751e-13 0)
(1.5 1.78916e-13 0)
(1.5 8.71124e-14 0)
(1.5 3.35048e-14 0)
(1.5 1.19574e-13 0)
(1.5 1.52393e-13 0)
(1.5 1.06718e-13 0)
(1.5 3.61403e-14 0)
(1.5 4.69954e-15 0)
(1.5 -5.02407e-14 0)
(1.5 -1.17353e-13 0)
(1.5 -8.66268e-14 0)
(1.5 -7.22198e-14 0)
(1.5 -1.72069e-14 0)
(1.5 1.01238e-14 0)
(1.5 9.13613e-15 0)
(1.5 -5.11564e-14 0)
(1.5 4.58963e-14 0)
(1.5 1.09036e-13 0)
(1.5 1.57778e-13 0)
(1.5 1.9389e-13 0)
(1.5 1.42852e-13 0)
(1.5 9.4909e-14 0)
(1.5 4.49917e-14 0)
(1.5 1.56886e-14 0)
(1.5 3.12898e-14 0)
(1.5 6.80323e-14 0)
(1.5 7.04788e-14 0)
(1.5 6.12909e-14 0)
(1.5 2.88213e-14 0)
(1.5 -4.2238e-15 0)
(1.5 -7.69943e-14 0)
(1.5 -8.04919e-14 0)
(1.5 2.12751e-14 0)
(1.5 1.01261e-13 0)
(1.5 7.38206e-14 0)
(1.5 3.78665e-14 0)
(1.5 3.61361e-14 0)
(1.5 2.84624e-15 0)
(1.5 3.22667e-14 0)
(1.5 7.82835e-14 0)
(1.5 1.23896e-13 0)
(1.5 8.03417e-14 0)
(1.5 8.47812e-14 0)
(1.5 6.24487e-14 0)
(1.5 4.74381e-14 0)
(1.5 1.43962e-13 0)
(1.5 2.13302e-13 0)
(1.5 1.87198e-13 0)
(1.5 9.83932e-14 0)
(1.5 6.14705e-14 0)
(1.5 4.25801e-14 0)
(1.5 -1.14432e-14 0)
(1.5 -5.67929e-14 0)
(1.5 -2.65515e-14 0)
(1.5 1.30708e-14 0)
(1.5 -5.42278e-14 0)
(1.5 -2.81472e-14 0)
(1.5 -2.33273e-14 0)
(1.5 -2.03136e-14 0)
(1.5 1.28715e-14 0)
(1.5 7.49119e-15 0)
(1.5 3.89333e-14 0)
(1.5 6.86656e-15 0)
(1.5 -1.56765e-14 0)
(1.5 -8.23349e-14 0)
(1.5 -4.29957e-14 0)
(1.5 -8.66241e-15 0)
(1.5 3.03524e-14 0)
(1.5 3.85068e-14 0)
(1.5 -8.45838e-15 0)
(1.5 -1.03835e-13 0)
(1.5 -4.93996e-14 0)
(1.5 -6.22615e-14 0)
(1.5 -1.11143e-13 0)
(1.5 -8.20362e-14 0)
(1.5 -5.22522e-14 0)
(1.5 -2.74069e-14 0)
(1.5 2.10005e-14 0)
(1.5 -5.24936e-14 0)
(1.5 -6.0824e-14 0)
(1.5 -7.20408e-14 0)
(1.5 -2.71455e-14 0)
(1.5 5.76101e-14 0)
(1.5 8.07709e-14 0)
(1.5 4.6557e-14 0)
(1.5 -1.0787e-13 0)
(1.5 -2.0468e-13 0)
(1.5 -2.59188e-13 0)
(1.5 -3.09722e-13 0)
(1.5 -2.54404e-13 0)
(1.5 -9.20631e-14 0)
(1.5 2.51948e-14 0)
(1.5 1.28141e-13 0)
(1.5 1.67007e-13 0)
(1.5 1.32187e-13 0)
(1.5 8.82526e-14 0)
(1.5 1.21271e-13 0)
(1.5 7.79561e-14 0)
(1.5 -4.35203e-14 0)
(1.5 -8.74321e-14 0)
(1.5 -1.04605e-13 0)
(1.5 -1.28859e-13 0)
(1.5 -1.55791e-13 0)
(1.5 -1.23597e-13 0)
(1.5 -1.07816e-13 0)
(1.5 -1.63713e-13 0)
(1.5 -1.86883e-13 0)
(1.5 -2.43561e-13 0)
(1.5 -1.89209e-13 0)
(1.5 -2.08713e-13 0)
(1.5 -2.14687e-13 0)
(1.5 -1.34496e-13 0)
(1.5 -5.356e-14 0)
(1.5 -2.07366e-14 0)
(1.5 -1.86054e-14 0)
(1.5 3.81832e-14 0)
(1.5 1.02527e-13 0)
(1.5 2.17269e-13 0)
(1.5 2.83819e-13 0)
(1.5 2.1399e-13 0)
(1.5 2.18101e-13 0)
(1.5 2.22626e-13 0)
(1.5 1.2313e-13 0)
(1.5 7.39337e-14 0)
(1.5 1.075e-13 0)
(1.5 1.65166e-13 0)
(1.5 1.53832e-13 0)
(1.5 8.26751e-14 0)
(1.5 -4.86193e-14 0)
(1.5 5.44064e-14 0)
(1.5 2.56139e-13 0)
(1.5 3.45265e-13 0)
(1.5 4.61147e-13 0)
(1.5 6.75996e-13 0)
(1.5 7.56257e-13 0)
(1.5 7.72238e-13 0)
(1.5 7.67579e-13 0)
(1.5 7.2149e-13 0)
(1.5 6.56371e-13 0)
(1.5 5.376e-13 0)
(1.5 3.83062e-13 0)
(1.5 2.83505e-13 0)
(1.5 2.06719e-13 0)
(1.5 3.19383e-13 0)
(1.5 3.22964e-13 0)
(1.5 1.79395e-13 0)
(1.5 -4.2248e-14 0)
(1.5 -1.7391e-13 0)
(1.5 -1.70415e-13 0)
(1.5 -1.07966e-13 0)
(1.5 -7.22047e-14 0)
(1.5 -3.29575e-14 0)
(1.5 -3.79718e-14 0)
(1.5 -5.27254e-14 0)
(1.5 -8.44617e-14 0)
(1.5 -5.72689e-14 0)
(1.5 -6.37213e-14 0)
(1.5 -7.06684e-14 0)
(1.5 1.11333e-14 0)
(1.5 5.26705e-14 0)
(1.5 6.50144e-14 0)
(1.5 6.79477e-14 0)
(1.5 1.39219e-13 0)
(1.5 2.56123e-13 0)
(1.5 3.57023e-13 0)
(1.5 4.53409e-13 0)
(1.5 3.78704e-13 0)
(1.5 2.82712e-13 0)
(1.5 7.38607e-14 0)
(1.5 -4.48675e-14 0)
(1.5 -2.55159e-14 0)
(1.5 -2.79501e-14 0)
(1.5 -9.7514e-14 0)
(1.5 -2.09055e-13 0)
(1.5 -1.45808e-13 0)
(1.5 -1.00157e-13 0)
(1.5 -7.1485e-14 0)
(1.5 -7.84355e-15 0)
(1.5 -5.02396e-14 0)
(1.5 -6.94064e-14 0)
(1.5 5.9189e-15 0)
(1.5 1.02892e-13 0)
(1.5 1.27757e-13 0)
(1.5 1.24561e-13 0)
(1.5 2.15504e-13 0)
(1.5 2.23243e-13 0)
(1.5 2.82064e-13 0)
(1.5 3.47892e-13 0)
(1.5 2.77827e-13 0)
(1.5 1.81734e-13 0)
(1.5 2.68086e-13 0)
(1.5 3.12857e-13 0)
(1.5 3.50172e-13 0)
(1.5 4.90542e-13 0)
(1.5 4.5982e-13 0)
(1.5 4.05729e-13 0)
(1.5 9.79364e-15 0)
(1.5 6.66285e-15 0)
(1.5 3.77656e-15 0)
(1.5 3.41237e-14 0)
(1.5 1.36527e-14 0)
(1.5 -1.67504e-14 0)
(1.5 -3.48814e-14 0)
(1.5 2.47272e-14 0)
(1.5 9.81841e-14 0)
(1.5 9.74208e-14 0)
(1.5 5.55527e-14 0)
(1.5 -3.24472e-14 0)
(1.5 -1.59087e-13 0)
(1.5 -1.77842e-13 0)
(1.5 -8.79249e-14 0)
(1.5 -3.60944e-14 0)
(1.5 2.54431e-14 0)
(1.5 3.77399e-14 0)
(1.5 2.247e-14 0)
(1.5 -1.73986e-14 0)
(1.5 -2.04632e-14 0)
(1.5 -2.50353e-14 0)
(1.5 5.11745e-14 0)
(1.5 1.01477e-13 0)
(1.5 5.57815e-14 0)
(1.5 4.07213e-14 0)
(1.5 6.13295e-14 0)
(1.5 2.78946e-14 0)
(1.5 1.31825e-14 0)
(1.5 -2.66682e-15 0)
(1.5 -1.03846e-14 0)
(1.5 6.16174e-14 0)
(1.5 3.60099e-14 0)
(1.5 2.96886e-14 0)
(1.5 4.42518e-15 0)
(1.5 -3.94372e-14 0)
(1.5 4.32765e-15 0)
(1.5 1.89696e-14 0)
(1.5 8.6671e-15 0)
(1.5 1.40312e-14 0)
(1.5 6.95578e-14 0)
(1.5 5.17074e-14 0)
(1.5 7.57512e-14 0)
(1.5 5.04915e-14 0)
(1.5 4.51374e-14 0)
(1.5 7.98781e-14 0)
(1.5 1.39262e-13 0)
(1.5 9.74952e-14 0)
(1.5 6.4614e-14 0)
(1.5 7.63864e-14 0)
(1.5 1.29003e-13 0)
(1.5 1.45752e-13 0)
(1.5 1.33697e-13 0)
(1.5 1.15532e-13 0)
(1.5 4.59607e-14 0)
(1.5 -1.31067e-14 0)
(1.5 1.20628e-14 0)
(1.5 7.0917e-14 0)
(1.5 2.83706e-14 0)
(1.5 2.76957e-15 0)
(1.5 8.49517e-15 0)
(1.5 -2.48291e-14 0)
(1.5 -9.3595e-15 0)
(1.5 -1.11025e-15 0)
(1.5 -4.32395e-15 0)
(1.5 -1.95888e-14 0)
(1.5 -5.11744e-14 0)
(1.5 -9.09312e-14 0)
(1.5 -1.48799e-13 0)
(1.5 -8.65771e-14 0)
(1.5 -8.85399e-14 0)
(1.5 -8.53427e-15 0)
(1.5 -1.28032e-14 0)
(1.5 -3.87763e-14 0)
(1.5 -8.0613e-14 0)
(1.5 -6.98811e-14 0)
(1.5 -1.06152e-13 0)
(1.5 -1.21123e-13 0)
(1.5 -1.55805e-13 0)
(1.5 -1.04478e-13 0)
(1.5 -4.06846e-14 0)
(1.5 3.48589e-14 0)
(1.5 2.49678e-14 0)
(1.5 1.65661e-14 0)
(1.5 -1.98653e-14 0)
(1.5 -2.28916e-14 0)
(1.5 1.20081e-14 0)
(1.5 -4.0232e-15 0)
(1.5 -3.62509e-14 0)
(1.5 -1.21942e-13 0)
(1.5 -1.64489e-13 0)
(1.5 -1.82485e-13 0)
(1.5 -2.39396e-13 0)
(1.5 -2.15982e-13 0)
(1.5 -1.53654e-13 0)
(1.5 -1.07442e-13 0)
(1.5 -3.27043e-14 0)
(1.5 -2.04239e-15 0)
(1.5 -2.3342e-14 0)
(1.5 1.91608e-15 0)
(1.5 3.38472e-15 0)
(1.5 -5.33727e-14 0)
(1.5 -6.35583e-14 0)
(1.5 -2.98241e-14 0)
(1.5 -6.05141e-14 0)
(1.5 -9.5185e-14 0)
(1.5 -8.78873e-14 0)
(1.5 -9.32596e-14 0)
(1.5 -1.58288e-13 0)
(1.5 -2.63512e-13 0)
(1.5 -2.61749e-13 0)
(1.5 -1.84394e-13 0)
(1.5 -1.2024e-13 0)
(1.5 -1.77631e-13 0)
(1.5 -1.91444e-13 0)
(1.5 -1.05439e-13 0)
(1.5 -4.43242e-14 0)
(1.5 2.44652e-14 0)
(1.5 2.26947e-14 0)
(1.5 -2.6959e-14 0)
(1.5 1.45869e-14 0)
(1.5 1.19974e-13 0)
(1.5 1.41077e-13 0)
(1.5 1.81583e-13 0)
(1.5 1.72603e-13 0)
(1.5 1.51255e-13 0)
(1.5 1.517e-13 0)
(1.5 1.95979e-13 0)
(1.5 1.65184e-13 0)
(1.5 1.91962e-13 0)
(1.5 2.27981e-13 0)
(1.5 1.98085e-13 0)
(1.5 8.63627e-14 0)
(1.5 1.45525e-13 0)
(1.5 2.91535e-13 0)
(1.5 3.75595e-13 0)
(1.5 4.54245e-13 0)
(1.5 7.28347e-13 0)
(1.5 8.52962e-13 0)
(1.5 8.57517e-13 0)
(1.5 8.76009e-13 0)
(1.5 7.84412e-13 0)
(1.5 6.47315e-13 0)
(1.5 4.48351e-13 0)
(1.5 2.71954e-13 0)
(1.5 2.51508e-13 0)
(1.5 1.75346e-13 0)
(1.5 1.76106e-13 0)
(1.5 1.29478e-13 0)
(1.5 1.15192e-13 0)
(1.5 9.13852e-14 0)
(1.5 4.04989e-14 0)
(1.5 3.52827e-14 0)
(1.5 -7.21311e-14 0)
(1.5 -4.28814e-14 0)
(1.5 6.8053e-14 0)
(1.5 4.01385e-14 0)
(1.5 -1.49221e-13 0)
(1.5 -1.92008e-13 0)
(1.5 -1.13161e-13 0)
(1.5 -1.04116e-14 0)
(1.5 1.27577e-14 0)
(1.5 7.53058e-14 0)
(1.5 9.58443e-14 0)
(1.5 1.29957e-13 0)
(1.5 2.04425e-13 0)
(1.5 1.60621e-13 0)
(1.5 2.26974e-13 0)
(1.5 4.38637e-13 0)
(1.5 5.23998e-13 0)
(1.5 4.67408e-13 0)
(1.5 4.65314e-13 0)
(1.5 2.93006e-13 0)
(1.5 1.76939e-13 0)
(1.5 1.22938e-13 0)
(1.5 1.16299e-13 0)
(1.5 1.06424e-13 0)
(1.5 5.21389e-14 0)
(1.5 1.18641e-13 0)
(1.5 1.47241e-13 0)
(1.5 1.98543e-13 0)
(1.5 2.63324e-13 0)
(1.5 2.03725e-13 0)
(1.5 1.5576e-13 0)
(1.5 2.08704e-13 0)
(1.5 2.89593e-13 0)
(1.5 2.88823e-13 0)
(1.5 3.2373e-13 0)
(1.5 3.39316e-13 0)
(1.5 3.66726e-13 0)
(1.5 3.76986e-13 0)
(1.5 3.81508e-13 0)
(1.5 4.63469e-13 0)
(1.5 3.23557e-13 0)
(1.5 3.45297e-13 0)
(1.5 4.01789e-13 0)
(1.5 4.8495e-13 0)
(1.5 5.47143e-13 0)
(1.5 4.67108e-13 0)
(1.5 4.0769e-13 0)
(1.5 -1.2949e-14 0)
(1.5 -5.51674e-14 0)
(1.5 -6.51497e-14 0)
(1.5 -4.01815e-14 0)
(1.5 -1.4511e-14 0)
(1.5 4.58966e-14 0)
(1.5 2.82115e-14 0)
(1.5 3.80481e-15 0)
(1.5 7.42495e-14 0)
(1.5 6.52336e-14 0)
(1.5 -4.88606e-15 0)
(1.5 -1.31674e-13 0)
(1.5 -1.63611e-13 0)
(1.5 -1.66355e-13 0)
(1.5 -8.98592e-14 0)
(1.5 -1.78892e-14 0)
(1.5 3.07717e-14 0)
(1.5 6.66281e-14 0)
(1.5 5.45256e-14 0)
(1.5 3.7643e-14 0)
(1.5 -3.82645e-14 0)
(1.5 -9.54092e-14 0)
(1.5 -1.90362e-14 0)
(1.5 1.10601e-14 0)
(1.5 4.12646e-14 0)
(1.5 -3.36165e-14 0)
(1.5 -4.89693e-14 0)
(1.5 -6.98039e-14 0)
(1.5 -1.08702e-13 0)
(1.5 -1.1522e-13 0)
(1.5 -9.68369e-14 0)
(1.5 -4.18835e-14 0)
(1.5 -3.34468e-14 0)
(1.5 -2.2755e-14 0)
(1.5 4.45136e-15 0)
(1.5 4.89416e-14 0)
(1.5 2.36487e-14 0)
(1.5 6.4351e-15 0)
(1.5 -2.51941e-15 0)
(1.5 2.42841e-14 0)
(1.5 4.62214e-14 0)
(1.5 9.2284e-14 0)
(1.5 1.39765e-13 0)
(1.5 1.2618e-13 0)
(1.5 2.39328e-14 0)
(1.5 1.08061e-13 0)
(1.5 1.55038e-13 0)
(1.5 1.22309e-13 0)
(1.5 1.07959e-13 0)
(1.5 4.06348e-14 0)
(1.5 4.74516e-14 0)
(1.5 8.92735e-14 0)
(1.5 1.36519e-13 0)
(1.5 1.52996e-13 0)
(1.5 6.60394e-14 0)
(1.5 2.57511e-14 0)
(1.5 8.3365e-14 0)
(1.5 9.13988e-14 0)
(1.5 2.46777e-14 0)
(1.5 5.46519e-14 0)
(1.5 6.56579e-15 0)
(1.5 -5.76744e-14 0)
(1.5 -4.55118e-14 0)
(1.5 -3.24629e-14 0)
(1.5 -3.60503e-14 0)
(1.5 -6.78576e-14 0)
(1.5 -1.05578e-13 0)
(1.5 -1.42064e-13 0)
(1.5 -1.4253e-13 0)
(1.5 -5.24965e-14 0)
(1.5 -7.62121e-14 0)
(1.5 -9.11808e-14 0)
(1.5 -1.16611e-13 0)
(1.5 -9.70065e-14 0)
(1.5 -7.48968e-14 0)
(1.5 -1.35596e-13 0)
(1.5 -1.71397e-13 0)
(1.5 -2.13347e-13 0)
(1.5 -2.51386e-13 0)
(1.5 -2.06154e-13 0)
(1.5 -1.96049e-13 0)
(1.5 -1.18593e-13 0)
(1.5 -8.28357e-14 0)
(1.5 -1.3989e-13 0)
(1.5 -1.63963e-13 0)
(1.5 -1.88883e-13 0)
(1.5 -1.69481e-13 0)
(1.5 -1.38251e-13 0)
(1.5 -1.79031e-13 0)
(1.5 -1.57864e-13 0)
(1.5 -1.31419e-13 0)
(1.5 -8.40903e-14 0)
(1.5 -1.55337e-13 0)
(1.5 -1.2605e-13 0)
(1.5 -1.10018e-13 0)
(1.5 -1.04026e-13 0)
(1.5 -1.24005e-13 0)
(1.5 -9.21552e-14 0)
(1.5 -6.7332e-14 0)
(1.5 -3.42789e-14 0)
(1.5 -8.20486e-14 0)
(1.5 -3.77064e-14 0)
(1.5 -1.3936e-14 0)
(1.5 2.84414e-14 0)
(1.5 -1.7959e-14 0)
(1.5 -2.41338e-14 0)
(1.5 -3.93793e-14 0)
(1.5 -1.40544e-13 0)
(1.5 -2.76501e-13 0)
(1.5 -3.51917e-13 0)
(1.5 -2.9348e-13 0)
(1.5 -2.12688e-13 0)
(1.5 -2.18683e-13 0)
(1.5 -1.85904e-13 0)
(1.5 -1.51691e-13 0)
(1.5 -5.63392e-14 0)
(1.5 3.61485e-14 0)
(1.5 1.08147e-13 0)
(1.5 9.05475e-14 0)
(1.5 -3.56015e-14 0)
(1.5 -4.69038e-14 0)
(1.5 1.2872e-14 0)
(1.5 8.25818e-14 0)
(1.5 1.95939e-13 0)
(1.5 1.92097e-13 0)
(1.5 2.05374e-13 0)
(1.5 2.56627e-13 0)
(1.5 2.66584e-13 0)
(1.5 2.35421e-13 0)
(1.5 2.24497e-13 0)
(1.5 1.32504e-13 0)
(1.5 1.54605e-13 0)
(1.5 2.37969e-13 0)
(1.5 3.12366e-13 0)
(1.5 3.93203e-13 0)
(1.5 4.38998e-13 0)
(1.5 5.17622e-13 0)
(1.5 8.6608e-13 0)
(1.5 9.86253e-13 0)
(1.5 9.52504e-13 0)
(1.5 8.87112e-13 0)
(1.5 7.87056e-13 0)
(1.5 7.1459e-13 0)
(1.5 5.35632e-13 0)
(1.5 3.9433e-13 0)
(1.5 2.80867e-13 0)
(1.5 1.46811e-13 0)
(1.5 4.8283e-14 0)
(1.5 -2.23938e-14 0)
(1.5 5.42014e-14 0)
(1.5 1.23752e-13 0)
(1.5 1.94967e-13 0)
(1.5 2.37803e-13 0)
(1.5 1.31747e-13 0)
(1.5 8.1715e-14 0)
(1.5 1.15148e-13 0)
(1.5 6.69448e-14 0)
(1.5 -9.23214e-14 0)
(1.5 -8.00679e-14 0)
(1.5 -5.66016e-14 0)
(1.5 3.25568e-14 0)
(1.5 4.82885e-14 0)
(1.5 7.1057e-14 0)
(1.5 7.81855e-14 0)
(1.5 1.0916e-13 0)
(1.5 2.32647e-13 0)
(1.5 2.76004e-13 0)
(1.5 3.78354e-13 0)
(1.5 5.13483e-13 0)
(1.5 5.56064e-13 0)
(1.5 6.14531e-13 0)
(1.5 6.55391e-13 0)
(1.5 4.72953e-13 0)
(1.5 3.52108e-13 0)
(1.5 2.54899e-13 0)
(1.5 2.44575e-13 0)
(1.5 3.10929e-13 0)
(1.5 3.0248e-13 0)
(1.5 2.481e-13 0)
(1.5 2.29658e-13 0)
(1.5 2.9595e-13 0)
(1.5 3.71714e-13 0)
(1.5 4.98521e-13 0)
(1.5 5.00765e-13 0)
(1.5 4.77226e-13 0)
(1.5 4.53315e-13 0)
(1.5 4.48248e-13 0)
(1.5 5.12425e-13 0)
(1.5 5.43501e-13 0)
(1.5 6.23157e-13 0)
(1.5 5.59075e-13 0)
(1.5 4.40081e-13 0)
(1.5 6.43706e-13 0)
(1.5 5.23433e-13 0)
(1.5 4.50936e-13 0)
(1.5 4.02441e-13 0)
(1.5 3.99319e-13 0)
(1.5 4.34788e-13 0)
(1.5 3.87175e-13 0)
(1.5 3.24903e-13 0)
(1.5 -4.114e-14 0)
(1.5 -8.10923e-14 0)
(1.5 -1.20317e-13 0)
(1.5 -1.20495e-13 0)
(1.5 -6.128e-14 0)
(1.5 2.09027e-14 0)
(1.5 3.79182e-14 0)
(1.5 6.80815e-14 0)
(1.5 9.28617e-14 0)
(1.5 4.94235e-14 0)
(1.5 -3.37389e-14 0)
(1.5 -1.53654e-13 0)
(1.5 -1.50625e-13 0)
(1.5 -1.51565e-13 0)
(1.5 -8.07574e-14 0)
(1.5 -2.70018e-14 0)
(1.5 1.83106e-15 0)
(1.5 3.95233e-14 0)
(1.5 6.12574e-14 0)
(1.5 7.79396e-14 0)
(1.5 6.93021e-14 0)
(1.5 -2.13666e-14 0)
(1.5 -7.08965e-14 0)
(1.5 -3.46505e-14 0)
(1.5 2.66847e-14 0)
(1.5 -3.13124e-14 0)
(1.5 -1.02162e-13 0)
(1.5 -1.31803e-13 0)
(1.5 -1.38465e-13 0)
(1.5 -1.75221e-13 0)
(1.5 -1.12264e-13 0)
(1.5 -5.13707e-14 0)
(1.5 -5.38087e-15 0)
(1.5 1.12202e-14 0)
(1.5 4.2724e-14 0)
(1.5 5.38749e-14 0)
(1.5 1.71637e-14 0)
(1.5 5.59484e-14 0)
(1.5 4.50464e-14 0)
(1.5 6.19275e-14 0)
(1.5 3.54434e-14 0)
(1.5 7.19098e-14 0)
(1.5 1.0247e-13 0)
(1.5 1.31823e-13 0)
(1.5 7.00102e-14 0)
(1.5 1.29383e-13 0)
(1.5 7.50559e-14 0)
(1.5 1.11615e-13 0)
(1.5 6.73727e-14 0)
(1.5 6.655e-14 0)
(1.5 7.33084e-14 0)
(1.5 9.67404e-14 0)
(1.5 5.81435e-14 0)
(1.5 5.25811e-14 0)
(1.5 2.1545e-14 0)
(1.5 -5.4853e-15 0)
(1.5 2.69788e-14 0)
(1.5 4.8493e-15 0)
(1.5 2.93718e-14 0)
(1.5 5.32315e-14 0)
(1.5 -9.99116e-15 0)
(1.5 -3.47992e-14 0)
(1.5 -3.80042e-14 0)
(1.5 -3.09645e-14 0)
(1.5 -8.04982e-14 0)
(1.5 -6.77662e-14 0)
(1.5 -2.12529e-14 0)
(1.5 -4.13278e-14 0)
(1.5 -5.21887e-14 0)
(1.5 -3.68309e-14 0)
(1.5 9.23679e-16 0)
(1.5 -6.61926e-14 0)
(1.5 -1.37684e-13 0)
(1.5 -1.4375e-13 0)
(1.5 -1.15069e-13 0)
(1.5 -1.25131e-13 0)
(1.5 -1.13199e-13 0)
(1.5 -1.74918e-13 0)
(1.5 -2.06748e-13 0)
(1.5 -1.99458e-13 0)
(1.5 -2.40394e-13 0)
(1.5 -2.57417e-13 0)
(1.5 -2.83076e-13 0)
(1.5 -3.34856e-13 0)
(1.5 -3.15407e-13 0)
(1.5 -2.83298e-13 0)
(1.5 -2.02184e-13 0)
(1.5 -1.92674e-13 0)
(1.5 -2.93299e-13 0)
(1.5 -2.89461e-13 0)
(1.5 -1.93427e-13 0)
(1.5 -8.53177e-14 0)
(1.5 -5.53921e-14 0)
(1.5 -4.60613e-14 0)
(1.5 -6.57189e-14 0)
(1.5 -1.20016e-13 0)
(1.5 -1.74889e-13 0)
(1.5 -1.65091e-13 0)
(1.5 -6.24191e-14 0)
(1.5 -4.96462e-14 0)
(1.5 -9.68946e-14 0)
(1.5 -4.56106e-14 0)
(1.5 -2.76678e-14 0)
(1.5 1.63459e-14 0)
(1.5 -2.84824e-14 0)
(1.5 -4.65197e-14 0)
(1.5 -1.13085e-13 0)
(1.5 -1.96165e-13 0)
(1.5 -2.813e-13 0)
(1.5 -2.74897e-13 0)
(1.5 -2.42832e-13 0)
(1.5 -1.71577e-13 0)
(1.5 -1.94113e-13 0)
(1.5 -1.26994e-13 0)
(1.5 -5.64085e-14 0)
(1.5 -1.09401e-13 0)
(1.5 -4.5207e-14 0)
(1.5 1.00304e-14 0)
(1.5 5.32994e-14 0)
(1.5 -1.15934e-14 0)
(1.5 -5.99607e-14 0)
(1.5 -4.25358e-14 0)
(1.5 3.30832e-14 0)
(1.5 1.05202e-13 0)
(1.5 9.94127e-14 0)
(1.5 7.08722e-14 0)
(1.5 9.16001e-14 0)
(1.5 1.58506e-13 0)
(1.5 2.82468e-13 0)
(1.5 3.14023e-13 0)
(1.5 2.59357e-13 0)
(1.5 2.73245e-13 0)
(1.5 4.82375e-13 0)
(1.5 5.73578e-13 0)
(1.5 6.12934e-13 0)
(1.5 6.12736e-13 0)
(1.5 6.137e-13 0)
(1.5 9.41875e-13 0)
(1.5 1.0419e-12 0)
(1.5 1.00473e-12 0)
(1.5 8.3668e-13 0)
(1.5 6.92723e-13 0)
(1.5 6.77336e-13 0)
(1.5 5.78618e-13 0)
(1.5 4.87989e-13 0)
(1.5 2.87895e-13 0)
(1.5 1.31531e-13 0)
(1.5 2.8898e-14 0)
(1.5 -2.34749e-14 0)
(1.5 3.14425e-14 0)
(1.5 1.098e-13 0)
(1.5 1.49579e-13 0)
(1.5 2.36944e-13 0)
(1.5 2.31871e-13 0)
(1.5 1.7548e-13 0)
(1.5 1.49194e-13 0)
(1.5 6.35204e-14 0)
(1.5 2.00273e-14 0)
(1.5 5.85266e-14 0)
(1.5 5.97295e-14 0)
(1.5 1.31152e-13 0)
(1.5 1.76659e-13 0)
(1.5 1.21193e-13 0)
(1.5 1.05966e-13 0)
(1.5 2.29112e-13 0)
(1.5 4.18785e-13 0)
(1.5 6.04912e-13 0)
(1.5 6.73778e-13 0)
(1.5 6.7721e-13 0)
(1.5 7.76444e-13 0)
(1.5 8.85681e-13 0)
(1.5 8.3528e-13 0)
(1.5 6.53579e-13 0)
(1.5 5.68168e-13 0)
(1.5 4.77754e-13 0)
(1.5 4.3769e-13 0)
(1.5 4.63918e-13 0)
(1.5 5.03677e-13 0)
(1.5 4.54904e-13 0)
(1.5 4.6454e-13 0)
(1.5 4.85461e-13 0)
(1.5 5.05096e-13 0)
(1.5 6.73478e-13 0)
(1.5 7.19807e-13 0)
(1.5 6.69609e-13 0)
(1.5 5.76681e-13 0)
(1.5 5.3104e-13 0)
(1.5 7.10309e-13 0)
(1.5 7.11338e-13 0)
(1.5 7.49725e-13 0)
(1.5 6.23622e-13 0)
(1.5 5.04807e-13 0)
(1.5 6.94793e-13 0)
(1.5 6.44799e-13 0)
(1.5 5.05656e-13 0)
(1.5 3.48332e-13 0)
(1.5 2.22089e-13 0)
(1.5 2.37745e-13 0)
(1.5 2.52942e-13 0)
(1.5 2.20887e-13 0)
(1.5 -1.5509e-14 0)
(1.5 -6.93093e-14 0)
(1.5 -1.58055e-13 0)
(1.5 -2.21871e-13 0)
(1.5 -2.72854e-13 0)
(1.5 -1.96887e-13 0)
(1.5 -9.16494e-14 0)
(1.5 -8.49534e-15 0)
(1.5 4.49931e-14 0)
(1.5 3.18896e-14 0)
(1.5 -5.25935e-14 0)
(1.5 -9.99102e-14 0)
(1.5 -1.28908e-13 0)
(1.5 -1.21541e-13 0)
(1.5 -5.88026e-14 0)
(1.5 1.1803e-14 0)
(1.5 5.95807e-14 0)
(1.5 6.03323e-14 0)
(1.5 2.16518e-14 0)
(1.5 -2.04794e-16 0)
(1.5 4.32916e-14 0)
(1.5 3.448e-14 0)
(1.5 -1.31855e-14 0)
(1.5 -1.16615e-14 0)
(1.5 -1.39204e-14 0)
(1.5 -2.68756e-14 0)
(1.5 -4.02522e-14 0)
(1.5 -1.07896e-13 0)
(1.5 -1.49496e-13 0)
(1.5 -2.30394e-13 0)
(1.5 -2.06716e-13 0)
(1.5 -1.15377e-13 0)
(1.5 -2.40026e-14 0)
(1.5 -1.9322e-14 0)
(1.5 -4.10161e-15 0)
(1.5 -6.55863e-14 0)
(1.5 -4.16282e-14 0)
(1.5 -1.5275e-14 0)
(1.5 4.31404e-15 0)
(1.5 4.3469e-14 0)
(1.5 3.59799e-14 0)
(1.5 -5.44687e-15 0)
(1.5 -4.90387e-15 0)
(1.5 -2.06654e-15 0)
(1.5 4.74677e-14 0)
(1.5 2.05897e-14 0)
(1.5 -3.54985e-14 0)
(1.5 -1.02119e-14 0)
(1.5 -3.6378e-14 0)
(1.5 -7.11138e-14 0)
(1.5 -3.051e-14 0)
(1.5 -4.69478e-14 0)
(1.5 -5.54208e-14 0)
(1.5 -5.75243e-14 0)
(1.5 -4.63918e-14 0)
(1.5 -3.23765e-14 0)
(1.5 -2.69464e-14 0)
(1.5 -2.82319e-14 0)
(1.5 -8.38432e-15 0)
(1.5 -1.8672e-14 0)
(1.5 -3.94688e-14 0)
(1.5 -2.49588e-14 0)
(1.5 -3.97066e-14 0)
(1.5 -7.10732e-14 0)
(1.5 -8.34382e-14 0)
(1.5 -7.92656e-14 0)
(1.5 -3.29414e-14 0)
(1.5 -2.82994e-14 0)
(1.5 -7.4601e-14 0)
(1.5 -1.13202e-13 0)
(1.5 -7.99454e-14 0)
(1.5 -1.18493e-13 0)
(1.5 -1.47669e-13 0)
(1.5 -1.40762e-13 0)
(1.5 -1.71532e-13 0)
(1.5 -1.42475e-13 0)
(1.5 -6.49878e-14 0)
(1.5 -7.46008e-14 0)
(1.5 -1.60713e-13 0)
(1.5 -1.72254e-13 0)
(1.5 -2.16444e-13 0)
(1.5 -2.85623e-13 0)
(1.5 -2.73723e-13 0)
(1.5 -2.87072e-13 0)
(1.5 -2.72401e-13 0)
(1.5 -2.04805e-13 0)
(1.5 -1.32259e-13 0)
(1.5 -1.75123e-13 0)
(1.5 -2.79742e-13 0)
(1.5 -2.97458e-13 0)
(1.5 -2.09788e-13 0)
(1.5 -1.58402e-13 0)
(1.5 -1.21404e-13 0)
(1.5 -1.10831e-13 0)
(1.5 -1.78031e-13 0)
(1.5 -2.45532e-13 0)
(1.5 -2.1561e-13 0)
(1.5 -2.06878e-13 0)
(1.5 -1.3925e-13 0)
(1.5 -1.47772e-13 0)
(1.5 -1.08546e-13 0)
(1.5 -1.16434e-13 0)
(1.5 -1.38034e-13 0)
(1.5 -1.20475e-13 0)
(1.5 -1.35474e-13 0)
(1.5 -1.66004e-13 0)
(1.5 -2.6344e-13 0)
(1.5 -2.88376e-13 0)
(1.5 -2.80879e-13 0)
(1.5 -2.60003e-13 0)
(1.5 -2.67058e-13 0)
(1.5 -1.89075e-13 0)
(1.5 -1.59553e-13 0)
(1.5 -1.6639e-13 0)
(1.5 -7.18425e-14 0)
(1.5 -1.41247e-13 0)
(1.5 -1.60123e-13 0)
(1.5 -8.71233e-14 0)
(1.5 -5.5312e-14 0)
(1.5 5.81816e-15 0)
(1.5 4.66664e-14 0)
(1.5 1.8331e-14 0)
(1.5 4.68228e-14 0)
(1.5 6.84007e-14 0)
(1.5 1.12427e-13 0)
(1.5 4.89022e-14 0)
(1.5 -1.84954e-14 0)
(1.5 7.91642e-14 0)
(1.5 2.84546e-13 0)
(1.5 4.00074e-13 0)
(1.5 4.74946e-13 0)
(1.5 4.78746e-13 0)
(1.5 6.58833e-13 0)
(1.5 7.4446e-13 0)
(1.5 7.06587e-13 0)
(1.5 6.20264e-13 0)
(1.5 5.28452e-13 0)
(1.5 7.53948e-13 0)
(1.5 8.31357e-13 0)
(1.5 8.38876e-13 0)
(1.5 7.33949e-13 0)
(1.5 6.05904e-13 0)
(1.5 6.60566e-13 0)
(1.5 6.18634e-13 0)
(1.5 5.77084e-13 0)
(1.5 4.2765e-13 0)
(1.5 2.12012e-13 0)
(1.5 3.50563e-14 0)
(1.5 2.15704e-14 0)
(1.5 -2.55798e-15 0)
(1.5 5.78694e-14 0)
(1.5 6.31057e-14 0)
(1.5 1.55055e-13 0)
(1.5 1.8555e-13 0)
(1.5 1.81076e-13 0)
(1.5 1.42443e-13 0)
(1.5 5.30866e-14 0)
(1.5 2.20766e-14 0)
(1.5 6.14498e-14 0)
(1.5 1.07043e-13 0)
(1.5 2.16003e-13 0)
(1.5 2.8515e-13 0)
(1.5 3.39617e-13 0)
(1.5 3.43358e-13 0)
(1.5 4.45561e-13 0)
(1.5 6.18456e-13 0)
(1.5 8.16758e-13 0)
(1.5 9.00651e-13 0)
(1.5 8.99519e-13 0)
(1.5 9.69286e-13 0)
(1.5 1.04908e-12 0)
(1.5 9.18772e-13 0)
(1.5 9.062e-13 0)
(1.5 8.44951e-13 0)
(1.5 6.65742e-13 0)
(1.5 5.6285e-13 0)
(1.5 5.17506e-13 0)
(1.5 5.72601e-13 0)
(1.5 5.40726e-13 0)
(1.5 6.1902e-13 0)
(1.5 6.81143e-13 0)
(1.5 6.59377e-13 0)
(1.5 6.9574e-13 0)
(1.5 7.08251e-13 0)
(1.5 6.30995e-13 0)
(1.5 5.77401e-13 0)
(1.5 6.04928e-13 0)
(1.5 8.05367e-13 0)
(1.5 7.65957e-13 0)
(1.5 6.65939e-13 0)
(1.5 6.0331e-13 0)
(1.5 6.06384e-13 0)
(1.5 6.98432e-13 0)
(1.5 6.85657e-13 0)
(1.5 4.6142e-13 0)
(1.5 2.97201e-13 0)
(1.5 1.5968e-13 0)
(1.5 1.14943e-13 0)
(1.5 1.15627e-13 0)
(1.5 5.87835e-14 0)
(1.5 3.55713e-15 0)
(1.5 -7.29862e-14 0)
(1.5 -1.70271e-13 0)
(1.5 -2.51417e-13 0)
(1.5 -3.27272e-13 0)
(1.5 -3.15155e-13 0)
(1.5 -1.81874e-13 0)
(1.5 -8.51916e-14 0)
(1.5 -8.63289e-14 0)
(1.5 -3.17565e-15 0)
(1.5 4.12832e-14 0)
(1.5 1.13173e-13 0)
(1.5 1.09952e-13 0)
(1.5 -1.71781e-14 0)
(1.5 -4.54977e-14 0)
(1.5 -5.23938e-15 0)
(1.5 -1.05317e-14 0)
(1.5 -2.12007e-14 0)
(1.5 1.07811e-14 0)
(1.5 3.40406e-14 0)
(1.5 3.38644e-14 0)
(1.5 7.00443e-14 0)
(1.5 1.13957e-13 0)
(1.5 1.02794e-13 0)
(1.5 9.75271e-14 0)
(1.5 3.3851e-14 0)
(1.5 9.38653e-15 0)
(1.5 -1.91212e-15 0)
(1.5 -1.12482e-13 0)
(1.5 -1.77442e-13 0)
(1.5 -1.6727e-13 0)
(1.5 -1.12093e-13 0)
(1.5 -4.53439e-14 0)
(1.5 -1.89171e-15 0)
(1.5 -3.18538e-14 0)
(1.5 -8.03123e-14 0)
(1.5 -8.27185e-14 0)
(1.5 -5.09225e-14 0)
(1.5 -4.54877e-14 0)
(1.5 2.20774e-14 0)
(1.5 6.13571e-14 0)
(1.5 3.08536e-14 0)
(1.5 5.97931e-14 0)
(1.5 4.80608e-14 0)
(1.5 1.16354e-13 0)
(1.5 3.23277e-14 0)
(1.5 2.33259e-14 0)
(1.5 4.89884e-15 0)
(1.5 3.34636e-14 0)
(1.5 -4.80465e-14 0)
(1.5 -7.45129e-14 0)
(1.5 -1.09282e-13 0)
(1.5 -4.0001e-14 0)
(1.5 -1.5961e-14 0)
(1.5 -2.48914e-14 0)
(1.5 4.18197e-14 0)
(1.5 5.36134e-14 0)
(1.5 8.01161e-14 0)
(1.5 2.50385e-14 0)
(1.5 4.43335e-14 0)
(1.5 2.05385e-14 0)
(1.5 4.40965e-15 0)
(1.5 -4.48252e-14 0)
(1.5 -1.26108e-14 0)
(1.5 -1.22699e-14 0)
(1.5 -4.57154e-14 0)
(1.5 -5.54533e-14 0)
(1.5 -6.10323e-14 0)
(1.5 -8.77541e-14 0)
(1.5 -1.06379e-13 0)
(1.5 -1.04712e-13 0)
(1.5 -1.49221e-13 0)
(1.5 -1.30045e-13 0)
(1.5 -7.08431e-14 0)
(1.5 -7.92086e-14 0)
(1.5 -8.04487e-14 0)
(1.5 1.16962e-14 0)
(1.5 3.71385e-14 0)
(1.5 -1.00812e-13 0)
(1.5 -1.75092e-13 0)
(1.5 -2.15745e-13 0)
(1.5 -2.56344e-13 0)
(1.5 -2.52666e-13 0)
(1.5 -2.4712e-13 0)
(1.5 -2.39801e-13 0)
(1.5 -2.19437e-13 0)
(1.5 -1.65163e-13 0)
(1.5 -1.45765e-13 0)
(1.5 -1.82163e-13 0)
(1.5 -1.65274e-13 0)
(1.5 -1.25561e-13 0)
(1.5 -1.21944e-13 0)
(1.5 -1.34397e-13 0)
(1.5 -1.44077e-13 0)
(1.5 -2.63644e-13 0)
(1.5 -2.48366e-13 0)
(1.5 -1.30947e-13 0)
(1.5 -3.63675e-14 0)
(1.5 -5.81903e-14 0)
(1.5 -1.32176e-13 0)
(1.5 -9.93507e-14 0)
(1.5 -7.95795e-14 0)
(1.5 -7.98301e-14 0)
(1.5 -1.28847e-13 0)
(1.5 -7.95727e-14 0)
(1.5 -9.50707e-14 0)
(1.5 -2.06897e-13 0)
(1.5 -2.44249e-13 0)
(1.5 -1.81504e-13 0)
(1.5 -1.40163e-13 0)
(1.5 -2.05998e-13 0)
(1.5 -1.753e-13 0)
(1.5 -1.49103e-13 0)
(1.5 -1.56203e-13 0)
(1.5 -1.0018e-13 0)
(1.5 -1.68822e-13 0)
(1.5 -1.70933e-13 0)
(1.5 -9.96854e-14 0)
(1.5 -1.28182e-14 0)
(1.5 1.32962e-13 0)
(1.5 2.11519e-13 0)
(1.5 1.95095e-13 0)
(1.5 1.89593e-13 0)
(1.5 1.71691e-13 0)
(1.5 1.88493e-13 0)
(1.5 1.89458e-13 0)
(1.5 1.09764e-13 0)
(1.5 1.51182e-13 0)
(1.5 2.64834e-13 0)
(1.5 3.71251e-13 0)
(1.5 4.4985e-13 0)
(1.5 4.84637e-13 0)
(1.5 5.87089e-13 0)
(1.5 6.39622e-13 0)
(1.5 6.05509e-13 0)
(1.5 4.57473e-13 0)
(1.5 3.7148e-13 0)
(1.5 4.51337e-13 0)
(1.5 4.65344e-13 0)
(1.5 5.47191e-13 0)
(1.5 6.76401e-13 0)
(1.5 6.4007e-13 0)
(1.5 7.57626e-13 0)
(1.5 7.57296e-13 0)
(1.5 7.79526e-13 0)
(1.5 7.2533e-13 0)
(1.5 5.12056e-13 0)
(1.5 2.99039e-13 0)
(1.5 1.95967e-13 0)
(1.5 1.33088e-13 0)
(1.5 1.10366e-13 0)
(1.5 1.33726e-13 0)
(1.5 2.82457e-13 0)
(1.5 3.14788e-13 0)
(1.5 3.65569e-13 0)
(1.5 3.3481e-13 0)
(1.5 2.71162e-13 0)
(1.5 2.01085e-13 0)
(1.5 1.84281e-13 0)
(1.5 2.63574e-13 0)
(1.5 3.39325e-13 0)
(1.5 3.78332e-13 0)
(1.5 5.49502e-13 0)
(1.5 5.93787e-13 0)
(1.5 6.45693e-13 0)
(1.5 7.08014e-13 0)
(1.5 8.02759e-13 0)
(1.5 1.02333e-12 0)
(1.5 1.06861e-12 0)
(1.5 1.0797e-12 0)
(1.5 1.13621e-12 0)
(1.5 1.12682e-12 0)
(1.5 1.24053e-12 0)
(1.5 1.18314e-12 0)
(1.5 9.25153e-13 0)
(1.5 6.59038e-13 0)
(1.5 4.99209e-13 0)
(1.5 4.92149e-13 0)
(1.5 4.46867e-13 0)
(1.5 5.12831e-13 0)
(1.5 5.77672e-13 0)
(1.5 5.6101e-13 0)
(1.5 5.16549e-13 0)
(1.5 4.98986e-13 0)
(1.5 4.22413e-13 0)
(1.5 3.6387e-13 0)
(1.5 4.44544e-13 0)
(1.5 5.95563e-13 0)
(1.5 6.61166e-13 0)
(1.5 5.6376e-13 0)
(1.5 5.53765e-13 0)
(1.5 5.61363e-13 0)
(1.5 5.86148e-13 0)
(1.5 5.84426e-13 0)
(1.5 3.48455e-13 0)
(1.5 1.90837e-13 0)
(1.5 1.07324e-13 0)
(1.5 2.01264e-14 0)
(1.5 -7.26395e-14 0)
(1.5 -1.58853e-13 0)
(1.5 -6.32656e-15 0)
(1.5 -6.32529e-14 0)
(1.5 -9.20229e-14 0)
(1.5 -1.4517e-13 0)
(1.5 -1.67329e-13 0)
(1.5 -2.09016e-13 0)
(1.5 -1.40981e-13 0)
(1.5 -8.44805e-14 0)
(1.5 -1.50664e-13 0)
(1.5 -3.98413e-14 0)
(1.5 1.2083e-13 0)
(1.5 2.40115e-13 0)
(1.5 2.25817e-13 0)
(1.5 8.85444e-14 0)
(1.5 3.58237e-15 0)
(1.5 -2.87062e-14 0)
(1.5 -1.14508e-13 0)
(1.5 -1.09782e-13 0)
(1.5 -2.04655e-14 0)
(1.5 6.28325e-14 0)
(1.5 1.19678e-13 0)
(1.5 1.3695e-13 0)
(1.5 1.28692e-13 0)
(1.5 1.15252e-13 0)
(1.5 1.29668e-13 0)
(1.5 7.12128e-14 0)
(1.5 4.43253e-14 0)
(1.5 5.65483e-14 0)
(1.5 -2.15002e-14 0)
(1.5 -2.90943e-14 0)
(1.5 -1.38732e-14 0)
(1.5 1.32158e-14 0)
(1.5 7.23803e-15 0)
(1.5 5.72003e-14 0)
(1.5 1.02103e-14 0)
(1.5 -2.87372e-14 0)
(1.5 -9.30932e-14 0)
(1.5 -7.68134e-14 0)
(1.5 -4.76354e-14 0)
(1.5 -5.12462e-14 0)
(1.5 4.11434e-14 0)
(1.5 4.4408e-14 0)
(1.5 7.13839e-14 0)
(1.5 7.8169e-14 0)
(1.5 9.97786e-14 0)
(1.5 4.92259e-14 0)
(1.5 3.47244e-14 0)
(1.5 3.5119e-14 0)
(1.5 5.14713e-14 0)
(1.5 4.66208e-14 0)
(1.5 -5.51192e-14 0)
(1.5 -5.70562e-14 0)
(1.5 -4.4444e-14 0)
(1.5 -2.3033e-14 0)
(1.5 2.25692e-14 0)
(1.5 5.78278e-14 0)
(1.5 6.58795e-14 0)
(1.5 5.90531e-14 0)
(1.5 3.44616e-14 0)
(1.5 3.43082e-14 0)
(1.5 2.1578e-14 0)
(1.5 2.78574e-14 0)
(1.5 -2.42172e-14 0)
(1.5 3.18701e-14 0)
(1.5 2.75315e-14 0)
(1.5 4.77636e-15 0)
(1.5 -8.86184e-15 0)
(1.5 -5.46881e-14 0)
(1.5 -5.42365e-14 0)
(1.5 -1.10348e-13 0)
(1.5 -6.43426e-14 0)
(1.5 -9.34004e-14 0)
(1.5 -8.87862e-14 0)
(1.5 -9.97022e-14 0)
(1.5 -1.05525e-13 0)
(1.5 -9.27173e-14 0)
(1.5 1.49902e-15 0)
(1.5 -4.37735e-15 0)
(1.5 -7.2767e-14 0)
(1.5 -1.89591e-13 0)
(1.5 -1.99142e-13 0)
(1.5 -2.06598e-13 0)
(1.5 -2.25502e-13 0)
(1.5 -2.40164e-13 0)
(1.5 -2.39831e-13 0)
(1.5 -2.73067e-13 0)
(1.5 -2.57013e-13 0)
(1.5 -1.97561e-13 0)
(1.5 -1.26892e-13 0)
(1.5 -1.48104e-13 0)
(1.5 -1.86781e-13 0)
(1.5 -1.61949e-13 0)
(1.5 -8.21216e-14 0)
(1.5 -1.16331e-13 0)
(1.5 -2.2747e-13 0)
(1.5 -1.744e-13 0)
(1.5 -6.67091e-14 0)
(1.5 4.71409e-14 0)
(1.5 3.10252e-14 0)
(1.5 -9.96598e-15 0)
(1.5 -7.53566e-14 0)
(1.5 -8.31525e-14 0)
(1.5 -6.45503e-14 0)
(1.5 -1.58749e-13 0)
(1.5 -1.14667e-13 0)
(1.5 -1.19222e-13 0)
(1.5 -1.25893e-13 0)
(1.5 -1.8869e-13 0)
(1.5 -1.23597e-13 0)
(1.5 -3.97572e-14 0)
(1.5 -8.81128e-14 0)
(1.5 -1.24472e-13 0)
(1.5 -1.63667e-13 0)
(1.5 -1.0087e-13 0)
(1.5 -1.17376e-13 0)
(1.5 -1.16332e-13 0)
(1.5 -6.84302e-14 0)
(1.5 -4.47621e-14 0)
(1.5 9.9673e-14 0)
(1.5 2.40826e-13 0)
(1.5 2.58744e-13 0)
(1.5 2.66825e-13 0)
(1.5 2.04152e-13 0)
(1.5 2.09653e-13 0)
(1.5 1.94122e-13 0)
(1.5 2.5067e-13 0)
(1.5 2.83287e-13 0)
(1.5 2.89166e-13 0)
(1.5 2.54623e-13 0)
(1.5 3.27446e-13 0)
(1.5 3.47573e-13 0)
(1.5 3.92489e-13 0)
(1.5 3.63081e-13 0)
(1.5 3.22587e-13 0)
(1.5 2.47314e-13 0)
(1.5 1.22206e-13 0)
(1.5 1.39347e-13 0)
(1.5 1.74548e-13 0)
(1.5 2.41021e-13 0)
(1.5 3.38531e-13 0)
(1.5 4.44069e-13 0)
(1.5 5.70313e-13 0)
(1.5 7.64964e-13 0)
(1.5 8.8282e-13 0)
(1.5 8.86244e-13 0)
(1.5 7.45777e-13 0)
(1.5 6.24451e-13 0)
(1.5 4.60715e-13 0)
(1.5 2.94303e-13 0)
(1.5 1.88073e-13 0)
(1.5 1.08814e-13 0)
(1.5 2.20481e-13 0)
(1.5 3.95037e-13 0)
(1.5 4.76963e-13 0)
(1.5 4.79351e-13 0)
(1.5 4.2627e-13 0)
(1.5 3.93947e-13 0)
(1.5 4.13187e-13 0)
(1.5 3.84262e-13 0)
(1.5 3.97248e-13 0)
(1.5 3.72825e-13 0)
(1.5 3.67146e-13 0)
(1.5 5.20102e-13 0)
(1.5 6.46864e-13 0)
(1.5 6.88476e-13 0)
(1.5 7.1887e-13 0)
(1.5 8.00377e-13 0)
(1.5 1.08754e-12 0)
(1.5 1.23639e-12 0)
(1.5 1.26173e-12 0)
(1.5 1.2718e-12 0)
(1.5 1.32512e-12 0)
(1.5 1.48551e-12 0)
(1.5 1.40932e-12 0)
(1.5 1.10998e-12 0)
(1.5 7.81392e-13 0)
(1.5 5.6433e-13 0)
(1.5 4.69395e-13 0)
(1.5 4.05987e-13 0)
(1.5 3.6697e-13 0)
(1.5 3.98894e-13 0)
(1.5 4.70848e-13 0)
(1.5 4.21526e-13 0)
(1.5 3.61591e-13 0)
(1.5 3.21538e-13 0)
(1.5 2.39198e-13 0)
(1.5 2.51706e-13 0)
(1.5 3.08018e-13 0)
(1.5 3.62528e-13 0)
(1.5 3.08323e-13 0)
(1.5 2.63486e-13 0)
(1.5 2.69342e-13 0)
(1.5 3.07466e-13 0)
(1.5 3.11736e-13 0)
(1.5 1.92447e-13 0)
(1.5 2.17174e-14 0)
(1.5 -6.86364e-14 0)
(1.5 -2.22847e-13 0)
(1.5 -3.02212e-13 0)
(1.5 -3.25329e-13 0)
(1.5 3.9006e-14 0)
(1.5 5.35225e-14 0)
(1.5 3.99429e-14 0)
(1.5 1.80937e-14 0)
(1.5 1.60578e-14 0)
(1.5 -3.04344e-14 0)
(1.5 -1.18457e-13 0)
(1.5 -1.3894e-13 0)
(1.5 -1.33572e-13 0)
(1.5 -1.01818e-13 0)
(1.5 -3.3293e-14 0)
(1.5 1.0103e-14 0)
(1.5 1.6203e-14 0)
(1.5 2.42124e-15 0)
(1.5 -7.39135e-14 0)
(1.5 -8.4902e-14 0)
(1.5 -1.25192e-13 0)
(1.5 -1.60298e-13 0)
(1.5 -1.27448e-13 0)
(1.5 -6.93075e-14 0)
(1.5 2.02458e-14 0)
(1.5 9.26784e-14 0)
(1.5 8.46601e-14 0)
(1.5 5.79338e-14 0)
(1.5 -8.37663e-16 0)
(1.5 7.22337e-15 0)
(1.5 2.77409e-14 0)
(1.5 -1.48726e-14 0)
(1.5 -4.11784e-14 0)
(1.5 -5.74111e-16 0)
(1.5 -1.22961e-14 0)
(1.5 -1.81363e-14 0)
(1.5 -5.49972e-14 0)
(1.5 -5.01271e-14 0)
(1.5 8.96593e-15 0)
(1.5 -2.76113e-14 0)
(1.5 -5.57841e-14 0)
(1.5 -1.14893e-13 0)
(1.5 -7.79388e-14 0)
(1.5 -9.89669e-14 0)
(1.5 -5.10799e-14 0)
(1.5 7.88532e-15 0)
(1.5 -2.19987e-14 0)
(1.5 4.94314e-15 0)
(1.5 2.57074e-14 0)
(1.5 2.21514e-14 0)
(1.5 -1.57375e-14 0)
(1.5 2.87063e-14 0)
(1.5 1.83468e-14 0)
(1.5 7.32108e-14 0)
(1.5 -1.22119e-14 0)
(1.5 1.90704e-14 0)
(1.5 1.59029e-14 0)
(1.5 -1.49806e-14 0)
(1.5 7.90042e-15 0)
(1.5 -1.15101e-14 0)
(1.5 2.00379e-14 0)
(1.5 1.37736e-15 0)
(1.5 6.91109e-14 0)
(1.5 4.85893e-14 0)
(1.5 3.3355e-14 0)
(1.5 2.20551e-14 0)
(1.5 -2.45373e-15 0)
(1.5 2.71983e-14 0)
(1.5 5.04864e-14 0)
(1.5 1.90506e-14 0)
(1.5 -2.27409e-14 0)
(1.5 -5.15811e-14 0)
(1.5 -6.07784e-14 0)
(1.5 -1.08791e-13 0)
(1.5 -1.31001e-13 0)
(1.5 -1.56098e-13 0)
(1.5 -1.81888e-13 0)
(1.5 -1.93349e-13 0)
(1.5 -1.98757e-13 0)
(1.5 -1.88414e-13 0)
(1.5 -1.35015e-13 0)
(1.5 -1.28553e-13 0)
(1.5 -8.24617e-14 0)
(1.5 -1.49163e-13 0)
(1.5 -1.57001e-13 0)
(1.5 -1.96722e-13 0)
(1.5 -2.00051e-13 0)
(1.5 -2.35163e-13 0)
(1.5 -2.66089e-13 0)
(1.5 -3.48909e-13 0)
(1.5 -3.68745e-13 0)
(1.5 -3.46905e-13 0)
(1.5 -2.60639e-13 0)
(1.5 -2.51156e-13 0)
(1.5 -3.33423e-13 0)
(1.5 -3.50679e-13 0)
(1.5 -2.69573e-13 0)
(1.5 -2.58612e-13 0)
(1.5 -1.9212e-13 0)
(1.5 -1.57015e-13 0)
(1.5 -1.39556e-13 0)
(1.5 -1.40723e-13 0)
(1.5 -1.07855e-13 0)
(1.5 -8.65067e-14 0)
(1.5 -1.9714e-13 0)
(1.5 -2.73429e-13 0)
(1.5 -2.95226e-13 0)
(1.5 -3.49557e-13 0)
(1.5 -3.84119e-13 0)
(1.5 -3.54074e-13 0)
(1.5 -2.53104e-13 0)
(1.5 -2.5559e-13 0)
(1.5 -2.29264e-13 0)
(1.5 -1.67459e-13 0)
(1.5 -1.14707e-13 0)
(1.5 -2.05729e-13 0)
(1.5 -2.4276e-13 0)
(1.5 -1.1974e-13 0)
(1.5 -1.02361e-13 0)
(1.5 -2.34567e-14 0)
(1.5 2.10834e-14 0)
(1.5 1.82079e-14 0)
(1.5 1.31297e-13 0)
(1.5 2.03367e-13 0)
(1.5 1.54063e-13 0)
(1.5 1.67301e-13 0)
(1.5 1.2442e-13 0)
(1.5 1.06281e-13 0)
(1.5 1.50072e-13 0)
(1.5 2.43788e-13 0)
(1.5 2.83766e-13 0)
(1.5 2.0974e-13 0)
(1.5 1.44679e-13 0)
(1.5 1.71706e-13 0)
(1.5 1.97213e-13 0)
(1.5 2.46354e-13 0)
(1.5 1.64138e-13 0)
(1.5 7.65831e-14 0)
(1.5 -6.03304e-14 0)
(1.5 -1.01983e-13 0)
(1.5 -5.34779e-14 0)
(1.5 -2.05124e-14 0)
(1.5 1.2156e-13 0)
(1.5 1.92386e-13 0)
(1.5 2.2021e-13 0)
(1.5 4.34248e-13 0)
(1.5 7.15242e-13 0)
(1.5 8.94057e-13 0)
(1.5 8.90282e-13 0)
(1.5 7.27643e-13 0)
(1.5 6.62696e-13 0)
(1.5 5.19571e-13 0)
(1.5 4.05159e-13 0)
(1.5 2.46324e-13 0)
(1.5 1.77071e-13 0)
(1.5 2.90201e-13 0)
(1.5 3.31518e-13 0)
(1.5 4.31279e-13 0)
(1.5 4.47815e-13 0)
(1.5 3.54727e-13 0)
(1.5 3.90906e-13 0)
(1.5 5.65579e-13 0)
(1.5 5.29699e-13 0)
(1.5 4.45657e-13 0)
(1.5 3.96559e-13 0)
(1.5 3.30917e-13 0)
(1.5 4.70591e-13 0)
(1.5 6.31822e-13 0)
(1.5 6.76873e-13 0)
(1.5 6.80903e-13 0)
(1.5 7.98495e-13 0)
(1.5 1.03949e-12 0)
(1.5 1.27702e-12 0)
(1.5 1.31391e-12 0)
(1.5 1.29166e-12 0)
(1.5 1.31525e-12 0)
(1.5 1.43225e-12 0)
(1.5 1.25824e-12 0)
(1.5 9.65923e-13 0)
(1.5 7.16197e-13 0)
(1.5 5.75104e-13 0)
(1.5 4.86096e-13 0)
(1.5 3.81414e-13 0)
(1.5 3.04849e-13 0)
(1.5 2.19908e-13 0)
(1.5 2.76631e-13 0)
(1.5 3.42952e-13 0)
(1.5 3.07986e-13 0)
(1.5 2.91132e-13 0)
(1.5 2.16028e-13 0)
(1.5 1.92858e-13 0)
(1.5 2.14912e-13 0)
(1.5 1.74805e-13 0)
(1.5 1.07941e-13 0)
(1.5 1.22032e-14 0)
(1.5 3.70284e-14 0)
(1.5 8.08381e-14 0)
(1.5 8.33834e-14 0)
(1.5 4.08232e-14 0)
(1.5 -1.04102e-13 0)
(1.5 -2.44482e-13 0)
(1.5 -3.86531e-13 0)
(1.5 -4.33516e-13 0)
(1.5 -4.36386e-13 0)
(1.5 4.54183e-14 0)
(1.5 7.19421e-14 0)
(1.5 5.58166e-14 0)
(1.5 6.01388e-14 0)
(1.5 7.33679e-14 0)
(1.5 1.10992e-14 0)
(1.5 -9.74846e-14 0)
(1.5 -2.07151e-13 0)
(1.5 -2.00485e-13 0)
(1.5 -2.0251e-13 0)
(1.5 -1.91916e-13 0)
(1.5 -1.89662e-13 0)
(1.5 -1.66397e-13 0)
(1.5 -1.29979e-13 0)
(1.5 -1.37194e-13 0)
(1.5 -1.88614e-13 0)
(1.5 -1.54788e-13 0)
(1.5 -1.6637e-13 0)
(1.5 -1.84612e-13 0)
(1.5 -1.47441e-13 0)
(1.5 -1.30382e-13 0)
(1.5 -2.88325e-14 0)
(1.5 2.03289e-16 0)
(1.5 -3.94194e-14 0)
(1.5 -1.36887e-13 0)
(1.5 -8.98488e-14 0)
(1.5 -5.05842e-14 0)
(1.5 -8.67995e-14 0)
(1.5 -6.80937e-14 0)
(1.5 -4.81146e-14 0)
(1.5 -1.30357e-13 0)
(1.5 -1.5554e-13 0)
(1.5 -1.42891e-13 0)
(1.5 -1.69482e-13 0)
(1.5 -8.89441e-14 0)
(1.5 -4.28983e-14 0)
(1.5 -3.00825e-14 0)
(1.5 -6.25868e-14 0)
(1.5 -7.2283e-14 0)
(1.5 -2.86697e-14 0)
(1.5 -5.83341e-14 0)
(1.5 6.26654e-15 0)
(1.5 -3.73807e-14 0)
(1.5 -3.16317e-14 0)
(1.5 -1.61852e-14 0)
(1.5 3.02142e-14 0)
(1.5 -2.20803e-15 0)
(1.5 1.81833e-14 0)
(1.5 2.10499e-14 0)
(1.5 7.28381e-14 0)
(1.5 3.88548e-14 0)
(1.5 3.23987e-14 0)
(1.5 2.63166e-14 0)
(1.5 2.59554e-15 0)
(1.5 -3.08883e-14 0)
(1.5 -4.72747e-14 0)
(1.5 -4.75396e-16 0)
(1.5 9.42369e-14 0)
(1.5 9.40733e-14 0)
(1.5 9.99804e-14 0)
(1.5 1.01749e-13 0)
(1.5 3.93275e-14 0)
(1.5 2.64223e-14 0)
(1.5 1.82919e-15 0)
(1.5 -1.97266e-14 0)
(1.5 -4.0571e-14 0)
(1.5 -9.59611e-14 0)
(1.5 -8.04495e-14 0)
(1.5 -1.29256e-13 0)
(1.5 -1.55505e-13 0)
(1.5 -2.46392e-13 0)
(1.5 -2.40357e-13 0)
(1.5 -2.48401e-13 0)
(1.5 -2.35941e-13 0)
(1.5 -1.94183e-13 0)
(1.5 -2.581e-13 0)
(1.5 -2.52446e-13 0)
(1.5 -1.91725e-13 0)
(1.5 -1.87577e-13 0)
(1.5 -2.09906e-13 0)
(1.5 -2.24087e-13 0)
(1.5 -3.32405e-13 0)
(1.5 -3.26325e-13 0)
(1.5 -2.80497e-13 0)
(1.5 -2.89387e-13 0)
(1.5 -3.63426e-13 0)
(1.5 -4.16328e-13 0)
(1.5 -4.35861e-13 0)
(1.5 -4.34555e-13 0)
(1.5 -3.95404e-13 0)
(1.5 -4.57914e-13 0)
(1.5 -4.93659e-13 0)
(1.5 -4.99802e-13 0)
(1.5 -4.62809e-13 0)
(1.5 -3.20737e-13 0)
(1.5 -2.44565e-13 0)
(1.5 -2.36868e-13 0)
(1.5 -2.82676e-13 0)
(1.5 -2.45944e-13 0)
(1.5 -1.9446e-13 0)
(1.5 -3.09347e-13 0)
(1.5 -4.37672e-13 0)
(1.5 -4.94273e-13 0)
(1.5 -5.99511e-13 0)
(1.5 -6.14587e-13 0)
(1.5 -5.08332e-13 0)
(1.5 -3.90733e-13 0)
(1.5 -2.39219e-13 0)
(1.5 -2.53631e-13 0)
(1.5 -2.72466e-13 0)
(1.5 -2.14463e-13 0)
(1.5 -2.11942e-13 0)
(1.5 -2.08048e-13 0)
(1.5 -1.08569e-13 0)
(1.5 -3.15864e-15 0)
(1.5 8.30093e-14 0)
(1.5 6.80778e-14 0)
(1.5 7.36109e-14 0)
(1.5 1.29596e-13 0)
(1.5 1.6115e-13 0)
(1.5 1.37925e-13 0)
(1.5 1.27155e-13 0)
(1.5 1.18111e-13 0)
(1.5 5.73626e-14 0)
(1.5 7.21283e-14 0)
(1.5 1.53142e-13 0)
(1.5 1.63451e-13 0)
(1.5 8.75109e-14 0)
(1.5 3.01796e-14 0)
(1.5 5.83746e-15 0)
(1.5 6.02964e-14 0)
(1.5 4.94187e-14 0)
(1.5 -4.54488e-14 0)
(1.5 -9.31824e-14 0)
(1.5 -1.13991e-13 0)
(1.5 -6.93027e-14 0)
(1.5 -4.61997e-14 0)
(1.5 -1.19916e-13 0)
(1.5 -8.49961e-14 0)
(1.5 5.10297e-15 0)
(1.5 1.2854e-13 0)
(1.5 3.14188e-13 0)
(1.5 4.97385e-13 0)
(1.5 6.76387e-13 0)
(1.5 7.4894e-13 0)
(1.5 7.27821e-13 0)
(1.5 7.28281e-13 0)
(1.5 6.3147e-13 0)
(1.5 5.11619e-13 0)
(1.5 4.05564e-13 0)
(1.5 4.13622e-13 0)
(1.5 4.06312e-13 0)
(1.5 3.26028e-13 0)
(1.5 2.73838e-13 0)
(1.5 2.88366e-13 0)
(1.5 3.34587e-13 0)
(1.5 4.20338e-13 0)
(1.5 5.04121e-13 0)
(1.5 4.14322e-13 0)
(1.5 2.82928e-13 0)
(1.5 2.86695e-13 0)
(1.5 3.43933e-13 0)
(1.5 5.58589e-13 0)
(1.5 7.2345e-13 0)
(1.5 7.89422e-13 0)
(1.5 8.00907e-13 0)
(1.5 8.65478e-13 0)
(1.5 1.11955e-12 0)
(1.5 1.28399e-12 0)
(1.5 1.29123e-12 0)
(1.5 1.21957e-12 0)
(1.5 1.14544e-12 0)
(1.5 1.14762e-12 0)
(1.5 9.59716e-13 0)
(1.5 8.00884e-13 0)
(1.5 6.86754e-13 0)
(1.5 5.10043e-13 0)
(1.5 3.84174e-13 0)
(1.5 3.02337e-13 0)
(1.5 2.74823e-13 0)
(1.5 1.72185e-13 0)
(1.5 8.18981e-14 0)
(1.5 1.79478e-13 0)
(1.5 1.4473e-13 0)
(1.5 1.23758e-13 0)
(1.5 8.66564e-14 0)
(1.5 2.73107e-15 0)
(1.5 1.66287e-14 0)
(1.5 -3.16198e-14 0)
(1.5 -9.0269e-14 0)
(1.5 -1.70498e-13 0)
(1.5 -1.85933e-13 0)
(1.5 -8.61883e-14 0)
(1.5 -2.42968e-14 0)
(1.5 4.15257e-15 0)
(1.5 -8.48422e-14 0)
(1.5 -2.81794e-13 0)
(1.5 -3.56287e-13 0)
(1.5 -4.14055e-13 0)
(1.5 -4.13043e-13 0)
(1.5 -3.37354e-16 0)
(1.5 -1.76855e-14 0)
(1.5 -2.10295e-15 0)
(1.5 -1.68968e-14 0)
(1.5 -7.44604e-14 0)
(1.5 -1.19483e-13 0)
(1.5 -1.66529e-13 0)
(1.5 -2.53762e-13 0)
(1.5 -2.55494e-13 0)
(1.5 -2.25624e-13 0)
(1.5 -1.81355e-13 0)
(1.5 -1.79361e-13 0)
(1.5 -1.28024e-13 0)
(1.5 -9.63084e-14 0)
(1.5 -1.32725e-13 0)
(1.5 -1.8093e-13 0)
(1.5 -1.48847e-13 0)
(1.5 -7.81971e-14 0)
(1.5 -1.32617e-13 0)
(1.5 -1.38317e-13 0)
(1.5 -1.10052e-13 0)
(1.5 -7.30586e-14 0)
(1.5 -5.30802e-14 0)
(1.5 -5.88587e-14 0)
(1.5 -9.96511e-14 0)
(1.5 -7.66908e-14 0)
(1.5 -5.17267e-14 0)
(1.5 -7.03353e-14 0)
(1.5 -3.51076e-14 0)
(1.5 -1.17704e-13 0)
(1.5 -1.70569e-13 0)
(1.5 -1.72417e-13 0)
(1.5 -1.33772e-13 0)
(1.5 -1.60304e-13 0)
(1.5 -1.42877e-13 0)
(1.5 -1.67608e-14 0)
(1.5 4.11476e-14 0)
(1.5 5.1235e-14 0)
(1.5 5.32206e-14 0)
(1.5 4.04523e-14 0)
(1.5 3.8536e-15 0)
(1.5 1.83248e-15 0)
(1.5 6.13579e-15 0)
(1.5 -3.8198e-14 0)
(1.5 -4.10908e-14 0)
(1.5 2.09403e-14 0)
(1.5 -1.71931e-14 0)
(1.5 -7.74987e-14 0)
(1.5 -3.49973e-14 0)
(1.5 -1.56868e-14 0)
(1.5 1.15826e-14 0)
(1.5 -6.92064e-15 0)
(1.5 -3.35057e-14 0)
(1.5 -7.00065e-15 0)
(1.5 -8.36028e-15 0)
(1.5 -2.5463e-14 0)
(1.5 -2.0378e-14 0)
(1.5 9.17749e-14 0)
(1.5 7.89772e-14 0)
(1.5 6.90908e-14 0)
(1.5 6.66038e-14 0)
(1.5 4.47644e-14 0)
(1.5 6.94457e-14 0)
(1.5 2.49491e-14 0)
(1.5 -5.07746e-14 0)
(1.5 -9.00632e-14 0)
(1.5 -1.06332e-13 0)
(1.5 -6.97902e-14 0)
(1.5 -1.40957e-13 0)
(1.5 -1.95339e-13 0)
(1.5 -2.42571e-13 0)
(1.5 -2.19258e-13 0)
(1.5 -2.44393e-13 0)
(1.5 -2.62639e-13 0)
(1.5 -2.34273e-13 0)
(1.5 -2.63834e-13 0)
(1.5 -3.1681e-13 0)
(1.5 -3.10308e-13 0)
(1.5 -3.77774e-13 0)
(1.5 -3.47979e-13 0)
(1.5 -3.50709e-13 0)
(1.5 -4.32356e-13 0)
(1.5 -4.16966e-13 0)
(1.5 -3.00972e-13 0)
(1.5 -2.77659e-13 0)
(1.5 -2.85105e-13 0)
(1.5 -3.71193e-13 0)
(1.5 -3.81599e-13 0)
(1.5 -4.55966e-13 0)
(1.5 -5.22242e-13 0)
(1.5 -4.78524e-13 0)
(1.5 -3.86854e-13 0)
(1.5 -3.79671e-13 0)
(1.5 -3.55601e-13 0)
(1.5 -2.87006e-13 0)
(1.5 -2.44286e-13 0)
(1.5 -2.64096e-13 0)
(1.5 -2.43929e-13 0)
(1.5 -2.23735e-13 0)
(1.5 -1.84435e-13 0)
(1.5 -2.78505e-13 0)
(1.5 -3.81977e-13 0)
(1.5 -4.68456e-13 0)
(1.5 -5.73671e-13 0)
(1.5 -6.33048e-13 0)
(1.5 -4.87118e-13 0)
(1.5 -3.59343e-13 0)
(1.5 -1.99951e-13 0)
(1.5 -1.83804e-13 0)
(1.5 -1.91234e-13 0)
(1.5 -1.15777e-13 0)
(1.5 -7.60306e-14 0)
(1.5 -5.80543e-14 0)
(1.5 -2.42853e-14 0)
(1.5 8.97474e-14 0)
(1.5 1.94882e-13 0)
(1.5 1.84702e-13 0)
(1.5 1.82031e-13 0)
(1.5 1.66111e-13 0)
(1.5 1.18361e-13 0)
(1.5 1.75382e-13 0)
(1.5 1.60694e-13 0)
(1.5 1.23553e-13 0)
(1.5 1.48807e-13 0)
(1.5 1.35311e-13 0)
(1.5 9.23217e-14 0)
(1.5 4.69445e-14 0)
(1.5 7.31213e-14 0)
(1.5 9.08571e-14 0)
(1.5 9.44994e-14 0)
(1.5 1.16041e-13 0)
(1.5 -3.05227e-14 0)
(1.5 -2.47016e-13 0)
(1.5 -2.77859e-13 0)
(1.5 -2.11994e-13 0)
(1.5 -1.20689e-13 0)
(1.5 -7.44515e-14 0)
(1.5 -2.0643e-13 0)
(1.5 -2.22259e-13 0)
(1.5 -1.14727e-13 0)
(1.5 1.29785e-14 0)
(1.5 1.39188e-13 0)
(1.5 2.41953e-13 0)
(1.5 4.2407e-13 0)
(1.5 5.45052e-13 0)
(1.5 6.73274e-13 0)
(1.5 6.76821e-13 0)
(1.5 5.60074e-13 0)
(1.5 4.101e-13 0)
(1.5 4.16078e-13 0)
(1.5 4.97066e-13 0)
(1.5 4.70439e-13 0)
(1.5 3.69767e-13 0)
(1.5 2.77314e-13 0)
(1.5 2.54671e-13 0)
(1.5 4.41337e-13 0)
(1.5 4.7582e-13 0)
(1.5 4.60716e-13 0)
(1.5 4.08808e-13 0)
(1.5 2.95202e-13 0)
(1.5 2.58953e-13 0)
(1.5 4.66396e-13 0)
(1.5 7.24099e-13 0)
(1.5 8.4607e-13 0)
(1.5 8.40593e-13 0)
(1.5 8.69633e-13 0)
(1.5 9.37079e-13 0)
(1.5 1.18503e-12 0)
(1.5 1.16673e-12 0)
(1.5 1.14154e-12 0)
(1.5 1.06277e-12 0)
(1.5 8.95812e-13 0)
(1.5 8.45612e-13 0)
(1.5 7.51346e-13 0)
(1.5 7.00646e-13 0)
(1.5 6.75008e-13 0)
(1.5 4.61588e-13 0)
(1.5 2.45313e-13 0)
(1.5 1.33463e-13 0)
(1.5 5.46194e-14 0)
(1.5 6.55845e-14 0)
(1.5 -9.34542e-16 0)
(1.5 -2.06169e-14 0)
(1.5 -6.14831e-14 0)
(1.5 -8.85973e-14 0)
(1.5 -7.58849e-14 0)
(1.5 -1.34712e-13 0)
(1.5 -1.36683e-13 0)
(1.5 -1.39685e-13 0)
(1.5 -1.67838e-13 0)
(1.5 -1.99455e-13 0)
(1.5 -2.32635e-13 0)
(1.5 -1.29887e-13 0)
(1.5 -3.59445e-14 0)
(1.5 3.4335e-14 0)
(1.5 -5.2037e-14 0)
(1.5 -2.35295e-13 0)
(1.5 -2.88701e-13 0)
(1.5 -3.24852e-13 0)
(1.5 -3.10392e-13 0)
(1.5 -3.21103e-14 0)
(1.5 -2.11618e-14 0)
(1.5 -6.06592e-14 0)
(1.5 -9.52416e-14 0)
(1.5 -1.47177e-13 0)
(1.5 -1.37436e-13 0)
(1.5 -1.43257e-13 0)
(1.5 -1.85588e-13 0)
(1.5 -2.19511e-13 0)
(1.5 -1.6151e-13 0)
(1.5 -1.46909e-13 0)
(1.5 -1.1813e-13 0)
(1.5 -6.82672e-14 0)
(1.5 -7.08517e-14 0)
(1.5 -1.49501e-13 0)
(1.5 -1.25859e-13 0)
(1.5 -9.13281e-14 0)
(1.5 -4.0859e-14 0)
(1.5 -9.02076e-14 0)
(1.5 -1.1975e-13 0)
(1.5 -8.51308e-14 0)
(1.5 -3.616e-14 0)
(1.5 -1.6646e-14 0)
(1.5 7.15069e-15 0)
(1.5 2.38495e-14 0)
(1.5 1.62733e-14 0)
(1.5 2.46524e-14 0)
(1.5 1.32274e-14 0)
(1.5 3.58655e-14 0)
(1.5 -7.36006e-14 0)
(1.5 -9.1394e-14 0)
(1.5 -1.20913e-13 0)
(1.5 -7.37009e-14 0)
(1.5 -9.06018e-14 0)
(1.5 -4.34356e-14 0)
(1.5 3.38498e-14 0)
(1.5 1.1574e-13 0)
(1.5 1.33478e-13 0)
(1.5 1.13806e-13 0)
(1.5 9.67033e-14 0)
(1.5 7.91967e-14 0)
(1.5 6.42897e-14 0)
(1.5 7.99365e-14 0)
(1.5 4.57368e-14 0)
(1.5 6.88503e-15 0)
(1.5 8.56078e-15 0)
(1.5 -9.30459e-15 0)
(1.5 -4.72247e-14 0)
(1.5 -1.02999e-14 0)
(1.5 -2.65022e-14 0)
(1.5 6.00164e-14 0)
(1.5 5.47457e-14 0)
(1.5 5.27663e-14 0)
(1.5 5.59173e-14 0)
(1.5 2.35953e-14 0)
(1.5 4.88417e-14 0)
(1.5 5.83284e-14 0)
(1.5 7.24248e-14 0)
(1.5 9.43572e-14 0)
(1.5 9.12058e-14 0)
(1.5 1.12687e-13 0)
(1.5 1.11783e-13 0)
(1.5 1.34213e-13 0)
(1.5 7.82817e-14 0)
(1.5 9.46482e-15 0)
(1.5 -1.6726e-14 0)
(1.5 -2.73878e-14 0)
(1.5 -7.07865e-14 0)
(1.5 -1.58891e-13 0)
(1.5 -1.75069e-13 0)
(1.5 -1.58635e-13 0)
(1.5 -1.90664e-13 0)
(1.5 -2.53079e-13 0)
(1.5 -2.24412e-13 0)
(1.5 -2.28553e-13 0)
(1.5 -1.69808e-13 0)
(1.5 -2.33523e-13 0)
(1.5 -2.80369e-13 0)
(1.5 -2.79162e-13 0)
(1.5 -2.31037e-13 0)
(1.5 -2.85002e-13 0)
(1.5 -3.30441e-13 0)
(1.5 -3.79585e-13 0)
(1.5 -3.32362e-13 0)
(1.5 -3.53558e-13 0)
(1.5 -3.51681e-13 0)
(1.5 -3.56176e-13 0)
(1.5 -3.76087e-13 0)
(1.5 -4.61361e-13 0)
(1.5 -4.93924e-13 0)
(1.5 -3.41943e-13 0)
(1.5 -2.37977e-13 0)
(1.5 -1.57107e-13 0)
(1.5 -7.83283e-14 0)
(1.5 -7.55497e-14 0)
(1.5 -1.23907e-13 0)
(1.5 -1.95295e-13 0)
(1.5 -1.98543e-13 0)
(1.5 -1.89597e-13 0)
(1.5 -1.99804e-13 0)
(1.5 -2.58309e-13 0)
(1.5 -2.98469e-13 0)
(1.5 -3.52919e-13 0)
(1.5 -3.56889e-13 0)
(1.5 -4.32293e-13 0)
(1.5 -3.67298e-13 0)
(1.5 -1.95988e-13 0)
(1.5 -1.07514e-13 0)
(1.5 -3.09897e-14 0)
(1.5 -3.18646e-14 0)
(1.5 5.71358e-14 0)
(1.5 7.2139e-14 0)
(1.5 2.40329e-14 0)
(1.5 4.63683e-14 0)
(1.5 1.00538e-13 0)
(1.5 2.03884e-13 0)
(1.5 2.44452e-13 0)
(1.5 2.34937e-13 0)
(1.5 1.79124e-13 0)
(1.5 1.25006e-13 0)
(1.5 1.7702e-13 0)
(1.5 1.64986e-13 0)
(1.5 1.82917e-13 0)
(1.5 2.41802e-13 0)
(1.5 2.76973e-13 0)
(1.5 1.83804e-13 0)
(1.5 6.39917e-14 0)
(1.5 8.0369e-14 0)
(1.5 1.84377e-13 0)
(1.5 2.158e-13 0)
(1.5 1.34037e-13 0)
(1.5 -7.78877e-14 0)
(1.5 -3.1841e-13 0)
(1.5 -3.88266e-13 0)
(1.5 -3.85882e-13 0)
(1.5 -3.11404e-13 0)
(1.5 -3.10534e-13 0)
(1.5 -4.14431e-13 0)
(1.5 -3.78575e-13 0)
(1.5 -2.40497e-13 0)
(1.5 -1.38598e-13 0)
(1.5 -5.67306e-14 0)
(1.5 5.13021e-14 0)
(1.5 2.39736e-13 0)
(1.5 3.69676e-13 0)
(1.5 4.84048e-13 0)
(1.5 4.47252e-13 0)
(1.5 3.82249e-13 0)
(1.5 3.9597e-13 0)
(1.5 5.25229e-13 0)
(1.5 5.46327e-13 0)
(1.5 4.51938e-13 0)
(1.5 3.21785e-13 0)
(1.5 3.26604e-13 0)
(1.5 3.43669e-13 0)
(1.5 5.34065e-13 0)
(1.5 5.59988e-13 0)
(1.5 5.89779e-13 0)
(1.5 5.69545e-13 0)
(1.5 5.49615e-13 0)
(1.5 5.83249e-13 0)
(1.5 6.94498e-13 0)
(1.5 8.1291e-13 0)
(1.5 8.14222e-13 0)
(1.5 8.02031e-13 0)
(1.5 8.12153e-13 0)
(1.5 9.06244e-13 0)
(1.5 1.0037e-12 0)
(1.5 9.58107e-13 0)
(1.5 9.58304e-13 0)
(1.5 9.17294e-13 0)
(1.5 8.59075e-13 0)
(1.5 7.75983e-13 0)
(1.5 7.30691e-13 0)
(1.5 6.81672e-13 0)
(1.5 5.84164e-13 0)
(1.5 4.14993e-13 0)
(1.5 2.14287e-13 0)
(1.5 1.37302e-13 0)
(1.5 -3.84431e-14 0)
(1.5 -9.96755e-14 0)
(1.5 -1.7264e-13 0)
(1.5 -2.3802e-13 0)
(1.5 -1.511e-13 0)
(1.5 -1.36705e-13 0)
(1.5 -1.73544e-13 0)
(1.5 -2.39345e-13 0)
(1.5 -2.11976e-13 0)
(1.5 -1.49811e-13 0)
(1.5 -1.62154e-13 0)
(1.5 -1.34585e-13 0)
(1.5 -1.22129e-13 0)
(1.5 -1.2236e-13 0)
(1.5 -2.75437e-14 0)
(1.5 2.2015e-14 0)
(1.5 -9.16729e-14 0)
(1.5 -2.47725e-13 0)
(1.5 -2.98338e-13 0)
(1.5 -2.78824e-13 0)
(1.5 -2.68354e-13 0)
(1.5 -3.0115e-14 0)
(1.5 4.09961e-14 0)
(1.5 -1.0158e-14 0)
(1.5 -7.48639e-16 0)
(1.5 -3.54831e-14 0)
(1.5 -5.02363e-14 0)
(1.5 -5.22665e-14 0)
(1.5 -1.4925e-13 0)
(1.5 -2.23966e-13 0)
(1.5 -2.29008e-13 0)
(1.5 -2.29335e-13 0)
(1.5 -1.99648e-13 0)
(1.5 -1.81718e-13 0)
(1.5 -9.92232e-14 0)
(1.5 -1.04867e-13 0)
(1.5 -1.4563e-13 0)
(1.5 -1.32348e-13 0)
(1.5 -1.14381e-13 0)
(1.5 -1.02553e-13 0)
(1.5 -8.68846e-14 0)
(1.5 -7.40737e-14 0)
(1.5 -4.76533e-14 0)
(1.5 -5.71786e-14 0)
(1.5 -1.31009e-15 0)
(1.5 2.40796e-14 0)
(1.5 2.07633e-14 0)
(1.5 8.26172e-15 0)
(1.5 -1.94075e-14 0)
(1.5 4.4051e-14 0)
(1.5 -1.20301e-14 0)
(1.5 -6.33086e-14 0)
(1.5 -1.68047e-13 0)
(1.5 -1.57859e-13 0)
(1.5 -1.08069e-13 0)
(1.5 -4.56002e-14 0)
(1.5 -1.24128e-14 0)
(1.5 2.71557e-14 0)
(1.5 3.88348e-14 0)
(1.5 -5.11196e-15 0)
(1.5 3.44156e-14 0)
(1.5 4.74858e-14 0)
(1.5 4.97006e-14 0)
(1.5 6.92104e-14 0)
(1.5 3.95165e-14 0)
(1.5 -1.39257e-14 0)
(1.5 -8.11953e-14 0)
(1.5 -7.14733e-14 0)
(1.5 -5.67578e-14 0)
(1.5 -3.8885e-14 0)
(1.5 -6.08439e-14 0)
(1.5 2.96003e-14 0)
(1.5 2.23607e-14 0)
(1.5 1.00459e-14 0)
(1.5 8.07465e-15 0)
(1.5 -2.25049e-14 0)
(1.5 2.27724e-14 0)
(1.5 1.03055e-13 0)
(1.5 8.83577e-14 0)
(1.5 7.46932e-14 0)
(1.5 7.86853e-14 0)
(1.5 1.21123e-13 0)
(1.5 1.13401e-13 0)
(1.5 8.97972e-14 0)
(1.5 1.46944e-15 0)
(1.5 -1.09595e-14 0)
(1.5 -4.41306e-14 0)
(1.5 -7.7626e-14 0)
(1.5 -1.52393e-13 0)
(1.5 -1.84469e-13 0)
(1.5 -1.77237e-13 0)
(1.5 -1.91856e-13 0)
(1.5 -1.80444e-13 0)
(1.5 -1.80091e-13 0)
(1.5 -1.33451e-13 0)
(1.5 -1.16622e-13 0)
(1.5 -1.52847e-13 0)
(1.5 -2.02114e-13 0)
(1.5 -2.81356e-13 0)
(1.5 -2.57042e-13 0)
(1.5 -1.6329e-13 0)
(1.5 -1.84784e-13 0)
(1.5 -2.20321e-13 0)
(1.5 -3.47149e-13 0)
(1.5 -4.26878e-13 0)
(1.5 -4.80705e-13 0)
(1.5 -4.76308e-13 0)
(1.5 -4.01423e-13 0)
(1.5 -4.49968e-13 0)
(1.5 -4.46442e-13 0)
(1.5 -3.71126e-13 0)
(1.5 -2.32591e-13 0)
(1.5 -1.77997e-13 0)
(1.5 -1.25336e-13 0)
(1.5 -6.78238e-14 0)
(1.5 -8.62291e-14 0)
(1.5 -1.37473e-13 0)
(1.5 -1.98078e-13 0)
(1.5 -2.66543e-13 0)
(1.5 -2.35833e-13 0)
(1.5 -2.70882e-13 0)
(1.5 -2.4123e-13 0)
(1.5 -2.56471e-13 0)
(1.5 -2.87117e-13 0)
(1.5 -3.17876e-13 0)
(1.5 -3.02521e-13 0)
(1.5 -3.07105e-13 0)
(1.5 -2.08262e-13 0)
(1.5 -1.68478e-13 0)
(1.5 -5.56089e-14 0)
(1.5 5.36407e-14 0)
(1.5 9.03161e-14 0)
(1.5 1.36435e-13 0)
(1.5 9.83693e-14 0)
(1.5 8.84704e-14 0)
(1.5 8.76345e-14 0)
(1.5 8.40267e-14 0)
(1.5 1.4751e-13 0)
(1.5 1.64946e-13 0)
(1.5 6.75605e-14 0)
(1.5 3.73935e-14 0)
(1.5 4.36709e-14 0)
(1.5 7.06949e-14 0)
(1.5 1.70915e-13 0)
(1.5 1.97421e-13 0)
(1.5 2.51176e-13 0)
(1.5 2.22782e-13 0)
(1.5 1.58885e-13 0)
(1.5 9.33773e-14 0)
(1.5 1.27863e-13 0)
(1.5 1.56811e-13 0)
(1.5 4.32256e-14 0)
(1.5 -8.20183e-14 0)
(1.5 -3.48341e-13 0)
(1.5 -4.15293e-13 0)
(1.5 -4.28108e-13 0)
(1.5 -3.60804e-13 0)
(1.5 -3.59306e-13 0)
(1.5 -4.30373e-13 0)
(1.5 -4.10681e-13 0)
(1.5 -3.30197e-13 0)
(1.5 -1.96137e-13 0)
(1.5 -4.52149e-14 0)
(1.5 4.56263e-14 0)
(1.5 1.82389e-13 0)
(1.5 2.92256e-13 0)
(1.5 3.32515e-13 0)
(1.5 3.4375e-13 0)
(1.5 2.872e-13 0)
(1.5 4.47219e-13 0)
(1.5 5.60917e-13 0)
(1.5 5.28872e-13 0)
(1.5 4.43831e-13 0)
(1.5 2.66182e-13 0)
(1.5 3.0105e-13 0)
(1.5 3.56139e-13 0)
(1.5 4.12003e-13 0)
(1.5 5.27591e-13 0)
(1.5 5.66546e-13 0)
(1.5 6.09882e-13 0)
(1.5 6.97829e-13 0)
(1.5 7.59521e-13 0)
(1.5 6.94875e-13 0)
(1.5 6.7995e-13 0)
(1.5 6.85782e-13 0)
(1.5 7.28802e-13 0)
(1.5 7.44509e-13 0)
(1.5 7.47417e-13 0)
(1.5 7.5055e-13 0)
(1.5 8.54538e-13 0)
(1.5 8.85151e-13 0)
(1.5 8.82562e-13 0)
(1.5 8.4027e-13 0)
(1.5 7.63213e-13 0)
(1.5 7.49343e-13 0)
(1.5 6.93166e-13 0)
(1.5 5.29754e-13 0)
(1.5 3.87046e-13 0)
(1.5 3.12884e-13 0)
(1.5 2.60456e-13 0)
(1.5 1.01615e-13 0)
(1.5 -3.76071e-14 0)
(1.5 -1.36067e-13 0)
(1.5 -1.99573e-13 0)
(1.5 -1.43081e-13 0)
(1.5 -1.73302e-13 0)
(1.5 -2.78191e-13 0)
(1.5 -3.752e-13 0)
(1.5 -3.88467e-13 0)
(1.5 -3.38137e-13 0)
(1.5 -3.11827e-13 0)
(1.5 -2.47995e-13 0)
(1.5 -1.79555e-13 0)
(1.5 -1.9806e-13 0)
(1.5 -1.76989e-13 0)
(1.5 -1.98707e-13 0)
(1.5 -2.58241e-13 0)
(1.5 -3.48129e-13 0)
(1.5 -3.93155e-13 0)
(1.5 -3.65403e-13 0)
(1.5 -3.18698e-13 0)
(1.5 -1.37693e-14 0)
(1.5 5.58117e-14 0)
(1.5 1.19354e-13 0)
(1.5 1.16612e-13 0)
(1.5 1.96323e-14 0)
(1.5 -4.68323e-14 0)
(1.5 -1.37938e-13 0)
(1.5 -1.73759e-13 0)
(1.5 -1.4336e-13 0)
(1.5 -1.64737e-13 0)
(1.5 -1.56143e-13 0)
(1.5 -1.64421e-13 0)
(1.5 -1.18644e-13 0)
(1.5 -8.74305e-14 0)
(1.5 -6.89911e-14 0)
(1.5 -1.36278e-13 0)
(1.5 -1.41607e-13 0)
(1.5 -1.43632e-13 0)
(1.5 -5.18449e-14 0)
(1.5 2.34763e-14 0)
(1.5 3.08164e-15 0)
(1.5 -4.1902e-14 0)
(1.5 -8.24325e-14 0)
(1.5 -6.55089e-14 0)
(1.5 2.96568e-14 0)
(1.5 3.65193e-14 0)
(1.5 -1.43444e-15 0)
(1.5 -5.0729e-14 0)
(1.5 -3.8754e-14 0)
(1.5 -3.32986e-14 0)
(1.5 -8.05448e-14 0)
(1.5 -1.52629e-13 0)
(1.5 -2.03951e-13 0)
(1.5 -1.02921e-13 0)
(1.5 -4.70445e-14 0)
(1.5 -1.1464e-14 0)
(1.5 -2.65035e-14 0)
(1.5 -2.72392e-14 0)
(1.5 -4.65949e-14 0)
(1.5 -2.08921e-14 0)
(1.5 4.10061e-14 0)
(1.5 4.31382e-14 0)
(1.5 5.58497e-14 0)
(1.5 2.88242e-15 0)
(1.5 -1.89889e-14 0)
(1.5 -1.14442e-13 0)
(1.5 -1.06039e-13 0)
(1.5 -9.54997e-14 0)
(1.5 -1.20536e-13 0)
(1.5 -7.90472e-14 0)
(1.5 -5.90024e-14 0)
(1.5 -7.95633e-14 0)
(1.5 -9.8458e-14 0)
(1.5 -7.88128e-14 0)
(1.5 -5.8692e-14 0)
(1.5 -1.87484e-15 0)
(1.5 4.49182e-14 0)
(1.5 9.05459e-14 0)
(1.5 7.42097e-14 0)
(1.5 7.84267e-14 0)
(1.5 9.43699e-14 0)
(1.5 8.57417e-14 0)
(1.5 2.45183e-14 0)
(1.5 -3.14765e-15 0)
(1.5 5.8048e-14 0)
(1.5 -5.65572e-15 0)
(1.5 -1.04793e-13 0)
(1.5 -1.34022e-13 0)
(1.5 -1.13479e-13 0)
(1.5 -7.51613e-14 0)
(1.5 -1.56825e-13 0)
(1.5 -9.34918e-14 0)
(1.5 -2.46227e-14 0)
(1.5 2.03118e-15 0)
(1.5 -5.05385e-15 0)
(1.5 -8.33928e-14 0)
(1.5 -1.87952e-13 0)
(1.5 -2.96583e-13 0)
(1.5 -2.71573e-13 0)
(1.5 -2.10389e-13 0)
(1.5 -1.52835e-13 0)
(1.5 -1.59e-13 0)
(1.5 -2.89977e-13 0)
(1.5 -4.56571e-13 0)
(1.5 -5.11065e-13 0)
(1.5 -4.82813e-13 0)
(1.5 -4.34072e-13 0)
(1.5 -4.65074e-13 0)
(1.5 -4.22653e-13 0)
(1.5 -3.33574e-13 0)
(1.5 -2.81465e-13 0)
(1.5 -2.48442e-13 0)
(1.5 -2.18923e-13 0)
(1.5 -2.23594e-13 0)
(1.5 -1.61113e-13 0)
(1.5 -1.60062e-13 0)
(1.5 -1.79493e-13 0)
(1.5 -2.3824e-13 0)
(1.5 -2.83745e-13 0)
(1.5 -2.65692e-13 0)
(1.5 -1.62584e-13 0)
(1.5 -1.76612e-13 0)
(1.5 -2.24076e-13 0)
(1.5 -2.53102e-13 0)
(1.5 -2.39202e-13 0)
(1.5 -3.18749e-13 0)
(1.5 -3.32874e-13 0)
(1.5 -3.3206e-13 0)
(1.5 -1.92636e-13 0)
(1.5 5.80299e-14 0)
(1.5 1.28087e-13 0)
(1.5 1.46043e-13 0)
(1.5 1.63792e-13 0)
(1.5 1.55972e-13 0)
(1.5 1.26642e-13 0)
(1.5 4.42813e-14 0)
(1.5 2.89571e-14 0)
(1.5 4.06122e-14 0)
(1.5 2.44455e-14 0)
(1.5 2.97492e-14 0)
(1.5 1.62544e-14 0)
(1.5 1.13455e-14 0)
(1.5 7.26168e-14 0)
(1.5 8.8238e-14 0)
(1.5 7.8138e-14 0)
(1.5 9.89394e-15 0)
(1.5 1.1522e-14 0)
(1.5 3.61376e-14 0)
(1.5 2.56091e-15 0)
(1.5 5.53249e-14 0)
(1.5 -1.72156e-14 0)
(1.5 1.65495e-15 0)
(1.5 -1.47754e-13 0)
(1.5 -2.62914e-13 0)
(1.5 -2.8597e-13 0)
(1.5 -1.68253e-13 0)
(1.5 -1.27999e-13 0)
(1.5 -1.93371e-13 0)
(1.5 -1.85216e-13 0)
(1.5 -2.37954e-13 0)
(1.5 -1.21391e-13 0)
(1.5 3.14222e-14 0)
(1.5 1.07012e-13 0)
(1.5 1.76491e-13 0)
(1.5 2.81039e-13 0)
(1.5 3.49829e-13 0)
(1.5 4.09528e-13 0)
(1.5 3.71503e-13 0)
(1.5 5.2649e-13 0)
(1.5 5.74273e-13 0)
(1.5 5.44516e-13 0)
(1.5 5.30484e-13 0)
(1.5 4.0286e-13 0)
(1.5 4.05666e-13 0)
(1.5 4.79939e-13 0)
(1.5 4.9712e-13 0)
(1.5 5.40866e-13 0)
(1.5 5.53358e-13 0)
(1.5 6.86224e-13 0)
(1.5 7.80454e-13 0)
(1.5 7.80657e-13 0)
(1.5 7.06004e-13 0)
(1.5 6.1327e-13 0)
(1.5 6.8761e-13 0)
(1.5 7.61431e-13 0)
(1.5 7.23408e-13 0)
(1.5 6.3989e-13 0)
(1.5 6.14547e-13 0)
(1.5 7.21501e-13 0)
(1.5 7.71779e-13 0)
(1.5 7.87617e-13 0)
(1.5 7.35235e-13 0)
(1.5 6.75566e-13 0)
(1.5 6.57678e-13 0)
(1.5 6.3129e-13 0)
(1.5 4.87788e-13 0)
(1.5 4.1842e-13 0)
(1.5 4.84264e-13 0)
(1.5 4.34907e-13 0)
(1.5 2.92925e-13 0)
(1.5 8.10932e-14 0)
(1.5 -3.32107e-14 0)
(1.5 -7.28795e-14 0)
(1.5 -1.69283e-13 0)
(1.5 -2.25556e-13 0)
(1.5 -3.11989e-13 0)
(1.5 -3.71442e-13 0)
(1.5 -3.69876e-13 0)
(1.5 -3.62782e-13 0)
(1.5 -3.18631e-13 0)
(1.5 -2.61672e-13 0)
(1.5 -2.17209e-13 0)
(1.5 -2.69379e-13 0)
(1.5 -3.32519e-13 0)
(1.5 -3.49574e-13 0)
(1.5 -3.12459e-13 0)
(1.5 -2.53818e-13 0)
(1.5 -2.53061e-13 0)
(1.5 -2.86777e-13 0)
(1.5 -2.81465e-13 0)
(1.5 6.25305e-15 0)
(1.5 2.58195e-14 0)
(1.5 1.10004e-13 0)
(1.5 1.22792e-13 0)
(1.5 4.44567e-14 0)
(1.5 -7.38975e-14 0)
(1.5 -1.30131e-13 0)
(1.5 -8.47579e-14 0)
(1.5 -1.1386e-13 0)
(1.5 -1.22871e-13 0)
(1.5 -4.29923e-14 0)
(1.5 9.6994e-15 0)
(1.5 2.39829e-14 0)
(1.5 -6.01046e-14 0)
(1.5 -1.97334e-14 0)
(1.5 -6.9599e-14 0)
(1.5 -8.34396e-14 0)
(1.5 -1.29235e-13 0)
(1.5 -2.84682e-14 0)
(1.5 2.77171e-14 0)
(1.5 3.02015e-14 0)
(1.5 1.11456e-14 0)
(1.5 -3.00755e-14 0)
(1.5 -6.70068e-14 0)
(1.5 3.19741e-14 0)
(1.5 5.67022e-14 0)
(1.5 3.48462e-14 0)
(1.5 -4.04861e-14 0)
(1.5 -6.4255e-14 0)
(1.5 2.75684e-14 0)
(1.5 5.93914e-15 0)
(1.5 -1.01402e-14 0)
(1.5 -5.89249e-14 0)
(1.5 -7.71723e-14 0)
(1.5 -6.60851e-14 0)
(1.5 -3.74609e-15 0)
(1.5 -1.56261e-14 0)
(1.5 1.23514e-14 0)
(1.5 -8.73972e-15 0)
(1.5 -7.65834e-15 0)
(1.5 6.49626e-14 0)
(1.5 6.20253e-14 0)
(1.5 5.28446e-14 0)
(1.5 4.25441e-14 0)
(1.5 -2.6563e-14 0)
(1.5 -7.82104e-14 0)
(1.5 -9.17269e-14 0)
(1.5 -9.79057e-14 0)
(1.5 -9.57452e-14 0)
(1.5 -9.18544e-14 0)
(1.5 -1.43826e-13 0)
(1.5 -1.53503e-13 0)
(1.5 -1.47732e-13 0)
(1.5 -1.29628e-13 0)
(1.5 -4.03854e-14 0)
(1.5 6.84059e-14 0)
(1.5 7.36623e-14 0)
(1.5 5.03248e-14 0)
(1.5 8.42057e-14 0)
(1.5 7.76172e-14 0)
(1.5 3.28915e-14 0)
(1.5 9.67577e-16 0)
(1.5 4.01985e-15 0)
(1.5 -1.77019e-14 0)
(1.5 4.24221e-14 0)
(1.5 -2.55397e-14 0)
(1.5 -9.23028e-14 0)
(1.5 -9.3674e-14 0)
(1.5 -3.86488e-14 0)
(1.5 1.51175e-15 0)
(1.5 -1.12707e-14 0)
(1.5 1.72399e-14 0)
(1.5 8.28604e-14 0)
(1.5 1.10138e-13 0)
(1.5 2.65947e-14 0)
(1.5 -6.63951e-14 0)
(1.5 -1.95526e-13 0)
(1.5 -2.35e-13 0)
(1.5 -1.60923e-13 0)
(1.5 -1.57922e-13 0)
(1.5 -1.014e-13 0)
(1.5 -9.18295e-14 0)
(1.5 -2.52217e-13 0)
(1.5 -4.24002e-13 0)
(1.5 -4.75779e-13 0)
(1.5 -4.37669e-13 0)
(1.5 -4.06199e-13 0)
(1.5 -4.04267e-13 0)
(1.5 -3.81498e-13 0)
(1.5 -3.38475e-13 0)
(1.5 -3.71667e-13 0)
(1.5 -3.75356e-13 0)
(1.5 -2.92062e-13 0)
(1.5 -2.49943e-13 0)
(1.5 -1.71636e-13 0)
(1.5 -1.70794e-13 0)
(1.5 -1.86732e-13 0)
(1.5 -2.3695e-13 0)
(1.5 -3.01246e-13 0)
(1.5 -2.47397e-13 0)
(1.5 -2.35292e-13 0)
(1.5 -1.88819e-13 0)
(1.5 -1.67792e-13 0)
(1.5 -8.18786e-14 0)
(1.5 -9.59176e-14 0)
(1.5 -2.22535e-13 0)
(1.5 -2.90682e-13 0)
(1.5 -2.87733e-13 0)
(1.5 -1.55182e-13 0)
(1.5 6.05986e-16 0)
(1.5 1.13545e-13 0)
(1.5 2.05112e-13 0)
(1.5 2.26034e-13 0)
(1.5 2.10501e-13 0)
(1.5 1.42163e-13 0)
(1.5 1.10811e-13 0)
(1.5 6.81762e-14 0)
(1.5 9.5156e-14 0)
(1.5 1.43238e-13 0)
(1.5 1.54121e-13 0)
(1.5 4.01618e-14 0)
(1.5 4.01648e-15 0)
(1.5 2.09993e-14 0)
(1.5 2.85204e-14 0)
(1.5 -6.2984e-15 0)
(1.5 -1.18134e-13 0)
(1.5 -9.96786e-14 0)
(1.5 -5.01159e-14 0)
(1.5 -3.32747e-14 0)
(1.5 2.49252e-14 0)
(1.5 1.77899e-14 0)
(1.5 1.1161e-13 0)
(1.5 1.24169e-13 0)
(1.5 4.56921e-15 0)
(1.5 -4.03899e-14 0)
(1.5 -3.1432e-14 0)
(1.5 -2.62081e-14 0)
(1.5 -1.18114e-13 0)
(1.5 -1.29052e-13 0)
(1.5 -1.43666e-13 0)
(1.5 -5.42863e-14 0)
(1.5 1.24748e-13 0)
(1.5 1.23677e-13 0)
(1.5 1.39122e-13 0)
(1.5 2.0381e-13 0)
(1.5 3.02994e-13 0)
(1.5 3.97429e-13 0)
(1.5 4.94499e-13 0)
(1.5 6.09451e-13 0)
(1.5 6.59765e-13 0)
(1.5 6.60189e-13 0)
(1.5 6.29063e-13 0)
(1.5 6.0194e-13 0)
(1.5 5.16704e-13 0)
(1.5 5.21175e-13 0)
(1.5 5.94532e-13 0)
(1.5 5.9322e-13 0)
(1.5 6.27248e-13 0)
(1.5 8.07585e-13 0)
(1.5 9.02755e-13 0)
(1.5 8.55071e-13 0)
(1.5 8.55546e-13 0)
(1.5 7.5425e-13 0)
(1.5 7.92019e-13 0)
(1.5 8.52397e-13 0)
(1.5 8.2513e-13 0)
(1.5 7.06094e-13 0)
(1.5 6.77759e-13 0)
(1.5 6.17736e-13 0)
(1.5 6.4378e-13 0)
(1.5 6.41265e-13 0)
(1.5 5.99494e-13 0)
(1.5 4.84664e-13 0)
(1.5 4.67427e-13 0)
(1.5 5.19275e-13 0)
(1.5 4.85873e-13 0)
(1.5 4.79006e-13 0)
(1.5 5.06913e-13 0)
(1.5 4.57605e-13 0)
(1.5 3.36468e-13 0)
(1.5 1.06464e-13 0)
(1.5 -1.00568e-13 0)
(1.5 -1.7049e-13 0)
(1.5 -2.86556e-13 0)
(1.5 -3.42738e-13 0)
(1.5 -3.57766e-13 0)
(1.5 -3.85942e-13 0)
(1.5 -3.66347e-13 0)
(1.5 -3.45037e-13 0)
(1.5 -3.09495e-13 0)
(1.5 -2.31501e-13 0)
(1.5 -2.76493e-13 0)
(1.5 -3.5662e-13 0)
(1.5 -4.07064e-13 0)
(1.5 -4.34376e-13 0)
(1.5 -3.18159e-13 0)
(1.5 -1.78881e-13 0)
(1.5 -1.6529e-13 0)
(1.5 -1.42379e-13 0)
(1.5 -1.29458e-13 0)
(1.5 2.43653e-14 0)
(1.5 -5.52393e-16 0)
(1.5 1.62985e-14 0)
(1.5 5.93309e-14 0)
(1.5 -1.05869e-14 0)
(1.5 -1.36722e-13 0)
(1.5 -1.02659e-13 0)
(1.5 -5.20058e-14 0)
(1.5 -1.42605e-13 0)
(1.5 -1.3186e-13 0)
(1.5 -1.51548e-14 0)
(1.5 7.95812e-14 0)
(1.5 7.89945e-14 0)
(1.5 2.79813e-14 0)
(1.5 5.43787e-15 0)
(1.5 -6.46924e-14 0)
(1.5 -9.47527e-14 0)
(1.5 -1.28119e-13 0)
(1.5 -1.04989e-13 0)
(1.5 -1.08479e-13 0)
(1.5 -1.90619e-14 0)
(1.5 -3.8227e-15 0)
(1.5 3.06908e-14 0)
(1.5 3.83788e-15 0)
(1.5 -2.06975e-14 0)
(1.5 -1.37735e-14 0)
(1.5 1.93912e-14 0)
(1.5 -7.17365e-14 0)
(1.5 -6.89674e-14 0)
(1.5 1.84231e-14 0)
(1.5 1.85806e-14 0)
(1.5 -1.95912e-14 0)
(1.5 8.72895e-15 0)
(1.5 -9.38344e-14 0)
(1.5 -1.57394e-13 0)
(1.5 -8.15387e-14 0)
(1.5 -8.4735e-14 0)
(1.5 -7.42371e-14 0)
(1.5 -3.84304e-14 0)
(1.5 -4.04298e-14 0)
(1.5 2.09476e-14 0)
(1.5 1.47519e-14 0)
(1.5 -2.37762e-14 0)
(1.5 5.60562e-15 0)
(1.5 -5.69798e-14 0)
(1.5 -8.55834e-14 0)
(1.5 -9.50635e-14 0)
(1.5 -1.17689e-13 0)
(1.5 -7.8807e-14 0)
(1.5 -1.12986e-13 0)
(1.5 -1.7712e-13 0)
(1.5 -1.46467e-13 0)
(1.5 -1.29309e-13 0)
(1.5 -1.36607e-13 0)
(1.5 1.13815e-14 0)
(1.5 8.87249e-14 0)
(1.5 1.00283e-13 0)
(1.5 7.35671e-15 0)
(1.5 4.0496e-14 0)
(1.5 -5.40414e-17 0)
(1.5 -4.1849e-14 0)
(1.5 -8.14477e-14 0)
(1.5 -7.94297e-14 0)
(1.5 -1.21055e-13 0)
(1.5 -1.14204e-13 0)
(1.5 -1.48243e-13 0)
(1.5 -1.19361e-13 0)
(1.5 -9.48237e-14 0)
(1.5 -1.40785e-14 0)
(1.5 -3.46977e-14 0)
(1.5 2.2987e-14 0)
(1.5 7.68841e-15 0)
(1.5 -1.66789e-14 0)
(1.5 -4.4091e-14 0)
(1.5 -1.03785e-13 0)
(1.5 -1.95768e-13 0)
(1.5 -2.76144e-13 0)
(1.5 -2.60929e-13 0)
(1.5 -1.75735e-13 0)
(1.5 -1.94444e-13 0)
(1.5 -1.69892e-13 0)
(1.5 -1.68498e-13 0)
(1.5 -3.35217e-13 0)
(1.5 -4.63474e-13 0)
(1.5 -4.83684e-13 0)
(1.5 -3.94776e-13 0)
(1.5 -3.33045e-13 0)
(1.5 -2.99366e-13 0)
(1.5 -2.86803e-13 0)
(1.5 -2.96872e-13 0)
(1.5 -4.18167e-13 0)
(1.5 -4.51604e-13 0)
(1.5 -3.95422e-13 0)
(1.5 -3.68644e-13 0)
(1.5 -3.20076e-13 0)
(1.5 -3.90507e-13 0)
(1.5 -4.38555e-13 0)
(1.5 -4.08693e-13 0)
(1.5 -3.9668e-13 0)
(1.5 -3.70143e-13 0)
(1.5 -4.26162e-13 0)
(1.5 -2.93756e-13 0)
(1.5 -1.76513e-13 0)
(1.5 -5.14458e-14 0)
(1.5 2.59362e-14 0)
(1.5 9.32195e-15 0)
(1.5 -6.57696e-14 0)
(1.5 -9.06476e-14 0)
(1.5 -4.29123e-16 0)
(1.5 9.43871e-14 0)
(1.5 9.2305e-14 0)
(1.5 1.57904e-13 0)
(1.5 2.68471e-13 0)
(1.5 2.2841e-13 0)
(1.5 1.69876e-13 0)
(1.5 1.78867e-13 0)
(1.5 2.28838e-13 0)
(1.5 1.77673e-13 0)
(1.5 1.35419e-13 0)
(1.5 6.35176e-14 0)
(1.5 -6.20402e-14 0)
(1.5 -3.24023e-14 0)
(1.5 -2.32558e-15 0)
(1.5 3.50678e-14 0)
(1.5 6.35387e-14 0)
(1.5 -1.09793e-14 0)
(1.5 2.37993e-14 0)
(1.5 -6.47291e-14 0)
(1.5 -1.55828e-14 0)
(1.5 3.4827e-14 0)
(1.5 6.76497e-14 0)
(1.5 1.19116e-13 0)
(1.5 1.6865e-13 0)
(1.5 1.31449e-13 0)
(1.5 1.53441e-13 0)
(1.5 2.81824e-14 0)
(1.5 -8.48334e-15 0)
(1.5 -9.11999e-14 0)
(1.5 -1.53799e-13 0)
(1.5 -1.36547e-13 0)
(1.5 -5.37041e-14 0)
(1.5 1.33841e-13 0)
(1.5 1.64525e-13 0)
(1.5 1.27264e-13 0)
(1.5 1.02258e-13 0)
(1.5 1.30692e-13 0)
(1.5 2.37362e-13 0)
(1.5 4.74155e-13 0)
(1.5 5.52266e-13 0)
(1.5 6.84533e-13 0)
(1.5 7.49097e-13 0)
(1.5 6.90556e-13 0)
(1.5 6.96759e-13 0)
(1.5 5.9602e-13 0)
(1.5 5.04351e-13 0)
(1.5 4.99612e-13 0)
(1.5 6.02069e-13 0)
(1.5 7.32084e-13 0)
(1.5 9.66161e-13 0)
(1.5 1.0629e-12 0)
(1.5 1.00734e-12 0)
(1.5 1.0078e-12 0)
(1.5 9.27816e-13 0)
(1.5 8.63294e-13 0)
(1.5 8.49881e-13 0)
(1.5 8.54362e-13 0)
(1.5 6.93901e-13 0)
(1.5 5.1665e-13 0)
(1.5 3.95011e-13 0)
(1.5 4.35643e-13 0)
(1.5 4.72237e-13 0)
(1.5 3.72699e-13 0)
(1.5 1.79286e-13 0)
(1.5 2.4255e-13 0)
(1.5 3.66317e-13 0)
(1.5 4.71294e-13 0)
(1.5 5.14394e-13 0)
(1.5 4.08583e-13 0)
(1.5 3.25731e-13 0)
(1.5 2.74192e-13 0)
(1.5 1.69291e-13 0)
(1.5 -5.74903e-14 0)
(1.5 -3.08104e-13 0)
(1.5 -4.37614e-13 0)
(1.5 -5.60504e-13 0)
(1.5 -5.3128e-13 0)
(1.5 -4.78235e-13 0)
(1.5 -4.55464e-13 0)
(1.5 -3.62715e-13 0)
(1.5 -3.24786e-13 0)
(1.5 -3.13176e-13 0)
(1.5 -3.24522e-13 0)
(1.5 -3.38453e-13 0)
(1.5 -3.47528e-13 0)
(1.5 -3.86525e-13 0)
(1.5 -2.24707e-13 0)
(1.5 -6.21987e-14 0)
(1.5 -1.06688e-13 0)
(1.5 -1.35631e-14 0)
(1.5 6.2775e-14 0)
(1.5 -1.6755e-14 0)
(1.5 -1.00813e-13 0)
(1.5 -1.35077e-13 0)
(1.5 -7.69215e-14 0)
(1.5 -4.56691e-14 0)
(1.5 -8.57647e-14 0)
(1.5 -1.09432e-13 0)
(1.5 -1.09808e-13 0)
(1.5 -1.06077e-13 0)
(1.5 -9.49984e-14 0)
(1.5 -4.21023e-14 0)
(1.5 4.46385e-15 0)
(1.5 5.63793e-14 0)
(1.5 6.05938e-14 0)
(1.5 -1.8411e-14 0)
(1.5 -9.80392e-14 0)
(1.5 -1.73402e-13 0)
(1.5 -1.7931e-13 0)
(1.5 -2.148e-13 0)
(1.5 -2.19793e-13 0)
(1.5 -1.26479e-13 0)
(1.5 -8.12192e-14 0)
(1.5 -1.11718e-14 0)
(1.5 -5.24309e-14 0)
(1.5 -1.24495e-13 0)
(1.5 -6.93205e-14 0)
(1.5 -1.24417e-14 0)
(1.5 -3.85264e-14 0)
(1.5 -4.39558e-14 0)
(1.5 -1.75204e-14 0)
(1.5 -1.83117e-14 0)
(1.5 -6.42018e-14 0)
(1.5 -2.74155e-14 0)
(1.5 -2.94708e-14 0)
(1.5 -9.76932e-14 0)
(1.5 -9.8806e-14 0)
(1.5 -1.19399e-13 0)
(1.5 -7.35127e-14 0)
(1.5 -1.20186e-14 0)
(1.5 -3.23306e-14 0)
(1.5 -1.96353e-14 0)
(1.5 5.75541e-15 0)
(1.5 -4.79165e-14 0)
(1.5 -4.42633e-14 0)
(1.5 -5.75818e-14 0)
(1.5 -7.81862e-14 0)
(1.5 -3.19996e-14 0)
(1.5 -4.65247e-14 0)
(1.5 -7.6208e-14 0)
(1.5 -6.38264e-14 0)
(1.5 -1.07975e-13 0)
(1.5 -9.47631e-14 0)
(1.5 -8.97654e-14 0)
(1.5 -7.41157e-14 0)
(1.5 4.57764e-14 0)
(1.5 3.03963e-14 0)
(1.5 4.79185e-14 0)
(1.5 5.1944e-14 0)
(1.5 6.77283e-15 0)
(1.5 -3.89322e-14 0)
(1.5 -1.03464e-14 0)
(1.5 -3.4576e-14 0)
(1.5 -8.57474e-14 0)
(1.5 -8.73096e-14 0)
(1.5 -1.04418e-13 0)
(1.5 -1.37305e-13 0)
(1.5 -1.17904e-13 0)
(1.5 -5.43123e-14 0)
(1.5 -2.74335e-14 0)
(1.5 -5.42031e-14 0)
(1.5 -4.0586e-14 0)
(1.5 -5.72418e-14 0)
(1.5 -1.27676e-13 0)
(1.5 -2.42979e-13 0)
(1.5 -2.71784e-13 0)
(1.5 -2.63852e-13 0)
(1.5 -2.66162e-13 0)
(1.5 -2.20899e-13 0)
(1.5 -2.0251e-13 0)
(1.5 -2.8081e-13 0)
(1.5 -2.78818e-13 0)
(1.5 -2.85831e-13 0)
(1.5 -3.91458e-13 0)
(1.5 -3.61932e-13 0)
(1.5 -3.40379e-13 0)
(1.5 -2.72735e-13 0)
(1.5 -2.37026e-13 0)
(1.5 -2.60063e-13 0)
(1.5 -2.43524e-13 0)
(1.5 -2.3147e-13 0)
(1.5 -3.35207e-13 0)
(1.5 -4.3204e-13 0)
(1.5 -4.547e-13 0)
(1.5 -5.01488e-13 0)
(1.5 -5.30594e-13 0)
(1.5 -5.44142e-13 0)
(1.5 -5.6734e-13 0)
(1.5 -5.33367e-13 0)
(1.5 -4.92272e-13 0)
(1.5 -4.67999e-13 0)
(1.5 -4.07956e-13 0)
(1.5 -3.1316e-13 0)
(1.5 -2.26583e-13 0)
(1.5 -1.028e-13 0)
(1.5 -4.12619e-15 0)
(1.5 2.78287e-14 0)
(1.5 6.74757e-14 0)
(1.5 7.90328e-14 0)
(1.5 1.28542e-13 0)
(1.5 2.36083e-13 0)
(1.5 2.44528e-13 0)
(1.5 2.17821e-13 0)
(1.5 2.20382e-13 0)
(1.5 1.63973e-13 0)
(1.5 1.5094e-13 0)
(1.5 1.4846e-13 0)
(1.5 2.09754e-13 0)
(1.5 1.31415e-13 0)
(1.5 4.94793e-14 0)
(1.5 -1.73239e-14 0)
(1.5 -3.80763e-14 0)
(1.5 -1.7744e-14 0)
(1.5 -2.99136e-14 0)
(1.5 -4.28693e-15 0)
(1.5 1.4102e-15 0)
(1.5 1.08721e-14 0)
(1.5 6.90114e-14 0)
(1.5 6.32892e-14 0)
(1.5 8.93108e-14 0)
(1.5 6.74237e-14 0)
(1.5 9.01041e-14 0)
(1.5 1.42484e-13 0)
(1.5 1.84025e-13 0)
(1.5 2.19973e-13 0)
(1.5 2.82175e-13 0)
(1.5 1.916e-13 0)
(1.5 1.28636e-13 0)
(1.5 -2.79759e-14 0)
(1.5 -9.4177e-14 0)
(1.5 -1.0712e-13 0)
(1.5 -4.68544e-14 0)
(1.5 2.2343e-14 0)
(1.5 1.02666e-13 0)
(1.5 1.51283e-13 0)
(1.5 4.52373e-14 0)
(1.5 -1.76845e-14 0)
(1.5 9.99644e-14 0)
(1.5 4.08647e-13 0)
(1.5 4.5685e-13 0)
(1.5 6.30199e-13 0)
(1.5 7.14116e-13 0)
(1.5 7.46963e-13 0)
(1.5 7.44708e-13 0)
(1.5 6.78432e-13 0)
(1.5 5.49872e-13 0)
(1.5 5.6072e-13 0)
(1.5 7.04178e-13 0)
(1.5 8.94127e-13 0)
(1.5 1.12405e-12 0)
(1.5 1.2275e-12 0)
(1.5 1.21308e-12 0)
(1.5 1.1707e-12 0)
(1.5 1.11018e-12 0)
(1.5 1.02018e-12 0)
(1.5 8.82415e-13 0)
(1.5 7.55854e-13 0)
(1.5 5.62312e-13 0)
(1.5 2.93506e-13 0)
(1.5 2.06766e-13 0)
(1.5 1.72246e-13 0)
(1.5 1.72349e-13 0)
(1.5 1.18873e-13 0)
(1.5 -3.63755e-14 0)
(1.5 4.54991e-15 0)
(1.5 1.45484e-13 0)
(1.5 2.50355e-13 0)
(1.5 3.56068e-13 0)
(1.5 2.55834e-13 0)
(1.5 2.26031e-13 0)
(1.5 2.01054e-13 0)
(1.5 1.04516e-13 0)
(1.5 -4.63697e-14 0)
(1.5 -3.40231e-13 0)
(1.5 -4.80382e-13 0)
(1.5 -5.80605e-13 0)
(1.5 -6.34463e-13 0)
(1.5 -5.76313e-13 0)
(1.5 -5.99029e-13 0)
(1.5 -4.88636e-13 0)
(1.5 -3.62699e-13 0)
(1.5 -3.23074e-13 0)
(1.5 -2.57138e-13 0)
(1.5 -2.89117e-13 0)
(1.5 -2.41682e-13 0)
(1.5 -1.50304e-13 0)
(1.5 2.0152e-14 0)
(1.5 1.59381e-13 0)
(1.5 1.61078e-13 0)
(1.5 2.22215e-13 0)
(1.5 2.82899e-13 0)
(1.5 -4.318e-14 0)
(1.5 -1.07311e-13 0)
(1.5 -9.84374e-14 0)
(1.5 -6.76163e-14 0)
(1.5 6.78663e-14 0)
(1.5 1.51006e-13 0)
(1.5 1.28771e-14 0)
(1.5 -4.58197e-14 0)
(1.5 1.41063e-14 0)
(1.5 2.83573e-14 0)
(1.5 4.66432e-14 0)
(1.5 2.92999e-14 0)
(1.5 -8.48484e-16 0)
(1.5 -4.92639e-14 0)
(1.5 -6.62894e-14 0)
(1.5 -1.33123e-13 0)
(1.5 -2.27281e-13 0)
(1.5 -2.60065e-13 0)
(1.5 -3.06923e-13 0)
(1.5 -2.4499e-13 0)
(1.5 -1.94018e-13 0)
(1.5 -1.26872e-13 0)
(1.5 -7.76109e-14 0)
(1.5 -1.10219e-13 0)
(1.5 -1.52488e-13 0)
(1.5 -5.46058e-14 0)
(1.5 -4.62216e-15 0)
(1.5 8.73253e-14 0)
(1.5 6.02708e-14 0)
(1.5 6.45076e-15 0)
(1.5 7.16345e-15 0)
(1.5 1.90543e-14 0)
(1.5 2.66076e-14 0)
(1.5 7.05264e-14 0)
(1.5 1.38708e-14 0)
(1.5 -5.37862e-14 0)
(1.5 -2.29117e-14 0)
(1.5 3.08874e-14 0)
(1.5 5.30596e-14 0)
(1.5 1.45146e-14 0)
(1.5 -3.54117e-14 0)
(1.5 8.38671e-15 0)
(1.5 -2.6334e-14 0)
(1.5 -6.31152e-14 0)
(1.5 -5.2591e-14 0)
(1.5 -6.40482e-14 0)
(1.5 -5.72728e-14 0)
(1.5 -4.60656e-14 0)
(1.5 -8.43695e-14 0)
(1.5 -7.62522e-14 0)
(1.5 -8.53483e-14 0)
(1.5 -6.7955e-14 0)
(1.5 -6.38414e-14 0)
(1.5 -2.59635e-15 0)
(1.5 1.99166e-14 0)
(1.5 -1.6849e-14 0)
(1.5 1.99184e-14 0)
(1.5 2.90386e-14 0)
(1.5 -7.56266e-15 0)
(1.5 -3.77232e-14 0)
(1.5 -1.56017e-14 0)
(1.5 2.4577e-15 0)
(1.5 -4.97305e-15 0)
(1.5 -2.26256e-14 0)
(1.5 -8.65077e-14 0)
(1.5 -1.14383e-13 0)
(1.5 -8.00117e-14 0)
(1.5 -4.62275e-14 0)
(1.5 -4.5088e-14 0)
(1.5 -4.59975e-14 0)
(1.5 -3.82582e-14 0)
(1.5 -7.82574e-14 0)
(1.5 -1.37295e-13 0)
(1.5 -2.2302e-13 0)
(1.5 -2.67906e-13 0)
(1.5 -2.59751e-13 0)
(1.5 -2.25785e-13 0)
(1.5 -1.24179e-13 0)
(1.5 -1.55338e-13 0)
(1.5 -2.6759e-13 0)
(1.5 -3.31525e-13 0)
(1.5 -4.22803e-13 0)
(1.5 -4.16315e-13 0)
(1.5 -2.09239e-13 0)
(1.5 -1.45974e-13 0)
(1.5 -1.7605e-13 0)
(1.5 -2.35691e-13 0)
(1.5 -3.45903e-13 0)
(1.5 -3.39282e-13 0)
(1.5 -2.46261e-13 0)
(1.5 -1.76178e-13 0)
(1.5 -2.27184e-13 0)
(1.5 -3.17629e-13 0)
(1.5 -3.67618e-13 0)
(1.5 -4.56185e-13 0)
(1.5 -4.47777e-13 0)
(1.5 -4.82412e-13 0)
(1.5 -5.341e-13 0)
(1.5 -5.02132e-13 0)
(1.5 -5.35479e-13 0)
(1.5 -3.302e-13 0)
(1.5 -2.236e-13 0)
(1.5 -1.33457e-13 0)
(1.5 -3.54813e-14 0)
(1.5 -4.29848e-14 0)
(1.5 -4.62486e-14 0)
(1.5 4.40231e-14 0)
(1.5 2.0786e-13 0)
(1.5 2.9317e-13 0)
(1.5 3.12275e-13 0)
(1.5 3.39424e-13 0)
(1.5 2.71479e-13 0)
(1.5 1.90106e-13 0)
(1.5 1.54791e-13 0)
(1.5 1.29737e-13 0)
(1.5 1.03244e-13 0)
(1.5 1.2978e-13 0)
(1.5 1.32985e-13 0)
(1.5 9.71717e-14 0)
(1.5 1.31665e-13 0)
(1.5 1.25901e-13 0)
(1.5 5.73575e-14 0)
(1.5 -3.30002e-14 0)
(1.5 -9.49579e-14 0)
(1.5 -1.02379e-13 0)
(1.5 2.14296e-14 0)
(1.5 1.43725e-13 0)
(1.5 2.87698e-13 0)
(1.5 2.16689e-13 0)
(1.5 1.2173e-13 0)
(1.5 1.91322e-13 0)
(1.5 3.01486e-13 0)
(1.5 2.41682e-13 0)
(1.5 2.54688e-13 0)
(1.5 2.74323e-13 0)
(1.5 2.83156e-13 0)
(1.5 2.32262e-13 0)
(1.5 1.34797e-14 0)
(1.5 -1.29288e-14 0)
(1.5 -3.91611e-14 0)
(1.5 -5.80823e-14 0)
(1.5 -9.06987e-14 0)
(1.5 -3.62717e-14 0)
(1.5 1.0821e-14 0)
(1.5 -4.85874e-15 0)
(1.5 8.22953e-14 0)
(1.5 2.41076e-13 0)
(1.5 4.19701e-13 0)
(1.5 4.65221e-13 0)
(1.5 5.72561e-13 0)
(1.5 7.16013e-13 0)
(1.5 8.12168e-13 0)
(1.5 7.66157e-13 0)
(1.5 7.29155e-13 0)
(1.5 6.38483e-13 0)
(1.5 6.63261e-13 0)
(1.5 8.03295e-13 0)
(1.5 1.00384e-12 0)
(1.5 1.08399e-12 0)
(1.5 1.12014e-12 0)
(1.5 1.1045e-12 0)
(1.5 1.04878e-12 0)
(1.5 1.05366e-12 0)
(1.5 1.00339e-12 0)
(1.5 8.05593e-13 0)
(1.5 6.04278e-13 0)
(1.5 4.01895e-13 0)
(1.5 1.85721e-13 0)
(1.5 3.99432e-14 0)
(1.5 -1.43526e-13 0)
(1.5 -2.54157e-13 0)
(1.5 -1.96603e-13 0)
(1.5 -1.19975e-13 0)
(1.5 -6.14698e-14 0)
(1.5 2.77779e-14 0)
(1.5 5.16456e-14 0)
(1.5 7.07861e-14 0)
(1.5 1.18835e-13 0)
(1.5 1.52121e-13 0)
(1.5 8.72446e-14 0)
(1.5 -2.00737e-14 0)
(1.5 -7.22169e-14 0)
(1.5 -2.36383e-13 0)
(1.5 -4.11836e-13 0)
(1.5 -4.98833e-13 0)
(1.5 -5.82578e-13 0)
(1.5 -5.67742e-13 0)
(1.5 -6.32005e-13 0)
(1.5 -6.32106e-13 0)
(1.5 -5.03929e-13 0)
(1.5 -3.87353e-13 0)
(1.5 -3.00774e-13 0)
(1.5 -2.81608e-13 0)
(1.5 -2.21567e-13 0)
(1.5 -1.36207e-13 0)
(1.5 -4.08636e-14 0)
(1.5 7.13526e-14 0)
(1.5 2.95754e-13 0)
(1.5 3.98535e-13 0)
(1.5 3.9577e-13 0)
(1.5 2.66621e-14 0)
(1.5 5.19408e-14 0)
(1.5 4.83443e-14 0)
(1.5 3.6861e-14 0)
(1.5 1.1753e-13 0)
(1.5 2.08075e-13 0)
(1.5 1.29382e-13 0)
(1.5 1.00732e-13 0)
(1.5 1.03686e-13 0)
(1.5 1.35858e-13 0)
(1.5 9.38798e-14 0)
(1.5 -4.97223e-16 0)
(1.5 -6.71504e-14 0)
(1.5 -1.36019e-13 0)
(1.5 -1.66924e-13 0)
(1.5 -1.39585e-13 0)
(1.5 -1.54488e-13 0)
(1.5 -1.57996e-13 0)
(1.5 -2.0988e-13 0)
(1.5 -2.2561e-13 0)
(1.5 -2.08786e-13 0)
(1.5 -2.02765e-13 0)
(1.5 -1.5158e-13 0)
(1.5 -1.40163e-13 0)
(1.5 -1.51478e-13 0)
(1.5 -1.44429e-13 0)
(1.5 -1.08333e-13 0)
(1.5 3.66421e-15 0)
(1.5 -5.22145e-14 0)
(1.5 -1.32255e-13 0)
(1.5 -1.23885e-13 0)
(1.5 -3.69801e-14 0)
(1.5 1.7495e-14 0)
(1.5 7.9016e-14 0)
(1.5 3.88502e-14 0)
(1.5 -7.05265e-14 0)
(1.5 8.13013e-16 0)
(1.5 -3.40931e-14 0)
(1.5 -4.09401e-14 0)
(1.5 -4.62146e-14 0)
(1.5 -6.9638e-14 0)
(1.5 -9.45545e-14 0)
(1.5 -1.10027e-13 0)
(1.5 -1.66957e-13 0)
(1.5 -1.66148e-13 0)
(1.5 -1.81297e-13 0)
(1.5 -2.09061e-13 0)
(1.5 -1.88676e-13 0)
(1.5 -1.94115e-13 0)
(1.5 -1.64403e-13 0)
(1.5 -1.037e-13 0)
(1.5 -7.25558e-14 0)
(1.5 -3.15711e-14 0)
(1.5 -8.09607e-15 0)
(1.5 -4.47871e-14 0)
(1.5 -8.5951e-14 0)
(1.5 -8.76661e-14 0)
(1.5 -9.90414e-14 0)
(1.5 -1.28646e-13 0)
(1.5 -1.24213e-13 0)
(1.5 -1.27666e-13 0)
(1.5 -6.30319e-14 0)
(1.5 -5.74662e-14 0)
(1.5 -1.09133e-13 0)
(1.5 -2.2794e-13 0)
(1.5 -1.72965e-13 0)
(1.5 -1.2058e-13 0)
(1.5 -1.36961e-13 0)
(1.5 -9.08249e-14 0)
(1.5 -4.0804e-14 0)
(1.5 5.70255e-14 0)
(1.5 2.87686e-14 0)
(1.5 -4.52e-14 0)
(1.5 -9.85494e-14 0)
(1.5 -1.1112e-13 0)
(1.5 -1.45976e-13 0)
(1.5 -1.10401e-13 0)
(1.5 -1.03933e-13 0)
(1.5 -1.7015e-13 0)
(1.5 -2.13518e-13 0)
(1.5 -2.53195e-13 0)
(1.5 -3.45879e-13 0)
(1.5 -2.40741e-13 0)
(1.5 -1.28864e-13 0)
(1.5 -6.10579e-14 0)
(1.5 -1.00347e-13 0)
(1.5 -2.01238e-13 0)
(1.5 -2.5588e-13 0)
(1.5 -2.95643e-13 0)
(1.5 -2.46803e-13 0)
(1.5 -1.53295e-13 0)
(1.5 -1.65122e-13 0)
(1.5 -2.4376e-13 0)
(1.5 -3.11925e-13 0)
(1.5 -3.74546e-13 0)
(1.5 -4.82764e-13 0)
(1.5 -5.33994e-13 0)
(1.5 -5.45399e-13 0)
(1.5 -5.13487e-13 0)
(1.5 -5.18293e-13 0)
(1.5 -3.99264e-13 0)
(1.5 -2.79631e-13 0)
(1.5 -8.28629e-14 0)
(1.5 3.08567e-15 0)
(1.5 3.67951e-14 0)
(1.5 5.85981e-14 0)
(1.5 7.47572e-14 0)
(1.5 2.3225e-13 0)
(1.5 2.71554e-13 0)
(1.5 2.7138e-13 0)
(1.5 2.50624e-13 0)
(1.5 1.8643e-13 0)
(1.5 2.23063e-13 0)
(1.5 2.48883e-13 0)
(1.5 2.30184e-13 0)
(1.5 1.55052e-13 0)
(1.5 1.61579e-13 0)
(1.5 2.05477e-13 0)
(1.5 1.59807e-13 0)
(1.5 1.44075e-13 0)
(1.5 8.56203e-14 0)
(1.5 -1.19378e-16 0)
(1.5 -4.38836e-14 0)
(1.5 -6.45847e-14 0)
(1.5 6.32407e-15 0)
(1.5 1.69443e-13 0)
(1.5 2.45877e-13 0)
(1.5 2.95989e-13 0)
(1.5 2.22162e-13 0)
(1.5 1.84921e-13 0)
(1.5 2.75051e-13 0)
(1.5 3.23618e-13 0)
(1.5 2.53379e-13 0)
(1.5 2.73228e-13 0)
(1.5 2.3056e-13 0)
(1.5 2.49104e-13 0)
(1.5 1.82569e-13 0)
(1.5 4.56854e-15 0)
(1.5 1.46438e-14 0)
(1.5 -6.91115e-14 0)
(1.5 -2.07669e-13 0)
(1.5 -3.17258e-13 0)
(1.5 -3.31586e-13 0)
(1.5 -3.11528e-13 0)
(1.5 -1.24549e-13 0)
(1.5 1.28484e-13 0)
(1.5 3.27214e-13 0)
(1.5 3.98819e-13 0)
(1.5 4.92967e-13 0)
(1.5 5.37383e-13 0)
(1.5 6.92766e-13 0)
(1.5 7.4371e-13 0)
(1.5 7.47239e-13 0)
(1.5 7.62599e-13 0)
(1.5 7.57643e-13 0)
(1.5 7.31966e-13 0)
(1.5 7.99165e-13 0)
(1.5 1.02359e-12 0)
(1.5 9.46611e-13 0)
(1.5 8.6946e-13 0)
(1.5 8.58832e-13 0)
(1.5 8.55894e-13 0)
(1.5 8.8183e-13 0)
(1.5 7.90377e-13 0)
(1.5 6.21763e-13 0)
(1.5 4.15223e-13 0)
(1.5 2.29895e-13 0)
(1.5 7.07203e-14 0)
(1.5 -1.38752e-13 0)
(1.5 -3.03921e-13 0)
(1.5 -4.27372e-13 0)
(1.5 -3.4998e-13 0)
(1.5 -1.80969e-13 0)
(1.5 -9.39802e-14 0)
(1.5 -1.21652e-13 0)
(1.5 -1.56038e-13 0)
(1.5 -1.77858e-13 0)
(1.5 -3.13908e-14 0)
(1.5 -1.19736e-14 0)
(1.5 -5.14467e-14 0)
(1.5 -7.05413e-14 0)
(1.5 -1.14224e-13 0)
(1.5 -2.35136e-13 0)
(1.5 -4.06021e-13 0)
(1.5 -4.64182e-13 0)
(1.5 -4.75761e-13 0)
(1.5 -4.42912e-13 0)
(1.5 -4.15034e-13 0)
(1.5 -4.85616e-13 0)
(1.5 -4.44877e-13 0)
(1.5 -3.09443e-13 0)
(1.5 -2.05241e-13 0)
(1.5 -1.31446e-13 0)
(1.5 -1.21207e-13 0)
(1.5 -1.16121e-13 0)
(1.5 -1.37012e-13 0)
(1.5 -1.04902e-13 0)
(1.5 2.09651e-13 0)
(1.5 3.14048e-13 0)
(1.5 2.70307e-13 0)
(1.5 3.16295e-14 0)
(1.5 7.8356e-14 0)
(1.5 2.50033e-14 0)
(1.5 7.55259e-15 0)
(1.5 3.42878e-14 0)
(1.5 -2.23563e-14 0)
(1.5 4.39294e-14 0)
(1.5 7.99702e-14 0)
(1.5 7.03456e-14 0)
(1.5 9.15499e-14 0)
(1.5 7.21651e-15 0)
(1.5 -1.05334e-13 0)
(1.5 -2.14843e-13 0)
(1.5 -1.78278e-13 0)
(1.5 -2.26754e-13 0)
(1.5 -1.39314e-13 0)
(1.5 -6.86831e-14 0)
(1.5 -4.92777e-14 0)
(1.5 -7.73303e-14 0)
(1.5 -2.06566e-13 0)
(1.5 -2.18776e-13 0)
(1.5 -2.55748e-13 0)
(1.5 -2.8555e-13 0)
(1.5 -2.11094e-13 0)
(1.5 -2.18613e-13 0)
(1.5 -2.06744e-13 0)
(1.5 -2.40787e-13 0)
(1.5 -2.11433e-13 0)
(1.5 -1.87449e-13 0)
(1.5 -1.80353e-13 0)
(1.5 -1.57965e-13 0)
(1.5 -1.22648e-13 0)
(1.5 -1.15025e-13 0)
(1.5 -4.67777e-14 0)
(1.5 3.71295e-15 0)
(1.5 -3.39974e-14 0)
(1.5 -5.02213e-14 0)
(1.5 -9.95767e-14 0)
(1.5 -1.15334e-13 0)
(1.5 -8.25897e-14 0)
(1.5 -7.82345e-14 0)
(1.5 -1.28735e-13 0)
(1.5 -1.58203e-13 0)
(1.5 -2.20209e-13 0)
(1.5 -2.1516e-13 0)
(1.5 -2.15872e-13 0)
(1.5 -2.11106e-13 0)
(1.5 -2.16496e-13 0)
(1.5 -2.19594e-13 0)
(1.5 -2.32977e-13 0)
(1.5 -1.70444e-13 0)
(1.5 -1.12424e-13 0)
(1.5 -1.70097e-14 0)
(1.5 -1.55661e-14 0)
(1.5 -5.49758e-14 0)
(1.5 -1.00165e-13 0)
(1.5 -1.41161e-13 0)
(1.5 -1.74804e-13 0)
(1.5 -1.87013e-13 0)
(1.5 -1.77378e-13 0)
(1.5 -2.00448e-13 0)
(1.5 -1.8079e-13 0)
(1.5 -1.65425e-13 0)
(1.5 -1.75989e-13 0)
(1.5 -2.29545e-13 0)
(1.5 -1.80333e-13 0)
(1.5 -9.13184e-14 0)
(1.5 -1.13654e-13 0)
(1.5 -9.1327e-14 0)
(1.5 3.46742e-14 0)
(1.5 1.40202e-13 0)
(1.5 1.71948e-13 0)
(1.5 9.60188e-14 0)
(1.5 2.09524e-14 0)
(1.5 6.71021e-15 0)
(1.5 -3.14495e-14 0)
(1.5 1.05556e-14 0)
(1.5 -1.34722e-13 0)
(1.5 -2.14708e-13 0)
(1.5 -1.65973e-13 0)
(1.5 -1.11319e-13 0)
(1.5 -7.47379e-14 0)
(1.5 3.47336e-15 0)
(1.5 2.06285e-14 0)
(1.5 2.33681e-14 0)
(1.5 3.71745e-15 0)
(1.5 -8.56859e-14 0)
(1.5 -5.91903e-14 0)
(1.5 -9.4525e-14 0)
(1.5 -1.66499e-13 0)
(1.5 -2.84678e-13 0)
(1.5 -3.75568e-13 0)
(1.5 -4.42955e-13 0)
(1.5 -4.79915e-13 0)
(1.5 -6.04037e-13 0)
(1.5 -7.90596e-13 0)
(1.5 -8.25044e-13 0)
(1.5 -7.07117e-13 0)
(1.5 -5.94267e-13 0)
(1.5 -4.58272e-13 0)
(1.5 -4.49132e-13 0)
(1.5 -3.22933e-13 0)
(1.5 -1.9211e-13 0)
(1.5 -9.88119e-14 0)
(1.5 6.20143e-14 0)
(1.5 2.1952e-13 0)
(1.5 2.15455e-13 0)
(1.5 1.86918e-13 0)
(1.5 1.64746e-13 0)
(1.5 1.89681e-13 0)
(1.5 1.7363e-13 0)
(1.5 1.73587e-13 0)
(1.5 1.93628e-13 0)
(1.5 2.12483e-13 0)
(1.5 2.18207e-13 0)
(1.5 1.94339e-13 0)
(1.5 1.94999e-13 0)
(1.5 1.95954e-13 0)
(1.5 1.48145e-13 0)
(1.5 1.19393e-13 0)
(1.5 6.19819e-14 0)
(1.5 -4.00327e-14 0)
(1.5 -4.59692e-14 0)
(1.5 2.47555e-14 0)
(1.5 1.29905e-13 0)
(1.5 2.06974e-13 0)
(1.5 1.85782e-13 0)
(1.5 7.7303e-14 0)
(1.5 1.02698e-13 0)
(1.5 1.67135e-13 0)
(1.5 2.64221e-13 0)
(1.5 2.59218e-13 0)
(1.5 3.04029e-13 0)
(1.5 4.12406e-13 0)
(1.5 3.14866e-13 0)
(1.5 2.85241e-13 0)
(1.5 2.33801e-13 0)
(1.5 1.66831e-13 0)
(1.5 1.53909e-13 0)
(1.5 3.57966e-14 0)
(1.5 -1.28224e-13 0)
(1.5 -2.70903e-13 0)
(1.5 -4.25979e-13 0)
(1.5 -3.87243e-13 0)
(1.5 -1.64821e-13 0)
(1.5 4.67465e-14 0)
(1.5 2.26275e-13 0)
(1.5 2.95082e-13 0)
(1.5 4.90815e-13 0)
(1.5 5.30495e-13 0)
(1.5 5.6934e-13 0)
(1.5 6.76396e-13 0)
(1.5 7.55086e-13 0)
(1.5 7.9144e-13 0)
(1.5 8.5641e-13 0)
(1.5 8.64063e-13 0)
(1.5 8.95779e-13 0)
(1.5 1.05282e-12 0)
(1.5 9.23514e-13 0)
(1.5 8.31001e-13 0)
(1.5 7.72821e-13 0)
(1.5 7.82443e-13 0)
(1.5 8.05922e-13 0)
(1.5 6.91613e-13 0)
(1.5 5.35141e-13 0)
(1.5 3.42772e-13 0)
(1.5 1.43951e-13 0)
(1.5 -2.28411e-14 0)
(1.5 -1.21903e-13 0)
(1.5 -2.23907e-13 0)
(1.5 -3.03958e-13 0)
(1.5 -2.94786e-13 0)
(1.5 -2.58472e-13 0)
(1.5 -2.73892e-13 0)
(1.5 -3.10941e-13 0)
(1.5 -3.13786e-13 0)
(1.5 -3.04826e-13 0)
(1.5 -2.13104e-13 0)
(1.5 -2.08959e-13 0)
(1.5 -2.15122e-13 0)
(1.5 -2.26653e-13 0)
(1.5 -2.53961e-13 0)
(1.5 -3.20627e-13 0)
(1.5 -4.15965e-13 0)
(1.5 -3.87442e-13 0)
(1.5 -3.1087e-13 0)
(1.5 -3.07203e-13 0)
(1.5 -2.88852e-13 0)
(1.5 -3.01185e-13 0)
(1.5 -2.0715e-13 0)
(1.5 -3.54157e-14 0)
(1.5 2.94996e-14 0)
(1.5 1.27121e-14 0)
(1.5 -1.79602e-14 0)
(1.5 3.7732e-15 0)
(1.5 6.20037e-14 0)
(1.5 7.00518e-14 0)
(1.5 1.4679e-13 0)
(1.5 2.14137e-13 0)
(1.5 2.27119e-13 0)
(1.5 -4.62755e-15 0)
(1.5 8.26097e-14 0)
(1.5 6.57992e-14 0)
(1.5 -2.21927e-14 0)
(1.5 -5.70199e-14 0)
(1.5 -9.70025e-14 0)
(1.5 -7.48206e-14 0)
(1.5 -7.60748e-14 0)
(1.5 -6.36869e-14 0)
(1.5 -6.79493e-14 0)
(1.5 -1.21573e-13 0)
(1.5 -7.65424e-14 0)
(1.5 -2.31743e-13 0)
(1.5 -2.48877e-13 0)
(1.5 -2.27298e-13 0)
(1.5 -1.19487e-13 0)
(1.5 6.6343e-15 0)
(1.5 -2.9119e-14 0)
(1.5 -8.17161e-14 0)
(1.5 -1.6942e-13 0)
(1.5 -2.24989e-13 0)
(1.5 -2.02466e-13 0)
(1.5 -2.95509e-13 0)
(1.5 -2.40965e-13 0)
(1.5 -2.52332e-13 0)
(1.5 -2.29756e-13 0)
(1.5 -2.39757e-13 0)
(1.5 -2.97577e-13 0)
(1.5 -1.98949e-13 0)
(1.5 -1.11324e-13 0)
(1.5 -7.09195e-14 0)
(1.5 -8.43092e-14 0)
(1.5 -1.03167e-13 0)
(1.5 -7.11302e-14 0)
(1.5 2.97236e-14 0)
(1.5 5.43418e-14 0)
(1.5 -5.53359e-14 0)
(1.5 -1.22227e-13 0)
(1.5 -6.85571e-14 0)
(1.5 -2.52852e-14 0)
(1.5 -9.19111e-14 0)
(1.5 -1.37506e-13 0)
(1.5 -1.68254e-13 0)
(1.5 -1.58157e-13 0)
(1.5 -1.07203e-13 0)
(1.5 -9.13561e-14 0)
(1.5 -7.4105e-14 0)
(1.5 -9.6276e-14 0)
(1.5 -8.86077e-14 0)
(1.5 -1.44561e-13 0)
(1.5 -1.5673e-13 0)
(1.5 -7.08057e-14 0)
(1.5 1.25508e-14 0)
(1.5 3.87715e-14 0)
(1.5 -2.02258e-14 0)
(1.5 -1.78561e-14 0)
(1.5 -8.23358e-14 0)
(1.5 -1.33403e-13 0)
(1.5 -1.31457e-13 0)
(1.5 -8.07327e-14 0)
(1.5 -1.13834e-13 0)
(1.5 -1.17811e-13 0)
(1.5 -1.3174e-13 0)
(1.5 -7.96044e-14 0)
(1.5 -9.04234e-14 0)
(1.5 -9.87411e-14 0)
(1.5 -2.0421e-14 0)
(1.5 9.90857e-15 0)
(1.5 1.87229e-14 0)
(1.5 7.83504e-14 0)
(1.5 1.45407e-13 0)
(1.5 2.24266e-13 0)
(1.5 1.50313e-13 0)
(1.5 9.98879e-14 0)
(1.5 6.87186e-14 0)
(1.5 6.877e-14 0)
(1.5 3.33058e-14 0)
(1.5 -1.73149e-13 0)
(1.5 -1.88161e-13 0)
(1.5 -9.6486e-14 0)
(1.5 -7.22478e-14 0)
(1.5 -2.59238e-14 0)
(1.5 -4.31879e-14 0)
(1.5 -4.86388e-14 0)
(1.5 -1.037e-14 0)
(1.5 2.65271e-14 0)
(1.5 2.06494e-14 0)
(1.5 2.94805e-14 0)
(1.5 -2.11042e-14 0)
(1.5 -1.59203e-13 0)
(1.5 -3.39069e-13 0)
(1.5 -4.27022e-13 0)
(1.5 -5.31032e-13 0)
(1.5 -5.50841e-13 0)
(1.5 -6.56469e-13 0)
(1.5 -8.35651e-13 0)
(1.5 -8.45456e-13 0)
(1.5 -7.21945e-13 0)
(1.5 -5.92719e-13 0)
(1.5 -4.6536e-13 0)
(1.5 -4.05838e-13 0)
(1.5 -2.52642e-13 0)
(1.5 -2.04779e-13 0)
(1.5 -1.22557e-13 0)
(1.5 2.94676e-14 0)
(1.5 2.26486e-13 0)
(1.5 2.59227e-13 0)
(1.5 2.08499e-13 0)
(1.5 2.26076e-13 0)
(1.5 1.87326e-13 0)
(1.5 1.38474e-13 0)
(1.5 1.42872e-13 0)
(1.5 1.21522e-13 0)
(1.5 2.10783e-13 0)
(1.5 2.38638e-13 0)
(1.5 2.49557e-13 0)
(1.5 2.0354e-13 0)
(1.5 1.53439e-13 0)
(1.5 2.23237e-13 0)
(1.5 2.57307e-13 0)
(1.5 1.71891e-13 0)
(1.5 8.9922e-14 0)
(1.5 8.56636e-14 0)
(1.5 9.20267e-14 0)
(1.5 1.37207e-13 0)
(1.5 8.8128e-14 0)
(1.5 7.1553e-14 0)
(1.5 -3.09418e-14 0)
(1.5 6.60698e-15 0)
(1.5 1.24703e-13 0)
(1.5 2.51672e-13 0)
(1.5 2.92487e-13 0)
(1.5 4.18025e-13 0)
(1.5 4.76827e-13 0)
(1.5 3.60089e-13 0)
(1.5 2.89199e-13 0)
(1.5 2.64002e-13 0)
(1.5 2.93597e-13 0)
(1.5 2.36274e-13 0)
(1.5 1.40656e-13 0)
(1.5 6.07755e-14 0)
(1.5 -2.05569e-15 0)
(1.5 -2.03946e-13 0)
(1.5 -2.24046e-13 0)
(1.5 -9.52761e-14 0)
(1.5 6.71716e-14 0)
(1.5 2.29835e-13 0)
(1.5 3.50529e-13 0)
(1.5 5.6049e-13 0)
(1.5 6.29425e-13 0)
(1.5 6.88615e-13 0)
(1.5 8.38342e-13 0)
(1.5 8.83816e-13 0)
(1.5 9.01542e-13 0)
(1.5 9.79722e-13 0)
(1.5 9.47185e-13 0)
(1.5 9.50241e-13 0)
(1.5 8.8978e-13 0)
(1.5 8.57698e-13 0)
(1.5 8.45881e-13 0)
(1.5 7.35033e-13 0)
(1.5 6.77686e-13 0)
(1.5 5.81753e-13 0)
(1.5 5.30906e-13 0)
(1.5 4.44834e-13 0)
(1.5 3.09993e-13 0)
(1.5 1.09274e-13 0)
(1.5 -1.20755e-13 0)
(1.5 -1.79822e-13 0)
(1.5 -2.39023e-13 0)
(1.5 -2.59713e-13 0)
(1.5 -3.64649e-13 0)
(1.5 -3.97414e-13 0)
(1.5 -4.19436e-13 0)
(1.5 -3.38193e-13 0)
(1.5 -2.55137e-13 0)
(1.5 -2.62267e-13 0)
(1.5 -2.34945e-13 0)
(1.5 -2.8279e-13 0)
(1.5 -3.76043e-13 0)
(1.5 -4.53955e-13 0)
(1.5 -4.17333e-13 0)
(1.5 -4.24085e-13 0)
(1.5 -3.93847e-13 0)
(1.5 -2.75526e-13 0)
(1.5 -1.47015e-13 0)
(1.5 -1.76478e-13 0)
(1.5 -2.31432e-13 0)
(1.5 -7.66978e-14 0)
(1.5 2.19242e-14 0)
(1.5 2.99973e-14 0)
(1.5 5.10633e-14 0)
(1.5 4.93676e-15 0)
(1.5 -3.32836e-14 0)
(1.5 1.15007e-14 0)
(1.5 1.21343e-13 0)
(1.5 1.83747e-13 0)
(1.5 8.14554e-14 0)
(1.5 1.11221e-13 0)
(1.5 1.55263e-13 0)
(1.5 2.32557e-14 0)
(1.5 1.23899e-13 0)
(1.5 9.96716e-14 0)
(1.5 5.78037e-14 0)
(1.5 2.21376e-14 0)
(1.5 3.97098e-14 0)
(1.5 -2.34514e-14 0)
(1.5 -8.47174e-14 0)
(1.5 -1.23144e-13 0)
(1.5 -1.9528e-13 0)
(1.5 -2.07851e-13 0)
(1.5 -1.03512e-13 0)
(1.5 -1.29868e-13 0)
(1.5 -1.37928e-13 0)
(1.5 -8.55693e-14 0)
(1.5 -4.24957e-15 0)
(1.5 6.69187e-14 0)
(1.5 1.59659e-14 0)
(1.5 -7.18328e-14 0)
(1.5 -1.12377e-13 0)
(1.5 -1.63873e-13 0)
(1.5 -1.46118e-13 0)
(1.5 -1.90247e-13 0)
(1.5 -1.63045e-13 0)
(1.5 -2.10472e-13 0)
(1.5 -3.16524e-13 0)
(1.5 -3.18437e-13 0)
(1.5 -3.47009e-13 0)
(1.5 -2.51479e-13 0)
(1.5 -1.68787e-13 0)
(1.5 -8.15465e-14 0)
(1.5 -1.06085e-13 0)
(1.5 -7.22016e-14 0)
(1.5 -3.05871e-14 0)
(1.5 3.12726e-14 0)
(1.5 -3.13884e-15 0)
(1.5 -4.94643e-14 0)
(1.5 -9.63698e-14 0)
(1.5 -6.21395e-14 0)
(1.5 1.04066e-14 0)
(1.5 -5.89457e-14 0)
(1.5 -1.33693e-13 0)
(1.5 -1.74444e-13 0)
(1.5 -1.2022e-13 0)
(1.5 -1.05673e-13 0)
(1.5 -8.08777e-14 0)
(1.5 -8.74842e-14 0)
(1.5 -1.08127e-13 0)
(1.5 -9.93538e-14 0)
(1.5 -9.20593e-14 0)
(1.5 -7.12009e-14 0)
(1.5 -5.26244e-14 0)
(1.5 -3.11531e-14 0)
(1.5 -1.67877e-14 0)
(1.5 -6.53041e-14 0)
(1.5 -7.39823e-14 0)
(1.5 -9.39159e-14 0)
(1.5 -8.03296e-14 0)
(1.5 -8.20732e-14 0)
(1.5 -5.8719e-14 0)
(1.5 -7.79151e-14 0)
(1.5 -7.2415e-14 0)
(1.5 -1.23946e-13 0)
(1.5 -1.11663e-13 0)
(1.5 -7.39619e-14 0)
(1.5 -6.17516e-14 0)
(1.5 -5.02579e-14 0)
(1.5 1.31875e-15 0)
(1.5 1.11953e-13 0)
(1.5 1.18222e-13 0)
(1.5 1.18324e-13 0)
(1.5 1.81999e-13 0)
(1.5 1.99535e-13 0)
(1.5 1.90558e-13 0)
(1.5 1.61829e-13 0)
(1.5 1.06267e-13 0)
(1.5 4.22128e-14 0)
(1.5 -1.11013e-13 0)
(1.5 -1.47774e-13 0)
(1.5 -7.71074e-14 0)
(1.5 -1.0762e-13 0)
(1.5 -9.91909e-14 0)
(1.5 -1.16137e-13 0)
(1.5 -1.26804e-13 0)
(1.5 -9.33847e-14 0)
(1.5 -3.51725e-14 0)
(1.5 -7.9923e-15 0)
(1.5 4.33322e-14 0)
(1.5 -7.28334e-15 0)
(1.5 -1.84291e-13 0)
(1.5 -2.65576e-13 0)
(1.5 -2.77244e-13 0)
(1.5 -3.77526e-13 0)
(1.5 -5.09719e-13 0)
(1.5 -5.50571e-13 0)
(1.5 -6.06609e-13 0)
(1.5 -5.73987e-13 0)
(1.5 -5.24704e-13 0)
(1.5 -4.52559e-13 0)
(1.5 -4.14547e-13 0)
(1.5 -3.36327e-13 0)
(1.5 -2.31964e-13 0)
(1.5 -1.3593e-13 0)
(1.5 -7.70366e-14 0)
(1.5 3.91349e-14 0)
(1.5 1.14298e-13 0)
(1.5 2.23582e-13 0)
(1.5 2.45482e-13 0)
(1.5 2.6585e-13 0)
(1.5 2.18253e-13 0)
(1.5 1.95137e-13 0)
(1.5 2.0664e-13 0)
(1.5 1.77141e-13 0)
(1.5 1.68048e-13 0)
(1.5 1.79869e-13 0)
(1.5 1.71214e-13 0)
(1.5 1.24179e-13 0)
(1.5 1.33198e-13 0)
(1.5 2.78331e-13 0)
(1.5 2.51502e-13 0)
(1.5 1.26496e-13 0)
(1.5 1.20489e-13 0)
(1.5 1.52874e-13 0)
(1.5 8.87917e-14 0)
(1.5 4.70115e-14 0)
(1.5 1.59041e-14 0)
(1.5 5.96791e-14 0)
(1.5 1.23305e-13 0)
(1.5 2.1196e-13 0)
(1.5 3.6541e-13 0)
(1.5 4.37086e-13 0)
(1.5 4.8676e-13 0)
(1.5 5.79539e-13 0)
(1.5 4.92864e-13 0)
(1.5 3.67853e-13 0)
(1.5 2.07003e-13 0)
(1.5 1.50668e-13 0)
(1.5 2.41682e-13 0)
(1.5 1.65437e-13 0)
(1.5 1.64967e-13 0)
(1.5 1.64722e-13 0)
(1.5 9.88525e-14 0)
(1.5 -1.81833e-14 0)
(1.5 -1.0993e-13 0)
(1.5 -1.02451e-13 0)
(1.5 -2.55974e-15 0)
(1.5 1.94664e-13 0)
(1.5 4.18104e-13 0)
(1.5 5.56876e-13 0)
(1.5 6.79476e-13 0)
(1.5 7.64635e-13 0)
(1.5 8.06819e-13 0)
(1.5 9.11896e-13 0)
(1.5 9.30267e-13 0)
(1.5 1.0145e-12 0)
(1.5 9.41002e-13 0)
(1.5 8.5653e-13 0)
(1.5 6.12689e-13 0)
(1.5 6.12012e-13 0)
(1.5 6.5334e-13 0)
(1.5 5.75345e-13 0)
(1.5 4.90915e-13 0)
(1.5 3.10497e-13 0)
(1.5 2.32356e-13 0)
(1.5 2.20635e-13 0)
(1.5 1.22755e-13 0)
(1.5 6.84266e-15 0)
(1.5 -1.12151e-13 0)
(1.5 -1.79402e-13 0)
(1.5 -2.25539e-13 0)
(1.5 -2.64794e-13 0)
(1.5 -4.74892e-13 0)
(1.5 -5.39652e-13 0)
(1.5 -5.81127e-13 0)
(1.5 -5.02723e-13 0)
(1.5 -4.07831e-13 0)
(1.5 -3.44042e-13 0)
(1.5 -3.53217e-13 0)
(1.5 -4.18759e-13 0)
(1.5 -4.86527e-13 0)
(1.5 -6.06643e-13 0)
(1.5 -6.11497e-13 0)
(1.5 -5.58805e-13 0)
(1.5 -4.33628e-13 0)
(1.5 -2.52521e-13 0)
(1.5 -1.66303e-13 0)
(1.5 -1.7095e-13 0)
(1.5 -1.95706e-13 0)
(1.5 -5.20158e-15 0)
(1.5 2.96973e-14 0)
(1.5 -9.82464e-14 0)
(1.5 -9.59397e-14 0)
(1.5 -5.20635e-14 0)
(1.5 -2.57056e-14 0)
(1.5 -8.86347e-15 0)
(1.5 8.44432e-15 0)
(1.5 8.7681e-14 0)
(1.5 2.46338e-14 0)
(1.5 -8.3625e-14 0)
(1.5 -5.00791e-14 0)
(1.5 4.85224e-14 0)
(1.5 1.01112e-13 0)
(1.5 1.04508e-13 0)
(1.5 8.71276e-14 0)
(1.5 1.27183e-13 0)
(1.5 1.72886e-13 0)
(1.5 1.80466e-13 0)
(1.5 7.95567e-14 0)
(1.5 3.60858e-14 0)
(1.5 -4.0179e-14 0)
(1.5 -1.21802e-13 0)
(1.5 -1.83203e-13 0)
(1.5 -8.71289e-14 0)
(1.5 7.40188e-15 0)
(1.5 9.39134e-14 0)
(1.5 1.42174e-13 0)
(1.5 1.61005e-13 0)
(1.5 1.37968e-13 0)
(1.5 3.45488e-14 0)
(1.5 -1.8067e-14 0)
(1.5 -6.86319e-14 0)
(1.5 -1.17296e-13 0)
(1.5 -6.79822e-14 0)
(1.5 -1.15217e-13 0)
(1.5 -2.166e-13 0)
(1.5 -3.55055e-13 0)
(1.5 -4.13758e-13 0)
(1.5 -3.17987e-13 0)
(1.5 -3.3248e-13 0)
(1.5 -2.5983e-13 0)
(1.5 -2.21439e-13 0)
(1.5 -2.13366e-13 0)
(1.5 -1.54883e-13 0)
(1.5 -1.49937e-13 0)
(1.5 -1.41976e-13 0)
(1.5 -1.65406e-13 0)
(1.5 -1.35248e-13 0)
(1.5 -3.99156e-14 0)
(1.5 -7.69748e-14 0)
(1.5 -3.6727e-14 0)
(1.5 -4.85878e-14 0)
(1.5 -9.87908e-14 0)
(1.5 -1.23412e-13 0)
(1.5 -7.82084e-14 0)
(1.5 -8.71504e-14 0)
(1.5 -6.34218e-14 0)
(1.5 -9.49366e-14 0)
(1.5 -1.29998e-13 0)
(1.5 -1.49549e-13 0)
(1.5 -1.05874e-13 0)
(1.5 -1.28784e-14 0)
(1.5 -5.68412e-15 0)
(1.5 -3.7807e-14 0)
(1.5 -4.61502e-14 0)
(1.5 -7.76405e-14 0)
(1.5 -1.16042e-13 0)
(1.5 -1.27786e-13 0)
(1.5 -6.64966e-14 0)
(1.5 -2.78023e-14 0)
(1.5 -4.59466e-14 0)
(1.5 -5.73259e-14 0)
(1.5 -1.38285e-13 0)
(1.5 -2.11701e-13 0)
(1.5 -2.21537e-13 0)
(1.5 -1.36927e-13 0)
(1.5 -4.28646e-14 0)
(1.5 9.71703e-15 0)
(1.5 9.29302e-15 0)
(1.5 9.08043e-14 0)
(1.5 1.12493e-13 0)
(1.5 2.28773e-14 0)
(1.5 1.36029e-14 0)
(1.5 1.64674e-13 0)
(1.5 1.98984e-13 0)
(1.5 1.32457e-13 0)
(1.5 1.50642e-15 0)
(1.5 -4.84874e-14 0)
(1.5 1.01808e-15 0)
(1.5 -6.67293e-14 0)
(1.5 -8.0694e-14 0)
(1.5 -1.80081e-13 0)
(1.5 -2.26154e-13 0)
(1.5 -9.79409e-14 0)
(1.5 -5.69189e-14 0)
(1.5 -7.38903e-14 0)
(1.5 -8.36519e-14 0)
(1.5 -1.59971e-13 0)
(1.5 -5.89453e-14 0)
(1.5 -7.20225e-14 0)
(1.5 -1.33836e-13 0)
(1.5 -1.35441e-13 0)
(1.5 -1.57099e-13 0)
(1.5 -2.16169e-13 0)
(1.5 -3.40034e-13 0)
(1.5 -4.15815e-13 0)
(1.5 -3.72767e-13 0)
(1.5 -3.18877e-13 0)
(1.5 -3.00934e-13 0)
(1.5 -3.07309e-13 0)
(1.5 -2.82511e-13 0)
(1.5 -1.70078e-13 0)
(1.5 -1.58804e-13 0)
(1.5 -8.72862e-14 0)
(1.5 -1.06294e-14 0)
(1.5 4.09844e-14 0)
(1.5 7.20292e-14 0)
(1.5 1.90229e-13 0)
(1.5 2.45025e-13 0)
(1.5 2.28459e-13 0)
(1.5 2.01898e-13 0)
(1.5 2.69749e-13 0)
(1.5 3.03336e-13 0)
(1.5 2.86229e-13 0)
(1.5 1.89166e-13 0)
(1.5 1.44092e-13 0)
(1.5 1.43993e-13 0)
(1.5 1.36026e-13 0)
(1.5 2.1782e-13 0)
(1.5 2.88486e-13 0)
(1.5 2.48287e-13 0)
(1.5 2.17141e-13 0)
(1.5 1.74539e-13 0)
(1.5 1.07394e-13 0)
(1.5 2.71742e-14 0)
(1.5 -6.55073e-15 0)
(1.5 5.64726e-14 0)
(1.5 1.6535e-13 0)
(1.5 2.74724e-13 0)
(1.5 4.23212e-13 0)
(1.5 5.49116e-13 0)
(1.5 5.84421e-13 0)
(1.5 5.99312e-13 0)
(1.5 6.47768e-13 0)
(1.5 5.21236e-13 0)
(1.5 4.24228e-13 0)
(1.5 2.4618e-13 0)
(1.5 1.17798e-13 0)
(1.5 2.19756e-13 0)
(1.5 1.77027e-13 0)
(1.5 1.4844e-13 0)
(1.5 1.29835e-13 0)
(1.5 2.11925e-15 0)
(1.5 2.10102e-14 0)
(1.5 -5.39184e-14 0)
(1.5 -1.66975e-13 0)
(1.5 -1.22857e-13 0)
(1.5 1.17766e-14 0)
(1.5 2.97714e-13 0)
(1.5 4.45342e-13 0)
(1.5 6.06775e-13 0)
(1.5 6.23298e-13 0)
(1.5 5.54721e-13 0)
(1.5 7.50777e-13 0)
(1.5 8.84577e-13 0)
(1.5 8.81249e-13 0)
(1.5 8.04905e-13 0)
(1.5 7.10513e-13 0)
(1.5 5.1224e-13 0)
(1.5 4.32131e-13 0)
(1.5 3.51292e-13 0)
(1.5 2.96295e-13 0)
(1.5 1.98206e-13 0)
(1.5 1.28925e-13 0)
(1.5 2.34142e-14 0)
(1.5 9.44199e-15 0)
(1.5 -6.42132e-14 0)
(1.5 -1.11366e-13 0)
(1.5 -1.27471e-13 0)
(1.5 -2.29275e-13 0)
(1.5 -3.29167e-13 0)
(1.5 -4.50828e-13 0)
(1.5 -5.53842e-13 0)
(1.5 -6.50078e-13 0)
(1.5 -7.42989e-13 0)
(1.5 -7.57919e-13 0)
(1.5 -6.61632e-13 0)
(1.5 -5.14824e-13 0)
(1.5 -4.56651e-13 0)
(1.5 -4.48525e-13 0)
(1.5 -4.78261e-13 0)
(1.5 -5.95389e-13 0)
(1.5 -6.41334e-13 0)
(1.5 -4.96196e-13 0)
(1.5 -3.63863e-13 0)
(1.5 -2.36322e-13 0)
(1.5 -1.94622e-13 0)
(1.5 -1.95922e-13 0)
(1.5 -1.06583e-13 0)
(1.5 -1.14636e-13 0)
(1.5 -1.70191e-13 0)
(1.5 -2.75607e-13 0)
(1.5 -2.92033e-13 0)
(1.5 -1.3032e-13 0)
(1.5 -7.89192e-15 0)
(1.5 2.89932e-14 0)
(1.5 -1.46721e-14 0)
(1.5 -2.76494e-14 0)
(1.5 1.84657e-14 0)
(1.5 -1.01383e-13 0)
(1.5 -1.11766e-13 0)
(1.5 3.77843e-14 0)
(1.5 3.74293e-14 0)
(1.5 3.04554e-14 0)
(1.5 2.15893e-14 0)
(1.5 1.38542e-13 0)
(1.5 1.66943e-13 0)
(1.5 2.20826e-13 0)
(1.5 1.47574e-13 0)
(1.5 9.8352e-14 0)
(1.5 4.14248e-14 0)
(1.5 -4.80844e-14 0)
(1.5 -1.29294e-13 0)
(1.5 2.97753e-14 0)
(1.5 9.14699e-14 0)
(1.5 1.69631e-13 0)
(1.5 1.44598e-13 0)
(1.5 1.39868e-13 0)
(1.5 1.25876e-13 0)
(1.5 5.99569e-14 0)
(1.5 2.61946e-14 0)
(1.5 -4.18339e-14 0)
(1.5 -5.38509e-14 0)
(1.5 -6.35967e-14 0)
(1.5 -1.6995e-13 0)
(1.5 -2.8824e-13 0)
(1.5 -3.39318e-13 0)
(1.5 -3.71621e-13 0)
(1.5 -3.31112e-13 0)
(1.5 -4.10676e-13 0)
(1.5 -3.31684e-13 0)
(1.5 -3.14514e-13 0)
(1.5 -2.70797e-13 0)
(1.5 -2.48783e-13 0)
(1.5 -2.95777e-13 0)
(1.5 -3.25045e-13 0)
(1.5 -2.90453e-13 0)
(1.5 -2.56668e-13 0)
(1.5 -1.36237e-13 0)
(1.5 -2.10668e-13 0)
(1.5 -1.81396e-13 0)
(1.5 -1.69994e-13 0)
(1.5 -1.75967e-13 0)
(1.5 -1.14516e-13 0)
(1.5 -6.79267e-14 0)
(1.5 -4.04663e-14 0)
(1.5 8.21152e-15 0)
(1.5 -3.72592e-16 0)
(1.5 -3.06999e-14 0)
(1.5 -2.38054e-14 0)
(1.5 5.49837e-15 0)
(1.5 6.68923e-14 0)
(1.5 9.46003e-14 0)
(1.5 3.65782e-14 0)
(1.5 3.90392e-14 0)
(1.5 -9.01887e-15 0)
(1.5 -2.33544e-14 0)
(1.5 -5.7854e-14 0)
(1.5 1.21989e-15 0)
(1.5 2.18805e-15 0)
(1.5 3.2706e-14 0)
(1.5 3.27232e-14 0)
(1.5 -1.20911e-13 0)
(1.5 -2.17305e-13 0)
(1.5 -1.22887e-13 0)
(1.5 -7.98349e-14 0)
(1.5 -2.47911e-14 0)
(1.5 2.13688e-14 0)
(1.5 4.67421e-14 0)
(1.5 7.24389e-14 0)
(1.5 9.31166e-14 0)
(1.5 9.14671e-14 0)
(1.5 1.43607e-13 0)
(1.5 1.97664e-13 0)
(1.5 2.14506e-13 0)
(1.5 1.11845e-13 0)
(1.5 3.56339e-14 0)
(1.5 -3.47995e-14 0)
(1.5 8.66014e-14 0)
(1.5 7.71714e-14 0)
(1.5 2.28668e-14 0)
(1.5 -5.99071e-14 0)
(1.5 -8.57042e-14 0)
(1.5 -1.53638e-14 0)
(1.5 -4.37426e-14 0)
(1.5 -1.21953e-13 0)
(1.5 -2.09154e-13 0)
(1.5 -3.35687e-13 0)
(1.5 -3.26791e-13 0)
(1.5 -3.06289e-13 0)
(1.5 -2.46273e-13 0)
(1.5 -1.81217e-13 0)
(1.5 -2.21557e-13 0)
(1.5 -2.62586e-13 0)
(1.5 -3.15678e-13 0)
(1.5 -3.94242e-13 0)
(1.5 -3.24063e-13 0)
(1.5 -2.53759e-13 0)
(1.5 -2.38839e-13 0)
(1.5 -2.50001e-13 0)
(1.5 -1.7706e-13 0)
(1.5 1.89346e-14 0)
(1.5 2.73873e-14 0)
(1.5 2.29037e-14 0)
(1.5 7.6468e-14 0)
(1.5 9.30907e-14 0)
(1.5 1.09418e-13 0)
(1.5 1.61418e-13 0)
(1.5 1.79926e-13 0)
(1.5 1.45852e-13 0)
(1.5 1.75763e-13 0)
(1.5 2.41088e-13 0)
(1.5 2.91945e-13 0)
(1.5 3.19681e-13 0)
(1.5 2.73746e-13 0)
(1.5 2.53523e-13 0)
(1.5 2.61763e-13 0)
(1.5 2.49073e-13 0)
(1.5 2.76979e-13 0)
(1.5 2.19297e-13 0)
(1.5 2.25246e-13 0)
(1.5 2.91822e-13 0)
(1.5 1.87967e-13 0)
(1.5 1.4376e-14 0)
(1.5 -2.03323e-14 0)
(1.5 1.84006e-14 0)
(1.5 1.29774e-13 0)
(1.5 2.62396e-13 0)
(1.5 3.65345e-13 0)
(1.5 5.20505e-13 0)
(1.5 5.37901e-13 0)
(1.5 5.54133e-13 0)
(1.5 5.51338e-13 0)
(1.5 5.75797e-13 0)
(1.5 5.38248e-13 0)
(1.5 4.01585e-13 0)
(1.5 3.21761e-13 0)
(1.5 1.73416e-13 0)
(1.5 1.71724e-13 0)
(1.5 1.38798e-13 0)
(1.5 2.02781e-14 0)
(1.5 -7.05509e-14 0)
(1.5 -1.48745e-13 0)
(1.5 -1.17732e-13 0)
(1.5 -1.52809e-13 0)
(1.5 -1.90868e-13 0)
(1.5 -8.46945e-14 0)
(1.5 -1.4493e-14 0)
(1.5 2.11396e-13 0)
(1.5 3.3689e-13 0)
(1.5 4.71758e-13 0)
(1.5 5.78155e-13 0)
(1.5 5.48838e-13 0)
(1.5 6.84692e-13 0)
(1.5 8.74729e-13 0)
(1.5 8.67804e-13 0)
(1.5 8.52076e-13 0)
(1.5 6.99211e-13 0)
(1.5 5.64457e-13 0)
(1.5 4.56355e-13 0)
(1.5 3.0268e-13 0)
(1.5 2.93325e-13 0)
(1.5 1.84189e-13 0)
(1.5 1.17842e-13 0)
(1.5 2.78091e-15 0)
(1.5 -8.316e-14 0)
(1.5 -1.09313e-13 0)
(1.5 -1.97548e-14 0)
(1.5 -7.62128e-14 0)
(1.5 -2.54956e-13 0)
(1.5 -3.76957e-13 0)
(1.5 -4.94391e-13 0)
(1.5 -4.96942e-13 0)
(1.5 -6.2111e-13 0)
(1.5 -6.25288e-13 0)
(1.5 -6.54534e-13 0)
(1.5 -5.35334e-13 0)
(1.5 -4.69281e-13 0)
(1.5 -3.48639e-13 0)
(1.5 -3.16722e-13 0)
(1.5 -3.52964e-13 0)
(1.5 -3.98698e-13 0)
(1.5 -4.33182e-13 0)
(1.5 -4.37099e-13 0)
(1.5 -3.49936e-13 0)
(1.5 -2.54784e-13 0)
(1.5 -1.16248e-13 0)
(1.5 -2.40104e-14 0)
(1.5 1.30456e-13 0)
(1.5 -5.92948e-15 0)
(1.5 -1.28868e-13 0)
(1.5 -2.06951e-13 0)
(1.5 -2.76651e-13 0)
(1.5 -2.49671e-13 0)
(1.5 -1.333e-13 0)
(1.5 3.89106e-14 0)
(1.5 6.63167e-14 0)
(1.5 -6.20609e-15 0)
(1.5 1.63665e-14 0)
(1.5 6.40556e-14 0)
(1.5 3.47846e-14 0)
(1.5 -3.41014e-14 0)
(1.5 -6.786e-14 0)
(1.5 -7.54796e-14 0)
(1.5 3.57615e-14 0)
(1.5 1.20412e-13 0)
(1.5 9.83273e-14 0)
(1.5 9.50199e-14 0)
(1.5 9.49535e-14 0)
(1.5 2.48944e-14 0)
(1.5 -4.39587e-14 0)
(1.5 -2.75065e-14 0)
(1.5 -6.41554e-15 0)
(1.5 1.17891e-13 0)
(1.5 1.6414e-13 0)
(1.5 1.56039e-13 0)
(1.5 5.7426e-14 0)
(1.5 6.10822e-15 0)
(1.5 -1.53045e-14 0)
(1.5 1.58524e-14 0)
(1.5 4.18228e-14 0)
(1.5 3.86224e-16 0)
(1.5 -4.2368e-14 0)
(1.5 -1.07117e-13 0)
(1.5 -2.09893e-13 0)
(1.5 -3.0711e-13 0)
(1.5 -2.92154e-13 0)
(1.5 -2.89022e-13 0)
(1.5 -3.4363e-13 0)
(1.5 -3.74215e-13 0)
(1.5 -3.68705e-13 0)
(1.5 -3.19022e-13 0)
(1.5 -3.14619e-13 0)
(1.5 -3.2618e-13 0)
(1.5 -3.21242e-13 0)
(1.5 -3.59324e-13 0)
(1.5 -2.86483e-13 0)
(1.5 -2.7088e-13 0)
(1.5 -2.57865e-13 0)
(1.5 -3.11151e-13 0)
(1.5 -2.78897e-13 0)
(1.5 -2.29097e-13 0)
(1.5 -2.08908e-13 0)
(1.5 -1.48175e-13 0)
(1.5 -7.32435e-14 0)
(1.5 7.47234e-15 0)
(1.5 7.73498e-14 0)
(1.5 8.74863e-14 0)
(1.5 6.75014e-14 0)
(1.5 4.82579e-14 0)
(1.5 7.25776e-14 0)
(1.5 8.76896e-14 0)
(1.5 6.26449e-14 0)
(1.5 9.03043e-14 0)
(1.5 3.4677e-14 0)
(1.5 -1.97504e-14 0)
(1.5 4.06097e-14 0)
(1.5 3.55352e-14 0)
(1.5 3.07073e-14 0)
(1.5 -1.53974e-14 0)
(1.5 5.35672e-15 0)
(1.5 3.817e-14 0)
(1.5 -2.99942e-14 0)
(1.5 -5.20077e-14 0)
(1.5 5.57361e-14 0)
(1.5 5.36687e-14 0)
(1.5 3.91571e-14 0)
(1.5 2.86584e-14 0)
(1.5 5.59851e-14 0)
(1.5 9.02898e-14 0)
(1.5 1.6062e-13 0)
(1.5 2.68141e-13 0)
(1.5 3.60955e-13 0)
(1.5 3.37826e-13 0)
(1.5 2.56488e-13 0)
(1.5 1.43427e-13 0)
(1.5 9.76002e-14 0)
(1.5 6.3879e-14 0)
(1.5 1.06121e-13 0)
(1.5 1.18449e-13 0)
(1.5 6.21643e-14 0)
(1.5 9.93453e-14 0)
(1.5 1.37467e-13 0)
(1.5 1.10616e-13 0)
(1.5 -4.19516e-15 0)
(1.5 -2.16321e-13 0)
(1.5 -4.10478e-13 0)
(1.5 -4.79961e-13 0)
(1.5 -5.26589e-13 0)
(1.5 -4.7499e-13 0)
(1.5 -3.69327e-13 0)
(1.5 -2.84438e-13 0)
(1.5 -3.02609e-13 0)
(1.5 -3.56951e-13 0)
(1.5 -3.63864e-13 0)
(1.5 -4.29e-13 0)
(1.5 -3.35507e-13 0)
(1.5 -2.90725e-13 0)
(1.5 -2.76255e-13 0)
(1.5 -2.43568e-13 0)
(1.5 -1.17873e-13 0)
(1.5 7.91798e-14 0)
(1.5 1.99289e-13 0)
(1.5 1.92298e-13 0)
(1.5 1.58297e-13 0)
(1.5 2.55673e-13 0)
(1.5 2.56271e-13 0)
(1.5 2.38086e-13 0)
(1.5 2.59348e-13 0)
(1.5 2.35579e-13 0)
(1.5 2.38266e-13 0)
(1.5 2.05258e-13 0)
(1.5 2.58432e-13 0)
(1.5 3.53591e-13 0)
(1.5 2.52453e-13 0)
(1.5 3.01464e-13 0)
(1.5 3.59832e-13 0)
(1.5 3.22177e-13 0)
(1.5 2.45002e-13 0)
(1.5 1.0372e-13 0)
(1.5 6.60314e-14 0)
(1.5 1.23394e-13 0)
(1.5 6.968e-14 0)
(1.5 -2.77049e-14 0)
(1.5 -1.24066e-14 0)
(1.5 1.83825e-14 0)
(1.5 1.54189e-13 0)
(1.5 2.57911e-13 0)
(1.5 3.96296e-13 0)
(1.5 5.98193e-13 0)
(1.5 5.37889e-13 0)
(1.5 4.41701e-13 0)
(1.5 4.31771e-13 0)
(1.5 5.02445e-13 0)
(1.5 4.66013e-13 0)
(1.5 3.23628e-13 0)
(1.5 2.88342e-13 0)
(1.5 2.40262e-13 0)
(1.5 2.20139e-13 0)
(1.5 9.56156e-14 0)
(1.5 -5.05593e-14 0)
(1.5 -1.37584e-13 0)
(1.5 -1.83744e-13 0)
(1.5 -1.92122e-13 0)
(1.5 -1.5615e-13 0)
(1.5 -7.41437e-14 0)
(1.5 -4.56993e-14 0)
(1.5 1.4466e-14 0)
(1.5 1.21672e-13 0)
(1.5 1.92586e-13 0)
(1.5 2.96391e-13 0)
(1.5 5.05054e-13 0)
(1.5 5.96747e-13 0)
(1.5 7.41102e-13 0)
(1.5 8.65568e-13 0)
(1.5 8.9797e-13 0)
(1.5 8.4935e-13 0)
(1.5 6.85035e-13 0)
(1.5 6.32099e-13 0)
(1.5 5.31122e-13 0)
(1.5 3.6495e-13 0)
(1.5 3.84105e-13 0)
(1.5 2.91809e-13 0)
(1.5 2.0157e-13 0)
(1.5 2.31727e-14 0)
(1.5 -1.2257e-13 0)
(1.5 -1.0883e-13 0)
(1.5 -1.73104e-14 0)
(1.5 -1.34423e-13 0)
(1.5 -1.96017e-13 0)
(1.5 -2.4118e-13 0)
(1.5 -3.30569e-13 0)
(1.5 -4.01551e-13 0)
(1.5 -4.87188e-13 0)
(1.5 -4.72387e-13 0)
(1.5 -4.84775e-13 0)
(1.5 -3.96756e-13 0)
(1.5 -4.37912e-13 0)
(1.5 -4.22228e-13 0)
(1.5 -4.00113e-13 0)
(1.5 -4.17291e-13 0)
(1.5 -3.49671e-13 0)
(1.5 -2.88536e-13 0)
(1.5 -4.25284e-13 0)
(1.5 -3.9552e-13 0)
(1.5 -3.09528e-13 0)
(1.5 -1.46697e-13 0)
(1.5 -2.04017e-14 0)
(1.5 1.3372e-13 0)
(1.5 5.44738e-14 0)
(1.5 -1.82997e-14 0)
(1.5 -1.02721e-13 0)
(1.5 -1.57706e-13 0)
(1.5 -2.27821e-13 0)
(1.5 -2.18437e-13 0)
(1.5 -5.17808e-14 0)
(1.5 3.8281e-14 0)
(1.5 3.58175e-14 0)
(1.5 1.63922e-14 0)
(1.5 1.27591e-13 0)
(1.5 1.16925e-13 0)
(1.5 -5.67929e-14 0)
(1.5 -7.82327e-14 0)
(1.5 -3.67359e-14 0)
(1.5 8.17151e-14 0)
(1.5 1.07531e-13 0)
(1.5 1.19073e-13 0)
(1.5 4.51251e-14 0)
(1.5 1.04169e-13 0)
(1.5 4.71816e-14 0)
(1.5 -7.66021e-14 0)
(1.5 -1.43182e-14 0)
(1.5 7.743e-14 0)
(1.5 8.84608e-14 0)
(1.5 1.03115e-13 0)
(1.5 4.02115e-14 0)
(1.5 -3.75506e-15 0)
(1.5 -4.15895e-14 0)
(1.5 -9.02051e-14 0)
(1.5 -9.48858e-14 0)
(1.5 -8.78453e-15 0)
(1.5 -3.92336e-14 0)
(1.5 -9.12635e-14 0)
(1.5 -1.63483e-13 0)
(1.5 -2.29998e-13 0)
(1.5 -2.06674e-13 0)
(1.5 -2.32839e-13 0)
(1.5 -2.27783e-13 0)
(1.5 -2.37702e-13 0)
(1.5 -2.67241e-13 0)
(1.5 -3.39924e-13 0)
(1.5 -3.63979e-13 0)
(1.5 -3.78352e-13 0)
(1.5 -4.08368e-13 0)
(1.5 -3.51282e-13 0)
(1.5 -4.05054e-13 0)
(1.5 -3.58436e-13 0)
(1.5 -3.09788e-13 0)
(1.5 -3.51609e-13 0)
(1.5 -3.10354e-13 0)
(1.5 -3.33101e-13 0)
(1.5 -2.59597e-13 0)
(1.5 -2.12336e-13 0)
(1.5 -1.75414e-13 0)
(1.5 -7.33857e-14 0)
(1.5 1.31564e-14 0)
(1.5 3.38983e-14 0)
(1.5 9.07224e-14 0)
(1.5 1.22775e-13 0)
(1.5 5.12188e-14 0)
(1.5 6.90986e-14 0)
(1.5 6.44916e-14 0)
(1.5 6.87144e-15 0)
(1.5 5.70484e-14 0)
(1.5 -1.71299e-14 0)
(1.5 -8.06236e-14 0)
(1.5 -9.85393e-15 0)
(1.5 2.54311e-16 0)
(1.5 -6.39813e-14 0)
(1.5 -8.37012e-14 0)
(1.5 -1.06117e-13 0)
(1.5 -7.27139e-14 0)
(1.5 2.63369e-15 0)
(1.5 1.00255e-13 0)
(1.5 1.40563e-13 0)
(1.5 1.53465e-13 0)
(1.5 1.53806e-13 0)
(1.5 1.2212e-13 0)
(1.5 1.20658e-13 0)
(1.5 1.15717e-13 0)
(1.5 1.54423e-13 0)
(1.5 2.53157e-13 0)
(1.5 2.82692e-13 0)
(1.5 3.14553e-13 0)
(1.5 2.13097e-13 0)
(1.5 1.12461e-13 0)
(1.5 7.78339e-14 0)
(1.5 2.12211e-15 0)
(1.5 -3.84526e-14 0)
(1.5 1.80894e-14 0)
(1.5 -1.97865e-14 0)
(1.5 3.70228e-14 0)
(1.5 1.23622e-14 0)
(1.5 -1.40092e-14 0)
(1.5 -1.45604e-13 0)
(1.5 -3.3796e-13 0)
(1.5 -4.64375e-13 0)
(1.5 -4.60663e-13 0)
(1.5 -5.02164e-13 0)
(1.5 -4.45541e-13 0)
(1.5 -3.33661e-13 0)
(1.5 -2.25064e-13 0)
(1.5 -3.03483e-13 0)
(1.5 -3.21497e-13 0)
(1.5 -2.8196e-13 0)
(1.5 -2.72726e-13 0)
(1.5 -1.55819e-13 0)
(1.5 -1.23544e-13 0)
(1.5 -1.77397e-13 0)
(1.5 -1.45993e-13 0)
(1.5 -4.64462e-14 0)
(1.5 1.09927e-13 0)
(1.5 2.62642e-13 0)
(1.5 2.78098e-13 0)
(1.5 2.67815e-13 0)
(1.5 2.86522e-13 0)
(1.5 3.5514e-13 0)
(1.5 3.80342e-13 0)
(1.5 4.50513e-13 0)
(1.5 4.46293e-13 0)
(1.5 3.0349e-13 0)
(1.5 2.51622e-13 0)
(1.5 3.09037e-13 0)
(1.5 3.86941e-13 0)
(1.5 2.96993e-13 0)
(1.5 2.81529e-13 0)
(1.5 3.1663e-13 0)
(1.5 3.29178e-13 0)
(1.5 2.42556e-13 0)
(1.5 6.78019e-14 0)
(1.5 -9.29896e-14 0)
(1.5 -5.12624e-14 0)
(1.5 4.27399e-14 0)
(1.5 2.70753e-14 0)
(1.5 6.8625e-14 0)
(1.5 4.57398e-14 0)
(1.5 1.17105e-13 0)
(1.5 2.11252e-13 0)
(1.5 3.95721e-13 0)
(1.5 5.21285e-13 0)
(1.5 4.47864e-13 0)
(1.5 3.5341e-13 0)
(1.5 3.76922e-13 0)
(1.5 4.50929e-13 0)
(1.5 3.51854e-13 0)
(1.5 3.06103e-13 0)
(1.5 2.17402e-13 0)
(1.5 1.97821e-13 0)
(1.5 1.86296e-13 0)
(1.5 7.69082e-15 0)
(1.5 -8.21524e-14 0)
(1.5 -1.25148e-13 0)
(1.5 -1.7823e-13 0)
(1.5 -1.73421e-13 0)
(1.5 -1.08723e-13 0)
(1.5 -1.0553e-13 0)
(1.5 -1.31697e-13 0)
(1.5 -3.51092e-14 0)
(1.5 -2.20507e-14 0)
(1.5 7.24051e-14 0)
(1.5 1.89085e-13 0)
(1.5 3.31584e-13 0)
(1.5 5.14657e-13 0)
(1.5 7.32117e-13 0)
(1.5 7.60754e-13 0)
(1.5 7.23486e-13 0)
(1.5 6.21424e-13 0)
(1.5 4.97075e-13 0)
(1.5 5.2456e-13 0)
(1.5 4.87538e-13 0)
(1.5 2.50563e-13 0)
(1.5 2.11925e-13 0)
(1.5 2.21138e-13 0)
(1.5 1.55074e-13 0)
(1.5 4.77878e-14 0)
(1.5 -9.5416e-15 0)
(1.5 -7.30783e-14 0)
(1.5 -1.33364e-13 0)
(1.5 -2.22849e-13 0)
(1.5 -1.88377e-13 0)
(1.5 -1.87776e-13 0)
(1.5 -2.55544e-13 0)
(1.5 -3.28326e-13 0)
(1.5 -3.33984e-13 0)
(1.5 -3.90575e-13 0)
(1.5 -4.01011e-13 0)
(1.5 -4.66375e-13 0)
(1.5 -4.76928e-13 0)
(1.5 -5.41181e-13 0)
(1.5 -5.39273e-13 0)
(1.5 -5.7802e-13 0)
(1.5 -4.43848e-13 0)
(1.5 -3.37241e-13 0)
(1.5 -4.55313e-13 0)
(1.5 -4.34486e-13 0)
(1.5 -4.37875e-13 0)
(1.5 -3.6756e-13 0)
(1.5 -2.31832e-13 0)
(1.5 -1.18372e-13 0)
(1.5 -8.38163e-14 0)
(1.5 -1.03793e-13 0)
(1.5 -1.21458e-13 0)
(1.5 -9.47686e-14 0)
(1.5 -2.66897e-14 0)
(1.5 -7.73816e-14 0)
(1.5 -7.58977e-14 0)
(1.5 -1.10888e-13 0)
(1.5 -1.02966e-13 0)
(1.5 -6.05881e-14 0)
(1.5 -2.64302e-15 0)
(1.5 -1.11413e-14 0)
(1.5 -4.26487e-14 0)
(1.5 -1.73814e-13 0)
(1.5 -1.33824e-13 0)
(1.5 -2.30651e-14 0)
(1.5 -1.52079e-16 0)
(1.5 1.20018e-14 0)
(1.5 -5.67659e-14 0)
(1.5 1.59068e-14 0)
(1.5 7.36296e-14 0)
(1.5 -3.60386e-14 0)
(1.5 -1.97581e-14 0)
(1.5 4.43911e-14 0)
(1.5 5.25442e-14 0)
(1.5 6.57751e-14 0)
(1.5 7.65838e-15 0)
(1.5 -3.75537e-15 0)
(1.5 -7.02257e-14 0)
(1.5 -1.0366e-13 0)
(1.5 -1.51634e-13 0)
(1.5 -9.96573e-14 0)
(1.5 -1.41794e-13 0)
(1.5 -1.35459e-13 0)
(1.5 -2.16778e-13 0)
(1.5 -2.38416e-13 0)
(1.5 -1.33483e-13 0)
(1.5 -2.30619e-13 0)
(1.5 -2.93507e-13 0)
(1.5 -2.98354e-13 0)
(1.5 -2.69656e-13 0)
(1.5 -3.44566e-13 0)
(1.5 -4.04625e-13 0)
(1.5 -4.17239e-13 0)
(1.5 -4.22504e-13 0)
(1.5 -4.5619e-13 0)
(1.5 -4.99078e-13 0)
(1.5 -4.26092e-13 0)
(1.5 -3.90471e-13 0)
(1.5 -4.04309e-13 0)
(1.5 -3.22862e-13 0)
(1.5 -3.16937e-13 0)
(1.5 -3.00284e-13 0)
(1.5 -2.2531e-13 0)
(1.5 -1.32114e-13 0)
(1.5 -8.54633e-14 0)
(1.5 -7.87984e-14 0)
(1.5 -6.90373e-14 0)
(1.5 -2.40021e-14 0)
(1.5 1.33655e-14 0)
(1.5 1.55377e-14 0)
(1.5 2.78774e-14 0)
(1.5 1.60838e-14 0)
(1.5 -2.34462e-14 0)
(1.5 -2.48669e-14 0)
(1.5 -2.53163e-14 0)
(1.5 -6.84111e-14 0)
(1.5 -1.11558e-13 0)
(1.5 -8.92546e-14 0)
(1.5 -1.13287e-13 0)
(1.5 -6.83583e-14 0)
(1.5 -1.22967e-13 0)
(1.5 -1.38777e-13 0)
(1.5 9.93956e-15 0)
(1.5 1.06364e-13 0)
(1.5 1.06563e-13 0)
(1.5 2.04977e-13 0)
(1.5 2.37735e-13 0)
(1.5 1.68587e-13 0)
(1.5 1.84593e-13 0)
(1.5 1.40981e-13 0)
(1.5 1.2832e-13 0)
(1.5 1.49289e-13 0)
(1.5 1.43343e-13 0)
(1.5 1.24068e-13 0)
(1.5 8.817e-14 0)
(1.5 4.63438e-14 0)
(1.5 2.37433e-15 0)
(1.5 -8.29352e-14 0)
(1.5 -1.03012e-13 0)
(1.5 -5.49729e-14 0)
(1.5 -9.12535e-14 0)
(1.5 -9.43008e-14 0)
(1.5 -1.3664e-13 0)
(1.5 -2.59954e-13 0)
(1.5 -3.71271e-13 0)
(1.5 -4.36004e-13 0)
(1.5 -4.85359e-13 0)
(1.5 -4.872e-13 0)
(1.5 -5.27055e-13 0)
(1.5 -4.63405e-13 0)
(1.5 -3.34027e-13 0)
(1.5 -2.58093e-13 0)
(1.5 -3.15195e-13 0)
(1.5 -2.74476e-13 0)
(1.5 -2.30804e-13 0)
(1.5 -1.4144e-13 0)
(1.5 -6.24321e-14 0)
(1.5 -2.01756e-14 0)
(1.5 -7.06389e-14 0)
(1.5 -7.80508e-14 0)
(1.5 -3.43704e-14 0)
(1.5 4.80311e-14 0)
(1.5 2.4672e-13 0)
(1.5 3.63401e-13 0)
(1.5 4.75327e-13 0)
(1.5 4.3654e-13 0)
(1.5 4.84525e-13 0)
(1.5 5.50669e-13 0)
(1.5 5.6e-13 0)
(1.5 5.05558e-13 0)
(1.5 3.90014e-13 0)
(1.5 4.02491e-13 0)
(1.5 4.40613e-13 0)
(1.5 4.65548e-13 0)
(1.5 4.6557e-13 0)
(1.5 3.58161e-13 0)
(1.5 3.44257e-13 0)
(1.5 3.19062e-13 0)
(1.5 2.35305e-13 0)
(1.5 9.16186e-14 0)
(1.5 -5.67668e-14 0)
(1.5 -8.65354e-14 0)
(1.5 6.82581e-14 0)
(1.5 1.12703e-13 0)
(1.5 1.18619e-13 0)
(1.5 1.08734e-13 0)
(1.5 9.05875e-14 0)
(1.5 1.93295e-13 0)
(1.5 2.87697e-13 0)
(1.5 2.67561e-13 0)
(1.5 2.87682e-13 0)
(1.5 3.42601e-13 0)
(1.5 3.69151e-13 0)
(1.5 4.13244e-13 0)
(1.5 3.33788e-13 0)
(1.5 3.27839e-13 0)
(1.5 1.91446e-13 0)
(1.5 1.05649e-13 0)
(1.5 2.07775e-14 0)
(1.5 -7.52004e-14 0)
(1.5 -9.85112e-14 0)
(1.5 -1.43409e-13 0)
(1.5 -1.48453e-13 0)
(1.5 -1.54426e-13 0)
(1.5 -1.60672e-13 0)
(1.5 -2.08631e-13 0)
(1.5 -1.37766e-13 0)
(1.5 -5.85406e-14 0)
(1.5 -3.9979e-14 0)
(1.5 8.50669e-14 0)
(1.5 2.16014e-13 0)
(1.5 2.63827e-13 0)
(1.5 4.13229e-13 0)
(1.5 5.88268e-13 0)
(1.5 5.86306e-13 0)
(1.5 5.19459e-13 0)
(1.5 4.56382e-13 0)
(1.5 4.36006e-13 0)
(1.5 3.7357e-13 0)
(1.5 3.354e-13 0)
(1.5 1.76585e-13 0)
(1.5 8.05525e-14 0)
(1.5 1.22465e-13 0)
(1.5 3.06555e-14 0)
(1.5 5.85296e-14 0)
(1.5 5.50195e-14 0)
(1.5 -2.78565e-14 0)
(1.5 -1.04643e-13 0)
(1.5 -9.58281e-14 0)
(1.5 -1.08474e-13 0)
(1.5 -1.30529e-13 0)
(1.5 -1.11049e-13 0)
(1.5 -1.72436e-13 0)
(1.5 -2.53767e-13 0)
(1.5 -3.40634e-13 0)
(1.5 -3.54083e-13 0)
(1.5 -4.79585e-13 0)
(1.5 -4.7831e-13 0)
(1.5 -5.54834e-13 0)
(1.5 -6.05125e-13 0)
(1.5 -6.07292e-13 0)
(1.5 -5.04571e-13 0)
(1.5 -4.78742e-13 0)
(1.5 -5.39431e-13 0)
(1.5 -5.1136e-13 0)
(1.5 -5.73532e-13 0)
(1.5 -5.19999e-13 0)
(1.5 -3.21396e-13 0)
(1.5 -2.90446e-13 0)
(1.5 -2.40745e-13 0)
(1.5 -2.32828e-13 0)
(1.5 -1.39561e-13 0)
(1.5 -4.88945e-14 0)
(1.5 5.56659e-14 0)
(1.5 7.19729e-14 0)
(1.5 -2.2912e-14 0)
(1.5 -3.67496e-14 0)
(1.5 1.07158e-14 0)
(1.5 1.34964e-15 0)
(1.5 -7.18673e-14 0)
(1.5 -8.90525e-14 0)
(1.5 -1.05743e-13 0)
(1.5 -2.30135e-13 0)
(1.5 -1.81274e-13 0)
(1.5 -5.53207e-14 0)
(1.5 -9.39759e-14 0)
(1.5 -1.08937e-13 0)
(1.5 -4.77725e-14 0)
(1.5 -3.90167e-14 0)
(1.5 1.29096e-13 0)
(1.5 1.55021e-13 0)
(1.5 1.0755e-13 0)
(1.5 7.96108e-14 0)
(1.5 6.41809e-14 0)
(1.5 7.62179e-14 0)
(1.5 7.1107e-14 0)
(1.5 4.0275e-14 0)
(1.5 -9.51763e-14 0)
(1.5 -1.69486e-13 0)
(1.5 -1.26954e-13 0)
(1.5 -1.55411e-13 0)
(1.5 -1.45459e-13 0)
(1.5 -2.23273e-13 0)
(1.5 -2.34647e-13 0)
(1.5 -2.47402e-13 0)
(1.5 -2.64262e-13 0)
(1.5 -2.84652e-13 0)
(1.5 -3.39781e-13 0)
(1.5 -3.5962e-13 0)
(1.5 -3.11911e-13 0)
(1.5 -4.1819e-13 0)
(1.5 -4.09809e-13 0)
(1.5 -3.99864e-13 0)
(1.5 -4.33781e-13 0)
(1.5 -4.81637e-13 0)
(1.5 -4.46015e-13 0)
(1.5 -3.72087e-13 0)
(1.5 -3.71432e-13 0)
(1.5 -3.54686e-13 0)
(1.5 -2.60447e-13 0)
(1.5 -2.24856e-13 0)
(1.5 -2.23325e-13 0)
(1.5 -1.30282e-13 0)
(1.5 -3.59941e-14 0)
(1.5 -5.85994e-14 0)
(1.5 -7.05567e-14 0)
(1.5 -6.32012e-14 0)
(1.5 -5.50611e-14 0)
(1.5 -3.98487e-14 0)
(1.5 -1.3784e-14 0)
(1.5 1.24267e-14 0)
(1.5 1.92435e-14 0)
(1.5 -1.70721e-14 0)
(1.5 -6.28495e-14 0)
(1.5 -4.04009e-14 0)
(1.5 -3.72671e-14 0)
(1.5 -1.06764e-13 0)
(1.5 -8.79938e-14 0)
(1.5 -1.3453e-13 0)
(1.5 -6.07014e-14 0)
(1.5 -7.9822e-14 0)
(1.5 -1.22082e-13 0)
(1.5 -4.93843e-14 0)
(1.5 3.48728e-14 0)
(1.5 2.66562e-14 0)
(1.5 1.22791e-13 0)
(1.5 2.43849e-13 0)
(1.5 2.18462e-13 0)
(1.5 2.30293e-13 0)
(1.5 1.49993e-13 0)
(1.5 1.59777e-13 0)
(1.5 8.80708e-14 0)
(1.5 7.20373e-15 0)
(1.5 -4.23592e-14 0)
(1.5 -5.58824e-14 0)
(1.5 -8.92288e-14 0)
(1.5 -1.39017e-13 0)
(1.5 -1.13243e-13 0)
(1.5 -8.79938e-14 0)
(1.5 -1.0406e-13 0)
(1.5 -1.63546e-13 0)
(1.5 -2.19126e-13 0)
(1.5 -2.90788e-13 0)
(1.5 -4.07593e-13 0)
(1.5 -4.36913e-13 0)
(1.5 -4.3519e-13 0)
(1.5 -5.35754e-13 0)
(1.5 -5.69589e-13 0)
(1.5 -5.58001e-13 0)
(1.5 -4.40435e-13 0)
(1.5 -2.56047e-13 0)
(1.5 -2.8122e-13 0)
(1.5 -2.77377e-13 0)
(1.5 -2.23361e-13 0)
(1.5 -2.42692e-13 0)
(1.5 -1.22039e-13 0)
(1.5 -1.21997e-13 0)
(1.5 -9.50378e-14 0)
(1.5 -8.80514e-14 0)
(1.5 -1.12506e-13 0)
(1.5 -2.66221e-14 0)
(1.5 -8.005e-14 0)
(1.5 5.26656e-14 0)
(1.5 2.13323e-13 0)
(1.5 4.11353e-13 0)
(1.5 4.65125e-13 0)
(1.5 4.36745e-13 0)
(1.5 4.82186e-13 0)
(1.5 4.88133e-13 0)
(1.5 4.45226e-13 0)
(1.5 5.01003e-13 0)
(1.5 5.48276e-13 0)
(1.5 6.5556e-13 0)
(1.5 6.02129e-13 0)
(1.5 5.67659e-13 0)
(1.5 4.65548e-13 0)
(1.5 3.89729e-13 0)
(1.5 2.67098e-13 0)
(1.5 1.29045e-13 0)
(1.5 -5.25643e-15 0)
(1.5 4.82235e-15 0)
(1.5 -3.54618e-14 0)
(1.5 6.69095e-14 0)
(1.5 1.17188e-13 0)
(1.5 6.67394e-14 0)
(1.5 6.62666e-14 0)
(1.5 1.76817e-14 0)
(1.5 9.69374e-14 0)
(1.5 6.67143e-14 0)
(1.5 4.2967e-14 0)
(1.5 1.3244e-13 0)
(1.5 2.39759e-13 0)
(1.5 2.40229e-13 0)
(1.5 2.27956e-13 0)
(1.5 1.93815e-13 0)
(1.5 2.83447e-13 0)
(1.5 2.38913e-13 0)
(1.5 9.87366e-14 0)
(1.5 2.1451e-15 0)
(1.5 -7.7362e-14 0)
(1.5 -6.75206e-14 0)
(1.5 -6.49815e-14 0)
(1.5 -1.77892e-14 0)
(1.5 -5.0937e-14 0)
(1.5 -7.84347e-14 0)
(1.5 -5.77298e-14 0)
(1.5 -4.94888e-16 0)
(1.5 2.03531e-15 0)
(1.5 7.95007e-14 0)
(1.5 1.34186e-13 0)
(1.5 2.2025e-13 0)
(1.5 2.26842e-13 0)
(1.5 2.65965e-13 0)
(1.5 3.7134e-13 0)
(1.5 4.36846e-13 0)
(1.5 3.37073e-13 0)
(1.5 2.96075e-13 0)
(1.5 3.28089e-13 0)
(1.5 2.87109e-13 0)
(1.5 2.48613e-13 0)
(1.5 2.62279e-13 0)
(1.5 1.46982e-13 0)
(1.5 7.5387e-14 0)
(1.5 -1.48051e-14 0)
(1.5 1.85914e-15 0)
(1.5 -1.68172e-14 0)
(1.5 6.31717e-14 0)
(1.5 8.21362e-14 0)
(1.5 1.35497e-13 0)
(1.5 1.652e-14 0)
(1.5 -9.9049e-14 0)
(1.5 -1.66283e-13 0)
(1.5 -2.95091e-13 0)
(1.5 -4.25768e-13 0)
(1.5 -4.68264e-13 0)
(1.5 -4.27341e-13 0)
(1.5 -4.6601e-13 0)
(1.5 -5.37301e-13 0)
(1.5 -6.85414e-13 0)
(1.5 -7.12896e-13 0)
(1.5 -6.3161e-13 0)
(1.5 -5.56591e-13 0)
(1.5 -5.88453e-13 0)
(1.5 -5.73726e-13 0)
(1.5 -5.54652e-13 0)
(1.5 -5.94148e-13 0)
(1.5 -5.56607e-13 0)
(1.5 -4.72012e-13 0)
(1.5 -5.48954e-13 0)
(1.5 -5.10283e-13 0)
(1.5 -3.95384e-13 0)
(1.5 -2.08309e-13 0)
(1.5 -7.79112e-14 0)
(1.5 -4.95225e-15 0)
(1.5 7.13995e-14 0)
(1.5 5.39694e-14 0)
(1.5 1.51663e-13 0)
(1.5 2.17693e-13 0)
(1.5 8.62002e-14 0)
(1.5 -1.07247e-13 0)
(1.5 -1.63702e-13 0)
(1.5 -9.36887e-14 0)
(1.5 -9.17576e-14 0)
(1.5 -1.1694e-13 0)
(1.5 -5.04303e-14 0)
(1.5 -1.08825e-13 0)
(1.5 -1.06281e-13 0)
(1.5 7.50388e-14 0)
(1.5 1.16862e-13 0)
(1.5 2.49435e-13 0)
(1.5 3.40684e-13 0)
(1.5 3.26049e-13 0)
(1.5 2.99715e-13 0)
(1.5 1.99478e-13 0)
(1.5 1.41355e-13 0)
(1.5 1.27631e-13 0)
(1.5 9.51366e-14 0)
(1.5 2.46653e-14 0)
(1.5 -1.22823e-13 0)
(1.5 -1.78975e-13 0)
(1.5 -2.50814e-13 0)
(1.5 -2.12755e-13 0)
(1.5 -3.12875e-13 0)
(1.5 -3.58158e-13 0)
(1.5 -3.58942e-13 0)
(1.5 -3.74673e-13 0)
(1.5 -3.19028e-13 0)
(1.5 -2.85252e-13 0)
(1.5 -3.13192e-13 0)
(1.5 -3.65967e-13 0)
(1.5 -4.31842e-13 0)
(1.5 -4.32988e-13 0)
(1.5 -4.36131e-13 0)
(1.5 -4.76952e-13 0)
(1.5 -4.40876e-13 0)
(1.5 -3.38306e-13 0)
(1.5 -3.33091e-13 0)
(1.5 -2.72211e-13 0)
(1.5 -2.14281e-13 0)
(1.5 -1.47802e-13 0)
(1.5 -1.34645e-13 0)
(1.5 -1.02136e-13 0)
(1.5 -4.49658e-14 0)
(1.5 -1.77305e-14 0)
(1.5 -7.01711e-14 0)
(1.5 -8.46893e-14 0)
(1.5 -8.87e-14 0)
(1.5 -3.95967e-14 0)
(1.5 2.44808e-14 0)
(1.5 5.38452e-14 0)
(1.5 3.99011e-14 0)
(1.5 2.81288e-14 0)
(1.5 1.25686e-14 0)
(1.5 -5.06226e-14 0)
(1.5 -2.14072e-14 0)
(1.5 -4.84397e-15 0)
(1.5 -3.56873e-14 0)
(1.5 -7.45451e-14 0)
(1.5 -1.32914e-13 0)
(1.5 -1.35359e-13 0)
(1.5 -1.43567e-13 0)
(1.5 -1.31999e-13 0)
(1.5 -1.22745e-13 0)
(1.5 -6.65307e-15 0)
(1.5 -3.44509e-15 0)
(1.5 4.21994e-14 0)
(1.5 1.50134e-13 0)
(1.5 1.62381e-13 0)
(1.5 1.78819e-13 0)
(1.5 7.48263e-14 0)
(1.5 9.55936e-14 0)
(1.5 7.22124e-14 0)
(1.5 -1.15756e-14 0)
(1.5 -8.18136e-14 0)
(1.5 -7.54711e-14 0)
(1.5 -3.85922e-14 0)
(1.5 -2.05571e-15 0)
(1.5 2.47822e-14 0)
(1.5 4.81798e-15 0)
(1.5 -3.9488e-14 0)
(1.5 -1.00098e-13 0)
(1.5 -2.195e-13 0)
(1.5 -3.71255e-13 0)
(1.5 -4.56213e-13 0)
(1.5 -4.21601e-13 0)
(1.5 -4.19104e-13 0)
(1.5 -4.64125e-13 0)
(1.5 -5.06076e-13 0)
(1.5 -5.01452e-13 0)
(1.5 -3.89763e-13 0)
(1.5 -2.99676e-13 0)
(1.5 -3.42465e-13 0)
(1.5 -3.36143e-13 0)
(1.5 -3.43901e-13 0)
(1.5 -3.36521e-13 0)
(1.5 -2.19632e-13 0)
(1.5 -2.21649e-13 0)
(1.5 -1.64261e-13 0)
(1.5 -1.51664e-13 0)
(1.5 -1.00102e-13 0)
(1.5 3.27791e-15 0)
(1.5 -9.23273e-14 0)
(1.5 -1.39567e-13 0)
(1.5 -3.42594e-14 0)
(1.5 9.98676e-14 0)
(1.5 2.26358e-13 0)
(1.5 3.09841e-13 0)
(1.5 4.17408e-13 0)
(1.5 3.76256e-13 0)
(1.5 3.74414e-13 0)
(1.5 5.02662e-13 0)
(1.5 5.55335e-13 0)
(1.5 6.83176e-13 0)
(1.5 5.51962e-13 0)
(1.5 4.71574e-13 0)
(1.5 3.7008e-13 0)
(1.5 2.59003e-13 0)
(1.5 1.56668e-13 0)
(1.5 2.03184e-14 0)
(1.5 -7.00891e-14 0)
(1.5 1.89228e-14 0)
(1.5 5.4185e-14 0)
(1.5 7.3302e-14 0)
(1.5 8.90493e-14 0)
(1.5 8.72033e-14 0)
(1.5 3.12959e-15 0)
(1.5 -1.95612e-14 0)
(1.5 -2.60346e-14 0)
(1.5 -1.01957e-13 0)
(1.5 -1.27295e-13 0)
(1.5 -8.74442e-14 0)
(1.5 -1.88863e-14 0)
(1.5 -2.96415e-14 0)
(1.5 -7.10315e-14 0)
(1.5 3.54448e-14 0)
(1.5 1.68559e-13 0)
(1.5 2.07649e-13 0)
(1.5 1.29765e-13 0)
(1.5 -1.2366e-14 0)
(1.5 -1.5234e-13 0)
(1.5 -1.21041e-13 0)
(1.5 -3.38026e-14 0)
(1.5 2.78405e-14 0)
(1.5 7.06402e-14 0)
(1.5 5.61932e-14 0)
(1.5 8.43914e-14 0)
(1.5 9.03512e-14 0)
(1.5 9.39113e-14 0)
(1.5 1.68621e-13 0)
(1.5 1.22158e-13 0)
(1.5 1.19672e-13 0)
(1.5 1.36693e-13 0)
(1.5 1.78603e-13 0)
(1.5 1.80435e-13 0)
(1.5 2.71323e-13 0)
(1.5 2.40209e-13 0)
(1.5 1.62143e-13 0)
(1.5 1.52873e-13 0)
(1.5 2.47769e-13 0)
(1.5 2.30825e-13 0)
(1.5 3.47735e-13 0)
(1.5 3.31326e-13 0)
(1.5 2.05468e-13 0)
(1.5 1.14133e-13 0)
(1.5 4.38986e-14 0)
(1.5 6.49174e-14 0)
(1.5 1.91735e-13 0)
(1.5 3.1236e-13 0)
(1.5 3.56933e-13 0)
(1.5 1.65317e-13 0)
(1.5 -7.84647e-14 0)
(1.5 -2.62958e-13 0)
(1.5 -3.83247e-13 0)
(1.5 -3.98626e-13 0)
(1.5 -3.58911e-13 0)
(1.5 -3.14956e-13 0)
(1.5 -3.10736e-13 0)
(1.5 -3.63366e-13 0)
(1.5 -5.7475e-13 0)
(1.5 -5.77124e-13 0)
(1.5 -4.97152e-13 0)
(1.5 -4.761e-13 0)
(1.5 -4.9757e-13 0)
(1.5 -5.01975e-13 0)
(1.5 -5.21367e-13 0)
(1.5 -4.70402e-13 0)
(1.5 -4.01622e-13 0)
(1.5 -4.29858e-13 0)
(1.5 -5.96668e-13 0)
(1.5 -5.14338e-13 0)
(1.5 -3.49038e-13 0)
(1.5 -1.40315e-13 0)
(1.5 9.62591e-15 0)
(1.5 7.21021e-14 0)
(1.5 1.70089e-13 0)
(1.5 2.90191e-13 0)
(1.5 3.79164e-13 0)
(1.5 3.90849e-13 0)
(1.5 2.68478e-13 0)
(1.5 7.07316e-14 0)
(1.5 -6.82921e-14 0)
(1.5 -8.13323e-14 0)
(1.5 -9.89717e-14 0)
(1.5 -2.0466e-13 0)
(1.5 -2.47416e-13 0)
(1.5 -2.51278e-13 0)
(1.5 -1.776e-13 0)
(1.5 6.58878e-14 0)
(1.5 2.04506e-13 0)
(1.5 2.47535e-13 0)
(1.5 2.75134e-13 0)
(1.5 3.21083e-13 0)
(1.5 3.42704e-13 0)
(1.5 3.1257e-13 0)
(1.5 2.46472e-13 0)
(1.5 2.05859e-13 0)
(1.5 1.6219e-13 0)
(1.5 1.03166e-13 0)
(1.5 -8.38618e-15 0)
(1.5 -1.52221e-13 0)
(1.5 -2.05918e-13 0)
(1.5 -2.58394e-13 0)
(1.5 -2.89735e-13 0)
(1.5 -4.32907e-13 0)
(1.5 -4.54357e-13 0)
(1.5 -3.61271e-13 0)
(1.5 -2.95398e-13 0)
(1.5 -2.1381e-13 0)
(1.5 -2.81916e-13 0)
(1.5 -3.46144e-13 0)
(1.5 -3.19336e-13 0)
(1.5 -3.9583e-13 0)
(1.5 -4.12447e-13 0)
(1.5 -3.97664e-13 0)
(1.5 -3.45308e-13 0)
(1.5 -2.64665e-13 0)
(1.5 -2.35886e-13 0)
(1.5 -1.49041e-13 0)
(1.5 -7.42178e-14 0)
(1.5 -2.91443e-14 0)
(1.5 -3.49385e-14 0)
(1.5 -5.11941e-15 0)
(1.5 3.76872e-15 0)
(1.5 8.82951e-16 0)
(1.5 -6.88418e-14 0)
(1.5 -1.35559e-13 0)
(1.5 -1.20814e-13 0)
(1.5 -3.30268e-14 0)
(1.5 5.80615e-14 0)
(1.5 1.07599e-13 0)
(1.5 7.85422e-14 0)
(1.5 4.5754e-15 0)
(1.5 2.20046e-14 0)
(1.5 1.35078e-14 0)
(1.5 5.24642e-14 0)
(1.5 4.42738e-14 0)
(1.5 5.54036e-15 0)
(1.5 -6.21471e-14 0)
(1.5 -2.50221e-14 0)
(1.5 -1.01584e-13 0)
(1.5 -1.06489e-13 0)
(1.5 -7.40765e-14 0)
(1.5 -6.49171e-14 0)
(1.5 6.88918e-14 0)
(1.5 8.03905e-14 0)
(1.5 1.22214e-13 0)
(1.5 1.59974e-13 0)
(1.5 1.45235e-13 0)
(1.5 1.22161e-13 0)
(1.5 5.09147e-14 0)
(1.5 -1.97915e-14 0)
(1.5 2.47961e-14 0)
(1.5 2.31334e-14 0)
(1.5 -1.28136e-13 0)
(1.5 -5.30598e-14 0)
(1.5 7.10715e-14 0)
(1.5 1.70955e-13 0)
(1.5 1.84979e-13 0)
(1.5 1.18808e-13 0)
(1.5 6.05797e-14 0)
(1.5 -2.92572e-14 0)
(1.5 -2.01156e-13 0)
(1.5 -3.10507e-13 0)
(1.5 -4.64202e-13 0)
(1.5 -4.85948e-13 0)
(1.5 -4.48503e-13 0)
(1.5 -3.75185e-13 0)
(1.5 -4.08476e-13 0)
(1.5 -4.23209e-13 0)
(1.5 -4.1367e-13 0)
(1.5 -4.75477e-13 0)
(1.5 -5.57052e-13 0)
(1.5 -5.1325e-13 0)
(1.5 -4.89842e-13 0)
(1.5 -4.01362e-13 0)
(1.5 -3.03273e-13 0)
(1.5 -2.81675e-13 0)
(1.5 -2.41856e-13 0)
(1.5 -2.30442e-13 0)
(1.5 -7.83314e-14 0)
(1.5 1.7219e-14 0)
(1.5 -2.91981e-14 0)
(1.5 -9.7466e-14 0)
(1.5 -9.74984e-14 0)
(1.5 1.01905e-14 0)
(1.5 2.184e-13 0)
(1.5 4.35405e-13 0)
(1.5 5.3843e-13 0)
(1.5 4.12328e-13 0)
(1.5 3.56953e-13 0)
(1.5 4.48067e-13 0)
(1.5 5.7057e-13 0)
(1.5 5.89812e-13 0)
(1.5 4.4747e-13 0)
(1.5 4.08618e-13 0)
(1.5 3.78525e-13 0)
(1.5 2.4668e-13 0)
(1.5 1.35001e-13 0)
(1.5 7.00744e-15 0)
(1.5 1.22877e-14 0)
(1.5 4.45481e-14 0)
(1.5 1.26337e-13 0)
(1.5 7.8165e-14 0)
(1.5 9.38275e-14 0)
(1.5 1.76951e-13 0)
(1.5 1.51219e-13 0)
(1.5 1.89712e-13 0)
(1.5 1.41138e-13 0)
(1.5 1.07091e-15 0)
(1.5 -1.26202e-13 0)
(1.5 -1.64273e-13 0)
(1.5 -1.4503e-13 0)
(1.5 -1.7685e-13 0)
(1.5 -1.05537e-13 0)
(1.5 6.76117e-14 0)
(1.5 1.27726e-13 0)
(1.5 1.51694e-13 0)
(1.5 1.5406e-13 0)
(1.5 2.80562e-14 0)
(1.5 -1.08464e-13 0)
(1.5 -1.51328e-13 0)
(1.5 -1.12582e-13 0)
(1.5 -7.61736e-14 0)
(1.5 1.49185e-14 0)
(1.5 2.82745e-14 0)
(1.5 6.54272e-14 0)
(1.5 4.12969e-14 0)
(1.5 4.15833e-14 0)
(1.5 1.15009e-13 0)
(1.5 7.78024e-14 0)
(1.5 6.21643e-14 0)
(1.5 5.87165e-14 0)
(1.5 6.14205e-14 0)
(1.5 -2.79531e-14 0)
(1.5 -4.17208e-14 0)
(1.5 5.70872e-14 0)
(1.5 3.33265e-14 0)
(1.5 7.04743e-14 0)
(1.5 1.72729e-13 0)
(1.5 1.49599e-13 0)
(1.5 2.88826e-13 0)
(1.5 3.21598e-13 0)
(1.5 2.49535e-13 0)
(1.5 1.35734e-13 0)
(1.5 7.46939e-14 0)
(1.5 1.22938e-13 0)
(1.5 1.72236e-13 0)
(1.5 2.04498e-13 0)
(1.5 1.98009e-13 0)
(1.5 1.06074e-13 0)
(1.5 -1.97044e-14 0)
(1.5 -1.49482e-13 0)
(1.5 -2.55613e-13 0)
(1.5 -2.73434e-13 0)
(1.5 -3.05874e-13 0)
(1.5 -3.07346e-13 0)
(1.5 -2.57723e-13 0)
(1.5 -1.86704e-13 0)
(1.5 -3.22763e-13 0)
(1.5 -3.87265e-13 0)
(1.5 -3.87324e-13 0)
(1.5 -4.61504e-13 0)
(1.5 -4.51318e-13 0)
(1.5 -4.40053e-13 0)
(1.5 -4.65604e-13 0)
(1.5 -3.54912e-13 0)
(1.5 -2.987e-13 0)
(1.5 -3.44133e-13 0)
(1.5 -4.49082e-13 0)
(1.5 -3.85624e-13 0)
(1.5 -2.46217e-13 0)
(1.5 -1.1185e-13 0)
(1.5 1.37276e-13 0)
(1.5 2.49057e-13 0)
(1.5 3.38846e-13 0)
(1.5 4.43049e-13 0)
(1.5 5.04869e-13 0)
(1.5 4.32798e-13 0)
(1.5 3.28271e-13 0)
(1.5 1.87299e-13 0)
(1.5 5.35389e-14 0)
(1.5 -4.89621e-14 0)
(1.5 -5.4291e-14 0)
(1.5 -1.56717e-13 0)
(1.5 -2.55222e-13 0)
(1.5 -2.79676e-13 0)
(1.5 -2.13993e-13 0)
(1.5 -5.33298e-14 0)
(1.5 9.40446e-14 0)
(1.5 1.68093e-13 0)
(1.5 1.95606e-13 0)
(1.5 2.00211e-13 0)
(1.5 2.1539e-13 0)
(1.5 2.61077e-13 0)
(1.5 1.81656e-13 0)
(1.5 1.32311e-13 0)
(1.5 9.38694e-14 0)
(1.5 2.55037e-14 0)
(1.5 -1.56943e-14 0)
(1.5 -8.78805e-14 0)
(1.5 -1.60277e-13 0)
(1.5 -2.28159e-13 0)
(1.5 -2.79849e-13 0)
(1.5 -4.20702e-13 0)
(1.5 -4.59919e-13 0)
(1.5 -3.95087e-13 0)
(1.5 -3.51893e-13 0)
(1.5 -2.57729e-13 0)
(1.5 -2.56445e-13 0)
(1.5 -3.41282e-13 0)
(1.5 -3.16651e-13 0)
(1.5 -3.61881e-13 0)
(1.5 -3.19853e-13 0)
(1.5 -3.17681e-13 0)
(1.5 -3.1971e-13 0)
(1.5 -3.07423e-13 0)
(1.5 -2.25689e-13 0)
(1.5 -1.66545e-13 0)
(1.5 -8.45403e-14 0)
(1.5 1.93045e-14 0)
(1.5 2.03547e-14 0)
(1.5 1.97362e-14 0)
(1.5 1.967e-14 0)
(1.5 1.87827e-14 0)
(1.5 -3.76016e-14 0)
(1.5 -8.56358e-14 0)
(1.5 -4.8684e-14 0)
(1.5 -3.22553e-14 0)
(1.5 6.21385e-14 0)
(1.5 1.13163e-13 0)
(1.5 1.40199e-13 0)
(1.5 7.13143e-14 0)
(1.5 6.8115e-14 0)
(1.5 6.61027e-14 0)
(1.5 9.35916e-14 0)
(1.5 8.57665e-14 0)
(1.5 6.62561e-14 0)
(1.5 3.67815e-14 0)
(1.5 -2.94567e-14 0)
(1.5 -6.37002e-14 0)
(1.5 -8.64645e-15 0)
(1.5 -7.94119e-15 0)
(1.5 9.73425e-15 0)
(1.5 1.14727e-13 0)
(1.5 2.0009e-13 0)
(1.5 2.54567e-13 0)
(1.5 2.92076e-13 0)
(1.5 2.74373e-13 0)
(1.5 1.82368e-13 0)
(1.5 1.29994e-13 0)
(1.5 7.51935e-14 0)
(1.5 1.94965e-14 0)
(1.5 -2.03857e-14 0)
(1.5 -1.43185e-13 0)
(1.5 -1.16452e-13 0)
(1.5 -5.73108e-14 0)
(1.5 -1.31376e-15 0)
(1.5 3.70244e-14 0)
(1.5 5.4488e-14 0)
(1.5 -4.47447e-14 0)
(1.5 -1.6599e-13 0)
(1.5 -3.45373e-13 0)
(1.5 -4.40886e-13 0)
(1.5 -5.17717e-13 0)
(1.5 -5.73044e-13 0)
(1.5 -5.13975e-13 0)
(1.5 -4.17118e-13 0)
(1.5 -4.031e-13 0)
(1.5 -3.41955e-13 0)
(1.5 -4.29343e-13 0)
(1.5 -5.84557e-13 0)
(1.5 -6.40994e-13 0)
(1.5 -5.88183e-13 0)
(1.5 -4.9974e-13 0)
(1.5 -4.11835e-13 0)
(1.5 -3.5118e-13 0)
(1.5 -2.71847e-13 0)
(1.5 -1.65232e-13 0)
(1.5 -7.38909e-14 0)
(1.5 7.539e-14 0)
(1.5 1.66226e-13 0)
(1.5 2.1218e-13 0)
(1.5 2.40745e-13 0)
(1.5 1.95223e-13 0)
(1.5 2.80949e-13 0)
(1.5 4.0806e-13 0)
(1.5 4.93449e-13 0)
(1.5 4.84434e-13 0)
(1.5 4.11079e-13 0)
(1.5 3.97675e-13 0)
(1.5 4.58037e-13 0)
(1.5 5.65975e-13 0)
(1.5 5.69709e-13 0)
(1.5 4.83799e-13 0)
(1.5 4.29953e-13 0)
(1.5 3.63386e-13 0)
(1.5 2.38093e-13 0)
(1.5 1.60395e-13 0)
(1.5 4.86095e-14 0)
(1.5 9.05419e-14 0)
(1.5 6.94112e-14 0)
(1.5 1.16344e-13 0)
(1.5 7.57253e-14 0)
(1.5 9.56063e-14 0)
(1.5 2.22172e-13 0)
(1.5 3.90099e-13 0)
(1.5 4.10156e-13 0)
(1.5 3.67796e-13 0)
(1.5 2.77847e-13 0)
(1.5 9.44317e-14 0)
(1.5 -7.16634e-14 0)
(1.5 -1.66844e-13 0)
(1.5 -1.49806e-13 0)
(1.5 -6.16676e-14 0)
(1.5 6.72681e-14 0)
(1.5 1.92276e-14 0)
(1.5 2.09759e-14 0)
(1.5 4.88208e-14 0)
(1.5 4.66335e-14 0)
(1.5 -4.41251e-14 0)
(1.5 -1.83354e-13 0)
(1.5 -2.47517e-13 0)
(1.5 -2.03423e-13 0)
(1.5 -1.12908e-13 0)
(1.5 -1.31019e-13 0)
(1.5 -1.05686e-13 0)
(1.5 -1.4997e-13 0)
(1.5 -8.22566e-14 0)
(1.5 -1.146e-14 0)
(1.5 -4.81313e-15 0)
(1.5 -1.58494e-14 0)
(1.5 -9.98803e-14 0)
(1.5 -1.73002e-13 0)
(1.5 -2.37066e-13 0)
(1.5 -3.25997e-13 0)
(1.5 -2.00959e-13 0)
(1.5 -1.05013e-13 0)
(1.5 -6.1347e-14 0)
(1.5 -3.55545e-14 0)
(1.5 -4.2347e-14 0)
(1.5 2.90467e-15 0)
(1.5 -1.91952e-14 0)
(1.5 -3.29434e-15 0)
(1.5 -9.70967e-15 0)
(1.5 5.40905e-14 0)
(1.5 1.20384e-13 0)
(1.5 1.475e-13 0)
(1.5 4.82024e-14 0)
(1.5 -9.6036e-14 0)
(1.5 -1.34047e-13 0)
(1.5 -1.36314e-13 0)
(1.5 -1.70223e-13 0)
(1.5 -2.0386e-13 0)
(1.5 -3.00533e-13 0)
(1.5 -3.69843e-13 0)
(1.5 -4.11167e-13 0)
(1.5 -4.16558e-13 0)
(1.5 -3.57689e-13 0)
(1.5 -3.55964e-13 0)
(1.5 -4.18338e-13 0)
(1.5 -4.59821e-13 0)
(1.5 -5.21623e-13 0)
(1.5 -5.56994e-13 0)
(1.5 -5.25131e-13 0)
(1.5 -5.63536e-13 0)
(1.5 -5.22051e-13 0)
(1.5 -4.78617e-13 0)
(1.5 -4.35387e-13 0)
(1.5 -3.89998e-13 0)
(1.5 -3.70071e-13 0)
(1.5 -2.15808e-13 0)
(1.5 -4.51693e-14 0)
(1.5 1.91382e-13 0)
(1.5 3.01223e-13 0)
(1.5 3.54604e-13 0)
(1.5 3.29611e-13 0)
(1.5 2.74831e-13 0)
(1.5 2.13119e-13 0)
(1.5 7.72742e-14 0)
(1.5 1.40868e-14 0)
(1.5 -4.92924e-14 0)
(1.5 4.24302e-14 0)
(1.5 6.11579e-14 0)
(1.5 5.20107e-14 0)
(1.5 -9.50852e-14 0)
(1.5 -1.40993e-13 0)
(1.5 -9.62847e-14 0)
(1.5 -3.95475e-14 0)
(1.5 4.12547e-14 0)
(1.5 2.16042e-13 0)
(1.5 3.30049e-13 0)
(1.5 2.57753e-13 0)
(1.5 1.63231e-13 0)
(1.5 1.56551e-13 0)
(1.5 9.72128e-14 0)
(1.5 7.96482e-14 0)
(1.5 4.21513e-14 0)
(1.5 2.13736e-14 0)
(1.5 3.32099e-14 0)
(1.5 -1.10909e-14 0)
(1.5 -1.15196e-13 0)
(1.5 -2.17757e-13 0)
(1.5 -3.02785e-13 0)
(1.5 -3.61248e-13 0)
(1.5 -4.25109e-13 0)
(1.5 -4.36073e-13 0)
(1.5 -4.21353e-13 0)
(1.5 -3.75982e-13 0)
(1.5 -2.69554e-13 0)
(1.5 -3.73131e-13 0)
(1.5 -4.08803e-13 0)
(1.5 -3.43849e-13 0)
(1.5 -2.17501e-13 0)
(1.5 -2.14991e-13 0)
(1.5 -2.7733e-13 0)
(1.5 -3.04637e-13 0)
(1.5 -2.94048e-13 0)
(1.5 -2.02491e-13 0)
(1.5 -1.67415e-13 0)
(1.5 -5.45984e-14 0)
(1.5 -2.02553e-14 0)
(1.5 -2.22317e-14 0)
(1.5 -2.74652e-15 0)
(1.5 -4.24723e-14 0)
(1.5 -5.33414e-14 0)
(1.5 -4.0679e-14 0)
(1.5 3.48766e-14 0)
(1.5 -1.01739e-14 0)
(1.5 3.02727e-14 0)
(1.5 1.04838e-13 0)
(1.5 1.18181e-13 0)
(1.5 4.14482e-14 0)
(1.5 5.80261e-14 0)
(1.5 3.4783e-14 0)
(1.5 -3.20905e-14 0)
(1.5 1.9149e-14 0)
(1.5 1.58713e-14 0)
(1.5 2.14813e-14 0)
(1.5 -1.29696e-13 0)
(1.5 -3.80436e-14 0)
(1.5 5.71092e-14 0)
(1.5 3.64491e-14 0)
(1.5 8.94421e-14 0)
(1.5 1.04586e-13 0)
(1.5 2.58944e-13 0)
(1.5 3.13145e-13 0)
(1.5 3.14545e-13 0)
(1.5 3.36186e-13 0)
(1.5 2.67879e-13 0)
(1.5 2.04055e-13 0)
(1.5 1.80306e-13 0)
(1.5 4.23454e-14 0)
(1.5 -1.12155e-13 0)
(1.5 -6.24789e-14 0)
(1.5 -1.11816e-13 0)
(1.5 -1.33146e-13 0)
(1.5 -1.45214e-13 0)
(1.5 -1.72025e-13 0)
(1.5 -1.28453e-13 0)
(1.5 -2.81374e-13 0)
(1.5 -3.84946e-13 0)
(1.5 -5.00739e-13 0)
(1.5 -5.86562e-13 0)
(1.5 -5.32373e-13 0)
(1.5 -5.42635e-13 0)
(1.5 -4.75889e-13 0)
(1.5 -4.25157e-13 0)
(1.5 -3.84192e-13 0)
(1.5 -3.66061e-13 0)
(1.5 -4.85005e-13 0)
(1.5 -6.07361e-13 0)
(1.5 -5.73308e-13 0)
(1.5 -5.1403e-13 0)
(1.5 -4.39069e-13 0)
(1.5 -3.79713e-13 0)
(1.5 -3.39966e-13 0)
(1.5 -1.98085e-13 0)
(1.5 -6.43918e-15 0)
(1.5 1.95751e-13 0)
(1.5 2.85419e-13 0)
(1.5 3.39059e-13 0)
(1.5 4.82515e-13 0)
(1.5 5.16026e-13 0)
(1.5 5.54342e-13 0)
(1.5 5.32203e-13 0)
(1.5 4.99855e-13 0)
(1.5 4.38495e-13 0)
(1.5 3.51078e-13 0)
(1.5 3.89772e-13 0)
(1.5 4.79578e-13 0)
(1.5 5.1399e-13 0)
(1.5 4.52316e-13 0)
(1.5 4.55178e-13 0)
(1.5 5.02888e-13 0)
(1.5 4.60506e-13 0)
(1.5 3.09923e-13 0)
(1.5 2.05142e-13 0)
(1.5 2.30137e-13 0)
(1.5 2.28869e-13 0)
(1.5 2.09448e-13 0)
(1.5 1.43137e-13 0)
(1.5 1.22018e-13 0)
(1.5 1.2486e-13 0)
(1.5 2.10401e-13 0)
(1.5 2.786e-13 0)
(1.5 3.84262e-13 0)
(1.5 3.30815e-13 0)
(1.5 3.0947e-13 0)
(1.5 3.36114e-13 0)
(1.5 1.98562e-13 0)
(1.5 6.02759e-15 0)
(1.5 -1.45489e-13 0)
(1.5 -1.71148e-13 0)
(1.5 -2.13115e-13 0)
(1.5 -1.64429e-13 0)
(1.5 -1.83265e-13 0)
(1.5 -2.10226e-13 0)
(1.5 -1.2352e-13 0)
(1.5 -1.06397e-13 0)
(1.5 -1.24483e-13 0)
(1.5 -2.24176e-13 0)
(1.5 -2.50655e-13 0)
(1.5 -2.50723e-13 0)
(1.5 -2.75687e-13 0)
(1.5 -3.11507e-13 0)
(1.5 -2.90407e-13 0)
(1.5 -2.21504e-13 0)
(1.5 -1.2731e-13 0)
(1.5 -8.08659e-14 0)
(1.5 -4.2919e-14 0)
(1.5 -9.08397e-14 0)
(1.5 -2.1616e-13 0)
(1.5 -2.78015e-13 0)
(1.5 -3.29132e-13 0)
(1.5 -3.77124e-13 0)
(1.5 -3.00663e-13 0)
(1.5 -2.44425e-13 0)
(1.5 -1.98279e-13 0)
(1.5 -2.41097e-13 0)
(1.5 -2.4695e-13 0)
(1.5 -2.22743e-13 0)
(1.5 -1.64957e-13 0)
(1.5 -9.89102e-14 0)
(1.5 1.99849e-14 0)
(1.5 1.06071e-13 0)
(1.5 1.16575e-13 0)
(1.5 1.16894e-13 0)
(1.5 1.92232e-14 0)
(1.5 -1.7691e-13 0)
(1.5 -2.98613e-13 0)
(1.5 -3.33642e-13 0)
(1.5 -3.09097e-13 0)
(1.5 -2.96006e-13 0)
(1.5 -3.50282e-13 0)
(1.5 -3.93708e-13 0)
(1.5 -4.71594e-13 0)
(1.5 -5.11566e-13 0)
(1.5 -5.4182e-13 0)
(1.5 -5.47874e-13 0)
(1.5 -5.75694e-13 0)
(1.5 -5.4265e-13 0)
(1.5 -5.21845e-13 0)
(1.5 -6.19637e-13 0)
(1.5 -6.32658e-13 0)
(1.5 -5.71674e-13 0)
(1.5 -5.65861e-13 0)
(1.5 -5.33961e-13 0)
(1.5 -4.43984e-13 0)
(1.5 -3.63913e-13 0)
(1.5 -3.18677e-13 0)
(1.5 -1.69691e-13 0)
(1.5 3.0688e-14 0)
(1.5 1.69769e-13 0)
(1.5 2.67375e-13 0)
(1.5 3.04417e-13 0)
(1.5 2.52064e-13 0)
(1.5 1.2114e-13 0)
(1.5 5.39308e-14 0)
(1.5 -2.68395e-14 0)
(1.5 -8.2418e-14 0)
(1.5 -1.22454e-13 0)
(1.5 2.93984e-14 0)
(1.5 2.13929e-14 0)
(1.5 1.01273e-13 0)
(1.5 -3.57081e-14 0)
(1.5 -8.17603e-14 0)
(1.5 3.51774e-14 0)
(1.5 1.06867e-13 0)
(1.5 1.27716e-13 0)
(1.5 3.31708e-13 0)
(1.5 4.79153e-13 0)
(1.5 4.10141e-13 0)
(1.5 2.58729e-13 0)
(1.5 1.62702e-13 0)
(1.5 1.60141e-13 0)
(1.5 1.87472e-13 0)
(1.5 1.61455e-13 0)
(1.5 9.72153e-14 0)
(1.5 1.05391e-13 0)
(1.5 6.63118e-14 0)
(1.5 1.27077e-14 0)
(1.5 -1.37118e-13 0)
(1.5 -2.79835e-13 0)
(1.5 -2.92464e-13 0)
(1.5 -3.08758e-13 0)
(1.5 -3.63406e-13 0)
(1.5 -3.49016e-13 0)
(1.5 -3.72549e-13 0)
(1.5 -2.38862e-13 0)
(1.5 -2.40846e-13 0)
(1.5 -2.93305e-13 0)
(1.5 -1.8262e-13 0)
(1.5 -9.28148e-14 0)
(1.5 -8.67994e-14 0)
(1.5 -1.25114e-13 0)
(1.5 -1.66234e-13 0)
(1.5 -1.79494e-13 0)
(1.5 -1.25084e-13 0)
(1.5 -1.56642e-13 0)
(1.5 -9.26791e-14 0)
(1.5 -6.38934e-14 0)
(1.5 -1.751e-14 0)
(1.5 4.65869e-14 0)
(1.5 -2.98983e-14 0)
(1.5 6.50837e-15 0)
(1.5 4.82265e-14 0)
(1.5 5.95943e-14 0)
(1.5 5.50611e-14 0)
(1.5 5.45705e-14 0)
(1.5 1.13963e-13 0)
(1.5 1.02353e-13 0)
(1.5 6.21248e-15 0)
(1.5 -4.7825e-15 0)
(1.5 -5.7838e-14 0)
(1.5 -1.49676e-13 0)
(1.5 -2.35822e-14 0)
(1.5 -4.47999e-14 0)
(1.5 -9.57916e-15 0)
(1.5 7.00441e-15 0)
(1.5 1.25032e-13 0)
(1.5 1.82979e-13 0)
(1.5 1.88324e-13 0)
(1.5 2.4649e-13 0)
(1.5 1.90332e-13 0)
(1.5 2.42141e-13 0)
(1.5 2.7502e-13 0)
(1.5 2.80718e-13 0)
(1.5 3.27413e-13 0)
(1.5 2.90142e-13 0)
(1.5 2.65855e-13 0)
(1.5 1.10092e-13 0)
(1.5 7.29154e-15 0)
(1.5 -9.49084e-14 0)
(1.5 -8.4231e-16 0)
(1.5 -5.95938e-14 0)
(1.5 -9.68149e-14 0)
(1.5 -1.13331e-13 0)
(1.5 -1.88582e-13 0)
(1.5 -2.62002e-13 0)
(1.5 -3.80429e-13 0)
(1.5 -4.72777e-13 0)
(1.5 -5.24229e-13 0)
(1.5 -5.98781e-13 0)
(1.5 -5.57075e-13 0)
(1.5 -4.95467e-13 0)
(1.5 -3.83302e-13 0)
(1.5 -3.03297e-13 0)
(1.5 -3.12734e-13 0)
(1.5 -4.09905e-13 0)
(1.5 -4.50365e-13 0)
(1.5 -4.79006e-13 0)
(1.5 -4.38872e-13 0)
(1.5 -3.60761e-13 0)
(1.5 -2.51159e-13 0)
(1.5 -1.78375e-13 0)
(1.5 -1.59745e-13 0)
(1.5 -1.05472e-13 0)
(1.5 4.96612e-14 0)
(1.5 3.23578e-13 0)
(1.5 3.63817e-13 0)
(1.5 3.98477e-13 0)
(1.5 5.97344e-13 0)
(1.5 6.23018e-13 0)
(1.5 6.84264e-13 0)
(1.5 6.23697e-13 0)
(1.5 5.58758e-13 0)
(1.5 5.07935e-13 0)
(1.5 5.02892e-13 0)
(1.5 5.80317e-13 0)
(1.5 6.81063e-13 0)
(1.5 6.73557e-13 0)
(1.5 4.90779e-13 0)
(1.5 3.82585e-13 0)
(1.5 4.34117e-13 0)
(1.5 3.70618e-13 0)
(1.5 2.55885e-13 0)
(1.5 1.09746e-13 0)
(1.5 1.42025e-13 0)
(1.5 2.04865e-13 0)
(1.5 2.47034e-13 0)
(1.5 1.81083e-13 0)
(1.5 1.5975e-13 0)
(1.5 2.03519e-13 0)
(1.5 3.01561e-13 0)
(1.5 3.01817e-13 0)
(1.5 2.64124e-13 0)
(1.5 2.20945e-13 0)
(1.5 1.96958e-13 0)
(1.5 2.44821e-13 0)
(1.5 1.8452e-13 0)
(1.5 5.97663e-14 0)
(1.5 -1.09614e-14 0)
(1.5 -1.93289e-13 0)
(1.5 -3.38551e-13 0)
(1.5 -4.02507e-13 0)
(1.5 -2.881e-13 0)
(1.5 -3.17706e-13 0)
(1.5 -2.08334e-13 0)
(1.5 -1.8689e-13 0)
(1.5 -1.58349e-13 0)
(1.5 -1.09045e-13 0)
(1.5 -9.59514e-14 0)
(1.5 -2.30669e-13 0)
(1.5 -4.23517e-13 0)
(1.5 -3.89883e-13 0)
(1.5 -2.98366e-13 0)
(1.5 -1.36343e-13 0)
(1.5 -1.23324e-13 0)
(1.5 -1.23871e-13 0)
(1.5 -8.86436e-14 0)
(1.5 -1.59354e-13 0)
(1.5 -2.48876e-13 0)
(1.5 -2.24458e-13 0)
(1.5 -2.49248e-13 0)
(1.5 -2.9926e-13 0)
(1.5 -3.24028e-13 0)
(1.5 -2.65155e-13 0)
(1.5 -1.75199e-13 0)
(1.5 -1.777e-13 0)
(1.5 -2.44787e-13 0)
(1.5 -1.98349e-13 0)
(1.5 -1.12142e-13 0)
(1.5 -8.09958e-14 0)
(1.5 2.10057e-14 0)
(1.5 6.11957e-14 0)
(1.5 6.95247e-14 0)
(1.5 7.00469e-14 0)
(1.5 4.5738e-14 0)
(1.5 -7.66216e-14 0)
(1.5 -2.3171e-13 0)
(1.5 -3.08373e-13 0)
(1.5 -3.38423e-13 0)
(1.5 -4.57878e-13 0)
(1.5 -5.11641e-13 0)
(1.5 -5.50496e-13 0)
(1.5 -5.59258e-13 0)
(1.5 -5.21087e-13 0)
(1.5 -5.80128e-13 0)
(1.5 -6.42103e-13 0)
(1.5 -7.27571e-13 0)
(1.5 -6.39101e-13 0)
(1.5 -5.18555e-13 0)
(1.5 -5.49512e-13 0)
(1.5 -6.05111e-13 0)
(1.5 -5.13663e-13 0)
(1.5 -4.82274e-13 0)
(1.5 -4.86114e-13 0)
(1.5 -4.69541e-13 0)
(1.5 -3.68344e-13 0)
(1.5 -3.31926e-13 0)
(1.5 -2.22664e-13 0)
(1.5 -4.19022e-14 0)
(1.5 1.02064e-13 0)
(1.5 1.30284e-13 0)
(1.5 1.17856e-13 0)
(1.5 1.12812e-13 0)
(1.5 2.67768e-14 0)
(1.5 -5.49966e-14 0)
(1.5 -1.12551e-13 0)
(1.5 -2.27123e-13 0)
(1.5 -2.45743e-13 0)
(1.5 5.54425e-16 0)
(1.5 -5.60363e-15 0)
(1.5 3.93098e-14 0)
(1.5 7.21881e-14 0)
(1.5 9.48288e-14 0)
(1.5 1.24487e-13 0)
(1.5 9.65942e-14 0)
(1.5 1.34674e-13 0)
(1.5 2.46895e-13 0)
(1.5 4.05508e-13 0)
(1.5 4.13658e-13 0)
(1.5 3.06123e-13 0)
(1.5 1.91473e-13 0)
(1.5 1.72945e-13 0)
(1.5 1.84455e-13 0)
(1.5 1.51448e-13 0)
(1.5 1.12091e-13 0)
(1.5 5.17992e-14 0)
(1.5 -1.7851e-14 0)
(1.5 -7.17747e-14 0)
(1.5 -1.41109e-13 0)
(1.5 -2.87777e-13 0)
(1.5 -2.99453e-13 0)
(1.5 -2.89616e-13 0)
(1.5 -3.59194e-13 0)
(1.5 -3.78897e-13 0)
(1.5 -3.8639e-13 0)
(1.5 -3.24704e-13 0)
(1.5 -2.52755e-13 0)
(1.5 -2.39607e-13 0)
(1.5 -1.74534e-13 0)
(1.5 -1.37507e-13 0)
(1.5 -1.28709e-13 0)
(1.5 -1.47938e-13 0)
(1.5 -1.28345e-13 0)
(1.5 -7.26186e-14 0)
(1.5 -9.54786e-14 0)
(1.5 -7.65945e-14 0)
(1.5 -8.60256e-14 0)
(1.5 -9.50502e-14 0)
(1.5 -5.71126e-14 0)
(1.5 -1.79401e-14 0)
(1.5 -2.36491e-14 0)
(1.5 2.99594e-15 0)
(1.5 1.09336e-13 0)
(1.5 1.1385e-13 0)
(1.5 1.12644e-13 0)
(1.5 9.95758e-14 0)
(1.5 4.80775e-14 0)
(1.5 5.84242e-14 0)
(1.5 -7.02313e-15 0)
(1.5 -8.51018e-14 0)
(1.5 -1.4631e-13 0)
(1.5 -1.62936e-13 0)
(1.5 -4.33651e-14 0)
(1.5 -1.52292e-14 0)
(1.5 4.05993e-14 0)
(1.5 1.76657e-13 0)
(1.5 2.07984e-13 0)
(1.5 1.64657e-13 0)
(1.5 2.30309e-13 0)
(1.5 2.54089e-13 0)
(1.5 2.42154e-13 0)
(1.5 1.82967e-13 0)
(1.5 2.5636e-13 0)
(1.5 2.50084e-13 0)
(1.5 2.48247e-13 0)
(1.5 2.02221e-13 0)
(1.5 1.72695e-13 0)
(1.5 6.19665e-14 0)
(1.5 5.31538e-15 0)
(1.5 -2.77354e-14 0)
(1.5 -9.57359e-14 0)
(1.5 -1.18366e-13 0)
(1.5 -2.16095e-13 0)
(1.5 -2.93884e-13 0)
(1.5 -3.75458e-13 0)
(1.5 -4.54259e-13 0)
(1.5 -4.54583e-13 0)
(1.5 -4.72998e-13 0)
(1.5 -4.86432e-13 0)
(1.5 -5.22287e-13 0)
(1.5 -5.06826e-13 0)
(1.5 -4.13409e-13 0)
(1.5 -3.34354e-13 0)
(1.5 -2.87496e-13 0)
(1.5 -3.35691e-13 0)
(1.5 -4.71556e-13 0)
(1.5 -5.05683e-13 0)
(1.5 -5.29478e-13 0)
(1.5 -4.49638e-13 0)
(1.5 -3.35698e-13 0)
(1.5 -2.29862e-13 0)
(1.5 -2.85638e-14 0)
(1.5 2.50898e-14 0)
(1.5 1.19894e-13 0)
(1.5 2.86295e-13 0)
(1.5 4.56407e-13 0)
(1.5 4.76904e-13 0)
(1.5 4.44971e-13 0)
(1.5 5.08708e-13 0)
(1.5 6.23595e-13 0)
(1.5 6.44863e-13 0)
(1.5 6.14193e-13 0)
(1.5 5.42954e-13 0)
(1.5 4.74789e-13 0)
(1.5 5.72604e-13 0)
(1.5 7.33775e-13 0)
(1.5 8.18684e-13 0)
(1.5 7.65257e-13 0)
(1.5 5.47988e-13 0)
(1.5 3.67937e-13 0)
(1.5 2.81057e-13 0)
(1.5 2.1251e-13 0)
(1.5 1.33727e-13 0)
(1.5 1.96072e-14 0)
(1.5 3.94145e-14 0)
(1.5 1.67414e-13 0)
(1.5 3.34566e-13 0)
(1.5 3.2954e-13 0)
(1.5 2.58919e-13 0)
(1.5 3.53452e-13 0)
(1.5 4.26803e-13 0)
(1.5 3.91729e-13 0)
(1.5 2.58017e-13 0)
(1.5 1.81878e-13 0)
(1.5 1.40542e-13 0)
(1.5 1.15758e-13 0)
(1.5 7.33469e-14 0)
(1.5 2.47594e-14 0)
(1.5 9.08458e-16 0)
(1.5 -1.94619e-13 0)
(1.5 -3.31915e-13 0)
(1.5 -4.064e-13 0)
(1.5 -3.15056e-13 0)
(1.5 -2.81626e-13 0)
(1.5 -2.60117e-13 0)
(1.5 -2.37192e-13 0)
(1.5 -2.12385e-13 0)
(1.5 -8.7902e-14 0)
(1.5 -1.11657e-13 0)
(1.5 -2.57203e-13 0)
(1.5 -4.24998e-13 0)
(1.5 -3.69606e-13 0)
(1.5 -2.13722e-13 0)
(1.5 -3.39648e-14 0)
(1.5 -4.08215e-14 0)
(1.5 -6.82873e-14 0)
(1.5 -1.717e-13 0)
(1.5 -2.47543e-13 0)
(1.5 -2.46684e-13 0)
(1.5 -1.63348e-13 0)
(1.5 -6.79101e-14 0)
(1.5 -1.22675e-13 0)
(1.5 -1.95015e-13 0)
(1.5 -2.0637e-13 0)
(1.5 -1.29248e-13 0)
(1.5 -4.77668e-14 0)
(1.5 -1.12208e-13 0)
(1.5 -5.33484e-14 0)
(1.5 -1.6571e-14 0)
(1.5 -7.25839e-14 0)
(1.5 3.17318e-15 0)
(1.5 6.24852e-14 0)
(1.5 7.28976e-14 0)
(1.5 7.01923e-14 0)
(1.5 2.84558e-14 0)
(1.5 -3.72934e-14 0)
(1.5 -1.47073e-13 0)
(1.5 -2.54017e-13 0)
(1.5 -2.89198e-13 0)
(1.5 -4.1012e-13 0)
(1.5 -4.58307e-13 0)
(1.5 -4.71485e-13 0)
(1.5 -4.52784e-13 0)
(1.5 -4.33821e-13 0)
(1.5 -4.60397e-13 0)
(1.5 -5.42339e-13 0)
(1.5 -6.10339e-13 0)
(1.5 -5.56703e-13 0)
(1.5 -4.71307e-13 0)
(1.5 -3.5395e-13 0)
(1.5 -3.88456e-13 0)
(1.5 -3.8448e-13 0)
(1.5 -3.9122e-13 0)
(1.5 -3.41664e-13 0)
(1.5 -3.17218e-13 0)
(1.5 -2.4013e-13 0)
(1.5 -1.66705e-13 0)
(1.5 -9.21773e-14 0)
(1.5 2.98164e-16 0)
(1.5 6.47877e-14 0)
(1.5 6.72399e-15 0)
(1.5 2.39685e-15 0)
(1.5 -1.85564e-14 0)
(1.5 -9.7487e-14 0)
(1.5 -1.25025e-13 0)
(1.5 -2.29321e-13 0)
(1.5 -3.24507e-13 0)
(1.5 -3.38298e-13 0)
(1.5 -4.529e-15 0)
(1.5 -2.80371e-14 0)
(1.5 -7.23718e-14 0)
(1.5 5.68689e-14 0)
(1.5 2.4283e-13 0)
(1.5 1.63158e-13 0)
(1.5 2.62085e-15 0)
(1.5 6.09644e-14 0)
(1.5 -1.831e-14 0)
(1.5 4.09257e-14 0)
(1.5 1.2657e-13 0)
(1.5 1.73719e-13 0)
(1.5 1.95077e-13 0)
(1.5 1.59184e-13 0)
(1.5 1.56225e-13 0)
(1.5 8.04829e-14 0)
(1.5 3.88881e-14 0)
(1.5 -1.70495e-14 0)
(1.5 -8.92493e-14 0)
(1.5 -1.9925e-13 0)
(1.5 -2.79674e-13 0)
(1.5 -3.08821e-13 0)
(1.5 -2.61257e-13 0)
(1.5 -3.20458e-13 0)
(1.5 -3.91154e-13 0)
(1.5 -4.58006e-13 0)
(1.5 -4.69843e-13 0)
(1.5 -4.89074e-13 0)
(1.5 -3.6677e-13 0)
(1.5 -2.58642e-13 0)
(1.5 -2.29521e-13 0)
(1.5 -2.38561e-13 0)
(1.5 -1.83179e-13 0)
(1.5 -2.01298e-13 0)
(1.5 -2.10729e-13 0)
(1.5 -1.4658e-13 0)
(1.5 -8.48026e-14 0)
(1.5 6.90644e-15 0)
(1.5 -8.96611e-14 0)
(1.5 -1.48906e-13 0)
(1.5 -1.13828e-13 0)
(1.5 -1.30635e-13 0)
(1.5 -6.51249e-14 0)
(1.5 -1.19021e-13 0)
(1.5 -1.12115e-14 0)
(1.5 5.29452e-14 0)
(1.5 1.46631e-13 0)
(1.5 5.94615e-14 0)
(1.5 6.33516e-15 0)
(1.5 -5.60481e-14 0)
(1.5 -9.85733e-14 0)
(1.5 -1.17632e-13 0)
(1.5 -1.82923e-13 0)
(1.5 -1.27535e-13 0)
(1.5 -9.57715e-14 0)
(1.5 1.94435e-14 0)
(1.5 2.14802e-14 0)
(1.5 1.82142e-13 0)
(1.5 1.10865e-13 0)
(1.5 2.22916e-14 0)
(1.5 1.35885e-13 0)
(1.5 1.33541e-13 0)
(1.5 2.34936e-13 0)
(1.5 2.19988e-13 0)
(1.5 3.23511e-13 0)
(1.5 2.662e-13 0)
(1.5 1.80181e-13 0)
(1.5 9.60379e-14 0)
(1.5 6.22576e-14 0)
(1.5 8.34896e-14 0)
(1.5 -2.42088e-14 0)
(1.5 -1.68181e-13 0)
(1.5 -2.83431e-13 0)
(1.5 -3.08603e-13 0)
(1.5 -4.35236e-13 0)
(1.5 -5.37037e-13 0)
(1.5 -6.14018e-13 0)
(1.5 -6.33828e-13 0)
(1.5 -5.75979e-13 0)
(1.5 -5.58733e-13 0)
(1.5 -5.04838e-13 0)
(1.5 -3.92216e-13 0)
(1.5 -3.91155e-13 0)
(1.5 -3.47058e-13 0)
(1.5 -3.62444e-13 0)
(1.5 -3.57094e-13 0)
(1.5 -3.89762e-13 0)
(1.5 -4.93775e-13 0)
(1.5 -5.80491e-13 0)
(1.5 -6.18124e-13 0)
(1.5 -5.669e-13 0)
(1.5 -4.06307e-13 0)
(1.5 -2.05758e-13 0)
(1.5 1.07051e-13 0)
(1.5 2.58267e-13 0)
(1.5 4.49512e-13 0)
(1.5 5.87142e-13 0)
(1.5 6.34799e-13 0)
(1.5 7.60838e-13 0)
(1.5 6.76947e-13 0)
(1.5 5.28566e-13 0)
(1.5 6.25846e-13 0)
(1.5 5.80196e-13 0)
(1.5 5.3296e-13 0)
(1.5 4.5943e-13 0)
(1.5 4.26595e-13 0)
(1.5 5.26776e-13 0)
(1.5 7.70898e-13 0)
(1.5 8.34494e-13 0)
(1.5 7.44357e-13 0)
(1.5 5.94163e-13 0)
(1.5 4.54461e-13 0)
(1.5 2.28776e-13 0)
(1.5 1.91405e-13 0)
(1.5 1.62415e-13 0)
(1.5 1.25315e-13 0)
(1.5 1.24664e-13 0)
(1.5 2.84746e-13 0)
(1.5 4.30638e-13 0)
(1.5 4.91724e-13 0)
(1.5 4.15161e-13 0)
(1.5 5.09843e-13 0)
(1.5 5.63425e-13 0)
(1.5 4.53201e-13 0)
(1.5 3.32032e-13 0)
(1.5 2.17009e-13 0)
(1.5 2.0538e-13 0)
(1.5 1.30665e-13 0)
(1.5 4.351e-14 0)
(1.5 2.98306e-14 0)
(1.5 -5.33031e-14 0)
(1.5 -9.68546e-14 0)
(1.5 -1.45431e-13 0)
(1.5 -2.44155e-13 0)
(1.5 -1.90457e-13 0)
(1.5 -1.10613e-13 0)
(1.5 -1.60322e-13 0)
(1.5 -1.2566e-13 0)
(1.5 -1.22878e-13 0)
(1.5 -1.03184e-13 0)
(1.5 -1.66103e-13 0)
(1.5 -2.33967e-13 0)
(1.5 -2.91477e-13 0)
(1.5 -2.73681e-13 0)
(1.5 -1.71965e-13 0)
(1.5 -7.26529e-14 0)
(1.5 -1.36727e-13 0)
(1.5 -1.43334e-13 0)
(1.5 -2.58918e-13 0)
(1.5 -2.48757e-13 0)
(1.5 -2.22415e-13 0)
(1.5 -2.34164e-13 0)
(1.5 -1.77191e-13 0)
(1.5 -1.57983e-13 0)
(1.5 -1.53224e-13 0)
(1.5 -2.2746e-13 0)
(1.5 -2.57347e-13 0)
(1.5 -2.09431e-13 0)
(1.5 -1.3154e-13 0)
(1.5 -8.64804e-14 0)
(1.5 -1.18271e-13 0)
(1.5 -1.70693e-13 0)
(1.5 -7.20592e-14 0)
(1.5 -1.25417e-14 0)
(1.5 -1.33165e-14 0)
(1.5 -8.46246e-14 0)
(1.5 -1.36605e-13 0)
(1.5 -1.77618e-13 0)
(1.5 -2.11107e-13 0)
(1.5 -2.64035e-13 0)
(1.5 -2.34635e-13 0)
(1.5 -1.92723e-13 0)
(1.5 -2.05459e-13 0)
(1.5 -2.90927e-13 0)
(1.5 -3.94437e-13 0)
(1.5 -4.84778e-13 0)
(1.5 -4.69158e-13 0)
(1.5 -5.4334e-13 0)
(1.5 -5.04766e-13 0)
(1.5 -5.3097e-13 0)
(1.5 -5.42739e-13 0)
(1.5 -3.57998e-13 0)
(1.5 -1.88189e-13 0)
(1.5 -2.69889e-13 0)
(1.5 -3.21927e-13 0)
(1.5 -3.0887e-13 0)
(1.5 -2.82392e-13 0)
(1.5 -2.54624e-13 0)
(1.5 -1.19936e-13 0)
(1.5 -6.6395e-14 0)
(1.5 -2.98487e-14 0)
(1.5 -1.6753e-14 0)
(1.5 -2.44456e-14 0)
(1.5 -8.90576e-14 0)
(1.5 -1.26617e-13 0)
(1.5 -1.67249e-13 0)
(1.5 -2.41612e-13 0)
(1.5 -3.64771e-13 0)
(1.5 -3.26919e-13 0)
(1.5 -2.98066e-13 0)
(1.5 4.42265e-15 0)
(1.5 6.92301e-14 0)
(1.5 6.14328e-15 0)
(1.5 6.07798e-14 0)
(1.5 2.02332e-13 0)
(1.5 1.207e-13 0)
(1.5 -3.30056e-14 0)
(1.5 -2.43892e-14 0)
(1.5 -1.39843e-13 0)
(1.5 -1.12643e-13 0)
(1.5 -5.38459e-14 0)
(1.5 1.30252e-13 0)
(1.5 2.29838e-13 0)
(1.5 1.9344e-13 0)
(1.5 2.08543e-13 0)
(1.5 1.39826e-13 0)
(1.5 2.76585e-14 0)
(1.5 3.088e-14 0)
(1.5 -6.20458e-14 0)
(1.5 -1.6634e-13 0)
(1.5 -3.08916e-13 0)
(1.5 -3.24634e-13 0)
(1.5 -2.09876e-13 0)
(1.5 -2.65781e-13 0)
(1.5 -3.57622e-13 0)
(1.5 -4.00206e-13 0)
(1.5 -4.48998e-13 0)
(1.5 -4.78299e-13 0)
(1.5 -3.50529e-13 0)
(1.5 -2.78366e-13 0)
(1.5 -1.65821e-13 0)
(1.5 -1.71739e-13 0)
(1.5 -2.11666e-13 0)
(1.5 -1.70348e-13 0)
(1.5 -2.28406e-13 0)
(1.5 -1.77444e-13 0)
(1.5 -1.06943e-13 0)
(1.5 3.24476e-14 0)
(1.5 -3.25822e-14 0)
(1.5 -1.65415e-13 0)
(1.5 -1.45203e-13 0)
(1.5 -1.14733e-13 0)
(1.5 -8.96813e-14 0)
(1.5 -1.38411e-13 0)
(1.5 -1.2858e-13 0)
(1.5 -9.04293e-14 0)
(1.5 8.38749e-14 0)
(1.5 -2.95421e-16 0)
(1.5 -4.25834e-14 0)
(1.5 -1.45925e-13 0)
(1.5 -1.60931e-13 0)
(1.5 -1.71506e-13 0)
(1.5 -2.08157e-13 0)
(1.5 -7.50144e-14 0)
(1.5 -1.45615e-14 0)
(1.5 1.2328e-13 0)
(1.5 5.56487e-14 0)
(1.5 1.51953e-13 0)
(1.5 3.5633e-14 0)
(1.5 -5.23396e-14 0)
(1.5 4.21024e-14 0)
(1.5 1.47858e-13 0)
(1.5 3.3063e-13 0)
(1.5 3.58299e-13 0)
(1.5 3.5127e-13 0)
(1.5 3.17434e-13 0)
(1.5 1.57808e-13 0)
(1.5 7.71734e-14 0)
(1.5 8.70626e-14 0)
(1.5 1.14645e-13 0)
(1.5 -5.44504e-14 0)
(1.5 -3.00014e-13 0)
(1.5 -3.53329e-13 0)
(1.5 -4.43809e-13 0)
(1.5 -5.63214e-13 0)
(1.5 -5.98971e-13 0)
(1.5 -6.60757e-13 0)
(1.5 -6.17732e-13 0)
(1.5 -5.83537e-13 0)
(1.5 -6.17778e-13 0)
(1.5 -5.76709e-13 0)
(1.5 -4.8767e-13 0)
(1.5 -4.41007e-13 0)
(1.5 -3.66649e-13 0)
(1.5 -4.20386e-13 0)
(1.5 -4.03555e-13 0)
(1.5 -4.51733e-13 0)
(1.5 -4.88957e-13 0)
(1.5 -4.91344e-13 0)
(1.5 -4.76519e-13 0)
(1.5 -4.94964e-13 0)
(1.5 -3.40077e-13 0)
(1.5 -5.72898e-14 0)
(1.5 1.93044e-13 0)
(1.5 3.37417e-13 0)
(1.5 5.14935e-13 0)
(1.5 6.31904e-13 0)
(1.5 6.86703e-13 0)
(1.5 8.69132e-13 0)
(1.5 8.51318e-13 0)
(1.5 7.43617e-13 0)
(1.5 7.41667e-13 0)
(1.5 6.93216e-13 0)
(1.5 5.92435e-13 0)
(1.5 5.25419e-13 0)
(1.5 5.54794e-13 0)
(1.5 6.1218e-13 0)
(1.5 6.94815e-13 0)
(1.5 7.8077e-13 0)
(1.5 7.6263e-13 0)
(1.5 6.67372e-13 0)
(1.5 4.55582e-13 0)
(1.5 2.43966e-13 0)
(1.5 3.00916e-13 0)
(1.5 3.04502e-13 0)
(1.5 3.3003e-13 0)
(1.5 3.61607e-13 0)
(1.5 4.60523e-13 0)
(1.5 4.98906e-13 0)
(1.5 5.41207e-13 0)
(1.5 5.1407e-13 0)
(1.5 4.65806e-13 0)
(1.5 4.67153e-13 0)
(1.5 3.91715e-13 0)
(1.5 3.80179e-13 0)
(1.5 3.36744e-13 0)
(1.5 3.29342e-13 0)
(1.5 1.82333e-13 0)
(1.5 8.70523e-14 0)
(1.5 5.32878e-14 0)
(1.5 -2.96073e-14 0)
(1.5 4.51757e-14 0)
(1.5 5.61009e-14 0)
(1.5 -1.0605e-13 0)
(1.5 -1.71817e-13 0)
(1.5 -7.3155e-14 0)
(1.5 -4.19189e-14 0)
(1.5 4.07862e-14 0)
(1.5 1.85746e-14 0)
(1.5 -1.05555e-13 0)
(1.5 -2.30963e-13 0)
(1.5 -2.28456e-13 0)
(1.5 -1.51305e-13 0)
(1.5 -1.06519e-13 0)
(1.5 -9.31215e-14 0)
(1.5 -1.55596e-13 0)
(1.5 -2.52678e-13 0)
(1.5 -3.41602e-13 0)
(1.5 -4.44444e-13 0)
(1.5 -4.25499e-13 0)
(1.5 -3.8927e-13 0)
(1.5 -4.148e-13 0)
(1.5 -4.38729e-13 0)
(1.5 -2.84218e-13 0)
(1.5 -1.50086e-13 0)
(1.5 -2.0515e-13 0)
(1.5 -3.85217e-13 0)
(1.5 -4.2807e-13 0)
(1.5 -3.15e-13 0)
(1.5 -2.65546e-13 0)
(1.5 -3.61696e-13 0)
(1.5 -3.07675e-13 0)
(1.5 -1.88287e-13 0)
(1.5 -1.58065e-13 0)
(1.5 -1.7962e-13 0)
(1.5 -3.17627e-13 0)
(1.5 -2.95025e-13 0)
(1.5 -2.53798e-13 0)
(1.5 -2.50139e-13 0)
(1.5 -2.5583e-13 0)
(1.5 -1.6925e-13 0)
(1.5 -4.01121e-14 0)
(1.5 -1.13215e-13 0)
(1.5 -2.72925e-13 0)
(1.5 -5.10662e-13 0)
(1.5 -6.62219e-13 0)
(1.5 -7.82614e-13 0)
(1.5 -7.5112e-13 0)
(1.5 -6.53842e-13 0)
(1.5 -7.47971e-13 0)
(1.5 -7.01729e-13 0)
(1.5 -5.56835e-13 0)
(1.5 -2.44635e-13 0)
(1.5 -2.4766e-13 0)
(1.5 -2.61244e-13 0)
(1.5 -2.37045e-13 0)
(1.5 -2.80987e-13 0)
(1.5 -2.56313e-13 0)
(1.5 -2.79508e-13 0)
(1.5 -2.63141e-13 0)
(1.5 -2.15595e-13 0)
(1.5 -2.37245e-13 0)
(1.5 -2.79316e-13 0)
(1.5 -4.07625e-13 0)
(1.5 -4.23487e-13 0)
(1.5 -3.77065e-13 0)
(1.5 -4.81169e-13 0)
(1.5 -4.98842e-13 0)
(1.5 -3.10558e-13 0)
(1.5 -2.76615e-13 0)
(1.5 6.51407e-14 0)
(1.5 2.34209e-13 0)
(1.5 2.16809e-13 0)
(1.5 2.08011e-13 0)
(1.5 1.78237e-13 0)
(1.5 1.31269e-13 0)
(1.5 5.90786e-14 0)
(1.5 -2.15137e-15 0)
(1.5 -4.43021e-14 0)
(1.5 -6.82284e-14 0)
(1.5 -8.31619e-14 0)
(1.5 1.41432e-13 0)
(1.5 2.03062e-13 0)
(1.5 1.89761e-13 0)
(1.5 2.28926e-13 0)
(1.5 2.15485e-13 0)
(1.5 1.27496e-13 0)
(1.5 4.65064e-14 0)
(1.5 -8.99779e-14 0)
(1.5 -1.58975e-13 0)
(1.5 -3.13491e-13 0)
(1.5 -3.97093e-13 0)
(1.5 -2.62474e-13 0)
(1.5 -2.44373e-13 0)
(1.5 -3.35106e-13 0)
(1.5 -4.00185e-13 0)
(1.5 -4.57915e-13 0)
(1.5 -4.4525e-13 0)
(1.5 -3.73191e-13 0)
(1.5 -3.4655e-13 0)
(1.5 -2.49935e-13 0)
(1.5 -2.20586e-13 0)
(1.5 -2.94364e-13 0)
(1.5 -2.22763e-13 0)
(1.5 -2.06749e-13 0)
(1.5 -2.10756e-13 0)
(1.5 -2.27709e-13 0)
(1.5 -1.7335e-13 0)
(1.5 -1.67132e-13 0)
(1.5 -2.2869e-13 0)
(1.5 -2.37232e-13 0)
(1.5 -2.05647e-13 0)
(1.5 -2.53343e-13 0)
(1.5 -2.32019e-13 0)
(1.5 -2.23521e-13 0)
(1.5 -1.60115e-13 0)
(1.5 -7.96575e-14 0)
(1.5 -8.45073e-14 0)
(1.5 -1.37325e-13 0)
(1.5 -1.66318e-13 0)
(1.5 -1.25335e-13 0)
(1.5 -1.94824e-13 0)
(1.5 -1.62186e-13 0)
(1.5 -4.83596e-14 0)
(1.5 2.59101e-14 0)
(1.5 1.37196e-13 0)
(1.5 1.17491e-13 0)
(1.5 6.27339e-14 0)
(1.5 8.68826e-16 0)
(1.5 -2.45667e-14 0)
(1.5 -3.76422e-14 0)
(1.5 9.46564e-14 0)
(1.5 2.42238e-13 0)
(1.5 2.56898e-13 0)
(1.5 2.36163e-13 0)
(1.5 2.62682e-13 0)
(1.5 2.16658e-13 0)
(1.5 1.82112e-13 0)
(1.5 1.73698e-13 0)
(1.5 1.47762e-13 0)
(1.5 6.99332e-15 0)
(1.5 -2.0101e-13 0)
(1.5 -2.42161e-13 0)
(1.5 -3.55406e-13 0)
(1.5 -4.97554e-13 0)
(1.5 -5.22117e-13 0)
(1.5 -6.07618e-13 0)
(1.5 -6.07941e-13 0)
(1.5 -6.15787e-13 0)
(1.5 -6.33386e-13 0)
(1.5 -5.80524e-13 0)
(1.5 -5.72356e-13 0)
(1.5 -4.92742e-13 0)
(1.5 -4.2164e-13 0)
(1.5 -4.22341e-13 0)
(1.5 -4.98281e-13 0)
(1.5 -5.13302e-13 0)
(1.5 -4.73037e-13 0)
(1.5 -3.40504e-13 0)
(1.5 -2.91469e-13 0)
(1.5 -2.89744e-13 0)
(1.5 -1.71114e-13 0)
(1.5 1.22341e-14 0)
(1.5 1.19469e-13 0)
(1.5 2.63804e-13 0)
(1.5 4.01011e-13 0)
(1.5 6.10494e-13 0)
(1.5 6.79173e-13 0)
(1.5 7.76555e-13 0)
(1.5 7.95685e-13 0)
(1.5 7.4553e-13 0)
(1.5 7.15715e-13 0)
(1.5 7.02424e-13 0)
(1.5 6.21234e-13 0)
(1.5 5.58847e-13 0)
(1.5 5.40696e-13 0)
(1.5 6.03088e-13 0)
(1.5 5.90822e-13 0)
(1.5 6.80873e-13 0)
(1.5 6.35975e-13 0)
(1.5 4.75214e-13 0)
(1.5 2.5482e-13 0)
(1.5 1.54834e-13 0)
(1.5 2.22216e-13 0)
(1.5 3.70136e-13 0)
(1.5 5.34849e-13 0)
(1.5 6.47762e-13 0)
(1.5 5.87712e-13 0)
(1.5 5.54452e-13 0)
(1.5 5.21296e-13 0)
(1.5 4.4329e-13 0)
(1.5 2.6173e-13 0)
(1.5 1.50889e-13 0)
(1.5 2.59315e-13 0)
(1.5 2.91907e-13 0)
(1.5 2.89849e-13 0)
(1.5 2.72294e-13 0)
(1.5 1.07322e-13 0)
(1.5 8.90652e-14 0)
(1.5 9.22274e-14 0)
(1.5 1.24904e-14 0)
(1.5 3.83976e-14 0)
(1.5 3.70551e-14 0)
(1.5 -1.13976e-13 0)
(1.5 -3.02084e-13 0)
(1.5 -1.82993e-13 0)
(1.5 -8.57554e-14 0)
(1.5 -3.15143e-14 0)
(1.5 -4.67644e-14 0)
(1.5 -1.90487e-13 0)
(1.5 -2.9095e-13 0)
(1.5 -2.79724e-13 0)
(1.5 -1.32721e-13 0)
(1.5 -6.67109e-14 0)
(1.5 -7.81802e-14 0)
(1.5 -1.85753e-13 0)
(1.5 -2.49532e-13 0)
(1.5 -4.26055e-13 0)
(1.5 -4.88191e-13 0)
(1.5 -5.68534e-13 0)
(1.5 -5.14783e-13 0)
(1.5 -5.19492e-13 0)
(1.5 -4.51702e-13 0)
(1.5 -2.20203e-13 0)
(1.5 -4.54675e-14 0)
(1.5 -7.66927e-14 0)
(1.5 -2.90358e-13 0)
(1.5 -4.6435e-13 0)
(1.5 -4.67171e-13 0)
(1.5 -3.79141e-13 0)
(1.5 -3.20471e-13 0)
(1.5 -1.73725e-13 0)
(1.5 -1.25121e-13 0)
(1.5 -1.34097e-13 0)
(1.5 -1.8664e-13 0)
(1.5 -3.44785e-13 0)
(1.5 -3.34037e-13 0)
(1.5 -2.10957e-13 0)
(1.5 -1.9691e-13 0)
(1.5 -1.58936e-13 0)
(1.5 -8.12904e-14 0)
(1.5 -7.18088e-14 0)
(1.5 -1.09954e-13 0)
(1.5 -2.38075e-13 0)
(1.5 -4.71408e-13 0)
(1.5 -5.68444e-13 0)
(1.5 -7.72132e-13 0)
(1.5 -7.28915e-13 0)
(1.5 -6.9834e-13 0)
(1.5 -7.91828e-13 0)
(1.5 -6.96027e-13 0)
(1.5 -5.78551e-13 0)
(1.5 -3.34792e-13 0)
(1.5 -1.9293e-13 0)
(1.5 -1.32252e-13 0)
(1.5 -1.02887e-13 0)
(1.5 -1.61019e-13 0)
(1.5 -1.93954e-13 0)
(1.5 -3.2399e-13 0)
(1.5 -3.66708e-13 0)
(1.5 -3.74442e-13 0)
(1.5 -4.38518e-13 0)
(1.5 -4.68743e-13 0)
(1.5 -5.21259e-13 0)
(1.5 -5.09414e-13 0)
(1.5 -4.70011e-13 0)
(1.5 -5.56541e-13 0)
(1.5 -4.41699e-13 0)
(1.5 -2.39587e-13 0)
(1.5 -2.6194e-13 0)
(1.5 9.91681e-14 0)
(1.5 2.45412e-13 0)
(1.5 2.45571e-13 0)
(1.5 2.56567e-13 0)
(1.5 1.83796e-13 0)
(1.5 1.86944e-13 0)
(1.5 1.73067e-13 0)
(1.5 5.30718e-14 0)
(1.5 6.70412e-14 0)
(1.5 -6.36817e-14 0)
(1.5 -5.31199e-14 0)
(1.5 1.71694e-13 0)
(1.5 2.09568e-13 0)
(1.5 2.67068e-13 0)
(1.5 3.25368e-13 0)
(1.5 3.18622e-13 0)
(1.5 2.12287e-13 0)
(1.5 5.33862e-14 0)
(1.5 -4.01865e-14 0)
(1.5 -8.75167e-14 0)
(1.5 -2.47797e-13 0)
(1.5 -3.27562e-13 0)
(1.5 -2.57356e-13 0)
(1.5 -1.73565e-13 0)
(1.5 -1.57489e-13 0)
(1.5 -2.73254e-13 0)
(1.5 -3.54114e-13 0)
(1.5 -3.09276e-13 0)
(1.5 -3.22131e-13 0)
(1.5 -2.84817e-13 0)
(1.5 -2.87509e-13 0)
(1.5 -2.97015e-13 0)
(1.5 -2.58884e-13 0)
(1.5 -1.54352e-13 0)
(1.5 -9.26127e-14 0)
(1.5 -1.55505e-13 0)
(1.5 -2.24887e-13 0)
(1.5 -2.81194e-13 0)
(1.5 -2.98029e-13 0)
(1.5 -2.31549e-13 0)
(1.5 -2.03303e-13 0)
(1.5 -2.59706e-13 0)
(1.5 -2.9599e-13 0)
(1.5 -2.84607e-13 0)
(1.5 -2.22635e-13 0)
(1.5 -1.59938e-13 0)
(1.5 -1.38166e-13 0)
(1.5 -4.10599e-14 0)
(1.5 -3.86164e-14 0)
(1.5 5.05292e-14 0)
(1.5 1.59571e-13 0)
(1.5 9.55204e-14 0)
(1.5 8.67043e-14 0)
(1.5 6.97806e-14 0)
(1.5 1.01296e-13 0)
(1.5 1.24403e-13 0)
(1.5 2.22481e-13 0)
(1.5 1.33498e-13 0)
(1.5 1.39548e-13 0)
(1.5 1.7386e-13 0)
(1.5 1.0282e-13 0)
(1.5 1.33633e-13 0)
(1.5 1.73395e-13 0)
(1.5 1.41889e-13 0)
(1.5 1.84245e-13 0)
(1.5 2.91519e-13 0)
(1.5 4.15148e-13 0)
(1.5 3.78954e-13 0)
(1.5 3.29352e-13 0)
(1.5 2.8186e-13 0)
(1.5 1.18513e-13 0)
(1.5 8.64394e-15 0)
(1.5 -1.09166e-13 0)
(1.5 -2.57769e-13 0)
(1.5 -3.61539e-13 0)
(1.5 -4.53484e-13 0)
(1.5 -4.9825e-13 0)
(1.5 -5.73343e-13 0)
(1.5 -5.5891e-13 0)
(1.5 -5.0229e-13 0)
(1.5 -4.46228e-13 0)
(1.5 -4.74114e-13 0)
(1.5 -4.13867e-13 0)
(1.5 -4.23283e-13 0)
(1.5 -4.07318e-13 0)
(1.5 -5.57902e-13 0)
(1.5 -5.42771e-13 0)
(1.5 -4.78008e-13 0)
(1.5 -2.47861e-13 0)
(1.5 -1.01421e-13 0)
(1.5 9.59731e-15 0)
(1.5 8.45205e-14 0)
(1.5 1.05978e-13 0)
(1.5 1.56017e-13 0)
(1.5 2.49966e-13 0)
(1.5 3.363e-13 0)
(1.5 6.23448e-13 0)
(1.5 7.35501e-13 0)
(1.5 7.41614e-13 0)
(1.5 7.02166e-13 0)
(1.5 6.57497e-13 0)
(1.5 6.56026e-13 0)
(1.5 6.71233e-13 0)
(1.5 6.25194e-13 0)
(1.5 5.83392e-13 0)
(1.5 5.43233e-13 0)
(1.5 6.13611e-13 0)
(1.5 6.33673e-13 0)
(1.5 6.44537e-13 0)
(1.5 5.40909e-13 0)
(1.5 3.98793e-13 0)
(1.5 2.27563e-13 0)
(1.5 2.25622e-13 0)
(1.5 1.3392e-13 0)
(1.5 3.27091e-13 0)
(1.5 5.26519e-13 0)
(1.5 5.65356e-13 0)
(1.5 4.48149e-13 0)
(1.5 4.56726e-13 0)
(1.5 4.30436e-13 0)
(1.5 3.02004e-13 0)
(1.5 1.62354e-13 0)
(1.5 3.36158e-14 0)
(1.5 1.52105e-13 0)
(1.5 1.8425e-13 0)
(1.5 1.55861e-13 0)
(1.5 5.73644e-14 0)
(1.5 -3.11561e-14 0)
(1.5 8.22034e-15 0)
(1.5 6.57009e-14 0)
(1.5 3.96477e-14 0)
(1.5 3.86215e-14 0)
(1.5 -5.8045e-15 0)
(1.5 -9.94018e-14 0)
(1.5 -2.49307e-13 0)
(1.5 -2.48481e-13 0)
(1.5 -2.21225e-13 0)
(1.5 -2.06526e-13 0)
(1.5 -1.55587e-13 0)
(1.5 -2.53566e-13 0)
(1.5 -2.6997e-13 0)
(1.5 -3.39235e-13 0)
(1.5 -2.10065e-13 0)
(1.5 -1.66966e-13 0)
(1.5 -1.56886e-13 0)
(1.5 -2.06817e-13 0)
(1.5 -2.63638e-13 0)
(1.5 -3.99786e-13 0)
(1.5 -4.06568e-13 0)
(1.5 -5.71883e-13 0)
(1.5 -5.71759e-13 0)
(1.5 -5.89068e-13 0)
(1.5 -4.21906e-13 0)
(1.5 -3.18478e-13 0)
(1.5 -1.90431e-13 0)
(1.5 -3.53553e-14 0)
(1.5 -1.07104e-13 0)
(1.5 -3.03085e-13 0)
(1.5 -3.18383e-13 0)
(1.5 -2.3527e-13 0)
(1.5 -1.45761e-13 0)
(1.5 -4.89372e-14 0)
(1.5 -8.38904e-14 0)
(1.5 -2.19162e-13 0)
(1.5 -2.42277e-13 0)
(1.5 -3.0361e-13 0)
(1.5 -3.56853e-13 0)
(1.5 -2.21982e-13 0)
(1.5 -1.37664e-13 0)
(1.5 -4.28336e-14 0)
(1.5 -7.96845e-14 0)
(1.5 -1.3909e-13 0)
(1.5 -1.09626e-13 0)
(1.5 -1.99842e-13 0)
(1.5 -3.22184e-13 0)
(1.5 -4.31236e-13 0)
(1.5 -5.31108e-13 0)
(1.5 -5.52903e-13 0)
(1.5 -6.339e-13 0)
(1.5 -6.193e-13 0)
(1.5 -5.1353e-13 0)
(1.5 -4.08199e-13 0)
(1.5 -2.57053e-13 0)
(1.5 -1.60824e-13 0)
(1.5 -6.98821e-14 0)
(1.5 -6.83229e-14 0)
(1.5 -1.10845e-13 0)
(1.5 -1.77474e-13 0)
(1.5 -2.51964e-13 0)
(1.5 -2.86403e-13 0)
(1.5 -2.95845e-13 0)
(1.5 -4.35721e-13 0)
(1.5 -4.11324e-13 0)
(1.5 -4.22198e-13 0)
(1.5 -4.44995e-13 0)
(1.5 -4.62643e-13 0)
(1.5 -4.22361e-13 0)
(1.5 -2.6774e-13 0)
(1.5 -2.18568e-13 0)
(1.5 -2.44552e-13 0)
(1.5 2.66081e-14 0)
(1.5 9.05385e-14 0)
(1.5 6.08138e-14 0)
(1.5 6.86294e-14 0)
(1.5 1.26198e-13 0)
(1.5 1.30188e-13 0)
(1.5 1.00445e-13 0)
(1.5 1.5819e-14 0)
(1.5 7.29593e-14 0)
(1.5 2.44603e-14 0)
(1.5 1.5958e-13 0)
(1.5 2.98871e-13 0)
(1.5 3.29339e-13 0)
(1.5 3.98003e-13 0)
(1.5 4.77258e-13 0)
(1.5 4.70153e-13 0)
(1.5 3.45189e-13 0)
(1.5 1.47364e-13 0)
(1.5 5.20854e-14 0)
(1.5 -6.42571e-14 0)
(1.5 -1.79182e-13 0)
(1.5 -1.98257e-13 0)
(1.5 -2.04627e-13 0)
(1.5 -1.13478e-13 0)
(1.5 -4.49851e-14 0)
(1.5 -1.5014e-13 0)
(1.5 -1.95155e-13 0)
(1.5 -2.03543e-13 0)
(1.5 -2.44531e-13 0)
(1.5 -2.71307e-13 0)
(1.5 -2.62414e-13 0)
(1.5 -2.46826e-13 0)
(1.5 -2.29755e-13 0)
(1.5 -1.29431e-13 0)
(1.5 -1.21588e-13 0)
(1.5 -2.23534e-13 0)
(1.5 -2.76155e-13 0)
(1.5 -2.69494e-13 0)
(1.5 -2.98184e-13 0)
(1.5 -1.91222e-13 0)
(1.5 -1.51078e-13 0)
(1.5 -2.05325e-13 0)
(1.5 -2.09566e-13 0)
(1.5 -1.90724e-13 0)
(1.5 -1.55474e-13 0)
(1.5 -9.76817e-14 0)
(1.5 -3.89987e-14 0)
(1.5 7.59838e-14 0)
(1.5 9.42538e-14 0)
(1.5 2.02892e-13 0)
(1.5 2.98777e-13 0)
(1.5 3.16413e-13 0)
(1.5 2.58005e-13 0)
(1.5 2.03942e-13 0)
(1.5 2.01206e-13 0)
(1.5 1.31847e-13 0)
(1.5 2.20612e-13 0)
(1.5 2.61341e-13 0)
(1.5 3.15074e-13 0)
(1.5 2.91189e-13 0)
(1.5 2.59224e-13 0)
(1.5 2.33407e-13 0)
(1.5 2.40722e-13 0)
(1.5 1.85234e-13 0)
(1.5 1.69825e-13 0)
(1.5 2.94133e-13 0)
(1.5 4.05239e-13 0)
(1.5 3.49349e-13 0)
(1.5 3.14657e-13 0)
(1.5 2.552e-13 0)
(1.5 1.85353e-13 0)
(1.5 1.22721e-13 0)
(1.5 -4.38793e-14 0)
(1.5 -1.47149e-13 0)
(1.5 -1.92274e-13 0)
(1.5 -3.64606e-13 0)
(1.5 -3.99504e-13 0)
(1.5 -5.03241e-13 0)
(1.5 -4.70742e-13 0)
(1.5 -3.62784e-13 0)
(1.5 -3.53044e-13 0)
(1.5 -3.68553e-13 0)
(1.5 -4.10947e-13 0)
(1.5 -3.83503e-13 0)
(1.5 -4.33491e-13 0)
(1.5 -5.7194e-13 0)
(1.5 -5.52715e-13 0)
(1.5 -4.88541e-13 0)
(1.5 -2.75825e-13 0)
(1.5 -1.19858e-13 0)
(1.5 5.05852e-14 0)
(1.5 2.0536e-13 0)
(1.5 1.49313e-13 0)
(1.5 1.70519e-13 0)
(1.5 2.24433e-13 0)
(1.5 3.2829e-13 0)
(1.5 5.19571e-13 0)
(1.5 6.53491e-13 0)
(1.5 6.21797e-13 0)
(1.5 5.63681e-13 0)
(1.5 6.10818e-13 0)
(1.5 5.98658e-13 0)
(1.5 6.50265e-13 0)
(1.5 7.26683e-13 0)
(1.5 7.27917e-13 0)
(1.5 6.92672e-13 0)
(1.5 6.79369e-13 0)
(1.5 6.61272e-13 0)
(1.5 5.96225e-13 0)
(1.5 5.10473e-13 0)
(1.5 4.14462e-13 0)
(1.5 2.44585e-13 0)
(1.5 2.54947e-13 0)
(1.5 2.00277e-13 0)
(1.5 2.85602e-13 0)
(1.5 3.14244e-13 0)
(1.5 1.7576e-13 0)
(1.5 1.36201e-13 0)
(1.5 1.62256e-13 0)
(1.5 2.82068e-13 0)
(1.5 2.50015e-13 0)
(1.5 1.70303e-13 0)
(1.5 9.25335e-14 0)
(1.5 6.92592e-14 0)
(1.5 7.94554e-14 0)
(1.5 3.16113e-14 0)
(1.5 -2.00923e-14 0)
(1.5 1.32131e-14 0)
(1.5 2.5793e-14 0)
(1.5 4.68204e-14 0)
(1.5 4.86997e-14 0)
(1.5 4.89203e-14 0)
(1.5 1.12166e-14 0)
(1.5 -8.04533e-15 0)
(1.5 -1.50488e-13 0)
(1.5 -2.89379e-13 0)
(1.5 -3.06989e-13 0)
(1.5 -2.66268e-13 0)
(1.5 -1.95087e-13 0)
(1.5 -2.03609e-13 0)
(1.5 -2.51239e-13 0)
(1.5 -3.45794e-13 0)
(1.5 -1.97651e-13 0)
(1.5 -1.87324e-13 0)
(1.5 -2.62891e-13 0)
(1.5 -3.46518e-13 0)
(1.5 -3.8721e-13 0)
(1.5 -4.02568e-13 0)
(1.5 -4.1947e-13 0)
(1.5 -5.10859e-13 0)
(1.5 -5.51912e-13 0)
(1.5 -5.36347e-13 0)
(1.5 -4.19938e-13 0)
(1.5 -4.54808e-13 0)
(1.5 -4.37331e-13 0)
(1.5 -1.96971e-13 0)
(1.5 -6.84854e-14 0)
(1.5 -4.97419e-14 0)
(1.5 -2.57541e-14 0)
(1.5 3.35219e-14 0)
(1.5 8.7153e-14 0)
(1.5 4.09862e-14 0)
(1.5 -5.95393e-14 0)
(1.5 -2.27675e-13 0)
(1.5 -2.82326e-13 0)
(1.5 -2.25005e-13 0)
(1.5 -2.95183e-13 0)
(1.5 -2.37221e-13 0)
(1.5 -1.30673e-13 0)
(1.5 -6.36381e-14 0)
(1.5 -1.60431e-13 0)
(1.5 -1.39711e-13 0)
(1.5 -1.6775e-13 0)
(1.5 -2.09439e-13 0)
(1.5 -1.88238e-13 0)
(1.5 -2.94121e-13 0)
(1.5 -3.24033e-13 0)
(1.5 -4.07432e-13 0)
(1.5 -5.24049e-13 0)
(1.5 -4.09879e-13 0)
(1.5 -3.50596e-13 0)
(1.5 -2.30578e-13 0)
(1.5 -1.53912e-13 0)
(1.5 -1.08707e-13 0)
(1.5 -5.95255e-14 0)
(1.5 -6.2241e-14 0)
(1.5 -4.23234e-14 0)
(1.5 -8.44155e-14 0)
(1.5 -1.64537e-13 0)
(1.5 -2.06496e-13 0)
(1.5 -1.97018e-13 0)
(1.5 -4.0328e-13 0)
(1.5 -4.30862e-13 0)
(1.5 -4.27281e-13 0)
(1.5 -4.71077e-13 0)
(1.5 -3.89811e-13 0)
(1.5 -2.71969e-13 0)
(1.5 -2.25663e-13 0)
(1.5 -2.87605e-13 0)
(1.5 -3.02496e-13 0)
(1.5 -6.35045e-14 0)
(1.5 -7.45332e-14 0)
(1.5 -3.14084e-14 0)
(1.5 -6.66057e-14 0)
(1.5 1.22728e-14 0)
(1.5 4.40842e-14 0)
(1.5 4.80413e-14 0)
(1.5 2.91557e-15 0)
(1.5 2.73566e-14 0)
(1.5 1.35015e-13 0)
(1.5 3.25316e-13 0)
(1.5 4.3237e-13 0)
(1.5 5.27246e-13 0)
(1.5 5.99191e-13 0)
(1.5 6.00408e-13 0)
(1.5 5.79345e-13 0)
(1.5 4.3168e-13 0)
(1.5 1.87748e-13 0)
(1.5 4.29068e-16 0)
(1.5 -1.40766e-13 0)
(1.5 -1.62909e-13 0)
(1.5 -7.83441e-14 0)
(1.5 -7.3537e-14 0)
(1.5 -8.36726e-14 0)
(1.5 -7.93232e-14 0)
(1.5 -1.39007e-13 0)
(1.5 -1.80933e-13 0)
(1.5 -1.74774e-13 0)
(1.5 -2.04024e-13 0)
(1.5 -2.90891e-13 0)
(1.5 -3.28511e-13 0)
(1.5 -2.45938e-13 0)
(1.5 -1.85602e-13 0)
(1.5 -1.4133e-13 0)
(1.5 -2.24823e-13 0)
(1.5 -3.08726e-13 0)
(1.5 -3.24906e-13 0)
(1.5 -2.88977e-13 0)
(1.5 -2.87806e-13 0)
(1.5 -1.95373e-13 0)
(1.5 -1.45439e-13 0)
(1.5 -8.31796e-14 0)
(1.5 -3.91904e-14 0)
(1.5 8.37942e-14 0)
(1.5 3.81784e-14 0)
(1.5 8.9897e-14 0)
(1.5 1.21315e-13 0)
(1.5 1.07321e-13 0)
(1.5 1.77131e-13 0)
(1.5 1.89291e-13 0)
(1.5 2.25537e-13 0)
(1.5 3.16982e-13 0)
(1.5 3.30917e-13 0)
(1.5 2.911e-13 0)
(1.5 2.06429e-13 0)
(1.5 1.99239e-13 0)
(1.5 2.39475e-13 0)
(1.5 3.16868e-13 0)
(1.5 3.49165e-13 0)
(1.5 3.22708e-13 0)
(1.5 3.38289e-13 0)
(1.5 2.99535e-13 0)
(1.5 2.75514e-13 0)
(1.5 2.9327e-13 0)
(1.5 2.4236e-13 0)
(1.5 2.53867e-13 0)
(1.5 3.05063e-13 0)
(1.5 2.93547e-13 0)
(1.5 2.41376e-13 0)
(1.5 1.73325e-13 0)
(1.5 1.65631e-13 0)
(1.5 6.77772e-14 0)
(1.5 -4.09026e-14 0)
(1.5 -1.04695e-13 0)
(1.5 -2.00106e-13 0)
(1.5 -3.50007e-13 0)
(1.5 -4.44361e-13 0)
(1.5 -4.33463e-13 0)
(1.5 -3.67266e-13 0)
(1.5 -3.32701e-13 0)
(1.5 -3.80568e-13 0)
(1.5 -4.15923e-13 0)
(1.5 -5.78186e-13 0)
(1.5 -5.32265e-13 0)
(1.5 -5.49688e-13 0)
(1.5 -5.93254e-13 0)
(1.5 -5.29356e-13 0)
(1.5 -3.5511e-13 0)
(1.5 -2.34976e-13 0)
(1.5 -2.04637e-13 0)
(1.5 -1.06519e-13 0)
(1.5 1.6304e-13 0)
(1.5 1.65787e-13 0)
(1.5 2.19385e-13 0)
(1.5 2.9681e-13 0)
(1.5 3.29313e-13 0)
(1.5 3.80854e-13 0)
(1.5 4.40468e-13 0)
(1.5 4.19245e-13 0)
(1.5 3.68669e-13 0)
(1.5 4.65702e-13 0)
(1.5 5.2243e-13 0)
(1.5 6.33467e-13 0)
(1.5 7.52113e-13 0)
(1.5 7.27201e-13 0)
(1.5 6.32466e-13 0)
(1.5 5.63935e-13 0)
(1.5 4.68105e-13 0)
(1.5 3.61398e-13 0)
(1.5 2.33174e-13 0)
(1.5 1.52708e-13 0)
(1.5 1.69603e-13 0)
(1.5 1.69499e-13 0)
(1.5 1.68319e-13 0)
(1.5 1.64656e-13 0)
(1.5 1.34548e-13 0)
(1.5 -7.68738e-14 0)
(1.5 -1.25425e-13 0)
(1.5 -2.67236e-14 0)
(1.5 1.10734e-13 0)
(1.5 9.45365e-14 0)
(1.5 7.10795e-14 0)
(1.5 4.62733e-14 0)
(1.5 1.24216e-14 0)
(1.5 -2.16728e-14 0)
(1.5 -1.65222e-14 0)
(1.5 3.16019e-14 0)
(1.5 1.53785e-13 0)
(1.5 1.25886e-13 0)
(1.5 4.68959e-14 0)
(1.5 3.52759e-14 0)
(1.5 6.20244e-14 0)
(1.5 6.19644e-14 0)
(1.5 -5.68767e-15 0)
(1.5 -1.31914e-13 0)
(1.5 -3.11675e-13 0)
(1.5 -3.73716e-13 0)
(1.5 -2.99009e-13 0)
(1.5 -2.41403e-13 0)
(1.5 -2.04826e-13 0)
(1.5 -3.14138e-13 0)
(1.5 -3.02387e-13 0)
(1.5 -1.89657e-13 0)
(1.5 -1.7312e-13 0)
(1.5 -3.45609e-13 0)
(1.5 -5.22008e-13 0)
(1.5 -5.13011e-13 0)
(1.5 -3.63731e-13 0)
(1.5 -2.87367e-13 0)
(1.5 -1.78251e-13 0)
(1.5 -2.86438e-13 0)
(1.5 -3.05196e-13 0)
(1.5 -3.75632e-13 0)
(1.5 -4.78324e-13 0)
(1.5 -5.2813e-13 0)
(1.5 -3.93088e-13 0)
(1.5 -1.6933e-13 0)
(1.5 1.60281e-14 0)
(1.5 9.32647e-14 0)
(1.5 1.51516e-13 0)
(1.5 1.75509e-13 0)
(1.5 4.63928e-14 0)
(1.5 -3.97241e-14 0)
(1.5 -8.64182e-14 0)
(1.5 -1.34083e-13 0)
(1.5 -1.06903e-13 0)
(1.5 -1.28171e-13 0)
(1.5 -1.63461e-13 0)
(1.5 -1.27076e-13 0)
(1.5 -1.47671e-13 0)
(1.5 -2.74372e-13 0)
(1.5 -2.78812e-13 0)
(1.5 -2.43825e-13 0)
(1.5 -2.23885e-13 0)
(1.5 -1.82534e-13 0)
(1.5 -2.40709e-13 0)
(1.5 -2.71521e-13 0)
(1.5 -3.239e-13 0)
(1.5 -3.45471e-13 0)
(1.5 -2.17808e-13 0)
(1.5 -2.53613e-13 0)
(1.5 -2.21762e-13 0)
(1.5 -1.6843e-13 0)
(1.5 -1.00203e-13 0)
(1.5 -1.10898e-13 0)
(1.5 -1.54252e-13 0)
(1.5 -9.49449e-14 0)
(1.5 -7.92158e-14 0)
(1.5 -9.38169e-14 0)
(1.5 -1.59463e-13 0)
(1.5 -2.51626e-13 0)
(1.5 -3.2543e-13 0)
(1.5 -3.1703e-13 0)
(1.5 -2.82414e-13 0)
(1.5 -3.10446e-13 0)
(1.5 -1.73263e-13 0)
(1.5 -2.02162e-13 0)
(1.5 -3.25292e-13 0)
(1.5 -4.7444e-13 0)
(1.5 -4.94741e-13 0)
(1.5 -1.82304e-14 0)
(1.5 -9.56668e-14 0)
(1.5 -2.71459e-14 0)
(1.5 -1.13323e-13 0)
(1.5 -1.54215e-13 0)
(1.5 -1.03314e-13 0)
(1.5 3.13565e-15 0)
(1.5 4.62006e-14 0)
(1.5 1.00703e-13 0)
(1.5 3.66722e-13 0)
(1.5 5.67922e-13 0)
(1.5 5.70995e-13 0)
(1.5 6.46558e-13 0)
(1.5 7.47518e-13 0)
(1.5 6.53208e-13 0)
(1.5 5.46085e-13 0)
(1.5 2.80034e-13 0)
(1.5 7.05935e-14 0)
(1.5 -1.05564e-13 0)
(1.5 -1.66961e-13 0)
(1.5 -1.56001e-13 0)
(1.5 -7.20035e-14 0)
(1.5 -2.04634e-14 0)
(1.5 -7.30296e-14 0)
(1.5 -1.28958e-13 0)
(1.5 -1.16416e-13 0)
(1.5 -2.03755e-13 0)
(1.5 -1.62484e-13 0)
(1.5 -1.93159e-13 0)
(1.5 -2.69487e-13 0)
(1.5 -3.91223e-13 0)
(1.5 -2.87212e-13 0)
(1.5 -1.28327e-13 0)
(1.5 -9.89022e-14 0)
(1.5 -1.60131e-13 0)
(1.5 -2.81938e-13 0)
(1.5 -2.7875e-13 0)
(1.5 -2.8785e-13 0)
(1.5 -2.7681e-13 0)
(1.5 -2.57805e-13 0)
(1.5 -1.59882e-13 0)
(1.5 1.49657e-14 0)
(1.5 1.65135e-13 0)
(1.5 2.67919e-13 0)
(1.5 2.37448e-13 0)
(1.5 2.55972e-13 0)
(1.5 1.79357e-13 0)
(1.5 8.72083e-14 0)
(1.5 1.77905e-13 0)
(1.5 1.99451e-13 0)
(1.5 1.73978e-13 0)
(1.5 2.17661e-13 0)
(1.5 3.22748e-13 0)
(1.5 2.9205e-13 0)
(1.5 2.3382e-13 0)
(1.5 2.79785e-13 0)
(1.5 2.96541e-13 0)
(1.5 2.8301e-13 0)
(1.5 3.31583e-13 0)
(1.5 3.72706e-13 0)
(1.5 3.87255e-13 0)
(1.5 3.09989e-13 0)
(1.5 2.77066e-13 0)
(1.5 3.61597e-13 0)
(1.5 2.96761e-13 0)
(1.5 1.9405e-13 0)
(1.5 2.17681e-13 0)
(1.5 2.71172e-13 0)
(1.5 2.18692e-13 0)
(1.5 1.80152e-13 0)
(1.5 1.11242e-13 0)
(1.5 -4.50916e-15 0)
(1.5 -1.65497e-14 0)
(1.5 -1.73175e-13 0)
(1.5 -2.90955e-13 0)
(1.5 -3.35e-13 0)
(1.5 -4.5422e-13 0)
(1.5 -3.84045e-13 0)
(1.5 -2.50309e-13 0)
(1.5 -3.10689e-13 0)
(1.5 -4.11077e-13 0)
(1.5 -5.53005e-13 0)
(1.5 -6.49334e-13 0)
(1.5 -6.05239e-13 0)
(1.5 -5.21605e-13 0)
(1.5 -5.17263e-13 0)
(1.5 -4.83261e-13 0)
(1.5 -2.65753e-13 0)
(1.5 -2.3053e-13 0)
(1.5 -2.08857e-13 0)
(1.5 -1.13503e-13 0)
(1.5 1.22431e-13 0)
(1.5 1.70459e-13 0)
(1.5 2.11797e-13 0)
(1.5 2.02475e-13 0)
(1.5 2.63315e-13 0)
(1.5 3.36372e-13 0)
(1.5 3.56527e-13 0)
(1.5 3.65208e-13 0)
(1.5 3.8933e-13 0)
(1.5 4.68599e-13 0)
(1.5 5.17571e-13 0)
(1.5 5.75995e-13 0)
(1.5 5.61507e-13 0)
(1.5 5.53109e-13 0)
(1.5 4.48861e-13 0)
(1.5 3.93757e-13 0)
(1.5 3.18138e-13 0)
(1.5 2.5119e-13 0)
(1.5 1.14143e-13 0)
(1.5 8.83978e-14 0)
(1.5 2.51368e-13 0)
(1.5 2.49988e-13 0)
(1.5 1.81695e-13 0)
(1.5 6.84274e-14 0)
(1.5 8.73717e-14 0)
(1.5 -7.0544e-14 0)
(1.5 -9.79291e-14 0)
(1.5 1.88139e-14 0)
(1.5 8.74139e-14 0)
(1.5 8.05602e-14 0)
(1.5 7.68282e-14 0)
(1.5 4.57189e-14 0)
(1.5 1.98774e-14 0)
(1.5 -4.28365e-14 0)
(1.5 2.52132e-14 0)
(1.5 4.99166e-14 0)
(1.5 1.51849e-13 0)
(1.5 1.01598e-13 0)
(1.5 -8.99433e-15 0)
(1.5 1.08737e-15 0)
(1.5 7.94478e-14 0)
(1.5 8.27225e-14 0)
(1.5 -4.23089e-14 0)
(1.5 -1.18583e-13 0)
(1.5 -2.42573e-13 0)
(1.5 -2.84934e-13 0)
(1.5 -2.96996e-13 0)
(1.5 -2.74478e-13 0)
(1.5 -2.63041e-13 0)
(1.5 -3.42993e-13 0)
(1.5 -2.60724e-13 0)
(1.5 -2.37041e-13 0)
(1.5 -2.3686e-13 0)
(1.5 -3.68105e-13 0)
(1.5 -5.00406e-13 0)
(1.5 -4.91581e-13 0)
(1.5 -2.87304e-13 0)
(1.5 -1.61733e-13 0)
(1.5 -2.0582e-14 0)
(1.5 -1.06635e-13 0)
(1.5 -2.0628e-13 0)
(1.5 -3.37828e-13 0)
(1.5 -4.27352e-13 0)
(1.5 -3.7877e-13 0)
(1.5 -3.43181e-13 0)
(1.5 -1.43849e-13 0)
(1.5 3.19966e-14 0)
(1.5 1.98903e-13 0)
(1.5 1.67263e-13 0)
(1.5 1.33574e-13 0)
(1.5 2.32963e-14 0)
(1.5 -4.25131e-14 0)
(1.5 -7.05652e-14 0)
(1.5 -7.8415e-14 0)
(1.5 -5.94246e-14 0)
(1.5 -3.592e-14 0)
(1.5 -2.7891e-14 0)
(1.5 -1.28852e-14 0)
(1.5 -6.92188e-14 0)
(1.5 -1.8605e-13 0)
(1.5 -1.82643e-13 0)
(1.5 -1.60071e-13 0)
(1.5 -2.24952e-13 0)
(1.5 -2.37356e-13 0)
(1.5 -2.93364e-13 0)
(1.5 -3.10037e-13 0)
(1.5 -2.79663e-13 0)
(1.5 -1.72718e-13 0)
(1.5 -8.99088e-14 0)
(1.5 -1.36202e-13 0)
(1.5 -2.23729e-13 0)
(1.5 -1.57032e-13 0)
(1.5 -3.80578e-14 0)
(1.5 -1.10011e-13 0)
(1.5 -1.45879e-13 0)
(1.5 -1.66299e-13 0)
(1.5 -1.56438e-13 0)
(1.5 -7.22489e-14 0)
(1.5 -1.1045e-13 0)
(1.5 -2.56289e-13 0)
(1.5 -1.9895e-13 0)
(1.5 -1.38592e-13 0)
(1.5 -7.44295e-14 0)
(1.5 -1.28577e-13 0)
(1.5 -1.2926e-13 0)
(1.5 -1.96966e-13 0)
(1.5 -3.81489e-13 0)
(1.5 -5.67849e-13 0)
(1.5 -6.30376e-13 0)
(1.5 -3.94867e-14 0)
(1.5 -1.6909e-13 0)
(1.5 -2.39452e-13 0)
(1.5 -2.55436e-13 0)
(1.5 -2.4622e-13 0)
(1.5 -1.47716e-13 0)
(1.5 4.1386e-14 0)
(1.5 2.01632e-13 0)
(1.5 3.04907e-13 0)
(1.5 4.63e-13 0)
(1.5 6.30371e-13 0)
(1.5 5.80353e-13 0)
(1.5 5.78551e-13 0)
(1.5 5.97669e-13 0)
(1.5 4.1815e-13 0)
(1.5 3.07539e-13 0)
(1.5 6.22446e-14 0)
(1.5 -6.16261e-14 0)
(1.5 -1.59916e-13 0)
(1.5 -2.30276e-13 0)
(1.5 -1.96565e-13 0)
(1.5 -2.07571e-13 0)
(1.5 -1.65121e-13 0)
(1.5 -1.64051e-13 0)
(1.5 -2.23148e-13 0)
(1.5 -1.94224e-13 0)
(1.5 -2.69112e-13 0)
(1.5 -2.1431e-13 0)
(1.5 -2.0441e-13 0)
(1.5 -2.86518e-13 0)
(1.5 -4.08717e-13 0)
(1.5 -3.13363e-13 0)
(1.5 -1.7137e-13 0)
(1.5 -1.62592e-13 0)
(1.5 -1.79988e-13 0)
(1.5 -3.1788e-13 0)
(1.5 -3.40468e-13 0)
(1.5 -3.5136e-13 0)
(1.5 -3.21144e-13 0)
(1.5 -3.45583e-13 0)
(1.5 -2.52656e-13 0)
(1.5 -7.94264e-14 0)
(1.5 4.84067e-14 0)
(1.5 7.7901e-14 0)
(1.5 1.13883e-13 0)
(1.5 1.48159e-13 0)
(1.5 1.09315e-13 0)
(1.5 4.80134e-14 0)
(1.5 1.00905e-13 0)
(1.5 1.7844e-13 0)
(1.5 1.15136e-13 0)
(1.5 1.37647e-13 0)
(1.5 1.79201e-13 0)
(1.5 2.02466e-13 0)
(1.5 1.84931e-13 0)
(1.5 1.80412e-13 0)
(1.5 1.40502e-13 0)
(1.5 7.58741e-14 0)
(1.5 1.51143e-13 0)
(1.5 2.27797e-13 0)
(1.5 2.39829e-13 0)
(1.5 1.63966e-13 0)
(1.5 1.66181e-13 0)
(1.5 2.12085e-13 0)
(1.5 1.45275e-13 0)
(1.5 8.13494e-14 0)
(1.5 5.74713e-14 0)
(1.5 9.67863e-14 0)
(1.5 9.10915e-14 0)
(1.5 4.25428e-14 0)
(1.5 6.76965e-14 0)
(1.5 4.2843e-15 0)
(1.5 5.14651e-14 0)
(1.5 -7.29938e-14 0)
(1.5 -8.09013e-14 0)
(1.5 -9.22211e-14 0)
(1.5 -2.57418e-13 0)
(1.5 -3.26758e-13 0)
(1.5 -2.80667e-13 0)
(1.5 -2.87359e-13 0)
(1.5 -3.69981e-13 0)
(1.5 -4.78044e-13 0)
(1.5 -4.80359e-13 0)
(1.5 -4.59959e-13 0)
(1.5 -3.47459e-13 0)
(1.5 -3.17947e-13 0)
(1.5 -3.43445e-13 0)
(1.5 -2.57568e-13 0)
(1.5 -2.91042e-13 0)
(1.5 -3.15174e-13 0)
(1.5 -2.04902e-13 0)
(1.5 -6.27837e-14 0)
(1.5 5.49808e-14 0)
(1.5 4.79775e-14 0)
(1.5 4.11925e-14 0)
(1.5 2.54813e-13 0)
(1.5 3.44577e-13 0)
(1.5 4.28221e-13 0)
(1.5 4.41866e-13 0)
(1.5 4.84531e-13 0)
(1.5 5.31243e-13 0)
(1.5 4.71922e-13 0)
(1.5 3.86174e-13 0)
(1.5 3.17626e-13 0)
(1.5 3.22181e-13 0)
(1.5 3.4768e-13 0)
(1.5 2.99976e-13 0)
(1.5 2.90976e-13 0)
(1.5 2.53274e-13 0)
(1.5 1.64961e-13 0)
(1.5 1.44727e-13 0)
(1.5 2.20016e-13 0)
(1.5 2.34796e-13 0)
(1.5 2.24069e-13 0)
(1.5 1.33127e-13 0)
(1.5 1.21159e-13 0)
(1.5 9.10427e-14 0)
(1.5 1.19951e-13 0)
(1.5 1.53791e-13 0)
(1.5 1.88475e-13 0)
(1.5 1.81013e-13 0)
(1.5 1.45643e-13 0)
(1.5 1.29644e-13 0)
(1.5 1.43986e-13 0)
(1.5 3.46671e-14 0)
(1.5 -6.59696e-15 0)
(1.5 1.11181e-14 0)
(1.5 6.87924e-14 0)
(1.5 -2.47358e-14 0)
(1.5 -1.24168e-13 0)
(1.5 -9.48267e-14 0)
(1.5 -2.89129e-14 0)
(1.5 3.06936e-15 0)
(1.5 -2.20916e-14 0)
(1.5 -7.58479e-14 0)
(1.5 -5.00634e-14 0)
(1.5 -9.50819e-14 0)
(1.5 -2.27694e-13 0)
(1.5 -2.33685e-13 0)
(1.5 -2.27755e-13 0)
(1.5 -2.72928e-13 0)
(1.5 -3.35261e-13 0)
(1.5 -3.54321e-13 0)
(1.5 -4.39219e-13 0)
(1.5 -4.60966e-13 0)
(1.5 -4.21081e-13 0)
(1.5 -4.26123e-13 0)
(1.5 -2.86733e-13 0)
(1.5 -1.62745e-13 0)
(1.5 -9.37216e-14 0)
(1.5 -1.01716e-13 0)
(1.5 -1.58127e-13 0)
(1.5 -2.04498e-13 0)
(1.5 -2.18968e-13 0)
(1.5 -1.81032e-13 0)
(1.5 -2.19646e-13 0)
(1.5 -1.22068e-13 0)
(1.5 6.17576e-14 0)
(1.5 2.43076e-13 0)
(1.5 1.85805e-13 0)
(1.5 2.14961e-13 0)
(1.5 1.56168e-13 0)
(1.5 2.56421e-14 0)
(1.5 -1.17527e-14 0)
(1.5 -1.05465e-13 0)
(1.5 -6.14823e-14 0)
(1.5 -1.99272e-14 0)
(1.5 3.63994e-14 0)
(1.5 1.50939e-13 0)
(1.5 9.29466e-14 0)
(1.5 5.64019e-14 0)
(1.5 6.79297e-14 0)
(1.5 -3.05275e-14 0)
(1.5 -1.38065e-13 0)
(1.5 -2.01837e-13 0)
(1.5 -2.11877e-13 0)
(1.5 -1.85751e-13 0)
(1.5 -1.42813e-13 0)
(1.5 1.6284e-14 0)
(1.5 -4.88791e-15 0)
(1.5 -6.53521e-14 0)
(1.5 -1.35477e-13 0)
(1.5 -9.53538e-14 0)
(1.5 4.13984e-15 0)
(1.5 -1.15837e-13 0)
(1.5 -1.04227e-13 0)
(1.5 -1.20323e-13 0)
(1.5 -1.18302e-13 0)
(1.5 3.35251e-14 0)
(1.5 -8.91814e-15 0)
(1.5 -1.87467e-13 0)
(1.5 -8.9073e-14 0)
(1.5 -9.2615e-14 0)
(1.5 -4.23505e-14 0)
(1.5 -8.4686e-14 0)
(1.5 -2.04834e-13 0)
(1.5 -1.93014e-13 0)
(1.5 -3.82236e-13 0)
(1.5 -4.82079e-13 0)
(1.5 -6.11858e-13 0)
(1.5 -1.04752e-13 0)
(1.5 -2.12974e-13 0)
(1.5 -3.30863e-13 0)
(1.5 -3.01843e-13 0)
(1.5 -2.14296e-13 0)
(1.5 -6.00188e-14 0)
(1.5 1.09582e-13 0)
(1.5 2.69184e-13 0)
(1.5 3.13638e-13 0)
(1.5 3.44381e-13 0)
(1.5 4.57445e-13 0)
(1.5 5.1128e-13 0)
(1.5 4.9188e-13 0)
(1.5 3.53056e-13 0)
(1.5 1.14259e-13 0)
(1.5 6.69709e-14 0)
(1.5 -4.45164e-14 0)
(1.5 -4.98353e-14 0)
(1.5 -4.75502e-14 0)
(1.5 -5.99517e-14 0)
(1.5 1.07815e-14 0)
(1.5 3.24433e-15 0)
(1.5 -8.07605e-14 0)
(1.5 -9.67205e-14 0)
(1.5 -1.26955e-13 0)
(1.5 -9.65047e-14 0)
(1.5 -9.17507e-14 0)
(1.5 -9.69262e-14 0)
(1.5 -8.69143e-14 0)
(1.5 -1.51916e-13 0)
(1.5 -1.82668e-13 0)
(1.5 -1.76439e-13 0)
(1.5 -1.04224e-13 0)
(1.5 -1.01092e-13 0)
(1.5 -1.01469e-13 0)
(1.5 -1.61034e-13 0)
(1.5 -2.28057e-13 0)
(1.5 -2.23742e-13 0)
(1.5 -1.61876e-13 0)
(1.5 -1.85107e-13 0)
(1.5 -1.40248e-13 0)
(1.5 -4.62857e-14 0)
(1.5 -1.06147e-14 0)
(1.5 4.61871e-15 0)
(1.5 6.09373e-14 0)
(1.5 5.5266e-14 0)
(1.5 1.12289e-13 0)
(1.5 1.40866e-13 0)
(1.5 1.86608e-13 0)
(1.5 2.17729e-13 0)
(1.5 2.30673e-13 0)
(1.5 2.58868e-13 0)
(1.5 2.12434e-13 0)
(1.5 2.22054e-13 0)
(1.5 1.9807e-13 0)
(1.5 1.76357e-13 0)
(1.5 1.34107e-13 0)
(1.5 6.41086e-14 0)
(1.5 7.5925e-14 0)
(1.5 1.55218e-13 0)
(1.5 1.70584e-13 0)
(1.5 1.63488e-13 0)
(1.5 1.5934e-13 0)
(1.5 1.48505e-13 0)
(1.5 9.27602e-14 0)
(1.5 1.51161e-13 0)
(1.5 1.17196e-13 0)
(1.5 1.36937e-13 0)
(1.5 1.3518e-13 0)
(1.5 7.88623e-14 0)
(1.5 9.84433e-14 0)
(1.5 9.2702e-14 0)
(1.5 1.35309e-13 0)
(1.5 1.05465e-13 0)
(1.5 7.50661e-14 0)
(1.5 2.73381e-14 0)
(1.5 -1.01081e-13 0)
(1.5 -1.68777e-13 0)
(1.5 -2.12871e-13 0)
(1.5 -1.88053e-13 0)
(1.5 -2.64652e-13 0)
(1.5 -3.21621e-13 0)
(1.5 -2.40113e-13 0)
(1.5 -3.21561e-13 0)
(1.5 -2.77972e-13 0)
(1.5 -1.59645e-13 0)
(1.5 -1.89073e-13 0)
(1.5 -2.49442e-13 0)
(1.5 -3.71387e-13 0)
(1.5 -4.11649e-13 0)
(1.5 -3.26211e-13 0)
(1.5 -2.87998e-13 0)
(1.5 -1.69099e-13 0)
(1.5 -1.40025e-13 0)
(1.5 -4.61815e-14 0)
(1.5 1.27983e-13 0)
(1.5 2.10668e-13 0)
(1.5 2.99847e-13 0)
(1.5 3.47468e-13 0)
(1.5 3.37718e-13 0)
(1.5 3.5203e-13 0)
(1.5 3.23553e-13 0)
(1.5 2.74049e-13 0)
(1.5 2.5938e-13 0)
(1.5 2.23892e-13 0)
(1.5 3.75289e-13 0)
(1.5 3.26779e-13 0)
(1.5 2.3896e-13 0)
(1.5 1.04283e-13 0)
(1.5 2.10701e-14 0)
(1.5 2.47108e-14 0)
(1.5 5.11543e-14 0)
(1.5 1.2977e-13 0)
(1.5 2.40815e-13 0)
(1.5 2.38327e-13 0)
(1.5 9.7279e-14 0)
(1.5 1.49346e-13 0)
(1.5 1.57459e-13 0)
(1.5 1.23747e-13 0)
(1.5 6.35028e-14 0)
(1.5 6.3254e-14 0)
(1.5 6.7222e-14 0)
(1.5 1.06416e-13 0)
(1.5 1.4899e-13 0)
(1.5 1.14516e-13 0)
(1.5 -4.06016e-14 0)
(1.5 -1.00856e-13 0)
(1.5 -8.30657e-14 0)
(1.5 -1.34551e-13 0)
(1.5 -1.21921e-13 0)
(1.5 -7.3397e-14 0)
(1.5 -6.52977e-14 0)
(1.5 -2.0824e-14 0)
(1.5 -5.15205e-15 0)
(1.5 -1.46942e-14 0)
(1.5 -3.01811e-14 0)
(1.5 -1.47309e-13 0)
(1.5 -2.06745e-13 0)
(1.5 -2.43466e-13 0)
(1.5 -2.03963e-13 0)
(1.5 -2.22313e-13 0)
(1.5 -3.15006e-13 0)
(1.5 -4.27867e-13 0)
(1.5 -5.30255e-13 0)
(1.5 -4.43508e-13 0)
(1.5 -2.69949e-13 0)
(1.5 -1.95452e-13 0)
(1.5 -2.08951e-13 0)
(1.5 -1.06395e-13 0)
(1.5 -1.15636e-14 0)
(1.5 5.35486e-14 0)
(1.5 1.11035e-13 0)
(1.5 8.17777e-14 0)
(1.5 1.26069e-14 0)
(1.5 -1.49664e-13 0)
(1.5 -2.27456e-13 0)
(1.5 -2.17505e-13 0)
(1.5 -1.10463e-13 0)
(1.5 3.70883e-14 0)
(1.5 1.85391e-13 0)
(1.5 1.80101e-13 0)
(1.5 1.06476e-13 0)
(1.5 -6.57912e-14 0)
(1.5 -7.59424e-14 0)
(1.5 -1.79514e-13 0)
(1.5 -1.80963e-13 0)
(1.5 -1.07978e-13 0)
(1.5 -2.03736e-14 0)
(1.5 1.11971e-13 0)
(1.5 8.98028e-14 0)
(1.5 1.44948e-13 0)
(1.5 1.64696e-13 0)
(1.5 4.69211e-14 0)
(1.5 -2.31727e-14 0)
(1.5 -1.68574e-13 0)
(1.5 -1.4383e-13 0)
(1.5 -7.29277e-14 0)
(1.5 -5.42746e-14 0)
(1.5 4.70502e-14 0)
(1.5 1.91439e-14 0)
(1.5 -6.22159e-14 0)
(1.5 -6.6469e-14 0)
(1.5 -9.88775e-14 0)
(1.5 -7.88546e-14 0)
(1.5 -5.03035e-14 0)
(1.5 2.48336e-14 0)
(1.5 8.54831e-14 0)
(1.5 7.29058e-14 0)
(1.5 1.89524e-13 0)
(1.5 1.57473e-13 0)
(1.5 8.6309e-14 0)
(1.5 1.33215e-13 0)
(1.5 -3.73812e-14 0)
(1.5 -5.94719e-14 0)
(1.5 6.4237e-15 0)
(1.5 -1.06195e-13 0)
(1.5 -1.87635e-13 0)
(1.5 -3.55654e-13 0)
(1.5 -4.06432e-13 0)
(1.5 -4.80306e-13 0)
(1.5 -4.42912e-14 0)
(1.5 -1.17532e-13 0)
(1.5 -2.33277e-13 0)
(1.5 -2.87201e-13 0)
(1.5 -2.6988e-13 0)
(1.5 -1.5252e-13 0)
(1.5 -5.5678e-14 0)
(1.5 9.15809e-14 0)
(1.5 1.31772e-13 0)
(1.5 2.4915e-13 0)
(1.5 3.23166e-13 0)
(1.5 3.50694e-13 0)
(1.5 2.9214e-13 0)
(1.5 1.52053e-13 0)
(1.5 1.91002e-14 0)
(1.5 4.91949e-15 0)
(1.5 1.80738e-14 0)
(1.5 1.00019e-13 0)
(1.5 1.52163e-13 0)
(1.5 1.76155e-13 0)
(1.5 2.30609e-13 0)
(1.5 1.91224e-13 0)
(1.5 2.50886e-14 0)
(1.5 -8.74241e-15 0)
(1.5 -5.53681e-14 0)
(1.5 -3.89659e-14 0)
(1.5 5.66048e-14 0)
(1.5 -2.40816e-14 0)
(1.5 2.02069e-14 0)
(1.5 6.12212e-15 0)
(1.5 3.89015e-14 0)
(1.5 -1.04332e-13 0)
(1.5 -1.15898e-13 0)
(1.5 -1.09994e-13 0)
(1.5 -8.95481e-14 0)
(1.5 -8.95364e-14 0)
(1.5 -1.61864e-13 0)
(1.5 -1.13637e-13 0)
(1.5 -1.48489e-14 0)
(1.5 -6.67822e-15 0)
(1.5 3.73443e-15 0)
(1.5 -8.37535e-15 0)
(1.5 6.18977e-15 0)
(1.5 1.59162e-16 0)
(1.5 3.87465e-14 0)
(1.5 2.066e-14 0)
(1.5 4.22839e-14 0)
(1.5 1.55753e-13 0)
(1.5 1.581e-13 0)
(1.5 1.40048e-13 0)
(1.5 2.17825e-13 0)
(1.5 2.35804e-13 0)
(1.5 2.20476e-13 0)
(1.5 1.73959e-13 0)
(1.5 1.60984e-13 0)
(1.5 1.45739e-13 0)
(1.5 1.08922e-13 0)
(1.5 6.90644e-14 0)
(1.5 6.60746e-14 0)
(1.5 8.97334e-14 0)
(1.5 1.08287e-13 0)
(1.5 1.4027e-13 0)
(1.5 1.28996e-13 0)
(1.5 7.21121e-14 0)
(1.5 2.7609e-14 0)
(1.5 8.13935e-14 0)
(1.5 9.06871e-14 0)
(1.5 1.12254e-13 0)
(1.5 1.06923e-13 0)
(1.5 9.89e-14 0)
(1.5 6.4176e-14 0)
(1.5 1.8008e-13 0)
(1.5 1.66667e-13 0)
(1.5 2.09627e-13 0)
(1.5 1.42074e-13 0)
(1.5 2.82255e-14 0)
(1.5 1.39642e-14 0)
(1.5 -5.65059e-14 0)
(1.5 -1.68417e-13 0)
(1.5 -1.42722e-13 0)
(1.5 -1.19296e-13 0)
(1.5 -1.83775e-13 0)
(1.5 -1.57311e-13 0)
(1.5 -2.30851e-13 0)
(1.5 -2.18135e-13 0)
(1.5 -1.12666e-13 0)
(1.5 -5.45478e-14 0)
(1.5 -2.03889e-13 0)
(1.5 -4.13559e-13 0)
(1.5 -3.39317e-13 0)
(1.5 -3.05805e-13 0)
(1.5 -3.43861e-13 0)
(1.5 -2.96259e-13 0)
(1.5 -2.58188e-13 0)
(1.5 -1.37245e-13 0)
(1.5 -1.70814e-14 0)
(1.5 6.05081e-14 0)
(1.5 1.62678e-13 0)
(1.5 2.73395e-13 0)
(1.5 2.98244e-13 0)
(1.5 2.45348e-13 0)
(1.5 2.04133e-13 0)
(1.5 2.03339e-13 0)
(1.5 2.74886e-13 0)
(1.5 2.94276e-13 0)
(1.5 4.35724e-13 0)
(1.5 3.35795e-13 0)
(1.5 1.70008e-13 0)
(1.5 -2.9811e-14 0)
(1.5 -1.14446e-13 0)
(1.5 -1.94687e-14 0)
(1.5 6.8586e-14 0)
(1.5 1.30977e-13 0)
(1.5 2.8865e-13 0)
(1.5 3.05822e-13 0)
(1.5 1.26605e-13 0)
(1.5 9.62428e-14 0)
(1.5 9.56316e-14 0)
(1.5 -5.1496e-15 0)
(1.5 -7.61595e-14 0)
(1.5 8.66337e-15 0)
(1.5 3.13684e-14 0)
(1.5 -9.57416e-15 0)
(1.5 -5.106e-14 0)
(1.5 4.45288e-14 0)
(1.5 -5.18673e-14 0)
(1.5 -2.21939e-13 0)
(1.5 -2.71072e-13 0)
(1.5 -1.93607e-13 0)
(1.5 -5.19055e-14 0)
(1.5 -8.31588e-14 0)
(1.5 -6.43453e-14 0)
(1.5 -3.06508e-14 0)
(1.5 -1.72337e-14 0)
(1.5 2.8883e-15 0)
(1.5 -1.12372e-13 0)
(1.5 -1.91892e-13 0)
(1.5 -1.78749e-13 0)
(1.5 -1.94467e-13 0)
(1.5 -1.16007e-13 0)
(1.5 -7.7142e-14 0)
(1.5 -7.88272e-14 0)
(1.5 -2.7451e-13 0)
(1.5 -3.4194e-13 0)
(1.5 -2.29778e-13 0)
(1.5 -6.51266e-14 0)
(1.5 -3.08037e-14 0)
(1.5 -1.58323e-13 0)
(1.5 -1.48579e-13 0)
(1.5 -1.69166e-14 0)
(1.5 1.75743e-13 0)
(1.5 2.57843e-13 0)
(1.5 1.56419e-13 0)
(1.5 1.57091e-14 0)
(1.5 -1.8608e-13 0)
(1.5 -2.58152e-13 0)
(1.5 -1.7097e-13 0)
(1.5 -9.4887e-14 0)
(1.5 -2.23082e-14 0)
(1.5 1.17501e-13 0)
(1.5 6.83228e-14 0)
(1.5 -4.38435e-14 0)
(1.5 -1.75033e-13 0)
(1.5 -2.09946e-13 0)
(1.5 -2.14201e-13 0)
(1.5 -2.21713e-13 0)
(1.5 -6.84857e-14 0)
(1.5 3.09905e-14 0)
(1.5 9.13261e-14 0)
(1.5 1.33906e-13 0)
(1.5 2.47952e-13 0)
(1.5 2.89594e-13 0)
(1.5 1.28504e-13 0)
(1.5 2.77733e-14 0)
(1.5 -7.24076e-14 0)
(1.5 -6.01022e-14 0)
(1.5 -1.68254e-14 0)
(1.5 -6.74285e-14 0)
(1.5 -4.33413e-14 0)
(1.5 6.93961e-15 0)
(1.5 -2.62311e-15 0)
(1.5 -3.28915e-14 0)
(1.5 -9.27721e-14 0)
(1.5 -1.09776e-13 0)
(1.5 2.67015e-14 0)
(1.5 9.50726e-14 0)
(1.5 2.46265e-13 0)
(1.5 1.73803e-13 0)
(1.5 1.32812e-13 0)
(1.5 1.39543e-13 0)
(1.5 1.99123e-13 0)
(1.5 2.30315e-13 0)
(1.5 8.65732e-14 0)
(1.5 1.49988e-14 0)
(1.5 8.30015e-14 0)
(1.5 -2.43896e-14 0)
(1.5 -2.13338e-13 0)
(1.5 -3.88876e-13 0)
(1.5 -4.76274e-13 0)
(1.5 -4.69204e-13 0)
(1.5 -5.86754e-15 0)
(1.5 -3.25173e-14 0)
(1.5 -1.41716e-13 0)
(1.5 -2.05766e-13 0)
(1.5 -2.35215e-13 0)
(1.5 -1.76364e-13 0)
(1.5 -1.39446e-13 0)
(1.5 -7.13878e-14 0)
(1.5 8.51471e-14 0)
(1.5 2.02064e-13 0)
(1.5 2.02593e-13 0)
(1.5 1.66218e-13 0)
(1.5 1.44458e-13 0)
(1.5 9.84119e-14 0)
(1.5 4.5211e-14 0)
(1.5 -1.90067e-14 0)
(1.5 7.18383e-14 0)
(1.5 1.0531e-13 0)
(1.5 1.55062e-13 0)
(1.5 2.07748e-13 0)
(1.5 2.61201e-13 0)
(1.5 2.13632e-13 0)
(1.5 1.06109e-13 0)
(1.5 4.60964e-14 0)
(1.5 1.58631e-16 0)
(1.5 1.41115e-14 0)
(1.5 1.03586e-13 0)
(1.5 4.14903e-14 0)
(1.5 1.00183e-13 0)
(1.5 8.57921e-14 0)
(1.5 1.02778e-13 0)
(1.5 -4.8195e-14 0)
(1.5 -9.17641e-14 0)
(1.5 -8.30472e-14 0)
(1.5 -3.34496e-14 0)
(1.5 1.29878e-14 0)
(1.5 -7.30247e-14 0)
(1.5 -6.01822e-14 0)
(1.5 3.62917e-14 0)
(1.5 9.61873e-14 0)
(1.5 1.44367e-13 0)
(1.5 1.04963e-13 0)
(1.5 7.3816e-14 0)
(1.5 5.74879e-14 0)
(1.5 2.36248e-14 0)
(1.5 3.5316e-14 0)
(1.5 2.12973e-14 0)
(1.5 1.24694e-13 0)
(1.5 9.00837e-14 0)
(1.5 8.01517e-14 0)
(1.5 1.17157e-13 0)
(1.5 1.42239e-13 0)
(1.5 1.59297e-13 0)
(1.5 1.21891e-13 0)
(1.5 1.14054e-13 0)
(1.5 8.43367e-14 0)
(1.5 5.08174e-14 0)
(1.5 2.69534e-14 0)
(1.5 2.61604e-14 0)
(1.5 2.34911e-14 0)
(1.5 3.57629e-14 0)
(1.5 1.24694e-13 0)
(1.5 1.1744e-13 0)
(1.5 1.17783e-13 0)
(1.5 6.97703e-14 0)
(1.5 -2.1624e-15 0)
(1.5 2.09165e-14 0)
(1.5 6.84507e-14 0)
(1.5 3.67911e-14 0)
(1.5 7.30246e-14 0)
(1.5 4.17121e-14 0)
(1.5 1.53074e-13 0)
(1.5 1.00881e-13 0)
(1.5 1.70752e-13 0)
(1.5 1.12869e-13 0)
(1.5 -1.32639e-14 0)
(1.5 1.91603e-14 0)
(1.5 -3.48245e-14 0)
(1.5 -1.16511e-13 0)
(1.5 -8.31347e-14 0)
(1.5 -2.44884e-14 0)
(1.5 -6.53478e-14 0)
(1.5 -1.4236e-13 0)
(1.5 -1.79822e-13 0)
(1.5 -1.81105e-13 0)
(1.5 -1.36541e-13 0)
(1.5 -6.79698e-15 0)
(1.5 -1.39558e-13 0)
(1.5 -3.20436e-13 0)
(1.5 -1.91734e-13 0)
(1.5 -2.41595e-13 0)
(1.5 -2.71405e-13 0)
(1.5 -2.15458e-13 0)
(1.5 -2.09287e-13 0)
(1.5 -1.11752e-13 0)
(1.5 -3.10178e-14 0)
(1.5 2.18858e-16 0)
(1.5 1.24425e-13 0)
(1.5 2.8633e-13 0)
(1.5 3.72497e-13 0)
(1.5 2.66222e-13 0)
(1.5 2.4007e-13 0)
(1.5 2.41722e-13 0)
(1.5 2.75057e-13 0)
(1.5 2.59673e-13 0)
(1.5 2.73939e-13 0)
(1.5 2.15598e-13 0)
(1.5 5.89236e-14 0)
(1.5 -6.56021e-14 0)
(1.5 -4.6725e-14 0)
(1.5 5.2568e-14 0)
(1.5 1.35397e-13 0)
(1.5 1.82329e-13 0)
(1.5 3.32143e-13 0)
(1.5 2.83108e-13 0)
(1.5 1.31807e-13 0)
(1.5 1.8938e-14 0)
(1.5 7.87947e-14 0)
(1.5 -2.09956e-14 0)
(1.5 -3.12338e-14 0)
(1.5 4.0729e-14 0)
(1.5 8.36219e-14 0)
(1.5 7.79473e-14 0)
(1.5 -1.04039e-13 0)
(1.5 -2.99814e-14 0)
(1.5 -7.01182e-15 0)
(1.5 -1.15205e-13 0)
(1.5 -2.25618e-13 0)
(1.5 -1.45851e-13 0)
(1.5 -2.00681e-14 0)
(1.5 -5.7922e-14 0)
(1.5 -2.56174e-14 0)
(1.5 2.67653e-14 0)
(1.5 2.03308e-14 0)
(1.5 4.05891e-14 0)
(1.5 -6.73006e-14 0)
(1.5 -1.20303e-13 0)
(1.5 -1.38087e-13 0)
(1.5 -1.19877e-13 0)
(1.5 -4.49515e-14 0)
(1.5 2.16329e-14 0)
(1.5 7.22134e-15 0)
(1.5 -1.55103e-13 0)
(1.5 -1.96489e-13 0)
(1.5 -6.97128e-14 0)
(1.5 3.15073e-14 0)
(1.5 -1.68242e-14 0)
(1.5 -9.60474e-14 0)
(1.5 -1.5681e-13 0)
(1.5 -1.28145e-13 0)
(1.5 4.29043e-14 0)
(1.5 8.83346e-14 0)
(1.5 3.36458e-14 0)
(1.5 -5.21029e-14 0)
(1.5 -1.69334e-13 0)
(1.5 -2.42365e-13 0)
(1.5 -1.15504e-13 0)
(1.5 5.04872e-14 0)
(1.5 9.37508e-14 0)
(1.5 1.26271e-13 0)
(1.5 1.00733e-13 0)
(1.5 -2.14393e-14 0)
(1.5 -1.19938e-13 0)
(1.5 -1.70676e-13 0)
(1.5 -1.38458e-13 0)
(1.5 -1.22794e-13 0)
(1.5 -7.11533e-14 0)
(1.5 -1.43712e-15 0)
(1.5 5.0077e-14 0)
(1.5 1.31096e-13 0)
(1.5 2.45538e-13 0)
(1.5 2.31152e-13 0)
(1.5 7.4001e-14 0)
(1.5 5.21855e-14 0)
(1.5 1.85407e-14 0)
(1.5 -1.01158e-13 0)
(1.5 -1.0836e-13 0)
(1.5 -1.93817e-13 0)
(1.5 -1.65504e-13 0)
(1.5 -9.71795e-14 0)
(1.5 -2.7338e-14 0)
(1.5 -6.70691e-14 0)
(1.5 -1.72842e-13 0)
(1.5 -1.58695e-13 0)
(1.5 1.1786e-14 0)
(1.5 8.34282e-14 0)
(1.5 2.57162e-13 0)
(1.5 1.63863e-13 0)
(1.5 1.51301e-14 0)
(1.5 4.81558e-14 0)
(1.5 7.8878e-14 0)
(1.5 1.39461e-13 0)
(1.5 1.79803e-13 0)
(1.5 1.40714e-13 0)
(1.5 5.09367e-14 0)
(1.5 -8.17057e-14 0)
(1.5 -1.94389e-13 0)
(1.5 -3.24309e-13 0)
(1.5 -4.46534e-13 0)
(1.5 -4.28212e-13 0)
(1.5 -5.58916e-15 0)
(1.5 -3.40109e-15 0)
(1.5 -6.47838e-14 0)
(1.5 -1.10586e-13 0)
(1.5 -1.26894e-13 0)
(1.5 -9.46206e-14 0)
(1.5 -8.70859e-14 0)
(1.5 -9.60102e-14 0)
(1.5 6.13055e-14 0)
(1.5 1.33155e-13 0)
(1.5 1.31528e-13 0)
(1.5 1.06353e-13 0)
(1.5 1.28735e-13 0)
(1.5 1.15978e-13 0)
(1.5 6.5863e-14 0)
(1.5 -7.90825e-15 0)
(1.5 4.97875e-14 0)
(1.5 4.33225e-14 0)
(1.5 7.96543e-14 0)
(1.5 1.65071e-13 0)
(1.5 2.23082e-13 0)
(1.5 2.33002e-13 0)
(1.5 1.98051e-13 0)
(1.5 1.24723e-13 0)
(1.5 1.02099e-13 0)
(1.5 1.18569e-13 0)
(1.5 1.50591e-13 0)
(1.5 1.12028e-13 0)
(1.5 1.23342e-13 0)
(1.5 1.35299e-13 0)
(1.5 1.28505e-13 0)
(1.5 6.34453e-14 0)
(1.5 2.76666e-14 0)
(1.5 3.95631e-14 0)
(1.5 9.28975e-14 0)
(1.5 1.32966e-13 0)
(1.5 7.99382e-14 0)
(1.5 4.90094e-14 0)
(1.5 8.15534e-14 0)
(1.5 1.4367e-13 0)
(1.5 2.12629e-13 0)
(1.5 2.12971e-13 0)
(1.5 1.60615e-13 0)
(1.5 1.43679e-13 0)
(1.5 8.82614e-14 0)
(1.5 9.13857e-14 0)
(1.5 8.2798e-14 0)
(1.5 1.19989e-13 0)
(1.5 1.13643e-13 0)
(1.5 1.12291e-13 0)
(1.5 1.15915e-13 0)
(1.5 1.29467e-13 0)
(1.5 1.46335e-13 0)
(1.5 1.48674e-13 0)
(1.5 1.43827e-13 0)
(1.5 1.02001e-13 0)
(1.5 8.55556e-14 0)
(1.5 7.15133e-14 0)
(1.5 6.07803e-14 0)
(1.5 6.83971e-14 0)
(1.5 7.3352e-14 0)
(1.5 1.62387e-13 0)
(1.5 1.60237e-13 0)
(1.5 2.16801e-13 0)
(1.5 1.68275e-13 0)
(1.5 6.41105e-14 0)
(1.5 6.65259e-14 0)
(1.5 1.21369e-13 0)
(1.5 1.01468e-13 0)
(1.5 1.3424e-13 0)
(1.5 8.32029e-14 0)
(1.5 8.56796e-14 0)
(1.5 6.0443e-14 0)
(1.5 7.55571e-14 0)
(1.5 2.17926e-14 0)
(1.5 -4.0957e-14 0)
(1.5 -3.8329e-14 0)
(1.5 -2.45327e-14 0)
(1.5 -2.30562e-14 0)
(1.5 -1.77214e-14 0)
(1.5 -1.40752e-14 0)
(1.5 -3.11622e-14 0)
(1.5 -8.33399e-14 0)
(1.5 -1.14606e-13 0)
(1.5 -1.40418e-13 0)
(1.5 -1.28518e-13 0)
(1.5 -4.82364e-14 0)
(1.5 -9.52592e-14 0)
(1.5 -1.8977e-13 0)
(1.5 -1.22875e-13 0)
(1.5 -1.70712e-13 0)
(1.5 -1.7345e-13 0)
(1.5 -1.20023e-13 0)
(1.5 -1.15663e-13 0)
(1.5 -6.3995e-14 0)
(1.5 -5.68116e-14 0)
(1.5 -4.48436e-14 0)
(1.5 3.64924e-14 0)
(1.5 1.87692e-13 0)
(1.5 2.83408e-13 0)
(1.5 2.1852e-13 0)
(1.5 2.53406e-13 0)
(1.5 2.8603e-13 0)
(1.5 2.75326e-13 0)
(1.5 2.06964e-13 0)
(1.5 1.43885e-13 0)
(1.5 1.48552e-13 0)
(1.5 4.27527e-14 0)
(1.5 -1.32062e-14 0)
(1.5 2.78787e-14 0)
(1.5 6.86687e-14 0)
(1.5 1.0491e-13 0)
(1.5 1.53542e-13 0)
(1.5 2.60194e-13 0)
(1.5 2.02561e-13 0)
(1.5 8.36083e-14 0)
(1.5 -1.43008e-14 0)
(1.5 2.95378e-14 0)
(1.5 -3.15732e-14 0)
(1.5 -1.69499e-14 0)
(1.5 1.67384e-14 0)
(1.5 9.1183e-14 0)
(1.5 1.56555e-13 0)
(1.5 -1.79843e-14 0)
(1.5 -3.27152e-15 0)
(1.5 4.44814e-14 0)
(1.5 3.16626e-14 0)
(1.5 -5.17409e-14 0)
(1.5 -4.04969e-14 0)
(1.5 1.79174e-14 0)
(1.5 3.76314e-14 0)
(1.5 3.22154e-14 0)
(1.5 7.56012e-14 0)
(1.5 5.40219e-14 0)
(1.5 6.77591e-14 0)
(1.5 -2.09802e-14 0)
(1.5 -6.82618e-14 0)
(1.5 -8.31738e-14 0)
(1.5 -9.13188e-14 0)
(1.5 -5.7794e-14 0)
(1.5 -1.62162e-14 0)
(1.5 -2.0961e-14 0)
(1.5 -1.0533e-13 0)
(1.5 -1.34217e-13 0)
(1.5 -5.8408e-14 0)
(1.5 -6.05487e-15 0)
(1.5 -1.78741e-14 0)
(1.5 -3.18092e-14 0)
(1.5 -8.04818e-14 0)
(1.5 -1.32207e-13 0)
(1.5 -6.71382e-14 0)
(1.5 -5.00985e-14 0)
(1.5 -1.2616e-14 0)
(1.5 -2.34084e-14 0)
(1.5 -9.7739e-14 0)
(1.5 -1.65054e-13 0)
(1.5 -1.22082e-13 0)
(1.5 1.85665e-15 0)
(1.5 6.36791e-14 0)
(1.5 1.02275e-13 0)
(1.5 1.03479e-13 0)
(1.5 2.21648e-14 0)
(1.5 -6.50495e-14 0)
(1.5 -1.15202e-13 0)
(1.5 -9.89075e-14 0)
(1.5 -9.12357e-14 0)
(1.5 -1.52419e-13 0)
(1.5 -9.70187e-14 0)
(1.5 -5.1562e-14 0)
(1.5 2.05365e-14 0)
(1.5 1.03359e-13 0)
(1.5 9.07237e-14 0)
(1.5 1.09331e-14 0)
(1.5 4.7059e-14 0)
(1.5 2.61633e-14 0)
(1.5 -1.29778e-13 0)
(1.5 -1.5242e-13 0)
(1.5 -2.1917e-13 0)
(1.5 -2.27924e-13 0)
(1.5 -1.98625e-13 0)
(1.5 -1.31287e-13 0)
(1.5 -1.03483e-13 0)
(1.5 -1.98478e-13 0)
(1.5 -1.86892e-13 0)
(1.5 -3.10119e-14 0)
(1.5 5.82049e-14 0)
(1.5 1.66703e-13 0)
(1.5 1.27499e-13 0)
(1.5 4.70015e-15 0)
(1.5 1.45641e-14 0)
(1.5 3.94951e-14 0)
(1.5 7.88562e-14 0)
(1.5 1.46887e-13 0)
(1.5 1.47379e-13 0)
(1.5 2.39008e-14 0)
(1.5 -7.3103e-14 0)
(1.5 -1.09733e-13 0)
(1.5 -1.65687e-13 0)
(1.5 -2.72954e-13 0)
(1.5 -2.65192e-13 0)
)
;

boundaryField
{
    inlet
    {
        type            fixedValue;
        value           uniform (1.5 0 0);
    }
    outlet
    {
        type            zeroGradient;
    }
    walls
    {
        type            symmetry;
    }
    frontAndBack
    {
        type            empty;
    }
}


// ************************************************************************* //
