/*--------------------------------*- C++ -*----------------------------------*\
| =========                 |                                                 |
| \\      /  F ield         | OpenFOAM: The Open Source CFD Toolbox           |
|  \\    /   O peration     | Version:  2312                                  |
|   \\  /    A nd           | Website:  www.openfoam.com                      |
|    \\/     M anipulation  |                                                 |
\*---------------------------------------------------------------------------*/
FoamFile
{
    version     2.0;
    format      ascii;
    arch        "LSB;label=32;scalar=64";
    class       volVectorField;
    location    "1.000156";
    object      U;
}
// * * * * * * * * * * * * * * * * * * * * * * * * * * * * * * * * * * * * * //

dimensions      [0 1 -1 0 0 0 0];

internalField   nonuniform List<vector> 
20000
(
(1.5 -4.82373e-15 0)
(1.5 -5.16797e-14 0)
(1.5 -1.19909e-14 0)
(1.5 8.25141e-14 0)
(1.5 3.88805e-14 0)
(1.5 3.7712e-14 0)
(1.5 8.22121e-14 0)
(1.5 3.94512e-14 0)
(1.5 -1.04708e-14 0)
(1.5 -4.78744e-15 0)
(1.5 -1.44579e-14 0)
(1.5 -7.47566e-14 0)
(1.5 -6.04204e-14 0)
(1.5 -6.6405e-14 0)
(1.5 -1.31558e-13 0)
(1.5 -1.94237e-13 0)
(1.5 -2.16264e-13 0)
(1.5 -1.88877e-13 0)
(1.5 -1.10765e-13 0)
(1.5 -4.44863e-14 0)
(1.5 -4.41995e-14 0)
(1.5 -3.00255e-14 0)
(1.5 -2.66448e-14 0)
(1.5 -4.7635e-14 0)
(1.5 -6.75767e-14 0)
(1.5 -1.30182e-13 0)
(1.5 -1.52327e-13 0)
(1.5 -1.55943e-13 0)
(1.5 -1.72966e-13 0)
(1.5 -1.18366e-13 0)
(1.5 -1.34937e-13 0)
(1.5 -1.26776e-13 0)
(1.5 -2.35718e-13 0)
(1.5 -2.74002e-13 0)
(1.5 -2.15907e-13 0)
(1.5 -1.65115e-13 0)
(1.5 -1.86258e-13 0)
(1.5 -1.70034e-13 0)
(1.5 -1.65325e-13 0)
(1.5 -1.50765e-13 0)
(1.5 -9.26234e-14 0)
(1.5 -9.71545e-14 0)
(1.5 -7.14064e-14 0)
(1.5 -1.19321e-13 0)
(1.5 -1.62013e-13 0)
(1.5 -1.54206e-13 0)
(1.5 -1.39072e-13 0)
(1.5 -1.55286e-13 0)
(1.5 -1.05667e-13 0)
(1.5 -1.05372e-13 0)
(1.5 -1.29636e-13 0)
(1.5 -1.07825e-13 0)
(1.5 -1.46473e-13 0)
(1.5 -1.04098e-13 0)
(1.5 -1.07792e-13 0)
(1.5 -1.48104e-13 0)
(1.5 -2.05949e-13 0)
(1.5 -2.29069e-13 0)
(1.5 -2.35387e-13 0)
(1.5 -1.97903e-13 0)
(1.5 -2.08065e-13 0)
(1.5 -2.05458e-13 0)
(1.5 -2.20507e-13 0)
(1.5 -1.40583e-13 0)
(1.5 -1.26892e-13 0)
(1.5 -1.03468e-13 0)
(1.5 -1.53597e-13 0)
(1.5 -1.24808e-13 0)
(1.5 -6.84157e-14 0)
(1.5 -1.23975e-13 0)
(1.5 -1.72002e-13 0)
(1.5 -1.70655e-13 0)
(1.5 -1.72546e-13 0)
(1.5 -1.54705e-13 0)
(1.5 -1.54698e-13 0)
(1.5 -2.32855e-13 0)
(1.5 -2.39173e-13 0)
(1.5 -1.96841e-13 0)
(1.5 -1.69317e-13 0)
(1.5 -1.74981e-13 0)
(1.5 -1.57664e-13 0)
(1.5 -2.11866e-13 0)
(1.5 -2.03038e-13 0)
(1.5 -1.69908e-13 0)
(1.5 -6.96046e-14 0)
(1.5 -1.01911e-13 0)
(1.5 -8.3973e-14 0)
(1.5 -4.35645e-14 0)
(1.5 -1.4853e-14 0)
(1.5 7.84006e-14 0)
(1.5 1.48766e-13 0)
(1.5 1.27218e-13 0)
(1.5 1.60503e-14 0)
(1.5 -1.63156e-13 0)
(1.5 -2.39237e-13 0)
(1.5 -2.12728e-13 0)
(1.5 -8.82566e-14 0)
(1.5 -2.06082e-14 0)
(1.5 1.70886e-14 0)
(1.5 9.41565e-14 0)
(1.5 1.06751e-13 0)
(1.5 -6.56834e-14 0)
(1.5 -1.57917e-14 0)
(1.5 -9.53453e-17 0)
(1.5 5.66621e-14 0)
(1.5 7.00702e-14 0)
(1.5 2.57688e-14 0)
(1.5 -7.51415e-14 0)
(1.5 -2.0907e-13 0)
(1.5 -1.99601e-13 0)
(1.5 -2.44503e-13 0)
(1.5 -3.27592e-13 0)
(1.5 -2.22424e-13 0)
(1.5 -1.50099e-13 0)
(1.5 -1.05082e-13 0)
(1.5 1.91237e-14 0)
(1.5 5.18354e-14 0)
(1.5 3.14733e-14 0)
(1.5 -1.95344e-14 0)
(1.5 -4.27815e-14 0)
(1.5 -3.36149e-14 0)
(1.5 2.69763e-14 0)
(1.5 -6.5493e-14 0)
(1.5 -9.01912e-14 0)
(1.5 -8.53719e-14 0)
(1.5 -3.6516e-14 0)
(1.5 -1.23424e-13 0)
(1.5 -5.99946e-14 0)
(1.5 3.91333e-14 0)
(1.5 4.8174e-14 0)
(1.5 -1.31627e-15 0)
(1.5 -8.28064e-14 0)
(1.5 -6.164e-14 0)
(1.5 -4.52809e-14 0)
(1.5 -4.74676e-14 0)
(1.5 4.02615e-14 0)
(1.5 1.09927e-13 0)
(1.5 1.53198e-13 0)
(1.5 1.88681e-13 0)
(1.5 8.78567e-14 0)
(1.5 -2.49376e-14 0)
(1.5 -3.95132e-14 0)
(1.5 -2.01261e-14 0)
(1.5 6.04926e-14 0)
(1.5 1.45564e-14 0)
(1.5 -6.2439e-14 0)
(1.5 -6.83717e-14 0)
(1.5 -1.34802e-14 0)
(1.5 -5.92797e-14 0)
(1.5 -7.95067e-14 0)
(1.5 -9.66287e-14 0)
(1.5 -1.98936e-13 0)
(1.5 -2.98051e-13 0)
(1.5 -3.05126e-13 0)
(1.5 -2.81018e-13 0)
(1.5 -2.47417e-13 0)
(1.5 -2.18362e-13 0)
(1.5 -1.07294e-13 0)
(1.5 -4.34211e-14 0)
(1.5 -8.14815e-14 0)
(1.5 -1.02275e-13 0)
(1.5 -1.11705e-13 0)
(1.5 -6.97344e-14 0)
(1.5 -6.02326e-14 0)
(1.5 6.33586e-15 0)
(1.5 1.42414e-14 0)
(1.5 4.94668e-14 0)
(1.5 -7.75098e-14 0)
(1.5 -1.47498e-13 0)
(1.5 -1.22303e-13 0)
(1.5 -5.99514e-14 0)
(1.5 -7.49586e-14 0)
(1.5 -2.23606e-14 0)
(1.5 -1.55056e-13 0)
(1.5 -2.61974e-13 0)
(1.5 -2.39643e-13 0)
(1.5 -1.61855e-13 0)
(1.5 -8.9199e-14 0)
(1.5 -9.33529e-14 0)
(1.5 -9.93624e-14 0)
(1.5 -9.16483e-14 0)
(1.5 -5.4309e-14 0)
(1.5 -1.02872e-13 0)
(1.5 -1.46369e-13 0)
(1.5 -1.12204e-13 0)
(1.5 -1.47405e-13 0)
(1.5 -1.37781e-13 0)
(1.5 -1.85158e-13 0)
(1.5 -1.68427e-13 0)
(1.5 -1.96213e-13 0)
(1.5 -2.04554e-13 0)
(1.5 -1.34532e-13 0)
(1.5 -1.01852e-13 0)
(1.5 -9.03018e-14 0)
(1.5 -5.11381e-14 0)
(1.5 2.74334e-14 0)
(1.5 9.62066e-14 0)
(1.5 9.96327e-14 0)
(1.5 3.54438e-14 0)
(1.5 -7.68314e-14 0)
(1.5 -3.36776e-14 0)
(1.5 -6.10441e-14 0)
(1.5 2.83591e-14 0)
(1.5 1.25655e-13 0)
(1.5 4.46613e-14 0)
(1.5 3.29247e-14 0)
(1.5 8.78952e-14 0)
(1.5 2.09287e-14 0)
(1.5 -2.72595e-14 0)
(1.5 1.28506e-14 0)
(1.5 -4.8955e-14 0)
(1.5 -1.44147e-13 0)
(1.5 -1.36593e-13 0)
(1.5 -1.18942e-13 0)
(1.5 -1.22014e-13 0)
(1.5 -1.89321e-13 0)
(1.5 -2.6958e-13 0)
(1.5 -2.62415e-13 0)
(1.5 -2.1082e-13 0)
(1.5 -5.59488e-14 0)
(1.5 -1.68153e-14 0)
(1.5 4.33381e-14 0)
(1.5 1.19809e-13 0)
(1.5 8.82297e-14 0)
(1.5 2.00449e-14 0)
(1.5 -5.44521e-14 0)
(1.5 -1.05855e-13 0)
(1.5 -7.08304e-14 0)
(1.5 -8.66996e-14 0)
(1.5 -6.80683e-14 0)
(1.5 -1.39754e-13 0)
(1.5 -1.49948e-13 0)
(1.5 -2.5267e-13 0)
(1.5 -2.6184e-13 0)
(1.5 -1.75624e-13 0)
(1.5 -1.21781e-13 0)
(1.5 -8.91225e-14 0)
(1.5 -8.06696e-14 0)
(1.5 -7.81564e-14 0)
(1.5 -9.14102e-15 0)
(1.5 6.46934e-14 0)
(1.5 -1.25381e-15 0)
(1.5 -6.55303e-14 0)
(1.5 -1.62714e-13 0)
(1.5 -1.808e-13 0)
(1.5 -1.4592e-13 0)
(1.5 -1.08414e-13 0)
(1.5 -1.10705e-13 0)
(1.5 -5.23782e-14 0)
(1.5 -4.40601e-14 0)
(1.5 -7.77338e-14 0)
(1.5 -5.73987e-14 0)
(1.5 -8.11296e-14 0)
(1.5 -2.84162e-14 0)
(1.5 -3.16307e-14 0)
(1.5 -2.20635e-14 0)
(1.5 -1.05025e-13 0)
(1.5 -1.35518e-13 0)
(1.5 -1.31257e-13 0)
(1.5 -1.46698e-13 0)
(1.5 -1.47855e-13 0)
(1.5 -1.01844e-13 0)
(1.5 -1.35653e-13 0)
(1.5 -3.28332e-14 0)
(1.5 5.11656e-15 0)
(1.5 -2.27885e-14 0)
(1.5 -7.85238e-14 0)
(1.5 2.08981e-15 0)
(1.5 5.26332e-14 0)
(1.5 -7.73954e-14 0)
(1.5 -1.91901e-13 0)
(1.5 -1.79001e-13 0)
(1.5 -8.6536e-14 0)
(1.5 -9.72184e-14 0)
(1.5 -1.4092e-13 0)
(1.5 -2.75035e-13 0)
(1.5 -1.94153e-13 0)
(1.5 -7.11051e-14 0)
(1.5 -7.90345e-14 0)
(1.5 -8.05801e-14 0)
(1.5 -1.727e-13 0)
(1.5 -2.42705e-13 0)
(1.5 -1.77577e-13 0)
(1.5 -1.31151e-13 0)
(1.5 -4.45687e-14 0)
(1.5 -6.96081e-14 0)
(1.5 -8.35012e-14 0)
(1.5 1.72164e-15 0)
(1.5 4.81124e-14 0)
(1.5 1.22789e-13 0)
(1.5 2.60429e-13 0)
(1.5 2.91044e-13 0)
(1.5 7.03788e-14 0)
(1.5 -1.55221e-13 0)
(1.5 -1.91436e-13 0)
(1.5 -1.30503e-13 0)
(1.5 -4.95639e-14 0)
(1.5 9.85626e-15 0)
(1.5 5.82235e-14 0)
(1.5 1.63514e-13 0)
(1.5 1.72038e-13 0)
(1.5 -5.03266e-14 0)
(1.5 -3.06498e-14 0)
(1.5 -1.13453e-14 0)
(1.5 1.02967e-13 0)
(1.5 9.77149e-14 0)
(1.5 4.35392e-14 0)
(1.5 -2.6745e-14 0)
(1.5 -2.17903e-13 0)
(1.5 -2.42719e-13 0)
(1.5 -2.58202e-13 0)
(1.5 -3.59041e-13 0)
(1.5 -2.52765e-13 0)
(1.5 -1.67696e-13 0)
(1.5 -1.3006e-13 0)
(1.5 3.82228e-14 0)
(1.5 7.46797e-14 0)
(1.5 3.57495e-14 0)
(1.5 -4.77219e-14 0)
(1.5 -6.56718e-14 0)
(1.5 -1.93611e-14 0)
(1.5 1.91509e-14 0)
(1.5 -6.9678e-14 0)
(1.5 -1.48808e-14 0)
(1.5 -3.36963e-14 0)
(1.5 -9.31022e-16 0)
(1.5 -8.88278e-14 0)
(1.5 2.5577e-14 0)
(1.5 7.67209e-14 0)
(1.5 2.72677e-14 0)
(1.5 -1.25505e-14 0)
(1.5 -1.08229e-13 0)
(1.5 -1.12342e-14 0)
(1.5 -3.63697e-16 0)
(1.5 1.12686e-14 0)
(1.5 1.12086e-13 0)
(1.5 1.90944e-13 0)
(1.5 2.37183e-13 0)
(1.5 1.97603e-13 0)
(1.5 1.00904e-13 0)
(1.5 -5.79075e-14 0)
(1.5 -1.38008e-13 0)
(1.5 -7.47187e-14 0)
(1.5 -1.16052e-14 0)
(1.5 -4.46741e-14 0)
(1.5 -8.75067e-14 0)
(1.5 -4.52321e-14 0)
(1.5 -3.4528e-14 0)
(1.5 -9.03511e-14 0)
(1.5 -1.24333e-13 0)
(1.5 -1.30456e-13 0)
(1.5 -2.70903e-13 0)
(1.5 -3.51274e-13 0)
(1.5 -4.04863e-13 0)
(1.5 -3.52644e-13 0)
(1.5 -2.1144e-13 0)
(1.5 -1.31303e-13 0)
(1.5 -3.44626e-14 0)
(1.5 -5.74689e-14 0)
(1.5 -8.47917e-14 0)
(1.5 -7.14691e-14 0)
(1.5 -1.17356e-13 0)
(1.5 -3.82629e-14 0)
(1.5 -5.60819e-14 0)
(1.5 -1.56628e-14 0)
(1.5 -1.47693e-14 0)
(1.5 -2.6538e-14 0)
(1.5 -1.42591e-13 0)
(1.5 -2.07631e-13 0)
(1.5 -1.99127e-13 0)
(1.5 -1.13453e-13 0)
(1.5 -1.83277e-13 0)
(1.5 -9.14605e-14 0)
(1.5 -2.38488e-13 0)
(1.5 -3.04736e-13 0)
(1.5 -2.94338e-13 0)
(1.5 -2.59726e-13 0)
(1.5 -1.17716e-13 0)
(1.5 -6.31504e-14 0)
(1.5 -3.29549e-14 0)
(1.5 4.48971e-14 0)
(1.5 5.49357e-14 0)
(1.5 5.41488e-14 0)
(1.5 3.60639e-14 0)
(1.5 1.28051e-14 0)
(1.5 -8.38028e-14 0)
(1.5 -1.3564e-13 0)
(1.5 -1.93698e-13 0)
(1.5 -2.34806e-13 0)
(1.5 -1.71581e-13 0)
(1.5 -1.2293e-13 0)
(1.5 -8.70934e-14 0)
(1.5 -6.17446e-14 0)
(1.5 -7.61566e-14 0)
(1.5 -2.36281e-14 0)
(1.5 4.85973e-14 0)
(1.5 2.88307e-14 0)
(1.5 -1.42019e-14 0)
(1.5 -1.32444e-13 0)
(1.5 -2.25347e-13 0)
(1.5 3.81005e-14 0)
(1.5 1.75154e-14 0)
(1.5 1.60618e-14 0)
(1.5 3.90324e-14 0)
(1.5 1.84997e-14 0)
(1.5 1.00542e-14 0)
(1.5 3.58351e-14 0)
(1.5 -2.09445e-14 0)
(1.5 -6.55936e-15 0)
(1.5 3.69057e-17 0)
(1.5 -1.18688e-13 0)
(1.5 -1.50481e-13 0)
(1.5 -1.00617e-13 0)
(1.5 -7.80901e-14 0)
(1.5 -5.20644e-14 0)
(1.5 -6.47503e-14 0)
(1.5 -1.96746e-13 0)
(1.5 -2.4381e-13 0)
(1.5 -2.35729e-13 0)
(1.5 -8.14823e-14 0)
(1.5 1.10166e-14 0)
(1.5 6.4633e-14 0)
(1.5 1.71832e-13 0)
(1.5 1.47463e-13 0)
(1.5 5.7686e-14 0)
(1.5 -1.53221e-14 0)
(1.5 -7.26646e-14 0)
(1.5 -4.45607e-14 0)
(1.5 -5.22077e-14 0)
(1.5 -7.01941e-14 0)
(1.5 -1.54877e-13 0)
(1.5 -1.53919e-13 0)
(1.5 -2.01124e-13 0)
(1.5 -2.12253e-13 0)
(1.5 -2.22581e-13 0)
(1.5 -1.31312e-13 0)
(1.5 -5.40065e-14 0)
(1.5 -2.92704e-14 0)
(1.5 5.16309e-14 0)
(1.5 1.82668e-13 0)
(1.5 2.1183e-13 0)
(1.5 6.54579e-14 0)
(1.5 -8.21604e-14 0)
(1.5 -1.80351e-13 0)
(1.5 -1.90147e-13 0)
(1.5 -1.75628e-13 0)
(1.5 -1.4699e-13 0)
(1.5 -7.48855e-14 0)
(1.5 -4.46826e-14 0)
(1.5 -1.91255e-14 0)
(1.5 -1.11219e-14 0)
(1.5 -3.23785e-14 0)
(1.5 -4.07968e-14 0)
(1.5 -4.36217e-14 0)
(1.5 -2.69612e-14 0)
(1.5 4.7672e-14 0)
(1.5 1.61634e-14 0)
(1.5 -7.80238e-14 0)
(1.5 -9.77139e-14 0)
(1.5 -1.79285e-13 0)
(1.5 -1.13379e-13 0)
(1.5 -2.75436e-14 0)
(1.5 -4.1365e-14 0)
(1.5 2.12691e-14 0)
(1.5 1.44672e-13 0)
(1.5 4.88515e-14 0)
(1.5 1.35278e-14 0)
(1.5 7.56415e-14 0)
(1.5 8.16709e-14 0)
(1.5 -4.33073e-14 0)
(1.5 -1.1195e-13 0)
(1.5 -6.94783e-14 0)
(1.5 5.14126e-14 0)
(1.5 1.05406e-14 0)
(1.5 -6.72497e-14 0)
(1.5 -1.87039e-13 0)
(1.5 -8.64495e-14 0)
(1.5 3.85878e-14 0)
(1.5 3.1815e-14 0)
(1.5 5.62771e-14 0)
(1.5 -7.22499e-14 0)
(1.5 -1.18306e-13 0)
(1.5 -3.82265e-14 0)
(1.5 9.27723e-15 0)
(1.5 2.93454e-14 0)
(1.5 -1.07185e-14 0)
(1.5 -7.68172e-14 0)
(1.5 5.94198e-14 0)
(1.5 1.55336e-13 0)
(1.5 1.85912e-13 0)
(1.5 3.63467e-13 0)
(1.5 3.81517e-13 0)
(1.5 1.54256e-13 0)
(1.5 -6.64095e-15 0)
(1.5 -9.34148e-14 0)
(1.5 -7.93635e-14 0)
(1.5 -1.55122e-13 0)
(1.5 -7.13812e-14 0)
(1.5 7.58204e-14 0)
(1.5 2.12549e-13 0)
(1.5 2.16938e-13 0)
(1.5 1.46136e-14 0)
(1.5 -1.34461e-13 0)
(1.5 -1.63746e-13 0)
(1.5 -9.36043e-14 0)
(1.5 -2.25326e-14 0)
(1.5 -1.82918e-14 0)
(1.5 7.24175e-15 0)
(1.5 -8.5132e-14 0)
(1.5 -1.04859e-13 0)
(1.5 -8.74402e-14 0)
(1.5 -1.82418e-13 0)
(1.5 -2.70244e-13 0)
(1.5 -2.83291e-13 0)
(1.5 -2.28603e-13 0)
(1.5 -5.24099e-14 0)
(1.5 6.9543e-15 0)
(1.5 -5.28135e-14 0)
(1.5 -1.66403e-13 0)
(1.5 -1.53133e-13 0)
(1.5 -1.12645e-13 0)
(1.5 -8.91336e-14 0)
(1.5 -5.80929e-14 0)
(1.5 5.96187e-15 0)
(1.5 1.74492e-14 0)
(1.5 3.78373e-14 0)
(1.5 2.14979e-14 0)
(1.5 8.57651e-14 0)
(1.5 9.61938e-14 0)
(1.5 3.39226e-14 0)
(1.5 5.07422e-14 0)
(1.5 -1.79863e-14 0)
(1.5 9.27195e-14 0)
(1.5 1.88144e-14 0)
(1.5 -1.65321e-14 0)
(1.5 4.73877e-14 0)
(1.5 1.48018e-13 0)
(1.5 2.35047e-13 0)
(1.5 1.57827e-13 0)
(1.5 1.57675e-13 0)
(1.5 -1.67547e-14 0)
(1.5 -1.22831e-13 0)
(1.5 -8.63831e-14 0)
(1.5 -6.78734e-14 0)
(1.5 -2.92904e-14 0)
(1.5 4.14967e-14 0)
(1.5 1.23293e-13 0)
(1.5 1.18839e-14 0)
(1.5 -1.2298e-13 0)
(1.5 -1.63841e-13 0)
(1.5 -1.69297e-13 0)
(1.5 -2.34642e-13 0)
(1.5 -2.69389e-13 0)
(1.5 -4.15542e-13 0)
(1.5 -3.25558e-13 0)
(1.5 -9.41218e-14 0)
(1.5 -1.31024e-14 0)
(1.5 -2.59097e-14 0)
(1.5 -5.6285e-14 0)
(1.5 -1.85058e-14 0)
(1.5 1.02358e-14 0)
(1.5 -2.06846e-14 0)
(1.5 2.78422e-14 0)
(1.5 4.64845e-14 0)
(1.5 3.74364e-14 0)
(1.5 1.64872e-14 0)
(1.5 -6.87818e-14 0)
(1.5 -1.67445e-13 0)
(1.5 -3.06968e-13 0)
(1.5 -3.65935e-13 0)
(1.5 -3.276e-13 0)
(1.5 -3.38819e-13 0)
(1.5 -2.73054e-13 0)
(1.5 -2.67908e-13 0)
(1.5 -2.12284e-13 0)
(1.5 -2.32158e-13 0)
(1.5 -2.08231e-13 0)
(1.5 -4.69183e-14 0)
(1.5 -6.7915e-15 0)
(1.5 1.15907e-13 0)
(1.5 2.25288e-13 0)
(1.5 2.28775e-13 0)
(1.5 3.48943e-13 0)
(1.5 3.2657e-13 0)
(1.5 1.75297e-13 0)
(1.5 3.50807e-15 0)
(1.5 -1.64796e-13 0)
(1.5 -2.22995e-13 0)
(1.5 -2.67707e-13 0)
(1.5 -1.52131e-13 0)
(1.5 -4.53101e-14 0)
(1.5 -1.01206e-13 0)
(1.5 -8.95425e-14 0)
(1.5 -1.57632e-13 0)
(1.5 -1.0521e-13 0)
(1.5 -5.65443e-14 0)
(1.5 -1.31009e-13 0)
(1.5 -1.70314e-13 0)
(1.5 -2.49757e-13 0)
(1.5 -3.62437e-13 0)
(1.5 9.59724e-14 0)
(1.5 6.10005e-14 0)
(1.5 -4.36569e-14 0)
(1.5 -4.82928e-14 0)
(1.5 -6.3007e-14 0)
(1.5 -1.00121e-13 0)
(1.5 -7.25644e-14 0)
(1.5 -5.46568e-14 0)
(1.5 2.41744e-14 0)
(1.5 -6.67438e-15 0)
(1.5 -6.73263e-14 0)
(1.5 1.12696e-14 0)
(1.5 1.28789e-13 0)
(1.5 1.35945e-13 0)
(1.5 4.57128e-14 0)
(1.5 -4.57584e-14 0)
(1.5 -1.47064e-13 0)
(1.5 -1.75989e-13 0)
(1.5 -1.00616e-13 0)
(1.5 -6.9186e-15 0)
(1.5 -1.62339e-14 0)
(1.5 -1.5162e-14 0)
(1.5 2.50411e-14 0)
(1.5 -2.51529e-14 0)
(1.5 -4.19623e-14 0)
(1.5 -1.39881e-13 0)
(1.5 -1.33138e-13 0)
(1.5 -1.27236e-13 0)
(1.5 -1.09296e-13 0)
(1.5 -8.14901e-14 0)
(1.5 -1.27768e-13 0)
(1.5 -7.41611e-14 0)
(1.5 -1.27701e-13 0)
(1.5 -1.33784e-13 0)
(1.5 -2.00579e-13 0)
(1.5 -8.71279e-14 0)
(1.5 -5.16197e-14 0)
(1.5 7.19559e-14 0)
(1.5 2.28971e-13 0)
(1.5 3.28856e-13 0)
(1.5 2.89957e-13 0)
(1.5 1.72219e-13 0)
(1.5 -8.75378e-15 0)
(1.5 -5.3496e-14 0)
(1.5 -9.94125e-14 0)
(1.5 -1.33179e-13 0)
(1.5 -1.43648e-13 0)
(1.5 -1.3453e-14 0)
(1.5 -1.07635e-14 0)
(1.5 1.50238e-14 0)
(1.5 1.19355e-13 0)
(1.5 2.6632e-14 0)
(1.5 -4.72786e-15 0)
(1.5 -3.91503e-14 0)
(1.5 -4.60573e-14 0)
(1.5 3.45779e-14 0)
(1.5 6.65669e-14 0)
(1.5 -7.01907e-14 0)
(1.5 -5.34536e-14 0)
(1.5 -8.0033e-14 0)
(1.5 -1.39827e-14 0)
(1.5 3.38314e-14 0)
(1.5 2.71482e-14 0)
(1.5 4.651e-14 0)
(1.5 1.97448e-13 0)
(1.5 1.55056e-13 0)
(1.5 1.56073e-13 0)
(1.5 9.65847e-14 0)
(1.5 6.46426e-14 0)
(1.5 5.05947e-14 0)
(1.5 4.02974e-14 0)
(1.5 7.90011e-14 0)
(1.5 8.89829e-14 0)
(1.5 3.13368e-14 0)
(1.5 -1.14582e-13 0)
(1.5 -1.60386e-13 0)
(1.5 -1.49526e-13 0)
(1.5 -1.21635e-14 0)
(1.5 9.24878e-14 0)
(1.5 9.20317e-14 0)
(1.5 1.0777e-13 0)
(1.5 7.41214e-14 0)
(1.5 6.28561e-14 0)
(1.5 7.08909e-14 0)
(1.5 1.12388e-13 0)
(1.5 6.59256e-14 0)
(1.5 6.6269e-14 0)
(1.5 1.22135e-13 0)
(1.5 2.1763e-13 0)
(1.5 2.5746e-13 0)
(1.5 3.28503e-13 0)
(1.5 2.6302e-13 0)
(1.5 1.60826e-13 0)
(1.5 3.80922e-14 0)
(1.5 -1.20264e-13 0)
(1.5 -1.55642e-13 0)
(1.5 -1.94383e-13 0)
(1.5 -8.47066e-14 0)
(1.5 1.97231e-14 0)
(1.5 7.34898e-14 0)
(1.5 7.48469e-14 0)
(1.5 1.1789e-15 0)
(1.5 -1.78071e-13 0)
(1.5 -2.4988e-13 0)
(1.5 -2.69722e-13 0)
(1.5 -1.20559e-13 0)
(1.5 -7.2439e-14 0)
(1.5 -1.18882e-13 0)
(1.5 -1.28876e-13 0)
(1.5 -1.14023e-13 0)
(1.5 -1.69992e-13 0)
(1.5 -2.73392e-13 0)
(1.5 -4.53252e-13 0)
(1.5 -4.7293e-13 0)
(1.5 -3.72586e-13 0)
(1.5 -2.35876e-13 0)
(1.5 -2.46525e-13 0)
(1.5 -3.25112e-13 0)
(1.5 -3.06563e-13 0)
(1.5 -2.1055e-13 0)
(1.5 -2.26036e-13 0)
(1.5 -1.41101e-13 0)
(1.5 -6.052e-14 0)
(1.5 -1.09489e-13 0)
(1.5 2.09143e-14 0)
(1.5 7.64064e-14 0)
(1.5 4.99069e-14 0)
(1.5 2.00424e-14 0)
(1.5 1.42542e-13 0)
(1.5 1.11034e-13 0)
(1.5 1.27411e-13 0)
(1.5 9.52042e-14 0)
(1.5 1.43205e-13 0)
(1.5 7.57281e-14 0)
(1.5 -3.41426e-14 0)
(1.5 -1.89846e-15 0)
(1.5 7.23126e-14 0)
(1.5 1.37213e-13 0)
(1.5 1.04058e-13 0)
(1.5 9.03023e-14 0)
(1.5 -6.44227e-14 0)
(1.5 -7.49503e-14 0)
(1.5 -5.1194e-14 0)
(1.5 -5.54884e-14 0)
(1.5 -5.91147e-14 0)
(1.5 9.57821e-15 0)
(1.5 1.12996e-13 0)
(1.5 1.91212e-14 0)
(1.5 -1.5111e-13 0)
(1.5 -2.64396e-13 0)
(1.5 -3.30701e-13 0)
(1.5 -2.65099e-13 0)
(1.5 -2.23502e-13 0)
(1.5 -3.53361e-13 0)
(1.5 -2.59235e-13 0)
(1.5 -1.61393e-13 0)
(1.5 -2.09339e-13 0)
(1.5 -2.15263e-13 0)
(1.5 -1.07964e-13 0)
(1.5 -4.87482e-14 0)
(1.5 -6.67972e-14 0)
(1.5 -4.69295e-14 0)
(1.5 -4.59558e-15 0)
(1.5 4.01946e-14 0)
(1.5 7.12503e-14 0)
(1.5 9.96004e-14 0)
(1.5 -4.75764e-14 0)
(1.5 -1.84978e-13 0)
(1.5 -4.49276e-13 0)
(1.5 -5.59022e-13 0)
(1.5 -5.80388e-13 0)
(1.5 -5.1032e-13 0)
(1.5 -4.26906e-13 0)
(1.5 -3.10514e-13 0)
(1.5 -2.18836e-13 0)
(1.5 -2.13742e-13 0)
(1.5 -1.57002e-13 0)
(1.5 -1.02187e-13 0)
(1.5 -1.46841e-13 0)
(1.5 -1.35554e-14 0)
(1.5 7.76675e-14 0)
(1.5 1.71753e-13 0)
(1.5 3.1246e-13 0)
(1.5 2.6931e-13 0)
(1.5 1.44767e-13 0)
(1.5 -1.50511e-14 0)
(1.5 -2.46345e-13 0)
(1.5 -3.36521e-13 0)
(1.5 -3.54297e-13 0)
(1.5 -3.07512e-13 0)
(1.5 -2.07638e-13 0)
(1.5 -2.9427e-13 0)
(1.5 -2.8778e-13 0)
(1.5 -3.79012e-13 0)
(1.5 -3.25148e-13 0)
(1.5 -2.15539e-13 0)
(1.5 -2.33943e-13 0)
(1.5 -1.78122e-13 0)
(1.5 -1.54849e-13 0)
(1.5 -3.02944e-13 0)
(1.5 -3.51764e-14 0)
(1.5 -6.82481e-14 0)
(1.5 -6.62841e-14 0)
(1.5 -5.81866e-14 0)
(1.5 -9.92541e-14 0)
(1.5 -1.34665e-13 0)
(1.5 -1.20573e-13 0)
(1.5 -6.7028e-14 0)
(1.5 -2.83461e-14 0)
(1.5 -8.01897e-14 0)
(1.5 -7.9808e-14 0)
(1.5 1.29323e-13 0)
(1.5 1.82938e-13 0)
(1.5 1.74159e-13 0)
(1.5 8.1458e-14 0)
(1.5 -1.15158e-13 0)
(1.5 -1.12503e-13 0)
(1.5 -1.19311e-13 0)
(1.5 -6.96587e-14 0)
(1.5 -1.63464e-14 0)
(1.5 -1.17576e-13 0)
(1.5 -1.25169e-13 0)
(1.5 -1.5916e-13 0)
(1.5 -1.85709e-13 0)
(1.5 -1.26378e-13 0)
(1.5 -2.08951e-13 0)
(1.5 -1.93631e-13 0)
(1.5 -1.93999e-13 0)
(1.5 -1.67649e-13 0)
(1.5 -1.06887e-13 0)
(1.5 -1.22329e-13 0)
(1.5 -9.05822e-14 0)
(1.5 -9.95785e-14 0)
(1.5 -6.46531e-14 0)
(1.5 -5.28717e-14 0)
(1.5 -1.20187e-14 0)
(1.5 4.41298e-15 0)
(1.5 2.17238e-13 0)
(1.5 3.18484e-13 0)
(1.5 3.45185e-13 0)
(1.5 2.81362e-13 0)
(1.5 2.63552e-13 0)
(1.5 9.3182e-14 0)
(1.5 3.87806e-14 0)
(1.5 -7.00514e-14 0)
(1.5 -1.01685e-13 0)
(1.5 -5.24746e-14 0)
(1.5 1.08398e-13 0)
(1.5 1.03187e-13 0)
(1.5 8.77792e-14 0)
(1.5 1.82819e-13 0)
(1.5 9.01296e-14 0)
(1.5 1.0385e-13 0)
(1.5 1.01821e-13 0)
(1.5 1.32726e-14 0)
(1.5 5.24449e-14 0)
(1.5 1.18758e-13 0)
(1.5 2.17635e-14 0)
(1.5 1.45154e-13 0)
(1.5 1.72744e-13 0)
(1.5 2.53869e-13 0)
(1.5 2.14367e-13 0)
(1.5 1.81283e-13 0)
(1.5 1.73071e-13 0)
(1.5 2.39801e-13 0)
(1.5 2.48528e-13 0)
(1.5 2.4027e-13 0)
(1.5 1.66779e-13 0)
(1.5 6.13425e-14 0)
(1.5 1.74209e-13 0)
(1.5 2.39403e-13 0)
(1.5 2.07134e-13 0)
(1.5 1.26454e-13 0)
(1.5 5.8633e-14 0)
(1.5 -1.05206e-13 0)
(1.5 -9.09213e-14 0)
(1.5 -1.60433e-13 0)
(1.5 -5.36527e-14 0)
(1.5 4.54693e-14 0)
(1.5 3.85733e-14 0)
(1.5 1.42659e-13 0)
(1.5 1.33522e-13 0)
(1.5 5.06585e-14 0)
(1.5 5.64737e-14 0)
(1.5 1.68903e-13 0)
(1.5 1.83868e-13 0)
(1.5 2.26309e-13 0)
(1.5 1.36028e-13 0)
(1.5 1.38057e-13 0)
(1.5 1.20481e-13 0)
(1.5 4.36384e-14 0)
(1.5 1.83336e-14 0)
(1.5 2.43967e-14 0)
(1.5 3.16361e-14 0)
(1.5 -6.11169e-14 0)
(1.5 -1.59655e-13 0)
(1.5 -1.1659e-13 0)
(1.5 -6.38927e-14 0)
(1.5 -5.82005e-14 0)
(1.5 -9.59059e-14 0)
(1.5 -8.91649e-14 0)
(1.5 -8.41696e-15 0)
(1.5 -3.7966e-14 0)
(1.5 -1.04353e-13 0)
(1.5 -1.49693e-13 0)
(1.5 -1.06175e-13 0)
(1.5 -6.14651e-14 0)
(1.5 -2.01032e-13 0)
(1.5 -2.16539e-13 0)
(1.5 -2.84636e-13 0)
(1.5 -4.28371e-13 0)
(1.5 -5.08277e-13 0)
(1.5 -5.92298e-13 0)
(1.5 -6.00152e-13 0)
(1.5 -5.39609e-13 0)
(1.5 -4.75978e-13 0)
(1.5 -4.96631e-13 0)
(1.5 -5.06719e-13 0)
(1.5 -2.89583e-13 0)
(1.5 -1.23026e-13 0)
(1.5 -2.07513e-13 0)
(1.5 -1.12767e-13 0)
(1.5 -2.808e-14 0)
(1.5 -2.67945e-14 0)
(1.5 9.30728e-14 0)
(1.5 7.37326e-14 0)
(1.5 2.51927e-14 0)
(1.5 -9.21268e-15 0)
(1.5 7.81662e-14 0)
(1.5 9.28454e-14 0)
(1.5 1.28792e-13 0)
(1.5 8.06067e-14 0)
(1.5 2.52784e-14 0)
(1.5 4.7727e-14 0)
(1.5 3.03594e-14 0)
(1.5 5.80011e-14 0)
(1.5 2.91895e-15 0)
(1.5 6.32169e-15 0)
(1.5 -5.0952e-14 0)
(1.5 -1.14988e-13 0)
(1.5 -1.77512e-13 0)
(1.5 -1.43109e-13 0)
(1.5 -1.42686e-13 0)
(1.5 -1.68399e-13 0)
(1.5 -2.00553e-13 0)
(1.5 -1.79441e-13 0)
(1.5 -7.48808e-14 0)
(1.5 -9.27058e-14 0)
(1.5 -1.49251e-13 0)
(1.5 -2.07152e-13 0)
(1.5 -3.30802e-13 0)
(1.5 -2.80521e-13 0)
(1.5 -2.50043e-13 0)
(1.5 -2.87598e-13 0)
(1.5 -3.66239e-13 0)
(1.5 -3.9202e-13 0)
(1.5 -4.66331e-13 0)
(1.5 -3.63422e-13 0)
(1.5 -1.98619e-13 0)
(1.5 -1.09011e-13 0)
(1.5 -7.49136e-14 0)
(1.5 -7.60312e-14 0)
(1.5 -3.04638e-14 0)
(1.5 -8.64949e-15 0)
(1.5 -4.07428e-14 0)
(1.5 1.93198e-14 0)
(1.5 -1.62422e-13 0)
(1.5 -3.08939e-13 0)
(1.5 -4.71753e-13 0)
(1.5 -5.86007e-13 0)
(1.5 -5.77701e-13 0)
(1.5 -5.80772e-13 0)
(1.5 -4.74547e-13 0)
(1.5 -2.8854e-13 0)
(1.5 -1.94465e-13 0)
(1.5 -1.69637e-13 0)
(1.5 -2.64593e-13 0)
(1.5 -3.07913e-13 0)
(1.5 -3.68276e-13 0)
(1.5 -3.51973e-13 0)
(1.5 -2.44913e-13 0)
(1.5 -7.99128e-14 0)
(1.5 4.10776e-15 0)
(1.5 4.1447e-14 0)
(1.5 8.5726e-14 0)
(1.5 -6.13932e-15 0)
(1.5 -1.74427e-13 0)
(1.5 -2.74463e-13 0)
(1.5 -3.11062e-13 0)
(1.5 -3.08298e-13 0)
(1.5 -2.28033e-13 0)
(1.5 -3.48272e-13 0)
(1.5 -4.58556e-13 0)
(1.5 -4.96888e-13 0)
(1.5 -4.20408e-13 0)
(1.5 -2.53563e-13 0)
(1.5 -2.6935e-13 0)
(1.5 -1.80084e-13 0)
(1.5 -1.09249e-13 0)
(1.5 -1.9448e-13 0)
(1.5 -1.07967e-13 0)
(1.5 -1.4406e-13 0)
(1.5 -9.77074e-14 0)
(1.5 -6.81385e-14 0)
(1.5 -4.72084e-14 0)
(1.5 -5.41308e-14 0)
(1.5 -5.65679e-14 0)
(1.5 -4.05794e-14 0)
(1.5 -6.16156e-14 0)
(1.5 -1.02419e-13 0)
(1.5 -1.03253e-13 0)
(1.5 4.98061e-14 0)
(1.5 6.22659e-14 0)
(1.5 3.48451e-14 0)
(1.5 3.8273e-14 0)
(1.5 -1.62139e-14 0)
(1.5 3.93356e-14 0)
(1.5 -1.02334e-14 0)
(1.5 -9.2024e-14 0)
(1.5 -1.58567e-13 0)
(1.5 -2.26334e-13 0)
(1.5 -2.60419e-13 0)
(1.5 -3.36972e-13 0)
(1.5 -2.79899e-13 0)
(1.5 -2.44689e-13 0)
(1.5 -2.58582e-13 0)
(1.5 -3.28824e-13 0)
(1.5 -3.491e-13 0)
(1.5 -3.55843e-13 0)
(1.5 -2.74837e-13 0)
(1.5 -2.95826e-13 0)
(1.5 -2.57543e-13 0)
(1.5 -2.03425e-13 0)
(1.5 -1.67413e-13 0)
(1.5 -5.48516e-14 0)
(1.5 -7.7833e-14 0)
(1.5 -8.00983e-14 0)
(1.5 1.2132e-13 0)
(1.5 1.33577e-13 0)
(1.5 7.8905e-14 0)
(1.5 5.30375e-14 0)
(1.5 1.03426e-13 0)
(1.5 1.70112e-14 0)
(1.5 -8.2566e-14 0)
(1.5 -2.22577e-13 0)
(1.5 -1.95065e-13 0)
(1.5 -8.37152e-14 0)
(1.5 8.1992e-14 0)
(1.5 4.65321e-14 0)
(1.5 -3.30956e-14 0)
(1.5 -4.64978e-14 0)
(1.5 -4.97518e-14 0)
(1.5 4.06753e-14 0)
(1.5 5.73434e-14 0)
(1.5 2.35945e-14 0)
(1.5 -2.43904e-14 0)
(1.5 -1.79654e-14 0)
(1.5 -2.35886e-14 0)
(1.5 5.81072e-14 0)
(1.5 1.13204e-13 0)
(1.5 2.01626e-13 0)
(1.5 7.07925e-14 0)
(1.5 1.07258e-13 0)
(1.5 1.28034e-13 0)
(1.5 1.09011e-13 0)
(1.5 1.61993e-13 0)
(1.5 1.36987e-13 0)
(1.5 1.39682e-13 0)
(1.5 -2.01358e-14 0)
(1.5 1.09703e-13 0)
(1.5 3.14966e-13 0)
(1.5 2.98839e-13 0)
(1.5 1.94459e-13 0)
(1.5 1.17812e-13 0)
(1.5 1.60861e-14 0)
(1.5 6.37145e-14 0)
(1.5 2.38548e-14 0)
(1.5 -3.59481e-14 0)
(1.5 -8.02545e-14 0)
(1.5 -4.63908e-14 0)
(1.5 9.43518e-14 0)
(1.5 1.05978e-13 0)
(1.5 7.42731e-14 0)
(1.5 8.85218e-14 0)
(1.5 2.73557e-13 0)
(1.5 3.38852e-13 0)
(1.5 3.05263e-13 0)
(1.5 1.97176e-13 0)
(1.5 4.588e-14 0)
(1.5 1.99455e-14 0)
(1.5 -8.10528e-14 0)
(1.5 -8.80731e-14 0)
(1.5 -5.25217e-14 0)
(1.5 -1.37082e-14 0)
(1.5 -7.67444e-15 0)
(1.5 -1.22633e-13 0)
(1.5 -1.00549e-13 0)
(1.5 -1.03464e-13 0)
(1.5 -2.52529e-14 0)
(1.5 7.79891e-14 0)
(1.5 6.33031e-14 0)
(1.5 9.44248e-14 0)
(1.5 8.86537e-14 0)
(1.5 -1.41204e-14 0)
(1.5 -4.49667e-15 0)
(1.5 -4.81943e-14 0)
(1.5 -1.36956e-14 0)
(1.5 -1.43047e-13 0)
(1.5 -1.38435e-13 0)
(1.5 -2.16932e-13 0)
(1.5 -3.20109e-13 0)
(1.5 -3.19378e-13 0)
(1.5 -4.28354e-13 0)
(1.5 -5.11054e-13 0)
(1.5 -4.85036e-13 0)
(1.5 -4.38078e-13 0)
(1.5 -3.7575e-13 0)
(1.5 -3.38959e-13 0)
(1.5 -1.71721e-13 0)
(1.5 -7.9131e-14 0)
(1.5 -7.96455e-14 0)
(1.5 -4.48476e-14 0)
(1.5 -1.50789e-14 0)
(1.5 8.39225e-14 0)
(1.5 1.07869e-13 0)
(1.5 6.62921e-14 0)
(1.5 7.92578e-14 0)
(1.5 4.8996e-14 0)
(1.5 4.43671e-15 0)
(1.5 7.06395e-14 0)
(1.5 6.15203e-14 0)
(1.5 -2.12026e-14 0)
(1.5 -9.98189e-14 0)
(1.5 -5.50818e-14 0)
(1.5 3.78978e-14 0)
(1.5 1.30327e-14 0)
(1.5 -6.278e-14 0)
(1.5 -7.61713e-14 0)
(1.5 -1.24974e-13 0)
(1.5 -9.62178e-14 0)
(1.5 -6.07044e-14 0)
(1.5 -3.22763e-14 0)
(1.5 -2.09854e-13 0)
(1.5 -3.37054e-13 0)
(1.5 -2.90996e-13 0)
(1.5 -2.59208e-13 0)
(1.5 -2.6079e-13 0)
(1.5 -1.78389e-13 0)
(1.5 -1.52056e-13 0)
(1.5 -1.12651e-13 0)
(1.5 -1.71737e-13 0)
(1.5 -1.67317e-13 0)
(1.5 -2.90937e-13 0)
(1.5 -2.41778e-13 0)
(1.5 -3.29043e-13 0)
(1.5 -3.2795e-13 0)
(1.5 -3.29953e-13 0)
(1.5 -2.40609e-13 0)
(1.5 -1.79573e-13 0)
(1.5 -1.06666e-13 0)
(1.5 -4.64299e-14 0)
(1.5 -1.95804e-14 0)
(1.5 -1.15982e-14 0)
(1.5 -5.44689e-14 0)
(1.5 -1.73979e-13 0)
(1.5 -1.67226e-13 0)
(1.5 -2.62006e-13 0)
(1.5 -3.64254e-13 0)
(1.5 -3.296e-13 0)
(1.5 -3.32947e-13 0)
(1.5 -2.42068e-13 0)
(1.5 -3.2086e-13 0)
(1.5 -3.36477e-13 0)
(1.5 -2.02535e-13 0)
(1.5 -6.69325e-14 0)
(1.5 -6.0772e-14 0)
(1.5 -2.39815e-13 0)
(1.5 -3.28699e-13 0)
(1.5 -4.02101e-13 0)
(1.5 -4.41558e-13 0)
(1.5 -3.8628e-13 0)
(1.5 -2.73085e-13 0)
(1.5 -2.07154e-13 0)
(1.5 -6.03113e-14 0)
(1.5 2.32294e-14 0)
(1.5 -1.12579e-13 0)
(1.5 -1.1974e-13 0)
(1.5 -2.13986e-13 0)
(1.5 -2.54639e-13 0)
(1.5 -2.40623e-13 0)
(1.5 -2.12978e-13 0)
(1.5 -2.73641e-13 0)
(1.5 -4.92751e-13 0)
(1.5 -5.16654e-13 0)
(1.5 -4.53153e-13 0)
(1.5 -3.17258e-13 0)
(1.5 -2.57838e-13 0)
(1.5 -2.60268e-13 0)
(1.5 -2.0418e-13 0)
(1.5 -1.58893e-13 0)
(1.5 -1.13797e-13 0)
(1.5 -8.84818e-14 0)
(1.5 -6.5042e-14 0)
(1.5 2.05348e-14 0)
(1.5 2.90418e-14 0)
(1.5 4.86023e-14 0)
(1.5 -9.83237e-15 0)
(1.5 -7.40084e-14 0)
(1.5 -5.4472e-14 0)
(1.5 3.50015e-14 0)
(1.5 1.19582e-14 0)
(1.5 -1.50405e-14 0)
(1.5 -3.7402e-14 0)
(1.5 -5.14775e-14 0)
(1.5 -1.03673e-14 0)
(1.5 6.65007e-14 0)
(1.5 1.134e-13 0)
(1.5 9.61371e-14 0)
(1.5 -3.63799e-14 0)
(1.5 -1.97691e-13 0)
(1.5 -1.87973e-13 0)
(1.5 -1.92049e-13 0)
(1.5 -1.49787e-13 0)
(1.5 -1.1898e-13 0)
(1.5 -1.96945e-13 0)
(1.5 -1.7931e-13 0)
(1.5 -3.28191e-13 0)
(1.5 -2.68988e-13 0)
(1.5 -3.0496e-13 0)
(1.5 -2.57874e-13 0)
(1.5 -3.02307e-13 0)
(1.5 -2.53338e-13 0)
(1.5 -1.9989e-13 0)
(1.5 -1.35344e-13 0)
(1.5 1.89586e-15 0)
(1.5 -3.04908e-14 0)
(1.5 -2.06055e-14 0)
(1.5 3.82094e-14 0)
(1.5 3.76022e-14 0)
(1.5 -1.46581e-14 0)
(1.5 5.04175e-15 0)
(1.5 4.13766e-14 0)
(1.5 2.67973e-14 0)
(1.5 -4.78751e-14 0)
(1.5 -9.20002e-14 0)
(1.5 -2.15502e-14 0)
(1.5 -1.14222e-14 0)
(1.5 9.04514e-14 0)
(1.5 4.13276e-14 0)
(1.5 -1.02264e-13 0)
(1.5 -1.44093e-13 0)
(1.5 -1.52706e-13 0)
(1.5 -4.56758e-14 0)
(1.5 -4.18604e-14 0)
(1.5 2.2988e-14 0)
(1.5 -2.37195e-14 0)
(1.5 -2.94003e-14 0)
(1.5 1.19976e-13 0)
(1.5 5.22306e-14 0)
(1.5 7.09773e-14 0)
(1.5 1.28296e-13 0)
(1.5 5.98498e-14 0)
(1.5 1.95139e-13 0)
(1.5 2.1837e-13 0)
(1.5 1.16453e-13 0)
(1.5 1.94773e-13 0)
(1.5 1.87058e-13 0)
(1.5 1.87381e-13 0)
(1.5 9.90345e-14 0)
(1.5 1.1933e-13 0)
(1.5 2.88028e-13 0)
(1.5 3.08701e-13 0)
(1.5 2.9833e-13 0)
(1.5 1.22742e-13 0)
(1.5 7.35705e-14 0)
(1.5 1.01045e-13 0)
(1.5 1.49272e-13 0)
(1.5 1.15765e-13 0)
(1.5 4.71963e-14 0)
(1.5 3.63652e-14 0)
(1.5 9.39667e-14 0)
(1.5 7.28299e-14 0)
(1.5 1.02603e-13 0)
(1.5 1.30276e-13 0)
(1.5 2.94927e-13 0)
(1.5 4.26219e-13 0)
(1.5 3.39977e-13 0)
(1.5 2.48723e-13 0)
(1.5 7.44265e-14 0)
(1.5 6.46963e-14 0)
(1.5 9.4886e-14 0)
(1.5 5.79605e-14 0)
(1.5 9.30009e-14 0)
(1.5 -3.75836e-14 0)
(1.5 -2.03116e-15 0)
(1.5 5.10379e-14 0)
(1.5 1.03593e-13 0)
(1.5 7.31378e-14 0)
(1.5 6.9108e-14 0)
(1.5 1.84178e-13 0)
(1.5 1.65924e-13 0)
(1.5 1.40739e-13 0)
(1.5 5.19701e-14 0)
(1.5 -4.08532e-14 0)
(1.5 -5.08408e-14 0)
(1.5 -8.99179e-14 0)
(1.5 -2.64323e-14 0)
(1.5 -8.43115e-14 0)
(1.5 -2.93253e-14 0)
(1.5 -3.5988e-14 0)
(1.5 -5.38635e-14 0)
(1.5 -2.15808e-14 0)
(1.5 -1.50355e-13 0)
(1.5 -3.09752e-13 0)
(1.5 -3.39235e-13 0)
(1.5 -3.39778e-13 0)
(1.5 -3.00712e-13 0)
(1.5 -2.2079e-13 0)
(1.5 -2.37968e-13 0)
(1.5 -2.83456e-13 0)
(1.5 -1.90933e-13 0)
(1.5 -1.19318e-13 0)
(1.5 -7.15331e-14 0)
(1.5 7.05141e-14 0)
(1.5 1.25708e-13 0)
(1.5 1.88991e-13 0)
(1.5 2.51033e-13 0)
(1.5 1.91675e-13 0)
(1.5 8.37998e-14 0)
(1.5 5.48344e-14 0)
(1.5 1.06843e-14 0)
(1.5 7.46605e-14 0)
(1.5 2.28185e-14 0)
(1.5 2.16801e-14 0)
(1.5 3.10205e-14 0)
(1.5 -8.64798e-14 0)
(1.5 -1.9032e-14 0)
(1.5 -3.61403e-14 0)
(1.5 -4.86441e-14 0)
(1.5 -5.1946e-14 0)
(1.5 -2.3739e-14 0)
(1.5 1.92102e-14 0)
(1.5 -1.52441e-13 0)
(1.5 -3.40342e-13 0)
(1.5 -3.33835e-13 0)
(1.5 -3.83359e-13 0)
(1.5 -4.68769e-13 0)
(1.5 -3.38741e-13 0)
(1.5 -2.39106e-13 0)
(1.5 -1.81641e-13 0)
(1.5 -1.65705e-13 0)
(1.5 -1.59152e-13 0)
(1.5 -3.44093e-13 0)
(1.5 -2.51091e-13 0)
(1.5 -1.61877e-13 0)
(1.5 -7.53636e-14 0)
(1.5 -8.15074e-14 0)
(1.5 -9.63769e-14 0)
(1.5 -2.05194e-13 0)
(1.5 -2.55126e-13 0)
(1.5 -2.79629e-13 0)
(1.5 -1.83748e-13 0)
(1.5 -4.84291e-14 0)
(1.5 -9.9708e-14 0)
(1.5 -1.9841e-13 0)
(1.5 -2.79243e-13 0)
(1.5 -3.37627e-13 0)
(1.5 -3.0432e-13 0)
(1.5 -1.41804e-13 0)
(1.5 -5.93149e-14 0)
(1.5 -2.71796e-14 0)
(1.5 -6.5784e-14 0)
(1.5 -1.65209e-13 0)
(1.5 -1.35384e-13 0)
(1.5 -5.48381e-14 0)
(1.5 -1.40777e-13 0)
(1.5 -2.48764e-13 0)
(1.5 -3.44928e-13 0)
(1.5 -3.27822e-13 0)
(1.5 -3.67982e-13 0)
(1.5 -3.93979e-13 0)
(1.5 -3.85742e-13 0)
(1.5 -3.37806e-13 0)
(1.5 -2.05651e-13 0)
(1.5 -1.60091e-13 0)
(1.5 -1.89286e-13 0)
(1.5 -1.54122e-13 0)
(1.5 -2.5182e-13 0)
(1.5 -3.0241e-13 0)
(1.5 -2.66495e-13 0)
(1.5 -3.32965e-13 0)
(1.5 -3.01246e-13 0)
(1.5 -3.99833e-13 0)
(1.5 -4.20739e-13 0)
(1.5 -4.12636e-13 0)
(1.5 -3.50086e-13 0)
(1.5 -2.07727e-13 0)
(1.5 -2.80591e-13 0)
(1.5 -2.77407e-13 0)
(1.5 -1.1944e-13 0)
(1.5 -5.61761e-15 0)
(1.5 -1.452e-14 0)
(1.5 2.02767e-15 0)
(1.5 6.25789e-14 0)
(1.5 1.05842e-13 0)
(1.5 1.31401e-13 0)
(1.5 2.03161e-14 0)
(1.5 -1.17009e-13 0)
(1.5 -1.31592e-13 0)
(1.5 2.45204e-14 0)
(1.5 2.38638e-14 0)
(1.5 -9.70207e-14 0)
(1.5 -1.58098e-13 0)
(1.5 -1.80403e-13 0)
(1.5 -8.12782e-14 0)
(1.5 -1.89736e-15 0)
(1.5 2.26968e-14 0)
(1.5 3.93885e-14 0)
(1.5 -1.05971e-13 0)
(1.5 -2.10996e-13 0)
(1.5 -1.24957e-13 0)
(1.5 -1.10993e-13 0)
(1.5 -2.82509e-15 0)
(1.5 -3.15965e-14 0)
(1.5 -1.41398e-13 0)
(1.5 -1.02148e-13 0)
(1.5 -2.10925e-13 0)
(1.5 -9.39286e-14 0)
(1.5 -1.49817e-13 0)
(1.5 -1.79495e-13 0)
(1.5 -2.09773e-13 0)
(1.5 -1.6261e-13 0)
(1.5 -1.03759e-13 0)
(1.5 -4.44171e-14 0)
(1.5 7.50825e-15 0)
(1.5 -2.50488e-14 0)
(1.5 -7.74589e-15 0)
(1.5 -4.01214e-14 0)
(1.5 -1.90171e-14 0)
(1.5 -1.8042e-14 0)
(1.5 -1.09895e-14 0)
(1.5 -4.3846e-14 0)
(1.5 1.21624e-14 0)
(1.5 -2.13125e-15 0)
(1.5 9.29326e-14 0)
(1.5 1.3434e-13 0)
(1.5 1.04955e-13 0)
(1.5 9.05232e-14 0)
(1.5 6.25299e-14 0)
(1.5 -8.02363e-14 0)
(1.5 -9.97534e-14 0)
(1.5 -1.36515e-13 0)
(1.5 -1.46365e-13 0)
(1.5 -1.3002e-13 0)
(1.5 -3.33783e-14 0)
(1.5 -3.43293e-15 0)
(1.5 -9.79197e-16 0)
(1.5 1.92944e-13 0)
(1.5 1.09315e-13 0)
(1.5 4.4811e-14 0)
(1.5 8.18671e-14 0)
(1.5 1.74437e-13 0)
(1.5 3.02162e-13 0)
(1.5 2.91681e-13 0)
(1.5 2.28074e-13 0)
(1.5 3.01772e-13 0)
(1.5 2.44993e-13 0)
(1.5 2.00427e-13 0)
(1.5 1.86149e-13 0)
(1.5 1.82586e-13 0)
(1.5 2.87159e-13 0)
(1.5 2.6572e-13 0)
(1.5 3.48728e-13 0)
(1.5 1.80364e-13 0)
(1.5 1.90733e-13 0)
(1.5 1.30687e-13 0)
(1.5 1.03726e-13 0)
(1.5 1.39066e-13 0)
(1.5 1.43765e-13 0)
(1.5 1.21444e-13 0)
(1.5 4.50554e-14 0)
(1.5 1.92958e-14 0)
(1.5 4.38638e-14 0)
(1.5 7.46251e-14 0)
(1.5 1.45503e-13 0)
(1.5 2.92874e-13 0)
(1.5 2.09344e-13 0)
(1.5 1.71749e-13 0)
(1.5 1.18607e-13 0)
(1.5 2.60272e-14 0)
(1.5 1.97789e-13 0)
(1.5 1.43937e-13 0)
(1.5 2.19012e-13 0)
(1.5 1.1454e-13 0)
(1.5 4.68765e-14 0)
(1.5 1.49065e-13 0)
(1.5 2.02693e-13 0)
(1.5 2.05923e-13 0)
(1.5 1.44586e-13 0)
(1.5 1.41621e-13 0)
(1.5 1.13105e-13 0)
(1.5 8.56482e-14 0)
(1.5 -6.77023e-14 0)
(1.5 -1.4458e-13 0)
(1.5 -2.61715e-13 0)
(1.5 -2.69991e-13 0)
(1.5 -2.26956e-13 0)
(1.5 -1.71675e-13 0)
(1.5 -7.92433e-14 0)
(1.5 -6.14161e-14 0)
(1.5 5.47514e-14 0)
(1.5 2.61185e-14 0)
(1.5 -4.28847e-15 0)
(1.5 -1.99696e-13 0)
(1.5 -3.57736e-13 0)
(1.5 -4.21714e-13 0)
(1.5 -4.07488e-13 0)
(1.5 -2.91127e-13 0)
(1.5 -3.64034e-13 0)
(1.5 -4.59286e-13 0)
(1.5 -3.85956e-13 0)
(1.5 -2.12409e-13 0)
(1.5 -8.00063e-14 0)
(1.5 6.0213e-14 0)
(1.5 9.35142e-14 0)
(1.5 2.28916e-13 0)
(1.5 3.60979e-13 0)
(1.5 3.71685e-13 0)
(1.5 2.60896e-13 0)
(1.5 1.64439e-13 0)
(1.5 1.09928e-13 0)
(1.5 1.9055e-13 0)
(1.5 8.28818e-14 0)
(1.5 2.48138e-14 0)
(1.5 -3.84875e-14 0)
(1.5 -1.90162e-13 0)
(1.5 -1.52329e-13 0)
(1.5 -1.45695e-13 0)
(1.5 -7.29692e-14 0)
(1.5 -1.07538e-13 0)
(1.5 -7.40831e-14 0)
(1.5 -5.16375e-14 0)
(1.5 -1.03424e-13 0)
(1.5 -2.3521e-13 0)
(1.5 -3.41138e-13 0)
(1.5 -4.17096e-13 0)
(1.5 -4.0297e-13 0)
(1.5 -3.31224e-13 0)
(1.5 -2.80245e-13 0)
(1.5 -2.48297e-13 0)
(1.5 -2.64568e-13 0)
(1.5 -2.70839e-13 0)
(1.5 -3.24837e-13 0)
(1.5 -2.786e-13 0)
(1.5 -2.30469e-13 0)
(1.5 -1.57451e-13 0)
(1.5 -1.31985e-13 0)
(1.5 -1.20834e-13 0)
(1.5 -2.3403e-13 0)
(1.5 -3.66928e-13 0)
(1.5 -3.79086e-13 0)
(1.5 -2.59809e-13 0)
(1.5 -7.36612e-14 0)
(1.5 -5.14156e-14 0)
(1.5 -1.80319e-13 0)
(1.5 -2.96065e-13 0)
(1.5 -3.42458e-13 0)
(1.5 -2.76951e-13 0)
(1.5 -1.79308e-13 0)
(1.5 -9.06393e-14 0)
(1.5 -1.57634e-13 0)
(1.5 -1.07791e-13 0)
(1.5 -1.70418e-13 0)
(1.5 -1.70191e-13 0)
(1.5 -1.86861e-13 0)
(1.5 -2.29888e-13 0)
(1.5 -2.08296e-13 0)
(1.5 -2.89781e-13 0)
(1.5 -2.52301e-13 0)
(1.5 -2.0121e-13 0)
(1.5 -2.81221e-13 0)
(1.5 -3.79245e-13 0)
(1.5 -3.85926e-13 0)
(1.5 -3.74952e-13 0)
(1.5 -2.20327e-13 0)
(1.5 -6.29063e-14 0)
(1.5 -6.2829e-14 0)
(1.5 -1.25025e-13 0)
(1.5 -1.71977e-13 0)
(1.5 -2.49494e-13 0)
(1.5 -4.26226e-13 0)
(1.5 -4.45727e-13 0)
(1.5 -3.99051e-13 0)
(1.5 -3.87145e-13 0)
(1.5 -3.25352e-13 0)
(1.5 -3.39677e-13 0)
(1.5 -3.17495e-13 0)
(1.5 -3.36425e-13 0)
(1.5 -3.47359e-13 0)
(1.5 -2.31655e-13 0)
(1.5 3.1246e-14 0)
(1.5 -4.70848e-14 0)
(1.5 -7.70718e-14 0)
(1.5 -1.29069e-13 0)
(1.5 -7.52216e-16 0)
(1.5 5.50751e-14 0)
(1.5 1.24755e-14 0)
(1.5 -1.52846e-14 0)
(1.5 -9.38103e-14 0)
(1.5 -1.13244e-14 0)
(1.5 -9.28635e-15 0)
(1.5 -1.37191e-13 0)
(1.5 -1.54088e-13 0)
(1.5 -1.35313e-13 0)
(1.5 -7.09956e-15 0)
(1.5 1.18527e-14 0)
(1.5 -5.03196e-14 0)
(1.5 -1.70166e-14 0)
(1.5 -8.68165e-14 0)
(1.5 -3.88237e-14 0)
(1.5 -2.32175e-14 0)
(1.5 -2.89283e-14 0)
(1.5 -1.06902e-14 0)
(1.5 -6.18292e-14 0)
(1.5 -1.31035e-13 0)
(1.5 -1.16371e-13 0)
(1.5 -8.46533e-14 0)
(1.5 3.82655e-14 0)
(1.5 -4.38889e-15 0)
(1.5 -5.38344e-14 0)
(1.5 -5.49005e-14 0)
(1.5 -1.4311e-14 0)
(1.5 6.31086e-14 0)
(1.5 9.61009e-14 0)
(1.5 4.92413e-14 0)
(1.5 3.39431e-14 0)
(1.5 7.80702e-15 0)
(1.5 -5.00105e-14 0)
(1.5 -5.2636e-14 0)
(1.5 -1.0444e-13 0)
(1.5 -6.55904e-14 0)
(1.5 -5.67457e-14 0)
(1.5 4.34205e-14 0)
(1.5 9.80371e-14 0)
(1.5 2.11639e-13 0)
(1.5 2.00482e-13 0)
(1.5 1.97633e-13 0)
(1.5 1.13988e-13 0)
(1.5 1.00346e-13 0)
(1.5 5.31162e-14 0)
(1.5 4.17954e-14 0)
(1.5 6.85721e-14 0)
(1.5 -4.06061e-14 0)
(1.5 -9.61429e-14 0)
(1.5 3.06157e-15 0)
(1.5 8.49466e-14 0)
(1.5 3.37825e-14 0)
(1.5 1.82137e-13 0)
(1.5 1.88537e-13 0)
(1.5 8.61286e-14 0)
(1.5 4.48926e-14 0)
(1.5 1.88135e-13 0)
(1.5 2.57678e-13 0)
(1.5 2.80891e-13 0)
(1.5 3.06072e-13 0)
(1.5 3.45733e-13 0)
(1.5 3.14643e-13 0)
(1.5 2.21234e-13 0)
(1.5 2.93825e-13 0)
(1.5 2.87244e-13 0)
(1.5 3.67096e-13 0)
(1.5 3.85254e-13 0)
(1.5 4.06775e-13 0)
(1.5 3.36784e-13 0)
(1.5 2.8278e-13 0)
(1.5 1.99755e-13 0)
(1.5 7.07145e-14 0)
(1.5 8.33431e-14 0)
(1.5 1.48784e-13 0)
(1.5 1.65735e-13 0)
(1.5 3.74515e-14 0)
(1.5 2.65146e-15 0)
(1.5 9.26219e-14 0)
(1.5 5.70913e-14 0)
(1.5 5.78876e-14 0)
(1.5 1.35105e-13 0)
(1.5 1.62327e-13 0)
(1.5 2.29565e-13 0)
(1.5 2.06928e-13 0)
(1.5 2.54483e-14 0)
(1.5 1.36202e-13 0)
(1.5 1.21044e-13 0)
(1.5 1.71254e-13 0)
(1.5 1.24971e-13 0)
(1.5 4.46462e-14 0)
(1.5 1.56749e-13 0)
(1.5 1.2028e-13 0)
(1.5 1.59148e-13 0)
(1.5 5.42263e-14 0)
(1.5 1.98871e-14 0)
(1.5 -1.63569e-14 0)
(1.5 -4.69404e-14 0)
(1.5 -1.44072e-13 0)
(1.5 -2.53614e-13 0)
(1.5 -3.5762e-13 0)
(1.5 -3.59618e-13 0)
(1.5 -3.61033e-13 0)
(1.5 -2.10699e-13 0)
(1.5 -1.86724e-13 0)
(1.5 -1.39359e-13 0)
(1.5 4.55768e-15 0)
(1.5 -1.14758e-13 0)
(1.5 -7.59809e-14 0)
(1.5 -1.64416e-13 0)
(1.5 -3.81483e-13 0)
(1.5 -5.29385e-13 0)
(1.5 -4.85358e-13 0)
(1.5 -3.12161e-13 0)
(1.5 -3.63831e-13 0)
(1.5 -4.4585e-13 0)
(1.5 -3.42364e-13 0)
(1.5 -1.67769e-13 0)
(1.5 -8.1754e-14 0)
(1.5 -6.72414e-14 0)
(1.5 -5.14572e-14 0)
(1.5 1.19833e-13 0)
(1.5 2.56991e-13 0)
(1.5 3.97584e-13 0)
(1.5 3.70974e-13 0)
(1.5 2.7603e-13 0)
(1.5 1.40611e-13 0)
(1.5 8.37992e-14 0)
(1.5 -1.85758e-14 0)
(1.5 -3.08219e-14 0)
(1.5 -5.66562e-14 0)
(1.5 -1.72049e-13 0)
(1.5 -2.9608e-13 0)
(1.5 -3.12224e-13 0)
(1.5 -2.44403e-13 0)
(1.5 -1.99539e-13 0)
(1.5 -9.95599e-14 0)
(1.5 -1.28345e-13 0)
(1.5 -1.37772e-13 0)
(1.5 -1.9176e-13 0)
(1.5 -3.5829e-13 0)
(1.5 -3.64278e-13 0)
(1.5 -2.95118e-13 0)
(1.5 -2.42295e-13 0)
(1.5 -2.74359e-13 0)
(1.5 -3.29359e-13 0)
(1.5 -3.5702e-13 0)
(1.5 -3.33191e-13 0)
(1.5 -2.72032e-13 0)
(1.5 -2.64608e-13 0)
(1.5 -2.65463e-13 0)
(1.5 -2.82801e-13 0)
(1.5 -2.42676e-13 0)
(1.5 -1.85546e-13 0)
(1.5 -1.15162e-13 0)
(1.5 -3.07347e-13 0)
(1.5 -3.17001e-13 0)
(1.5 -2.23812e-13 0)
(1.5 -1.58261e-13 0)
(1.5 -1.30794e-13 0)
(1.5 -1.87222e-13 0)
(1.5 -2.29745e-13 0)
(1.5 -2.09928e-13 0)
(1.5 -1.63051e-13 0)
(1.5 -2.16707e-13 0)
(1.5 -2.8149e-13 0)
(1.5 -3.38653e-13 0)
(1.5 -2.77943e-13 0)
(1.5 -3.3364e-13 0)
(1.5 -3.75707e-13 0)
(1.5 -3.86494e-13 0)
(1.5 -2.514e-13 0)
(1.5 -1.62781e-13 0)
(1.5 -1.48115e-13 0)
(1.5 -2.05149e-13 0)
(1.5 -1.68055e-13 0)
(1.5 -2.01434e-13 0)
(1.5 -1.79313e-13 0)
(1.5 -1.98172e-13 0)
(1.5 -3.08951e-13 0)
(1.5 -2.30388e-13 0)
(1.5 -7.47255e-14 0)
(1.5 -8.43e-14 0)
(1.5 -9.3974e-14 0)
(1.5 -8.66786e-14 0)
(1.5 -2.75982e-13 0)
(1.5 -3.8707e-13 0)
(1.5 -4.30693e-13 0)
(1.5 -4.30424e-13 0)
(1.5 -4.12842e-13 0)
(1.5 -3.64381e-13 0)
(1.5 -4.60543e-13 0)
(1.5 -4.98192e-13 0)
(1.5 -4.37471e-13 0)
(1.5 -3.68855e-13 0)
(1.5 -3.28254e-13 0)
(1.5 -3.77892e-14 0)
(1.5 -5.5153e-15 0)
(1.5 -3.16437e-14 0)
(1.5 -1.58701e-13 0)
(1.5 -1.22973e-13 0)
(1.5 -4.32762e-14 0)
(1.5 -1.78751e-14 0)
(1.5 4.42899e-14 0)
(1.5 -7.93807e-14 0)
(1.5 -9.4167e-14 0)
(1.5 -9.586e-14 0)
(1.5 -1.43552e-13 0)
(1.5 -9.87249e-14 0)
(1.5 3.50789e-15 0)
(1.5 7.7817e-14 0)
(1.5 4.41623e-14 0)
(1.5 2.06631e-14 0)
(1.5 7.68404e-14 0)
(1.5 6.05632e-14 0)
(1.5 1.38342e-13 0)
(1.5 9.06542e-14 0)
(1.5 4.97467e-14 0)
(1.5 3.52699e-14 0)
(1.5 -5.92026e-14 0)
(1.5 -9.56082e-14 0)
(1.5 -1.5691e-13 0)
(1.5 -4.06787e-14 0)
(1.5 3.66979e-14 0)
(1.5 5.30549e-14 0)
(1.5 6.68388e-14 0)
(1.5 1.021e-13 0)
(1.5 6.91677e-14 0)
(1.5 1.7281e-13 0)
(1.5 1.87352e-13 0)
(1.5 1.16247e-13 0)
(1.5 6.52471e-14 0)
(1.5 -1.791e-15 0)
(1.5 -5.78659e-14 0)
(1.5 -6.42102e-14 0)
(1.5 -1.47406e-13 0)
(1.5 -7.17226e-14 0)
(1.5 3.05681e-14 0)
(1.5 1.02725e-13 0)
(1.5 2.32481e-13 0)
(1.5 2.79622e-13 0)
(1.5 2.52065e-13 0)
(1.5 1.72308e-13 0)
(1.5 9.84531e-14 0)
(1.5 1.33447e-13 0)
(1.5 2.03984e-13 0)
(1.5 2.20771e-13 0)
(1.5 2.29007e-13 0)
(1.5 1.52693e-13 0)
(1.5 2.45559e-14 0)
(1.5 5.85051e-15 0)
(1.5 1.02595e-13 0)
(1.5 1.46845e-13 0)
(1.5 2.30899e-13 0)
(1.5 3.12398e-13 0)
(1.5 2.60934e-13 0)
(1.5 1.23898e-13 0)
(1.5 1.94898e-13 0)
(1.5 2.56571e-13 0)
(1.5 3.02635e-13 0)
(1.5 3.08221e-13 0)
(1.5 2.84352e-13 0)
(1.5 3.09702e-13 0)
(1.5 2.63938e-13 0)
(1.5 3.76085e-13 0)
(1.5 3.51955e-13 0)
(1.5 4.08557e-13 0)
(1.5 4.98546e-13 0)
(1.5 4.06723e-13 0)
(1.5 3.94742e-13 0)
(1.5 3.4986e-13 0)
(1.5 2.78865e-13 0)
(1.5 1.34063e-13 0)
(1.5 7.12169e-14 0)
(1.5 1.23264e-13 0)
(1.5 1.94437e-13 0)
(1.5 1.21894e-13 0)
(1.5 7.49894e-14 0)
(1.5 2.46015e-13 0)
(1.5 1.94893e-13 0)
(1.5 1.28898e-13 0)
(1.5 1.24845e-13 0)
(1.5 2.42621e-13 0)
(1.5 3.14015e-13 0)
(1.5 2.81253e-13 0)
(1.5 1.84841e-13 0)
(1.5 1.15783e-13 0)
(1.5 1.48614e-13 0)
(1.5 8.10082e-14 0)
(1.5 3.40605e-14 0)
(1.5 2.40522e-14 0)
(1.5 1.15066e-13 0)
(1.5 7.63995e-14 0)
(1.5 6.64899e-14 0)
(1.5 5.20445e-15 0)
(1.5 -5.55768e-14 0)
(1.5 -1.13831e-13 0)
(1.5 -2.23991e-13 0)
(1.5 -2.20736e-13 0)
(1.5 -2.96418e-13 0)
(1.5 -3.16745e-13 0)
(1.5 -3.61995e-13 0)
(1.5 -3.61169e-13 0)
(1.5 -1.92972e-13 0)
(1.5 -1.99658e-13 0)
(1.5 -1.37181e-13 0)
(1.5 -8.75547e-14 0)
(1.5 -1.96262e-13 0)
(1.5 -1.70969e-13 0)
(1.5 -1.64298e-13 0)
(1.5 -3.41269e-13 0)
(1.5 -5.4221e-13 0)
(1.5 -5.61473e-13 0)
(1.5 -4.0872e-13 0)
(1.5 -3.95858e-13 0)
(1.5 -3.66063e-13 0)
(1.5 -2.70822e-13 0)
(1.5 -1.8897e-13 0)
(1.5 -1.9424e-13 0)
(1.5 -2.71606e-13 0)
(1.5 -1.7066e-13 0)
(1.5 -1.08549e-14 0)
(1.5 3.69681e-14 0)
(1.5 1.6022e-13 0)
(1.5 1.99298e-13 0)
(1.5 1.00117e-13 0)
(1.5 -2.94786e-14 0)
(1.5 -8.46663e-14 0)
(1.5 -1.31865e-13 0)
(1.5 -1.18483e-13 0)
(1.5 -1.63244e-13 0)
(1.5 -2.06613e-13 0)
(1.5 -3.56101e-13 0)
(1.5 -4.33523e-13 0)
(1.5 -4.31851e-13 0)
(1.5 -3.48523e-13 0)
(1.5 -2.43517e-13 0)
(1.5 -2.42054e-13 0)
(1.5 -2.50438e-13 0)
(1.5 -2.04994e-13 0)
(1.5 -2.15201e-13 0)
(1.5 -2.06334e-13 0)
(1.5 -1.9599e-13 0)
(1.5 -2.33316e-13 0)
(1.5 -2.86391e-13 0)
(1.5 -4.24548e-13 0)
(1.5 -3.6828e-13 0)
(1.5 -3.49604e-13 0)
(1.5 -3.21577e-13 0)
(1.5 -3.6548e-13 0)
(1.5 -3.19322e-13 0)
(1.5 -2.93222e-13 0)
(1.5 -2.66416e-13 0)
(1.5 -2.62473e-13 0)
(1.5 -1.33316e-13 0)
(1.5 -2.47312e-13 0)
(1.5 -3.18716e-13 0)
(1.5 -2.63227e-13 0)
(1.5 -3.60425e-13 0)
(1.5 -3.37727e-13 0)
(1.5 -2.22214e-13 0)
(1.5 -1.85968e-13 0)
(1.5 -8.57333e-14 0)
(1.5 -8.62799e-14 0)
(1.5 -2.2918e-13 0)
(1.5 -3.69808e-13 0)
(1.5 -4.034e-13 0)
(1.5 -4.00111e-13 0)
(1.5 -4.8755e-13 0)
(1.5 -5.18941e-13 0)
(1.5 -5.12064e-13 0)
(1.5 -3.09719e-13 0)
(1.5 -2.64869e-13 0)
(1.5 -2.54189e-13 0)
(1.5 -2.31959e-13 0)
(1.5 -2.33318e-13 0)
(1.5 -1.90371e-13 0)
(1.5 -3.11458e-14 0)
(1.5 -1.38887e-13 0)
(1.5 -2.52852e-13 0)
(1.5 -3.20144e-13 0)
(1.5 -3.05777e-13 0)
(1.5 -2.84112e-13 0)
(1.5 -2.92227e-13 0)
(1.5 -2.25706e-13 0)
(1.5 -3.60071e-13 0)
(1.5 -4.40837e-13 0)
(1.5 -3.70796e-13 0)
(1.5 -3.93557e-13 0)
(1.5 -3.62992e-13 0)
(1.5 -3.8131e-13 0)
(1.5 -4.84112e-13 0)
(1.5 -4.67874e-13 0)
(1.5 -4.86159e-13 0)
(1.5 -3.99353e-13 0)
(1.5 -3.95044e-13 0)
(1.5 -1.61219e-14 0)
(1.5 1.25446e-13 0)
(1.5 1.17629e-13 0)
(1.5 7.80324e-15 0)
(1.5 -1.10491e-13 0)
(1.5 -1.32485e-13 0)
(1.5 -1.33428e-13 0)
(1.5 -1.1048e-13 0)
(1.5 -1.66926e-13 0)
(1.5 -2.10892e-13 0)
(1.5 -1.67883e-13 0)
(1.5 -1.49424e-13 0)
(1.5 -8.69395e-14 0)
(1.5 4.14089e-14 0)
(1.5 1.28558e-13 0)
(1.5 1.43013e-13 0)
(1.5 1.9804e-13 0)
(1.5 1.49223e-13 0)
(1.5 7.08839e-14 0)
(1.5 8.44081e-14 0)
(1.5 8.99182e-14 0)
(1.5 1.89693e-14 0)
(1.5 -3.10779e-14 0)
(1.5 -1.36597e-13 0)
(1.5 -7.69882e-14 0)
(1.5 -6.77119e-14 0)
(1.5 1.26719e-14 0)
(1.5 -1.00203e-14 0)
(1.5 -1.19871e-14 0)
(1.5 -2.7188e-14 0)
(1.5 7.57782e-15 0)
(1.5 -3.30503e-14 0)
(1.5 1.16046e-13 0)
(1.5 1.25353e-13 0)
(1.5 5.06795e-14 0)
(1.5 -4.97221e-14 0)
(1.5 -8.38222e-14 0)
(1.5 -1.14672e-13 0)
(1.5 -1.37024e-13 0)
(1.5 -1.29182e-13 0)
(1.5 -1.09013e-13 0)
(1.5 2.50038e-14 0)
(1.5 5.5364e-14 0)
(1.5 2.16303e-13 0)
(1.5 2.7763e-13 0)
(1.5 2.24793e-13 0)
(1.5 1.19038e-13 0)
(1.5 5.89001e-14 0)
(1.5 9.10602e-14 0)
(1.5 2.13254e-13 0)
(1.5 2.49299e-13 0)
(1.5 2.02692e-13 0)
(1.5 1.65494e-13 0)
(1.5 1.07107e-13 0)
(1.5 3.86521e-14 0)
(1.5 1.13313e-13 0)
(1.5 2.07301e-13 0)
(1.5 1.93431e-13 0)
(1.5 2.16747e-13 0)
(1.5 2.43154e-13 0)
(1.5 7.19426e-14 0)
(1.5 9.74224e-14 0)
(1.5 1.28054e-13 0)
(1.5 1.67689e-13 0)
(1.5 1.3489e-13 0)
(1.5 8.92075e-14 0)
(1.5 1.24532e-13 0)
(1.5 1.95158e-13 0)
(1.5 2.39726e-13 0)
(1.5 2.27713e-13 0)
(1.5 2.50449e-13 0)
(1.5 3.0006e-13 0)
(1.5 2.35222e-13 0)
(1.5 2.87342e-13 0)
(1.5 3.87478e-13 0)
(1.5 3.47529e-13 0)
(1.5 2.70615e-13 0)
(1.5 1.63168e-13 0)
(1.5 1.31856e-13 0)
(1.5 2.12929e-13 0)
(1.5 2.49331e-13 0)
(1.5 2.56025e-13 0)
(1.5 3.60238e-13 0)
(1.5 3.3028e-13 0)
(1.5 2.56358e-13 0)
(1.5 1.99924e-13 0)
(1.5 2.59307e-13 0)
(1.5 3.07414e-13 0)
(1.5 3.29318e-13 0)
(1.5 4.19172e-13 0)
(1.5 2.70037e-13 0)
(1.5 2.84249e-13 0)
(1.5 1.47947e-13 0)
(1.5 1.20596e-13 0)
(1.5 1.67221e-13 0)
(1.5 5.79773e-14 0)
(1.5 -1.30336e-14 0)
(1.5 -4.88496e-14 0)
(1.5 6.19798e-14 0)
(1.5 -3.90282e-14 0)
(1.5 -9.99338e-14 0)
(1.5 -1.84077e-13 0)
(1.5 -2.10594e-13 0)
(1.5 -2.3719e-13 0)
(1.5 -2.20143e-13 0)
(1.5 -2.82264e-13 0)
(1.5 -2.42295e-13 0)
(1.5 -1.7868e-13 0)
(1.5 -2.00104e-13 0)
(1.5 -1.28101e-13 0)
(1.5 -1.27696e-13 0)
(1.5 -1.42347e-13 0)
(1.5 -1.65605e-13 0)
(1.5 -1.85046e-13 0)
(1.5 -2.37732e-13 0)
(1.5 -3.14602e-13 0)
(1.5 -4.38753e-13 0)
(1.5 -4.67597e-13 0)
(1.5 -3.78411e-13 0)
(1.5 -2.80041e-13 0)
(1.5 -2.66556e-13 0)
(1.5 -2.6356e-13 0)
(1.5 -2.58543e-13 0)
(1.5 -3.3861e-13 0)
(1.5 -3.02143e-13 0)
(1.5 -2.77942e-13 0)
(1.5 -2.08914e-13 0)
(1.5 -1.29714e-13 0)
(1.5 -1.36977e-13 0)
(1.5 -1.99313e-13 0)
(1.5 -2.02079e-13 0)
(1.5 -2.51171e-13 0)
(1.5 -1.71699e-13 0)
(1.5 -1.43243e-13 0)
(1.5 -2.06469e-13 0)
(1.5 -2.28601e-13 0)
(1.5 -3.13377e-13 0)
(1.5 -4.43993e-13 0)
(1.5 -4.42614e-13 0)
(1.5 -3.62762e-13 0)
(1.5 -3.69114e-13 0)
(1.5 -3.88115e-13 0)
(1.5 -3.76148e-13 0)
(1.5 -2.67117e-13 0)
(1.5 -9.61631e-14 0)
(1.5 -8.2208e-14 0)
(1.5 -1.18075e-13 0)
(1.5 -2.64602e-13 0)
(1.5 -3.19042e-13 0)
(1.5 -4.54825e-13 0)
(1.5 -4.39199e-13 0)
(1.5 -4.15765e-13 0)
(1.5 -3.92842e-13 0)
(1.5 -4.79821e-13 0)
(1.5 -4.40703e-13 0)
(1.5 -3.53782e-13 0)
(1.5 -2.5371e-13 0)
(1.5 -2.52864e-13 0)
(1.5 -2.77729e-13 0)
(1.5 -2.69983e-13 0)
(1.5 -2.79662e-13 0)
(1.5 -2.59892e-13 0)
(1.5 -4.21196e-13 0)
(1.5 -4.30347e-13 0)
(1.5 -2.69318e-13 0)
(1.5 -1.69777e-13 0)
(1.5 -7.07473e-14 0)
(1.5 -1.47668e-13 0)
(1.5 -2.49703e-13 0)
(1.5 -3.03414e-13 0)
(1.5 -2.90179e-13 0)
(1.5 -3.10894e-13 0)
(1.5 -4.4249e-13 0)
(1.5 -4.79324e-13 0)
(1.5 -5.34316e-13 0)
(1.5 -4.20515e-13 0)
(1.5 -3.79966e-13 0)
(1.5 -3.68077e-13 0)
(1.5 -2.71204e-13 0)
(1.5 -1.66491e-13 0)
(1.5 -1.08097e-13 0)
(1.5 -4.16649e-14 0)
(1.5 -2.46221e-13 0)
(1.5 -2.66458e-13 0)
(1.5 -3.20625e-13 0)
(1.5 -3.82691e-13 0)
(1.5 -3.49564e-13 0)
(1.5 -4.02994e-13 0)
(1.5 -4.17747e-13 0)
(1.5 -4.18274e-13 0)
(1.5 -5.5455e-13 0)
(1.5 -4.44681e-13 0)
(1.5 -4.06954e-13 0)
(1.5 -3.02198e-13 0)
(1.5 -2.49924e-13 0)
(1.5 -2.97816e-13 0)
(1.5 -3.2852e-13 0)
(1.5 -4.49329e-13 0)
(1.5 -5.48823e-13 0)
(1.5 -5.06116e-13 0)
(1.5 -4.71263e-14 0)
(1.5 4.87726e-14 0)
(1.5 1.12159e-13 0)
(1.5 4.15159e-14 0)
(1.5 -1.39454e-13 0)
(1.5 -2.97552e-13 0)
(1.5 -3.21629e-13 0)
(1.5 -2.7019e-13 0)
(1.5 -2.16838e-13 0)
(1.5 -2.33022e-13 0)
(1.5 -1.3425e-13 0)
(1.5 -6.36085e-14 0)
(1.5 -1.22587e-14 0)
(1.5 6.15282e-14 0)
(1.5 1.16494e-13 0)
(1.5 1.54294e-13 0)
(1.5 1.65635e-13 0)
(1.5 1.18676e-13 0)
(1.5 1.18492e-13 0)
(1.5 5.51995e-14 0)
(1.5 1.18764e-13 0)
(1.5 3.53233e-14 0)
(1.5 -9.65664e-14 0)
(1.5 -1.10127e-13 0)
(1.5 -6.11824e-14 0)
(1.5 5.96969e-14 0)
(1.5 1.40108e-13 0)
(1.5 6.49841e-14 0)
(1.5 1.6934e-14 0)
(1.5 -8.49989e-14 0)
(1.5 -6.20414e-14 0)
(1.5 -9.87974e-14 0)
(1.5 5.71316e-14 0)
(1.5 6.74471e-14 0)
(1.5 -2.63796e-14 0)
(1.5 -2.87609e-14 0)
(1.5 -3.31977e-14 0)
(1.5 -1.18033e-13 0)
(1.5 -1.1924e-13 0)
(1.5 -4.62103e-14 0)
(1.5 -5.51668e-14 0)
(1.5 2.3314e-14 0)
(1.5 5.75595e-14 0)
(1.5 1.70164e-13 0)
(1.5 2.28112e-13 0)
(1.5 2.07038e-13 0)
(1.5 1.65262e-13 0)
(1.5 1.75022e-13 0)
(1.5 1.70692e-13 0)
(1.5 2.051e-13 0)
(1.5 2.09214e-13 0)
(1.5 1.81832e-13 0)
(1.5 1.52578e-13 0)
(1.5 1.64069e-13 0)
(1.5 1.76149e-13 0)
(1.5 1.50829e-13 0)
(1.5 2.06194e-13 0)
(1.5 1.21202e-13 0)
(1.5 7.57456e-14 0)
(1.5 1.73578e-13 0)
(1.5 1.47681e-13 0)
(1.5 1.02318e-13 0)
(1.5 6.06303e-14 0)
(1.5 3.81491e-14 0)
(1.5 -8.46459e-16 0)
(1.5 -2.22514e-14 0)
(1.5 1.25827e-14 0)
(1.5 1.40797e-13 0)
(1.5 1.35504e-13 0)
(1.5 1.00454e-13 0)
(1.5 2.55814e-15 0)
(1.5 -7.04156e-15 0)
(1.5 3.40477e-14 0)
(1.5 1.11877e-13 0)
(1.5 2.32391e-13 0)
(1.5 2.50551e-13 0)
(1.5 3.13531e-13 0)
(1.5 3.18198e-13 0)
(1.5 2.24381e-13 0)
(1.5 1.95187e-13 0)
(1.5 2.88433e-13 0)
(1.5 3.00387e-13 0)
(1.5 3.11876e-13 0)
(1.5 3.6611e-13 0)
(1.5 3.22906e-13 0)
(1.5 2.85668e-13 0)
(1.5 2.99928e-13 0)
(1.5 3.23781e-13 0)
(1.5 4.0091e-13 0)
(1.5 5.09405e-13 0)
(1.5 4.05023e-13 0)
(1.5 3.1936e-13 0)
(1.5 1.91531e-13 0)
(1.5 1.2856e-13 0)
(1.5 1.79483e-13 0)
(1.5 2.4164e-14 0)
(1.5 -5.34848e-14 0)
(1.5 -7.61055e-14 0)
(1.5 -3.35024e-14 0)
(1.5 -1.0633e-13 0)
(1.5 -1.0585e-13 0)
(1.5 -7.30064e-14 0)
(1.5 -1.29574e-13 0)
(1.5 -1.58359e-13 0)
(1.5 -1.21851e-13 0)
(1.5 -1.35126e-13 0)
(1.5 -4.4475e-14 0)
(1.5 -8.8763e-14 0)
(1.5 -1.5285e-13 0)
(1.5 -1.30147e-13 0)
(1.5 -1.79847e-13 0)
(1.5 -1.04926e-13 0)
(1.5 -9.48842e-14 0)
(1.5 -1.1886e-13 0)
(1.5 -7.43699e-14 0)
(1.5 -9.38343e-14 0)
(1.5 -2.10853e-13 0)
(1.5 -3.96251e-13 0)
(1.5 -3.51115e-13 0)
(1.5 -2.47304e-13 0)
(1.5 -3.15703e-13 0)
(1.5 -3.42534e-13 0)
(1.5 -2.94969e-13 0)
(1.5 -3.43183e-13 0)
(1.5 -3.37957e-13 0)
(1.5 -4.3122e-13 0)
(1.5 -3.7836e-13 0)
(1.5 -3.82816e-13 0)
(1.5 -4.44326e-13 0)
(1.5 -4.534e-13 0)
(1.5 -3.1515e-13 0)
(1.5 -2.89617e-13 0)
(1.5 -2.07876e-13 0)
(1.5 -1.77734e-13 0)
(1.5 -1.51452e-13 0)
(1.5 -1.35455e-13 0)
(1.5 -1.16023e-13 0)
(1.5 -2.28939e-13 0)
(1.5 -2.83768e-13 0)
(1.5 -2.24873e-13 0)
(1.5 -2.9971e-13 0)
(1.5 -4.34192e-13 0)
(1.5 -3.45957e-13 0)
(1.5 -2.07532e-13 0)
(1.5 -8.92036e-14 0)
(1.5 -7.73986e-14 0)
(1.5 -1.59896e-13 0)
(1.5 -2.75917e-13 0)
(1.5 -3.08551e-13 0)
(1.5 -3.79255e-13 0)
(1.5 -4.3939e-13 0)
(1.5 -3.84049e-13 0)
(1.5 -3.65806e-13 0)
(1.5 -4.46631e-13 0)
(1.5 -4.06182e-13 0)
(1.5 -3.19192e-13 0)
(1.5 -2.12374e-13 0)
(1.5 -2.18396e-13 0)
(1.5 -3.39652e-13 0)
(1.5 -2.91478e-13 0)
(1.5 -2.53474e-13 0)
(1.5 -2.79457e-13 0)
(1.5 -3.32123e-13 0)
(1.5 -3.67133e-13 0)
(1.5 -2.69583e-13 0)
(1.5 -1.82167e-13 0)
(1.5 -1.0581e-13 0)
(1.5 -1.66894e-13 0)
(1.5 -1.65619e-13 0)
(1.5 -1.99367e-13 0)
(1.5 -1.5787e-13 0)
(1.5 -2.60169e-13 0)
(1.5 -2.65051e-13 0)
(1.5 -2.9044e-13 0)
(1.5 -3.25786e-13 0)
(1.5 -3.33958e-13 0)
(1.5 -2.75149e-13 0)
(1.5 -2.24778e-13 0)
(1.5 -1.44923e-13 0)
(1.5 -5.38684e-14 0)
(1.5 -1.61781e-14 0)
(1.5 -1.16306e-13 0)
(1.5 -1.92e-13 0)
(1.5 -1.97535e-13 0)
(1.5 -2.23038e-13 0)
(1.5 -2.39198e-13 0)
(1.5 -2.61682e-13 0)
(1.5 -2.9974e-13 0)
(1.5 -4.15981e-13 0)
(1.5 -3.43752e-13 0)
(1.5 -3.56715e-13 0)
(1.5 -3.38942e-13 0)
(1.5 -2.74064e-13 0)
(1.5 -2.08228e-13 0)
(1.5 -1.56019e-13 0)
(1.5 -1.57264e-13 0)
(1.5 -1.83517e-13 0)
(1.5 -2.50016e-13 0)
(1.5 -4.74044e-13 0)
(1.5 -4.29799e-13 0)
(1.5 1.19529e-14 0)
(1.5 -1.37166e-14 0)
(1.5 4.54112e-14 0)
(1.5 -4.74228e-14 0)
(1.5 -1.85734e-13 0)
(1.5 -3.51149e-13 0)
(1.5 -3.86592e-13 0)
(1.5 -2.84732e-13 0)
(1.5 -2.55473e-13 0)
(1.5 -2.81038e-13 0)
(1.5 -1.77272e-13 0)
(1.5 -7.91326e-14 0)
(1.5 6.86495e-15 0)
(1.5 1.87245e-14 0)
(1.5 -6.27817e-15 0)
(1.5 5.89731e-14 0)
(1.5 8.58373e-14 0)
(1.5 8.75281e-14 0)
(1.5 9.83847e-14 0)
(1.5 -2.92732e-14 0)
(1.5 3.73635e-14 0)
(1.5 4.17474e-15 0)
(1.5 -9.73835e-14 0)
(1.5 -5.77332e-14 0)
(1.5 -1.07307e-13 0)
(1.5 -2.18121e-14 0)
(1.5 3.29094e-14 0)
(1.5 -6.02255e-14 0)
(1.5 -6.84213e-14 0)
(1.5 -1.47772e-13 0)
(1.5 -7.38902e-14 0)
(1.5 -7.7959e-14 0)
(1.5 -3.38761e-14 0)
(1.5 -5.57675e-14 0)
(1.5 -1.15823e-13 0)
(1.5 -1.60438e-14 0)
(1.5 -5.59804e-14 0)
(1.5 -1.05789e-13 0)
(1.5 -8.20323e-14 0)
(1.5 -2.75534e-14 0)
(1.5 -7.20889e-14 0)
(1.5 -4.16611e-14 0)
(1.5 3.18559e-14 0)
(1.5 6.93387e-14 0)
(1.5 7.45027e-14 0)
(1.5 1.42792e-13 0)
(1.5 1.6371e-13 0)
(1.5 1.91098e-13 0)
(1.5 1.92497e-13 0)
(1.5 1.80574e-13 0)
(1.5 1.27307e-13 0)
(1.5 1.48508e-13 0)
(1.5 1.46535e-13 0)
(1.5 1.76082e-13 0)
(1.5 1.73068e-13 0)
(1.5 6.81578e-14 0)
(1.5 4.41347e-14 0)
(1.5 -4.39903e-14 0)
(1.5 -5.51099e-14 0)
(1.5 9.95941e-14 0)
(1.5 1.98278e-13 0)
(1.5 1.05363e-13 0)
(1.5 1.54147e-14 0)
(1.5 -8.59848e-14 0)
(1.5 -6.60655e-14 0)
(1.5 3.70802e-15 0)
(1.5 -1.44685e-14 0)
(1.5 6.58962e-14 0)
(1.5 -1.03829e-14 0)
(1.5 -2.33156e-14 0)
(1.5 -1.07441e-13 0)
(1.5 -1.04433e-13 0)
(1.5 -5.02134e-14 0)
(1.5 8.68113e-14 0)
(1.5 1.57226e-13 0)
(1.5 2.34832e-13 0)
(1.5 3.25144e-13 0)
(1.5 3.21907e-13 0)
(1.5 2.28209e-13 0)
(1.5 1.91148e-13 0)
(1.5 2.85644e-13 0)
(1.5 3.30065e-13 0)
(1.5 2.99433e-13 0)
(1.5 3.86965e-13 0)
(1.5 3.08415e-13 0)
(1.5 3.6587e-13 0)
(1.5 3.51138e-13 0)
(1.5 2.95105e-13 0)
(1.5 3.2944e-13 0)
(1.5 3.71423e-13 0)
(1.5 2.97244e-13 0)
(1.5 2.28556e-13 0)
(1.5 1.80481e-13 0)
(1.5 1.4161e-13 0)
(1.5 7.56521e-14 0)
(1.5 -1.18132e-13 0)
(1.5 -1.93777e-13 0)
(1.5 -2.22831e-13 0)
(1.5 -1.64816e-13 0)
(1.5 -1.17738e-13 0)
(1.5 -1.09411e-13 0)
(1.5 -1.03219e-13 0)
(1.5 -1.00384e-13 0)
(1.5 -7.46149e-14 0)
(1.5 -4.89391e-14 0)
(1.5 -3.0155e-14 0)
(1.5 -1.68764e-14 0)
(1.5 -1.29168e-13 0)
(1.5 -1.53084e-13 0)
(1.5 -2.08472e-13 0)
(1.5 -2.42676e-13 0)
(1.5 -2.02741e-13 0)
(1.5 -1.71823e-13 0)
(1.5 -1.26276e-13 0)
(1.5 -9.50462e-14 0)
(1.5 -8.70123e-14 0)
(1.5 -1.35827e-13 0)
(1.5 -3.1316e-13 0)
(1.5 -3.16989e-13 0)
(1.5 -2.67023e-13 0)
(1.5 -3.53037e-13 0)
(1.5 -3.92922e-13 0)
(1.5 -3.35308e-13 0)
(1.5 -3.09728e-13 0)
(1.5 -2.92336e-13 0)
(1.5 -3.51228e-13 0)
(1.5 -4.05371e-13 0)
(1.5 -5.36418e-13 0)
(1.5 -5.53477e-13 0)
(1.5 -4.5862e-13 0)
(1.5 -2.82933e-13 0)
(1.5 -1.92985e-13 0)
(1.5 -2.63601e-13 0)
(1.5 -2.96535e-13 0)
(1.5 -2.0661e-13 0)
(1.5 -8.80969e-14 0)
(1.5 -1.42028e-14 0)
(1.5 -5.36186e-14 0)
(1.5 -2.12884e-13 0)
(1.5 -2.15228e-13 0)
(1.5 -1.67929e-13 0)
(1.5 -3.20518e-13 0)
(1.5 -2.58339e-13 0)
(1.5 -1.903e-13 0)
(1.5 -9.93269e-14 0)
(1.5 -3.43382e-14 0)
(1.5 -1.05435e-13 0)
(1.5 -1.80999e-13 0)
(1.5 -2.60333e-13 0)
(1.5 -3.63983e-13 0)
(1.5 -4.09713e-13 0)
(1.5 -3.38589e-13 0)
(1.5 -2.98862e-13 0)
(1.5 -4.23214e-13 0)
(1.5 -4.48133e-13 0)
(1.5 -4.39229e-13 0)
(1.5 -3.62813e-13 0)
(1.5 -3.14316e-13 0)
(1.5 -4.13474e-13 0)
(1.5 -3.12812e-13 0)
(1.5 -3.04868e-13 0)
(1.5 -3.59488e-13 0)
(1.5 -3.48854e-13 0)
(1.5 -3.42269e-13 0)
(1.5 -2.37505e-13 0)
(1.5 -1.75742e-13 0)
(1.5 -1.52705e-13 0)
(1.5 -1.00706e-13 0)
(1.5 -4.63775e-14 0)
(1.5 -5.17381e-14 0)
(1.5 -1.14009e-13 0)
(1.5 -2.63953e-13 0)
(1.5 -1.31596e-13 0)
(1.5 -1.39951e-13 0)
(1.5 -9.43182e-14 0)
(1.5 -1.1251e-13 0)
(1.5 -6.65184e-14 0)
(1.5 -1.24765e-13 0)
(1.5 -1.31528e-13 0)
(1.5 -1.64419e-13 0)
(1.5 -1.37447e-13 0)
(1.5 -2.58967e-13 0)
(1.5 -2.02618e-13 0)
(1.5 -1.9812e-13 0)
(1.5 -1.62546e-13 0)
(1.5 -1.36351e-13 0)
(1.5 -1.41398e-13 0)
(1.5 -1.09039e-13 0)
(1.5 -2.14593e-13 0)
(1.5 -2.36185e-13 0)
(1.5 -1.42355e-13 0)
(1.5 -1.55283e-13 0)
(1.5 -9.31383e-14 0)
(1.5 -1.29979e-13 0)
(1.5 -1.41541e-13 0)
(1.5 -1.55541e-13 0)
(1.5 -2.04026e-13 0)
(1.5 -2.28657e-13 0)
(1.5 -3.27442e-13 0)
(1.5 -3.13511e-13 0)
(1.5 6.74165e-14 0)
(1.5 -5.95053e-15 0)
(1.5 -3.61802e-14 0)
(1.5 -1.04272e-13 0)
(1.5 -1.92835e-13 0)
(1.5 -3.22624e-13 0)
(1.5 -3.95541e-13 0)
(1.5 -3.21767e-13 0)
(1.5 -2.54059e-13 0)
(1.5 -2.73831e-13 0)
(1.5 -2.07855e-13 0)
(1.5 -9.44795e-14 0)
(1.5 -2.90586e-14 0)
(1.5 3.65795e-15 0)
(1.5 -4.6831e-14 0)
(1.5 2.59919e-14 0)
(1.5 8.3756e-14 0)
(1.5 1.26098e-13 0)
(1.5 8.37187e-14 0)
(1.5 -1.87316e-14 0)
(1.5 -5.56213e-14 0)
(1.5 -1.28864e-14 0)
(1.5 -7.63704e-15 0)
(1.5 -1.57358e-14 0)
(1.5 -1.0634e-13 0)
(1.5 -1.31636e-13 0)
(1.5 -1.29541e-13 0)
(1.5 -1.81199e-13 0)
(1.5 -1.25396e-13 0)
(1.5 -1.48054e-13 0)
(1.5 -1.00111e-13 0)
(1.5 -3.10055e-14 0)
(1.5 -6.43452e-14 0)
(1.5 -9.1304e-14 0)
(1.5 -1.30145e-13 0)
(1.5 -2.54121e-14 0)
(1.5 -7.57691e-14 0)
(1.5 -1.59324e-14 0)
(1.5 2.16365e-14 0)
(1.5 2.11759e-14 0)
(1.5 -3.2879e-14 0)
(1.5 -1.22022e-14 0)
(1.5 9.30251e-14 0)
(1.5 1.37909e-13 0)
(1.5 7.45672e-14 0)
(1.5 7.76884e-14 0)
(1.5 1.4439e-13 0)
(1.5 1.09392e-13 0)
(1.5 1.19858e-13 0)
(1.5 1.73257e-13 0)
(1.5 1.12199e-13 0)
(1.5 1.51416e-13 0)
(1.5 1.97564e-13 0)
(1.5 1.93431e-13 0)
(1.5 1.87095e-13 0)
(1.5 9.07966e-14 0)
(1.5 -2.27749e-14 0)
(1.5 -2.55471e-14 0)
(1.5 4.4105e-14 0)
(1.5 8.67094e-14 0)
(1.5 1.45641e-13 0)
(1.5 1.04706e-13 0)
(1.5 1.50593e-14 0)
(1.5 -9.78054e-14 0)
(1.5 -3.19418e-14 0)
(1.5 5.01187e-14 0)
(1.5 2.00907e-14 0)
(1.5 -3.52212e-14 0)
(1.5 -4.08373e-14 0)
(1.5 -5.30461e-14 0)
(1.5 -3.72323e-14 0)
(1.5 -5.81206e-15 0)
(1.5 4.48932e-15 0)
(1.5 1.18554e-13 0)
(1.5 1.28045e-13 0)
(1.5 2.16549e-13 0)
(1.5 2.68747e-13 0)
(1.5 2.69911e-13 0)
(1.5 2.44581e-13 0)
(1.5 2.21918e-13 0)
(1.5 3.0012e-13 0)
(1.5 4.22426e-13 0)
(1.5 4.29552e-13 0)
(1.5 4.45394e-13 0)
(1.5 3.40527e-13 0)
(1.5 3.94083e-13 0)
(1.5 3.67343e-13 0)
(1.5 2.71528e-13 0)
(1.5 2.40711e-13 0)
(1.5 2.56691e-13 0)
(1.5 1.89069e-13 0)
(1.5 1.43802e-13 0)
(1.5 1.86777e-13 0)
(1.5 1.82985e-13 0)
(1.5 6.0783e-14 0)
(1.5 -1.58867e-13 0)
(1.5 -3.52083e-13 0)
(1.5 -3.33438e-13 0)
(1.5 -3.12761e-13 0)
(1.5 -2.54436e-13 0)
(1.5 -2.34882e-13 0)
(1.5 -2.65002e-13 0)
(1.5 -1.41166e-13 0)
(1.5 -8.67884e-15 0)
(1.5 4.19882e-14 0)
(1.5 7.20368e-14 0)
(1.5 -2.33544e-14 0)
(1.5 -1.6079e-13 0)
(1.5 -1.55005e-13 0)
(1.5 -1.6682e-13 0)
(1.5 -1.80161e-13 0)
(1.5 -2.65094e-13 0)
(1.5 -2.44931e-13 0)
(1.5 -2.08673e-13 0)
(1.5 -1.75921e-13 0)
(1.5 -8.53414e-14 0)
(1.5 -1.25753e-13 0)
(1.5 -1.8566e-13 0)
(1.5 -2.38515e-13 0)
(1.5 -2.6708e-13 0)
(1.5 -2.97461e-13 0)
(1.5 -3.68598e-13 0)
(1.5 -2.45881e-13 0)
(1.5 -2.14293e-13 0)
(1.5 -2.03674e-13 0)
(1.5 -3.05295e-13 0)
(1.5 -4.55757e-13 0)
(1.5 -5.53431e-13 0)
(1.5 -5.51364e-13 0)
(1.5 -4.36553e-13 0)
(1.5 -3.56242e-13 0)
(1.5 -2.69922e-13 0)
(1.5 -2.91274e-13 0)
(1.5 -2.98307e-13 0)
(1.5 -2.41869e-13 0)
(1.5 -9.47378e-14 0)
(1.5 -8.14555e-14 0)
(1.5 -4.65804e-14 0)
(1.5 -1.04932e-13 0)
(1.5 -1.96731e-13 0)
(1.5 -9.53561e-14 0)
(1.5 -8.75849e-14 0)
(1.5 -1.44708e-13 0)
(1.5 -1.62073e-13 0)
(1.5 -6.63847e-14 0)
(1.5 2.19514e-14 0)
(1.5 -1.11308e-14 0)
(1.5 -5.52124e-14 0)
(1.5 -1.69674e-13 0)
(1.5 -2.65751e-13 0)
(1.5 -3.70476e-13 0)
(1.5 -3.80764e-13 0)
(1.5 -3.26421e-13 0)
(1.5 -3.09393e-13 0)
(1.5 -3.74033e-13 0)
(1.5 -4.19243e-13 0)
(1.5 -4.15664e-13 0)
(1.5 -3.59158e-13 0)
(1.5 -3.94931e-13 0)
(1.5 -3.30451e-13 0)
(1.5 -3.35145e-13 0)
(1.5 -4.1375e-13 0)
(1.5 -4.20094e-13 0)
(1.5 -3.6545e-13 0)
(1.5 -2.7504e-13 0)
(1.5 -1.91715e-13 0)
(1.5 -1.30385e-13 0)
(1.5 -9.4389e-14 0)
(1.5 -1.28649e-14 0)
(1.5 3.39363e-14 0)
(1.5 1.58319e-14 0)
(1.5 -7.23744e-14 0)
(1.5 -1.04158e-13 0)
(1.5 -1.17066e-13 0)
(1.5 -6.61873e-14 0)
(1.5 -4.62399e-14 0)
(1.5 1.2911e-14 0)
(1.5 -1.73808e-14 0)
(1.5 -1.1599e-13 0)
(1.5 -2.05105e-13 0)
(1.5 -2.03356e-13 0)
(1.5 -1.86485e-13 0)
(1.5 -2.20424e-13 0)
(1.5 -2.8963e-13 0)
(1.5 -2.52183e-13 0)
(1.5 -9.45081e-14 0)
(1.5 -5.54094e-14 0)
(1.5 -3.0503e-14 0)
(1.5 -5.15484e-14 0)
(1.5 -1.35226e-13 0)
(1.5 -9.7829e-14 0)
(1.5 -1.03102e-13 0)
(1.5 -8.45148e-14 0)
(1.5 -7.96938e-14 0)
(1.5 -1.37352e-13 0)
(1.5 -1.97704e-13 0)
(1.5 -2.34111e-13 0)
(1.5 -2.7862e-13 0)
(1.5 -2.45642e-13 0)
(1.5 -2.43649e-13 0)
(1.5 5.305e-15 0)
(1.5 -8.24735e-15 0)
(1.5 8.14163e-15 0)
(1.5 1.57714e-14 0)
(1.5 -8.42327e-14 0)
(1.5 -2.71243e-13 0)
(1.5 -3.62355e-13 0)
(1.5 -3.16441e-13 0)
(1.5 -2.77658e-13 0)
(1.5 -2.42589e-13 0)
(1.5 -2.11699e-13 0)
(1.5 -7.44926e-14 0)
(1.5 -7.83019e-15 0)
(1.5 -1.48415e-14 0)
(1.5 -5.03216e-14 0)
(1.5 -3.63977e-14 0)
(1.5 5.33191e-14 0)
(1.5 9.7782e-14 0)
(1.5 6.92717e-14 0)
(1.5 2.0955e-14 0)
(1.5 -1.79613e-15 0)
(1.5 4.3693e-14 0)
(1.5 2.45562e-14 0)
(1.5 2.98154e-14 0)
(1.5 -7.70323e-14 0)
(1.5 -1.24225e-13 0)
(1.5 -1.09202e-13 0)
(1.5 -1.28875e-13 0)
(1.5 -4.60123e-14 0)
(1.5 -7.25673e-14 0)
(1.5 -1.177e-13 0)
(1.5 -7.2627e-14 0)
(1.5 -1.0084e-14 0)
(1.5 -1.98627e-14 0)
(1.5 -9.58254e-14 0)
(1.5 -5.15924e-14 0)
(1.5 -3.67824e-14 0)
(1.5 9.5212e-14 0)
(1.5 1.36639e-13 0)
(1.5 9.57082e-14 0)
(1.5 1.0738e-13 0)
(1.5 1.42938e-13 0)
(1.5 1.64993e-13 0)
(1.5 2.00392e-13 0)
(1.5 1.29202e-13 0)
(1.5 9.66582e-14 0)
(1.5 7.00495e-14 0)
(1.5 3.85543e-14 0)
(1.5 6.93146e-14 0)
(1.5 1.04153e-13 0)
(1.5 8.13563e-14 0)
(1.5 1.23929e-13 0)
(1.5 1.78063e-13 0)
(1.5 2.17985e-13 0)
(1.5 2.47117e-13 0)
(1.5 2.02458e-13 0)
(1.5 1.05622e-13 0)
(1.5 7.93779e-14 0)
(1.5 2.02933e-13 0)
(1.5 1.76526e-13 0)
(1.5 1.65114e-13 0)
(1.5 1.73037e-13 0)
(1.5 1.58398e-13 0)
(1.5 5.06816e-14 0)
(1.5 2.11174e-14 0)
(1.5 -6.30412e-15 0)
(1.5 4.93259e-14 0)
(1.5 -4.82656e-14 0)
(1.5 4.25293e-14 0)
(1.5 4.62755e-14 0)
(1.5 9.95074e-14 0)
(1.5 6.6871e-14 0)
(1.5 1.41669e-14 0)
(1.5 5.3288e-14 0)
(1.5 9.3846e-15 0)
(1.5 7.17083e-14 0)
(1.5 1.77157e-13 0)
(1.5 2.64553e-13 0)
(1.5 2.69156e-13 0)
(1.5 2.64501e-13 0)
(1.5 3.31914e-13 0)
(1.5 4.51057e-13 0)
(1.5 4.13349e-13 0)
(1.5 3.5853e-13 0)
(1.5 3.73254e-13 0)
(1.5 3.70782e-13 0)
(1.5 4.02283e-13 0)
(1.5 3.41879e-13 0)
(1.5 2.83698e-13 0)
(1.5 2.34896e-13 0)
(1.5 2.11951e-13 0)
(1.5 1.24755e-13 0)
(1.5 1.47802e-13 0)
(1.5 1.15066e-13 0)
(1.5 5.07311e-14 0)
(1.5 -1.03715e-13 0)
(1.5 -2.7262e-13 0)
(1.5 -1.93327e-13 0)
(1.5 -3.30767e-13 0)
(1.5 -3.4691e-13 0)
(1.5 -3.4525e-13 0)
(1.5 -3.20357e-13 0)
(1.5 -9.28501e-14 0)
(1.5 1.96486e-14 0)
(1.5 4.1366e-14 0)
(1.5 9.35298e-14 0)
(1.5 1.1042e-14 0)
(1.5 -9.46184e-14 0)
(1.5 -1.13232e-13 0)
(1.5 -8.83873e-14 0)
(1.5 -1.73105e-13 0)
(1.5 -2.56909e-13 0)
(1.5 -1.99521e-13 0)
(1.5 -1.82855e-13 0)
(1.5 -8.92691e-14 0)
(1.5 -4.24754e-14 0)
(1.5 -1.01609e-13 0)
(1.5 -1.79858e-13 0)
(1.5 -2.88784e-13 0)
(1.5 -3.13851e-13 0)
(1.5 -2.93358e-13 0)
(1.5 -3.37368e-13 0)
(1.5 -2.14373e-13 0)
(1.5 -2.11078e-13 0)
(1.5 -1.81455e-13 0)
(1.5 -2.86867e-13 0)
(1.5 -4.48335e-13 0)
(1.5 -5.60183e-13 0)
(1.5 -5.9364e-13 0)
(1.5 -5.2304e-13 0)
(1.5 -4.33758e-13 0)
(1.5 -3.70512e-13 0)
(1.5 -3.47763e-13 0)
(1.5 -2.55168e-13 0)
(1.5 -2.17867e-13 0)
(1.5 -1.62193e-13 0)
(1.5 -1.92363e-13 0)
(1.5 -1.2728e-13 0)
(1.5 -2.82744e-14 0)
(1.5 -1.22668e-13 0)
(1.5 -6.00542e-14 0)
(1.5 9.11878e-14 0)
(1.5 -3.11941e-14 0)
(1.5 -8.51309e-14 0)
(1.5 -2.6581e-15 0)
(1.5 1.20007e-13 0)
(1.5 1.23343e-13 0)
(1.5 5.95734e-14 0)
(1.5 -3.24408e-14 0)
(1.5 -1.08453e-13 0)
(1.5 -2.00212e-13 0)
(1.5 -3.06312e-13 0)
(1.5 -3.21282e-13 0)
(1.5 -1.05027e-13 0)
(1.5 -1.56356e-13 0)
(1.5 -2.57781e-13 0)
(1.5 -3.11717e-13 0)
(1.5 -3.8602e-13 0)
(1.5 -3.23499e-13 0)
(1.5 -2.96431e-13 0)
(1.5 -2.9508e-13 0)
(1.5 -3.22661e-13 0)
(1.5 -3.82467e-13 0)
(1.5 -3.36759e-13 0)
(1.5 -3.43163e-13 0)
(1.5 -2.02408e-13 0)
(1.5 -9.36264e-14 0)
(1.5 -1.6384e-13 0)
(1.5 -1.06067e-13 0)
(1.5 -1.92051e-14 0)
(1.5 6.25529e-14 0)
(1.5 1.12436e-13 0)
(1.5 3.42932e-14 0)
(1.5 2.04352e-15 0)
(1.5 9.79939e-15 0)
(1.5 1.87718e-14 0)
(1.5 5.31118e-14 0)
(1.5 5.49351e-14 0)
(1.5 3.72117e-14 0)
(1.5 5.61116e-14 0)
(1.5 2.46723e-14 0)
(1.5 -5.86285e-14 0)
(1.5 -2.09323e-13 0)
(1.5 -2.99575e-13 0)
(1.5 -2.74646e-13 0)
(1.5 -1.17995e-13 0)
(1.5 -7.46495e-14 0)
(1.5 -1.17988e-13 0)
(1.5 -7.70407e-14 0)
(1.5 -1.44013e-13 0)
(1.5 -1.45959e-13 0)
(1.5 -1.34308e-13 0)
(1.5 -1.61333e-13 0)
(1.5 -1.27471e-13 0)
(1.5 -1.73212e-13 0)
(1.5 -1.83558e-13 0)
(1.5 -1.45967e-13 0)
(1.5 -1.17818e-13 0)
(1.5 -7.28969e-14 0)
(1.5 -1.60482e-13 0)
(1.5 -1.31915e-14 0)
(1.5 -1.67889e-14 0)
(1.5 2.81112e-14 0)
(1.5 1.87333e-14 0)
(1.5 -4.9209e-14 0)
(1.5 -1.53183e-13 0)
(1.5 -2.40947e-13 0)
(1.5 -2.80886e-13 0)
(1.5 -3.14517e-13 0)
(1.5 -2.38835e-13 0)
(1.5 -2.21285e-13 0)
(1.5 -1.07531e-13 0)
(1.5 -8.84457e-15 0)
(1.5 -5.89149e-14 0)
(1.5 -3.92203e-14 0)
(1.5 -5.47068e-14 0)
(1.5 3.75229e-14 0)
(1.5 -1.54547e-14 0)
(1.5 -1.76413e-14 0)
(1.5 2.1363e-15 0)
(1.5 3.01136e-14 0)
(1.5 8.98887e-14 0)
(1.5 9.70919e-15 0)
(1.5 2.98506e-14 0)
(1.5 -3.92981e-14 0)
(1.5 -5.04323e-14 0)
(1.5 2.41582e-14 0)
(1.5 9.00446e-15 0)
(1.5 1.65899e-14 0)
(1.5 -1.87188e-14 0)
(1.5 -7.78068e-14 0)
(1.5 -1.83421e-14 0)
(1.5 2.07395e-14 0)
(1.5 3.42251e-14 0)
(1.5 -1.31811e-14 0)
(1.5 -4.05146e-14 0)
(1.5 4.81114e-14 0)
(1.5 1.71247e-13 0)
(1.5 1.6225e-13 0)
(1.5 1.84502e-13 0)
(1.5 1.93134e-13 0)
(1.5 1.97475e-13 0)
(1.5 1.47771e-13 0)
(1.5 1.00016e-13 0)
(1.5 1.16598e-13 0)
(1.5 8.09481e-14 0)
(1.5 1.44625e-14 0)
(1.5 -6.14615e-15 0)
(1.5 4.55534e-14 0)
(1.5 5.227e-14 0)
(1.5 5.98697e-14 0)
(1.5 1.15304e-13 0)
(1.5 1.739e-13 0)
(1.5 2.43527e-13 0)
(1.5 2.37779e-13 0)
(1.5 1.89941e-13 0)
(1.5 1.18763e-13 0)
(1.5 2.275e-14 0)
(1.5 8.20039e-14 0)
(1.5 9.37872e-14 0)
(1.5 1.00159e-13 0)
(1.5 1.42259e-13 0)
(1.5 1.68581e-13 0)
(1.5 1.12218e-13 0)
(1.5 2.00309e-14 0)
(1.5 -1.58752e-14 0)
(1.5 4.58443e-14 0)
(1.5 6.46442e-15 0)
(1.5 3.99649e-14 0)
(1.5 4.56532e-14 0)
(1.5 8.63118e-14 0)
(1.5 2.10732e-14 0)
(1.5 -2.67861e-14 0)
(1.5 2.91383e-14 0)
(1.5 -1.2596e-14 0)
(1.5 8.46644e-15 0)
(1.5 1.00631e-13 0)
(1.5 2.05004e-13 0)
(1.5 2.59945e-13 0)
(1.5 2.47258e-13 0)
(1.5 3.29357e-13 0)
(1.5 3.95073e-13 0)
(1.5 2.75015e-13 0)
(1.5 2.36834e-13 0)
(1.5 2.84508e-13 0)
(1.5 2.66955e-13 0)
(1.5 3.14525e-13 0)
(1.5 3.21834e-13 0)
(1.5 2.50709e-13 0)
(1.5 1.51411e-13 0)
(1.5 1.24521e-13 0)
(1.5 1.49489e-13 0)
(1.5 1.46929e-13 0)
(1.5 1.15368e-13 0)
(1.5 1.53536e-13 0)
(1.5 8.64558e-14 0)
(1.5 -1.17852e-14 0)
(1.5 -3.42147e-14 0)
(1.5 -1.60107e-13 0)
(1.5 -2.12707e-13 0)
(1.5 -2.9269e-13 0)
(1.5 -2.63847e-13 0)
(1.5 -4.92255e-14 0)
(1.5 3.71059e-14 0)
(1.5 2.66259e-14 0)
(1.5 4.31396e-14 0)
(1.5 4.87764e-15 0)
(1.5 -2.13023e-14 0)
(1.5 -9.40536e-14 0)
(1.5 -9.68167e-14 0)
(1.5 -2.40156e-13 0)
(1.5 -2.87084e-13 0)
(1.5 -2.02772e-13 0)
(1.5 -1.88369e-13 0)
(1.5 -1.15077e-13 0)
(1.5 -6.40821e-14 0)
(1.5 -1.39639e-14 0)
(1.5 -1.2966e-13 0)
(1.5 -2.10998e-13 0)
(1.5 -2.37659e-13 0)
(1.5 -2.14902e-13 0)
(1.5 -1.88543e-13 0)
(1.5 -2.00152e-13 0)
(1.5 -2.38177e-13 0)
(1.5 -2.2641e-13 0)
(1.5 -2.33331e-13 0)
(1.5 -2.48967e-13 0)
(1.5 -3.30481e-13 0)
(1.5 -3.96769e-13 0)
(1.5 -3.5844e-13 0)
(1.5 -2.91742e-13 0)
(1.5 -3.08401e-13 0)
(1.5 -3.56714e-13 0)
(1.5 -1.99814e-13 0)
(1.5 -1.4635e-13 0)
(1.5 -1.52379e-13 0)
(1.5 -1.8064e-13 0)
(1.5 -1.4213e-13 0)
(1.5 -2.32023e-14 0)
(1.5 -8.093e-14 0)
(1.5 -6.65519e-14 0)
(1.5 4.78805e-14 0)
(1.5 -2.5574e-14 0)
(1.5 -6.96652e-14 0)
(1.5 -5.32384e-14 0)
(1.5 1.11774e-13 0)
(1.5 2.01625e-13 0)
(1.5 1.44015e-13 0)
(1.5 3.89501e-14 0)
(1.5 -9.20379e-16 0)
(1.5 -4.29801e-15 0)
(1.5 -1.02752e-13 0)
(1.5 -1.87075e-13 0)
(1.5 -7.65679e-14 0)
(1.5 -1.38685e-13 0)
(1.5 -2.61644e-13 0)
(1.5 -2.95927e-13 0)
(1.5 -3.89653e-13 0)
(1.5 -2.53216e-13 0)
(1.5 -2.60657e-13 0)
(1.5 -2.06802e-13 0)
(1.5 -1.6925e-13 0)
(1.5 -2.19546e-13 0)
(1.5 -2.21341e-13 0)
(1.5 -1.94749e-13 0)
(1.5 -5.42139e-14 0)
(1.5 -9.86247e-14 0)
(1.5 -1.6601e-13 0)
(1.5 -1.56278e-13 0)
(1.5 -4.14868e-14 0)
(1.5 5.45472e-14 0)
(1.5 2.06248e-13 0)
(1.5 1.66313e-13 0)
(1.5 1.35016e-13 0)
(1.5 7.75794e-14 0)
(1.5 2.63917e-14 0)
(1.5 3.23182e-14 0)
(1.5 1.28972e-14 0)
(1.5 2.88476e-14 0)
(1.5 6.17038e-14 0)
(1.5 2.43481e-14 0)
(1.5 -1.05657e-13 0)
(1.5 -2.02724e-13 0)
(1.5 -2.0003e-13 0)
(1.5 -2.04284e-13 0)
(1.5 -2.68826e-13 0)
(1.5 -1.85629e-13 0)
(1.5 -2.00737e-13 0)
(1.5 -1.57456e-13 0)
(1.5 -1.6411e-13 0)
(1.5 -1.41393e-13 0)
(1.5 -1.82083e-13 0)
(1.5 -2.29606e-13 0)
(1.5 -2.51164e-13 0)
(1.5 -3.04122e-13 0)
(1.5 -2.42526e-13 0)
(1.5 -2.24101e-13 0)
(1.5 -1.25824e-13 0)
(1.5 -5.37758e-14 0)
(1.5 -1.08974e-13 0)
(1.5 3.85171e-15 0)
(1.5 -1.40823e-14 0)
(1.5 1.51346e-14 0)
(1.5 3.28885e-14 0)
(1.5 3.02168e-15 0)
(1.5 -4.83676e-14 0)
(1.5 -1.31014e-13 0)
(1.5 -2.34174e-13 0)
(1.5 -2.55865e-13 0)
(1.5 -2.36305e-13 0)
(1.5 -1.73728e-13 0)
(1.5 -1.58857e-13 0)
(1.5 -6.82031e-14 0)
(1.5 -5.64959e-14 0)
(1.5 -3.51169e-14 0)
(1.5 -4.89059e-14 0)
(1.5 -8.86541e-14 0)
(1.5 -3.43103e-14 0)
(1.5 1.01823e-13 0)
(1.5 1.59384e-13 0)
(1.5 1.42516e-13 0)
(1.5 1.10103e-13 0)
(1.5 5.44231e-14 0)
(1.5 5.76161e-14 0)
(1.5 7.99601e-14 0)
(1.5 6.77515e-14 0)
(1.5 9.49125e-14 0)
(1.5 8.34769e-14 0)
(1.5 8.29555e-14 0)
(1.5 8.48386e-14 0)
(1.5 3.54513e-14 0)
(1.5 3.39667e-14 0)
(1.5 -2.51979e-14 0)
(1.5 3.86547e-14 0)
(1.5 1.30473e-13 0)
(1.5 1.05958e-13 0)
(1.5 1.94483e-13 0)
(1.5 2.56756e-13 0)
(1.5 2.14171e-13 0)
(1.5 2.77182e-13 0)
(1.5 2.56555e-13 0)
(1.5 2.25047e-13 0)
(1.5 1.70372e-13 0)
(1.5 9.24755e-14 0)
(1.5 1.14934e-13 0)
(1.5 5.40397e-14 0)
(1.5 -5.93995e-15 0)
(1.5 -2.22043e-14 0)
(1.5 6.97051e-14 0)
(1.5 1.16897e-13 0)
(1.5 1.46831e-13 0)
(1.5 1.84698e-13 0)
(1.5 2.27968e-13 0)
(1.5 2.82832e-13 0)
(1.5 2.40909e-13 0)
(1.5 1.22743e-13 0)
(1.5 6.56049e-14 0)
(1.5 -3.37893e-14 0)
(1.5 -1.09779e-14 0)
(1.5 1.694e-14 0)
(1.5 4.89244e-14 0)
(1.5 7.89502e-14 0)
(1.5 5.32996e-14 0)
(1.5 5.83874e-14 0)
(1.5 4.58771e-14 0)
(1.5 7.79199e-14 0)
(1.5 5.00013e-14 0)
(1.5 2.78905e-14 0)
(1.5 4.94158e-14 0)
(1.5 -2.1991e-14 0)
(1.5 -1.20655e-13 0)
(1.5 -1.25195e-13 0)
(1.5 -5.05037e-14 0)
(1.5 6.49866e-16 0)
(1.5 -4.75732e-14 0)
(1.5 -6.82448e-14 0)
(1.5 -4.04459e-14 0)
(1.5 7.16671e-14 0)
(1.5 1.17645e-13 0)
(1.5 4.05322e-14 0)
(1.5 3.28791e-14 0)
(1.5 7.95754e-14 0)
(1.5 9.06121e-14 0)
(1.5 9.81696e-14 0)
(1.5 7.97862e-14 0)
(1.5 5.12799e-14 0)
(1.5 9.59159e-14 0)
(1.5 1.81864e-13 0)
(1.5 1.87254e-13 0)
(1.5 1.39414e-13 0)
(1.5 1.5512e-13 0)
(1.5 2.49665e-13 0)
(1.5 2.82498e-13 0)
(1.5 2.48636e-13 0)
(1.5 2.52395e-13 0)
(1.5 2.99544e-13 0)
(1.5 2.53584e-13 0)
(1.5 1.10677e-13 0)
(1.5 -4.80299e-14 0)
(1.5 -9.01581e-14 0)
(1.5 -1.47451e-13 0)
(1.5 -1.08913e-13 0)
(1.5 -7.39501e-14 0)
(1.5 -2.12628e-14 0)
(1.5 7.17375e-14 0)
(1.5 3.49503e-14 0)
(1.5 5.07811e-14 0)
(1.5 6.6242e-14 0)
(1.5 -7.41052e-14 0)
(1.5 -1.57563e-13 0)
(1.5 -2.31354e-13 0)
(1.5 -2.16697e-13 0)
(1.5 -1.66785e-13 0)
(1.5 -1.3084e-13 0)
(1.5 -9.43179e-14 0)
(1.5 -5.12994e-14 0)
(1.5 2.33238e-14 0)
(1.5 -7.08724e-14 0)
(1.5 -5.4265e-14 0)
(1.5 -2.11006e-14 0)
(1.5 -2.52373e-15 0)
(1.5 3.46894e-15 0)
(1.5 -1.18994e-13 0)
(1.5 -1.41668e-13 0)
(1.5 -1.21629e-13 0)
(1.5 -1.22323e-13 0)
(1.5 -3.44354e-14 0)
(1.5 -8.67451e-14 0)
(1.5 -1.52883e-13 0)
(1.5 -1.81358e-13 0)
(1.5 -1.98223e-13 0)
(1.5 -2.10508e-13 0)
(1.5 -2.20113e-13 0)
(1.5 -1.79487e-13 0)
(1.5 -8.04605e-14 0)
(1.5 -7.3956e-14 0)
(1.5 -6.74762e-14 0)
(1.5 -9.57368e-14 0)
(1.5 -4.82598e-14 0)
(1.5 -1.05004e-14 0)
(1.5 -5.51476e-14 0)
(1.5 -6.26682e-14 0)
(1.5 -3.81579e-14 0)
(1.5 -4.03018e-14 0)
(1.5 -8.26273e-14 0)
(1.5 -2.98395e-14 0)
(1.5 9.10039e-14 0)
(1.5 1.18679e-13 0)
(1.5 2.87733e-14 0)
(1.5 8.57411e-14 0)
(1.5 1.39219e-13 0)
(1.5 8.58896e-14 0)
(1.5 -1.62657e-14 0)
(1.5 -1.06363e-13 0)
(1.5 -1.8094e-13 0)
(1.5 -2.31746e-13 0)
(1.5 -2.43857e-13 0)
(1.5 -2.34656e-13 0)
(1.5 -1.42733e-13 0)
(1.5 -2.1096e-13 0)
(1.5 -1.79807e-13 0)
(1.5 -1.56225e-13 0)
(1.5 -1.21594e-13 0)
(1.5 -1.08328e-13 0)
(1.5 -1.60264e-13 0)
(1.5 -1.08089e-13 0)
(1.5 -1.06554e-13 0)
(1.5 -1.02857e-13 0)
(1.5 -1.58249e-13 0)
(1.5 -1.10181e-14 0)
(1.5 9.68294e-14 0)
(1.5 1.7126e-13 0)
(1.5 1.70935e-13 0)
(1.5 1.1955e-13 0)
(1.5 6.03255e-14 0)
(1.5 3.40403e-14 0)
(1.5 6.51978e-14 0)
(1.5 7.95644e-14 0)
(1.5 6.45903e-14 0)
(1.5 -2.7057e-15 0)
(1.5 -6.35662e-14 0)
(1.5 -1.92139e-13 0)
(1.5 -1.77526e-13 0)
(1.5 -1.10921e-13 0)
(1.5 -1.53919e-13 0)
(1.5 -3.27131e-13 0)
(1.5 -2.44826e-13 0)
(1.5 -1.48175e-13 0)
(1.5 -1.63255e-13 0)
(1.5 -5.36937e-14 0)
(1.5 -5.16479e-14 0)
(1.5 -1.78736e-13 0)
(1.5 -2.13185e-13 0)
(1.5 -2.82688e-13 0)
(1.5 -4.03294e-13 0)
(1.5 -3.47205e-13 0)
(1.5 -3.37172e-13 0)
(1.5 -2.48046e-13 0)
(1.5 -1.31554e-13 0)
(1.5 -6.72691e-14 0)
(1.5 3.32655e-14 0)
(1.5 5.97742e-14 0)
(1.5 8.65333e-14 0)
(1.5 1.41557e-13 0)
(1.5 9.17311e-14 0)
(1.5 6.45362e-14 0)
(1.5 5.74082e-14 0)
(1.5 -6.73327e-14 0)
(1.5 -1.43304e-13 0)
(1.5 -2.70468e-13 0)
(1.5 -1.90098e-13 0)
(1.5 -1.77567e-13 0)
(1.5 -1.22166e-13 0)
(1.5 -7.71014e-14 0)
(1.5 -7.41336e-14 0)
(1.5 -5.02045e-14 0)
(1.5 -7.13269e-14 0)
(1.5 1.07418e-13 0)
(1.5 2.49252e-13 0)
(1.5 2.74515e-13 0)
(1.5 2.35492e-13 0)
(1.5 1.42435e-13 0)
(1.5 9.21982e-14 0)
(1.5 4.78044e-14 0)
(1.5 1.02707e-13 0)
(1.5 9.56932e-14 0)
(1.5 3.36263e-14 0)
(1.5 2.66785e-14 0)
(1.5 2.51526e-14 0)
(1.5 8.24509e-14 0)
(1.5 1.14757e-13 0)
(1.5 1.68979e-14 0)
(1.5 -2.69837e-14 0)
(1.5 1.43106e-14 0)
(1.5 1.84358e-13 0)
(1.5 2.72603e-13 0)
(1.5 3.4856e-13 0)
(1.5 3.3127e-13 0)
(1.5 2.94065e-13 0)
(1.5 2.91778e-13 0)
(1.5 2.50432e-13 0)
(1.5 2.26706e-13 0)
(1.5 1.74414e-13 0)
(1.5 1.78311e-13 0)
(1.5 1.79438e-13 0)
(1.5 1.49724e-13 0)
(1.5 4.67567e-14 0)
(1.5 2.35786e-14 0)
(1.5 6.99599e-14 0)
(1.5 6.94905e-14 0)
(1.5 1.03405e-13 0)
(1.5 1.22211e-13 0)
(1.5 2.12265e-13 0)
(1.5 2.42152e-13 0)
(1.5 1.98312e-13 0)
(1.5 8.0625e-14 0)
(1.5 1.06397e-13 0)
(1.5 5.36951e-14 0)
(1.5 3.73464e-14 0)
(1.5 9.6346e-14 0)
(1.5 1.12151e-13 0)
(1.5 6.67846e-14 0)
(1.5 5.21412e-14 0)
(1.5 1.23381e-13 0)
(1.5 1.66961e-13 0)
(1.5 1.14414e-13 0)
(1.5 1.49085e-14 0)
(1.5 -1.66849e-14 0)
(1.5 -1.36609e-14 0)
(1.5 -5.24022e-14 0)
(1.5 -1.63727e-13 0)
(1.5 -1.21252e-13 0)
(1.5 -5.43022e-16 0)
(1.5 1.60512e-14 0)
(1.5 -2.32317e-14 0)
(1.5 5.48114e-15 0)
(1.5 2.47705e-14 0)
(1.5 -1.68393e-15 0)
(1.5 -9.88056e-15 0)
(1.5 -5.59942e-14 0)
(1.5 -1.27673e-13 0)
(1.5 -1.22203e-13 0)
(1.5 -1.37076e-15 0)
(1.5 -1.53327e-14 0)
(1.5 5.56543e-14 0)
(1.5 8.17195e-14 0)
(1.5 6.27247e-14 0)
(1.5 1.19864e-13 0)
(1.5 1.69964e-13 0)
(1.5 1.70888e-13 0)
(1.5 1.9637e-13 0)
(1.5 2.56397e-13 0)
(1.5 3.1339e-13 0)
(1.5 3.22823e-13 0)
(1.5 2.36954e-13 0)
(1.5 1.9105e-13 0)
(1.5 1.88955e-13 0)
(1.5 5.42603e-14 0)
(1.5 -1.87176e-14 0)
(1.5 -7.43784e-14 0)
(1.5 -1.08937e-13 0)
(1.5 -1.66035e-15 0)
(1.5 1.22173e-14 0)
(1.5 3.32815e-14 0)
(1.5 5.73922e-14 0)
(1.5 -2.13484e-14 0)
(1.5 -4.12901e-14 0)
(1.5 -7.46138e-14 0)
(1.5 -1.73721e-13 0)
(1.5 -2.6557e-13 0)
(1.5 -2.70522e-13 0)
(1.5 -1.80238e-13 0)
(1.5 -1.84525e-13 0)
(1.5 -1.21268e-13 0)
(1.5 -8.52336e-14 0)
(1.5 -1.64455e-13 0)
(1.5 -1.20375e-13 0)
(1.5 -1.05486e-13 0)
(1.5 4.96804e-15 0)
(1.5 5.35407e-14 0)
(1.5 7.39008e-15 0)
(1.5 7.98883e-15 0)
(1.5 -9.12616e-14 0)
(1.5 -5.37662e-14 0)
(1.5 -2.80507e-14 0)
(1.5 -4.24472e-14 0)
(1.5 -2.42433e-14 0)
(1.5 -1.82384e-13 0)
(1.5 -2.16585e-13 0)
(1.5 -2.36535e-13 0)
(1.5 -2.14789e-13 0)
(1.5 -1.60658e-13 0)
(1.5 -1.56932e-13 0)
(1.5 -2.44407e-13 0)
(1.5 -1.46695e-13 0)
(1.5 -1.6202e-13 0)
(1.5 -1.40458e-13 0)
(1.5 -2.14612e-13 0)
(1.5 -2.3411e-13 0)
(1.5 -1.10125e-13 0)
(1.5 -1.68631e-13 0)
(1.5 -1.75812e-13 0)
(1.5 -7.63853e-14 0)
(1.5 -5.11692e-14 0)
(1.5 -6.45104e-14 0)
(1.5 -1.07999e-13 0)
(1.5 -6.65545e-14 0)
(1.5 -2.56853e-14 0)
(1.5 -4.21963e-14 0)
(1.5 1.32156e-14 0)
(1.5 6.98545e-14 0)
(1.5 5.32194e-14 0)
(1.5 -5.32488e-14 0)
(1.5 -1.97264e-13 0)
(1.5 -3.46839e-13 0)
(1.5 -4.38616e-13 0)
(1.5 -3.93268e-13 0)
(1.5 -3.00345e-13 0)
(1.5 -2.16095e-13 0)
(1.5 -2.11787e-13 0)
(1.5 -2.56765e-13 0)
(1.5 -2.37554e-13 0)
(1.5 -1.60851e-13 0)
(1.5 -1.59291e-13 0)
(1.5 -3.17317e-13 0)
(1.5 -3.13631e-13 0)
(1.5 -1.88103e-13 0)
(1.5 -1.15929e-13 0)
(1.5 -1.46666e-13 0)
(1.5 -2.85898e-14 0)
(1.5 3.18903e-14 0)
(1.5 2.34809e-15 0)
(1.5 3.67984e-14 0)
(1.5 -2.25503e-14 0)
(1.5 2.30613e-14 0)
(1.5 1.14347e-13 0)
(1.5 9.05388e-14 0)
(1.5 4.06065e-14 0)
(1.5 -4.0012e-14 0)
(1.5 -1.65225e-13 0)
(1.5 -2.86175e-13 0)
(1.5 -3.58299e-13 0)
(1.5 -2.47324e-13 0)
(1.5 -1.05184e-13 0)
(1.5 -1.08081e-13 0)
(1.5 -1.43625e-13 0)
(1.5 -9.24768e-14 0)
(1.5 -2.65438e-15 0)
(1.5 -6.1352e-14 0)
(1.5 8.26175e-15 0)
(1.5 -3.89439e-14 0)
(1.5 -1.64596e-13 0)
(1.5 -1.68598e-13 0)
(1.5 -2.03185e-13 0)
(1.5 -3.30145e-13 0)
(1.5 -3.09055e-13 0)
(1.5 -3.0083e-13 0)
(1.5 -2.71816e-13 0)
(1.5 -1.52278e-13 0)
(1.5 -8.94952e-14 0)
(1.5 5.3107e-14 0)
(1.5 9.48371e-14 0)
(1.5 6.78822e-14 0)
(1.5 8.73279e-14 0)
(1.5 4.03178e-14 0)
(1.5 1.08685e-13 0)
(1.5 1.99653e-13 0)
(1.5 6.27687e-14 0)
(1.5 -5.58127e-14 0)
(1.5 -2.20119e-13 0)
(1.5 -1.81581e-13 0)
(1.5 -1.32189e-13 0)
(1.5 -1.18337e-13 0)
(1.5 -4.60154e-14 0)
(1.5 -5.23065e-14 0)
(1.5 -9.27084e-15 0)
(1.5 7.16839e-14 0)
(1.5 1.71703e-13 0)
(1.5 2.39313e-13 0)
(1.5 2.67883e-13 0)
(1.5 2.62152e-13 0)
(1.5 1.80045e-13 0)
(1.5 1.20918e-13 0)
(1.5 5.81531e-14 0)
(1.5 5.55792e-14 0)
(1.5 4.13841e-14 0)
(1.5 1.7392e-15 0)
(1.5 1.23107e-14 0)
(1.5 -3.18271e-14 0)
(1.5 3.07152e-14 0)
(1.5 1.17369e-13 0)
(1.5 7.03809e-14 0)
(1.5 4.26376e-14 0)
(1.5 6.50696e-14 0)
(1.5 2.08919e-13 0)
(1.5 3.20479e-13 0)
(1.5 3.77576e-13 0)
(1.5 2.79512e-13 0)
(1.5 2.43503e-13 0)
(1.5 1.73676e-13 0)
(1.5 1.11828e-13 0)
(1.5 9.50409e-14 0)
(1.5 1.32106e-13 0)
(1.5 1.70855e-13 0)
(1.5 1.62128e-13 0)
(1.5 1.5812e-13 0)
(1.5 1.12456e-13 0)
(1.5 1.1257e-13 0)
(1.5 7.67169e-14 0)
(1.5 3.85636e-14 0)
(1.5 5.23855e-14 0)
(1.5 9.06011e-14 0)
(1.5 1.73336e-13 0)
(1.5 1.27097e-13 0)
(1.5 6.61925e-14 0)
(1.5 2.87398e-14 0)
(1.5 7.7395e-14 0)
(1.5 1.49574e-13 0)
(1.5 1.34291e-13 0)
(1.5 1.27615e-13 0)
(1.5 1.17619e-13 0)
(1.5 8.02868e-14 0)
(1.5 1.05151e-13 0)
(1.5 2.14666e-13 0)
(1.5 2.56781e-13 0)
(1.5 1.4413e-13 0)
(1.5 4.22621e-14 0)
(1.5 4.95752e-15 0)
(1.5 -2.87225e-14 0)
(1.5 -3.07025e-14 0)
(1.5 -3.50019e-14 0)
(1.5 1.24111e-14 0)
(1.5 6.09234e-14 0)
(1.5 5.51422e-14 0)
(1.5 1.15791e-13 0)
(1.5 1.58216e-13 0)
(1.5 1.60382e-13 0)
(1.5 6.35053e-14 0)
(1.5 8.61646e-14 0)
(1.5 4.98209e-14 0)
(1.5 2.7501e-14 0)
(1.5 -2.30221e-14 0)
(1.5 2.28233e-15 0)
(1.5 -1.47163e-14 0)
(1.5 1.26405e-13 0)
(1.5 1.94429e-13 0)
(1.5 1.60459e-13 0)
(1.5 1.6788e-13 0)
(1.5 1.64989e-13 0)
(1.5 1.83552e-13 0)
(1.5 1.7433e-13 0)
(1.5 2.09907e-13 0)
(1.5 2.06196e-13 0)
(1.5 2.50001e-13 0)
(1.5 1.45771e-13 0)
(1.5 6.25381e-15 0)
(1.5 -2.1128e-14 0)
(1.5 -7.86009e-14 0)
(1.5 -1.92653e-14 0)
(1.5 -5.79861e-14 0)
(1.5 -5.38208e-14 0)
(1.5 2.74089e-14 0)
(1.5 3.59725e-14 0)
(1.5 8.32015e-14 0)
(1.5 5.70678e-14 0)
(1.5 -2.01181e-14 0)
(1.5 -1.27899e-13 0)
(1.5 -1.98625e-13 0)
(1.5 -2.25325e-13 0)
(1.5 -2.11374e-13 0)
(1.5 -1.51421e-13 0)
(1.5 -7.35346e-14 0)
(1.5 -1.62684e-13 0)
(1.5 -1.59228e-13 0)
(1.5 -1.86374e-13 0)
(1.5 -1.9861e-13 0)
(1.5 -1.14503e-13 0)
(1.5 1.56406e-14 0)
(1.5 1.05939e-13 0)
(1.5 1.66079e-13 0)
(1.5 1.41451e-13 0)
(1.5 4.91812e-14 0)
(1.5 -5.44952e-14 0)
(1.5 -8.48587e-14 0)
(1.5 -3.90648e-14 0)
(1.5 -3.48923e-14 0)
(1.5 -1.63684e-13 0)
(1.5 -3.06578e-13 0)
(1.5 -3.14179e-13 0)
(1.5 -2.91782e-13 0)
(1.5 -3.11888e-13 0)
(1.5 -3.30606e-13 0)
(1.5 -2.96417e-13 0)
(1.5 -2.90123e-13 0)
(1.5 -2.60213e-13 0)
(1.5 -3.11324e-13 0)
(1.5 -3.15284e-13 0)
(1.5 -2.91603e-13 0)
(1.5 -2.98817e-13 0)
(1.5 -1.84358e-13 0)
(1.5 -1.8257e-13 0)
(1.5 -7.82785e-14 0)
(1.5 4.04079e-14 0)
(1.5 1.98344e-14 0)
(1.5 -3.92968e-14 0)
(1.5 -1.42348e-13 0)
(1.5 -1.91099e-13 0)
(1.5 -1.47479e-13 0)
(1.5 -1.20544e-13 0)
(1.5 -1.56368e-13 0)
(1.5 -1.74527e-13 0)
(1.5 -1.64073e-13 0)
(1.5 -2.16941e-13 0)
(1.5 -2.37908e-13 0)
(1.5 -3.40534e-13 0)
(1.5 -5.00442e-13 0)
(1.5 -4.98389e-13 0)
(1.5 -4.00843e-13 0)
(1.5 -3.35505e-13 0)
(1.5 -2.19766e-13 0)
(1.5 -1.96244e-13 0)
(1.5 -1.68535e-13 0)
(1.5 -1.45721e-13 0)
(1.5 -1.85338e-13 0)
(1.5 -2.31725e-13 0)
(1.5 -2.31774e-13 0)
(1.5 -1.48445e-13 0)
(1.5 -7.401e-14 0)
(1.5 -6.25181e-14 0)
(1.5 -6.36548e-14 0)
(1.5 -5.76661e-14 0)
(1.5 -7.58951e-14 0)
(1.5 -7.60928e-14 0)
(1.5 -3.61636e-14 0)
(1.5 3.28335e-14 0)
(1.5 4.01113e-14 0)
(1.5 3.26398e-14 0)
(1.5 -1.39918e-14 0)
(1.5 -1.31793e-13 0)
(1.5 -2.72219e-13 0)
(1.5 -3.31061e-13 0)
(1.5 -2.27648e-13 0)
(1.5 -1.26032e-13 0)
(1.5 -4.3438e-14 0)
(1.5 -9.56437e-14 0)
(1.5 -3.40489e-14 0)
(1.5 1.69365e-14 0)
(1.5 7.70196e-14 0)
(1.5 1.12621e-14 0)
(1.5 -2.03482e-14 0)
(1.5 -7.77216e-14 0)
(1.5 -9.95754e-14 0)
(1.5 -1.40914e-13 0)
(1.5 -1.51352e-13 0)
(1.5 -2.26428e-13 0)
(1.5 -2.17638e-13 0)
(1.5 -2.20279e-13 0)
(1.5 -2.20356e-13 0)
(1.5 -1.37515e-13 0)
(1.5 -1.44475e-13 0)
(1.5 7.17325e-14 0)
(1.5 6.81597e-14 0)
(1.5 2.46097e-14 0)
(1.5 1.63187e-14 0)
(1.5 7.19424e-14 0)
(1.5 1.16068e-13 0)
(1.5 1.03461e-13 0)
(1.5 7.93057e-14 0)
(1.5 -4.41202e-14 0)
(1.5 -1.26638e-13 0)
(1.5 -1.45786e-13 0)
(1.5 -8.28253e-14 0)
(1.5 -8.56817e-14 0)
(1.5 -1.97594e-14 0)
(1.5 -2.59221e-14 0)
(1.5 1.91263e-14 0)
(1.5 1.61489e-13 0)
(1.5 2.33695e-13 0)
(1.5 2.43876e-13 0)
(1.5 2.21852e-13 0)
(1.5 2.44694e-13 0)
(1.5 2.09435e-13 0)
(1.5 1.70999e-13 0)
(1.5 1.51995e-13 0)
(1.5 7.19818e-14 0)
(1.5 8.0287e-14 0)
(1.5 8.69383e-14 0)
(1.5 7.75919e-14 0)
(1.5 4.56166e-14 0)
(1.5 7.33116e-15 0)
(1.5 -2.12542e-16 0)
(1.5 3.69012e-14 0)
(1.5 1.08694e-13 0)
(1.5 1.12509e-13 0)
(1.5 2.49627e-13 0)
(1.5 2.6163e-13 0)
(1.5 2.57986e-13 0)
(1.5 1.56777e-13 0)
(1.5 6.18381e-14 0)
(1.5 3.08006e-14 0)
(1.5 3.76011e-14 0)
(1.5 2.26224e-14 0)
(1.5 9.60164e-14 0)
(1.5 7.67524e-14 0)
(1.5 5.83927e-14 0)
(1.5 6.00994e-14 0)
(1.5 9.67042e-14 0)
(1.5 9.10826e-14 0)
(1.5 5.11231e-14 0)
(1.5 7.45875e-14 0)
(1.5 1.11423e-13 0)
(1.5 1.19165e-13 0)
(1.5 1.06945e-13 0)
(1.5 1.02589e-13 0)
(1.5 3.03723e-14 0)
(1.5 3.26959e-14 0)
(1.5 1.56479e-14 0)
(1.5 1.01489e-13 0)
(1.5 1.1007e-13 0)
(1.5 6.94919e-14 0)
(1.5 4.63964e-14 0)
(1.5 6.5781e-14 0)
(1.5 8.06526e-14 0)
(1.5 1.7916e-13 0)
(1.5 1.97504e-13 0)
(1.5 1.42768e-13 0)
(1.5 1.12935e-13 0)
(1.5 6.64004e-14 0)
(1.5 4.17396e-14 0)
(1.5 7.40879e-14 0)
(1.5 8.94452e-14 0)
(1.5 1.24051e-13 0)
(1.5 8.37528e-14 0)
(1.5 1.12623e-13 0)
(1.5 1.55017e-13 0)
(1.5 1.83652e-13 0)
(1.5 2.13065e-13 0)
(1.5 1.98103e-13 0)
(1.5 2.21705e-13 0)
(1.5 1.97081e-13 0)
(1.5 1.73898e-13 0)
(1.5 1.01511e-13 0)
(1.5 4.99665e-14 0)
(1.5 1.3793e-14 0)
(1.5 8.80565e-14 0)
(1.5 1.36064e-13 0)
(1.5 2.14829e-13 0)
(1.5 1.94093e-13 0)
(1.5 1.78271e-13 0)
(1.5 2.24532e-13 0)
(1.5 2.94656e-13 0)
(1.5 3.49273e-13 0)
(1.5 2.26834e-13 0)
(1.5 2.25104e-13 0)
(1.5 1.61646e-13 0)
(1.5 7.8723e-14 0)
(1.5 3.34722e-14 0)
(1.5 2.25924e-15 0)
(1.5 2.21324e-14 0)
(1.5 7.48438e-14 0)
(1.5 2.31847e-13 0)
(1.5 1.90681e-13 0)
(1.5 1.02217e-13 0)
(1.5 1.1696e-13 0)
(1.5 1.43739e-13 0)
(1.5 7.83318e-14 0)
(1.5 -3.68139e-14 0)
(1.5 -9.98136e-14 0)
(1.5 -5.23482e-14 0)
(1.5 5.45307e-14 0)
(1.5 1.04395e-13 0)
(1.5 4.21912e-14 0)
(1.5 -2.69046e-14 0)
(1.5 -6.44152e-14 0)
(1.5 -1.05766e-13 0)
(1.5 -7.32199e-14 0)
(1.5 -1.82289e-14 0)
(1.5 1.59775e-13 0)
(1.5 1.72547e-13 0)
(1.5 2.34284e-13 0)
(1.5 2.8388e-13 0)
(1.5 1.13095e-13 0)
(1.5 6.90937e-14 0)
(1.5 6.23279e-14 0)
(1.5 5.66347e-14 0)
(1.5 2.37342e-14 0)
(1.5 -1.59341e-13 0)
(1.5 -1.62725e-13 0)
(1.5 -1.90795e-13 0)
(1.5 -2.18285e-13 0)
(1.5 -2.6759e-13 0)
(1.5 -3.46766e-13 0)
(1.5 -3.30254e-13 0)
(1.5 -2.97732e-13 0)
(1.5 -3.28361e-13 0)
(1.5 -2.62867e-13 0)
(1.5 -2.40282e-13 0)
(1.5 -1.86364e-13 0)
(1.5 -1.74296e-13 0)
(1.5 -1.68226e-13 0)
(1.5 -4.76064e-15 0)
(1.5 1.6465e-13 0)
(1.5 2.27393e-13 0)
(1.5 2.33607e-13 0)
(1.5 1.4805e-13 0)
(1.5 1.88529e-14 0)
(1.5 -9.93205e-14 0)
(1.5 -1.83646e-13 0)
(1.5 -1.27794e-13 0)
(1.5 -1.80067e-13 0)
(1.5 -2.10014e-13 0)
(1.5 -1.96919e-13 0)
(1.5 -1.83334e-13 0)
(1.5 -1.09911e-13 0)
(1.5 -1.26834e-13 0)
(1.5 -2.75363e-13 0)
(1.5 -3.34723e-13 0)
(1.5 -2.52843e-13 0)
(1.5 -2.56971e-13 0)
(1.5 -1.63196e-13 0)
(1.5 -8.13338e-14 0)
(1.5 -1.36833e-13 0)
(1.5 -1.81168e-13 0)
(1.5 -1.87386e-13 0)
(1.5 -1.0489e-13 0)
(1.5 -9.97146e-14 0)
(1.5 -1.21153e-13 0)
(1.5 -6.70933e-14 0)
(1.5 3.96852e-14 0)
(1.5 -9.5228e-15 0)
(1.5 -6.06259e-14 0)
(1.5 1.40888e-14 0)
(1.5 4.07427e-14 0)
(1.5 1.63742e-13 0)
(1.5 9.49607e-14 0)
(1.5 -5.66977e-15 0)
(1.5 -9.32633e-15 0)
(1.5 4.52366e-14 0)
(1.5 5.89491e-14 0)
(1.5 -4.10816e-14 0)
(1.5 1.21551e-15 0)
(1.5 5.65505e-14 0)
(1.5 8.74538e-14 0)
(1.5 1.18515e-13 0)
(1.5 -3.61585e-14 0)
(1.5 -3.53072e-14 0)
(1.5 -1.65003e-14 0)
(1.5 6.95442e-14 0)
(1.5 4.66909e-15 0)
(1.5 -7.54188e-14 0)
(1.5 -4.74697e-14 0)
(1.5 2.42812e-14 0)
(1.5 -3.67646e-14 0)
(1.5 -8.91246e-14 0)
(1.5 -3.54482e-14 0)
(1.5 -2.46159e-14 0)
(1.5 -7.79372e-14 0)
(1.5 -6.08607e-14 0)
(1.5 -8.1389e-14 0)
(1.5 -1.28611e-13 0)
(1.5 7.23284e-14 0)
(1.5 4.66334e-14 0)
(1.5 -1.45999e-14 0)
(1.5 -3.14101e-14 0)
(1.5 1.13389e-13 0)
(1.5 1.25865e-13 0)
(1.5 2.05682e-14 0)
(1.5 4.78254e-14 0)
(1.5 -6.28594e-14 0)
(1.5 -6.45724e-14 0)
(1.5 -1.22773e-13 0)
(1.5 -7.39738e-14 0)
(1.5 -1.0235e-13 0)
(1.5 -1.24176e-13 0)
(1.5 -7.05385e-14 0)
(1.5 2.55977e-14 0)
(1.5 2.26923e-13 0)
(1.5 3.07626e-13 0)
(1.5 2.8299e-13 0)
(1.5 1.91121e-13 0)
(1.5 1.53349e-13 0)
(1.5 1.7301e-13 0)
(1.5 1.55383e-13 0)
(1.5 1.09198e-13 0)
(1.5 1.86778e-14 0)
(1.5 5.5285e-14 0)
(1.5 1.15087e-13 0)
(1.5 1.38947e-13 0)
(1.5 1.11738e-13 0)
(1.5 3.06828e-14 0)
(1.5 -1.28302e-14 0)
(1.5 5.81247e-14 0)
(1.5 1.44398e-13 0)
(1.5 1.31036e-13 0)
(1.5 2.30577e-13 0)
(1.5 1.82725e-13 0)
(1.5 1.16612e-13 0)
(1.5 9.68186e-15 0)
(1.5 -3.98323e-14 0)
(1.5 1.90393e-14 0)
(1.5 8.52071e-14 0)
(1.5 6.01352e-15 0)
(1.5 1.87525e-14 0)
(1.5 1.24152e-14 0)
(1.5 -5.32169e-15 0)
(1.5 -5.04675e-14 0)
(1.5 7.42851e-14 0)
(1.5 3.45695e-14 0)
(1.5 1.98832e-14 0)
(1.5 4.31348e-14 0)
(1.5 7.30483e-14 0)
(1.5 8.96993e-14 0)
(1.5 6.5289e-14 0)
(1.5 1.25727e-13 0)
(1.5 9.95123e-14 0)
(1.5 1.0405e-13 0)
(1.5 7.73847e-14 0)
(1.5 4.06463e-14 0)
(1.5 5.83222e-15 0)
(1.5 1.98463e-14 0)
(1.5 1.74892e-14 0)
(1.5 7.24098e-15 0)
(1.5 -2.38586e-15 0)
(1.5 6.56003e-14 0)
(1.5 5.6578e-14 0)
(1.5 3.33811e-14 0)
(1.5 8.14884e-14 0)
(1.5 6.88588e-14 0)
(1.5 7.55565e-15 0)
(1.5 8.63758e-14 0)
(1.5 7.58702e-14 0)
(1.5 9.89708e-14 0)
(1.5 6.31335e-14 0)
(1.5 8.24115e-14 0)
(1.5 9.97302e-14 0)
(1.5 1.1786e-13 0)
(1.5 1.39522e-13 0)
(1.5 1.36248e-13 0)
(1.5 1.40063e-13 0)
(1.5 1.28613e-13 0)
(1.5 1.24503e-13 0)
(1.5 5.84649e-14 0)
(1.5 8.42686e-15 0)
(1.5 -2.50931e-14 0)
(1.5 8.74101e-15 0)
(1.5 7.65188e-14 0)
(1.5 1.68876e-13 0)
(1.5 6.19254e-14 0)
(1.5 4.45063e-14 0)
(1.5 1.14978e-13 0)
(1.5 2.41055e-13 0)
(1.5 3.00562e-13 0)
(1.5 2.36696e-13 0)
(1.5 2.58591e-13 0)
(1.5 2.50669e-13 0)
(1.5 1.94067e-13 0)
(1.5 1.03734e-13 0)
(1.5 7.42275e-14 0)
(1.5 9.17719e-14 0)
(1.5 1.15997e-13 0)
(1.5 2.6455e-13 0)
(1.5 2.04346e-13 0)
(1.5 1.8978e-13 0)
(1.5 1.62165e-13 0)
(1.5 1.39578e-13 0)
(1.5 9.70336e-14 0)
(1.5 -2.99147e-14 0)
(1.5 -6.39148e-14 0)
(1.5 4.23217e-14 0)
(1.5 9.36971e-14 0)
(1.5 1.35027e-13 0)
(1.5 -8.77274e-16 0)
(1.5 -3.92639e-14 0)
(1.5 -4.17432e-14 0)
(1.5 -7.40741e-14 0)
(1.5 -5.49936e-14 0)
(1.5 -6.34212e-14 0)
(1.5 5.03635e-14 0)
(1.5 8.22278e-14 0)
(1.5 1.02415e-13 0)
(1.5 1.8187e-13 0)
(1.5 1.51132e-13 0)
(1.5 1.75745e-13 0)
(1.5 2.62239e-13 0)
(1.5 1.62565e-13 0)
(1.5 6.87578e-14 0)
(1.5 -2.1306e-14 0)
(1.5 2.26773e-14 0)
(1.5 -9.10023e-16 0)
(1.5 -1.91868e-14 0)
(1.5 -2.52869e-14 0)
(1.5 -7.20365e-14 0)
(1.5 -1.89055e-13 0)
(1.5 -2.46637e-13 0)
(1.5 -2.64078e-13 0)
(1.5 -3.13214e-14 0)
(1.5 -6.03534e-14 0)
(1.5 -8.84422e-14 0)
(1.5 -6.76155e-14 0)
(1.5 -6.85568e-14 0)
(1.5 1.79891e-13 0)
(1.5 3.27512e-13 0)
(1.5 3.28401e-13 0)
(1.5 3.85455e-13 0)
(1.5 2.95299e-13 0)
(1.5 2.03646e-13 0)
(1.5 9.27694e-14 0)
(1.5 -7.57066e-14 0)
(1.5 -6.35339e-14 0)
(1.5 -5.9702e-14 0)
(1.5 -5.67655e-14 0)
(1.5 -8.65583e-14 0)
(1.5 -6.91537e-14 0)
(1.5 -1.90221e-14 0)
(1.5 -5.90311e-14 0)
(1.5 -1.30318e-13 0)
(1.5 -1.85434e-13 0)
(1.5 -1.58794e-13 0)
(1.5 -1.82275e-13 0)
(1.5 -1.06884e-13 0)
(1.5 -2.87233e-15 0)
(1.5 -1.50786e-13 0)
(1.5 -2.27504e-13 0)
(1.5 -1.87845e-13 0)
(1.5 -7.1977e-16 0)
(1.5 -6.95203e-15 0)
(1.5 -8.74483e-14 0)
(1.5 -4.99896e-14 0)
(1.5 8.17595e-14 0)
(1.5 7.4077e-14 0)
(1.5 4.02471e-14 0)
(1.5 1.20023e-13 0)
(1.5 1.53299e-13 0)
(1.5 2.15205e-13 0)
(1.5 1.90395e-13 0)
(1.5 1.23423e-13 0)
(1.5 6.73557e-14 0)
(1.5 1.44112e-13 0)
(1.5 1.57161e-13 0)
(1.5 1.43089e-13 0)
(1.5 1.81267e-13 0)
(1.5 1.63783e-13 0)
(1.5 2.09009e-13 0)
(1.5 1.66446e-13 0)
(1.5 1.81783e-14 0)
(1.5 -8.39244e-14 0)
(1.5 -7.73284e-14 0)
(1.5 5.57694e-15 0)
(1.5 2.62133e-14 0)
(1.5 -3.93985e-14 0)
(1.5 4.75319e-14 0)
(1.5 9.72839e-14 0)
(1.5 6.26771e-14 0)
(1.5 -1.00535e-13 0)
(1.5 5.82666e-14 0)
(1.5 9.94165e-14 0)
(1.5 1.08963e-13 0)
(1.5 1.20749e-13 0)
(1.5 6.87553e-14 0)
(1.5 4.12838e-14 0)
(1.5 1.24702e-14 0)
(1.5 2.62215e-14 0)
(1.5 -5.3099e-14 0)
(1.5 -5.28679e-14 0)
(1.5 3.35988e-15 0)
(1.5 4.45633e-14 0)
(1.5 5.79988e-14 0)
(1.5 4.39864e-14 0)
(1.5 -8.15036e-15 0)
(1.5 -3.2462e-14 0)
(1.5 -1.2764e-13 0)
(1.5 -1.11946e-13 0)
(1.5 -1.43961e-13 0)
(1.5 -2.12574e-13 0)
(1.5 -8.72506e-14 0)
(1.5 3.47733e-14 0)
(1.5 1.88015e-13 0)
(1.5 1.14512e-13 0)
(1.5 1.17006e-13 0)
(1.5 1.41375e-13 0)
(1.5 1.38177e-13 0)
(1.5 1.23322e-13 0)
(1.5 1.12009e-13 0)
(1.5 4.84483e-14 0)
(1.5 1.30628e-14 0)
(1.5 3.57976e-14 0)
(1.5 6.29949e-14 0)
(1.5 1.57354e-13 0)
(1.5 1.54917e-13 0)
(1.5 1.71348e-13 0)
(1.5 1.80136e-13 0)
(1.5 1.79353e-13 0)
(1.5 1.39868e-13 0)
(1.5 1.49261e-13 0)
(1.5 1.91438e-13 0)
(1.5 1.55835e-13 0)
(1.5 1.27732e-13 0)
(1.5 2.67254e-14 0)
(1.5 3.25998e-14 0)
(1.5 8.91573e-14 0)
(1.5 1.05282e-13 0)
(1.5 2.75849e-14 0)
(1.5 7.34389e-15 0)
(1.5 -6.82142e-15 0)
(1.5 -1.67077e-14 0)
(1.5 -5.38326e-14 0)
(1.5 3.97164e-14 0)
(1.5 7.30957e-14 0)
(1.5 9.32282e-14 0)
(1.5 1.11899e-13 0)
(1.5 1.00009e-13 0)
(1.5 1.16388e-13 0)
(1.5 6.34519e-14 0)
(1.5 6.24829e-14 0)
(1.5 1.07081e-13 0)
(1.5 1.54972e-13 0)
(1.5 1.21929e-13 0)
(1.5 3.3788e-14 0)
(1.5 -8.1946e-15 0)
(1.5 -9.21382e-15 0)
(1.5 9.06346e-15 0)
(1.5 3.21955e-14 0)
(1.5 1.18065e-14 0)
(1.5 2.30095e-14 0)
(1.5 1.51263e-14 0)
(1.5 -5.98027e-16 0)
(1.5 3.73216e-14 0)
(1.5 3.92526e-14 0)
(1.5 1.55172e-14 0)
(1.5 1.47254e-15 0)
(1.5 -7.07671e-14 0)
(1.5 -1.12849e-13 0)
(1.5 -8.64413e-14 0)
(1.5 -9.8812e-14 0)
(1.5 9.34775e-16 0)
(1.5 3.09073e-14 0)
(1.5 2.38982e-14 0)
(1.5 -1.38605e-14 0)
(1.5 -4.14204e-14 0)
(1.5 -2.04634e-14 0)
(1.5 -8.06746e-14 0)
(1.5 -7.68084e-14 0)
(1.5 -8.0663e-14 0)
(1.5 -9.19438e-14 0)
(1.5 -8.94389e-14 0)
(1.5 -2.87273e-14 0)
(1.5 -9.4241e-16 0)
(1.5 -5.65668e-14 0)
(1.5 -5.4471e-14 0)
(1.5 3.94641e-15 0)
(1.5 8.93589e-14 0)
(1.5 5.88717e-14 0)
(1.5 1.24116e-13 0)
(1.5 3.00641e-13 0)
(1.5 2.79096e-13 0)
(1.5 2.23119e-13 0)
(1.5 1.50286e-13 0)
(1.5 1.59926e-13 0)
(1.5 1.24004e-13 0)
(1.5 6.59521e-14 0)
(1.5 7.48861e-14 0)
(1.5 1.54168e-13 0)
(1.5 2.19479e-13 0)
(1.5 1.70883e-13 0)
(1.5 8.78346e-14 0)
(1.5 7.3716e-14 0)
(1.5 4.09889e-14 0)
(1.5 2.69028e-14 0)
(1.5 1.02272e-13 0)
(1.5 -7.12189e-16 0)
(1.5 2.75983e-14 0)
(1.5 -6.79312e-15 0)
(1.5 -4.69089e-14 0)
(1.5 -5.27034e-14 0)
(1.5 -1.04206e-13 0)
(1.5 -2.56195e-14 0)
(1.5 -1.23247e-13 0)
(1.5 -7.77964e-14 0)
(1.5 1.89492e-14 0)
(1.5 -3.18105e-14 0)
(1.5 1.36598e-14 0)
(1.5 1.00307e-13 0)
(1.5 9.84855e-14 0)
(1.5 1.94284e-13 0)
(1.5 1.18969e-13 0)
(1.5 3.39595e-14 0)
(1.5 1.25798e-14 0)
(1.5 1.52368e-14 0)
(1.5 1.04295e-14 0)
(1.5 5.2146e-14 0)
(1.5 8.05724e-14 0)
(1.5 9.01303e-14 0)
(1.5 3.37668e-14 0)
(1.5 -4.72504e-14 0)
(1.5 -4.11598e-14 0)
(1.5 5.09371e-14 0)
(1.5 7.77017e-14 0)
(1.5 9.59983e-14 0)
(1.5 1.31027e-13 0)
(1.5 1.82651e-13 0)
(1.5 3.39474e-13 0)
(1.5 3.79706e-13 0)
(1.5 2.89586e-13 0)
(1.5 2.75815e-13 0)
(1.5 2.11402e-13 0)
(1.5 1.68546e-13 0)
(1.5 1.01752e-13 0)
(1.5 2.23275e-14 0)
(1.5 1.40784e-14 0)
(1.5 1.77452e-14 0)
(1.5 1.17264e-14 0)
(1.5 -5.46916e-14 0)
(1.5 -5.35179e-14 0)
(1.5 -6.80851e-14 0)
(1.5 -3.93528e-14 0)
(1.5 -3.52283e-14 0)
(1.5 -4.49634e-14 0)
(1.5 -1.21574e-13 0)
(1.5 -1.18575e-13 0)
(1.5 -4.06661e-14 0)
(1.5 2.05399e-14 0)
(1.5 -7.07522e-15 0)
(1.5 -5.34409e-14 0)
(1.5 -3.76358e-14 0)
(1.5 9.91379e-14 0)
(1.5 1.45591e-13 0)
(1.5 7.19974e-14 0)
(1.5 1.14732e-13 0)
(1.5 7.34091e-14 0)
(1.5 6.72832e-14 0)
(1.5 7.55415e-14 0)
(1.5 1.0997e-13 0)
(1.5 1.89209e-13 0)
(1.5 1.42106e-13 0)
(1.5 2.2556e-13 0)
(1.5 2.34241e-13 0)
(1.5 2.32125e-13 0)
(1.5 2.52737e-13 0)
(1.5 1.31561e-13 0)
(1.5 1.75641e-13 0)
(1.5 2.05411e-13 0)
(1.5 2.68389e-13 0)
(1.5 2.97004e-13 0)
(1.5 1.03116e-13 0)
(1.5 7.09408e-14 0)
(1.5 -5.44837e-14 0)
(1.5 -1.8123e-14 0)
(1.5 2.30881e-14 0)
(1.5 9.83061e-14 0)
(1.5 9.20107e-14 0)
(1.5 1.00443e-13 0)
(1.5 1.19901e-13 0)
(1.5 1.12673e-13 0)
(1.5 -3.00247e-15 0)
(1.5 9.12726e-14 0)
(1.5 1.41988e-13 0)
(1.5 2.60092e-13 0)
(1.5 2.94707e-13 0)
(1.5 2.79566e-13 0)
(1.5 2.94714e-13 0)
(1.5 -1.45034e-14 0)
(1.5 -3.76996e-14 0)
(1.5 -1.1047e-13 0)
(1.5 -7.96171e-14 0)
(1.5 -8.2954e-14 0)
(1.5 -7.11987e-14 0)
(1.5 7.60768e-15 0)
(1.5 1.65223e-15 0)
(1.5 -9.16728e-15 0)
(1.5 -4.53913e-14 0)
(1.5 -6.62388e-14 0)
(1.5 -9.82672e-14 0)
(1.5 -1.36459e-13 0)
(1.5 -1.13025e-13 0)
(1.5 -7.28944e-14 0)
(1.5 -4.1181e-14 0)
(1.5 -8.68093e-15 0)
(1.5 -1.39081e-13 0)
(1.5 -9.76909e-14 0)
(1.5 3.74163e-14 0)
(1.5 1.27427e-13 0)
(1.5 1.06622e-13 0)
(1.5 1.03831e-13 0)
(1.5 9.92602e-14 0)
(1.5 1.62167e-13 0)
(1.5 1.5895e-13 0)
(1.5 9.85613e-14 0)
(1.5 1.01913e-13 0)
(1.5 1.38869e-13 0)
(1.5 2.6094e-13 0)
(1.5 3.12886e-13 0)
(1.5 2.28069e-13 0)
(1.5 1.31324e-13 0)
(1.5 8.76719e-14 0)
(1.5 8.29192e-14 0)
(1.5 1.32053e-13 0)
(1.5 1.61109e-13 0)
(1.5 1.16559e-13 0)
(1.5 8.62525e-14 0)
(1.5 9.7288e-14 0)
(1.5 6.20288e-14 0)
(1.5 7.40255e-14 0)
(1.5 5.62651e-14 0)
(1.5 5.15915e-14 0)
(1.5 5.94222e-14 0)
(1.5 6.39548e-14 0)
(1.5 7.72866e-14 0)
(1.5 1.18296e-13 0)
(1.5 1.29672e-13 0)
(1.5 1.3202e-13 0)
(1.5 1.55516e-13 0)
(1.5 1.07693e-13 0)
(1.5 4.83219e-14 0)
(1.5 4.22425e-15 0)
(1.5 7.87079e-14 0)
(1.5 1.44917e-13 0)
(1.5 1.26188e-13 0)
(1.5 8.38823e-14 0)
(1.5 3.58501e-14 0)
(1.5 -5.48582e-15 0)
(1.5 2.21552e-15 0)
(1.5 6.06989e-14 0)
(1.5 6.22527e-14 0)
(1.5 4.0129e-14 0)
(1.5 4.23876e-14 0)
(1.5 2.78594e-14 0)
(1.5 -6.99439e-15 0)
(1.5 3.01401e-14 0)
(1.5 2.232e-14 0)
(1.5 -2.0345e-14 0)
(1.5 -3.36334e-14 0)
(1.5 -6.94498e-14 0)
(1.5 -1.0871e-13 0)
(1.5 -9.14201e-14 0)
(1.5 3.73166e-14 0)
(1.5 1.20597e-13 0)
(1.5 1.42428e-13 0)
(1.5 3.41083e-14 0)
(1.5 -1.9961e-14 0)
(1.5 1.03046e-14 0)
(1.5 -1.24046e-14 0)
(1.5 7.70555e-15 0)
(1.5 -4.2642e-14 0)
(1.5 -8.04127e-14 0)
(1.5 -7.12183e-14 0)
(1.5 -5.1745e-14 0)
(1.5 -5.22438e-14 0)
(1.5 -2.32552e-14 0)
(1.5 -5.78237e-15 0)
(1.5 7.31904e-14 0)
(1.5 4.98492e-14 0)
(1.5 -7.52931e-15 0)
(1.5 8.32338e-15 0)
(1.5 1.99714e-13 0)
(1.5 2.03137e-13 0)
(1.5 1.52982e-13 0)
(1.5 1.40809e-13 0)
(1.5 1.41148e-13 0)
(1.5 9.52518e-14 0)
(1.5 6.82546e-14 0)
(1.5 6.44174e-14 0)
(1.5 1.93049e-13 0)
(1.5 3.09013e-13 0)
(1.5 2.79938e-13 0)
(1.5 2.26796e-13 0)
(1.5 1.78072e-13 0)
(1.5 1.72659e-13 0)
(1.5 1.46578e-13 0)
(1.5 1.81393e-13 0)
(1.5 7.14785e-14 0)
(1.5 1.30666e-14 0)
(1.5 5.07352e-14 0)
(1.5 4.09537e-14 0)
(1.5 -1.68144e-14 0)
(1.5 -2.75358e-14 0)
(1.5 -4.4468e-14 0)
(1.5 -1.46814e-13 0)
(1.5 -1.52749e-13 0)
(1.5 -1.02689e-13 0)
(1.5 -1.41153e-13 0)
(1.5 -1.11876e-13 0)
(1.5 -2.57714e-15 0)
(1.5 1.02871e-13 0)
(1.5 9.36912e-14 0)
(1.5 3.07706e-14 0)
(1.5 -7.21516e-14 0)
(1.5 -1.25397e-14 0)
(1.5 8.46224e-15 0)
(1.5 4.36842e-14 0)
(1.5 6.45522e-14 0)
(1.5 4.18491e-14 0)
(1.5 8.86983e-14 0)
(1.5 1.06701e-13 0)
(1.5 7.20272e-14 0)
(1.5 2.67789e-14 0)
(1.5 -1.00627e-13 0)
(1.5 1.59654e-14 0)
(1.5 1.22031e-13 0)
(1.5 2.05245e-13 0)
(1.5 2.98918e-13 0)
(1.5 3.69175e-13 0)
(1.5 3.19474e-13 0)
(1.5 1.22739e-13 0)
(1.5 7.80074e-14 0)
(1.5 1.54104e-13 0)
(1.5 1.09408e-13 0)
(1.5 2.32448e-14 0)
(1.5 -5.77358e-14 0)
(1.5 -4.10574e-14 0)
(1.5 -1.30415e-14 0)
(1.5 1.47465e-14 0)
(1.5 -2.80374e-16 0)
(1.5 -6.9127e-14 0)
(1.5 -1.73473e-13 0)
(1.5 -1.0934e-13 0)
(1.5 -6.91755e-14 0)
(1.5 -7.48543e-14 0)
(1.5 -1.80281e-13 0)
(1.5 -1.09747e-13 0)
(1.5 -5.74395e-14 0)
(1.5 -6.86672e-14 0)
(1.5 9.7436e-14 0)
(1.5 9.63444e-14 0)
(1.5 1.66877e-14 0)
(1.5 1.77369e-14 0)
(1.5 6.27176e-14 0)
(1.5 -6.25924e-15 0)
(1.5 2.42758e-14 0)
(1.5 -1.17079e-13 0)
(1.5 -1.30426e-13 0)
(1.5 -1.44563e-13 0)
(1.5 -9.75035e-14 0)
(1.5 -1.95034e-14 0)
(1.5 6.91436e-15 0)
(1.5 6.51696e-14 0)
(1.5 1.57972e-13 0)
(1.5 2.56342e-13 0)
(1.5 1.54301e-13 0)
(1.5 2.44441e-14 0)
(1.5 1.46737e-13 0)
(1.5 2.00851e-13 0)
(1.5 2.61875e-13 0)
(1.5 1.19985e-13 0)
(1.5 -8.13181e-14 0)
(1.5 5.86644e-14 0)
(1.5 1.12301e-13 0)
(1.5 1.256e-13 0)
(1.5 5.32543e-14 0)
(1.5 3.72094e-14 0)
(1.5 6.3156e-14 0)
(1.5 8.51842e-14 0)
(1.5 1.14882e-13 0)
(1.5 7.35353e-14 0)
(1.5 1.68532e-13 0)
(1.5 1.86223e-13 0)
(1.5 1.77224e-13 0)
(1.5 1.8178e-13 0)
(1.5 1.95293e-13 0)
(1.5 2.61816e-13 0)
(1.5 3.64658e-13 0)
(1.5 4.62358e-15 0)
(1.5 -1.14113e-13 0)
(1.5 -1.36744e-13 0)
(1.5 -8.81292e-14 0)
(1.5 -4.52175e-14 0)
(1.5 7.08306e-15 0)
(1.5 5.85772e-14 0)
(1.5 3.88218e-14 0)
(1.5 5.05524e-14 0)
(1.5 4.62721e-14 0)
(1.5 5.50505e-14 0)
(1.5 9.04534e-15 0)
(1.5 -8.92082e-15 0)
(1.5 7.68881e-14 0)
(1.5 9.98551e-16 0)
(1.5 -7.76398e-14 0)
(1.5 -1.62388e-13 0)
(1.5 -1.50095e-13 0)
(1.5 -1.0854e-13 0)
(1.5 3.91391e-14 0)
(1.5 9.63302e-14 0)
(1.5 1.25147e-13 0)
(1.5 1.28344e-13 0)
(1.5 1.76111e-13 0)
(1.5 3.04308e-13 0)
(1.5 2.74375e-13 0)
(1.5 1.96634e-13 0)
(1.5 1.10156e-13 0)
(1.5 1.62482e-13 0)
(1.5 2.67875e-13 0)
(1.5 2.85275e-13 0)
(1.5 2.12453e-13 0)
(1.5 1.3948e-13 0)
(1.5 1.27373e-13 0)
(1.5 6.55815e-14 0)
(1.5 1.14586e-13 0)
(1.5 9.43865e-14 0)
(1.5 8.61693e-14 0)
(1.5 3.17417e-14 0)
(1.5 -4.63849e-14 0)
(1.5 1.24903e-14 0)
(1.5 8.25941e-14 0)
(1.5 1.25624e-13 0)
(1.5 1.80067e-13 0)
(1.5 1.49242e-13 0)
(1.5 1.76704e-13 0)
(1.5 1.66387e-13 0)
(1.5 1.73651e-13 0)
(1.5 1.86219e-13 0)
(1.5 1.35271e-13 0)
(1.5 1.28099e-13 0)
(1.5 9.75249e-14 0)
(1.5 9.83807e-14 0)
(1.5 5.21468e-14 0)
(1.5 1.36318e-13 0)
(1.5 2.03611e-13 0)
(1.5 2.21921e-13 0)
(1.5 2.04878e-13 0)
(1.5 1.37279e-13 0)
(1.5 6.85334e-14 0)
(1.5 8.24668e-14 0)
(1.5 5.05112e-14 0)
(1.5 5.82735e-14 0)
(1.5 1.59273e-14 0)
(1.5 3.00193e-14 0)
(1.5 2.22e-14 0)
(1.5 -1.00636e-14 0)
(1.5 3.11829e-14 0)
(1.5 1.72524e-14 0)
(1.5 2.55468e-14 0)
(1.5 1.10433e-13 0)
(1.5 1.63506e-13 0)
(1.5 1.09068e-13 0)
(1.5 8.17108e-14 0)
(1.5 1.58696e-13 0)
(1.5 2.52696e-13 0)
(1.5 3.34189e-13 0)
(1.5 2.56845e-13 0)
(1.5 1.7332e-13 0)
(1.5 1.44609e-13 0)
(1.5 2.07028e-13 0)
(1.5 1.77637e-13 0)
(1.5 2.13111e-14 0)
(1.5 -5.52418e-14 0)
(1.5 -6.02129e-15 0)
(1.5 3.22399e-14 0)
(1.5 2.48807e-14 0)
(1.5 4.06249e-14 0)
(1.5 5.6496e-14 0)
(1.5 1.06096e-13 0)
(1.5 8.89808e-14 0)
(1.5 5.58706e-14 0)
(1.5 4.94047e-14 0)
(1.5 5.30419e-14 0)
(1.5 1.05333e-13 0)
(1.5 1.27675e-13 0)
(1.5 1.29684e-13 0)
(1.5 1.16645e-13 0)
(1.5 7.07534e-14 0)
(1.5 1.18222e-13 0)
(1.5 1.62214e-13 0)
(1.5 2.23007e-13 0)
(1.5 2.94901e-13 0)
(1.5 2.913e-13 0)
(1.5 2.90276e-13 0)
(1.5 2.33974e-13 0)
(1.5 1.68537e-13 0)
(1.5 1.2468e-13 0)
(1.5 7.28847e-14 0)
(1.5 8.16013e-14 0)
(1.5 7.01703e-14 0)
(1.5 1.07145e-13 0)
(1.5 1.01585e-13 0)
(1.5 6.14656e-14 0)
(1.5 5.48475e-14 0)
(1.5 -6.87344e-14 0)
(1.5 -6.63785e-14 0)
(1.5 -1.42108e-13 0)
(1.5 -2.19643e-13 0)
(1.5 -1.45382e-13 0)
(1.5 -7.83789e-14 0)
(1.5 -1.07119e-14 0)
(1.5 8.51554e-14 0)
(1.5 -2.08674e-14 0)
(1.5 -1.02255e-13 0)
(1.5 -1.56076e-13 0)
(1.5 -8.26354e-14 0)
(1.5 -1.04109e-14 0)
(1.5 1.03766e-13 0)
(1.5 1.04324e-13 0)
(1.5 6.17096e-14 0)
(1.5 8.76241e-14 0)
(1.5 -1.39782e-14 0)
(1.5 3.79489e-14 0)
(1.5 5.71997e-14 0)
(1.5 -3.96994e-15 0)
(1.5 6.62832e-14 0)
(1.5 1.55168e-13 0)
(1.5 1.87628e-13 0)
(1.5 2.22602e-13 0)
(1.5 2.55299e-13 0)
(1.5 1.94216e-13 0)
(1.5 9.2465e-14 0)
(1.5 6.70025e-14 0)
(1.5 1.1236e-13 0)
(1.5 7.26971e-14 0)
(1.5 -1.99026e-14 0)
(1.5 -8.75291e-14 0)
(1.5 -4.52999e-14 0)
(1.5 4.67704e-16 0)
(1.5 8.17827e-14 0)
(1.5 1.20887e-13 0)
(1.5 -1.44806e-14 0)
(1.5 -1.64198e-13 0)
(1.5 -1.8137e-13 0)
(1.5 -1.07825e-13 0)
(1.5 -1.42438e-13 0)
(1.5 -1.48351e-13 0)
(1.5 -3.84828e-14 0)
(1.5 1.47573e-14 0)
(1.5 -9.85378e-15 0)
(1.5 1.66856e-13 0)
(1.5 1.87976e-13 0)
(1.5 1.40754e-13 0)
(1.5 1.04107e-13 0)
(1.5 6.4504e-14 0)
(1.5 1.34048e-14 0)
(1.5 -4.41393e-14 0)
(1.5 -1.57961e-13 0)
(1.5 -2.30816e-13 0)
(1.5 -1.92163e-13 0)
(1.5 -1.10065e-13 0)
(1.5 -8.25275e-14 0)
(1.5 5.13123e-14 0)
(1.5 3.34443e-14 0)
(1.5 1.23058e-13 0)
(1.5 2.05815e-13 0)
(1.5 5.47305e-14 0)
(1.5 4.93867e-14 0)
(1.5 1.46645e-13 0)
(1.5 2.08655e-13 0)
(1.5 2.14315e-13 0)
(1.5 2.52763e-14 0)
(1.5 -6.28746e-14 0)
(1.5 1.63835e-14 0)
(1.5 1.20027e-13 0)
(1.5 8.37646e-14 0)
(1.5 -9.57982e-14 0)
(1.5 -1.33035e-13 0)
(1.5 5.32314e-15 0)
(1.5 1.15575e-13 0)
(1.5 1.48378e-13 0)
(1.5 7.94173e-14 0)
(1.5 2.25735e-13 0)
(1.5 2.6011e-13 0)
(1.5 2.22003e-13 0)
(1.5 1.75997e-13 0)
(1.5 1.41192e-13 0)
(1.5 2.27389e-13 0)
(1.5 3.35141e-13 0)
(1.5 -1.3139e-14 0)
(1.5 -8.3533e-14 0)
(1.5 -8.63268e-14 0)
(1.5 -9.12393e-14 0)
(1.5 -2.18932e-14 0)
(1.5 1.42422e-13 0)
(1.5 2.0083e-13 0)
(1.5 2.0317e-13 0)
(1.5 2.13471e-13 0)
(1.5 2.17883e-13 0)
(1.5 2.04167e-13 0)
(1.5 2.05026e-13 0)
(1.5 1.8587e-13 0)
(1.5 1.58552e-13 0)
(1.5 7.42152e-14 0)
(1.5 -1.41211e-14 0)
(1.5 -1.49839e-13 0)
(1.5 -5.02055e-14 0)
(1.5 -6.08862e-14 0)
(1.5 5.43982e-14 0)
(1.5 9.89356e-14 0)
(1.5 1.55452e-13 0)
(1.5 2.1023e-13 0)
(1.5 2.60101e-13 0)
(1.5 3.46246e-13 0)
(1.5 3.37246e-13 0)
(1.5 2.77498e-13 0)
(1.5 2.27269e-13 0)
(1.5 2.30354e-13 0)
(1.5 3.02805e-13 0)
(1.5 1.98302e-13 0)
(1.5 1.71014e-13 0)
(1.5 1.81333e-13 0)
(1.5 1.72001e-13 0)
(1.5 8.00773e-14 0)
(1.5 6.53331e-14 0)
(1.5 -4.86334e-14 0)
(1.5 -5.32447e-14 0)
(1.5 -1.11259e-13 0)
(1.5 -1.43883e-13 0)
(1.5 -1.69505e-14 0)
(1.5 9.04413e-14 0)
(1.5 1.06283e-13 0)
(1.5 1.9428e-13 0)
(1.5 2.04619e-13 0)
(1.5 1.82053e-13 0)
(1.5 1.0442e-13 0)
(1.5 1.30225e-13 0)
(1.5 1.36444e-13 0)
(1.5 9.40247e-14 0)
(1.5 2.50509e-14 0)
(1.5 4.96301e-14 0)
(1.5 8.32084e-14 0)
(1.5 9.47312e-14 0)
(1.5 1.44688e-13 0)
(1.5 2.38317e-13 0)
(1.5 2.80422e-13 0)
(1.5 2.18855e-13 0)
(1.5 2.09318e-13 0)
(1.5 1.73931e-13 0)
(1.5 1.48965e-13 0)
(1.5 2.66411e-14 0)
(1.5 -1.28721e-14 0)
(1.5 -5.75093e-14 0)
(1.5 -4.51602e-14 0)
(1.5 -4.41468e-14 0)
(1.5 -3.69595e-14 0)
(1.5 -3.135e-14 0)
(1.5 -3.64633e-14 0)
(1.5 2.00124e-14 0)
(1.5 9.46785e-14 0)
(1.5 1.20317e-13 0)
(1.5 1.82799e-13 0)
(1.5 1.4166e-13 0)
(1.5 1.67914e-13 0)
(1.5 2.16166e-13 0)
(1.5 3.22184e-13 0)
(1.5 3.64519e-13 0)
(1.5 2.82523e-13 0)
(1.5 2.91716e-13 0)
(1.5 2.48649e-13 0)
(1.5 1.95137e-13 0)
(1.5 1.71466e-13 0)
(1.5 1.24859e-13 0)
(1.5 1.24497e-14 0)
(1.5 -3.47382e-14 0)
(1.5 -5.88558e-14 0)
(1.5 6.76421e-14 0)
(1.5 1.1654e-13 0)
(1.5 7.25046e-14 0)
(1.5 1.84795e-13 0)
(1.5 2.08848e-13 0)
(1.5 2.57054e-13 0)
(1.5 1.41631e-13 0)
(1.5 1.67182e-13 0)
(1.5 2.45383e-13 0)
(1.5 2.32914e-13 0)
(1.5 2.21855e-13 0)
(1.5 2.09323e-13 0)
(1.5 2.02628e-13 0)
(1.5 2.5372e-13 0)
(1.5 2.39216e-13 0)
(1.5 2.01704e-13 0)
(1.5 2.03406e-13 0)
(1.5 1.69011e-13 0)
(1.5 1.34918e-13 0)
(1.5 1.09725e-13 0)
(1.5 1.61383e-13 0)
(1.5 8.53969e-14 0)
(1.5 1.08733e-13 0)
(1.5 1.70109e-13 0)
(1.5 1.7211e-13 0)
(1.5 1.20191e-13 0)
(1.5 1.18808e-13 0)
(1.5 9.40087e-14 0)
(1.5 4.99337e-14 0)
(1.5 6.41084e-14 0)
(1.5 -9.00246e-16 0)
(1.5 -1.30102e-13 0)
(1.5 -4.03148e-14 0)
(1.5 3.55287e-14 0)
(1.5 -1.64229e-14 0)
(1.5 -4.40187e-14 0)
(1.5 -1.42338e-13 0)
(1.5 -1.72714e-13 0)
(1.5 -5.20274e-14 0)
(1.5 -6.57889e-14 0)
(1.5 1.41471e-14 0)
(1.5 2.44562e-14 0)
(1.5 -3.74952e-14 0)
(1.5 -5.44645e-14 0)
(1.5 -6.09276e-14 0)
(1.5 -9.31357e-14 0)
(1.5 -2.86002e-14 0)
(1.5 4.97514e-14 0)
(1.5 1.37894e-13 0)
(1.5 2.70876e-13 0)
(1.5 2.40864e-13 0)
(1.5 1.66503e-13 0)
(1.5 8.34212e-14 0)
(1.5 7.77255e-14 0)
(1.5 -3.29843e-16 0)
(1.5 4.78666e-14 0)
(1.5 8.18338e-15 0)
(1.5 -3.57112e-14 0)
(1.5 6.03331e-14 0)
(1.5 6.36726e-14 0)
(1.5 4.94716e-14 0)
(1.5 5.16574e-14 0)
(1.5 7.56127e-14 0)
(1.5 1.01773e-13 0)
(1.5 1.03108e-13 0)
(1.5 -3.71918e-15 0)
(1.5 -9.85749e-14 0)
(1.5 -1.49871e-13 0)
(1.5 -5.79712e-14 0)
(1.5 -5.54218e-14 0)
(1.5 -3.24218e-15 0)
(1.5 8.89624e-14 0)
(1.5 1.67721e-13 0)
(1.5 1.44529e-13 0)
(1.5 1.46809e-13 0)
(1.5 2.3342e-13 0)
(1.5 2.88601e-13 0)
(1.5 2.51751e-13 0)
(1.5 2.15411e-13 0)
(1.5 2.12854e-13 0)
(1.5 5.78379e-14 0)
(1.5 -2.51392e-14 0)
(1.5 -8.02036e-14 0)
(1.5 5.17181e-14 0)
(1.5 5.48671e-14 0)
(1.5 6.82646e-14 0)
(1.5 1.40941e-13 0)
(1.5 1.31213e-13 0)
(1.5 1.67748e-13 0)
(1.5 1.02035e-13 0)
(1.5 7.82504e-14 0)
(1.5 1.65944e-13 0)
(1.5 1.56304e-13 0)
(1.5 2.26701e-13 0)
(1.5 2.11291e-13 0)
(1.5 1.64391e-13 0)
(1.5 1.60044e-13 0)
(1.5 7.99027e-14 0)
(1.5 2.91594e-14 0)
(1.5 -4.1372e-14 0)
(1.5 -1.2201e-13 0)
(1.5 -1.28287e-13 0)
(1.5 1.0032e-14 0)
(1.5 1.00044e-13 0)
(1.5 1.45919e-13 0)
(1.5 1.55425e-13 0)
(1.5 2.44679e-13 0)
(1.5 2.71366e-13 0)
(1.5 3.51347e-13 0)
(1.5 3.62381e-13 0)
(1.5 3.75137e-13 0)
(1.5 3.08049e-13 0)
(1.5 3.23617e-13 0)
(1.5 -3.60295e-14 0)
(1.5 -2.19453e-14 0)
(1.5 -7.01725e-14 0)
(1.5 -9.19517e-14 0)
(1.5 -2.79686e-15 0)
(1.5 1.66337e-13 0)
(1.5 2.03707e-13 0)
(1.5 3.10096e-13 0)
(1.5 3.17686e-13 0)
(1.5 3.71261e-13 0)
(1.5 3.32309e-13 0)
(1.5 2.83195e-13 0)
(1.5 2.55901e-13 0)
(1.5 1.62778e-13 0)
(1.5 7.57144e-14 0)
(1.5 1.44636e-14 0)
(1.5 -7.33648e-14 0)
(1.5 -1.39282e-14 0)
(1.5 1.70848e-15 0)
(1.5 2.33837e-14 0)
(1.5 1.38548e-13 0)
(1.5 1.65381e-13 0)
(1.5 2.76005e-13 0)
(1.5 2.76542e-13 0)
(1.5 3.15094e-13 0)
(1.5 3.80013e-13 0)
(1.5 3.25716e-13 0)
(1.5 2.93864e-13 0)
(1.5 2.63173e-13 0)
(1.5 2.89515e-13 0)
(1.5 1.79647e-13 0)
(1.5 1.65098e-13 0)
(1.5 1.50633e-13 0)
(1.5 1.09203e-13 0)
(1.5 5.54037e-14 0)
(1.5 1.14445e-14 0)
(1.5 -1.21127e-13 0)
(1.5 -1.15745e-13 0)
(1.5 -1.65997e-13 0)
(1.5 -7.57191e-14 0)
(1.5 -1.54057e-14 0)
(1.5 5.17918e-14 0)
(1.5 3.70956e-14 0)
(1.5 1.06285e-13 0)
(1.5 2.16569e-13 0)
(1.5 1.63841e-13 0)
(1.5 1.06751e-13 0)
(1.5 6.58159e-14 0)
(1.5 -5.92249e-15 0)
(1.5 -4.06894e-14 0)
(1.5 -1.18622e-13 0)
(1.5 -1.05385e-13 0)
(1.5 -9.545e-14 0)
(1.5 -1.25344e-14 0)
(1.5 -2.2375e-15 0)
(1.5 1.10379e-13 0)
(1.5 1.91458e-13 0)
(1.5 1.40057e-13 0)
(1.5 1.60451e-13 0)
(1.5 1.7649e-13 0)
(1.5 1.31929e-13 0)
(1.5 9.43882e-15 0)
(1.5 -6.38259e-14 0)
(1.5 -5.11548e-14 0)
(1.5 -8.79351e-14 0)
(1.5 -6.96662e-14 0)
(1.5 -4.32648e-14 0)
(1.5 -4.04209e-14 0)
(1.5 -6.04258e-14 0)
(1.5 -5.81354e-14 0)
(1.5 -3.01879e-16 0)
(1.5 -4.5892e-15 0)
(1.5 9.3015e-14 0)
(1.5 1.18755e-13 0)
(1.5 1.67469e-13 0)
(1.5 1.89504e-13 0)
(1.5 2.17084e-13 0)
(1.5 3.14316e-13 0)
(1.5 2.83038e-13 0)
(1.5 2.91761e-13 0)
(1.5 2.26001e-13 0)
(1.5 1.85223e-13 0)
(1.5 2.09373e-13 0)
(1.5 2.33083e-13 0)
(1.5 5.3679e-14 0)
(1.5 -7.9291e-14 0)
(1.5 -1.21715e-13 0)
(1.5 3.26224e-14 0)
(1.5 9.82614e-14 0)
(1.5 8.73512e-14 0)
(1.5 2.52015e-13 0)
(1.5 3.26801e-13 0)
(1.5 3.87594e-13 0)
(1.5 2.56573e-13 0)
(1.5 2.21716e-13 0)
(1.5 3.19945e-13 0)
(1.5 2.99057e-13 0)
(1.5 2.79308e-13 0)
(1.5 2.69413e-13 0)
(1.5 2.17241e-13 0)
(1.5 2.31602e-13 0)
(1.5 1.87895e-13 0)
(1.5 1.53915e-13 0)
(1.5 1.3727e-13 0)
(1.5 1.14762e-13 0)
(1.5 1.0747e-13 0)
(1.5 9.59789e-14 0)
(1.5 1.73531e-13 0)
(1.5 1.18819e-13 0)
(1.5 9.86463e-14 0)
(1.5 1.79516e-13 0)
(1.5 1.71102e-13 0)
(1.5 1.27152e-13 0)
(1.5 7.21407e-14 0)
(1.5 1.4822e-14 0)
(1.5 1.23131e-14 0)
(1.5 -4.01637e-14 0)
(1.5 -5.97273e-14 0)
(1.5 -6.31389e-14 0)
(1.5 4.15866e-14 0)
(1.5 9.02224e-14 0)
(1.5 2.88019e-14 0)
(1.5 -4.59284e-14 0)
(1.5 -1.54773e-13 0)
(1.5 -1.3655e-13 0)
(1.5 9.54824e-15 0)
(1.5 -2.52602e-14 0)
(1.5 2.55442e-14 0)
(1.5 1.64383e-14 0)
(1.5 -3.36704e-14 0)
(1.5 -3.83941e-14 0)
(1.5 -3.7235e-14 0)
(1.5 1.95921e-14 0)
(1.5 2.90958e-14 0)
(1.5 8.30669e-14 0)
(1.5 2.23215e-13 0)
(1.5 3.83471e-13 0)
(1.5 2.86249e-13 0)
(1.5 1.95394e-13 0)
(1.5 8.67569e-14 0)
(1.5 2.15113e-14 0)
(1.5 -3.22329e-14 0)
(1.5 7.64691e-14 0)
(1.5 1.28986e-14 0)
(1.5 -9.83108e-15 0)
(1.5 8.46708e-14 0)
(1.5 1.47063e-13 0)
(1.5 1.58209e-13 0)
(1.5 1.03473e-13 0)
(1.5 1.22557e-13 0)
(1.5 1.53781e-13 0)
(1.5 9.1308e-14 0)
(1.5 -2.55263e-14 0)
(1.5 -4.55797e-15 0)
(1.5 -2.41934e-14 0)
(1.5 2.25603e-14 0)
(1.5 3.27652e-14 0)
(1.5 9.02654e-14 0)
(1.5 1.51521e-13 0)
(1.5 1.78728e-13 0)
(1.5 1.05249e-13 0)
(1.5 5.23861e-14 0)
(1.5 1.63021e-13 0)
(1.5 2.89622e-13 0)
(1.5 3.52018e-13 0)
(1.5 3.40628e-13 0)
(1.5 3.07736e-13 0)
(1.5 8.8737e-14 0)
(1.5 6.52753e-14 0)
(1.5 8.03626e-14 0)
(1.5 1.42368e-13 0)
(1.5 1.52888e-13 0)
(1.5 1.75192e-13 0)
(1.5 1.47288e-13 0)
(1.5 1.48064e-13 0)
(1.5 9.56848e-14 0)
(1.5 -2.68695e-15 0)
(1.5 4.90471e-14 0)
(1.5 9.38787e-14 0)
(1.5 9.81369e-14 0)
(1.5 1.98266e-13 0)
(1.5 1.46628e-13 0)
(1.5 2.23844e-13 0)
(1.5 2.50211e-13 0)
(1.5 2.1275e-13 0)
(1.5 1.2001e-13 0)
(1.5 1.24208e-14 0)
(1.5 4.56333e-14 0)
(1.5 7.29984e-14 0)
(1.5 7.62959e-15 0)
(1.5 -3.00016e-14 0)
(1.5 1.13074e-14 0)
(1.5 2.09257e-13 0)
(1.5 3.30014e-13 0)
(1.5 3.37766e-13 0)
(1.5 4.79885e-13 0)
(1.5 5.60217e-13 0)
(1.5 6.14237e-13 0)
(1.5 5.18133e-13 0)
(1.5 4.64165e-13 0)
(1.5 -3.44679e-14 0)
(1.5 -5.57539e-14 0)
(1.5 -5.83922e-14 0)
(1.5 -7.28849e-14 0)
(1.5 -2.26451e-14 0)
(1.5 5.32096e-14 0)
(1.5 8.34009e-14 0)
(1.5 1.86126e-13 0)
(1.5 2.86739e-13 0)
(1.5 3.43063e-13 0)
(1.5 2.36057e-13 0)
(1.5 1.69913e-13 0)
(1.5 1.25693e-13 0)
(1.5 9.41781e-14 0)
(1.5 7.9898e-14 0)
(1.5 4.82113e-14 0)
(1.5 9.99905e-15 0)
(1.5 9.93776e-15 0)
(1.5 5.97561e-14 0)
(1.5 8.42758e-14 0)
(1.5 1.30731e-13 0)
(1.5 1.28644e-13 0)
(1.5 2.02086e-13 0)
(1.5 2.76836e-13 0)
(1.5 3.01968e-13 0)
(1.5 3.53995e-13 0)
(1.5 3.27149e-13 0)
(1.5 3.59347e-13 0)
(1.5 3.02623e-13 0)
(1.5 2.32005e-13 0)
(1.5 2.12798e-13 0)
(1.5 2.30208e-13 0)
(1.5 1.9086e-13 0)
(1.5 1.372e-13 0)
(1.5 8.0597e-14 0)
(1.5 -4.08843e-14 0)
(1.5 -8.23284e-14 0)
(1.5 -1.17717e-14 0)
(1.5 -2.2476e-14 0)
(1.5 -1.14827e-14 0)
(1.5 -8.99255e-15 0)
(1.5 9.66742e-15 0)
(1.5 4.46812e-14 0)
(1.5 4.36599e-14 0)
(1.5 1.15492e-13 0)
(1.5 1.60906e-13 0)
(1.5 1.73255e-13 0)
(1.5 7.13451e-14 0)
(1.5 -1.72346e-14 0)
(1.5 -3.71159e-14 0)
(1.5 -7.89854e-14 0)
(1.5 -1.25427e-13 0)
(1.5 -1.3174e-13 0)
(1.5 -9.72308e-14 0)
(1.5 -6.65119e-14 0)
(1.5 5.11936e-15 0)
(1.5 6.33243e-14 0)
(1.5 8.78388e-14 0)
(1.5 9.74257e-14 0)
(1.5 8.55742e-14 0)
(1.5 9.76337e-14 0)
(1.5 6.74224e-14 0)
(1.5 4.70184e-14 0)
(1.5 3.95092e-14 0)
(1.5 -5.64777e-15 0)
(1.5 1.23679e-14 0)
(1.5 3.2945e-14 0)
(1.5 4.70158e-14 0)
(1.5 5.10061e-14 0)
(1.5 -1.35687e-14 0)
(1.5 -4.46298e-14 0)
(1.5 1.98629e-15 0)
(1.5 6.45585e-14 0)
(1.5 1.05888e-13 0)
(1.5 1.31244e-13 0)
(1.5 1.3593e-13 0)
(1.5 1.01696e-13 0)
(1.5 2.1707e-13 0)
(1.5 2.43124e-13 0)
(1.5 1.67152e-13 0)
(1.5 1.34089e-13 0)
(1.5 8.7975e-14 0)
(1.5 1.07676e-13 0)
(1.5 1.57272e-13 0)
(1.5 7.61936e-14 0)
(1.5 1.53766e-14 0)
(1.5 -3.18741e-15 0)
(1.5 9.20386e-14 0)
(1.5 1.18397e-13 0)
(1.5 1.58338e-13 0)
(1.5 2.58278e-13 0)
(1.5 3.21861e-13 0)
(1.5 3.46846e-13 0)
(1.5 2.86647e-13 0)
(1.5 2.78523e-13 0)
(1.5 3.63466e-13 0)
(1.5 3.82614e-13 0)
(1.5 3.63321e-13 0)
(1.5 2.45086e-13 0)
(1.5 2.17991e-13 0)
(1.5 2.33698e-13 0)
(1.5 2.6106e-13 0)
(1.5 2.21607e-13 0)
(1.5 1.26433e-13 0)
(1.5 1.45786e-13 0)
(1.5 1.84024e-13 0)
(1.5 1.5275e-13 0)
(1.5 1.81642e-13 0)
(1.5 1.34177e-13 0)
(1.5 1.58178e-13 0)
(1.5 1.66265e-13 0)
(1.5 1.27615e-13 0)
(1.5 1.50285e-13 0)
(1.5 7.2263e-14 0)
(1.5 3.27938e-14 0)
(1.5 -1.78486e-14 0)
(1.5 -1.30144e-13 0)
(1.5 -1.24181e-13 0)
(1.5 -1.17537e-14 0)
(1.5 1.00183e-13 0)
(1.5 1.14954e-13 0)
(1.5 6.86951e-14 0)
(1.5 4.35314e-15 0)
(1.5 -6.74429e-14 0)
(1.5 -1.18645e-13 0)
(1.5 -8.87991e-14 0)
(1.5 -1.22067e-13 0)
(1.5 -1.61613e-14 0)
(1.5 3.97799e-14 0)
(1.5 6.41756e-14 0)
(1.5 1.31924e-13 0)
(1.5 1.40185e-13 0)
(1.5 2.07509e-13 0)
(1.5 1.52726e-13 0)
(1.5 1.96604e-13 0)
(1.5 3.21848e-13 0)
(1.5 3.73071e-13 0)
(1.5 4.12157e-13 0)
(1.5 3.68441e-13 0)
(1.5 2.36483e-13 0)
(1.5 1.19935e-13 0)
(1.5 1.38033e-13 0)
(1.5 2.37837e-13 0)
(1.5 2.03272e-13 0)
(1.5 2.114e-13 0)
(1.5 2.09447e-13 0)
(1.5 2.02254e-13 0)
(1.5 2.75232e-13 0)
(1.5 2.48747e-13 0)
(1.5 2.2921e-13 0)
(1.5 2.16892e-13 0)
(1.5 1.47305e-13 0)
(1.5 7.99851e-14 0)
(1.5 1.19972e-13 0)
(1.5 9.65331e-14 0)
(1.5 1.62294e-13 0)
(1.5 1.37912e-13 0)
(1.5 1.20721e-13 0)
(1.5 1.40192e-13 0)
(1.5 1.23243e-13 0)
(1.5 9.15346e-14 0)
(1.5 1.23577e-13 0)
(1.5 2.07815e-13 0)
(1.5 3.83511e-13 0)
(1.5 5.09796e-13 0)
(1.5 4.87622e-13 0)
(1.5 3.76058e-13 0)
(1.5 2.1392e-13 0)
(1.5 2.5545e-13 0)
(1.5 2.08707e-13 0)
(1.5 2.02743e-13 0)
(1.5 2.34702e-13 0)
(1.5 2.12775e-13 0)
(1.5 8.53561e-14 0)
(1.5 4.26951e-14 0)
(1.5 -4.00269e-14 0)
(1.5 -4.65209e-14 0)
(1.5 -1.46614e-14 0)
(1.5 6.4552e-14 0)
(1.5 1.12278e-13 0)
(1.5 1.32373e-13 0)
(1.5 1.08737e-13 0)
(1.5 1.41628e-13 0)
(1.5 1.65427e-13 0)
(1.5 1.99053e-13 0)
(1.5 1.9292e-13 0)
(1.5 1.25407e-13 0)
(1.5 1.01812e-13 0)
(1.5 1.8991e-13 0)
(1.5 7.75311e-14 0)
(1.5 8.32899e-15 0)
(1.5 1.47601e-15 0)
(1.5 2.82686e-13 0)
(1.5 4.6599e-13 0)
(1.5 5.26116e-13 0)
(1.5 6.12057e-13 0)
(1.5 7.63753e-13 0)
(1.5 8.22434e-13 0)
(1.5 7.37528e-13 0)
(1.5 6.36927e-13 0)
(1.5 1.09072e-14 0)
(1.5 -5.73036e-14 0)
(1.5 -8.3911e-14 0)
(1.5 -1.1042e-13 0)
(1.5 -6.99603e-14 0)
(1.5 -3.35654e-14 0)
(1.5 4.1191e-14 0)
(1.5 7.18765e-14 0)
(1.5 1.91783e-13 0)
(1.5 2.20367e-13 0)
(1.5 1.54226e-13 0)
(1.5 5.19999e-14 0)
(1.5 4.94183e-15 0)
(1.5 2.5718e-14 0)
(1.5 1.09132e-13 0)
(1.5 1.15201e-13 0)
(1.5 9.58387e-14 0)
(1.5 8.89334e-14 0)
(1.5 1.20367e-13 0)
(1.5 1.40841e-13 0)
(1.5 6.69903e-14 0)
(1.5 7.13755e-14 0)
(1.5 1.1964e-13 0)
(1.5 2.27773e-13 0)
(1.5 2.54658e-13 0)
(1.5 2.42142e-13 0)
(1.5 2.34292e-13 0)
(1.5 3.22016e-13 0)
(1.5 3.32319e-13 0)
(1.5 2.38307e-13 0)
(1.5 2.49958e-13 0)
(1.5 2.57679e-13 0)
(1.5 2.01942e-13 0)
(1.5 1.32851e-13 0)
(1.5 8.29356e-14 0)
(1.5 -2.57545e-14 0)
(1.5 1.59806e-14 0)
(1.5 3.62451e-14 0)
(1.5 1.09595e-13 0)
(1.5 6.67119e-14 0)
(1.5 -3.49626e-15 0)
(1.5 -1.80302e-14 0)
(1.5 4.51333e-14 0)
(1.5 3.4347e-14 0)
(1.5 2.05686e-15 0)
(1.5 5.30917e-14 0)
(1.5 4.11311e-14 0)
(1.5 6.45742e-15 0)
(1.5 1.34291e-14 0)
(1.5 8.46238e-15 0)
(1.5 2.774e-14 0)
(1.5 -2.49402e-14 0)
(1.5 -4.6945e-14 0)
(1.5 -6.2177e-14 0)
(1.5 -4.69374e-14 0)
(1.5 -5.81237e-14 0)
(1.5 -6.51529e-14 0)
(1.5 -6.20566e-15 0)
(1.5 1.29587e-14 0)
(1.5 -3.66516e-14 0)
(1.5 -3.1096e-14 0)
(1.5 2.62398e-14 0)
(1.5 5.94492e-14 0)
(1.5 7.71116e-15 0)
(1.5 6.44587e-14 0)
(1.5 8.18696e-14 0)
(1.5 2.32173e-14 0)
(1.5 1.654e-14 0)
(1.5 6.31468e-15 0)
(1.5 2.70597e-14 0)
(1.5 -2.83536e-14 0)
(1.5 5.43862e-14 0)
(1.5 8.01933e-14 0)
(1.5 1.13575e-13 0)
(1.5 1.2063e-13 0)
(1.5 1.15626e-13 0)
(1.5 9.76813e-14 0)
(1.5 1.29098e-13 0)
(1.5 1.53261e-13 0)
(1.5 9.87922e-14 0)
(1.5 9.48438e-14 0)
(1.5 4.92482e-14 0)
(1.5 1.27216e-13 0)
(1.5 1.48716e-13 0)
(1.5 9.6384e-14 0)
(1.5 1.3133e-13 0)
(1.5 1.71592e-13 0)
(1.5 2.18862e-13 0)
(1.5 2.01237e-13 0)
(1.5 2.31473e-13 0)
(1.5 1.6239e-13 0)
(1.5 1.98551e-13 0)
(1.5 1.99295e-13 0)
(1.5 2.25213e-13 0)
(1.5 2.45585e-13 0)
(1.5 2.65764e-13 0)
(1.5 3.163e-13 0)
(1.5 2.81262e-13 0)
(1.5 2.56248e-13 0)
(1.5 3.16849e-13 0)
(1.5 3.11514e-13 0)
(1.5 3.03585e-13 0)
(1.5 2.13445e-13 0)
(1.5 1.50977e-13 0)
(1.5 2.22671e-13 0)
(1.5 2.64317e-13 0)
(1.5 2.80601e-13 0)
(1.5 2.8669e-13 0)
(1.5 2.2715e-13 0)
(1.5 2.2423e-13 0)
(1.5 1.48155e-13 0)
(1.5 1.10773e-13 0)
(1.5 9.07544e-14 0)
(1.5 6.02634e-14 0)
(1.5 1.08105e-13 0)
(1.5 5.19724e-14 0)
(1.5 -5.67761e-14 0)
(1.5 -1.76745e-14 0)
(1.5 2.93372e-14 0)
(1.5 4.63288e-14 0)
(1.5 4.95104e-14 0)
(1.5 -2.50123e-14 0)
(1.5 -4.39848e-14 0)
(1.5 -2.20824e-14 0)
(1.5 -7.50013e-14 0)
(1.5 -1.12644e-13 0)
(1.5 -1.41054e-13 0)
(1.5 -5.23743e-14 0)
(1.5 -4.64898e-14 0)
(1.5 5.32299e-14 0)
(1.5 1.42383e-13 0)
(1.5 8.92268e-14 0)
(1.5 1.96619e-13 0)
(1.5 1.93177e-13 0)
(1.5 1.8085e-13 0)
(1.5 2.51288e-13 0)
(1.5 2.47394e-13 0)
(1.5 3.39833e-13 0)
(1.5 3.18277e-13 0)
(1.5 2.42044e-13 0)
(1.5 1.19667e-13 0)
(1.5 5.11468e-14 0)
(1.5 7.59365e-14 0)
(1.5 7.38675e-14 0)
(1.5 1.85131e-13 0)
(1.5 2.50407e-13 0)
(1.5 2.69292e-13 0)
(1.5 2.67213e-13 0)
(1.5 2.15641e-13 0)
(1.5 1.62986e-13 0)
(1.5 4.97202e-14 0)
(1.5 1.83142e-14 0)
(1.5 9.41788e-14 0)
(1.5 1.11875e-13 0)
(1.5 9.84356e-14 0)
(1.5 1.97689e-13 0)
(1.5 2.06751e-13 0)
(1.5 8.34784e-14 0)
(1.5 4.32507e-14 0)
(1.5 -5.61184e-15 0)
(1.5 9.31096e-14 0)
(1.5 1.8333e-13 0)
(1.5 2.09574e-13 0)
(1.5 3.39951e-13 0)
(1.5 4.4228e-13 0)
(1.5 4.15463e-13 0)
(1.5 3.04185e-13 0)
(1.5 3.11238e-13 0)
(1.5 3.45316e-13 0)
(1.5 3.13823e-13 0)
(1.5 2.46592e-13 0)
(1.5 1.41472e-13 0)
(1.5 7.58889e-14 0)
(1.5 -1.42551e-13 0)
(1.5 -1.3806e-13 0)
(1.5 -1.63767e-13 0)
(1.5 -1.17438e-13 0)
(1.5 -5.68153e-14 0)
(1.5 5.14133e-14 0)
(1.5 1.92604e-14 0)
(1.5 -4.15454e-14 0)
(1.5 -2.93092e-15 0)
(1.5 -1.48544e-14 0)
(1.5 1.22933e-14 0)
(1.5 5.67334e-14 0)
(1.5 8.34957e-14 0)
(1.5 8.81239e-14 0)
(1.5 5.8379e-14 0)
(1.5 1.27734e-13 0)
(1.5 1.20855e-13 0)
(1.5 2.12246e-13 0)
(1.5 2.17929e-13 0)
(1.5 3.3863e-13 0)
(1.5 4.76609e-13 0)
(1.5 5.862e-13 0)
(1.5 6.37412e-13 0)
(1.5 7.11868e-13 0)
(1.5 8.10134e-13 0)
(1.5 7.42919e-13 0)
(1.5 6.504e-13 0)
(1.5 8.74783e-15 0)
(1.5 -5.7058e-14 0)
(1.5 -9.21426e-14 0)
(1.5 -1.67517e-13 0)
(1.5 -1.71027e-13 0)
(1.5 -8.33365e-14 0)
(1.5 8.67549e-15 0)
(1.5 6.26425e-14 0)
(1.5 7.50663e-14 0)
(1.5 1.21652e-13 0)
(1.5 1.80174e-13 0)
(1.5 5.55836e-14 0)
(1.5 6.72564e-14 0)
(1.5 1.0543e-13 0)
(1.5 1.74886e-13 0)
(1.5 2.04127e-13 0)
(1.5 2.16999e-13 0)
(1.5 1.95355e-13 0)
(1.5 2.18939e-13 0)
(1.5 1.64571e-13 0)
(1.5 1.04376e-13 0)
(1.5 1.1445e-13 0)
(1.5 1.61529e-13 0)
(1.5 1.91022e-13 0)
(1.5 2.11399e-13 0)
(1.5 2.21621e-13 0)
(1.5 2.2411e-13 0)
(1.5 2.43127e-13 0)
(1.5 3.03325e-13 0)
(1.5 2.60821e-13 0)
(1.5 3.00735e-13 0)
(1.5 2.63763e-13 0)
(1.5 1.9977e-13 0)
(1.5 1.64812e-13 0)
(1.5 1.65786e-13 0)
(1.5 1.42756e-13 0)
(1.5 1.73935e-13 0)
(1.5 1.18882e-13 0)
(1.5 1.99945e-13 0)
(1.5 1.33504e-13 0)
(1.5 7.31488e-14 0)
(1.5 4.10939e-14 0)
(1.5 1.17399e-13 0)
(1.5 9.97401e-14 0)
(1.5 -1.12622e-14 0)
(1.5 -1.06151e-14 0)
(1.5 -4.21062e-14 0)
(1.5 3.04827e-14 0)
(1.5 1.07056e-13 0)
(1.5 6.94121e-14 0)
(1.5 9.13902e-14 0)
(1.5 4.61168e-14 0)
(1.5 1.74938e-14 0)
(1.5 -1.82094e-14 0)
(1.5 -2.2083e-14 0)
(1.5 -5.9807e-14 0)
(1.5 -1.05469e-13 0)
(1.5 -4.23137e-14 0)
(1.5 -2.80198e-14 0)
(1.5 -6.11067e-14 0)
(1.5 -7.64128e-14 0)
(1.5 -2.17464e-14 0)
(1.5 2.48182e-14 0)
(1.5 2.59541e-14 0)
(1.5 1.15623e-13 0)
(1.5 1.12133e-13 0)
(1.5 5.48483e-14 0)
(1.5 -2.59482e-14 0)
(1.5 -5.40669e-14 0)
(1.5 -1.04724e-15 0)
(1.5 2.5332e-14 0)
(1.5 6.21057e-14 0)
(1.5 6.9458e-14 0)
(1.5 1.22189e-13 0)
(1.5 1.66918e-13 0)
(1.5 1.85009e-13 0)
(1.5 2.35293e-13 0)
(1.5 1.88138e-13 0)
(1.5 1.43175e-13 0)
(1.5 1.52108e-13 0)
(1.5 1.8377e-13 0)
(1.5 1.72082e-13 0)
(1.5 1.75636e-13 0)
(1.5 1.75999e-13 0)
(1.5 2.05005e-13 0)
(1.5 2.70608e-13 0)
(1.5 3.08592e-13 0)
(1.5 2.19791e-13 0)
(1.5 1.89417e-13 0)
(1.5 2.24978e-13 0)
(1.5 1.21527e-13 0)
(1.5 -3.77084e-15 0)
(1.5 -5.04522e-14 0)
(1.5 -3.83004e-14 0)
(1.5 -1.41368e-14 0)
(1.5 3.53399e-14 0)
(1.5 1.23188e-13 0)
(1.5 1.46774e-13 0)
(1.5 2.43943e-13 0)
(1.5 3.54302e-13 0)
(1.5 3.71393e-13 0)
(1.5 2.54235e-13 0)
(1.5 1.71993e-13 0)
(1.5 1.65363e-13 0)
(1.5 2.75588e-13 0)
(1.5 3.16195e-13 0)
(1.5 3.33153e-13 0)
(1.5 2.51303e-13 0)
(1.5 2.23581e-13 0)
(1.5 1.6351e-13 0)
(1.5 1.13472e-13 0)
(1.5 1.03312e-13 0)
(1.5 3.21004e-14 0)
(1.5 2.07523e-14 0)
(1.5 6.18878e-14 0)
(1.5 6.62746e-14 0)
(1.5 6.22613e-14 0)
(1.5 1.08123e-13 0)
(1.5 8.62941e-14 0)
(1.5 2.81564e-14 0)
(1.5 1.50692e-14 0)
(1.5 4.52166e-15 0)
(1.5 -9.18734e-14 0)
(1.5 -7.31633e-14 0)
(1.5 -1.0117e-13 0)
(1.5 -1.81739e-13 0)
(1.5 -1.67751e-13 0)
(1.5 -1.6477e-13 0)
(1.5 -1.5245e-13 0)
(1.5 -4.40045e-14 0)
(1.5 3.6439e-14 0)
(1.5 5.79356e-14 0)
(1.5 1.78986e-13 0)
(1.5 2.61791e-13 0)
(1.5 1.64787e-13 0)
(1.5 9.4488e-14 0)
(1.5 6.25898e-14 0)
(1.5 1.79392e-13 0)
(1.5 1.79029e-13 0)
(1.5 1.01783e-13 0)
(1.5 -5.65642e-14 0)
(1.5 -1.786e-13 0)
(1.5 -1.28277e-13 0)
(1.5 -6.0603e-14 0)
(1.5 9.62523e-14 0)
(1.5 2.77049e-13 0)
(1.5 3.43481e-13 0)
(1.5 2.53106e-13 0)
(1.5 1.16076e-13 0)
(1.5 -1.84183e-14 0)
(1.5 -8.07898e-14 0)
(1.5 -9.53448e-14 0)
(1.5 -4.11965e-14 0)
(1.5 2.12888e-14 0)
(1.5 1.08163e-13 0)
(1.5 1.33853e-13 0)
(1.5 2.05723e-13 0)
(1.5 1.15695e-13 0)
(1.5 1.94795e-14 0)
(1.5 -3.42495e-14 0)
(1.5 4.71966e-14 0)
(1.5 1.24711e-13 0)
(1.5 1.5989e-13 0)
(1.5 2.25974e-13 0)
(1.5 2.65707e-13 0)
(1.5 3.12326e-13 0)
(1.5 2.857e-13 0)
(1.5 4.25053e-13 0)
(1.5 4.7136e-13 0)
(1.5 4.19469e-13 0)
(1.5 2.1124e-13 0)
(1.5 -8.14318e-15 0)
(1.5 -7.5762e-14 0)
(1.5 -1.76309e-13 0)
(1.5 -1.67714e-13 0)
(1.5 -1.73963e-13 0)
(1.5 -1.71662e-13 0)
(1.5 -5.88707e-14 0)
(1.5 1.16867e-14 0)
(1.5 -5.99321e-14 0)
(1.5 -1.18198e-13 0)
(1.5 -5.90017e-14 0)
(1.5 1.88495e-14 0)
(1.5 1.04779e-13 0)
(1.5 1.39587e-13 0)
(1.5 1.45414e-13 0)
(1.5 1.51144e-13 0)
(1.5 1.54235e-13 0)
(1.5 2.08268e-13 0)
(1.5 2.29174e-13 0)
(1.5 3.28938e-13 0)
(1.5 3.95635e-13 0)
(1.5 4.58316e-13 0)
(1.5 4.24061e-13 0)
(1.5 4.87861e-13 0)
(1.5 5.07215e-13 0)
(1.5 4.51184e-13 0)
(1.5 4.86051e-13 0)
(1.5 5.70105e-13 0)
(1.5 5.65573e-13 0)
(1.5 -4.62076e-14 0)
(1.5 -7.81834e-14 0)
(1.5 -7.40023e-14 0)
(1.5 -1.91237e-13 0)
(1.5 -2.36783e-13 0)
(1.5 -1.91691e-13 0)
(1.5 -1.24461e-13 0)
(1.5 -8.10321e-14 0)
(1.5 -4.39853e-14 0)
(1.5 2.70941e-14 0)
(1.5 1.14959e-13 0)
(1.5 8.37461e-14 0)
(1.5 1.24357e-13 0)
(1.5 1.44928e-13 0)
(1.5 1.31975e-13 0)
(1.5 2.19698e-13 0)
(1.5 3.09222e-13 0)
(1.5 2.6079e-13 0)
(1.5 1.95367e-13 0)
(1.5 1.15473e-13 0)
(1.5 1.3068e-13 0)
(1.5 1.28832e-13 0)
(1.5 1.55959e-13 0)
(1.5 1.84831e-13 0)
(1.5 1.86526e-13 0)
(1.5 1.96186e-13 0)
(1.5 2.36326e-13 0)
(1.5 2.0079e-13 0)
(1.5 1.80453e-13 0)
(1.5 2.10955e-13 0)
(1.5 2.41368e-13 0)
(1.5 2.85077e-13 0)
(1.5 2.91568e-13 0)
(1.5 2.30648e-13 0)
(1.5 1.78179e-13 0)
(1.5 1.78239e-13 0)
(1.5 1.73499e-13 0)
(1.5 1.29674e-13 0)
(1.5 1.2808e-13 0)
(1.5 1.09515e-13 0)
(1.5 8.29576e-14 0)
(1.5 7.47899e-14 0)
(1.5 1.16613e-13 0)
(1.5 6.48562e-14 0)
(1.5 -8.71095e-15 0)
(1.5 -7.50368e-14 0)
(1.5 -5.56028e-14 0)
(1.5 5.0514e-14 0)
(1.5 1.18386e-13 0)
(1.5 1.1337e-13 0)
(1.5 1.2018e-13 0)
(1.5 9.94971e-14 0)
(1.5 9.2544e-14 0)
(1.5 8.84202e-14 0)
(1.5 4.1301e-14 0)
(1.5 -2.4596e-14 0)
(1.5 -3.97333e-14 0)
(1.5 -5.20514e-14 0)
(1.5 -3.17176e-14 0)
(1.5 -6.16928e-15 0)
(1.5 -1.87609e-14 0)
(1.5 3.80806e-14 0)
(1.5 3.74619e-14 0)
(1.5 4.43504e-14 0)
(1.5 4.9071e-14 0)
(1.5 7.96688e-14 0)
(1.5 7.13545e-14 0)
(1.5 1.53425e-14 0)
(1.5 2.97416e-14 0)
(1.5 5.12925e-15 0)
(1.5 3.5369e-14 0)
(1.5 -1.59401e-14 0)
(1.5 -2.33661e-14 0)
(1.5 1.1834e-14 0)
(1.5 9.27385e-14 0)
(1.5 1.77497e-13 0)
(1.5 2.84794e-13 0)
(1.5 2.96841e-13 0)
(1.5 2.33817e-13 0)
(1.5 1.71291e-13 0)
(1.5 1.57778e-13 0)
(1.5 1.78543e-13 0)
(1.5 1.63564e-13 0)
(1.5 2.0498e-13 0)
(1.5 2.64849e-13 0)
(1.5 2.61511e-13 0)
(1.5 2.85798e-13 0)
(1.5 1.65606e-13 0)
(1.5 1.68313e-13 0)
(1.5 1.51783e-13 0)
(1.5 1.05293e-13 0)
(1.5 -3.08366e-14 0)
(1.5 -1.29311e-13 0)
(1.5 -1.32606e-13 0)
(1.5 -3.75009e-14 0)
(1.5 6.57109e-14 0)
(1.5 2.01407e-13 0)
(1.5 2.22635e-13 0)
(1.5 2.39071e-13 0)
(1.5 3.09417e-13 0)
(1.5 4.18858e-13 0)
(1.5 3.55409e-13 0)
(1.5 2.47714e-13 0)
(1.5 2.6066e-13 0)
(1.5 3.05568e-13 0)
(1.5 3.25088e-13 0)
(1.5 3.32621e-13 0)
(1.5 1.96797e-13 0)
(1.5 2.05974e-13 0)
(1.5 1.37359e-13 0)
(1.5 1.11653e-13 0)
(1.5 1.02308e-13 0)
(1.5 3.0177e-14 0)
(1.5 -1.26594e-14 0)
(1.5 -1.4408e-14 0)
(1.5 7.33502e-14 0)
(1.5 1.53784e-13 0)
(1.5 2.01453e-13 0)
(1.5 1.58249e-13 0)
(1.5 1.13148e-13 0)
(1.5 1.62272e-13 0)
(1.5 1.82365e-13 0)
(1.5 8.78877e-15 0)
(1.5 -4.90624e-14 0)
(1.5 -9.66249e-14 0)
(1.5 -1.64929e-13 0)
(1.5 -1.59254e-13 0)
(1.5 -1.85227e-13 0)
(1.5 -1.70015e-13 0)
(1.5 -1.49599e-13 0)
(1.5 -9.39371e-14 0)
(1.5 -2.06453e-14 0)
(1.5 1.33207e-13 0)
(1.5 1.61878e-13 0)
(1.5 2.63855e-14 0)
(1.5 -1.51022e-13 0)
(1.5 -1.80257e-13 0)
(1.5 -1.32423e-14 0)
(1.5 3.07368e-14 0)
(1.5 -5.85782e-14 0)
(1.5 -2.00523e-13 0)
(1.5 -2.02738e-13 0)
(1.5 -6.98277e-14 0)
(1.5 1.41918e-13 0)
(1.5 2.37156e-13 0)
(1.5 2.96753e-13 0)
(1.5 2.73927e-13 0)
(1.5 2.04556e-13 0)
(1.5 1.13914e-13 0)
(1.5 -9.73388e-14 0)
(1.5 -1.68507e-13 0)
(1.5 -1.3102e-13 0)
(1.5 -9.46874e-14 0)
(1.5 -6.77343e-14 0)
(1.5 5.51025e-14 0)
(1.5 1.17948e-13 0)
(1.5 1.88848e-13 0)
(1.5 1.60927e-13 0)
(1.5 5.45636e-15 0)
(1.5 5.35397e-15 0)
(1.5 4.28234e-14 0)
(1.5 2.57236e-14 0)
(1.5 1.19324e-13 0)
(1.5 1.12079e-13 0)
(1.5 8.31444e-14 0)
(1.5 1.32631e-13 0)
(1.5 3.00904e-13 0)
(1.5 5.18502e-13 0)
(1.5 5.96417e-13 0)
(1.5 4.9906e-13 0)
(1.5 2.48078e-13 0)
(1.5 4.50119e-14 0)
(1.5 -1.2012e-13 0)
(1.5 -1.33364e-13 0)
(1.5 -1.571e-13 0)
(1.5 -1.86685e-13 0)
(1.5 -2.10349e-13 0)
(1.5 -2.94168e-14 0)
(1.5 9.71987e-14 0)
(1.5 9.16368e-14 0)
(1.5 -3.68383e-15 0)
(1.5 -5.30702e-16 0)
(1.5 1.03996e-13 0)
(1.5 1.85291e-13 0)
(1.5 2.75452e-13 0)
(1.5 2.78026e-13 0)
(1.5 2.53361e-13 0)
(1.5 2.81731e-13 0)
(1.5 3.22611e-13 0)
(1.5 3.25608e-13 0)
(1.5 3.08175e-13 0)
(1.5 3.77358e-13 0)
(1.5 4.46536e-13 0)
(1.5 3.72753e-13 0)
(1.5 3.32346e-13 0)
(1.5 2.46529e-13 0)
(1.5 2.49219e-13 0)
(1.5 2.62561e-13 0)
(1.5 4.54958e-13 0)
(1.5 4.87401e-13 0)
(1.5 -6.82496e-14 0)
(1.5 -7.72837e-14 0)
(1.5 -1.23043e-13 0)
(1.5 -1.90809e-13 0)
(1.5 -2.22124e-13 0)
(1.5 -1.89173e-13 0)
(1.5 -1.3843e-13 0)
(1.5 -1.14277e-13 0)
(1.5 -5.50908e-15 0)
(1.5 2.73344e-14 0)
(1.5 3.2366e-14 0)
(1.5 8.09568e-14 0)
(1.5 8.31797e-14 0)
(1.5 5.51821e-14 0)
(1.5 8.41793e-14 0)
(1.5 2.17144e-13 0)
(1.5 2.91462e-13 0)
(1.5 2.54035e-13 0)
(1.5 1.28765e-13 0)
(1.5 7.84766e-14 0)
(1.5 9.52062e-14 0)
(1.5 9.97486e-14 0)
(1.5 7.63765e-14 0)
(1.5 1.07922e-13 0)
(1.5 1.40557e-13 0)
(1.5 1.38155e-13 0)
(1.5 1.79931e-13 0)
(1.5 1.79642e-13 0)
(1.5 1.39333e-13 0)
(1.5 1.57277e-13 0)
(1.5 1.90185e-13 0)
(1.5 2.63452e-13 0)
(1.5 2.43488e-13 0)
(1.5 1.92877e-13 0)
(1.5 1.23234e-13 0)
(1.5 5.46718e-14 0)
(1.5 7.70094e-14 0)
(1.5 6.42127e-14 0)
(1.5 2.7418e-14 0)
(1.5 9.89912e-14 0)
(1.5 5.18369e-14 0)
(1.5 4.2535e-15 0)
(1.5 -1.58902e-14 0)
(1.5 -7.67467e-14 0)
(1.5 -6.93654e-14 0)
(1.5 -1.37857e-13 0)
(1.5 -5.24463e-14 0)
(1.5 -3.11235e-14 0)
(1.5 -5.13519e-15 0)
(1.5 5.37285e-14 0)
(1.5 1.40843e-14 0)
(1.5 6.10999e-14 0)
(1.5 6.32515e-14 0)
(1.5 6.68757e-14 0)
(1.5 -3.92804e-14 0)
(1.5 -1.21277e-13 0)
(1.5 -7.89047e-14 0)
(1.5 -1.1074e-13 0)
(1.5 -1.30319e-13 0)
(1.5 -7.40325e-14 0)
(1.5 -2.0941e-14 0)
(1.5 5.15082e-14 0)
(1.5 3.20996e-14 0)
(1.5 -1.67962e-14 0)
(1.5 -5.97872e-14 0)
(1.5 -1.10531e-14 0)
(1.5 3.30113e-15 0)
(1.5 -3.37067e-15 0)
(1.5 2.30888e-14 0)
(1.5 -4.02445e-14 0)
(1.5 8.61254e-16 0)
(1.5 -4.22418e-14 0)
(1.5 -6.78661e-14 0)
(1.5 -6.7065e-14 0)
(1.5 5.10741e-15 0)
(1.5 1.54032e-13 0)
(1.5 2.28179e-13 0)
(1.5 2.48637e-13 0)
(1.5 2.22341e-13 0)
(1.5 1.97709e-13 0)
(1.5 1.87823e-13 0)
(1.5 2.12703e-13 0)
(1.5 1.96903e-13 0)
(1.5 2.24554e-13 0)
(1.5 2.37511e-13 0)
(1.5 2.26182e-13 0)
(1.5 2.08505e-13 0)
(1.5 1.08283e-13 0)
(1.5 1.77836e-13 0)
(1.5 1.75926e-13 0)
(1.5 1.10822e-13 0)
(1.5 3.90645e-14 0)
(1.5 4.69041e-15 0)
(1.5 7.25899e-14 0)
(1.5 1.9907e-13 0)
(1.5 3.26727e-13 0)
(1.5 3.94405e-13 0)
(1.5 3.36909e-13 0)
(1.5 2.97087e-13 0)
(1.5 3.27363e-13 0)
(1.5 3.77862e-13 0)
(1.5 3.39746e-13 0)
(1.5 2.27806e-13 0)
(1.5 3.0545e-13 0)
(1.5 3.1914e-13 0)
(1.5 2.82967e-13 0)
(1.5 3.2437e-13 0)
(1.5 2.25189e-13 0)
(1.5 1.3765e-13 0)
(1.5 4.13891e-14 0)
(1.5 2.01807e-14 0)
(1.5 2.30049e-14 0)
(1.5 3.38033e-14 0)
(1.5 3.66906e-14 0)
(1.5 4.53425e-14 0)
(1.5 8.26022e-14 0)
(1.5 1.84129e-13 0)
(1.5 2.22052e-13 0)
(1.5 1.59476e-13 0)
(1.5 1.18724e-13 0)
(1.5 1.57918e-13 0)
(1.5 1.96286e-13 0)
(1.5 8.57525e-14 0)
(1.5 -1.97842e-14 0)
(1.5 1.08991e-14 0)
(1.5 6.65674e-15 0)
(1.5 -3.83744e-14 0)
(1.5 -9.84644e-14 0)
(1.5 -6.38648e-14 0)
(1.5 -8.41788e-14 0)
(1.5 -1.806e-13 0)
(1.5 -1.33978e-13 0)
(1.5 4.78995e-15 0)
(1.5 -2.2696e-15 0)
(1.5 -8.13346e-14 0)
(1.5 -1.64127e-13 0)
(1.5 -2.01875e-13 0)
(1.5 -1.73441e-13 0)
(1.5 -9.73218e-14 0)
(1.5 -8.12682e-14 0)
(1.5 -1.31048e-13 0)
(1.5 -8.84458e-14 0)
(1.5 9.72362e-15 0)
(1.5 1.92989e-13 0)
(1.5 2.28364e-13 0)
(1.5 9.74855e-14 0)
(1.5 2.95648e-14 0)
(1.5 -5.09974e-14 0)
(1.5 -1.6452e-14 0)
(1.5 -1.0976e-13 0)
(1.5 -2.27195e-13 0)
(1.5 -2.00663e-13 0)
(1.5 -1.80174e-13 0)
(1.5 -1.61811e-13 0)
(1.5 1.86808e-15 0)
(1.5 9.02031e-14 0)
(1.5 1.12275e-13 0)
(1.5 6.98912e-14 0)
(1.5 -2.88619e-14 0)
(1.5 5.06721e-16 0)
(1.5 4.97214e-15 0)
(1.5 -4.16222e-14 0)
(1.5 5.02187e-14 0)
(1.5 2.79285e-14 0)
(1.5 3.73841e-14 0)
(1.5 3.69792e-14 0)
(1.5 2.07134e-13 0)
(1.5 3.61969e-13 0)
(1.5 3.91017e-13 0)
(1.5 4.0279e-13 0)
(1.5 2.2666e-13 0)
(1.5 6.39302e-14 0)
(1.5 -2.05919e-13 0)
(1.5 -1.82705e-13 0)
(1.5 -1.3512e-13 0)
(1.5 -1.22201e-13 0)
(1.5 -1.20584e-13 0)
(1.5 5.63502e-14 0)
(1.5 1.68047e-13 0)
(1.5 1.49168e-13 0)
(1.5 7.41745e-14 0)
(1.5 5.56269e-14 0)
(1.5 1.33901e-13 0)
(1.5 2.30667e-13 0)
(1.5 3.20803e-13 0)
(1.5 2.9959e-13 0)
(1.5 2.24125e-13 0)
(1.5 1.79313e-13 0)
(1.5 1.85197e-13 0)
(1.5 2.82363e-13 0)
(1.5 3.17702e-13 0)
(1.5 3.33658e-13 0)
(1.5 3.53651e-13 0)
(1.5 3.40116e-13 0)
(1.5 2.50217e-13 0)
(1.5 4.34872e-14 0)
(1.5 5.30653e-14 0)
(1.5 1.75174e-13 0)
(1.5 3.45561e-13 0)
(1.5 3.87626e-13 0)
(1.5 -5.47932e-14 0)
(1.5 -1.0795e-13 0)
(1.5 -1.57346e-13 0)
(1.5 -1.14906e-13 0)
(1.5 -1.46459e-13 0)
(1.5 -1.33283e-13 0)
(1.5 -9.32525e-14 0)
(1.5 -4.90787e-14 0)
(1.5 -2.47491e-14 0)
(1.5 -2.59957e-14 0)
(1.5 -6.19387e-14 0)
(1.5 -6.28974e-15 0)
(1.5 -2.33303e-14 0)
(1.5 2.77187e-14 0)
(1.5 1.5889e-13 0)
(1.5 2.34976e-13 0)
(1.5 1.98258e-13 0)
(1.5 2.09244e-13 0)
(1.5 1.46075e-13 0)
(1.5 1.06234e-13 0)
(1.5 6.0794e-14 0)
(1.5 6.47567e-14 0)
(1.5 2.12116e-14 0)
(1.5 2.66597e-14 0)
(1.5 8.94388e-14 0)
(1.5 1.14695e-13 0)
(1.5 1.0714e-13 0)
(1.5 1.06531e-13 0)
(1.5 1.35882e-13 0)
(1.5 1.43323e-13 0)
(1.5 1.53205e-13 0)
(1.5 1.55512e-13 0)
(1.5 1.49989e-13 0)
(1.5 1.70845e-13 0)
(1.5 8.76667e-14 0)
(1.5 -1.24533e-14 0)
(1.5 -1.04206e-14 0)
(1.5 -1.91789e-14 0)
(1.5 4.85615e-15 0)
(1.5 3.62596e-14 0)
(1.5 -2.90443e-15 0)
(1.5 -5.9398e-14 0)
(1.5 -1.22024e-13 0)
(1.5 -1.4314e-13 0)
(1.5 -8.55124e-14 0)
(1.5 -5.71538e-14 0)
(1.5 -1.60734e-14 0)
(1.5 -5.07554e-14 0)
(1.5 -5.41509e-14 0)
(1.5 -6.02614e-14 0)
(1.5 -1.12714e-13 0)
(1.5 -6.01566e-14 0)
(1.5 -2.73651e-14 0)
(1.5 -5.92824e-14 0)
(1.5 -1.50013e-13 0)
(1.5 -1.78261e-13 0)
(1.5 -1.63914e-13 0)
(1.5 -1.38348e-13 0)
(1.5 -1.62893e-13 0)
(1.5 -1.32327e-13 0)
(1.5 -5.67343e-14 0)
(1.5 -4.47769e-14 0)
(1.5 -3.40055e-14 0)
(1.5 -1.07349e-13 0)
(1.5 -1.77961e-13 0)
(1.5 -1.76622e-13 0)
(1.5 -9.95113e-14 0)
(1.5 -4.92038e-14 0)
(1.5 -1.02148e-13 0)
(1.5 -1.68633e-13 0)
(1.5 -9.01844e-14 0)
(1.5 -1.05634e-14 0)
(1.5 -1.4349e-15 0)
(1.5 -1.58123e-14 0)
(1.5 1.50972e-15 0)
(1.5 7.74578e-14 0)
(1.5 6.4441e-14 0)
(1.5 6.76851e-14 0)
(1.5 1.0776e-13 0)
(1.5 2.1437e-13 0)
(1.5 2.36997e-13 0)
(1.5 2.55891e-13 0)
(1.5 2.27356e-13 0)
(1.5 2.10823e-13 0)
(1.5 2.43419e-13 0)
(1.5 2.82798e-13 0)
(1.5 1.97149e-13 0)
(1.5 1.12132e-13 0)
(1.5 1.40763e-13 0)
(1.5 1.51881e-13 0)
(1.5 1.03416e-13 0)
(1.5 8.16269e-14 0)
(1.5 1.32758e-13 0)
(1.5 2.46667e-13 0)
(1.5 3.592e-13 0)
(1.5 4.03836e-13 0)
(1.5 3.91869e-13 0)
(1.5 3.72048e-13 0)
(1.5 3.81297e-13 0)
(1.5 3.54955e-13 0)
(1.5 3.09996e-13 0)
(1.5 1.98866e-13 0)
(1.5 1.27411e-13 0)
(1.5 1.64917e-13 0)
(1.5 1.99497e-13 0)
(1.5 1.83654e-13 0)
(1.5 1.6238e-13 0)
(1.5 1.68613e-13 0)
(1.5 2.82519e-14 0)
(1.5 -7.15407e-14 0)
(1.5 -1.1085e-13 0)
(1.5 -7.28017e-14 0)
(1.5 4.59012e-14 0)
(1.5 1.04996e-13 0)
(1.5 7.75752e-14 0)
(1.5 5.55048e-14 0)
(1.5 1.32099e-13 0)
(1.5 1.38102e-13 0)
(1.5 8.43098e-14 0)
(1.5 1.66225e-14 0)
(1.5 -2.97337e-14 0)
(1.5 -3.82e-14 0)
(1.5 -1.68747e-14 0)
(1.5 -1.06503e-13 0)
(1.5 -5.22364e-14 0)
(1.5 1.83744e-14 0)
(1.5 -2.56625e-14 0)
(1.5 -2.97469e-14 0)
(1.5 -6.01417e-14 0)
(1.5 -1.00735e-13 0)
(1.5 -2.1352e-13 0)
(1.5 -1.96192e-13 0)
(1.5 -4.30932e-14 0)
(1.5 3.74615e-15 0)
(1.5 -3.86272e-14 0)
(1.5 -1.11201e-13 0)
(1.5 -1.858e-13 0)
(1.5 -2.75198e-13 0)
(1.5 -1.74943e-13 0)
(1.5 -4.07338e-14 0)
(1.5 7.06566e-15 0)
(1.5 4.0529e-14 0)
(1.5 1.0542e-13 0)
(1.5 1.12643e-13 0)
(1.5 6.9801e-14 0)
(1.5 -2.95365e-14 0)
(1.5 -7.68986e-14 0)
(1.5 -1.45034e-13 0)
(1.5 -1.24357e-13 0)
(1.5 -5.93431e-14 0)
(1.5 -1.3105e-13 0)
(1.5 -1.70691e-13 0)
(1.5 -1.75416e-13 0)
(1.5 -1.13716e-13 0)
(1.5 -1.6844e-14 0)
(1.5 1.9161e-14 0)
(1.5 4.95407e-14 0)
(1.5 -1.18548e-14 0)
(1.5 -1.66268e-14 0)
(1.5 9.92805e-15 0)
(1.5 3.32478e-14 0)
(1.5 5.72977e-14 0)
(1.5 1.41272e-13 0)
(1.5 1.19675e-13 0)
(1.5 8.16595e-14 0)
(1.5 1.42474e-13 0)
(1.5 2.2589e-13 0)
(1.5 2.68562e-13 0)
(1.5 2.4501e-13 0)
(1.5 2.51336e-13 0)
(1.5 2.15282e-13 0)
(1.5 9.143e-14 0)
(1.5 -1.92165e-13 0)
(1.5 -2.08183e-13 0)
(1.5 -1.45906e-13 0)
(1.5 -7.60394e-14 0)
(1.5 -1.06554e-14 0)
(1.5 1.38887e-13 0)
(1.5 1.47443e-13 0)
(1.5 1.14468e-13 0)
(1.5 7.40702e-14 0)
(1.5 1.2749e-14 0)
(1.5 8.47671e-14 0)
(1.5 1.48312e-13 0)
(1.5 1.23107e-13 0)
(1.5 1.20963e-13 0)
(1.5 9.78159e-14 0)
(1.5 7.98027e-14 0)
(1.5 6.44344e-14 0)
(1.5 1.76842e-13 0)
(1.5 2.45302e-13 0)
(1.5 2.76402e-13 0)
(1.5 2.86364e-13 0)
(1.5 2.66487e-13 0)
(1.5 2.03209e-13 0)
(1.5 7.62324e-14 0)
(1.5 8.50756e-14 0)
(1.5 2.71397e-13 0)
(1.5 2.69824e-13 0)
(1.5 3.10562e-13 0)
(1.5 -1.41034e-14 0)
(1.5 -7.52167e-14 0)
(1.5 -1.228e-13 0)
(1.5 -9.52984e-14 0)
(1.5 -6.61899e-14 0)
(1.5 -6.10636e-14 0)
(1.5 -4.74678e-14 0)
(1.5 -2.73654e-15 0)
(1.5 -4.52963e-14 0)
(1.5 -2.69776e-14 0)
(1.5 -3.61241e-14 0)
(1.5 -2.5025e-15 0)
(1.5 -1.63501e-14 0)
(1.5 9.37188e-15 0)
(1.5 9.53918e-14 0)
(1.5 1.11187e-13 0)
(1.5 8.57704e-14 0)
(1.5 1.14252e-13 0)
(1.5 1.50487e-13 0)
(1.5 1.248e-13 0)
(1.5 3.53715e-14 0)
(1.5 1.56531e-14 0)
(1.5 2.53481e-14 0)
(1.5 -1.53262e-14 0)
(1.5 3.65227e-14 0)
(1.5 2.12864e-14 0)
(1.5 -1.14014e-14 0)
(1.5 3.41865e-15 0)
(1.5 4.59655e-14 0)
(1.5 5.15527e-14 0)
(1.5 5.04416e-14 0)
(1.5 7.02927e-14 0)
(1.5 9.28139e-14 0)
(1.5 9.32965e-14 0)
(1.5 4.83354e-15 0)
(1.5 -6.58534e-15 0)
(1.5 -5.95892e-14 0)
(1.5 -7.7463e-14 0)
(1.5 -1.23414e-14 0)
(1.5 -3.30549e-14 0)
(1.5 -3.09472e-14 0)
(1.5 -6.75017e-14 0)
(1.5 -1.08294e-13 0)
(1.5 -6.89214e-14 0)
(1.5 -2.19889e-14 0)
(1.5 3.33219e-14 0)
(1.5 1.68202e-14 0)
(1.5 2.04972e-14 0)
(1.5 -2.06511e-14 0)
(1.5 -7.38779e-14 0)
(1.5 -1.44765e-13 0)
(1.5 -1.07386e-13 0)
(1.5 -4.25264e-14 0)
(1.5 -1.10934e-13 0)
(1.5 -1.46143e-13 0)
(1.5 -1.37387e-13 0)
(1.5 -9.5704e-14 0)
(1.5 -1.03008e-13 0)
(1.5 -1.49225e-13 0)
(1.5 -1.05018e-13 0)
(1.5 -9.08232e-14 0)
(1.5 -5.92847e-14 0)
(1.5 -8.73931e-14 0)
(1.5 -1.34676e-13 0)
(1.5 -2.16194e-13 0)
(1.5 -1.89274e-13 0)
(1.5 -1.85229e-13 0)
(1.5 -1.17169e-13 0)
(1.5 -1.69732e-13 0)
(1.5 -1.98002e-13 0)
(1.5 -1.44206e-13 0)
(1.5 -8.76901e-14 0)
(1.5 -1.51189e-14 0)
(1.5 -1.00487e-14 0)
(1.5 -4.89108e-14 0)
(1.5 1.65123e-14 0)
(1.5 7.37192e-15 0)
(1.5 3.38545e-14 0)
(1.5 1.0193e-13 0)
(1.5 1.51785e-13 0)
(1.5 1.89681e-13 0)
(1.5 2.12348e-13 0)
(1.5 2.47895e-13 0)
(1.5 2.27376e-13 0)
(1.5 2.25703e-13 0)
(1.5 1.88153e-13 0)
(1.5 1.21768e-13 0)
(1.5 1.6899e-13 0)
(1.5 1.52872e-13 0)
(1.5 6.69383e-14 0)
(1.5 3.96945e-14 0)
(1.5 2.25415e-14 0)
(1.5 8.67241e-14 0)
(1.5 1.6261e-13 0)
(1.5 2.2456e-13 0)
(1.5 2.15932e-13 0)
(1.5 2.32915e-13 0)
(1.5 2.94065e-13 0)
(1.5 3.16035e-13 0)
(1.5 2.87391e-13 0)
(1.5 1.8187e-13 0)
(1.5 7.9959e-14 0)
(1.5 6.25808e-14 0)
(1.5 4.54883e-14 0)
(1.5 6.71919e-14 0)
(1.5 1.14698e-13 0)
(1.5 4.48064e-14 0)
(1.5 9.93927e-14 0)
(1.5 4.09901e-14 0)
(1.5 -4.93051e-14 0)
(1.5 -9.81031e-14 0)
(1.5 -4.83137e-14 0)
(1.5 3.53697e-14 0)
(1.5 4.94898e-14 0)
(1.5 4.26799e-14 0)
(1.5 9.80377e-14 0)
(1.5 1.70897e-13 0)
(1.5 2.2569e-13 0)
(1.5 1.49321e-13 0)
(1.5 8.32966e-14 0)
(1.5 4.47795e-14 0)
(1.5 -4.9207e-14 0)
(1.5 -1.89425e-14 0)
(1.5 -3.50553e-14 0)
(1.5 -4.02332e-14 0)
(1.5 6.96755e-15 0)
(1.5 9.58674e-16 0)
(1.5 2.95104e-14 0)
(1.5 -2.73328e-14 0)
(1.5 -3.33332e-14 0)
(1.5 -1.18775e-13 0)
(1.5 -1.76595e-13 0)
(1.5 -1.00002e-13 0)
(1.5 -7.21452e-14 0)
(1.5 -1.24774e-13 0)
(1.5 -2.19698e-13 0)
(1.5 -2.36638e-13 0)
(1.5 -2.63722e-13 0)
(1.5 -1.51586e-13 0)
(1.5 -2.0897e-14 0)
(1.5 4.41623e-14 0)
(1.5 1.18128e-13 0)
(1.5 9.13142e-14 0)
(1.5 5.46344e-14 0)
(1.5 -4.94527e-14 0)
(1.5 -8.71633e-14 0)
(1.5 -8.473e-14 0)
(1.5 -1.8702e-14 0)
(1.5 -4.95242e-14 0)
(1.5 -2.20552e-15 0)
(1.5 -2.12708e-14 0)
(1.5 -3.83022e-14 0)
(1.5 6.25702e-14 0)
(1.5 6.97034e-14 0)
(1.5 3.88958e-14 0)
(1.5 4.46139e-14 0)
(1.5 1.16263e-13 0)
(1.5 4.58008e-14 0)
(1.5 6.76977e-14 0)
(1.5 8.20259e-14 0)
(1.5 1.35654e-13 0)
(1.5 2.20183e-13 0)
(1.5 2.79494e-13 0)
(1.5 2.01083e-13 0)
(1.5 1.44552e-13 0)
(1.5 2.67787e-13 0)
(1.5 4.21485e-13 0)
(1.5 3.88092e-13 0)
(1.5 2.67826e-13 0)
(1.5 2.40763e-13 0)
(1.5 3.09325e-13 0)
(1.5 1.82865e-13 0)
(1.5 -4.58611e-14 0)
(1.5 -1.74328e-13 0)
(1.5 -1.47243e-13 0)
(1.5 -5.40956e-14 0)
(1.5 5.99605e-14 0)
(1.5 1.23076e-13 0)
(1.5 1.13146e-13 0)
(1.5 1.14265e-13 0)
(1.5 7.82172e-14 0)
(1.5 5.87317e-15 0)
(1.5 8.46079e-14 0)
(1.5 7.13522e-14 0)
(1.5 -2.0879e-14 0)
(1.5 -8.59203e-14 0)
(1.5 -5.42354e-14 0)
(1.5 6.06168e-14 0)
(1.5 5.20832e-14 0)
(1.5 1.36104e-13 0)
(1.5 1.35815e-13 0)
(1.5 1.7285e-13 0)
(1.5 1.97265e-13 0)
(1.5 1.78944e-13 0)
(1.5 1.48896e-13 0)
(1.5 1.59105e-13 0)
(1.5 2.5893e-13 0)
(1.5 4.13654e-13 0)
(1.5 3.31836e-13 0)
(1.5 3.19413e-13 0)
(1.5 4.82022e-14 0)
(1.5 2.95572e-14 0)
(1.5 7.36835e-16 0)
(1.5 1.30478e-14 0)
(1.5 8.60374e-14 0)
(1.5 4.80016e-14 0)
(1.5 -4.1584e-14 0)
(1.5 -6.10615e-14 0)
(1.5 -4.65293e-15 0)
(1.5 2.95121e-14 0)
(1.5 5.64449e-14 0)
(1.5 8.16746e-14 0)
(1.5 2.35131e-14 0)
(1.5 3.98338e-15 0)
(1.5 -6.62328e-15 0)
(1.5 -4.32936e-14 0)
(1.5 4.98594e-15 0)
(1.5 5.82941e-14 0)
(1.5 1.25955e-13 0)
(1.5 1.14111e-13 0)
(1.5 3.9512e-14 0)
(1.5 1.99165e-14 0)
(1.5 1.74172e-14 0)
(1.5 1.37776e-15 0)
(1.5 3.66608e-14 0)
(1.5 -3.21046e-14 0)
(1.5 -5.38867e-14 0)
(1.5 -9.5866e-15 0)
(1.5 -2.30171e-14 0)
(1.5 1.02761e-14 0)
(1.5 1.92508e-14 0)
(1.5 6.10699e-16 0)
(1.5 2.41646e-14 0)
(1.5 3.24638e-14 0)
(1.5 -1.48617e-14 0)
(1.5 -3.06955e-14 0)
(1.5 -4.50087e-14 0)
(1.5 -6.51958e-15 0)
(1.5 9.34515e-15 0)
(1.5 -2.53429e-14 0)
(1.5 5.37645e-14 0)
(1.5 -5.22261e-15 0)
(1.5 -5.57244e-14 0)
(1.5 1.69377e-14 0)
(1.5 2.92722e-14 0)
(1.5 7.0222e-14 0)
(1.5 3.37578e-14 0)
(1.5 2.82327e-14 0)
(1.5 -5.60785e-14 0)
(1.5 -7.54207e-14 0)
(1.5 -1.11819e-13 0)
(1.5 -1.10072e-13 0)
(1.5 -1.21743e-13 0)
(1.5 -1.35098e-13 0)
(1.5 -1.18923e-13 0)
(1.5 -1.23003e-13 0)
(1.5 -6.26714e-14 0)
(1.5 -7.72679e-14 0)
(1.5 -1.11642e-13 0)
(1.5 -7.98173e-14 0)
(1.5 -9.20761e-14 0)
(1.5 -3.18881e-14 0)
(1.5 -6.44984e-14 0)
(1.5 -5.85799e-14 0)
(1.5 -1.16151e-13 0)
(1.5 -1.32404e-13 0)
(1.5 -1.51075e-13 0)
(1.5 -1.51365e-13 0)
(1.5 -1.38928e-13 0)
(1.5 -9.54225e-14 0)
(1.5 -1.04015e-13 0)
(1.5 -1.00471e-13 0)
(1.5 -2.51573e-14 0)
(1.5 8.11583e-15 0)
(1.5 -1.18288e-14 0)
(1.5 3.57893e-14 0)
(1.5 3.90904e-14 0)
(1.5 3.51076e-14 0)
(1.5 1.20138e-13 0)
(1.5 1.73573e-13 0)
(1.5 2.34951e-13 0)
(1.5 2.09648e-13 0)
(1.5 2.05441e-13 0)
(1.5 1.79588e-13 0)
(1.5 1.99601e-13 0)
(1.5 1.52429e-13 0)
(1.5 1.28286e-13 0)
(1.5 2.18257e-13 0)
(1.5 1.91043e-13 0)
(1.5 5.69217e-14 0)
(1.5 -2.32892e-14 0)
(1.5 -1.08879e-13 0)
(1.5 -7.59789e-14 0)
(1.5 -4.19745e-14 0)
(1.5 1.11913e-15 0)
(1.5 6.94096e-14 0)
(1.5 1.17052e-13 0)
(1.5 2.15142e-13 0)
(1.5 2.42041e-13 0)
(1.5 2.19407e-13 0)
(1.5 1.75415e-13 0)
(1.5 1.27312e-13 0)
(1.5 1.62122e-13 0)
(1.5 1.4731e-13 0)
(1.5 8.59543e-14 0)
(1.5 5.20444e-14 0)
(1.5 -1.05419e-14 0)
(1.5 -1.07471e-14 0)
(1.5 6.17323e-15 0)
(1.5 5.78296e-15 0)
(1.5 3.4393e-14 0)
(1.5 6.91534e-14 0)
(1.5 5.67819e-14 0)
(1.5 9.09926e-15 0)
(1.5 1.07984e-14 0)
(1.5 1.02094e-13 0)
(1.5 2.04422e-13 0)
(1.5 2.73833e-13 0)
(1.5 2.62228e-13 0)
(1.5 2.06652e-13 0)
(1.5 1.18699e-13 0)
(1.5 1.91782e-14 0)
(1.5 2.03589e-14 0)
(1.5 6.05206e-14 0)
(1.5 5.85179e-14 0)
(1.5 7.28039e-14 0)
(1.5 9.19746e-14 0)
(1.5 9.50372e-14 0)
(1.5 7.52063e-14 0)
(1.5 5.06909e-14 0)
(1.5 -1.24221e-14 0)
(1.5 -1.08824e-13 0)
(1.5 -2.14904e-13 0)
(1.5 -2.26742e-13 0)
(1.5 -2.50958e-13 0)
(1.5 -2.06855e-13 0)
(1.5 -2.11846e-13 0)
(1.5 -2.18743e-13 0)
(1.5 -1.97016e-13 0)
(1.5 -1.26317e-13 0)
(1.5 -5.57407e-14 0)
(1.5 -3.34393e-14 0)
(1.5 -1.2402e-13 0)
(1.5 -1.57472e-13 0)
(1.5 -1.80409e-13 0)
(1.5 -1.21916e-13 0)
(1.5 -5.36797e-14 0)
(1.5 9.0627e-14 0)
(1.5 2.32328e-14 0)
(1.5 -5.29541e-14 0)
(1.5 -6.33174e-14 0)
(1.5 -5.91891e-14 0)
(1.5 1.33948e-13 0)
(1.5 1.55298e-13 0)
(1.5 1.204e-13 0)
(1.5 1.67846e-13 0)
(1.5 2.01719e-13 0)
(1.5 1.90215e-13 0)
(1.5 2.11461e-13 0)
(1.5 2.282e-13 0)
(1.5 2.41649e-13 0)
(1.5 2.70747e-13 0)
(1.5 2.61148e-13 0)
(1.5 2.20551e-13 0)
(1.5 2.20672e-13 0)
(1.5 3.02201e-13 0)
(1.5 3.83844e-13 0)
(1.5 3.54471e-13 0)
(1.5 2.19574e-13 0)
(1.5 2.0676e-13 0)
(1.5 2.58656e-13 0)
(1.5 1.57793e-13 0)
(1.5 3.57223e-14 0)
(1.5 -8.6265e-14 0)
(1.5 -9.46275e-14 0)
(1.5 1.56734e-14 0)
(1.5 8.24631e-14 0)
(1.5 8.78448e-15 0)
(1.5 -6.00366e-14 0)
(1.5 -3.92798e-14 0)
(1.5 -3.23241e-14 0)
(1.5 -2.53544e-15 0)
(1.5 -2.2908e-14 0)
(1.5 -6.61478e-14 0)
(1.5 -1.59635e-13 0)
(1.5 -2.13996e-13 0)
(1.5 -1.76833e-13 0)
(1.5 -5.5169e-14 0)
(1.5 1.83308e-15 0)
(1.5 8.73341e-14 0)
(1.5 1.60988e-13 0)
(1.5 1.78885e-13 0)
(1.5 2.01501e-13 0)
(1.5 1.6751e-13 0)
(1.5 1.53561e-13 0)
(1.5 1.96929e-13 0)
(1.5 2.54337e-13 0)
(1.5 3.07099e-13 0)
(1.5 2.63821e-13 0)
(1.5 2.2199e-13 0)
(1.5 6.09031e-14 0)
(1.5 1.1332e-13 0)
(1.5 1.60937e-13 0)
(1.5 1.7505e-13 0)
(1.5 1.91458e-13 0)
(1.5 1.0374e-13 0)
(1.5 9.26747e-15 0)
(1.5 5.90669e-15 0)
(1.5 1.24851e-13 0)
(1.5 1.29175e-13 0)
(1.5 1.6387e-13 0)
(1.5 1.63141e-13 0)
(1.5 7.53251e-14 0)
(1.5 6.02262e-14 0)
(1.5 3.88432e-14 0)
(1.5 -3.45825e-14 0)
(1.5 1.17021e-14 0)
(1.5 4.07162e-14 0)
(1.5 7.55704e-14 0)
(1.5 7.16831e-14 0)
(1.5 6.10565e-14 0)
(1.5 1.11976e-13 0)
(1.5 8.84299e-14 0)
(1.5 1.18731e-13 0)
(1.5 7.20951e-14 0)
(1.5 -3.62486e-15 0)
(1.5 6.50564e-15 0)
(1.5 3.2484e-14 0)
(1.5 2.77389e-14 0)
(1.5 8.6466e-14 0)
(1.5 4.94449e-14 0)
(1.5 2.89125e-14 0)
(1.5 3.39818e-14 0)
(1.5 4.08246e-15 0)
(1.5 -2.90141e-14 0)
(1.5 -8.36253e-14 0)
(1.5 -3.10009e-14 0)
(1.5 2.37748e-14 0)
(1.5 8.64209e-15 0)
(1.5 2.14567e-14 0)
(1.5 6.52737e-14 0)
(1.5 2.52208e-14 0)
(1.5 -4.07896e-14 0)
(1.5 4.86647e-15 0)
(1.5 7.98923e-15 0)
(1.5 -6.62909e-15 0)
(1.5 -5.72029e-14 0)
(1.5 -1.1708e-13 0)
(1.5 -1.6485e-13 0)
(1.5 -1.08562e-13 0)
(1.5 -7.55121e-14 0)
(1.5 -1.15525e-13 0)
(1.5 -1.63201e-13 0)
(1.5 -1.31136e-13 0)
(1.5 -1.0485e-13 0)
(1.5 -1.35162e-13 0)
(1.5 -1.14569e-13 0)
(1.5 -1.00903e-13 0)
(1.5 -4.8779e-14 0)
(1.5 -6.94773e-14 0)
(1.5 -9.01536e-14 0)
(1.5 -1.10831e-13 0)
(1.5 -1.00087e-13 0)
(1.5 -7.64438e-14 0)
(1.5 -7.52221e-14 0)
(1.5 -1.30919e-13 0)
(1.5 -1.50172e-13 0)
(1.5 -1.76397e-13 0)
(1.5 -1.24065e-13 0)
(1.5 -3.9383e-14 0)
(1.5 -2.71595e-14 0)
(1.5 -9.86045e-15 0)
(1.5 -2.5198e-15 0)
(1.5 7.44484e-15 0)
(1.5 4.8119e-14 0)
(1.5 2.42781e-14 0)
(1.5 2.38831e-14 0)
(1.5 1.50644e-14 0)
(1.5 1.13864e-13 0)
(1.5 1.701e-13 0)
(1.5 2.38351e-13 0)
(1.5 2.03849e-13 0)
(1.5 1.40312e-13 0)
(1.5 1.53372e-13 0)
(1.5 1.75673e-13 0)
(1.5 2.14232e-13 0)
(1.5 2.14228e-13 0)
(1.5 2.22046e-13 0)
(1.5 1.85823e-13 0)
(1.5 7.00333e-14 0)
(1.5 8.39927e-15 0)
(1.5 -1.23802e-14 0)
(1.5 -1.32585e-14 0)
(1.5 -5.90505e-14 0)
(1.5 -5.28758e-14 0)
(1.5 3.63059e-16 0)
(1.5 7.41988e-14 0)
(1.5 2.03278e-13 0)
(1.5 2.45451e-13 0)
(1.5 2.14789e-13 0)
(1.5 2.43132e-13 0)
(1.5 2.59408e-13 0)
(1.5 2.70858e-13 0)
(1.5 2.27903e-13 0)
(1.5 8.97166e-14 0)
(1.5 5.72334e-15 0)
(1.5 -2.81138e-14 0)
(1.5 -2.34049e-14 0)
(1.5 -4.68844e-15 0)
(1.5 7.03161e-14 0)
(1.5 1.05915e-13 0)
(1.5 6.56725e-14 0)
(1.5 4.08098e-14 0)
(1.5 2.53798e-14 0)
(1.5 2.58165e-14 0)
(1.5 4.78897e-14 0)
(1.5 6.42859e-14 0)
(1.5 8.09755e-14 0)
(1.5 9.97069e-14 0)
(1.5 8.14423e-14 0)
(1.5 -3.38802e-14 0)
(1.5 -9.0534e-14 0)
(1.5 1.49167e-14 0)
(1.5 4.20159e-15 0)
(1.5 -9.18115e-15 0)
(1.5 -1.74138e-14 0)
(1.5 1.6328e-14 0)
(1.5 4.68876e-15 0)
(1.5 -9.78855e-15 0)
(1.5 -5.58512e-14 0)
(1.5 -2.74962e-14 0)
(1.5 -1.25375e-13 0)
(1.5 -2.99816e-13 0)
(1.5 -2.43628e-13 0)
(1.5 -2.28846e-13 0)
(1.5 -1.40753e-13 0)
(1.5 -1.601e-13 0)
(1.5 -2.25021e-13 0)
(1.5 -3.05455e-13 0)
(1.5 -3.21026e-13 0)
(1.5 -2.00955e-13 0)
(1.5 -2.23841e-13 0)
(1.5 -3.18615e-13 0)
(1.5 -3.5868e-13 0)
(1.5 -2.7013e-13 0)
(1.5 -1.41733e-13 0)
(1.5 -1.02984e-14 0)
(1.5 1.29569e-13 0)
(1.5 1.30504e-13 0)
(1.5 -2.43629e-14 0)
(1.5 -2.31778e-14 0)
(1.5 -4.7598e-14 0)
(1.5 5.14508e-14 0)
(1.5 1.48486e-13 0)
(1.5 2.12444e-13 0)
(1.5 3.20452e-13 0)
(1.5 3.67042e-13 0)
(1.5 5.28786e-13 0)
(1.5 5.18541e-13 0)
(1.5 5.11598e-13 0)
(1.5 4.68663e-13 0)
(1.5 3.82087e-13 0)
(1.5 2.97207e-13 0)
(1.5 2.37752e-13 0)
(1.5 1.90176e-13 0)
(1.5 1.47711e-13 0)
(1.5 9.4758e-14 0)
(1.5 1.90556e-13 0)
(1.5 2.09506e-13 0)
(1.5 1.81368e-13 0)
(1.5 2.07615e-13 0)
(1.5 2.11814e-13 0)
(1.5 1.37302e-13 0)
(1.5 2.93219e-14 0)
(1.5 -5.37127e-14 0)
(1.5 -1.86782e-14 0)
(1.5 2.83217e-14 0)
(1.5 -4.69334e-14 0)
(1.5 -1.65983e-13 0)
(1.5 -1.37388e-13 0)
(1.5 -1.41944e-13 0)
(1.5 -8.48954e-14 0)
(1.5 -2.23602e-13 0)
(1.5 -3.13045e-13 0)
(1.5 -3.87905e-13 0)
(1.5 -3.26943e-13 0)
(1.5 -2.25563e-13 0)
(1.5 -1.12913e-13 0)
(1.5 2.62557e-14 0)
(1.5 7.54094e-14 0)
(1.5 1.62566e-13 0)
(1.5 2.61248e-13 0)
(1.5 2.07474e-13 0)
(1.5 1.27768e-13 0)
(1.5 1.29273e-13 0)
(1.5 1.66745e-13 0)
(1.5 2.02231e-13 0)
(1.5 2.07341e-13 0)
(1.5 1.58524e-13 0)
(1.5 8.69662e-14 0)
(1.5 -5.24586e-15 0)
(1.5 1.03077e-13 0)
(1.5 2.19485e-13 0)
(1.5 1.79047e-13 0)
(1.5 1.80335e-13 0)
(1.5 1.88897e-13 0)
(1.5 2.12077e-13 0)
(1.5 2.61399e-13 0)
(1.5 2.46138e-13 0)
(1.5 2.03552e-13 0)
(1.5 2.00562e-13 0)
(1.5 1.56083e-13 0)
(1.5 1.17464e-13 0)
(1.5 3.28982e-14 0)
(1.5 1.03649e-14 0)
(1.5 3.13027e-14 0)
(1.5 6.00758e-15 0)
(1.5 1.13659e-14 0)
(1.5 6.02989e-14 0)
(1.5 6.23634e-14 0)
(1.5 7.64475e-14 0)
(1.5 1.32886e-13 0)
(1.5 1.55753e-13 0)
(1.5 1.51686e-13 0)
(1.5 7.30487e-14 0)
(1.5 3.64697e-14 0)
(1.5 8.22263e-14 0)
(1.5 7.58243e-14 0)
(1.5 7.0066e-14 0)
(1.5 7.80421e-14 0)
(1.5 1.03703e-13 0)
(1.5 1.07351e-13 0)
(1.5 3.9398e-14 0)
(1.5 -2.47918e-14 0)
(1.5 -5.07714e-14 0)
(1.5 -2.59744e-14 0)
(1.5 6.76361e-16 0)
(1.5 5.36092e-14 0)
(1.5 3.2549e-14 0)
(1.5 3.57703e-14 0)
(1.5 -1.43508e-14 0)
(1.5 1.88821e-14 0)
(1.5 -9.78719e-15 0)
(1.5 -2.89212e-14 0)
(1.5 -3.59779e-14 0)
(1.5 -1.08159e-13 0)
(1.5 -1.4617e-13 0)
(1.5 -2.08395e-13 0)
(1.5 -1.80379e-13 0)
(1.5 -7.85388e-14 0)
(1.5 -3.80026e-14 0)
(1.5 -2.86903e-14 0)
(1.5 -2.75361e-14 0)
(1.5 -6.74023e-14 0)
(1.5 -9.86741e-14 0)
(1.5 -1.16945e-13 0)
(1.5 -1.28421e-13 0)
(1.5 -1.42271e-13 0)
(1.5 -9.52674e-14 0)
(1.5 -7.11192e-14 0)
(1.5 -1.06862e-13 0)
(1.5 -1.78681e-13 0)
(1.5 -9.58146e-14 0)
(1.5 -4.89548e-14 0)
(1.5 -6.31382e-14 0)
(1.5 -7.95368e-14 0)
(1.5 -1.07157e-13 0)
(1.5 -1.57412e-13 0)
(1.5 -6.71304e-14 0)
(1.5 2.0895e-14 0)
(1.5 3.19059e-14 0)
(1.5 -4.12186e-14 0)
(1.5 -7.28934e-14 0)
(1.5 -4.27973e-14 0)
(1.5 4.66267e-15 0)
(1.5 1.02275e-15 0)
(1.5 -4.73225e-14 0)
(1.5 3.4053e-14 0)
(1.5 5.26642e-14 0)
(1.5 8.21083e-14 0)
(1.5 1.36006e-13 0)
(1.5 1.82582e-13 0)
(1.5 2.06755e-13 0)
(1.5 2.33692e-13 0)
(1.5 1.94897e-13 0)
(1.5 1.80828e-13 0)
(1.5 1.46272e-13 0)
(1.5 1.54078e-13 0)
(1.5 1.86807e-13 0)
(1.5 1.30212e-13 0)
(1.5 1.49955e-13 0)
(1.5 1.61133e-13 0)
(1.5 1.54938e-13 0)
(1.5 8.08282e-14 0)
(1.5 3.2708e-14 0)
(1.5 3.86211e-14 0)
(1.5 7.57277e-14 0)
(1.5 1.61722e-13 0)
(1.5 1.74876e-13 0)
(1.5 1.61804e-13 0)
(1.5 1.72306e-13 0)
(1.5 2.43632e-13 0)
(1.5 2.47133e-13 0)
(1.5 1.97556e-13 0)
(1.5 9.36954e-14 0)
(1.5 5.58099e-14 0)
(1.5 2.93266e-14 0)
(1.5 1.095e-13 0)
(1.5 1.21294e-13 0)
(1.5 1.16597e-13 0)
(1.5 6.58059e-14 0)
(1.5 -9.65063e-15 0)
(1.5 -4.79067e-15 0)
(1.5 7.89691e-14 0)
(1.5 1.58011e-13 0)
(1.5 1.51423e-13 0)
(1.5 3.6552e-14 0)
(1.5 -4.05789e-14 0)
(1.5 -8.03739e-14 0)
(1.5 -9.08375e-14 0)
(1.5 -9.90453e-14 0)
(1.5 -9.86084e-15 0)
(1.5 1.23737e-13 0)
(1.5 2.87283e-14 0)
(1.5 -4.38174e-14 0)
(1.5 -7.81384e-14 0)
(1.5 -4.01764e-14 0)
(1.5 -4.67045e-14 0)
(1.5 -9.85194e-14 0)
(1.5 -1.51698e-13 0)
(1.5 -1.25096e-13 0)
(1.5 -2.09431e-13 0)
(1.5 -2.87874e-13 0)
(1.5 -2.16588e-13 0)
(1.5 -1.35686e-13 0)
(1.5 -6.88242e-14 0)
(1.5 -5.48644e-15 0)
(1.5 -1.25308e-13 0)
(1.5 -2.42701e-13 0)
(1.5 -3.24752e-13 0)
(1.5 -2.35012e-13 0)
(1.5 -1.67668e-13 0)
(1.5 -3.4278e-13 0)
(1.5 -3.8841e-13 0)
(1.5 -3.06218e-13 0)
(1.5 -2.92924e-13 0)
(1.5 -1.78219e-13 0)
(1.5 -3.31388e-14 0)
(1.5 8.47932e-14 0)
(1.5 3.66702e-14 0)
(1.5 3.27678e-15 0)
(1.5 -3.86744e-15 0)
(1.5 2.40862e-14 0)
(1.5 1.40192e-13 0)
(1.5 2.99859e-13 0)
(1.5 2.9865e-13 0)
(1.5 3.9168e-13 0)
(1.5 6.1596e-13 0)
(1.5 6.4041e-13 0)
(1.5 5.58936e-13 0)
(1.5 4.18681e-13 0)
(1.5 3.0116e-13 0)
(1.5 2.63016e-13 0)
(1.5 1.68541e-13 0)
(1.5 4.84932e-14 0)
(1.5 -1.00366e-13 0)
(1.5 -8.969e-14 0)
(1.5 4.73431e-14 0)
(1.5 1.21279e-13 0)
(1.5 1.57918e-13 0)
(1.5 1.99633e-13 0)
(1.5 2.77173e-13 0)
(1.5 2.34571e-13 0)
(1.5 2.07387e-13 0)
(1.5 1.10061e-13 0)
(1.5 3.47635e-14 0)
(1.5 1.11395e-13 0)
(1.5 5.76682e-14 0)
(1.5 -2.40739e-14 0)
(1.5 -3.98738e-14 0)
(1.5 -6.92895e-14 0)
(1.5 -6.29697e-14 0)
(1.5 -2.52541e-13 0)
(1.5 -3.51886e-13 0)
(1.5 -3.71807e-13 0)
(1.5 -3.16328e-13 0)
(1.5 -1.53123e-13 0)
(1.5 2.73894e-14 0)
(1.5 2.41534e-13 0)
(1.5 3.33477e-13 0)
(1.5 2.37054e-13 0)
(1.5 2.22151e-13 0)
(1.5 9.43664e-14 0)
(1.5 2.32339e-14 0)
(1.5 1.7867e-14 0)
(1.5 3.24585e-14 0)
(1.5 6.91433e-14 0)
(1.5 7.68539e-14 0)
(1.5 7.27267e-14 0)
(1.5 -8.64398e-15 0)
(1.5 -2.13378e-14 0)
(1.5 6.56783e-14 0)
(1.5 1.65665e-13 0)
(1.5 1.24027e-13 0)
(1.5 6.23379e-14 0)
(1.5 1.22346e-13 0)
(1.5 2.22211e-13 0)
(1.5 2.47301e-13 0)
(1.5 1.2276e-13 0)
(1.5 5.50264e-14 0)
(1.5 -5.42354e-15 0)
(1.5 -6.01805e-14 0)
(1.5 -4.64248e-14 0)
(1.5 -2.08615e-14 0)
(1.5 -1.99493e-14 0)
(1.5 1.03159e-15 0)
(1.5 -5.07161e-14 0)
(1.5 7.01115e-16 0)
(1.5 3.18528e-14 0)
(1.5 2.79516e-14 0)
(1.5 3.12254e-14 0)
(1.5 -3.41807e-15 0)
(1.5 4.71384e-14 0)
(1.5 -1.86793e-14 0)
(1.5 -3.70994e-14 0)
(1.5 -7.8001e-16 0)
(1.5 -5.07753e-15 0)
(1.5 -2.43208e-14 0)
(1.5 -2.18044e-14 0)
(1.5 -1.99453e-14 0)
(1.5 5.17314e-14 0)
(1.5 3.95983e-14 0)
(1.5 -2.97248e-14 0)
(1.5 2.55145e-14 0)
(1.5 -8.28874e-15 0)
(1.5 4.83642e-15 0)
(1.5 2.82988e-14 0)
(1.5 5.73696e-14 0)
(1.5 4.62615e-14 0)
(1.5 2.84299e-14 0)
(1.5 -2.57344e-14 0)
(1.5 -1.25521e-14 0)
(1.5 -7.53287e-14 0)
(1.5 -1.03649e-13 0)
(1.5 -1.22181e-13 0)
(1.5 -1.59722e-13 0)
(1.5 -1.64969e-13 0)
(1.5 -1.77934e-13 0)
(1.5 -1.36422e-13 0)
(1.5 -9.81361e-14 0)
(1.5 -1.6029e-14 0)
(1.5 -2.2757e-14 0)
(1.5 -1.96906e-14 0)
(1.5 -3.74099e-14 0)
(1.5 -1.11761e-13 0)
(1.5 -1.26644e-13 0)
(1.5 -1.4771e-13 0)
(1.5 -1.77897e-13 0)
(1.5 -1.82407e-13 0)
(1.5 -1.41729e-13 0)
(1.5 -1.29189e-13 0)
(1.5 -1.67605e-13 0)
(1.5 -1.02016e-13 0)
(1.5 -3.48173e-14 0)
(1.5 -7.94399e-14 0)
(1.5 -1.34492e-13 0)
(1.5 -1.05692e-13 0)
(1.5 -1.31032e-13 0)
(1.5 -4.00558e-14 0)
(1.5 1.1082e-14 0)
(1.5 -3.39919e-14 0)
(1.5 -7.95828e-14 0)
(1.5 -6.02348e-14 0)
(1.5 -5.50462e-16 0)
(1.5 -1.66416e-14 0)
(1.5 -4.7309e-14 0)
(1.5 -8.56851e-14 0)
(1.5 2.32248e-14 0)
(1.5 -1.43814e-14 0)
(1.5 9.13024e-15 0)
(1.5 2.3129e-14 0)
(1.5 1.56611e-13 0)
(1.5 2.80594e-13 0)
(1.5 2.17796e-13 0)
(1.5 1.66753e-13 0)
(1.5 1.16993e-13 0)
(1.5 4.39204e-14 0)
(1.5 1.16929e-13 0)
(1.5 1.32267e-13 0)
(1.5 1.28547e-13 0)
(1.5 1.47233e-13 0)
(1.5 1.76126e-13 0)
(1.5 1.80701e-13 0)
(1.5 1.81431e-13 0)
(1.5 9.87623e-14 0)
(1.5 1.2518e-13 0)
(1.5 1.05938e-13 0)
(1.5 8.18775e-14 0)
(1.5 7.25157e-14 0)
(1.5 8.24353e-14 0)
(1.5 1.08361e-13 0)
(1.5 1.41443e-13 0)
(1.5 1.39462e-13 0)
(1.5 3.66142e-14 0)
(1.5 -2.8034e-14 0)
(1.5 -6.03366e-15 0)
(1.5 2.77846e-14 0)
(1.5 1.13624e-13 0)
(1.5 1.53968e-13 0)
(1.5 1.25294e-13 0)
(1.5 7.53975e-14 0)
(1.5 5.39078e-14 0)
(1.5 1.93651e-14 0)
(1.5 8.78223e-14 0)
(1.5 1.59578e-13 0)
(1.5 1.53448e-13 0)
(1.5 7.37751e-14 0)
(1.5 -2.1191e-14 0)
(1.5 1.52118e-15 0)
(1.5 -1.61259e-14 0)
(1.5 -2.33194e-15 0)
(1.5 7.27434e-14 0)
(1.5 2.43712e-14 0)
(1.5 -3.29676e-14 0)
(1.5 -2.24433e-14 0)
(1.5 -2.13423e-14 0)
(1.5 -2.07682e-14 0)
(1.5 -4.61205e-14 0)
(1.5 -1.22047e-13 0)
(1.5 -2.13136e-13 0)
(1.5 -2.23919e-13 0)
(1.5 -2.56933e-13 0)
(1.5 -2.60951e-13 0)
(1.5 -2.54512e-13 0)
(1.5 -1.12968e-13 0)
(1.5 9.64309e-15 0)
(1.5 3.33857e-14 0)
(1.5 -2.32443e-13 0)
(1.5 -3.41915e-13 0)
(1.5 -2.90093e-13 0)
(1.5 -2.34459e-13 0)
(1.5 -1.40819e-13 0)
(1.5 -3.58427e-13 0)
(1.5 -3.96854e-13 0)
(1.5 -3.61113e-13 0)
(1.5 -4.03135e-13 0)
(1.5 -3.87408e-13 0)
(1.5 -3.08313e-13 0)
(1.5 -2.07826e-13 0)
(1.5 -7.97799e-14 0)
(1.5 -4.41827e-14 0)
(1.5 3.99478e-14 0)
(1.5 -2.36026e-14 0)
(1.5 -2.14601e-14 0)
(1.5 1.24605e-13 0)
(1.5 1.68291e-13 0)
(1.5 2.70581e-13 0)
(1.5 3.59289e-13 0)
(1.5 3.52843e-13 0)
(1.5 2.66328e-13 0)
(1.5 1.26868e-13 0)
(1.5 6.73175e-14 0)
(1.5 1.43541e-14 0)
(1.5 -6.84779e-14 0)
(1.5 -1.46737e-13 0)
(1.5 -2.50137e-13 0)
(1.5 -1.71389e-13 0)
(1.5 -1.42384e-13 0)
(1.5 -1.24687e-13 0)
(1.5 -5.10143e-14 0)
(1.5 5.9343e-15 0)
(1.5 7.18226e-14 0)
(1.5 1.44519e-13 0)
(1.5 2.08591e-13 0)
(1.5 1.69125e-13 0)
(1.5 1.19733e-13 0)
(1.5 1.52783e-13 0)
(1.5 4.35945e-14 0)
(1.5 6.98923e-15 0)
(1.5 -3.3647e-14 0)
(1.5 -4.7692e-14 0)
(1.5 -8.04909e-14 0)
(1.5 -3.01546e-13 0)
(1.5 -4.11485e-13 0)
(1.5 -4.08767e-13 0)
(1.5 -2.95408e-13 0)
(1.5 -1.11736e-13 0)
(1.5 1.94774e-13 0)
(1.5 3.22953e-13 0)
(1.5 4.002e-13 0)
(1.5 3.14742e-13 0)
(1.5 1.58955e-13 0)
(1.5 7.04598e-14 0)
(1.5 -1.12333e-14 0)
(1.5 -8.20085e-14 0)
(1.5 -9.01143e-14 0)
(1.5 -8.90577e-14 0)
(1.5 -1.22307e-13 0)
(1.5 -1.84178e-13 0)
(1.5 -2.32719e-13 0)
(1.5 -1.66737e-14 0)
(1.5 2.77214e-14 0)
(1.5 2.05714e-14 0)
(1.5 5.13488e-14 0)
(1.5 3.00737e-15 0)
(1.5 8.49685e-14 0)
(1.5 2.06671e-13 0)
(1.5 2.25845e-13 0)
(1.5 1.7531e-13 0)
(1.5 1.03114e-13 0)
(1.5 -2.32546e-14 0)
(1.5 -5.2758e-14 0)
(1.5 -6.17707e-14 0)
(1.5 -3.62321e-14 0)
(1.5 7.33311e-15 0)
(1.5 -2.6525e-14 0)
(1.5 -2.05304e-14 0)
(1.5 2.31327e-14 0)
(1.5 5.64699e-14 0)
(1.5 6.22312e-14 0)
(1.5 1.63173e-15 0)
(1.5 -4.31171e-14 0)
(1.5 -3.86866e-14 0)
(1.5 -9.63378e-14 0)
(1.5 -7.5711e-14 0)
(1.5 -6.45351e-14 0)
(1.5 -6.73324e-14 0)
(1.5 -6.64581e-14 0)
(1.5 -4.30414e-14 0)
(1.5 -2.43818e-14 0)
(1.5 -3.86195e-14 0)
(1.5 -4.34088e-14 0)
(1.5 -7.52231e-14 0)
(1.5 -5.49779e-14 0)
(1.5 -5.92317e-14 0)
(1.5 -8.50047e-14 0)
(1.5 -4.52062e-14 0)
(1.5 -5.25354e-14 0)
(1.5 -5.02914e-14 0)
(1.5 3.5295e-15 0)
(1.5 -1.74484e-14 0)
(1.5 -8.55359e-14 0)
(1.5 -1.40276e-13 0)
(1.5 -1.69627e-13 0)
(1.5 -1.96907e-13 0)
(1.5 -1.86363e-13 0)
(1.5 -1.21329e-13 0)
(1.5 -1.13827e-13 0)
(1.5 -7.70853e-14 0)
(1.5 -1.42769e-13 0)
(1.5 -1.12854e-13 0)
(1.5 -8.90737e-14 0)
(1.5 -8.47978e-14 0)
(1.5 -5.86205e-14 0)
(1.5 -7.6353e-14 0)
(1.5 -1.23406e-13 0)
(1.5 -1.78127e-13 0)
(1.5 -1.84347e-13 0)
(1.5 -2.028e-13 0)
(1.5 -1.95912e-13 0)
(1.5 -1.40678e-13 0)
(1.5 -8.72176e-14 0)
(1.5 -9.44712e-14 0)
(1.5 -1.12117e-13 0)
(1.5 -1.18864e-13 0)
(1.5 -1.58073e-13 0)
(1.5 -2.01812e-13 0)
(1.5 -1.83348e-13 0)
(1.5 -1.13751e-13 0)
(1.5 -9.96427e-14 0)
(1.5 -1.04306e-13 0)
(1.5 -7.94653e-14 0)
(1.5 2.37274e-14 0)
(1.5 9.51982e-14 0)
(1.5 3.76384e-14 0)
(1.5 -1.05859e-14 0)
(1.5 2.56254e-14 0)
(1.5 3.53489e-14 0)
(1.5 2.13601e-14 0)
(1.5 1.69131e-15 0)
(1.5 -5.46453e-14 0)
(1.5 3.778e-14 0)
(1.5 1.21291e-13 0)
(1.5 6.99912e-14 0)
(1.5 5.77368e-14 0)
(1.5 1.15225e-14 0)
(1.5 -9.89e-15 0)
(1.5 1.17823e-14 0)
(1.5 1.73847e-14 0)
(1.5 6.09405e-14 0)
(1.5 1.0843e-13 0)
(1.5 1.32648e-13 0)
(1.5 1.28554e-13 0)
(1.5 1.66351e-13 0)
(1.5 1.148e-13 0)
(1.5 8.59996e-14 0)
(1.5 2.6033e-14 0)
(1.5 3.47452e-14 0)
(1.5 2.45495e-14 0)
(1.5 3.40134e-14 0)
(1.5 4.84976e-14 0)
(1.5 3.77568e-14 0)
(1.5 6.73678e-14 0)
(1.5 -2.62097e-14 0)
(1.5 -4.57337e-14 0)
(1.5 4.61522e-15 0)
(1.5 2.04269e-14 0)
(1.5 4.76289e-14 0)
(1.5 9.23171e-14 0)
(1.5 1.21302e-13 0)
(1.5 1.60192e-13 0)
(1.5 1.54198e-13 0)
(1.5 1.09501e-13 0)
(1.5 9.56669e-14 0)
(1.5 8.91569e-14 0)
(1.5 6.13923e-14 0)
(1.5 4.44356e-14 0)
(1.5 2.09355e-14 0)
(1.5 9.62825e-14 0)
(1.5 1.08387e-13 0)
(1.5 1.07517e-13 0)
(1.5 6.89331e-14 0)
(1.5 -7.42535e-14 0)
(1.5 -7.41897e-14 0)
(1.5 -2.05527e-14 0)
(1.5 -8.09342e-15 0)
(1.5 -8.59713e-14 0)
(1.5 -1.17263e-13 0)
(1.5 -1.26371e-13 0)
(1.5 -1.60872e-13 0)
(1.5 -2.52173e-13 0)
(1.5 -2.4203e-13 0)
(1.5 -2.1247e-13 0)
(1.5 -2.05657e-13 0)
(1.5 -7.11692e-14 0)
(1.5 7.55381e-14 0)
(1.5 1.66159e-14 0)
(1.5 -2.53342e-13 0)
(1.5 -3.59239e-13 0)
(1.5 -2.96061e-13 0)
(1.5 -2.04368e-13 0)
(1.5 -2.08621e-13 0)
(1.5 -4.44821e-13 0)
(1.5 -4.74805e-13 0)
(1.5 -4.54884e-13 0)
(1.5 -3.89411e-13 0)
(1.5 -3.5887e-13 0)
(1.5 -3.39426e-13 0)
(1.5 -2.79069e-13 0)
(1.5 -1.14837e-13 0)
(1.5 2.20592e-14 0)
(1.5 5.63485e-14 0)
(1.5 -1.4825e-13 0)
(1.5 -2.14034e-13 0)
(1.5 -2.02983e-13 0)
(1.5 -1.30793e-13 0)
(1.5 -6.12967e-14 0)
(1.5 -4.55917e-14 0)
(1.5 -2.38083e-14 0)
(1.5 5.21078e-15 0)
(1.5 -3.0739e-14 0)
(1.5 -3.48695e-14 0)
(1.5 -1.97905e-13 0)
(1.5 -2.5131e-13 0)
(1.5 -2.37062e-13 0)
(1.5 -2.43604e-13 0)
(1.5 -2.8785e-13 0)
(1.5 -3.90014e-13 0)
(1.5 -3.64355e-13 0)
(1.5 -3.23898e-13 0)
(1.5 -2.57816e-13 0)
(1.5 -1.22228e-13 0)
(1.5 -7.60584e-16 0)
(1.5 1.34298e-13 0)
(1.5 1.79219e-13 0)
(1.5 1.17906e-13 0)
(1.5 7.47983e-14 0)
(1.5 -1.02255e-14 0)
(1.5 -1.33159e-14 0)
(1.5 -9.29675e-15 0)
(1.5 6.80766e-14 0)
(1.5 4.58813e-14 0)
(1.5 -2.33874e-13 0)
(1.5 -3.85932e-13 0)
(1.5 -3.77909e-13 0)
(1.5 -1.6629e-13 0)
(1.5 -2.11913e-14 0)
(1.5 2.49924e-13 0)
(1.5 2.74324e-13 0)
(1.5 2.35192e-13 0)
(1.5 2.33934e-13 0)
(1.5 1.14146e-13 0)
(1.5 7.48402e-14 0)
(1.5 -3.54032e-15 0)
(1.5 -8.25108e-14 0)
(1.5 -1.09645e-13 0)
(1.5 -1.91844e-13 0)
(1.5 -2.89998e-13 0)
(1.5 -4.41237e-13 0)
(1.5 -5.04668e-13 0)
(1.5 4.31084e-14 0)
(1.5 3.136e-14 0)
(1.5 -1.307e-14 0)
(1.5 5.11305e-14 0)
(1.5 7.57674e-14 0)
(1.5 1.60933e-13 0)
(1.5 1.80556e-13 0)
(1.5 1.69941e-13 0)
(1.5 1.97813e-13 0)
(1.5 1.46313e-13 0)
(1.5 4.72161e-14 0)
(1.5 1.7227e-15 0)
(1.5 -1.61669e-14 0)
(1.5 -4.111e-14 0)
(1.5 -1.52284e-14 0)
(1.5 9.77017e-15 0)
(1.5 5.18613e-14 0)
(1.5 5.33163e-14 0)
(1.5 7.12511e-14 0)
(1.5 5.85417e-14 0)
(1.5 -8.0434e-15 0)
(1.5 1.10964e-14 0)
(1.5 -5.40675e-14 0)
(1.5 -7.46204e-14 0)
(1.5 -7.48392e-14 0)
(1.5 -8.31885e-14 0)
(1.5 -6.07323e-14 0)
(1.5 -5.05588e-14 0)
(1.5 4.82044e-15 0)
(1.5 6.41752e-15 0)
(1.5 -6.88347e-14 0)
(1.5 -1.11192e-13 0)
(1.5 -1.35173e-13 0)
(1.5 -2.14643e-13 0)
(1.5 -1.33302e-13 0)
(1.5 -8.59563e-14 0)
(1.5 -5.36939e-14 0)
(1.5 -7.94384e-14 0)
(1.5 -7.81787e-14 0)
(1.5 -5.61552e-14 0)
(1.5 -9.45414e-14 0)
(1.5 -1.24778e-13 0)
(1.5 -1.39366e-13 0)
(1.5 -1.91213e-13 0)
(1.5 -2.00106e-13 0)
(1.5 -1.84975e-13 0)
(1.5 -1.21901e-13 0)
(1.5 -6.50204e-14 0)
(1.5 -9.65977e-14 0)
(1.5 -1.58726e-13 0)
(1.5 -1.77299e-13 0)
(1.5 -1.48582e-13 0)
(1.5 -1.47334e-13 0)
(1.5 -1.15243e-13 0)
(1.5 -3.2586e-14 0)
(1.5 -5.99685e-14 0)
(1.5 -1.8447e-13 0)
(1.5 -1.6158e-13 0)
(1.5 -1.54505e-13 0)
(1.5 -1.96048e-13 0)
(1.5 -1.52232e-13 0)
(1.5 -1.19425e-13 0)
(1.5 -1.30159e-13 0)
(1.5 -1.66718e-13 0)
(1.5 -1.32136e-13 0)
(1.5 -1.19792e-13 0)
(1.5 -1.95895e-13 0)
(1.5 -1.68317e-13 0)
(1.5 -1.34072e-13 0)
(1.5 -1.45205e-13 0)
(1.5 -1.19047e-13 0)
(1.5 -8.74026e-14 0)
(1.5 -1.50661e-14 0)
(1.5 4.86148e-14 0)
(1.5 8.98757e-14 0)
(1.5 8.04476e-14 0)
(1.5 6.46878e-14 0)
(1.5 -1.67743e-14 0)
(1.5 2.89574e-14 0)
(1.5 7.54135e-15 0)
(1.5 -1.02351e-13 0)
(1.5 -7.43854e-14 0)
(1.5 -3.76781e-14 0)
(1.5 8.79051e-15 0)
(1.5 3.7424e-14 0)
(1.5 1.60806e-14 0)
(1.5 1.49067e-14 0)
(1.5 -3.63401e-14 0)
(1.5 -2.58286e-14 0)
(1.5 5.6456e-14 0)
(1.5 1.24587e-13 0)
(1.5 1.39852e-13 0)
(1.5 8.56295e-14 0)
(1.5 4.13787e-14 0)
(1.5 7.27165e-14 0)
(1.5 -3.53025e-15 0)
(1.5 -4.4739e-14 0)
(1.5 9.17225e-15 0)
(1.5 -1.45591e-14 0)
(1.5 -3.03408e-14 0)
(1.5 -2.5562e-14 0)
(1.5 -6.26895e-14 0)
(1.5 -2.19765e-14 0)
(1.5 2.78128e-14 0)
(1.5 3.16869e-14 0)
(1.5 2.41003e-14 0)
(1.5 -3.94447e-14 0)
(1.5 -7.28996e-14 0)
(1.5 -8.78029e-14 0)
(1.5 -1.18398e-14 0)
(1.5 3.64565e-15 0)
(1.5 4.5173e-14 0)
(1.5 1.02051e-13 0)
(1.5 6.09663e-14 0)
(1.5 3.11638e-14 0)
(1.5 -2.87904e-14 0)
(1.5 -2.01864e-14 0)
(1.5 6.47197e-15 0)
(1.5 -4.74687e-15 0)
(1.5 6.24186e-15 0)
(1.5 1.98705e-14 0)
(1.5 1.49918e-14 0)
(1.5 -3.69551e-14 0)
(1.5 -8.25932e-14 0)
(1.5 -9.12975e-14 0)
(1.5 -8.16647e-14 0)
(1.5 -1.78667e-13 0)
(1.5 -1.89723e-13 0)
(1.5 -1.51848e-13 0)
(1.5 -1.58232e-13 0)
(1.5 -2.93912e-13 0)
(1.5 -2.49518e-13 0)
(1.5 -2.54036e-13 0)
(1.5 -2.69219e-13 0)
(1.5 -2.46607e-13 0)
(1.5 -1.11571e-13 0)
(1.5 -9.66472e-14 0)
(1.5 -2.38422e-13 0)
(1.5 -2.99455e-13 0)
(1.5 -3.04669e-13 0)
(1.5 -2.09076e-13 0)
(1.5 -3.12135e-13 0)
(1.5 -4.61639e-13 0)
(1.5 -5.27828e-13 0)
(1.5 -5.41516e-13 0)
(1.5 -4.6019e-13 0)
(1.5 -3.93481e-13 0)
(1.5 -4.234e-13 0)
(1.5 -3.47515e-13 0)
(1.5 -2.24591e-13 0)
(1.5 -4.44206e-14 0)
(1.5 -3.05424e-14 0)
(1.5 -2.03285e-13 0)
(1.5 -2.90767e-13 0)
(1.5 -4.0137e-13 0)
(1.5 -4.72702e-13 0)
(1.5 -4.95208e-13 0)
(1.5 -4.65386e-13 0)
(1.5 -3.48223e-13 0)
(1.5 -2.24542e-13 0)
(1.5 -1.78106e-13 0)
(1.5 -1.99237e-13 0)
(1.5 -3.37622e-13 0)
(1.5 -3.55916e-13 0)
(1.5 -3.24704e-13 0)
(1.5 -2.97127e-13 0)
(1.5 -4.10294e-13 0)
(1.5 -5.85627e-13 0)
(1.5 -5.37602e-13 0)
(1.5 -4.64164e-13 0)
(1.5 -3.59329e-13 0)
(1.5 -1.61717e-13 0)
(1.5 -2.29109e-14 0)
(1.5 9.76234e-14 0)
(1.5 1.87816e-13 0)
(1.5 2.01284e-13 0)
(1.5 8.86712e-14 0)
(1.5 -6.82105e-14 0)
(1.5 -8.13147e-14 0)
(1.5 -3.54805e-14 0)
(1.5 6.42397e-14 0)
(1.5 4.8714e-14 0)
(1.5 -1.39319e-13 0)
(1.5 -2.86014e-13 0)
(1.5 -3.03874e-13 0)
(1.5 -1.68719e-13 0)
(1.5 -9.44242e-14 0)
(1.5 5.85162e-14 0)
(1.5 1.53255e-13 0)
(1.5 1.27576e-13 0)
(1.5 7.25403e-14 0)
(1.5 -7.28444e-14 0)
(1.5 -1.79672e-13 0)
(1.5 -2.11184e-13 0)
(1.5 -2.77446e-13 0)
(1.5 -2.78688e-13 0)
(1.5 -3.3238e-13 0)
(1.5 -4.68883e-13 0)
(1.5 -6.13594e-13 0)
(1.5 -6.5889e-13 0)
(1.5 8.69394e-14 0)
(1.5 1.34319e-13 0)
(1.5 1.82926e-13 0)
(1.5 2.14193e-13 0)
(1.5 1.77401e-13 0)
(1.5 1.77756e-13 0)
(1.5 9.03496e-14 0)
(1.5 3.6765e-14 0)
(1.5 4.78744e-14 0)
(1.5 -6.00738e-15 0)
(1.5 1.26333e-14 0)
(1.5 -1.98915e-14 0)
(1.5 -2.35706e-14 0)
(1.5 6.34044e-15 0)
(1.5 -6.90362e-14 0)
(1.5 -7.68172e-14 0)
(1.5 -5.58481e-14 0)
(1.5 -2.9268e-14 0)
(1.5 1.22506e-14 0)
(1.5 2.22896e-14 0)
(1.5 2.74606e-14 0)
(1.5 6.63305e-14 0)
(1.5 1.24217e-14 0)
(1.5 2.12231e-14 0)
(1.5 -5.32551e-15 0)
(1.5 -3.41205e-14 0)
(1.5 -7.16761e-14 0)
(1.5 -3.33715e-14 0)
(1.5 -3.46133e-16 0)
(1.5 -1.9545e-14 0)
(1.5 -7.04785e-14 0)
(1.5 -1.6807e-13 0)
(1.5 -1.95962e-13 0)
(1.5 -2.01336e-13 0)
(1.5 -7.41091e-14 0)
(1.5 -1.18456e-14 0)
(1.5 -1.36441e-14 0)
(1.5 -2.17807e-14 0)
(1.5 1.23459e-14 0)
(1.5 -5.10354e-14 0)
(1.5 -9.74667e-14 0)
(1.5 -4.70026e-14 0)
(1.5 -6.64562e-14 0)
(1.5 -1.00783e-13 0)
(1.5 -1.29419e-13 0)
(1.5 -1.1993e-13 0)
(1.5 -1.03963e-13 0)
(1.5 -4.43677e-14 0)
(1.5 -1.1228e-13 0)
(1.5 -1.42156e-13 0)
(1.5 -1.43726e-13 0)
(1.5 -1.71051e-13 0)
(1.5 -1.46773e-13 0)
(1.5 -8.99315e-14 0)
(1.5 3.13011e-14 0)
(1.5 4.52705e-15 0)
(1.5 -8.09005e-14 0)
(1.5 -2.41389e-14 0)
(1.5 -7.05835e-14 0)
(1.5 -1.24376e-13 0)
(1.5 -1.10905e-13 0)
(1.5 -1.16925e-13 0)
(1.5 -1.20986e-13 0)
(1.5 -9.80922e-14 0)
(1.5 -8.13582e-14 0)
(1.5 -8.80045e-14 0)
(1.5 -9.21718e-14 0)
(1.5 -6.77555e-14 0)
(1.5 -6.2717e-14 0)
(1.5 -9.34018e-14 0)
(1.5 -9.11514e-14 0)
(1.5 -1.8264e-14 0)
(1.5 -1.27786e-15 0)
(1.5 4.71591e-15 0)
(1.5 6.4319e-14 0)
(1.5 1.06216e-13 0)
(1.5 6.51908e-14 0)
(1.5 -1.57172e-14 0)
(1.5 -1.31266e-14 0)
(1.5 -5.07982e-14 0)
(1.5 -1.18151e-13 0)
(1.5 -9.00928e-14 0)
(1.5 -8.08377e-14 0)
(1.5 -3.43895e-14 0)
(1.5 1.96079e-14 0)
(1.5 2.77514e-14 0)
(1.5 6.51469e-14 0)
(1.5 4.79321e-14 0)
(1.5 4.27208e-14 0)
(1.5 1.1814e-13 0)
(1.5 1.38547e-13 0)
(1.5 1.66803e-13 0)
(1.5 8.04187e-14 0)
(1.5 -2.36525e-14 0)
(1.5 -4.83635e-14 0)
(1.5 -6.27686e-14 0)
(1.5 -6.5124e-14 0)
(1.5 -4.18457e-14 0)
(1.5 -1.44158e-14 0)
(1.5 -3.0631e-14 0)
(1.5 -4.45051e-14 0)
(1.5 -7.16951e-14 0)
(1.5 -6.52103e-14 0)
(1.5 -2.66109e-14 0)
(1.5 -7.89044e-14 0)
(1.5 -1.21128e-13 0)
(1.5 -9.27769e-14 0)
(1.5 -1.38029e-13 0)
(1.5 -1.40602e-13 0)
(1.5 -1.21892e-13 0)
(1.5 -1.88311e-13 0)
(1.5 -1.65419e-13 0)
(1.5 -6.8225e-14 0)
(1.5 -6.30835e-14 0)
(1.5 -4.62449e-14 0)
(1.5 -8.6736e-14 0)
(1.5 -8.06947e-14 0)
(1.5 -8.22695e-14 0)
(1.5 -6.92348e-14 0)
(1.5 -8.6872e-14 0)
(1.5 -1.40963e-13 0)
(1.5 -1.18423e-13 0)
(1.5 -5.18688e-14 0)
(1.5 -4.20383e-14 0)
(1.5 -8.93527e-14 0)
(1.5 -1.00257e-13 0)
(1.5 -1.59352e-13 0)
(1.5 -1.75739e-13 0)
(1.5 -1.6967e-13 0)
(1.5 -2.29291e-13 0)
(1.5 -2.9276e-13 0)
(1.5 -2.45281e-13 0)
(1.5 -3.60388e-13 0)
(1.5 -4.034e-13 0)
(1.5 -4.46423e-13 0)
(1.5 -3.63834e-13 0)
(1.5 -2.68797e-13 0)
(1.5 -2.40499e-13 0)
(1.5 -2.66257e-13 0)
(1.5 -2.6568e-13 0)
(1.5 -2.70343e-13 0)
(1.5 -3.32582e-13 0)
(1.5 -3.53949e-13 0)
(1.5 -4.50872e-13 0)
(1.5 -5.48079e-13 0)
(1.5 -5.06113e-13 0)
(1.5 -4.77646e-13 0)
(1.5 -4.96434e-13 0)
(1.5 -4.35108e-13 0)
(1.5 -3.10142e-13 0)
(1.5 -1.00399e-13 0)
(1.5 -2.33656e-14 0)
(1.5 -1.20084e-13 0)
(1.5 -2.31395e-13 0)
(1.5 -2.97245e-13 0)
(1.5 -3.43796e-13 0)
(1.5 -4.22281e-13 0)
(1.5 -5.1154e-13 0)
(1.5 -4.59723e-13 0)
(1.5 -3.85531e-13 0)
(1.5 -3.20504e-13 0)
(1.5 -3.21638e-13 0)
(1.5 -3.63205e-13 0)
(1.5 -3.59594e-13 0)
(1.5 -3.65976e-13 0)
(1.5 -3.93769e-13 0)
(1.5 -4.95841e-13 0)
(1.5 -6.33489e-13 0)
(1.5 -5.24698e-13 0)
(1.5 -3.97011e-13 0)
(1.5 -3.02953e-13 0)
(1.5 -2.15786e-13 0)
(1.5 3.13678e-14 0)
(1.5 1.72604e-13 0)
(1.5 3.16579e-13 0)
(1.5 3.81444e-13 0)
(1.5 2.27018e-13 0)
(1.5 -3.71967e-14 0)
(1.5 -1.11337e-13 0)
(1.5 -1.05818e-13 0)
(1.5 -8.48694e-14 0)
(1.5 -8.83023e-14 0)
(1.5 -1.22866e-13 0)
(1.5 -2.19977e-13 0)
(1.5 -2.76659e-13 0)
(1.5 -3.11863e-13 0)
(1.5 -3.22955e-13 0)
(1.5 -1.73379e-13 0)
(1.5 -3.12116e-14 0)
(1.5 -2.99915e-14 0)
(1.5 -6.48331e-14 0)
(1.5 -1.879e-13 0)
(1.5 -4.31128e-13 0)
(1.5 -5.14236e-13 0)
(1.5 -5.50108e-13 0)
(1.5 -5.19951e-13 0)
(1.5 -5.13027e-13 0)
(1.5 -6.3036e-13 0)
(1.5 -7.55939e-13 0)
(1.5 -7.85544e-13 0)
(1.5 5.52102e-14 0)
(1.5 1.7328e-13 0)
(1.5 2.72165e-13 0)
(1.5 2.9021e-13 0)
(1.5 2.72141e-13 0)
(1.5 1.84906e-13 0)
(1.5 9.57917e-14 0)
(1.5 3.48274e-14 0)
(1.5 -5.63534e-15 0)
(1.5 -7.96421e-14 0)
(1.5 -8.00693e-14 0)
(1.5 -1.05472e-13 0)
(1.5 -4.61427e-14 0)
(1.5 -8.2497e-16 0)
(1.5 -1.0695e-13 0)
(1.5 -1.46067e-13 0)
(1.5 -1.4274e-13 0)
(1.5 -8.80899e-14 0)
(1.5 7.24784e-15 0)
(1.5 5.36699e-14 0)
(1.5 5.25244e-14 0)
(1.5 4.10886e-14 0)
(1.5 5.12093e-14 0)
(1.5 7.50496e-14 0)
(1.5 5.14433e-14 0)
(1.5 1.8154e-14 0)
(1.5 -4.38385e-14 0)
(1.5 -8.00015e-15 0)
(1.5 -2.06623e-14 0)
(1.5 -9.86983e-14 0)
(1.5 -1.11806e-13 0)
(1.5 -1.69414e-13 0)
(1.5 -1.47707e-13 0)
(1.5 -1.00974e-13 0)
(1.5 -4.34456e-14 0)
(1.5 -2.68902e-14 0)
(1.5 -7.12119e-14 0)
(1.5 -5.04164e-14 0)
(1.5 -7.91564e-15 0)
(1.5 8.12861e-16 0)
(1.5 -4.89891e-15 0)
(1.5 -7.28143e-15 0)
(1.5 -4.78251e-15 0)
(1.5 -4.35895e-14 0)
(1.5 -2.06142e-14 0)
(1.5 5.82545e-16 0)
(1.5 -6.11665e-14 0)
(1.5 -7.90773e-14 0)
(1.5 -8.74578e-14 0)
(1.5 -1.21643e-13 0)
(1.5 -1.5644e-13 0)
(1.5 -1.75675e-13 0)
(1.5 -1.14465e-13 0)
(1.5 -9.17325e-14 0)
(1.5 -3.03659e-14 0)
(1.5 -8.29324e-15 0)
(1.5 -1.10759e-14 0)
(1.5 3.55219e-14 0)
(1.5 -4.09907e-14 0)
(1.5 -7.52044e-14 0)
(1.5 -1.16121e-13 0)
(1.5 -1.17021e-13 0)
(1.5 -1.2011e-13 0)
(1.5 -1.15056e-13 0)
(1.5 -9.52318e-14 0)
(1.5 -7.01884e-14 0)
(1.5 -1.45923e-14 0)
(1.5 -1.13365e-15 0)
(1.5 -2.46801e-14 0)
(1.5 -4.05622e-14 0)
(1.5 -8.82232e-14 0)
(1.5 2.22987e-15 0)
(1.5 3.2877e-14 0)
(1.5 2.16078e-14 0)
(1.5 1.39377e-14 0)
(1.5 5.18191e-14 0)
(1.5 2.24486e-14 0)
(1.5 -1.6396e-14 0)
(1.5 -8.05304e-14 0)
(1.5 -1.14924e-13 0)
(1.5 -1.24922e-13 0)
(1.5 -9.96644e-14 0)
(1.5 -1.03452e-13 0)
(1.5 -6.77259e-14 0)
(1.5 -4.74675e-14 0)
(1.5 -5.47377e-14 0)
(1.5 1.98876e-14 0)
(1.5 1.72353e-14 0)
(1.5 4.48808e-14 0)
(1.5 6.75674e-14 0)
(1.5 9.50351e-14 0)
(1.5 1.13285e-13 0)
(1.5 8.25266e-14 0)
(1.5 -1.23123e-14 0)
(1.5 -6.73679e-14 0)
(1.5 -7.6334e-14 0)
(1.5 -1.10409e-13 0)
(1.5 -1.05188e-13 0)
(1.5 -6.69986e-14 0)
(1.5 -2.77932e-14 0)
(1.5 -1.11374e-13 0)
(1.5 -8.55849e-14 0)
(1.5 -7.04708e-14 0)
(1.5 -9.91782e-14 0)
(1.5 -1.17532e-13 0)
(1.5 -1.15738e-13 0)
(1.5 -6.68486e-14 0)
(1.5 -8.58931e-14 0)
(1.5 -1.00702e-13 0)
(1.5 -1.67207e-13 0)
(1.5 -2.07859e-13 0)
(1.5 -1.42554e-13 0)
(1.5 -4.28138e-14 0)
(1.5 -1.44976e-14 0)
(1.5 -6.54315e-14 0)
(1.5 -8.66795e-14 0)
(1.5 -4.8762e-14 0)
(1.5 -1.126e-13 0)
(1.5 -7.11964e-14 0)
(1.5 -1.10644e-13 0)
(1.5 -1.58561e-13 0)
(1.5 -1.10144e-13 0)
(1.5 -8.49728e-14 0)
(1.5 -1.45995e-14 0)
(1.5 -9.86434e-14 0)
(1.5 -1.22492e-13 0)
(1.5 -5.44896e-14 0)
(1.5 -2.40242e-14 0)
(1.5 -6.47976e-14 0)
(1.5 -1.57585e-13 0)
(1.5 -1.48704e-13 0)
(1.5 -8.86658e-14 0)
(1.5 -2.63519e-13 0)
(1.5 -3.55725e-13 0)
(1.5 -3.15356e-13 0)
(1.5 -2.88345e-13 0)
(1.5 -1.83121e-13 0)
(1.5 -8.93743e-14 0)
(1.5 -1.55639e-13 0)
(1.5 -2.26248e-13 0)
(1.5 -3.23659e-13 0)
(1.5 -2.89079e-13 0)
(1.5 -2.12526e-13 0)
(1.5 -2.96017e-13 0)
(1.5 -4.0809e-13 0)
(1.5 -4.48416e-13 0)
(1.5 -4.00892e-13 0)
(1.5 -4.07385e-13 0)
(1.5 -3.61795e-13 0)
(1.5 -2.05857e-13 0)
(1.5 -8.37197e-14 0)
(1.5 -4.16552e-14 0)
(1.5 -1.0114e-13 0)
(1.5 -1.37755e-13 0)
(1.5 -2.26628e-13 0)
(1.5 -2.19383e-13 0)
(1.5 -2.58888e-13 0)
(1.5 -3.99502e-13 0)
(1.5 -3.79992e-13 0)
(1.5 -4.02829e-13 0)
(1.5 -3.88243e-13 0)
(1.5 -4.04915e-13 0)
(1.5 -4.26513e-13 0)
(1.5 -3.01051e-13 0)
(1.5 -3.0349e-13 0)
(1.5 -3.88025e-13 0)
(1.5 -4.61025e-13 0)
(1.5 -5.69253e-13 0)
(1.5 -4.87035e-13 0)
(1.5 -4.37912e-13 0)
(1.5 -3.82907e-13 0)
(1.5 -2.52229e-13 0)
(1.5 5.97694e-14 0)
(1.5 2.47741e-13 0)
(1.5 3.3928e-13 0)
(1.5 3.45617e-13 0)
(1.5 2.74705e-13 0)
(1.5 8.81316e-14 0)
(1.5 -3.32456e-14 0)
(1.5 -1.03925e-13 0)
(1.5 -1.26681e-13 0)
(1.5 -1.4813e-13 0)
(1.5 -2.2624e-13 0)
(1.5 -2.61301e-13 0)
(1.5 -2.37542e-13 0)
(1.5 -2.2525e-13 0)
(1.5 -2.23697e-13 0)
(1.5 -1.02446e-13 0)
(1.5 3.63927e-15 0)
(1.5 -1.64667e-14 0)
(1.5 -8.08761e-14 0)
(1.5 -2.04822e-13 0)
(1.5 -5.27136e-13 0)
(1.5 -6.03328e-13 0)
(1.5 -5.78013e-13 0)
(1.5 -6.22784e-13 0)
(1.5 -6.55434e-13 0)
(1.5 -7.69176e-13 0)
(1.5 -8.01206e-13 0)
(1.5 -7.82302e-13 0)
(1.5 6.63336e-14 0)
(1.5 1.43148e-13 0)
(1.5 1.54219e-13 0)
(1.5 1.52281e-13 0)
(1.5 1.32801e-13 0)
(1.5 5.97659e-14 0)
(1.5 6.52214e-14 0)
(1.5 6.51278e-14 0)
(1.5 1.1928e-14 0)
(1.5 -2.45624e-14 0)
(1.5 -8.28671e-14 0)
(1.5 -1.37876e-13 0)
(1.5 -1.11296e-13 0)
(1.5 -4.55965e-14 0)
(1.5 -1.10691e-13 0)
(1.5 -1.22935e-13 0)
(1.5 -8.56253e-14 0)
(1.5 -9.06967e-14 0)
(1.5 -1.05399e-14 0)
(1.5 9.89213e-14 0)
(1.5 1.24993e-13 0)
(1.5 7.79054e-14 0)
(1.5 3.57554e-14 0)
(1.5 -8.2347e-15 0)
(1.5 -2.2377e-14 0)
(1.5 -1.1574e-14 0)
(1.5 -3.369e-14 0)
(1.5 -5.03643e-14 0)
(1.5 -3.01327e-14 0)
(1.5 -1.09029e-13 0)
(1.5 -1.21222e-13 0)
(1.5 -8.56936e-14 0)
(1.5 -7.39066e-14 0)
(1.5 -1.35882e-14 0)
(1.5 -4.42634e-14 0)
(1.5 -4.54722e-14 0)
(1.5 -4.98984e-14 0)
(1.5 -6.39788e-14 0)
(1.5 -2.85838e-14 0)
(1.5 8.98529e-15 0)
(1.5 6.07308e-16 0)
(1.5 -6.83726e-14 0)
(1.5 -2.81189e-14 0)
(1.5 -1.03186e-13 0)
(1.5 -1.08129e-14 0)
(1.5 3.29408e-14 0)
(1.5 -6.10451e-14 0)
(1.5 -1.01899e-13 0)
(1.5 -6.17435e-14 0)
(1.5 -1.01279e-13 0)
(1.5 -1.09105e-13 0)
(1.5 -1.12924e-13 0)
(1.5 -1.17137e-13 0)
(1.5 -1.56525e-13 0)
(1.5 -2.03372e-13 0)
(1.5 -1.52109e-13 0)
(1.5 -1.18104e-13 0)
(1.5 -9.307e-14 0)
(1.5 -1.04173e-13 0)
(1.5 -1.113e-13 0)
(1.5 -1.42706e-13 0)
(1.5 -1.53235e-13 0)
(1.5 -1.63982e-13 0)
(1.5 -1.40282e-13 0)
(1.5 -1.06455e-13 0)
(1.5 -5.45028e-14 0)
(1.5 2.8572e-14 0)
(1.5 3.2773e-14 0)
(1.5 1.38355e-14 0)
(1.5 1.96939e-14 0)
(1.5 -3.63705e-14 0)
(1.5 -5.34129e-15 0)
(1.5 3.06033e-15 0)
(1.5 -8.43083e-16 0)
(1.5 1.79365e-14 0)
(1.5 -3.08224e-14 0)
(1.5 -4.40208e-14 0)
(1.5 -5.86855e-14 0)
(1.5 -8.36341e-14 0)
(1.5 -5.47077e-14 0)
(1.5 -5.29404e-14 0)
(1.5 -1.0639e-13 0)
(1.5 -1.06075e-13 0)
(1.5 -9.55272e-14 0)
(1.5 -1.08755e-13 0)
(1.5 -7.94455e-14 0)
(1.5 -7.25792e-15 0)
(1.5 -1.3922e-14 0)
(1.5 -1.3208e-14 0)
(1.5 2.53229e-14 0)
(1.5 2.54781e-14 0)
(1.5 6.24486e-14 0)
(1.5 9.82111e-14 0)
(1.5 2.76434e-14 0)
(1.5 -2.94085e-14 0)
(1.5 -9.95304e-14 0)
(1.5 -1.94144e-13 0)
(1.5 -1.92697e-13 0)
(1.5 -1.66284e-13 0)
(1.5 -1.26123e-13 0)
(1.5 -1.68494e-13 0)
(1.5 -1.95044e-13 0)
(1.5 -2.11333e-13 0)
(1.5 -2.67776e-13 0)
(1.5 -2.05715e-13 0)
(1.5 -1.49518e-13 0)
(1.5 -1.17132e-13 0)
(1.5 -9.20435e-14 0)
(1.5 -8.38835e-14 0)
(1.5 -1.35745e-13 0)
(1.5 -1.78177e-13 0)
(1.5 -8.84521e-14 0)
(1.5 -2.37817e-14 0)
(1.5 8.30132e-15 0)
(1.5 -7.74879e-14 0)
(1.5 -5.45689e-14 0)
(1.5 -4.48041e-14 0)
(1.5 -6.63383e-14 0)
(1.5 -1.28071e-13 0)
(1.5 -1.70233e-13 0)
(1.5 -9.76407e-14 0)
(1.5 -6.28309e-14 0)
(1.5 -1.34499e-13 0)
(1.5 -1.14403e-13 0)
(1.5 -1.24464e-13 0)
(1.5 -1.39454e-13 0)
(1.5 9.88342e-16 0)
(1.5 2.01306e-14 0)
(1.5 -5.21749e-14 0)
(1.5 -9.20666e-14 0)
(1.5 -5.74895e-14 0)
(1.5 1.41874e-14 0)
(1.5 -1.28635e-13 0)
(1.5 -2.47566e-13 0)
(1.5 -2.27635e-13 0)
(1.5 -2.01742e-13 0)
(1.5 -1.60414e-13 0)
(1.5 -1.17594e-13 0)
(1.5 -9.9487e-14 0)
(1.5 -1.91174e-13 0)
(1.5 -3.27871e-13 0)
(1.5 -2.7411e-13 0)
(1.5 -1.92151e-13 0)
(1.5 -2.91223e-13 0)
(1.5 -3.08684e-13 0)
(1.5 -3.42907e-13 0)
(1.5 -3.02861e-13 0)
(1.5 -3.34428e-13 0)
(1.5 -2.56231e-13 0)
(1.5 -1.34566e-13 0)
(1.5 -1.3314e-13 0)
(1.5 -7.58101e-14 0)
(1.5 -5.98391e-14 0)
(1.5 -1.34159e-13 0)
(1.5 -2.34259e-13 0)
(1.5 -2.2644e-13 0)
(1.5 -2.37471e-13 0)
(1.5 -2.85611e-13 0)
(1.5 -3.3499e-13 0)
(1.5 -4.07106e-13 0)
(1.5 -3.9015e-13 0)
(1.5 -4.2894e-13 0)
(1.5 -4.58981e-13 0)
(1.5 -3.52577e-13 0)
(1.5 -3.58519e-13 0)
(1.5 -3.17813e-13 0)
(1.5 -2.36569e-13 0)
(1.5 -3.15395e-13 0)
(1.5 -3.99506e-13 0)
(1.5 -4.3992e-13 0)
(1.5 -4.3855e-13 0)
(1.5 -3.23442e-13 0)
(1.5 -9.82963e-14 0)
(1.5 7.30518e-14 0)
(1.5 1.74057e-13 0)
(1.5 2.22608e-13 0)
(1.5 1.82742e-13 0)
(1.5 1.34203e-13 0)
(1.5 1.16859e-13 0)
(1.5 4.66781e-14 0)
(1.5 -1.13624e-14 0)
(1.5 -1.10618e-13 0)
(1.5 -2.48603e-13 0)
(1.5 -2.14577e-13 0)
(1.5 -1.79466e-13 0)
(1.5 -1.25752e-13 0)
(1.5 -7.64358e-14 0)
(1.5 -7.29149e-14 0)
(1.5 -8.3392e-15 0)
(1.5 2.84382e-14 0)
(1.5 -4.20537e-14 0)
(1.5 -1.65421e-13 0)
(1.5 -3.95961e-13 0)
(1.5 -3.89154e-13 0)
(1.5 -3.88035e-13 0)
(1.5 -5.00497e-13 0)
(1.5 -5.8418e-13 0)
(1.5 -7.61641e-13 0)
(1.5 -7.36005e-13 0)
(1.5 -6.78449e-13 0)
(1.5 3.50363e-15 0)
(1.5 -2.29228e-14 0)
(1.5 -5.91064e-14 0)
(1.5 -1.21595e-14 0)
(1.5 5.20659e-14 0)
(1.5 6.60246e-14 0)
(1.5 1.11259e-13 0)
(1.5 1.45967e-13 0)
(1.5 1.17997e-13 0)
(1.5 8.48986e-14 0)
(1.5 5.71403e-14 0)
(1.5 1.09903e-14 0)
(1.5 -1.60961e-14 0)
(1.5 -2.46465e-14 0)
(1.5 -8.41186e-14 0)
(1.5 -1.38045e-13 0)
(1.5 -1.36366e-13 0)
(1.5 -1.77554e-13 0)
(1.5 -1.04483e-13 0)
(1.5 1.52632e-15 0)
(1.5 8.52394e-14 0)
(1.5 8.03403e-14 0)
(1.5 3.51114e-14 0)
(1.5 -2.90287e-14 0)
(1.5 -2.93685e-14 0)
(1.5 -8.07897e-15 0)
(1.5 1.32123e-14 0)
(1.5 1.31458e-14 0)
(1.5 2.40082e-14 0)
(1.5 4.79134e-14 0)
(1.5 6.96394e-15 0)
(1.5 -3.44904e-14 0)
(1.5 -4.49889e-14 0)
(1.5 1.59708e-14 0)
(1.5 -4.44567e-14 0)
(1.5 -4.63602e-15 0)
(1.5 3.66829e-14 0)
(1.5 -1.58151e-14 0)
(1.5 -3.69284e-14 0)
(1.5 -6.75994e-14 0)
(1.5 -1.09467e-13 0)
(1.5 -1.11285e-13 0)
(1.5 -3.74791e-14 0)
(1.5 -5.22158e-14 0)
(1.5 -2.78463e-14 0)
(1.5 -4.39317e-14 0)
(1.5 -7.83156e-14 0)
(1.5 -8.74247e-14 0)
(1.5 -1.83803e-14 0)
(1.5 -6.10508e-14 0)
(1.5 -4.81514e-14 0)
(1.5 -5.72857e-15 0)
(1.5 -4.34328e-14 0)
(1.5 -1.05268e-13 0)
(1.5 -1.93912e-13 0)
(1.5 -1.99057e-13 0)
(1.5 -1.70246e-13 0)
(1.5 -1.94994e-13 0)
(1.5 -1.90575e-13 0)
(1.5 -1.39829e-13 0)
(1.5 -1.07853e-13 0)
(1.5 -5.8045e-14 0)
(1.5 -8.77178e-14 0)
(1.5 -6.49408e-14 0)
(1.5 -7.20405e-14 0)
(1.5 -4.73821e-15 0)
(1.5 8.08896e-14 0)
(1.5 7.5415e-14 0)
(1.5 9.11681e-14 0)
(1.5 1.10362e-13 0)
(1.5 9.62677e-14 0)
(1.5 4.30321e-14 0)
(1.5 4.33322e-14 0)
(1.5 8.80465e-15 0)
(1.5 4.93697e-15 0)
(1.5 -4.77887e-14 0)
(1.5 -3.93676e-14 0)
(1.5 3.80267e-15 0)
(1.5 -3.22322e-15 0)
(1.5 1.15775e-14 0)
(1.5 1.29229e-14 0)
(1.5 -5.97638e-14 0)
(1.5 -1.22819e-13 0)
(1.5 -1.42879e-13 0)
(1.5 -1.24825e-13 0)
(1.5 -8.82148e-14 0)
(1.5 -5.69491e-14 0)
(1.5 -3.62954e-14 0)
(1.5 -8.13183e-14 0)
(1.5 -5.22769e-14 0)
(1.5 -8.14875e-14 0)
(1.5 -9.34346e-14 0)
(1.5 -1.91961e-14 0)
(1.5 8.76407e-17 0)
(1.5 -6.48653e-14 0)
(1.5 -1.59436e-13 0)
(1.5 -2.10852e-13 0)
(1.5 -2.44284e-13 0)
(1.5 -1.96573e-13 0)
(1.5 -1.72636e-13 0)
(1.5 -1.97634e-13 0)
(1.5 -2.21539e-13 0)
(1.5 -2.23071e-13 0)
(1.5 -2.88089e-13 0)
(1.5 -2.41305e-13 0)
(1.5 -1.75198e-13 0)
(1.5 -9.19394e-14 0)
(1.5 -4.3058e-14 0)
(1.5 -2.8588e-14 0)
(1.5 -4.68265e-14 0)
(1.5 -3.17971e-14 0)
(1.5 -9.30171e-14 0)
(1.5 -1.50446e-13 0)
(1.5 -1.08805e-13 0)
(1.5 -3.00206e-14 0)
(1.5 -7.50772e-15 0)
(1.5 -6.47587e-14 0)
(1.5 -2.28283e-14 0)
(1.5 -4.7217e-14 0)
(1.5 -4.79782e-14 0)
(1.5 -3.77312e-14 0)
(1.5 -9.54909e-14 0)
(1.5 -1.46409e-13 0)
(1.5 -1.71644e-13 0)
(1.5 -1.43796e-13 0)
(1.5 -8.419e-14 0)
(1.5 -2.01256e-14 0)
(1.5 -6.27327e-14 0)
(1.5 -1.29553e-13 0)
(1.5 -7.41298e-14 0)
(1.5 -2.94062e-14 0)
(1.5 -2.90322e-14 0)
(1.5 -5.00528e-14 0)
(1.5 -8.08639e-14 0)
(1.5 -1.42766e-13 0)
(1.5 -1.53164e-13 0)
(1.5 -1.37537e-13 0)
(1.5 -1.05563e-13 0)
(1.5 -7.22016e-14 0)
(1.5 -1.21504e-13 0)
(1.5 -2.40409e-13 0)
(1.5 -2.72101e-13 0)
(1.5 -2.24225e-13 0)
(1.5 -3.05021e-13 0)
(1.5 -2.81503e-13 0)
(1.5 -2.21951e-13 0)
(1.5 -1.4704e-13 0)
(1.5 -1.7139e-13 0)
(1.5 -8.75429e-14 0)
(1.5 -9.16229e-14 0)
(1.5 -9.79651e-14 0)
(1.5 -5.20059e-14 0)
(1.5 -5.39517e-14 0)
(1.5 -1.2912e-13 0)
(1.5 -1.03172e-13 0)
(1.5 -9.69278e-14 0)
(1.5 -1.41527e-13 0)
(1.5 -1.33678e-13 0)
(1.5 -2.13604e-13 0)
(1.5 -3.14593e-13 0)
(1.5 -4.04118e-13 0)
(1.5 -3.80565e-13 0)
(1.5 -2.99995e-13 0)
(1.5 -3.38815e-13 0)
(1.5 -3.3692e-13 0)
(1.5 -1.60165e-13 0)
(1.5 -7.33701e-14 0)
(1.5 -2.13077e-13 0)
(1.5 -3.34126e-13 0)
(1.5 -3.65536e-13 0)
(1.5 -3.41685e-13 0)
(1.5 -2.24511e-13 0)
(1.5 -9.15715e-14 0)
(1.5 4.55192e-14 0)
(1.5 1.75121e-13 0)
(1.5 2.15021e-13 0)
(1.5 1.78781e-13 0)
(1.5 1.83209e-13 0)
(1.5 1.70823e-13 0)
(1.5 7.97178e-14 0)
(1.5 -4.55107e-14 0)
(1.5 -1.32562e-13 0)
(1.5 -1.67087e-13 0)
(1.5 -1.36502e-13 0)
(1.5 -1.38947e-13 0)
(1.5 -1.3568e-13 0)
(1.5 -8.22373e-14 0)
(1.5 -1.80242e-13 0)
(1.5 -1.89521e-13 0)
(1.5 -1.37346e-13 0)
(1.5 -1.53036e-13 0)
(1.5 -2.21026e-13 0)
(1.5 -3.36562e-13 0)
(1.5 -2.94521e-13 0)
(1.5 -2.67875e-13 0)
(1.5 -3.20533e-13 0)
(1.5 -3.8868e-13 0)
(1.5 -6.7975e-13 0)
(1.5 -6.67316e-13 0)
(1.5 -6.41075e-13 0)
(1.5 -9.9339e-14 0)
(1.5 -1.56159e-13 0)
(1.5 -1.59148e-13 0)
(1.5 -8.96233e-14 0)
(1.5 1.51387e-14 0)
(1.5 8.30927e-14 0)
(1.5 9.24572e-14 0)
(1.5 1.10332e-13 0)
(1.5 1.28972e-13 0)
(1.5 1.50692e-13 0)
(1.5 1.59269e-13 0)
(1.5 1.23066e-13 0)
(1.5 8.21775e-14 0)
(1.5 -2.59118e-14 0)
(1.5 -2.21779e-14 0)
(1.5 -9.31291e-14 0)
(1.5 -1.70711e-13 0)
(1.5 -1.85599e-13 0)
(1.5 -1.93703e-13 0)
(1.5 -1.2087e-13 0)
(1.5 -7.58182e-14 0)
(1.5 -1.35303e-13 0)
(1.5 -1.35618e-13 0)
(1.5 -1.29654e-13 0)
(1.5 -8.20112e-14 0)
(1.5 -3.20944e-14 0)
(1.5 4.34646e-14 0)
(1.5 8.63808e-14 0)
(1.5 8.94309e-14 0)
(1.5 1.12723e-13 0)
(1.5 6.03397e-14 0)
(1.5 -4.16741e-14 0)
(1.5 -2.60755e-14 0)
(1.5 -5.63264e-14 0)
(1.5 -5.79032e-14 0)
(1.5 -2.82937e-14 0)
(1.5 -2.43554e-14 0)
(1.5 -8.65776e-14 0)
(1.5 -1.61649e-13 0)
(1.5 -1.7754e-13 0)
(1.5 -1.79062e-13 0)
(1.5 -9.33566e-14 0)
(1.5 -5.02249e-14 0)
(1.5 1.12069e-14 0)
(1.5 -7.00832e-14 0)
(1.5 -1.16045e-13 0)
(1.5 -1.06864e-13 0)
(1.5 -7.60872e-14 0)
(1.5 -7.33112e-14 0)
(1.5 -3.71208e-14 0)
(1.5 -5.49822e-14 0)
(1.5 -3.79757e-14 0)
(1.5 -4.22025e-14 0)
(1.5 -7.91408e-14 0)
(1.5 -1.43257e-13 0)
(1.5 -1.41282e-13 0)
(1.5 -1.64673e-13 0)
(1.5 -2.36824e-13 0)
(1.5 -2.11977e-13 0)
(1.5 -1.29693e-13 0)
(1.5 -7.80295e-14 0)
(1.5 -1.31627e-14 0)
(1.5 -5.97977e-14 0)
(1.5 -1.01432e-13 0)
(1.5 -8.46772e-14 0)
(1.5 -4.24369e-14 0)
(1.5 2.62273e-14 0)
(1.5 6.3578e-14 0)
(1.5 6.88566e-14 0)
(1.5 9.09595e-14 0)
(1.5 8.10502e-14 0)
(1.5 6.55012e-14 0)
(1.5 1.14223e-14 0)
(1.5 -3.46578e-14 0)
(1.5 -5.67743e-14 0)
(1.5 -6.07964e-14 0)
(1.5 -6.78445e-15 0)
(1.5 6.8247e-14 0)
(1.5 7.34903e-14 0)
(1.5 -3.75603e-14 0)
(1.5 -5.73821e-14 0)
(1.5 -5.73017e-14 0)
(1.5 -9.20903e-14 0)
(1.5 -1.31734e-13 0)
(1.5 -1.07026e-13 0)
(1.5 -6.71055e-14 0)
(1.5 -7.0854e-14 0)
(1.5 -9.15809e-14 0)
(1.5 -2.09007e-13 0)
(1.5 -2.51454e-13 0)
(1.5 -2.25972e-13 0)
(1.5 -2.63793e-13 0)
(1.5 -1.98431e-13 0)
(1.5 -1.59682e-13 0)
(1.5 -2.29988e-13 0)
(1.5 -2.84036e-13 0)
(1.5 -2.86977e-13 0)
(1.5 -2.82688e-13 0)
(1.5 -2.20953e-13 0)
(1.5 -2.18799e-13 0)
(1.5 -2.23867e-13 0)
(1.5 -1.7047e-13 0)
(1.5 -1.1543e-13 0)
(1.5 -1.23662e-13 0)
(1.5 -1.38031e-13 0)
(1.5 -8.92906e-14 0)
(1.5 -3.39607e-14 0)
(1.5 1.13149e-14 0)
(1.5 2.05931e-14 0)
(1.5 1.00812e-14 0)
(1.5 4.45345e-14 0)
(1.5 -1.28605e-13 0)
(1.5 -2.18501e-13 0)
(1.5 -1.76634e-13 0)
(1.5 -7.64035e-15 0)
(1.5 -2.57216e-14 0)
(1.5 -9.78361e-14 0)
(1.5 -6.39568e-14 0)
(1.5 -5.54749e-14 0)
(1.5 -3.34088e-14 0)
(1.5 -8.95235e-14 0)
(1.5 -1.43712e-13 0)
(1.5 -1.64687e-13 0)
(1.5 -1.65379e-13 0)
(1.5 -1.17459e-13 0)
(1.5 -5.55769e-14 0)
(1.5 -2.71912e-14 0)
(1.5 -3.33032e-14 0)
(1.5 -2.81663e-14 0)
(1.5 2.388e-14 0)
(1.5 3.48339e-14 0)
(1.5 2.15516e-14 0)
(1.5 6.99225e-14 0)
(1.5 6.76766e-14 0)
(1.5 4.17586e-14 0)
(1.5 -7.50362e-14 0)
(1.5 -1.17429e-13 0)
(1.5 -1.27788e-13 0)
(1.5 -1.21005e-13 0)
(1.5 -8.84404e-14 0)
(1.5 -1.66972e-13 0)
(1.5 -2.51093e-13 0)
(1.5 -2.36834e-13 0)
(1.5 -2.0747e-13 0)
(1.5 -2.85646e-13 0)
(1.5 -2.49678e-13 0)
(1.5 -1.59491e-13 0)
(1.5 -1.43886e-13 0)
(1.5 -1.13006e-13 0)
(1.5 -1.3273e-13 0)
(1.5 -1.58973e-13 0)
(1.5 -1.40603e-13 0)
(1.5 -1.69745e-13 0)
(1.5 -1.50777e-13 0)
(1.5 -4.12824e-14 0)
(1.5 -3.22805e-14 0)
(1.5 -6.82585e-14 0)
(1.5 -7.49228e-14 0)
(1.5 -1.26179e-13 0)
(1.5 -2.52653e-13 0)
(1.5 -3.82107e-13 0)
(1.5 -3.47229e-13 0)
(1.5 -2.58895e-13 0)
(1.5 -2.97904e-13 0)
(1.5 -2.43241e-13 0)
(1.5 -9.77974e-14 0)
(1.5 -7.43825e-14 0)
(1.5 -2.26967e-13 0)
(1.5 -3.1541e-13 0)
(1.5 -3.33477e-13 0)
(1.5 -2.73351e-13 0)
(1.5 -9.69333e-14 0)
(1.5 2.20992e-15 0)
(1.5 3.57155e-14 0)
(1.5 5.31269e-14 0)
(1.5 5.15612e-14 0)
(1.5 1.18819e-13 0)
(1.5 8.88692e-14 0)
(1.5 -6.68691e-14 0)
(1.5 -1.71115e-13 0)
(1.5 -2.65682e-13 0)
(1.5 -2.75487e-13 0)
(1.5 -1.15649e-13 0)
(1.5 -1.23252e-13 0)
(1.5 -1.2179e-13 0)
(1.5 -1.31652e-13 0)
(1.5 -1.22587e-13 0)
(1.5 -3.63456e-13 0)
(1.5 -4.84356e-13 0)
(1.5 -4.37759e-13 0)
(1.5 -4.03289e-13 0)
(1.5 -3.60333e-13 0)
(1.5 -3.17862e-13 0)
(1.5 -2.35106e-13 0)
(1.5 -2.06224e-13 0)
(1.5 -2.1115e-13 0)
(1.5 -2.99878e-13 0)
(1.5 -6.16304e-13 0)
(1.5 -6.25075e-13 0)
(1.5 -5.64034e-13 0)
(1.5 -9.89885e-14 0)
(1.5 -1.5007e-13 0)
(1.5 -1.58797e-13 0)
(1.5 -1.11415e-13 0)
(1.5 -7.9626e-14 0)
(1.5 -4.72618e-14 0)
(1.5 -3.86754e-14 0)
(1.5 -5.91672e-14 0)
(1.5 -2.89918e-14 0)
(1.5 6.97649e-14 0)
(1.5 1.20127e-13 0)
(1.5 1.33188e-13 0)
(1.5 1.51637e-13 0)
(1.5 8.90946e-14 0)
(1.5 8.74169e-14 0)
(1.5 -4.50722e-15 0)
(1.5 -8.87503e-14 0)
(1.5 -1.03178e-13 0)
(1.5 -1.47014e-13 0)
(1.5 -1.08272e-13 0)
(1.5 -1.55385e-13 0)
(1.5 -2.88356e-13 0)
(1.5 -3.0121e-13 0)
(1.5 -2.82109e-13 0)
(1.5 -2.33409e-13 0)
(1.5 -1.06727e-13 0)
(1.5 3.05673e-14 0)
(1.5 5.74556e-14 0)
(1.5 3.84846e-14 0)
(1.5 2.4216e-14 0)
(1.5 -7.83992e-15 0)
(1.5 1.03818e-14 0)
(1.5 3.33776e-15 0)
(1.5 -8.58939e-14 0)
(1.5 -4.54154e-14 0)
(1.5 -4.11098e-14 0)
(1.5 -1.37286e-13 0)
(1.5 -1.80669e-13 0)
(1.5 -2.03054e-13 0)
(1.5 -1.87126e-13 0)
(1.5 -1.46918e-13 0)
(1.5 -6.98482e-14 0)
(1.5 -5.00402e-14 0)
(1.5 2.77352e-14 0)
(1.5 -5.44133e-14 0)
(1.5 -8.66774e-14 0)
(1.5 -5.9216e-14 0)
(1.5 -3.72272e-14 0)
(1.5 -9.37232e-14 0)
(1.5 -3.07532e-14 0)
(1.5 -2.87304e-14 0)
(1.5 -5.53291e-14 0)
(1.5 -9.92578e-14 0)
(1.5 -1.2113e-13 0)
(1.5 -9.8034e-14 0)
(1.5 -1.00439e-13 0)
(1.5 -1.42551e-13 0)
(1.5 -1.88579e-13 0)
(1.5 -1.34308e-13 0)
(1.5 -6.61521e-14 0)
(1.5 -3.13139e-14 0)
(1.5 -6.42214e-14 0)
(1.5 -1.92104e-14 0)
(1.5 -5.18195e-14 0)
(1.5 -5.68145e-14 0)
(1.5 -6.93276e-14 0)
(1.5 -5.52714e-14 0)
(1.5 1.65132e-14 0)
(1.5 1.59674e-15 0)
(1.5 8.46144e-15 0)
(1.5 6.31473e-15 0)
(1.5 4.0096e-14 0)
(1.5 -2.39703e-14 0)
(1.5 -4.46725e-14 0)
(1.5 -2.16463e-14 0)
(1.5 -2.07759e-14 0)
(1.5 -4.02883e-14 0)
(1.5 -2.49262e-14 0)
(1.5 -2.721e-14 0)
(1.5 -1.11721e-13 0)
(1.5 -9.6748e-14 0)
(1.5 -8.88486e-14 0)
(1.5 -6.55416e-14 0)
(1.5 -8.22044e-14 0)
(1.5 -7.65705e-14 0)
(1.5 -4.00898e-15 0)
(1.5 -4.02498e-14 0)
(1.5 -9.65773e-14 0)
(1.5 -1.52244e-13 0)
(1.5 -1.62667e-13 0)
(1.5 -1.19992e-13 0)
(1.5 -1.09827e-13 0)
(1.5 -1.72219e-13 0)
(1.5 -2.26389e-13 0)
(1.5 -2.72435e-13 0)
(1.5 -2.82778e-13 0)
(1.5 -2.85457e-13 0)
(1.5 -3.01405e-13 0)
(1.5 -2.61495e-13 0)
(1.5 -2.31724e-13 0)
(1.5 -1.14148e-13 0)
(1.5 -4.15688e-14 0)
(1.5 1.38312e-15 0)
(1.5 2.01581e-14 0)
(1.5 -1.73556e-14 0)
(1.5 -8.20739e-14 0)
(1.5 -7.87968e-14 0)
(1.5 -6.54431e-14 0)
(1.5 -3.18863e-14 0)
(1.5 -1.41166e-14 0)
(1.5 -5.82813e-14 0)
(1.5 -1.8053e-13 0)
(1.5 -2.16685e-13 0)
(1.5 -1.85074e-13 0)
(1.5 -1.18799e-13 0)
(1.5 -7.37994e-14 0)
(1.5 -9.91794e-14 0)
(1.5 -9.69988e-14 0)
(1.5 -8.99097e-14 0)
(1.5 -1.02447e-13 0)
(1.5 -1.45136e-13 0)
(1.5 -1.52803e-13 0)
(1.5 -1.27442e-13 0)
(1.5 -1.16063e-13 0)
(1.5 -3.55322e-14 0)
(1.5 4.94046e-15 0)
(1.5 -1.3567e-14 0)
(1.5 4.13903e-15 0)
(1.5 -1.47054e-14 0)
(1.5 -3.64622e-14 0)
(1.5 2.03337e-14 0)
(1.5 7.06792e-14 0)
(1.5 1.39608e-13 0)
(1.5 1.35148e-13 0)
(1.5 1.74666e-13 0)
(1.5 7.35062e-14 0)
(1.5 -5.20711e-14 0)
(1.5 -6.11737e-14 0)
(1.5 -8.29086e-14 0)
(1.5 -1.25878e-13 0)
(1.5 -1.71271e-13 0)
(1.5 -2.26114e-13 0)
(1.5 -2.8534e-13 0)
(1.5 -2.14542e-13 0)
(1.5 -2.65689e-13 0)
(1.5 -2.76362e-13 0)
(1.5 -2.08514e-13 0)
(1.5 -2.12234e-13 0)
(1.5 -2.42966e-13 0)
(1.5 -1.75661e-13 0)
(1.5 -1.32253e-13 0)
(1.5 -8.75898e-14 0)
(1.5 -9.08117e-14 0)
(1.5 -8.00557e-14 0)
(1.5 -4.25342e-14 0)
(1.5 4.00004e-15 0)
(1.5 -5.76027e-14 0)
(1.5 -1.39472e-13 0)
(1.5 -2.46897e-13 0)
(1.5 -3.39187e-13 0)
(1.5 -3.18771e-13 0)
(1.5 -2.72243e-13 0)
(1.5 -3.34608e-13 0)
(1.5 -2.84538e-13 0)
(1.5 -2.18718e-13 0)
(1.5 -1.89929e-13 0)
(1.5 -1.78868e-13 0)
(1.5 -2.01129e-13 0)
(1.5 -2.27073e-13 0)
(1.5 -2.46305e-13 0)
(1.5 -2.14905e-13 0)
(1.5 -8.24342e-14 0)
(1.5 -2.97623e-14 0)
(1.5 1.38968e-14 0)
(1.5 6.80638e-15 0)
(1.5 -2.18041e-15 0)
(1.5 6.20271e-14 0)
(1.5 -7.61406e-14 0)
(1.5 -3.01e-13 0)
(1.5 -3.7081e-13 0)
(1.5 -3.59286e-13 0)
(1.5 -2.85103e-13 0)
(1.5 -8.37259e-14 0)
(1.5 -3.54504e-14 0)
(1.5 -4.16338e-15 0)
(1.5 1.08878e-14 0)
(1.5 -6.75955e-14 0)
(1.5 -4.40824e-13 0)
(1.5 -5.8223e-13 0)
(1.5 -5.89713e-13 0)
(1.5 -5.45775e-13 0)
(1.5 -3.75312e-13 0)
(1.5 -1.44849e-13 0)
(1.5 -7.10319e-14 0)
(1.5 -9.90957e-14 0)
(1.5 -1.16957e-13 0)
(1.5 -2.4943e-13 0)
(1.5 -4.78678e-13 0)
(1.5 -5.4679e-13 0)
(1.5 -4.91032e-13 0)
(1.5 -5.06038e-14 0)
(1.5 -1.55885e-13 0)
(1.5 -2.16819e-13 0)
(1.5 -2.28505e-13 0)
(1.5 -1.89381e-13 0)
(1.5 -1.49274e-13 0)
(1.5 -1.67817e-13 0)
(1.5 -2.04607e-13 0)
(1.5 -1.76826e-13 0)
(1.5 -9.09795e-14 0)
(1.5 -3.9377e-14 0)
(1.5 7.85921e-14 0)
(1.5 1.88296e-13 0)
(1.5 1.64516e-13 0)
(1.5 9.56865e-14 0)
(1.5 4.34655e-14 0)
(1.5 -5.05787e-15 0)
(1.5 -6.99778e-15 0)
(1.5 -5.99055e-14 0)
(1.5 -1.08581e-13 0)
(1.5 -1.87741e-13 0)
(1.5 -2.97416e-13 0)
(1.5 -2.98888e-13 0)
(1.5 -2.97326e-13 0)
(1.5 -3.1876e-13 0)
(1.5 -2.10948e-13 0)
(1.5 -1.06557e-13 0)
(1.5 -3.31694e-14 0)
(1.5 -7.67046e-15 0)
(1.5 -5.97383e-14 0)
(1.5 -4.97558e-14 0)
(1.5 5.80121e-14 0)
(1.5 2.49163e-14 0)
(1.5 -2.43202e-14 0)
(1.5 -4.17037e-14 0)
(1.5 -6.53501e-14 0)
(1.5 -1.39591e-13 0)
(1.5 -1.55927e-13 0)
(1.5 -9.61072e-14 0)
(1.5 -9.87781e-14 0)
(1.5 -1.09756e-13 0)
(1.5 -7.9332e-14 0)
(1.5 -5.30788e-14 0)
(1.5 -3.56356e-14 0)
(1.5 -5.91476e-14 0)
(1.5 -6.05254e-14 0)
(1.5 -3.79134e-14 0)
(1.5 -4.62856e-14 0)
(1.5 -1.01601e-13 0)
(1.5 -1.11126e-13 0)
(1.5 -8.77561e-14 0)
(1.5 -1.09259e-13 0)
(1.5 -1.71982e-13 0)
(1.5 -1.45151e-13 0)
(1.5 -8.60707e-14 0)
(1.5 -7.35823e-14 0)
(1.5 -6.28409e-14 0)
(1.5 -8.8876e-14 0)
(1.5 -6.76939e-14 0)
(1.5 -1.11801e-14 0)
(1.5 2.19025e-14 0)
(1.5 -4.93811e-14 0)
(1.5 6.18393e-15 0)
(1.5 -1.67963e-15 0)
(1.5 -7.67061e-15 0)
(1.5 -4.14581e-14 0)
(1.5 -8.29078e-14 0)
(1.5 -2.50943e-14 0)
(1.5 -2.71567e-14 0)
(1.5 -5.42317e-14 0)
(1.5 -5.05757e-14 0)
(1.5 -1.73329e-14 0)
(1.5 2.92593e-14 0)
(1.5 1.26148e-14 0)
(1.5 5.43665e-14 0)
(1.5 5.3007e-14 0)
(1.5 -5.20549e-14 0)
(1.5 -1.16021e-13 0)
(1.5 -1.33525e-13 0)
(1.5 -9.48824e-14 0)
(1.5 -1.48232e-14 0)
(1.5 -3.87815e-14 0)
(1.5 -5.83995e-14 0)
(1.5 -6.06574e-14 0)
(1.5 -6.47166e-14 0)
(1.5 -4.2884e-14 0)
(1.5 -7.66524e-14 0)
(1.5 -9.73345e-14 0)
(1.5 -7.22952e-14 0)
(1.5 -7.41285e-14 0)
(1.5 -3.84034e-14 0)
(1.5 -1.29627e-14 0)
(1.5 -1.54045e-13 0)
(1.5 -2.74936e-13 0)
(1.5 -2.51254e-13 0)
(1.5 -2.85752e-13 0)
(1.5 -2.62732e-13 0)
(1.5 -3.18954e-13 0)
(1.5 -3.06917e-13 0)
(1.5 -2.21757e-13 0)
(1.5 -9.56441e-14 0)
(1.5 -3.91325e-14 0)
(1.5 -2.94613e-14 0)
(1.5 -1.12962e-14 0)
(1.5 1.61211e-14 0)
(1.5 -3.87164e-15 0)
(1.5 -7.72042e-14 0)
(1.5 -1.96857e-13 0)
(1.5 -2.08981e-13 0)
(1.5 -1.15113e-13 0)
(1.5 -1.53872e-13 0)
(1.5 -1.32989e-13 0)
(1.5 -7.8299e-14 0)
(1.5 -3.78831e-14 0)
(1.5 -5.60811e-14 0)
(1.5 6.66474e-15 0)
(1.5 6.30197e-14 0)
(1.5 2.28844e-14 0)
(1.5 5.24643e-14 0)
(1.5 5.90895e-14 0)
(1.5 2.09052e-14 0)
(1.5 -6.14423e-14 0)
(1.5 -2.12637e-15 0)
(1.5 2.22156e-14 0)
(1.5 5.56938e-14 0)
(1.5 9.61853e-14 0)
(1.5 5.47332e-14 0)
(1.5 6.5397e-15 0)
(1.5 -7.3725e-14 0)
(1.5 -1.43367e-13 0)
(1.5 1.47971e-14 0)
(1.5 6.66135e-14 0)
(1.5 7.39628e-14 0)
(1.5 9.48306e-14 0)
(1.5 1.44175e-13 0)
(1.5 1.12033e-13 0)
(1.5 5.74657e-14 0)
(1.5 8.35445e-14 0)
(1.5 1.69974e-15 0)
(1.5 -1.33049e-13 0)
(1.5 -1.58516e-13 0)
(1.5 -1.93919e-13 0)
(1.5 -2.42168e-13 0)
(1.5 -2.18832e-13 0)
(1.5 -1.69977e-13 0)
(1.5 -1.58001e-13 0)
(1.5 -1.40766e-13 0)
(1.5 -1.77715e-13 0)
(1.5 -2.57781e-13 0)
(1.5 -1.83e-13 0)
(1.5 -4.66006e-14 0)
(1.5 -1.40201e-14 0)
(1.5 -3.01447e-14 0)
(1.5 -5.27752e-14 0)
(1.5 -1.00572e-13 0)
(1.5 -1.64312e-14 0)
(1.5 -5.71911e-14 0)
(1.5 -1.84969e-13 0)
(1.5 -3.0256e-13 0)
(1.5 -3.20352e-13 0)
(1.5 -2.59175e-13 0)
(1.5 -1.71474e-13 0)
(1.5 -3.04493e-13 0)
(1.5 -3.10903e-13 0)
(1.5 -2.66851e-13 0)
(1.5 -2.63058e-13 0)
(1.5 -2.92649e-13 0)
(1.5 -2.61936e-13 0)
(1.5 -2.71668e-13 0)
(1.5 -2.47116e-13 0)
(1.5 -1.33511e-13 0)
(1.5 -5.25036e-14 0)
(1.5 6.89875e-14 0)
(1.5 1.3268e-13 0)
(1.5 7.76175e-14 0)
(1.5 3.96157e-14 0)
(1.5 -6.6582e-15 0)
(1.5 -1.94531e-13 0)
(1.5 -3.43885e-13 0)
(1.5 -3.57909e-13 0)
(1.5 -2.52354e-13 0)
(1.5 -1.30564e-13 0)
(1.5 -5.74552e-14 0)
(1.5 6.5416e-14 0)
(1.5 1.34936e-13 0)
(1.5 1.23917e-13 0)
(1.5 -8.13041e-15 0)
(1.5 -3.69169e-13 0)
(1.5 -5.36109e-13 0)
(1.5 -6.22478e-13 0)
(1.5 -5.89202e-13 0)
(1.5 -3.87737e-13 0)
(1.5 -7.4575e-14 0)
(1.5 -3.90466e-14 0)
(1.5 -9.10514e-14 0)
(1.5 -1.46339e-13 0)
(1.5 -2.18689e-13 0)
(1.5 -3.03205e-13 0)
(1.5 -3.76704e-13 0)
(1.5 -3.85054e-13 0)
(1.5 -1.72606e-14 0)
(1.5 -1.20454e-13 0)
(1.5 -1.75945e-13 0)
(1.5 -1.94397e-13 0)
(1.5 -1.7029e-13 0)
(1.5 -1.37154e-13 0)
(1.5 -2.16354e-13 0)
(1.5 -2.39532e-13 0)
(1.5 -1.92399e-13 0)
(1.5 -1.57347e-13 0)
(1.5 -1.11708e-13 0)
(1.5 2.31178e-14 0)
(1.5 1.25036e-13 0)
(1.5 1.4668e-13 0)
(1.5 1.05199e-13 0)
(1.5 9.56834e-14 0)
(1.5 8.98754e-14 0)
(1.5 4.58019e-14 0)
(1.5 -9.62608e-15 0)
(1.5 -4.64909e-14 0)
(1.5 -9.14354e-14 0)
(1.5 -1.37166e-13 0)
(1.5 -1.89456e-13 0)
(1.5 -1.99349e-13 0)
(1.5 -2.05232e-13 0)
(1.5 -1.69208e-13 0)
(1.5 -1.55386e-13 0)
(1.5 -1.3651e-13 0)
(1.5 -1.03468e-13 0)
(1.5 -1.12271e-13 0)
(1.5 -7.79943e-14 0)
(1.5 2.3775e-14 0)
(1.5 5.84501e-15 0)
(1.5 -3.52808e-16 0)
(1.5 -3.9761e-14 0)
(1.5 -3.92857e-14 0)
(1.5 -2.16038e-14 0)
(1.5 -3.97404e-14 0)
(1.5 -3.86947e-14 0)
(1.5 -5.35864e-14 0)
(1.5 -9.22562e-14 0)
(1.5 -1.36849e-13 0)
(1.5 -1.14609e-13 0)
(1.5 -1.15315e-13 0)
(1.5 -9.88322e-14 0)
(1.5 -3.43859e-14 0)
(1.5 -4.65841e-14 0)
(1.5 -6.26938e-14 0)
(1.5 -9.11347e-14 0)
(1.5 -1.20026e-13 0)
(1.5 -1.43806e-13 0)
(1.5 -1.7042e-13 0)
(1.5 -1.31369e-13 0)
(1.5 -8.37207e-14 0)
(1.5 -7.34593e-14 0)
(1.5 -3.56525e-14 0)
(1.5 -7.45515e-15 0)
(1.5 -3.96215e-14 0)
(1.5 -5.01469e-14 0)
(1.5 5.58091e-15 0)
(1.5 2.47305e-14 0)
(1.5 2.23955e-14 0)
(1.5 -4.11484e-15 0)
(1.5 1.36745e-14 0)
(1.5 4.1756e-14 0)
(1.5 8.99608e-15 0)
(1.5 -3.31765e-14 0)
(1.5 -5.06898e-14 0)
(1.5 -4.48998e-14 0)
(1.5 -9.26682e-14 0)
(1.5 -1.06949e-13 0)
(1.5 -6.7265e-14 0)
(1.5 -1.08264e-16 0)
(1.5 4.2702e-14 0)
(1.5 2.74323e-14 0)
(1.5 -1.90254e-15 0)
(1.5 -2.16153e-14 0)
(1.5 -1.82208e-14 0)
(1.5 -3.91276e-14 0)
(1.5 -2.31602e-14 0)
(1.5 7.6517e-15 0)
(1.5 -1.13972e-14 0)
(1.5 -3.3439e-14 0)
(1.5 -4.26801e-14 0)
(1.5 -3.56463e-14 0)
(1.5 -7.5582e-14 0)
(1.5 -6.40827e-14 0)
(1.5 -1.04475e-13 0)
(1.5 -8.92352e-14 0)
(1.5 -4.08234e-14 0)
(1.5 -3.52853e-14 0)
(1.5 -6.63163e-14 0)
(1.5 -1.63032e-13 0)
(1.5 -2.66146e-13 0)
(1.5 -3.16628e-13 0)
(1.5 -3.4506e-13 0)
(1.5 -2.60611e-13 0)
(1.5 -2.17326e-13 0)
(1.5 -2.36455e-13 0)
(1.5 -2.10401e-13 0)
(1.5 -2.00048e-13 0)
(1.5 -1.17152e-13 0)
(1.5 -9.32003e-14 0)
(1.5 -4.71056e-14 0)
(1.5 2.63487e-15 0)
(1.5 -2.10046e-14 0)
(1.5 -1.27688e-13 0)
(1.5 -2.66548e-13 0)
(1.5 -2.43911e-13 0)
(1.5 -1.92461e-13 0)
(1.5 -1.75682e-13 0)
(1.5 -5.98924e-14 0)
(1.5 1.01778e-13 0)
(1.5 8.18586e-14 0)
(1.5 2.01077e-14 0)
(1.5 -1.23279e-14 0)
(1.5 -8.91269e-17 0)
(1.5 8.28109e-14 0)
(1.5 9.15166e-14 0)
(1.5 6.39615e-14 0)
(1.5 7.57774e-14 0)
(1.5 3.71424e-14 0)
(1.5 6.56055e-14 0)
(1.5 1.46209e-13 0)
(1.5 1.89358e-13 0)
(1.5 1.53716e-13 0)
(1.5 5.81442e-14 0)
(1.5 -1.29448e-14 0)
(1.5 -7.63739e-14 0)
(1.5 -9.01499e-14 0)
(1.5 5.08528e-14 0)
(1.5 1.03544e-13 0)
(1.5 7.24605e-14 0)
(1.5 9.14822e-14 0)
(1.5 1.04079e-13 0)
(1.5 5.07342e-14 0)
(1.5 2.11873e-14 0)
(1.5 2.5696e-14 0)
(1.5 3.81171e-15 0)
(1.5 -7.56673e-14 0)
(1.5 -9.31151e-14 0)
(1.5 -1.18319e-13 0)
(1.5 -1.52962e-13 0)
(1.5 -1.12087e-13 0)
(1.5 -5.06212e-14 0)
(1.5 -9.72469e-14 0)
(1.5 -1.7482e-13 0)
(1.5 -1.93266e-13 0)
(1.5 -2.51328e-13 0)
(1.5 -1.98076e-13 0)
(1.5 -1.41818e-13 0)
(1.5 -1.24725e-13 0)
(1.5 -7.08061e-14 0)
(1.5 -6.46965e-14 0)
(1.5 -7.86002e-14 0)
(1.5 -7.56079e-14 0)
(1.5 -5.92482e-14 0)
(1.5 -1.85196e-13 0)
(1.5 -2.43767e-13 0)
(1.5 -2.50931e-13 0)
(1.5 -1.97689e-13 0)
(1.5 -1.05029e-13 0)
(1.5 -2.35452e-13 0)
(1.5 -3.3454e-13 0)
(1.5 -3.24937e-13 0)
(1.5 -3.11426e-13 0)
(1.5 -2.6673e-13 0)
(1.5 -1.96476e-13 0)
(1.5 -1.84882e-13 0)
(1.5 -1.47868e-13 0)
(1.5 -8.62064e-14 0)
(1.5 -2.9708e-14 0)
(1.5 2.13789e-13 0)
(1.5 1.90468e-13 0)
(1.5 5.48635e-14 0)
(1.5 -6.53108e-14 0)
(1.5 -1.90909e-13 0)
(1.5 -2.50396e-13 0)
(1.5 -2.67938e-13 0)
(1.5 -2.37647e-13 0)
(1.5 -4.43375e-14 0)
(1.5 7.02947e-14 0)
(1.5 1.24463e-13 0)
(1.5 1.88863e-13 0)
(1.5 1.91973e-13 0)
(1.5 1.04185e-13 0)
(1.5 -2.32187e-14 0)
(1.5 -2.73772e-13 0)
(1.5 -5.21222e-13 0)
(1.5 -6.14903e-13 0)
(1.5 -5.19152e-13 0)
(1.5 -3.47551e-13 0)
(1.5 -4.67126e-14 0)
(1.5 1.38599e-14 0)
(1.5 -5.97985e-14 0)
(1.5 -1.28941e-13 0)
(1.5 -1.27562e-13 0)
(1.5 -1.1694e-13 0)
(1.5 -1.79089e-13 0)
(1.5 -2.33969e-13 0)
(1.5 -1.95752e-14 0)
(1.5 -4.57202e-14 0)
(1.5 -5.23281e-14 0)
(1.5 -3.87778e-14 0)
(1.5 -9.92594e-14 0)
(1.5 -1.85065e-13 0)
(1.5 -2.12132e-13 0)
(1.5 -1.74848e-13 0)
(1.5 -1.21269e-13 0)
(1.5 -1.36817e-13 0)
(1.5 -5.65407e-14 0)
(1.5 5.64523e-14 0)
(1.5 1.03999e-13 0)
(1.5 1.54187e-13 0)
(1.5 1.5651e-13 0)
(1.5 1.24546e-13 0)
(1.5 1.36964e-13 0)
(1.5 4.42737e-14 0)
(1.5 -8.56934e-15 0)
(1.5 -7.0725e-15 0)
(1.5 -2.09094e-14 0)
(1.5 -2.92915e-16 0)
(1.5 -6.83612e-14 0)
(1.5 -1.09903e-13 0)
(1.5 -2.41924e-14 0)
(1.5 -6.77877e-14 0)
(1.5 -9.76953e-14 0)
(1.5 -1.39362e-13 0)
(1.5 -1.61817e-13 0)
(1.5 -9.0893e-14 0)
(1.5 -6.63931e-14 0)
(1.5 -1.22326e-14 0)
(1.5 1.30949e-14 0)
(1.5 -2.85465e-15 0)
(1.5 1.85773e-15 0)
(1.5 1.22342e-14 0)
(1.5 1.29879e-14 0)
(1.5 3.06711e-15 0)
(1.5 -1.73664e-14 0)
(1.5 -4.54657e-14 0)
(1.5 -5.14976e-14 0)
(1.5 -1.02895e-13 0)
(1.5 -1.04346e-13 0)
(1.5 -9.6611e-14 0)
(1.5 -8.06063e-14 0)
(1.5 -6.38146e-14 0)
(1.5 -6.35809e-14 0)
(1.5 -6.62818e-14 0)
(1.5 -4.78914e-14 0)
(1.5 -4.96423e-14 0)
(1.5 -8.9568e-14 0)
(1.5 -1.10913e-13 0)
(1.5 -6.88315e-14 0)
(1.5 -7.14583e-14 0)
(1.5 7.60726e-15 0)
(1.5 1.96503e-14 0)
(1.5 1.9921e-14 0)
(1.5 -4.36187e-15 0)
(1.5 3.65629e-14 0)
(1.5 4.78896e-14 0)
(1.5 4.38664e-14 0)
(1.5 5.21242e-14 0)
(1.5 2.1837e-14 0)
(1.5 4.43426e-14 0)
(1.5 6.14756e-14 0)
(1.5 3.78363e-14 0)
(1.5 9.74941e-15 0)
(1.5 -4.46459e-14 0)
(1.5 -3.04387e-14 0)
(1.5 -1.74271e-14 0)
(1.5 -7.01779e-14 0)
(1.5 -1.1585e-13 0)
(1.5 -6.74015e-14 0)
(1.5 4.04327e-14 0)
(1.5 -3.93308e-14 0)
(1.5 -6.55427e-14 0)
(1.5 -5.81302e-14 0)
(1.5 2.36095e-14 0)
(1.5 3.89477e-14 0)
(1.5 -2.40216e-15 0)
(1.5 -4.5052e-14 0)
(1.5 -3.24362e-14 0)
(1.5 -7.03116e-14 0)
(1.5 -2.24155e-14 0)
(1.5 9.79169e-15 0)
(1.5 8.5474e-15 0)
(1.5 -2.17432e-14 0)
(1.5 -5.4487e-15 0)
(1.5 -1.89363e-15 0)
(1.5 8.14979e-14 0)
(1.5 2.95404e-14 0)
(1.5 -1.14535e-13 0)
(1.5 -1.52986e-13 0)
(1.5 -1.56082e-13 0)
(1.5 -2.56417e-13 0)
(1.5 -2.76975e-13 0)
(1.5 -1.6879e-13 0)
(1.5 -1.16743e-13 0)
(1.5 -1.56137e-13 0)
(1.5 -2.20751e-13 0)
(1.5 -2.6813e-13 0)
(1.5 -1.19122e-13 0)
(1.5 -3.39721e-14 0)
(1.5 3.74819e-14 0)
(1.5 5.78451e-15 0)
(1.5 -1.5607e-13 0)
(1.5 -2.76446e-13 0)
(1.5 -2.44671e-13 0)
(1.5 -1.64418e-13 0)
(1.5 -1.54557e-13 0)
(1.5 -9.79507e-14 0)
(1.5 8.24366e-14 0)
(1.5 1.86157e-13 0)
(1.5 6.49214e-14 0)
(1.5 -7.34298e-14 0)
(1.5 -1.9768e-13 0)
(1.5 -1.54459e-13 0)
(1.5 -3.40051e-14 0)
(1.5 -4.17013e-15 0)
(1.5 -3.82838e-14 0)
(1.5 -3.236e-14 0)
(1.5 1.16507e-14 0)
(1.5 1.93033e-14 0)
(1.5 8.70327e-14 0)
(1.5 9.78678e-14 0)
(1.5 8.0408e-14 0)
(1.5 6.8796e-15 0)
(1.5 1.88289e-15 0)
(1.5 -7.50489e-15 0)
(1.5 -7.72655e-15 0)
(1.5 4.57037e-14 0)
(1.5 1.18804e-13 0)
(1.5 1.72059e-13 0)
(1.5 1.86412e-13 0)
(1.5 1.0311e-13 0)
(1.5 4.49218e-14 0)
(1.5 3.74197e-14 0)
(1.5 4.24055e-14 0)
(1.5 3.30747e-14 0)
(1.5 5.36812e-16 0)
(1.5 -1.52153e-14 0)
(1.5 -4.25898e-14 0)
(1.5 -1.42005e-13 0)
(1.5 -1.43895e-13 0)
(1.5 -5.76054e-14 0)
(1.5 -1.12977e-13 0)
(1.5 -1.41853e-13 0)
(1.5 -1.39084e-13 0)
(1.5 -1.68696e-13 0)
(1.5 -1.81372e-13 0)
(1.5 -1.07332e-13 0)
(1.5 -8.14299e-14 0)
(1.5 -3.33392e-14 0)
(1.5 -4.78815e-14 0)
(1.5 -5.57681e-14 0)
(1.5 -1.16033e-13 0)
(1.5 -4.98053e-14 0)
(1.5 -8.39639e-14 0)
(1.5 -1.25407e-13 0)
(1.5 -1.41489e-13 0)
(1.5 -1.37896e-13 0)
(1.5 -1.26562e-13 0)
(1.5 -1.81177e-13 0)
(1.5 -2.36597e-13 0)
(1.5 -2.50095e-13 0)
(1.5 -2.83623e-13 0)
(1.5 -2.29981e-13 0)
(1.5 -1.54098e-13 0)
(1.5 -7.28628e-14 0)
(1.5 1.67008e-15 0)
(1.5 2.88618e-14 0)
(1.5 2.8062e-15 0)
(1.5 1.15786e-13 0)
(1.5 4.80117e-14 0)
(1.5 -2.22767e-14 0)
(1.5 -1.32019e-13 0)
(1.5 -2.48546e-13 0)
(1.5 -2.35539e-13 0)
(1.5 -1.86287e-13 0)
(1.5 -1.20477e-13 0)
(1.5 1.50336e-15 0)
(1.5 8.53337e-14 0)
(1.5 1.4348e-13 0)
(1.5 2.29444e-13 0)
(1.5 1.35182e-13 0)
(1.5 2.67159e-14 0)
(1.5 -5.83411e-14 0)
(1.5 -2.26569e-13 0)
(1.5 -4.44193e-13 0)
(1.5 -5.24237e-13 0)
(1.5 -4.43354e-13 0)
(1.5 -2.91032e-13 0)
(1.5 -1.96921e-13 0)
(1.5 -1.87214e-13 0)
(1.5 -1.43895e-13 0)
(1.5 -1.24262e-13 0)
(1.5 -9.14572e-14 0)
(1.5 -5.0263e-14 0)
(1.5 -8.23515e-14 0)
(1.5 -1.292e-13 0)
(1.5 -3.20275e-15 0)
(1.5 1.03202e-14 0)
(1.5 3.20159e-14 0)
(1.5 2.52488e-14 0)
(1.5 -6.57375e-14 0)
(1.5 -1.77607e-13 0)
(1.5 -9.58214e-14 0)
(1.5 -8.71828e-14 0)
(1.5 -1.28627e-13 0)
(1.5 -1.32733e-13 0)
(1.5 -5.68258e-14 0)
(1.5 5.71954e-14 0)
(1.5 8.02062e-14 0)
(1.5 7.63972e-14 0)
(1.5 8.24533e-14 0)
(1.5 1.18564e-13 0)
(1.5 9.88018e-14 0)
(1.5 1.10264e-13 0)
(1.5 5.06174e-14 0)
(1.5 -3.2772e-14 0)
(1.5 -5.60866e-14 0)
(1.5 -9.40211e-15 0)
(1.5 -2.36129e-14 0)
(1.5 -6.28757e-14 0)
(1.5 -6.32636e-15 0)
(1.5 -6.39889e-14 0)
(1.5 -7.17322e-14 0)
(1.5 -1.12069e-13 0)
(1.5 -6.9654e-14 0)
(1.5 -1.49969e-14 0)
(1.5 -3.95015e-14 0)
(1.5 -2.61338e-14 0)
(1.5 2.93145e-14 0)
(1.5 5.17281e-14 0)
(1.5 5.82746e-14 0)
(1.5 4.49282e-14 0)
(1.5 2.21953e-14 0)
(1.5 1.11185e-14 0)
(1.5 4.66114e-14 0)
(1.5 -1.17444e-14 0)
(1.5 -2.61761e-15 0)
(1.5 -3.28083e-14 0)
(1.5 -6.80836e-14 0)
(1.5 -9.50383e-14 0)
(1.5 -7.48517e-14 0)
(1.5 -9.65096e-14 0)
(1.5 -6.96594e-14 0)
(1.5 -7.53733e-14 0)
(1.5 -3.81693e-14 0)
(1.5 -1.35065e-14 0)
(1.5 -3.54803e-14 0)
(1.5 -5.77755e-14 0)
(1.5 -8.70175e-14 0)
(1.5 -8.41832e-14 0)
(1.5 9.96381e-15 0)
(1.5 1.68296e-14 0)
(1.5 4.41241e-14 0)
(1.5 2.97268e-14 0)
(1.5 8.83124e-14 0)
(1.5 6.64823e-14 0)
(1.5 1.91334e-14 0)
(1.5 5.60565e-14 0)
(1.5 5.1807e-14 0)
(1.5 6.95605e-14 0)
(1.5 5.28997e-14 0)
(1.5 4.1341e-14 0)
(1.5 3.36161e-14 0)
(1.5 1.16361e-14 0)
(1.5 2.44367e-14 0)
(1.5 -1.54888e-14 0)
(1.5 -3.34627e-14 0)
(1.5 -1.14352e-13 0)
(1.5 -6.06555e-14 0)
(1.5 -3.89066e-14 0)
(1.5 -9.81457e-14 0)
(1.5 -4.05644e-14 0)
(1.5 -6.23983e-15 0)
(1.5 -2.68423e-14 0)
(1.5 -7.00071e-15 0)
(1.5 -3.05201e-14 0)
(1.5 -2.51535e-14 0)
(1.5 -4.64984e-14 0)
(1.5 -1.1981e-13 0)
(1.5 1.09923e-15 0)
(1.5 4.94076e-14 0)
(1.5 6.83329e-14 0)
(1.5 4.20515e-14 0)
(1.5 7.77132e-14 0)
(1.5 1.09793e-13 0)
(1.5 9.40955e-14 0)
(1.5 8.19611e-14 0)
(1.5 -3.79823e-14 0)
(1.5 -6.04637e-14 0)
(1.5 -3.81822e-14 0)
(1.5 -9.15835e-14 0)
(1.5 -1.15042e-13 0)
(1.5 -1.59764e-13 0)
(1.5 -2.18549e-13 0)
(1.5 -2.05114e-13 0)
(1.5 -2.36744e-13 0)
(1.5 -2.4732e-13 0)
(1.5 -1.77669e-13 0)
(1.5 -9.50115e-14 0)
(1.5 -6.86965e-14 0)
(1.5 -1.21847e-13 0)
(1.5 -2.09821e-13 0)
(1.5 -2.72729e-13 0)
(1.5 -1.72761e-13 0)
(1.5 -6.76809e-14 0)
(1.5 -5.85558e-14 0)
(1.5 -2.44383e-14 0)
(1.5 1.4037e-13 0)
(1.5 1.24736e-13 0)
(1.5 5.59172e-14 0)
(1.5 -3.68131e-14 0)
(1.5 -1.04261e-13 0)
(1.5 -5.78753e-14 0)
(1.5 -8.37432e-14 0)
(1.5 -7.91288e-14 0)
(1.5 -4.73901e-14 0)
(1.5 -4.68562e-14 0)
(1.5 -2.43818e-14 0)
(1.5 1.02169e-14 0)
(1.5 4.38596e-14 0)
(1.5 4.08888e-14 0)
(1.5 7.06532e-14 0)
(1.5 1.19655e-13 0)
(1.5 1.01469e-13 0)
(1.5 9.31586e-14 0)
(1.5 7.59507e-14 0)
(1.5 7.91129e-14 0)
(1.5 6.46157e-14 0)
(1.5 2.16562e-13 0)
(1.5 2.64208e-13 0)
(1.5 1.39145e-13 0)
(1.5 3.84208e-14 0)
(1.5 5.66435e-14 0)
(1.5 7.88272e-14 0)
(1.5 1.08605e-13 0)
(1.5 1.58747e-13 0)
(1.5 1.31731e-13 0)
(1.5 7.53098e-14 0)
(1.5 -3.76831e-14 0)
(1.5 -6.78124e-14 0)
(1.5 7.16488e-15 0)
(1.5 3.93163e-14 0)
(1.5 2.31744e-14 0)
(1.5 8.36211e-15 0)
(1.5 -1.72503e-14 0)
(1.5 -8.68057e-14 0)
(1.5 -6.48913e-14 0)
(1.5 -4.12181e-14 0)
(1.5 -4.24448e-14 0)
(1.5 -5.53009e-14 0)
(1.5 -9.33179e-14 0)
(1.5 -9.62669e-14 0)
(1.5 1.22746e-14 0)
(1.5 4.96101e-14 0)
(1.5 7.20594e-16 0)
(1.5 -2.04025e-14 0)
(1.5 -1.17716e-14 0)
(1.5 -6.64008e-14 0)
(1.5 -8.90328e-14 0)
(1.5 -1.22196e-13 0)
(1.5 -1.84298e-13 0)
(1.5 -2.19202e-13 0)
(1.5 -2.48497e-13 0)
(1.5 -2.24764e-13 0)
(1.5 -1.10142e-13 0)
(1.5 4.62605e-14 0)
(1.5 9.62398e-14 0)
(1.5 -1.4013e-14 0)
(1.5 -8.33855e-14 0)
(1.5 -1.02553e-13 0)
(1.5 -1.17909e-13 0)
(1.5 -2.1262e-13 0)
(1.5 -2.55213e-13 0)
(1.5 -2.23392e-13 0)
(1.5 -1.45048e-13 0)
(1.5 -1.71686e-14 0)
(1.5 -4.98643e-14 0)
(1.5 -1.58824e-14 0)
(1.5 -1.11484e-14 0)
(1.5 7.57253e-14 0)
(1.5 6.93399e-14 0)
(1.5 1.65102e-14 0)
(1.5 -4.29371e-14 0)
(1.5 -2.7463e-13 0)
(1.5 -3.98993e-13 0)
(1.5 -4.06505e-13 0)
(1.5 -4.06526e-13 0)
(1.5 -3.60604e-13 0)
(1.5 -4.66469e-13 0)
(1.5 -4.08945e-13 0)
(1.5 -2.66685e-13 0)
(1.5 -1.88784e-13 0)
(1.5 -1.67481e-13 0)
(1.5 -1.26665e-13 0)
(1.5 -1.10884e-13 0)
(1.5 -1.21272e-13 0)
(1.5 1.72868e-15 0)
(1.5 1.15555e-14 0)
(1.5 8.68264e-14 0)
(1.5 5.85386e-14 0)
(1.5 -7.4731e-15 0)
(1.5 -7.17118e-14 0)
(1.5 -2.36856e-14 0)
(1.5 -3.66464e-14 0)
(1.5 -1.24817e-13 0)
(1.5 -1.0049e-13 0)
(1.5 -9.39413e-14 0)
(1.5 -5.67536e-14 0)
(1.5 -3.95197e-15 0)
(1.5 1.07228e-15 0)
(1.5 2.2218e-14 0)
(1.5 7.20159e-14 0)
(1.5 4.80293e-14 0)
(1.5 1.0564e-13 0)
(1.5 9.25796e-14 0)
(1.5 -4.78936e-15 0)
(1.5 -2.23429e-14 0)
(1.5 1.04415e-14 0)
(1.5 1.92073e-14 0)
(1.5 1.9302e-14 0)
(1.5 -2.08852e-14 0)
(1.5 -2.80989e-14 0)
(1.5 1.47533e-15 0)
(1.5 -4.33086e-14 0)
(1.5 -3.14364e-14 0)
(1.5 -1.57204e-14 0)
(1.5 -4.00336e-14 0)
(1.5 -5.69347e-14 0)
(1.5 -9.58722e-15 0)
(1.5 4.50137e-14 0)
(1.5 5.21191e-14 0)
(1.5 4.13482e-14 0)
(1.5 6.03414e-14 0)
(1.5 6.77736e-14 0)
(1.5 1.25305e-14 0)
(1.5 -3.93746e-15 0)
(1.5 5.42026e-15 0)
(1.5 -3.16107e-14 0)
(1.5 -8.14175e-14 0)
(1.5 -4.4851e-14 0)
(1.5 -3.81468e-14 0)
(1.5 -2.31968e-14 0)
(1.5 -3.26013e-16 0)
(1.5 -3.61862e-14 0)
(1.5 -2.94891e-14 0)
(1.5 8.24485e-15 0)
(1.5 -1.10942e-14 0)
(1.5 -3.49785e-14 0)
(1.5 -6.04826e-14 0)
(1.5 -4.0458e-14 0)
(1.5 -7.20068e-14 0)
(1.5 -4.0688e-14 0)
(1.5 6.12899e-14 0)
(1.5 8.72745e-14 0)
(1.5 5.81708e-14 0)
(1.5 5.37042e-14 0)
(1.5 -4.56763e-15 0)
(1.5 2.69987e-14 0)
(1.5 6.35726e-14 0)
(1.5 3.59994e-14 0)
(1.5 1.85017e-14 0)
(1.5 5.53367e-14 0)
(1.5 8.08449e-14 0)
(1.5 7.75443e-14 0)
(1.5 4.40655e-15 0)
(1.5 -7.89602e-14 0)
(1.5 1.16553e-14 0)
(1.5 4.28196e-15 0)
(1.5 -6.00842e-14 0)
(1.5 -1.20341e-13 0)
(1.5 -8.66986e-14 0)
(1.5 -4.61127e-14 0)
(1.5 3.45215e-14 0)
(1.5 1.24294e-14 0)
(1.5 3.69099e-15 0)
(1.5 -1.32415e-14 0)
(1.5 1.57069e-14 0)
(1.5 -1.75368e-14 0)
(1.5 -5.18766e-14 0)
(1.5 -1.39267e-14 0)
(1.5 3.99103e-14 0)
(1.5 6.59596e-14 0)
(1.5 5.64028e-14 0)
(1.5 2.58407e-14 0)
(1.5 4.53614e-14 0)
(1.5 1.0411e-14 0)
(1.5 6.34547e-14 0)
(1.5 1.35911e-13 0)
(1.5 1.49317e-13 0)
(1.5 1.26738e-13 0)
(1.5 6.2965e-14 0)
(1.5 3.64835e-14 0)
(1.5 -1.20765e-13 0)
(1.5 -2.21873e-13 0)
(1.5 -2.01949e-13 0)
(1.5 -1.77595e-13 0)
(1.5 -1.57673e-13 0)
(1.5 -1.6194e-13 0)
(1.5 -1.67176e-13 0)
(1.5 -1.59162e-13 0)
(1.5 -1.81984e-13 0)
(1.5 -1.56028e-13 0)
(1.5 -7.24134e-14 0)
(1.5 -2.48058e-14 0)
(1.5 2.11016e-14 0)
(1.5 -2.08599e-14 0)
(1.5 -3.21225e-15 0)
(1.5 4.21036e-14 0)
(1.5 1.10839e-14 0)
(1.5 -7.92444e-15 0)
(1.5 -2.58929e-14 0)
(1.5 1.73224e-14 0)
(1.5 3.73193e-14 0)
(1.5 3.38179e-14 0)
(1.5 -3.58262e-15 0)
(1.5 1.66536e-14 0)
(1.5 -5.33061e-15 0)
(1.5 1.77873e-14 0)
(1.5 6.48849e-14 0)
(1.5 7.89553e-14 0)
(1.5 9.92018e-14 0)
(1.5 7.47828e-14 0)
(1.5 1.22195e-13 0)
(1.5 1.5133e-13 0)
(1.5 1.95818e-13 0)
(1.5 1.86494e-13 0)
(1.5 8.39072e-14 0)
(1.5 6.09069e-14 0)
(1.5 2.84091e-13 0)
(1.5 3.28035e-13 0)
(1.5 2.30219e-13 0)
(1.5 1.67029e-13 0)
(1.5 1.36721e-13 0)
(1.5 9.22117e-14 0)
(1.5 1.82523e-13 0)
(1.5 2.7384e-13 0)
(1.5 2.36084e-13 0)
(1.5 1.52135e-13 0)
(1.5 1.3195e-13 0)
(1.5 1.57227e-13 0)
(1.5 1.50892e-13 0)
(1.5 1.09847e-13 0)
(1.5 3.29199e-14 0)
(1.5 1.34299e-14 0)
(1.5 3.78943e-14 0)
(1.5 6.31418e-14 0)
(1.5 -3.73896e-14 0)
(1.5 -1.21774e-14 0)
(1.5 -1.77908e-14 0)
(1.5 2.8421e-14 0)
(1.5 4.4364e-14 0)
(1.5 3.15806e-14 0)
(1.5 7.21914e-14 0)
(1.5 7.33489e-14 0)
(1.5 3.70476e-14 0)
(1.5 6.79574e-14 0)
(1.5 1.53958e-13 0)
(1.5 1.09029e-13 0)
(1.5 3.0639e-14 0)
(1.5 6.67729e-16 0)
(1.5 -5.54938e-14 0)
(1.5 -1.54896e-13 0)
(1.5 -2.10813e-13 0)
(1.5 -2.33446e-13 0)
(1.5 -1.45938e-13 0)
(1.5 -7.65886e-14 0)
(1.5 -9.69051e-14 0)
(1.5 -1.71221e-13 0)
(1.5 -3.19954e-13 0)
(1.5 -2.3553e-13 0)
(1.5 -1.92222e-13 0)
(1.5 -2.287e-13 0)
(1.5 -2.62614e-13 0)
(1.5 -2.24969e-13 0)
(1.5 -1.14746e-13 0)
(1.5 -1.538e-14 0)
(1.5 -4.52028e-14 0)
(1.5 -6.40719e-14 0)
(1.5 -6.96195e-14 0)
(1.5 -8.6991e-14 0)
(1.5 -1.62598e-14 0)
(1.5 -1.7656e-14 0)
(1.5 -9.62794e-14 0)
(1.5 -3.25789e-13 0)
(1.5 -3.77167e-13 0)
(1.5 -3.64565e-13 0)
(1.5 -3.75324e-13 0)
(1.5 -4.82383e-13 0)
(1.5 -6.10997e-13 0)
(1.5 -4.50122e-13 0)
(1.5 -3.25089e-13 0)
(1.5 -2.23212e-13 0)
(1.5 -2.01498e-13 0)
(1.5 -2.26158e-13 0)
(1.5 -2.01028e-13 0)
(1.5 -1.62217e-13 0)
(1.5 9.48672e-16 0)
(1.5 7.82168e-15 0)
(1.5 8.33816e-14 0)
(1.5 4.65623e-14 0)
(1.5 1.25258e-14 0)
(1.5 1.90242e-15 0)
(1.5 7.4885e-15 0)
(1.5 5.02051e-15 0)
(1.5 -1.27237e-14 0)
(1.5 1.29311e-14 0)
(1.5 -3.20444e-14 0)
(1.5 -1.05273e-13 0)
(1.5 -6.86531e-14 0)
(1.5 -4.97937e-15 0)
(1.5 1.23667e-14 0)
(1.5 -8.46285e-15 0)
(1.5 -2.37485e-14 0)
(1.5 -1.54749e-14 0)
(1.5 -3.88792e-14 0)
(1.5 1.89894e-14 0)
(1.5 4.04736e-14 0)
(1.5 3.37462e-14 0)
(1.5 7.842e-14 0)
(1.5 6.20044e-14 0)
(1.5 4.16234e-15 0)
(1.5 -3.4985e-15 0)
(1.5 -1.75635e-14 0)
(1.5 3.23475e-14 0)
(1.5 -2.45877e-14 0)
(1.5 -6.43738e-14 0)
(1.5 -3.79521e-14 0)
(1.5 -5.64858e-14 0)
(1.5 -6.28204e-14 0)
(1.5 5.72512e-16 0)
(1.5 1.69124e-14 0)
(1.5 -2.85252e-14 0)
(1.5 -1.79936e-14 0)
(1.5 4.25184e-14 0)
(1.5 -1.5094e-14 0)
(1.5 -3.53341e-16 0)
(1.5 9.8092e-15 0)
(1.5 -1.13998e-14 0)
(1.5 -3.24233e-14 0)
(1.5 3.85361e-15 0)
(1.5 6.99267e-15 0)
(1.5 2.01458e-14 0)
(1.5 3.18921e-14 0)
(1.5 2.48697e-14 0)
(1.5 7.4861e-15 0)
(1.5 1.68071e-14 0)
(1.5 2.17772e-14 0)
(1.5 -2.52857e-15 0)
(1.5 -4.43988e-14 0)
(1.5 -3.03959e-14 0)
(1.5 -5.2425e-14 0)
(1.5 -3.96506e-14 0)
(1.5 3.77326e-14 0)
(1.5 1.02595e-13 0)
(1.5 5.75172e-14 0)
(1.5 6.13652e-14 0)
(1.5 3.89349e-14 0)
(1.5 1.75616e-14 0)
(1.5 7.0724e-14 0)
(1.5 3.07527e-14 0)
(1.5 3.00352e-14 0)
(1.5 1.00472e-13 0)
(1.5 1.27392e-13 0)
(1.5 1.36144e-13 0)
(1.5 4.34456e-14 0)
(1.5 2.80344e-14 0)
(1.5 7.9589e-14 0)
(1.5 5.05078e-14 0)
(1.5 -4.48332e-14 0)
(1.5 -6.29295e-14 0)
(1.5 5.59852e-15 0)
(1.5 -9.93522e-15 0)
(1.5 -6.58784e-15 0)
(1.5 3.49724e-14 0)
(1.5 4.96848e-14 0)
(1.5 2.59856e-14 0)
(1.5 -1.17361e-14 0)
(1.5 -9.46442e-15 0)
(1.5 3.04512e-14 0)
(1.5 -2.83541e-14 0)
(1.5 3.16792e-14 0)
(1.5 1.1649e-14 0)
(1.5 2.1575e-14 0)
(1.5 -4.66128e-15 0)
(1.5 -5.54039e-14 0)
(1.5 -7.26121e-15 0)
(1.5 2.98966e-14 0)
(1.5 1.61593e-13 0)
(1.5 2.57186e-13 0)
(1.5 2.80005e-13 0)
(1.5 2.34726e-13 0)
(1.5 1.44642e-13 0)
(1.5 5.17617e-15 0)
(1.5 -7.17325e-14 0)
(1.5 -1.18715e-13 0)
(1.5 -1.52767e-13 0)
(1.5 -1.63982e-13 0)
(1.5 -1.66545e-13 0)
(1.5 -1.54426e-13 0)
(1.5 -6.44276e-14 0)
(1.5 -8.80998e-14 0)
(1.5 -4.7309e-14 0)
(1.5 6.80177e-15 0)
(1.5 1.04765e-14 0)
(1.5 -1.22211e-14 0)
(1.5 -5.02656e-14 0)
(1.5 5.42531e-15 0)
(1.5 -2.02303e-14 0)
(1.5 -4.93191e-14 0)
(1.5 -3.98578e-14 0)
(1.5 -3.96934e-14 0)
(1.5 1.8374e-14 0)
(1.5 2.45146e-14 0)
(1.5 2.55979e-14 0)
(1.5 1.17113e-14 0)
(1.5 -2.97035e-14 0)
(1.5 -3.57085e-14 0)
(1.5 1.10422e-14 0)
(1.5 6.04932e-14 0)
(1.5 8.02028e-14 0)
(1.5 3.88554e-14 0)
(1.5 -5.04803e-15 0)
(1.5 4.09035e-14 0)
(1.5 1.4535e-13 0)
(1.5 1.89188e-13 0)
(1.5 1.56657e-13 0)
(1.5 1.63894e-14 0)
(1.5 3.90135e-14 0)
(1.5 2.93784e-13 0)
(1.5 3.33157e-13 0)
(1.5 2.77144e-13 0)
(1.5 3.04003e-13 0)
(1.5 2.64598e-13 0)
(1.5 1.67392e-13 0)
(1.5 1.38518e-13 0)
(1.5 1.50426e-13 0)
(1.5 1.32216e-13 0)
(1.5 1.28332e-13 0)
(1.5 1.95239e-13 0)
(1.5 2.24969e-13 0)
(1.5 1.16913e-13 0)
(1.5 5.30057e-14 0)
(1.5 -2.35445e-14 0)
(1.5 -1.01976e-15 0)
(1.5 4.51727e-14 0)
(1.5 8.49493e-14 0)
(1.5 2.44858e-14 0)
(1.5 6.65589e-14 0)
(1.5 7.95398e-14 0)
(1.5 1.12457e-13 0)
(1.5 1.38729e-13 0)
(1.5 4.86514e-14 0)
(1.5 -1.20824e-14 0)
(1.5 -1.56018e-14 0)
(1.5 1.11778e-14 0)
(1.5 1.29541e-13 0)
(1.5 1.73512e-13 0)
(1.5 1.62921e-13 0)
(1.5 1.11436e-13 0)
(1.5 4.32415e-14 0)
(1.5 -6.09371e-14 0)
(1.5 -1.86791e-13 0)
(1.5 -2.01166e-13 0)
(1.5 -1.52377e-13 0)
(1.5 -1.93755e-13 0)
(1.5 -2.88875e-13 0)
(1.5 -3.22569e-13 0)
(1.5 -3.23956e-13 0)
(1.5 -4.7326e-13 0)
(1.5 -3.84036e-13 0)
(1.5 -2.36737e-13 0)
(1.5 -1.62984e-13 0)
(1.5 -1.9956e-13 0)
(1.5 -1.8237e-13 0)
(1.5 -1.43543e-13 0)
(1.5 -1.37453e-13 0)
(1.5 -6.34019e-14 0)
(1.5 -1.15522e-13 0)
(1.5 -1.11507e-13 0)
(1.5 -9.49576e-14 0)
(1.5 -8.38474e-14 0)
(1.5 -1.41703e-13 0)
(1.5 -2.44944e-13 0)
(1.5 -3.2355e-13 0)
(1.5 -3.29498e-13 0)
(1.5 -3.74507e-13 0)
(1.5 -3.59652e-13 0)
(1.5 -4.47954e-13 0)
(1.5 -5.67188e-13 0)
(1.5 -4.92167e-13 0)
(1.5 -3.29098e-13 0)
(1.5 -2.07263e-13 0)
(1.5 -1.877e-13 0)
(1.5 -1.70349e-13 0)
(1.5 -1.42181e-13 0)
(1.5 -1.41322e-13 0)
(1.5 4.90774e-14 0)
(1.5 4.39656e-14 0)
(1.5 5.67697e-14 0)
(1.5 -3.65738e-15 0)
(1.5 9.78851e-15 0)
(1.5 7.24553e-14 0)
(1.5 8.52156e-14 0)
(1.5 5.08969e-14 0)
(1.5 3.16092e-14 0)
(1.5 3.64578e-14 0)
(1.5 3.37498e-14 0)
(1.5 -6.27501e-14 0)
(1.5 -5.85406e-14 0)
(1.5 6.99532e-15 0)
(1.5 1.88961e-14 0)
(1.5 -1.63477e-14 0)
(1.5 -5.14515e-14 0)
(1.5 -1.10842e-13 0)
(1.5 -1.07702e-13 0)
(1.5 9.21739e-15 0)
(1.5 6.02728e-14 0)
(1.5 4.32955e-14 0)
(1.5 4.56264e-14 0)
(1.5 4.52457e-14 0)
(1.5 4.76744e-15 0)
(1.5 5.14561e-14 0)
(1.5 3.29772e-15 0)
(1.5 4.40563e-14 0)
(1.5 -7.99263e-15 0)
(1.5 -4.12034e-14 0)
(1.5 -2.57274e-14 0)
(1.5 -8.02941e-14 0)
(1.5 -7.20205e-14 0)
(1.5 -2.39837e-14 0)
(1.5 -1.39049e-14 0)
(1.5 -2.00562e-14 0)
(1.5 -1.7373e-14 0)
(1.5 -5.20227e-15 0)
(1.5 1.28081e-14 0)
(1.5 1.89478e-14 0)
(1.5 1.92311e-14 0)
(1.5 2.74101e-15 0)
(1.5 1.24887e-14 0)
(1.5 -1.20005e-14 0)
(1.5 1.93466e-14 0)
(1.5 6.17036e-14 0)
(1.5 2.27354e-14 0)
(1.5 2.9019e-14 0)
(1.5 5.13925e-14 0)
(1.5 5.69978e-14 0)
(1.5 6.52884e-14 0)
(1.5 3.50329e-14 0)
(1.5 2.54528e-14 0)
(1.5 3.34884e-14 0)
(1.5 7.35569e-14 0)
(1.5 5.32439e-14 0)
(1.5 4.92069e-14 0)
(1.5 8.39586e-14 0)
(1.5 6.45995e-14 0)
(1.5 1.41313e-14 0)
(1.5 1.95343e-14 0)
(1.5 6.29815e-15 0)
(1.5 1.71348e-14 0)
(1.5 6.64481e-14 0)
(1.5 5.78403e-14 0)
(1.5 8.67305e-14 0)
(1.5 1.28846e-13 0)
(1.5 1.42022e-13 0)
(1.5 1.44399e-13 0)
(1.5 1.27056e-13 0)
(1.5 7.5565e-14 0)
(1.5 1.11049e-14 0)
(1.5 -5.2939e-15 0)
(1.5 -2.60565e-15 0)
(1.5 6.9656e-14 0)
(1.5 8.63143e-14 0)
(1.5 1.49714e-14 0)
(1.5 -1.00699e-14 0)
(1.5 -8.77199e-15 0)
(1.5 7.75739e-15 0)
(1.5 1.83567e-14 0)
(1.5 5.4785e-14 0)
(1.5 1.40437e-13 0)
(1.5 1.06754e-13 0)
(1.5 6.67082e-14 0)
(1.5 2.07971e-15 0)
(1.5 5.59142e-14 0)
(1.5 2.33975e-14 0)
(1.5 6.37642e-16 0)
(1.5 6.93633e-14 0)
(1.5 6.86428e-14 0)
(1.5 8.35408e-14 0)
(1.5 1.75161e-13 0)
(1.5 2.26602e-13 0)
(1.5 2.95773e-13 0)
(1.5 2.64562e-13 0)
(1.5 1.80656e-13 0)
(1.5 9.895e-14 0)
(1.5 2.87014e-14 0)
(1.5 -4.66294e-14 0)
(1.5 -1.03761e-13 0)
(1.5 -1.46566e-13 0)
(1.5 -8.73875e-14 0)
(1.5 -4.33844e-14 0)
(1.5 -4.17832e-14 0)
(1.5 -4.49095e-14 0)
(1.5 -6.61401e-14 0)
(1.5 -8.16507e-14 0)
(1.5 -1.20807e-13 0)
(1.5 -6.82398e-14 0)
(1.5 5.33366e-14 0)
(1.5 -3.42169e-14 0)
(1.5 -3.25705e-14 0)
(1.5 7.62799e-14 0)
(1.5 1.3249e-13 0)
(1.5 8.93404e-14 0)
(1.5 -1.50366e-14 0)
(1.5 -9.5089e-14 0)
(1.5 -6.08206e-14 0)
(1.5 -7.70523e-14 0)
(1.5 -1.92349e-14 0)
(1.5 -1.88838e-16 0)
(1.5 1.73214e-15 0)
(1.5 1.13491e-14 0)
(1.5 -9.26568e-15 0)
(1.5 -3.57624e-15 0)
(1.5 5.39532e-15 0)
(1.5 -7.40624e-15 0)
(1.5 -2.41191e-14 0)
(1.5 2.76915e-14 0)
(1.5 2.54496e-14 0)
(1.5 6.40035e-14 0)
(1.5 2.71276e-13 0)
(1.5 3.01098e-13 0)
(1.5 2.96137e-13 0)
(1.5 3.10026e-13 0)
(1.5 2.89454e-13 0)
(1.5 1.91549e-13 0)
(1.5 9.98782e-14 0)
(1.5 2.86193e-14 0)
(1.5 6.27935e-14 0)
(1.5 8.09171e-14 0)
(1.5 1.4155e-13 0)
(1.5 1.23806e-13 0)
(1.5 4.6575e-15 0)
(1.5 1.52274e-14 0)
(1.5 5.80708e-14 0)
(1.5 1.2363e-13 0)
(1.5 1.09076e-13 0)
(1.5 8.70012e-14 0)
(1.5 7.31429e-14 0)
(1.5 5.16352e-14 0)
(1.5 1.1904e-13 0)
(1.5 1.63351e-13 0)
(1.5 7.09511e-14 0)
(1.5 -7.22444e-14 0)
(1.5 -1.79238e-13 0)
(1.5 -1.77351e-13 0)
(1.5 -8.74302e-14 0)
(1.5 4.12436e-14 0)
(1.5 8.65567e-14 0)
(1.5 6.73836e-14 0)
(1.5 7.52859e-15 0)
(1.5 -8.38787e-14 0)
(1.5 -1.47806e-13 0)
(1.5 -2.35803e-13 0)
(1.5 -2.27846e-13 0)
(1.5 -1.86705e-13 0)
(1.5 -2.40164e-13 0)
(1.5 -3.04732e-13 0)
(1.5 -3.01097e-13 0)
(1.5 -2.80402e-13 0)
(1.5 -4.17261e-13 0)
(1.5 -3.98252e-13 0)
(1.5 -2.79536e-13 0)
(1.5 -1.4696e-13 0)
(1.5 -1.37572e-13 0)
(1.5 -1.47647e-13 0)
(1.5 -1.52944e-13 0)
(1.5 -1.65514e-13 0)
(1.5 -1.35473e-13 0)
(1.5 -1.60758e-13 0)
(1.5 -1.39582e-13 0)
(1.5 -7.06553e-14 0)
(1.5 -6.43419e-14 0)
(1.5 -1.30905e-13 0)
(1.5 -1.83272e-13 0)
(1.5 -1.52274e-13 0)
(1.5 -1.92471e-13 0)
(1.5 -2.0063e-13 0)
(1.5 -1.9847e-13 0)
(1.5 -2.66548e-13 0)
(1.5 -3.24052e-13 0)
(1.5 -3.52587e-13 0)
(1.5 -3.15287e-13 0)
(1.5 -2.36318e-13 0)
(1.5 -1.44942e-13 0)
(1.5 -1.05881e-13 0)
(1.5 -8.9724e-14 0)
(1.5 -7.42631e-14 0)
(1.5 1.60962e-14 0)
(1.5 3.58451e-14 0)
(1.5 3.42599e-14 0)
(1.5 4.51774e-15 0)
(1.5 5.93338e-14 0)
(1.5 1.00413e-13 0)
(1.5 3.80185e-14 0)
(1.5 -1.65671e-14 0)
(1.5 -6.78322e-14 0)
(1.5 -8.51548e-14 0)
(1.5 -3.89486e-14 0)
(1.5 -1.20222e-14 0)
(1.5 -6.87128e-14 0)
(1.5 -8.29029e-14 0)
(1.5 -3.59468e-14 0)
(1.5 -3.33904e-14 0)
(1.5 -6.5227e-14 0)
(1.5 -9.59024e-14 0)
(1.5 -8.76055e-15 0)
(1.5 -1.27976e-15 0)
(1.5 3.91869e-14 0)
(1.5 5.27614e-14 0)
(1.5 1.99921e-15 0)
(1.5 3.87958e-14 0)
(1.5 5.35192e-14 0)
(1.5 8.52389e-14 0)
(1.5 5.12223e-14 0)
(1.5 4.22275e-14 0)
(1.5 1.68049e-14 0)
(1.5 5.14255e-14 0)
(1.5 1.99408e-14 0)
(1.5 -6.33234e-14 0)
(1.5 -3.99953e-14 0)
(1.5 -6.77314e-14 0)
(1.5 -2.70171e-14 0)
(1.5 6.71114e-15 0)
(1.5 3.10375e-15 0)
(1.5 -2.52416e-14 0)
(1.5 3.29173e-14 0)
(1.5 5.68523e-14 0)
(1.5 3.47207e-14 0)
(1.5 2.21492e-14 0)
(1.5 -8.01113e-15 0)
(1.5 -3.53587e-14 0)
(1.5 9.93161e-15 0)
(1.5 4.55998e-14 0)
(1.5 2.00401e-14 0)
(1.5 2.03031e-14 0)
(1.5 6.2754e-14 0)
(1.5 6.87539e-14 0)
(1.5 9.62096e-14 0)
(1.5 8.62979e-14 0)
(1.5 1.29467e-13 0)
(1.5 1.21574e-13 0)
(1.5 9.09693e-14 0)
(1.5 7.53091e-14 0)
(1.5 -2.09521e-15 0)
(1.5 -5.93673e-15 0)
(1.5 1.57419e-14 0)
(1.5 -3.25983e-14 0)
(1.5 2.56457e-15 0)
(1.5 1.13748e-14 0)
(1.5 -1.54892e-14 0)
(1.5 -9.9899e-15 0)
(1.5 2.23579e-14 0)
(1.5 1.79487e-14 0)
(1.5 4.58112e-14 0)
(1.5 1.26819e-13 0)
(1.5 1.80887e-13 0)
(1.5 1.3918e-13 0)
(1.5 5.50898e-14 0)
(1.5 5.48041e-14 0)
(1.5 6.69382e-14 0)
(1.5 2.77879e-14 0)
(1.5 8.90895e-14 0)
(1.5 1.24911e-13 0)
(1.5 7.63439e-14 0)
(1.5 -1.85826e-14 0)
(1.5 -5.69011e-14 0)
(1.5 4.39829e-14 0)
(1.5 3.82324e-14 0)
(1.5 4.21796e-14 0)
(1.5 1.07692e-13 0)
(1.5 1.22563e-13 0)
(1.5 4.72656e-14 0)
(1.5 -7.89922e-15 0)
(1.5 8.99869e-15 0)
(1.5 5.89786e-15 0)
(1.5 5.50339e-14 0)
(1.5 9.01316e-14 0)
(1.5 2.58196e-14 0)
(1.5 -1.54867e-14 0)
(1.5 3.48949e-14 0)
(1.5 4.84838e-14 0)
(1.5 1.36904e-13 0)
(1.5 2.10496e-13 0)
(1.5 1.86858e-13 0)
(1.5 1.29584e-13 0)
(1.5 6.08328e-14 0)
(1.5 5.42451e-14 0)
(1.5 7.3865e-14 0)
(1.5 -3.75537e-14 0)
(1.5 -4.6167e-14 0)
(1.5 -8.9619e-14 0)
(1.5 -2.61398e-14 0)
(1.5 2.22572e-16 0)
(1.5 -7.51051e-15 0)
(1.5 -3.51621e-14 0)
(1.5 -9.73056e-14 0)
(1.5 -3.2007e-14 0)
(1.5 3.26406e-14 0)
(1.5 -8.33585e-15 0)
(1.5 3.34921e-14 0)
(1.5 1.25453e-13 0)
(1.5 1.6359e-13 0)
(1.5 1.20307e-13 0)
(1.5 6.30752e-15 0)
(1.5 -1.16104e-13 0)
(1.5 -9.42162e-14 0)
(1.5 -4.06318e-16 0)
(1.5 1.1096e-13 0)
(1.5 8.86857e-14 0)
(1.5 6.74503e-14 0)
(1.5 6.16121e-14 0)
(1.5 1.12297e-13 0)
(1.5 1.40001e-13 0)
(1.5 1.10055e-13 0)
(1.5 1.48932e-14 0)
(1.5 -2.98138e-14 0)
(1.5 1.58385e-14 0)
(1.5 9.78914e-14 0)
(1.5 1.34453e-13 0)
(1.5 1.51261e-13 0)
(1.5 1.72935e-13 0)
(1.5 2.36756e-13 0)
(1.5 2.73937e-13 0)
(1.5 3.38967e-13 0)
(1.5 2.81041e-13 0)
(1.5 2.08424e-13 0)
(1.5 1.36387e-13 0)
(1.5 1.28939e-13 0)
(1.5 9.37173e-14 0)
(1.5 7.99281e-14 0)
(1.5 2.94092e-15 0)
(1.5 -3.30568e-14 0)
(1.5 8.42282e-14 0)
(1.5 1.79073e-13 0)
(1.5 2.40565e-13 0)
(1.5 2.28466e-13 0)
(1.5 1.70109e-13 0)
(1.5 1.40576e-13 0)
(1.5 3.86215e-14 0)
(1.5 5.60903e-14 0)
(1.5 7.72515e-14 0)
(1.5 -7.25578e-14 0)
(1.5 -2.09545e-13 0)
(1.5 -2.54186e-13 0)
(1.5 -1.44363e-13 0)
(1.5 -6.53694e-14 0)
(1.5 -8.29253e-14 0)
(1.5 -1.10258e-13 0)
(1.5 -1.85829e-13 0)
(1.5 -2.23775e-13 0)
(1.5 -1.86385e-13 0)
(1.5 -9.82553e-14 0)
(1.5 -1.43487e-13 0)
(1.5 -1.57251e-13 0)
(1.5 -2.23031e-13 0)
(1.5 -2.52032e-13 0)
(1.5 -2.21125e-13 0)
(1.5 -1.46905e-13 0)
(1.5 -1.44158e-13 0)
(1.5 -2.67735e-13 0)
(1.5 -3.00152e-13 0)
(1.5 -2.71101e-13 0)
(1.5 -1.27911e-13 0)
(1.5 -9.35689e-14 0)
(1.5 -1.28686e-13 0)
(1.5 -1.00739e-13 0)
(1.5 -8.33912e-14 0)
(1.5 -1.32344e-13 0)
(1.5 -9.36345e-14 0)
(1.5 -9.84281e-14 0)
(1.5 -8.90512e-14 0)
(1.5 -3.9509e-14 0)
(1.5 -9.37382e-14 0)
(1.5 -5.87632e-14 0)
(1.5 5.21298e-16 0)
(1.5 -6.6237e-14 0)
(1.5 -2.14864e-14 0)
(1.5 -1.14932e-14 0)
(1.5 -1.02074e-13 0)
(1.5 -1.57538e-13 0)
(1.5 -2.33133e-13 0)
(1.5 -3.36042e-13 0)
(1.5 -2.76671e-13 0)
(1.5 -1.54999e-13 0)
(1.5 -1.14796e-13 0)
(1.5 -5.36605e-14 0)
(1.5 2.89665e-14 0)
(1.5 -1.84686e-14 0)
(1.5 7.90357e-14 0)
(1.5 1.40397e-13 0)
(1.5 1.47589e-13 0)
(1.5 1.57692e-13 0)
(1.5 1.12598e-13 0)
(1.5 3.28586e-14 0)
(1.5 -1.8184e-14 0)
(1.5 -9.04145e-14 0)
(1.5 -1.19364e-13 0)
(1.5 -8.06735e-14 0)
(1.5 -3.7834e-14 0)
(1.5 -1.16761e-13 0)
(1.5 -1.05942e-13 0)
(1.5 -7.55586e-14 0)
(1.5 -6.12458e-14 0)
(1.5 -5.51326e-14 0)
(1.5 -3.85708e-14 0)
(1.5 4.00492e-14 0)
(1.5 -1.08478e-14 0)
(1.5 9.63378e-15 0)
(1.5 9.8249e-14 0)
(1.5 9.2201e-14 0)
(1.5 7.98674e-14 0)
(1.5 7.82182e-14 0)
(1.5 6.66063e-14 0)
(1.5 3.70507e-14 0)
(1.5 3.92054e-14 0)
(1.5 2.77935e-14 0)
(1.5 4.34e-14 0)
(1.5 5.07456e-14 0)
(1.5 -9.54579e-16 0)
(1.5 -2.68323e-14 0)
(1.5 -6.22355e-14 0)
(1.5 1.19421e-14 0)
(1.5 3.4874e-14 0)
(1.5 2.52818e-14 0)
(1.5 2.50515e-14 0)
(1.5 1.26236e-15 0)
(1.5 2.5431e-14 0)
(1.5 6.59371e-14 0)
(1.5 7.82088e-14 0)
(1.5 3.71662e-14 0)
(1.5 1.92188e-14 0)
(1.5 2.85169e-14 0)
(1.5 -5.02055e-15 0)
(1.5 5.63475e-15 0)
(1.5 4.6082e-14 0)
(1.5 8.74225e-14 0)
(1.5 7.2578e-14 0)
(1.5 9.59447e-14 0)
(1.5 1.20326e-13 0)
(1.5 1.91604e-13 0)
(1.5 1.58598e-13 0)
(1.5 9.58311e-14 0)
(1.5 6.7053e-14 0)
(1.5 -2.57636e-14 0)
(1.5 -3.65177e-14 0)
(1.5 3.05919e-14 0)
(1.5 -1.13685e-14 0)
(1.5 -1.97981e-15 0)
(1.5 3.41036e-14 0)
(1.5 1.76105e-14 0)
(1.5 -2.30455e-14 0)
(1.5 8.0206e-15 0)
(1.5 6.96089e-14 0)
(1.5 7.88716e-14 0)
(1.5 8.87886e-14 0)
(1.5 1.28816e-13 0)
(1.5 8.86518e-14 0)
(1.5 3.48844e-14 0)
(1.5 5.46012e-14 0)
(1.5 1.00293e-13 0)
(1.5 6.46943e-14 0)
(1.5 6.42432e-14 0)
(1.5 2.499e-14 0)
(1.5 5.10238e-14 0)
(1.5 2.00438e-14 0)
(1.5 2.26842e-14 0)
(1.5 5.05123e-14 0)
(1.5 -4.27473e-15 0)
(1.5 -1.77875e-15 0)
(1.5 5.30121e-14 0)
(1.5 6.88989e-14 0)
(1.5 3.65266e-14 0)
(1.5 2.73748e-14 0)
(1.5 1.73532e-14 0)
(1.5 6.47791e-14 0)
(1.5 1.59087e-13 0)
(1.5 1.08648e-13 0)
(1.5 -3.88135e-14 0)
(1.5 -1.1075e-13 0)
(1.5 -1.11582e-13 0)
(1.5 -2.0964e-14 0)
(1.5 5.73317e-14 0)
(1.5 1.1643e-13 0)
(1.5 1.56363e-13 0)
(1.5 1.82199e-13 0)
(1.5 1.32438e-13 0)
(1.5 1.10274e-13 0)
(1.5 8.77883e-14 0)
(1.5 9.09143e-15 0)
(1.5 -1.503e-14 0)
(1.5 4.70464e-16 0)
(1.5 9.0456e-15 0)
(1.5 1.96909e-14 0)
(1.5 2.2026e-14 0)
(1.5 8.25506e-15 0)
(1.5 -4.40858e-14 0)
(1.5 -2.97414e-15 0)
(1.5 -6.21668e-14 0)
(1.5 -2.61144e-14 0)
(1.5 4.57837e-15 0)
(1.5 3.1295e-14 0)
(1.5 5.70765e-15 0)
(1.5 2.02961e-14 0)
(1.5 -3.29909e-14 0)
(1.5 -9.15722e-14 0)
(1.5 -1.07269e-13 0)
(1.5 2.5145e-14 0)
(1.5 1.12669e-13 0)
(1.5 1.2821e-13 0)
(1.5 1.16389e-13 0)
(1.5 1.31633e-13 0)
(1.5 1.49574e-13 0)
(1.5 1.56362e-13 0)
(1.5 1.73966e-13 0)
(1.5 1.41607e-13 0)
(1.5 1.15174e-13 0)
(1.5 5.12677e-14 0)
(1.5 4.11061e-14 0)
(1.5 2.15562e-14 0)
(1.5 -5.38537e-14 0)
(1.5 1.33431e-14 0)
(1.5 1.60427e-13 0)
(1.5 3.20424e-13 0)
(1.5 3.76925e-13 0)
(1.5 3.32838e-13 0)
(1.5 2.78763e-13 0)
(1.5 2.27506e-13 0)
(1.5 1.58943e-13 0)
(1.5 1.44262e-13 0)
(1.5 1.13464e-13 0)
(1.5 9.73272e-14 0)
(1.5 1.04652e-13 0)
(1.5 1.55744e-13 0)
(1.5 2.30425e-13 0)
(1.5 3.84319e-13 0)
(1.5 4.21491e-13 0)
(1.5 2.93434e-13 0)
(1.5 1.58304e-13 0)
(1.5 2.95292e-14 0)
(1.5 -8.87735e-15 0)
(1.5 -3.0541e-14 0)
(1.5 -9.61744e-14 0)
(1.5 -1.89987e-13 0)
(1.5 -1.73124e-13 0)
(1.5 -2.95236e-14 0)
(1.5 3.47412e-14 0)
(1.5 -3.41892e-14 0)
(1.5 -1.76666e-13 0)
(1.5 -2.70825e-13 0)
(1.5 -2.61822e-13 0)
(1.5 -1.60983e-13 0)
(1.5 -1.01754e-13 0)
(1.5 -8.90486e-14 0)
(1.5 -9.2282e-14 0)
(1.5 -9.51074e-14 0)
(1.5 -1.31411e-13 0)
(1.5 -1.28724e-13 0)
(1.5 -1.19176e-13 0)
(1.5 -7.29301e-14 0)
(1.5 -6.05179e-14 0)
(1.5 -1.50559e-13 0)
(1.5 -1.8363e-13 0)
(1.5 -1.54274e-13 0)
(1.5 -1.1001e-13 0)
(1.5 -1.15466e-13 0)
(1.5 -5.89314e-14 0)
(1.5 -3.4271e-14 0)
(1.5 -2.27112e-14 0)
(1.5 4.08554e-14 0)
(1.5 -1.45833e-15 0)
(1.5 -1.37035e-14 0)
(1.5 -1.68564e-14 0)
(1.5 -3.80393e-14 0)
(1.5 -3.54599e-14 0)
(1.5 2.46204e-14 0)
(1.5 1.77806e-14 0)
(1.5 5.95929e-14 0)
(1.5 4.99818e-14 0)
(1.5 2.07128e-14 0)
(1.5 -1.4543e-13 0)
(1.5 -2.40907e-13 0)
(1.5 -2.61621e-13 0)
(1.5 -1.9546e-13 0)
(1.5 -1.25552e-13 0)
(1.5 -6.18062e-14 0)
(1.5 1.15813e-14 0)
(1.5 1.06524e-13 0)
(1.5 1.13039e-14 0)
(1.5 1.35972e-13 0)
(1.5 2.16962e-13 0)
(1.5 2.85998e-13 0)
(1.5 2.80131e-13 0)
(1.5 1.53307e-13 0)
(1.5 8.54113e-14 0)
(1.5 8.38828e-14 0)
(1.5 6.81156e-14 0)
(1.5 6.08846e-14 0)
(1.5 1.48326e-14 0)
(1.5 1.26035e-14 0)
(1.5 -3.10181e-14 0)
(1.5 -2.02883e-14 0)
(1.5 -4.65499e-14 0)
(1.5 -4.7846e-14 0)
(1.5 -1.12562e-14 0)
(1.5 1.27405e-14 0)
(1.5 1.3229e-14 0)
(1.5 -4.16704e-14 0)
(1.5 9.18999e-15 0)
(1.5 1.28854e-13 0)
(1.5 1.75127e-13 0)
(1.5 1.6818e-13 0)
(1.5 1.22298e-13 0)
(1.5 7.51819e-14 0)
(1.5 6.31062e-14 0)
(1.5 3.63616e-14 0)
(1.5 3.87492e-14 0)
(1.5 6.21363e-14 0)
(1.5 1.1081e-13 0)
(1.5 5.19825e-14 0)
(1.5 -7.68154e-15 0)
(1.5 -5.30481e-15 0)
(1.5 9.31526e-16 0)
(1.5 5.11737e-14 0)
(1.5 1.20793e-13 0)
(1.5 1.24323e-13 0)
(1.5 2.13485e-14 0)
(1.5 2.32385e-14 0)
(1.5 7.68026e-14 0)
(1.5 1.18451e-13 0)
(1.5 1.10461e-13 0)
(1.5 1.41922e-13 0)
(1.5 1.22326e-13 0)
(1.5 5.77416e-14 0)
(1.5 4.36553e-14 0)
(1.5 4.52197e-14 0)
(1.5 5.50801e-14 0)
(1.5 6.32345e-14 0)
(1.5 1.02861e-13 0)
(1.5 1.39928e-13 0)
(1.5 1.58303e-13 0)
(1.5 1.60777e-13 0)
(1.5 1.3843e-13 0)
(1.5 7.90911e-14 0)
(1.5 3.71501e-14 0)
(1.5 5.03564e-14 0)
(1.5 6.78169e-14 0)
(1.5 2.47721e-14 0)
(1.5 9.73802e-15 0)
(1.5 2.38697e-14 0)
(1.5 3.73109e-14 0)
(1.5 2.76402e-14 0)
(1.5 7.03405e-14 0)
(1.5 1.47452e-13 0)
(1.5 1.11393e-13 0)
(1.5 6.19377e-15 0)
(1.5 2.84925e-14 0)
(1.5 7.13665e-14 0)
(1.5 5.49035e-14 0)
(1.5 4.99814e-14 0)
(1.5 1.21995e-13 0)
(1.5 1.1329e-13 0)
(1.5 2.20785e-14 0)
(1.5 -2.27013e-14 0)
(1.5 1.95868e-14 0)
(1.5 2.27914e-14 0)
(1.5 8.21938e-14 0)
(1.5 5.15156e-14 0)
(1.5 7.44763e-14 0)
(1.5 1.25131e-13 0)
(1.5 1.16462e-13 0)
(1.5 1.17173e-13 0)
(1.5 9.50809e-14 0)
(1.5 1.34608e-13 0)
(1.5 1.24508e-13 0)
(1.5 1.86359e-13 0)
(1.5 2.24328e-13 0)
(1.5 5.56064e-14 0)
(1.5 -1.17494e-13 0)
(1.5 -2.15093e-13 0)
(1.5 -2.47933e-13 0)
(1.5 -1.22392e-13 0)
(1.5 4.04556e-14 0)
(1.5 1.54028e-13 0)
(1.5 2.78649e-13 0)
(1.5 3.32954e-13 0)
(1.5 2.82868e-13 0)
(1.5 2.15726e-13 0)
(1.5 1.50413e-13 0)
(1.5 1.64819e-13 0)
(1.5 9.66152e-14 0)
(1.5 9.25657e-14 0)
(1.5 2.53811e-14 0)
(1.5 -1.83946e-14 0)
(1.5 -4.86163e-14 0)
(1.5 -3.69255e-14 0)
(1.5 -1.27329e-14 0)
(1.5 2.83958e-14 0)
(1.5 -4.40347e-14 0)
(1.5 -8.07093e-14 0)
(1.5 -4.77608e-14 0)
(1.5 -1.03992e-13 0)
(1.5 -1.26246e-13 0)
(1.5 -8.17475e-14 0)
(1.5 -1.42962e-14 0)
(1.5 -2.50735e-14 0)
(1.5 -7.17755e-14 0)
(1.5 1.88848e-15 0)
(1.5 9.73053e-14 0)
(1.5 1.59088e-13 0)
(1.5 1.43741e-13 0)
(1.5 1.00186e-13 0)
(1.5 8.97108e-14 0)
(1.5 7.65408e-14 0)
(1.5 6.17113e-14 0)
(1.5 4.68857e-14 0)
(1.5 7.02407e-14 0)
(1.5 5.85741e-14 0)
(1.5 -5.64698e-15 0)
(1.5 -7.92985e-14 0)
(1.5 -1.23154e-13 0)
(1.5 -1.66448e-14 0)
(1.5 1.49888e-13 0)
(1.5 2.8703e-13 0)
(1.5 3.2762e-13 0)
(1.5 3.09974e-13 0)
(1.5 2.64262e-13 0)
(1.5 2.7094e-13 0)
(1.5 2.25844e-13 0)
(1.5 2.41931e-13 0)
(1.5 2.55446e-13 0)
(1.5 2.75273e-13 0)
(1.5 2.78339e-13 0)
(1.5 1.77957e-13 0)
(1.5 1.75676e-13 0)
(1.5 4.15098e-13 0)
(1.5 4.89057e-13 0)
(1.5 3.34962e-13 0)
(1.5 9.84356e-14 0)
(1.5 -3.58694e-14 0)
(1.5 -4.93229e-14 0)
(1.5 2.22062e-15 0)
(1.5 1.59489e-14 0)
(1.5 -4.46477e-14 0)
(1.5 -1.98561e-14 0)
(1.5 4.14151e-14 0)
(1.5 7.53005e-14 0)
(1.5 2.79739e-14 0)
(1.5 -7.06282e-14 0)
(1.5 -1.13414e-13 0)
(1.5 -1.27774e-13 0)
(1.5 -5.12172e-14 0)
(1.5 -1.03183e-13 0)
(1.5 -1.11875e-13 0)
(1.5 -6.32307e-14 0)
(1.5 1.07117e-15 0)
(1.5 1.48698e-14 0)
(1.5 6.82492e-15 0)
(1.5 -9.15795e-14 0)
(1.5 -9.10015e-14 0)
(1.5 -4.195e-14 0)
(1.5 -1.44847e-13 0)
(1.5 -1.58675e-13 0)
(1.5 -1.71995e-13 0)
(1.5 -1.06715e-13 0)
(1.5 -1.9622e-14 0)
(1.5 4.01732e-14 0)
(1.5 2.03386e-14 0)
(1.5 -7.31719e-15 0)
(1.5 -3.30623e-15 0)
(1.5 -1.4976e-15 0)
(1.5 -1.69396e-14 0)
(1.5 -5.38735e-14 0)
(1.5 -6.79973e-15 0)
(1.5 -4.08368e-14 0)
(1.5 -1.21653e-14 0)
(1.5 4.3558e-14 0)
(1.5 2.39307e-14 0)
(1.5 -7.05077e-17 0)
(1.5 7.48053e-14 0)
(1.5 -5.7504e-14 0)
(1.5 -8.21392e-14 0)
(1.5 -1.09381e-14 0)
(1.5 7.09163e-15 0)
(1.5 2.34357e-14 0)
(1.5 7.2318e-14 0)
(1.5 1.64523e-13 0)
(1.5 2.35842e-13 0)
(1.5 4.05176e-14 0)
(1.5 8.34964e-14 0)
(1.5 1.43369e-13 0)
(1.5 2.74873e-13 0)
(1.5 2.79395e-13 0)
(1.5 1.27713e-13 0)
(1.5 7.14861e-14 0)
(1.5 1.14446e-13 0)
(1.5 1.84803e-13 0)
(1.5 1.73961e-13 0)
(1.5 1.10492e-13 0)
(1.5 7.45587e-14 0)
(1.5 2.92898e-14 0)
(1.5 -3.42072e-14 0)
(1.5 -7.81036e-14 0)
(1.5 -1.76916e-14 0)
(1.5 1.26937e-14 0)
(1.5 3.18979e-14 0)
(1.5 4.37423e-14 0)
(1.5 -3.35103e-14 0)
(1.5 -3.03789e-15 0)
(1.5 4.72216e-14 0)
(1.5 1.51213e-13 0)
(1.5 2.14215e-13 0)
(1.5 1.76814e-13 0)
(1.5 1.39694e-13 0)
(1.5 1.07735e-13 0)
(1.5 3.96029e-14 0)
(1.5 1.06139e-13 0)
(1.5 1.30919e-13 0)
(1.5 1.73444e-13 0)
(1.5 1.37514e-13 0)
(1.5 6.81639e-14 0)
(1.5 7.13878e-14 0)
(1.5 -3.12805e-15 0)
(1.5 -7.04848e-15 0)
(1.5 8.12153e-14 0)
(1.5 1.41355e-13 0)
(1.5 1.44953e-13 0)
(1.5 1.17935e-13 0)
(1.5 7.28997e-14 0)
(1.5 8.5284e-14 0)
(1.5 1.19017e-13 0)
(1.5 1.34541e-13 0)
(1.5 1.64223e-13 0)
(1.5 1.09556e-13 0)
(1.5 8.65773e-14 0)
(1.5 6.73665e-14 0)
(1.5 3.85434e-14 0)
(1.5 8.855e-14 0)
(1.5 1.72446e-13 0)
(1.5 1.90085e-13 0)
(1.5 1.42814e-13 0)
(1.5 1.36792e-13 0)
(1.5 1.14914e-13 0)
(1.5 7.21044e-14 0)
(1.5 3.84081e-14 0)
(1.5 7.99791e-14 0)
(1.5 1.20979e-13 0)
(1.5 7.35347e-14 0)
(1.5 7.37198e-14 0)
(1.5 7.64382e-14 0)
(1.5 4.81272e-14 0)
(1.5 6.71421e-14 0)
(1.5 9.01995e-14 0)
(1.5 9.05401e-14 0)
(1.5 5.00688e-14 0)
(1.5 -7.83286e-16 0)
(1.5 1.60155e-14 0)
(1.5 8.3647e-14 0)
(1.5 1.27245e-13 0)
(1.5 1.5344e-13 0)
(1.5 1.91861e-13 0)
(1.5 1.74918e-13 0)
(1.5 6.14233e-14 0)
(1.5 8.00626e-14 0)
(1.5 6.6283e-14 0)
(1.5 6.53215e-14 0)
(1.5 5.74709e-14 0)
(1.5 1.16594e-13 0)
(1.5 1.66917e-13 0)
(1.5 1.86547e-13 0)
(1.5 1.33909e-13 0)
(1.5 1.39711e-13 0)
(1.5 1.53335e-13 0)
(1.5 1.74378e-13 0)
(1.5 1.87678e-13 0)
(1.5 2.49396e-13 0)
(1.5 2.16589e-13 0)
(1.5 5.86081e-14 0)
(1.5 -6.71914e-14 0)
(1.5 -1.2872e-13 0)
(1.5 -1.53607e-13 0)
(1.5 -1.39174e-13 0)
(1.5 -2.13483e-14 0)
(1.5 1.39325e-13 0)
(1.5 2.72116e-13 0)
(1.5 2.9277e-13 0)
(1.5 2.54779e-13 0)
(1.5 2.24436e-13 0)
(1.5 2.49144e-13 0)
(1.5 2.44647e-13 0)
(1.5 1.74243e-13 0)
(1.5 1.25274e-13 0)
(1.5 1.42207e-13 0)
(1.5 1.13746e-13 0)
(1.5 4.30263e-14 0)
(1.5 8.10869e-14 0)
(1.5 1.14771e-13 0)
(1.5 9.88958e-14 0)
(1.5 5.16161e-14 0)
(1.5 2.8494e-14 0)
(1.5 7.22137e-14 0)
(1.5 -5.1511e-14 0)
(1.5 -1.00412e-13 0)
(1.5 -3.66493e-14 0)
(1.5 2.85243e-14 0)
(1.5 2.48285e-14 0)
(1.5 1.35612e-14 0)
(1.5 1.6743e-14 0)
(1.5 6.08904e-14 0)
(1.5 1.50378e-13 0)
(1.5 1.66086e-13 0)
(1.5 6.41547e-14 0)
(1.5 5.97137e-14 0)
(1.5 5.11956e-14 0)
(1.5 -6.42483e-16 0)
(1.5 -2.24034e-14 0)
(1.5 4.43541e-14 0)
(1.5 1.13747e-13 0)
(1.5 1.3283e-13 0)
(1.5 4.72543e-14 0)
(1.5 -9.24079e-14 0)
(1.5 -5.288e-15 0)
(1.5 1.58719e-13 0)
(1.5 2.15771e-13 0)
(1.5 2.58346e-13 0)
(1.5 3.26101e-13 0)
(1.5 2.71806e-13 0)
(1.5 2.64738e-13 0)
(1.5 3.1031e-13 0)
(1.5 3.54364e-13 0)
(1.5 3.2643e-13 0)
(1.5 2.83856e-13 0)
(1.5 2.76715e-13 0)
(1.5 2.17818e-13 0)
(1.5 1.58946e-13 0)
(1.5 2.72511e-13 0)
(1.5 3.73557e-13 0)
(1.5 2.66285e-13 0)
(1.5 1.23668e-13 0)
(1.5 1.36112e-14 0)
(1.5 -1.14121e-14 0)
(1.5 5.5231e-14 0)
(1.5 1.01438e-13 0)
(1.5 1.13842e-13 0)
(1.5 8.79544e-14 0)
(1.5 5.15953e-14 0)
(1.5 2.82115e-14 0)
(1.5 3.50048e-14 0)
(1.5 3.12588e-14 0)
(1.5 2.35868e-14 0)
(1.5 3.64373e-14 0)
(1.5 6.43684e-14 0)
(1.5 3.2863e-14 0)
(1.5 -8.09188e-15 0)
(1.5 1.43152e-14 0)
(1.5 7.96623e-15 0)
(1.5 4.87684e-14 0)
(1.5 9.60437e-14 0)
(1.5 -1.3259e-14 0)
(1.5 -9.00326e-14 0)
(1.5 -1.6702e-13 0)
(1.5 -2.62111e-13 0)
(1.5 -2.03619e-13 0)
(1.5 -1.44712e-13 0)
(1.5 -6.72702e-14 0)
(1.5 7.74919e-14 0)
(1.5 1.09577e-13 0)
(1.5 1.21035e-13 0)
(1.5 2.73468e-14 0)
(1.5 -4.04906e-15 0)
(1.5 -2.94629e-14 0)
(1.5 -8.2865e-14 0)
(1.5 -7.71393e-14 0)
(1.5 1.01108e-14 0)
(1.5 -1.86919e-14 0)
(1.5 -2.73029e-14 0)
(1.5 3.24758e-14 0)
(1.5 -7.02439e-15 0)
(1.5 8.63151e-15 0)
(1.5 9.52731e-14 0)
(1.5 5.80129e-14 0)
(1.5 2.18448e-14 0)
(1.5 1.08708e-13 0)
(1.5 1.69287e-13 0)
(1.5 1.57147e-13 0)
(1.5 2.18768e-13 0)
(1.5 3.0719e-13 0)
(1.5 2.86363e-13 0)
(1.5 5.14199e-14 0)
(1.5 4.09535e-14 0)
(1.5 7.345e-14 0)
(1.5 1.68847e-13 0)
(1.5 1.43203e-13 0)
(1.5 7.10928e-14 0)
(1.5 2.92396e-14 0)
(1.5 8.84851e-14 0)
(1.5 1.91623e-13 0)
(1.5 1.85809e-13 0)
(1.5 1.32721e-13 0)
(1.5 2.91843e-14 0)
(1.5 -5.37868e-14 0)
(1.5 -1.12344e-13 0)
(1.5 -1.02504e-13 0)
(1.5 -4.2242e-14 0)
(1.5 2.78602e-14 0)
(1.5 6.03242e-14 0)
(1.5 6.34235e-14 0)
(1.5 4.16321e-14 0)
(1.5 -1.14147e-14 0)
(1.5 -9.91108e-15 0)
(1.5 7.44429e-14 0)
(1.5 1.4201e-13 0)
(1.5 1.37458e-13 0)
(1.5 1.30347e-13 0)
(1.5 1.06164e-13 0)
(1.5 5.2665e-14 0)
(1.5 9.16272e-14 0)
(1.5 8.59594e-14 0)
(1.5 1.00985e-13 0)
(1.5 1.40505e-13 0)
(1.5 1.02041e-13 0)
(1.5 6.48845e-14 0)
(1.5 4.52118e-14 0)
(1.5 7.14789e-15 0)
(1.5 2.09462e-14 0)
(1.5 6.14627e-14 0)
(1.5 9.6145e-14 0)
(1.5 8.82684e-14 0)
(1.5 9.25056e-14 0)
(1.5 9.83375e-14 0)
(1.5 1.41236e-13 0)
(1.5 8.7209e-14 0)
(1.5 5.77995e-14 0)
(1.5 9.40711e-14 0)
(1.5 1.20778e-13 0)
(1.5 1.12074e-13 0)
(1.5 9.23471e-14 0)
(1.5 1.24362e-13 0)
(1.5 1.32092e-13 0)
(1.5 1.55619e-13 0)
(1.5 1.58812e-13 0)
(1.5 1.53948e-13 0)
(1.5 1.17038e-13 0)
(1.5 1.12185e-13 0)
(1.5 8.88982e-14 0)
(1.5 1.53889e-13 0)
(1.5 1.55632e-13 0)
(1.5 1.22074e-13 0)
(1.5 1.4384e-13 0)
(1.5 9.19238e-14 0)
(1.5 4.54277e-15 0)
(1.5 4.64149e-14 0)
(1.5 7.3859e-14 0)
(1.5 2.5018e-15 0)
(1.5 -1.59466e-14 0)
(1.5 1.37325e-14 0)
(1.5 -1.03737e-14 0)
(1.5 4.3948e-14 0)
(1.5 8.12747e-14 0)
(1.5 1.48196e-13 0)
(1.5 1.5761e-13 0)
(1.5 1.46039e-13 0)
(1.5 1.02705e-13 0)
(1.5 1.10133e-13 0)
(1.5 7.80505e-14 0)
(1.5 9.89008e-14 0)
(1.5 3.16695e-14 0)
(1.5 7.98881e-14 0)
(1.5 1.06779e-13 0)
(1.5 1.33421e-13 0)
(1.5 1.66552e-13 0)
(1.5 1.71413e-13 0)
(1.5 1.89309e-13 0)
(1.5 1.87456e-13 0)
(1.5 2.33997e-13 0)
(1.5 2.19041e-13 0)
(1.5 1.99303e-13 0)
(1.5 1.07842e-13 0)
(1.5 3.04112e-14 0)
(1.5 -1.92312e-14 0)
(1.5 -9.51797e-14 0)
(1.5 -1.12534e-13 0)
(1.5 -9.10427e-14 0)
(1.5 -1.06823e-15 0)
(1.5 7.12014e-14 0)
(1.5 8.16869e-14 0)
(1.5 8.43671e-14 0)
(1.5 1.13813e-13 0)
(1.5 1.5429e-13 0)
(1.5 1.23863e-13 0)
(1.5 1.12682e-13 0)
(1.5 1.12317e-13 0)
(1.5 1.61834e-13 0)
(1.5 1.65487e-13 0)
(1.5 1.56618e-13 0)
(1.5 1.42596e-13 0)
(1.5 6.55581e-14 0)
(1.5 -1.24597e-14 0)
(1.5 8.95314e-15 0)
(1.5 6.48164e-14 0)
(1.5 8.41216e-14 0)
(1.5 3.05089e-14 0)
(1.5 -1.77432e-14 0)
(1.5 3.48816e-14 0)
(1.5 4.68409e-14 0)
(1.5 9.33112e-14 0)
(1.5 6.96867e-14 0)
(1.5 1.67014e-14 0)
(1.5 1.77457e-14 0)
(1.5 7.3439e-14 0)
(1.5 6.50583e-14 0)
(1.5 8.15699e-14 0)
(1.5 5.49176e-14 0)
(1.5 6.43705e-14 0)
(1.5 6.87107e-14 0)
(1.5 1.13465e-13 0)
(1.5 1.35844e-13 0)
(1.5 1.83067e-13 0)
(1.5 2.04429e-13 0)
(1.5 1.39608e-13 0)
(1.5 -2.56638e-15 0)
(1.5 2.57278e-14 0)
(1.5 1.2148e-13 0)
(1.5 1.66139e-13 0)
(1.5 1.6251e-13 0)
(1.5 2.49955e-13 0)
(1.5 2.48091e-13 0)
(1.5 2.12386e-13 0)
(1.5 3.3635e-13 0)
(1.5 3.46884e-13 0)
(1.5 2.46401e-13 0)
(1.5 1.02822e-13 0)
(1.5 6.00945e-14 0)
(1.5 7.74331e-14 0)
(1.5 5.34267e-14 0)
(1.5 8.35224e-14 0)
(1.5 1.31238e-13 0)
(1.5 1.59247e-13 0)
(1.5 1.62791e-13 0)
(1.5 1.33408e-13 0)
(1.5 1.26604e-13 0)
(1.5 6.45436e-14 0)
(1.5 9.0102e-14 0)
(1.5 1.63285e-13 0)
(1.5 8.9123e-14 0)
(1.5 -1.00788e-13 0)
(1.5 -1.51962e-13 0)
(1.5 -7.98208e-14 0)
(1.5 3.20318e-14 0)
(1.5 6.5635e-14 0)
(1.5 1.32424e-13 0)
(1.5 9.35205e-14 0)
(1.5 8.56117e-14 0)
(1.5 6.52279e-14 0)
(1.5 2.58302e-14 0)
(1.5 4.27741e-14 0)
(1.5 1.10986e-13 0)
(1.5 1.03612e-13 0)
(1.5 3.49193e-14 0)
(1.5 -8.93344e-15 0)
(1.5 -1.44723e-13 0)
(1.5 -2.30131e-13 0)
(1.5 -2.48472e-13 0)
(1.5 -1.59889e-13 0)
(1.5 -2.9065e-14 0)
(1.5 6.99171e-14 0)
(1.5 1.73533e-13 0)
(1.5 2.1238e-13 0)
(1.5 1.7997e-13 0)
(1.5 1.63458e-13 0)
(1.5 1.18654e-13 0)
(1.5 7.75829e-14 0)
(1.5 3.98691e-14 0)
(1.5 1.04778e-13 0)
(1.5 8.25683e-14 0)
(1.5 4.98798e-14 0)
(1.5 8.63576e-14 0)
(1.5 8.51946e-14 0)
(1.5 9.51928e-14 0)
(1.5 1.2445e-13 0)
(1.5 1.78402e-13 0)
(1.5 6.39646e-14 0)
(1.5 1.32466e-13 0)
(1.5 2.50349e-13 0)
(1.5 2.97129e-13 0)
(1.5 4.22352e-13 0)
(1.5 4.01522e-13 0)
(1.5 3.06474e-13 0)
(1.5 3.05498e-14 0)
(1.5 1.28342e-14 0)
(1.5 -3.02939e-14 0)
(1.5 -2.59546e-14 0)
(1.5 -3.42186e-15 0)
(1.5 7.03499e-14 0)
(1.5 2.99604e-16 0)
(1.5 5.57915e-14 0)
(1.5 1.32534e-13 0)
(1.5 1.0958e-13 0)
(1.5 1.07848e-14 0)
(1.5 -8.95262e-14 0)
(1.5 -1.14126e-13 0)
(1.5 -7.8626e-14 0)
(1.5 -3.38775e-14 0)
(1.5 -2.68392e-14 0)
(1.5 5.96825e-15 0)
(1.5 9.11695e-14 0)
(1.5 6.32233e-14 0)
(1.5 6.0014e-14 0)
(1.5 2.28362e-14 0)
(1.5 -3.44353e-15 0)
(1.5 1.20755e-14 0)
(1.5 7.98569e-14 0)
(1.5 1.47884e-13 0)
(1.5 6.93744e-14 0)
(1.5 5.60116e-15 0)
(1.5 2.19268e-15 0)
(1.5 -3.84543e-14 0)
(1.5 -2.24507e-14 0)
(1.5 2.05495e-15 0)
(1.5 6.90502e-14 0)
(1.5 5.95493e-14 0)
(1.5 2.81798e-14 0)
(1.5 6.93608e-14 0)
(1.5 1.20161e-13 0)
(1.5 5.65026e-14 0)
(1.5 2.97539e-14 0)
(1.5 3.7523e-14 0)
(1.5 1.66125e-14 0)
(1.5 3.65537e-14 0)
(1.5 1.10648e-13 0)
(1.5 1.49462e-13 0)
(1.5 1.25924e-13 0)
(1.5 5.48729e-14 0)
(1.5 1.30681e-13 0)
(1.5 1.82961e-13 0)
(1.5 1.57023e-13 0)
(1.5 1.60174e-13 0)
(1.5 1.54277e-13 0)
(1.5 1.02059e-13 0)
(1.5 1.41887e-13 0)
(1.5 2.00097e-13 0)
(1.5 2.11191e-13 0)
(1.5 1.55688e-13 0)
(1.5 1.53209e-13 0)
(1.5 2.08043e-13 0)
(1.5 2.18365e-13 0)
(1.5 1.49995e-13 0)
(1.5 1.93383e-13 0)
(1.5 1.33608e-13 0)
(1.5 3.18574e-14 0)
(1.5 -5.05835e-15 0)
(1.5 3.04136e-14 0)
(1.5 9.64244e-14 0)
(1.5 4.1715e-14 0)
(1.5 1.22107e-14 0)
(1.5 5.0488e-14 0)
(1.5 2.49293e-14 0)
(1.5 9.17045e-14 0)
(1.5 7.69967e-14 0)
(1.5 6.08416e-14 0)
(1.5 5.7167e-14 0)
(1.5 6.23867e-14 0)
(1.5 7.61044e-14 0)
(1.5 4.5786e-14 0)
(1.5 5.53114e-14 0)
(1.5 1.43638e-14 0)
(1.5 1.30652e-14 0)
(1.5 1.59771e-14 0)
(1.5 -1.08402e-14 0)
(1.5 2.00586e-14 0)
(1.5 7.57608e-14 0)
(1.5 5.60794e-14 0)
(1.5 2.36923e-14 0)
(1.5 1.86935e-14 0)
(1.5 5.82922e-14 0)
(1.5 4.55764e-14 0)
(1.5 5.63772e-14 0)
(1.5 5.19479e-14 0)
(1.5 6.39056e-14 0)
(1.5 2.84242e-14 0)
(1.5 -3.94869e-14 0)
(1.5 -6.2838e-14 0)
(1.5 -5.35601e-14 0)
(1.5 -5.58308e-15 0)
(1.5 5.91532e-15 0)
(1.5 4.49157e-14 0)
(1.5 8.12261e-14 0)
(1.5 1.34794e-13 0)
(1.5 1.30841e-13 0)
(1.5 1.36931e-13 0)
(1.5 1.2293e-13 0)
(1.5 2.03739e-13 0)
(1.5 1.93571e-13 0)
(1.5 1.9562e-13 0)
(1.5 2.00873e-13 0)
(1.5 6.86941e-14 0)
(1.5 -4.13713e-14 0)
(1.5 -1.01097e-13 0)
(1.5 -2.7296e-14 0)
(1.5 3.28154e-14 0)
(1.5 1.42563e-14 0)
(1.5 6.34562e-14 0)
(1.5 5.49202e-14 0)
(1.5 7.45417e-14 0)
(1.5 1.41007e-13 0)
(1.5 2.09403e-13 0)
(1.5 1.7018e-13 0)
(1.5 3.12425e-15 0)
(1.5 -6.59287e-15 0)
(1.5 5.68472e-14 0)
(1.5 6.67151e-14 0)
(1.5 1.12854e-13 0)
(1.5 6.13785e-14 0)
(1.5 5.30036e-14 0)
(1.5 1.02553e-13 0)
(1.5 1.30123e-13 0)
(1.5 1.61013e-13 0)
(1.5 1.59712e-13 0)
(1.5 1.00421e-13 0)
(1.5 1.09949e-13 0)
(1.5 1.69113e-13 0)
(1.5 1.91735e-13 0)
(1.5 2.45315e-13 0)
(1.5 2.39111e-13 0)
(1.5 1.76023e-13 0)
(1.5 1.93368e-13 0)
(1.5 1.96174e-13 0)
(1.5 2.16196e-13 0)
(1.5 2.59118e-13 0)
(1.5 2.36786e-13 0)
(1.5 1.31228e-13 0)
(1.5 2.53514e-14 0)
(1.5 -1.389e-14 0)
(1.5 5.16894e-15 0)
(1.5 -6.8933e-15 0)
(1.5 -4.72416e-14 0)
(1.5 -6.72036e-14 0)
(1.5 3.3799e-14 0)
(1.5 1.27162e-13 0)
(1.5 2.1981e-13 0)
(1.5 3.18838e-13 0)
(1.5 2.13162e-13 0)
(1.5 1.93683e-13 0)
(1.5 1.91752e-13 0)
(1.5 1.22496e-13 0)
(1.5 -5.89123e-14 0)
(1.5 -7.95353e-14 0)
(1.5 -5.0435e-14 0)
(1.5 2.86022e-14 0)
(1.5 4.293e-14 0)
(1.5 6.30355e-14 0)
(1.5 1.6207e-14 0)
(1.5 1.53738e-14 0)
(1.5 9.86375e-14 0)
(1.5 1.00097e-13 0)
(1.5 1.66905e-13 0)
(1.5 1.81535e-13 0)
(1.5 1.02627e-13 0)
(1.5 9.28735e-14 0)
(1.5 4.1277e-14 0)
(1.5 -1.08445e-13 0)
(1.5 -1.68514e-13 0)
(1.5 -2.13319e-13 0)
(1.5 -1.60661e-13 0)
(1.5 -2.56955e-14 0)
(1.5 8.58504e-14 0)
(1.5 1.38048e-13 0)
(1.5 1.09561e-13 0)
(1.5 9.48542e-14 0)
(1.5 7.33051e-14 0)
(1.5 1.88732e-13 0)
(1.5 2.06539e-13 0)
(1.5 1.78198e-13 0)
(1.5 1.60857e-13 0)
(1.5 1.6012e-13 0)
(1.5 1.0521e-13 0)
(1.5 1.74006e-13 0)
(1.5 2.70071e-13 0)
(1.5 2.13047e-13 0)
(1.5 1.49511e-13 0)
(1.5 2.64608e-13 0)
(1.5 1.80485e-13 0)
(1.5 2.28942e-13 0)
(1.5 3.20217e-13 0)
(1.5 4.31069e-13 0)
(1.5 6.92071e-13 0)
(1.5 6.11841e-13 0)
(1.5 4.52743e-13 0)
(1.5 -1.66142e-14 0)
(1.5 -4.49269e-14 0)
(1.5 -1.30677e-13 0)
(1.5 -2.16311e-13 0)
(1.5 -2.10952e-13 0)
(1.5 -5.83681e-14 0)
(1.5 -3.78175e-15 0)
(1.5 6.29553e-14 0)
(1.5 8.99824e-14 0)
(1.5 7.78328e-14 0)
(1.5 1.37461e-14 0)
(1.5 -1.11084e-13 0)
(1.5 -1.38948e-13 0)
(1.5 -6.25481e-14 0)
(1.5 3.2504e-14 0)
(1.5 2.76811e-14 0)
(1.5 3.90873e-14 0)
(1.5 8.04099e-14 0)
(1.5 5.30124e-14 0)
(1.5 4.67037e-14 0)
(1.5 6.91964e-14 0)
(1.5 -3.58231e-15 0)
(1.5 -5.75926e-14 0)
(1.5 -1.53575e-14 0)
(1.5 4.93493e-14 0)
(1.5 2.09306e-14 0)
(1.5 -3.42337e-14 0)
(1.5 -5.10948e-14 0)
(1.5 -7.42215e-14 0)
(1.5 -7.22665e-14 0)
(1.5 -8.52486e-15 0)
(1.5 3.89926e-14 0)
(1.5 7.31262e-14 0)
(1.5 7.83452e-14 0)
(1.5 1.05576e-13 0)
(1.5 1.43903e-13 0)
(1.5 1.05772e-13 0)
(1.5 1.03003e-13 0)
(1.5 1.00539e-13 0)
(1.5 5.79854e-14 0)
(1.5 1.956e-14 0)
(1.5 7.56076e-14 0)
(1.5 9.79471e-14 0)
(1.5 1.26724e-13 0)
(1.5 1.25764e-13 0)
(1.5 1.49327e-13 0)
(1.5 1.64639e-13 0)
(1.5 1.76017e-13 0)
(1.5 1.38355e-13 0)
(1.5 1.39585e-13 0)
(1.5 1.55708e-13 0)
(1.5 1.78294e-13 0)
(1.5 1.71577e-13 0)
(1.5 1.37164e-13 0)
(1.5 1.41102e-13 0)
(1.5 1.08686e-13 0)
(1.5 1.57053e-13 0)
(1.5 7.69261e-14 0)
(1.5 1.01799e-13 0)
(1.5 1.58751e-13 0)
(1.5 7.63609e-14 0)
(1.5 3.93365e-14 0)
(1.5 6.90473e-14 0)
(1.5 8.43285e-14 0)
(1.5 4.80449e-14 0)
(1.5 7.43806e-14 0)
(1.5 1.31482e-13 0)
(1.5 1.29479e-13 0)
(1.5 1.06436e-13 0)
(1.5 1.05881e-13 0)
(1.5 1.51035e-13 0)
(1.5 9.58808e-14 0)
(1.5 2.42487e-15 0)
(1.5 1.74671e-14 0)
(1.5 5.69438e-14 0)
(1.5 5.36379e-14 0)
(1.5 5.94002e-14 0)
(1.5 -1.77367e-14 0)
(1.5 5.03935e-14 0)
(1.5 2.10556e-14 0)
(1.5 -4.13872e-14 0)
(1.5 -8.85276e-14 0)
(1.5 -1.21714e-13 0)
(1.5 -1.51106e-13 0)
(1.5 -1.55916e-13 0)
(1.5 -1.24085e-13 0)
(1.5 -2.65327e-14 0)
(1.5 -2.91682e-14 0)
(1.5 -1.11781e-13 0)
(1.5 -9.90926e-14 0)
(1.5 -1.72865e-14 0)
(1.5 2.00533e-14 0)
(1.5 3.32721e-14 0)
(1.5 7.49871e-15 0)
(1.5 1.40821e-14 0)
(1.5 -6.97802e-15 0)
(1.5 -3.34594e-14 0)
(1.5 1.57184e-14 0)
(1.5 9.06887e-14 0)
(1.5 1.35123e-13 0)
(1.5 1.38236e-13 0)
(1.5 1.36324e-13 0)
(1.5 1.64157e-13 0)
(1.5 2.19063e-13 0)
(1.5 1.98197e-13 0)
(1.5 1.70774e-13 0)
(1.5 1.26075e-13 0)
(1.5 3.38494e-14 0)
(1.5 2.46099e-14 0)
(1.5 -3.37845e-15 0)
(1.5 3.45232e-14 0)
(1.5 6.04075e-14 0)
(1.5 1.5647e-14 0)
(1.5 4.60534e-14 0)
(1.5 7.29436e-14 0)
(1.5 7.35713e-14 0)
(1.5 1.01028e-13 0)
(1.5 1.44797e-13 0)
(1.5 1.8175e-13 0)
(1.5 3.67749e-14 0)
(1.5 -8.30075e-14 0)
(1.5 -2.59189e-14 0)
(1.5 3.14271e-14 0)
(1.5 4.11841e-14 0)
(1.5 -9.55353e-15 0)
(1.5 -6.74541e-14 0)
(1.5 -1.70211e-14 0)
(1.5 5.49329e-14 0)
(1.5 2.0961e-13 0)
(1.5 2.66056e-13 0)
(1.5 1.96044e-13 0)
(1.5 2.50337e-13 0)
(1.5 4.23422e-13 0)
(1.5 4.68343e-13 0)
(1.5 4.76036e-13 0)
(1.5 3.96539e-13 0)
(1.5 2.18086e-13 0)
(1.5 1.21405e-13 0)
(1.5 1.29869e-13 0)
(1.5 2.15475e-13 0)
(1.5 1.64308e-13 0)
(1.5 1.01981e-13 0)
(1.5 2.52041e-14 0)
(1.5 3.50768e-14 0)
(1.5 4.15111e-14 0)
(1.5 -8.16908e-15 0)
(1.5 -3.63373e-14 0)
(1.5 -9.8536e-14 0)
(1.5 -1.25853e-13 0)
(1.5 -7.04118e-15 0)
(1.5 1.14522e-13 0)
(1.5 1.84625e-13 0)
(1.5 3.31633e-13 0)
(1.5 3.17391e-13 0)
(1.5 2.74755e-13 0)
(1.5 2.37401e-13 0)
(1.5 1.26713e-13 0)
(1.5 4.98976e-14 0)
(1.5 5.431e-14 0)
(1.5 4.31966e-14 0)
(1.5 5.90854e-14 0)
(1.5 9.47015e-14 0)
(1.5 2.66353e-14 0)
(1.5 1.85253e-14 0)
(1.5 1.10082e-13 0)
(1.5 2.46563e-13 0)
(1.5 3.12092e-13 0)
(1.5 3.31626e-13 0)
(1.5 2.64166e-13 0)
(1.5 2.28728e-13 0)
(1.5 2.12426e-13 0)
(1.5 6.14548e-14 0)
(1.5 -9.60073e-14 0)
(1.5 -1.46572e-13 0)
(1.5 -1.30447e-13 0)
(1.5 -7.69998e-14 0)
(1.5 -1.6043e-15 0)
(1.5 1.65946e-13 0)
(1.5 2.00713e-13 0)
(1.5 1.30526e-13 0)
(1.5 5.50213e-14 0)
(1.5 6.39046e-15 0)
(1.5 1.88643e-13 0)
(1.5 2.37155e-13 0)
(1.5 2.21516e-13 0)
(1.5 1.32855e-13 0)
(1.5 1.19059e-13 0)
(1.5 1.83515e-13 0)
(1.5 2.53494e-13 0)
(1.5 3.43425e-13 0)
(1.5 2.87914e-13 0)
(1.5 2.1669e-13 0)
(1.5 3.06039e-13 0)
(1.5 2.97106e-13 0)
(1.5 2.69457e-13 0)
(1.5 3.27006e-13 0)
(1.5 4.44981e-13 0)
(1.5 7.9665e-13 0)
(1.5 7.75434e-13 0)
(1.5 5.9089e-13 0)
(1.5 -4.59086e-14 0)
(1.5 -8.68149e-14 0)
(1.5 -1.9384e-13 0)
(1.5 -3.4347e-13 0)
(1.5 -4.17188e-13 0)
(1.5 -2.77956e-13 0)
(1.5 -8.49718e-14 0)
(1.5 -5.62996e-15 0)
(1.5 1.84591e-14 0)
(1.5 3.71039e-14 0)
(1.5 -1.22015e-14 0)
(1.5 -9.2946e-14 0)
(1.5 -1.12747e-13 0)
(1.5 -8.61396e-14 0)
(1.5 1.38169e-14 0)
(1.5 2.84573e-14 0)
(1.5 1.06393e-13 0)
(1.5 6.90669e-14 0)
(1.5 1.50289e-15 0)
(1.5 -4.48065e-14 0)
(1.5 -7.10026e-15 0)
(1.5 -4.44653e-14 0)
(1.5 -9.84267e-14 0)
(1.5 -1.02372e-13 0)
(1.5 -1.16918e-13 0)
(1.5 -6.03069e-14 0)
(1.5 -4.71717e-14 0)
(1.5 -7.23481e-14 0)
(1.5 -7.62948e-14 0)
(1.5 -1.08542e-13 0)
(1.5 -6.55003e-14 0)
(1.5 -6.1078e-15 0)
(1.5 3.8513e-14 0)
(1.5 5.47061e-14 0)
(1.5 6.08817e-14 0)
(1.5 8.94009e-15 0)
(1.5 3.58675e-14 0)
(1.5 6.89003e-14 0)
(1.5 5.97714e-14 0)
(1.5 9.42276e-14 0)
(1.5 8.28152e-14 0)
(1.5 4.94916e-14 0)
(1.5 5.41013e-14 0)
(1.5 7.96979e-14 0)
(1.5 1.06475e-13 0)
(1.5 1.09831e-13 0)
(1.5 1.02501e-13 0)
(1.5 9.41982e-14 0)
(1.5 6.27841e-14 0)
(1.5 4.51261e-14 0)
(1.5 1.2574e-13 0)
(1.5 1.12134e-13 0)
(1.5 7.40236e-14 0)
(1.5 4.52616e-14 0)
(1.5 6.08692e-14 0)
(1.5 8.80023e-14 0)
(1.5 8.77878e-14 0)
(1.5 3.37898e-14 0)
(1.5 3.80125e-14 0)
(1.5 2.61996e-14 0)
(1.5 3.85202e-14 0)
(1.5 4.01334e-14 0)
(1.5 5.68815e-14 0)
(1.5 5.7847e-14 0)
(1.5 3.4048e-15 0)
(1.5 4.96352e-14 0)
(1.5 9.40683e-14 0)
(1.5 1.0669e-13 0)
(1.5 5.91168e-14 0)
(1.5 1.81632e-14 0)
(1.5 8.31414e-14 0)
(1.5 6.75591e-14 0)
(1.5 -1.90378e-14 0)
(1.5 2.20523e-14 0)
(1.5 3.1017e-14 0)
(1.5 7.19449e-14 0)
(1.5 8.15939e-14 0)
(1.5 6.91924e-14 0)
(1.5 5.30138e-14 0)
(1.5 1.30995e-14 0)
(1.5 -5.22944e-14 0)
(1.5 -1.30597e-13 0)
(1.5 -1.40037e-13 0)
(1.5 -1.39511e-13 0)
(1.5 -8.30163e-14 0)
(1.5 1.00232e-14 0)
(1.5 8.00397e-14 0)
(1.5 5.11872e-14 0)
(1.5 -8.10883e-14 0)
(1.5 -1.21178e-13 0)
(1.5 -4.82876e-14 0)
(1.5 -1.54488e-14 0)
(1.5 -5.14982e-14 0)
(1.5 -7.40526e-14 0)
(1.5 -8.89845e-14 0)
(1.5 -1.12683e-13 0)
(1.5 -9.85204e-14 0)
(1.5 -8.93515e-14 0)
(1.5 -4.83662e-14 0)
(1.5 -1.69498e-14 0)
(1.5 4.84362e-14 0)
(1.5 3.00226e-14 0)
(1.5 3.26489e-14 0)
(1.5 4.18838e-14 0)
(1.5 2.66191e-14 0)
(1.5 -1.40116e-14 0)
(1.5 -7.5479e-14 0)
(1.5 -4.58015e-14 0)
(1.5 1.48134e-14 0)
(1.5 1.97225e-14 0)
(1.5 1.03828e-14 0)
(1.5 4.94562e-14 0)
(1.5 2.45701e-14 0)
(1.5 -3.39178e-15 0)
(1.5 7.53273e-14 0)
(1.5 3.41962e-14 0)
(1.5 -1.5402e-14 0)
(1.5 5.26204e-15 0)
(1.5 2.28106e-14 0)
(1.5 6.98051e-14 0)
(1.5 2.57587e-14 0)
(1.5 -8.87012e-15 0)
(1.5 1.87223e-14 0)
(1.5 2.1724e-14 0)
(1.5 2.45474e-14 0)
(1.5 -3.92108e-15 0)
(1.5 -3.60675e-14 0)
(1.5 6.07725e-14 0)
(1.5 2.10373e-13 0)
(1.5 3.46678e-13 0)
(1.5 3.88242e-13 0)
(1.5 4.17128e-13 0)
(1.5 5.61852e-13 0)
(1.5 5.96304e-13 0)
(1.5 5.29983e-13 0)
(1.5 3.93787e-13 0)
(1.5 1.56758e-13 0)
(1.5 6.82108e-14 0)
(1.5 8.26673e-14 0)
(1.5 1.37984e-13 0)
(1.5 1.10426e-13 0)
(1.5 5.5809e-14 0)
(1.5 3.77166e-14 0)
(1.5 5.89838e-14 0)
(1.5 7.77421e-14 0)
(1.5 6.76577e-14 0)
(1.5 -2.91702e-14 0)
(1.5 -1.38038e-13 0)
(1.5 -1.68923e-13 0)
(1.5 -1.22099e-13 0)
(1.5 -1.83586e-14 0)
(1.5 5.0975e-14 0)
(1.5 1.53556e-13 0)
(1.5 2.12085e-13 0)
(1.5 1.86115e-13 0)
(1.5 1.24e-13 0)
(1.5 1.04614e-14 0)
(1.5 -2.92134e-15 0)
(1.5 7.46371e-15 0)
(1.5 3.01799e-14 0)
(1.5 1.10752e-13 0)
(1.5 1.75961e-13 0)
(1.5 1.91202e-13 0)
(1.5 1.9336e-13 0)
(1.5 2.41584e-13 0)
(1.5 3.3585e-13 0)
(1.5 3.91563e-13 0)
(1.5 4.17501e-13 0)
(1.5 3.32341e-13 0)
(1.5 2.40655e-13 0)
(1.5 1.99011e-13 0)
(1.5 1.26152e-14 0)
(1.5 -7.19741e-14 0)
(1.5 -1.31963e-13 0)
(1.5 -1.70248e-13 0)
(1.5 -7.02355e-14 0)
(1.5 -1.93743e-14 0)
(1.5 1.09572e-13 0)
(1.5 1.80313e-13 0)
(1.5 1.62161e-13 0)
(1.5 1.40822e-13 0)
(1.5 8.91572e-14 0)
(1.5 2.03777e-13 0)
(1.5 2.17323e-13 0)
(1.5 1.89241e-13 0)
(1.5 1.44248e-13 0)
(1.5 1.52843e-13 0)
(1.5 2.87809e-13 0)
(1.5 3.17075e-13 0)
(1.5 2.74328e-13 0)
(1.5 3.05666e-13 0)
(1.5 3.92824e-13 0)
(1.5 4.6616e-13 0)
(1.5 4.67432e-13 0)
(1.5 3.29675e-13 0)
(1.5 2.75314e-13 0)
(1.5 3.61071e-13 0)
(1.5 6.30094e-13 0)
(1.5 6.99245e-13 0)
(1.5 6.3634e-13 0)
(1.5 -1.80222e-14 0)
(1.5 -1.06713e-13 0)
(1.5 -2.27931e-13 0)
(1.5 -3.32993e-13 0)
(1.5 -4.03598e-13 0)
(1.5 -3.68972e-13 0)
(1.5 -2.2214e-13 0)
(1.5 -1.20441e-13 0)
(1.5 -8.99677e-14 0)
(1.5 -2.56285e-14 0)
(1.5 -9.16859e-15 0)
(1.5 6.04752e-14 0)
(1.5 1.12068e-13 0)
(1.5 1.4478e-14 0)
(1.5 2.23777e-14 0)
(1.5 4.51673e-14 0)
(1.5 5.34012e-14 0)
(1.5 2.32764e-15 0)
(1.5 1.90229e-15 0)
(1.5 -2.3798e-14 0)
(1.5 -3.38368e-14 0)
(1.5 -3.85255e-14 0)
(1.5 1.95126e-15 0)
(1.5 -2.9706e-14 0)
(1.5 -3.23455e-14 0)
(1.5 -5.20165e-14 0)
(1.5 -5.74712e-14 0)
(1.5 -4.97847e-14 0)
(1.5 -9.38253e-14 0)
(1.5 -1.40469e-13 0)
(1.5 -1.24315e-13 0)
(1.5 -3.56644e-14 0)
(1.5 -3.03018e-15 0)
(1.5 4.07239e-14 0)
(1.5 1.81228e-14 0)
(1.5 -7.0236e-14 0)
(1.5 -5.52417e-14 0)
(1.5 2.8421e-15 0)
(1.5 1.9317e-14 0)
(1.5 9.33225e-14 0)
(1.5 1.57118e-13 0)
(1.5 9.69828e-14 0)
(1.5 1.0884e-13 0)
(1.5 1.25355e-13 0)
(1.5 1.54768e-13 0)
(1.5 1.29674e-13 0)
(1.5 1.03185e-13 0)
(1.5 7.51483e-14 0)
(1.5 1.10731e-13 0)
(1.5 3.40117e-14 0)
(1.5 6.90286e-14 0)
(1.5 2.76053e-14 0)
(1.5 7.42371e-14 0)
(1.5 7.26428e-14 0)
(1.5 4.8291e-14 0)
(1.5 1.36026e-13 0)
(1.5 1.7435e-13 0)
(1.5 1.84097e-13 0)
(1.5 1.14137e-13 0)
(1.5 6.76005e-14 0)
(1.5 5.03991e-14 0)
(1.5 8.81758e-14 0)
(1.5 7.317e-14 0)
(1.5 7.58543e-14 0)
(1.5 6.44113e-14 0)
(1.5 9.30136e-14 0)
(1.5 1.26866e-13 0)
(1.5 1.11329e-13 0)
(1.5 8.85186e-14 0)
(1.5 8.08533e-14 0)
(1.5 9.65983e-14 0)
(1.5 5.81657e-14 0)
(1.5 4.26197e-14 0)
(1.5 7.58618e-14 0)
(1.5 7.20866e-14 0)
(1.5 8.92531e-14 0)
(1.5 1.46978e-13 0)
(1.5 1.65796e-13 0)
(1.5 6.33043e-14 0)
(1.5 2.35315e-14 0)
(1.5 -2.36766e-14 0)
(1.5 -2.04754e-14 0)
(1.5 4.04095e-14 0)
(1.5 8.53043e-15 0)
(1.5 5.67202e-15 0)
(1.5 7.35872e-14 0)
(1.5 7.03768e-14 0)
(1.5 9.09019e-14 0)
(1.5 4.69995e-14 0)
(1.5 4.47976e-14 0)
(1.5 3.93328e-14 0)
(1.5 -2.80789e-14 0)
(1.5 -1.09368e-13 0)
(1.5 -1.28519e-13 0)
(1.5 -1.67075e-13 0)
(1.5 -9.96122e-14 0)
(1.5 2.29058e-14 0)
(1.5 7.38125e-14 0)
(1.5 6.20726e-14 0)
(1.5 -1.0904e-14 0)
(1.5 1.74661e-14 0)
(1.5 1.88399e-14 0)
(1.5 -8.52438e-15 0)
(1.5 8.79863e-15 0)
(1.5 1.76899e-14 0)
(1.5 -8.05335e-15 0)
(1.5 -8.71139e-14 0)
(1.5 -3.81051e-14 0)
(1.5 5.08026e-14 0)
(1.5 1.05106e-13 0)
(1.5 3.54811e-14 0)
(1.5 4.44227e-14 0)
(1.5 3.79166e-14 0)
(1.5 4.3943e-14 0)
(1.5 1.04886e-13 0)
(1.5 2.20734e-14 0)
(1.5 -4.90791e-14 0)
(1.5 -6.86417e-14 0)
(1.5 -1.09598e-14 0)
(1.5 1.53795e-13 0)
(1.5 2.43998e-13 0)
(1.5 1.64917e-13 0)
(1.5 1.50162e-13 0)
(1.5 1.4055e-13 0)
(1.5 1.49429e-13 0)
(1.5 1.37894e-13 0)
(1.5 7.04371e-14 0)
(1.5 7.07881e-14 0)
(1.5 1.50475e-13 0)
(1.5 2.3343e-13 0)
(1.5 3.34459e-13 0)
(1.5 3.51636e-13 0)
(1.5 4.18715e-13 0)
(1.5 4.34684e-13 0)
(1.5 3.79031e-13 0)
(1.5 2.33406e-13 0)
(1.5 6.55216e-14 0)
(1.5 1.14127e-13 0)
(1.5 8.76194e-14 0)
(1.5 8.73632e-14 0)
(1.5 8.53647e-14 0)
(1.5 9.58319e-14 0)
(1.5 1.5536e-13 0)
(1.5 1.85242e-13 0)
(1.5 2.36365e-13 0)
(1.5 2.59954e-13 0)
(1.5 1.76052e-13 0)
(1.5 -1.67939e-14 0)
(1.5 -7.24429e-14 0)
(1.5 -8.82073e-14 0)
(1.5 -7.05145e-14 0)
(1.5 -1.51693e-14 0)
(1.5 1.1241e-13 0)
(1.5 2.07494e-13 0)
(1.5 2.41783e-13 0)
(1.5 2.04512e-13 0)
(1.5 1.40023e-13 0)
(1.5 6.84953e-14 0)
(1.5 3.26907e-14 0)
(1.5 1.23963e-13 0)
(1.5 2.00885e-13 0)
(1.5 2.51937e-13 0)
(1.5 3.79216e-13 0)
(1.5 3.6313e-13 0)
(1.5 3.06084e-13 0)
(1.5 3.46755e-13 0)
(1.5 3.33836e-13 0)
(1.5 4.1199e-13 0)
(1.5 3.59271e-13 0)
(1.5 2.29547e-13 0)
(1.5 1.52997e-13 0)
(1.5 7.18272e-14 0)
(1.5 8.05214e-14 0)
(1.5 2.23619e-14 0)
(1.5 -7.71021e-14 0)
(1.5 -1.15414e-13 0)
(1.5 -3.21474e-14 0)
(1.5 7.48488e-14 0)
(1.5 8.16898e-14 0)
(1.5 1.44184e-13 0)
(1.5 1.82083e-13 0)
(1.5 1.73137e-13 0)
(1.5 1.78652e-13 0)
(1.5 1.7917e-13 0)
(1.5 1.73244e-13 0)
(1.5 1.80759e-13 0)
(1.5 2.78247e-13 0)
(1.5 3.71447e-13 0)
(1.5 3.91434e-13 0)
(1.5 3.14593e-13 0)
(1.5 3.58849e-13 0)
(1.5 4.33123e-13 0)
(1.5 4.8855e-13 0)
(1.5 5.10055e-13 0)
(1.5 3.79508e-13 0)
(1.5 2.78947e-13 0)
(1.5 3.04865e-13 0)
(1.5 3.45666e-13 0)
(1.5 4.13665e-13 0)
(1.5 4.57094e-13 0)
(1.5 1.42659e-14 0)
(1.5 -9.02758e-14 0)
(1.5 -1.36395e-13 0)
(1.5 -2.15673e-13 0)
(1.5 -2.20073e-13 0)
(1.5 -2.29473e-13 0)
(1.5 -2.27329e-13 0)
(1.5 -1.60933e-13 0)
(1.5 -1.51171e-13 0)
(1.5 -5.30502e-14 0)
(1.5 8.05648e-14 0)
(1.5 2.08521e-13 0)
(1.5 2.09816e-13 0)
(1.5 5.7778e-14 0)
(1.5 3.72715e-14 0)
(1.5 6.27092e-14 0)
(1.5 -1.63724e-14 0)
(1.5 -8.84132e-14 0)
(1.5 -8.37578e-14 0)
(1.5 4.66547e-16 0)
(1.5 1.35473e-14 0)
(1.5 2.60646e-14 0)
(1.5 4.39997e-14 0)
(1.5 3.4225e-14 0)
(1.5 3.86337e-14 0)
(1.5 -1.83112e-14 0)
(1.5 -6.75725e-14 0)
(1.5 -4.65208e-14 0)
(1.5 -9.33219e-14 0)
(1.5 -6.33814e-14 0)
(1.5 -5.79998e-14 0)
(1.5 7.30272e-15 0)
(1.5 9.62502e-15 0)
(1.5 5.1942e-14 0)
(1.5 1.59177e-14 0)
(1.5 -4.17497e-14 0)
(1.5 -6.73687e-14 0)
(1.5 -1.89862e-14 0)
(1.5 2.75437e-14 0)
(1.5 4.5305e-14 0)
(1.5 1.27284e-13 0)
(1.5 8.95202e-14 0)
(1.5 6.77096e-14 0)
(1.5 1.01632e-13 0)
(1.5 1.3013e-13 0)
(1.5 9.90801e-14 0)
(1.5 7.92122e-14 0)
(1.5 8.23021e-14 0)
(1.5 6.84223e-14 0)
(1.5 1.68631e-14 0)
(1.5 -1.44933e-14 0)
(1.5 -5.02537e-15 0)
(1.5 4.42401e-14 0)
(1.5 5.2286e-14 0)
(1.5 7.9974e-14 0)
(1.5 1.12371e-13 0)
(1.5 1.5291e-13 0)
(1.5 1.64087e-13 0)
(1.5 1.52459e-13 0)
(1.5 1.17405e-13 0)
(1.5 8.93897e-14 0)
(1.5 1.4385e-13 0)
(1.5 1.43176e-13 0)
(1.5 1.33753e-13 0)
(1.5 1.20462e-13 0)
(1.5 1.06746e-13 0)
(1.5 1.54933e-13 0)
(1.5 1.28204e-13 0)
(1.5 1.59682e-13 0)
(1.5 1.42894e-13 0)
(1.5 1.26005e-13 0)
(1.5 1.14066e-13 0)
(1.5 9.63718e-14 0)
(1.5 4.9779e-14 0)
(1.5 2.67218e-14 0)
(1.5 6.55055e-14 0)
(1.5 1.20068e-13 0)
(1.5 1.18628e-13 0)
(1.5 7.06174e-14 0)
(1.5 4.50793e-14 0)
(1.5 6.16251e-14 0)
(1.5 8.58258e-14 0)
(1.5 9.84117e-14 0)
(1.5 6.95554e-14 0)
(1.5 5.39268e-14 0)
(1.5 2.69864e-14 0)
(1.5 -1.4e-14 0)
(1.5 1.33455e-14 0)
(1.5 9.49528e-14 0)
(1.5 7.25531e-14 0)
(1.5 -5.48022e-14 0)
(1.5 -1.43336e-13 0)
(1.5 -1.26341e-13 0)
(1.5 -1.20399e-13 0)
(1.5 -1.308e-13 0)
(1.5 -5.20557e-14 0)
(1.5 1.08907e-13 0)
(1.5 1.87319e-13 0)
(1.5 1.68104e-13 0)
(1.5 1.05195e-13 0)
(1.5 3.77619e-14 0)
(1.5 -1.74752e-15 0)
(1.5 -2.3991e-15 0)
(1.5 3.26417e-15 0)
(1.5 -2.78116e-14 0)
(1.5 -3.85577e-14 0)
(1.5 -5.06427e-14 0)
(1.5 -1.25649e-14 0)
(1.5 6.15832e-14 0)
(1.5 1.32335e-13 0)
(1.5 1.2064e-13 0)
(1.5 4.77866e-14 0)
(1.5 6.26297e-15 0)
(1.5 4.68936e-14 0)
(1.5 3.26773e-14 0)
(1.5 3.02017e-14 0)
(1.5 3.93329e-14 0)
(1.5 2.04584e-15 0)
(1.5 7.54167e-14 0)
(1.5 2.22728e-13 0)
(1.5 2.57319e-13 0)
(1.5 2.04495e-13 0)
(1.5 1.25592e-13 0)
(1.5 1.37812e-13 0)
(1.5 1.61247e-13 0)
(1.5 1.91688e-13 0)
(1.5 1.89721e-13 0)
(1.5 1.33713e-13 0)
(1.5 1.1901e-13 0)
(1.5 1.33328e-13 0)
(1.5 1.70275e-13 0)
(1.5 2.10237e-13 0)
(1.5 2.06665e-13 0)
(1.5 1.36375e-13 0)
(1.5 4.91088e-14 0)
(1.5 -9.10961e-14 0)
(1.5 -1.20673e-13 0)
(1.5 -2.45946e-14 0)
(1.5 2.34028e-14 0)
(1.5 4.78098e-14 0)
(1.5 4.77709e-15 0)
(1.5 6.01949e-14 0)
(1.5 1.82371e-13 0)
(1.5 2.85806e-13 0)
(1.5 3.26407e-13 0)
(1.5 2.52841e-13 0)
(1.5 2.03528e-13 0)
(1.5 7.09383e-14 0)
(1.5 7.14659e-15 0)
(1.5 -1.35677e-14 0)
(1.5 -6.63386e-14 0)
(1.5 -6.84719e-15 0)
(1.5 1.46511e-13 0)
(1.5 2.79848e-13 0)
(1.5 2.88481e-13 0)
(1.5 2.64289e-13 0)
(1.5 2.78815e-13 0)
(1.5 2.634e-13 0)
(1.5 2.09325e-13 0)
(1.5 2.18343e-13 0)
(1.5 1.75444e-13 0)
(1.5 1.74599e-13 0)
(1.5 2.88808e-13 0)
(1.5 3.46786e-13 0)
(1.5 2.92535e-13 0)
(1.5 2.98142e-13 0)
(1.5 2.5027e-13 0)
(1.5 3.56494e-13 0)
(1.5 3.5879e-13 0)
(1.5 2.42664e-13 0)
(1.5 9.94532e-14 0)
(1.5 9.36112e-14 0)
(1.5 1.33604e-13 0)
(1.5 9.2981e-14 0)
(1.5 -1.05002e-14 0)
(1.5 -9.25435e-14 0)
(1.5 2.50266e-14 0)
(1.5 8.94306e-14 0)
(1.5 1.08032e-13 0)
(1.5 2.03219e-13 0)
(1.5 2.07779e-13 0)
(1.5 1.82354e-13 0)
(1.5 1.19985e-13 0)
(1.5 8.98231e-14 0)
(1.5 8.08396e-14 0)
(1.5 9.3184e-14 0)
(1.5 1.77941e-13 0)
(1.5 3.168e-13 0)
(1.5 3.3446e-13 0)
(1.5 2.99081e-13 0)
(1.5 3.45236e-13 0)
(1.5 3.20655e-13 0)
(1.5 3.39523e-13 0)
(1.5 4.17219e-13 0)
(1.5 3.4181e-13 0)
(1.5 1.98843e-13 0)
(1.5 9.16308e-14 0)
(1.5 -3.16362e-14 0)
(1.5 6.5775e-14 0)
(1.5 1.83221e-13 0)
(1.5 -2.32932e-16 0)
(1.5 -4.82365e-15 0)
(1.5 2.2132e-14 0)
(1.5 -6.36029e-14 0)
(1.5 -5.6565e-14 0)
(1.5 -6.664e-14 0)
(1.5 -1.58397e-13 0)
(1.5 -1.66565e-13 0)
(1.5 -1.38403e-13 0)
(1.5 -9.89591e-14 0)
(1.5 -1.70789e-14 0)
(1.5 4.36106e-14 0)
(1.5 -1.86162e-15 0)
(1.5 -5.83376e-14 0)
(1.5 -8.24412e-14 0)
(1.5 -2.41765e-14 0)
(1.5 -5.66499e-14 0)
(1.5 -1.34589e-13 0)
(1.5 -1.49123e-13 0)
(1.5 -1.0755e-13 0)
(1.5 -3.66012e-14 0)
(1.5 3.57237e-14 0)
(1.5 3.01055e-14 0)
(1.5 2.15998e-14 0)
(1.5 -1.80459e-14 0)
(1.5 -6.67747e-14 0)
(1.5 -9.97811e-14 0)
(1.5 -9.6213e-14 0)
(1.5 -1.17887e-13 0)
(1.5 -5.15901e-14 0)
(1.5 -4.54334e-14 0)
(1.5 -3.49573e-14 0)
(1.5 -4.91858e-14 0)
(1.5 -3.1351e-14 0)
(1.5 -6.27401e-15 0)
(1.5 -3.38712e-14 0)
(1.5 -4.44479e-14 0)
(1.5 -7.32545e-14 0)
(1.5 -3.74551e-14 0)
(1.5 -4.6577e-14 0)
(1.5 -1.68148e-14 0)
(1.5 -3.92045e-15 0)
(1.5 -4.59202e-14 0)
(1.5 -3.58079e-15 0)
(1.5 5.43294e-14 0)
(1.5 3.39723e-14 0)
(1.5 6.04803e-15 0)
(1.5 5.81391e-14 0)
(1.5 2.75142e-14 0)
(1.5 5.71622e-14 0)
(1.5 -2.3779e-14 0)
(1.5 4.95366e-14 0)
(1.5 5.21733e-14 0)
(1.5 2.75062e-14 0)
(1.5 5.48063e-14 0)
(1.5 4.93277e-14 0)
(1.5 7.93836e-14 0)
(1.5 1.11683e-13 0)
(1.5 1.70407e-13 0)
(1.5 1.47583e-13 0)
(1.5 1.36202e-13 0)
(1.5 1.48038e-13 0)
(1.5 1.35736e-13 0)
(1.5 1.34215e-13 0)
(1.5 1.55477e-13 0)
(1.5 1.20977e-13 0)
(1.5 8.72057e-14 0)
(1.5 8.56132e-14 0)
(1.5 1.04569e-13 0)
(1.5 8.59528e-14 0)
(1.5 3.9961e-14 0)
(1.5 2.70556e-15 0)
(1.5 -2.23004e-14 0)
(1.5 -3.48958e-14 0)
(1.5 -2.31491e-14 0)
(1.5 -2.12016e-14 0)
(1.5 2.4067e-14 0)
(1.5 9.15489e-14 0)
(1.5 6.84054e-14 0)
(1.5 4.52734e-14 0)
(1.5 8.92786e-14 0)
(1.5 3.46901e-14 0)
(1.5 -1.59658e-14 0)
(1.5 -2.47604e-14 0)
(1.5 -1.54083e-15 0)
(1.5 -8.95172e-14 0)
(1.5 -1.34554e-13 0)
(1.5 -1.33781e-13 0)
(1.5 -4.55054e-14 0)
(1.5 -6.08272e-14 0)
(1.5 -1.75658e-13 0)
(1.5 -1.82665e-13 0)
(1.5 -1.08896e-13 0)
(1.5 -8.59334e-14 0)
(1.5 -4.84614e-14 0)
(1.5 -3.67619e-14 0)
(1.5 4.79757e-15 0)
(1.5 1.00024e-14 0)
(1.5 4.76069e-14 0)
(1.5 8.60682e-14 0)
(1.5 -5.31737e-14 0)
(1.5 -9.60093e-14 0)
(1.5 -1.35018e-13 0)
(1.5 -1.74953e-13 0)
(1.5 -1.45719e-13 0)
(1.5 -1.34089e-13 0)
(1.5 -5.67892e-14 0)
(1.5 -2.83733e-14 0)
(1.5 -2.52201e-14 0)
(1.5 1.45985e-14 0)
(1.5 6.27975e-14 0)
(1.5 -5.59749e-14 0)
(1.5 -9.08768e-14 0)
(1.5 -9.99656e-15 0)
(1.5 -7.19298e-15 0)
(1.5 2.99386e-14 0)
(1.5 5.88615e-14 0)
(1.5 3.32843e-14 0)
(1.5 7.04134e-14 0)
(1.5 1.43828e-13 0)
(1.5 8.88256e-14 0)
(1.5 1.05355e-13 0)
(1.5 6.54326e-14 0)
(1.5 2.76747e-14 0)
(1.5 5.64009e-14 0)
(1.5 1.56628e-13 0)
(1.5 1.7593e-13 0)
(1.5 1.18071e-13 0)
(1.5 2.25933e-14 0)
(1.5 1.92121e-14 0)
(1.5 6.76583e-14 0)
(1.5 1.12432e-13 0)
(1.5 2.86541e-14 0)
(1.5 -1.09367e-13 0)
(1.5 -2.21659e-13 0)
(1.5 -3.24967e-13 0)
(1.5 -2.49071e-13 0)
(1.5 -1.29287e-13 0)
(1.5 1.79311e-14 0)
(1.5 -1.30946e-14 0)
(1.5 -6.86618e-14 0)
(1.5 -6.48704e-14 0)
(1.5 8.07395e-14 0)
(1.5 2.262e-13 0)
(1.5 2.50364e-13 0)
(1.5 1.87867e-13 0)
(1.5 1.9665e-13 0)
(1.5 1.66323e-13 0)
(1.5 7.22283e-14 0)
(1.5 -3.29574e-14 0)
(1.5 -7.10736e-14 0)
(1.5 1.99032e-14 0)
(1.5 1.0887e-13 0)
(1.5 1.60313e-13 0)
(1.5 1.80833e-13 0)
(1.5 1.4092e-13 0)
(1.5 2.25889e-13 0)
(1.5 3.73772e-13 0)
(1.5 3.21708e-13 0)
(1.5 2.36533e-13 0)
(1.5 1.33402e-13 0)
(1.5 3.06093e-14 0)
(1.5 8.43913e-14 0)
(1.5 2.43514e-13 0)
(1.5 2.39979e-13 0)
(1.5 1.49026e-13 0)
(1.5 1.69638e-13 0)
(1.5 2.67592e-13 0)
(1.5 2.63753e-13 0)
(1.5 1.82146e-13 0)
(1.5 5.8885e-14 0)
(1.5 3.03174e-14 0)
(1.5 4.04903e-14 0)
(1.5 6.9664e-14 0)
(1.5 -1.20576e-14 0)
(1.5 -3.03004e-14 0)
(1.5 -2.74167e-14 0)
(1.5 6.11394e-14 0)
(1.5 1.62277e-13 0)
(1.5 2.6427e-13 0)
(1.5 2.15932e-13 0)
(1.5 1.45581e-13 0)
(1.5 7.62933e-14 0)
(1.5 3.10468e-14 0)
(1.5 6.1096e-14 0)
(1.5 6.23051e-14 0)
(1.5 4.1704e-14 0)
(1.5 1.59391e-13 0)
(1.5 2.09437e-13 0)
(1.5 2.08079e-13 0)
(1.5 2.6086e-13 0)
(1.5 2.51973e-13 0)
(1.5 2.91893e-13 0)
(1.5 3.55807e-13 0)
(1.5 2.94195e-13 0)
(1.5 5.4899e-14 0)
(1.5 -1.34812e-13 0)
(1.5 -2.69825e-13 0)
(1.5 -1.41303e-13 0)
(1.5 -8.07651e-15 0)
(1.5 -1.15405e-14 0)
(1.5 -2.21553e-14 0)
(1.5 -1.16877e-14 0)
(1.5 4.29081e-14 0)
(1.5 3.589e-14 0)
(1.5 -1.98513e-14 0)
(1.5 -1.09678e-13 0)
(1.5 -1.91625e-13 0)
(1.5 -1.81192e-13 0)
(1.5 -1.5733e-13 0)
(1.5 -1.53612e-13 0)
(1.5 -1.51532e-13 0)
(1.5 -1.72366e-13 0)
(1.5 -1.40928e-13 0)
(1.5 -1.43977e-13 0)
(1.5 -1.4554e-13 0)
(1.5 -1.20289e-13 0)
(1.5 -8.19454e-14 0)
(1.5 -8.55071e-14 0)
(1.5 -1.26765e-13 0)
(1.5 -1.0897e-13 0)
(1.5 -4.75158e-14 0)
(1.5 -1.78935e-14 0)
(1.5 -1.07404e-13 0)
(1.5 -1.72853e-13 0)
(1.5 -1.50022e-13 0)
(1.5 -1.08859e-13 0)
(1.5 -1.34957e-13 0)
(1.5 -1.08675e-13 0)
(1.5 -1.12097e-13 0)
(1.5 -1.34567e-13 0)
(1.5 -1.12706e-13 0)
(1.5 -7.9506e-14 0)
(1.5 -1.06782e-13 0)
(1.5 -4.66442e-14 0)
(1.5 -2.72374e-14 0)
(1.5 -4.91674e-15 0)
(1.5 -6.69476e-14 0)
(1.5 -5.19816e-14 0)
(1.5 -2.46417e-14 0)
(1.5 -3.32712e-14 0)
(1.5 3.62197e-15 0)
(1.5 -9.88412e-15 0)
(1.5 -2.1675e-14 0)
(1.5 2.9165e-15 0)
(1.5 -6.61955e-15 0)
(1.5 -1.45993e-14 0)
(1.5 6.29561e-14 0)
(1.5 6.40745e-14 0)
(1.5 1.02202e-13 0)
(1.5 4.45567e-14 0)
(1.5 5.1662e-14 0)
(1.5 3.97753e-14 0)
(1.5 4.88364e-14 0)
(1.5 2.84017e-14 0)
(1.5 3.98209e-14 0)
(1.5 7.97431e-14 0)
(1.5 1.75575e-13 0)
(1.5 1.85514e-13 0)
(1.5 1.79762e-13 0)
(1.5 1.61326e-13 0)
(1.5 1.14828e-13 0)
(1.5 9.0839e-14 0)
(1.5 7.34036e-14 0)
(1.5 9.57842e-14 0)
(1.5 5.59641e-14 0)
(1.5 -3.19244e-14 0)
(1.5 1.307e-14 0)
(1.5 4.17945e-15 0)
(1.5 -1.54922e-14 0)
(1.5 -8.04773e-14 0)
(1.5 -1.19951e-13 0)
(1.5 -9.76198e-14 0)
(1.5 -8.87393e-14 0)
(1.5 -3.89201e-14 0)
(1.5 -8.56907e-14 0)
(1.5 -3.86895e-14 0)
(1.5 2.24155e-14 0)
(1.5 -4.17687e-14 0)
(1.5 -5.15134e-14 0)
(1.5 -1.32985e-14 0)
(1.5 -9.71302e-14 0)
(1.5 -1.54028e-13 0)
(1.5 -1.31466e-13 0)
(1.5 -1.33857e-13 0)
(1.5 -1.69777e-13 0)
(1.5 -1.73233e-13 0)
(1.5 -1.719e-13 0)
(1.5 -2.41711e-13 0)
(1.5 -2.57862e-13 0)
(1.5 -2.46946e-13 0)
(1.5 -2.0429e-13 0)
(1.5 -1.51205e-13 0)
(1.5 -1.3162e-13 0)
(1.5 -1.22118e-13 0)
(1.5 -1.02914e-13 0)
(1.5 -1.06283e-13 0)
(1.5 -1.06249e-13 0)
(1.5 -3.33191e-14 0)
(1.5 1.0206e-14 0)
(1.5 -9.35923e-14 0)
(1.5 -1.63334e-13 0)
(1.5 -2.84209e-13 0)
(1.5 -4.17682e-13 0)
(1.5 -3.47999e-13 0)
(1.5 -1.7864e-13 0)
(1.5 -6.80556e-14 0)
(1.5 -1.76685e-14 0)
(1.5 -5.73107e-14 0)
(1.5 -1.12815e-13 0)
(1.5 -9.76178e-14 0)
(1.5 -1.50697e-13 0)
(1.5 -1.47188e-13 0)
(1.5 -7.5502e-14 0)
(1.5 2.06551e-14 0)
(1.5 4.13666e-14 0)
(1.5 3.4326e-15 0)
(1.5 3.7686e-14 0)
(1.5 4.97495e-14 0)
(1.5 6.6297e-14 0)
(1.5 2.44793e-14 0)
(1.5 4.65103e-14 0)
(1.5 5.47134e-14 0)
(1.5 6.14915e-15 0)
(1.5 -3.0249e-14 0)
(1.5 1.571e-14 0)
(1.5 1.64069e-14 0)
(1.5 -2.04084e-14 0)
(1.5 -1.07942e-13 0)
(1.5 -1.07737e-13 0)
(1.5 -4.26512e-14 0)
(1.5 -8.89927e-14 0)
(1.5 -2.59818e-13 0)
(1.5 -3.26757e-13 0)
(1.5 -3.51342e-13 0)
(1.5 -3.4105e-13 0)
(1.5 -2.73958e-13 0)
(1.5 -1.9297e-13 0)
(1.5 -9.61541e-14 0)
(1.5 -8.64711e-14 0)
(1.5 -4.32927e-14 0)
(1.5 -7.22253e-14 0)
(1.5 4.7793e-14 0)
(1.5 1.11758e-13 0)
(1.5 1.22469e-13 0)
(1.5 1.96979e-13 0)
(1.5 2.00052e-13 0)
(1.5 1.78899e-13 0)
(1.5 5.72069e-14 0)
(1.5 -3.37056e-14 0)
(1.5 1.714e-16 0)
(1.5 3.70583e-14 0)
(1.5 1.55083e-14 0)
(1.5 -6.74963e-14 0)
(1.5 -6.63069e-14 0)
(1.5 2.17504e-14 0)
(1.5 1.02692e-13 0)
(1.5 2.10221e-13 0)
(1.5 1.23555e-13 0)
(1.5 -1.04407e-14 0)
(1.5 -1.89028e-14 0)
(1.5 1.00206e-14 0)
(1.5 1.2867e-13 0)
(1.5 2.99564e-13 0)
(1.5 3.14144e-13 0)
(1.5 1.70802e-13 0)
(1.5 1.75853e-13 0)
(1.5 2.2367e-13 0)
(1.5 1.93512e-13 0)
(1.5 1.78139e-13 0)
(1.5 1.2113e-13 0)
(1.5 2.18756e-14 0)
(1.5 -1.19162e-14 0)
(1.5 6.0486e-14 0)
(1.5 4.95562e-14 0)
(1.5 -6.98839e-15 0)
(1.5 -5.01461e-14 0)
(1.5 6.06403e-14 0)
(1.5 1.11981e-13 0)
(1.5 1.25027e-13 0)
(1.5 1.06787e-13 0)
(1.5 4.17159e-15 0)
(1.5 -2.26273e-14 0)
(1.5 -1.70148e-14 0)
(1.5 1.23312e-13 0)
(1.5 1.84687e-13 0)
(1.5 1.57535e-13 0)
(1.5 1.84213e-13 0)
(1.5 2.16713e-13 0)
(1.5 1.85581e-13 0)
(1.5 1.83893e-13 0)
(1.5 1.34528e-13 0)
(1.5 2.28967e-13 0)
(1.5 2.6802e-13 0)
(1.5 2.29226e-13 0)
(1.5 5.86941e-14 0)
(1.5 -1.07878e-13 0)
(1.5 -2.4052e-13 0)
(1.5 -2.1641e-13 0)
(1.5 -1.28685e-13 0)
(1.5 3.91945e-16 0)
(1.5 2.84728e-15 0)
(1.5 4.01132e-16 0)
(1.5 1.98202e-14 0)
(1.5 -4.08902e-14 0)
(1.5 -1.05683e-13 0)
(1.5 -1.48388e-13 0)
(1.5 -1.99347e-13 0)
(1.5 -2.03553e-13 0)
(1.5 -1.61815e-13 0)
(1.5 -1.20593e-13 0)
(1.5 -1.50564e-13 0)
(1.5 -1.01245e-13 0)
(1.5 -4.90725e-14 0)
(1.5 -1.12207e-13 0)
(1.5 -1.35158e-13 0)
(1.5 -1.07206e-13 0)
(1.5 -1.52899e-14 0)
(1.5 -3.55801e-14 0)
(1.5 -9.48573e-14 0)
(1.5 -1.09472e-13 0)
(1.5 -7.56522e-14 0)
(1.5 -7.14623e-14 0)
(1.5 -1.33719e-13 0)
(1.5 -2.20676e-13 0)
(1.5 -1.55092e-13 0)
(1.5 -7.16413e-14 0)
(1.5 -9.47877e-14 0)
(1.5 -7.34048e-14 0)
(1.5 -1.41233e-13 0)
(1.5 -1.72611e-13 0)
(1.5 -1.39437e-13 0)
(1.5 -7.12963e-14 0)
(1.5 -1.09743e-13 0)
(1.5 -8.73994e-14 0)
(1.5 -4.40237e-15 0)
(1.5 3.86027e-14 0)
(1.5 3.67893e-14 0)
(1.5 6.64958e-14 0)
(1.5 1.00821e-13 0)
(1.5 4.51926e-14 0)
(1.5 5.80077e-14 0)
(1.5 7.21165e-14 0)
(1.5 -1.68165e-15 0)
(1.5 -4.80402e-14 0)
(1.5 -1.6449e-14 0)
(1.5 2.94338e-14 0)
(1.5 2.95157e-14 0)
(1.5 3.88172e-14 0)
(1.5 7.38472e-14 0)
(1.5 1.09303e-13 0)
(1.5 8.26219e-14 0)
(1.5 6.53426e-14 0)
(1.5 1.01877e-13 0)
(1.5 6.3687e-14 0)
(1.5 6.6999e-14 0)
(1.5 5.16959e-14 0)
(1.5 1.53618e-13 0)
(1.5 1.26283e-13 0)
(1.5 1.6346e-13 0)
(1.5 1.78643e-13 0)
(1.5 1.00491e-13 0)
(1.5 1.00765e-13 0)
(1.5 9.15019e-14 0)
(1.5 3.58981e-14 0)
(1.5 -1.68165e-14 0)
(1.5 -5.93024e-14 0)
(1.5 -1.76236e-14 0)
(1.5 -4.47647e-14 0)
(1.5 -1.11678e-13 0)
(1.5 -1.43752e-13 0)
(1.5 -8.66477e-14 0)
(1.5 -1.01884e-13 0)
(1.5 -1.30826e-13 0)
(1.5 -1.21302e-13 0)
(1.5 -1.43525e-13 0)
(1.5 -1.42244e-13 0)
(1.5 -1.61991e-13 0)
(1.5 -2.33351e-13 0)
(1.5 -2.14674e-13 0)
(1.5 -1.90968e-13 0)
(1.5 -2.11794e-13 0)
(1.5 -2.58553e-13 0)
(1.5 -2.06922e-13 0)
(1.5 -1.65038e-13 0)
(1.5 -1.45639e-13 0)
(1.5 -1.61808e-13 0)
(1.5 -1.62817e-13 0)
(1.5 -2.84352e-13 0)
(1.5 -3.52631e-13 0)
(1.5 -2.6118e-13 0)
(1.5 -1.41517e-13 0)
(1.5 -1.15348e-13 0)
(1.5 -1.04013e-13 0)
(1.5 -1.02516e-13 0)
(1.5 -1.19442e-13 0)
(1.5 -1.51074e-13 0)
(1.5 -9.34541e-14 0)
(1.5 -4.65483e-14 0)
(1.5 -2.70318e-14 0)
(1.5 -8.78427e-14 0)
(1.5 -1.85605e-13 0)
(1.5 -2.78008e-13 0)
(1.5 -4.21535e-13 0)
(1.5 -4.49172e-13 0)
(1.5 -2.36578e-13 0)
(1.5 -1.05399e-13 0)
(1.5 -4.93021e-14 0)
(1.5 -7.30554e-14 0)
(1.5 -1.35205e-13 0)
(1.5 -7.15073e-14 0)
(1.5 -3.24703e-14 0)
(1.5 -5.94952e-14 0)
(1.5 -5.87321e-14 0)
(1.5 1.02123e-14 0)
(1.5 7.42527e-14 0)
(1.5 3.76572e-14 0)
(1.5 9.46487e-14 0)
(1.5 9.72651e-14 0)
(1.5 3.23042e-14 0)
(1.5 7.04107e-14 0)
(1.5 2.67468e-14 0)
(1.5 -2.19053e-15 0)
(1.5 4.41667e-14 0)
(1.5 4.13671e-14 0)
(1.5 -2.82374e-14 0)
(1.5 -1.2919e-13 0)
(1.5 -8.9527e-14 0)
(1.5 -6.23958e-14 0)
(1.5 -4.36915e-14 0)
(1.5 -5.81348e-14 0)
(1.5 -2.27413e-13 0)
(1.5 -5.14091e-13 0)
(1.5 -5.60822e-13 0)
(1.5 -5.41838e-13 0)
(1.5 -4.86419e-13 0)
(1.5 -3.9743e-13 0)
(1.5 -3.23217e-13 0)
(1.5 -2.63124e-13 0)
(1.5 -1.86407e-13 0)
(1.5 -7.2776e-14 0)
(1.5 6.91076e-14 0)
(1.5 2.87081e-13 0)
(1.5 2.8104e-13 0)
(1.5 2.24705e-13 0)
(1.5 2.60701e-13 0)
(1.5 1.79197e-13 0)
(1.5 1.09205e-13 0)
(1.5 1.6704e-14 0)
(1.5 -3.32718e-14 0)
(1.5 3.01833e-14 0)
(1.5 1.93833e-14 0)
(1.5 -4.95503e-14 0)
(1.5 -1.26747e-13 0)
(1.5 -1.31013e-13 0)
(1.5 5.47588e-14 0)
(1.5 8.73493e-14 0)
(1.5 9.03219e-14 0)
(1.5 3.98427e-14 0)
(1.5 -1.0658e-13 0)
(1.5 -1.0801e-13 0)
(1.5 5.61072e-14 0)
(1.5 3.12689e-13 0)
(1.5 3.74453e-13 0)
(1.5 3.80492e-13 0)
(1.5 2.88239e-13 0)
(1.5 1.72652e-13 0)
(1.5 1.85668e-13 0)
(1.5 2.31709e-13 0)
(1.5 2.20768e-13 0)
(1.5 1.22004e-13 0)
(1.5 6.88978e-14 0)
(1.5 2.99638e-14 0)
(1.5 6.98335e-16 0)
(1.5 1.64273e-14 0)
(1.5 -5.06772e-14 0)
(1.5 -8.8113e-14 0)
(1.5 1.03744e-14 0)
(1.5 3.62456e-14 0)
(1.5 -4.02868e-14 0)
(1.5 3.85274e-16 0)
(1.5 -3.30209e-14 0)
(1.5 -2.68287e-14 0)
(1.5 4.79277e-16 0)
(1.5 1.16443e-13 0)
(1.5 2.18199e-13 0)
(1.5 2.49854e-13 0)
(1.5 3.02975e-13 0)
(1.5 2.59491e-13 0)
(1.5 2.00502e-13 0)
(1.5 1.78814e-13 0)
(1.5 1.20599e-13 0)
(1.5 2.3764e-13 0)
(1.5 2.6522e-13 0)
(1.5 1.77516e-13 0)
(1.5 6.77677e-14 0)
(1.5 -1.04632e-13 0)
(1.5 -2.86027e-13 0)
(1.5 -3.32299e-13 0)
(1.5 -1.88106e-13 0)
(1.5 -4.00296e-15 0)
(1.5 2.81476e-14 0)
(1.5 1.03013e-14 0)
(1.5 -1.89199e-14 0)
(1.5 -9.31152e-14 0)
(1.5 -1.3182e-13 0)
(1.5 -1.40373e-13 0)
(1.5 -1.70893e-13 0)
(1.5 -2.1738e-13 0)
(1.5 -1.70865e-13 0)
(1.5 -1.28913e-13 0)
(1.5 -9.35314e-14 0)
(1.5 -3.87422e-14 0)
(1.5 -3.98097e-14 0)
(1.5 -8.38732e-14 0)
(1.5 -5.93624e-14 0)
(1.5 -2.07049e-14 0)
(1.5 1.76171e-14 0)
(1.5 1.26576e-14 0)
(1.5 -1.16734e-14 0)
(1.5 -6.10582e-14 0)
(1.5 -3.11699e-14 0)
(1.5 -2.23779e-14 0)
(1.5 -7.42764e-15 0)
(1.5 -6.49148e-14 0)
(1.5 -6.04883e-14 0)
(1.5 1.27227e-14 0)
(1.5 2.87829e-14 0)
(1.5 -1.95258e-14 0)
(1.5 -1.03896e-13 0)
(1.5 -1.14167e-13 0)
(1.5 -1.25054e-13 0)
(1.5 -2.97842e-14 0)
(1.5 -3.69892e-14 0)
(1.5 -3.12991e-14 0)
(1.5 7.76133e-14 0)
(1.5 1.07641e-13 0)
(1.5 1.38995e-13 0)
(1.5 1.37981e-13 0)
(1.5 1.26025e-13 0)
(1.5 7.55248e-14 0)
(1.5 8.19922e-14 0)
(1.5 1.13234e-13 0)
(1.5 5.05136e-14 0)
(1.5 -3.70634e-15 0)
(1.5 5.44465e-16 0)
(1.5 3.77008e-14 0)
(1.5 1.11558e-14 0)
(1.5 6.56012e-14 0)
(1.5 6.53892e-14 0)
(1.5 1.46771e-13 0)
(1.5 1.78351e-13 0)
(1.5 1.59889e-13 0)
(1.5 1.46424e-13 0)
(1.5 8.61542e-14 0)
(1.5 9.16339e-14 0)
(1.5 9.33579e-14 0)
(1.5 1.34416e-13 0)
(1.5 1.32625e-13 0)
(1.5 1.67216e-13 0)
(1.5 2.12975e-13 0)
(1.5 1.86729e-13 0)
(1.5 1.93516e-13 0)
(1.5 1.48422e-13 0)
(1.5 8.26191e-14 0)
(1.5 7.44234e-14 0)
(1.5 7.88581e-14 0)
(1.5 -1.61018e-14 0)
(1.5 -8.26585e-14 0)
(1.5 -1.16662e-13 0)
(1.5 -9.28458e-14 0)
(1.5 -6.84771e-14 0)
(1.5 -1.12368e-13 0)
(1.5 -9.9935e-14 0)
(1.5 -1.28851e-13 0)
(1.5 -8.74512e-14 0)
(1.5 -1.20853e-13 0)
(1.5 -1.40283e-13 0)
(1.5 -1.60063e-13 0)
(1.5 -1.28113e-13 0)
(1.5 -2.01535e-13 0)
(1.5 -2.05181e-13 0)
(1.5 -2.18236e-13 0)
(1.5 -1.87368e-13 0)
(1.5 -1.85708e-13 0)
(1.5 -2.14073e-13 0)
(1.5 -1.98174e-13 0)
(1.5 -2.11212e-13 0)
(1.5 -2.63047e-13 0)
(1.5 -2.52223e-13 0)
(1.5 -1.34348e-13 0)
(1.5 3.46546e-15 0)
(1.5 4.39281e-14 0)
(1.5 9.60796e-14 0)
(1.5 1.25692e-13 0)
(1.5 2.7118e-14 0)
(1.5 -7.99117e-14 0)
(1.5 -6.40769e-14 0)
(1.5 -9.68278e-14 0)
(1.5 -1.04826e-13 0)
(1.5 -1.37824e-13 0)
(1.5 -1.58479e-13 0)
(1.5 -1.73437e-13 0)
(1.5 -2.27387e-13 0)
(1.5 -2.75955e-13 0)
(1.5 -2.31029e-13 0)
(1.5 -3.81826e-14 0)
(1.5 -1.34889e-15 0)
(1.5 2.51728e-14 0)
(1.5 -4.34371e-15 0)
(1.5 4.9941e-14 0)
(1.5 8.90602e-14 0)
(1.5 -9.39901e-16 0)
(1.5 -5.40363e-14 0)
(1.5 -4.1582e-14 0)
(1.5 7.24606e-15 0)
(1.5 8.80609e-14 0)
(1.5 7.48584e-14 0)
(1.5 9.79283e-14 0)
(1.5 8.45563e-15 0)
(1.5 4.54297e-14 0)
(1.5 -1.30854e-16 0)
(1.5 1.56206e-14 0)
(1.5 9.07908e-14 0)
(1.5 1.59351e-13 0)
(1.5 8.5161e-14 0)
(1.5 -5.003e-14 0)
(1.5 -4.01883e-14 0)
(1.5 6.21193e-14 0)
(1.5 6.59534e-14 0)
(1.5 -1.08097e-13 0)
(1.5 -2.998e-13 0)
(1.5 -5.20351e-13 0)
(1.5 -5.79181e-13 0)
(1.5 -5.84092e-13 0)
(1.5 -5.02141e-13 0)
(1.5 -3.68437e-13 0)
(1.5 -2.36965e-13 0)
(1.5 -1.62561e-13 0)
(1.5 -5.31921e-14 0)
(1.5 -3.89175e-15 0)
(1.5 1.27978e-13 0)
(1.5 3.8469e-13 0)
(1.5 4.62545e-13 0)
(1.5 3.82689e-13 0)
(1.5 2.30077e-13 0)
(1.5 1.1522e-13 0)
(1.5 6.18126e-14 0)
(1.5 5.25038e-14 0)
(1.5 8.88383e-14 0)
(1.5 6.1564e-14 0)
(1.5 -2.76683e-14 0)
(1.5 -1.33504e-13 0)
(1.5 -1.14836e-13 0)
(1.5 -4.49066e-14 0)
(1.5 8.98295e-14 0)
(1.5 8.326e-14 0)
(1.5 1.33794e-13 0)
(1.5 1.59727e-13 0)
(1.5 1.04545e-13 0)
(1.5 9.53048e-14 0)
(1.5 1.64288e-13 0)
(1.5 3.37173e-13 0)
(1.5 3.02302e-13 0)
(1.5 3.2318e-13 0)
(1.5 3.48928e-13 0)
(1.5 2.71276e-13 0)
(1.5 2.72444e-13 0)
(1.5 3.10201e-13 0)
(1.5 3.16526e-13 0)
(1.5 1.91958e-13 0)
(1.5 2.00827e-13 0)
(1.5 1.57475e-13 0)
(1.5 8.67527e-14 0)
(1.5 9.81571e-14 0)
(1.5 7.57912e-14 0)
(1.5 5.71175e-14 0)
(1.5 1.25104e-13 0)
(1.5 2.07818e-13 0)
(1.5 1.58708e-13 0)
(1.5 1.61497e-13 0)
(1.5 1.86492e-13 0)
(1.5 1.52798e-13 0)
(1.5 1.56582e-13 0)
(1.5 1.84838e-13 0)
(1.5 2.57128e-13 0)
(1.5 2.98342e-13 0)
(1.5 3.26108e-13 0)
(1.5 2.72794e-13 0)
(1.5 2.56831e-13 0)
(1.5 2.34663e-13 0)
(1.5 2.61633e-13 0)
(1.5 3.84524e-13 0)
(1.5 3.28851e-13 0)
(1.5 1.52133e-13 0)
(1.5 -4.03319e-14 0)
(1.5 -2.1644e-13 0)
(1.5 -2.90258e-13 0)
(1.5 -2.72679e-13 0)
(1.5 -1.87127e-13 0)
(1.5 1.17112e-14 0)
(1.5 3.54633e-14 0)
(1.5 1.14492e-15 0)
(1.5 3.96174e-14 0)
(1.5 -1.64215e-14 0)
(1.5 -8.96585e-14 0)
(1.5 -9.08888e-14 0)
(1.5 -2.038e-13 0)
(1.5 -2.84178e-13 0)
(1.5 -2.80466e-13 0)
(1.5 -2.57613e-13 0)
(1.5 -2.02821e-13 0)
(1.5 -1.57594e-13 0)
(1.5 -1.11142e-13 0)
(1.5 -7.38204e-14 0)
(1.5 -9.36407e-14 0)
(1.5 -7.41988e-14 0)
(1.5 -3.97973e-14 0)
(1.5 -4.29428e-14 0)
(1.5 -1.41011e-15 0)
(1.5 -5.07761e-14 0)
(1.5 -7.35022e-14 0)
(1.5 -8.12334e-14 0)
(1.5 -1.26657e-14 0)
(1.5 -1.0303e-14 0)
(1.5 -2.23623e-15 0)
(1.5 -7.75661e-15 0)
(1.5 1.64435e-14 0)
(1.5 1.99498e-14 0)
(1.5 -4.51649e-14 0)
(1.5 -9.21563e-14 0)
(1.5 -1.63783e-13 0)
(1.5 -1.0636e-13 0)
(1.5 -5.82246e-14 0)
(1.5 -1.79718e-14 0)
(1.5 6.21658e-14 0)
(1.5 5.25303e-14 0)
(1.5 7.92994e-14 0)
(1.5 3.78494e-14 0)
(1.5 2.00878e-14 0)
(1.5 1.84522e-14 0)
(1.5 2.52304e-14 0)
(1.5 4.29199e-14 0)
(1.5 8.65137e-15 0)
(1.5 4.50367e-15 0)
(1.5 -4.52584e-14 0)
(1.5 -6.21732e-14 0)
(1.5 -6.17732e-14 0)
(1.5 5.06927e-15 0)
(1.5 6.19284e-15 0)
(1.5 7.69459e-14 0)
(1.5 5.94524e-14 0)
(1.5 4.53278e-14 0)
(1.5 4.39376e-14 0)
(1.5 3.09454e-14 0)
(1.5 4.38804e-14 0)
(1.5 1.04767e-13 0)
(1.5 8.48656e-14 0)
(1.5 1.07217e-13 0)
(1.5 6.64746e-14 0)
(1.5 1.28677e-13 0)
(1.5 1.24607e-13 0)
(1.5 1.27132e-13 0)
(1.5 6.41901e-14 0)
(1.5 6.18023e-14 0)
(1.5 5.34779e-14 0)
(1.5 4.51402e-14 0)
(1.5 -4.5957e-14 0)
(1.5 -9.25649e-14 0)
(1.5 -5.9595e-14 0)
(1.5 -4.83038e-14 0)
(1.5 -7.87223e-14 0)
(1.5 -6.14322e-14 0)
(1.5 -2.64214e-14 0)
(1.5 -3.12493e-14 0)
(1.5 -1.4847e-14 0)
(1.5 -8.8163e-14 0)
(1.5 -1.42608e-13 0)
(1.5 -8.50708e-14 0)
(1.5 -4.05756e-14 0)
(1.5 -8.95554e-14 0)
(1.5 -1.25525e-13 0)
(1.5 -1.54458e-13 0)
(1.5 -1.86342e-13 0)
(1.5 -2.5429e-13 0)
(1.5 -2.89549e-13 0)
(1.5 -2.15834e-13 0)
(1.5 -2.68857e-13 0)
(1.5 -2.59021e-13 0)
(1.5 -1.69606e-13 0)
(1.5 -6.56578e-14 0)
(1.5 8.99653e-15 0)
(1.5 4.59012e-14 0)
(1.5 9.22193e-14 0)
(1.5 1.2098e-13 0)
(1.5 4.33498e-14 0)
(1.5 -7.44759e-14 0)
(1.5 -1.39979e-13 0)
(1.5 -1.55539e-13 0)
(1.5 -1.76843e-13 0)
(1.5 -1.58535e-13 0)
(1.5 -1.46951e-13 0)
(1.5 -1.78056e-13 0)
(1.5 -2.09831e-13 0)
(1.5 -2.21468e-13 0)
(1.5 -2.21917e-13 0)
(1.5 -1.17374e-13 0)
(1.5 -1.18038e-13 0)
(1.5 -3.69394e-14 0)
(1.5 6.44993e-14 0)
(1.5 4.05113e-14 0)
(1.5 5.08526e-14 0)
(1.5 -2.28103e-14 0)
(1.5 -6.20958e-14 0)
(1.5 -8.13404e-14 0)
(1.5 -1.09083e-13 0)
(1.5 8.67304e-15 0)
(1.5 -2.81825e-14 0)
(1.5 -9.78658e-14 0)
(1.5 -1.48276e-13 0)
(1.5 -1.39276e-13 0)
(1.5 -1.10945e-13 0)
(1.5 9.21958e-16 0)
(1.5 6.83839e-14 0)
(1.5 1.29712e-13 0)
(1.5 8.00661e-14 0)
(1.5 1.23873e-14 0)
(1.5 -4.87625e-14 0)
(1.5 -1.5523e-14 0)
(1.5 -7.51062e-15 0)
(1.5 -1.72441e-13 0)
(1.5 -3.17904e-13 0)
(1.5 -4.96238e-13 0)
(1.5 -5.40151e-13 0)
(1.5 -5.32356e-13 0)
(1.5 -3.51549e-13 0)
(1.5 -2.30498e-13 0)
(1.5 -1.93389e-13 0)
(1.5 -7.95976e-14 0)
(1.5 5.57283e-14 0)
(1.5 1.13067e-13 0)
(1.5 1.66746e-13 0)
(1.5 2.66782e-13 0)
(1.5 3.60028e-13 0)
(1.5 3.04194e-13 0)
(1.5 1.26802e-13 0)
(1.5 -3.06268e-15 0)
(1.5 -1.29751e-13 0)
(1.5 -1.62674e-14 0)
(1.5 7.69389e-14 0)
(1.5 2.3045e-15 0)
(1.5 -8.0997e-14 0)
(1.5 -2.52086e-13 0)
(1.5 -1.80049e-13 0)
(1.5 -1.03463e-13 0)
(1.5 -6.18805e-14 0)
(1.5 -2.56583e-14 0)
(1.5 2.86682e-14 0)
(1.5 1.06127e-13 0)
(1.5 1.68962e-13 0)
(1.5 1.62977e-13 0)
(1.5 9.87346e-14 0)
(1.5 1.15069e-13 0)
(1.5 1.09864e-13 0)
(1.5 1.8665e-13 0)
(1.5 2.67905e-13 0)
(1.5 2.60373e-13 0)
(1.5 2.47845e-13 0)
(1.5 2.22684e-13 0)
(1.5 2.49957e-13 0)
(1.5 2.1552e-13 0)
(1.5 1.63887e-13 0)
(1.5 7.27732e-14 0)
(1.5 8.39028e-14 0)
(1.5 1.11694e-13 0)
(1.5 1.53446e-13 0)
(1.5 1.822e-13 0)
(1.5 2.05666e-13 0)
(1.5 2.42753e-13 0)
(1.5 1.78914e-13 0)
(1.5 1.50494e-13 0)
(1.5 1.31392e-13 0)
(1.5 1.40719e-13 0)
(1.5 8.51881e-14 0)
(1.5 9.48043e-14 0)
(1.5 1.58418e-13 0)
(1.5 2.3105e-13 0)
(1.5 2.88568e-13 0)
(1.5 2.75416e-13 0)
(1.5 2.51406e-13 0)
(1.5 1.95645e-13 0)
(1.5 2.27587e-13 0)
(1.5 2.78182e-13 0)
(1.5 2.07467e-13 0)
(1.5 6.70855e-14 0)
(1.5 -6.5227e-14 0)
(1.5 -1.66465e-13 0)
(1.5 -1.1409e-13 0)
(1.5 -1.0761e-13 0)
(1.5 -1.03824e-13 0)
(1.5 1.04302e-14 0)
(1.5 6.5222e-14 0)
(1.5 1.01655e-13 0)
(1.5 9.34199e-14 0)
(1.5 2.07232e-14 0)
(1.5 -7.80744e-14 0)
(1.5 -1.52045e-13 0)
(1.5 -1.83905e-13 0)
(1.5 -1.83213e-13 0)
(1.5 -2.16332e-13 0)
(1.5 -1.72891e-13 0)
(1.5 -1.44219e-13 0)
(1.5 -8.42076e-14 0)
(1.5 -6.60456e-14 0)
(1.5 -5.39256e-14 0)
(1.5 -9.47699e-14 0)
(1.5 -1.06305e-13 0)
(1.5 -1.2732e-13 0)
(1.5 -3.64283e-14 0)
(1.5 1.39209e-14 0)
(1.5 -4.21159e-15 0)
(1.5 -3.2682e-14 0)
(1.5 -9.94667e-14 0)
(1.5 -8.95617e-14 0)
(1.5 1.77434e-14 0)
(1.5 1.32953e-14 0)
(1.5 -5.38357e-14 0)
(1.5 -5.90615e-14 0)
(1.5 -1.36929e-14 0)
(1.5 -9.18692e-15 0)
(1.5 -6.52373e-14 0)
(1.5 -1.58224e-13 0)
(1.5 -1.71327e-13 0)
(1.5 -7.17227e-14 0)
(1.5 -2.00767e-14 0)
(1.5 6.56419e-15 0)
(1.5 -1.58635e-16 0)
(1.5 4.27331e-14 0)
(1.5 -3.74656e-14 0)
(1.5 -4.15765e-14 0)
(1.5 1.45946e-14 0)
(1.5 -3.42723e-14 0)
(1.5 2.53661e-15 0)
(1.5 -1.17434e-14 0)
(1.5 1.61236e-14 0)
(1.5 -5.77679e-14 0)
(1.5 -9.56304e-14 0)
(1.5 -5.38993e-14 0)
(1.5 -3.80494e-14 0)
(1.5 2.59625e-14 0)
(1.5 2.37248e-14 0)
(1.5 -3.15132e-14 0)
(1.5 -4.62412e-14 0)
(1.5 -2.8045e-14 0)
(1.5 2.30093e-14 0)
(1.5 5.48753e-14 0)
(1.5 6.41525e-14 0)
(1.5 4.86416e-14 0)
(1.5 4.69963e-14 0)
(1.5 5.52453e-14 0)
(1.5 1.13011e-13 0)
(1.5 7.54947e-14 0)
(1.5 3.60296e-14 0)
(1.5 1.17796e-14 0)
(1.5 3.95775e-14 0)
(1.5 4.046e-14 0)
(1.5 -3.54045e-14 0)
(1.5 -5.28479e-14 0)
(1.5 -4.38347e-14 0)
(1.5 3.85579e-14 0)
(1.5 1.44504e-14 0)
(1.5 -8.86599e-15 0)
(1.5 2.66267e-14 0)
(1.5 5.88109e-14 0)
(1.5 1.01068e-13 0)
(1.5 2.49756e-14 0)
(1.5 -6.99326e-14 0)
(1.5 -1.81749e-13 0)
(1.5 -9.82629e-14 0)
(1.5 -5.16679e-14 0)
(1.5 -2.09442e-14 0)
(1.5 -3.20127e-14 0)
(1.5 -1.11708e-13 0)
(1.5 -2.26189e-13 0)
(1.5 -3.04562e-13 0)
(1.5 -2.83231e-13 0)
(1.5 -2.33759e-13 0)
(1.5 -2.90548e-13 0)
(1.5 -2.59048e-13 0)
(1.5 -1.57761e-13 0)
(1.5 -9.51702e-14 0)
(1.5 -6.71059e-14 0)
(1.5 2.08256e-14 0)
(1.5 -4.92949e-15 0)
(1.5 4.39478e-14 0)
(1.5 5.40531e-14 0)
(1.5 -4.4119e-14 0)
(1.5 -1.37302e-13 0)
(1.5 -1.39034e-13 0)
(1.5 -1.16675e-13 0)
(1.5 -9.69526e-14 0)
(1.5 -1.10266e-13 0)
(1.5 -1.24887e-13 0)
(1.5 -1.61386e-13 0)
(1.5 -1.70901e-13 0)
(1.5 -2.47118e-13 0)
(1.5 -2.83553e-13 0)
(1.5 -2.93063e-13 0)
(1.5 -2.08054e-13 0)
(1.5 1.1183e-14 0)
(1.5 7.51875e-14 0)
(1.5 4.16005e-14 0)
(1.5 -2.90975e-15 0)
(1.5 -2.54144e-16 0)
(1.5 -4.3592e-14 0)
(1.5 -8.51139e-14 0)
(1.5 -1.15895e-13 0)
(1.5 -1.5704e-13 0)
(1.5 -2.29362e-13 0)
(1.5 -2.2571e-13 0)
(1.5 -2.02104e-13 0)
(1.5 -1.36531e-13 0)
(1.5 -3.06794e-14 0)
(1.5 8.48679e-15 0)
(1.5 -2.86539e-14 0)
(1.5 -1.4399e-13 0)
(1.5 -1.84797e-13 0)
(1.5 -1.70285e-13 0)
(1.5 -1.70827e-13 0)
(1.5 -1.28852e-13 0)
(1.5 -1.94575e-13 0)
(1.5 -2.35527e-13 0)
(1.5 -3.70755e-13 0)
(1.5 -4.44091e-13 0)
(1.5 -4.3899e-13 0)
(1.5 -2.30824e-13 0)
(1.5 -1.10153e-13 0)
(1.5 -8.15816e-14 0)
(1.5 1.57141e-15 0)
(1.5 -1.8481e-16 0)
(1.5 1.09258e-13 0)
(1.5 1.90313e-13 0)
(1.5 2.01036e-13 0)
(1.5 2.42619e-13 0)
(1.5 2.68789e-13 0)
(1.5 1.44022e-13 0)
(1.5 1.71779e-14 0)
(1.5 -7.09188e-14 0)
(1.5 4.31794e-14 0)
(1.5 4.04501e-14 0)
(1.5 -3.97653e-14 0)
(1.5 -4.37455e-14 0)
(1.5 -1.91639e-13 0)
(1.5 -1.62172e-13 0)
(1.5 -7.71268e-14 0)
(1.5 -4.39992e-14 0)
(1.5 -4.72654e-14 0)
(1.5 -6.83636e-14 0)
(1.5 5.94563e-14 0)
(1.5 1.86984e-13 0)
(1.5 1.76486e-13 0)
(1.5 7.7413e-14 0)
(1.5 1.70244e-14 0)
(1.5 8.49228e-14 0)
(1.5 2.39467e-13 0)
(1.5 2.80147e-13 0)
(1.5 2.33113e-13 0)
(1.5 1.73409e-13 0)
(1.5 1.77548e-13 0)
(1.5 1.57059e-13 0)
(1.5 1.55233e-13 0)
(1.5 8.21386e-14 0)
(1.5 7.44545e-14 0)
(1.5 1.37612e-13 0)
(1.5 1.85095e-13 0)
(1.5 2.17461e-13 0)
(1.5 2.02772e-13 0)
(1.5 2.44043e-13 0)
(1.5 1.99306e-13 0)
(1.5 9.72013e-14 0)
(1.5 1.02087e-13 0)
(1.5 6.54655e-14 0)
(1.5 1.35722e-14 0)
(1.5 -5.69525e-14 0)
(1.5 -1.81708e-14 0)
(1.5 2.43425e-14 0)
(1.5 9.56562e-14 0)
(1.5 1.8086e-13 0)
(1.5 2.10715e-13 0)
(1.5 2.25708e-13 0)
(1.5 1.64346e-13 0)
(1.5 8.26914e-14 0)
(1.5 -5.34909e-14 0)
(1.5 -7.48748e-14 0)
(1.5 -4.58064e-14 0)
(1.5 -2.47403e-14 0)
(1.5 -2.18391e-14 0)
(1.5 3.12627e-15 0)
(1.5 -6.38234e-14 0)
(1.5 -7.36917e-14 0)
(1.5 8.21492e-17 0)
(1.5 2.0207e-14 0)
(1.5 1.02278e-13 0)
(1.5 1.1012e-13 0)
(1.5 2.0435e-14 0)
(1.5 -9.45364e-14 0)
(1.5 -1.45031e-13 0)
(1.5 -7.6637e-14 0)
(1.5 -9.61647e-14 0)
(1.5 -1.15928e-13 0)
(1.5 -6.22166e-14 0)
(1.5 1.72366e-14 0)
(1.5 4.82973e-14 0)
(1.5 6.47111e-15 0)
(1.5 1.97553e-14 0)
(1.5 -1.40339e-14 0)
(1.5 -1.90498e-15 0)
(1.5 -9.55353e-14 0)
(1.5 -1.35183e-14 0)
(1.5 1.79391e-15 0)
(1.5 2.68775e-14 0)
(1.5 5.47586e-14 0)
(1.5 -1.79745e-14 0)
(1.5 -9.72264e-14 0)
(1.5 -2.46893e-15 0)
(1.5 1.48604e-14 0)
(1.5 -2.2793e-14 0)
(1.5 -8.46049e-14 0)
(1.5 -5.06303e-14 0)
(1.5 6.14629e-14 0)
(1.5 2.8774e-14 0)
(1.5 1.50451e-14 0)
(1.5 -3.50945e-14 0)
(1.5 -4.25817e-14 0)
(1.5 -1.00367e-14 0)
(1.5 4.28112e-14 0)
(1.5 6.61944e-14 0)
(1.5 9.53398e-14 0)
(1.5 4.84242e-15 0)
(1.5 -7.52909e-14 0)
(1.5 2.14013e-14 0)
(1.5 -1.09543e-14 0)
(1.5 1.87884e-14 0)
(1.5 5.87287e-14 0)
(1.5 1.82935e-14 0)
(1.5 -3.51891e-14 0)
(1.5 -4.54345e-14 0)
(1.5 -1.87677e-14 0)
(1.5 2.07215e-14 0)
(1.5 2.49132e-14 0)
(1.5 -5.47526e-14 0)
(1.5 -3.35796e-14 0)
(1.5 -4.81751e-14 0)
(1.5 -3.27163e-14 0)
(1.5 2.6855e-14 0)
(1.5 1.19086e-13 0)
(1.5 1.26291e-13 0)
(1.5 7.96205e-14 0)
(1.5 6.52359e-14 0)
(1.5 1.07922e-13 0)
(1.5 1.00948e-13 0)
(1.5 4.68447e-14 0)
(1.5 2.92622e-14 0)
(1.5 6.88808e-15 0)
(1.5 4.27553e-15 0)
(1.5 -5.98416e-15 0)
(1.5 -9.50211e-14 0)
(1.5 -6.29304e-14 0)
(1.5 2.27317e-14 0)
(1.5 9.78507e-14 0)
(1.5 7.115e-14 0)
(1.5 7.2909e-14 0)
(1.5 7.41354e-14 0)
(1.5 1.16301e-13 0)
(1.5 7.93475e-14 0)
(1.5 -4.77842e-14 0)
(1.5 -1.29846e-13 0)
(1.5 -1.93487e-13 0)
(1.5 -9.20574e-14 0)
(1.5 -5.26186e-14 0)
(1.5 6.12083e-15 0)
(1.5 3.19798e-14 0)
(1.5 -1.23347e-13 0)
(1.5 -2.33701e-13 0)
(1.5 -3.22212e-13 0)
(1.5 -2.83191e-13 0)
(1.5 -2.58395e-13 0)
(1.5 -2.31526e-13 0)
(1.5 -2.0312e-13 0)
(1.5 -1.63602e-13 0)
(1.5 -1.29222e-13 0)
(1.5 -1.24546e-13 0)
(1.5 -5.78457e-15 0)
(1.5 9.3942e-15 0)
(1.5 4.71905e-14 0)
(1.5 9.19387e-14 0)
(1.5 1.84001e-14 0)
(1.5 -8.72696e-14 0)
(1.5 -1.04077e-13 0)
(1.5 -9.55579e-14 0)
(1.5 -1.17445e-13 0)
(1.5 -9.66673e-14 0)
(1.5 -4.83015e-14 0)
(1.5 5.29368e-15 0)
(1.5 -3.21081e-14 0)
(1.5 -1.92443e-13 0)
(1.5 -2.78955e-13 0)
(1.5 -2.77179e-13 0)
(1.5 -1.77877e-13 0)
(1.5 -5.06432e-14 0)
(1.5 3.79261e-14 0)
(1.5 7.19826e-14 0)
(1.5 6.65227e-14 0)
(1.5 4.19199e-14 0)
(1.5 -3.57227e-14 0)
(1.5 -7.85668e-14 0)
(1.5 -1.50048e-13 0)
(1.5 -1.61643e-13 0)
(1.5 -1.42765e-13 0)
(1.5 -1.44782e-13 0)
(1.5 -2.1557e-13 0)
(1.5 -1.85642e-13 0)
(1.5 -1.28504e-13 0)
(1.5 -1.19789e-13 0)
(1.5 -2.05388e-13 0)
(1.5 -3.2141e-13 0)
(1.5 -2.97233e-13 0)
(1.5 -2.63838e-13 0)
(1.5 -2.56759e-13 0)
(1.5 -2.01797e-13 0)
(1.5 -2.26234e-13 0)
(1.5 -1.51168e-13 0)
(1.5 -1.44615e-13 0)
(1.5 -2.17163e-13 0)
(1.5 -2.18747e-13 0)
(1.5 -1.70055e-13 0)
(1.5 -8.78999e-14 0)
(1.5 1.54354e-14 0)
(1.5 1.65931e-14 0)
(1.5 -4.40687e-15 0)
(1.5 7.43454e-14 0)
(1.5 1.95126e-13 0)
(1.5 1.56439e-13 0)
(1.5 1.51263e-13 0)
(1.5 1.85426e-13 0)
(1.5 1.69515e-13 0)
(1.5 1.27655e-13 0)
(1.5 1.62446e-13 0)
(1.5 1.44455e-13 0)
(1.5 1.32654e-13 0)
(1.5 9.30035e-14 0)
(1.5 5.23894e-14 0)
(1.5 -1.92579e-14 0)
(1.5 -1.31693e-13 0)
(1.5 -1.06707e-13 0)
(1.5 -6.64345e-14 0)
(1.5 -8.00073e-14 0)
(1.5 -7.26535e-14 0)
(1.5 8.93843e-14 0)
(1.5 2.0257e-13 0)
(1.5 2.08086e-13 0)
(1.5 1.78159e-13 0)
(1.5 9.71477e-14 0)
(1.5 1.78267e-13 0)
(1.5 3.15614e-13 0)
(1.5 4.27114e-13 0)
(1.5 4.33975e-13 0)
(1.5 2.84455e-13 0)
(1.5 2.15829e-13 0)
(1.5 1.8246e-13 0)
(1.5 1.65845e-13 0)
(1.5 1.38976e-13 0)
(1.5 1.72359e-13 0)
(1.5 2.12616e-13 0)
(1.5 2.61397e-13 0)
(1.5 2.98286e-13 0)
(1.5 3.50735e-13 0)
(1.5 3.37546e-13 0)
(1.5 1.8415e-13 0)
(1.5 1.08254e-13 0)
(1.5 1.45915e-13 0)
(1.5 1.20494e-13 0)
(1.5 -7.4554e-14 0)
(1.5 -7.77174e-14 0)
(1.5 -3.47372e-14 0)
(1.5 -3.73568e-14 0)
(1.5 -5.34689e-14 0)
(1.5 -9.43162e-14 0)
(1.5 -1.29961e-14 0)
(1.5 9.74536e-14 0)
(1.5 2.44576e-14 0)
(1.5 -5.83278e-14 0)
(1.5 -1.59858e-13 0)
(1.5 -1.69926e-13 0)
(1.5 -9.0592e-14 0)
(1.5 -2.59587e-15 0)
(1.5 8.7778e-14 0)
(1.5 5.21934e-14 0)
(1.5 1.82648e-14 0)
(1.5 -4.88484e-14 0)
(1.5 1.58712e-14 0)
(1.5 -2.56361e-14 0)
(1.5 -9.94208e-15 0)
(1.5 6.07165e-14 0)
(1.5 -3.23249e-14 0)
(1.5 -1.40494e-13 0)
(1.5 -1.06709e-13 0)
(1.5 -6.5183e-14 0)
(1.5 -1.07661e-13 0)
(1.5 -9.5122e-14 0)
(1.5 -3.25846e-14 0)
(1.5 6.41184e-14 0)
(1.5 9.83034e-14 0)
(1.5 7.5359e-14 0)
(1.5 1.54393e-14 0)
(1.5 -5.45955e-14 0)
(1.5 -3.84789e-14 0)
(1.5 -6.29529e-14 0)
(1.5 -7.12366e-14 0)
(1.5 -1.13297e-13 0)
(1.5 -2.95507e-14 0)
(1.5 1.16914e-14 0)
(1.5 -4.23753e-14 0)
(1.5 -3.49429e-14 0)
(1.5 -6.55188e-14 0)
(1.5 -3.43629e-14 0)
(1.5 -2.9865e-14 0)
(1.5 -1.00976e-13 0)
(1.5 -7.38889e-14 0)
(1.5 4.3001e-14 0)
(1.5 3.66091e-14 0)
(1.5 4.08858e-14 0)
(1.5 4.48935e-14 0)
(1.5 -2.9022e-15 0)
(1.5 -4.736e-14 0)
(1.5 7.60514e-15 0)
(1.5 1.90867e-16 0)
(1.5 3.8304e-16 0)
(1.5 -9.98166e-15 0)
(1.5 -8.03592e-14 0)
(1.5 -4.13513e-14 0)
(1.5 -1.31473e-14 0)
(1.5 -5.10451e-14 0)
(1.5 2.33608e-14 0)
(1.5 -1.59278e-14 0)
(1.5 -1.2844e-14 0)
(1.5 5.76049e-15 0)
(1.5 -1.99365e-14 0)
(1.5 8.13603e-15 0)
(1.5 -5.05538e-14 0)
(1.5 -1.07635e-13 0)
(1.5 -4.83735e-14 0)
(1.5 -5.35502e-14 0)
(1.5 -4.36045e-14 0)
(1.5 6.4657e-14 0)
(1.5 1.02814e-13 0)
(1.5 1.36214e-13 0)
(1.5 6.4501e-14 0)
(1.5 8.34842e-14 0)
(1.5 6.21656e-14 0)
(1.5 -2.30204e-15 0)
(1.5 -4.34459e-14 0)
(1.5 -4.6428e-14 0)
(1.5 -7.88206e-14 0)
(1.5 -9.92784e-14 0)
(1.5 -1.39716e-13 0)
(1.5 -1.02323e-13 0)
(1.5 -3.50996e-14 0)
(1.5 5.42869e-14 0)
(1.5 5.06242e-14 0)
(1.5 8.66633e-14 0)
(1.5 7.48556e-14 0)
(1.5 -3.87166e-14 0)
(1.5 -7.13135e-14 0)
(1.5 -1.37846e-13 0)
(1.5 -2.01165e-13 0)
(1.5 -2.6139e-13 0)
(1.5 -2.52477e-13 0)
(1.5 -1.5231e-13 0)
(1.5 -1.23905e-13 0)
(1.5 -5.0636e-14 0)
(1.5 -6.36061e-14 0)
(1.5 -2.72123e-13 0)
(1.5 -3.14018e-13 0)
(1.5 -3.13966e-13 0)
(1.5 -2.56173e-13 0)
(1.5 -2.08742e-13 0)
(1.5 -1.42891e-13 0)
(1.5 -1.00925e-13 0)
(1.5 -1.27987e-13 0)
(1.5 -2.13959e-13 0)
(1.5 -1.91541e-13 0)
(1.5 -1.38404e-13 0)
(1.5 -6.7968e-14 0)
(1.5 -4.08049e-14 0)
(1.5 -9.31283e-14 0)
(1.5 -1.66801e-13 0)
(1.5 -1.78967e-13 0)
(1.5 -1.59885e-13 0)
(1.5 -1.66242e-13 0)
(1.5 -2.5203e-13 0)
(1.5 -1.74058e-13 0)
(1.5 -7.50997e-14 0)
(1.5 3.34281e-14 0)
(1.5 4.06921e-14 0)
(1.5 -2.8221e-14 0)
(1.5 -1.23071e-13 0)
(1.5 -1.57286e-13 0)
(1.5 -7.48621e-14 0)
(1.5 4.25581e-15 0)
(1.5 -7.1928e-14 0)
(1.5 -1.8215e-14 0)
(1.5 5.93494e-14 0)
(1.5 3.16817e-14 0)
(1.5 -4.03761e-14 0)
(1.5 -5.55449e-14 0)
(1.5 -5.21488e-14 0)
(1.5 -1.00846e-13 0)
(1.5 -1.36515e-13 0)
(1.5 -2.37353e-13 0)
(1.5 -3.04102e-13 0)
(1.5 -2.57795e-13 0)
(1.5 -2.04102e-13 0)
(1.5 -1.62553e-13 0)
(1.5 -1.7008e-13 0)
(1.5 -2.31755e-13 0)
(1.5 -1.698e-13 0)
(1.5 -2.61643e-13 0)
(1.5 -2.79538e-13 0)
(1.5 -2.59047e-13 0)
(1.5 -1.90065e-13 0)
(1.5 -1.06374e-13 0)
(1.5 -3.22521e-14 0)
(1.5 -5.9336e-14 0)
(1.5 -4.02276e-14 0)
(1.5 -1.5711e-13 0)
(1.5 -1.23442e-13 0)
(1.5 -4.55103e-14 0)
(1.5 -9.35596e-14 0)
(1.5 -7.36051e-14 0)
(1.5 -9.41283e-15 0)
(1.5 1.29533e-13 0)
(1.5 1.55036e-13 0)
(1.5 9.94646e-14 0)
(1.5 5.48606e-14 0)
(1.5 5.45543e-14 0)
(1.5 7.56195e-14 0)
(1.5 2.01286e-13 0)
(1.5 1.50189e-13 0)
(1.5 2.28983e-13 0)
(1.5 2.70136e-13 0)
(1.5 1.2215e-13 0)
(1.5 9.97035e-14 0)
(1.5 -5.4506e-14 0)
(1.5 -1.49359e-13 0)
(1.5 -1.6144e-13 0)
(1.5 -4.86741e-14 0)
(1.5 2.02623e-14 0)
(1.5 1.76234e-13 0)
(1.5 2.63946e-13 0)
(1.5 2.28389e-13 0)
(1.5 2.33e-13 0)
(1.5 1.92983e-13 0)
(1.5 2.05953e-13 0)
(1.5 2.67482e-13 0)
(1.5 4.51224e-13 0)
(1.5 5.63419e-13 0)
(1.5 4.64477e-13 0)
(1.5 3.69361e-13 0)
(1.5 3.36474e-13 0)
(1.5 2.62009e-13 0)
(1.5 2.41572e-13 0)
(1.5 2.51168e-13 0)
(1.5 2.50554e-13 0)
(1.5 2.72906e-13 0)
(1.5 2.86283e-13 0)
(1.5 3.84885e-13 0)
(1.5 3.27853e-13 0)
(1.5 1.20456e-13 0)
(1.5 1.02021e-14 0)
(1.5 1.01926e-14 0)
(1.5 -1.81898e-14 0)
(1.5 -1.38838e-13 0)
(1.5 -4.07206e-14 0)
(1.5 -1.00766e-13 0)
(1.5 -8.95238e-14 0)
(1.5 -1.09189e-13 0)
(1.5 -2.04773e-13 0)
(1.5 -1.17175e-13 0)
(1.5 -3.38919e-14 0)
(1.5 -7.67419e-14 0)
(1.5 -6.5775e-14 0)
(1.5 3.16105e-14 0)
(1.5 2.86631e-14 0)
(1.5 4.57887e-14 0)
(1.5 1.2073e-13 0)
(1.5 2.25354e-13 0)
(1.5 1.50586e-13 0)
(1.5 1.32633e-13 0)
(1.5 6.65471e-14 0)
(1.5 -1.74954e-14 0)
(1.5 -1.41355e-13 0)
(1.5 -1.90239e-13 0)
(1.5 -8.88596e-14 0)
(1.5 -2.01419e-14 0)
(1.5 -7.87199e-14 0)
(1.5 -8.58097e-14 0)
(1.5 -1.12068e-13 0)
(1.5 -1.16805e-13 0)
(1.5 -9.43428e-14 0)
(1.5 -4.4631e-14 0)
(1.5 2.75828e-14 0)
(1.5 9.2228e-14 0)
(1.5 9.29617e-14 0)
(1.5 -1.37632e-14 0)
(1.5 -8.60281e-14 0)
(1.5 -1.6396e-13 0)
(1.5 -1.67395e-13 0)
(1.5 -1.93855e-13 0)
(1.5 -2.1571e-13 0)
(1.5 -1.2345e-13 0)
(1.5 -9.63797e-14 0)
(1.5 -1.19106e-13 0)
(1.5 -7.4594e-14 0)
(1.5 -1.49873e-13 0)
(1.5 -8.93583e-14 0)
(1.5 -5.24028e-14 0)
(1.5 -7.8064e-14 0)
(1.5 -3.85373e-14 0)
(1.5 -1.69944e-14 0)
(1.5 2.04482e-14 0)
(1.5 -1.01137e-14 0)
(1.5 -2.23806e-15 0)
(1.5 3.69516e-14 0)
(1.5 -3.8852e-14 0)
(1.5 -5.70271e-14 0)
(1.5 -8.05862e-14 0)
(1.5 -5.98777e-14 0)
(1.5 -1.80055e-14 0)
(1.5 -5.05742e-14 0)
(1.5 -4.01723e-14 0)
(1.5 -1.74877e-14 0)
(1.5 -4.54221e-14 0)
(1.5 1.17061e-16 0)
(1.5 1.77262e-14 0)
(1.5 4.90195e-14 0)
(1.5 1.06065e-13 0)
(1.5 6.18705e-14 0)
(1.5 -1.49933e-14 0)
(1.5 -1.67571e-14 0)
(1.5 -3.29631e-14 0)
(1.5 -2.39e-14 0)
(1.5 1.60935e-16 0)
(1.5 1.087e-14 0)
(1.5 9.72715e-14 0)
(1.5 5.28128e-14 0)
(1.5 4.16174e-14 0)
(1.5 5.75588e-14 0)
(1.5 2.5852e-14 0)
(1.5 -3.24439e-14 0)
(1.5 -2.8947e-14 0)
(1.5 -2.08044e-14 0)
(1.5 -3.96864e-14 0)
(1.5 -9.30671e-14 0)
(1.5 -9.082e-14 0)
(1.5 -9.91769e-14 0)
(1.5 -5.44305e-14 0)
(1.5 3.01711e-14 0)
(1.5 3.33114e-14 0)
(1.5 1.73419e-14 0)
(1.5 5.02084e-14 0)
(1.5 5.05756e-14 0)
(1.5 -1.11923e-13 0)
(1.5 -2.57693e-13 0)
(1.5 -2.743e-13 0)
(1.5 -2.37843e-13 0)
(1.5 -2.57146e-13 0)
(1.5 -1.9496e-13 0)
(1.5 -1.92424e-13 0)
(1.5 -2.05024e-13 0)
(1.5 -1.74376e-13 0)
(1.5 -1.99741e-13 0)
(1.5 -2.94157e-13 0)
(1.5 -2.36353e-13 0)
(1.5 -1.65379e-13 0)
(1.5 -8.75982e-14 0)
(1.5 -9.81462e-14 0)
(1.5 -1.34405e-13 0)
(1.5 -9.46855e-14 0)
(1.5 -7.56916e-14 0)
(1.5 -1.84403e-13 0)
(1.5 -2.35481e-13 0)
(1.5 -2.1976e-13 0)
(1.5 -1.59161e-13 0)
(1.5 -1.4859e-13 0)
(1.5 -2.35885e-13 0)
(1.5 -2.27728e-13 0)
(1.5 -2.23617e-13 0)
(1.5 -2.02661e-13 0)
(1.5 -1.99728e-13 0)
(1.5 -1.99022e-13 0)
(1.5 -1.50186e-13 0)
(1.5 -9.60041e-14 0)
(1.5 -4.36258e-14 0)
(1.5 -4.41702e-14 0)
(1.5 -4.11543e-14 0)
(1.5 -1.98931e-14 0)
(1.5 -2.52885e-14 0)
(1.5 -3.13651e-14 0)
(1.5 4.79028e-14 0)
(1.5 3.29612e-14 0)
(1.5 2.22021e-14 0)
(1.5 1.0136e-14 0)
(1.5 -5.43131e-14 0)
(1.5 -9.56725e-14 0)
(1.5 -1.17791e-13 0)
(1.5 -6.40327e-14 0)
(1.5 -1.10478e-13 0)
(1.5 -1.89415e-13 0)
(1.5 -2.56094e-13 0)
(1.5 -2.51356e-13 0)
(1.5 -2.07308e-13 0)
(1.5 -1.96176e-13 0)
(1.5 -1.71333e-13 0)
(1.5 -1.32308e-13 0)
(1.5 -1.3144e-13 0)
(1.5 -8.98463e-14 0)
(1.5 -1.43979e-13 0)
(1.5 -1.82596e-13 0)
(1.5 -2.39013e-13 0)
(1.5 -1.61865e-13 0)
(1.5 -9.84268e-14 0)
(1.5 -5.94562e-14 0)
(1.5 -7.56141e-15 0)
(1.5 3.25684e-14 0)
(1.5 -4.42909e-14 0)
(1.5 -1.59735e-14 0)
(1.5 -3.80188e-14 0)
(1.5 -4.5815e-14 0)
(1.5 -1.64686e-14 0)
(1.5 4.0176e-14 0)
(1.5 6.75928e-14 0)
(1.5 1.39041e-13 0)
(1.5 1.53337e-13 0)
(1.5 2.19173e-14 0)
(1.5 -7.65448e-14 0)
(1.5 -2.59993e-14 0)
(1.5 1.5768e-13 0)
(1.5 1.41557e-13 0)
(1.5 2.34975e-13 0)
(1.5 2.574e-13 0)
(1.5 1.74108e-13 0)
(1.5 1.446e-13 0)
(1.5 6.49565e-14 0)
(1.5 -8.70218e-14 0)
(1.5 -9.23976e-14 0)
(1.5 5.38892e-14 0)
(1.5 1.62758e-13 0)
(1.5 2.74239e-13 0)
(1.5 3.91597e-13 0)
(1.5 3.60411e-13 0)
(1.5 3.63513e-13 0)
(1.5 4.04965e-13 0)
(1.5 3.74524e-13 0)
(1.5 3.57115e-13 0)
(1.5 3.92679e-13 0)
(1.5 4.67024e-13 0)
(1.5 5.66499e-13 0)
(1.5 5.16331e-13 0)
(1.5 4.51253e-13 0)
(1.5 3.78596e-13 0)
(1.5 3.44097e-13 0)
(1.5 4.56115e-13 0)
(1.5 3.85121e-13 0)
(1.5 2.93037e-13 0)
(1.5 1.81632e-13 0)
(1.5 1.74345e-13 0)
(1.5 7.34751e-14 0)
(1.5 -3.13097e-14 0)
(1.5 -7.32692e-14 0)
(1.5 -1.16754e-13 0)
(1.5 -1.60001e-13 0)
(1.5 -1.1743e-13 0)
(1.5 2.87322e-14 0)
(1.5 -8.61678e-14 0)
(1.5 -5.90991e-14 0)
(1.5 8.32873e-15 0)
(1.5 -6.44631e-14 0)
(1.5 -5.24111e-14 0)
(1.5 -1.16508e-14 0)
(1.5 1.8547e-14 0)
(1.5 6.05675e-15 0)
(1.5 3.83989e-14 0)
(1.5 6.74262e-14 0)
(1.5 1.1694e-13 0)
(1.5 2.01877e-13 0)
(1.5 3.07582e-13 0)
(1.5 2.92054e-13 0)
(1.5 2.78994e-13 0)
(1.5 1.30381e-13 0)
(1.5 -6.46234e-14 0)
(1.5 -1.42565e-13 0)
(1.5 -1.31352e-13 0)
(1.5 -9.36998e-14 0)
(1.5 4.92978e-14 0)
(1.5 9.20971e-14 0)
(1.5 3.7857e-14 0)
(1.5 -3.77583e-14 0)
(1.5 3.18201e-15 0)
(1.5 5.12985e-14 0)
(1.5 5.89417e-14 0)
(1.5 5.53453e-14 0)
(1.5 2.73029e-14 0)
(1.5 2.19049e-15 0)
(1.5 -2.85126e-14 0)
(1.5 -8.36138e-14 0)
(1.5 -2.07969e-13 0)
(1.5 -2.64511e-13 0)
(1.5 -3.07134e-13 0)
(1.5 -2.27521e-13 0)
(1.5 -1.70191e-13 0)
(1.5 -1.21058e-13 0)
(1.5 -2.57762e-14 0)
(1.5 -5.09376e-14 0)
(1.5 -1.12062e-13 0)
(1.5 -5.85126e-14 0)
(1.5 2.62543e-14 0)
(1.5 5.88315e-14 0)
(1.5 6.22233e-14 0)
(1.5 6.75581e-15 0)
(1.5 6.87196e-14 0)
(1.5 8.60443e-14 0)
(1.5 7.2193e-14 0)
(1.5 9.95682e-14 0)
(1.5 5.29545e-14 0)
(1.5 2.1259e-15 0)
(1.5 3.32854e-14 0)
(1.5 2.55512e-15 0)
(1.5 3.3456e-14 0)
(1.5 1.14802e-14 0)
(1.5 -2.1212e-16 0)
(1.5 1.52196e-14 0)
(1.5 -1.0971e-15 0)
(1.5 -1.78519e-14 0)
(1.5 1.85149e-14 0)
(1.5 7.47525e-14 0)
(1.5 8.53579e-14 0)
(1.5 5.32705e-14 0)
(1.5 1.49077e-14 0)
(1.5 6.78205e-14 0)
(1.5 2.48293e-14 0)
(1.5 1.46855e-14 0)
(1.5 5.86704e-14 0)
(1.5 1.14492e-13 0)
(1.5 9.20593e-14 0)
(1.5 4.28356e-14 0)
(1.5 3.04578e-14 0)
(1.5 1.95089e-14 0)
(1.5 -3.58475e-14 0)
(1.5 -9.12078e-14 0)
(1.5 -7.85782e-14 0)
(1.5 -2.88131e-15 0)
(1.5 4.41895e-15 0)
(1.5 -2.15958e-14 0)
(1.5 -3.62269e-14 0)
(1.5 -4.83879e-14 0)
(1.5 -3.00912e-14 0)
(1.5 3.5837e-14 0)
(1.5 4.75066e-14 0)
(1.5 2.39186e-14 0)
(1.5 6.61186e-15 0)
(1.5 1.56066e-14 0)
(1.5 -4.41171e-14 0)
(1.5 -1.68001e-13 0)
(1.5 -2.0935e-13 0)
(1.5 -1.97892e-13 0)
(1.5 -1.86361e-13 0)
(1.5 -1.08503e-13 0)
(1.5 -1.44491e-13 0)
(1.5 -2.21351e-13 0)
(1.5 -2.4204e-13 0)
(1.5 -2.88851e-13 0)
(1.5 -2.18855e-13 0)
(1.5 -7.98504e-14 0)
(1.5 -2.6366e-15 0)
(1.5 5.25443e-15 0)
(1.5 -6.51578e-14 0)
(1.5 -1.93343e-13 0)
(1.5 -1.42378e-13 0)
(1.5 -3.16048e-14 0)
(1.5 5.08735e-14 0)
(1.5 8.47542e-15 0)
(1.5 -5.75911e-14 0)
(1.5 -4.81173e-14 0)
(1.5 -1.05787e-13 0)
(1.5 -1.45734e-13 0)
(1.5 -7.89352e-14 0)
(1.5 -1.47319e-13 0)
(1.5 -1.66457e-13 0)
(1.5 -2.26227e-13 0)
(1.5 -9.44301e-14 0)
(1.5 -4.73747e-14 0)
(1.5 2.22983e-14 0)
(1.5 1.81831e-14 0)
(1.5 -3.57712e-14 0)
(1.5 -8.01928e-14 0)
(1.5 -1.68758e-14 0)
(1.5 9.82973e-14 0)
(1.5 1.26048e-13 0)
(1.5 1.15893e-13 0)
(1.5 1.35388e-13 0)
(1.5 4.09497e-14 0)
(1.5 -3.51764e-14 0)
(1.5 -9.23118e-14 0)
(1.5 -1.24776e-13 0)
(1.5 -1.96141e-13 0)
(1.5 -1.11745e-13 0)
(1.5 -1.11451e-13 0)
(1.5 -1.74006e-13 0)
(1.5 -1.16273e-13 0)
(1.5 -9.69277e-14 0)
(1.5 -1.66419e-13 0)
(1.5 -2.09239e-13 0)
(1.5 -2.66322e-13 0)
(1.5 -2.11697e-13 0)
(1.5 -9.09504e-14 0)
(1.5 -2.35627e-14 0)
(1.5 5.92172e-14 0)
(1.5 -1.48151e-14 0)
(1.5 -1.20352e-13 0)
(1.5 -6.22622e-14 0)
(1.5 1.15333e-14 0)
(1.5 -8.00518e-14 0)
(1.5 -4.67938e-14 0)
(1.5 -1.32086e-14 0)
(1.5 1.67378e-14 0)
(1.5 4.50422e-14 0)
(1.5 -5.83545e-14 0)
(1.5 6.68093e-15 0)
(1.5 5.2391e-14 0)
(1.5 5.22985e-14 0)
(1.5 9.21689e-15 0)
(1.5 3.65368e-14 0)
(1.5 8.89379e-14 0)
(1.5 -1.36797e-14 0)
(1.5 -9.88097e-15 0)
(1.5 7.42136e-14 0)
(1.5 1.40954e-13 0)
(1.5 1.40642e-13 0)
(1.5 1.70306e-13 0)
(1.5 1.94887e-13 0)
(1.5 2.27454e-13 0)
(1.5 1.27795e-13 0)
(1.5 1.00069e-13 0)
(1.5 -2.83131e-14 0)
(1.5 -3.18018e-14 0)
(1.5 6.77681e-14 0)
(1.5 2.15262e-13 0)
(1.5 2.80866e-13 0)
(1.5 3.85949e-13 0)
(1.5 4.27351e-13 0)
(1.5 4.33634e-13 0)
(1.5 5.26181e-13 0)
(1.5 5.3506e-13 0)
(1.5 4.42127e-13 0)
(1.5 2.88867e-13 0)
(1.5 2.43103e-13 0)
(1.5 3.12979e-13 0)
(1.5 2.52654e-13 0)
(1.5 2.40488e-13 0)
(1.5 3.15696e-13 0)
(1.5 3.71137e-13 0)
(1.5 5.2789e-13 0)
(1.5 4.2658e-13 0)
(1.5 1.77978e-13 0)
(1.5 3.20203e-14 0)
(1.5 -1.07805e-13 0)
(1.5 -3.28719e-13 0)
(1.5 -3.04812e-13 0)
(1.5 -1.59011e-13 0)
(1.5 -1.25866e-13 0)
(1.5 -1.29935e-13 0)
(1.5 3.71581e-14 0)
(1.5 1.20232e-13 0)
(1.5 2.84301e-14 0)
(1.5 -6.74881e-15 0)
(1.5 5.8929e-14 0)
(1.5 -1.93648e-14 0)
(1.5 -8.77822e-14 0)
(1.5 -1.95012e-13 0)
(1.5 -2.13932e-13 0)
(1.5 -2.24097e-13 0)
(1.5 -2.12848e-13 0)
(1.5 -1.35599e-13 0)
(1.5 -6.53369e-14 0)
(1.5 3.50442e-14 0)
(1.5 1.80148e-13 0)
(1.5 3.25375e-13 0)
(1.5 3.04382e-13 0)
(1.5 1.31097e-13 0)
(1.5 -1.95929e-14 0)
(1.5 2.55896e-14 0)
(1.5 1.91534e-14 0)
(1.5 -1.858e-14 0)
(1.5 2.57608e-14 0)
(1.5 1.4067e-13 0)
(1.5 1.22406e-13 0)
(1.5 1.04745e-13 0)
(1.5 1.17503e-13 0)
(1.5 1.63668e-13 0)
(1.5 1.65651e-13 0)
(1.5 7.04442e-14 0)
(1.5 -6.00137e-14 0)
(1.5 -1.18118e-13 0)
(1.5 -1.4126e-13 0)
(1.5 -1.08287e-13 0)
(1.5 -1.40105e-13 0)
(1.5 -1.44295e-13 0)
(1.5 -1.94776e-13 0)
(1.5 -1.87926e-13 0)
(1.5 -1.52861e-13 0)
(1.5 -1.32171e-13 0)
(1.5 1.73935e-14 0)
(1.5 -2.57097e-14 0)
(1.5 -6.11836e-14 0)
(1.5 -9.72955e-14 0)
(1.5 -2.2941e-14 0)
(1.5 5.99623e-14 0)
(1.5 2.16452e-15 0)
(1.5 -4.3243e-14 0)
(1.5 -3.48481e-15 0)
(1.5 5.10227e-14 0)
(1.5 9.79259e-14 0)
(1.5 1.25589e-13 0)
(1.5 1.23371e-13 0)
(1.5 5.06954e-14 0)
(1.5 6.31899e-14 0)
(1.5 -4.2735e-14 0)
(1.5 -5.00466e-14 0)
(1.5 -2.39426e-15 0)
(1.5 -2.1887e-14 0)
(1.5 -2.10532e-14 0)
(1.5 -5.90431e-14 0)
(1.5 -1.20364e-13 0)
(1.5 -1.06492e-13 0)
(1.5 -6.75659e-14 0)
(1.5 -9.54368e-14 0)
(1.5 -9.35844e-14 0)
(1.5 -5.62877e-14 0)
(1.5 -2.63032e-15 0)
(1.5 3.07328e-14 0)
(1.5 1.06009e-14 0)
(1.5 2.97333e-14 0)
(1.5 6.44405e-14 0)
(1.5 6.55872e-15 0)
(1.5 -3.73751e-14 0)
(1.5 -6.29102e-14 0)
(1.5 -1.4514e-13 0)
(1.5 -1.65931e-13 0)
(1.5 -1.55306e-13 0)
(1.5 -1.8141e-13 0)
(1.5 -9.44494e-14 0)
(1.5 -8.36405e-14 0)
(1.5 -9.31636e-14 0)
(1.5 -1.33374e-13 0)
(1.5 -1.21482e-13 0)
(1.5 -7.97613e-14 0)
(1.5 -1.09204e-13 0)
(1.5 -3.26867e-14 0)
(1.5 -2.34004e-15 0)
(1.5 9.10522e-14 0)
(1.5 5.4732e-14 0)
(1.5 2.67753e-14 0)
(1.5 -4.50233e-14 0)
(1.5 -4.44998e-14 0)
(1.5 -6.89243e-14 0)
(1.5 -4.17781e-14 0)
(1.5 -5.68687e-14 0)
(1.5 -1.10568e-13 0)
(1.5 -1.5216e-13 0)
(1.5 -1.80511e-13 0)
(1.5 -2.58231e-13 0)
(1.5 -1.19864e-13 0)
(1.5 -3.55176e-14 0)
(1.5 4.7802e-14 0)
(1.5 4.19953e-14 0)
(1.5 -9.55674e-15 0)
(1.5 -7.37399e-14 0)
(1.5 -3.59511e-14 0)
(1.5 4.36421e-15 0)
(1.5 1.292e-13 0)
(1.5 1.37197e-13 0)
(1.5 5.72708e-14 0)
(1.5 -6.35081e-15 0)
(1.5 -8.05354e-14 0)
(1.5 -1.46506e-13 0)
(1.5 -1.5067e-13 0)
(1.5 -1.27896e-13 0)
(1.5 -1.40295e-13 0)
(1.5 -1.77523e-13 0)
(1.5 -9.937e-14 0)
(1.5 -6.22023e-14 0)
(1.5 6.13119e-14 0)
(1.5 9.5646e-14 0)
(1.5 9.80498e-14 0)
(1.5 5.3524e-14 0)
(1.5 2.41551e-14 0)
(1.5 8.74629e-14 0)
(1.5 1.47156e-13 0)
(1.5 1.00092e-13 0)
(1.5 2.80979e-14 0)
(1.5 -5.05044e-14 0)
(1.5 -3.59585e-14 0)
(1.5 -1.51286e-14 0)
(1.5 -1.20136e-14 0)
(1.5 -7.09932e-14 0)
(1.5 -5.25202e-14 0)
(1.5 -5.69443e-14 0)
(1.5 -1.0781e-13 0)
(1.5 -1.08322e-13 0)
(1.5 -1.62911e-13 0)
(1.5 -2.32315e-13 0)
(1.5 -2.23649e-13 0)
(1.5 -1.91229e-13 0)
(1.5 -7.76586e-14 0)
(1.5 5.71849e-14 0)
(1.5 1.00803e-13 0)
(1.5 9.96081e-14 0)
(1.5 5.8992e-14 0)
(1.5 1.61202e-14 0)
(1.5 4.45594e-14 0)
(1.5 9.33125e-14 0)
(1.5 -2.13631e-15 0)
(1.5 -2.29003e-14 0)
(1.5 -4.39279e-14 0)
(1.5 -3.61122e-14 0)
(1.5 -1.53232e-14 0)
(1.5 -1.10305e-13 0)
(1.5 -4.7589e-14 0)
(1.5 -6.16722e-14 0)
(1.5 -1.53594e-13 0)
(1.5 -2.44978e-13 0)
(1.5 -2.67956e-13 0)
(1.5 -2.2247e-13 0)
(1.5 -1.20803e-13 0)
(1.5 6.72707e-14 0)
(1.5 1.81567e-13 0)
(1.5 1.29474e-13 0)
(1.5 1.31454e-13 0)
(1.5 1.01659e-13 0)
(1.5 1.39437e-13 0)
(1.5 1.49638e-13 0)
(1.5 1.21705e-13 0)
(1.5 9.05318e-14 0)
(1.5 5.81207e-14 0)
(1.5 4.36876e-15 0)
(1.5 3.72039e-14 0)
(1.5 1.70162e-13 0)
(1.5 2.01802e-13 0)
(1.5 2.48757e-13 0)
(1.5 3.24413e-13 0)
(1.5 3.81135e-13 0)
(1.5 4.8083e-13 0)
(1.5 4.73271e-13 0)
(1.5 3.66887e-13 0)
(1.5 1.88884e-13 0)
(1.5 1.19724e-13 0)
(1.5 6.22282e-14 0)
(1.5 -2.58189e-14 0)
(1.5 1.26139e-14 0)
(1.5 1.35149e-13 0)
(1.5 1.75461e-13 0)
(1.5 2.14853e-13 0)
(1.5 1.27875e-13 0)
(1.5 -1.51018e-14 0)
(1.5 -7.83293e-14 0)
(1.5 -2.53014e-13 0)
(1.5 -5.25655e-13 0)
(1.5 -5.62443e-13 0)
(1.5 -4.46829e-13 0)
(1.5 -3.11443e-13 0)
(1.5 -1.36401e-13 0)
(1.5 6.56809e-14 0)
(1.5 1.11202e-13 0)
(1.5 1.50513e-13 0)
(1.5 9.85049e-14 0)
(1.5 5.00179e-14 0)
(1.5 -7.16331e-14 0)
(1.5 -1.98063e-13 0)
(1.5 -4.14694e-13 0)
(1.5 -4.752e-13 0)
(1.5 -3.94807e-13 0)
(1.5 -3.46529e-13 0)
(1.5 -2.99498e-13 0)
(1.5 -2.01305e-13 0)
(1.5 -8.25082e-14 0)
(1.5 -2.92729e-14 0)
(1.5 1.50553e-13 0)
(1.5 1.98669e-13 0)
(1.5 2.22912e-13 0)
(1.5 5.76109e-15 0)
(1.5 6.65091e-14 0)
(1.5 -5.34384e-15 0)
(1.5 -3.014e-14 0)
(1.5 -2.83335e-14 0)
(1.5 -4.96042e-14 0)
(1.5 1.37306e-15 0)
(1.5 5.6355e-14 0)
(1.5 9.97863e-14 0)
(1.5 1.06013e-13 0)
(1.5 9.03189e-14 0)
(1.5 -3.33857e-15 0)
(1.5 -1.45242e-13 0)
(1.5 -1.57773e-13 0)
(1.5 -1.77009e-13 0)
(1.5 -1.11214e-13 0)
(1.5 -4.60845e-14 0)
(1.5 -3.42046e-14 0)
(1.5 -5.41665e-14 0)
(1.5 -1.50604e-13 0)
(1.5 -1.54191e-13 0)
(1.5 -1.68439e-13 0)
(1.5 -1.51321e-13 0)
(1.5 -1.33603e-13 0)
(1.5 -1.21083e-13 0)
(1.5 -1.12356e-13 0)
(1.5 -1.01078e-13 0)
(1.5 -1.04317e-13 0)
(1.5 -1.12189e-13 0)
(1.5 -7.88063e-14 0)
(1.5 -5.01618e-14 0)
(1.5 -2.7278e-14 0)
(1.5 -1.17325e-14 0)
(1.5 2.07732e-14 0)
(1.5 9.32645e-14 0)
(1.5 6.36534e-14 0)
(1.5 6.13924e-15 0)
(1.5 -4.00254e-14 0)
(1.5 -7.31609e-14 0)
(1.5 -2.82401e-14 0)
(1.5 -3.64444e-14 0)
(1.5 -7.89422e-14 0)
(1.5 -8.83095e-14 0)
(1.5 -1.3847e-13 0)
(1.5 -1.5135e-13 0)
(1.5 -1.53149e-13 0)
(1.5 -1.55038e-13 0)
(1.5 -1.40672e-13 0)
(1.5 -1.32176e-13 0)
(1.5 -1.54587e-13 0)
(1.5 -6.37448e-14 0)
(1.5 -6.17649e-14 0)
(1.5 -1.84707e-14 0)
(1.5 -2.37003e-14 0)
(1.5 -4.19309e-14 0)
(1.5 -9.52308e-14 0)
(1.5 -1.83424e-13 0)
(1.5 -2.48315e-13 0)
(1.5 -2.55116e-13 0)
(1.5 -2.29992e-13 0)
(1.5 -2.32103e-13 0)
(1.5 -1.56699e-13 0)
(1.5 -1.47149e-13 0)
(1.5 -1.45602e-13 0)
(1.5 -1.47722e-13 0)
(1.5 -1.20073e-13 0)
(1.5 -5.63395e-14 0)
(1.5 -1.15064e-13 0)
(1.5 -9.85311e-14 0)
(1.5 2.38159e-15 0)
(1.5 1.11034e-13 0)
(1.5 1.19731e-13 0)
(1.5 6.45566e-14 0)
(1.5 2.36196e-14 0)
(1.5 1.34114e-14 0)
(1.5 1.15281e-14 0)
(1.5 5.16152e-14 0)
(1.5 -9.34058e-14 0)
(1.5 -1.54067e-13 0)
(1.5 -1.15729e-13 0)
(1.5 -8.49177e-14 0)
(1.5 -6.9882e-14 0)
(1.5 4.82164e-14 0)
(1.5 1.00088e-13 0)
(1.5 1.39743e-13 0)
(1.5 1.27645e-13 0)
(1.5 1.06222e-13 0)
(1.5 1.5227e-13 0)
(1.5 1.35022e-13 0)
(1.5 7.49688e-14 0)
(1.5 -2.62573e-15 0)
(1.5 -7.80462e-14 0)
(1.5 -1.28811e-13 0)
(1.5 -1.67502e-13 0)
(1.5 -2.44791e-13 0)
(1.5 -4.00169e-13 0)
(1.5 -4.31691e-13 0)
(1.5 -3.23431e-13 0)
(1.5 -2.33111e-13 0)
(1.5 -1.28156e-13 0)
(1.5 -9.68172e-14 0)
(1.5 -4.03713e-14 0)
(1.5 -1.51671e-14 0)
(1.5 2.90211e-14 0)
(1.5 1.07359e-13 0)
(1.5 2.45857e-13 0)
(1.5 1.92051e-13 0)
(1.5 7.62899e-14 0)
(1.5 2.21314e-14 0)
(1.5 -4.23474e-14 0)
(1.5 -8.00571e-14 0)
(1.5 -3.93991e-14 0)
(1.5 -7.3412e-14 0)
(1.5 -2.3833e-14 0)
(1.5 -3.81112e-14 0)
(1.5 -3.61764e-14 0)
(1.5 -4.5945e-14 0)
(1.5 -4.77923e-14 0)
(1.5 -6.524e-14 0)
(1.5 -7.70149e-14 0)
(1.5 -1.70042e-13 0)
(1.5 -2.29428e-13 0)
(1.5 -1.97265e-13 0)
(1.5 -8.68212e-14 0)
(1.5 1.90221e-14 0)
(1.5 7.34503e-14 0)
(1.5 7.08731e-14 0)
(1.5 -6.34185e-14 0)
(1.5 -4.20678e-14 0)
(1.5 1.57687e-14 0)
(1.5 5.70342e-14 0)
(1.5 3.41292e-14 0)
(1.5 4.50287e-14 0)
(1.5 9.14911e-14 0)
(1.5 -9.54218e-15 0)
(1.5 -4.08655e-14 0)
(1.5 -5.85067e-15 0)
(1.5 -1.16448e-14 0)
(1.5 6.44512e-14 0)
(1.5 2.89348e-14 0)
(1.5 -8.24926e-14 0)
(1.5 -1.88289e-13 0)
(1.5 -3.18986e-13 0)
(1.5 -2.96441e-13 0)
(1.5 -1.10224e-13 0)
(1.5 7.43352e-14 0)
(1.5 1.65308e-13 0)
(1.5 7.63452e-14 0)
(1.5 1.54511e-13 0)
(1.5 9.07499e-14 0)
(1.5 3.91711e-14 0)
(1.5 4.04784e-14 0)
(1.5 1.11919e-13 0)
(1.5 9.91192e-14 0)
(1.5 1.15068e-13 0)
(1.5 8.77663e-14 0)
(1.5 9.02586e-14 0)
(1.5 1.00567e-13 0)
(1.5 1.31253e-13 0)
(1.5 1.89925e-13 0)
(1.5 2.80155e-13 0)
(1.5 3.85619e-13 0)
(1.5 4.72601e-13 0)
(1.5 4.09962e-13 0)
(1.5 2.96531e-13 0)
(1.5 1.65387e-13 0)
(1.5 6.89533e-14 0)
(1.5 -1.16244e-13 0)
(1.5 -1.46997e-13 0)
(1.5 -7.2822e-14 0)
(1.5 8.12289e-14 0)
(1.5 1.14971e-13 0)
(1.5 6.24666e-14 0)
(1.5 -1.95879e-14 0)
(1.5 -6.88086e-14 0)
(1.5 -1.18526e-13 0)
(1.5 -2.24587e-13 0)
(1.5 -3.92581e-13 0)
(1.5 -4.82616e-13 0)
(1.5 -4.54452e-13 0)
(1.5 -3.57008e-13 0)
(1.5 -1.0674e-13 0)
(1.5 2.40857e-14 0)
(1.5 8.4998e-14 0)
(1.5 1.64025e-13 0)
(1.5 1.59591e-13 0)
(1.5 9.88369e-14 0)
(1.5 2.97385e-15 0)
(1.5 -1.73418e-13 0)
(1.5 -3.48961e-13 0)
(1.5 -3.61738e-13 0)
(1.5 -2.6414e-13 0)
(1.5 -2.96762e-13 0)
(1.5 -2.13728e-13 0)
(1.5 -9.99529e-14 0)
(1.5 4.66471e-14 0)
(1.5 2.77522e-14 0)
(1.5 1.41459e-13 0)
(1.5 3.13912e-13 0)
(1.5 4.53482e-13 0)
(1.5 2.08193e-14 0)
(1.5 1.28474e-13 0)
(1.5 7.54546e-14 0)
(1.5 -1.99035e-14 0)
(1.5 -2.25963e-14 0)
(1.5 -8.86506e-14 0)
(1.5 -9.96814e-14 0)
(1.5 -9.28186e-14 0)
(1.5 -1.92418e-14 0)
(1.5 -4.39715e-14 0)
(1.5 -1.0156e-13 0)
(1.5 -7.54539e-14 0)
(1.5 -1.78491e-13 0)
(1.5 -2.02814e-13 0)
(1.5 -1.59792e-13 0)
(1.5 -9.02944e-14 0)
(1.5 8.7772e-15 0)
(1.5 -3.861e-15 0)
(1.5 -5.25386e-14 0)
(1.5 -1.05465e-13 0)
(1.5 -1.63493e-13 0)
(1.5 -1.38213e-13 0)
(1.5 -2.26941e-13 0)
(1.5 -1.59128e-13 0)
(1.5 -1.23831e-13 0)
(1.5 -9.70583e-14 0)
(1.5 -8.61857e-14 0)
(1.5 -1.42709e-13 0)
(1.5 -6.22811e-14 0)
(1.5 2.33975e-14 0)
(1.5 5.95218e-14 0)
(1.5 6.58353e-14 0)
(1.5 3.79594e-14 0)
(1.5 5.86375e-14 0)
(1.5 1.35783e-13 0)
(1.5 1.3929e-13 0)
(1.5 3.82466e-14 0)
(1.5 -2.15661e-14 0)
(1.5 -4.68101e-15 0)
(1.5 2.0613e-14 0)
(1.5 -4.05037e-14 0)
(1.5 -1.00605e-13 0)
(1.5 -1.07146e-13 0)
(1.5 -8.49898e-14 0)
(1.5 -4.25113e-14 0)
(1.5 -7.43597e-14 0)
(1.5 -3.75972e-14 0)
(1.5 -1.49949e-14 0)
(1.5 -2.81475e-14 0)
(1.5 -1.14264e-13 0)
(1.5 -1.28435e-13 0)
(1.5 -6.91689e-14 0)
(1.5 1.95653e-15 0)
(1.5 3.59281e-14 0)
(1.5 1.56371e-14 0)
(1.5 -3.53952e-14 0)
(1.5 -1.04807e-13 0)
(1.5 -1.5277e-13 0)
(1.5 -1.64014e-13 0)
(1.5 -1.61919e-13 0)
(1.5 -1.47693e-13 0)
(1.5 -8.85331e-14 0)
(1.5 -1.11966e-13 0)
(1.5 -7.09173e-14 0)
(1.5 -3.25648e-14 0)
(1.5 -3.73942e-14 0)
(1.5 1.62754e-14 0)
(1.5 -5.35788e-15 0)
(1.5 2.68479e-15 0)
(1.5 4.57362e-15 0)
(1.5 3.08907e-14 0)
(1.5 7.65367e-14 0)
(1.5 1.7391e-14 0)
(1.5 1.6685e-14 0)
(1.5 -3.23268e-14 0)
(1.5 -2.10178e-14 0)
(1.5 -3.73896e-14 0)
(1.5 -2.36357e-13 0)
(1.5 -2.12516e-13 0)
(1.5 -1.1446e-13 0)
(1.5 -7.50579e-14 0)
(1.5 4.95821e-15 0)
(1.5 1.40142e-14 0)
(1.5 5.88669e-14 0)
(1.5 1.36363e-13 0)
(1.5 1.99499e-13 0)
(1.5 2.18094e-13 0)
(1.5 2.66847e-13 0)
(1.5 2.21615e-13 0)
(1.5 1.23723e-13 0)
(1.5 -6.55287e-14 0)
(1.5 -1.35206e-13 0)
(1.5 -1.93148e-13 0)
(1.5 -1.87284e-13 0)
(1.5 -2.77219e-13 0)
(1.5 -4.13339e-13 0)
(1.5 -4.28994e-13 0)
(1.5 -3.64375e-13 0)
(1.5 -2.58147e-13 0)
(1.5 -1.58472e-13 0)
(1.5 -9.74811e-14 0)
(1.5 2.14083e-14 0)
(1.5 2.85107e-14 0)
(1.5 6.82174e-15 0)
(1.5 7.01437e-14 0)
(1.5 2.20126e-13 0)
(1.5 2.15442e-13 0)
(1.5 1.27561e-13 0)
(1.5 2.10598e-14 0)
(1.5 -9.70701e-14 0)
(1.5 -1.19902e-13 0)
(1.5 -9.95556e-14 0)
(1.5 -1.283e-13 0)
(1.5 -5.77762e-14 0)
(1.5 -6.2422e-14 0)
(1.5 -2.36301e-14 0)
(1.5 -3.70514e-14 0)
(1.5 -2.49214e-14 0)
(1.5 4.01594e-14 0)
(1.5 9.23443e-14 0)
(1.5 2.01449e-14 0)
(1.5 -7.95057e-14 0)
(1.5 -8.11596e-14 0)
(1.5 -8.63885e-14 0)
(1.5 -5.62647e-14 0)
(1.5 -5.77211e-14 0)
(1.5 -5.70901e-14 0)
(1.5 -1.34351e-13 0)
(1.5 -1.09992e-13 0)
(1.5 -4.40545e-14 0)
(1.5 4.57015e-14 0)
(1.5 3.84277e-14 0)
(1.5 9.79062e-14 0)
(1.5 1.40224e-13 0)
(1.5 1.9883e-14 0)
(1.5 -1.19218e-14 0)
(1.5 -1.31041e-14 0)
(1.5 8.70274e-14 0)
(1.5 1.4554e-13 0)
(1.5 1.45758e-13 0)
(1.5 1.24436e-13 0)
(1.5 1.19633e-13 0)
(1.5 -6.8326e-14 0)
(1.5 -1.0369e-13 0)
(1.5 5.60851e-14 0)
(1.5 1.6532e-13 0)
(1.5 2.03233e-13 0)
(1.5 1.4884e-13 0)
(1.5 2.57344e-13 0)
(1.5 1.79992e-13 0)
(1.5 1.1594e-13 0)
(1.5 1.23937e-13 0)
(1.5 1.26566e-13 0)
(1.5 1.68245e-13 0)
(1.5 1.67907e-13 0)
(1.5 1.37014e-13 0)
(1.5 1.51422e-13 0)
(1.5 1.52333e-13 0)
(1.5 2.41207e-13 0)
(1.5 3.21921e-13 0)
(1.5 3.54339e-13 0)
(1.5 3.66813e-13 0)
(1.5 2.81165e-13 0)
(1.5 2.14264e-13 0)
(1.5 1.69415e-13 0)
(1.5 1.07049e-13 0)
(1.5 -2.33456e-14 0)
(1.5 -2.71485e-13 0)
(1.5 -1.74301e-13 0)
(1.5 -1.51594e-14 0)
(1.5 1.84828e-13 0)
(1.5 2.40399e-13 0)
(1.5 1.57038e-13 0)
(1.5 1.00358e-13 0)
(1.5 1.51286e-14 0)
(1.5 -7.71611e-14 0)
(1.5 -2.18228e-13 0)
(1.5 -2.13286e-13 0)
(1.5 -1.30329e-13 0)
(1.5 -2.26843e-14 0)
(1.5 2.15439e-14 0)
(1.5 1.46e-13 0)
(1.5 1.78045e-13 0)
(1.5 2.00486e-13 0)
(1.5 2.675e-13 0)
(1.5 2.51566e-13 0)
(1.5 1.55553e-13 0)
(1.5 5.78951e-14 0)
(1.5 -9.79038e-14 0)
(1.5 -2.35212e-13 0)
(1.5 -2.65539e-13 0)
(1.5 -1.326e-13 0)
(1.5 -1.55731e-13 0)
(1.5 -7.89945e-14 0)
(1.5 4.9133e-14 0)
(1.5 2.15969e-13 0)
(1.5 3.28482e-13 0)
(1.5 4.32575e-13 0)
(1.5 5.10359e-13 0)
(1.5 5.49445e-13 0)
(1.5 4.21455e-14 0)
(1.5 1.76767e-13 0)
(1.5 1.69554e-13 0)
(1.5 1.04503e-13 0)
(1.5 7.87473e-14 0)
(1.5 8.7244e-14 0)
(1.5 2.08071e-15 0)
(1.5 -7.48293e-14 0)
(1.5 -9.60526e-14 0)
(1.5 -1.56052e-13 0)
(1.5 -1.76195e-13 0)
(1.5 -1.37204e-13 0)
(1.5 -1.48686e-13 0)
(1.5 -1.6648e-13 0)
(1.5 -1.09509e-13 0)
(1.5 -3.66909e-14 0)
(1.5 2.50912e-15 0)
(1.5 2.17522e-14 0)
(1.5 -2.95488e-14 0)
(1.5 -3.47205e-14 0)
(1.5 -5.44226e-14 0)
(1.5 -3.80411e-14 0)
(1.5 -6.84622e-14 0)
(1.5 -2.91363e-14 0)
(1.5 -5.40697e-14 0)
(1.5 -1.39692e-13 0)
(1.5 -1.38411e-13 0)
(1.5 -1.05381e-13 0)
(1.5 -2.55045e-14 0)
(1.5 4.74672e-14 0)
(1.5 9.24724e-14 0)
(1.5 5.42716e-14 0)
(1.5 9.03136e-14 0)
(1.5 1.29096e-13 0)
(1.5 1.63087e-13 0)
(1.5 1.42049e-13 0)
(1.5 6.12917e-14 0)
(1.5 -5.8774e-14 0)
(1.5 -3.55435e-14 0)
(1.5 4.68017e-14 0)
(1.5 -5.32049e-14 0)
(1.5 -9.23887e-14 0)
(1.5 -1.06118e-13 0)
(1.5 -7.10966e-14 0)
(1.5 -4.66036e-14 0)
(1.5 -5.31998e-14 0)
(1.5 -5.13792e-14 0)
(1.5 -2.64842e-14 0)
(1.5 -2.809e-14 0)
(1.5 -6.18729e-14 0)
(1.5 -9.97252e-14 0)
(1.5 -5.57069e-14 0)
(1.5 -4.54996e-14 0)
(1.5 -4.94414e-14 0)
(1.5 -3.97364e-14 0)
(1.5 -6.90312e-14 0)
(1.5 -8.0243e-14 0)
(1.5 -8.04047e-14 0)
(1.5 -7.89557e-14 0)
(1.5 -9.81029e-14 0)
(1.5 -7.90327e-14 0)
(1.5 -7.32975e-14 0)
(1.5 -1.10357e-13 0)
(1.5 -9.14408e-14 0)
(1.5 -3.11997e-14 0)
(1.5 -1.36535e-14 0)
(1.5 -2.62191e-14 0)
(1.5 -1.59775e-16 0)
(1.5 5.09264e-14 0)
(1.5 1.93043e-14 0)
(1.5 -6.57067e-14 0)
(1.5 -2.86417e-14 0)
(1.5 -1.53697e-14 0)
(1.5 -1.54049e-14 0)
(1.5 -1.9818e-14 0)
(1.5 -1.21953e-13 0)
(1.5 -1.68261e-13 0)
(1.5 -2.49674e-13 0)
(1.5 -2.23433e-13 0)
(1.5 -1.42121e-13 0)
(1.5 -1.30114e-13 0)
(1.5 -1.99623e-14 0)
(1.5 -3.71931e-15 0)
(1.5 -5.04068e-15 0)
(1.5 6.42674e-14 0)
(1.5 2.21507e-13 0)
(1.5 2.35786e-13 0)
(1.5 2.87656e-13 0)
(1.5 2.20855e-13 0)
(1.5 8.32238e-14 0)
(1.5 -5.9358e-15 0)
(1.5 3.89143e-14 0)
(1.5 -3.04552e-14 0)
(1.5 -1.18619e-13 0)
(1.5 -1.62422e-13 0)
(1.5 -2.09649e-13 0)
(1.5 -2.17287e-13 0)
(1.5 -1.76605e-13 0)
(1.5 -1.16992e-13 0)
(1.5 -8.29186e-14 0)
(1.5 -1.49977e-14 0)
(1.5 4.24766e-14 0)
(1.5 6.66895e-14 0)
(1.5 -1.04424e-14 0)
(1.5 3.74433e-14 0)
(1.5 6.6354e-14 0)
(1.5 1.02666e-13 0)
(1.5 8.35352e-14 0)
(1.5 3.92517e-14 0)
(1.5 -3.49776e-14 0)
(1.5 -6.00708e-14 0)
(1.5 -5.3923e-14 0)
(1.5 -3.67394e-14 0)
(1.5 -1.10007e-13 0)
(1.5 -1.04175e-13 0)
(1.5 -1.02698e-13 0)
(1.5 -1.3615e-13 0)
(1.5 -6.56397e-14 0)
(1.5 8.54328e-14 0)
(1.5 1.07298e-13 0)
(1.5 6.0076e-15 0)
(1.5 -4.79781e-14 0)
(1.5 -3.58103e-14 0)
(1.5 -1.2687e-13 0)
(1.5 -1.26284e-13 0)
(1.5 -1.28443e-13 0)
(1.5 -5.24103e-14 0)
(1.5 3.82838e-14 0)
(1.5 8.87348e-14 0)
(1.5 1.72426e-13 0)
(1.5 1.92697e-13 0)
(1.5 1.61392e-13 0)
(1.5 2.16152e-13 0)
(1.5 1.47587e-13 0)
(1.5 5.46371e-14 0)
(1.5 -3.66145e-14 0)
(1.5 -6.48858e-14 0)
(1.5 6.72382e-14 0)
(1.5 5.16136e-14 0)
(1.5 1.11698e-13 0)
(1.5 2.06405e-13 0)
(1.5 2.10702e-13 0)
(1.5 1.34312e-13 0)
(1.5 2.19872e-14 0)
(1.5 9.35477e-14 0)
(1.5 1.30591e-13 0)
(1.5 1.81445e-13 0)
(1.5 2.30144e-13 0)
(1.5 2.73234e-13 0)
(1.5 2.1511e-13 0)
(1.5 1.40545e-13 0)
(1.5 8.58465e-14 0)
(1.5 1.36746e-13 0)
(1.5 2.02801e-13 0)
(1.5 1.82469e-13 0)
(1.5 5.78026e-14 0)
(1.5 5.87103e-14 0)
(1.5 1.51363e-13 0)
(1.5 2.05707e-13 0)
(1.5 2.61052e-13 0)
(1.5 2.07189e-13 0)
(1.5 1.49816e-13 0)
(1.5 -1.0382e-13 0)
(1.5 -1.57472e-13 0)
(1.5 -8.81904e-14 0)
(1.5 -1.15695e-13 0)
(1.5 -2.087e-13 0)
(1.5 -2.84141e-13 0)
(1.5 -1.54841e-13 0)
(1.5 4.4541e-14 0)
(1.5 2.28986e-13 0)
(1.5 2.21848e-13 0)
(1.5 7.56636e-14 0)
(1.5 2.08494e-15 0)
(1.5 -3.35938e-14 0)
(1.5 -1.35e-13 0)
(1.5 -2.12409e-13 0)
(1.5 -1.14626e-13 0)
(1.5 3.14608e-14 0)
(1.5 1.26552e-13 0)
(1.5 9.55309e-14 0)
(1.5 9.31294e-14 0)
(1.5 1.3652e-13 0)
(1.5 1.15712e-13 0)
(1.5 2.45639e-13 0)
(1.5 1.46372e-13 0)
(1.5 -1.34868e-14 0)
(1.5 -5.30392e-14 0)
(1.5 -1.4035e-13 0)
(1.5 -1.96048e-13 0)
(1.5 -2.31424e-13 0)
(1.5 -1.0829e-13 0)
(1.5 -1.0933e-13 0)
(1.5 -5.9395e-14 0)
(1.5 5.43639e-14 0)
(1.5 1.97333e-13 0)
(1.5 3.52321e-13 0)
(1.5 4.49231e-13 0)
(1.5 4.06534e-13 0)
(1.5 3.94685e-13 0)
(1.5 2.96956e-14 0)
(1.5 1.39097e-13 0)
(1.5 1.84745e-13 0)
(1.5 1.4414e-13 0)
(1.5 1.43762e-13 0)
(1.5 2.11632e-13 0)
(1.5 1.79494e-13 0)
(1.5 8.1909e-14 0)
(1.5 1.50464e-14 0)
(1.5 -7.40005e-14 0)
(1.5 -1.27645e-13 0)
(1.5 -1.77297e-13 0)
(1.5 -9.30943e-14 0)
(1.5 -5.16935e-14 0)
(1.5 4.61986e-14 0)
(1.5 9.46959e-14 0)
(1.5 6.1576e-14 0)
(1.5 6.70691e-14 0)
(1.5 5.46104e-14 0)
(1.5 5.75938e-14 0)
(1.5 7.90532e-14 0)
(1.5 3.26024e-14 0)
(1.5 1.08097e-13 0)
(1.5 7.45207e-14 0)
(1.5 1.89483e-15 0)
(1.5 -1.21724e-13 0)
(1.5 -1.52824e-13 0)
(1.5 -5.42205e-14 0)
(1.5 -8.29867e-14 0)
(1.5 -2.58518e-14 0)
(1.5 -1.00017e-14 0)
(1.5 -4.65221e-14 0)
(1.5 2.60579e-14 0)
(1.5 3.37163e-14 0)
(1.5 3.67405e-14 0)
(1.5 -2.57854e-14 0)
(1.5 -3.55471e-14 0)
(1.5 -1.17503e-13 0)
(1.5 -1.33344e-13 0)
(1.5 -3.07981e-14 0)
(1.5 -3.63436e-14 0)
(1.5 -7.49345e-14 0)
(1.5 -8.61144e-14 0)
(1.5 -4.99548e-14 0)
(1.5 -5.06234e-14 0)
(1.5 -2.5975e-14 0)
(1.5 -5.41268e-14 0)
(1.5 -8.57701e-14 0)
(1.5 -8.09798e-14 0)
(1.5 -5.28788e-14 0)
(1.5 -1.53204e-14 0)
(1.5 -4.95261e-15 0)
(1.5 -3.75971e-14 0)
(1.5 -7.89805e-14 0)
(1.5 -9.33797e-14 0)
(1.5 -8.36593e-14 0)
(1.5 -9.18886e-14 0)
(1.5 -4.31197e-14 0)
(1.5 -3.06324e-14 0)
(1.5 -2.69624e-14 0)
(1.5 -3.31703e-14 0)
(1.5 -1.48627e-13 0)
(1.5 -1.79311e-13 0)
(1.5 -1.76889e-13 0)
(1.5 -1.44073e-13 0)
(1.5 -4.78133e-14 0)
(1.5 -1.61193e-14 0)
(1.5 -4.44823e-15 0)
(1.5 6.07526e-16 0)
(1.5 -1.6544e-14 0)
(1.5 -2.03899e-13 0)
(1.5 -2.1417e-13 0)
(1.5 -6.61707e-14 0)
(1.5 -4.84395e-14 0)
(1.5 -8.98659e-14 0)
(1.5 -2.60802e-13 0)
(1.5 -2.68492e-13 0)
(1.5 -1.30076e-13 0)
(1.5 -1.2596e-13 0)
(1.5 -9.132e-14 0)
(1.5 -1.65531e-13 0)
(1.5 -1.23987e-13 0)
(1.5 1.20079e-14 0)
(1.5 6.03249e-14 0)
(1.5 5.29826e-14 0)
(1.5 1.58569e-13 0)
(1.5 1.00284e-13 0)
(1.5 1.95898e-13 0)
(1.5 1.60333e-13 0)
(1.5 1.30793e-13 0)
(1.5 1.63608e-13 0)
(1.5 1.83723e-13 0)
(1.5 1.11801e-13 0)
(1.5 -1.6499e-14 0)
(1.5 -4.01555e-14 0)
(1.5 -1.71837e-15 0)
(1.5 1.51166e-15 0)
(1.5 3.93513e-14 0)
(1.5 5.48094e-14 0)
(1.5 6.17057e-14 0)
(1.5 1.15073e-13 0)
(1.5 5.95609e-14 0)
(1.5 9.03975e-15 0)
(1.5 -6.08839e-15 0)
(1.5 9.00288e-15 0)
(1.5 3.02889e-15 0)
(1.5 4.87181e-14 0)
(1.5 4.08142e-14 0)
(1.5 1.40331e-14 0)
(1.5 -2.41763e-14 0)
(1.5 1.68185e-14 0)
(1.5 4.03818e-14 0)
(1.5 2.60603e-14 0)
(1.5 -8.59808e-14 0)
(1.5 -1.06998e-13 0)
(1.5 -1.29374e-13 0)
(1.5 -1.34548e-13 0)
(1.5 -3.69045e-14 0)
(1.5 9.59422e-14 0)
(1.5 9.59406e-14 0)
(1.5 8.16953e-14 0)
(1.5 1.84705e-14 0)
(1.5 -6.84637e-14 0)
(1.5 -1.15552e-13 0)
(1.5 -1.21008e-13 0)
(1.5 -1.31831e-14 0)
(1.5 9.35107e-14 0)
(1.5 1.99423e-13 0)
(1.5 2.56084e-13 0)
(1.5 3.2498e-13 0)
(1.5 3.17464e-13 0)
(1.5 2.72382e-13 0)
(1.5 3.3437e-13 0)
(1.5 2.07167e-13 0)
(1.5 1.72403e-13 0)
(1.5 5.53647e-14 0)
(1.5 -2.87836e-14 0)
(1.5 8.18666e-14 0)
(1.5 7.508e-14 0)
(1.5 1.09032e-13 0)
(1.5 1.77567e-13 0)
(1.5 1.41589e-13 0)
(1.5 1.82463e-13 0)
(1.5 9.23042e-14 0)
(1.5 1.19078e-14 0)
(1.5 2.57786e-14 0)
(1.5 3.93415e-14 0)
(1.5 1.6281e-13 0)
(1.5 1.82831e-13 0)
(1.5 2.19962e-13 0)
(1.5 9.40982e-14 0)
(1.5 2.15953e-14 0)
(1.5 1.51805e-13 0)
(1.5 1.97968e-13 0)
(1.5 1.15902e-13 0)
(1.5 -2.41787e-14 0)
(1.5 -1.12701e-13 0)
(1.5 -7.03125e-14 0)
(1.5 -4.77733e-14 0)
(1.5 -7.76216e-14 0)
(1.5 -1.38708e-13 0)
(1.5 -1.74083e-13 0)
(1.5 -3.82945e-13 0)
(1.5 -4.02166e-13 0)
(1.5 -3.28012e-13 0)
(1.5 -3.80945e-13 0)
(1.5 -4.01376e-13 0)
(1.5 -2.70945e-13 0)
(1.5 -1.4078e-13 0)
(1.5 -5.58762e-14 0)
(1.5 -5.54659e-15 0)
(1.5 4.2001e-14 0)
(1.5 2.80012e-14 0)
(1.5 -5.23656e-14 0)
(1.5 -5.73169e-14 0)
(1.5 -1.30728e-13 0)
(1.5 -6.18258e-14 0)
(1.5 1.18804e-14 0)
(1.5 1.8455e-14 0)
(1.5 3.94215e-15 0)
(1.5 -4.69785e-14 0)
(1.5 -8.49862e-14 0)
(1.5 6.08699e-14 0)
(1.5 4.16509e-14 0)
(1.5 4.80739e-14 0)
(1.5 -1.12069e-13 0)
(1.5 -2.82958e-13 0)
(1.5 -2.05043e-13 0)
(1.5 -1.56409e-13 0)
(1.5 -1.33407e-13 0)
(1.5 -1.50512e-13 0)
(1.5 -1.7594e-13 0)
(1.5 -7.844e-14 0)
(1.5 -3.97097e-14 0)
(1.5 1.32299e-14 0)
(1.5 2.20368e-14 0)
(1.5 2.0003e-14 0)
(1.5 1.52521e-13 0)
(1.5 1.28348e-13 0)
(1.5 1.9398e-13 0)
(1.5 1.77331e-14 0)
(1.5 4.35064e-14 0)
(1.5 8.0881e-14 0)
(1.5 9.29895e-14 0)
(1.5 1.74104e-13 0)
(1.5 1.95526e-13 0)
(1.5 2.10819e-13 0)
(1.5 1.58961e-13 0)
(1.5 7.14098e-14 0)
(1.5 -3.67262e-14 0)
(1.5 -1.19154e-13 0)
(1.5 -1.74474e-13 0)
(1.5 -2.4492e-14 0)
(1.5 5.62385e-14 0)
(1.5 1.69176e-13 0)
(1.5 1.49799e-13 0)
(1.5 1.00291e-13 0)
(1.5 5.52217e-14 0)
(1.5 6.01536e-14 0)
(1.5 8.10525e-14 0)
(1.5 5.34117e-14 0)
(1.5 3.09539e-14 0)
(1.5 9.37746e-14 0)
(1.5 5.67435e-14 0)
(1.5 -1.70869e-14 0)
(1.5 -5.55004e-14 0)
(1.5 -7.50225e-14 0)
(1.5 -5.94514e-14 0)
(1.5 -1.07675e-13 0)
(1.5 -5.89126e-14 0)
(1.5 -8.62404e-14 0)
(1.5 -6.0488e-14 0)
(1.5 -4.03012e-14 0)
(1.5 -9.86711e-14 0)
(1.5 -1.40734e-13 0)
(1.5 -1.84177e-13 0)
(1.5 -1.57393e-13 0)
(1.5 -2.41102e-13 0)
(1.5 -2.63311e-13 0)
(1.5 -2.17124e-13 0)
(1.5 -1.42622e-13 0)
(1.5 -1.19462e-13 0)
(1.5 -8.57021e-14 0)
(1.5 -4.83204e-14 0)
(1.5 5.09877e-15 0)
(1.5 4.32571e-14 0)
(1.5 3.26344e-14 0)
(1.5 -1.11099e-14 0)
(1.5 -8.71038e-16 0)
(1.5 2.92606e-14 0)
(1.5 8.60957e-14 0)
(1.5 7.07196e-14 0)
(1.5 4.91104e-14 0)
(1.5 4.58395e-14 0)
(1.5 -5.70307e-14 0)
(1.5 -4.65419e-14 0)
(1.5 -4.00648e-14 0)
(1.5 4.62491e-14 0)
(1.5 5.63473e-14 0)
(1.5 9.63134e-14 0)
(1.5 6.0369e-14 0)
(1.5 -1.27094e-13 0)
(1.5 -2.1184e-13 0)
(1.5 -1.37886e-13 0)
(1.5 -1.71744e-13 0)
(1.5 -1.01251e-13 0)
(1.5 2.03925e-15 0)
(1.5 -1.89069e-14 0)
(1.5 -4.29883e-14 0)
(1.5 -7.91046e-14 0)
(1.5 -1.51035e-13 0)
(1.5 -1.24637e-13 0)
(1.5 -3.35952e-14 0)
(1.5 -2.87215e-14 0)
(1.5 -1.28399e-13 0)
(1.5 -1.96824e-13 0)
(1.5 -2.30172e-13 0)
(1.5 -3.84822e-14 0)
(1.5 -3.08002e-14 0)
(1.5 -1.4821e-15 0)
(1.5 -1.76812e-14 0)
(1.5 -2.82986e-14 0)
(1.5 4.74933e-14 0)
(1.5 3.67341e-14 0)
(1.5 -1.82602e-14 0)
(1.5 -7.4804e-14 0)
(1.5 -1.41868e-13 0)
(1.5 -7.76354e-14 0)
(1.5 -7.0919e-14 0)
(1.5 1.00146e-14 0)
(1.5 1.24616e-13 0)
(1.5 9.58083e-14 0)
(1.5 2.73418e-14 0)
(1.5 -6.06561e-14 0)
(1.5 -1.06931e-13 0)
(1.5 -6.34615e-15 0)
(1.5 4.50171e-14 0)
(1.5 7.85099e-14 0)
(1.5 6.68764e-14 0)
(1.5 9.22572e-14 0)
(1.5 1.89541e-13 0)
(1.5 1.07841e-13 0)
(1.5 -1.10132e-15 0)
(1.5 2.48922e-14 0)
(1.5 1.45367e-14 0)
(1.5 -1.18775e-14 0)
(1.5 -1.89835e-14 0)
(1.5 -4.76097e-14 0)
(1.5 -7.21856e-14 0)
(1.5 -5.93854e-14 0)
(1.5 -2.33806e-14 0)
(1.5 -3.07331e-14 0)
(1.5 8.39297e-15 0)
(1.5 -1.80972e-15 0)
(1.5 -1.46879e-14 0)
(1.5 1.57998e-15 0)
(1.5 -5.65704e-15 0)
(1.5 1.77659e-15 0)
(1.5 4.89469e-15 0)
(1.5 2.45364e-15 0)
(1.5 1.22356e-13 0)
(1.5 4.09411e-14 0)
(1.5 -1.5218e-13 0)
(1.5 -1.13667e-13 0)
(1.5 -8.75866e-14 0)
(1.5 8.30708e-14 0)
(1.5 1.55389e-13 0)
(1.5 2.34722e-13 0)
(1.5 3.32168e-13 0)
(1.5 2.74647e-13 0)
(1.5 2.74656e-13 0)
(1.5 2.85467e-13 0)
(1.5 2.98587e-13 0)
(1.5 2.74073e-13 0)
(1.5 1.88596e-13 0)
(1.5 1.20853e-13 0)
(1.5 4.13884e-14 0)
(1.5 9.00891e-14 0)
(1.5 8.57328e-14 0)
(1.5 2.58362e-14 0)
(1.5 -1.23057e-14 0)
(1.5 -2.20988e-14 0)
(1.5 4.8137e-14 0)
(1.5 6.15601e-14 0)
(1.5 -1.29907e-14 0)
(1.5 4.26164e-14 0)
(1.5 1.51886e-15 0)
(1.5 1.18345e-13 0)
(1.5 8.97999e-14 0)
(1.5 8.67238e-14 0)
(1.5 2.94129e-14 0)
(1.5 6.13413e-14 0)
(1.5 1.61953e-13 0)
(1.5 1.36883e-13 0)
(1.5 -1.31254e-14 0)
(1.5 -3.08026e-14 0)
(1.5 -2.16513e-13 0)
(1.5 -2.11024e-13 0)
(1.5 -1.71385e-13 0)
(1.5 -2.46099e-13 0)
(1.5 -2.98252e-13 0)
(1.5 -3.7834e-13 0)
(1.5 -5.0258e-13 0)
(1.5 -4.97498e-13 0)
(1.5 -4.84896e-13 0)
(1.5 -5.12993e-13 0)
(1.5 -4.00298e-13 0)
(1.5 -2.18471e-13 0)
(1.5 -1.33337e-13 0)
(1.5 -1.70124e-13 0)
(1.5 -2.26717e-13 0)
(1.5 -1.39803e-13 0)
(1.5 2.01411e-14 0)
(1.5 5.35913e-14 0)
(1.5 2.16588e-14 0)
(1.5 -6.29361e-15 0)
(1.5 -1.61851e-14 0)
(1.5 -5.68806e-14 0)
(1.5 -1.01942e-13 0)
(1.5 -1.00153e-13 0)
(1.5 5.75812e-15 0)
(1.5 2.566e-14 0)
(1.5 6.11271e-14 0)
(1.5 1.35094e-14 0)
(1.5 -1.58656e-13 0)
(1.5 -2.82591e-13 0)
(1.5 -4.22608e-13 0)
(1.5 -3.43663e-13 0)
(1.5 -2.28732e-13 0)
(1.5 -1.85129e-13 0)
(1.5 -1.29593e-13 0)
(1.5 -2.2372e-13 0)
(1.5 -7.49197e-14 0)
(1.5 -4.2404e-14 0)
(1.5 1.43857e-14 0)
(1.5 1.52425e-14 0)
(1.5 -5.20467e-14 0)
(1.5 4.50061e-15 0)
(1.5 1.00402e-13 0)
(1.5 1.55521e-13 0)
(1.5 -3.49333e-15 0)
(1.5 -6.46632e-14 0)
(1.5 -4.35207e-14 0)
(1.5 1.05697e-13 0)
(1.5 1.70472e-13 0)
(1.5 1.52089e-13 0)
(1.5 1.27891e-13 0)
(1.5 1.12576e-13 0)
(1.5 1.17206e-14 0)
(1.5 -5.20813e-14 0)
(1.5 -4.36326e-14 0)
(1.5 -4.00694e-14 0)
(1.5 8.56127e-14 0)
(1.5 1.62794e-13 0)
(1.5 1.54977e-13 0)
(1.5 7.88435e-14 0)
(1.5 4.05865e-14 0)
(1.5 1.63936e-14 0)
(1.5 5.51893e-14 0)
(1.5 1.33523e-13 0)
(1.5 8.51387e-14 0)
(1.5 7.37806e-14 0)
(1.5 8.06292e-14 0)
(1.5 5.96216e-14 0)
(1.5 -2.10537e-14 0)
(1.5 1.7064e-14 0)
(1.5 7.93899e-16 0)
(1.5 -4.08102e-14 0)
(1.5 -5.98698e-14 0)
(1.5 -8.83263e-14 0)
(1.5 -6.46658e-14 0)
(1.5 -4.56709e-14 0)
(1.5 -8.65726e-14 0)
(1.5 -1.26079e-13 0)
(1.5 -1.8898e-13 0)
(1.5 -1.68872e-13 0)
(1.5 -1.5487e-13 0)
(1.5 -1.66209e-13 0)
(1.5 -2.41057e-13 0)
(1.5 -2.65257e-13 0)
(1.5 -2.08923e-13 0)
(1.5 -1.52853e-13 0)
(1.5 -7.93597e-14 0)
(1.5 -1.84215e-14 0)
(1.5 3.3799e-14 0)
(1.5 8.76451e-14 0)
(1.5 7.68433e-14 0)
(1.5 6.40115e-14 0)
(1.5 1.50644e-14 0)
(1.5 5.10429e-14 0)
(1.5 7.33411e-14 0)
(1.5 1.01366e-14 0)
(1.5 4.12378e-14 0)
(1.5 2.3447e-14 0)
(1.5 -3.41494e-14 0)
(1.5 -1.79133e-14 0)
(1.5 2.59911e-14 0)
(1.5 9.53737e-14 0)
(1.5 7.96782e-14 0)
(1.5 7.92832e-14 0)
(1.5 8.48858e-14 0)
(1.5 2.30307e-14 0)
(1.5 -4.92235e-14 0)
(1.5 -1.49622e-14 0)
(1.5 -7.95307e-14 0)
(1.5 -1.06261e-13 0)
(1.5 -6.0736e-14 0)
(1.5 -5.07506e-14 0)
(1.5 -8.18011e-14 0)
(1.5 -8.4634e-14 0)
(1.5 -1.6553e-14 0)
(1.5 6.42344e-14 0)
(1.5 7.15228e-14 0)
(1.5 1.64749e-15 0)
(1.5 -1.15143e-13 0)
(1.5 -1.18012e-13 0)
(1.5 -1.06328e-13 0)
(1.5 -2.27247e-14 0)
(1.5 2.03238e-15 0)
(1.5 1.0447e-14 0)
(1.5 1.18986e-13 0)
(1.5 1.58983e-13 0)
(1.5 1.68932e-13 0)
(1.5 7.99783e-14 0)
(1.5 -9.19869e-14 0)
(1.5 -3.16383e-13 0)
(1.5 -3.2923e-13 0)
(1.5 -3.22107e-13 0)
(1.5 -2.63977e-13 0)
(1.5 -1.63119e-13 0)
(1.5 -3.22026e-14 0)
(1.5 -3.29065e-14 0)
(1.5 -1.07848e-13 0)
(1.5 -1.26802e-13 0)
(1.5 -1.71726e-13 0)
(1.5 -9.1486e-14 0)
(1.5 -4.86522e-14 0)
(1.5 -6.81763e-14 0)
(1.5 -3.18695e-14 0)
(1.5 7.21575e-14 0)
(1.5 1.76874e-13 0)
(1.5 1.71772e-13 0)
(1.5 8.95834e-14 0)
(1.5 4.29227e-14 0)
(1.5 7.69042e-14 0)
(1.5 3.69473e-14 0)
(1.5 -1.80331e-14 0)
(1.5 -9.77264e-15 0)
(1.5 -3.68975e-14 0)
(1.5 -1.23112e-14 0)
(1.5 -7.92516e-14 0)
(1.5 -7.36294e-14 0)
(1.5 1.45922e-14 0)
(1.5 -1.95855e-14 0)
(1.5 -1.37416e-14 0)
(1.5 4.63044e-14 0)
(1.5 4.25462e-14 0)
(1.5 -2.61754e-14 0)
(1.5 -1.41542e-13 0)
(1.5 -1.64072e-13 0)
(1.5 -6.84495e-14 0)
(1.5 -6.30719e-14 0)
(1.5 -1.61488e-13 0)
(1.5 -1.23625e-13 0)
(1.5 -7.54691e-14 0)
(1.5 6.19997e-14 0)
(1.5 1.32524e-13 0)
(1.5 2.27291e-13 0)
(1.5 3.40039e-13 0)
(1.5 2.29089e-13 0)
(1.5 1.26497e-13 0)
(1.5 1.35624e-13 0)
(1.5 2.10601e-13 0)
(1.5 2.2194e-13 0)
(1.5 1.2932e-13 0)
(1.5 1.22569e-13 0)
(1.5 1.29808e-13 0)
(1.5 1.89867e-13 0)
(1.5 8.56541e-14 0)
(1.5 -2.4961e-14 0)
(1.5 -8.47884e-14 0)
(1.5 -1.08444e-13 0)
(1.5 -2.77458e-14 0)
(1.5 6.0701e-14 0)
(1.5 1.13292e-13 0)
(1.5 1.12256e-13 0)
(1.5 7.37592e-14 0)
(1.5 1.58252e-13 0)
(1.5 9.76595e-14 0)
(1.5 4.10833e-14 0)
(1.5 4.83734e-14 0)
(1.5 1.16372e-13 0)
(1.5 1.84431e-13 0)
(1.5 1.17479e-13 0)
(1.5 -3.10122e-15 0)
(1.5 8.14698e-14 0)
(1.5 -3.9127e-14 0)
(1.5 -7.7824e-15 0)
(1.5 -9.6908e-14 0)
(1.5 -2.53926e-13 0)
(1.5 -2.08147e-13 0)
(1.5 -2.93306e-13 0)
(1.5 -3.62646e-13 0)
(1.5 -4.1835e-13 0)
(1.5 -4.61976e-13 0)
(1.5 -3.77175e-13 0)
(1.5 -2.39802e-13 0)
(1.5 -1.40489e-13 0)
(1.5 -1.63083e-13 0)
(1.5 -2.13403e-13 0)
(1.5 -2.31179e-13 0)
(1.5 -1.98401e-13 0)
(1.5 -1.30033e-13 0)
(1.5 -4.70916e-14 0)
(1.5 -1.36605e-14 0)
(1.5 -8.04643e-15 0)
(1.5 -6.37948e-14 0)
(1.5 -8.75124e-14 0)
(1.5 -9.16398e-14 0)
(1.5 -2.02532e-14 0)
(1.5 1.27321e-13 0)
(1.5 1.38493e-13 0)
(1.5 8.24823e-14 0)
(1.5 2.65009e-14 0)
(1.5 -1.7257e-13 0)
(1.5 -3.0175e-13 0)
(1.5 -3.49517e-13 0)
(1.5 -2.62132e-13 0)
(1.5 -1.91295e-13 0)
(1.5 -1.23933e-13 0)
(1.5 2.0712e-14 0)
(1.5 -7.87004e-15 0)
(1.5 3.85654e-14 0)
(1.5 9.6474e-14 0)
(1.5 6.96616e-14 0)
(1.5 -2.21629e-14 0)
(1.5 -6.55332e-14 0)
(1.5 -5.95594e-14 0)
(1.5 8.84899e-14 0)
(1.5 1.17304e-13 0)
(1.5 -3.15932e-15 0)
(1.5 -5.01362e-14 0)
(1.5 -2.5103e-14 0)
(1.5 9.9202e-14 0)
(1.5 1.55508e-13 0)
(1.5 1.70283e-13 0)
(1.5 8.14468e-14 0)
(1.5 6.17248e-14 0)
(1.5 -8.82856e-15 0)
(1.5 -9.2503e-14 0)
(1.5 -5.47199e-14 0)
(1.5 1.47905e-14 0)
(1.5 8.58687e-14 0)
(1.5 1.04054e-13 0)
(1.5 2.38424e-14 0)
(1.5 -8.84762e-15 0)
(1.5 1.40993e-14 0)
(1.5 4.69715e-15 0)
(1.5 -5.42137e-15 0)
(1.5 7.35518e-14 0)
(1.5 8.34256e-14 0)
(1.5 8.28032e-14 0)
(1.5 3.97683e-14 0)
(1.5 8.77933e-15 0)
(1.5 4.29301e-14 0)
(1.5 5.38897e-14 0)
(1.5 5.26847e-14 0)
(1.5 5.73658e-14 0)
(1.5 -6.18099e-18 0)
(1.5 -8.11722e-14 0)
(1.5 -1.0109e-13 0)
(1.5 -1.37134e-13 0)
(1.5 -1.89296e-13 0)
(1.5 -1.90375e-13 0)
(1.5 -2.30532e-13 0)
(1.5 -1.94446e-13 0)
(1.5 -1.6213e-13 0)
(1.5 -8.53922e-14 0)
(1.5 -1.58741e-13 0)
(1.5 -2.17467e-13 0)
(1.5 -2.09384e-13 0)
(1.5 -1.77734e-13 0)
(1.5 -1.3671e-13 0)
(1.5 -4.30078e-14 0)
(1.5 -1.39826e-14 0)
(1.5 -1.53308e-14 0)
(1.5 3.2305e-14 0)
(1.5 7.22795e-14 0)
(1.5 -1.74959e-14 0)
(1.5 -5.95665e-15 0)
(1.5 -2.42191e-14 0)
(1.5 -7.48221e-14 0)
(1.5 -5.32638e-14 0)
(1.5 -8.27777e-14 0)
(1.5 -8.62561e-14 0)
(1.5 -3.66176e-14 0)
(1.5 1.54229e-14 0)
(1.5 -8.14768e-15 0)
(1.5 -3.85431e-14 0)
(1.5 -3.39004e-14 0)
(1.5 -3.22434e-14 0)
(1.5 1.69427e-14 0)
(1.5 7.05397e-14 0)
(1.5 4.96333e-14 0)
(1.5 4.69884e-14 0)
(1.5 -2.36879e-14 0)
(1.5 -8.84937e-14 0)
(1.5 -9.41866e-14 0)
(1.5 -1.12953e-13 0)
(1.5 -1.50547e-13 0)
(1.5 -8.83166e-14 0)
(1.5 -5.95594e-14 0)
(1.5 -2.56618e-14 0)
(1.5 -4.99626e-14 0)
(1.5 -1.25469e-13 0)
(1.5 -9.08538e-14 0)
(1.5 -1.16046e-13 0)
(1.5 -1.2149e-13 0)
(1.5 -1.42465e-14 0)
(1.5 -2.07315e-14 0)
(1.5 8.41789e-14 0)
(1.5 8.24264e-14 0)
(1.5 5.67267e-14 0)
(1.5 -3.3328e-14 0)
(1.5 -1.90685e-13 0)
(1.5 -3.27388e-13 0)
(1.5 -3.02548e-13 0)
(1.5 -3.19297e-13 0)
(1.5 -2.39466e-13 0)
(1.5 -1.89639e-13 0)
(1.5 -1.10321e-13 0)
(1.5 -1.38916e-13 0)
(1.5 -1.82786e-13 0)
(1.5 -1.2163e-13 0)
(1.5 -1.16887e-13 0)
(1.5 -2.6828e-14 0)
(1.5 2.18898e-14 0)
(1.5 -5.91037e-14 0)
(1.5 -3.61296e-14 0)
(1.5 2.84002e-14 0)
(1.5 7.89448e-14 0)
(1.5 1.22626e-13 0)
(1.5 6.71791e-14 0)
(1.5 5.73429e-14 0)
(1.5 2.97527e-14 0)
(1.5 1.15149e-14 0)
(1.5 2.99316e-14 0)
(1.5 1.90807e-13 0)
(1.5 1.3032e-13 0)
(1.5 1.42549e-14 0)
(1.5 -5.70499e-14 0)
(1.5 -1.58476e-14 0)
(1.5 4.0146e-14 0)
(1.5 -1.52403e-14 0)
(1.5 -4.64312e-14 0)
(1.5 2.35423e-15 0)
(1.5 2.07598e-14 0)
(1.5 -9.3158e-15 0)
(1.5 -1.42313e-13 0)
(1.5 -2.45851e-13 0)
(1.5 -1.74286e-13 0)
(1.5 -3.711e-14 0)
(1.5 -3.30967e-14 0)
(1.5 -2.59693e-14 0)
(1.5 -3.2384e-14 0)
(1.5 -4.01538e-15 0)
(1.5 1.0386e-13 0)
(1.5 2.23426e-13 0)
(1.5 2.43586e-13 0)
(1.5 1.72441e-13 0)
(1.5 9.05514e-14 0)
(1.5 1.13997e-13 0)
(1.5 2.20301e-13 0)
(1.5 1.62182e-13 0)
(1.5 1.31838e-13 0)
(1.5 1.29948e-13 0)
(1.5 1.1544e-13 0)
(1.5 1.72852e-13 0)
(1.5 4.07603e-14 0)
(1.5 -4.50363e-14 0)
(1.5 -4.8058e-14 0)
(1.5 -9.1525e-14 0)
(1.5 -5.5122e-14 0)
(1.5 2.49597e-14 0)
(1.5 4.29438e-14 0)
(1.5 6.05971e-14 0)
(1.5 2.25409e-13 0)
(1.5 2.92379e-13 0)
(1.5 2.76904e-13 0)
(1.5 2.53017e-13 0)
(1.5 2.99562e-13 0)
(1.5 2.83349e-13 0)
(1.5 3.32789e-13 0)
(1.5 2.78788e-13 0)
(1.5 2.08169e-13 0)
(1.5 2.73332e-13 0)
(1.5 3.19935e-13 0)
(1.5 2.73058e-13 0)
(1.5 8.82393e-14 0)
(1.5 -1.76704e-13 0)
(1.5 -1.37804e-13 0)
(1.5 -9.4272e-14 0)
(1.5 -5.21464e-14 0)
(1.5 -1.88735e-13 0)
(1.5 -2.95817e-13 0)
(1.5 -2.24091e-13 0)
(1.5 -2.12539e-13 0)
(1.5 -2.2006e-13 0)
(1.5 -2.03531e-13 0)
(1.5 -2.06239e-13 0)
(1.5 -1.95674e-13 0)
(1.5 -2.41691e-13 0)
(1.5 -2.76072e-13 0)
(1.5 -2.33052e-13 0)
(1.5 -1.30935e-13 0)
(1.5 -2.14621e-14 0)
(1.5 -5.47248e-14 0)
(1.5 -3.39852e-14 0)
(1.5 3.25797e-14 0)
(1.5 5.07101e-14 0)
(1.5 9.88382e-14 0)
(1.5 8.89689e-14 0)
(1.5 1.33006e-13 0)
(1.5 1.05792e-13 0)
(1.5 -7.21292e-14 0)
(1.5 -1.97661e-13 0)
(1.5 -1.79715e-13 0)
(1.5 -1.26337e-13 0)
(1.5 -5.52304e-14 0)
(1.5 1.00593e-13 0)
(1.5 2.31616e-13 0)
(1.5 3.18744e-13 0)
(1.5 3.81691e-13 0)
(1.5 3.40835e-13 0)
(1.5 2.4252e-13 0)
(1.5 5.22639e-14 0)
(1.5 -1.75115e-14 0)
(1.5 -7.22281e-15 0)
(1.5 2.9043e-14 0)
(1.5 5.38447e-14 0)
(1.5 -5.22547e-14 0)
(1.5 -1.55636e-13 0)
(1.5 -1.25097e-13 0)
(1.5 -3.34074e-15 0)
(1.5 4.16884e-14 0)
(1.5 3.68027e-14 0)
(1.5 -1.25673e-14 0)
(1.5 -8.75094e-15 0)
(1.5 1.62955e-14 0)
(1.5 -9.12424e-14 0)
(1.5 -1.12369e-13 0)
(1.5 -4.43719e-14 0)
(1.5 -1.35426e-14 0)
(1.5 -6.10778e-15 0)
(1.5 -3.53512e-14 0)
(1.5 -5.27416e-14 0)
(1.5 -6.82509e-14 0)
(1.5 -6.87522e-14 0)
(1.5 -1.04158e-13 0)
(1.5 -6.35786e-14 0)
(1.5 -4.16963e-14 0)
(1.5 -8.1938e-15 0)
(1.5 -6.90414e-14 0)
(1.5 -6.90036e-14 0)
(1.5 6.72652e-14 0)
(1.5 1.13464e-14 0)
(1.5 -1.91101e-14 0)
(1.5 -3.00294e-14 0)
(1.5 -1.18554e-14 0)
(1.5 -9.78177e-14 0)
(1.5 -1.69697e-13 0)
(1.5 -2.08084e-13 0)
(1.5 -2.2523e-13 0)
(1.5 -2.8926e-13 0)
(1.5 -3.21575e-13 0)
(1.5 -2.39353e-13 0)
(1.5 -2.10742e-13 0)
(1.5 -1.38132e-13 0)
(1.5 -1.07393e-13 0)
(1.5 -1.52795e-13 0)
(1.5 -2.21398e-13 0)
(1.5 -1.82275e-13 0)
(1.5 -1.54182e-13 0)
(1.5 -9.9387e-14 0)
(1.5 -1.04639e-13 0)
(1.5 -1.28418e-13 0)
(1.5 -1.29046e-13 0)
(1.5 -7.44409e-14 0)
(1.5 -7.82537e-14 0)
(1.5 -9.13947e-14 0)
(1.5 -1.06891e-13 0)
(1.5 -8.4289e-14 0)
(1.5 -1.04435e-13 0)
(1.5 -1.03699e-13 0)
(1.5 -9.96337e-14 0)
(1.5 -1.22256e-13 0)
(1.5 -1.05183e-13 0)
(1.5 -1.20449e-13 0)
(1.5 -1.0111e-13 0)
(1.5 -1.13139e-13 0)
(1.5 -1.32612e-13 0)
(1.5 -4.49812e-14 0)
(1.5 1.49079e-14 0)
(1.5 2.78147e-14 0)
(1.5 9.83052e-14 0)
(1.5 4.15522e-14 0)
(1.5 -9.33904e-14 0)
(1.5 -1.38126e-13 0)
(1.5 -1.47992e-13 0)
(1.5 -1.79293e-13 0)
(1.5 -2.27235e-13 0)
(1.5 -2.30614e-13 0)
(1.5 -2.02864e-13 0)
(1.5 -1.60131e-13 0)
(1.5 -1.47095e-13 0)
(1.5 -1.02086e-13 0)
(1.5 -1.29943e-13 0)
(1.5 -1.45556e-13 0)
(1.5 -7.58457e-14 0)
(1.5 -1.08336e-13 0)
(1.5 -2.75406e-14 0)
(1.5 -4.73191e-14 0)
(1.5 -1.54566e-13 0)
(1.5 -2.36454e-13 0)
(1.5 -2.50475e-13 0)
(1.5 -3.00454e-13 0)
(1.5 -2.7879e-13 0)
(1.5 -3.02725e-13 0)
(1.5 -2.37412e-13 0)
(1.5 -1.66922e-13 0)
(1.5 -1.45489e-13 0)
(1.5 -2.03671e-13 0)
(1.5 -1.66126e-13 0)
(1.5 -1.36403e-13 0)
(1.5 -1.00577e-13 0)
(1.5 -2.29602e-14 0)
(1.5 5.87924e-14 0)
(1.5 6.05578e-14 0)
(1.5 -3.09871e-14 0)
(1.5 -4.16496e-14 0)
(1.5 -3.83145e-14 0)
(1.5 -3.0497e-14 0)
(1.5 -2.89759e-14 0)
(1.5 1.20684e-13 0)
(1.5 5.65763e-14 0)
(1.5 3.4423e-14 0)
(1.5 1.16883e-13 0)
(1.5 2.22589e-13 0)
(1.5 1.56797e-13 0)
(1.5 5.81121e-14 0)
(1.5 4.37749e-14 0)
(1.5 1.26374e-13 0)
(1.5 1.57827e-13 0)
(1.5 1.27699e-13 0)
(1.5 3.75114e-14 0)
(1.5 2.2625e-14 0)
(1.5 -5.42202e-15 0)
(1.5 4.58376e-15 0)
(1.5 -8.09128e-14 0)
(1.5 -2.02007e-13 0)
(1.5 -1.74937e-13 0)
(1.5 -5.74322e-16 0)
(1.5 8.46571e-14 0)
(1.5 3.44837e-14 0)
(1.5 -3.40404e-14 0)
(1.5 -6.91818e-14 0)
(1.5 7.91164e-14 0)
(1.5 1.03035e-13 0)
(1.5 1.09394e-13 0)
(1.5 1.18047e-13 0)
(1.5 1.34061e-13 0)
(1.5 1.74479e-13 0)
(1.5 2.25951e-13 0)
(1.5 1.79194e-13 0)
(1.5 1.40425e-13 0)
(1.5 9.55192e-14 0)
(1.5 2.1839e-14 0)
(1.5 -3.32313e-14 0)
(1.5 -9.0633e-14 0)
(1.5 -9.33445e-14 0)
(1.5 -1.16108e-13 0)
(1.5 -7.90218e-14 0)
(1.5 -7.41283e-14 0)
(1.5 -6.04394e-14 0)
(1.5 -1.03712e-13 0)
(1.5 1.35698e-14 0)
(1.5 2.85624e-13 0)
(1.5 3.82789e-13 0)
(1.5 4.66162e-13 0)
(1.5 4.54978e-13 0)
(1.5 4.77172e-13 0)
(1.5 4.44264e-13 0)
(1.5 4.7306e-13 0)
(1.5 4.6277e-13 0)
(1.5 4.33214e-13 0)
(1.5 3.48199e-13 0)
(1.5 4.66713e-13 0)
(1.5 3.70096e-13 0)
(1.5 2.54592e-13 0)
(1.5 5.98731e-14 0)
(1.5 -3.41607e-14 0)
(1.5 7.39882e-14 0)
(1.5 1.10413e-13 0)
(1.5 -1.87157e-14 0)
(1.5 -1.62399e-13 0)
(1.5 -1.87202e-13 0)
(1.5 -2.20362e-13 0)
(1.5 -2.41275e-13 0)
(1.5 -1.37513e-13 0)
(1.5 -1.02604e-13 0)
(1.5 -1.38951e-13 0)
(1.5 -2.53756e-13 0)
(1.5 -2.69802e-13 0)
(1.5 -1.77869e-13 0)
(1.5 -8.35295e-14 0)
(1.5 4.64725e-14 0)
(1.5 1.81185e-14 0)
(1.5 -8.41358e-15 0)
(1.5 4.47964e-14 0)
(1.5 -1.11867e-14 0)
(1.5 -5.18333e-15 0)
(1.5 -8.52105e-15 0)
(1.5 7.20805e-14 0)
(1.5 1.03631e-13 0)
(1.5 -8.35931e-15 0)
(1.5 -4.41443e-14 0)
(1.5 -4.18964e-14 0)
(1.5 -1.12305e-13 0)
(1.5 -8.12245e-15 0)
(1.5 2.04564e-13 0)
(1.5 2.67502e-13 0)
(1.5 3.72762e-13 0)
(1.5 4.59041e-13 0)
(1.5 4.18557e-13 0)
(1.5 2.99263e-13 0)
(1.5 2.65561e-13 0)
(1.5 2.4113e-13 0)
(1.5 1.53075e-13 0)
(1.5 6.21803e-14 0)
(1.5 1.70154e-14 0)
(1.5 -1.24304e-13 0)
(1.5 -1.98439e-13 0)
(1.5 -1.67878e-13 0)
(1.5 -4.39415e-14 0)
(1.5 -8.00974e-14 0)
(1.5 -1.06824e-13 0)
(1.5 -3.78066e-14 0)
(1.5 1.6803e-14 0)
(1.5 1.74833e-13 0)
(1.5 1.42057e-13 0)
(1.5 4.68346e-14 0)
(1.5 3.40712e-14 0)
(1.5 -2.69496e-14 0)
(1.5 -2.8156e-14 0)
(1.5 -2.42721e-14 0)
(1.5 -5.50881e-14 0)
(1.5 -1.31344e-13 0)
(1.5 -1.36328e-13 0)
(1.5 -1.12822e-13 0)
(1.5 -9.65596e-14 0)
(1.5 -8.23445e-14 0)
(1.5 -1.33691e-13 0)
(1.5 -1.28003e-13 0)
(1.5 -1.00395e-13 0)
(1.5 -3.94543e-14 0)
(1.5 -7.49151e-14 0)
(1.5 -1.23043e-13 0)
(1.5 -1.20359e-13 0)
(1.5 -4.18138e-14 0)
(1.5 -1.42206e-13 0)
(1.5 -1.71833e-13 0)
(1.5 -1.53419e-13 0)
(1.5 -1.978e-13 0)
(1.5 -2.73115e-13 0)
(1.5 -2.96894e-13 0)
(1.5 -2.15066e-13 0)
(1.5 -1.95682e-13 0)
(1.5 -1.02995e-13 0)
(1.5 -7.0042e-15 0)
(1.5 -2.47296e-14 0)
(1.5 -8.45092e-14 0)
(1.5 -6.96977e-14 0)
(1.5 -5.05538e-14 0)
(1.5 -5.9224e-14 0)
(1.5 -8.85227e-14 0)
(1.5 -9.71582e-14 0)
(1.5 -1.7179e-13 0)
(1.5 -1.71719e-13 0)
(1.5 -1.10095e-13 0)
(1.5 -8.84953e-14 0)
(1.5 -5.29052e-14 0)
(1.5 -4.08436e-14 0)
(1.5 -1.31059e-13 0)
(1.5 -1.3875e-13 0)
(1.5 -8.67265e-14 0)
(1.5 -1.50337e-13 0)
(1.5 -1.79706e-13 0)
(1.5 -1.89347e-13 0)
(1.5 -1.06402e-13 0)
(1.5 -1.09124e-13 0)
(1.5 -1.31044e-13 0)
(1.5 -7.7417e-14 0)
(1.5 -4.16097e-14 0)
(1.5 -4.17056e-14 0)
(1.5 9.16534e-15 0)
(1.5 5.02311e-14 0)
(1.5 -3.87432e-14 0)
(1.5 -1.03476e-13 0)
(1.5 -1.56946e-13 0)
(1.5 -1.80939e-13 0)
(1.5 -2.56787e-13 0)
(1.5 -3.04702e-13 0)
(1.5 -3.01526e-13 0)
(1.5 -2.52101e-13 0)
(1.5 -2.12645e-13 0)
(1.5 -1.93651e-13 0)
(1.5 -1.246e-13 0)
(1.5 -8.11375e-14 0)
(1.5 -1.01746e-13 0)
(1.5 -1.4317e-13 0)
(1.5 -1.72886e-13 0)
(1.5 -2.15658e-13 0)
(1.5 -3.15778e-13 0)
(1.5 -3.19578e-13 0)
(1.5 -2.7742e-13 0)
(1.5 -3.10036e-13 0)
(1.5 -3.37356e-13 0)
(1.5 -3.44159e-13 0)
(1.5 -2.20164e-13 0)
(1.5 -2.68709e-14 0)
(1.5 -3.67182e-14 0)
(1.5 -1.16346e-13 0)
(1.5 -9.28034e-14 0)
(1.5 -1.33651e-13 0)
(1.5 -1.03348e-13 0)
(1.5 -1.17286e-13 0)
(1.5 -8.80726e-14 0)
(1.5 -5.02381e-14 0)
(1.5 -1.39875e-13 0)
(1.5 -1.00959e-13 0)
(1.5 -1.53285e-13 0)
(1.5 -1.65246e-13 0)
(1.5 -4.67513e-14 0)
(1.5 1.01928e-13 0)
(1.5 1.37244e-13 0)
(1.5 1.26525e-13 0)
(1.5 1.93744e-13 0)
(1.5 1.2464e-13 0)
(1.5 5.24781e-14 0)
(1.5 1.14778e-13 0)
(1.5 1.53114e-13 0)
(1.5 2.63646e-13 0)
(1.5 2.71509e-13 0)
(1.5 2.09191e-13 0)
(1.5 1.65767e-13 0)
(1.5 8.74106e-14 0)
(1.5 -2.60771e-14 0)
(1.5 -8.55221e-14 0)
(1.5 -1.31874e-13 0)
(1.5 -1.03496e-13 0)
(1.5 -1.25232e-13 0)
(1.5 -7.11835e-15 0)
(1.5 8.35403e-14 0)
(1.5 7.45682e-15 0)
(1.5 -8.53667e-14 0)
(1.5 -1.24752e-13 0)
(1.5 -1.74529e-14 0)
(1.5 -5.88288e-14 0)
(1.5 -3.15714e-14 0)
(1.5 4.90391e-14 0)
(1.5 8.32412e-14 0)
(1.5 1.22189e-13 0)
(1.5 1.32022e-13 0)
(1.5 8.99277e-14 0)
(1.5 1.42671e-13 0)
(1.5 1.37312e-13 0)
(1.5 8.17778e-15 0)
(1.5 -7.45745e-14 0)
(1.5 -1.31214e-13 0)
(1.5 -9.63905e-14 0)
(1.5 -8.49754e-14 0)
(1.5 3.09933e-14 0)
(1.5 3.75471e-14 0)
(1.5 4.82841e-14 0)
(1.5 8.67754e-14 0)
(1.5 1.64148e-13 0)
(1.5 2.99687e-13 0)
(1.5 4.18132e-13 0)
(1.5 5.10615e-13 0)
(1.5 5.94068e-13 0)
(1.5 6.37211e-13 0)
(1.5 6.05482e-13 0)
(1.5 6.07003e-13 0)
(1.5 5.70208e-13 0)
(1.5 5.00927e-13 0)
(1.5 3.77501e-13 0)
(1.5 3.94259e-13 0)
(1.5 2.6718e-13 0)
(1.5 2.39884e-13 0)
(1.5 1.43369e-13 0)
(1.5 -2.47377e-14 0)
(1.5 -7.46005e-15 0)
(1.5 -2.71015e-14 0)
(1.5 -3.82425e-14 0)
(1.5 -1.02316e-13 0)
(1.5 -1.08479e-13 0)
(1.5 -1.00644e-13 0)
(1.5 -6.12808e-14 0)
(1.5 -5.19855e-14 0)
(1.5 -6.72879e-14 0)
(1.5 -1.12417e-13 0)
(1.5 -1.86255e-13 0)
(1.5 -1.41176e-13 0)
(1.5 -4.59564e-14 0)
(1.5 4.38153e-14 0)
(1.5 3.30338e-14 0)
(1.5 7.35445e-14 0)
(1.5 1.19723e-13 0)
(1.5 9.23504e-14 0)
(1.5 3.60787e-14 0)
(1.5 2.50523e-14 0)
(1.5 2.91853e-14 0)
(1.5 6.30866e-14 0)
(1.5 5.38064e-14 0)
(1.5 2.95073e-14 0)
(1.5 7.96893e-14 0)
(1.5 1.09295e-13 0)
(1.5 6.96676e-14 0)
(1.5 9.23242e-14 0)
(1.5 1.93054e-13 0)
(1.5 2.17116e-13 0)
(1.5 2.64999e-13 0)
(1.5 2.96374e-13 0)
(1.5 3.13134e-13 0)
(1.5 2.82602e-13 0)
(1.5 3.56717e-13 0)
(1.5 3.66386e-13 0)
(1.5 2.1094e-13 0)
(1.5 5.61232e-15 0)
(1.5 -9.54597e-14 0)
(1.5 -6.84528e-14 0)
(1.5 -8.51886e-14 0)
(1.5 -1.10124e-13 0)
(1.5 -8.01452e-14 0)
(1.5 -1.57352e-13 0)
(1.5 -1.43874e-13 0)
(1.5 5.82864e-14 0)
(1.5 1.55161e-13 0)
(1.5 3.02333e-13 0)
(1.5 3.55326e-13 0)
(1.5 2.87797e-13 0)
(1.5 2.33243e-13 0)
(1.5 9.96549e-14 0)
(1.5 3.89965e-14 0)
(1.5 6.31378e-15 0)
(1.5 -1.40697e-14 0)
(1.5 -1.61836e-14 0)
(1.5 -1.17975e-13 0)
(1.5 -1.798e-13 0)
(1.5 -2.03448e-13 0)
(1.5 -1.80268e-13 0)
(1.5 -2.25627e-13 0)
(1.5 -2.41173e-13 0)
(1.5 -1.9724e-13 0)
(1.5 -1.66915e-13 0)
(1.5 -1.08447e-13 0)
(1.5 -7.92451e-14 0)
(1.5 -1.03349e-13 0)
(1.5 -1.21015e-13 0)
(1.5 -1.90921e-13 0)
(1.5 -2.11635e-13 0)
(1.5 -2.34257e-13 0)
(1.5 -2.64864e-13 0)
(1.5 -2.49747e-13 0)
(1.5 -2.17303e-13 0)
(1.5 -2.26631e-13 0)
(1.5 -1.80234e-13 0)
(1.5 -3.9047e-14 0)
(1.5 4.54446e-14 0)
(1.5 6.01281e-14 0)
(1.5 5.2137e-14 0)
(1.5 2.66043e-14 0)
(1.5 -1.58564e-15 0)
(1.5 -1.18262e-13 0)
(1.5 -1.88404e-13 0)
(1.5 -1.93021e-13 0)
(1.5 -1.46698e-13 0)
(1.5 -1.13751e-13 0)
(1.5 -7.41601e-14 0)
(1.5 -6.21904e-14 0)
(1.5 -4.83555e-14 0)
(1.5 -6.20333e-14 0)
(1.5 -1.45618e-13 0)
(1.5 -1.2026e-13 0)
(1.5 -7.72791e-14 0)
(1.5 -9.74292e-14 0)
(1.5 -1.8124e-13 0)
(1.5 -2.50691e-13 0)
(1.5 -2.24039e-13 0)
(1.5 -2.051e-13 0)
(1.5 -2.24676e-13 0)
(1.5 -2.40523e-13 0)
(1.5 -1.31843e-13 0)
(1.5 -1.35995e-13 0)
(1.5 -1.23611e-13 0)
(1.5 -4.54105e-14 0)
(1.5 -5.95849e-14 0)
(1.5 -6.97285e-14 0)
(1.5 -1.83706e-13 0)
(1.5 -2.24209e-13 0)
(1.5 -1.469e-13 0)
(1.5 -2.07612e-13 0)
(1.5 -2.57912e-13 0)
(1.5 -1.97253e-13 0)
(1.5 -1.16984e-13 0)
(1.5 -6.03977e-14 0)
(1.5 -1.11317e-14 0)
(1.5 -1.46632e-14 0)
(1.5 -3.40124e-14 0)
(1.5 -2.07574e-14 0)
(1.5 -1.11843e-13 0)
(1.5 -2.66238e-13 0)
(1.5 -3.66857e-13 0)
(1.5 -3.4113e-13 0)
(1.5 -3.20799e-13 0)
(1.5 -2.81475e-13 0)
(1.5 -3.05852e-13 0)
(1.5 -3.10002e-13 0)
(1.5 -2.10254e-13 0)
(1.5 -9.05616e-14 0)
(1.5 -1.15796e-13 0)
(1.5 -1.83643e-13 0)
(1.5 -2.20222e-13 0)
(1.5 -2.38097e-13 0)
(1.5 -1.67086e-13 0)
(1.5 -2.03117e-13 0)
(1.5 -2.1293e-13 0)
(1.5 -2.54968e-13 0)
(1.5 -2.19174e-13 0)
(1.5 -1.52651e-13 0)
(1.5 -2.55522e-13 0)
(1.5 -2.41023e-13 0)
(1.5 -9.88396e-14 0)
(1.5 -6.71419e-14 0)
(1.5 1.58812e-14 0)
(1.5 1.17075e-13 0)
(1.5 1.89509e-13 0)
(1.5 4.90469e-14 0)
(1.5 -1.16308e-14 0)
(1.5 5.78833e-14 0)
(1.5 1.29974e-13 0)
(1.5 2.20688e-13 0)
(1.5 1.39907e-13 0)
(1.5 8.64376e-14 0)
(1.5 5.96186e-14 0)
(1.5 -3.40991e-14 0)
(1.5 -6.45204e-14 0)
(1.5 -1.37448e-13 0)
(1.5 -1.52862e-13 0)
(1.5 -3.72234e-14 0)
(1.5 5.49291e-15 0)
(1.5 9.15458e-15 0)
(1.5 3.80085e-14 0)
(1.5 2.56801e-14 0)
(1.5 -6.34498e-14 0)
(1.5 -1.17668e-13 0)
(1.5 -1.1914e-13 0)
(1.5 -1.52248e-13 0)
(1.5 -1.86026e-13 0)
(1.5 -8.50636e-14 0)
(1.5 -1.16933e-14 0)
(1.5 -3.88253e-14 0)
(1.5 -7.26198e-14 0)
(1.5 1.49508e-14 0)
(1.5 1.30275e-13 0)
(1.5 1.49675e-13 0)
(1.5 5.42239e-14 0)
(1.5 -4.53531e-14 0)
(1.5 -1.34746e-13 0)
(1.5 -9.29487e-14 0)
(1.5 -6.9363e-15 0)
(1.5 1.08541e-13 0)
(1.5 1.78243e-13 0)
(1.5 2.15741e-13 0)
(1.5 2.95042e-13 0)
(1.5 3.2365e-13 0)
(1.5 3.80479e-13 0)
(1.5 4.7461e-13 0)
(1.5 4.47932e-13 0)
(1.5 5.53641e-13 0)
(1.5 6.85209e-13 0)
(1.5 6.97468e-13 0)
(1.5 6.20291e-13 0)
(1.5 5.37178e-13 0)
(1.5 4.21259e-13 0)
(1.5 3.28125e-13 0)
(1.5 2.82267e-13 0)
(1.5 1.98982e-13 0)
(1.5 1.05446e-13 0)
(1.5 2.7537e-14 0)
(1.5 -6.27036e-14 0)
(1.5 -1.45034e-13 0)
(1.5 -1.08292e-13 0)
(1.5 -6.5406e-14 0)
(1.5 -5.50196e-14 0)
(1.5 -7.09419e-14 0)
(1.5 -6.56453e-14 0)
(1.5 -4.67898e-14 0)
(1.5 -1.2971e-13 0)
(1.5 -1.77642e-13 0)
(1.5 -1.67266e-13 0)
(1.5 -9.407e-14 0)
(1.5 -2.48784e-14 0)
(1.5 3.61328e-14 0)
(1.5 4.65875e-14 0)
(1.5 1.03457e-14 0)
(1.5 1.01743e-13 0)
(1.5 1.98721e-13 0)
(1.5 1.53732e-13 0)
(1.5 1.2779e-13 0)
(1.5 6.93065e-14 0)
(1.5 3.29462e-14 0)
(1.5 1.31719e-15 0)
(1.5 -7.84603e-14 0)
(1.5 -1.02933e-13 0)
(1.5 1.97095e-14 0)
(1.5 1.57445e-13 0)
(1.5 2.33138e-13 0)
(1.5 2.12235e-13 0)
(1.5 1.36889e-13 0)
(1.5 1.26732e-13 0)
(1.5 1.91389e-13 0)
(1.5 2.75194e-13 0)
(1.5 3.70071e-13 0)
(1.5 4.69684e-13 0)
(1.5 5.25305e-13 0)
(1.5 5.00384e-13 0)
(1.5 3.67709e-13 0)
(1.5 1.45542e-13 0)
(1.5 2.13175e-14 0)
(1.5 -3.85975e-14 0)
(1.5 -1.11805e-13 0)
(1.5 -2.21971e-13 0)
(1.5 -2.77317e-13 0)
(1.5 -3.06815e-13 0)
(1.5 -2.24576e-13 0)
(1.5 4.46637e-14 0)
(1.5 1.73398e-13 0)
(1.5 2.39072e-13 0)
(1.5 2.36711e-13 0)
(1.5 2.73041e-13 0)
(1.5 2.45567e-13 0)
(1.5 1.75907e-13 0)
(1.5 1.39883e-13 0)
(1.5 1.07002e-13 0)
(1.5 7.84304e-14 0)
(1.5 1.69222e-14 0)
(1.5 -1.06274e-13 0)
(1.5 -2.22147e-13 0)
(1.5 -2.38793e-13 0)
(1.5 -2.7504e-13 0)
(1.5 -2.40181e-13 0)
(1.5 -3.41859e-13 0)
(1.5 -2.60031e-13 0)
(1.5 -1.76519e-13 0)
(1.5 -7.66078e-14 0)
(1.5 -8.85816e-15 0)
(1.5 -1.03981e-13 0)
(1.5 -1.75736e-13 0)
(1.5 -1.91569e-13 0)
(1.5 -2.38014e-13 0)
(1.5 -2.58278e-13 0)
(1.5 -2.74313e-13 0)
(1.5 -2.28178e-13 0)
(1.5 -1.65266e-13 0)
(1.5 -1.74247e-13 0)
(1.5 -8.88883e-14 0)
(1.5 5.22661e-14 0)
(1.5 1.02611e-13 0)
(1.5 7.40035e-14 0)
(1.5 9.70278e-14 0)
(1.5 5.50689e-14 0)
(1.5 3.62128e-14 0)
(1.5 -1.31329e-13 0)
(1.5 -2.33705e-13 0)
(1.5 -2.20761e-13 0)
(1.5 -7.55394e-14 0)
(1.5 -1.72601e-14 0)
(1.5 -1.07422e-14 0)
(1.5 -2.26066e-14 0)
(1.5 -7.44997e-14 0)
(1.5 -8.46454e-14 0)
(1.5 -8.64703e-14 0)
(1.5 -1.43652e-14 0)
(1.5 -5.55637e-14 0)
(1.5 -8.14578e-14 0)
(1.5 -1.64781e-13 0)
(1.5 -2.2424e-13 0)
(1.5 -2.72253e-13 0)
(1.5 -2.91961e-13 0)
(1.5 -2.79e-13 0)
(1.5 -2.73363e-13 0)
(1.5 -1.23862e-13 0)
(1.5 -1.10957e-13 0)
(1.5 -1.19726e-13 0)
(1.5 -6.84456e-14 0)
(1.5 -5.90296e-14 0)
(1.5 -4.4397e-14 0)
(1.5 -1.4001e-13 0)
(1.5 -1.57755e-13 0)
(1.5 -3.81139e-14 0)
(1.5 -5.20322e-14 0)
(1.5 -2.03788e-13 0)
(1.5 -1.25282e-13 0)
(1.5 -3.81976e-15 0)
(1.5 7.0139e-14 0)
(1.5 1.04846e-13 0)
(1.5 4.74644e-14 0)
(1.5 3.10586e-14 0)
(1.5 1.29002e-14 0)
(1.5 -8.88369e-14 0)
(1.5 -1.8014e-13 0)
(1.5 -2.95098e-13 0)
(1.5 -3.48852e-13 0)
(1.5 -3.14194e-13 0)
(1.5 -2.14957e-13 0)
(1.5 -2.05321e-13 0)
(1.5 -2.15032e-13 0)
(1.5 -2.25183e-13 0)
(1.5 -3.01985e-13 0)
(1.5 -3.78423e-13 0)
(1.5 -3.74786e-13 0)
(1.5 -3.29023e-13 0)
(1.5 -2.89348e-13 0)
(1.5 -2.3946e-13 0)
(1.5 -2.50378e-13 0)
(1.5 -2.69763e-13 0)
(1.5 -3.20738e-13 0)
(1.5 -2.1863e-13 0)
(1.5 -1.72648e-13 0)
(1.5 -2.71595e-13 0)
(1.5 -2.26103e-13 0)
(1.5 -2.05485e-13 0)
(1.5 -1.79967e-13 0)
(1.5 -3.94249e-14 0)
(1.5 1.17732e-13 0)
(1.5 1.57632e-13 0)
(1.5 -2.02267e-15 0)
(1.5 -5.68535e-14 0)
(1.5 -1.60905e-14 0)
(1.5 1.03555e-13 0)
(1.5 1.33642e-13 0)
(1.5 -2.45045e-14 0)
(1.5 -4.33014e-14 0)
(1.5 -1.14992e-14 0)
(1.5 -7.697e-14 0)
(1.5 -9.87342e-14 0)
(1.5 -1.36699e-13 0)
(1.5 -1.08746e-13 0)
(1.5 3.25144e-15 0)
(1.5 8.43478e-14 0)
(1.5 2.24927e-14 0)
(1.5 8.99336e-15 0)
(1.5 1.00363e-13 0)
(1.5 1.26574e-13 0)
(1.5 1.20197e-13 0)
(1.5 6.06679e-14 0)
(1.5 -1.89946e-14 0)
(1.5 -1.02455e-13 0)
(1.5 -9.11025e-14 0)
(1.5 -6.1251e-14 0)
(1.5 -1.28098e-13 0)
(1.5 -1.021e-13 0)
(1.5 8.00712e-14 0)
(1.5 1.5196e-13 0)
(1.5 1.7111e-13 0)
(1.5 1.7268e-13 0)
(1.5 8.01748e-14 0)
(1.5 1.84176e-14 0)
(1.5 -8.53932e-16 0)
(1.5 2.23859e-14 0)
(1.5 4.91904e-14 0)
(1.5 1.42803e-13 0)
(1.5 1.97634e-13 0)
(1.5 3.07882e-13 0)
(1.5 3.20484e-13 0)
(1.5 3.08313e-13 0)
(1.5 4.10675e-13 0)
(1.5 3.87061e-13 0)
(1.5 4.87318e-13 0)
(1.5 5.64939e-13 0)
(1.5 5.25748e-13 0)
(1.5 3.96439e-13 0)
(1.5 3.64136e-13 0)
(1.5 3.87066e-13 0)
(1.5 3.06191e-13 0)
(1.5 2.17547e-13 0)
(1.5 2.49282e-13 0)
(1.5 9.4881e-14 0)
(1.5 8.92042e-14 0)
(1.5 1.1036e-13 0)
(1.5 1.15067e-14 0)
(1.5 3.17962e-14 0)
(1.5 2.75763e-14 0)
(1.5 1.08179e-14 0)
(1.5 -2.23432e-14 0)
(1.5 5.71138e-15 0)
(1.5 -8.1521e-14 0)
(1.5 -1.72887e-13 0)
(1.5 -1.77257e-13 0)
(1.5 -1.45423e-13 0)
(1.5 -2.322e-14 0)
(1.5 5.96874e-14 0)
(1.5 1.21262e-13 0)
(1.5 8.0462e-14 0)
(1.5 1.03801e-13 0)
(1.5 1.54966e-13 0)
(1.5 1.94413e-13 0)
(1.5 1.52563e-13 0)
(1.5 2.09893e-13 0)
(1.5 1.35963e-13 0)
(1.5 5.66081e-14 0)
(1.5 -6.13034e-14 0)
(1.5 -1.25037e-13 0)
(1.5 -8.74042e-14 0)
(1.5 1.2471e-14 0)
(1.5 1.30687e-13 0)
(1.5 2.34451e-13 0)
(1.5 2.65262e-13 0)
(1.5 1.85255e-13 0)
(1.5 1.63829e-13 0)
(1.5 2.77969e-13 0)
(1.5 4.08884e-13 0)
(1.5 5.11019e-13 0)
(1.5 5.89519e-13 0)
(1.5 5.73275e-13 0)
(1.5 4.94039e-13 0)
(1.5 3.65719e-13 0)
(1.5 2.63866e-13 0)
(1.5 1.53252e-13 0)
(1.5 -4.77019e-14 0)
(1.5 -5.59664e-14 0)
(1.5 -1.47785e-13 0)
(1.5 -2.68113e-13 0)
(1.5 -2.63868e-13 0)
(1.5 -2.10283e-13 0)
(1.5 -5.68614e-14 0)
(1.5 2.38251e-14 0)
(1.5 9.19499e-14 0)
(1.5 1.02322e-13 0)
(1.5 1.01871e-13 0)
(1.5 1.03469e-13 0)
(1.5 1.24988e-13 0)
(1.5 9.71795e-14 0)
(1.5 5.64697e-14 0)
(1.5 3.81381e-14 0)
(1.5 -7.66762e-14 0)
(1.5 -1.13894e-13 0)
(1.5 -1.44163e-13 0)
(1.5 -1.88191e-13 0)
(1.5 -2.33487e-13 0)
(1.5 -2.52556e-13 0)
(1.5 -3.50607e-13 0)
(1.5 -3.19101e-13 0)
(1.5 -2.19887e-13 0)
(1.5 -1.80298e-13 0)
(1.5 -1.07408e-13 0)
(1.5 -1.25989e-13 0)
(1.5 -2.14674e-13 0)
(1.5 -1.88902e-13 0)
(1.5 -2.28362e-13 0)
(1.5 -1.73154e-13 0)
(1.5 -2.17684e-13 0)
(1.5 -1.88336e-13 0)
(1.5 -1.97678e-13 0)
(1.5 -1.40459e-13 0)
(1.5 -6.42852e-14 0)
(1.5 1.90568e-14 0)
(1.5 1.17914e-13 0)
(1.5 5.72268e-14 0)
(1.5 4.28809e-14 0)
(1.5 3.66086e-14 0)
(1.5 4.86864e-14 0)
(1.5 -5.18611e-14 0)
(1.5 -1.19485e-13 0)
(1.5 -8.24403e-14 0)
(1.5 -4.16746e-14 0)
(1.5 4.43754e-15 0)
(1.5 3.84897e-14 0)
(1.5 7.27368e-14 0)
(1.5 2.45765e-14 0)
(1.5 -3.4984e-14 0)
(1.5 -3.53257e-14 0)
(1.5 -4.44121e-14 0)
(1.5 -8.82134e-14 0)
(1.5 -7.78474e-14 0)
(1.5 -9.47337e-14 0)
(1.5 -1.9522e-13 0)
(1.5 -2.26213e-13 0)
(1.5 -2.07765e-13 0)
(1.5 -2.23046e-13 0)
(1.5 -2.09585e-13 0)
(1.5 -8.56072e-14 0)
(1.5 -7.71127e-15 0)
(1.5 2.43894e-14 0)
(1.5 8.04805e-14 0)
(1.5 6.74171e-14 0)
(1.5 -3.86515e-15 0)
(1.5 -5.38033e-14 0)
(1.5 -5.26204e-14 0)
(1.5 -3.67943e-14 0)
(1.5 -4.10412e-14 0)
(1.5 -1.64144e-13 0)
(1.5 -1.47104e-13 0)
(1.5 -8.8803e-14 0)
(1.5 -5.03198e-14 0)
(1.5 -2.33538e-14 0)
(1.5 2.99771e-14 0)
(1.5 -1.88407e-14 0)
(1.5 -1.33263e-13 0)
(1.5 -2.74042e-13 0)
(1.5 -2.99991e-13 0)
(1.5 -3.39912e-13 0)
(1.5 -3.73889e-13 0)
(1.5 -3.19153e-13 0)
(1.5 -2.44926e-13 0)
(1.5 -2.13332e-13 0)
(1.5 -1.45148e-13 0)
(1.5 -2.4371e-13 0)
(1.5 -4.0269e-13 0)
(1.5 -4.89844e-13 0)
(1.5 -4.40617e-13 0)
(1.5 -3.78451e-13 0)
(1.5 -3.36851e-13 0)
(1.5 -3.42561e-13 0)
(1.5 -3.04277e-13 0)
(1.5 -2.18098e-13 0)
(1.5 -1.81865e-13 0)
(1.5 -1.22611e-13 0)
(1.5 -9.46407e-14 0)
(1.5 -6.43024e-14 0)
(1.5 7.58073e-15 0)
(1.5 -1.88875e-14 0)
(1.5 2.37806e-14 0)
(1.5 1.21644e-13 0)
(1.5 1.67683e-13 0)
(1.5 1.28353e-13 0)
(1.5 1.34448e-14 0)
(1.5 -3.2057e-14 0)
(1.5 2.19042e-14 0)
(1.5 1.32368e-13 0)
(1.5 1.47064e-13 0)
(1.5 6.44391e-14 0)
(1.5 2.0429e-14 0)
(1.5 2.65641e-14 0)
(1.5 -1.45822e-15 0)
(1.5 -4.68703e-14 0)
(1.5 -1.12135e-13 0)
(1.5 -3.71291e-14 0)
(1.5 2.54594e-14 0)
(1.5 5.82884e-14 0)
(1.5 2.78349e-14 0)
(1.5 2.21029e-14 0)
(1.5 1.63807e-13 0)
(1.5 3.36014e-13 0)
(1.5 3.60786e-13 0)
(1.5 3.02706e-13 0)
(1.5 2.84458e-13 0)
(1.5 1.83008e-13 0)
(1.5 2.81398e-14 0)
(1.5 -6.47159e-14 0)
(1.5 -6.49883e-14 0)
(1.5 4.38022e-14 0)
(1.5 1.27323e-13 0)
(1.5 1.24902e-13 0)
(1.5 1.32748e-13 0)
(1.5 1.62659e-13 0)
(1.5 1.38689e-13 0)
(1.5 1.28452e-13 0)
(1.5 9.39486e-15 0)
(1.5 -5.66163e-14 0)
(1.5 -3.48418e-14 0)
(1.5 3.43516e-14 0)
(1.5 9.16123e-15 0)
(1.5 1.0495e-13 0)
(1.5 8.92073e-14 0)
(1.5 1.06208e-13 0)
(1.5 2.29655e-13 0)
(1.5 3.04816e-13 0)
(1.5 3.86316e-13 0)
(1.5 3.44729e-13 0)
(1.5 2.43738e-13 0)
(1.5 1.60202e-13 0)
(1.5 1.63598e-13 0)
(1.5 3.21504e-13 0)
(1.5 2.92284e-13 0)
(1.5 1.4555e-13 0)
(1.5 1.54265e-13 0)
(1.5 1.10821e-13 0)
(1.5 2.04439e-13 0)
(1.5 1.84815e-13 0)
(1.5 1.15146e-13 0)
(1.5 7.89485e-14 0)
(1.5 3.45629e-14 0)
(1.5 -2.57657e-14 0)
(1.5 -5.99117e-14 0)
(1.5 -1.89664e-14 0)
(1.5 -7.00255e-14 0)
(1.5 -1.27712e-13 0)
(1.5 -1.53832e-13 0)
(1.5 -1.71542e-13 0)
(1.5 -6.60859e-14 0)
(1.5 4.88932e-14 0)
(1.5 7.982e-14 0)
(1.5 6.23272e-14 0)
(1.5 9.09384e-14 0)
(1.5 6.95809e-14 0)
(1.5 8.68214e-14 0)
(1.5 7.87636e-14 0)
(1.5 1.34469e-13 0)
(1.5 1.03274e-13 0)
(1.5 4.22713e-14 0)
(1.5 -1.26976e-13 0)
(1.5 -1.74394e-13 0)
(1.5 -4.27842e-14 0)
(1.5 6.13226e-14 0)
(1.5 1.3609e-13 0)
(1.5 2.21637e-13 0)
(1.5 2.03381e-13 0)
(1.5 1.57507e-13 0)
(1.5 2.04968e-13 0)
(1.5 3.53181e-13 0)
(1.5 4.476e-13 0)
(1.5 4.43722e-13 0)
(1.5 4.01564e-13 0)
(1.5 2.94423e-13 0)
(1.5 2.15273e-13 0)
(1.5 7.31252e-14 0)
(1.5 5.6013e-14 0)
(1.5 2.37786e-14 0)
(1.5 2.07899e-14 0)
(1.5 5.6722e-14 0)
(1.5 4.20597e-14 0)
(1.5 -9.34469e-14 0)
(1.5 -1.06541e-13 0)
(1.5 -4.56172e-14 0)
(1.5 -3.61411e-14 0)
(1.5 8.65366e-16 0)
(1.5 9.27545e-14 0)
(1.5 2.40279e-13 0)
(1.5 1.41903e-13 0)
(1.5 5.82263e-14 0)
(1.5 9.40939e-15 0)
(1.5 -4.52718e-14 0)
(1.5 -9.98976e-14 0)
(1.5 -8.08177e-14 0)
(1.5 -7.31233e-14 0)
(1.5 -4.19179e-14 0)
(1.5 -3.49733e-14 0)
(1.5 -1.38256e-13 0)
(1.5 -2.01204e-13 0)
(1.5 -2.75136e-13 0)
(1.5 -2.83182e-13 0)
(1.5 -3.32505e-13 0)
(1.5 -3.22372e-13 0)
(1.5 -3.11249e-13 0)
(1.5 -2.96449e-13 0)
(1.5 -1.80629e-13 0)
(1.5 -2.54085e-13 0)
(1.5 -2.32232e-13 0)
(1.5 -2.02866e-13 0)
(1.5 -9.62688e-14 0)
(1.5 -1.24805e-13 0)
(1.5 -1.2663e-13 0)
(1.5 -1.71767e-13 0)
(1.5 -1.55867e-13 0)
(1.5 -9.33323e-14 0)
(1.5 -1.01625e-13 0)
(1.5 2.47341e-14 0)
(1.5 2.82018e-14 0)
(1.5 2.40328e-17 0)
(1.5 5.90387e-14 0)
(1.5 -1.43573e-14 0)
(1.5 -4.98304e-14 0)
(1.5 -5.77539e-14 0)
(1.5 1.92286e-14 0)
(1.5 -5.08725e-14 0)
(1.5 -3.11612e-14 0)
(1.5 5.99593e-14 0)
(1.5 5.67365e-14 0)
(1.5 -3.93816e-14 0)
(1.5 -5.59667e-14 0)
(1.5 -5.86772e-14 0)
(1.5 -1.76039e-13 0)
(1.5 -1.51863e-13 0)
(1.5 -1.16084e-13 0)
(1.5 -1.03652e-13 0)
(1.5 -1.95569e-13 0)
(1.5 -1.47779e-13 0)
(1.5 -9.36091e-14 0)
(1.5 -1.66625e-13 0)
(1.5 -1.27758e-13 0)
(1.5 -8.95946e-14 0)
(1.5 4.20748e-14 0)
(1.5 1.25084e-13 0)
(1.5 1.27666e-13 0)
(1.5 1.08701e-13 0)
(1.5 1.49023e-14 0)
(1.5 -3.16751e-14 0)
(1.5 -4.16667e-14 0)
(1.5 -1.27755e-13 0)
(1.5 -2.22024e-13 0)
(1.5 -1.4355e-13 0)
(1.5 -1.73452e-13 0)
(1.5 -1.62805e-13 0)
(1.5 -1.40896e-13 0)
(1.5 -1.70925e-13 0)
(1.5 -8.89791e-14 0)
(1.5 -2.07742e-13 0)
(1.5 -3.29193e-13 0)
(1.5 -4.22667e-13 0)
(1.5 -4.71886e-13 0)
(1.5 -4.2786e-13 0)
(1.5 -3.95164e-13 0)
(1.5 -2.94274e-13 0)
(1.5 -2.39948e-13 0)
(1.5 -2.2806e-13 0)
(1.5 -1.78602e-13 0)
(1.5 -2.68523e-13 0)
(1.5 -3.79798e-13 0)
(1.5 -4.23612e-13 0)
(1.5 -3.93455e-13 0)
(1.5 -3.87327e-13 0)
(1.5 -3.64383e-13 0)
(1.5 -3.50161e-13 0)
(1.5 -2.94499e-13 0)
(1.5 -1.50872e-13 0)
(1.5 -7.27596e-15 0)
(1.5 2.88924e-15 0)
(1.5 -1.69359e-14 0)
(1.5 8.07761e-14 0)
(1.5 1.67883e-13 0)
(1.5 1.91354e-13 0)
(1.5 2.03256e-13 0)
(1.5 1.84527e-13 0)
(1.5 1.0151e-13 0)
(1.5 2.05242e-14 0)
(1.5 2.80146e-14 0)
(1.5 8.48543e-14 0)
(1.5 1.1761e-13 0)
(1.5 1.11628e-13 0)
(1.5 7.97785e-14 0)
(1.5 1.56427e-13 0)
(1.5 1.51214e-13 0)
(1.5 3.66817e-14 0)
(1.5 2.24347e-14 0)
(1.5 1.08994e-13 0)
(1.5 9.07881e-14 0)
(1.5 1.25771e-13 0)
(1.5 6.11146e-14 0)
(1.5 5.49903e-14 0)
(1.5 6.32569e-14 0)
(1.5 1.68381e-13 0)
(1.5 2.6609e-13 0)
(1.5 3.33591e-13 0)
(1.5 3.31619e-13 0)
(1.5 3.04667e-13 0)
(1.5 3.77153e-13 0)
(1.5 3.44819e-13 0)
(1.5 1.70062e-13 0)
(1.5 2.17892e-14 0)
(1.5 -1.68969e-14 0)
(1.5 -3.30267e-14 0)
(1.5 -4.10061e-14 0)
(1.5 -3.86653e-15 0)
(1.5 -2.08597e-14 0)
(1.5 6.10038e-14 0)
(1.5 4.92511e-14 0)
(1.5 4.82486e-14 0)
(1.5 -8.24011e-15 0)
(1.5 -2.37034e-14 0)
(1.5 -1.13685e-14 0)
(1.5 -3.87011e-14 0)
(1.5 -9.27169e-14 0)
(1.5 -8.33745e-14 0)
(1.5 -2.17119e-14 0)
(1.5 6.32232e-14 0)
(1.5 1.42264e-13 0)
(1.5 2.61441e-13 0)
(1.5 2.62679e-13 0)
(1.5 1.17356e-13 0)
(1.5 1.09924e-13 0)
(1.5 5.27153e-14 0)
(1.5 3.52975e-14 0)
(1.5 1.82615e-13 0)
(1.5 2.3033e-13 0)
(1.5 1.81278e-13 0)
(1.5 8.63752e-14 0)
(1.5 5.53277e-14 0)
(1.5 1.68726e-13 0)
(1.5 1.53847e-13 0)
(1.5 1.05663e-13 0)
(1.5 3.53537e-14 0)
(1.5 1.15568e-15 0)
(1.5 -4.34401e-15 0)
(1.5 -6.23459e-14 0)
(1.5 -8.45079e-14 0)
(1.5 -2.37086e-14 0)
(1.5 -6.60718e-14 0)
(1.5 -1.20242e-13 0)
(1.5 -1.37653e-13 0)
(1.5 -8.83292e-14 0)
(1.5 2.01792e-14 0)
(1.5 5.23529e-14 0)
(1.5 8.59411e-14 0)
(1.5 9.24044e-14 0)
(1.5 3.40489e-14 0)
(1.5 -2.46021e-14 0)
(1.5 -5.36509e-14 0)
(1.5 -5.91343e-14 0)
(1.5 -6.62376e-14 0)
(1.5 -6.41773e-14 0)
(1.5 -1.52843e-13 0)
(1.5 -2.12767e-13 0)
(1.5 -1.44172e-13 0)
(1.5 -8.14451e-14 0)
(1.5 5.25457e-14 0)
(1.5 1.199e-13 0)
(1.5 8.97291e-14 0)
(1.5 1.40348e-13 0)
(1.5 2.6268e-13 0)
(1.5 3.73e-13 0)
(1.5 4.11827e-13 0)
(1.5 3.9029e-13 0)
(1.5 2.87473e-13 0)
(1.5 1.12458e-13 0)
(1.5 1.86354e-14 0)
(1.5 -4.77264e-15 0)
(1.5 -3.3243e-14 0)
(1.5 -3.46991e-14 0)
(1.5 7.41801e-15 0)
(1.5 1.199e-14 0)
(1.5 6.26211e-14 0)
(1.5 -5.44433e-14 0)
(1.5 -9.6626e-14 0)
(1.5 5.68889e-14 0)
(1.5 5.91635e-14 0)
(1.5 1.00772e-13 0)
(1.5 2.38998e-13 0)
(1.5 4.13065e-13 0)
(1.5 3.28732e-13 0)
(1.5 1.29017e-13 0)
(1.5 -3.60273e-14 0)
(1.5 -9.06865e-14 0)
(1.5 -6.5526e-14 0)
(1.5 -4.72256e-14 0)
(1.5 -3.65541e-14 0)
(1.5 -1.12624e-14 0)
(1.5 -2.1444e-14 0)
(1.5 -8.60473e-14 0)
(1.5 -1.53089e-13 0)
(1.5 -2.1987e-13 0)
(1.5 -2.18679e-13 0)
(1.5 -2.50109e-13 0)
(1.5 -2.72675e-13 0)
(1.5 -2.30667e-13 0)
(1.5 -2.66838e-13 0)
(1.5 -1.37038e-13 0)
(1.5 -1.24273e-13 0)
(1.5 -1.30587e-13 0)
(1.5 -7.06726e-14 0)
(1.5 2.04731e-15 0)
(1.5 -3.4562e-14 0)
(1.5 -4.56614e-14 0)
(1.5 -6.44804e-14 0)
(1.5 -7.23327e-14 0)
(1.5 -5.10471e-14 0)
(1.5 -1.00087e-13 0)
(1.5 -4.46587e-14 0)
(1.5 -5.38875e-15 0)
(1.5 4.28378e-14 0)
(1.5 9.63413e-14 0)
(1.5 -1.48375e-14 0)
(1.5 -1.23402e-14 0)
(1.5 1.62299e-14 0)
(1.5 3.29808e-14 0)
(1.5 -8.38851e-16 0)
(1.5 1.1428e-14 0)
(1.5 5.96316e-14 0)
(1.5 -7.66298e-15 0)
(1.5 -1.23668e-13 0)
(1.5 -1.2008e-13 0)
(1.5 -1.96714e-13 0)
(1.5 -2.91165e-13 0)
(1.5 -1.91229e-13 0)
(1.5 -1.87463e-13 0)
(1.5 -1.14479e-13 0)
(1.5 -6.1379e-14 0)
(1.5 1.86234e-14 0)
(1.5 4.26256e-14 0)
(1.5 2.02312e-14 0)
(1.5 7.18664e-14 0)
(1.5 2.74802e-16 0)
(1.5 5.21007e-14 0)
(1.5 1.20406e-13 0)
(1.5 9.98961e-14 0)
(1.5 1.3046e-13 0)
(1.5 8.06765e-14 0)
(1.5 4.37391e-14 0)
(1.5 -5.06713e-14 0)
(1.5 -1.86901e-13 0)
(1.5 -2.84885e-13 0)
(1.5 -1.3339e-13 0)
(1.5 -1.54848e-13 0)
(1.5 -1.32369e-13 0)
(1.5 -1.24972e-13 0)
(1.5 -1.88502e-13 0)
(1.5 -2.35068e-13 0)
(1.5 -3.31232e-13 0)
(1.5 -3.92748e-13 0)
(1.5 -4.27435e-13 0)
(1.5 -5.06594e-13 0)
(1.5 -4.08775e-13 0)
(1.5 -3.60323e-13 0)
(1.5 -2.38064e-13 0)
(1.5 -1.39464e-13 0)
(1.5 -1.58581e-13 0)
(1.5 -2.30908e-13 0)
(1.5 -2.41798e-13 0)
(1.5 -2.89506e-13 0)
(1.5 -2.78794e-13 0)
(1.5 -2.48019e-13 0)
(1.5 -2.09943e-13 0)
(1.5 -1.95198e-13 0)
(1.5 -1.77335e-13 0)
(1.5 -1.7596e-13 0)
(1.5 -1.24079e-13 0)
(1.5 5.50385e-14 0)
(1.5 2.02367e-14 0)
(1.5 2.42434e-15 0)
(1.5 1.40182e-13 0)
(1.5 2.11852e-13 0)
(1.5 2.685e-13 0)
(1.5 2.18054e-13 0)
(1.5 1.57261e-13 0)
(1.5 8.03505e-14 0)
(1.5 7.39172e-14 0)
(1.5 1.80613e-13 0)
(1.5 3.3691e-13 0)
(1.5 3.46472e-13 0)
(1.5 1.8745e-13 0)
(1.5 3.63455e-14 0)
(1.5 1.05428e-13 0)
(1.5 1.22915e-13 0)
(1.5 4.59664e-14 0)
(1.5 6.51039e-15 0)
(1.5 8.16775e-14 0)
(1.5 1.16322e-13 0)
(1.5 1.75917e-13 0)
(1.5 1.34467e-13 0)
(1.5 1.55094e-13 0)
(1.5 2.05496e-13 0)
(1.5 3.25376e-13 0)
(1.5 3.44939e-13 0)
(1.5 2.96657e-13 0)
(1.5 2.97178e-13 0)
(1.5 3.10454e-13 0)
(1.5 3.82377e-13 0)
(1.5 4.26709e-13 0)
(1.5 3.30929e-13 0)
(1.5 2.52407e-13 0)
(1.5 7.19533e-14 0)
(1.5 -1.36915e-13 0)
(1.5 -1.79114e-13 0)
(1.5 -5.82161e-14 0)
(1.5 -6.36037e-14 0)
(1.5 4.5577e-14 0)
(1.5 3.0542e-14 0)
(1.5 4.23231e-14 0)
(1.5 1.19056e-13 0)
(1.5 1.87709e-13 0)
(1.5 5.45686e-14 0)
(1.5 -8.41997e-14 0)
(1.5 -4.56775e-14 0)
(1.5 -1.45856e-14 0)
(1.5 1.181e-13 0)
(1.5 1.56793e-13 0)
(1.5 1.47179e-13 0)
(1.5 1.9644e-13 0)
(1.5 1.47871e-13 0)
(1.5 4.41314e-14 0)
(1.5 8.51642e-14 0)
(1.5 9.571e-14 0)
(1.5 3.74789e-14 0)
(1.5 8.56918e-14 0)
(1.5 2.18286e-13 0)
(1.5 2.66233e-13 0)
(1.5 1.04164e-13 0)
(1.5 3.58096e-15 0)
(1.5 7.18447e-14 0)
(1.5 1.41797e-13 0)
(1.5 1.09989e-13 0)
(1.5 1.94057e-14 0)
(1.5 4.06536e-14 0)
(1.5 1.39676e-13 0)
(1.5 9.07973e-14 0)
(1.5 -2.48557e-14 0)
(1.5 2.72036e-14 0)
(1.5 -6.12379e-14 0)
(1.5 -7.49053e-15 0)
(1.5 7.80123e-14 0)
(1.5 1.48003e-16 0)
(1.5 3.16749e-14 0)
(1.5 1.19116e-13 0)
(1.5 2.3205e-13 0)
(1.5 1.76731e-13 0)
(1.5 1.0061e-13 0)
(1.5 -4.97093e-15 0)
(1.5 -6.45653e-14 0)
(1.5 -6.06761e-14 0)
(1.5 -9.96841e-14 0)
(1.5 -8.21048e-14 0)
(1.5 -7.61927e-14 0)
(1.5 -1.3846e-13 0)
(1.5 -7.67857e-14 0)
(1.5 -1.22592e-13 0)
(1.5 -4.66292e-14 0)
(1.5 5.95567e-14 0)
(1.5 1.47471e-13 0)
(1.5 3.89621e-13 0)
(1.5 5.21515e-13 0)
(1.5 5.2984e-13 0)
(1.5 3.81397e-13 0)
(1.5 2.54021e-13 0)
(1.5 1.55124e-13 0)
(1.5 5.83e-14 0)
(1.5 -4.71775e-14 0)
(1.5 -6.92991e-14 0)
(1.5 -1.84615e-13 0)
(1.5 -1.74977e-13 0)
(1.5 -2.24612e-14 0)
(1.5 -7.13443e-15 0)
(1.5 3.76221e-14 0)
(1.5 4.8822e-14 0)
(1.5 5.21044e-14 0)
(1.5 7.81752e-14 0)
(1.5 5.31928e-14 0)
(1.5 8.63043e-14 0)
(1.5 2.21653e-13 0)
(1.5 3.77277e-13 0)
(1.5 3.59282e-13 0)
(1.5 1.86753e-13 0)
(1.5 2.24109e-14 0)
(1.5 -8.97629e-14 0)
(1.5 -5.24947e-14 0)
(1.5 -5.87602e-14 0)
(1.5 -7.48207e-14 0)
(1.5 -1.03465e-13 0)
(1.5 -1.35123e-13 0)
(1.5 -1.61111e-13 0)
(1.5 -1.66384e-13 0)
(1.5 -1.91485e-13 0)
(1.5 -2.04084e-13 0)
(1.5 -2.30031e-13 0)
(1.5 -2.89928e-13 0)
(1.5 -2.67609e-13 0)
(1.5 -2.13442e-13 0)
(1.5 -1.43623e-13 0)
(1.5 -6.61115e-14 0)
(1.5 -6.28982e-14 0)
(1.5 -4.22962e-14 0)
(1.5 -3.35623e-14 0)
(1.5 -2.50372e-14 0)
(1.5 -7.931e-14 0)
(1.5 -6.1208e-14 0)
(1.5 -4.02654e-14 0)
(1.5 -6.13612e-14 0)
(1.5 -3.24478e-14 0)
(1.5 -3.60939e-14 0)
(1.5 -5.5748e-14 0)
(1.5 7.71821e-15 0)
(1.5 1.70369e-14 0)
(1.5 -3.25157e-14 0)
(1.5 -4.33572e-14 0)
(1.5 6.2568e-15 0)
(1.5 4.94021e-15 0)
(1.5 2.48003e-14 0)
(1.5 -1.58497e-14 0)
(1.5 -7.08418e-14 0)
(1.5 -1.1149e-13 0)
(1.5 -1.62631e-13 0)
(1.5 -2.29181e-13 0)
(1.5 -3.29149e-13 0)
(1.5 -3.41756e-13 0)
(1.5 -2.35159e-13 0)
(1.5 -1.70457e-13 0)
(1.5 -9.08193e-14 0)
(1.5 5.27902e-14 0)
(1.5 6.81495e-14 0)
(1.5 2.87419e-14 0)
(1.5 1.04617e-13 0)
(1.5 1.38959e-13 0)
(1.5 1.08714e-13 0)
(1.5 5.82118e-14 0)
(1.5 1.16437e-13 0)
(1.5 7.8506e-14 0)
(1.5 6.68635e-14 0)
(1.5 4.30565e-14 0)
(1.5 3.67889e-16 0)
(1.5 -8.11368e-14 0)
(1.5 -1.57201e-13 0)
(1.5 -1.75628e-13 0)
(1.5 -1.57543e-13 0)
(1.5 -1.80325e-13 0)
(1.5 -2.09386e-13 0)
(1.5 -2.5222e-13 0)
(1.5 -3.05931e-13 0)
(1.5 -3.87462e-13 0)
(1.5 -3.77926e-13 0)
(1.5 -3.44472e-13 0)
(1.5 -3.75891e-13 0)
(1.5 -3.91357e-13 0)
(1.5 -3.19846e-13 0)
(1.5 -2.08857e-13 0)
(1.5 -1.83478e-13 0)
(1.5 -1.68511e-13 0)
(1.5 -1.72708e-13 0)
(1.5 -2.98189e-13 0)
(1.5 -3.53227e-13 0)
(1.5 -3.91687e-13 0)
(1.5 -2.95602e-13 0)
(1.5 -2.27283e-13 0)
(1.5 -1.64964e-13 0)
(1.5 -7.62408e-14 0)
(1.5 -2.65e-14 0)
(1.5 5.72056e-14 0)
(1.5 1.31947e-13 0)
(1.5 1.86271e-13 0)
(1.5 1.2843e-13 0)
(1.5 2.24509e-14 0)
(1.5 8.71833e-14 0)
(1.5 1.87766e-13 0)
(1.5 2.31508e-13 0)
(1.5 1.76395e-13 0)
(1.5 1.07981e-13 0)
(1.5 8.53938e-14 0)
(1.5 1.60287e-13 0)
(1.5 3.05179e-13 0)
(1.5 4.40929e-13 0)
(1.5 4.53823e-13 0)
(1.5 2.448e-13 0)
(1.5 9.16796e-14 0)
(1.5 1.52199e-14 0)
(1.5 2.41651e-14 0)
(1.5 4.05866e-14 0)
(1.5 -1.95309e-14 0)
(1.5 8.7182e-15 0)
(1.5 1.63605e-13 0)
(1.5 3.20518e-13 0)
(1.5 3.27032e-13 0)
(1.5 3.28728e-13 0)
(1.5 4.4359e-13 0)
(1.5 5.10166e-13 0)
(1.5 4.67571e-13 0)
(1.5 3.99518e-13 0)
(1.5 3.16314e-13 0)
(1.5 3.59074e-13 0)
(1.5 3.48459e-13 0)
(1.5 3.02086e-13 0)
(1.5 3.18337e-13 0)
(1.5 2.88355e-13 0)
(1.5 9.09689e-14 0)
(1.5 -4.80948e-14 0)
(1.5 -5.75491e-14 0)
(1.5 3.91485e-15 0)
(1.5 -2.9258e-14 0)
(1.5 1.57149e-15 0)
(1.5 1.28633e-14 0)
(1.5 4.57416e-14 0)
(1.5 1.92713e-13 0)
(1.5 2.24174e-13 0)
(1.5 4.99589e-14 0)
(1.5 -9.8165e-14 0)
(1.5 -4.72009e-14 0)
(1.5 5.96775e-14 0)
(1.5 2.13481e-13 0)
(1.5 2.08681e-13 0)
(1.5 1.47629e-13 0)
(1.5 6.56385e-14 0)
(1.5 1.33139e-14 0)
(1.5 6.37241e-14 0)
(1.5 1.49022e-13 0)
(1.5 2.15502e-13 0)
(1.5 1.51918e-13 0)
(1.5 1.27363e-13 0)
(1.5 1.43949e-13 0)
(1.5 1.16501e-13 0)
(1.5 2.66707e-14 0)
(1.5 -1.82061e-14 0)
(1.5 5.00675e-14 0)
(1.5 1.07608e-13 0)
(1.5 1.03831e-13 0)
(1.5 8.15378e-14 0)
(1.5 1.12912e-13 0)
(1.5 1.33392e-13 0)
(1.5 7.22977e-14 0)
(1.5 -7.56891e-14 0)
(1.5 5.26287e-15 0)
(1.5 9.85048e-15 0)
(1.5 7.00214e-14 0)
(1.5 1.64426e-13 0)
(1.5 1.12847e-13 0)
(1.5 7.64166e-14 0)
(1.5 1.14773e-13 0)
(1.5 2.15006e-13 0)
(1.5 1.56959e-13 0)
(1.5 1.64122e-13 0)
(1.5 1.27653e-13 0)
(1.5 9.65253e-14 0)
(1.5 5.96434e-14 0)
(1.5 -4.38015e-14 0)
(1.5 -2.77029e-14 0)
(1.5 2.80292e-14 0)
(1.5 3.76629e-15 0)
(1.5 2.89733e-14 0)
(1.5 4.43337e-14 0)
(1.5 5.45611e-14 0)
(1.5 1.42945e-13 0)
(1.5 3.41111e-13 0)
(1.5 6.00776e-13 0)
(1.5 6.50673e-13 0)
(1.5 5.42639e-13 0)
(1.5 3.00146e-13 0)
(1.5 1.16641e-13 0)
(1.5 -8.22536e-15 0)
(1.5 -5.25895e-14 0)
(1.5 -7.44206e-14 0)
(1.5 -2.12077e-13 0)
(1.5 -3.05101e-13 0)
(1.5 -2.95858e-13 0)
(1.5 -2.26456e-14 0)
(1.5 -5.11012e-14 0)
(1.5 -7.50495e-14 0)
(1.5 9.13296e-14 0)
(1.5 2.62264e-13 0)
(1.5 1.5838e-13 0)
(1.5 1.92489e-14 0)
(1.5 5.53022e-14 0)
(1.5 3.4027e-14 0)
(1.5 5.82893e-14 0)
(1.5 1.29055e-13 0)
(1.5 1.05135e-13 0)
(1.5 9.39119e-14 0)
(1.5 -4.28029e-14 0)
(1.5 -1.12994e-13 0)
(1.5 -1.8765e-13 0)
(1.5 -1.72536e-13 0)
(1.5 -1.72591e-13 0)
(1.5 -2.09234e-13 0)
(1.5 -2.69709e-13 0)
(1.5 -2.99735e-13 0)
(1.5 -2.65806e-13 0)
(1.5 -1.74004e-13 0)
(1.5 -2.12534e-13 0)
(1.5 -2.93562e-13 0)
(1.5 -3.53542e-13 0)
(1.5 -3.16788e-13 0)
(1.5 -2.85983e-13 0)
(1.5 -1.73235e-13 0)
(1.5 -1.28255e-13 0)
(1.5 -8.26352e-14 0)
(1.5 -9.36144e-14 0)
(1.5 -2.62838e-14 0)
(1.5 -1.03496e-13 0)
(1.5 -1.39961e-13 0)
(1.5 -1.29256e-13 0)
(1.5 -1.16242e-13 0)
(1.5 1.33933e-14 0)
(1.5 -5.89657e-14 0)
(1.5 -1.03127e-13 0)
(1.5 -9.14385e-14 0)
(1.5 -1.34462e-13 0)
(1.5 -9.49613e-14 0)
(1.5 -1.83277e-13 0)
(1.5 -1.13718e-13 0)
(1.5 -8.20093e-14 0)
(1.5 5.88116e-15 0)
(1.5 -1.09383e-13 0)
(1.5 -1.79257e-13 0)
(1.5 -2.87445e-13 0)
(1.5 -2.9109e-13 0)
(1.5 -2.79642e-13 0)
(1.5 -3.20367e-13 0)
(1.5 -2.79175e-13 0)
(1.5 -2.34193e-13 0)
(1.5 -9.84434e-14 0)
(1.5 -1.19788e-13 0)
(1.5 1.98625e-14 0)
(1.5 -2.33331e-14 0)
(1.5 -8.26166e-14 0)
(1.5 4.76675e-14 0)
(1.5 6.28709e-14 0)
(1.5 1.44584e-13 0)
(1.5 1.01107e-13 0)
(1.5 1.34279e-13 0)
(1.5 5.67559e-14 0)
(1.5 -5.17085e-14 0)
(1.5 -7.98738e-14 0)
(1.5 -9.69125e-14 0)
(1.5 -9.34421e-14 0)
(1.5 -1.33129e-13 0)
(1.5 -2.40341e-13 0)
(1.5 -2.92369e-13 0)
(1.5 -3.39286e-13 0)
(1.5 -4.48564e-13 0)
(1.5 -4.74666e-13 0)
(1.5 -4.82604e-13 0)
(1.5 -4.62525e-13 0)
(1.5 -4.00601e-13 0)
(1.5 -3.91811e-13 0)
(1.5 -3.93135e-13 0)
(1.5 -2.42409e-13 0)
(1.5 -2.1401e-13 0)
(1.5 -1.22141e-13 0)
(1.5 -1.59389e-13 0)
(1.5 -1.989e-13 0)
(1.5 -2.37671e-13 0)
(1.5 -3.43374e-13 0)
(1.5 -4.40911e-13 0)
(1.5 -5.00324e-13 0)
(1.5 -4.58031e-13 0)
(1.5 -3.19631e-13 0)
(1.5 -1.27557e-13 0)
(1.5 7.35699e-14 0)
(1.5 1.60822e-13 0)
(1.5 2.86554e-13 0)
(1.5 3.8404e-13 0)
(1.5 3.50006e-13 0)
(1.5 4.13302e-13 0)
(1.5 2.37165e-13 0)
(1.5 9.82304e-14 0)
(1.5 1.87122e-13 0)
(1.5 1.54458e-13 0)
(1.5 1.34896e-13 0)
(1.5 7.68136e-14 0)
(1.5 8.7763e-14 0)
(1.5 1.73933e-13 0)
(1.5 3.80419e-13 0)
(1.5 4.40075e-13 0)
(1.5 4.08476e-13 0)
(1.5 3.00515e-13 0)
(1.5 2.03755e-13 0)
(1.5 3.7027e-14 0)
(1.5 5.31619e-14 0)
(1.5 1.19349e-13 0)
(1.5 1.12482e-13 0)
(1.5 1.21363e-13 0)
(1.5 3.71368e-13 0)
(1.5 4.88072e-13 0)
(1.5 5.33474e-13 0)
(1.5 4.68514e-13 0)
(1.5 6.02492e-13 0)
(1.5 6.6199e-13 0)
(1.5 5.67379e-13 0)
(1.5 4.99368e-13 0)
(1.5 3.59061e-13 0)
(1.5 4.26788e-13 0)
(1.5 3.88996e-13 0)
(1.5 2.7916e-13 0)
(1.5 3.66558e-13 0)
(1.5 2.72494e-13 0)
(1.5 2.05076e-13 0)
(1.5 2.00081e-13 0)
(1.5 1.33327e-13 0)
(1.5 1.57922e-13 0)
(1.5 1.90274e-13 0)
(1.5 1.67504e-13 0)
(1.5 1.98573e-13 0)
(1.5 1.95763e-13 0)
(1.5 2.36101e-13 0)
(1.5 1.81817e-13 0)
(1.5 8.47587e-14 0)
(1.5 2.94098e-14 0)
(1.5 5.02631e-14 0)
(1.5 1.01288e-13 0)
(1.5 1.48356e-13 0)
(1.5 8.3127e-14 0)
(1.5 6.97377e-14 0)
(1.5 -9.58613e-15 0)
(1.5 8.20276e-15 0)
(1.5 5.41173e-14 0)
(1.5 6.76515e-14 0)
(1.5 1.1011e-13 0)
(1.5 1.8992e-13 0)
(1.5 2.24172e-13 0)
(1.5 9.86874e-14 0)
(1.5 -1.14163e-14 0)
(1.5 -3.0008e-14 0)
(1.5 3.29807e-15 0)
(1.5 7.41868e-14 0)
(1.5 1.23346e-13 0)
(1.5 1.55777e-13 0)
(1.5 2.26559e-13 0)
(1.5 3.09523e-13 0)
(1.5 1.93665e-13 0)
(1.5 8.68028e-14 0)
(1.5 1.43422e-14 0)
(1.5 9.09475e-14 0)
(1.5 1.77926e-13 0)
(1.5 1.10361e-13 0)
(1.5 1.01356e-13 0)
(1.5 1.13151e-13 0)
(1.5 1.10423e-13 0)
(1.5 1.18154e-13 0)
(1.5 1.91405e-13 0)
(1.5 2.1148e-13 0)
(1.5 1.91893e-13 0)
(1.5 1.9993e-13 0)
(1.5 1.92875e-13 0)
(1.5 8.57992e-14 0)
(1.5 4.66582e-14 0)
(1.5 1.2071e-13 0)
(1.5 1.76052e-13 0)
(1.5 2.3616e-13 0)
(1.5 2.29371e-13 0)
(1.5 3.37897e-13 0)
(1.5 3.13341e-13 0)
(1.5 3.25072e-13 0)
(1.5 4.27912e-13 0)
(1.5 5.39108e-13 0)
(1.5 5.43871e-13 0)
(1.5 3.94478e-13 0)
(1.5 2.49494e-13 0)
(1.5 4.86742e-14 0)
(1.5 -5.9244e-14 0)
(1.5 -1.6025e-13 0)
(1.5 -2.02507e-13 0)
(1.5 -3.0886e-13 0)
(1.5 -2.40089e-13 0)
(1.5 -1.91524e-13 0)
(1.5 -1.45408e-14 0)
(1.5 3.00946e-14 0)
(1.5 -7.97946e-15 0)
(1.5 7.10337e-14 0)
(1.5 2.2594e-13 0)
(1.5 1.61235e-13 0)
(1.5 1.38749e-14 0)
(1.5 1.96341e-14 0)
(1.5 -1.05742e-13 0)
(1.5 -1.23399e-13 0)
(1.5 -7.47341e-14 0)
(1.5 9.08591e-15 0)
(1.5 7.17092e-14 0)
(1.5 -2.15283e-14 0)
(1.5 -5.95632e-14 0)
(1.5 -1.6376e-13 0)
(1.5 -2.2214e-13 0)
(1.5 -1.67549e-13 0)
(1.5 -2.37404e-13 0)
(1.5 -2.63237e-13 0)
(1.5 -3.28754e-13 0)
(1.5 -3.11649e-13 0)
(1.5 -1.41222e-13 0)
(1.5 -1.74438e-13 0)
(1.5 -2.22666e-13 0)
(1.5 -2.94764e-13 0)
(1.5 -3.34082e-13 0)
(1.5 -3.00001e-13 0)
(1.5 -1.94653e-13 0)
(1.5 -1.84604e-13 0)
(1.5 -5.38971e-14 0)
(1.5 -6.55257e-14 0)
(1.5 -1.02571e-13 0)
(1.5 -1.03612e-13 0)
(1.5 -1.89845e-13 0)
(1.5 -2.00155e-13 0)
(1.5 -1.81158e-13 0)
(1.5 -5.29101e-14 0)
(1.5 -9.47466e-14 0)
(1.5 -1.46783e-13 0)
(1.5 -1.70857e-13 0)
(1.5 -2.10996e-13 0)
(1.5 -2.00321e-13 0)
(1.5 -2.41607e-13 0)
(1.5 -2.12523e-13 0)
(1.5 -1.95532e-13 0)
(1.5 -5.65153e-14 0)
(1.5 -1.56252e-13 0)
(1.5 -2.57828e-13 0)
(1.5 -3.76011e-13 0)
(1.5 -3.61388e-13 0)
(1.5 -3.11541e-13 0)
(1.5 -3.03162e-13 0)
(1.5 -1.97478e-13 0)
(1.5 -1.3133e-13 0)
(1.5 -1.84664e-14 0)
(1.5 -9.10622e-14 0)
(1.5 -4.90747e-14 0)
(1.5 -1.24582e-13 0)
(1.5 -1.61597e-13 0)
(1.5 -4.55885e-14 0)
(1.5 1.6809e-14 0)
(1.5 1.88971e-13 0)
(1.5 1.91182e-13 0)
(1.5 1.25411e-13 0)
(1.5 5.85617e-14 0)
(1.5 -7.03744e-14 0)
(1.5 -1.02525e-13 0)
(1.5 -7.05441e-14 0)
(1.5 3.06708e-15 0)
(1.5 -1.10828e-13 0)
(1.5 -3.3913e-13 0)
(1.5 -3.87253e-13 0)
(1.5 -4.35761e-13 0)
(1.5 -5.55845e-13 0)
(1.5 -5.51504e-13 0)
(1.5 -5.55834e-13 0)
(1.5 -4.7502e-13 0)
(1.5 -4.10421e-13 0)
(1.5 -4.37282e-13 0)
(1.5 -4.06e-13 0)
(1.5 -3.54867e-13 0)
(1.5 -2.88684e-13 0)
(1.5 -1.85505e-13 0)
(1.5 -2.21183e-13 0)
(1.5 -2.48364e-13 0)
(1.5 -3.20183e-13 0)
(1.5 -3.83656e-13 0)
(1.5 -3.99793e-13 0)
(1.5 -4.13928e-13 0)
(1.5 -4.56151e-13 0)
(1.5 -2.90999e-13 0)
(1.5 -4.46446e-14 0)
(1.5 1.10978e-13 0)
(1.5 1.56244e-13 0)
(1.5 2.51243e-13 0)
(1.5 3.37856e-13 0)
(1.5 3.21323e-13 0)
(1.5 4.69293e-13 0)
(1.5 3.9822e-13 0)
(1.5 2.81682e-13 0)
(1.5 2.84218e-13 0)
(1.5 2.29848e-13 0)
(1.5 1.7487e-13 0)
(1.5 1.20373e-13 0)
(1.5 1.66877e-13 0)
(1.5 2.26938e-13 0)
(1.5 3.89326e-13 0)
(1.5 4.9213e-13 0)
(1.5 4.93498e-13 0)
(1.5 3.96458e-13 0)
(1.5 2.61692e-13 0)
(1.5 1.22623e-13 0)
(1.5 2.04343e-13 0)
(1.5 2.75343e-13 0)
(1.5 3.41695e-13 0)
(1.5 4.33791e-13 0)
(1.5 6.08229e-13 0)
(1.5 6.46038e-13 0)
(1.5 6.60381e-13 0)
(1.5 5.87479e-13 0)
(1.5 6.00677e-13 0)
(1.5 6.08647e-13 0)
(1.5 5.62769e-13 0)
(1.5 5.42775e-13 0)
(1.5 4.7457e-13 0)
(1.5 4.46862e-13 0)
(1.5 3.63517e-13 0)
(1.5 2.71849e-13 0)
(1.5 3.11123e-13 0)
(1.5 2.60996e-13 0)
(1.5 3.47387e-13 0)
(1.5 3.94033e-13 0)
(1.5 2.5841e-13 0)
(1.5 1.87923e-13 0)
(1.5 3.01812e-13 0)
(1.5 2.9748e-13 0)
(1.5 3.70792e-13 0)
(1.5 3.17149e-13 0)
(1.5 1.86948e-13 0)
(1.5 6.53814e-14 0)
(1.5 7.59329e-14 0)
(1.5 1.77759e-13 0)
(1.5 1.7774e-13 0)
(1.5 1.75815e-13 0)
(1.5 8.30867e-14 0)
(1.5 -2.18654e-14 0)
(1.5 -4.46521e-14 0)
(1.5 -1.39784e-13 0)
(1.5 -1.10834e-13 0)
(1.5 -7.52141e-14 0)
(1.5 -8.52414e-14 0)
(1.5 -5.08396e-14 0)
(1.5 1.26787e-13 0)
(1.5 2.75778e-13 0)
(1.5 1.56897e-13 0)
(1.5 3.40327e-14 0)
(1.5 -2.56445e-15 0)
(1.5 2.5457e-14 0)
(1.5 6.58503e-14 0)
(1.5 4.93367e-14 0)
(1.5 1.20534e-13 0)
(1.5 2.97535e-13 0)
(1.5 3.83249e-13 0)
(1.5 3.00767e-13 0)
(1.5 2.14478e-13 0)
(1.5 2.4145e-13 0)
(1.5 2.724e-13 0)
(1.5 2.50371e-13 0)
(1.5 1.71499e-13 0)
(1.5 1.98831e-13 0)
(1.5 2.54179e-13 0)
(1.5 2.27022e-13 0)
(1.5 1.74838e-13 0)
(1.5 1.07222e-13 0)
(1.5 1.49982e-13 0)
(1.5 4.18278e-14 0)
(1.5 1.1637e-13 0)
(1.5 1.9413e-13 0)
(1.5 9.24385e-14 0)
(1.5 1.31611e-13 0)
(1.5 2.06051e-13 0)
(1.5 3.40773e-13 0)
(1.5 4.5253e-13 0)
(1.5 5.22828e-13 0)
(1.5 6.50837e-13 0)
(1.5 5.32074e-13 0)
(1.5 4.99722e-13 0)
(1.5 4.21642e-13 0)
(1.5 3.35476e-13 0)
(1.5 3.19548e-13 0)
(1.5 2.0529e-13 0)
(1.5 3.516e-14 0)
(1.5 -1.86587e-13 0)
(1.5 -2.4323e-13 0)
(1.5 -2.87514e-13 0)
(1.5 -4.06622e-13 0)
(1.5 -3.86141e-13 0)
(1.5 -1.86241e-13 0)
(1.5 -1.32559e-13 0)
(1.5 7.76408e-14 0)
(1.5 2.4197e-13 0)
(1.5 2.05919e-13 0)
(1.5 1.82407e-13 0)
(1.5 1.46715e-13 0)
(1.5 1.09028e-13 0)
(1.5 8.55815e-14 0)
(1.5 2.21242e-14 0)
(1.5 -8.82797e-14 0)
(1.5 -1.30287e-13 0)
(1.5 -2.33265e-13 0)
(1.5 -1.01288e-13 0)
(1.5 -9.4777e-14 0)
(1.5 -1.0736e-13 0)
(1.5 -7.13878e-14 0)
(1.5 -1.26547e-13 0)
(1.5 -2.04521e-13 0)
(1.5 -2.44453e-13 0)
(1.5 -3.01673e-13 0)
(1.5 -2.61223e-13 0)
(1.5 -3.46303e-13 0)
(1.5 -4.0876e-13 0)
(1.5 -2.03202e-13 0)
(1.5 -1.83878e-13 0)
(1.5 -2.6202e-13 0)
(1.5 -3.33444e-13 0)
(1.5 -3.41209e-13 0)
(1.5 -2.90824e-13 0)
(1.5 -2.30083e-13 0)
(1.5 -2.14064e-13 0)
(1.5 -1.06949e-13 0)
(1.5 -1.1441e-13 0)
(1.5 -2.23184e-13 0)
(1.5 -2.00535e-13 0)
(1.5 -2.19192e-13 0)
(1.5 -2.37948e-13 0)
(1.5 -2.38698e-13 0)
(1.5 -2.37904e-13 0)
(1.5 -2.28429e-13 0)
(1.5 -2.89135e-13 0)
(1.5 -3.03498e-13 0)
(1.5 -2.93142e-13 0)
(1.5 -3.81943e-13 0)
(1.5 -3.31373e-13 0)
(1.5 -3.17128e-13 0)
(1.5 -2.89343e-13 0)
(1.5 -2.40052e-13 0)
(1.5 -2.48727e-13 0)
(1.5 -3.39506e-13 0)
(1.5 -3.51542e-13 0)
(1.5 -3.00541e-13 0)
(1.5 -3.32067e-13 0)
(1.5 -3.10021e-13 0)
(1.5 -2.10895e-13 0)
(1.5 -1.02288e-13 0)
(1.5 -5.34643e-14 0)
(1.5 -7.56336e-14 0)
(1.5 -1.34148e-13 0)
(1.5 -1.68753e-13 0)
(1.5 -1.7359e-13 0)
(1.5 -1.69847e-13 0)
(1.5 -4.65414e-14 0)
(1.5 1.08241e-13 0)
(1.5 1.24969e-13 0)
(1.5 4.39283e-14 0)
(1.5 1.62438e-14 0)
(1.5 -4.42986e-14 0)
(1.5 -9.77954e-14 0)
(1.5 -5.79591e-14 0)
(1.5 3.75514e-15 0)
(1.5 -1.26125e-13 0)
(1.5 -2.84766e-13 0)
(1.5 -3.48221e-13 0)
(1.5 -3.41154e-13 0)
(1.5 -4.20132e-13 0)
(1.5 -4.31325e-13 0)
(1.5 -5.03916e-13 0)
(1.5 -4.85456e-13 0)
(1.5 -4.88936e-13 0)
(1.5 -4.69212e-13 0)
(1.5 -3.68326e-13 0)
(1.5 -4.30312e-13 0)
(1.5 -3.70051e-13 0)
(1.5 -2.78914e-13 0)
(1.5 -2.82558e-13 0)
(1.5 -3.54205e-13 0)
(1.5 -4.31987e-13 0)
(1.5 -4.18076e-13 0)
(1.5 -2.97159e-13 0)
(1.5 -2.59518e-13 0)
(1.5 -2.91805e-13 0)
(1.5 -1.87199e-13 0)
(1.5 -7.56775e-14 0)
(1.5 -1.32549e-14 0)
(1.5 7.9603e-14 0)
(1.5 1.00371e-13 0)
(1.5 2.35562e-13 0)
(1.5 2.43206e-13 0)
(1.5 3.26637e-13 0)
(1.5 3.41516e-13 0)
(1.5 2.78014e-13 0)
(1.5 2.11713e-13 0)
(1.5 1.66456e-13 0)
(1.5 1.36637e-13 0)
(1.5 1.32036e-13 0)
(1.5 1.58716e-13 0)
(1.5 2.60608e-13 0)
(1.5 3.18548e-13 0)
(1.5 4.53467e-13 0)
(1.5 4.60571e-13 0)
(1.5 3.15539e-13 0)
(1.5 1.64708e-13 0)
(1.5 9.81114e-14 0)
(1.5 1.59182e-13 0)
(1.5 3.332e-13 0)
(1.5 5.05699e-13 0)
(1.5 7.06969e-13 0)
(1.5 6.85013e-13 0)
(1.5 7.0026e-13 0)
(1.5 6.85733e-13 0)
(1.5 6.06744e-13 0)
(1.5 4.48678e-13 0)
(1.5 3.30195e-13 0)
(1.5 4.47511e-13 0)
(1.5 4.52331e-13 0)
(1.5 4.62229e-13 0)
(1.5 3.65055e-13 0)
(1.5 2.06779e-13 0)
(1.5 1.90761e-13 0)
(1.5 1.60823e-13 0)
(1.5 1.55224e-13 0)
(1.5 2.75565e-13 0)
(1.5 3.4735e-13 0)
(1.5 2.47827e-13 0)
(1.5 6.5354e-14 0)
(1.5 1.45145e-13 0)
(1.5 2.13904e-13 0)
(1.5 2.86589e-13 0)
(1.5 2.16117e-13 0)
(1.5 6.59422e-14 0)
(1.5 -3.32623e-14 0)
(1.5 9.95955e-15 0)
(1.5 1.70851e-13 0)
(1.5 1.95556e-13 0)
(1.5 1.62308e-13 0)
(1.5 5.29119e-14 0)
(1.5 -2.31314e-14 0)
(1.5 -1.48867e-13 0)
(1.5 -2.08162e-13 0)
(1.5 -2.5973e-13 0)
(1.5 -1.57555e-13 0)
(1.5 -1.19565e-13 0)
(1.5 -2.47655e-14 0)
(1.5 1.68884e-13 0)
(1.5 3.12514e-13 0)
(1.5 2.64556e-13 0)
(1.5 1.14857e-13 0)
(1.5 6.80313e-14 0)
(1.5 3.99281e-14 0)
(1.5 5.40539e-14 0)
(1.5 4.7667e-14 0)
(1.5 1.09701e-13 0)
(1.5 2.36038e-13 0)
(1.5 2.45344e-13 0)
(1.5 2.46434e-13 0)
(1.5 2.14347e-13 0)
(1.5 2.82659e-13 0)
(1.5 3.38579e-13 0)
(1.5 2.94658e-13 0)
(1.5 2.94905e-13 0)
(1.5 3.49562e-13 0)
(1.5 3.53697e-13 0)
(1.5 3.06381e-13 0)
(1.5 1.77547e-13 0)
(1.5 -7.69853e-15 0)
(1.5 3.28834e-14 0)
(1.5 -3.85185e-14 0)
(1.5 5.76575e-14 0)
(1.5 1.33309e-13 0)
(1.5 3.07154e-14 0)
(1.5 9.25583e-14 0)
(1.5 1.71889e-13 0)
(1.5 4.06578e-13 0)
(1.5 4.77822e-13 0)
(1.5 5.58327e-13 0)
(1.5 6.05121e-13 0)
(1.5 4.91525e-13 0)
(1.5 4.58362e-13 0)
(1.5 3.06884e-13 0)
(1.5 1.29226e-13 0)
(1.5 7.41394e-14 0)
(1.5 -2.89461e-14 0)
(1.5 -1.42105e-13 0)
(1.5 -2.58433e-13 0)
(1.5 -2.79935e-13 0)
(1.5 -2.90817e-13 0)
(1.5 -4.00097e-13 0)
(1.5 -3.14674e-13 0)
(1.5 -1.09369e-13 0)
(1.5 -9.38208e-14 0)
(1.5 9.88021e-14 0)
(1.5 2.38812e-13 0)
(1.5 2.04458e-13 0)
(1.5 2.25048e-13 0)
(1.5 1.31732e-13 0)
(1.5 1.31664e-13 0)
(1.5 1.50895e-13 0)
(1.5 7.05725e-14 0)
(1.5 3.84593e-14 0)
(1.5 -1.21002e-13 0)
(1.5 -1.96644e-13 0)
(1.5 -7.67331e-14 0)
(1.5 -1.01373e-13 0)
(1.5 -4.49389e-14 0)
(1.5 -3.59945e-14 0)
(1.5 -9.6378e-14 0)
(1.5 -1.89004e-13 0)
(1.5 -2.84938e-13 0)
(1.5 -2.62492e-13 0)
(1.5 -2.06682e-13 0)
(1.5 -2.64222e-13 0)
(1.5 -2.93849e-13 0)
(1.5 -1.73176e-13 0)
(1.5 -7.73931e-14 0)
(1.5 -1.01391e-13 0)
(1.5 -1.86101e-13 0)
(1.5 -2.43909e-13 0)
(1.5 -2.15039e-13 0)
(1.5 -2.27507e-13 0)
(1.5 -1.76382e-13 0)
(1.5 -1.54116e-13 0)
(1.5 -1.94092e-13 0)
(1.5 -2.19876e-13 0)
(1.5 -1.68314e-13 0)
(1.5 -1.05283e-13 0)
(1.5 -1.51737e-13 0)
(1.5 -1.99104e-13 0)
(1.5 -2.58432e-13 0)
(1.5 -3.28385e-13 0)
(1.5 -3.01107e-13 0)
(1.5 -2.70138e-13 0)
(1.5 -3.35206e-13 0)
(1.5 -3.84513e-13 0)
(1.5 -3.62102e-13 0)
(1.5 -3.24231e-13 0)
(1.5 -2.90157e-13 0)
(1.5 -3.2341e-13 0)
(1.5 -2.33111e-13 0)
(1.5 -2.13568e-13 0)
(1.5 -1.43482e-13 0)
(1.5 -3.81365e-14 0)
(1.5 -9.77927e-14 0)
(1.5 -9.48225e-14 0)
(1.5 -8.61434e-14 0)
(1.5 -3.56774e-14 0)
(1.5 -6.49623e-14 0)
(1.5 3.75316e-14 0)
(1.5 1.7084e-14 0)
(1.5 1.69967e-14 0)
(1.5 4.00601e-14 0)
(1.5 9.2514e-15 0)
(1.5 4.1629e-14 0)
(1.5 7.69785e-14 0)
(1.5 1.24369e-14 0)
(1.5 2.59901e-14 0)
(1.5 9.30943e-14 0)
(1.5 1.54996e-13 0)
(1.5 9.10846e-14 0)
(1.5 3.56534e-14 0)
(1.5 3.29856e-14 0)
(1.5 -5.7798e-14 0)
(1.5 -1.08704e-13 0)
(1.5 -1.60985e-13 0)
(1.5 -2.02524e-13 0)
(1.5 -2.36794e-13 0)
(1.5 -2.64956e-13 0)
(1.5 -3.25767e-13 0)
(1.5 -4.02173e-13 0)
(1.5 -3.81703e-13 0)
(1.5 -3.38306e-13 0)
(1.5 -2.7027e-13 0)
(1.5 -2.97775e-13 0)
(1.5 -2.46655e-13 0)
(1.5 -2.2392e-13 0)
(1.5 -2.69131e-13 0)
(1.5 -4.18561e-13 0)
(1.5 -4.89532e-13 0)
(1.5 -4.50959e-13 0)
(1.5 -2.22752e-13 0)
(1.5 -9.68389e-14 0)
(1.5 -3.52116e-14 0)
(1.5 1.42683e-14 0)
(1.5 -1.53546e-14 0)
(1.5 4.56621e-14 0)
(1.5 9.34753e-14 0)
(1.5 8.79073e-14 0)
(1.5 2.49788e-13 0)
(1.5 3.36097e-13 0)
(1.5 3.01407e-13 0)
(1.5 2.82126e-13 0)
(1.5 1.95946e-13 0)
(1.5 1.44234e-13 0)
(1.5 1.26332e-13 0)
(1.5 1.28931e-13 0)
(1.5 1.8039e-13 0)
(1.5 1.89818e-13 0)
(1.5 3.3215e-13 0)
(1.5 3.96028e-13 0)
(1.5 4.6351e-13 0)
(1.5 3.92923e-13 0)
(1.5 2.68993e-13 0)
(1.5 1.3165e-13 0)
(1.5 1.68447e-13 0)
(1.5 9.66776e-14 0)
(1.5 2.89057e-13 0)
(1.5 4.99534e-13 0)
(1.5 5.87882e-13 0)
(1.5 4.77513e-13 0)
(1.5 5.35807e-13 0)
(1.5 6.01981e-13 0)
(1.5 4.82996e-13 0)
(1.5 3.44571e-13 0)
(1.5 2.11131e-13 0)
(1.5 3.04816e-13 0)
(1.5 3.45291e-13 0)
(1.5 3.40738e-13 0)
(1.5 2.43726e-13 0)
(1.5 1.46767e-13 0)
(1.5 1.63227e-13 0)
(1.5 1.37977e-13 0)
(1.5 1.77759e-13 0)
(1.5 2.5988e-13 0)
(1.5 2.97643e-13 0)
(1.5 2.08331e-13 0)
(1.5 4.32989e-14 0)
(1.5 5.32909e-14 0)
(1.5 1.23611e-13 0)
(1.5 1.6654e-13 0)
(1.5 1.68091e-13 0)
(1.5 2.8592e-14 0)
(1.5 -2.52589e-14 0)
(1.5 -8.55956e-14 0)
(1.5 2.5629e-14 0)
(1.5 1.11772e-13 0)
(1.5 9.25988e-14 0)
(1.5 2.68742e-14 0)
(1.5 -3.43431e-14 0)
(1.5 -1.54819e-13 0)
(1.5 -1.92855e-13 0)
(1.5 -2.94657e-13 0)
(1.5 -2.55088e-13 0)
(1.5 -2.59367e-13 0)
(1.5 -6.37512e-14 0)
(1.5 5.53101e-14 0)
(1.5 1.52632e-13 0)
(1.5 2.72888e-13 0)
(1.5 2.23139e-13 0)
(1.5 1.79968e-13 0)
(1.5 1.64023e-13 0)
(1.5 1.76599e-13 0)
(1.5 2.15271e-13 0)
(1.5 1.92889e-13 0)
(1.5 1.73742e-13 0)
(1.5 7.39355e-14 0)
(1.5 7.72083e-14 0)
(1.5 1.0516e-13 0)
(1.5 1.24266e-13 0)
(1.5 2.21535e-13 0)
(1.5 2.65792e-13 0)
(1.5 3.17393e-13 0)
(1.5 2.44495e-13 0)
(1.5 1.68378e-13 0)
(1.5 2.0159e-13 0)
(1.5 1.59815e-13 0)
(1.5 6.3574e-14 0)
(1.5 7.19139e-15 0)
(1.5 -3.86283e-15 0)
(1.5 4.19194e-14 0)
(1.5 3.01154e-14 0)
(1.5 5.85622e-14 0)
(1.5 1.34469e-13 0)
(1.5 2.33852e-13 0)
(1.5 3.86461e-13 0)
(1.5 4.39738e-13 0)
(1.5 5.06965e-13 0)
(1.5 4.88885e-13 0)
(1.5 4.08739e-13 0)
(1.5 3.37851e-13 0)
(1.5 1.92066e-13 0)
(1.5 1.14556e-13 0)
(1.5 9.20634e-14 0)
(1.5 -7.89471e-14 0)
(1.5 -1.18795e-13 0)
(1.5 -1.50115e-13 0)
(1.5 -2.37118e-13 0)
(1.5 -2.7204e-13 0)
(1.5 -2.57978e-13 0)
(1.5 -1.25162e-13 0)
(1.5 -4.2948e-14 0)
(1.5 3.9423e-16 0)
(1.5 3.4684e-14 0)
(1.5 7.76954e-14 0)
(1.5 6.7912e-14 0)
(1.5 6.6013e-14 0)
(1.5 9.3534e-14 0)
(1.5 1.02782e-13 0)
(1.5 8.56464e-14 0)
(1.5 -1.25029e-14 0)
(1.5 3.60921e-14 0)
(1.5 -5.11021e-14 0)
(1.5 -2.29376e-15 0)
(1.5 3.23605e-14 0)
(1.5 3.10088e-14 0)
(1.5 5.20497e-14 0)
(1.5 2.06723e-14 0)
(1.5 -2.00787e-14 0)
(1.5 -1.22715e-13 0)
(1.5 -1.86842e-13 0)
(1.5 -1.6327e-13 0)
(1.5 -1.37601e-13 0)
(1.5 -1.63745e-13 0)
(1.5 -1.20006e-13 0)
(1.5 -1.07081e-13 0)
(1.5 1.69634e-14 0)
(1.5 6.94998e-14 0)
(1.5 -4.21418e-15 0)
(1.5 -8.11032e-14 0)
(1.5 -1.17035e-13 0)
(1.5 -1.58915e-13 0)
(1.5 -1.92443e-13 0)
(1.5 -2.03586e-13 0)
(1.5 -1.94002e-13 0)
(1.5 -1.86959e-13 0)
(1.5 -1.17492e-13 0)
(1.5 -1.04581e-13 0)
(1.5 -1.6999e-13 0)
(1.5 -2.23166e-13 0)
(1.5 -2.2172e-13 0)
(1.5 -2.94332e-13 0)
(1.5 -2.09488e-13 0)
(1.5 -2.03861e-13 0)
(1.5 -2.72928e-13 0)
(1.5 -2.99727e-13 0)
(1.5 -2.75565e-13 0)
(1.5 -2.46723e-13 0)
(1.5 -1.70395e-13 0)
(1.5 -1.84549e-13 0)
(1.5 -9.03693e-14 0)
(1.5 -2.82299e-14 0)
(1.5 6.17169e-14 0)
(1.5 1.18184e-13 0)
(1.5 1.39371e-13 0)
(1.5 1.13999e-13 0)
(1.5 7.90266e-14 0)
(1.5 4.3287e-14 0)
(1.5 -1.19599e-14 0)
(1.5 1.04109e-13 0)
(1.5 1.63111e-13 0)
(1.5 1.87557e-13 0)
(1.5 1.41101e-13 0)
(1.5 1.47802e-13 0)
(1.5 1.41519e-13 0)
(1.5 1.37129e-13 0)
(1.5 3.5279e-14 0)
(1.5 1.6632e-14 0)
(1.5 8.37795e-14 0)
(1.5 1.90126e-13 0)
(1.5 1.52212e-13 0)
(1.5 7.16982e-14 0)
(1.5 5.69739e-14 0)
(1.5 7.92969e-14 0)
(1.5 6.78881e-14 0)
(1.5 1.85635e-14 0)
(1.5 -6.2474e-14 0)
(1.5 -7.79793e-14 0)
(1.5 -1.85342e-13 0)
(1.5 -2.10068e-13 0)
(1.5 -2.92811e-13 0)
(1.5 -2.07265e-13 0)
(1.5 -1.52442e-13 0)
(1.5 -1.86886e-13 0)
(1.5 -1.73643e-13 0)
(1.5 -1.88596e-13 0)
(1.5 -1.85127e-13 0)
(1.5 -2.47955e-13 0)
(1.5 -4.51369e-13 0)
(1.5 -4.41931e-13 0)
(1.5 -4.16121e-13 0)
(1.5 -2.50697e-13 0)
(1.5 -1.09024e-13 0)
(1.5 4.798e-15 0)
(1.5 1.21105e-13 0)
(1.5 4.47919e-14 0)
(1.5 7.41729e-14 0)
(1.5 3.18043e-14 0)
(1.5 7.91863e-14 0)
(1.5 2.09397e-13 0)
(1.5 3.12083e-13 0)
(1.5 2.51189e-13 0)
(1.5 1.72583e-13 0)
(1.5 1.74853e-13 0)
(1.5 1.56964e-13 0)
(1.5 2.10569e-13 0)
(1.5 2.69696e-13 0)
(1.5 3.4403e-13 0)
(1.5 3.49226e-13 0)
(1.5 4.10527e-13 0)
(1.5 4.55063e-13 0)
(1.5 4.56681e-13 0)
(1.5 3.69062e-13 0)
(1.5 2.68339e-13 0)
(1.5 1.4581e-13 0)
(1.5 1.97155e-13 0)
(1.5 2.02127e-13 0)
(1.5 2.87557e-13 0)
(1.5 3.71427e-13 0)
(1.5 2.72222e-13 0)
(1.5 2.25645e-13 0)
(1.5 2.77327e-13 0)
(1.5 4.34627e-13 0)
(1.5 3.95631e-13 0)
(1.5 3.25595e-13 0)
(1.5 2.38297e-13 0)
(1.5 2.1825e-13 0)
(1.5 2.16028e-13 0)
(1.5 1.74713e-13 0)
(1.5 1.56835e-13 0)
(1.5 2.02025e-13 0)
(1.5 2.01371e-13 0)
(1.5 1.79491e-13 0)
(1.5 2.66807e-13 0)
(1.5 3.03936e-13 0)
(1.5 2.82637e-13 0)
(1.5 2.74655e-13 0)
(1.5 1.28789e-13 0)
(1.5 5.20612e-14 0)
(1.5 4.26569e-14 0)
(1.5 1.13518e-13 0)
(1.5 1.86983e-13 0)
(1.5 1.04927e-13 0)
(1.5 5.78125e-14 0)
(1.5 -7.82413e-14 0)
(1.5 1.05465e-15 0)
(1.5 5.3604e-14 0)
(1.5 2.06301e-14 0)
(1.5 -5.61971e-14 0)
(1.5 -1.41203e-13 0)
(1.5 -1.50497e-13 0)
(1.5 -1.96924e-13 0)
(1.5 -2.48397e-13 0)
(1.5 -2.98565e-13 0)
(1.5 -2.67378e-13 0)
(1.5 -1.44438e-13 0)
(1.5 -1.47528e-13 0)
(1.5 -1.31756e-13 0)
(1.5 9.65061e-14 0)
(1.5 2.0955e-13 0)
(1.5 2.98407e-13 0)
(1.5 3.55001e-13 0)
(1.5 3.72778e-13 0)
(1.5 3.47816e-13 0)
(1.5 2.44802e-13 0)
(1.5 1.55478e-13 0)
(1.5 2.00229e-15 0)
(1.5 -1.28477e-14 0)
(1.5 8.0488e-14 0)
(1.5 4.04843e-14 0)
(1.5 9.96873e-14 0)
(1.5 1.73397e-13 0)
(1.5 2.35239e-13 0)
(1.5 1.47878e-13 0)
(1.5 1.27116e-13 0)
(1.5 1.10729e-13 0)
(1.5 1.21409e-13 0)
(1.5 1.66289e-13 0)
(1.5 7.99669e-14 0)
(1.5 1.16267e-13 0)
(1.5 7.71663e-14 0)
(1.5 1.99019e-14 0)
(1.5 1.8373e-13 0)
(1.5 2.42977e-13 0)
(1.5 3.41073e-13 0)
(1.5 4.05867e-13 0)
(1.5 4.31775e-13 0)
(1.5 4.00286e-13 0)
(1.5 3.6209e-13 0)
(1.5 3.53901e-13 0)
(1.5 2.68556e-13 0)
(1.5 1.67645e-13 0)
(1.5 1.44906e-13 0)
(1.5 1.19726e-13 0)
(1.5 -5.29005e-14 0)
(1.5 -1.09299e-13 0)
(1.5 -1.26729e-13 0)
(1.5 -1.97949e-13 0)
(1.5 -1.39442e-13 0)
(1.5 -7.44369e-14 0)
(1.5 3.92428e-15 0)
(1.5 -3.02366e-14 0)
(1.5 -8.74823e-15 0)
(1.5 -1.37693e-14 0)
(1.5 -4.01279e-15 0)
(1.5 6.93064e-14 0)
(1.5 -1.04696e-14 0)
(1.5 6.2093e-14 0)
(1.5 7.29261e-14 0)
(1.5 4.22981e-14 0)
(1.5 -4.79809e-14 0)
(1.5 -2.60671e-14 0)
(1.5 3.88015e-16 0)
(1.5 2.95861e-14 0)
(1.5 5.67303e-17 0)
(1.5 1.06774e-13 0)
(1.5 1.09253e-13 0)
(1.5 5.74364e-15 0)
(1.5 -4.08871e-14 0)
(1.5 -1.24052e-13 0)
(1.5 -1.62437e-13 0)
(1.5 -1.64543e-13 0)
(1.5 -1.26008e-13 0)
(1.5 -1.16427e-13 0)
(1.5 -3.3102e-14 0)
(1.5 -2.07098e-14 0)
(1.5 4.65198e-15 0)
(1.5 3.69588e-14 0)
(1.5 -2.17377e-15 0)
(1.5 -3.9268e-14 0)
(1.5 -6.92678e-14 0)
(1.5 -1.30021e-13 0)
(1.5 -2.3396e-13 0)
(1.5 -3.16627e-13 0)
(1.5 -2.24663e-13 0)
(1.5 -1.36605e-13 0)
(1.5 -6.51174e-14 0)
(1.5 -1.71032e-13 0)
(1.5 -2.52339e-13 0)
(1.5 -2.7041e-13 0)
(1.5 -2.55858e-13 0)
(1.5 -2.60641e-13 0)
(1.5 -1.88798e-13 0)
(1.5 -1.8919e-13 0)
(1.5 -1.24134e-13 0)
(1.5 -1.04235e-13 0)
(1.5 -2.63323e-14 0)
(1.5 -6.64705e-14 0)
(1.5 -9.17872e-16 0)
(1.5 -5.4749e-15 0)
(1.5 -2.46561e-14 0)
(1.5 4.25337e-14 0)
(1.5 7.32575e-14 0)
(1.5 6.72257e-14 0)
(1.5 1.62054e-13 0)
(1.5 1.98396e-13 0)
(1.5 1.85321e-13 0)
(1.5 7.24646e-14 0)
(1.5 1.01229e-13 0)
(1.5 1.34389e-13 0)
(1.5 1.61184e-13 0)
(1.5 1.8414e-13 0)
(1.5 1.53741e-13 0)
(1.5 2.00383e-13 0)
(1.5 2.11442e-13 0)
(1.5 1.35171e-13 0)
(1.5 1.31015e-13 0)
(1.5 1.8332e-14 0)
(1.5 -1.94134e-14 0)
(1.5 5.69469e-14 0)
(1.5 6.59982e-14 0)
(1.5 7.46051e-14 0)
(1.5 8.38378e-14 0)
(1.5 1.47333e-13 0)
(1.5 1.08374e-13 0)
(1.5 4.06384e-14 0)
(1.5 -6.41875e-14 0)
(1.5 -1.35608e-13 0)
(1.5 -2.67664e-13 0)
(1.5 -3.03994e-13 0)
(1.5 -2.15397e-13 0)
(1.5 -8.60426e-14 0)
(1.5 -9.37193e-14 0)
(1.5 -2.01099e-13 0)
(1.5 -2.34117e-13 0)
(1.5 -3.53962e-13 0)
(1.5 -3.30346e-13 0)
(1.5 -3.26552e-13 0)
(1.5 -4.3597e-13 0)
(1.5 -3.68951e-13 0)
(1.5 -2.1936e-13 0)
(1.5 -1.93102e-13 0)
(1.5 -1.77247e-13 0)
(1.5 -1.32583e-13 0)
(1.5 9.01887e-14 0)
(1.5 6.92585e-14 0)
(1.5 9.50123e-14 0)
(1.5 8.81517e-14 0)
(1.5 6.42267e-14 0)
(1.5 1.13442e-13 0)
(1.5 1.26997e-13 0)
(1.5 7.07357e-14 0)
(1.5 -2.86812e-14 0)
(1.5 2.849e-14 0)
(1.5 9.38174e-14 0)
(1.5 2.38608e-13 0)
(1.5 3.80049e-13 0)
(1.5 4.00114e-13 0)
(1.5 3.52965e-13 0)
(1.5 3.29566e-13 0)
(1.5 2.53053e-13 0)
(1.5 2.09313e-13 0)
(1.5 1.02863e-13 0)
(1.5 5.14262e-14 0)
(1.5 1.25173e-13 0)
(1.5 1.36938e-13 0)
(1.5 2.51755e-13 0)
(1.5 2.49525e-13 0)
(1.5 2.24169e-13 0)
(1.5 3.34991e-14 0)
(1.5 5.86192e-15 0)
(1.5 1.06309e-13 0)
(1.5 2.81703e-13 0)
(1.5 2.53431e-13 0)
(1.5 2.06265e-13 0)
(1.5 1.61613e-13 0)
(1.5 1.1724e-13 0)
(1.5 1.11014e-13 0)
(1.5 1.34758e-13 0)
(1.5 1.95705e-13 0)
(1.5 2.8448e-13 0)
(1.5 2.79599e-13 0)
(1.5 2.01578e-13 0)
(1.5 2.30951e-13 0)
(1.5 2.84229e-13 0)
(1.5 2.91726e-13 0)
(1.5 2.77367e-13 0)
(1.5 1.90357e-13 0)
(1.5 3.2446e-14 0)
(1.5 -1.7311e-14 0)
(1.5 4.17753e-14 0)
(1.5 1.26395e-13 0)
(1.5 1.37878e-13 0)
(1.5 1.34113e-14 0)
(1.5 -3.75665e-14 0)
(1.5 3.26847e-14 0)
(1.5 3.56077e-14 0)
(1.5 -1.02835e-13 0)
(1.5 -2.46101e-13 0)
(1.5 -2.44311e-13 0)
(1.5 -1.2261e-13 0)
(1.5 -3.8453e-14 0)
(1.5 4.77146e-14 0)
(1.5 -7.34557e-14 0)
(1.5 -9.05743e-14 0)
(1.5 -1.84319e-13 0)
(1.5 -2.88033e-13 0)
(1.5 -3.14805e-13 0)
(1.5 -1.59743e-13 0)
(1.5 5.84962e-14 0)
(1.5 2.79951e-13 0)
(1.5 4.07584e-13 0)
(1.5 4.1521e-13 0)
(1.5 3.67826e-13 0)
(1.5 2.42401e-13 0)
(1.5 1.47258e-13 0)
(1.5 4.16931e-14 0)
(1.5 3.86519e-14 0)
(1.5 9.62018e-14 0)
(1.5 1.15131e-13 0)
(1.5 8.93786e-14 0)
(1.5 1.35536e-13 0)
(1.5 1.31153e-13 0)
(1.5 1.73996e-16 0)
(1.5 -6.3054e-15 0)
(1.5 4.2831e-15 0)
(1.5 3.09091e-14 0)
(1.5 9.63078e-14 0)
(1.5 4.66475e-14 0)
(1.5 6.62845e-14 0)
(1.5 5.07221e-14 0)
(1.5 8.70188e-14 0)
(1.5 2.70042e-13 0)
(1.5 2.49779e-13 0)
(1.5 2.75004e-13 0)
(1.5 3.23704e-13 0)
(1.5 3.5655e-13 0)
(1.5 2.86673e-13 0)
(1.5 2.01696e-13 0)
(1.5 2.18664e-13 0)
(1.5 2.05951e-13 0)
(1.5 2.16412e-13 0)
(1.5 1.53642e-13 0)
(1.5 7.09147e-16 0)
(1.5 -6.00493e-14 0)
(1.5 -1.61744e-14 0)
(1.5 1.42651e-14 0)
(1.5 -1.83444e-15 0)
(1.5 1.20013e-13 0)
(1.5 1.04071e-13 0)
(1.5 -7.6593e-15 0)
(1.5 -1.69959e-13 0)
(1.5 -1.56935e-13 0)
(1.5 -9.78067e-15 0)
(1.5 -3.78863e-14 0)
(1.5 4.10891e-14 0)
(1.5 -4.75973e-14 0)
(1.5 -5.11223e-14 0)
(1.5 -1.97872e-14 0)
(1.5 2.29369e-15 0)
(1.5 4.02026e-14 0)
(1.5 6.53834e-14 0)
(1.5 1.67979e-13 0)
(1.5 1.27516e-13 0)
(1.5 1.85554e-14 0)
(1.5 1.10492e-13 0)
(1.5 1.30133e-13 0)
(1.5 1.03345e-14 0)
(1.5 -9.65802e-14 0)
(1.5 -1.92323e-13 0)
(1.5 -2.22266e-13 0)
(1.5 -1.88671e-13 0)
(1.5 -1.40668e-13 0)
(1.5 -9.80823e-14 0)
(1.5 1.12422e-14 0)
(1.5 4.21109e-14 0)
(1.5 1.72515e-14 0)
(1.5 -1.84356e-14 0)
(1.5 -7.84004e-15 0)
(1.5 -9.95565e-14 0)
(1.5 -6.0308e-14 0)
(1.5 -1.13654e-13 0)
(1.5 -2.16224e-13 0)
(1.5 -4.01734e-13 0)
(1.5 -3.13302e-13 0)
(1.5 -1.16622e-13 0)
(1.5 -5.42484e-14 0)
(1.5 -9.90037e-14 0)
(1.5 -2.47492e-13 0)
(1.5 -2.74599e-13 0)
(1.5 -2.8105e-13 0)
(1.5 -2.6335e-13 0)
(1.5 -2.82032e-13 0)
(1.5 -2.1126e-13 0)
(1.5 -2.63506e-14 0)
(1.5 1.01735e-13 0)
(1.5 1.73131e-13 0)
(1.5 1.40499e-13 0)
(1.5 9.35933e-14 0)
(1.5 4.89266e-14 0)
(1.5 -4.36852e-14 0)
(1.5 1.99593e-15 0)
(1.5 2.58843e-14 0)
(1.5 6.98502e-15 0)
(1.5 7.37518e-14 0)
(1.5 2.06793e-13 0)
(1.5 1.80565e-13 0)
(1.5 1.05209e-13 0)
(1.5 1.56935e-13 0)
(1.5 1.43197e-13 0)
(1.5 1.17002e-13 0)
(1.5 1.57531e-13 0)
(1.5 2.27833e-13 0)
(1.5 2.54854e-13 0)
(1.5 2.1691e-13 0)
(1.5 1.33234e-13 0)
(1.5 1.8255e-13 0)
(1.5 3.31898e-14 0)
(1.5 -7.74728e-14 0)
(1.5 -3.69693e-14 0)
(1.5 4.56473e-14 0)
(1.5 1.14429e-13 0)
(1.5 1.31356e-13 0)
(1.5 1.21871e-13 0)
(1.5 8.31665e-14 0)
(1.5 4.93958e-14 0)
(1.5 -8.84909e-14 0)
(1.5 -2.07526e-13 0)
(1.5 -2.60998e-13 0)
(1.5 -3.47235e-13 0)
(1.5 -2.02025e-13 0)
(1.5 -6.75161e-14 0)
(1.5 -1.11824e-13 0)
(1.5 -2.5618e-13 0)
(1.5 -3.71709e-13 0)
(1.5 -4.00508e-13 0)
(1.5 -3.55098e-13 0)
(1.5 -3.2325e-13 0)
(1.5 -3.42615e-13 0)
(1.5 -3.29989e-13 0)
(1.5 -1.5436e-13 0)
(1.5 -1.65642e-13 0)
(1.5 -2.00836e-13 0)
(1.5 -1.35146e-13 0)
(1.5 6.0711e-14 0)
(1.5 4.92647e-14 0)
(1.5 7.15679e-14 0)
(1.5 3.63278e-14 0)
(1.5 1.66679e-14 0)
(1.5 7.70367e-14 0)
(1.5 8.13116e-14 0)
(1.5 2.74773e-14 0)
(1.5 4.25835e-14 0)
(1.5 4.62954e-14 0)
(1.5 9.77201e-14 0)
(1.5 1.93836e-13 0)
(1.5 2.79232e-13 0)
(1.5 2.67432e-13 0)
(1.5 2.28385e-13 0)
(1.5 1.70039e-13 0)
(1.5 1.27254e-13 0)
(1.5 7.13106e-14 0)
(1.5 1.2603e-14 0)
(1.5 4.59172e-14 0)
(1.5 2.33371e-13 0)
(1.5 2.2764e-13 0)
(1.5 2.53206e-13 0)
(1.5 1.71075e-13 0)
(1.5 1.71675e-13 0)
(1.5 2.21413e-14 0)
(1.5 1.85667e-14 0)
(1.5 1.28862e-13 0)
(1.5 2.01611e-13 0)
(1.5 1.88185e-13 0)
(1.5 1.78446e-13 0)
(1.5 1.40467e-13 0)
(1.5 1.07736e-13 0)
(1.5 1.25054e-13 0)
(1.5 1.98945e-13 0)
(1.5 2.18169e-13 0)
(1.5 2.82618e-13 0)
(1.5 2.36731e-13 0)
(1.5 1.54535e-13 0)
(1.5 1.39899e-13 0)
(1.5 2.53353e-13 0)
(1.5 2.90587e-13 0)
(1.5 2.29898e-13 0)
(1.5 1.76979e-13 0)
(1.5 6.83725e-14 0)
(1.5 4.96244e-14 0)
(1.5 9.90581e-16 0)
(1.5 3.24311e-14 0)
(1.5 5.6667e-14 0)
(1.5 -7.10146e-14 0)
(1.5 -1.38748e-14 0)
(1.5 2.98623e-14 0)
(1.5 -7.8607e-15 0)
(1.5 -1.92989e-13 0)
(1.5 -3.05916e-13 0)
(1.5 -2.43699e-13 0)
(1.5 -2.98188e-14 0)
(1.5 9.19011e-14 0)
(1.5 1.81766e-13 0)
(1.5 7.56156e-14 0)
(1.5 -3.41629e-14 0)
(1.5 -1.49905e-13 0)
(1.5 -2.85722e-13 0)
(1.5 -2.06542e-13 0)
(1.5 -1.78456e-13 0)
(1.5 4.54187e-14 0)
(1.5 2.67442e-13 0)
(1.5 4.45555e-13 0)
(1.5 3.76203e-13 0)
(1.5 3.10302e-13 0)
(1.5 1.77672e-13 0)
(1.5 6.9926e-14 0)
(1.5 8.09917e-15 0)
(1.5 3.89774e-14 0)
(1.5 1.00732e-13 0)
(1.5 1.82053e-13 0)
(1.5 1.94872e-13 0)
(1.5 2.416e-13 0)
(1.5 1.69343e-13 0)
(1.5 2.34648e-14 0)
(1.5 2.68401e-15 0)
(1.5 3.55972e-14 0)
(1.5 -2.96147e-14 0)
(1.5 -1.87603e-14 0)
(1.5 -3.96456e-14 0)
(1.5 -3.11927e-14 0)
(1.5 1.92196e-14 0)
(1.5 1.89712e-13 0)
(1.5 3.33796e-13 0)
(1.5 2.71834e-13 0)
(1.5 2.04378e-13 0)
(1.5 2.24986e-13 0)
(1.5 3.34513e-13 0)
(1.5 2.61046e-13 0)
(1.5 1.72459e-13 0)
(1.5 1.43631e-13 0)
(1.5 1.51137e-13 0)
(1.5 2.3116e-13 0)
(1.5 1.61321e-13 0)
(1.5 -2.74294e-14 0)
(1.5 5.27476e-15 0)
(1.5 9.59984e-14 0)
(1.5 1.78465e-13 0)
(1.5 1.15862e-13 0)
(1.5 1.81794e-13 0)
(1.5 1.28284e-13 0)
(1.5 -6.78236e-14 0)
(1.5 -2.4431e-13 0)
(1.5 -2.73002e-13 0)
(1.5 -3.80114e-14 0)
(1.5 -1.44404e-13 0)
(1.5 -1.94606e-13 0)
(1.5 -2.47819e-13 0)
(1.5 -2.2287e-13 0)
(1.5 -1.14522e-13 0)
(1.5 6.1947e-14 0)
(1.5 2.10124e-13 0)
(1.5 2.77547e-13 0)
(1.5 3.39497e-13 0)
(1.5 2.53346e-13 0)
(1.5 1.78066e-13 0)
(1.5 1.14397e-13 0)
(1.5 4.36874e-14 0)
(1.5 -2.1667e-14 0)
(1.5 -1.40907e-14 0)
(1.5 -7.73041e-14 0)
(1.5 -1.24507e-13 0)
(1.5 -1.32983e-13 0)
(1.5 -1.91205e-13 0)
(1.5 -1.33693e-13 0)
(1.5 -9.8195e-14 0)
(1.5 -5.71643e-14 0)
(1.5 -4.16043e-14 0)
(1.5 -9.02329e-14 0)
(1.5 -7.91453e-14 0)
(1.5 -1.72016e-13 0)
(1.5 -1.27435e-13 0)
(1.5 -1.14542e-13 0)
(1.5 -2.16599e-13 0)
(1.5 -3.70504e-13 0)
(1.5 -3.11146e-13 0)
(1.5 -1.83819e-13 0)
(1.5 -1.55963e-13 0)
(1.5 -1.47613e-13 0)
(1.5 -2.8046e-13 0)
(1.5 -3.3675e-13 0)
(1.5 -3.54043e-13 0)
(1.5 -3.45379e-13 0)
(1.5 -3.91934e-13 0)
(1.5 -3.01659e-13 0)
(1.5 -1.36825e-13 0)
(1.5 -2.53873e-14 0)
(1.5 1.26661e-14 0)
(1.5 3.92703e-14 0)
(1.5 -2.63591e-14 0)
(1.5 -3.47061e-14 0)
(1.5 -6.79559e-14 0)
(1.5 -4.24687e-14 0)
(1.5 3.90715e-14 0)
(1.5 7.99981e-15 0)
(1.5 5.63075e-14 0)
(1.5 1.13672e-13 0)
(1.5 1.01891e-13 0)
(1.5 8.05183e-14 0)
(1.5 3.50576e-14 0)
(1.5 4.87816e-15 0)
(1.5 -8.07118e-14 0)
(1.5 9.0006e-16 0)
(1.5 4.58094e-14 0)
(1.5 2.17408e-14 0)
(1.5 -1.58366e-14 0)
(1.5 1.75982e-14 0)
(1.5 8.57829e-14 0)
(1.5 -3.7353e-14 0)
(1.5 -1.16159e-13 0)
(1.5 -1.54656e-13 0)
(1.5 -9.34453e-14 0)
(1.5 -7.33335e-15 0)
(1.5 1.49178e-14 0)
(1.5 4.96845e-14 0)
(1.5 1.23966e-14 0)
(1.5 4.03742e-14 0)
(1.5 -1.63868e-14 0)
(1.5 -6.58709e-14 0)
(1.5 -8.24431e-14 0)
(1.5 -1.6908e-13 0)
(1.5 -2.0612e-13 0)
(1.5 -1.84384e-13 0)
(1.5 -1.56441e-13 0)
(1.5 -2.24247e-13 0)
(1.5 -3.0761e-13 0)
(1.5 -2.64205e-13 0)
(1.5 -2.8776e-13 0)
(1.5 -2.07437e-13 0)
(1.5 -1.88765e-13 0)
(1.5 -2.35414e-13 0)
(1.5 -1.7403e-13 0)
(1.5 -2.4907e-13 0)
(1.5 -3.35256e-13 0)
(1.5 -2.11799e-13 0)
(1.5 -1.21533e-13 0)
(1.5 -8.21388e-14 0)
(1.5 -1.03887e-13 0)
(1.5 -1.38859e-13 0)
(1.5 3.48949e-14 0)
(1.5 7.47035e-14 0)
(1.5 1.52386e-13 0)
(1.5 1.34674e-13 0)
(1.5 2.13236e-13 0)
(1.5 1.90283e-13 0)
(1.5 1.28675e-13 0)
(1.5 1.14162e-13 0)
(1.5 9.37553e-14 0)
(1.5 9.57081e-14 0)
(1.5 1.55267e-13 0)
(1.5 1.34604e-13 0)
(1.5 1.62423e-13 0)
(1.5 1.02378e-13 0)
(1.5 5.41415e-14 0)
(1.5 1.11823e-13 0)
(1.5 2.27944e-13 0)
(1.5 2.35701e-13 0)
(1.5 2.36209e-13 0)
(1.5 1.71493e-13 0)
(1.5 1.98997e-13 0)
(1.5 1.6616e-13 0)
(1.5 2.04552e-13 0)
(1.5 2.54682e-13 0)
(1.5 2.36311e-13 0)
(1.5 2.36318e-13 0)
(1.5 1.93699e-13 0)
(1.5 2.01566e-13 0)
(1.5 2.50544e-13 0)
(1.5 1.85869e-13 0)
(1.5 1.66079e-13 0)
(1.5 1.75424e-13 0)
(1.5 2.41414e-13 0)
(1.5 1.30849e-13 0)
(1.5 6.01562e-14 0)
(1.5 7.1627e-14 0)
(1.5 1.62557e-13 0)
(1.5 1.84103e-13 0)
(1.5 1.75953e-13 0)
(1.5 1.58989e-13 0)
(1.5 1.99005e-13 0)
(1.5 1.36796e-13 0)
(1.5 6.02142e-15 0)
(1.5 1.8592e-14 0)
(1.5 3.38471e-14 0)
(1.5 -2.87565e-14 0)
(1.5 -7.48964e-14 0)
(1.5 -6.33598e-14 0)
(1.5 -1.59694e-13 0)
(1.5 -2.26918e-13 0)
(1.5 -2.088e-13 0)
(1.5 -1.99128e-13 0)
(1.5 -3.17593e-14 0)
(1.5 5.94377e-14 0)
(1.5 2.65418e-14 0)
(1.5 1.67543e-14 0)
(1.5 -3.09742e-14 0)
(1.5 -2.23699e-14 0)
(1.5 -4.62928e-14 0)
(1.5 4.58562e-15 0)
(1.5 -5.89497e-14 0)
(1.5 4.75397e-14 0)
(1.5 2.18058e-13 0)
(1.5 4.32294e-13 0)
(1.5 3.57141e-13 0)
(1.5 3.43035e-13 0)
(1.5 2.4515e-13 0)
(1.5 7.92719e-14 0)
(1.5 5.79596e-14 0)
(1.5 9.03033e-15 0)
(1.5 9.22297e-14 0)
(1.5 1.76394e-13 0)
(1.5 2.57284e-13 0)
(1.5 3.68478e-13 0)
(1.5 3.13669e-13 0)
(1.5 2.45117e-13 0)
(1.5 2.27451e-13 0)
(1.5 1.31798e-13 0)
(1.5 -1.03188e-14 0)
(1.5 -2.41137e-14 0)
(1.5 1.59484e-15 0)
(1.5 5.34016e-14 0)
(1.5 1.41453e-13 0)
(1.5 3.52534e-13 0)
(1.5 3.38125e-13 0)
(1.5 2.8523e-13 0)
(1.5 1.98478e-13 0)
(1.5 1.71469e-13 0)
(1.5 3.02333e-13 0)
(1.5 1.58674e-13 0)
(1.5 1.63032e-13 0)
(1.5 1.60942e-13 0)
(1.5 1.42016e-13 0)
(1.5 2.39336e-13 0)
(1.5 1.82233e-13 0)
(1.5 2.29377e-14 0)
(1.5 1.38839e-13 0)
(1.5 1.09247e-13 0)
(1.5 1.66047e-13 0)
(1.5 1.57572e-13 0)
(1.5 7.83422e-14 0)
(1.5 8.52574e-14 0)
(1.5 -7.79783e-14 0)
(1.5 -1.33312e-13 0)
(1.5 -2.33397e-13 0)
(1.5 -1.00027e-13 0)
(1.5 -2.17978e-13 0)
(1.5 -2.89024e-13 0)
(1.5 -3.03798e-13 0)
(1.5 -2.3399e-13 0)
(1.5 -7.03426e-14 0)
(1.5 1.14983e-13 0)
(1.5 2.53573e-13 0)
(1.5 3.14709e-13 0)
(1.5 2.81023e-13 0)
(1.5 2.95076e-13 0)
(1.5 2.50707e-13 0)
(1.5 1.51386e-13 0)
(1.5 3.75287e-14 0)
(1.5 2.51299e-14 0)
(1.5 9.92509e-14 0)
(1.5 6.67284e-14 0)
(1.5 8.38711e-14 0)
(1.5 6.03615e-14 0)
(1.5 -1.17019e-14 0)
(1.5 6.02271e-14 0)
(1.5 4.77098e-14 0)
(1.5 1.4812e-14 0)
(1.5 -8.08651e-15 0)
(1.5 -1.31695e-14 0)
(1.5 3.75062e-14 0)
(1.5 2.71114e-15 0)
(1.5 -5.71411e-14 0)
(1.5 -4.25319e-14 0)
(1.5 -1.11764e-13 0)
(1.5 -1.58359e-13 0)
(1.5 -1.80879e-13 0)
(1.5 -1.57867e-13 0)
(1.5 -1.28118e-13 0)
(1.5 -8.96458e-14 0)
(1.5 -1.42553e-13 0)
(1.5 -2.12192e-13 0)
(1.5 -2.23507e-13 0)
(1.5 -1.84392e-13 0)
(1.5 -2.23654e-13 0)
(1.5 -2.1094e-13 0)
(1.5 -1.46063e-13 0)
(1.5 -9.79566e-14 0)
(1.5 -6.50265e-14 0)
(1.5 -3.50681e-14 0)
(1.5 -1.96705e-14 0)
(1.5 1.39464e-14 0)
(1.5 3.24859e-14 0)
(1.5 8.14359e-14 0)
(1.5 1.30931e-13 0)
(1.5 1.3788e-13 0)
(1.5 1.58982e-13 0)
(1.5 1.08305e-13 0)
(1.5 1.27099e-13 0)
(1.5 1.03924e-13 0)
(1.5 1.95675e-14 0)
(1.5 -3.55657e-14 0)
(1.5 -1.25498e-13 0)
(1.5 -9.61657e-14 0)
(1.5 -7.21224e-14 0)
(1.5 -6.96461e-14 0)
(1.5 -6.00242e-14 0)
(1.5 -3.91634e-14 0)
(1.5 -1.80828e-15 0)
(1.5 -3.02729e-15 0)
(1.5 -2.36192e-14 0)
(1.5 -6.70397e-14 0)
(1.5 -4.5646e-14 0)
(1.5 -4.85589e-15 0)
(1.5 1.90127e-15 0)
(1.5 4.09725e-14 0)
(1.5 1.95607e-14 0)
(1.5 8.71943e-14 0)
(1.5 7.84649e-14 0)
(1.5 4.73313e-14 0)
(1.5 4.235e-14 0)
(1.5 1.41359e-14 0)
(1.5 -5.46636e-14 0)
(1.5 -1.13028e-13 0)
(1.5 -7.79678e-14 0)
(1.5 -1.0172e-13 0)
(1.5 -1.53482e-13 0)
(1.5 -1.31618e-13 0)
(1.5 -2.43568e-13 0)
(1.5 -1.99525e-13 0)
(1.5 -9.25633e-14 0)
(1.5 -1.37738e-13 0)
(1.5 -1.95893e-13 0)
(1.5 -3.64966e-13 0)
(1.5 -4.02714e-13 0)
(1.5 -3.46719e-13 0)
(1.5 -3.61985e-13 0)
(1.5 -2.73879e-13 0)
(1.5 -2.93567e-13 0)
(1.5 -2.28498e-13 0)
(1.5 -4.36576e-14 0)
(1.5 -3.08596e-14 0)
(1.5 6.36071e-14 0)
(1.5 7.65785e-14 0)
(1.5 5.1232e-14 0)
(1.5 7.22682e-14 0)
(1.5 6.98327e-14 0)
(1.5 9.15004e-14 0)
(1.5 8.44232e-14 0)
(1.5 7.83318e-14 0)
(1.5 2.23264e-13 0)
(1.5 2.00307e-13 0)
(1.5 1.12414e-13 0)
(1.5 1.53765e-15 0)
(1.5 -1.08757e-13 0)
(1.5 -2.41485e-14 0)
(1.5 8.66165e-14 0)
(1.5 1.67811e-13 0)
(1.5 2.64731e-13 0)
(1.5 2.53411e-13 0)
(1.5 1.70915e-13 0)
(1.5 1.92372e-13 0)
(1.5 2.03744e-13 0)
(1.5 2.0816e-13 0)
(1.5 1.65235e-13 0)
(1.5 1.77521e-13 0)
(1.5 1.67063e-13 0)
(1.5 2.3222e-13 0)
(1.5 3.05722e-13 0)
(1.5 2.88221e-13 0)
(1.5 1.67107e-13 0)
(1.5 9.19266e-14 0)
(1.5 9.44771e-14 0)
(1.5 3.98578e-14 0)
(1.5 4.89444e-14 0)
(1.5 9.53696e-14 0)
(1.5 1.30014e-13 0)
(1.5 1.7285e-13 0)
(1.5 1.48677e-13 0)
(1.5 1.81791e-13 0)
(1.5 1.8143e-13 0)
(1.5 3.15839e-14 0)
(1.5 -8.28858e-15 0)
(1.5 -3.39465e-14 0)
(1.5 -1.70155e-15 0)
(1.5 -2.66626e-14 0)
(1.5 -6.315e-14 0)
(1.5 -1.77575e-13 0)
(1.5 -2.62409e-13 0)
(1.5 -2.03629e-13 0)
(1.5 -8.3513e-14 0)
(1.5 -1.03178e-14 0)
(1.5 -5.1239e-14 0)
(1.5 -3.26218e-15 0)
(1.5 3.92442e-14 0)
(1.5 1.25526e-13 0)
(1.5 1.71135e-13 0)
(1.5 1.86608e-13 0)
(1.5 1.33337e-13 0)
(1.5 -1.01018e-14 0)
(1.5 -1.11999e-13 0)
(1.5 -7.33114e-14 0)
(1.5 1.13677e-14 0)
(1.5 1.81908e-13 0)
(1.5 2.95395e-13 0)
(1.5 2.73677e-13 0)
(1.5 1.72359e-13 0)
(1.5 1.67207e-14 0)
(1.5 2.36029e-14 0)
(1.5 -6.20697e-14 0)
(1.5 -3.97526e-14 0)
(1.5 8.69901e-14 0)
(1.5 1.87809e-13 0)
(1.5 2.79472e-13 0)
(1.5 2.41637e-13 0)
(1.5 2.46702e-13 0)
(1.5 2.69095e-13 0)
(1.5 1.46289e-13 0)
(1.5 8.34111e-14 0)
(1.5 -7.7161e-15 0)
(1.5 3.97202e-14 0)
(1.5 1.43585e-13 0)
(1.5 2.05047e-13 0)
(1.5 3.32106e-13 0)
(1.5 2.59084e-13 0)
(1.5 1.96937e-13 0)
(1.5 1.61149e-13 0)
(1.5 1.34985e-13 0)
(1.5 1.59222e-13 0)
(1.5 1.25158e-13 0)
(1.5 2.10376e-13 0)
(1.5 2.54053e-13 0)
(1.5 1.97919e-13 0)
(1.5 2.55116e-13 0)
(1.5 2.57422e-13 0)
(1.5 2.27416e-13 0)
(1.5 3.04083e-13 0)
(1.5 1.56096e-13 0)
(1.5 1.4645e-13 0)
(1.5 2.43123e-13 0)
(1.5 1.13055e-13 0)
(1.5 3.91395e-14 0)
(1.5 -8.17945e-14 0)
(1.5 -7.13476e-14 0)
(1.5 -1.39941e-13 0)
(1.5 -4.26099e-14 0)
(1.5 -1.12259e-13 0)
(1.5 -2.55094e-13 0)
(1.5 -2.4548e-13 0)
(1.5 -2.47805e-13 0)
(1.5 -1.39876e-13 0)
(1.5 -5.33165e-14 0)
(1.5 8.09718e-14 0)
(1.5 1.15666e-13 0)
(1.5 1.62194e-13 0)
(1.5 2.79746e-13 0)
(1.5 1.42558e-13 0)
(1.5 7.97973e-14 0)
(1.5 1.16164e-13 0)
(1.5 1.37401e-13 0)
(1.5 1.74114e-13 0)
(1.5 1.51853e-13 0)
(1.5 2.04489e-13 0)
(1.5 1.93827e-13 0)
(1.5 1.82133e-13 0)
(1.5 2.26057e-13 0)
(1.5 1.69669e-13 0)
(1.5 7.61931e-14 0)
(1.5 4.30815e-14 0)
(1.5 2.16234e-14 0)
(1.5 4.25778e-14 0)
(1.5 9.26313e-14 0)
(1.5 -4.25301e-14 0)
(1.5 -1.47595e-14 0)
(1.5 -1.60075e-14 0)
(1.5 2.79247e-14 0)
(1.5 -1.23674e-13 0)
(1.5 -1.75634e-13 0)
(1.5 -1.22291e-13 0)
(1.5 -5.08006e-14 0)
(1.5 -7.44942e-14 0)
(1.5 -1.25e-13 0)
(1.5 -8.71876e-14 0)
(1.5 2.64054e-14 0)
(1.5 -1.54111e-14 0)
(1.5 -5.3214e-14 0)
(1.5 -7.99319e-14 0)
(1.5 -6.60663e-14 0)
(1.5 -7.1061e-14 0)
(1.5 -1.88922e-14 0)
(1.5 8.41191e-15 0)
(1.5 1.56351e-14 0)
(1.5 8.29667e-14 0)
(1.5 9.45444e-14 0)
(1.5 9.58624e-14 0)
(1.5 1.22569e-13 0)
(1.5 7.6102e-14 0)
(1.5 4.69712e-14 0)
(1.5 5.38135e-14 0)
(1.5 4.16386e-14 0)
(1.5 3.22857e-15 0)
(1.5 -5.81423e-14 0)
(1.5 -9.93358e-14 0)
(1.5 -1.28583e-13 0)
(1.5 -1.04106e-13 0)
(1.5 -8.12162e-14 0)
(1.5 -4.36632e-14 0)
(1.5 -4.57714e-14 0)
(1.5 -6.92072e-14 0)
(1.5 -4.20468e-15 0)
(1.5 -5.13931e-14 0)
(1.5 -8.93527e-14 0)
(1.5 -3.13841e-14 0)
(1.5 -1.70996e-14 0)
(1.5 -4.6955e-14 0)
(1.5 -2.32486e-14 0)
(1.5 7.69534e-14 0)
(1.5 1.05176e-13 0)
(1.5 1.75523e-13 0)
(1.5 1.61047e-13 0)
(1.5 1.08849e-13 0)
(1.5 1.05084e-13 0)
(1.5 8.38602e-14 0)
(1.5 -3.29959e-14 0)
(1.5 -2.33673e-14 0)
(1.5 1.31184e-15 0)
(1.5 -6.9974e-14 0)
(1.5 -1.10019e-13 0)
(1.5 -1.86593e-13 0)
(1.5 -1.88235e-13 0)
(1.5 -1.03217e-13 0)
(1.5 -5.92793e-14 0)
(1.5 -2.25156e-13 0)
(1.5 -4.37849e-13 0)
(1.5 -3.47873e-13 0)
(1.5 -3.78866e-13 0)
(1.5 -4.35073e-13 0)
(1.5 -3.5495e-13 0)
(1.5 -3.60425e-13 0)
(1.5 -2.69832e-13 0)
(1.5 -1.91612e-13 0)
(1.5 -1.25394e-13 0)
(1.5 -3.61498e-14 0)
(1.5 6.24509e-14 0)
(1.5 2.62444e-14 0)
(1.5 2.2322e-14 0)
(1.5 2.86094e-14 0)
(1.5 8.83037e-14 0)
(1.5 1.6638e-13 0)
(1.5 2.16447e-13 0)
(1.5 3.25083e-13 0)
(1.5 2.25956e-13 0)
(1.5 8.26939e-14 0)
(1.5 -5.5967e-14 0)
(1.5 -1.29487e-13 0)
(1.5 -1.99937e-14 0)
(1.5 9.63818e-14 0)
(1.5 1.8455e-13 0)
(1.5 3.05608e-13 0)
(1.5 3.54323e-13 0)
(1.5 1.92413e-13 0)
(1.5 1.6027e-13 0)
(1.5 1.64049e-13 0)
(1.5 7.44958e-14 0)
(1.5 5.81738e-14 0)
(1.5 1.45052e-13 0)
(1.5 1.61239e-13 0)
(1.5 1.76472e-13 0)
(1.5 1.51371e-13 0)
(1.5 2.12582e-13 0)
(1.5 1.3918e-13 0)
(1.5 -4.38062e-14 0)
(1.5 -1.05889e-13 0)
(1.5 -1.32033e-14 0)
(1.5 1.16461e-13 0)
(1.5 7.16929e-14 0)
(1.5 8.76375e-14 0)
(1.5 1.43354e-13 0)
(1.5 1.23856e-13 0)
(1.5 1.53346e-13 0)
(1.5 6.97662e-14 0)
(1.5 -9.25356e-15 0)
(1.5 3.14545e-14 0)
(1.5 -1.569e-14 0)
(1.5 5.59831e-14 0)
(1.5 7.91156e-14 0)
(1.5 1.21626e-13 0)
(1.5 -7.65455e-14 0)
(1.5 -1.48725e-13 0)
(1.5 -3.63762e-14 0)
(1.5 4.26476e-14 0)
(1.5 1.09808e-13 0)
(1.5 -8.76982e-14 0)
(1.5 -1.04785e-13 0)
(1.5 5.04114e-14 0)
(1.5 2.3773e-13 0)
(1.5 3.41617e-13 0)
(1.5 2.28383e-13 0)
(1.5 1.55781e-13 0)
(1.5 -4.26566e-14 0)
(1.5 -1.22288e-13 0)
(1.5 -5.03504e-14 0)
(1.5 1.87782e-14 0)
(1.5 2.22826e-14 0)
(1.5 1.70916e-13 0)
(1.5 1.23154e-13 0)
(1.5 -4.08145e-14 0)
(1.5 -1.34952e-13 0)
(1.5 -1.47033e-13 0)
(1.5 -1.27932e-13 0)
(1.5 -8.21048e-14 0)
(1.5 8.5014e-14 0)
(1.5 2.03298e-13 0)
(1.5 2.11254e-13 0)
(1.5 2.45334e-13 0)
(1.5 3.30123e-13 0)
(1.5 3.62983e-13 0)
(1.5 2.09341e-13 0)
(1.5 1.51161e-13 0)
(1.5 5.36856e-14 0)
(1.5 9.34257e-14 0)
(1.5 1.6223e-13 0)
(1.5 1.03478e-13 0)
(1.5 1.24338e-13 0)
(1.5 1.57539e-13 0)
(1.5 1.60483e-13 0)
(1.5 1.3904e-13 0)
(1.5 8.92963e-14 0)
(1.5 3.94416e-14 0)
(1.5 1.04389e-13 0)
(1.5 1.43349e-13 0)
(1.5 2.81872e-13 0)
(1.5 2.60692e-13 0)
(1.5 2.15113e-13 0)
(1.5 2.29551e-13 0)
(1.5 3.2596e-13 0)
(1.5 3.36072e-13 0)
(1.5 2.6094e-13 0)
(1.5 1.72072e-13 0)
(1.5 2.11987e-13 0)
(1.5 1.64936e-13 0)
(1.5 -6.01427e-15 0)
(1.5 -1.82651e-13 0)
(1.5 -1.93338e-13 0)
(1.5 -2.36407e-13 0)
(1.5 1.74634e-14 0)
(1.5 1.77396e-14 0)
(1.5 -1.24792e-13 0)
(1.5 -1.80415e-13 0)
(1.5 -2.20141e-13 0)
(1.5 -1.73025e-13 0)
(1.5 -1.7432e-13 0)
(1.5 -6.77888e-14 0)
(1.5 6.51359e-14 0)
(1.5 1.99011e-13 0)
(1.5 2.81657e-13 0)
(1.5 1.54495e-13 0)
(1.5 1.15639e-13 0)
(1.5 1.91902e-13 0)
(1.5 2.26028e-13 0)
(1.5 2.21508e-13 0)
(1.5 1.7417e-13 0)
(1.5 1.69839e-13 0)
(1.5 1.68216e-13 0)
(1.5 2.37582e-13 0)
(1.5 2.64348e-13 0)
(1.5 2.00637e-13 0)
(1.5 8.90566e-14 0)
(1.5 7.24769e-14 0)
(1.5 4.80257e-14 0)
(1.5 3.25472e-14 0)
(1.5 8.90721e-14 0)
(1.5 1.2337e-14 0)
(1.5 6.18825e-14 0)
(1.5 7.59683e-14 0)
(1.5 9.92168e-14 0)
(1.5 -8.67131e-14 0)
(1.5 -1.233e-13 0)
(1.5 -6.44861e-14 0)
(1.5 -1.89993e-14 0)
(1.5 -2.02063e-15 0)
(1.5 -3.02337e-14 0)
(1.5 6.58364e-15 0)
(1.5 1.03447e-13 0)
(1.5 1.14162e-13 0)
(1.5 1.28957e-13 0)
(1.5 5.72656e-14 0)
(1.5 5.68541e-14 0)
(1.5 1.89045e-14 0)
(1.5 2.44249e-14 0)
(1.5 -6.58549e-16 0)
(1.5 4.82839e-15 0)
(1.5 8.83202e-14 0)
(1.5 7.42557e-14 0)
(1.5 6.68685e-14 0)
(1.5 5.9591e-14 0)
(1.5 3.16116e-14 0)
(1.5 6.84883e-14 0)
(1.5 6.55089e-14 0)
(1.5 1.91909e-14 0)
(1.5 -1.52259e-14 0)
(1.5 -3.57477e-14 0)
(1.5 -6.14223e-14 0)
(1.5 -7.43991e-14 0)
(1.5 -8.38386e-14 0)
(1.5 -9.42979e-14 0)
(1.5 -2.14985e-14 0)
(1.5 7.37125e-15 0)
(1.5 3.06946e-14 0)
(1.5 2.03265e-14 0)
(1.5 -1.67859e-14 0)
(1.5 -6.69389e-14 0)
(1.5 -1.14402e-14 0)
(1.5 -2.79159e-14 0)
(1.5 -6.85799e-14 0)
(1.5 -7.89863e-14 0)
(1.5 2.12952e-14 0)
(1.5 1.00159e-14 0)
(1.5 1.28543e-13 0)
(1.5 1.15065e-13 0)
(1.5 4.7856e-14 0)
(1.5 9.56966e-14 0)
(1.5 6.933e-14 0)
(1.5 1.79938e-15 0)
(1.5 8.63636e-15 0)
(1.5 -1.11541e-14 0)
(1.5 -5.54813e-14 0)
(1.5 -1.81836e-13 0)
(1.5 -1.75314e-13 0)
(1.5 -1.90911e-13 0)
(1.5 -1.77854e-13 0)
(1.5 -5.16383e-14 0)
(1.5 -2.09947e-13 0)
(1.5 -3.7594e-13 0)
(1.5 -2.87725e-13 0)
(1.5 -3.16289e-13 0)
(1.5 -3.20081e-13 0)
(1.5 -2.35138e-13 0)
(1.5 -2.19891e-13 0)
(1.5 -1.92126e-13 0)
(1.5 -1.55795e-13 0)
(1.5 -1.13441e-13 0)
(1.5 -4.27816e-14 0)
(1.5 8.11302e-14 0)
(1.5 1.17011e-13 0)
(1.5 1.10248e-13 0)
(1.5 1.30595e-13 0)
(1.5 1.75721e-13 0)
(1.5 2.05832e-13 0)
(1.5 2.07453e-13 0)
(1.5 1.85562e-13 0)
(1.5 1.5166e-13 0)
(1.5 7.80301e-14 0)
(1.5 -7.70494e-15 0)
(1.5 4.27984e-14 0)
(1.5 7.90613e-14 0)
(1.5 1.18125e-13 0)
(1.5 1.947e-13 0)
(1.5 3.11016e-13 0)
(1.5 3.348e-13 0)
(1.5 1.95025e-13 0)
(1.5 8.63759e-14 0)
(1.5 1.4637e-13 0)
(1.5 2.16055e-14 0)
(1.5 7.20866e-14 0)
(1.5 1.84348e-13 0)
(1.5 2.06329e-13 0)
(1.5 2.16967e-13 0)
(1.5 4.97173e-14 0)
(1.5 8.14518e-14 0)
(1.5 1.15424e-13 0)
(1.5 9.47989e-15 0)
(1.5 -1.27192e-13 0)
(1.5 -6.48044e-14 0)
(1.5 6.25768e-14 0)
(1.5 4.23817e-14 0)
(1.5 3.08624e-14 0)
(1.5 5.55149e-14 0)
(1.5 7.93766e-14 0)
(1.5 1.10366e-13 0)
(1.5 3.59007e-14 0)
(1.5 8.39903e-15 0)
(1.5 3.70287e-14 0)
(1.5 2.15334e-14 0)
(1.5 8.7692e-14 0)
(1.5 1.18283e-13 0)
(1.5 9.82684e-14 0)
(1.5 -4.6288e-14 0)
(1.5 -1.51026e-13 0)
(1.5 -1.40863e-14 0)
(1.5 5.32727e-14 0)
(1.5 4.67163e-14 0)
(1.5 -8.3779e-14 0)
(1.5 -1.6155e-13 0)
(1.5 -5.50289e-14 0)
(1.5 6.80241e-14 0)
(1.5 1.42565e-13 0)
(1.5 9.61114e-14 0)
(1.5 1.00629e-13 0)
(1.5 -2.88197e-14 0)
(1.5 -1.38765e-13 0)
(1.5 -6.10565e-14 0)
(1.5 9.90091e-14 0)
(1.5 9.49067e-14 0)
(1.5 1.52233e-13 0)
(1.5 8.90264e-14 0)
(1.5 -6.60415e-14 0)
(1.5 -1.65248e-13 0)
(1.5 -2.31163e-13 0)
(1.5 -1.68256e-13 0)
(1.5 -5.94536e-14 0)
(1.5 6.97404e-15 0)
(1.5 9.94524e-14 0)
(1.5 1.27044e-13 0)
(1.5 2.07988e-13 0)
(1.5 3.30984e-13 0)
(1.5 3.30463e-13 0)
(1.5 2.1075e-13 0)
(1.5 1.30652e-13 0)
(1.5 9.63734e-14 0)
(1.5 6.43221e-15 0)
(1.5 -1.03043e-14 0)
(1.5 -1.09465e-13 0)
(1.5 -9.33113e-14 0)
(1.5 2.06204e-14 0)
(1.5 9.30198e-14 0)
(1.5 2.0054e-14 0)
(1.5 -9.28747e-14 0)
(1.5 -1.21104e-13 0)
(1.5 -6.11112e-15 0)
(1.5 6.49172e-14 0)
(1.5 2.3084e-13 0)
(1.5 2.18728e-13 0)
(1.5 1.29331e-13 0)
(1.5 1.09514e-13 0)
(1.5 1.97061e-13 0)
(1.5 2.29682e-13 0)
(1.5 2.66746e-13 0)
(1.5 2.04534e-13 0)
(1.5 1.19486e-13 0)
(1.5 7.92252e-14 0)
(1.5 -1.07318e-14 0)
(1.5 -1.63117e-13 0)
(1.5 -2.26224e-13 0)
(1.5 -2.69846e-13 0)
(1.5 1.1073e-14 0)
(1.5 2.80965e-14 0)
(1.5 -3.45683e-15 0)
(1.5 -9.65839e-14 0)
(1.5 -1.19538e-13 0)
(1.5 -1.06266e-13 0)
(1.5 -1.50789e-13 0)
(1.5 -1.25853e-13 0)
(1.5 3.68656e-14 0)
(1.5 1.59172e-13 0)
(1.5 2.29658e-13 0)
(1.5 1.98329e-13 0)
(1.5 1.93673e-13 0)
(1.5 1.9321e-13 0)
(1.5 2.09628e-13 0)
(1.5 1.77218e-13 0)
(1.5 1.29272e-13 0)
(1.5 1.08472e-13 0)
(1.5 1.2081e-13 0)
(1.5 2.11634e-13 0)
(1.5 2.42993e-13 0)
(1.5 2.39523e-13 0)
(1.5 1.51912e-13 0)
(1.5 1.1308e-13 0)
(1.5 1.2047e-13 0)
(1.5 1.30809e-13 0)
(1.5 1.2438e-13 0)
(1.5 1.01578e-13 0)
(1.5 1.34833e-13 0)
(1.5 1.51493e-13 0)
(1.5 1.13725e-13 0)
(1.5 1.17473e-15 0)
(1.5 4.44164e-15 0)
(1.5 3.36327e-14 0)
(1.5 7.49514e-14 0)
(1.5 1.19488e-13 0)
(1.5 1.13833e-13 0)
(1.5 1.17693e-13 0)
(1.5 1.42759e-13 0)
(1.5 1.59485e-13 0)
(1.5 2.0516e-13 0)
(1.5 1.75787e-13 0)
(1.5 1.64163e-13 0)
(1.5 1.42232e-13 0)
(1.5 1.0841e-13 0)
(1.5 5.83133e-14 0)
(1.5 6.40445e-14 0)
(1.5 1.0772e-13 0)
(1.5 1.20679e-13 0)
(1.5 1.08976e-13 0)
(1.5 8.92596e-14 0)
(1.5 9.0699e-14 0)
(1.5 1.25605e-13 0)
(1.5 1.21005e-13 0)
(1.5 7.31801e-14 0)
(1.5 2.38548e-14 0)
(1.5 1.64376e-14 0)
(1.5 1.39364e-14 0)
(1.5 2.27664e-14 0)
(1.5 7.09682e-15 0)
(1.5 -5.90254e-15 0)
(1.5 6.27663e-14 0)
(1.5 8.45892e-14 0)
(1.5 1.45437e-13 0)
(1.5 1.03648e-13 0)
(1.5 1.04236e-13 0)
(1.5 7.48051e-14 0)
(1.5 9.97403e-14 0)
(1.5 6.59409e-14 0)
(1.5 2.70465e-14 0)
(1.5 -2.87276e-14 0)
(1.5 -9.26141e-15 0)
(1.5 -5.0221e-15 0)
(1.5 4.38591e-14 0)
(1.5 1.26185e-14 0)
(1.5 -9.26788e-15 0)
(1.5 3.36116e-14 0)
(1.5 3.0116e-14 0)
(1.5 5.59594e-14 0)
(1.5 4.52822e-14 0)
(1.5 -3.10097e-14 0)
(1.5 -3.66433e-14 0)
(1.5 -1.40802e-13 0)
(1.5 -1.34394e-13 0)
(1.5 -1.64945e-13 0)
(1.5 -1.66959e-13 0)
(1.5 -9.00935e-14 0)
(1.5 -1.65864e-13 0)
(1.5 -2.35567e-13 0)
(1.5 -2.13223e-13 0)
(1.5 -2.20772e-13 0)
(1.5 -2.01265e-13 0)
(1.5 -1.45533e-13 0)
(1.5 -1.07726e-13 0)
(1.5 -9.77072e-14 0)
(1.5 -1.12112e-13 0)
(1.5 -1.06656e-13 0)
(1.5 -7.46599e-14 0)
(1.5 1.15129e-14 0)
(1.5 7.04375e-14 0)
(1.5 1.16735e-13 0)
(1.5 1.84162e-13 0)
(1.5 2.29458e-13 0)
(1.5 2.1452e-13 0)
(1.5 1.46093e-13 0)
(1.5 6.97773e-14 0)
(1.5 1.04856e-13 0)
(1.5 7.63802e-14 0)
(1.5 4.37392e-14 0)
(1.5 1.06649e-13 0)
(1.5 9.50424e-14 0)
(1.5 8.13925e-14 0)
(1.5 1.36224e-13 0)
(1.5 2.39676e-13 0)
(1.5 2.15697e-13 0)
(1.5 1.4191e-13 0)
(1.5 3.3917e-14 0)
(1.5 6.50847e-14 0)
(1.5 -1.74749e-14 0)
(1.5 5.771e-14 0)
(1.5 1.61413e-13 0)
(1.5 2.15381e-13 0)
(1.5 2.37983e-13 0)
(1.5 7.71535e-14 0)
(1.5 6.98952e-14 0)
(1.5 1.27848e-13 0)
(1.5 1.13942e-13 0)
(1.5 -2.16628e-14 0)
(1.5 -4.03899e-14 0)
(1.5 1.32218e-14 0)
(1.5 7.09882e-14 0)
(1.5 4.30928e-14 0)
(1.5 3.63203e-14 0)
(1.5 7.1812e-14 0)
(1.5 1.00552e-13 0)
(1.5 3.54546e-14 0)
(1.5 -7.31819e-15 0)
(1.5 3.9955e-15 0)
(1.5 -1.91704e-14 0)
(1.5 -9.61361e-15 0)
(1.5 9.59386e-15 0)
(1.5 2.57488e-15 0)
(1.5 -6.76944e-14 0)
(1.5 -1.56138e-13 0)
(1.5 -9.50523e-14 0)
(1.5 -2.00731e-14 0)
(1.5 -5.2944e-15 0)
(1.5 -3.84729e-14 0)
(1.5 -1.0852e-13 0)
(1.5 -7.73285e-14 0)
(1.5 -6.38097e-14 0)
(1.5 -4.79825e-14 0)
(1.5 2.75374e-14 0)
(1.5 4.08794e-14 0)
(1.5 -2.61504e-14 0)
(1.5 -1.42304e-13 0)
(1.5 -1.17938e-13 0)
(1.5 3.1924e-14 0)
(1.5 9.73786e-14 0)
(1.5 1.3214e-13 0)
(1.5 6.37399e-14 0)
(1.5 -2.1855e-14 0)
(1.5 -1.19067e-13 0)
(1.5 -1.92334e-13 0)
(1.5 -1.61916e-13 0)
(1.5 -9.02187e-14 0)
(1.5 -1.03102e-13 0)
(1.5 -5.24995e-14 0)
(1.5 -2.40482e-16 0)
(1.5 4.69704e-14 0)
(1.5 1.48193e-13 0)
(1.5 1.58991e-13 0)
(1.5 1.3083e-13 0)
(1.5 8.34001e-14 0)
(1.5 8.19965e-14 0)
(1.5 -3.74845e-14 0)
(1.5 -9.14168e-14 0)
(1.5 -1.62797e-13 0)
(1.5 -1.67914e-13 0)
(1.5 -9.71424e-14 0)
(1.5 -3.08822e-14 0)
(1.5 -7.4463e-14 0)
(1.5 -1.57437e-13 0)
(1.5 -1.76443e-13 0)
(1.5 -4.70855e-14 0)
(1.5 4.72047e-14 0)
(1.5 1.39461e-13 0)
(1.5 1.25444e-13 0)
(1.5 7.28135e-14 0)
(1.5 5.02995e-14 0)
(1.5 1.11442e-13 0)
(1.5 1.4817e-13 0)
(1.5 1.83993e-13 0)
(1.5 1.8453e-13 0)
(1.5 9.92786e-14 0)
(1.5 5.29028e-14 0)
(1.5 1.11092e-14 0)
(1.5 -4.77381e-14 0)
(1.5 -1.17352e-13 0)
(1.5 -1.48977e-13 0)
)
;

boundaryField
{
    inlet
    {
        type            fixedValue;
        value           uniform (1.5 0 0);
    }
    outlet
    {
        type            zeroGradient;
    }
    walls
    {
        type            symmetry;
    }
    frontAndBack
    {
        type            empty;
    }
}


// ************************************************************************* //
