#
#   VizieR Astronomical Server vizier.cds.unistra.fr
#    Date: 2026-08-04T15:38:45 [V7.5.6]
#   In case of problem, please report to:	cds-question@unistra.fr
#
#
#Coosys	J2000:	eq_FK5 J2000
#INFO	service_protocol=ASU	  IVOID of the protocol through which the data was retrieved
#INFO	request_date=2026-08-04T15:38:45	  Query execution date
#INFO	request=https://vizier.cds.unistra.fr/viz-bin/asu-tsv?-source=J/ApJS/265/7/table1&-out.max=unlimited&-out.all	  Full request URL
#INFO	contact=cds-question@unistra.fr	  Email or URL to contact publisher
#INFO	server_software=VizieR/7.5.6	  Software version
#INFO	publisher=CDS	  Data centre that produced the VOTable

#RESOURCE=yCat_22650007
#Name: J/ApJS/265/7
#Title: Void catalogs from SDSS DR7 (Douglass+, 2023)
#INFO	ivoid=ivo://cds.vizier/j/apjs/265/7	    IVOID of underlying data collection
#INFO	data_ivoid=ivo://cds.vizier/j/apjs/265/7	    IVOID of underlying data collection
#INFO	creator=Douglass K.A.	    First author or institution
#INFO	cites=bibcode:2023ApJS..265....7D	    Article or Data origin sources
#INFO	journal=ApJS	    Journal name
#INFO	original_date=2023	    Year of the article publication
#INFO	reference_url=https://cdsarc.cds.unistra.fr/viz-bin/cat/J/ApJS/265/7	    Dataset landing page
#INFO	citation=doi:10.26093/cds/vizier.22650007	    Dataset identifier that can be used for citation
#INFO	publication_date=2023-08-25	    Date of first publication in the data centre
#INFO	rights_uri=https://cds.unistra.fr/vizier-org/licences_vizier.html	    Licence URI
#Table	J_ApJS_265_7_table1:
#Name: J/ApJS/265/7/table1
#Title: VoidFinder output: Maximal spheres for two cosmologies
#Column	recno	(I8)	Record number assigned by the VizieR team. Should Not be used for identification.	[ucd=meta.record]
#Column	Cosmo	(a10)	Cosmology, Plank 2018 or WMAP5 (G1)	[ucd=meta.id;stat.fit]
#Column	x	(F9.4)	[-324.3/-13.9] Cartesian, x coordinate, of maximal sphere	[ucd=pos.cartesian.x]
#Column	y	(F9.4)	[-292.1/266.6] Cartesian, y coordinate, of maximal sphere	[ucd=pos.cartesian.y]
#Column	z	(F8.4)	[-10/294.8] Cartesian, z coordinate, of maximal sphere	[ucd=pos.cartesian.z]
#Column	Rad	(F7.4)	[10/22.6] Radius of maximal sphere	[ucd=phys.size.radius]
#Column	void	(I4)	[0/1183]? Unique sequential identifier for that cosmology	[ucd=meta.id;meta.main]
#Column	edge	(I1)	[0/2] Flag identifying whether any part of the void falls outside of the survey mask	[ucd=meta.code]
#Column	s	(F8.4)	[27.37/327.5] Comoving distance of maximal sphere center	[ucd=pos.distance]
#Column	RAJ2000	(F15.11)	[112.2/259.1] Right Ascension of maximal sphere center (J2000)	[ucd=pos.eq.ra;meta.main]
#Column	DEJ2000	(F15.11)	[-2.1/67] Declination of maximal sphere center (J2000)	[ucd=pos.eq.dec;meta.main]
#Column	Reff	(F7.4)	[10.17/30.74] Effective radius of the void to which the maximal sphere belongs	[ucd=phys.size.radius]
recno	Cosmo	x	y	z	Rad	void	edge	s	RAJ2000	DEJ2000	Reff
 	 	h-1.Mpc	h-1.Mpc	h-1.Mpc	h-1.Mpc	 	 	h-1.Mpc	deg	deg	h-1.Mpc
--------	----------	---------	---------	--------	-------	----	-	--------	---------------	---------------	-------
       1	Planck2018	-169.0413	 162.8844	209.4405	22.4417	   0	1	314.5975	136.06265545087	+41.73920417296	27.8552
       2	Planck2018	-135.9685	  52.5286	271.5382	22.3353	   1	1	308.1877	158.87701577003	+61.77297685779	30.6113
       3	Planck2018	-167.6115	  95.7919	251.2007	21.8144	   2	1	316.8147	150.25153253167	+52.45687915979	27.9429
       4	Planck2018	-269.4564	 -80.6524	134.9772	21.7608	   3	1	311.9782	196.66323797024	+25.63581484396	29.5412
       5	Planck2018	-229.3447	 110.9750	103.6774	21.1448	   4	0	275.0699	154.17864995236	+22.14259611102	28.6943
       6	Planck2018	-202.2294	 166.7282	104.2777	20.9915	   5	0	282.0795	140.49608135952	+21.69555919529	28.4901
       7	Planck2018	-162.8306	 -16.6049	 10.1295	19.6601	   6	1	163.9882	185.82270439592	 +3.54140216574	26.7293
       8	Planck2018	-141.2742	  77.9301	101.0745	19.5907	   7	0	190.3879	151.11786164722	+32.06543452762	26.0897
       9	Planck2018	 -89.0438	 -95.4503	220.2495	19.5826	   8	1	256.0262	226.98877839403	+59.34598699248	24.5112
      10	Planck2018	 -79.7853	 -63.6730	133.4263	19.4820	   9	0	167.9956	218.59179247361	+52.58209843181	25.1269
      11	Planck2018	-104.4300	-150.5988	 45.9222	19.4313	  10	0	188.9299	235.26132976017	+14.06751312802	25.7404
      12	Planck2018	-208.4428	-128.8704	150.2589	19.4229	  11	0	287.4608	211.72654715639	+31.51426082927	26.0702
      13	Planck2018	 -60.4603	  49.6048	148.9478	19.3488	  12	1	168.2306	140.63276461273	+62.29817319188	23.0433
      14	Planck2018	 -94.1347	 -73.6434	105.6167	19.3305	  13	0	159.4979	218.03677132917	+41.46652909480	25.9219
      15	Planck2018	-225.0628	  17.2486	176.7382	19.2508	  14	0	286.6830	175.61748273294	+38.06051677391	25.5126
      16	Planck2018	-252.3337	 -25.1993	195.6725	19.2186	  15	1	320.3046	185.70293688506	+37.65425316473	23.6745
      17	Planck2018	-261.1747	 -47.9004	 93.1701	19.0838	  16	0	281.4025	190.39276463578	+19.33506006373	25.7933
      18	Planck2018	-228.3851	  27.3212	144.7505	19.0765	  17	0	271.7699	173.17825932799	+32.18274626974	25.9186
      19	Planck2018	 -78.3477	  82.9179	 21.0453	18.9694	  18	0	116.0028	133.37671428110	+10.45249951393	25.3219
      20	Planck2018	 -82.3234	  95.0314	133.5049	18.9365	  19	0	183.3894	130.90157111698	+46.71780206997	24.5057
      21	Planck2018	-203.4135	-163.8965	175.9411	18.8747	  20	1	314.9514	218.85945330802	+33.96105996878	24.2507
      22	Planck2018	 -91.9881	-143.9272	219.7094	18.8250	  21	1	278.2967	237.41615784739	+52.13683255808	25.6236
      23	Planck2018	-104.8323	-144.1608	189.3136	18.6717	  22	0	260.0226	233.97571545736	+46.72448835796	24.4404
      24	Planck2018	-218.9220	  59.9478	144.9569	18.4379	  23	0	269.3197	164.68600067686	+32.56346809697	25.5555
      25	Planck2018	-195.5604	-144.3230	196.6593	18.3640	  24	1	312.6466	216.42721278483	+38.97746420660	25.2520
      26	Planck2018	-165.8638	  24.4088	 32.2422	18.3147	  25	0	170.7224	171.62835374566	+10.88610112343	24.7483
      27	Planck2018	-142.6858	  49.8515	190.2989	18.2913	  26	0	243.0187	160.74161428584	+51.54187180321	23.6438
      28	Planck2018	-222.1048	 184.3063	131.6063	18.2658	  27	1	317.2059	140.31354901276	+24.51253261461	23.0575
      29	Planck2018	-164.7455	-237.9831	128.3213	18.2350	  28	1	316.6124	235.30680927832	+23.90960007775	24.4484
      30	Planck2018	-151.3752	-104.1618	212.8651	17.9494	  29	0	281.2040	214.53201015967	+49.19847225807	24.5979
      31	Planck2018	-105.8686	-279.2353	116.4483	17.9337	  30	1	320.5319	249.23639864887	+21.30281593796	21.7880
      32	Planck2018	-216.9849	 206.7850	 41.0046	17.9133	  31	0	302.5291	136.37881080198	 +7.78981660692	23.5728
      33	Planck2018	-104.6129	 -13.3293	 41.3115	17.8069	  32	0	113.2615	187.26122752613	+21.39183458021	24.1166
      34	Planck2018	-129.2974	 173.0282	237.3346	17.7927	  33	1	320.9117	126.76936203608	+47.69425378644	21.9910
      35	Planck2018	-253.2922	-113.8159	 17.7686	17.7704	  34	0	278.2566	204.19658927217	 +3.66122479812	23.3666
      36	Planck2018	-229.2863	-206.8276	 18.3632	17.7118	  35	1	309.3333	222.05202026222	 +3.40330542464	23.5638
      37	Planck2018	-128.6294	-201.7801	213.4473	17.6426	  36	1	320.6563	237.48358667266	+41.73278564242	21.7504
      38	Planck2018	-161.4434	  95.9150	221.1784	17.6234	  37	0	290.1440	149.28505014842	+49.66787912309	24.1588
      39	Planck2018	-243.9392	 103.5318	157.0346	17.5092	  38	0	308.0342	157.00284751711	+30.65024546881	24.0279
      40	Planck2018	-260.0825	   2.3114	183.7290	17.4960	  39	1	318.4409	179.49081483936	+35.23731006169	21.9528
      41	Planck2018	-193.2192	 118.3315	227.7125	17.4524	  40	1	321.2304	148.51582012629	+45.14353414647	21.8591
      42	Planck2018	 -95.3797	  78.0727	269.1592	17.4053	  41	1	296.0393	140.69808850184	+65.39513432339	21.4044
      43	Planck2018	-106.2597	 128.1854	188.7161	17.3815	  42	0	251.6672	129.65714577181	+48.57855798752	22.8742
      44	Planck2018	-243.9831	 203.9374	  7.9372	17.3470	  43	1	318.0899	140.10886199318	 +1.42982723200	21.1274
      45	Planck2018	 -85.8582	-186.8094	158.9796	17.2790	  44	0	259.8920	245.31633268943	+37.71353081065	23.4482
      46	Planck2018	-156.3411	 -91.6096	 -1.5357	17.1106	  45	1	181.2105	210.36859561652	 -0.48556634619	22.3571
      47	Planck2018	-171.9074	-126.1533	 30.9269	17.0770	  46	0	215.4606	216.27286813456	 +8.25266852175	23.2665
      48	Planck2018	-221.3003	  56.3294	109.9424	17.0605	  47	0	253.4446	165.71929420364	+25.70850205796	22.7781
      49	Planck2018	-183.0602	  71.8488	 79.7754	16.9933	  48	0	212.2202	158.57062021420	+22.08048649271	22.3196
      50	Planck2018	-116.7037	-152.1588	228.4702	16.9819	  49	0	298.2796	232.51228869676	+49.99246677556	23.0332
      51	Planck2018	-235.1315	-121.6598	 36.6122	16.9228	  50	0	267.2609	207.35758607417	 +7.87373915843	22.7682
      52	Planck2018	 -63.7907	-178.5679	176.7932	16.8639	  51	1	259.2520	250.34148748336	+42.99510238518	21.9613
      53	Planck2018	-239.3375	 -29.3196	 97.9527	16.8159	  52	0	260.2629	186.98411475300	+22.10842497406	22.9642
      54	Planck2018	-133.8352	 -36.4565	 62.1117	16.7899	  53	0	151.9829	195.23757701110	+24.12165756411	22.9930
      55	Planck2018	-283.9561	 -64.9488	 71.2182	16.7397	  54	0	299.8691	192.88353477613	+13.73889965584	23.0340
      56	Planck2018	 -33.3924	-106.2753	 81.4691	16.7201	  55	1	138.0098	252.55692017093	+36.17927603175	21.3833
      57	Planck2018	-109.7343	 123.1946	148.0415	16.6984	  56	0	221.6637	131.69271598928	+41.90250527111	22.1598
      58	Planck2018	-263.1370	-161.3063	 86.9461	16.6956	  57	1	320.6562	211.50882935623	+15.73274461225	20.4052
      59	Planck2018	 -88.6507	  67.1115	214.7517	16.6853	  58	1	241.8288	142.87308984638	+62.62696071105	22.4550
      60	Planck2018	 -62.1076	-177.0753	 70.5714	16.6409	  59	1	200.4828	250.67213423945	+20.61013919966	20.9695
      61	Planck2018	-250.3593	 112.0648	 29.3439	16.6279	  60	0	275.8611	155.88594758468	 +6.10621516735	21.7088
      62	Planck2018	-139.7976	 102.0415	 48.0218	16.6011	  61	0	179.6161	143.87343847678	+15.50710440494	22.8684
      63	Planck2018	-225.2649	-200.9112	 58.3789	16.5996	  62	0	307.4373	221.72940671023	+10.94628656348	21.9891
      64	Planck2018	 -83.5744	  -1.6993	189.1783	16.5551	  63	1	206.8235	181.16481923553	+66.16094895052	19.3887
      65	Planck2018	-180.7840	-241.4572	  9.9063	16.5547	  64	1	301.7989	233.17704962018	 +1.88101920434	22.9263
      66	Planck2018	-216.4730	  -3.5320	139.1172	16.5094	  65	0	257.3453	180.93477384099	+32.72351469703	22.4115
      67	Planck2018	-298.3030	 100.5401	 63.2189	16.4675	  66	1	321.0757	161.37412083297	+11.35557724088	21.2198
      68	Planck2018	-107.3706	 160.0992	184.8911	16.4414	  67	0	267.1047	123.84778719731	+43.80487674070	22.7871
      69	Planck2018	-236.9628	  -0.5358	202.5687	16.3942	  68	0	311.7462	180.12955762923	+40.52555187544	21.9486
      70	Planck2018	-154.3974	  61.5917	219.1236	16.3634	  69	0	275.0405	158.25211102877	+52.81573414739	21.8376
      71	Planck2018	-195.8931	-112.3686	131.8131	16.3631	  70	0	261.4871	209.83952195225	+30.27097148240	21.6898
      72	Planck2018	-243.6256	  45.8073	131.6255	16.3265	  71	0	280.6724	169.35136902563	+27.96712827455	21.5335
      73	Planck2018	-165.4036	  92.6883	195.3734	16.3264	  72	0	272.2503	150.73473910790	+45.85866531166	22.2801
      74	Planck2018	-105.4658	 -92.8623	254.0544	16.3044	  73	1	290.3275	221.36379220674	+61.05223385429	21.1303
      75	Planck2018	-207.8876	 -56.8121	168.2067	16.2251	  74	0	273.3831	195.28474581401	+37.97213454444	21.8252
      76	Planck2018	-215.3605	 -94.8524	207.3050	16.1694	  75	1	313.6120	203.77040386619	+41.37800165258	21.4973
      77	Planck2018	-138.8141	-217.7839	190.2129	16.1581	  76	1	320.7493	237.48681057631	+36.37207923081	20.2986
      78	Planck2018	-289.2048	-116.3201	 30.3328	16.1317	  77	1	313.1930	201.91031777066	 +5.55782166136	22.1349
      79	Planck2018	-122.6380	-175.2879	 82.9523	16.0970	  78	0	229.4494	235.02191834951	+21.19405251338	21.2810
      80	Planck2018	-151.1740	-222.4643	146.3510	16.0792	  79	0	306.2067	235.80222289897	+28.55149032699	20.9430
      81	Planck2018	 -81.8943	  31.0506	153.7963	16.0385	  80	1	176.9862	159.23556429796	+60.33956163652	21.3336
      82	Planck2018	-215.8903	 149.5435	 83.0718	16.0121	  81	0	275.4502	145.29030969411	+17.55286314813	21.3425
      83	Planck2018	-144.8011	 -86.6820	170.9084	16.0042	  82	0	240.1891	210.90591961093	+45.36178591133	21.7954
      84	Planck2018	-163.6355	  25.1114	177.2249	15.9995	  83	0	242.5197	171.27548933863	+46.95054603402	21.7565
      85	Planck2018	-130.6817	  84.5887	212.5017	15.9887	  84	0	263.4197	147.08549815629	+53.77514714465	21.2600
      86	Planck2018	-141.8942	-231.4458	116.8266	15.9291	  85	0	295.5496	238.48849033106	+23.28380012383	21.0953
      87	Planck2018	-249.4125	 -76.9570	111.2299	15.9179	  86	0	283.7271	197.14776425360	+23.08095174878	22.1009
      88	Planck2018	-205.8602	  -9.1508	236.1382	15.8984	  87	1	313.4062	182.54522182751	+48.89077270549	20.3018
      89	Planck2018	-126.4349	 -39.2175	168.0505	15.8767	  88	0	213.9270	197.23280568426	+51.77164457796	22.3675
      90	Planck2018	-251.1327	  27.6936	 -7.2980	15.8267	  89	1	252.7604	173.70715288418	 -1.65453402891	19.7560
      91	Planck2018	-107.8223	 205.2571	198.2055	15.7857	  90	0	305.0272	117.71310919381	+40.52624678667	21.0069
      92	Planck2018	-194.7315	 199.2099	119.7147	15.7839	  91	0	303.2104	134.34868445455	+23.25499121437	20.9023
      93	Planck2018	-168.7862	 170.7740	  6.1267	15.7623	  92	1	240.1877	134.66459185355	 +1.46165004055	20.5874
      94	Planck2018	-142.2669	 118.2178	187.2471	15.7508	  93	0	263.2049	140.27484215812	+45.34990614653	20.8542
      95	Planck2018	-202.0446	-178.8546	 -1.0066	15.7451	  94	1	269.8370	221.51600656729	 -0.21372936104	19.9111
      96	Planck2018	 -58.8670	  68.5004	 59.4178	15.7244	  95	0	108.1116	130.67468846265	+33.33938650679	21.4511
      97	Planck2018	-251.2026	   4.8242	118.2651	15.7127	  96	0	277.6917	178.89980633400	+25.20679157109	20.3656
      98	Planck2018	-198.3617	   8.7849	199.5541	15.6880	  97	0	281.5073	177.46417578317	+45.14363103582	21.0623
      99	Planck2018	-143.0012	 -74.1916	279.1399	15.6867	  98	1	322.2931	207.42110763993	+60.00921080182	19.7225
     100	Planck2018	 -96.8859	 195.5270	234.3516	15.6748	  99	1	320.2161	116.35896072106	+47.04208583225	19.0466
     101	Planck2018	-238.7587	 177.7182	109.1267	15.6524	 100	1	317.0144	143.33814029266	+20.13496889320	20.5245
     102	Planck2018	-133.6185	  71.4404	248.0434	15.6355	 101	0	290.6599	151.86838870496	+58.58125087569	21.0016
     103	Planck2018	 -75.3318	  50.8738	172.8496	15.6271	 102	1	195.2947	145.96769768300	+62.26023986015	21.1231
     104	Planck2018	-115.0836	   2.2466	241.9012	15.6267	 103	1	267.8908	178.88165273846	+64.55317099966	20.5441
     105	Planck2018	-145.4595	-285.3911	 35.7317	15.6125	 104	1	322.3093	242.99274264391	 +6.36497726828	17.7607
     106	Planck2018	 -63.3909	 -36.0217	145.5842	15.6007	 105	1	162.8212	209.60731328207	+63.39763350592	19.2269
     107	Planck2018	-205.5464	 -88.7798	161.6498	15.6000	 106	0	276.1554	203.36053562536	+35.82827945625	21.1975
     108	Planck2018	-138.6880	-163.2603	241.1930	15.5954	 107	1	322.5870	229.65243725743	+48.39012312006	19.3180
     109	Planck2018	-135.7274	 -37.2482	104.1328	15.5901	 108	0	175.0799	195.34608334455	+36.49644283304	20.3916
     110	Planck2018	-247.9965	 127.8197	143.9706	15.5675	 109	1	313.9549	152.73300036101	+27.29493169505	21.0471
     111	Planck2018	-170.3525	 210.4066	116.5229	15.5336	 110	0	294.7346	128.99484207150	+23.28771132749	21.2342
     112	Planck2018	-161.4467	 124.8734	208.1188	15.5326	 111	0	291.4993	142.27929669739	+45.55801801193	20.5028
     113	Planck2018	-153.5236	-148.8381	198.0085	15.5055	 112	0	291.4269	224.11219709313	+42.80026781996	21.4386
     114	Planck2018	-226.1638	 139.6943	 52.2472	15.5029	 113	0	270.9138	148.29767739886	+11.11947592206	21.3485
     115	Planck2018	-114.2403	-243.6546	166.6009	15.4764	 114	1	316.5031	244.87991302591	+31.76117755581	20.9631
     116	Planck2018	 -94.5914	 145.6494	 30.0083	15.4492	 115	1	176.2435	123.00153607618	 +9.80328340023	19.7013
     117	Planck2018	-244.9674	  69.0621	137.3033	15.3795	 116	0	289.1899	164.25561108762	+28.34540821538	20.4618
     118	Planck2018	-118.4747	-209.1393	 47.7747	15.3442	 117	0	245.0672	240.46900709664	+11.24153383033	20.4532
     119	Planck2018	 -77.1272	-203.6835	 97.3464	15.3349	 118	0	238.5621	249.26022182964	+24.08270521810	20.1266
     120	Planck2018	-164.5329	 211.8519	  8.4474	15.3127	 119	1	268.3723	127.83438533868	 +1.80375554649	19.7090
     121	Planck2018	 -62.0847	 -84.8480	102.5957	15.2847	 120	0	146.8998	233.80643720433	+44.29924256993	21.3162
     122	Planck2018	-199.5450	 108.2675	187.4117	15.2746	 121	0	294.3862	151.51699493901	+39.54013225313	20.4223
     123	Planck2018	-102.7226	-177.5419	182.7690	15.2670	 122	0	274.7318	239.94709261072	+41.70252265370	20.1359
     124	Planck2018	-301.1047	  47.3630	 65.8833	15.2270	 123	2	311.8460	171.06077284631	+12.19671119059	20.8321
     125	Planck2018	-158.3397	  55.5415	100.9402	15.2059	 124	0	195.8194	160.67044768721	+31.02927908853	19.9516
     126	Planck2018	-169.6075	 100.8663	153.0662	15.1966	 125	0	249.7398	149.25987912880	+37.79968067543	20.1745
     127	Planck2018	-140.5771	 126.5136	  5.5732	15.1917	 126	1	189.2054	138.01410055333	 +1.68792485707	18.9833
     128	Planck2018	 -64.0591	-135.0082	169.4386	15.1866	 127	1	225.9208	244.61646864383	+48.58960320271	20.0269
     129	Planck2018	 -85.0594	  33.0043	130.3405	15.1630	 128	0	159.1007	158.79301512065	+55.00806917407	20.0334
     130	Planck2018	-210.1913	 -34.4720	201.4382	15.1605	 129	0	293.1656	189.31377530023	+43.40209827539	20.1148
     131	Planck2018	-194.0989	 251.1155	  9.8126	15.1543	 130	1	317.5369	127.70211433927	 +1.77084742780	16.5463
     132	Planck2018	-254.4196	  -0.4770	 74.9066	15.1526	 131	0	265.2179	180.10742965445	+16.40553501621	20.8238
     133	Planck2018	-109.1903	 208.7266	165.2303	15.1156	 132	1	287.7332	117.61523702538	+35.04700976741	20.1507
     134	Planck2018	-194.9687	 -50.0867	211.8858	15.1031	 133	0	292.2619	194.40749846056	+46.46766883821	20.7875
     135	Planck2018	-277.1635	 -47.1553	153.6320	15.0994	 134	1	320.3842	189.65558450848	+28.65434627861	19.2085
     136	Planck2018	-162.7679	 186.4481	105.1812	15.0846	 135	0	268.9226	131.12073387968	+23.02425990417	21.1840
     137	Planck2018	-165.9002	 151.2464	146.7800	15.0784	 136	0	268.2214	137.64547447388	+33.17749589335	19.3038
     138	Planck2018	-117.7341	 171.1139	214.2161	15.0539	 137	0	298.3787	124.52973615027	+45.88414865664	20.4358
     139	Planck2018	-115.4161	 -70.9517	 28.2938	15.0412	 138	0	138.4037	211.58100163912	+11.79610628663	20.4750
     140	Planck2018	 -81.9773	 -41.4634	107.3426	15.0365	 139	0	141.2867	206.82988437831	+49.44218066549	19.3444
     141	Planck2018	-130.9318	 222.5998	 54.8001	15.0224	 140	1	264.0016	120.46377837042	+11.98026882898	18.5638
     142	Planck2018	-283.4955	 152.3769	  3.3792	14.9824	 141	1	321.8693	151.74227434152	 +0.60154690788	17.9238
     143	Planck2018	 -71.1488	  87.7704	181.5492	14.9823	 142	1	213.8362	129.02903525579	+58.10422699020	19.7405
     144	Planck2018	-187.8942	 -82.0357	229.5895	14.9492	 143	0	307.8075	203.58637445040	+48.23532496701	19.8383
     145	Planck2018	-118.2416	 -97.7189	113.6859	14.9455	 144	0	190.9307	219.57150534613	+36.54330864723	19.6590
     146	Planck2018	-212.2226	-217.3430	 33.3537	14.9367	 145	0	305.5959	225.68292245825	 +6.26591555961	20.4160
     147	Planck2018	-161.2186	-193.2131	174.1250	14.9343	 146	0	306.0101	230.15810353526	+34.68170378047	19.2297
     148	Planck2018	-237.7324	-110.9766	126.8318	14.9212	 147	0	291.4083	205.02377832967	+25.80040748374	19.4916
     149	Planck2018	-186.8134	 -29.3687	192.4525	14.9151	 148	0	269.8143	188.93428078844	+45.50224321265	20.2865
     150	Planck2018	-139.8056	 149.7586	220.2970	14.9073	 149	0	300.8389	133.03138736212	+47.07751741371	20.0285
     151	Planck2018	 -66.5961	-260.2742	101.4814	14.8940	 150	1	287.1866	255.64770613080	+20.69319965609	18.1214
     152	Planck2018	 -97.5223	  63.9424	108.9060	14.8930	 151	0	159.5611	146.74836539694	+43.04201790619	19.5410
     153	Planck2018	 -68.8210	 -69.5316	 60.4355	14.8606	 152	0	114.9932	225.29428107295	+31.70577081137	19.8528
     154	Planck2018	-255.2214	 184.6671	 67.3511	14.8583	 153	1	322.1430	144.11213425409	+12.06797244042	18.9772
     155	Planck2018	-108.0195	  26.9379	237.7831	14.8336	 154	1	262.5541	165.99717386564	+64.91146730057	18.3471
     156	Planck2018	-245.9481	 162.0535	 27.5685	14.8162	 155	0	295.8240	146.61938408137	 +5.34728112783	19.5980
     157	Planck2018	-146.2379	 127.5114	255.1931	14.7869	 156	1	320.5748	138.91336910420	+52.75439731391	18.9212
     158	Planck2018	-124.5443	-138.3485	 -0.6731	14.7835	 157	1	186.1506	228.00577604924	 -0.20717844550	18.2778
     159	Planck2018	-123.6493	  23.0111	 98.9825	14.7740	 158	0	160.0506	169.45788327410	+38.20267513408	19.6765
     160	Planck2018	-103.0990	-256.8595	 83.9272	14.7581	 159	1	289.2230	248.13031574660	+16.86883466910	18.7640
     161	Planck2018	-185.0232	   9.4608	241.1582	14.7521	 160	0	304.1058	177.07283777458	+52.46745956174	19.5307
     162	Planck2018	-113.9571	  78.3399	287.3967	14.7488	 161	1	318.9361	145.49339946234	+64.30445421719	18.2428
     163	Planck2018	-283.0027	 -43.5217	 -0.3240	14.7429	 162	2	286.3298	188.74277165991	 -0.06483805908	19.8010
     164	Planck2018	-140.0297	 112.2737	 70.4084	14.7143	 163	0	192.7979	141.27788803434	+21.41943920849	19.9621
     165	Planck2018	-197.6070	 -89.9743	 84.0952	14.7128	 164	0	232.8431	204.48069831477	+21.17187023377	18.8774
     166	Planck2018	 -77.2812	-187.4389	 43.6260	14.7099	 165	1	207.3860	247.59362241273	+12.14351981609	17.8691
     167	Planck2018	-148.4745	 134.3576	122.4480	14.6959	 166	0	234.7129	137.85741106881	+31.44584743037	19.1381
     168	Planck2018	-272.3927	  48.6459	 61.1443	14.6867	 167	0	283.3776	169.87443942887	+12.46069467171	19.5681
     169	Planck2018	 -88.2166	  27.3813	194.8310	14.6771	 168	1	215.6178	162.75633272812	+64.63462129894	18.2400
     170	Planck2018	-223.8591	-184.8307	 -9.9994	14.6731	 169	1	290.4742	219.54499892330	 -1.97275653980	18.0946
     171	Planck2018	-139.0045	-198.9685	176.7657	14.6725	 170	0	300.2612	235.06086420218	+36.06525259408	20.3943
     172	Planck2018	-204.6478	  72.4302	 56.6667	14.6675	 171	0	224.3612	160.50978547244	+14.62958062323	19.2420
     173	Planck2018	-176.0068	 -27.5204	172.9079	14.6502	 172	0	248.2597	188.88679841613	+44.14525467095	19.9371
     174	Planck2018	-259.4614	 -47.5292	181.9133	14.6052	 173	1	320.4242	190.38058557766	+34.59183738350	19.9440
     175	Planck2018	 -71.6993	-174.8440	201.5842	14.5861	 174	1	276.3103	247.70265333713	+46.84929080266	17.4445
     176	Planck2018	-165.7171	 104.2861	 30.3769	14.5675	 175	0	198.1426	147.81771558871	 +8.81868641867	19.6859
     177	Planck2018	-168.8808	-238.8973	 72.6546	14.5554	 176	0	301.4487	234.74282543101	+13.94663272615	19.5702
     178	Planck2018	-167.3622	-271.0687	 48.3265	14.5249	 177	1	322.2170	238.30814720491	 +8.62584378052	17.6245
     179	Planck2018	-190.5266	 128.5952	 75.8900	14.4959	 178	0	242.0669	145.98275911497	+18.27077905117	19.0295
     180	Planck2018	-118.9482	 -38.0802	215.2112	14.4541	 179	0	248.8265	197.75199501882	+59.87181316793	19.6368
     181	Planck2018	-135.3960	 114.0173	104.4123	14.4018	 180	0	205.5090	139.89918113752	+30.53514657078	20.3649
     182	Planck2018	-151.7521	  77.8988	 59.8766	14.3973	 181	0	180.7820	152.82722797843	+19.34216018097	18.5044
     183	Planck2018	 -94.9900	 123.9272	259.5294	14.3945	 182	1	302.8804	127.47011940112	+58.96702954883	18.5154
     184	Planck2018	-166.9876	   8.2290	 87.4340	14.3913	 183	0	188.6725	177.17878152747	+27.60782912829	19.5932
     185	Planck2018	 -82.1721	 139.0717	218.7729	14.3864	 184	1	271.9463	120.57719485203	+53.55919411349	16.0704
     186	Planck2018	 -83.5865	-203.6279	 60.1347	14.3836	 185	1	228.1824	247.68251256771	+15.28009560586	18.2334
     187	Planck2018	-194.5000	 -38.1305	107.3103	14.3804	 186	0	225.3879	191.09181307276	+28.43190266756	18.7104
     188	Planck2018	 -41.3703	 -67.5956	 11.5421	14.3799	 187	1	 80.0868	238.53224570248	 +8.28630545122	18.0274
     189	Planck2018	 -99.0575	 -16.8949	  5.1143	14.3741	 188	1	100.6180	189.67901091250	 +2.91355522302	18.1267
     190	Planck2018	-292.4247	 -91.3722	 80.2392	14.3700	 189	1	316.7009	197.35214220715	+14.67641150278	19.1378
     191	Planck2018	 -99.7959	 128.8744	 15.6505	14.3483	 190	1	163.7461	127.75297773453	 +5.48459257892	19.5310
     192	Planck2018	-311.8765	 -41.3625	 20.6783	14.3463	 191	0	315.2862	187.55473830696	 +3.76049822280	18.6071
     193	Planck2018	-104.5857	 -62.4134	 50.6616	14.3390	 192	0	131.9098	210.82741326077	+22.58555168223	19.6560
     194	Planck2018	 -55.4142	 -82.9178	137.3606	14.3382	 193	1	169.7470	236.24506431559	+54.01862962295	18.4036
     195	Planck2018	-191.8386	 134.5481	157.8822	14.3379	 194	0	282.5457	144.95568427344	+33.97180102963	18.7804
     196	Planck2018	 -96.6376	-189.8511	 88.9625	14.3341	 195	0	230.8605	243.02307921131	+22.66557511664	19.1805
     197	Planck2018	-248.3384	-135.5944	 98.5703	14.2822	 196	0	299.6230	208.63482894073	+19.20695058847	18.9207
     198	Planck2018	-153.4227	 -31.6360	 48.9082	14.2431	 197	0	164.1078	191.65118334067	+17.33900787954	19.4336
     199	Planck2018	-105.8607	 -88.5239	135.8687	14.2320	 198	0	193.6576	219.90339391724	+44.55488893302	18.6013
     200	Planck2018	 -60.5710	 111.4110	102.5660	14.2312	 199	1	163.0983	118.53165114486	+38.96608806448	18.8498
     201	Planck2018	-139.2789	 100.9967	172.7858	14.2282	 200	0	243.8317	144.05264155057	+45.12335614370	19.7563
     202	Planck2018	-118.6186	-140.8513	167.8285	14.2276	 201	0	249.1503	229.89743503816	+42.34580301464	19.5932
     203	Planck2018	-164.5037	-127.4720	175.4415	14.2206	 202	0	272.1954	217.77170094451	+40.13139822482	18.8560
     204	Planck2018	 -72.6824	 -59.5375	 94.8106	14.1998	 203	0	133.4785	219.32250114592	+45.25986344134	19.4169
     205	Planck2018	-145.8814	  43.9562	237.2353	14.1952	 204	0	281.9470	163.23168479821	+57.29015728528	19.1520
     206	Planck2018	-166.5559	 180.9259	 59.4658	14.1871	 205	0	253.0045	132.63190041887	+13.59388724777	19.0296
     207	Planck2018	-271.8054	 172.0447	 31.7120	14.1848	 206	1	323.2386	147.66741217890	 +5.63018411398	17.1585
     208	Planck2018	 -24.8337	 -62.9804	 35.2676	14.1795	 207	1	 76.3351	248.48025884454	+27.51689382181	16.6952
     209	Planck2018	-212.5385	 232.1029	 36.8053	14.1619	 208	1	316.8581	132.48058750925	 +6.67035886179	19.2488
     210	Planck2018	-140.6574	-130.5583	149.7909	14.1528	 209	0	243.4488	222.86749077798	+37.97279077149	18.2530
     211	Planck2018	-243.7568	 133.7938	 64.5611	14.1446	 210	0	285.4580	151.23840303483	+13.07148644200	19.7252
     212	Planck2018	 -85.9020	 125.5067	144.9302	14.1407	 211	0	210.0854	124.38936122912	+43.61929660972	19.1594
     213	Planck2018	-152.5138	 -71.3984	111.6543	14.1154	 212	0	202.0517	205.08634033051	+33.54574392630	19.2302
     214	Planck2018	-145.8842	  96.4201	121.1573	14.1047	 213	0	212.7396	146.53785613260	+34.71604939875	19.7974
     215	Planck2018	-128.7283	 199.1966	 97.4417	14.0874	 214	0	256.4081	122.87205775278	+22.33528188194	17.7709
     216	Planck2018	-213.8725	 113.7000	213.5043	14.0849	 215	1	322.8826	152.00375984450	+41.39483149724	17.0510
     217	Planck2018	-202.3824	  11.4899	 -4.6190	14.0830	 216	1	202.7609	176.75063584239	 -1.30532818897	17.4120
     218	Planck2018	-144.3088	 185.0722	 68.5489	14.0817	 217	0	244.4907	127.94509822260	+16.28254532625	19.2813
     219	Planck2018	-203.1125	  12.8527	153.3866	14.0792	 218	0	254.8477	176.37921276260	+37.00435420568	19.9126
     220	Planck2018	-114.8802	 -34.8663	 33.4212	14.0754	 219	0	124.6198	196.88312821816	+15.55630903691	18.7354
     221	Planck2018	 -56.3735	-212.6493	 99.1141	14.0740	 220	1	241.2909	255.15238044404	+24.25295770673	16.8112
     222	Planck2018	-257.7673	 -57.1670	 50.3673	14.0542	 221	0	268.7916	192.50451689723	+10.80016837260	18.3453
     223	Planck2018	-101.4850	-169.7920	219.9348	14.0541	 222	0	295.8037	239.13316414304	+48.03179997192	19.1895
     224	Planck2018	-175.6892	 -30.5049	138.0991	14.0486	 223	0	225.5407	189.85005982191	+37.75615797686	17.9266
     225	Planck2018	-217.1453	 107.8458	 16.3287	14.0355	 224	0	243.0009	153.58857276249	 +3.85296568630	18.1637
     226	Planck2018	 -98.8478	  73.5853	  6.1001	14.0284	 225	1	123.3811	143.33487181977	 +2.83394392521	17.1587
     227	Planck2018	-278.2615	-143.3448	 30.3287	14.0157	 226	1	314.4790	207.25499988714	 +5.53426255500	18.0020
     228	Planck2018	-131.8097	 -89.8653	237.1101	14.0086	 227	0	285.7809	214.28541206230	+56.06708514464	17.9644
     229	Planck2018	-146.6494	  58.3522	 81.7950	13.9927	 228	0	177.7680	158.30225933133	+27.39500335847	19.2197
     230	Planck2018	-124.6707	-126.1507	266.9945	13.9833	 229	1	320.5352	225.33807480671	+56.40449195017	17.7873
     231	Planck2018	-281.0047	  62.1130	144.5870	13.9699	 230	1	322.0669	167.53580786790	+26.67536077835	18.0051
     232	Planck2018	-182.0753	-152.2528	219.2048	13.9653	 231	1	323.0837	219.90264056234	+42.72473056318	16.7743
     233	Planck2018	-237.7561	-176.8556	 34.6400	13.9597	 232	0	298.3385	216.64382955097	 +6.66764330251	18.8771
     234	Planck2018	-226.2918	 137.7007	185.5904	13.9551	 233	1	323.4398	148.67909261730	+35.01578843999	16.1043
     235	Planck2018	-164.6171	 174.5963	165.5589	13.9307	 234	0	291.5345	133.31492349929	+34.60306701316	19.1845
     236	Planck2018	-176.9098	 147.9428	  5.3350	13.9208	 235	1	230.6786	140.09556686216	 +1.32521670957	17.4476
     237	Planck2018	-233.0680	-103.1824	171.6739	13.9027	 236	0	307.3097	203.87963118085	+33.96144942196	18.7526
     238	Planck2018	-285.0899	-134.8283	 66.7531	13.9013	 237	1	322.3521	205.31099366769	+11.95136386834	16.5611
     239	Planck2018	-138.8562	 -26.9670	234.6333	13.8965	 238	0	273.9728	190.99048246959	+58.91599544950	18.6349
     240	Planck2018	 -43.7987	  49.1568	  7.3296	13.8891	 239	1	 66.2453	131.70102687850	 +6.35242675302	16.5918
     241	Planck2018	-211.2368	 110.1631	 80.0511	13.8820	 240	0	251.3267	152.45729756341	+18.57309697777	18.1932
     242	Planck2018	-168.8762	 123.4592	103.4806	13.8659	 241	0	233.3872	143.83083376317	+26.32012137151	18.0162
     243	Planck2018	 -69.8086	  37.1255	 74.6106	13.8617	 242	0	108.7120	151.99514332745	+43.33910128082	18.9440
     244	Planck2018	-204.6003	 160.8574	167.5598	13.8614	 243	0	309.5362	141.82547043896	+32.77390248526	18.5145
     245	Planck2018	-180.0102	 162.1750	121.9491	13.8576	 244	0	271.2489	137.98365032950	+26.71696858187	18.9222
     246	Planck2018	-193.6630	 -30.2634	  3.7177	13.8391	 245	1	196.0486	188.88169129972	 +1.08656013924	17.8759
     247	Planck2018	-102.5716	-190.7546	213.2580	13.8223	 246	0	303.9527	241.73241336301	+44.55677855229	18.2914
     248	Planck2018	-146.8418	 245.5999	150.7388	13.8121	 247	1	323.4254	120.87478218565	+27.77946748499	17.0953
     249	Planck2018	-158.6296	-216.6608	 39.1453	13.8108	 248	0	271.3626	233.79003706343	 +8.29410918860	18.1873
     250	Planck2018	-183.3334	  90.3418	139.0794	13.8092	 249	0	247.2162	153.76716981753	+34.23454855925	18.7148
     251	Planck2018	-166.4617	-260.1105	 11.2210	13.8081	 250	1	309.0192	237.38217842884	 +2.08096487972	17.6150
     252	Planck2018	-132.2424	  29.9436	230.3634	13.8004	 251	0	267.3050	167.24165989797	+59.51927432015	18.3362
     253	Planck2018	-163.4081	 -23.8144	277.6464	13.7906	 252	1	323.0431	188.29166296448	+59.25730381472	16.3733
     254	Planck2018	 -92.2979	  80.8931	 43.0352	13.7816	 253	0	130.0562	138.76755367478	+19.32324024170	18.8234
     255	Planck2018	-172.0872	 -97.9806	146.4002	13.7805	 254	0	246.2665	209.65570051641	+36.47546086860	18.3264
     256	Planck2018	-245.0639	-167.9658	 59.6672	13.7717	 255	0	303.0330	214.42659051561	+11.35574019362	17.9914
     257	Planck2018	 -48.8015	  81.0960	 40.9565	13.7704	 256	1	103.1289	121.03846130391	+23.39943828471	17.7151
     258	Planck2018	-248.2104	 178.0503	  3.4576	13.7667	 257	1	305.4869	144.34675933190	 +0.64850044432	16.6653
     259	Planck2018	-157.7243	-120.7037	 -3.9865	13.7534	 258	1	198.6510	217.42619857822	 -1.14986867472	17.0210
     260	Planck2018	-274.6177	-128.7644	 14.3639	13.7526	 259	0	303.6470	205.12121726364	 +2.71135675163	18.7433
     261	Planck2018	-106.0924	 -69.3036	265.5046	13.7450	 260	1	294.1960	213.15411142478	+64.48535380088	16.4727
     262	Planck2018	 -78.5585	 117.4930	 51.5520	13.7333	 261	0	150.4449	123.76757555689	+20.03923986893	18.9213
     263	Planck2018	-136.5809	 256.7988	121.0299	13.7238	 262	1	315.0369	118.00670385391	+22.59266109305	18.5891
     264	Planck2018	-301.9369	 -50.5038	 80.5775	13.7169	 263	1	316.5584	189.49573214803	+14.74647230246	18.9163
     265	Planck2018	-133.5480	-109.2496	141.6550	13.6976	 264	0	223.2414	219.28505068352	+39.38569085948	17.5086
     266	Planck2018	-141.7512	-138.3731	 29.7443	13.6873	 265	0	200.3129	224.30907854371	 +8.53938406279	18.0921
     267	Planck2018	-185.6294	 181.8726	164.5141	13.6854	 266	0	307.5724	135.58568991315	+32.33571626064	18.5368
     268	Planck2018	-208.4795	 198.2948	147.4760	13.6846	 267	1	323.3167	136.43426308874	+27.13796333768	17.4541
     269	Planck2018	 -53.4764	-193.0293	 91.9422	13.6838	 268	1	220.3938	254.51525247982	+24.65620841710	15.9339
     270	Planck2018	-166.5202	 -15.7348	229.5756	13.6804	 269	0	284.0449	185.39794706358	+53.92402437740	18.1671
     271	Planck2018	 -65.5042	 -31.8929	120.9579	13.6789	 270	1	141.2047	205.96069841526	+58.93848788562	17.5928
     272	Planck2018	-121.1072	  -7.3966	186.9095	13.6740	 271	0	222.8381	183.49501142249	+57.01027090198	17.9411
     273	Planck2018	 -34.0907	 -45.9025	 42.6591	13.6622	 272	0	 71.3373	233.39958353584	+36.72614366621	18.7137
     274	Planck2018	 -17.7433	 -42.6799	 29.4483	13.6615	 273	1	 54.8051	247.42588638233	+32.50191406125	15.8975
     275	Planck2018	 -98.5487	  96.9773	 13.1906	13.6549	 274	1	138.8900	135.46047230422	 +5.44967549654	17.7445
     276	Planck2018	-250.2693	-144.8173	 -2.8706	13.6485	 275	1	289.1626	210.05565227052	 -0.56879983608	18.0948
     277	Planck2018	 -91.2464	-123.3175	 67.5615	13.6471	 276	0	167.6236	233.50112544901	+23.76929156790	18.3704
     278	Planck2018	-311.9716	 -27.2839	 68.1182	13.6392	 277	1	320.4852	184.99815483039	+12.27166757146	17.6999
     279	Planck2018	-130.3018	 201.3990	217.9203	13.6366	 278	1	324.0824	122.90220801663	+42.25432140565	16.5117
     280	Planck2018	-288.5598	 -85.2094	 -2.3051	13.6322	 279	0	300.8865	196.45145640036	 -0.43895507567	18.1228
     281	Planck2018	-108.0587	 192.4392	144.7138	13.6314	 280	0	263.9159	119.31513046321	+33.25272089990	18.1967
     282	Planck2018	-105.0218	-235.0804	196.1943	13.6236	 281	1	323.7045	245.92736092808	+37.30738045433	16.2557
     283	Planck2018	-282.9464	  48.7944	 82.8254	13.6224	 282	0	298.8304	170.21551925159	+16.09109094002	17.6219
     284	Planck2018	-128.8514	-229.7540	149.9145	13.6035	 283	0	303.0906	240.71528025645	+29.64465156350	17.9516
     285	Planck2018	-156.8584	-129.1630	252.0765	13.5965	 284	1	323.7749	219.46928733366	+51.12843065491	17.8256
     286	Planck2018	-198.8483	  32.7803	 86.6464	13.5917	 285	0	219.3691	170.63893011508	+23.26471344445	18.4256
     287	Planck2018	-238.7861	-170.0332	135.2785	13.5784	 286	1	322.8473	215.45366482296	+24.77254054987	17.3845
     288	Planck2018	 -34.9078	   5.9979	 30.9358	13.5729	 287	0	 47.0272	170.25052949843	+41.13444311854	18.0379
     289	Planck2018	-190.8811	 -75.6086	147.6168	13.5725	 288	0	252.8695	201.60866242335	+35.71591199013	18.3492
     290	Planck2018	 -86.0616	 142.4736	181.7111	13.5712	 289	0	246.4229	121.13419485174	+47.50999940731	18.1549
     291	Planck2018	-146.9275	  29.9568	 63.1857	13.5584	 290	0	162.7191	168.47602185758	+22.84946771475	17.0539
     292	Planck2018	-115.7916	  -0.5591	271.5253	13.5497	 291	1	295.1847	180.27663378538	+66.90399950469	16.5514
     293	Planck2018	-134.5620	  46.0857	143.2152	13.5469	 292	0	201.8451	161.09436407492	+45.19673437003	18.3659
     294	Planck2018	-122.6232	  -2.9342	219.2962	13.5443	 293	0	251.2685	181.37073846810	+60.78052244717	19.0380
     295	Planck2018	-120.2713	  83.3706	192.2061	13.5436	 294	0	241.5762	145.27075671543	+52.71515137895	18.5007
     296	Planck2018	-132.0471	 -54.9773	 40.7321	13.5192	 295	0	148.7213	202.60421188582	+15.89540323173	17.7909
     297	Planck2018	-107.0703	  18.1297	190.9431	13.5145	 296	0	219.6634	170.38952392623	+60.37197463345	17.8275
     298	Planck2018	 -91.2559	-146.2764	164.7590	13.5009	 297	0	238.4743	238.04164901969	+43.70045036334	18.0915
     299	Planck2018	-172.6616	 -76.0085	 21.3884	13.4884	 298	0	189.8600	203.75989062944	 +6.46831061087	18.2893
     300	Planck2018	-169.5224	  72.4615	232.8178	13.4700	 299	0	296.9725	156.85596030223	+51.62561312780	18.6053
     301	Planck2018	-100.8785	 -79.1499	 12.0873	13.4671	 300	0	128.7916	218.11795745551	 +5.38521203006	18.2155
     302	Planck2018	 -60.9223	-235.0763	189.3360	13.4652	 301	1	307.9294	255.47088908456	+37.94234519587	16.3429
     303	Planck2018	 -96.4434	 193.8442	127.8901	13.4648	 302	1	251.4613	116.45175775626	+30.56979320870	17.2124
     304	Planck2018	-229.9607	 116.6949	 57.8868	13.4450	 303	0	264.2924	153.09422366644	+12.65179911061	17.4481
     305	Planck2018	-320.1151	 -11.1380	 43.6424	13.4440	 304	1	323.2683	181.99272750412	 +7.75883708352	16.5799
     306	Planck2018	-282.8000	 -82.3368	 37.6078	13.4404	 305	0	296.9335	196.23284853907	 +7.27627409828	17.8719
     307	Planck2018	-127.2254	  98.8098	271.6238	13.4354	 306	1	315.7992	142.16523879098	+59.32954170107	17.7927
     308	Planck2018	-230.6966	 216.8551	 67.6853	13.4318	 307	1	323.7721	136.77142351197	+12.06682543664	17.1498
     309	Planck2018	-107.1054	  70.7162	127.5547	13.4052	 308	0	180.9490	146.56526136252	+44.82313714685	18.5083
     310	Planck2018	-212.3143	 137.1208	113.4424	13.4015	 309	0	277.0355	147.14406777178	+24.17259727449	17.5310
     311	Planck2018	-258.9562	  -3.6752	 30.3245	13.3984	 310	0	260.7516	180.81309811290	 +6.67842204440	17.8527
     312	Planck2018	 -81.9841	 -52.9809	 31.0759	13.3946	 311	0	102.4406	212.87192049642	+17.65923612067	17.1881
     313	Planck2018	 -69.6446	-147.5690	 25.8806	13.3505	 312	1	165.2174	244.73521557067	 +9.01226941334	16.4926
     314	Planck2018	-218.9525	 181.1671	  3.1479	13.3463	 313	1	284.2035	140.39474340659	 +0.63462441353	15.8047
     315	Planck2018	-286.7586	  72.3155	 76.0123	13.3368	 314	0	305.3488	165.84612141791	+14.41456210881	18.4915
     316	Planck2018	 -49.3919	  23.9994	 93.7173	13.3030	 315	1	108.6207	154.08498385347	+59.63174627012	17.7446
     317	Planck2018	-134.7363	-247.3123	 59.7415	13.3016	 316	0	287.8997	241.41835490602	+11.97635555117	17.4962
     318	Planck2018	-122.7102	  63.6780	215.3138	13.2851	 317	0	255.8763	152.57385303109	+57.29631104225	17.9083
     319	Planck2018	-106.6088	-112.6337	240.7077	13.2791	 318	0	286.3424	226.57413147893	+57.20658573017	17.8753
     320	Planck2018	-118.0761	 -21.9430	200.5112	13.2698	 319	0	233.7268	190.52762548045	+59.08016855045	17.9093
     321	Planck2018	-180.9024	 -73.8859	202.9281	13.2682	 320	0	281.7172	202.21655507472	+46.08135533990	16.9114
     322	Planck2018	-122.3743	 141.5875	241.4950	13.2680	 321	0	305.5198	130.83691352738	+52.22662777020	17.8337
     323	Planck2018	-317.8384	  45.3895	 -4.3943	13.2651	 322	1	321.0931	171.87272228916	 -0.78414830783	16.3355
     324	Planck2018	-198.1479	 -74.2180	118.1242	13.2644	 323	0	242.3309	200.53386360782	+29.17312767441	18.0560
     325	Planck2018	-215.5304	  16.8468	110.7730	13.2545	 324	0	242.9153	175.53059516192	+27.13027115019	17.5065
     326	Planck2018	-162.7494	-181.5202	191.8662	13.2512	 325	0	310.2412	228.12087801464	+38.20245315746	17.8478
     327	Planck2018	-109.4005	  99.1069	 70.6652	13.2425	 326	0	163.6588	137.82626909593	+25.58078916944	18.6255
     328	Planck2018	-188.9519	  20.4238	262.3693	13.2421	 327	1	323.9716	173.83086367806	+54.08154359008	17.1236
     329	Planck2018	 -49.7103	 -83.1931	 59.1030	13.2340	 328	0	113.5137	239.14041775684	+31.37707844881	16.4615
     330	Planck2018	-214.4459	-112.8489	 98.9279	13.2220	 329	0	261.7416	207.75491323047	+22.20739522652	17.5197
     331	Planck2018	-221.4000	-148.7940	137.7843	13.2212	 330	0	300.2368	213.90345980672	+27.31736232633	17.6876
     332	Planck2018	-207.3275	-132.9706	122.6561	13.2130	 331	0	275.1552	212.67430476443	+26.47265226386	17.5743
     333	Planck2018	-302.8829	   6.8498	107.0712	13.2113	 332	1	321.3242	178.70445294078	+19.46425483352	17.7817
     334	Planck2018	-200.9316	  56.2985	188.6526	13.2103	 333	0	281.3056	164.34778965001	+42.11588986191	17.9521
     335	Planck2018	 -76.2666	-208.9212	214.9289	13.2067	 334	1	309.2880	249.94540437220	+44.02045186604	17.0028
     336	Planck2018	 -93.5761	-149.6563	 12.0100	13.1917	 335	1	176.9117	237.98335091153	 +3.89262936550	16.4754
     337	Planck2018	-131.6397	  13.2581	273.9163	13.1859	 336	0	304.1956	174.24884207268	+64.21876585798	17.0880
     338	Planck2018	-162.7487	  17.6772	  6.4943	13.1833	 337	2	163.8346	173.80103546563	 +2.27175789174	17.9937
     339	Planck2018	-189.7943	 164.5922	 38.9391	13.1759	 338	0	254.2218	139.06772980448	 +8.81065942991	17.1304
     340	Planck2018	-179.6168	-123.1434	151.6144	13.1731	 339	0	265.3553	214.43413251719	+34.84538575217	18.2177
     341	Planck2018	-176.1268	 187.8459	 27.6317	13.1647	 340	0	258.9793	133.15584969450	 +6.12482149000	17.2677
     342	Planck2018	-187.3349	  -4.6895	 14.6667	13.1627	 341	0	187.9667	181.43395370981	 +4.47521984803	17.2244
     343	Planck2018	-160.5728	 117.3976	 13.6910	13.1309	 342	1	199.3822	143.82882207258	 +3.93742023618	17.8636
     344	Planck2018	 -90.0366	-195.9191	185.6543	13.0999	 343	0	284.5319	245.31838485636	+40.72962123117	17.8042
     345	Planck2018	-284.0446	  80.5611	 94.5353	13.0994	 344	0	310.0134	164.16553968371	+17.75451791233	17.5013
     346	Planck2018	-125.5378	  96.3423	231.1320	13.0907	 345	0	280.1135	142.49605821051	+55.60236914711	17.7819
     347	Planck2018	-145.6260	 -80.6251	131.3128	13.0861	 346	0	212.0150	208.97089260557	+38.26911894785	16.7723
     348	Planck2018	-180.0463	-111.2469	 48.4877	13.0830	 347	0	217.1257	211.71106879933	+12.90387959482	18.3509
     349	Planck2018	-106.7774	  49.9657	  5.4548	13.0707	 348	1	118.0159	154.92309519000	 +2.64918663875	16.4891
     350	Planck2018	-220.6613	 -62.1241	186.1009	13.0632	 349	0	295.2700	195.72382826702	+39.07032007851	17.4923
     351	Planck2018	-267.8542	-101.8672	 61.1867	13.0511	 350	0	293.0300	200.82224135778	+12.05243747543	17.2591
     352	Planck2018	-217.8026	 -75.4119	 33.4707	13.0465	 351	0	232.9060	199.09787940666	 +8.26252313807	17.3734
     353	Planck2018	 -98.9023	 111.0229	281.2302	13.0450	 352	1	318.1167	131.69554121976	+62.13453828338	14.8183
     354	Planck2018	-212.7307	  56.9344	210.3205	13.0438	 353	0	304.5170	165.01674823039	+43.68310866322	17.1109
     355	Planck2018	 -47.5738	-135.3601	131.3250	13.0430	 354	1	194.5041	250.63541311322	+42.46800549650	15.7005
     356	Planck2018	-208.6760	 -63.0137	201.4796	13.0273	 355	0	296.8340	196.80268727128	+42.74696170905	17.5967
     357	Planck2018	 -69.8492	 -41.7543	165.9955	13.0202	 356	1	184.8698	210.87006395592	+63.88403364056	14.3402
     358	Planck2018	 -49.5080	-119.6572	 44.4147	13.0153	 357	1	136.8998	247.52273587945	+18.93117093234	16.8991
     359	Planck2018	 -96.4079	   8.3454	225.0825	12.9952	 358	1	245.0026	175.05260869380	+66.73596170915	15.6083
     360	Planck2018	 -84.7567	-100.4822	 69.7745	12.9929	 359	0	148.8249	229.85238292246	+27.95876809940	16.9500
     361	Planck2018	-172.8242	  68.3594	127.7862	12.9921	 360	0	225.5449	158.41907976211	+34.51112812576	17.6311
     362	Planck2018	-192.2655	  54.0144	251.2523	12.9784	 361	1	320.9538	164.30800758864	+51.52045077986	15.9416
     363	Planck2018	-100.9747	 115.6013	 87.1947	12.9719	 362	0	176.5290	131.13638258280	+29.59988100423	17.4820
     364	Planck2018	-184.6810	 155.5774	172.7360	12.9694	 363	0	296.8992	139.88882414767	+35.57725806564	16.1632
     365	Planck2018	 -77.7607	  37.0373	 41.3260	12.9525	 364	0	 95.5318	154.53159185683	+25.63194987851	16.3530
     366	Planck2018	-243.8787	 -76.5703	147.8428	12.9520	 365	0	295.2919	197.43065183594	+30.04410343822	17.5396
     367	Planck2018	-116.2796	-286.2102	 82.8040	12.9513	 366	1	319.8339	247.88941065699	+15.00460929859	15.6749
     368	Planck2018	-143.8056	 -33.3919	182.8128	12.9476	 367	0	234.9800	193.07249860646	+51.07718843256	17.7953
     369	Planck2018	-136.7908	-171.2142	163.8059	12.9409	 368	0	273.6026	231.37705896082	+36.77686130443	17.4095
     370	Planck2018	 -42.4614	  13.1093	  6.7702	12.9404	 369	1	 44.9517	162.84274403977	 +8.66231758318	15.4134
     371	Planck2018	-212.9996	-228.5386	 -3.9101	12.9345	 370	1	312.4325	227.01557314934	 -0.71708156609	16.6167
     372	Planck2018	-197.2677	 152.1932	127.4656	12.9307	 371	0	279.8657	142.34961022536	+27.09406640419	16.4099
     373	Planck2018	-181.6465	 229.0617	  6.1069	12.9291	 372	1	292.4073	128.41451417111	 +1.19671359553	15.4687
     374	Planck2018	-180.0499	  -4.9359	200.3002	12.9255	 373	0	269.3742	181.57031277056	+48.03691303252	17.3400
     375	Planck2018	-165.5768	 -54.1665	 -4.1389	12.9212	 374	1	174.2607	198.11490133576	 -1.36098186550	15.9746
     376	Planck2018	-249.8807	  89.1706	102.6678	12.9194	 375	0	284.4863	160.36091924643	+21.15475582123	16.6966
     377	Planck2018	-262.6735	 -99.1307	105.8854	12.9151	 376	0	300.0599	200.67607317413	+20.66362963743	17.4386
     378	Planck2018	-257.8046	  31.0918	109.8340	12.8940	 377	0	281.9458	173.12322110791	+22.92693831119	16.9437
     379	Planck2018	-111.2255	 -70.7213	218.7269	12.8890	 378	0	255.3704	212.44971636532	+58.92676758814	16.4342
     380	Planck2018	-106.4960	 124.7969	124.0666	12.8814	 379	0	205.6895	130.47592408223	+37.09757156551	16.9391
     381	Planck2018	-231.0026	-151.6153	155.5667	12.8757	 380	1	317.0968	213.27833320956	+29.37981390229	17.3244
     382	Planck2018	-134.6650	 -99.2341	195.4478	12.8742	 381	0	257.2585	216.38633890293	+49.44068902612	17.7100
     383	Planck2018	-182.0790	   1.4193	266.9531	12.8669	 382	1	323.1388	179.55338484481	+55.70271133994	15.9970
     384	Planck2018	-178.7966	 -89.7512	 46.1394	12.8593	 383	0	205.3104	206.65543739943	+12.98699518424	16.5035
     385	Planck2018	 -81.2392	-282.0577	105.8605	12.8508	 384	1	312.0302	253.93237396883	+19.83202193016	13.6197
     386	Planck2018	-245.4755	 -93.9770	156.3183	12.8480	 385	0	305.8191	200.94867351393	+30.74020574905	17.6370
     387	Planck2018	-243.8974	  66.5763	 19.6221	12.8413	 386	0	253.5811	164.73200968360	 +4.43797216796	16.6184
     388	Planck2018	-321.8868	  25.2703	 22.3836	12.8337	 387	1	323.6522	175.51110428655	 +3.96570174207	15.2993
     389	Planck2018	-121.5078	-210.1521	 26.0326	12.8310	 388	1	244.1428	239.96394246676	 +6.12100264460	17.3090
     390	Planck2018	-283.5562	  31.5838	154.5097	12.8307	 389	1	324.4609	173.64433259440	+28.43778920248	15.4695
     391	Planck2018	-162.4808	-153.3640	235.0666	12.8229	 390	1	324.3098	223.34664138383	+46.45397522073	15.9136
     392	Planck2018	-162.0476	 111.2218	176.1117	12.8171	 391	0	263.9035	145.53615272087	+41.86160984101	17.3830
     393	Planck2018	-138.1801	   8.5469	215.7989	12.7996	 392	0	256.3903	176.46058524912	+57.31810720401	16.9567
     394	Planck2018	-171.3242	-189.2754	119.7660	12.7992	 393	0	281.9948	227.84991668106	+25.13231458631	17.1984
     395	Planck2018	-158.8351	 -93.3022	235.2067	12.7988	 394	0	298.7576	210.43062186048	+51.93230309856	17.0655
     396	Planck2018	-235.5044	  24.5373	 12.0808	12.7975	 395	0	237.0872	174.05178267066	 +2.92078277724	17.8379
     397	Planck2018	-268.2884	  79.8991	129.9414	12.7850	 396	0	308.6216	163.41591495517	+24.90013916057	17.2103
     398	Planck2018	 -52.5705	 -48.3596	 27.4921	12.7836	 397	0	 76.5384	222.61098660319	+21.05071228156	16.4915
     399	Planck2018	-139.0612	 -64.3518	  6.9207	12.7742	 398	1	153.3854	204.83277139193	 +2.58604380210	16.8244
     400	Planck2018	-225.7355	 189.1293	 94.1789	12.7733	 399	0	309.1861	140.04251117795	+17.73425694832	16.8464
     401	Planck2018	-172.7829	-220.9914	 84.5235	12.7634	 400	0	292.9767	231.97980761919	+16.76811695354	16.9851
     402	Planck2018	-309.6473	 -31.6683	 39.3279	12.7591	 401	0	313.7372	185.83945636223	 +7.20113515731	16.4918
     403	Planck2018	-217.4174	-155.3635	 56.5943	12.7546	 402	0	273.1502	215.54908514344	+11.95779272056	16.6658
     404	Planck2018	 -92.9088	 135.4928	 82.6436	12.7539	 403	0	183.9030	124.43884491297	+26.70437042474	17.1018
     405	Planck2018	-130.4247	  -9.2076	 10.5270	12.7492	 404	2	131.1724	184.03821922646	 +4.60310057321	17.1612
     406	Planck2018	-251.1333	  45.4972	 15.2421	12.7283	 405	0	255.6761	169.73124310961	 +3.41770167747	17.3607
     407	Planck2018	-183.5660	  71.1525	257.0314	12.7258	 406	1	323.7658	158.81303287687	+52.54965484449	15.1360
     408	Planck2018	-269.8540	 -28.1027	175.0006	12.7155	 407	1	322.8563	185.94536604620	+32.82253333197	15.8395
     409	Planck2018	-144.0354	  44.3155	118.0561	12.7135	 408	0	191.4349	162.89839621375	+38.07487568123	17.1349
     410	Planck2018	-155.1416	 204.8258	197.4187	12.7117	 409	1	324.0319	127.14144953268	+37.53579232780	15.7052
     411	Planck2018	 -80.8277	 -50.8572	 68.2807	12.6993	 410	0	117.3961	212.17829398177	+35.56505270539	15.6904
     412	Planck2018	-114.8652	-160.5542	148.5073	12.6905	 411	0	247.0346	234.41895974577	+36.95302234656	17.4213
     413	Planck2018	-162.1760	  19.6442	121.2248	12.6874	 412	0	203.4267	173.09347466079	+36.57781874847	16.7566
     414	Planck2018	-178.6417	 156.9264	 93.5777	12.6848	 413	0	255.5299	138.70256141455	+21.48210132720	17.5394
     415	Planck2018	-146.8191	 -56.5870	 54.1365	12.6845	 414	0	166.3992	201.07764285211	+18.98622951611	17.5441
     416	Planck2018	-277.1476	-161.8180	 11.6618	12.6821	 415	1	321.1415	210.27934190434	 +2.08107990672	16.0314
     417	Planck2018	-239.0477	-132.3090	132.1917	12.6740	 416	0	303.5195	208.96381734344	+25.81898162227	17.4468
     418	Planck2018	-110.6479	 206.9740	 77.0494	12.6620	 417	1	247.0178	118.12886181474	+18.17486850794	16.1937
     419	Planck2018	-177.5734	-110.7768	209.4468	12.6521	 418	0	296.0942	211.95742931164	+45.02095221599	16.7379
     420	Planck2018	 -85.7228	 168.7373	 82.8134	12.6485	 419	1	206.5883	116.93171191083	+23.63208537935	15.6517
     421	Planck2018	-302.6658	 -13.3314	 12.0036	12.6383	 420	0	303.1969	182.52205335054	 +2.26893957329	16.6605
     422	Planck2018	-201.6302	 107.0016	104.6743	12.6375	 421	0	251.1191	152.04588651123	+24.63468735472	17.2579
     423	Planck2018	-161.9906	-179.4564	215.0742	12.6148	 422	1	323.5776	227.92825683920	+41.65745243478	15.7251
     424	Planck2018	-264.5135	-181.0076	 -4.4270	12.6078	 423	1	320.5476	214.38399077177	 -0.79131416976	15.4906
     425	Planck2018	-306.3926	 -87.7993	 61.9090	12.6076	 424	1	324.6812	195.99009646764	+10.99224679655	15.2010
     426	Planck2018	-184.5624	 121.0134	124.6655	12.6013	 425	0	253.4739	146.74804673803	+29.46078516568	16.5352
     427	Planck2018	-256.7899	-161.2343	 19.6544	12.5912	 426	0	303.8484	212.12405902556	 +3.70875726268	16.6234
     428	Planck2018	-183.7994	 -66.6709	258.8532	12.5885	 427	1	324.3951	199.93759317085	+52.93540338258	14.8662
     429	Planck2018	 -27.6155	 -18.6631	 47.5215	12.5858	 428	1	 58.0450	214.05163134429	+54.95493549508	15.7516
     430	Planck2018	-189.7341	 -84.0350	175.8813	12.5852	 429	0	272.0205	203.88900985804	+40.28376886297	17.4092
     431	Planck2018	-237.6085	-187.0965	120.0615	12.5705	 430	1	325.3885	218.21742886195	+21.65265770431	14.8013
     432	Planck2018	-157.4376	 -11.6262	 50.4960	12.5701	 431	0	165.7456	184.22342775910	+17.73767722873	17.0578
     433	Planck2018	-171.9083	   2.0758	176.0566	12.5672	 432	0	246.0746	179.30819295301	+45.68093102394	17.1903
     434	Planck2018	 -76.7893	  82.6976	 94.6606	12.5472	 433	0	147.2960	132.87839432166	+39.99012131314	16.6099
     435	Planck2018	-182.1674	 235.2755	 43.4113	12.5422	 434	0	300.7060	127.74964255487	 +8.30048829053	16.8364
     436	Planck2018	 -49.8601	-173.7964	122.8418	12.5184	 435	0	218.5894	253.99244011907	+34.19250795165	16.8440
     437	Planck2018	-146.4561	-112.0919	 52.3984	12.5179	 436	0	191.7279	217.42904963903	+15.86045795141	16.3220
     438	Planck2018	-134.8573	  92.3045	 16.7261	12.5174	 437	0	164.2753	145.60990264024	 +5.84382951805	16.7673
     439	Planck2018	-239.2111	  70.0981	177.7570	12.5171	 438	0	306.1588	163.66737702261	+35.49302417847	17.0840
     440	Planck2018	-189.3472	  46.0073	221.0314	12.5134	 439	0	294.6589	166.34302391543	+48.60130613546	17.0691
     441	Planck2018	-180.4921	-145.8458	 80.2991	12.5072	 440	0	245.5531	218.93978054697	+19.08759427611	16.4355
     442	Planck2018	 -91.1668	 176.5525	222.9200	12.5056	 441	1	298.6227	117.31057129905	+48.28757318960	16.6130
     443	Planck2018	-158.0833	  32.0205	203.0370	12.5051	 442	0	259.3061	168.54941406689	+51.53618850275	17.3859
     444	Planck2018	-148.3592	 253.5178	 68.8218	12.5035	 443	1	301.6922	120.33626475275	+13.18637137266	16.3623
     445	Planck2018	-171.9811	-194.3151	 47.1986	12.5034	 444	0	263.7490	228.48914230575	+10.30877295107	16.3295
     446	Planck2018	-182.6291	-220.9047	130.8712	12.5007	 445	1	315.0866	230.41835721061	+24.54136101789	17.5592
     447	Planck2018	-126.7647	-157.4096	 12.0985	12.4989	 446	0	202.4684	231.15491073761	 +3.42575580773	16.6845
     448	Planck2018	-107.9753	-182.3503	 11.1269	12.4978	 447	1	212.2125	239.36889633510	 +3.00555549734	14.7296
     449	Planck2018	-283.9769	   4.2621	 34.8481	12.4874	 448	0	286.1389	179.14012721045	 +6.99527181771	16.2183
     450	Planck2018	 -63.8168	 103.6446	 82.9666	12.4855	 449	0	147.3033	121.62171862705	+34.27992805762	15.7299
     451	Planck2018	-188.8223	 -43.6801	175.0795	12.4829	 450	0	261.1794	193.02507109615	+42.09346946901	17.1255
     452	Planck2018	-258.6832	 -57.1343	118.9694	12.4818	 451	0	290.4050	192.45472865262	+24.18392606828	16.6407
     453	Planck2018	-286.0709	-154.4354	 -4.0270	12.4814	 452	1	325.1201	208.36238878752	 -0.70969216284	15.0338
     454	Planck2018	-137.0287	-121.2297	 -0.3157	12.4736	 453	1	182.9579	221.49926925470	 -0.09886248989	16.4181
     455	Planck2018	-244.5629	 134.1297	106.5467	12.4696	 454	0	298.5866	151.25758656054	+20.90605957455	17.2060
     456	Planck2018	 -84.7928	-189.7376	246.3829	12.4672	 455	1	322.3270	245.92035547350	+49.85257222032	12.9914
     457	Planck2018	-172.0671	-147.9029	 21.1142	12.4529	 456	0	227.8775	220.68121706798	 +5.31642007463	17.5143
     458	Planck2018	-128.8696	  59.9854	158.7811	12.4528	 457	0	213.1128	155.03925482359	+48.16397575594	16.9403
     459	Planck2018	 -95.5158	  51.3346	 61.2472	12.4522	 458	0	124.5381	151.74435332519	+29.45864114182	16.2162
     460	Planck2018	-113.6267	-170.2666	164.2227	12.4508	 459	0	262.4326	236.28301552283	+38.73881526935	16.3791
     461	Planck2018	-112.1272	-104.4655	 11.7184	12.4455	 460	0	153.6973	222.97408641636	 +4.37267238425	16.6294
     462	Planck2018	-195.6549	 198.2472	 53.9549	12.4452	 461	0	283.7145	134.62294230490	+10.96290064479	15.8226
     463	Planck2018	-269.8573	-114.3804	 82.6031	12.4199	 462	0	304.5145	202.96991778084	+15.73934998057	16.0279
     464	Planck2018	-202.5453	 -55.5004	 48.5298	12.4080	 463	0	215.5459	195.32374572989	+13.01159626345	16.0882
     465	Planck2018	-103.1429	 157.3218	162.8051	12.4064	 464	0	248.7853	123.24954543782	+40.87416480797	16.9349
     466	Planck2018	-122.9466	 115.6339	 59.1526	12.4058	 465	0	178.8466	136.75561272507	+19.31399458490	16.9878
     467	Planck2018	-117.2437	  19.6383	144.9129	12.3980	 466	0	187.4340	170.49123158854	+50.63678273005	16.7032
     468	Planck2018	-116.9905	 189.5767	115.5374	12.3937	 467	0	250.9482	121.67933986318	+27.41314501672	16.1272
     469	Planck2018	-204.7609	 -32.1664	126.2826	12.3912	 468	0	242.7118	188.92778557872	+31.35227625056	16.4570
     470	Planck2018	 -83.9089	 -29.1286	194.0928	12.3801	 469	1	213.4506	199.14422298077	+65.41014691179	15.2815
     471	Planck2018	-222.2954	  64.0462	 30.8898	12.3716	 470	0	233.3909	163.92762541006	 +7.60553628420	16.6365
     472	Planck2018	-229.5169	  12.6323	219.5741	12.3674	 471	0	317.8842	176.84969048453	+43.68840938279	16.3992
     473	Planck2018	-155.8324	-153.7164	 72.6391	12.3601	 472	0	230.6272	224.60835376093	+18.35860711847	16.8237
     474	Planck2018	 -67.8754	  74.6216	156.3140	12.3524	 473	1	186.0364	132.28948174896	+57.16479144810	16.1260
     475	Planck2018	-122.7235	 154.2011	125.2818	12.3504	 474	0	233.5263	128.51510298185	+32.44421670749	16.3078
     476	Planck2018	-203.3877	-112.5031	226.6520	12.3499	 475	1	324.6454	208.94900720157	+44.27896307308	14.6716
     477	Planck2018	-317.0349	   2.5202	 71.1693	12.3470	 476	1	324.9346	179.54454313748	+12.65186782431	15.0519
     478	Planck2018	 -78.6290	 164.6276	105.1675	12.3327	 477	1	210.5825	115.52995776428	+29.96114628762	14.9237
     479	Planck2018	 -67.3849	 130.7957	 61.9405	12.3270	 478	1	159.6398	117.25717431746	+22.83022805555	14.8681
     480	Planck2018	-266.6410	 -69.9745	 14.5571	12.3159	 479	0	276.0539	194.70453007088	 +3.02277762964	15.8076
     481	Planck2018	-105.9798	 231.7204	196.7126	12.3158	 480	1	321.9035	114.57750416675	+37.66848522755	13.4999
     482	Planck2018	-133.3169	 -41.6351	292.5877	12.3127	 481	1	324.2135	197.34367696732	+64.48248333193	15.5493
     483	Planck2018	-126.6303	 120.2971	164.8944	12.3089	 482	0	240.2016	136.46919634833	+43.35238412403	15.6152
     484	Planck2018	-116.0433	 189.3502	 36.6880	12.3023	 483	1	225.0901	121.50205773854	 +9.38063368058	15.0600
     485	Planck2018	-237.6393	 157.7146	 68.9555	12.3009	 484	0	293.4301	146.42887633331	+13.59151295291	15.7423
     486	Planck2018	-170.3647	 -74.7245	133.0054	12.2984	 485	0	228.6882	203.68296771506	+35.56325354045	15.4569
     487	Planck2018	-240.8709	  -4.2821	150.5568	12.2914	 486	0	284.0854	181.01847088362	+32.00344665093	16.1264
     488	Planck2018	 -85.6637	  10.2387	 79.2937	12.2853	 487	0	117.1776	173.18423354992	+42.58603152730	15.7781
     489	Planck2018	-141.9774	 214.9548	149.4015	12.2836	 488	0	297.7985	123.44472374617	+30.11164484603	16.4541
     490	Planck2018	 -94.7753	  55.7111	163.7315	12.2812	 489	0	197.2159	149.55198246087	+56.12081443876	16.3031
     491	Planck2018	-174.8855	   0.6903	130.6661	12.2737	 490	0	218.3095	179.77385237557	+36.76511884570	15.8908
     492	Planck2018	-217.2223	-134.4927	103.4658	12.2724	 491	0	275.6429	211.76362737810	+22.04667476741	16.7969
     493	Planck2018	-142.5778	 110.0842	154.7556	12.2618	 492	0	237.4790	142.32828211606	+40.66690478749	16.2292
     494	Planck2018	-280.7956	   2.6258	 64.9589	12.2588	 493	0	288.2234	179.46423108816	+13.02504784397	16.6402
     495	Planck2018	-163.4371	 -68.5121	175.0880	12.2515	 494	0	249.1212	202.74322835813	+44.65387996607	16.2105
     496	Planck2018	-138.7097	 188.7623	 12.2703	12.2493	 495	1	234.5679	126.30985283952	 +2.99851707446	14.6480
     497	Planck2018	-129.9190	  -8.0748	122.8679	12.2445	 496	0	178.9991	183.55650691571	+43.34708616194	15.8059
     498	Planck2018	-153.5962	  94.4652	139.5909	12.2408	 497	0	228.0375	148.40753905616	+37.74440332311	16.2645
     499	Planck2018	-293.7247	  10.2449	  2.9104	12.2308	 498	0	293.9178	178.00238118354	 +0.56735204435	15.8415
     500	Planck2018	-173.5108	 131.6897	227.0856	12.2184	 499	1	314.6682	142.80255699907	+46.19228808985	16.1235
     501	Planck2018	-121.1500	-136.4938	 21.8148	12.2096	 500	0	183.8036	228.40819833859	 +6.81622423662	16.7533
     502	Planck2018	-305.2007	  86.1157	 13.3170	12.2092	 501	2	317.3968	164.24300507115	 +2.40465420900	15.7312
     503	Planck2018	-274.0482	  29.7927	 43.9441	12.2076	 502	0	279.1435	173.79554847422	 +9.05745717406	16.3101
     504	Planck2018	-253.8990	 178.4992	 90.0428	12.2001	 503	1	323.1630	144.89154692742	+16.17843770219	15.9642
     505	Planck2018	-154.7231	 -67.6545	217.4991	12.1994	 504	0	275.3584	203.61791913381	+52.17396927635	15.5811
     506	Planck2018	-232.2780	  92.4848	174.5630	12.1946	 505	0	304.9241	158.28932055342	+34.92335402848	15.8883
     507	Planck2018	-123.9517	-251.3081	 81.3498	12.1910	 506	0	291.7834	243.74628117159	+16.18872413785	15.2710
     508	Planck2018	-103.1826	  49.5572	229.1887	12.1885	 507	1	256.1836	154.34568479192	+63.46053959559	15.8584
     509	Planck2018	-131.8233	 -20.8644	 90.0519	12.1883	 508	0	161.0033	188.99392009605	+34.00858987420	16.4364
     510	Planck2018	-117.5113	-290.7107	 59.1050	12.1879	 509	1	319.0847	247.99042526295	+10.67472454489	14.5146
     511	Planck2018	-126.8497	 197.3843	146.2283	12.1878	 510	0	276.4672	122.72696445527	+31.93232599086	16.5938
     512	Planck2018	-174.0453	-106.7744	164.1935	12.1877	 511	0	262.0153	211.52854733242	+38.80383441545	15.4994
     513	Planck2018	-174.7797	 -92.0849	205.4131	12.1817	 512	0	284.9949	207.78306340896	+46.11731249043	15.9030
     514	Planck2018	-193.6353	-239.0893	 59.8332	12.1733	 513	0	313.4300	230.99643713652	+11.00521095191	16.3991
     515	Planck2018	-253.2924	   7.7941	145.6784	12.1724	 514	0	292.3012	178.23749795766	+29.89318620261	15.6800
     516	Planck2018	-225.3814	 -53.4540	205.8480	12.1714	 515	0	309.8831	193.34239221904	+41.62683724365	16.2926
     517	Planck2018	 -77.9580	 -25.2736	 94.1606	12.1706	 516	0	124.8296	197.96241333805	+48.96540682172	16.7692
     518	Planck2018	-256.6887	-198.7756	 -6.8209	12.1704	 517	1	324.7266	217.75362093232	 -1.20359844832	13.7285
     519	Planck2018	-196.0915	 -56.4277	132.7748	12.1681	 518	0	243.4443	196.05381501017	+33.05209776871	15.3920
     520	Planck2018	 -99.4043	 158.3310	260.1121	12.1675	 519	1	320.3252	122.12165719438	+54.29426067241	14.0193
     521	Planck2018	 -96.3751	 -33.6787	240.0725	12.1659	 520	1	260.8778	199.26216279891	+66.96249287041	14.4176
     522	Planck2018	-201.8847	 -24.2571	158.8607	12.1622	 521	0	258.0360	186.85143616436	+37.99939606118	16.1548
     523	Planck2018	-239.1918	  -9.5160	 40.9477	12.1606	 522	0	242.8579	182.27824241358	 +9.70686438802	15.7238
     524	Planck2018	 -81.4618	 156.3190	155.2463	12.1544	 523	0	234.8895	117.52516139753	+41.37110965914	16.1107
     525	Planck2018	-265.0459	 129.0185	 78.1004	12.1522	 524	0	304.9505	154.04419652240	+14.83928522209	16.0322
     526	Planck2018	-142.8305	  90.1802	236.9547	12.1500	 525	0	290.9993	147.73255466120	+54.51618278984	14.3619
     527	Planck2018	-293.2353	  64.2204	122.9830	12.1463	 526	1	324.4010	167.64690238954	+22.27843932615	14.9473
     528	Planck2018	-104.4474	 -19.4798	 88.0909	12.1445	 527	0	138.0171	190.56448785761	+39.66224509164	15.9359
     529	Planck2018	 -31.6417	  -3.5583	 58.8654	12.1367	 528	1	 66.9253	186.41634215843	+61.59036219641	15.1532
     530	Planck2018	-163.9407	 -49.1756	195.3314	12.1347	 529	0	259.7098	196.69711434505	+48.77385681254	16.0498
     531	Planck2018	-270.1943	 -16.1041	 13.5375	12.1319	 530	0	271.0121	183.41090195129	 +2.86320023464	15.7985
     532	Planck2018	-141.5183	 191.2666	163.4507	12.1194	 531	0	288.6632	126.49777270581	+34.48796414456	15.1679
     533	Planck2018	-105.2297	-111.1311	143.5643	12.1154	 532	0	209.8431	226.56239724324	+43.16886927245	15.7126
     534	Planck2018	-210.2253	  53.5440	 62.9848	12.1126	 533	0	225.8954	165.71068998500	+16.18997249220	16.2758
     535	Planck2018	 -95.5844	-100.8977	192.7887	12.1110	 534	0	237.6641	226.54901374884	+54.21153308020	15.5971
     536	Planck2018	-144.2157	-189.2540	159.3259	12.1084	 535	0	286.3564	232.69180320845	+33.80653207104	16.2107
     537	Planck2018	-200.2631	 -67.0648	 81.9408	12.1078	 536	0	226.5332	198.51483998788	+21.20564273341	15.6756
     538	Planck2018	-131.8469	  44.6330	168.4691	12.0972	 537	0	218.5350	161.29793519285	+50.43497226669	15.2273
     539	Planck2018	-112.0635	  86.5367	145.4369	12.0846	 538	0	202.9747	142.32428366319	+45.76850104519	15.8323
     540	Planck2018	-163.9105	  42.5317	246.1803	12.0787	 539	0	298.7982	165.45363896467	+55.47729521677	16.6455
     541	Planck2018	-137.3084	-175.0026	193.2013	12.0780	 540	0	294.6290	231.88198949679	+40.97611349111	15.8791
     542	Planck2018	-216.0083	 -23.7811	 47.1934	12.0766	 541	0	222.3789	186.28257657826	+12.25253626841	15.3066
     543	Planck2018	-106.5943	   7.8421	  0.5529	12.0753	 542	1	106.8839	175.79237311026	 +0.29639037216	13.9446
     544	Planck2018	-110.9999	 -60.0603	196.0495	12.0746	 543	0	233.1601	208.41711021223	+57.22855296870	15.9826
     545	Planck2018	-154.9130	 180.3961	186.8751	12.0661	 544	0	302.4287	130.65393616145	+38.16400974229	15.4142
     546	Planck2018	 -29.3937	 -49.3369	 12.0195	12.0636	 545	1	 58.6736	239.21451826140	+11.82096153215	13.4676
     547	Planck2018	-183.2304	 197.3818	  4.3704	12.0601	 546	1	269.3549	132.87069919114	 +0.92968039032	14.4730
     548	Planck2018	-195.6172	 133.0162	 18.7010	12.0597	 547	0	237.2955	145.78500319157	 +4.52010502078	16.0629
     549	Planck2018	-109.6452	  73.2808	161.0074	12.0507	 548	0	208.1239	146.24340676711	+50.67948943796	16.4754
     550	Planck2018	 -86.1568	-165.5153	 58.2142	12.0433	 549	0	195.4667	242.50135198855	+17.32682750694	15.7148
     551	Planck2018	-136.7160	  13.1075	 18.7867	12.0433	 550	0	138.6218	174.52354855586	 +7.78897087333	15.7114
     552	Planck2018	-163.6081	  -4.0596	104.6971	12.0392	 551	0	194.2822	181.42138966051	+32.60822962452	16.0563
     553	Planck2018	-255.9203	  45.0353	 48.6582	12.0380	 552	0	264.3691	170.01961147353	+10.60599233832	16.4917
     554	Planck2018	-302.3726	-108.7667	 48.7876	12.0370	 553	1	325.0225	199.78421628258	 +8.63302319706	14.0921
     555	Planck2018	 -66.7513	  59.8893	 97.5933	12.0358	 554	0	132.5402	138.10150793190	+47.41967701763	15.7794
     556	Planck2018	 -76.1271	 -96.0959	 88.4042	12.0353	 555	0	151.1459	231.61377205938	+35.79546723438	16.0052
     557	Planck2018	-107.9631	 170.4883	 61.5744	12.0344	 556	0	210.9827	122.34438042687	+16.96847849552	15.6716
     558	Planck2018	-140.6421	 -76.0336	203.7239	12.0263	 557	0	258.9685	208.39645224459	+51.87578024014	16.0606
     559	Planck2018	 -87.9661	 -94.7193	119.3224	12.0176	 558	0	175.9194	227.11704227199	+42.70930400894	16.1222
     560	Planck2018	-233.8211	-151.2172	104.3083	12.0141	 559	0	297.3536	212.89162544808	+20.53557282967	16.4293
     561	Planck2018	-122.0335	   8.6367	 83.3348	12.0130	 560	0	148.0251	175.95175181846	+34.26193846739	15.8801
     562	Planck2018	 -82.1450	  59.2975	 51.8797	12.0052	 561	0	113.8222	144.17585449932	+27.11613448036	16.1371
     563	Planck2018	-162.6364	 -51.9457	235.1719	12.0012	 562	0	290.6110	197.71335689158	+54.02101764068	15.9283
     564	Planck2018	-223.5811	 152.6923	127.5941	11.9900	 563	0	299.3054	145.66929188386	+25.23302729982	16.0947
     565	Planck2018	-148.4379	  72.7040	134.6167	11.9897	 564	0	213.1698	153.90465372337	+39.16086994856	15.2446
     566	Planck2018	-249.2328	 -91.4935	  7.4383	11.9865	 565	0	265.6000	200.15821600101	 +1.60481092901	17.0237
     567	Planck2018	-225.3507	 -25.7686	142.0653	11.9862	 566	0	267.6369	186.52336383842	+32.06045109783	15.9259
     568	Planck2018	 -52.6003	 -64.3071	 97.4055	11.9841	 567	0	128.0235	230.71837721939	+49.53834271832	16.5109
     569	Planck2018	 -23.7793	 -19.0990	  6.0953	11.9771	 568	1	 31.1027	218.77071893273	+11.30158431597	13.9922
     570	Planck2018	-167.0286	  79.9682	 97.6668	11.9714	 569	0	209.3616	154.41633403251	+27.80723256054	14.9806
     571	Planck2018	-122.5479	-185.2792	 46.1119	11.9665	 570	0	226.8759	236.51843862656	+11.72691013222	15.7993
     572	Planck2018	-264.5884	-139.1347	 52.6434	11.9503	 571	0	303.5404	207.73778864456	 +9.98737406424	15.3229
     573	Planck2018	-195.4587	 104.3889	  2.9047	11.9459	 572	1	221.6068	151.89459227688	 +0.75103558159	15.2034
     574	Planck2018	-163.7384	-130.3333	213.4815	11.9437	 573	0	298.9505	218.51926245498	+45.56975140010	16.5579
     575	Planck2018	-169.5456	-108.7822	 15.0395	11.9314	 574	0	202.0037	212.68465902945	 +4.26970071743	15.4256
     576	Planck2018	-292.6146	 -35.1619	134.4048	11.9243	 575	1	323.9202	186.85206715297	+24.51502231631	14.6016
     577	Planck2018	 -90.8000	-198.8087	139.3929	11.9233	 576	0	259.2295	245.45285521327	+32.52858302555	15.8532
     578	Planck2018	-139.2755	   5.8268	234.0518	11.9226	 577	0	272.4185	177.60433846370	+59.22268210769	15.5800
     579	Planck2018	-152.7881	-118.3498	120.6677	11.9212	 578	0	227.8412	217.76139586537	+31.97933228602	16.1393
     580	Planck2018	-140.2092	-270.9470	107.1570	11.9191	 579	1	323.3474	242.63941499749	+19.35372040350	14.7927
     581	Planck2018	-135.9953	  -2.6585	106.0032	11.9187	 580	0	172.4484	181.11990860908	+37.92977416148	16.0438
     582	Planck2018	-211.9004	-241.7124	 37.2069	11.9150	 581	1	323.5908	228.76013301961	 +6.60255273708	15.1305
     583	Planck2018	-157.0450	-194.2149	 63.8288	11.9144	 582	0	257.7919	231.04048196204	+14.33542584728	15.9933
     584	Planck2018	 -52.9527	-113.8493	145.5760	11.9057	 583	1	192.2447	245.05630342974	+49.22178265322	15.2049
     585	Planck2018	 -59.6999	-153.6630	118.3585	11.9010	 584	0	202.9411	248.76826928645	+35.67704006898	15.6975
     586	Planck2018	-267.2816	  72.5498	 38.9298	11.9007	 585	0	279.6757	164.81377648647	 +8.00134884673	15.8270
     587	Planck2018	 -26.3670	  20.5219	 51.4819	11.8828	 586	1	 61.3738	142.10579508044	+57.01617925530	15.7074
     588	Planck2018	-149.3399	-164.1835	213.9889	11.8795	 587	0	308.3016	227.71061390941	+43.95470183135	16.0012
     589	Planck2018	 -98.6990	-226.5289	 42.7871	11.8782	 588	1	250.7740	246.45716349215	 +9.82389169911	14.6602
     590	Planck2018	-159.6243	 -32.0366	123.6904	11.8773	 589	0	204.4641	191.34848196257	+37.22517800391	14.9973
     591	Planck2018	-161.8902	-233.2903	 97.2716	11.8695	 590	0	300.1576	235.24155287247	+18.90915036905	16.3574
     592	Planck2018	-125.3204	 163.7123	  4.6174	11.8686	 591	1	206.2238	127.43374351702	 +1.28298126598	13.6936
     593	Planck2018	-100.7919	-135.4426	 24.9196	11.8642	 592	0	170.6595	233.34459663681	 +8.39630425161	16.4799
     594	Planck2018	-113.6920	-101.2122	 65.8178	11.8552	 593	0	165.8365	221.67648473388	+23.38349044230	15.1837
     595	Planck2018	-151.7120	  77.8650	 10.5865	11.8448	 594	0	170.8554	152.83119443972	 +3.55243283648	14.9934
     596	Planck2018	-107.2799	  32.3753	134.2489	11.8334	 595	0	174.8711	163.20705705539	+50.14797275839	16.1502
     597	Planck2018	-152.7641	 -40.8654	  7.3992	11.8295	 596	0	158.3085	194.97633085771	 +2.67891389251	15.4113
     598	Planck2018	 -79.0012	   5.6655	 97.2320	11.8242	 597	0	125.4087	175.89813826311	+50.83412397178	15.5754
     599	Planck2018	 -67.2277	 125.9018	168.4693	11.8233	 598	1	220.8002	118.10084600684	+49.72889226575	13.9045
     600	Planck2018	-127.6816	 -65.9996	179.3120	11.8214	 599	0	229.8072	207.33478869583	+51.28545318701	15.2444
     601	Planck2018	-229.6171	 100.4289	 75.7237	11.8176	 600	0	261.8092	156.37660705576	+16.81200970029	15.8628
     602	Planck2018	-119.3446	 -52.2101	 10.5504	11.8170	 601	0	130.6917	203.62809185094	 +4.63036110495	16.5514
     603	Planck2018	-209.8059	  19.7732	 77.0529	11.8147	 602	0	224.3806	174.61604609407	+20.08432690370	15.5121
     604	Planck2018	 -80.5798	-285.8554	131.0767	11.8049	 603	1	324.6344	254.25737101539	+23.81388521433	12.7140
     605	Planck2018	-100.5036	  19.3014	209.3031	11.7956	 604	0	232.9835	169.12889129526	+63.94336767459	15.6397
     606	Planck2018	-120.3038	-243.6704	 35.1172	11.7939	 605	1	274.0100	243.72374242536	 +7.36329466427	15.7832
     607	Planck2018	-209.0482	-138.9652	 77.7765	11.7845	 606	0	262.7959	213.61404742940	+17.21497821397	15.3324
     608	Planck2018	-223.9823	  97.1111	126.9071	11.7769	 607	0	275.1437	156.56010119067	+27.46710215667	16.0652
     609	Planck2018	-117.2986	-121.7882	 40.2002	11.7757	 608	0	173.8027	226.07578582383	+13.37349523903	15.4264
     610	Planck2018	-180.2852	 236.4934	 98.3232	11.7672	 609	0	313.2081	127.31923421100	+18.29581115427	15.6603
     611	Planck2018	 -95.4114	-184.9016	129.6248	11.7598	 610	0	245.1419	242.70572972871	+31.92270280387	14.9522
     612	Planck2018	-262.8709	  50.8318	106.9792	11.7577	 611	0	288.3219	169.05570042951	+21.77981208559	15.3661
     613	Planck2018	-228.7086	 132.9777	160.2583	11.7565	 612	0	309.3112	149.82506537480	+31.20579468067	14.7991
     614	Planck2018	 -36.1121	-182.9962	112.9419	11.7484	 613	1	218.0541	258.83678775067	+31.19508121764	14.9273
     615	Planck2018	-310.0162	  42.8126	 37.2007	11.7383	 614	2	315.1616	172.13729776905	 +6.77882387904	15.6647
     616	Planck2018	 -78.6032	-143.0887	 69.7245	11.7350	 615	0	177.5228	241.21858921797	+23.12655834788	14.8584
     617	Planck2018	-125.4788	 177.5931	 65.2124	11.7314	 616	0	227.0174	125.24321239801	+16.69383430685	15.7792
     618	Planck2018	-134.3063	 -41.0186	138.3523	11.7290	 617	0	197.1347	196.98322217102	+44.57291498596	15.6236
     619	Planck2018	-107.2676	-130.2659	 75.9005	11.7279	 618	0	185.0309	230.53021200571	+24.21767779744	15.5236
     620	Planck2018	-163.2306	-152.2011	178.7105	11.7254	 619	0	285.9140	222.99740694021	+38.68583036004	15.8377
     621	Planck2018	-223.9656	-159.8811	 14.5861	11.7226	 620	0	275.5636	215.52169640402	 +3.03419607827	14.8132
     622	Planck2018	-228.4001	 131.7511	122.8653	11.7194	 621	0	290.8966	150.02177275854	+24.98414513937	14.6732
     623	Planck2018	 -62.5121	  38.7863	 56.5857	11.7193	 622	0	 92.8120	148.18199200964	+37.56638538835	15.2833
     624	Planck2018	 -47.4647	-119.0484	100.6604	11.7140	 623	0	162.9660	248.26280403925	+38.14669522621	16.0983
     625	Planck2018	-199.8934	  54.4659	 48.1394	11.7111	 624	0	212.7001	164.75834150260	+13.08080938533	15.9380
     626	Planck2018	-184.0465	  36.9039	197.3132	11.7061	 625	0	272.3372	168.66176134535	+46.42878205416	15.6076
     627	Planck2018	 -82.7378	-167.5061	110.7589	11.7054	 626	0	217.1897	243.71342678222	+30.66141448864	15.0628
     628	Planck2018	 -62.4710	 -70.4246	160.8662	11.7041	 627	1	186.3872	228.42497229763	+59.66366258792	13.8917
     629	Planck2018	-195.3328	-101.9424	 42.0957	11.7031	 628	0	224.3194	207.55963986347	+10.81624660791	14.8204
     630	Planck2018	 -80.4774	 -19.8535	 29.0869	11.7000	 629	0	 87.8454	193.85799207709	+19.33644338931	15.5418
     631	Planck2018	-159.5904	 -54.1070	 93.5628	11.6987	 630	0	192.7451	198.72855322078	+29.04015678554	15.7126
     632	Planck2018	 -41.2582	-102.5366	103.0968	11.6981	 631	1	151.1455	248.08135384440	+43.00820547165	15.2690
     633	Planck2018	-130.5625	 228.2144	110.0692	11.6958	 632	0	285.0327	119.77407014283	+22.71599393784	15.4954
     634	Planck2018	-253.8069	 147.4431	 45.6106	11.6903	 633	0	297.0484	149.84656625647	 +8.83247047072	14.7536
     635	Planck2018	-198.4566	  -6.3008	182.9693	11.6773	 634	0	270.0046	181.81846783878	+42.66046962979	15.1002
     636	Planck2018	-165.5432	  31.3183	103.2640	11.6709	 635	0	197.6078	169.28709726729	+31.50484266244	14.8904
     637	Planck2018	-165.8639	  93.1201	115.3025	11.6689	 636	0	222.4339	150.68906759921	+31.22280203952	15.7546
     638	Planck2018	-135.5125	 135.9003	104.3130	11.6566	 637	0	218.4348	134.91813427006	+28.52535549563	15.6192
     639	Planck2018	 -34.8393	-167.9559	100.2977	11.6564	 638	1	198.7023	258.28126249475	+30.31568132099	12.8487
     640	Planck2018	-245.5271	-102.0229	 94.5560	11.6510	 639	0	282.1933	202.56415840991	+19.57712450738	15.4667
     641	Planck2018	-124.4508	 173.8088	155.3494	11.6506	 640	0	264.2555	125.60347122411	+36.00641711870	15.1079
     642	Planck2018	 -72.5052	 -89.5602	149.4732	11.6426	 641	0	188.7333	231.00740693112	+52.37102751646	15.8356
     643	Planck2018	-228.4752	 -93.8712	143.2016	11.6423	 642	0	285.5160	202.33576887166	+30.10283365311	15.1250
     644	Planck2018	 -44.3348	  75.3277	106.4957	11.6389	 643	1	137.7721	120.47932844973	+50.62260757182	13.9592
     645	Planck2018	-197.9513	  47.0676	157.1423	11.6389	 644	0	257.0871	166.62495205522	+37.67933182332	14.7017
     646	Planck2018	-225.8987	 130.7725	 74.3786	11.6387	 645	0	271.4108	149.93350823206	+15.90506824835	14.3132
     647	Planck2018	-212.1962	-166.7132	138.5628	11.6376	 646	0	303.3483	218.15515685099	+27.17938637081	15.7045
     648	Planck2018	-265.1729	 -71.1377	171.5789	11.6343	 647	1	323.7538	195.01710146332	+32.00323975145	12.8746
     649	Planck2018	-279.7839	 106.7247	 -2.3005	11.6315	 648	1	299.4570	159.12045043017	 -0.44016123035	13.1286
     650	Planck2018	-142.9209	-239.0948	 75.2523	11.6276	 649	0	288.5405	239.13076984078	+15.11772194404	14.3858
     651	Planck2018	 -81.9726	  91.3725	199.9537	11.6214	 650	2	234.6272	131.89608079395	+58.45381244356	15.3886
     652	Planck2018	 -99.4471	-258.6006	162.0900	11.6178	 651	1	320.9940	248.96531492517	+30.32886490367	15.2107
     653	Planck2018	-309.5944	 -63.4789	 64.0276	11.6140	 652	1	322.4559	191.58725788047	+11.45290776702	15.0566
     654	Planck2018	 -63.9484	-159.4441	 99.4685	11.6098	 653	0	198.5089	248.14569150942	+30.07136576476	15.0159
     655	Planck2018	-248.2858	 -60.0162	 73.9459	11.5965	 654	0	265.9244	193.58900340243	+16.14511561968	15.6207
     656	Planck2018	 -99.7481	 -52.3254	  0.2887	11.5964	 655	1	112.6398	207.68040072378	 +0.14686758880	13.5421
     657	Planck2018	-288.8058	  79.9068	 58.4988	11.5932	 656	0	305.3129	164.53429270167	+11.04632826598	15.4885
     658	Planck2018	-160.9954	 138.8233	189.8241	11.5929	 657	0	284.9993	139.22942556458	+41.76301099727	15.2358
     659	Planck2018	-108.2391	 -20.2528	127.5657	11.5908	 658	0	168.5197	190.59817153567	+49.19850648695	15.1401
     660	Planck2018	-193.4637	 -62.4638	234.2081	11.5903	 659	0	310.1344	197.89375158250	+49.04132209236	15.8943
     661	Planck2018	-286.9311	 -45.1948	 59.1799	11.5898	 660	0	296.4360	188.95117095753	+11.51579873809	15.7306
     662	Planck2018	-201.9030	 123.7004	139.9547	11.5735	 661	0	275.0526	148.50533350879	+30.58585642722	15.7257
     663	Planck2018	-167.8911	 -42.0391	 79.3311	11.5727	 662	0	190.3895	194.05754319726	+24.62504423687	15.3075
     664	Planck2018	 -94.2574	 -66.2623	 73.4212	11.5722	 663	0	136.6229	215.10696679497	+32.50683102153	15.2927
     665	Planck2018	 -44.3361	  35.9412	115.0316	11.5598	 664	1	128.4124	140.96991504113	+63.61120390231	13.4357
     666	Planck2018	-194.2571	  28.3236	125.0579	11.5499	 665	0	232.7607	171.70445408176	+32.49873225970	14.5143
     667	Planck2018	-244.2548	 197.0897	 31.7856	11.5465	 666	0	315.4601	141.09986304864	 +5.78290287376	14.9071
     668	Planck2018	 -88.5967	 -66.7089	222.0454	11.5394	 667	1	248.2008	216.97791615807	+63.45969434284	11.5394
     669	Planck2018	-149.5588	-110.6553	 18.9700	11.5322	 668	0	187.0088	216.49693069738	 +5.82203077477	15.4303
     670	Planck2018	-103.2156	-247.7166	148.5165	11.5309	 669	0	306.7150	247.38007112046	+28.96115250747	15.5265
     671	Planck2018	-235.8851	  77.9562	 84.7440	11.5274	 670	0	262.4890	161.71211455456	+18.83523578311	15.1810
     672	Planck2018	-134.2777	 -65.7582	132.0399	11.5254	 671	0	199.4722	206.09180714164	+41.44847179241	15.3705
     673	Planck2018	-287.3197	 137.0265	 66.0398	11.5209	 672	1	325.1002	154.50291749337	+11.72045099836	13.2946
     674	Planck2018	-106.1161	 151.8271	101.0571	11.5205	 673	0	211.0086	124.95074667430	+28.61514790522	14.7897
     675	Planck2018	-166.4069	 188.3489	 84.2420	11.5159	 674	0	265.0722	131.46071205410	+18.53040369698	15.3191
     676	Planck2018	-225.6981	 -39.8981	226.6840	11.5128	 675	1	322.3617	190.02497185080	+44.68410173580	14.4210
     677	Planck2018	-249.1632	 -60.5910	168.0652	11.5097	 676	0	306.5933	193.66777965072	+33.24154314141	15.0312
     678	Planck2018	-170.9577	 256.8741	 20.4498	11.5088	 677	1	309.2394	123.64499445952	 +3.79169781396	13.2687
     679	Planck2018	 -96.3104	 -21.1819	141.2091	11.5078	 678	0	172.2335	192.40377647220	+55.07180900222	15.1955
     680	Planck2018	-192.6433	-216.2783	 70.4463	11.5037	 679	0	298.0779	228.30793048465	+13.67033804571	14.6566
     681	Planck2018	-131.3562	 148.8443	198.6755	11.5014	 680	0	280.8577	131.42864310951	+45.02283933302	14.5312
     682	Planck2018	-268.2642	-144.6469	101.5915	11.4997	 681	1	321.2619	208.33335774370	+18.43487132578	14.8261
     683	Planck2018	 -79.6006	   6.8391	 16.6574	11.4945	 682	0	 81.6119	175.08936612851	+11.77710909332	15.6728
     684	Planck2018	-113.0098	  42.3432	 78.9307	11.4942	 683	0	144.2020	159.45974985742	+33.18623618057	15.4739
     685	Planck2018	 -95.0196	-201.4716	 38.6185	11.4753	 684	0	226.0773	244.75013645803	 +9.83549820369	14.9026
     686	Planck2018	 -90.3032	-270.2368	132.2718	11.4744	 685	0	314.1312	251.52226083204	+24.90227110007	15.3301
     687	Planck2018	-254.8547	 115.6589	113.6768	11.4728	 686	0	302.0767	155.59035813235	+22.10576968389	14.7949
     688	Planck2018	-119.7838	  72.6811	 87.1751	11.4722	 687	0	165.0158	148.75194167418	+31.88954493367	16.0180
     689	Planck2018	-280.7101	  10.8672	 99.3961	11.4639	 688	0	297.9863	177.78299490440	+19.48495860463	15.0339
     690	Planck2018	 -78.4250	 -38.5999	 15.8380	11.4615	 689	0	 88.8329	206.20591627381	+10.27016152977	14.8229
     691	Planck2018	-169.4605	-179.1379	156.4339	11.4555	 690	0	292.0253	226.59017714495	+32.39044774847	14.4683
     692	Planck2018	-205.5971	 -65.6540	221.3287	11.4387	 691	0	309.1391	197.71002089237	+45.72125828854	15.4666
     693	Planck2018	-217.9684	   1.6145	 40.9389	11.4305	 692	0	221.7855	179.57560753432	+10.63711111457	15.0722
     694	Planck2018	-179.4612	  43.5239	171.4052	11.4287	 693	0	251.9531	166.36753330802	+42.86754532157	14.6617
     695	Planck2018	-123.5788	 -11.1888	164.9355	11.4257	 694	0	206.3992	185.17342399137	+53.04512201559	15.0579
     696	Planck2018	-119.6069	-124.7090	154.5674	11.4219	 695	0	231.8387	226.19635058673	+41.81303585228	15.0566
     697	Planck2018	-124.7539	  84.9372	 59.4490	11.4218	 696	0	162.2098	145.75146831597	+21.49956111596	15.2490
     698	Planck2018	 -88.3358	 -73.2794	196.3807	11.4187	 697	0	227.4609	219.67755751364	+59.69598659498	14.7764
     699	Planck2018	-190.9942	-190.1030	167.7535	11.4114	 698	1	317.4259	224.86601744367	+31.90286709416	14.7372
     700	Planck2018	-243.0443	-141.6055	 25.8957	11.4056	 699	0	282.4770	210.22646825905	 +5.25990572429	15.5222
     701	Planck2018	-283.9726	  -6.8745	146.2328	11.4050	 700	1	319.4866	181.38676281458	+27.23955198704	15.5498
     702	Planck2018	-177.4580	 -80.8428	  1.3746	11.4042	 701	0	195.0097	204.49212761607	 +0.40386564485	15.3462
     703	Planck2018	-282.8657	  36.2436	123.5353	11.3885	 702	0	310.7854	172.69847605299	+23.42160034216	14.6522
     704	Planck2018	-162.5662	-182.2097	 -0.7074	11.3843	 703	1	244.1898	228.26088673043	 -0.16598929220	14.6089
     705	Planck2018	-107.7768	 120.8902	 35.5297	11.3725	 704	0	165.8090	131.71785638574	+12.37333440041	15.0741
     706	Planck2018	-114.9383	 126.1668	261.4627	11.3709	 705	0	312.2365	132.33359344376	+56.86518355637	15.2420
     707	Planck2018	-121.5779	 157.5225	 76.7793	11.3603	 706	0	213.2829	127.66142359871	+21.09947303992	14.8772
     708	Planck2018	-111.1876	 -53.7967	247.5116	11.3572	 707	0	276.6202	205.81943786799	+63.47895736345	14.9447
     709	Planck2018	 -68.9992	-236.0177	131.2310	11.3551	 708	1	278.7236	253.70384435888	+28.08809776541	13.3597
     710	Planck2018	-169.4522	  18.8372	207.8975	11.3510	 709	0	268.8685	173.65675231057	+50.64493820747	15.1160
     711	Planck2018	-245.0415	  96.2410	190.6081	11.3502	 710	1	325.0217	158.55738554354	+35.90529067726	13.5916
     712	Planck2018	-202.1284	-143.9419	108.4514	11.3422	 711	0	270.8078	215.45584193534	+23.60779950283	14.4468
     713	Planck2018	-179.1382	-199.9252	142.0236	11.3225	 712	0	303.6961	228.13883796484	+27.88190072850	15.0390
     714	Planck2018	-180.6872	-173.0837	 91.0998	11.3205	 713	0	266.2799	223.76875162830	+20.00611756535	14.7399
     715	Planck2018	-218.2114	-150.7073	  1.4495	11.3117	 714	0	265.2000	214.63082100338	 +0.31316394258	15.5110
     716	Planck2018	-311.5326	 -51.4699	 42.9470	11.3099	 715	1	318.6630	189.38137917223	 +7.74545422570	15.0287
     717	Planck2018	 -45.5799	 -13.6072	 11.5747	11.3027	 716	2	 48.9557	196.62225845973	+13.67601894326	14.8592
     718	Planck2018	-248.3937	-115.2328	164.0916	11.3022	 717	1	319.2242	204.88714353331	+30.93279958442	14.9294
     719	Planck2018	-263.8698	  84.4325	 26.2874	11.3018	 718	0	278.2933	162.25646987236	 +5.42020809033	14.3816
     720	Planck2018	-171.5531	  53.3144	140.1920	11.3001	 719	0	227.8743	162.73605785790	+37.96765969121	15.5019
     721	Planck2018	-278.8151	  48.2458	160.3438	11.2988	 720	1	325.2317	170.18282053381	+29.53888936781	13.8157
     722	Planck2018	 -37.7090	  -1.0479	 77.8666	11.2986	 721	1	 86.5232	181.59174812697	+64.15149922721	13.5226
     723	Planck2018	-267.6326	 150.5786	 70.5463	11.2939	 722	0	315.0840	150.63650943998	+12.93802521338	14.6968
     724	Planck2018	-287.8805	 -66.7393	118.8371	11.2863	 723	2	318.5146	193.05230130491	+21.90679983680	15.6481
     725	Planck2018	 -81.8800	 -19.7511	120.4964	11.2838	 724	0	147.0164	193.56184122076	+55.04598732665	15.3059
     726	Planck2018	-205.4355	 222.8792	118.4559	11.2831	 725	1	325.4393	132.66783566931	+21.34530698723	13.4937
     727	Planck2018	-200.8552	 202.9179	  5.0785	11.2823	 726	1	285.5596	134.70730399925	 +1.01901851898	13.3646
     728	Planck2018	-228.4164	 -13.6827	 76.0993	11.2812	 727	0	241.1480	183.42805705764	+18.39527769313	14.3319
     729	Planck2018	-293.7335	 -67.5281	 -8.1915	11.2801	 728	2	301.5071	192.94709380002	 -1.55683215246	14.8116
     730	Planck2018	-103.5422	 106.0732	120.6540	11.2795	 729	0	191.1279	134.30820882649	+39.14413961296	15.6761
     731	Planck2018	-204.2827	 139.7389	 55.6979	11.2782	 730	0	253.6940	145.62606440618	+12.68245075548	15.0871
     732	Planck2018	-117.4717	-129.6972	218.6879	11.2753	 731	0	280.0810	227.83166286696	+51.33408407415	14.8569
     733	Planck2018	-160.9264	-111.4831	236.9533	11.2692	 732	0	307.3641	214.71260004353	+50.43663946793	14.1765
     734	Planck2018	-185.9417	 199.5691	 99.7178	11.2683	 733	0	290.4234	132.97549370524	+20.08129398033	14.9509
     735	Planck2018	-141.9212	 168.0661	147.4618	11.2666	 734	0	264.8261	130.17898238897	+33.83651042731	14.7052
     736	Planck2018	-179.2229	-137.7403	139.2045	11.2624	 735	0	265.4640	217.54378927723	+31.62665046374	14.8071
     737	Planck2018	-121.3940	  35.6038	290.1845	11.2600	 736	1	316.5615	163.65403581176	+66.44495177577	12.4821
     738	Planck2018	-174.3649	 -19.2174	 52.4077	11.2576	 737	0	183.0819	186.28939211747	+16.63375359368	14.1184
     739	Planck2018	-196.7659	 -81.8721	 12.4879	11.2568	 738	0	213.4849	202.59165946668	 +3.35346191024	14.8810
     740	Planck2018	 -93.8966	  95.4117	 55.5977	11.2522	 739	0	144.9520	134.54144278302	+22.55434096992	15.4735
     741	Planck2018	-288.1482	-128.4502	 -0.4673	11.2485	 740	2	315.4823	204.02627429491	 -0.08487119724	14.5491
     742	Planck2018	-184.6980	-173.5169	201.3233	11.2451	 741	1	323.6549	223.21218654555	+38.46456487790	13.4592
     743	Planck2018	-228.6114	  80.1057	 48.3605	11.2427	 742	0	247.0199	160.68947145946	+11.29005191671	14.9298
     744	Planck2018	-109.0543	  92.6139	 89.0125	11.2295	 743	0	168.5035	139.66056091328	+31.88752220013	15.1426
     745	Planck2018	 -67.4723	 -90.8792	 27.6583	11.2280	 744	0	116.5183	233.40832525673	+13.73155804914	14.4669
     746	Planck2018	-250.9939	 -72.9572	190.0180	11.2247	 745	1	323.1525	196.20773399154	+36.01617054694	12.9799
     747	Planck2018	-218.7868	 149.6117	157.5619	11.2234	 746	0	308.3457	145.63474444283	+30.72985723145	13.9507
     748	Planck2018	-175.9336	 135.8395	129.9932	11.2074	 747	0	257.4942	142.32804115239	+30.32070143560	15.4663
     749	Planck2018	-220.3268	-109.4744	 63.5710	11.2061	 748	0	254.1059	206.42154250644	+14.48787399834	14.9514
     750	Planck2018	-186.2855	 149.8712	 73.0090	11.2055	 749	0	249.9880	141.18247379421	+16.98072298883	14.4278
     751	Planck2018	-128.2791	 256.4287	149.2988	11.1858	 750	1	323.2667	116.57662466826	+27.50616654807	12.4076
     752	Planck2018	-142.0388	 221.3691	 31.6816	11.1777	 751	1	264.9208	122.68576881135	 +6.86838992880	14.0008
     753	Planck2018	-165.0701	  12.7315	153.3275	11.1767	 752	0	225.6536	175.58961763960	+42.80315210011	14.3834
     754	Planck2018	-308.0489	  78.2063	 56.7728	11.1754	 753	1	322.8521	165.75491883596	+10.12799232226	13.9907
     755	Planck2018	 -28.2322	  32.2440	 38.3207	11.1729	 754	0	 57.4909	131.20470365888	+41.80146360785	14.4824
     756	Planck2018	-141.7189	-194.6652	 36.1772	11.1704	 755	0	243.4904	233.94488586543	 +8.54450275996	13.9735
     757	Planck2018	-123.4567	-163.4470	191.3915	11.1603	 756	0	280.3340	232.93510677083	+43.05706258639	14.9197
     758	Planck2018	-176.2193	 -46.5963	106.9606	11.1501	 757	0	211.3410	194.81127458182	+30.40467325204	14.8806
     759	Planck2018	 -95.5437	-259.6095	 63.3343	11.1490	 758	1	283.7903	249.79494974018	+12.89545303446	11.9086
     760	Planck2018	-118.7893	 -21.7982	  1.6819	11.1427	 759	1	120.7845	190.39828661287	 +0.79784000242	13.8384
     761	Planck2018	 -21.5151	  12.8285	 19.0419	11.1321	 760	0	 31.4653	149.19415672967	+37.24115118702	14.8403
     762	Planck2018	-228.2595	 -11.8048	110.4057	11.1316	 761	0	253.8330	182.96051375087	+25.78236604891	14.5533
     763	Planck2018	-110.4895	  71.0969	 52.6101	11.1149	 762	0	141.5292	147.23986067588	+21.82210090955	14.6612
     764	Planck2018	-145.6627	-241.3901	 43.6965	11.1096	 763	0	285.3002	238.89183292549	 +8.81009271963	14.8464
     765	Planck2018	 -64.1519	  -2.0456	 55.4385	11.1078	 764	0	 84.8120	181.82638371068	+40.81838810727	14.8494
     766	Planck2018	 -89.3105	  46.8874	101.1259	11.1055	 765	0	142.8329	152.30083825600	+45.07254546176	14.4863
     767	Planck2018	-134.5997	 -71.0592	158.8968	11.1034	 766	0	220.0334	207.83091830750	+46.23216663099	15.0355
     768	Planck2018	 -58.9274	-176.1346	147.2067	11.1030	 767	0	236.9930	251.50188527893	+38.39971767471	14.0830
     769	Planck2018	-194.1731	 148.9750	207.5559	11.1019	 768	1	320.8990	142.50357913738	+40.30038275468	14.4810
     770	Planck2018	-240.9544	 164.1578	127.5830	11.0979	 769	0	318.2519	145.73412305652	+23.63364169932	13.9738
     771	Planck2018	 -71.4513	 -16.3436	157.2190	11.0924	 770	2	173.4653	192.88406950654	+65.00472202181	13.7194
     772	Planck2018	-134.3857	  -3.0127	 41.8807	11.0861	 771	0	140.7927	181.28427417940	+17.30531566117	14.7437
     773	Planck2018	-222.0251	 -40.3189	176.3434	11.0850	 772	0	286.3875	190.29254062639	+38.00652347095	14.4370
     774	Planck2018	 -83.6771	-161.5053	130.1250	11.0830	 773	0	223.6478	242.61099835462	+35.57936163061	14.6735
     775	Planck2018	-114.7964	  81.4095	228.4796	11.0810	 774	0	268.3442	144.65710870644	+58.36886356556	15.7718
     776	Planck2018	-183.3170	-193.7017	 68.6818	11.0792	 775	0	275.3955	226.57776441197	+14.44160715435	13.9587
     777	Planck2018	 -79.5584	-241.2482	167.0109	11.0718	 776	0	304.0113	251.74856092802	+33.32295292493	14.6654
     778	Planck2018	-258.7058	  -7.1338	 94.3111	11.0715	 777	0	275.4527	181.57953693152	+20.02229997599	14.6407
     779	Planck2018	-199.2470	 221.6761	 10.6643	11.0700	 778	0	298.2505	131.94984849172	 +2.04911374402	14.5454
     780	Planck2018	-194.7218	-127.1375	102.7136	11.0684	 779	0	254.2255	213.14125838149	+23.83006756949	14.4025
     781	Planck2018	-241.3397	  -6.2849	 91.5707	11.0644	 780	0	258.2045	181.49173150451	+20.77162547892	14.2968
     782	Planck2018	-174.2853	 205.8293	 39.0080	11.0463	 781	0	272.5118	130.25615025740	 +8.22972660977	14.1028
     783	Planck2018	-269.4828	  52.6635	 16.8816	11.0462	 782	0	275.0989	168.94236072764	 +3.51820122985	15.1042
     784	Planck2018	-130.4618	 149.3231	 20.7243	11.0457	 783	0	199.3670	131.14332803803	 +5.96671728434	13.6746
     785	Planck2018	-173.9703	  92.7272	 15.4109	11.0396	 784	0	197.7410	151.94212572261	 +4.46985510503	15.4668
     786	Planck2018	-237.9921	 200.8742	 60.5561	11.0393	 785	1	317.2660	139.83439128688	+11.00346958182	14.6501
     787	Planck2018	-135.8805	-128.2318	171.4297	11.0377	 786	0	253.5646	223.34117674512	+42.53797998018	14.7800
     788	Planck2018	-194.7836	 -82.3739	193.6713	11.0333	 787	0	286.7659	202.92348187479	+42.48240587877	15.1306
     789	Planck2018	 -99.2364	  87.5913	223.8762	11.0263	 788	0	260.0782	138.56667614275	+59.40692200900	15.0070
     790	Planck2018	-133.7270	-108.2060	230.8839	11.0230	 789	0	287.9216	218.97826218933	+53.31179073387	13.8146
     791	Planck2018	-240.3855	 -55.6901	187.2165	11.0222	 790	0	309.7364	193.04360718659	+37.18843091156	13.9453
     792	Planck2018	-151.3554	  68.0099	 27.4528	11.0205	 791	0	168.1887	155.80375563793	 +9.39419736212	14.5950
     793	Planck2018	-109.0041	 159.4681	 15.0411	11.0175	 792	1	193.7478	124.35446602549	 +4.45249827457	11.5222
     794	Planck2018	-188.7530	 213.5513	 38.0328	11.0150	 793	0	287.5384	131.47271116597	 +7.60080418745	13.5151
     795	Planck2018	-160.2520	 -59.4471	 25.0481	11.0132	 794	0	172.7486	200.35284470761	 +8.33712724656	14.6497
     796	Planck2018	-114.4491	  40.2078	 27.1317	11.0071	 795	0	124.3037	160.64279680327	+12.60741593109	15.2242
     797	Planck2018	-134.8375	 166.0261	203.8456	10.9984	 796	0	295.4638	129.08165513858	+43.62357246829	15.0979
     798	Planck2018	-174.1652	 130.4232	149.4422	10.9969	 797	0	263.9634	143.17238958064	+34.48200435442	14.9393
     799	Planck2018	-164.9680	-144.2325	 43.4052	10.9949	 798	0	223.3863	221.16338364688	+11.20415830729	15.2962
     800	Planck2018	 -76.8589	-127.9727	 34.3917	10.9933	 799	0	153.1897	239.01148431403	+12.97370731775	14.5778
     801	Planck2018	-216.0702	 -22.6390	 88.3406	10.9883	 800	0	234.5270	185.98141495902	+22.12790421586	14.2418
     802	Planck2018	-222.4690	  31.6145	207.4788	10.9718	 801	0	305.8420	171.91200175607	+42.71760220454	13.4605
     803	Planck2018	-107.7473	 100.3908	171.5478	10.9686	 802	0	226.0895	137.02421336157	+49.35506922945	13.8938
     804	Planck2018	-241.9549	 -93.2336	 79.5318	10.9660	 803	0	271.2195	201.07341005514	+17.05190448688	14.3688
     805	Planck2018	-174.9124	  73.8443	146.6296	10.9625	 804	0	239.8907	157.11155310829	+37.67885709097	14.8139
     806	Planck2018	-219.5164	-170.1193	 30.4158	10.9615	 805	0	279.3799	217.77472387708	 +6.25011306205	14.7823
     807	Planck2018	-131.9946	 118.4196	206.0257	10.9610	 806	0	271.8315	138.10296079132	+49.28090297527	14.6138
     808	Planck2018	-141.1211	 -11.8885	178.5527	10.9555	 807	0	227.8981	184.81542537125	+51.57994410502	14.3410
     809	Planck2018	-137.7690	-148.6133	158.0379	10.9492	 808	0	256.9868	227.16855545681	+37.94939092121	15.5055
     810	Planck2018	-152.5549	-138.6419	230.1477	10.9474	 809	0	308.9701	222.26456546315	+48.14934826583	13.8452
     811	Planck2018	-188.9245	-146.0957	 11.9631	10.9407	 810	0	239.1224	217.71485285766	 +2.86765092680	14.4780
     812	Planck2018	-193.8138	  33.4109	 20.5768	10.9331	 811	0	197.7460	170.21910268437	 +5.97282536559	14.1773
     813	Planck2018	-177.2442	 114.1522	197.6115	10.9325	 812	0	288.9577	147.21687406201	+43.14734803210	14.2452
     814	Planck2018	 -58.2835	 -32.0758	 78.3549	10.9279	 813	0	102.7877	208.82583514445	+49.66724543853	14.0647
     815	Planck2018	-115.2853	 -40.3994	146.1714	10.9261	 814	0	190.4965	199.31195953850	+50.11368000336	14.3481
     816	Planck2018	-214.0403	 -17.4858	169.2764	10.9239	 815	0	273.4474	184.67034062226	+38.24647245553	14.9172
     817	Planck2018	-101.0768	  83.7719	114.1166	10.9209	 816	0	173.9449	140.34826401944	+40.99930841357	14.7363
     818	Planck2018	-136.2907	 -63.6683	221.4693	10.9197	 817	0	267.7264	205.03966913809	+55.81445390836	14.4872
     819	Planck2018	 -33.8676	-150.4375	 85.2353	10.9194	 818	1	176.1917	257.31265845468	+28.93156363210	12.5030
     820	Planck2018	-170.7227	 -69.5538	 67.2510	10.9179	 819	0	196.2312	202.16638841493	+20.04225167599	14.7528
     821	Planck2018	-126.8617	 169.0785	 94.3038	10.9065	 820	0	231.4620	126.88135428850	+24.04330054576	14.1393
     822	Planck2018	-199.1816	 -15.2528	131.8074	10.9033	 821	0	239.3306	184.37902801298	+33.41736086249	14.7921
     823	Planck2018	-129.8471	 -46.3631	231.1715	10.9015	 822	0	269.1655	199.64954830847	+59.18715728603	14.8340
     824	Planck2018	-112.9185	-138.4684	253.5246	10.9003	 823	0	310.1593	230.80336874273	+54.82548437335	14.7280
     825	Planck2018	 -95.7950	  -2.0673	 61.3395	10.8993	 824	0	113.7695	181.23625195389	+32.62622590191	13.6229
     826	Planck2018	-190.3857	  65.0253	227.3913	10.8985	 825	0	303.6146	161.14264175089	+48.49926232122	14.4931
     827	Planck2018	-277.8489	  53.7787	 42.4388	10.8963	 826	0	286.1699	169.04564791974	 +8.52837942899	13.7224
     828	Planck2018	 -62.5235	-214.0101	163.1760	10.8852	 827	0	276.2896	253.71416821323	+36.19944687408	13.6597
     829	Planck2018	-219.6349	  78.3960	 98.4091	10.8791	 828	0	253.1201	160.35658903583	+22.87887979055	13.8589
     830	Planck2018	-110.0000	-104.1307	181.4936	10.8790	 829	0	236.3961	223.42990466834	+50.15245254225	14.6582
     831	Planck2018	-123.2301	-268.9723	 34.7050	10.8780	 830	1	297.8863	245.38503422306	 +6.69039788533	12.5499
     832	Planck2018	-246.2290	  89.0422	  6.0219	10.8759	 831	2	261.9036	160.11881536843	 +1.31751286233	13.8992
     833	Planck2018	-150.8726	 -67.2216	254.6633	10.8700	 832	0	303.5370	204.01546427503	+57.03321718158	13.8281
     834	Planck2018	 -48.1879	-240.2809	149.7951	10.8691	 833	1	287.2204	258.65987210172	+31.43519000122	14.7606
     835	Planck2018	-141.1252	 222.3853	 90.6043	10.8655	 834	0	278.5331	122.39912648668	+18.98320249118	14.6380
     836	Planck2018	 -67.1788	-174.8125	116.5665	10.8648	 835	0	220.5904	248.97871056627	+31.89940447956	14.0967
     837	Planck2018	 -63.6382	  25.9368	 37.8738	10.8633	 836	0	 78.4663	157.82581123158	+28.86028025175	15.0549
     838	Planck2018	-230.1822	  56.0677	 55.2757	10.8603	 837	0	243.2752	166.31049948757	+13.13315307576	13.8913
     839	Planck2018	-110.0156	  11.6687	 54.5183	10.8496	 838	0	123.3363	173.94562323159	+26.23345580790	13.9744
     840	Planck2018	-269.4369	-135.0535	 80.7655	10.8456	 839	0	312.0237	206.62201875039	+15.00148894606	14.4416
     841	Planck2018	-246.0293	 -25.9394	157.1421	10.8396	 840	0	293.0817	186.01858523493	+32.42339455901	13.8839
     842	Planck2018	 -86.5086	 166.3127	180.3469	10.8380	 841	0	260.1321	117.48147861755	+43.89110769566	14.9142
     843	Planck2018	-182.0739	 -71.5886	164.8371	10.8380	 842	0	255.8263	201.46398629781	+40.11560744441	14.9880
     844	Planck2018	-108.4349	 -33.7249	 58.5716	10.8359	 843	0	127.7738	197.27650786075	+27.28396531684	14.5581
     845	Planck2018	-121.9480	  56.7574	 53.3215	10.8350	 844	0	144.6925	155.04164013261	+21.62411003505	14.5197
     846	Planck2018	 -73.0182	-165.9688	 36.0362	10.8345	 845	1	184.8673	246.25284084049	+11.24065058820	12.4990
     847	Planck2018	-139.2407	  90.6343	256.5513	10.8342	 846	0	305.6487	146.93917101122	+57.07328973235	14.7464
     848	Planck2018	-138.6161	 131.6574	144.8338	10.8336	 847	0	239.8436	136.47487138482	+37.14741547353	14.6060
     849	Planck2018	-147.6392	-281.0945	 63.6410	10.8296	 848	1	323.8235	242.29020544647	+11.33411882148	10.8296
     850	Planck2018	-183.6949	 125.6480	  4.2364	10.8292	 849	1	222.5965	145.62772993374	 +1.09050308987	13.9047
     851	Planck2018	-133.4038	  23.3618	 43.1515	10.8260	 850	0	142.1422	170.06702200729	+17.67275714037	13.8132
     852	Planck2018	-132.4578	 221.0843	193.4069	10.8259	 851	1	322.2260	120.92701355235	+36.88574908926	13.6941
     853	Planck2018	-163.8091	  51.9628	 58.7382	10.8245	 852	0	181.6142	162.40016560120	+18.87006827763	13.9705
     854	Planck2018	-211.2755	  85.9026	  1.9002	10.8229	 853	1	228.0794	157.87380722940	 +0.47736108840	12.9893
     855	Planck2018	-273.0207	  29.3624	169.1862	10.8144	 854	1	322.5313	173.86164325180	+31.63845574667	13.8302
     856	Planck2018	-259.1890	  68.9150	  6.9868	10.8092	 855	0	268.2854	165.11029817433	 +1.49228591874	12.8567
     857	Planck2018	-218.1739	  96.2187	221.7855	10.8067	 856	1	325.6482	156.20165129873	+42.92643242572	12.2795
     858	Planck2018	-115.7997	-171.3979	244.4026	10.8046	 857	1	320.1866	235.95627952862	+49.75714984382	13.6537
     859	Planck2018	-130.1815	-257.0884	108.4453	10.7959	 858	0	307.8995	243.14377994594	+20.62255530695	14.3771
     860	Planck2018	-102.7392	 -49.9111	214.5072	10.7940	 859	0	243.0222	205.91064429665	+61.96552706528	14.3941
     861	Planck2018	-104.1458	  12.9350	101.5953	10.7922	 860	0	146.0660	172.92007882304	+44.07058194318	13.6348
     862	Planck2018	-283.7634	 -25.6032	 -9.8597	10.7846	 861	1	285.0867	185.15568643608	 -1.98195920757	13.8026
     863	Planck2018	-140.1253	 158.0377	 43.7521	10.7810	 862	0	215.6971	131.56205345649	+11.70311977599	13.9306
     864	Planck2018	-200.6147	-253.1593	 30.8817	10.7804	 863	1	324.4836	231.60512963075	 +5.46121867500	12.6806
     865	Planck2018	 -70.9203	-194.9343	197.5206	10.7787	 864	1	286.4323	250.00779401214	+43.59759271787	14.5172
     866	Planck2018	-151.1085	 177.4181	 25.9836	10.7759	 865	0	234.4912	130.42133068068	 +6.36191409917	14.5503
     867	Planck2018	 -67.7911	 -89.2844	 69.4632	10.7696	 866	0	131.8806	232.79163977693	+31.78364622329	13.9368
     868	Planck2018	 -87.0520	  71.5892	127.8308	10.7690	 867	0	170.4223	140.56705529960	+48.59752124706	13.5936
     869	Planck2018	-158.8837	 205.2739	167.7084	10.7684	 868	0	309.0429	127.74017598929	+32.86560085786	13.9148
     870	Planck2018	-290.0582	 146.4950	 25.8295	10.7683	 869	1	325.9780	153.20376709414	 +4.54471400850	12.6364
     871	Planck2018	-120.7455	  28.8561	263.3232	10.7624	 870	0	291.1207	166.55939864308	+64.75811396156	12.8980
     872	Planck2018	 -67.3339	-109.2092	110.7055	10.7480	 871	0	169.4586	238.34374199165	+40.79007356646	14.2213
     873	Planck2018	-111.2498	 206.7794	101.5558	10.7470	 872	0	255.8277	118.28078440635	+23.38887459536	12.7965
     874	Planck2018	-123.9644	-222.0860	106.8094	10.7459	 873	0	275.8579	240.83053939522	+22.77975220967	13.8191
     875	Planck2018	-158.9635	 114.5568	 54.2836	10.7446	 874	0	203.3209	144.22165355246	+15.48492563824	14.3038
     876	Planck2018	-125.6247	 -72.8492	 87.9637	10.7421	 875	0	169.7828	210.10923689417	+31.20459607317	14.0601
     877	Planck2018	-198.6014	 150.5915	145.7308	10.7375	 876	0	288.7175	142.82841752034	+30.31489972039	15.1378
     878	Planck2018	-261.2010	 -76.8597	 57.4696	10.7366	 877	0	278.2735	196.39677963190	+11.91860330768	13.9550
     879	Planck2018	 -84.1884	  64.9924	247.7335	10.7350	 878	1	269.5989	142.33231149688	+66.76528460704	11.5862
     880	Planck2018	-257.6361	 -32.4268	124.8740	10.7340	 879	0	288.1343	187.17367546999	+25.68277361971	13.7291
     881	Planck2018	 -92.6868	-256.5576	104.6371	10.7336	 880	1	292.1671	250.13668463700	+20.98610160443	13.1252
     882	Planck2018	-166.7932	-226.5994	 24.9305	10.7292	 881	0	282.4691	233.64430356857	 +5.06347150563	14.6349
     883	Planck2018	-101.8908	-178.5305	 73.4558	10.7263	 882	0	218.2902	240.28575799661	+19.66408668917	13.2810
     884	Planck2018	 -32.6113	 -24.1374	 69.6799	10.7238	 883	1	 80.6313	216.50717562248	+59.78913299034	11.5602
     885	Planck2018	-273.1873	  -7.6486	 83.6100	10.7235	 884	0	285.7978	181.60372699722	+17.01064002129	13.5346
     886	Planck2018	-210.1342	-106.5314	180.9971	10.7166	 885	0	297.0947	206.88357577584	+37.53337848579	14.8082
     887	Planck2018	-135.0608	 239.0876	 98.1155	10.7150	 886	0	291.6007	119.46215045437	+19.66208142066	14.5132
     888	Planck2018	 -95.3920	 -37.3869	 32.6159	10.7126	 887	0	107.5230	201.40166112355	+17.65822259249	14.2912
     889	Planck2018	-174.3085	   3.1531	 58.6360	10.7052	 888	0	183.9336	178.96369423913	+18.58969394037	14.6798
     890	Planck2018	-110.1252	-117.2605	279.4313	10.7045	 889	1	322.4275	226.79733155186	+60.07149787342	12.1289
     891	Planck2018	-261.9448	   8.9357	  2.2073	10.7018	 890	0	262.1065	178.04622817238	 +0.48252239885	14.4638
     892	Planck2018	 -87.6625	-224.4329	191.9879	10.7008	 891	0	308.0815	248.66459498332	+38.54818588809	14.2234
     893	Planck2018	-207.4511	  37.9153	 54.0255	10.6989	 892	0	217.6977	169.64251572090	+14.36910447776	14.2184
     894	Planck2018	-126.8886	-268.1786	 73.4641	10.6985	 893	0	305.6427	244.67883673999	+13.90774757811	14.1978
     895	Planck2018	 -83.6208	-219.3623	 83.3144	10.6969	 894	1	249.1055	249.13316735158	+19.53935705959	12.2932
     896	Planck2018	-117.9026	  51.7267	118.9130	10.6940	 895	0	175.2626	156.31180651186	+42.72534426725	13.9414
     897	Planck2018	-217.2114	 -42.4617	135.1387	10.6878	 896	0	259.3188	191.06100530920	+31.40805632016	14.3558
     898	Planck2018	-158.0477	-153.8872	 10.0696	10.6864	 897	0	220.8207	224.23584810235	 +2.61365051325	14.0394
     899	Planck2018	-233.7879	-159.2639	 45.6763	10.6770	 898	0	286.5450	214.26395654959	 +9.17227960032	13.6951
     900	Planck2018	-241.6517	 -64.4266	 92.1001	10.6767	 899	0	266.5122	194.92835128377	+20.21694175137	12.7936
     901	Planck2018	-102.0015	 131.4383	 65.3794	10.6766	 900	0	178.7591	127.81291190322	+21.45316373038	13.7828
     902	Planck2018	 -74.6942	 114.7596	 71.3540	10.6759	 901	0	154.4033	123.05909819686	+27.52446634096	13.9719
     903	Planck2018	-206.4855	 -75.1057	239.0592	10.6746	 902	1	324.6944	199.98802080891	+47.41372637063	13.3349
     904	Planck2018	-183.2301	 217.2324	159.2570	10.6707	 903	1	325.7699	130.14680021668	+29.26591588982	12.0137
     905	Planck2018	-319.0569	  52.9714	 13.1201	10.6707	 904	1	323.6903	170.57344982049	 +2.32300827285	13.3591
     906	Planck2018	-180.7875	-266.5622	 -8.1797	10.6691	 905	1	322.1900	235.85413854398	 -1.45477840721	11.6158
     907	Planck2018	-232.2538	-130.7409	112.4025	10.6674	 906	0	289.2565	209.37614630137	+22.86686715367	13.5731
     908	Planck2018	 -97.5892	  66.8628	 73.0059	10.6660	 907	0	139.0113	145.58316085845	+31.68032276649	13.3157
     909	Planck2018	-224.5280	-156.4277	 78.7739	10.6611	 908	0	284.7591	214.86477243939	+16.05937640115	13.4857
     910	Planck2018	-256.7735	  97.1315	175.6503	10.6594	 909	1	325.9144	159.27953429798	+32.61193287110	12.5424
     911	Planck2018	-253.2933	  55.8210	194.3955	10.6512	 910	1	324.1344	167.57177349220	+36.85109563960	13.0819
     912	Planck2018	-129.2387	 174.8092	119.9983	10.6492	 911	0	248.3153	126.47598726588	+28.89785666701	12.9578
     913	Planck2018	-104.8272	 220.5732	113.0486	10.6435	 912	1	269.1120	115.41934609464	+24.83963633457	12.9396
     914	Planck2018	-280.2678	 -26.2868	121.8120	10.6406	 913	0	306.7233	185.35818717059	+23.39948387452	13.8451
     915	Planck2018	-125.5538	  10.6411	132.1176	10.6392	 914	0	182.5707	175.15556368803	+46.35679099243	14.5098
     916	Planck2018	-168.3195	  47.5056	  2.0378	10.6327	 915	1	174.9068	164.23907786173	 +0.66754826093	12.4481
     917	Planck2018	-148.0538	 230.2562	 46.2675	10.6290	 916	0	277.6302	122.74085852801	 +9.59319658916	13.9266
     918	Planck2018	-111.2716	-122.8572	204.1512	10.6287	 917	0	262.9695	227.83289584175	+50.92578480303	14.8367
     919	Planck2018	-117.8212	 140.1659	 72.8015	10.6282	 918	0	197.0492	130.04986749997	+21.68222147662	13.4565
     920	Planck2018	-285.0214	  83.2990	 20.0414	10.6262	 919	0	297.6198	163.70872012970	 +3.86115990106	14.4162
     921	Planck2018	-116.2114	-208.8845	 68.6201	10.6220	 920	0	248.6896	240.91093224001	+16.01724096368	13.7564
     922	Planck2018	-203.2837	 -35.1173	251.7762	10.6190	 921	1	325.4976	189.80112158322	+50.67027333978	12.7475
     923	Planck2018	 -58.8753	  24.5479	125.3525	10.6154	 922	1	140.6491	157.36643411706	+63.02989695289	13.2531
     924	Planck2018	-100.7591	 120.1435	216.7554	10.6143	 923	0	267.5252	129.98508997424	+54.11784479416	13.6036
     925	Planck2018	 -63.7296	 -32.9091	 56.4413	10.6075	 924	0	 91.2694	207.31122767754	+38.19968767021	14.2302
     926	Planck2018	-101.9361	-220.0655	184.4086	10.6002	 925	0	304.6741	245.14604948967	+37.24791509272	15.0168
     927	Planck2018	 -34.3557	 -82.8381	 87.4744	10.5983	 926	1	125.2767	247.47462591786	+44.28674968436	12.6852
     928	Planck2018	 -48.2362	 -27.4396	 29.1728	10.5971	 927	0	 62.6954	209.63374851977	+27.73029849145	13.1630
     929	Planck2018	-117.5758	 168.4720	 35.9884	10.5954	 928	0	208.5714	124.91101926016	 +9.93595230508	13.2983
     930	Planck2018	-165.4572	 146.1668	237.8289	10.5950	 929	1	324.5048	138.54224513403	+47.12987975483	12.6097
     931	Planck2018	-270.9749	  65.6379	 86.2897	10.5936	 930	0	291.8590	166.38357979122	+17.19684102338	13.9353
     932	Planck2018	-165.7356	 -69.3801	 48.0226	10.5921	 931	0	185.9787	202.71512857178	+14.96421587614	13.8968
     933	Planck2018	-260.9220	 168.0493	 47.6438	10.5874	 932	0	313.9916	147.21605157555	 +8.72752960629	14.3182
     934	Planck2018	-308.3836	  56.4756	 83.1345	10.5870	 933	1	324.3474	169.62218046424	+14.85140979816	13.7193
     935	Planck2018	-181.5104	 -98.6874	251.9839	10.5864	 934	1	325.8544	208.53297123303	+50.65135120901	12.2425
     936	Planck2018	-132.9880	 257.4523	 91.9057	10.5842	 935	1	303.9970	117.31879524414	+17.59727218403	10.9747
     937	Planck2018	 -36.9307	  37.3284	 87.0135	10.5833	 936	1	101.6299	134.69316868955	+58.89035309957	13.2644
     938	Planck2018	-260.3212	  19.5974	 64.3001	10.5817	 937	0	268.8599	175.69480461793	+13.83686476246	13.8470
     939	Planck2018	-120.4196	-235.5447	116.0042	10.5764	 938	0	288.8584	242.92211627456	+23.67795757392	13.7421
     940	Planck2018	-269.4894	-112.4335	 45.8993	10.5735	 939	0	295.5885	202.64636449661	 +8.93309045909	14.3639
     941	Planck2018	-210.0412	-233.4049	 82.2965	10.5718	 940	1	324.6042	228.01592673645	+14.68642578147	13.0302
     942	Planck2018	-174.0369	-168.9034	126.4912	10.5696	 941	0	273.5274	224.14238927467	+27.54495673456	13.2032
     943	Planck2018	-128.2770	 -53.5242	 75.7525	10.5666	 942	0	158.2980	202.64855371679	+28.59032655870	13.7976
     944	Planck2018	-156.2520	 261.9333	105.5943	10.5656	 943	1	322.7598	120.81748574442	+19.09652442315	13.2025
     945	Planck2018	 -91.3484	 -50.9021	 90.1106	10.5654	 944	0	138.0416	209.12786040583	+40.75143841430	13.4164
     946	Planck2018	-129.0771	  45.5045	 85.9781	10.5596	 945	0	161.6286	160.58052938568	+32.13721489049	13.0903
     947	Planck2018	-220.2054	  36.5652	 98.8076	10.5572	 946	0	244.1114	170.57203768053	+23.87637388341	12.5361
     948	Planck2018	-134.6871	  16.6247	155.0092	10.5572	 947	0	206.0215	172.96345104863	+48.79813495245	13.8926
     949	Planck2018	-277.6648	  95.0600	106.9848	10.5548	 948	0	312.3778	161.10109700229	+20.02836724948	13.8848
     950	Planck2018	 -48.4077	-158.7895	146.8637	10.5528	 949	1	221.6447	253.04590801176	+41.49913897302	12.6802
     951	Planck2018	-186.9147	-118.9428	187.8104	10.5471	 950	0	290.4432	212.47055073999	+40.28828457376	13.9231
     952	Planck2018	-210.9495	 -95.8426	 66.5461	10.5455	 951	0	241.0681	204.43415160963	+16.02440798881	13.7342
     953	Planck2018	-166.0993	  91.3902	 46.9551	10.5405	 952	0	195.3098	151.17978704942	+13.91094762201	13.4523
     954	Planck2018	 -97.1516	 -44.8776	120.7233	10.5392	 953	0	161.3274	204.79382547908	+48.44437348502	13.4170
     955	Planck2018	-107.8256	-221.3649	 61.9324	10.5369	 954	0	253.8984	244.02954953415	+14.11836605108	14.5093
     956	Planck2018	-235.4740	  23.1867	 91.6119	10.5309	 955	0	253.7289	174.37632186476	+21.16542591471	13.5283
     957	Planck2018	 -90.0646	 214.6380	188.2062	10.5298	 956	2	299.3371	112.76350049545	+38.95747888024	11.1810
     958	Planck2018	-154.3159	 -43.5286	 67.1789	10.5290	 957	0	173.8423	195.75240037420	+22.73291030691	12.6544
     959	Planck2018	-185.2766	  -2.4310	 85.3220	10.5283	 958	0	203.9930	180.75172290676	+24.72473150254	13.5129
     960	Planck2018	-146.2732	 -12.3042	160.9611	10.5228	 959	0	217.8433	184.80826542940	+47.63649448501	13.6031
     961	Planck2018	-219.7021	-100.0769	112.3007	10.5167	 960	0	266.2627	204.48983274447	+24.94615829204	12.7174
     962	Planck2018	 -76.2228	 118.1272	180.6195	10.5164	 961	0	228.8829	122.83253705145	+52.10476747150	13.6739
     963	Planck2018	-212.0873	 124.9631	 30.5040	10.5162	 962	0	248.0470	149.49315795052	 +7.06393754298	13.6974
     964	Planck2018	-223.2009	  49.4006	196.4477	10.5148	 963	0	301.4146	167.52003039873	+40.67386581653	13.5393
     965	Planck2018	-206.1397	 222.7764	 66.1649	10.5092	 964	0	310.6456	132.77873538919	+12.29773125400	13.3418
     966	Planck2018	-140.6926	  59.0778	 14.7167	10.5060	 965	0	153.3009	157.22210559530	 +5.50881785119	14.5826
     967	Planck2018	 -73.3398	-122.0659	129.6936	10.5055	 966	0	192.6116	239.00165719620	+42.32555778097	13.9881
     968	Planck2018	 -92.7860	-199.1768	112.5648	10.5043	 967	0	246.8835	245.02164664467	+27.12562878367	14.1698
     969	Planck2018	-147.0745	 152.8180	 84.6960	10.5040	 968	0	228.3805	133.90281925651	+21.76833611346	12.8262
     970	Planck2018	-246.6095	-195.4482	 76.1987	10.4966	 969	1	323.7630	218.39827611017	+13.61245873613	13.3963
     971	Planck2018	-195.3954	 -86.6966	131.3857	10.4959	 970	0	250.9141	203.92678512896	+31.57594694032	12.7222
     972	Planck2018	-190.1919	-103.9867	102.2227	10.4898	 971	0	239.6574	208.66747506669	+25.24797513888	13.3891
     973	Planck2018	-133.1391	 230.7174	172.0609	10.4835	 972	0	317.1143	119.98777556023	+32.85966649639	13.4569
     974	Planck2018	-138.9387	-244.5684	 19.1324	10.4824	 973	1	281.9285	240.39920328485	 +3.89123285308	12.6726
     975	Planck2018	-116.4679	-201.6966	160.9172	10.4809	 974	0	283.0913	239.99610514649	+34.64073233541	13.3172
     976	Planck2018	-216.1471	-134.4226	 -8.9369	10.4775	 975	1	254.6937	211.87761814328	 -2.01086107610	11.7064
     977	Planck2018	-235.1999	-112.3817	194.0984	10.4765	 976	1	324.9967	205.53910459725	+36.67191587429	12.7066
     978	Planck2018	-242.3331	 -90.3559	133.8585	10.4723	 977	0	291.2175	200.44839838149	+27.36460642527	14.2159
     979	Planck2018	-242.2016	 -28.2897	139.5763	10.4653	 978	0	280.9688	186.66210076442	+29.78639632214	14.1063
     980	Planck2018	-199.2832	-181.8534	 77.8420	10.4649	 979	0	280.7914	222.38161248554	+16.09456130421	14.0997
     981	Planck2018	 -95.5759	-111.7357	 33.1536	10.4641	 980	0	150.7275	229.45715604341	+12.70651859901	14.2114
     982	Planck2018	 -68.8532	-111.9903	184.3283	10.4589	 981	1	226.4056	238.41622520113	+54.50346862365	12.4006
     983	Planck2018	-216.8211	 176.6879	 50.8007	10.4567	 982	0	284.2723	140.82335261397	+10.29431114695	13.6706
     984	Planck2018	-298.5732	 127.5861	 13.5849	10.4542	 983	1	324.9749	156.86205081890	 +2.39582178667	12.5625
     985	Planck2018	 -27.3280	  50.3190	 41.1465	10.4535	 984	1	 70.5114	118.50615291927	+35.70020265175	12.0629
     986	Planck2018	-179.8870	  60.5318	200.3360	10.4518	 985	0	275.9673	161.40196264170	+46.54719202929	13.7669
     987	Planck2018	-126.6922	 -84.7532	256.2850	10.4515	 986	0	298.1879	213.78129494110	+59.25766938089	13.8852
     988	Planck2018	-114.7580	 -30.5879	183.6982	10.4467	 987	0	218.7465	194.92478724491	+57.11654065089	13.1275
     989	Planck2018	 -72.1403	-160.7048	166.1936	10.4427	 988	0	242.1788	245.82472750476	+43.33347221075	12.7075
     990	Planck2018	 -59.2235	 114.0630	146.4911	10.4404	 989	1	194.8780	117.43910664573	+48.73843586880	13.1510
     991	Planck2018	-272.8274	 105.9686	 78.7625	10.4400	 990	0	303.0968	158.77339074124	+15.06171239880	13.3351
     992	Planck2018	-239.5152	-133.7615	 55.3426	10.4373	 991	0	279.8615	209.18194325719	+11.40541439866	13.8473
     993	Planck2018	-140.9724	  75.0283	 43.1411	10.4329	 992	0	165.4195	151.97719947802	+15.11742719368	12.9331
     994	Planck2018	-189.7408	 181.3996	  5.1465	10.4312	 993	1	262.5526	136.28747396526	 +1.12316481829	12.3620
     995	Planck2018	-239.0839	-213.0257	 46.2007	10.4305	 994	1	323.5361	221.70130435695	 +8.20986509173	13.4901
     996	Planck2018	-291.1712	-132.3097	 48.1904	10.4285	 995	1	323.4329	204.43729826742	 +8.56877866844	11.9611
     997	Planck2018	-223.2317	-127.8471	196.2133	10.4250	 996	1	323.5382	209.80022318906	+37.33406281192	11.2109
     998	Planck2018	-175.3090	  47.5694	206.9873	10.4208	 997	0	275.3904	164.81857588236	+48.73040522343	14.0861
     999	Planck2018	 -64.1110	-218.0998	125.5113	10.4207	 998	1	259.6744	253.61916562008	+28.90383277825	12.8459
    1000	Planck2018	-204.5243	  90.6667	 90.1075	10.4203	 999	0	241.1846	156.09203975293	+21.93805753769	14.1907
    1001	Planck2018	-214.0735	 218.7375	 20.5806	10.4197	1000	0	306.7525	134.38259953211	 +3.84697075997	13.3479
    1002	Planck2018	-138.2507	  28.6385	253.1263	10.4177	1001	0	289.8385	168.29678060823	+60.84861091005	14.0328
    1003	Planck2018	-207.1025	  80.0537	193.3813	10.4158	1002	0	294.4425	158.86642886061	+41.05408130371	13.3355
    1004	Planck2018	-103.3691	 154.9727	123.0492	10.4142	1003	0	223.2551	123.70387420793	+33.44660457646	13.7947
    1005	Planck2018	-211.3636	 -54.7368	 22.0932	10.4133	1004	0	219.4511	194.51891152537	 +5.77801924975	13.5705
    1006	Planck2018	-162.9994	-168.5979	 86.4954	10.4069	1005	0	249.9510	225.96726247610	+20.24586172455	13.8013
    1007	Planck2018	-188.8613	 -22.1874	235.5794	10.4041	1006	0	302.7516	186.70038046444	+51.08946985221	13.1463
    1008	Planck2018	 -87.4436	 -41.7058	221.7770	10.3980	1007	1	242.0141	205.49861179671	+66.40257945291	12.3815
    1009	Planck2018	-124.5578	 -93.6490	176.8055	10.3958	1008	0	235.6798	216.93772561049	+48.60716584133	14.0669
    1010	Planck2018	-114.0659	 112.2041	271.2367	10.3939	1009	0	314.9129	135.47144214740	+59.46366040210	13.4134
    1011	Planck2018	-135.3353	-180.8564	225.4644	10.3930	1010	1	319.1533	233.19240049475	+44.94643533880	13.8411
    1012	Planck2018	-179.1564	-136.6314	115.0213	10.3841	1011	0	252.9725	217.33051128081	+27.04429777923	13.8061
    1013	Planck2018	-222.3049	 -25.7437	 -6.6401	10.3839	1012	1	223.8890	186.60562582188	 -1.69953952509	12.3319
    1014	Planck2018	 -93.8719	  27.3352	 62.3627	10.3801	1013	0	115.9666	163.76462058157	+32.53158292121	13.6097
    1015	Planck2018	-172.4884	 212.6178	 78.2646	10.3757	1014	0	284.7524	129.05105350544	+15.95314831354	13.1034
    1016	Planck2018	-284.8620	  96.8236	 81.3318	10.3685	1015	0	311.6665	161.22727914112	+15.12689860594	14.0155
    1017	Planck2018	-108.3283	 235.5486	163.0302	10.3670	1016	1	306.2629	114.69760266537	+32.16240123652	12.6970
    1018	Planck2018	-105.3855	-107.1983	126.1023	10.3657	1017	0	196.2126	225.48858100724	+39.99210072968	14.0706
    1019	Planck2018	-188.8415	  24.1190	162.0023	10.3572	1018	0	249.9751	172.72154278436	+40.39652352940	12.6144
    1020	Planck2018	-305.0056	  64.5804	 37.8937	10.3554	1019	2	314.0621	168.04503262830	 +6.93000779609	13.4991
    1021	Planck2018	-188.4299	 -63.7591	 -2.3950	10.3537	1020	1	198.9392	198.69429801163	 -0.68977834112	12.5320
    1022	Planck2018	-250.8465	 -19.7367	 48.8144	10.3524	1021	0	256.3130	184.49879038200	+10.97895172040	13.6008
    1023	Planck2018	-205.9545	  22.2518	 44.4021	10.3493	1022	0	211.8583	173.83356035292	+12.09796975468	13.1060
    1024	Planck2018	-296.4884	 -93.4075	 44.3657	10.3477	1023	0	314.0042	197.48683585602	 +8.12251526000	13.7476
    1025	Planck2018	-280.2142	-116.0551	 57.4544	10.3443	1024	0	308.6904	202.49765485966	+10.72662060677	13.9231
    1026	Planck2018	-290.3626	  61.5436	 18.9527	10.3439	1025	0	297.4176	168.03301311090	 +3.65359375472	13.1245
    1027	Planck2018	-262.6408	-182.8236	 61.2070	10.3410	1026	1	325.8082	214.84168101784	+10.82804326108	12.1816
    1028	Planck2018	 -55.5101	  65.0307	127.0803	10.3403	1027	1	153.1658	130.48404463305	+56.06700645666	13.7611
    1029	Planck2018	-152.9833	 128.4895	 37.2178	10.3386	1028	0	203.2206	139.97335362012	+10.55271073114	13.7836
    1030	Planck2018	-274.2088	 106.2756	 45.7871	10.3362	1029	0	297.6263	158.81507136048	 +8.84958323755	13.5316
    1031	Planck2018	-211.1043	 191.5692	107.9496	10.3349	1030	0	304.8228	137.77744819793	+20.74067557816	13.6266
    1032	Planck2018	-222.6375	-169.8649	160.4012	10.3315	1031	1	322.7230	217.34241088657	+29.80333682776	12.7566
    1033	Planck2018	-169.8239	 216.9859	 28.0146	10.3197	1032	0	276.9618	128.04848818967	 +5.80537668280	13.3895
    1034	Planck2018	-252.3377	  69.0211	 96.3827	10.3192	1033	0	278.7972	164.70224848776	+20.22508010357	13.2704
    1035	Planck2018	-131.0409	 122.8422	 43.6163	10.3140	1034	0	184.8359	136.84961940242	+13.64898250020	13.2833
    1036	Planck2018	-149.6397	  13.3192	256.4095	10.3105	1035	0	297.1788	174.91360608563	+59.63380012345	12.8288
    1037	Planck2018	 -94.2513	-177.3735	 27.2319	10.3084	1036	0	202.6974	242.01506487716	 +7.72089907411	12.7667
    1038	Planck2018	-116.5420	-273.2353	 55.9511	10.3066	1037	1	302.2748	246.90048630100	+10.66696523213	13.1291
    1039	Planck2018	-145.6096	 -54.9690	172.1128	10.3041	1038	0	232.0487	200.68198440089	+47.87729449015	12.2087
    1040	Planck2018	-138.9464	-209.6388	 62.0869	10.2970	1039	0	259.0546	236.46401078707	+13.86688971141	13.1837
    1041	Planck2018	-261.6135	-136.0611	138.7153	10.2954	1040	1	325.8776	207.47824737959	+25.19288295116	12.0376
    1042	Planck2018	-221.1883	  74.3857	218.9611	10.2929	1041	1	320.0023	161.41219208962	+43.17653274514	13.6399
    1043	Planck2018	 -98.1032	 170.9155	247.4703	10.2908	1042	0	316.3509	119.85523687992	+51.46844253745	12.3984
    1044	Planck2018	-241.5218	 -57.3380	124.4683	10.2903	1043	0	277.6919	193.35495524189	+26.62982720649	14.0093
    1045	Planck2018	-251.0431	 -22.2693	  8.0239	10.2901	1044	0	252.1566	185.06927707905	 +1.82353100543	13.6938
    1046	Planck2018	-151.0815	 171.4570	132.1027	10.2747	1045	0	263.9588	131.38529665692	+30.03091139405	13.7016
    1047	Planck2018	 -69.8301	 143.0148	120.4689	10.2739	1046	1	199.6051	116.02494456595	+37.12356787478	13.5518
    1048	Planck2018	-187.9511	-168.3683	 70.1192	10.2737	1047	0	261.8973	221.85425999947	+15.52955087588	13.0313
    1049	Planck2018	-131.7365	  38.3103	211.2305	10.2731	1048	0	251.8739	163.78502113950	+56.99632165385	13.6996
    1050	Planck2018	 -59.9049	 115.1265	121.9293	10.2682	1049	2	178.0715	117.48975036575	+43.21366199766	13.6546
    1051	Planck2018	-322.0460	   4.5583	 17.1081	10.2666	1050	1	322.5323	179.18907842361	 +3.04056967967	12.3707
    1052	Planck2018	-145.6120	-139.7152	 86.8472	10.2635	1051	0	219.6944	223.81604773996	+23.28526136176	12.8571
    1053	Planck2018	-253.0574	 -26.3079	 77.1318	10.2601	1052	0	265.8561	185.93517027357	+16.86549888646	13.2943
    1054	Planck2018	-158.0138	  64.4379	258.5825	10.2592	1053	0	309.8153	157.81440700748	+56.57778534057	12.9658
    1055	Planck2018	-278.4987	  54.7818	116.2769	10.2591	1054	0	306.7294	168.87177035166	+22.27709274559	13.8796
    1056	Planck2018	-199.8654	 239.7299	 72.3933	10.2583	1055	2	320.4019	129.81833167011	+13.05846452456	13.3933
    1057	Planck2018	-133.7158	  45.4319	  9.8706	10.2569	1056	1	141.5677	161.23405407505	 +3.99810532992	13.6032
    1058	Planck2018	-111.5367	-193.5596	 63.3666	10.2549	1057	0	232.2092	240.04774712404	+15.83605306235	13.3592
    1059	Planck2018	-200.0781	-129.8282	 56.6464	10.2471	1058	0	245.1437	212.97904173235	+13.36033524778	12.9833
    1060	Planck2018	-247.1261	  31.7473	 73.7038	10.2453	1059	0	259.8296	172.67952978714	+16.47888839927	13.1233
    1061	Planck2018	-182.8995	-215.5666	 41.6138	10.2440	1060	0	285.7497	229.68673711066	 +8.37378510018	13.5048
    1062	Planck2018	-230.1089	  45.4850	210.0058	10.2426	1061	0	314.8356	168.81864713404	+41.83850479454	13.2074
    1063	Planck2018	 -75.2919	 184.2002	187.2600	10.2364	1062	1	273.2487	112.23232256315	+43.25995815970	12.7442
    1064	Planck2018	-266.5996	 -79.5224	 74.5141	10.2339	1063	0	288.0130	196.60899819585	+14.99400049429	13.1719
    1065	Planck2018	-106.4421	 229.8008	129.0461	10.2323	1064	1	284.2380	114.85323413429	+27.00106712168	11.8868
    1066	Planck2018	 -43.7179	-104.1894	 30.9653	10.2318	1065	1	117.1560	247.23707882501	+15.32587210664	11.7878
    1067	Planck2018	-316.2437	 -71.5227	 13.1731	10.2285	1066	1	324.4982	192.74381364687	 +2.32658476719	11.5700
    1068	Planck2018	-148.9520	-181.2057	 47.2363	10.2263	1067	0	239.2770	230.57962395937	+11.38569436969	13.1130
    1069	Planck2018	-105.1630	 177.4475	 77.1177	10.2261	1068	0	220.2136	120.65278213418	+20.49925472818	13.8799
    1070	Planck2018	 -57.0720	 -62.3959	117.3970	10.2203	1069	0	144.6807	227.55163703405	+54.23499107037	13.2460
    1071	Planck2018	-129.5875	-226.4361	 39.0297	10.2202	1070	0	263.7983	240.21784841343	 +8.50831603695	12.3165
    1072	Planck2018	-189.2271	-260.8632	 47.5495	10.2182	1071	1	325.7567	234.04331422745	 +8.39323272491	12.4671
    1073	Planck2018	-137.8451	-187.2894	126.5368	10.2158	1072	0	264.7455	233.64691008261	+28.55201794368	13.1498
    1074	Planck2018	-166.1661	-263.2069	 95.9449	10.2157	1073	1	325.7214	237.73522364239	+17.13122160210	11.3330
    1075	Planck2018	-284.3962	 -53.0353	128.1974	10.2141	1074	0	316.4309	190.56340942241	+23.89961913080	13.0336
    1076	Planck2018	 -81.6608	-136.7119	198.7443	10.2087	1075	0	254.6723	239.14927145978	+51.29653557472	13.8578
    1077	Planck2018	-137.5201	 -75.2457	248.7697	10.2086	1076	0	294.0409	208.68579010576	+57.78328707438	13.5276
    1078	Planck2018	-179.6982	 249.0760	 82.9605	10.2049	1077	0	318.1395	125.80890378903	+15.11562059217	12.5652
    1079	Planck2018	-171.7057	 123.9484	 79.6960	10.2031	1078	0	226.2686	144.17578933816	+20.62306206101	13.1972
    1080	Planck2018	-229.9651	 176.5270	 34.3063	10.2029	1079	0	291.9292	142.48924606398	 +6.74875026246	13.4198
    1081	Planck2018	-130.5479	 200.6073	 23.4463	10.2012	1080	1	240.4907	123.05460037226	 +5.59485068108	11.2391
    1082	Planck2018	-107.2873	  21.3275	 36.4236	10.1902	1081	0	115.2914	168.75682491662	+18.41673760160	14.0313
    1083	Planck2018	 -91.6266	 110.7975	 37.1427	10.1897	1082	0	148.4961	129.58983893682	+14.48494918335	13.6597
    1084	Planck2018	-135.9915	  71.1344	  5.1104	10.1843	1083	2	153.5575	152.38683731141	 +1.90717449334	12.4771
    1085	Planck2018	-207.3657	-149.5438	 90.6145	10.1827	1084	0	271.2469	215.79763490355	+19.51578803647	13.3806
    1086	Planck2018	-202.1927	-198.5692	157.9871	10.1824	1085	1	324.4557	224.48196837601	+29.13896616266	12.2847
    1087	Planck2018	 -66.8764	-136.0474	134.6173	10.1794	1086	0	202.7391	243.82279588385	+41.60507677860	13.6703
    1088	Planck2018	-141.1122	  82.6926	278.3843	10.1717	1087	1	322.8755	149.62943154912	+59.56488633130	10.1717
    1089	Planck2018	-143.0306	 -25.4471	 32.9567	10.1709	1088	0	148.9679	190.08815087650	+12.78147663518	13.3039
    1090	Planck2018	-216.2108	 -44.1327	 33.7651	10.1706	1089	0	223.2372	191.53665866573	 +8.69950380102	12.6112
    1091	Planck2018	-190.4557	-244.3994	101.3277	10.1697	1090	1	325.9935	232.07139517726	+18.10909322387	10.6285
    1092	Planck2018	 -58.6057	 -71.8966	 32.3300	10.1682	1091	0	 98.2292	230.81516573194	+19.21587794605	13.1712
    1093	Planck2018	-225.1525	 -83.9358	171.2450	10.1639	1092	0	295.0656	200.44523093126	+35.47604037716	12.2223
    1094	Planck2018	-265.0685	  42.0362	 84.9995	10.1546	1093	0	281.5196	170.98871870480	+17.57362575208	13.6552
    1095	Planck2018	-258.0712	-110.5627	 -5.6311	10.1457	1094	2	280.8141	203.19122116846	 -1.14900810796	12.9344
    1096	Planck2018	-183.5422	 -23.9097	211.4995	10.1450	1095	0	281.0542	187.42202838787	+48.80933534731	14.1120
    1097	Planck2018	-107.1787	 182.8675	247.3902	10.1444	1096	1	325.7755	120.37458020664	+49.41032425397	10.2321
    1098	Planck2018	 -94.0420	 185.0094	159.9584	10.1404	1097	0	262.0288	116.94466231820	+37.62285703354	13.0243
    1099	Planck2018	 -35.1587	 -98.2916	 59.0858	10.1378	1098	1	119.9521	250.31795238446	+29.51018708132	13.6977
    1100	Planck2018	 -78.9357	-180.9172	 86.5774	10.1313	1099	0	215.5401	246.42796063723	+23.68302857187	13.5983
    1101	Planck2018	 -56.0735	  52.9447	 45.6274	10.1289	1100	0	 89.6060	136.64393481602	+30.61057193476	14.1500
    1102	Planck2018	-172.8033	-114.1054	249.9841	10.1277	1101	1	324.6122	213.43755320203	+50.36294032850	11.9257
    1103	Planck2018	-162.9377	 -92.0832	 87.5070	10.1262	1102	0	206.6047	209.47269083301	+25.05880393177	12.0381
    1104	Planck2018	-105.6057	-137.0440	124.3353	10.1238	1103	0	213.0561	232.38226802449	+35.70275398502	13.3482
    1105	Planck2018	-226.8779	 -77.6088	118.1405	10.1220	1104	0	267.3086	198.88442860659	+26.22920461073	13.3656
    1106	Planck2018	 -40.9340	 -37.3813	  4.8770	10.1208	1105	1	 55.6483	222.40259413555	 +5.02783914406	12.1747
    1107	Planck2018	-200.5923	  96.9728	236.0957	10.1206	1106	1	324.6263	154.19938707620	+46.65924998993	12.3460
    1108	Planck2018	-266.2574	 108.9520	136.3696	10.1182	1107	2	318.3712	157.74572838949	+25.36195357696	13.5109
    1109	Planck2018	-177.9620	-122.2156	226.0764	10.1163	1108	0	312.5982	214.47937101961	+46.32074253039	13.1439
    1110	Planck2018	 -89.9977	-143.3724	 96.7702	10.1141	1109	0	194.9864	237.88269102192	+29.75499322417	12.3775
    1111	Planck2018	-275.5829	-150.9537	 58.6333	10.1119	1110	1	319.6417	208.71223842304	+10.56986399549	14.1941
    1112	Planck2018	 -39.7654	  53.0609	 79.0529	10.1096	1111	2	103.1800	126.84892281368	+50.01074661362	13.5633
    1113	Planck2018	-150.5884	 224.9199	 60.9764	10.1066	1112	0	277.4598	123.80310366065	+12.69533010128	12.1702
    1114	Planck2018	 -61.4455	-103.8204	 93.1773	10.1066	1113	0	152.4344	239.38107201493	+37.68077071603	13.1689
    1115	Planck2018	 -99.2346	-134.6153	137.9040	10.1043	1114	0	216.7632	233.60338412822	+39.50878695662	13.3192
    1116	Planck2018	-117.8689	-222.8745	135.2530	10.1026	1115	0	286.1110	242.12752988640	+28.21160581954	13.7202
    1117	Planck2018	-199.1441	 -17.7226	255.9699	10.0991	1116	1	324.7969	185.08558838786	+52.00756745970	11.8445
    1118	Planck2018	-146.1793	  71.4072	199.7383	10.0959	1117	0	257.6097	153.96492674901	+50.83699447629	12.4899
    1119	Planck2018	-214.5617	 181.7293	 31.2387	10.0910	1118	0	282.9100	139.73609459935	 +6.33948309572	12.3646
    1120	Planck2018	-279.1083	   7.2883	165.9528	10.0858	1119	1	324.7998	178.50419199692	+30.72638055042	11.4907
    1121	Planck2018	-211.2333	-183.5138	 61.1574	10.0844	1120	0	286.4211	220.98322181334	+12.32886049907	13.1261
    1122	Planck2018	-217.9853	  56.8849	 86.3591	10.0834	1121	0	241.2704	165.37440805785	+20.97341865340	13.4279
    1123	Planck2018	-103.6958	 164.2622	 43.9610	10.0821	1122	2	199.1669	122.26348436814	+12.75159617112	12.0764
    1124	Planck2018	 -72.0801	  -9.5556	 74.0804	10.0820	1123	0	103.8016	187.55164321894	+45.53461698391	12.7903
    1125	Planck2018	-175.8696	 -62.2511	144.3368	10.0813	1124	0	235.8780	199.49202592637	+37.72795121239	13.9322
    1126	Planck2018	 -28.5464	  46.8094	 60.9891	10.0807	1125	1	 82.0103	121.37660993526	+48.04554171381	12.3562
    1127	Planck2018	-147.2146	 124.5165	 52.8791	10.0782	1126	0	199.9317	139.77490555922	+15.33641264332	13.3726
    1128	Planck2018	-120.0289	  56.3283	193.9468	10.0781	1127	0	234.9365	154.85985253804	+55.64210593019	13.2081
    1129	Planck2018	 -95.1694	-147.0423	245.5364	10.0744	1128	2	301.6070	237.08806401070	+54.49786234834	13.2108
    1130	Planck2018	-208.8915	  87.4251	 26.0335	10.0737	1129	0	227.9398	157.28974273788	 +6.55818688705	12.3711
    1131	Planck2018	-220.2713	-185.4326	116.7918	10.0663	1130	0	310.7170	220.09193296864	+22.07862342856	13.3509
    1132	Planck2018	-201.2809	  28.9085	210.4721	10.0659	1131	0	292.6571	171.82690898401	+45.98651831649	13.4972
    1133	Planck2018	-194.7919	 129.2447	184.7412	10.0651	1132	0	297.9553	146.43565961374	+38.31831018636	13.1462
    1134	Planck2018	-105.6783	  53.4778	208.1499	10.0648	1133	0	239.4873	153.15860196492	+60.35977076753	13.6818
    1135	Planck2018	-194.7826	 234.7952	 29.0028	10.0629	1134	0	306.4477	129.67859351706	 +5.43070795016	13.3550
    1136	Planck2018	-112.4580	-192.9094	 32.5185	10.0628	1135	0	225.6508	239.75963370067	 +8.28573114167	13.7156
    1137	Planck2018	-243.2797	  43.8613	162.5927	10.0622	1136	0	295.8804	169.77983357961	+33.33420697595	12.6702
    1138	Planck2018	-135.3303	 174.3090	 50.7326	10.0610	1137	0	226.4326	127.82510795857	+12.94710876176	13.5842
    1139	Planck2018	-134.7887	-178.5656	101.2001	10.0587	1138	0	245.5507	232.95297772750	+24.33904563021	12.4763
    1140	Planck2018	-305.7657	  42.7366	102.3452	10.0561	1139	1	325.2593	172.04337001926	+18.34013023487	11.8478
    1141	Planck2018	-262.8188	 166.0508	  7.1814	10.0550	1140	2	310.9633	147.71501179679	 +1.32331185180	12.7270
    1142	Planck2018	 -63.2709	-239.4969	102.3359	10.0527	1141	0	268.0198	255.20153501496	+22.44659691438	13.5185
    1143	Planck2018	 -92.0806	 141.2374	103.7562	10.0511	1142	0	197.9702	123.10260460329	+31.60770047523	13.8510
    1144	Planck2018	-184.5715	-135.9105	231.2755	10.0510	1143	1	325.6174	216.36632513449	+45.25670269466	11.5350
    1145	Planck2018	-184.2681	  29.6657	230.3683	10.0466	1144	0	296.4867	170.85431065510	+50.98616156575	12.8927
    1146	Planck2018	-210.2294	 -56.2011	 -0.9541	10.0442	1145	2	217.6140	194.96702601877	 -0.25119663285	12.8426
    1147	Planck2018	-268.3876	 115.9916	 65.2218	10.0421	1146	0	299.5661	156.62699935583	+12.57520147899	13.6215
    1148	Planck2018	-204.0741	   4.0859	104.5344	10.0384	1147	0	229.3260	178.85300109800	+27.11857398175	13.7583
    1149	Planck2018	-209.0716	 -44.0485	238.3716	10.0382	1148	0	320.1128	191.89744303852	+48.12893595969	13.2424
    1150	Planck2018	-182.2759	 -31.5486	 77.1094	10.0327	1149	0	200.4138	189.81955344315	+22.62828617199	13.5584
    1151	Planck2018	-102.5845	 149.0518	 74.9244	10.0286	1150	0	195.8410	124.53759673155	+22.49345313106	13.0184
    1152	Planck2018	-215.0353	 130.5510	149.9380	10.0223	1151	0	292.8569	148.73746741550	+30.79607164535	13.4685
    1153	Planck2018	-255.5351	 154.8528	 81.3885	10.0214	1152	0	309.6799	148.78437844930	+15.23716153548	13.2998
    1154	Planck2018	-134.7960	-181.6978	 57.5761	10.0194	1153	0	233.4504	233.42941653453	+14.27823619049	12.6526
    1155	Planck2018	-138.1616	-140.9775	222.6710	10.0166	1154	0	297.5662	225.57797096107	+48.44396561642	12.6794
    1156	Planck2018	-322.0056	 -30.7480	 -5.8691	10.0156	1155	1	323.5235	185.45458747994	 -1.03946465958	11.8689
    1157	Planck2018	-173.7622	  39.7864	 56.1517	10.0126	1156	0	186.8938	167.10326991769	+17.48444669472	12.4257
    1158	Planck2018	-171.4393	 137.2337	164.7561	10.0099	1157	0	274.5343	141.32343259774	+36.87915412611	13.1314
    1159	Planck2018	-159.1916	 158.2124	 35.1716	10.0066	1158	0	227.1787	135.17676039558	 +8.90631401022	13.0625
    1160	Planck2018	-242.1832	  91.9312	 33.5114	10.0062	1159	0	261.2031	159.21354417206	 +7.37115250199	13.0221
    1161	Planck2018	 -79.4923	   4.9315	147.8463	10.0058	1160	0	167.9342	176.45006490027	+61.68856633922	13.1813
    1162	Planck2018	-107.0399	-134.3369	277.8131	10.0056	1161	1	326.6253	231.45207833824	+58.27220365688	10.2088
    1163	Planck2018	 -79.4404	  98.9786	 47.7491	10.0048	1162	0	135.6006	128.75057016628	+20.61768533559	13.6599
    1164	WMAP5     	-169.8089	 163.5743	210.3571	22.5638	   0	1	315.9775	136.07136117565	+41.73870794004	28.1113
    1165	WMAP5     	-136.6108	  52.7926	272.8023	22.4613	   1	1	309.6299	158.87119741803	+61.77041242662	30.7354
    1166	WMAP5     	-168.4545	  96.2485	253.1202	22.1297	   2	1	318.9209	150.25798582107	+52.53048386834	27.9558
    1167	WMAP5     	-270.6996	 -81.0265	135.6392	21.8839	   3	1	313.4351	196.66362379079	+25.64225351643	29.6522
    1168	WMAP5     	-230.2210	 111.4100	104.0495	21.2409	   4	0	276.1163	154.17643414395	+22.13759409521	28.7693
    1169	WMAP5     	-203.1256	 167.4104	104.6768	21.1287	   5	0	283.2728	140.50561548845	+21.68640504923	28.6488
    1170	WMAP5     	 -89.2639	 -95.8359	221.1056	19.7315	   6	1	256.9830	227.03343248741	+59.36041615335	24.7627
    1171	WMAP5     	-163.1843	 -16.6428	 10.1313	19.7130	   7	1	164.3434	185.82331908832	 +3.53437602225	26.8008
    1172	WMAP5     	-141.6940	  78.1360	101.3715	19.6683	   8	0	190.9414	151.12583835116	+32.06653567919	26.3253
    1173	WMAP5     	 -60.2073	  49.9690	149.1419	19.5603	   9	1	168.4195	140.30906197028	+62.31783554110	23.3861
    1174	WMAP5     	 -79.9775	 -63.8083	133.7477	19.5436	  10	0	168.3934	218.58385480794	+52.58516561539	25.1655
    1175	WMAP5     	-209.3637	-129.4418	150.8560	19.5396	  11	0	288.6969	211.72696601593	+31.50287035358	26.1811
    1176	WMAP5     	 -94.3600	 -73.8275	105.8912	19.3868	  12	0	159.8976	218.03973415917	+41.47121923639	26.0155
    1177	WMAP5     	-226.0244	  17.2926	177.5005	19.3584	  13	0	287.9106	175.62495392471	+38.06191894617	25.7722
    1178	WMAP5     	-262.2294	 -48.1569	 93.5721	19.2326	  14	0	282.5581	190.40608404091	+19.33922429441	25.9365
    1179	WMAP5     	-229.3068	  27.4707	145.3081	19.1728	  15	0	272.8565	173.16858728581	+32.17750057938	26.0805
    1180	WMAP5     	 -78.4468	  83.0581	 21.0893	19.0108	  16	0	116.1779	133.36455710480	+10.45867296974	25.3403
    1181	WMAP5     	 -82.5454	  95.3099	133.8847	19.0063	  17	0	183.9099	130.89498927348	+46.71822347222	24.6185
    1182	WMAP5     	-204.3246	-164.6194	176.7457	18.9812	  18	1	316.3655	218.85756311972	+33.96425835960	24.4271
    1183	WMAP5     	 -92.3136	-144.5274	220.5773	18.9246	  19	1	279.4000	237.43252322350	+52.13582929110	25.6999
    1184	WMAP5     	-102.6919	-150.9258	 45.1194	18.8403	  20	0	188.0426	235.76811250550	+13.88314598468	25.1737
    1185	WMAP5     	-252.8300	 -25.8275	195.9413	18.8253	  21	1	320.9097	185.83273265019	+37.63151222965	23.3716
    1186	WMAP5     	-105.2347	-144.6965	190.0848	18.7721	  22	0	261.0434	233.97239982751	+46.73345742752	24.6109
    1187	WMAP5     	-219.8128	  60.2053	145.5291	18.5273	  23	0	270.4091	164.68269881015	+32.55991878165	25.6764
    1188	WMAP5     	-196.4123	-145.0172	197.5536	18.4818	  24	1	314.0625	216.43958337185	+38.97833257344	25.6010
    1189	WMAP5     	-143.2057	  50.0162	190.9688	18.3796	  25	0	243.8823	160.74766512403	+51.53946696608	23.8802
    1190	WMAP5     	-166.3106	  24.4648	 32.3187	18.3678	  26	0	171.1790	171.63163709077	+10.88278246021	24.7549
    1191	WMAP5     	-223.1604	 185.2083	132.2631	18.3662	  27	1	318.7415	140.30958304018	+24.51642134679	23.0504
    1192	WMAP5     	-165.5618	-239.0522	128.8667	18.3517	  28	1	318.0618	235.29446193986	+23.90130221749	24.5775
    1193	WMAP5     	-151.9863	-104.5673	213.7719	18.0550	  29	0	282.3696	214.52816174783	+49.20605487407	24.7640
    1194	WMAP5     	-106.2963	-280.5096	116.9877	18.0485	  30	1	321.9793	249.24629283272	+21.30541892499	22.1928
    1195	WMAP5     	-217.6516	 207.1791	 41.3819	17.9024	  31	0	303.3280	136.41210666765	 +7.84110771657	23.5871
    1196	WMAP5     	-129.9081	 173.8267	238.4239	17.8856	  32	1	322.3939	126.77234199203	+47.69244555212	23.0340
    1197	WMAP5     	-254.3497	-114.2955	 17.8657	17.8506	  33	0	279.4215	204.19741785623	 +3.66587814884	23.4871
    1198	WMAP5     	-104.7782	 -13.3467	 41.3820	17.8425	  34	0	113.4419	187.25926914344	+21.39441273104	24.1230
    1199	WMAP5     	-230.3235	-207.7788	 18.4408	17.8087	  35	1	310.7427	222.05417209797	 +3.40216643280	23.6733
    1200	WMAP5     	-129.2409	-202.7086	214.4126	17.7471	  36	1	322.1285	237.47963683372	+41.72929839880	21.7654
    1201	WMAP5     	-162.0638	  96.3725	222.0348	17.7198	  37	0	291.2933	149.26184121454	+49.66188368690	24.3085
    1202	WMAP5     	-245.0628	 103.9107	157.8026	17.6371	  38	0	309.4428	157.02225369011	+30.66098765454	24.2490
    1203	WMAP5     	-261.3212	   2.3932	186.0674	17.6046	  39	1	320.8046	179.47530180948	+35.45069876990	21.7809
    1204	WMAP5     	-194.1151	 118.8499	228.7404	17.5408	  40	1	322.6889	148.52230870354	+45.14201272785	22.1907
    1205	WMAP5     	 -95.7144	  78.3916	270.3374	17.5292	  41	1	297.3026	140.68199299549	+65.40888742897	21.5680
    1206	WMAP5     	-106.6447	 128.6844	189.3753	17.4810	  42	0	252.5783	129.64956555066	+48.57035819815	23.0279
    1207	WMAP5     	-245.0787	 204.8543	  7.9755	17.4263	  43	1	319.5191	140.10870680708	 +1.43031313810	21.1595
    1208	WMAP5     	 -86.1497	-187.5459	159.5676	17.3933	  44	0	260.8775	245.32819517964	+37.70942476504	23.5321
    1209	WMAP5     	-156.7398	 -91.8793	 -1.5761	17.1860	  45	1	181.6911	210.37840684161	 -0.49702831458	22.4604
    1210	WMAP5     	-172.4746	-126.5413	 31.0496	17.1601	  46	0	216.1580	216.26678186010	 +8.25872343787	23.2294
    1211	WMAP5     	-222.1283	  56.5280	110.3496	17.1367	  47	0	254.3883	165.72222685885	+25.70793919078	22.9762
    1212	WMAP5     	-117.2160	-152.8716	229.4849	17.0933	  48	0	299.6209	232.52041779649	+49.98870873801	23.6402
    1213	WMAP5     	-183.6181	  72.0848	 79.9981	17.0645	  49	0	212.8650	158.56601777805	+22.07476035601	22.4242
    1214	WMAP5     	-236.0655	-122.1719	 36.8027	17.0148	  50	0	268.3419	207.36309473531	 +7.88287620460	22.8877
    1215	WMAP5     	 -64.0042	-179.2876	177.4272	16.9901	  51	1	260.2326	250.35385281586	+42.98465848963	21.3532
    1216	WMAP5     	-240.1998	 -29.4172	 98.2932	16.8774	  52	0	261.1950	186.98222100294	+22.10598371443	23.0865
    1217	WMAP5     	-282.7869	 -62.6775	 71.6222	16.8293	  53	0	298.3733	192.49712989170	+13.88903582405	23.0445
    1218	WMAP5     	-134.1761	 -36.5278	 62.2659	16.8282	  54	0	152.3632	195.22899706385	+24.12116395094	23.0965
    1219	WMAP5     	 -33.4125	-106.3878	 81.6702	16.7978	  55	1	138.2201	252.56440244471	+36.21884759720	21.5578
    1220	WMAP5     	-264.3464	-162.0330	 87.3633	16.7906	  56	1	322.1274	211.50650540145	+15.73611811941	20.6109
    1221	WMAP5     	-110.1205	 123.5670	148.5544	16.7805	  57	0	222.4044	131.70681213687	+41.90882437827	22.2117
    1222	WMAP5     	 -88.9840	  67.3197	215.4869	16.7719	  58	1	242.6617	142.89116808990	+62.62470019514	22.5441
    1223	WMAP5     	-226.2609	-201.3604	 58.7361	16.7615	  59	0	308.5286	221.66741716832	+10.97465573488	22.2368
    1224	WMAP5     	-251.2276	 112.4626	 29.3165	16.7209	  60	0	276.8078	155.88421710288	 +6.07955823993	21.9517
    1225	WMAP5     	-140.1587	 102.3159	 48.1546	16.6530	  61	0	180.0885	143.87053131816	+15.50924600190	22.8641
    1226	WMAP5     	-181.5783	-242.5241	  9.9568	16.6335	  62	1	303.1299	233.17771689257	 +1.88231171218	23.1071
    1227	WMAP5     	-217.2691	  -3.5306	139.6136	16.5935	  63	0	258.2833	180.93096722533	+32.72071305035	22.6791
    1228	WMAP5     	-238.0813	   0.6809	203.2658	16.5878	  64	1	313.0497	179.83614114652	+40.48946211086	21.9559
    1229	WMAP5     	 -83.8666	  -1.6968	189.7374	16.5858	  65	1	207.4530	181.15902537243	+66.14955153915	18.9693
    1230	WMAP5     	-299.7104	 101.0189	 63.5406	16.5651	  66	1	322.5965	161.37334455415	+11.35960377626	21.3972
    1231	WMAP5     	-107.7585	 160.7157	185.5767	16.5260	  67	0	268.1047	123.84151413294	+43.80292704968	22.9127
    1232	WMAP5     	-155.0072	  61.8144	219.9950	16.4435	  68	0	276.1268	158.25867991235	+52.81774182089	22.0000
    1233	WMAP5     	-196.6474	-112.8023	132.3301	16.4340	  69	0	262.4992	209.83976636061	+30.27271197550	21.8142
    1234	WMAP5     	-166.0476	  93.0664	196.1097	16.4134	  70	0	273.2987	150.73023733468	+45.85385218467	22.4708
    1235	WMAP5     	-105.9108	 -93.2208	255.1869	16.4111	  71	1	291.5949	221.35367551114	+61.06177782372	21.2489
    1236	WMAP5     	-244.5980	  45.9783	132.1595	16.4024	  72	0	281.7948	169.35405556221	+27.96889192656	21.6980
    1237	WMAP5     	-208.7457	 -57.0439	168.8662	16.3070	  73	0	274.4897	195.28403640462	+37.96650128340	21.8863
    1238	WMAP5     	-139.4406	-218.8297	191.1118	16.2544	  74	1	322.2636	237.49428035899	+36.37227517329	20.5639
    1239	WMAP5     	-216.3447	 -95.2800	208.2411	16.2472	  75	1	315.0360	203.76908462176	+41.37675291070	21.5170
    1240	WMAP5     	-290.5155	-116.8483	 30.4643	16.2214	  76	1	314.6122	201.91049914095	 +5.55672471458	22.2759
    1241	WMAP5     	-123.0774	-175.8711	 83.2052	16.1945	  77	0	230.2212	235.01506396326	+21.18707134164	21.4685
    1242	WMAP5     	 -82.0574	  31.1704	154.1926	16.1171	  78	1	177.4271	159.20016266656	+60.34817607629	21.6778
    1243	WMAP5     	-216.7839	 150.1614	 83.4803	16.1007	  79	0	276.6092	145.29052053855	+17.56566799729	21.5992
    1244	WMAP5     	-164.2605	  25.2005	177.8520	16.0855	  80	0	243.4089	171.27781158310	+46.94272238716	22.0966
    1245	WMAP5     	-145.3300	 -86.9996	171.5114	16.0770	  81	0	241.0517	210.90619718819	+45.35816353169	21.7846
    1246	WMAP5     	-151.9355	-223.4071	147.7765	16.0733	  82	0	307.9498	235.78102444206	+28.67705859044	20.9765
    1247	WMAP5     	-131.1993	  84.9376	213.3541	16.0552	  83	0	264.4761	147.08123399219	+53.77518443128	21.3869
    1248	WMAP5     	-142.5894	-232.4519	117.3223	16.0356	  84	0	296.8672	238.47443748364	+23.27853363959	21.2250
    1249	WMAP5     	-250.4422	 -77.2812	111.6848	15.9882	  85	0	284.8985	197.14912951604	+23.07999916632	22.4076
    1250	WMAP5     	 -56.9513	-176.3840	 71.7263	15.9855	  86	1	198.7446	252.10563642442	+21.15526632183	19.5809
    1251	WMAP5     	-206.8032	  -9.2088	237.2194	15.9786	  87	1	314.8419	182.54966749819	+48.89061204574	20.4099
    1252	WMAP5     	-126.8195	 -39.3483	168.5908	15.9560	  88	0	214.6028	197.23755561556	+51.77573207007	22.4230
    1253	WMAP5     	-104.8120	  28.3066	238.7333	15.9465	  89	1	262.2601	164.88668629444	+65.54570485753	19.0773
    1254	WMAP5     	-195.6386	 200.0898	120.2400	15.8839	  90	0	304.5784	134.35556557594	+23.25194259198	21.0829
    1255	WMAP5     	-252.0662	  27.7742	 -7.3046	15.8717	  91	1	253.6970	173.71216995744	 -1.64992893842	19.9284
    1256	WMAP5     	-108.2968	 206.1284	199.0590	15.8701	  92	0	306.3358	117.71677158369	+40.52700905969	20.9495
    1257	WMAP5     	-169.3955	 171.3761	  6.1339	15.8473	  93	1	241.0441	134.66698815847	 +1.45816450599	20.5741
    1258	WMAP5     	-142.8589	 118.7136	187.9605	15.8431	  94	0	264.2550	140.27393055143	+45.33950759983	20.9007
    1259	WMAP5     	-202.8133	-179.5393	 -0.9945	15.8171	  95	1	270.8664	221.51666104235	 -0.21036797889	20.1770
    1260	WMAP5     	-252.1507	   4.9031	118.3754	15.8012	  96	0	278.5978	178.88600833823	+25.14415817909	20.4407
    1261	WMAP5     	-143.6485	 -74.5478	280.4469	15.7823	  97	1	323.7942	207.42748161146	+60.01161719892	19.8744
    1262	WMAP5     	-199.2074	   8.7507	200.3693	15.7710	  98	0	282.6801	177.48474257639	+45.13899853675	21.1839
    1263	WMAP5     	 -58.9701	  68.6108	 59.5183	15.7561	  99	0	108.2928	130.67864304793	+33.33992134637	21.5463
    1264	WMAP5     	-239.8756	 178.5367	109.6516	15.7451	 100	1	318.4951	143.34011212654	+20.13787772412	20.6546
    1265	WMAP5     	-134.1633	  71.7523	249.0521	15.7001	 101	0	291.8478	151.86155249195	+58.57935471695	21.2641
    1266	WMAP5     	-115.5169	   2.2576	242.8465	15.6979	 102	1	268.9306	178.88040360973	+64.55632807531	20.6050
    1267	WMAP5     	-139.2359	-164.5298	242.0950	15.6970	 103	1	324.1399	229.75991581425	+48.32119560911	19.3919
    1268	WMAP5     	-249.1613	 128.4021	144.6265	15.6871	 104	1	315.4129	152.73625165369	+27.29234310685	21.3030
    1269	WMAP5     	 -75.5393	  51.0253	173.3744	15.6833	 105	1	195.8786	145.96177336024	+62.26521098954	21.1730
    1270	WMAP5     	-206.3541	 -89.1413	162.3086	15.6803	 106	0	277.2585	203.36346952229	+35.83162181167	21.3260
    1271	WMAP5     	-146.1153	-286.6720	 35.8955	15.6661	 107	1	323.7576	242.99228144174	 +6.36555942838	17.8266
    1272	WMAP5     	 -63.5366	 -36.1091	145.9299	15.6505	 108	1	163.2064	209.61039039943	+63.39864939064	18.6436
    1273	WMAP5     	-167.1973	 209.1587	110.8646	15.6471	 109	0	289.8159	128.63813192178	+22.49076860058	21.1605
    1274	WMAP5     	-136.0603	 -37.3486	104.4227	15.6448	 110	0	175.5319	195.34964130592	+36.50501627597	20.1043
    1275	WMAP5     	 -96.3086	 195.7363	234.8157	15.6382	 111	1	320.5097	116.19868441566	+47.10751972137	18.9124
    1276	WMAP5     	-162.1163	 125.3575	208.9990	15.6211	 112	0	292.7059	142.28677579523	+45.56324526794	20.8939
    1277	WMAP5     	-154.1953	-149.4824	198.8225	15.6067	 113	0	292.6629	224.11088220019	+42.79339036018	21.6860
    1278	WMAP5     	-227.0632	 140.2476	 52.4383	15.5783	 114	0	271.9868	148.29807387055	+11.11607552647	21.1569
    1279	WMAP5     	-114.7928	-244.7850	167.3813	15.5573	 115	1	317.9836	244.87560364001	+31.76141669707	21.0977
    1280	WMAP5     	 -94.8185	 146.0100	 30.0574	15.5037	 116	1	176.6718	122.99958884850	 +9.79543946316	19.9182
    1281	WMAP5     	-246.0077	  69.3387	137.8697	15.4662	 117	0	290.4061	164.25920126376	+28.34294289619	20.6018
    1282	WMAP5     	-118.8882	-209.9386	 47.8972	15.4317	 118	0	245.9731	240.47713089967	+11.22869214357	20.7292
    1283	WMAP5     	 -77.3807	-204.4160	 97.7404	15.4086	 119	0	239.4303	249.26606739143	+24.09312058500	20.1086
    1284	WMAP5     	-165.1749	 212.6344	  8.4940	15.3906	 120	1	269.3850	127.84013983188	 +1.80689903929	19.8722
    1285	WMAP5     	-200.3838	 108.7295	188.2203	15.3529	 121	0	295.6394	151.51546311376	+39.54285278782	20.5361
    1286	WMAP5     	-103.1097	-178.2454	183.4941	15.3464	 122	0	275.8136	239.95187175936	+41.70405374166	20.2706
    1287	WMAP5     	-302.4900	  47.6301	 66.2550	15.3354	 123	0	313.3027	171.05166720659	+12.20868572912	20.9380
    1288	WMAP5     	-118.5868	 171.8099	215.1712	15.3342	 124	0	299.8001	124.61424552484	+45.86618139347	20.4344
    1289	WMAP5     	 -62.2113	 -85.0516	102.8153	15.3305	 125	0	147.2243	233.81628146381	+44.29540909413	21.3686
    1290	WMAP5     	-168.1465	-272.8603	 49.5515	15.3193	 126	1	324.3167	238.35711566074	 +8.78849006451	17.8622
    1291	WMAP5     	 -64.2463	-135.4440	170.0458	15.2711	 127	1	226.6897	244.62319818209	+48.60126071922	19.9766
    1292	WMAP5     	-170.2223	 101.2362	153.6442	15.2708	 128	0	250.6610	149.25880283740	+37.80355819399	20.0301
    1293	WMAP5     	-158.8108	  55.6777	101.2126	15.2659	 129	0	196.3793	160.67977294450	+31.02374155372	19.9322
    1294	WMAP5     	-211.1176	 -34.5772	202.2879	15.2471	 130	0	294.4259	189.30141459944	+43.39772766938	20.2735
    1295	WMAP5     	-140.9525	 126.8583	  5.5865	15.2376	 131	1	189.7152	138.01254820340	 +1.68740574330	19.0920
    1296	WMAP5     	-194.9907	 252.2391	  9.8566	15.2298	 132	1	318.9719	127.70543702852	 +1.77079303225	16.6597
    1297	WMAP5     	-255.4210	  -0.4822	 75.1877	15.2162	 133	0	266.2580	180.10816709380	+16.40269593054	20.7367
    1298	WMAP5     	 -85.2520	  33.0865	130.6480	15.2066	 134	0	159.4726	158.78866048691	+55.00981466463	20.2155
    1299	WMAP5     	-109.6370	 209.6398	165.9017	15.2008	 135	1	288.9507	117.60857473927	+35.04029029310	20.0359
    1300	WMAP5     	-195.8068	 -50.2921	212.8350	15.1982	 136	0	293.5444	194.40480233271	+46.47317855502	20.6887
    1301	WMAP5     	 -81.2730	-199.6467	 62.6439	15.1895	 137	1	224.4735	247.84954806971	+16.20472607281	18.7722
    1302	WMAP5     	-278.4620	 -47.3585	154.3823	15.1823	 138	1	321.8972	189.65204288075	+28.65935928877	19.5813
    1303	WMAP5     	-163.4277	 187.1563	105.5954	15.1690	 139	0	269.9749	131.12794926715	+23.02484632566	21.2491
    1304	WMAP5     	-166.5418	 151.8661	147.3246	15.1613	 140	0	269.2658	137.63893798564	+33.17066279487	19.4442
    1305	WMAP5     	 -82.1366	 -41.5587	107.5676	15.0796	 141	0	141.5780	206.83808729566	+49.44446548513	19.5932
    1306	WMAP5     	-115.6603	 -71.0882	 28.3558	15.0792	 142	0	138.6899	211.57608690991	+11.79758410463	20.6350
    1307	WMAP5     	-213.1656	-218.3151	 33.4404	15.0503	 143	0	306.9517	225.68376833809	 +6.25441948384	20.4527
    1308	WMAP5     	 -71.3623	  88.0488	182.1222	15.0484	 144	1	214.5080	129.02427879178	+58.10557525949	19.6862
    1309	WMAP5     	-284.7668	 153.0614	  3.3915	15.0365	 145	1	323.3132	151.74209321876	 +0.60102979786	17.8345
    1310	WMAP5     	-255.6429	 184.9876	 68.6812	15.0299	 146	1	322.9409	144.10985265613	+12.27911213540	19.6557
    1311	WMAP5     	-188.8879	 -81.8292	231.2712	15.0073	 147	0	309.6143	203.42300638778	+48.32820233647	19.9150
    1312	WMAP5     	-118.4915	 -98.5523	114.8705	15.0046	 148	0	192.2187	219.75115517717	+36.69842568888	19.8197
    1313	WMAP5     	-238.7268	-111.4588	127.3785	14.9896	 149	0	292.6412	205.02733352524	+25.80260415876	19.7530
    1314	WMAP5     	-187.5352	 -29.4804	193.1815	14.9880	 150	0	270.8462	188.93374062008	+45.50011312105	20.1472
    1315	WMAP5     	-140.4213	 150.4342	221.2454	14.9816	 151	0	302.1558	133.02832604216	+47.07307723061	20.2034
    1316	WMAP5     	 -97.7610	  64.0784	109.1526	14.9410	 152	0	159.9298	146.75675346187	+43.03955894024	19.6787
    1317	WMAP5     	-131.3473	 223.3545	 55.6055	14.9346	 153	1	265.0119	120.45836747969	+12.11196807248	18.8361
    1318	WMAP5     	 -68.9109	 -69.6813	 60.5296	14.8976	 154	0	115.1869	225.31850788675	+31.70123602572	19.4701
    1319	WMAP5     	-247.0129	 162.7693	 27.6874	14.8920	 155	0	297.1124	146.61709221211	 +5.34705649554	19.3495
    1320	WMAP5     	-146.9133	 128.0944	256.3687	14.8569	 156	1	322.0507	138.91466473306	+52.75463503587	19.1476
    1321	WMAP5     	-284.1560	 -43.7228	 -0.3175	14.8391	 157	0	287.5003	188.74743222641	 -0.06328176378	19.6083
    1322	WMAP5     	 -66.5438	-260.7345	104.0844	14.8378	 158	1	288.5206	255.68278161119	+21.14638446298	18.1555
    1323	WMAP5     	-185.8696	   9.5233	242.2378	14.8307	 159	0	305.4789	177.06692556203	+52.46462220880	19.8875
    1324	WMAP5     	-114.4982	  78.7106	288.7625	14.8178	 160	1	320.4512	145.49380321225	+64.30465198303	17.5672
    1325	WMAP5     	 -77.4719	-188.0281	 43.7175	14.8168	 161	1	208.0089	247.60720604228	+12.13238233975	18.3458
    1326	WMAP5     	-124.8914	-138.7685	 -0.6527	14.8161	 162	1	186.6949	228.01284539222	 -0.20029684312	18.4525
    1327	WMAP5     	-198.2924	 -90.2826	 84.3690	14.7801	 163	0	233.6427	204.47978144323	+21.16791793793	18.8895
    1328	WMAP5     	-273.5016	  48.8594	 61.3879	14.7658	 164	0	284.5326	169.87129739209	+12.45953247101	19.7073
    1329	WMAP5     	-140.4516	 112.6036	 70.6163	14.7597	 165	0	193.3724	141.27997701571	+21.41884357650	19.9983
    1330	WMAP5     	 -94.7147	 124.0225	260.8949	14.7562	 166	1	304.0043	127.36858376252	+59.11449703109	18.4164
    1331	WMAP5     	 -88.4490	  27.4794	195.4582	14.7514	 167	1	216.2920	162.74099722795	+64.64572488341	18.1197
    1332	WMAP5     	-139.6127	-199.8260	177.5199	14.7417	 168	0	301.5550	235.05910497470	+36.06349782786	20.5059
    1333	WMAP5     	-148.8168	 135.2007	123.2173	14.7368	 169	0	235.8138	137.74472446062	+31.50140680307	19.0599
    1334	WMAP5     	-205.3386	  72.6861	 56.8514	14.7221	 170	0	225.1206	160.50697470970	+14.62771752025	19.4134
    1335	WMAP5     	-260.6721	 -47.7007	182.7927	14.7202	 171	1	321.9293	190.36989778794	+34.59722609318	20.3525
    1336	WMAP5     	-176.6322	 -27.6238	173.5341	14.7102	 172	0	249.1507	188.88858322768	+44.14707126008	20.0717
    1337	WMAP5     	-108.6915	-273.7822	 90.4341	14.6954	 173	1	308.1377	248.34693220445	+17.06677872689	16.7262
    1338	WMAP5     	 -71.9360	-175.5720	202.3850	14.6948	 174	1	277.4166	247.71994315035	+46.84736771190	17.5747
    1339	WMAP5     	-224.9341	-185.6631	 -9.9712	14.6773	 175	1	291.8314	219.53664233677	 -1.95805102884	18.1519
    1340	WMAP5     	-169.6338	-239.9885	 72.9774	14.6363	 176	0	302.8132	234.74575699910	+13.94545056669	19.5936
    1341	WMAP5     	 -74.0566	 -59.6575	 95.2185	14.6245	 177	0	134.5733	218.85372649671	+45.03666610546	20.2290
    1342	WMAP5     	-166.1868	 104.5675	 30.4470	14.6234	 178	0	198.6943	147.82122650230	 +8.81446650312	19.8789
    1343	WMAP5     	-190.8468	 128.7809	 75.9997	14.5887	 179	0	242.4520	145.98904653463	+18.26804680969	19.2350
    1344	WMAP5     	-119.3715	 -38.2215	215.9922	14.5220	 180	0	249.7260	197.75453276537	+59.87320154628	19.7402
    1345	WMAP5     	-162.7320	-193.5986	173.3689	14.5048	 181	0	306.6250	229.95080830855	+34.43077447169	19.0150
    1346	WMAP5     	 -37.6248	 -64.4503	 11.6900	14.4676	 182	1	 75.5389	239.72450168289	 +8.90255797711	17.3690
    1347	WMAP5     	-135.7906	 114.4015	104.7402	14.4632	 183	0	206.1487	139.88635541236	+30.53607852529	20.4262
    1348	WMAP5     	-293.7974	 -91.7786	 80.5898	14.4591	 184	1	318.1743	197.34814093099	+14.67217322962	19.2121
    1349	WMAP5     	-124.6669	  21.7429	100.6366	14.4555	 185	0	161.6858	170.10666101133	+38.49311506608	19.4394
    1350	WMAP5     	-152.1582	  78.1142	 60.0478	14.4499	 186	0	181.2724	152.82517992380	+19.34509127918	18.5321
    1351	WMAP5     	-195.0756	 -38.3085	107.6534	14.4342	 187	0	226.0780	191.11024055037	+28.43607987289	18.9623
    1352	WMAP5     	-313.8890	 -41.8627	 20.6103	14.4281	 188	2	317.3382	187.59659422193	 +3.72384160794	18.5816
    1353	WMAP5     	-165.5454	   9.5641	 83.5691	14.4228	 189	0	185.6894	176.69352236330	+26.74676866188	19.1236
    1354	WMAP5     	-192.6241	 135.1107	158.5206	14.4137	 190	0	283.7036	144.95335992929	+33.96969941277	18.8571
    1355	WMAP5     	-100.0444	 129.1782	 15.6800	14.4046	 191	1	164.1394	127.75662801922	 +5.48173903082	19.8766
    1356	WMAP5     	 -99.1931	 -16.9216	  5.1205	14.4001	 192	1	100.7563	189.68105069704	 +2.91307533808	17.7830
    1357	WMAP5     	 -96.9667	-190.5091	 89.2699	14.3914	 193	0	231.6579	243.02447888564	+22.66560403863	19.1125
    1358	WMAP5     	 -55.5285	 -83.1217	137.6779	14.3852	 194	1	170.1407	236.25554148339	+54.01788457467	18.2822
    1359	WMAP5     	-249.4041	-136.1729	 98.9864	14.3645	 195	0	300.9049	208.63422995527	+19.20581365393	19.0326
    1360	WMAP5     	-104.3100	 -61.6182	 50.6474	14.3255	 196	0	131.3109	210.57126924314	+22.68759138495	19.5596
    1361	WMAP5     	-152.8991	-125.6453	 -4.8444	14.3032	 197	1	197.9604	219.41176072444	 -1.40224555026	17.4553
    1362	WMAP5     	-165.1417	-127.9593	176.1457	14.2995	 198	0	273.2630	217.77014725111	+40.13580501145	19.0335
    1363	WMAP5     	-139.7470	 101.3345	173.4064	14.2988	 199	0	244.6788	144.05306779451	+45.13010641026	19.8514
    1364	WMAP5     	-153.7975	 -31.7031	 49.0570	14.2969	 200	0	164.5155	191.64753246500	+17.34896614336	19.3632
    1365	WMAP5     	-106.1826	 -88.7893	136.2363	14.2871	 201	0	194.2128	219.90216161007	+44.54581854026	18.3997
    1366	WMAP5     	 -60.7352	 111.6957	102.7948	14.2846	 202	1	163.4976	118.53540018400	+38.95600167688	18.5552
    1367	WMAP5     	-106.9963	-252.5511	 82.0574	14.2806	 203	1	286.2930	247.03946666700	+16.65573423759	18.0799
    1368	WMAP5     	-273.0672	 172.8438	 31.8634	14.2535	 204	1	324.7398	147.66733932191	 +5.63091785245	17.3195
    1369	WMAP5     	-167.1808	 181.6028	 59.6840	14.2518	 205	0	253.9511	132.63220187884	+13.59288889030	19.2625
    1370	WMAP5     	-213.4982	 233.1411	 36.9479	14.2392	 206	1	318.2788	132.48179814457	 +6.66630079968	19.1956
    1371	WMAP5     	-119.1675	-141.3615	167.7199	14.2361	 207	0	249.6276	229.86916686159	+42.21235821765	19.4527
    1372	WMAP5     	-141.1554	-131.0508	150.3184	14.2316	 208	0	244.3252	222.87409385444	+37.96928527011	18.1713
    1373	WMAP5     	-155.2989	  43.6468	238.8664	14.2202	 209	0	288.2360	164.30197734519	+55.96730384813	19.8422
    1374	WMAP5     	-146.3908	  96.6527	121.4797	14.2141	 210	0	213.3760	146.56571468798	+34.70297484932	19.9015
    1375	WMAP5     	-183.2585	-124.1797	151.8712	14.2116	 211	0	268.4569	214.12237006508	+34.45223002916	19.9983
    1376	WMAP5     	 -86.1490	 125.8986	145.3533	14.2021	 212	0	210.7124	124.38278623110	+43.61576508085	19.2434
    1377	WMAP5     	 -24.8621	 -63.0464	 35.3102	14.1949	 213	1	 76.4185	248.47839921741	+27.52036988896	17.6161
    1378	WMAP5     	-144.8462	 185.6772	 68.7496	14.1917	 214	0	245.3222	127.95768273777	+16.27464508488	19.2675
    1379	WMAP5     	-245.0475	 133.9471	 64.8863	14.1792	 215	0	286.7060	151.33825093503	+13.08030814577	19.4331
    1380	WMAP5     	-129.1941	 199.9311	 97.8102	14.1761	 216	0	257.3527	122.87026734019	+22.33756807695	17.7993
    1381	WMAP5     	-153.0185	 -71.6041	111.9806	14.1616	 217	0	202.6857	205.07697160886	+33.53760754968	19.1914
    1382	WMAP5     	-202.9929	  11.5193	 -4.6425	14.1526	 218	1	203.3724	176.75209201335	 -1.30802440285	16.9150
    1383	WMAP5     	-203.8695	  12.8948	153.9470	14.1502	 219	0	255.7904	176.38083642677	+37.00238382206	19.2674
    1384	WMAP5     	-214.8333	 114.2266	214.4733	14.1452	 220	1	324.3453	152.00046687820	+41.39527411459	17.2643
    1385	WMAP5     	-101.9256	-170.5228	220.8882	14.1403	 221	0	297.0833	239.13222975718	+48.03239092986	19.3831
    1386	WMAP5     	 -56.6174	-213.4130	 99.4724	14.1358	 222	1	242.1681	255.14197755787	+24.25243882826	17.3071
    1387	WMAP5     	-115.0844	 -34.9017	 33.4826	14.1197	 223	0	124.8345	196.87100751152	+15.55814889153	19.0472
    1388	WMAP5     	-258.6738	 -57.0937	 50.2815	14.1189	 224	0	269.6295	192.44658424003	+10.74764607438	18.5861
    1389	WMAP5     	-176.2632	 -30.5911	138.5632	14.1114	 225	0	226.2836	189.84581946451	+37.75910579290	18.1969
    1390	WMAP5     	-216.4007	 105.8686	 14.9007	14.0970	 226	0	241.3699	153.93097604187	 +3.53933684632	18.7439
    1391	WMAP5     	-279.4482	-143.8618	 30.4160	14.0830	 227	1	315.7731	207.23970320662	 +5.52742442229	18.2050
    1392	WMAP5     	-132.3730	 -90.3532	237.8135	14.0760	 228	0	286.7779	214.31609293615	+56.02280754810	18.0785
    1393	WMAP5     	 -99.0296	  73.7345	  6.1070	14.0679	 229	1	123.6161	143.32971239473	 +2.83172170627	17.0473
    1394	WMAP5     	-125.2751	-126.7346	268.2639	14.0663	 230	1	322.0575	225.33181308773	+56.40494276405	18.0053
    1395	WMAP5     	-282.3427	  62.4372	145.2930	14.0574	 231	1	323.6137	167.53030610286	+26.67765371988	18.5034
    1396	WMAP5     	-147.0259	  58.5156	 81.9914	14.0495	 232	0	178.2226	158.29766577998	+27.39038439113	19.4367
    1397	WMAP5     	-238.7770	-177.6534	 34.7726	14.0449	 233	0	299.6403	216.64975805113	 +6.66406983586	19.0211
    1398	WMAP5     	-182.9268	-152.9473	220.2089	14.0306	 234	1	324.5721	219.89939584226	+42.72335711534	16.8995
    1399	WMAP5     	-227.3659	 138.3571	186.4676	14.0261	 235	1	324.9740	148.67857913733	+35.01510132206	16.1237
    1400	WMAP5     	-165.3487	 175.3297	166.3051	14.0124	 236	0	292.8107	133.32185542426	+34.60818465471	19.3656
    1401	WMAP5     	-102.7727	-191.9551	214.3909	14.0094	 237	0	305.5691	241.83541472214	+44.55646433088	18.0925
    1402	WMAP5     	-234.1600	-103.6372	172.4507	13.9891	 238	0	308.7245	203.87377794048	+33.95839798704	18.9931
    1403	WMAP5     	-177.5152	 148.4375	  5.3650	13.9822	 239	1	231.4609	140.09776495255	 +1.32816844760	17.1641
    1404	WMAP5     	-286.4512	-135.4641	 67.0629	13.9780	 240	1	323.8861	205.30967869600	+11.94993847202	16.6468
    1405	WMAP5     	-139.4408	 -27.1024	235.5500	13.9779	 241	0	275.0674	190.99913934839	+58.90759797154	18.7099
    1406	WMAP5     	-180.7323	 162.8251	122.3544	13.9492	 242	0	272.2991	137.98371065074	+26.70124563831	19.1324
    1407	WMAP5     	-205.5489	 161.6040	168.3032	13.9438	 243	0	310.9536	141.82531286521	+32.76867754079	18.8052
    1408	WMAP5     	-169.4241	 123.8732	103.8537	13.9428	 244	0	234.1681	143.82787098052	+26.32744300570	17.8542
    1409	WMAP5     	-211.9841	 110.5465	 80.3360	13.9419	 245	0	252.2136	152.45864734961	+18.57367500349	18.3005
    1410	WMAP5     	 -43.8419	  49.2028	  7.3266	13.9118	 246	1	 66.3077	131.70252335315	 +6.34380054690	16.5023
    1411	WMAP5     	-167.2464	-261.2593	 11.2715	13.9105	 247	1	310.4107	237.37446901288	 +2.08095910562	17.8935
    1412	WMAP5     	-181.2634	 230.7985	  5.3744	13.9062	 248	1	293.5188	128.14521512798	 +1.04916163857	17.1532
    1413	WMAP5     	-164.6800	 -23.4367	279.0340	13.9020	 249	1	324.8519	188.09974329620	+59.19974326534	16.5264
    1414	WMAP5     	 -69.9129	  37.1844	 74.7376	13.8921	 250	0	108.8862	151.99295130184	+43.34444186614	18.9356
    1415	WMAP5     	-194.2481	 -30.3404	  3.7317	13.8871	 251	1	196.6387	188.87753189380	 +1.08738563871	18.4251
    1416	WMAP5     	-159.2549	-217.5247	 39.2832	13.8833	 252	0	272.4377	233.79127711510	 +8.29046636815	18.3186
    1417	WMAP5     	-183.9802	  90.6529	139.5742	13.8647	 253	0	248.0879	153.76905594156	+34.23577647336	18.9616
    1418	WMAP5     	-249.3696	 178.8400	  3.4714	13.8637	 254	1	306.8892	144.35309903745	 +0.64812400255	16.5646
    1419	WMAP5     	-246.1230	-168.7091	 59.9514	13.8591	 255	0	304.3575	214.42933052105	+11.36023363995	17.9024
    1420	WMAP5     	-172.7070	 -98.3676	146.9450	13.8530	 256	0	247.1775	209.66427569619	+36.47641126978	18.5219
    1421	WMAP5     	-132.3861	  29.9405	231.3608	13.8491	 257	0	268.2356	167.25635166256	+59.60166654600	18.6094
    1422	WMAP5     	-106.5295	 -69.5868	266.6452	13.8380	 258	1	295.4497	213.15322687465	+64.48948655896	16.8906
    1423	WMAP5     	-275.8410	-129.3688	 14.4299	13.8294	 259	0	305.0127	205.12647149949	 +2.71162246130	18.8984
    1424	WMAP5     	 -92.4929	  81.0403	 43.1049	13.8242	 260	0	130.3092	138.77586700139	+19.31670730907	18.8455
    1425	WMAP5     	 -48.8596	  81.2311	 41.0088	13.8041	 261	1	103.2835	121.02643983407	+23.39396587245	17.6441
    1426	WMAP5     	-303.3835	 -50.6866	 80.9950	13.8026	 262	1	318.0737	189.48486534532	+14.75238594233	18.5778
    1427	WMAP5     	-137.2012	 257.9305	121.5772	13.7972	 263	1	316.4385	118.00990042580	+22.59438984328	18.3620
    1428	WMAP5     	 -78.7362	 117.7328	 51.6507	13.7783	 264	0	150.7588	123.77342498758	+20.03567362515	19.0750
    1429	WMAP5     	-133.9806	-109.5794	142.1073	13.7674	 265	0	223.9485	219.27887787433	+39.38687581365	17.5159
    1430	WMAP5     	 -84.4363	 147.0870	180.2800	13.7429	 266	2	247.5176	119.85827828484	+46.74844872157	17.7660
    1431	WMAP5     	-147.6743	 245.9203	151.1872	13.7422	 267	1	324.2562	120.98466745905	+27.79169765592	17.0758
    1432	WMAP5     	-142.1837	-138.7776	 29.8294	13.7379	 268	0	200.9110	224.30544643926	 +8.53830980865	18.4101
    1433	WMAP5     	 -53.6805	-193.6358	 92.2365	13.7313	 269	1	221.0973	254.50534081606	+24.65642914795	15.5691
    1434	WMAP5     	-121.5023	  -7.4275	187.5586	13.7296	 270	0	223.5983	183.49816149639	+57.01566805598	18.0778
    1435	WMAP5     	-313.5702	 -26.9974	 74.4757	13.7293	 271	1	323.4220	184.92084374920	+13.31321512911	18.0649
    1436	WMAP5     	-187.2722	 182.0196	165.9515	13.7282	 272	0	309.4219	135.81489262402	+32.43399024036	18.3745
    1437	WMAP5     	 -65.6367	 -31.9473	121.2303	13.7206	 273	1	141.5119	205.95353595864	+58.94579693248	17.6483
    1438	WMAP5     	-289.8217	 -85.5667	 -2.3178	13.7041	 274	0	302.1980	196.44866864320	 -0.43945770883	18.2180
    1439	WMAP5     	-251.2894	-145.5187	 -2.9667	13.7029	 275	1	290.3978	210.07461296830	 -0.58534832931	18.4193
    1440	WMAP5     	-108.1829	  17.9070	193.1536	13.7019	 276	0	222.1093	170.60131345961	+60.41606343196	18.2178
    1441	WMAP5     	-284.2156	  49.0131	 83.2152	13.7007	 277	0	300.1759	170.21554880129	+16.09443484699	17.6650
    1442	WMAP5     	-108.5291	 193.2025	145.2923	13.6939	 278	0	264.9823	119.32456576693	+33.25109611942	18.1979
    1443	WMAP5     	 -98.7559	  97.1820	 13.2067	13.6906	 279	1	139.1815	135.46021309589	 +5.44487841760	17.3321
    1444	WMAP5     	-105.5158	-236.1696	197.1055	13.6860	 280	1	325.2080	245.92588319084	+37.30735400380	16.4449
    1445	WMAP5     	-157.6334	-129.7687	253.2404	13.6845	 281	1	325.2982	219.46228003906	+51.12225677955	17.8871
    1446	WMAP5     	 -80.9979	 139.4224	216.5813	13.6835	 282	1	270.0124	120.15456837532	+53.33263227319	15.3335
    1447	WMAP5     	 -91.4594	-123.6109	 67.7225	13.6821	 283	0	168.0203	233.50234390196	+23.76969175215	18.4309
    1448	WMAP5     	-129.3909	-230.7860	150.5840	13.6785	 284	0	304.4334	240.72269522120	+29.64581462243	17.9750
    1449	WMAP5     	 -34.1212	 -45.9452	 42.7024	13.6777	 285	0	 71.4053	233.40059487166	+36.72880815906	18.5664
    1450	WMAP5     	 -17.7582	 -42.7193	 29.4718	13.6756	 286	1	 54.8532	247.42754029720	+32.49897627510	15.8718
    1451	WMAP5     	-100.7368	 -78.6804	 13.5268	13.6754	 287	0	128.5359	217.99157508232	 +6.04085549562	18.7737
    1452	WMAP5     	-167.2538	 -15.1045	230.5553	13.6745	 288	0	285.2327	185.16030331671	+53.93072786581	18.3674
    1453	WMAP5     	-104.3221	-110.7401	239.9415	13.6550	 289	1	284.1098	226.70932674557	+57.62245243728	18.7780
    1454	WMAP5     	-199.4742	  32.8682	 86.9395	13.6510	 290	0	220.0653	170.64320310924	+23.26985472808	18.6422
    1455	WMAP5     	-239.8826	-170.8074	135.8698	13.6436	 291	1	324.3138	215.45260641226	+24.76803384462	17.7113
    1456	WMAP5     	-191.5787	 -75.8871	148.1754	13.6407	 292	0	253.8054	201.60922905062	+35.71932567827	18.4323
    1457	WMAP5     	-192.4077	  59.0932	255.4872	13.6219	 293	1	325.2482	162.92697671385	+51.76828323360	16.7568
    1458	WMAP5     	-116.2639	  -0.5722	272.7077	13.6194	 294	1	296.4576	180.28197918546	+66.90966750697	16.9765
    1459	WMAP5     	-134.9574	  46.1954	143.6398	13.6091	 295	0	202.4349	161.10409745779	+45.19915111066	18.3931
    1460	WMAP5     	-120.6803	  83.6704	192.8536	13.6018	 296	0	242.3984	145.26555655716	+52.71252204546	18.3427
    1461	WMAP5     	-123.0686	  -2.9463	220.0890	13.5987	 297	0	252.1780	181.37140148001	+60.78011046120	19.1045
    1462	WMAP5     	-147.2972	  30.0345	 63.3343	13.5950	 298	0	163.1250	168.47515011018	+22.84604054671	17.5029
    1463	WMAP5     	 -34.9413	   6.0022	 30.9598	13.5853	 299	0	 47.0684	170.25287935408	+41.12942953896	18.1761
    1464	WMAP5     	-209.0606	 199.5808	148.1689	13.5762	 300	1	324.7967	136.32893532411	+27.14151189142	17.1714
    1465	WMAP5     	 -91.6364	-146.8359	165.1990	13.5734	 301	0	239.2670	238.03280029966	+43.66475696072	18.3457
    1466	WMAP5     	-132.3352	 -55.0967	 40.8054	13.5549	 302	0	149.0414	202.60400465871	+15.88965408537	17.6310
    1467	WMAP5     	 -96.7758	 194.5596	128.3375	13.5451	 303	1	252.3678	116.44618586707	+30.56619764991	17.2515
    1468	WMAP5     	-173.1224	 -76.2243	 21.4450	13.5414	 304	0	190.3717	203.76347064640	 +6.46797833276	18.4379
    1469	WMAP5     	-170.2841	  72.7710	233.8621	13.5236	 305	0	298.3015	156.86052121686	+51.62634510722	18.5812
    1470	WMAP5     	 -61.2767	-236.1252	190.1880	13.5200	 306	1	309.3241	255.45211130697	+37.94103681630	16.4534
    1471	WMAP5     	-230.8430	 117.1127	 58.1327	13.5186	 307	0	265.2985	153.10012116147	+12.65745839157	17.6179
    1472	WMAP5     	-284.0087	 -82.6999	 37.7748	13.5106	 308	0	298.2065	196.23491509713	 +7.27738927411	17.7835
    1473	WMAP5     	-321.6309	 -11.1956	 43.8491	13.5104	 309	1	324.7992	181.99360004167	 +7.75883718213	16.8232
    1474	WMAP5     	-127.8101	  99.2641	272.8768	13.4988	 310	1	317.2547	142.16518544425	+59.32995244151	17.8620
    1475	WMAP5     	-231.7610	 217.8819	 67.9986	13.4983	 311	1	325.2837	136.76797978653	+12.06632542643	16.9332
    1476	WMAP5     	-201.1837	  55.3972	188.6406	13.4971	 312	0	281.2988	164.60477257903	+42.11384511768	18.3312
    1477	WMAP5     	-213.1506	 137.6713	113.8916	13.4625	 313	0	278.1328	147.14208118508	+24.17257305650	17.3839
    1478	WMAP5     	-259.9510	  -3.6890	 30.4290	13.4584	 314	0	261.7519	180.81304054210	 +6.67579716219	17.8128
    1479	WMAP5     	-107.3681	  70.9031	127.8784	13.4510	 315	0	181.4058	146.56025722983	+44.82391677568	18.6020
    1480	WMAP5     	-181.7512	 -74.5902	202.9090	13.4263	 316	0	282.4345	202.31312584881	+45.92487821426	16.9112
    1481	WMAP5     	-288.0544	  72.5883	 76.3178	13.4211	 317	0	306.7064	165.85622225823	+14.40829494670	18.4929
    1482	WMAP5     	-135.3430	-248.3113	 59.9662	13.3937	 318	0	289.0886	241.40724097350	+11.97189840043	17.6136
    1483	WMAP5     	 -69.8000	-147.9288	 25.9139	13.3916	 319	1	165.6095	244.73978347735	 +9.00240191106	16.5798
    1484	WMAP5     	 -82.1762	 -53.1872	 31.1253	13.3871	 320	0	102.7161	212.91231792300	+17.63927282716	17.0173
    1485	WMAP5     	-123.1825	  63.9255	216.1010	13.3574	 321	0	256.8269	152.57298852992	+57.29108295979	17.9610
    1486	WMAP5     	-163.9116	-183.2283	191.3971	13.3538	 322	0	311.5646	228.18496072910	+37.90177525733	17.8401
    1487	WMAP5     	-122.9243	 142.2527	242.5818	13.3537	 323	0	306.9074	130.83116491725	+52.22358489316	18.0864
    1488	WMAP5     	-319.2931	  45.5775	 -4.4170	13.3424	 324	1	322.5599	171.87618449955	 -0.78461268732	16.3097
    1489	WMAP5     	-219.4423	 183.0098	  3.3158	13.3394	 325	1	285.7595	140.17268704526	 +0.66484068145	15.8815
    1490	WMAP5     	-155.4434	 205.3206	199.3691	13.3332	 326	1	325.6797	127.12850505261	+37.74607119775	16.8328
    1491	WMAP5     	-118.4698	 -22.0372	201.1793	13.3317	 327	0	234.5076	190.53746970960	+59.07930876821	17.9406
    1492	WMAP5     	 -49.4607	  24.0426	 93.8582	13.3306	 328	1	108.7832	154.07581941341	+59.63254481412	17.9445
    1493	WMAP5     	-198.8681	 -74.4809	118.5532	13.3178	 329	0	243.2093	200.53213792848	+29.17333426999	17.9760
    1494	WMAP5     	-216.2963	  16.9203	111.1565	13.3158	 330	0	243.7748	175.52700088879	+27.12802112295	17.6292
    1495	WMAP5     	-187.6706	  -4.8701	 14.5322	13.3086	 331	0	188.2954	181.48650047858	 +4.42634283566	17.1645
    1496	WMAP5     	-208.1606	-133.5246	123.1093	13.3043	 332	0	276.2527	212.67814267448	+26.46430031484	17.7039
    1497	WMAP5     	 -76.5430	-209.8463	215.8835	13.2939	 333	1	310.6445	249.96018096615	+44.02351241672	16.9980
    1498	WMAP5     	-222.3864	-149.4668	138.3917	13.2866	 334	0	301.5763	213.90520835362	+27.31579560002	17.2779
    1499	WMAP5     	-304.3140	   6.8864	107.5903	13.2848	 335	1	322.8469	178.70366262255	+19.46645973855	17.8106
    1500	WMAP5     	-215.2727	-113.2679	 99.2979	13.2840	 336	0	262.7395	207.75155790505	+22.20570800785	17.2659
    1501	WMAP5     	-109.6507	  99.3495	 70.8147	13.2829	 337	0	164.0376	137.82171646298	+25.57536971501	18.6387
    1502	WMAP5     	 -93.8879	-196.8256	190.0872	13.2774	 338	0	289.2894	244.49836730848	+41.07778801173	17.4125
    1503	WMAP5     	-183.8325	   1.3251	268.0734	13.2713	 339	1	325.0530	179.58699702087	+55.55875763729	16.6645
    1504	WMAP5     	 -49.7934	 -83.3317	 59.1952	13.2603	 340	0	113.6997	239.14033111280	+31.37435534314	17.0065
    1505	WMAP5     	-110.7303	 118.1792	282.5696	13.2550	 341	1	325.6886	133.13619998400	+60.18168227756	15.6686
    1506	WMAP5     	-131.6213	  13.3129	275.5855	13.2505	 342	0	305.6939	174.22442058109	+64.35700260303	17.2656
    1507	WMAP5     	-190.4934	 165.1748	 39.0689	13.2405	 343	0	255.1408	139.07179065071	 +8.80816566385	17.2989
    1508	WMAP5     	 -93.8119	-149.9601	 12.1937	13.2393	 344	1	177.3059	237.97077118834	 +3.94346511332	16.4047
    1509	WMAP5     	-176.8125	 188.5849	 27.7352	13.2244	 345	0	259.9926	133.15466966638	 +6.12379605195	17.6423
    1510	WMAP5     	-163.1217	  17.7257	  6.5183	13.2236	 346	2	164.2114	173.79825103742	 +2.27493073638	18.0998
    1511	WMAP5     	-158.7847	 -93.0429	234.6445	13.2169	 347	0	298.2074	210.36898164847	+51.89213037521	17.7916
    1512	WMAP5     	-284.9856	  80.8588	 95.2253	13.1964	 348	0	311.1636	164.15979976669	+17.82012272054	17.4453
    1513	WMAP5     	-161.0257	 117.7813	 13.8342	13.1953	 349	1	199.9827	143.81661568678	 +3.96671321323	17.8711
    1514	WMAP5     	-180.6108	-111.6193	 48.6101	13.1660	 350	0	217.8121	211.71648872103	+12.89556513826	18.5519
    1515	WMAP5     	-146.0704	 -80.8583	131.7047	13.1475	 351	0	212.6518	208.96703887534	+38.26829241490	16.9778
    1516	WMAP5     	-126.0293	  96.7272	232.0550	13.1467	 352	0	281.2278	142.49384030695	+55.60366778700	17.9901
    1517	WMAP5     	-221.6291	 -62.4012	186.9360	13.1344	 353	0	296.5779	195.72493761971	+39.07300552415	17.6471
    1518	WMAP5     	-269.0011	-102.2743	 61.4247	13.1307	 354	0	294.2697	200.81682314001	+12.04829515962	17.3962
    1519	WMAP5     	-213.6910	  57.2078	211.2567	13.1245	 355	0	305.8855	165.01265565763	+43.68076018035	17.5351
    1520	WMAP5     	 -49.2593	-136.4036	130.9167	13.1186	 356	1	195.3755	250.14386466686	+42.07304201460	15.8248
    1521	WMAP5     	 -96.1967	   8.3687	225.9702	13.1152	 357	1	245.7364	175.02802097556	+66.86233474693	15.3628
    1522	WMAP5     	-218.5672	 -75.6543	 33.5813	13.1109	 358	0	233.7154	199.09265228795	 +8.26112455805	16.9544
    1523	WMAP5     	-209.6589	 -63.3009	202.3637	13.0801	 359	0	298.1860	196.80028605197	+42.73816587130	17.4966
    1524	WMAP5     	-214.1669	-229.4933	 -3.7035	13.0719	 360	1	313.9241	226.97850938127	 -0.67596342556	16.6841
    1525	WMAP5     	-106.4433	  50.1443	  5.9078	13.0692	 361	1	117.8114	154.77537782490	 +2.87439333625	16.3610
    1526	WMAP5     	-185.4974	 156.2421	173.4723	13.0675	 362	0	298.1837	139.89300367772	+35.57465214065	16.0835
    1527	WMAP5     	 -77.5933	 163.7304	106.3073	13.0665	 363	1	210.0705	115.35668600089	+30.40144293309	15.6959
    1528	WMAP5     	 -70.0507	 -41.8855	166.4706	13.0536	 364	1	185.4022	210.87651453602	+63.88199371915	15.6632
    1529	WMAP5     	-173.4013	  68.5986	128.1977	13.0505	 365	0	226.2929	158.41594444308	+34.50738993227	17.7232
    1530	WMAP5     	 -49.6109	-119.9071	 44.5068	13.0409	 366	1	137.1853	247.52295214413	+18.93093178097	16.8688
    1531	WMAP5     	-137.3416	-171.8910	164.4605	13.0157	 367	0	274.6934	231.37499648142	+36.77724638401	17.3908
    1532	WMAP5     	-198.0674	 152.8227	127.9554	13.0077	 368	0	280.9947	142.34731648536	+27.08846735782	16.4574
    1533	WMAP5     	-244.9222	 -76.9257	148.5191	13.0061	 369	0	296.5845	197.43657366247	+30.05061771504	17.5687
    1534	WMAP5     	-144.2997	 -33.5024	183.4313	12.9991	 370	0	235.7792	193.07093775676	+51.07590553138	17.9140
    1535	WMAP5     	-180.7490	  -4.9428	201.0782	12.9968	 371	0	270.4201	181.56641799005	+48.03700405339	17.7883
    1536	WMAP5     	-163.2121	-154.2535	236.1831	12.9901	 372	1	325.9061	223.38360410826	+46.44363445148	15.8257
    1537	WMAP5     	-166.0036	 -54.2961	 -4.1768	12.9855	 373	1	174.7075	198.11177019180	 -1.36993230976	16.3145
    1538	WMAP5     	-250.8954	  89.5344	103.0746	12.9828	 374	0	285.6384	160.36058590761	+21.15283163686	16.4553
    1539	WMAP5     	-263.7899	 -99.5633	106.3363	12.9800	 375	0	301.3394	200.67821449174	+20.66351283746	17.6302
    1540	WMAP5     	 -77.8812	  37.0938	 41.3928	12.9693	 376	0	 95.6807	154.53217771973	+25.63355578808	16.2034
    1541	WMAP5     	-100.7601	 115.4526	 87.3431	12.9674	 377	0	176.3823	131.11250256191	+29.68242056560	17.3952
    1542	WMAP5     	-258.9067	  31.2164	110.2914	12.9641	 378	0	283.1455	173.12502951689	+22.92476567239	16.9918
    1543	WMAP5     	 -81.6365	-283.3690	106.3073	12.9559	 379	1	313.4705	253.92869265126	+19.82388528254	13.9087
    1544	WMAP5     	-232.0902	-152.3561	156.3312	12.9523	 380	1	318.6184	213.28299043942	+29.38353200084	17.4144
    1545	WMAP5     	 -42.4905	  13.1206	  6.7725	12.9522	 381	1	 44.9829	162.83983424829	 +8.65924350970	15.5482
    1546	WMAP5     	-111.6073	 -71.0193	219.5707	12.9515	 382	0	256.3420	212.46990422890	+58.93180155039	16.9657
    1547	WMAP5     	-106.8227	 125.1734	124.4380	12.9320	 383	0	206.3111	130.47738092636	+37.09632456253	16.7624
    1548	WMAP5     	-246.5626	 -94.3972	157.0260	12.9245	 384	0	307.1825	200.94948774944	+30.74255587094	17.7972
    1549	WMAP5     	-179.3441	 -90.0103	 46.2921	12.9170	 385	0	205.9347	206.65143591933	+12.99054373011	16.4803
    1550	WMAP5     	-204.6064	-111.9409	226.6956	12.9156	 386	1	325.2467	208.68323664534	+44.18646774682	16.1929
    1551	WMAP5     	-224.8922	 -24.6349	144.9247	12.9135	 387	0	268.6755	186.25131418965	+32.64308533450	16.9248
    1552	WMAP5     	-184.6209	 -65.5723	260.5380	12.9099	 388	1	325.9826	199.55365100171	+53.05749361652	15.1146
    1553	WMAP5     	 -51.5706	 -50.3793	 28.5387	12.9074	 389	0	 77.5375	224.33050671995	+21.59622231671	16.8843
    1554	WMAP5     	-323.3760	  25.3696	 22.4846	12.9003	 390	1	325.1479	175.51419946768	 +3.96527404233	15.8840
    1555	WMAP5     	-244.8126	  66.7902	 19.7134	12.8995	 391	0	254.5246	164.73984901544	 +4.44212173243	17.0814
    1556	WMAP5     	-162.6549	 111.6191	176.8287	12.8866	 392	0	264.9223	145.54080661923	+41.87239115698	17.3327
    1557	WMAP5     	-188.3500	  21.0971	263.9674	12.8829	 393	1	324.9609	173.60894709332	+54.32175210116	15.8506
    1558	WMAP5     	-121.9408	-210.9168	 26.0903	12.8814	 394	1	245.0228	239.96579536991	 +6.11249661987	17.0015
    1559	WMAP5     	-236.3326	  24.6222	 12.1023	12.8747	 395	0	237.9197	174.05213505536	 +2.91573990389	17.6732
    1560	WMAP5     	-139.7760	   8.8335	216.3601	12.8714	 396	0	257.7345	176.38385773391	+57.08408268042	17.0226
    1561	WMAP5     	-172.0386	-190.0309	120.2530	12.8601	 397	0	283.1427	227.84484569527	+25.13219541540	17.2019
    1562	WMAP5     	-226.7461	 190.0087	 94.5879	12.8537	 398	0	310.5865	140.03766502445	+17.73085656736	17.0734
    1563	WMAP5     	-311.0664	 -31.8296	 39.5041	12.8349	 399	0	315.1761	185.84240880585	 +7.20037196523	16.3326
    1564	WMAP5     	-172.7429	-222.9625	 85.3668	12.8346	 400	0	294.6860	232.23282061458	+16.83922850574	17.0827
    1565	WMAP5     	-218.1297	-155.9450	 56.7904	12.8114	 401	0	274.0886	215.56168924434	+11.95814940251	16.6450
    1566	WMAP5     	-139.3613	 -64.4892	  6.9259	12.8102	 402	1	153.7153	204.83225595430	 +2.58244081972	16.7460
    1567	WMAP5     	 -93.1497	 135.8937	 82.8510	12.8078	 403	0	184.4133	124.42908623064	+26.69673749646	16.9708
    1568	WMAP5     	 -87.9673	 -68.3796	221.5603	12.8077	 404	1	247.9980	217.85900130093	+63.30310651194	13.7239
    1569	WMAP5     	-252.0583	  45.6651	 15.3216	12.7895	 405	0	256.6193	169.73116687568	 +3.42291968007	17.3261
    1570	WMAP5     	 -85.5042	-100.3603	 70.4235	12.7885	 406	0	149.4745	229.56992779740	+28.10835281409	16.6642
    1571	WMAP5     	-130.6771	  -9.2377	 10.5352	12.7865	 407	2	131.4261	184.04356506433	 +4.59778467908	17.2212
    1572	WMAP5     	-105.8403	 234.4574	197.0271	12.7850	 408	1	324.0249	114.29569043140	+37.44947664028	14.0389
    1573	WMAP5     	-271.0823	 -28.2410	175.8006	12.7716	 409	1	324.3286	185.94755187701	+32.82294308960	15.9815
    1574	WMAP5     	-269.6544	  80.3655	130.7488	12.7672	 410	0	310.2698	163.40429581900	+24.92322986745	17.3262
    1575	WMAP5     	-115.3181	-161.1379	149.0254	12.7655	 411	0	247.9359	234.41065016277	+36.94614206113	17.5422
    1576	WMAP5     	-271.9288	 179.2629	  4.1687	12.7644	 412	1	325.7266	146.60604018554	 +0.73329195898	13.4600
    1577	WMAP5     	-278.4678	-162.5963	 11.7334	12.7643	 413	1	322.6757	210.28049565785	 +2.08389520241	16.0418
    1578	WMAP5     	-144.4783	  44.3951	118.4120	12.7623	 414	0	192.0059	162.91893348505	+38.07627366552	17.0569
    1579	WMAP5     	-162.6734	  19.7147	121.5832	12.7409	 415	0	204.0436	173.08990441742	+36.57459136672	16.7002
    1580	WMAP5     	-122.2054	 199.4791	223.8224	12.7347	 416	1	323.7632	121.49257885770	+43.73432036383	16.1379
    1581	WMAP5     	-240.1294	-132.9031	132.7866	12.7334	 417	0	304.8896	208.96296200694	+25.81861051889	17.2745
    1582	WMAP5     	 -80.9653	 -50.9320	 68.3895	12.7318	 418	0	117.5864	212.17233912954	+35.56389967222	15.8615
    1583	WMAP5     	-260.3848	 -57.2167	119.3804	12.7260	 419	0	292.1056	192.39314934522	+24.12252488327	17.3297
    1584	WMAP5     	-111.0576	 207.7403	 77.3191	12.7218	 420	1	247.9275	118.12888289207	+18.17145585502	16.3045
    1585	WMAP5     	-178.3607	-111.2345	210.3337	12.7208	 421	0	297.3650	211.94968818205	+45.01770457583	16.6957
    1586	WMAP5     	-304.0045	 -13.4145	 12.0570	12.7097	 422	0	304.5391	182.52660105202	 +2.26898999061	16.6031
    1587	WMAP5     	-265.7559	-181.8538	 -4.4274	12.6842	 423	1	322.0506	214.38340129515	 -0.78769954166	15.5465
    1588	WMAP5     	 -86.0640	 169.2450	 83.1040	12.6786	 424	1	207.2611	116.95411093196	+23.63839002096	15.7227
    1589	WMAP5     	 -67.9584	  74.2864	156.2717	12.6773	 425	1	185.8969	132.45278328588	+57.20737084075	16.2011
    1590	WMAP5     	-162.7440	-180.2771	216.0706	12.6761	 426	1	325.0722	227.92605082220	+41.65816418936	15.7748
    1591	WMAP5     	-319.0316	   3.0497	 70.3563	12.6760	 427	1	326.7116	179.45231746722	+12.43587912368	15.7659
    1592	WMAP5     	-202.3282	 107.3758	105.0428	12.6757	 428	0	251.9926	152.04506065447	+24.63579682453	17.1119
    1593	WMAP5     	-185.2447	 121.4617	125.1443	12.6693	 429	0	254.4202	146.74784572930	+29.46424149735	15.8422
    1594	WMAP5     	-307.7947	 -88.2097	 62.2153	12.6685	 430	1	326.1737	195.99157676907	+10.99613060238	15.5454
    1595	WMAP5     	-147.2155	 -56.8246	 54.2231	12.6571	 431	0	166.8580	201.10637379815	+18.96349034068	17.3190
    1596	WMAP5     	-257.9456	-161.9653	 19.7323	12.6564	 432	0	305.2180	212.12491203595	 +3.70675044700	16.5919
    1597	WMAP5     	-110.9781	-120.4805	282.3734	12.6417	 433	1	326.4451	227.35091178244	+59.88213470410	14.3477
    1598	WMAP5     	-182.9911	 236.3937	 43.4588	12.6350	 434	0	302.0867	127.74325794890	 +8.27138861243	17.0419
    1599	WMAP5     	-172.5392	   2.1076	176.7229	12.6305	 435	0	246.9923	179.30016696089	+45.68415520566	17.1519
    1600	WMAP5     	-149.0205	 254.6253	 69.1510	12.6064	 436	1	303.0231	120.33846878892	+13.19133089321	16.5396
    1601	WMAP5     	 -27.6356	 -18.6725	 47.5643	12.6030	 437	1	 58.0926	214.04558118119	+54.96152018974	15.7225
    1602	WMAP5     	-240.3417	  70.3865	178.5573	12.5989	 438	0	307.5729	163.67679852411	+35.48828041167	17.5214
    1603	WMAP5     	 -91.5797	 177.3380	223.8547	12.5983	 439	1	299.9109	117.31243848116	+48.27984637171	16.5016
    1604	WMAP5     	-157.8382	 -11.6562	 50.6242	12.5973	 440	0	166.1673	184.22355953173	+17.73757919103	17.2497
    1605	WMAP5     	-139.6482	 188.8046	 12.7163	12.5877	 441	1	235.1818	126.48825577168	 +3.09949135632	14.7662
    1606	WMAP5     	 -76.9126	  82.8814	 94.8665	12.5875	 442	0	147.5958	132.86085120299	+39.99683369323	16.5256
    1607	WMAP5     	-190.0586	 -84.5756	177.2818	12.5873	 443	0	273.3206	203.98894809328	+40.43780147594	17.1203
    1608	WMAP5     	 -50.0371	-174.3541	123.2127	12.5821	 444	2	219.2816	253.98729025460	+34.18678495940	17.0275
    1609	WMAP5     	-181.1392	-146.3610	 80.5641	12.5785	 445	0	246.4215	218.93831678386	+19.08293072794	16.6135
    1610	WMAP5     	-190.1642	  46.2173	222.0096	12.5780	 446	0	295.9505	166.33974620484	+48.60403580156	17.2109
    1611	WMAP5     	-158.6555	  32.1529	203.7886	12.5701	 447	0	260.2598	168.54367229085	+51.53790653920	17.4102
    1612	WMAP5     	-146.8739	-112.3849	 52.5100	12.5664	 448	0	192.2488	217.42247979796	+15.85094574856	16.6512
    1613	WMAP5     	-287.4069	-155.1916	 -4.0420	12.5626	 449	1	326.6550	208.36780228927	 -0.70898689848	14.9620
    1614	WMAP5     	-285.1987	   4.2973	 34.9821	12.5581	 450	0	287.3682	179.13674243309	 +6.99210780606	16.5249
    1615	WMAP5     	-183.4742	-221.8705	131.4415	12.5565	 451	1	316.4904	230.41119935572	+24.53880658433	17.7667
    1616	WMAP5     	 -95.5263	  51.2493	 60.9444	12.5509	 452	0	124.3623	151.78672187723	+29.34423307171	16.6355
    1617	WMAP5     	-136.2551	  93.6064	 17.5661	12.5506	 453	0	166.2413	145.51118552807	 +6.06556448677	16.6935
    1618	WMAP5     	-189.5470	 -43.8601	175.7193	12.5456	 454	0	262.1623	193.02861976534	+42.08784391512	17.2731
    1619	WMAP5     	-172.4424	-194.9664	 47.9773	12.5354	 455	0	264.6698	228.50812087031	+10.44388279445	16.4053
    1620	WMAP5     	-245.6553	 134.7238	107.0124	12.5311	 456	0	299.9144	151.25847763552	+20.90439568381	17.5913
    1621	WMAP5     	-135.9625	-102.2260	194.0415	12.5282	 457	0	258.0466	216.93836808605	+48.76070107182	17.0896
    1622	WMAP5     	 -85.1713	-190.5927	247.5138	12.5264	 458	1	323.7944	245.92127099741	+49.85511049974	13.5479
    1623	WMAP5     	-179.0469	 157.3704	 93.6295	12.5222	 459	0	256.1049	138.68666471734	+21.44391033496	16.9133
    1624	WMAP5     	 -63.9431	 103.8730	 83.1459	12.5200	 460	0	147.6197	121.61600896998	+34.28045641461	16.1801
    1625	WMAP5     	-196.4873	 199.0547	 54.2016	12.5171	 461	0	284.8997	134.62810394747	+10.96726041524	16.1849
    1626	WMAP5     	-114.0701	-170.9364	164.8710	12.5133	 462	0	263.4648	236.28384066022	+38.73946770058	16.1829
    1627	WMAP5     	-172.6206	-148.3805	 21.2035	12.5117	 463	0	228.6137	220.68154595675	 +5.32173209732	17.5797
    1628	WMAP5     	-127.4152	-158.5911	 13.1345	12.4971	 464	0	203.8585	231.22092000440	 +3.69410091937	16.4272
    1629	WMAP5     	-129.2570	  60.1724	159.2563	12.4970	 465	0	213.7537	155.03682902963	+48.16303069848	16.4299
    1630	WMAP5     	-271.0842	-114.8819	 82.9814	12.4871	 466	0	305.8928	202.96658243491	+15.74022428089	15.9414
    1631	WMAP5     	-112.4004	-104.7013	 11.7425	12.4843	 467	0	154.0587	222.96896442902	 +4.37137674158	16.6065
    1632	WMAP5     	-203.1853	 -55.6849	 48.6935	12.4706	 468	0	216.2317	195.32616128677	+13.01411604333	16.3484
    1633	WMAP5     	-277.4840	  28.9136	169.3285	12.4691	 469	1	326.3519	174.05129782736	+31.25531904061	14.8625
    1634	WMAP5     	-117.3970	 190.2801	115.9465	12.4622	 470	0	251.8574	121.67331488458	+27.41071113130	16.0774
    1635	WMAP5     	-103.5261	 157.9024	163.4322	12.4602	 471	0	249.7216	123.25019576581	+40.87851060199	17.2531
    1636	WMAP5     	-256.4629	 179.0291	 89.2768	12.4558	 472	1	325.2614	145.08226142243	+15.93086206074	15.8728
    1637	WMAP5     	-123.2707	 115.9169	 59.2940	12.4496	 473	0	179.2991	136.76101172554	+19.31119113026	17.0186
    1638	WMAP5     	-205.4700	 -32.3055	126.6992	12.4477	 474	0	243.5451	188.93531166522	+31.34759050364	16.6231
    1639	WMAP5     	-117.5760	  19.6597	145.2851	12.4427	 475	0	187.9319	170.50750401650	+50.63067161088	16.9074
    1640	WMAP5     	-223.0702	  64.2681	 30.9763	12.4348	 476	0	234.2013	163.92794096720	 +7.60041114965	16.9493
    1641	WMAP5     	 -84.1752	 -29.2200	194.6657	12.4343	 477	1	214.0888	199.14359414263	+65.40544382648	15.1377
    1642	WMAP5     	-268.1517	 -70.3939	 14.3347	12.4243	 478	0	277.6078	194.70912930107	 +2.95986200699	16.2471
    1643	WMAP5     	-156.3480	-154.2131	 72.8637	12.4115	 479	0	231.3774	224.60613517896	+18.35555910628	16.8960
    1644	WMAP5     	-123.1082	 154.7683	125.7144	12.4024	 480	0	234.3351	128.49998830368	+32.44383063476	16.4709
    1645	WMAP5     	-230.9892	  24.1974	219.5490	12.3786	 481	1	319.5987	174.01977339025	+43.38933583091	15.5769
    1646	WMAP5     	-238.6323	 158.3776	 69.2912	12.3749	 482	0	294.6696	146.42821295296	+13.60040000713	15.7616
    1647	WMAP5     	-127.0952	 120.7222	165.4691	12.3656	 483	0	241.0541	136.47313434116	+43.34893618394	16.3342
    1648	WMAP5     	-241.8669	  -4.2367	151.2322	12.3619	 484	0	285.2871	181.00352241136	+32.01257283390	16.0241
    1649	WMAP5     	-142.5909	 215.8864	150.0395	12.3601	 485	0	299.0836	123.44438057411	+30.11015728690	16.5411
    1650	WMAP5     	 -93.3968	 217.3685	187.4928	12.3473	 486	1	301.8701	113.25175963268	+38.39681696702	15.4545
    1651	WMAP5     	-175.4498	   0.6669	131.0792	12.3409	 487	0	219.0087	179.78222619008	+36.76335122294	15.9245
    1652	WMAP5     	-218.1035	-135.0619	103.9206	12.3378	 488	0	276.7857	211.76810229919	+22.05243428809	16.9854
    1653	WMAP5     	-109.6213	-183.9455	 11.1464	12.3372	 489	1	214.4225	239.20741460453	 +2.97975736484	14.7905
    1654	WMAP5     	 -95.0599	  55.8878	164.1949	12.3371	 490	0	197.7872	149.54778014660	+56.11509565739	16.2562
    1655	WMAP5     	-174.4046	 132.2888	228.1637	12.3270	 491	0	316.1898	142.81907646579	+46.18704910206	15.5647
    1656	WMAP5     	-282.0008	   2.6318	 65.2505	12.3238	 492	0	289.4634	179.46529284129	+13.02751651928	16.6054
    1657	WMAP5     	-143.0532	 110.4509	155.3005	12.3182	 493	0	238.2894	142.32838591396	+40.67219811503	16.5535
    1658	WMAP5     	 -85.8105	  10.2654	 79.4414	12.3171	 494	0	117.3872	173.17823234789	+42.58991410877	15.8450
    1659	WMAP5     	-295.0043	  10.3141	  2.8233	12.3160	 495	0	295.1981	177.99760194498	 +0.54798200882	15.8207
    1660	WMAP5     	-164.0417	-126.2865	215.1785	12.3158	 496	0	298.5963	217.59065397126	+46.10682454789	17.0376
    1661	WMAP5     	 -66.3486	 122.5208	 66.9440	12.3120	 497	1	154.5800	118.43683850329	+25.66258513098	14.3269
    1662	WMAP5     	 -87.9542	 -95.6677	118.7550	12.3058	 498	0	176.0426	227.40542809967	+42.42162607061	16.4518
    1663	WMAP5     	-164.0118	 -68.7594	175.7193	12.3040	 499	0	250.0100	202.74510008836	+44.65603212665	16.2046
    1664	WMAP5     	-257.2749	  44.8286	 48.9241	12.2908	 500	0	265.6944	170.11579596661	+10.61080368345	16.5174
    1665	WMAP5     	-128.5615	 213.7904	208.3680	12.2907	 501	1	325.0410	121.02032951637	+39.87026393956	13.3800
    1666	WMAP5     	-306.5926	  86.5124	 13.4099	12.2835	 502	2	318.8467	164.24231664229	 +2.41043307967	15.7835
    1667	WMAP5     	-154.0842	  94.7827	140.0366	12.2810	 503	0	228.7705	148.40283102481	+37.74345840488	16.4923
    1668	WMAP5     	-130.2466	  -8.0980	123.1851	12.2787	 504	0	179.4557	183.55775343647	+43.34876934648	15.8735
    1669	WMAP5     	-171.1886	 -74.7382	133.2420	12.2674	 505	0	229.4445	203.58530117032	+35.50088718936	15.8376
    1670	WMAP5     	-275.2064	  29.9332	 44.1486	12.2648	 506	0	280.3278	173.79255213330	 +9.06119359738	16.3871
    1671	WMAP5     	-118.0397	-292.0545	 59.3631	12.2558	 507	1	320.5514	247.99291502058	+10.67224899033	14.1294
    1672	WMAP5     	-103.5843	  49.7329	230.0678	12.2552	 508	1	257.1658	154.35342860753	+63.46071423054	16.1235
    1673	WMAP5     	 -99.8228	 159.1019	261.3329	12.2544	 509	1	321.8274	122.10474334177	+54.29455710142	13.9389
    1674	WMAP5     	-117.0237	 190.2111	 36.4992	12.2486	 510	1	226.2896	121.60110032535	 +9.28203215027	14.3897
    1675	WMAP5     	-231.1497	 131.2838	123.2701	12.2484	 511	0	293.0207	150.40515501325	+24.87798908661	15.5063
    1676	WMAP5     	-226.4136	 -53.6989	206.7621	12.2473	 512	0	311.2833	193.34239834511	+41.62289159829	16.1484
    1677	WMAP5     	-254.3793	   7.8192	146.2760	12.2456	 513	0	293.5416	178.23936611099	+29.88855449197	15.9182
    1678	WMAP5     	-121.4735	-136.8613	 21.8756	12.2451	 514	0	184.2970	228.40880330535	 +6.81694215367	16.7877
    1679	WMAP5     	-127.3563	 198.1584	146.8124	12.2398	 515	0	277.5613	122.72882315956	+31.93364988854	16.5781
    1680	WMAP5     	-194.5237	-240.1894	 60.1056	12.2346	 516	0	314.8700	230.99680592344	+11.00474164388	16.4330
    1681	WMAP5     	-174.7535	-107.2210	164.8368	12.2304	 517	0	263.0708	211.53142980898	+38.79876925616	15.4187
    1682	WMAP5     	-266.2179	 129.5892	 78.4350	12.2246	 518	0	306.2963	154.04417521405	+14.83733402053	16.1310
    1683	WMAP5     	-240.0555	  -9.5752	 41.1261	12.2230	 519	0	243.7410	182.28416644425	 +9.71390512373	16.1725
    1684	WMAP5     	-196.7684	 -56.6290	133.2179	12.2206	 520	0	244.2778	196.05557551157	+33.04886821093	15.1917
    1685	WMAP5     	-216.9006	 -24.0824	 47.0773	12.2148	 521	0	223.2535	186.33557881733	+12.17330679506	15.4545
    1686	WMAP5     	 -81.7669	 156.8612	155.7879	12.2138	 522	0	235.7140	117.53163375921	+41.36999019350	16.1704
    1687	WMAP5     	 -78.0713	 -25.3284	 94.3443	12.2107	 523	0	125.0500	197.97446955332	+48.97756134676	16.7283
    1688	WMAP5     	-143.3622	  90.6225	237.8737	12.2090	 524	0	292.1456	147.70209779921	+54.51130009995	14.6851
    1689	WMAP5     	-294.6245	  64.5276	123.5649	12.2090	 525	1	325.9382	167.64635104795	+22.27828005070	15.0466
    1690	WMAP5     	-258.2083	-198.8822	 -5.7236	12.2050	 526	1	325.9730	217.60488511257	 -1.00608088246	13.6420
    1691	WMAP5     	-144.7708	-190.0691	159.9911	12.2014	 527	0	287.5448	232.70439960532	+33.80748021104	16.2811
    1692	WMAP5     	-164.3062	 -49.2728	196.1881	12.2013	 528	0	260.6033	196.69313883025	+48.83547152351	16.1139
    1693	WMAP5     	-141.6661	 -66.7429	219.2208	12.1972	 529	0	269.4099	205.22647219616	+54.45977119408	16.2755
    1694	WMAP5     	 -53.7204	 -62.7271	 99.1376	12.1861	 530	0	129.0304	229.42274980781	+50.20394265774	16.2720
    1695	WMAP5     	 -96.8461	 -33.7721	241.0123	12.1854	 531	1	261.9287	199.22465015347	+66.94722599609	14.6056
    1696	WMAP5     	-271.2603	 -16.1694	 13.5889	12.1827	 532	0	272.0814	183.41126832264	 +2.86279240634	15.9376
    1697	WMAP5     	 -95.9304	-101.2824	193.4147	12.1755	 533	0	238.4744	226.55450573819	+54.19868042276	15.6362
    1698	WMAP5     	-104.6656	 -19.5198	 88.2558	12.1735	 534	0	138.2932	190.56412739675	+39.65615369974	15.9628
    1699	WMAP5     	-201.4506	 -24.0098	159.1534	12.1699	 535	0	257.8539	186.79670537282	+38.11364345645	16.4880
    1700	WMAP5     	-136.9163	  12.7480	 18.1242	12.1669	 536	0	138.6977	174.68063359804	 +7.50853506067	15.7613
    1701	WMAP5     	-210.8884	  53.7067	 63.1820	12.1565	 537	0	226.6060	165.71226049508	+16.18972480905	16.1606
    1702	WMAP5     	-200.9090	 -67.2891	 82.1999	12.1563	 538	0	227.2643	198.51689507205	+21.20418709524	15.7992
    1703	WMAP5     	-137.8862	-175.7734	194.0438	12.1523	 539	0	295.9086	231.88744895325	+40.97699508991	15.9445
    1704	WMAP5     	-183.9336	 198.1671	  4.3908	12.1475	 540	1	270.4090	132.86667880940	 +0.93038096918	14.6937
    1705	WMAP5     	-105.9226	-111.1812	143.8191	12.1291	 541	0	210.3920	226.38752659343	+43.12379776958	16.0337
    1706	WMAP5     	-196.4699	 133.4448	 18.7564	12.1272	 542	0	238.2430	145.81515724677	 +4.51544913417	16.1803
    1707	WMAP5     	-155.5914	 181.1916	187.7109	12.1268	 543	0	303.7671	130.65309127476	+38.16610528913	15.5417
    1708	WMAP5     	-132.1966	  44.8379	168.9575	12.1258	 544	0	219.1643	161.26431498871	+50.43629132848	15.4211
    1709	WMAP5     	-112.4166	  86.8023	145.8805	12.1254	 545	0	203.6007	142.32652109407	+45.76649463901	15.9672
    1710	WMAP5     	-111.3635	 -60.2603	196.6919	12.1140	 546	0	233.9248	208.41840800653	+57.22826755706	16.1052
    1711	WMAP5     	-109.9889	  73.4715	161.4787	12.1122	 547	0	208.7366	146.25747556477	+50.67829525137	16.4643
    1712	WMAP5     	-106.7685	   7.8626	  0.5434	12.1054	 548	1	107.0590	175.78826134097	 +0.29080386022	14.0660
    1713	WMAP5     	-303.7923	-109.2908	 49.0155	12.1034	 549	1	326.5528	199.78645247083	 +8.63270041649	13.7036
    1714	WMAP5     	-106.3559	-169.2226	  1.4330	12.0957	 550	1	199.8747	237.85076231392	 +0.41078481198	13.0242
    1715	WMAP5     	 -86.3838	-165.9797	 58.3606	12.0947	 551	0	196.0035	242.50535562752	+17.32268831705	15.9349
    1716	WMAP5     	-165.2632	  -2.3061	102.3434	12.0921	 552	0	194.4002	180.79946323420	+31.76639317812	16.8489
    1717	WMAP5     	-108.2959	 171.0262	 61.7780	12.0865	 553	0	211.6471	122.34248421324	+16.97122419736	15.7432
    1718	WMAP5     	-141.3164	 -78.4096	204.3173	12.0855	 554	0	260.5072	209.02377370966	+51.65653818575	16.4174
    1719	WMAP5     	 -76.2551	 -96.2994	 88.6358	12.0845	 555	0	151.4751	231.62592269262	+35.81362908304	16.1626
    1720	WMAP5     	-234.8297	-151.8543	104.7557	12.0841	 556	0	298.6276	212.88902395611	+20.53566066681	16.5148
    1721	WMAP5     	 -66.8954	  60.0332	 97.7596	12.0790	 557	0	132.8003	138.09462296798	+47.40362234593	15.8836
    1722	WMAP5     	-141.8565	 192.4554	163.7445	12.0790	 558	0	289.7837	126.39346672649	+34.40630258069	15.7646
    1723	WMAP5     	-163.3394	 -52.1472	236.1804	12.0639	 559	0	291.8566	197.70601964093	+54.02119710631	15.9723
    1724	WMAP5     	-250.1807	 -91.8628	  7.4909	12.0595	 560	0	266.6182	200.16252264631	 +1.60999336848	17.0958
    1725	WMAP5     	-224.5562	 153.3524	128.1401	12.0508	 561	0	300.6033	145.67031320438	+25.23147467550	16.1008
    1726	WMAP5     	-122.2922	   8.6523	 83.5082	12.0425	 562	0	148.3370	175.95298662378	+34.26092133454	15.9748
    1727	WMAP5     	-174.9255	 -93.5201	206.8670	12.0413	 563	0	286.5989	208.13021738209	+46.20327617004	16.3892
    1728	WMAP5     	-167.5536	  80.1955	 97.9692	12.0292	 564	0	210.0083	154.42300717706	+27.80743549751	15.7695
    1729	WMAP5     	-148.9238	  72.9294	135.0610	12.0223	 565	0	213.8655	153.90855673443	+39.16257418118	15.1682
    1730	WMAP5     	-265.7519	-139.7324	 52.8526	12.0210	 566	0	304.8649	207.73539938318	 +9.98345844831	15.2871
    1731	WMAP5     	-122.9718	-185.9018	 46.2600	12.0130	 567	0	227.6434	236.51584665747	+11.72487098240	15.9229
    1732	WMAP5     	-149.8425	-164.5354	214.7732	12.0115	 568	0	309.2769	227.67585719290	+43.98234278880	16.0172
    1733	WMAP5     	-194.6558	 105.5321	  1.6513	12.0037	 569	1	221.4286	151.53579955620	 +0.42729804497	14.6519
    1734	WMAP5     	 -91.1017	-199.5646	139.9405	11.9964	 570	0	260.2093	245.46319119238	+32.53398677883	15.5616
    1735	WMAP5     	-212.8780	-242.8640	 37.3977	11.9957	 571	1	325.1131	228.76440896340	 +6.60535114778	15.4276
    1736	WMAP5     	-210.7543	  17.6009	 80.7965	11.9944	 572	0	226.3962	175.22608843050	+20.90877213275	16.2371
    1737	WMAP5     	-300.5462	 -40.6169	121.5996	11.9944	 573	1	326.7479	187.69652071854	+21.84834200588	13.0619
    1738	WMAP5     	-140.8856	-272.2203	107.6467	11.9929	 574	1	324.8699	242.63650201377	+19.35093960975	14.5689
    1739	WMAP5     	 -23.7934	 -19.1077	  6.0955	11.9865	 575	1	 31.1189	218.76669444869	+11.29602864021	14.0063
    1740	WMAP5     	-139.8291	   5.8462	234.9604	11.9840	 576	0	273.4826	177.60589333215	+59.22037591398	15.2986
    1741	WMAP5     	-170.0572	-109.1122	 15.0876	11.9732	 577	0	202.6143	212.68506873286	 +4.27045939371	15.3059
    1742	WMAP5     	-151.9430	  78.0039	  9.3395	11.9687	 578	1	171.0512	152.82511664863	 +3.12995724035	15.2290
    1743	WMAP5     	-153.3020	-118.7533	121.0708	11.9653	 579	0	228.6088	217.76265161584	+31.97830083160	16.1151
    1744	WMAP5     	-268.3684	  72.8625	 39.0897	11.9629	 580	0	280.8176	164.81024877366	 +8.00154258952	15.7203
    1745	WMAP5     	-157.0784	-195.1161	 64.2594	11.9556	 581	0	258.5985	231.16416095830	+14.38823096493	16.1605
    1746	WMAP5     	-125.6838	 164.1987	  4.5797	11.9464	 582	1	206.8299	127.43178674249	 +1.26876575423	13.3467
    1747	WMAP5     	 -99.0927	-227.3385	 42.9658	11.9450	 583	1	251.6908	246.44849188542	 +9.82903390571	14.3736
    1748	WMAP5     	 -59.8783	-154.1289	118.7080	11.9426	 584	0	203.5503	248.76909453370	+35.67505193141	15.6180
    1749	WMAP5     	-162.5998	-234.3415	 97.6924	11.9355	 585	0	301.4937	235.24481985534	+18.90670006954	16.3409
    1750	WMAP5     	-136.7309	  -1.8509	106.7007	11.9176	 586	0	173.4468	180.77555637549	+37.96486116616	16.1325
    1751	WMAP5     	-101.0466	-135.7887	 25.0054	11.9134	 587	0	171.0972	233.34536072746	 +8.40371624275	16.2722
    1752	WMAP5     	 -80.9823	-287.1866	131.7165	11.9008	 588	1	326.1649	254.25234390468	+23.81808113010	12.7948
    1753	WMAP5     	 -26.3921	  20.5467	 51.5244	11.9001	 589	1	 61.4287	142.09862405570	+57.01030149196	15.7439
    1754	WMAP5     	-229.3762	  79.1394	217.8850	11.8980	 590	1	326.1141	160.96452921854	+41.92252894614	14.1367
    1755	WMAP5     	 -72.6976	-185.5847	 87.9166	11.8945	 591	0	217.8439	248.60862827638	+23.80193958557	16.8226
    1756	WMAP5     	-236.6443	-188.2785	119.9143	11.8941	 592	1	325.3133	218.50639628029	+21.63001275451	14.5147
    1757	WMAP5     	 -81.3795	  60.4938	 52.3026	11.8938	 593	0	114.0951	143.37456121800	+27.28470397520	15.1408
    1758	WMAP5     	-113.9780	-101.4694	 65.9975	11.8893	 594	0	166.2610	221.67721925006	+23.38772916972	15.4345
    1759	WMAP5     	-160.0138	 -33.0948	124.5115	11.8863	 595	0	205.4332	191.68540406639	+37.30747763579	15.1470
    1760	WMAP5     	-153.1378	 -40.9322	  7.3972	11.8811	 596	0	158.6863	194.96475869771	 +2.67183433814	15.3585
    1761	WMAP5     	 -67.6608	 126.6108	171.2028	11.8746	 597	1	223.4249	118.12005215496	+50.01970957212	14.0259
    1762	WMAP5     	-128.1012	 -66.2265	179.9234	11.8731	 598	0	230.5825	207.33830047218	+51.28798906318	15.4202
    1763	WMAP5     	-107.5623	  32.4593	134.5989	11.8680	 599	0	175.3286	163.20764208057	+50.14736161568	16.0593
    1764	WMAP5     	-230.4848	 100.8107	 76.0141	11.8669	 600	0	262.8007	156.37612367325	+16.81283520054	16.0121
    1765	WMAP5     	-120.7852	-244.6575	 35.2443	11.8635	 601	1	275.1154	243.72485268444	 +7.36023146773	15.8486
    1766	WMAP5     	-164.2504	-153.4466	179.9211	11.8595	 602	0	287.9160	223.05232036945	+38.67544629095	15.8243
    1767	WMAP5     	 -79.1515	   5.6807	 97.4248	11.8497	 603	0	125.6536	175.89489281357	+50.83625930666	15.9518
    1768	WMAP5     	 -91.2580	  65.2652	251.0876	11.8449	 604	1	275.0137	144.42870170741	+65.92332135899	15.1337
    1769	WMAP5     	-119.5672	 -52.2812	 10.5362	11.8428	 605	0	130.9223	203.61751772044	 +4.61596416903	16.3569
    1770	WMAP5     	-209.8618	-139.4899	 78.0573	11.8387	 606	0	263.8036	213.61100598809	+17.21101832488	15.4690
    1771	WMAP5     	-181.1239	 237.5925	 98.7641	11.8366	 607	0	314.6592	127.31937370436	+18.29299325347	15.8473
    1772	WMAP5     	-311.4164	  42.6277	 37.2923	11.8313	 608	2	316.5249	172.20561134600	 +6.76618549194	15.7369
    1773	WMAP5     	-126.1276	 178.2457	 65.4378	11.8302	 609	0	227.9513	125.28342506864	+16.68257901261	16.0966
    1774	WMAP5     	 -99.3915	-259.5137	162.4546	11.8229	 610	1	321.8967	249.04358482281	+30.31005973373	14.8865
    1775	WMAP5     	-263.9738	  51.0470	107.4150	11.8204	 611	0	289.5271	169.05529374876	+21.77739278115	15.4731
    1776	WMAP5     	-224.8129	-160.5602	 14.6873	11.8091	 612	0	276.6517	215.53422050770	 +3.04324330063	15.0708
    1777	WMAP5     	 -95.8118	-185.7010	130.0864	11.8054	 613	0	246.1448	242.70867649948	+31.90385136724	15.1291
    1778	WMAP5     	-239.5326	  86.9450	186.5255	11.7983	 614	0	315.7959	160.05022475033	+36.20328954593	16.3592
    1779	WMAP5     	 -36.2429	-183.5968	113.3163	11.7970	 615	1	218.7737	258.83311587228	+31.19561608173	14.9354
    1780	WMAP5     	-131.1168	 229.2184	110.4357	11.7849	 616	0	286.2320	119.77027993699	+22.69501863205	15.4820
    1781	WMAP5     	-184.7503	  37.0559	198.1169	11.7834	 617	0	273.4157	168.65851532483	+46.43556397784	15.6948
    1782	WMAP5     	-288.7922	 137.9346	 66.5623	11.7833	 618	1	326.8906	154.46964877746	+11.74887263569	13.4397
    1783	WMAP5     	-200.4929	  54.6735	 48.3295	11.7830	 619	0	213.3596	164.74657521303	+13.09206535160	15.9807
    1784	WMAP5     	-134.6863	 -41.0948	138.7393	11.7784	 620	0	197.6810	196.96772174324	+44.57437107172	15.8476
    1785	WMAP5     	 -78.7962	-143.4461	 69.8795	11.7741	 621	0	177.9572	241.21963417946	+23.12109839860	14.8185
    1786	WMAP5     	-194.7982	  28.9947	126.0144	11.7723	 622	0	233.8090	171.53397194198	+32.61306431094	15.0016
    1787	WMAP5     	 -83.0232	-168.0391	111.0958	11.7682	 623	0	217.8813	243.70738025869	+30.65659679640	15.2612
    1788	WMAP5     	-125.1001	 174.4960	156.0517	11.7674	 624	0	265.4261	125.63759407902	+36.01017836316	14.8905
    1789	WMAP5     	-117.9477	-122.1472	 39.9171	11.7651	 625	0	174.4275	226.00205544466	+13.22915510573	15.3035
    1790	WMAP5     	-107.4448	-130.7926	 76.1151	11.7577	 626	0	185.5926	230.59724223225	+24.21234011882	15.3681
    1791	WMAP5     	 -47.5670	-119.3542	100.9081	11.7541	 627	0	163.3722	248.27092539905	+38.14530409991	16.4384
    1792	WMAP5     	-131.9695	 -20.4793	 91.1377	11.7537	 628	0	161.6831	188.82092171535	+34.31074120617	15.8992
    1793	WMAP5     	-160.0288	 -54.2818	 93.8049	11.7490	 629	0	193.2747	198.73694620847	+29.03508166473	15.6407
    1794	WMAP5     	-199.2454	  -6.3480	183.7229	11.7423	 630	0	271.0962	181.82482445514	+42.66447416866	14.4505
    1795	WMAP5     	 -55.2276	-119.9249	149.1571	11.7398	 631	1	199.1981	245.27305450546	+48.48546197437	14.6407
    1796	WMAP5     	-213.2003	-166.2468	138.5474	11.7387	 632	0	303.7890	217.94597757118	+27.13346109378	15.7008
    1797	WMAP5     	-196.0082	-102.2893	 42.2489	11.7349	 633	0	225.0939	207.55835541200	+10.81827052450	14.8617
    1798	WMAP5     	-214.0103	 -16.2475	170.1768	11.7332	 634	0	273.9060	184.34153506110	+38.41085278777	15.4614
    1799	WMAP5     	 -41.3479	-102.7590	103.3315	11.7283	 635	1	151.4809	248.08125988254	+43.01125311184	15.8350
    1800	WMAP5     	 -35.6570	  -2.4962	 63.3578	11.7250	 636	1	 72.7452	184.00447458817	+60.56983969724	15.3566
    1801	WMAP5     	-166.4067	  93.4078	115.6773	11.7221	 637	0	223.1534	150.69354146264	+31.22334996145	15.7734
    1802	WMAP5     	-198.4273	  47.1475	157.7222	11.7214	 638	0	257.8227	166.63403625917	+37.71589605388	14.9424
    1803	WMAP5     	 -80.5734	 -19.8769	 29.1248	11.7179	 639	0	 87.9512	193.85777659502	+19.33839411213	15.4359
    1804	WMAP5     	 -34.3810	 -39.2208	  6.4861	11.7177	 640	1	 52.5585	228.76214394644	 +7.08878081996	14.4213
    1805	WMAP5     	-246.5545	-102.4551	 94.9573	11.7066	 641	0	283.3779	202.56519953180	+19.57804731453	15.6657
    1806	WMAP5     	-135.9299	 136.3512	104.6447	11.7058	 642	0	219.1326	134.91132969437	+28.52489742335	15.3808
    1807	WMAP5     	-266.4329	 -71.4911	172.3920	11.6989	 643	1	325.2945	195.02018411196	+32.00254015852	12.9663
    1808	WMAP5     	-254.8688	 148.2775	 46.1006	11.6975	 644	0	298.4453	149.81003313133	 +8.88600745377	15.0674
    1809	WMAP5     	-311.0574	 -63.7543	 64.3228	11.6974	 645	1	323.9733	191.58292441164	+11.45180096116	15.3808
    1810	WMAP5     	-229.3954	 -94.2548	143.8089	11.6972	 646	0	286.6832	202.33695521245	+30.10790295445	15.3239
    1811	WMAP5     	-281.0095	 107.1988	 -2.2748	11.6892	 647	1	300.7708	159.11927578605	 -0.43335357840	13.7827
    1812	WMAP5     	 -62.9755	  40.7531	 56.6138	11.6863	 648	0	 93.9779	147.09207400744	+37.04310655419	15.6597
    1813	WMAP5     	-143.5055	-240.0855	 75.5613	11.6813	 649	0	289.7316	239.13212259392	+15.11740137447	14.4662
    1814	WMAP5     	-161.6788	 139.3796	190.6354	11.6733	 650	0	286.1967	139.23613400767	+41.76669427076	15.2302
    1815	WMAP5     	-249.2777	 -60.2426	 74.2747	11.6633	 651	0	266.9930	193.58609473725	+16.15218869641	15.7590
    1816	WMAP5     	 -64.1814	-159.9025	 99.7673	11.6626	 652	0	199.1019	248.13055209416	+30.07191717130	15.4879
    1817	WMAP5     	 -82.2616	  91.6635	200.6692	11.6591	 653	2	235.4512	131.90577695032	+58.45997075913	15.3295
    1818	WMAP5     	-290.0812	  80.2632	 58.7483	11.6505	 654	0	306.6604	164.53364558655	+11.04467469308	15.7713
    1819	WMAP5     	 -63.3920	 -70.3478	161.3245	11.6431	 655	1	187.0640	227.97729417257	+59.58741472432	14.7629
    1820	WMAP5     	 -94.8651	 103.8383	268.5134	11.6421	 656	1	303.1192	132.41434934269	+62.35439504464	14.4952
    1821	WMAP5     	-286.2756	 -33.4431	128.5979	11.6398	 657	0	315.6098	186.66317316301	+24.04527891433	15.8872
    1822	WMAP5     	-202.7186	 124.1863	140.5591	11.6336	 658	0	276.1773	148.50816926047	+30.59358323653	15.8407
    1823	WMAP5     	-166.2474	  31.3733	103.9038	11.6242	 659	0	198.5409	169.31312890233	+31.55637903105	15.0585
    1824	WMAP5     	-229.0663	 132.8783	161.5024	11.6232	 660	0	310.1790	149.88254872297	+31.37751763314	15.1586
    1825	WMAP5     	 -99.9260	 -52.4081	  0.2874	11.6177	 661	1	112.8357	207.67564995373	 +0.14595730020	13.6104
    1826	WMAP5     	-243.9205	-141.8537	 26.2937	11.6170	 662	0	283.3921	210.18044717075	 +5.32367574576	15.5949
    1827	WMAP5     	-103.6719	-248.8180	149.2169	11.6155	 663	0	308.0973	247.38058846685	+28.96776761512	15.5927
    1828	WMAP5     	-168.3753	 -42.1482	 79.5534	11.6128	 664	0	190.9331	194.05366853675	+24.62364477946	15.5396
    1829	WMAP5     	-108.5200	 -20.2799	127.9390	11.6038	 665	0	168.9860	190.58517442152	+49.20905461163	15.2866
    1830	WMAP5     	 -94.4299	 -66.3912	 73.5709	11.6021	 666	0	136.8849	215.11006512903	+32.51127799914	15.5215
    1831	WMAP5     	-197.8978	-222.9074	 61.4893	11.5991	 667	0	304.3554	228.40124878897	+11.65576125277	15.5148
    1832	WMAP5     	-106.5197	 152.3395	101.3147	11.5949	 668	0	211.7036	124.96224264161	+28.59195353284	14.8601
    1833	WMAP5     	-149.9771	-110.8465	 18.9211	11.5944	 669	0	187.4515	216.46773125593	 +5.79322355237	15.2162
    1834	WMAP5     	-227.0783	 131.0998	 74.6039	11.5872	 670	0	272.6123	150.00073743829	+15.88234902104	14.3654
    1835	WMAP5     	-236.8115	  78.2454	 85.0694	11.5826	 671	0	263.5125	161.71581303242	+18.83408626894	15.1487
    1836	WMAP5     	-167.0460	 189.0433	 84.6437	11.5825	 672	0	266.0945	131.46506630723	+18.54785099666	15.3382
    1837	WMAP5     	 -45.1217	-233.8358	155.0717	11.5783	 673	1	284.1873	259.07825057659	+33.07028638225	13.8204
    1838	WMAP5     	-226.7566	 -40.0708	227.7410	11.5750	 674	1	323.8676	190.02144989851	+44.68364899238	14.4721
    1839	WMAP5     	-245.2825	 197.9275	 31.9023	11.5711	 675	0	316.7911	141.09865932485	 +5.77973870701	15.0093
    1840	WMAP5     	-250.2763	 -60.8607	168.8261	11.5697	 676	0	307.9683	193.66755830441	+33.24312416895	15.1500
    1841	WMAP5     	-134.6546	 -65.9647	132.4274	11.5685	 677	0	200.0506	206.09934532680	+41.45025586715	15.3282
    1842	WMAP5     	-120.0700	-152.8839	 62.7552	11.5681	 678	0	204.2756	231.85507534030	+17.89107884629	15.5307
    1843	WMAP5     	-269.5748	-145.3346	102.1032	11.5617	 679	1	322.8278	208.33023278166	+18.43795212941	15.1063
    1844	WMAP5     	-131.9088	 149.4541	199.5089	11.5583	 680	0	282.0288	131.43176747730	+45.02426181394	14.6213
    1845	WMAP5     	-155.7876	 266.5527	105.3564	11.5503	 681	1	326.2210	120.30429209846	+18.84204645168	13.8164
    1846	WMAP5     	 -96.5433	 -21.2362	141.5726	11.5487	 682	0	172.6685	192.40550869142	+55.07580676381	14.7369
    1847	WMAP5     	-183.1451	 -92.9046	252.6748	11.5451	 683	1	325.6040	206.89746458126	+50.89749186143	13.9200
    1848	WMAP5     	-253.0951	 -73.7219	192.0167	11.5446	 684	1	326.1326	196.23986566962	+36.06969813740	13.4637
    1849	WMAP5     	 -90.6796	-271.4778	132.9172	11.5429	 685	0	315.5788	251.52953980997	+24.90945301331	15.3654
    1850	WMAP5     	-113.2478	  42.4235	 79.0946	11.5241	 686	0	144.5018	159.46365598780	+33.18612751116	15.3480
    1851	WMAP5     	-271.9198	 -79.0534	107.7465	11.5193	 687	0	302.9837	196.21038444718	+20.83134007667	14.0681
    1852	WMAP5     	-281.9282	  10.9164	 99.8264	11.5160	 688	0	299.2791	177.78259461463	+19.48476729764	14.8669
    1853	WMAP5     	-206.5422	 -65.9328	222.3728	11.5130	 689	0	310.5744	197.70421834577	+45.72560319358	15.4113
    1854	WMAP5     	-256.0313	 116.1771	114.2236	11.5130	 690	0	303.4736	155.59328559070	+22.11008994913	15.2457
    1855	WMAP5     	-170.2071	-179.9054	157.1024	11.5128	 691	0	293.2875	226.58671344452	+32.38867491611	14.4650
    1856	WMAP5     	 -79.7037	   6.8465	 16.6787	11.5086	 692	0	 81.7174	175.09038342872	+11.77697128539	15.6660
    1857	WMAP5     	-120.0530	  72.8422	 87.3650	11.4959	 693	0	165.3824	148.75270653345	+31.88801429934	15.8027
    1858	WMAP5     	-191.8757	-190.9545	168.5394	11.4864	 694	0	318.8815	224.86212091745	+31.90638837554	14.7188
    1859	WMAP5     	 -73.5449	 -89.5534	149.9343	11.4858	 695	0	189.4966	230.60575750114	+52.30006964005	15.6510
    1860	WMAP5     	-218.6553	   1.6331	 41.0629	11.4837	 696	0	222.4837	179.57208710139	+10.63581352326	15.2127
    1861	WMAP5     	 -78.5286	 -38.6522	 15.8576	11.4797	 697	0	 88.9505	206.20662592511	+10.26925132237	14.5841
    1862	WMAP5     	 -71.1314	-165.8155	 34.2903	11.4767	 698	1	183.6581	246.78167223394	+10.76070197629	13.1869
    1863	WMAP5     	-123.9427	 -11.2247	165.4466	11.4749	 699	0	207.0275	185.17479207233	+53.04928813238	15.3953
    1864	WMAP5     	-120.0055	-125.1005	155.0772	11.4720	 700	0	232.5949	226.19083516854	+41.81491951097	14.9733
    1865	WMAP5     	-285.2686	  -6.8977	146.9116	11.4706	 701	1	320.9498	181.38511444414	+27.24136958072	15.6015
    1866	WMAP5     	 -88.6314	 -73.4967	197.0102	11.4599	 702	0	228.1892	219.66689873292	+59.69635222862	14.9154
    1867	WMAP5     	 -95.4178	-202.0768	 38.7983	11.4594	 703	0	226.8146	244.72398664969	 +9.84929643803	14.7375
    1868	WMAP5     	-283.8843	  35.5701	124.3918	11.4593	 704	0	311.9757	172.85818154025	+23.49836046252	14.8976
    1869	WMAP5     	-206.9767	 137.0637	 58.7523	11.4505	 705	0	255.1032	146.48674445271	+13.31519801114	15.5226
    1870	WMAP5     	-131.0091	 -40.2026	294.7302	11.4395	 706	1	325.0315	197.05961779189	+65.06329246241	14.0923
    1871	WMAP5     	-177.9933	 -81.0861	  1.3781	11.4292	 707	0	195.5977	204.49196736264	 +0.40369765993	15.5335
    1872	WMAP5     	-115.4988	 126.7597	262.7012	11.4252	 708	0	313.7195	132.33863611194	+56.86407639887	15.3671
    1873	WMAP5     	-108.0506	 121.1831	 35.6182	11.4126	 709	0	166.2195	131.72119158599	+12.37353075867	14.9354
    1874	WMAP5     	-268.8566	 151.3119	 70.8285	11.4099	 710	0	316.5373	150.62928962881	+12.92999666793	14.1963
    1875	WMAP5     	-284.1112	  29.7300	152.7463	11.4074	 711	1	323.9359	174.02619839885	+28.13382480055	14.6258
    1876	WMAP5     	-121.9710	 158.0202	 77.0283	11.3987	 712	0	213.9641	127.66346616343	+21.10054385496	15.2013
    1877	WMAP5     	-179.9236	-200.8303	142.6590	11.3953	 713	0	305.0523	228.14288731720	+27.88213899457	15.1390
    1878	WMAP5     	-177.7193	  43.7245	172.1514	11.3895	 714	0	251.2609	166.17797330765	+43.24738742649	14.6827
    1879	WMAP5     	-312.9302	 -51.7763	 43.1029	11.3844	 715	1	320.0999	189.39483047765	 +7.73864543617	15.3715
    1880	WMAP5     	-181.3790	-173.7593	 91.4612	11.3761	 716	0	267.3122	223.77086631979	+20.00799670962	14.9801
    1881	WMAP5     	-163.3465	-183.1938	 -3.5759	11.3696	 717	1	245.4686	228.27791051159	 -0.83470245110	13.8475
    1882	WMAP5     	-219.0682	-151.2626	  1.4469	11.3688	 718	0	266.2205	214.62437062118	 +0.31139934279	15.4903
    1883	WMAP5     	 -96.1854	-261.2665	 65.3824	11.3679	 719	1	285.9837	249.78878434088	+13.21599976566	12.5200
    1884	WMAP5     	-289.4730	-129.1132	 -0.4348	11.3662	 720	2	316.9622	204.03822544702	 -0.07860060582	14.6293
    1885	WMAP5     	-264.9547	  84.7750	 26.3832	11.3646	 721	0	279.4349	162.25738848892	 +5.41771638841	14.6878
    1886	WMAP5     	-249.5553	-115.7455	164.8723	11.3623	 722	1	320.7144	204.88220156774	+30.93585989564	15.0432
    1887	WMAP5     	 -48.7154	 -13.4389	 13.6689	11.3602	 723	2	 52.3510	195.42239187414	+15.13539617837	14.7195
    1888	WMAP5     	-172.1349	  53.4976	140.6702	11.3452	 724	0	228.6493	162.73534587722	+37.96808877753	15.6580
    1889	WMAP5     	-117.9417	-130.2579	219.5784	11.3451	 725	0	281.2331	227.84079493378	+51.33114909434	15.1782
    1890	WMAP5     	-295.0002	 -67.8286	 -8.2178	11.3437	 726	2	302.8091	192.94880538013	 -1.55512117246	15.0095
    1891	WMAP5     	-201.7075	 203.7696	  5.1204	11.3429	 727	1	286.7650	134.70861772196	 +1.02310844164	13.1570
    1892	WMAP5     	-289.2717	 -67.0623	119.3521	11.3397	 728	2	320.0319	193.05239145519	+21.89693103629	15.3838
    1893	WMAP5     	 -67.9513	-195.6340	202.7317	11.3386	 729	1	289.8106	250.84589642759	+44.38944436800	14.0815
    1894	WMAP5     	-128.6789	 259.0801	149.6190	11.3294	 730	1	325.6787	116.41249892334	+27.34882468988	12.6437
    1895	WMAP5     	-161.6200	-111.9615	238.0017	11.3288	 731	0	308.7089	214.71210581482	+50.44001755893	13.8303
    1896	WMAP5     	-186.7062	 200.4112	100.1120	11.3285	 732	0	291.6269	132.97241933220	+20.07731088858	14.9485
    1897	WMAP5     	-229.2268	 -13.7304	 76.3592	11.3282	 733	0	242.0003	183.42784362124	+18.39301825682	14.2286
    1898	WMAP5     	-142.4481	 168.7051	148.0532	11.3279	 734	0	265.8432	130.17644719043	+33.84301255681	14.8329
    1899	WMAP5     	-142.2118	-195.9341	 36.1453	11.3197	 735	0	244.7874	234.02732539873	 +8.49135309170	13.8729
    1900	WMAP5     	-197.3725	 -82.1040	 12.5227	11.3088	 736	0	214.1349	202.58658104806	 +3.35259143666	14.6080
    1901	WMAP5     	-185.5706	-174.3478	202.2758	11.3072	 737	1	325.1908	223.21400884004	+38.46393125179	13.5277
    1902	WMAP5     	-174.8189	 -19.2727	 52.5424	11.3018	 738	0	183.5587	186.29108897881	+16.63316241409	14.3353
    1903	WMAP5     	-229.4199	  80.4142	 48.5217	11.3017	 739	0	247.8997	160.68387504990	+11.28743387361	14.9772
    1904	WMAP5     	-134.4466	  32.0555	294.3925	11.3015	 740	1	325.2236	166.58958035475	+64.85027916947	14.7673
    1905	WMAP5     	-103.8445	 106.3455	120.9504	11.3006	 741	0	191.6300	134.31829235241	+39.13622983198	15.6695
    1906	WMAP5     	-219.7542	 150.3173	158.3163	11.2998	 742	0	309.7600	145.62691024399	+30.73668750571	14.0202
    1907	WMAP5     	-112.1341	 -54.1236	250.2316	11.2957	 743	0	279.4983	205.76513390783	+63.54552281121	15.3325
    1908	WMAP5     	-146.5911	-243.0282	 45.1902	11.2951	 744	0	287.3914	238.90222083492	 +9.04688650740	15.0937
    1909	WMAP5     	 -88.7732	  96.6728	 54.6453	11.2905	 745	0	142.1704	132.56082114417	+22.60432608628	15.1594
    1910	WMAP5     	 -69.4504	-238.1825	132.4635	11.2687	 746	1	281.2487	253.74412759769	+28.09815950743	13.3149
    1911	WMAP5     	-221.1135	-109.8828	 63.8092	11.2617	 747	0	255.0236	206.42517194995	+14.48987259329	14.6075
    1912	WMAP5     	-186.9709	 150.4132	 73.2859	11.2577	 748	0	250.9045	141.18422728713	+16.98292529994	14.7466
    1913	WMAP5     	-309.4764	  78.5745	 57.0246	11.2389	 749	1	324.3476	165.75391838158	+10.12598424490	13.5170
    1914	WMAP5     	-142.5768	 222.2014	 31.8132	11.2281	 750	1	265.9205	122.68648463621	 +6.87099132575	14.0729
    1915	WMAP5     	 -13.9944	  13.8480	 19.0150	11.2278	 751	1	 27.3711	135.30115645074	+44.00407043935	13.5263
    1916	WMAP5     	-165.6019	  12.7749	153.8240	11.2273	 752	0	226.3824	175.58881147330	+42.80359731054	14.8050
    1917	WMAP5     	-123.9291	-164.1117	192.1509	11.2213	 753	0	281.4481	232.94169138995	+43.05675059012	15.0202
    1918	WMAP5     	 -95.6404	  -2.4959	 60.3837	11.2208	 754	0	113.1349	181.49489728855	+32.25793728802	14.6553
    1919	WMAP5     	 -83.4222	-162.5730	130.0910	11.2169	 755	0	224.3054	242.83598318382	+35.44860940913	14.4147
    1920	WMAP5     	-134.3361	  -2.5914	 41.5391	11.2147	 756	0	140.6357	181.10511178458	+17.17951773281	14.8072
    1921	WMAP5     	-176.7809	 -46.5896	107.3145	11.2028	 757	0	211.9870	194.76425962851	+30.41313736444	14.9220
    1922	WMAP5     	 -28.2536	  32.2742	 38.3588	11.1867	 758	2	 57.5438	131.19973844639	+41.80534096344	14.3720
    1923	WMAP5     	-242.0753	 164.9563	128.1501	11.1824	 759	0	319.7397	145.72847953101	+23.62788760520	13.5303
    1924	WMAP5     	-229.0814	 -11.8358	110.7993	11.1808	 760	0	254.7447	182.95762807282	+25.78163924684	14.5708
    1925	WMAP5     	-195.0432	 149.7048	208.4842	11.1793	 761	1	322.3647	142.49207096814	+40.29579242953	15.0300
    1926	WMAP5     	-207.9633	 223.8589	112.7628	11.1701	 762	1	325.6947	132.89187368000	+20.25644073092	13.6041
    1927	WMAP5     	-119.0136	 -21.8382	  1.6851	11.1640	 763	1	121.0123	190.39770742913	 +0.79787903097	14.2534
    1928	WMAP5     	-259.8680	  -7.3315	 94.8075	11.1567	 764	0	276.7193	181.61601624338	+20.03611762534	14.9815
    1929	WMAP5     	-109.8746	  83.5055	 98.9510	11.1539	 765	0	169.8143	142.76489372650	+35.64076271566	14.6500
    1930	WMAP5     	-222.9679	 -40.4485	177.0853	11.1498	 766	0	287.5934	190.28217356553	+38.00634972360	14.6612
    1931	WMAP5     	 -59.1938	-176.6873	147.7301	11.1478	 767	0	237.7950	251.47811653608	+38.40746247045	14.1418
    1932	WMAP5     	-110.7187	  71.2484	 52.7255	11.1468	 768	0	141.8272	147.23838783577	+21.82414155262	14.4275
    1933	WMAP5     	 -89.5181	  46.9970	101.3374	11.1374	 769	0	143.1485	152.30051824938	+45.06577474335	14.5905
    1934	WMAP5     	-115.2915	  81.7246	229.3865	11.1340	 770	0	269.4239	144.66898819989	+58.36388229919	15.6176
    1935	WMAP5     	-200.1020	 222.6601	 10.6995	11.1340	 771	0	299.5544	131.94566143033	 +2.04692767812	14.7562
    1936	WMAP5     	 -79.8943	-242.3048	167.7584	11.1324	 772	0	305.3483	251.75125302029	+33.32586658358	14.5062
    1937	WMAP5     	-178.6460	 138.5416	130.1053	11.1276	 773	0	260.8363	142.20609146040	+29.92069092312	15.1948
    1938	WMAP5     	 -64.2278	  -2.0467	 55.5092	11.1259	 774	0	 84.9157	181.82521713389	+40.82095599164	14.8669
    1939	WMAP5     	 -71.6307	 -16.3869	157.6462	11.1240	 775	2	173.9305	192.88573824663	+65.00908583852	13.8973
    1940	WMAP5     	-184.1131	-194.1481	 68.3438	11.1224	 776	0	276.1557	226.51965790051	+14.32860329848	14.1550
    1941	WMAP5     	-242.2536	  -6.3233	 91.9406	11.1176	 777	0	259.1908	181.49518226856	+20.77638367698	14.3375
    1942	WMAP5     	-195.9786	-127.5184	104.9834	11.1084	 778	0	256.3007	213.05105073311	+24.18035841443	14.5666
    1943	WMAP5     	-174.4463	  93.0555	 15.5012	11.1052	 779	0	198.3207	151.92304808831	 +4.48294807451	15.2753
    1944	WMAP5     	-239.0850	 201.7907	 60.8515	11.1018	 780	1	318.7225	139.83522882666	+11.00665837006	14.7034
    1945	WMAP5     	-130.7953	 149.7793	 20.8586	11.0995	 781	0	199.9409	131.12920716982	 +5.98821784588	13.7706
    1946	WMAP5     	-114.2045	-195.3172	 31.5706	11.0962	 782	0	228.4473	239.68461982117	 +7.94350468548	14.7532
    1947	WMAP5     	-174.9647	 206.6095	 39.1461	11.0935	 783	0	273.5554	130.25918910552	 +8.22734241833	14.5821
    1948	WMAP5     	-189.5870	 214.4450	 38.1999	11.0917	 784	0	288.7717	131.47931616400	 +7.60159803196	13.5839
    1949	WMAP5     	-241.4540	 -55.9722	188.1121	11.0915	 785	0	311.1577	193.05138806176	+37.19687471546	14.1412
    1950	WMAP5     	-171.7317	  16.7622	210.4324	11.0907	 786	0	272.1296	174.42518364717	+50.64934403783	14.1021
    1951	WMAP5     	 -45.4285	  79.1181	112.8341	11.0852	 787	1	145.1032	119.86384731944	+51.04247625695	13.5829
    1952	WMAP5     	 -99.6228	  87.9169	224.7043	11.0793	 788	0	261.0481	138.57167777096	+59.40399040685	15.0305
    1953	WMAP5     	-113.0998	 -28.2407	142.1140	11.0574	 789	0	183.8083	194.01993138946	+50.63888246381	14.8689
    1954	WMAP5     	 -77.0936	-127.4936	 36.3401	11.0560	 790	0	153.3579	238.83922314073	+13.70734960581	14.2373
    1955	WMAP5     	-246.7440	  88.7371	  6.4342	11.0551	 791	2	262.2943	160.21977704448	 +1.40563139430	14.4567
    1956	WMAP5     	 -81.0498	 -16.9965	119.1416	11.0549	 792	0	145.0954	191.84355401004	+55.19768249637	14.7186
    1957	WMAP5     	-151.7241	  68.1693	 27.5278	11.0538	 793	0	168.5973	155.80572081516	 +9.39705441956	14.9145
    1958	WMAP5     	-114.2837	-121.6730	205.9692	11.0493	 794	0	265.1196	226.79370954862	+50.97684278693	13.9654
    1959	WMAP5     	-174.8193	 130.9301	150.0086	11.0490	 795	0	264.9662	143.16878976485	+34.48166776376	15.0867
    1960	WMAP5     	-160.6431	 -59.6060	 25.1023	11.0446	 796	0	173.1739	200.35717782286	 +8.33461707940	14.9474
    1961	WMAP5     	-242.9388	 -93.6113	 79.8097	11.0414	 797	0	272.3084	201.07310122177	+17.04277149664	14.5591
    1962	WMAP5     	-153.0403	-139.3558	231.3055	11.0401	 798	0	310.3926	222.32044739624	+48.17652597137	14.0268
    1963	WMAP5     	-216.7960	 -22.7053	 88.6212	11.0393	 799	0	235.3078	185.97886492325	+22.12436177217	14.1052
    1964	WMAP5     	-223.2869	-129.4903	197.4020	11.0335	 800	1	324.9497	210.11064286880	+37.40785145885	11.8911
    1965	WMAP5     	-130.7229	-149.9980	150.9082	11.0312	 801	0	249.7222	228.92792271443	+37.17880870740	14.8541
    1966	WMAP5     	-114.6514	  40.2844	 27.1770	11.0306	 802	0	124.5246	160.64034728411	+12.60604447835	15.1102
    1967	WMAP5     	-138.8238	-124.9605	170.6632	11.0144	 803	0	253.0081	221.99154470019	+42.41815666001	15.4670
    1968	WMAP5     	-189.5994	-146.4688	 12.0366	11.0124	 804	0	239.8873	217.68669367907	 +2.87608000614	14.5370
    1969	WMAP5     	-220.3929	-170.7970	 30.5496	11.0114	 805	0	280.4958	217.77446261723	 +6.25264190209	14.7537
    1970	WMAP5     	-108.0932	 100.7161	172.1158	11.0071	 806	0	226.8297	137.02338486458	+49.35753437622	13.6857
    1971	WMAP5     	-175.5245	  74.1002	147.1396	11.0034	 807	0	240.7275	157.11224853000	+37.67840015996	15.1005
    1972	WMAP5     	-141.5829	 -11.9164	179.1378	11.0013	 808	0	228.6440	184.81100501656	+51.58022518130	14.1559
    1973	WMAP5     	-262.4486	 -76.7097	 57.0170	11.0007	 809	0	279.3109	196.29283719583	+11.77883262470	14.2151
    1974	WMAP5     	-177.9806	 114.6398	198.4255	10.9978	 810	0	290.1587	147.21384598445	+43.14535807549	14.6888
    1975	WMAP5     	-194.3791	  33.4905	 20.6395	10.9767	 811	0	198.3200	170.22421586699	 +5.97368502518	14.1972
    1976	WMAP5     	-191.2307	  65.3174	228.3853	10.9615	 812	0	304.9515	161.14171065151	+48.49721668955	14.2431
    1977	WMAP5     	 -58.3707	 -32.1393	 78.4780	10.9513	 813	0	102.9508	208.83752235123	+49.66618241560	14.0623
    1978	WMAP5     	-199.8692	 -15.3021	132.2675	10.9492	 814	0	240.1594	184.37806958498	+33.41838155114	14.9166
    1979	WMAP5     	-127.2688	 169.6412	 94.6105	10.9481	 815	0	232.2211	126.87807603424	+24.04260137519	14.4682
    1980	WMAP5     	-129.4414	 -50.0911	233.3829	10.9409	 816	0	271.5360	201.15537631203	+59.25956042973	14.7777
    1981	WMAP5     	 -62.7903	-214.8827	163.8253	10.9404	 817	0	277.4093	253.71126087924	+36.19635798973	13.9365
    1982	WMAP5     	 -66.6891	-175.2264	116.9209	10.9378	 818	0	220.9575	249.16375751460	+31.94842072838	14.3434
    1983	WMAP5     	-110.4521	-104.4650	182.1048	10.9365	 819	0	237.2230	223.40427445310	+50.14353023550	14.4575
    1984	WMAP5     	-220.4433	  78.6721	 98.7644	10.9353	 820	0	254.0452	160.35947232825	+22.87779830359	14.3352
    1985	WMAP5     	-151.5663	 -67.5179	255.7629	10.9296	 821	0	304.8699	204.01142098326	+57.02673897899	13.9131
    1986	WMAP5     	-270.5207	  52.3998	 17.4882	10.9292	 822	0	276.1033	169.03758345926	 +3.63149911654	15.1988
    1987	WMAP5     	 -94.9861	-145.8207	245.7783	10.9114	 823	1	301.1528	236.92019175723	+54.69873513168	14.5776
    1988	WMAP5     	-202.2948	-145.8158	108.4045	10.9087	 824	0	271.9135	215.78437760971	+23.49523058230	14.2028
    1989	WMAP5     	-164.0559	  52.3543	 58.7392	10.9077	 825	0	181.9495	162.30083022359	+18.83431730624	13.8984
    1990	WMAP5     	-139.8542	  91.0324	257.7177	10.9071	 826	0	307.0253	146.93952450624	+57.07705561995	15.0393
    1991	WMAP5     	-111.5292	-139.0433	255.5829	10.9024	 827	0	311.5998	231.26625062604	+55.10762801515	14.0730
    1992	WMAP5     	-270.6765	-135.6788	 81.1354	10.9012	 828	0	313.4605	206.62269257284	+15.00110640588	14.6121
    1993	WMAP5     	-133.4415	 234.9345	 94.6907	10.8988	 829	0	286.2991	119.59633888254	+19.31372210658	14.5083
    1994	WMAP5     	-170.3972	 -69.0638	 67.1442	10.8975	 830	0	195.7380	202.06322627659	+20.06163414443	14.5198
    1995	WMAP5     	-210.1387	-108.6378	181.0090	10.8951	 831	0	297.8669	207.33812565856	+37.42224672720	14.7579
    1996	WMAP5     	-182.7411	 -71.8654	165.4377	10.8915	 832	0	256.7656	201.46789123595	+40.11425834341	15.1060
    1997	WMAP5     	-247.0491	 -26.2797	157.6894	10.8912	 833	0	294.2615	186.07197148464	+32.40372677443	14.0664
    1998	WMAP5     	-274.6114	  -7.8499	 83.0136	10.8879	 834	0	286.9918	181.63739123769	+16.81330449717	13.4106
    1999	WMAP5     	 -86.8366	 166.9420	181.0162	10.8878	 835	0	261.1075	117.48165165116	+43.88898897176	14.5406
    2000	WMAP5     	-129.1708	-273.7419	 34.1354	10.8808	 836	1	304.6063	244.73874529291	 +6.43431567856	12.1221
    2001	WMAP5     	-122.9411	  56.6123	 53.9091	10.8766	 837	0	145.6903	155.27474932692	+21.71717783963	14.1664
    2002	WMAP5     	-139.1001	 132.1177	145.3450	10.8763	 838	0	240.6846	136.47473030447	+37.14841202122	14.7478
    2003	WMAP5     	-184.3166	 126.0689	  4.2825	10.8740	 839	1	223.3480	145.62863393238	 +1.09866024588	13.7725
    2004	WMAP5     	-110.2135	  11.6780	 54.6096	10.8738	 840	0	123.5540	173.95164173962	+26.23090674611	14.1006
    2005	WMAP5     	-295.9000	 -93.6097	 49.8822	10.8709	 841	0	314.3372	197.55507685065	 +9.13087954979	15.5766
    2006	WMAP5     	-211.9840	  86.1840	  1.8998	10.8686	 842	1	228.8416	157.87534357550	 +0.47565308364	13.1318
    2007	WMAP5     	-116.3282	-172.2019	245.5583	10.8678	 843	1	321.6902	235.95964596787	+49.75932205717	13.7525
    2008	WMAP5     	 -34.9248	 -99.8177	 60.2538	10.8616	 844	1	121.7121	250.71576768648	+29.67319756954	14.9464
    2009	WMAP5     	-108.6341	 -33.7848	 58.6833	10.8602	 845	0	128.0098	197.27548990829	+27.28573480199	13.7146
    2010	WMAP5     	-219.1981	  96.6705	222.8138	10.8594	 846	1	327.1681	156.20162332173	+42.92478371843	12.6248
    2011	WMAP5     	-133.6789	  23.4040	 43.2475	10.8561	 847	0	142.4364	170.06952456943	+17.67557445383	13.6988
    2012	WMAP5     	-284.9506	 -25.7351	 -9.8910	10.8561	 848	1	286.2813	185.16061568819	 -1.97996792822	13.8097
    2013	WMAP5     	-260.1933	  69.1718	  6.8600	10.8479	 849	1	269.3183	165.11238915885	 +1.45957857223	13.3731
    2014	WMAP5     	-103.1182	 -50.0966	215.2682	10.8458	 850	0	243.8923	205.91126582186	+61.96205257105	14.5143
    2015	WMAP5     	-140.5619	 158.5592	 43.9009	10.8313	 851	0	216.3930	131.55682695926	+11.70517509025	13.9863
    2016	WMAP5     	 -80.5723	  68.3383	184.8191	10.8288	 852	0	212.8852	139.69666843018	+60.24588137342	14.5489
    2017	WMAP5     	-104.3391	  12.9668	101.8290	10.8255	 853	0	146.3692	172.91587597511	+44.08298877140	13.1569
    2018	WMAP5     	-151.6389	 178.0184	 26.0774	10.8247	 854	0	235.2976	130.42487435643	 +6.36300347580	14.4979
    2019	WMAP5     	-160.0640	 206.3409	168.6999	10.8226	 855	0	310.8966	127.80166493009	+32.86242890720	14.0630
    2020	WMAP5     	-230.4875	  90.7244	172.0120	10.8197	 856	0	301.5684	158.51441636949	+34.77751122513	14.9258
    2021	WMAP5     	-111.6950	 207.5563	101.9253	10.8082	 857	0	256.7959	118.28661332784	+23.38524685738	13.4601
    2022	WMAP5     	-101.6771	  83.3348	114.7986	10.8057	 858	0	174.5327	140.66187195981	+41.12839839514	14.3465
    2023	WMAP5     	-133.6805	 259.4476	 92.3855	10.8040	 859	1	306.1350	117.25980771054	+17.56456755479	12.3400
    2024	WMAP5     	 -45.9773	  33.7624	114.1102	10.8002	 860	1	127.5733	143.70915300227	+63.44012187823	12.6424
    2025	WMAP5     	 -93.0784	-257.6168	105.1065	10.7946	 861	1	293.3895	250.13492010956	+20.99269503096	13.1536
    2026	WMAP5     	-123.7590	  88.1327	 55.6166	10.7922	 862	0	161.7927	144.54411830032	+20.10564517245	14.9098
    2027	WMAP5     	-199.4534	 151.2293	146.3452	10.7920	 863	0	289.9463	142.82991903683	+30.31357177404	15.0781
    2028	WMAP5     	 -67.9232	 -89.4572	 69.5999	10.7918	 864	0	132.1374	232.79126285268	+31.78436826431	12.9558
    2029	WMAP5     	-118.0303	  53.9871	120.2526	10.7871	 865	0	176.9363	155.42063429563	+42.81536137211	13.7664
    2030	WMAP5     	-167.4729	-227.5488	 25.0405	10.7861	 866	0	283.6418	233.64742117030	 +5.06478033831	14.4783
    2031	WMAP5     	-108.4115	-222.8716	 61.1235	10.7852	 867	0	255.2663	244.06031184491	+13.85407004593	14.7696
    2032	WMAP5     	 -67.5059	-109.4814	110.9932	10.7816	 868	0	169.8903	238.34213215582	+40.79258741003	14.1715
    2033	WMAP5     	-125.9281	 -73.0265	 88.1879	10.7783	 869	0	170.1995	210.10970910241	+31.20785472436	14.1551
    2034	WMAP5     	-208.0707	  38.0939	 54.2510	10.7747	 870	0	218.3752	169.62509663548	+14.38463421799	14.4777
    2035	WMAP5     	-158.3185	-154.5115	  9.8799	10.7653	 871	0	221.4411	224.30277215698	 +2.55717813717	14.1322
    2036	WMAP5     	-288.5711	 -45.5688	 56.8517	10.7648	 872	0	297.6271	188.97358644235	+11.01210938954	13.9760
    2037	WMAP5     	-262.9713	   8.9415	  2.2176	10.7620	 873	0	263.1326	178.05258343684	 +0.48286758346	14.4434
    2038	WMAP5     	 -69.2121	 -90.6886	 27.6593	10.7607	 874	0	117.3873	232.64968150586	+13.62840547343	14.0116
    2039	WMAP5     	-231.5771	  56.3671	 57.5816	10.7586	 875	0	245.1955	166.31992030142	+13.58216225623	13.9820
    2040	WMAP5     	-127.4426	-269.3531	 73.7721	10.7577	 876	0	306.9772	244.67914401406	+13.90529202469	14.2908
    2041	WMAP5     	-302.1325	 123.8502	  8.9720	10.7576	 877	1	326.6549	157.71028539893	 +1.57389665234	13.1038
    2042	WMAP5     	 -88.0792	-225.4631	192.8842	10.7569	 878	0	309.5091	248.66145717862	+38.54974754837	14.1046
    2043	WMAP5     	-166.4836	 146.8465	238.9247	10.7549	 879	1	326.1376	138.58616290992	+47.10385890968	12.8164
    2044	WMAP5     	-259.5128	 -31.7926	125.9568	10.7547	 880	0	290.2116	186.98442528322	+25.72275907670	13.6569
    2045	WMAP5     	-195.2534	 -87.5369	195.2079	10.7462	 881	0	289.6424	204.14786891246	+42.37358005146	14.6766
    2046	WMAP5     	-218.0263	 -42.6370	135.6519	10.7419	 882	0	260.2976	191.06506604566	+31.40886943426	14.4081
    2047	WMAP5     	-174.7646	   3.1547	 58.8052	10.7379	 883	0	184.4198	178.96584779573	+18.59436267589	14.7436
    2048	WMAP5     	-181.6032	-267.8057	 -8.2211	10.7379	 884	1	323.6776	235.85820211216	 -1.45541356054	11.7357
    2049	WMAP5     	 -32.6516	 -24.1674	 69.7678	10.7378	 885	1	 80.7325	216.50742463055	+59.78972892074	11.7454
    2050	WMAP5     	-107.3757	 223.7171	109.9334	10.7345	 886	1	271.4115	115.63924032539	+23.89383455209	13.4067
    2051	WMAP5     	-207.4736	 -75.4576	240.2038	10.7326	 887	1	326.2468	199.98619249698	+47.41413508201	13.0111
    2052	WMAP5     	 -33.9871	-160.7606	110.7903	10.7318	 888	1	198.1756	258.06264032166	+33.99021455792	11.1819
    2053	WMAP5     	-148.1664	-282.2832	 63.8907	10.7289	 889	1	325.1448	242.30567340271	+11.33232105507	10.7289
    2054	WMAP5     	 -63.9704	  23.2390	 38.7434	10.7269	 890	0	 78.3155	160.03509884309	+29.65056553688	14.4778
    2055	WMAP5     	-234.7450	-159.9241	 45.8695	10.7262	 891	0	287.7237	214.26531988545	 +9.17334519296	13.6480
    2056	WMAP5     	-320.5371	  53.2188	 13.2043	10.7233	 892	1	325.1933	170.57316567798	 +2.32709808297	13.5484
    2057	WMAP5     	-102.1880	-221.1722	185.7577	10.7210	 893	0	306.3747	245.20169177361	+37.32308832727	15.0201
    2058	WMAP5     	-254.4883	  56.1255	195.2526	10.7201	 894	1	325.6347	167.56294211192	+36.84171100884	13.1714
    2059	WMAP5     	-245.0222	-192.3710	 66.8346	10.7150	 895	0	318.6053	218.13605117877	+12.10900711053	13.6350
    2060	WMAP5     	-242.5680	 -64.6746	 92.4514	10.7142	 896	0	267.5244	194.92917217719	+20.21728265201	13.1545
    2061	WMAP5     	-127.4441	  59.1715	 78.9765	10.7138	 897	0	161.1849	155.09485180580	+29.33892236812	14.1981
    2062	WMAP5     	-233.2748	-131.3210	112.8786	10.7120	 898	0	290.5235	209.37714609241	+22.86337870496	13.1887
    2063	WMAP5     	 -33.5011	 -83.6822	 90.2376	10.7058	 899	1	127.5455	248.18196572417	+45.03132083360	13.0818
    2064	WMAP5     	-184.0663	 218.2302	159.9845	10.7046	 900	1	327.2611	130.14597028831	+29.26559915779	12.1137
    2065	WMAP5     	 -97.7890	  67.0103	 73.1564	10.6953	 901	0	139.3016	145.57896818633	+31.67939805109	13.5437
    2066	WMAP5     	-100.7630	 132.3781	 65.7453	10.6948	 902	0	178.8843	127.27752955892	+21.56334516413	14.3285
    2067	WMAP5     	-129.7219	 175.4482	120.4441	10.6936	 903	0	249.2321	126.47827373725	+28.89858452824	13.4550
    2068	WMAP5     	-285.8109	  97.6367	 80.8925	10.6896	 904	0	312.6730	161.13917762271	+14.99370076123	13.9221
    2069	WMAP5     	-187.5745	-119.6595	188.4388	10.6873	 905	0	291.5678	212.53504623246	+40.26284114869	13.4539
    2070	WMAP5     	-219.4084	  56.8463	 87.5007	10.6758	 906	0	242.9567	165.47468116586	+21.10936647347	14.7461
    2071	WMAP5     	-172.9924	 260.4392	 22.5374	10.6737	 907	1	313.4691	123.59344361108	 +4.12293284276	12.3248
    2072	WMAP5     	 -68.9134	-112.2931	184.9149	10.6717	 908	1	227.0513	238.46287842398	+54.52994439724	12.8210
    2073	WMAP5     	-109.5457	  46.4653	258.3698	10.6713	 909	1	284.4542	157.01512138372	+65.27146632646	12.2352
    2074	WMAP5     	-102.4703	-178.7656	 74.1115	10.6706	 910	0	218.9745	240.17820412464	+19.78234491710	12.9582
    2075	WMAP5     	-290.8091	 147.3868	 26.5194	10.6702	 911	1	327.1026	153.12336122888	 +4.65027619954	13.2680
    2076	WMAP5     	-118.1691	 140.5514	 73.0189	10.6670	 912	0	197.6117	130.05555967418	+21.68521669440	13.4615
    2077	WMAP5     	-148.6795	 231.2251	 46.4629	10.6638	 913	0	278.8000	122.74131676528	 +9.59328397035	13.9795
    2078	WMAP5     	-101.1694	 120.6278	217.6053	10.6628	 914	0	268.5859	129.98623795826	+54.11438536690	13.9248
    2079	WMAP5     	-272.1388	  65.9024	 86.6871	10.6594	 915	0	293.1165	166.38704364801	+17.20209096808	14.2283
    2080	WMAP5     	-206.7676	 -39.1253	240.7024	10.6591	 916	1	319.7206	190.71503016074	+48.83806128292	14.0357
    2081	WMAP5     	-158.4741	-144.0478	 41.3876	10.6560	 917	0	218.1209	222.26981842634	+10.93796093424	13.7783
    2082	WMAP5     	 -58.9901	  24.5879	125.6167	10.6543	 918	1	140.9395	157.37293881474	+63.03463598093	12.8510
    2083	WMAP5     	-229.2556	 120.2315	  9.9920	10.6514	 919	0	259.0629	152.32554779798	 +2.21044402722	14.5289
    2084	WMAP5     	-262.1061	 168.8013	 47.8422	10.6492	 920	0	315.4083	147.21769608132	 +8.72448888598	13.9089
    2085	WMAP5     	-120.9350	-236.5404	116.5288	10.6468	 921	0	290.0959	242.92090647768	+23.68391900095	14.0671
    2086	WMAP5     	-174.7406	-169.5643	127.0376	10.6451	 922	0	274.6359	224.13866990330	+27.55290513355	13.8602
    2087	WMAP5     	-166.1779	 -69.5993	 48.1457	10.6445	 923	0	186.4864	202.72511164391	+14.96165873361	13.8845
    2088	WMAP5     	-261.3328	  19.6609	 64.5230	10.6441	 924	0	269.8974	175.69756263090	+13.83134952489	13.7459
    2089	WMAP5     	-316.9588	 -42.6378	 62.4756	10.6438	 925	1	325.8589	187.66152435648	+11.05351669139	11.1014
    2090	WMAP5     	-309.7828	  56.7633	 83.5920	10.6378	 926	1	325.8452	169.61654581089	+14.86479592211	13.4150
    2091	WMAP5     	-110.0097	 172.5132	 36.8465	10.6350	 927	1	207.8956	122.52519584477	+10.20878121539	12.9164
    2092	WMAP5     	 -52.5440	-252.1827	153.1224	10.6314	 928	0	299.6723	258.23041723560	+30.72821267553	14.0352
    2093	WMAP5     	 -63.8110	 -32.9586	 56.5256	10.6312	 929	0	 91.3962	207.31650490119	+38.20436707790	14.4339
    2094	WMAP5     	-278.9615	  95.4772	107.5039	10.6235	 930	0	313.8351	161.10600900313	+20.03224162979	13.8659
    2095	WMAP5     	-112.2241	  24.3391	269.8932	10.6217	 931	1	293.3069	167.76322647673	+66.95140932925	12.0047
    2096	WMAP5     	-103.3677	 154.8853	123.6554	10.6215	 932	0	223.5285	123.71843593914	+33.58665017054	14.1394
    2097	WMAP5     	-211.0177	-234.4821	 82.6918	10.6208	 933	1	326.1109	228.01497412313	+14.68884375560	12.7224
    2098	WMAP5     	-225.1087	-157.3650	 81.8739	10.6194	 934	0	286.6026	214.95594995764	+16.59893894171	13.9306
    2099	WMAP5     	 -92.4750	 -36.8793	 25.3235	10.6183	 935	0	102.7277	201.74225938136	+14.27113256676	14.2787
    2100	WMAP5     	-220.9927	  36.7156	 99.1532	10.6161	 936	0	244.9840	170.56706685773	+23.87441409060	13.5934
    2101	WMAP5     	-307.5675	  65.4709	 38.5220	10.6154	 937	0	316.8094	167.98299034265	 +6.98409007361	13.6574
    2102	WMAP5     	-203.4445	 235.2040	 70.4069	10.6150	 938	0	318.8538	130.85883734845	+12.75675817541	13.5542
    2103	WMAP5     	-136.2652	-181.3991	225.6062	10.6131	 939	1	319.9562	233.08648944331	+44.83890754920	13.9284
    2104	WMAP5     	 -48.2750	 -27.4808	 29.1980	10.6120	 940	0	 62.7551	209.65088869179	+27.72766864634	13.2196
    2105	WMAP5     	 -36.9911	  37.3703	 87.1417	10.6110	 941	1	101.7770	134.70783464872	+58.89281863523	13.3867
    2106	WMAP5     	-286.0571	  83.5569	 20.3108	10.6046	 942	0	298.7022	163.71698886763	 +3.89894751272	13.9372
    2107	WMAP5     	-211.6873	 -96.1612	 66.7871	10.5987	 943	0	241.9070	204.43042993451	+16.02672572579	13.9728
    2108	WMAP5     	 -91.5284	 -51.0111	 90.3001	10.5983	 944	0	138.3245	209.13202901235	+40.75405669529	13.8344
    2109	WMAP5     	 -48.5588	-159.2854	147.3322	10.5932	 945	1	222.3434	253.04594401859	+41.50104082431	12.4973
    2110	WMAP5     	-166.5840	  91.6789	 47.0682	10.5870	 946	0	195.8844	151.17396213607	+13.90340473278	13.4029
    2111	WMAP5     	 -87.7422	-219.6849	 72.1437	10.5825	 947	1	247.3153	248.22822345295	+16.96018934183	12.3095
    2112	WMAP5     	-236.3576	  23.2694	 91.9535	10.5819	 948	0	254.6798	174.37734831729	+21.16501193426	13.8305
    2113	WMAP5     	-135.4455	  16.0197	154.8483	10.5786	 949	0	206.3495	173.25474607799	+48.62656048729	14.0930
    2114	WMAP5     	-146.7087	 -12.3973	161.3311	10.5781	 950	0	218.4144	184.83019413094	+47.61626020606	13.7496
    2115	WMAP5     	-224.1754	  49.6363	197.3419	10.5738	 951	0	302.7577	167.51515387830	+40.67857123946	14.0543
    2116	WMAP5     	-190.9170	-104.1039	102.4923	10.5711	 952	0	240.3988	208.60291055563	+25.23569456515	13.8455
    2117	WMAP5     	-115.9454	 165.7358	 20.0879	10.5689	 953	1	203.2614	124.97585488054	 +5.67168110801	12.5207
    2118	WMAP5     	-220.5443	-100.4553	112.7281	10.5689	 954	0	267.2801	204.48870130870	+24.94576386073	13.3720
    2119	WMAP5     	-212.8568	 125.4216	 30.6370	10.5648	 955	0	248.9523	149.49214088754	 +7.06895783231	13.7506
    2120	WMAP5     	-131.5937	 118.6117	206.3538	10.5643	 956	0	271.9698	137.97015099091	+49.35307199861	14.3768
    2121	WMAP5     	-133.7275	 231.7912	172.8661	10.5641	 957	0	318.5795	119.98198298604	+32.86184286535	13.9421
    2122	WMAP5     	-146.5853	 144.1443	 77.5939	10.5589	 958	0	219.7399	135.48106091756	+20.67808530598	13.8611
    2123	WMAP5     	-154.7289	 -43.6446	 67.3560	10.5531	 959	0	174.3063	195.75224236660	+22.73211295460	12.6329
    2124	WMAP5     	 -73.5586	-122.4077	130.0647	10.5479	 960	0	193.1614	238.99705518251	+42.32591722555	13.9457
    2125	WMAP5     	 -93.1335	-199.9118	112.9925	10.5478	 961	0	247.8020	245.02046022195	+27.12792779073	14.4079
    2126	WMAP5     	-116.5692	-209.6669	 69.0079	10.5468	 962	0	249.6211	240.92711699880	+16.04847784896	14.1140
    2127	WMAP5     	-141.0156	  59.2127	 14.7573	10.5425	 963	0	153.6533	157.22236865237	 +5.51134566837	14.4895
    2128	WMAP5     	-236.3094	-112.9032	194.9951	10.5331	 964	1	326.5155	205.53739925997	+36.66964575250	12.4496
    2129	WMAP5     	-211.6416	 -55.1966	 21.7267	10.5315	 965	0	219.7973	194.61726035023	 +5.67288722500	13.6051
    2130	WMAP5     	-268.0998	 -78.9553	 75.4618	10.5305	 966	0	289.4925	196.40968704224	+15.10977387947	13.8592
    2131	WMAP5     	-215.0335	 219.7109	 20.7385	10.5277	 967	0	308.1272	134.38358341581	 +3.85921148065	13.5832
    2132	WMAP5     	-200.0553	-182.7111	 78.0556	10.5240	 968	0	281.9541	222.40555005291	+16.07156938137	14.2281
    2133	WMAP5     	-147.8380	 223.6142	 89.9572	10.5230	 969	0	282.7573	123.46988213465	+18.55064146067	13.9239
    2134	WMAP5     	-116.9186	-202.5091	161.5485	10.5212	 970	0	284.2144	240.00002804487	+34.63897660715	14.0018
    2135	WMAP5     	-149.7306	 122.0403	 52.0987	10.5159	 971	0	200.0684	140.81769614182	+15.09405249343	12.8684
    2136	WMAP5     	-139.5162	-245.5676	 19.2347	10.5104	 972	1	283.0869	240.39746794240	 +3.89603328000	13.2978
    2137	WMAP5     	-127.2444	 -85.1264	257.3982	10.5095	 973	0	299.4853	213.78250536459	+59.25695345715	14.1640
    2138	WMAP5     	-240.2143	-214.0051	 46.4327	10.5072	 974	1	325.0494	221.69760754837	 +8.21269419845	13.7406
    2139	WMAP5     	-258.6276	-112.0836	 -4.9923	10.5033	 975	2	281.9147	203.43086418685	 -1.01467465088	13.4950
    2140	WMAP5     	-180.6043	  60.7805	201.1322	10.5000	 976	0	277.0674	161.39988533073	+46.54647279385	13.8056
    2141	WMAP5     	-115.1185	 -30.7024	184.2623	10.4976	 977	0	219.4254	194.93332024069	+57.11364445670	13.0437
    2142	WMAP5     	-226.0725	  97.2835	129.7819	10.4961	 978	0	278.2376	156.71681587022	+27.80361929999	14.0947
    2143	WMAP5     	 -95.7959	-111.9852	 33.2133	10.4936	 979	0	151.0651	229.45520279493	+12.70086846872	14.0929
    2144	WMAP5     	-216.9576	-134.8961	 -8.8921	10.4891	 980	1	255.6299	211.87179555353	 -1.99344698761	11.7947
    2145	WMAP5     	-243.3609	 -28.2517	139.8887	10.4885	 981	0	282.1197	186.62180126182	+29.72572779213	14.1210
    2146	WMAP5     	-190.4870	 182.1149	  5.1334	10.4859	 982	1	263.5858	136.28717208847	 +1.11591763859	12.8707
    2147	WMAP5     	-125.0574	 -93.9149	177.3811	10.4841	 983	0	236.4813	216.90560290746	+48.59773833074	14.0826
    2148	WMAP5     	-110.0912	 -85.7619	 -1.2932	10.4819	 984	1	139.5595	217.91886897525	 -0.53091562717	13.4712
    2149	WMAP5     	-292.5258	-132.9160	 48.4161	10.4805	 985	1	324.9340	204.43579091864	 +8.56914770344	11.9643
    2150	WMAP5     	-176.0075	  47.7380	207.8033	10.4788	 986	0	276.4774	164.82492781655	+48.73006500039	13.8020
    2151	WMAP5     	 -72.3868	-161.2550	166.7487	10.4788	 987	0	242.9983	245.82485539926	+43.33111432444	12.9567
    2152	WMAP5     	-129.9267	  44.7997	 86.2155	10.4784	 988	0	162.2378	160.97542818526	+32.10109221247	13.3471
    2153	WMAP5     	-141.3180	  75.2110	 43.2318	10.4739	 989	0	165.8206	151.97758352459	+15.11246321278	13.0730
    2154	WMAP5     	 -64.3589	-218.9518	125.9853	10.4698	 990	1	260.6804	253.61978965339	+28.90077327294	13.1185
    2155	WMAP5     	 -87.6338	  71.1775	128.7930	10.4671	 991	0	171.2704	140.91596615468	+48.76274152958	13.6073
    2156	WMAP5     	-240.5368	-134.3317	 55.6079	10.4668	 992	0	281.0608	209.18189805456	+11.41126123474	13.9509
    2157	WMAP5     	-208.0154	  80.3907	194.2228	10.4663	 993	0	295.7289	158.87022388773	+41.05321618137	13.7338
    2158	WMAP5     	-163.5838	-169.2249	 86.8475	10.4654	 994	0	250.8769	225.97105601977	+20.25359099465	13.4517
    2159	WMAP5     	-159.4644	 -68.0513	212.3376	10.4613	 995	0	274.1297	203.11031319519	+50.76768946003	13.9326
    2160	WMAP5     	-189.9604	 -22.5296	236.8209	10.4595	 996	0	304.4285	186.76378228975	+51.07050016018	13.3544
    2161	WMAP5     	-257.7630	-115.4936	 69.1410	10.4573	 997	0	290.7938	204.13530690099	+13.75474209326	14.3455
    2162	WMAP5     	-146.4810	 153.9752	 94.6567	10.4526	 998	0	232.6476	133.57117924545	+24.00819460617	13.1499
    2163	WMAP5     	-173.1840	 213.5301	 78.5832	10.4513	 999	0	285.9426	129.04385018269	+15.95138909649	13.0407
    2164	WMAP5     	-209.0969	 -86.1082	129.1537	10.4474	1000	0	260.4167	202.38235733333	+29.73243018236	13.5928
    2165	WMAP5     	-138.8109	  28.7564	254.1441	10.4435	1001	0	291.0062	168.29600745146	+60.84778804002	13.5474
    2166	WMAP5     	-265.5922	  46.2954	 85.5342	10.4409	1002	0	282.8402	170.11212101511	+17.60251262844	13.5285
    2167	WMAP5     	-222.7516	 -26.5540	 -6.4348	10.4391	1003	1	224.4210	186.79808164443	 -1.64306067390	12.0174
    2168	WMAP5     	-163.0649	 -32.0352	222.6712	10.4357	1004	0	277.8468	191.11459264571	+53.26563177021	12.6698
    2169	WMAP5     	-179.4198	-136.6838	115.2181	10.4343	1005	0	253.2768	217.30049928107	+27.05912367080	13.9105
    2170	WMAP5     	-182.9216	 -91.5547	162.6517	10.4249	1006	0	261.3391	206.58858058439	+38.48998921141	13.2289
    2171	WMAP5     	-269.6673	-102.9939	 39.8391	10.4241	1007	0	291.4024	200.90332921546	 +7.85781472508	11.7061
    2172	WMAP5     	-244.1788	 -90.0856	134.0746	10.4226	1008	0	292.7708	200.25067361064	+27.25496031959	13.3962
    2173	WMAP5     	-136.9095	 -68.7447	163.9564	10.4220	1009	0	224.3919	206.66205247848	+46.94256987327	14.0553
    2174	WMAP5     	-259.3044	-137.4902	141.1921	10.4148	1010	1	325.6955	207.93374368414	+25.69049707429	13.4458
    2175	WMAP5     	-213.8420	 184.8039	 49.1132	10.4136	1011	0	286.8675	139.16617295750	 +9.85790236834	13.7868
    2176	WMAP5     	-200.0782	-131.6744	 57.2503	10.4133	1012	0	246.2662	213.34948982603	+13.44272184634	13.2789
    2177	WMAP5     	-182.7720	-220.5039	 41.7827	10.4119	1013	0	289.4363	230.34522754542	 +8.30015199390	13.7368
    2178	WMAP5     	 -99.0693	  95.8693	289.2717	10.4110	1014	1	320.4431	135.94044040493	+64.51848544476	11.5733
    2179	WMAP5     	-281.4572	-116.5612	 57.7338	10.4104	1015	0	310.0611	202.49614543270	+10.73117963691	14.0279
    2180	WMAP5     	-187.6557	  24.0890	162.7141	10.4102	1016	0	249.5412	172.68506344716	+40.69655986743	12.5725
    2181	WMAP5     	-189.0277	 -64.0850	 -2.4861	10.4049	1017	1	199.6110	198.72792043672	 -0.71363223827	13.0317
    2182	WMAP5     	-223.8212	-170.2785	161.3900	10.4016	1018	1	324.2490	217.26312601161	+29.85023326495	13.0867
    2183	WMAP5     	 -94.0174	  27.3789	 62.4673	10.4015	1019	0	116.1509	163.76384837701	+32.53478297632	13.3246
    2184	WMAP5     	-251.7934	 -19.8059	 48.9899	10.4009	1020	0	257.2784	184.49759738576	+10.97705467734	13.7359
    2185	WMAP5     	-212.0082	 192.4365	108.4719	10.3994	1021	0	306.1788	137.77045641380	+20.74910695509	13.4308
    2186	WMAP5     	-275.3822	 106.7498	 45.9896	10.3986	1022	0	298.9078	158.81156394838	 +8.85060902965	13.3890
    2187	WMAP5     	-162.4622	  49.1799	259.3236	10.3954	1023	0	309.9377	163.15809171663	+56.79284546509	13.5307
    2188	WMAP5     	-291.6448	  61.8191	 19.0373	10.3948	1024	0	298.7319	168.03232490463	 +3.65376841450	13.5617
    2189	WMAP5     	-170.5124	 217.8571	 28.1022	10.3925	1025	0	278.0754	128.04957799817	 +5.80018976185	13.8210
    2190	WMAP5     	-206.6070	  22.3170	 44.5492	10.3908	1026	0	212.5304	173.83501705308	+12.09970808000	13.0540
    2191	WMAP5     	-275.6359	  74.1803	159.0773	10.3837	1027	1	326.7774	164.93720163093	+29.13089765167	11.4569
    2192	WMAP5     	-204.3359	  91.6566	 89.5185	10.3822	1028	0	241.1798	155.84097797007	+21.78775021036	13.5462
    2193	WMAP5     	-153.4277	 128.8704	 37.3304	10.3801	1029	0	203.8166	139.97169594404	+10.55369297470	13.8509
    2194	WMAP5     	 -55.6186	  65.1680	127.3625	10.3795	1030	1	153.4976	130.47958061431	+56.07165567276	13.4888
    2195	WMAP5     	-273.5273	 107.4725	 78.0112	10.3769	1031	0	304.0613	158.54947669427	+14.86628835586	13.3850
    2196	WMAP5     	-131.1744	-211.6707	107.4724	10.3749	1032	0	271.2222	238.21310230232	+23.34409983020	13.6217
    2197	WMAP5     	-253.3908	  69.3149	 96.7668	10.3739	1033	0	279.9558	164.70104118328	+20.22150289209	13.4589
    2198	WMAP5     	-104.2120	  50.8876	205.8315	10.3733	1034	0	236.2548	153.97335099042	+60.60154468822	13.6115
    2199	WMAP5     	-231.1322	  45.7878	210.9562	10.3709	1035	0	316.2612	168.79464721423	+41.83837896601	13.3335
    2200	WMAP5     	-242.5307	 -57.5533	124.9557	10.3653	1036	0	278.8323	193.34953661887	+26.62436984362	13.8374
    2201	WMAP5     	-102.5596	 149.2254	 74.9029	10.3624	1037	0	195.9518	124.49994654821	+22.47321499960	13.4829
    2202	WMAP5     	-117.0774	-274.4657	 56.1970	10.3612	1038	1	303.6390	246.89861071285	+10.66570678483	13.2240
    2203	WMAP5     	 -94.5468	-177.7918	 27.4053	10.3569	1039	0	203.2242	241.99667841914	 +7.75008568234	12.6382
    2204	WMAP5     	-180.0858	 221.3670	122.2433	10.3568	1040	0	310.4476	129.12893406957	+23.18896129898	12.8379
    2205	WMAP5     	-144.7860	-268.9299	 24.4883	10.3553	1041	1	306.4082	241.70294173520	 +4.58400217671	12.9586
    2206	WMAP5     	-132.1629	  38.3865	212.1040	10.3477	1042	0	252.8412	163.80415897898	+57.02229463940	13.9357
    2207	WMAP5     	-126.7084	-246.3004	 83.3835	10.3454	1043	0	289.2606	242.77660823497	+16.75406682633	14.2652
    2208	WMAP5     	 -76.7087	 185.1433	189.0588	10.3439	1044	1	275.5095	112.50524013811	+43.33123854840	12.0059
    2209	WMAP5     	-146.1042	 -55.1520	172.6919	10.3434	1045	0	232.8319	200.68072543351	+47.87661579551	12.7029
    2210	WMAP5     	 -89.6852	 129.8414	230.5666	10.3352	1046	1	279.3978	124.63395147933	+55.61148876889	12.8543
    2211	WMAP5     	-225.2501	 -71.3251	122.8500	10.3347	1047	0	266.3024	197.57030342124	+27.47215500921	13.0455
    2212	WMAP5     	 -98.5499	 171.6917	248.5727	10.3327	1048	0	317.7712	119.85552340324	+51.46594954645	12.5885
    2213	WMAP5     	-188.6675	-169.0017	 70.4018	10.3276	1049	0	262.8943	221.85287217321	+15.53310616954	13.4778
    2214	WMAP5     	-253.6300	 -21.5205	 10.8757	10.3265	1050	0	254.7736	184.84992407602	 +2.44657254724	14.1116
    2215	WMAP5     	-158.7292	  64.7155	259.7743	10.3256	1051	0	311.2327	157.81876982479	+56.58074539577	12.9575
    2216	WMAP5     	-151.6688	 172.1184	132.5918	10.3252	1052	0	264.9693	131.38614141309	+30.02674900201	13.6731
    2217	WMAP5     	-323.5917	   4.5869	 17.1969	10.3227	1053	1	324.0808	179.18789215071	 +3.04174193901	12.8174
    2218	WMAP5     	-128.5870	 -54.2126	 76.2446	10.3170	1054	0	159.0185	202.86040989401	+28.65081307401	14.0150
    2219	WMAP5     	 -70.0480	 143.4327	120.8056	10.3164	1055	1	200.1840	116.02941913610	+37.11901077663	13.5846
    2220	WMAP5     	-150.2510	  13.4006	257.2119	10.3150	1056	0	298.1827	174.90337226030	+59.60960373095	13.3906
    2221	WMAP5     	-262.4484	-183.5643	 64.3634	10.3125	1057	1	326.6767	214.97010010484	+11.36302347892	12.3349
    2222	WMAP5     	-248.0881	  31.8370	 73.9982	10.3049	1058	0	260.8391	172.68723992478	+16.48072837942	13.1071
    2223	WMAP5     	-111.9171	-194.1895	 63.5748	10.3014	1059	0	232.9737	240.04389145593	+15.83596840283	13.8158
    2224	WMAP5     	 -29.5145	-146.1237	 94.3723	10.2984	1060	1	176.4351	258.58087732900	+32.33601615912	11.0913
    2225	WMAP5     	-146.0778	-140.1550	 87.1250	10.2981	1061	0	220.3926	223.81458326345	+23.28577257075	12.8486
    2226	WMAP5     	 -97.1889	 -44.3527	121.2483	10.2971	1062	0	161.5983	204.52987683342	+48.61698548239	13.1675
    2227	WMAP5     	-279.7102	  55.0224	116.7823	10.2965	1063	0	308.0639	168.87131995966	+22.27699031563	14.0313
    2228	WMAP5     	-106.7951	-137.5644	124.7691	10.2958	1064	0	214.2347	232.17680850408	+35.61913056490	13.4000
    2229	WMAP5     	-279.5066	  58.6835	 42.0464	10.2907	1065	0	288.6790	168.14275808053	 +8.37499013963	14.6336
    2230	WMAP5     	-178.3065	 -61.9196	143.0052	10.2904	1066	0	236.8074	199.15032794609	+37.14888442289	14.1666
    2231	WMAP5     	 -99.2431	-134.2832	139.2561	10.2896	1067	0	217.4245	233.53344262395	+39.82762785448	13.3939
    2232	WMAP5     	-149.4713	-181.8622	 47.3852	10.2839	1068	0	240.1268	230.58345894251	+11.38110483358	13.0756
    2233	WMAP5     	-200.7265	-253.8188	 30.5452	10.2832	1069	1	325.0356	231.66213380030	 +5.39232575751	12.8830
    2234	WMAP5     	-133.9914	  45.5352	  9.8908	10.2819	1070	1	141.8625	161.23035417694	 +3.99798447532	13.8078
    2235	WMAP5     	-130.0907	-227.3352	 39.1516	10.2762	1071	0	264.8353	240.22000373956	 +8.50140819523	11.8614
    2236	WMAP5     	-138.4210	-187.9912	126.9968	10.2740	1072	0	265.7616	233.63516823271	+28.54571195650	13.1572
    2237	WMAP5     	-317.7059	 -71.8526	 13.2279	10.2731	1073	1	325.9982	192.74367758046	 +2.32550110609	11.3628
    2238	WMAP5     	-110.4845	  13.2449	213.4140	10.2726	1074	0	240.6819	173.16400121480	+62.46213390759	13.7257
    2239	WMAP5     	-285.6992	 -53.2537	128.8205	10.2691	1075	0	317.8910	190.55862902640	+23.90584295327	13.1481
    2240	WMAP5     	-203.1676	-199.4962	158.7601	10.2619	1076	1	326.0070	224.47760913826	+29.14251796527	11.9863
    2241	WMAP5     	-139.8362	-210.9297	 62.1909	10.2596	1077	0	260.6016	236.45754549446	+13.80650511818	13.3708
    2242	WMAP5     	-106.8586	 230.7059	129.5624	10.2575	1078	1	285.3602	114.85268271565	+27.00262263782	12.3704
    2243	WMAP5     	-230.9779	 177.3074	 34.4271	10.2571	1079	0	293.2131	142.48878858334	 +6.74284572235	13.3277
    2244	WMAP5     	-166.9294	-264.4185	 96.3817	10.2507	1080	1	327.2186	237.73547338165	+17.13046182686	11.8191
    2245	WMAP5     	-143.3975	 -25.2137	 32.8254	10.2470	1081	0	149.2517	189.97242241137	+12.70511100381	13.3303
    2246	WMAP5     	-250.9267	 -28.4486	 76.6241	10.2450	1082	0	263.9029	186.46823592646	+16.87887961901	13.4670
    2247	WMAP5     	 -73.1731	 138.4431	 57.9887	10.2442	1083	1	166.9835	117.85836477231	+20.32055178202	11.8203
    2248	WMAP5     	 -57.2001	 -62.5320	117.6569	10.2408	1084	0	145.0009	227.54981870372	+54.23512085542	13.5362
    2249	WMAP5     	-133.0074	 218.6060	192.0390	10.2283	1085	1	319.9351	121.31776281216	+36.88733216099	14.1479
    2250	WMAP5     	 -59.8967	 114.1975	145.8995	10.2247	1086	1	194.7186	117.67703147274	+48.52836555012	13.0322
    2251	WMAP5     	 -67.0673	-136.4573	135.0245	10.2244	1087	0	203.3476	243.82639518345	+41.60629142407	13.9809
    2252	WMAP5     	 -91.8145	 111.0657	 37.2221	10.2211	1088	0	148.8320	129.57944422137	+14.48311729308	13.9954
    2253	WMAP5     	-208.2123	-150.1534	 90.9851	10.2192	1089	0	272.3540	215.79745662441	+19.51595740900	13.2551
    2254	WMAP5     	-143.0604	-235.9143	 30.8503	10.2169	1090	0	277.6213	238.76703276456	 +6.38009927391	13.1715
    2255	WMAP5     	-141.7949	  83.0925	279.7323	10.2167	1091	1	324.4385	149.62948639392	+59.56500748250	10.7332
    2256	WMAP5     	-136.2944	  71.2740	  5.1446	10.2139	1092	2	153.8915	152.39306870362	 +1.91577529305	12.5387
    2257	WMAP5     	-107.4746	  21.3639	 36.4821	10.2108	1093	0	115.4909	168.75726924061	+18.41438093418	13.9511
    2258	WMAP5     	-173.7786	-155.4292	194.5359	10.2105	1094	0	303.6469	221.80974372942	+39.84141908335	13.2391
    2259	WMAP5     	 -54.0168	-115.3836	132.8497	10.1941	1095	2	184.0658	244.91337751100	+46.19923338070	13.1876
    2260	WMAP5     	-267.5164	 109.4798	136.9896	10.1923	1096	0	319.8703	157.74339933694	+25.35758262755	13.4065
    2261	WMAP5     	-191.3197	-245.5122	101.7880	10.1897	1097	1	327.4757	232.07186588586	+18.10903135457	11.4383
    2262	WMAP5     	 -58.6926	 -72.0114	 32.3723	10.1893	1098	0	 98.3790	230.81839397322	+19.21155702301	13.0259
    2263	WMAP5     	 -59.8697	 115.7778	122.8428	10.1883	1099	2	179.1067	117.34387183841	+43.30356868231	13.0834
    2264	WMAP5     	 -80.8820	-137.1075	198.7906	10.1881	1100	0	254.6725	239.46291605010	+51.31312770041	13.5242
    2265	WMAP5     	-174.9699	 248.9739	 83.5097	10.1879	1101	0	315.5572	125.09817183440	+15.34568219346	13.6813
    2266	WMAP5     	-107.6782	 183.7102	248.5415	10.1854	1102	1	327.2872	120.37588005142	+49.41122529337	10.7784
    2267	WMAP5     	-226.1605	 -84.0123	171.8220	10.1843	1103	0	296.1915	200.37863548500	+35.45787846064	12.0923
    2268	WMAP5     	-178.7784	-122.7459	227.1163	10.1833	1104	0	314.0225	214.47277029237	+46.32335336540	13.3324
    2269	WMAP5     	-173.6066	-114.6276	251.1537	10.1806	1105	1	326.1241	213.43567062930	+50.36438978171	11.3412
    2270	WMAP5     	-163.4318	 -92.3695	 87.7496	10.1786	1106	0	207.2247	209.47455687459	+25.05268414729	12.3555
    2271	WMAP5     	-195.0009	 -58.8433	236.8344	10.1782	1107	0	312.3755	196.79166360438	+49.30333581449	13.9924
    2272	WMAP5     	 -70.1927	 -10.5951	 75.4899	10.1779	1108	0	103.6243	188.58361029987	+46.76043712300	12.8895
    2273	WMAP5     	 -77.7754	 116.9928	180.8187	10.1738	1109	0	228.9798	123.61548066111	+52.15478806865	12.8218
    2274	WMAP5     	-184.3336	 -24.0118	212.4069	10.1732	1110	0	282.2626	187.42172601893	+48.80874590802	14.1159
    2275	WMAP5     	-280.4312	   7.3202	166.7873	10.1729	1111	1	326.3637	178.50472537409	+30.73361563530	11.5539
    2276	WMAP5     	-201.5330	  97.4220	237.1721	10.1696	1112	1	326.1245	154.20064933719	+46.65584561161	11.5218
    2277	WMAP5     	-276.8996	-151.6736	 58.9010	10.1672	1113	1	321.1660	208.71202009478	+10.56770694539	14.4024
    2278	WMAP5     	-151.2144	 225.8251	 61.2268	10.1641	1114	0	278.5884	123.80659846666	+12.69582226221	12.0341
    2279	WMAP5     	-146.7247	  71.6476	200.5009	10.1640	1115	0	258.5771	153.97314645219	+50.84137588708	12.7636
    2280	WMAP5     	-200.0973	 -17.8045	257.2028	10.1535	1116	1	326.3575	185.08475271521	+52.00843925320	11.9140
    2281	WMAP5     	-118.3590	-223.7898	135.8174	10.1525	1117	0	287.2927	242.12633274025	+28.21289516283	13.7972
    2282	WMAP5     	 -90.2440	-143.7779	 97.0338	10.1501	1118	0	195.5291	237.88503519450	+29.75304034905	12.6376
    2283	WMAP5     	 -94.6661	 185.6468	161.0621	10.1469	1119	1	263.3769	117.01822709072	+37.70000074202	13.4837
    2284	WMAP5     	-182.1778	  -2.8066	 85.3463	10.1455	1120	0	201.1980	180.88261018197	+25.09943050825	13.1681
    2285	WMAP5     	 -61.5892	-104.0495	 93.4030	10.1393	1121	0	152.7863	239.37776828527	+37.68582829144	12.5202
    2286	WMAP5     	-209.9005	  89.5000	 26.0965	10.1389	1122	0	229.6726	156.90696229197	 +6.52431517104	13.4577
    2287	WMAP5     	-221.0117	-230.5060	 16.4772	10.1388	1123	0	319.7666	226.20461246972	 +2.95369359846	13.6167
    2288	WMAP5     	-202.1418	  29.0375	211.3499	10.1364	1124	0	293.8933	171.82541937064	+45.98337956338	13.6871
    2289	WMAP5     	-215.4844	 182.5022	 31.3769	10.1319	1125	0	284.1216	139.73741545999	 +6.34036837132	12.9452
    2290	WMAP5     	 -39.8294	  53.1357	 79.1687	10.1298	1126	2	103.3318	126.85443899866	+50.01031131369	13.5142
    2291	WMAP5     	-126.2921	 173.6546	193.7778	10.1179	1127	0	289.2325	126.02692271743	+42.06493789212	13.0601
    2292	WMAP5     	-212.0904	-184.2502	 61.4125	10.1163	1128	0	287.5795	220.98197129552	+12.33044965652	13.1272
    2293	WMAP5     	-140.2692	-109.4958	 -0.1727	10.1155	1129	2	177.9460	217.97602015586	 -0.05560609300	12.4614
    2294	WMAP5     	-195.6223	 129.7825	185.5259	10.1154	1130	0	299.2180	146.43833828681	+38.31874392986	13.1116
    2295	WMAP5     	-244.3139	  44.0668	163.2758	10.1101	1131	0	297.1365	169.77551931151	+33.33254213033	13.2226
    2296	WMAP5     	 -45.3288	-106.4986	 32.0692	10.1073	1132	1	120.1045	246.94401684572	+15.48649046688	12.0891
    2297	WMAP5     	-307.2163	  42.9388	102.8284	10.1061	1133	1	326.8016	172.04346640290	+18.33974227308	11.9468
    2298	WMAP5     	-269.5562	 116.5231	 65.4913	10.1038	1134	0	300.8775	156.62225298816	+12.57207025961	13.7273
    2299	WMAP5     	 -63.5033	-240.4224	102.7271	10.1016	1135	1	269.0510	255.20423862709	+22.44600702866	13.4945
    2300	WMAP5     	 -28.5724	  46.8614	 61.0711	10.1004	1136	1	 82.1100	121.37157886893	+48.05369390794	12.2826
    2301	WMAP5     	-129.7222	-257.4271	109.9176	10.0999	1137	0	308.5100	243.25563534765	+20.87224513628	13.3270
    2302	WMAP5     	-135.7741	 174.8842	 50.8962	10.0989	1138	0	227.1773	127.82454702165	+12.94629004212	13.6548
    2303	WMAP5     	-216.9988	 -44.3804	 34.0795	10.0977	1139	0	224.0971	191.55868548231	 +8.74718970094	12.6008
    2304	WMAP5     	-185.0739	  29.7931	231.3480	10.0959	1140	0	297.7614	170.85500313204	+50.98284962852	12.9728
    2305	WMAP5     	 -92.3645	 141.6784	104.0243	10.0930	1141	0	198.5574	123.10156383035	+31.59424440219	13.9534
    2306	WMAP5     	-139.7059	-153.8448	171.1302	10.0929	1142	0	269.2054	227.75752709235	+39.47092661843	13.2928
    2307	WMAP5     	-135.4518	-179.4884	101.4406	10.0922	1143	0	246.6850	232.95979766922	+24.28118375851	12.6160
    2308	WMAP5     	-324.2927	 -23.3140	 18.8511	10.0922	1144	1	325.6757	184.11202301060	 +3.31830951224	12.0265
    2309	WMAP5     	-211.2921	-122.9422	 63.6898	10.0894	1145	0	252.6174	210.19335954190	+14.60297799311	13.0504
    2310	WMAP5     	-124.0765	  81.1313	 16.2034	10.0885	1146	0	149.1302	146.82008316435	 +6.23767468820	12.2270
    2311	WMAP5     	-165.3113	 245.2312	 19.4036	10.0880	1147	1	296.3826	123.98407219819	 +3.75372527346	11.7117
    2312	WMAP5     	-192.5095	-138.2820	132.9941	10.0825	1148	0	271.7890	215.69015733802	+29.29645322958	12.3481
    2313	WMAP5     	-323.5152	 -30.8715	 -5.8874	10.0821	1149	1	325.0382	185.45096205053	 -1.03785224707	11.6119
    2314	WMAP5     	-138.7654	-141.6198	223.6488	10.0779	1150	0	298.8826	225.58325303690	+48.44188186134	12.7661
    2315	WMAP5     	-128.6319	 121.7934	 43.4434	10.0701	1151	0	182.3928	136.56422542352	+13.77950462365	13.2051
    2316	WMAP5     	-127.6526	-155.8016	 45.0343	10.0686	1152	0	206.3914	230.67128703328	+12.60324869320	13.3287
    2317	WMAP5     	-243.0834	  92.3068	 33.6287	10.0659	1153	0	262.1850	159.20658771019	 +7.36924468026	12.9901
    2318	WMAP5     	-105.0425	 178.2785	 77.2170	10.0659	1154	0	220.8611	120.50679264321	+20.46395975077	13.6305
    2319	WMAP5     	-182.8167	 -31.6406	 77.3411	10.0644	1155	0	201.0093	189.81907471489	+22.62908442835	13.5512
    2320	WMAP5     	-229.6418	 118.1232	176.0632	10.0600	1156	0	312.5487	152.77961307908	+34.28532613480	12.0429
    2321	WMAP5     	-105.0395	-114.6539	125.9535	10.0598	1157	0	200.1077	227.50581895408	+39.00797332905	13.8268
    2322	WMAP5     	 -29.1263	  51.0755	 41.1250	10.0580	1158	1	 71.7518	119.69438141529	+34.97064969644	12.0756
    2323	WMAP5     	-174.2335	  39.8825	 56.3173	10.0565	1159	0	187.4021	167.10697756386	+17.48857286227	12.4887
    2324	WMAP5     	-166.1100	-164.7149	149.9096	10.0484	1160	0	277.8424	224.75839244965	+32.65294641884	13.3391
    2325	WMAP5     	-159.7187	 158.7272	 35.2925	10.0472	1161	0	227.9253	135.17839669057	 +8.90766035209	13.0294
    2326	WMAP5     	-211.0984	 -56.2593	 -1.4735	10.0468	1162	1	218.4715	194.92291334935	 -0.38643502850	12.7161
    2327	WMAP5     	 -79.4591	   5.0389	147.5408	10.0449	1163	0	167.6527	176.37142932205	+61.64700532240	13.5837
    2328	WMAP5     	-136.7610	-184.1508	 59.0732	10.0438	1164	0	236.8643	233.40028762826	+14.44181464264	12.4857
    2329	WMAP5     	-198.3069	 218.8845	 86.4828	10.0398	1165	0	307.7586	132.17622563335	+16.32040986286	12.6766
    2330	WMAP5     	-252.9431	 139.5545	124.3200	10.0396	1166	0	314.5014	151.11347157251	+23.28420846367	13.1457
    2331	WMAP5     	-278.3717	 -19.6709	124.2276	10.0368	1167	0	305.4672	184.04203233651	+23.99647962327	13.2832
    2332	WMAP5     	-225.2243	-223.2648	 56.5175	10.0337	1168	1	322.1294	224.74966131868	+10.10482505146	13.5556
    2333	WMAP5     	-137.1103	 -54.1922	150.0386	10.0336	1169	0	210.3512	201.56616573237	+45.50215508700	13.2928
    2334	WMAP5     	-193.0714	-193.9229	 87.0320	10.0282	1170	0	287.1537	225.12605328089	+17.64299694626	13.3177
    2335	WMAP5     	-216.9446	 132.1361	150.0075	10.0281	1171	0	295.0037	148.65533535179	+30.56354346090	13.5411
    2336	WMAP5     	-100.3450	  78.2150	192.5573	10.0272	1172	0	230.7921	142.06495563971	+56.54634779407	13.1844
    2337	WMAP5     	 -87.5118	-166.6942	191.0064	10.0263	1173	0	268.1953	242.30125482365	+45.41349312352	13.9464
    2338	WMAP5     	-214.7651	  88.8804	 43.8726	10.0246	1174	0	236.5345	157.51782156727	+10.68915226464	13.0190
    2339	WMAP5     	-144.7155	 -56.0007	 72.2489	10.0237	1175	0	171.1682	201.15498238903	+24.96679935573	12.3138
    2340	WMAP5     	-189.2223	  79.6008	 45.1335	10.0220	1176	0	210.1866	157.18480741041	+12.39971991642	13.7401
    2341	WMAP5     	-220.0699	  46.7815	165.2314	10.0216	1177	0	279.1428	167.99895008784	+36.29368766595	13.3740
    2342	WMAP5     	-278.9884	  45.2868	159.7683	10.0209	1178	1	324.6711	170.77989194883	+29.47821756227	11.2759
    2343	WMAP5     	-284.6051	 -39.7287	101.4808	10.0198	1179	0	304.7570	187.94670795449	+19.45031846586	12.7051
    2344	WMAP5     	-179.5545	  -0.0672	225.7214	10.0192	1180	0	288.4267	180.02144937311	+51.49881591071	13.8128
    2345	WMAP5     	-105.0426	  86.4824	250.5385	10.0157	1181	0	285.1012	140.53509176606	+61.49439336812	13.7268
    2346	WMAP5     	-194.5579	 232.6564	108.4587	10.0149	1182	1	322.0948	129.90390759626	+19.67771848765	13.8379
    2347	WMAP5     	-272.0316	 131.1303	 94.5760	10.0005	1183	0	316.4505	154.26404535109	+17.38944745735	13.5044

