/*--------------------------------*- C++ -*----------------------------------*\
| =========                 |                                                 |
| \\      /  F ield         | OpenFOAM: The Open Source CFD Toolbox           |
|  \\    /   O peration     | Version:  2312                                  |
|   \\  /    A nd           | Website:  www.openfoam.com                      |
|    \\/     M anipulation  |                                                 |
\*---------------------------------------------------------------------------*/
FoamFile
{
    version     2.0;
    format      ascii;
    arch        "LSB;label=32;scalar=64";
    class       volVectorField;
    location    "0.501437";
    object      U;
}
// * * * * * * * * * * * * * * * * * * * * * * * * * * * * * * * * * * * * * //

dimensions      [0 1 -1 0 0 0 0];

internalField   nonuniform List<vector> 
20000
(
(1.5 -8.54227e-15 0)
(1.5 -5.27182e-14 0)
(1.5 3.01533e-14 0)
(1.5 7.49859e-14 0)
(1.5 8.85241e-14 0)
(1.5 3.55805e-14 0)
(1.5 7.99489e-14 0)
(1.5 3.15765e-14 0)
(1.5 -1.11428e-14 0)
(1.5 -2.08865e-14 0)
(1.5 1.26392e-15 0)
(1.5 -7.2212e-14 0)
(1.5 -3.09508e-14 0)
(1.5 -7.69169e-14 0)
(1.5 -1.20148e-13 0)
(1.5 -2.16479e-13 0)
(1.5 -2.40868e-13 0)
(1.5 -1.96501e-13 0)
(1.5 -1.45157e-13 0)
(1.5 -1.30545e-13 0)
(1.5 -1.36904e-13 0)
(1.5 -1.11831e-13 0)
(1.5 -6.67489e-14 0)
(1.5 -3.01714e-14 0)
(1.5 -6.37517e-14 0)
(1.5 -1.23861e-13 0)
(1.5 -1.79529e-13 0)
(1.5 -1.6785e-13 0)
(1.5 -1.45404e-13 0)
(1.5 -1.22226e-13 0)
(1.5 -6.61502e-14 0)
(1.5 -8.95267e-14 0)
(1.5 -1.91737e-13 0)
(1.5 -2.26142e-13 0)
(1.5 -1.69043e-13 0)
(1.5 -1.63406e-13 0)
(1.5 -2.07261e-13 0)
(1.5 -1.89123e-13 0)
(1.5 -1.25708e-13 0)
(1.5 -9.48942e-14 0)
(1.5 -6.57671e-14 0)
(1.5 -7.11428e-14 0)
(1.5 -6.31339e-14 0)
(1.5 -1.50528e-13 0)
(1.5 -1.56147e-13 0)
(1.5 -1.27785e-13 0)
(1.5 -9.29279e-14 0)
(1.5 -1.02603e-13 0)
(1.5 -1.12625e-13 0)
(1.5 -1.00233e-13 0)
(1.5 -1.03627e-13 0)
(1.5 -9.25209e-14 0)
(1.5 -1.8718e-13 0)
(1.5 -1.83521e-13 0)
(1.5 -1.74616e-13 0)
(1.5 -2.10985e-13 0)
(1.5 -2.41059e-13 0)
(1.5 -2.56948e-13 0)
(1.5 -2.34341e-13 0)
(1.5 -1.78361e-13 0)
(1.5 -2.14059e-13 0)
(1.5 -1.80897e-13 0)
(1.5 -2.07619e-13 0)
(1.5 -1.78477e-13 0)
(1.5 -1.69924e-13 0)
(1.5 -1.23384e-13 0)
(1.5 -1.71692e-13 0)
(1.5 -1.46429e-13 0)
(1.5 -1.20197e-13 0)
(1.5 -1.42496e-13 0)
(1.5 -2.17214e-13 0)
(1.5 -2.061e-13 0)
(1.5 -2.46503e-13 0)
(1.5 -2.60314e-13 0)
(1.5 -2.0027e-13 0)
(1.5 -2.6786e-13 0)
(1.5 -3.15603e-13 0)
(1.5 -2.83792e-13 0)
(1.5 -2.96499e-13 0)
(1.5 -2.43594e-13 0)
(1.5 -2.49465e-13 0)
(1.5 -2.56563e-13 0)
(1.5 -2.89881e-13 0)
(1.5 -2.33172e-13 0)
(1.5 -1.62183e-13 0)
(1.5 -2.03838e-13 0)
(1.5 -1.82021e-13 0)
(1.5 -1.36656e-13 0)
(1.5 -1.39329e-13 0)
(1.5 -4.70304e-14 0)
(1.5 3.22758e-14 0)
(1.5 -2.33779e-15 0)
(1.5 -6.88932e-14 0)
(1.5 -1.60381e-13 0)
(1.5 -2.43799e-13 0)
(1.5 -2.35854e-13 0)
(1.5 -1.28298e-13 0)
(1.5 9.6068e-15 0)
(1.5 1.77884e-14 0)
(1.5 1.70901e-14 0)
(1.5 2.23118e-14 0)
(1.5 -1.04792e-13 0)
(1.5 -6.54141e-14 0)
(1.5 -6.88768e-14 0)
(1.5 2.37703e-15 0)
(1.5 2.82794e-14 0)
(1.5 3.66769e-14 0)
(1.5 -3.08421e-14 0)
(1.5 -1.54267e-13 0)
(1.5 -1.75333e-13 0)
(1.5 -2.69987e-13 0)
(1.5 -3.08217e-13 0)
(1.5 -1.92354e-13 0)
(1.5 -7.54126e-14 0)
(1.5 -2.47985e-14 0)
(1.5 3.77892e-14 0)
(1.5 3.27208e-14 0)
(1.5 1.13097e-14 0)
(1.5 -5.35857e-14 0)
(1.5 -9.0432e-14 0)
(1.5 -8.40989e-14 0)
(1.5 -1.9104e-14 0)
(1.5 -8.56166e-14 0)
(1.5 -1.12214e-13 0)
(1.5 -1.62241e-13 0)
(1.5 -1.10974e-13 0)
(1.5 -1.57915e-13 0)
(1.5 -1.00771e-13 0)
(1.5 2.8142e-14 0)
(1.5 4.21337e-14 0)
(1.5 -3.42841e-14 0)
(1.5 -8.43477e-14 0)
(1.5 -2.60942e-14 0)
(1.5 -5.08996e-14 0)
(1.5 -7.40309e-14 0)
(1.5 -6.03985e-15 0)
(1.5 3.02219e-14 0)
(1.5 7.24109e-14 0)
(1.5 8.11114e-14 0)
(1.5 8.30272e-14 0)
(1.5 2.95176e-14 0)
(1.5 5.25014e-15 0)
(1.5 5.22974e-14 0)
(1.5 1.0149e-13 0)
(1.5 3.2203e-14 0)
(1.5 -4.66873e-14 0)
(1.5 -5.65483e-14 0)
(1.5 -1.12193e-14 0)
(1.5 -2.16675e-14 0)
(1.5 9.40503e-15 0)
(1.5 -5.68528e-15 0)
(1.5 -3.6695e-14 0)
(1.5 -1.57822e-13 0)
(1.5 -2.09573e-13 0)
(1.5 -1.90195e-13 0)
(1.5 -1.85582e-13 0)
(1.5 -1.66364e-13 0)
(1.5 -9.31307e-14 0)
(1.5 -5.30997e-14 0)
(1.5 -6.75344e-14 0)
(1.5 -1.07328e-13 0)
(1.5 -1.25653e-13 0)
(1.5 -7.77635e-14 0)
(1.5 1.56944e-14 0)
(1.5 5.08715e-14 0)
(1.5 -6.38616e-15 0)
(1.5 4.1897e-14 0)
(1.5 -4.71251e-14 0)
(1.5 -7.02642e-14 0)
(1.5 -8.01027e-14 0)
(1.5 -3.02494e-14 0)
(1.5 -1.79578e-14 0)
(1.5 4.03892e-14 0)
(1.5 -7.8246e-14 0)
(1.5 -1.9097e-13 0)
(1.5 -1.97442e-13 0)
(1.5 -1.35796e-13 0)
(1.5 -5.0884e-14 0)
(1.5 -9.67124e-14 0)
(1.5 -1.17046e-13 0)
(1.5 -8.26848e-14 0)
(1.5 -5.45007e-14 0)
(1.5 -1.22412e-13 0)
(1.5 -1.39951e-13 0)
(1.5 -1.30882e-13 0)
(1.5 -1.68579e-13 0)
(1.5 -1.79804e-13 0)
(1.5 -1.78203e-13 0)
(1.5 -1.31641e-13 0)
(1.5 -1.35856e-13 0)
(1.5 -1.32575e-13 0)
(1.5 -6.89642e-14 0)
(1.5 -3.13293e-14 0)
(1.5 -7.35927e-14 0)
(1.5 -3.76145e-14 0)
(1.5 3.62835e-14 0)
(1.5 1.04205e-13 0)
(1.5 1.58517e-13 0)
(1.5 9.21381e-14 0)
(1.5 -3.28695e-14 0)
(1.5 -2.64312e-14 0)
(1.5 -8.64469e-14 0)
(1.5 8.35903e-14 0)
(1.5 1.57685e-13 0)
(1.5 8.56303e-14 0)
(1.5 3.73505e-14 0)
(1.5 8.11187e-14 0)
(1.5 -1.17422e-14 0)
(1.5 -3.51032e-14 0)
(1.5 -8.54648e-15 0)
(1.5 -3.82575e-14 0)
(1.5 -1.10163e-13 0)
(1.5 -8.89559e-14 0)
(1.5 -1.27943e-13 0)
(1.5 -1.38752e-13 0)
(1.5 -2.11204e-13 0)
(1.5 -2.87479e-13 0)
(1.5 -2.22508e-13 0)
(1.5 -2.07627e-13 0)
(1.5 -1.24213e-13 0)
(1.5 -9.32826e-14 0)
(1.5 -1.23206e-15 0)
(1.5 9.60746e-14 0)
(1.5 1.23294e-13 0)
(1.5 4.14511e-14 0)
(1.5 -4.32268e-14 0)
(1.5 -1.33168e-13 0)
(1.5 -4.61518e-14 0)
(1.5 -4.98479e-14 0)
(1.5 -3.80623e-14 0)
(1.5 -5.45397e-15 0)
(1.5 -4.67986e-14 0)
(1.5 -1.56946e-13 0)
(1.5 -2.00753e-13 0)
(1.5 -1.57003e-13 0)
(1.5 -1.71829e-13 0)
(1.5 -1.7156e-13 0)
(1.5 -1.0931e-13 0)
(1.5 -3.60572e-14 0)
(1.5 4.00216e-14 0)
(1.5 7.16199e-14 0)
(1.5 1.0937e-14 0)
(1.5 -6.18835e-14 0)
(1.5 -1.95398e-13 0)
(1.5 -1.565e-13 0)
(1.5 -8.86728e-14 0)
(1.5 -4.69132e-14 0)
(1.5 -8.04598e-14 0)
(1.5 -8.69603e-14 0)
(1.5 -5.11537e-14 0)
(1.5 -6.70534e-14 0)
(1.5 -5.92089e-14 0)
(1.5 -1.7741e-13 0)
(1.5 -1.52111e-13 0)
(1.5 -1.29365e-13 0)
(1.5 -9.38384e-14 0)
(1.5 -1.8187e-13 0)
(1.5 -1.74956e-13 0)
(1.5 -1.71038e-13 0)
(1.5 -1.82317e-13 0)
(1.5 -1.80386e-13 0)
(1.5 -1.22563e-13 0)
(1.5 -1.72993e-13 0)
(1.5 -9.32388e-14 0)
(1.5 -6.24263e-14 0)
(1.5 -8.40431e-14 0)
(1.5 -1.31741e-13 0)
(1.5 -5.75308e-14 0)
(1.5 -4.42863e-14 0)
(1.5 -1.16254e-13 0)
(1.5 -2.59645e-13 0)
(1.5 -2.36432e-13 0)
(1.5 -2.16524e-13 0)
(1.5 -2.50357e-13 0)
(1.5 -2.38755e-13 0)
(1.5 -3.45585e-13 0)
(1.5 -3.47449e-13 0)
(1.5 -2.31097e-13 0)
(1.5 -2.38519e-13 0)
(1.5 -2.20806e-13 0)
(1.5 -2.83613e-13 0)
(1.5 -3.03052e-13 0)
(1.5 -2.61861e-13 0)
(1.5 -2.00104e-13 0)
(1.5 -1.68643e-13 0)
(1.5 -2.0306e-13 0)
(1.5 -2.12217e-13 0)
(1.5 -1.50026e-13 0)
(1.5 -1.42086e-13 0)
(1.5 -5.58251e-14 0)
(1.5 1.08188e-13 0)
(1.5 1.20414e-13 0)
(1.5 -2.80468e-14 0)
(1.5 -1.48505e-13 0)
(1.5 -1.83651e-13 0)
(1.5 -1.49675e-13 0)
(1.5 -1.07111e-13 0)
(1.5 -5.20062e-15 0)
(1.5 1.5532e-14 0)
(1.5 5.61565e-14 0)
(1.5 6.19212e-14 0)
(1.5 -1.05889e-13 0)
(1.5 -9.41893e-14 0)
(1.5 -7.2141e-14 0)
(1.5 2.2354e-14 0)
(1.5 3.93015e-14 0)
(1.5 3.21916e-14 0)
(1.5 -7.27305e-15 0)
(1.5 -1.66237e-13 0)
(1.5 -2.10682e-13 0)
(1.5 -2.75387e-13 0)
(1.5 -3.36637e-13 0)
(1.5 -2.4282e-13 0)
(1.5 -1.13406e-13 0)
(1.5 -7.52584e-14 0)
(1.5 5.54328e-14 0)
(1.5 4.15836e-14 0)
(1.5 -1.07668e-14 0)
(1.5 -1.16158e-13 0)
(1.5 -1.28792e-13 0)
(1.5 -5.57469e-14 0)
(1.5 -1.41021e-14 0)
(1.5 -1.12505e-13 0)
(1.5 -1.07201e-13 0)
(1.5 -1.67969e-13 0)
(1.5 -9.20469e-14 0)
(1.5 -1.60101e-13 0)
(1.5 -6.9309e-14 0)
(1.5 5.97293e-14 0)
(1.5 9.79354e-15 0)
(1.5 -3.90082e-14 0)
(1.5 -1.09646e-13 0)
(1.5 2.32366e-14 0)
(1.5 -1.9164e-14 0)
(1.5 -2.924e-14 0)
(1.5 5.95264e-14 0)
(1.5 1.21299e-13 0)
(1.5 1.61253e-13 0)
(1.5 1.10801e-13 0)
(1.5 8.51686e-14 0)
(1.5 -1.38856e-14 0)
(1.5 -8.76964e-14 0)
(1.5 -2.07632e-14 0)
(1.5 4.68881e-14 0)
(1.5 -1.00188e-14 0)
(1.5 -1.08122e-14 0)
(1.5 2.76571e-14 0)
(1.5 3.8074e-14 0)
(1.5 -2.35307e-14 0)
(1.5 -2.97069e-15 0)
(1.5 -1.33445e-14 0)
(1.5 -7.60502e-14 0)
(1.5 -2.0708e-13 0)
(1.5 -3.02257e-13 0)
(1.5 -2.66774e-13 0)
(1.5 -1.20775e-13 0)
(1.5 -8.51542e-14 0)
(1.5 1.31488e-15 0)
(1.5 -1.6693e-14 0)
(1.5 -2.19448e-14 0)
(1.5 -5.91711e-14 0)
(1.5 -1.18347e-13 0)
(1.5 -4.74976e-14 0)
(1.5 7.31027e-15 0)
(1.5 5.95555e-14 0)
(1.5 2.32888e-14 0)
(1.5 9.21046e-15 0)
(1.5 -8.54312e-14 0)
(1.5 -1.22897e-13 0)
(1.5 -1.14302e-13 0)
(1.5 -2.52702e-14 0)
(1.5 -6.3401e-14 0)
(1.5 1.24807e-14 0)
(1.5 -1.48146e-13 0)
(1.5 -2.50415e-13 0)
(1.5 -3.04322e-13 0)
(1.5 -2.77302e-13 0)
(1.5 -8.82474e-14 0)
(1.5 -1.06356e-13 0)
(1.5 -6.63315e-14 0)
(1.5 1.51899e-14 0)
(1.5 3.5305e-14 0)
(1.5 8.99425e-15 0)
(1.5 1.53702e-14 0)
(1.5 -1.64074e-14 0)
(1.5 -9.81929e-14 0)
(1.5 -1.69199e-13 0)
(1.5 -1.65998e-13 0)
(1.5 -2.02701e-13 0)
(1.5 -1.29561e-13 0)
(1.5 -3.18496e-14 0)
(1.5 3.97538e-14 0)
(1.5 4.06305e-14 0)
(1.5 -3.64321e-14 0)
(1.5 -2.03899e-14 0)
(1.5 3.60817e-14 0)
(1.5 3.08685e-14 0)
(1.5 3.30157e-14 0)
(1.5 -6.5877e-14 0)
(1.5 -1.61987e-13 0)
(1.5 2.22956e-14 0)
(1.5 -4.24429e-14 0)
(1.5 -2.3469e-16 0)
(1.5 6.57823e-14 0)
(1.5 -1.46273e-14 0)
(1.5 -4.51883e-15 0)
(1.5 1.5642e-14 0)
(1.5 -3.01324e-14 0)
(1.5 7.2559e-15 0)
(1.5 1.79495e-15 0)
(1.5 -8.74158e-14 0)
(1.5 -1.14643e-13 0)
(1.5 -1.08576e-13 0)
(1.5 -8.526e-14 0)
(1.5 -8.5781e-14 0)
(1.5 -7.8424e-14 0)
(1.5 -2.0088e-13 0)
(1.5 -1.98566e-13 0)
(1.5 -1.96613e-13 0)
(1.5 -7.30482e-14 0)
(1.5 4.5454e-15 0)
(1.5 9.05083e-14 0)
(1.5 1.8473e-13 0)
(1.5 1.39411e-13 0)
(1.5 4.64093e-14 0)
(1.5 -1.26767e-14 0)
(1.5 -8.71596e-14 0)
(1.5 -1.48639e-14 0)
(1.5 -3.32232e-14 0)
(1.5 -5.06284e-14 0)
(1.5 -5.12879e-14 0)
(1.5 -4.54613e-14 0)
(1.5 -1.24603e-13 0)
(1.5 -1.54008e-13 0)
(1.5 -1.86006e-13 0)
(1.5 -1.79095e-13 0)
(1.5 -1.35526e-13 0)
(1.5 -5.76668e-14 0)
(1.5 4.15379e-14 0)
(1.5 1.68259e-13 0)
(1.5 1.75059e-13 0)
(1.5 1.35571e-14 0)
(1.5 -1.34411e-13 0)
(1.5 -2.1423e-13 0)
(1.5 -1.9823e-13 0)
(1.5 -1.52161e-13 0)
(1.5 -1.07413e-13 0)
(1.5 -1.15734e-13 0)
(1.5 -1.09208e-13 0)
(1.5 -5.72751e-14 0)
(1.5 -6.28666e-14 0)
(1.5 -6.80671e-14 0)
(1.5 -1.48656e-13 0)
(1.5 -1.52999e-13 0)
(1.5 -9.91196e-14 0)
(1.5 3.1553e-15 0)
(1.5 -7.07617e-14 0)
(1.5 -1.14009e-13 0)
(1.5 -1.51466e-13 0)
(1.5 -2.50934e-13 0)
(1.5 -1.57932e-13 0)
(1.5 -9.6807e-14 0)
(1.5 -1.46749e-13 0)
(1.5 -7.43218e-14 0)
(1.5 6.06074e-15 0)
(1.5 -9.64964e-14 0)
(1.5 -1.11808e-13 0)
(1.5 -6.49855e-14 0)
(1.5 -5.92128e-14 0)
(1.5 -1.14749e-13 0)
(1.5 -1.81562e-13 0)
(1.5 -1.74102e-13 0)
(1.5 -1.23334e-13 0)
(1.5 -1.51687e-13 0)
(1.5 -2.17426e-13 0)
(1.5 -2.96949e-13 0)
(1.5 -2.29477e-13 0)
(1.5 -9.04951e-14 0)
(1.5 -7.91338e-14 0)
(1.5 -1.01814e-13 0)
(1.5 -2.01936e-13 0)
(1.5 -2.36285e-13 0)
(1.5 -1.63054e-13 0)
(1.5 -1.44577e-13 0)
(1.5 -1.39378e-13 0)
(1.5 -1.73306e-13 0)
(1.5 -2.19085e-13 0)
(1.5 -1.31507e-13 0)
(1.5 -6.52562e-14 0)
(1.5 -5.43098e-15 0)
(1.5 1.83855e-13 0)
(1.5 1.91008e-13 0)
(1.5 4.00761e-14 0)
(1.5 -7.63238e-14 0)
(1.5 -1.29931e-13 0)
(1.5 -1.01182e-13 0)
(1.5 -1.80808e-13 0)
(1.5 -1.4038e-13 0)
(1.5 -1.36135e-14 0)
(1.5 1.06165e-13 0)
(1.5 1.0712e-13 0)
(1.5 -7.58405e-14 0)
(1.5 -2.21781e-13 0)
(1.5 -1.91712e-13 0)
(1.5 -1.69684e-13 0)
(1.5 -7.59646e-14 0)
(1.5 -1.84655e-14 0)
(1.5 3.04259e-14 0)
(1.5 -4.95763e-14 0)
(1.5 -1.08761e-13 0)
(1.5 -5.9569e-14 0)
(1.5 -1.54136e-13 0)
(1.5 -2.46076e-13 0)
(1.5 -2.21046e-13 0)
(1.5 -1.94777e-13 0)
(1.5 5.33805e-15 0)
(1.5 7.45165e-15 0)
(1.5 -6.10011e-14 0)
(1.5 -1.89184e-13 0)
(1.5 -2.08297e-13 0)
(1.5 -1.16927e-13 0)
(1.5 -1.34684e-13 0)
(1.5 -1.64282e-13 0)
(1.5 -1.64664e-13 0)
(1.5 -1.41906e-13 0)
(1.5 -7.97473e-14 0)
(1.5 -9.71966e-14 0)
(1.5 -3.19998e-14 0)
(1.5 5.07406e-14 0)
(1.5 -1.18166e-14 0)
(1.5 1.33782e-14 0)
(1.5 -2.86918e-14 0)
(1.5 9.56198e-14 0)
(1.5 1.49592e-14 0)
(1.5 -3.65822e-16 0)
(1.5 6.9781e-14 0)
(1.5 1.41944e-13 0)
(1.5 1.89147e-13 0)
(1.5 1.61767e-13 0)
(1.5 1.41475e-13 0)
(1.5 -2.42538e-14 0)
(1.5 -8.04692e-14 0)
(1.5 -2.89969e-14 0)
(1.5 3.09031e-14 0)
(1.5 8.522e-14 0)
(1.5 1.97366e-13 0)
(1.5 2.87305e-13 0)
(1.5 1.7071e-13 0)
(1.5 1.18637e-14 0)
(1.5 -3.40149e-14 0)
(1.5 -1.4905e-14 0)
(1.5 -7.0393e-14 0)
(1.5 -1.482e-13 0)
(1.5 -2.8003e-13 0)
(1.5 -2.15148e-13 0)
(1.5 4.8432e-14 0)
(1.5 7.02942e-14 0)
(1.5 6.29643e-14 0)
(1.5 3.4584e-14 0)
(1.5 4.11596e-14 0)
(1.5 3.82465e-14 0)
(1.5 9.8265e-15 0)
(1.5 4.40092e-14 0)
(1.5 6.84114e-14 0)
(1.5 7.45481e-14 0)
(1.5 7.64863e-14 0)
(1.5 -8.74005e-15 0)
(1.5 -9.38563e-14 0)
(1.5 -2.14136e-13 0)
(1.5 -2.459e-13 0)
(1.5 -1.77418e-13 0)
(1.5 -1.91477e-13 0)
(1.5 -1.22773e-13 0)
(1.5 -1.87996e-13 0)
(1.5 -1.88743e-13 0)
(1.5 -2.73215e-13 0)
(1.5 -2.53226e-13 0)
(1.5 -6.1596e-14 0)
(1.5 -5.66031e-14 0)
(1.5 9.73158e-14 0)
(1.5 1.89286e-13 0)
(1.5 2.05885e-13 0)
(1.5 3.02372e-13 0)
(1.5 2.80947e-13 0)
(1.5 1.38184e-13 0)
(1.5 -2.16788e-15 0)
(1.5 -1.68036e-13 0)
(1.5 -1.46263e-13 0)
(1.5 -1.81249e-13 0)
(1.5 -7.14559e-14 0)
(1.5 7.54849e-14 0)
(1.5 5.636e-14 0)
(1.5 9.57298e-15 0)
(1.5 -6.15937e-14 0)
(1.5 -4.18774e-14 0)
(1.5 -2.02888e-14 0)
(1.5 -9.88115e-14 0)
(1.5 -1.08989e-13 0)
(1.5 -1.88685e-13 0)
(1.5 -2.93444e-13 0)
(1.5 6.34393e-14 0)
(1.5 2.9168e-14 0)
(1.5 -6.68285e-14 0)
(1.5 -5.17073e-14 0)
(1.5 -1.01444e-13 0)
(1.5 -1.30545e-13 0)
(1.5 -1.24356e-13 0)
(1.5 -8.3636e-14 0)
(1.5 9.12055e-15 0)
(1.5 1.04176e-14 0)
(1.5 -5.73516e-14 0)
(1.5 -1.16078e-14 0)
(1.5 8.63671e-14 0)
(1.5 1.11699e-13 0)
(1.5 4.99404e-14 0)
(1.5 -4.37802e-14 0)
(1.5 -1.28522e-13 0)
(1.5 -1.76699e-13 0)
(1.5 -8.79061e-14 0)
(1.5 -1.5796e-14 0)
(1.5 -2.34108e-14 0)
(1.5 -1.1777e-14 0)
(1.5 1.85024e-14 0)
(1.5 -7.05966e-14 0)
(1.5 -8.7796e-14 0)
(1.5 -1.35088e-13 0)
(1.5 -1.27637e-13 0)
(1.5 -8.99749e-14 0)
(1.5 -7.87505e-14 0)
(1.5 -6.16884e-14 0)
(1.5 -4.65814e-14 0)
(1.5 -1.43626e-14 0)
(1.5 -9.19101e-14 0)
(1.5 -9.97185e-14 0)
(1.5 -1.85983e-13 0)
(1.5 -1.14224e-13 0)
(1.5 -7.66486e-14 0)
(1.5 3.75724e-14 0)
(1.5 1.37679e-13 0)
(1.5 2.26613e-13 0)
(1.5 2.13619e-13 0)
(1.5 6.0803e-14 0)
(1.5 -1.28273e-13 0)
(1.5 -1.28527e-13 0)
(1.5 -1.53755e-13 0)
(1.5 -1.71454e-13 0)
(1.5 -1.4685e-13 0)
(1.5 -7.59164e-14 0)
(1.5 -7.61285e-14 0)
(1.5 -5.04351e-14 0)
(1.5 1.00531e-14 0)
(1.5 -4.47793e-14 0)
(1.5 -5.86454e-14 0)
(1.5 -8.76665e-14 0)
(1.5 -6.76544e-14 0)
(1.5 -2.6236e-14 0)
(1.5 -1.09768e-14 0)
(1.5 -1.53324e-13 0)
(1.5 -1.22597e-13 0)
(1.5 -1.30164e-13 0)
(1.5 -2.13733e-14 0)
(1.5 1.49475e-14 0)
(1.5 -4.69817e-15 0)
(1.5 -1.14177e-14 0)
(1.5 8.43859e-14 0)
(1.5 5.08215e-14 0)
(1.5 3.58112e-14 0)
(1.5 -4.59251e-14 0)
(1.5 -5.88222e-14 0)
(1.5 -2.91719e-14 0)
(1.5 -1.97709e-14 0)
(1.5 -5.7135e-14 0)
(1.5 -5.14771e-14 0)
(1.5 -9.32098e-14 0)
(1.5 -2.17525e-13 0)
(1.5 -2.254e-13 0)
(1.5 -2.1765e-13 0)
(1.5 -8.58015e-14 0)
(1.5 -1.38177e-14 0)
(1.5 -1.87742e-14 0)
(1.5 -5.20378e-14 0)
(1.5 -1.24025e-13 0)
(1.5 -1.38224e-13 0)
(1.5 -1.44052e-13 0)
(1.5 -6.83641e-14 0)
(1.5 -1.1897e-13 0)
(1.5 -1.15877e-13 0)
(1.5 -6.86014e-14 0)
(1.5 3.12097e-14 0)
(1.5 8.8405e-14 0)
(1.5 1.39338e-13 0)
(1.5 9.48026e-14 0)
(1.5 1.58535e-15 0)
(1.5 -9.4037e-14 0)
(1.5 -1.85408e-13 0)
(1.5 -2.07724e-13 0)
(1.5 -2.23686e-13 0)
(1.5 -1.86747e-13 0)
(1.5 -1.25903e-13 0)
(1.5 -6.69359e-14 0)
(1.5 -5.49894e-14 0)
(1.5 -1.25378e-13 0)
(1.5 -2.74707e-13 0)
(1.5 -3.04788e-13 0)
(1.5 -2.89473e-13 0)
(1.5 -1.74208e-13 0)
(1.5 -7.23776e-14 0)
(1.5 -1.08485e-13 0)
(1.5 -1.31723e-13 0)
(1.5 -1.42854e-13 0)
(1.5 -1.1842e-13 0)
(1.5 -1.96887e-13 0)
(1.5 -3.49046e-13 0)
(1.5 -3.24989e-13 0)
(1.5 -2.62054e-13 0)
(1.5 -1.36516e-13 0)
(1.5 -2.00719e-13 0)
(1.5 -3.01123e-13 0)
(1.5 -2.94426e-13 0)
(1.5 -2.5983e-13 0)
(1.5 -2.46339e-13 0)
(1.5 -1.94111e-13 0)
(1.5 -1.55306e-13 0)
(1.5 -2.28889e-13 0)
(1.5 -8.49626e-14 0)
(1.5 -4.65953e-14 0)
(1.5 -5.97572e-14 0)
(1.5 -7.64411e-14 0)
(1.5 5.34967e-14 0)
(1.5 7.1289e-14 0)
(1.5 1.40921e-13 0)
(1.5 1.0904e-13 0)
(1.5 1.38687e-13 0)
(1.5 8.47025e-14 0)
(1.5 1.73032e-14 0)
(1.5 6.14236e-14 0)
(1.5 9.94399e-14 0)
(1.5 1.67862e-13 0)
(1.5 1.46668e-13 0)
(1.5 1.3802e-13 0)
(1.5 -2.68478e-15 0)
(1.5 -3.63127e-14 0)
(1.5 4.71122e-14 0)
(1.5 1.78174e-14 0)
(1.5 5.35905e-14 0)
(1.5 1.58213e-13 0)
(1.5 2.60083e-13 0)
(1.5 1.67482e-13 0)
(1.5 -1.73311e-14 0)
(1.5 -1.25477e-13 0)
(1.5 -1.59591e-13 0)
(1.5 -1.30343e-13 0)
(1.5 -8.76342e-14 0)
(1.5 -1.67229e-13 0)
(1.5 -8.31356e-14 0)
(1.5 3.68184e-14 0)
(1.5 -3.44689e-14 0)
(1.5 -9.38413e-14 0)
(1.5 -4.38794e-14 0)
(1.5 8.37953e-15 0)
(1.5 1.95445e-14 0)
(1.5 1.85606e-14 0)
(1.5 6.92492e-14 0)
(1.5 8.0095e-14 0)
(1.5 9.78772e-14 0)
(1.5 1.04e-13 0)
(1.5 1.04683e-14 0)
(1.5 -9.91186e-14 0)
(1.5 -3.12308e-13 0)
(1.5 -4.02709e-13 0)
(1.5 -4.17118e-13 0)
(1.5 -4.09296e-13 0)
(1.5 -3.42461e-13 0)
(1.5 -2.50141e-13 0)
(1.5 -2.02181e-13 0)
(1.5 -2.27647e-13 0)
(1.5 -1.85538e-13 0)
(1.5 -1.19929e-13 0)
(1.5 -1.42198e-13 0)
(1.5 7.71687e-15 0)
(1.5 1.20491e-13 0)
(1.5 2.0835e-13 0)
(1.5 3.07316e-13 0)
(1.5 2.27305e-13 0)
(1.5 1.0332e-13 0)
(1.5 -3.73982e-14 0)
(1.5 -1.98927e-13 0)
(1.5 -2.28249e-13 0)
(1.5 -2.12578e-13 0)
(1.5 -1.39834e-13 0)
(1.5 -6.29813e-14 0)
(1.5 -1.60416e-13 0)
(1.5 -1.68568e-13 0)
(1.5 -2.38246e-13 0)
(1.5 -1.88014e-13 0)
(1.5 -1.05422e-13 0)
(1.5 -1.4766e-13 0)
(1.5 -6.54921e-14 0)
(1.5 -6.75257e-14 0)
(1.5 -2.27738e-13 0)
(1.5 -5.67472e-14 0)
(1.5 -6.18658e-14 0)
(1.5 -4.58498e-14 0)
(1.5 -5.05679e-14 0)
(1.5 -9.00669e-14 0)
(1.5 -1.63926e-13 0)
(1.5 -1.66028e-13 0)
(1.5 -1.21828e-13 0)
(1.5 -1.0272e-13 0)
(1.5 -9.05452e-14 0)
(1.5 -1.04878e-13 0)
(1.5 6.84151e-14 0)
(1.5 1.97528e-13 0)
(1.5 1.75025e-13 0)
(1.5 9.09924e-14 0)
(1.5 -8.95414e-14 0)
(1.5 -8.28384e-14 0)
(1.5 -1.14409e-13 0)
(1.5 -6.58691e-14 0)
(1.5 -9.41031e-15 0)
(1.5 -8.27635e-14 0)
(1.5 -1.13196e-13 0)
(1.5 -1.37126e-13 0)
(1.5 -1.73364e-13 0)
(1.5 -1.55244e-13 0)
(1.5 -1.94343e-13 0)
(1.5 -1.56064e-13 0)
(1.5 -1.48418e-13 0)
(1.5 -1.32094e-13 0)
(1.5 -6.68221e-14 0)
(1.5 -6.92743e-14 0)
(1.5 -4.40101e-14 0)
(1.5 -5.73892e-14 0)
(1.5 -6.80382e-14 0)
(1.5 -1.39004e-13 0)
(1.5 -7.64841e-14 0)
(1.5 -3.38622e-14 0)
(1.5 1.52962e-13 0)
(1.5 2.17764e-13 0)
(1.5 2.23722e-13 0)
(1.5 1.57597e-13 0)
(1.5 1.30389e-13 0)
(1.5 -4.76428e-14 0)
(1.5 -4.13205e-14 0)
(1.5 -1.31209e-13 0)
(1.5 -1.22724e-13 0)
(1.5 -4.41314e-14 0)
(1.5 7.7876e-14 0)
(1.5 4.03441e-14 0)
(1.5 -2.05347e-14 0)
(1.5 6.92253e-14 0)
(1.5 -5.54509e-15 0)
(1.5 6.69683e-14 0)
(1.5 7.16959e-14 0)
(1.5 3.05346e-15 0)
(1.5 -3.49885e-15 0)
(1.5 4.05223e-14 0)
(1.5 -8.75363e-14 0)
(1.5 3.13814e-14 0)
(1.5 1.1376e-13 0)
(1.5 2.20185e-13 0)
(1.5 1.82774e-13 0)
(1.5 1.41655e-13 0)
(1.5 1.22005e-13 0)
(1.5 1.90942e-13 0)
(1.5 1.89256e-13 0)
(1.5 1.57537e-13 0)
(1.5 8.66558e-14 0)
(1.5 7.33528e-15 0)
(1.5 1.07158e-13 0)
(1.5 1.5148e-13 0)
(1.5 9.24653e-14 0)
(1.5 3.20746e-14 0)
(1.5 -4.4045e-14 0)
(1.5 -1.86211e-13 0)
(1.5 -1.32882e-13 0)
(1.5 -2.10467e-13 0)
(1.5 -1.37141e-13 0)
(1.5 -3.76883e-14 0)
(1.5 -3.26212e-14 0)
(1.5 3.38731e-14 0)
(1.5 -2.80416e-14 0)
(1.5 -9.13135e-14 0)
(1.5 -7.76271e-14 0)
(1.5 1.39758e-14 0)
(1.5 1.40939e-14 0)
(1.5 5.68177e-14 0)
(1.5 -6.83181e-15 0)
(1.5 -1.47924e-14 0)
(1.5 -4.32477e-14 0)
(1.5 -1.28112e-13 0)
(1.5 -1.08129e-13 0)
(1.5 -1.03043e-13 0)
(1.5 -3.95345e-14 0)
(1.5 -1.10748e-13 0)
(1.5 -2.17268e-13 0)
(1.5 -1.74446e-13 0)
(1.5 -1.84285e-13 0)
(1.5 -2.10451e-13 0)
(1.5 -2.19692e-13 0)
(1.5 -1.94395e-13 0)
(1.5 -6.08343e-14 0)
(1.5 -3.4258e-14 0)
(1.5 -8.12815e-14 0)
(1.5 -1.0173e-13 0)
(1.5 -1.01861e-13 0)
(1.5 -6.06775e-14 0)
(1.5 -2.36619e-13 0)
(1.5 -2.39476e-13 0)
(1.5 -2.63679e-13 0)
(1.5 -3.54536e-13 0)
(1.5 -3.78476e-13 0)
(1.5 -4.39995e-13 0)
(1.5 -4.3819e-13 0)
(1.5 -3.53082e-13 0)
(1.5 -3.19786e-13 0)
(1.5 -3.63723e-13 0)
(1.5 -4.41851e-13 0)
(1.5 -2.73781e-13 0)
(1.5 -1.173e-13 0)
(1.5 -1.6217e-13 0)
(1.5 -6.16821e-14 0)
(1.5 -4.23685e-15 0)
(1.5 -1.78893e-14 0)
(1.5 5.9126e-14 0)
(1.5 1.60831e-14 0)
(1.5 -1.40136e-14 0)
(1.5 -7.98338e-14 0)
(1.5 -1.54594e-14 0)
(1.5 5.25376e-14 0)
(1.5 1.80278e-13 0)
(1.5 1.66705e-13 0)
(1.5 9.39957e-14 0)
(1.5 1.23175e-13 0)
(1.5 9.746e-14 0)
(1.5 9.30999e-14 0)
(1.5 6.34805e-14 0)
(1.5 1.09139e-13 0)
(1.5 3.24145e-14 0)
(1.5 -1.13453e-14 0)
(1.5 -2.49013e-14 0)
(1.5 -3.40743e-14 0)
(1.5 -2.80248e-14 0)
(1.5 -1.04339e-13 0)
(1.5 -1.11419e-13 0)
(1.5 -6.23464e-14 0)
(1.5 5.5483e-14 0)
(1.5 3.45362e-14 0)
(1.5 -2.60658e-14 0)
(1.5 -3.95027e-14 0)
(1.5 -1.58104e-13 0)
(1.5 -1.41145e-13 0)
(1.5 -7.04839e-14 0)
(1.5 -1.00127e-13 0)
(1.5 -1.75982e-13 0)
(1.5 -1.89804e-13 0)
(1.5 -2.7085e-13 0)
(1.5 -2.38813e-13 0)
(1.5 -9.80611e-14 0)
(1.5 1.59808e-14 0)
(1.5 4.24371e-14 0)
(1.5 -1.42711e-14 0)
(1.5 4.14764e-14 0)
(1.5 3.24198e-14 0)
(1.5 1.32982e-14 0)
(1.5 5.56986e-14 0)
(1.5 -9.55874e-14 0)
(1.5 -1.81566e-13 0)
(1.5 -3.28643e-13 0)
(1.5 -4.16713e-13 0)
(1.5 -4.22473e-13 0)
(1.5 -4.62047e-13 0)
(1.5 -3.95328e-13 0)
(1.5 -2.01579e-13 0)
(1.5 -1.6447e-13 0)
(1.5 -1.34705e-13 0)
(1.5 -2.39153e-13 0)
(1.5 -2.88679e-13 0)
(1.5 -2.9598e-13 0)
(1.5 -2.92084e-13 0)
(1.5 -1.69767e-13 0)
(1.5 8.08341e-15 0)
(1.5 3.79139e-14 0)
(1.5 1.10665e-14 0)
(1.5 5.17719e-14 0)
(1.5 -6.52766e-14 0)
(1.5 -1.23521e-13 0)
(1.5 -1.69362e-13 0)
(1.5 -1.71111e-13 0)
(1.5 -1.37949e-13 0)
(1.5 -8.08117e-14 0)
(1.5 -2.20305e-13 0)
(1.5 -3.08502e-13 0)
(1.5 -3.64916e-13 0)
(1.5 -2.91291e-13 0)
(1.5 -1.36254e-13 0)
(1.5 -1.36573e-13 0)
(1.5 -5.4649e-14 0)
(1.5 3.22986e-14 0)
(1.5 -6.29971e-14 0)
(1.5 -1.06769e-13 0)
(1.5 -1.26097e-13 0)
(1.5 -5.13673e-14 0)
(1.5 -1.62125e-14 0)
(1.5 -3.44778e-14 0)
(1.5 -5.186e-14 0)
(1.5 -4.39364e-14 0)
(1.5 -3.7236e-14 0)
(1.5 -9.04996e-14 0)
(1.5 -7.44459e-14 0)
(1.5 -6.92776e-14 0)
(1.5 7.45092e-14 0)
(1.5 1.0648e-13 0)
(1.5 9.92918e-14 0)
(1.5 6.29446e-14 0)
(1.5 -2.60836e-15 0)
(1.5 1.11291e-13 0)
(1.5 5.52516e-14 0)
(1.5 -5.63304e-14 0)
(1.5 -5.75212e-14 0)
(1.5 -1.31331e-13 0)
(1.5 -1.99392e-13 0)
(1.5 -2.6084e-13 0)
(1.5 -2.16652e-13 0)
(1.5 -2.27765e-13 0)
(1.5 -2.31426e-13 0)
(1.5 -2.54429e-13 0)
(1.5 -3.34462e-13 0)
(1.5 -3.05289e-13 0)
(1.5 -2.46008e-13 0)
(1.5 -2.7484e-13 0)
(1.5 -2.26427e-13 0)
(1.5 -2.02537e-13 0)
(1.5 -1.83058e-13 0)
(1.5 -1.51587e-13 0)
(1.5 -1.5806e-13 0)
(1.5 -1.53713e-13 0)
(1.5 2.28776e-14 0)
(1.5 7.62867e-14 0)
(1.5 5.1466e-14 0)
(1.5 -3.11386e-14 0)
(1.5 1.46496e-14 0)
(1.5 -6.71065e-14 0)
(1.5 -1.56198e-13 0)
(1.5 -2.606e-13 0)
(1.5 -1.81825e-13 0)
(1.5 -8.30681e-14 0)
(1.5 8.79684e-14 0)
(1.5 2.77787e-14 0)
(1.5 -9.51591e-14 0)
(1.5 -1.13312e-13 0)
(1.5 -1.22913e-13 0)
(1.5 -2.61901e-14 0)
(1.5 -5.081e-16 0)
(1.5 -3.69094e-14 0)
(1.5 -6.45239e-14 0)
(1.5 -6.59081e-14 0)
(1.5 -8.23178e-14 0)
(1.5 9.5174e-15 0)
(1.5 6.88392e-14 0)
(1.5 1.58839e-13 0)
(1.5 5.98339e-14 0)
(1.5 3.58015e-14 0)
(1.5 4.75888e-14 0)
(1.5 6.47417e-14 0)
(1.5 5.97678e-14 0)
(1.5 4.24608e-14 0)
(1.5 7.09317e-14 0)
(1.5 -3.2868e-14 0)
(1.5 9.23626e-14 0)
(1.5 2.35509e-13 0)
(1.5 2.19318e-13 0)
(1.5 1.03752e-13 0)
(1.5 1.69848e-14 0)
(1.5 -3.81026e-14 0)
(1.5 5.49561e-14 0)
(1.5 4.45144e-14 0)
(1.5 -6.65632e-14 0)
(1.5 -1.02698e-13 0)
(1.5 -1.00958e-13 0)
(1.5 2.60248e-14 0)
(1.5 6.27127e-14 0)
(1.5 2.01853e-14 0)
(1.5 3.03891e-14 0)
(1.5 1.52585e-13 0)
(1.5 1.78945e-13 0)
(1.5 1.76848e-13 0)
(1.5 7.62778e-14 0)
(1.5 -6.83877e-14 0)
(1.5 -1.42782e-13 0)
(1.5 -2.08393e-13 0)
(1.5 -2.25503e-13 0)
(1.5 -1.78814e-13 0)
(1.5 -7.86811e-14 0)
(1.5 -7.99726e-14 0)
(1.5 -1.74877e-13 0)
(1.5 -1.27457e-13 0)
(1.5 -1.24679e-13 0)
(1.5 -7.868e-14 0)
(1.5 1.6435e-14 0)
(1.5 8.61291e-15 0)
(1.5 8.67125e-14 0)
(1.5 1.0081e-13 0)
(1.5 4.2938e-14 0)
(1.5 5.16946e-14 0)
(1.5 3.94741e-14 0)
(1.5 1.90024e-14 0)
(1.5 -1.48731e-13 0)
(1.5 -1.39243e-13 0)
(1.5 -1.67504e-13 0)
(1.5 -2.44035e-13 0)
(1.5 -2.29549e-13 0)
(1.5 -2.84945e-13 0)
(1.5 -3.74677e-13 0)
(1.5 -2.96008e-13 0)
(1.5 -2.61515e-13 0)
(1.5 -2.04801e-13 0)
(1.5 -2.02058e-13 0)
(1.5 -5.25882e-14 0)
(1.5 6.86792e-14 0)
(1.5 2.61977e-14 0)
(1.5 5.01304e-14 0)
(1.5 7.9694e-14 0)
(1.5 1.49874e-13 0)
(1.5 9.26663e-14 0)
(1.5 2.58714e-14 0)
(1.5 4.62955e-14 0)
(1.5 -2.692e-15 0)
(1.5 -3.77962e-14 0)
(1.5 3.77012e-14 0)
(1.5 8.79742e-14 0)
(1.5 9.68289e-14 0)
(1.5 4.92633e-14 0)
(1.5 9.5711e-14 0)
(1.5 1.76718e-13 0)
(1.5 1.02322e-13 0)
(1.5 4.14228e-14 0)
(1.5 1.07828e-14 0)
(1.5 1.6009e-15 0)
(1.5 5.97687e-14 0)
(1.5 9.37135e-14 0)
(1.5 1.12587e-13 0)
(1.5 -9.91257e-14 0)
(1.5 -2.17156e-13 0)
(1.5 -1.40013e-13 0)
(1.5 -7.55949e-14 0)
(1.5 -8.38813e-14 0)
(1.5 -2.71843e-14 0)
(1.5 -2.11188e-15 0)
(1.5 3.4249e-14 0)
(1.5 -4.08731e-14 0)
(1.5 -1.82154e-15 0)
(1.5 -7.036e-14 0)
(1.5 -5.89098e-14 0)
(1.5 -1.49473e-13 0)
(1.5 -1.53372e-13 0)
(1.5 -1.97405e-13 0)
(1.5 -1.49459e-13 0)
(1.5 -5.90207e-14 0)
(1.5 2.50895e-14 0)
(1.5 8.14933e-14 0)
(1.5 8.55793e-14 0)
(1.5 8.27504e-14 0)
(1.5 3.94575e-14 0)
(1.5 -7.80885e-14 0)
(1.5 -6.15378e-14 0)
(1.5 -1.7233e-13 0)
(1.5 -1.92447e-13 0)
(1.5 -1.5836e-13 0)
(1.5 -1.94808e-13 0)
(1.5 -1.24235e-13 0)
(1.5 -1.76895e-13 0)
(1.5 -2.05824e-13 0)
(1.5 -1.35325e-13 0)
(1.5 -2.39638e-14 0)
(1.5 -4.73955e-14 0)
(1.5 -2.05481e-13 0)
(1.5 -3.39816e-13 0)
(1.5 -3.39249e-13 0)
(1.5 -3.95742e-13 0)
(1.5 -3.41956e-13 0)
(1.5 -2.67299e-13 0)
(1.5 -2.18619e-13 0)
(1.5 -9.80584e-14 0)
(1.5 -1.19943e-14 0)
(1.5 -1.52493e-13 0)
(1.5 -1.12949e-13 0)
(1.5 -1.33339e-13 0)
(1.5 -1.57853e-13 0)
(1.5 -1.36171e-13 0)
(1.5 -1.10479e-13 0)
(1.5 -1.64073e-13 0)
(1.5 -3.62304e-13 0)
(1.5 -3.94852e-13 0)
(1.5 -3.22936e-13 0)
(1.5 -2.05654e-13 0)
(1.5 -1.08631e-13 0)
(1.5 -1.20185e-13 0)
(1.5 -6.82238e-14 0)
(1.5 -3.2851e-15 0)
(1.5 -7.36041e-14 0)
(1.5 -6.88813e-14 0)
(1.5 -3.24796e-16 0)
(1.5 6.14836e-14 0)
(1.5 4.8513e-14 0)
(1.5 5.92898e-14 0)
(1.5 2.6028e-14 0)
(1.5 -1.03545e-14 0)
(1.5 7.8093e-15 0)
(1.5 9.53021e-14 0)
(1.5 6.53415e-14 0)
(1.5 6.14207e-14 0)
(1.5 4.12881e-14 0)
(1.5 5.17406e-14 0)
(1.5 7.48244e-14 0)
(1.5 1.0608e-13 0)
(1.5 2.35889e-13 0)
(1.5 1.99399e-13 0)
(1.5 3.29113e-14 0)
(1.5 -1.02247e-13 0)
(1.5 -1.12392e-13 0)
(1.5 -1.24808e-13 0)
(1.5 -1.1313e-13 0)
(1.5 -6.23795e-14 0)
(1.5 -1.37249e-13 0)
(1.5 -1.55029e-13 0)
(1.5 -2.59726e-13 0)
(1.5 -2.54766e-13 0)
(1.5 -2.8215e-13 0)
(1.5 -2.29831e-13 0)
(1.5 -2.71333e-13 0)
(1.5 -2.1807e-13 0)
(1.5 -1.77708e-13 0)
(1.5 -1.308e-13 0)
(1.5 -6.31066e-14 0)
(1.5 -1.27166e-13 0)
(1.5 -1.20967e-13 0)
(1.5 -3.37303e-14 0)
(1.5 -2.56079e-15 0)
(1.5 -3.94239e-14 0)
(1.5 -2.83217e-14 0)
(1.5 3.72982e-14 0)
(1.5 1.80647e-14 0)
(1.5 -7.82492e-14 0)
(1.5 -1.02452e-13 0)
(1.5 -3.58055e-14 0)
(1.5 -2.4941e-14 0)
(1.5 1.00593e-13 0)
(1.5 6.73476e-14 0)
(1.5 -8.1562e-14 0)
(1.5 -1.62962e-13 0)
(1.5 -1.6842e-13 0)
(1.5 -8.09875e-14 0)
(1.5 -4.52014e-14 0)
(1.5 -2.88778e-14 0)
(1.5 -5.43627e-14 0)
(1.5 -5.01729e-14 0)
(1.5 7.51618e-14 0)
(1.5 4.30187e-14 0)
(1.5 4.23893e-14 0)
(1.5 7.92869e-14 0)
(1.5 3.88677e-14 0)
(1.5 1.44986e-13 0)
(1.5 1.4901e-13 0)
(1.5 7.78458e-14 0)
(1.5 1.49558e-13 0)
(1.5 1.22083e-13 0)
(1.5 1.48943e-13 0)
(1.5 8.32295e-14 0)
(1.5 1.40814e-13 0)
(1.5 2.76033e-13 0)
(1.5 2.7159e-13 0)
(1.5 2.43818e-13 0)
(1.5 7.10135e-14 0)
(1.5 2.23216e-14 0)
(1.5 9.83826e-14 0)
(1.5 2.02095e-13 0)
(1.5 1.21894e-13 0)
(1.5 3.48926e-14 0)
(1.5 -4.13676e-15 0)
(1.5 7.03418e-14 0)
(1.5 9.12069e-14 0)
(1.5 9.52414e-14 0)
(1.5 1.1524e-13 0)
(1.5 2.65714e-13 0)
(1.5 3.21583e-13 0)
(1.5 2.14398e-13 0)
(1.5 1.03286e-13 0)
(1.5 -1.65989e-14 0)
(1.5 -6.36455e-14 0)
(1.5 -3.36865e-14 0)
(1.5 -8.76867e-14 0)
(1.5 -3.75062e-14 0)
(1.5 -1.26715e-13 0)
(1.5 -6.52888e-14 0)
(1.5 -5.96494e-16 0)
(1.5 5.39628e-14 0)
(1.5 8.62289e-14 0)
(1.5 7.64988e-14 0)
(1.5 1.45264e-13 0)
(1.5 1.24784e-13 0)
(1.5 1.1019e-13 0)
(1.5 1.64257e-14 0)
(1.5 -7.49208e-14 0)
(1.5 -3.28935e-14 0)
(1.5 2.82406e-15 0)
(1.5 5.87261e-14 0)
(1.5 6.0767e-15 0)
(1.5 2.76021e-14 0)
(1.5 2.57947e-14 0)
(1.5 -1.30343e-15 0)
(1.5 2.45637e-14 0)
(1.5 -1.37502e-14 0)
(1.5 -1.5366e-13 0)
(1.5 -1.59536e-13 0)
(1.5 -1.59375e-13 0)
(1.5 -9.87725e-14 0)
(1.5 -2.819e-14 0)
(1.5 -1.03232e-14 0)
(1.5 -5.66481e-14 0)
(1.5 -5.92526e-14 0)
(1.5 7.13983e-15 0)
(1.5 7.08699e-14 0)
(1.5 2.06474e-13 0)
(1.5 1.52835e-13 0)
(1.5 1.49815e-13 0)
(1.5 2.00669e-13 0)
(1.5 1.46466e-13 0)
(1.5 3.58638e-15 0)
(1.5 3.21668e-14 0)
(1.5 4.59579e-14 0)
(1.5 1.5616e-13 0)
(1.5 1.47756e-13 0)
(1.5 1.77794e-13 0)
(1.5 2.20923e-13 0)
(1.5 9.92248e-14 0)
(1.5 1.18045e-13 0)
(1.5 7.92777e-14 0)
(1.5 1.1963e-13 0)
(1.5 1.50292e-13 0)
(1.5 1.19686e-13 0)
(1.5 1.32201e-13 0)
(1.5 -3.57986e-14 0)
(1.5 -1.874e-13 0)
(1.5 -2.05501e-13 0)
(1.5 -2.07146e-13 0)
(1.5 -2.97456e-13 0)
(1.5 -1.7421e-13 0)
(1.5 -9.7293e-14 0)
(1.5 -6.83467e-14 0)
(1.5 -5.04561e-14 0)
(1.5 3.11981e-14 0)
(1.5 -1.44996e-13 0)
(1.5 -8.24431e-14 0)
(1.5 8.7692e-15 0)
(1.5 7.39569e-14 0)
(1.5 4.99565e-14 0)
(1.5 2.8786e-14 0)
(1.5 -8.3575e-14 0)
(1.5 -1.62844e-13 0)
(1.5 -1.31834e-13 0)
(1.5 -5.5834e-14 0)
(1.5 9.1213e-14 0)
(1.5 -3.69715e-15 0)
(1.5 -7.18292e-14 0)
(1.5 -1.53959e-13 0)
(1.5 -1.86216e-13 0)
(1.5 -1.23424e-13 0)
(1.5 5.45466e-14 0)
(1.5 8.57839e-14 0)
(1.5 9.30919e-14 0)
(1.5 7.4575e-14 0)
(1.5 -6.79364e-14 0)
(1.5 -7.5841e-14 0)
(1.5 1.21988e-14 0)
(1.5 -1.06273e-13 0)
(1.5 -2.34208e-13 0)
(1.5 -3.59216e-13 0)
(1.5 -2.73308e-13 0)
(1.5 -3.28329e-13 0)
(1.5 -3.74662e-13 0)
(1.5 -4.10536e-13 0)
(1.5 -3.34285e-13 0)
(1.5 -2.26311e-13 0)
(1.5 -1.78401e-13 0)
(1.5 -1.96422e-13 0)
(1.5 -1.20722e-13 0)
(1.5 -1.85409e-13 0)
(1.5 -2.25631e-13 0)
(1.5 -2.08383e-13 0)
(1.5 -2.49736e-13 0)
(1.5 -2.1628e-13 0)
(1.5 -3.13821e-13 0)
(1.5 -2.83011e-13 0)
(1.5 -2.7622e-13 0)
(1.5 -2.50906e-13 0)
(1.5 -9.56331e-14 0)
(1.5 -1.61906e-13 0)
(1.5 -1.71782e-13 0)
(1.5 -4.40296e-14 0)
(1.5 -1.24086e-15 0)
(1.5 -1.83465e-14 0)
(1.5 -1.11781e-14 0)
(1.5 2.63801e-14 0)
(1.5 1.43358e-13 0)
(1.5 1.34823e-13 0)
(1.5 4.30085e-14 0)
(1.5 -4.88368e-14 0)
(1.5 -3.86054e-14 0)
(1.5 6.96613e-14 0)
(1.5 5.28737e-14 0)
(1.5 -4.47924e-14 0)
(1.5 -9.35923e-14 0)
(1.5 -1.10787e-13 0)
(1.5 -2.24373e-14 0)
(1.5 6.00269e-14 0)
(1.5 7.17214e-14 0)
(1.5 1.13753e-13 0)
(1.5 -1.82631e-14 0)
(1.5 -1.24115e-13 0)
(1.5 -5.30139e-14 0)
(1.5 -3.81146e-14 0)
(1.5 3.11595e-14 0)
(1.5 4.28362e-14 0)
(1.5 -4.21697e-14 0)
(1.5 -7.23176e-14 0)
(1.5 -1.63462e-13 0)
(1.5 -3.9769e-14 0)
(1.5 -1.26225e-13 0)
(1.5 -1.54766e-13 0)
(1.5 -1.84761e-13 0)
(1.5 -1.57666e-13 0)
(1.5 -8.98101e-14 0)
(1.5 -4.01281e-14 0)
(1.5 -2.35769e-15 0)
(1.5 -7.01352e-14 0)
(1.5 -6.85569e-14 0)
(1.5 -4.86192e-14 0)
(1.5 -3.14026e-14 0)
(1.5 -5.56417e-14 0)
(1.5 -2.12764e-14 0)
(1.5 -3.22224e-14 0)
(1.5 2.21969e-14 0)
(1.5 2.49731e-14 0)
(1.5 7.97335e-14 0)
(1.5 8.30014e-14 0)
(1.5 8.28595e-14 0)
(1.5 9.49687e-14 0)
(1.5 7.63725e-14 0)
(1.5 -5.82213e-14 0)
(1.5 -1.29724e-13 0)
(1.5 -1.24911e-13 0)
(1.5 -1.31439e-13 0)
(1.5 -7.3676e-14 0)
(1.5 -1.91705e-14 0)
(1.5 -5.58595e-15 0)
(1.5 -3.24869e-15 0)
(1.5 1.51853e-13 0)
(1.5 5.60694e-14 0)
(1.5 -1.83035e-14 0)
(1.5 4.06825e-15 0)
(1.5 9.08707e-14 0)
(1.5 2.34337e-13 0)
(1.5 2.28065e-13 0)
(1.5 1.59696e-13 0)
(1.5 2.77255e-13 0)
(1.5 2.18764e-13 0)
(1.5 1.95699e-13 0)
(1.5 1.75529e-13 0)
(1.5 1.48135e-13 0)
(1.5 2.64644e-13 0)
(1.5 2.41544e-13 0)
(1.5 2.94305e-13 0)
(1.5 1.60035e-13 0)
(1.5 1.35123e-13 0)
(1.5 1.08067e-13 0)
(1.5 1.45762e-13 0)
(1.5 1.88683e-13 0)
(1.5 1.94796e-13 0)
(1.5 1.91838e-13 0)
(1.5 8.28699e-14 0)
(1.5 2.82005e-14 0)
(1.5 3.09998e-14 0)
(1.5 6.22804e-14 0)
(1.5 9.14494e-14 0)
(1.5 2.10335e-13 0)
(1.5 1.12415e-13 0)
(1.5 6.76546e-14 0)
(1.5 3.40997e-14 0)
(1.5 -6.5024e-14 0)
(1.5 4.92744e-14 0)
(1.5 3.61866e-14 0)
(1.5 1.09226e-13 0)
(1.5 -2.47064e-14 0)
(1.5 -5.13116e-14 0)
(1.5 1.02397e-13 0)
(1.5 1.31429e-13 0)
(1.5 1.65287e-13 0)
(1.5 1.66684e-13 0)
(1.5 1.45729e-13 0)
(1.5 1.018e-13 0)
(1.5 7.22561e-14 0)
(1.5 -7.84156e-14 0)
(1.5 -1.42884e-13 0)
(1.5 -1.97088e-13 0)
(1.5 -1.83384e-13 0)
(1.5 -1.13772e-13 0)
(1.5 -1.03817e-16 0)
(1.5 3.56184e-14 0)
(1.5 3.65867e-14 0)
(1.5 1.0766e-13 0)
(1.5 9.97671e-14 0)
(1.5 7.62787e-14 0)
(1.5 -4.96617e-14 0)
(1.5 -1.82893e-13 0)
(1.5 -2.16528e-13 0)
(1.5 -1.7196e-13 0)
(1.5 -2.15264e-14 0)
(1.5 -9.26952e-14 0)
(1.5 -2.36754e-13 0)
(1.5 -2.11597e-13 0)
(1.5 -6.47408e-14 0)
(1.5 4.2351e-14 0)
(1.5 2.00925e-13 0)
(1.5 1.70914e-13 0)
(1.5 2.79805e-13 0)
(1.5 3.86886e-13 0)
(1.5 3.46961e-13 0)
(1.5 1.96067e-13 0)
(1.5 1.56043e-13 0)
(1.5 1.23534e-13 0)
(1.5 1.96757e-13 0)
(1.5 1.53499e-13 0)
(1.5 1.55147e-13 0)
(1.5 1.04238e-13 0)
(1.5 -9.48338e-15 0)
(1.5 -1.58157e-14 0)
(1.5 2.44021e-14 0)
(1.5 7.1898e-14 0)
(1.5 2.71317e-14 0)
(1.5 -4.30837e-15 0)
(1.5 1.50402e-14 0)
(1.5 -4.34794e-15 0)
(1.5 -1.03997e-13 0)
(1.5 -2.49292e-13 0)
(1.5 -3.59296e-13 0)
(1.5 -2.89935e-13 0)
(1.5 -2.34417e-13 0)
(1.5 -2.05001e-13 0)
(1.5 -1.72856e-13 0)
(1.5 -1.38466e-13 0)
(1.5 -1.27423e-13 0)
(1.5 -1.8722e-13 0)
(1.5 -1.43639e-13 0)
(1.5 -7.67903e-14 0)
(1.5 -1.23294e-14 0)
(1.5 1.54865e-14 0)
(1.5 2.23632e-14 0)
(1.5 -1.17591e-13 0)
(1.5 -2.46509e-13 0)
(1.5 -2.54587e-13 0)
(1.5 -1.41124e-13 0)
(1.5 5.5615e-14 0)
(1.5 6.47199e-14 0)
(1.5 -3.22171e-14 0)
(1.5 -1.56859e-13 0)
(1.5 -1.53975e-13 0)
(1.5 -8.97111e-14 0)
(1.5 -1.13843e-14 0)
(1.5 6.6586e-14 0)
(1.5 1.63285e-14 0)
(1.5 2.19349e-14 0)
(1.5 -6.52268e-14 0)
(1.5 -5.53931e-14 0)
(1.5 -4.65772e-14 0)
(1.5 -7.05489e-14 0)
(1.5 -1.45035e-13 0)
(1.5 -2.36702e-13 0)
(1.5 -2.04906e-13 0)
(1.5 -1.52826e-13 0)
(1.5 -2.41479e-13 0)
(1.5 -2.94192e-13 0)
(1.5 -3.17355e-13 0)
(1.5 -3.21335e-13 0)
(1.5 -1.99382e-13 0)
(1.5 -4.06931e-14 0)
(1.5 6.19624e-15 0)
(1.5 -6.39934e-14 0)
(1.5 -1.11732e-13 0)
(1.5 -1.76324e-13 0)
(1.5 -3.35571e-13 0)
(1.5 -3.51901e-13 0)
(1.5 -2.86297e-13 0)
(1.5 -2.34208e-13 0)
(1.5 -1.67798e-13 0)
(1.5 -1.8335e-13 0)
(1.5 -1.65052e-13 0)
(1.5 -2.35456e-13 0)
(1.5 -2.71034e-13 0)
(1.5 -1.76681e-13 0)
(1.5 -8.93013e-15 0)
(1.5 -7.35126e-14 0)
(1.5 -1.59637e-13 0)
(1.5 -1.53936e-13 0)
(1.5 9.96504e-15 0)
(1.5 8.07413e-14 0)
(1.5 2.84983e-14 0)
(1.5 7.57005e-15 0)
(1.5 -5.58793e-14 0)
(1.5 2.85623e-14 0)
(1.5 2.33533e-14 0)
(1.5 -9.9434e-14 0)
(1.5 -1.48556e-13 0)
(1.5 -1.2055e-13 0)
(1.5 -4.71612e-14 0)
(1.5 8.30616e-15 0)
(1.5 -8.22585e-14 0)
(1.5 -1.51086e-14 0)
(1.5 -3.3284e-14 0)
(1.5 3.23436e-14 0)
(1.5 5.29979e-14 0)
(1.5 4.77865e-14 0)
(1.5 6.91603e-14 0)
(1.5 7.27917e-15 0)
(1.5 -2.71249e-14 0)
(1.5 -3.38221e-14 0)
(1.5 -2.16662e-14 0)
(1.5 1.118e-13 0)
(1.5 6.73286e-14 0)
(1.5 -4.33925e-14 0)
(1.5 -4.27644e-14 0)
(1.5 -3.25725e-14 0)
(1.5 5.82181e-14 0)
(1.5 1.11213e-13 0)
(1.5 7.18358e-14 0)
(1.5 4.44482e-14 0)
(1.5 -1.45355e-15 0)
(1.5 -1.90541e-14 0)
(1.5 -1.12198e-14 0)
(1.5 -6.31001e-14 0)
(1.5 -2.07496e-14 0)
(1.5 -6.70136e-14 0)
(1.5 4.86958e-14 0)
(1.5 1.05565e-13 0)
(1.5 1.84913e-13 0)
(1.5 1.63621e-13 0)
(1.5 1.63429e-13 0)
(1.5 1.02676e-13 0)
(1.5 1.0254e-13 0)
(1.5 4.22065e-14 0)
(1.5 3.39827e-14 0)
(1.5 5.13293e-14 0)
(1.5 8.05775e-15 0)
(1.5 -3.03919e-14 0)
(1.5 9.9937e-15 0)
(1.5 7.96261e-14 0)
(1.5 3.68214e-14 0)
(1.5 1.31052e-13 0)
(1.5 8.11261e-14 0)
(1.5 1.10079e-14 0)
(1.5 -2.97955e-14 0)
(1.5 1.08034e-13 0)
(1.5 1.9288e-13 0)
(1.5 1.98422e-13 0)
(1.5 2.18813e-13 0)
(1.5 2.92366e-13 0)
(1.5 2.72944e-13 0)
(1.5 2.06124e-13 0)
(1.5 2.49187e-13 0)
(1.5 2.03812e-13 0)
(1.5 3.09663e-13 0)
(1.5 2.75767e-13 0)
(1.5 2.92932e-13 0)
(1.5 2.63202e-13 0)
(1.5 2.55e-13 0)
(1.5 2.06141e-13 0)
(1.5 1.02273e-13 0)
(1.5 1.30837e-13 0)
(1.5 1.90612e-13 0)
(1.5 2.48423e-13 0)
(1.5 7.42753e-14 0)
(1.5 -6.24539e-15 0)
(1.5 7.82524e-14 0)
(1.5 8.88968e-15 0)
(1.5 -6.17392e-14 0)
(1.5 2.60515e-14 0)
(1.5 8.00297e-14 0)
(1.5 1.89998e-13 0)
(1.5 1.1427e-13 0)
(1.5 -6.17586e-14 0)
(1.5 -1.34986e-16 0)
(1.5 8.62433e-15 0)
(1.5 5.49762e-14 0)
(1.5 -2.81571e-14 0)
(1.5 -8.40973e-14 0)
(1.5 9.62982e-14 0)
(1.5 8.34317e-14 0)
(1.5 1.29305e-13 0)
(1.5 9.10311e-14 0)
(1.5 8.22107e-14 0)
(1.5 1.58757e-14 0)
(1.5 5.62922e-15 0)
(1.5 -1.13531e-13 0)
(1.5 -1.71965e-13 0)
(1.5 -2.18676e-13 0)
(1.5 -2.56147e-13 0)
(1.5 -2.99272e-13 0)
(1.5 -9.01497e-14 0)
(1.5 -7.16793e-14 0)
(1.5 -3.16432e-14 0)
(1.5 8.37321e-14 0)
(1.5 -1.73079e-14 0)
(1.5 -4.69664e-15 0)
(1.5 -9.89606e-15 0)
(1.5 -2.16139e-13 0)
(1.5 -3.05424e-13 0)
(1.5 -2.73203e-13 0)
(1.5 -6.60025e-14 0)
(1.5 -1.42224e-13 0)
(1.5 -2.65457e-13 0)
(1.5 -1.86192e-13 0)
(1.5 -4.82552e-14 0)
(1.5 1.90073e-14 0)
(1.5 2.72236e-14 0)
(1.5 4.52195e-14 0)
(1.5 2.46935e-13 0)
(1.5 3.30539e-13 0)
(1.5 4.28197e-13 0)
(1.5 3.98442e-13 0)
(1.5 2.89129e-13 0)
(1.5 1.61375e-13 0)
(1.5 1.00212e-13 0)
(1.5 5.99195e-14 0)
(1.5 4.13398e-14 0)
(1.5 -5.80692e-15 0)
(1.5 -6.70775e-14 0)
(1.5 -1.99974e-13 0)
(1.5 -1.62634e-13 0)
(1.5 -1.45813e-13 0)
(1.5 -1.03523e-13 0)
(1.5 -4.28459e-14 0)
(1.5 -5.7952e-14 0)
(1.5 -8.66804e-14 0)
(1.5 -1.31856e-13 0)
(1.5 -2.94346e-13 0)
(1.5 -3.49163e-13 0)
(1.5 -2.39592e-13 0)
(1.5 -2.20303e-13 0)
(1.5 -2.6991e-13 0)
(1.5 -2.68879e-13 0)
(1.5 -2.35136e-13 0)
(1.5 -2.2673e-13 0)
(1.5 -1.47392e-13 0)
(1.5 -1.4923e-13 0)
(1.5 -1.68405e-13 0)
(1.5 -1.75374e-13 0)
(1.5 -1.32944e-13 0)
(1.5 -8.11025e-14 0)
(1.5 -3.4307e-14 0)
(1.5 -1.60218e-13 0)
(1.5 -2.13736e-13 0)
(1.5 -1.01518e-13 0)
(1.5 -5.8512e-14 0)
(1.5 3.40435e-14 0)
(1.5 -1.92663e-14 0)
(1.5 -5.37345e-14 0)
(1.5 -2.31724e-14 0)
(1.5 3.33012e-15 0)
(1.5 -8.89032e-14 0)
(1.5 -1.04743e-13 0)
(1.5 -1.43879e-13 0)
(1.5 -1.28967e-13 0)
(1.5 -1.81411e-13 0)
(1.5 -2.19904e-13 0)
(1.5 -1.90335e-13 0)
(1.5 -7.55159e-14 0)
(1.5 -4.16031e-14 0)
(1.5 -3.88094e-14 0)
(1.5 -1.3411e-13 0)
(1.5 -8.8967e-14 0)
(1.5 -9.19901e-14 0)
(1.5 -5.86731e-14 0)
(1.5 -1.05894e-13 0)
(1.5 -1.97446e-13 0)
(1.5 -1.4772e-13 0)
(1.5 8.01185e-15 0)
(1.5 -2.41024e-14 0)
(1.5 -2.88026e-14 0)
(1.5 -2.9826e-14 0)
(1.5 -1.73376e-13 0)
(1.5 -2.99805e-13 0)
(1.5 -3.08143e-13 0)
(1.5 -2.59584e-13 0)
(1.5 -2.59745e-13 0)
(1.5 -2.1804e-13 0)
(1.5 -2.84029e-13 0)
(1.5 -3.22192e-13 0)
(1.5 -3.10369e-13 0)
(1.5 -2.99979e-13 0)
(1.5 -2.60097e-13 0)
(1.5 -6.60891e-14 0)
(1.5 -2.99962e-14 0)
(1.5 -8.98454e-14 0)
(1.5 -1.69947e-13 0)
(1.5 -1.64718e-13 0)
(1.5 -5.18012e-14 0)
(1.5 -2.21714e-14 0)
(1.5 2.7948e-14 0)
(1.5 -6.48556e-14 0)
(1.5 -7.4271e-14 0)
(1.5 -6.07768e-14 0)
(1.5 -1.33963e-13 0)
(1.5 -1.18416e-13 0)
(1.5 -3.26132e-16 0)
(1.5 4.42313e-14 0)
(1.5 2.05817e-14 0)
(1.5 -4.20655e-14 0)
(1.5 2.3904e-14 0)
(1.5 6.98061e-14 0)
(1.5 1.52408e-13 0)
(1.5 1.31496e-13 0)
(1.5 9.6591e-14 0)
(1.5 8.73434e-14 0)
(1.5 -2.00742e-14 0)
(1.5 5.29489e-15 0)
(1.5 -5.1831e-15 0)
(1.5 6.13832e-14 0)
(1.5 1.54588e-13 0)
(1.5 1.4929e-13 0)
(1.5 1.06072e-13 0)
(1.5 1.33819e-13 0)
(1.5 1.26954e-13 0)
(1.5 1.99855e-13 0)
(1.5 2.12915e-13 0)
(1.5 1.25564e-13 0)
(1.5 7.61156e-14 0)
(1.5 3.10015e-14 0)
(1.5 5.75142e-15 0)
(1.5 1.43972e-14 0)
(1.5 -7.38279e-14 0)
(1.5 -3.06842e-14 0)
(1.5 2.93595e-14 0)
(1.5 7.8237e-14 0)
(1.5 1.94619e-13 0)
(1.5 2.4356e-13 0)
(1.5 2.20524e-13 0)
(1.5 1.40525e-13 0)
(1.5 8.35846e-14 0)
(1.5 1.14476e-13 0)
(1.5 1.78999e-13 0)
(1.5 2.4101e-13 0)
(1.5 2.15116e-13 0)
(1.5 2.13469e-13 0)
(1.5 8.10991e-14 0)
(1.5 5.39687e-14 0)
(1.5 1.04123e-13 0)
(1.5 1.20028e-13 0)
(1.5 1.19687e-13 0)
(1.5 1.55348e-13 0)
(1.5 1.41394e-13 0)
(1.5 -1.62532e-14 0)
(1.5 8.53732e-14 0)
(1.5 1.46955e-13 0)
(1.5 1.73166e-13 0)
(1.5 2.32259e-13 0)
(1.5 2.2497e-13 0)
(1.5 2.74181e-13 0)
(1.5 2.10181e-13 0)
(1.5 3.05284e-13 0)
(1.5 2.80239e-13 0)
(1.5 3.58238e-13 0)
(1.5 3.31247e-13 0)
(1.5 2.53773e-13 0)
(1.5 2.84203e-13 0)
(1.5 2.99491e-13 0)
(1.5 2.10587e-13 0)
(1.5 9.87616e-14 0)
(1.5 9.06148e-14 0)
(1.5 9.47733e-14 0)
(1.5 1.92216e-13 0)
(1.5 1.23433e-13 0)
(1.5 4.65373e-14 0)
(1.5 2.07802e-13 0)
(1.5 8.19551e-14 0)
(1.5 1.21692e-14 0)
(1.5 2.14465e-14 0)
(1.5 1.26491e-13 0)
(1.5 2.39905e-13 0)
(1.5 1.59349e-13 0)
(1.5 1.08374e-13 0)
(1.5 6.59889e-14 0)
(1.5 9.91928e-14 0)
(1.5 3.62111e-14 0)
(1.5 -3.42153e-14 0)
(1.5 -2.97473e-14 0)
(1.5 8.28539e-14 0)
(1.5 5.10773e-14 0)
(1.5 7.27477e-14 0)
(1.5 4.71183e-15 0)
(1.5 -1.4386e-14 0)
(1.5 -5.43948e-14 0)
(1.5 -1.09946e-13 0)
(1.5 -9.49774e-14 0)
(1.5 -1.69493e-13 0)
(1.5 -1.85246e-13 0)
(1.5 -2.5435e-13 0)
(1.5 -2.81149e-13 0)
(1.5 -1.04864e-13 0)
(1.5 -9.13172e-14 0)
(1.5 -3.79697e-14 0)
(1.5 -1.68062e-14 0)
(1.5 -8.25004e-14 0)
(1.5 -3.9575e-14 0)
(1.5 -2.80237e-14 0)
(1.5 -1.95894e-13 0)
(1.5 -3.50533e-13 0)
(1.5 -3.45906e-13 0)
(1.5 -2.14816e-13 0)
(1.5 -2.41369e-13 0)
(1.5 -2.62416e-13 0)
(1.5 -1.48186e-13 0)
(1.5 -6.18314e-14 0)
(1.5 -4.15644e-14 0)
(1.5 -1.39846e-13 0)
(1.5 -2.55465e-14 0)
(1.5 1.09155e-13 0)
(1.5 1.41291e-13 0)
(1.5 2.68686e-13 0)
(1.5 2.56617e-13 0)
(1.5 9.31715e-14 0)
(1.5 -2.34502e-14 0)
(1.5 -1.85879e-14 0)
(1.5 -4.90282e-14 0)
(1.5 -6.36345e-14 0)
(1.5 -1.08543e-13 0)
(1.5 -1.43313e-13 0)
(1.5 -2.80976e-13 0)
(1.5 -3.38161e-13 0)
(1.5 -3.32725e-13 0)
(1.5 -2.74611e-13 0)
(1.5 -1.7096e-13 0)
(1.5 -1.66699e-13 0)
(1.5 -1.97455e-13 0)
(1.5 -1.35373e-13 0)
(1.5 -1.70165e-13 0)
(1.5 -1.8557e-13 0)
(1.5 -1.87222e-13 0)
(1.5 -2.3517e-13 0)
(1.5 -2.74804e-13 0)
(1.5 -3.77245e-13 0)
(1.5 -3.06255e-13 0)
(1.5 -2.42071e-13 0)
(1.5 -2.02631e-13 0)
(1.5 -2.54089e-13 0)
(1.5 -2.34844e-13 0)
(1.5 -1.95806e-13 0)
(1.5 -1.41923e-13 0)
(1.5 -1.72583e-13 0)
(1.5 -3.96001e-14 0)
(1.5 -1.4925e-13 0)
(1.5 -2.15609e-13 0)
(1.5 -1.56074e-13 0)
(1.5 -2.39418e-13 0)
(1.5 -1.83926e-13 0)
(1.5 -6.97298e-14 0)
(1.5 1.78776e-14 0)
(1.5 9.59357e-14 0)
(1.5 4.32119e-14 0)
(1.5 -1.0716e-13 0)
(1.5 -1.91366e-13 0)
(1.5 -2.14154e-13 0)
(1.5 -2.1357e-13 0)
(1.5 -3.06594e-13 0)
(1.5 -3.37196e-13 0)
(1.5 -3.03183e-13 0)
(1.5 -1.63888e-13 0)
(1.5 -1.12405e-13 0)
(1.5 -1.32602e-13 0)
(1.5 -1.1746e-13 0)
(1.5 -1.35528e-13 0)
(1.5 -8.04285e-14 0)
(1.5 3.20263e-14 0)
(1.5 -3.46023e-14 0)
(1.5 -1.23016e-13 0)
(1.5 -2.13539e-13 0)
(1.5 -2.1813e-13 0)
(1.5 -2.60472e-13 0)
(1.5 -2.42444e-13 0)
(1.5 -1.27066e-13 0)
(1.5 -2.52603e-13 0)
(1.5 -2.97539e-13 0)
(1.5 -1.76557e-13 0)
(1.5 -1.83445e-13 0)
(1.5 -2.07485e-13 0)
(1.5 -2.41589e-13 0)
(1.5 -3.40609e-13 0)
(1.5 -3.47841e-13 0)
(1.5 -3.65476e-13 0)
(1.5 -2.9268e-13 0)
(1.5 -2.7229e-13 0)
(1.5 -3.08521e-14 0)
(1.5 1.3291e-13 0)
(1.5 1.26125e-13 0)
(1.5 -1.1348e-14 0)
(1.5 -1.47298e-13 0)
(1.5 -1.62891e-13 0)
(1.5 -1.07256e-13 0)
(1.5 -6.92478e-14 0)
(1.5 -1.21888e-13 0)
(1.5 -1.84976e-13 0)
(1.5 -1.66881e-13 0)
(1.5 -1.48678e-13 0)
(1.5 -1.40615e-13 0)
(1.5 7.15867e-15 0)
(1.5 1.06683e-13 0)
(1.5 9.21469e-14 0)
(1.5 1.20796e-13 0)
(1.5 1.03649e-13 0)
(1.5 4.12546e-14 0)
(1.5 5.59127e-14 0)
(1.5 7.74911e-14 0)
(1.5 3.76351e-14 0)
(1.5 -1.68735e-14 0)
(1.5 -8.9747e-14 0)
(1.5 1.28726e-14 0)
(1.5 4.7958e-14 0)
(1.5 8.59995e-14 0)
(1.5 8.78013e-14 0)
(1.5 6.24439e-14 0)
(1.5 5.25588e-14 0)
(1.5 7.14298e-14 0)
(1.5 6.29163e-14 0)
(1.5 1.68435e-13 0)
(1.5 1.4922e-13 0)
(1.5 9.77571e-14 0)
(1.5 3.03338e-14 0)
(1.5 2.72027e-14 0)
(1.5 -2.07736e-14 0)
(1.5 -5.61872e-14 0)
(1.5 -7.77642e-14 0)
(1.5 -6.96166e-14 0)
(1.5 3.39219e-14 0)
(1.5 2.77572e-14 0)
(1.5 1.68423e-13 0)
(1.5 2.77716e-13 0)
(1.5 2.03716e-13 0)
(1.5 8.16861e-14 0)
(1.5 5.10772e-14 0)
(1.5 7.2583e-14 0)
(1.5 1.78729e-13 0)
(1.5 2.37191e-13 0)
(1.5 1.92558e-13 0)
(1.5 1.5432e-13 0)
(1.5 8.27922e-14 0)
(1.5 6.64197e-14 0)
(1.5 7.89187e-14 0)
(1.5 1.58761e-13 0)
(1.5 5.26881e-14 0)
(1.5 8.4478e-14 0)
(1.5 1.12545e-13 0)
(1.5 -3.86276e-14 0)
(1.5 -5.66869e-15 0)
(1.5 3.46048e-14 0)
(1.5 8.9681e-14 0)
(1.5 8.90804e-14 0)
(1.5 3.38432e-14 0)
(1.5 1.17691e-13 0)
(1.5 1.37209e-13 0)
(1.5 1.8775e-13 0)
(1.5 1.60533e-13 0)
(1.5 1.50394e-13 0)
(1.5 1.70487e-13 0)
(1.5 1.08199e-13 0)
(1.5 1.905e-13 0)
(1.5 3.18043e-13 0)
(1.5 2.53063e-13 0)
(1.5 2.22528e-13 0)
(1.5 1.71714e-13 0)
(1.5 1.0455e-13 0)
(1.5 1.53173e-13 0)
(1.5 1.98058e-13 0)
(1.5 1.79999e-13 0)
(1.5 2.51533e-13 0)
(1.5 1.82024e-13 0)
(1.5 1.59155e-13 0)
(1.5 1.06256e-13 0)
(1.5 1.26479e-13 0)
(1.5 1.62517e-13 0)
(1.5 1.92918e-13 0)
(1.5 3.03192e-13 0)
(1.5 2.17196e-13 0)
(1.5 2.2034e-13 0)
(1.5 8.3438e-14 0)
(1.5 8.33381e-14 0)
(1.5 1.45636e-13 0)
(1.5 5.03955e-14 0)
(1.5 -9.96551e-15 0)
(1.5 -1.55243e-14 0)
(1.5 2.66846e-14 0)
(1.5 -3.60794e-14 0)
(1.5 -4.89875e-14 0)
(1.5 -1.28118e-13 0)
(1.5 -7.92431e-14 0)
(1.5 -9.02875e-14 0)
(1.5 -1.08942e-13 0)
(1.5 -1.76472e-13 0)
(1.5 -1.23906e-13 0)
(1.5 -7.28017e-14 0)
(1.5 -1.04081e-13 0)
(1.5 -4.75735e-14 0)
(1.5 -6.76913e-14 0)
(1.5 -5.07574e-14 0)
(1.5 -3.87906e-14 0)
(1.5 -6.29203e-14 0)
(1.5 -5.6168e-14 0)
(1.5 -1.536e-13 0)
(1.5 -2.74069e-13 0)
(1.5 -2.78398e-13 0)
(1.5 -2.20669e-13 0)
(1.5 -1.4011e-13 0)
(1.5 -1.29732e-13 0)
(1.5 -1.20276e-13 0)
(1.5 -1.11986e-13 0)
(1.5 -2.04118e-13 0)
(1.5 -1.62598e-13 0)
(1.5 -1.53991e-13 0)
(1.5 -8.14476e-14 0)
(1.5 3.37889e-15 0)
(1.5 -5.33261e-14 0)
(1.5 -1.6817e-13 0)
(1.5 -2.30995e-13 0)
(1.5 -2.28436e-13 0)
(1.5 -2.07836e-13 0)
(1.5 -1.43107e-13 0)
(1.5 -1.89197e-13 0)
(1.5 -2.37558e-13 0)
(1.5 -2.42733e-13 0)
(1.5 -3.93247e-13 0)
(1.5 -3.8185e-13 0)
(1.5 -3.55971e-13 0)
(1.5 -3.43094e-13 0)
(1.5 -3.64627e-13 0)
(1.5 -3.31699e-13 0)
(1.5 -2.07795e-13 0)
(1.5 -3.40307e-14 0)
(1.5 -3.81945e-14 0)
(1.5 -1.08689e-13 0)
(1.5 -2.28612e-13 0)
(1.5 -2.32397e-13 0)
(1.5 -3.73093e-13 0)
(1.5 -3.38342e-13 0)
(1.5 -2.79252e-13 0)
(1.5 -3.01659e-13 0)
(1.5 -3.64209e-13 0)
(1.5 -3.07591e-13 0)
(1.5 -2.37208e-13 0)
(1.5 -1.52673e-13 0)
(1.5 -1.92188e-13 0)
(1.5 -1.88951e-13 0)
(1.5 -1.98876e-13 0)
(1.5 -1.77195e-13 0)
(1.5 -1.27057e-13 0)
(1.5 -2.47958e-13 0)
(1.5 -2.89448e-13 0)
(1.5 -1.64826e-13 0)
(1.5 -4.76973e-14 0)
(1.5 4.45958e-14 0)
(1.5 -3.93802e-14 0)
(1.5 -1.16027e-13 0)
(1.5 -1.17319e-13 0)
(1.5 -9.28497e-14 0)
(1.5 -1.24341e-13 0)
(1.5 -2.47077e-13 0)
(1.5 -2.98627e-13 0)
(1.5 -3.46132e-13 0)
(1.5 -2.62131e-13 0)
(1.5 -2.02929e-13 0)
(1.5 -2.54967e-13 0)
(1.5 -1.72408e-13 0)
(1.5 -9.09304e-14 0)
(1.5 -2.95954e-14 0)
(1.5 -1.45135e-15 0)
(1.5 -1.57599e-13 0)
(1.5 -1.63927e-13 0)
(1.5 -2.20879e-13 0)
(1.5 -3.35883e-13 0)
(1.5 -3.25099e-13 0)
(1.5 -3.86828e-13 0)
(1.5 -3.48998e-13 0)
(1.5 -3.228e-13 0)
(1.5 -3.96153e-13 0)
(1.5 -2.62112e-13 0)
(1.5 -2.33842e-13 0)
(1.5 -1.73826e-13 0)
(1.5 -1.2916e-13 0)
(1.5 -1.75308e-13 0)
(1.5 -1.91578e-13 0)
(1.5 -2.85932e-13 0)
(1.5 -3.43883e-13 0)
(1.5 -2.83267e-13 0)
(1.5 -2.62653e-14 0)
(1.5 9.33355e-14 0)
(1.5 1.8788e-13 0)
(1.5 5.88532e-14 0)
(1.5 -1.5077e-13 0)
(1.5 -3.07541e-13 0)
(1.5 -2.63943e-13 0)
(1.5 -1.67433e-13 0)
(1.5 -1.11837e-13 0)
(1.5 -1.40366e-13 0)
(1.5 -1.06318e-13 0)
(1.5 -5.93987e-14 0)
(1.5 -2.41452e-14 0)
(1.5 8.44513e-15 0)
(1.5 5.9317e-14 0)
(1.5 6.69763e-14 0)
(1.5 9.03986e-14 0)
(1.5 8.99274e-14 0)
(1.5 7.91001e-14 0)
(1.5 4.09155e-14 0)
(1.5 8.40897e-14 0)
(1.5 3.3391e-14 0)
(1.5 -8.56588e-14 0)
(1.5 -7.26e-14 0)
(1.5 -1.71991e-14 0)
(1.5 1.00343e-13 0)
(1.5 1.37472e-13 0)
(1.5 5.14946e-14 0)
(1.5 9.7478e-15 0)
(1.5 -4.34111e-14 0)
(1.5 -2.37927e-14 0)
(1.5 -5.01738e-14 0)
(1.5 1.19867e-13 0)
(1.5 1.25088e-13 0)
(1.5 1.10989e-13 0)
(1.5 1.23192e-13 0)
(1.5 1.05196e-13 0)
(1.5 -2.01087e-14 0)
(1.5 -7.50174e-14 0)
(1.5 -3.00711e-14 0)
(1.5 -4.38986e-14 0)
(1.5 3.1968e-14 0)
(1.5 7.94136e-14 0)
(1.5 1.78713e-13 0)
(1.5 2.53802e-13 0)
(1.5 2.21895e-13 0)
(1.5 1.25679e-13 0)
(1.5 1.29658e-13 0)
(1.5 1.12767e-13 0)
(1.5 1.14342e-13 0)
(1.5 1.55086e-13 0)
(1.5 1.39267e-13 0)
(1.5 1.22186e-13 0)
(1.5 1.11873e-13 0)
(1.5 1.24668e-13 0)
(1.5 1.36599e-13 0)
(1.5 1.69168e-13 0)
(1.5 6.17771e-14 0)
(1.5 4.22392e-14 0)
(1.5 1.34215e-13 0)
(1.5 1.04154e-13 0)
(1.5 5.37699e-14 0)
(1.5 2.4467e-14 0)
(1.5 5.35405e-14 0)
(1.5 1.57309e-14 0)
(1.5 -1.02883e-14 0)
(1.5 3.55277e-14 0)
(1.5 1.43855e-13 0)
(1.5 1.06959e-13 0)
(1.5 3.79218e-14 0)
(1.5 -1.16865e-13 0)
(1.5 -6.70173e-14 0)
(1.5 -1.22753e-15 0)
(1.5 4.38669e-14 0)
(1.5 1.53431e-13 0)
(1.5 2.02245e-13 0)
(1.5 2.63438e-13 0)
(1.5 2.56091e-13 0)
(1.5 1.58508e-13 0)
(1.5 1.09445e-13 0)
(1.5 2.14114e-13 0)
(1.5 2.26243e-13 0)
(1.5 1.84905e-13 0)
(1.5 2.37749e-13 0)
(1.5 2.28536e-13 0)
(1.5 1.82908e-13 0)
(1.5 1.65689e-13 0)
(1.5 1.5887e-13 0)
(1.5 2.59139e-13 0)
(1.5 3.52e-13 0)
(1.5 3.1108e-13 0)
(1.5 2.14584e-13 0)
(1.5 1.28504e-13 0)
(1.5 1.25961e-13 0)
(1.5 1.48024e-13 0)
(1.5 6.76651e-15 0)
(1.5 -2.26043e-14 0)
(1.5 -1.67788e-14 0)
(1.5 -3.12036e-14 0)
(1.5 -8.55269e-14 0)
(1.5 -7.18379e-14 0)
(1.5 -6.15482e-14 0)
(1.5 -6.596e-14 0)
(1.5 -5.08344e-14 0)
(1.5 -2.95698e-14 0)
(1.5 -2.92128e-14 0)
(1.5 7.32072e-14 0)
(1.5 1.77199e-15 0)
(1.5 -7.00025e-14 0)
(1.5 -5.42537e-14 0)
(1.5 -1.09055e-13 0)
(1.5 -5.14313e-14 0)
(1.5 1.23893e-14 0)
(1.5 -1.13171e-14 0)
(1.5 9.39905e-14 0)
(1.5 6.22104e-14 0)
(1.5 -6.72868e-14 0)
(1.5 -2.12488e-13 0)
(1.5 -1.57947e-13 0)
(1.5 -3.06806e-15 0)
(1.5 -8.81055e-14 0)
(1.5 -1.37661e-13 0)
(1.5 -1.51295e-13 0)
(1.5 -2.27732e-13 0)
(1.5 -2.2371e-13 0)
(1.5 -2.93223e-13 0)
(1.5 -2.53087e-13 0)
(1.5 -2.48975e-13 0)
(1.5 -3.58078e-13 0)
(1.5 -3.68066e-13 0)
(1.5 -3.07812e-13 0)
(1.5 -3.2536e-13 0)
(1.5 -2.82061e-13 0)
(1.5 -2.44079e-13 0)
(1.5 -1.96227e-13 0)
(1.5 -1.94085e-13 0)
(1.5 -8.933e-14 0)
(1.5 -1.94401e-13 0)
(1.5 -2.51453e-13 0)
(1.5 -2.10821e-13 0)
(1.5 -2.39627e-13 0)
(1.5 -3.74046e-13 0)
(1.5 -3.05141e-13 0)
(1.5 -1.99832e-13 0)
(1.5 -1.97701e-14 0)
(1.5 -9.54119e-15 0)
(1.5 -1.12129e-13 0)
(1.5 -2.00952e-13 0)
(1.5 -2.01865e-13 0)
(1.5 -2.16789e-13 0)
(1.5 -2.37549e-13 0)
(1.5 -2.11159e-13 0)
(1.5 -2.59218e-13 0)
(1.5 -3.0216e-13 0)
(1.5 -2.38471e-13 0)
(1.5 -1.98205e-13 0)
(1.5 -1.23644e-13 0)
(1.5 -9.33601e-14 0)
(1.5 -1.81061e-13 0)
(1.5 -1.67587e-13 0)
(1.5 -1.59431e-13 0)
(1.5 -1.52154e-13 0)
(1.5 -1.92395e-13 0)
(1.5 -2.51614e-13 0)
(1.5 -2.04111e-13 0)
(1.5 -1.25491e-13 0)
(1.5 -6.9792e-14 0)
(1.5 -8.12233e-14 0)
(1.5 -3.99189e-14 0)
(1.5 -1.52282e-14 0)
(1.5 2.98331e-15 0)
(1.5 -1.22128e-13 0)
(1.5 -1.06257e-13 0)
(1.5 -1.22026e-13 0)
(1.5 -1.76692e-13 0)
(1.5 -1.28003e-13 0)
(1.5 -9.8197e-14 0)
(1.5 -8.56964e-14 0)
(1.5 -4.94663e-14 0)
(1.5 1.62129e-14 0)
(1.5 6.27085e-14 0)
(1.5 -6.94783e-14 0)
(1.5 -1.51598e-13 0)
(1.5 -1.06906e-13 0)
(1.5 -9.55161e-14 0)
(1.5 -1.75496e-13 0)
(1.5 -2.27551e-13 0)
(1.5 -2.3615e-13 0)
(1.5 -3.3032e-13 0)
(1.5 -2.3728e-13 0)
(1.5 -2.4936e-13 0)
(1.5 -2.10058e-13 0)
(1.5 -1.60002e-13 0)
(1.5 -8.27577e-14 0)
(1.5 -7.97932e-14 0)
(1.5 -3.36015e-14 0)
(1.5 -5.42567e-14 0)
(1.5 -7.29111e-14 0)
(1.5 -2.2987e-13 0)
(1.5 -2.36861e-13 0)
(1.5 5.63644e-14 0)
(1.5 4.09074e-14 0)
(1.5 1.04522e-13 0)
(1.5 3.18466e-14 0)
(1.5 -1.39347e-13 0)
(1.5 -3.10745e-13 0)
(1.5 -2.98762e-13 0)
(1.5 -1.94321e-13 0)
(1.5 -1.1105e-13 0)
(1.5 -1.65584e-13 0)
(1.5 -1.04e-13 0)
(1.5 -4.10549e-14 0)
(1.5 3.11785e-14 0)
(1.5 -3.07042e-14 0)
(1.5 -6.42716e-14 0)
(1.5 -1.2272e-14 0)
(1.5 -3.79475e-15 0)
(1.5 5.36188e-14 0)
(1.5 7.46401e-14 0)
(1.5 -3.37984e-14 0)
(1.5 1.80374e-14 0)
(1.5 -1.2804e-14 0)
(1.5 -8.33015e-14 0)
(1.5 -2.12447e-14 0)
(1.5 -7.20533e-14 0)
(1.5 -1.55794e-14 0)
(1.5 2.6827e-14 0)
(1.5 -5.58985e-14 0)
(1.5 -6.55813e-14 0)
(1.5 -1.1158e-13 0)
(1.5 -1.8036e-14 0)
(1.5 -3.0732e-14 0)
(1.5 7.16411e-14 0)
(1.5 5.18846e-14 0)
(1.5 2.13618e-14 0)
(1.5 1.27159e-13 0)
(1.5 4.96523e-14 0)
(1.5 -6.11253e-14 0)
(1.5 -1.14507e-13 0)
(1.5 -5.01277e-14 0)
(1.5 -8.80331e-14 0)
(1.5 -2.05779e-14 0)
(1.5 4.46274e-14 0)
(1.5 7.8665e-14 0)
(1.5 3.84743e-14 0)
(1.5 1.12473e-13 0)
(1.5 8.78702e-14 0)
(1.5 1.1491e-13 0)
(1.5 1.01044e-13 0)
(1.5 9.67332e-14 0)
(1.5 5.99522e-14 0)
(1.5 6.27727e-14 0)
(1.5 1.02695e-13 0)
(1.5 1.08962e-13 0)
(1.5 1.01212e-13 0)
(1.5 7.18014e-14 0)
(1.5 5.38076e-14 0)
(1.5 5.32994e-15 0)
(1.5 2.61797e-14 0)
(1.5 1.24441e-13 0)
(1.5 1.83301e-13 0)
(1.5 5.93954e-14 0)
(1.5 1.61503e-14 0)
(1.5 -5.40225e-14 0)
(1.5 -2.42211e-14 0)
(1.5 3.47106e-14 0)
(1.5 -6.90512e-15 0)
(1.5 8.37871e-14 0)
(1.5 -2.27227e-14 0)
(1.5 -9.29994e-14 0)
(1.5 -1.9794e-13 0)
(1.5 -1.1009e-13 0)
(1.5 -2.76852e-14 0)
(1.5 4.25984e-14 0)
(1.5 8.50047e-14 0)
(1.5 1.33678e-13 0)
(1.5 1.86741e-13 0)
(1.5 1.49728e-13 0)
(1.5 9.51077e-14 0)
(1.5 9.58425e-14 0)
(1.5 1.88994e-13 0)
(1.5 2.65286e-13 0)
(1.5 1.82665e-13 0)
(1.5 2.83158e-13 0)
(1.5 1.88414e-13 0)
(1.5 2.59613e-13 0)
(1.5 2.38448e-13 0)
(1.5 1.45417e-13 0)
(1.5 1.91803e-13 0)
(1.5 2.2997e-13 0)
(1.5 1.978e-13 0)
(1.5 1.22511e-13 0)
(1.5 1.52028e-13 0)
(1.5 1.5044e-13 0)
(1.5 6.84908e-14 0)
(1.5 -1.04638e-13 0)
(1.5 -1.63068e-13 0)
(1.5 -1.60137e-13 0)
(1.5 -1.13914e-13 0)
(1.5 -1.0378e-13 0)
(1.5 -1.05393e-13 0)
(1.5 -1.02901e-13 0)
(1.5 -7.30873e-14 0)
(1.5 -3.92842e-14 0)
(1.5 1.93184e-15 0)
(1.5 6.3426e-14 0)
(1.5 7.81069e-14 0)
(1.5 -3.69393e-14 0)
(1.5 -4.50682e-14 0)
(1.5 -9.14928e-14 0)
(1.5 -1.42777e-13 0)
(1.5 -1.37445e-13 0)
(1.5 -9.1428e-14 0)
(1.5 -6.26728e-14 0)
(1.5 -1.39389e-14 0)
(1.5 4.06849e-14 0)
(1.5 6.74447e-15 0)
(1.5 -1.72905e-13 0)
(1.5 -1.33974e-13 0)
(1.5 -5.01059e-14 0)
(1.5 -7.26798e-14 0)
(1.5 -1.62771e-13 0)
(1.5 -1.61931e-13 0)
(1.5 -1.839e-13 0)
(1.5 -1.36958e-13 0)
(1.5 -1.90624e-13 0)
(1.5 -2.58275e-13 0)
(1.5 -3.98046e-13 0)
(1.5 -4.31419e-13 0)
(1.5 -3.86285e-13 0)
(1.5 -3.30195e-13 0)
(1.5 -3.09948e-13 0)
(1.5 -2.96756e-13 0)
(1.5 -4.14048e-13 0)
(1.5 -3.05837e-13 0)
(1.5 -1.54021e-13 0)
(1.5 -7.07921e-14 0)
(1.5 -5.65514e-14 0)
(1.5 -2.04846e-13 0)
(1.5 -1.7076e-13 0)
(1.5 -9.86414e-14 0)
(1.5 -2.54685e-13 0)
(1.5 -2.24329e-13 0)
(1.5 -1.61168e-13 0)
(1.5 -6.12014e-14 0)
(1.5 2.15808e-14 0)
(1.5 -6.10039e-14 0)
(1.5 -1.14453e-13 0)
(1.5 -1.7265e-13 0)
(1.5 -2.56572e-13 0)
(1.5 -2.72192e-13 0)
(1.5 -2.43722e-13 0)
(1.5 -2.31381e-13 0)
(1.5 -2.9558e-13 0)
(1.5 -2.61235e-13 0)
(1.5 -2.34582e-13 0)
(1.5 -1.42268e-13 0)
(1.5 -8.31441e-14 0)
(1.5 -1.84533e-13 0)
(1.5 -1.24465e-13 0)
(1.5 -1.49245e-13 0)
(1.5 -1.83311e-13 0)
(1.5 -1.94325e-13 0)
(1.5 -1.80893e-13 0)
(1.5 -1.45726e-13 0)
(1.5 -1.04016e-13 0)
(1.5 -1.09243e-13 0)
(1.5 -3.89842e-14 0)
(1.5 2.43776e-14 0)
(1.5 3.25246e-14 0)
(1.5 7.36592e-16 0)
(1.5 -1.58072e-13 0)
(1.5 -2.45239e-14 0)
(1.5 -7.45813e-15 0)
(1.5 2.153e-14 0)
(1.5 4.69142e-14 0)
(1.5 7.06736e-14 0)
(1.5 2.73453e-14 0)
(1.5 -1.87819e-14 0)
(1.5 -5.27052e-14 0)
(1.5 -4.33507e-14 0)
(1.5 -1.52387e-13 0)
(1.5 -1.42487e-13 0)
(1.5 -9.03697e-14 0)
(1.5 -1.01766e-14 0)
(1.5 1.22288e-14 0)
(1.5 -9.30966e-14 0)
(1.5 -5.20308e-14 0)
(1.5 -1.53725e-13 0)
(1.5 -1.46023e-13 0)
(1.5 -6.64361e-14 0)
(1.5 -5.43895e-14 0)
(1.5 1.4205e-14 0)
(1.5 -1.94385e-14 0)
(1.5 -5.07476e-14 0)
(1.5 -5.3615e-14 0)
(1.5 -1.10716e-13 0)
(1.5 -1.31675e-13 0)
(1.5 -1.78421e-13 0)
(1.5 -1.83917e-13 0)
(1.5 7.94945e-14 0)
(1.5 1.44001e-14 0)
(1.5 -3.1703e-14 0)
(1.5 -6.31718e-14 0)
(1.5 -1.34703e-13 0)
(1.5 -2.55785e-13 0)
(1.5 -3.30118e-13 0)
(1.5 -2.39048e-13 0)
(1.5 -1.62521e-13 0)
(1.5 -1.59395e-13 0)
(1.5 -1.12308e-13 0)
(1.5 -4.69553e-14 0)
(1.5 -2.48652e-14 0)
(1.5 -3.4914e-14 0)
(1.5 -7.75794e-14 0)
(1.5 -2.35984e-14 0)
(1.5 4.84001e-15 0)
(1.5 7.2369e-14 0)
(1.5 6.07224e-14 0)
(1.5 -8.42342e-14 0)
(1.5 -7.63803e-14 0)
(1.5 -3.21617e-14 0)
(1.5 -2.29513e-15 0)
(1.5 -4.24535e-15 0)
(1.5 -7.55544e-14 0)
(1.5 -1.00418e-13 0)
(1.5 -6.60699e-14 0)
(1.5 -1.13735e-13 0)
(1.5 -1.02786e-13 0)
(1.5 -1.34636e-13 0)
(1.5 -6.04786e-14 0)
(1.5 -1.90478e-15 0)
(1.5 -9.69648e-15 0)
(1.5 -4.01986e-14 0)
(1.5 -9.63649e-14 0)
(1.5 9.64717e-15 0)
(1.5 -6.3521e-14 0)
(1.5 -9.26454e-14 0)
(1.5 -9.06527e-14 0)
(1.5 -6.37627e-14 0)
(1.5 -8.69548e-14 0)
(1.5 -1.77664e-14 0)
(1.5 3.56146e-14 0)
(1.5 5.75962e-14 0)
(1.5 -1.39865e-14 0)
(1.5 -1.53222e-14 0)
(1.5 4.10476e-14 0)
(1.5 2.50464e-14 0)
(1.5 7.05653e-14 0)
(1.5 1.6048e-13 0)
(1.5 9.87847e-14 0)
(1.5 9.25971e-14 0)
(1.5 9.76341e-14 0)
(1.5 1.04332e-13 0)
(1.5 1.41966e-13 0)
(1.5 4.35411e-14 0)
(1.5 1.6045e-14 0)
(1.5 5.65953e-14 0)
(1.5 1.4e-13 0)
(1.5 1.47261e-13 0)
(1.5 1.78671e-13 0)
(1.5 8.38796e-14 0)
(1.5 3.87425e-14 0)
(1.5 -8.92138e-14 0)
(1.5 -5.24872e-14 0)
(1.5 1.76492e-14 0)
(1.5 -3.12601e-14 0)
(1.5 -8.22411e-14 0)
(1.5 -1.11998e-13 0)
(1.5 -1.26614e-13 0)
(1.5 -8.76241e-14 0)
(1.5 -1.97897e-14 0)
(1.5 -1.48559e-14 0)
(1.5 6.19999e-14 0)
(1.5 2.09843e-14 0)
(1.5 1.02783e-13 0)
(1.5 1.63401e-13 0)
(1.5 9.87988e-14 0)
(1.5 8.05513e-14 0)
(1.5 8.26069e-14 0)
(1.5 1.61217e-13 0)
(1.5 3.05726e-13 0)
(1.5 3.02863e-13 0)
(1.5 3.59157e-13 0)
(1.5 2.369e-13 0)
(1.5 2.5729e-13 0)
(1.5 2.3969e-13 0)
(1.5 1.63297e-13 0)
(1.5 1.20589e-13 0)
(1.5 1.41435e-13 0)
(1.5 6.51338e-14 0)
(1.5 6.42833e-14 0)
(1.5 1.58863e-13 0)
(1.5 1.97291e-13 0)
(1.5 6.92721e-14 0)
(1.5 -1.70088e-13 0)
(1.5 -3.55049e-13 0)
(1.5 -3.20338e-13 0)
(1.5 -2.31046e-13 0)
(1.5 -2.19981e-13 0)
(1.5 -2.29874e-13 0)
(1.5 -2.47861e-13 0)
(1.5 -1.64892e-13 0)
(1.5 -4.79924e-14 0)
(1.5 2.97443e-14 0)
(1.5 9.8434e-14 0)
(1.5 -7.49081e-15 0)
(1.5 -9.53387e-14 0)
(1.5 -5.64108e-14 0)
(1.5 -3.65126e-14 0)
(1.5 -5.8988e-14 0)
(1.5 -1.62828e-13 0)
(1.5 -1.87137e-13 0)
(1.5 -1.30839e-13 0)
(1.5 -8.27156e-14 0)
(1.5 7.95928e-15 0)
(1.5 -1.31823e-14 0)
(1.5 -9.42159e-14 0)
(1.5 -1.00772e-13 0)
(1.5 -9.22308e-14 0)
(1.5 -9.06449e-14 0)
(1.5 -1.82436e-13 0)
(1.5 -8.96649e-14 0)
(1.5 -5.91351e-14 0)
(1.5 -4.38547e-14 0)
(1.5 -1.41618e-13 0)
(1.5 -3.32061e-13 0)
(1.5 -4.55856e-13 0)
(1.5 -4.27782e-13 0)
(1.5 -3.24782e-13 0)
(1.5 -2.95091e-13 0)
(1.5 -2.27704e-13 0)
(1.5 -2.32269e-13 0)
(1.5 -2.85174e-13 0)
(1.5 -2.64625e-13 0)
(1.5 -1.30583e-13 0)
(1.5 -1.35031e-13 0)
(1.5 -1.01963e-13 0)
(1.5 -1.49998e-13 0)
(1.5 -1.92111e-13 0)
(1.5 -8.19511e-14 0)
(1.5 -7.34451e-14 0)
(1.5 -1.39325e-13 0)
(1.5 -1.56478e-13 0)
(1.5 -1.14952e-13 0)
(1.5 1.20666e-15 0)
(1.5 -1.1533e-14 0)
(1.5 -3.05879e-14 0)
(1.5 -1.19536e-13 0)
(1.5 -2.29753e-13 0)
(1.5 -2.93717e-13 0)
(1.5 -3.05772e-13 0)
(1.5 -2.21113e-13 0)
(1.5 -1.86593e-13 0)
(1.5 -2.3386e-13 0)
(1.5 -2.41604e-13 0)
(1.5 -1.69251e-13 0)
(1.5 -1.31319e-13 0)
(1.5 -1.93976e-13 0)
(1.5 -1.41327e-13 0)
(1.5 -1.24854e-13 0)
(1.5 -1.88371e-13 0)
(1.5 -2.3403e-13 0)
(1.5 -2.0349e-13 0)
(1.5 -1.47303e-13 0)
(1.5 -8.22027e-14 0)
(1.5 -4.76413e-14 0)
(1.5 -3.14011e-14 0)
(1.5 6.48294e-14 0)
(1.5 1.11429e-13 0)
(1.5 8.38652e-14 0)
(1.5 3.32089e-14 0)
(1.5 -4.76208e-15 0)
(1.5 1.54732e-14 0)
(1.5 2.57629e-14 0)
(1.5 1.32176e-14 0)
(1.5 5.78414e-14 0)
(1.5 6.51555e-14 0)
(1.5 -3.95833e-14 0)
(1.5 -1.10783e-13 0)
(1.5 -8.93963e-14 0)
(1.5 -5.35668e-14 0)
(1.5 -1.12618e-13 0)
(1.5 -1.50076e-13 0)
(1.5 -1.03275e-13 0)
(1.5 5.45095e-14 0)
(1.5 5.89209e-14 0)
(1.5 2.42161e-14 0)
(1.5 -2.00585e-17 0)
(1.5 -3.53462e-14 0)
(1.5 -1.70831e-14 0)
(1.5 -5.40637e-14 0)
(1.5 3.78106e-15 0)
(1.5 -4.68878e-15 0)
(1.5 -3.03528e-14 0)
(1.5 -1.26993e-13 0)
(1.5 -1.35884e-13 0)
(1.5 -1.97762e-13 0)
(1.5 -1.69388e-13 0)
(1.5 -1.25584e-13 0)
(1.5 1.92743e-14 0)
(1.5 -1.81512e-14 0)
(1.5 -2.77646e-14 0)
(1.5 -3.35541e-14 0)
(1.5 -1.17079e-13 0)
(1.5 -2.17236e-13 0)
(1.5 -3.2756e-13 0)
(1.5 -2.43545e-13 0)
(1.5 -1.98502e-13 0)
(1.5 -1.56317e-13 0)
(1.5 -1.37885e-13 0)
(1.5 -2.55216e-14 0)
(1.5 3.67609e-14 0)
(1.5 1.49856e-14 0)
(1.5 -2.51354e-14 0)
(1.5 -2.30731e-14 0)
(1.5 4.39062e-14 0)
(1.5 5.30302e-14 0)
(1.5 3.00399e-14 0)
(1.5 -4.55627e-14 0)
(1.5 -2.38128e-14 0)
(1.5 2.13427e-14 0)
(1.5 6.88988e-15 0)
(1.5 4.14912e-15 0)
(1.5 -6.22382e-14 0)
(1.5 -6.82728e-14 0)
(1.5 -5.31629e-15 0)
(1.5 -7.77398e-14 0)
(1.5 -7.61289e-14 0)
(1.5 -1.10095e-13 0)
(1.5 -1.52991e-13 0)
(1.5 -9.26561e-14 0)
(1.5 -9.87085e-14 0)
(1.5 -1.08813e-13 0)
(1.5 -1.7397e-13 0)
(1.5 -1.06088e-13 0)
(1.5 -1.07702e-13 0)
(1.5 -3.76193e-14 0)
(1.5 1.72047e-14 0)
(1.5 -4.77208e-14 0)
(1.5 -8.90619e-15 0)
(1.5 4.93298e-14 0)
(1.5 6.14635e-14 0)
(1.5 8.93876e-14 0)
(1.5 5.67475e-14 0)
(1.5 4.44351e-15 0)
(1.5 -6.14866e-15 0)
(1.5 -4.85265e-14 0)
(1.5 3.42751e-14 0)
(1.5 8.61719e-14 0)
(1.5 5.24278e-14 0)
(1.5 9.42507e-14 0)
(1.5 1.0557e-13 0)
(1.5 1.30546e-13 0)
(1.5 1.63227e-13 0)
(1.5 1.08055e-13 0)
(1.5 6.62697e-14 0)
(1.5 1.12392e-13 0)
(1.5 2.14576e-13 0)
(1.5 1.83435e-13 0)
(1.5 1.79285e-13 0)
(1.5 1.69938e-13 0)
(1.5 1.18114e-13 0)
(1.5 -1.81804e-14 0)
(1.5 -7.01615e-14 0)
(1.5 -7.07385e-14 0)
(1.5 5.13667e-15 0)
(1.5 -1.07637e-13 0)
(1.5 -2.27698e-14 0)
(1.5 2.82787e-14 0)
(1.5 1.05749e-13 0)
(1.5 8.62893e-14 0)
(1.5 -1.28784e-14 0)
(1.5 8.83473e-15 0)
(1.5 -9.10884e-14 0)
(1.5 1.21199e-14 0)
(1.5 1.10494e-13 0)
(1.5 1.71865e-13 0)
(1.5 1.32705e-13 0)
(1.5 9.2257e-14 0)
(1.5 1.66939e-13 0)
(1.5 2.65834e-13 0)
(1.5 2.55339e-13 0)
(1.5 2.37392e-13 0)
(1.5 2.46259e-13 0)
(1.5 2.29622e-13 0)
(1.5 2.67514e-13 0)
(1.5 2.6097e-13 0)
(1.5 1.92857e-13 0)
(1.5 1.5551e-13 0)
(1.5 1.25743e-13 0)
(1.5 1.15176e-13 0)
(1.5 1.45664e-13 0)
(1.5 1.12409e-13 0)
(1.5 3.59859e-14 0)
(1.5 -1.45359e-13 0)
(1.5 -2.80467e-13 0)
(1.5 -2.18169e-13 0)
(1.5 -2.73973e-13 0)
(1.5 -2.69277e-13 0)
(1.5 -2.66405e-13 0)
(1.5 -2.4317e-13 0)
(1.5 -1.01236e-13 0)
(1.5 -1.483e-14 0)
(1.5 1.24234e-14 0)
(1.5 6.22289e-14 0)
(1.5 -1.3054e-14 0)
(1.5 -5.94419e-14 0)
(1.5 -6.71897e-14 0)
(1.5 -2.42732e-14 0)
(1.5 -8.57163e-14 0)
(1.5 -1.66684e-13 0)
(1.5 -1.30822e-13 0)
(1.5 -9.66127e-14 0)
(1.5 -6.35262e-15 0)
(1.5 3.44867e-14 0)
(1.5 1.56829e-14 0)
(1.5 -6.78815e-14 0)
(1.5 -1.27729e-13 0)
(1.5 -1.31616e-13 0)
(1.5 -1.93814e-13 0)
(1.5 -2.30201e-13 0)
(1.5 -7.95785e-14 0)
(1.5 -4.98374e-14 0)
(1.5 -4.01658e-14 0)
(1.5 -1.65743e-13 0)
(1.5 -3.34419e-13 0)
(1.5 -4.35493e-13 0)
(1.5 -4.31486e-13 0)
(1.5 -3.6206e-13 0)
(1.5 -2.32241e-13 0)
(1.5 -1.63841e-13 0)
(1.5 -2.04124e-13 0)
(1.5 -9.38029e-14 0)
(1.5 -1.066e-13 0)
(1.5 -1.03456e-13 0)
(1.5 -1.44077e-13 0)
(1.5 -1.61102e-13 0)
(1.5 -5.71355e-14 0)
(1.5 -1.00365e-13 0)
(1.5 -5.47076e-14 0)
(1.5 9.16039e-14 0)
(1.5 -2.47651e-14 0)
(1.5 -9.83255e-14 0)
(1.5 -3.09893e-14 0)
(1.5 7.18558e-14 0)
(1.5 7.82801e-14 0)
(1.5 2.4911e-14 0)
(1.5 -4.27662e-14 0)
(1.5 -8.87979e-14 0)
(1.5 -1.70821e-13 0)
(1.5 -2.24183e-13 0)
(1.5 -1.46287e-13 0)
(1.5 5.71775e-14 0)
(1.5 -4.33176e-14 0)
(1.5 -1.51875e-13 0)
(1.5 -1.53579e-13 0)
(1.5 -1.89655e-13 0)
(1.5 -1.29853e-13 0)
(1.5 -1.43024e-13 0)
(1.5 -1.12123e-13 0)
(1.5 -1.678e-13 0)
(1.5 -2.42788e-13 0)
(1.5 -2.28367e-13 0)
(1.5 -2.01153e-13 0)
(1.5 -7.98905e-14 0)
(1.5 1.63959e-14 0)
(1.5 -5.33364e-14 0)
(1.5 1.95304e-14 0)
(1.5 8.3146e-14 0)
(1.5 9.02082e-14 0)
(1.5 1.61188e-13 0)
(1.5 1.16351e-13 0)
(1.5 1.1976e-13 0)
(1.5 8.68699e-14 0)
(1.5 5.17004e-14 0)
(1.5 5.71996e-14 0)
(1.5 8.44786e-14 0)
(1.5 8.00273e-14 0)
(1.5 1.17962e-13 0)
(1.5 9.00628e-14 0)
(1.5 2.84849e-14 0)
(1.5 -8.56866e-14 0)
(1.5 -1.69718e-13 0)
(1.5 -1.5688e-13 0)
(1.5 -3.68513e-14 0)
(1.5 4.70903e-14 0)
(1.5 -3.03725e-14 0)
(1.5 2.42057e-14 0)
(1.5 -3.46248e-14 0)
(1.5 -5.24854e-14 0)
(1.5 -6.31399e-14 0)
(1.5 -6.90929e-14 0)
(1.5 5.77156e-15 0)
(1.5 -1.02857e-14 0)
(1.5 -6.0806e-14 0)
(1.5 -5.39488e-14 0)
(1.5 -3.85493e-14 0)
(1.5 -1.81297e-14 0)
(1.5 -2.73903e-14 0)
(1.5 -1.49806e-15 0)
(1.5 -1.90636e-14 0)
(1.5 -3.41117e-14 0)
(1.5 -1.65277e-14 0)
(1.5 -5.81033e-14 0)
(1.5 -8.4983e-14 0)
(1.5 -1.80614e-13 0)
(1.5 -1.89533e-13 0)
(1.5 -1.96668e-13 0)
(1.5 -1.72676e-13 0)
(1.5 -1.55965e-13 0)
(1.5 -3.55625e-14 0)
(1.5 6.73672e-14 0)
(1.5 4.02404e-14 0)
(1.5 9.50872e-15 0)
(1.5 2.58779e-15 0)
(1.5 9.0867e-14 0)
(1.5 -3.98545e-14 0)
(1.5 -8.51261e-14 0)
(1.5 -7.00515e-14 0)
(1.5 -1.05397e-14 0)
(1.5 7.44802e-14 0)
(1.5 1.16228e-14 0)
(1.5 4.12212e-14 0)
(1.5 -7.16634e-14 0)
(1.5 -6.10131e-14 0)
(1.5 1.15326e-14 0)
(1.5 -4.23328e-14 0)
(1.5 -3.2275e-14 0)
(1.5 -7.53586e-14 0)
(1.5 -1.41234e-13 0)
(1.5 -1.1484e-13 0)
(1.5 -7.02171e-14 0)
(1.5 -5.64788e-14 0)
(1.5 -8.79066e-14 0)
(1.5 -1.09359e-13 0)
(1.5 -3.65651e-14 0)
(1.5 5.57312e-14 0)
(1.5 2.89879e-14 0)
(1.5 1.6511e-14 0)
(1.5 5.43686e-14 0)
(1.5 4.20117e-14 0)
(1.5 4.31093e-14 0)
(1.5 -6.30719e-15 0)
(1.5 3.23335e-14 0)
(1.5 3.64629e-15 0)
(1.5 -3.84893e-14 0)
(1.5 -4.46618e-14 0)
(1.5 2.80492e-14 0)
(1.5 5.04521e-15 0)
(1.5 -1.2686e-14 0)
(1.5 6.22544e-14 0)
(1.5 9.66742e-14 0)
(1.5 1.45816e-13 0)
(1.5 7.59062e-14 0)
(1.5 4.59881e-14 0)
(1.5 5.05693e-15 0)
(1.5 2.84231e-14 0)
(1.5 4.94113e-14 0)
(1.5 4.95084e-14 0)
(1.5 6.40452e-14 0)
(1.5 1.1486e-13 0)
(1.5 8.90009e-14 0)
(1.5 1.94673e-14 0)
(1.5 -5.04311e-14 0)
(1.5 -8.2059e-14 0)
(1.5 6.20345e-15 0)
(1.5 -2.23107e-14 0)
(1.5 -1.82692e-14 0)
(1.5 3.33291e-14 0)
(1.5 1.02962e-13 0)
(1.5 4.96139e-14 0)
(1.5 -6.25937e-14 0)
(1.5 -2.91599e-14 0)
(1.5 -8.18184e-14 0)
(1.5 -4.45958e-14 0)
(1.5 -2.29106e-14 0)
(1.5 1.36002e-13 0)
(1.5 1.4912e-13 0)
(1.5 1.28059e-13 0)
(1.5 1.94976e-13 0)
(1.5 2.13064e-13 0)
(1.5 1.21465e-13 0)
(1.5 9.21671e-14 0)
(1.5 1.38784e-13 0)
(1.5 1.53858e-13 0)
(1.5 2.15763e-13 0)
(1.5 2.19702e-13 0)
(1.5 2.15657e-13 0)
(1.5 1.17476e-13 0)
(1.5 9.55716e-14 0)
(1.5 1.08403e-13 0)
(1.5 1.22394e-13 0)
(1.5 7.46596e-14 0)
(1.5 7.68186e-14 0)
(1.5 3.18365e-14 0)
(1.5 -3.7779e-14 0)
(1.5 -6.13061e-14 0)
(1.5 -1.42077e-13 0)
(1.5 -1.46518e-13 0)
(1.5 -2.03913e-13 0)
(1.5 -1.97208e-13 0)
(1.5 -2.03088e-14 0)
(1.5 1.64021e-14 0)
(1.5 -4.85522e-14 0)
(1.5 -2.26853e-14 0)
(1.5 -3.4585e-14 0)
(1.5 -4.05824e-14 0)
(1.5 -1.05081e-13 0)
(1.5 -1.2257e-13 0)
(1.5 -1.83641e-13 0)
(1.5 -1.97186e-13 0)
(1.5 -1.23219e-13 0)
(1.5 -7.63808e-14 0)
(1.5 -3.53827e-14 0)
(1.5 5.26993e-14 0)
(1.5 6.97117e-14 0)
(1.5 -4.71649e-14 0)
(1.5 -8.53419e-14 0)
(1.5 -1.33571e-13 0)
(1.5 -1.82627e-13 0)
(1.5 -1.56183e-13 0)
(1.5 -1.26246e-13 0)
(1.5 -1.63452e-13 0)
(1.5 -1.45787e-13 0)
(1.5 -1.4344e-13 0)
(1.5 -1.1323e-13 0)
(1.5 -1.98436e-13 0)
(1.5 -2.21122e-13 0)
(1.5 -1.94954e-13 0)
(1.5 -1.04889e-13 0)
(1.5 -1.35815e-13 0)
(1.5 -2.03629e-13 0)
(1.5 -4.31455e-14 0)
(1.5 -7.22695e-17 0)
(1.5 -1.4763e-14 0)
(1.5 -6.99679e-14 0)
(1.5 -1.2345e-13 0)
(1.5 -1.71687e-15 0)
(1.5 -1.32719e-14 0)
(1.5 -3.48123e-14 0)
(1.5 6.14158e-14 0)
(1.5 -2.18446e-14 0)
(1.5 -5.64963e-14 0)
(1.5 2.26258e-15 0)
(1.5 9.6916e-14 0)
(1.5 1.29426e-13 0)
(1.5 8.65451e-14 0)
(1.5 1.84222e-14 0)
(1.5 5.93917e-15 0)
(1.5 -2.8002e-14 0)
(1.5 -7.3677e-14 0)
(1.5 -4.72426e-14 0)
(1.5 7.75352e-14 0)
(1.5 2.49186e-14 0)
(1.5 -7.67378e-14 0)
(1.5 -1.02661e-13 0)
(1.5 -1.65103e-13 0)
(1.5 -5.13497e-14 0)
(1.5 -8.44764e-14 0)
(1.5 -6.28656e-14 0)
(1.5 -4.47952e-14 0)
(1.5 -9.87743e-14 0)
(1.5 -8.09945e-14 0)
(1.5 -4.85141e-14 0)
(1.5 4.965e-14 0)
(1.5 4.88296e-14 0)
(1.5 -1.83974e-14 0)
(1.5 -4.22646e-14 0)
(1.5 7.61883e-16 0)
(1.5 6.17855e-14 0)
(1.5 1.92822e-13 0)
(1.5 1.86703e-13 0)
(1.5 1.59464e-13 0)
(1.5 1.18171e-13 0)
(1.5 8.36032e-14 0)
(1.5 8.02732e-14 0)
(1.5 5.0358e-14 0)
(1.5 1.16026e-13 0)
(1.5 1.47978e-13 0)
(1.5 6.69737e-14 0)
(1.5 -5.03538e-14 0)
(1.5 -9.50613e-14 0)
(1.5 -1.0012e-13 0)
(1.5 -1.10967e-13 0)
(1.5 -1.89025e-13 0)
(1.5 -9.12418e-14 0)
(1.5 -1.28057e-13 0)
(1.5 -7.53718e-14 0)
(1.5 -1.06414e-13 0)
(1.5 -6.07088e-14 0)
(1.5 -6.39704e-14 0)
(1.5 -1.13726e-13 0)
(1.5 -8.99663e-14 0)
(1.5 -8.92102e-14 0)
(1.5 -6.87918e-14 0)
(1.5 -1.03681e-13 0)
(1.5 -3.42154e-14 0)
(1.5 1.353e-14 0)
(1.5 -1.21943e-15 0)
(1.5 -2.07789e-15 0)
(1.5 9.69801e-15 0)
(1.5 2.3884e-14 0)
(1.5 4.09786e-14 0)
(1.5 6.03105e-14 0)
(1.5 1.60363e-14 0)
(1.5 -5.02118e-14 0)
(1.5 -1.22124e-13 0)
(1.5 -1.282e-13 0)
(1.5 -1.29633e-13 0)
(1.5 -4.47742e-14 0)
(1.5 -4.29407e-14 0)
(1.5 -3.62925e-15 0)
(1.5 1.1914e-14 0)
(1.5 -2.08231e-15 0)
(1.5 -5.85838e-15 0)
(1.5 -4.57373e-14 0)
(1.5 -4.44392e-14 0)
(1.5 -6.83249e-16 0)
(1.5 3.80326e-14 0)
(1.5 4.84903e-14 0)
(1.5 5.49912e-14 0)
(1.5 4.18448e-14 0)
(1.5 6.39752e-14 0)
(1.5 3.57576e-14 0)
(1.5 1.8908e-14 0)
(1.5 3.41777e-14 0)
(1.5 2.44077e-14 0)
(1.5 4.57196e-14 0)
(1.5 2.9227e-14 0)
(1.5 -1.80151e-14 0)
(1.5 -3.93639e-14 0)
(1.5 -9.49172e-14 0)
(1.5 -1.72796e-14 0)
(1.5 6.82462e-14 0)
(1.5 2.19203e-14 0)
(1.5 8.34203e-14 0)
(1.5 7.61538e-14 0)
(1.5 1.5e-14 0)
(1.5 8.90357e-14 0)
(1.5 1.17572e-13 0)
(1.5 8.50987e-14 0)
(1.5 1.17016e-13 0)
(1.5 2.9461e-14 0)
(1.5 5.95499e-14 0)
(1.5 -1.03033e-15 0)
(1.5 -1.28555e-14 0)
(1.5 2.62479e-15 0)
(1.5 6.90584e-14 0)
(1.5 8.56103e-14 0)
(1.5 9.42771e-14 0)
(1.5 1.29466e-13 0)
(1.5 1.24257e-13 0)
(1.5 1.75473e-13 0)
(1.5 1.17616e-13 0)
(1.5 3.96052e-14 0)
(1.5 -1.72264e-14 0)
(1.5 -4.09811e-14 0)
(1.5 -1.60424e-14 0)
(1.5 -8.7144e-15 0)
(1.5 -6.45731e-15 0)
(1.5 7.90698e-15 0)
(1.5 -3.81492e-14 0)
(1.5 -7.65022e-15 0)
(1.5 1.12535e-14 0)
(1.5 3.06167e-14 0)
(1.5 8.29494e-15 0)
(1.5 -1.4869e-14 0)
(1.5 -6.97792e-14 0)
(1.5 -6.96461e-14 0)
(1.5 -8.73581e-14 0)
(1.5 -9.41011e-14 0)
(1.5 -5.77888e-14 0)
(1.5 -4.40056e-14 0)
(1.5 -8.08981e-14 0)
(1.5 -1.11662e-13 0)
(1.5 -9.97344e-14 0)
(1.5 -1.07583e-14 0)
(1.5 4.06276e-14 0)
(1.5 7.42131e-15 0)
(1.5 -2.99351e-14 0)
(1.5 -2.86627e-14 0)
(1.5 -2.07279e-14 0)
(1.5 -1.80004e-14 0)
(1.5 -3.0942e-16 0)
(1.5 7.39136e-15 0)
(1.5 2.95525e-14 0)
(1.5 6.56208e-14 0)
(1.5 1.45836e-13 0)
(1.5 8.30812e-14 0)
(1.5 8.28015e-14 0)
(1.5 1.38499e-13 0)
(1.5 1.73569e-13 0)
(1.5 1.52132e-13 0)
(1.5 1.31905e-13 0)
(1.5 1.74134e-13 0)
(1.5 1.42624e-13 0)
(1.5 5.6764e-14 0)
(1.5 -4.52804e-14 0)
(1.5 -5.96812e-14 0)
(1.5 -1.04068e-13 0)
(1.5 -1.02561e-13 0)
(1.5 -9.10836e-14 0)
(1.5 -9.73476e-14 0)
(1.5 -9.0618e-14 0)
(1.5 -8.26154e-14 0)
(1.5 -4.91785e-14 0)
(1.5 -4.99411e-14 0)
(1.5 -1.36807e-13 0)
(1.5 -1.84583e-13 0)
(1.5 -1.9396e-13 0)
(1.5 -1.40706e-13 0)
(1.5 -1.11189e-13 0)
(1.5 -6.98432e-14 0)
(1.5 -3.3285e-14 0)
(1.5 1.62332e-14 0)
(1.5 6.69088e-14 0)
(1.5 -4.27448e-14 0)
(1.5 -2.72837e-14 0)
(1.5 -1.06813e-14 0)
(1.5 -2.97457e-15 0)
(1.5 2.86945e-14 0)
(1.5 -7.09256e-14 0)
(1.5 -1.20587e-13 0)
(1.5 -7.35703e-14 0)
(1.5 -4.55148e-14 0)
(1.5 8.30481e-14 0)
(1.5 4.40401e-14 0)
(1.5 -1.27119e-14 0)
(1.5 5.78145e-14 0)
(1.5 6.04035e-14 0)
(1.5 4.81547e-14 0)
(1.5 1.90432e-14 0)
(1.5 7.91691e-14 0)
(1.5 1.31323e-13 0)
(1.5 6.45588e-14 0)
(1.5 9.29526e-15 0)
(1.5 -5.25538e-14 0)
(1.5 -1.25076e-16 0)
(1.5 2.19226e-14 0)
(1.5 -1.13548e-15 0)
(1.5 -1.38394e-14 0)
(1.5 -2.01145e-14 0)
(1.5 -3.63464e-14 0)
(1.5 -5.03376e-14 0)
(1.5 -3.00795e-14 0)
(1.5 5.42128e-14 0)
(1.5 1.12521e-13 0)
(1.5 9.15397e-15 0)
(1.5 5.5877e-14 0)
(1.5 1.26336e-13 0)
(1.5 9.72917e-14 0)
(1.5 3.13446e-14 0)
(1.5 -3.47792e-14 0)
(1.5 -4.01137e-14 0)
(1.5 -2.96e-14 0)
(1.5 -5.09993e-14 0)
(1.5 -4.77271e-14 0)
(1.5 2.22212e-14 0)
(1.5 -4.95342e-14 0)
(1.5 -7.06821e-14 0)
(1.5 -3.84599e-14 0)
(1.5 3.82758e-15 0)
(1.5 4.79025e-14 0)
(1.5 -1.86257e-17 0)
(1.5 2.48796e-14 0)
(1.5 2.68844e-14 0)
(1.5 -2.45759e-14 0)
(1.5 -1.22158e-13 0)
(1.5 -5.42518e-14 0)
(1.5 5.91623e-14 0)
(1.5 1.38959e-13 0)
(1.5 1.54155e-13 0)
(1.5 8.9694e-14 0)
(1.5 7.38589e-14 0)
(1.5 9.4966e-14 0)
(1.5 1.29029e-13 0)
(1.5 1.11582e-13 0)
(1.5 1.39773e-13 0)
(1.5 6.35091e-14 0)
(1.5 -1.92489e-14 0)
(1.5 -1.35899e-13 0)
(1.5 -1.06657e-13 0)
(1.5 -3.22833e-14 0)
(1.5 -7.37327e-14 0)
(1.5 -1.97783e-13 0)
(1.5 -1.18512e-13 0)
(1.5 -6.46551e-14 0)
(1.5 -9.29074e-14 0)
(1.5 -2.78571e-15 0)
(1.5 3.41141e-14 0)
(1.5 -8.82052e-14 0)
(1.5 -1.24498e-13 0)
(1.5 -1.90113e-13 0)
(1.5 -2.94085e-13 0)
(1.5 -1.91786e-13 0)
(1.5 -1.95632e-13 0)
(1.5 -1.08386e-13 0)
(1.5 -8.64492e-15 0)
(1.5 -1.39344e-14 0)
(1.5 7.31685e-15 0)
(1.5 5.17637e-14 0)
(1.5 1.30316e-13 0)
(1.5 1.74501e-13 0)
(1.5 1.64375e-13 0)
(1.5 1.32947e-13 0)
(1.5 1.81413e-13 0)
(1.5 5.7984e-14 0)
(1.5 -2.30843e-14 0)
(1.5 -1.34215e-13 0)
(1.5 -5.51372e-14 0)
(1.5 -8.82229e-14 0)
(1.5 -4.47961e-14 0)
(1.5 -2.08028e-15 0)
(1.5 -1.04519e-14 0)
(1.5 8.75112e-17 0)
(1.5 -5.42845e-14 0)
(1.5 7.04904e-14 0)
(1.5 1.3592e-13 0)
(1.5 1.63192e-13 0)
(1.5 1.01068e-13 0)
(1.5 3.71528e-15 0)
(1.5 8.8613e-15 0)
(1.5 7.49433e-15 0)
(1.5 8.47993e-14 0)
(1.5 4.30813e-14 0)
(1.5 9.52966e-15 0)
(1.5 -5.63035e-16 0)
(1.5 -4.0052e-15 0)
(1.5 3.69868e-14 0)
(1.5 5.59697e-14 0)
(1.5 -2.3817e-14 0)
(1.5 -9.71039e-14 0)
(1.5 -5.41981e-14 0)
(1.5 8.14383e-14 0)
(1.5 1.48563e-13 0)
(1.5 2.25435e-13 0)
(1.5 1.58335e-13 0)
(1.5 1.65048e-13 0)
(1.5 1.71113e-13 0)
(1.5 1.57577e-13 0)
(1.5 1.43664e-13 0)
(1.5 1.49848e-13 0)
(1.5 1.67932e-13 0)
(1.5 1.34034e-13 0)
(1.5 1.20378e-13 0)
(1.5 6.89018e-14 0)
(1.5 3.26499e-14 0)
(1.5 3.37712e-14 0)
(1.5 3.22027e-14 0)
(1.5 4.09602e-14 0)
(1.5 3.70084e-14 0)
(1.5 7.87741e-14 0)
(1.5 1.21972e-13 0)
(1.5 1.05859e-13 0)
(1.5 4.52447e-14 0)
(1.5 6.66181e-14 0)
(1.5 2.35965e-14 0)
(1.5 5.74683e-14 0)
(1.5 6.85906e-14 0)
(1.5 2.32273e-14 0)
(1.5 -3.28013e-14 0)
(1.5 -4.29745e-14 0)
(1.5 2.97034e-14 0)
(1.5 8.2181e-14 0)
(1.5 6.87642e-14 0)
(1.5 -3.61848e-14 0)
(1.5 -4.89975e-14 0)
(1.5 -5.32255e-14 0)
(1.5 -5.9401e-14 0)
(1.5 -1.21571e-13 0)
(1.5 -4.86577e-14 0)
(1.5 4.53872e-14 0)
(1.5 2.67511e-14 0)
(1.5 1.08779e-14 0)
(1.5 -3.70688e-14 0)
(1.5 -3.11128e-14 0)
(1.5 -8.96085e-14 0)
(1.5 -6.05567e-14 0)
(1.5 -7.28742e-14 0)
(1.5 -1.63594e-13 0)
(1.5 -1.52872e-13 0)
(1.5 -5.47326e-14 0)
(1.5 -9.51453e-14 0)
(1.5 -2.85235e-15 0)
(1.5 4.3461e-14 0)
(1.5 1.7187e-14 0)
(1.5 4.17782e-14 0)
(1.5 5.81232e-14 0)
(1.5 4.08138e-14 0)
(1.5 3.37629e-14 0)
(1.5 8.94737e-14 0)
(1.5 1.26403e-13 0)
(1.5 1.58033e-13 0)
(1.5 1.05957e-13 0)
(1.5 5.32913e-14 0)
(1.5 1.01397e-13 0)
(1.5 2.98819e-14 0)
(1.5 -2.92165e-14 0)
(1.5 -4.75085e-14 0)
(1.5 -6.68747e-14 0)
(1.5 -2.78915e-15 0)
(1.5 -4.73859e-14 0)
(1.5 -5.06629e-14 0)
(1.5 -4.32548e-14 0)
(1.5 -1.39712e-13 0)
(1.5 -1.39845e-13 0)
(1.5 -1.89015e-13 0)
(1.5 -2.32322e-13 0)
(1.5 -2.77793e-13 0)
(1.5 -2.56346e-13 0)
(1.5 -1.51147e-13 0)
(1.5 -1.35748e-13 0)
(1.5 -1.02628e-13 0)
(1.5 -6.65305e-14 0)
(1.5 -1.87049e-13 0)
(1.5 -1.42361e-13 0)
(1.5 -1.46562e-13 0)
(1.5 -6.38422e-14 0)
(1.5 9.56453e-15 0)
(1.5 1.57259e-14 0)
(1.5 1.12966e-14 0)
(1.5 -1.45032e-14 0)
(1.5 1.20784e-14 0)
(1.5 6.90202e-14 0)
(1.5 2.66937e-14 0)
(1.5 5.79674e-14 0)
(1.5 -2.40291e-14 0)
(1.5 -4.33285e-14 0)
(1.5 1.15698e-14 0)
(1.5 8.10739e-14 0)
(1.5 1.24962e-13 0)
(1.5 7.42321e-14 0)
(1.5 -7.71834e-15 0)
(1.5 5.55367e-14 0)
(1.5 -8.60759e-15 0)
(1.5 -6.46245e-14 0)
(1.5 -1.35756e-13 0)
(1.5 -1.88527e-13 0)
(1.5 -1.46876e-13 0)
(1.5 -1.50309e-13 0)
(1.5 -1.24819e-13 0)
(1.5 -2.22806e-14 0)
(1.5 -4.7105e-14 0)
(1.5 -8.21167e-14 0)
(1.5 -1.26078e-13 0)
(1.5 -5.87538e-14 0)
(1.5 -4.65878e-14 0)
(1.5 -7.40988e-14 0)
(1.5 -1.70057e-14 0)
(1.5 1.05269e-13 0)
(1.5 8.90799e-14 0)
(1.5 -6.47436e-14 0)
(1.5 -1.70316e-13 0)
(1.5 -2.65556e-13 0)
(1.5 -3.02058e-13 0)
(1.5 -2.68046e-13 0)
(1.5 -2.04431e-13 0)
(1.5 -9.26945e-14 0)
(1.5 -1.12564e-13 0)
(1.5 -1.46781e-13 0)
(1.5 -1.42799e-13 0)
(1.5 -2.1605e-14 0)
(1.5 -3.05575e-14 0)
(1.5 -1.97939e-13 0)
(1.5 -2.10013e-13 0)
(1.5 -1.62583e-13 0)
(1.5 -1.36835e-13 0)
(1.5 -1.80137e-13 0)
(1.5 -1.13253e-13 0)
(1.5 -2.02666e-14 0)
(1.5 3.4101e-15 0)
(1.5 3.88233e-14 0)
(1.5 -1.26381e-14 0)
(1.5 3.98808e-15 0)
(1.5 8.43298e-14 0)
(1.5 1.03625e-13 0)
(1.5 4.31539e-14 0)
(1.5 -7.64966e-15 0)
(1.5 -1.15427e-13 0)
(1.5 -2.40724e-13 0)
(1.5 -2.97918e-13 0)
(1.5 -1.99112e-13 0)
(1.5 -8.14163e-14 0)
(1.5 -5.648e-14 0)
(1.5 -5.5533e-14 0)
(1.5 1.34979e-14 0)
(1.5 8.33108e-14 0)
(1.5 -1.86473e-14 0)
(1.5 2.03633e-14 0)
(1.5 -3.44935e-14 0)
(1.5 -1.47776e-13 0)
(1.5 -1.4763e-13 0)
(1.5 -1.67619e-13 0)
(1.5 -3.1255e-13 0)
(1.5 -2.39097e-13 0)
(1.5 -1.85004e-13 0)
(1.5 -1.52432e-13 0)
(1.5 -4.18033e-14 0)
(1.5 -4.77831e-14 0)
(1.5 1.55196e-14 0)
(1.5 6.9505e-14 0)
(1.5 1.24699e-13 0)
(1.5 1.3875e-13 0)
(1.5 9.36233e-14 0)
(1.5 1.42348e-13 0)
(1.5 2.35088e-13 0)
(1.5 1.22259e-13 0)
(1.5 -2.64041e-14 0)
(1.5 -1.25753e-13 0)
(1.5 -1.15811e-13 0)
(1.5 -1.02889e-13 0)
(1.5 -4.52916e-14 0)
(1.5 4.29926e-14 0)
(1.5 5.53661e-14 0)
(1.5 4.30228e-14 0)
(1.5 8.72802e-14 0)
(1.5 1.19684e-13 0)
(1.5 1.47734e-13 0)
(1.5 1.82821e-13 0)
(1.5 1.13938e-13 0)
(1.5 2.46621e-14 0)
(1.5 1.95561e-15 0)
(1.5 -3.43603e-14 0)
(1.5 2.48475e-15 0)
(1.5 1.44787e-14 0)
(1.5 -2.48101e-15 0)
(1.5 -1.90223e-14 0)
(1.5 -4.29384e-14 0)
(1.5 4.47144e-14 0)
(1.5 7.31909e-14 0)
(1.5 7.03739e-16 0)
(1.5 -3.00842e-15 0)
(1.5 -2.26288e-14 0)
(1.5 8.07373e-14 0)
(1.5 1.52311e-13 0)
(1.5 2.25597e-13 0)
(1.5 2.1054e-13 0)
(1.5 2.16848e-13 0)
(1.5 1.89749e-13 0)
(1.5 7.73978e-14 0)
(1.5 7.01118e-14 0)
(1.5 6.27315e-14 0)
(1.5 1.2188e-13 0)
(1.5 6.49977e-14 0)
(1.5 1.01727e-13 0)
(1.5 7.4983e-14 0)
(1.5 4.42683e-14 0)
(1.5 1.79988e-14 0)
(1.5 -3.13009e-14 0)
(1.5 -4.61609e-14 0)
(1.5 -1.42642e-14 0)
(1.5 3.64783e-14 0)
(1.5 -1.85572e-15 0)
(1.5 -2.17233e-14 0)
(1.5 -4.7767e-14 0)
(1.5 3.7967e-14 0)
(1.5 9.73486e-14 0)
(1.5 7.65744e-14 0)
(1.5 6.6491e-14 0)
(1.5 5.87316e-14 0)
(1.5 3.0774e-14 0)
(1.5 5.09457e-14 0)
(1.5 1.50689e-13 0)
(1.5 2.01709e-13 0)
(1.5 7.01505e-14 0)
(1.5 -3.11347e-14 0)
(1.5 -4.87403e-14 0)
(1.5 9.67661e-16 0)
(1.5 -6.24118e-15 0)
(1.5 -7.66484e-15 0)
(1.5 3.63053e-14 0)
(1.5 7.51539e-14 0)
(1.5 8.67828e-14 0)
(1.5 1.08189e-13 0)
(1.5 8.522e-14 0)
(1.5 6.55152e-14 0)
(1.5 -1.52466e-14 0)
(1.5 -3.09433e-14 0)
(1.5 -2.09442e-14 0)
(1.5 -4.56479e-14 0)
(1.5 -5.12037e-14 0)
(1.5 -2.5517e-14 0)
(1.5 -6.00595e-14 0)
(1.5 5.08443e-14 0)
(1.5 8.00632e-14 0)
(1.5 8.87354e-14 0)
(1.5 9.69998e-14 0)
(1.5 5.507e-14 0)
(1.5 5.7699e-14 0)
(1.5 2.99808e-14 0)
(1.5 3.4836e-14 0)
(1.5 -1.06946e-14 0)
(1.5 6.64328e-14 0)
(1.5 9.25788e-15 0)
(1.5 -1.075e-13 0)
(1.5 -8.08596e-14 0)
(1.5 -9.80544e-14 0)
(1.5 -4.22745e-14 0)
(1.5 -1.68596e-14 0)
(1.5 1.64423e-14 0)
(1.5 2.26647e-14 0)
(1.5 1.79221e-15 0)
(1.5 2.79716e-14 0)
(1.5 3.21829e-14 0)
(1.5 -1.13579e-13 0)
(1.5 -2.02412e-13 0)
(1.5 -2.41702e-13 0)
(1.5 -2.27861e-13 0)
(1.5 -2.04484e-13 0)
(1.5 -1.36548e-13 0)
(1.5 -7.10027e-14 0)
(1.5 -1.16204e-13 0)
(1.5 -1.24696e-13 0)
(1.5 -1.55593e-13 0)
(1.5 -2.14329e-13 0)
(1.5 -1.82235e-13 0)
(1.5 -8.07568e-14 0)
(1.5 -1.68221e-14 0)
(1.5 7.47574e-14 0)
(1.5 1.07823e-13 0)
(1.5 2.58935e-14 0)
(1.5 -2.05674e-14 0)
(1.5 4.70127e-15 0)
(1.5 4.30962e-14 0)
(1.5 2.87558e-14 0)
(1.5 -8.31519e-14 0)
(1.5 -1.7376e-13 0)
(1.5 -1.28338e-13 0)
(1.5 -9.08288e-14 0)
(1.5 -4.38647e-14 0)
(1.5 -1.31224e-13 0)
(1.5 -1.3466e-13 0)
(1.5 -1.91973e-13 0)
(1.5 -1.62186e-13 0)
(1.5 -1.90983e-13 0)
(1.5 -1.98627e-13 0)
(1.5 -1.72061e-13 0)
(1.5 -2.3695e-13 0)
(1.5 -1.90288e-13 0)
(1.5 -1.7023e-13 0)
(1.5 -9.95757e-14 0)
(1.5 2.48426e-14 0)
(1.5 1.78232e-14 0)
(1.5 -1.03387e-13 0)
(1.5 -1.56308e-13 0)
(1.5 -2.06732e-13 0)
(1.5 -2.01584e-13 0)
(1.5 -1.15476e-13 0)
(1.5 -1.04448e-13 0)
(1.5 -1.00652e-13 0)
(1.5 -9.8527e-14 0)
(1.5 -1.83221e-13 0)
(1.5 -2.25972e-13 0)
(1.5 -2.88724e-13 0)
(1.5 -4.2571e-13 0)
(1.5 -4.10254e-13 0)
(1.5 -3.38392e-13 0)
(1.5 -2.27055e-13 0)
(1.5 -1.22053e-13 0)
(1.5 -7.18015e-14 0)
(1.5 -7.18799e-14 0)
(1.5 -4.60204e-14 0)
(1.5 -9.96751e-14 0)
(1.5 -1.66513e-13 0)
(1.5 -1.8142e-13 0)
(1.5 -1.69763e-13 0)
(1.5 -1.10591e-13 0)
(1.5 -1.10295e-13 0)
(1.5 -1.2829e-13 0)
(1.5 -1.22235e-13 0)
(1.5 -8.43619e-14 0)
(1.5 -1.23737e-13 0)
(1.5 -7.35866e-14 0)
(1.5 -1.6476e-15 0)
(1.5 1.5642e-14 0)
(1.5 8.28357e-15 0)
(1.5 -3.1484e-14 0)
(1.5 -1.39301e-13 0)
(1.5 -2.60217e-13 0)
(1.5 -3.16549e-13 0)
(1.5 -2.38783e-13 0)
(1.5 -1.16278e-13 0)
(1.5 -5.10197e-14 0)
(1.5 -9.27934e-14 0)
(1.5 -1.13244e-14 0)
(1.5 5.7245e-14 0)
(1.5 1.05332e-13 0)
(1.5 -1.21271e-14 0)
(1.5 -8.03553e-14 0)
(1.5 -1.62916e-13 0)
(1.5 -1.28562e-13 0)
(1.5 -1.50069e-13 0)
(1.5 -1.34155e-13 0)
(1.5 -1.92515e-13 0)
(1.5 -1.76833e-13 0)
(1.5 -1.28169e-13 0)
(1.5 -1.43659e-13 0)
(1.5 -1.08707e-13 0)
(1.5 -1.21896e-13 0)
(1.5 4.33547e-14 0)
(1.5 2.23548e-14 0)
(1.5 2.56796e-14 0)
(1.5 1.94036e-14 0)
(1.5 8.95622e-14 0)
(1.5 1.061e-13 0)
(1.5 7.60486e-14 0)
(1.5 8.30037e-14 0)
(1.5 -3.60406e-14 0)
(1.5 -5.86482e-14 0)
(1.5 -9.59026e-14 0)
(1.5 -1.16108e-14 0)
(1.5 -1.92361e-14 0)
(1.5 1.31043e-14 0)
(1.5 3.21497e-14 0)
(1.5 3.0806e-14 0)
(1.5 1.40649e-13 0)
(1.5 1.74189e-13 0)
(1.5 1.67317e-13 0)
(1.5 1.44884e-13 0)
(1.5 1.26894e-13 0)
(1.5 7.82126e-14 0)
(1.5 5.67815e-14 0)
(1.5 3.21365e-14 0)
(1.5 -2.43429e-15 0)
(1.5 4.53362e-14 0)
(1.5 7.86921e-14 0)
(1.5 8.62014e-14 0)
(1.5 5.40496e-14 0)
(1.5 5.56271e-14 0)
(1.5 2.12009e-14 0)
(1.5 2.0236e-14 0)
(1.5 7.97105e-14 0)
(1.5 3.31414e-15 0)
(1.5 1.20913e-13 0)
(1.5 1.44072e-13 0)
(1.5 1.53072e-13 0)
(1.5 1.48114e-13 0)
(1.5 6.8182e-14 0)
(1.5 7.03729e-14 0)
(1.5 2.24474e-14 0)
(1.5 1.01257e-14 0)
(1.5 5.14465e-14 0)
(1.5 -3.72522e-15 0)
(1.5 -3.68994e-14 0)
(1.5 -1.69185e-14 0)
(1.5 -1.23388e-14 0)
(1.5 -3.10476e-14 0)
(1.5 -3.50586e-14 0)
(1.5 3.8417e-15 0)
(1.5 2.308e-14 0)
(1.5 2.02156e-14 0)
(1.5 -2.10855e-14 0)
(1.5 -5.79605e-14 0)
(1.5 -6.9137e-14 0)
(1.5 -5.30963e-14 0)
(1.5 -6.18762e-14 0)
(1.5 -1.00286e-14 0)
(1.5 -1.05226e-14 0)
(1.5 -2.82868e-14 0)
(1.5 2.7276e-14 0)
(1.5 4.92059e-14 0)
(1.5 5.75977e-14 0)
(1.5 1.29742e-13 0)
(1.5 1.16239e-13 0)
(1.5 2.66865e-14 0)
(1.5 2.3909e-14 0)
(1.5 1.54921e-15 0)
(1.5 4.4107e-14 0)
(1.5 5.56913e-14 0)
(1.5 6.16291e-14 0)
(1.5 6.701e-14 0)
(1.5 1.00053e-13 0)
(1.5 1.59141e-13 0)
(1.5 1.47594e-13 0)
(1.5 9.95214e-14 0)
(1.5 1.1232e-13 0)
(1.5 7.4464e-14 0)
(1.5 7.06336e-14 0)
(1.5 5.17353e-14 0)
(1.5 5.5066e-14 0)
(1.5 3.82885e-14 0)
(1.5 -1.4662e-14 0)
(1.5 -5.14209e-14 0)
(1.5 1.3713e-14 0)
(1.5 5.0414e-14 0)
(1.5 1.25362e-13 0)
(1.5 8.58485e-14 0)
(1.5 7.36674e-14 0)
(1.5 1.14215e-13 0)
(1.5 1.48669e-13 0)
(1.5 1.44953e-13 0)
(1.5 1.41769e-14 0)
(1.5 2.31457e-14 0)
(1.5 -2.2562e-14 0)
(1.5 -3.12207e-14 0)
(1.5 -7.71889e-14 0)
(1.5 -7.78505e-14 0)
(1.5 -1.37282e-14 0)
(1.5 3.08294e-14 0)
(1.5 2.15787e-13 0)
(1.5 1.29927e-13 0)
(1.5 6.94636e-14 0)
(1.5 6.27735e-14 0)
(1.5 9.4332e-14 0)
(1.5 -2.24429e-14 0)
(1.5 -1.39086e-13 0)
(1.5 -1.4673e-13 0)
(1.5 -7.31866e-14 0)
(1.5 5.64815e-14 0)
(1.5 1.00978e-13 0)
(1.5 1.54845e-14 0)
(1.5 -2.14252e-14 0)
(1.5 -5.07323e-14 0)
(1.5 -9.31954e-14 0)
(1.5 -8.66671e-14 0)
(1.5 -6.61092e-14 0)
(1.5 7.99418e-14 0)
(1.5 8.12339e-14 0)
(1.5 1.32387e-13 0)
(1.5 2.11088e-13 0)
(1.5 8.44355e-14 0)
(1.5 4.23339e-14 0)
(1.5 9.72896e-14 0)
(1.5 1.01509e-13 0)
(1.5 9.38252e-14 0)
(1.5 -7.7675e-14 0)
(1.5 -6.19703e-14 0)
(1.5 -5.14097e-14 0)
(1.5 -6.73466e-14 0)
(1.5 -9.38928e-14 0)
(1.5 -2.19138e-13 0)
(1.5 -2.33618e-13 0)
(1.5 -2.30953e-13 0)
(1.5 -2.80487e-13 0)
(1.5 -1.99754e-13 0)
(1.5 -1.75192e-13 0)
(1.5 -1.23429e-13 0)
(1.5 -1.19608e-13 0)
(1.5 -1.32605e-13 0)
(1.5 -2.55182e-14 0)
(1.5 5.97674e-14 0)
(1.5 9.29129e-14 0)
(1.5 1.4756e-13 0)
(1.5 4.79306e-14 0)
(1.5 -3.7312e-14 0)
(1.5 -1.70427e-13 0)
(1.5 -2.04285e-13 0)
(1.5 -1.38231e-13 0)
(1.5 -1.39893e-13 0)
(1.5 -2.02361e-13 0)
(1.5 -1.79715e-13 0)
(1.5 -1.52728e-13 0)
(1.5 -8.69271e-14 0)
(1.5 -6.6275e-14 0)
(1.5 -2.14568e-13 0)
(1.5 -2.46135e-13 0)
(1.5 -1.72558e-13 0)
(1.5 -1.44709e-13 0)
(1.5 -4.1998e-14 0)
(1.5 -2.03648e-16 0)
(1.5 -6.01557e-14 0)
(1.5 -1.44074e-13 0)
(1.5 -1.50955e-13 0)
(1.5 -4.0691e-14 0)
(1.5 -6.18604e-14 0)
(1.5 -1.04285e-13 0)
(1.5 -7.88846e-14 0)
(1.5 -5.56729e-15 0)
(1.5 -5.67879e-14 0)
(1.5 -9.81442e-14 0)
(1.5 -4.14901e-14 0)
(1.5 -6.28461e-14 0)
(1.5 2.10401e-14 0)
(1.5 4.19429e-14 0)
(1.5 -7.19916e-14 0)
(1.5 -5.3438e-14 0)
(1.5 3.82494e-14 0)
(1.5 2.22479e-14 0)
(1.5 -7.08086e-14 0)
(1.5 -3.23623e-14 0)
(1.5 3.98144e-14 0)
(1.5 6.5648e-14 0)
(1.5 8.82861e-14 0)
(1.5 -3.67278e-14 0)
(1.5 1.7017e-14 0)
(1.5 2.02623e-14 0)
(1.5 4.76617e-14 0)
(1.5 -4.02022e-14 0)
(1.5 -1.18828e-13 0)
(1.5 -7.0649e-14 0)
(1.5 1.87335e-14 0)
(1.5 -3.98322e-14 0)
(1.5 -1.09909e-13 0)
(1.5 -5.37825e-14 0)
(1.5 -1.26933e-14 0)
(1.5 -5.73957e-14 0)
(1.5 -5.43853e-14 0)
(1.5 -1.26315e-13 0)
(1.5 -2.07378e-13 0)
(1.5 7.50089e-14 0)
(1.5 -9.08866e-15 0)
(1.5 -9.23979e-14 0)
(1.5 -4.40207e-14 0)
(1.5 1.222e-13 0)
(1.5 1.4731e-13 0)
(1.5 4.4845e-14 0)
(1.5 6.43836e-14 0)
(1.5 2.60781e-15 0)
(1.5 3.29221e-14 0)
(1.5 -1.6509e-14 0)
(1.5 3.48673e-14 0)
(1.5 -2.3202e-14 0)
(1.5 -1.15961e-13 0)
(1.5 -7.16826e-14 0)
(1.5 1.30298e-14 0)
(1.5 1.7997e-13 0)
(1.5 2.2071e-13 0)
(1.5 2.32111e-13 0)
(1.5 1.17506e-13 0)
(1.5 7.90903e-14 0)
(1.5 8.68053e-14 0)
(1.5 9.03562e-14 0)
(1.5 3.63331e-14 0)
(1.5 -2.45915e-14 0)
(1.5 5.26041e-16 0)
(1.5 5.89134e-14 0)
(1.5 1.05941e-13 0)
(1.5 9.23521e-14 0)
(1.5 4.01301e-14 0)
(1.5 2.9712e-14 0)
(1.5 9.40517e-14 0)
(1.5 1.25544e-13 0)
(1.5 7.42698e-14 0)
(1.5 1.60498e-13 0)
(1.5 1.21394e-13 0)
(1.5 9.80181e-14 0)
(1.5 4.20188e-14 0)
(1.5 -1.57692e-15 0)
(1.5 1.01903e-14 0)
(1.5 7.42341e-14 0)
(1.5 2.16125e-15 0)
(1.5 7.85702e-15 0)
(1.5 -3.67127e-14 0)
(1.5 -7.72052e-14 0)
(1.5 -1.31273e-13 0)
(1.5 -4.95824e-14 0)
(1.5 -6.45677e-14 0)
(1.5 -9.10122e-14 0)
(1.5 -3.05741e-14 0)
(1.5 3.22519e-15 0)
(1.5 -4.10237e-14 0)
(1.5 -8.1613e-14 0)
(1.5 -4.80771e-14 0)
(1.5 -2.38261e-14 0)
(1.5 -2.45418e-14 0)
(1.5 -5.84589e-14 0)
(1.5 -1.11202e-13 0)
(1.5 -1.11261e-13 0)
(1.5 -7.04569e-14 0)
(1.5 -6.68305e-14 0)
(1.5 -4.69647e-14 0)
(1.5 -5.80475e-14 0)
(1.5 7.68687e-15 0)
(1.5 -6.48317e-14 0)
(1.5 -5.33486e-14 0)
(1.5 -3.21369e-15 0)
(1.5 -1.85875e-14 0)
(1.5 -4.14938e-14 0)
(1.5 8.69662e-15 0)
(1.5 -1.10966e-15 0)
(1.5 4.59036e-15 0)
(1.5 2.30276e-14 0)
(1.5 9.12976e-14 0)
(1.5 7.82856e-14 0)
(1.5 1.99684e-14 0)
(1.5 -1.23704e-15 0)
(1.5 1.40045e-14 0)
(1.5 4.09905e-14 0)
(1.5 -1.41028e-14 0)
(1.5 4.07476e-16 0)
(1.5 -2.85259e-14 0)
(1.5 -9.54383e-14 0)
(1.5 -1.13231e-13 0)
(1.5 -4.74651e-14 0)
(1.5 2.4535e-14 0)
(1.5 6.33541e-14 0)
(1.5 -4.04855e-14 0)
(1.5 -5.92768e-14 0)
(1.5 -2.92163e-14 0)
(1.5 4.59749e-14 0)
(1.5 8.78196e-14 0)
(1.5 2.80779e-14 0)
(1.5 -2.03364e-14 0)
(1.5 1.25217e-14 0)
(1.5 5.31106e-14 0)
(1.5 -4.40145e-14 0)
(1.5 -5.92635e-14 0)
(1.5 -2.77385e-14 0)
(1.5 -7.54772e-15 0)
(1.5 1.61031e-13 0)
(1.5 1.26928e-13 0)
(1.5 1.10109e-13 0)
(1.5 6.99282e-14 0)
(1.5 3.2558e-14 0)
(1.5 -3.07934e-14 0)
(1.5 -1.46585e-13 0)
(1.5 -1.36115e-13 0)
(1.5 -2.57893e-14 0)
(1.5 8.69295e-14 0)
(1.5 9.97097e-14 0)
(1.5 -5.4742e-14 0)
(1.5 -8.07982e-14 0)
(1.5 -5.37166e-14 0)
(1.5 -8.93328e-14 0)
(1.5 -7.19505e-14 0)
(1.5 -5.62224e-14 0)
(1.5 6.44566e-14 0)
(1.5 8.27764e-14 0)
(1.5 7.6193e-14 0)
(1.5 1.5252e-13 0)
(1.5 1.08852e-13 0)
(1.5 9.02032e-14 0)
(1.5 1.91837e-13 0)
(1.5 1.67596e-13 0)
(1.5 1.21468e-13 0)
(1.5 5.83063e-14 0)
(1.5 1.13005e-13 0)
(1.5 9.87267e-14 0)
(1.5 6.00727e-14 0)
(1.5 6.28411e-14 0)
(1.5 -3.20214e-14 0)
(1.5 -1.4333e-13 0)
(1.5 -1.56521e-13 0)
(1.5 -1.67768e-13 0)
(1.5 3.22294e-14 0)
(1.5 -6.53921e-15 0)
(1.5 -6.03436e-14 0)
(1.5 -1.77305e-14 0)
(1.5 -4.5224e-14 0)
(1.5 1.24316e-13 0)
(1.5 2.25612e-13 0)
(1.5 1.89048e-13 0)
(1.5 2.40276e-13 0)
(1.5 1.98874e-13 0)
(1.5 1.15037e-13 0)
(1.5 2.70321e-14 0)
(1.5 -9.29685e-14 0)
(1.5 -5.2094e-14 0)
(1.5 -4.05719e-14 0)
(1.5 -8.08922e-14 0)
(1.5 -7.93734e-14 0)
(1.5 -4.89523e-14 0)
(1.5 3.26193e-14 0)
(1.5 2.2641e-14 0)
(1.5 -4.72074e-14 0)
(1.5 -7.01257e-14 0)
(1.5 -4.50748e-14 0)
(1.5 -7.17229e-14 0)
(1.5 3.70079e-15 0)
(1.5 6.18477e-15 0)
(1.5 -1.34775e-13 0)
(1.5 -2.22392e-13 0)
(1.5 -1.69768e-13 0)
(1.5 4.30895e-14 0)
(1.5 -3.67977e-15 0)
(1.5 -8.44946e-14 0)
(1.5 -6.96378e-14 0)
(1.5 4.9452e-14 0)
(1.5 6.29545e-14 0)
(1.5 4.47463e-14 0)
(1.5 9.77299e-14 0)
(1.5 1.12601e-13 0)
(1.5 1.40238e-13 0)
(1.5 1.00104e-13 0)
(1.5 -1.27178e-14 0)
(1.5 -3.41341e-14 0)
(1.5 6.46396e-14 0)
(1.5 6.26327e-14 0)
(1.5 7.0767e-14 0)
(1.5 1.582e-13 0)
(1.5 2.06198e-13 0)
(1.5 2.1562e-13 0)
(1.5 1.59637e-13 0)
(1.5 6.40681e-14 0)
(1.5 -1.36615e-14 0)
(1.5 -1.15529e-14 0)
(1.5 3.31819e-14 0)
(1.5 1.57713e-14 0)
(1.5 -1.27667e-14 0)
(1.5 5.16381e-14 0)
(1.5 9.28661e-14 0)
(1.5 7.60019e-14 0)
(1.5 -1.10664e-13 0)
(1.5 2.28964e-14 0)
(1.5 7.29911e-14 0)
(1.5 8.76196e-14 0)
(1.5 5.28868e-14 0)
(1.5 -2.88072e-14 0)
(1.5 -1.20855e-13 0)
(1.5 2.23187e-14 0)
(1.5 2.07181e-14 0)
(1.5 -3.9757e-14 0)
(1.5 -7.09541e-15 0)
(1.5 2.43468e-14 0)
(1.5 6.02189e-14 0)
(1.5 5.15438e-14 0)
(1.5 7.02011e-14 0)
(1.5 7.28928e-14 0)
(1.5 1.28018e-14 0)
(1.5 -3.92575e-14 0)
(1.5 -1.91227e-14 0)
(1.5 -9.93703e-14 0)
(1.5 -1.93659e-13 0)
(1.5 -8.10519e-14 0)
(1.5 3.43551e-14 0)
(1.5 1.80671e-13 0)
(1.5 8.48137e-14 0)
(1.5 1.27967e-13 0)
(1.5 9.56175e-14 0)
(1.5 1.06755e-13 0)
(1.5 8.24422e-14 0)
(1.5 7.01686e-14 0)
(1.5 8.46989e-15 0)
(1.5 -3.99892e-14 0)
(1.5 -1.57223e-14 0)
(1.5 -2.90776e-14 0)
(1.5 2.90032e-14 0)
(1.5 7.88158e-14 0)
(1.5 9.75078e-14 0)
(1.5 9.89104e-14 0)
(1.5 1.5034e-13 0)
(1.5 8.14112e-14 0)
(1.5 1.38913e-13 0)
(1.5 1.78914e-13 0)
(1.5 1.08141e-13 0)
(1.5 9.42824e-14 0)
(1.5 3.3461e-14 0)
(1.5 5.26327e-14 0)
(1.5 3.15872e-14 0)
(1.5 6.15581e-14 0)
(1.5 1.71613e-15 0)
(1.5 -5.11151e-14 0)
(1.5 -2.96245e-14 0)
(1.5 -4.92977e-14 0)
(1.5 -1.17076e-13 0)
(1.5 -5.02902e-14 0)
(1.5 -9.71744e-15 0)
(1.5 -2.28706e-14 0)
(1.5 -1.44231e-14 0)
(1.5 -2.47246e-14 0)
(1.5 -3.81959e-14 0)
(1.5 -2.90449e-14 0)
(1.5 -3.33398e-14 0)
(1.5 -3.15036e-14 0)
(1.5 -7.20714e-15 0)
(1.5 -4.2097e-14 0)
(1.5 -9.7267e-14 0)
(1.5 -1.03618e-13 0)
(1.5 -6.55869e-14 0)
(1.5 -7.5505e-14 0)
(1.5 -5.09037e-14 0)
(1.5 -8.87259e-14 0)
(1.5 -4.33148e-14 0)
(1.5 -7.27334e-14 0)
(1.5 -3.41507e-14 0)
(1.5 -1.99209e-14 0)
(1.5 -4.69309e-14 0)
(1.5 -7.89782e-14 0)
(1.5 -7.9993e-14 0)
(1.5 -1.43494e-13 0)
(1.5 -1.7171e-13 0)
(1.5 -1.39148e-13 0)
(1.5 -1.47251e-13 0)
(1.5 -8.5469e-14 0)
(1.5 -5.40439e-14 0)
(1.5 -5.77366e-14 0)
(1.5 -1.10349e-13 0)
(1.5 -9.58458e-14 0)
(1.5 -9.96544e-14 0)
(1.5 -1.39932e-13 0)
(1.5 -1.70217e-13 0)
(1.5 -1.66065e-13 0)
(1.5 -1.41786e-13 0)
(1.5 -1.30339e-13 0)
(1.5 -9.20524e-14 0)
(1.5 -1.21992e-13 0)
(1.5 -1.60381e-13 0)
(1.5 -1.62088e-13 0)
(1.5 -1.33646e-13 0)
(1.5 -6.13101e-14 0)
(1.5 -1.01542e-13 0)
(1.5 -6.69483e-14 0)
(1.5 4.60785e-14 0)
(1.5 5.76232e-14 0)
(1.5 1.07197e-14 0)
(1.5 -3.8865e-14 0)
(1.5 -3.61774e-14 0)
(1.5 -4.29464e-14 0)
(1.5 -6.64889e-14 0)
(1.5 -5.73039e-14 0)
(1.5 4.61419e-14 0)
(1.5 8.76442e-14 0)
(1.5 4.23522e-14 0)
(1.5 -3.81624e-14 0)
(1.5 -3.79823e-14 0)
(1.5 -4.37869e-14 0)
(1.5 -3.79441e-14 0)
(1.5 4.07401e-14 0)
(1.5 -3.01366e-14 0)
(1.5 -3.48532e-14 0)
(1.5 -6.02671e-14 0)
(1.5 -9.30839e-14 0)
(1.5 -7.97211e-14 0)
(1.5 -1.38568e-13 0)
(1.5 -6.45661e-14 0)
(1.5 -8.9131e-14 0)
(1.5 6.00721e-15 0)
(1.5 4.96919e-14 0)
(1.5 2.09822e-14 0)
(1.5 3.41862e-14 0)
(1.5 8.36026e-14 0)
(1.5 4.90353e-14 0)
(1.5 1.46566e-13 0)
(1.5 8.86257e-14 0)
(1.5 3.46412e-14 0)
(1.5 8.10074e-14 0)
(1.5 9.44288e-14 0)
(1.5 8.19008e-14 0)
(1.5 1.35125e-13 0)
(1.5 1.36068e-13 0)
(1.5 1.00833e-13 0)
(1.5 5.85407e-14 0)
(1.5 8.14188e-15 0)
(1.5 3.83193e-14 0)
(1.5 1.18702e-13 0)
(1.5 1.45425e-13 0)
(1.5 1.5187e-13 0)
(1.5 1.61847e-13 0)
(1.5 2.07897e-13 0)
(1.5 3.21283e-13 0)
(1.5 3.19587e-13 0)
(1.5 2.05021e-13 0)
(1.5 1.79092e-13 0)
(1.5 1.66054e-13 0)
(1.5 1.6282e-13 0)
(1.5 1.32718e-13 0)
(1.5 6.11503e-14 0)
(1.5 6.64148e-14 0)
(1.5 7.30528e-14 0)
(1.5 5.89406e-14 0)
(1.5 -7.57095e-16 0)
(1.5 -9.60095e-15 0)
(1.5 -2.43865e-14 0)
(1.5 8.32541e-15 0)
(1.5 3.39345e-14 0)
(1.5 2.82428e-14 0)
(1.5 -4.40095e-14 0)
(1.5 -4.70803e-14 0)
(1.5 2.32907e-14 0)
(1.5 1.85577e-14 0)
(1.5 -5.42329e-14 0)
(1.5 -1.09539e-13 0)
(1.5 -5.79113e-14 0)
(1.5 7.95945e-14 0)
(1.5 9.0311e-14 0)
(1.5 -1.63881e-14 0)
(1.5 3.20466e-14 0)
(1.5 3.71039e-14 0)
(1.5 6.44614e-14 0)
(1.5 5.50762e-14 0)
(1.5 7.9927e-14 0)
(1.5 1.70596e-13 0)
(1.5 1.29756e-13 0)
(1.5 1.32064e-13 0)
(1.5 1.29822e-13 0)
(1.5 9.59134e-14 0)
(1.5 1.03139e-13 0)
(1.5 1.78397e-14 0)
(1.5 1.27878e-13 0)
(1.5 2.0837e-13 0)
(1.5 2.82251e-13 0)
(1.5 3.17929e-13 0)
(1.5 1.36507e-13 0)
(1.5 1.22894e-13 0)
(1.5 7.12772e-15 0)
(1.5 4.44133e-14 0)
(1.5 4.42555e-14 0)
(1.5 1.11465e-13 0)
(1.5 1.19549e-13 0)
(1.5 1.1392e-13 0)
(1.5 1.07704e-13 0)
(1.5 1.07728e-13 0)
(1.5 -2.72919e-14 0)
(1.5 7.46568e-14 0)
(1.5 1.04466e-13 0)
(1.5 1.96348e-13 0)
(1.5 1.88875e-13 0)
(1.5 1.39467e-13 0)
(1.5 1.32537e-13 0)
(1.5 -3.25399e-14 0)
(1.5 -5.1657e-14 0)
(1.5 -5.90788e-14 0)
(1.5 -5.18651e-14 0)
(1.5 -7.65717e-14 0)
(1.5 -6.70177e-14 0)
(1.5 -1.98951e-14 0)
(1.5 -3.30097e-15 0)
(1.5 2.04169e-14 0)
(1.5 -5.36633e-14 0)
(1.5 -2.56442e-14 0)
(1.5 -3.99377e-14 0)
(1.5 -1.07341e-13 0)
(1.5 -7.0849e-14 0)
(1.5 -5.69903e-14 0)
(1.5 -9.3987e-15 0)
(1.5 3.64814e-14 0)
(1.5 -7.74081e-14 0)
(1.5 -5.88592e-14 0)
(1.5 4.12229e-14 0)
(1.5 1.13331e-13 0)
(1.5 8.20906e-14 0)
(1.5 4.25382e-14 0)
(1.5 3.34963e-14 0)
(1.5 5.40034e-14 0)
(1.5 6.37714e-14 0)
(1.5 -1.17155e-14 0)
(1.5 -4.30478e-14 0)
(1.5 2.01179e-14 0)
(1.5 9.90863e-14 0)
(1.5 1.75463e-13 0)
(1.5 1.10479e-13 0)
(1.5 1.50367e-15 0)
(1.5 2.34271e-14 0)
(1.5 6.08941e-14 0)
(1.5 1.18651e-13 0)
(1.5 1.14528e-13 0)
(1.5 8.71796e-14 0)
(1.5 9.62764e-14 0)
(1.5 5.27474e-14 0)
(1.5 2.8616e-14 0)
(1.5 3.16916e-14 0)
(1.5 2.59942e-14 0)
(1.5 1.11649e-14 0)
(1.5 3.03809e-14 0)
(1.5 1.58054e-14 0)
(1.5 -3.16561e-14 0)
(1.5 3.07581e-14 0)
(1.5 5.04455e-14 0)
(1.5 3.21522e-14 0)
(1.5 6.23298e-14 0)
(1.5 6.92769e-14 0)
(1.5 6.54644e-14 0)
(1.5 3.3828e-14 0)
(1.5 -1.81517e-14 0)
(1.5 2.32083e-14 0)
(1.5 -2.26688e-14 0)
(1.5 -1.31899e-14 0)
(1.5 -1.7996e-14 0)
(1.5 -4.06789e-14 0)
(1.5 -1.50876e-14 0)
(1.5 1.71619e-14 0)
(1.5 -1.39912e-14 0)
(1.5 -4.55232e-14 0)
(1.5 -2.45531e-14 0)
(1.5 -2.87315e-14 0)
(1.5 -7.67415e-14 0)
(1.5 -5.93815e-14 0)
(1.5 -6.19976e-14 0)
(1.5 -6.86776e-14 0)
(1.5 -7.99553e-14 0)
(1.5 -8.65079e-14 0)
(1.5 -1.24731e-13 0)
(1.5 -1.65773e-13 0)
(1.5 -5.30492e-14 0)
(1.5 6.68046e-14 0)
(1.5 1.07288e-13 0)
(1.5 -3.5472e-14 0)
(1.5 -6.92223e-14 0)
(1.5 -5.07006e-14 0)
(1.5 -4.75388e-14 0)
(1.5 -5.02349e-14 0)
(1.5 -6.08531e-14 0)
(1.5 -9.16453e-14 0)
(1.5 -1.10783e-13 0)
(1.5 -1.02712e-13 0)
(1.5 -1.30519e-13 0)
(1.5 -1.70052e-13 0)
(1.5 -1.7233e-13 0)
(1.5 -7.53619e-14 0)
(1.5 -5.83056e-14 0)
(1.5 -1.44925e-13 0)
(1.5 -1.39834e-13 0)
(1.5 7.5148e-15 0)
(1.5 1.05849e-14 0)
(1.5 -5.35254e-14 0)
(1.5 -4.10984e-14 0)
(1.5 -4.1531e-14 0)
(1.5 -6.26818e-14 0)
(1.5 -7.90867e-14 0)
(1.5 -9.07318e-14 0)
(1.5 3.82402e-14 0)
(1.5 1.42629e-13 0)
(1.5 1.41633e-13 0)
(1.5 9.87906e-14 0)
(1.5 7.36094e-14 0)
(1.5 1.41057e-13 0)
(1.5 1.15382e-13 0)
(1.5 1.23373e-13 0)
(1.5 4.31469e-15 0)
(1.5 -3.86629e-14 0)
(1.5 3.48455e-14 0)
(1.5 3.02944e-14 0)
(1.5 -2.49361e-14 0)
(1.5 -6.00534e-14 0)
(1.5 -6.67748e-14 0)
(1.5 -1.40433e-13 0)
(1.5 -8.71511e-14 0)
(1.5 -5.5643e-14 0)
(1.5 -6.31787e-14 0)
(1.5 -8.23298e-14 0)
(1.5 -8.40932e-16 0)
(1.5 9.14757e-14 0)
(1.5 8.30666e-14 0)
(1.5 -8.13437e-15 0)
(1.5 -7.97522e-14 0)
(1.5 6.40706e-15 0)
(1.5 2.89992e-14 0)
(1.5 5.14046e-14 0)
(1.5 8.00148e-14 0)
(1.5 6.64926e-14 0)
(1.5 8.57942e-14 0)
(1.5 7.3177e-14 0)
(1.5 6.12737e-14 0)
(1.5 3.74562e-14 0)
(1.5 -4.41447e-14 0)
(1.5 1.15459e-13 0)
(1.5 1.87291e-13 0)
(1.5 1.96946e-13 0)
(1.5 3.18724e-13 0)
(1.5 3.57961e-13 0)
(1.5 2.6617e-13 0)
(1.5 5.74683e-14 0)
(1.5 2.05879e-14 0)
(1.5 1.4569e-13 0)
(1.5 1.23419e-13 0)
(1.5 7.93619e-14 0)
(1.5 8.50191e-15 0)
(1.5 -5.91237e-15 0)
(1.5 9.84865e-15 0)
(1.5 7.63648e-14 0)
(1.5 5.29596e-14 0)
(1.5 -9.68454e-15 0)
(1.5 -1.11996e-13 0)
(1.5 -1.13456e-13 0)
(1.5 -6.31393e-14 0)
(1.5 -4.8866e-14 0)
(1.5 -1.42662e-13 0)
(1.5 -9.68436e-14 0)
(1.5 -7.40884e-14 0)
(1.5 -7.80875e-14 0)
(1.5 1.45351e-14 0)
(1.5 -1.89099e-14 0)
(1.5 -7.14112e-14 0)
(1.5 -8.23157e-14 0)
(1.5 -2.98198e-14 0)
(1.5 -1.51152e-13 0)
(1.5 -8.0497e-14 0)
(1.5 -1.7223e-13 0)
(1.5 -1.53125e-13 0)
(1.5 -1.77183e-13 0)
(1.5 -1.62369e-13 0)
(1.5 -8.09646e-14 0)
(1.5 -7.67505e-14 0)
(1.5 -3.5266e-14 0)
(1.5 7.71068e-14 0)
(1.5 1.85948e-13 0)
(1.5 1.03194e-13 0)
(1.5 -1.53144e-14 0)
(1.5 1.32455e-13 0)
(1.5 1.51949e-13 0)
(1.5 1.71641e-13 0)
(1.5 8.14261e-14 0)
(1.5 -7.79875e-14 0)
(1.5 5.82006e-14 0)
(1.5 1.36655e-13 0)
(1.5 1.54504e-13 0)
(1.5 4.74833e-14 0)
(1.5 7.06749e-14 0)
(1.5 7.53269e-14 0)
(1.5 1.20227e-13 0)
(1.5 8.35663e-14 0)
(1.5 -1.20247e-14 0)
(1.5 7.08543e-14 0)
(1.5 1.17141e-13 0)
(1.5 7.76545e-14 0)
(1.5 6.70709e-14 0)
(1.5 8.4432e-14 0)
(1.5 9.76957e-14 0)
(1.5 2.15929e-13 0)
(1.5 -1.42879e-15 0)
(1.5 -1.16846e-13 0)
(1.5 -1.25294e-13 0)
(1.5 -9.50495e-14 0)
(1.5 -4.58412e-14 0)
(1.5 2.45593e-14 0)
(1.5 5.63655e-14 0)
(1.5 -1.78521e-14 0)
(1.5 -9.95081e-15 0)
(1.5 -5.74145e-15 0)
(1.5 2.45349e-14 0)
(1.5 -2.72498e-15 0)
(1.5 -1.54402e-14 0)
(1.5 7.72287e-14 0)
(1.5 -2.00585e-14 0)
(1.5 -6.70085e-14 0)
(1.5 -1.35715e-13 0)
(1.5 -9.19197e-14 0)
(1.5 -7.03555e-14 0)
(1.5 7.91102e-14 0)
(1.5 9.50828e-14 0)
(1.5 8.42943e-14 0)
(1.5 7.76433e-14 0)
(1.5 8.86719e-14 0)
(1.5 1.79428e-13 0)
(1.5 1.56639e-13 0)
(1.5 8.68027e-14 0)
(1.5 -1.5279e-15 0)
(1.5 7.68262e-15 0)
(1.5 1.21314e-13 0)
(1.5 1.99179e-13 0)
(1.5 8.72365e-14 0)
(1.5 4.37182e-15 0)
(1.5 1.61729e-14 0)
(1.5 1.06864e-15 0)
(1.5 8.04136e-14 0)
(1.5 6.3669e-14 0)
(1.5 9.74587e-14 0)
(1.5 5.67588e-14 0)
(1.5 3.53391e-14 0)
(1.5 5.59529e-14 0)
(1.5 8.10288e-14 0)
(1.5 1.07132e-13 0)
(1.5 1.27389e-13 0)
(1.5 1.11197e-13 0)
(1.5 9.57182e-14 0)
(1.5 8.07885e-14 0)
(1.5 1.20487e-13 0)
(1.5 1.15316e-13 0)
(1.5 5.97435e-14 0)
(1.5 9.70336e-14 0)
(1.5 1.55309e-13 0)
(1.5 1.43492e-13 0)
(1.5 8.79258e-14 0)
(1.5 8.68306e-14 0)
(1.5 1.04488e-13 0)
(1.5 9.36369e-14 0)
(1.5 1.05217e-13 0)
(1.5 8.32173e-14 0)
(1.5 3.96662e-14 0)
(1.5 3.30541e-14 0)
(1.5 1.57406e-14 0)
(1.5 4.28771e-14 0)
(1.5 -3.54518e-14 0)
(1.5 7.99211e-15 0)
(1.5 -2.99266e-14 0)
(1.5 -7.17117e-14 0)
(1.5 -6.86488e-14 0)
(1.5 -5.00741e-14 0)
(1.5 -5.02385e-15 0)
(1.5 9.62877e-14 0)
(1.5 1.49509e-13 0)
(1.5 6.97129e-14 0)
(1.5 1.30225e-14 0)
(1.5 1.02352e-13 0)
(1.5 1.71867e-13 0)
(1.5 2.44474e-13 0)
(1.5 1.8345e-13 0)
(1.5 7.71121e-14 0)
(1.5 4.45526e-14 0)
(1.5 1.44955e-13 0)
(1.5 1.33728e-13 0)
(1.5 4.09814e-14 0)
(1.5 -1.03684e-14 0)
(1.5 2.39301e-15 0)
(1.5 1.69152e-14 0)
(1.5 -4.75984e-15 0)
(1.5 -3.86953e-14 0)
(1.5 -6.71364e-14 0)
(1.5 -7.05891e-15 0)
(1.5 -2.24376e-14 0)
(1.5 -7.43895e-14 0)
(1.5 -1.241e-13 0)
(1.5 -1.51683e-13 0)
(1.5 -1.15473e-13 0)
(1.5 -7.97012e-14 0)
(1.5 -4.551e-14 0)
(1.5 -5.0794e-14 0)
(1.5 -1.38171e-13 0)
(1.5 -7.51366e-14 0)
(1.5 -3.85729e-14 0)
(1.5 4.95979e-14 0)
(1.5 1.55965e-13 0)
(1.5 1.95554e-13 0)
(1.5 1.77436e-13 0)
(1.5 1.20286e-13 0)
(1.5 1.10514e-13 0)
(1.5 4.37372e-14 0)
(1.5 -1.54398e-14 0)
(1.5 7.02753e-15 0)
(1.5 5.41961e-14 0)
(1.5 1.03435e-13 0)
(1.5 7.323e-14 0)
(1.5 2.18338e-14 0)
(1.5 4.44704e-14 0)
(1.5 -3.49415e-14 0)
(1.5 -8.83157e-14 0)
(1.5 -1.18995e-13 0)
(1.5 -1.54436e-13 0)
(1.5 -7.84783e-14 0)
(1.5 -4.27743e-14 0)
(1.5 -1.876e-14 0)
(1.5 4.54985e-14 0)
(1.5 -6.89646e-14 0)
(1.5 -1.43173e-13 0)
(1.5 -1.60494e-13 0)
(1.5 -1.12053e-13 0)
(1.5 -7.17463e-15 0)
(1.5 8.27019e-14 0)
(1.5 5.74067e-14 0)
(1.5 4.63674e-14 0)
(1.5 6.47758e-14 0)
(1.5 8.30353e-15 0)
(1.5 6.00761e-14 0)
(1.5 9.93494e-14 0)
(1.5 6.65341e-14 0)
(1.5 1.53638e-13 0)
(1.5 1.92721e-13 0)
(1.5 2.17581e-13 0)
(1.5 2.63653e-13 0)
(1.5 2.17857e-13 0)
(1.5 1.11355e-13 0)
(1.5 1.132e-14 0)
(1.5 1.58918e-14 0)
(1.5 9.80927e-14 0)
(1.5 9.12201e-14 0)
(1.5 9.60936e-15 0)
(1.5 -6.87331e-14 0)
(1.5 -2.80792e-15 0)
(1.5 1.07822e-14 0)
(1.5 1.14247e-13 0)
(1.5 1.50568e-13 0)
(1.5 -7.84574e-15 0)
(1.5 -1.81521e-13 0)
(1.5 -2.39119e-13 0)
(1.5 -1.34438e-13 0)
(1.5 -1.24876e-13 0)
(1.5 -1.294e-13 0)
(1.5 -8.67838e-14 0)
(1.5 -6.44392e-14 0)
(1.5 -6.70898e-14 0)
(1.5 5.54107e-14 0)
(1.5 8.13102e-14 0)
(1.5 4.08006e-14 0)
(1.5 6.09219e-15 0)
(1.5 -5.58198e-14 0)
(1.5 -8.87853e-14 0)
(1.5 -1.22111e-13 0)
(1.5 -1.99608e-13 0)
(1.5 -2.666e-13 0)
(1.5 -2.34175e-13 0)
(1.5 -1.41474e-13 0)
(1.5 -1.4402e-13 0)
(1.5 -4.7814e-14 0)
(1.5 -4.57755e-15 0)
(1.5 9.87368e-14 0)
(1.5 1.73123e-13 0)
(1.5 5.6495e-14 0)
(1.5 3.17468e-14 0)
(1.5 9.32407e-14 0)
(1.5 1.07653e-13 0)
(1.5 1.42375e-13 0)
(1.5 -3.47679e-14 0)
(1.5 -9.43333e-14 0)
(1.5 -2.08569e-14 0)
(1.5 8.11051e-14 0)
(1.5 7.56539e-14 0)
(1.5 -6.45087e-14 0)
(1.5 -6.47404e-14 0)
(1.5 4.37395e-14 0)
(1.5 1.39786e-13 0)
(1.5 9.78486e-14 0)
(1.5 -1.47851e-14 0)
(1.5 1.35878e-13 0)
(1.5 1.61935e-13 0)
(1.5 1.21735e-13 0)
(1.5 6.04204e-14 0)
(1.5 3.79756e-14 0)
(1.5 1.22098e-13 0)
(1.5 2.14034e-13 0)
(1.5 4.8108e-15 0)
(1.5 -1.19394e-14 0)
(1.5 -7.56758e-14 0)
(1.5 -5.45887e-14 0)
(1.5 1.75664e-14 0)
(1.5 1.45085e-13 0)
(1.5 1.74867e-13 0)
(1.5 1.63186e-13 0)
(1.5 1.30738e-13 0)
(1.5 1.61445e-13 0)
(1.5 1.40799e-13 0)
(1.5 1.70522e-13 0)
(1.5 1.77474e-13 0)
(1.5 1.43974e-13 0)
(1.5 7.4787e-14 0)
(1.5 -2.38281e-14 0)
(1.5 -1.43118e-13 0)
(1.5 9.12938e-15 0)
(1.5 2.00509e-14 0)
(1.5 1.0506e-13 0)
(1.5 1.04682e-13 0)
(1.5 9.03385e-14 0)
(1.5 1.28076e-13 0)
(1.5 1.72948e-13 0)
(1.5 2.66609e-13 0)
(1.5 2.49766e-13 0)
(1.5 1.76087e-13 0)
(1.5 1.15056e-13 0)
(1.5 9.57821e-14 0)
(1.5 1.60515e-13 0)
(1.5 1.09168e-13 0)
(1.5 8.10975e-14 0)
(1.5 1.00024e-13 0)
(1.5 1.15011e-13 0)
(1.5 2.9446e-14 0)
(1.5 3.05451e-14 0)
(1.5 -4.7968e-14 0)
(1.5 -2.99283e-14 0)
(1.5 -1.16541e-13 0)
(1.5 -5.49096e-14 0)
(1.5 3.67412e-14 0)
(1.5 6.26451e-14 0)
(1.5 5.78384e-14 0)
(1.5 1.22449e-13 0)
(1.5 1.28699e-13 0)
(1.5 9.8489e-14 0)
(1.5 8.84088e-14 0)
(1.5 8.86022e-14 0)
(1.5 7.33996e-14 0)
(1.5 5.59785e-16 0)
(1.5 -2.6014e-14 0)
(1.5 2.71063e-14 0)
(1.5 6.93306e-14 0)
(1.5 4.06604e-14 0)
(1.5 7.76904e-14 0)
(1.5 1.52381e-13 0)
(1.5 1.98786e-13 0)
(1.5 1.40573e-13 0)
(1.5 1.11464e-13 0)
(1.5 9.10708e-14 0)
(1.5 5.58193e-14 0)
(1.5 -3.37116e-14 0)
(1.5 -1.09802e-14 0)
(1.5 -8.07196e-14 0)
(1.5 -8.2639e-14 0)
(1.5 -6.92083e-14 0)
(1.5 -6.12531e-14 0)
(1.5 -6.58362e-14 0)
(1.5 -4.05377e-14 0)
(1.5 -2.22487e-14 0)
(1.5 6.44827e-14 0)
(1.5 1.0386e-13 0)
(1.5 1.30499e-13 0)
(1.5 8.94487e-14 0)
(1.5 1.41609e-13 0)
(1.5 1.60514e-13 0)
(1.5 2.08706e-13 0)
(1.5 2.49233e-13 0)
(1.5 1.7926e-13 0)
(1.5 1.85113e-13 0)
(1.5 1.7772e-13 0)
(1.5 1.4595e-13 0)
(1.5 1.50534e-13 0)
(1.5 1.32959e-13 0)
(1.5 4.50802e-14 0)
(1.5 -2.07402e-14 0)
(1.5 -5.61918e-14 0)
(1.5 7.54798e-14 0)
(1.5 6.41648e-14 0)
(1.5 -2.44797e-15 0)
(1.5 5.21502e-14 0)
(1.5 6.1837e-14 0)
(1.5 8.62553e-14 0)
(1.5 -2.20201e-14 0)
(1.5 -3.85427e-14 0)
(1.5 2.44223e-14 0)
(1.5 4.85823e-14 0)
(1.5 -5.11435e-15 0)
(1.5 -2.85292e-14 0)
(1.5 -3.87294e-14 0)
(1.5 9.19438e-17 0)
(1.5 4.34765e-14 0)
(1.5 5.32234e-14 0)
(1.5 8.29496e-14 0)
(1.5 7.11534e-14 0)
(1.5 4.44266e-14 0)
(1.5 3.05319e-14 0)
(1.5 6.8742e-14 0)
(1.5 -4.96796e-15 0)
(1.5 3.81538e-14 0)
(1.5 1.59997e-13 0)
(1.5 1.64989e-13 0)
(1.5 1.18547e-13 0)
(1.5 7.53462e-14 0)
(1.5 8.71013e-14 0)
(1.5 7.696e-14 0)
(1.5 6.19998e-14 0)
(1.5 1.29391e-14 0)
(1.5 -8.52373e-14 0)
(1.5 -1.53414e-14 0)
(1.5 2.69159e-14 0)
(1.5 -1.78666e-14 0)
(1.5 -8.28422e-14 0)
(1.5 -1.87827e-13 0)
(1.5 -1.89632e-13 0)
(1.5 -4.85681e-14 0)
(1.5 -7.77793e-14 0)
(1.5 1.93558e-14 0)
(1.5 2.82998e-14 0)
(1.5 -3.38168e-14 0)
(1.5 -4.99163e-14 0)
(1.5 1.08136e-14 0)
(1.5 1.72348e-15 0)
(1.5 5.62976e-14 0)
(1.5 9.8925e-14 0)
(1.5 1.96244e-13 0)
(1.5 2.33898e-13 0)
(1.5 2.12249e-13 0)
(1.5 1.78634e-13 0)
(1.5 1.27058e-13 0)
(1.5 1.33864e-13 0)
(1.5 6.85679e-14 0)
(1.5 1.00723e-13 0)
(1.5 5.43212e-14 0)
(1.5 1.29661e-14 0)
(1.5 1.1373e-13 0)
(1.5 6.23676e-14 0)
(1.5 9.49231e-15 0)
(1.5 3.04488e-14 0)
(1.5 8.80126e-14 0)
(1.5 1.32786e-13 0)
(1.5 1.37597e-13 0)
(1.5 -2.31419e-14 0)
(1.5 -1.38523e-13 0)
(1.5 -2.00769e-13 0)
(1.5 -7.80385e-14 0)
(1.5 -4.92509e-14 0)
(1.5 -1.53206e-14 0)
(1.5 2.17294e-14 0)
(1.5 9.76014e-14 0)
(1.5 5.37314e-14 0)
(1.5 5.85513e-14 0)
(1.5 1.69449e-13 0)
(1.5 1.89566e-13 0)
(1.5 1.59678e-13 0)
(1.5 8.84373e-14 0)
(1.5 1.22052e-13 0)
(1.5 -1.84058e-14 0)
(1.5 -4.57233e-14 0)
(1.5 -1.15239e-13 0)
(1.5 -1.22403e-14 0)
(1.5 2.95915e-14 0)
(1.5 1.35027e-14 0)
(1.5 1.05499e-13 0)
(1.5 1.26975e-13 0)
(1.5 1.30249e-13 0)
(1.5 5.68066e-14 0)
(1.5 3.1129e-14 0)
(1.5 1.36005e-13 0)
(1.5 1.07294e-13 0)
(1.5 1.86991e-13 0)
(1.5 1.99724e-13 0)
(1.5 1.31935e-13 0)
(1.5 1.54813e-13 0)
(1.5 5.06759e-14 0)
(1.5 -2.98509e-14 0)
(1.5 -9.4381e-14 0)
(1.5 -1.40918e-13 0)
(1.5 -9.31633e-14 0)
(1.5 2.36469e-14 0)
(1.5 8.50972e-14 0)
(1.5 1.25273e-13 0)
(1.5 1.39691e-13 0)
(1.5 2.09907e-13 0)
(1.5 1.75898e-13 0)
(1.5 2.42299e-13 0)
(1.5 2.14639e-13 0)
(1.5 2.0951e-13 0)
(1.5 1.75303e-13 0)
(1.5 1.78848e-13 0)
(1.5 -1.45222e-15 0)
(1.5 2.8861e-14 0)
(1.5 -2.91748e-14 0)
(1.5 -4.77042e-14 0)
(1.5 1.09892e-14 0)
(1.5 1.24937e-13 0)
(1.5 1.58718e-13 0)
(1.5 2.41974e-13 0)
(1.5 2.2009e-13 0)
(1.5 2.70549e-13 0)
(1.5 2.44112e-13 0)
(1.5 2.26549e-13 0)
(1.5 2.09056e-13 0)
(1.5 1.54504e-13 0)
(1.5 1.08924e-13 0)
(1.5 4.29624e-14 0)
(1.5 -4.72128e-14 0)
(1.5 3.6351e-14 0)
(1.5 4.00202e-14 0)
(1.5 4.42392e-14 0)
(1.5 8.88204e-14 0)
(1.5 1.02758e-13 0)
(1.5 1.54283e-13 0)
(1.5 2.1417e-13 0)
(1.5 2.59427e-13 0)
(1.5 2.71216e-13 0)
(1.5 2.07871e-13 0)
(1.5 2.08188e-13 0)
(1.5 1.63801e-13 0)
(1.5 1.57612e-13 0)
(1.5 7.01467e-14 0)
(1.5 7.58235e-14 0)
(1.5 1.14379e-13 0)
(1.5 1.24305e-13 0)
(1.5 5.82572e-14 0)
(1.5 2.62224e-14 0)
(1.5 -1.03841e-13 0)
(1.5 -1.33068e-13 0)
(1.5 -2.04878e-13 0)
(1.5 -8.64737e-14 0)
(1.5 -1.9507e-15 0)
(1.5 2.87028e-14 0)
(1.5 -4.74722e-15 0)
(1.5 3.62847e-14 0)
(1.5 1.12912e-13 0)
(1.5 7.58842e-14 0)
(1.5 4.47682e-14 0)
(1.5 -5.97304e-15 0)
(1.5 -4.16219e-14 0)
(1.5 -7.0895e-14 0)
(1.5 -1.22887e-13 0)
(1.5 -1.59747e-13 0)
(1.5 -9.30407e-14 0)
(1.5 -6.91564e-14 0)
(1.5 -5.24467e-14 0)
(1.5 4.4727e-14 0)
(1.5 1.43784e-13 0)
(1.5 7.95094e-14 0)
(1.5 6.19594e-14 0)
(1.5 7.55925e-14 0)
(1.5 8.34023e-14 0)
(1.5 6.19461e-15 0)
(1.5 -4.28676e-14 0)
(1.5 -3.8188e-14 0)
(1.5 -7.40266e-14 0)
(1.5 -5.46059e-14 0)
(1.5 -7.03943e-14 0)
(1.5 -2.19586e-14 0)
(1.5 -3.14604e-14 0)
(1.5 -6.13755e-14 0)
(1.5 -5.99281e-14 0)
(1.5 -1.50944e-14 0)
(1.5 4.72397e-14 0)
(1.5 6.89929e-14 0)
(1.5 1.18083e-13 0)
(1.5 1.37686e-13 0)
(1.5 1.13875e-13 0)
(1.5 2.112e-13 0)
(1.5 1.90834e-13 0)
(1.5 2.17704e-13 0)
(1.5 1.59603e-13 0)
(1.5 1.44029e-13 0)
(1.5 1.49964e-13 0)
(1.5 1.62617e-13 0)
(1.5 3.72056e-14 0)
(1.5 -9.2396e-14 0)
(1.5 -1.17064e-13 0)
(1.5 3.42991e-14 0)
(1.5 5.63137e-14 0)
(1.5 1.87853e-16 0)
(1.5 1.27388e-13 0)
(1.5 1.47894e-13 0)
(1.5 2.08357e-13 0)
(1.5 7.83025e-14 0)
(1.5 6.30409e-14 0)
(1.5 1.43721e-13 0)
(1.5 1.06686e-13 0)
(1.5 5.11619e-14 0)
(1.5 1.08688e-13 0)
(1.5 3.76334e-14 0)
(1.5 3.67277e-14 0)
(1.5 2.2836e-14 0)
(1.5 -3.47782e-14 0)
(1.5 -4.44759e-14 0)
(1.5 -3.33595e-14 0)
(1.5 -2.08352e-15 0)
(1.5 5.06089e-14 0)
(1.5 1.37723e-13 0)
(1.5 8.83815e-14 0)
(1.5 6.45802e-14 0)
(1.5 1.62771e-13 0)
(1.5 1.50602e-13 0)
(1.5 1.60666e-13 0)
(1.5 9.24222e-14 0)
(1.5 1.02428e-14 0)
(1.5 1.3421e-14 0)
(1.5 5.05198e-14 0)
(1.5 2.49359e-14 0)
(1.5 1.82845e-14 0)
(1.5 6.2988e-14 0)
(1.5 7.59111e-14 0)
(1.5 2.28956e-14 0)
(1.5 -6.5677e-14 0)
(1.5 -1.92918e-13 0)
(1.5 -1.7129e-13 0)
(1.5 4.13195e-15 0)
(1.5 4.98083e-15 0)
(1.5 3.73933e-14 0)
(1.5 1.74665e-14 0)
(1.5 -1.21346e-14 0)
(1.5 -3.40577e-14 0)
(1.5 1.68742e-14 0)
(1.5 7.42747e-14 0)
(1.5 7.18768e-14 0)
(1.5 7.59745e-14 0)
(1.5 1.85253e-13 0)
(1.5 2.81749e-13 0)
(1.5 2.29234e-13 0)
(1.5 1.44022e-13 0)
(1.5 1.0629e-13 0)
(1.5 1.12394e-13 0)
(1.5 1.08037e-13 0)
(1.5 2.21229e-13 0)
(1.5 1.38574e-13 0)
(1.5 6.23144e-14 0)
(1.5 1.02588e-13 0)
(1.5 9.22669e-14 0)
(1.5 5.28827e-14 0)
(1.5 1.77663e-14 0)
(1.5 9.90385e-14 0)
(1.5 1.43166e-13 0)
(1.5 9.61235e-14 0)
(1.5 -1.24381e-14 0)
(1.5 2.62027e-14 0)
(1.5 4.84485e-15 0)
(1.5 4.14941e-14 0)
(1.5 5.33951e-14 0)
(1.5 9.46567e-14 0)
(1.5 9.68838e-14 0)
(1.5 1.27376e-13 0)
(1.5 5.5209e-14 0)
(1.5 1.32914e-14 0)
(1.5 1.03182e-13 0)
(1.5 2.00736e-13 0)
(1.5 2.64422e-13 0)
(1.5 2.31484e-13 0)
(1.5 1.80252e-13 0)
(1.5 -1.18315e-14 0)
(1.5 -1.63999e-14 0)
(1.5 4.91921e-14 0)
(1.5 1.10885e-13 0)
(1.5 1.06052e-13 0)
(1.5 1.47666e-13 0)
(1.5 1.44393e-13 0)
(1.5 1.33477e-13 0)
(1.5 6.91975e-14 0)
(1.5 -5.17584e-14 0)
(1.5 -6.59008e-15 0)
(1.5 5.76969e-14 0)
(1.5 4.11913e-14 0)
(1.5 1.60716e-13 0)
(1.5 1.46465e-13 0)
(1.5 2.14448e-13 0)
(1.5 2.30337e-13 0)
(1.5 1.37407e-13 0)
(1.5 2.72981e-14 0)
(1.5 -5.81611e-14 0)
(1.5 -1.16006e-14 0)
(1.5 6.43722e-14 0)
(1.5 1.22827e-14 0)
(1.5 -3.96676e-14 0)
(1.5 1.75325e-14 0)
(1.5 2.02343e-13 0)
(1.5 2.96645e-13 0)
(1.5 2.55943e-13 0)
(1.5 3.14343e-13 0)
(1.5 3.8145e-13 0)
(1.5 4.09039e-13 0)
(1.5 3.1729e-13 0)
(1.5 2.77164e-13 0)
(1.5 -1.60047e-14 0)
(1.5 -5.45795e-14 0)
(1.5 -1.38892e-14 0)
(1.5 -7.58558e-14 0)
(1.5 -4.24181e-14 0)
(1.5 2.26207e-14 0)
(1.5 6.53893e-14 0)
(1.5 1.13093e-13 0)
(1.5 1.76058e-13 0)
(1.5 2.12566e-13 0)
(1.5 1.38012e-13 0)
(1.5 7.59718e-14 0)
(1.5 5.10733e-14 0)
(1.5 3.65035e-14 0)
(1.5 5.39151e-14 0)
(1.5 4.83447e-14 0)
(1.5 2.02726e-15 0)
(1.5 -4.47747e-14 0)
(1.5 -1.0387e-14 0)
(1.5 3.42714e-14 0)
(1.5 5.48261e-14 0)
(1.5 6.60851e-14 0)
(1.5 1.23635e-13 0)
(1.5 2.01923e-13 0)
(1.5 2.06125e-13 0)
(1.5 2.09991e-13 0)
(1.5 1.78928e-13 0)
(1.5 2.69431e-13 0)
(1.5 2.40748e-13 0)
(1.5 1.93425e-13 0)
(1.5 1.3176e-13 0)
(1.5 1.54929e-13 0)
(1.5 1.52601e-13 0)
(1.5 1.21187e-13 0)
(1.5 7.60401e-14 0)
(1.5 -1.11035e-14 0)
(1.5 -6.17064e-14 0)
(1.5 -2.7072e-14 0)
(1.5 -4.10796e-14 0)
(1.5 -2.02397e-14 0)
(1.5 -1.16525e-14 0)
(1.5 3.16864e-14 0)
(1.5 7.21692e-15 0)
(1.5 -4.91181e-16 0)
(1.5 5.27393e-14 0)
(1.5 6.88232e-14 0)
(1.5 9.19174e-14 0)
(1.5 2.95326e-14 0)
(1.5 -2.28492e-14 0)
(1.5 -1.99448e-14 0)
(1.5 -7.6091e-14 0)
(1.5 -1.71805e-13 0)
(1.5 -1.75786e-13 0)
(1.5 -1.22257e-13 0)
(1.5 -5.95972e-14 0)
(1.5 -4.21135e-14 0)
(1.5 -5.0935e-15 0)
(1.5 1.21066e-14 0)
(1.5 1.95515e-14 0)
(1.5 2.19266e-14 0)
(1.5 6.17089e-14 0)
(1.5 6.75802e-14 0)
(1.5 6.18603e-14 0)
(1.5 7.94163e-14 0)
(1.5 4.79652e-14 0)
(1.5 7.17422e-14 0)
(1.5 4.88908e-14 0)
(1.5 1.10823e-13 0)
(1.5 1.16976e-13 0)
(1.5 3.42476e-14 0)
(1.5 -7.59523e-14 0)
(1.5 -2.89119e-14 0)
(1.5 2.09724e-14 0)
(1.5 5.60759e-14 0)
(1.5 7.71047e-14 0)
(1.5 6.39689e-14 0)
(1.5 1.34969e-14 0)
(1.5 1.28231e-13 0)
(1.5 1.76604e-13 0)
(1.5 1.19484e-13 0)
(1.5 8.00799e-14 0)
(1.5 7.27752e-14 0)
(1.5 7.54043e-14 0)
(1.5 1.21241e-13 0)
(1.5 3.85106e-14 0)
(1.5 -3.61141e-14 0)
(1.5 -3.53597e-14 0)
(1.5 3.03073e-14 0)
(1.5 4.62357e-14 0)
(1.5 8.00223e-14 0)
(1.5 1.86001e-13 0)
(1.5 1.66076e-13 0)
(1.5 1.33486e-13 0)
(1.5 9.57284e-14 0)
(1.5 9.86992e-14 0)
(1.5 2.11644e-13 0)
(1.5 2.0245e-13 0)
(1.5 1.86024e-13 0)
(1.5 1.26206e-13 0)
(1.5 9.71145e-14 0)
(1.5 1.18421e-13 0)
(1.5 1.1802e-13 0)
(1.5 4.74045e-14 0)
(1.5 -6.20954e-14 0)
(1.5 -2.75931e-14 0)
(1.5 3.69661e-14 0)
(1.5 4.33949e-14 0)
(1.5 7.43405e-14 0)
(1.5 8.17115e-14 0)
(1.5 8.20916e-14 0)
(1.5 8.25713e-14 0)
(1.5 5.06695e-14 0)
(1.5 1.209e-13 0)
(1.5 7.44154e-14 0)
(1.5 1.06191e-14 0)
(1.5 -4.27104e-14 0)
(1.5 -5.85977e-14 0)
(1.5 -4.17404e-14 0)
(1.5 4.96917e-14 0)
(1.5 1.31677e-13 0)
(1.5 1.55311e-13 0)
(1.5 6.89277e-14 0)
(1.5 8.7476e-15 0)
(1.5 -9.69924e-14 0)
(1.5 -1.29146e-13 0)
(1.5 -1.10926e-13 0)
(1.5 -1.09772e-13 0)
(1.5 -1.12297e-14 0)
(1.5 3.87552e-14 0)
(1.5 6.10074e-14 0)
(1.5 8.65719e-14 0)
(1.5 1.26839e-13 0)
(1.5 2.03005e-13 0)
(1.5 1.3791e-13 0)
(1.5 1.83305e-13 0)
(1.5 2.70082e-13 0)
(1.5 3.33257e-13 0)
(1.5 3.66999e-13 0)
(1.5 3.55699e-13 0)
(1.5 2.47686e-13 0)
(1.5 1.34888e-13 0)
(1.5 1.79481e-13 0)
(1.5 3.29311e-13 0)
(1.5 2.84281e-13 0)
(1.5 2.2579e-13 0)
(1.5 1.50061e-13 0)
(1.5 7.7992e-14 0)
(1.5 1.17015e-13 0)
(1.5 1.17578e-13 0)
(1.5 1.43614e-13 0)
(1.5 1.52195e-13 0)
(1.5 1.03902e-13 0)
(1.5 9.11117e-14 0)
(1.5 1.64386e-13 0)
(1.5 1.23074e-13 0)
(1.5 1.75088e-13 0)
(1.5 1.30073e-13 0)
(1.5 1.1298e-13 0)
(1.5 1.14532e-13 0)
(1.5 1.20484e-13 0)
(1.5 1.06859e-13 0)
(1.5 1.14387e-13 0)
(1.5 1.46669e-13 0)
(1.5 3.20717e-13 0)
(1.5 3.77073e-13 0)
(1.5 3.67248e-13 0)
(1.5 2.54134e-13 0)
(1.5 5.20837e-14 0)
(1.5 8.73049e-14 0)
(1.5 1.18155e-13 0)
(1.5 1.65149e-13 0)
(1.5 1.90465e-13 0)
(1.5 2.0467e-13 0)
(1.5 7.80934e-14 0)
(1.5 2.93741e-14 0)
(1.5 -2.83127e-14 0)
(1.5 -6.3739e-14 0)
(1.5 -3.26732e-14 0)
(1.5 1.82655e-14 0)
(1.5 3.98774e-14 0)
(1.5 5.63773e-14 0)
(1.5 7.01885e-14 0)
(1.5 1.13287e-13 0)
(1.5 1.13076e-13 0)
(1.5 1.20314e-13 0)
(1.5 1.12726e-13 0)
(1.5 9.91205e-14 0)
(1.5 1.12434e-13 0)
(1.5 1.76862e-13 0)
(1.5 6.33346e-14 0)
(1.5 1.35225e-14 0)
(1.5 1.25113e-14 0)
(1.5 2.41995e-13 0)
(1.5 4.04822e-13 0)
(1.5 4.31643e-13 0)
(1.5 4.6572e-13 0)
(1.5 6.01394e-13 0)
(1.5 6.20453e-13 0)
(1.5 5.52903e-13 0)
(1.5 4.34528e-13 0)
(1.5 -5.81393e-16 0)
(1.5 -4.97274e-14 0)
(1.5 -4.71535e-14 0)
(1.5 -9.28188e-14 0)
(1.5 -6.73685e-14 0)
(1.5 -7.70179e-15 0)
(1.5 3.50635e-14 0)
(1.5 4.44574e-14 0)
(1.5 8.99444e-14 0)
(1.5 1.43559e-13 0)
(1.5 1.20127e-13 0)
(1.5 1.13657e-14 0)
(1.5 -2.23823e-14 0)
(1.5 -3.93041e-14 0)
(1.5 2.62792e-14 0)
(1.5 7.31909e-14 0)
(1.5 7.88757e-14 0)
(1.5 4.16916e-15 0)
(1.5 3.7536e-14 0)
(1.5 7.91916e-14 0)
(1.5 3.72305e-14 0)
(1.5 3.21314e-14 0)
(1.5 4.86728e-14 0)
(1.5 1.00653e-13 0)
(1.5 1.32363e-13 0)
(1.5 1.13261e-13 0)
(1.5 1.04768e-13 0)
(1.5 2.02717e-13 0)
(1.5 2.63786e-13 0)
(1.5 2.11825e-13 0)
(1.5 1.81569e-13 0)
(1.5 1.5962e-13 0)
(1.5 1.40194e-13 0)
(1.5 7.30725e-14 0)
(1.5 5.90277e-15 0)
(1.5 -2.61141e-14 0)
(1.5 1.7318e-14 0)
(1.5 3.40485e-14 0)
(1.5 9.84951e-14 0)
(1.5 3.8369e-14 0)
(1.5 -1.80809e-14 0)
(1.5 -1.32136e-14 0)
(1.5 2.59602e-14 0)
(1.5 -1.1202e-14 0)
(1.5 -5.03981e-14 0)
(1.5 -2.0324e-14 0)
(1.5 6.20045e-15 0)
(1.5 2.18136e-14 0)
(1.5 3.68529e-14 0)
(1.5 1.80669e-14 0)
(1.5 -2.40133e-14 0)
(1.5 -1.02774e-13 0)
(1.5 -1.47099e-13 0)
(1.5 -1.01583e-13 0)
(1.5 -6.49884e-14 0)
(1.5 -6.39748e-14 0)
(1.5 -1.04893e-13 0)
(1.5 -3.7699e-14 0)
(1.5 -2.44303e-14 0)
(1.5 -5.49689e-14 0)
(1.5 -7.05596e-14 0)
(1.5 -4.89015e-14 0)
(1.5 6.40217e-15 0)
(1.5 9.17205e-15 0)
(1.5 6.17506e-14 0)
(1.5 8.47365e-14 0)
(1.5 8.06054e-14 0)
(1.5 7.80707e-14 0)
(1.5 9.9998e-14 0)
(1.5 1.05315e-13 0)
(1.5 4.58647e-14 0)
(1.5 6.61465e-14 0)
(1.5 8.13348e-14 0)
(1.5 9.18011e-14 0)
(1.5 9.37686e-14 0)
(1.5 9.58671e-14 0)
(1.5 5.60434e-14 0)
(1.5 6.07704e-14 0)
(1.5 9.08646e-14 0)
(1.5 4.36131e-14 0)
(1.5 5.7125e-15 0)
(1.5 2.49172e-14 0)
(1.5 1.10541e-13 0)
(1.5 1.19513e-13 0)
(1.5 5.62615e-14 0)
(1.5 7.70072e-14 0)
(1.5 1.08754e-13 0)
(1.5 1.18288e-13 0)
(1.5 9.82756e-14 0)
(1.5 1.51939e-13 0)
(1.5 1.33016e-13 0)
(1.5 1.19954e-13 0)
(1.5 2.36196e-14 0)
(1.5 5.1755e-14 0)
(1.5 9.74472e-14 0)
(1.5 1.65821e-13 0)
(1.5 1.94464e-13 0)
(1.5 1.79419e-13 0)
(1.5 1.41621e-13 0)
(1.5 1.74193e-13 0)
(1.5 1.85745e-13 0)
(1.5 1.39677e-13 0)
(1.5 5.78087e-14 0)
(1.5 5.23654e-15 0)
(1.5 7.49987e-14 0)
(1.5 1.29574e-13 0)
(1.5 9.61897e-14 0)
(1.5 1.317e-13 0)
(1.5 1.14634e-13 0)
(1.5 1.42055e-13 0)
(1.5 6.84597e-14 0)
(1.5 4.12701e-14 0)
(1.5 2.35751e-14 0)
(1.5 3.09365e-14 0)
(1.5 9.20963e-14 0)
(1.5 5.65659e-14 0)
(1.5 -5.82377e-14 0)
(1.5 -4.61941e-14 0)
(1.5 1.67467e-14 0)
(1.5 1.54438e-14 0)
(1.5 1.41137e-14 0)
(1.5 -3.74479e-14 0)
(1.5 -5.50901e-14 0)
(1.5 -2.9142e-14 0)
(1.5 -2.42035e-14 0)
(1.5 -7.21678e-14 0)
(1.5 -1.26958e-13 0)
(1.5 -5.10877e-14 0)
(1.5 -1.34942e-14 0)
(1.5 1.55582e-14 0)
(1.5 6.31435e-14 0)
(1.5 5.66961e-14 0)
(1.5 1.57082e-13 0)
(1.5 1.6759e-13 0)
(1.5 1.87674e-13 0)
(1.5 2.47464e-13 0)
(1.5 2.98467e-13 0)
(1.5 3.55371e-13 0)
(1.5 3.4829e-13 0)
(1.5 2.474e-13 0)
(1.5 1.30159e-13 0)
(1.5 1.19625e-13 0)
(1.5 1.73722e-13 0)
(1.5 1.53157e-13 0)
(1.5 1.86221e-13 0)
(1.5 1.34197e-13 0)
(1.5 1.12401e-13 0)
(1.5 1.10268e-13 0)
(1.5 6.84784e-14 0)
(1.5 3.693e-14 0)
(1.5 -4.4769e-14 0)
(1.5 -2.08175e-14 0)
(1.5 1.18303e-13 0)
(1.5 1.8942e-13 0)
(1.5 1.74836e-13 0)
(1.5 1.95966e-13 0)
(1.5 1.26362e-13 0)
(1.5 2.8488e-14 0)
(1.5 1.21169e-14 0)
(1.5 -2.12822e-14 0)
(1.5 7.58498e-14 0)
(1.5 1.38037e-13 0)
(1.5 1.26776e-13 0)
(1.5 2.16068e-13 0)
(1.5 2.17955e-13 0)
(1.5 2.37054e-13 0)
(1.5 1.53947e-13 0)
(1.5 1.19711e-13 0)
(1.5 1.6098e-13 0)
(1.5 1.40166e-13 0)
(1.5 1.44721e-13 0)
(1.5 8.65121e-14 0)
(1.5 6.46879e-14 0)
(1.5 -1.05963e-13 0)
(1.5 -1.21074e-13 0)
(1.5 -1.33836e-13 0)
(1.5 -4.96659e-14 0)
(1.5 -1.99368e-15 0)
(1.5 3.8291e-14 0)
(1.5 -4.83261e-15 0)
(1.5 -7.11853e-14 0)
(1.5 -9.31664e-14 0)
(1.5 -6.42928e-14 0)
(1.5 -5.88714e-14 0)
(1.5 1.47132e-14 0)
(1.5 5.99353e-14 0)
(1.5 8.17422e-14 0)
(1.5 9.66043e-14 0)
(1.5 1.09915e-13 0)
(1.5 7.753e-14 0)
(1.5 1.93286e-13 0)
(1.5 1.91708e-13 0)
(1.5 2.82808e-13 0)
(1.5 4.25123e-13 0)
(1.5 4.90626e-13 0)
(1.5 5.40417e-13 0)
(1.5 5.70826e-13 0)
(1.5 6.06765e-13 0)
(1.5 5.70669e-13 0)
(1.5 4.72292e-13 0)
(1.5 1.37626e-14 0)
(1.5 -5.09715e-14 0)
(1.5 -7.48666e-14 0)
(1.5 -1.29298e-13 0)
(1.5 -1.52784e-13 0)
(1.5 -5.16892e-14 0)
(1.5 1.68019e-14 0)
(1.5 3.87023e-14 0)
(1.5 3.69736e-15 0)
(1.5 4.88206e-14 0)
(1.5 8.68893e-14 0)
(1.5 1.08872e-14 0)
(1.5 2.09141e-14 0)
(1.5 4.4119e-14 0)
(1.5 1.05255e-13 0)
(1.5 1.25461e-13 0)
(1.5 1.55409e-13 0)
(1.5 1.12694e-13 0)
(1.5 1.31757e-13 0)
(1.5 1.21254e-13 0)
(1.5 8.21439e-14 0)
(1.5 9.63243e-14 0)
(1.5 9.7097e-14 0)
(1.5 1.07438e-13 0)
(1.5 1.03255e-13 0)
(1.5 1.18649e-13 0)
(1.5 9.54005e-14 0)
(1.5 1.15332e-13 0)
(1.5 1.96875e-13 0)
(1.5 1.93448e-13 0)
(1.5 2.19888e-13 0)
(1.5 1.3235e-13 0)
(1.5 9.99377e-14 0)
(1.5 7.04712e-14 0)
(1.5 6.20944e-14 0)
(1.5 7.06901e-14 0)
(1.5 1.44426e-13 0)
(1.5 9.60432e-14 0)
(1.5 1.49065e-13 0)
(1.5 8.34527e-14 0)
(1.5 4.45809e-14 0)
(1.5 4.60026e-14 0)
(1.5 9.37807e-14 0)
(1.5 5.87069e-14 0)
(1.5 -2.65556e-14 0)
(1.5 -1.40327e-14 0)
(1.5 -2.1284e-14 0)
(1.5 4.92168e-14 0)
(1.5 8.8391e-14 0)
(1.5 6.8429e-14 0)
(1.5 6.41619e-14 0)
(1.5 1.45436e-14 0)
(1.5 -3.29435e-14 0)
(1.5 -2.21887e-14 0)
(1.5 3.73365e-15 0)
(1.5 -5.87441e-15 0)
(1.5 -6.2221e-14 0)
(1.5 1.02137e-14 0)
(1.5 6.03862e-15 0)
(1.5 -4.26374e-14 0)
(1.5 -7.61207e-14 0)
(1.5 -8.15734e-14 0)
(1.5 -2.85396e-14 0)
(1.5 1.00802e-14 0)
(1.5 1.02001e-13 0)
(1.5 9.63218e-14 0)
(1.5 8.13821e-14 0)
(1.5 5.11346e-14 0)
(1.5 3.91275e-14 0)
(1.5 9.65859e-14 0)
(1.5 1.38168e-13 0)
(1.5 1.3743e-13 0)
(1.5 1.44067e-13 0)
(1.5 1.54853e-13 0)
(1.5 1.82349e-13 0)
(1.5 1.61716e-13 0)
(1.5 2.00741e-13 0)
(1.5 1.11765e-13 0)
(1.5 3.42217e-14 0)
(1.5 6.68506e-14 0)
(1.5 6.96729e-14 0)
(1.5 7.29177e-14 0)
(1.5 9.03009e-14 0)
(1.5 6.7867e-14 0)
(1.5 9.78891e-14 0)
(1.5 2.05892e-13 0)
(1.5 2.50308e-13 0)
(1.5 1.87741e-13 0)
(1.5 1.73275e-13 0)
(1.5 1.68196e-13 0)
(1.5 8.53494e-14 0)
(1.5 -8.4954e-16 0)
(1.5 -3.78365e-14 0)
(1.5 -5.91789e-14 0)
(1.5 3.84e-16 0)
(1.5 -1.18966e-14 0)
(1.5 2.58309e-14 0)
(1.5 7.47507e-14 0)
(1.5 1.20253e-13 0)
(1.5 2.2142e-13 0)
(1.5 1.97186e-13 0)
(1.5 8.16165e-14 0)
(1.5 2.94825e-14 0)
(1.5 4.22355e-14 0)
(1.5 1.46423e-13 0)
(1.5 2.19312e-13 0)
(1.5 1.92751e-13 0)
(1.5 1.19922e-13 0)
(1.5 1.09246e-13 0)
(1.5 1.2143e-13 0)
(1.5 1.01492e-13 0)
(1.5 1.28959e-13 0)
(1.5 3.52496e-14 0)
(1.5 2.90177e-14 0)
(1.5 9.70563e-14 0)
(1.5 9.16875e-14 0)
(1.5 3.28743e-14 0)
(1.5 4.70597e-14 0)
(1.5 2.22727e-14 0)
(1.5 -7.07045e-14 0)
(1.5 -9.95041e-14 0)
(1.5 -8.26328e-14 0)
(1.5 -1.31558e-13 0)
(1.5 -7.4239e-14 0)
(1.5 -5.70375e-14 0)
(1.5 -9.48273e-14 0)
(1.5 -1.20907e-13 0)
(1.5 -1.63088e-13 0)
(1.5 -1.31096e-13 0)
(1.5 -8.76263e-14 0)
(1.5 -4.22304e-14 0)
(1.5 -1.21206e-14 0)
(1.5 1.27629e-13 0)
(1.5 2.33334e-13 0)
(1.5 1.97301e-13 0)
(1.5 1.13701e-13 0)
(1.5 8.94121e-14 0)
(1.5 2.2552e-13 0)
(1.5 1.9846e-13 0)
(1.5 1.03939e-13 0)
(1.5 -7.23594e-15 0)
(1.5 -1.03298e-13 0)
(1.5 -6.07568e-14 0)
(1.5 1.38223e-14 0)
(1.5 9.58497e-14 0)
(1.5 1.92784e-13 0)
(1.5 2.82546e-13 0)
(1.5 1.13161e-13 0)
(1.5 -3.39557e-14 0)
(1.5 -1.18685e-13 0)
(1.5 -1.4015e-13 0)
(1.5 -1.05495e-13 0)
(1.5 1.29501e-14 0)
(1.5 1.2304e-13 0)
(1.5 2.35214e-13 0)
(1.5 1.5425e-13 0)
(1.5 1.0801e-13 0)
(1.5 5.44448e-14 0)
(1.5 -1.58994e-14 0)
(1.5 -5.50419e-14 0)
(1.5 2.66601e-14 0)
(1.5 9.46329e-14 0)
(1.5 6.82863e-14 0)
(1.5 7.73294e-14 0)
(1.5 1.44572e-13 0)
(1.5 1.80816e-13 0)
(1.5 1.16963e-13 0)
(1.5 2.02767e-13 0)
(1.5 2.41997e-13 0)
(1.5 2.17127e-13 0)
(1.5 9.27535e-14 0)
(1.5 -8.93596e-14 0)
(1.5 -9.56136e-14 0)
(1.5 -1.27531e-13 0)
(1.5 -9.30192e-14 0)
(1.5 -1.09316e-13 0)
(1.5 -1.1252e-13 0)
(1.5 -7.26358e-15 0)
(1.5 -2.89678e-15 0)
(1.5 -9.61567e-14 0)
(1.5 -1.39816e-13 0)
(1.5 -1.26042e-13 0)
(1.5 -7.49647e-14 0)
(1.5 -1.28366e-14 0)
(1.5 7.28269e-14 0)
(1.5 9.88006e-14 0)
(1.5 1.1656e-13 0)
(1.5 1.69687e-13 0)
(1.5 1.64373e-13 0)
(1.5 1.98156e-13 0)
(1.5 3.02967e-13 0)
(1.5 3.61864e-13 0)
(1.5 4.26694e-13 0)
(1.5 3.74002e-13 0)
(1.5 4.07669e-13 0)
(1.5 3.97007e-13 0)
(1.5 3.1718e-13 0)
(1.5 3.58793e-13 0)
(1.5 3.78574e-13 0)
(1.5 4.04196e-13 0)
(1.5 -3.5004e-14 0)
(1.5 -6.66615e-14 0)
(1.5 -1.01318e-13 0)
(1.5 -1.90967e-13 0)
(1.5 -2.0732e-13 0)
(1.5 -1.77649e-13 0)
(1.5 -1.13049e-13 0)
(1.5 -9.11581e-14 0)
(1.5 -9.62622e-14 0)
(1.5 -5.16833e-14 0)
(1.5 -8.38406e-15 0)
(1.5 -1.95367e-14 0)
(1.5 3.05514e-14 0)
(1.5 8.99651e-14 0)
(1.5 7.84761e-14 0)
(1.5 8.35105e-14 0)
(1.5 1.68667e-13 0)
(1.5 1.20838e-13 0)
(1.5 8.88751e-14 0)
(1.5 5.41808e-14 0)
(1.5 9.58766e-14 0)
(1.5 1.10262e-13 0)
(1.5 1.30991e-13 0)
(1.5 1.37828e-13 0)
(1.5 8.99772e-14 0)
(1.5 9.41095e-14 0)
(1.5 1.39566e-13 0)
(1.5 8.47719e-14 0)
(1.5 6.1319e-14 0)
(1.5 1.1404e-13 0)
(1.5 1.62883e-13 0)
(1.5 2.06705e-13 0)
(1.5 1.82781e-13 0)
(1.5 1.12122e-13 0)
(1.5 9.15977e-14 0)
(1.5 5.71798e-14 0)
(1.5 1.08529e-13 0)
(1.5 1.06197e-13 0)
(1.5 1.21759e-13 0)
(1.5 1.01365e-13 0)
(1.5 1.09403e-13 0)
(1.5 9.61174e-14 0)
(1.5 9.70562e-14 0)
(1.5 8.02984e-14 0)
(1.5 5.85995e-15 0)
(1.5 -6.60954e-15 0)
(1.5 4.736e-16 0)
(1.5 3.51448e-14 0)
(1.5 7.32174e-14 0)
(1.5 5.45232e-14 0)
(1.5 6.56315e-14 0)
(1.5 6.57036e-14 0)
(1.5 6.69859e-14 0)
(1.5 9.84664e-14 0)
(1.5 1.16919e-13 0)
(1.5 5.2471e-14 0)
(1.5 6.30549e-14 0)
(1.5 3.1262e-14 0)
(1.5 4.84341e-14 0)
(1.5 -1.05877e-14 0)
(1.5 1.18122e-14 0)
(1.5 5.85133e-14 0)
(1.5 5.9662e-14 0)
(1.5 7.34425e-14 0)
(1.5 1.09111e-13 0)
(1.5 1.11323e-13 0)
(1.5 1.06989e-13 0)
(1.5 1.00674e-13 0)
(1.5 1.12497e-13 0)
(1.5 9.98729e-14 0)
(1.5 9.20843e-14 0)
(1.5 2.32638e-14 0)
(1.5 2.39277e-14 0)
(1.5 3.82379e-14 0)
(1.5 1.03031e-13 0)
(1.5 1.26748e-13 0)
(1.5 2.00184e-13 0)
(1.5 1.78249e-13 0)
(1.5 9.47646e-14 0)
(1.5 7.09113e-14 0)
(1.5 7.73598e-14 0)
(1.5 5.36832e-14 0)
(1.5 1.54412e-14 0)
(1.5 2.72624e-14 0)
(1.5 1.14629e-13 0)
(1.5 1.97634e-13 0)
(1.5 2.32201e-13 0)
(1.5 1.58768e-13 0)
(1.5 1.4356e-13 0)
(1.5 9.35821e-14 0)
(1.5 5.45612e-14 0)
(1.5 -3.29959e-15 0)
(1.5 4.31638e-15 0)
(1.5 -1.27568e-14 0)
(1.5 7.30402e-15 0)
(1.5 -2.32057e-14 0)
(1.5 8.59079e-14 0)
(1.5 1.3847e-13 0)
(1.5 1.00404e-13 0)
(1.5 1.66875e-13 0)
(1.5 2.29628e-13 0)
(1.5 1.84165e-13 0)
(1.5 1.18407e-13 0)
(1.5 1.35731e-13 0)
(1.5 1.94686e-13 0)
(1.5 2.40201e-13 0)
(1.5 2.29155e-13 0)
(1.5 1.29494e-13 0)
(1.5 1.19515e-13 0)
(1.5 8.73436e-14 0)
(1.5 9.99105e-14 0)
(1.5 1.51591e-13 0)
(1.5 7.92334e-14 0)
(1.5 3.30963e-14 0)
(1.5 1.08776e-14 0)
(1.5 7.00567e-14 0)
(1.5 1.17529e-13 0)
(1.5 1.52982e-13 0)
(1.5 8.87736e-14 0)
(1.5 8.04205e-15 0)
(1.5 2.41851e-14 0)
(1.5 7.16148e-14 0)
(1.5 1.85677e-14 0)
(1.5 -5.34623e-15 0)
(1.5 -5.02993e-14 0)
(1.5 -1.16263e-13 0)
(1.5 -1.03253e-13 0)
(1.5 -1.56641e-13 0)
(1.5 -1.63582e-13 0)
(1.5 -1.68249e-13 0)
(1.5 -1.28552e-13 0)
(1.5 -4.32958e-14 0)
(1.5 9.60984e-14 0)
(1.5 1.4275e-13 0)
(1.5 5.08147e-14 0)
(1.5 -1.25811e-13 0)
(1.5 -1.99849e-13 0)
(1.5 -1.04658e-14 0)
(1.5 4.10838e-14 0)
(1.5 -7.0726e-14 0)
(1.5 -1.52024e-13 0)
(1.5 -1.61935e-13 0)
(1.5 -3.65517e-14 0)
(1.5 1.47892e-13 0)
(1.5 2.3735e-13 0)
(1.5 2.98073e-13 0)
(1.5 3.12958e-13 0)
(1.5 1.43847e-13 0)
(1.5 4.03494e-14 0)
(1.5 -1.12473e-13 0)
(1.5 -1.27439e-13 0)
(1.5 -7.808e-14 0)
(1.5 -1.95706e-14 0)
(1.5 2.40687e-15 0)
(1.5 1.19037e-13 0)
(1.5 1.18554e-13 0)
(1.5 1.39331e-13 0)
(1.5 1.04695e-13 0)
(1.5 -1.36189e-14 0)
(1.5 -1.86326e-14 0)
(1.5 2.87983e-15 0)
(1.5 -1.31883e-15 0)
(1.5 5.02254e-14 0)
(1.5 2.49997e-14 0)
(1.5 2.73721e-14 0)
(1.5 4.30884e-14 0)
(1.5 1.10713e-13 0)
(1.5 2.39592e-13 0)
(1.5 2.96714e-13 0)
(1.5 2.48311e-13 0)
(1.5 5.91995e-14 0)
(1.5 -9.65893e-14 0)
(1.5 -1.7219e-13 0)
(1.5 -1.4115e-13 0)
(1.5 -1.05822e-13 0)
(1.5 -1.64395e-13 0)
(1.5 -2.07306e-13 0)
(1.5 -4.88666e-14 0)
(1.5 3.88382e-14 0)
(1.5 4.75e-16 0)
(1.5 -9.27521e-14 0)
(1.5 -1.03477e-13 0)
(1.5 1.41991e-15 0)
(1.5 1.40781e-13 0)
(1.5 2.26276e-13 0)
(1.5 2.34952e-13 0)
(1.5 1.91932e-13 0)
(1.5 2.68706e-13 0)
(1.5 2.5116e-13 0)
(1.5 2.78731e-13 0)
(1.5 2.54862e-13 0)
(1.5 3.26394e-13 0)
(1.5 3.93871e-13 0)
(1.5 2.44303e-13 0)
(1.5 2.32882e-13 0)
(1.5 1.40575e-13 0)
(1.5 1.11027e-13 0)
(1.5 1.61965e-13 0)
(1.5 2.65109e-13 0)
(1.5 3.27805e-13 0)
(1.5 -9.05706e-14 0)
(1.5 -1.20727e-13 0)
(1.5 -1.86354e-13 0)
(1.5 -2.15954e-13 0)
(1.5 -1.84571e-13 0)
(1.5 -1.58769e-13 0)
(1.5 -1.31495e-13 0)
(1.5 -1.12091e-13 0)
(1.5 -4.45828e-14 0)
(1.5 -1.4163e-14 0)
(1.5 -1.01411e-14 0)
(1.5 -2.77908e-14 0)
(1.5 -1.73103e-14 0)
(1.5 1.60749e-14 0)
(1.5 -1.30355e-14 0)
(1.5 6.43839e-14 0)
(1.5 1.40428e-13 0)
(1.5 1.18492e-13 0)
(1.5 5.80897e-14 0)
(1.5 3.0802e-14 0)
(1.5 7.80793e-14 0)
(1.5 7.37397e-14 0)
(1.5 3.36546e-14 0)
(1.5 2.78619e-14 0)
(1.5 4.11785e-14 0)
(1.5 -9.15035e-16 0)
(1.5 1.162e-13 0)
(1.5 1.03036e-13 0)
(1.5 3.47062e-14 0)
(1.5 4.05171e-14 0)
(1.5 7.73623e-14 0)
(1.5 1.95504e-13 0)
(1.5 1.92214e-13 0)
(1.5 1.21356e-13 0)
(1.5 6.56282e-14 0)
(1.5 -2.37065e-14 0)
(1.5 3.51181e-15 0)
(1.5 2.94278e-14 0)
(1.5 8.97155e-14 0)
(1.5 1.49751e-13 0)
(1.5 1.14159e-13 0)
(1.5 1.88088e-14 0)
(1.5 2.10208e-14 0)
(1.5 -2.83413e-14 0)
(1.5 -3.42507e-14 0)
(1.5 -6.29377e-14 0)
(1.5 -4.30007e-14 0)
(1.5 -9.02271e-14 0)
(1.5 -8.64232e-14 0)
(1.5 -2.2014e-14 0)
(1.5 -4.79576e-14 0)
(1.5 2.80087e-14 0)
(1.5 4.23305e-14 0)
(1.5 6.40349e-14 0)
(1.5 -9.39001e-15 0)
(1.5 -7.46922e-14 0)
(1.5 -1.64135e-14 0)
(1.5 -4.44436e-14 0)
(1.5 -6.57224e-14 0)
(1.5 -5.58741e-14 0)
(1.5 1.67556e-14 0)
(1.5 7.07214e-14 0)
(1.5 5.50406e-14 0)
(1.5 1.36389e-14 0)
(1.5 -1.48927e-14 0)
(1.5 3.10836e-14 0)
(1.5 8.35865e-14 0)
(1.5 8.01806e-14 0)
(1.5 6.4973e-14 0)
(1.5 2.07648e-14 0)
(1.5 5.24581e-14 0)
(1.5 -1.7828e-14 0)
(1.5 -1.98955e-14 0)
(1.5 -1.51346e-14 0)
(1.5 3.60263e-14 0)
(1.5 1.20822e-13 0)
(1.5 1.30465e-13 0)
(1.5 1.43332e-13 0)
(1.5 1.29244e-13 0)
(1.5 1.15444e-13 0)
(1.5 1.42315e-13 0)
(1.5 1.00957e-13 0)
(1.5 7.23549e-14 0)
(1.5 8.90927e-14 0)
(1.5 1.31166e-13 0)
(1.5 1.9309e-13 0)
(1.5 1.41343e-13 0)
(1.5 4.67834e-14 0)
(1.5 8.35589e-14 0)
(1.5 1.23197e-13 0)
(1.5 9.6404e-14 0)
(1.5 7.33593e-14 0)
(1.5 1.20179e-13 0)
(1.5 1.47738e-13 0)
(1.5 1.63096e-13 0)
(1.5 2.06087e-13 0)
(1.5 2.78017e-13 0)
(1.5 2.42881e-13 0)
(1.5 2.34578e-13 0)
(1.5 2.06396e-13 0)
(1.5 2.39778e-13 0)
(1.5 2.19404e-13 0)
(1.5 1.11564e-13 0)
(1.5 1.99004e-13 0)
(1.5 2.13572e-13 0)
(1.5 1.681e-13 0)
(1.5 2.01529e-13 0)
(1.5 1.65371e-13 0)
(1.5 9.68808e-14 0)
(1.5 -1.30392e-14 0)
(1.5 -4.12257e-14 0)
(1.5 -2.00991e-14 0)
(1.5 3.03271e-15 0)
(1.5 1.49825e-14 0)
(1.5 -3.80178e-15 0)
(1.5 -9.5632e-15 0)
(1.5 1.0321e-13 0)
(1.5 1.33861e-13 0)
(1.5 5.81057e-14 0)
(1.5 8.62415e-15 0)
(1.5 5.00288e-14 0)
(1.5 1.32562e-13 0)
(1.5 8.55874e-14 0)
(1.5 4.8887e-14 0)
(1.5 7.24225e-14 0)
(1.5 3.99461e-14 0)
(1.5 5.05941e-15 0)
(1.5 -1.54762e-14 0)
(1.5 6.66396e-15 0)
(1.5 -1.03419e-14 0)
(1.5 -1.40868e-13 0)
(1.5 -1.1851e-13 0)
(1.5 3.28011e-14 0)
(1.5 1.9156e-14 0)
(1.5 -1.12292e-13 0)
(1.5 -1.91612e-13 0)
(1.5 -2.29288e-13 0)
(1.5 -2.01795e-13 0)
(1.5 -8.72601e-14 0)
(1.5 -8.79673e-14 0)
(1.5 -1.1933e-13 0)
(1.5 -5.95046e-14 0)
(1.5 4.16129e-14 0)
(1.5 2.1164e-13 0)
(1.5 2.59952e-13 0)
(1.5 1.31641e-13 0)
(1.5 6.40539e-14 0)
(1.5 3.38798e-14 0)
(1.5 6.62862e-14 0)
(1.5 -2.00961e-14 0)
(1.5 -1.345e-13 0)
(1.5 -1.34325e-13 0)
(1.5 -9.3967e-14 0)
(1.5 -1.16267e-13 0)
(1.5 1.37536e-14 0)
(1.5 7.98644e-14 0)
(1.5 1.11501e-13 0)
(1.5 1.9439e-14 0)
(1.5 -7.98252e-14 0)
(1.5 -6.20449e-14 0)
(1.5 -6.37157e-14 0)
(1.5 -9.43194e-14 0)
(1.5 1.07973e-14 0)
(1.5 -3.88044e-14 0)
(1.5 -7.21152e-14 0)
(1.5 -9.37909e-14 0)
(1.5 3.1309e-14 0)
(1.5 8.18437e-14 0)
(1.5 1.069e-13 0)
(1.5 1.5205e-13 0)
(1.5 3.39129e-14 0)
(1.5 -6.30496e-14 0)
(1.5 -2.36807e-13 0)
(1.5 -1.81841e-13 0)
(1.5 -1.35226e-13 0)
(1.5 -1.16315e-13 0)
(1.5 -9.53644e-14 0)
(1.5 2.80953e-14 0)
(1.5 1.20415e-13 0)
(1.5 8.64292e-14 0)
(1.5 -1.23158e-14 0)
(1.5 -5.66715e-14 0)
(1.5 1.13211e-13 0)
(1.5 2.5645e-13 0)
(1.5 2.74421e-13 0)
(1.5 2.76324e-13 0)
(1.5 1.73994e-13 0)
(1.5 1.1165e-13 0)
(1.5 1.42678e-13 0)
(1.5 2.21441e-13 0)
(1.5 2.13186e-13 0)
(1.5 2.36628e-13 0)
(1.5 2.33398e-13 0)
(1.5 1.79562e-13 0)
(1.5 1.16993e-13 0)
(1.5 -4.44654e-14 0)
(1.5 -9.87369e-14 0)
(1.5 -1.32925e-15 0)
(1.5 1.42743e-13 0)
(1.5 1.74126e-13 0)
(1.5 -7.52464e-14 0)
(1.5 -1.50473e-13 0)
(1.5 -1.89987e-13 0)
(1.5 -1.4134e-13 0)
(1.5 -1.46369e-13 0)
(1.5 -9.54506e-14 0)
(1.5 -5.94488e-14 0)
(1.5 -3.6793e-14 0)
(1.5 -9.08916e-15 0)
(1.5 -3.37545e-14 0)
(1.5 -9.32312e-14 0)
(1.5 -8.71447e-14 0)
(1.5 -8.92973e-14 0)
(1.5 -5.10663e-14 0)
(1.5 8.1e-15 0)
(1.5 6.4807e-14 0)
(1.5 3.57996e-14 0)
(1.5 1.10021e-13 0)
(1.5 6.82412e-14 0)
(1.5 2.69426e-14 0)
(1.5 6.58309e-15 0)
(1.5 1.26349e-14 0)
(1.5 -7.02964e-15 0)
(1.5 -2.11109e-14 0)
(1.5 2.19419e-14 0)
(1.5 2.78498e-14 0)
(1.5 4.97882e-14 0)
(1.5 6.88009e-14 0)
(1.5 1.03943e-13 0)
(1.5 4.41553e-14 0)
(1.5 3.43217e-14 0)
(1.5 8.54496e-14 0)
(1.5 1.18368e-13 0)
(1.5 1.29731e-13 0)
(1.5 4.66697e-14 0)
(1.5 -4.5746e-14 0)
(1.5 -5.11507e-14 0)
(1.5 -5.67908e-14 0)
(1.5 2.07847e-14 0)
(1.5 7.4997e-14 0)
(1.5 1.89392e-15 0)
(1.5 -7.57219e-14 0)
(1.5 -8.82779e-14 0)
(1.5 -1.10604e-13 0)
(1.5 -5.72121e-14 0)
(1.5 -4.26801e-14 0)
(1.5 -6.17605e-14 0)
(1.5 -1.1552e-13 0)
(1.5 -1.23032e-13 0)
(1.5 -6.97888e-14 0)
(1.5 -1.10476e-13 0)
(1.5 -4.74455e-14 0)
(1.5 -3.93942e-14 0)
(1.5 -5.78928e-14 0)
(1.5 -1.31004e-13 0)
(1.5 -1.62759e-13 0)
(1.5 -1.48387e-13 0)
(1.5 -1.24432e-13 0)
(1.5 -1.68022e-13 0)
(1.5 -8.22158e-14 0)
(1.5 -3.46149e-14 0)
(1.5 -1.90486e-14 0)
(1.5 -5.23502e-14 0)
(1.5 -1.0874e-13 0)
(1.5 -1.75638e-13 0)
(1.5 -9.82614e-14 0)
(1.5 -2.50225e-14 0)
(1.5 2.0772e-14 0)
(1.5 -5.62532e-14 0)
(1.5 -1.10867e-13 0)
(1.5 -2.56047e-14 0)
(1.5 2.5661e-14 0)
(1.5 2.61539e-14 0)
(1.5 2.37957e-14 0)
(1.5 6.07346e-15 0)
(1.5 8.40678e-14 0)
(1.5 6.269e-14 0)
(1.5 1.99311e-14 0)
(1.5 9.49688e-14 0)
(1.5 1.60665e-13 0)
(1.5 1.60884e-13 0)
(1.5 1.32236e-13 0)
(1.5 1.30812e-13 0)
(1.5 1.2725e-13 0)
(1.5 1.45029e-13 0)
(1.5 1.73061e-13 0)
(1.5 1.12608e-13 0)
(1.5 4.2197e-14 0)
(1.5 1.07776e-13 0)
(1.5 1.2712e-13 0)
(1.5 7.40267e-14 0)
(1.5 7.39583e-14 0)
(1.5 1.96002e-13 0)
(1.5 2.286e-13 0)
(1.5 2.10178e-13 0)
(1.5 2.74857e-13 0)
(1.5 2.73249e-13 0)
(1.5 2.45841e-13 0)
(1.5 3.07384e-13 0)
(1.5 2.52101e-13 0)
(1.5 1.96319e-13 0)
(1.5 1.13453e-13 0)
(1.5 7.06294e-14 0)
(1.5 9.82079e-14 0)
(1.5 1.4421e-13 0)
(1.5 1.19995e-13 0)
(1.5 1.18847e-13 0)
(1.5 1.06301e-13 0)
(1.5 2.27516e-14 0)
(1.5 -1.02441e-13 0)
(1.5 -1.59597e-13 0)
(1.5 -1.74201e-13 0)
(1.5 -7.41645e-14 0)
(1.5 -1.89725e-14 0)
(1.5 -3.77037e-14 0)
(1.5 -8.83775e-14 0)
(1.5 -7.73064e-15 0)
(1.5 2.83321e-14 0)
(1.5 -5.22947e-14 0)
(1.5 -8.95067e-14 0)
(1.5 -5.15428e-14 0)
(1.5 -3.01734e-14 0)
(1.5 -5.54158e-14 0)
(1.5 -7.5043e-14 0)
(1.5 2.30467e-16 0)
(1.5 7.69554e-14 0)
(1.5 3.78952e-14 0)
(1.5 6.37972e-14 0)
(1.5 5.71377e-14 0)
(1.5 2.67208e-14 0)
(1.5 -8.86978e-14 0)
(1.5 -7.38643e-14 0)
(1.5 7.77685e-14 0)
(1.5 6.00873e-14 0)
(1.5 -8.92448e-14 0)
(1.5 -1.50821e-13 0)
(1.5 -1.79758e-13 0)
(1.5 -2.50389e-13 0)
(1.5 -1.30269e-13 0)
(1.5 1.09287e-14 0)
(1.5 4.49173e-14 0)
(1.5 1.03887e-13 0)
(1.5 1.47865e-13 0)
(1.5 1.32749e-13 0)
(1.5 7.99693e-14 0)
(1.5 6.06667e-15 0)
(1.5 -5.90815e-14 0)
(1.5 -2.30983e-14 0)
(1.5 1.48453e-14 0)
(1.5 3.49957e-14 0)
(1.5 -3.88836e-14 0)
(1.5 -9.49294e-14 0)
(1.5 -7.41419e-14 0)
(1.5 -6.61643e-14 0)
(1.5 -3.49441e-15 0)
(1.5 5.19626e-14 0)
(1.5 8.18733e-14 0)
(1.5 -2.01586e-14 0)
(1.5 -7.44744e-14 0)
(1.5 -5.32424e-14 0)
(1.5 -4.71373e-14 0)
(1.5 -2.87733e-14 0)
(1.5 1.32525e-13 0)
(1.5 8.69228e-14 0)
(1.5 1.77651e-14 0)
(1.5 2.10488e-14 0)
(1.5 1.31496e-13 0)
(1.5 7.3588e-14 0)
(1.5 2.83154e-14 0)
(1.5 1.05206e-13 0)
(1.5 1.13961e-13 0)
(1.5 3.49006e-14 0)
(1.5 -2.2187e-13 0)
(1.5 -1.97481e-13 0)
(1.5 -1.58201e-13 0)
(1.5 -3.6955e-14 0)
(1.5 3.45121e-14 0)
(1.5 1.26924e-13 0)
(1.5 1.14235e-13 0)
(1.5 7.68197e-14 0)
(1.5 3.17204e-14 0)
(1.5 -2.61216e-15 0)
(1.5 9.82852e-14 0)
(1.5 1.78696e-13 0)
(1.5 1.19594e-13 0)
(1.5 1.26645e-13 0)
(1.5 7.07346e-14 0)
(1.5 -9.03817e-15 0)
(1.5 2.77299e-14 0)
(1.5 1.34702e-13 0)
(1.5 1.43552e-13 0)
(1.5 1.60592e-13 0)
(1.5 1.45989e-13 0)
(1.5 1.03428e-13 0)
(1.5 5.81278e-14 0)
(1.5 -3.29805e-14 0)
(1.5 -7.76912e-14 0)
(1.5 1.04106e-14 0)
(1.5 -6.43443e-15 0)
(1.5 -6.45874e-15 0)
(1.5 2.66384e-15 0)
(1.5 -6.90783e-14 0)
(1.5 -1.24796e-13 0)
(1.5 -7.61357e-14 0)
(1.5 -5.68333e-14 0)
(1.5 -3.41536e-14 0)
(1.5 -2.34847e-14 0)
(1.5 -1.3167e-14 0)
(1.5 -3.81531e-14 0)
(1.5 -3.66285e-14 0)
(1.5 -7.47943e-14 0)
(1.5 -5.4533e-14 0)
(1.5 -6.89822e-14 0)
(1.5 -5.0022e-14 0)
(1.5 6.66911e-14 0)
(1.5 1.07397e-13 0)
(1.5 3.01516e-14 0)
(1.5 5.55583e-14 0)
(1.5 2.47843e-14 0)
(1.5 2.0159e-14 0)
(1.5 -6.75232e-14 0)
(1.5 -5.30264e-14 0)
(1.5 3.87386e-15 0)
(1.5 -8.60012e-15 0)
(1.5 3.41402e-14 0)
(1.5 5.66783e-14 0)
(1.5 1.10209e-14 0)
(1.5 2.9731e-14 0)
(1.5 4.07567e-14 0)
(1.5 5.58005e-15 0)
(1.5 -6.04252e-15 0)
(1.5 1.73762e-15 0)
(1.5 2.86e-14 0)
(1.5 2.80715e-14 0)
(1.5 -2.96121e-14 0)
(1.5 -2.08717e-14 0)
(1.5 -7.21139e-14 0)
(1.5 -8.28994e-14 0)
(1.5 -4.03579e-14 0)
(1.5 -6.47793e-14 0)
(1.5 -9.60667e-14 0)
(1.5 -1.14475e-13 0)
(1.5 -1.07302e-13 0)
(1.5 -5.33827e-14 0)
(1.5 -6.12909e-14 0)
(1.5 -1.27757e-14 0)
(1.5 1.16219e-14 0)
(1.5 1.87929e-14 0)
(1.5 3.04694e-15 0)
(1.5 -3.86125e-14 0)
(1.5 -8.6571e-14 0)
(1.5 -9.2254e-14 0)
(1.5 -3.69367e-14 0)
(1.5 -8.8351e-14 0)
(1.5 -1.28281e-13 0)
(1.5 -8.28703e-14 0)
(1.5 -6.11627e-14 0)
(1.5 -9.02274e-14 0)
(1.5 -1.09079e-13 0)
(1.5 -2.09078e-14 0)
(1.5 -2.57749e-14 0)
(1.5 -7.7824e-15 0)
(1.5 -7.22735e-14 0)
(1.5 -9.73811e-14 0)
(1.5 -1.50001e-13 0)
(1.5 -1.13091e-13 0)
(1.5 -1.10322e-13 0)
(1.5 -8.6694e-14 0)
(1.5 -1.26181e-13 0)
(1.5 -1.46991e-13 0)
(1.5 -1.14482e-13 0)
(1.5 -4.11722e-14 0)
(1.5 -2.14653e-14 0)
(1.5 5.47659e-15 0)
(1.5 -6.26962e-14 0)
(1.5 3.45817e-14 0)
(1.5 5.14863e-14 0)
(1.5 5.09807e-14 0)
(1.5 9.84628e-14 0)
(1.5 1.16362e-13 0)
(1.5 1.04617e-13 0)
(1.5 1.5324e-13 0)
(1.5 1.62339e-13 0)
(1.5 1.42973e-13 0)
(1.5 1.21658e-13 0)
(1.5 2.45209e-14 0)
(1.5 6.77911e-15 0)
(1.5 7.01729e-14 0)
(1.5 1.16526e-13 0)
(1.5 9.44137e-15 0)
(1.5 -6.02752e-14 0)
(1.5 -2.71753e-14 0)
(1.5 5.51194e-14 0)
(1.5 1.65879e-13 0)
(1.5 2.03014e-13 0)
(1.5 2.21397e-13 0)
(1.5 2.19239e-13 0)
(1.5 2.12571e-13 0)
(1.5 2.31321e-13 0)
(1.5 2.18213e-13 0)
(1.5 1.27209e-13 0)
(1.5 5.37658e-14 0)
(1.5 6.37066e-14 0)
(1.5 5.73261e-14 0)
(1.5 9.76805e-14 0)
(1.5 1.44656e-13 0)
(1.5 7.5062e-14 0)
(1.5 9.36874e-14 0)
(1.5 4.91072e-14 0)
(1.5 -5.65819e-14 0)
(1.5 -1.25027e-13 0)
(1.5 -1.26563e-13 0)
(1.5 -9.35498e-14 0)
(1.5 -3.47491e-14 0)
(1.5 -4.45582e-14 0)
(1.5 3.88083e-14 0)
(1.5 9.23604e-14 0)
(1.5 1.33494e-13 0)
(1.5 9.30834e-14 0)
(1.5 6.66127e-14 0)
(1.5 8.0522e-14 0)
(1.5 -1.42354e-15 0)
(1.5 2.93919e-14 0)
(1.5 1.67711e-14 0)
(1.5 4.01107e-14 0)
(1.5 9.14902e-14 0)
(1.5 9.67213e-14 0)
(1.5 1.2625e-13 0)
(1.5 7.22252e-14 0)
(1.5 5.78058e-14 0)
(1.5 7.42977e-14 0)
(1.5 4.66208e-14 0)
(1.5 5.10856e-14 0)
(1.5 9.2699e-15 0)
(1.5 -7.71205e-14 0)
(1.5 -1.5162e-13 0)
(1.5 -1.57769e-13 0)
(1.5 -1.61178e-13 0)
(1.5 -6.92645e-14 0)
(1.5 7.54456e-14 0)
(1.5 1.0135e-13 0)
(1.5 1.57661e-13 0)
(1.5 1.62426e-13 0)
(1.5 6.67363e-14 0)
(1.5 -4.94477e-14 0)
(1.5 -5.90818e-14 0)
(1.5 -2.72998e-14 0)
(1.5 8.69834e-14 0)
(1.5 6.22257e-14 0)
(1.5 8.30526e-14 0)
(1.5 5.02748e-14 0)
(1.5 7.14404e-14 0)
(1.5 1.65574e-13 0)
(1.5 1.26459e-13 0)
(1.5 8.4409e-14 0)
(1.5 1.2402e-13 0)
(1.5 1.45804e-13 0)
(1.5 5.06074e-14 0)
(1.5 3.54464e-14 0)
(1.5 -2.4992e-16 0)
(1.5 3.99281e-14 0)
(1.5 1.09208e-13 0)
(1.5 2.05677e-13 0)
(1.5 1.9398e-13 0)
(1.5 1.28024e-13 0)
(1.5 1.89558e-13 0)
(1.5 3.82694e-13 0)
(1.5 4.16171e-13 0)
(1.5 2.66603e-13 0)
(1.5 2.0421e-13 0)
(1.5 2.50476e-13 0)
(1.5 1.68437e-13 0)
(1.5 -2.88464e-14 0)
(1.5 -1.4404e-13 0)
(1.5 -9.24367e-14 0)
(1.5 9.59627e-15 0)
(1.5 8.67388e-14 0)
(1.5 1.21436e-13 0)
(1.5 8.72834e-14 0)
(1.5 8.99531e-14 0)
(1.5 6.09929e-14 0)
(1.5 1.71136e-14 0)
(1.5 5.39256e-14 0)
(1.5 5.08803e-14 0)
(1.5 2.02738e-14 0)
(1.5 -5.74811e-14 0)
(1.5 -1.04587e-13 0)
(1.5 2.63774e-15 0)
(1.5 -2.41666e-14 0)
(1.5 7.40174e-14 0)
(1.5 5.96991e-14 0)
(1.5 4.79888e-14 0)
(1.5 3.94796e-14 0)
(1.5 2.12553e-14 0)
(1.5 5.93021e-14 0)
(1.5 1.07926e-13 0)
(1.5 1.25275e-13 0)
(1.5 1.06622e-13 0)
(1.5 -2.02991e-14 0)
(1.5 -7.08797e-14 0)
(1.5 7.89219e-14 0)
(1.5 4.08e-14 0)
(1.5 -1.32735e-14 0)
(1.5 1.32572e-14 0)
(1.5 7.27269e-14 0)
(1.5 1.27912e-14 0)
(1.5 -8.33529e-14 0)
(1.5 -1.03094e-13 0)
(1.5 -3.67206e-14 0)
(1.5 8.09217e-15 0)
(1.5 3.05696e-14 0)
(1.5 4.71328e-14 0)
(1.5 3.0379e-14 0)
(1.5 1.36174e-14 0)
(1.5 7.74301e-14 0)
(1.5 1.04012e-13 0)
(1.5 5.10057e-14 0)
(1.5 3.49476e-14 0)
(1.5 2.99049e-14 0)
(1.5 3.42086e-14 0)
(1.5 4.17545e-15 0)
(1.5 9.95627e-15 0)
(1.5 5.94997e-16 0)
(1.5 1.29543e-14 0)
(1.5 6.74064e-14 0)
(1.5 3.90141e-14 0)
(1.5 -2.81218e-14 0)
(1.5 -1.93783e-14 0)
(1.5 -5.00015e-14 0)
(1.5 7.66201e-15 0)
(1.5 3.52673e-15 0)
(1.5 -7.68865e-15 0)
(1.5 -2.45461e-14 0)
(1.5 -4.28981e-14 0)
(1.5 -3.00713e-14 0)
(1.5 -1.45969e-14 0)
(1.5 -1.81768e-14 0)
(1.5 -4.3703e-15 0)
(1.5 -6.37212e-15 0)
(1.5 -5.10932e-14 0)
(1.5 -1.10864e-15 0)
(1.5 -2.59129e-14 0)
(1.5 -6.14743e-14 0)
(1.5 -5.99823e-15 0)
(1.5 3.31404e-15 0)
(1.5 4.08036e-14 0)
(1.5 9.31013e-14 0)
(1.5 1.06397e-13 0)
(1.5 3.28382e-14 0)
(1.5 -2.60939e-14 0)
(1.5 -3.80768e-14 0)
(1.5 -4.81195e-14 0)
(1.5 -7.06998e-14 0)
(1.5 -1.02363e-13 0)
(1.5 -9.83646e-14 0)
(1.5 -8.63777e-14 0)
(1.5 -2.3596e-14 0)
(1.5 -4.89812e-14 0)
(1.5 -2.72537e-14 0)
(1.5 9.85078e-16 0)
(1.5 -6.10096e-15 0)
(1.5 3.0537e-14 0)
(1.5 2.23957e-14 0)
(1.5 3.08092e-14 0)
(1.5 -1.32862e-14 0)
(1.5 -6.37008e-14 0)
(1.5 -8.95768e-14 0)
(1.5 -1.38104e-13 0)
(1.5 -1.14318e-13 0)
(1.5 -1.13947e-13 0)
(1.5 -1.33476e-13 0)
(1.5 -1.02268e-13 0)
(1.5 -3.01157e-14 0)
(1.5 -2.54809e-15 0)
(1.5 -2.01091e-14 0)
(1.5 3.99397e-14 0)
(1.5 4.51274e-14 0)
(1.5 8.10645e-14 0)
(1.5 8.86078e-14 0)
(1.5 1.03301e-13 0)
(1.5 1.72763e-13 0)
(1.5 2.09889e-13 0)
(1.5 1.59891e-13 0)
(1.5 1.68103e-13 0)
(1.5 1.42247e-13 0)
(1.5 6.39502e-14 0)
(1.5 3.21571e-14 0)
(1.5 1.29397e-13 0)
(1.5 7.94168e-14 0)
(1.5 -4.08904e-14 0)
(1.5 -1.06533e-13 0)
(1.5 -1.53292e-13 0)
(1.5 -1.42584e-13 0)
(1.5 -1.04331e-14 0)
(1.5 1.16261e-13 0)
(1.5 1.43201e-13 0)
(1.5 1.39749e-13 0)
(1.5 1.75611e-13 0)
(1.5 1.86119e-13 0)
(1.5 1.74994e-13 0)
(1.5 1.64803e-13 0)
(1.5 1.43311e-13 0)
(1.5 1.63331e-13 0)
(1.5 1.58276e-13 0)
(1.5 1.18606e-13 0)
(1.5 6.75457e-14 0)
(1.5 -3.64321e-14 0)
(1.5 -1.23123e-14 0)
(1.5 3.45096e-14 0)
(1.5 2.49357e-14 0)
(1.5 9.12915e-15 0)
(1.5 4.17558e-14 0)
(1.5 1.02635e-14 0)
(1.5 -1.45726e-14 0)
(1.5 1.11976e-15 0)
(1.5 1.37787e-13 0)
(1.5 1.7574e-13 0)
(1.5 2.1941e-13 0)
(1.5 2.25471e-13 0)
(1.5 2.0463e-13 0)
(1.5 1.69193e-13 0)
(1.5 6.07454e-14 0)
(1.5 9.78276e-14 0)
(1.5 1.14804e-13 0)
(1.5 1.09961e-13 0)
(1.5 1.17014e-13 0)
(1.5 1.2015e-13 0)
(1.5 1.06255e-13 0)
(1.5 8.91469e-14 0)
(1.5 1.43587e-13 0)
(1.5 1.58489e-13 0)
(1.5 7.47197e-14 0)
(1.5 -6.61991e-14 0)
(1.5 -1.10261e-13 0)
(1.5 -1.10397e-13 0)
(1.5 -9.29115e-14 0)
(1.5 -1.38393e-13 0)
(1.5 -1.03901e-13 0)
(1.5 -9.07741e-14 0)
(1.5 -1.66589e-14 0)
(1.5 3.71987e-14 0)
(1.5 -9.92121e-16 0)
(1.5 -4.2208e-14 0)
(1.5 -1.12346e-13 0)
(1.5 -1.83317e-13 0)
(1.5 -9.49316e-14 0)
(1.5 -1.29245e-14 0)
(1.5 1.4048e-13 0)
(1.5 1.25276e-13 0)
(1.5 1.79088e-14 0)
(1.5 -2.98187e-14 0)
(1.5 3.45173e-14 0)
(1.5 2.12659e-13 0)
(1.5 2.48418e-13 0)
(1.5 2.2106e-13 0)
(1.5 2.47518e-13 0)
(1.5 2.43474e-13 0)
(1.5 2.23848e-13 0)
(1.5 2.4592e-13 0)
(1.5 2.05153e-13 0)
(1.5 2.30777e-13 0)
(1.5 2.21675e-13 0)
(1.5 1.54492e-13 0)
(1.5 1.84909e-13 0)
(1.5 2.14308e-13 0)
(1.5 3.11972e-13 0)
(1.5 4.12415e-13 0)
(1.5 5.10752e-13 0)
(1.5 3.54356e-13 0)
(1.5 2.12e-13 0)
(1.5 1.96226e-13 0)
(1.5 1.28971e-13 0)
(1.5 3.37059e-14 0)
(1.5 -5.69777e-14 0)
(1.5 -1.59196e-14 0)
(1.5 6.83074e-14 0)
(1.5 1.16179e-13 0)
(1.5 8.26674e-15 0)
(1.5 -6.78565e-14 0)
(1.5 -3.87986e-14 0)
(1.5 -6.0587e-16 0)
(1.5 1.1579e-14 0)
(1.5 -1.9534e-14 0)
(1.5 -7.93752e-14 0)
(1.5 -1.14439e-13 0)
(1.5 -1.81231e-13 0)
(1.5 -1.42047e-13 0)
(1.5 -5.65341e-14 0)
(1.5 -4.1459e-14 0)
(1.5 8.48908e-15 0)
(1.5 8.51624e-14 0)
(1.5 6.4547e-14 0)
(1.5 4.11032e-14 0)
(1.5 7.16509e-14 0)
(1.5 8.5155e-14 0)
(1.5 1.55559e-13 0)
(1.5 2.15319e-13 0)
(1.5 1.09053e-13 0)
(1.5 5.35607e-15 0)
(1.5 -4.27868e-14 0)
(1.5 7.47022e-14 0)
(1.5 1.34204e-13 0)
(1.5 1.48284e-13 0)
(1.5 1.40614e-13 0)
(1.5 1.47613e-13 0)
(1.5 6.17345e-14 0)
(1.5 -2.41557e-14 0)
(1.5 -5.01427e-14 0)
(1.5 8.57567e-14 0)
(1.5 9.39447e-14 0)
(1.5 1.2279e-13 0)
(1.5 1.57246e-13 0)
(1.5 1.06886e-13 0)
(1.5 1.05717e-13 0)
(1.5 9.98086e-14 0)
(1.5 5.28457e-14 0)
(1.5 6.49047e-14 0)
(1.5 4.28048e-14 0)
(1.5 7.91418e-14 0)
(1.5 9.10711e-14 0)
(1.5 1.30587e-13 0)
(1.5 1.28029e-13 0)
(1.5 6.65815e-14 0)
(1.5 9.22009e-14 0)
(1.5 1.09371e-13 0)
(1.5 5.11884e-14 0)
(1.5 -2.03226e-14 0)
(1.5 -2.03571e-14 0)
(1.5 3.29661e-14 0)
(1.5 7.01799e-14 0)
(1.5 4.09071e-14 0)
(1.5 2.63737e-14 0)
(1.5 -1.08294e-14 0)
(1.5 -3.20128e-14 0)
(1.5 -3.37739e-14 0)
(1.5 -7.56034e-14 0)
(1.5 5.6954e-15 0)
(1.5 1.46515e-14 0)
(1.5 -5.14173e-14 0)
(1.5 -4.85595e-14 0)
(1.5 1.88934e-14 0)
(1.5 8.29075e-16 0)
(1.5 -5.41132e-14 0)
(1.5 -3.66702e-15 0)
(1.5 2.39676e-14 0)
(1.5 2.21993e-14 0)
(1.5 -2.63727e-14 0)
(1.5 -6.32196e-14 0)
(1.5 -8.01545e-14 0)
(1.5 -8.59333e-14 0)
(1.5 -4.53638e-14 0)
(1.5 -3.80538e-14 0)
(1.5 -8.18857e-14 0)
(1.5 -8.58869e-14 0)
(1.5 -9.21512e-14 0)
(1.5 -1.22322e-13 0)
(1.5 -8.0836e-14 0)
(1.5 -6.74172e-14 0)
(1.5 1.60019e-14 0)
(1.5 -1.4004e-14 0)
(1.5 -2.86257e-14 0)
(1.5 -6.12075e-15 0)
(1.5 2.91764e-14 0)
(1.5 3.08366e-14 0)
(1.5 -5.87118e-15 0)
(1.5 -8.76366e-14 0)
(1.5 -1.09911e-13 0)
(1.5 -1.1759e-13 0)
(1.5 -8.25528e-14 0)
(1.5 -6.16725e-14 0)
(1.5 -3.80174e-14 0)
(1.5 -5.48493e-15 0)
(1.5 1.34823e-14 0)
(1.5 3.96641e-15 0)
(1.5 5.92707e-14 0)
(1.5 5.48029e-14 0)
(1.5 2.88158e-14 0)
(1.5 2.0652e-14 0)
(1.5 6.2434e-14 0)
(1.5 9.75068e-14 0)
(1.5 1.87104e-13 0)
(1.5 2.03226e-13 0)
(1.5 1.74283e-13 0)
(1.5 1.80226e-13 0)
(1.5 1.53733e-13 0)
(1.5 1.56864e-13 0)
(1.5 1.54698e-13 0)
(1.5 1.84032e-13 0)
(1.5 6.60957e-14 0)
(1.5 -2.00913e-14 0)
(1.5 -1.85508e-14 0)
(1.5 -3.62239e-14 0)
(1.5 -6.88394e-14 0)
(1.5 -8.85105e-14 0)
(1.5 -1.2409e-14 0)
(1.5 1.9394e-14 0)
(1.5 3.6865e-14 0)
(1.5 1.5205e-13 0)
(1.5 1.52069e-13 0)
(1.5 1.41169e-13 0)
(1.5 1.91131e-13 0)
(1.5 1.88967e-13 0)
(1.5 2.05626e-13 0)
(1.5 1.96234e-13 0)
(1.5 9.35479e-14 0)
(1.5 1.97824e-14 0)
(1.5 -1.42208e-14 0)
(1.5 -1.04624e-14 0)
(1.5 2.28182e-14 0)
(1.5 8.74874e-14 0)
(1.5 1.15428e-13 0)
(1.5 8.68607e-14 0)
(1.5 4.93225e-14 0)
(1.5 -1.31461e-14 0)
(1.5 -2.55761e-15 0)
(1.5 4.27921e-14 0)
(1.5 6.52267e-14 0)
(1.5 1.07149e-13 0)
(1.5 8.63563e-14 0)
(1.5 7.97486e-14 0)
(1.5 5.78487e-15 0)
(1.5 -2.66695e-14 0)
(1.5 1.83063e-15 0)
(1.5 1.32019e-14 0)
(1.5 -9.79541e-15 0)
(1.5 -5.90996e-15 0)
(1.5 2.77998e-14 0)
(1.5 -1.34237e-14 0)
(1.5 -4.20555e-14 0)
(1.5 1.04449e-14 0)
(1.5 8.10898e-14 0)
(1.5 -1.92966e-14 0)
(1.5 -1.73529e-13 0)
(1.5 -1.28108e-13 0)
(1.5 -8.46755e-14 0)
(1.5 -3.0301e-14 0)
(1.5 -7.91936e-14 0)
(1.5 -1.09636e-13 0)
(1.5 -1.59542e-13 0)
(1.5 -1.88018e-13 0)
(1.5 -7.16466e-14 0)
(1.5 -1.25634e-13 0)
(1.5 -2.24868e-13 0)
(1.5 -2.07228e-13 0)
(1.5 -1.42276e-13 0)
(1.5 -2.6186e-14 0)
(1.5 4.02315e-14 0)
(1.5 1.48227e-13 0)
(1.5 2.07646e-13 0)
(1.5 6.33063e-14 0)
(1.5 5.34268e-14 0)
(1.5 4.88533e-14 0)
(1.5 1.45834e-13 0)
(1.5 2.74882e-13 0)
(1.5 3.25233e-13 0)
(1.5 4.03895e-13 0)
(1.5 4.49068e-13 0)
(1.5 5.83569e-13 0)
(1.5 5.88345e-13 0)
(1.5 5.49643e-13 0)
(1.5 4.18708e-13 0)
(1.5 3.03406e-13 0)
(1.5 1.99196e-13 0)
(1.5 1.78076e-13 0)
(1.5 1.77495e-13 0)
(1.5 1.86756e-13 0)
(1.5 1.83053e-13 0)
(1.5 3.30189e-13 0)
(1.5 3.04034e-13 0)
(1.5 1.95316e-13 0)
(1.5 1.49593e-13 0)
(1.5 1.46229e-13 0)
(1.5 5.47258e-14 0)
(1.5 1.12637e-14 0)
(1.5 -2.47876e-14 0)
(1.5 -5.92074e-15 0)
(1.5 3.7677e-14 0)
(1.5 -4.94486e-14 0)
(1.5 -1.50354e-13 0)
(1.5 -1.11085e-13 0)
(1.5 -4.83157e-14 0)
(1.5 -3.33992e-14 0)
(1.5 -1.41894e-13 0)
(1.5 -2.30781e-13 0)
(1.5 -2.99539e-13 0)
(1.5 -2.79123e-13 0)
(1.5 -1.1836e-13 0)
(1.5 -8.26641e-14 0)
(1.5 -3.558e-15 0)
(1.5 -1.68513e-14 0)
(1.5 6.23776e-14 0)
(1.5 1.11371e-13 0)
(1.5 5.75217e-14 0)
(1.5 3.1333e-14 0)
(1.5 3.08452e-14 0)
(1.5 5.64006e-14 0)
(1.5 1.50483e-13 0)
(1.5 8.01162e-14 0)
(1.5 4.15457e-14 0)
(1.5 1.73371e-14 0)
(1.5 1.32899e-14 0)
(1.5 1.43058e-13 0)
(1.5 2.29751e-13 0)
(1.5 1.98431e-13 0)
(1.5 1.69637e-13 0)
(1.5 1.54272e-13 0)
(1.5 1.85055e-13 0)
(1.5 2.03702e-13 0)
(1.5 2.01846e-13 0)
(1.5 1.43143e-13 0)
(1.5 1.51687e-13 0)
(1.5 1.66498e-13 0)
(1.5 1.41271e-13 0)
(1.5 8.1297e-14 0)
(1.5 7.67448e-14 0)
(1.5 8.43049e-14 0)
(1.5 7.73753e-14 0)
(1.5 4.95847e-14 0)
(1.5 1.55308e-13 0)
(1.5 1.37137e-13 0)
(1.5 1.1622e-13 0)
(1.5 1.18031e-13 0)
(1.5 1.22486e-13 0)
(1.5 1.22557e-13 0)
(1.5 8.65865e-14 0)
(1.5 3.05104e-14 0)
(1.5 7.23761e-14 0)
(1.5 8.04824e-14 0)
(1.5 5.56093e-14 0)
(1.5 4.48335e-14 0)
(1.5 7.04739e-14 0)
(1.5 5.04489e-14 0)
(1.5 -3.5568e-14 0)
(1.5 -7.65331e-14 0)
(1.5 -7.93495e-14 0)
(1.5 -4.99265e-14 0)
(1.5 -1.56875e-14 0)
(1.5 2.81009e-14 0)
(1.5 -1.37764e-14 0)
(1.5 -4.23415e-14 0)
(1.5 -4.32363e-14 0)
(1.5 -6.83366e-15 0)
(1.5 -8.92596e-15 0)
(1.5 -4.94518e-15 0)
(1.5 -1.74435e-14 0)
(1.5 -6.73912e-14 0)
(1.5 -1.40273e-13 0)
(1.5 -1.94882e-13 0)
(1.5 -1.20814e-13 0)
(1.5 -1.17157e-14 0)
(1.5 -8.97901e-15 0)
(1.5 2.34698e-14 0)
(1.5 2.14493e-14 0)
(1.5 -3.07123e-14 0)
(1.5 -7.50872e-14 0)
(1.5 -7.27644e-14 0)
(1.5 -7.76033e-14 0)
(1.5 -4.20177e-14 0)
(1.5 -1.71445e-14 0)
(1.5 6.52933e-15 0)
(1.5 -7.77851e-15 0)
(1.5 -4.00936e-14 0)
(1.5 1.12988e-16 0)
(1.5 1.81399e-14 0)
(1.5 -2.46556e-14 0)
(1.5 -5.26728e-14 0)
(1.5 -6.77443e-14 0)
(1.5 -7.13997e-14 0)
(1.5 -1.90168e-14 0)
(1.5 4.35736e-14 0)
(1.5 1.10025e-13 0)
(1.5 9.00454e-14 0)
(1.5 6.26894e-14 0)
(1.5 4.49827e-14 0)
(1.5 6.96532e-14 0)
(1.5 3.13873e-14 0)
(1.5 -4.23744e-15 0)
(1.5 6.09052e-14 0)
(1.5 9.15725e-14 0)
(1.5 7.65183e-14 0)
(1.5 1.17724e-13 0)
(1.5 1.86997e-13 0)
(1.5 2.3214e-13 0)
(1.5 2.13045e-13 0)
(1.5 1.60299e-13 0)
(1.5 1.33136e-13 0)
(1.5 9.65182e-14 0)
(1.5 9.07023e-14 0)
(1.5 9.18556e-14 0)
(1.5 6.59575e-14 0)
(1.5 1.16579e-13 0)
(1.5 1.78951e-13 0)
(1.5 1.62251e-13 0)
(1.5 1.01294e-13 0)
(1.5 7.27755e-14 0)
(1.5 7.41977e-14 0)
(1.5 8.81521e-14 0)
(1.5 1.5305e-13 0)
(1.5 1.02455e-13 0)
(1.5 9.90296e-14 0)
(1.5 1.47945e-13 0)
(1.5 1.9429e-13 0)
(1.5 2.24353e-13 0)
(1.5 2.01998e-13 0)
(1.5 1.10226e-13 0)
(1.5 1.14223e-13 0)
(1.5 1.25694e-13 0)
(1.5 1.82007e-13 0)
(1.5 1.44826e-13 0)
(1.5 1.11827e-13 0)
(1.5 8.28914e-14 0)
(1.5 2.61622e-14 0)
(1.5 3.41119e-14 0)
(1.5 5.95792e-14 0)
(1.5 1.33955e-13 0)
(1.5 9.5745e-14 0)
(1.5 1.89487e-14 0)
(1.5 -1.86392e-14 0)
(1.5 -3.52993e-14 0)
(1.5 -3.12502e-14 0)
(1.5 -6.00191e-14 0)
(1.5 6.71332e-15 0)
(1.5 5.43202e-14 0)
(1.5 1.05841e-14 0)
(1.5 -5.00189e-14 0)
(1.5 -5.53808e-14 0)
(1.5 -1.52932e-14 0)
(1.5 6.14911e-15 0)
(1.5 -4.13379e-14 0)
(1.5 -9.34954e-14 0)
(1.5 -3.65e-14 0)
(1.5 -1.52131e-13 0)
(1.5 -1.99263e-13 0)
(1.5 -9.8859e-14 0)
(1.5 -2.33913e-14 0)
(1.5 2.84515e-14 0)
(1.5 8.29029e-14 0)
(1.5 -5.16708e-14 0)
(1.5 -1.43642e-13 0)
(1.5 -2.16086e-13 0)
(1.5 -1.10023e-13 0)
(1.5 -4.60752e-14 0)
(1.5 -2.03852e-13 0)
(1.5 -1.26168e-13 0)
(1.5 -1.83708e-14 0)
(1.5 -8.32678e-14 0)
(1.5 3.33279e-14 0)
(1.5 1.65383e-13 0)
(1.5 2.18812e-13 0)
(1.5 1.84534e-13 0)
(1.5 1.64668e-13 0)
(1.5 1.26775e-13 0)
(1.5 1.42719e-13 0)
(1.5 2.62183e-13 0)
(1.5 3.83805e-13 0)
(1.5 4.00003e-13 0)
(1.5 4.42263e-13 0)
(1.5 6.21638e-13 0)
(1.5 6.68376e-13 0)
(1.5 6.44803e-13 0)
(1.5 4.5085e-13 0)
(1.5 3.56988e-13 0)
(1.5 2.454e-13 0)
(1.5 1.68501e-13 0)
(1.5 1.51614e-13 0)
(1.5 2.84913e-14 0)
(1.5 6.08888e-14 0)
(1.5 1.97111e-13 0)
(1.5 2.61798e-13 0)
(1.5 2.51288e-13 0)
(1.5 2.86406e-13 0)
(1.5 3.37906e-13 0)
(1.5 2.49673e-13 0)
(1.5 1.94676e-13 0)
(1.5 9.01779e-14 0)
(1.5 3.53779e-14 0)
(1.5 7.22787e-14 0)
(1.5 3.23012e-14 0)
(1.5 2.57386e-14 0)
(1.5 8.09907e-15 0)
(1.5 -3.43874e-15 0)
(1.5 -3.00763e-15 0)
(1.5 -1.9494e-13 0)
(1.5 -2.69565e-13 0)
(1.5 -2.52147e-13 0)
(1.5 -2.03818e-13 0)
(1.5 -7.61545e-14 0)
(1.5 7.59245e-14 0)
(1.5 1.72803e-13 0)
(1.5 1.813e-13 0)
(1.5 6.355e-14 0)
(1.5 3.31265e-14 0)
(1.5 -8.75106e-14 0)
(1.5 -1.34607e-13 0)
(1.5 -1.05584e-13 0)
(1.5 -9.71631e-14 0)
(1.5 2.25787e-15 0)
(1.5 2.20274e-14 0)
(1.5 -4.84756e-14 0)
(1.5 -9.9245e-14 0)
(1.5 -1.80569e-14 0)
(1.5 8.93207e-14 0)
(1.5 1.89724e-13 0)
(1.5 1.28548e-13 0)
(1.5 7.01466e-14 0)
(1.5 8.30424e-14 0)
(1.5 1.57785e-13 0)
(1.5 2.06139e-13 0)
(1.5 7.65388e-14 0)
(1.5 2.34839e-15 0)
(1.5 -3.25356e-14 0)
(1.5 -3.76601e-14 0)
(1.5 -4.67922e-15 0)
(1.5 2.9917e-15 0)
(1.5 4.20221e-14 0)
(1.5 4.59187e-14 0)
(1.5 1.98262e-14 0)
(1.5 8.0008e-14 0)
(1.5 1.38118e-13 0)
(1.5 5.50832e-14 0)
(1.5 -6.64328e-15 0)
(1.5 -1.62701e-14 0)
(1.5 1.99839e-14 0)
(1.5 -1.19812e-14 0)
(1.5 -5.04974e-14 0)
(1.5 -5.7236e-14 0)
(1.5 2.26567e-14 0)
(1.5 1.00711e-14 0)
(1.5 -3.45423e-14 0)
(1.5 -4.23058e-15 0)
(1.5 2.6795e-14 0)
(1.5 8.47163e-15 0)
(1.5 -8.80483e-14 0)
(1.5 -5.96992e-14 0)
(1.5 -5.5458e-14 0)
(1.5 -2.53405e-14 0)
(1.5 -3.69968e-14 0)
(1.5 9.25159e-15 0)
(1.5 3.21889e-14 0)
(1.5 2.8246e-14 0)
(1.5 -2.61144e-14 0)
(1.5 -2.34015e-15 0)
(1.5 -4.60361e-14 0)
(1.5 -8.09152e-14 0)
(1.5 -6.33243e-14 0)
(1.5 -1.2865e-13 0)
(1.5 -1.37921e-13 0)
(1.5 -1.38024e-13 0)
(1.5 -9.52768e-14 0)
(1.5 -1.33915e-14 0)
(1.5 5.08046e-14 0)
(1.5 5.22463e-14 0)
(1.5 -3.74465e-15 0)
(1.5 -3.17503e-14 0)
(1.5 -5.42904e-14 0)
(1.5 -8.6493e-14 0)
(1.5 -1.12131e-13 0)
(1.5 -8.26963e-14 0)
(1.5 -1.15283e-13 0)
(1.5 -7.44638e-14 0)
(1.5 -6.55781e-14 0)
(1.5 -5.05059e-14 0)
(1.5 -5.67373e-14 0)
(1.5 -2.84957e-14 0)
(1.5 -3.61032e-14 0)
(1.5 -7.10401e-14 0)
(1.5 -6.52785e-14 0)
(1.5 -9.22178e-14 0)
(1.5 8.52233e-15 0)
(1.5 8.27342e-14 0)
(1.5 7.83377e-14 0)
(1.5 2.39871e-15 0)
(1.5 2.10912e-14 0)
(1.5 3.08899e-14 0)
(1.5 -1.44012e-14 0)
(1.5 -6.99362e-14 0)
(1.5 -6.65488e-14 0)
(1.5 5.03523e-14 0)
(1.5 2.66365e-14 0)
(1.5 -2.99159e-15 0)
(1.5 2.95153e-14 0)
(1.5 1.22964e-13 0)
(1.5 2.40772e-13 0)
(1.5 1.88926e-13 0)
(1.5 1.63775e-13 0)
(1.5 1.12894e-13 0)
(1.5 3.93072e-14 0)
(1.5 4.15052e-14 0)
(1.5 8.54098e-14 0)
(1.5 9.30732e-14 0)
(1.5 1.40644e-13 0)
(1.5 2.08796e-13 0)
(1.5 2.217e-13 0)
(1.5 2.10795e-13 0)
(1.5 1.21894e-13 0)
(1.5 1.28529e-13 0)
(1.5 1.01602e-13 0)
(1.5 7.90427e-14 0)
(1.5 8.00892e-14 0)
(1.5 7.4611e-14 0)
(1.5 1.09298e-13 0)
(1.5 1.4086e-13 0)
(1.5 1.66829e-13 0)
(1.5 8.81919e-14 0)
(1.5 5.29373e-14 0)
(1.5 6.04872e-14 0)
(1.5 7.5657e-14 0)
(1.5 1.67001e-13 0)
(1.5 1.63606e-13 0)
(1.5 1.51421e-13 0)
(1.5 1.31862e-13 0)
(1.5 1.02013e-13 0)
(1.5 8.2203e-14 0)
(1.5 1.02225e-13 0)
(1.5 1.84513e-13 0)
(1.5 1.12423e-13 0)
(1.5 1.83124e-14 0)
(1.5 -5.23487e-14 0)
(1.5 2.91539e-14 0)
(1.5 4.60439e-14 0)
(1.5 4.72756e-14 0)
(1.5 5.95353e-14 0)
(1.5 3.1205e-14 0)
(1.5 -3.94147e-14 0)
(1.5 -3.54643e-14 0)
(1.5 -3.7172e-15 0)
(1.5 -7.6059e-15 0)
(1.5 3.20209e-14 0)
(1.5 -1.51243e-14 0)
(1.5 -1.12364e-13 0)
(1.5 -1.2603e-13 0)
(1.5 -1.78471e-13 0)
(1.5 -1.58934e-13 0)
(1.5 -1.47433e-13 0)
(1.5 -3.11707e-14 0)
(1.5 6.76492e-14 0)
(1.5 8.51414e-14 0)
(1.5 -1.83095e-13 0)
(1.5 -2.68622e-13 0)
(1.5 -2.09362e-13 0)
(1.5 -1.38904e-13 0)
(1.5 -1.60979e-14 0)
(1.5 -1.23412e-13 0)
(1.5 -1.50062e-13 0)
(1.5 -1.01605e-13 0)
(1.5 -1.62143e-13 0)
(1.5 -9.08051e-14 0)
(1.5 3.89889e-14 0)
(1.5 1.89978e-14 0)
(1.5 7.99435e-14 0)
(1.5 7.16e-14 0)
(1.5 1.15204e-13 0)
(1.5 3.68119e-14 0)
(1.5 6.76978e-14 0)
(1.5 1.89654e-13 0)
(1.5 2.33971e-13 0)
(1.5 2.94897e-13 0)
(1.5 3.81941e-13 0)
(1.5 3.9753e-13 0)
(1.5 3.93994e-13 0)
(1.5 3.16804e-13 0)
(1.5 2.31824e-13 0)
(1.5 1.31718e-13 0)
(1.5 8.56848e-14 0)
(1.5 9.37046e-14 0)
(1.5 1.54083e-14 0)
(1.5 5.87995e-14 0)
(1.5 4.80463e-14 0)
(1.5 6.70408e-14 0)
(1.5 1.14404e-13 0)
(1.5 1.82243e-13 0)
(1.5 2.35265e-13 0)
(1.5 1.90639e-13 0)
(1.5 1.68385e-13 0)
(1.5 9.52259e-14 0)
(1.5 8.15084e-14 0)
(1.5 1.0377e-13 0)
(1.5 1.53521e-14 0)
(1.5 4.0238e-15 0)
(1.5 -2.34881e-14 0)
(1.5 -5.0514e-14 0)
(1.5 -3.1905e-14 0)
(1.5 -2.73018e-13 0)
(1.5 -3.60043e-13 0)
(1.5 -3.01605e-13 0)
(1.5 -1.64521e-13 0)
(1.5 -4.20638e-14 0)
(1.5 1.7717e-13 0)
(1.5 2.52013e-13 0)
(1.5 2.35629e-13 0)
(1.5 7.39983e-14 0)
(1.5 -6.27924e-14 0)
(1.5 -9.49754e-14 0)
(1.5 -1.35192e-13 0)
(1.5 -1.63225e-13 0)
(1.5 -1.42228e-13 0)
(1.5 -1.07575e-13 0)
(1.5 -5.13528e-14 0)
(1.5 -1.1327e-13 0)
(1.5 -1.75857e-13 0)
(1.5 -5.53624e-14 0)
(1.5 -1.78293e-14 0)
(1.5 1.17424e-15 0)
(1.5 -1.62661e-15 0)
(1.5 -1.1598e-14 0)
(1.5 6.96827e-14 0)
(1.5 1.78027e-13 0)
(1.5 2.11164e-13 0)
(1.5 1.48402e-13 0)
(1.5 9.92126e-14 0)
(1.5 -1.26419e-15 0)
(1.5 -2.50551e-14 0)
(1.5 -1.45569e-14 0)
(1.5 2.70519e-14 0)
(1.5 6.82787e-14 0)
(1.5 1.53866e-14 0)
(1.5 3.88185e-14 0)
(1.5 9.86903e-14 0)
(1.5 8.69403e-14 0)
(1.5 6.60527e-14 0)
(1.5 -3.72067e-14 0)
(1.5 -5.07965e-14 0)
(1.5 -6.07364e-14 0)
(1.5 -1.21068e-13 0)
(1.5 -9.31724e-14 0)
(1.5 -6.94677e-14 0)
(1.5 -1.65411e-14 0)
(1.5 -5.43322e-15 0)
(1.5 1.52272e-14 0)
(1.5 9.29025e-15 0)
(1.5 -4.60664e-14 0)
(1.5 -5.33208e-14 0)
(1.5 -1.08208e-13 0)
(1.5 -6.5353e-14 0)
(1.5 -4.46945e-14 0)
(1.5 -6.24007e-14 0)
(1.5 -4.35864e-14 0)
(1.5 -3.86623e-14 0)
(1.5 -3.58392e-14 0)
(1.5 4.2418e-14 0)
(1.5 1.57333e-15 0)
(1.5 -6.91179e-14 0)
(1.5 -1.18111e-13 0)
(1.5 -1.43811e-13 0)
(1.5 -1.40617e-13 0)
(1.5 -1.26161e-13 0)
(1.5 -7.04098e-14 0)
(1.5 -6.08166e-14 0)
(1.5 -4.31883e-14 0)
(1.5 -9.66272e-14 0)
(1.5 -3.09603e-14 0)
(1.5 -3.20725e-14 0)
(1.5 -7.98733e-14 0)
(1.5 -3.49092e-14 0)
(1.5 -1.90213e-14 0)
(1.5 -7.07992e-14 0)
(1.5 -1.23019e-13 0)
(1.5 -1.14125e-13 0)
(1.5 -1.7521e-13 0)
(1.5 -1.58426e-13 0)
(1.5 -1.24947e-13 0)
(1.5 -7.92909e-14 0)
(1.5 -5.89106e-14 0)
(1.5 -1.12586e-13 0)
(1.5 -8.91367e-14 0)
(1.5 -1.19607e-13 0)
(1.5 -1.54026e-13 0)
(1.5 -1.33047e-13 0)
(1.5 -5.58465e-14 0)
(1.5 -2.78898e-14 0)
(1.5 -5.34948e-14 0)
(1.5 -1.01751e-13 0)
(1.5 -8.82414e-15 0)
(1.5 6.58587e-14 0)
(1.5 -7.55098e-15 0)
(1.5 -7.39442e-14 0)
(1.5 4.77072e-15 0)
(1.5 8.93841e-15 0)
(1.5 -8.98244e-15 0)
(1.5 2.1285e-14 0)
(1.5 -1.55442e-14 0)
(1.5 -6.30511e-15 0)
(1.5 4.29588e-14 0)
(1.5 2.47223e-14 0)
(1.5 3.67167e-14 0)
(1.5 -2.84369e-17 0)
(1.5 -1.11938e-14 0)
(1.5 -1.22581e-14 0)
(1.5 3.60879e-14 0)
(1.5 1.05451e-13 0)
(1.5 1.36785e-13 0)
(1.5 1.52197e-13 0)
(1.5 1.33955e-13 0)
(1.5 1.48827e-13 0)
(1.5 1.36413e-13 0)
(1.5 1.10502e-13 0)
(1.5 3.20251e-14 0)
(1.5 3.4161e-14 0)
(1.5 5.49306e-14 0)
(1.5 7.04647e-14 0)
(1.5 5.69539e-14 0)
(1.5 6.94003e-14 0)
(1.5 5.60382e-14 0)
(1.5 9.64227e-15 0)
(1.5 5.08235e-14 0)
(1.5 6.43126e-14 0)
(1.5 3.48326e-14 0)
(1.5 3.03471e-14 0)
(1.5 6.46475e-14 0)
(1.5 1.34167e-13 0)
(1.5 2.13244e-13 0)
(1.5 2.16402e-13 0)
(1.5 1.53728e-13 0)
(1.5 1.30196e-13 0)
(1.5 1.17788e-13 0)
(1.5 6.87889e-14 0)
(1.5 5.54785e-14 0)
(1.5 5.79318e-14 0)
(1.5 1.37504e-13 0)
(1.5 1.43761e-13 0)
(1.5 1.492e-13 0)
(1.5 1.38734e-13 0)
(1.5 1.4716e-14 0)
(1.5 -1.88035e-14 0)
(1.5 1.50671e-14 0)
(1.5 3.60691e-14 0)
(1.5 -4.01786e-14 0)
(1.5 -5.24627e-14 0)
(1.5 -2.14899e-14 0)
(1.5 -8.08307e-14 0)
(1.5 -1.75944e-13 0)
(1.5 -1.6003e-13 0)
(1.5 -1.29675e-13 0)
(1.5 -1.28601e-13 0)
(1.5 5.83749e-17 0)
(1.5 1.5424e-13 0)
(1.5 9.69357e-14 0)
(1.5 -1.76334e-13 0)
(1.5 -2.29723e-13 0)
(1.5 -1.606e-13 0)
(1.5 -1.49971e-13 0)
(1.5 -1.05959e-13 0)
(1.5 -1.87783e-13 0)
(1.5 -2.65956e-13 0)
(1.5 -2.503e-13 0)
(1.5 -1.79803e-13 0)
(1.5 -1.49765e-13 0)
(1.5 -8.51914e-14 0)
(1.5 -8.08247e-14 0)
(1.5 1.88434e-14 0)
(1.5 9.14502e-14 0)
(1.5 5.62603e-14 0)
(1.5 -1.49499e-13 0)
(1.5 -2.18928e-13 0)
(1.5 -1.78476e-13 0)
(1.5 -1.0992e-13 0)
(1.5 -1.55224e-14 0)
(1.5 2.6444e-14 0)
(1.5 6.00695e-14 0)
(1.5 1.07056e-13 0)
(1.5 1.67666e-13 0)
(1.5 1.52144e-13 0)
(1.5 7.71736e-14 0)
(1.5 2.79251e-14 0)
(1.5 3.97827e-14 0)
(1.5 5.01328e-14 0)
(1.5 -2.21031e-14 0)
(1.5 -1.53882e-13 0)
(1.5 -1.7229e-13 0)
(1.5 -1.63633e-13 0)
(1.5 -1.30143e-13 0)
(1.5 -2.35107e-14 0)
(1.5 -4.05105e-14 0)
(1.5 2.83056e-14 0)
(1.5 8.52749e-14 0)
(1.5 5.00763e-14 0)
(1.5 3.65069e-14 0)
(1.5 -1.6835e-14 0)
(1.5 -2.00546e-14 0)
(1.5 -1.55458e-14 0)
(1.5 5.11026e-14 0)
(1.5 3.20728e-14 0)
(1.5 -2.35278e-13 0)
(1.5 -3.09111e-13 0)
(1.5 -3.09618e-13 0)
(1.5 -8.475e-14 0)
(1.5 3.66623e-14 0)
(1.5 2.15633e-13 0)
(1.5 1.80847e-13 0)
(1.5 9.29631e-14 0)
(1.5 4.31597e-14 0)
(1.5 -8.11988e-14 0)
(1.5 -6.95737e-14 0)
(1.5 -7.62628e-14 0)
(1.5 -1.30452e-13 0)
(1.5 -1.41555e-13 0)
(1.5 -2.12442e-13 0)
(1.5 -1.97082e-13 0)
(1.5 -2.2709e-13 0)
(1.5 -2.32471e-13 0)
(1.5 -5.92717e-15 0)
(1.5 -4.25359e-14 0)
(1.5 -7.26385e-14 0)
(1.5 -1.83925e-14 0)
(1.5 3.60802e-14 0)
(1.5 1.69151e-13 0)
(1.5 2.35494e-13 0)
(1.5 2.17681e-13 0)
(1.5 2.31601e-13 0)
(1.5 2.1078e-13 0)
(1.5 1.2581e-13 0)
(1.5 3.82301e-14 0)
(1.5 2.39375e-14 0)
(1.5 3.77052e-14 0)
(1.5 2.07591e-14 0)
(1.5 4.64694e-14 0)
(1.5 7.10221e-14 0)
(1.5 8.20117e-14 0)
(1.5 6.20844e-14 0)
(1.5 1.9314e-14 0)
(1.5 -3.99414e-14 0)
(1.5 1.74748e-14 0)
(1.5 -2.21405e-14 0)
(1.5 -5.82177e-14 0)
(1.5 -4.9151e-14 0)
(1.5 -1.80663e-16 0)
(1.5 -3.51929e-15 0)
(1.5 1.3671e-17 0)
(1.5 7.58185e-14 0)
(1.5 1.88399e-14 0)
(1.5 -6.6693e-14 0)
(1.5 -8.95747e-14 0)
(1.5 -9.19645e-14 0)
(1.5 -1.26987e-13 0)
(1.5 -5.1089e-14 0)
(1.5 -2.30669e-14 0)
(1.5 -4.34353e-15 0)
(1.5 -2.62372e-14 0)
(1.5 -5.8688e-14 0)
(1.5 -5.63199e-14 0)
(1.5 -8.50094e-14 0)
(1.5 -8.51296e-14 0)
(1.5 -1.28434e-13 0)
(1.5 -1.65366e-13 0)
(1.5 -1.53783e-13 0)
(1.5 -1.22759e-13 0)
(1.5 -7.93706e-14 0)
(1.5 -6.94966e-14 0)
(1.5 -6.98807e-14 0)
(1.5 -1.132e-13 0)
(1.5 -1.25741e-13 0)
(1.5 -1.24058e-13 0)
(1.5 -9.99598e-14 0)
(1.5 -5.27492e-14 0)
(1.5 1.78752e-15 0)
(1.5 -1.64313e-14 0)
(1.5 -1.00063e-13 0)
(1.5 -1.06637e-13 0)
(1.5 -1.45186e-13 0)
(1.5 -1.73608e-13 0)
(1.5 -1.70372e-13 0)
(1.5 -1.83455e-13 0)
(1.5 -1.08537e-13 0)
(1.5 -1.14949e-13 0)
(1.5 -9.32768e-14 0)
(1.5 -1.01767e-13 0)
(1.5 -1.57833e-13 0)
(1.5 -1.41068e-13 0)
(1.5 -1.11815e-13 0)
(1.5 -1.3655e-13 0)
(1.5 -1.63036e-13 0)
(1.5 -1.16242e-13 0)
(1.5 -3.77635e-14 0)
(1.5 4.43131e-14 0)
(1.5 4.72297e-14 0)
(1.5 1.89273e-14 0)
(1.5 4.72512e-14 0)
(1.5 -1.87897e-14 0)
(1.5 9.50673e-15 0)
(1.5 7.36333e-14 0)
(1.5 -5.55427e-14 0)
(1.5 -6.739e-14 0)
(1.5 -1.06702e-13 0)
(1.5 -8.15402e-14 0)
(1.5 -4.76226e-14 0)
(1.5 -3.77889e-14 0)
(1.5 -1.21619e-14 0)
(1.5 -3.43438e-14 0)
(1.5 3.132e-14 0)
(1.5 1.362e-13 0)
(1.5 1.37431e-13 0)
(1.5 1.09063e-13 0)
(1.5 1.63737e-14 0)
(1.5 -5.33144e-15 0)
(1.5 9.05921e-14 0)
(1.5 9.94499e-14 0)
(1.5 9.85427e-14 0)
(1.5 7.92025e-14 0)
(1.5 1.47252e-14 0)
(1.5 5.77113e-14 0)
(1.5 3.65113e-14 0)
(1.5 -2.52676e-15 0)
(1.5 -1.11532e-14 0)
(1.5 3.98827e-14 0)
(1.5 7.65209e-14 0)
(1.5 5.68726e-14 0)
(1.5 -1.26844e-14 0)
(1.5 -1.14485e-13 0)
(1.5 -1.02674e-13 0)
(1.5 -5.26485e-14 0)
(1.5 1.23543e-14 0)
(1.5 8.61399e-14 0)
(1.5 1.33163e-13 0)
(1.5 1.10172e-13 0)
(1.5 7.28263e-14 0)
(1.5 4.75011e-14 0)
(1.5 3.41685e-14 0)
(1.5 5.97139e-14 0)
(1.5 2.38532e-14 0)
(1.5 1.09732e-14 0)
(1.5 6.35069e-14 0)
(1.5 1.05177e-13 0)
(1.5 6.22125e-14 0)
(1.5 6.09914e-15 0)
(1.5 -3.21701e-14 0)
(1.5 -1.80185e-14 0)
(1.5 -1.21842e-13 0)
(1.5 -1.56588e-13 0)
(1.5 -9.78612e-14 0)
(1.5 -1.12104e-13 0)
(1.5 -2.51668e-13 0)
(1.5 -1.93409e-13 0)
(1.5 -2.05952e-13 0)
(1.5 -1.83964e-13 0)
(1.5 -1.48607e-13 0)
(1.5 -4.8982e-14 0)
(1.5 -5.43792e-14 0)
(1.5 -1.6386e-13 0)
(1.5 -2.32892e-13 0)
(1.5 -2.07741e-13 0)
(1.5 -1.71831e-13 0)
(1.5 -2.23263e-13 0)
(1.5 -2.86572e-13 0)
(1.5 -3.61066e-13 0)
(1.5 -3.81185e-13 0)
(1.5 -2.7118e-13 0)
(1.5 -2.48678e-13 0)
(1.5 -2.65348e-13 0)
(1.5 -2.02716e-13 0)
(1.5 -1.32196e-13 0)
(1.5 -7.57488e-15 0)
(1.5 -7.08374e-14 0)
(1.5 -2.751e-13 0)
(1.5 -3.52391e-13 0)
(1.5 -3.94699e-13 0)
(1.5 -4.46677e-13 0)
(1.5 -4.09955e-13 0)
(1.5 -3.76061e-13 0)
(1.5 -2.44297e-13 0)
(1.5 -1.29511e-13 0)
(1.5 -6.98153e-15 0)
(1.5 3.62523e-14 0)
(1.5 -3.36592e-14 0)
(1.5 -9.43582e-14 0)
(1.5 -1.11641e-13 0)
(1.5 -7.31149e-14 0)
(1.5 -2.14634e-13 0)
(1.5 -4.24798e-13 0)
(1.5 -3.99805e-13 0)
(1.5 -3.30563e-13 0)
(1.5 -2.82173e-13 0)
(1.5 -1.51099e-13 0)
(1.5 -7.14736e-14 0)
(1.5 7.33493e-15 0)
(1.5 9.74626e-14 0)
(1.5 1.01303e-13 0)
(1.5 3.56326e-14 0)
(1.5 -8.83313e-14 0)
(1.5 -6.30907e-14 0)
(1.5 -3.51529e-14 0)
(1.5 4.82764e-14 0)
(1.5 2.86991e-14 0)
(1.5 -1.32857e-13 0)
(1.5 -1.61782e-13 0)
(1.5 -2.05791e-13 0)
(1.5 -8.73132e-14 0)
(1.5 -3.46251e-14 0)
(1.5 9.63254e-14 0)
(1.5 9.50387e-14 0)
(1.5 4.90312e-16 0)
(1.5 -5.75019e-14 0)
(1.5 -1.4722e-13 0)
(1.5 -3.25478e-13 0)
(1.5 -2.77392e-13 0)
(1.5 -2.62904e-13 0)
(1.5 -2.36074e-13 0)
(1.5 -3.16388e-13 0)
(1.5 -4.419e-13 0)
(1.5 -4.63547e-13 0)
(1.5 -3.97708e-13 0)
(1.5 5.93107e-14 0)
(1.5 9.08115e-14 0)
(1.5 1.23499e-13 0)
(1.5 1.43847e-13 0)
(1.5 1.35879e-13 0)
(1.5 1.74241e-13 0)
(1.5 1.25302e-13 0)
(1.5 9.00366e-14 0)
(1.5 8.58521e-14 0)
(1.5 5.71555e-14 0)
(1.5 7.74484e-14 0)
(1.5 3.7452e-14 0)
(1.5 3.9034e-14 0)
(1.5 6.23853e-14 0)
(1.5 -1.64934e-14 0)
(1.5 -3.06344e-14 0)
(1.5 -2.52079e-14 0)
(1.5 2.08087e-14 0)
(1.5 3.26331e-14 0)
(1.5 -2.70463e-14 0)
(1.5 -1.80063e-14 0)
(1.5 1.62379e-14 0)
(1.5 1.79529e-14 0)
(1.5 6.07518e-14 0)
(1.5 6.05998e-14 0)
(1.5 5.75748e-14 0)
(1.5 -2.02537e-14 0)
(1.5 1.89198e-15 0)
(1.5 4.89216e-14 0)
(1.5 -1.91157e-14 0)
(1.5 -4.43832e-14 0)
(1.5 -1.26188e-13 0)
(1.5 -9.49564e-14 0)
(1.5 -1.34519e-13 0)
(1.5 -4.87543e-14 0)
(1.5 2.09655e-14 0)
(1.5 7.82104e-15 0)
(1.5 8.88353e-15 0)
(1.5 1.57361e-14 0)
(1.5 -5.62866e-14 0)
(1.5 -1.05514e-13 0)
(1.5 -2.0265e-14 0)
(1.5 -7.41483e-14 0)
(1.5 -9.44115e-14 0)
(1.5 -9.14476e-14 0)
(1.5 -1.10235e-13 0)
(1.5 -7.94063e-14 0)
(1.5 -5.86284e-14 0)
(1.5 -1.14673e-13 0)
(1.5 -9.01953e-14 0)
(1.5 -7.10146e-14 0)
(1.5 -1.01627e-13 0)
(1.5 -7.88429e-14 0)
(1.5 -3.17862e-14 0)
(1.5 4.23181e-14 0)
(1.5 2.60725e-14 0)
(1.5 -6.23082e-14 0)
(1.5 -4.12822e-14 0)
(1.5 -4.30677e-14 0)
(1.5 -1.17881e-13 0)
(1.5 -1.3145e-13 0)
(1.5 -1.55192e-13 0)
(1.5 -1.22657e-13 0)
(1.5 -7.64397e-14 0)
(1.5 -5.29708e-14 0)
(1.5 -5.88769e-14 0)
(1.5 -7.23208e-14 0)
(1.5 -6.34419e-14 0)
(1.5 -6.08969e-14 0)
(1.5 -1.16961e-13 0)
(1.5 -1.01551e-13 0)
(1.5 -2.1164e-14 0)
(1.5 -1.33289e-14 0)
(1.5 1.28359e-14 0)
(1.5 3.82855e-14 0)
(1.5 1.12942e-13 0)
(1.5 5.75372e-14 0)
(1.5 2.33798e-14 0)
(1.5 3.59624e-14 0)
(1.5 2.372e-14 0)
(1.5 -9.07989e-14 0)
(1.5 -4.27893e-14 0)
(1.5 -7.20951e-14 0)
(1.5 -7.52477e-14 0)
(1.5 -4.15614e-14 0)
(1.5 -1.44824e-14 0)
(1.5 2.43139e-14 0)
(1.5 5.04736e-14 0)
(1.5 1.18795e-13 0)
(1.5 1.41667e-13 0)
(1.5 1.16768e-13 0)
(1.5 6.43159e-14 0)
(1.5 -4.69657e-14 0)
(1.5 -1.08203e-13 0)
(1.5 -3.81207e-14 0)
(1.5 5.10364e-14 0)
(1.5 1.12351e-13 0)
(1.5 8.65275e-14 0)
(1.5 8.07376e-14 0)
(1.5 7.07679e-14 0)
(1.5 2.50821e-14 0)
(1.5 -6.09934e-14 0)
(1.5 -3.78553e-14 0)
(1.5 -1.47268e-15 0)
(1.5 -6.14899e-14 0)
(1.5 -8.00397e-14 0)
(1.5 -5.64938e-14 0)
(1.5 -1.17476e-13 0)
(1.5 -9.44022e-14 0)
(1.5 -1.20214e-13 0)
(1.5 -2.06257e-13 0)
(1.5 -1.83008e-13 0)
(1.5 -8.14962e-14 0)
(1.5 -6.56445e-14 0)
(1.5 -5.13939e-14 0)
(1.5 -3.37656e-14 0)
(1.5 9.6875e-15 0)
(1.5 -4.2597e-14 0)
(1.5 -7.08081e-14 0)
(1.5 -8.35978e-14 0)
(1.5 -1.2595e-13 0)
(1.5 -9.86376e-14 0)
(1.5 -3.63529e-14 0)
(1.5 -4.23448e-14 0)
(1.5 -9.88189e-14 0)
(1.5 -9.06937e-14 0)
(1.5 -1.29504e-13 0)
(1.5 -1.67712e-13 0)
(1.5 -1.67848e-13 0)
(1.5 -1.69399e-13 0)
(1.5 -2.41555e-13 0)
(1.5 -1.9601e-13 0)
(1.5 -3.0022e-13 0)
(1.5 -3.11175e-13 0)
(1.5 -3.1688e-13 0)
(1.5 -3.19582e-13 0)
(1.5 -2.42884e-13 0)
(1.5 -2.03967e-13 0)
(1.5 -2.56661e-13 0)
(1.5 -2.18267e-13 0)
(1.5 -2.03022e-13 0)
(1.5 -2.7103e-13 0)
(1.5 -2.52804e-13 0)
(1.5 -3.12992e-13 0)
(1.5 -3.7643e-13 0)
(1.5 -3.10208e-13 0)
(1.5 -3.01901e-13 0)
(1.5 -3.70184e-13 0)
(1.5 -3.23823e-13 0)
(1.5 -2.27895e-13 0)
(1.5 -6.56886e-14 0)
(1.5 -6.41276e-14 0)
(1.5 -2.05374e-13 0)
(1.5 -2.54594e-13 0)
(1.5 -2.84944e-13 0)
(1.5 -3.29958e-13 0)
(1.5 -3.76048e-13 0)
(1.5 -4.31379e-13 0)
(1.5 -3.98866e-13 0)
(1.5 -3.6143e-13 0)
(1.5 -2.9613e-13 0)
(1.5 -2.17843e-13 0)
(1.5 -2.20295e-13 0)
(1.5 -1.84291e-13 0)
(1.5 -2.47067e-13 0)
(1.5 -2.63106e-13 0)
(1.5 -3.99549e-13 0)
(1.5 -5.84833e-13 0)
(1.5 -4.74303e-13 0)
(1.5 -2.89524e-13 0)
(1.5 -2.08849e-13 0)
(1.5 -1.9971e-13 0)
(1.5 4.66162e-14 0)
(1.5 1.49404e-13 0)
(1.5 2.21407e-13 0)
(1.5 2.5986e-13 0)
(1.5 1.2791e-13 0)
(1.5 -3.25422e-14 0)
(1.5 -1.08658e-13 0)
(1.5 -8.50033e-14 0)
(1.5 -5.30497e-14 0)
(1.5 -3.7999e-14 0)
(1.5 -5.65724e-14 0)
(1.5 -1.40851e-13 0)
(1.5 -1.61207e-13 0)
(1.5 -1.81551e-13 0)
(1.5 -2.1191e-13 0)
(1.5 -9.21636e-14 0)
(1.5 2.11957e-14 0)
(1.5 -5.2161e-14 0)
(1.5 -8.88997e-14 0)
(1.5 -1.54309e-13 0)
(1.5 -4.07995e-13 0)
(1.5 -4.26141e-13 0)
(1.5 -3.69784e-13 0)
(1.5 -2.67381e-13 0)
(1.5 -3.52525e-13 0)
(1.5 -5.80341e-13 0)
(1.5 -5.87366e-13 0)
(1.5 -5.31842e-13 0)
(1.5 5.03046e-14 0)
(1.5 1.6511e-13 0)
(1.5 2.23987e-13 0)
(1.5 2.34407e-13 0)
(1.5 2.13975e-13 0)
(1.5 1.23689e-13 0)
(1.5 4.01577e-14 0)
(1.5 1.83838e-15 0)
(1.5 -7.86428e-15 0)
(1.5 -8.30294e-14 0)
(1.5 -5.32808e-14 0)
(1.5 -3.31292e-14 0)
(1.5 6.28637e-15 0)
(1.5 3.58238e-14 0)
(1.5 -1.76077e-14 0)
(1.5 -1.14616e-13 0)
(1.5 -8.71517e-14 0)
(1.5 -2.51724e-14 0)
(1.5 2.10108e-14 0)
(1.5 2.24692e-15 0)
(1.5 -2.15295e-15 0)
(1.5 -2.65719e-14 0)
(1.5 2.7725e-14 0)
(1.5 7.06817e-14 0)
(1.5 9.23774e-14 0)
(1.5 3.83214e-14 0)
(1.5 -4.79973e-15 0)
(1.5 2.11855e-14 0)
(1.5 -4.06409e-14 0)
(1.5 -9.50166e-14 0)
(1.5 -7.10493e-14 0)
(1.5 -1.13992e-13 0)
(1.5 -1.11699e-13 0)
(1.5 -7.07852e-14 0)
(1.5 -9.67062e-14 0)
(1.5 -4.04639e-14 0)
(1.5 -5.87429e-14 0)
(1.5 -3.58093e-14 0)
(1.5 -9.55081e-16 0)
(1.5 -2.50272e-14 0)
(1.5 -7.79314e-15 0)
(1.5 -4.0565e-15 0)
(1.5 -2.53788e-14 0)
(1.5 -4.09335e-14 0)
(1.5 -6.60157e-14 0)
(1.5 -5.09756e-14 0)
(1.5 -3.55525e-14 0)
(1.5 2.91839e-15 0)
(1.5 -2.73665e-14 0)
(1.5 -5.05772e-14 0)
(1.5 -6.30151e-14 0)
(1.5 -6.1901e-14 0)
(1.5 -4.02158e-14 0)
(1.5 -2.31038e-14 0)
(1.5 2.40473e-14 0)
(1.5 2.96391e-14 0)
(1.5 1.14293e-14 0)
(1.5 1.71679e-14 0)
(1.5 8.47265e-15 0)
(1.5 -6.21967e-14 0)
(1.5 -6.73988e-14 0)
(1.5 -6.83959e-14 0)
(1.5 -1.29103e-13 0)
(1.5 -1.39736e-13 0)
(1.5 -1.03828e-13 0)
(1.5 -4.75098e-14 0)
(1.5 9.46448e-15 0)
(1.5 2.64508e-14 0)
(1.5 -2.13231e-15 0)
(1.5 -4.34943e-14 0)
(1.5 -2.14003e-14 0)
(1.5 3.75313e-14 0)
(1.5 1.19352e-14 0)
(1.5 -4.98177e-15 0)
(1.5 4.19922e-14 0)
(1.5 1.08355e-13 0)
(1.5 6.19347e-14 0)
(1.5 4.39202e-14 0)
(1.5 2.29367e-14 0)
(1.5 -1.56053e-14 0)
(1.5 -4.09044e-14 0)
(1.5 -4.23663e-14 0)
(1.5 -2.93818e-14 0)
(1.5 -5.00752e-14 0)
(1.5 -2.35977e-14 0)
(1.5 -3.85355e-14 0)
(1.5 -1.78221e-15 0)
(1.5 4.53102e-14 0)
(1.5 9.3656e-14 0)
(1.5 8.54351e-14 0)
(1.5 2.8903e-14 0)
(1.5 -2.39769e-14 0)
(1.5 -6.33752e-14 0)
(1.5 -1.04641e-13 0)
(1.5 -8.40263e-14 0)
(1.5 -2.45003e-14 0)
(1.5 -1.31916e-15 0)
(1.5 3.45661e-14 0)
(1.5 7.78674e-14 0)
(1.5 3.11252e-14 0)
(1.5 -6.54889e-14 0)
(1.5 -4.98444e-14 0)
(1.5 -1.3975e-14 0)
(1.5 -7.31886e-14 0)
(1.5 -1.2107e-13 0)
(1.5 -1.22962e-13 0)
(1.5 -6.85253e-14 0)
(1.5 -4.90964e-14 0)
(1.5 -6.77502e-14 0)
(1.5 -1.50442e-13 0)
(1.5 -2.2423e-13 0)
(1.5 -1.84141e-13 0)
(1.5 -1.00892e-13 0)
(1.5 -4.73447e-14 0)
(1.5 -7.43447e-14 0)
(1.5 -3.94849e-14 0)
(1.5 3.31127e-14 0)
(1.5 -7.2824e-14 0)
(1.5 -7.31535e-14 0)
(1.5 -9.18487e-14 0)
(1.5 -1.88037e-13 0)
(1.5 -1.54583e-13 0)
(1.5 -1.50731e-13 0)
(1.5 -9.49691e-14 0)
(1.5 -1.36787e-13 0)
(1.5 -1.55111e-13 0)
(1.5 -5.75979e-14 0)
(1.5 -4.50119e-14 0)
(1.5 -7.94091e-14 0)
(1.5 -1.33406e-13 0)
(1.5 -1.36667e-13 0)
(1.5 -8.01066e-14 0)
(1.5 -1.88295e-13 0)
(1.5 -2.42318e-13 0)
(1.5 -2.19184e-13 0)
(1.5 -2.15124e-13 0)
(1.5 -1.43735e-13 0)
(1.5 -9.29931e-14 0)
(1.5 -1.22423e-13 0)
(1.5 -1.65946e-13 0)
(1.5 -2.19784e-13 0)
(1.5 -2.30415e-13 0)
(1.5 -1.63842e-13 0)
(1.5 -1.66317e-13 0)
(1.5 -2.28398e-13 0)
(1.5 -2.4437e-13 0)
(1.5 -2.41951e-13 0)
(1.5 -2.70085e-13 0)
(1.5 -2.6187e-13 0)
(1.5 -1.40311e-13 0)
(1.5 4.59234e-15 0)
(1.5 -1.25845e-14 0)
(1.5 -9.75164e-14 0)
(1.5 -1.396e-13 0)
(1.5 -1.65684e-13 0)
(1.5 -1.88761e-13 0)
(1.5 -2.38719e-13 0)
(1.5 -3.21443e-13 0)
(1.5 -3.75848e-13 0)
(1.5 -4.12147e-13 0)
(1.5 -3.85785e-13 0)
(1.5 -3.43355e-13 0)
(1.5 -2.82804e-13 0)
(1.5 -1.4109e-13 0)
(1.5 -1.92982e-13 0)
(1.5 -2.94644e-13 0)
(1.5 -3.84085e-13 0)
(1.5 -4.84297e-13 0)
(1.5 -4.19306e-13 0)
(1.5 -3.06709e-13 0)
(1.5 -2.38144e-13 0)
(1.5 -1.86049e-13 0)
(1.5 9.33975e-14 0)
(1.5 2.42624e-13 0)
(1.5 2.73428e-13 0)
(1.5 2.54001e-13 0)
(1.5 1.44693e-13 0)
(1.5 7.09435e-14 0)
(1.5 -9.99222e-15 0)
(1.5 -6.93385e-14 0)
(1.5 -7.33281e-14 0)
(1.5 -5.59907e-14 0)
(1.5 -1.11637e-13 0)
(1.5 -2.13789e-13 0)
(1.5 -1.87866e-13 0)
(1.5 -1.30541e-13 0)
(1.5 -1.01139e-13 0)
(1.5 2.65424e-14 0)
(1.5 1.50966e-13 0)
(1.5 9.60673e-14 0)
(1.5 3.42254e-14 0)
(1.5 -5.90949e-14 0)
(1.5 -3.13405e-13 0)
(1.5 -3.47019e-13 0)
(1.5 -3.13085e-13 0)
(1.5 -3.15674e-13 0)
(1.5 -3.27394e-13 0)
(1.5 -4.69923e-13 0)
(1.5 -4.88132e-13 0)
(1.5 -4.41636e-13 0)
(1.5 4.95757e-14 0)
(1.5 1.22309e-13 0)
(1.5 1.24806e-13 0)
(1.5 1.15794e-13 0)
(1.5 8.97761e-14 0)
(1.5 -2.09365e-14 0)
(1.5 -1.29819e-14 0)
(1.5 -1.43577e-14 0)
(1.5 -1.53084e-14 0)
(1.5 -5.52216e-14 0)
(1.5 -8.82461e-14 0)
(1.5 -1.21288e-13 0)
(1.5 -1.03388e-13 0)
(1.5 -6.17288e-14 0)
(1.5 -8.23251e-14 0)
(1.5 -8.24104e-14 0)
(1.5 -3.36897e-14 0)
(1.5 -2.42457e-14 0)
(1.5 -4.02165e-14 0)
(1.5 -4.07528e-15 0)
(1.5 4.90744e-14 0)
(1.5 3.83713e-14 0)
(1.5 3.1119e-14 0)
(1.5 9.62918e-15 0)
(1.5 -3.48274e-14 0)
(1.5 -5.51415e-15 0)
(1.5 -3.62247e-15 0)
(1.5 -4.60452e-14 0)
(1.5 -7.55452e-14 0)
(1.5 -5.75558e-14 0)
(1.5 -4.11917e-14 0)
(1.5 -6.96141e-15 0)
(1.5 -4.06617e-14 0)
(1.5 3.49801e-14 0)
(1.5 -5.01158e-14 0)
(1.5 -7.43419e-14 0)
(1.5 -3.13902e-14 0)
(1.5 -4.99189e-14 0)
(1.5 -2.40112e-14 0)
(1.5 -7.65989e-15 0)
(1.5 -8.85799e-15 0)
(1.5 -9.52994e-14 0)
(1.5 -6.86726e-14 0)
(1.5 -1.16482e-13 0)
(1.5 -3.44736e-14 0)
(1.5 3.77813e-14 0)
(1.5 -1.26744e-14 0)
(1.5 -1.56368e-14 0)
(1.5 -3.10627e-15 0)
(1.5 -3.86845e-14 0)
(1.5 -7.45097e-14 0)
(1.5 -8.341e-14 0)
(1.5 -2.57675e-14 0)
(1.5 -6.97426e-14 0)
(1.5 -1.05742e-13 0)
(1.5 -1.02964e-13 0)
(1.5 -6.82362e-14 0)
(1.5 -3.19826e-14 0)
(1.5 -2.3137e-14 0)
(1.5 -5.07522e-14 0)
(1.5 -6.98559e-14 0)
(1.5 -7.9762e-14 0)
(1.5 -1.46523e-13 0)
(1.5 -1.32198e-13 0)
(1.5 -1.0147e-13 0)
(1.5 -3.87057e-14 0)
(1.5 4.12635e-14 0)
(1.5 5.7964e-14 0)
(1.5 4.43353e-14 0)
(1.5 5.31843e-14 0)
(1.5 -5.66115e-15 0)
(1.5 2.91022e-14 0)
(1.5 1.39677e-14 0)
(1.5 -1.90575e-14 0)
(1.5 6.90004e-14 0)
(1.5 4.4561e-14 0)
(1.5 3.48367e-14 0)
(1.5 2.78288e-14 0)
(1.5 4.50768e-15 0)
(1.5 2.93683e-15 0)
(1.5 1.14218e-14 0)
(1.5 -7.77572e-14 0)
(1.5 -2.56253e-14 0)
(1.5 -4.48715e-15 0)
(1.5 -3.20877e-15 0)
(1.5 -6.13342e-16 0)
(1.5 5.09103e-14 0)
(1.5 9.68091e-15 0)
(1.5 -2.45708e-14 0)
(1.5 2.23239e-14 0)
(1.5 -5.06991e-14 0)
(1.5 -7.91644e-14 0)
(1.5 -6.78179e-14 0)
(1.5 -6.98528e-14 0)
(1.5 -9.84138e-14 0)
(1.5 -1.34386e-13 0)
(1.5 -1.5101e-13 0)
(1.5 -8.39718e-14 0)
(1.5 -4.32403e-14 0)
(1.5 -7.02321e-14 0)
(1.5 -1.18879e-13 0)
(1.5 -1.27242e-13 0)
(1.5 -1.33022e-13 0)
(1.5 -2.54689e-13 0)
(1.5 -2.20916e-13 0)
(1.5 -1.79976e-13 0)
(1.5 -1.22546e-13 0)
(1.5 -1.02565e-13 0)
(1.5 -1.04114e-13 0)
(1.5 -1.51669e-13 0)
(1.5 -1.52968e-13 0)
(1.5 -8.21446e-14 0)
(1.5 -3.11321e-14 0)
(1.5 9.03447e-15 0)
(1.5 -3.84742e-14 0)
(1.5 -2.23522e-14 0)
(1.5 6.23293e-15 0)
(1.5 -4.69916e-14 0)
(1.5 -1.19426e-13 0)
(1.5 -1.6412e-13 0)
(1.5 -1.44598e-13 0)
(1.5 -1.03645e-13 0)
(1.5 -1.40118e-13 0)
(1.5 -1.14488e-13 0)
(1.5 -1.31004e-13 0)
(1.5 -1.75522e-13 0)
(1.5 -9.434e-15 0)
(1.5 8.93425e-15 0)
(1.5 -8.54479e-14 0)
(1.5 -1.29928e-13 0)
(1.5 -8.50759e-14 0)
(1.5 -1.93307e-14 0)
(1.5 -6.46355e-14 0)
(1.5 -1.49339e-13 0)
(1.5 -1.70457e-13 0)
(1.5 -1.63246e-13 0)
(1.5 -1.58087e-13 0)
(1.5 -1.2074e-13 0)
(1.5 -8.01684e-14 0)
(1.5 -1.43141e-13 0)
(1.5 -2.05629e-13 0)
(1.5 -1.49099e-13 0)
(1.5 -1.93453e-13 0)
(1.5 -2.15828e-13 0)
(1.5 -1.90791e-13 0)
(1.5 -1.62657e-13 0)
(1.5 -1.35921e-13 0)
(1.5 -1.45063e-13 0)
(1.5 -1.10931e-13 0)
(1.5 -5.06439e-14 0)
(1.5 -7.76462e-14 0)
(1.5 -3.932e-14 0)
(1.5 -3.27401e-14 0)
(1.5 -1.16861e-13 0)
(1.5 -1.85246e-13 0)
(1.5 -1.61402e-13 0)
(1.5 -1.51081e-13 0)
(1.5 -1.80612e-13 0)
(1.5 -2.63925e-13 0)
(1.5 -3.29934e-13 0)
(1.5 -3.05333e-13 0)
(1.5 -3.19799e-13 0)
(1.5 -2.93256e-13 0)
(1.5 -2.05842e-13 0)
(1.5 -2.3935e-13 0)
(1.5 -2.3839e-13 0)
(1.5 -1.56521e-13 0)
(1.5 -1.8154e-13 0)
(1.5 -2.22551e-13 0)
(1.5 -2.86021e-13 0)
(1.5 -2.93632e-13 0)
(1.5 -2.26679e-13 0)
(1.5 -1.83451e-14 0)
(1.5 1.00278e-13 0)
(1.5 1.34728e-13 0)
(1.5 1.27744e-13 0)
(1.5 7.4087e-14 0)
(1.5 2.02386e-14 0)
(1.5 5.45586e-14 0)
(1.5 4.5829e-14 0)
(1.5 8.37852e-15 0)
(1.5 -1.93556e-14 0)
(1.5 -1.1814e-13 0)
(1.5 -1.42042e-13 0)
(1.5 -1.42157e-13 0)
(1.5 -1.20803e-13 0)
(1.5 -9.01777e-15 0)
(1.5 8.92207e-14 0)
(1.5 1.63956e-13 0)
(1.5 2.10594e-13 0)
(1.5 1.16695e-13 0)
(1.5 2.08937e-14 0)
(1.5 -1.4825e-13 0)
(1.5 -1.48189e-13 0)
(1.5 -1.53327e-13 0)
(1.5 -2.50574e-13 0)
(1.5 -2.51097e-13 0)
(1.5 -3.29083e-13 0)
(1.5 -3.06063e-13 0)
(1.5 -2.73983e-13 0)
(1.5 1.52184e-14 0)
(1.5 -1.74238e-14 0)
(1.5 -2.15216e-14 0)
(1.5 2.53585e-14 0)
(1.5 5.54192e-14 0)
(1.5 4.03391e-14 0)
(1.5 9.47396e-14 0)
(1.5 1.19872e-13 0)
(1.5 8.4058e-14 0)
(1.5 5.72398e-14 0)
(1.5 4.13778e-14 0)
(1.5 9.87817e-15 0)
(1.5 -1.05534e-14 0)
(1.5 -3.28084e-14 0)
(1.5 -7.66078e-14 0)
(1.5 -5.15275e-14 0)
(1.5 -4.7028e-14 0)
(1.5 -8.18503e-14 0)
(1.5 -6.87552e-14 0)
(1.5 3.64286e-14 0)
(1.5 1.19967e-13 0)
(1.5 8.98405e-14 0)
(1.5 6.53866e-14 0)
(1.5 3.03037e-14 0)
(1.5 -8.94011e-15 0)
(1.5 2.70395e-14 0)
(1.5 3.90065e-14 0)
(1.5 2.26539e-14 0)
(1.5 1.26004e-14 0)
(1.5 4.96199e-14 0)
(1.5 3.69881e-14 0)
(1.5 -1.32632e-14 0)
(1.5 9.40796e-15 0)
(1.5 5.16648e-14 0)
(1.5 4.71095e-14 0)
(1.5 2.21077e-14 0)
(1.5 4.09689e-14 0)
(1.5 2.66063e-15 0)
(1.5 3.56855e-15 0)
(1.5 -1.13746e-14 0)
(1.5 -8.20672e-14 0)
(1.5 -1.53017e-13 0)
(1.5 -7.12839e-14 0)
(1.5 -6.93136e-14 0)
(1.5 -5.77824e-15 0)
(1.5 2.13294e-14 0)
(1.5 -1.95448e-14 0)
(1.5 -4.10814e-14 0)
(1.5 -5.56855e-15 0)
(1.5 -2.08418e-14 0)
(1.5 -5.33748e-14 0)
(1.5 -4.03495e-14 0)
(1.5 2.70318e-14 0)
(1.5 -5.88389e-14 0)
(1.5 -1.25563e-13 0)
(1.5 -1.54615e-13 0)
(1.5 -1.36193e-13 0)
(1.5 -1.08279e-13 0)
(1.5 -6.5342e-14 0)
(1.5 3.12177e-15 0)
(1.5 -7.82339e-15 0)
(1.5 -9.86948e-15 0)
(1.5 -4.29276e-14 0)
(1.5 -2.01219e-14 0)
(1.5 -3.68551e-14 0)
(1.5 5.76145e-15 0)
(1.5 7.94631e-14 0)
(1.5 8.31352e-14 0)
(1.5 9.14188e-14 0)
(1.5 1.44696e-13 0)
(1.5 7.45881e-14 0)
(1.5 2.7459e-14 0)
(1.5 7.18453e-14 0)
(1.5 4.65034e-14 0)
(1.5 2.26707e-14 0)
(1.5 2.09582e-14 0)
(1.5 6.54253e-14 0)
(1.5 8.83376e-14 0)
(1.5 4.44853e-14 0)
(1.5 1.60906e-14 0)
(1.5 3.93932e-14 0)
(1.5 -1.44791e-14 0)
(1.5 -6.25597e-14 0)
(1.5 -9.57889e-15 0)
(1.5 -9.76187e-15 0)
(1.5 3.61552e-15 0)
(1.5 5.39439e-14 0)
(1.5 -1.12184e-14 0)
(1.5 -7.47133e-14 0)
(1.5 -3.618e-14 0)
(1.5 -4.49993e-14 0)
(1.5 -4.98476e-14 0)
(1.5 9.0642e-15 0)
(1.5 1.64241e-14 0)
(1.5 -9.28224e-14 0)
(1.5 -1.65267e-13 0)
(1.5 -1.8608e-13 0)
(1.5 -1.71101e-13 0)
(1.5 -1.24122e-13 0)
(1.5 -1.48693e-13 0)
(1.5 -1.56513e-13 0)
(1.5 -1.89463e-13 0)
(1.5 -1.85668e-13 0)
(1.5 -2.59072e-13 0)
(1.5 -2.37333e-13 0)
(1.5 -1.57453e-13 0)
(1.5 -7.62805e-14 0)
(1.5 -3.03925e-14 0)
(1.5 -2.82102e-14 0)
(1.5 -3.27686e-14 0)
(1.5 -2.39983e-14 0)
(1.5 -6.29199e-14 0)
(1.5 -9.6968e-14 0)
(1.5 -6.84912e-14 0)
(1.5 -3.16264e-14 0)
(1.5 -2.06334e-14 0)
(1.5 -4.70365e-14 0)
(1.5 -2.60914e-15 0)
(1.5 -1.94693e-14 0)
(1.5 -9.39748e-14 0)
(1.5 -2.24264e-14 0)
(1.5 -8.07923e-14 0)
(1.5 -8.95174e-14 0)
(1.5 -1.18912e-13 0)
(1.5 -1.18295e-13 0)
(1.5 -1.32499e-13 0)
(1.5 -5.61104e-14 0)
(1.5 -6.08833e-14 0)
(1.5 -1.54429e-13 0)
(1.5 -1.29324e-13 0)
(1.5 -8.53643e-14 0)
(1.5 -6.3199e-14 0)
(1.5 1.87496e-15 0)
(1.5 -4.04063e-14 0)
(1.5 -6.03108e-14 0)
(1.5 -8.47728e-14 0)
(1.5 -8.40728e-14 0)
(1.5 -9.91608e-14 0)
(1.5 -7.51722e-14 0)
(1.5 -1.04345e-13 0)
(1.5 -1.48323e-13 0)
(1.5 -1.65103e-13 0)
(1.5 -2.70856e-13 0)
(1.5 -2.9067e-13 0)
(1.5 -1.93955e-13 0)
(1.5 -1.19231e-13 0)
(1.5 -8.84527e-15 0)
(1.5 4.45267e-14 0)
(1.5 8.11733e-14 0)
(1.5 1.71074e-14 0)
(1.5 -5.13918e-14 0)
(1.5 2.81481e-14 0)
(1.5 4.71837e-15 0)
(1.5 -8.2037e-14 0)
(1.5 -9.06173e-14 0)
(1.5 -4.03016e-14 0)
(1.5 -4.41869e-14 0)
(1.5 2.94637e-15 0)
(1.5 -8.13038e-14 0)
(1.5 -1.79947e-13 0)
(1.5 -2.90302e-13 0)
(1.5 -2.51654e-13 0)
(1.5 -1.73516e-13 0)
(1.5 -2.54304e-13 0)
(1.5 -2.74892e-13 0)
(1.5 -1.00582e-13 0)
(1.5 -5.03844e-15 0)
(1.5 -6.24652e-14 0)
(1.5 -1.48167e-13 0)
(1.5 -2.16169e-13 0)
(1.5 -2.00924e-13 0)
(1.5 -9.58618e-14 0)
(1.5 9.63874e-15 0)
(1.5 9.54094e-14 0)
(1.5 1.38799e-13 0)
(1.5 1.30295e-13 0)
(1.5 1.28244e-13 0)
(1.5 8.50529e-14 0)
(1.5 1.02718e-13 0)
(1.5 8.14427e-14 0)
(1.5 3.05043e-14 0)
(1.5 -3.54706e-14 0)
(1.5 -7.45667e-14 0)
(1.5 -4.63108e-14 0)
(1.5 -8.17408e-14 0)
(1.5 -8.15241e-14 0)
(1.5 -2.05404e-15 0)
(1.5 -7.63189e-15 0)
(1.5 -5.69262e-15 0)
(1.5 7.16662e-14 0)
(1.5 4.61178e-14 0)
(1.5 -5.03477e-14 0)
(1.5 -1.18686e-13 0)
(1.5 -8.87934e-14 0)
(1.5 -8.38575e-14 0)
(1.5 -1.28452e-13 0)
(1.5 -1.05833e-13 0)
(1.5 -2.36331e-13 0)
(1.5 -2.11058e-13 0)
(1.5 -2.05762e-13 0)
(1.5 -8.37167e-14 0)
(1.5 -1.16037e-13 0)
(1.5 -1.05382e-13 0)
(1.5 -5.66182e-14 0)
(1.5 4.29907e-14 0)
(1.5 1.16726e-13 0)
(1.5 7.57613e-14 0)
(1.5 8.75807e-14 0)
(1.5 7.28135e-14 0)
(1.5 1.18615e-13 0)
(1.5 1.49626e-13 0)
(1.5 1.16886e-13 0)
(1.5 9.4736e-14 0)
(1.5 -5.78616e-15 0)
(1.5 -3.71183e-14 0)
(1.5 -6.08267e-14 0)
(1.5 -8.38635e-14 0)
(1.5 -9.89005e-14 0)
(1.5 -6.6629e-14 0)
(1.5 3.43351e-14 0)
(1.5 5.50537e-14 0)
(1.5 -2.21912e-14 0)
(1.5 -3.27976e-14 0)
(1.5 -4.51412e-14 0)
(1.5 6.73171e-15 0)
(1.5 1.87568e-14 0)
(1.5 3.92204e-14 0)
(1.5 6.72274e-14 0)
(1.5 6.90833e-14 0)
(1.5 3.9531e-14 0)
(1.5 -9.5258e-15 0)
(1.5 -6.99792e-14 0)
(1.5 -1.18597e-15 0)
(1.5 2.50176e-14 0)
(1.5 6.62551e-14 0)
(1.5 5.23504e-14 0)
(1.5 -9.57412e-15 0)
(1.5 -5.01394e-14 0)
(1.5 -1.07993e-13 0)
(1.5 -1.27231e-13 0)
(1.5 -1.54087e-13 0)
(1.5 -9.32701e-14 0)
(1.5 -4.36288e-14 0)
(1.5 -5.63684e-15 0)
(1.5 -3.46897e-14 0)
(1.5 -7.24398e-14 0)
(1.5 -8.35459e-14 0)
(1.5 -3.40981e-14 0)
(1.5 -3.24612e-14 0)
(1.5 -4.99214e-14 0)
(1.5 -5.93885e-14 0)
(1.5 -2.33296e-14 0)
(1.5 3.5538e-15 0)
(1.5 -4.57642e-14 0)
(1.5 -7.42491e-14 0)
(1.5 -8.66519e-14 0)
(1.5 -1.09044e-13 0)
(1.5 -2.00555e-13 0)
(1.5 -1.47578e-13 0)
(1.5 -4.60285e-14 0)
(1.5 -1.60936e-14 0)
(1.5 -2.86809e-14 0)
(1.5 -4.9999e-14 0)
(1.5 -6.07418e-14 0)
(1.5 -5.16315e-14 0)
(1.5 -3.56898e-14 0)
(1.5 2.7251e-14 0)
(1.5 2.18471e-14 0)
(1.5 2.01509e-14 0)
(1.5 8.44484e-14 0)
(1.5 5.27913e-14 0)
(1.5 3.78819e-14 0)
(1.5 4.41177e-14 0)
(1.5 3.29357e-14 0)
(1.5 1.44033e-14 0)
(1.5 -8.17589e-15 0)
(1.5 4.85696e-14 0)
(1.5 9.39542e-14 0)
(1.5 6.7662e-14 0)
(1.5 -1.50715e-14 0)
(1.5 1.58323e-14 0)
(1.5 1.17266e-14 0)
(1.5 -2.92632e-14 0)
(1.5 -2.78957e-14 0)
(1.5 -3.02464e-15 0)
(1.5 1.67732e-14 0)
(1.5 -7.49865e-15 0)
(1.5 -5.44054e-14 0)
(1.5 -1.65892e-13 0)
(1.5 -1.73714e-13 0)
(1.5 -9.76885e-14 0)
(1.5 -6.0589e-14 0)
(1.5 1.45554e-14 0)
(1.5 8.54741e-15 0)
(1.5 -1.39233e-13 0)
(1.5 -2.04413e-13 0)
(1.5 -2.26609e-13 0)
(1.5 -2.18591e-13 0)
(1.5 -1.9321e-13 0)
(1.5 -1.94623e-13 0)
(1.5 -2.02526e-13 0)
(1.5 -1.61813e-13 0)
(1.5 -1.4829e-13 0)
(1.5 -1.35277e-13 0)
(1.5 -1.63255e-13 0)
(1.5 -8.75959e-14 0)
(1.5 -3.28389e-14 0)
(1.5 4.04809e-14 0)
(1.5 4.82262e-14 0)
(1.5 5.31288e-14 0)
(1.5 4.65179e-14 0)
(1.5 -9.19581e-14 0)
(1.5 -1.68405e-13 0)
(1.5 -1.44342e-13 0)
(1.5 -6.43541e-14 0)
(1.5 -5.37427e-14 0)
(1.5 -1.1634e-13 0)
(1.5 -5.68815e-14 0)
(1.5 -1.92785e-14 0)
(1.5 -2.96296e-14 0)
(1.5 -2.02783e-14 0)
(1.5 -1.06456e-13 0)
(1.5 -9.95199e-14 0)
(1.5 -1.15878e-13 0)
(1.5 -7.58986e-14 0)
(1.5 -5.83098e-14 0)
(1.5 -7.28306e-14 0)
(1.5 -5.09785e-14 0)
(1.5 -2.81746e-14 0)
(1.5 -1.27429e-14 0)
(1.5 -1.07558e-14 0)
(1.5 2.44614e-14 0)
(1.5 1.17736e-13 0)
(1.5 9.80041e-14 0)
(1.5 8.36448e-14 0)
(1.5 -1.24426e-14 0)
(1.5 -3.06102e-14 0)
(1.5 -7.47307e-14 0)
(1.5 -1.04985e-13 0)
(1.5 -5.00636e-14 0)
(1.5 -1.00555e-13 0)
(1.5 -1.79331e-13 0)
(1.5 -2.33572e-13 0)
(1.5 -1.93413e-13 0)
(1.5 -1.88803e-13 0)
(1.5 -1.59634e-13 0)
(1.5 -7.57182e-14 0)
(1.5 5.76995e-14 0)
(1.5 4.82405e-14 0)
(1.5 -7.4856e-15 0)
(1.5 -1.95873e-14 0)
(1.5 2.87578e-15 0)
(1.5 -8.73642e-14 0)
(1.5 -1.04073e-13 0)
(1.5 1.3721e-14 0)
(1.5 2.34539e-14 0)
(1.5 2.11728e-14 0)
(1.5 4.37317e-14 0)
(1.5 -1.57311e-14 0)
(1.5 -1.3769e-13 0)
(1.5 -2.62717e-13 0)
(1.5 -2.16792e-13 0)
(1.5 -1.72384e-13 0)
(1.5 -2.61577e-13 0)
(1.5 -2.14877e-13 0)
(1.5 -5.09853e-14 0)
(1.5 -2.52647e-14 0)
(1.5 -9.69275e-14 0)
(1.5 -2.11399e-13 0)
(1.5 -1.90885e-13 0)
(1.5 -1.34979e-13 0)
(1.5 1.23494e-14 0)
(1.5 4.15551e-14 0)
(1.5 3.8459e-14 0)
(1.5 2.02086e-14 0)
(1.5 3.95725e-14 0)
(1.5 1.00746e-13 0)
(1.5 6.07671e-14 0)
(1.5 -4.26236e-14 0)
(1.5 -7.71953e-14 0)
(1.5 -1.01388e-13 0)
(1.5 -1.21983e-13 0)
(1.5 -4.03257e-14 0)
(1.5 -4.39556e-14 0)
(1.5 -4.20798e-14 0)
(1.5 -1.4482e-14 0)
(1.5 -2.09696e-14 0)
(1.5 -1.85018e-13 0)
(1.5 -2.88362e-13 0)
(1.5 -2.24324e-13 0)
(1.5 -1.86038e-13 0)
(1.5 -1.86438e-13 0)
(1.5 -1.27349e-13 0)
(1.5 -8.31168e-14 0)
(1.5 -8.77805e-14 0)
(1.5 -7.16785e-14 0)
(1.5 -5.96675e-14 0)
(1.5 -1.67193e-13 0)
(1.5 -1.57877e-13 0)
(1.5 -1.29596e-13 0)
(1.5 -9.13425e-14 0)
(1.5 -8.97533e-14 0)
(1.5 -8.97298e-14 0)
(1.5 -1.00171e-13 0)
(1.5 -4.64752e-14 0)
(1.5 -1.00356e-14 0)
(1.5 -6.96095e-14 0)
(1.5 -9.89244e-14 0)
(1.5 -4.14241e-14 0)
(1.5 7.15716e-14 0)
(1.5 1.04077e-13 0)
(1.5 9.33636e-14 0)
(1.5 1.1971e-13 0)
(1.5 3.49391e-14 0)
(1.5 1.21091e-14 0)
(1.5 -3.35287e-14 0)
(1.5 -6.78545e-14 0)
(1.5 -9.17083e-14 0)
(1.5 -5.98132e-14 0)
(1.5 -1.50323e-14 0)
(1.5 -9.69562e-14 0)
(1.5 -1.80445e-13 0)
(1.5 -1.965e-13 0)
(1.5 -2.08145e-13 0)
(1.5 -1.47328e-13 0)
(1.5 -5.51814e-14 0)
(1.5 1.2193e-14 0)
(1.5 6.6388e-16 0)
(1.5 6.67665e-15 0)
(1.5 -4.1869e-14 0)
(1.5 -8.19691e-14 0)
(1.5 -1.89993e-14 0)
(1.5 1.14315e-14 0)
(1.5 -2.66876e-14 0)
(1.5 2.49832e-14 0)
(1.5 3.38367e-14 0)
(1.5 -2.8839e-14 0)
(1.5 -8.44367e-14 0)
(1.5 -1.37734e-13 0)
(1.5 -1.42192e-13 0)
(1.5 -1.12369e-13 0)
(1.5 -1.14537e-14 0)
(1.5 7.62123e-15 0)
(1.5 3.04648e-14 0)
(1.5 1.30105e-14 0)
(1.5 -5.82183e-14 0)
(1.5 -5.48003e-14 0)
(1.5 -3.73527e-14 0)
(1.5 -7.2257e-14 0)
(1.5 -7.28192e-14 0)
(1.5 -4.37587e-14 0)
(1.5 -4.28841e-14 0)
(1.5 -6.1641e-14 0)
(1.5 -5.7763e-14 0)
(1.5 -6.22596e-14 0)
(1.5 -6.06423e-14 0)
(1.5 -1.23193e-13 0)
(1.5 -2.12308e-13 0)
(1.5 -2.01175e-13 0)
(1.5 -1.27127e-13 0)
(1.5 -7.31924e-14 0)
(1.5 -1.1004e-13 0)
(1.5 -8.67775e-14 0)
(1.5 -1.08035e-13 0)
(1.5 -6.98128e-14 0)
(1.5 -4.1829e-14 0)
(1.5 -7.66854e-14 0)
(1.5 -5.00884e-14 0)
(1.5 -5.93634e-14 0)
(1.5 -6.90825e-14 0)
(1.5 -3.22816e-14 0)
(1.5 1.64877e-14 0)
(1.5 -1.56385e-14 0)
(1.5 5.25542e-15 0)
(1.5 7.21032e-14 0)
(1.5 3.38034e-14 0)
(1.5 -7.96291e-15 0)
(1.5 -6.01069e-15 0)
(1.5 -1.56658e-15 0)
(1.5 -3.53513e-14 0)
(1.5 -8.03077e-15 0)
(1.5 -1.8998e-14 0)
(1.5 -6.51509e-15 0)
(1.5 -4.02649e-14 0)
(1.5 -2.34047e-14 0)
(1.5 2.26558e-14 0)
(1.5 -5.18298e-14 0)
(1.5 -3.08319e-14 0)
(1.5 -7.37176e-14 0)
(1.5 -1.03825e-13 0)
(1.5 -5.80228e-14 0)
(1.5 -7.07718e-15 0)
(1.5 -3.13174e-14 0)
(1.5 -7.84185e-14 0)
(1.5 -1.57357e-13 0)
(1.5 -2.06004e-13 0)
(1.5 -2.23735e-13 0)
(1.5 -2.22797e-13 0)
(1.5 -2.21448e-13 0)
(1.5 -1.75284e-13 0)
(1.5 -9.47887e-14 0)
(1.5 -1.21798e-14 0)
(1.5 -5.73647e-14 0)
(1.5 -2.88244e-14 0)
(1.5 -7.30226e-14 0)
(1.5 -8.14083e-14 0)
(1.5 -8.31612e-14 0)
(1.5 -8.52982e-14 0)
(1.5 -3.61396e-14 0)
(1.5 3.82671e-15 0)
(1.5 -6.35348e-14 0)
(1.5 -1.76765e-13 0)
(1.5 -2.0219e-13 0)
(1.5 -1.97784e-13 0)
(1.5 -1.76747e-13 0)
(1.5 -1.44147e-13 0)
(1.5 -1.55666e-13 0)
(1.5 -1.01485e-13 0)
(1.5 -7.559e-14 0)
(1.5 -6.31838e-14 0)
(1.5 -1.06601e-13 0)
(1.5 -8.99393e-14 0)
(1.5 -8.11429e-14 0)
(1.5 -6.79438e-14 0)
(1.5 -2.508e-14 0)
(1.5 2.57402e-14 0)
(1.5 -2.22848e-14 0)
(1.5 -3.00708e-14 0)
(1.5 -2.68968e-14 0)
(1.5 -2.96262e-14 0)
(1.5 8.08565e-14 0)
(1.5 1.27805e-13 0)
(1.5 1.11543e-13 0)
(1.5 9.89998e-14 0)
(1.5 1.11187e-13 0)
(1.5 6.44924e-14 0)
(1.5 -1.44388e-14 0)
(1.5 -6.39972e-15 0)
(1.5 -3.99382e-14 0)
(1.5 -2.80154e-14 0)
(1.5 -8.74962e-14 0)
(1.5 -1.34577e-13 0)
(1.5 -1.92007e-13 0)
(1.5 -1.50257e-13 0)
(1.5 -1.7426e-13 0)
(1.5 -1.79337e-13 0)
(1.5 -1.2283e-13 0)
(1.5 -1.42323e-13 0)
(1.5 -1.81078e-13 0)
(1.5 -6.25115e-14 0)
(1.5 -2.37153e-14 0)
(1.5 -9.83673e-15 0)
(1.5 -4.90733e-14 0)
(1.5 -6.67121e-14 0)
(1.5 -1.47945e-14 0)
(1.5 3.3448e-14 0)
(1.5 -2.17173e-14 0)
(1.5 -1.35118e-13 0)
(1.5 -1.87345e-13 0)
(1.5 -2.54997e-13 0)
(1.5 -2.37147e-13 0)
(1.5 -2.04114e-13 0)
(1.5 -3.1737e-13 0)
(1.5 -2.87148e-13 0)
(1.5 -1.7147e-13 0)
(1.5 -1.47209e-13 0)
(1.5 -1.15764e-13 0)
(1.5 -1.17485e-13 0)
(1.5 -1.57545e-13 0)
(1.5 -1.50804e-13 0)
(1.5 -9.60171e-14 0)
(1.5 2.95877e-14 0)
(1.5 2.47356e-14 0)
(1.5 -2.21202e-14 0)
(1.5 -8.1351e-15 0)
(1.5 6.26241e-15 0)
(1.5 6.09881e-14 0)
(1.5 -8.11639e-14 0)
(1.5 -2.33324e-13 0)
(1.5 -2.25252e-13 0)
(1.5 -1.7938e-13 0)
(1.5 -8.71885e-14 0)
(1.5 5.30051e-14 0)
(1.5 7.93309e-14 0)
(1.5 1.03735e-13 0)
(1.5 7.5845e-14 0)
(1.5 -9.02961e-15 0)
(1.5 -2.91378e-13 0)
(1.5 -4.14972e-13 0)
(1.5 -3.40114e-13 0)
(1.5 -2.90023e-13 0)
(1.5 -1.5796e-13 0)
(1.5 8.58251e-14 0)
(1.5 5.87955e-14 0)
(1.5 2.93395e-14 0)
(1.5 2.93768e-14 0)
(1.5 -6.85912e-14 0)
(1.5 -1.36239e-13 0)
(1.5 -1.43804e-13 0)
(1.5 -1.3024e-13 0)
(1.5 -3.37583e-14 0)
(1.5 -1.34643e-13 0)
(1.5 -1.80995e-13 0)
(1.5 -1.79609e-13 0)
(1.5 -1.54669e-13 0)
(1.5 -1.28762e-13 0)
(1.5 -1.26612e-13 0)
(1.5 -2.04928e-13 0)
(1.5 -1.51431e-13 0)
(1.5 -9.28792e-14 0)
(1.5 -5.74922e-14 0)
(1.5 5.265e-14 0)
(1.5 1.10352e-13 0)
(1.5 7.76362e-14 0)
(1.5 4.24942e-14 0)
(1.5 1.28467e-14 0)
(1.5 -2.88632e-14 0)
(1.5 -7.27574e-14 0)
(1.5 -5.89768e-14 0)
(1.5 -6.65392e-14 0)
(1.5 -1.54129e-13 0)
(1.5 -2.24609e-13 0)
(1.5 -2.17474e-13 0)
(1.5 -2.35345e-13 0)
(1.5 -2.51729e-13 0)
(1.5 -1.7934e-13 0)
(1.5 -1.09591e-13 0)
(1.5 -5.1362e-14 0)
(1.5 -3.8358e-14 0)
(1.5 -1.10354e-13 0)
(1.5 -1.10406e-13 0)
(1.5 5.77063e-15 0)
(1.5 3.40148e-15 0)
(1.5 -4.18102e-14 0)
(1.5 -5.90757e-14 0)
(1.5 -4.23164e-14 0)
(1.5 -5.75283e-14 0)
(1.5 -6.77645e-14 0)
(1.5 -3.67101e-14 0)
(1.5 -4.44655e-14 0)
(1.5 -3.24655e-14 0)
(1.5 -3.16136e-15 0)
(1.5 1.87793e-14 0)
(1.5 3.16196e-15 0)
(1.5 -2.87356e-14 0)
(1.5 -4.27645e-14 0)
(1.5 -3.68551e-14 0)
(1.5 -1.03967e-13 0)
(1.5 -1.09291e-13 0)
(1.5 -7.50939e-14 0)
(1.5 -6.50908e-14 0)
(1.5 -1.11729e-13 0)
(1.5 -1.2434e-13 0)
(1.5 -1.12197e-13 0)
(1.5 -1.21846e-13 0)
(1.5 -8.05796e-14 0)
(1.5 -1.06193e-13 0)
(1.5 -1.20923e-13 0)
(1.5 -1.50352e-13 0)
(1.5 -7.94295e-14 0)
(1.5 -5.62719e-14 0)
(1.5 -6.85468e-14 0)
(1.5 -3.97174e-14 0)
(1.5 -3.36797e-14 0)
(1.5 -3.5245e-14 0)
(1.5 -2.81883e-14 0)
(1.5 -8.5599e-14 0)
(1.5 -4.18349e-14 0)
(1.5 -1.1211e-14 0)
(1.5 -1.05801e-13 0)
(1.5 -9.01754e-14 0)
(1.5 -8.083e-14 0)
(1.5 -2.14563e-14 0)
(1.5 1.59621e-14 0)
(1.5 5.22932e-14 0)
(1.5 6.96568e-14 0)
(1.5 -3.9309e-14 0)
(1.5 -1.18094e-13 0)
(1.5 -9.21928e-14 0)
(1.5 -6.05589e-14 0)
(1.5 -1.8202e-15 0)
(1.5 -1.41061e-14 0)
(1.5 -4.90565e-14 0)
(1.5 -3.78539e-14 0)
(1.5 -3.34739e-14 0)
(1.5 -4.23331e-14 0)
(1.5 -8.29451e-14 0)
(1.5 -4.95709e-14 0)
(1.5 -3.23695e-14 0)
(1.5 -6.14087e-14 0)
(1.5 -7.67163e-15 0)
(1.5 2.43125e-14 0)
(1.5 -6.4456e-14 0)
(1.5 -1.7738e-13 0)
(1.5 -1.52338e-13 0)
(1.5 -1.89166e-13 0)
(1.5 -2.02117e-13 0)
(1.5 -2.42016e-13 0)
(1.5 -2.58303e-13 0)
(1.5 -1.65289e-13 0)
(1.5 -4.88597e-14 0)
(1.5 -1.60773e-14 0)
(1.5 -3.8999e-14 0)
(1.5 -3.86034e-14 0)
(1.5 -3.01426e-14 0)
(1.5 -7.01813e-14 0)
(1.5 -1.12109e-13 0)
(1.5 -2.08278e-13 0)
(1.5 -2.0199e-13 0)
(1.5 -9.40743e-14 0)
(1.5 -1.44245e-13 0)
(1.5 -1.13602e-13 0)
(1.5 -4.4903e-14 0)
(1.5 -4.40778e-14 0)
(1.5 -8.19672e-14 0)
(1.5 -7.48122e-14 0)
(1.5 -2.69226e-14 0)
(1.5 4.7951e-15 0)
(1.5 4.20459e-14 0)
(1.5 6.73409e-14 0)
(1.5 2.75129e-14 0)
(1.5 2.67903e-15 0)
(1.5 3.59851e-14 0)
(1.5 5.19511e-14 0)
(1.5 8.085e-14 0)
(1.5 1.26273e-13 0)
(1.5 5.61024e-14 0)
(1.5 1.47512e-15 0)
(1.5 -8.36666e-14 0)
(1.5 -7.27275e-14 0)
(1.5 1.2931e-13 0)
(1.5 1.33613e-13 0)
(1.5 9.91232e-15 0)
(1.5 2.96497e-14 0)
(1.5 5.67912e-14 0)
(1.5 7.35793e-14 0)
(1.5 7.18458e-14 0)
(1.5 1.14057e-13 0)
(1.5 7.93162e-14 0)
(1.5 -5.47984e-14 0)
(1.5 -8.20432e-14 0)
(1.5 -9.79758e-14 0)
(1.5 -1.23907e-13 0)
(1.5 -1.35713e-13 0)
(1.5 -7.12529e-14 0)
(1.5 -6.3009e-14 0)
(1.5 -8.30313e-14 0)
(1.5 -2.20914e-13 0)
(1.5 -2.67692e-13 0)
(1.5 -1.16983e-13 0)
(1.5 -1.02833e-14 0)
(1.5 -1.64432e-14 0)
(1.5 -1.72548e-14 0)
(1.5 -9.86876e-14 0)
(1.5 -1.6358e-13 0)
(1.5 -5.83132e-14 0)
(1.5 -1.03276e-13 0)
(1.5 -2.31625e-13 0)
(1.5 -2.59712e-13 0)
(1.5 -2.4889e-13 0)
(1.5 -1.6318e-13 0)
(1.5 -1.18737e-13 0)
(1.5 -2.6953e-13 0)
(1.5 -2.75284e-13 0)
(1.5 -2.07798e-13 0)
(1.5 -2.26161e-13 0)
(1.5 -2.07571e-13 0)
(1.5 -1.89401e-13 0)
(1.5 -1.59247e-13 0)
(1.5 -1.40063e-13 0)
(1.5 -3.98343e-14 0)
(1.5 4.51833e-14 0)
(1.5 1.19972e-13 0)
(1.5 1.02363e-13 0)
(1.5 3.99162e-14 0)
(1.5 -1.15244e-14 0)
(1.5 -1.09249e-14 0)
(1.5 -1.82132e-13 0)
(1.5 -2.64979e-13 0)
(1.5 -2.37932e-13 0)
(1.5 -1.28709e-13 0)
(1.5 2.13215e-15 0)
(1.5 5.92486e-14 0)
(1.5 1.35769e-13 0)
(1.5 1.53232e-13 0)
(1.5 7.88757e-14 0)
(1.5 -1.9776e-14 0)
(1.5 -3.42842e-13 0)
(1.5 -4.55781e-13 0)
(1.5 -4.16813e-13 0)
(1.5 -3.49157e-13 0)
(1.5 -1.72779e-13 0)
(1.5 1.09269e-13 0)
(1.5 1.06366e-13 0)
(1.5 4.23035e-14 0)
(1.5 -9.69323e-15 0)
(1.5 -6.34447e-14 0)
(1.5 -6.58226e-14 0)
(1.5 -6.44521e-14 0)
(1.5 -7.5091e-14 0)
(1.5 -5.91275e-14 0)
(1.5 -1.89287e-13 0)
(1.5 -1.98868e-13 0)
(1.5 -1.47491e-13 0)
(1.5 -1.3419e-13 0)
(1.5 -1.67489e-13 0)
(1.5 -2.00755e-13 0)
(1.5 -2.66416e-13 0)
(1.5 -2.45736e-13 0)
(1.5 -2.29277e-13 0)
(1.5 -1.51524e-13 0)
(1.5 -2.35422e-14 0)
(1.5 4.36189e-14 0)
(1.5 7.88658e-14 0)
(1.5 2.86081e-14 0)
(1.5 4.00213e-14 0)
(1.5 9.20995e-15 0)
(1.5 -3.30128e-14 0)
(1.5 -5.79343e-14 0)
(1.5 -6.32453e-14 0)
(1.5 -9.48434e-14 0)
(1.5 -1.16673e-13 0)
(1.5 -1.37754e-13 0)
(1.5 -1.37331e-13 0)
(1.5 -1.62069e-13 0)
(1.5 -1.49983e-13 0)
(1.5 -1.51399e-13 0)
(1.5 -1.0531e-13 0)
(1.5 -1.05324e-13 0)
(1.5 -1.25715e-13 0)
(1.5 -9.16702e-14 0)
(1.5 -1.0827e-14 0)
(1.5 -1.32038e-14 0)
(1.5 -3.94487e-14 0)
(1.5 -8.45364e-14 0)
(1.5 -1.01478e-13 0)
(1.5 -5.86602e-14 0)
(1.5 -3.90695e-14 0)
(1.5 -6.1262e-15 0)
(1.5 1.34446e-14 0)
(1.5 -1.11418e-14 0)
(1.5 -4.50061e-14 0)
(1.5 -5.54627e-14 0)
(1.5 -6.16321e-14 0)
(1.5 -9.0515e-14 0)
(1.5 -1.93412e-14 0)
(1.5 -4.55783e-14 0)
(1.5 -8.11467e-14 0)
(1.5 -1.29997e-13 0)
(1.5 -1.03675e-13 0)
(1.5 -1.29726e-13 0)
(1.5 -1.51392e-13 0)
(1.5 -1.52675e-13 0)
(1.5 -1.42051e-13 0)
(1.5 -1.308e-13 0)
(1.5 -9.16713e-14 0)
(1.5 -6.85931e-14 0)
(1.5 -6.25546e-14 0)
(1.5 -8.77521e-14 0)
(1.5 -2.62901e-14 0)
(1.5 -3.85023e-14 0)
(1.5 -1.44857e-14 0)
(1.5 -3.30611e-14 0)
(1.5 4.30859e-14 0)
(1.5 2.72959e-14 0)
(1.5 -5.19741e-14 0)
(1.5 -5.55671e-14 0)
(1.5 -4.72321e-14 0)
(1.5 -2.24306e-14 0)
(1.5 -3.8179e-14 0)
(1.5 -8.40012e-14 0)
(1.5 -7.09635e-14 0)
(1.5 -9.71756e-15 0)
(1.5 7.28417e-15 0)
(1.5 -1.11562e-14 0)
(1.5 -2.92929e-14 0)
(1.5 -8.99808e-14 0)
(1.5 -1.12973e-13 0)
(1.5 -7.74985e-14 0)
(1.5 -8.10203e-14 0)
(1.5 -5.95872e-14 0)
(1.5 -2.95348e-14 0)
(1.5 -2.04244e-14 0)
(1.5 -2.3846e-14 0)
(1.5 -3.08344e-14 0)
(1.5 -7.24857e-14 0)
(1.5 -1.18581e-14 0)
(1.5 -6.41384e-14 0)
(1.5 -7.94167e-14 0)
(1.5 -2.74121e-14 0)
(1.5 1.19517e-15 0)
(1.5 -2.56798e-14 0)
(1.5 -1.01194e-13 0)
(1.5 -2.11932e-13 0)
(1.5 -2.59016e-13 0)
(1.5 -2.86732e-13 0)
(1.5 -2.02219e-13 0)
(1.5 -1.79646e-13 0)
(1.5 -1.99955e-13 0)
(1.5 -1.81314e-13 0)
(1.5 -1.45802e-13 0)
(1.5 -1.18245e-13 0)
(1.5 -8.08745e-14 0)
(1.5 -7.2242e-14 0)
(1.5 -4.18879e-14 0)
(1.5 -9.25533e-14 0)
(1.5 -1.84985e-13 0)
(1.5 -2.29669e-13 0)
(1.5 -2.25452e-13 0)
(1.5 -1.57987e-13 0)
(1.5 -1.20239e-13 0)
(1.5 -1.2233e-14 0)
(1.5 1.04925e-13 0)
(1.5 9.50145e-14 0)
(1.5 4.51854e-14 0)
(1.5 -1.08817e-14 0)
(1.5 3.01305e-14 0)
(1.5 1.06531e-13 0)
(1.5 1.38057e-13 0)
(1.5 1.44587e-13 0)
(1.5 6.48175e-14 0)
(1.5 -1.10117e-15 0)
(1.5 6.28959e-14 0)
(1.5 1.45145e-13 0)
(1.5 1.78092e-13 0)
(1.5 1.32821e-13 0)
(1.5 4.22316e-14 0)
(1.5 1.24439e-14 0)
(1.5 -1.94554e-14 0)
(1.5 4.97451e-15 0)
(1.5 1.36593e-13 0)
(1.5 1.74291e-13 0)
(1.5 7.3851e-14 0)
(1.5 5.99699e-14 0)
(1.5 2.1101e-14 0)
(1.5 6.58615e-15 0)
(1.5 1.97492e-14 0)
(1.5 5.71061e-14 0)
(1.5 6.28865e-14 0)
(1.5 -3.3472e-14 0)
(1.5 -5.04931e-14 0)
(1.5 -5.87449e-14 0)
(1.5 -9.57504e-14 0)
(1.5 -5.33432e-14 0)
(1.5 -4.27984e-14 0)
(1.5 -8.40503e-14 0)
(1.5 -1.38911e-13 0)
(1.5 -2.31334e-13 0)
(1.5 -2.4341e-13 0)
(1.5 -1.83536e-13 0)
(1.5 -1.18858e-13 0)
(1.5 -1.12723e-13 0)
(1.5 -6.37851e-14 0)
(1.5 -8.58604e-14 0)
(1.5 -1.05952e-13 0)
(1.5 -1.23733e-13 0)
(1.5 -9.3738e-14 0)
(1.5 -2.21785e-13 0)
(1.5 -2.20371e-13 0)
(1.5 -1.99169e-13 0)
(1.5 -9.19409e-14 0)
(1.5 -2.28105e-14 0)
(1.5 -1.59341e-13 0)
(1.5 -2.54046e-13 0)
(1.5 -2.37894e-13 0)
(1.5 -1.97344e-13 0)
(1.5 -1.41082e-13 0)
(1.5 -1.03501e-13 0)
(1.5 -6.51412e-14 0)
(1.5 -1.50745e-14 0)
(1.5 -1.70062e-14 0)
(1.5 2.32439e-15 0)
(1.5 1.7941e-13 0)
(1.5 1.28797e-13 0)
(1.5 -9.38508e-15 0)
(1.5 -1.15482e-13 0)
(1.5 -1.99087e-13 0)
(1.5 -1.96358e-13 0)
(1.5 -2.04779e-13 0)
(1.5 -1.5306e-13 0)
(1.5 3.15971e-15 0)
(1.5 1.06863e-13 0)
(1.5 1.24029e-13 0)
(1.5 1.3196e-13 0)
(1.5 1.17419e-13 0)
(1.5 4.90858e-14 0)
(1.5 -7.59221e-14 0)
(1.5 -3.51869e-13 0)
(1.5 -4.8438e-13 0)
(1.5 -4.83715e-13 0)
(1.5 -3.74461e-13 0)
(1.5 -1.94119e-13 0)
(1.5 5.76303e-14 0)
(1.5 1.2552e-13 0)
(1.5 2.49424e-14 0)
(1.5 -4.79724e-14 0)
(1.5 -1.26451e-15 0)
(1.5 3.94961e-14 0)
(1.5 1.89512e-14 0)
(1.5 5.81471e-14 0)
(1.5 -1.0384e-14 0)
(1.5 -4.31542e-14 0)
(1.5 -4.33635e-14 0)
(1.5 3.56224e-15 0)
(1.5 -7.21676e-14 0)
(1.5 -1.99903e-13 0)
(1.5 -2.50484e-13 0)
(1.5 -2.4892e-13 0)
(1.5 -2.07642e-13 0)
(1.5 -2.30157e-13 0)
(1.5 -1.26387e-13 0)
(1.5 -3.72974e-14 0)
(1.5 3.16045e-17 0)
(1.5 5.14517e-14 0)
(1.5 5.24333e-14 0)
(1.5 3.57477e-14 0)
(1.5 4.29363e-14 0)
(1.5 -1.36246e-15 0)
(1.5 -4.44147e-14 0)
(1.5 -3.93224e-14 0)
(1.5 -4.42522e-14 0)
(1.5 -3.18719e-14 0)
(1.5 -6.83043e-14 0)
(1.5 -4.98222e-14 0)
(1.5 -8.97828e-15 0)
(1.5 -1.26552e-14 0)
(1.5 -2.71574e-14 0)
(1.5 -7.36182e-14 0)
(1.5 -1.24421e-13 0)
(1.5 -6.89887e-14 0)
(1.5 -4.13812e-14 0)
(1.5 -2.09283e-14 0)
(1.5 1.14303e-14 0)
(1.5 -3.46323e-14 0)
(1.5 -4.97352e-14 0)
(1.5 -4.26446e-14 0)
(1.5 -5.09246e-14 0)
(1.5 -3.11429e-14 0)
(1.5 -7.36517e-15 0)
(1.5 1.95769e-14 0)
(1.5 3.8626e-14 0)
(1.5 -8.24223e-15 0)
(1.5 -4.55092e-14 0)
(1.5 -9.96768e-15 0)
(1.5 -3.30034e-14 0)
(1.5 -1.43661e-14 0)
(1.5 -2.45074e-14 0)
(1.5 7.15407e-15 0)
(1.5 -3.01663e-14 0)
(1.5 -7.08599e-14 0)
(1.5 -1.08714e-13 0)
(1.5 -1.02361e-13 0)
(1.5 -1.30822e-13 0)
(1.5 -1.20164e-13 0)
(1.5 -4.92588e-14 0)
(1.5 -3.44413e-14 0)
(1.5 -2.63844e-14 0)
(1.5 -2.9215e-14 0)
(1.5 -1.68699e-14 0)
(1.5 -3.19963e-15 0)
(1.5 -2.99188e-14 0)
(1.5 -1.36381e-14 0)
(1.5 -1.89386e-14 0)
(1.5 6.75057e-15 0)
(1.5 6.42146e-15 0)
(1.5 -8.53397e-15 0)
(1.5 -3.37025e-14 0)
(1.5 -5.71634e-14 0)
(1.5 -4.25863e-14 0)
(1.5 2.66572e-14 0)
(1.5 1.30674e-14 0)
(1.5 -2.53424e-14 0)
(1.5 -3.14058e-15 0)
(1.5 4.41243e-14 0)
(1.5 -6.46352e-14 0)
(1.5 -9.40244e-14 0)
(1.5 -7.6432e-14 0)
(1.5 -1.8271e-14 0)
(1.5 4.32605e-15 0)
(1.5 -5.25318e-14 0)
(1.5 -1.0872e-13 0)
(1.5 -2.75443e-14 0)
(1.5 -1.79163e-14 0)
(1.5 -2.77436e-14 0)
(1.5 -2.0135e-14 0)
(1.5 -1.55582e-14 0)
(1.5 -1.84784e-14 0)
(1.5 -1.93899e-14 0)
(1.5 2.07707e-15 0)
(1.5 1.07832e-13 0)
(1.5 4.24999e-14 0)
(1.5 -5.13554e-14 0)
(1.5 -9.26366e-14 0)
(1.5 -1.51675e-13 0)
(1.5 -2.67068e-13 0)
(1.5 -2.60092e-13 0)
(1.5 -1.41096e-13 0)
(1.5 -1.08353e-13 0)
(1.5 -8.21363e-14 0)
(1.5 -1.47544e-13 0)
(1.5 -2.03493e-13 0)
(1.5 -1.04057e-13 0)
(1.5 -1.01041e-14 0)
(1.5 4.94746e-15 0)
(1.5 -3.06378e-14 0)
(1.5 -1.71488e-13 0)
(1.5 -2.64803e-13 0)
(1.5 -2.24904e-13 0)
(1.5 -1.57988e-13 0)
(1.5 -1.5219e-13 0)
(1.5 -7.80806e-14 0)
(1.5 3.75775e-14 0)
(1.5 9.7234e-14 0)
(1.5 3.36472e-14 0)
(1.5 -3.35889e-14 0)
(1.5 -1.11057e-13 0)
(1.5 -7.23585e-14 0)
(1.5 2.26104e-14 0)
(1.5 3.92992e-14 0)
(1.5 2.97238e-14 0)
(1.5 -3.86813e-14 0)
(1.5 -6.70118e-14 0)
(1.5 -1.82565e-14 0)
(1.5 7.55653e-14 0)
(1.5 8.82956e-14 0)
(1.5 3.98553e-14 0)
(1.5 6.84769e-15 0)
(1.5 3.53829e-14 0)
(1.5 4.52297e-14 0)
(1.5 5.06965e-14 0)
(1.5 8.85634e-14 0)
(1.5 1.79632e-13 0)
(1.5 1.77561e-13 0)
(1.5 1.08394e-13 0)
(1.5 2.16839e-14 0)
(1.5 1.6558e-14 0)
(1.5 -6.72912e-15 0)
(1.5 3.25247e-14 0)
(1.5 5.8749e-14 0)
(1.5 3.44099e-14 0)
(1.5 1.01434e-14 0)
(1.5 -1.84453e-15 0)
(1.5 -1.06768e-13 0)
(1.5 -9.38633e-14 0)
(1.5 -1.04828e-13 0)
(1.5 -1.43885e-13 0)
(1.5 -1.38438e-13 0)
(1.5 -1.4796e-13 0)
(1.5 -1.83887e-13 0)
(1.5 -2.17975e-13 0)
(1.5 -1.59171e-13 0)
(1.5 -1.02841e-13 0)
(1.5 -5.78346e-14 0)
(1.5 -5.86629e-14 0)
(1.5 -7.58794e-14 0)
(1.5 -1.6945e-13 0)
(1.5 -6.31891e-14 0)
(1.5 -1.20337e-13 0)
(1.5 -1.4241e-13 0)
(1.5 -1.35178e-13 0)
(1.5 -9.79081e-14 0)
(1.5 -6.01325e-14 0)
(1.5 -1.13722e-13 0)
(1.5 -2.00747e-13 0)
(1.5 -1.73755e-13 0)
(1.5 -1.39759e-13 0)
(1.5 -7.47549e-14 0)
(1.5 5.43278e-15 0)
(1.5 6.9737e-14 0)
(1.5 1.35654e-13 0)
(1.5 8.18836e-14 0)
(1.5 3.87945e-14 0)
(1.5 4.84068e-14 0)
(1.5 -5.79098e-14 0)
(1.5 -9.85803e-14 0)
(1.5 -1.39875e-13 0)
(1.5 -2.21425e-13 0)
(1.5 -1.23126e-13 0)
(1.5 -8.61767e-14 0)
(1.5 -4.35283e-14 0)
(1.5 3.61711e-14 0)
(1.5 9.44459e-14 0)
(1.5 1.1705e-13 0)
(1.5 1.47965e-13 0)
(1.5 1.11254e-13 0)
(1.5 3.70392e-14 0)
(1.5 -8.04661e-14 0)
(1.5 -2.90572e-13 0)
(1.5 -3.52498e-13 0)
(1.5 -3.91552e-13 0)
(1.5 -2.97199e-13 0)
(1.5 -1.24627e-13 0)
(1.5 -5.14913e-14 0)
(1.5 -5.35495e-14 0)
(1.5 -2.55922e-14 0)
(1.5 -2.50054e-14 0)
(1.5 7.531e-15 0)
(1.5 6.7338e-14 0)
(1.5 4.98257e-14 0)
(1.5 7.32177e-14 0)
(1.5 4.32424e-14 0)
(1.5 8.0349e-14 0)
(1.5 7.81026e-14 0)
(1.5 5.55118e-14 0)
(1.5 -8.19517e-14 0)
(1.5 -1.83283e-13 0)
(1.5 -1.37022e-13 0)
(1.5 -1.13772e-13 0)
(1.5 -1.37441e-13 0)
(1.5 -1.57653e-13 0)
(1.5 -1.00467e-13 0)
(1.5 -2.82882e-14 0)
(1.5 -3.14838e-14 0)
(1.5 -6.37569e-14 0)
(1.5 -3.16416e-14 0)
(1.5 -3.5271e-14 0)
(1.5 -2.16452e-14 0)
(1.5 1.92833e-14 0)
(1.5 -2.31765e-15 0)
(1.5 -4.67047e-14 0)
(1.5 -4.3453e-14 0)
(1.5 -2.07617e-14 0)
(1.5 -4.37149e-14 0)
(1.5 -5.38617e-14 0)
(1.5 1.54638e-14 0)
(1.5 -2.23315e-14 0)
(1.5 -1.16113e-14 0)
(1.5 -5.64043e-14 0)
(1.5 -6.91511e-14 0)
(1.5 -2.32967e-15 0)
(1.5 3.71452e-15 0)
(1.5 -2.12082e-14 0)
(1.5 6.55119e-15 0)
(1.5 -1.64812e-14 0)
(1.5 -1.29459e-14 0)
(1.5 3.93396e-14 0)
(1.5 -7.50471e-15 0)
(1.5 -2.13529e-14 0)
(1.5 2.31814e-14 0)
(1.5 4.46247e-14 0)
(1.5 7.75149e-14 0)
(1.5 2.66974e-14 0)
(1.5 -2.47069e-15 0)
(1.5 2.88647e-17 0)
(1.5 1.05515e-14 0)
(1.5 -7.54589e-15 0)
(1.5 -2.27566e-15 0)
(1.5 -1.17127e-14 0)
(1.5 1.52e-14 0)
(1.5 -2.72411e-14 0)
(1.5 -3.06435e-14 0)
(1.5 -5.80402e-14 0)
(1.5 -9.27284e-14 0)
(1.5 -1.11819e-13 0)
(1.5 -2.88694e-14 0)
(1.5 -2.38068e-14 0)
(1.5 -3.72673e-15 0)
(1.5 8.25915e-15 0)
(1.5 4.28548e-14 0)
(1.5 1.14999e-14 0)
(1.5 -1.49798e-15 0)
(1.5 -3.30995e-14 0)
(1.5 1.7281e-14 0)
(1.5 -1.54166e-14 0)
(1.5 2.17464e-14 0)
(1.5 2.08317e-14 0)
(1.5 -1.11898e-14 0)
(1.5 -1.74962e-14 0)
(1.5 -9.50695e-15 0)
(1.5 -3.32082e-15 0)
(1.5 8.40086e-15 0)
(1.5 -3.22085e-14 0)
(1.5 -2.24701e-14 0)
(1.5 -3.2804e-14 0)
(1.5 -1.05327e-13 0)
(1.5 -4.32311e-14 0)
(1.5 -1.66127e-14 0)
(1.5 -2.44211e-14 0)
(1.5 -3.58457e-14 0)
(1.5 -7.15065e-14 0)
(1.5 -7.80493e-14 0)
(1.5 -9.36035e-14 0)
(1.5 -1.2472e-13 0)
(1.5 -2.53387e-14 0)
(1.5 1.41574e-14 0)
(1.5 4.05174e-14 0)
(1.5 -3.01616e-14 0)
(1.5 -1.91679e-14 0)
(1.5 2.27865e-14 0)
(1.5 9.16502e-14 0)
(1.5 8.98898e-14 0)
(1.5 1.82224e-14 0)
(1.5 -9.12016e-15 0)
(1.5 -5.84629e-14 0)
(1.5 -1.33843e-13 0)
(1.5 -1.1034e-13 0)
(1.5 -1.3195e-13 0)
(1.5 -1.76419e-13 0)
(1.5 -1.43253e-13 0)
(1.5 -1.17136e-13 0)
(1.5 -1.84146e-13 0)
(1.5 -1.3312e-13 0)
(1.5 -6.43957e-14 0)
(1.5 -5.59722e-14 0)
(1.5 -1.0788e-13 0)
(1.5 -1.88193e-13 0)
(1.5 -2.03982e-13 0)
(1.5 -1.40025e-13 0)
(1.5 -3.22695e-14 0)
(1.5 -2.95696e-14 0)
(1.5 -5.03449e-15 0)
(1.5 8.33221e-14 0)
(1.5 9.04267e-14 0)
(1.5 2.9169e-14 0)
(1.5 -1.82729e-14 0)
(1.5 -7.24657e-14 0)
(1.5 -4.88913e-14 0)
(1.5 -6.65564e-14 0)
(1.5 -4.56559e-14 0)
(1.5 -6.66403e-15 0)
(1.5 -1.80228e-14 0)
(1.5 -5.26416e-14 0)
(1.5 -3.89218e-14 0)
(1.5 3.74934e-14 0)
(1.5 8.74648e-14 0)
(1.5 1.25515e-13 0)
(1.5 1.42887e-13 0)
(1.5 1.04465e-13 0)
(1.5 1.10933e-13 0)
(1.5 8.15579e-14 0)
(1.5 6.45796e-14 0)
(1.5 7.00597e-14 0)
(1.5 1.63535e-13 0)
(1.5 1.69587e-13 0)
(1.5 6.74549e-14 0)
(1.5 -4.33682e-16 0)
(1.5 3.98774e-14 0)
(1.5 7.95882e-14 0)
(1.5 1.17394e-13 0)
(1.5 1.51887e-13 0)
(1.5 1.44469e-13 0)
(1.5 1.11408e-13 0)
(1.5 -9.63088e-15 0)
(1.5 -4.81411e-14 0)
(1.5 2.34024e-14 0)
(1.5 2.69446e-14 0)
(1.5 7.18979e-15 0)
(1.5 -2.64112e-14 0)
(1.5 -6.43873e-14 0)
(1.5 -1.64029e-13 0)
(1.5 -1.39641e-13 0)
(1.5 -1.1756e-13 0)
(1.5 -1.18338e-13 0)
(1.5 -1.16232e-13 0)
(1.5 -1.54454e-13 0)
(1.5 -1.38326e-13 0)
(1.5 1.47605e-15 0)
(1.5 5.34758e-14 0)
(1.5 7.24886e-15 0)
(1.5 -2.19519e-14 0)
(1.5 -6.53415e-14 0)
(1.5 -7.13385e-14 0)
(1.5 -6.8645e-14 0)
(1.5 -7.49703e-14 0)
(1.5 -8.01834e-14 0)
(1.5 -7.85262e-14 0)
(1.5 -1.07042e-13 0)
(1.5 -4.43369e-14 0)
(1.5 6.17574e-14 0)
(1.5 1.47542e-13 0)
(1.5 1.85815e-13 0)
(1.5 7.11114e-14 0)
(1.5 -1.23555e-13 0)
(1.5 -2.00923e-13 0)
(1.5 -1.69845e-13 0)
(1.5 -2.08392e-13 0)
(1.5 -2.31262e-13 0)
(1.5 -1.21424e-13 0)
(1.5 -1.68388e-14 0)
(1.5 5.89179e-14 0)
(1.5 -1.12942e-14 0)
(1.5 -1.87182e-14 0)
(1.5 -3.14705e-14 0)
(1.5 5.20226e-14 0)
(1.5 9.06935e-14 0)
(1.5 1.5913e-14 0)
(1.5 -5.36892e-14 0)
(1.5 -2.7697e-13 0)
(1.5 -2.90599e-13 0)
(1.5 -2.62941e-13 0)
(1.5 -2.03346e-13 0)
(1.5 -1.59855e-13 0)
(1.5 -2.93244e-13 0)
(1.5 -2.89187e-13 0)
(1.5 -1.60753e-13 0)
(1.5 -1.14894e-13 0)
(1.5 -1.26891e-13 0)
(1.5 -7.37364e-14 0)
(1.5 -2.76567e-14 0)
(1.5 -1.58444e-14 0)
(1.5 6.22483e-14 0)
(1.5 1.22774e-13 0)
(1.5 1.93e-13 0)
(1.5 1.27306e-13 0)
(1.5 1.84296e-14 0)
(1.5 -3.34903e-14 0)
(1.5 -2.72605e-15 0)
(1.5 3.74076e-16 0)
(1.5 -1.16716e-13 0)
(1.5 -1.15574e-13 0)
(1.5 -1.43969e-13 0)
(1.5 -1.03791e-13 0)
(1.5 -7.68006e-14 0)
(1.5 -9.35428e-14 0)
(1.5 -8.21182e-14 0)
(1.5 -7.06297e-14 0)
(1.5 -7.32005e-14 0)
(1.5 4.67496e-14 0)
(1.5 6.82615e-14 0)
(1.5 8.28852e-15 0)
(1.5 -6.13879e-15 0)
(1.5 1.79335e-14 0)
(1.5 1.93116e-14 0)
(1.5 -2.5802e-14 0)
(1.5 2.19826e-15 0)
(1.5 1.89638e-14 0)
(1.5 3.79441e-14 0)
(1.5 -2.81167e-14 0)
(1.5 -4.56915e-14 0)
(1.5 1.29042e-14 0)
(1.5 -2.19794e-15 0)
(1.5 -3.84545e-14 0)
(1.5 -2.94853e-14 0)
(1.5 8.17464e-16 0)
(1.5 2.33051e-14 0)
(1.5 4.81185e-14 0)
(1.5 8.35589e-14 0)
(1.5 6.36539e-14 0)
(1.5 5.07859e-14 0)
(1.5 3.45091e-14 0)
(1.5 7.45548e-14 0)
(1.5 1.90532e-14 0)
(1.5 -8.09023e-15 0)
(1.5 1.64923e-14 0)
(1.5 1.2296e-14 0)
(1.5 2.42365e-14 0)
(1.5 4.01146e-14 0)
(1.5 3.71181e-16 0)
(1.5 3.30299e-15 0)
(1.5 -2.65889e-14 0)
(1.5 -3.07007e-14 0)
(1.5 -3.57836e-14 0)
(1.5 -5.1246e-14 0)
(1.5 -6.16088e-14 0)
(1.5 -4.53183e-14 0)
(1.5 -3.86287e-14 0)
(1.5 2.50503e-14 0)
(1.5 1.44416e-14 0)
(1.5 1.9628e-14 0)
(1.5 1.04233e-14 0)
(1.5 9.16874e-15 0)
(1.5 -9.57671e-15 0)
(1.5 6.38089e-15 0)
(1.5 1.18148e-14 0)
(1.5 1.25082e-14 0)
(1.5 -5.2703e-15 0)
(1.5 3.66828e-14 0)
(1.5 1.4754e-14 0)
(1.5 -6.94316e-14 0)
(1.5 -1.03507e-13 0)
(1.5 -4.25675e-14 0)
(1.5 -1.21305e-14 0)
(1.5 -7.7935e-14 0)
(1.5 -1.24137e-13 0)
(1.5 -8.33164e-14 0)
(1.5 -5.83255e-14 0)
(1.5 -2.11067e-14 0)
(1.5 -6.9083e-15 0)
(1.5 -5.64066e-14 0)
(1.5 -8.43762e-14 0)
(1.5 -2.56171e-14 0)
(1.5 -9.58922e-14 0)
(1.5 -1.03816e-13 0)
(1.5 -4.45551e-14 0)
(1.5 1.54452e-14 0)
(1.5 5.71805e-14 0)
(1.5 3.06854e-14 0)
(1.5 -7.53713e-15 0)
(1.5 -1.84276e-14 0)
(1.5 -2.7219e-14 0)
(1.5 5.65217e-14 0)
(1.5 7.99303e-14 0)
(1.5 6.19846e-14 0)
(1.5 4.00619e-14 0)
(1.5 3.74345e-14 0)
(1.5 1.95116e-14 0)
(1.5 -1.24261e-13 0)
(1.5 -2.09667e-13 0)
(1.5 -1.81234e-13 0)
(1.5 -1.01672e-13 0)
(1.5 -8.03544e-14 0)
(1.5 -1.05046e-13 0)
(1.5 -1.438e-13 0)
(1.5 -1.12596e-13 0)
(1.5 -1.51542e-13 0)
(1.5 -1.34607e-13 0)
(1.5 -6.65365e-14 0)
(1.5 1.95221e-14 0)
(1.5 3.53306e-14 0)
(1.5 1.62921e-14 0)
(1.5 3.38248e-14 0)
(1.5 5.61319e-14 0)
(1.5 2.08086e-14 0)
(1.5 -2.39626e-14 0)
(1.5 -5.47604e-14 0)
(1.5 -2.27353e-14 0)
(1.5 2.63864e-14 0)
(1.5 -5.24314e-15 0)
(1.5 1.26883e-14 0)
(1.5 1.63643e-14 0)
(1.5 3.07415e-14 0)
(1.5 2.66917e-14 0)
(1.5 5.64268e-14 0)
(1.5 6.4939e-14 0)
(1.5 9.86736e-14 0)
(1.5 1.03201e-13 0)
(1.5 1.46467e-13 0)
(1.5 1.3418e-13 0)
(1.5 1.78837e-13 0)
(1.5 1.46112e-13 0)
(1.5 3.97469e-14 0)
(1.5 3.3614e-15 0)
(1.5 1.81341e-13 0)
(1.5 2.47641e-13 0)
(1.5 1.63395e-13 0)
(1.5 8.02728e-14 0)
(1.5 1.02103e-13 0)
(1.5 8.11198e-14 0)
(1.5 1.38388e-13 0)
(1.5 2.19769e-13 0)
(1.5 1.82186e-13 0)
(1.5 1.1745e-13 0)
(1.5 1.41565e-13 0)
(1.5 1.87232e-13 0)
(1.5 1.85413e-13 0)
(1.5 9.26965e-14 0)
(1.5 4.42638e-14 0)
(1.5 -5.44691e-14 0)
(1.5 -9.27042e-15 0)
(1.5 -1.01185e-14 0)
(1.5 -9.64937e-14 0)
(1.5 -7.18534e-14 0)
(1.5 -7.12408e-14 0)
(1.5 1.26459e-14 0)
(1.5 2.36933e-14 0)
(1.5 3.89722e-14 0)
(1.5 5.84742e-14 0)
(1.5 5.06113e-14 0)
(1.5 2.11574e-14 0)
(1.5 6.20236e-14 0)
(1.5 8.9841e-14 0)
(1.5 9.56675e-14 0)
(1.5 7.00201e-14 0)
(1.5 1.0712e-13 0)
(1.5 6.31236e-14 0)
(1.5 -1.49551e-14 0)
(1.5 -9.09727e-14 0)
(1.5 -1.04793e-13 0)
(1.5 -3.11842e-15 0)
(1.5 1.71206e-14 0)
(1.5 4.23955e-14 0)
(1.5 -5.1725e-14 0)
(1.5 -2.10729e-13 0)
(1.5 -1.5231e-13 0)
(1.5 -8.38745e-14 0)
(1.5 -1.47809e-13 0)
(1.5 -1.78478e-13 0)
(1.5 -1.76254e-13 0)
(1.5 -3.65136e-14 0)
(1.5 2.81405e-14 0)
(1.5 -1.8267e-14 0)
(1.5 -7.29707e-14 0)
(1.5 -7.74383e-14 0)
(1.5 -6.46694e-14 0)
(1.5 -1.80751e-14 0)
(1.5 -2.22974e-14 0)
(1.5 -9.74643e-14 0)
(1.5 -2.91718e-13 0)
(1.5 -2.83339e-13 0)
(1.5 -2.00908e-13 0)
(1.5 -2.06148e-13 0)
(1.5 -3.36746e-13 0)
(1.5 -5.13457e-13 0)
(1.5 -3.6167e-13 0)
(1.5 -2.81313e-13 0)
(1.5 -2.20471e-13 0)
(1.5 -1.93812e-13 0)
(1.5 -2.27735e-13 0)
(1.5 -1.66771e-13 0)
(1.5 -1.20445e-13 0)
(1.5 5.60062e-14 0)
(1.5 1.1018e-13 0)
(1.5 2.12608e-13 0)
(1.5 1.3144e-13 0)
(1.5 5.82942e-14 0)
(1.5 5.95992e-14 0)
(1.5 1.97869e-14 0)
(1.5 5.92427e-14 0)
(1.5 4.5404e-15 0)
(1.5 1.32957e-14 0)
(1.5 -7.43622e-14 0)
(1.5 -1.13003e-13 0)
(1.5 -9.54748e-14 0)
(1.5 -2.56524e-14 0)
(1.5 -3.54396e-14 0)
(1.5 -3.10366e-14 0)
(1.5 -3.83623e-14 0)
(1.5 2.62386e-14 0)
(1.5 1.1472e-14 0)
(1.5 4.5825e-14 0)
(1.5 5.24668e-14 0)
(1.5 4.35554e-14 0)
(1.5 8.63716e-14 0)
(1.5 4.58723e-14 0)
(1.5 1.58277e-14 0)
(1.5 5.28835e-14 0)
(1.5 5.21357e-14 0)
(1.5 4.92666e-14 0)
(1.5 1.39315e-14 0)
(1.5 4.14839e-16 0)
(1.5 -3.07539e-14 0)
(1.5 -3.97912e-14 0)
(1.5 -1.69208e-14 0)
(1.5 7.38147e-14 0)
(1.5 8.25446e-14 0)
(1.5 2.67666e-14 0)
(1.5 6.03464e-14 0)
(1.5 9.81228e-14 0)
(1.5 7.43392e-14 0)
(1.5 3.75192e-14 0)
(1.5 4.52313e-14 0)
(1.5 2.46534e-14 0)
(1.5 7.49197e-15 0)
(1.5 3.98377e-14 0)
(1.5 1.15601e-14 0)
(1.5 8.49008e-15 0)
(1.5 8.19646e-15 0)
(1.5 2.2994e-14 0)
(1.5 5.39478e-15 0)
(1.5 -2.20488e-14 0)
(1.5 -4.52982e-14 0)
(1.5 -4.32028e-14 0)
(1.5 -3.57264e-14 0)
(1.5 1.7187e-14 0)
(1.5 -7.2105e-15 0)
(1.5 -6.22952e-15 0)
(1.5 4.35318e-14 0)
(1.5 2.35344e-14 0)
(1.5 -1.67896e-14 0)
(1.5 -3.01719e-14 0)
(1.5 -1.3001e-15 0)
(1.5 5.14735e-15 0)
(1.5 1.86892e-14 0)
(1.5 -8.44001e-15 0)
(1.5 -3.38936e-14 0)
(1.5 2.04831e-14 0)
(1.5 5.85666e-14 0)
(1.5 4.68661e-14 0)
(1.5 -4.1258e-14 0)
(1.5 -7.29762e-14 0)
(1.5 -1.98574e-14 0)
(1.5 -7.67845e-15 0)
(1.5 -5.46989e-14 0)
(1.5 -7.21581e-14 0)
(1.5 -5.7462e-15 0)
(1.5 -6.51436e-14 0)
(1.5 -4.88263e-14 0)
(1.5 -1.6979e-14 0)
(1.5 -2.97608e-15 0)
(1.5 -3.82924e-15 0)
(1.5 -2.73565e-14 0)
(1.5 -8.33038e-14 0)
(1.5 -3.94937e-14 0)
(1.5 -5.97658e-14 0)
(1.5 -4.44433e-15 0)
(1.5 -2.11602e-14 0)
(1.5 -3.46568e-14 0)
(1.5 -4.03434e-14 0)
(1.5 -1.01272e-13 0)
(1.5 -1.02297e-13 0)
(1.5 -6.17949e-14 0)
(1.5 -1.81056e-15 0)
(1.5 8.1431e-14 0)
(1.5 1.64592e-13 0)
(1.5 1.99732e-13 0)
(1.5 1.14749e-13 0)
(1.5 -3.51763e-14 0)
(1.5 -9.35114e-14 0)
(1.5 -8.9091e-14 0)
(1.5 -1.03174e-13 0)
(1.5 -7.04364e-14 0)
(1.5 -9.84346e-14 0)
(1.5 -1.07694e-13 0)
(1.5 -2.91809e-14 0)
(1.5 -6.33443e-14 0)
(1.5 -4.8702e-14 0)
(1.5 1.49153e-14 0)
(1.5 2.08543e-14 0)
(1.5 -4.07887e-14 0)
(1.5 -5.10449e-14 0)
(1.5 5.5831e-15 0)
(1.5 8.33864e-15 0)
(1.5 -5.29641e-14 0)
(1.5 -7.76047e-14 0)
(1.5 -8.17987e-14 0)
(1.5 -3.43635e-14 0)
(1.5 -1.9228e-14 0)
(1.5 -7.01638e-15 0)
(1.5 -2.05415e-14 0)
(1.5 -8.71236e-14 0)
(1.5 -3.1e-14 0)
(1.5 6.44367e-14 0)
(1.5 1.10677e-13 0)
(1.5 8.1174e-14 0)
(1.5 1.89806e-14 0)
(1.5 -4.8124e-14 0)
(1.5 -1.0484e-14 0)
(1.5 6.51745e-14 0)
(1.5 1.14839e-13 0)
(1.5 1.13581e-13 0)
(1.5 -5.16253e-14 0)
(1.5 -5.19807e-14 0)
(1.5 1.85823e-13 0)
(1.5 2.42581e-13 0)
(1.5 1.93813e-13 0)
(1.5 1.99435e-13 0)
(1.5 1.38994e-13 0)
(1.5 8.19653e-14 0)
(1.5 5.95494e-14 0)
(1.5 9.16013e-14 0)
(1.5 6.513e-14 0)
(1.5 8.40029e-14 0)
(1.5 1.92387e-13 0)
(1.5 2.44146e-13 0)
(1.5 1.44909e-13 0)
(1.5 6.41881e-14 0)
(1.5 4.01587e-14 0)
(1.5 -2.87592e-14 0)
(1.5 1.97391e-14 0)
(1.5 4.46531e-14 0)
(1.5 -1.8531e-14 0)
(1.5 3.72781e-14 0)
(1.5 1.19743e-13 0)
(1.5 1.68719e-13 0)
(1.5 1.62512e-13 0)
(1.5 4.97668e-14 0)
(1.5 -3.53651e-14 0)
(1.5 -8.58727e-14 0)
(1.5 -5.64734e-14 0)
(1.5 9.22563e-14 0)
(1.5 2.18326e-13 0)
(1.5 1.60537e-13 0)
(1.5 1.61265e-13 0)
(1.5 1.44451e-13 0)
(1.5 2.44017e-14 0)
(1.5 -9.44095e-14 0)
(1.5 -1.18383e-13 0)
(1.5 -8.15192e-14 0)
(1.5 -6.15648e-14 0)
(1.5 -1.4513e-13 0)
(1.5 -1.95805e-13 0)
(1.5 -2.00876e-13 0)
(1.5 -2.71471e-13 0)
(1.5 -1.27444e-13 0)
(1.5 -5.41113e-15 0)
(1.5 5.54375e-15 0)
(1.5 -3.3132e-14 0)
(1.5 -8.83969e-14 0)
(1.5 -3.21202e-14 0)
(1.5 -5.31418e-14 0)
(1.5 -3.83021e-14 0)
(1.5 -1.08344e-13 0)
(1.5 -1.13887e-13 0)
(1.5 -1.12586e-13 0)
(1.5 -1.13928e-13 0)
(1.5 -1.51572e-13 0)
(1.5 -2.25165e-13 0)
(1.5 -2.63455e-13 0)
(1.5 -2.36621e-13 0)
(1.5 -2.26217e-13 0)
(1.5 -2.01055e-13 0)
(1.5 -3.4245e-13 0)
(1.5 -4.95234e-13 0)
(1.5 -3.83024e-13 0)
(1.5 -2.73878e-13 0)
(1.5 -1.85973e-13 0)
(1.5 -1.46256e-13 0)
(1.5 -1.55633e-13 0)
(1.5 -1.38479e-13 0)
(1.5 -1.40787e-13 0)
(1.5 -1.36155e-14 0)
(1.5 -2.76457e-15 0)
(1.5 5.24577e-14 0)
(1.5 -2.16609e-14 0)
(1.5 -8.99861e-15 0)
(1.5 3.45638e-14 0)
(1.5 4.42286e-14 0)
(1.5 6.83815e-14 0)
(1.5 4.64558e-14 0)
(1.5 4.50149e-14 0)
(1.5 1.68118e-14 0)
(1.5 -8.65765e-14 0)
(1.5 -1.03987e-13 0)
(1.5 -1.74963e-14 0)
(1.5 -1.43059e-14 0)
(1.5 -3.26686e-15 0)
(1.5 -3.60191e-14 0)
(1.5 -7.77274e-14 0)
(1.5 -7.25555e-14 0)
(1.5 2.08295e-14 0)
(1.5 4.34167e-14 0)
(1.5 4.58945e-14 0)
(1.5 4.01145e-14 0)
(1.5 4.53602e-14 0)
(1.5 4.90028e-15 0)
(1.5 4.27706e-14 0)
(1.5 2.58206e-15 0)
(1.5 3.57879e-14 0)
(1.5 4.47121e-14 0)
(1.5 -1.92976e-15 0)
(1.5 1.15379e-14 0)
(1.5 -2.9288e-14 0)
(1.5 1.91321e-14 0)
(1.5 9.85923e-14 0)
(1.5 1.09958e-13 0)
(1.5 4.81853e-14 0)
(1.5 9.82126e-15 0)
(1.5 2.25352e-16 0)
(1.5 1.98095e-14 0)
(1.5 2.30652e-14 0)
(1.5 -3.8116e-14 0)
(1.5 -7.94182e-15 0)
(1.5 3.7102e-14 0)
(1.5 1.40111e-14 0)
(1.5 3.50621e-14 0)
(1.5 4.12363e-14 0)
(1.5 -6.69632e-15 0)
(1.5 5.34509e-15 0)
(1.5 1.05112e-14 0)
(1.5 7.41354e-15 0)
(1.5 1.1677e-14 0)
(1.5 1.89008e-14 0)
(1.5 2.04538e-14 0)
(1.5 5.51541e-14 0)
(1.5 5.9463e-14 0)
(1.5 5.97721e-14 0)
(1.5 4.15925e-14 0)
(1.5 4.3073e-14 0)
(1.5 5.58245e-15 0)
(1.5 -3.34253e-14 0)
(1.5 -1.50773e-14 0)
(1.5 -2.3535e-14 0)
(1.5 -4.11369e-14 0)
(1.5 -2.91475e-14 0)
(1.5 -9.23861e-15 0)
(1.5 4.89397e-14 0)
(1.5 7.3463e-14 0)
(1.5 8.84571e-14 0)
(1.5 8.06667e-14 0)
(1.5 4.57603e-14 0)
(1.5 7.02647e-16 0)
(1.5 -2.76456e-14 0)
(1.5 -1.99232e-14 0)
(1.5 -2.92025e-14 0)
(1.5 5.20751e-14 0)
(1.5 2.71443e-15 0)
(1.5 -4.61279e-14 0)
(1.5 -8.48145e-14 0)
(1.5 -6.35986e-14 0)
(1.5 -1.94396e-14 0)
(1.5 -4.82363e-14 0)
(1.5 -3.52776e-14 0)
(1.5 4.66406e-14 0)
(1.5 3.18165e-14 0)
(1.5 -1.66119e-15 0)
(1.5 -6.86065e-14 0)
(1.5 -7.19e-14 0)
(1.5 -1.20525e-13 0)
(1.5 -1.09338e-13 0)
(1.5 -7.02068e-14 0)
(1.5 -8.81956e-14 0)
(1.5 -7.17171e-14 0)
(1.5 6.52687e-14 0)
(1.5 1.62184e-13 0)
(1.5 2.52069e-13 0)
(1.5 2.38911e-13 0)
(1.5 1.71602e-13 0)
(1.5 1.2952e-13 0)
(1.5 4.7827e-14 0)
(1.5 -5.70706e-14 0)
(1.5 -7.80939e-14 0)
(1.5 -1.15389e-13 0)
(1.5 -4.80899e-14 0)
(1.5 2.81424e-14 0)
(1.5 3.92121e-14 0)
(1.5 4.88125e-14 0)
(1.5 2.29862e-14 0)
(1.5 -5.94211e-14 0)
(1.5 -1.11886e-13 0)
(1.5 -7.39013e-14 0)
(1.5 1.48759e-14 0)
(1.5 -1.57128e-14 0)
(1.5 -1.49232e-14 0)
(1.5 5.47786e-14 0)
(1.5 9.72318e-14 0)
(1.5 6.09116e-14 0)
(1.5 -8.19883e-14 0)
(1.5 -1.15993e-13 0)
(1.5 -9.88856e-14 0)
(1.5 -1.06117e-13 0)
(1.5 -3.48317e-14 0)
(1.5 5.04752e-14 0)
(1.5 2.12234e-14 0)
(1.5 -2.90613e-15 0)
(1.5 -6.12347e-14 0)
(1.5 -9.54274e-14 0)
(1.5 -7.87416e-14 0)
(1.5 -1.20782e-13 0)
(1.5 -1.04759e-13 0)
(1.5 -3.44191e-14 0)
(1.5 -3.53064e-14 0)
(1.5 -4.08706e-14 0)
(1.5 1.97693e-13 0)
(1.5 2.07758e-13 0)
(1.5 1.97573e-13 0)
(1.5 2.29767e-13 0)
(1.5 1.73312e-13 0)
(1.5 6.00722e-14 0)
(1.5 -3.84652e-14 0)
(1.5 -8.025e-14 0)
(1.5 -4.32341e-14 0)
(1.5 1.16696e-14 0)
(1.5 9.47598e-14 0)
(1.5 8.02228e-14 0)
(1.5 5.60377e-15 0)
(1.5 4.65967e-14 0)
(1.5 8.21159e-14 0)
(1.5 9.88088e-14 0)
(1.5 1.03805e-13 0)
(1.5 7.36075e-14 0)
(1.5 5.55715e-14 0)
(1.5 8.2797e-14 0)
(1.5 2.06729e-13 0)
(1.5 1.98267e-13 0)
(1.5 8.73488e-14 0)
(1.5 -3.94836e-14 0)
(1.5 -1.45639e-13 0)
(1.5 -1.48988e-13 0)
(1.5 -7.5662e-14 0)
(1.5 7.01008e-14 0)
(1.5 1.51211e-13 0)
(1.5 8.07138e-14 0)
(1.5 3.06665e-14 0)
(1.5 -2.84775e-15 0)
(1.5 -6.01959e-14 0)
(1.5 -1.33958e-13 0)
(1.5 -1.37585e-13 0)
(1.5 -1.10579e-13 0)
(1.5 -1.69533e-13 0)
(1.5 -2.21773e-13 0)
(1.5 -2.32208e-13 0)
(1.5 -2.27393e-13 0)
(1.5 -2.56638e-13 0)
(1.5 -1.13989e-13 0)
(1.5 -4.16757e-14 0)
(1.5 3.64691e-14 0)
(1.5 3.1653e-14 0)
(1.5 1.01877e-14 0)
(1.5 -2.06951e-14 0)
(1.5 -6.09055e-14 0)
(1.5 -4.57572e-14 0)
(1.5 -1.30211e-13 0)
(1.5 -1.65429e-13 0)
(1.5 -1.08538e-13 0)
(1.5 -1.30035e-13 0)
(1.5 -1.94501e-13 0)
(1.5 -1.91036e-13 0)
(1.5 -9.41247e-14 0)
(1.5 -1.13757e-13 0)
(1.5 -1.10126e-13 0)
(1.5 -7.30753e-14 0)
(1.5 -1.59694e-13 0)
(1.5 -2.30971e-13 0)
(1.5 -2.70761e-13 0)
(1.5 -2.3833e-13 0)
(1.5 -1.93017e-13 0)
(1.5 -1.05875e-13 0)
(1.5 -8.9318e-14 0)
(1.5 -1.22957e-13 0)
(1.5 -8.93432e-14 0)
(1.5 -2.01105e-14 0)
(1.5 -2.07558e-14 0)
(1.5 -5.83515e-14 0)
(1.5 -7.06445e-14 0)
(1.5 -4.21699e-15 0)
(1.5 3.62929e-14 0)
(1.5 6.48933e-14 0)
(1.5 1.01246e-14 0)
(1.5 -7.13274e-14 0)
(1.5 -8.13001e-14 0)
(1.5 -4.23282e-14 0)
(1.5 -2.06525e-14 0)
(1.5 -5.31198e-14 0)
(1.5 -6.97377e-14 0)
(1.5 -5.07664e-14 0)
(1.5 -9.82092e-15 0)
(1.5 -7.32387e-15 0)
(1.5 -3.3882e-14 0)
(1.5 1.95238e-14 0)
(1.5 1.59006e-14 0)
(1.5 4.27012e-14 0)
(1.5 7.03029e-14 0)
(1.5 3.77392e-14 0)
(1.5 4.28384e-14 0)
(1.5 4.1958e-14 0)
(1.5 3.30429e-14 0)
(1.5 5.70332e-15 0)
(1.5 3.47262e-14 0)
(1.5 5.32314e-14 0)
(1.5 5.2816e-14 0)
(1.5 5.5802e-14 0)
(1.5 1.44471e-14 0)
(1.5 2.17642e-14 0)
(1.5 4.54169e-14 0)
(1.5 5.54347e-14 0)
(1.5 3.66588e-14 0)
(1.5 -1.87109e-14 0)
(1.5 -6.48148e-14 0)
(1.5 -1.19633e-14 0)
(1.5 5.66853e-15 0)
(1.5 -2.10593e-14 0)
(1.5 1.46999e-14 0)
(1.5 3.42795e-14 0)
(1.5 -1.27345e-14 0)
(1.5 9.89013e-15 0)
(1.5 9.58769e-15 0)
(1.5 9.71229e-15 0)
(1.5 -1.80399e-14 0)
(1.5 1.96743e-14 0)
(1.5 5.73027e-14 0)
(1.5 7.87561e-14 0)
(1.5 7.21858e-14 0)
(1.5 7.64679e-14 0)
(1.5 6.35821e-14 0)
(1.5 5.70037e-14 0)
(1.5 6.4264e-14 0)
(1.5 1.05592e-14 0)
(1.5 -1.7716e-14 0)
(1.5 5.16973e-15 0)
(1.5 -1.47108e-14 0)
(1.5 -4.58846e-14 0)
(1.5 4.96601e-15 0)
(1.5 -4.90491e-14 0)
(1.5 -4.74225e-14 0)
(1.5 -1.75262e-14 0)
(1.5 -3.67015e-15 0)
(1.5 2.24231e-14 0)
(1.5 1.07416e-13 0)
(1.5 1.57428e-13 0)
(1.5 1.21966e-13 0)
(1.5 1.57833e-15 0)
(1.5 1.49877e-14 0)
(1.5 3.60871e-14 0)
(1.5 3.19242e-14 0)
(1.5 7.29347e-14 0)
(1.5 7.78909e-14 0)
(1.5 2.8089e-14 0)
(1.5 -5.4055e-14 0)
(1.5 -8.00286e-14 0)
(1.5 -6.61776e-15 0)
(1.5 -3.76495e-14 0)
(1.5 -6.93164e-15 0)
(1.5 6.67142e-14 0)
(1.5 6.25147e-14 0)
(1.5 -1.68658e-14 0)
(1.5 -5.78108e-14 0)
(1.5 -6.57804e-14 0)
(1.5 -1.13742e-13 0)
(1.5 -4.9994e-14 0)
(1.5 -4.70038e-14 0)
(1.5 -8.6448e-14 0)
(1.5 -1.10083e-13 0)
(1.5 -2.41634e-14 0)
(1.5 3.24143e-14 0)
(1.5 1.23535e-13 0)
(1.5 1.87448e-13 0)
(1.5 1.64474e-13 0)
(1.5 1.21961e-13 0)
(1.5 8.50458e-14 0)
(1.5 4.45048e-14 0)
(1.5 5.14237e-14 0)
(1.5 -2.22693e-15 0)
(1.5 -4.32409e-15 0)
(1.5 -3.81722e-14 0)
(1.5 4.60769e-14 0)
(1.5 1.20049e-13 0)
(1.5 7.79698e-14 0)
(1.5 1.00163e-14 0)
(1.5 -4.16096e-14 0)
(1.5 -4.30512e-15 0)
(1.5 4.5572e-14 0)
(1.5 1.66431e-14 0)
(1.5 7.04457e-14 0)
(1.5 1.56865e-13 0)
(1.5 1.67337e-13 0)
(1.5 1.72594e-13 0)
(1.5 3.61084e-14 0)
(1.5 -1.32576e-13 0)
(1.5 -9.11177e-14 0)
(1.5 2.64006e-14 0)
(1.5 1.0822e-13 0)
(1.5 1.12748e-13 0)
(1.5 7.68762e-14 0)
(1.5 3.1268e-14 0)
(1.5 -9.10244e-15 0)
(1.5 6.7324e-15 0)
(1.5 6.10246e-14 0)
(1.5 -3.58274e-14 0)
(1.5 -7.49534e-14 0)
(1.5 -4.7547e-14 0)
(1.5 7.19665e-14 0)
(1.5 1.72732e-14 0)
(1.5 7.47037e-14 0)
(1.5 1.07982e-13 0)
(1.5 1.23651e-13 0)
(1.5 1.1737e-13 0)
(1.5 1.92948e-13 0)
(1.5 1.23114e-13 0)
(1.5 4.03765e-14 0)
(1.5 -8.05463e-15 0)
(1.5 -3.33448e-14 0)
(1.5 -1.22204e-14 0)
(1.5 1.83497e-14 0)
(1.5 -5.90976e-14 0)
(1.5 -7.21602e-14 0)
(1.5 9.33973e-14 0)
(1.5 1.47216e-13 0)
(1.5 2.11497e-13 0)
(1.5 2.19973e-13 0)
(1.5 1.60913e-13 0)
(1.5 1.53357e-13 0)
(1.5 1.09488e-13 0)
(1.5 1.30038e-13 0)
(1.5 9.1666e-14 0)
(1.5 -4.29291e-14 0)
(1.5 -1.13178e-13 0)
(1.5 -1.53415e-13 0)
(1.5 -2.82679e-14 0)
(1.5 1.53651e-14 0)
(1.5 -1.48242e-14 0)
(1.5 -3.89685e-14 0)
(1.5 -7.72767e-14 0)
(1.5 -1.40792e-13 0)
(1.5 -9.63774e-14 0)
(1.5 -1.36507e-14 0)
(1.5 -7.56932e-14 0)
(1.5 -9.89425e-14 0)
(1.5 -1.52918e-13 0)
(1.5 -2.19456e-13 0)
(1.5 -2.03268e-13 0)
(1.5 -1.3173e-13 0)
(1.5 -1.53316e-13 0)
(1.5 -1.14142e-13 0)
(1.5 -5.63945e-14 0)
(1.5 -7.76418e-14 0)
(1.5 1.54181e-14 0)
(1.5 1.25407e-14 0)
(1.5 -1.50736e-14 0)
(1.5 2.01791e-15 0)
(1.5 -1.0041e-14 0)
(1.5 -3.18289e-14 0)
(1.5 -5.86598e-14 0)
(1.5 -1.33878e-13 0)
(1.5 -1.34649e-13 0)
(1.5 -1.32679e-13 0)
(1.5 -1.44208e-13 0)
(1.5 -6.84237e-14 0)
(1.5 3.13466e-14 0)
(1.5 -1.14357e-14 0)
(1.5 2.69899e-14 0)
(1.5 3.68778e-14 0)
(1.5 -2.02581e-14 0)
(1.5 -6.10307e-14 0)
(1.5 -1.61643e-13 0)
(1.5 -2.51292e-13 0)
(1.5 -1.94124e-13 0)
(1.5 -1.08363e-13 0)
(1.5 -1.05399e-13 0)
(1.5 -1.20298e-13 0)
(1.5 -5.09094e-14 0)
(1.5 1.19832e-14 0)
(1.5 4.15792e-14 0)
(1.5 3.80952e-14 0)
(1.5 4.5316e-14 0)
(1.5 6.07284e-14 0)
(1.5 5.56774e-14 0)
(1.5 6.26229e-14 0)
(1.5 3.62459e-14 0)
(1.5 -2.39762e-14 0)
(1.5 -4.15949e-14 0)
(1.5 -3.67699e-15 0)
(1.5 5.41905e-14 0)
(1.5 -1.18848e-14 0)
(1.5 -9.53757e-15 0)
(1.5 -8.23071e-15 0)
(1.5 -8.071e-15 0)
(1.5 2.7549e-14 0)
(1.5 8.58518e-15 0)
(1.5 7.64929e-14 0)
(1.5 5.30528e-14 0)
(1.5 9.59166e-14 0)
(1.5 1.34522e-13 0)
(1.5 1.11971e-13 0)
(1.5 1.02918e-13 0)
(1.5 8.40238e-14 0)
(1.5 4.71501e-14 0)
(1.5 2.84965e-14 0)
(1.5 7.20084e-14 0)
(1.5 8.59132e-14 0)
(1.5 7.55618e-14 0)
(1.5 8.47736e-14 0)
(1.5 6.34478e-14 0)
(1.5 -5.89007e-17 0)
(1.5 -3.79091e-14 0)
(1.5 1.51426e-14 0)
(1.5 3.51887e-14 0)
(1.5 1.03639e-14 0)
(1.5 1.4359e-14 0)
(1.5 1.11804e-15 0)
(1.5 1.07392e-14 0)
(1.5 3.27459e-14 0)
(1.5 6.16685e-14 0)
(1.5 2.94359e-14 0)
(1.5 4.23731e-15 0)
(1.5 -5.16448e-15 0)
(1.5 -3.71841e-14 0)
(1.5 -2.4342e-14 0)
(1.5 2.7437e-15 0)
(1.5 3.48816e-14 0)
(1.5 6.51193e-14 0)
(1.5 9.45496e-14 0)
(1.5 9.57732e-14 0)
(1.5 1.22871e-13 0)
(1.5 8.48284e-14 0)
(1.5 5.03796e-14 0)
(1.5 5.68274e-14 0)
(1.5 2.77098e-15 0)
(1.5 -2.47709e-15 0)
(1.5 6.42117e-14 0)
(1.5 1.99482e-14 0)
(1.5 3.88366e-15 0)
(1.5 4.54584e-14 0)
(1.5 3.77816e-14 0)
(1.5 -1.55316e-14 0)
(1.5 3.49031e-16 0)
(1.5 2.13206e-14 0)
(1.5 3.41824e-14 0)
(1.5 8.7525e-14 0)
(1.5 1.29812e-13 0)
(1.5 1.17217e-13 0)
(1.5 2.89149e-14 0)
(1.5 3.28518e-14 0)
(1.5 3.59227e-14 0)
(1.5 3.38467e-14 0)
(1.5 3.04142e-14 0)
(1.5 5.2609e-14 0)
(1.5 2.80284e-14 0)
(1.5 2.51829e-15 0)
(1.5 7.35294e-15 0)
(1.5 2.62754e-14 0)
(1.5 -4.59505e-15 0)
(1.5 4.53101e-15 0)
(1.5 1.8276e-14 0)
(1.5 9.3925e-15 0)
(1.5 -2.30677e-14 0)
(1.5 -2.31714e-14 0)
(1.5 -2.60443e-14 0)
(1.5 4.98002e-15 0)
(1.5 9.48916e-14 0)
(1.5 2.22486e-14 0)
(1.5 -9.55458e-14 0)
(1.5 -1.32852e-13 0)
(1.5 -8.64742e-14 0)
(1.5 -1.95399e-15 0)
(1.5 2.81841e-14 0)
(1.5 7.6322e-14 0)
(1.5 1.38056e-13 0)
(1.5 1.42752e-13 0)
(1.5 1.38328e-13 0)
(1.5 1.44964e-13 0)
(1.5 1.21779e-13 0)
(1.5 8.98651e-14 0)
(1.5 5.16445e-14 0)
(1.5 1.85829e-14 0)
(1.5 4.63862e-14 0)
(1.5 9.24725e-14 0)
(1.5 7.66928e-14 0)
(1.5 4.91553e-14 0)
(1.5 3.15479e-14 0)
(1.5 2.16023e-14 0)
(1.5 -3.54879e-14 0)
(1.5 -1.9106e-14 0)
(1.5 3.17012e-14 0)
(1.5 5.4386e-14 0)
(1.5 8.88594e-15 0)
(1.5 5.16663e-14 0)
(1.5 5.28249e-14 0)
(1.5 -3.76134e-14 0)
(1.5 -3.84624e-14 0)
(1.5 9.06802e-14 0)
(1.5 1.40456e-13 0)
(1.5 1.43753e-13 0)
(1.5 1.3492e-13 0)
(1.5 1.32154e-13 0)
(1.5 8.57926e-14 0)
(1.5 8.77397e-14 0)
(1.5 1.02574e-13 0)
(1.5 9.5762e-14 0)
(1.5 6.20198e-14 0)
(1.5 -4.75677e-15 0)
(1.5 -9.22605e-15 0)
(1.5 -3.89948e-14 0)
(1.5 -7.74084e-14 0)
(1.5 -2.59472e-14 0)
(1.5 1.8614e-14 0)
(1.5 8.36683e-14 0)
(1.5 1.3605e-13 0)
(1.5 1.21974e-13 0)
(1.5 9.58376e-14 0)
(1.5 7.41702e-14 0)
(1.5 4.1037e-14 0)
(1.5 4.13266e-14 0)
(1.5 -2.37424e-14 0)
(1.5 -1.95353e-14 0)
(1.5 3.35937e-14 0)
(1.5 1.21501e-13 0)
(1.5 2.17031e-13 0)
(1.5 3.93746e-13 0)
(1.5 3.96719e-13 0)
(1.5 2.74153e-13 0)
(1.5 1.72531e-13 0)
(1.5 7.77974e-14 0)
(1.5 2.5301e-14 0)
(1.5 2.72567e-14 0)
(1.5 -2.05663e-14 0)
(1.5 -1.18625e-13 0)
(1.5 -1.23397e-13 0)
(1.5 4.73155e-14 0)
(1.5 9.38372e-14 0)
(1.5 1.98379e-14 0)
(1.5 -8.43415e-14 0)
(1.5 -1.4469e-13 0)
(1.5 -1.69995e-13 0)
(1.5 -1.09524e-13 0)
(1.5 -5.71618e-14 0)
(1.5 -5.69483e-14 0)
(1.5 -4.75881e-14 0)
(1.5 -3.54206e-14 0)
(1.5 -5.97547e-14 0)
(1.5 -7.36719e-14 0)
(1.5 -1.18661e-13 0)
(1.5 -6.70113e-14 0)
(1.5 6.3615e-14 0)
(1.5 6.13231e-15 0)
(1.5 -3.36862e-14 0)
(1.5 -4.92089e-14 0)
(1.5 -3.17645e-14 0)
(1.5 1.2464e-14 0)
(1.5 5.51708e-14 0)
(1.5 3.27137e-14 0)
(1.5 2.17132e-14 0)
(1.5 5.53386e-14 0)
(1.5 3.05241e-14 0)
(1.5 -1.42437e-14 0)
(1.5 -5.06439e-14 0)
(1.5 -4.68954e-14 0)
(1.5 -6.47222e-15 0)
(1.5 5.08413e-14 0)
(1.5 7.71476e-14 0)
(1.5 9.62782e-14 0)
(1.5 6.94609e-14 0)
(1.5 1.55603e-14 0)
(1.5 -7.42974e-14 0)
(1.5 -1.39661e-13 0)
(1.5 -1.56393e-13 0)
(1.5 -7.30729e-14 0)
(1.5 -7.29394e-14 0)
(1.5 -1.18727e-13 0)
(1.5 -6.77483e-14 0)
(1.5 -4.04065e-14 0)
(1.5 1.10769e-14 0)
(1.5 1.01051e-13 0)
(1.5 1.55677e-13 0)
(1.5 1.89837e-13 0)
(1.5 1.82671e-13 0)
(1.5 1.35445e-13 0)
(1.5 1.02962e-13 0)
(1.5 9.25284e-14 0)
(1.5 1.31904e-13 0)
(1.5 1.18773e-13 0)
(1.5 1.12874e-13 0)
(1.5 1.27095e-13 0)
(1.5 7.63146e-14 0)
(1.5 6.46373e-14 0)
(1.5 5.77984e-14 0)
(1.5 1.78983e-14 0)
(1.5 3.12027e-14 0)
(1.5 3.20722e-14 0)
(1.5 5.76449e-15 0)
(1.5 -2.09887e-14 0)
(1.5 4.41661e-14 0)
(1.5 1.45311e-13 0)
(1.5 1.48602e-13 0)
(1.5 1.55949e-13 0)
(1.5 1.18148e-13 0)
(1.5 8.12005e-14 0)
(1.5 6.90778e-14 0)
(1.5 6.67018e-14 0)
(1.5 9.33638e-14 0)
(1.5 1.01041e-13 0)
(1.5 1.34435e-13 0)
(1.5 1.17107e-13 0)
(1.5 3.0029e-14 0)
(1.5 -3.46752e-14 0)
(1.5 -1.44827e-14 0)
(1.5 2.67191e-14 0)
(1.5 7.51731e-14 0)
(1.5 9.53259e-14 0)
(1.5 3.0338e-15 0)
(1.5 2.15938e-14 0)
(1.5 3.96695e-14 0)
(1.5 4.76001e-14 0)
(1.5 5.47355e-14 0)
(1.5 1.06573e-13 0)
(1.5 1.22185e-13 0)
(1.5 6.83329e-14 0)
(1.5 2.98514e-14 0)
(1.5 3.17447e-14 0)
(1.5 1.96158e-14 0)
(1.5 8.18866e-14 0)
(1.5 1.31742e-13 0)
(1.5 1.34212e-13 0)
(1.5 1.1762e-13 0)
(1.5 1.16411e-13 0)
(1.5 9.59603e-14 0)
(1.5 7.55386e-14 0)
(1.5 6.53548e-14 0)
(1.5 8.83626e-14 0)
(1.5 1.30131e-13 0)
(1.5 6.57772e-14 0)
(1.5 7.83525e-14 0)
(1.5 5.87146e-14 0)
(1.5 5.13344e-14 0)
(1.5 4.05288e-14 0)
(1.5 6.16748e-14 0)
(1.5 1.02086e-13 0)
(1.5 1.18644e-13 0)
(1.5 5.28662e-14 0)
(1.5 6.74285e-14 0)
(1.5 7.06036e-14 0)
(1.5 7.26196e-14 0)
(1.5 4.36331e-14 0)
(1.5 6.91828e-14 0)
(1.5 5.74522e-14 0)
(1.5 1.29094e-14 0)
(1.5 -8.14492e-16 0)
(1.5 2.41902e-16 0)
(1.5 2.48308e-15 0)
(1.5 6.90066e-14 0)
(1.5 3.30086e-14 0)
(1.5 4.70969e-14 0)
(1.5 1.24303e-13 0)
(1.5 4.67914e-14 0)
(1.5 7.50518e-15 0)
(1.5 -8.2479e-15 0)
(1.5 2.72111e-14 0)
(1.5 7.76982e-14 0)
(1.5 1.56497e-13 0)
(1.5 2.07159e-13 0)
(1.5 5.34489e-14 0)
(1.5 -1.27752e-13 0)
(1.5 -1.87948e-13 0)
(1.5 -1.71128e-13 0)
(1.5 -5.0516e-14 0)
(1.5 6.34263e-14 0)
(1.5 1.54127e-13 0)
(1.5 2.55083e-13 0)
(1.5 3.24066e-13 0)
(1.5 2.43464e-13 0)
(1.5 2.3359e-13 0)
(1.5 2.22048e-13 0)
(1.5 1.96336e-13 0)
(1.5 1.22306e-13 0)
(1.5 9.18339e-14 0)
(1.5 2.76239e-14 0)
(1.5 3.37874e-14 0)
(1.5 2.44035e-14 0)
(1.5 6.69232e-14 0)
(1.5 1.19599e-13 0)
(1.5 7.12535e-14 0)
(1.5 -3.46409e-14 0)
(1.5 -8.07141e-14 0)
(1.5 -4.99802e-14 0)
(1.5 -9.05029e-14 0)
(1.5 -1.00785e-13 0)
(1.5 -4.30072e-14 0)
(1.5 2.08431e-14 0)
(1.5 4.3183e-14 0)
(1.5 -5.95312e-15 0)
(1.5 5.59827e-14 0)
(1.5 9.79354e-14 0)
(1.5 1.43914e-13 0)
(1.5 1.26137e-13 0)
(1.5 1.13614e-13 0)
(1.5 1.03531e-13 0)
(1.5 9.41736e-14 0)
(1.5 -3.22345e-15 0)
(1.5 1.96816e-14 0)
(1.5 4.22844e-14 0)
(1.5 1.84358e-14 0)
(1.5 -8.23423e-14 0)
(1.5 -9.94278e-14 0)
(1.5 -1.4647e-13 0)
(1.5 -1.22397e-13 0)
(1.5 -1.6843e-14 0)
(1.5 5.84473e-14 0)
(1.5 7.15787e-14 0)
(1.5 1.00678e-13 0)
(1.5 8.38736e-14 0)
(1.5 7.95944e-14 0)
(1.5 7.96493e-14 0)
(1.5 8.30502e-14 0)
(1.5 7.06101e-14 0)
(1.5 1.31747e-13 0)
(1.5 1.95992e-13 0)
(1.5 1.36316e-13 0)
(1.5 1.50328e-13 0)
(1.5 4.55034e-13 0)
(1.5 4.92787e-13 0)
(1.5 3.35342e-13 0)
(1.5 8.91397e-14 0)
(1.5 -6.02023e-14 0)
(1.5 -6.52789e-14 0)
(1.5 4.1516e-14 0)
(1.5 8.38102e-14 0)
(1.5 2.35611e-14 0)
(1.5 1.36266e-14 0)
(1.5 1.23142e-13 0)
(1.5 1.56366e-13 0)
(1.5 1.20459e-13 0)
(1.5 -2.12759e-14 0)
(1.5 -7.89712e-14 0)
(1.5 -7.97759e-14 0)
(1.5 -5.1157e-14 0)
(1.5 -9.49392e-14 0)
(1.5 -7.21355e-14 0)
(1.5 1.95028e-14 0)
(1.5 1.0529e-13 0)
(1.5 8.40649e-14 0)
(1.5 6.57376e-14 0)
(1.5 -4.05358e-14 0)
(1.5 -3.0692e-14 0)
(1.5 7.59229e-14 0)
(1.5 -1.50332e-14 0)
(1.5 5.68638e-15 0)
(1.5 -2.11044e-14 0)
(1.5 9.82315e-15 0)
(1.5 9.3857e-14 0)
(1.5 7.44779e-14 0)
(1.5 6.98017e-14 0)
(1.5 3.66247e-14 0)
(1.5 1.24071e-15 0)
(1.5 3.24566e-14 0)
(1.5 -9.32309e-15 0)
(1.5 -2.21208e-15 0)
(1.5 3.1226e-14 0)
(1.5 2.8017e-14 0)
(1.5 6.70735e-14 0)
(1.5 1.09124e-13 0)
(1.5 4.54171e-14 0)
(1.5 1.49454e-14 0)
(1.5 3.52432e-14 0)
(1.5 -1.64731e-14 0)
(1.5 -2.98449e-15 0)
(1.5 6.8879e-14 0)
(1.5 8.54497e-14 0)
(1.5 4.15755e-14 0)
(1.5 4.44522e-14 0)
(1.5 1.08454e-13 0)
(1.5 8.22109e-14 0)
(1.5 4.83097e-14 0)
(1.5 1.13651e-13 0)
(1.5 1.2692e-13 0)
(1.5 1.97579e-13 0)
(1.5 2.08982e-13 0)
(1.5 1.47746e-13 0)
(1.5 6.4289e-14 0)
(1.5 9.89258e-14 0)
(1.5 1.84678e-13 0)
(1.5 1.66176e-13 0)
(1.5 1.45689e-13 0)
(1.5 1.45007e-13 0)
(1.5 9.66243e-14 0)
(1.5 3.44037e-15 0)
(1.5 2.42598e-14 0)
(1.5 2.5057e-14 0)
(1.5 2.46574e-14 0)
(1.5 5.5906e-14 0)
(1.5 2.51548e-14 0)
(1.5 -5.77274e-14 0)
(1.5 -1.5854e-14 0)
(1.5 6.8965e-14 0)
(1.5 1.45199e-13 0)
(1.5 1.98457e-13 0)
(1.5 1.43616e-13 0)
(1.5 9.1295e-14 0)
(1.5 7.23839e-14 0)
(1.5 4.14849e-14 0)
(1.5 1.06398e-13 0)
(1.5 1.62558e-13 0)
(1.5 1.60635e-13 0)
(1.5 1.56312e-13 0)
(1.5 6.42864e-14 0)
(1.5 4.29504e-14 0)
(1.5 -2.83708e-14 0)
(1.5 -1.43183e-14 0)
(1.5 9.01397e-14 0)
(1.5 1.36976e-13 0)
(1.5 8.29595e-14 0)
(1.5 6.27737e-14 0)
(1.5 5.74204e-14 0)
(1.5 4.42768e-14 0)
(1.5 8.09158e-14 0)
(1.5 1.57739e-13 0)
(1.5 1.94366e-13 0)
(1.5 1.32379e-13 0)
(1.5 1.15489e-13 0)
(1.5 6.56487e-14 0)
(1.5 4.92977e-14 0)
(1.5 1.32382e-13 0)
(1.5 1.79642e-13 0)
(1.5 1.72237e-13 0)
(1.5 1.41217e-13 0)
(1.5 1.59117e-13 0)
(1.5 1.55163e-13 0)
(1.5 8.99554e-14 0)
(1.5 9.63784e-14 0)
(1.5 1.38011e-13 0)
(1.5 1.5369e-13 0)
(1.5 8.32954e-14 0)
(1.5 7.40766e-14 0)
(1.5 1.00172e-13 0)
(1.5 1.04241e-13 0)
(1.5 1.32083e-13 0)
(1.5 1.2641e-13 0)
(1.5 1.35709e-13 0)
(1.5 1.12123e-13 0)
(1.5 3.50297e-14 0)
(1.5 4.00765e-14 0)
(1.5 5.77021e-14 0)
(1.5 1.19763e-13 0)
(1.5 1.37386e-13 0)
(1.5 1.62203e-13 0)
(1.5 1.28352e-13 0)
(1.5 5.69372e-14 0)
(1.5 1.03152e-13 0)
(1.5 7.69447e-14 0)
(1.5 2.00717e-14 0)
(1.5 5.04205e-14 0)
(1.5 9.44258e-14 0)
(1.5 1.29405e-13 0)
(1.5 1.92377e-13 0)
(1.5 1.13637e-13 0)
(1.5 5.75563e-14 0)
(1.5 1.23167e-14 0)
(1.5 8.77395e-14 0)
(1.5 1.6803e-13 0)
(1.5 2.55071e-13 0)
(1.5 1.53002e-13 0)
(1.5 1.28502e-14 0)
(1.5 -1.08766e-13 0)
(1.5 -1.3099e-13 0)
(1.5 -1.48816e-13 0)
(1.5 -6.3622e-14 0)
(1.5 4.64164e-14 0)
(1.5 1.40924e-13 0)
(1.5 1.92419e-13 0)
(1.5 2.63044e-13 0)
(1.5 2.12506e-13 0)
(1.5 2.05757e-13 0)
(1.5 2.50811e-13 0)
(1.5 2.43682e-13 0)
(1.5 1.83038e-13 0)
(1.5 1.64026e-13 0)
(1.5 1.46368e-13 0)
(1.5 1.09422e-13 0)
(1.5 9.67e-14 0)
(1.5 1.63311e-13 0)
(1.5 2.2556e-13 0)
(1.5 1.72705e-13 0)
(1.5 1.18837e-13 0)
(1.5 7.24365e-14 0)
(1.5 1.06047e-13 0)
(1.5 4.39905e-14 0)
(1.5 1.23594e-14 0)
(1.5 1.85308e-14 0)
(1.5 3.59009e-14 0)
(1.5 4.6019e-14 0)
(1.5 5.71764e-14 0)
(1.5 5.82569e-14 0)
(1.5 8.63401e-14 0)
(1.5 1.62961e-13 0)
(1.5 1.42967e-13 0)
(1.5 2.582e-14 0)
(1.5 4.44553e-14 0)
(1.5 4.96981e-14 0)
(1.5 -3.80746e-14 0)
(1.5 -2.70447e-14 0)
(1.5 2.55492e-14 0)
(1.5 8.37399e-14 0)
(1.5 6.5107e-14 0)
(1.5 -3.31365e-15 0)
(1.5 -1.81432e-13 0)
(1.5 -1.19488e-13 0)
(1.5 3.56137e-14 0)
(1.5 7.67936e-14 0)
(1.5 8.22114e-14 0)
(1.5 1.37195e-13 0)
(1.5 9.49215e-14 0)
(1.5 8.90692e-14 0)
(1.5 1.65697e-13 0)
(1.5 2.10285e-13 0)
(1.5 2.10004e-13 0)
(1.5 1.69965e-13 0)
(1.5 1.57344e-13 0)
(1.5 1.41255e-13 0)
(1.5 8.99005e-14 0)
(1.5 2.93946e-13 0)
(1.5 3.4905e-13 0)
(1.5 2.43752e-13 0)
(1.5 7.43458e-14 0)
(1.5 -4.35318e-14 0)
(1.5 -5.16252e-14 0)
(1.5 2.71827e-14 0)
(1.5 1.08033e-13 0)
(1.5 1.40828e-13 0)
(1.5 1.7491e-13 0)
(1.5 1.60136e-13 0)
(1.5 1.00007e-13 0)
(1.5 1.1635e-13 0)
(1.5 4.72083e-14 0)
(1.5 2.06893e-14 0)
(1.5 6.66046e-14 0)
(1.5 9.91992e-14 0)
(1.5 4.8641e-14 0)
(1.5 1.20307e-14 0)
(1.5 5.87585e-14 0)
(1.5 8.86751e-14 0)
(1.5 6.36993e-14 0)
(1.5 8.02257e-14 0)
(1.5 5.36154e-15 0)
(1.5 -9.11358e-15 0)
(1.5 -1.95102e-15 0)
(1.5 -9.61374e-14 0)
(1.5 -2.12953e-14 0)
(1.5 -1.10329e-14 0)
(1.5 2.39022e-14 0)
(1.5 9.52064e-14 0)
(1.5 9.84167e-14 0)
(1.5 1.21022e-13 0)
(1.5 1.62703e-14 0)
(1.5 -3.40326e-14 0)
(1.5 -6.08576e-14 0)
(1.5 -1.22515e-13 0)
(1.5 -3.36681e-14 0)
(1.5 5.90616e-14 0)
(1.5 3.28064e-14 0)
(1.5 3.8717e-14 0)
(1.5 7.36749e-14 0)
(1.5 -1.71625e-14 0)
(1.5 6.10014e-15 0)
(1.5 1.08831e-13 0)
(1.5 1.06861e-13 0)
(1.5 7.76925e-14 0)
(1.5 1.89307e-13 0)
(1.5 1.87165e-13 0)
(1.5 1.55747e-13 0)
(1.5 2.20013e-13 0)
(1.5 2.16831e-13 0)
(1.5 1.30938e-13 0)
(1.5 7.27602e-14 0)
(1.5 8.02351e-14 0)
(1.5 6.46961e-14 0)
(1.5 9.26993e-14 0)
(1.5 7.20007e-14 0)
(1.5 2.06858e-14 0)
(1.5 -2.53844e-14 0)
(1.5 5.1832e-14 0)
(1.5 1.4597e-13 0)
(1.5 1.39917e-13 0)
(1.5 1.28297e-13 0)
(1.5 4.48807e-14 0)
(1.5 -2.92346e-14 0)
(1.5 -7.9328e-14 0)
(1.5 -3.80285e-14 0)
(1.5 5.38211e-15 0)
(1.5 7.24919e-14 0)
(1.5 7.87683e-14 0)
(1.5 9.05555e-14 0)
(1.5 4.40745e-14 0)
(1.5 -3.09791e-15 0)
(1.5 -2.18676e-14 0)
(1.5 5.71438e-14 0)
(1.5 1.17393e-13 0)
(1.5 8.30809e-14 0)
(1.5 7.2024e-14 0)
(1.5 5.44188e-14 0)
(1.5 2.4921e-14 0)
(1.5 5.14173e-14 0)
(1.5 8.41927e-14 0)
(1.5 6.3345e-14 0)
(1.5 7.76358e-14 0)
(1.5 5.14826e-14 0)
(1.5 5.78076e-14 0)
(1.5 1.17045e-15 0)
(1.5 -2.73408e-15 0)
(1.5 4.00395e-14 0)
(1.5 9.83255e-14 0)
(1.5 6.51072e-14 0)
(1.5 7.8192e-14 0)
(1.5 9.7104e-14 0)
(1.5 8.58286e-14 0)
(1.5 1.07742e-13 0)
(1.5 9.87823e-14 0)
(1.5 7.49366e-14 0)
(1.5 1.05022e-13 0)
(1.5 1.27208e-13 0)
(1.5 1.14448e-13 0)
(1.5 1.18569e-13 0)
(1.5 1.14729e-13 0)
(1.5 1.24287e-13 0)
(1.5 1.68559e-13 0)
(1.5 1.69241e-13 0)
(1.5 1.69291e-13 0)
(1.5 1.30718e-13 0)
(1.5 1.23153e-13 0)
(1.5 1.1712e-13 0)
(1.5 1.79276e-13 0)
(1.5 1.44186e-13 0)
(1.5 1.24453e-13 0)
(1.5 1.39384e-13 0)
(1.5 1.12053e-13 0)
(1.5 1.16962e-13 0)
(1.5 1.54501e-13 0)
(1.5 1.80125e-13 0)
(1.5 1.24607e-13 0)
(1.5 5.50822e-14 0)
(1.5 1.67876e-14 0)
(1.5 -9.045e-15 0)
(1.5 7.12326e-14 0)
(1.5 9.18444e-14 0)
(1.5 1.19392e-13 0)
(1.5 1.25748e-13 0)
(1.5 1.26424e-13 0)
(1.5 6.52299e-14 0)
(1.5 1.19746e-13 0)
(1.5 9.39895e-14 0)
(1.5 8.68829e-14 0)
(1.5 8.51136e-15 0)
(1.5 8.74116e-14 0)
(1.5 1.22536e-13 0)
(1.5 1.39248e-13 0)
(1.5 1.46187e-13 0)
(1.5 9.86571e-14 0)
(1.5 3.73194e-14 0)
(1.5 1.06807e-13 0)
(1.5 1.59438e-13 0)
(1.5 1.46724e-13 0)
(1.5 3.5953e-14 0)
(1.5 -2.12299e-14 0)
(1.5 -6.3154e-14 0)
(1.5 -4.67858e-14 0)
(1.5 -8.20927e-14 0)
(1.5 -9.91444e-14 0)
(1.5 -6.64075e-14 0)
(1.5 -1.13066e-14 0)
(1.5 -2.9239e-15 0)
(1.5 3.36232e-14 0)
(1.5 6.601e-14 0)
(1.5 5.84583e-14 0)
(1.5 8.78921e-14 0)
(1.5 1.01155e-13 0)
(1.5 1.08015e-13 0)
(1.5 1.57162e-13 0)
(1.5 1.82784e-13 0)
(1.5 1.59202e-13 0)
(1.5 1.881e-13 0)
(1.5 1.56451e-13 0)
(1.5 1.22434e-13 0)
(1.5 5.59947e-14 0)
(1.5 8.95482e-14 0)
(1.5 1.53233e-13 0)
(1.5 1.67582e-13 0)
(1.5 1.22904e-13 0)
(1.5 5.01164e-14 0)
(1.5 7.04924e-14 0)
(1.5 3.91918e-14 0)
(1.5 6.87463e-14 0)
(1.5 6.72611e-14 0)
(1.5 2.02716e-14 0)
(1.5 4.10165e-14 0)
(1.5 7.88702e-14 0)
(1.5 8.39846e-14 0)
(1.5 5.31126e-14 0)
(1.5 4.2957e-14 0)
(1.5 1.30418e-14 0)
(1.5 4.79693e-14 0)
(1.5 8.25447e-14 0)
(1.5 6.02955e-14 0)
(1.5 1.13113e-13 0)
(1.5 1.18256e-13 0)
(1.5 6.90962e-14 0)
(1.5 -8.99586e-14 0)
(1.5 -7.43205e-14 0)
(1.5 1.49918e-14 0)
(1.5 5.11743e-14 0)
(1.5 -3.2617e-15 0)
(1.5 3.71236e-14 0)
(1.5 7.70282e-14 0)
(1.5 8.41867e-14 0)
(1.5 1.99984e-13 0)
(1.5 2.17099e-13 0)
(1.5 1.38326e-13 0)
(1.5 -1.21612e-14 0)
(1.5 -4.90275e-14 0)
(1.5 -1.93086e-14 0)
(1.5 1.12034e-14 0)
(1.5 6.53806e-14 0)
(1.5 7.19751e-14 0)
(1.5 9.15156e-14 0)
(1.5 1.0173e-13 0)
(1.5 1.06476e-13 0)
(1.5 7.01911e-14 0)
(1.5 -2.26808e-15 0)
(1.5 4.16674e-14 0)
(1.5 1.26766e-13 0)
(1.5 1.20306e-13 0)
(1.5 -5.40438e-14 0)
(1.5 -1.04104e-13 0)
(1.5 -3.91446e-14 0)
(1.5 3.85137e-14 0)
(1.5 6.10563e-14 0)
(1.5 1.36737e-13 0)
(1.5 1.2129e-13 0)
(1.5 7.46562e-14 0)
(1.5 3.96997e-14 0)
(1.5 -4.2315e-15 0)
(1.5 2.23324e-14 0)
(1.5 8.39739e-14 0)
(1.5 8.80078e-14 0)
(1.5 3.14743e-14 0)
(1.5 2.68663e-14 0)
(1.5 -2.9659e-14 0)
(1.5 -1.05954e-13 0)
(1.5 -9.17396e-14 0)
(1.5 -3.47587e-14 0)
(1.5 5.05997e-14 0)
(1.5 7.86007e-14 0)
(1.5 1.44613e-13 0)
(1.5 1.79884e-13 0)
(1.5 9.49989e-14 0)
(1.5 1.16799e-13 0)
(1.5 8.90876e-14 0)
(1.5 6.34909e-14 0)
(1.5 8.63685e-14 0)
(1.5 1.44985e-13 0)
(1.5 6.29637e-14 0)
(1.5 3.39689e-14 0)
(1.5 1.86287e-14 0)
(1.5 1.16571e-14 0)
(1.5 2.10079e-14 0)
(1.5 1.14954e-13 0)
(1.5 1.77761e-13 0)
(1.5 7.90653e-14 0)
(1.5 1.68941e-13 0)
(1.5 2.04743e-13 0)
(1.5 2.58724e-13 0)
(1.5 2.97521e-13 0)
(1.5 2.27147e-13 0)
(1.5 1.08902e-13 0)
(1.5 -4.17434e-15 0)
(1.5 -3.37977e-14 0)
(1.5 -4.58767e-14 0)
(1.5 -2.06381e-15 0)
(1.5 -1.13623e-14 0)
(1.5 4.02764e-14 0)
(1.5 -6.05606e-16 0)
(1.5 3.9864e-14 0)
(1.5 8.82242e-14 0)
(1.5 9.36931e-14 0)
(1.5 1.59065e-14 0)
(1.5 -8.81737e-14 0)
(1.5 -7.18245e-14 0)
(1.5 -3.74966e-14 0)
(1.5 -1.81569e-14 0)
(1.5 2.37701e-14 0)
(1.5 4.67975e-14 0)
(1.5 8.23319e-14 0)
(1.5 6.82174e-14 0)
(1.5 5.6414e-14 0)
(1.5 -7.30879e-15 0)
(1.5 -6.70933e-14 0)
(1.5 -1.63283e-14 0)
(1.5 2.95943e-14 0)
(1.5 6.96202e-14 0)
(1.5 2.44481e-14 0)
(1.5 -2.41681e-15 0)
(1.5 -2.18108e-14 0)
(1.5 -6.32532e-14 0)
(1.5 -4.29832e-14 0)
(1.5 -2.13231e-14 0)
(1.5 1.76559e-14 0)
(1.5 3.37787e-14 0)
(1.5 9.42053e-17 0)
(1.5 1.36618e-14 0)
(1.5 6.57789e-14 0)
(1.5 6.5094e-15 0)
(1.5 1.77104e-14 0)
(1.5 1.51376e-14 0)
(1.5 1.67704e-14 0)
(1.5 3.98114e-14 0)
(1.5 9.78206e-14 0)
(1.5 1.32069e-13 0)
(1.5 1.09307e-13 0)
(1.5 1.4164e-14 0)
(1.5 1.18103e-13 0)
(1.5 1.71803e-13 0)
(1.5 1.70448e-13 0)
(1.5 1.61447e-13 0)
(1.5 1.4463e-13 0)
(1.5 1.17701e-13 0)
(1.5 1.82888e-13 0)
(1.5 1.92273e-13 0)
(1.5 2.00367e-13 0)
(1.5 1.24694e-13 0)
(1.5 1.42228e-13 0)
(1.5 2.01564e-13 0)
(1.5 2.19817e-13 0)
(1.5 1.33113e-13 0)
(1.5 1.89352e-13 0)
(1.5 1.7222e-13 0)
(1.5 9.06013e-14 0)
(1.5 9.4639e-14 0)
(1.5 1.40748e-13 0)
(1.5 1.83264e-13 0)
(1.5 1.11698e-13 0)
(1.5 5.06229e-14 0)
(1.5 3.52862e-14 0)
(1.5 3.3029e-14 0)
(1.5 8.12542e-14 0)
(1.5 9.70741e-14 0)
(1.5 5.58439e-14 0)
(1.5 4.01017e-14 0)
(1.5 6.0672e-14 0)
(1.5 6.16843e-14 0)
(1.5 2.52333e-14 0)
(1.5 2.90542e-14 0)
(1.5 2.41108e-14 0)
(1.5 -2.12749e-14 0)
(1.5 2.58156e-14 0)
(1.5 6.61755e-15 0)
(1.5 5.22007e-15 0)
(1.5 5.09038e-14 0)
(1.5 5.19016e-14 0)
(1.5 4.1846e-14 0)
(1.5 2.36791e-14 0)
(1.5 1.09331e-14 0)
(1.5 -3.59625e-14 0)
(1.5 -2.42324e-14 0)
(1.5 -2.106e-14 0)
(1.5 4.35034e-14 0)
(1.5 8.88606e-14 0)
(1.5 7.97475e-15 0)
(1.5 -3.44835e-14 0)
(1.5 -7.59118e-15 0)
(1.5 -1.93537e-14 0)
(1.5 -1.43787e-14 0)
(1.5 -2.98052e-14 0)
(1.5 8.99706e-15 0)
(1.5 7.38042e-15 0)
(1.5 2.02481e-15 0)
(1.5 6.15767e-14 0)
(1.5 8.63145e-14 0)
(1.5 1.65437e-13 0)
(1.5 2.07441e-13 0)
(1.5 2.17352e-13 0)
(1.5 2.08992e-13 0)
(1.5 1.22932e-13 0)
(1.5 -6.77893e-15 0)
(1.5 -4.03273e-14 0)
(1.5 6.56729e-14 0)
(1.5 1.1554e-13 0)
(1.5 7.35814e-14 0)
(1.5 9.37009e-14 0)
(1.5 8.59008e-14 0)
(1.5 9.5361e-14 0)
(1.5 1.24644e-13 0)
(1.5 1.42562e-13 0)
(1.5 1.16194e-13 0)
(1.5 -2.52263e-14 0)
(1.5 -3.64465e-14 0)
(1.5 3.8417e-15 0)
(1.5 4.63049e-14 0)
(1.5 9.46618e-14 0)
(1.5 5.90359e-14 0)
(1.5 5.56689e-14 0)
(1.5 1.26681e-13 0)
(1.5 1.25233e-13 0)
(1.5 1.0266e-13 0)
(1.5 4.51215e-14 0)
(1.5 -3.76732e-14 0)
(1.5 -3.60021e-15 0)
(1.5 3.68697e-14 0)
(1.5 3.08121e-14 0)
(1.5 1.22049e-13 0)
(1.5 1.00068e-13 0)
(1.5 2.42103e-14 0)
(1.5 2.12714e-14 0)
(1.5 5.83447e-14 0)
(1.5 8.29295e-14 0)
(1.5 1.00249e-13 0)
(1.5 1.19141e-13 0)
(1.5 5.6806e-14 0)
(1.5 -2.94665e-14 0)
(1.5 -7.86561e-14 0)
(1.5 -8.83677e-14 0)
(1.5 -5.88492e-14 0)
(1.5 -1.14132e-13 0)
(1.5 -1.14556e-13 0)
(1.5 -2.33953e-14 0)
(1.5 7.44958e-14 0)
(1.5 1.57821e-13 0)
(1.5 2.23629e-13 0)
(1.5 1.37482e-13 0)
(1.5 9.87984e-14 0)
(1.5 1.32433e-13 0)
(1.5 6.3168e-14 0)
(1.5 -6.22846e-14 0)
(1.5 -4.40016e-14 0)
(1.5 -3.2784e-14 0)
(1.5 2.0446e-14 0)
(1.5 2.77352e-14 0)
(1.5 3.87656e-14 0)
(1.5 5.68035e-15 0)
(1.5 -4.09194e-14 0)
(1.5 5.79464e-14 0)
(1.5 3.94801e-14 0)
(1.5 8.81492e-14 0)
(1.5 1.29631e-13 0)
(1.5 9.50163e-14 0)
(1.5 9.9358e-14 0)
(1.5 7.46594e-14 0)
(1.5 -1.02789e-13 0)
(1.5 -1.46638e-13 0)
(1.5 -1.65297e-13 0)
(1.5 -4.8413e-14 0)
(1.5 5.54817e-14 0)
(1.5 8.90436e-14 0)
(1.5 1.0804e-13 0)
(1.5 8.75047e-14 0)
(1.5 5.28665e-14 0)
(1.5 6.39528e-14 0)
(1.5 1.77825e-13 0)
(1.5 2.23143e-13 0)
(1.5 1.83734e-13 0)
(1.5 1.72821e-13 0)
(1.5 9.63181e-14 0)
(1.5 3.60453e-14 0)
(1.5 3.50672e-14 0)
(1.5 1.494e-13 0)
(1.5 1.24798e-13 0)
(1.5 1.13901e-13 0)
(1.5 2.26599e-13 0)
(1.5 1.51808e-13 0)
(1.5 1.7463e-13 0)
(1.5 2.66786e-13 0)
(1.5 3.8701e-13 0)
(1.5 5.00876e-13 0)
(1.5 3.98478e-13 0)
(1.5 2.86139e-13 0)
(1.5 -7.53845e-14 0)
(1.5 -1.37274e-13 0)
(1.5 -1.48992e-13 0)
(1.5 -1.45698e-13 0)
(1.5 -1.02096e-13 0)
(1.5 4.62144e-15 0)
(1.5 4.15406e-14 0)
(1.5 8.99319e-14 0)
(1.5 8.29175e-14 0)
(1.5 7.62324e-14 0)
(1.5 -5.13405e-15 0)
(1.5 -1.19839e-13 0)
(1.5 -1.17969e-13 0)
(1.5 -1.01508e-14 0)
(1.5 4.79132e-14 0)
(1.5 8.34913e-14 0)
(1.5 2.67995e-14 0)
(1.5 4.9516e-14 0)
(1.5 1.12218e-14 0)
(1.5 1.5979e-14 0)
(1.5 1.80833e-14 0)
(1.5 -4.15851e-14 0)
(1.5 -8.55777e-14 0)
(1.5 -3.00872e-14 0)
(1.5 2.33429e-14 0)
(1.5 -1.72438e-14 0)
(1.5 -5.62593e-14 0)
(1.5 -5.22292e-14 0)
(1.5 -4.64257e-14 0)
(1.5 -6.87646e-14 0)
(1.5 -9.17029e-15 0)
(1.5 2.2838e-14 0)
(1.5 2.58424e-14 0)
(1.5 4.19641e-14 0)
(1.5 7.59632e-14 0)
(1.5 6.84984e-14 0)
(1.5 2.85136e-14 0)
(1.5 2.49646e-14 0)
(1.5 7.57329e-14 0)
(1.5 3.56613e-14 0)
(1.5 -3.37656e-15 0)
(1.5 5.41163e-14 0)
(1.5 9.30317e-14 0)
(1.5 9.95285e-14 0)
(1.5 6.36343e-14 0)
(1.5 1.00433e-13 0)
(1.5 1.26289e-13 0)
(1.5 1.65614e-13 0)
(1.5 1.62582e-13 0)
(1.5 1.47319e-13 0)
(1.5 1.6604e-13 0)
(1.5 1.74838e-13 0)
(1.5 1.5904e-13 0)
(1.5 1.57004e-13 0)
(1.5 1.64045e-13 0)
(1.5 1.4847e-13 0)
(1.5 2.03264e-13 0)
(1.5 1.5657e-13 0)
(1.5 1.504e-13 0)
(1.5 1.97428e-13 0)
(1.5 1.30409e-13 0)
(1.5 1.09919e-13 0)
(1.5 1.4665e-13 0)
(1.5 1.57294e-13 0)
(1.5 9.12554e-14 0)
(1.5 9.47406e-14 0)
(1.5 1.27957e-13 0)
(1.5 8.08035e-14 0)
(1.5 8.063e-14 0)
(1.5 7.05181e-14 0)
(1.5 1.49836e-13 0)
(1.5 9.53688e-14 0)
(1.5 4.33538e-15 0)
(1.5 -7.67392e-15 0)
(1.5 4.21515e-14 0)
(1.5 2.77693e-14 0)
(1.5 6.07947e-14 0)
(1.5 2.39675e-14 0)
(1.5 3.27561e-14 0)
(1.5 -1.21928e-14 0)
(1.5 -4.9752e-14 0)
(1.5 -8.59231e-14 0)
(1.5 -1.07061e-13 0)
(1.5 -4.39469e-14 0)
(1.5 4.94228e-16 0)
(1.5 -1.49004e-14 0)
(1.5 2.4319e-14 0)
(1.5 -4.1782e-14 0)
(1.5 -9.79741e-14 0)
(1.5 -9.72346e-14 0)
(1.5 2.79744e-14 0)
(1.5 1.11963e-13 0)
(1.5 7.82223e-14 0)
(1.5 6.42094e-14 0)
(1.5 8.9117e-14 0)
(1.5 2.85142e-14 0)
(1.5 1.62084e-15 0)
(1.5 -4.90783e-14 0)
(1.5 -8.30664e-15 0)
(1.5 -6.51624e-15 0)
(1.5 -5.58279e-15 0)
(1.5 4.46359e-14 0)
(1.5 1.02552e-13 0)
(1.5 1.69615e-13 0)
(1.5 2.03972e-13 0)
(1.5 1.85047e-13 0)
(1.5 1.08666e-13 0)
(1.5 5.93071e-14 0)
(1.5 -5.27019e-16 0)
(1.5 3.574e-14 0)
(1.5 1.11607e-13 0)
(1.5 1.17658e-13 0)
(1.5 3.43815e-14 0)
(1.5 6.82998e-14 0)
(1.5 1.22582e-13 0)
(1.5 6.94957e-14 0)
(1.5 7.93952e-14 0)
(1.5 9.83946e-14 0)
(1.5 8.78389e-14 0)
(1.5 -5.12728e-14 0)
(1.5 -9.32074e-14 0)
(1.5 -7.77921e-14 0)
(1.5 -4.4389e-14 0)
(1.5 -5.47575e-16 0)
(1.5 1.82227e-15 0)
(1.5 -5.32106e-14 0)
(1.5 -1.06676e-14 0)
(1.5 6.1941e-14 0)
(1.5 1.45586e-13 0)
(1.5 1.08355e-13 0)
(1.5 5.97143e-14 0)
(1.5 1.15777e-13 0)
(1.5 2.972e-13 0)
(1.5 3.08379e-13 0)
(1.5 3.28039e-13 0)
(1.5 2.80115e-13 0)
(1.5 1.4492e-13 0)
(1.5 5.06614e-15 0)
(1.5 -2.17283e-15 0)
(1.5 1.03958e-13 0)
(1.5 6.61809e-14 0)
(1.5 5.16999e-14 0)
(1.5 2.64662e-15 0)
(1.5 1.29071e-14 0)
(1.5 -2.17272e-14 0)
(1.5 -8.08145e-14 0)
(1.5 -1.07462e-13 0)
(1.5 -1.84635e-13 0)
(1.5 -2.05664e-13 0)
(1.5 -7.56079e-14 0)
(1.5 6.25391e-14 0)
(1.5 7.81879e-14 0)
(1.5 2.18342e-13 0)
(1.5 2.19487e-13 0)
(1.5 1.58534e-13 0)
(1.5 1.49384e-13 0)
(1.5 2.82879e-14 0)
(1.5 -7.18952e-15 0)
(1.5 1.66915e-14 0)
(1.5 1.33207e-14 0)
(1.5 2.91138e-14 0)
(1.5 4.9922e-14 0)
(1.5 -2.6359e-14 0)
(1.5 -4.13619e-14 0)
(1.5 2.09626e-14 0)
(1.5 1.99732e-13 0)
(1.5 2.68594e-13 0)
(1.5 2.2751e-13 0)
(1.5 1.70794e-13 0)
(1.5 1.89939e-13 0)
(1.5 1.98164e-13 0)
(1.5 9.71297e-14 0)
(1.5 -1.36773e-13 0)
(1.5 -1.44914e-13 0)
(1.5 -1.3174e-13 0)
(1.5 -2.36358e-14 0)
(1.5 4.72968e-14 0)
(1.5 1.70613e-13 0)
(1.5 2.01191e-13 0)
(1.5 1.13202e-13 0)
(1.5 5.59393e-14 0)
(1.5 3.3374e-14 0)
(1.5 1.95538e-13 0)
(1.5 2.38382e-13 0)
(1.5 1.86803e-13 0)
(1.5 9.80258e-14 0)
(1.5 7.71168e-14 0)
(1.5 8.92452e-14 0)
(1.5 1.20851e-13 0)
(1.5 2.12669e-13 0)
(1.5 1.75404e-13 0)
(1.5 1.41441e-13 0)
(1.5 2.34114e-13 0)
(1.5 2.3803e-13 0)
(1.5 2.09061e-13 0)
(1.5 2.92184e-13 0)
(1.5 3.49909e-13 0)
(1.5 5.52383e-13 0)
(1.5 5.30799e-13 0)
(1.5 4.37568e-13 0)
(1.5 -6.12404e-14 0)
(1.5 -9.97047e-14 0)
(1.5 -1.75626e-13 0)
(1.5 -2.76056e-13 0)
(1.5 -2.75149e-13 0)
(1.5 -1.94431e-13 0)
(1.5 -4.81972e-14 0)
(1.5 2.78615e-14 0)
(1.5 6.17524e-14 0)
(1.5 2.80393e-14 0)
(1.5 -6.69615e-14 0)
(1.5 -1.19598e-13 0)
(1.5 -1.23191e-13 0)
(1.5 -8.14598e-14 0)
(1.5 -3.21061e-14 0)
(1.5 2.57024e-14 0)
(1.5 5.19077e-14 0)
(1.5 4.41823e-14 0)
(1.5 -2.02639e-14 0)
(1.5 -6.7112e-14 0)
(1.5 -6.16061e-14 0)
(1.5 -5.4812e-14 0)
(1.5 -1.04497e-13 0)
(1.5 -1.0169e-13 0)
(1.5 -7.77014e-14 0)
(1.5 -7.75532e-14 0)
(1.5 -7.72154e-14 0)
(1.5 -7.33435e-14 0)
(1.5 -1.01611e-13 0)
(1.5 -1.40828e-13 0)
(1.5 -1.16228e-13 0)
(1.5 -8.62284e-14 0)
(1.5 -2.93799e-14 0)
(1.5 1.86707e-14 0)
(1.5 1.1628e-14 0)
(1.5 -7.87288e-14 0)
(1.5 -3.62539e-14 0)
(1.5 -3.43888e-14 0)
(1.5 7.63724e-15 0)
(1.5 3.40787e-14 0)
(1.5 4.12883e-14 0)
(1.5 2.01039e-14 0)
(1.5 3.83832e-14 0)
(1.5 8.97163e-15 0)
(1.5 5.64496e-14 0)
(1.5 2.53092e-14 0)
(1.5 2.10635e-14 0)
(1.5 4.28373e-14 0)
(1.5 9.38405e-14 0)
(1.5 4.87239e-14 0)
(1.5 1.1275e-13 0)
(1.5 7.79695e-14 0)
(1.5 6.97436e-14 0)
(1.5 6.03012e-14 0)
(1.5 8.17068e-14 0)
(1.5 1.01282e-13 0)
(1.5 1.05162e-13 0)
(1.5 7.21902e-14 0)
(1.5 8.45702e-14 0)
(1.5 7.09457e-14 0)
(1.5 7.04084e-14 0)
(1.5 7.2326e-14 0)
(1.5 6.95039e-14 0)
(1.5 2.53206e-14 0)
(1.5 -2.12066e-14 0)
(1.5 -2.713e-15 0)
(1.5 7.61513e-14 0)
(1.5 8.51798e-14 0)
(1.5 8.53391e-15 0)
(1.5 4.37936e-16 0)
(1.5 4.42907e-14 0)
(1.5 1.3399e-14 0)
(1.5 -5.45303e-14 0)
(1.5 -3.18529e-14 0)
(1.5 -4.97669e-15 0)
(1.5 9.55885e-15 0)
(1.5 8.4121e-14 0)
(1.5 9.82987e-14 0)
(1.5 5.91513e-14 0)
(1.5 5.51001e-15 0)
(1.5 -1.8042e-14 0)
(1.5 -1.11713e-13 0)
(1.5 -1.17675e-13 0)
(1.5 -5.77462e-14 0)
(1.5 -8.02693e-15 0)
(1.5 2.97168e-14 0)
(1.5 1.32947e-13 0)
(1.5 8.86221e-14 0)
(1.5 -3.00715e-14 0)
(1.5 -3.64289e-14 0)
(1.5 7.30944e-15 0)
(1.5 2.67826e-14 0)
(1.5 3.90978e-14 0)
(1.5 2.98457e-14 0)
(1.5 -1.5127e-14 0)
(1.5 -3.08781e-14 0)
(1.5 -4.93345e-14 0)
(1.5 -9.71258e-14 0)
(1.5 -8.94564e-14 0)
(1.5 -9.26659e-14 0)
(1.5 -4.4493e-14 0)
(1.5 -6.54638e-14 0)
(1.5 -3.95122e-14 0)
(1.5 -8.70354e-15 0)
(1.5 1.66158e-14 0)
(1.5 2.28494e-14 0)
(1.5 -5.53545e-14 0)
(1.5 -4.97072e-14 0)
(1.5 9.45171e-15 0)
(1.5 5.6451e-14 0)
(1.5 7.82459e-15 0)
(1.5 6.15723e-14 0)
(1.5 4.93521e-14 0)
(1.5 1.31798e-14 0)
(1.5 9.51215e-14 0)
(1.5 4.46368e-14 0)
(1.5 -1.654e-15 0)
(1.5 7.37835e-15 0)
(1.5 -3.88872e-14 0)
(1.5 -3.55969e-14 0)
(1.5 -2.45593e-14 0)
(1.5 -7.92144e-14 0)
(1.5 -7.3885e-14 0)
(1.5 -2.43938e-14 0)
(1.5 2.67301e-14 0)
(1.5 -3.90252e-14 0)
(1.5 -8.83029e-14 0)
(1.5 2.20414e-14 0)
(1.5 1.6594e-13 0)
(1.5 2.53128e-13 0)
(1.5 2.88365e-13 0)
(1.5 3.00117e-13 0)
(1.5 4.86728e-13 0)
(1.5 5.30856e-13 0)
(1.5 4.01859e-13 0)
(1.5 2.60789e-13 0)
(1.5 9.29252e-14 0)
(1.5 -3.98089e-14 0)
(1.5 -4.43391e-14 0)
(1.5 4.99553e-14 0)
(1.5 5.58679e-14 0)
(1.5 -3.33885e-14 0)
(1.5 -4.39726e-14 0)
(1.5 -4.19764e-14 0)
(1.5 3.98119e-14 0)
(1.5 1.99748e-14 0)
(1.5 -9.38264e-14 0)
(1.5 -1.93157e-13 0)
(1.5 -2.14979e-13 0)
(1.5 -1.43249e-13 0)
(1.5 -3.15486e-14 0)
(1.5 -3.25527e-14 0)
(1.5 8.22308e-14 0)
(1.5 1.26999e-13 0)
(1.5 1.0775e-13 0)
(1.5 7.35464e-14 0)
(1.5 -5.25743e-14 0)
(1.5 -9.12646e-14 0)
(1.5 -5.24738e-14 0)
(1.5 -6.46565e-15 0)
(1.5 5.48891e-14 0)
(1.5 9.46849e-14 0)
(1.5 1.31674e-13 0)
(1.5 8.61169e-14 0)
(1.5 1.72001e-13 0)
(1.5 2.81571e-13 0)
(1.5 3.59223e-13 0)
(1.5 3.17999e-13 0)
(1.5 2.27422e-13 0)
(1.5 1.73098e-13 0)
(1.5 1.9691e-13 0)
(1.5 5.76501e-14 0)
(1.5 -4.3707e-14 0)
(1.5 -6.48829e-14 0)
(1.5 -1.02313e-13 0)
(1.5 8.58834e-15 0)
(1.5 7.62969e-14 0)
(1.5 1.36852e-13 0)
(1.5 1.44994e-13 0)
(1.5 1.16583e-13 0)
(1.5 6.46268e-14 0)
(1.5 6.16103e-14 0)
(1.5 2.05408e-13 0)
(1.5 2.22283e-13 0)
(1.5 1.83259e-13 0)
(1.5 1.34411e-13 0)
(1.5 1.63687e-13 0)
(1.5 2.01935e-13 0)
(1.5 1.96521e-13 0)
(1.5 1.6171e-13 0)
(1.5 1.62156e-13 0)
(1.5 2.56508e-13 0)
(1.5 3.27812e-13 0)
(1.5 3.47522e-13 0)
(1.5 2.44602e-13 0)
(1.5 2.17698e-13 0)
(1.5 2.18081e-13 0)
(1.5 3.90508e-13 0)
(1.5 4.85207e-13 0)
(1.5 4.71158e-13 0)
(1.5 -7.95303e-15 0)
(1.5 -8.81645e-14 0)
(1.5 -1.81203e-13 0)
(1.5 -2.56971e-13 0)
(1.5 -2.72938e-13 0)
(1.5 -2.43389e-13 0)
(1.5 -1.41726e-13 0)
(1.5 -3.87184e-14 0)
(1.5 -3.71212e-15 0)
(1.5 4.54291e-15 0)
(1.5 -3.05371e-14 0)
(1.5 5.33919e-14 0)
(1.5 7.65905e-14 0)
(1.5 -2.4878e-14 0)
(1.5 -3.05806e-14 0)
(1.5 8.67295e-15 0)
(1.5 3.55043e-14 0)
(1.5 -2.41121e-14 0)
(1.5 -1.12757e-14 0)
(1.5 -2.25133e-14 0)
(1.5 -6.0234e-14 0)
(1.5 -6.26962e-14 0)
(1.5 -2.77263e-14 0)
(1.5 -3.96085e-14 0)
(1.5 -2.56619e-14 0)
(1.5 -5.69196e-14 0)
(1.5 -6.58078e-14 0)
(1.5 -4.77343e-14 0)
(1.5 -1.36386e-13 0)
(1.5 -1.5863e-13 0)
(1.5 -1.77578e-13 0)
(1.5 -9.7455e-14 0)
(1.5 -4.40844e-14 0)
(1.5 -3.24012e-14 0)
(1.5 -7.96482e-14 0)
(1.5 -1.57074e-13 0)
(1.5 -1.16836e-13 0)
(1.5 -7.08876e-14 0)
(1.5 -4.83804e-14 0)
(1.5 1.7974e-14 0)
(1.5 8.01316e-14 0)
(1.5 2.59387e-14 0)
(1.5 1.59801e-14 0)
(1.5 3.5893e-14 0)
(1.5 9.89387e-14 0)
(1.5 7.22899e-14 0)
(1.5 6.56638e-14 0)
(1.5 5.48097e-14 0)
(1.5 9.63386e-14 0)
(1.5 3.87536e-14 0)
(1.5 6.98347e-14 0)
(1.5 1.25694e-14 0)
(1.5 5.75435e-14 0)
(1.5 6.69547e-14 0)
(1.5 2.53137e-14 0)
(1.5 9.42597e-14 0)
(1.5 1.02487e-13 0)
(1.5 1.39961e-13 0)
(1.5 9.17183e-14 0)
(1.5 3.9296e-14 0)
(1.5 4.56571e-14 0)
(1.5 6.53292e-14 0)
(1.5 3.00426e-14 0)
(1.5 1.47e-14 0)
(1.5 -1.03681e-14 0)
(1.5 3.70559e-15 0)
(1.5 2.15246e-14 0)
(1.5 5.0984e-14 0)
(1.5 -1.34925e-15 0)
(1.5 4.45076e-15 0)
(1.5 9.52593e-15 0)
(1.5 -1.91172e-14 0)
(1.5 -7.06857e-15 0)
(1.5 4.01163e-14 0)
(1.5 4.08604e-14 0)
(1.5 2.78651e-14 0)
(1.5 1.07844e-13 0)
(1.5 1.61118e-13 0)
(1.5 6.93264e-14 0)
(1.5 4.88434e-14 0)
(1.5 4.95742e-14 0)
(1.5 2.90243e-14 0)
(1.5 5.27467e-14 0)
(1.5 3.95521e-14 0)
(1.5 6.71876e-14 0)
(1.5 9.64524e-14 0)
(1.5 1.01873e-13 0)
(1.5 1.64263e-13 0)
(1.5 1.41047e-13 0)
(1.5 1.28975e-13 0)
(1.5 1.08019e-13 0)
(1.5 5.16458e-14 0)
(1.5 1.47002e-14 0)
(1.5 5.87106e-15 0)
(1.5 -8.75468e-14 0)
(1.5 -4.53682e-14 0)
(1.5 5.00245e-14 0)
(1.5 7.26615e-14 0)
(1.5 3.24429e-14 0)
(1.5 -2.58151e-14 0)
(1.5 -7.63066e-15 0)
(1.5 -2.5209e-14 0)
(1.5 -3.76323e-14 0)
(1.5 -4.45901e-15 0)
(1.5 2.78189e-14 0)
(1.5 1.83128e-14 0)
(1.5 -6.7767e-14 0)
(1.5 -3.13649e-14 0)
(1.5 7.22648e-14 0)
(1.5 1.38437e-13 0)
(1.5 5.30363e-14 0)
(1.5 3.23784e-14 0)
(1.5 3.85372e-14 0)
(1.5 3.43117e-14 0)
(1.5 6.83135e-14 0)
(1.5 8.9155e-15 0)
(1.5 -1.77402e-14 0)
(1.5 -3.39811e-14 0)
(1.5 1.28084e-14 0)
(1.5 1.29462e-13 0)
(1.5 1.59968e-13 0)
(1.5 1.03192e-13 0)
(1.5 7.97553e-14 0)
(1.5 7.62836e-14 0)
(1.5 8.94647e-14 0)
(1.5 1.42899e-13 0)
(1.5 3.23506e-14 0)
(1.5 7.92952e-14 0)
(1.5 1.94288e-13 0)
(1.5 2.82334e-13 0)
(1.5 3.22115e-13 0)
(1.5 2.98755e-13 0)
(1.5 3.92359e-13 0)
(1.5 4.35291e-13 0)
(1.5 2.84251e-13 0)
(1.5 1.05677e-13 0)
(1.5 3.69829e-15 0)
(1.5 3.88729e-15 0)
(1.5 -2.83741e-15 0)
(1.5 -2.09327e-14 0)
(1.5 2.98449e-14 0)
(1.5 8.77266e-16 0)
(1.5 4.25239e-14 0)
(1.5 4.50846e-14 0)
(1.5 1.33633e-13 0)
(1.5 1.6717e-13 0)
(1.5 4.13838e-14 0)
(1.5 -4.59678e-14 0)
(1.5 -6.08672e-14 0)
(1.5 -9.51495e-14 0)
(1.5 -8.65231e-14 0)
(1.5 -4.66076e-14 0)
(1.5 9.44076e-14 0)
(1.5 1.46241e-13 0)
(1.5 1.52528e-13 0)
(1.5 1.25359e-13 0)
(1.5 9.86874e-14 0)
(1.5 2.27612e-15 0)
(1.5 -2.61106e-14 0)
(1.5 4.58328e-14 0)
(1.5 1.34557e-13 0)
(1.5 1.73339e-13 0)
(1.5 3.35626e-13 0)
(1.5 2.8704e-13 0)
(1.5 2.56979e-13 0)
(1.5 2.44434e-13 0)
(1.5 2.32682e-13 0)
(1.5 3.06774e-13 0)
(1.5 2.87017e-13 0)
(1.5 1.49316e-13 0)
(1.5 1.3576e-13 0)
(1.5 9.97994e-14 0)
(1.5 1.6214e-13 0)
(1.5 1.54784e-13 0)
(1.5 3.39236e-14 0)
(1.5 2.04805e-14 0)
(1.5 8.14528e-14 0)
(1.5 9.60016e-14 0)
(1.5 3.86959e-14 0)
(1.5 4.85202e-14 0)
(1.5 8.96807e-14 0)
(1.5 8.26628e-14 0)
(1.5 1.78652e-13 0)
(1.5 2.15853e-13 0)
(1.5 1.75149e-13 0)
(1.5 1.84624e-13 0)
(1.5 2.82577e-13 0)
(1.5 3.14952e-13 0)
(1.5 3.15686e-13 0)
(1.5 2.49807e-13 0)
(1.5 3.02999e-13 0)
(1.5 3.36862e-13 0)
(1.5 3.50944e-13 0)
(1.5 3.77347e-13 0)
(1.5 2.65537e-13 0)
(1.5 2.01104e-13 0)
(1.5 1.83937e-13 0)
(1.5 2.65158e-13 0)
(1.5 3.27282e-13 0)
(1.5 3.62179e-13 0)
(1.5 2.19521e-14 0)
(1.5 -6.81994e-14 0)
(1.5 -8.4496e-14 0)
(1.5 -1.35622e-13 0)
(1.5 -1.51112e-13 0)
(1.5 -1.65555e-13 0)
(1.5 -1.13049e-13 0)
(1.5 -8.58774e-14 0)
(1.5 -7.32256e-14 0)
(1.5 -1.66179e-15 0)
(1.5 8.4857e-14 0)
(1.5 1.64179e-13 0)
(1.5 1.63675e-13 0)
(1.5 7.57441e-14 0)
(1.5 5.51874e-14 0)
(1.5 8.0592e-14 0)
(1.5 2.97057e-14 0)
(1.5 -9.09507e-14 0)
(1.5 -9.19756e-14 0)
(1.5 1.06303e-14 0)
(1.5 4.87943e-14 0)
(1.5 2.60822e-14 0)
(1.5 3.87036e-15 0)
(1.5 3.2599e-14 0)
(1.5 2.28001e-14 0)
(1.5 -1.3269e-14 0)
(1.5 -4.37256e-14 0)
(1.5 -2.85182e-14 0)
(1.5 -6.04322e-14 0)
(1.5 -4.8564e-14 0)
(1.5 -3.21132e-14 0)
(1.5 2.38634e-14 0)
(1.5 2.48182e-14 0)
(1.5 2.32398e-14 0)
(1.5 -1.93782e-14 0)
(1.5 -7.31192e-14 0)
(1.5 -1.0569e-13 0)
(1.5 -5.14033e-14 0)
(1.5 -3.14804e-14 0)
(1.5 -2.7678e-15 0)
(1.5 2.28819e-14 0)
(1.5 -7.6017e-15 0)
(1.5 -4.41037e-14 0)
(1.5 2.35238e-14 0)
(1.5 8.37937e-14 0)
(1.5 4.38281e-14 0)
(1.5 1.52088e-14 0)
(1.5 3.75711e-14 0)
(1.5 1.27187e-14 0)
(1.5 3.62957e-14 0)
(1.5 -1.47997e-14 0)
(1.5 -2.86621e-14 0)
(1.5 1.60283e-15 0)
(1.5 2.03694e-14 0)
(1.5 4.44964e-14 0)
(1.5 6.54003e-14 0)
(1.5 8.58742e-14 0)
(1.5 9.20216e-14 0)
(1.5 1.23875e-13 0)
(1.5 9.59619e-14 0)
(1.5 8.21224e-14 0)
(1.5 1.33045e-13 0)
(1.5 7.96367e-14 0)
(1.5 8.39704e-14 0)
(1.5 5.47364e-14 0)
(1.5 3.5427e-14 0)
(1.5 4.64957e-14 0)
(1.5 4.7862e-14 0)
(1.5 9.02464e-14 0)
(1.5 6.89591e-14 0)
(1.5 6.05515e-14 0)
(1.5 6.80098e-14 0)
(1.5 5.29609e-14 0)
(1.5 2.85845e-14 0)
(1.5 1.1218e-14 0)
(1.5 2.17847e-14 0)
(1.5 6.99217e-14 0)
(1.5 8.7792e-14 0)
(1.5 4.49913e-14 0)
(1.5 -2.55763e-15 0)
(1.5 5.69636e-14 0)
(1.5 1.2668e-13 0)
(1.5 1.5417e-13 0)
(1.5 8.13666e-14 0)
(1.5 8.69748e-14 0)
(1.5 6.74671e-14 0)
(1.5 2.59224e-14 0)
(1.5 9.36139e-14 0)
(1.5 1.33808e-13 0)
(1.5 6.75393e-14 0)
(1.5 2.22124e-15 0)
(1.5 -6.04669e-14 0)
(1.5 -1.1976e-14 0)
(1.5 -2.51791e-14 0)
(1.5 -7.72076e-14 0)
(1.5 -2.2148e-14 0)
(1.5 1.19972e-13 0)
(1.5 1.52361e-13 0)
(1.5 1.1777e-13 0)
(1.5 1.22832e-13 0)
(1.5 5.14751e-14 0)
(1.5 1.25166e-14 0)
(1.5 1.6962e-14 0)
(1.5 4.24789e-14 0)
(1.5 1.63745e-14 0)
(1.5 -4.84822e-14 0)
(1.5 -4.89611e-14 0)
(1.5 -4.04844e-14 0)
(1.5 5.01555e-14 0)
(1.5 1.31018e-13 0)
(1.5 1.46214e-13 0)
(1.5 2.80314e-14 0)
(1.5 -5.6115e-14 0)
(1.5 -1.95136e-15 0)
(1.5 -4.02356e-15 0)
(1.5 -1.70646e-14 0)
(1.5 2.82897e-14 0)
(1.5 5.20685e-14 0)
(1.5 1.44101e-13 0)
(1.5 2.40925e-13 0)
(1.5 2.42491e-13 0)
(1.5 2.14972e-13 0)
(1.5 1.46535e-13 0)
(1.5 1.48354e-13 0)
(1.5 1.42413e-13 0)
(1.5 2.26329e-13 0)
(1.5 2.28343e-13 0)
(1.5 1.93364e-13 0)
(1.5 1.86585e-13 0)
(1.5 1.97991e-13 0)
(1.5 2.25256e-13 0)
(1.5 2.39568e-13 0)
(1.5 1.77194e-13 0)
(1.5 1.35068e-13 0)
(1.5 3.23239e-14 0)
(1.5 -7.70213e-14 0)
(1.5 -7.77604e-14 0)
(1.5 1.08292e-14 0)
(1.5 5.52152e-14 0)
(1.5 2.59881e-15 0)
(1.5 -2.80145e-14 0)
(1.5 5.86853e-15 0)
(1.5 5.83163e-14 0)
(1.5 1.33885e-13 0)
(1.5 1.34242e-13 0)
(1.5 9.20861e-14 0)
(1.5 4.41961e-14 0)
(1.5 8.75547e-15 0)
(1.5 -1.77112e-14 0)
(1.5 -8.27549e-14 0)
(1.5 -1.28476e-13 0)
(1.5 -2.36674e-14 0)
(1.5 1.44208e-13 0)
(1.5 1.86308e-13 0)
(1.5 1.50618e-13 0)
(1.5 1.19589e-13 0)
(1.5 1.423e-13 0)
(1.5 1.01045e-13 0)
(1.5 9.11655e-14 0)
(1.5 1.20436e-13 0)
(1.5 1.1553e-13 0)
(1.5 9.93639e-14 0)
(1.5 2.33029e-13 0)
(1.5 3.14666e-13 0)
(1.5 2.36058e-13 0)
(1.5 1.73092e-13 0)
(1.5 9.9072e-14 0)
(1.5 2.06244e-13 0)
(1.5 2.46311e-13 0)
(1.5 1.34826e-13 0)
(1.5 4.04998e-14 0)
(1.5 5.6141e-14 0)
(1.5 1.96282e-13 0)
(1.5 2.20924e-13 0)
(1.5 1.23809e-13 0)
(1.5 4.25208e-14 0)
(1.5 7.88338e-14 0)
(1.5 1.13385e-13 0)
(1.5 9.74788e-14 0)
(1.5 9.68071e-14 0)
(1.5 1.42893e-13 0)
(1.5 1.50374e-13 0)
(1.5 1.11005e-13 0)
(1.5 7.53213e-14 0)
(1.5 8.15279e-14 0)
(1.5 5.11529e-14 0)
(1.5 1.27755e-13 0)
(1.5 2.5331e-13 0)
(1.5 2.94692e-13 0)
(1.5 2.83138e-13 0)
(1.5 3.21282e-13 0)
(1.5 2.54863e-13 0)
(1.5 2.52352e-13 0)
(1.5 3.06943e-13 0)
(1.5 2.22448e-13 0)
(1.5 9.32678e-14 0)
(1.5 7.11276e-14 0)
(1.5 9.84256e-14 0)
(1.5 1.45283e-13 0)
(1.5 2.17148e-13 0)
(1.5 1.10041e-14 0)
(1.5 1.52341e-14 0)
(1.5 4.70009e-14 0)
(1.5 -9.13544e-15 0)
(1.5 -1.83753e-14 0)
(1.5 -9.05925e-15 0)
(1.5 -7.78875e-14 0)
(1.5 -1.24284e-13 0)
(1.5 -1.05821e-13 0)
(1.5 -5.31994e-14 0)
(1.5 5.98419e-16 0)
(1.5 -1.37706e-14 0)
(1.5 6.65245e-16 0)
(1.5 -1.42311e-14 0)
(1.5 -3.61875e-14 0)
(1.5 -2.34611e-14 0)
(1.5 -5.34504e-14 0)
(1.5 -9.30355e-14 0)
(1.5 -9.33413e-14 0)
(1.5 -3.73059e-14 0)
(1.5 1.68288e-14 0)
(1.5 7.02377e-14 0)
(1.5 2.26709e-14 0)
(1.5 1.05306e-14 0)
(1.5 -6.71023e-14 0)
(1.5 -9.2046e-14 0)
(1.5 -8.07568e-14 0)
(1.5 -9.31528e-14 0)
(1.5 -7.78318e-14 0)
(1.5 -1.69684e-14 0)
(1.5 1.37104e-14 0)
(1.5 2.1706e-15 0)
(1.5 1.09866e-14 0)
(1.5 -3.42346e-14 0)
(1.5 -1.3424e-14 0)
(1.5 -1.23685e-14 0)
(1.5 -4.23332e-14 0)
(1.5 -7.83475e-14 0)
(1.5 -1.04769e-13 0)
(1.5 -1.04595e-13 0)
(1.5 -9.76685e-14 0)
(1.5 -5.859e-14 0)
(1.5 -1.0921e-13 0)
(1.5 -6.64412e-14 0)
(1.5 -4.17051e-14 0)
(1.5 -6.86079e-14 0)
(1.5 -8.97351e-14 0)
(1.5 -1.55155e-14 0)
(1.5 -4.62897e-14 0)
(1.5 2.31744e-14 0)
(1.5 -6.22295e-14 0)
(1.5 -1.5023e-14 0)
(1.5 -1.76983e-15 0)
(1.5 -2.11973e-14 0)
(1.5 3.08927e-14 0)
(1.5 1.83257e-14 0)
(1.5 2.65363e-14 0)
(1.5 1.24339e-14 0)
(1.5 1.25524e-13 0)
(1.5 1.401e-13 0)
(1.5 1.08602e-13 0)
(1.5 1.00714e-13 0)
(1.5 4.00004e-14 0)
(1.5 5.61471e-14 0)
(1.5 8.77944e-14 0)
(1.5 4.66574e-14 0)
(1.5 6.8577e-14 0)
(1.5 9.95176e-14 0)
(1.5 1.29161e-13 0)
(1.5 6.67818e-14 0)
(1.5 3.22763e-14 0)
(1.5 -7.89095e-15 0)
(1.5 -3.53878e-14 0)
(1.5 -4.45405e-14 0)
(1.5 -3.05704e-14 0)
(1.5 -2.40614e-14 0)
(1.5 -8.56789e-15 0)
(1.5 2.87958e-15 0)
(1.5 -3.10704e-15 0)
(1.5 -3.35591e-14 0)
(1.5 2.57807e-14 0)
(1.5 1.3842e-14 0)
(1.5 2.33976e-14 0)
(1.5 -3.06111e-14 0)
(1.5 -2.73753e-14 0)
(1.5 -6.36373e-14 0)
(1.5 -6.58651e-14 0)
(1.5 -5.10718e-14 0)
(1.5 -1.22657e-14 0)
(1.5 -3.3022e-14 0)
(1.5 -9.39327e-14 0)
(1.5 -1.03535e-13 0)
(1.5 -2.03442e-14 0)
(1.5 -4.53993e-14 0)
(1.5 -4.13298e-14 0)
(1.5 -1.94684e-14 0)
(1.5 -3.33788e-15 0)
(1.5 -1.64818e-14 0)
(1.5 5.09428e-15 0)
(1.5 5.4338e-14 0)
(1.5 -5.56981e-14 0)
(1.5 -7.33788e-14 0)
(1.5 -8.21631e-14 0)
(1.5 -1.14741e-13 0)
(1.5 -9.56261e-14 0)
(1.5 -1.30488e-13 0)
(1.5 -5.92595e-14 0)
(1.5 -6.70791e-14 0)
(1.5 -6.68278e-14 0)
(1.5 -4.2272e-14 0)
(1.5 -1.57049e-14 0)
(1.5 -1.20767e-13 0)
(1.5 -1.75127e-13 0)
(1.5 -7.42776e-14 0)
(1.5 -2.70603e-14 0)
(1.5 1.25058e-14 0)
(1.5 4.93789e-14 0)
(1.5 4.25669e-14 0)
(1.5 9.72635e-14 0)
(1.5 1.79843e-13 0)
(1.5 1.16247e-13 0)
(1.5 1.13818e-13 0)
(1.5 8.53493e-14 0)
(1.5 8.06289e-14 0)
(1.5 1.11713e-13 0)
(1.5 1.89458e-13 0)
(1.5 2.27951e-13 0)
(1.5 1.2781e-13 0)
(1.5 6.23225e-14 0)
(1.5 4.17359e-14 0)
(1.5 7.00752e-14 0)
(1.5 1.67028e-13 0)
(1.5 3.5974e-14 0)
(1.5 -7.12538e-14 0)
(1.5 -1.44469e-13 0)
(1.5 -2.08825e-13 0)
(1.5 -1.3599e-13 0)
(1.5 5.4967e-14 0)
(1.5 1.37726e-13 0)
(1.5 3.21093e-14 0)
(1.5 -5.28133e-14 0)
(1.5 -7.92906e-14 0)
(1.5 -1.53332e-14 0)
(1.5 8.03262e-14 0)
(1.5 3.9669e-14 0)
(1.5 -3.96519e-14 0)
(1.5 2.59235e-14 0)
(1.5 -3.76719e-14 0)
(1.5 -6.97276e-14 0)
(1.5 -1.42072e-13 0)
(1.5 -1.76102e-13 0)
(1.5 -4.46215e-14 0)
(1.5 -1.30149e-15 0)
(1.5 6.89025e-14 0)
(1.5 7.81785e-14 0)
(1.5 9.83676e-15 0)
(1.5 5.40655e-14 0)
(1.5 1.83086e-13 0)
(1.5 1.89754e-13 0)
(1.5 1.46958e-13 0)
(1.5 8.22307e-14 0)
(1.5 -3.41902e-15 0)
(1.5 8.28259e-14 0)
(1.5 2.0128e-13 0)
(1.5 1.58986e-13 0)
(1.5 3.96448e-14 0)
(1.5 2.17989e-14 0)
(1.5 8.44636e-14 0)
(1.5 8.92098e-14 0)
(1.5 2.71247e-14 0)
(1.5 -8.19408e-14 0)
(1.5 -7.42445e-14 0)
(1.5 1.22925e-13 0)
(1.5 1.68147e-13 0)
(1.5 1.14646e-13 0)
(1.5 4.67566e-14 0)
(1.5 1.83147e-14 0)
(1.5 8.26996e-14 0)
(1.5 1.11704e-13 0)
(1.5 1.47335e-13 0)
(1.5 1.21901e-13 0)
(1.5 1.13616e-13 0)
(1.5 2.02801e-14 0)
(1.5 -2.77395e-14 0)
(1.5 6.24717e-14 0)
(1.5 2.00784e-16 0)
(1.5 -1.88002e-14 0)
(1.5 9.09029e-14 0)
(1.5 1.74202e-13 0)
(1.5 1.82593e-13 0)
(1.5 1.95016e-13 0)
(1.5 1.62158e-13 0)
(1.5 1.85392e-13 0)
(1.5 2.22759e-13 0)
(1.5 1.32657e-13 0)
(1.5 -6.16882e-14 0)
(1.5 -8.50995e-14 0)
(1.5 -8.6981e-14 0)
(1.5 1.00353e-14 0)
(1.5 8.7319e-14 0)
(1.5 -1.52762e-14 0)
(1.5 -9.40391e-15 0)
(1.5 7.85669e-15 0)
(1.5 5.71327e-14 0)
(1.5 6.98327e-14 0)
(1.5 7.81459e-14 0)
(1.5 -3.32087e-14 0)
(1.5 -9.98715e-14 0)
(1.5 -1.17265e-13 0)
(1.5 -1.10246e-13 0)
(1.5 -1.12875e-13 0)
(1.5 -1.54546e-13 0)
(1.5 -1.52036e-13 0)
(1.5 -1.40304e-13 0)
(1.5 -1.00797e-13 0)
(1.5 -1.28598e-13 0)
(1.5 -9.80557e-14 0)
(1.5 -7.08125e-14 0)
(1.5 -6.18153e-14 0)
(1.5 -1.02931e-13 0)
(1.5 -9.96772e-14 0)
(1.5 -2.62678e-14 0)
(1.5 -5.0698e-14 0)
(1.5 -1.20153e-13 0)
(1.5 -1.85955e-13 0)
(1.5 -1.92844e-13 0)
(1.5 -1.14573e-13 0)
(1.5 -1.30463e-13 0)
(1.5 -8.70316e-14 0)
(1.5 -7.05439e-14 0)
(1.5 -8.87675e-14 0)
(1.5 -1.19009e-13 0)
(1.5 -9.51898e-14 0)
(1.5 -1.34711e-13 0)
(1.5 -7.84197e-14 0)
(1.5 -4.59436e-14 0)
(1.5 -5.3147e-14 0)
(1.5 -7.37339e-14 0)
(1.5 -7.66214e-14 0)
(1.5 -7.53841e-14 0)
(1.5 -1.00149e-13 0)
(1.5 -7.3402e-14 0)
(1.5 -9.78728e-14 0)
(1.5 -8.96842e-14 0)
(1.5 -1.11309e-13 0)
(1.5 -9.35681e-14 0)
(1.5 -8.0625e-14 0)
(1.5 -1.22286e-15 0)
(1.5 -7.15848e-15 0)
(1.5 -1.96323e-14 0)
(1.5 -2.64616e-14 0)
(1.5 -4.58934e-16 0)
(1.5 -1.90741e-14 0)
(1.5 -4.23478e-14 0)
(1.5 -1.39175e-14 0)
(1.5 -1.46219e-14 0)
(1.5 1.2482e-14 0)
(1.5 9.42525e-14 0)
(1.5 1.08689e-13 0)
(1.5 1.2896e-13 0)
(1.5 1.17602e-13 0)
(1.5 2.35759e-14 0)
(1.5 2.99573e-14 0)
(1.5 2.7546e-14 0)
(1.5 3.97986e-14 0)
(1.5 2.44466e-14 0)
(1.5 -1.2403e-14 0)
(1.5 6.02067e-14 0)
(1.5 6.46906e-14 0)
(1.5 9.7711e-15 0)
(1.5 -5.45827e-14 0)
(1.5 -7.56605e-14 0)
(1.5 -4.96207e-14 0)
(1.5 -5.41799e-14 0)
(1.5 -5.05812e-14 0)
(1.5 -8.72516e-14 0)
(1.5 -7.54445e-14 0)
(1.5 -5.43001e-14 0)
(1.5 -6.63876e-14 0)
(1.5 -6.44949e-14 0)
(1.5 -7.50773e-14 0)
(1.5 -1.62186e-13 0)
(1.5 -1.47263e-13 0)
(1.5 -1.32458e-13 0)
(1.5 -1.25689e-13 0)
(1.5 -1.19935e-13 0)
(1.5 -1.21033e-13 0)
(1.5 -1.38576e-13 0)
(1.5 -1.74487e-13 0)
(1.5 -1.70728e-13 0)
(1.5 -1.595e-13 0)
(1.5 -1.30277e-13 0)
(1.5 -1.24239e-13 0)
(1.5 -1.39392e-13 0)
(1.5 -1.2464e-13 0)
(1.5 -1.14018e-13 0)
(1.5 -1.59618e-13 0)
(1.5 -1.24983e-13 0)
(1.5 -4.80763e-14 0)
(1.5 -2.41173e-14 0)
(1.5 -1.13517e-13 0)
(1.5 -1.43994e-13 0)
(1.5 -2.20777e-13 0)
(1.5 -3.4157e-13 0)
(1.5 -2.86979e-13 0)
(1.5 -1.45088e-13 0)
(1.5 -7.65206e-14 0)
(1.5 -2.02445e-14 0)
(1.5 -1.07754e-13 0)
(1.5 -1.90275e-13 0)
(1.5 -2.24197e-13 0)
(1.5 -2.26023e-13 0)
(1.5 -1.91889e-13 0)
(1.5 -1.03968e-13 0)
(1.5 7.52451e-15 0)
(1.5 3.14117e-14 0)
(1.5 -7.19896e-15 0)
(1.5 -2.35825e-14 0)
(1.5 1.28473e-14 0)
(1.5 7.75699e-14 0)
(1.5 1.71637e-14 0)
(1.5 2.761e-14 0)
(1.5 1.6774e-14 0)
(1.5 -2.58968e-14 0)
(1.5 -2.65258e-14 0)
(1.5 4.02078e-14 0)
(1.5 5.74287e-14 0)
(1.5 -1.53286e-14 0)
(1.5 -8.44059e-14 0)
(1.5 -7.62647e-14 0)
(1.5 -4.64478e-14 0)
(1.5 -2.74859e-14 0)
(1.5 -1.68441e-13 0)
(1.5 -2.69119e-13 0)
(1.5 -2.99275e-13 0)
(1.5 -2.85092e-13 0)
(1.5 -2.25757e-13 0)
(1.5 -7.6961e-14 0)
(1.5 -2.02915e-14 0)
(1.5 -3.75071e-14 0)
(1.5 -5.95866e-14 0)
(1.5 -1.32126e-13 0)
(1.5 -5.84833e-14 0)
(1.5 -4.45105e-14 0)
(1.5 -9.4823e-14 0)
(1.5 -6.05064e-14 0)
(1.5 3.58364e-14 0)
(1.5 -3.22727e-14 0)
(1.5 -1.33368e-13 0)
(1.5 -1.505e-13 0)
(1.5 -8.63962e-14 0)
(1.5 -5.74918e-14 0)
(1.5 -1.12522e-13 0)
(1.5 -1.29487e-13 0)
(1.5 -9.15753e-14 0)
(1.5 -6.12358e-14 0)
(1.5 1.22643e-14 0)
(1.5 1.20371e-13 0)
(1.5 4.15627e-14 0)
(1.5 -1.02732e-13 0)
(1.5 -9.59825e-14 0)
(1.5 -6.72536e-14 0)
(1.5 7.81932e-14 0)
(1.5 1.92694e-13 0)
(1.5 1.84905e-13 0)
(1.5 2.07175e-14 0)
(1.5 -7.31381e-15 0)
(1.5 2.91437e-14 0)
(1.5 -3.01752e-14 0)
(1.5 1.01931e-14 0)
(1.5 -4.58936e-14 0)
(1.5 -1.17713e-13 0)
(1.5 4.06709e-14 0)
(1.5 1.15235e-13 0)
(1.5 1.06692e-13 0)
(1.5 2.96702e-14 0)
(1.5 -4.42093e-14 0)
(1.5 1.22597e-14 0)
(1.5 -9.2745e-15 0)
(1.5 8.92723e-16 0)
(1.5 -7.9813e-15 0)
(1.5 -8.03318e-14 0)
(1.5 -9.642e-14 0)
(1.5 -5.45159e-14 0)
(1.5 1.01202e-13 0)
(1.5 1.40185e-13 0)
(1.5 9.19852e-14 0)
(1.5 1.19473e-13 0)
(1.5 1.45436e-13 0)
(1.5 1.3845e-13 0)
(1.5 1.27126e-13 0)
(1.5 6.08169e-14 0)
(1.5 1.03425e-13 0)
(1.5 1.20121e-13 0)
(1.5 6.92907e-14 0)
(1.5 -4.32266e-14 0)
(1.5 -1.04599e-13 0)
(1.5 -1.34478e-13 0)
(1.5 -7.55982e-14 0)
(1.5 -2.10362e-14 0)
(1.5 1.18846e-14 0)
(1.5 -1.23443e-14 0)
(1.5 -9.41252e-15 0)
(1.5 3.57139e-14 0)
(1.5 -1.18111e-14 0)
(1.5 -7.00328e-14 0)
(1.5 -9.08597e-14 0)
(1.5 -1.19435e-13 0)
(1.5 -1.02572e-13 0)
(1.5 -7.82272e-14 0)
(1.5 -8.64291e-14 0)
(1.5 -1.13529e-13 0)
(1.5 -1.11195e-13 0)
(1.5 -7.39392e-14 0)
(1.5 -1.03643e-13 0)
(1.5 -1.49797e-13 0)
(1.5 -1.07919e-13 0)
(1.5 -3.52394e-14 0)
(1.5 -8.04029e-14 0)
(1.5 -1.17772e-13 0)
(1.5 -7.94786e-14 0)
(1.5 -7.1062e-14 0)
(1.5 -9.13028e-14 0)
(1.5 -1.39535e-13 0)
(1.5 -1.56639e-13 0)
(1.5 -1.24083e-13 0)
(1.5 -7.49494e-14 0)
(1.5 -9.07487e-14 0)
(1.5 -3.48562e-14 0)
(1.5 -1.10639e-13 0)
(1.5 -1.36424e-13 0)
(1.5 -1.61804e-13 0)
(1.5 -1.302e-13 0)
(1.5 -1.37276e-13 0)
(1.5 -1.12368e-13 0)
(1.5 -4.56109e-14 0)
(1.5 -2.86556e-14 0)
(1.5 -1.78035e-14 0)
(1.5 8.28739e-14 0)
(1.5 2.38711e-14 0)
(1.5 -2.96417e-14 0)
(1.5 -6.30718e-14 0)
(1.5 -2.65002e-14 0)
(1.5 -8.52535e-14 0)
(1.5 -1.27205e-13 0)
(1.5 -4.98649e-14 0)
(1.5 -4.29835e-14 0)
(1.5 -6.97743e-14 0)
(1.5 -4.4029e-14 0)
(1.5 -4.26917e-14 0)
(1.5 1.19578e-14 0)
(1.5 -1.33703e-15 0)
(1.5 -3.03315e-14 0)
(1.5 -1.30441e-14 0)
(1.5 -2.0139e-14 0)
(1.5 -1.69865e-14 0)
(1.5 -4.11916e-15 0)
(1.5 9.43138e-14 0)
(1.5 3.25037e-14 0)
(1.5 2.53039e-14 0)
(1.5 5.95645e-14 0)
(1.5 8.73794e-15 0)
(1.5 4.08695e-14 0)
(1.5 5.04698e-14 0)
(1.5 2.57353e-14 0)
(1.5 -8.75877e-15 0)
(1.5 -4.2109e-14 0)
(1.5 1.93578e-14 0)
(1.5 1.67036e-14 0)
(1.5 -4.91285e-14 0)
(1.5 -8.82238e-14 0)
(1.5 -4.2688e-14 0)
(1.5 -6.67738e-14 0)
(1.5 -8.80697e-14 0)
(1.5 -1.36453e-13 0)
(1.5 -1.60478e-13 0)
(1.5 -1.81592e-13 0)
(1.5 -1.56539e-13 0)
(1.5 -1.98506e-13 0)
(1.5 -1.80654e-13 0)
(1.5 -2.13773e-13 0)
(1.5 -2.48637e-13 0)
(1.5 -2.34083e-13 0)
(1.5 -1.31813e-13 0)
(1.5 -8.90892e-14 0)
(1.5 -6.61427e-14 0)
(1.5 -1.15885e-13 0)
(1.5 -1.34681e-13 0)
(1.5 -1.89462e-13 0)
(1.5 -2.28679e-13 0)
(1.5 -1.84173e-13 0)
(1.5 -8.60415e-14 0)
(1.5 -1.19842e-13 0)
(1.5 -1.20358e-13 0)
(1.5 -1.05425e-13 0)
(1.5 -1.46002e-13 0)
(1.5 -1.76347e-13 0)
(1.5 -9.71004e-14 0)
(1.5 -2.94196e-14 0)
(1.5 1.7862e-14 0)
(1.5 -4.23749e-14 0)
(1.5 -1.19186e-13 0)
(1.5 -1.88004e-13 0)
(1.5 -3.10918e-13 0)
(1.5 -3.78736e-13 0)
(1.5 -1.99365e-13 0)
(1.5 -9.80555e-14 0)
(1.5 -4.67862e-14 0)
(1.5 -1.18047e-13 0)
(1.5 -1.97857e-13 0)
(1.5 -1.75546e-13 0)
(1.5 -1.17856e-13 0)
(1.5 -9.28422e-14 0)
(1.5 -9.64252e-14 0)
(1.5 -9.54305e-15 0)
(1.5 1.46885e-14 0)
(1.5 -1.13739e-14 0)
(1.5 -5.90324e-15 0)
(1.5 1.8405e-14 0)
(1.5 -6.57241e-15 0)
(1.5 4.02534e-14 0)
(1.5 2.438e-15 0)
(1.5 -2.35135e-14 0)
(1.5 -8.12859e-15 0)
(1.5 -2.82809e-14 0)
(1.5 -6.69181e-14 0)
(1.5 -9.81318e-14 0)
(1.5 -6.1599e-14 0)
(1.5 -4.05656e-14 0)
(1.5 1.42007e-14 0)
(1.5 -1.01685e-14 0)
(1.5 -1.78751e-13 0)
(1.5 -4.42992e-13 0)
(1.5 -4.80284e-13 0)
(1.5 -4.02794e-13 0)
(1.5 -3.52413e-13 0)
(1.5 -3.17451e-13 0)
(1.5 -2.61214e-13 0)
(1.5 -2.19528e-13 0)
(1.5 -1.57929e-13 0)
(1.5 -1.17451e-13 0)
(1.5 -6.42925e-14 0)
(1.5 1.16265e-13 0)
(1.5 7.08565e-14 0)
(1.5 2.53899e-14 0)
(1.5 8.25617e-14 0)
(1.5 7.19953e-14 0)
(1.5 1.10979e-14 0)
(1.5 -9.98544e-14 0)
(1.5 -8.932e-14 0)
(1.5 -1.12324e-14 0)
(1.5 -3.19163e-14 0)
(1.5 -8.59219e-14 0)
(1.5 -1.70629e-13 0)
(1.5 -1.73452e-13 0)
(1.5 -6.076e-15 0)
(1.5 8.74916e-15 0)
(1.5 2.59593e-14 0)
(1.5 -4.68299e-14 0)
(1.5 -2.03565e-13 0)
(1.5 -2.3042e-13 0)
(1.5 -6.08043e-14 0)
(1.5 1.18062e-13 0)
(1.5 1.89966e-13 0)
(1.5 2.22926e-13 0)
(1.5 1.18686e-13 0)
(1.5 -2.55535e-14 0)
(1.5 -9.20537e-15 0)
(1.5 -2.63279e-14 0)
(1.5 1.08958e-14 0)
(1.5 -1.99397e-14 0)
(1.5 -7.77797e-14 0)
(1.5 -1.68896e-14 0)
(1.5 9.9853e-15 0)
(1.5 -7.08815e-15 0)
(1.5 -1.00847e-13 0)
(1.5 -1.39923e-13 0)
(1.5 -1.10983e-13 0)
(1.5 -1.1354e-13 0)
(1.5 -1.39679e-13 0)
(1.5 -9.34522e-14 0)
(1.5 -1.53404e-13 0)
(1.5 -1.37188e-13 0)
(1.5 -6.76868e-14 0)
(1.5 5.25288e-14 0)
(1.5 2.0173e-13 0)
(1.5 1.95471e-13 0)
(1.5 2.36772e-13 0)
(1.5 1.72499e-13 0)
(1.5 1.16685e-13 0)
(1.5 1.17442e-13 0)
(1.5 6.65407e-14 0)
(1.5 1.34936e-13 0)
(1.5 1.20627e-13 0)
(1.5 1.82742e-14 0)
(1.5 -7.85762e-14 0)
(1.5 -1.41132e-13 0)
(1.5 -2.00683e-13 0)
(1.5 -2.11786e-13 0)
(1.5 -1.00249e-13 0)
(1.5 2.63859e-15 0)
(1.5 4.40924e-15 0)
(1.5 -1.4413e-14 0)
(1.5 -2.02079e-14 0)
(1.5 -7.90603e-14 0)
(1.5 -1.0636e-13 0)
(1.5 -9.62174e-14 0)
(1.5 -9.7245e-14 0)
(1.5 -1.19577e-13 0)
(1.5 -7.56124e-14 0)
(1.5 -1.00332e-13 0)
(1.5 -6.47195e-14 0)
(1.5 -4.30589e-14 0)
(1.5 -4.82056e-14 0)
(1.5 -1.03487e-13 0)
(1.5 -9.42719e-14 0)
(1.5 -5.44464e-14 0)
(1.5 -1.54969e-15 0)
(1.5 -1.54005e-14 0)
(1.5 -2.78372e-14 0)
(1.5 -2.87122e-14 0)
(1.5 -2.86444e-14 0)
(1.5 -6.93273e-16 0)
(1.5 -2.4457e-14 0)
(1.5 -3.30436e-14 0)
(1.5 -5.56298e-15 0)
(1.5 -1.15009e-14 0)
(1.5 -8.07851e-16 0)
(1.5 8.69067e-15 0)
(1.5 -7.44649e-14 0)
(1.5 -6.4332e-14 0)
(1.5 -9.54257e-14 0)
(1.5 -4.87536e-14 0)
(1.5 -6.68197e-14 0)
(1.5 -3.96164e-14 0)
(1.5 4.28676e-14 0)
(1.5 5.93148e-14 0)
(1.5 4.26851e-14 0)
(1.5 8.44413e-14 0)
(1.5 5.24132e-14 0)
(1.5 7.08949e-15 0)
(1.5 2.42449e-14 0)
(1.5 1.04044e-13 0)
(1.5 1.23871e-14 0)
(1.5 -4.93128e-14 0)
(1.5 -3.45892e-16 0)
(1.5 3.77844e-15 0)
(1.5 -7.6187e-14 0)
(1.5 3.78558e-15 0)
(1.5 4.63588e-14 0)
(1.5 9.30655e-14 0)
(1.5 8.27614e-14 0)
(1.5 8.09411e-14 0)
(1.5 6.78285e-14 0)
(1.5 2.36963e-14 0)
(1.5 5.48716e-14 0)
(1.5 4.70241e-14 0)
(1.5 3.34612e-14 0)
(1.5 -6.14104e-15 0)
(1.5 1.11875e-14 0)
(1.5 7.05916e-14 0)
(1.5 9.33232e-14 0)
(1.5 8.89955e-14 0)
(1.5 5.8971e-14 0)
(1.5 3.65343e-14 0)
(1.5 7.02333e-14 0)
(1.5 6.12182e-14 0)
(1.5 1.39672e-14 0)
(1.5 -5.22459e-14 0)
(1.5 -5.87453e-14 0)
(1.5 -3.33623e-14 0)
(1.5 -5.48695e-14 0)
(1.5 -9.69257e-14 0)
(1.5 -8.42193e-14 0)
(1.5 -9.64404e-14 0)
(1.5 -6.54665e-14 0)
(1.5 -1.14043e-13 0)
(1.5 -1.26559e-13 0)
(1.5 -1.03307e-13 0)
(1.5 -8.18531e-14 0)
(1.5 -1.28801e-13 0)
(1.5 -1.30744e-13 0)
(1.5 -1.50271e-13 0)
(1.5 -7.26679e-14 0)
(1.5 -7.94955e-14 0)
(1.5 -1.19017e-13 0)
(1.5 -1.24089e-13 0)
(1.5 -1.40311e-13 0)
(1.5 -1.9753e-13 0)
(1.5 -2.01755e-13 0)
(1.5 -6.72925e-14 0)
(1.5 5.5795e-14 0)
(1.5 5.52647e-14 0)
(1.5 7.89577e-14 0)
(1.5 8.64108e-14 0)
(1.5 -7.68567e-15 0)
(1.5 -9.2191e-14 0)
(1.5 -6.91954e-14 0)
(1.5 -4.18284e-14 0)
(1.5 -4.53411e-14 0)
(1.5 -4.05632e-14 0)
(1.5 -4.28191e-14 0)
(1.5 -5.57401e-14 0)
(1.5 -1.28007e-13 0)
(1.5 -2.63446e-13 0)
(1.5 -1.82167e-13 0)
(1.5 -2.33189e-14 0)
(1.5 -2.9259e-14 0)
(1.5 -2.92744e-14 0)
(1.5 -5.79054e-14 0)
(1.5 -3.48137e-15 0)
(1.5 -2.92461e-15 0)
(1.5 -8.68094e-14 0)
(1.5 -9.16224e-14 0)
(1.5 -8.44443e-14 0)
(1.5 -1.49992e-14 0)
(1.5 3.42181e-15 0)
(1.5 8.15068e-15 0)
(1.5 -9.36074e-15 0)
(1.5 -4.7507e-14 0)
(1.5 5.55749e-15 0)
(1.5 -1.99888e-14 0)
(1.5 4.93173e-15 0)
(1.5 5.51216e-14 0)
(1.5 1.18444e-13 0)
(1.5 3.63254e-14 0)
(1.5 -8.10157e-14 0)
(1.5 -3.5871e-14 0)
(1.5 7.68307e-14 0)
(1.5 7.30995e-14 0)
(1.5 -6.94632e-14 0)
(1.5 -3.06938e-13 0)
(1.5 -5.16159e-13 0)
(1.5 -4.88648e-13 0)
(1.5 -3.93293e-13 0)
(1.5 -2.78344e-13 0)
(1.5 -1.96539e-13 0)
(1.5 -1.21678e-13 0)
(1.5 -9.24186e-14 0)
(1.5 -6.69491e-14 0)
(1.5 -7.41175e-14 0)
(1.5 -7.10438e-15 0)
(1.5 2.10281e-13 0)
(1.5 2.85029e-13 0)
(1.5 2.27554e-13 0)
(1.5 1.00555e-13 0)
(1.5 -1.53665e-14 0)
(1.5 -2.3349e-14 0)
(1.5 -1.80327e-14 0)
(1.5 5.99548e-14 0)
(1.5 4.29899e-14 0)
(1.5 -2.11772e-14 0)
(1.5 -1.24617e-13 0)
(1.5 -1.09361e-13 0)
(1.5 -9.42998e-14 0)
(1.5 4.42202e-14 0)
(1.5 2.85183e-14 0)
(1.5 7.60053e-14 0)
(1.5 7.85402e-14 0)
(1.5 8.38615e-16 0)
(1.5 -2.85255e-14 0)
(1.5 3.52476e-14 0)
(1.5 1.20281e-13 0)
(1.5 9.67172e-14 0)
(1.5 1.46708e-13 0)
(1.5 1.79577e-13 0)
(1.5 8.08416e-14 0)
(1.5 -1.08522e-14 0)
(1.5 3.00143e-14 0)
(1.5 6.59506e-14 0)
(1.5 -1.25102e-14 0)
(1.5 2.11456e-15 0)
(1.5 -3.16659e-15 0)
(1.5 -2.09713e-14 0)
(1.5 -1.24823e-14 0)
(1.5 -4.90856e-14 0)
(1.5 -9.12445e-14 0)
(1.5 -4.56745e-14 0)
(1.5 5.70158e-14 0)
(1.5 7.75228e-14 0)
(1.5 4.66409e-14 0)
(1.5 2.40859e-14 0)
(1.5 6.0089e-14 0)
(1.5 1.11634e-13 0)
(1.5 1.44387e-13 0)
(1.5 2.18369e-13 0)
(1.5 2.66719e-13 0)
(1.5 3.03461e-13 0)
(1.5 2.05903e-13 0)
(1.5 1.28613e-13 0)
(1.5 1.35295e-13 0)
(1.5 1.74635e-13 0)
(1.5 2.0007e-13 0)
(1.5 1.00809e-13 0)
(1.5 -3.74037e-14 0)
(1.5 -1.64361e-13 0)
(1.5 -2.81447e-13 0)
(1.5 -2.28161e-13 0)
(1.5 -2.10182e-13 0)
(1.5 -1.77229e-13 0)
(1.5 -3.22122e-14 0)
(1.5 3.15328e-14 0)
(1.5 -4.45016e-16 0)
(1.5 1.21573e-14 0)
(1.5 -2.00678e-14 0)
(1.5 -5.08422e-14 0)
(1.5 -7.59748e-14 0)
(1.5 -1.1999e-13 0)
(1.5 -1.99318e-13 0)
(1.5 -1.97542e-13 0)
(1.5 -2.07058e-13 0)
(1.5 -1.79344e-13 0)
(1.5 -1.40507e-13 0)
(1.5 -8.31851e-14 0)
(1.5 -8.23384e-14 0)
(1.5 -1.2868e-13 0)
(1.5 -1.05255e-13 0)
(1.5 -6.88187e-14 0)
(1.5 -3.12392e-14 0)
(1.5 -2.05011e-15 0)
(1.5 -5.09449e-14 0)
(1.5 -5.22337e-14 0)
(1.5 -2.29865e-14 0)
(1.5 -7.13543e-15 0)
(1.5 1.275e-14 0)
(1.5 3.76075e-14 0)
(1.5 -1.04993e-14 0)
(1.5 -1.52251e-14 0)
(1.5 1.00555e-14 0)
(1.5 -6.20154e-15 0)
(1.5 -5.19346e-14 0)
(1.5 -1.2506e-13 0)
(1.5 -1.00051e-13 0)
(1.5 -7.12868e-14 0)
(1.5 -2.38132e-14 0)
(1.5 -1.04925e-14 0)
(1.5 -9.85102e-15 0)
(1.5 -1.71327e-14 0)
(1.5 -9.54255e-14 0)
(1.5 -4.93292e-14 0)
(1.5 -2.65463e-14 0)
(1.5 2.82823e-14 0)
(1.5 7.27689e-14 0)
(1.5 2.88385e-14 0)
(1.5 1.90355e-14 0)
(1.5 -3.37274e-14 0)
(1.5 -3.4019e-14 0)
(1.5 -4.10975e-14 0)
(1.5 2.30119e-15 0)
(1.5 6.56209e-14 0)
(1.5 8.83844e-14 0)
(1.5 6.26371e-14 0)
(1.5 3.96506e-14 0)
(1.5 2.58983e-14 0)
(1.5 1.58915e-14 0)
(1.5 1.88881e-14 0)
(1.5 5.61489e-14 0)
(1.5 -3.27631e-15 0)
(1.5 -1.30466e-14 0)
(1.5 3.29124e-14 0)
(1.5 1.09534e-13 0)
(1.5 9.96881e-14 0)
(1.5 7.25758e-14 0)
(1.5 -2.84631e-14 0)
(1.5 -1.00289e-14 0)
(1.5 4.91106e-14 0)
(1.5 2.8751e-14 0)
(1.5 -4.92261e-14 0)
(1.5 -1.17638e-13 0)
(1.5 -3.49588e-14 0)
(1.5 -7.28969e-14 0)
(1.5 -1.16094e-13 0)
(1.5 -8.98223e-14 0)
(1.5 -6.07993e-14 0)
(1.5 -5.16924e-14 0)
(1.5 -2.56243e-14 0)
(1.5 -8.89442e-14 0)
(1.5 -1.80141e-13 0)
(1.5 -6.38117e-14 0)
(1.5 1.70965e-14 0)
(1.5 -1.37742e-14 0)
(1.5 -1.77789e-14 0)
(1.5 -7.12842e-14 0)
(1.5 -1.13414e-13 0)
(1.5 -1.78125e-13 0)
(1.5 -2.43617e-13 0)
(1.5 -1.51974e-13 0)
(1.5 -2.01188e-13 0)
(1.5 -2.18155e-13 0)
(1.5 -1.68142e-13 0)
(1.5 -1.94609e-14 0)
(1.5 3.12292e-14 0)
(1.5 2.24175e-14 0)
(1.5 6.36001e-14 0)
(1.5 4.44059e-14 0)
(1.5 -5.02648e-15 0)
(1.5 -8.2379e-14 0)
(1.5 -1.10247e-13 0)
(1.5 -8.53366e-14 0)
(1.5 -1.26994e-13 0)
(1.5 -8.35887e-14 0)
(1.5 -9.55958e-14 0)
(1.5 -1.06744e-13 0)
(1.5 -1.5717e-13 0)
(1.5 -1.82741e-13 0)
(1.5 -1.59934e-13 0)
(1.5 -9.33223e-14 0)
(1.5 -1.00855e-13 0)
(1.5 -5.45627e-14 0)
(1.5 1.9896e-14 0)
(1.5 4.15031e-15 0)
(1.5 -5.78381e-15 0)
(1.5 -1.06753e-13 0)
(1.5 -1.21245e-13 0)
(1.5 -1.4057e-13 0)
(1.5 -1.09457e-13 0)
(1.5 -6.98348e-14 0)
(1.5 -5.92026e-14 0)
(1.5 -1.29313e-13 0)
(1.5 -1.85493e-13 0)
(1.5 -1.7613e-13 0)
(1.5 -1.13769e-13 0)
(1.5 -1.20948e-14 0)
(1.5 1.37377e-14 0)
(1.5 8.77127e-14 0)
(1.5 4.02264e-14 0)
(1.5 -2.0171e-14 0)
(1.5 -5.1133e-14 0)
(1.5 -3.44855e-14 0)
(1.5 -3.86123e-14 0)
(1.5 -1.78637e-13 0)
(1.5 -3.41793e-13 0)
(1.5 -4.73085e-13 0)
(1.5 -4.5771e-13 0)
(1.5 -3.6074e-13 0)
(1.5 -1.59595e-13 0)
(1.5 -4.11819e-14 0)
(1.5 -3.44473e-14 0)
(1.5 -3.47418e-14 0)
(1.5 -1.79356e-14 0)
(1.5 3.79537e-14 0)
(1.5 8.2832e-14 0)
(1.5 1.5703e-13 0)
(1.5 2.54696e-13 0)
(1.5 2.01827e-13 0)
(1.5 1.87922e-14 0)
(1.5 -1.31822e-13 0)
(1.5 -1.88685e-13 0)
(1.5 -5.91736e-14 0)
(1.5 5.27146e-14 0)
(1.5 -1.26971e-14 0)
(1.5 -8.28149e-14 0)
(1.5 -2.39592e-13 0)
(1.5 -1.77118e-13 0)
(1.5 -1.20572e-13 0)
(1.5 -1.10718e-13 0)
(1.5 -6.76734e-14 0)
(1.5 -1.86355e-14 0)
(1.5 4.0602e-14 0)
(1.5 5.96526e-14 0)
(1.5 3.92232e-14 0)
(1.5 -7.35394e-14 0)
(1.5 -7.68803e-14 0)
(1.5 -8.25276e-14 0)
(1.5 -3.93859e-14 0)
(1.5 2.99859e-14 0)
(1.5 5.99819e-15 0)
(1.5 -1.08765e-13 0)
(1.5 -4.74824e-14 0)
(1.5 -1.37482e-14 0)
(1.5 -5.274e-14 0)
(1.5 -9.09467e-14 0)
(1.5 -1.88947e-13 0)
(1.5 -1.37233e-13 0)
(1.5 -7.14207e-14 0)
(1.5 -4.91841e-14 0)
(1.5 -5.49356e-14 0)
(1.5 -3.87436e-15 0)
(1.5 4.87743e-14 0)
(1.5 7.94898e-15 0)
(1.5 -2.31238e-14 0)
(1.5 -6.18296e-15 0)
(1.5 6.40991e-14 0)
(1.5 5.2613e-14 0)
(1.5 4.47041e-14 0)
(1.5 8.99603e-14 0)
(1.5 1.5971e-13 0)
(1.5 2.3037e-13 0)
(1.5 1.91494e-13 0)
(1.5 1.47676e-13 0)
(1.5 5.66765e-14 0)
(1.5 6.68579e-14 0)
(1.5 2.5645e-14 0)
(1.5 -9.07284e-14 0)
(1.5 -1.21017e-13 0)
(1.5 -1.88354e-13 0)
(1.5 -2.70472e-13 0)
(1.5 -1.38246e-13 0)
(1.5 -9.84891e-14 0)
(1.5 -1.45735e-13 0)
(1.5 -1.561e-14 0)
(1.5 8.31715e-14 0)
(1.5 1.13884e-13 0)
(1.5 8.64766e-14 0)
(1.5 2.67967e-14 0)
(1.5 -6.76979e-14 0)
(1.5 -1.45589e-13 0)
(1.5 -1.57211e-13 0)
(1.5 -1.34869e-13 0)
(1.5 -1.36768e-13 0)
(1.5 -9.72647e-14 0)
(1.5 -1.01768e-13 0)
(1.5 -9.02324e-14 0)
(1.5 -7.64179e-14 0)
(1.5 -7.91644e-14 0)
(1.5 -1.5566e-13 0)
(1.5 -1.49348e-13 0)
(1.5 -1.28169e-13 0)
(1.5 -3.86391e-14 0)
(1.5 3.12786e-14 0)
(1.5 2.56837e-14 0)
(1.5 6.22861e-15 0)
(1.5 -2.64297e-14 0)
(1.5 -3.21132e-14 0)
(1.5 3.02972e-14 0)
(1.5 4.56977e-14 0)
(1.5 -1.38292e-14 0)
(1.5 -4.58228e-14 0)
(1.5 -2.16872e-14 0)
(1.5 1.52455e-14 0)
(1.5 -6.43781e-14 0)
(1.5 -1.17656e-13 0)
(1.5 -1.17574e-13 0)
(1.5 -5.32938e-14 0)
(1.5 3.86421e-14 0)
(1.5 5.11798e-14 0)
(1.5 1.50281e-14 0)
(1.5 1.28595e-14 0)
(1.5 -9.7445e-14 0)
(1.5 -4.83371e-14 0)
(1.5 7.55396e-14 0)
(1.5 5.57572e-14 0)
(1.5 7.17462e-14 0)
(1.5 6.53407e-14 0)
(1.5 9.06419e-14 0)
(1.5 2.7855e-15 0)
(1.5 -2.04591e-15 0)
(1.5 2.22039e-14 0)
(1.5 -1.92701e-14 0)
(1.5 3.0851e-14 0)
(1.5 4.7373e-14 0)
(1.5 -1.05861e-14 0)
(1.5 -3.35451e-15 0)
(1.5 7.07665e-15 0)
(1.5 2.63594e-14 0)
(1.5 2.42615e-14 0)
(1.5 5.0886e-14 0)
(1.5 6.65063e-14 0)
(1.5 5.5208e-14 0)
(1.5 7.9291e-14 0)
(1.5 1.11269e-13 0)
(1.5 8.67976e-14 0)
(1.5 6.61929e-14 0)
(1.5 3.03433e-14 0)
(1.5 5.63654e-14 0)
(1.5 5.86106e-14 0)
(1.5 -3.92139e-15 0)
(1.5 -4.55976e-14 0)
(1.5 -5.37702e-14 0)
(1.5 4.91284e-14 0)
(1.5 -2.79184e-14 0)
(1.5 -1.43151e-14 0)
(1.5 9.32886e-15 0)
(1.5 1.43247e-14 0)
(1.5 2.82517e-14 0)
(1.5 -2.27442e-14 0)
(1.5 -9.12061e-14 0)
(1.5 -1.84049e-13 0)
(1.5 -1.11081e-13 0)
(1.5 -2.98952e-14 0)
(1.5 -1.32255e-14 0)
(1.5 -2.38616e-14 0)
(1.5 -1.09019e-13 0)
(1.5 -1.9373e-13 0)
(1.5 -2.36942e-13 0)
(1.5 -2.46861e-13 0)
(1.5 -1.96488e-13 0)
(1.5 -2.47141e-13 0)
(1.5 -1.92396e-13 0)
(1.5 -8.76795e-14 0)
(1.5 -4.02747e-14 0)
(1.5 -5.38647e-14 0)
(1.5 -1.82023e-14 0)
(1.5 -2.88577e-14 0)
(1.5 1.97086e-14 0)
(1.5 2.09515e-14 0)
(1.5 9.93719e-15 0)
(1.5 -3.60758e-14 0)
(1.5 -3.73471e-14 0)
(1.5 -3.02885e-14 0)
(1.5 -3.33115e-14 0)
(1.5 -9.59642e-14 0)
(1.5 -1.37482e-13 0)
(1.5 -1.49577e-13 0)
(1.5 -1.10478e-13 0)
(1.5 -2.03094e-13 0)
(1.5 -2.27869e-13 0)
(1.5 -2.26237e-13 0)
(1.5 -1.47504e-13 0)
(1.5 -1.2741e-14 0)
(1.5 -4.96622e-15 0)
(1.5 -3.07156e-14 0)
(1.5 -4.69392e-14 0)
(1.5 -7.83172e-14 0)
(1.5 -1.02922e-13 0)
(1.5 -1.29709e-13 0)
(1.5 -1.48358e-13 0)
(1.5 -1.55246e-13 0)
(1.5 -1.92033e-13 0)
(1.5 -2.27444e-13 0)
(1.5 -2.02293e-13 0)
(1.5 -1.71197e-13 0)
(1.5 -6.11162e-14 0)
(1.5 -4.70425e-14 0)
(1.5 -1.04813e-13 0)
(1.5 -2.08347e-13 0)
(1.5 -2.24095e-13 0)
(1.5 -1.94648e-13 0)
(1.5 -1.99186e-13 0)
(1.5 -1.57368e-13 0)
(1.5 -2.09062e-13 0)
(1.5 -2.24489e-13 0)
(1.5 -3.15959e-13 0)
(1.5 -3.4749e-13 0)
(1.5 -3.0054e-13 0)
(1.5 -8.55944e-14 0)
(1.5 3.39771e-14 0)
(1.5 2.38484e-14 0)
(1.5 1.42264e-14 0)
(1.5 -2.91319e-14 0)
(1.5 7.87911e-14 0)
(1.5 1.65197e-13 0)
(1.5 1.74037e-13 0)
(1.5 1.76811e-13 0)
(1.5 1.73796e-13 0)
(1.5 9.1746e-14 0)
(1.5 -4.33792e-14 0)
(1.5 -1.37855e-13 0)
(1.5 2.08062e-14 0)
(1.5 4.81251e-14 0)
(1.5 -3.74323e-14 0)
(1.5 -4.15577e-14 0)
(1.5 -1.65827e-13 0)
(1.5 -1.82374e-13 0)
(1.5 -1.02952e-13 0)
(1.5 -9.3103e-14 0)
(1.5 -7.1382e-14 0)
(1.5 -1.03032e-13 0)
(1.5 -4.25547e-14 0)
(1.5 1.35288e-14 0)
(1.5 1.08028e-14 0)
(1.5 -9.26031e-14 0)
(1.5 -1.66206e-13 0)
(1.5 -1.12124e-13 0)
(1.5 -2.80739e-14 0)
(1.5 -2.4215e-14 0)
(1.5 -6.83509e-14 0)
(1.5 -1.23077e-13 0)
(1.5 -4.72147e-14 0)
(1.5 -5.56346e-14 0)
(1.5 -7.6108e-14 0)
(1.5 -1.57292e-13 0)
(1.5 -2.8825e-13 0)
(1.5 -1.6107e-13 0)
(1.5 -7.20227e-14 0)
(1.5 -4.02768e-14 0)
(1.5 -3.28731e-14 0)
(1.5 8.54144e-16 0)
(1.5 -1.54541e-14 0)
(1.5 -1.2965e-13 0)
(1.5 -8.26635e-14 0)
(1.5 -2.92668e-14 0)
(1.5 -7.49266e-14 0)
(1.5 -1.20088e-13 0)
(1.5 -9.05771e-14 0)
(1.5 -5.34688e-14 0)
(1.5 -2.48617e-14 0)
(1.5 5.37957e-14 0)
(1.5 8.83542e-14 0)
(1.5 8.99169e-14 0)
(1.5 2.41446e-14 0)
(1.5 -6.61561e-14 0)
(1.5 -1.80582e-13 0)
(1.5 -2.37824e-13 0)
(1.5 -1.73116e-13 0)
(1.5 -1.48931e-13 0)
(1.5 -1.436e-13 0)
(1.5 -1.02484e-13 0)
(1.5 -1.11681e-13 0)
(1.5 -1.46133e-13 0)
(1.5 2.87685e-14 0)
(1.5 5.06165e-14 0)
(1.5 9.68263e-14 0)
(1.5 1.07067e-13 0)
(1.5 2.72106e-15 0)
(1.5 -1.22533e-13 0)
(1.5 -1.45774e-13 0)
(1.5 -7.99379e-14 0)
(1.5 -6.58169e-14 0)
(1.5 -9.65838e-14 0)
(1.5 2.18437e-14 0)
(1.5 6.55317e-14 0)
(1.5 5.0966e-14 0)
(1.5 -4.832e-14 0)
(1.5 -1.98307e-14 0)
(1.5 -3.27885e-14 0)
(1.5 1.62061e-15 0)
(1.5 -7.8407e-14 0)
(1.5 -1.56619e-14 0)
(1.5 1.5872e-14 0)
(1.5 9.72124e-14 0)
(1.5 1.14449e-13 0)
(1.5 1.35163e-14 0)
(1.5 -3.58194e-14 0)
(1.5 2.37715e-14 0)
(1.5 4.43837e-14 0)
(1.5 8.725e-15 0)
(1.5 -6.043e-14 0)
(1.5 -8.24175e-14 0)
(1.5 2.90662e-14 0)
(1.5 3.08895e-14 0)
(1.5 3.85348e-14 0)
(1.5 3.44543e-14 0)
(1.5 4.89513e-14 0)
(1.5 6.97384e-14 0)
(1.5 1.63055e-13 0)
(1.5 1.25254e-13 0)
(1.5 1.17819e-13 0)
(1.5 4.56075e-14 0)
(1.5 -5.66669e-15 0)
(1.5 1.16975e-13 0)
(1.5 9.91207e-14 0)
(1.5 1.19114e-13 0)
(1.5 1.44712e-13 0)
(1.5 1.1556e-13 0)
(1.5 5.78604e-14 0)
(1.5 3.35425e-14 0)
(1.5 8.17581e-15 0)
(1.5 2.60421e-14 0)
(1.5 2.22821e-14 0)
(1.5 -3.21546e-14 0)
(1.5 1.17415e-14 0)
(1.5 2.29474e-14 0)
(1.5 1.31774e-14 0)
(1.5 6.66489e-14 0)
(1.5 1.45002e-13 0)
(1.5 1.5794e-13 0)
(1.5 1.56626e-13 0)
(1.5 1.41326e-13 0)
(1.5 1.32208e-13 0)
(1.5 6.78717e-14 0)
(1.5 3.74176e-14 0)
(1.5 6.59673e-14 0)
(1.5 7.76102e-14 0)
(1.5 8.98322e-14 0)
(1.5 2.061e-14 0)
(1.5 -3.56864e-14 0)
(1.5 -4.75551e-14 0)
(1.5 3.16895e-14 0)
(1.5 7.43081e-14 0)
(1.5 6.8695e-14 0)
(1.5 1.0281e-13 0)
(1.5 6.91886e-14 0)
(1.5 8.65241e-14 0)
(1.5 8.39899e-14 0)
(1.5 -2.77473e-14 0)
(1.5 -9.48858e-14 0)
(1.5 -1.3079e-13 0)
(1.5 -4.30062e-14 0)
(1.5 -4.20755e-14 0)
(1.5 2.57583e-15 0)
(1.5 -9.93835e-15 0)
(1.5 -1.63818e-13 0)
(1.5 -2.56833e-13 0)
(1.5 -2.58054e-13 0)
(1.5 -2.3408e-13 0)
(1.5 -2.4525e-13 0)
(1.5 -2.11528e-13 0)
(1.5 -1.5701e-13 0)
(1.5 -1.17067e-13 0)
(1.5 -1.47354e-13 0)
(1.5 -1.65122e-13 0)
(1.5 -3.78052e-14 0)
(1.5 -4.17495e-15 0)
(1.5 5.7967e-14 0)
(1.5 5.74497e-14 0)
(1.5 4.22281e-14 0)
(1.5 -3.44949e-14 0)
(1.5 -5.95559e-14 0)
(1.5 -1.33096e-14 0)
(1.5 -5.52411e-14 0)
(1.5 -1.14833e-14 0)
(1.5 -3.3977e-14 0)
(1.5 3.55991e-14 0)
(1.5 1.34993e-14 0)
(1.5 -1.76016e-13 0)
(1.5 -2.47917e-13 0)
(1.5 -2.38251e-13 0)
(1.5 -1.55587e-13 0)
(1.5 -8.4546e-14 0)
(1.5 -1.1898e-14 0)
(1.5 1.42887e-14 0)
(1.5 6.11348e-14 0)
(1.5 3.90039e-14 0)
(1.5 -5.42321e-14 0)
(1.5 -9.85265e-14 0)
(1.5 -1.28722e-13 0)
(1.5 -9.02883e-14 0)
(1.5 -9.16982e-14 0)
(1.5 -1.09899e-13 0)
(1.5 -1.89757e-13 0)
(1.5 -2.17384e-13 0)
(1.5 -1.6977e-13 0)
(1.5 -1.43791e-13 0)
(1.5 -2.15501e-13 0)
(1.5 -3.30433e-13 0)
(1.5 -3.29223e-13 0)
(1.5 -3.20513e-13 0)
(1.5 -2.69137e-13 0)
(1.5 -2.44296e-13 0)
(1.5 -2.46963e-13 0)
(1.5 -1.42831e-13 0)
(1.5 -1.14814e-13 0)
(1.5 -1.44356e-13 0)
(1.5 -1.60831e-13 0)
(1.5 -9.91751e-14 0)
(1.5 -3.14738e-14 0)
(1.5 4.74307e-14 0)
(1.5 3.73853e-14 0)
(1.5 3.52853e-14 0)
(1.5 9.37422e-14 0)
(1.5 1.92161e-13 0)
(1.5 1.47325e-13 0)
(1.5 1.08941e-13 0)
(1.5 1.24494e-13 0)
(1.5 9.67945e-14 0)
(1.5 6.63173e-14 0)
(1.5 6.29599e-14 0)
(1.5 9.38196e-14 0)
(1.5 1.26555e-13 0)
(1.5 9.2147e-14 0)
(1.5 6.09752e-14 0)
(1.5 3.02978e-14 0)
(1.5 -7.89981e-14 0)
(1.5 -7.34502e-14 0)
(1.5 -3.29654e-14 0)
(1.5 -2.6844e-14 0)
(1.5 -6.62746e-14 0)
(1.5 3.12961e-15 0)
(1.5 6.98344e-14 0)
(1.5 4.15067e-14 0)
(1.5 -5.02291e-16 0)
(1.5 -1.17978e-13 0)
(1.5 -8.29985e-14 0)
(1.5 6.44399e-15 0)
(1.5 1.03181e-13 0)
(1.5 8.24875e-14 0)
(1.5 2.34362e-14 0)
(1.5 3.86368e-15 0)
(1.5 -1.4258e-14 0)
(1.5 -1.44625e-14 0)
(1.5 -3.68437e-14 0)
(1.5 -1.20147e-13 0)
(1.5 -1.00809e-13 0)
(1.5 -9.50933e-15 0)
(1.5 1.16977e-13 0)
(1.5 1.5516e-13 0)
(1.5 9.4504e-14 0)
(1.5 -4.81049e-16 0)
(1.5 -5.18937e-14 0)
(1.5 2.15485e-15 0)
(1.5 1.75401e-14 0)
(1.5 -1.38698e-13 0)
(1.5 -1.49488e-13 0)
(1.5 -1.23941e-13 0)
(1.5 -1.44512e-13 0)
(1.5 -1.71916e-13 0)
(1.5 -2.08751e-13 0)
(1.5 -1.40422e-13 0)
(1.5 -6.08968e-14 0)
(1.5 -6.76041e-14 0)
(1.5 -1.49041e-13 0)
(1.5 -1.82108e-13 0)
(1.5 -2.00949e-13 0)
(1.5 -1.60987e-13 0)
(1.5 -1.06876e-13 0)
(1.5 -5.57107e-14 0)
(1.5 -1.04284e-13 0)
(1.5 -1.20641e-13 0)
(1.5 -1.52829e-13 0)
(1.5 2.80035e-14 0)
(1.5 -2.53862e-14 0)
(1.5 -1.364e-14 0)
(1.5 4.50534e-14 0)
(1.5 -5.06137e-14 0)
(1.5 -1.4672e-13 0)
(1.5 -1.3135e-13 0)
(1.5 -5.78911e-14 0)
(1.5 -6.96194e-14 0)
(1.5 -4.81445e-14 0)
(1.5 5.51633e-14 0)
(1.5 1.30465e-13 0)
(1.5 1.38933e-13 0)
(1.5 7.79728e-14 0)
(1.5 5.98544e-14 0)
(1.5 3.23041e-14 0)
(1.5 2.11836e-14 0)
(1.5 -2.58521e-14 0)
(1.5 -3.38248e-14 0)
(1.5 -6.16924e-14 0)
(1.5 2.6207e-14 0)
(1.5 6.16687e-14 0)
(1.5 -6.20708e-15 0)
(1.5 8.78447e-15 0)
(1.5 5.42393e-16 0)
(1.5 1.74866e-14 0)
(1.5 2.55456e-14 0)
(1.5 -8.46346e-14 0)
(1.5 -9.26943e-14 0)
(1.5 5.56011e-15 0)
(1.5 7.0262e-14 0)
(1.5 7.73388e-14 0)
(1.5 7.6387e-14 0)
(1.5 5.8719e-14 0)
(1.5 -2.93975e-14 0)
(1.5 4.08445e-14 0)
(1.5 5.13755e-14 0)
(1.5 3.69905e-14 0)
(1.5 5.57729e-14 0)
(1.5 -1.12612e-14 0)
(1.5 3.00912e-14 0)
(1.5 5.15431e-14 0)
(1.5 -2.9281e-16 0)
(1.5 5.70217e-14 0)
(1.5 5.26295e-14 0)
(1.5 6.60143e-14 0)
(1.5 4.67057e-14 0)
(1.5 1.85413e-14 0)
(1.5 6.41e-14 0)
(1.5 1.63785e-14 0)
(1.5 -5.47742e-14 0)
(1.5 2.87393e-14 0)
(1.5 2.41152e-15 0)
(1.5 1.23001e-15 0)
(1.5 1.10637e-13 0)
(1.5 1.88847e-13 0)
(1.5 2.1864e-13 0)
(1.5 1.49408e-13 0)
(1.5 1.44162e-13 0)
(1.5 7.74336e-14 0)
(1.5 1.08286e-14 0)
(1.5 -2.00535e-14 0)
(1.5 -3.18061e-14 0)
(1.5 -5.38431e-14 0)
(1.5 -1.96829e-14 0)
(1.5 -1.00367e-13 0)
(1.5 -4.99121e-14 0)
(1.5 -9.76832e-15 0)
(1.5 6.88102e-14 0)
(1.5 1.26081e-15 0)
(1.5 4.25955e-14 0)
(1.5 1.58038e-14 0)
(1.5 -8.07328e-14 0)
(1.5 -6.00651e-14 0)
(1.5 -6.43873e-14 0)
(1.5 -1.15251e-13 0)
(1.5 -1.60204e-13 0)
(1.5 -1.29773e-13 0)
(1.5 -7.0779e-14 0)
(1.5 -6.72384e-14 0)
(1.5 -4.16865e-14 0)
(1.5 -4.19889e-14 0)
(1.5 -2.40651e-13 0)
(1.5 -3.29107e-13 0)
(1.5 -2.98957e-13 0)
(1.5 -2.11609e-13 0)
(1.5 -1.80168e-13 0)
(1.5 -1.35975e-13 0)
(1.5 -1.12453e-13 0)
(1.5 -1.16415e-13 0)
(1.5 -2.67697e-13 0)
(1.5 -2.6834e-13 0)
(1.5 -1.62397e-13 0)
(1.5 -7.13875e-14 0)
(1.5 -2.51359e-14 0)
(1.5 -1.03419e-13 0)
(1.5 -1.64822e-13 0)
(1.5 -1.58793e-13 0)
(1.5 -1.79513e-13 0)
(1.5 -1.31223e-13 0)
(1.5 -1.96839e-13 0)
(1.5 -9.38953e-14 0)
(1.5 -7.95232e-15 0)
(1.5 6.48584e-14 0)
(1.5 6.35361e-14 0)
(1.5 -7.58004e-15 0)
(1.5 -8.80801e-14 0)
(1.5 -1.43285e-13 0)
(1.5 -8.07388e-14 0)
(1.5 7.41574e-16 0)
(1.5 -6.28559e-14 0)
(1.5 -2.58285e-14 0)
(1.5 7.05959e-14 0)
(1.5 5.84142e-14 0)
(1.5 -2.00647e-14 0)
(1.5 -1.87968e-14 0)
(1.5 1.04793e-14 0)
(1.5 -6.01864e-14 0)
(1.5 -1.05779e-13 0)
(1.5 -1.47076e-13 0)
(1.5 -2.5353e-13 0)
(1.5 -2.45904e-13 0)
(1.5 -2.13921e-13 0)
(1.5 -1.39574e-13 0)
(1.5 -1.33427e-13 0)
(1.5 -1.95575e-13 0)
(1.5 -1.58727e-13 0)
(1.5 -2.87515e-13 0)
(1.5 -2.70912e-13 0)
(1.5 -2.28434e-13 0)
(1.5 -2.08259e-13 0)
(1.5 -1.57682e-13 0)
(1.5 -6.16608e-14 0)
(1.5 -5.38981e-14 0)
(1.5 -1.52438e-14 0)
(1.5 -1.23547e-13 0)
(1.5 -1.13829e-13 0)
(1.5 -5.99375e-14 0)
(1.5 -5.87531e-14 0)
(1.5 -3.67774e-14 0)
(1.5 1.62675e-14 0)
(1.5 1.42186e-13 0)
(1.5 1.29955e-13 0)
(1.5 6.14357e-14 0)
(1.5 -8.74948e-17 0)
(1.5 -5.52705e-14 0)
(1.5 -1.71977e-14 0)
(1.5 1.08858e-13 0)
(1.5 9.89567e-14 0)
(1.5 1.89204e-13 0)
(1.5 2.26179e-13 0)
(1.5 1.12861e-13 0)
(1.5 1.02963e-13 0)
(1.5 -3.67777e-15 0)
(1.5 -9.27979e-14 0)
(1.5 -9.31047e-14 0)
(1.5 -1.79352e-14 0)
(1.5 5.23897e-15 0)
(1.5 1.35868e-13 0)
(1.5 2.03522e-13 0)
(1.5 1.04794e-13 0)
(1.5 8.94069e-14 0)
(1.5 -3.67801e-14 0)
(1.5 -8.80743e-14 0)
(1.5 -5.30893e-14 0)
(1.5 4.65661e-14 0)
(1.5 1.13859e-13 0)
(1.5 1.53094e-13 0)
(1.5 1.1848e-13 0)
(1.5 1.30968e-13 0)
(1.5 8.97921e-14 0)
(1.5 1.02766e-13 0)
(1.5 6.31827e-14 0)
(1.5 4.68558e-15 0)
(1.5 3.01836e-14 0)
(1.5 1.36969e-13 0)
(1.5 2.40041e-13 0)
(1.5 1.66902e-13 0)
(1.5 1.20211e-15 0)
(1.5 -8.2108e-14 0)
(1.5 -4.48333e-14 0)
(1.5 -7.28225e-14 0)
(1.5 -1.75715e-13 0)
(1.5 -9.52429e-14 0)
(1.5 -1.94412e-13 0)
(1.5 -1.70953e-13 0)
(1.5 -1.49468e-13 0)
(1.5 -2.74671e-13 0)
(1.5 -2.17961e-13 0)
(1.5 -1.38383e-13 0)
(1.5 -1.39712e-13 0)
(1.5 -1.36746e-13 0)
(1.5 -5.06872e-14 0)
(1.5 -4.07458e-14 0)
(1.5 -6.23685e-14 0)
(1.5 -9.08066e-14 0)
(1.5 -1.84566e-14 0)
(1.5 -5.18421e-14 0)
(1.5 -4.42206e-14 0)
(1.5 -9.83167e-14 0)
(1.5 -2.73684e-14 0)
(1.5 -1.56319e-13 0)
(1.5 -1.55346e-13 0)
(1.5 -9.75091e-14 0)
(1.5 -3.69016e-14 0)
(1.5 -7.90281e-14 0)
(1.5 -7.70045e-14 0)
(1.5 -1.01263e-13 0)
(1.5 -5.32379e-14 0)
(1.5 8.90278e-15 0)
(1.5 2.30705e-14 0)
(1.5 8.64067e-14 0)
(1.5 1.35354e-13 0)
(1.5 1.50242e-13 0)
(1.5 7.06736e-14 0)
(1.5 4.62668e-14 0)
(1.5 -5.99928e-14 0)
(1.5 -8.44151e-14 0)
(1.5 -1.01758e-13 0)
(1.5 -1.30638e-13 0)
(1.5 -8.18157e-14 0)
(1.5 -5.94547e-14 0)
(1.5 -6.26899e-14 0)
(1.5 -5.05524e-14 0)
(1.5 -1.07403e-13 0)
(1.5 -3.53039e-14 0)
(1.5 4.27001e-14 0)
(1.5 -2.34147e-14 0)
(1.5 9.25324e-15 0)
(1.5 1.10275e-14 0)
(1.5 5.25092e-14 0)
(1.5 8.45663e-14 0)
(1.5 9.56895e-14 0)
(1.5 7.77284e-14 0)
(1.5 -1.2931e-14 0)
(1.5 -2.1709e-14 0)
(1.5 -3.81404e-14 0)
(1.5 -9.81188e-15 0)
(1.5 5.44338e-14 0)
(1.5 4.51738e-14 0)
(1.5 3.88836e-14 0)
(1.5 4.63402e-14 0)
(1.5 -2.85576e-14 0)
(1.5 -4.35588e-15 0)
(1.5 2.37068e-14 0)
(1.5 7.48373e-14 0)
(1.5 1.23827e-13 0)
(1.5 1.29197e-13 0)
(1.5 6.25982e-14 0)
(1.5 2.2492e-14 0)
(1.5 2.04031e-14 0)
(1.5 4.05225e-14 0)
(1.5 4.47479e-14 0)
(1.5 5.71375e-14 0)
(1.5 1.03134e-13 0)
(1.5 9.73164e-14 0)
(1.5 1.16413e-13 0)
(1.5 1.33717e-13 0)
(1.5 8.7674e-14 0)
(1.5 1.13498e-14 0)
(1.5 2.58085e-14 0)
(1.5 4.76213e-14 0)
(1.5 -4.7079e-15 0)
(1.5 -3.60845e-14 0)
(1.5 -1.37516e-14 0)
(1.5 -3.71578e-14 0)
(1.5 -4.59804e-14 0)
(1.5 3.25768e-14 0)
(1.5 9.825e-15 0)
(1.5 -2.37582e-14 0)
(1.5 -2.81421e-14 0)
(1.5 -7.92573e-14 0)
(1.5 -2.122e-13 0)
(1.5 -2.43687e-13 0)
(1.5 -2.25453e-13 0)
(1.5 -1.92114e-13 0)
(1.5 -1.49564e-13 0)
(1.5 -9.24572e-14 0)
(1.5 -1.33832e-13 0)
(1.5 -1.47922e-13 0)
(1.5 -1.43845e-13 0)
(1.5 -1.52225e-13 0)
(1.5 -2.53038e-13 0)
(1.5 -2.1261e-13 0)
(1.5 -1.36815e-13 0)
(1.5 -2.79851e-14 0)
(1.5 -3.69415e-14 0)
(1.5 -1.28717e-13 0)
(1.5 -1.34267e-13 0)
(1.5 -9.30202e-14 0)
(1.5 -2.27719e-13 0)
(1.5 -2.5039e-13 0)
(1.5 -1.86045e-13 0)
(1.5 -1.62493e-13 0)
(1.5 -1.60239e-13 0)
(1.5 -2.20468e-13 0)
(1.5 -2.15878e-13 0)
(1.5 -1.78027e-13 0)
(1.5 -1.98545e-13 0)
(1.5 -1.93122e-13 0)
(1.5 -1.84458e-13 0)
(1.5 -1.52145e-13 0)
(1.5 -8.72306e-14 0)
(1.5 -8.30171e-14 0)
(1.5 -6.8101e-14 0)
(1.5 -3.35782e-14 0)
(1.5 1.92347e-15 0)
(1.5 -3.48496e-14 0)
(1.5 3.99087e-15 0)
(1.5 9.11732e-14 0)
(1.5 5.60364e-14 0)
(1.5 3.19379e-14 0)
(1.5 4.06611e-14 0)
(1.5 -1.43904e-14 0)
(1.5 -3.8764e-14 0)
(1.5 -3.52551e-14 0)
(1.5 9.84171e-15 0)
(1.5 -9.80816e-14 0)
(1.5 -1.66373e-13 0)
(1.5 -1.79709e-13 0)
(1.5 -1.84745e-13 0)
(1.5 -1.2166e-13 0)
(1.5 -1.23724e-13 0)
(1.5 -1.1731e-13 0)
(1.5 -1.21565e-13 0)
(1.5 -1.22973e-13 0)
(1.5 -1.00679e-13 0)
(1.5 -1.4377e-13 0)
(1.5 -1.45773e-13 0)
(1.5 -1.45351e-13 0)
(1.5 -1.51987e-13 0)
(1.5 -1.12269e-13 0)
(1.5 -7.59766e-14 0)
(1.5 -3.66392e-14 0)
(1.5 4.29556e-14 0)
(1.5 -4.85882e-15 0)
(1.5 4.3559e-15 0)
(1.5 -6.59739e-14 0)
(1.5 -5.70478e-14 0)
(1.5 -2.41398e-14 0)
(1.5 -2.81704e-15 0)
(1.5 4.45507e-14 0)
(1.5 1.20299e-13 0)
(1.5 1.39389e-13 0)
(1.5 1.83422e-14 0)
(1.5 -1.23486e-13 0)
(1.5 -9.1255e-14 0)
(1.5 1.18081e-13 0)
(1.5 1.08507e-13 0)
(1.5 1.78847e-13 0)
(1.5 2.4134e-13 0)
(1.5 1.49107e-13 0)
(1.5 1.07198e-13 0)
(1.5 3.72964e-14 0)
(1.5 -8.32702e-14 0)
(1.5 -8.25853e-14 0)
(1.5 2.87864e-14 0)
(1.5 9.86413e-14 0)
(1.5 2.29644e-13 0)
(1.5 3.00807e-13 0)
(1.5 2.36901e-13 0)
(1.5 2.38356e-13 0)
(1.5 1.24414e-13 0)
(1.5 7.4948e-14 0)
(1.5 4.89361e-14 0)
(1.5 2.75216e-14 0)
(1.5 1.29944e-13 0)
(1.5 1.73014e-13 0)
(1.5 2.09183e-13 0)
(1.5 2.39871e-13 0)
(1.5 2.02205e-13 0)
(1.5 2.33092e-13 0)
(1.5 2.87552e-13 0)
(1.5 2.08821e-13 0)
(1.5 9.72096e-14 0)
(1.5 8.86533e-15 0)
(1.5 6.46263e-14 0)
(1.5 1.48085e-14 0)
(1.5 -5.84829e-14 0)
(1.5 -5.36832e-14 0)
(1.5 -8.3293e-14 0)
(1.5 -1.33281e-13 0)
(1.5 -1.16066e-13 0)
(1.5 1.73185e-14 0)
(1.5 -1.03773e-13 0)
(1.5 -8.84057e-14 0)
(1.5 -3.43623e-14 0)
(1.5 -1.22431e-13 0)
(1.5 -9.98787e-14 0)
(1.5 -8.17915e-14 0)
(1.5 -6.39099e-14 0)
(1.5 -5.47387e-14 0)
(1.5 -3.78575e-14 0)
(1.5 2.17589e-14 0)
(1.5 -1.63968e-14 0)
(1.5 -6.81819e-14 0)
(1.5 6.59843e-15 0)
(1.5 6.25548e-14 0)
(1.5 7.42879e-14 0)
(1.5 -3.94988e-14 0)
(1.5 -4.14772e-14 0)
(1.5 -1.34297e-13 0)
(1.5 -1.40976e-13 0)
(1.5 -1.00752e-13 0)
(1.5 9.93187e-15 0)
(1.5 4.82982e-14 0)
(1.5 1.93456e-14 0)
(1.5 -4.22755e-14 0)
(1.5 2.84586e-14 0)
(1.5 9.20839e-14 0)
(1.5 1.24563e-13 0)
(1.5 1.31333e-13 0)
(1.5 1.19491e-13 0)
(1.5 1.05917e-13 0)
(1.5 6.31505e-14 0)
(1.5 3.5464e-14 0)
(1.5 -7.00163e-14 0)
(1.5 -8.18465e-14 0)
(1.5 -1.05548e-13 0)
(1.5 -9.88515e-14 0)
(1.5 -7.50155e-14 0)
(1.5 -7.27505e-14 0)
(1.5 2.84419e-14 0)
(1.5 -5.64159e-14 0)
(1.5 -8.77847e-14 0)
(1.5 -3.11567e-14 0)
(1.5 4.09759e-14 0)
(1.5 1.224e-13 0)
(1.5 1.12248e-13 0)
(1.5 7.06748e-14 0)
(1.5 6.75038e-14 0)
(1.5 1.54243e-13 0)
(1.5 1.80691e-13 0)
(1.5 1.81836e-13 0)
(1.5 8.97512e-14 0)
(1.5 1.95672e-14 0)
(1.5 3.36691e-14 0)
(1.5 5.09566e-14 0)
(1.5 8.98798e-14 0)
(1.5 8.85109e-14 0)
(1.5 4.61296e-14 0)
(1.5 5.56768e-14 0)
(1.5 5.02376e-14 0)
(1.5 -6.88855e-15 0)
(1.5 2.6301e-14 0)
(1.5 7.39871e-14 0)
(1.5 1.15801e-13 0)
(1.5 1.25757e-13 0)
(1.5 6.76545e-14 0)
(1.5 8.24468e-14 0)
(1.5 8.71337e-14 0)
(1.5 6.81795e-14 0)
(1.5 1.17944e-13 0)
(1.5 1.44425e-13 0)
(1.5 1.11271e-13 0)
(1.5 4.81704e-14 0)
(1.5 -1.42516e-15 0)
(1.5 1.48745e-14 0)
(1.5 1.83567e-14 0)
(1.5 -1.81155e-15 0)
(1.5 -1.20582e-14 0)
(1.5 3.90591e-14 0)
(1.5 4.26794e-14 0)
(1.5 5.68172e-14 0)
(1.5 6.67499e-15 0)
(1.5 -1.7228e-14 0)
(1.5 -6.23778e-14 0)
(1.5 -4.96116e-14 0)
(1.5 -4.33591e-14 0)
(1.5 -3.83781e-14 0)
(1.5 -9.23065e-14 0)
(1.5 -1.15139e-13 0)
(1.5 -9.84393e-14 0)
(1.5 -1.6746e-13 0)
(1.5 -2.07377e-13 0)
(1.5 -1.83725e-13 0)
(1.5 -1.28757e-13 0)
(1.5 -4.65753e-14 0)
(1.5 -8.45821e-14 0)
(1.5 -1.76973e-13 0)
(1.5 -1.9426e-13 0)
(1.5 -2.70618e-13 0)
(1.5 -2.15934e-13 0)
(1.5 -2.71739e-14 0)
(1.5 4.99096e-14 0)
(1.5 1.70003e-14 0)
(1.5 -6.32138e-14 0)
(1.5 -2.10347e-13 0)
(1.5 -1.79868e-13 0)
(1.5 -8.96495e-14 0)
(1.5 5.28349e-14 0)
(1.5 2.98192e-14 0)
(1.5 -7.29469e-15 0)
(1.5 -1.59109e-14 0)
(1.5 -8.56325e-14 0)
(1.5 -1.00057e-13 0)
(1.5 -7.93905e-14 0)
(1.5 -1.38949e-13 0)
(1.5 -1.28851e-13 0)
(1.5 -2.10285e-13 0)
(1.5 -9.91403e-14 0)
(1.5 -6.80925e-14 0)
(1.5 -2.70021e-14 0)
(1.5 -3.00051e-14 0)
(1.5 -7.16011e-14 0)
(1.5 -8.32227e-14 0)
(1.5 -2.67284e-14 0)
(1.5 8.00684e-14 0)
(1.5 1.2374e-13 0)
(1.5 1.25642e-13 0)
(1.5 1.82561e-13 0)
(1.5 1.04298e-13 0)
(1.5 5.80862e-14 0)
(1.5 2.67896e-14 0)
(1.5 -6.11304e-15 0)
(1.5 -8.42957e-14 0)
(1.5 -6.02275e-14 0)
(1.5 -8.2171e-14 0)
(1.5 -9.38257e-14 0)
(1.5 -2.88371e-14 0)
(1.5 -3.3606e-14 0)
(1.5 -4.96225e-14 0)
(1.5 -1.24448e-13 0)
(1.5 -2.00457e-13 0)
(1.5 -1.83058e-13 0)
(1.5 -9.22167e-14 0)
(1.5 -4.48181e-14 0)
(1.5 5.83116e-14 0)
(1.5 -2.05466e-14 0)
(1.5 -9.28014e-14 0)
(1.5 -5.67524e-14 0)
(1.5 4.29879e-14 0)
(1.5 -4.0716e-14 0)
(1.5 -3.29968e-14 0)
(1.5 2.20751e-14 0)
(1.5 7.52479e-14 0)
(1.5 6.64605e-14 0)
(1.5 -3.86746e-14 0)
(1.5 8.15402e-15 0)
(1.5 2.8273e-14 0)
(1.5 1.28038e-14 0)
(1.5 1.83215e-14 0)
(1.5 7.69931e-14 0)
(1.5 1.14895e-13 0)
(1.5 5.47639e-14 0)
(1.5 4.06296e-14 0)
(1.5 1.00544e-13 0)
(1.5 1.54141e-13 0)
(1.5 1.10754e-13 0)
(1.5 1.0637e-13 0)
(1.5 1.91988e-13 0)
(1.5 1.75591e-13 0)
(1.5 7.35369e-14 0)
(1.5 5.4172e-14 0)
(1.5 -6.013e-14 0)
(1.5 -4.3775e-14 0)
(1.5 6.28799e-14 0)
(1.5 1.5719e-13 0)
(1.5 2.18934e-13 0)
(1.5 2.81148e-13 0)
(1.5 2.67081e-13 0)
(1.5 2.28936e-13 0)
(1.5 1.97887e-13 0)
(1.5 1.96149e-13 0)
(1.5 1.46969e-13 0)
(1.5 1.15792e-13 0)
(1.5 1.9723e-13 0)
(1.5 1.14062e-13 0)
(1.5 1.49071e-13 0)
(1.5 1.82098e-13 0)
(1.5 2.85719e-13 0)
(1.5 3.6916e-13 0)
(1.5 4.95215e-13 0)
(1.5 3.39126e-13 0)
(1.5 1.18779e-13 0)
(1.5 -3.80541e-14 0)
(1.5 -1.34268e-13 0)
(1.5 -2.69777e-13 0)
(1.5 -2.36884e-13 0)
(1.5 -3.44954e-14 0)
(1.5 -1.18974e-14 0)
(1.5 -5.63011e-14 0)
(1.5 4.20814e-14 0)
(1.5 3.21393e-14 0)
(1.5 -2.54371e-14 0)
(1.5 -7.70829e-14 0)
(1.5 -6.32835e-14 0)
(1.5 -1.03158e-13 0)
(1.5 -1.33792e-13 0)
(1.5 -2.34409e-13 0)
(1.5 -2.62552e-13 0)
(1.5 -2.10433e-13 0)
(1.5 -1.68256e-13 0)
(1.5 -3.58914e-14 0)
(1.5 1.41838e-15 0)
(1.5 5.46787e-14 0)
(1.5 8.15191e-14 0)
(1.5 1.30199e-13 0)
(1.5 6.20506e-14 0)
(1.5 -7.77881e-14 0)
(1.5 2.89157e-14 0)
(1.5 5.32879e-14 0)
(1.5 -1.51651e-15 0)
(1.5 -7.62017e-15 0)
(1.5 1.96294e-14 0)
(1.5 1.3292e-13 0)
(1.5 8.70274e-14 0)
(1.5 1.01779e-13 0)
(1.5 1.08729e-13 0)
(1.5 1.85345e-13 0)
(1.5 2.20836e-13 0)
(1.5 1.52904e-13 0)
(1.5 8.48825e-14 0)
(1.5 1.99423e-14 0)
(1.5 -1.42839e-14 0)
(1.5 -2.51895e-14 0)
(1.5 -2.16893e-14 0)
(1.5 1.14889e-14 0)
(1.5 -3.95255e-14 0)
(1.5 -6.33688e-14 0)
(1.5 -5.8629e-14 0)
(1.5 -8.20773e-14 0)
(1.5 7.17114e-14 0)
(1.5 4.02532e-15 0)
(1.5 -6.43236e-14 0)
(1.5 -1.00762e-13 0)
(1.5 -6.30533e-14 0)
(1.5 9.47064e-14 0)
(1.5 4.30058e-14 0)
(1.5 8.70682e-15 0)
(1.5 2.76697e-14 0)
(1.5 5.74327e-14 0)
(1.5 9.04295e-14 0)
(1.5 1.40325e-13 0)
(1.5 1.25466e-13 0)
(1.5 3.4919e-14 0)
(1.5 7.8531e-14 0)
(1.5 4.1767e-14 0)
(1.5 3.72137e-15 0)
(1.5 1.93828e-14 0)
(1.5 -1.67628e-14 0)
(1.5 -2.37727e-14 0)
(1.5 -7.41096e-15 0)
(1.5 -5.91846e-14 0)
(1.5 -3.68062e-14 0)
(1.5 -1.02326e-14 0)
(1.5 -4.02877e-14 0)
(1.5 -3.91872e-14 0)
(1.5 -1.82661e-14 0)
(1.5 4.73253e-14 0)
(1.5 9.33e-14 0)
(1.5 4.60044e-14 0)
(1.5 6.05038e-14 0)
(1.5 8.31509e-14 0)
(1.5 5.81175e-14 0)
(1.5 -3.40826e-14 0)
(1.5 -8.88076e-14 0)
(1.5 -1.44374e-13 0)
(1.5 -1.14254e-13 0)
(1.5 -1.24613e-13 0)
(1.5 -1.59914e-13 0)
(1.5 -7.24296e-14 0)
(1.5 -5.18746e-14 0)
(1.5 -4.85065e-14 0)
(1.5 -1.17888e-13 0)
(1.5 -1.14156e-13 0)
(1.5 -9.1272e-14 0)
(1.5 -1.46952e-13 0)
(1.5 -7.86657e-14 0)
(1.5 -8.96278e-14 0)
(1.5 -3.74968e-14 0)
(1.5 -4.71801e-14 0)
(1.5 2.39245e-14 0)
(1.5 -2.60008e-14 0)
(1.5 -5.1565e-14 0)
(1.5 -7.57253e-14 0)
(1.5 -5.02976e-14 0)
(1.5 -2.41152e-14 0)
(1.5 -6.57345e-14 0)
(1.5 -1.18962e-13 0)
(1.5 -1.10422e-13 0)
(1.5 -1.78087e-13 0)
(1.5 -5.48981e-14 0)
(1.5 3.69814e-14 0)
(1.5 5.9904e-14 0)
(1.5 -2.09831e-14 0)
(1.5 -8.90629e-14 0)
(1.5 -1.12657e-13 0)
(1.5 -5.38253e-14 0)
(1.5 -2.57692e-14 0)
(1.5 1.81046e-13 0)
(1.5 1.707e-13 0)
(1.5 9.8382e-14 0)
(1.5 8.23517e-14 0)
(1.5 1.17824e-14 0)
(1.5 -6.22671e-14 0)
(1.5 -1.08025e-13 0)
(1.5 -1.12294e-13 0)
(1.5 -9.41166e-14 0)
(1.5 -1.72485e-13 0)
(1.5 -1.46494e-13 0)
(1.5 -1.10436e-13 0)
(1.5 -3.4941e-15 0)
(1.5 3.65489e-14 0)
(1.5 5.34897e-14 0)
(1.5 4.08048e-14 0)
(1.5 4.31341e-14 0)
(1.5 1.10176e-13 0)
(1.5 1.32169e-13 0)
(1.5 1.00187e-13 0)
(1.5 7.45733e-14 0)
(1.5 3.27332e-14 0)
(1.5 5.2785e-14 0)
(1.5 9.01821e-14 0)
(1.5 1.07668e-13 0)
(1.5 1.79464e-14 0)
(1.5 4.74809e-15 0)
(1.5 -2.13199e-14 0)
(1.5 -5.64659e-14 0)
(1.5 -3.77172e-14 0)
(1.5 -5.505e-14 0)
(1.5 -1.43988e-13 0)
(1.5 -1.5145e-13 0)
(1.5 -1.50016e-13 0)
(1.5 -6.73686e-14 0)
(1.5 3.7954e-14 0)
(1.5 1.0287e-13 0)
(1.5 1.38442e-13 0)
(1.5 1.69801e-14 0)
(1.5 -6.06303e-14 0)
(1.5 3.17044e-14 0)
(1.5 7.22454e-14 0)
(1.5 -1.68988e-14 0)
(1.5 -6.80585e-15 0)
(1.5 2.45565e-14 0)
(1.5 6.60076e-14 0)
(1.5 2.17712e-14 0)
(1.5 -7.52719e-14 0)
(1.5 -8.5556e-15 0)
(1.5 -5.42372e-14 0)
(1.5 -1.48918e-13 0)
(1.5 -2.04716e-13 0)
(1.5 -1.86804e-13 0)
(1.5 -1.55431e-13 0)
(1.5 -4.73494e-14 0)
(1.5 1.44554e-13 0)
(1.5 2.25788e-13 0)
(1.5 1.36829e-13 0)
(1.5 1.15064e-13 0)
(1.5 5.65752e-14 0)
(1.5 5.80799e-14 0)
(1.5 7.99122e-14 0)
(1.5 3.35035e-14 0)
(1.5 1.66248e-14 0)
(1.5 -1.82248e-14 0)
(1.5 -3.74444e-14 0)
(1.5 7.13932e-15 0)
(1.5 1.08814e-13 0)
(1.5 1.14067e-13 0)
(1.5 1.32748e-13 0)
(1.5 1.27481e-13 0)
(1.5 7.90984e-14 0)
(1.5 1.08738e-13 0)
(1.5 9.52341e-14 0)
(1.5 6.22722e-14 0)
(1.5 8.04448e-14 0)
(1.5 1.31824e-13 0)
(1.5 9.82529e-14 0)
(1.5 5.43105e-14 0)
(1.5 7.32264e-14 0)
(1.5 2.06505e-13 0)
(1.5 2.18372e-13 0)
(1.5 2.17425e-13 0)
(1.5 9.593e-14 0)
(1.5 -2.49295e-15 0)
(1.5 -2.9201e-14 0)
(1.5 -1.74902e-13 0)
(1.5 -3.77087e-13 0)
(1.5 -4.12448e-13 0)
(1.5 -2.99198e-13 0)
(1.5 -2.03681e-13 0)
(1.5 -9.19749e-14 0)
(1.5 2.29499e-14 0)
(1.5 -3.81868e-14 0)
(1.5 -3.84037e-15 0)
(1.5 -4.51747e-14 0)
(1.5 -9.25454e-14 0)
(1.5 -1.50486e-13 0)
(1.5 -2.57915e-13 0)
(1.5 -4.29511e-13 0)
(1.5 -4.6118e-13 0)
(1.5 -3.41621e-13 0)
(1.5 -2.27912e-13 0)
(1.5 -1.16726e-13 0)
(1.5 -1.79555e-14 0)
(1.5 7.7673e-14 0)
(1.5 3.5689e-14 0)
(1.5 -4.33164e-14 0)
(1.5 -9.95918e-14 0)
(1.5 -1.00433e-13 0)
(1.5 3.82288e-14 0)
(1.5 8.29283e-14 0)
(1.5 2.22397e-15 0)
(1.5 -2.58387e-14 0)
(1.5 -7.22703e-15 0)
(1.5 -2.51489e-14 0)
(1.5 -1.42141e-15 0)
(1.5 5.92609e-14 0)
(1.5 1.12051e-13 0)
(1.5 1.51023e-13 0)
(1.5 1.09943e-13 0)
(1.5 4.86401e-14 0)
(1.5 -4.65531e-14 0)
(1.5 -4.34435e-14 0)
(1.5 -1.11891e-13 0)
(1.5 -8.03988e-14 0)
(1.5 1.05993e-14 0)
(1.5 -1.14384e-14 0)
(1.5 -1.06202e-14 0)
(1.5 -4.80834e-14 0)
(1.5 -4.27332e-14 0)
(1.5 -5.11823e-14 0)
(1.5 -7.06143e-14 0)
(1.5 -5.22337e-14 0)
(1.5 -1.37434e-13 0)
(1.5 -1.37148e-13 0)
(1.5 -1.16456e-13 0)
(1.5 -8.73547e-14 0)
(1.5 -7.51348e-14 0)
(1.5 -4.19163e-14 0)
(1.5 -3.56783e-14 0)
(1.5 -6.23243e-14 0)
(1.5 -8.18514e-14 0)
(1.5 -8.90516e-15 0)
(1.5 4.32189e-14 0)
(1.5 5.56908e-15 0)
(1.5 1.91537e-14 0)
(1.5 -1.9478e-16 0)
(1.5 -4.38471e-14 0)
(1.5 -4.22016e-14 0)
(1.5 -4.85997e-14 0)
(1.5 -7.6942e-14 0)
(1.5 -9.10147e-14 0)
(1.5 -9.97722e-14 0)
(1.5 -1.00777e-13 0)
(1.5 -1.14155e-13 0)
(1.5 -1.20613e-13 0)
(1.5 -1.21142e-13 0)
(1.5 -8.38897e-14 0)
(1.5 -5.92759e-14 0)
(1.5 -1.82977e-14 0)
(1.5 -4.31146e-14 0)
(1.5 -1.41177e-14 0)
(1.5 -8.51693e-15 0)
(1.5 -2.78607e-14 0)
(1.5 -9.94371e-14 0)
(1.5 -1.36868e-13 0)
(1.5 -1.81673e-13 0)
(1.5 -1.95111e-13 0)
(1.5 -1.92754e-13 0)
(1.5 -2.01841e-13 0)
(1.5 -1.56888e-13 0)
(1.5 -1.6055e-13 0)
(1.5 -1.68646e-13 0)
(1.5 -1.75066e-13 0)
(1.5 -1.40452e-13 0)
(1.5 -9.77805e-14 0)
(1.5 -1.36241e-13 0)
(1.5 -1.11061e-13 0)
(1.5 -5.93951e-14 0)
(1.5 5.80654e-14 0)
(1.5 7.83781e-14 0)
(1.5 1.36503e-14 0)
(1.5 -1.88159e-14 0)
(1.5 -1.37629e-14 0)
(1.5 -1.64529e-14 0)
(1.5 2.09251e-14 0)
(1.5 -8.65478e-14 0)
(1.5 -1.29023e-13 0)
(1.5 -7.38708e-14 0)
(1.5 2.48159e-14 0)
(1.5 6.46816e-14 0)
(1.5 1.3408e-13 0)
(1.5 1.22087e-13 0)
(1.5 1.14901e-13 0)
(1.5 1.09756e-13 0)
(1.5 6.73258e-14 0)
(1.5 1.07921e-13 0)
(1.5 1.24293e-13 0)
(1.5 9.48482e-14 0)
(1.5 1.70781e-14 0)
(1.5 -5.05435e-14 0)
(1.5 -1.01626e-13 0)
(1.5 -9.25211e-14 0)
(1.5 -1.57999e-13 0)
(1.5 -2.78904e-13 0)
(1.5 -3.2494e-13 0)
(1.5 -2.20545e-13 0)
(1.5 -1.53812e-13 0)
(1.5 -9.05177e-14 0)
(1.5 -1.13776e-13 0)
(1.5 -7.02829e-14 0)
(1.5 -6.48072e-14 0)
(1.5 -2.68328e-14 0)
(1.5 9.28785e-14 0)
(1.5 1.81093e-13 0)
(1.5 1.42754e-13 0)
(1.5 6.57584e-14 0)
(1.5 2.09826e-14 0)
(1.5 6.16406e-17 0)
(1.5 -4.15883e-14 0)
(1.5 1.57189e-14 0)
(1.5 -1.40722e-14 0)
(1.5 3.80036e-15 0)
(1.5 2.79356e-14 0)
(1.5 3.25977e-14 0)
(1.5 3.49397e-14 0)
(1.5 1.43811e-14 0)
(1.5 -4.45163e-14 0)
(1.5 -6.81718e-14 0)
(1.5 -9.18745e-14 0)
(1.5 -1.69314e-13 0)
(1.5 -1.15739e-13 0)
(1.5 -3.10396e-14 0)
(1.5 4.10983e-14 0)
(1.5 6.54977e-14 0)
(1.5 1.07312e-13 0)
(1.5 -8.4349e-15 0)
(1.5 -5.96202e-14 0)
(1.5 -7.39169e-14 0)
(1.5 -1.24001e-14 0)
(1.5 -4.4364e-14 0)
(1.5 -1.21966e-14 0)
(1.5 7.66909e-14 0)
(1.5 2.36579e-14 0)
(1.5 2.01041e-14 0)
(1.5 3.90001e-14 0)
(1.5 4.05506e-14 0)
(1.5 1.08714e-13 0)
(1.5 6.96007e-14 0)
(1.5 -2.78621e-14 0)
(1.5 -1.33848e-13 0)
(1.5 -2.35235e-13 0)
(1.5 -2.05505e-13 0)
(1.5 -4.6282e-14 0)
(1.5 1.1494e-13 0)
(1.5 1.52659e-13 0)
(1.5 4.95279e-14 0)
(1.5 1.04036e-13 0)
(1.5 2.0706e-14 0)
(1.5 -8.79534e-14 0)
(1.5 -4.92249e-14 0)
(1.5 6.10781e-15 0)
(1.5 6.2167e-15 0)
(1.5 6.51498e-14 0)
(1.5 3.07433e-14 0)
(1.5 -8.04754e-16 0)
(1.5 4.18378e-14 0)
(1.5 2.95512e-14 0)
(1.5 4.54359e-14 0)
(1.5 5.63201e-14 0)
(1.5 5.46048e-14 0)
(1.5 9.07224e-14 0)
(1.5 9.13423e-14 0)
(1.5 9.69029e-14 0)
(1.5 9.92706e-14 0)
(1.5 7.99739e-14 0)
(1.5 3.10584e-14 0)
(1.5 1.78039e-16 0)
(1.5 3.86604e-14 0)
(1.5 1.63524e-13 0)
(1.5 1.29066e-13 0)
(1.5 -8.59042e-15 0)
(1.5 -5.68053e-14 0)
(1.5 -5.96449e-14 0)
(1.5 -7.6153e-14 0)
(1.5 -9.53142e-14 0)
(1.5 -1.79798e-13 0)
(1.5 -2.9812e-13 0)
(1.5 -2.84195e-13 0)
(1.5 -2.40733e-13 0)
(1.5 -8.8871e-14 0)
(1.5 -2.06623e-14 0)
(1.5 -2.6819e-14 0)
(1.5 2.69046e-14 0)
(1.5 2.75843e-14 0)
(1.5 3.29233e-15 0)
(1.5 -2.89949e-14 0)
(1.5 -1.76949e-13 0)
(1.5 -3.42452e-13 0)
(1.5 -3.22257e-13 0)
(1.5 -1.98436e-13 0)
(1.5 -1.32365e-13 0)
(1.5 -5.92061e-14 0)
(1.5 -1.22039e-14 0)
(1.5 7.41709e-14 0)
(1.5 6.88968e-15 0)
(1.5 -1.13654e-13 0)
(1.5 -7.08225e-14 0)
(1.5 8.62431e-14 0)
(1.5 9.40744e-15 0)
(1.5 1.03945e-13 0)
(1.5 5.30015e-14 0)
(1.5 -4.37143e-14 0)
(1.5 -4.81337e-14 0)
(1.5 -8.50948e-14 0)
(1.5 -8.98766e-14 0)
(1.5 -9.67926e-14 0)
(1.5 -6.56694e-15 0)
(1.5 1.01264e-15 0)
(1.5 -4.9299e-14 0)
(1.5 -6.24191e-15 0)
(1.5 -1.21325e-13 0)
(1.5 -1.30635e-13 0)
(1.5 -1.33063e-13 0)
(1.5 -6.47844e-14 0)
(1.5 2.91312e-14 0)
(1.5 -3.25987e-14 0)
(1.5 -3.42161e-14 0)
(1.5 -5.77108e-14 0)
(1.5 -6.52226e-14 0)
(1.5 -1.13856e-14 0)
(1.5 -1.2146e-13 0)
(1.5 -7.28775e-14 0)
(1.5 -1.03688e-13 0)
(1.5 -1.02291e-13 0)
(1.5 -5.32143e-14 0)
(1.5 -8.78202e-14 0)
(1.5 -2.78676e-14 0)
(1.5 2.28422e-14 0)
(1.5 9.32882e-15 0)
(1.5 -1.27468e-14 0)
(1.5 -3.96694e-14 0)
(1.5 9.17872e-15 0)
(1.5 6.60674e-14 0)
(1.5 5.09125e-14 0)
(1.5 -1.07436e-14 0)
(1.5 -6.30547e-14 0)
(1.5 -3.16042e-15 0)
(1.5 -2.44737e-14 0)
(1.5 -1.06963e-13 0)
(1.5 -1.17066e-13 0)
(1.5 -1.43797e-13 0)
(1.5 -1.12966e-13 0)
(1.5 -5.69836e-14 0)
(1.5 -7.76445e-14 0)
(1.5 -2.6558e-14 0)
(1.5 -3.0071e-14 0)
(1.5 -2.99553e-15 0)
(1.5 -7.04995e-14 0)
(1.5 -8.57372e-14 0)
(1.5 -2.85234e-14 0)
(1.5 -5.93926e-15 0)
(1.5 9.89615e-15 0)
(1.5 -4.41881e-14 0)
(1.5 -6.17695e-14 0)
(1.5 -8.20748e-14 0)
(1.5 -9.93723e-14 0)
(1.5 -1.37165e-13 0)
(1.5 -1.05494e-13 0)
(1.5 -1.15801e-13 0)
(1.5 -1.08147e-13 0)
(1.5 -1.4489e-13 0)
(1.5 -1.18296e-13 0)
(1.5 -1.113e-13 0)
(1.5 -9.44435e-14 0)
(1.5 -2.27597e-14 0)
(1.5 -2.816e-14 0)
(1.5 -2.4188e-14 0)
(1.5 -1.04086e-15 0)
(1.5 4.27798e-14 0)
(1.5 1.049e-13 0)
(1.5 1.22058e-14 0)
(1.5 -1.6132e-14 0)
(1.5 -3.41058e-14 0)
(1.5 -7.56301e-15 0)
(1.5 -2.18144e-14 0)
(1.5 -1.58755e-13 0)
(1.5 -1.07127e-13 0)
(1.5 -1.03777e-14 0)
(1.5 6.72068e-14 0)
(1.5 1.45297e-13 0)
(1.5 1.21623e-13 0)
(1.5 1.08601e-13 0)
(1.5 1.49763e-13 0)
(1.5 2.3995e-13 0)
(1.5 2.35236e-13 0)
(1.5 2.72056e-13 0)
(1.5 2.05879e-13 0)
(1.5 1.44185e-13 0)
(1.5 -5.55738e-14 0)
(1.5 -1.08693e-13 0)
(1.5 -1.68109e-13 0)
(1.5 -1.6071e-13 0)
(1.5 -2.04302e-13 0)
(1.5 -3.0758e-13 0)
(1.5 -3.1214e-13 0)
(1.5 -2.2214e-13 0)
(1.5 -1.24315e-13 0)
(1.5 -6.49012e-14 0)
(1.5 -2.56989e-14 0)
(1.5 2.94156e-14 0)
(1.5 -3.37736e-14 0)
(1.5 -9.19487e-15 0)
(1.5 4.70063e-14 0)
(1.5 1.82857e-13 0)
(1.5 1.43866e-13 0)
(1.5 1.00161e-13 0)
(1.5 4.43514e-14 0)
(1.5 -2.64534e-14 0)
(1.5 -6.19695e-14 0)
(1.5 -7.38231e-14 0)
(1.5 -1.18999e-13 0)
(1.5 -6.27976e-14 0)
(1.5 -7.06603e-14 0)
(1.5 -1.55019e-14 0)
(1.5 -1.14424e-14 0)
(1.5 -1.33221e-14 0)
(1.5 5.26296e-14 0)
(1.5 6.26047e-14 0)
(1.5 -9.5515e-15 0)
(1.5 -2.51538e-14 0)
(1.5 1.52942e-14 0)
(1.5 1.43107e-14 0)
(1.5 4.56246e-14 0)
(1.5 4.77885e-14 0)
(1.5 1.37618e-14 0)
(1.5 -1.22334e-13 0)
(1.5 -1.5917e-13 0)
(1.5 -1.0783e-13 0)
(1.5 -2.19701e-14 0)
(1.5 -3.16091e-14 0)
(1.5 5.68233e-14 0)
(1.5 1.16045e-13 0)
(1.5 2.02588e-14 0)
(1.5 -2.95882e-15 0)
(1.5 5.06093e-14 0)
(1.5 1.75027e-13 0)
(1.5 2.47699e-13 0)
(1.5 2.46e-13 0)
(1.5 2.29425e-13 0)
(1.5 1.9903e-13 0)
(1.5 8.53302e-15 0)
(1.5 5.79704e-15 0)
(1.5 9.86531e-14 0)
(1.5 2.04223e-13 0)
(1.5 2.09915e-13 0)
(1.5 1.02518e-13 0)
(1.5 1.6438e-13 0)
(1.5 6.75401e-14 0)
(1.5 -1.07325e-14 0)
(1.5 -4.8025e-15 0)
(1.5 2.93928e-14 0)
(1.5 6.6156e-14 0)
(1.5 9.68428e-14 0)
(1.5 4.30195e-14 0)
(1.5 6.40329e-14 0)
(1.5 1.09392e-13 0)
(1.5 1.8743e-13 0)
(1.5 2.14795e-13 0)
(1.5 2.3279e-13 0)
(1.5 2.45149e-13 0)
(1.5 1.96256e-13 0)
(1.5 1.85985e-13 0)
(1.5 1.88263e-13 0)
(1.5 1.13348e-13 0)
(1.5 2.72456e-14 0)
(1.5 -6.57297e-14 0)
(1.5 1.61881e-14 0)
(1.5 1.39928e-13 0)
(1.5 2.74345e-13 0)
(1.5 2.29708e-13 0)
(1.5 6.69514e-14 0)
(1.5 1.23496e-14 0)
(1.5 -3.76003e-14 0)
(1.5 -7.85672e-14 0)
(1.5 -8.12881e-14 0)
(1.5 1.22965e-15 0)
(1.5 4.37064e-14 0)
(1.5 1.01605e-13 0)
(1.5 1.40258e-13 0)
(1.5 1.84457e-13 0)
(1.5 1.70192e-13 0)
(1.5 1.25179e-13 0)
(1.5 1.53979e-13 0)
(1.5 1.76165e-13 0)
(1.5 1.14036e-13 0)
(1.5 3.09721e-14 0)
(1.5 -6.15463e-14 0)
(1.5 -1.58421e-13 0)
(1.5 -1.67932e-13 0)
(1.5 8.35596e-15 0)
(1.5 7.68961e-15 0)
(1.5 4.1288e-14 0)
(1.5 1.10559e-13 0)
(1.5 2.44922e-13 0)
(1.5 2.71307e-13 0)
(1.5 1.82524e-13 0)
(1.5 2.23428e-13 0)
(1.5 3.00201e-13 0)
(1.5 2.20435e-14 0)
(1.5 1.53486e-13 0)
(1.5 1.65943e-13 0)
(1.5 6.84916e-14 0)
(1.5 3.12261e-14 0)
(1.5 4.08308e-14 0)
(1.5 2.92353e-16 0)
(1.5 -8.27385e-14 0)
(1.5 -1.04341e-13 0)
(1.5 -1.52358e-13 0)
(1.5 -1.18921e-13 0)
(1.5 -6.54172e-14 0)
(1.5 -1.29512e-13 0)
(1.5 -1.33823e-13 0)
(1.5 -3.58723e-14 0)
(1.5 1.6202e-14 0)
(1.5 5.53671e-16 0)
(1.5 8.64845e-16 0)
(1.5 -4.63901e-14 0)
(1.5 -6.23782e-14 0)
(1.5 -7.47586e-14 0)
(1.5 -5.48701e-14 0)
(1.5 -3.50999e-14 0)
(1.5 1.86732e-14 0)
(1.5 -3.85136e-14 0)
(1.5 -1.1668e-13 0)
(1.5 -8.75645e-14 0)
(1.5 -6.14078e-14 0)
(1.5 -1.47871e-14 0)
(1.5 5.18046e-14 0)
(1.5 7.13648e-14 0)
(1.5 1.32011e-14 0)
(1.5 3.98252e-14 0)
(1.5 4.31296e-14 0)
(1.5 9.98776e-14 0)
(1.5 6.61629e-14 0)
(1.5 -1.35404e-14 0)
(1.5 -1.04505e-13 0)
(1.5 -4.42272e-14 0)
(1.5 -4.3347e-14 0)
(1.5 -1.43178e-13 0)
(1.5 -1.66761e-13 0)
(1.5 -1.88022e-13 0)
(1.5 -1.11282e-13 0)
(1.5 -6.27356e-14 0)
(1.5 -5.50796e-14 0)
(1.5 -5.66044e-14 0)
(1.5 -5.85791e-14 0)
(1.5 -8.51351e-14 0)
(1.5 -9.99505e-14 0)
(1.5 -9.74398e-14 0)
(1.5 -2.98292e-14 0)
(1.5 -7.88209e-14 0)
(1.5 -7.47941e-14 0)
(1.5 -9.70427e-14 0)
(1.5 -1.13971e-13 0)
(1.5 -8.90007e-14 0)
(1.5 -8.22403e-14 0)
(1.5 -9.65926e-14 0)
(1.5 -8.59633e-14 0)
(1.5 -7.365e-14 0)
(1.5 -6.85431e-14 0)
(1.5 -1.18931e-13 0)
(1.5 -1.29302e-13 0)
(1.5 -8.08103e-14 0)
(1.5 -3.46291e-14 0)
(1.5 -1.26838e-14 0)
(1.5 1.07723e-16 0)
(1.5 3.08515e-14 0)
(1.5 1.78739e-14 0)
(1.5 -2.52912e-14 0)
(1.5 8.2644e-16 0)
(1.5 -1.49202e-14 0)
(1.5 -6.82128e-15 0)
(1.5 -3.07955e-14 0)
(1.5 -6.9314e-14 0)
(1.5 -8.31552e-14 0)
(1.5 -1.4747e-13 0)
(1.5 -9.72157e-14 0)
(1.5 -9.73025e-15 0)
(1.5 -6.81198e-15 0)
(1.5 8.47007e-14 0)
(1.5 6.95909e-14 0)
(1.5 5.01451e-14 0)
(1.5 1.19886e-13 0)
(1.5 2.09537e-13 0)
(1.5 2.28238e-13 0)
(1.5 3.05673e-13 0)
(1.5 2.57306e-13 0)
(1.5 1.38296e-13 0)
(1.5 1.65576e-14 0)
(1.5 1.02423e-13 0)
(1.5 4.38978e-14 0)
(1.5 -6.24769e-14 0)
(1.5 -6.58549e-14 0)
(1.5 -1.0522e-13 0)
(1.5 -8.82411e-14 0)
(1.5 -4.06877e-14 0)
(1.5 9.43599e-15 0)
(1.5 -2.64166e-14 0)
(1.5 2.26137e-14 0)
(1.5 2.73229e-14 0)
(1.5 2.24979e-14 0)
(1.5 6.92835e-16 0)
(1.5 1.59405e-14 0)
(1.5 2.61154e-14 0)
(1.5 7.92206e-14 0)
(1.5 1.33098e-13 0)
(1.5 1.04654e-13 0)
(1.5 2.04279e-14 0)
(1.5 -5.16335e-15 0)
(1.5 -4.63018e-14 0)
(1.5 -6.76947e-14 0)
(1.5 -1.38294e-13 0)
(1.5 -1.55553e-13 0)
(1.5 -1.30791e-13 0)
(1.5 -1.5824e-13 0)
(1.5 -8.48371e-14 0)
(1.5 7.90883e-14 0)
(1.5 6.34657e-14 0)
(1.5 3.73738e-14 0)
(1.5 3.85134e-14 0)
(1.5 7.7629e-14 0)
(1.5 -8.20676e-15 0)
(1.5 -1.69568e-14 0)
(1.5 8.24471e-15 0)
(1.5 -1.2406e-14 0)
(1.5 8.00049e-15 0)
(1.5 5.20626e-14 0)
(1.5 1.38704e-13 0)
(1.5 1.88363e-13 0)
(1.5 1.79205e-13 0)
(1.5 1.98863e-13 0)
(1.5 1.112e-13 0)
(1.5 6.75969e-14 0)
(1.5 -2.59382e-14 0)
(1.5 2.80675e-14 0)
(1.5 1.64309e-13 0)
(1.5 1.42644e-13 0)
(1.5 2.42081e-13 0)
(1.5 3.15069e-13 0)
(1.5 2.68465e-13 0)
(1.5 2.07952e-13 0)
(1.5 1.28801e-13 0)
(1.5 1.64673e-13 0)
(1.5 1.8747e-13 0)
(1.5 2.10993e-13 0)
(1.5 1.91513e-13 0)
(1.5 1.63863e-13 0)
(1.5 9.09178e-14 0)
(1.5 1.2681e-14 0)
(1.5 -3.05852e-14 0)
(1.5 5.51118e-14 0)
(1.5 8.56205e-14 0)
(1.5 6.38097e-14 0)
(1.5 -6.37473e-14 0)
(1.5 -9.46864e-15 0)
(1.5 9.70236e-14 0)
(1.5 1.51214e-13 0)
(1.5 2.04299e-13 0)
(1.5 1.9275e-13 0)
(1.5 2.04646e-13 0)
(1.5 1.20738e-13 0)
(1.5 -7.60713e-15 0)
(1.5 -7.79414e-14 0)
(1.5 -1.53897e-13 0)
(1.5 -2.06714e-13 0)
(1.5 -1.18434e-13 0)
(1.5 -3.54698e-14 0)
(1.5 1.06734e-13 0)
(1.5 2.16638e-13 0)
(1.5 1.65357e-13 0)
(1.5 -6.51306e-15 0)
(1.5 -9.4435e-14 0)
(1.5 -1.10665e-13 0)
(1.5 -1.37126e-13 0)
(1.5 -1.52492e-13 0)
(1.5 -1.84201e-14 0)
(1.5 1.13105e-13 0)
(1.5 1.2608e-13 0)
(1.5 1.30947e-13 0)
(1.5 1.57594e-13 0)
(1.5 1.66402e-13 0)
(1.5 1.37162e-13 0)
(1.5 1.68393e-13 0)
(1.5 9.67152e-14 0)
(1.5 -1.81027e-14 0)
(1.5 -4.45396e-14 0)
(1.5 -2.89001e-14 0)
(1.5 -9.86325e-15 0)
(1.5 -6.90413e-14 0)
(1.5 6.81472e-14 0)
(1.5 -2.89449e-16 0)
(1.5 1.87036e-14 0)
(1.5 1.10689e-13 0)
(1.5 2.04845e-13 0)
(1.5 2.97382e-13 0)
(1.5 2.55913e-13 0)
(1.5 2.0438e-13 0)
(1.5 1.77e-13 0)
(1.5 1.91948e-14 0)
(1.5 1.20493e-13 0)
(1.5 1.78908e-13 0)
(1.5 1.28024e-13 0)
(1.5 1.31623e-13 0)
(1.5 1.52775e-13 0)
(1.5 1.71458e-13 0)
(1.5 6.96561e-14 0)
(1.5 -1.78754e-16 0)
(1.5 -9.6987e-14 0)
(1.5 -1.0679e-13 0)
(1.5 -1.57025e-13 0)
(1.5 -1.06216e-13 0)
(1.5 -3.52077e-14 0)
(1.5 8.84286e-14 0)
(1.5 1.19927e-13 0)
(1.5 1.76586e-14 0)
(1.5 5.76106e-14 0)
(1.5 8.77629e-15 0)
(1.5 4.11242e-15 0)
(1.5 -2.45378e-14 0)
(1.5 -4.60296e-14 0)
(1.5 7.67108e-14 0)
(1.5 4.99314e-14 0)
(1.5 -1.30978e-15 0)
(1.5 -6.75812e-14 0)
(1.5 -1.11291e-13 0)
(1.5 -4.49634e-14 0)
(1.5 -5.52318e-14 0)
(1.5 8.89005e-15 0)
(1.5 1.71605e-14 0)
(1.5 -4.17599e-14 0)
(1.5 6.19843e-15 0)
(1.5 -1.50141e-14 0)
(1.5 -6.66501e-15 0)
(1.5 -5.74452e-14 0)
(1.5 -3.48274e-14 0)
(1.5 -1.0571e-13 0)
(1.5 -1.22446e-13 0)
(1.5 -9.21265e-14 0)
(1.5 -6.63907e-14 0)
(1.5 -9.12236e-14 0)
(1.5 -7.51664e-14 0)
(1.5 -1.46353e-14 0)
(1.5 -3.03008e-14 0)
(1.5 -4.67093e-14 0)
(1.5 -9.16004e-14 0)
(1.5 -1.09143e-13 0)
(1.5 -1.30988e-13 0)
(1.5 -9.27675e-14 0)
(1.5 -4.32206e-14 0)
(1.5 -6.42164e-14 0)
(1.5 -1.05518e-13 0)
(1.5 -1.06705e-13 0)
(1.5 -1.19372e-13 0)
(1.5 -1.37312e-13 0)
(1.5 -1.32674e-13 0)
(1.5 -7.05536e-14 0)
(1.5 -4.14144e-14 0)
(1.5 -3.82127e-14 0)
(1.5 -3.8509e-14 0)
(1.5 -1.32097e-13 0)
(1.5 -1.45853e-13 0)
(1.5 -1.67724e-13 0)
(1.5 -1.01905e-13 0)
(1.5 -3.09687e-14 0)
(1.5 -6.03184e-15 0)
(1.5 6.24423e-15 0)
(1.5 3.03663e-14 0)
(1.5 -3.07894e-15 0)
(1.5 -1.17587e-13 0)
(1.5 -1.7542e-13 0)
(1.5 -6.7265e-14 0)
(1.5 -5.99836e-14 0)
(1.5 -8.25253e-14 0)
(1.5 -1.73117e-13 0)
(1.5 -1.6106e-13 0)
(1.5 -4.49468e-14 0)
(1.5 -3.61897e-14 0)
(1.5 -1.75129e-14 0)
(1.5 -1.23744e-13 0)
(1.5 -1.19218e-13 0)
(1.5 5.5626e-14 0)
(1.5 1.38866e-13 0)
(1.5 1.49541e-13 0)
(1.5 9.78344e-14 0)
(1.5 7.8084e-14 0)
(1.5 1.75421e-13 0)
(1.5 2.37754e-13 0)
(1.5 2.16225e-13 0)
(1.5 2.16291e-13 0)
(1.5 2.41883e-13 0)
(1.5 1.7084e-13 0)
(1.5 8.30296e-14 0)
(1.5 8.53057e-14 0)
(1.5 1.43672e-13 0)
(1.5 1.89219e-13 0)
(1.5 1.81557e-13 0)
(1.5 1.39545e-13 0)
(1.5 1.34331e-13 0)
(1.5 1.63893e-13 0)
(1.5 5.81881e-14 0)
(1.5 5.00714e-14 0)
(1.5 1.99498e-14 0)
(1.5 1.72511e-14 0)
(1.5 -2.29835e-14 0)
(1.5 6.76144e-14 0)
(1.5 9.08016e-14 0)
(1.5 4.45382e-14 0)
(1.5 -1.33774e-14 0)
(1.5 3.60606e-14 0)
(1.5 7.62328e-14 0)
(1.5 5.75271e-14 0)
(1.5 -8.31844e-14 0)
(1.5 -1.51781e-13 0)
(1.5 -1.60432e-13 0)
(1.5 -1.41291e-13 0)
(1.5 -1.61884e-14 0)
(1.5 8.69564e-14 0)
(1.5 1.10775e-13 0)
(1.5 1.45545e-13 0)
(1.5 9.14328e-14 0)
(1.5 -2.82012e-15 0)
(1.5 -4.03333e-14 0)
(1.5 -6.51931e-14 0)
(1.5 1.00823e-14 0)
(1.5 1.0197e-13 0)
(1.5 1.74485e-13 0)
(1.5 2.685e-13 0)
(1.5 3.09513e-13 0)
(1.5 3.09416e-13 0)
(1.5 3.16274e-13 0)
(1.5 3.34734e-13 0)
(1.5 2.06273e-13 0)
(1.5 1.74179e-13 0)
(1.5 6.03051e-14 0)
(1.5 3.77953e-14 0)
(1.5 1.71508e-13 0)
(1.5 1.27572e-13 0)
(1.5 1.96584e-13 0)
(1.5 2.5253e-13 0)
(1.5 1.6533e-13 0)
(1.5 2.37294e-13 0)
(1.5 1.59747e-13 0)
(1.5 9.17723e-14 0)
(1.5 7.72028e-14 0)
(1.5 7.86768e-14 0)
(1.5 1.49527e-13 0)
(1.5 9.44941e-14 0)
(1.5 1.06335e-13 0)
(1.5 -4.68518e-15 0)
(1.5 -5.76623e-14 0)
(1.5 7.47974e-14 0)
(1.5 8.82333e-14 0)
(1.5 -3.73459e-14 0)
(1.5 -1.46252e-13 0)
(1.5 -1.83939e-13 0)
(1.5 -1.32152e-13 0)
(1.5 -1.16372e-13 0)
(1.5 -1.34331e-13 0)
(1.5 -1.45107e-13 0)
(1.5 -1.53547e-13 0)
(1.5 -1.9159e-13 0)
(1.5 -2.095e-13 0)
(1.5 -1.89293e-13 0)
(1.5 -2.69452e-13 0)
(1.5 -2.89616e-13 0)
(1.5 -1.12868e-13 0)
(1.5 -9.27095e-14 0)
(1.5 -6.37139e-14 0)
(1.5 -8.64427e-14 0)
(1.5 -6.99865e-14 0)
(1.5 -5.23897e-14 0)
(1.5 -9.52503e-14 0)
(1.5 -9.30671e-14 0)
(1.5 -1.68358e-13 0)
(1.5 -1.18925e-13 0)
(1.5 -2.56255e-14 0)
(1.5 7.6157e-15 0)
(1.5 -4.06439e-14 0)
(1.5 -6.69392e-14 0)
(1.5 -3.40435e-14 0)
(1.5 9.74244e-14 0)
(1.5 1.1859e-13 0)
(1.5 7.30969e-14 0)
(1.5 -9.63054e-14 0)
(1.5 -2.15497e-13 0)
(1.5 -9.06491e-14 0)
(1.5 -6.50777e-15 0)
(1.5 7.00422e-14 0)
(1.5 3.04622e-14 0)
(1.5 -2.89535e-15 0)
(1.5 4.0744e-15 0)
(1.5 -4.0213e-15 0)
(1.5 4.82417e-14 0)
(1.5 1.26497e-14 0)
(1.5 -1.22882e-14 0)
(1.5 6.7931e-14 0)
(1.5 -4.68889e-14 0)
(1.5 -8.3705e-14 0)
(1.5 2.50004e-14 0)
(1.5 5.66218e-14 0)
(1.5 5.81011e-14 0)
(1.5 7.16491e-14 0)
(1.5 1.78086e-13 0)
(1.5 1.91594e-13 0)
(1.5 1.93132e-13 0)
(1.5 1.13247e-13 0)
(1.5 3.2953e-14 0)
(1.5 -7.53018e-14 0)
(1.5 -1.18666e-13 0)
(1.5 -1.67399e-13 0)
(1.5 -3.38309e-14 0)
(1.5 7.8244e-15 0)
(1.5 1.04722e-13 0)
(1.5 9.46711e-14 0)
(1.5 1.75854e-14 0)
(1.5 2.3686e-14 0)
(1.5 1.15001e-14 0)
(1.5 2.98068e-14 0)
(1.5 -5.12752e-15 0)
(1.5 1.14145e-14 0)
(1.5 4.44945e-14 0)
(1.5 8.40973e-15 0)
(1.5 -1.85053e-14 0)
(1.5 6.7197e-15 0)
(1.5 -1.6455e-14 0)
(1.5 1.66988e-14 0)
(1.5 -1.42215e-15 0)
(1.5 9.34436e-15 0)
(1.5 -1.20849e-14 0)
(1.5 -8.56374e-15 0)
(1.5 2.03209e-14 0)
(1.5 -5.0319e-14 0)
(1.5 -1.1694e-13 0)
(1.5 -1.00584e-13 0)
(1.5 -7.41513e-14 0)
(1.5 -1.59572e-13 0)
(1.5 -2.21378e-13 0)
(1.5 -1.07135e-13 0)
(1.5 -6.03533e-14 0)
(1.5 -6.08772e-14 0)
(1.5 1.4728e-14 0)
(1.5 2.63487e-14 0)
(1.5 2.81004e-14 0)
(1.5 2.28043e-14 0)
(1.5 -1.71081e-14 0)
(1.5 -3.26819e-14 0)
(1.5 -2.21523e-14 0)
(1.5 -3.53175e-14 0)
(1.5 2.81512e-14 0)
(1.5 3.96092e-15 0)
(1.5 -1.19728e-14 0)
(1.5 6.50631e-15 0)
(1.5 -9.15788e-14 0)
(1.5 -4.24414e-14 0)
(1.5 -3.84641e-14 0)
(1.5 4.18165e-14 0)
(1.5 6.78058e-14 0)
(1.5 9.49211e-14 0)
(1.5 8.22333e-14 0)
(1.5 -1.18502e-13 0)
(1.5 -1.58646e-13 0)
(1.5 -7.85988e-14 0)
(1.5 -1.0949e-13 0)
(1.5 -7.44152e-14 0)
(1.5 -3.9006e-15 0)
(1.5 1.00729e-14 0)
(1.5 1.73256e-14 0)
(1.5 -2.47585e-15 0)
(1.5 -5.97647e-14 0)
(1.5 -3.50944e-14 0)
(1.5 4.80113e-14 0)
(1.5 1.48555e-14 0)
(1.5 -6.17368e-14 0)
(1.5 -8.65935e-14 0)
(1.5 -9.49737e-14 0)
(1.5 1.0188e-13 0)
(1.5 1.11198e-13 0)
(1.5 1.00696e-13 0)
(1.5 7.28474e-15 0)
(1.5 -2.39295e-14 0)
(1.5 1.11254e-13 0)
(1.5 1.77176e-13 0)
(1.5 9.67733e-14 0)
(1.5 -6.51234e-15 0)
(1.5 -6.12806e-14 0)
(1.5 2.26703e-14 0)
(1.5 9.05804e-14 0)
(1.5 1.41752e-13 0)
(1.5 2.2674e-13 0)
(1.5 1.45676e-13 0)
(1.5 8.21614e-14 0)
(1.5 5.34139e-14 0)
(1.5 3.9701e-14 0)
(1.5 1.60291e-13 0)
(1.5 2.47089e-13 0)
(1.5 2.20263e-13 0)
(1.5 1.61226e-13 0)
(1.5 2.38167e-13 0)
(1.5 3.12834e-13 0)
(1.5 2.01357e-13 0)
(1.5 8.14407e-14 0)
(1.5 5.90384e-14 0)
(1.5 3.15345e-14 0)
(1.5 2.48384e-14 0)
(1.5 2.82125e-14 0)
(1.5 -1.55341e-14 0)
(1.5 -5.64245e-14 0)
(1.5 -3.38499e-14 0)
(1.5 2.6575e-14 0)
(1.5 3.21666e-14 0)
(1.5 3.57358e-14 0)
(1.5 1.02716e-14 0)
(1.5 -4.55034e-14 0)
(1.5 -9.08246e-15 0)
(1.5 4.96709e-14 0)
(1.5 7.22785e-14 0)
(1.5 4.32575e-14 0)
(1.5 8.70467e-14 0)
(1.5 1.39675e-13 0)
(1.5 7.14501e-14 0)
(1.5 -1.34073e-13 0)
(1.5 -9.65537e-14 0)
(1.5 -6.90559e-14 0)
(1.5 5.52273e-14 0)
(1.5 1.71814e-13 0)
(1.5 2.1879e-13 0)
(1.5 2.77487e-13 0)
(1.5 2.56237e-13 0)
(1.5 2.54496e-13 0)
(1.5 2.66391e-13 0)
(1.5 3.2584e-13 0)
(1.5 3.30263e-13 0)
(1.5 2.18272e-13 0)
(1.5 1.70213e-13 0)
(1.5 8.9604e-14 0)
(1.5 1.61537e-13 0)
(1.5 1.73051e-13 0)
(1.5 9.84957e-14 0)
(1.5 3.47725e-14 0)
(1.5 1.80937e-14 0)
(1.5 8.07076e-14 0)
(1.5 1.03722e-13 0)
(1.5 3.83598e-14 0)
(1.5 9.70403e-14 0)
(1.5 2.9031e-14 0)
(1.5 7.89376e-14 0)
(1.5 1.32459e-14 0)
(1.5 -2.41149e-14 0)
(1.5 -7.45764e-14 0)
(1.5 -7.6482e-14 0)
(1.5 -1.75091e-14 0)
(1.5 -3.19341e-14 0)
(1.5 -1.97009e-13 0)
(1.5 -1.67551e-13 0)
(1.5 -3.24667e-13 0)
(1.5 -2.74476e-13 0)
(1.5 -2.41804e-13 0)
(1.5 -3.0394e-13 0)
(1.5 -2.83474e-13 0)
(1.5 -2.83985e-13 0)
(1.5 -3.47678e-13 0)
(1.5 -2.25319e-13 0)
(1.5 -1.58569e-13 0)
(1.5 -2.43024e-13 0)
(1.5 -1.87358e-13 0)
(1.5 -7.58031e-14 0)
(1.5 -9.61512e-14 0)
(1.5 -1.83852e-13 0)
(1.5 -2.53635e-13 0)
(1.5 -1.86086e-13 0)
(1.5 -1.52411e-14 0)
(1.5 3.13744e-14 0)
(1.5 -1.83659e-14 0)
(1.5 -7.16403e-14 0)
(1.5 -9.21845e-14 0)
(1.5 -1.33949e-13 0)
(1.5 -1.31411e-13 0)
(1.5 -8.81568e-14 0)
(1.5 -8.21118e-15 0)
(1.5 -5.46575e-15 0)
(1.5 3.5587e-14 0)
(1.5 4.00568e-14 0)
(1.5 -1.04875e-13 0)
(1.5 -1.9472e-13 0)
(1.5 -2.97379e-13 0)
(1.5 -1.85788e-13 0)
(1.5 -7.42518e-14 0)
(1.5 -1.02704e-14 0)
(1.5 4.93564e-14 0)
(1.5 -9.34362e-14 0)
(1.5 -1.23653e-14 0)
(1.5 -3.04692e-15 0)
(1.5 1.06894e-14 0)
(1.5 -3.6844e-14 0)
(1.5 -9.52349e-14 0)
(1.5 -4.17413e-15 0)
(1.5 -4.58264e-14 0)
(1.5 -1.0231e-13 0)
(1.5 -1.91056e-14 0)
(1.5 -2.25821e-14 0)
(1.5 -4.86876e-14 0)
(1.5 5.58415e-14 0)
(1.5 1.56149e-13 0)
(1.5 1.26167e-13 0)
(1.5 9.08214e-14 0)
(1.5 6.02571e-14 0)
(1.5 -4.44057e-14 0)
(1.5 -1.20419e-13 0)
(1.5 -6.80876e-14 0)
(1.5 -2.63889e-14 0)
(1.5 6.799e-14 0)
(1.5 6.86119e-14 0)
(1.5 4.11613e-14 0)
(1.5 -7.67932e-15 0)
(1.5 -2.93558e-14 0)
(1.5 -2.59796e-14 0)
(1.5 8.53031e-15 0)
(1.5 7.33018e-14 0)
(1.5 1.00153e-13 0)
(1.5 6.99296e-14 0)
(1.5 2.37034e-14 0)
(1.5 2.19733e-14 0)
(1.5 -1.53566e-14 0)
(1.5 4.94522e-14 0)
(1.5 6.43458e-14 0)
(1.5 6.9451e-14 0)
(1.5 4.21637e-14 0)
(1.5 2.46293e-14 0)
(1.5 3.1606e-14 0)
(1.5 3.28313e-14 0)
(1.5 1.65556e-14 0)
(1.5 -1.09367e-14 0)
(1.5 -3.32604e-14 0)
(1.5 1.47175e-14 0)
(1.5 -6.33057e-15 0)
(1.5 -5.69938e-14 0)
(1.5 -1.47764e-13 0)
(1.5 -5.14451e-14 0)
(1.5 -3.50843e-14 0)
(1.5 -5.20687e-14 0)
(1.5 1.79362e-14 0)
(1.5 2.75625e-14 0)
(1.5 5.97254e-14 0)
(1.5 8.6209e-14 0)
(1.5 7.65901e-14 0)
(1.5 5.63805e-14 0)
(1.5 1.38239e-14 0)
(1.5 1.8685e-14 0)
(1.5 4.97267e-14 0)
(1.5 2.78526e-14 0)
(1.5 6.24515e-14 0)
(1.5 4.18312e-14 0)
(1.5 -1.64971e-14 0)
(1.5 3.73783e-14 0)
(1.5 7.24595e-14 0)
(1.5 9.69091e-14 0)
(1.5 9.95861e-14 0)
(1.5 9.77233e-14 0)
(1.5 1.29415e-13 0)
(1.5 6.93978e-15 0)
(1.5 -3.25096e-14 0)
(1.5 4.26852e-14 0)
(1.5 -3.22281e-14 0)
(1.5 -4.25513e-14 0)
(1.5 -1.35394e-14 0)
(1.5 6.46748e-15 0)
(1.5 4.00565e-15 0)
(1.5 4.34035e-14 0)
(1.5 1.06639e-13 0)
(1.5 1.77129e-13 0)
(1.5 1.86302e-13 0)
(1.5 1.26591e-13 0)
(1.5 5.90033e-15 0)
(1.5 2.62982e-14 0)
(1.5 3.75971e-14 0)
(1.5 1.00106e-13 0)
(1.5 1.38797e-13 0)
(1.5 1.15696e-13 0)
(1.5 1.92459e-13 0)
(1.5 2.16644e-13 0)
(1.5 2.23948e-13 0)
(1.5 1.97941e-13 0)
(1.5 2.11247e-14 0)
(1.5 -7.50158e-14 0)
(1.5 -9.89447e-14 0)
(1.5 -3.97333e-14 0)
(1.5 -2.54896e-14 0)
(1.5 1.56698e-14 0)
(1.5 9.81408e-14 0)
(1.5 4.91286e-14 0)
(1.5 1.2683e-14 0)
(1.5 -4.60799e-15 0)
(1.5 -3.10114e-14 0)
(1.5 7.42194e-14 0)
(1.5 1.00057e-13 0)
(1.5 6.60238e-14 0)
(1.5 9.94748e-14 0)
(1.5 1.99288e-13 0)
(1.5 2.87457e-13 0)
(1.5 3.01855e-13 0)
(1.5 1.88659e-13 0)
(1.5 1.08664e-13 0)
(1.5 1.51704e-13 0)
(1.5 1.26549e-13 0)
(1.5 1.86117e-14 0)
(1.5 1.46414e-14 0)
(1.5 -3.29097e-14 0)
(1.5 -1.58196e-14 0)
(1.5 -6.59685e-14 0)
(1.5 -6.07774e-14 0)
(1.5 2.5599e-14 0)
(1.5 -1.48424e-14 0)
(1.5 2.30179e-14 0)
(1.5 9.5528e-14 0)
(1.5 1.33019e-13 0)
(1.5 6.97546e-14 0)
(1.5 -2.48288e-14 0)
(1.5 -5.84801e-14 0)
(1.5 -2.51663e-14 0)
(1.5 -4.84827e-14 0)
(1.5 -1.5268e-13 0)
(1.5 -1.03851e-13 0)
(1.5 -4.52765e-14 0)
(1.5 6.62654e-14 0)
(1.5 1.41863e-13 0)
(1.5 2.1421e-13 0)
(1.5 2.15677e-13 0)
(1.5 1.92178e-13 0)
(1.5 1.19006e-13 0)
(1.5 1.25168e-13 0)
(1.5 2.39724e-13 0)
(1.5 2.63128e-13 0)
(1.5 1.92755e-13 0)
(1.5 1.94627e-13 0)
(1.5 1.94543e-13 0)
(1.5 2.28741e-13 0)
(1.5 1.73412e-13 0)
(1.5 5.09805e-14 0)
(1.5 -1.51963e-14 0)
(1.5 -3.42685e-14 0)
(1.5 2.10777e-14 0)
(1.5 1.06175e-13 0)
(1.5 1.40379e-13 0)
(1.5 1.17873e-13 0)
(1.5 -1.80582e-14 0)
(1.5 1.50307e-14 0)
(1.5 -1.14506e-14 0)
(1.5 -9.24823e-14 0)
(1.5 -1.05311e-13 0)
(1.5 -7.41403e-14 0)
(1.5 -3.36975e-14 0)
(1.5 -7.45886e-14 0)
(1.5 -1.54589e-13 0)
(1.5 -3.87961e-14 0)
(1.5 -1.83688e-13 0)
(1.5 -1.25966e-13 0)
(1.5 -2.06112e-13 0)
(1.5 -3.15301e-13 0)
(1.5 -2.50136e-13 0)
(1.5 -1.94574e-13 0)
(1.5 -2.10965e-13 0)
(1.5 -2.28587e-13 0)
(1.5 -2.4734e-13 0)
(1.5 -1.96153e-13 0)
(1.5 -1.16199e-13 0)
(1.5 -4.27955e-14 0)
(1.5 -1.06345e-13 0)
(1.5 -1.82021e-13 0)
(1.5 -1.64163e-13 0)
(1.5 -1.01085e-13 0)
(1.5 -5.35804e-14 0)
(1.5 -8.01517e-15 0)
(1.5 -3.77802e-14 0)
(1.5 -1.66146e-14 0)
(1.5 -4.32511e-14 0)
(1.5 -1.00623e-13 0)
(1.5 -6.94367e-14 0)
(1.5 2.50632e-14 0)
(1.5 1.26965e-13 0)
(1.5 1.02949e-13 0)
(1.5 7.8665e-14 0)
(1.5 3.32927e-14 0)
(1.5 -1.42672e-13 0)
(1.5 -2.20797e-13 0)
(1.5 -2.50191e-13 0)
(1.5 -1.52144e-13 0)
(1.5 -7.3022e-14 0)
(1.5 -2.60932e-14 0)
(1.5 1.01218e-13 0)
(1.5 1.00211e-14 0)
(1.5 -1.01369e-14 0)
(1.5 -7.11093e-15 0)
(1.5 -3.45298e-14 0)
(1.5 -9.44781e-14 0)
(1.5 -1.17598e-13 0)
(1.5 -6.31595e-14 0)
(1.5 -4.05103e-16 0)
(1.5 3.02719e-14 0)
(1.5 -4.12735e-14 0)
(1.5 -6.20009e-14 0)
(1.5 -4.12159e-14 0)
(1.5 6.22153e-14 0)
(1.5 9.93268e-14 0)
(1.5 1.18554e-13 0)
(1.5 5.21498e-14 0)
(1.5 5.37311e-14 0)
(1.5 -4.23752e-14 0)
(1.5 -1.08633e-13 0)
(1.5 -6.38869e-14 0)
(1.5 1.01614e-14 0)
(1.5 5.50498e-14 0)
(1.5 3.45002e-14 0)
(1.5 -7.22634e-14 0)
(1.5 -6.0156e-14 0)
(1.5 -2.30571e-14 0)
(1.5 -3.53998e-14 0)
(1.5 -3.75906e-14 0)
(1.5 5.49294e-14 0)
(1.5 1.01656e-13 0)
(1.5 8.61894e-14 0)
(1.5 4.44003e-14 0)
(1.5 3.33532e-14 0)
(1.5 6.75105e-14 0)
(1.5 8.88017e-14 0)
(1.5 1.05606e-13 0)
(1.5 1.09148e-13 0)
(1.5 7.60845e-14 0)
(1.5 2.16036e-14 0)
(1.5 -8.86857e-15 0)
(1.5 -5.34697e-14 0)
(1.5 -1.23536e-13 0)
(1.5 -6.67793e-14 0)
(1.5 -4.58389e-14 0)
(1.5 -2.74081e-15 0)
(1.5 4.99076e-15 0)
(1.5 5.42574e-14 0)
(1.5 -1.07639e-14 0)
(1.5 -5.0362e-14 0)
(1.5 -4.36419e-14 0)
(1.5 -5.29335e-14 0)
(1.5 -5.54596e-14 0)
(1.5 5.14494e-15 0)
(1.5 4.27796e-14 0)
(1.5 5.505e-14 0)
(1.5 8.40677e-14 0)
(1.5 8.47257e-14 0)
(1.5 6.87449e-15 0)
(1.5 9.11176e-15 0)
(1.5 1.09235e-14 0)
(1.5 -4.51855e-14 0)
(1.5 2.75616e-14 0)
(1.5 -6.68626e-15 0)
(1.5 -1.81776e-14 0)
(1.5 2.47785e-14 0)
(1.5 6.30287e-14 0)
(1.5 3.09991e-14 0)
(1.5 8.59747e-15 0)
(1.5 -1.49492e-14 0)
(1.5 -1.87373e-14 0)
(1.5 5.03995e-14 0)
(1.5 7.44209e-14 0)
(1.5 1.0029e-13 0)
(1.5 8.22695e-14 0)
(1.5 5.4661e-14 0)
(1.5 2.62403e-14 0)
(1.5 3.39823e-15 0)
(1.5 -5.91314e-15 0)
(1.5 -1.41558e-14 0)
(1.5 1.89558e-14 0)
(1.5 6.40324e-14 0)
(1.5 1.15337e-13 0)
(1.5 9.0559e-14 0)
(1.5 4.11882e-14 0)
(1.5 2.89322e-14 0)
(1.5 1.97288e-16 0)
(1.5 -4.3324e-14 0)
(1.5 4.99429e-14 0)
(1.5 3.09837e-14 0)
(1.5 1.54313e-13 0)
(1.5 1.5669e-13 0)
(1.5 1.39729e-13 0)
(1.5 7.66317e-14 0)
(1.5 -1.36008e-14 0)
(1.5 -4.19956e-14 0)
(1.5 -7.65618e-15 0)
(1.5 -1.1568e-14 0)
(1.5 -1.67106e-14 0)
(1.5 -5.95802e-14 0)
(1.5 -2.18111e-15 0)
(1.5 -3.45446e-14 0)
(1.5 -7.88848e-15 0)
(1.5 4.19277e-14 0)
(1.5 2.29569e-14 0)
(1.5 1.50113e-13 0)
(1.5 1.75535e-13 0)
(1.5 9.10809e-14 0)
(1.5 1.28329e-13 0)
(1.5 1.37569e-13 0)
(1.5 1.71422e-13 0)
(1.5 2.09968e-13 0)
(1.5 1.79664e-13 0)
(1.5 1.49655e-13 0)
(1.5 1.32722e-13 0)
(1.5 8.78152e-14 0)
(1.5 5.281e-14 0)
(1.5 1.41758e-13 0)
(1.5 9.01893e-14 0)
(1.5 -5.1711e-14 0)
(1.5 -1.22232e-13 0)
(1.5 -5.35512e-14 0)
(1.5 4.16608e-14 0)
(1.5 5.29104e-15 0)
(1.5 3.55076e-14 0)
(1.5 7.09582e-14 0)
(1.5 9.69467e-14 0)
(1.5 7.63101e-14 0)
(1.5 -6.96436e-14 0)
(1.5 -1.99775e-13 0)
(1.5 -1.65346e-13 0)
(1.5 -5.88454e-14 0)
(1.5 -4.53089e-14 0)
(1.5 -3.51985e-14 0)
(1.5 -3.22877e-14 0)
(1.5 1.31449e-14 0)
(1.5 6.56603e-14 0)
(1.5 1.33253e-13 0)
(1.5 1.07498e-13 0)
(1.5 7.84939e-14 0)
(1.5 5.12679e-14 0)
(1.5 1.094e-13 0)
(1.5 2.06464e-13 0)
(1.5 1.62801e-13 0)
(1.5 1.2615e-13 0)
(1.5 1.16349e-13 0)
(1.5 1.42901e-13 0)
(1.5 1.71687e-13 0)
(1.5 6.46935e-14 0)
(1.5 -1.62243e-14 0)
(1.5 -2.58457e-14 0)
(1.5 -8.41884e-14 0)
(1.5 -3.53173e-14 0)
(1.5 9.18055e-15 0)
(1.5 4.04016e-14 0)
(1.5 -9.86138e-15 0)
(1.5 3.80704e-14 0)
(1.5 2.63606e-14 0)
(1.5 3.73594e-14 0)
(1.5 3.04138e-14 0)
(1.5 8.60714e-14 0)
(1.5 5.3426e-14 0)
(1.5 1.09656e-13 0)
(1.5 1.09351e-13 0)
(1.5 6.68048e-14 0)
(1.5 1.2403e-13 0)
(1.5 1.54161e-13 0)
(1.5 1.23123e-13 0)
(1.5 -6.09888e-14 0)
(1.5 -2.64686e-13 0)
(1.5 -2.50577e-13 0)
(1.5 -1.1526e-13 0)
(1.5 -8.04614e-15 0)
(1.5 -1.25016e-13 0)
(1.5 -1.78796e-13 0)
(1.5 -9.73963e-14 0)
(1.5 -1.01017e-13 0)
(1.5 -1.1731e-13 0)
(1.5 -1.3054e-13 0)
(1.5 -9.88308e-14 0)
(1.5 -7.55835e-14 0)
(1.5 -9.53596e-14 0)
(1.5 -1.41222e-13 0)
(1.5 -1.59645e-13 0)
(1.5 -8.50043e-14 0)
(1.5 1.19012e-14 0)
(1.5 7.92817e-15 0)
(1.5 2.9016e-14 0)
(1.5 9.66433e-14 0)
(1.5 1.06469e-13 0)
(1.5 1.29217e-13 0)
(1.5 1.19627e-13 0)
(1.5 1.7459e-13 0)
(1.5 1.60221e-13 0)
(1.5 2.8387e-14 0)
(1.5 -8.5303e-14 0)
(1.5 -8.09225e-14 0)
(1.5 -5.24511e-14 0)
(1.5 -3.81952e-15 0)
(1.5 1.2454e-13 0)
(1.5 2.13348e-13 0)
(1.5 2.34311e-13 0)
(1.5 1.93614e-13 0)
(1.5 1.16267e-13 0)
(1.5 6.56513e-14 0)
(1.5 -3.8259e-14 0)
(1.5 -6.82999e-14 0)
(1.5 -1.32577e-13 0)
(1.5 -6.11734e-14 0)
(1.5 6.60456e-14 0)
(1.5 -4.02501e-14 0)
(1.5 -1.66955e-13 0)
(1.5 -1.43554e-13 0)
(1.5 2.83824e-15 0)
(1.5 4.94372e-15 0)
(1.5 2.12717e-14 0)
(1.5 -3.62104e-14 0)
(1.5 -1.38485e-14 0)
(1.5 1.5721e-14 0)
(1.5 -9.62037e-14 0)
(1.5 -1.44817e-13 0)
(1.5 -1.27894e-13 0)
(1.5 -7.44858e-14 0)
(1.5 -9.57089e-14 0)
(1.5 -1.35948e-13 0)
(1.5 -1.21711e-13 0)
(1.5 -8.97725e-14 0)
(1.5 -9.87669e-14 0)
(1.5 -9.37567e-14 0)
(1.5 -2.61362e-14 0)
(1.5 -3.58035e-14 0)
(1.5 3.71393e-14 0)
(1.5 3.36362e-15 0)
(1.5 4.60673e-14 0)
(1.5 1.76367e-13 0)
(1.5 1.0935e-13 0)
(1.5 6.75669e-14 0)
(1.5 4.24644e-14 0)
(1.5 7.31677e-14 0)
(1.5 1.35825e-14 0)
(1.5 -1.94775e-14 0)
(1.5 -6.71041e-14 0)
(1.5 -1.19896e-13 0)
(1.5 -1.56643e-13 0)
(1.5 -1.77423e-13 0)
(1.5 -7.55323e-14 0)
(1.5 -8.1717e-14 0)
(1.5 -7.77397e-15 0)
(1.5 8.50139e-15 0)
(1.5 -6.64464e-14 0)
(1.5 -1.04428e-13 0)
(1.5 -8.6281e-14 0)
(1.5 -8.43981e-14 0)
(1.5 -4.4167e-14 0)
(1.5 -4.6549e-14 0)
(1.5 -4.89715e-14 0)
(1.5 -2.19335e-14 0)
(1.5 -1.87196e-14 0)
(1.5 -5.19415e-14 0)
(1.5 -8.98694e-14 0)
(1.5 -1.04197e-13 0)
(1.5 -7.04277e-14 0)
(1.5 -2.45526e-14 0)
(1.5 -3.86162e-14 0)
(1.5 -4.18438e-14 0)
(1.5 -3.43359e-14 0)
(1.5 -2.61025e-14 0)
(1.5 -4.13898e-14 0)
(1.5 -2.46813e-14 0)
(1.5 -2.70341e-14 0)
(1.5 -7.86135e-14 0)
(1.5 8.06055e-14 0)
(1.5 8.40894e-14 0)
(1.5 7.75927e-14 0)
(1.5 1.32612e-13 0)
(1.5 1.11116e-13 0)
(1.5 5.94316e-15 0)
(1.5 -2.98209e-14 0)
(1.5 -6.3012e-14 0)
(1.5 -8.74086e-14 0)
(1.5 -1.2801e-13 0)
(1.5 -9.62413e-14 0)
(1.5 -6.66557e-14 0)
(1.5 -3.29261e-14 0)
(1.5 -1.48873e-14 0)
(1.5 -2.4274e-14 0)
(1.5 -6.59668e-14 0)
(1.5 -9.57558e-14 0)
(1.5 -4.24971e-14 0)
(1.5 -3.41561e-14 0)
(1.5 3.01659e-14 0)
(1.5 2.29505e-14 0)
(1.5 -3.72249e-14 0)
(1.5 -1.01325e-13 0)
(1.5 -8.71864e-14 0)
(1.5 -7.48011e-14 0)
(1.5 -2.74659e-14 0)
(1.5 -4.7839e-14 0)
(1.5 -2.5128e-14 0)
(1.5 5.46023e-15 0)
(1.5 2.64124e-15 0)
(1.5 -5.26724e-14 0)
(1.5 1.47928e-14 0)
(1.5 7.57431e-14 0)
(1.5 9.19265e-14 0)
(1.5 1.46152e-13 0)
(1.5 1.87564e-13 0)
(1.5 1.46612e-13 0)
(1.5 8.26492e-14 0)
(1.5 7.67398e-14 0)
(1.5 5.57845e-14 0)
(1.5 4.80269e-14 0)
(1.5 8.75954e-14 0)
(1.5 2.32347e-13 0)
(1.5 1.29517e-13 0)
(1.5 6.84385e-14 0)
(1.5 1.14181e-13 0)
(1.5 1.52852e-13 0)
(1.5 9.0701e-14 0)
(1.5 -1.1943e-14 0)
(1.5 -9.22365e-15 0)
(1.5 5.67893e-14 0)
(1.5 7.23248e-14 0)
(1.5 8.31366e-14 0)
(1.5 4.71327e-14 0)
(1.5 6.50263e-14 0)
(1.5 4.78486e-14 0)
(1.5 4.83968e-14 0)
(1.5 -6.44293e-14 0)
(1.5 -1.83192e-13 0)
(1.5 -2.13962e-13 0)
(1.5 -4.22532e-14 0)
(1.5 2.09735e-14 0)
(1.5 -1.42257e-14 0)
(1.5 -7.16224e-14 0)
(1.5 -7.74042e-14 0)
(1.5 1.07568e-14 0)
(1.5 2.94984e-14 0)
(1.5 1.03167e-13 0)
(1.5 6.64597e-14 0)
(1.5 9.10046e-14 0)
(1.5 1.02496e-13 0)
(1.5 1.77668e-13 0)
(1.5 1.13169e-13 0)
(1.5 2.1765e-14 0)
(1.5 -1.9494e-14 0)
(1.5 -5.4067e-14 0)
(1.5 -8.0263e-14 0)
(1.5 -1.02657e-13 0)
(1.5 -1.24319e-13 0)
(1.5 -1.57792e-13 0)
(1.5 -1.23646e-13 0)
(1.5 -1.28691e-13 0)
(1.5 -1.66815e-13 0)
(1.5 -1.72463e-13 0)
(1.5 -9.95249e-14 0)
(1.5 5.66264e-14 0)
(1.5 2.69106e-14 0)
(1.5 1.15674e-13 0)
(1.5 1.06539e-13 0)
(1.5 1.67504e-13 0)
(1.5 1.32537e-13 0)
(1.5 1.57107e-13 0)
(1.5 2.1391e-13 0)
(1.5 2.37671e-13 0)
(1.5 1.53266e-13 0)
(1.5 3.10534e-13 0)
(1.5 2.29285e-13 0)
(1.5 1.24604e-13 0)
(1.5 -3.47666e-14 0)
(1.5 -8.99674e-14 0)
(1.5 1.35349e-14 0)
(1.5 9.37373e-14 0)
(1.5 2.55808e-14 0)
(1.5 -7.31457e-14 0)
(1.5 -4.95158e-14 0)
(1.5 -3.03645e-14 0)
(1.5 -9.97524e-14 0)
(1.5 -2.44322e-14 0)
(1.5 6.02445e-14 0)
(1.5 7.23367e-14 0)
(1.5 -2.85979e-14 0)
(1.5 -1.08411e-13 0)
(1.5 -1.16548e-13 0)
(1.5 -4.39496e-14 0)
(1.5 5.95812e-14 0)
(1.5 4.48184e-14 0)
(1.5 6.53118e-14 0)
(1.5 1.32927e-13 0)
(1.5 1.18814e-13 0)
(1.5 1.18921e-13 0)
(1.5 7.48019e-14 0)
(1.5 1.33283e-13 0)
(1.5 1.79471e-13 0)
(1.5 1.24308e-13 0)
(1.5 7.78406e-14 0)
(1.5 8.66335e-14 0)
(1.5 -3.21013e-14 0)
(1.5 3.60955e-14 0)
(1.5 1.93788e-13 0)
(1.5 2.38262e-13 0)
(1.5 2.4907e-13 0)
(1.5 2.54354e-13 0)
(1.5 2.07689e-13 0)
(1.5 9.53407e-14 0)
(1.5 1.02593e-13 0)
(1.5 8.79282e-14 0)
(1.5 -7.40099e-14 0)
(1.5 -8.86973e-14 0)
(1.5 1.46449e-14 0)
(1.5 -1.08328e-13 0)
(1.5 -2.10772e-13 0)
(1.5 -1.61159e-13 0)
(1.5 -7.06756e-16 0)
(1.5 -3.33312e-14 0)
(1.5 -8.27568e-14 0)
(1.5 -4.69765e-14 0)
(1.5 -1.05878e-14 0)
(1.5 1.22124e-13 0)
(1.5 8.24052e-14 0)
(1.5 -4.85024e-14 0)
(1.5 -7.60653e-14 0)
(1.5 -1.10618e-13 0)
(1.5 -9.50975e-14 0)
(1.5 -1.04564e-13 0)
(1.5 -1.44383e-13 0)
(1.5 -1.63676e-13 0)
(1.5 -1.33439e-13 0)
(1.5 -7.4407e-14 0)
(1.5 -3.74532e-14 0)
(1.5 -3.71788e-14 0)
(1.5 -3.89396e-14 0)
(1.5 -2.41024e-14 0)
(1.5 5.09201e-14 0)
(1.5 1.37599e-13 0)
(1.5 8.28634e-14 0)
(1.5 8.59151e-15 0)
(1.5 -1.80489e-14 0)
(1.5 1.84139e-14 0)
(1.5 -6.36168e-14 0)
(1.5 -1.87274e-14 0)
(1.5 -1.02777e-14 0)
(1.5 -5.97766e-14 0)
(1.5 -1.59357e-13 0)
(1.5 -1.59839e-13 0)
(1.5 -7.78389e-14 0)
(1.5 -8.30917e-14 0)
(1.5 -2.32998e-14 0)
(1.5 5.10762e-14 0)
(1.5 6.07808e-15 0)
(1.5 -3.64047e-14 0)
(1.5 -4.06032e-14 0)
(1.5 -2.40554e-14 0)
(1.5 -3.19471e-14 0)
(1.5 -4.15982e-14 0)
(1.5 -5.53576e-14 0)
(1.5 -5.91802e-14 0)
(1.5 -6.96282e-14 0)
(1.5 -6.87794e-14 0)
(1.5 -5.84061e-14 0)
(1.5 -7.5739e-14 0)
(1.5 -3.95177e-14 0)
(1.5 -6.72584e-14 0)
(1.5 -5.99957e-14 0)
(1.5 -1.32013e-14 0)
(1.5 -4.46224e-14 0)
(1.5 -6.82423e-14 0)
(1.5 -8.96064e-14 0)
(1.5 -7.55096e-15 0)
(1.5 1.66276e-14 0)
(1.5 -1.3673e-14 0)
(1.5 7.53885e-14 0)
(1.5 1.0215e-13 0)
(1.5 5.48169e-14 0)
(1.5 1.13475e-13 0)
(1.5 1.21948e-13 0)
(1.5 2.76222e-14 0)
(1.5 -1.72607e-14 0)
(1.5 -8.93854e-14 0)
(1.5 -1.26981e-13 0)
(1.5 -1.74643e-13 0)
(1.5 -1.94505e-13 0)
(1.5 -1.92217e-13 0)
(1.5 -1.37296e-13 0)
(1.5 -1.26299e-13 0)
(1.5 -1.27415e-13 0)
(1.5 -9.6413e-14 0)
(1.5 -5.4372e-14 0)
(1.5 -7.08545e-14 0)
(1.5 -6.13525e-14 0)
(1.5 -1.09578e-13 0)
(1.5 -1.09045e-13 0)
(1.5 -1.49346e-13 0)
(1.5 -1.35097e-13 0)
(1.5 -1.0366e-13 0)
(1.5 -1.07969e-13 0)
(1.5 -1.24489e-13 0)
(1.5 -9.11632e-14 0)
(1.5 1.96351e-14 0)
(1.5 1.87458e-13 0)
(1.5 1.33904e-13 0)
(1.5 9.13952e-14 0)
(1.5 7.91778e-14 0)
(1.5 5.31939e-14 0)
(1.5 1.10021e-13 0)
(1.5 5.22428e-14 0)
(1.5 3.61414e-14 0)
(1.5 2.97975e-14 0)
(1.5 -9.15368e-14 0)
(1.5 -1.50512e-14 0)
(1.5 -7.11506e-14 0)
(1.5 -1.03082e-13 0)
(1.5 -2.16182e-15 0)
(1.5 1.67973e-13 0)
(1.5 1.35702e-13 0)
(1.5 1.01576e-13 0)
(1.5 1.07494e-13 0)
(1.5 4.3845e-14 0)
(1.5 -2.95994e-14 0)
(1.5 3.16259e-14 0)
(1.5 8.90022e-14 0)
(1.5 1.93206e-13 0)
(1.5 1.40145e-13 0)
(1.5 9.62013e-14 0)
(1.5 6.79777e-14 0)
(1.5 3.68548e-14 0)
(1.5 -7.58212e-14 0)
(1.5 -1.08239e-13 0)
(1.5 -1.4985e-13 0)
(1.5 -1.33031e-13 0)
(1.5 -1.72246e-13 0)
(1.5 -6.61616e-14 0)
(1.5 -1.83204e-15 0)
(1.5 -7.68689e-14 0)
(1.5 -1.20376e-13 0)
(1.5 -1.76488e-13 0)
(1.5 -7.43338e-14 0)
(1.5 -8.48615e-14 0)
(1.5 4.9782e-15 0)
(1.5 9.62275e-15 0)
(1.5 -9.15818e-15 0)
(1.5 -4.12866e-15 0)
(1.5 1.45926e-14 0)
(1.5 -7.00867e-14 0)
(1.5 -5.54142e-14 0)
(1.5 -5.13979e-14 0)
(1.5 -1.54896e-13 0)
(1.5 -1.7412e-13 0)
(1.5 -1.88635e-13 0)
(1.5 -1.44114e-13 0)
(1.5 -1.18536e-13 0)
(1.5 -2.18224e-15 0)
(1.5 -6.02572e-14 0)
(1.5 -1.17905e-13 0)
(1.5 -1.01415e-13 0)
(1.5 -5.9124e-15 0)
(1.5 2.74769e-14 0)
(1.5 1.62272e-14 0)
(1.5 9.25881e-14 0)
(1.5 1.57947e-13 0)
(1.5 1.7739e-13 0)
(1.5 1.89093e-13 0)
(1.5 2.05015e-13 0)
(1.5 1.54118e-13 0)
(1.5 1.91685e-13 0)
(1.5 1.50594e-13 0)
(1.5 2.13507e-13 0)
(1.5 1.13891e-13 0)
(1.5 1.19257e-13 0)
(1.5 6.13813e-14 0)
(1.5 -6.29771e-15 0)
(1.5 -1.47619e-14 0)
(1.5 -1.25996e-14 0)
(1.5 4.16577e-14 0)
(1.5 -8.4675e-15 0)
(1.5 3.76863e-14 0)
(1.5 5.49729e-14 0)
(1.5 3.48321e-14 0)
(1.5 3.66844e-14 0)
(1.5 -6.81704e-15 0)
(1.5 4.26801e-15 0)
(1.5 -8.26742e-14 0)
(1.5 -8.05847e-14 0)
(1.5 -3.31216e-14 0)
(1.5 1.65621e-14 0)
(1.5 2.20425e-14 0)
(1.5 5.61588e-14 0)
(1.5 1.04056e-13 0)
(1.5 1.35547e-13 0)
(1.5 1.26633e-13 0)
(1.5 1.30377e-13 0)
(1.5 8.37141e-14 0)
(1.5 8.52174e-14 0)
(1.5 8.34263e-14 0)
(1.5 9.73116e-14 0)
(1.5 1.30872e-13 0)
(1.5 1.95161e-13 0)
(1.5 1.02497e-13 0)
(1.5 1.02211e-13 0)
(1.5 1.46106e-13 0)
(1.5 1.46721e-13 0)
(1.5 1.69175e-13 0)
(1.5 2.064e-13 0)
(1.5 1.28284e-13 0)
(1.5 4.30465e-14 0)
(1.5 9.10839e-14 0)
(1.5 1.01369e-13 0)
(1.5 8.60714e-14 0)
(1.5 3.38407e-14 0)
(1.5 -8.9285e-15 0)
(1.5 -1.00294e-13 0)
(1.5 -1.26798e-13 0)
(1.5 -1.28286e-13 0)
(1.5 -5.24202e-14 0)
(1.5 -9.93223e-14 0)
(1.5 -1.17935e-13 0)
(1.5 5.03084e-14 0)
(1.5 1.19255e-13 0)
(1.5 1.74545e-13 0)
(1.5 2.42414e-13 0)
(1.5 1.79206e-13 0)
(1.5 1.42715e-13 0)
(1.5 2.47823e-14 0)
(1.5 1.21156e-14 0)
(1.5 -2.82926e-15 0)
(1.5 -2.52495e-14 0)
(1.5 -1.92878e-15 0)
(1.5 -6.01173e-14 0)
(1.5 -1.03063e-13 0)
(1.5 -1.13465e-13 0)
(1.5 -4.70973e-14 0)
(1.5 -7.73432e-14 0)
(1.5 -1.22189e-13 0)
(1.5 -1.03238e-13 0)
(1.5 -4.56944e-14 0)
(1.5 -2.12819e-14 0)
(1.5 3.73457e-15 0)
(1.5 -4.15379e-14 0)
(1.5 -8.52901e-14 0)
(1.5 -1.38878e-13 0)
(1.5 -1.19412e-13 0)
(1.5 -6.448e-14 0)
(1.5 -1.10547e-13 0)
(1.5 -1.50865e-13 0)
(1.5 -1.17046e-13 0)
(1.5 -1.12958e-13 0)
(1.5 -3.53675e-14 0)
(1.5 7.06288e-14 0)
(1.5 9.46896e-14 0)
(1.5 8.48784e-14 0)
(1.5 7.29439e-14 0)
(1.5 4.06277e-14 0)
(1.5 1.21956e-14 0)
(1.5 -5.42101e-14 0)
(1.5 -3.91329e-14 0)
(1.5 -3.29869e-14 0)
(1.5 -1.7743e-14 0)
(1.5 9.29974e-15 0)
(1.5 -6.24708e-15 0)
(1.5 -1.19207e-14 0)
(1.5 -3.11635e-14 0)
(1.5 -5.09469e-14 0)
(1.5 -9.99968e-14 0)
(1.5 -5.92505e-14 0)
(1.5 2.43818e-15 0)
(1.5 -1.02439e-14 0)
(1.5 -8.42322e-14 0)
(1.5 -1.29979e-13 0)
(1.5 -1.0748e-13 0)
(1.5 -1.13636e-13 0)
(1.5 -7.81335e-14 0)
(1.5 -7.58605e-14 0)
(1.5 2.99783e-14 0)
(1.5 -1.87207e-14 0)
(1.5 -1.18593e-14 0)
(1.5 2.08694e-14 0)
(1.5 -9.23787e-15 0)
(1.5 -4.11969e-14 0)
(1.5 -1.58043e-13 0)
(1.5 -1.77855e-13 0)
(1.5 -7.53763e-14 0)
(1.5 -8.45041e-14 0)
(1.5 -1.18341e-13 0)
(1.5 -7.78347e-14 0)
(1.5 -1.50588e-14 0)
(1.5 5.55673e-15 0)
(1.5 3.19599e-14 0)
(1.5 4.57703e-14 0)
(1.5 8.18092e-15 0)
(1.5 1.21706e-14 0)
(1.5 -5.1711e-14 0)
(1.5 -1.32338e-13 0)
(1.5 -1.86754e-13 0)
(1.5 -1.48059e-13 0)
(1.5 -7.04327e-14 0)
(1.5 -2.15533e-14 0)
(1.5 -6.30851e-14 0)
(1.5 -8.63075e-14 0)
(1.5 1.21599e-14 0)
(1.5 9.09793e-14 0)
(1.5 7.07664e-14 0)
(1.5 4.49604e-14 0)
(1.5 -1.56247e-14 0)
(1.5 -4.14544e-14 0)
(1.5 2.27079e-14 0)
(1.5 -3.65113e-14 0)
(1.5 -1.04839e-13 0)
(1.5 -1.8037e-13 0)
(1.5 -2.01033e-13 0)
(1.5 -1.60905e-13 0)
(1.5 -2.47657e-13 0)
(1.5 -1.89825e-13 0)
(1.5 -1.17177e-13 0)
(1.5 -1.06601e-13 0)
(1.5 -5.15605e-14 0)
(1.5 2.55779e-14 0)
(1.5 6.29634e-14 0)
(1.5 -6.36027e-14 0)
(1.5 -1.05381e-13 0)
(1.5 6.57001e-16 0)
(1.5 5.80518e-14 0)
(1.5 1.46302e-13 0)
(1.5 4.82719e-14 0)
(1.5 1.54697e-14 0)
(1.5 -2.06924e-14 0)
(1.5 -1.02328e-13 0)
(1.5 -1.62729e-13 0)
(1.5 -2.20914e-13 0)
(1.5 -2.45647e-13 0)
(1.5 -1.45942e-13 0)
(1.5 -5.89356e-14 0)
(1.5 -5.97306e-14 0)
(1.5 -4.23799e-14 0)
(1.5 -5.83625e-14 0)
(1.5 -1.52045e-13 0)
(1.5 -2.26439e-13 0)
(1.5 -2.44173e-13 0)
(1.5 -2.89636e-13 0)
(1.5 -3.07537e-13 0)
(1.5 -2.63515e-13 0)
(1.5 -2.12221e-13 0)
(1.5 -2.07018e-13 0)
(1.5 -2.43406e-13 0)
(1.5 -1.7211e-13 0)
(1.5 -7.14974e-14 0)
(1.5 -7.89385e-14 0)
(1.5 -1.21079e-13 0)
(1.5 -1.69848e-13 0)
(1.5 -2.6876e-13 0)
(1.5 -1.90065e-13 0)
(1.5 -7.36332e-14 0)
(1.5 2.50625e-14 0)
(1.5 3.24318e-14 0)
(1.5 1.70749e-14 0)
(1.5 7.04127e-14 0)
(1.5 6.85936e-14 0)
(1.5 3.57827e-14 0)
(1.5 2.55063e-14 0)
(1.5 -3.19167e-14 0)
(1.5 3.53476e-14 0)
(1.5 5.97141e-14 0)
(1.5 1.30326e-13 0)
(1.5 1.18815e-13 0)
(1.5 5.76806e-14 0)
(1.5 3.21973e-14 0)
(1.5 5.87124e-14 0)
(1.5 4.28116e-14 0)
(1.5 8.13594e-15 0)
(1.5 -2.14367e-14 0)
(1.5 -4.34762e-14 0)
(1.5 -3.45275e-14 0)
(1.5 -8.9891e-14 0)
(1.5 -4.8946e-14 0)
(1.5 3.24502e-15 0)
(1.5 1.30902e-14 0)
(1.5 1.65034e-14 0)
(1.5 8.88771e-16 0)
(1.5 1.18819e-14 0)
(1.5 -6.59515e-14 0)
(1.5 -2.06712e-13 0)
(1.5 -2.21387e-13 0)
(1.5 -1.82868e-13 0)
(1.5 -1.0678e-13 0)
(1.5 -2.04087e-14 0)
(1.5 1.81606e-14 0)
(1.5 -5.01912e-15 0)
(1.5 7.90543e-14 0)
(1.5 1.47691e-13 0)
(1.5 9.69928e-14 0)
(1.5 8.61239e-14 0)
(1.5 6.93074e-14 0)
(1.5 4.45823e-14 0)
(1.5 -5.7846e-15 0)
(1.5 -6.91929e-14 0)
(1.5 -6.27119e-14 0)
(1.5 3.11785e-14 0)
(1.5 1.56306e-13 0)
(1.5 1.96449e-13 0)
(1.5 1.46618e-13 0)
(1.5 7.98932e-14 0)
(1.5 -2.09082e-14 0)
(1.5 6.8514e-14 0)
(1.5 1.47095e-13 0)
(1.5 8.16206e-14 0)
(1.5 1.34738e-13 0)
(1.5 1.64176e-13 0)
(1.5 1.75872e-13 0)
(1.5 2.60991e-13 0)
(1.5 2.15029e-13 0)
(1.5 7.54267e-14 0)
(1.5 -6.58083e-14 0)
(1.5 -1.26906e-13 0)
(1.5 -2.2291e-13 0)
(1.5 -2.63025e-13 0)
(1.5 -2.56104e-13 0)
(1.5 -2.2391e-13 0)
(1.5 1.66784e-14 0)
(1.5 1.33704e-13 0)
(1.5 1.21608e-13 0)
(1.5 1.14624e-13 0)
(1.5 1.49817e-13 0)
(1.5 1.32628e-13 0)
(1.5 1.15702e-13 0)
(1.5 1.07586e-13 0)
(1.5 1.26893e-13 0)
(1.5 1.06722e-13 0)
(1.5 1.17542e-13 0)
(1.5 2.37401e-14 0)
(1.5 -8.68312e-14 0)
(1.5 -1.04323e-13 0)
(1.5 -1.15759e-13 0)
(1.5 -1.04305e-13 0)
(1.5 -2.14764e-13 0)
(1.5 -2.14974e-13 0)
(1.5 -1.04444e-13 0)
(1.5 -3.97341e-14 0)
(1.5 4.71536e-14 0)
(1.5 -3.62497e-14 0)
(1.5 -1.06645e-13 0)
(1.5 -8.49045e-14 0)
(1.5 -1.29045e-13 0)
(1.5 -9.10999e-14 0)
(1.5 -1.10217e-13 0)
(1.5 -6.94254e-14 0)
(1.5 -6.14969e-17 0)
(1.5 -8.18718e-15 0)
(1.5 4.79066e-14 0)
(1.5 1.37753e-13 0)
(1.5 1.55073e-13 0)
(1.5 1.54728e-13 0)
(1.5 1.59952e-13 0)
(1.5 1.21292e-13 0)
(1.5 1.15634e-13 0)
(1.5 -2.19104e-14 0)
(1.5 -6.33349e-14 0)
(1.5 -4.47367e-14 0)
(1.5 3.42218e-14 0)
(1.5 9.4316e-14 0)
(1.5 7.4362e-14 0)
(1.5 1.89303e-14 0)
(1.5 -9.03569e-15 0)
(1.5 -2.2921e-14 0)
(1.5 -1.68926e-14 0)
(1.5 2.34581e-14 0)
(1.5 2.49984e-14 0)
(1.5 -1.19967e-14 0)
(1.5 -8.22666e-14 0)
(1.5 -1.06376e-13 0)
(1.5 -1.75686e-13 0)
(1.5 -2.06403e-13 0)
(1.5 -1.67185e-13 0)
(1.5 -1.87159e-13 0)
(1.5 -4.95171e-14 0)
(1.5 -4.59055e-14 0)
(1.5 -8.08392e-14 0)
(1.5 -4.84014e-14 0)
(1.5 -6.30192e-14 0)
(1.5 -5.30727e-14 0)
(1.5 -1.65316e-13 0)
(1.5 -1.49069e-13 0)
(1.5 2.48251e-14 0)
(1.5 7.19499e-14 0)
(1.5 -7.12377e-14 0)
(1.5 -5.00768e-14 0)
(1.5 9.10723e-14 0)
(1.5 1.73571e-13 0)
(1.5 2.03217e-13 0)
(1.5 1.43644e-13 0)
(1.5 9.67135e-14 0)
(1.5 8.17192e-14 0)
(1.5 3.81871e-14 0)
(1.5 -3.50204e-14 0)
(1.5 -1.56505e-13 0)
(1.5 -1.96002e-13 0)
(1.5 -1.11671e-13 0)
(1.5 -7.6007e-15 0)
(1.5 -2.00358e-14 0)
(1.5 -5.6657e-14 0)
(1.5 -6.91748e-14 0)
(1.5 -9.19187e-14 0)
(1.5 -1.52108e-13 0)
(1.5 -1.50891e-13 0)
(1.5 -1.30349e-13 0)
(1.5 -1.53958e-13 0)
(1.5 -1.27636e-13 0)
(1.5 -1.54462e-13 0)
(1.5 -1.99351e-13 0)
(1.5 -2.63437e-13 0)
(1.5 -1.96351e-13 0)
(1.5 -2.00932e-13 0)
(1.5 -2.99762e-13 0)
(1.5 -2.15262e-13 0)
(1.5 -2.20536e-13 0)
(1.5 -2.70055e-13 0)
(1.5 -1.38685e-13 0)
(1.5 1.93622e-14 0)
(1.5 7.54267e-14 0)
(1.5 -9.90728e-14 0)
(1.5 -1.51002e-13 0)
(1.5 -8.40459e-14 0)
(1.5 -1.78883e-15 0)
(1.5 2.32496e-14 0)
(1.5 -8.22689e-14 0)
(1.5 -8.29369e-14 0)
(1.5 -7.17048e-14 0)
(1.5 -1.16811e-13 0)
(1.5 -1.30117e-13 0)
(1.5 -1.83931e-13 0)
(1.5 -1.69859e-13 0)
(1.5 -9.48317e-14 0)
(1.5 -1.6597e-14 0)
(1.5 -7.30318e-14 0)
(1.5 -8.54603e-14 0)
(1.5 3.07369e-15 0)
(1.5 -2.2514e-14 0)
(1.5 -1.34297e-14 0)
(1.5 -1.17866e-13 0)
(1.5 -2.18866e-13 0)
(1.5 -3.12709e-13 0)
(1.5 -3.24638e-13 0)
(1.5 -2.69283e-13 0)
(1.5 -2.84547e-13 0)
(1.5 -2.28319e-13 0)
(1.5 -5.67557e-14 0)
(1.5 -9.76416e-15 0)
(1.5 -5.55704e-14 0)
(1.5 -3.79228e-14 0)
(1.5 -1.17156e-13 0)
(1.5 -1.94969e-13 0)
(1.5 -1.91676e-13 0)
(1.5 -1.41952e-13 0)
(1.5 -9.22075e-14 0)
(1.5 -1.47e-14 0)
(1.5 4.80184e-14 0)
(1.5 1.50223e-13 0)
(1.5 1.30245e-13 0)
(1.5 5.33977e-14 0)
(1.5 1.31927e-13 0)
(1.5 6.72049e-14 0)
(1.5 1.29725e-14 0)
(1.5 -1.12233e-14 0)
(1.5 6.20351e-14 0)
(1.5 5.50464e-15 0)
(1.5 3.53597e-14 0)
(1.5 8.14365e-14 0)
(1.5 5.11603e-14 0)
(1.5 -5.23816e-15 0)
(1.5 4.23998e-14 0)
(1.5 -1.94682e-14 0)
(1.5 -1.8796e-14 0)
(1.5 5.76164e-14 0)
(1.5 6.60247e-15 0)
(1.5 4.25938e-14 0)
(1.5 -1.61224e-15 0)
(1.5 7.98134e-16 0)
(1.5 -2.71365e-14 0)
(1.5 1.11498e-14 0)
(1.5 -2.78927e-14 0)
(1.5 -9.06771e-14 0)
(1.5 -1.78628e-13 0)
(1.5 -2.20123e-13 0)
(1.5 -1.12474e-13 0)
(1.5 -1.83373e-14 0)
(1.5 4.21742e-14 0)
(1.5 1.90252e-14 0)
(1.5 2.67542e-14 0)
(1.5 8.4325e-14 0)
(1.5 1.32021e-13 0)
(1.5 7.44084e-14 0)
(1.5 9.54301e-14 0)
(1.5 7.45679e-14 0)
(1.5 3.97072e-14 0)
(1.5 -5.27234e-14 0)
(1.5 -1.11183e-13 0)
(1.5 -7.41095e-14 0)
(1.5 2.4551e-14 0)
(1.5 6.47273e-14 0)
(1.5 1.57227e-13 0)
(1.5 1.25613e-13 0)
(1.5 4.17659e-14 0)
(1.5 -4.54092e-14 0)
(1.5 4.09871e-14 0)
(1.5 1.58131e-13 0)
(1.5 1.58115e-13 0)
(1.5 2.16773e-13 0)
(1.5 2.38585e-13 0)
(1.5 1.75808e-13 0)
(1.5 2.17779e-13 0)
(1.5 2.24673e-13 0)
(1.5 1.54143e-13 0)
(1.5 -3.00021e-14 0)
(1.5 -4.68674e-14 0)
(1.5 -1.05671e-13 0)
(1.5 -2.33125e-13 0)
(1.5 -2.24255e-13 0)
(1.5 -2.15588e-13 0)
(1.5 -8.72926e-14 0)
(1.5 -2.28171e-14 0)
(1.5 3.49947e-14 0)
(1.5 8.98841e-15 0)
(1.5 6.22628e-16 0)
(1.5 7.53283e-15 0)
(1.5 7.73507e-14 0)
(1.5 5.74564e-14 0)
(1.5 1.01237e-13 0)
(1.5 9.55506e-14 0)
(1.5 4.94754e-14 0)
(1.5 1.06623e-14 0)
(1.5 -9.1372e-15 0)
(1.5 -4.60832e-14 0)
(1.5 -7.76052e-14 0)
(1.5 -1.33619e-13 0)
(1.5 -2.10679e-13 0)
(1.5 -2.00048e-13 0)
(1.5 -1.32907e-13 0)
(1.5 -6.86616e-14 0)
(1.5 7.05443e-15 0)
(1.5 -1.65515e-14 0)
(1.5 -9.81825e-14 0)
(1.5 -8.13204e-14 0)
(1.5 -1.11652e-13 0)
(1.5 -6.38834e-14 0)
(1.5 -6.59209e-14 0)
(1.5 -3.84366e-14 0)
(1.5 -2.3166e-14 0)
(1.5 1.25834e-14 0)
(1.5 1.29544e-14 0)
(1.5 5.70264e-14 0)
(1.5 1.74691e-13 0)
(1.5 1.63309e-13 0)
(1.5 1.26219e-13 0)
(1.5 1.33402e-13 0)
(1.5 1.06551e-13 0)
(1.5 2.74718e-15 0)
(1.5 -6.96072e-14 0)
(1.5 -1.93526e-14 0)
(1.5 1.04931e-14 0)
(1.5 8.85753e-14 0)
(1.5 1.28393e-13 0)
(1.5 1.30853e-13 0)
(1.5 9.10147e-14 0)
(1.5 6.61334e-14 0)
(1.5 7.98601e-14 0)
(1.5 6.23455e-14 0)
(1.5 4.82045e-14 0)
(1.5 1.13029e-14 0)
(1.5 -2.7583e-15 0)
(1.5 -1.15428e-13 0)
(1.5 -1.65211e-13 0)
(1.5 -1.50125e-13 0)
(1.5 -1.58834e-13 0)
(1.5 -1.53395e-13 0)
(1.5 -4.85676e-14 0)
(1.5 -1.28295e-14 0)
(1.5 -1.65475e-14 0)
(1.5 1.39724e-14 0)
(1.5 -7.85264e-16 0)
(1.5 -5.43511e-14 0)
(1.5 -8.09093e-14 0)
(1.5 -3.77853e-14 0)
(1.5 -1.92726e-14 0)
(1.5 1.16748e-14 0)
(1.5 -1.15571e-13 0)
(1.5 -1.23387e-13 0)
(1.5 -4.4264e-14 0)
(1.5 1.99049e-14 0)
(1.5 7.53205e-14 0)
(1.5 1.0453e-13 0)
(1.5 6.84319e-14 0)
(1.5 1.8266e-14 0)
(1.5 -1.30426e-13 0)
(1.5 -1.29593e-13 0)
(1.5 -2.10242e-13 0)
(1.5 -2.63943e-13 0)
(1.5 -2.11806e-13 0)
(1.5 -1.46207e-13 0)
(1.5 -9.66697e-14 0)
(1.5 1.0233e-14 0)
(1.5 -9.45093e-14 0)
(1.5 -1.62233e-13 0)
(1.5 -2.5082e-13 0)
(1.5 -2.37192e-13 0)
(1.5 -1.93862e-13 0)
(1.5 -2.42802e-13 0)
(1.5 -2.70039e-13 0)
(1.5 -2.42335e-13 0)
(1.5 -1.68387e-13 0)
(1.5 -1.26617e-13 0)
(1.5 -7.17977e-14 0)
(1.5 -5.34114e-14 0)
(1.5 -4.94875e-14 0)
(1.5 -4.90023e-14 0)
(1.5 -1.01943e-13 0)
(1.5 -1.1387e-13 0)
(1.5 -2.58938e-14 0)
(1.5 1.89322e-14 0)
(1.5 1.38112e-14 0)
(1.5 -9.31361e-14 0)
(1.5 -1.27433e-13 0)
(1.5 -1.152e-13 0)
(1.5 -1.10612e-14 0)
(1.5 2.10528e-14 0)
(1.5 -4.22886e-14 0)
(1.5 -7.88207e-14 0)
(1.5 -5.95285e-14 0)
(1.5 -9.92861e-14 0)
(1.5 -1.27434e-13 0)
(1.5 -1.92709e-13 0)
(1.5 -1.09294e-13 0)
(1.5 -7.36033e-14 0)
(1.5 -3.60539e-14 0)
(1.5 -6.25529e-14 0)
(1.5 -7.50718e-14 0)
(1.5 1.58365e-14 0)
(1.5 1.81131e-13 0)
(1.5 2.17811e-13 0)
(1.5 1.37458e-13 0)
(1.5 8.05251e-14 0)
(1.5 -3.12941e-14 0)
(1.5 -1.81617e-13 0)
(1.5 -2.38379e-13 0)
(1.5 -2.05408e-13 0)
(1.5 -1.08133e-13 0)
(1.5 -1.85507e-15 0)
(1.5 -2.0423e-14 0)
(1.5 -5.56814e-14 0)
(1.5 -4.33954e-14 0)
(1.5 -4.44226e-14 0)
(1.5 -1.03674e-13 0)
(1.5 -2.22228e-13 0)
(1.5 -2.65967e-13 0)
(1.5 -1.97307e-13 0)
(1.5 -9.54538e-14 0)
(1.5 -6.74243e-14 0)
(1.5 -2.47026e-14 0)
(1.5 -1.72713e-15 0)
(1.5 3.45834e-14 0)
(1.5 1.63709e-13 0)
(1.5 1.85934e-13 0)
(1.5 1.05844e-13 0)
(1.5 2.97807e-14 0)
(1.5 -4.62559e-15 0)
(1.5 -1.26655e-14 0)
(1.5 5.34071e-14 0)
(1.5 1.74244e-13 0)
(1.5 1.1392e-13 0)
(1.5 3.89439e-15 0)
(1.5 2.33311e-14 0)
(1.5 -1.54883e-14 0)
(1.5 6.61726e-14 0)
(1.5 6.16197e-14 0)
(1.5 4.77913e-14 0)
(1.5 4.29476e-14 0)
(1.5 1.08845e-14 0)
(1.5 -3.58048e-14 0)
(1.5 -9.25563e-14 0)
(1.5 -5.03033e-14 0)
(1.5 -7.84568e-14 0)
(1.5 -1.18804e-13 0)
(1.5 -1.58559e-13 0)
(1.5 -2.26841e-13 0)
(1.5 -1.31137e-13 0)
(1.5 -1.97197e-14 0)
(1.5 -1.3105e-14 0)
(1.5 -2.29096e-14 0)
(1.5 -1.72657e-14 0)
(1.5 -4.43355e-14 0)
(1.5 -1.81378e-14 0)
(1.5 -7.25438e-15 0)
(1.5 2.66787e-14 0)
(1.5 -3.61388e-15 0)
(1.5 -3.59535e-14 0)
(1.5 -1.48649e-13 0)
(1.5 -1.8826e-13 0)
(1.5 -9.23355e-14 0)
(1.5 2.70613e-14 0)
(1.5 4.67859e-14 0)
(1.5 8.9256e-14 0)
(1.5 2.31276e-14 0)
(1.5 -6.12726e-14 0)
(1.5 -2.54057e-14 0)
(1.5 7.19712e-14 0)
(1.5 1.38075e-13 0)
(1.5 1.13173e-13 0)
(1.5 4.73193e-14 0)
(1.5 -6.25078e-14 0)
(1.5 -1.15391e-13 0)
(1.5 -7.94414e-14 0)
(1.5 -1.64804e-14 0)
(1.5 -6.87863e-15 0)
(1.5 5.46138e-14 0)
(1.5 7.16275e-14 0)
(1.5 8.6727e-14 0)
(1.5 -4.82808e-14 0)
(1.5 -9.59813e-14 0)
(1.5 -6.42548e-14 0)
(1.5 -7.49533e-14 0)
(1.5 -5.94421e-14 0)
(1.5 7.54488e-14 0)
(1.5 1.82581e-13 0)
(1.5 4.53725e-14 0)
(1.5 -1.79041e-14 0)
(1.5 -1.71766e-14 0)
(1.5 -1.78059e-14 0)
(1.5 3.47451e-14 0)
(1.5 6.36401e-14 0)
(1.5 4.18075e-14 0)
(1.5 1.7387e-14 0)
(1.5 4.51509e-14 0)
(1.5 -1.63487e-14 0)
(1.5 -4.4194e-14 0)
(1.5 -1.40715e-13 0)
(1.5 -1.70006e-13 0)
(1.5 -1.89815e-13 0)
(1.5 -2.21438e-13 0)
(1.5 -1.66375e-13 0)
(1.5 -1.4522e-13 0)
(1.5 -5.58506e-14 0)
(1.5 -1.28455e-13 0)
(1.5 -1.68127e-13 0)
(1.5 -1.3182e-13 0)
(1.5 -4.60148e-14 0)
(1.5 -3.19359e-14 0)
(1.5 -4.57317e-14 0)
(1.5 -9.97927e-14 0)
(1.5 -8.95643e-14 0)
(1.5 -3.94554e-14 0)
(1.5 -1.73512e-14 0)
(1.5 1.07199e-13 0)
(1.5 1.05237e-13 0)
(1.5 8.0568e-14 0)
(1.5 1.17743e-13 0)
(1.5 2.25178e-14 0)
(1.5 9.84226e-15 0)
(1.5 -3.30272e-14 0)
(1.5 3.76771e-14 0)
(1.5 -5.04715e-15 0)
(1.5 8.72803e-15 0)
(1.5 9.68592e-14 0)
(1.5 1.29394e-13 0)
(1.5 4.43606e-14 0)
(1.5 7.74143e-14 0)
(1.5 4.58696e-14 0)
(1.5 -3.33019e-14 0)
(1.5 -3.64093e-14 0)
(1.5 -6.46627e-14 0)
(1.5 -7.25671e-14 0)
(1.5 -1.92131e-13 0)
(1.5 -1.66797e-13 0)
(1.5 -8.10614e-14 0)
(1.5 -1.071e-13 0)
(1.5 -6.72256e-14 0)
(1.5 -7.10953e-14 0)
(1.5 -1.58614e-14 0)
(1.5 4.39374e-14 0)
(1.5 3.79055e-14 0)
(1.5 9.34944e-15 0)
(1.5 -5.62273e-14 0)
(1.5 -5.61118e-14 0)
(1.5 -2.37995e-14 0)
(1.5 -9.8225e-14 0)
(1.5 -1.90933e-13 0)
(1.5 -1.04667e-13 0)
(1.5 -9.51143e-14 0)
(1.5 -1.14353e-13 0)
(1.5 -1.15127e-13 0)
(1.5 -1.24279e-13 0)
(1.5 -3.35402e-14 0)
(1.5 -7.42378e-14 0)
(1.5 -1.64269e-13 0)
(1.5 -3.0638e-13 0)
(1.5 -3.33393e-13 0)
(1.5 -2.86955e-13 0)
(1.5 -2.66612e-13 0)
(1.5 -2.13934e-13 0)
(1.5 -1.87467e-13 0)
(1.5 -1.49361e-13 0)
(1.5 -7.08757e-14 0)
(1.5 -1.10162e-13 0)
(1.5 -2.10587e-13 0)
(1.5 -2.14913e-13 0)
(1.5 -2.1586e-13 0)
(1.5 -2.13812e-13 0)
(1.5 -2.25974e-13 0)
(1.5 -2.64217e-13 0)
(1.5 -2.29883e-13 0)
(1.5 -1.22311e-13 0)
(1.5 -7.74143e-15 0)
(1.5 2.8749e-14 0)
(1.5 2.19072e-14 0)
(1.5 1.17343e-13 0)
(1.5 1.02891e-13 0)
(1.5 8.76931e-14 0)
(1.5 7.73356e-14 0)
(1.5 5.22839e-14 0)
(1.5 -4.78993e-14 0)
(1.5 -1.21122e-13 0)
(1.5 -1.01272e-13 0)
(1.5 -5.90075e-14 0)
(1.5 -3.63459e-14 0)
(1.5 -4.72361e-14 0)
(1.5 -4.19011e-14 0)
(1.5 3.32804e-14 0)
(1.5 2.43315e-14 0)
(1.5 -4.68046e-14 0)
(1.5 -1.04828e-13 0)
(1.5 -2.184e-14 0)
(1.5 -4.37054e-14 0)
(1.5 -1.88861e-14 0)
(1.5 -6.99312e-14 0)
(1.5 -4.04042e-14 0)
(1.5 -3.2539e-14 0)
(1.5 2.55035e-14 0)
(1.5 9.41084e-14 0)
(1.5 1.75301e-13 0)
(1.5 1.41002e-13 0)
(1.5 1.37104e-13 0)
(1.5 2.05257e-13 0)
(1.5 1.24649e-13 0)
(1.5 -3.05251e-14 0)
(1.5 -1.32541e-13 0)
(1.5 -1.53738e-13 0)
(1.5 -1.77457e-13 0)
(1.5 -1.45772e-13 0)
(1.5 -9.68167e-14 0)
(1.5 -1.3088e-13 0)
(1.5 -1.00574e-13 0)
(1.5 -1.10822e-13 0)
(1.5 -1.34879e-13 0)
(1.5 -1.82646e-13 0)
(1.5 -1.93212e-13 0)
(1.5 -1.6004e-13 0)
(1.5 -1.65013e-13 0)
(1.5 -1.82817e-13 0)
(1.5 -1.92682e-13 0)
(1.5 -1.1702e-13 0)
(1.5 6.90931e-14 0)
(1.5 1.9651e-13 0)
(1.5 2.37948e-13 0)
(1.5 2.00646e-13 0)
(1.5 6.27569e-14 0)
(1.5 -4.99763e-14 0)
(1.5 -7.52666e-14 0)
(1.5 -1.81167e-14 0)
(1.5 1.15571e-13 0)
(1.5 1.13357e-13 0)
(1.5 7.91872e-14 0)
(1.5 5.32863e-15 0)
(1.5 -3.16796e-14 0)
(1.5 7.75392e-14 0)
(1.5 5.61942e-14 0)
(1.5 4.35983e-14 0)
(1.5 -7.19315e-15 0)
(1.5 -2.05457e-14 0)
(1.5 -3.09904e-14 0)
(1.5 -9.88059e-14 0)
(1.5 -1.24024e-13 0)
(1.5 -8.22769e-14 0)
(1.5 -1.28424e-13 0)
(1.5 -1.65788e-13 0)
(1.5 -1.92298e-13 0)
(1.5 -1.46998e-13 0)
(1.5 -2.13215e-14 0)
(1.5 -2.29152e-15 0)
(1.5 4.76736e-14 0)
(1.5 2.60336e-14 0)
(1.5 -5.22326e-14 0)
(1.5 -1.35984e-13 0)
(1.5 -1.81732e-13 0)
(1.5 -1.36512e-13 0)
(1.5 -1.58342e-13 0)
(1.5 -1.46819e-13 0)
(1.5 -2.11378e-13 0)
(1.5 -2.64123e-13 0)
(1.5 -2.29934e-13 0)
(1.5 -1.83996e-13 0)
(1.5 -4.59422e-14 0)
(1.5 -2.4882e-14 0)
(1.5 -1.04634e-13 0)
(1.5 -1.2081e-13 0)
(1.5 -1.58121e-14 0)
(1.5 7.07813e-14 0)
(1.5 5.81455e-14 0)
(1.5 -5.85656e-15 0)
(1.5 -1.21104e-13 0)
(1.5 -2.10888e-13 0)
(1.5 -1.66587e-13 0)
(1.5 -1.31219e-13 0)
(1.5 -1.77857e-13 0)
(1.5 -1.79152e-13 0)
(1.5 2.11105e-14 0)
(1.5 3.69789e-14 0)
(1.5 8.31228e-14 0)
(1.5 -3.27024e-14 0)
(1.5 -7.18932e-14 0)
(1.5 4.78835e-14 0)
(1.5 4.42802e-14 0)
(1.5 6.4447e-14 0)
(1.5 2.28998e-13 0)
(1.5 3.69846e-13 0)
(1.5 2.51325e-13 0)
(1.5 9.58823e-14 0)
(1.5 -1.62359e-14 0)
(1.5 3.63578e-14 0)
(1.5 8.60182e-14 0)
(1.5 1.11023e-13 0)
(1.5 4.51667e-14 0)
(1.5 4.97081e-14 0)
(1.5 6.5377e-14 0)
(1.5 6.17304e-14 0)
(1.5 -3.94049e-14 0)
(1.5 -1.10597e-13 0)
(1.5 -1.16604e-13 0)
(1.5 -1.07883e-13 0)
(1.5 -1.66613e-13 0)
(1.5 -1.45615e-13 0)
(1.5 -1.80509e-13 0)
(1.5 -5.50927e-14 0)
(1.5 -4.79166e-14 0)
(1.5 -1.00973e-13 0)
(1.5 -1.97241e-14 0)
(1.5 2.43616e-14 0)
(1.5 1.6449e-14 0)
(1.5 2.11823e-14 0)
(1.5 -6.74241e-15 0)
(1.5 -2.10764e-14 0)
(1.5 1.04265e-14 0)
(1.5 -2.01085e-15 0)
(1.5 3.86896e-14 0)
(1.5 3.21414e-14 0)
(1.5 9.90868e-14 0)
(1.5 1.30914e-13 0)
(1.5 6.75045e-14 0)
(1.5 9.05198e-14 0)
(1.5 5.95229e-14 0)
(1.5 3.94625e-14 0)
(1.5 5.33635e-14 0)
(1.5 4.28052e-14 0)
(1.5 7.14161e-14 0)
(1.5 5.51051e-14 0)
(1.5 -6.06098e-14 0)
(1.5 -2.25781e-14 0)
(1.5 -1.10331e-13 0)
(1.5 -1.56455e-13 0)
(1.5 -8.29823e-14 0)
(1.5 -1.02208e-13 0)
(1.5 -1.04481e-13 0)
(1.5 -7.77955e-14 0)
(1.5 3.1322e-15 0)
(1.5 2.77841e-14 0)
(1.5 8.75221e-15 0)
(1.5 5.95537e-14 0)
(1.5 -1.43602e-14 0)
(1.5 3.18322e-14 0)
(1.5 4.62892e-14 0)
(1.5 3.90472e-14 0)
(1.5 6.66377e-14 0)
(1.5 3.63353e-14 0)
(1.5 2.15506e-14 0)
(1.5 -6.46691e-14 0)
(1.5 -1.55993e-13 0)
(1.5 -2.38721e-13 0)
(1.5 -6.36986e-14 0)
(1.5 -6.32883e-14 0)
(1.5 -7.03791e-14 0)
(1.5 -9.86345e-14 0)
(1.5 -1.25175e-13 0)
(1.5 -1.32894e-13 0)
(1.5 -2.07811e-13 0)
(1.5 -2.87572e-13 0)
(1.5 -3.16402e-13 0)
(1.5 -3.98966e-13 0)
(1.5 -3.12179e-13 0)
(1.5 -2.51759e-13 0)
(1.5 -1.39034e-13 0)
(1.5 -1.06208e-13 0)
(1.5 -1.53457e-13 0)
(1.5 -2.19047e-13 0)
(1.5 -1.47543e-13 0)
(1.5 -1.92429e-13 0)
(1.5 -1.31335e-13 0)
(1.5 -1.13172e-13 0)
(1.5 -9.74506e-14 0)
(1.5 -1.12492e-13 0)
(1.5 -1.30024e-13 0)
(1.5 -1.57778e-13 0)
(1.5 -1.08647e-13 0)
(1.5 6.22766e-14 0)
(1.5 3.20155e-14 0)
(1.5 -1.41573e-14 0)
(1.5 1.11627e-13 0)
(1.5 1.58014e-13 0)
(1.5 1.87687e-13 0)
(1.5 1.47416e-13 0)
(1.5 1.14574e-13 0)
(1.5 2.37933e-14 0)
(1.5 1.39955e-14 0)
(1.5 8.76795e-14 0)
(1.5 1.97658e-13 0)
(1.5 1.86904e-13 0)
(1.5 -3.78882e-15 0)
(1.5 -1.03115e-13 0)
(1.5 -3.10003e-15 0)
(1.5 -6.05652e-15 0)
(1.5 -7.98885e-14 0)
(1.5 -1.49153e-13 0)
(1.5 -6.31626e-14 0)
(1.5 1.66366e-14 0)
(1.5 5.93837e-14 0)
(1.5 -1.79706e-14 0)
(1.5 -6.36259e-15 0)
(1.5 4.21824e-14 0)
(1.5 1.42692e-13 0)
(1.5 1.83444e-13 0)
(1.5 1.26331e-13 0)
(1.5 7.879e-14 0)
(1.5 1.18749e-13 0)
(1.5 1.93182e-13 0)
(1.5 1.967e-13 0)
(1.5 1.32211e-13 0)
(1.5 7.82495e-14 0)
(1.5 -4.45254e-14 0)
(1.5 -1.80266e-13 0)
(1.5 -2.13842e-13 0)
(1.5 -7.62023e-14 0)
(1.5 -9.52491e-14 0)
(1.5 -6.93497e-14 0)
(1.5 -1.3072e-13 0)
(1.5 -8.83837e-14 0)
(1.5 3.35862e-14 0)
(1.5 7.37712e-14 0)
(1.5 -6.22672e-14 0)
(1.5 -1.72e-13 0)
(1.5 -1.09867e-13 0)
(1.5 -4.19229e-14 0)
(1.5 6.80919e-14 0)
(1.5 2.09126e-13 0)
(1.5 2.79803e-13 0)
(1.5 2.46266e-13 0)
(1.5 2.38666e-13 0)
(1.5 1.23688e-13 0)
(1.5 1.04251e-14 0)
(1.5 -7.79205e-14 0)
(1.5 -8.7992e-14 0)
(1.5 1.30281e-14 0)
(1.5 1.22702e-13 0)
(1.5 1.67225e-13 0)
(1.5 2.6087e-14 0)
(1.5 -3.81296e-14 0)
(1.5 5.15407e-14 0)
(1.5 1.0909e-13 0)
(1.5 8.59418e-14 0)
(1.5 -2.69218e-14 0)
(1.5 -8.04212e-14 0)
(1.5 2.92291e-14 0)
(1.5 -1.72499e-14 0)
(1.5 -9.68255e-14 0)
(1.5 -3.92551e-14 0)
(1.5 -1.01181e-13 0)
(1.5 -5.29874e-14 0)
(1.5 3.43936e-15 0)
(1.5 -6.25518e-14 0)
(1.5 3.29823e-14 0)
(1.5 8.79219e-14 0)
(1.5 1.74177e-13 0)
(1.5 1.10035e-13 0)
(1.5 7.79638e-15 0)
(1.5 -7.93638e-14 0)
(1.5 -1.63832e-13 0)
(1.5 -1.35435e-13 0)
(1.5 -1.69385e-13 0)
(1.5 -1.46167e-13 0)
(1.5 -1.47161e-13 0)
(1.5 -1.97188e-13 0)
(1.5 -1.36709e-13 0)
(1.5 -2.19996e-13 0)
(1.5 -1.39884e-13 0)
(1.5 -7.68129e-14 0)
(1.5 -2.40455e-14 0)
(1.5 1.27426e-13 0)
(1.5 2.32747e-13 0)
(1.5 2.54208e-13 0)
(1.5 1.68284e-13 0)
(1.5 1.27794e-13 0)
(1.5 6.79501e-14 0)
(1.5 6.54468e-14 0)
(1.5 3.30614e-15 0)
(1.5 -5.84074e-15 0)
(1.5 -1.12851e-13 0)
(1.5 -1.21117e-13 0)
(1.5 -1.7148e-14 0)
(1.5 -3.01557e-15 0)
(1.5 1.26267e-14 0)
(1.5 1.58205e-14 0)
(1.5 2.52888e-14 0)
(1.5 7.6542e-14 0)
(1.5 4.68601e-14 0)
(1.5 1.04623e-13 0)
(1.5 2.19551e-13 0)
(1.5 3.45333e-13 0)
(1.5 3.43894e-13 0)
(1.5 1.94773e-13 0)
(1.5 7.4127e-14 0)
(1.5 1.05922e-14 0)
(1.5 3.61718e-14 0)
(1.5 2.92217e-14 0)
(1.5 -1.02266e-14 0)
(1.5 -2.29936e-14 0)
(1.5 -6.15092e-14 0)
(1.5 -7.61886e-14 0)
(1.5 -1.21701e-13 0)
(1.5 -1.29276e-13 0)
(1.5 -9.95426e-14 0)
(1.5 -1.19345e-13 0)
(1.5 -1.55716e-13 0)
(1.5 -2.13418e-13 0)
(1.5 -1.85513e-13 0)
(1.5 -1.2936e-13 0)
(1.5 -6.32913e-14 0)
(1.5 -8.71587e-14 0)
(1.5 -4.7606e-14 0)
(1.5 1.46479e-16 0)
(1.5 2.35151e-14 0)
(1.5 8.63285e-15 0)
(1.5 3.20139e-14 0)
(1.5 4.16015e-14 0)
(1.5 6.30566e-14 0)
(1.5 4.5476e-14 0)
(1.5 3.05928e-14 0)
(1.5 -6.11023e-14 0)
(1.5 3.0752e-14 0)
(1.5 6.94072e-14 0)
(1.5 4.07298e-14 0)
(1.5 4.49743e-14 0)
(1.5 8.57953e-14 0)
(1.5 7.12277e-14 0)
(1.5 1.01341e-13 0)
(1.5 7.28354e-14 0)
(1.5 3.25645e-15 0)
(1.5 -5.45813e-14 0)
(1.5 -1.55788e-13 0)
(1.5 -1.77727e-13 0)
(1.5 -2.35317e-13 0)
(1.5 -2.32416e-13 0)
(1.5 -1.08445e-13 0)
(1.5 -7.28794e-14 0)
(1.5 -4.94537e-14 0)
(1.5 4.77585e-14 0)
(1.5 8.65343e-14 0)
(1.5 3.10562e-15 0)
(1.5 4.35157e-14 0)
(1.5 9.30505e-14 0)
(1.5 6.74525e-14 0)
(1.5 2.13845e-14 0)
(1.5 3.99088e-14 0)
(1.5 6.13907e-15 0)
(1.5 1.99944e-14 0)
(1.5 -1.54419e-14 0)
(1.5 -3.24279e-14 0)
(1.5 -8.0835e-14 0)
(1.5 -1.16883e-13 0)
(1.5 -1.34633e-13 0)
(1.5 -1.21633e-13 0)
(1.5 -1.29692e-13 0)
(1.5 -1.49794e-13 0)
(1.5 -1.95455e-13 0)
(1.5 -2.30299e-13 0)
(1.5 -2.89898e-13 0)
(1.5 -3.10003e-13 0)
(1.5 -3.10531e-13 0)
(1.5 -2.89136e-13 0)
(1.5 -3.08616e-13 0)
(1.5 -2.44176e-13 0)
(1.5 -1.92304e-13 0)
(1.5 -1.6626e-13 0)
(1.5 -1.6156e-13 0)
(1.5 -1.90588e-13 0)
(1.5 -3.13237e-13 0)
(1.5 -2.87384e-13 0)
(1.5 -2.91777e-13 0)
(1.5 -2.07814e-13 0)
(1.5 -1.58908e-13 0)
(1.5 -1.25326e-13 0)
(1.5 -5.55999e-14 0)
(1.5 -1.93568e-14 0)
(1.5 4.09349e-14 0)
(1.5 7.80324e-14 0)
(1.5 1.58143e-13 0)
(1.5 1.19338e-13 0)
(1.5 1.59174e-14 0)
(1.5 3.79188e-14 0)
(1.5 1.33281e-13 0)
(1.5 1.62813e-13 0)
(1.5 1.3344e-13 0)
(1.5 1.30809e-13 0)
(1.5 8.08192e-14 0)
(1.5 1.52787e-13 0)
(1.5 3.0737e-13 0)
(1.5 4.0308e-13 0)
(1.5 3.1165e-13 0)
(1.5 8.13473e-14 0)
(1.5 -7.40271e-14 0)
(1.5 -1.05338e-13 0)
(1.5 -1.04295e-13 0)
(1.5 -1.09361e-13 0)
(1.5 -1.74162e-13 0)
(1.5 -1.30545e-13 0)
(1.5 5.43649e-14 0)
(1.5 2.17995e-13 0)
(1.5 1.92396e-13 0)
(1.5 1.95284e-13 0)
(1.5 3.01522e-13 0)
(1.5 3.71576e-13 0)
(1.5 3.12953e-13 0)
(1.5 2.06595e-13 0)
(1.5 1.56447e-13 0)
(1.5 1.60886e-13 0)
(1.5 1.57265e-13 0)
(1.5 1.67221e-13 0)
(1.5 1.66512e-13 0)
(1.5 1.65831e-13 0)
(1.5 3.43926e-14 0)
(1.5 -7.99072e-14 0)
(1.5 -9.30649e-14 0)
(1.5 -2.49924e-14 0)
(1.5 -3.16343e-14 0)
(1.5 -2.80997e-14 0)
(1.5 -4.87259e-14 0)
(1.5 -3.22117e-14 0)
(1.5 7.15206e-14 0)
(1.5 1.22509e-13 0)
(1.5 -2.0952e-14 0)
(1.5 -9.36456e-14 0)
(1.5 -2.73257e-14 0)
(1.5 1.0568e-13 0)
(1.5 2.42339e-13 0)
(1.5 2.65932e-13 0)
(1.5 2.645e-13 0)
(1.5 1.41017e-13 0)
(1.5 8.67264e-14 0)
(1.5 9.77399e-14 0)
(1.5 9.5695e-14 0)
(1.5 8.97365e-14 0)
(1.5 7.51973e-14 0)
(1.5 6.70543e-14 0)
(1.5 1.05846e-13 0)
(1.5 6.42039e-14 0)
(1.5 -2.5722e-14 0)
(1.5 -6.11596e-14 0)
(1.5 5.74695e-14 0)
(1.5 8.82415e-14 0)
(1.5 2.85835e-14 0)
(1.5 7.29042e-15 0)
(1.5 -1.8735e-14 0)
(1.5 1.28177e-14 0)
(1.5 -2.97705e-14 0)
(1.5 -1.47499e-13 0)
(1.5 -5.41163e-14 0)
(1.5 -7.02508e-14 0)
(1.5 -1.54441e-14 0)
(1.5 7.59348e-14 0)
(1.5 4.90909e-14 0)
(1.5 3.86437e-14 0)
(1.5 1.08224e-13 0)
(1.5 1.33349e-13 0)
(1.5 7.07066e-14 0)
(1.5 8.75473e-14 0)
(1.5 1.06777e-13 0)
(1.5 6.55487e-14 0)
(1.5 1.7959e-14 0)
(1.5 -1.05299e-13 0)
(1.5 -7.81008e-14 0)
(1.5 -3.04613e-14 0)
(1.5 -5.27342e-14 0)
(1.5 -1.14121e-14 0)
(1.5 -4.16834e-14 0)
(1.5 -5.10222e-14 0)
(1.5 3.48453e-14 0)
(1.5 2.14477e-13 0)
(1.5 3.59345e-13 0)
(1.5 3.71407e-13 0)
(1.5 3.1221e-13 0)
(1.5 2.37824e-13 0)
(1.5 2.59853e-13 0)
(1.5 2.45462e-13 0)
(1.5 1.3952e-13 0)
(1.5 -3.88664e-14 0)
(1.5 -1.04398e-13 0)
(1.5 -4.76436e-14 0)
(1.5 -1.32303e-14 0)
(1.5 -4.22885e-14 0)
(1.5 -7.9712e-14 0)
(1.5 -1.07719e-13 0)
(1.5 1.89626e-14 0)
(1.5 1.62113e-13 0)
(1.5 1.07271e-13 0)
(1.5 2.19549e-14 0)
(1.5 6.70253e-14 0)
(1.5 9.98992e-15 0)
(1.5 6.11243e-14 0)
(1.5 1.01111e-13 0)
(1.5 9.30081e-14 0)
(1.5 6.95815e-14 0)
(1.5 -4.53972e-14 0)
(1.5 -7.86023e-14 0)
(1.5 -1.40674e-13 0)
(1.5 -1.37537e-13 0)
(1.5 -1.46797e-13 0)
(1.5 -1.73169e-13 0)
(1.5 -2.46699e-13 0)
(1.5 -2.69543e-13 0)
(1.5 -2.44667e-13 0)
(1.5 -1.19091e-13 0)
(1.5 -1.54265e-13 0)
(1.5 -2.2613e-13 0)
(1.5 -2.7431e-13 0)
(1.5 -2.67835e-13 0)
(1.5 -2.65357e-13 0)
(1.5 -1.54463e-13 0)
(1.5 -1.14502e-13 0)
(1.5 -1.01011e-13 0)
(1.5 -8.01655e-14 0)
(1.5 -1.1494e-14 0)
(1.5 -3.69496e-14 0)
(1.5 -5.99583e-14 0)
(1.5 -4.58082e-14 0)
(1.5 3.21796e-15 0)
(1.5 7.93571e-14 0)
(1.5 -2.55568e-14 0)
(1.5 -9.76852e-14 0)
(1.5 -6.093e-14 0)
(1.5 -5.77887e-14 0)
(1.5 -5.21029e-14 0)
(1.5 -9.47543e-14 0)
(1.5 -9.52692e-15 0)
(1.5 5.54572e-14 0)
(1.5 9.80248e-14 0)
(1.5 -3.2196e-14 0)
(1.5 -8.34987e-14 0)
(1.5 -1.71785e-13 0)
(1.5 -1.99327e-13 0)
(1.5 -2.1838e-13 0)
(1.5 -2.44553e-13 0)
(1.5 -2.19525e-13 0)
(1.5 -1.7382e-13 0)
(1.5 -7.38407e-14 0)
(1.5 -1.09804e-13 0)
(1.5 -8.70637e-15 0)
(1.5 -7.92313e-14 0)
(1.5 -1.49851e-13 0)
(1.5 -1.85387e-14 0)
(1.5 -1.93555e-14 0)
(1.5 5.28058e-14 0)
(1.5 2.35483e-14 0)
(1.5 6.52336e-14 0)
(1.5 -3.0806e-15 0)
(1.5 -1.196e-13 0)
(1.5 -1.46891e-13 0)
(1.5 -1.38668e-13 0)
(1.5 -1.10268e-13 0)
(1.5 -1.29211e-13 0)
(1.5 -2.33561e-13 0)
(1.5 -2.84459e-13 0)
(1.5 -2.85363e-13 0)
(1.5 -3.83097e-13 0)
(1.5 -4.00935e-13 0)
(1.5 -4.50269e-13 0)
(1.5 -4.56199e-13 0)
(1.5 -3.95588e-13 0)
(1.5 -3.76313e-13 0)
(1.5 -3.33226e-13 0)
(1.5 -2.09761e-13 0)
(1.5 -1.70013e-13 0)
(1.5 -1.28467e-13 0)
(1.5 -2.04459e-13 0)
(1.5 -1.85967e-13 0)
(1.5 -2.13636e-13 0)
(1.5 -3.21166e-13 0)
(1.5 -3.51593e-13 0)
(1.5 -4.02005e-13 0)
(1.5 -4.13583e-13 0)
(1.5 -2.74225e-13 0)
(1.5 -1.13891e-13 0)
(1.5 8.94461e-14 0)
(1.5 1.48683e-13 0)
(1.5 2.73147e-13 0)
(1.5 3.18275e-13 0)
(1.5 2.65481e-13 0)
(1.5 3.3742e-13 0)
(1.5 2.29029e-13 0)
(1.5 1.19487e-13 0)
(1.5 1.88657e-13 0)
(1.5 2.06327e-13 0)
(1.5 1.72854e-13 0)
(1.5 1.3912e-13 0)
(1.5 1.40939e-13 0)
(1.5 1.81215e-13 0)
(1.5 3.71975e-13 0)
(1.5 4.18503e-13 0)
(1.5 3.22745e-13 0)
(1.5 2.08775e-13 0)
(1.5 9.46824e-14 0)
(1.5 -5.9318e-14 0)
(1.5 -2.03543e-14 0)
(1.5 2.68195e-14 0)
(1.5 2.62922e-14 0)
(1.5 2.28882e-14 0)
(1.5 2.2966e-13 0)
(1.5 3.66436e-13 0)
(1.5 4.1774e-13 0)
(1.5 3.73544e-13 0)
(1.5 4.76741e-13 0)
(1.5 5.4608e-13 0)
(1.5 4.4679e-13 0)
(1.5 3.53844e-13 0)
(1.5 2.84463e-13 0)
(1.5 3.06756e-13 0)
(1.5 2.91011e-13 0)
(1.5 2.40352e-13 0)
(1.5 2.86741e-13 0)
(1.5 2.26265e-13 0)
(1.5 1.96688e-13 0)
(1.5 1.80918e-13 0)
(1.5 1.51722e-13 0)
(1.5 1.50782e-13 0)
(1.5 1.87096e-13 0)
(1.5 1.57443e-13 0)
(1.5 1.80951e-13 0)
(1.5 1.26222e-13 0)
(1.5 1.15688e-13 0)
(1.5 1.12114e-13 0)
(1.5 8.65987e-14 0)
(1.5 6.65091e-14 0)
(1.5 7.31854e-14 0)
(1.5 1.21908e-13 0)
(1.5 1.89394e-13 0)
(1.5 1.46873e-13 0)
(1.5 1.29034e-13 0)
(1.5 1.94644e-14 0)
(1.5 9.966e-15 0)
(1.5 9.751e-14 0)
(1.5 2.09147e-13 0)
(1.5 3.09683e-13 0)
(1.5 3.23138e-13 0)
(1.5 3.14683e-13 0)
(1.5 1.66157e-13 0)
(1.5 3.60948e-14 0)
(1.5 3.21954e-16 0)
(1.5 9.07557e-15 0)
(1.5 9.59684e-14 0)
(1.5 8.92486e-14 0)
(1.5 2.48792e-14 0)
(1.5 1.22685e-13 0)
(1.5 2.16132e-13 0)
(1.5 1.37678e-13 0)
(1.5 7.27748e-14 0)
(1.5 2.48817e-14 0)
(1.5 1.00643e-13 0)
(1.5 1.48481e-13 0)
(1.5 8.42822e-14 0)
(1.5 7.78118e-14 0)
(1.5 9.36829e-14 0)
(1.5 7.62983e-14 0)
(1.5 1.37579e-13 0)
(1.5 1.4671e-13 0)
(1.5 1.34526e-13 0)
(1.5 1.60065e-13 0)
(1.5 1.91194e-13 0)
(1.5 2.14586e-13 0)
(1.5 9.90627e-14 0)
(1.5 5.60892e-14 0)
(1.5 8.58012e-14 0)
(1.5 1.06513e-13 0)
(1.5 1.65648e-13 0)
(1.5 1.44656e-13 0)
(1.5 2.41336e-13 0)
(1.5 2.13898e-13 0)
(1.5 2.66467e-13 0)
(1.5 3.84939e-13 0)
(1.5 3.45038e-13 0)
(1.5 3.57446e-13 0)
(1.5 2.47973e-13 0)
(1.5 2.18296e-13 0)
(1.5 1.65789e-13 0)
(1.5 1.54768e-13 0)
(1.5 9.31189e-14 0)
(1.5 7.56109e-16 0)
(1.5 -9.44387e-14 0)
(1.5 1.19211e-14 0)
(1.5 4.72789e-14 0)
(1.5 -3.48207e-14 0)
(1.5 1.92373e-14 0)
(1.5 -2.43676e-14 0)
(1.5 3.61389e-14 0)
(1.5 1.77316e-13 0)
(1.5 1.39346e-13 0)
(1.5 5.95531e-14 0)
(1.5 4.75677e-14 0)
(1.5 -7.28633e-14 0)
(1.5 -8.57387e-14 0)
(1.5 -8.74346e-14 0)
(1.5 -5.51105e-16 0)
(1.5 3.2019e-14 0)
(1.5 -3.78374e-14 0)
(1.5 -1.00887e-13 0)
(1.5 -1.52405e-13 0)
(1.5 -1.97349e-13 0)
(1.5 -1.60877e-13 0)
(1.5 -1.99253e-13 0)
(1.5 -2.30021e-13 0)
(1.5 -2.94362e-13 0)
(1.5 -2.88011e-13 0)
(1.5 -9.78075e-14 0)
(1.5 -1.114e-13 0)
(1.5 -2.13553e-13 0)
(1.5 -2.22405e-13 0)
(1.5 -2.71507e-13 0)
(1.5 -2.37285e-13 0)
(1.5 -1.1976e-13 0)
(1.5 -1.11451e-13 0)
(1.5 3.5569e-15 0)
(1.5 -2.58412e-14 0)
(1.5 -8.44648e-14 0)
(1.5 -8.52539e-14 0)
(1.5 -1.4175e-13 0)
(1.5 -1.27186e-13 0)
(1.5 -1.08215e-13 0)
(1.5 2.45706e-14 0)
(1.5 -6.79214e-14 0)
(1.5 -1.27885e-13 0)
(1.5 -1.40309e-13 0)
(1.5 -1.39419e-13 0)
(1.5 -1.05345e-13 0)
(1.5 -1.67456e-13 0)
(1.5 -1.15058e-13 0)
(1.5 -6.40788e-14 0)
(1.5 1.27947e-14 0)
(1.5 -8.82363e-14 0)
(1.5 -1.60075e-13 0)
(1.5 -2.61719e-13 0)
(1.5 -2.23435e-13 0)
(1.5 -2.38714e-13 0)
(1.5 -2.62356e-13 0)
(1.5 -1.48274e-13 0)
(1.5 -1.21353e-13 0)
(1.5 -1.28638e-14 0)
(1.5 -6.69903e-14 0)
(1.5 -4.12119e-14 0)
(1.5 -1.4321e-13 0)
(1.5 -2.03563e-13 0)
(1.5 -9.7301e-14 0)
(1.5 -4.88614e-14 0)
(1.5 1.24984e-13 0)
(1.5 1.53283e-13 0)
(1.5 1.13391e-13 0)
(1.5 3.15108e-14 0)
(1.5 -1.60695e-13 0)
(1.5 -2.01331e-13 0)
(1.5 -1.28898e-13 0)
(1.5 -6.52401e-14 0)
(1.5 -1.88236e-13 0)
(1.5 -3.83119e-13 0)
(1.5 -3.89395e-13 0)
(1.5 -3.87939e-13 0)
(1.5 -5.07801e-13 0)
(1.5 -4.98392e-13 0)
(1.5 -5.13369e-13 0)
(1.5 -4.42747e-13 0)
(1.5 -3.70865e-13 0)
(1.5 -4.11193e-13 0)
(1.5 -3.98313e-13 0)
(1.5 -3.22713e-13 0)
(1.5 -2.54472e-13 0)
(1.5 -1.42616e-13 0)
(1.5 -1.8993e-13 0)
(1.5 -1.94285e-13 0)
(1.5 -2.32852e-13 0)
(1.5 -2.86785e-13 0)
(1.5 -3.22848e-13 0)
(1.5 -3.33531e-13 0)
(1.5 -3.81661e-13 0)
(1.5 -2.34359e-13 0)
(1.5 -3.45235e-15 0)
(1.5 1.53426e-13 0)
(1.5 1.5197e-13 0)
(1.5 2.31325e-13 0)
(1.5 3.0033e-13 0)
(1.5 2.66506e-13 0)
(1.5 4.03244e-13 0)
(1.5 3.75172e-13 0)
(1.5 2.9569e-13 0)
(1.5 3.42026e-13 0)
(1.5 3.54849e-13 0)
(1.5 2.88976e-13 0)
(1.5 2.17613e-13 0)
(1.5 2.665e-13 0)
(1.5 2.7644e-13 0)
(1.5 3.47214e-13 0)
(1.5 4.01344e-13 0)
(1.5 4.1833e-13 0)
(1.5 3.40672e-13 0)
(1.5 2.41223e-13 0)
(1.5 9.24681e-14 0)
(1.5 1.86151e-13 0)
(1.5 2.57477e-13 0)
(1.5 3.02179e-13 0)
(1.5 3.41984e-13 0)
(1.5 4.7848e-13 0)
(1.5 4.81524e-13 0)
(1.5 4.92854e-13 0)
(1.5 4.03524e-13 0)
(1.5 4.22742e-13 0)
(1.5 4.37037e-13 0)
(1.5 4.43289e-13 0)
(1.5 4.38844e-13 0)
(1.5 4.12329e-13 0)
(1.5 4.17862e-13 0)
(1.5 3.50895e-13 0)
(1.5 2.97998e-13 0)
(1.5 3.3778e-13 0)
(1.5 2.66932e-13 0)
(1.5 3.50822e-13 0)
(1.5 3.88017e-13 0)
(1.5 2.57887e-13 0)
(1.5 2.12694e-13 0)
(1.5 3.09113e-13 0)
(1.5 3.44177e-13 0)
(1.5 3.7018e-13 0)
(1.5 2.81618e-13 0)
(1.5 1.81901e-13 0)
(1.5 8.07289e-14 0)
(1.5 9.37857e-14 0)
(1.5 2.05687e-13 0)
(1.5 2.40673e-13 0)
(1.5 2.0196e-13 0)
(1.5 1.291e-13 0)
(1.5 4.83813e-14 0)
(1.5 -1.0479e-14 0)
(1.5 -9.15863e-14 0)
(1.5 6.69931e-15 0)
(1.5 1.83112e-13 0)
(1.5 3.07987e-13 0)
(1.5 3.78547e-13 0)
(1.5 3.99382e-13 0)
(1.5 4.67089e-13 0)
(1.5 2.91699e-13 0)
(1.5 1.23225e-13 0)
(1.5 9.2963e-14 0)
(1.5 9.69183e-14 0)
(1.5 1.12641e-13 0)
(1.5 5.64953e-14 0)
(1.5 6.70474e-14 0)
(1.5 2.55588e-13 0)
(1.5 3.49078e-13 0)
(1.5 2.94414e-13 0)
(1.5 2.25368e-13 0)
(1.5 2.84241e-13 0)
(1.5 3.09234e-13 0)
(1.5 2.91243e-13 0)
(1.5 2.12857e-13 0)
(1.5 2.25079e-13 0)
(1.5 2.56871e-13 0)
(1.5 2.07351e-13 0)
(1.5 1.95445e-13 0)
(1.5 1.13317e-13 0)
(1.5 1.02499e-13 0)
(1.5 1.39732e-14 0)
(1.5 1.03008e-13 0)
(1.5 1.77072e-13 0)
(1.5 5.10578e-14 0)
(1.5 9.43779e-14 0)
(1.5 1.33751e-13 0)
(1.5 2.52789e-13 0)
(1.5 3.6851e-13 0)
(1.5 4.05951e-13 0)
(1.5 5.25325e-13 0)
(1.5 4.15972e-13 0)
(1.5 4.43547e-13 0)
(1.5 3.79978e-13 0)
(1.5 2.78346e-13 0)
(1.5 2.8512e-13 0)
(1.5 1.68979e-13 0)
(1.5 7.4034e-14 0)
(1.5 -3.93844e-14 0)
(1.5 -4.93192e-14 0)
(1.5 1.80212e-14 0)
(1.5 2.14974e-14 0)
(1.5 2.39058e-14 0)
(1.5 1.07922e-13 0)
(1.5 7.26721e-14 0)
(1.5 6.91833e-14 0)
(1.5 2.44535e-13 0)
(1.5 2.19469e-13 0)
(1.5 2.01045e-13 0)
(1.5 1.7247e-13 0)
(1.5 1.49406e-13 0)
(1.5 1.22229e-13 0)
(1.5 8.80419e-14 0)
(1.5 -2.17195e-14 0)
(1.5 -1.15425e-13 0)
(1.5 -2.00035e-13 0)
(1.5 -4.98774e-14 0)
(1.5 -4.75179e-14 0)
(1.5 -8.89204e-14 0)
(1.5 -1.03095e-13 0)
(1.5 -1.46147e-13 0)
(1.5 -1.98973e-13 0)
(1.5 -2.01669e-13 0)
(1.5 -2.82511e-13 0)
(1.5 -2.49105e-13 0)
(1.5 -3.6225e-13 0)
(1.5 -3.52973e-13 0)
(1.5 -1.53175e-13 0)
(1.5 -1.39688e-13 0)
(1.5 -2.0385e-13 0)
(1.5 -2.84512e-13 0)
(1.5 -2.67167e-13 0)
(1.5 -2.0199e-13 0)
(1.5 -1.54289e-13 0)
(1.5 -1.51148e-13 0)
(1.5 -5.58712e-14 0)
(1.5 -9.01656e-14 0)
(1.5 -2.05904e-13 0)
(1.5 -2.08248e-13 0)
(1.5 -1.86026e-13 0)
(1.5 -1.97526e-13 0)
(1.5 -1.67451e-13 0)
(1.5 -1.39056e-13 0)
(1.5 -1.47511e-13 0)
(1.5 -1.98588e-13 0)
(1.5 -2.16696e-13 0)
(1.5 -2.04795e-13 0)
(1.5 -2.46479e-13 0)
(1.5 -2.51761e-13 0)
(1.5 -2.24593e-13 0)
(1.5 -1.93978e-13 0)
(1.5 -1.89855e-13 0)
(1.5 -1.87986e-13 0)
(1.5 -2.77171e-13 0)
(1.5 -3.4151e-13 0)
(1.5 -2.7386e-13 0)
(1.5 -3.00263e-13 0)
(1.5 -2.89515e-13 0)
(1.5 -1.66297e-13 0)
(1.5 -1.02789e-13 0)
(1.5 -6.7527e-14 0)
(1.5 -5.89911e-14 0)
(1.5 -1.00297e-13 0)
(1.5 -1.39776e-13 0)
(1.5 -1.42423e-13 0)
(1.5 -1.80044e-13 0)
(1.5 -6.95892e-14 0)
(1.5 7.82728e-14 0)
(1.5 6.09143e-14 0)
(1.5 1.19669e-14 0)
(1.5 -2.65703e-14 0)
(1.5 -6.23733e-14 0)
(1.5 -1.14946e-13 0)
(1.5 -5.03987e-14 0)
(1.5 -8.48012e-15 0)
(1.5 -1.54917e-13 0)
(1.5 -2.95088e-13 0)
(1.5 -3.06415e-13 0)
(1.5 -2.99722e-13 0)
(1.5 -3.78957e-13 0)
(1.5 -3.59381e-13 0)
(1.5 -3.94539e-13 0)
(1.5 -3.91588e-13 0)
(1.5 -3.82558e-13 0)
(1.5 -4.00929e-13 0)
(1.5 -3.46226e-13 0)
(1.5 -4.02665e-13 0)
(1.5 -2.90824e-13 0)
(1.5 -1.84316e-13 0)
(1.5 -1.76942e-13 0)
(1.5 -2.70685e-13 0)
(1.5 -2.80429e-13 0)
(1.5 -2.43707e-13 0)
(1.5 -2.37205e-13 0)
(1.5 -2.06329e-13 0)
(1.5 -1.69959e-13 0)
(1.5 -8.94431e-14 0)
(1.5 -1.92237e-15 0)
(1.5 6.26439e-14 0)
(1.5 1.14465e-13 0)
(1.5 1.27742e-13 0)
(1.5 2.82289e-13 0)
(1.5 3.14421e-13 0)
(1.5 3.40002e-13 0)
(1.5 3.30703e-13 0)
(1.5 2.85723e-13 0)
(1.5 2.96796e-13 0)
(1.5 3.0091e-13 0)
(1.5 2.7109e-13 0)
(1.5 1.80835e-13 0)
(1.5 1.55211e-13 0)
(1.5 2.58074e-13 0)
(1.5 2.85733e-13 0)
(1.5 3.826e-13 0)
(1.5 3.70142e-13 0)
(1.5 2.62049e-13 0)
(1.5 1.52449e-13 0)
(1.5 1.05466e-13 0)
(1.5 1.69439e-13 0)
(1.5 3.34803e-13 0)
(1.5 5.22856e-13 0)
(1.5 6.63834e-13 0)
(1.5 5.81844e-13 0)
(1.5 5.52554e-13 0)
(1.5 4.95965e-13 0)
(1.5 3.53958e-13 0)
(1.5 2.45017e-13 0)
(1.5 1.57877e-13 0)
(1.5 3.0318e-13 0)
(1.5 3.83914e-13 0)
(1.5 3.81467e-13 0)
(1.5 3.53967e-13 0)
(1.5 2.28198e-13 0)
(1.5 2.45455e-13 0)
(1.5 2.85509e-13 0)
(1.5 2.36198e-13 0)
(1.5 2.77253e-13 0)
(1.5 3.02191e-13 0)
(1.5 1.79913e-13 0)
(1.5 6.08723e-14 0)
(1.5 1.83905e-13 0)
(1.5 2.72499e-13 0)
(1.5 2.93058e-13 0)
(1.5 2.2928e-13 0)
(1.5 1.26772e-13 0)
(1.5 2.3461e-14 0)
(1.5 4.80216e-14 0)
(1.5 2.24257e-13 0)
(1.5 2.73843e-13 0)
(1.5 2.35549e-13 0)
(1.5 1.11202e-13 0)
(1.5 6.42374e-14 0)
(1.5 -4.16747e-14 0)
(1.5 -3.29631e-14 0)
(1.5 7.2341e-15 0)
(1.5 1.74165e-13 0)
(1.5 2.52313e-13 0)
(1.5 3.11258e-13 0)
(1.5 4.34985e-13 0)
(1.5 4.80755e-13 0)
(1.5 3.90493e-13 0)
(1.5 1.99474e-13 0)
(1.5 1.34074e-13 0)
(1.5 8.74527e-14 0)
(1.5 1.07017e-13 0)
(1.5 5.45527e-14 0)
(1.5 1.39345e-13 0)
(1.5 2.38669e-13 0)
(1.5 2.44623e-13 0)
(1.5 2.37907e-13 0)
(1.5 2.14267e-13 0)
(1.5 2.67909e-13 0)
(1.5 3.23168e-13 0)
(1.5 2.79515e-13 0)
(1.5 2.65426e-13 0)
(1.5 3.06107e-13 0)
(1.5 3.00546e-13 0)
(1.5 2.60664e-13 0)
(1.5 1.53619e-13 0)
(1.5 -2.85009e-15 0)
(1.5 1.18983e-14 0)
(1.5 -7.54761e-14 0)
(1.5 -4.88401e-15 0)
(1.5 6.7903e-14 0)
(1.5 -4.46909e-14 0)
(1.5 5.38762e-15 0)
(1.5 7.59947e-14 0)
(1.5 2.6983e-13 0)
(1.5 3.04069e-13 0)
(1.5 3.8431e-13 0)
(1.5 4.45927e-13 0)
(1.5 3.71376e-13 0)
(1.5 3.97616e-13 0)
(1.5 2.03889e-13 0)
(1.5 1.53653e-13 0)
(1.5 1.2249e-13 0)
(1.5 5.29666e-14 0)
(1.5 -2.60012e-14 0)
(1.5 -1.07602e-13 0)
(1.5 -1.26966e-13 0)
(1.5 -6.04938e-14 0)
(1.5 -6.82315e-14 0)
(1.5 2.21683e-14 0)
(1.5 1.35884e-13 0)
(1.5 7.15712e-14 0)
(1.5 9.97417e-14 0)
(1.5 2.39515e-13 0)
(1.5 2.32306e-13 0)
(1.5 2.5447e-13 0)
(1.5 1.73713e-13 0)
(1.5 1.76241e-13 0)
(1.5 1.76111e-13 0)
(1.5 9.78916e-14 0)
(1.5 2.57189e-14 0)
(1.5 -1.65266e-13 0)
(1.5 -1.86313e-13 0)
(1.5 -5.00909e-14 0)
(1.5 -5.20699e-14 0)
(1.5 -5.82452e-14 0)
(1.5 -3.44601e-14 0)
(1.5 -1.16053e-13 0)
(1.5 -1.95138e-13 0)
(1.5 -2.54229e-13 0)
(1.5 -2.54879e-13 0)
(1.5 -2.08684e-13 0)
(1.5 -2.59473e-13 0)
(1.5 -2.54514e-13 0)
(1.5 -1.78223e-13 0)
(1.5 -1.00609e-13 0)
(1.5 -8.9992e-14 0)
(1.5 -1.81306e-13 0)
(1.5 -2.16309e-13 0)
(1.5 -1.81635e-13 0)
(1.5 -1.9675e-13 0)
(1.5 -9.81763e-14 0)
(1.5 -1.06858e-13 0)
(1.5 -1.47388e-13 0)
(1.5 -1.36596e-13 0)
(1.5 -1.11338e-13 0)
(1.5 -4.29136e-14 0)
(1.5 -1.12242e-13 0)
(1.5 -1.22178e-13 0)
(1.5 -1.65109e-13 0)
(1.5 -2.32113e-13 0)
(1.5 -1.54766e-13 0)
(1.5 -1.51506e-13 0)
(1.5 -2.10455e-13 0)
(1.5 -2.51372e-13 0)
(1.5 -2.64916e-13 0)
(1.5 -2.38944e-13 0)
(1.5 -2.38146e-13 0)
(1.5 -2.69837e-13 0)
(1.5 -1.98648e-13 0)
(1.5 -1.73608e-13 0)
(1.5 -1.28806e-13 0)
(1.5 -3.04585e-14 0)
(1.5 -7.11902e-14 0)
(1.5 -1.08914e-13 0)
(1.5 -1.26959e-13 0)
(1.5 -5.61011e-14 0)
(1.5 -6.32934e-14 0)
(1.5 1.79839e-14 0)
(1.5 1.77998e-14 0)
(1.5 1.52212e-14 0)
(1.5 4.70247e-14 0)
(1.5 -1.7146e-14 0)
(1.5 2.66358e-14 0)
(1.5 3.71581e-14 0)
(1.5 -3.7205e-14 0)
(1.5 -3.59149e-14 0)
(1.5 4.62521e-14 0)
(1.5 1.85262e-13 0)
(1.5 1.49336e-13 0)
(1.5 1.14323e-13 0)
(1.5 8.52103e-14 0)
(1.5 -1.12012e-14 0)
(1.5 -7.61691e-14 0)
(1.5 -8.71052e-14 0)
(1.5 -1.79582e-13 0)
(1.5 -1.88351e-13 0)
(1.5 -1.49552e-13 0)
(1.5 -1.8383e-13 0)
(1.5 -2.80137e-13 0)
(1.5 -2.85426e-13 0)
(1.5 -2.53706e-13 0)
(1.5 -1.74248e-13 0)
(1.5 -2.15151e-13 0)
(1.5 -1.22225e-13 0)
(1.5 -1.46532e-13 0)
(1.5 -1.50954e-13 0)
(1.5 -3.07204e-13 0)
(1.5 -3.34204e-13 0)
(1.5 -2.76796e-13 0)
(1.5 -1.11722e-13 0)
(1.5 1.69639e-14 0)
(1.5 9.50598e-14 0)
(1.5 1.36327e-13 0)
(1.5 7.9215e-14 0)
(1.5 9.73198e-14 0)
(1.5 1.4771e-13 0)
(1.5 1.38747e-13 0)
(1.5 3.59961e-13 0)
(1.5 4.106e-13 0)
(1.5 3.11558e-13 0)
(1.5 2.54042e-13 0)
(1.5 2.29433e-13 0)
(1.5 2.32774e-13 0)
(1.5 2.57148e-13 0)
(1.5 2.43222e-13 0)
(1.5 1.90534e-13 0)
(1.5 1.52554e-13 0)
(1.5 2.90979e-13 0)
(1.5 3.37403e-13 0)
(1.5 4.01707e-13 0)
(1.5 3.13454e-13 0)
(1.5 2.0152e-13 0)
(1.5 1.12736e-13 0)
(1.5 1.64531e-13 0)
(1.5 9.69784e-14 0)
(1.5 2.43731e-13 0)
(1.5 4.63395e-13 0)
(1.5 5.1358e-13 0)
(1.5 3.50623e-13 0)
(1.5 3.95646e-13 0)
(1.5 4.35991e-13 0)
(1.5 3.15781e-13 0)
(1.5 1.72964e-13 0)
(1.5 9.4269e-14 0)
(1.5 2.09539e-13 0)
(1.5 2.83309e-13 0)
(1.5 2.41905e-13 0)
(1.5 2.05743e-13 0)
(1.5 1.23559e-13 0)
(1.5 1.76708e-13 0)
(1.5 2.52656e-13 0)
(1.5 2.61387e-13 0)
(1.5 2.56423e-13 0)
(1.5 2.26758e-13 0)
(1.5 1.43707e-13 0)
(1.5 -7.59691e-16 0)
(1.5 7.89742e-14 0)
(1.5 9.93464e-14 0)
(1.5 1.61669e-13 0)
(1.5 1.70699e-13 0)
(1.5 7.41716e-14 0)
(1.5 1.45716e-14 0)
(1.5 -1.221e-14 0)
(1.5 9.13121e-14 0)
(1.5 1.40362e-13 0)
(1.5 1.26758e-13 0)
(1.5 6.79579e-14 0)
(1.5 6.1611e-14 0)
(1.5 -2.48952e-14 0)
(1.5 3.93088e-14 0)
(1.5 -3.79365e-14 0)
(1.5 -1.23625e-14 0)
(1.5 -2.06717e-14 0)
(1.5 1.52085e-13 0)
(1.5 2.41303e-13 0)
(1.5 2.70541e-13 0)
(1.5 3.18331e-13 0)
(1.5 2.75735e-13 0)
(1.5 1.88862e-13 0)
(1.5 1.35702e-13 0)
(1.5 1.61839e-13 0)
(1.5 1.76087e-13 0)
(1.5 2.27594e-13 0)
(1.5 1.39546e-13 0)
(1.5 6.04548e-14 0)
(1.5 5.94753e-14 0)
(1.5 1.13576e-13 0)
(1.5 8.14579e-14 0)
(1.5 1.90265e-13 0)
(1.5 2.3317e-13 0)
(1.5 2.64004e-13 0)
(1.5 1.75284e-13 0)
(1.5 9.20498e-14 0)
(1.5 1.46832e-13 0)
(1.5 5.82896e-14 0)
(1.5 2.18967e-14 0)
(1.5 -3.65096e-15 0)
(1.5 -4.31858e-14 0)
(1.5 -4.61061e-14 0)
(1.5 -4.62929e-14 0)
(1.5 -4.26211e-14 0)
(1.5 1.57868e-14 0)
(1.5 6.1208e-14 0)
(1.5 2.04906e-13 0)
(1.5 1.96116e-13 0)
(1.5 2.76117e-13 0)
(1.5 3.1756e-13 0)
(1.5 2.98854e-13 0)
(1.5 2.67845e-13 0)
(1.5 1.3843e-13 0)
(1.5 1.48937e-13 0)
(1.5 1.87969e-13 0)
(1.5 5.32121e-14 0)
(1.5 1.83541e-14 0)
(1.5 -4.31863e-14 0)
(1.5 -1.26945e-13 0)
(1.5 -1.07357e-13 0)
(1.5 -2.5591e-14 0)
(1.5 1.13768e-13 0)
(1.5 1.39428e-13 0)
(1.5 1.50562e-13 0)
(1.5 3.1475e-14 0)
(1.5 7.53746e-14 0)
(1.5 6.23947e-14 0)
(1.5 8.3915e-14 0)
(1.5 1.25651e-13 0)
(1.5 1.557e-13 0)
(1.5 1.30341e-13 0)
(1.5 8.86384e-15 0)
(1.5 7.64707e-17 0)
(1.5 -9.24208e-14 0)
(1.5 -4.71194e-14 0)
(1.5 -3.08683e-14 0)
(1.5 3.70025e-15 0)
(1.5 2.25941e-14 0)
(1.5 2.13493e-14 0)
(1.5 -3.78561e-14 0)
(1.5 -1.44946e-13 0)
(1.5 -1.87384e-13 0)
(1.5 -1.23356e-13 0)
(1.5 -1.10029e-13 0)
(1.5 -1.15354e-13 0)
(1.5 -1.10332e-13 0)
(1.5 -1.39879e-13 0)
(1.5 -3.28512e-14 0)
(1.5 1.05819e-14 0)
(1.5 -7.0703e-14 0)
(1.5 -1.26033e-13 0)
(1.5 -1.07352e-13 0)
(1.5 -9.99632e-14 0)
(1.5 -1.08087e-13 0)
(1.5 -1.36327e-13 0)
(1.5 -1.14849e-13 0)
(1.5 -8.16601e-14 0)
(1.5 9.28655e-15 0)
(1.5 -2.34578e-14 0)
(1.5 -1.03855e-13 0)
(1.5 -1.58065e-13 0)
(1.5 -1.36111e-13 0)
(1.5 -2.04186e-13 0)
(1.5 -9.54629e-14 0)
(1.5 -8.40712e-14 0)
(1.5 -1.4366e-13 0)
(1.5 -1.70923e-13 0)
(1.5 -2.02633e-13 0)
(1.5 -2.04816e-13 0)
(1.5 -1.59251e-13 0)
(1.5 -1.33115e-13 0)
(1.5 -6.1764e-14 0)
(1.5 8.35509e-16 0)
(1.5 1.08489e-13 0)
(1.5 1.36694e-13 0)
(1.5 1.26603e-13 0)
(1.5 9.03465e-14 0)
(1.5 3.1991e-14 0)
(1.5 3.73443e-15 0)
(1.5 -9.17465e-15 0)
(1.5 1.00859e-13 0)
(1.5 1.69136e-13 0)
(1.5 2.03584e-13 0)
(1.5 1.53229e-13 0)
(1.5 1.63659e-13 0)
(1.5 1.65337e-13 0)
(1.5 1.08858e-13 0)
(1.5 -6.45018e-15 0)
(1.5 -3.74117e-14 0)
(1.5 6.96766e-14 0)
(1.5 1.67009e-13 0)
(1.5 1.42068e-13 0)
(1.5 7.2321e-14 0)
(1.5 6.07605e-14 0)
(1.5 1.0218e-13 0)
(1.5 9.16785e-14 0)
(1.5 4.40382e-14 0)
(1.5 -2.87444e-14 0)
(1.5 1.4293e-14 0)
(1.5 -6.28578e-14 0)
(1.5 -9.57772e-14 0)
(1.5 -1.37557e-13 0)
(1.5 -1.05677e-13 0)
(1.5 -5.65116e-14 0)
(1.5 -3.67209e-14 0)
(1.5 -3.44451e-14 0)
(1.5 -6.99338e-14 0)
(1.5 -5.99841e-14 0)
(1.5 -1.42608e-13 0)
(1.5 -3.43419e-13 0)
(1.5 -3.42894e-13 0)
(1.5 -2.98483e-13 0)
(1.5 -8.12703e-14 0)
(1.5 6.64646e-14 0)
(1.5 1.30088e-13 0)
(1.5 2.31715e-13 0)
(1.5 1.17047e-13 0)
(1.5 1.06447e-13 0)
(1.5 1.11368e-13 0)
(1.5 1.49767e-13 0)
(1.5 2.87842e-13 0)
(1.5 2.95787e-13 0)
(1.5 2.0264e-13 0)
(1.5 1.30308e-13 0)
(1.5 1.66011e-13 0)
(1.5 1.77494e-13 0)
(1.5 2.27721e-13 0)
(1.5 2.77041e-13 0)
(1.5 3.27488e-13 0)
(1.5 3.24449e-13 0)
(1.5 3.3953e-13 0)
(1.5 3.23245e-13 0)
(1.5 3.1498e-13 0)
(1.5 2.86857e-13 0)
(1.5 1.79101e-13 0)
(1.5 1.00957e-13 0)
(1.5 1.56758e-13 0)
(1.5 1.33512e-13 0)
(1.5 2.14337e-13 0)
(1.5 2.44276e-13 0)
(1.5 1.23475e-13 0)
(1.5 8.16576e-14 0)
(1.5 1.18119e-13 0)
(1.5 2.87499e-13 0)
(1.5 3.04823e-13 0)
(1.5 1.97222e-13 0)
(1.5 1.29449e-13 0)
(1.5 9.69292e-14 0)
(1.5 1.10016e-13 0)
(1.5 9.3976e-14 0)
(1.5 9.18333e-14 0)
(1.5 1.37841e-13 0)
(1.5 1.41172e-13 0)
(1.5 1.77688e-13 0)
(1.5 2.48216e-13 0)
(1.5 2.4507e-13 0)
(1.5 2.03907e-13 0)
(1.5 1.60514e-13 0)
(1.5 4.59827e-14 0)
(1.5 -1.40856e-14 0)
(1.5 -1.75914e-14 0)
(1.5 6.12123e-14 0)
(1.5 1.39584e-13 0)
(1.5 7.79552e-14 0)
(1.5 4.79734e-14 0)
(1.5 -4.75907e-15 0)
(1.5 7.6629e-14 0)
(1.5 8.96629e-14 0)
(1.5 -3.39014e-15 0)
(1.5 -6.09375e-14 0)
(1.5 -6.52979e-14 0)
(1.5 -1.60591e-14 0)
(1.5 1.51725e-14 0)
(1.5 -3.9599e-14 0)
(1.5 -1.03737e-13 0)
(1.5 -1.30386e-13 0)
(1.5 -1.34303e-14 0)
(1.5 -5.13302e-14 0)
(1.5 -6.00264e-14 0)
(1.5 9.2159e-14 0)
(1.5 2.05378e-13 0)
(1.5 2.34797e-13 0)
(1.5 2.93172e-13 0)
(1.5 3.00136e-13 0)
(1.5 3.04818e-13 0)
(1.5 2.24659e-13 0)
(1.5 9.90539e-14 0)
(1.5 -2.00679e-14 0)
(1.5 -1.09618e-14 0)
(1.5 9.63547e-14 0)
(1.5 6.57437e-14 0)
(1.5 1.12813e-13 0)
(1.5 1.51236e-13 0)
(1.5 1.58599e-13 0)
(1.5 5.99851e-14 0)
(1.5 1.82434e-14 0)
(1.5 1.55502e-14 0)
(1.5 4.30256e-14 0)
(1.5 1.22415e-13 0)
(1.5 9.79028e-14 0)
(1.5 7.51832e-14 0)
(1.5 3.5013e-14 0)
(1.5 -5.27711e-14 0)
(1.5 8.78855e-14 0)
(1.5 8.60753e-14 0)
(1.5 1.56021e-13 0)
(1.5 2.27196e-13 0)
(1.5 2.69068e-13 0)
(1.5 2.1626e-13 0)
(1.5 1.90819e-13 0)
(1.5 2.21341e-13 0)
(1.5 1.70289e-13 0)
(1.5 1.20073e-13 0)
(1.5 1.59639e-13 0)
(1.5 1.58674e-13 0)
(1.5 -1.71196e-14 0)
(1.5 -5.3054e-14 0)
(1.5 -8.78066e-14 0)
(1.5 -1.26817e-13 0)
(1.5 -8.20311e-14 0)
(1.5 5.27186e-14 0)
(1.5 1.21076e-13 0)
(1.5 7.57457e-14 0)
(1.5 1.3137e-13 0)
(1.5 -4.1379e-14 0)
(1.5 -3.58001e-14 0)
(1.5 4.66475e-14 0)
(1.5 -3.60835e-14 0)
(1.5 3.60398e-14 0)
(1.5 8.86268e-14 0)
(1.5 6.19468e-14 0)
(1.5 -2.26184e-14 0)
(1.5 -4.1343e-14 0)
(1.5 -1.39067e-14 0)
(1.5 -1.79882e-14 0)
(1.5 -6.49558e-14 0)
(1.5 4.9682e-14 0)
(1.5 8.52989e-14 0)
(1.5 -4.65674e-14 0)
(1.5 -8.3546e-14 0)
(1.5 -1.76854e-13 0)
(1.5 -1.71323e-13 0)
(1.5 -1.286e-13 0)
(1.5 -8.78084e-14 0)
(1.5 -1.25615e-13 0)
(1.5 -4.10702e-14 0)
(1.5 -4.66995e-14 0)
(1.5 -2.5605e-14 0)
(1.5 1.94376e-15 0)
(1.5 -8.35184e-14 0)
(1.5 -6.69672e-14 0)
(1.5 -3.79675e-15 0)
(1.5 8.3296e-15 0)
(1.5 -1.11782e-13 0)
(1.5 -1.99599e-13 0)
(1.5 -1.20567e-13 0)
(1.5 -6.50961e-14 0)
(1.5 6.35406e-15 0)
(1.5 -1.24481e-13 0)
(1.5 -1.76682e-13 0)
(1.5 -1.77694e-13 0)
(1.5 -1.5086e-13 0)
(1.5 -1.40203e-13 0)
(1.5 -5.96359e-14 0)
(1.5 -5.54956e-14 0)
(1.5 -2.01986e-14 0)
(1.5 -3.30797e-14 0)
(1.5 2.04107e-14 0)
(1.5 -3.77705e-14 0)
(1.5 1.75204e-14 0)
(1.5 1.37577e-14 0)
(1.5 -2.44091e-14 0)
(1.5 5.69909e-14 0)
(1.5 1.21741e-13 0)
(1.5 1.0465e-13 0)
(1.5 1.30902e-13 0)
(1.5 2.02173e-13 0)
(1.5 1.62171e-13 0)
(1.5 5.941e-14 0)
(1.5 9.52781e-14 0)
(1.5 1.47872e-13 0)
(1.5 1.85684e-13 0)
(1.5 2.14652e-13 0)
(1.5 1.62813e-13 0)
(1.5 2.08997e-13 0)
(1.5 1.95315e-13 0)
(1.5 8.25415e-14 0)
(1.5 2.7621e-14 0)
(1.5 -2.0202e-14 0)
(1.5 -1.76436e-14 0)
(1.5 5.34277e-14 0)
(1.5 8.09944e-14 0)
(1.5 4.15221e-14 0)
(1.5 6.60917e-14 0)
(1.5 1.26317e-13 0)
(1.5 1.07823e-13 0)
(1.5 4.96915e-14 0)
(1.5 2.76102e-14 0)
(1.5 -2.40615e-14 0)
(1.5 -1.55018e-13 0)
(1.5 -1.50757e-13 0)
(1.5 -5.19611e-14 0)
(1.5 4.34581e-14 0)
(1.5 5.41825e-14 0)
(1.5 -2.63048e-14 0)
(1.5 -7.64639e-14 0)
(1.5 -2.14999e-13 0)
(1.5 -1.44045e-13 0)
(1.5 -1.91221e-13 0)
(1.5 -3.16122e-13 0)
(1.5 -2.30707e-13 0)
(1.5 -1.09282e-13 0)
(1.5 -2.52386e-14 0)
(1.5 -2.00304e-14 0)
(1.5 3.61092e-14 0)
(1.5 2.23453e-13 0)
(1.5 1.50366e-13 0)
(1.5 1.68631e-13 0)
(1.5 1.77437e-13 0)
(1.5 1.43398e-13 0)
(1.5 1.39267e-13 0)
(1.5 1.16512e-13 0)
(1.5 1.99562e-14 0)
(1.5 -7.06251e-14 0)
(1.5 -8.41835e-15 0)
(1.5 7.48316e-14 0)
(1.5 1.60012e-13 0)
(1.5 2.78873e-13 0)
(1.5 3.27383e-13 0)
(1.5 2.6014e-13 0)
(1.5 2.05501e-13 0)
(1.5 9.93241e-14 0)
(1.5 6.02579e-14 0)
(1.5 1.71732e-14 0)
(1.5 -1.03681e-14 0)
(1.5 3.96711e-14 0)
(1.5 7.1264e-14 0)
(1.5 1.22631e-13 0)
(1.5 1.05929e-13 0)
(1.5 7.24539e-14 0)
(1.5 -1.54987e-13 0)
(1.5 -2.02999e-13 0)
(1.5 -8.60799e-14 0)
(1.5 7.39117e-14 0)
(1.5 8.81586e-14 0)
(1.5 5.39204e-14 0)
(1.5 3.93751e-14 0)
(1.5 -2.69022e-14 0)
(1.5 -4.20647e-14 0)
(1.5 2.61045e-14 0)
(1.5 8.52053e-14 0)
(1.5 2.29635e-13 0)
(1.5 1.77611e-13 0)
(1.5 1.01544e-13 0)
(1.5 1.66394e-13 0)
(1.5 2.15931e-13 0)
(1.5 2.07272e-13 0)
(1.5 1.53904e-13 0)
(1.5 9.42597e-14 0)
(1.5 -5.35317e-14 0)
(1.5 -8.69532e-14 0)
(1.5 -3.36328e-14 0)
(1.5 5.55371e-14 0)
(1.5 6.71378e-14 0)
(1.5 1.75088e-14 0)
(1.5 2.49078e-14 0)
(1.5 7.94989e-14 0)
(1.5 6.09127e-14 0)
(1.5 -8.31399e-14 0)
(1.5 -2.34851e-13 0)
(1.5 -2.12687e-13 0)
(1.5 -1.194e-14 0)
(1.5 6.9727e-14 0)
(1.5 1.49464e-13 0)
(1.5 2.00132e-14 0)
(1.5 -2.22452e-14 0)
(1.5 -1.30616e-13 0)
(1.5 -2.11423e-13 0)
(1.5 -2.90862e-13 0)
(1.5 -1.76586e-13 0)
(1.5 1.38375e-14 0)
(1.5 1.99734e-13 0)
(1.5 3.47287e-13 0)
(1.5 3.42863e-13 0)
(1.5 3.01579e-13 0)
(1.5 1.31942e-13 0)
(1.5 6.81323e-14 0)
(1.5 1.32556e-14 0)
(1.5 5.24164e-14 0)
(1.5 1.15251e-13 0)
(1.5 1.18319e-13 0)
(1.5 7.626e-14 0)
(1.5 7.30082e-14 0)
(1.5 2.40831e-14 0)
(1.5 -1.228e-13 0)
(1.5 -1.31966e-13 0)
(1.5 -1.07299e-13 0)
(1.5 -3.9314e-14 0)
(1.5 4.61715e-14 0)
(1.5 7.05696e-14 0)
(1.5 5.81308e-14 0)
(1.5 8.14321e-14 0)
(1.5 7.56215e-14 0)
(1.5 2.17794e-13 0)
(1.5 1.58695e-13 0)
(1.5 1.70114e-13 0)
(1.5 2.02975e-13 0)
(1.5 2.88781e-13 0)
(1.5 1.91082e-13 0)
(1.5 8.91628e-14 0)
(1.5 1.03614e-13 0)
(1.5 9.39608e-14 0)
(1.5 1.28677e-13 0)
(1.5 1.06659e-13 0)
(1.5 -4.23389e-14 0)
(1.5 -8.18184e-14 0)
(1.5 -5.08271e-14 0)
(1.5 2.48736e-14 0)
(1.5 2.35958e-14 0)
(1.5 1.10825e-13 0)
(1.5 1.11789e-13 0)
(1.5 3.17481e-14 0)
(1.5 -6.42306e-14 0)
(1.5 -5.93052e-14 0)
(1.5 6.80635e-16 0)
(1.5 -3.68161e-14 0)
(1.5 2.66769e-14 0)
(1.5 -9.12693e-14 0)
(1.5 -9.2745e-14 0)
(1.5 -4.72025e-14 0)
(1.5 -4.22198e-14 0)
(1.5 -9.46325e-15 0)
(1.5 5.04575e-14 0)
(1.5 1.65279e-13 0)
(1.5 8.95641e-14 0)
(1.5 -7.13146e-14 0)
(1.5 2.25283e-14 0)
(1.5 5.74419e-14 0)
(1.5 -8.09441e-14 0)
(1.5 -1.37536e-13 0)
(1.5 -2.06949e-13 0)
(1.5 -1.85747e-13 0)
(1.5 -1.72466e-13 0)
(1.5 -1.32742e-13 0)
(1.5 -9.24738e-14 0)
(1.5 -1.13939e-14 0)
(1.5 2.93371e-14 0)
(1.5 -2.30344e-14 0)
(1.5 -3.12666e-14 0)
(1.5 -1.32037e-14 0)
(1.5 -4.87983e-14 0)
(1.5 3.70564e-14 0)
(1.5 9.83022e-15 0)
(1.5 -1.07688e-13 0)
(1.5 -2.4284e-13 0)
(1.5 -1.2696e-13 0)
(1.5 -1.56017e-14 0)
(1.5 6.43162e-15 0)
(1.5 -5.90644e-14 0)
(1.5 -1.56674e-13 0)
(1.5 -1.53714e-13 0)
(1.5 -1.46107e-13 0)
(1.5 -1.07977e-13 0)
(1.5 -1.23404e-13 0)
(1.5 -8.36547e-14 0)
(1.5 4.99542e-14 0)
(1.5 1.51882e-13 0)
(1.5 2.10385e-13 0)
(1.5 1.66889e-13 0)
(1.5 1.25949e-13 0)
(1.5 6.75055e-14 0)
(1.5 -1.18758e-14 0)
(1.5 2.0427e-14 0)
(1.5 6.39245e-14 0)
(1.5 9.12582e-14 0)
(1.5 8.47748e-14 0)
(1.5 1.93506e-13 0)
(1.5 1.58759e-13 0)
(1.5 1.17721e-13 0)
(1.5 1.69707e-13 0)
(1.5 1.77581e-13 0)
(1.5 1.40797e-13 0)
(1.5 1.91129e-13 0)
(1.5 2.47658e-13 0)
(1.5 2.18459e-13 0)
(1.5 1.59878e-13 0)
(1.5 -8.76192e-15 0)
(1.5 1.15879e-13 0)
(1.5 2.61241e-14 0)
(1.5 -4.5185e-14 0)
(1.5 1.02699e-14 0)
(1.5 7.93873e-14 0)
(1.5 1.28349e-13 0)
(1.5 1.34118e-13 0)
(1.5 1.24147e-13 0)
(1.5 6.99945e-14 0)
(1.5 6.35294e-14 0)
(1.5 -4.32771e-14 0)
(1.5 -1.45439e-13 0)
(1.5 -1.69544e-13 0)
(1.5 -1.6662e-13 0)
(1.5 -2.63102e-14 0)
(1.5 9.07178e-14 0)
(1.5 5.53266e-14 0)
(1.5 -9.07797e-14 0)
(1.5 -1.80565e-13 0)
(1.5 -2.24299e-13 0)
(1.5 -1.88641e-13 0)
(1.5 -1.40291e-13 0)
(1.5 -1.63044e-13 0)
(1.5 -1.12329e-13 0)
(1.5 1.22227e-14 0)
(1.5 3.8365e-15 0)
(1.5 -1.87112e-14 0)
(1.5 5.16968e-14 0)
(1.5 2.19044e-13 0)
(1.5 1.93384e-13 0)
(1.5 1.90365e-13 0)
(1.5 8.22885e-14 0)
(1.5 6.72399e-14 0)
(1.5 5.26933e-14 0)
(1.5 3.50423e-14 0)
(1.5 -2.11876e-14 0)
(1.5 -4.19803e-14 0)
(1.5 -3.82148e-14 0)
(1.5 1.52769e-14 0)
(1.5 6.33215e-14 0)
(1.5 1.5105e-13 0)
(1.5 1.20693e-13 0)
(1.5 6.4298e-14 0)
(1.5 2.77066e-14 0)
(1.5 -3.09219e-15 0)
(1.5 -1.3747e-14 0)
(1.5 -1.05119e-13 0)
(1.5 -5.75553e-14 0)
(1.5 9.68258e-14 0)
(1.5 9.65443e-14 0)
(1.5 1.07643e-13 0)
(1.5 -3.70117e-14 0)
(1.5 -2.93465e-14 0)
(1.5 -1.78085e-13 0)
(1.5 -2.13074e-13 0)
(1.5 -7.52619e-14 0)
(1.5 -2.20964e-14 0)
(1.5 -1.76532e-14 0)
(1.5 -3.63502e-14 0)
(1.5 -5.06127e-14 0)
(1.5 -6.57277e-14 0)
(1.5 -9.35828e-14 0)
(1.5 5.98315e-15 0)
(1.5 7.89631e-14 0)
(1.5 1.91873e-13 0)
(1.5 1.47202e-13 0)
(1.5 6.42772e-14 0)
(1.5 8.59765e-14 0)
(1.5 1.99363e-13 0)
(1.5 2.02199e-13 0)
(1.5 1.24523e-13 0)
(1.5 7.27626e-14 0)
(1.5 6.36175e-15 0)
(1.5 -2.58829e-15 0)
(1.5 -2.13901e-14 0)
(1.5 1.7865e-14 0)
(1.5 1.20335e-14 0)
(1.5 -8.16983e-14 0)
(1.5 -6.02515e-14 0)
(1.5 -4.19013e-14 0)
(1.5 -5.46542e-14 0)
(1.5 -1.9577e-13 0)
(1.5 -2.87608e-13 0)
(1.5 -2.45682e-13 0)
(1.5 -3.71876e-15 0)
(1.5 9.99601e-14 0)
(1.5 1.9209e-13 0)
(1.5 7.10348e-14 0)
(1.5 -5.16824e-14 0)
(1.5 -1.81242e-13 0)
(1.5 -2.52445e-13 0)
(1.5 -2.47275e-13 0)
(1.5 -1.80074e-13 0)
(1.5 -2.51591e-14 0)
(1.5 1.75961e-13 0)
(1.5 3.22938e-13 0)
(1.5 2.48467e-13 0)
(1.5 1.92174e-13 0)
(1.5 4.71534e-14 0)
(1.5 2.30791e-14 0)
(1.5 2.68213e-14 0)
(1.5 5.3831e-14 0)
(1.5 1.07354e-13 0)
(1.5 1.15566e-13 0)
(1.5 1.44516e-13 0)
(1.5 1.44529e-13 0)
(1.5 5.3634e-14 0)
(1.5 -1.00903e-13 0)
(1.5 -8.55264e-14 0)
(1.5 -4.22647e-14 0)
(1.5 -9.84474e-14 0)
(1.5 -4.33816e-14 0)
(1.5 -4.47159e-14 0)
(1.5 -2.62593e-14 0)
(1.5 5.0541e-14 0)
(1.5 1.65989e-13 0)
(1.5 2.43385e-13 0)
(1.5 1.97577e-13 0)
(1.5 9.35097e-14 0)
(1.5 1.22603e-13 0)
(1.5 2.24107e-13 0)
(1.5 1.44573e-13 0)
(1.5 8.13078e-14 0)
(1.5 2.75931e-14 0)
(1.5 4.52477e-14 0)
(1.5 1.20337e-13 0)
(1.5 6.25902e-14 0)
(1.5 -9.34715e-14 0)
(1.5 1.50752e-15 0)
(1.5 8.19991e-14 0)
(1.5 2.18547e-13 0)
(1.5 1.48352e-13 0)
(1.5 1.75538e-13 0)
(1.5 1.57371e-13 0)
(1.5 5.8461e-15 0)
(1.5 -1.30524e-13 0)
(1.5 -1.87832e-13 0)
(1.5 -2.79089e-14 0)
(1.5 -1.40743e-13 0)
(1.5 -2.09095e-13 0)
(1.5 -2.17199e-13 0)
(1.5 -1.93515e-13 0)
(1.5 -1.47656e-13 0)
(1.5 -9.45588e-15 0)
(1.5 7.5574e-14 0)
(1.5 2.08106e-13 0)
(1.5 2.50964e-13 0)
(1.5 1.52097e-13 0)
(1.5 3.30957e-14 0)
(1.5 -2.90917e-14 0)
(1.5 -6.74285e-14 0)
(1.5 -9.5749e-14 0)
(1.5 -7.65989e-14 0)
(1.5 -1.06219e-13 0)
(1.5 -1.09656e-13 0)
(1.5 -9.17488e-14 0)
(1.5 -1.63481e-13 0)
(1.5 -6.84364e-14 0)
(1.5 -9.93236e-14 0)
(1.5 -4.29754e-14 0)
(1.5 -3.61494e-14 0)
(1.5 -7.66341e-14 0)
(1.5 -1.2632e-14 0)
(1.5 -7.04644e-14 0)
(1.5 -2.90035e-14 0)
(1.5 -3.84873e-14 0)
(1.5 -1.02248e-13 0)
(1.5 -2.05804e-13 0)
(1.5 -1.10496e-13 0)
(1.5 -1.41202e-14 0)
(1.5 -1.49083e-14 0)
(1.5 -3.4177e-14 0)
(1.5 -1.71319e-13 0)
(1.5 -2.08098e-13 0)
(1.5 -1.9651e-13 0)
(1.5 -1.42355e-13 0)
(1.5 -2.32006e-13 0)
(1.5 -1.56102e-13 0)
(1.5 -3.63149e-14 0)
(1.5 7.86416e-14 0)
(1.5 8.75083e-14 0)
(1.5 7.51764e-14 0)
(1.5 -6.83693e-16 0)
(1.5 -6.92373e-15 0)
(1.5 -3.95226e-14 0)
(1.5 -3.41275e-14 0)
(1.5 3.15291e-14 0)
(1.5 6.68871e-14 0)
(1.5 8.32251e-14 0)
(1.5 1.24798e-13 0)
(1.5 1.14268e-13 0)
(1.5 9.2137e-14 0)
(1.5 6.55255e-14 0)
(1.5 4.67511e-14 0)
(1.5 -3.97336e-14 0)
(1.5 3.21593e-14 0)
(1.5 1.20584e-13 0)
(1.5 1.11629e-13 0)
(1.5 1.57727e-14 0)
(1.5 -9.81082e-14 0)
(1.5 2.94788e-14 0)
(1.5 -4.67314e-14 0)
(1.5 -6.87138e-14 0)
(1.5 -8.21682e-14 0)
(1.5 -3.37601e-14 0)
(1.5 4.32861e-14 0)
(1.5 3.8602e-14 0)
(1.5 9.82563e-14 0)
(1.5 7.86871e-14 0)
(1.5 9.44867e-14 0)
(1.5 3.841e-14 0)
(1.5 3.42151e-14 0)
(1.5 6.65373e-14 0)
(1.5 -2.35869e-14 0)
(1.5 -3.23671e-14 0)
(1.5 1.14892e-14 0)
(1.5 3.42583e-14 0)
(1.5 -7.46749e-14 0)
(1.5 -1.6821e-13 0)
(1.5 -1.21192e-13 0)
(1.5 -1.46103e-13 0)
(1.5 -4.03151e-14 0)
(1.5 9.61493e-15 0)
(1.5 -5.67001e-14 0)
(1.5 -9.74434e-15 0)
(1.5 -6.73476e-14 0)
(1.5 -1.4052e-13 0)
(1.5 -6.78339e-14 0)
(1.5 3.34819e-14 0)
(1.5 7.31112e-14 0)
(1.5 -9.4373e-15 0)
(1.5 -1.00203e-13 0)
(1.5 2.76503e-14 0)
(1.5 4.02572e-14 0)
(1.5 8.09427e-14 0)
(1.5 3.12252e-14 0)
(1.5 8.02992e-14 0)
(1.5 5.91825e-14 0)
(1.5 -2.14424e-14 0)
(1.5 -2.79954e-14 0)
(1.5 -4.26791e-14 0)
(1.5 -7.58439e-14 0)
(1.5 -8.36617e-15 0)
(1.5 -2.3275e-14 0)
(1.5 2.46213e-14 0)
(1.5 -5.90153e-15 0)
(1.5 -6.34567e-14 0)
(1.5 -1.76814e-14 0)
(1.5 6.03032e-14 0)
(1.5 7.77275e-14 0)
(1.5 1.13407e-13 0)
(1.5 1.27549e-14 0)
(1.5 -2.97126e-15 0)
(1.5 -6.74029e-15 0)
(1.5 2.48847e-14 0)
(1.5 9.6582e-14 0)
(1.5 8.69075e-14 0)
(1.5 6.55482e-14 0)
(1.5 2.61399e-14 0)
(1.5 -2.12113e-15 0)
(1.5 5.39555e-14 0)
(1.5 2.59007e-15 0)
(1.5 -4.6469e-15 0)
(1.5 3.08672e-14 0)
(1.5 6.97843e-14 0)
(1.5 -2.20802e-14 0)
(1.5 -5.69653e-14 0)
(1.5 -1.64343e-14 0)
(1.5 6.64853e-14 0)
(1.5 1.06581e-13 0)
(1.5 1.03694e-13 0)
(1.5 7.60307e-14 0)
(1.5 1.42596e-13 0)
(1.5 1.20569e-13 0)
(1.5 3.77841e-14 0)
(1.5 4.68582e-14 0)
(1.5 1.75723e-14 0)
(1.5 -7.36674e-14 0)
(1.5 -1.78787e-13 0)
(1.5 -1.89764e-13 0)
(1.5 -2.6321e-13 0)
(1.5 -3.30464e-13 0)
(1.5 -2.86605e-13 0)
(1.5 -2.33029e-13 0)
(1.5 -1.16664e-13 0)
(1.5 1.17387e-14 0)
(1.5 3.43604e-14 0)
(1.5 -1.12836e-14 0)
(1.5 -9.04682e-14 0)
(1.5 -1.00762e-13 0)
(1.5 -1.08437e-13 0)
(1.5 -5.7841e-14 0)
(1.5 -6.01119e-14 0)
(1.5 4.59421e-15 0)
(1.5 1.43614e-13 0)
(1.5 3.02544e-13 0)
(1.5 2.11297e-13 0)
(1.5 2.2147e-13 0)
(1.5 1.58386e-13 0)
(1.5 4.68413e-14 0)
(1.5 5.36195e-14 0)
(1.5 2.43675e-15 0)
(1.5 8.64252e-14 0)
(1.5 1.51903e-13 0)
(1.5 1.96116e-13 0)
(1.5 2.81619e-13 0)
(1.5 1.61281e-13 0)
(1.5 1.35086e-13 0)
(1.5 1.49686e-13 0)
(1.5 6.27243e-14 0)
(1.5 -5.703e-14 0)
(1.5 -6.74292e-14 0)
(1.5 -8.05846e-15 0)
(1.5 6.62409e-14 0)
(1.5 1.23875e-13 0)
(1.5 2.94448e-13 0)
(1.5 2.5434e-13 0)
(1.5 2.02897e-13 0)
(1.5 1.02509e-13 0)
(1.5 9.0337e-14 0)
(1.5 1.62646e-13 0)
(1.5 4.58181e-14 0)
(1.5 6.28897e-14 0)
(1.5 6.82079e-14 0)
(1.5 7.79718e-14 0)
(1.5 1.83035e-13 0)
(1.5 1.15894e-13 0)
(1.5 -7.89072e-15 0)
(1.5 1.47494e-13 0)
(1.5 1.54477e-13 0)
(1.5 2.39981e-13 0)
(1.5 2.17835e-13 0)
(1.5 1.54159e-13 0)
(1.5 1.5938e-13 0)
(1.5 -3.53163e-14 0)
(1.5 -7.88665e-14 0)
(1.5 -1.77642e-13 0)
(1.5 -7.44317e-14 0)
(1.5 -1.62147e-13 0)
(1.5 -2.59947e-13 0)
(1.5 -2.33966e-13 0)
(1.5 -1.83366e-13 0)
(1.5 -1.07561e-13 0)
(1.5 5.71559e-14 0)
(1.5 9.53322e-14 0)
(1.5 1.19614e-13 0)
(1.5 8.36272e-14 0)
(1.5 9.85485e-14 0)
(1.5 1.01603e-13 0)
(1.5 -4.61578e-15 0)
(1.5 -6.54283e-14 0)
(1.5 -3.35418e-14 0)
(1.5 4.3611e-14 0)
(1.5 3.41155e-14 0)
(1.5 6.21406e-14 0)
(1.5 1.2494e-13 0)
(1.5 1.06261e-13 0)
(1.5 1.75516e-13 0)
(1.5 1.6053e-13 0)
(1.5 1.30822e-13 0)
(1.5 1.08701e-13 0)
(1.5 6.61548e-14 0)
(1.5 1.18502e-13 0)
(1.5 1.10725e-13 0)
(1.5 3.90008e-14 0)
(1.5 4.40614e-14 0)
(1.5 3.3604e-14 0)
(1.5 3.62248e-14 0)
(1.5 -2.2389e-16 0)
(1.5 7.50155e-14 0)
(1.5 7.80442e-14 0)
(1.5 8.69654e-14 0)
(1.5 -2.77165e-14 0)
(1.5 -9.93977e-14 0)
(1.5 -8.41777e-14 0)
(1.5 -1.33209e-14 0)
(1.5 -9.14722e-14 0)
(1.5 -7.05106e-14 0)
(1.5 -3.6757e-14 0)
(1.5 -3.31143e-14 0)
(1.5 -1.53889e-14 0)
(1.5 -2.31183e-14 0)
(1.5 -3.89235e-14 0)
(1.5 1.44718e-14 0)
(1.5 8.00788e-14 0)
(1.5 9.98442e-14 0)
(1.5 1.65349e-13 0)
(1.5 1.9929e-13 0)
(1.5 2.54872e-13 0)
(1.5 2.11379e-13 0)
(1.5 2.05475e-13 0)
(1.5 1.51316e-13 0)
(1.5 1.02849e-13 0)
(1.5 5.05675e-14 0)
(1.5 -2.49462e-14 0)
(1.5 -8.184e-16 0)
(1.5 5.9914e-14 0)
(1.5 8.25117e-14 0)
(1.5 3.19336e-14 0)
(1.5 5.41065e-14 0)
(1.5 5.32575e-14 0)
(1.5 5.29982e-14 0)
(1.5 5.76753e-14 0)
(1.5 2.76771e-14 0)
(1.5 7.77973e-14 0)
(1.5 6.94038e-14 0)
(1.5 7.79963e-14 0)
(1.5 1.2775e-13 0)
(1.5 1.48878e-13 0)
(1.5 2.06885e-13 0)
(1.5 1.99342e-13 0)
(1.5 1.82389e-13 0)
(1.5 1.7961e-13 0)
(1.5 1.13919e-13 0)
(1.5 9.17757e-14 0)
(1.5 6.61502e-14 0)
(1.5 1.18823e-13 0)
(1.5 6.46956e-14 0)
(1.5 -3.87418e-14 0)
(1.5 -2.64145e-14 0)
(1.5 -1.00809e-13 0)
(1.5 -4.14514e-14 0)
(1.5 9.54506e-14 0)
(1.5 3.88572e-14 0)
(1.5 -2.74323e-14 0)
(1.5 -1.82917e-13 0)
(1.5 -2.10632e-13 0)
(1.5 -1.99868e-13 0)
(1.5 -2.10222e-13 0)
(1.5 -1.78663e-13 0)
(1.5 -2.56361e-13 0)
(1.5 -2.19587e-13 0)
(1.5 -8.62871e-14 0)
(1.5 -4.48291e-14 0)
(1.5 -8.56714e-15 0)
(1.5 -2.27931e-14 0)
(1.5 -3.07796e-14 0)
(1.5 -3.16147e-14 0)
(1.5 -7.89851e-14 0)
(1.5 -3.7552e-14 0)
(1.5 -6.97435e-14 0)
(1.5 -9.53325e-14 0)
(1.5 5.71264e-14 0)
(1.5 3.46635e-14 0)
(1.5 7.19539e-15 0)
(1.5 -1.05328e-13 0)
(1.5 -1.68401e-13 0)
(1.5 -9.96555e-14 0)
(1.5 -4.33529e-14 0)
(1.5 4.31653e-14 0)
(1.5 1.29535e-13 0)
(1.5 1.19451e-13 0)
(1.5 9.86995e-16 0)
(1.5 2.67191e-14 0)
(1.5 6.87406e-14 0)
(1.5 7.80817e-14 0)
(1.5 4.21873e-14 0)
(1.5 2.56111e-15 0)
(1.5 1.96174e-14 0)
(1.5 6.30179e-14 0)
(1.5 1.33825e-13 0)
(1.5 1.36819e-13 0)
(1.5 3.88517e-14 0)
(1.5 -6.00271e-14 0)
(1.5 -8.1906e-14 0)
(1.5 -1.31072e-13 0)
(1.5 -9.50385e-14 0)
(1.5 -2.19672e-14 0)
(1.5 4.75752e-15 0)
(1.5 4.74155e-14 0)
(1.5 5.36435e-14 0)
(1.5 5.98779e-14 0)
(1.5 1.03842e-13 0)
(1.5 4.3512e-14 0)
(1.5 5.12506e-15 0)
(1.5 -3.83963e-14 0)
(1.5 -4.04098e-14 0)
(1.5 -9.92981e-14 0)
(1.5 -1.56928e-13 0)
(1.5 -2.70315e-13 0)
(1.5 -4.03422e-13 0)
(1.5 -3.17523e-13 0)
(1.5 -1.57073e-13 0)
(1.5 -8.63688e-14 0)
(1.5 -1.3315e-13 0)
(1.5 -6.01239e-14 0)
(1.5 2.21225e-14 0)
(1.5 8.83425e-14 0)
(1.5 8.15394e-14 0)
(1.5 1.02727e-13 0)
(1.5 3.84244e-14 0)
(1.5 -5.87496e-14 0)
(1.5 -1.5683e-13 0)
(1.5 -1.02608e-13 0)
(1.5 -2.76617e-14 0)
(1.5 9.33633e-14 0)
(1.5 1.69673e-13 0)
(1.5 1.47947e-13 0)
(1.5 1.0216e-13 0)
(1.5 -6.45589e-14 0)
(1.5 -5.84711e-14 0)
(1.5 -7.98065e-14 0)
(1.5 -3.99932e-14 0)
(1.5 6.15522e-14 0)
(1.5 9.59869e-14 0)
(1.5 1.96092e-13 0)
(1.5 1.63469e-13 0)
(1.5 1.98189e-13 0)
(1.5 2.42522e-13 0)
(1.5 1.21065e-13 0)
(1.5 7.29178e-14 0)
(1.5 -7.07815e-14 0)
(1.5 1.18474e-14 0)
(1.5 1.57545e-13 0)
(1.5 1.67879e-13 0)
(1.5 2.68948e-13 0)
(1.5 2.12671e-13 0)
(1.5 1.21868e-13 0)
(1.5 9.48892e-14 0)
(1.5 5.7559e-14 0)
(1.5 7.35966e-14 0)
(1.5 7.96295e-14 0)
(1.5 1.51519e-13 0)
(1.5 2.26423e-13 0)
(1.5 1.68332e-13 0)
(1.5 2.74781e-13 0)
(1.5 2.35924e-13 0)
(1.5 2.43279e-13 0)
(1.5 3.41872e-13 0)
(1.5 2.28342e-13 0)
(1.5 2.14019e-13 0)
(1.5 3.02853e-13 0)
(1.5 2.34538e-13 0)
(1.5 1.05128e-13 0)
(1.5 -8.63737e-14 0)
(1.5 -5.54032e-14 0)
(1.5 -9.51784e-14 0)
(1.5 -1.15965e-15 0)
(1.5 -3.42865e-14 0)
(1.5 -1.80472e-13 0)
(1.5 -2.1173e-13 0)
(1.5 -2.22878e-13 0)
(1.5 -1.69022e-13 0)
(1.5 -1.30129e-13 0)
(1.5 -9.24931e-14 0)
(1.5 -8.21429e-14 0)
(1.5 -4.28631e-14 0)
(1.5 1.00301e-13 0)
(1.5 6.0532e-15 0)
(1.5 -2.84432e-14 0)
(1.5 3.54067e-14 0)
(1.5 1.09635e-13 0)
(1.5 1.66795e-13 0)
(1.5 1.94514e-13 0)
(1.5 2.47947e-13 0)
(1.5 2.88718e-13 0)
(1.5 3.61421e-13 0)
(1.5 3.94216e-13 0)
(1.5 3.47942e-13 0)
(1.5 2.35133e-13 0)
(1.5 1.93911e-13 0)
(1.5 1.50202e-13 0)
(1.5 1.49566e-13 0)
(1.5 1.93229e-13 0)
(1.5 7.36491e-14 0)
(1.5 7.43091e-14 0)
(1.5 7.94259e-14 0)
(1.5 1.45167e-13 0)
(1.5 1.89858e-14 0)
(1.5 1.95923e-14 0)
(1.5 7.58263e-14 0)
(1.5 6.58402e-14 0)
(1.5 3.19066e-14 0)
(1.5 -6.34947e-14 0)
(1.5 -1.24749e-14 0)
(1.5 5.15395e-14 0)
(1.5 3.38035e-14 0)
(1.5 5.76136e-15 0)
(1.5 -1.72414e-14 0)
(1.5 -6.53514e-14 0)
(1.5 -9.23889e-14 0)
(1.5 -7.1011e-14 0)
(1.5 -4.99574e-14 0)
(1.5 -8.75476e-15 0)
(1.5 1.03729e-13 0)
(1.5 1.21879e-13 0)
(1.5 1.47861e-13 0)
(1.5 1.85022e-13 0)
(1.5 2.37873e-13 0)
(1.5 2.05043e-13 0)
(1.5 1.81847e-13 0)
(1.5 1.24822e-13 0)
(1.5 8.73121e-14 0)
(1.5 2.66685e-14 0)
(1.5 1.59388e-14 0)
(1.5 3.29984e-14 0)
(1.5 5.65075e-14 0)
(1.5 3.27695e-14 0)
(1.5 7.81485e-14 0)
(1.5 2.3281e-13 0)
(1.5 1.62823e-13 0)
(1.5 1.48111e-13 0)
(1.5 8.88136e-14 0)
(1.5 7.21561e-14 0)
(1.5 1.10428e-13 0)
(1.5 8.91272e-14 0)
(1.5 7.65543e-14 0)
(1.5 1.03609e-13 0)
(1.5 1.97083e-13 0)
(1.5 2.14657e-13 0)
(1.5 2.61246e-13 0)
(1.5 2.54899e-13 0)
(1.5 1.68593e-13 0)
(1.5 1.85586e-13 0)
(1.5 1.83819e-13 0)
(1.5 9.42926e-14 0)
(1.5 1.25146e-13 0)
(1.5 1.39943e-13 0)
(1.5 3.78614e-14 0)
(1.5 -4.42755e-14 0)
(1.5 -6.81734e-14 0)
(1.5 -3.51975e-14 0)
(1.5 5.1934e-14 0)
(1.5 1.46548e-13 0)
(1.5 -2.49948e-14 0)
(1.5 -2.8797e-13 0)
(1.5 -2.17044e-13 0)
(1.5 -2.41097e-13 0)
(1.5 -3.08209e-13 0)
(1.5 -3.12737e-13 0)
(1.5 -3.37801e-13 0)
(1.5 -2.58736e-13 0)
(1.5 -2.03951e-13 0)
(1.5 -1.53488e-13 0)
(1.5 -9.69769e-14 0)
(1.5 -3.30301e-14 0)
(1.5 -6.88868e-14 0)
(1.5 -1.13712e-13 0)
(1.5 -9.64563e-14 0)
(1.5 -5.2443e-14 0)
(1.5 1.76311e-14 0)
(1.5 7.21043e-14 0)
(1.5 1.69694e-13 0)
(1.5 9.86764e-14 0)
(1.5 -3.35092e-14 0)
(1.5 -1.4997e-13 0)
(1.5 -2.11972e-13 0)
(1.5 -7.30421e-14 0)
(1.5 1.63854e-14 0)
(1.5 6.76423e-14 0)
(1.5 1.4817e-13 0)
(1.5 1.72748e-13 0)
(1.5 3.39004e-14 0)
(1.5 1.64011e-14 0)
(1.5 8.1127e-14 0)
(1.5 -2.6911e-15 0)
(1.5 -3.35702e-14 0)
(1.5 -4.94488e-17 0)
(1.5 1.0109e-14 0)
(1.5 1.27982e-15 0)
(1.5 1.00068e-15 0)
(1.5 9.66851e-14 0)
(1.5 3.63734e-14 0)
(1.5 -1.48243e-13 0)
(1.5 -2.21929e-13 0)
(1.5 -1.42596e-13 0)
(1.5 -2.13805e-14 0)
(1.5 -5.27751e-14 0)
(1.5 -3.98928e-14 0)
(1.5 2.38134e-15 0)
(1.5 -9.15749e-15 0)
(1.5 1.96704e-14 0)
(1.5 -4.35257e-14 0)
(1.5 -2.55619e-14 0)
(1.5 -2.00902e-14 0)
(1.5 -4.28379e-14 0)
(1.5 -1.67255e-14 0)
(1.5 -1.78719e-14 0)
(1.5 3.72037e-14 0)
(1.5 -1.07667e-13 0)
(1.5 -2.13742e-13 0)
(1.5 -9.46642e-14 0)
(1.5 5.49463e-14 0)
(1.5 5.50871e-14 0)
(1.5 -7.15576e-14 0)
(1.5 -1.28558e-13 0)
(1.5 -4.33133e-14 0)
(1.5 1.72261e-13 0)
(1.5 2.18087e-13 0)
(1.5 1.48619e-13 0)
(1.5 4.14663e-14 0)
(1.5 -1.08596e-13 0)
(1.5 -1.74883e-13 0)
(1.5 -8.54475e-14 0)
(1.5 -3.16841e-14 0)
(1.5 -3.80621e-14 0)
(1.5 6.8334e-14 0)
(1.5 1.79705e-14 0)
(1.5 -9.05515e-14 0)
(1.5 -1.88495e-13 0)
(1.5 -1.90922e-13 0)
(1.5 -1.51613e-13 0)
(1.5 -1.04561e-13 0)
(1.5 3.69129e-14 0)
(1.5 1.04413e-13 0)
(1.5 1.42362e-13 0)
(1.5 2.32053e-13 0)
(1.5 3.08777e-13 0)
(1.5 3.83749e-13 0)
(1.5 2.61662e-13 0)
(1.5 1.87095e-13 0)
(1.5 6.46798e-14 0)
(1.5 5.97336e-14 0)
(1.5 1.73235e-13 0)
(1.5 1.05135e-13 0)
(1.5 1.15451e-13 0)
(1.5 1.42558e-13 0)
(1.5 9.83538e-14 0)
(1.5 9.93465e-14 0)
(1.5 2.42215e-14 0)
(1.5 -1.9887e-14 0)
(1.5 8.29478e-14 0)
(1.5 1.32344e-13 0)
(1.5 2.73903e-13 0)
(1.5 2.11807e-13 0)
(1.5 1.80639e-13 0)
(1.5 2.15145e-13 0)
(1.5 3.1506e-13 0)
(1.5 3.44471e-13 0)
(1.5 2.75984e-13 0)
(1.5 1.81302e-13 0)
(1.5 2.81109e-13 0)
(1.5 2.21435e-13 0)
(1.5 9.97391e-15 0)
(1.5 -1.46276e-13 0)
(1.5 -1.61933e-13 0)
(1.5 -1.39901e-13 0)
(1.5 2.06384e-14 0)
(1.5 1.93109e-14 0)
(1.5 -1.38357e-13 0)
(1.5 -2.2135e-13 0)
(1.5 -2.19138e-13 0)
(1.5 -2.06954e-13 0)
(1.5 -2.78056e-13 0)
(1.5 -1.97956e-13 0)
(1.5 -3.02884e-14 0)
(1.5 9.37189e-14 0)
(1.5 2.17285e-13 0)
(1.5 8.02058e-14 0)
(1.5 6.89997e-14 0)
(1.5 1.49364e-13 0)
(1.5 1.8229e-13 0)
(1.5 1.80213e-13 0)
(1.5 2.52767e-13 0)
(1.5 2.70265e-13 0)
(1.5 2.83272e-13 0)
(1.5 3.6376e-13 0)
(1.5 3.78759e-13 0)
(1.5 3.05473e-13 0)
(1.5 2.3045e-13 0)
(1.5 2.02271e-13 0)
(1.5 1.69252e-13 0)
(1.5 1.49712e-13 0)
(1.5 2.15011e-13 0)
(1.5 1.24074e-13 0)
(1.5 1.6388e-13 0)
(1.5 1.65406e-13 0)
(1.5 1.00972e-13 0)
(1.5 -1.32611e-14 0)
(1.5 -4.02778e-14 0)
(1.5 3.43954e-14 0)
(1.5 2.64379e-14 0)
(1.5 5.57318e-14 0)
(1.5 -2.14003e-14 0)
(1.5 -1.4615e-14 0)
(1.5 2.79254e-14 0)
(1.5 1.00781e-13 0)
(1.5 1.02424e-13 0)
(1.5 5.00498e-14 0)
(1.5 1.00926e-14 0)
(1.5 -1.60562e-14 0)
(1.5 -1.1174e-14 0)
(1.5 -4.53002e-15 0)
(1.5 -2.53772e-15 0)
(1.5 3.51778e-14 0)
(1.5 9.83967e-14 0)
(1.5 8.62237e-14 0)
(1.5 1.3687e-13 0)
(1.5 1.5166e-13 0)
(1.5 1.9468e-13 0)
(1.5 1.38099e-13 0)
(1.5 1.02595e-13 0)
(1.5 6.51415e-14 0)
(1.5 2.35958e-14 0)
(1.5 1.23269e-14 0)
(1.5 4.97146e-15 0)
(1.5 4.94091e-14 0)
(1.5 3.58608e-14 0)
(1.5 1.34478e-13 0)
(1.5 2.56568e-13 0)
(1.5 2.37574e-13 0)
(1.5 1.78322e-13 0)
(1.5 8.35045e-14 0)
(1.5 5.57141e-14 0)
(1.5 6.17256e-14 0)
(1.5 8.60126e-14 0)
(1.5 5.26447e-14 0)
(1.5 2.34647e-14 0)
(1.5 1.07133e-13 0)
(1.5 1.05957e-13 0)
(1.5 2.0143e-13 0)
(1.5 2.0369e-13 0)
(1.5 9.15516e-14 0)
(1.5 1.10342e-13 0)
(1.5 1.36257e-13 0)
(1.5 1.04669e-13 0)
(1.5 1.34342e-13 0)
(1.5 9.84674e-14 0)
(1.5 5.19848e-14 0)
(1.5 -5.13672e-14 0)
(1.5 -5.74489e-15 0)
(1.5 -1.76178e-14 0)
(1.5 -3.22287e-14 0)
(1.5 9.06823e-14 0)
(1.5 -8.05404e-14 0)
(1.5 -2.92285e-13 0)
(1.5 -2.45221e-13 0)
(1.5 -2.47615e-13 0)
(1.5 -2.84302e-13 0)
(1.5 -2.21577e-13 0)
(1.5 -1.98418e-13 0)
(1.5 -1.28495e-13 0)
(1.5 -1.304e-13 0)
(1.5 -1.74734e-13 0)
(1.5 -5.84924e-14 0)
(1.5 6.26423e-15 0)
(1.5 1.73589e-14 0)
(1.5 -1.13862e-14 0)
(1.5 4.65973e-14 0)
(1.5 7.92102e-14 0)
(1.5 1.21933e-13 0)
(1.5 1.23946e-13 0)
(1.5 1.17493e-13 0)
(1.5 9.23772e-14 0)
(1.5 -2.8319e-15 0)
(1.5 -9.84898e-14 0)
(1.5 -6.4394e-14 0)
(1.5 2.4908e-14 0)
(1.5 7.84081e-14 0)
(1.5 8.73477e-14 0)
(1.5 1.78527e-13 0)
(1.5 1.5899e-13 0)
(1.5 7.58131e-14 0)
(1.5 -1.66189e-14 0)
(1.5 8.14593e-14 0)
(1.5 -4.16972e-14 0)
(1.5 -1.04955e-14 0)
(1.5 6.62766e-14 0)
(1.5 8.01252e-14 0)
(1.5 9.04132e-14 0)
(1.5 -4.36138e-14 0)
(1.5 1.85208e-14 0)
(1.5 2.40304e-14 0)
(1.5 -8.14537e-14 0)
(1.5 -1.60598e-13 0)
(1.5 -1.39415e-13 0)
(1.5 -4.69578e-14 0)
(1.5 -6.7137e-14 0)
(1.5 -4.80291e-14 0)
(1.5 2.66244e-14 0)
(1.5 2.5509e-14 0)
(1.5 6.48771e-14 0)
(1.5 -5.71523e-14 0)
(1.5 -6.86471e-14 0)
(1.5 -4.24428e-14 0)
(1.5 -3.63273e-14 0)
(1.5 1.87539e-14 0)
(1.5 6.38195e-14 0)
(1.5 3.13637e-14 0)
(1.5 -6.0824e-14 0)
(1.5 -1.02927e-13 0)
(1.5 4.84269e-14 0)
(1.5 1.21817e-13 0)
(1.5 3.92018e-14 0)
(1.5 -4.4242e-14 0)
(1.5 -1.48539e-13 0)
(1.5 -1.67809e-13 0)
(1.5 2.08504e-14 0)
(1.5 5.64867e-14 0)
(1.5 2.50725e-14 0)
(1.5 -2.15337e-14 0)
(1.5 -1.2088e-13 0)
(1.5 -1.6315e-13 0)
(1.5 -5.31869e-14 0)
(1.5 9.04093e-14 0)
(1.5 8.85326e-14 0)
(1.5 7.48197e-14 0)
(1.5 4.43798e-14 0)
(1.5 -1.01153e-13 0)
(1.5 -1.46258e-13 0)
(1.5 -1.80171e-13 0)
(1.5 -1.58981e-13 0)
(1.5 -6.94939e-14 0)
(1.5 1.70886e-15 0)
(1.5 3.94714e-14 0)
(1.5 7.33908e-14 0)
(1.5 1.86014e-13 0)
(1.5 3.33728e-13 0)
(1.5 3.52766e-13 0)
(1.5 2.49473e-13 0)
(1.5 1.64703e-13 0)
(1.5 1.25331e-13 0)
(1.5 4.13668e-15 0)
(1.5 -4.75366e-15 0)
(1.5 -6.79105e-14 0)
(1.5 -8.23314e-14 0)
(1.5 -3.9719e-14 0)
(1.5 1.27513e-14 0)
(1.5 -5.99172e-15 0)
(1.5 -1.28603e-13 0)
(1.5 -1.86647e-13 0)
(1.5 -2.92215e-14 0)
(1.5 7.00616e-14 0)
(1.5 2.23844e-13 0)
(1.5 1.98e-13 0)
(1.5 7.47502e-14 0)
(1.5 1.20567e-13 0)
(1.5 1.88317e-13 0)
(1.5 2.16673e-13 0)
(1.5 2.3966e-13 0)
(1.5 2.36147e-13 0)
(1.5 1.85344e-13 0)
(1.5 8.94753e-14 0)
(1.5 3.54547e-15 0)
(1.5 -9.90792e-14 0)
(1.5 -1.68871e-13 0)
(1.5 -1.75377e-13 0)
(1.5 7.03612e-15 0)
(1.5 1.66551e-14 0)
(1.5 -6.79691e-14 0)
(1.5 -1.60952e-13 0)
(1.5 -1.26887e-13 0)
(1.5 -1.27769e-13 0)
(1.5 -2.09124e-13 0)
(1.5 -1.72084e-13 0)
(1.5 -1.14156e-14 0)
(1.5 1.25982e-13 0)
(1.5 2.05169e-13 0)
(1.5 1.58569e-13 0)
(1.5 1.42315e-13 0)
(1.5 1.60789e-13 0)
(1.5 1.59391e-13 0)
(1.5 1.32132e-13 0)
(1.5 1.93076e-13 0)
(1.5 1.98671e-13 0)
(1.5 2.13346e-13 0)
(1.5 2.76342e-13 0)
(1.5 3.02451e-13 0)
(1.5 2.93469e-13 0)
(1.5 2.73913e-13 0)
(1.5 2.2859e-13 0)
(1.5 2.13883e-13 0)
(1.5 2.29927e-13 0)
(1.5 2.59454e-13 0)
(1.5 2.04603e-13 0)
(1.5 2.54392e-13 0)
(1.5 2.44495e-13 0)
(1.5 1.17074e-13 0)
(1.5 3.65478e-14 0)
(1.5 3.01327e-14 0)
(1.5 6.79816e-14 0)
(1.5 1.0206e-13 0)
(1.5 1.21444e-13 0)
(1.5 8.21825e-14 0)
(1.5 5.4188e-14 0)
(1.5 7.63264e-14 0)
(1.5 1.48884e-13 0)
(1.5 1.74553e-13 0)
(1.5 1.44574e-13 0)
(1.5 1.06856e-13 0)
(1.5 1.18494e-13 0)
(1.5 9.87391e-14 0)
(1.5 1.00139e-13 0)
(1.5 8.99709e-14 0)
(1.5 8.32094e-14 0)
(1.5 1.32009e-13 0)
(1.5 1.33679e-13 0)
(1.5 1.71425e-13 0)
(1.5 1.56384e-13 0)
(1.5 2.04556e-13 0)
(1.5 1.65439e-13 0)
(1.5 1.54811e-13 0)
(1.5 1.18724e-13 0)
(1.5 9.20186e-14 0)
(1.5 7.95518e-14 0)
(1.5 6.36134e-14 0)
(1.5 1.18393e-13 0)
(1.5 1.03311e-13 0)
(1.5 1.784e-13 0)
(1.5 2.10745e-13 0)
(1.5 2.58008e-13 0)
(1.5 1.92879e-13 0)
(1.5 1.34107e-13 0)
(1.5 9.87176e-14 0)
(1.5 1.05497e-13 0)
(1.5 1.45767e-13 0)
(1.5 1.13671e-13 0)
(1.5 3.13706e-14 0)
(1.5 4.72503e-14 0)
(1.5 8.22646e-14 0)
(1.5 1.18109e-13 0)
(1.5 9.1053e-14 0)
(1.5 1.57912e-14 0)
(1.5 -5.01607e-15 0)
(1.5 6.93795e-14 0)
(1.5 1.06656e-13 0)
(1.5 1.28663e-13 0)
(1.5 6.68963e-14 0)
(1.5 6.93414e-14 0)
(1.5 2.18684e-14 0)
(1.5 6.10447e-14 0)
(1.5 8.99738e-15 0)
(1.5 -2.64188e-14 0)
(1.5 9.17866e-15 0)
(1.5 -8.04742e-14 0)
(1.5 -1.73989e-13 0)
(1.5 -1.5622e-13 0)
(1.5 -1.58703e-13 0)
(1.5 -1.7181e-13 0)
(1.5 -1.14623e-13 0)
(1.5 -6.70099e-14 0)
(1.5 -4.76091e-14 0)
(1.5 -6.96138e-14 0)
(1.5 -1.46512e-13 0)
(1.5 -8.06725e-14 0)
(1.5 -2.24775e-14 0)
(1.5 2.61551e-14 0)
(1.5 5.33562e-14 0)
(1.5 1.20279e-13 0)
(1.5 1.68894e-13 0)
(1.5 1.62641e-13 0)
(1.5 6.84424e-14 0)
(1.5 3.56938e-14 0)
(1.5 6.26793e-14 0)
(1.5 4.77784e-14 0)
(1.5 -1.65866e-14 0)
(1.5 2.38105e-14 0)
(1.5 2.50605e-14 0)
(1.5 3.39091e-14 0)
(1.5 5.01708e-14 0)
(1.5 1.4375e-13 0)
(1.5 1.14476e-13 0)
(1.5 6.32678e-14 0)
(1.5 -4.66279e-14 0)
(1.5 -8.73581e-15 0)
(1.5 -1.02092e-13 0)
(1.5 -5.17324e-14 0)
(1.5 2.66694e-14 0)
(1.5 7.98172e-14 0)
(1.5 1.53439e-13 0)
(1.5 6.55231e-15 0)
(1.5 9.22497e-15 0)
(1.5 4.25297e-14 0)
(1.5 2.2417e-14 0)
(1.5 -2.66337e-14 0)
(1.5 -6.99779e-14 0)
(1.5 -4.30298e-14 0)
(1.5 -4.7861e-15 0)
(1.5 -6.76955e-16 0)
(1.5 5.27648e-14 0)
(1.5 6.44476e-14 0)
(1.5 8.4133e-14 0)
(1.5 -2.01682e-14 0)
(1.5 -7.83663e-14 0)
(1.5 -5.04193e-14 0)
(1.5 -8.25646e-14 0)
(1.5 -4.21628e-14 0)
(1.5 -1.36455e-14 0)
(1.5 -5.1788e-14 0)
(1.5 -9.57959e-14 0)
(1.5 -1.05337e-13 0)
(1.5 6.73717e-15 0)
(1.5 5.11766e-14 0)
(1.5 2.87583e-15 0)
(1.5 -1.21791e-14 0)
(1.5 -8.60611e-14 0)
(1.5 -1.45287e-13 0)
(1.5 -9.24213e-14 0)
(1.5 -1.04433e-13 0)
(1.5 -4.03522e-14 0)
(1.5 -3.3847e-14 0)
(1.5 -9.80851e-14 0)
(1.5 -1.56449e-13 0)
(1.5 -8.95413e-14 0)
(1.5 4.90791e-14 0)
(1.5 1.08976e-13 0)
(1.5 8.45745e-14 0)
(1.5 5.42982e-14 0)
(1.5 -3.95353e-14 0)
(1.5 -9.05947e-14 0)
(1.5 -1.45964e-13 0)
(1.5 -1.3836e-13 0)
(1.5 -8.41192e-14 0)
(1.5 -1.00164e-13 0)
(1.5 -8.46978e-14 0)
(1.5 -5.14079e-14 0)
(1.5 3.70536e-14 0)
(1.5 1.8348e-13 0)
(1.5 1.85406e-13 0)
(1.5 1.31617e-13 0)
(1.5 1.0368e-13 0)
(1.5 8.63013e-14 0)
(1.5 -3.02598e-14 0)
(1.5 -8.9737e-14 0)
(1.5 -1.38771e-13 0)
(1.5 -1.82779e-13 0)
(1.5 -1.6722e-13 0)
(1.5 -9.64506e-14 0)
(1.5 -1.01236e-13 0)
(1.5 -2.13694e-13 0)
(1.5 -2.4316e-13 0)
(1.5 -8.66734e-14 0)
(1.5 3.97101e-14 0)
(1.5 1.43361e-13 0)
(1.5 1.42432e-13 0)
(1.5 5.2022e-14 0)
(1.5 6.1499e-14 0)
(1.5 1.20968e-13 0)
(1.5 1.53577e-13 0)
(1.5 1.69368e-13 0)
(1.5 2.18251e-13 0)
(1.5 1.08968e-13 0)
(1.5 4.67253e-14 0)
(1.5 5.24102e-14 0)
(1.5 -5.42841e-15 0)
(1.5 -7.68529e-14 0)
(1.5 -9.00967e-14 0)
)
;

boundaryField
{
    inlet
    {
        type            fixedValue;
        value           uniform (1.5 0 0);
    }
    outlet
    {
        type            zeroGradient;
    }
    walls
    {
        type            symmetry;
    }
    frontAndBack
    {
        type            empty;
    }
}


// ************************************************************************* //
