/*--------------------------------*- C++ -*----------------------------------*\
| =========                 |                                                 |
| \\      /  F ield         | OpenFOAM: The Open Source CFD Toolbox           |
|  \\    /   O peration     | Version:  2312                                  |
|   \\  /    A nd           | Website:  www.openfoam.com                      |
|    \\/     M anipulation  |                                                 |
\*---------------------------------------------------------------------------*/
FoamFile
{
    version     2.0;
    format      ascii;
    arch        "LSB;label=32;scalar=64";
    class       volVectorField;
    location    "1.498875";
    object      U;
}
// * * * * * * * * * * * * * * * * * * * * * * * * * * * * * * * * * * * * * //

dimensions      [0 1 -1 0 0 0 0];

internalField   nonuniform List<vector> 
20000
(
(1.5 -3.9684e-14 0)
(1.5 -8.85754e-14 0)
(1.5 -2.5982e-14 0)
(1.5 5.0831e-14 0)
(1.5 5.57385e-14 0)
(1.5 2.21706e-14 0)
(1.5 3.47162e-14 0)
(1.5 4.30051e-15 0)
(1.5 -3.06839e-14 0)
(1.5 -3.83662e-14 0)
(1.5 -2.91715e-14 0)
(1.5 -1.01741e-13 0)
(1.5 -5.92443e-14 0)
(1.5 -5.32241e-14 0)
(1.5 -1.22084e-13 0)
(1.5 -2.32124e-13 0)
(1.5 -2.97602e-13 0)
(1.5 -2.64484e-13 0)
(1.5 -1.94473e-13 0)
(1.5 -1.32506e-13 0)
(1.5 -1.44609e-13 0)
(1.5 -4.19626e-14 0)
(1.5 -2.4673e-14 0)
(1.5 -1.14399e-14 0)
(1.5 -9.04636e-14 0)
(1.5 -1.51253e-13 0)
(1.5 -1.75842e-13 0)
(1.5 -1.68365e-13 0)
(1.5 -1.20398e-13 0)
(1.5 -9.96306e-14 0)
(1.5 -9.00319e-14 0)
(1.5 -1.1251e-13 0)
(1.5 -2.33985e-13 0)
(1.5 -3.01856e-13 0)
(1.5 -2.25611e-13 0)
(1.5 -1.62789e-13 0)
(1.5 -2.0552e-13 0)
(1.5 -1.60419e-13 0)
(1.5 -1.39291e-13 0)
(1.5 -8.06733e-14 0)
(1.5 -1.37351e-14 0)
(1.5 -2.43604e-14 0)
(1.5 5.08466e-15 0)
(1.5 -9.51182e-14 0)
(1.5 -1.06755e-13 0)
(1.5 -1.11045e-13 0)
(1.5 -1.08543e-13 0)
(1.5 -1.21066e-13 0)
(1.5 -1.16033e-13 0)
(1.5 -1.03944e-13 0)
(1.5 -9.89376e-14 0)
(1.5 -1.05607e-13 0)
(1.5 -1.33371e-13 0)
(1.5 -1.07088e-13 0)
(1.5 -1.09899e-13 0)
(1.5 -1.58276e-13 0)
(1.5 -2.10071e-13 0)
(1.5 -2.08092e-13 0)
(1.5 -2.47406e-13 0)
(1.5 -1.68208e-13 0)
(1.5 -1.70013e-13 0)
(1.5 -1.93012e-13 0)
(1.5 -2.02702e-13 0)
(1.5 -1.70995e-13 0)
(1.5 -1.95507e-13 0)
(1.5 -1.46539e-13 0)
(1.5 -1.54747e-13 0)
(1.5 -1.06549e-13 0)
(1.5 -6.21607e-14 0)
(1.5 -9.34226e-14 0)
(1.5 -1.14241e-13 0)
(1.5 -1.52653e-13 0)
(1.5 -1.39419e-13 0)
(1.5 -1.34061e-13 0)
(1.5 -1.47122e-13 0)
(1.5 -2.09587e-13 0)
(1.5 -2.32264e-13 0)
(1.5 -1.95916e-13 0)
(1.5 -2.17191e-13 0)
(1.5 -1.87136e-13 0)
(1.5 -2.06708e-13 0)
(1.5 -2.54005e-13 0)
(1.5 -2.1712e-13 0)
(1.5 -1.57833e-13 0)
(1.5 -1.48188e-13 0)
(1.5 -1.38796e-13 0)
(1.5 -9.13603e-14 0)
(1.5 -5.69433e-14 0)
(1.5 -1.16756e-14 0)
(1.5 4.72269e-14 0)
(1.5 1.31658e-13 0)
(1.5 1.11552e-13 0)
(1.5 -1.14354e-14 0)
(1.5 -1.37846e-13 0)
(1.5 -2.38998e-13 0)
(1.5 -2.2464e-13 0)
(1.5 -1.4915e-13 0)
(1.5 -3.65653e-14 0)
(1.5 -1.19435e-15 0)
(1.5 6.10413e-14 0)
(1.5 4.6573e-14 0)
(1.5 -6.99991e-14 0)
(1.5 -4.18301e-14 0)
(1.5 -2.59233e-14 0)
(1.5 1.88732e-14 0)
(1.5 5.85681e-14 0)
(1.5 1.68352e-14 0)
(1.5 -2.73406e-14 0)
(1.5 -1.40576e-13 0)
(1.5 -1.74691e-13 0)
(1.5 -2.35287e-13 0)
(1.5 -3.08425e-13 0)
(1.5 -1.75497e-13 0)
(1.5 -1.25286e-13 0)
(1.5 -5.55691e-14 0)
(1.5 4.42091e-14 0)
(1.5 4.83621e-14 0)
(1.5 9.66439e-15 0)
(1.5 -4.38805e-14 0)
(1.5 -3.48481e-14 0)
(1.5 -1.84003e-14 0)
(1.5 -2.95225e-15 0)
(1.5 -5.67558e-14 0)
(1.5 -2.72568e-14 0)
(1.5 -5.59385e-14 0)
(1.5 -4.81205e-14 0)
(1.5 -1.08439e-13 0)
(1.5 -1.00774e-13 0)
(1.5 2.33935e-14 0)
(1.5 3.85197e-14 0)
(1.5 -4.04585e-14 0)
(1.5 -1.39391e-13 0)
(1.5 -9.78962e-14 0)
(1.5 -1.02403e-13 0)
(1.5 -6.55179e-14 0)
(1.5 3.40579e-14 0)
(1.5 9.07679e-14 0)
(1.5 1.30334e-13 0)
(1.5 1.43678e-13 0)
(1.5 9.49879e-14 0)
(1.5 -2.40867e-14 0)
(1.5 -8.76812e-14 0)
(1.5 -3.39469e-14 0)
(1.5 3.36715e-14 0)
(1.5 -3.05737e-14 0)
(1.5 -1.16003e-13 0)
(1.5 -1.40592e-13 0)
(1.5 -5.51877e-14 0)
(1.5 -9.91569e-14 0)
(1.5 -1.02544e-13 0)
(1.5 -1.26459e-13 0)
(1.5 -2.20702e-13 0)
(1.5 -3.09296e-13 0)
(1.5 -3.37557e-13 0)
(1.5 -3.36839e-13 0)
(1.5 -2.93184e-13 0)
(1.5 -2.68432e-13 0)
(1.5 -1.50446e-13 0)
(1.5 -1.07133e-13 0)
(1.5 -1.33029e-13 0)
(1.5 -1.04492e-13 0)
(1.5 -9.87745e-14 0)
(1.5 -5.32019e-14 0)
(1.5 -3.92841e-15 0)
(1.5 5.96872e-14 0)
(1.5 1.44348e-14 0)
(1.5 2.35887e-14 0)
(1.5 -8.62754e-14 0)
(1.5 -1.46766e-13 0)
(1.5 -1.27429e-13 0)
(1.5 -9.46875e-14 0)
(1.5 -1.26324e-13 0)
(1.5 -6.8681e-14 0)
(1.5 -1.46228e-13 0)
(1.5 -2.28441e-13 0)
(1.5 -2.59758e-13 0)
(1.5 -1.93111e-13 0)
(1.5 -1.23909e-13 0)
(1.5 -1.06729e-13 0)
(1.5 -1.581e-13 0)
(1.5 -1.23928e-13 0)
(1.5 -1.02542e-13 0)
(1.5 -1.71536e-13 0)
(1.5 -2.07581e-13 0)
(1.5 -1.84562e-13 0)
(1.5 -1.93628e-13 0)
(1.5 -1.76995e-13 0)
(1.5 -1.69514e-13 0)
(1.5 -1.55613e-13 0)
(1.5 -1.67415e-13 0)
(1.5 -1.71808e-13 0)
(1.5 -8.60508e-14 0)
(1.5 -6.1306e-14 0)
(1.5 -5.53151e-14 0)
(1.5 -2.56085e-14 0)
(1.5 1.8318e-14 0)
(1.5 7.38733e-14 0)
(1.5 9.55135e-14 0)
(1.5 2.33199e-14 0)
(1.5 -5.62e-14 0)
(1.5 -6.61071e-14 0)
(1.5 -1.02884e-13 0)
(1.5 3.8202e-14 0)
(1.5 1.14317e-13 0)
(1.5 4.21411e-14 0)
(1.5 -1.64616e-14 0)
(1.5 2.76775e-14 0)
(1.5 -5.41596e-14 0)
(1.5 -6.59979e-14 0)
(1.5 -2.27445e-14 0)
(1.5 -6.77359e-14 0)
(1.5 -1.74608e-13 0)
(1.5 -1.41342e-13 0)
(1.5 -1.21281e-13 0)
(1.5 -1.30774e-13 0)
(1.5 -2.53594e-13 0)
(1.5 -3.59736e-13 0)
(1.5 -3.21502e-13 0)
(1.5 -2.89233e-13 0)
(1.5 -1.75912e-13 0)
(1.5 -1.21767e-13 0)
(1.5 2.23802e-14 0)
(1.5 1.23975e-13 0)
(1.5 1.20397e-13 0)
(1.5 8.76098e-15 0)
(1.5 -4.9805e-14 0)
(1.5 -1.12034e-13 0)
(1.5 -4.1355e-14 0)
(1.5 -2.97492e-15 0)
(1.5 9.80502e-16 0)
(1.5 -8.3488e-14 0)
(1.5 -1.16332e-13 0)
(1.5 -2.20396e-13 0)
(1.5 -2.75647e-13 0)
(1.5 -1.8239e-13 0)
(1.5 -1.15695e-13 0)
(1.5 -9.06299e-14 0)
(1.5 -3.15096e-14 0)
(1.5 -3.72521e-14 0)
(1.5 6.24219e-14 0)
(1.5 1.30332e-13 0)
(1.5 5.77068e-14 0)
(1.5 -1.71398e-15 0)
(1.5 -1.18529e-13 0)
(1.5 -1.1547e-13 0)
(1.5 -8.56074e-14 0)
(1.5 -6.70118e-14 0)
(1.5 -6.68479e-14 0)
(1.5 -2.75863e-14 0)
(1.5 -3.95644e-14 0)
(1.5 -4.59867e-14 0)
(1.5 -5.78966e-14 0)
(1.5 -8.62342e-14 0)
(1.5 -5.70996e-14 0)
(1.5 -7.25588e-14 0)
(1.5 -6.32553e-14 0)
(1.5 -1.42776e-13 0)
(1.5 -1.51605e-13 0)
(1.5 -1.79147e-13 0)
(1.5 -1.29712e-13 0)
(1.5 -1.10106e-13 0)
(1.5 -1.13874e-13 0)
(1.5 -1.65301e-13 0)
(1.5 -9.80147e-14 0)
(1.5 -6.32891e-14 0)
(1.5 -4.47363e-14 0)
(1.5 -6.00689e-14 0)
(1.5 3.61083e-14 0)
(1.5 7.38263e-14 0)
(1.5 -4.15644e-14 0)
(1.5 -1.36128e-13 0)
(1.5 -1.43588e-13 0)
(1.5 -4.88506e-14 0)
(1.5 -7.5567e-14 0)
(1.5 -9.95283e-14 0)
(1.5 -2.24922e-13 0)
(1.5 -1.96879e-13 0)
(1.5 -1.14469e-13 0)
(1.5 -1.39111e-13 0)
(1.5 -1.19825e-13 0)
(1.5 -1.95395e-13 0)
(1.5 -2.5028e-13 0)
(1.5 -1.39559e-13 0)
(1.5 -6.95178e-14 0)
(1.5 -7.65353e-14 0)
(1.5 -7.55811e-14 0)
(1.5 -7.72639e-14 0)
(1.5 -4.7392e-15 0)
(1.5 6.06213e-14 0)
(1.5 9.28989e-14 0)
(1.5 2.56561e-13 0)
(1.5 2.56355e-13 0)
(1.5 5.40761e-14 0)
(1.5 -1.14586e-13 0)
(1.5 -1.75333e-13 0)
(1.5 -1.42071e-13 0)
(1.5 -1.33281e-13 0)
(1.5 -2.83474e-14 0)
(1.5 1.19745e-14 0)
(1.5 9.36273e-14 0)
(1.5 7.18819e-14 0)
(1.5 -8.77025e-14 0)
(1.5 -6.00634e-14 0)
(1.5 -3.72313e-14 0)
(1.5 2.55868e-14 0)
(1.5 5.78598e-14 0)
(1.5 1.53687e-14 0)
(1.5 1.72082e-14 0)
(1.5 -1.56811e-13 0)
(1.5 -2.01678e-13 0)
(1.5 -2.41606e-13 0)
(1.5 -3.37525e-13 0)
(1.5 -1.97747e-13 0)
(1.5 -1.54293e-13 0)
(1.5 -9.32564e-14 0)
(1.5 6.75585e-14 0)
(1.5 8.05853e-14 0)
(1.5 5.23275e-14 0)
(1.5 -4.71523e-14 0)
(1.5 -2.19084e-14 0)
(1.5 5.52884e-14 0)
(1.5 3.53708e-14 0)
(1.5 -2.60926e-14 0)
(1.5 6.21407e-14 0)
(1.5 -4.5052e-15 0)
(1.5 -8.85466e-15 0)
(1.5 -6.12434e-14 0)
(1.5 -2.58131e-15 0)
(1.5 8.46057e-14 0)
(1.5 3.49111e-14 0)
(1.5 -4.68425e-15 0)
(1.5 -1.34695e-13 0)
(1.5 -3.93006e-14 0)
(1.5 -5.92071e-14 0)
(1.5 -3.86861e-15 0)
(1.5 1.03131e-13 0)
(1.5 1.8459e-13 0)
(1.5 2.12896e-13 0)
(1.5 1.38128e-13 0)
(1.5 5.3378e-14 0)
(1.5 -1.02185e-13 0)
(1.5 -2.06346e-13 0)
(1.5 -1.5375e-13 0)
(1.5 -7.65497e-14 0)
(1.5 -1.20986e-13 0)
(1.5 -1.39054e-13 0)
(1.5 -1.16814e-13 0)
(1.5 -8.31765e-14 0)
(1.5 -1.85894e-13 0)
(1.5 -2.04339e-13 0)
(1.5 -1.82225e-13 0)
(1.5 -2.85114e-13 0)
(1.5 -3.85204e-13 0)
(1.5 -5.03209e-13 0)
(1.5 -4.48305e-13 0)
(1.5 -2.87889e-13 0)
(1.5 -2.12215e-13 0)
(1.5 -8.0842e-14 0)
(1.5 -1.0472e-13 0)
(1.5 -9.00882e-14 0)
(1.5 -5.78085e-14 0)
(1.5 -8.99624e-14 0)
(1.5 -2.26058e-14 0)
(1.5 5.51341e-15 0)
(1.5 6.68188e-14 0)
(1.5 2.15961e-14 0)
(1.5 -2.24739e-14 0)
(1.5 -1.49772e-13 0)
(1.5 -1.9864e-13 0)
(1.5 -1.94506e-13 0)
(1.5 -1.42922e-13 0)
(1.5 -2.15676e-13 0)
(1.5 -1.26397e-13 0)
(1.5 -2.36575e-13 0)
(1.5 -2.70761e-13 0)
(1.5 -3.26332e-13 0)
(1.5 -2.79842e-13 0)
(1.5 -1.20237e-13 0)
(1.5 -9.74116e-14 0)
(1.5 -9.98028e-14 0)
(1.5 -2.17382e-14 0)
(1.5 -1.90238e-15 0)
(1.5 -8.78453e-15 0)
(1.5 -4.24415e-14 0)
(1.5 -8.38304e-14 0)
(1.5 -1.42246e-13 0)
(1.5 -1.66719e-13 0)
(1.5 -1.71329e-13 0)
(1.5 -2.21904e-13 0)
(1.5 -1.26046e-13 0)
(1.5 -8.44229e-14 0)
(1.5 -2.13929e-14 0)
(1.5 -1.0755e-14 0)
(1.5 -3.46583e-14 0)
(1.5 -1.49586e-14 0)
(1.5 2.82739e-14 0)
(1.5 2.58811e-14 0)
(1.5 3.62672e-15 0)
(1.5 -1.13209e-13 0)
(1.5 -1.75314e-13 0)
(1.5 2.27527e-14 0)
(1.5 -1.15485e-14 0)
(1.5 3.50501e-14 0)
(1.5 6.2411e-14 0)
(1.5 -1.92041e-14 0)
(1.5 -4.94842e-14 0)
(1.5 -9.00278e-15 0)
(1.5 -5.30757e-14 0)
(1.5 -2.27582e-14 0)
(1.5 -8.09327e-15 0)
(1.5 -1.16434e-13 0)
(1.5 -1.65951e-13 0)
(1.5 -1.66741e-13 0)
(1.5 -1.39287e-13 0)
(1.5 -1.09866e-13 0)
(1.5 -1.40434e-13 0)
(1.5 -2.55487e-13 0)
(1.5 -2.65554e-13 0)
(1.5 -2.76738e-13 0)
(1.5 -1.39342e-13 0)
(1.5 -3.0613e-14 0)
(1.5 7.97515e-14 0)
(1.5 2.26283e-13 0)
(1.5 1.60425e-13 0)
(1.5 5.61406e-14 0)
(1.5 8.99453e-15 0)
(1.5 -5.67935e-14 0)
(1.5 -2.39991e-15 0)
(1.5 -1.1121e-14 0)
(1.5 3.26245e-16 0)
(1.5 -1.00948e-13 0)
(1.5 -9.61093e-14 0)
(1.5 -1.68697e-13 0)
(1.5 -2.17363e-13 0)
(1.5 -1.72213e-13 0)
(1.5 -9.73205e-14 0)
(1.5 1.39828e-14 0)
(1.5 5.81517e-14 0)
(1.5 9.77878e-14 0)
(1.5 2.28198e-13 0)
(1.5 2.24551e-13 0)
(1.5 8.81226e-14 0)
(1.5 -7.55974e-14 0)
(1.5 -1.34525e-13 0)
(1.5 -1.58702e-13 0)
(1.5 -1.085e-13 0)
(1.5 -1.00227e-13 0)
(1.5 -5.30523e-14 0)
(1.5 -2.34445e-14 0)
(1.5 -3.68596e-14 0)
(1.5 -5.01815e-15 0)
(1.5 -1.41107e-14 0)
(1.5 -6.28626e-14 0)
(1.5 -6.82173e-14 0)
(1.5 -3.80243e-14 0)
(1.5 9.53045e-15 0)
(1.5 -3.53294e-14 0)
(1.5 -1.44454e-13 0)
(1.5 -1.26831e-13 0)
(1.5 -1.80827e-13 0)
(1.5 -1.18286e-13 0)
(1.5 -7.06525e-14 0)
(1.5 -1.44962e-13 0)
(1.5 -5.11769e-14 0)
(1.5 9.31601e-14 0)
(1.5 4.84688e-14 0)
(1.5 3.25062e-14 0)
(1.5 9.17896e-14 0)
(1.5 9.27333e-14 0)
(1.5 2.5163e-15 0)
(1.5 -7.08843e-14 0)
(1.5 -4.63556e-14 0)
(1.5 5.10689e-14 0)
(1.5 1.85797e-14 0)
(1.5 1.64125e-14 0)
(1.5 -1.06299e-13 0)
(1.5 -3.14345e-14 0)
(1.5 2.93078e-14 0)
(1.5 3.56576e-14 0)
(1.5 2.66372e-14 0)
(1.5 -5.1149e-14 0)
(1.5 -8.39389e-14 0)
(1.5 1.258e-14 0)
(1.5 2.91283e-14 0)
(1.5 5.30975e-14 0)
(1.5 2.06552e-14 0)
(1.5 -5.14323e-14 0)
(1.5 6.69016e-14 0)
(1.5 1.56001e-13 0)
(1.5 1.89984e-13 0)
(1.5 3.66408e-13 0)
(1.5 3.28763e-13 0)
(1.5 1.65684e-13 0)
(1.5 -1.62368e-14 0)
(1.5 -1.05777e-13 0)
(1.5 -8.8454e-14 0)
(1.5 -1.87341e-13 0)
(1.5 -9.59141e-14 0)
(1.5 2.9623e-14 0)
(1.5 1.47612e-13 0)
(1.5 1.50715e-13 0)
(1.5 -3.40817e-14 0)
(1.5 -1.91227e-13 0)
(1.5 -2.14022e-13 0)
(1.5 -1.9241e-13 0)
(1.5 -9.34408e-14 0)
(1.5 -3.99003e-14 0)
(1.5 7.95617e-14 0)
(1.5 -1.0725e-14 0)
(1.5 -3.66534e-14 0)
(1.5 -4.22235e-14 0)
(1.5 -1.482e-13 0)
(1.5 -2.32213e-13 0)
(1.5 -2.4936e-13 0)
(1.5 -2.44243e-13 0)
(1.5 -8.01763e-14 0)
(1.5 -1.99876e-14 0)
(1.5 -3.81641e-14 0)
(1.5 -1.33509e-13 0)
(1.5 -1.09696e-13 0)
(1.5 -2.00519e-14 0)
(1.5 -2.12704e-14 0)
(1.5 -3.79644e-15 0)
(1.5 3.81404e-14 0)
(1.5 4.76044e-14 0)
(1.5 6.58523e-14 0)
(1.5 6.94061e-14 0)
(1.5 1.46983e-13 0)
(1.5 1.62482e-13 0)
(1.5 8.3218e-14 0)
(1.5 9.53814e-14 0)
(1.5 4.25887e-15 0)
(1.5 8.24105e-14 0)
(1.5 2.43927e-14 0)
(1.5 2.87453e-14 0)
(1.5 1.0048e-13 0)
(1.5 1.62756e-13 0)
(1.5 2.17368e-13 0)
(1.5 1.17398e-13 0)
(1.5 6.59757e-14 0)
(1.5 -1.13095e-13 0)
(1.5 -2.0602e-13 0)
(1.5 -1.91101e-13 0)
(1.5 -1.54727e-13 0)
(1.5 -1.08577e-13 0)
(1.5 -3.03394e-15 0)
(1.5 5.5706e-14 0)
(1.5 -5.13321e-14 0)
(1.5 -2.03913e-13 0)
(1.5 -2.60166e-13 0)
(1.5 -2.29859e-13 0)
(1.5 -2.39783e-13 0)
(1.5 -2.96729e-13 0)
(1.5 -4.80726e-13 0)
(1.5 -4.0292e-13 0)
(1.5 -1.32267e-13 0)
(1.5 -3.6204e-14 0)
(1.5 -2.70993e-14 0)
(1.5 -4.32387e-14 0)
(1.5 1.67485e-14 0)
(1.5 3.87551e-14 0)
(1.5 -7.1973e-15 0)
(1.5 4.11643e-14 0)
(1.5 7.53317e-14 0)
(1.5 9.33627e-14 0)
(1.5 6.08827e-14 0)
(1.5 -6.16499e-14 0)
(1.5 -1.73475e-13 0)
(1.5 -2.89551e-13 0)
(1.5 -3.58549e-13 0)
(1.5 -3.42107e-13 0)
(1.5 -3.51541e-13 0)
(1.5 -2.93983e-13 0)
(1.5 -3.27638e-13 0)
(1.5 -2.24573e-13 0)
(1.5 -2.61209e-13 0)
(1.5 -2.3901e-13 0)
(1.5 -5.22322e-14 0)
(1.5 -6.93029e-14 0)
(1.5 6.22773e-14 0)
(1.5 1.50637e-13 0)
(1.5 1.98659e-13 0)
(1.5 3.06256e-13 0)
(1.5 2.75939e-13 0)
(1.5 9.0615e-14 0)
(1.5 -4.76202e-14 0)
(1.5 -1.92273e-13 0)
(1.5 -1.90364e-13 0)
(1.5 -2.05528e-13 0)
(1.5 -6.96593e-14 0)
(1.5 -1.17012e-14 0)
(1.5 -5.4675e-14 0)
(1.5 -5.67588e-14 0)
(1.5 -1.22944e-13 0)
(1.5 -9.18294e-14 0)
(1.5 -2.35718e-14 0)
(1.5 -8.66731e-14 0)
(1.5 -1.2726e-13 0)
(1.5 -2.28501e-13 0)
(1.5 -3.31723e-13 0)
(1.5 9.28302e-14 0)
(1.5 7.69592e-14 0)
(1.5 -1.15546e-14 0)
(1.5 -5.06582e-15 0)
(1.5 -7.70367e-14 0)
(1.5 -1.44445e-13 0)
(1.5 -1.40292e-13 0)
(1.5 -8.74974e-14 0)
(1.5 -1.3441e-14 0)
(1.5 -4.89399e-14 0)
(1.5 -1.14807e-13 0)
(1.5 -6.25949e-14 0)
(1.5 -7.73438e-15 0)
(1.5 3.8731e-14 0)
(1.5 -2.0761e-14 0)
(1.5 -9.15765e-14 0)
(1.5 -1.86741e-13 0)
(1.5 -1.72883e-13 0)
(1.5 -1.38779e-13 0)
(1.5 6.72397e-15 0)
(1.5 -7.3872e-15 0)
(1.5 2.16481e-14 0)
(1.5 6.01416e-14 0)
(1.5 -4.00281e-14 0)
(1.5 -4.93866e-14 0)
(1.5 -1.03771e-13 0)
(1.5 -7.33034e-14 0)
(1.5 -6.4503e-14 0)
(1.5 -6.94291e-14 0)
(1.5 -3.90292e-14 0)
(1.5 -7.1479e-14 0)
(1.5 -3.67343e-14 0)
(1.5 -1.10229e-13 0)
(1.5 -1.35958e-13 0)
(1.5 -1.45111e-13 0)
(1.5 -4.94311e-14 0)
(1.5 1.92828e-14 0)
(1.5 1.23183e-13 0)
(1.5 2.64357e-13 0)
(1.5 3.46454e-13 0)
(1.5 2.96182e-13 0)
(1.5 1.75758e-13 0)
(1.5 -1.22236e-14 0)
(1.5 -3.03022e-14 0)
(1.5 -6.2745e-14 0)
(1.5 -7.0453e-14 0)
(1.5 -8.86903e-14 0)
(1.5 -8.34671e-15 0)
(1.5 -3.95734e-14 0)
(1.5 -1.61996e-14 0)
(1.5 9.90606e-14 0)
(1.5 5.19006e-14 0)
(1.5 -2.0056e-14 0)
(1.5 -3.92606e-14 0)
(1.5 2.98618e-14 0)
(1.5 3.71475e-14 0)
(1.5 4.2488e-14 0)
(1.5 -1.05084e-13 0)
(1.5 -4.12654e-14 0)
(1.5 -9.69483e-14 0)
(1.5 -1.15129e-14 0)
(1.5 4.02711e-14 0)
(1.5 2.71341e-15 0)
(1.5 6.82948e-14 0)
(1.5 1.98245e-13 0)
(1.5 1.73522e-13 0)
(1.5 1.90299e-13 0)
(1.5 1.36628e-13 0)
(1.5 9.68367e-14 0)
(1.5 1.12154e-13 0)
(1.5 9.15729e-14 0)
(1.5 8.72876e-14 0)
(1.5 1.0496e-13 0)
(1.5 5.30382e-14 0)
(1.5 -3.95122e-14 0)
(1.5 -8.07803e-14 0)
(1.5 -6.67767e-14 0)
(1.5 3.36567e-14 0)
(1.5 9.97812e-14 0)
(1.5 9.73159e-14 0)
(1.5 9.52152e-14 0)
(1.5 6.84323e-14 0)
(1.5 4.93146e-14 0)
(1.5 2.34291e-14 0)
(1.5 1.04716e-13 0)
(1.5 4.67152e-14 0)
(1.5 6.60981e-14 0)
(1.5 1.07404e-13 0)
(1.5 2.08995e-13 0)
(1.5 2.71776e-13 0)
(1.5 3.40057e-13 0)
(1.5 2.71265e-13 0)
(1.5 1.78654e-13 0)
(1.5 -1.71093e-14 0)
(1.5 -1.5119e-13 0)
(1.5 -1.52894e-13 0)
(1.5 -1.96133e-13 0)
(1.5 -1.28163e-13 0)
(1.5 -5.46436e-14 0)
(1.5 1.5207e-14 0)
(1.5 3.83875e-14 0)
(1.5 -6.9335e-14 0)
(1.5 -2.58423e-13 0)
(1.5 -3.07767e-13 0)
(1.5 -2.91878e-13 0)
(1.5 -1.78077e-13 0)
(1.5 -8.59979e-14 0)
(1.5 -4.82445e-14 0)
(1.5 -3.58182e-14 0)
(1.5 -6.41341e-14 0)
(1.5 -1.03419e-13 0)
(1.5 -2.02459e-13 0)
(1.5 -4.13826e-13 0)
(1.5 -4.278e-13 0)
(1.5 -3.81376e-13 0)
(1.5 -2.50711e-13 0)
(1.5 -2.56219e-13 0)
(1.5 -3.50902e-13 0)
(1.5 -3.04891e-13 0)
(1.5 -2.00315e-13 0)
(1.5 -2.02829e-13 0)
(1.5 -1.01128e-13 0)
(1.5 -3.48213e-14 0)
(1.5 -9.4821e-14 0)
(1.5 5.38099e-14 0)
(1.5 1.33331e-13 0)
(1.5 1.32162e-13 0)
(1.5 1.29187e-13 0)
(1.5 2.06701e-13 0)
(1.5 2.04226e-13 0)
(1.5 1.93331e-13 0)
(1.5 1.75616e-13 0)
(1.5 1.74332e-13 0)
(1.5 1.10939e-13 0)
(1.5 2.05649e-14 0)
(1.5 5.24396e-14 0)
(1.5 6.25421e-14 0)
(1.5 9.37427e-14 0)
(1.5 3.29725e-14 0)
(1.5 1.57006e-14 0)
(1.5 -1.19013e-13 0)
(1.5 -1.77307e-13 0)
(1.5 -1.36534e-13 0)
(1.5 -1.5459e-13 0)
(1.5 -1.57323e-13 0)
(1.5 -7.0065e-14 0)
(1.5 3.4836e-14 0)
(1.5 -5.99973e-14 0)
(1.5 -2.31659e-13 0)
(1.5 -3.13326e-13 0)
(1.5 -3.64382e-13 0)
(1.5 -2.90722e-13 0)
(1.5 -2.11519e-13 0)
(1.5 -3.29909e-13 0)
(1.5 -2.7034e-13 0)
(1.5 -1.45132e-13 0)
(1.5 -1.81061e-13 0)
(1.5 -1.71497e-13 0)
(1.5 -9.58256e-14 0)
(1.5 -4.55674e-14 0)
(1.5 -5.16308e-14 0)
(1.5 -3.85694e-14 0)
(1.5 2.37985e-14 0)
(1.5 8.39584e-14 0)
(1.5 7.94943e-14 0)
(1.5 8.49113e-14 0)
(1.5 -5.15835e-14 0)
(1.5 -1.58159e-13 0)
(1.5 -4.30697e-13 0)
(1.5 -5.51195e-13 0)
(1.5 -5.99032e-13 0)
(1.5 -5.77737e-13 0)
(1.5 -5.12713e-13 0)
(1.5 -3.8159e-13 0)
(1.5 -2.40873e-13 0)
(1.5 -2.12029e-13 0)
(1.5 -1.7925e-13 0)
(1.5 -1.16954e-13 0)
(1.5 -1.65097e-13 0)
(1.5 -1.04369e-14 0)
(1.5 8.65126e-14 0)
(1.5 1.85248e-13 0)
(1.5 2.98379e-13 0)
(1.5 2.57616e-13 0)
(1.5 1.22524e-13 0)
(1.5 -3.91567e-14 0)
(1.5 -2.1645e-13 0)
(1.5 -2.91728e-13 0)
(1.5 -2.60374e-13 0)
(1.5 -2.20704e-13 0)
(1.5 -1.70777e-13 0)
(1.5 -2.65299e-13 0)
(1.5 -2.49903e-13 0)
(1.5 -3.28517e-13 0)
(1.5 -2.87232e-13 0)
(1.5 -1.46576e-13 0)
(1.5 -1.73988e-13 0)
(1.5 -1.10819e-13 0)
(1.5 -1.21395e-13 0)
(1.5 -3.04188e-13 0)
(1.5 -3.39081e-14 0)
(1.5 -2.22321e-14 0)
(1.5 -5.06397e-14 0)
(1.5 -6.10657e-15 0)
(1.5 -7.65135e-14 0)
(1.5 -1.62614e-13 0)
(1.5 -1.96134e-13 0)
(1.5 -1.51951e-13 0)
(1.5 -1.08377e-13 0)
(1.5 -1.36324e-13 0)
(1.5 -1.67426e-13 0)
(1.5 -1.91391e-14 0)
(1.5 8.44323e-14 0)
(1.5 1.10696e-13 0)
(1.5 7.20861e-14 0)
(1.5 -7.52928e-14 0)
(1.5 -7.54469e-14 0)
(1.5 -8.33519e-14 0)
(1.5 -5.50042e-14 0)
(1.5 2.87944e-15 0)
(1.5 -9.77625e-14 0)
(1.5 -1.46892e-13 0)
(1.5 -1.69222e-13 0)
(1.5 -1.96392e-13 0)
(1.5 -1.24021e-13 0)
(1.5 -1.8079e-13 0)
(1.5 -1.16749e-13 0)
(1.5 -9.83773e-14 0)
(1.5 -8.80834e-14 0)
(1.5 -6.96137e-14 0)
(1.5 -9.58529e-14 0)
(1.5 -6.85956e-14 0)
(1.5 -6.45348e-14 0)
(1.5 -2.00538e-14 0)
(1.5 -3.65667e-14 0)
(1.5 9.03371e-15 0)
(1.5 3.86795e-14 0)
(1.5 2.13165e-13 0)
(1.5 3.26718e-13 0)
(1.5 3.56938e-13 0)
(1.5 2.99401e-13 0)
(1.5 2.36423e-13 0)
(1.5 6.30839e-14 0)
(1.5 4.77511e-14 0)
(1.5 -2.80519e-14 0)
(1.5 -8.21682e-14 0)
(1.5 -1.26671e-14 0)
(1.5 8.77267e-14 0)
(1.5 3.51807e-14 0)
(1.5 5.38003e-14 0)
(1.5 1.15083e-13 0)
(1.5 6.71224e-14 0)
(1.5 9.37052e-14 0)
(1.5 9.65629e-14 0)
(1.5 7.68211e-14 0)
(1.5 7.47118e-14 0)
(1.5 1.10471e-13 0)
(1.5 1.20164e-14 0)
(1.5 1.11895e-13 0)
(1.5 1.39082e-13 0)
(1.5 2.36438e-13 0)
(1.5 2.21398e-13 0)
(1.5 2.25779e-13 0)
(1.5 2.48768e-13 0)
(1.5 3.02656e-13 0)
(1.5 2.98279e-13 0)
(1.5 3.1998e-13 0)
(1.5 2.36552e-13 0)
(1.5 1.42293e-13 0)
(1.5 2.45262e-13 0)
(1.5 2.89393e-13 0)
(1.5 2.40652e-13 0)
(1.5 1.89541e-13 0)
(1.5 9.49252e-14 0)
(1.5 -8.54078e-14 0)
(1.5 -4.68008e-14 0)
(1.5 -1.10985e-13 0)
(1.5 -4.51961e-14 0)
(1.5 2.02817e-14 0)
(1.5 5.68164e-14 0)
(1.5 1.56861e-13 0)
(1.5 1.37511e-13 0)
(1.5 2.21983e-14 0)
(1.5 1.3217e-14 0)
(1.5 1.42793e-13 0)
(1.5 1.55309e-13 0)
(1.5 2.12864e-13 0)
(1.5 1.41169e-13 0)
(1.5 1.75727e-13 0)
(1.5 1.69918e-13 0)
(1.5 1.36432e-13 0)
(1.5 1.22734e-13 0)
(1.5 8.83564e-14 0)
(1.5 4.87677e-14 0)
(1.5 -3.82934e-14 0)
(1.5 -1.36744e-13 0)
(1.5 -1.13999e-13 0)
(1.5 -1.2346e-13 0)
(1.5 -1.3802e-13 0)
(1.5 -1.45416e-13 0)
(1.5 -1.09374e-13 0)
(1.5 -2.24895e-14 0)
(1.5 -2.33614e-14 0)
(1.5 -6.4427e-14 0)
(1.5 -8.00041e-14 0)
(1.5 -1.04502e-13 0)
(1.5 -6.99211e-14 0)
(1.5 -2.25584e-13 0)
(1.5 -1.97907e-13 0)
(1.5 -2.7074e-13 0)
(1.5 -3.79054e-13 0)
(1.5 -4.10863e-13 0)
(1.5 -5.31719e-13 0)
(1.5 -5.66034e-13 0)
(1.5 -4.85244e-13 0)
(1.5 -4.23883e-13 0)
(1.5 -4.4948e-13 0)
(1.5 -5.18212e-13 0)
(1.5 -2.81539e-13 0)
(1.5 -7.94056e-14 0)
(1.5 -1.73593e-13 0)
(1.5 -5.96681e-14 0)
(1.5 4.22616e-14 0)
(1.5 6.57873e-14 0)
(1.5 1.74525e-13 0)
(1.5 1.95391e-13 0)
(1.5 1.40776e-13 0)
(1.5 6.19804e-14 0)
(1.5 1.19349e-13 0)
(1.5 1.74153e-13 0)
(1.5 2.18173e-13 0)
(1.5 1.84961e-13 0)
(1.5 1.03683e-13 0)
(1.5 9.60816e-14 0)
(1.5 5.72646e-14 0)
(1.5 4.05903e-14 0)
(1.5 -4.01648e-14 0)
(1.5 -6.52421e-14 0)
(1.5 -1.37222e-13 0)
(1.5 -1.57259e-13 0)
(1.5 -1.896e-13 0)
(1.5 -1.8906e-13 0)
(1.5 -2.27173e-13 0)
(1.5 -3.02788e-13 0)
(1.5 -3.43449e-13 0)
(1.5 -3.14746e-13 0)
(1.5 -1.81035e-13 0)
(1.5 -1.94797e-13 0)
(1.5 -2.56483e-13 0)
(1.5 -2.58361e-13 0)
(1.5 -3.49732e-13 0)
(1.5 -3.24174e-13 0)
(1.5 -2.45226e-13 0)
(1.5 -3.21183e-13 0)
(1.5 -3.92942e-13 0)
(1.5 -3.9701e-13 0)
(1.5 -4.65176e-13 0)
(1.5 -3.55336e-13 0)
(1.5 -1.92046e-13 0)
(1.5 -6.90341e-14 0)
(1.5 -4.89165e-14 0)
(1.5 -3.01687e-14 0)
(1.5 2.34801e-14 0)
(1.5 7.31313e-14 0)
(1.5 -2.16267e-14 0)
(1.5 -5.00289e-17 0)
(1.5 -1.4413e-13 0)
(1.5 -2.66747e-13 0)
(1.5 -4.73098e-13 0)
(1.5 -5.85349e-13 0)
(1.5 -6.10895e-13 0)
(1.5 -6.63016e-13 0)
(1.5 -5.4745e-13 0)
(1.5 -3.35052e-13 0)
(1.5 -2.51134e-13 0)
(1.5 -1.96568e-13 0)
(1.5 -2.80331e-13 0)
(1.5 -3.05429e-13 0)
(1.5 -3.51275e-13 0)
(1.5 -3.04169e-13 0)
(1.5 -1.94368e-13 0)
(1.5 -6.56881e-14 0)
(1.5 2.40669e-14 0)
(1.5 2.62899e-14 0)
(1.5 1.21129e-13 0)
(1.5 -2.02796e-15 0)
(1.5 -1.14595e-13 0)
(1.5 -2.31095e-13 0)
(1.5 -2.24394e-13 0)
(1.5 -2.10205e-13 0)
(1.5 -1.6495e-13 0)
(1.5 -2.99873e-13 0)
(1.5 -3.81137e-13 0)
(1.5 -4.52149e-13 0)
(1.5 -3.89037e-13 0)
(1.5 -2.23439e-13 0)
(1.5 -2.13781e-13 0)
(1.5 -9.6587e-14 0)
(1.5 -3.76696e-14 0)
(1.5 -1.33155e-13 0)
(1.5 -1.16898e-13 0)
(1.5 -1.33652e-13 0)
(1.5 -1.12545e-13 0)
(1.5 -5.228e-14 0)
(1.5 -5.02983e-14 0)
(1.5 -4.29937e-14 0)
(1.5 -6.63657e-14 0)
(1.5 -9.46282e-14 0)
(1.5 -1.24095e-13 0)
(1.5 -1.39591e-13 0)
(1.5 -1.4921e-13 0)
(1.5 -4.89272e-15 0)
(1.5 3.97625e-14 0)
(1.5 4.43196e-14 0)
(1.5 6.93648e-14 0)
(1.5 5.41514e-14 0)
(1.5 1.78344e-13 0)
(1.5 8.48651e-14 0)
(1.5 1.20232e-14 0)
(1.5 -8.28359e-14 0)
(1.5 -1.7061e-13 0)
(1.5 -2.64849e-13 0)
(1.5 -3.1402e-13 0)
(1.5 -2.28179e-13 0)
(1.5 -2.13895e-13 0)
(1.5 -2.60843e-13 0)
(1.5 -2.76397e-13 0)
(1.5 -2.96232e-13 0)
(1.5 -3.10244e-13 0)
(1.5 -2.81568e-13 0)
(1.5 -3.10712e-13 0)
(1.5 -2.4717e-13 0)
(1.5 -1.86909e-13 0)
(1.5 -1.08467e-13 0)
(1.5 -2.66043e-14 0)
(1.5 -3.78645e-14 0)
(1.5 -4.11269e-14 0)
(1.5 1.11156e-13 0)
(1.5 1.46961e-13 0)
(1.5 1.5215e-13 0)
(1.5 1.22913e-13 0)
(1.5 1.11792e-13 0)
(1.5 5.14257e-15 0)
(1.5 -7.12078e-14 0)
(1.5 -1.89887e-13 0)
(1.5 -1.71079e-13 0)
(1.5 -5.07738e-14 0)
(1.5 7.58438e-14 0)
(1.5 3.34996e-14 0)
(1.5 -3.10742e-14 0)
(1.5 -5.52828e-14 0)
(1.5 -7.80833e-14 0)
(1.5 5.44166e-14 0)
(1.5 8.76525e-14 0)
(1.5 2.36995e-14 0)
(1.5 -2.2475e-14 0)
(1.5 -1.55267e-15 0)
(1.5 1.01342e-14 0)
(1.5 7.40281e-14 0)
(1.5 1.16575e-13 0)
(1.5 2.05256e-13 0)
(1.5 1.37837e-13 0)
(1.5 1.756e-13 0)
(1.5 1.70657e-13 0)
(1.5 1.80821e-13 0)
(1.5 2.2835e-13 0)
(1.5 2.24875e-13 0)
(1.5 2.12445e-13 0)
(1.5 6.70993e-14 0)
(1.5 2.11285e-13 0)
(1.5 3.78906e-13 0)
(1.5 3.73164e-13 0)
(1.5 2.67867e-13 0)
(1.5 1.80801e-13 0)
(1.5 6.91139e-14 0)
(1.5 1.16418e-13 0)
(1.5 5.71287e-14 0)
(1.5 -5.62993e-14 0)
(1.5 -8.96055e-14 0)
(1.5 -2.94657e-14 0)
(1.5 1.01926e-13 0)
(1.5 1.16758e-13 0)
(1.5 6.46765e-14 0)
(1.5 1.08362e-13 0)
(1.5 2.70233e-13 0)
(1.5 3.42675e-13 0)
(1.5 3.26234e-13 0)
(1.5 2.32698e-13 0)
(1.5 1.27412e-13 0)
(1.5 8.81223e-14 0)
(1.5 2.30246e-14 0)
(1.5 2.17622e-14 0)
(1.5 3.3196e-14 0)
(1.5 7.92955e-14 0)
(1.5 3.47296e-14 0)
(1.5 -1.00657e-13 0)
(1.5 -6.65604e-14 0)
(1.5 -8.53476e-14 0)
(1.5 -2.09382e-14 0)
(1.5 5.97246e-14 0)
(1.5 5.08237e-14 0)
(1.5 1.16211e-13 0)
(1.5 1.21107e-13 0)
(1.5 5.18684e-14 0)
(1.5 5.27933e-14 0)
(1.5 -4.19116e-15 0)
(1.5 -1.26025e-14 0)
(1.5 -1.74753e-13 0)
(1.5 -1.46834e-13 0)
(1.5 -1.88705e-13 0)
(1.5 -2.74173e-13 0)
(1.5 -2.50755e-13 0)
(1.5 -3.38418e-13 0)
(1.5 -4.39783e-13 0)
(1.5 -4.37598e-13 0)
(1.5 -4.19615e-13 0)
(1.5 -3.67508e-13 0)
(1.5 -3.49958e-13 0)
(1.5 -1.48355e-13 0)
(1.5 4.12104e-15 0)
(1.5 1.46755e-14 0)
(1.5 5.97003e-14 0)
(1.5 1.12238e-13 0)
(1.5 2.29879e-13 0)
(1.5 1.94266e-13 0)
(1.5 1.79981e-13 0)
(1.5 1.57944e-13 0)
(1.5 9.03105e-14 0)
(1.5 7.64608e-14 0)
(1.5 1.38416e-13 0)
(1.5 1.6425e-13 0)
(1.5 5.59084e-14 0)
(1.5 -4.04236e-14 0)
(1.5 -1.47022e-14 0)
(1.5 5.25301e-14 0)
(1.5 -3.10571e-15 0)
(1.5 -8.53914e-14 0)
(1.5 -1.36099e-13 0)
(1.5 -1.71739e-13 0)
(1.5 -1.1411e-13 0)
(1.5 -9.21678e-14 0)
(1.5 -6.38592e-14 0)
(1.5 -2.62799e-13 0)
(1.5 -4.20698e-13 0)
(1.5 -4.0628e-13 0)
(1.5 -3.85649e-13 0)
(1.5 -3.75392e-13 0)
(1.5 -2.68344e-13 0)
(1.5 -2.29855e-13 0)
(1.5 -2.05177e-13 0)
(1.5 -2.25432e-13 0)
(1.5 -2.16821e-13 0)
(1.5 -3.23961e-13 0)
(1.5 -2.81829e-13 0)
(1.5 -3.66193e-13 0)
(1.5 -3.21439e-13 0)
(1.5 -3.26427e-13 0)
(1.5 -2.73226e-13 0)
(1.5 -1.55381e-13 0)
(1.5 -1.87003e-14 0)
(1.5 6.10936e-14 0)
(1.5 8.61685e-14 0)
(1.5 8.09725e-14 0)
(1.5 3.34103e-14 0)
(1.5 -1.28178e-13 0)
(1.5 -1.44672e-13 0)
(1.5 -2.47947e-13 0)
(1.5 -3.38402e-13 0)
(1.5 -3.53961e-13 0)
(1.5 -3.75913e-13 0)
(1.5 -3.36219e-13 0)
(1.5 -3.85472e-13 0)
(1.5 -3.87488e-13 0)
(1.5 -2.69367e-13 0)
(1.5 -1.49158e-13 0)
(1.5 -1.43167e-13 0)
(1.5 -2.88421e-13 0)
(1.5 -3.61939e-13 0)
(1.5 -3.7346e-13 0)
(1.5 -4.28563e-13 0)
(1.5 -3.81938e-13 0)
(1.5 -3.03511e-13 0)
(1.5 -2.34873e-13 0)
(1.5 -1.05231e-13 0)
(1.5 3.4114e-14 0)
(1.5 -7.34459e-14 0)
(1.5 -1.05305e-13 0)
(1.5 -1.36162e-13 0)
(1.5 -2.0495e-13 0)
(1.5 -1.30099e-13 0)
(1.5 -1.24566e-13 0)
(1.5 -2.04115e-13 0)
(1.5 -4.06431e-13 0)
(1.5 -4.8313e-13 0)
(1.5 -4.26546e-13 0)
(1.5 -3.11742e-13 0)
(1.5 -2.10543e-13 0)
(1.5 -1.9665e-13 0)
(1.5 -1.01563e-13 0)
(1.5 -5.93056e-14 0)
(1.5 -7.99081e-14 0)
(1.5 -1.09427e-13 0)
(1.5 -6.81785e-14 0)
(1.5 -2.71086e-14 0)
(1.5 3.86855e-14 0)
(1.5 7.32404e-14 0)
(1.5 3.25857e-14 0)
(1.5 -7.13729e-14 0)
(1.5 -7.6867e-14 0)
(1.5 9.10774e-15 0)
(1.5 1.30983e-14 0)
(1.5 2.8178e-14 0)
(1.5 -4.23949e-15 0)
(1.5 8.14702e-15 0)
(1.5 5.94687e-14 0)
(1.5 1.39363e-13 0)
(1.5 2.41981e-13 0)
(1.5 2.29191e-13 0)
(1.5 6.04637e-14 0)
(1.5 -1.05516e-13 0)
(1.5 -9.18413e-14 0)
(1.5 -1.17879e-13 0)
(1.5 -1.12956e-13 0)
(1.5 -5.55855e-14 0)
(1.5 -1.6288e-13 0)
(1.5 -1.67722e-13 0)
(1.5 -2.57577e-13 0)
(1.5 -2.56634e-13 0)
(1.5 -3.20985e-13 0)
(1.5 -2.97961e-13 0)
(1.5 -3.29633e-13 0)
(1.5 -2.47131e-13 0)
(1.5 -1.75592e-13 0)
(1.5 -8.0112e-14 0)
(1.5 3.7081e-14 0)
(1.5 -2.81865e-14 0)
(1.5 -4.30023e-14 0)
(1.5 3.07497e-14 0)
(1.5 6.74823e-14 0)
(1.5 3.09877e-14 0)
(1.5 4.37984e-14 0)
(1.5 1.03571e-13 0)
(1.5 1.11585e-13 0)
(1.5 2.18044e-14 0)
(1.5 -2.06922e-14 0)
(1.5 4.11407e-14 0)
(1.5 5.07146e-14 0)
(1.5 1.6199e-13 0)
(1.5 1.34768e-13 0)
(1.5 2.1228e-14 0)
(1.5 -9.79683e-15 0)
(1.5 -6.90916e-14 0)
(1.5 8.53158e-15 0)
(1.5 5.1684e-14 0)
(1.5 5.23155e-14 0)
(1.5 -4.13632e-15 0)
(1.5 8.67619e-15 0)
(1.5 1.53183e-13 0)
(1.5 1.09248e-13 0)
(1.5 8.02173e-14 0)
(1.5 1.55754e-13 0)
(1.5 1.25453e-13 0)
(1.5 2.3493e-13 0)
(1.5 2.01102e-13 0)
(1.5 1.67346e-13 0)
(1.5 2.9389e-13 0)
(1.5 2.99699e-13 0)
(1.5 3.16059e-13 0)
(1.5 2.09164e-13 0)
(1.5 2.03033e-13 0)
(1.5 3.33715e-13 0)
(1.5 3.95904e-13 0)
(1.5 3.81092e-13 0)
(1.5 2.28607e-13 0)
(1.5 1.64649e-13 0)
(1.5 1.72693e-13 0)
(1.5 1.77113e-13 0)
(1.5 1.09055e-13 0)
(1.5 2.52742e-14 0)
(1.5 1.31256e-14 0)
(1.5 8.4995e-14 0)
(1.5 8.34835e-14 0)
(1.5 1.20465e-13 0)
(1.5 2.00047e-13 0)
(1.5 3.46535e-13 0)
(1.5 4.68692e-13 0)
(1.5 3.95187e-13 0)
(1.5 3.01292e-13 0)
(1.5 1.72289e-13 0)
(1.5 1.27427e-13 0)
(1.5 1.52622e-13 0)
(1.5 1.16394e-13 0)
(1.5 1.41507e-13 0)
(1.5 3.82141e-14 0)
(1.5 3.9047e-14 0)
(1.5 7.19044e-14 0)
(1.5 1.12564e-13 0)
(1.5 1.32711e-13 0)
(1.5 1.09181e-13 0)
(1.5 1.91762e-13 0)
(1.5 1.33359e-13 0)
(1.5 1.147e-13 0)
(1.5 6.60275e-14 0)
(1.5 6.77899e-16 0)
(1.5 -1.63097e-14 0)
(1.5 -4.70413e-14 0)
(1.5 -2.40487e-14 0)
(1.5 -6.82967e-14 0)
(1.5 -2.94773e-14 0)
(1.5 -1.40777e-14 0)
(1.5 -2.45652e-14 0)
(1.5 -4.54338e-16 0)
(1.5 -9.0056e-14 0)
(1.5 -2.30228e-13 0)
(1.5 -3.10876e-13 0)
(1.5 -3.2475e-13 0)
(1.5 -2.8517e-13 0)
(1.5 -1.8165e-13 0)
(1.5 -1.76941e-13 0)
(1.5 -1.8695e-13 0)
(1.5 -9.40555e-14 0)
(1.5 -7.16872e-15 0)
(1.5 3.01519e-14 0)
(1.5 1.79204e-13 0)
(1.5 1.36481e-13 0)
(1.5 1.98164e-13 0)
(1.5 3.28118e-13 0)
(1.5 2.59453e-13 0)
(1.5 1.44621e-13 0)
(1.5 1.33611e-13 0)
(1.5 1.04444e-13 0)
(1.5 1.24298e-13 0)
(1.5 3.59183e-14 0)
(1.5 6.21828e-14 0)
(1.5 6.60448e-14 0)
(1.5 -5.1238e-14 0)
(1.5 -8.24506e-15 0)
(1.5 -6.74775e-14 0)
(1.5 -5.31328e-14 0)
(1.5 -5.88325e-14 0)
(1.5 -7.72295e-14 0)
(1.5 -7.62689e-14 0)
(1.5 -2.19274e-13 0)
(1.5 -4.06126e-13 0)
(1.5 -4.43374e-13 0)
(1.5 -4.9063e-13 0)
(1.5 -5.45326e-13 0)
(1.5 -3.98074e-13 0)
(1.5 -3.04392e-13 0)
(1.5 -2.52777e-13 0)
(1.5 -2.13468e-13 0)
(1.5 -1.81381e-13 0)
(1.5 -3.84235e-13 0)
(1.5 -2.68373e-13 0)
(1.5 -1.71399e-13 0)
(1.5 -6.08762e-14 0)
(1.5 -5.54245e-14 0)
(1.5 -4.62951e-14 0)
(1.5 -1.07727e-13 0)
(1.5 -1.50885e-13 0)
(1.5 -1.1704e-13 0)
(1.5 -5.1024e-14 0)
(1.5 7.09308e-14 0)
(1.5 -5.10352e-14 0)
(1.5 -1.59706e-13 0)
(1.5 -2.54097e-13 0)
(1.5 -3.0398e-13 0)
(1.5 -2.80482e-13 0)
(1.5 -1.61575e-13 0)
(1.5 -1.03826e-13 0)
(1.5 -9.05021e-14 0)
(1.5 -7.62646e-14 0)
(1.5 -2.33218e-13 0)
(1.5 -1.76385e-13 0)
(1.5 -9.86897e-14 0)
(1.5 -1.80863e-13 0)
(1.5 -2.68296e-13 0)
(1.5 -3.4979e-13 0)
(1.5 -3.06002e-13 0)
(1.5 -3.88232e-13 0)
(1.5 -4.39011e-13 0)
(1.5 -4.43163e-13 0)
(1.5 -3.91972e-13 0)
(1.5 -2.2345e-13 0)
(1.5 -1.51346e-13 0)
(1.5 -1.37126e-13 0)
(1.5 -9.81184e-14 0)
(1.5 -1.56329e-13 0)
(1.5 -2.42614e-13 0)
(1.5 -2.07705e-13 0)
(1.5 -2.88209e-13 0)
(1.5 -2.61956e-13 0)
(1.5 -3.7005e-13 0)
(1.5 -4.12478e-13 0)
(1.5 -4.08995e-13 0)
(1.5 -3.85459e-13 0)
(1.5 -2.03341e-13 0)
(1.5 -2.84108e-13 0)
(1.5 -1.87309e-13 0)
(1.5 -6.89289e-14 0)
(1.5 1.45796e-14 0)
(1.5 -1.1654e-14 0)
(1.5 -6.83868e-15 0)
(1.5 9.64988e-15 0)
(1.5 1.27415e-13 0)
(1.5 1.30501e-13 0)
(1.5 8.37967e-15 0)
(1.5 -1.14414e-13 0)
(1.5 -1.6417e-13 0)
(1.5 -2.70198e-14 0)
(1.5 5.3279e-14 0)
(1.5 -3.50447e-14 0)
(1.5 -1.07699e-13 0)
(1.5 -1.28429e-13 0)
(1.5 -3.15633e-14 0)
(1.5 4.31299e-14 0)
(1.5 5.08458e-14 0)
(1.5 8.06593e-14 0)
(1.5 -4.87353e-14 0)
(1.5 -1.45205e-13 0)
(1.5 -5.82159e-14 0)
(1.5 1.41719e-16 0)
(1.5 4.60723e-14 0)
(1.5 -1.27441e-14 0)
(1.5 -9.65204e-14 0)
(1.5 -7.1804e-14 0)
(1.5 -1.92749e-13 0)
(1.5 -1.05899e-13 0)
(1.5 -1.75092e-13 0)
(1.5 -2.10195e-13 0)
(1.5 -2.33604e-13 0)
(1.5 -1.90084e-13 0)
(1.5 -9.00916e-14 0)
(1.5 -1.64041e-14 0)
(1.5 3.34347e-14 0)
(1.5 -5.51389e-14 0)
(1.5 -6.56267e-14 0)
(1.5 -5.18686e-14 0)
(1.5 1.33151e-14 0)
(1.5 -1.96242e-14 0)
(1.5 -5.71408e-15 0)
(1.5 2.12352e-14 0)
(1.5 1.05351e-13 0)
(1.5 9.62691e-14 0)
(1.5 1.76154e-13 0)
(1.5 2.2279e-13 0)
(1.5 1.8775e-13 0)
(1.5 2.01624e-13 0)
(1.5 1.96109e-13 0)
(1.5 6.45289e-14 0)
(1.5 1.00061e-14 0)
(1.5 -2.79925e-14 0)
(1.5 -7.58921e-14 0)
(1.5 -7.0525e-14 0)
(1.5 1.22537e-14 0)
(1.5 1.57948e-14 0)
(1.5 3.1578e-14 0)
(1.5 1.96059e-13 0)
(1.5 1.42447e-13 0)
(1.5 5.86362e-14 0)
(1.5 8.59083e-14 0)
(1.5 1.68713e-13 0)
(1.5 3.09433e-13 0)
(1.5 3.07014e-13 0)
(1.5 2.5767e-13 0)
(1.5 3.72857e-13 0)
(1.5 3.39034e-13 0)
(1.5 2.84514e-13 0)
(1.5 2.79761e-13 0)
(1.5 1.94977e-13 0)
(1.5 2.87934e-13 0)
(1.5 3.29662e-13 0)
(1.5 3.92359e-13 0)
(1.5 2.52709e-13 0)
(1.5 2.22957e-13 0)
(1.5 1.32152e-13 0)
(1.5 1.11029e-13 0)
(1.5 1.39909e-13 0)
(1.5 1.05747e-13 0)
(1.5 8.82805e-14 0)
(1.5 3.3116e-14 0)
(1.5 3.25519e-14 0)
(1.5 5.78947e-14 0)
(1.5 8.32646e-14 0)
(1.5 1.75382e-13 0)
(1.5 3.35304e-13 0)
(1.5 2.9199e-13 0)
(1.5 2.7212e-13 0)
(1.5 2.19299e-13 0)
(1.5 9.34103e-14 0)
(1.5 2.42285e-13 0)
(1.5 2.08376e-13 0)
(1.5 2.50002e-13 0)
(1.5 1.06322e-13 0)
(1.5 3.35174e-14 0)
(1.5 1.21109e-13 0)
(1.5 1.46656e-13 0)
(1.5 2.11378e-13 0)
(1.5 1.65314e-13 0)
(1.5 1.73135e-13 0)
(1.5 1.32973e-13 0)
(1.5 1.26775e-13 0)
(1.5 -1.32885e-14 0)
(1.5 -9.56413e-14 0)
(1.5 -2.26959e-13 0)
(1.5 -2.45139e-13 0)
(1.5 -2.17589e-13 0)
(1.5 -1.75067e-13 0)
(1.5 -1.19805e-13 0)
(1.5 -5.14176e-14 0)
(1.5 6.43108e-14 0)
(1.5 6.3726e-14 0)
(1.5 1.1307e-15 0)
(1.5 -1.66458e-13 0)
(1.5 -2.9343e-13 0)
(1.5 -3.81683e-13 0)
(1.5 -3.46239e-13 0)
(1.5 -2.01528e-13 0)
(1.5 -2.4939e-13 0)
(1.5 -3.53322e-13 0)
(1.5 -2.9472e-13 0)
(1.5 -1.37994e-13 0)
(1.5 -2.24396e-14 0)
(1.5 1.05925e-13 0)
(1.5 1.26184e-13 0)
(1.5 2.80267e-13 0)
(1.5 4.81465e-13 0)
(1.5 4.56115e-13 0)
(1.5 3.00606e-13 0)
(1.5 2.10057e-13 0)
(1.5 1.45891e-13 0)
(1.5 1.90826e-13 0)
(1.5 1.2532e-13 0)
(1.5 1.08204e-13 0)
(1.5 3.23139e-14 0)
(1.5 -1.1568e-13 0)
(1.5 -1.22195e-13 0)
(1.5 -1.20007e-13 0)
(1.5 -4.14501e-14 0)
(1.5 -1.35695e-13 0)
(1.5 -1.65031e-13 0)
(1.5 -1.41235e-13 0)
(1.5 -1.59924e-13 0)
(1.5 -3.05311e-13 0)
(1.5 -4.13076e-13 0)
(1.5 -4.91884e-13 0)
(1.5 -4.68922e-13 0)
(1.5 -4.2656e-13 0)
(1.5 -3.49106e-13 0)
(1.5 -2.62732e-13 0)
(1.5 -2.73826e-13 0)
(1.5 -2.78747e-13 0)
(1.5 -3.33655e-13 0)
(1.5 -2.75668e-13 0)
(1.5 -2.11402e-13 0)
(1.5 -1.25758e-13 0)
(1.5 -7.09519e-14 0)
(1.5 -2.60739e-14 0)
(1.5 -1.07262e-13 0)
(1.5 -2.45215e-13 0)
(1.5 -2.56883e-13 0)
(1.5 -1.36012e-13 0)
(1.5 2.69744e-14 0)
(1.5 1.31567e-15 0)
(1.5 -1.02188e-13 0)
(1.5 -2.45244e-13 0)
(1.5 -2.68819e-13 0)
(1.5 -2.23679e-13 0)
(1.5 -1.53273e-13 0)
(1.5 -1.07139e-13 0)
(1.5 -1.41195e-13 0)
(1.5 -9.92357e-14 0)
(1.5 -1.70873e-13 0)
(1.5 -1.55518e-13 0)
(1.5 -2.06722e-13 0)
(1.5 -2.21491e-13 0)
(1.5 -1.96293e-13 0)
(1.5 -2.52167e-13 0)
(1.5 -2.58718e-13 0)
(1.5 -2.0326e-13 0)
(1.5 -2.8747e-13 0)
(1.5 -3.72182e-13 0)
(1.5 -3.73834e-13 0)
(1.5 -3.41187e-13 0)
(1.5 -1.9962e-13 0)
(1.5 -2.62153e-14 0)
(1.5 2.77932e-14 0)
(1.5 -5.02118e-14 0)
(1.5 -1.00805e-13 0)
(1.5 -2.29863e-13 0)
(1.5 -4.22842e-13 0)
(1.5 -4.1667e-13 0)
(1.5 -4.18512e-13 0)
(1.5 -4.14815e-13 0)
(1.5 -3.53293e-13 0)
(1.5 -3.68246e-13 0)
(1.5 -3.4753e-13 0)
(1.5 -3.37951e-13 0)
(1.5 -3.38665e-13 0)
(1.5 -2.33909e-13 0)
(1.5 2.28516e-15 0)
(1.5 -3.29924e-14 0)
(1.5 -9.37613e-14 0)
(1.5 -1.40336e-13 0)
(1.5 -2.73272e-14 0)
(1.5 5.09132e-14 0)
(1.5 -2.75292e-14 0)
(1.5 -8.21964e-14 0)
(1.5 -1.76666e-13 0)
(1.5 -1.03116e-13 0)
(1.5 -2.21106e-14 0)
(1.5 -1.03798e-13 0)
(1.5 -1.17041e-13 0)
(1.5 -1.32927e-13 0)
(1.5 -4.82709e-14 0)
(1.5 -1.35443e-14 0)
(1.5 -8.0696e-14 0)
(1.5 -6.87423e-14 0)
(1.5 -5.46105e-14 0)
(1.5 1.91817e-14 0)
(1.5 3.84789e-14 0)
(1.5 6.80901e-14 0)
(1.5 5.9446e-14 0)
(1.5 -4.94961e-14 0)
(1.5 -8.33361e-14 0)
(1.5 -8.1793e-14 0)
(1.5 -1.12319e-13 0)
(1.5 2.13851e-14 0)
(1.5 9.58265e-15 0)
(1.5 -8.45359e-14 0)
(1.5 -7.37287e-14 0)
(1.5 -9.34281e-14 0)
(1.5 1.25938e-14 0)
(1.5 4.85807e-14 0)
(1.5 -7.61017e-15 0)
(1.5 -3.87316e-14 0)
(1.5 -4.56248e-14 0)
(1.5 -8.05352e-14 0)
(1.5 -3.52616e-14 0)
(1.5 -5.80123e-14 0)
(1.5 1.19644e-14 0)
(1.5 3.12192e-14 0)
(1.5 1.19555e-13 0)
(1.5 1.69093e-13 0)
(1.5 2.94579e-13 0)
(1.5 3.13297e-13 0)
(1.5 3.0409e-13 0)
(1.5 2.15066e-13 0)
(1.5 2.59195e-13 0)
(1.5 1.66016e-13 0)
(1.5 9.83703e-14 0)
(1.5 7.96791e-14 0)
(1.5 5.5852e-15 0)
(1.5 -7.9416e-14 0)
(1.5 -1.14081e-14 0)
(1.5 9.20313e-14 0)
(1.5 8.56551e-14 0)
(1.5 2.26433e-13 0)
(1.5 2.03789e-13 0)
(1.5 1.55144e-13 0)
(1.5 1.03995e-13 0)
(1.5 1.98189e-13 0)
(1.5 2.83157e-13 0)
(1.5 3.35836e-13 0)
(1.5 3.58365e-13 0)
(1.5 3.78746e-13 0)
(1.5 3.23241e-13 0)
(1.5 2.07021e-13 0)
(1.5 2.83668e-13 0)
(1.5 2.56845e-13 0)
(1.5 3.59152e-13 0)
(1.5 4.00526e-13 0)
(1.5 4.00052e-13 0)
(1.5 3.3172e-13 0)
(1.5 2.57435e-13 0)
(1.5 1.59804e-13 0)
(1.5 5.498e-14 0)
(1.5 6.26615e-14 0)
(1.5 9.76623e-14 0)
(1.5 1.34764e-13 0)
(1.5 2.14492e-15 0)
(1.5 -2.71062e-14 0)
(1.5 1.06959e-13 0)
(1.5 6.25211e-14 0)
(1.5 4.73207e-14 0)
(1.5 1.46366e-13 0)
(1.5 2.13718e-13 0)
(1.5 3.44178e-13 0)
(1.5 2.68419e-13 0)
(1.5 6.99828e-14 0)
(1.5 1.7181e-13 0)
(1.5 1.56202e-13 0)
(1.5 1.83918e-13 0)
(1.5 8.77297e-14 0)
(1.5 1.11146e-15 0)
(1.5 1.33722e-13 0)
(1.5 1.02313e-13 0)
(1.5 1.33098e-13 0)
(1.5 7.20617e-14 0)
(1.5 3.81249e-14 0)
(1.5 2.47846e-14 0)
(1.5 4.88563e-14 0)
(1.5 -8.29849e-14 0)
(1.5 -2.14905e-13 0)
(1.5 -3.32037e-13 0)
(1.5 -3.26955e-13 0)
(1.5 -3.44861e-13 0)
(1.5 -2.34423e-13 0)
(1.5 -1.88484e-13 0)
(1.5 -1.09464e-13 0)
(1.5 1.78597e-14 0)
(1.5 -9.91277e-14 0)
(1.5 -5.90358e-14 0)
(1.5 -1.52567e-13 0)
(1.5 -3.52015e-13 0)
(1.5 -5.0502e-13 0)
(1.5 -4.49697e-13 0)
(1.5 -2.74759e-13 0)
(1.5 -3.21142e-13 0)
(1.5 -4.13418e-13 0)
(1.5 -3.19585e-13 0)
(1.5 -1.66028e-13 0)
(1.5 -7.41304e-14 0)
(1.5 -5.80813e-14 0)
(1.5 1.8467e-14 0)
(1.5 2.51124e-13 0)
(1.5 3.82685e-13 0)
(1.5 4.99214e-13 0)
(1.5 4.58765e-13 0)
(1.5 3.44982e-13 0)
(1.5 1.83592e-13 0)
(1.5 1.26468e-13 0)
(1.5 8.35772e-14 0)
(1.5 6.63079e-14 0)
(1.5 1.30868e-14 0)
(1.5 -6.91682e-14 0)
(1.5 -2.10758e-13 0)
(1.5 -2.35976e-13 0)
(1.5 -2.03503e-13 0)
(1.5 -2.09626e-13 0)
(1.5 -1.61363e-13 0)
(1.5 -1.76847e-13 0)
(1.5 -1.8624e-13 0)
(1.5 -2.31667e-13 0)
(1.5 -3.886e-13 0)
(1.5 -3.84527e-13 0)
(1.5 -3.23774e-13 0)
(1.5 -2.90472e-13 0)
(1.5 -2.94193e-13 0)
(1.5 -2.91375e-13 0)
(1.5 -2.93739e-13 0)
(1.5 -2.84453e-13 0)
(1.5 -2.25377e-13 0)
(1.5 -2.49286e-13 0)
(1.5 -2.44649e-13 0)
(1.5 -2.65866e-13 0)
(1.5 -1.8171e-13 0)
(1.5 -1.11305e-13 0)
(1.5 -8.0653e-14 0)
(1.5 -2.41267e-13 0)
(1.5 -2.90987e-13 0)
(1.5 -1.64516e-13 0)
(1.5 -1.31654e-13 0)
(1.5 -4.79879e-14 0)
(1.5 -9.96468e-14 0)
(1.5 -1.42929e-13 0)
(1.5 -1.33152e-13 0)
(1.5 -1.00593e-13 0)
(1.5 -1.71522e-13 0)
(1.5 -2.58555e-13 0)
(1.5 -2.93805e-13 0)
(1.5 -2.61885e-13 0)
(1.5 -2.75225e-13 0)
(1.5 -3.3287e-13 0)
(1.5 -3.64821e-13 0)
(1.5 -2.49701e-13 0)
(1.5 -1.54856e-13 0)
(1.5 -1.63984e-13 0)
(1.5 -2.07931e-13 0)
(1.5 -1.39583e-13 0)
(1.5 -1.41506e-13 0)
(1.5 -1.39806e-13 0)
(1.5 -1.11185e-13 0)
(1.5 -2.17125e-13 0)
(1.5 -2.02992e-13 0)
(1.5 -4.33533e-14 0)
(1.5 -5.68299e-14 0)
(1.5 -6.43807e-14 0)
(1.5 -5.86376e-14 0)
(1.5 -2.3633e-13 0)
(1.5 -3.38286e-13 0)
(1.5 -3.70273e-13 0)
(1.5 -4.23455e-13 0)
(1.5 -4.21921e-13 0)
(1.5 -4.02173e-13 0)
(1.5 -4.49302e-13 0)
(1.5 -5.10964e-13 0)
(1.5 -4.01514e-13 0)
(1.5 -3.70747e-13 0)
(1.5 -3.35272e-13 0)
(1.5 -4.39283e-14 0)
(1.5 -3.24974e-14 0)
(1.5 -1.08224e-13 0)
(1.5 -1.5868e-13 0)
(1.5 -1.62478e-13 0)
(1.5 -8.33307e-14 0)
(1.5 -6.14828e-14 0)
(1.5 -5.93777e-14 0)
(1.5 -1.65888e-13 0)
(1.5 -1.75018e-13 0)
(1.5 -1.97492e-13 0)
(1.5 -1.77609e-13 0)
(1.5 -9.41244e-14 0)
(1.5 -1.32694e-14 0)
(1.5 5.06441e-14 0)
(1.5 4.32397e-14 0)
(1.5 -1.93891e-14 0)
(1.5 3.94345e-14 0)
(1.5 8.09816e-14 0)
(1.5 2.0688e-13 0)
(1.5 1.78837e-13 0)
(1.5 1.11734e-13 0)
(1.5 1.06635e-13 0)
(1.5 7.73095e-15 0)
(1.5 -5.22304e-14 0)
(1.5 -8.29999e-14 0)
(1.5 -1.76893e-14 0)
(1.5 4.91015e-14 0)
(1.5 6.81339e-14 0)
(1.5 4.61425e-14 0)
(1.5 6.81255e-14 0)
(1.5 3.56297e-14 0)
(1.5 9.25385e-14 0)
(1.5 1.30193e-13 0)
(1.5 1.9688e-14 0)
(1.5 -1.85396e-14 0)
(1.5 -5.41571e-14 0)
(1.5 -6.77292e-14 0)
(1.5 -1.98294e-14 0)
(1.5 -6.50053e-14 0)
(1.5 2.96117e-14 0)
(1.5 1.62067e-13 0)
(1.5 2.13058e-13 0)
(1.5 3.44113e-13 0)
(1.5 4.0189e-13 0)
(1.5 3.99655e-13 0)
(1.5 3.17906e-13 0)
(1.5 2.42581e-13 0)
(1.5 2.62822e-13 0)
(1.5 2.94819e-13 0)
(1.5 3.05127e-13 0)
(1.5 2.40818e-13 0)
(1.5 1.74535e-13 0)
(1.5 3.70068e-14 0)
(1.5 1.42927e-14 0)
(1.5 1.48606e-13 0)
(1.5 2.26531e-13 0)
(1.5 2.82397e-13 0)
(1.5 3.03849e-13 0)
(1.5 3.23273e-13 0)
(1.5 1.54274e-13 0)
(1.5 1.81278e-13 0)
(1.5 2.66484e-13 0)
(1.5 3.08971e-13 0)
(1.5 3.4249e-13 0)
(1.5 3.23202e-13 0)
(1.5 3.15381e-13 0)
(1.5 2.34466e-13 0)
(1.5 3.32468e-13 0)
(1.5 3.46485e-13 0)
(1.5 4.49584e-13 0)
(1.5 4.98642e-13 0)
(1.5 3.91277e-13 0)
(1.5 3.72328e-13 0)
(1.5 3.28979e-13 0)
(1.5 2.49556e-13 0)
(1.5 1.18029e-13 0)
(1.5 7.47939e-14 0)
(1.5 8.90238e-14 0)
(1.5 1.66789e-13 0)
(1.5 1.15454e-13 0)
(1.5 4.71772e-14 0)
(1.5 2.37693e-13 0)
(1.5 2.04489e-13 0)
(1.5 1.25396e-13 0)
(1.5 1.39676e-13 0)
(1.5 2.38244e-13 0)
(1.5 3.63661e-13 0)
(1.5 2.70087e-13 0)
(1.5 1.84275e-13 0)
(1.5 1.50787e-13 0)
(1.5 1.64904e-13 0)
(1.5 9.12213e-14 0)
(1.5 4.5021e-14 0)
(1.5 4.01694e-14 0)
(1.5 1.47857e-13 0)
(1.5 9.0808e-14 0)
(1.5 6.30035e-14 0)
(1.5 8.80392e-15 0)
(1.5 -4.62258e-14 0)
(1.5 -7.38498e-14 0)
(1.5 -1.42118e-13 0)
(1.5 -1.29138e-13 0)
(1.5 -2.40988e-13 0)
(1.5 -2.80453e-13 0)
(1.5 -3.19937e-13 0)
(1.5 -3.08439e-13 0)
(1.5 -1.59889e-13 0)
(1.5 -1.59372e-13 0)
(1.5 -9.76152e-14 0)
(1.5 -3.82704e-14 0)
(1.5 -1.3683e-13 0)
(1.5 -1.01566e-13 0)
(1.5 -1.42657e-13 0)
(1.5 -3.27973e-13 0)
(1.5 -5.39701e-13 0)
(1.5 -5.42709e-13 0)
(1.5 -3.88463e-13 0)
(1.5 -4.2039e-13 0)
(1.5 -4.31592e-13 0)
(1.5 -3.45866e-13 0)
(1.5 -2.34925e-13 0)
(1.5 -1.95837e-13 0)
(1.5 -2.34661e-13 0)
(1.5 -9.16669e-14 0)
(1.5 1.05673e-13 0)
(1.5 1.84466e-13 0)
(1.5 3.27718e-13 0)
(1.5 3.43125e-13 0)
(1.5 2.33012e-13 0)
(1.5 6.67508e-14 0)
(1.5 2.7768e-14 0)
(1.5 -1.26229e-14 0)
(1.5 1.95029e-14 0)
(1.5 -2.07092e-14 0)
(1.5 -7.12732e-14 0)
(1.5 -2.31517e-13 0)
(1.5 -3.52599e-13 0)
(1.5 -3.79651e-13 0)
(1.5 -3.34899e-13 0)
(1.5 -2.89228e-13 0)
(1.5 -2.73394e-13 0)
(1.5 -2.74542e-13 0)
(1.5 -2.17544e-13 0)
(1.5 -2.39202e-13 0)
(1.5 -2.06868e-13 0)
(1.5 -1.79077e-13 0)
(1.5 -2.14831e-13 0)
(1.5 -2.4835e-13 0)
(1.5 -3.6516e-13 0)
(1.5 -3.02436e-13 0)
(1.5 -2.49134e-13 0)
(1.5 -2.67763e-13 0)
(1.5 -3.54616e-13 0)
(1.5 -3.19279e-13 0)
(1.5 -2.83769e-13 0)
(1.5 -1.9702e-13 0)
(1.5 -2.03816e-13 0)
(1.5 -1.1831e-13 0)
(1.5 -2.29936e-13 0)
(1.5 -3.25949e-13 0)
(1.5 -2.83375e-13 0)
(1.5 -3.44189e-13 0)
(1.5 -2.80777e-13 0)
(1.5 -1.87407e-13 0)
(1.5 -1.04691e-13 0)
(1.5 -2.92668e-14 0)
(1.5 -2.32969e-14 0)
(1.5 -1.5561e-13 0)
(1.5 -2.93041e-13 0)
(1.5 -3.27327e-13 0)
(1.5 -3.38537e-13 0)
(1.5 -4.49052e-13 0)
(1.5 -5.06179e-13 0)
(1.5 -4.485e-13 0)
(1.5 -2.74138e-13 0)
(1.5 -2.48735e-13 0)
(1.5 -3.0218e-13 0)
(1.5 -2.52717e-13 0)
(1.5 -2.26589e-13 0)
(1.5 -1.62963e-13 0)
(1.5 -4.12729e-14 0)
(1.5 -6.83185e-14 0)
(1.5 -1.60618e-13 0)
(1.5 -2.83364e-13 0)
(1.5 -2.96709e-13 0)
(1.5 -2.96235e-13 0)
(1.5 -3.00838e-13 0)
(1.5 -2.1008e-13 0)
(1.5 -3.03268e-13 0)
(1.5 -3.44657e-13 0)
(1.5 -3.05965e-13 0)
(1.5 -3.45072e-13 0)
(1.5 -3.46078e-13 0)
(1.5 -3.74231e-13 0)
(1.5 -4.71194e-13 0)
(1.5 -4.77157e-13 0)
(1.5 -5.24707e-13 0)
(1.5 -4.17796e-13 0)
(1.5 -3.9101e-13 0)
(1.5 -1.84053e-14 0)
(1.5 8.99528e-14 0)
(1.5 7.64552e-14 0)
(1.5 -1.63447e-14 0)
(1.5 -1.46693e-13 0)
(1.5 -2.15622e-13 0)
(1.5 -1.99001e-13 0)
(1.5 -1.58401e-13 0)
(1.5 -2.31739e-13 0)
(1.5 -2.74873e-13 0)
(1.5 -2.92526e-13 0)
(1.5 -2.25706e-13 0)
(1.5 -1.62736e-13 0)
(1.5 5.00318e-15 0)
(1.5 1.26595e-13 0)
(1.5 1.32045e-13 0)
(1.5 1.48744e-13 0)
(1.5 1.31638e-13 0)
(1.5 8.18587e-14 0)
(1.5 1.1454e-13 0)
(1.5 1.32626e-13 0)
(1.5 4.49976e-14 0)
(1.5 1.79111e-14 0)
(1.5 -9.23457e-14 0)
(1.5 -3.96596e-14 0)
(1.5 -1.1466e-14 0)
(1.5 9.99392e-15 0)
(1.5 -6.68295e-14 0)
(1.5 -5.87519e-14 0)
(1.5 -5.43918e-15 0)
(1.5 -3.20614e-14 0)
(1.5 -3.75552e-14 0)
(1.5 6.95238e-14 0)
(1.5 7.62087e-14 0)
(1.5 1.40996e-14 0)
(1.5 -2.68593e-14 0)
(1.5 -2.32226e-14 0)
(1.5 -4.21017e-14 0)
(1.5 -2.10122e-14 0)
(1.5 -2.42706e-14 0)
(1.5 1.29574e-15 0)
(1.5 1.43366e-13 0)
(1.5 1.87572e-13 0)
(1.5 3.80376e-13 0)
(1.5 4.14176e-13 0)
(1.5 3.6818e-13 0)
(1.5 2.73039e-13 0)
(1.5 2.44351e-13 0)
(1.5 1.86699e-13 0)
(1.5 2.55795e-13 0)
(1.5 3.02937e-13 0)
(1.5 2.53204e-13 0)
(1.5 1.95838e-13 0)
(1.5 8.39701e-14 0)
(1.5 3.85617e-14 0)
(1.5 8.67791e-14 0)
(1.5 1.90013e-13 0)
(1.5 1.80569e-13 0)
(1.5 2.17101e-13 0)
(1.5 2.57875e-13 0)
(1.5 7.02833e-14 0)
(1.5 9.79165e-14 0)
(1.5 1.45e-13 0)
(1.5 1.61787e-13 0)
(1.5 1.49839e-13 0)
(1.5 1.40229e-13 0)
(1.5 1.72638e-13 0)
(1.5 2.34641e-13 0)
(1.5 2.87405e-13 0)
(1.5 2.75712e-13 0)
(1.5 2.99254e-13 0)
(1.5 3.235e-13 0)
(1.5 2.55321e-13 0)
(1.5 2.68811e-13 0)
(1.5 3.73672e-13 0)
(1.5 3.27527e-13 0)
(1.5 2.65131e-13 0)
(1.5 1.94975e-13 0)
(1.5 1.53029e-13 0)
(1.5 1.98684e-13 0)
(1.5 2.47232e-13 0)
(1.5 2.29739e-13 0)
(1.5 3.1589e-13 0)
(1.5 3.16803e-13 0)
(1.5 2.63095e-13 0)
(1.5 1.98126e-13 0)
(1.5 2.49193e-13 0)
(1.5 2.84587e-13 0)
(1.5 3.13683e-13 0)
(1.5 3.99972e-13 0)
(1.5 2.61334e-13 0)
(1.5 2.87766e-13 0)
(1.5 1.74841e-13 0)
(1.5 1.54197e-13 0)
(1.5 1.65647e-13 0)
(1.5 6.03167e-14 0)
(1.5 8.598e-15 0)
(1.5 -3.72986e-14 0)
(1.5 2.97823e-14 0)
(1.5 -2.7636e-14 0)
(1.5 -7.00845e-14 0)
(1.5 -1.84497e-13 0)
(1.5 -1.36975e-13 0)
(1.5 -1.71091e-13 0)
(1.5 -1.49757e-13 0)
(1.5 -2.16287e-13 0)
(1.5 -1.62215e-13 0)
(1.5 -1.11661e-13 0)
(1.5 -1.56341e-13 0)
(1.5 -1.11155e-13 0)
(1.5 -5.65371e-14 0)
(1.5 -3.41493e-14 0)
(1.5 -7.8961e-14 0)
(1.5 -1.28505e-13 0)
(1.5 -1.82352e-13 0)
(1.5 -2.92535e-13 0)
(1.5 -4.40564e-13 0)
(1.5 -4.55554e-13 0)
(1.5 -4.31039e-13 0)
(1.5 -3.81682e-13 0)
(1.5 -3.64888e-13 0)
(1.5 -3.059e-13 0)
(1.5 -2.4508e-13 0)
(1.5 -3.01596e-13 0)
(1.5 -2.3103e-13 0)
(1.5 -2.03935e-13 0)
(1.5 -9.67547e-14 0)
(1.5 2.25968e-14 0)
(1.5 -4.97505e-15 0)
(1.5 -2.85535e-14 0)
(1.5 -6.02748e-14 0)
(1.5 -1.23409e-13 0)
(1.5 -6.68618e-14 0)
(1.5 3.74599e-14 0)
(1.5 8.30369e-15 0)
(1.5 -1.03188e-13 0)
(1.5 -2.25042e-13 0)
(1.5 -4.14921e-13 0)
(1.5 -4.49517e-13 0)
(1.5 -4.14016e-13 0)
(1.5 -4.41812e-13 0)
(1.5 -4.41594e-13 0)
(1.5 -3.82299e-13 0)
(1.5 -2.53111e-13 0)
(1.5 -5.59289e-14 0)
(1.5 -4.15982e-14 0)
(1.5 -6.48105e-14 0)
(1.5 -1.95174e-13 0)
(1.5 -2.50604e-13 0)
(1.5 -3.95268e-13 0)
(1.5 -3.91229e-13 0)
(1.5 -3.56614e-13 0)
(1.5 -3.99915e-13 0)
(1.5 -4.71225e-13 0)
(1.5 -4.22962e-13 0)
(1.5 -3.33422e-13 0)
(1.5 -1.84724e-13 0)
(1.5 -2.1884e-13 0)
(1.5 -2.35218e-13 0)
(1.5 -2.4919e-13 0)
(1.5 -2.91084e-13 0)
(1.5 -2.9169e-13 0)
(1.5 -4.00329e-13 0)
(1.5 -4.1086e-13 0)
(1.5 -2.37879e-13 0)
(1.5 -9.54958e-14 0)
(1.5 1.09009e-14 0)
(1.5 -6.47674e-14 0)
(1.5 -1.50046e-13 0)
(1.5 -2.15425e-13 0)
(1.5 -1.83712e-13 0)
(1.5 -2.29468e-13 0)
(1.5 -4.06412e-13 0)
(1.5 -4.39005e-13 0)
(1.5 -4.51795e-13 0)
(1.5 -3.20399e-13 0)
(1.5 -3.28719e-13 0)
(1.5 -3.5686e-13 0)
(1.5 -2.54449e-13 0)
(1.5 -1.38854e-13 0)
(1.5 -1.05542e-13 0)
(1.5 -6.10344e-14 0)
(1.5 -2.48995e-13 0)
(1.5 -2.87915e-13 0)
(1.5 -3.07553e-13 0)
(1.5 -3.95002e-13 0)
(1.5 -3.57833e-13 0)
(1.5 -4.20576e-13 0)
(1.5 -4.02558e-13 0)
(1.5 -4.09322e-13 0)
(1.5 -4.87259e-13 0)
(1.5 -4.05987e-13 0)
(1.5 -3.78031e-13 0)
(1.5 -3.20156e-13 0)
(1.5 -2.43925e-13 0)
(1.5 -3.36459e-13 0)
(1.5 -3.58831e-13 0)
(1.5 -4.96654e-13 0)
(1.5 -5.51763e-13 0)
(1.5 -4.92322e-13 0)
(1.5 -4.48433e-14 0)
(1.5 5.18037e-14 0)
(1.5 1.59282e-13 0)
(1.5 2.51801e-14 0)
(1.5 -1.60817e-13 0)
(1.5 -3.02442e-13 0)
(1.5 -3.03568e-13 0)
(1.5 -2.41933e-13 0)
(1.5 -2.23203e-13 0)
(1.5 -2.72448e-13 0)
(1.5 -2.22714e-13 0)
(1.5 -1.69574e-13 0)
(1.5 -7.92567e-14 0)
(1.5 4.81038e-14 0)
(1.5 1.23337e-13 0)
(1.5 1.72023e-13 0)
(1.5 1.61691e-13 0)
(1.5 9.4328e-14 0)
(1.5 9.52324e-14 0)
(1.5 4.77432e-14 0)
(1.5 1.07393e-13 0)
(1.5 3.64049e-14 0)
(1.5 -7.53711e-14 0)
(1.5 -1.01268e-13 0)
(1.5 -1.53051e-14 0)
(1.5 8.82523e-14 0)
(1.5 1.02991e-13 0)
(1.5 -3.11259e-15 0)
(1.5 -1.12208e-14 0)
(1.5 -5.56179e-14 0)
(1.5 -8.23945e-14 0)
(1.5 -1.24527e-13 0)
(1.5 4.17308e-14 0)
(1.5 1.52273e-14 0)
(1.5 -1.04484e-14 0)
(1.5 4.68072e-14 0)
(1.5 7.54479e-14 0)
(1.5 -1.39066e-14 0)
(1.5 4.174e-15 0)
(1.5 7.63144e-14 0)
(1.5 6.39664e-14 0)
(1.5 1.19894e-13 0)
(1.5 1.96519e-13 0)
(1.5 3.11662e-13 0)
(1.5 3.62324e-13 0)
(1.5 3.36848e-13 0)
(1.5 3.15419e-13 0)
(1.5 3.2256e-13 0)
(1.5 2.50116e-13 0)
(1.5 2.51022e-13 0)
(1.5 2.47208e-13 0)
(1.5 2.17136e-13 0)
(1.5 1.87933e-13 0)
(1.5 1.44891e-13 0)
(1.5 1.2151e-13 0)
(1.5 1.10818e-13 0)
(1.5 1.38718e-13 0)
(1.5 1.18039e-13 0)
(1.5 1.2132e-13 0)
(1.5 2.20894e-13 0)
(1.5 1.83609e-13 0)
(1.5 1.59884e-13 0)
(1.5 7.51831e-14 0)
(1.5 6.0311e-14 0)
(1.5 4.74578e-14 0)
(1.5 4.10068e-14 0)
(1.5 8.62526e-14 0)
(1.5 2.42266e-13 0)
(1.5 2.21107e-13 0)
(1.5 1.4814e-13 0)
(1.5 2.19752e-14 0)
(1.5 1.29989e-14 0)
(1.5 6.61138e-14 0)
(1.5 1.06791e-13 0)
(1.5 2.18677e-13 0)
(1.5 2.82608e-13 0)
(1.5 3.49745e-13 0)
(1.5 3.5567e-13 0)
(1.5 2.61557e-13 0)
(1.5 2.01068e-13 0)
(1.5 2.90666e-13 0)
(1.5 3.12583e-13 0)
(1.5 3.03047e-13 0)
(1.5 3.54346e-13 0)
(1.5 3.22094e-13 0)
(1.5 2.76273e-13 0)
(1.5 2.82833e-13 0)
(1.5 2.51756e-13 0)
(1.5 3.7764e-13 0)
(1.5 4.94764e-13 0)
(1.5 3.83295e-13 0)
(1.5 3.11173e-13 0)
(1.5 2.32036e-13 0)
(1.5 1.80659e-13 0)
(1.5 1.78691e-13 0)
(1.5 2.5036e-14 0)
(1.5 -2.33026e-14 0)
(1.5 -6.05214e-14 0)
(1.5 -6.13791e-14 0)
(1.5 -9.41193e-14 0)
(1.5 -1.07485e-13 0)
(1.5 -1.4306e-13 0)
(1.5 -1.54496e-13 0)
(1.5 -1.04662e-13 0)
(1.5 -4.14838e-14 0)
(1.5 -5.67992e-14 0)
(1.5 3.12826e-14 0)
(1.5 -3.12458e-14 0)
(1.5 -8.68956e-14 0)
(1.5 -1.00378e-13 0)
(1.5 -1.35575e-13 0)
(1.5 -9.36343e-14 0)
(1.5 -8.50876e-14 0)
(1.5 -8.87994e-14 0)
(1.5 -5.70276e-14 0)
(1.5 -5.60721e-14 0)
(1.5 -1.928e-13 0)
(1.5 -3.89355e-13 0)
(1.5 -3.68904e-13 0)
(1.5 -3.20046e-13 0)
(1.5 -3.45027e-13 0)
(1.5 -3.62675e-13 0)
(1.5 -3.05326e-13 0)
(1.5 -3.3909e-13 0)
(1.5 -3.16483e-13 0)
(1.5 -3.92746e-13 0)
(1.5 -3.2252e-13 0)
(1.5 -3.01841e-13 0)
(1.5 -3.77337e-13 0)
(1.5 -3.53057e-13 0)
(1.5 -1.97268e-13 0)
(1.5 -2.01783e-13 0)
(1.5 -1.00926e-13 0)
(1.5 6.544e-14 0)
(1.5 1.3295e-13 0)
(1.5 3.03838e-15 0)
(1.5 -5.27053e-14 0)
(1.5 -2.27966e-13 0)
(1.5 -3.1516e-13 0)
(1.5 -2.84316e-13 0)
(1.5 -3.18396e-13 0)
(1.5 -4.46808e-13 0)
(1.5 -3.63727e-13 0)
(1.5 -2.02063e-13 0)
(1.5 -1.13169e-14 0)
(1.5 1.22695e-14 0)
(1.5 -6.00044e-14 0)
(1.5 -1.52232e-13 0)
(1.5 -2.00723e-13 0)
(1.5 -2.86586e-13 0)
(1.5 -3.26842e-13 0)
(1.5 -3.25586e-13 0)
(1.5 -3.61099e-13 0)
(1.5 -4.4632e-13 0)
(1.5 -4.07437e-13 0)
(1.5 -3.11526e-13 0)
(1.5 -1.83434e-13 0)
(1.5 -1.85878e-13 0)
(1.5 -2.87172e-13 0)
(1.5 -2.87585e-13 0)
(1.5 -2.7189e-13 0)
(1.5 -2.87667e-13 0)
(1.5 -3.31916e-13 0)
(1.5 -3.43536e-13 0)
(1.5 -2.08729e-13 0)
(1.5 -1.1639e-13 0)
(1.5 -6.6779e-14 0)
(1.5 -1.03561e-13 0)
(1.5 -1.11978e-13 0)
(1.5 -1.31311e-13 0)
(1.5 -5.85459e-14 0)
(1.5 -1.85839e-13 0)
(1.5 -2.01452e-13 0)
(1.5 -2.32836e-13 0)
(1.5 -3.17916e-13 0)
(1.5 -2.72781e-13 0)
(1.5 -2.09042e-13 0)
(1.5 -1.58125e-13 0)
(1.5 -9.00015e-14 0)
(1.5 -9.06295e-15 0)
(1.5 -1.37101e-14 0)
(1.5 -1.30735e-13 0)
(1.5 -2.39289e-13 0)
(1.5 -2.40862e-13 0)
(1.5 -2.17607e-13 0)
(1.5 -2.76509e-13 0)
(1.5 -3.33474e-13 0)
(1.5 -3.38737e-13 0)
(1.5 -4.18638e-13 0)
(1.5 -3.60752e-13 0)
(1.5 -3.66909e-13 0)
(1.5 -3.55596e-13 0)
(1.5 -3.09933e-13 0)
(1.5 -2.22818e-13 0)
(1.5 -1.7742e-13 0)
(1.5 -1.78671e-13 0)
(1.5 -2.11893e-13 0)
(1.5 -2.47897e-13 0)
(1.5 -4.53485e-13 0)
(1.5 -4.20128e-13 0)
(1.5 2.22585e-14 0)
(1.5 1.11372e-14 0)
(1.5 9.66342e-14 0)
(1.5 2.27804e-14 0)
(1.5 -1.66031e-13 0)
(1.5 -3.10092e-13 0)
(1.5 -3.44112e-13 0)
(1.5 -2.52332e-13 0)
(1.5 -2.26814e-13 0)
(1.5 -2.81088e-13 0)
(1.5 -2.40328e-13 0)
(1.5 -1.71636e-13 0)
(1.5 -4.44783e-14 0)
(1.5 1.37938e-14 0)
(1.5 -1.2385e-15 0)
(1.5 1.03905e-13 0)
(1.5 1.31854e-13 0)
(1.5 1.26171e-13 0)
(1.5 9.47504e-14 0)
(1.5 2.4872e-15 0)
(1.5 3.75316e-14 0)
(1.5 1.80968e-14 0)
(1.5 -5.18546e-14 0)
(1.5 -6.16191e-15 0)
(1.5 -5.91369e-14 0)
(1.5 -2.51146e-14 0)
(1.5 1.32588e-14 0)
(1.5 -2.06528e-14 0)
(1.5 -2.99195e-15 0)
(1.5 -1.09168e-13 0)
(1.5 -3.85598e-14 0)
(1.5 -7.4952e-14 0)
(1.5 -1.3281e-14 0)
(1.5 -4.54777e-14 0)
(1.5 -4.80067e-14 0)
(1.5 7.36588e-14 0)
(1.5 1.14649e-14 0)
(1.5 -2.99594e-14 0)
(1.5 -1.15971e-14 0)
(1.5 6.38407e-14 0)
(1.5 4.91939e-14 0)
(1.5 5.79957e-14 0)
(1.5 1.42225e-13 0)
(1.5 1.99763e-13 0)
(1.5 2.07279e-13 0)
(1.5 2.37049e-13 0)
(1.5 2.36699e-13 0)
(1.5 2.84378e-13 0)
(1.5 2.70472e-13 0)
(1.5 2.40443e-13 0)
(1.5 1.99202e-13 0)
(1.5 1.9766e-13 0)
(1.5 1.83288e-13 0)
(1.5 1.96465e-13 0)
(1.5 1.85875e-13 0)
(1.5 1.02663e-13 0)
(1.5 5.01226e-14 0)
(1.5 2.54512e-14 0)
(1.5 2.25081e-14 0)
(1.5 1.49936e-13 0)
(1.5 2.49397e-13 0)
(1.5 1.45701e-13 0)
(1.5 2.68352e-14 0)
(1.5 -3.53306e-14 0)
(1.5 -1.8145e-14 0)
(1.5 7.22101e-14 0)
(1.5 6.67046e-14 0)
(1.5 1.57332e-13 0)
(1.5 7.2653e-14 0)
(1.5 2.52027e-14 0)
(1.5 -8.1108e-14 0)
(1.5 -6.38713e-14 0)
(1.5 -2.18341e-14 0)
(1.5 1.26975e-13 0)
(1.5 2.00282e-13 0)
(1.5 2.98404e-13 0)
(1.5 3.85708e-13 0)
(1.5 3.69268e-13 0)
(1.5 2.77147e-13 0)
(1.5 2.37485e-13 0)
(1.5 3.10735e-13 0)
(1.5 3.96361e-13 0)
(1.5 3.71235e-13 0)
(1.5 4.2002e-13 0)
(1.5 3.30621e-13 0)
(1.5 4.08408e-13 0)
(1.5 3.6188e-13 0)
(1.5 2.44554e-13 0)
(1.5 2.88627e-13 0)
(1.5 3.58682e-13 0)
(1.5 3.12442e-13 0)
(1.5 2.26751e-13 0)
(1.5 1.78118e-13 0)
(1.5 1.51672e-13 0)
(1.5 1.01624e-13 0)
(1.5 -9.91148e-14 0)
(1.5 -1.87622e-13 0)
(1.5 -2.03168e-13 0)
(1.5 -1.70153e-13 0)
(1.5 -1.46788e-13 0)
(1.5 -1.46489e-13 0)
(1.5 -1.59482e-13 0)
(1.5 -1.80919e-13 0)
(1.5 -8.69449e-14 0)
(1.5 -2.08279e-14 0)
(1.5 3.0767e-14 0)
(1.5 7.36632e-14 0)
(1.5 -4.2521e-14 0)
(1.5 -7.83442e-14 0)
(1.5 -1.27257e-13 0)
(1.5 -2.0846e-13 0)
(1.5 -2.1353e-13 0)
(1.5 -1.95315e-13 0)
(1.5 -1.64617e-13 0)
(1.5 -1.23201e-13 0)
(1.5 -9.02583e-14 0)
(1.5 -9.60275e-14 0)
(1.5 -2.69986e-13 0)
(1.5 -2.65308e-13 0)
(1.5 -2.07941e-13 0)
(1.5 -2.60312e-13 0)
(1.5 -3.65023e-13 0)
(1.5 -3.17911e-13 0)
(1.5 -3.24138e-13 0)
(1.5 -2.83169e-13 0)
(1.5 -3.35218e-13 0)
(1.5 -3.87733e-13 0)
(1.5 -4.84643e-13 0)
(1.5 -5.02652e-13 0)
(1.5 -4.53622e-13 0)
(1.5 -2.61415e-13 0)
(1.5 -1.81515e-13 0)
(1.5 -1.799e-13 0)
(1.5 -4.7317e-14 0)
(1.5 4.53559e-14 0)
(1.5 4.28927e-14 0)
(1.5 1.80798e-14 0)
(1.5 -5.14011e-14 0)
(1.5 -2.30163e-13 0)
(1.5 -2.32292e-13 0)
(1.5 -1.57554e-13 0)
(1.5 -2.48449e-13 0)
(1.5 -2.0078e-13 0)
(1.5 -1.32821e-13 0)
(1.5 -1.70003e-14 0)
(1.5 5.86305e-14 0)
(1.5 -1.02313e-14 0)
(1.5 -6.12971e-14 0)
(1.5 -1.41386e-13 0)
(1.5 -2.81798e-13 0)
(1.5 -3.31787e-13 0)
(1.5 -3.29185e-13 0)
(1.5 -2.99118e-13 0)
(1.5 -4.21048e-13 0)
(1.5 -4.77389e-13 0)
(1.5 -4.18977e-13 0)
(1.5 -3.74294e-13 0)
(1.5 -3.51719e-13 0)
(1.5 -3.9414e-13 0)
(1.5 -3.27098e-13 0)
(1.5 -3.02934e-13 0)
(1.5 -3.2641e-13 0)
(1.5 -2.97483e-13 0)
(1.5 -2.76922e-13 0)
(1.5 -2.0276e-13 0)
(1.5 -1.40359e-13 0)
(1.5 -1.80515e-13 0)
(1.5 -9.21228e-14 0)
(1.5 -6.31342e-14 0)
(1.5 -2.89042e-14 0)
(1.5 -2.94504e-14 0)
(1.5 -2.18776e-13 0)
(1.5 -8.47691e-14 0)
(1.5 -1.07853e-13 0)
(1.5 -1.14656e-13 0)
(1.5 -1.27239e-13 0)
(1.5 -5.3636e-14 0)
(1.5 -7.50995e-14 0)
(1.5 -8.40682e-14 0)
(1.5 -1.46192e-13 0)
(1.5 -1.25972e-13 0)
(1.5 -2.48595e-13 0)
(1.5 -2.44587e-13 0)
(1.5 -2.03275e-13 0)
(1.5 -1.47919e-13 0)
(1.5 -1.29659e-13 0)
(1.5 -1.92656e-13 0)
(1.5 -1.36748e-13 0)
(1.5 -2.71098e-13 0)
(1.5 -2.84035e-13 0)
(1.5 -2.25114e-13 0)
(1.5 -2.65787e-13 0)
(1.5 -1.78945e-13 0)
(1.5 -1.51053e-13 0)
(1.5 -1.82e-13 0)
(1.5 -1.73621e-13 0)
(1.5 -1.82386e-13 0)
(1.5 -2.03324e-13 0)
(1.5 -3.22482e-13 0)
(1.5 -3.06713e-13 0)
(1.5 4.68314e-14 0)
(1.5 -9.43858e-15 0)
(1.5 -5.03064e-15 0)
(1.5 -7.57568e-14 0)
(1.5 -1.92376e-13 0)
(1.5 -3.51639e-13 0)
(1.5 -4.45698e-13 0)
(1.5 -3.68225e-13 0)
(1.5 -2.85512e-13 0)
(1.5 -2.64407e-13 0)
(1.5 -2.40522e-13 0)
(1.5 -1.61789e-13 0)
(1.5 -9.68673e-14 0)
(1.5 -3.75608e-14 0)
(1.5 -5.44166e-14 0)
(1.5 1.7607e-14 0)
(1.5 1.28312e-13 0)
(1.5 2.12289e-13 0)
(1.5 1.34776e-13 0)
(1.5 6.33446e-15 0)
(1.5 -2.17847e-14 0)
(1.5 4.23081e-14 0)
(1.5 6.17451e-14 0)
(1.5 6.28418e-14 0)
(1.5 -7.18216e-14 0)
(1.5 -9.96803e-14 0)
(1.5 -8.03435e-14 0)
(1.5 -1.06464e-13 0)
(1.5 -7.23212e-14 0)
(1.5 -1.25715e-13 0)
(1.5 -7.22815e-14 0)
(1.5 -2.80998e-15 0)
(1.5 -1.78665e-14 0)
(1.5 -6.44331e-14 0)
(1.5 -4.35126e-14 0)
(1.5 6.3343e-14 0)
(1.5 2.2391e-16 0)
(1.5 3.58549e-14 0)
(1.5 5.68973e-14 0)
(1.5 5.81615e-14 0)
(1.5 3.87142e-14 0)
(1.5 4.8102e-14 0)
(1.5 1.62644e-13 0)
(1.5 2.06015e-13 0)
(1.5 1.58248e-13 0)
(1.5 1.0911e-13 0)
(1.5 1.30683e-13 0)
(1.5 1.36786e-13 0)
(1.5 2.07891e-13 0)
(1.5 2.28265e-13 0)
(1.5 1.85597e-13 0)
(1.5 2.20975e-13 0)
(1.5 2.43776e-13 0)
(1.5 2.68694e-13 0)
(1.5 2.63704e-13 0)
(1.5 1.70696e-13 0)
(1.5 6.71208e-14 0)
(1.5 4.56123e-14 0)
(1.5 6.81035e-14 0)
(1.5 5.83415e-14 0)
(1.5 1.63e-13 0)
(1.5 1.10681e-13 0)
(1.5 7.90619e-14 0)
(1.5 4.25039e-15 0)
(1.5 2.49951e-14 0)
(1.5 9.65502e-14 0)
(1.5 5.90611e-14 0)
(1.5 3.99492e-14 0)
(1.5 2.57466e-14 0)
(1.5 2.23575e-14 0)
(1.5 6.56616e-15 0)
(1.5 2.6863e-14 0)
(1.5 3.47509e-14 0)
(1.5 1.95722e-13 0)
(1.5 2.27289e-13 0)
(1.5 3.20423e-13 0)
(1.5 3.76892e-13 0)
(1.5 3.41233e-13 0)
(1.5 3.16499e-13 0)
(1.5 3.08058e-13 0)
(1.5 3.62271e-13 0)
(1.5 4.90613e-13 0)
(1.5 4.96172e-13 0)
(1.5 4.96122e-13 0)
(1.5 3.88135e-13 0)
(1.5 4.48244e-13 0)
(1.5 4.04392e-13 0)
(1.5 3.26232e-13 0)
(1.5 2.64501e-13 0)
(1.5 3.00043e-13 0)
(1.5 2.5112e-13 0)
(1.5 1.81091e-13 0)
(1.5 2.28446e-13 0)
(1.5 2.17782e-13 0)
(1.5 8.74968e-14 0)
(1.5 -1.4967e-13 0)
(1.5 -3.34167e-13 0)
(1.5 -2.97433e-13 0)
(1.5 -3.0257e-13 0)
(1.5 -2.87026e-13 0)
(1.5 -2.68378e-13 0)
(1.5 -2.83742e-13 0)
(1.5 -2.03179e-13 0)
(1.5 -5.65069e-14 0)
(1.5 4.80657e-14 0)
(1.5 1.20363e-13 0)
(1.5 1.81508e-14 0)
(1.5 -8.97952e-14 0)
(1.5 -9.14716e-14 0)
(1.5 -9.73673e-14 0)
(1.5 -1.59051e-13 0)
(1.5 -2.35994e-13 0)
(1.5 -2.28049e-13 0)
(1.5 -1.94363e-13 0)
(1.5 -1.51619e-13 0)
(1.5 -6.04359e-14 0)
(1.5 -1.18191e-13 0)
(1.5 -1.63891e-13 0)
(1.5 -1.99401e-13 0)
(1.5 -1.67142e-13 0)
(1.5 -2.18334e-13 0)
(1.5 -3.19486e-13 0)
(1.5 -2.0781e-13 0)
(1.5 -2.08014e-13 0)
(1.5 -1.92421e-13 0)
(1.5 -3.07707e-13 0)
(1.5 -4.60293e-13 0)
(1.5 -5.61748e-13 0)
(1.5 -5.49626e-13 0)
(1.5 -4.93518e-13 0)
(1.5 -4.32822e-13 0)
(1.5 -3.2914e-13 0)
(1.5 -3.37248e-13 0)
(1.5 -3.42399e-13 0)
(1.5 -3.0984e-13 0)
(1.5 -1.26141e-13 0)
(1.5 -9.10811e-14 0)
(1.5 -5.76191e-14 0)
(1.5 -1.62361e-13 0)
(1.5 -2.0205e-13 0)
(1.5 -7.89896e-14 0)
(1.5 -6.32582e-14 0)
(1.5 -1.30703e-13 0)
(1.5 -1.18952e-13 0)
(1.5 -4.4196e-14 0)
(1.5 5.17686e-14 0)
(1.5 2.64689e-14 0)
(1.5 4.82219e-15 0)
(1.5 -1.16452e-13 0)
(1.5 -2.48388e-13 0)
(1.5 -3.63898e-13 0)
(1.5 -4.22007e-13 0)
(1.5 -3.51488e-13 0)
(1.5 -3.10164e-13 0)
(1.5 -3.88718e-13 0)
(1.5 -4.56792e-13 0)
(1.5 -4.74979e-13 0)
(1.5 -4.09893e-13 0)
(1.5 -4.32665e-13 0)
(1.5 -3.63392e-13 0)
(1.5 -3.19119e-13 0)
(1.5 -3.48072e-13 0)
(1.5 -3.49581e-13 0)
(1.5 -3.18409e-13 0)
(1.5 -2.54481e-13 0)
(1.5 -1.60992e-13 0)
(1.5 -1.21888e-13 0)
(1.5 -1.04003e-13 0)
(1.5 1.7233e-14 0)
(1.5 9.36964e-14 0)
(1.5 4.20511e-14 0)
(1.5 -5.38802e-14 0)
(1.5 -6.33934e-14 0)
(1.5 -5.89251e-14 0)
(1.5 -1.93791e-14 0)
(1.5 -7.50828e-14 0)
(1.5 -4.69586e-14 0)
(1.5 -7.58253e-14 0)
(1.5 -1.44105e-13 0)
(1.5 -2.64216e-13 0)
(1.5 -2.33731e-13 0)
(1.5 -1.92363e-13 0)
(1.5 -2.63414e-13 0)
(1.5 -3.14798e-13 0)
(1.5 -2.61603e-13 0)
(1.5 -5.95677e-14 0)
(1.5 -2.47241e-14 0)
(1.5 -5.92442e-14 0)
(1.5 -1.08877e-13 0)
(1.5 -2.11477e-13 0)
(1.5 -2.01915e-13 0)
(1.5 -2.47117e-13 0)
(1.5 -1.85319e-13 0)
(1.5 -1.34098e-13 0)
(1.5 -2.07283e-13 0)
(1.5 -2.50765e-13 0)
(1.5 -1.91765e-13 0)
(1.5 -2.44151e-13 0)
(1.5 -2.41268e-13 0)
(1.5 -2.10151e-13 0)
(1.5 1.0673e-14 0)
(1.5 -3.19347e-14 0)
(1.5 -2.67056e-14 0)
(1.5 -5.76703e-14 0)
(1.5 -1.37971e-13 0)
(1.5 -3.33177e-13 0)
(1.5 -4.40882e-13 0)
(1.5 -4.03974e-13 0)
(1.5 -3.2705e-13 0)
(1.5 -2.70803e-13 0)
(1.5 -2.27661e-13 0)
(1.5 -1.08127e-13 0)
(1.5 -5.06262e-14 0)
(1.5 -3.91831e-14 0)
(1.5 -6.85251e-14 0)
(1.5 -4.41579e-14 0)
(1.5 6.05253e-14 0)
(1.5 1.27881e-13 0)
(1.5 1.21292e-13 0)
(1.5 3.80398e-14 0)
(1.5 6.15298e-14 0)
(1.5 1.02712e-13 0)
(1.5 6.45626e-14 0)
(1.5 8.88421e-14 0)
(1.5 -2.72948e-14 0)
(1.5 -4.52725e-14 0)
(1.5 -2.21514e-14 0)
(1.5 -6.06839e-14 0)
(1.5 -7.12576e-14 0)
(1.5 -8.86158e-14 0)
(1.5 -1.18676e-13 0)
(1.5 -5.0183e-14 0)
(1.5 3.53935e-15 0)
(1.5 -8.07339e-15 0)
(1.5 -2.82185e-14 0)
(1.5 2.11303e-14 0)
(1.5 7.66027e-14 0)
(1.5 2.01917e-13 0)
(1.5 1.95192e-13 0)
(1.5 1.2753e-13 0)
(1.5 1.23906e-13 0)
(1.5 1.46666e-13 0)
(1.5 1.98556e-13 0)
(1.5 2.01286e-13 0)
(1.5 1.59782e-13 0)
(1.5 1.05399e-13 0)
(1.5 7.64304e-14 0)
(1.5 1.50066e-14 0)
(1.5 8.94309e-14 0)
(1.5 1.42122e-13 0)
(1.5 1.16548e-13 0)
(1.5 1.83903e-13 0)
(1.5 2.07408e-13 0)
(1.5 2.62613e-13 0)
(1.5 2.83009e-13 0)
(1.5 2.66981e-13 0)
(1.5 2.0065e-13 0)
(1.5 1.14602e-13 0)
(1.5 1.75668e-13 0)
(1.5 1.26408e-13 0)
(1.5 1.62334e-13 0)
(1.5 2.19174e-13 0)
(1.5 2.38395e-13 0)
(1.5 1.49207e-13 0)
(1.5 1.00209e-13 0)
(1.5 4.01952e-14 0)
(1.5 6.17101e-14 0)
(1.5 3.13269e-15 0)
(1.5 8.13439e-14 0)
(1.5 1.16631e-13 0)
(1.5 1.45637e-13 0)
(1.5 8.50127e-14 0)
(1.5 4.63624e-14 0)
(1.5 1.27429e-13 0)
(1.5 1.03679e-13 0)
(1.5 1.64895e-13 0)
(1.5 2.405e-13 0)
(1.5 3.20656e-13 0)
(1.5 3.60125e-13 0)
(1.5 3.66539e-13 0)
(1.5 4.35322e-13 0)
(1.5 5.24939e-13 0)
(1.5 4.71651e-13 0)
(1.5 4.22785e-13 0)
(1.5 4.12147e-13 0)
(1.5 4.00073e-13 0)
(1.5 4.43233e-13 0)
(1.5 4.65848e-13 0)
(1.5 3.80567e-13 0)
(1.5 3.58817e-13 0)
(1.5 3.15547e-13 0)
(1.5 2.49525e-13 0)
(1.5 2.77907e-13 0)
(1.5 2.1163e-13 0)
(1.5 1.38235e-13 0)
(1.5 -3.58328e-14 0)
(1.5 -1.78134e-13 0)
(1.5 -1.61975e-13 0)
(1.5 -3.05166e-13 0)
(1.5 -3.39517e-13 0)
(1.5 -3.40604e-13 0)
(1.5 -2.88002e-13 0)
(1.5 -1.113e-13 0)
(1.5 7.43488e-16 0)
(1.5 7.79287e-14 0)
(1.5 1.07617e-13 0)
(1.5 3.54132e-15 0)
(1.5 -6.77109e-14 0)
(1.5 -9.20627e-14 0)
(1.5 -8.49266e-14 0)
(1.5 -1.67427e-13 0)
(1.5 -2.47139e-13 0)
(1.5 -1.70405e-13 0)
(1.5 -7.68964e-14 0)
(1.5 -2.09486e-14 0)
(1.5 2.67619e-14 0)
(1.5 -7.81294e-14 0)
(1.5 -1.76464e-13 0)
(1.5 -2.56586e-13 0)
(1.5 -2.80743e-13 0)
(1.5 -3.14864e-13 0)
(1.5 -3.35746e-13 0)
(1.5 -1.99077e-13 0)
(1.5 -1.93536e-13 0)
(1.5 -1.66037e-13 0)
(1.5 -3.22169e-13 0)
(1.5 -5.05558e-13 0)
(1.5 -6.48944e-13 0)
(1.5 -6.6428e-13 0)
(1.5 -6.34116e-13 0)
(1.5 -5.86155e-13 0)
(1.5 -4.9301e-13 0)
(1.5 -5.32609e-13 0)
(1.5 -5.77016e-13 0)
(1.5 -5.365e-13 0)
(1.5 -3.60056e-13 0)
(1.5 -2.65073e-13 0)
(1.5 -1.71205e-13 0)
(1.5 -7.92281e-14 0)
(1.5 -1.06902e-13 0)
(1.5 -2.17912e-14 0)
(1.5 7.3246e-14 0)
(1.5 -8.14343e-14 0)
(1.5 -8.06458e-14 0)
(1.5 -3.77084e-15 0)
(1.5 1.3612e-13 0)
(1.5 1.33954e-13 0)
(1.5 2.51796e-14 0)
(1.5 -5.94798e-14 0)
(1.5 -8.59525e-14 0)
(1.5 -2.19148e-13 0)
(1.5 -3.21711e-13 0)
(1.5 -3.26761e-13 0)
(1.5 -1.15299e-13 0)
(1.5 -1.79932e-13 0)
(1.5 -3.3637e-13 0)
(1.5 -3.80636e-13 0)
(1.5 -3.9425e-13 0)
(1.5 -3.6468e-13 0)
(1.5 -3.70771e-13 0)
(1.5 -3.1481e-13 0)
(1.5 -3.15835e-13 0)
(1.5 -3.75632e-13 0)
(1.5 -3.50326e-13 0)
(1.5 -3.15238e-13 0)
(1.5 -1.97879e-13 0)
(1.5 -4.05076e-14 0)
(1.5 -1.22544e-13 0)
(1.5 -6.01329e-15 0)
(1.5 7.28659e-14 0)
(1.5 6.43054e-14 0)
(1.5 1.52348e-13 0)
(1.5 9.58273e-14 0)
(1.5 6.3002e-14 0)
(1.5 7.15885e-14 0)
(1.5 2.28597e-14 0)
(1.5 -1.75743e-14 0)
(1.5 -2.64421e-14 0)
(1.5 -3.86727e-14 0)
(1.5 -5.11028e-14 0)
(1.5 -8.01866e-14 0)
(1.5 -1.23587e-13 0)
(1.5 -2.51884e-13 0)
(1.5 -3.62676e-13 0)
(1.5 -3.06856e-13 0)
(1.5 -1.5189e-13 0)
(1.5 -5.64946e-14 0)
(1.5 -1.77037e-13 0)
(1.5 -1.39209e-13 0)
(1.5 -2.22863e-13 0)
(1.5 -2.31864e-13 0)
(1.5 -2.14879e-13 0)
(1.5 -2.58405e-13 0)
(1.5 -1.79068e-13 0)
(1.5 -2.12645e-13 0)
(1.5 -1.42461e-13 0)
(1.5 -6.31592e-14 0)
(1.5 -8.12897e-14 0)
(1.5 -6.59316e-14 0)
(1.5 -9.38577e-14 0)
(1.5 2.0131e-14 0)
(1.5 2.67092e-14 0)
(1.5 1.27778e-15 0)
(1.5 -1.77492e-14 0)
(1.5 -8.28567e-14 0)
(1.5 -1.65744e-13 0)
(1.5 -2.58776e-13 0)
(1.5 -2.97782e-13 0)
(1.5 -3.37062e-13 0)
(1.5 -2.89856e-13 0)
(1.5 -2.35709e-13 0)
(1.5 -1.39282e-13 0)
(1.5 -3.82167e-14 0)
(1.5 -7.87214e-14 0)
(1.5 -9.56014e-14 0)
(1.5 -5.10998e-14 0)
(1.5 6.45988e-14 0)
(1.5 2.79715e-14 0)
(1.5 3.64903e-14 0)
(1.5 6.18065e-14 0)
(1.5 1.28321e-13 0)
(1.5 1.69661e-13 0)
(1.5 9.47434e-14 0)
(1.5 1.18708e-13 0)
(1.5 1.12898e-15 0)
(1.5 -3.54536e-14 0)
(1.5 1.6778e-14 0)
(1.5 -2.02765e-14 0)
(1.5 -3.53788e-14 0)
(1.5 -5.07149e-14 0)
(1.5 -7.06356e-14 0)
(1.5 -5.01429e-14 0)
(1.5 -5.87503e-15 0)
(1.5 4.64262e-14 0)
(1.5 2.84168e-14 0)
(1.5 2.78581e-14 0)
(1.5 1.33845e-13 0)
(1.5 2.6622e-13 0)
(1.5 1.93784e-13 0)
(1.5 2.32464e-13 0)
(1.5 2.39682e-13 0)
(1.5 2.21523e-13 0)
(1.5 1.75843e-13 0)
(1.5 1.16159e-13 0)
(1.5 1.29968e-13 0)
(1.5 1.06315e-13 0)
(1.5 6.00462e-14 0)
(1.5 1.64836e-14 0)
(1.5 4.92023e-14 0)
(1.5 8.96612e-14 0)
(1.5 7.83136e-14 0)
(1.5 1.40516e-13 0)
(1.5 1.85261e-13 0)
(1.5 2.61073e-13 0)
(1.5 2.47306e-13 0)
(1.5 1.74322e-13 0)
(1.5 1.32502e-13 0)
(1.5 5.52709e-14 0)
(1.5 9.95578e-14 0)
(1.5 9.66519e-14 0)
(1.5 1.15164e-13 0)
(1.5 2.05851e-13 0)
(1.5 2.76186e-13 0)
(1.5 1.87182e-13 0)
(1.5 1.00718e-13 0)
(1.5 2.42744e-14 0)
(1.5 7.47807e-14 0)
(1.5 4.19532e-14 0)
(1.5 7.37445e-14 0)
(1.5 1.15236e-13 0)
(1.5 1.47312e-13 0)
(1.5 6.5084e-14 0)
(1.5 -2.28303e-14 0)
(1.5 3.70047e-14 0)
(1.5 -9.82473e-16 0)
(1.5 4.78085e-14 0)
(1.5 1.04721e-13 0)
(1.5 2.51251e-13 0)
(1.5 3.36848e-13 0)
(1.5 3.54464e-13 0)
(1.5 4.19234e-13 0)
(1.5 4.53519e-13 0)
(1.5 3.34464e-13 0)
(1.5 2.9695e-13 0)
(1.5 3.60219e-13 0)
(1.5 3.25888e-13 0)
(1.5 3.95388e-13 0)
(1.5 4.5591e-13 0)
(1.5 4.13902e-13 0)
(1.5 2.8563e-13 0)
(1.5 2.68001e-13 0)
(1.5 3.24225e-13 0)
(1.5 3.09535e-13 0)
(1.5 2.47919e-13 0)
(1.5 2.57098e-13 0)
(1.5 2.02781e-13 0)
(1.5 7.47329e-14 0)
(1.5 -3.16214e-14 0)
(1.5 -1.47293e-13 0)
(1.5 -2.38853e-13 0)
(1.5 -3.06633e-13 0)
(1.5 -2.40641e-13 0)
(1.5 -2.57966e-14 0)
(1.5 2.71629e-14 0)
(1.5 2.22512e-14 0)
(1.5 2.99081e-14 0)
(1.5 7.50131e-15 0)
(1.5 8.04546e-16 0)
(1.5 -8.48453e-14 0)
(1.5 -1.30176e-13 0)
(1.5 -2.21718e-13 0)
(1.5 -2.77819e-13 0)
(1.5 -1.52203e-13 0)
(1.5 -7.28179e-14 0)
(1.5 -3.18132e-14 0)
(1.5 6.77455e-15 0)
(1.5 2.99719e-14 0)
(1.5 -1.30337e-13 0)
(1.5 -2.06413e-13 0)
(1.5 -2.44731e-13 0)
(1.5 -2.6732e-13 0)
(1.5 -2.40401e-13 0)
(1.5 -2.40945e-13 0)
(1.5 -2.8403e-13 0)
(1.5 -2.5096e-13 0)
(1.5 -3.03825e-13 0)
(1.5 -3.40739e-13 0)
(1.5 -4.47436e-13 0)
(1.5 -5.08192e-13 0)
(1.5 -4.89459e-13 0)
(1.5 -4.54923e-13 0)
(1.5 -4.46283e-13 0)
(1.5 -5.15536e-13 0)
(1.5 -5.03888e-13 0)
(1.5 -4.45818e-13 0)
(1.5 -3.56592e-13 0)
(1.5 -3.19598e-13 0)
(1.5 -2.26139e-13 0)
(1.5 -7.16803e-14 0)
(1.5 -8.81737e-14 0)
(1.5 -6.65234e-14 0)
(1.5 2.80341e-14 0)
(1.5 -6.34618e-14 0)
(1.5 -6.16339e-14 0)
(1.5 -4.64327e-15 0)
(1.5 1.49659e-13 0)
(1.5 2.18339e-13 0)
(1.5 9.73683e-14 0)
(1.5 -6.48816e-15 0)
(1.5 5.70226e-15 0)
(1.5 -8.26218e-14 0)
(1.5 -1.73412e-13 0)
(1.5 -2.09005e-13 0)
(1.5 -1.02528e-13 0)
(1.5 -1.55084e-13 0)
(1.5 -2.72511e-13 0)
(1.5 -3.22447e-13 0)
(1.5 -4.18258e-13 0)
(1.5 -3.11532e-13 0)
(1.5 -3.39148e-13 0)
(1.5 -2.67716e-13 0)
(1.5 -2.325e-13 0)
(1.5 -2.80357e-13 0)
(1.5 -2.36916e-13 0)
(1.5 -1.71661e-13 0)
(1.5 -5.51753e-14 0)
(1.5 -3.98996e-14 0)
(1.5 -7.99535e-14 0)
(1.5 -9.7484e-14 0)
(1.5 -7.52959e-15 0)
(1.5 5.85322e-14 0)
(1.5 2.24539e-13 0)
(1.5 2.21628e-13 0)
(1.5 1.52027e-13 0)
(1.5 1.3925e-13 0)
(1.5 7.511e-14 0)
(1.5 3.42462e-14 0)
(1.5 2.35772e-14 0)
(1.5 2.36182e-14 0)
(1.5 3.20346e-14 0)
(1.5 -9.291e-15 0)
(1.5 -1.55219e-13 0)
(1.5 -2.27567e-13 0)
(1.5 -2.60961e-13 0)
(1.5 -2.68499e-13 0)
(1.5 -3.31092e-13 0)
(1.5 -2.17304e-13 0)
(1.5 -2.74248e-13 0)
(1.5 -2.30594e-13 0)
(1.5 -2.44794e-13 0)
(1.5 -1.9875e-13 0)
(1.5 -2.51525e-13 0)
(1.5 -3.23044e-13 0)
(1.5 -3.33759e-13 0)
(1.5 -3.23658e-13 0)
(1.5 -2.327e-13 0)
(1.5 -2.29527e-13 0)
(1.5 -1.28128e-13 0)
(1.5 -5.51837e-14 0)
(1.5 -7.86927e-14 0)
(1.5 4.92769e-15 0)
(1.5 6.42103e-14 0)
(1.5 5.0465e-14 0)
(1.5 8.04393e-14 0)
(1.5 2.26192e-14 0)
(1.5 -3.36919e-14 0)
(1.5 -8.61985e-14 0)
(1.5 -1.93017e-13 0)
(1.5 -2.63713e-13 0)
(1.5 -2.52768e-13 0)
(1.5 -1.88755e-13 0)
(1.5 -2.02051e-13 0)
(1.5 -1.02446e-13 0)
(1.5 -1.09888e-13 0)
(1.5 -7.1371e-14 0)
(1.5 -3.49269e-14 0)
(1.5 -2.41494e-14 0)
(1.5 5.7863e-14 0)
(1.5 1.71428e-13 0)
(1.5 2.36078e-13 0)
(1.5 2.28056e-13 0)
(1.5 2.08253e-13 0)
(1.5 1.70051e-13 0)
(1.5 1.68403e-13 0)
(1.5 1.10681e-13 0)
(1.5 5.45176e-14 0)
(1.5 7.43002e-14 0)
(1.5 3.51371e-14 0)
(1.5 5.63383e-14 0)
(1.5 4.26495e-14 0)
(1.5 1.85121e-14 0)
(1.5 1.5315e-15 0)
(1.5 -8.50459e-14 0)
(1.5 3.93445e-14 0)
(1.5 1.34133e-13 0)
(1.5 1.46363e-13 0)
(1.5 2.11705e-13 0)
(1.5 2.27556e-13 0)
(1.5 1.8863e-13 0)
(1.5 3.21049e-13 0)
(1.5 3.22337e-13 0)
(1.5 2.86578e-13 0)
(1.5 2.08625e-13 0)
(1.5 1.17174e-13 0)
(1.5 1.24041e-13 0)
(1.5 1.1936e-13 0)
(1.5 9.74909e-14 0)
(1.5 6.5526e-14 0)
(1.5 1.05446e-13 0)
(1.5 1.54535e-13 0)
(1.5 1.66778e-13 0)
(1.5 2.31081e-13 0)
(1.5 2.86462e-13 0)
(1.5 3.4928e-13 0)
(1.5 2.81523e-13 0)
(1.5 1.43432e-13 0)
(1.5 8.22568e-14 0)
(1.5 2.91492e-14 0)
(1.5 8.95949e-14 0)
(1.5 7.89758e-14 0)
(1.5 1.00509e-13 0)
(1.5 1.53377e-13 0)
(1.5 2.20772e-13 0)
(1.5 1.93517e-13 0)
(1.5 1.50795e-13 0)
(1.5 1.21676e-13 0)
(1.5 9.66707e-14 0)
(1.5 6.24803e-14 0)
(1.5 6.9453e-14 0)
(1.5 3.75323e-14 0)
(1.5 -2.62651e-14 0)
(1.5 -4.67503e-14 0)
(1.5 -4.53726e-15 0)
(1.5 1.40656e-14 0)
(1.5 -2.60015e-14 0)
(1.5 -3.2462e-14 0)
(1.5 1.22335e-14 0)
(1.5 1.34314e-13 0)
(1.5 1.83827e-13 0)
(1.5 1.5485e-13 0)
(1.5 1.28474e-13 0)
(1.5 1.29359e-13 0)
(1.5 1.38317e-13 0)
(1.5 1.59297e-13 0)
(1.5 2.00442e-13 0)
(1.5 2.07551e-13 0)
(1.5 2.32292e-13 0)
(1.5 2.9902e-13 0)
(1.5 3.66895e-13 0)
(1.5 2.53827e-13 0)
(1.5 2.52964e-13 0)
(1.5 4.17421e-13 0)
(1.5 4.22761e-13 0)
(1.5 4.08266e-13 0)
(1.5 3.73772e-13 0)
(1.5 3.90218e-13 0)
(1.5 2.72987e-13 0)
(1.5 1.35952e-13 0)
(1.5 -1.84336e-14 0)
(1.5 -9.0844e-14 0)
(1.5 -1.41266e-13 0)
(1.5 -1.28478e-13 0)
(1.5 -5.5895e-14 0)
(1.5 -2.13446e-14 0)
(1.5 2.07215e-14 0)
(1.5 4.225e-14 0)
(1.5 7.35812e-14 0)
(1.5 9.05993e-14 0)
(1.5 -5.05347e-14 0)
(1.5 -1.31965e-13 0)
(1.5 -1.85779e-13 0)
(1.5 -1.6316e-13 0)
(1.5 -1.18004e-13 0)
(1.5 -1.02484e-13 0)
(1.5 -3.44122e-14 0)
(1.5 -5.34625e-15 0)
(1.5 7.34191e-14 0)
(1.5 -2.49429e-14 0)
(1.5 -6.07895e-14 0)
(1.5 -2.90818e-14 0)
(1.5 -3.25049e-14 0)
(1.5 -1.07375e-14 0)
(1.5 -1.63123e-13 0)
(1.5 -2.03644e-13 0)
(1.5 -2.05321e-13 0)
(1.5 -1.8421e-13 0)
(1.5 -9.64684e-14 0)
(1.5 -1.70495e-13 0)
(1.5 -2.63844e-13 0)
(1.5 -3.00722e-13 0)
(1.5 -3.34883e-13 0)
(1.5 -3.19845e-13 0)
(1.5 -3.06739e-13 0)
(1.5 -3.88675e-13 0)
(1.5 -3.26983e-13 0)
(1.5 -2.50575e-13 0)
(1.5 -2.11413e-13 0)
(1.5 -1.95576e-13 0)
(1.5 -1.17503e-13 0)
(1.5 -5.07047e-14 0)
(1.5 -7.48063e-14 0)
(1.5 -8.27202e-14 0)
(1.5 -6.77366e-14 0)
(1.5 -8.33627e-14 0)
(1.5 -7.64231e-14 0)
(1.5 -4.77066e-14 0)
(1.5 7.92224e-14 0)
(1.5 1.29751e-13 0)
(1.5 2.03465e-14 0)
(1.5 4.91065e-14 0)
(1.5 5.90534e-14 0)
(1.5 9.58573e-15 0)
(1.5 -5.77333e-14 0)
(1.5 -1.32799e-13 0)
(1.5 -2.03067e-13 0)
(1.5 -2.61703e-13 0)
(1.5 -3.03466e-13 0)
(1.5 -3.07518e-13 0)
(1.5 -2.20318e-13 0)
(1.5 -2.73718e-13 0)
(1.5 -2.60178e-13 0)
(1.5 -2.16581e-13 0)
(1.5 -1.67729e-13 0)
(1.5 -1.09097e-13 0)
(1.5 -1.43504e-13 0)
(1.5 -6.51204e-14 0)
(1.5 -4.18741e-14 0)
(1.5 -2.74928e-14 0)
(1.5 -1.03922e-13 0)
(1.5 1.27641e-14 0)
(1.5 1.09936e-13 0)
(1.5 1.82527e-13 0)
(1.5 2.05745e-13 0)
(1.5 1.42543e-13 0)
(1.5 1.25963e-13 0)
(1.5 9.85124e-14 0)
(1.5 1.4215e-13 0)
(1.5 1.23104e-13 0)
(1.5 9.00648e-14 0)
(1.5 5.91275e-14 0)
(1.5 -1.96354e-14 0)
(1.5 -1.83993e-13 0)
(1.5 -2.02352e-13 0)
(1.5 -1.65102e-13 0)
(1.5 -2.29339e-13 0)
(1.5 -3.56377e-13 0)
(1.5 -2.79305e-13 0)
(1.5 -1.9888e-13 0)
(1.5 -2.11639e-13 0)
(1.5 -9.05302e-14 0)
(1.5 -1.04852e-13 0)
(1.5 -2.76031e-13 0)
(1.5 -3.00114e-13 0)
(1.5 -3.83874e-13 0)
(1.5 -4.67979e-13 0)
(1.5 -4.3115e-13 0)
(1.5 -4.62034e-13 0)
(1.5 -2.91653e-13 0)
(1.5 -1.2292e-13 0)
(1.5 -8.78596e-14 0)
(1.5 4.51188e-14 0)
(1.5 1.18842e-13 0)
(1.5 1.53834e-13 0)
(1.5 2.02355e-13 0)
(1.5 1.38818e-13 0)
(1.5 7.40119e-14 0)
(1.5 8.13758e-14 0)
(1.5 -3.73715e-14 0)
(1.5 -1.26945e-13 0)
(1.5 -2.69831e-13 0)
(1.5 -2.41568e-13 0)
(1.5 -2.34931e-13 0)
(1.5 -1.55244e-13 0)
(1.5 -9.24168e-14 0)
(1.5 -6.72635e-14 0)
(1.5 -1.81045e-14 0)
(1.5 -3.85703e-14 0)
(1.5 1.74434e-13 0)
(1.5 3.23517e-13 0)
(1.5 3.57124e-13 0)
(1.5 2.96354e-13 0)
(1.5 2.14805e-13 0)
(1.5 1.72761e-13 0)
(1.5 1.19335e-13 0)
(1.5 1.4457e-13 0)
(1.5 1.04183e-13 0)
(1.5 7.15644e-14 0)
(1.5 6.8631e-14 0)
(1.5 6.98127e-14 0)
(1.5 8.35772e-14 0)
(1.5 1.0505e-13 0)
(1.5 1.9871e-14 0)
(1.5 -8.01119e-14 0)
(1.5 -2.45799e-15 0)
(1.5 1.48957e-13 0)
(1.5 2.68455e-13 0)
(1.5 3.29765e-13 0)
(1.5 2.81272e-13 0)
(1.5 2.62354e-13 0)
(1.5 3.11432e-13 0)
(1.5 2.75725e-13 0)
(1.5 2.74059e-13 0)
(1.5 2.10509e-13 0)
(1.5 1.88702e-13 0)
(1.5 1.84278e-13 0)
(1.5 1.95081e-13 0)
(1.5 1.14015e-13 0)
(1.5 8.75263e-14 0)
(1.5 9.45696e-14 0)
(1.5 1.18029e-13 0)
(1.5 1.02922e-13 0)
(1.5 1.6143e-13 0)
(1.5 2.7736e-13 0)
(1.5 3.42102e-13 0)
(1.5 2.79849e-13 0)
(1.5 1.66155e-13 0)
(1.5 1.50584e-13 0)
(1.5 9.42905e-14 0)
(1.5 9.06604e-14 0)
(1.5 1.62735e-13 0)
(1.5 1.72841e-13 0)
(1.5 1.55923e-13 0)
(1.5 1.65502e-13 0)
(1.5 2.25043e-13 0)
(1.5 2.34583e-13 0)
(1.5 1.77524e-13 0)
(1.5 6.78021e-14 0)
(1.5 1.8271e-14 0)
(1.5 1.12043e-14 0)
(1.5 -5.101e-14 0)
(1.5 -1.22835e-13 0)
(1.5 -8.88961e-14 0)
(1.5 3.16074e-14 0)
(1.5 3.93272e-14 0)
(1.5 5.1824e-14 0)
(1.5 8.27203e-14 0)
(1.5 1.09953e-13 0)
(1.5 1.00815e-13 0)
(1.5 9.69392e-14 0)
(1.5 5.1894e-14 0)
(1.5 1.65651e-14 0)
(1.5 2.08379e-14 0)
(1.5 1.23973e-13 0)
(1.5 1.24568e-13 0)
(1.5 1.84397e-13 0)
(1.5 2.13287e-13 0)
(1.5 2.04522e-13 0)
(1.5 1.8739e-13 0)
(1.5 2.54328e-13 0)
(1.5 2.86205e-13 0)
(1.5 2.67425e-13 0)
(1.5 3.76112e-13 0)
(1.5 3.96592e-13 0)
(1.5 4.76438e-13 0)
(1.5 4.03912e-13 0)
(1.5 2.85795e-13 0)
(1.5 2.66879e-13 0)
(1.5 1.58001e-13 0)
(1.5 6.82564e-14 0)
(1.5 1.59572e-14 0)
(1.5 -4.72009e-14 0)
(1.5 2.36189e-14 0)
(1.5 5.66699e-14 0)
(1.5 6.56692e-14 0)
(1.5 1.01051e-13 0)
(1.5 3.80426e-14 0)
(1.5 1.46765e-14 0)
(1.5 -3.44945e-14 0)
(1.5 -1.25346e-13 0)
(1.5 -1.83947e-13 0)
(1.5 -1.75504e-13 0)
(1.5 -9.51132e-14 0)
(1.5 -1.45784e-13 0)
(1.5 -1.03129e-13 0)
(1.5 -5.3119e-14 0)
(1.5 -1.25433e-13 0)
(1.5 -7.77597e-14 0)
(1.5 -3.94806e-14 0)
(1.5 -3.33225e-15 0)
(1.5 2.42084e-14 0)
(1.5 -1.58452e-14 0)
(1.5 7.18514e-15 0)
(1.5 -6.80314e-14 0)
(1.5 -6.06085e-14 0)
(1.5 -5.61726e-14 0)
(1.5 -8.02754e-14 0)
(1.5 -1.17484e-13 0)
(1.5 -2.50488e-13 0)
(1.5 -2.89994e-13 0)
(1.5 -2.93969e-13 0)
(1.5 -2.87976e-13 0)
(1.5 -2.54028e-13 0)
(1.5 -2.87549e-13 0)
(1.5 -4.26511e-13 0)
(1.5 -3.44653e-13 0)
(1.5 -3.32502e-13 0)
(1.5 -2.67933e-13 0)
(1.5 -2.67528e-13 0)
(1.5 -2.74969e-13 0)
(1.5 -1.67658e-13 0)
(1.5 -1.9543e-13 0)
(1.5 -1.66318e-13 0)
(1.5 -4.15513e-14 0)
(1.5 -4.8259e-14 0)
(1.5 -9.64828e-14 0)
(1.5 -1.55033e-13 0)
(1.5 -7.81868e-14 0)
(1.5 -6.52689e-15 0)
(1.5 -1.57997e-14 0)
(1.5 1.68684e-14 0)
(1.5 7.70399e-14 0)
(1.5 3.92115e-14 0)
(1.5 -1.21682e-13 0)
(1.5 -2.69544e-13 0)
(1.5 -4.04969e-13 0)
(1.5 -5.24073e-13 0)
(1.5 -5.6025e-13 0)
(1.5 -4.63234e-13 0)
(1.5 -3.41487e-13 0)
(1.5 -3.01574e-13 0)
(1.5 -3.15098e-13 0)
(1.5 -2.52261e-13 0)
(1.5 -1.43628e-13 0)
(1.5 -1.63935e-13 0)
(1.5 -3.19639e-13 0)
(1.5 -2.8119e-13 0)
(1.5 -1.48468e-13 0)
(1.5 -8.65133e-14 0)
(1.5 -7.01706e-14 0)
(1.5 1.88245e-15 0)
(1.5 7.74961e-14 0)
(1.5 8.45823e-14 0)
(1.5 1.04289e-13 0)
(1.5 8.6955e-14 0)
(1.5 9.14004e-14 0)
(1.5 1.81218e-13 0)
(1.5 1.6796e-13 0)
(1.5 6.64183e-14 0)
(1.5 -1.58298e-14 0)
(1.5 -8.73125e-14 0)
(1.5 -2.59378e-13 0)
(1.5 -3.3662e-13 0)
(1.5 -2.56641e-13 0)
(1.5 -1.40012e-13 0)
(1.5 -1.71525e-13 0)
(1.5 -2.1597e-13 0)
(1.5 -1.78689e-13 0)
(1.5 -7.66558e-14 0)
(1.5 -1.45486e-13 0)
(1.5 -5.91823e-14 0)
(1.5 -1.4182e-13 0)
(1.5 -2.20758e-13 0)
(1.5 -2.33945e-13 0)
(1.5 -2.72443e-13 0)
(1.5 -4.32835e-13 0)
(1.5 -3.94737e-13 0)
(1.5 -3.60293e-13 0)
(1.5 -2.93344e-13 0)
(1.5 -1.5273e-13 0)
(1.5 -1.10771e-13 0)
(1.5 8.07122e-14 0)
(1.5 1.61218e-13 0)
(1.5 1.75118e-13 0)
(1.5 1.40027e-13 0)
(1.5 7.31913e-14 0)
(1.5 1.05696e-13 0)
(1.5 1.59105e-13 0)
(1.5 5.5581e-14 0)
(1.5 -3.91859e-14 0)
(1.5 -2.28126e-13 0)
(1.5 -2.44318e-13 0)
(1.5 -1.82054e-13 0)
(1.5 -1.36659e-13 0)
(1.5 -3.35564e-14 0)
(1.5 -4.53898e-14 0)
(1.5 -1.61142e-14 0)
(1.5 9.46472e-14 0)
(1.5 2.27025e-13 0)
(1.5 3.12017e-13 0)
(1.5 3.28093e-13 0)
(1.5 2.99835e-13 0)
(1.5 2.30731e-13 0)
(1.5 1.80952e-13 0)
(1.5 7.83241e-14 0)
(1.5 1.12036e-13 0)
(1.5 1.16346e-13 0)
(1.5 9.03853e-14 0)
(1.5 1.0354e-13 0)
(1.5 5.98541e-14 0)
(1.5 1.07808e-13 0)
(1.5 1.35077e-13 0)
(1.5 6.38725e-14 0)
(1.5 6.69949e-14 0)
(1.5 8.3647e-14 0)
(1.5 1.76029e-13 0)
(1.5 3.10896e-13 0)
(1.5 3.48273e-13 0)
(1.5 2.99139e-13 0)
(1.5 2.47472e-13 0)
(1.5 1.97841e-13 0)
(1.5 1.37549e-13 0)
(1.5 1.45201e-13 0)
(1.5 1.39296e-13 0)
(1.5 1.49969e-13 0)
(1.5 1.21108e-13 0)
(1.5 1.36719e-13 0)
(1.5 8.42358e-14 0)
(1.5 9.6266e-14 0)
(1.5 1.13418e-13 0)
(1.5 9.99213e-14 0)
(1.5 9.71884e-14 0)
(1.5 1.1693e-13 0)
(1.5 1.79459e-13 0)
(1.5 1.74564e-13 0)
(1.5 1.2153e-13 0)
(1.5 8.45913e-14 0)
(1.5 1.16678e-13 0)
(1.5 1.44167e-13 0)
(1.5 1.06641e-13 0)
(1.5 1.60826e-13 0)
(1.5 1.71224e-13 0)
(1.5 1.41053e-13 0)
(1.5 1.44215e-13 0)
(1.5 2.42318e-13 0)
(1.5 2.67636e-13 0)
(1.5 1.84653e-13 0)
(1.5 6.71698e-14 0)
(1.5 3.64743e-15 0)
(1.5 7.07009e-15 0)
(1.5 -9.09842e-15 0)
(1.5 -6.48542e-15 0)
(1.5 2.02594e-14 0)
(1.5 3.88882e-14 0)
(1.5 9.49497e-14 0)
(1.5 1.61853e-13 0)
(1.5 2.21821e-13 0)
(1.5 2.29397e-13 0)
(1.5 1.77707e-13 0)
(1.5 2.07318e-13 0)
(1.5 1.8334e-13 0)
(1.5 1.62298e-13 0)
(1.5 1.63314e-13 0)
(1.5 1.77344e-13 0)
(1.5 1.5964e-13 0)
(1.5 2.28413e-13 0)
(1.5 2.25964e-13 0)
(1.5 2.47115e-13 0)
(1.5 2.10219e-13 0)
(1.5 2.04418e-13 0)
(1.5 2.73294e-13 0)
(1.5 2.62538e-13 0)
(1.5 2.56004e-13 0)
(1.5 2.82715e-13 0)
(1.5 3.96403e-13 0)
(1.5 2.95519e-13 0)
(1.5 1.30986e-13 0)
(1.5 1.20552e-13 0)
(1.5 3.19558e-14 0)
(1.5 6.18891e-14 0)
(1.5 2.44276e-14 0)
(1.5 2.84178e-14 0)
(1.5 9.9983e-14 0)
(1.5 1.4238e-13 0)
(1.5 1.7527e-13 0)
(1.5 1.47079e-13 0)
(1.5 2.21632e-14 0)
(1.5 -5.63796e-14 0)
(1.5 -1.10252e-13 0)
(1.5 -9.61558e-14 0)
(1.5 -9.97064e-14 0)
(1.5 -3.53249e-14 0)
(1.5 -6.24721e-15 0)
(1.5 -9.03634e-14 0)
(1.5 -9.21625e-14 0)
(1.5 -1.1406e-13 0)
(1.5 -1.79776e-13 0)
(1.5 -1.19318e-13 0)
(1.5 -1.84153e-14 0)
(1.5 8.42994e-14 0)
(1.5 9.13537e-14 0)
(1.5 9.20773e-14 0)
(1.5 -9.5152e-15 0)
(1.5 -6.02096e-14 0)
(1.5 -5.85231e-14 0)
(1.5 -2.37152e-14 0)
(1.5 -9.90005e-14 0)
(1.5 -2.51463e-13 0)
(1.5 -3.4731e-13 0)
(1.5 -3.62458e-13 0)
(1.5 -3.18526e-13 0)
(1.5 -3.35972e-13 0)
(1.5 -4.39385e-13 0)
(1.5 -4.461e-13 0)
(1.5 -4.75083e-13 0)
(1.5 -4.35278e-13 0)
(1.5 -4.92011e-13 0)
(1.5 -4.45038e-13 0)
(1.5 -3.35928e-13 0)
(1.5 -3.20336e-13 0)
(1.5 -2.52366e-13 0)
(1.5 -2.15875e-13 0)
(1.5 -7.2583e-14 0)
(1.5 8.2257e-14 0)
(1.5 9.19165e-14 0)
(1.5 -3.18729e-14 0)
(1.5 -1.19133e-13 0)
(1.5 -1.75962e-13 0)
(1.5 -1.5017e-13 0)
(1.5 -8.69843e-14 0)
(1.5 -1.25258e-13 0)
(1.5 -1.21353e-13 0)
(1.5 -1.59473e-13 0)
(1.5 -2.69139e-13 0)
(1.5 -3.36861e-13 0)
(1.5 -3.8323e-13 0)
(1.5 -6.03516e-13 0)
(1.5 -6.60224e-13 0)
(1.5 -5.92806e-13 0)
(1.5 -4.91275e-13 0)
(1.5 -3.17632e-13 0)
(1.5 -2.14248e-13 0)
(1.5 -1.77616e-13 0)
(1.5 -1.35141e-13 0)
(1.5 -1.60749e-13 0)
(1.5 -1.97911e-13 0)
(1.5 -2.15718e-13 0)
(1.5 -1.23918e-13 0)
(1.5 -4.14096e-14 0)
(1.5 -9.04131e-15 0)
(1.5 -1.40835e-14 0)
(1.5 2.00161e-14 0)
(1.5 5.25436e-14 0)
(1.5 2.29789e-14 0)
(1.5 1.10843e-13 0)
(1.5 8.03317e-14 0)
(1.5 1.33137e-13 0)
(1.5 1.29065e-13 0)
(1.5 2.17604e-14 0)
(1.5 -1.23266e-13 0)
(1.5 -2.47431e-13 0)
(1.5 -3.16329e-13 0)
(1.5 -2.22482e-13 0)
(1.5 -1.53736e-13 0)
(1.5 -8.62211e-14 0)
(1.5 -1.38248e-13 0)
(1.5 -1.26597e-13 0)
(1.5 -1.18295e-13 0)
(1.5 -4.57699e-14 0)
(1.5 -1.24363e-13 0)
(1.5 -1.39928e-13 0)
(1.5 -1.83194e-13 0)
(1.5 -1.49209e-13 0)
(1.5 -2.07802e-13 0)
(1.5 -1.90819e-13 0)
(1.5 -2.77106e-13 0)
(1.5 -2.6813e-13 0)
(1.5 -2.33013e-13 0)
(1.5 -2.2359e-13 0)
(1.5 -1.65827e-13 0)
(1.5 -1.5812e-13 0)
(1.5 6.79646e-14 0)
(1.5 1.28792e-13 0)
(1.5 1.07306e-13 0)
(1.5 9.70219e-14 0)
(1.5 1.28336e-13 0)
(1.5 1.47196e-13 0)
(1.5 9.32949e-14 0)
(1.5 3.49798e-14 0)
(1.5 -6.41198e-14 0)
(1.5 -1.24758e-13 0)
(1.5 -1.49418e-13 0)
(1.5 -1.05505e-13 0)
(1.5 -1.1173e-13 0)
(1.5 -6.93029e-14 0)
(1.5 -5.27238e-14 0)
(1.5 -3.07859e-14 0)
(1.5 1.29746e-13 0)
(1.5 2.36833e-13 0)
(1.5 3.13925e-13 0)
(1.5 2.76041e-13 0)
(1.5 2.92733e-13 0)
(1.5 2.26905e-13 0)
(1.5 1.70528e-13 0)
(1.5 1.53514e-13 0)
(1.5 1.26058e-13 0)
(1.5 1.66864e-13 0)
(1.5 1.74077e-13 0)
(1.5 1.64531e-13 0)
(1.5 1.38995e-13 0)
(1.5 1.19449e-13 0)
(1.5 1.02957e-13 0)
(1.5 9.46139e-14 0)
(1.5 1.74106e-13 0)
(1.5 1.68071e-13 0)
(1.5 2.66861e-13 0)
(1.5 2.81752e-13 0)
(1.5 2.72203e-13 0)
(1.5 2.13276e-13 0)
(1.5 1.44309e-13 0)
(1.5 8.24411e-14 0)
(1.5 5.40628e-14 0)
(1.5 5.09539e-14 0)
(1.5 9.44328e-14 0)
(1.5 5.09215e-14 0)
(1.5 2.18297e-14 0)
(1.5 1.63876e-14 0)
(1.5 7.1639e-14 0)
(1.5 5.06539e-14 0)
(1.5 6.84453e-14 0)
(1.5 1.21993e-13 0)
(1.5 1.90601e-13 0)
(1.5 1.60226e-13 0)
(1.5 7.89654e-14 0)
(1.5 2.90584e-14 0)
(1.5 4.10523e-14 0)
(1.5 9.32242e-14 0)
(1.5 8.46857e-14 0)
(1.5 1.30828e-13 0)
(1.5 8.78962e-14 0)
(1.5 5.80425e-14 0)
(1.5 8.62145e-14 0)
(1.5 9.38226e-14 0)
(1.5 5.05307e-14 0)
(1.5 1.45407e-13 0)
(1.5 1.85475e-13 0)
(1.5 1.67409e-13 0)
(1.5 1.38851e-13 0)
(1.5 7.36912e-14 0)
(1.5 6.7491e-14 0)
(1.5 8.77874e-14 0)
(1.5 1.15786e-13 0)
(1.5 1.39165e-13 0)
(1.5 1.07458e-13 0)
(1.5 1.49279e-13 0)
(1.5 1.99398e-13 0)
(1.5 1.91898e-13 0)
(1.5 2.39852e-13 0)
(1.5 2.60145e-13 0)
(1.5 3.06109e-13 0)
(1.5 3.04436e-13 0)
(1.5 2.66138e-13 0)
(1.5 2.31908e-13 0)
(1.5 1.8378e-13 0)
(1.5 1.31855e-13 0)
(1.5 1.53766e-13 0)
(1.5 2.04112e-13 0)
(1.5 2.89512e-13 0)
(1.5 2.85595e-13 0)
(1.5 2.56804e-13 0)
(1.5 2.83642e-13 0)
(1.5 3.43276e-13 0)
(1.5 3.28374e-13 0)
(1.5 3.0453e-13 0)
(1.5 3.39563e-13 0)
(1.5 2.80232e-13 0)
(1.5 2.23152e-13 0)
(1.5 1.53924e-13 0)
(1.5 8.44624e-14 0)
(1.5 9.49616e-14 0)
(1.5 1.16298e-13 0)
(1.5 2.89677e-13 0)
(1.5 2.57574e-13 0)
(1.5 1.83689e-13 0)
(1.5 2.02024e-13 0)
(1.5 1.9347e-13 0)
(1.5 1.01642e-13 0)
(1.5 2.85671e-14 0)
(1.5 6.84695e-15 0)
(1.5 8.58765e-14 0)
(1.5 1.72743e-13 0)
(1.5 2.03717e-13 0)
(1.5 1.21597e-13 0)
(1.5 5.86676e-14 0)
(1.5 1.06769e-14 0)
(1.5 -3.51007e-14 0)
(1.5 -7.61594e-14 0)
(1.5 -4.79243e-14 0)
(1.5 1.05674e-13 0)
(1.5 1.84376e-13 0)
(1.5 2.13011e-13 0)
(1.5 2.7432e-13 0)
(1.5 6.76276e-14 0)
(1.5 2.39884e-15 0)
(1.5 4.86395e-14 0)
(1.5 3.57053e-14 0)
(1.5 -1.3192e-14 0)
(1.5 -1.98132e-13 0)
(1.5 -2.06942e-13 0)
(1.5 -2.57165e-13 0)
(1.5 -3.0536e-13 0)
(1.5 -3.59689e-13 0)
(1.5 -4.65774e-13 0)
(1.5 -4.61533e-13 0)
(1.5 -4.44859e-13 0)
(1.5 -4.89274e-13 0)
(1.5 -4.2691e-13 0)
(1.5 -3.978e-13 0)
(1.5 -2.95169e-13 0)
(1.5 -1.97013e-13 0)
(1.5 -1.8725e-13 0)
(1.5 -2.6418e-14 0)
(1.5 1.513e-13 0)
(1.5 2.39526e-13 0)
(1.5 2.46497e-13 0)
(1.5 1.29331e-13 0)
(1.5 5.34006e-14 0)
(1.5 -1.05437e-13 0)
(1.5 -1.89703e-13 0)
(1.5 -1.26356e-13 0)
(1.5 -1.94938e-13 0)
(1.5 -2.42619e-13 0)
(1.5 -2.42983e-13 0)
(1.5 -2.15788e-13 0)
(1.5 -1.84472e-13 0)
(1.5 -1.86076e-13 0)
(1.5 -3.94975e-13 0)
(1.5 -4.59016e-13 0)
(1.5 -4.06763e-13 0)
(1.5 -3.98367e-13 0)
(1.5 -2.86238e-13 0)
(1.5 -1.72701e-13 0)
(1.5 -2.12083e-13 0)
(1.5 -2.1107e-13 0)
(1.5 -1.56783e-13 0)
(1.5 -3.95831e-14 0)
(1.5 -5.81578e-14 0)
(1.5 -3.20332e-14 0)
(1.5 1.77202e-14 0)
(1.5 7.16914e-14 0)
(1.5 4.7583e-14 0)
(1.5 4.97686e-14 0)
(1.5 1.00224e-13 0)
(1.5 1.10094e-13 0)
(1.5 1.92164e-13 0)
(1.5 1.23108e-13 0)
(1.5 5.14941e-14 0)
(1.5 7.50739e-14 0)
(1.5 1.2041e-13 0)
(1.5 6.49567e-14 0)
(1.5 -6.40361e-14 0)
(1.5 1.54326e-14 0)
(1.5 6.1022e-14 0)
(1.5 4.38233e-14 0)
(1.5 7.64951e-14 0)
(1.5 -4.83022e-14 0)
(1.5 -8.60133e-14 0)
(1.5 -8.9545e-14 0)
(1.5 -2.92306e-14 0)
(1.5 -1.4291e-13 0)
(1.5 -2.28115e-13 0)
(1.5 -1.62011e-13 0)
(1.5 -7.18646e-14 0)
(1.5 -1.14796e-13 0)
(1.5 -1.66991e-13 0)
(1.5 -8.22348e-14 0)
(1.5 -6.67666e-14 0)
(1.5 -1.43626e-13 0)
(1.5 -1.51887e-13 0)
(1.5 -1.63242e-13 0)
(1.5 -2.05125e-13 0)
(1.5 3.9629e-14 0)
(1.5 5.26181e-14 0)
(1.5 -5.81856e-15 0)
(1.5 7.85572e-15 0)
(1.5 1.67233e-13 0)
(1.5 1.87976e-13 0)
(1.5 3.45359e-14 0)
(1.5 1.85492e-14 0)
(1.5 -8.27133e-14 0)
(1.5 -6.05765e-14 0)
(1.5 -1.07703e-13 0)
(1.5 -8.66729e-14 0)
(1.5 -1.54023e-13 0)
(1.5 -2.26271e-13 0)
(1.5 -1.37282e-13 0)
(1.5 -4.34049e-14 0)
(1.5 1.20677e-13 0)
(1.5 2.34351e-13 0)
(1.5 3.05677e-13 0)
(1.5 2.23937e-13 0)
(1.5 2.09002e-13 0)
(1.5 2.11748e-13 0)
(1.5 1.50022e-13 0)
(1.5 1.25464e-13 0)
(1.5 7.52502e-14 0)
(1.5 1.22134e-13 0)
(1.5 1.68713e-13 0)
(1.5 1.80216e-13 0)
(1.5 1.91738e-13 0)
(1.5 1.28468e-13 0)
(1.5 1.25565e-13 0)
(1.5 1.88417e-13 0)
(1.5 2.53692e-13 0)
(1.5 1.95136e-13 0)
(1.5 2.7848e-13 0)
(1.5 2.07829e-13 0)
(1.5 1.77943e-13 0)
(1.5 9.93958e-14 0)
(1.5 8.30026e-14 0)
(1.5 7.89765e-14 0)
(1.5 9.74867e-14 0)
(1.5 3.0518e-14 0)
(1.5 1.70866e-14 0)
(1.5 -5.24975e-15 0)
(1.5 -1.91606e-14 0)
(1.5 -6.89139e-14 0)
(1.5 3.52014e-14 0)
(1.5 2.64279e-14 0)
(1.5 -2.04312e-14 0)
(1.5 4.24826e-14 0)
(1.5 8.26102e-14 0)
(1.5 5.10469e-14 0)
(1.5 1.929e-16 0)
(1.5 4.56511e-14 0)
(1.5 1.08534e-13 0)
(1.5 1.61486e-13 0)
(1.5 1.30007e-13 0)
(1.5 6.62005e-14 0)
(1.5 8.8657e-15 0)
(1.5 1.22328e-14 0)
(1.5 6.21714e-15 0)
(1.5 -1.8644e-15 0)
(1.5 -7.23922e-14 0)
(1.5 1.33101e-15 0)
(1.5 3.09894e-14 0)
(1.5 5.82851e-14 0)
(1.5 1.14945e-13 0)
(1.5 7.59884e-14 0)
(1.5 2.72474e-14 0)
(1.5 5.56337e-14 0)
(1.5 5.30915e-14 0)
(1.5 5.23233e-14 0)
(1.5 4.46369e-14 0)
(1.5 5.35329e-14 0)
(1.5 8.53313e-14 0)
(1.5 9.64493e-14 0)
(1.5 1.58821e-13 0)
(1.5 1.77281e-13 0)
(1.5 2.24237e-13 0)
(1.5 2.08792e-13 0)
(1.5 1.85846e-13 0)
(1.5 1.37239e-13 0)
(1.5 8.23234e-14 0)
(1.5 4.6925e-14 0)
(1.5 1.01072e-13 0)
(1.5 2.00693e-13 0)
(1.5 2.61272e-13 0)
(1.5 1.85658e-13 0)
(1.5 1.4884e-13 0)
(1.5 1.56442e-13 0)
(1.5 2.74157e-13 0)
(1.5 3.21177e-13 0)
(1.5 3.05273e-13 0)
(1.5 3.3236e-13 0)
(1.5 3.50113e-13 0)
(1.5 3.47637e-13 0)
(1.5 2.11831e-13 0)
(1.5 1.80533e-13 0)
(1.5 1.80244e-13 0)
(1.5 1.94955e-13 0)
(1.5 3.28357e-13 0)
(1.5 2.56254e-13 0)
(1.5 2.09104e-13 0)
(1.5 1.96074e-13 0)
(1.5 2.02212e-13 0)
(1.5 1.39491e-13 0)
(1.5 3.44544e-14 0)
(1.5 3.59485e-14 0)
(1.5 1.25737e-13 0)
(1.5 1.83608e-13 0)
(1.5 1.99053e-13 0)
(1.5 8.17872e-14 0)
(1.5 8.16251e-15 0)
(1.5 -1.45801e-14 0)
(1.5 -4.48539e-14 0)
(1.5 -4.68982e-14 0)
(1.5 -3.89508e-14 0)
(1.5 8.75378e-14 0)
(1.5 1.19968e-13 0)
(1.5 1.55201e-13 0)
(1.5 2.1424e-13 0)
(1.5 1.49407e-13 0)
(1.5 1.48972e-13 0)
(1.5 2.46944e-13 0)
(1.5 1.58039e-13 0)
(1.5 9.11299e-14 0)
(1.5 -2.17419e-14 0)
(1.5 -2.18039e-15 0)
(1.5 -4.65919e-14 0)
(1.5 -9.01588e-14 0)
(1.5 -1.01144e-13 0)
(1.5 -1.58801e-13 0)
(1.5 -2.63861e-13 0)
(1.5 -3.34589e-13 0)
(1.5 -3.75271e-13 0)
(1.5 -1.49879e-13 0)
(1.5 -1.79237e-13 0)
(1.5 -1.75958e-13 0)
(1.5 -6.29879e-14 0)
(1.5 -5.30036e-14 0)
(1.5 1.60914e-13 0)
(1.5 3.14539e-13 0)
(1.5 3.2316e-13 0)
(1.5 3.21957e-13 0)
(1.5 2.41891e-13 0)
(1.5 2.10952e-13 0)
(1.5 9.44445e-14 0)
(1.5 -9.84939e-14 0)
(1.5 -1.01487e-13 0)
(1.5 -1.06785e-13 0)
(1.5 -1.44113e-13 0)
(1.5 -1.74212e-13 0)
(1.5 -1.24415e-13 0)
(1.5 -1.03313e-13 0)
(1.5 -1.591e-13 0)
(1.5 -2.40239e-13 0)
(1.5 -2.88081e-13 0)
(1.5 -3.05984e-13 0)
(1.5 -3.27509e-13 0)
(1.5 -2.52586e-13 0)
(1.5 -1.4733e-13 0)
(1.5 -2.48043e-13 0)
(1.5 -2.89931e-13 0)
(1.5 -2.21784e-13 0)
(1.5 1.04716e-14 0)
(1.5 3.96902e-14 0)
(1.5 -2.64808e-14 0)
(1.5 -7.30328e-15 0)
(1.5 1.09776e-13 0)
(1.5 1.30689e-13 0)
(1.5 1.04009e-13 0)
(1.5 1.43667e-13 0)
(1.5 1.72268e-13 0)
(1.5 1.85568e-13 0)
(1.5 1.90963e-13 0)
(1.5 7.96215e-14 0)
(1.5 6.13736e-14 0)
(1.5 1.9761e-13 0)
(1.5 1.71924e-13 0)
(1.5 1.03042e-13 0)
(1.5 1.78395e-13 0)
(1.5 1.93822e-13 0)
(1.5 2.30801e-13 0)
(1.5 1.97483e-13 0)
(1.5 8.94879e-15 0)
(1.5 -1.24851e-13 0)
(1.5 -9.22572e-14 0)
(1.5 -3.75755e-14 0)
(1.5 -3.05934e-14 0)
(1.5 -1.33438e-13 0)
(1.5 -7.31587e-14 0)
(1.5 -5.51077e-15 0)
(1.5 -1.13087e-14 0)
(1.5 -1.84977e-13 0)
(1.5 -1.80443e-14 0)
(1.5 4.29712e-14 0)
(1.5 4.456e-14 0)
(1.5 1.47043e-14 0)
(1.5 -3.90564e-14 0)
(1.5 -8.1514e-14 0)
(1.5 -7.07773e-15 0)
(1.5 -5.77366e-14 0)
(1.5 -8.82624e-14 0)
(1.5 -6.68385e-14 0)
(1.5 8.72194e-15 0)
(1.5 7.03983e-14 0)
(1.5 4.4275e-14 0)
(1.5 6.33349e-14 0)
(1.5 6.02083e-15 0)
(1.5 -5.22874e-14 0)
(1.5 -1.38559e-13 0)
(1.5 -1.52195e-13 0)
(1.5 -2.35891e-13 0)
(1.5 -3.22635e-13 0)
(1.5 -1.62963e-13 0)
(1.5 -1.90926e-14 0)
(1.5 1.30269e-13 0)
(1.5 5.44393e-14 0)
(1.5 7.03386e-14 0)
(1.5 1.30974e-13 0)
(1.5 1.49593e-13 0)
(1.5 1.60058e-13 0)
(1.5 1.62071e-13 0)
(1.5 8.58718e-14 0)
(1.5 7.69376e-14 0)
(1.5 9.41724e-14 0)
(1.5 1.18104e-13 0)
(1.5 1.93765e-13 0)
(1.5 2.15714e-13 0)
(1.5 2.13637e-13 0)
(1.5 2.15904e-13 0)
(1.5 2.7051e-13 0)
(1.5 2.46324e-13 0)
(1.5 2.374e-13 0)
(1.5 2.63062e-13 0)
(1.5 1.94863e-13 0)
(1.5 1.88384e-13 0)
(1.5 1.15061e-13 0)
(1.5 1.33608e-13 0)
(1.5 1.66758e-13 0)
(1.5 1.37354e-13 0)
(1.5 5.99518e-14 0)
(1.5 -3.79266e-15 0)
(1.5 2.49955e-15 0)
(1.5 -2.63891e-14 0)
(1.5 -5.08162e-14 0)
(1.5 -2.46714e-14 0)
(1.5 3.5271e-14 0)
(1.5 4.3379e-14 0)
(1.5 6.56081e-14 0)
(1.5 3.1126e-14 0)
(1.5 3.08781e-14 0)
(1.5 4.03605e-14 0)
(1.5 5.77262e-14 0)
(1.5 1.11497e-13 0)
(1.5 1.45203e-13 0)
(1.5 1.37488e-13 0)
(1.5 5.9942e-14 0)
(1.5 3.78002e-14 0)
(1.5 1.27591e-14 0)
(1.5 -1.85427e-14 0)
(1.5 -1.37453e-14 0)
(1.5 -7.68329e-14 0)
(1.5 -5.22738e-14 0)
(1.5 -4.2233e-14 0)
(1.5 -2.98599e-14 0)
(1.5 4.34655e-14 0)
(1.5 6.00699e-14 0)
(1.5 2.63411e-14 0)
(1.5 -2.3592e-14 0)
(1.5 -1.18198e-13 0)
(1.5 -1.82555e-13 0)
(1.5 -1.31152e-13 0)
(1.5 -1.41975e-13 0)
(1.5 -8.09351e-14 0)
(1.5 -2.3561e-14 0)
(1.5 3.83408e-14 0)
(1.5 4.75015e-14 0)
(1.5 7.16054e-14 0)
(1.5 9.29414e-14 0)
(1.5 2.27684e-14 0)
(1.5 1.27665e-14 0)
(1.5 -2.30231e-14 0)
(1.5 -1.10439e-14 0)
(1.5 2.25611e-14 0)
(1.5 7.98584e-14 0)
(1.5 8.34248e-14 0)
(1.5 5.53625e-14 0)
(1.5 6.07765e-14 0)
(1.5 9.65735e-14 0)
(1.5 1.67964e-13 0)
(1.5 1.77548e-13 0)
(1.5 2.39019e-13 0)
(1.5 3.55362e-13 0)
(1.5 3.69169e-13 0)
(1.5 3.3389e-13 0)
(1.5 2.61877e-13 0)
(1.5 2.72372e-13 0)
(1.5 2.3329e-13 0)
(1.5 2.08565e-13 0)
(1.5 1.89083e-13 0)
(1.5 2.20565e-13 0)
(1.5 2.3424e-13 0)
(1.5 1.94063e-13 0)
(1.5 1.70316e-13 0)
(1.5 1.47133e-13 0)
(1.5 1.07409e-13 0)
(1.5 1.06346e-13 0)
(1.5 1.68736e-13 0)
(1.5 8.45506e-14 0)
(1.5 2.79129e-14 0)
(1.5 4.84632e-15 0)
(1.5 -4.97083e-14 0)
(1.5 -7.25556e-14 0)
(1.5 -7.36938e-14 0)
(1.5 9.32042e-15 0)
(1.5 -6.02196e-14 0)
(1.5 -1.90531e-14 0)
(1.5 2.46114e-14 0)
(1.5 3.02299e-14 0)
(1.5 6.71938e-14 0)
(1.5 1.46054e-13 0)
(1.5 1.90604e-13 0)
(1.5 2.54767e-13 0)
(1.5 1.23369e-13 0)
(1.5 2.61768e-14 0)
(1.5 5.12353e-14 0)
(1.5 2.20544e-14 0)
(1.5 -2.44413e-14 0)
(1.5 1.93895e-14 0)
(1.5 2.50013e-14 0)
(1.5 3.54378e-14 0)
(1.5 -1.04143e-14 0)
(1.5 -1.03728e-13 0)
(1.5 -1.49869e-13 0)
(1.5 -5.14529e-14 0)
(1.5 -6.24845e-15 0)
(1.5 1.93301e-14 0)
(1.5 7.62519e-14 0)
(1.5 1.60235e-13 0)
(1.5 3.2046e-13 0)
(1.5 3.48804e-13 0)
(1.5 2.74562e-13 0)
(1.5 2.54336e-13 0)
(1.5 2.54205e-13 0)
(1.5 2.34414e-13 0)
(1.5 1.98274e-13 0)
(1.5 8.16571e-14 0)
(1.5 3.03793e-14 0)
(1.5 -1.74336e-15 0)
(1.5 -5.2995e-14 0)
(1.5 -1.18667e-13 0)
(1.5 -1.41268e-13 0)
(1.5 -1.73386e-13 0)
(1.5 -1.79727e-13 0)
(1.5 -1.80808e-13 0)
(1.5 -1.66221e-13 0)
(1.5 -2.68172e-13 0)
(1.5 -2.46556e-13 0)
(1.5 -1.57974e-13 0)
(1.5 -1.35445e-13 0)
(1.5 -1.49234e-13 0)
(1.5 -1.70847e-13 0)
(1.5 -1.24341e-13 0)
(1.5 5.30072e-14 0)
(1.5 1.00079e-13 0)
(1.5 1.74721e-14 0)
(1.5 6.54831e-14 0)
(1.5 8.24797e-14 0)
(1.5 1.30389e-13 0)
(1.5 9.19873e-14 0)
(1.5 1.31925e-13 0)
(1.5 2.04695e-13 0)
(1.5 1.5738e-13 0)
(1.5 2.36454e-13 0)
(1.5 1.78472e-13 0)
(1.5 1.64587e-13 0)
(1.5 2.35183e-13 0)
(1.5 1.28483e-13 0)
(1.5 1.96742e-13 0)
(1.5 1.92851e-13 0)
(1.5 2.67874e-13 0)
(1.5 3.60703e-13 0)
(1.5 1.41683e-13 0)
(1.5 9.34868e-14 0)
(1.5 -4.27216e-14 0)
(1.5 -4.1071e-14 0)
(1.5 -2.75388e-14 0)
(1.5 7.6525e-14 0)
(1.5 5.21018e-14 0)
(1.5 6.3188e-14 0)
(1.5 5.97372e-14 0)
(1.5 6.24383e-14 0)
(1.5 -2.68259e-14 0)
(1.5 4.42442e-14 0)
(1.5 7.66096e-14 0)
(1.5 2.13228e-13 0)
(1.5 2.52037e-13 0)
(1.5 2.22051e-13 0)
(1.5 2.64062e-13 0)
(1.5 -2.97629e-14 0)
(1.5 -1.57181e-13 0)
(1.5 -1.49146e-13 0)
(1.5 -1.19645e-13 0)
(1.5 -9.49367e-14 0)
(1.5 -9.38167e-14 0)
(1.5 -1.34787e-14 0)
(1.5 -7.46844e-15 0)
(1.5 2.87757e-14 0)
(1.5 -5.04898e-14 0)
(1.5 -7.15916e-14 0)
(1.5 -1.37668e-13 0)
(1.5 -2.10023e-13 0)
(1.5 -2.07255e-13 0)
(1.5 -1.56887e-13 0)
(1.5 -8.68203e-14 0)
(1.5 5.30657e-15 0)
(1.5 -1.34498e-13 0)
(1.5 -1.209e-13 0)
(1.5 7.2391e-14 0)
(1.5 1.44709e-13 0)
(1.5 1.31358e-13 0)
(1.5 1.64186e-13 0)
(1.5 1.61053e-13 0)
(1.5 2.28203e-13 0)
(1.5 2.05202e-13 0)
(1.5 1.61464e-13 0)
(1.5 1.47435e-13 0)
(1.5 1.71615e-13 0)
(1.5 2.46784e-13 0)
(1.5 2.97054e-13 0)
(1.5 2.24459e-13 0)
(1.5 1.3989e-13 0)
(1.5 1.42305e-13 0)
(1.5 1.50635e-13 0)
(1.5 1.97788e-13 0)
(1.5 2.01648e-13 0)
(1.5 1.32164e-13 0)
(1.5 1.56986e-13 0)
(1.5 1.37154e-13 0)
(1.5 8.34406e-14 0)
(1.5 2.84384e-14 0)
(1.5 4.11985e-14 0)
(1.5 5.30605e-14 0)
(1.5 7.30031e-14 0)
(1.5 6.0117e-14 0)
(1.5 5.13482e-14 0)
(1.5 9.49619e-14 0)
(1.5 1.20294e-13 0)
(1.5 1.00493e-13 0)
(1.5 1.16971e-13 0)
(1.5 8.89215e-14 0)
(1.5 1.23686e-13 0)
(1.5 4.54397e-14 0)
(1.5 9.23669e-14 0)
(1.5 1.23852e-13 0)
(1.5 1.24359e-13 0)
(1.5 1.35205e-13 0)
(1.5 9.87563e-14 0)
(1.5 1.10942e-14 0)
(1.5 2.08292e-15 0)
(1.5 3.58684e-14 0)
(1.5 -5.75599e-16 0)
(1.5 -2.38693e-14 0)
(1.5 -5.0629e-15 0)
(1.5 -2.33896e-14 0)
(1.5 -2.54621e-14 0)
(1.5 2.43329e-14 0)
(1.5 -9.7463e-16 0)
(1.5 -6.51672e-14 0)
(1.5 -8.02289e-14 0)
(1.5 -1.07862e-13 0)
(1.5 -1.08713e-13 0)
(1.5 -1.02462e-13 0)
(1.5 2.06543e-14 0)
(1.5 1.04665e-13 0)
(1.5 1.40448e-13 0)
(1.5 1.01314e-13 0)
(1.5 5.43409e-14 0)
(1.5 9.57104e-14 0)
(1.5 9.34989e-14 0)
(1.5 1.13598e-13 0)
(1.5 4.62223e-14 0)
(1.5 1.09686e-14 0)
(1.5 2.47725e-14 0)
(1.5 9.16006e-15 0)
(1.5 1.0121e-15 0)
(1.5 3.76257e-14 0)
(1.5 8.41447e-14 0)
(1.5 2.15178e-13 0)
(1.5 2.07319e-13 0)
(1.5 1.76152e-13 0)
(1.5 1.76004e-13 0)
(1.5 2.90101e-13 0)
(1.5 2.99967e-13 0)
(1.5 2.28093e-13 0)
(1.5 2.3198e-13 0)
(1.5 2.33575e-13 0)
(1.5 2.05616e-13 0)
(1.5 2.2019e-13 0)
(1.5 1.76863e-13 0)
(1.5 2.91e-13 0)
(1.5 3.40936e-13 0)
(1.5 3.02422e-13 0)
(1.5 2.53942e-13 0)
(1.5 2.45927e-13 0)
(1.5 2.35705e-13 0)
(1.5 2.2062e-13 0)
(1.5 2.41819e-13 0)
(1.5 1.28913e-13 0)
(1.5 4.93438e-14 0)
(1.5 8.19586e-14 0)
(1.5 7.09224e-14 0)
(1.5 1.79342e-14 0)
(1.5 -1.33369e-14 0)
(1.5 2.53013e-14 0)
(1.5 -8.0353e-14 0)
(1.5 -1.08848e-13 0)
(1.5 -8.67866e-14 0)
(1.5 -1.0322e-13 0)
(1.5 -5.13183e-14 0)
(1.5 4.48432e-14 0)
(1.5 1.4997e-13 0)
(1.5 1.22996e-13 0)
(1.5 1.15288e-14 0)
(1.5 -6.43111e-14 0)
(1.5 -6.13824e-15 0)
(1.5 -3.71904e-14 0)
(1.5 -2.56016e-14 0)
(1.5 1.02248e-16 0)
(1.5 -4.18553e-14 0)
(1.5 4.24509e-14 0)
(1.5 4.64938e-14 0)
(1.5 9.40076e-15 0)
(1.5 -6.34271e-14 0)
(1.5 -1.93414e-13 0)
(1.5 -5.35975e-14 0)
(1.5 7.66412e-15 0)
(1.5 6.13064e-14 0)
(1.5 1.90629e-13 0)
(1.5 2.98387e-13 0)
(1.5 2.78545e-13 0)
(1.5 1.35814e-13 0)
(1.5 1.30066e-13 0)
(1.5 2.65023e-13 0)
(1.5 2.49125e-13 0)
(1.5 2.24243e-13 0)
(1.5 1.17421e-13 0)
(1.5 4.35764e-14 0)
(1.5 -3.74203e-14 0)
(1.5 -2.7651e-14 0)
(1.5 -4.0076e-14 0)
(1.5 -1.44041e-13 0)
(1.5 -2.40983e-13 0)
(1.5 -2.87975e-13 0)
(1.5 -2.61207e-13 0)
(1.5 -2.5073e-13 0)
(1.5 -3.37736e-13 0)
(1.5 -2.70338e-13 0)
(1.5 -2.24328e-13 0)
(1.5 -2.66187e-13 0)
(1.5 -1.08346e-13 0)
(1.5 -5.75062e-14 0)
(1.5 -1.05464e-13 0)
(1.5 -8.73953e-14 0)
(1.5 -2.606e-14 0)
(1.5 -4.25381e-14 0)
(1.5 -9.01892e-15 0)
(1.5 -1.19448e-13 0)
(1.5 -1.072e-13 0)
(1.5 -1.38191e-13 0)
(1.5 -9.15513e-14 0)
(1.5 -2.28799e-15 0)
(1.5 -9.1596e-15 0)
(1.5 1.04042e-13 0)
(1.5 1.68708e-13 0)
(1.5 2.31254e-13 0)
(1.5 1.40233e-13 0)
(1.5 4.28158e-14 0)
(1.5 2.2219e-13 0)
(1.5 2.013e-13 0)
(1.5 2.21671e-13 0)
(1.5 1.52781e-13 0)
(1.5 -6.96562e-14 0)
(1.5 4.48585e-14 0)
(1.5 7.49154e-14 0)
(1.5 6.80455e-14 0)
(1.5 -5.42449e-16 0)
(1.5 1.17014e-14 0)
(1.5 4.49508e-14 0)
(1.5 9.89031e-14 0)
(1.5 6.95049e-14 0)
(1.5 2.36355e-14 0)
(1.5 1.23448e-13 0)
(1.5 1.40087e-13 0)
(1.5 7.35014e-14 0)
(1.5 1.09172e-13 0)
(1.5 1.77291e-13 0)
(1.5 2.53076e-13 0)
(1.5 3.88122e-13 0)
(1.5 -1.0381e-14 0)
(1.5 -1.89442e-13 0)
(1.5 -1.82841e-13 0)
(1.5 -1.50115e-13 0)
(1.5 -1.12563e-13 0)
(1.5 -7.38561e-14 0)
(1.5 3.67518e-14 0)
(1.5 -6.63721e-15 0)
(1.5 4.40368e-14 0)
(1.5 4.99798e-14 0)
(1.5 3.58278e-14 0)
(1.5 -2.02504e-14 0)
(1.5 -7.60062e-14 0)
(1.5 -3.74723e-15 0)
(1.5 -9.30469e-14 0)
(1.5 -1.2466e-13 0)
(1.5 -1.4157e-13 0)
(1.5 -1.19245e-13 0)
(1.5 -8.40435e-14 0)
(1.5 1.03984e-13 0)
(1.5 1.60152e-13 0)
(1.5 1.72165e-13 0)
(1.5 1.8311e-13 0)
(1.5 2.16043e-13 0)
(1.5 3.29233e-13 0)
(1.5 3.2844e-13 0)
(1.5 2.48273e-13 0)
(1.5 1.53596e-13 0)
(1.5 1.57509e-13 0)
(1.5 2.76211e-13 0)
(1.5 2.95189e-13 0)
(1.5 2.01351e-13 0)
(1.5 1.37634e-13 0)
(1.5 1.34143e-13 0)
(1.5 1.02132e-13 0)
(1.5 1.33192e-13 0)
(1.5 8.89555e-14 0)
(1.5 4.37547e-14 0)
(1.5 -1.20821e-14 0)
(1.5 -8.43646e-14 0)
(1.5 -1.32656e-14 0)
(1.5 -7.42862e-15 0)
(1.5 7.52312e-14 0)
(1.5 1.58077e-13 0)
(1.5 1.8336e-13 0)
(1.5 1.824e-13 0)
(1.5 2.10342e-13 0)
(1.5 2.05337e-13 0)
(1.5 2.02595e-13 0)
(1.5 1.36872e-13 0)
(1.5 1.5624e-13 0)
(1.5 1.50528e-13 0)
(1.5 1.62026e-13 0)
(1.5 1.09655e-13 0)
(1.5 1.20029e-13 0)
(1.5 1.78812e-13 0)
(1.5 1.90407e-13 0)
(1.5 2.06018e-13 0)
(1.5 1.7049e-13 0)
(1.5 9.99442e-14 0)
(1.5 8.38518e-14 0)
(1.5 4.3702e-14 0)
(1.5 4.64343e-14 0)
(1.5 3.76536e-15 0)
(1.5 3.33483e-14 0)
(1.5 1.79886e-14 0)
(1.5 -2.26934e-14 0)
(1.5 -3.07523e-14 0)
(1.5 -1.35742e-14 0)
(1.5 3.07341e-14 0)
(1.5 1.30445e-13 0)
(1.5 1.55796e-13 0)
(1.5 1.08904e-13 0)
(1.5 1.04014e-13 0)
(1.5 1.77742e-13 0)
(1.5 2.45265e-13 0)
(1.5 3.20091e-13 0)
(1.5 2.74948e-13 0)
(1.5 2.06295e-13 0)
(1.5 1.5474e-13 0)
(1.5 2.40695e-13 0)
(1.5 1.92484e-13 0)
(1.5 9.90611e-14 0)
(1.5 2.63599e-14 0)
(1.5 4.35166e-14 0)
(1.5 5.7961e-14 0)
(1.5 6.27789e-14 0)
(1.5 1.05293e-13 0)
(1.5 1.33865e-13 0)
(1.5 2.39167e-13 0)
(1.5 2.58751e-13 0)
(1.5 2.4067e-13 0)
(1.5 1.53489e-13 0)
(1.5 1.21007e-13 0)
(1.5 1.66174e-13 0)
(1.5 1.99805e-13 0)
(1.5 2.18175e-13 0)
(1.5 2.1087e-13 0)
(1.5 1.70684e-13 0)
(1.5 1.89505e-13 0)
(1.5 2.11422e-13 0)
(1.5 3.12194e-13 0)
(1.5 3.75503e-13 0)
(1.5 3.77923e-13 0)
(1.5 3.11797e-13 0)
(1.5 3.06427e-13 0)
(1.5 2.47167e-13 0)
(1.5 1.80895e-13 0)
(1.5 1.14527e-13 0)
(1.5 1.0339e-13 0)
(1.5 1.40935e-13 0)
(1.5 1.80714e-13 0)
(1.5 1.61789e-13 0)
(1.5 9.53998e-14 0)
(1.5 6.31504e-14 0)
(1.5 -1.2785e-14 0)
(1.5 -7.77326e-14 0)
(1.5 -1.65254e-13 0)
(1.5 -1.91921e-13 0)
(1.5 -1.16115e-13 0)
(1.5 -4.05022e-14 0)
(1.5 1.52171e-14 0)
(1.5 5.13611e-14 0)
(1.5 -6.37324e-14 0)
(1.5 -1.26584e-13 0)
(1.5 -1.61967e-13 0)
(1.5 -1.5434e-13 0)
(1.5 -8.48105e-14 0)
(1.5 3.26388e-14 0)
(1.5 4.03373e-14 0)
(1.5 3.42634e-14 0)
(1.5 4.65674e-14 0)
(1.5 -6.86778e-14 0)
(1.5 -5.34363e-14 0)
(1.5 -1.08501e-14 0)
(1.5 -8.66603e-14 0)
(1.5 -4.24926e-16 0)
(1.5 2.45138e-14 0)
(1.5 8.26065e-14 0)
(1.5 1.34766e-13 0)
(1.5 1.7168e-13 0)
(1.5 1.81249e-13 0)
(1.5 1.59921e-13 0)
(1.5 1.80848e-13 0)
(1.5 2.84712e-13 0)
(1.5 3.20201e-13 0)
(1.5 3.18658e-13 0)
(1.5 1.47534e-13 0)
(1.5 6.47468e-14 0)
(1.5 1.65761e-14 0)
(1.5 9.39765e-14 0)
(1.5 1.06409e-13 0)
(1.5 -1.03672e-13 0)
(1.5 -2.69623e-13 0)
(1.5 -3.69748e-13 0)
(1.5 -2.78783e-13 0)
(1.5 -3.01243e-13 0)
(1.5 -3.11361e-13 0)
(1.5 -2.63781e-13 0)
(1.5 -2.24613e-13 0)
(1.5 -2.14669e-13 0)
(1.5 -3.25329e-14 0)
(1.5 5.17307e-14 0)
(1.5 -4.61452e-15 0)
(1.5 -1.6216e-14 0)
(1.5 -9.17354e-15 0)
(1.5 -2.25682e-14 0)
(1.5 -4.64613e-14 0)
(1.5 -1.38878e-13 0)
(1.5 -2.24097e-13 0)
(1.5 -1.79674e-13 0)
(1.5 -1.1779e-13 0)
(1.5 -1.20363e-13 0)
(1.5 -6.15014e-16 0)
(1.5 2.43881e-15 0)
(1.5 1.11347e-13 0)
(1.5 1.901e-13 0)
(1.5 3.27806e-14 0)
(1.5 5.78199e-14 0)
(1.5 1.64777e-13 0)
(1.5 2.33086e-13 0)
(1.5 2.33079e-13 0)
(1.5 2.51176e-14 0)
(1.5 -7.64075e-14 0)
(1.5 -4.45332e-14 0)
(1.5 4.15096e-14 0)
(1.5 3.23281e-14 0)
(1.5 -9.32441e-14 0)
(1.5 -1.26605e-13 0)
(1.5 2.62721e-14 0)
(1.5 1.06724e-13 0)
(1.5 1.28846e-13 0)
(1.5 6.35984e-14 0)
(1.5 1.8577e-13 0)
(1.5 2.36656e-13 0)
(1.5 1.97025e-13 0)
(1.5 1.67138e-13 0)
(1.5 1.94831e-13 0)
(1.5 2.66459e-13 0)
(1.5 3.55404e-13 0)
(1.5 -3.20044e-14 0)
(1.5 -9.97797e-14 0)
(1.5 -1.41747e-13 0)
(1.5 -1.21272e-13 0)
(1.5 -8.00114e-14 0)
(1.5 7.99763e-14 0)
(1.5 1.64659e-13 0)
(1.5 1.87857e-13 0)
(1.5 1.61225e-13 0)
(1.5 1.77099e-13 0)
(1.5 1.55819e-13 0)
(1.5 1.52282e-13 0)
(1.5 1.50919e-13 0)
(1.5 1.33649e-13 0)
(1.5 4.92957e-14 0)
(1.5 -1.44164e-14 0)
(1.5 -1.22087e-13 0)
(1.5 -1.44154e-14 0)
(1.5 1.40383e-14 0)
(1.5 1.13491e-13 0)
(1.5 1.91913e-13 0)
(1.5 2.06301e-13 0)
(1.5 2.36777e-13 0)
(1.5 2.94052e-13 0)
(1.5 3.66594e-13 0)
(1.5 3.97697e-13 0)
(1.5 3.14389e-13 0)
(1.5 2.75215e-13 0)
(1.5 2.37149e-13 0)
(1.5 3.04981e-13 0)
(1.5 2.46481e-13 0)
(1.5 2.12452e-13 0)
(1.5 2.0912e-13 0)
(1.5 1.63255e-13 0)
(1.5 5.50431e-14 0)
(1.5 1.59147e-14 0)
(1.5 -8.25987e-14 0)
(1.5 -9.15703e-14 0)
(1.5 -1.9697e-13 0)
(1.5 -2.23529e-13 0)
(1.5 -1.18881e-13 0)
(1.5 -8.43602e-15 0)
(1.5 5.67668e-14 0)
(1.5 1.66208e-13 0)
(1.5 2.12998e-13 0)
(1.5 2.04796e-13 0)
(1.5 1.64786e-13 0)
(1.5 1.83235e-13 0)
(1.5 2.0284e-13 0)
(1.5 9.50355e-14 0)
(1.5 5.49766e-14 0)
(1.5 8.71591e-14 0)
(1.5 6.69855e-14 0)
(1.5 9.72927e-14 0)
(1.5 1.0476e-13 0)
(1.5 1.7777e-13 0)
(1.5 2.53051e-13 0)
(1.5 1.95986e-13 0)
(1.5 2.09009e-13 0)
(1.5 1.99062e-13 0)
(1.5 1.60765e-13 0)
(1.5 3.13128e-14 0)
(1.5 5.18039e-15 0)
(1.5 -6.33025e-14 0)
(1.5 -6.76128e-14 0)
(1.5 -3.2647e-14 0)
(1.5 -5.58103e-14 0)
(1.5 -4.42852e-14 0)
(1.5 -1.57841e-14 0)
(1.5 5.67247e-14 0)
(1.5 1.29373e-13 0)
(1.5 1.3871e-13 0)
(1.5 1.77404e-13 0)
(1.5 1.49172e-13 0)
(1.5 1.38471e-13 0)
(1.5 1.99388e-13 0)
(1.5 3.07242e-13 0)
(1.5 3.60437e-13 0)
(1.5 3.16874e-13 0)
(1.5 2.94073e-13 0)
(1.5 2.77765e-13 0)
(1.5 2.00774e-13 0)
(1.5 2.04537e-13 0)
(1.5 1.58521e-13 0)
(1.5 5.62809e-14 0)
(1.5 2.44074e-14 0)
(1.5 5.68523e-15 0)
(1.5 1.6002e-13 0)
(1.5 1.79766e-13 0)
(1.5 1.67338e-13 0)
(1.5 3.3429e-13 0)
(1.5 3.69896e-13 0)
(1.5 3.61122e-13 0)
(1.5 2.24324e-13 0)
(1.5 2.4511e-13 0)
(1.5 3.22442e-13 0)
(1.5 3.00853e-13 0)
(1.5 2.71938e-13 0)
(1.5 2.60634e-13 0)
(1.5 2.09173e-13 0)
(1.5 2.77542e-13 0)
(1.5 2.69445e-13 0)
(1.5 3.00839e-13 0)
(1.5 3.14838e-13 0)
(1.5 2.73768e-13 0)
(1.5 2.44739e-13 0)
(1.5 2.25874e-13 0)
(1.5 2.34392e-13 0)
(1.5 1.32636e-13 0)
(1.5 1.57933e-13 0)
(1.5 2.38106e-13 0)
(1.5 2.34005e-13 0)
(1.5 1.94111e-13 0)
(1.5 1.5901e-13 0)
(1.5 1.3989e-13 0)
(1.5 5.95935e-14 0)
(1.5 3.22843e-14 0)
(1.5 -2.85627e-14 0)
(1.5 -1.31987e-13 0)
(1.5 -4.14491e-14 0)
(1.5 1.46437e-14 0)
(1.5 2.47071e-14 0)
(1.5 -3.90199e-14 0)
(1.5 -1.50691e-13 0)
(1.5 -1.99412e-13 0)
(1.5 -7.88409e-14 0)
(1.5 -1.20115e-13 0)
(1.5 -1.2496e-15 0)
(1.5 -1.33034e-14 0)
(1.5 -7.39867e-14 0)
(1.5 -7.3214e-14 0)
(1.5 -9.24975e-14 0)
(1.5 -1.42006e-13 0)
(1.5 -1.0793e-13 0)
(1.5 -2.6622e-14 0)
(1.5 7.7182e-14 0)
(1.5 1.46741e-13 0)
(1.5 1.38385e-13 0)
(1.5 9.20972e-14 0)
(1.5 4.21193e-14 0)
(1.5 3.17259e-14 0)
(1.5 1.06645e-14 0)
(1.5 1.02947e-13 0)
(1.5 1.40151e-13 0)
(1.5 1.27565e-13 0)
(1.5 1.63623e-13 0)
(1.5 2.17373e-13 0)
(1.5 1.40542e-13 0)
(1.5 9.97585e-14 0)
(1.5 1.01314e-13 0)
(1.5 1.18684e-13 0)
(1.5 8.11426e-14 0)
(1.5 -1.08168e-13 0)
(1.5 -2.52695e-13 0)
(1.5 -3.08588e-13 0)
(1.5 -2.22903e-13 0)
(1.5 -2.13028e-13 0)
(1.5 -1.39606e-13 0)
(1.5 -9.78151e-14 0)
(1.5 -3.8184e-15 0)
(1.5 -1.68612e-14 0)
(1.5 2.185e-14 0)
(1.5 1.19073e-13 0)
(1.5 1.91911e-13 0)
(1.5 2.03099e-13 0)
(1.5 1.61272e-13 0)
(1.5 1.60126e-13 0)
(1.5 6.00137e-14 0)
(1.5 1.35284e-14 0)
(1.5 -8.00503e-14 0)
(1.5 1.34493e-14 0)
(1.5 3.21448e-14 0)
(1.5 2.01756e-14 0)
(1.5 6.94326e-14 0)
(1.5 2.09541e-14 0)
(1.5 7.40683e-14 0)
(1.5 2.72822e-14 0)
(1.5 -1.40064e-14 0)
(1.5 1.07774e-13 0)
(1.5 8.27606e-14 0)
(1.5 1.99033e-13 0)
(1.5 1.94057e-13 0)
(1.5 1.25091e-13 0)
(1.5 1.5688e-13 0)
(1.5 3.73743e-14 0)
(1.5 3.83693e-15 0)
(1.5 -6.34003e-14 0)
(1.5 -1.2177e-13 0)
(1.5 -1.34572e-13 0)
(1.5 -7.79654e-15 0)
(1.5 6.7667e-14 0)
(1.5 1.56902e-13 0)
(1.5 2.02044e-13 0)
(1.5 2.69793e-13 0)
(1.5 3.14986e-13 0)
(1.5 4.18548e-13 0)
(1.5 3.96473e-13 0)
(1.5 3.81541e-13 0)
(1.5 3.44273e-13 0)
(1.5 3.47511e-13 0)
(1.5 -3.1165e-14 0)
(1.5 -1.81778e-14 0)
(1.5 -8.58603e-14 0)
(1.5 -1.07274e-13 0)
(1.5 -2.90112e-14 0)
(1.5 1.17078e-13 0)
(1.5 1.4871e-13 0)
(1.5 2.63544e-13 0)
(1.5 2.2021e-13 0)
(1.5 2.67028e-13 0)
(1.5 2.62863e-13 0)
(1.5 2.29885e-13 0)
(1.5 2.73048e-13 0)
(1.5 2.00864e-13 0)
(1.5 1.31854e-13 0)
(1.5 3.71506e-14 0)
(1.5 -7.53812e-14 0)
(1.5 2.23388e-14 0)
(1.5 5.39215e-14 0)
(1.5 6.59825e-14 0)
(1.5 1.57822e-13 0)
(1.5 1.91565e-13 0)
(1.5 2.74966e-13 0)
(1.5 3.44019e-13 0)
(1.5 3.82534e-13 0)
(1.5 4.42882e-13 0)
(1.5 3.71766e-13 0)
(1.5 3.51337e-13 0)
(1.5 3.04796e-13 0)
(1.5 3.01559e-13 0)
(1.5 2.20463e-13 0)
(1.5 2.10158e-13 0)
(1.5 1.84972e-13 0)
(1.5 1.02073e-13 0)
(1.5 1.67148e-14 0)
(1.5 -6.1178e-14 0)
(1.5 -1.77902e-13 0)
(1.5 -1.71915e-13 0)
(1.5 -2.50982e-13 0)
(1.5 -2.27791e-13 0)
(1.5 -1.6447e-13 0)
(1.5 -7.81596e-14 0)
(1.5 -4.08538e-14 0)
(1.5 4.27141e-14 0)
(1.5 1.5602e-13 0)
(1.5 1.42167e-13 0)
(1.5 7.54122e-14 0)
(1.5 6.93952e-14 0)
(1.5 3.44964e-14 0)
(1.5 -3.79075e-14 0)
(1.5 -1.0098e-13 0)
(1.5 -1.03747e-13 0)
(1.5 -1.06976e-13 0)
(1.5 -3.62973e-14 0)
(1.5 3.85788e-15 0)
(1.5 9.70421e-14 0)
(1.5 1.84404e-13 0)
(1.5 1.44227e-13 0)
(1.5 1.50967e-13 0)
(1.5 1.87665e-13 0)
(1.5 1.64868e-13 0)
(1.5 4.3679e-14 0)
(1.5 -4.54968e-15 0)
(1.5 -5.93305e-14 0)
(1.5 -1.1534e-13 0)
(1.5 -8.71279e-14 0)
(1.5 -1.07428e-13 0)
(1.5 -4.86545e-14 0)
(1.5 -4.3624e-14 0)
(1.5 -4.23009e-14 0)
(1.5 -1.52278e-14 0)
(1.5 8.99965e-15 0)
(1.5 9.13861e-14 0)
(1.5 9.43582e-14 0)
(1.5 1.27267e-13 0)
(1.5 1.73379e-13 0)
(1.5 2.18443e-13 0)
(1.5 3.40691e-13 0)
(1.5 3.15948e-13 0)
(1.5 3.27455e-13 0)
(1.5 2.8947e-13 0)
(1.5 2.57223e-13 0)
(1.5 2.52066e-13 0)
(1.5 2.44379e-13 0)
(1.5 9.37753e-14 0)
(1.5 -1.53407e-14 0)
(1.5 -6.46317e-14 0)
(1.5 9.4356e-14 0)
(1.5 1.36302e-13 0)
(1.5 1.10734e-13 0)
(1.5 3.37103e-13 0)
(1.5 4.04163e-13 0)
(1.5 4.87569e-13 0)
(1.5 3.52947e-13 0)
(1.5 3.13484e-13 0)
(1.5 3.69575e-13 0)
(1.5 3.32119e-13 0)
(1.5 3.01011e-13 0)
(1.5 3.16403e-13 0)
(1.5 2.5407e-13 0)
(1.5 2.73478e-13 0)
(1.5 2.00085e-13 0)
(1.5 1.83438e-13 0)
(1.5 1.93722e-13 0)
(1.5 1.79601e-13 0)
(1.5 1.87541e-13 0)
(1.5 2.17427e-13 0)
(1.5 2.78389e-13 0)
(1.5 1.99337e-13 0)
(1.5 1.72305e-13 0)
(1.5 2.57708e-13 0)
(1.5 2.38022e-13 0)
(1.5 2.39883e-13 0)
(1.5 1.80523e-13 0)
(1.5 9.33668e-14 0)
(1.5 4.76019e-14 0)
(1.5 5.85593e-14 0)
(1.5 1.09906e-14 0)
(1.5 -4.19093e-14 0)
(1.5 2.59249e-15 0)
(1.5 3.08276e-14 0)
(1.5 3.42366e-14 0)
(1.5 -5.01846e-14 0)
(1.5 -1.63456e-13 0)
(1.5 -1.38665e-13 0)
(1.5 2.80254e-14 0)
(1.5 -1.11999e-14 0)
(1.5 8.253e-14 0)
(1.5 6.22595e-14 0)
(1.5 9.88902e-18 0)
(1.5 -7.55936e-14 0)
(1.5 -1.01685e-13 0)
(1.5 -2.43884e-14 0)
(1.5 -1.43276e-15 0)
(1.5 4.54359e-14 0)
(1.5 1.6107e-13 0)
(1.5 2.37198e-13 0)
(1.5 1.96601e-13 0)
(1.5 1.11583e-13 0)
(1.5 5.38667e-14 0)
(1.5 -2.55734e-14 0)
(1.5 -6.55303e-14 0)
(1.5 5.83175e-14 0)
(1.5 9.40561e-14 0)
(1.5 5.07111e-14 0)
(1.5 6.09245e-15 0)
(1.5 -1.40418e-14 0)
(1.5 6.9035e-14 0)
(1.5 6.27392e-14 0)
(1.5 1.00212e-13 0)
(1.5 1.30503e-13 0)
(1.5 2.01649e-14 0)
(1.5 -1.09056e-13 0)
(1.5 -1.62076e-13 0)
(1.5 -1.60299e-13 0)
(1.5 -1.40311e-13 0)
(1.5 -1.50511e-13 0)
(1.5 -5.21856e-14 0)
(1.5 -1.33965e-14 0)
(1.5 2.40195e-14 0)
(1.5 -3.55936e-15 0)
(1.5 -1.92792e-14 0)
(1.5 7.36343e-14 0)
(1.5 2.33659e-13 0)
(1.5 3.23416e-13 0)
(1.5 3.19143e-13 0)
(1.5 2.86366e-13 0)
(1.5 1.05999e-13 0)
(1.5 9.2734e-14 0)
(1.5 7.71342e-14 0)
(1.5 1.16173e-13 0)
(1.5 1.30023e-13 0)
(1.5 1.32304e-13 0)
(1.5 3.25056e-14 0)
(1.5 1.52203e-15 0)
(1.5 -3.49494e-14 0)
(1.5 -1.18513e-13 0)
(1.5 -6.9635e-14 0)
(1.5 1.21117e-14 0)
(1.5 -1.62395e-15 0)
(1.5 1.16328e-13 0)
(1.5 9.57256e-14 0)
(1.5 1.71005e-13 0)
(1.5 2.32889e-13 0)
(1.5 1.64123e-13 0)
(1.5 7.09946e-14 0)
(1.5 -1.93816e-14 0)
(1.5 1.34024e-14 0)
(1.5 7.66133e-14 0)
(1.5 8.30086e-15 0)
(1.5 -2.89661e-14 0)
(1.5 4.46033e-14 0)
(1.5 2.78217e-13 0)
(1.5 3.99107e-13 0)
(1.5 4.34137e-13 0)
(1.5 5.4544e-13 0)
(1.5 6.06196e-13 0)
(1.5 6.05594e-13 0)
(1.5 5.33371e-13 0)
(1.5 5.0058e-13 0)
(1.5 -3.47846e-14 0)
(1.5 -8.12967e-14 0)
(1.5 -8.38994e-14 0)
(1.5 -1.03949e-13 0)
(1.5 -8.1531e-14 0)
(1.5 2.73212e-15 0)
(1.5 3.71578e-14 0)
(1.5 1.26627e-13 0)
(1.5 1.71578e-13 0)
(1.5 2.64056e-13 0)
(1.5 2.2716e-13 0)
(1.5 1.74731e-13 0)
(1.5 1.81862e-13 0)
(1.5 1.40145e-13 0)
(1.5 1.16756e-13 0)
(1.5 6.38551e-14 0)
(1.5 -1.00636e-14 0)
(1.5 7.52865e-15 0)
(1.5 4.44887e-14 0)
(1.5 9.07721e-14 0)
(1.5 1.06039e-13 0)
(1.5 1.45413e-13 0)
(1.5 2.60643e-13 0)
(1.5 3.53009e-13 0)
(1.5 3.62895e-13 0)
(1.5 3.94558e-13 0)
(1.5 3.86855e-13 0)
(1.5 4.25124e-13 0)
(1.5 3.97059e-13 0)
(1.5 3.46386e-13 0)
(1.5 2.52629e-13 0)
(1.5 2.64045e-13 0)
(1.5 2.07165e-13 0)
(1.5 1.37026e-13 0)
(1.5 7.69939e-14 0)
(1.5 -5.59134e-14 0)
(1.5 -1.21257e-13 0)
(1.5 -8.55866e-14 0)
(1.5 -1.18716e-13 0)
(1.5 -1.54229e-13 0)
(1.5 -1.30855e-13 0)
(1.5 -6.90182e-14 0)
(1.5 -4.17799e-14 0)
(1.5 -3.58895e-15 0)
(1.5 8.37441e-14 0)
(1.5 1.256e-13 0)
(1.5 1.04707e-13 0)
(1.5 3.46358e-14 0)
(1.5 -1.26007e-14 0)
(1.5 -3.39531e-14 0)
(1.5 -1.03025e-13 0)
(1.5 -1.40538e-13 0)
(1.5 -1.08767e-13 0)
(1.5 -3.39233e-14 0)
(1.5 1.48177e-14 0)
(1.5 7.96286e-14 0)
(1.5 9.68746e-14 0)
(1.5 1.05257e-13 0)
(1.5 9.56225e-14 0)
(1.5 1.09901e-13 0)
(1.5 1.07421e-13 0)
(1.5 6.86476e-14 0)
(1.5 4.90485e-14 0)
(1.5 1.89648e-14 0)
(1.5 -1.62083e-14 0)
(1.5 -1.97429e-14 0)
(1.5 -6.29775e-16 0)
(1.5 3.36303e-14 0)
(1.5 3.30385e-14 0)
(1.5 -3.58052e-14 0)
(1.5 -9.61414e-14 0)
(1.5 -3.31766e-14 0)
(1.5 2.27864e-14 0)
(1.5 5.21601e-14 0)
(1.5 1.11015e-13 0)
(1.5 1.50712e-13 0)
(1.5 1.45574e-13 0)
(1.5 2.69705e-13 0)
(1.5 2.87508e-13 0)
(1.5 2.39346e-13 0)
(1.5 1.95522e-13 0)
(1.5 1.42722e-13 0)
(1.5 1.58355e-13 0)
(1.5 1.91777e-13 0)
(1.5 8.93739e-14 0)
(1.5 2.7562e-14 0)
(1.5 3.61787e-14 0)
(1.5 9.53457e-14 0)
(1.5 1.15822e-13 0)
(1.5 1.27003e-13 0)
(1.5 2.39183e-13 0)
(1.5 3.138e-13 0)
(1.5 3.86211e-13 0)
(1.5 3.30482e-13 0)
(1.5 3.09067e-13 0)
(1.5 4.06732e-13 0)
(1.5 4.26417e-13 0)
(1.5 4.05215e-13 0)
(1.5 3.00245e-13 0)
(1.5 2.72844e-13 0)
(1.5 2.8475e-13 0)
(1.5 2.94279e-13 0)
(1.5 2.26666e-13 0)
(1.5 1.38198e-13 0)
(1.5 1.57189e-13 0)
(1.5 2.26009e-13 0)
(1.5 1.9712e-13 0)
(1.5 2.26943e-13 0)
(1.5 2.04912e-13 0)
(1.5 2.01852e-13 0)
(1.5 1.77947e-13 0)
(1.5 1.45188e-13 0)
(1.5 2.02122e-13 0)
(1.5 1.47409e-13 0)
(1.5 5.92853e-14 0)
(1.5 -5.40156e-15 0)
(1.5 -8.71107e-14 0)
(1.5 -1.17916e-13 0)
(1.5 -3.21651e-14 0)
(1.5 5.81995e-14 0)
(1.5 8.88711e-14 0)
(1.5 4.18043e-14 0)
(1.5 -8.38465e-15 0)
(1.5 -1.0073e-13 0)
(1.5 -9.99911e-14 0)
(1.5 -1.00081e-13 0)
(1.5 -1.32049e-13 0)
(1.5 2.39723e-14 0)
(1.5 7.93898e-14 0)
(1.5 8.41545e-14 0)
(1.5 7.04056e-14 0)
(1.5 7.36051e-14 0)
(1.5 1.85125e-13 0)
(1.5 1.57472e-13 0)
(1.5 1.75813e-13 0)
(1.5 2.64424e-13 0)
(1.5 3.24352e-13 0)
(1.5 3.37598e-13 0)
(1.5 3.07341e-13 0)
(1.5 2.52713e-13 0)
(1.5 1.17307e-13 0)
(1.5 1.16715e-13 0)
(1.5 2.38025e-13 0)
(1.5 2.94897e-13 0)
(1.5 2.68499e-13 0)
(1.5 2.10738e-13 0)
(1.5 1.10709e-13 0)
(1.5 2.11057e-13 0)
(1.5 2.09397e-13 0)
(1.5 2.03324e-13 0)
(1.5 1.57083e-13 0)
(1.5 6.26558e-14 0)
(1.5 -1.8048e-14 0)
(1.5 -3.37833e-14 0)
(1.5 -6.98044e-14 0)
(1.5 -7.2657e-15 0)
(1.5 -5.25692e-14 0)
(1.5 -5.17836e-14 0)
(1.5 -1.78173e-14 0)
(1.5 -3.32385e-14 0)
(1.5 1.22389e-14 0)
(1.5 4.392e-14 0)
(1.5 1.34277e-13 0)
(1.5 3.26707e-13 0)
(1.5 4.49862e-13 0)
(1.5 4.73749e-13 0)
(1.5 3.78277e-13 0)
(1.5 2.22719e-13 0)
(1.5 2.18598e-13 0)
(1.5 1.97431e-13 0)
(1.5 1.94754e-13 0)
(1.5 1.8512e-13 0)
(1.5 1.64894e-13 0)
(1.5 -2.87594e-14 0)
(1.5 -9.63873e-14 0)
(1.5 -1.98149e-13 0)
(1.5 -2.03658e-13 0)
(1.5 -1.41686e-13 0)
(1.5 -5.90545e-14 0)
(1.5 1.01197e-14 0)
(1.5 7.23365e-14 0)
(1.5 6.14819e-14 0)
(1.5 9.33357e-14 0)
(1.5 1.23662e-13 0)
(1.5 1.68914e-13 0)
(1.5 1.27291e-13 0)
(1.5 1.17622e-13 0)
(1.5 1.29537e-13 0)
(1.5 2.17666e-13 0)
(1.5 1.40992e-13 0)
(1.5 1.07359e-13 0)
(1.5 1.39958e-13 0)
(1.5 3.90638e-13 0)
(1.5 5.87007e-13 0)
(1.5 6.33523e-13 0)
(1.5 6.9261e-13 0)
(1.5 8.18725e-13 0)
(1.5 8.43137e-13 0)
(1.5 7.68895e-13 0)
(1.5 6.67307e-13 0)
(1.5 -8.41945e-15 0)
(1.5 -9.32534e-14 0)
(1.5 -1.24005e-13 0)
(1.5 -1.52214e-13 0)
(1.5 -1.38088e-13 0)
(1.5 -3.22487e-14 0)
(1.5 -8.47761e-16 0)
(1.5 5.99834e-14 0)
(1.5 1.49399e-13 0)
(1.5 2.44226e-13 0)
(1.5 2.62465e-13 0)
(1.5 1.88523e-13 0)
(1.5 1.16577e-13 0)
(1.5 7.95641e-14 0)
(1.5 1.24303e-13 0)
(1.5 1.55806e-13 0)
(1.5 1.40678e-13 0)
(1.5 1.03215e-13 0)
(1.5 1.45285e-13 0)
(1.5 1.47883e-13 0)
(1.5 9.04515e-14 0)
(1.5 1.2177e-13 0)
(1.5 1.739e-13 0)
(1.5 2.55014e-13 0)
(1.5 2.75676e-13 0)
(1.5 2.58096e-13 0)
(1.5 3.19033e-13 0)
(1.5 3.99484e-13 0)
(1.5 4.31205e-13 0)
(1.5 3.28688e-13 0)
(1.5 2.83393e-13 0)
(1.5 2.43783e-13 0)
(1.5 1.86652e-13 0)
(1.5 1.01594e-13 0)
(1.5 1.94551e-14 0)
(1.5 -2.07468e-14 0)
(1.5 -5.90441e-15 0)
(1.5 4.50632e-16 0)
(1.5 2.22541e-14 0)
(1.5 -6.45516e-14 0)
(1.5 -1.06037e-13 0)
(1.5 -8.29527e-14 0)
(1.5 -5.12155e-14 0)
(1.5 -5.46975e-14 0)
(1.5 -4.53827e-14 0)
(1.5 -2.32912e-16 0)
(1.5 -9.01383e-15 0)
(1.5 3.29081e-15 0)
(1.5 4.10627e-14 0)
(1.5 1.10468e-14 0)
(1.5 -4.11095e-15 0)
(1.5 -3.10926e-14 0)
(1.5 -3.73068e-14 0)
(1.5 -1.96995e-14 0)
(1.5 6.02243e-15 0)
(1.5 6.51465e-15 0)
(1.5 -2.10374e-14 0)
(1.5 1.43373e-15 0)
(1.5 1.99139e-14 0)
(1.5 -1.92049e-14 0)
(1.5 1.27773e-14 0)
(1.5 -5.81595e-15 0)
(1.5 4.37763e-16 0)
(1.5 -1.60504e-14 0)
(1.5 8.79486e-15 0)
(1.5 2.94044e-14 0)
(1.5 3.15425e-14 0)
(1.5 2.57865e-14 0)
(1.5 -1.06457e-14 0)
(1.5 1.02201e-14 0)
(1.5 -3.92598e-14 0)
(1.5 4.30238e-14 0)
(1.5 3.60522e-14 0)
(1.5 7.65365e-14 0)
(1.5 1.23292e-13 0)
(1.5 1.74181e-13 0)
(1.5 1.86207e-13 0)
(1.5 1.97298e-13 0)
(1.5 2.19968e-13 0)
(1.5 2.00225e-13 0)
(1.5 1.63167e-13 0)
(1.5 1.09823e-13 0)
(1.5 1.44461e-13 0)
(1.5 1.68481e-13 0)
(1.5 1.20712e-13 0)
(1.5 1.33698e-13 0)
(1.5 1.65645e-13 0)
(1.5 1.58023e-13 0)
(1.5 1.58691e-13 0)
(1.5 2.04013e-13 0)
(1.5 1.46072e-13 0)
(1.5 1.91939e-13 0)
(1.5 2.18553e-13 0)
(1.5 2.62734e-13 0)
(1.5 2.83251e-13 0)
(1.5 3.41438e-13 0)
(1.5 3.8261e-13 0)
(1.5 3.36333e-13 0)
(1.5 3.02835e-13 0)
(1.5 3.53892e-13 0)
(1.5 3.588e-13 0)
(1.5 3.00831e-13 0)
(1.5 2.01885e-13 0)
(1.5 1.491e-13 0)
(1.5 2.60126e-13 0)
(1.5 3.0065e-13 0)
(1.5 2.71392e-13 0)
(1.5 2.85204e-13 0)
(1.5 2.67962e-13 0)
(1.5 2.4704e-13 0)
(1.5 1.48539e-13 0)
(1.5 9.17944e-14 0)
(1.5 5.55553e-14 0)
(1.5 6.56546e-14 0)
(1.5 7.69743e-14 0)
(1.5 -1.18971e-14 0)
(1.5 -1.34486e-13 0)
(1.5 -1.11299e-13 0)
(1.5 -2.94154e-14 0)
(1.5 -1.63311e-17 0)
(1.5 2.83795e-14 0)
(1.5 -4.43974e-14 0)
(1.5 -7.15006e-14 0)
(1.5 -6.01079e-14 0)
(1.5 -8.12671e-14 0)
(1.5 -1.3732e-13 0)
(1.5 -1.76038e-13 0)
(1.5 -7.88223e-14 0)
(1.5 -5.72872e-14 0)
(1.5 -5.0562e-15 0)
(1.5 4.73438e-14 0)
(1.5 6.87897e-14 0)
(1.5 2.30119e-13 0)
(1.5 1.91164e-13 0)
(1.5 1.50974e-13 0)
(1.5 2.08618e-13 0)
(1.5 2.64842e-13 0)
(1.5 3.29491e-13 0)
(1.5 3.01039e-13 0)
(1.5 2.60135e-13 0)
(1.5 1.93503e-13 0)
(1.5 1.47516e-13 0)
(1.5 1.97318e-13 0)
(1.5 2.94453e-13 0)
(1.5 3.23353e-13 0)
(1.5 3.02326e-13 0)
(1.5 2.80929e-13 0)
(1.5 2.86226e-13 0)
(1.5 2.0472e-13 0)
(1.5 1.01389e-13 0)
(1.5 -6.5667e-14 0)
(1.5 -9.57938e-14 0)
(1.5 -4.9399e-14 0)
(1.5 -1.99519e-14 0)
(1.5 -4.01453e-14 0)
(1.5 2.32315e-14 0)
(1.5 1.77467e-14 0)
(1.5 -8.72335e-14 0)
(1.5 -9.68211e-14 0)
(1.5 -1.20853e-13 0)
(1.5 -1.51676e-14 0)
(1.5 7.85348e-14 0)
(1.5 1.02551e-13 0)
(1.5 2.55886e-13 0)
(1.5 3.65228e-13 0)
(1.5 4.05081e-13 0)
(1.5 3.622e-13 0)
(1.5 3.45313e-13 0)
(1.5 3.53266e-13 0)
(1.5 2.87354e-13 0)
(1.5 2.09283e-13 0)
(1.5 6.64541e-14 0)
(1.5 1.10346e-14 0)
(1.5 -1.96305e-13 0)
(1.5 -2.46791e-13 0)
(1.5 -3.23833e-13 0)
(1.5 -2.5912e-13 0)
(1.5 -1.72155e-13 0)
(1.5 -8.94852e-14 0)
(1.5 -9.05366e-14 0)
(1.5 -8.87951e-14 0)
(1.5 -9.29341e-14 0)
(1.5 -6.52655e-14 0)
(1.5 -8.84472e-15 0)
(1.5 8.98141e-14 0)
(1.5 1.17499e-13 0)
(1.5 1.36085e-13 0)
(1.5 1.33374e-13 0)
(1.5 1.82901e-13 0)
(1.5 1.97756e-13 0)
(1.5 3.44651e-13 0)
(1.5 3.53137e-13 0)
(1.5 4.69841e-13 0)
(1.5 6.24947e-13 0)
(1.5 6.93116e-13 0)
(1.5 7.5082e-13 0)
(1.5 7.78679e-13 0)
(1.5 8.27593e-13 0)
(1.5 8.02939e-13 0)
(1.5 6.89474e-13 0)
(1.5 2.54971e-14 0)
(1.5 -4.60971e-14 0)
(1.5 -1.06207e-13 0)
(1.5 -1.92436e-13 0)
(1.5 -1.92371e-13 0)
(1.5 -9.04554e-14 0)
(1.5 6.77871e-15 0)
(1.5 8.53243e-14 0)
(1.5 1.18454e-13 0)
(1.5 2.00093e-13 0)
(1.5 2.84864e-13 0)
(1.5 2.11306e-13 0)
(1.5 1.57257e-13 0)
(1.5 1.79239e-13 0)
(1.5 2.43403e-13 0)
(1.5 2.76558e-13 0)
(1.5 2.87663e-13 0)
(1.5 2.65221e-13 0)
(1.5 2.65653e-13 0)
(1.5 1.73777e-13 0)
(1.5 1.48526e-13 0)
(1.5 1.40196e-13 0)
(1.5 1.4101e-13 0)
(1.5 2.06784e-13 0)
(1.5 2.29943e-13 0)
(1.5 2.33218e-13 0)
(1.5 2.49668e-13 0)
(1.5 2.69039e-13 0)
(1.5 3.02656e-13 0)
(1.5 2.87179e-13 0)
(1.5 2.73869e-13 0)
(1.5 2.30915e-13 0)
(1.5 1.51053e-13 0)
(1.5 8.8271e-14 0)
(1.5 4.19285e-14 0)
(1.5 4.60202e-14 0)
(1.5 1.02346e-13 0)
(1.5 5.55785e-14 0)
(1.5 8.27728e-14 0)
(1.5 4.12621e-14 0)
(1.5 -1.1022e-14 0)
(1.5 -5.12954e-14 0)
(1.5 4.82488e-15 0)
(1.5 -1.54951e-14 0)
(1.5 -6.23529e-14 0)
(1.5 -7.59726e-14 0)
(1.5 -7.30335e-14 0)
(1.5 2.19068e-14 0)
(1.5 8.3457e-14 0)
(1.5 6.29959e-14 0)
(1.5 9.56992e-14 0)
(1.5 5.80298e-14 0)
(1.5 1.92453e-14 0)
(1.5 -6.6639e-15 0)
(1.5 -2.72316e-14 0)
(1.5 -4.65118e-14 0)
(1.5 -8.15884e-14 0)
(1.5 -4.51826e-14 0)
(1.5 7.64001e-15 0)
(1.5 -5.84182e-14 0)
(1.5 -4.16724e-14 0)
(1.5 -3.10495e-14 0)
(1.5 1.66238e-14 0)
(1.5 1.52594e-14 0)
(1.5 5.1949e-14 0)
(1.5 5.56397e-14 0)
(1.5 5.02345e-14 0)
(1.5 -2.18474e-14 0)
(1.5 -6.25144e-14 0)
(1.5 2.39431e-14 0)
(1.5 7.85589e-14 0)
(1.5 1.17089e-13 0)
(1.5 9.70267e-14 0)
(1.5 1.46187e-13 0)
(1.5 2.13963e-13 0)
(1.5 2.33692e-13 0)
(1.5 2.949e-13 0)
(1.5 2.64343e-13 0)
(1.5 2.15636e-13 0)
(1.5 2.18891e-13 0)
(1.5 2.49765e-13 0)
(1.5 2.09553e-13 0)
(1.5 1.57817e-13 0)
(1.5 1.52077e-13 0)
(1.5 2.02337e-13 0)
(1.5 2.64493e-13 0)
(1.5 2.64606e-13 0)
(1.5 1.73456e-13 0)
(1.5 1.83289e-13 0)
(1.5 2.09887e-13 0)
(1.5 6.50636e-14 0)
(1.5 1.58004e-14 0)
(1.5 1.27879e-14 0)
(1.5 6.14903e-14 0)
(1.5 9.40111e-14 0)
(1.5 1.02089e-13 0)
(1.5 2.10823e-13 0)
(1.5 2.3443e-13 0)
(1.5 2.85206e-13 0)
(1.5 3.91789e-13 0)
(1.5 3.97289e-13 0)
(1.5 2.32149e-13 0)
(1.5 1.4436e-13 0)
(1.5 1.62053e-13 0)
(1.5 3.06064e-13 0)
(1.5 3.44442e-13 0)
(1.5 3.39909e-13 0)
(1.5 2.61815e-13 0)
(1.5 2.67283e-13 0)
(1.5 2.01529e-13 0)
(1.5 1.4546e-13 0)
(1.5 9.70247e-14 0)
(1.5 -6.92879e-15 0)
(1.5 -3.54099e-14 0)
(1.5 2.8007e-15 0)
(1.5 8.49971e-16 0)
(1.5 -8.12567e-16 0)
(1.5 4.0848e-14 0)
(1.5 4.3874e-14 0)
(1.5 -1.63129e-15 0)
(1.5 -2.96e-15 0)
(1.5 -3.89274e-14 0)
(1.5 -1.627e-13 0)
(1.5 -1.4778e-13 0)
(1.5 -1.39078e-13 0)
(1.5 -1.84801e-13 0)
(1.5 -1.85947e-13 0)
(1.5 -2.71012e-13 0)
(1.5 -2.14399e-13 0)
(1.5 -1.57024e-13 0)
(1.5 -5.73092e-14 0)
(1.5 -2.23972e-14 0)
(1.5 1.17165e-13 0)
(1.5 1.94389e-13 0)
(1.5 1.24258e-13 0)
(1.5 5.50298e-14 0)
(1.5 2.14201e-14 0)
(1.5 1.60078e-13 0)
(1.5 1.92932e-13 0)
(1.5 1.33115e-13 0)
(1.5 9.07292e-14 0)
(1.5 -6.5239e-15 0)
(1.5 1.5509e-14 0)
(1.5 9.72213e-14 0)
(1.5 1.88833e-13 0)
(1.5 2.64685e-13 0)
(1.5 2.34873e-13 0)
(1.5 2.00529e-13 0)
(1.5 9.78274e-14 0)
(1.5 -7.39319e-14 0)
(1.5 -1.94274e-13 0)
(1.5 -2.35798e-13 0)
(1.5 -2.0307e-13 0)
(1.5 -1.09716e-13 0)
(1.5 -4.70937e-15 0)
(1.5 2.32698e-16 0)
(1.5 5.4859e-14 0)
(1.5 -1.50928e-14 0)
(1.5 -1.05095e-13 0)
(1.5 -1.1881e-13 0)
(1.5 -3.4378e-14 0)
(1.5 4.8151e-14 0)
(1.5 5.95547e-14 0)
(1.5 1.21908e-13 0)
(1.5 2.10219e-13 0)
(1.5 3.00812e-13 0)
(1.5 2.80896e-13 0)
(1.5 3.77844e-13 0)
(1.5 4.54524e-13 0)
(1.5 3.77457e-13 0)
(1.5 1.72414e-13 0)
(1.5 -7.60283e-14 0)
(1.5 -2.00761e-13 0)
(1.5 -2.77827e-13 0)
(1.5 -2.57029e-13 0)
(1.5 -2.86309e-13 0)
(1.5 -3.10068e-13 0)
(1.5 -1.96272e-13 0)
(1.5 -1.287e-13 0)
(1.5 -1.96875e-13 0)
(1.5 -2.30965e-13 0)
(1.5 -1.57928e-13 0)
(1.5 -6.35992e-14 0)
(1.5 2.84605e-14 0)
(1.5 1.40799e-13 0)
(1.5 1.7953e-13 0)
(1.5 1.50477e-13 0)
(1.5 1.72665e-13 0)
(1.5 2.29789e-13 0)
(1.5 3.10114e-13 0)
(1.5 4.31522e-13 0)
(1.5 4.89096e-13 0)
(1.5 5.98584e-13 0)
(1.5 5.61342e-13 0)
(1.5 5.83196e-13 0)
(1.5 6.0321e-13 0)
(1.5 5.55342e-13 0)
(1.5 6.19617e-13 0)
(1.5 6.80761e-13 0)
(1.5 6.67189e-13 0)
(1.5 -2.72979e-14 0)
(1.5 -5.16228e-14 0)
(1.5 -9.18687e-14 0)
(1.5 -2.2824e-13 0)
(1.5 -2.34467e-13 0)
(1.5 -2.26503e-13 0)
(1.5 -8.54581e-14 0)
(1.5 -1.12794e-14 0)
(1.5 5.45184e-14 0)
(1.5 1.32858e-13 0)
(1.5 1.76941e-13 0)
(1.5 1.61918e-13 0)
(1.5 1.48884e-13 0)
(1.5 1.99587e-13 0)
(1.5 2.24484e-13 0)
(1.5 2.82891e-13 0)
(1.5 3.74391e-13 0)
(1.5 3.07419e-13 0)
(1.5 2.26712e-13 0)
(1.5 1.26299e-13 0)
(1.5 1.42333e-13 0)
(1.5 1.41442e-13 0)
(1.5 1.56538e-13 0)
(1.5 1.97369e-13 0)
(1.5 2.02668e-13 0)
(1.5 1.91325e-13 0)
(1.5 1.96005e-13 0)
(1.5 1.5076e-13 0)
(1.5 1.26684e-13 0)
(1.5 2.07606e-13 0)
(1.5 2.01606e-13 0)
(1.5 2.49801e-13 0)
(1.5 2.31693e-13 0)
(1.5 1.80608e-13 0)
(1.5 9.47224e-14 0)
(1.5 3.2458e-14 0)
(1.5 1.03492e-13 0)
(1.5 6.72469e-14 0)
(1.5 6.35313e-14 0)
(1.5 8.02462e-14 0)
(1.5 6.65294e-14 0)
(1.5 3.07551e-14 0)
(1.5 4.07502e-14 0)
(1.5 1.11459e-14 0)
(1.5 -5.57251e-14 0)
(1.5 -8.992e-14 0)
(1.5 -5.24363e-14 0)
(1.5 1.19619e-14 0)
(1.5 4.5391e-14 0)
(1.5 8.87535e-14 0)
(1.5 1.14623e-13 0)
(1.5 8.44586e-14 0)
(1.5 1.1533e-13 0)
(1.5 1.0949e-13 0)
(1.5 2.52148e-14 0)
(1.5 -1.9608e-14 0)
(1.5 -1.9689e-14 0)
(1.5 -3.9437e-14 0)
(1.5 -2.46249e-14 0)
(1.5 -3.46522e-14 0)
(1.5 -3.87396e-14 0)
(1.5 5.69579e-14 0)
(1.5 6.29343e-14 0)
(1.5 8.99348e-14 0)
(1.5 1.01968e-13 0)
(1.5 6.73076e-14 0)
(1.5 4.93407e-14 0)
(1.5 2.07892e-14 0)
(1.5 2.78897e-14 0)
(1.5 3.21584e-14 0)
(1.5 7.28295e-14 0)
(1.5 3.5306e-14 0)
(1.5 6.41807e-14 0)
(1.5 8.35541e-14 0)
(1.5 1.88486e-13 0)
(1.5 2.54756e-13 0)
(1.5 2.84585e-13 0)
(1.5 3.07098e-13 0)
(1.5 2.38662e-13 0)
(1.5 2.05085e-13 0)
(1.5 1.79219e-13 0)
(1.5 1.73223e-13 0)
(1.5 1.292e-13 0)
(1.5 1.39679e-13 0)
(1.5 2.23572e-13 0)
(1.5 2.58321e-13 0)
(1.5 2.35984e-13 0)
(1.5 1.55341e-13 0)
(1.5 1.34045e-13 0)
(1.5 1.12968e-13 0)
(1.5 2.59697e-14 0)
(1.5 -8.7679e-14 0)
(1.5 -1.26687e-13 0)
(1.5 -1.20384e-13 0)
(1.5 8.85678e-15 0)
(1.5 9.54816e-14 0)
(1.5 2.51713e-13 0)
(1.5 3.03704e-13 0)
(1.5 2.45162e-13 0)
(1.5 3.26285e-13 0)
(1.5 4.05383e-13 0)
(1.5 3.61839e-13 0)
(1.5 2.8729e-13 0)
(1.5 2.80223e-13 0)
(1.5 3.16966e-13 0)
(1.5 3.51421e-13 0)
(1.5 3.56988e-13 0)
(1.5 2.51374e-13 0)
(1.5 2.3346e-13 0)
(1.5 1.64084e-13 0)
(1.5 1.19229e-13 0)
(1.5 7.46246e-14 0)
(1.5 -1.12305e-14 0)
(1.5 -1.2714e-13 0)
(1.5 -1.42993e-13 0)
(1.5 -2.25011e-14 0)
(1.5 9.49857e-14 0)
(1.5 1.54783e-13 0)
(1.5 1.16904e-13 0)
(1.5 8.69382e-14 0)
(1.5 1.14944e-13 0)
(1.5 1.15224e-13 0)
(1.5 -1.69769e-14 0)
(1.5 -6.56113e-14 0)
(1.5 -1.34726e-13 0)
(1.5 -2.1371e-13 0)
(1.5 -2.15339e-13 0)
(1.5 -3.06036e-13 0)
(1.5 -2.83139e-13 0)
(1.5 -3.04927e-13 0)
(1.5 -2.13199e-13 0)
(1.5 -1.53864e-13 0)
(1.5 -4.45041e-14 0)
(1.5 6.98121e-14 0)
(1.5 -4.78787e-14 0)
(1.5 -1.98602e-13 0)
(1.5 -2.49956e-13 0)
(1.5 -6.03707e-14 0)
(1.5 4.45473e-14 0)
(1.5 -2.76778e-14 0)
(1.5 -1.61897e-13 0)
(1.5 -2.3542e-13 0)
(1.5 -2.05719e-13 0)
(1.5 -1.40908e-13 0)
(1.5 5.03584e-15 0)
(1.5 9.33268e-14 0)
(1.5 8.52545e-15 0)
(1.5 -2.85288e-14 0)
(1.5 -3.82427e-14 0)
(1.5 -1.83115e-13 0)
(1.5 -2.76497e-13 0)
(1.5 -2.56808e-13 0)
(1.5 -2.0378e-13 0)
(1.5 -1.58118e-13 0)
(1.5 -4.26945e-14 0)
(1.5 1.49029e-14 0)
(1.5 8.59139e-14 0)
(1.5 4.4819e-14 0)
(1.5 -9.79229e-14 0)
(1.5 -7.23404e-14 0)
(1.5 -3.01463e-14 0)
(1.5 -2.60227e-14 0)
(1.5 6.93998e-14 0)
(1.5 7.3994e-14 0)
(1.5 3.92475e-14 0)
(1.5 6.81644e-14 0)
(1.5 1.56691e-13 0)
(1.5 3.65437e-13 0)
(1.5 4.67215e-13 0)
(1.5 4.19622e-13 0)
(1.5 1.6186e-13 0)
(1.5 -3.19499e-14 0)
(1.5 -2.40185e-13 0)
(1.5 -2.47819e-13 0)
(1.5 -2.40902e-13 0)
(1.5 -2.97599e-13 0)
(1.5 -3.71643e-13 0)
(1.5 -1.85678e-13 0)
(1.5 -4.38719e-14 0)
(1.5 -5.51453e-14 0)
(1.5 -1.51686e-13 0)
(1.5 -1.18044e-13 0)
(1.5 -2.19885e-14 0)
(1.5 7.3893e-14 0)
(1.5 1.9822e-13 0)
(1.5 2.44435e-13 0)
(1.5 2.08764e-13 0)
(1.5 2.67595e-13 0)
(1.5 3.59521e-13 0)
(1.5 4.55833e-13 0)
(1.5 4.21422e-13 0)
(1.5 4.76815e-13 0)
(1.5 5.75102e-13 0)
(1.5 5.00872e-13 0)
(1.5 4.76167e-13 0)
(1.5 3.91213e-13 0)
(1.5 3.68445e-13 0)
(1.5 4.14976e-13 0)
(1.5 5.8093e-13 0)
(1.5 6.1078e-13 0)
(1.5 -6.88939e-14 0)
(1.5 -9.57248e-14 0)
(1.5 -1.76415e-13 0)
(1.5 -2.65884e-13 0)
(1.5 -2.5613e-13 0)
(1.5 -1.9424e-13 0)
(1.5 -1.25975e-13 0)
(1.5 -8.10232e-14 0)
(1.5 3.59253e-14 0)
(1.5 7.4039e-14 0)
(1.5 5.54616e-14 0)
(1.5 9.86522e-14 0)
(1.5 8.3982e-14 0)
(1.5 1.03007e-13 0)
(1.5 1.57192e-13 0)
(1.5 2.75778e-13 0)
(1.5 3.76479e-13 0)
(1.5 2.73165e-13 0)
(1.5 1.39323e-13 0)
(1.5 1.10763e-13 0)
(1.5 1.00543e-13 0)
(1.5 1.40357e-13 0)
(1.5 1.04334e-13 0)
(1.5 9.17576e-14 0)
(1.5 1.3406e-13 0)
(1.5 1.03006e-13 0)
(1.5 1.38692e-13 0)
(1.5 1.09863e-13 0)
(1.5 8.79574e-14 0)
(1.5 1.14631e-13 0)
(1.5 1.68272e-13 0)
(1.5 2.34833e-13 0)
(1.5 2.13256e-13 0)
(1.5 1.65681e-13 0)
(1.5 8.89523e-14 0)
(1.5 -1.25202e-14 0)
(1.5 1.17871e-17 0)
(1.5 1.21244e-14 0)
(1.5 4.55275e-14 0)
(1.5 8.91341e-14 0)
(1.5 4.81508e-14 0)
(1.5 -3.37244e-14 0)
(1.5 -6.95369e-14 0)
(1.5 -1.29764e-13 0)
(1.5 -1.55624e-13 0)
(1.5 -1.40709e-13 0)
(1.5 -5.21544e-14 0)
(1.5 -7.59865e-14 0)
(1.5 -6.77031e-14 0)
(1.5 6.42836e-14 0)
(1.5 1.86766e-14 0)
(1.5 6.5739e-14 0)
(1.5 7.38125e-14 0)
(1.5 6.11719e-14 0)
(1.5 -4.10689e-14 0)
(1.5 -1.11052e-13 0)
(1.5 -9.20043e-14 0)
(1.5 -1.04014e-13 0)
(1.5 -1.62513e-13 0)
(1.5 -9.82408e-14 0)
(1.5 -4.25944e-14 0)
(1.5 5.11249e-14 0)
(1.5 4.62584e-14 0)
(1.5 6.55624e-14 0)
(1.5 6.10921e-14 0)
(1.5 5.6998e-14 0)
(1.5 4.09588e-14 0)
(1.5 6.1649e-14 0)
(1.5 4.59127e-14 0)
(1.5 1.03575e-14 0)
(1.5 3.34393e-14 0)
(1.5 -7.23162e-15 0)
(1.5 5.45039e-14 0)
(1.5 3.85098e-14 0)
(1.5 1.03417e-13 0)
(1.5 2.17074e-13 0)
(1.5 2.31607e-13 0)
(1.5 2.51059e-13 0)
(1.5 2.0013e-13 0)
(1.5 2.05732e-13 0)
(1.5 1.61533e-13 0)
(1.5 1.82442e-13 0)
(1.5 1.59215e-13 0)
(1.5 1.48965e-13 0)
(1.5 1.83783e-13 0)
(1.5 2.25653e-13 0)
(1.5 1.64446e-13 0)
(1.5 1.06031e-13 0)
(1.5 1.21181e-13 0)
(1.5 1.31224e-13 0)
(1.5 9.78107e-14 0)
(1.5 -6.01648e-14 0)
(1.5 -9.61303e-14 0)
(1.5 -3.67651e-14 0)
(1.5 1.30643e-13 0)
(1.5 2.98782e-13 0)
(1.5 3.8007e-13 0)
(1.5 3.55632e-13 0)
(1.5 3.36027e-13 0)
(1.5 3.68796e-13 0)
(1.5 3.86453e-13 0)
(1.5 4.01157e-13 0)
(1.5 3.3351e-13 0)
(1.5 3.66223e-13 0)
(1.5 3.07005e-13 0)
(1.5 2.72988e-13 0)
(1.5 3.37946e-13 0)
(1.5 2.59926e-13 0)
(1.5 1.46457e-13 0)
(1.5 4.23998e-14 0)
(1.5 -2.59548e-14 0)
(1.5 -1.21659e-14 0)
(1.5 -3.01975e-14 0)
(1.5 -6.00196e-14 0)
(1.5 -1.00073e-13 0)
(1.5 -8.29393e-14 0)
(1.5 4.49714e-14 0)
(1.5 1.21471e-13 0)
(1.5 6.07291e-14 0)
(1.5 4.43772e-14 0)
(1.5 9.32691e-14 0)
(1.5 1.15125e-13 0)
(1.5 8.53729e-14 0)
(1.5 7.51053e-16 0)
(1.5 -3.95442e-14 0)
(1.5 -1.05744e-13 0)
(1.5 -1.59822e-13 0)
(1.5 -2.02768e-13 0)
(1.5 -1.66652e-13 0)
(1.5 -1.79971e-13 0)
(1.5 -2.57484e-13 0)
(1.5 -2.64349e-13 0)
(1.5 -1.58669e-13 0)
(1.5 -1.28422e-13 0)
(1.5 -1.96478e-13 0)
(1.5 -2.54313e-13 0)
(1.5 -2.89085e-13 0)
(1.5 -2.52174e-13 0)
(1.5 -1.67086e-13 0)
(1.5 -1.97044e-13 0)
(1.5 -3.02461e-13 0)
(1.5 -3.6085e-13 0)
(1.5 -3.41817e-13 0)
(1.5 -2.91424e-13 0)
(1.5 -1.93368e-13 0)
(1.5 -2.33963e-13 0)
(1.5 -2.53593e-13 0)
(1.5 -2.23056e-13 0)
(1.5 -1.74178e-13 0)
(1.5 -2.16063e-13 0)
(1.5 -3.06269e-13 0)
(1.5 -3.22145e-13 0)
(1.5 -2.64209e-13 0)
(1.5 -2.28376e-13 0)
(1.5 -7.54679e-14 0)
(1.5 -5.29639e-15 0)
(1.5 4.91764e-14 0)
(1.5 -2.46337e-14 0)
(1.5 -1.17088e-13 0)
(1.5 -6.98658e-14 0)
(1.5 -7.59829e-14 0)
(1.5 -7.67114e-14 0)
(1.5 4.42574e-14 0)
(1.5 2.71014e-14 0)
(1.5 -3.39958e-15 0)
(1.5 -3.78869e-14 0)
(1.5 8.09078e-14 0)
(1.5 2.82365e-13 0)
(1.5 3.10468e-13 0)
(1.5 3.29736e-13 0)
(1.5 1.91487e-13 0)
(1.5 4.97045e-14 0)
(1.5 -2.50641e-13 0)
(1.5 -2.38512e-13 0)
(1.5 -2.48877e-13 0)
(1.5 -2.7365e-13 0)
(1.5 -2.78401e-13 0)
(1.5 -9.72266e-14 0)
(1.5 9.40837e-15 0)
(1.5 1.92894e-14 0)
(1.5 -3.28573e-14 0)
(1.5 -5.08817e-14 0)
(1.5 4.69316e-14 0)
(1.5 1.28849e-13 0)
(1.5 1.88416e-13 0)
(1.5 2.23592e-13 0)
(1.5 1.70511e-13 0)
(1.5 1.23989e-13 0)
(1.5 1.81137e-13 0)
(1.5 2.63174e-13 0)
(1.5 2.90329e-13 0)
(1.5 3.16461e-13 0)
(1.5 3.7446e-13 0)
(1.5 4.46546e-13 0)
(1.5 4.07796e-13 0)
(1.5 1.81823e-13 0)
(1.5 1.27056e-13 0)
(1.5 2.54065e-13 0)
(1.5 4.39371e-13 0)
(1.5 5.04918e-13 0)
(1.5 -4.40357e-14 0)
(1.5 -1.33659e-13 0)
(1.5 -1.87277e-13 0)
(1.5 -1.3033e-13 0)
(1.5 -1.59083e-13 0)
(1.5 -1.26475e-13 0)
(1.5 -9.82052e-14 0)
(1.5 -4.81676e-14 0)
(1.5 4.33336e-15 0)
(1.5 -2.72168e-16 0)
(1.5 -6.4445e-14 0)
(1.5 -1.27083e-14 0)
(1.5 -6.61227e-15 0)
(1.5 6.08559e-14 0)
(1.5 1.96858e-13 0)
(1.5 2.56508e-13 0)
(1.5 2.36e-13 0)
(1.5 2.18349e-13 0)
(1.5 1.66696e-13 0)
(1.5 1.13062e-13 0)
(1.5 7.54114e-14 0)
(1.5 4.15282e-14 0)
(1.5 2.25618e-14 0)
(1.5 1.67116e-14 0)
(1.5 8.59916e-14 0)
(1.5 1.16811e-13 0)
(1.5 8.60967e-14 0)
(1.5 9.02585e-14 0)
(1.5 1.30831e-13 0)
(1.5 1.0074e-13 0)
(1.5 1.42934e-13 0)
(1.5 1.77198e-13 0)
(1.5 1.79963e-13 0)
(1.5 1.62527e-13 0)
(1.5 7.5163e-14 0)
(1.5 -2.11655e-14 0)
(1.5 -6.61507e-14 0)
(1.5 -6.21697e-14 0)
(1.5 -7.1098e-16 0)
(1.5 4.15237e-14 0)
(1.5 -3.86364e-14 0)
(1.5 -1.08518e-13 0)
(1.5 -1.30212e-13 0)
(1.5 -1.57727e-13 0)
(1.5 -1.2861e-13 0)
(1.5 -7.84809e-14 0)
(1.5 -2.63485e-14 0)
(1.5 -5.55106e-14 0)
(1.5 -7.00784e-14 0)
(1.5 -4.65544e-14 0)
(1.5 -9.7645e-14 0)
(1.5 -4.41464e-14 0)
(1.5 -5.63888e-14 0)
(1.5 -7.11355e-14 0)
(1.5 -1.2175e-13 0)
(1.5 -1.79778e-13 0)
(1.5 -1.6866e-13 0)
(1.5 -1.4669e-13 0)
(1.5 -1.71702e-13 0)
(1.5 -1.16331e-13 0)
(1.5 -6.87802e-14 0)
(1.5 -1.04339e-14 0)
(1.5 6.50106e-15 0)
(1.5 -2.22734e-14 0)
(1.5 -6.23903e-14 0)
(1.5 -2.90158e-14 0)
(1.5 2.25706e-14 0)
(1.5 4.25916e-14 0)
(1.5 -3.22953e-14 0)
(1.5 -1.12021e-13 0)
(1.5 -4.67612e-14 0)
(1.5 1.72236e-14 0)
(1.5 6.36142e-14 0)
(1.5 6.71448e-14 0)
(1.5 4.88905e-14 0)
(1.5 1.11062e-13 0)
(1.5 1.40358e-13 0)
(1.5 1.36343e-13 0)
(1.5 1.34201e-13 0)
(1.5 1.785e-13 0)
(1.5 1.6906e-13 0)
(1.5 1.86847e-13 0)
(1.5 2.05877e-13 0)
(1.5 1.8779e-13 0)
(1.5 1.66741e-13 0)
(1.5 1.9852e-13 0)
(1.5 1.62054e-13 0)
(1.5 1.00279e-13 0)
(1.5 1.2457e-13 0)
(1.5 1.31353e-13 0)
(1.5 8.4652e-14 0)
(1.5 -6.54985e-16 0)
(1.5 2.03885e-14 0)
(1.5 1.415e-13 0)
(1.5 2.43156e-13 0)
(1.5 3.31617e-13 0)
(1.5 3.39141e-13 0)
(1.5 3.27103e-13 0)
(1.5 3.85708e-13 0)
(1.5 3.83105e-13 0)
(1.5 3.23962e-13 0)
(1.5 2.48206e-13 0)
(1.5 2.16629e-13 0)
(1.5 2.23477e-13 0)
(1.5 2.21489e-13 0)
(1.5 1.77967e-13 0)
(1.5 1.58536e-13 0)
(1.5 1.48909e-13 0)
(1.5 1.74456e-14 0)
(1.5 -1.09224e-13 0)
(1.5 -1.77345e-13 0)
(1.5 -1.4822e-13 0)
(1.5 -4.4638e-14 0)
(1.5 1.33352e-14 0)
(1.5 -2.88458e-14 0)
(1.5 -8.54254e-14 0)
(1.5 4.98994e-15 0)
(1.5 7.77212e-14 0)
(1.5 -1.05281e-14 0)
(1.5 -6.64544e-14 0)
(1.5 -1.10339e-13 0)
(1.5 -1.05521e-13 0)
(1.5 -7.31363e-14 0)
(1.5 -1.4177e-13 0)
(1.5 -1.28585e-13 0)
(1.5 -9.17215e-14 0)
(1.5 -1.29134e-13 0)
(1.5 -1.27981e-13 0)
(1.5 -1.34443e-13 0)
(1.5 -1.17049e-13 0)
(1.5 -2.08922e-13 0)
(1.5 -2.3841e-13 0)
(1.5 -1.24434e-13 0)
(1.5 -1.05348e-13 0)
(1.5 -1.69127e-13 0)
(1.5 -2.20805e-13 0)
(1.5 -3.06903e-13 0)
(1.5 -3.72715e-13 0)
(1.5 -3.05975e-13 0)
(1.5 -2.10497e-13 0)
(1.5 -1.80374e-13 0)
(1.5 -1.63229e-13 0)
(1.5 -1.46873e-13 0)
(1.5 -2.07018e-13 0)
(1.5 -2.59175e-13 0)
(1.5 -3.16809e-13 0)
(1.5 -2.924e-13 0)
(1.5 -2.24114e-13 0)
(1.5 -2.05183e-13 0)
(1.5 -1.50661e-13 0)
(1.5 -1.86629e-13 0)
(1.5 -2.34906e-13 0)
(1.5 -2.40008e-13 0)
(1.5 -1.82438e-13 0)
(1.5 -1.05675e-13 0)
(1.5 -3.53936e-14 0)
(1.5 4.15933e-14 0)
(1.5 -4.98822e-14 0)
(1.5 -5.5935e-14 0)
(1.5 6.65373e-15 0)
(1.5 1.98405e-14 0)
(1.5 3.01086e-14 0)
(1.5 1.37384e-13 0)
(1.5 1.25021e-13 0)
(1.5 8.49269e-14 0)
(1.5 1.05422e-13 0)
(1.5 1.93088e-13 0)
(1.5 2.73761e-13 0)
(1.5 2.40249e-13 0)
(1.5 2.88568e-13 0)
(1.5 2.76048e-13 0)
(1.5 1.3226e-13 0)
(1.5 -1.88953e-13 0)
(1.5 -2.54701e-13 0)
(1.5 -2.90438e-13 0)
(1.5 -2.32098e-13 0)
(1.5 -1.46588e-13 0)
(1.5 -9.73137e-15 0)
(1.5 1.02085e-14 0)
(1.5 -1.26243e-15 0)
(1.5 -4.16395e-14 0)
(1.5 -8.91316e-14 0)
(1.5 -1.37178e-14 0)
(1.5 6.4234e-14 0)
(1.5 -1.19307e-14 0)
(1.5 1.62806e-14 0)
(1.5 2.943e-14 0)
(1.5 -1.92757e-14 0)
(1.5 -5.55171e-14 0)
(1.5 -2.96808e-15 0)
(1.5 9.71172e-14 0)
(1.5 1.76261e-13 0)
(1.5 2.15515e-13 0)
(1.5 2.49636e-13 0)
(1.5 2.20183e-13 0)
(1.5 9.58906e-14 0)
(1.5 1.19506e-13 0)
(1.5 3.37155e-13 0)
(1.5 3.67415e-13 0)
(1.5 4.45803e-13 0)
(1.5 9.16129e-15 0)
(1.5 -5.62005e-14 0)
(1.5 -9.76433e-14 0)
(1.5 -3.05165e-14 0)
(1.5 -4.46261e-15 0)
(1.5 -5.97876e-15 0)
(1.5 -1.72522e-15 0)
(1.5 4.24025e-14 0)
(1.5 1.07817e-14 0)
(1.5 4.25066e-14 0)
(1.5 3.15552e-15 0)
(1.5 3.00622e-14 0)
(1.5 4.34269e-14 0)
(1.5 7.53692e-14 0)
(1.5 1.27621e-13 0)
(1.5 1.1997e-13 0)
(1.5 8.74319e-14 0)
(1.5 1.23813e-13 0)
(1.5 1.41931e-13 0)
(1.5 1.17096e-13 0)
(1.5 2.3054e-14 0)
(1.5 -3.51007e-14 0)
(1.5 1.52485e-14 0)
(1.5 8.94404e-15 0)
(1.5 8.92886e-14 0)
(1.5 8.90095e-14 0)
(1.5 2.86469e-14 0)
(1.5 6.58882e-14 0)
(1.5 8.24003e-14 0)
(1.5 4.3303e-14 0)
(1.5 5.91756e-14 0)
(1.5 7.87076e-14 0)
(1.5 9.97679e-14 0)
(1.5 9.25179e-14 0)
(1.5 3.23698e-14 0)
(1.5 3.02225e-14 0)
(1.5 -4.04908e-14 0)
(1.5 -6.27855e-14 0)
(1.5 -2.81462e-14 0)
(1.5 -5.84146e-14 0)
(1.5 -9.12523e-14 0)
(1.5 -8.50287e-14 0)
(1.5 -1.09402e-13 0)
(1.5 -5.31613e-14 0)
(1.5 -2.14435e-14 0)
(1.5 2.73292e-15 0)
(1.5 4.61517e-14 0)
(1.5 5.56818e-14 0)
(1.5 1.28107e-14 0)
(1.5 -8.04936e-14 0)
(1.5 -1.18137e-13 0)
(1.5 -9.11307e-14 0)
(1.5 -7.11569e-14 0)
(1.5 -1.24309e-13 0)
(1.5 -1.43823e-13 0)
(1.5 -1.2546e-13 0)
(1.5 -8.7593e-14 0)
(1.5 -7.99792e-14 0)
(1.5 -8.74699e-14 0)
(1.5 -3.1509e-14 0)
(1.5 -2.22045e-14 0)
(1.5 1.92017e-14 0)
(1.5 -2.89994e-14 0)
(1.5 -6.06954e-14 0)
(1.5 -9.8056e-14 0)
(1.5 -7.79634e-14 0)
(1.5 -5.78569e-14 0)
(1.5 -7.49281e-14 0)
(1.5 -1.23631e-13 0)
(1.5 -1.94414e-13 0)
(1.5 -1.24852e-13 0)
(1.5 -1.58932e-14 0)
(1.5 2.40563e-14 0)
(1.5 2.57469e-14 0)
(1.5 -3.32611e-14 0)
(1.5 4.65066e-14 0)
(1.5 9.36754e-14 0)
(1.5 9.61722e-14 0)
(1.5 1.2659e-13 0)
(1.5 1.30764e-13 0)
(1.5 1.97266e-13 0)
(1.5 2.1159e-13 0)
(1.5 2.74469e-13 0)
(1.5 2.40553e-13 0)
(1.5 1.87463e-13 0)
(1.5 1.0244e-13 0)
(1.5 9.69832e-14 0)
(1.5 1.31679e-13 0)
(1.5 1.41025e-13 0)
(1.5 1.24276e-14 0)
(1.5 -3.69177e-14 0)
(1.5 -6.60131e-14 0)
(1.5 -4.00702e-14 0)
(1.5 2.52022e-14 0)
(1.5 9.70879e-14 0)
(1.5 1.57158e-13 0)
(1.5 1.88714e-13 0)
(1.5 2.3946e-13 0)
(1.5 3.13495e-13 0)
(1.5 2.84945e-13 0)
(1.5 2.16396e-13 0)
(1.5 1.28073e-13 0)
(1.5 1.04363e-13 0)
(1.5 1.31202e-13 0)
(1.5 1.49159e-13 0)
(1.5 1.26452e-13 0)
(1.5 1.7714e-14 0)
(1.5 7.21361e-14 0)
(1.5 -2.67028e-14 0)
(1.5 -1.15847e-13 0)
(1.5 -1.67577e-13 0)
(1.5 -1.21756e-13 0)
(1.5 -5.85555e-14 0)
(1.5 -2.00322e-14 0)
(1.5 -4.32473e-15 0)
(1.5 5.75032e-14 0)
(1.5 1.14924e-13 0)
(1.5 1.71026e-13 0)
(1.5 1.02297e-13 0)
(1.5 2.36982e-14 0)
(1.5 -5.05579e-14 0)
(1.5 -1.04208e-13 0)
(1.5 -1.08736e-13 0)
(1.5 -1.03919e-13 0)
(1.5 -1.23614e-13 0)
(1.5 -9.30172e-14 0)
(1.5 -6.3629e-14 0)
(1.5 -3.52066e-14 0)
(1.5 -9.33067e-14 0)
(1.5 -9.89579e-14 0)
(1.5 -1.70261e-13 0)
(1.5 -1.91773e-13 0)
(1.5 -1.59321e-13 0)
(1.5 -1.34885e-13 0)
(1.5 -1.89169e-13 0)
(1.5 -2.88946e-13 0)
(1.5 -2.95624e-13 0)
(1.5 -2.88108e-13 0)
(1.5 -2.09376e-13 0)
(1.5 -1.03363e-13 0)
(1.5 -9.27176e-14 0)
(1.5 -4.51281e-14 0)
(1.5 -4.98616e-14 0)
(1.5 -1.54648e-13 0)
(1.5 -2.84536e-13 0)
(1.5 -3.16918e-13 0)
(1.5 -2.58748e-13 0)
(1.5 -1.7617e-13 0)
(1.5 -1.76055e-13 0)
(1.5 -9.56148e-14 0)
(1.5 -1.29283e-13 0)
(1.5 -8.96369e-14 0)
(1.5 -6.68029e-15 0)
(1.5 -1.32823e-14 0)
(1.5 -5.78689e-14 0)
(1.5 3.34806e-14 0)
(1.5 1.07484e-13 0)
(1.5 5.16148e-14 0)
(1.5 6.50697e-14 0)
(1.5 7.10024e-14 0)
(1.5 1.24997e-13 0)
(1.5 1.87389e-13 0)
(1.5 2.49966e-13 0)
(1.5 2.39039e-13 0)
(1.5 1.9972e-13 0)
(1.5 2.74395e-13 0)
(1.5 4.21952e-13 0)
(1.5 4.11589e-13 0)
(1.5 3.39973e-13 0)
(1.5 3.35131e-13 0)
(1.5 3.71594e-13 0)
(1.5 2.41326e-13 0)
(1.5 1.83536e-14 0)
(1.5 -1.96044e-13 0)
(1.5 -2.56929e-13 0)
(1.5 -1.69086e-13 0)
(1.5 -4.97115e-14 0)
(1.5 1.33679e-14 0)
(1.5 1.27333e-14 0)
(1.5 1.35393e-14 0)
(1.5 -5.98328e-14 0)
(1.5 -1.08084e-13 0)
(1.5 -7.19219e-14 0)
(1.5 -4.25357e-14 0)
(1.5 -1.22559e-13 0)
(1.5 -1.64182e-13 0)
(1.5 -1.81291e-13 0)
(1.5 -3.58576e-14 0)
(1.5 -5.93878e-14 0)
(1.5 1.73631e-14 0)
(1.5 8.66195e-14 0)
(1.5 1.55006e-13 0)
(1.5 1.80844e-13 0)
(1.5 1.38106e-13 0)
(1.5 1.27604e-13 0)
(1.5 1.61261e-13 0)
(1.5 2.84358e-13 0)
(1.5 4.32425e-13 0)
(1.5 3.98274e-13 0)
(1.5 4.2411e-13 0)
(1.5 6.25392e-14 0)
(1.5 6.22861e-14 0)
(1.5 2.82867e-14 0)
(1.5 4.16822e-14 0)
(1.5 1.12179e-13 0)
(1.5 8.31214e-14 0)
(1.5 -3.2449e-15 0)
(1.5 -1.94078e-14 0)
(1.5 3.77605e-14 0)
(1.5 7.54669e-14 0)
(1.5 9.02342e-14 0)
(1.5 1.00751e-13 0)
(1.5 9.60621e-14 0)
(1.5 8.84306e-14 0)
(1.5 1.85034e-14 0)
(1.5 -1.12383e-14 0)
(1.5 1.6567e-14 0)
(1.5 6.31394e-14 0)
(1.5 9.91815e-14 0)
(1.5 1.29187e-13 0)
(1.5 5.55745e-14 0)
(1.5 7.71146e-14 0)
(1.5 4.12726e-14 0)
(1.5 3.79416e-14 0)
(1.5 9.40493e-14 0)
(1.5 3.42612e-14 0)
(1.5 6.62162e-16 0)
(1.5 2.37994e-14 0)
(1.5 -1.08738e-14 0)
(1.5 2.10522e-14 0)
(1.5 3.2976e-14 0)
(1.5 3.91599e-14 0)
(1.5 2.9266e-14 0)
(1.5 4.15455e-14 0)
(1.5 2.79834e-14 0)
(1.5 2.68589e-14 0)
(1.5 1.10779e-14 0)
(1.5 1.85595e-14 0)
(1.5 9.71264e-15 0)
(1.5 -4.88389e-14 0)
(1.5 5.39131e-15 0)
(1.5 -9.0775e-15 0)
(1.5 -5.3902e-14 0)
(1.5 2.40091e-14 0)
(1.5 6.63015e-14 0)
(1.5 9.29985e-14 0)
(1.5 8.03881e-14 0)
(1.5 4.35656e-14 0)
(1.5 -3.25318e-14 0)
(1.5 -7.55366e-14 0)
(1.5 -1.00349e-13 0)
(1.5 -8.1561e-14 0)
(1.5 -1.06972e-13 0)
(1.5 -1.2175e-13 0)
(1.5 -1.16324e-13 0)
(1.5 -9.99756e-14 0)
(1.5 -2.93056e-14 0)
(1.5 -1.41572e-14 0)
(1.5 3.68644e-15 0)
(1.5 2.53881e-14 0)
(1.5 8.29829e-15 0)
(1.5 4.3641e-15 0)
(1.5 -1.02208e-14 0)
(1.5 7.45055e-15 0)
(1.5 -2.93627e-14 0)
(1.5 -6.14645e-14 0)
(1.5 -8.55402e-14 0)
(1.5 -1.47868e-13 0)
(1.5 -1.1683e-13 0)
(1.5 -1.14596e-13 0)
(1.5 -9.01776e-14 0)
(1.5 -4.10534e-14 0)
(1.5 2.49345e-15 0)
(1.5 -5.14227e-15 0)
(1.5 -1.95243e-14 0)
(1.5 9.00735e-14 0)
(1.5 9.98822e-14 0)
(1.5 8.24505e-14 0)
(1.5 1.51635e-13 0)
(1.5 1.84414e-13 0)
(1.5 3.21799e-13 0)
(1.5 2.96797e-13 0)
(1.5 3.00321e-13 0)
(1.5 2.63427e-13 0)
(1.5 2.43732e-13 0)
(1.5 1.42154e-13 0)
(1.5 9.12928e-14 0)
(1.5 1.58059e-13 0)
(1.5 1.37296e-13 0)
(1.5 5.9531e-15 0)
(1.5 -9.66554e-14 0)
(1.5 -1.64979e-13 0)
(1.5 -1.98976e-13 0)
(1.5 -1.70826e-13 0)
(1.5 -1.15122e-13 0)
(1.5 -2.48238e-14 0)
(1.5 7.8349e-14 0)
(1.5 1.82331e-13 0)
(1.5 2.62045e-13 0)
(1.5 2.66149e-13 0)
(1.5 2.50312e-13 0)
(1.5 2.05792e-13 0)
(1.5 1.67684e-13 0)
(1.5 1.91851e-13 0)
(1.5 1.27609e-13 0)
(1.5 5.58579e-14 0)
(1.5 -4.05407e-14 0)
(1.5 -4.47681e-14 0)
(1.5 -2.17848e-14 0)
(1.5 -5.32771e-14 0)
(1.5 -3.29387e-14 0)
(1.5 1.60892e-14 0)
(1.5 -3.74936e-15 0)
(1.5 -2.09679e-14 0)
(1.5 -2.38996e-14 0)
(1.5 9.27205e-14 0)
(1.5 1.27913e-13 0)
(1.5 1.44549e-13 0)
(1.5 1.80082e-13 0)
(1.5 1.14756e-13 0)
(1.5 6.15446e-14 0)
(1.5 -4.1538e-14 0)
(1.5 -6.3333e-14 0)
(1.5 -4.2449e-14 0)
(1.5 -5.31225e-14 0)
(1.5 -6.03633e-14 0)
(1.5 2.30237e-14 0)
(1.5 2.98047e-14 0)
(1.5 -5.87994e-16 0)
(1.5 -2.10659e-14 0)
(1.5 -6.42358e-14 0)
(1.5 -1.27246e-13 0)
(1.5 -2.69215e-13 0)
(1.5 -3.00106e-13 0)
(1.5 -2.56712e-13 0)
(1.5 -2.39199e-13 0)
(1.5 -2.28634e-13 0)
(1.5 -2.33173e-13 0)
(1.5 -2.21844e-13 0)
(1.5 -1.73607e-13 0)
(1.5 -1.56756e-13 0)
(1.5 -1.8432e-13 0)
(1.5 -2.50384e-13 0)
(1.5 -3.17545e-13 0)
(1.5 -3.74513e-13 0)
(1.5 -3.0292e-13 0)
(1.5 -2.3461e-13 0)
(1.5 -1.29752e-13 0)
(1.5 -1.27364e-13 0)
(1.5 -1.77077e-13 0)
(1.5 -1.97034e-13 0)
(1.5 -1.40267e-13 0)
(1.5 4.41456e-14 0)
(1.5 1.04426e-13 0)
(1.5 8.36598e-14 0)
(1.5 1.41883e-13 0)
(1.5 1.62884e-13 0)
(1.5 2.15145e-13 0)
(1.5 2.52913e-13 0)
(1.5 2.2202e-13 0)
(1.5 2.67938e-13 0)
(1.5 3.0347e-13 0)
(1.5 2.52274e-13 0)
(1.5 2.4162e-13 0)
(1.5 2.63421e-13 0)
(1.5 3.58787e-13 0)
(1.5 4.10415e-13 0)
(1.5 3.6604e-13 0)
(1.5 3.24362e-13 0)
(1.5 2.9571e-13 0)
(1.5 3.31139e-13 0)
(1.5 2.39946e-13 0)
(1.5 1.53027e-13 0)
(1.5 -5.87242e-14 0)
(1.5 -1.19653e-13 0)
(1.5 -5.61683e-14 0)
(1.5 -5.17897e-16 0)
(1.5 -1.13774e-13 0)
(1.5 -1.65753e-13 0)
(1.5 -1.70806e-13 0)
(1.5 -1.93628e-13 0)
(1.5 -1.33142e-13 0)
(1.5 -1.63571e-13 0)
(1.5 -2.05008e-13 0)
(1.5 -2.5248e-13 0)
(1.5 -2.93473e-13 0)
(1.5 -2.70718e-13 0)
(1.5 -1.28965e-13 0)
(1.5 -6.54733e-14 0)
(1.5 3.7884e-14 0)
(1.5 1.84481e-13 0)
(1.5 2.42523e-13 0)
(1.5 2.51025e-13 0)
(1.5 2.02955e-13 0)
(1.5 1.92565e-13 0)
(1.5 2.32022e-13 0)
(1.5 2.68559e-13 0)
(1.5 3.02599e-13 0)
(1.5 2.63531e-13 0)
(1.5 2.45085e-13 0)
(1.5 5.50005e-14 0)
(1.5 1.20345e-13 0)
(1.5 1.60387e-13 0)
(1.5 1.67406e-13 0)
(1.5 1.72478e-13 0)
(1.5 7.3929e-14 0)
(1.5 1.90644e-14 0)
(1.5 8.10473e-15 0)
(1.5 1.44003e-13 0)
(1.5 1.29091e-13 0)
(1.5 1.77581e-13 0)
(1.5 1.56547e-13 0)
(1.5 9.38264e-14 0)
(1.5 6.69553e-14 0)
(1.5 2.21158e-14 0)
(1.5 -1.85185e-14 0)
(1.5 2.94788e-14 0)
(1.5 2.38542e-14 0)
(1.5 5.33687e-14 0)
(1.5 8.13379e-14 0)
(1.5 9.87412e-14 0)
(1.5 1.68588e-13 0)
(1.5 1.11948e-13 0)
(1.5 1.08115e-13 0)
(1.5 5.13002e-14 0)
(1.5 8.81131e-15 0)
(1.5 -1.37584e-14 0)
(1.5 8.06191e-15 0)
(1.5 -2.35121e-15 0)
(1.5 3.98872e-14 0)
(1.5 5.59139e-14 0)
(1.5 4.03286e-14 0)
(1.5 6.71102e-14 0)
(1.5 3.43391e-14 0)
(1.5 -2.15091e-15 0)
(1.5 -4.04247e-14 0)
(1.5 3.77821e-15 0)
(1.5 1.81516e-14 0)
(1.5 -3.28096e-14 0)
(1.5 -3.71636e-14 0)
(1.5 4.80626e-14 0)
(1.5 -6.49188e-15 0)
(1.5 -2.76618e-14 0)
(1.5 1.70983e-14 0)
(1.5 7.36436e-15 0)
(1.5 3.97376e-14 0)
(1.5 -5.64594e-14 0)
(1.5 -1.26488e-13 0)
(1.5 -1.58356e-13 0)
(1.5 -1.2076e-13 0)
(1.5 -6.61652e-14 0)
(1.5 -7.1167e-14 0)
(1.5 -8.36502e-14 0)
(1.5 -7.96115e-14 0)
(1.5 -7.39217e-14 0)
(1.5 -1.11602e-13 0)
(1.5 -6.65304e-14 0)
(1.5 -6.55218e-14 0)
(1.5 1.89559e-14 0)
(1.5 -1.43031e-14 0)
(1.5 -5.45072e-14 0)
(1.5 -6.11614e-14 0)
(1.5 -1.8073e-14 0)
(1.5 8.20885e-15 0)
(1.5 -4.74638e-14 0)
(1.5 -1.04399e-13 0)
(1.5 -1.13259e-13 0)
(1.5 -1.15986e-13 0)
(1.5 -6.33083e-14 0)
(1.5 -1.30268e-14 0)
(1.5 2.17678e-14 0)
(1.5 2.64556e-14 0)
(1.5 3.75399e-14 0)
(1.5 2.68701e-14 0)
(1.5 8.258e-14 0)
(1.5 1.11828e-13 0)
(1.5 9.30356e-14 0)
(1.5 7.58359e-14 0)
(1.5 1.38931e-13 0)
(1.5 2.05952e-13 0)
(1.5 2.91621e-13 0)
(1.5 3.05511e-13 0)
(1.5 2.72273e-13 0)
(1.5 2.79706e-13 0)
(1.5 2.97301e-13 0)
(1.5 2.58617e-13 0)
(1.5 2.01773e-13 0)
(1.5 1.76039e-13 0)
(1.5 1.122e-13 0)
(1.5 5.88942e-14 0)
(1.5 -1.99465e-14 0)
(1.5 -1.96e-14 0)
(1.5 -8.45782e-14 0)
(1.5 -1.37638e-13 0)
(1.5 -1.47451e-13 0)
(1.5 -1.30307e-13 0)
(1.5 -1.86282e-14 0)
(1.5 1.57092e-13 0)
(1.5 2.01695e-13 0)
(1.5 2.06901e-13 0)
(1.5 2.43996e-13 0)
(1.5 2.64008e-13 0)
(1.5 2.46385e-13 0)
(1.5 2.25002e-13 0)
(1.5 1.05986e-13 0)
(1.5 5.34787e-14 0)
(1.5 5.31582e-15 0)
(1.5 -4.41503e-14 0)
(1.5 -3.85713e-14 0)
(1.5 1.21141e-15 0)
(1.5 6.45068e-14 0)
(1.5 1.34229e-15 0)
(1.5 -1.77084e-14 0)
(1.5 -5.69368e-14 0)
(1.5 -6.60356e-14 0)
(1.5 -2.81867e-14 0)
(1.5 -1.00062e-14 0)
(1.5 2.53885e-16 0)
(1.5 1.85566e-14 0)
(1.5 -1.01976e-14 0)
(1.5 -9.29978e-14 0)
(1.5 -1.44547e-13 0)
(1.5 -6.97592e-14 0)
(1.5 -9.74305e-14 0)
(1.5 -1.13137e-13 0)
(1.5 -1.03951e-13 0)
(1.5 -6.09332e-14 0)
(1.5 -8.98641e-14 0)
(1.5 -1.23124e-13 0)
(1.5 -1.44106e-13 0)
(1.5 -4.22693e-14 0)
(1.5 -1.3501e-13 0)
(1.5 -3.51573e-13 0)
(1.5 -3.38734e-13 0)
(1.5 -2.60592e-13 0)
(1.5 -1.62896e-13 0)
(1.5 -1.6639e-13 0)
(1.5 -2.47586e-13 0)
(1.5 -3.02665e-13 0)
(1.5 -3.37048e-13 0)
(1.5 -2.5127e-13 0)
(1.5 -2.67027e-13 0)
(1.5 -4.51352e-13 0)
(1.5 -5.12723e-13 0)
(1.5 -4.65e-13 0)
(1.5 -3.22742e-13 0)
(1.5 -2.60189e-13 0)
(1.5 -1.63079e-13 0)
(1.5 -8.22637e-14 0)
(1.5 -1.6624e-13 0)
(1.5 -9.48389e-14 0)
(1.5 -7.4896e-14 0)
(1.5 1.73368e-14 0)
(1.5 1.6365e-13 0)
(1.5 2.3187e-13 0)
(1.5 2.99298e-13 0)
(1.5 3.38606e-13 0)
(1.5 5.25022e-13 0)
(1.5 5.5547e-13 0)
(1.5 5.32462e-13 0)
(1.5 4.96111e-13 0)
(1.5 4.13856e-13 0)
(1.5 3.21696e-13 0)
(1.5 2.63217e-13 0)
(1.5 2.17944e-13 0)
(1.5 2.06301e-13 0)
(1.5 1.74697e-13 0)
(1.5 2.32878e-13 0)
(1.5 2.15335e-13 0)
(1.5 1.9118e-13 0)
(1.5 2.25928e-13 0)
(1.5 2.34696e-13 0)
(1.5 2.66894e-13 0)
(1.5 1.05164e-13 0)
(1.5 -2.61807e-14 0)
(1.5 -3.77768e-14 0)
(1.5 -2.59602e-14 0)
(1.5 -1.54139e-13 0)
(1.5 -2.35394e-13 0)
(1.5 -2.41703e-13 0)
(1.5 -2.37692e-13 0)
(1.5 -1.74051e-13 0)
(1.5 -3.00823e-13 0)
(1.5 -4.06116e-13 0)
(1.5 -4.73032e-13 0)
(1.5 -4.34481e-13 0)
(1.5 -2.71967e-13 0)
(1.5 -1.92588e-13 0)
(1.5 -6.03345e-14 0)
(1.5 5.21152e-14 0)
(1.5 1.89468e-13 0)
(1.5 2.9083e-13 0)
(1.5 2.38452e-13 0)
(1.5 1.38812e-13 0)
(1.5 1.36007e-13 0)
(1.5 1.77518e-13 0)
(1.5 1.78794e-13 0)
(1.5 1.98803e-13 0)
(1.5 1.72191e-13 0)
(1.5 1.08856e-13 0)
(1.5 -1.294e-14 0)
(1.5 1.2983e-13 0)
(1.5 2.25286e-13 0)
(1.5 1.84264e-13 0)
(1.5 1.92395e-13 0)
(1.5 1.79335e-13 0)
(1.5 2.07533e-13 0)
(1.5 2.44216e-13 0)
(1.5 2.45004e-13 0)
(1.5 2.17733e-13 0)
(1.5 2.20453e-13 0)
(1.5 2.13486e-13 0)
(1.5 1.31419e-13 0)
(1.5 2.03836e-14 0)
(1.5 -4.50863e-15 0)
(1.5 7.22498e-16 0)
(1.5 -5.49019e-15 0)
(1.5 -3.83213e-15 0)
(1.5 5.43752e-14 0)
(1.5 5.93629e-14 0)
(1.5 1.07311e-13 0)
(1.5 1.52108e-13 0)
(1.5 1.85385e-13 0)
(1.5 1.17789e-13 0)
(1.5 3.81984e-14 0)
(1.5 -1.07616e-14 0)
(1.5 1.56172e-14 0)
(1.5 2.58323e-14 0)
(1.5 1.02191e-15 0)
(1.5 -4.74335e-15 0)
(1.5 5.59527e-14 0)
(1.5 7.56833e-14 0)
(1.5 2.02434e-14 0)
(1.5 -3.83198e-14 0)
(1.5 -5.36966e-14 0)
(1.5 -3.9682e-14 0)
(1.5 -5.19119e-14 0)
(1.5 -2.32722e-15 0)
(1.5 -3.34289e-14 0)
(1.5 -2.44392e-14 0)
(1.5 -1.55083e-14 0)
(1.5 -2.53173e-15 0)
(1.5 2.63511e-14 0)
(1.5 -6.65682e-15 0)
(1.5 -7.04762e-14 0)
(1.5 -1.12703e-13 0)
(1.5 -1.77225e-13 0)
(1.5 -2.17759e-13 0)
(1.5 -1.87947e-13 0)
(1.5 -7.96501e-14 0)
(1.5 -1.6755e-14 0)
(1.5 3.86011e-14 0)
(1.5 4.4882e-14 0)
(1.5 -2.07571e-14 0)
(1.5 -4.59149e-14 0)
(1.5 -3.78657e-14 0)
(1.5 -5.89652e-14 0)
(1.5 -7.2581e-14 0)
(1.5 -5.83835e-14 0)
(1.5 -1.13668e-14 0)
(1.5 -4.00732e-14 0)
(1.5 -5.65248e-14 0)
(1.5 -2.29351e-14 0)
(1.5 -2.66082e-14 0)
(1.5 -5.27972e-14 0)
(1.5 -5.17142e-14 0)
(1.5 -5.84289e-14 0)
(1.5 -6.47876e-14 0)
(1.5 5.81104e-15 0)
(1.5 9.57726e-14 0)
(1.5 1.04444e-13 0)
(1.5 4.0622e-14 0)
(1.5 1.71213e-14 0)
(1.5 4.94731e-14 0)
(1.5 8.63424e-14 0)
(1.5 4.87375e-14 0)
(1.5 3.01945e-14 0)
(1.5 8.46509e-14 0)
(1.5 1.10309e-13 0)
(1.5 1.51181e-13 0)
(1.5 1.80201e-13 0)
(1.5 2.6547e-13 0)
(1.5 2.84898e-13 0)
(1.5 3.03957e-13 0)
(1.5 2.96089e-13 0)
(1.5 2.49364e-13 0)
(1.5 1.86687e-13 0)
(1.5 1.60509e-13 0)
(1.5 1.67247e-13 0)
(1.5 1.25222e-13 0)
(1.5 1.42405e-13 0)
(1.5 1.79667e-13 0)
(1.5 1.64656e-13 0)
(1.5 5.56404e-14 0)
(1.5 -6.7035e-15 0)
(1.5 -2.21282e-14 0)
(1.5 -1.27731e-14 0)
(1.5 8.89638e-14 0)
(1.5 1.10346e-13 0)
(1.5 7.66474e-14 0)
(1.5 1.39338e-13 0)
(1.5 2.2841e-13 0)
(1.5 2.77733e-13 0)
(1.5 2.01297e-13 0)
(1.5 1.3803e-13 0)
(1.5 1.29178e-13 0)
(1.5 1.0167e-13 0)
(1.5 1.22563e-13 0)
(1.5 7.13751e-14 0)
(1.5 6.25682e-14 0)
(1.5 4.76007e-14 0)
(1.5 -5.44776e-14 0)
(1.5 -4.87458e-14 0)
(1.5 -2.10332e-14 0)
(1.5 5.18653e-14 0)
(1.5 4.47494e-14 0)
(1.5 -2.95372e-14 0)
(1.5 -1.22393e-13 0)
(1.5 -1.68022e-13 0)
(1.5 -1.54026e-13 0)
(1.5 -1.53588e-13 0)
(1.5 -8.55781e-14 0)
(1.5 1.27516e-14 0)
(1.5 -4.33965e-14 0)
(1.5 -9.66295e-14 0)
(1.5 -1.18286e-13 0)
(1.5 -1.23333e-13 0)
(1.5 -1.33386e-13 0)
(1.5 -1.92265e-13 0)
(1.5 -2.10024e-13 0)
(1.5 -1.56669e-13 0)
(1.5 -2.59161e-13 0)
(1.5 -3.48414e-13 0)
(1.5 -3.04806e-13 0)
(1.5 -2.18772e-13 0)
(1.5 -1.09312e-13 0)
(1.5 -3.03616e-14 0)
(1.5 -1.36898e-13 0)
(1.5 -2.47373e-13 0)
(1.5 -3.36616e-13 0)
(1.5 -2.34921e-13 0)
(1.5 -1.71966e-13 0)
(1.5 -4.14217e-13 0)
(1.5 -5.0537e-13 0)
(1.5 -4.72692e-13 0)
(1.5 -4.59313e-13 0)
(1.5 -3.72501e-13 0)
(1.5 -2.60907e-13 0)
(1.5 -1.03631e-13 0)
(1.5 -3.82517e-14 0)
(1.5 1.66432e-14 0)
(1.5 3.22636e-14 0)
(1.5 7.43586e-14 0)
(1.5 1.86997e-13 0)
(1.5 3.17117e-13 0)
(1.5 3.10155e-13 0)
(1.5 3.84121e-13 0)
(1.5 5.71236e-13 0)
(1.5 6.17154e-13 0)
(1.5 5.52516e-13 0)
(1.5 4.04276e-13 0)
(1.5 3.2197e-13 0)
(1.5 3.31938e-13 0)
(1.5 2.53766e-13 0)
(1.5 1.12869e-13 0)
(1.5 -4.0273e-15 0)
(1.5 2.03333e-14 0)
(1.5 1.49227e-13 0)
(1.5 1.18248e-13 0)
(1.5 1.00168e-13 0)
(1.5 1.65875e-13 0)
(1.5 2.38044e-13 0)
(1.5 2.97145e-13 0)
(1.5 2.74205e-13 0)
(1.5 1.69856e-13 0)
(1.5 8.67757e-14 0)
(1.5 7.81178e-14 0)
(1.5 3.45391e-14 0)
(1.5 -7.78208e-14 0)
(1.5 -8.99538e-14 0)
(1.5 -9.69413e-14 0)
(1.5 -1.0304e-13 0)
(1.5 -3.17948e-13 0)
(1.5 -4.26157e-13 0)
(1.5 -4.64916e-13 0)
(1.5 -4.57352e-13 0)
(1.5 -3.06043e-13 0)
(1.5 -1.27299e-13 0)
(1.5 9.87092e-14 0)
(1.5 2.64385e-13 0)
(1.5 2.16296e-13 0)
(1.5 2.06257e-13 0)
(1.5 9.41437e-14 0)
(1.5 1.88434e-14 0)
(1.5 1.1184e-15 0)
(1.5 4.58066e-15 0)
(1.5 4.09107e-14 0)
(1.5 8.39523e-14 0)
(1.5 1.05629e-13 0)
(1.5 8.60564e-15 0)
(1.5 -2.38123e-14 0)
(1.5 7.63247e-14 0)
(1.5 1.93709e-13 0)
(1.5 1.47087e-13 0)
(1.5 1.59112e-13 0)
(1.5 1.84255e-13 0)
(1.5 2.20461e-13 0)
(1.5 2.8079e-13 0)
(1.5 1.5887e-13 0)
(1.5 9.8627e-14 0)
(1.5 3.27878e-14 0)
(1.5 -2.84559e-15 0)
(1.5 9.32074e-16 0)
(1.5 -1.24859e-14 0)
(1.5 -1.32171e-14 0)
(1.5 -2.79186e-14 0)
(1.5 -8.60509e-14 0)
(1.5 1.03891e-14 0)
(1.5 6.99951e-14 0)
(1.5 1.93891e-14 0)
(1.5 5.01495e-14 0)
(1.5 3.04224e-14 0)
(1.5 8.32812e-14 0)
(1.5 -1.93759e-14 0)
(1.5 -5.58191e-14 0)
(1.5 -7.30758e-14 0)
(1.5 -2.9631e-14 0)
(1.5 -5.0309e-14 0)
(1.5 -5.71953e-14 0)
(1.5 -3.8879e-14 0)
(1.5 -8.86982e-15 0)
(1.5 1.17806e-14 0)
(1.5 -8.56681e-14 0)
(1.5 -5.07328e-14 0)
(1.5 -3.44179e-14 0)
(1.5 -7.51788e-14 0)
(1.5 -6.38673e-14 0)
(1.5 -1.92343e-14 0)
(1.5 1.79424e-14 0)
(1.5 2.66396e-14 0)
(1.5 -6.38788e-14 0)
(1.5 -1.70648e-14 0)
(1.5 -1.54301e-14 0)
(1.5 -5.50145e-14 0)
(1.5 -6.68835e-14 0)
(1.5 -1.63291e-13 0)
(1.5 -1.65001e-13 0)
(1.5 -1.7816e-13 0)
(1.5 -1.69442e-13 0)
(1.5 -7.01674e-14 0)
(1.5 -4.1963e-15 0)
(1.5 -1.87306e-16 0)
(1.5 -1.73856e-14 0)
(1.5 -2.67078e-14 0)
(1.5 -2.37706e-14 0)
(1.5 -2.27664e-14 0)
(1.5 -6.52098e-14 0)
(1.5 -6.74505e-14 0)
(1.5 -1.16621e-13 0)
(1.5 -6.86083e-14 0)
(1.5 -6.22499e-14 0)
(1.5 -5.30797e-14 0)
(1.5 -5.047e-14 0)
(1.5 -6.54325e-14 0)
(1.5 -6.85337e-14 0)
(1.5 -6.71516e-14 0)
(1.5 -9.63435e-14 0)
(1.5 -1.15806e-13 0)
(1.5 -1.62983e-14 0)
(1.5 9.49977e-14 0)
(1.5 6.06207e-14 0)
(1.5 -1.58762e-14 0)
(1.5 -1.26123e-14 0)
(1.5 6.2108e-14 0)
(1.5 3.66511e-14 0)
(1.5 -3.90178e-14 0)
(1.5 -7.14856e-14 0)
(1.5 7.12352e-15 0)
(1.5 6.8795e-14 0)
(1.5 7.9243e-14 0)
(1.5 1.02381e-13 0)
(1.5 2.23278e-13 0)
(1.5 3.30264e-13 0)
(1.5 3.11154e-13 0)
(1.5 2.63702e-13 0)
(1.5 1.91419e-13 0)
(1.5 1.04351e-13 0)
(1.5 1.41853e-13 0)
(1.5 1.81652e-13 0)
(1.5 1.78027e-13 0)
(1.5 1.93952e-13 0)
(1.5 1.89117e-13 0)
(1.5 2.14772e-13 0)
(1.5 1.84805e-13 0)
(1.5 9.80306e-14 0)
(1.5 7.32177e-14 0)
(1.5 -7.89721e-15 0)
(1.5 -4.78175e-14 0)
(1.5 -1.97516e-14 0)
(1.5 1.5337e-14 0)
(1.5 8.07903e-14 0)
(1.5 1.38212e-13 0)
(1.5 1.65621e-13 0)
(1.5 4.78778e-14 0)
(1.5 6.88289e-14 0)
(1.5 7.29476e-14 0)
(1.5 7.66708e-14 0)
(1.5 1.39292e-13 0)
(1.5 1.54434e-13 0)
(1.5 1.10409e-13 0)
(1.5 5.97518e-14 0)
(1.5 3.17928e-14 0)
(1.5 -3.65432e-15 0)
(1.5 2.07262e-14 0)
(1.5 9.52104e-14 0)
(1.5 7.93001e-14 0)
(1.5 -4.93078e-15 0)
(1.5 -1.02095e-13 0)
(1.5 -5.87179e-14 0)
(1.5 -4.75204e-14 0)
(1.5 -1.86622e-14 0)
(1.5 3.8315e-14 0)
(1.5 -4.4788e-14 0)
(1.5 -1.0866e-13 0)
(1.5 -1.08254e-13 0)
(1.5 -5.28397e-14 0)
(1.5 -7.36979e-14 0)
(1.5 -7.19857e-14 0)
(1.5 -1.46104e-13 0)
(1.5 -1.73339e-13 0)
(1.5 -2.32501e-13 0)
(1.5 -3.07482e-13 0)
(1.5 -2.94329e-13 0)
(1.5 -3.05864e-13 0)
(1.5 -1.75527e-13 0)
(1.5 -4.77483e-14 0)
(1.5 -7.13885e-15 0)
(1.5 -2.56047e-13 0)
(1.5 -3.86817e-13 0)
(1.5 -3.11856e-13 0)
(1.5 -2.52208e-13 0)
(1.5 -1.76613e-13 0)
(1.5 -3.98339e-13 0)
(1.5 -4.60401e-13 0)
(1.5 -4.46404e-13 0)
(1.5 -4.89431e-13 0)
(1.5 -4.36267e-13 0)
(1.5 -3.56736e-13 0)
(1.5 -2.73745e-13 0)
(1.5 -1.28619e-13 0)
(1.5 -4.51379e-14 0)
(1.5 5.22381e-14 0)
(1.5 5.5611e-14 0)
(1.5 5.05048e-14 0)
(1.5 1.81609e-13 0)
(1.5 2.25742e-13 0)
(1.5 3.0564e-13 0)
(1.5 3.61527e-13 0)
(1.5 3.57454e-13 0)
(1.5 2.8845e-13 0)
(1.5 1.52287e-13 0)
(1.5 1.11637e-13 0)
(1.5 1.52289e-13 0)
(1.5 9.38758e-14 0)
(1.5 -4.59251e-14 0)
(1.5 -1.93943e-13 0)
(1.5 -1.32408e-13 0)
(1.5 -5.20037e-14 0)
(1.5 -4.37712e-14 0)
(1.5 -2.99294e-14 0)
(1.5 2.28516e-14 0)
(1.5 1.16603e-13 0)
(1.5 2.39388e-13 0)
(1.5 3.53473e-13 0)
(1.5 3.14085e-13 0)
(1.5 2.38138e-13 0)
(1.5 2.08397e-13 0)
(1.5 8.27687e-14 0)
(1.5 -4.11022e-14 0)
(1.5 -1.04027e-13 0)
(1.5 -1.26199e-13 0)
(1.5 -1.53505e-13 0)
(1.5 -3.94419e-13 0)
(1.5 -5.18842e-13 0)
(1.5 -5.26925e-13 0)
(1.5 -4.41182e-13 0)
(1.5 -2.9224e-13 0)
(1.5 2.05227e-14 0)
(1.5 2.35716e-13 0)
(1.5 3.48675e-13 0)
(1.5 2.64878e-13 0)
(1.5 1.71107e-13 0)
(1.5 7.46048e-14 0)
(1.5 1.81982e-14 0)
(1.5 -5.58872e-14 0)
(1.5 -8.12207e-14 0)
(1.5 -7.95334e-14 0)
(1.5 -1.0955e-13 0)
(1.5 -1.84347e-13 0)
(1.5 -2.68983e-13 0)
(1.5 -3.5108e-14 0)
(1.5 -7.19276e-15 0)
(1.5 3.9895e-14 0)
(1.5 1.13447e-13 0)
(1.5 8.50998e-14 0)
(1.5 1.69213e-13 0)
(1.5 2.58422e-13 0)
(1.5 3.01676e-13 0)
(1.5 2.24836e-13 0)
(1.5 1.22666e-13 0)
(1.5 3.56675e-14 0)
(1.5 -4.85562e-14 0)
(1.5 -4.29838e-14 0)
(1.5 -2.41864e-14 0)
(1.5 3.15061e-14 0)
(1.5 -2.85898e-14 0)
(1.5 -7.57821e-14 0)
(1.5 -1.00518e-14 0)
(1.5 3.35656e-14 0)
(1.5 7.29523e-14 0)
(1.5 3.92369e-15 0)
(1.5 -1.45603e-14 0)
(1.5 -3.17974e-14 0)
(1.5 -8.79735e-14 0)
(1.5 -1.01778e-13 0)
(1.5 -8.94523e-14 0)
(1.5 -6.37456e-14 0)
(1.5 -4.77865e-14 0)
(1.5 -2.48274e-14 0)
(1.5 -2.40259e-14 0)
(1.5 -6.468e-14 0)
(1.5 -8.7993e-14 0)
(1.5 -1.15227e-13 0)
(1.5 -8.45856e-14 0)
(1.5 -2.61084e-14 0)
(1.5 -6.13622e-14 0)
(1.5 -4.93785e-14 0)
(1.5 -5.71196e-14 0)
(1.5 -1.88391e-14 0)
(1.5 3.01721e-14 0)
(1.5 -2.48832e-14 0)
(1.5 -4.44297e-14 0)
(1.5 -1.19059e-13 0)
(1.5 -1.11452e-13 0)
(1.5 -1.21787e-13 0)
(1.5 -1.75637e-13 0)
(1.5 -1.09676e-13 0)
(1.5 -1.03323e-13 0)
(1.5 -9.26688e-14 0)
(1.5 -1.02308e-13 0)
(1.5 -7.50525e-14 0)
(1.5 -8.65144e-14 0)
(1.5 -8.35819e-14 0)
(1.5 -3.82573e-14 0)
(1.5 8.26001e-15 0)
(1.5 -6.57522e-14 0)
(1.5 -1.26223e-13 0)
(1.5 -1.35093e-13 0)
(1.5 -1.36665e-13 0)
(1.5 -1.41775e-13 0)
(1.5 -1.38912e-13 0)
(1.5 -1.08853e-13 0)
(1.5 -8.31347e-14 0)
(1.5 -1.24004e-13 0)
(1.5 -1.46986e-13 0)
(1.5 -1.76761e-13 0)
(1.5 -2.21853e-13 0)
(1.5 -1.84327e-13 0)
(1.5 -1.1124e-13 0)
(1.5 -4.19074e-14 0)
(1.5 -4.20317e-14 0)
(1.5 -2.27045e-14 0)
(1.5 5.71245e-14 0)
(1.5 1.29807e-13 0)
(1.5 6.9644e-14 0)
(1.5 -4.73864e-14 0)
(1.5 -3.11506e-14 0)
(1.5 -1.44848e-14 0)
(1.5 5.66954e-14 0)
(1.5 1.09877e-13 0)
(1.5 7.17427e-14 0)
(1.5 1.40119e-13 0)
(1.5 2.07131e-13 0)
(1.5 1.96048e-13 0)
(1.5 1.74885e-13 0)
(1.5 1.2453e-13 0)
(1.5 5.85317e-14 0)
(1.5 3.82034e-14 0)
(1.5 6.42443e-14 0)
(1.5 1.17025e-13 0)
(1.5 1.40449e-13 0)
(1.5 1.33704e-13 0)
(1.5 9.71407e-14 0)
(1.5 1.25958e-13 0)
(1.5 7.14492e-14 0)
(1.5 1.92865e-14 0)
(1.5 -6.16804e-14 0)
(1.5 -7.37348e-14 0)
(1.5 -4.89979e-14 0)
(1.5 7.10863e-15 0)
(1.5 4.00028e-14 0)
(1.5 4.49609e-14 0)
(1.5 7.53087e-14 0)
(1.5 3.10301e-14 0)
(1.5 2.79612e-14 0)
(1.5 2.16712e-14 0)
(1.5 8.50464e-15 0)
(1.5 1.67037e-14 0)
(1.5 6.87775e-14 0)
(1.5 1.10003e-13 0)
(1.5 1.43943e-13 0)
(1.5 1.66314e-13 0)
(1.5 7.31893e-14 0)
(1.5 6.0371e-14 0)
(1.5 5.6577e-14 0)
(1.5 2.51001e-14 0)
(1.5 -1.32196e-14 0)
(1.5 3.45506e-14 0)
(1.5 1.00385e-13 0)
(1.5 1.02459e-13 0)
(1.5 1.11285e-13 0)
(1.5 8.81331e-14 0)
(1.5 -9.6681e-14 0)
(1.5 -1.16983e-13 0)
(1.5 -8.6517e-14 0)
(1.5 -2.79674e-14 0)
(1.5 -9.11325e-14 0)
(1.5 -1.06257e-13 0)
(1.5 -9.78383e-14 0)
(1.5 -1.40741e-13 0)
(1.5 -2.46006e-13 0)
(1.5 -2.97321e-13 0)
(1.5 -2.61532e-13 0)
(1.5 -2.45208e-13 0)
(1.5 -1.23985e-13 0)
(1.5 2.57598e-14 0)
(1.5 2.60447e-15 0)
(1.5 -2.7297e-13 0)
(1.5 -3.64629e-13 0)
(1.5 -2.61752e-13 0)
(1.5 -2.06709e-13 0)
(1.5 -2.10683e-13 0)
(1.5 -4.50163e-13 0)
(1.5 -5.0932e-13 0)
(1.5 -5.20942e-13 0)
(1.5 -4.89404e-13 0)
(1.5 -4.17184e-13 0)
(1.5 -3.97524e-13 0)
(1.5 -3.32677e-13 0)
(1.5 -1.42334e-13 0)
(1.5 2.83628e-14 0)
(1.5 8.09063e-14 0)
(1.5 -8.61408e-14 0)
(1.5 -1.67652e-13 0)
(1.5 -1.03911e-13 0)
(1.5 -2.04612e-14 0)
(1.5 5.51191e-14 0)
(1.5 7.68764e-14 0)
(1.5 8.1725e-14 0)
(1.5 8.83812e-14 0)
(1.5 4.90855e-15 0)
(1.5 -2.34959e-14 0)
(1.5 -3.35174e-14 0)
(1.5 -5.33176e-14 0)
(1.5 -1.16625e-13 0)
(1.5 -2.12866e-13 0)
(1.5 -2.62543e-13 0)
(1.5 -3.18394e-13 0)
(1.5 -2.38247e-13 0)
(1.5 -1.7321e-13 0)
(1.5 -1.52749e-13 0)
(1.5 -6.46769e-14 0)
(1.5 8.27924e-14 0)
(1.5 2.18638e-13 0)
(1.5 2.55639e-13 0)
(1.5 2.12563e-13 0)
(1.5 1.66654e-13 0)
(1.5 2.17075e-14 0)
(1.5 -4.81747e-14 0)
(1.5 -7.17677e-14 0)
(1.5 -1.26299e-14 0)
(1.5 -6.03584e-14 0)
(1.5 -3.39372e-13 0)
(1.5 -4.67862e-13 0)
(1.5 -4.91573e-13 0)
(1.5 -2.91105e-13 0)
(1.5 -1.51399e-13 0)
(1.5 1.23102e-13 0)
(1.5 2.16644e-13 0)
(1.5 2.06863e-13 0)
(1.5 2.12563e-13 0)
(1.5 1.39735e-13 0)
(1.5 6.81638e-14 0)
(1.5 -3.63342e-15 0)
(1.5 -7.44301e-14 0)
(1.5 -1.09689e-13 0)
(1.5 -1.91507e-13 0)
(1.5 -3.2721e-13 0)
(1.5 -4.86418e-13 0)
(1.5 -5.54272e-13 0)
(1.5 4.90576e-15 0)
(1.5 1.38384e-14 0)
(1.5 -8.35022e-15 0)
(1.5 7.4104e-14 0)
(1.5 6.66862e-14 0)
(1.5 1.96938e-13 0)
(1.5 2.72321e-13 0)
(1.5 2.37206e-13 0)
(1.5 2.19658e-13 0)
(1.5 1.59974e-13 0)
(1.5 4.95323e-14 0)
(1.5 -6.28352e-14 0)
(1.5 -1.07807e-13 0)
(1.5 -6.90889e-14 0)
(1.5 -2.39743e-14 0)
(1.5 -2.82043e-14 0)
(1.5 -3.06842e-14 0)
(1.5 -1.93891e-14 0)
(1.5 2.35242e-14 0)
(1.5 4.81471e-14 0)
(1.5 -1.5637e-14 0)
(1.5 3.19529e-14 0)
(1.5 -3.767e-14 0)
(1.5 -4.40467e-14 0)
(1.5 -6.81456e-14 0)
(1.5 -6.19852e-14 0)
(1.5 -8.64403e-14 0)
(1.5 -7.18908e-14 0)
(1.5 -9.66458e-15 0)
(1.5 -2.48203e-14 0)
(1.5 -9.26618e-14 0)
(1.5 -1.38123e-13 0)
(1.5 -1.2656e-13 0)
(1.5 -1.23739e-13 0)
(1.5 -5.64687e-14 0)
(1.5 -2.3075e-14 0)
(1.5 -1.91269e-15 0)
(1.5 -2.19302e-14 0)
(1.5 -4.65047e-14 0)
(1.5 -4.75468e-14 0)
(1.5 -4.36881e-14 0)
(1.5 -5.35554e-14 0)
(1.5 -1.29648e-13 0)
(1.5 -1.53307e-13 0)
(1.5 -1.71332e-13 0)
(1.5 -1.36264e-13 0)
(1.5 -1.05242e-13 0)
(1.5 -6.3285e-14 0)
(1.5 -7.4218e-14 0)
(1.5 -1.40465e-13 0)
(1.5 -1.37798e-13 0)
(1.5 -1.26418e-13 0)
(1.5 -9.91022e-14 0)
(1.5 -6.33696e-14 0)
(1.5 -2.89483e-14 0)
(1.5 -6.64138e-14 0)
(1.5 -1.47978e-13 0)
(1.5 -1.58552e-13 0)
(1.5 -1.52057e-13 0)
(1.5 -1.87446e-13 0)
(1.5 -1.84428e-13 0)
(1.5 -1.90208e-13 0)
(1.5 -1.6062e-13 0)
(1.5 -1.65837e-13 0)
(1.5 -1.67831e-13 0)
(1.5 -1.75373e-13 0)
(1.5 -2.21753e-13 0)
(1.5 -1.65125e-13 0)
(1.5 -1.52827e-13 0)
(1.5 -1.67157e-13 0)
(1.5 -1.69557e-13 0)
(1.5 -7.46825e-14 0)
(1.5 7.07976e-15 0)
(1.5 6.85436e-14 0)
(1.5 6.95782e-14 0)
(1.5 4.14447e-15 0)
(1.5 -1.45343e-14 0)
(1.5 -5.43151e-14 0)
(1.5 1.51975e-14 0)
(1.5 7.83415e-14 0)
(1.5 -5.14573e-15 0)
(1.5 6.28332e-14 0)
(1.5 7.21516e-14 0)
(1.5 6.7846e-14 0)
(1.5 7.07837e-14 0)
(1.5 1.12247e-13 0)
(1.5 9.62128e-14 0)
(1.5 2.81226e-15 0)
(1.5 -3.233e-15 0)
(1.5 8.46307e-14 0)
(1.5 1.05066e-13 0)
(1.5 1.08162e-13 0)
(1.5 4.48383e-15 0)
(1.5 -2.15245e-15 0)
(1.5 2.69961e-14 0)
(1.5 1.81947e-14 0)
(1.5 -2.55716e-14 0)
(1.5 8.17886e-16 0)
(1.5 -5.29508e-14 0)
(1.5 -1.44655e-14 0)
(1.5 -7.48643e-15 0)
(1.5 -1.4177e-14 0)
(1.5 3.71259e-14 0)
(1.5 6.23919e-14 0)
(1.5 2.95784e-14 0)
(1.5 1.81703e-14 0)
(1.5 -4.66236e-14 0)
(1.5 -1.21941e-13 0)
(1.5 -8.13117e-14 0)
(1.5 -3.92518e-14 0)
(1.5 2.08395e-14 0)
(1.5 4.85973e-14 0)
(1.5 5.62475e-14 0)
(1.5 6.74876e-14 0)
(1.5 5.48141e-14 0)
(1.5 -7.56985e-15 0)
(1.5 -5.53145e-14 0)
(1.5 1.48292e-14 0)
(1.5 -7.25233e-15 0)
(1.5 -5.53344e-15 0)
(1.5 2.3831e-14 0)
(1.5 1.82951e-14 0)
(1.5 -4.02015e-14 0)
(1.5 -6.80028e-14 0)
(1.5 -5.63363e-14 0)
(1.5 -4.67488e-14 0)
(1.5 -1.2271e-13 0)
(1.5 -1.57602e-13 0)
(1.5 -8.64532e-14 0)
(1.5 -1.61482e-13 0)
(1.5 -2.74376e-13 0)
(1.5 -2.63473e-13 0)
(1.5 -2.78933e-13 0)
(1.5 -2.86439e-13 0)
(1.5 -2.64898e-13 0)
(1.5 -1.34693e-13 0)
(1.5 -1.3693e-13 0)
(1.5 -2.36696e-13 0)
(1.5 -2.89594e-13 0)
(1.5 -2.54172e-13 0)
(1.5 -1.62968e-13 0)
(1.5 -2.48887e-13 0)
(1.5 -4.03229e-13 0)
(1.5 -5.35227e-13 0)
(1.5 -6.28368e-13 0)
(1.5 -5.58572e-13 0)
(1.5 -4.71391e-13 0)
(1.5 -4.95786e-13 0)
(1.5 -3.97343e-13 0)
(1.5 -2.35422e-13 0)
(1.5 -3.46176e-14 0)
(1.5 2.07562e-14 0)
(1.5 -1.86021e-13 0)
(1.5 -2.49262e-13 0)
(1.5 -2.72982e-13 0)
(1.5 -3.1239e-13 0)
(1.5 -3.1201e-13 0)
(1.5 -2.99096e-13 0)
(1.5 -2.06882e-13 0)
(1.5 -1.08412e-13 0)
(1.5 -8.37332e-14 0)
(1.5 -1.51793e-13 0)
(1.5 -2.42564e-13 0)
(1.5 -2.6521e-13 0)
(1.5 -3.18303e-13 0)
(1.5 -3.36466e-13 0)
(1.5 -4.90887e-13 0)
(1.5 -6.219e-13 0)
(1.5 -5.42402e-13 0)
(1.5 -4.07012e-13 0)
(1.5 -3.02436e-13 0)
(1.5 -2.29628e-13 0)
(1.5 -1.42138e-13 0)
(1.5 -4.54673e-15 0)
(1.5 1.41927e-13 0)
(1.5 2.13634e-13 0)
(1.5 1.67449e-13 0)
(1.5 -3.52053e-14 0)
(1.5 -8.30863e-14 0)
(1.5 -6.25477e-14 0)
(1.5 5.33623e-14 0)
(1.5 4.59305e-15 0)
(1.5 -1.83036e-13 0)
(1.5 -2.9936e-13 0)
(1.5 -3.34975e-13 0)
(1.5 -2.15108e-13 0)
(1.5 -1.56937e-13 0)
(1.5 -8.46197e-15 0)
(1.5 1.21368e-13 0)
(1.5 8.43366e-14 0)
(1.5 2.65429e-14 0)
(1.5 -1.04545e-13 0)
(1.5 -2.12505e-13 0)
(1.5 -2.43138e-13 0)
(1.5 -3.02186e-13 0)
(1.5 -3.17062e-13 0)
(1.5 -4.02989e-13 0)
(1.5 -5.04899e-13 0)
(1.5 -6.43867e-13 0)
(1.5 -7.05961e-13 0)
(1.5 8.39543e-14 0)
(1.5 1.50368e-13 0)
(1.5 2.02873e-13 0)
(1.5 2.01929e-13 0)
(1.5 1.5037e-13 0)
(1.5 1.72188e-13 0)
(1.5 1.42614e-13 0)
(1.5 8.75147e-14 0)
(1.5 6.26937e-14 0)
(1.5 2.05005e-14 0)
(1.5 -2.62148e-14 0)
(1.5 -8.56226e-14 0)
(1.5 -9.64885e-14 0)
(1.5 -7.80503e-14 0)
(1.5 -1.07247e-13 0)
(1.5 -1.17451e-13 0)
(1.5 -1.12608e-13 0)
(1.5 -7.61555e-14 0)
(1.5 1.09983e-14 0)
(1.5 1.06643e-14 0)
(1.5 3.83719e-14 0)
(1.5 5.25349e-14 0)
(1.5 1.5695e-14 0)
(1.5 1.71266e-14 0)
(1.5 -7.33132e-15 0)
(1.5 -3.80536e-14 0)
(1.5 -1.10189e-13 0)
(1.5 -9.69173e-14 0)
(1.5 -5.98011e-14 0)
(1.5 -6.72168e-14 0)
(1.5 -8.64457e-14 0)
(1.5 -1.84566e-13 0)
(1.5 -1.67559e-13 0)
(1.5 -1.53171e-13 0)
(1.5 -6.53381e-14 0)
(1.5 -8.21311e-16 0)
(1.5 1.81501e-14 0)
(1.5 -9.90502e-15 0)
(1.5 2.75419e-15 0)
(1.5 -5.60199e-14 0)
(1.5 -7.52829e-14 0)
(1.5 -8.81134e-15 0)
(1.5 -5.38413e-14 0)
(1.5 -8.39737e-14 0)
(1.5 -8.3601e-14 0)
(1.5 -5.66253e-14 0)
(1.5 -6.61551e-14 0)
(1.5 -3.86626e-14 0)
(1.5 -1.09837e-13 0)
(1.5 -1.53843e-13 0)
(1.5 -1.39801e-13 0)
(1.5 -1.33897e-13 0)
(1.5 -1.17322e-13 0)
(1.5 -8.75891e-14 0)
(1.5 -3.28062e-14 0)
(1.5 -2.57013e-14 0)
(1.5 -1.06842e-13 0)
(1.5 -5.4132e-14 0)
(1.5 -1.0396e-13 0)
(1.5 -1.73164e-13 0)
(1.5 -1.40466e-13 0)
(1.5 -1.33517e-13 0)
(1.5 -1.58553e-13 0)
(1.5 -1.34524e-13 0)
(1.5 -1.26844e-13 0)
(1.5 -1.17465e-13 0)
(1.5 -1.21917e-13 0)
(1.5 -1.03298e-13 0)
(1.5 -1.23008e-13 0)
(1.5 -1.57661e-13 0)
(1.5 -1.44422e-13 0)
(1.5 -8.19871e-14 0)
(1.5 -2.46939e-14 0)
(1.5 1.32423e-14 0)
(1.5 3.29717e-14 0)
(1.5 7.8552e-14 0)
(1.5 7.89955e-15 0)
(1.5 -1.91586e-14 0)
(1.5 -2.71033e-14 0)
(1.5 -5.69844e-14 0)
(1.5 -1.23875e-13 0)
(1.5 -3.66824e-14 0)
(1.5 -2.15859e-14 0)
(1.5 -2.57786e-16 0)
(1.5 9.01478e-15 0)
(1.5 7.45111e-14 0)
(1.5 1.44228e-13 0)
(1.5 7.72367e-14 0)
(1.5 9.05539e-14 0)
(1.5 1.63564e-13 0)
(1.5 1.67393e-13 0)
(1.5 1.38496e-13 0)
(1.5 7.40643e-14 0)
(1.5 -2.4516e-14 0)
(1.5 6.10147e-15 0)
(1.5 2.25463e-14 0)
(1.5 5.05419e-15 0)
(1.5 -2.06875e-14 0)
(1.5 -2.92656e-14 0)
(1.5 -2.67148e-14 0)
(1.5 -7.61636e-14 0)
(1.5 -7.37871e-14 0)
(1.5 -3.2254e-14 0)
(1.5 1.72267e-14 0)
(1.5 -5.04512e-14 0)
(1.5 -6.01149e-14 0)
(1.5 -1.88478e-14 0)
(1.5 -1.05397e-13 0)
(1.5 -8.05647e-14 0)
(1.5 -9.75581e-14 0)
(1.5 -1.75159e-13 0)
(1.5 -1.76003e-13 0)
(1.5 -9.33026e-14 0)
(1.5 -6.00309e-14 0)
(1.5 -1.9485e-14 0)
(1.5 -4.85083e-14 0)
(1.5 -4.92061e-14 0)
(1.5 -6.71432e-14 0)
(1.5 -5.60804e-14 0)
(1.5 -6.93377e-14 0)
(1.5 -1.03744e-13 0)
(1.5 -9.24473e-14 0)
(1.5 -1.3142e-14 0)
(1.5 5.2468e-15 0)
(1.5 -1.01875e-14 0)
(1.5 -5.20028e-14 0)
(1.5 -9.26338e-14 0)
(1.5 -1.0901e-13 0)
(1.5 -1.10349e-13 0)
(1.5 -2.01474e-13 0)
(1.5 -2.69709e-13 0)
(1.5 -2.20292e-13 0)
(1.5 -3.33178e-13 0)
(1.5 -3.83433e-13 0)
(1.5 -4.1506e-13 0)
(1.5 -3.49269e-13 0)
(1.5 -2.71192e-13 0)
(1.5 -2.38652e-13 0)
(1.5 -2.63363e-13 0)
(1.5 -2.53974e-13 0)
(1.5 -2.34421e-13 0)
(1.5 -3.07338e-13 0)
(1.5 -3.18663e-13 0)
(1.5 -4.31846e-13 0)
(1.5 -5.63487e-13 0)
(1.5 -5.37462e-13 0)
(1.5 -5.07974e-13 0)
(1.5 -5.34097e-13 0)
(1.5 -4.63507e-13 0)
(1.5 -3.41363e-13 0)
(1.5 -1.17928e-13 0)
(1.5 1.60001e-14 0)
(1.5 -7.64751e-14 0)
(1.5 -1.7565e-13 0)
(1.5 -1.96951e-13 0)
(1.5 -2.23978e-13 0)
(1.5 -2.90451e-13 0)
(1.5 -3.92677e-13 0)
(1.5 -3.48903e-13 0)
(1.5 -2.79637e-13 0)
(1.5 -2.11847e-13 0)
(1.5 -2.69475e-13 0)
(1.5 -4.28182e-13 0)
(1.5 -5.01004e-13 0)
(1.5 -5.50505e-13 0)
(1.5 -5.69908e-13 0)
(1.5 -7.20196e-13 0)
(1.5 -8.80397e-13 0)
(1.5 -8.04799e-13 0)
(1.5 -6.36271e-13 0)
(1.5 -4.88255e-13 0)
(1.5 -3.96396e-13 0)
(1.5 -2.55947e-13 0)
(1.5 -2.82599e-14 0)
(1.5 2.07405e-13 0)
(1.5 3.54682e-13 0)
(1.5 2.95202e-13 0)
(1.5 5.24502e-14 0)
(1.5 -2.47118e-14 0)
(1.5 -1.98122e-14 0)
(1.5 -4.20033e-16 0)
(1.5 -1.69599e-14 0)
(1.5 -9.33773e-14 0)
(1.5 -2.07627e-13 0)
(1.5 -2.48742e-13 0)
(1.5 -2.80775e-13 0)
(1.5 -2.83227e-13 0)
(1.5 -1.61347e-13 0)
(1.5 -7.54642e-15 0)
(1.5 -5.146e-14 0)
(1.5 -1.25866e-13 0)
(1.5 -2.54348e-13 0)
(1.5 -4.68764e-13 0)
(1.5 -5.45357e-13 0)
(1.5 -5.79144e-13 0)
(1.5 -5.60851e-13 0)
(1.5 -5.87916e-13 0)
(1.5 -6.62409e-13 0)
(1.5 -7.63201e-13 0)
(1.5 -8.04797e-13 0)
(1.5 9.35703e-14 0)
(1.5 1.98966e-13 0)
(1.5 2.96394e-13 0)
(1.5 2.82167e-13 0)
(1.5 2.46825e-13 0)
(1.5 1.64074e-13 0)
(1.5 8.0631e-14 0)
(1.5 3.8124e-14 0)
(1.5 6.94244e-15 0)
(1.5 -7.40037e-14 0)
(1.5 -8.41287e-14 0)
(1.5 -8.18766e-14 0)
(1.5 -4.34764e-14 0)
(1.5 -6.65509e-14 0)
(1.5 -1.18871e-13 0)
(1.5 -1.8278e-13 0)
(1.5 -1.91434e-13 0)
(1.5 -1.46374e-13 0)
(1.5 -4.22353e-14 0)
(1.5 2.34627e-14 0)
(1.5 5.201e-14 0)
(1.5 1.13726e-14 0)
(1.5 4.33182e-14 0)
(1.5 3.96463e-14 0)
(1.5 2.30087e-14 0)
(1.5 -2.59543e-14 0)
(1.5 -6.209e-14 0)
(1.5 -5.63867e-14 0)
(1.5 -8.24153e-14 0)
(1.5 -1.46243e-13 0)
(1.5 -1.40855e-13 0)
(1.5 -1.96999e-13 0)
(1.5 -1.6517e-13 0)
(1.5 -1.26235e-13 0)
(1.5 -9.42384e-14 0)
(1.5 -3.62617e-14 0)
(1.5 -6.48983e-14 0)
(1.5 -7.82731e-14 0)
(1.5 -5.15169e-14 0)
(1.5 -5.48616e-14 0)
(1.5 -1.48826e-14 0)
(1.5 -1.05594e-14 0)
(1.5 -1.20558e-14 0)
(1.5 -3.49077e-14 0)
(1.5 -1.93981e-15 0)
(1.5 1.30226e-14 0)
(1.5 -5.29865e-14 0)
(1.5 -5.98428e-14 0)
(1.5 -8.04713e-14 0)
(1.5 -1.36673e-13 0)
(1.5 -1.45313e-13 0)
(1.5 -1.52217e-13 0)
(1.5 -7.61898e-14 0)
(1.5 -9.31472e-14 0)
(1.5 -3.9743e-14 0)
(1.5 -6.1353e-15 0)
(1.5 -7.82603e-14 0)
(1.5 -3.77594e-14 0)
(1.5 -8.72707e-14 0)
(1.5 -1.57597e-13 0)
(1.5 -1.48192e-13 0)
(1.5 -1.42398e-13 0)
(1.5 -1.54875e-13 0)
(1.5 -1.24292e-13 0)
(1.5 -1.10373e-13 0)
(1.5 -7.12775e-14 0)
(1.5 -1.13446e-14 0)
(1.5 7.20362e-15 0)
(1.5 -2.33259e-14 0)
(1.5 -5.70016e-14 0)
(1.5 -9.61219e-14 0)
(1.5 -1.67762e-14 0)
(1.5 -8.95139e-15 0)
(1.5 -2.42256e-14 0)
(1.5 -1.50091e-14 0)
(1.5 7.19805e-14 0)
(1.5 4.95842e-14 0)
(1.5 1.79198e-14 0)
(1.5 -3.46653e-14 0)
(1.5 -1.00415e-13 0)
(1.5 -1.22316e-13 0)
(1.5 -1.17264e-13 0)
(1.5 -9.34009e-14 0)
(1.5 -3.15847e-14 0)
(1.5 -2.75178e-14 0)
(1.5 -2.33011e-14 0)
(1.5 7.35643e-14 0)
(1.5 9.21308e-14 0)
(1.5 1.05176e-13 0)
(1.5 9.91007e-14 0)
(1.5 1.30696e-13 0)
(1.5 1.1698e-13 0)
(1.5 1.29764e-13 0)
(1.5 2.83701e-14 0)
(1.5 -6.97261e-15 0)
(1.5 -1.62689e-14 0)
(1.5 -3.97375e-14 0)
(1.5 -9.7346e-14 0)
(1.5 -3.60834e-14 0)
(1.5 -3.54317e-14 0)
(1.5 -1.19337e-13 0)
(1.5 -1.12582e-13 0)
(1.5 -6.84645e-14 0)
(1.5 -3.94495e-14 0)
(1.5 -5.10518e-14 0)
(1.5 -5.26655e-14 0)
(1.5 1.70137e-14 0)
(1.5 -1.77782e-14 0)
(1.5 -5.49166e-14 0)
(1.5 -1.00328e-13 0)
(1.5 -1.98328e-13 0)
(1.5 -1.47281e-13 0)
(1.5 -3.33142e-14 0)
(1.5 3.00579e-14 0)
(1.5 -3.11697e-14 0)
(1.5 7.85149e-15 0)
(1.5 6.07507e-14 0)
(1.5 -1.86871e-14 0)
(1.5 2.88861e-14 0)
(1.5 -4.01839e-14 0)
(1.5 -9.93663e-14 0)
(1.5 -4.51334e-14 0)
(1.5 -1.18197e-14 0)
(1.5 2.88894e-14 0)
(1.5 -4.84164e-14 0)
(1.5 -1.04779e-13 0)
(1.5 -2.68513e-14 0)
(1.5 3.59569e-14 0)
(1.5 -2.83159e-14 0)
(1.5 -1.07461e-13 0)
(1.5 -1.44196e-13 0)
(1.5 -8.92925e-14 0)
(1.5 -2.27477e-13 0)
(1.5 -3.1906e-13 0)
(1.5 -3.54135e-13 0)
(1.5 -3.09197e-13 0)
(1.5 -1.81114e-13 0)
(1.5 -9.89498e-14 0)
(1.5 -1.27173e-13 0)
(1.5 -2.29324e-13 0)
(1.5 -2.95318e-13 0)
(1.5 -3.01053e-13 0)
(1.5 -2.04567e-13 0)
(1.5 -2.70504e-13 0)
(1.5 -3.7361e-13 0)
(1.5 -4.12704e-13 0)
(1.5 -3.93977e-13 0)
(1.5 -4.11731e-13 0)
(1.5 -3.7301e-13 0)
(1.5 -2.56352e-13 0)
(1.5 -8.99556e-14 0)
(1.5 -3.4915e-14 0)
(1.5 -3.52822e-14 0)
(1.5 -8.24819e-14 0)
(1.5 -1.37641e-13 0)
(1.5 -1.40216e-13 0)
(1.5 -1.89987e-13 0)
(1.5 -2.82683e-13 0)
(1.5 -2.90004e-13 0)
(1.5 -3.08212e-13 0)
(1.5 -3.38678e-13 0)
(1.5 -4.03475e-13 0)
(1.5 -5.73103e-13 0)
(1.5 -5.36622e-13 0)
(1.5 -5.20696e-13 0)
(1.5 -5.57826e-13 0)
(1.5 -6.42349e-13 0)
(1.5 -8.82466e-13 0)
(1.5 -8.33083e-13 0)
(1.5 -7.54727e-13 0)
(1.5 -6.83349e-13 0)
(1.5 -4.5823e-13 0)
(1.5 -2.2418e-13 0)
(1.5 4.1616e-14 0)
(1.5 2.32312e-13 0)
(1.5 3.6143e-13 0)
(1.5 3.42771e-13 0)
(1.5 2.32812e-13 0)
(1.5 1.52192e-13 0)
(1.5 9.71636e-14 0)
(1.5 2.64634e-14 0)
(1.5 -4.6113e-14 0)
(1.5 -1.27248e-13 0)
(1.5 -1.95059e-13 0)
(1.5 -2.135e-13 0)
(1.5 -2.37674e-13 0)
(1.5 -1.62615e-13 0)
(1.5 -6.13827e-14 0)
(1.5 -2.91575e-14 0)
(1.5 -8.64094e-14 0)
(1.5 -1.66688e-13 0)
(1.5 -2.8128e-13 0)
(1.5 -5.74774e-13 0)
(1.5 -6.64965e-13 0)
(1.5 -6.71893e-13 0)
(1.5 -7.04272e-13 0)
(1.5 -6.92166e-13 0)
(1.5 -7.97515e-13 0)
(1.5 -8.21417e-13 0)
(1.5 -8.08421e-13 0)
(1.5 5.60718e-14 0)
(1.5 1.21657e-13 0)
(1.5 1.41741e-13 0)
(1.5 1.21036e-13 0)
(1.5 1.35423e-13 0)
(1.5 6.04732e-14 0)
(1.5 3.05832e-14 0)
(1.5 6.26949e-15 0)
(1.5 -3.9058e-14 0)
(1.5 -7.37803e-14 0)
(1.5 -9.38574e-14 0)
(1.5 -1.08378e-13 0)
(1.5 -1.19752e-13 0)
(1.5 -8.1417e-14 0)
(1.5 -1.34682e-13 0)
(1.5 -1.58765e-13 0)
(1.5 -1.20334e-13 0)
(1.5 -1.4255e-13 0)
(1.5 -1.0652e-13 0)
(1.5 -1.81809e-14 0)
(1.5 4.47243e-14 0)
(1.5 4.05561e-14 0)
(1.5 1.49172e-14 0)
(1.5 -1.29466e-14 0)
(1.5 -7.40845e-14 0)
(1.5 -6.68765e-14 0)
(1.5 -3.87612e-14 0)
(1.5 -5.78826e-14 0)
(1.5 -5.14857e-14 0)
(1.5 -9.76483e-14 0)
(1.5 -1.18515e-13 0)
(1.5 -8.51376e-14 0)
(1.5 -8.52176e-14 0)
(1.5 -7.14327e-15 0)
(1.5 -5.25153e-14 0)
(1.5 -3.45145e-14 0)
(1.5 -2.19927e-14 0)
(1.5 -6.62936e-14 0)
(1.5 -7.76975e-14 0)
(1.5 -5.53723e-14 0)
(1.5 -2.59592e-14 0)
(1.5 -8.87936e-14 0)
(1.5 -3.24972e-14 0)
(1.5 -8.21541e-14 0)
(1.5 3.25819e-15 0)
(1.5 2.41307e-14 0)
(1.5 -7.44871e-14 0)
(1.5 -9.847e-14 0)
(1.5 -4.84058e-14 0)
(1.5 -7.94369e-14 0)
(1.5 -9.6391e-14 0)
(1.5 -1.32155e-13 0)
(1.5 -9.39436e-14 0)
(1.5 -1.21025e-13 0)
(1.5 -1.68121e-13 0)
(1.5 -1.28184e-13 0)
(1.5 -1.45198e-13 0)
(1.5 -1.3718e-13 0)
(1.5 -1.39757e-13 0)
(1.5 -1.53015e-13 0)
(1.5 -1.78789e-13 0)
(1.5 -1.93115e-13 0)
(1.5 -2.08798e-13 0)
(1.5 -1.49086e-13 0)
(1.5 -8.67188e-14 0)
(1.5 -2.06433e-14 0)
(1.5 7.46067e-14 0)
(1.5 7.13823e-14 0)
(1.5 4.53791e-14 0)
(1.5 1.22195e-14 0)
(1.5 -5.37133e-14 0)
(1.5 -2.50339e-15 0)
(1.5 -2.65505e-14 0)
(1.5 -5.81404e-14 0)
(1.5 4.74681e-15 0)
(1.5 7.03831e-15 0)
(1.5 2.82614e-14 0)
(1.5 1.69612e-14 0)
(1.5 -1.2744e-14 0)
(1.5 -2.59606e-14 0)
(1.5 -2.84368e-14 0)
(1.5 -1.07787e-13 0)
(1.5 -7.21159e-14 0)
(1.5 -5.13573e-14 0)
(1.5 -3.073e-14 0)
(1.5 -2.80496e-14 0)
(1.5 3.13646e-14 0)
(1.5 6.49969e-14 0)
(1.5 1.21568e-14 0)
(1.5 1.82518e-14 0)
(1.5 5.46213e-14 0)
(1.5 1.06445e-13 0)
(1.5 1.7827e-13 0)
(1.5 1.35347e-13 0)
(1.5 3.83272e-14 0)
(1.5 -8.0189e-14 0)
(1.5 -1.46742e-13 0)
(1.5 -1.69324e-13 0)
(1.5 -1.21751e-13 0)
(1.5 -1.00197e-13 0)
(1.5 -1.21971e-13 0)
(1.5 -1.26433e-13 0)
(1.5 -1.55056e-13 0)
(1.5 -2.00166e-13 0)
(1.5 -1.33073e-13 0)
(1.5 -9.66827e-14 0)
(1.5 -6.30037e-14 0)
(1.5 8.54452e-16 0)
(1.5 -4.31402e-16 0)
(1.5 -6.98477e-14 0)
(1.5 -1.2052e-13 0)
(1.5 -2.61334e-14 0)
(1.5 6.77031e-14 0)
(1.5 1.07404e-13 0)
(1.5 3.59767e-14 0)
(1.5 6.16153e-14 0)
(1.5 6.43288e-14 0)
(1.5 1.50475e-14 0)
(1.5 -2.43303e-14 0)
(1.5 -6.91378e-14 0)
(1.5 -4.05108e-14 0)
(1.5 5.02113e-15 0)
(1.5 -2.61918e-14 0)
(1.5 -2.62834e-14 0)
(1.5 -6.9648e-14 0)
(1.5 -7.49354e-14 0)
(1.5 4.45992e-14 0)
(1.5 6.64344e-14 0)
(1.5 -1.64224e-14 0)
(1.5 -3.63022e-14 0)
(1.5 -4.45105e-14 0)
(1.5 -9.51764e-15 0)
(1.5 -1.25036e-13 0)
(1.5 -2.60403e-13 0)
(1.5 -2.85541e-13 0)
(1.5 -2.953e-13 0)
(1.5 -2.20208e-13 0)
(1.5 -1.39527e-13 0)
(1.5 -1.27666e-13 0)
(1.5 -2.23072e-13 0)
(1.5 -3.17952e-13 0)
(1.5 -2.62969e-13 0)
(1.5 -1.96471e-13 0)
(1.5 -2.89141e-13 0)
(1.5 -2.73789e-13 0)
(1.5 -2.73168e-13 0)
(1.5 -2.62036e-13 0)
(1.5 -2.93331e-13 0)
(1.5 -1.96247e-13 0)
(1.5 -1.19587e-13 0)
(1.5 -9.28224e-14 0)
(1.5 -6.68645e-14 0)
(1.5 -1.43026e-14 0)
(1.5 -2.03138e-14 0)
(1.5 -1.25813e-13 0)
(1.5 -1.38297e-13 0)
(1.5 -1.58482e-13 0)
(1.5 -1.38877e-13 0)
(1.5 -1.97235e-13 0)
(1.5 -3.06701e-13 0)
(1.5 -3.69752e-13 0)
(1.5 -4.16026e-13 0)
(1.5 -5.81453e-13 0)
(1.5 -5.60398e-13 0)
(1.5 -5.2708e-13 0)
(1.5 -4.83996e-13 0)
(1.5 -3.82858e-13 0)
(1.5 -5.73449e-13 0)
(1.5 -6.3291e-13 0)
(1.5 -6.76604e-13 0)
(1.5 -6.77713e-13 0)
(1.5 -4.80261e-13 0)
(1.5 -2.54306e-13 0)
(1.5 -2.25914e-14 0)
(1.5 1.60615e-13 0)
(1.5 2.84051e-13 0)
(1.5 3.21253e-13 0)
(1.5 3.18788e-13 0)
(1.5 3.29405e-13 0)
(1.5 2.64539e-13 0)
(1.5 1.49839e-13 0)
(1.5 -1.02214e-14 0)
(1.5 -1.13209e-13 0)
(1.5 -1.4942e-13 0)
(1.5 -1.70855e-13 0)
(1.5 -1.69783e-13 0)
(1.5 -7.09642e-14 0)
(1.5 -3.78652e-14 0)
(1.5 -5.38142e-14 0)
(1.5 -4.71854e-14 0)
(1.5 -1.14444e-13 0)
(1.5 -1.99446e-13 0)
(1.5 -4.32471e-13 0)
(1.5 -4.48642e-13 0)
(1.5 -4.76434e-13 0)
(1.5 -5.63897e-13 0)
(1.5 -6.40617e-13 0)
(1.5 -8.03315e-13 0)
(1.5 -8.2423e-13 0)
(1.5 -7.75481e-13 0)
(1.5 4.7648e-15 0)
(1.5 -1.49113e-14 0)
(1.5 -4.53875e-14 0)
(1.5 -1.39334e-15 0)
(1.5 4.29751e-14 0)
(1.5 5.98303e-14 0)
(1.5 7.38529e-14 0)
(1.5 8.47985e-14 0)
(1.5 4.76352e-14 0)
(1.5 4.55607e-14 0)
(1.5 6.11166e-14 0)
(1.5 2.36225e-14 0)
(1.5 -2.56633e-14 0)
(1.5 -4.67688e-14 0)
(1.5 -1.40345e-13 0)
(1.5 -1.20657e-13 0)
(1.5 -1.30486e-13 0)
(1.5 -1.90461e-13 0)
(1.5 -1.91199e-13 0)
(1.5 -8.83453e-14 0)
(1.5 2.75861e-14 0)
(1.5 3.73539e-14 0)
(1.5 -7.92019e-15 0)
(1.5 -4.45761e-14 0)
(1.5 -7.45125e-14 0)
(1.5 -4.36627e-14 0)
(1.5 -1.64547e-14 0)
(1.5 9.88772e-15 0)
(1.5 2.87317e-14 0)
(1.5 9.3353e-14 0)
(1.5 4.37008e-14 0)
(1.5 -1.16572e-14 0)
(1.5 -2.55486e-14 0)
(1.5 3.28487e-14 0)
(1.5 -9.20766e-15 0)
(1.5 2.89224e-14 0)
(1.5 4.79177e-14 0)
(1.5 -2.72742e-15 0)
(1.5 -2.50867e-14 0)
(1.5 -6.93794e-14 0)
(1.5 -1.28668e-13 0)
(1.5 -1.38008e-13 0)
(1.5 -4.08367e-14 0)
(1.5 -9.63197e-14 0)
(1.5 -7.45279e-15 0)
(1.5 -4.4734e-14 0)
(1.5 -7.47091e-14 0)
(1.5 -4.88912e-14 0)
(1.5 1.60282e-14 0)
(1.5 -1.68145e-14 0)
(1.5 -6.96518e-14 0)
(1.5 -4.65015e-14 0)
(1.5 -8.13284e-14 0)
(1.5 -1.01245e-13 0)
(1.5 -1.72007e-13 0)
(1.5 -1.92537e-13 0)
(1.5 -1.448e-13 0)
(1.5 -1.54931e-13 0)
(1.5 -1.30597e-13 0)
(1.5 -5.74932e-14 0)
(1.5 -6.17014e-14 0)
(1.5 -6.45407e-14 0)
(1.5 -1.10683e-13 0)
(1.5 -7.11914e-14 0)
(1.5 -1.47911e-14 0)
(1.5 6.80139e-14 0)
(1.5 1.22968e-13 0)
(1.5 6.93333e-14 0)
(1.5 4.97935e-14 0)
(1.5 8.71263e-14 0)
(1.5 8.01388e-14 0)
(1.5 6.53071e-15 0)
(1.5 2.62514e-14 0)
(1.5 -8.38028e-15 0)
(1.5 3.27155e-14 0)
(1.5 8.28285e-15 0)
(1.5 5.2973e-14 0)
(1.5 1.15065e-13 0)
(1.5 7.22563e-14 0)
(1.5 5.03629e-14 0)
(1.5 3.7416e-14 0)
(1.5 -4.85001e-14 0)
(1.5 -1.10077e-13 0)
(1.5 -1.28996e-13 0)
(1.5 -6.54711e-14 0)
(1.5 -4.0529e-14 0)
(1.5 -5.39086e-15 0)
(1.5 -6.21511e-15 0)
(1.5 -5.93642e-14 0)
(1.5 -3.47732e-14 0)
(1.5 -2.18472e-14 0)
(1.5 -2.01554e-14 0)
(1.5 6.90454e-14 0)
(1.5 9.67763e-14 0)
(1.5 3.12457e-14 0)
(1.5 -9.3076e-14 0)
(1.5 -1.4937e-13 0)
(1.5 -1.55001e-13 0)
(1.5 -1.44792e-13 0)
(1.5 -1.58288e-13 0)
(1.5 -1.4526e-13 0)
(1.5 -1.10524e-13 0)
(1.5 -9.97922e-14 0)
(1.5 -1.91275e-13 0)
(1.5 -1.48717e-13 0)
(1.5 -9.18135e-14 0)
(1.5 -4.0214e-14 0)
(1.5 7.32286e-14 0)
(1.5 8.09201e-14 0)
(1.5 3.45766e-14 0)
(1.5 6.53835e-14 0)
(1.5 2.05189e-14 0)
(1.5 -1.16152e-14 0)
(1.5 -3.96212e-14 0)
(1.5 4.04941e-14 0)
(1.5 3.86158e-14 0)
(1.5 3.84365e-14 0)
(1.5 6.95389e-14 0)
(1.5 1.90082e-14 0)
(1.5 3.00848e-14 0)
(1.5 6.22133e-14 0)
(1.5 6.99814e-15 0)
(1.5 -4.24997e-15 0)
(1.5 -1.65078e-14 0)
(1.5 6.75868e-16 0)
(1.5 1.16588e-14 0)
(1.5 4.0605e-14 0)
(1.5 -1.02007e-14 0)
(1.5 -7.58267e-14 0)
(1.5 -2.66483e-14 0)
(1.5 -9.19791e-15 0)
(1.5 -4.32206e-14 0)
(1.5 -9.07648e-14 0)
(1.5 -1.18174e-13 0)
(1.5 -1.34439e-13 0)
(1.5 -1.7503e-13 0)
(1.5 -1.81457e-13 0)
(1.5 -1.58249e-13 0)
(1.5 -1.47925e-13 0)
(1.5 -1.72514e-13 0)
(1.5 -2.85815e-13 0)
(1.5 -2.71118e-13 0)
(1.5 -2.65059e-13 0)
(1.5 -3.25707e-13 0)
(1.5 -2.67002e-13 0)
(1.5 -1.90015e-13 0)
(1.5 -1.28786e-13 0)
(1.5 -1.56918e-13 0)
(1.5 -7.44496e-14 0)
(1.5 -5.49898e-14 0)
(1.5 -6.8486e-14 0)
(1.5 -2.16833e-14 0)
(1.5 1.5029e-14 0)
(1.5 -6.97914e-15 0)
(1.5 -1.21689e-14 0)
(1.5 -3.95468e-14 0)
(1.5 -5.69556e-14 0)
(1.5 -3.14471e-14 0)
(1.5 -1.04574e-13 0)
(1.5 -2.29495e-13 0)
(1.5 -3.76986e-13 0)
(1.5 -3.8936e-13 0)
(1.5 -4.62641e-13 0)
(1.5 -5.74726e-13 0)
(1.5 -5.51681e-13 0)
(1.5 -3.5821e-13 0)
(1.5 -2.44792e-13 0)
(1.5 -3.96038e-13 0)
(1.5 -5.11542e-13 0)
(1.5 -5.58573e-13 0)
(1.5 -5.29464e-13 0)
(1.5 -3.84377e-13 0)
(1.5 -2.11928e-13 0)
(1.5 -7.79638e-15 0)
(1.5 2.09362e-13 0)
(1.5 2.90433e-13 0)
(1.5 3.40552e-13 0)
(1.5 3.77258e-13 0)
(1.5 3.57824e-13 0)
(1.5 2.34442e-13 0)
(1.5 8.20119e-14 0)
(1.5 -4.63663e-14 0)
(1.5 -9.49351e-14 0)
(1.5 -1.10607e-13 0)
(1.5 -1.277e-13 0)
(1.5 -1.16255e-13 0)
(1.5 -1.25113e-13 0)
(1.5 -1.73612e-13 0)
(1.5 -2.06318e-13 0)
(1.5 -1.61933e-13 0)
(1.5 -1.48913e-13 0)
(1.5 -2.23485e-13 0)
(1.5 -3.79333e-13 0)
(1.5 -3.27147e-13 0)
(1.5 -3.48765e-13 0)
(1.5 -4.05025e-13 0)
(1.5 -4.82802e-13 0)
(1.5 -7.46787e-13 0)
(1.5 -7.97392e-13 0)
(1.5 -7.49221e-13 0)
(1.5 -5.83254e-14 0)
(1.5 -1.16579e-13 0)
(1.5 -1.36824e-13 0)
(1.5 -8.35534e-14 0)
(1.5 -4.91833e-15 0)
(1.5 6.3137e-14 0)
(1.5 6.76793e-14 0)
(1.5 7.54909e-14 0)
(1.5 1.38622e-13 0)
(1.5 1.78574e-13 0)
(1.5 2.07869e-13 0)
(1.5 1.46036e-13 0)
(1.5 9.78402e-14 0)
(1.5 1.04001e-15 0)
(1.5 -6.09657e-14 0)
(1.5 -3.30431e-14 0)
(1.5 -1.04233e-13 0)
(1.5 -1.57975e-13 0)
(1.5 -2.33117e-13 0)
(1.5 -1.43786e-13 0)
(1.5 -9.22808e-14 0)
(1.5 -1.64597e-13 0)
(1.5 -1.78112e-13 0)
(1.5 -1.72402e-13 0)
(1.5 -1.06057e-13 0)
(1.5 -6.82051e-14 0)
(1.5 -1.34514e-14 0)
(1.5 2.20756e-14 0)
(1.5 6.61797e-14 0)
(1.5 1.36773e-13 0)
(1.5 6.52609e-14 0)
(1.5 -3.08061e-14 0)
(1.5 -1.34874e-14 0)
(1.5 -1.11576e-14 0)
(1.5 -2.35861e-14 0)
(1.5 -3.55356e-14 0)
(1.5 -5.24259e-14 0)
(1.5 -5.16031e-14 0)
(1.5 -8.13897e-14 0)
(1.5 -1.18983e-13 0)
(1.5 -1.44032e-13 0)
(1.5 -1.35312e-13 0)
(1.5 -8.83875e-14 0)
(1.5 -1.02071e-13 0)
(1.5 -9.97327e-14 0)
(1.5 -1.08744e-13 0)
(1.5 -6.44361e-14 0)
(1.5 -3.06722e-14 0)
(1.5 -3.23197e-14 0)
(1.5 -4.39974e-14 0)
(1.5 -9.16329e-14 0)
(1.5 -9.45818e-14 0)
(1.5 -8.33942e-14 0)
(1.5 -9.39187e-14 0)
(1.5 -1.17686e-13 0)
(1.5 -1.46302e-13 0)
(1.5 -1.34445e-13 0)
(1.5 -1.88359e-13 0)
(1.5 -1.5837e-13 0)
(1.5 -9.12848e-14 0)
(1.5 -2.53639e-14 0)
(1.5 -1.78342e-15 0)
(1.5 -1.37081e-15 0)
(1.5 -3.08662e-14 0)
(1.5 -2.46713e-16 0)
(1.5 4.76161e-14 0)
(1.5 5.58724e-14 0)
(1.5 5.2722e-14 0)
(1.5 3.69216e-14 0)
(1.5 9.01966e-14 0)
(1.5 7.97512e-14 0)
(1.5 5.1624e-14 0)
(1.5 4.79374e-14 0)
(1.5 -1.13433e-14 0)
(1.5 -2.43956e-14 0)
(1.5 3.06214e-15 0)
(1.5 6.2199e-14 0)
(1.5 1.37772e-13 0)
(1.5 1.44924e-13 0)
(1.5 6.41064e-14 0)
(1.5 1.1952e-14 0)
(1.5 -2.6147e-14 0)
(1.5 -8.43388e-14 0)
(1.5 -1.02323e-13 0)
(1.5 -6.9505e-14 0)
(1.5 -3.95555e-14 0)
(1.5 -1.13829e-14 0)
(1.5 -3.68918e-14 0)
(1.5 -1.3473e-13 0)
(1.5 -1.6353e-13 0)
(1.5 -1.52183e-13 0)
(1.5 -1.74389e-13 0)
(1.5 -1.50814e-13 0)
(1.5 -8.19311e-14 0)
(1.5 -1.40149e-13 0)
(1.5 -1.73782e-13 0)
(1.5 -1.66186e-13 0)
(1.5 -1.64733e-13 0)
(1.5 -1.74078e-13 0)
(1.5 -1.90272e-13 0)
(1.5 -1.54492e-13 0)
(1.5 -1.10228e-13 0)
(1.5 -3.11232e-14 0)
(1.5 -5.92212e-14 0)
(1.5 -8.15646e-14 0)
(1.5 -2.09359e-14 0)
(1.5 4.39957e-14 0)
(1.5 1.22757e-13 0)
(1.5 9.83104e-14 0)
(1.5 1.15172e-13 0)
(1.5 1.60194e-13 0)
(1.5 -2.95916e-14 0)
(1.5 -1.00766e-13 0)
(1.5 -1.16079e-13 0)
(1.5 2.01739e-14 0)
(1.5 3.11863e-14 0)
(1.5 -3.63964e-16 0)
(1.5 4.05302e-14 0)
(1.5 1.24478e-14 0)
(1.5 1.81216e-14 0)
(1.5 6.50035e-15 0)
(1.5 -5.68255e-14 0)
(1.5 -5.47964e-14 0)
(1.5 -6.047e-14 0)
(1.5 1.52155e-14 0)
(1.5 5.71929e-14 0)
(1.5 4.381e-14 0)
(1.5 9.15918e-15 0)
(1.5 3.55216e-14 0)
(1.5 5.59871e-14 0)
(1.5 5.03472e-14 0)
(1.5 4.82206e-14 0)
(1.5 7.04836e-14 0)
(1.5 9.07905e-14 0)
(1.5 6.76616e-14 0)
(1.5 -3.18151e-14 0)
(1.5 -1.20803e-13 0)
(1.5 -1.29406e-13 0)
(1.5 -1.21141e-13 0)
(1.5 -7.65053e-14 0)
(1.5 -1.75388e-13 0)
(1.5 -2.57925e-13 0)
(1.5 -2.66348e-13 0)
(1.5 -2.61867e-13 0)
(1.5 -2.51827e-13 0)
(1.5 -2.35246e-13 0)
(1.5 -1.58116e-13 0)
(1.5 -1.08618e-13 0)
(1.5 -1.14741e-13 0)
(1.5 -1.0714e-13 0)
(1.5 -1.43225e-13 0)
(1.5 -1.3164e-13 0)
(1.5 -1.49145e-13 0)
(1.5 -1.05793e-13 0)
(1.5 2.92548e-14 0)
(1.5 5.45574e-14 0)
(1.5 5.0186e-14 0)
(1.5 1.29139e-14 0)
(1.5 -3.89204e-14 0)
(1.5 -1.84241e-13 0)
(1.5 -3.41229e-13 0)
(1.5 -3.88141e-13 0)
(1.5 -4.12737e-13 0)
(1.5 -4.8012e-13 0)
(1.5 -4.36108e-13 0)
(1.5 -2.83306e-13 0)
(1.5 -2.57557e-13 0)
(1.5 -3.42341e-13 0)
(1.5 -4.78527e-13 0)
(1.5 -5.30483e-13 0)
(1.5 -4.39115e-13 0)
(1.5 -2.54825e-13 0)
(1.5 -8.4533e-14 0)
(1.5 2.7894e-14 0)
(1.5 1.53764e-13 0)
(1.5 1.98362e-13 0)
(1.5 2.57003e-13 0)
(1.5 2.6399e-13 0)
(1.5 1.04466e-13 0)
(1.5 -5.73287e-14 0)
(1.5 -1.7781e-13 0)
(1.5 -1.99062e-13 0)
(1.5 -9.95739e-14 0)
(1.5 -1.1202e-13 0)
(1.5 -1.0614e-13 0)
(1.5 -8.0317e-14 0)
(1.5 -1.58017e-13 0)
(1.5 -3.99966e-13 0)
(1.5 -5.20529e-13 0)
(1.5 -4.87842e-13 0)
(1.5 -4.37919e-13 0)
(1.5 -4.22366e-13 0)
(1.5 -3.85483e-13 0)
(1.5 -3.05631e-13 0)
(1.5 -3.16429e-13 0)
(1.5 -3.20584e-13 0)
(1.5 -3.72513e-13 0)
(1.5 -7.13624e-13 0)
(1.5 -7.39089e-13 0)
(1.5 -7.00903e-13 0)
(1.5 -9.06141e-14 0)
(1.5 -1.22759e-13 0)
(1.5 -1.50247e-13 0)
(1.5 -1.48447e-13 0)
(1.5 -9.82638e-14 0)
(1.5 -4.04203e-14 0)
(1.5 -3.87381e-14 0)
(1.5 -7.93838e-14 0)
(1.5 2.16845e-14 0)
(1.5 1.24172e-13 0)
(1.5 1.60693e-13 0)
(1.5 1.76399e-13 0)
(1.5 1.64872e-13 0)
(1.5 1.4902e-13 0)
(1.5 1.40901e-13 0)
(1.5 1.00834e-13 0)
(1.5 1.70112e-14 0)
(1.5 -4.81784e-14 0)
(1.5 -1.02317e-13 0)
(1.5 -1.13731e-13 0)
(1.5 -1.69688e-13 0)
(1.5 -2.95414e-13 0)
(1.5 -3.22953e-13 0)
(1.5 -3.0922e-13 0)
(1.5 -2.44298e-13 0)
(1.5 -1.33001e-13 0)
(1.5 5.41342e-15 0)
(1.5 2.54023e-15 0)
(1.5 3.5342e-14 0)
(1.5 3.80589e-14 0)
(1.5 2.2167e-14 0)
(1.5 2.49212e-14 0)
(1.5 2.65347e-14 0)
(1.5 -2.31522e-14 0)
(1.5 -1.89279e-14 0)
(1.5 -4.52744e-14 0)
(1.5 -1.02471e-13 0)
(1.5 -9.91025e-14 0)
(1.5 -1.37283e-13 0)
(1.5 -8.55109e-14 0)
(1.5 -6.87046e-14 0)
(1.5 -5.74e-15 0)
(1.5 -6.04722e-14 0)
(1.5 -2.69659e-14 0)
(1.5 -1.09392e-13 0)
(1.5 -1.06539e-13 0)
(1.5 -5.13399e-14 0)
(1.5 -7.38009e-14 0)
(1.5 -1.28484e-13 0)
(1.5 -8.41957e-14 0)
(1.5 -7.1662e-14 0)
(1.5 -8.29408e-14 0)
(1.5 -8.17836e-14 0)
(1.5 -1.0161e-13 0)
(1.5 -1.06199e-13 0)
(1.5 -1.30692e-13 0)
(1.5 -1.4655e-13 0)
(1.5 -1.81445e-13 0)
(1.5 -1.72627e-13 0)
(1.5 -1.0528e-13 0)
(1.5 -4.112e-14 0)
(1.5 -4.33271e-14 0)
(1.5 1.61935e-14 0)
(1.5 -1.37943e-14 0)
(1.5 -2.0333e-14 0)
(1.5 -3.2892e-14 0)
(1.5 -3.61313e-14 0)
(1.5 2.48995e-14 0)
(1.5 3.01976e-14 0)
(1.5 3.73495e-14 0)
(1.5 3.54239e-14 0)
(1.5 5.3274e-14 0)
(1.5 4.26783e-14 0)
(1.5 3.09391e-14 0)
(1.5 5.54237e-14 0)
(1.5 4.68865e-14 0)
(1.5 2.93845e-14 0)
(1.5 4.46154e-14 0)
(1.5 7.44037e-14 0)
(1.5 1.5888e-14 0)
(1.5 1.80328e-14 0)
(1.5 1.92685e-14 0)
(1.5 1.6208e-14 0)
(1.5 2.75916e-15 0)
(1.5 -9.87561e-15 0)
(1.5 1.19001e-14 0)
(1.5 -1.72053e-14 0)
(1.5 -1.85655e-14 0)
(1.5 -7.64203e-14 0)
(1.5 -9.33407e-14 0)
(1.5 -8.45439e-14 0)
(1.5 -7.36919e-14 0)
(1.5 -1.41527e-13 0)
(1.5 -1.37487e-13 0)
(1.5 -1.74439e-13 0)
(1.5 -1.74974e-13 0)
(1.5 -1.83018e-13 0)
(1.5 -2.08788e-13 0)
(1.5 -1.86019e-13 0)
(1.5 -1.64605e-13 0)
(1.5 -5.86134e-14 0)
(1.5 -3.32068e-14 0)
(1.5 -1.1053e-14 0)
(1.5 3.02797e-14 0)
(1.5 -1.66937e-14 0)
(1.5 -2.26533e-14 0)
(1.5 -3.96101e-15 0)
(1.5 -3.51831e-15 0)
(1.5 4.41581e-14 0)
(1.5 9.2988e-14 0)
(1.5 5.18366e-14 0)
(1.5 -7.17317e-14 0)
(1.5 -1.02977e-13 0)
(1.5 -1.08319e-13 0)
(1.5 -7.51696e-14 0)
(1.5 -1.77237e-14 0)
(1.5 -4.29473e-14 0)
(1.5 -3.50096e-14 0)
(1.5 -5.41248e-14 0)
(1.5 -9.45181e-14 0)
(1.5 -1.09153e-13 0)
(1.5 -1.17632e-13 0)
(1.5 -8.08372e-14 0)
(1.5 -5.24938e-14 0)
(1.5 4.97761e-14 0)
(1.5 5.88805e-14 0)
(1.5 2.54191e-14 0)
(1.5 6.73303e-15 0)
(1.5 3.88484e-15 0)
(1.5 -3.19698e-14 0)
(1.5 1.70435e-14 0)
(1.5 1.07004e-13 0)
(1.5 1.60624e-13 0)
(1.5 1.56102e-13 0)
(1.5 1.84467e-13 0)
(1.5 1.09074e-13 0)
(1.5 1.62451e-14 0)
(1.5 -2.42233e-14 0)
(1.5 -5.61224e-14 0)
(1.5 -9.96886e-14 0)
(1.5 -1.5834e-13 0)
(1.5 -2.41586e-13 0)
(1.5 -2.55609e-13 0)
(1.5 -1.83769e-13 0)
(1.5 -1.88179e-13 0)
(1.5 -2.62741e-13 0)
(1.5 -1.98305e-13 0)
(1.5 -1.42576e-13 0)
(1.5 -2.25331e-13 0)
(1.5 -1.27621e-13 0)
(1.5 -1.1611e-13 0)
(1.5 -1.22063e-13 0)
(1.5 -1.38445e-13 0)
(1.5 -8.5815e-14 0)
(1.5 2.21393e-14 0)
(1.5 1.33592e-13 0)
(1.5 6.20599e-14 0)
(1.5 -6.94772e-14 0)
(1.5 -1.72887e-13 0)
(1.5 -3.13071e-13 0)
(1.5 -3.33314e-13 0)
(1.5 -3.11855e-13 0)
(1.5 -3.80068e-13 0)
(1.5 -3.75832e-13 0)
(1.5 -3.43781e-13 0)
(1.5 -3.12764e-13 0)
(1.5 -3.20791e-13 0)
(1.5 -2.90218e-13 0)
(1.5 -3.59628e-13 0)
(1.5 -4.35748e-13 0)
(1.5 -3.31732e-13 0)
(1.5 -1.59197e-13 0)
(1.5 -5.56033e-14 0)
(1.5 4.00106e-14 0)
(1.5 9.8977e-14 0)
(1.5 1.09962e-13 0)
(1.5 1.38088e-13 0)
(1.5 2.39497e-14 0)
(1.5 -1.75985e-13 0)
(1.5 -2.17342e-13 0)
(1.5 -2.6063e-13 0)
(1.5 -2.0252e-13 0)
(1.5 -7.24042e-14 0)
(1.5 -1.94638e-14 0)
(1.5 1.51088e-14 0)
(1.5 1.70472e-14 0)
(1.5 -9.48328e-14 0)
(1.5 -4.84706e-13 0)
(1.5 -6.61123e-13 0)
(1.5 -6.26891e-13 0)
(1.5 -6.16312e-13 0)
(1.5 -4.70372e-13 0)
(1.5 -2.02505e-13 0)
(1.5 -1.70161e-13 0)
(1.5 -1.57454e-13 0)
(1.5 -1.51825e-13 0)
(1.5 -2.63739e-13 0)
(1.5 -5.68092e-13 0)
(1.5 -6.40143e-13 0)
(1.5 -6.53175e-13 0)
(1.5 -7.20203e-14 0)
(1.5 -1.71334e-13 0)
(1.5 -2.27705e-13 0)
(1.5 -2.28199e-13 0)
(1.5 -2.17738e-13 0)
(1.5 -1.49311e-13 0)
(1.5 -1.63847e-13 0)
(1.5 -2.15121e-13 0)
(1.5 -1.64629e-13 0)
(1.5 -9.34691e-14 0)
(1.5 -5.869e-14 0)
(1.5 7.58975e-14 0)
(1.5 1.7693e-13 0)
(1.5 2.1055e-13 0)
(1.5 1.71004e-13 0)
(1.5 9.57827e-14 0)
(1.5 4.97632e-14 0)
(1.5 2.00473e-14 0)
(1.5 -3.99862e-14 0)
(1.5 -1.37996e-13 0)
(1.5 -2.21359e-13 0)
(1.5 -3.0348e-13 0)
(1.5 -2.98263e-13 0)
(1.5 -2.74388e-13 0)
(1.5 -2.81576e-13 0)
(1.5 -1.84417e-13 0)
(1.5 -8.91676e-14 0)
(1.5 -1.86788e-14 0)
(1.5 4.35252e-14 0)
(1.5 -1.86999e-14 0)
(1.5 6.59353e-15 0)
(1.5 9.82682e-14 0)
(1.5 7.51275e-14 0)
(1.5 3.10528e-14 0)
(1.5 -6.73138e-15 0)
(1.5 -2.68598e-14 0)
(1.5 -6.51178e-14 0)
(1.5 -5.58943e-14 0)
(1.5 -4.02418e-14 0)
(1.5 -2.15545e-14 0)
(1.5 -5.19465e-14 0)
(1.5 3.42302e-15 0)
(1.5 -3.90036e-14 0)
(1.5 -2.34923e-14 0)
(1.5 -1.0245e-13 0)
(1.5 -8.63916e-14 0)
(1.5 -6.78539e-14 0)
(1.5 -9.45003e-14 0)
(1.5 -1.20235e-13 0)
(1.5 -9.55501e-14 0)
(1.5 -7.41785e-14 0)
(1.5 -7.71602e-14 0)
(1.5 -9.54033e-14 0)
(1.5 -1.05501e-13 0)
(1.5 -1.19326e-13 0)
(1.5 -1.13301e-13 0)
(1.5 -8.73037e-14 0)
(1.5 -1.07422e-13 0)
(1.5 -7.8188e-14 0)
(1.5 1.1489e-14 0)
(1.5 1.55173e-14 0)
(1.5 -8.29754e-15 0)
(1.5 5.01375e-14 0)
(1.5 5.32792e-14 0)
(1.5 -5.25136e-16 0)
(1.5 -4.12181e-14 0)
(1.5 -6.22651e-14 0)
(1.5 2.48391e-14 0)
(1.5 6.21509e-14 0)
(1.5 1.20206e-14 0)
(1.5 -8.5185e-15 0)
(1.5 3.0923e-15 0)
(1.5 4.82075e-14 0)
(1.5 7.79683e-14 0)
(1.5 1.08137e-13 0)
(1.5 8.97472e-14 0)
(1.5 1.15783e-14 0)
(1.5 -3.97005e-14 0)
(1.5 -3.12705e-14 0)
(1.5 -1.45554e-14 0)
(1.5 6.90188e-14 0)
(1.5 7.01072e-14 0)
(1.5 4.6105e-14 0)
(1.5 5.88637e-14 0)
(1.5 3.31409e-14 0)
(1.5 2.73508e-14 0)
(1.5 -1.98053e-14 0)
(1.5 -2.49568e-14 0)
(1.5 -4.01616e-14 0)
(1.5 -4.90245e-14 0)
(1.5 -2.5322e-14 0)
(1.5 -3.85492e-14 0)
(1.5 -1.37287e-13 0)
(1.5 -2.15655e-13 0)
(1.5 -1.95064e-13 0)
(1.5 -2.16726e-13 0)
(1.5 -2.1784e-13 0)
(1.5 -2.33233e-13 0)
(1.5 -2.15538e-13 0)
(1.5 -1.40957e-13 0)
(1.5 -3.43527e-14 0)
(1.5 7.10518e-15 0)
(1.5 -1.02641e-14 0)
(1.5 -1.00045e-14 0)
(1.5 5.96271e-15 0)
(1.5 -6.01902e-15 0)
(1.5 -4.60277e-14 0)
(1.5 -1.55062e-13 0)
(1.5 -1.21553e-13 0)
(1.5 -1.46759e-14 0)
(1.5 -2.67889e-14 0)
(1.5 1.96083e-15 0)
(1.5 1.60894e-14 0)
(1.5 5.5105e-14 0)
(1.5 1.81929e-14 0)
(1.5 4.74956e-14 0)
(1.5 1.03797e-13 0)
(1.5 6.73945e-14 0)
(1.5 8.6435e-14 0)
(1.5 9.10289e-14 0)
(1.5 2.13343e-14 0)
(1.5 -2.26257e-14 0)
(1.5 3.7276e-14 0)
(1.5 8.96001e-14 0)
(1.5 1.30199e-13 0)
(1.5 1.09746e-13 0)
(1.5 4.77067e-14 0)
(1.5 1.55202e-14 0)
(1.5 -9.82135e-14 0)
(1.5 -1.13616e-13 0)
(1.5 6.32815e-14 0)
(1.5 1.37211e-13 0)
(1.5 8.68359e-14 0)
(1.5 1.31194e-13 0)
(1.5 1.7814e-13 0)
(1.5 1.69905e-13 0)
(1.5 1.58594e-13 0)
(1.5 1.18664e-13 0)
(1.5 3.52409e-14 0)
(1.5 -1.27089e-13 0)
(1.5 -1.48649e-13 0)
(1.5 -1.86622e-13 0)
(1.5 -2.26722e-13 0)
(1.5 -1.26571e-13 0)
(1.5 -1.29092e-13 0)
(1.5 -1.49603e-13 0)
(1.5 -1.66252e-13 0)
(1.5 -1.90993e-13 0)
(1.5 -2.73692e-13 0)
(1.5 -1.8236e-13 0)
(1.5 -8.19782e-14 0)
(1.5 -7.96578e-14 0)
(1.5 -8.59345e-14 0)
(1.5 -1.03846e-13 0)
(1.5 -1.11155e-13 0)
(1.5 -1.16179e-14 0)
(1.5 -4.57669e-14 0)
(1.5 -1.88629e-13 0)
(1.5 -3.15245e-13 0)
(1.5 -3.52798e-13 0)
(1.5 -2.98997e-13 0)
(1.5 -2.17083e-13 0)
(1.5 -3.35186e-13 0)
(1.5 -3.54063e-13 0)
(1.5 -3.30274e-13 0)
(1.5 -3.52833e-13 0)
(1.5 -3.79786e-13 0)
(1.5 -3.69557e-13 0)
(1.5 -4.00216e-13 0)
(1.5 -3.46415e-13 0)
(1.5 -1.96002e-13 0)
(1.5 -3.20049e-14 0)
(1.5 8.59124e-14 0)
(1.5 1.506e-13 0)
(1.5 1.33663e-13 0)
(1.5 9.81797e-14 0)
(1.5 9.3965e-14 0)
(1.5 -1.14766e-13 0)
(1.5 -2.55332e-13 0)
(1.5 -2.57681e-13 0)
(1.5 -1.90356e-13 0)
(1.5 -7.64728e-14 0)
(1.5 -1.14697e-14 0)
(1.5 9.44323e-14 0)
(1.5 1.66677e-13 0)
(1.5 9.92668e-14 0)
(1.5 -3.84775e-14 0)
(1.5 -4.25263e-13 0)
(1.5 -6.29184e-13 0)
(1.5 -6.65241e-13 0)
(1.5 -6.87052e-13 0)
(1.5 -5.16003e-13 0)
(1.5 -1.75517e-13 0)
(1.5 -1.32069e-13 0)
(1.5 -1.30749e-13 0)
(1.5 -1.52702e-13 0)
(1.5 -2.37794e-13 0)
(1.5 -3.82187e-13 0)
(1.5 -4.73061e-13 0)
(1.5 -5.13741e-13 0)
(1.5 -4.09573e-14 0)
(1.5 -1.55454e-13 0)
(1.5 -2.1996e-13 0)
(1.5 -1.56831e-13 0)
(1.5 -1.46185e-13 0)
(1.5 -1.65185e-13 0)
(1.5 -2.30957e-13 0)
(1.5 -2.89508e-13 0)
(1.5 -2.49824e-13 0)
(1.5 -2.26628e-13 0)
(1.5 -1.75326e-13 0)
(1.5 -1.23592e-14 0)
(1.5 1.24133e-13 0)
(1.5 1.70458e-13 0)
(1.5 1.2042e-13 0)
(1.5 4.36465e-14 0)
(1.5 3.987e-14 0)
(1.5 4.22087e-14 0)
(1.5 -2.35943e-14 0)
(1.5 -6.93503e-14 0)
(1.5 -1.57397e-13 0)
(1.5 -1.84649e-13 0)
(1.5 -1.96553e-13 0)
(1.5 -2.05258e-13 0)
(1.5 -2.16318e-13 0)
(1.5 -1.57706e-13 0)
(1.5 -1.20876e-13 0)
(1.5 -7.5397e-14 0)
(1.5 -2.16648e-14 0)
(1.5 -5.31181e-14 0)
(1.5 -3.48139e-15 0)
(1.5 1.06899e-13 0)
(1.5 7.60271e-14 0)
(1.5 2.70704e-14 0)
(1.5 1.3257e-14 0)
(1.5 6.63995e-15 0)
(1.5 1.00127e-16 0)
(1.5 -4.95939e-15 0)
(1.5 -2.94104e-15 0)
(1.5 -2.87551e-14 0)
(1.5 -7.44495e-14 0)
(1.5 -9.50301e-14 0)
(1.5 -6.88539e-14 0)
(1.5 -6.08815e-14 0)
(1.5 -1.00962e-13 0)
(1.5 -3.03827e-14 0)
(1.5 -2.88922e-14 0)
(1.5 -2.02443e-14 0)
(1.5 -4.55868e-14 0)
(1.5 -3.95156e-14 0)
(1.5 -6.22961e-14 0)
(1.5 -1.02003e-13 0)
(1.5 -1.2483e-13 0)
(1.5 -1.11864e-13 0)
(1.5 -8.48826e-14 0)
(1.5 -1.11931e-14 0)
(1.5 3.63273e-15 0)
(1.5 -3.64129e-14 0)
(1.5 1.35849e-14 0)
(1.5 7.14043e-14 0)
(1.5 3.89309e-14 0)
(1.5 2.10439e-14 0)
(1.5 3.73787e-14 0)
(1.5 8.78231e-14 0)
(1.5 7.45811e-14 0)
(1.5 -5.67735e-15 0)
(1.5 1.22404e-16 0)
(1.5 1.47294e-14 0)
(1.5 3.85929e-14 0)
(1.5 1.38624e-14 0)
(1.5 -5.92567e-14 0)
(1.5 -4.52108e-14 0)
(1.5 8.33372e-15 0)
(1.5 6.5657e-14 0)
(1.5 5.61413e-14 0)
(1.5 3.99656e-14 0)
(1.5 1.5302e-14 0)
(1.5 -1.373e-14 0)
(1.5 -2.46637e-14 0)
(1.5 -6.00855e-15 0)
(1.5 1.77384e-14 0)
(1.5 2.84531e-14 0)
(1.5 2.53941e-14 0)
(1.5 6.10838e-14 0)
(1.5 5.3126e-14 0)
(1.5 2.69008e-14 0)
(1.5 3.68037e-14 0)
(1.5 -2.77507e-14 0)
(1.5 -1.89546e-14 0)
(1.5 2.57529e-14 0)
(1.5 2.43839e-14 0)
(1.5 -3.87534e-14 0)
(1.5 -1.25797e-13 0)
(1.5 -2.22409e-13 0)
(1.5 -3.0446e-13 0)
(1.5 -3.43196e-13 0)
(1.5 -2.30102e-13 0)
(1.5 -1.48346e-13 0)
(1.5 -1.60726e-13 0)
(1.5 -1.54865e-13 0)
(1.5 -1.24878e-13 0)
(1.5 -3.21189e-14 0)
(1.5 -3.66984e-14 0)
(1.5 -1.64894e-14 0)
(1.5 2.39847e-14 0)
(1.5 -2.58272e-14 0)
(1.5 -9.61461e-14 0)
(1.5 -1.69499e-13 0)
(1.5 -1.60124e-13 0)
(1.5 -7.62508e-14 0)
(1.5 -5.19633e-14 0)
(1.5 6.84999e-14 0)
(1.5 1.5163e-13 0)
(1.5 1.85084e-13 0)
(1.5 1.302e-13 0)
(1.5 6.82446e-14 0)
(1.5 6.89467e-14 0)
(1.5 1.28611e-13 0)
(1.5 1.65758e-13 0)
(1.5 1.89956e-13 0)
(1.5 8.94137e-14 0)
(1.5 4.46494e-14 0)
(1.5 9.53933e-14 0)
(1.5 1.59217e-13 0)
(1.5 1.80931e-13 0)
(1.5 1.58755e-13 0)
(1.5 2.72225e-14 0)
(1.5 2.58897e-15 0)
(1.5 -6.17383e-14 0)
(1.5 -4.56478e-14 0)
(1.5 1.23362e-13 0)
(1.5 1.87693e-13 0)
(1.5 1.30633e-13 0)
(1.5 1.66459e-13 0)
(1.5 1.56123e-13 0)
(1.5 1.02499e-13 0)
(1.5 5.81182e-14 0)
(1.5 7.73857e-14 0)
(1.5 3.37593e-14 0)
(1.5 -5.19057e-14 0)
(1.5 -4.45283e-14 0)
(1.5 -9.76123e-14 0)
(1.5 -1.9989e-13 0)
(1.5 -1.30295e-13 0)
(1.5 -1.19609e-13 0)
(1.5 -1.50559e-13 0)
(1.5 -2.56114e-13 0)
(1.5 -3.2049e-13 0)
(1.5 -3.25693e-13 0)
(1.5 -3.02151e-13 0)
(1.5 -2.48316e-13 0)
(1.5 -2.01817e-13 0)
(1.5 -9.58026e-14 0)
(1.5 -7.97069e-14 0)
(1.5 -1.14745e-13 0)
(1.5 -1.33741e-13 0)
(1.5 -1.10942e-13 0)
(1.5 -2.27689e-13 0)
(1.5 -2.8899e-13 0)
(1.5 -3.32224e-13 0)
(1.5 -2.72553e-13 0)
(1.5 -1.84336e-13 0)
(1.5 -2.93152e-13 0)
(1.5 -3.40883e-13 0)
(1.5 -3.12476e-13 0)
(1.5 -3.53306e-13 0)
(1.5 -3.14573e-13 0)
(1.5 -3.11106e-13 0)
(1.5 -2.89406e-13 0)
(1.5 -1.90895e-13 0)
(1.5 -1.63706e-13 0)
(1.5 -7.52159e-14 0)
(1.5 1.94736e-13 0)
(1.5 2.36199e-13 0)
(1.5 1.8231e-13 0)
(1.5 7.00798e-14 0)
(1.5 -3.77603e-14 0)
(1.5 -1.10034e-13 0)
(1.5 -1.70817e-13 0)
(1.5 -1.77153e-13 0)
(1.5 -1.86568e-14 0)
(1.5 1.10624e-13 0)
(1.5 1.69155e-13 0)
(1.5 2.08252e-13 0)
(1.5 1.99013e-13 0)
(1.5 1.26529e-13 0)
(1.5 -8.87354e-15 0)
(1.5 -3.0928e-13 0)
(1.5 -5.39076e-13 0)
(1.5 -6.62135e-13 0)
(1.5 -6.22588e-13 0)
(1.5 -4.76883e-13 0)
(1.5 -1.74826e-13 0)
(1.5 -1.16381e-13 0)
(1.5 -1.42198e-13 0)
(1.5 -1.85102e-13 0)
(1.5 -1.82809e-13 0)
(1.5 -2.21983e-13 0)
(1.5 -3.17231e-13 0)
(1.5 -3.59825e-13 0)
(1.5 -1.41243e-14 0)
(1.5 -3.13726e-14 0)
(1.5 -6.94073e-14 0)
(1.5 -1.29198e-14 0)
(1.5 -6.36252e-14 0)
(1.5 -1.96471e-13 0)
(1.5 -2.3061e-13 0)
(1.5 -2.10111e-13 0)
(1.5 -1.95003e-13 0)
(1.5 -2.02029e-13 0)
(1.5 -1.06716e-13 0)
(1.5 6.31157e-15 0)
(1.5 8.76557e-14 0)
(1.5 1.38445e-13 0)
(1.5 1.49154e-13 0)
(1.5 5.94336e-14 0)
(1.5 6.37737e-14 0)
(1.5 4.19186e-14 0)
(1.5 -1.86619e-14 0)
(1.5 -2.46953e-14 0)
(1.5 -9.19045e-14 0)
(1.5 -6.39133e-14 0)
(1.5 -9.42884e-14 0)
(1.5 -1.29383e-13 0)
(1.5 -8.60183e-14 0)
(1.5 -6.7e-14 0)
(1.5 -5.9939e-14 0)
(1.5 -4.48314e-14 0)
(1.5 -7.50768e-14 0)
(1.5 -2.45169e-14 0)
(1.5 2.77363e-15 0)
(1.5 4.36566e-14 0)
(1.5 4.4791e-14 0)
(1.5 -1.89574e-14 0)
(1.5 -2.69099e-15 0)
(1.5 2.1641e-14 0)
(1.5 1.62936e-15 0)
(1.5 -4.25449e-14 0)
(1.5 -2.12523e-14 0)
(1.5 -4.43431e-14 0)
(1.5 -5.60487e-14 0)
(1.5 -9.35364e-14 0)
(1.5 -1.19311e-13 0)
(1.5 -4.88792e-14 0)
(1.5 -5.02699e-14 0)
(1.5 -2.14617e-14 0)
(1.5 -2.03922e-14 0)
(1.5 2.27408e-14 0)
(1.5 1.97341e-14 0)
(1.5 4.00485e-15 0)
(1.5 -1.17129e-14 0)
(1.5 -6.97298e-14 0)
(1.5 -1.30706e-13 0)
(1.5 -1.27041e-13 0)
(1.5 -1.45186e-14 0)
(1.5 6.90593e-14 0)
(1.5 3.93717e-14 0)
(1.5 2.90599e-14 0)
(1.5 4.11413e-14 0)
(1.5 5.46805e-14 0)
(1.5 3.8855e-14 0)
(1.5 4.82719e-14 0)
(1.5 5.17424e-15 0)
(1.5 3.33216e-14 0)
(1.5 8.7546e-14 0)
(1.5 2.37951e-14 0)
(1.5 5.81428e-15 0)
(1.5 -2.08241e-14 0)
(1.5 2.59385e-15 0)
(1.5 2.15128e-14 0)
(1.5 -1.2545e-14 0)
(1.5 -7.07508e-14 0)
(1.5 -1.83843e-14 0)
(1.5 6.03496e-14 0)
(1.5 1.94927e-14 0)
(1.5 1.92504e-14 0)
(1.5 2.26978e-14 0)
(1.5 2.53553e-14 0)
(1.5 4.5147e-14 0)
(1.5 -1.6943e-14 0)
(1.5 -4.78832e-14 0)
(1.5 -4.00217e-14 0)
(1.5 -5.34332e-14 0)
(1.5 -1.0686e-14 0)
(1.5 3.35453e-14 0)
(1.5 5.33473e-14 0)
(1.5 5.58393e-14 0)
(1.5 7.31256e-14 0)
(1.5 1.16324e-13 0)
(1.5 1.46821e-13 0)
(1.5 1.03917e-13 0)
(1.5 1.48673e-14 0)
(1.5 -5.99796e-14 0)
(1.5 -1.51627e-13 0)
(1.5 -2.80795e-13 0)
(1.5 -2.59093e-13 0)
(1.5 -1.59307e-13 0)
(1.5 -1.0708e-13 0)
(1.5 -1.06773e-13 0)
(1.5 -1.91844e-13 0)
(1.5 -2.42099e-13 0)
(1.5 -1.17207e-13 0)
(1.5 -3.50347e-14 0)
(1.5 4.12709e-14 0)
(1.5 8.64511e-15 0)
(1.5 -1.3061e-13 0)
(1.5 -2.25466e-13 0)
(1.5 -1.8902e-13 0)
(1.5 -1.31344e-13 0)
(1.5 -1.16977e-13 0)
(1.5 -4.97467e-14 0)
(1.5 1.1744e-13 0)
(1.5 1.99568e-13 0)
(1.5 1.28069e-13 0)
(1.5 3.41557e-14 0)
(1.5 -6.53765e-14 0)
(1.5 -5.71233e-14 0)
(1.5 5.91729e-14 0)
(1.5 8.6092e-14 0)
(1.5 6.91124e-14 0)
(1.5 2.36282e-14 0)
(1.5 -8.8789e-15 0)
(1.5 4.30102e-15 0)
(1.5 3.83724e-14 0)
(1.5 6.83478e-14 0)
(1.5 7.78376e-14 0)
(1.5 1.95676e-14 0)
(1.5 2.7011e-14 0)
(1.5 1.67571e-14 0)
(1.5 -1.67018e-14 0)
(1.5 8.70445e-14 0)
(1.5 1.46579e-13 0)
(1.5 2.39156e-13 0)
(1.5 2.28069e-13 0)
(1.5 1.12577e-13 0)
(1.5 7.89537e-14 0)
(1.5 1.93018e-14 0)
(1.5 5.59154e-14 0)
(1.5 7.9439e-14 0)
(1.5 2.86276e-14 0)
(1.5 1.24293e-14 0)
(1.5 -5.91483e-14 0)
(1.5 -1.6564e-13 0)
(1.5 -1.80023e-13 0)
(1.5 -1.60913e-13 0)
(1.5 -2.03012e-13 0)
(1.5 -2.31699e-13 0)
(1.5 -2.59117e-13 0)
(1.5 -2.98342e-13 0)
(1.5 -3.27795e-13 0)
(1.5 -2.57417e-13 0)
(1.5 -1.78332e-13 0)
(1.5 -7.99159e-14 0)
(1.5 -6.80302e-14 0)
(1.5 -1.11558e-13 0)
(1.5 -1.58176e-13 0)
(1.5 -1.1652e-13 0)
(1.5 -1.69165e-13 0)
(1.5 -1.88041e-13 0)
(1.5 -2.34344e-13 0)
(1.5 -1.71829e-13 0)
(1.5 -1.75465e-13 0)
(1.5 -2.02014e-13 0)
(1.5 -2.65826e-13 0)
(1.5 -2.76521e-13 0)
(1.5 -3.22761e-13 0)
(1.5 -3.05755e-13 0)
(1.5 -2.29063e-13 0)
(1.5 -1.39536e-13 0)
(1.5 -6.20096e-14 0)
(1.5 -8.92003e-14 0)
(1.5 -9.64381e-14 0)
(1.5 1.06055e-13 0)
(1.5 1.89333e-13 0)
(1.5 1.82686e-13 0)
(1.5 8.60693e-14 0)
(1.5 -7.01921e-14 0)
(1.5 -6.30326e-14 0)
(1.5 -8.60544e-14 0)
(1.5 -6.39327e-14 0)
(1.5 4.45997e-14 0)
(1.5 1.0387e-13 0)
(1.5 1.40313e-13 0)
(1.5 1.96262e-13 0)
(1.5 1.60131e-13 0)
(1.5 9.21482e-14 0)
(1.5 -2.32326e-14 0)
(1.5 -2.25336e-13 0)
(1.5 -4.08861e-13 0)
(1.5 -5.42696e-13 0)
(1.5 -4.99211e-13 0)
(1.5 -3.85274e-13 0)
(1.5 -3.11594e-13 0)
(1.5 -2.97117e-13 0)
(1.5 -2.37601e-13 0)
(1.5 -2.27669e-13 0)
(1.5 -1.6428e-13 0)
(1.5 -9.74233e-14 0)
(1.5 -1.80009e-13 0)
(1.5 -2.29323e-13 0)
(1.5 1.67157e-14 0)
(1.5 3.12073e-14 0)
(1.5 6.34243e-14 0)
(1.5 2.80386e-14 0)
(1.5 -9.06463e-14 0)
(1.5 -1.97983e-13 0)
(1.5 -1.44664e-13 0)
(1.5 -7.4736e-14 0)
(1.5 -1.05959e-13 0)
(1.5 -1.47637e-13 0)
(1.5 -8.52658e-14 0)
(1.5 -7.95099e-15 0)
(1.5 3.06528e-14 0)
(1.5 3.23067e-14 0)
(1.5 5.98823e-14 0)
(1.5 5.17595e-14 0)
(1.5 2.05581e-14 0)
(1.5 3.41104e-14 0)
(1.5 -1.77414e-14 0)
(1.5 -7.54991e-14 0)
(1.5 -7.9324e-14 0)
(1.5 -5.32387e-14 0)
(1.5 -7.37109e-14 0)
(1.5 -8.73866e-14 0)
(1.5 -4.39543e-14 0)
(1.5 -5.87945e-14 0)
(1.5 -4.57324e-14 0)
(1.5 -5.04425e-14 0)
(1.5 -2.13211e-14 0)
(1.5 4.33709e-14 0)
(1.5 2.36511e-14 0)
(1.5 8.96194e-15 0)
(1.5 2.66128e-14 0)
(1.5 1.36009e-14 0)
(1.5 -7.81912e-15 0)
(1.5 4.05833e-15 0)
(1.5 -5.99572e-15 0)
(1.5 -3.02965e-14 0)
(1.5 3.03022e-14 0)
(1.5 3.77365e-15 0)
(1.5 1.21921e-14 0)
(1.5 -5.90872e-14 0)
(1.5 -1.01675e-13 0)
(1.5 -5.27935e-14 0)
(1.5 -3.68325e-14 0)
(1.5 -5.01903e-14 0)
(1.5 -3.33869e-14 0)
(1.5 -3.3228e-14 0)
(1.5 -1.72891e-14 0)
(1.5 -4.08822e-14 0)
(1.5 -2.70233e-14 0)
(1.5 -6.92247e-14 0)
(1.5 -1.23617e-13 0)
(1.5 -1.23679e-13 0)
(1.5 -3.85195e-14 0)
(1.5 -9.49938e-15 0)
(1.5 2.59665e-14 0)
(1.5 4.75908e-14 0)
(1.5 1.40791e-14 0)
(1.5 1.86631e-14 0)
(1.5 1.75967e-14 0)
(1.5 5.88662e-14 0)
(1.5 4.54639e-14 0)
(1.5 5.21149e-15 0)
(1.5 5.848e-14 0)
(1.5 5.82533e-14 0)
(1.5 2.44008e-14 0)
(1.5 -9.6083e-15 0)
(1.5 1.31844e-14 0)
(1.5 -4.8213e-14 0)
(1.5 1.56748e-14 0)
(1.5 -3.105e-14 0)
(1.5 -4.60243e-14 0)
(1.5 -4.06538e-14 0)
(1.5 -5.82106e-14 0)
(1.5 1.06325e-15 0)
(1.5 1.54009e-14 0)
(1.5 -1.75187e-14 0)
(1.5 4.30907e-15 0)
(1.5 -2.43211e-14 0)
(1.5 -4.57081e-15 0)
(1.5 -7.40505e-14 0)
(1.5 -1.08016e-13 0)
(1.5 -4.87436e-14 0)
(1.5 3.90265e-14 0)
(1.5 8.38788e-14 0)
(1.5 8.19618e-14 0)
(1.5 1.57064e-13 0)
(1.5 1.72597e-13 0)
(1.5 1.613e-13 0)
(1.5 1.442e-13 0)
(1.5 6.3378e-14 0)
(1.5 1.37307e-14 0)
(1.5 -3.9896e-14 0)
(1.5 -1.04171e-13 0)
(1.5 -1.03309e-13 0)
(1.5 -1.38727e-13 0)
(1.5 -2.13277e-13 0)
(1.5 -2.15398e-13 0)
(1.5 -2.20458e-13 0)
(1.5 -2.9308e-13 0)
(1.5 -2.20955e-13 0)
(1.5 -1.00689e-13 0)
(1.5 -9.77268e-14 0)
(1.5 -1.68212e-13 0)
(1.5 -1.94506e-13 0)
(1.5 -2.30058e-13 0)
(1.5 -1.69949e-13 0)
(1.5 -7.45335e-14 0)
(1.5 -5.00498e-14 0)
(1.5 -1.23155e-14 0)
(1.5 1.37673e-13 0)
(1.5 1.34805e-13 0)
(1.5 7.35719e-14 0)
(1.5 2.35714e-14 0)
(1.5 -2.54169e-14 0)
(1.5 2.21574e-14 0)
(1.5 -1.44973e-15 0)
(1.5 -2.8825e-15 0)
(1.5 -8.17256e-15 0)
(1.5 -1.89443e-14 0)
(1.5 -3.20403e-14 0)
(1.5 -4.39355e-14 0)
(1.5 2.88423e-15 0)
(1.5 3.03591e-14 0)
(1.5 9.77786e-14 0)
(1.5 1.92316e-13 0)
(1.5 1.66716e-13 0)
(1.5 1.31328e-13 0)
(1.5 9.07266e-14 0)
(1.5 1.14797e-13 0)
(1.5 8.92154e-14 0)
(1.5 2.46961e-13 0)
(1.5 2.49779e-13 0)
(1.5 1.18515e-13 0)
(1.5 5.08829e-14 0)
(1.5 7.24777e-14 0)
(1.5 1.036e-13 0)
(1.5 1.66529e-13 0)
(1.5 1.57081e-13 0)
(1.5 9.31226e-14 0)
(1.5 4.96396e-14 0)
(1.5 -2.9459e-14 0)
(1.5 -9.21124e-14 0)
(1.5 -4.10409e-14 0)
(1.5 -3.33687e-14 0)
(1.5 -3.90012e-14 0)
(1.5 -7.56664e-14 0)
(1.5 -1.20643e-13 0)
(1.5 -1.82765e-13 0)
(1.5 -1.51246e-13 0)
(1.5 -9.06645e-14 0)
(1.5 -1.29231e-13 0)
(1.5 -1.4354e-13 0)
(1.5 -1.87751e-13 0)
(1.5 -1.87406e-13 0)
(1.5 -6.29237e-14 0)
(1.5 -2.60536e-14 0)
(1.5 -7.18735e-14 0)
(1.5 -8.95389e-14 0)
(1.5 -3.87355e-14 0)
(1.5 -9.90325e-14 0)
(1.5 -1.30081e-13 0)
(1.5 -2.07585e-13 0)
(1.5 -2.45324e-13 0)
(1.5 -2.63392e-13 0)
(1.5 -2.99359e-13 0)
(1.5 -2.45698e-13 0)
(1.5 -1.39177e-13 0)
(1.5 -4.96062e-14 0)
(1.5 1.74439e-14 0)
(1.5 -4.04299e-14 0)
(1.5 -2.29086e-14 0)
(1.5 2.37787e-14 0)
(1.5 2.17515e-14 0)
(1.5 -6.69233e-15 0)
(1.5 -7.89034e-14 0)
(1.5 -1.13093e-13 0)
(1.5 -8.19983e-14 0)
(1.5 -3.54518e-14 0)
(1.5 -6.00974e-14 0)
(1.5 -5.20572e-14 0)
(1.5 -5.1457e-14 0)
(1.5 3.45275e-14 0)
(1.5 1.11884e-13 0)
(1.5 4.73959e-14 0)
(1.5 -2.27178e-14 0)
(1.5 -2.69046e-13 0)
(1.5 -3.64792e-13 0)
(1.5 -4.32348e-13 0)
(1.5 -4.42203e-13 0)
(1.5 -4.4016e-13 0)
(1.5 -5.67252e-13 0)
(1.5 -4.92283e-13 0)
(1.5 -3.25264e-13 0)
(1.5 -2.61597e-13 0)
(1.5 -2.30626e-13 0)
(1.5 -1.46833e-13 0)
(1.5 -1.06402e-13 0)
(1.5 -9.75849e-14 0)
(1.5 1.42038e-14 0)
(1.5 4.70411e-14 0)
(1.5 1.15198e-13 0)
(1.5 7.96363e-14 0)
(1.5 -7.33016e-15 0)
(1.5 -7.65523e-14 0)
(1.5 -4.39293e-14 0)
(1.5 -2.73131e-14 0)
(1.5 -8.94478e-14 0)
(1.5 -1.275e-13 0)
(1.5 -1.41815e-13 0)
(1.5 -7.76883e-14 0)
(1.5 -2.78974e-14 0)
(1.5 -2.71791e-14 0)
(1.5 -1.45812e-14 0)
(1.5 4.02745e-14 0)
(1.5 -1.16693e-14 0)
(1.5 -5.18091e-15 0)
(1.5 3.15989e-14 0)
(1.5 -2.11665e-14 0)
(1.5 -3.40588e-14 0)
(1.5 -2.75562e-14 0)
(1.5 -7.29423e-15 0)
(1.5 1.19382e-17 0)
(1.5 -8.26471e-15 0)
(1.5 -3.67731e-14 0)
(1.5 1.2496e-14 0)
(1.5 -3.30697e-14 0)
(1.5 -5.50671e-14 0)
(1.5 -2.23446e-14 0)
(1.5 -2.37189e-14 0)
(1.5 -3.88705e-14 0)
(1.5 -2.49771e-14 0)
(1.5 3.6254e-15 0)
(1.5 6.51576e-15 0)
(1.5 1.01973e-14 0)
(1.5 3.86811e-14 0)
(1.5 4.05877e-14 0)
(1.5 2.04196e-14 0)
(1.5 1.30017e-14 0)
(1.5 7.78157e-14 0)
(1.5 -4.26806e-15 0)
(1.5 -9.68106e-15 0)
(1.5 -3.06764e-15 0)
(1.5 -6.04734e-16 0)
(1.5 9.42699e-15 0)
(1.5 1.732e-14 0)
(1.5 -3.30575e-14 0)
(1.5 -3.46746e-14 0)
(1.5 -5.56452e-14 0)
(1.5 -5.34839e-14 0)
(1.5 -3.38886e-14 0)
(1.5 -5.24577e-14 0)
(1.5 -5.35898e-14 0)
(1.5 -8.04995e-14 0)
(1.5 -7.55331e-14 0)
(1.5 5.04569e-14 0)
(1.5 5.81797e-14 0)
(1.5 1.3323e-14 0)
(1.5 5.56781e-16 0)
(1.5 -1.68404e-14 0)
(1.5 -7.82919e-15 0)
(1.5 4.0553e-14 0)
(1.5 9.70469e-15 0)
(1.5 6.80476e-15 0)
(1.5 5.46173e-14 0)
(1.5 8.82471e-14 0)
(1.5 4.99683e-14 0)
(1.5 -9.62037e-15 0)
(1.5 -8.7939e-14 0)
(1.5 3.19988e-14 0)
(1.5 4.11965e-14 0)
(1.5 -7.75973e-14 0)
(1.5 -1.42754e-13 0)
(1.5 -9.79665e-14 0)
(1.5 -6.11988e-14 0)
(1.5 -5.0739e-15 0)
(1.5 2.04314e-14 0)
(1.5 4.46826e-15 0)
(1.5 -5.06351e-15 0)
(1.5 1.08067e-14 0)
(1.5 -4.21286e-14 0)
(1.5 -5.55902e-14 0)
(1.5 -4.44902e-14 0)
(1.5 1.8361e-14 0)
(1.5 9.67632e-14 0)
(1.5 1.0444e-13 0)
(1.5 1.02013e-13 0)
(1.5 8.19164e-14 0)
(1.5 9.12214e-14 0)
(1.5 1.3086e-13 0)
(1.5 1.48788e-13 0)
(1.5 1.56693e-13 0)
(1.5 1.34195e-13 0)
(1.5 9.86007e-14 0)
(1.5 2.43032e-14 0)
(1.5 -1.23271e-13 0)
(1.5 -2.1077e-13 0)
(1.5 -2.15632e-13 0)
(1.5 -1.85542e-13 0)
(1.5 -2.09677e-13 0)
(1.5 -1.92729e-13 0)
(1.5 -1.71169e-13 0)
(1.5 -1.67437e-13 0)
(1.5 -1.78519e-13 0)
(1.5 -1.58845e-13 0)
(1.5 -7.00629e-14 0)
(1.5 -3.28205e-15 0)
(1.5 4.6433e-14 0)
(1.5 4.16974e-14 0)
(1.5 4.09128e-14 0)
(1.5 1.13491e-13 0)
(1.5 6.3083e-14 0)
(1.5 8.05124e-15 0)
(1.5 -3.47892e-14 0)
(1.5 -1.92655e-14 0)
(1.5 2.92902e-14 0)
(1.5 2.49986e-14 0)
(1.5 2.71871e-14 0)
(1.5 -1.84256e-14 0)
(1.5 -5.29696e-14 0)
(1.5 3.09744e-14 0)
(1.5 7.61143e-14 0)
(1.5 9.92166e-14 0)
(1.5 6.23113e-14 0)
(1.5 8.8024e-14 0)
(1.5 1.91871e-13 0)
(1.5 1.94635e-13 0)
(1.5 2.33569e-13 0)
(1.5 2.29709e-13 0)
(1.5 1.03429e-13 0)
(1.5 7.37474e-14 0)
(1.5 3.04488e-13 0)
(1.5 3.37905e-13 0)
(1.5 2.60394e-13 0)
(1.5 1.83858e-13 0)
(1.5 2.23286e-13 0)
(1.5 1.78639e-13 0)
(1.5 2.03441e-13 0)
(1.5 2.78324e-13 0)
(1.5 1.7492e-13 0)
(1.5 1.14293e-13 0)
(1.5 1.11358e-13 0)
(1.5 1.07575e-13 0)
(1.5 1.23377e-13 0)
(1.5 4.63148e-14 0)
(1.5 -1.28358e-14 0)
(1.5 -8.68197e-14 0)
(1.5 -6.56201e-14 0)
(1.5 -4.90704e-14 0)
(1.5 -1.2117e-13 0)
(1.5 -8.98322e-14 0)
(1.5 -9.54626e-14 0)
(1.5 -8.96589e-14 0)
(1.5 -5.63993e-14 0)
(1.5 -6.05649e-14 0)
(1.5 -3.29712e-15 0)
(1.5 -5.95097e-15 0)
(1.5 -5.31212e-14 0)
(1.5 -2.26301e-14 0)
(1.5 7.20764e-14 0)
(1.5 4.97584e-14 0)
(1.5 -2.6939e-14 0)
(1.5 -5.50651e-14 0)
(1.5 -1.13655e-13 0)
(1.5 -2.08595e-13 0)
(1.5 -2.49021e-13 0)
(1.5 -2.18712e-13 0)
(1.5 -1.41774e-13 0)
(1.5 -8.93751e-14 0)
(1.5 -7.1994e-14 0)
(1.5 -1.19855e-13 0)
(1.5 -2.02036e-13 0)
(1.5 -2.13367e-13 0)
(1.5 -1.86003e-13 0)
(1.5 -1.86123e-13 0)
(1.5 -2.55552e-13 0)
(1.5 -2.68762e-13 0)
(1.5 -1.15787e-13 0)
(1.5 -5.56388e-14 0)
(1.5 -9.44379e-14 0)
(1.5 -1.25768e-13 0)
(1.5 -1.13815e-13 0)
(1.5 -7.40037e-14 0)
(1.5 1.30931e-14 0)
(1.5 9.70428e-15 0)
(1.5 -7.26544e-14 0)
(1.5 -3.07451e-13 0)
(1.5 -3.66045e-13 0)
(1.5 -3.9018e-13 0)
(1.5 -4.4542e-13 0)
(1.5 -5.87523e-13 0)
(1.5 -7.25804e-13 0)
(1.5 -5.79309e-13 0)
(1.5 -4.12801e-13 0)
(1.5 -2.66474e-13 0)
(1.5 -2.43492e-13 0)
(1.5 -2.73178e-13 0)
(1.5 -1.89503e-13 0)
(1.5 -1.05653e-13 0)
(1.5 1.38257e-14 0)
(1.5 3.37688e-14 0)
(1.5 9.30881e-14 0)
(1.5 5.60498e-14 0)
(1.5 2.5235e-14 0)
(1.5 2.39553e-14 0)
(1.5 2.12659e-14 0)
(1.5 1.71363e-14 0)
(1.5 -1.56713e-14 0)
(1.5 -2.68576e-14 0)
(1.5 -5.47862e-14 0)
(1.5 -8.90683e-14 0)
(1.5 -4.06777e-14 0)
(1.5 5.21889e-15 0)
(1.5 1.99369e-14 0)
(1.5 2.37045e-14 0)
(1.5 -7.70416e-15 0)
(1.5 -8.00412e-15 0)
(1.5 1.67256e-14 0)
(1.5 4.43593e-14 0)
(1.5 1.97825e-14 0)
(1.5 2.78098e-14 0)
(1.5 8.07338e-14 0)
(1.5 5.65538e-14 0)
(1.5 1.88934e-14 0)
(1.5 -1.24989e-14 0)
(1.5 -1.56276e-14 0)
(1.5 2.2761e-14 0)
(1.5 -6.43137e-14 0)
(1.5 -1.29508e-13 0)
(1.5 -1.09556e-13 0)
(1.5 -7.45535e-14 0)
(1.5 -7.17311e-14 0)
(1.5 2.75903e-15 0)
(1.5 2.50531e-14 0)
(1.5 -2.82657e-14 0)
(1.5 2.81325e-15 0)
(1.5 3.25515e-14 0)
(1.5 7.79835e-15 0)
(1.5 1.2458e-14 0)
(1.5 3.57352e-14 0)
(1.5 1.83866e-15 0)
(1.5 -1.39013e-14 0)
(1.5 2.9214e-14 0)
(1.5 3.28573e-14 0)
(1.5 4.05292e-14 0)
(1.5 2.5699e-14 0)
(1.5 1.92634e-14 0)
(1.5 1.86072e-14 0)
(1.5 -1.76412e-14 0)
(1.5 -2.59443e-14 0)
(1.5 1.19786e-14 0)
(1.5 -3.10391e-15 0)
(1.5 9.76268e-16 0)
(1.5 -3.67745e-14 0)
(1.5 -2.89485e-14 0)
(1.5 2.72256e-14 0)
(1.5 1.5867e-14 0)
(1.5 -1.76572e-14 0)
(1.5 -6.27691e-14 0)
(1.5 -5.71901e-14 0)
(1.5 -4.96395e-14 0)
(1.5 -8.32836e-15 0)
(1.5 -2.51582e-14 0)
(1.5 -5.44075e-14 0)
(1.5 4.17803e-14 0)
(1.5 7.85693e-14 0)
(1.5 9.60179e-14 0)
(1.5 3.23215e-14 0)
(1.5 -3.31399e-15 0)
(1.5 2.4162e-14 0)
(1.5 -1.52614e-14 0)
(1.5 -8.38467e-14 0)
(1.5 -8.64978e-14 0)
(1.5 -3.68153e-14 0)
(1.5 -5.48102e-14 0)
(1.5 -5.39671e-14 0)
(1.5 1.10223e-14 0)
(1.5 3.3044e-14 0)
(1.5 2.13094e-14 0)
(1.5 -3.40638e-14 0)
(1.5 -2.8057e-14 0)
(1.5 7.24141e-15 0)
(1.5 -1.97632e-14 0)
(1.5 4.12854e-14 0)
(1.5 4.09798e-14 0)
(1.5 5.69732e-14 0)
(1.5 2.22408e-14 0)
(1.5 -3.3034e-14 0)
(1.5 3.30951e-15 0)
(1.5 4.5241e-14 0)
(1.5 1.18126e-13 0)
(1.5 2.44921e-13 0)
(1.5 2.64574e-13 0)
(1.5 2.2426e-13 0)
(1.5 9.83942e-14 0)
(1.5 -5.70767e-14 0)
(1.5 -1.14347e-13 0)
(1.5 -1.26631e-13 0)
(1.5 -1.96621e-13 0)
(1.5 -2.07358e-13 0)
(1.5 -2.20702e-13 0)
(1.5 -1.92443e-13 0)
(1.5 -7.65483e-14 0)
(1.5 -6.25702e-14 0)
(1.5 -6.85703e-14 0)
(1.5 -1.02027e-14 0)
(1.5 2.00684e-14 0)
(1.5 -9.24012e-16 0)
(1.5 -2.19344e-14 0)
(1.5 1.73926e-14 0)
(1.5 1.22956e-14 0)
(1.5 9.29649e-15 0)
(1.5 -2.62968e-15 0)
(1.5 -4.78047e-14 0)
(1.5 -3.24729e-14 0)
(1.5 -2.39503e-14 0)
(1.5 -1.18236e-14 0)
(1.5 -6.03732e-15 0)
(1.5 -7.60112e-14 0)
(1.5 -7.02347e-14 0)
(1.5 2.8644e-14 0)
(1.5 9.56015e-14 0)
(1.5 1.10166e-13 0)
(1.5 3.3903e-14 0)
(1.5 9.85832e-15 0)
(1.5 7.00642e-14 0)
(1.5 1.43008e-13 0)
(1.5 1.86366e-13 0)
(1.5 1.88231e-13 0)
(1.5 8.30975e-15 0)
(1.5 4.22108e-14 0)
(1.5 3.2536e-13 0)
(1.5 3.86033e-13 0)
(1.5 3.51936e-13 0)
(1.5 3.80338e-13 0)
(1.5 3.41033e-13 0)
(1.5 2.2523e-13 0)
(1.5 1.64886e-13 0)
(1.5 1.87985e-13 0)
(1.5 1.17686e-13 0)
(1.5 8.63746e-14 0)
(1.5 1.35188e-13 0)
(1.5 1.24814e-13 0)
(1.5 7.57435e-14 0)
(1.5 7.59772e-15 0)
(1.5 -5.754e-14 0)
(1.5 -9.72726e-14 0)
(1.5 -7.69432e-14 0)
(1.5 -5.10599e-14 0)
(1.5 -1.02628e-13 0)
(1.5 -4.74064e-14 0)
(1.5 4.30901e-15 0)
(1.5 -4.8907e-15 0)
(1.5 3.23185e-14 0)
(1.5 -7.34426e-14 0)
(1.5 -1.14431e-13 0)
(1.5 -1.40307e-13 0)
(1.5 -1.13357e-13 0)
(1.5 7.55003e-15 0)
(1.5 8.86871e-14 0)
(1.5 7.23552e-14 0)
(1.5 4.86562e-14 0)
(1.5 1.42211e-14 0)
(1.5 -1.20241e-13 0)
(1.5 -2.64623e-13 0)
(1.5 -2.59995e-13 0)
(1.5 -1.80406e-13 0)
(1.5 -2.06815e-13 0)
(1.5 -2.62638e-13 0)
(1.5 -2.96536e-13 0)
(1.5 -3.31637e-13 0)
(1.5 -4.82229e-13 0)
(1.5 -4.66538e-13 0)
(1.5 -3.71247e-13 0)
(1.5 -3.461e-13 0)
(1.5 -3.48798e-13 0)
(1.5 -3.07254e-13 0)
(1.5 -1.72135e-13 0)
(1.5 -1.15411e-13 0)
(1.5 -7.53056e-14 0)
(1.5 -1.30853e-13 0)
(1.5 -1.2768e-13 0)
(1.5 -7.81893e-14 0)
(1.5 -6.93954e-14 0)
(1.5 -1.00985e-13 0)
(1.5 -2.0467e-13 0)
(1.5 -2.84531e-13 0)
(1.5 -3.36924e-13 0)
(1.5 -4.06352e-13 0)
(1.5 -3.96209e-13 0)
(1.5 -5.26145e-13 0)
(1.5 -6.81804e-13 0)
(1.5 -5.85377e-13 0)
(1.5 -4.31347e-13 0)
(1.5 -2.42353e-13 0)
(1.5 -1.88588e-13 0)
(1.5 -1.91146e-13 0)
(1.5 -1.58684e-13 0)
(1.5 -1.23735e-13 0)
(1.5 3.77967e-14 0)
(1.5 7.32234e-15 0)
(1.5 4.97227e-14 0)
(1.5 -4.17958e-14 0)
(1.5 -4.28745e-14 0)
(1.5 6.29222e-15 0)
(1.5 2.48671e-14 0)
(1.5 3.91749e-14 0)
(1.5 4.51661e-14 0)
(1.5 4.24212e-14 0)
(1.5 2.85225e-14 0)
(1.5 -5.12312e-14 0)
(1.5 -3.12917e-14 0)
(1.5 3.22075e-14 0)
(1.5 2.95588e-14 0)
(1.5 4.67619e-15 0)
(1.5 -3.4876e-14 0)
(1.5 -1.98861e-14 0)
(1.5 2.0984e-14 0)
(1.5 5.24507e-14 0)
(1.5 4.64481e-14 0)
(1.5 5.66599e-14 0)
(1.5 6.57576e-14 0)
(1.5 3.47345e-14 0)
(1.5 -1.67407e-14 0)
(1.5 3.28433e-14 0)
(1.5 -1.38968e-14 0)
(1.5 3.13075e-15 0)
(1.5 -3.75077e-14 0)
(1.5 -7.96616e-14 0)
(1.5 -5.10334e-14 0)
(1.5 -6.16497e-14 0)
(1.5 -7.55357e-14 0)
(1.5 1.30346e-15 0)
(1.5 1.87764e-14 0)
(1.5 -2.67597e-14 0)
(1.5 -2.57924e-14 0)
(1.5 -7.97288e-15 0)
(1.5 -1.60405e-14 0)
(1.5 4.07514e-15 0)
(1.5 -5.78244e-14 0)
(1.5 -4.0494e-14 0)
(1.5 -1.77908e-15 0)
(1.5 5.38323e-15 0)
(1.5 4.37243e-14 0)
(1.5 4.75554e-14 0)
(1.5 8.71122e-15 0)
(1.5 2.749e-14 0)
(1.5 5.19325e-14 0)
(1.5 4.8986e-14 0)
(1.5 6.05186e-14 0)
(1.5 4.98537e-14 0)
(1.5 4.44502e-14 0)
(1.5 4.60311e-14 0)
(1.5 5.081e-14 0)
(1.5 1.05471e-14 0)
(1.5 -4.82929e-14 0)
(1.5 -3.96878e-14 0)
(1.5 -5.26633e-14 0)
(1.5 -1.05114e-13 0)
(1.5 -7.00354e-14 0)
(1.5 -5.93873e-14 0)
(1.5 -6.82362e-14 0)
(1.5 -1.90021e-14 0)
(1.5 -4.14996e-14 0)
(1.5 1.11689e-14 0)
(1.5 4.51706e-14 0)
(1.5 7.71539e-14 0)
(1.5 6.70489e-14 0)
(1.5 4.18198e-14 0)
(1.5 -3.24158e-14 0)
(1.5 -6.46956e-14 0)
(1.5 -6.58561e-14 0)
(1.5 -5.4364e-14 0)
(1.5 1.52057e-14 0)
(1.5 1.56103e-15 0)
(1.5 -5.70951e-14 0)
(1.5 -5.47504e-14 0)
(1.5 -6.333e-14 0)
(1.5 -1.49412e-14 0)
(1.5 -3.42995e-14 0)
(1.5 8.11323e-15 0)
(1.5 1.09763e-13 0)
(1.5 7.44228e-14 0)
(1.5 7.49907e-14 0)
(1.5 -1.11929e-14 0)
(1.5 2.41848e-14 0)
(1.5 -3.32327e-14 0)
(1.5 -1.44011e-14 0)
(1.5 3.40183e-14 0)
(1.5 4.03507e-14 0)
(1.5 2.60621e-14 0)
(1.5 1.74303e-13 0)
(1.5 2.30996e-13 0)
(1.5 2.58105e-13 0)
(1.5 1.97768e-13 0)
(1.5 1.22328e-13 0)
(1.5 6.74814e-14 0)
(1.5 -2.69506e-14 0)
(1.5 -1.00512e-13 0)
(1.5 -1.56076e-13 0)
(1.5 -2.06991e-13 0)
(1.5 -1.64732e-13 0)
(1.5 -8.2107e-14 0)
(1.5 -7.22154e-14 0)
(1.5 -1.2303e-14 0)
(1.5 -5.44341e-14 0)
(1.5 -7.65521e-14 0)
(1.5 -1.31242e-13 0)
(1.5 -1.0489e-13 0)
(1.5 -4.08528e-14 0)
(1.5 -8.70671e-14 0)
(1.5 -4.30562e-14 0)
(1.5 9.41833e-14 0)
(1.5 1.4716e-13 0)
(1.5 9.35595e-14 0)
(1.5 -1.51336e-14 0)
(1.5 -7.36271e-14 0)
(1.5 -9.2822e-14 0)
(1.5 -8.71068e-14 0)
(1.5 -1.86883e-14 0)
(1.5 -1.21958e-14 0)
(1.5 -1.85313e-14 0)
(1.5 -1.44029e-14 0)
(1.5 -4.25626e-15 0)
(1.5 -3.17801e-14 0)
(1.5 -1.67495e-14 0)
(1.5 -6.22225e-15 0)
(1.5 2.23919e-14 0)
(1.5 7.25499e-14 0)
(1.5 2.15184e-14 0)
(1.5 3.91281e-14 0)
(1.5 2.48735e-13 0)
(1.5 3.07315e-13 0)
(1.5 3.44689e-13 0)
(1.5 4.15112e-13 0)
(1.5 3.66633e-13 0)
(1.5 2.43409e-13 0)
(1.5 1.32979e-13 0)
(1.5 4.09882e-14 0)
(1.5 3.17496e-14 0)
(1.5 4.84288e-14 0)
(1.5 5.74312e-14 0)
(1.5 2.04566e-14 0)
(1.5 -3.00828e-14 0)
(1.5 -1.79435e-14 0)
(1.5 5.80725e-15 0)
(1.5 4.84368e-15 0)
(1.5 9.0954e-15 0)
(1.5 -4.45626e-14 0)
(1.5 -3.9788e-14 0)
(1.5 -3.90184e-14 0)
(1.5 1.94439e-14 0)
(1.5 6.50037e-14 0)
(1.5 -4.74257e-15 0)
(1.5 -1.7479e-13 0)
(1.5 -2.80071e-13 0)
(1.5 -2.85267e-13 0)
(1.5 -2.35152e-13 0)
(1.5 -4.61754e-14 0)
(1.5 -2.43026e-14 0)
(1.5 -7.07239e-14 0)
(1.5 -1.02377e-13 0)
(1.5 -1.43098e-13 0)
(1.5 -2.21304e-13 0)
(1.5 -2.88825e-13 0)
(1.5 -2.75062e-13 0)
(1.5 -2.61894e-13 0)
(1.5 -3.30075e-13 0)
(1.5 -3.69335e-13 0)
(1.5 -3.45872e-13 0)
(1.5 -3.95218e-13 0)
(1.5 -5.55174e-13 0)
(1.5 -5.12753e-13 0)
(1.5 -4.78589e-13 0)
(1.5 -3.65123e-13 0)
(1.5 -2.62081e-13 0)
(1.5 -2.1057e-13 0)
(1.5 -1.84922e-13 0)
(1.5 -1.65684e-13 0)
(1.5 -1.0198e-13 0)
(1.5 -1.17414e-13 0)
(1.5 -1.00523e-13 0)
(1.5 -1.89605e-14 0)
(1.5 -5.01253e-14 0)
(1.5 -8.93948e-14 0)
(1.5 -1.00995e-13 0)
(1.5 -9.53597e-14 0)
(1.5 -1.78506e-13 0)
(1.5 -2.1059e-13 0)
(1.5 -1.90276e-13 0)
(1.5 -2.91862e-13 0)
(1.5 -4.06586e-13 0)
(1.5 -4.27748e-13 0)
(1.5 -3.89852e-13 0)
(1.5 -2.88447e-13 0)
(1.5 -1.41122e-13 0)
(1.5 -7.43423e-14 0)
(1.5 -7.89001e-14 0)
(1.5 -2.0761e-14 0)
(1.5 6.82936e-15 0)
(1.5 -2.78697e-15 0)
(1.5 -8.8203e-15 0)
(1.5 -4.13355e-14 0)
(1.5 -2.36363e-14 0)
(1.5 2.48926e-14 0)
(1.5 -9.08552e-15 0)
(1.5 -2.26427e-14 0)
(1.5 -8.30693e-14 0)
(1.5 -5.55736e-14 0)
(1.5 -5.55473e-14 0)
(1.5 -2.31376e-14 0)
(1.5 -3.15425e-14 0)
(1.5 -5.38889e-14 0)
(1.5 -6.87501e-14 0)
(1.5 -6.47562e-14 0)
(1.5 -4.73961e-14 0)
(1.5 -1.89358e-14 0)
(1.5 7.18852e-14 0)
(1.5 5.09624e-14 0)
(1.5 4.05744e-14 0)
(1.5 4.44501e-14 0)
(1.5 1.29916e-14 0)
(1.5 4.55857e-14 0)
(1.5 5.99385e-14 0)
(1.5 7.9006e-14 0)
(1.5 3.88265e-14 0)
(1.5 4.98935e-14 0)
(1.5 3.24294e-14 0)
(1.5 5.14791e-14 0)
(1.5 5.75947e-14 0)
(1.5 -1.46913e-14 0)
(1.5 -2.36644e-14 0)
(1.5 -3.39104e-14 0)
(1.5 -3.08921e-14 0)
(1.5 -3.84144e-14 0)
(1.5 -5.57616e-14 0)
(1.5 -4.86564e-14 0)
(1.5 -1.86164e-14 0)
(1.5 1.26912e-14 0)
(1.5 -1.62091e-14 0)
(1.5 1.14601e-14 0)
(1.5 4.11525e-14 0)
(1.5 -2.41646e-14 0)
(1.5 8.62252e-16 0)
(1.5 -1.2236e-14 0)
(1.5 -2.2723e-14 0)
(1.5 -1.75887e-14 0)
(1.5 3.6476e-14 0)
(1.5 8.32265e-14 0)
(1.5 8.00478e-14 0)
(1.5 3.99934e-14 0)
(1.5 6.78999e-14 0)
(1.5 8.74505e-14 0)
(1.5 5.20936e-14 0)
(1.5 -1.69221e-15 0)
(1.5 -7.13733e-14 0)
(1.5 -5.46688e-14 0)
(1.5 -4.54195e-14 0)
(1.5 -3.83492e-14 0)
(1.5 -2.54618e-14 0)
(1.5 -1.67408e-14 0)
(1.5 -8.66667e-14 0)
(1.5 -7.45411e-14 0)
(1.5 -3.86978e-14 0)
(1.5 -4.56022e-14 0)
(1.5 -1.01162e-14 0)
(1.5 6.826e-14 0)
(1.5 1.1764e-13 0)
(1.5 7.58125e-14 0)
(1.5 -5.08632e-15 0)
(1.5 3.93873e-14 0)
(1.5 4.30197e-14 0)
(1.5 9.12887e-16 0)
(1.5 4.51548e-14 0)
(1.5 5.29854e-14 0)
(1.5 2.12274e-14 0)
(1.5 -6.6188e-14 0)
(1.5 -1.25305e-13 0)
(1.5 -5.35841e-14 0)
(1.5 -8.76908e-14 0)
(1.5 -2.203e-14 0)
(1.5 7.35611e-14 0)
(1.5 9.12076e-14 0)
(1.5 1.75157e-14 0)
(1.5 -4.10442e-15 0)
(1.5 -3.82898e-14 0)
(1.5 -7.25777e-14 0)
(1.5 3.88246e-14 0)
(1.5 5.41821e-14 0)
(1.5 7.69932e-15 0)
(1.5 -2.62628e-14 0)
(1.5 1.46913e-14 0)
(1.5 3.78024e-14 0)
(1.5 9.53219e-14 0)
(1.5 1.46807e-13 0)
(1.5 1.21536e-13 0)
(1.5 6.65199e-14 0)
(1.5 -2.048e-14 0)
(1.5 2.82624e-14 0)
(1.5 1.23902e-14 0)
(1.5 -7.4748e-14 0)
(1.5 -1.28996e-13 0)
(1.5 -1.43275e-13 0)
(1.5 -1.02093e-13 0)
(1.5 -7.49841e-15 0)
(1.5 -5.64466e-15 0)
(1.5 -5.74152e-14 0)
(1.5 -1.15854e-13 0)
(1.5 -8.14154e-14 0)
(1.5 -4.05883e-16 0)
(1.5 -1.72661e-14 0)
(1.5 4.00956e-14 0)
(1.5 1.32124e-13 0)
(1.5 1.76588e-13 0)
(1.5 1.48897e-13 0)
(1.5 4.29556e-14 0)
(1.5 -8.5893e-14 0)
(1.5 -1.10709e-13 0)
(1.5 5.70091e-15 0)
(1.5 1.23734e-13 0)
(1.5 8.43233e-14 0)
(1.5 6.27622e-14 0)
(1.5 3.89863e-14 0)
(1.5 6.31964e-14 0)
(1.5 8.05888e-14 0)
(1.5 8.69898e-14 0)
(1.5 4.46592e-14 0)
(1.5 3.32953e-14 0)
(1.5 3.55448e-14 0)
(1.5 1.08875e-13 0)
(1.5 5.93043e-14 0)
(1.5 9.4647e-14 0)
(1.5 1.47636e-13 0)
(1.5 2.41571e-13 0)
(1.5 2.8062e-13 0)
(1.5 3.81961e-13 0)
(1.5 3.40532e-13 0)
(1.5 2.45794e-13 0)
(1.5 1.24872e-13 0)
(1.5 1.07367e-13 0)
(1.5 6.03837e-14 0)
(1.5 6.92998e-15 0)
(1.5 -5.28923e-14 0)
(1.5 -8.37748e-14 0)
(1.5 1.517e-14 0)
(1.5 8.51405e-14 0)
(1.5 9.16677e-14 0)
(1.5 8.70168e-14 0)
(1.5 4.18228e-14 0)
(1.5 4.80709e-14 0)
(1.5 -3.43149e-14 0)
(1.5 4.2074e-15 0)
(1.5 5.2434e-15 0)
(1.5 -1.58278e-13 0)
(1.5 -2.44872e-13 0)
(1.5 -3.41889e-13 0)
(1.5 -2.17589e-13 0)
(1.5 -1.5648e-13 0)
(1.5 -1.23466e-13 0)
(1.5 -1.86333e-13 0)
(1.5 -2.73339e-13 0)
(1.5 -2.96826e-13 0)
(1.5 -2.34169e-13 0)
(1.5 -1.83359e-13 0)
(1.5 -1.93916e-13 0)
(1.5 -2.35825e-13 0)
(1.5 -3.21926e-13 0)
(1.5 -3.34026e-13 0)
(1.5 -2.79457e-13 0)
(1.5 -2.11852e-13 0)
(1.5 -2.58438e-13 0)
(1.5 -4.14098e-13 0)
(1.5 -4.22839e-13 0)
(1.5 -4.66214e-13 0)
(1.5 -3.12085e-13 0)
(1.5 -2.33748e-13 0)
(1.5 -1.98967e-13 0)
(1.5 -1.45891e-13 0)
(1.5 -1.34191e-13 0)
(1.5 -9.42663e-14 0)
(1.5 -6.21019e-14 0)
(1.5 -7.78449e-14 0)
(1.5 -5.21076e-14 0)
(1.5 -6.27013e-14 0)
(1.5 -5.32902e-14 0)
(1.5 4.26599e-14 0)
(1.5 9.13864e-14 0)
(1.5 -1.53842e-14 0)
(1.5 -9.42712e-15 0)
(1.5 -4.74637e-14 0)
(1.5 -1.12244e-13 0)
(1.5 -1.91851e-13 0)
(1.5 -2.93001e-13 0)
(1.5 -3.87867e-13 0)
(1.5 -3.15995e-13 0)
(1.5 -1.47361e-13 0)
(1.5 -8.3147e-14 0)
(1.5 -2.25231e-14 0)
(1.5 7.28372e-14 0)
(1.5 1.23581e-14 0)
(1.5 7.94472e-14 0)
(1.5 1.15094e-13 0)
(1.5 1.17835e-13 0)
(1.5 1.14437e-13 0)
(1.5 9.7044e-14 0)
(1.5 3.94961e-14 0)
(1.5 -1.2645e-14 0)
(1.5 -1.01262e-13 0)
(1.5 -9.64008e-14 0)
(1.5 -8.07913e-14 0)
(1.5 -4.60182e-14 0)
(1.5 -6.44543e-14 0)
(1.5 -1.01543e-13 0)
(1.5 -1.00733e-13 0)
(1.5 -8.13827e-14 0)
(1.5 -1.19906e-14 0)
(1.5 -2.32511e-14 0)
(1.5 3.16261e-14 0)
(1.5 3.70774e-14 0)
(1.5 8.14246e-14 0)
(1.5 9.59466e-14 0)
(1.5 8.53917e-14 0)
(1.5 1.0021e-13 0)
(1.5 1.40989e-13 0)
(1.5 1.20944e-13 0)
(1.5 6.94476e-14 0)
(1.5 8.91828e-14 0)
(1.5 7.58566e-14 0)
(1.5 7.01904e-14 0)
(1.5 8.89462e-14 0)
(1.5 4.99207e-14 0)
(1.5 1.79865e-14 0)
(1.5 -7.18696e-14 0)
(1.5 -5.04154e-14 0)
(1.5 -4.40898e-14 0)
(1.5 -5.36523e-14 0)
(1.5 -1.66808e-14 0)
(1.5 -9.87993e-15 0)
(1.5 1.38326e-15 0)
(1.5 5.0447e-14 0)
(1.5 1.04289e-13 0)
(1.5 6.10248e-14 0)
(1.5 2.42571e-15 0)
(1.5 2.31763e-14 0)
(1.5 -2.69147e-14 0)
(1.5 -5.32666e-15 0)
(1.5 3.94646e-14 0)
(1.5 9.24798e-14 0)
(1.5 1.02478e-13 0)
(1.5 1.05299e-13 0)
(1.5 1.05447e-13 0)
(1.5 1.25472e-13 0)
(1.5 9.88886e-14 0)
(1.5 4.96486e-14 0)
(1.5 6.30029e-15 0)
(1.5 -3.22775e-14 0)
(1.5 -6.14777e-14 0)
(1.5 -1.50308e-15 0)
(1.5 -5.55893e-15 0)
(1.5 -1.61754e-14 0)
(1.5 1.55168e-14 0)
(1.5 -4.9227e-14 0)
(1.5 -1.16874e-13 0)
(1.5 -4.17497e-14 0)
(1.5 5.95697e-16 0)
(1.5 1.43492e-14 0)
(1.5 4.00618e-14 0)
(1.5 1.15555e-13 0)
(1.5 1.03107e-13 0)
(1.5 3.98326e-14 0)
(1.5 6.17275e-14 0)
(1.5 9.31786e-14 0)
(1.5 6.30874e-14 0)
(1.5 3.09172e-14 0)
(1.5 1.34301e-14 0)
(1.5 5.03985e-15 0)
(1.5 -7.20765e-14 0)
(1.5 -1.04885e-13 0)
(1.5 -6.97748e-14 0)
(1.5 -1.01827e-13 0)
(1.5 -7.34148e-14 0)
(1.5 -1.61427e-15 0)
(1.5 3.41759e-14 0)
(1.5 3.1584e-14 0)
(1.5 2.95123e-14 0)
(1.5 -2.88281e-15 0)
(1.5 1.56322e-14 0)
(1.5 1.1654e-13 0)
(1.5 4.89139e-14 0)
(1.5 -1.16753e-13 0)
(1.5 -1.06551e-13 0)
(1.5 -1.40444e-13 0)
(1.5 -1.04354e-13 0)
(1.5 -7.0807e-14 0)
(1.5 1.85946e-14 0)
(1.5 5.94515e-14 0)
(1.5 3.93719e-14 0)
(1.5 2.82276e-14 0)
(1.5 5.389e-14 0)
(1.5 6.04947e-14 0)
(1.5 -6.4193e-15 0)
(1.5 -6.23621e-14 0)
(1.5 -9.29437e-14 0)
(1.5 -6.46757e-14 0)
(1.5 -7.08214e-14 0)
(1.5 -4.26234e-14 0)
(1.5 -1.12124e-13 0)
(1.5 -1.34448e-13 0)
(1.5 -8.20105e-14 0)
(1.5 -9.65665e-14 0)
(1.5 -6.17364e-14 0)
(1.5 7.53508e-15 0)
(1.5 -1.78997e-15 0)
(1.5 -1.93013e-14 0)
(1.5 4.55742e-15 0)
(1.5 -2.19135e-14 0)
(1.5 -1.231e-13 0)
(1.5 -1.00626e-13 0)
(1.5 4.09794e-14 0)
(1.5 1.31696e-13 0)
(1.5 1.42694e-13 0)
(1.5 1.26741e-13 0)
(1.5 1.44069e-13 0)
(1.5 1.39011e-13 0)
(1.5 1.54946e-13 0)
(1.5 1.39098e-13 0)
(1.5 1.15444e-13 0)
(1.5 9.0621e-14 0)
(1.5 1.71387e-14 0)
(1.5 2.32723e-14 0)
(1.5 -1.14262e-14 0)
(1.5 -5.85407e-14 0)
(1.5 1.426e-15 0)
(1.5 1.35469e-13 0)
(1.5 2.6068e-13 0)
(1.5 3.56989e-13 0)
(1.5 3.41386e-13 0)
(1.5 2.57418e-13 0)
(1.5 2.18086e-13 0)
(1.5 1.52704e-13 0)
(1.5 1.13843e-13 0)
(1.5 5.2217e-14 0)
(1.5 1.79539e-14 0)
(1.5 -5.28618e-15 0)
(1.5 2.89736e-14 0)
(1.5 8.13564e-14 0)
(1.5 1.83821e-13 0)
(1.5 1.99299e-13 0)
(1.5 1.44163e-13 0)
(1.5 5.93531e-14 0)
(1.5 -2.68448e-14 0)
(1.5 -3.60552e-14 0)
(1.5 -4.88633e-14 0)
(1.5 -1.55973e-13 0)
(1.5 -2.31622e-13 0)
(1.5 -2.54673e-13 0)
(1.5 -1.03465e-13 0)
(1.5 -3.44072e-14 0)
(1.5 -1.00084e-13 0)
(1.5 -2.28115e-13 0)
(1.5 -2.94839e-13 0)
(1.5 -2.66962e-13 0)
(1.5 -1.8687e-13 0)
(1.5 -1.28475e-13 0)
(1.5 -1.19759e-13 0)
(1.5 -1.40176e-13 0)
(1.5 -1.89951e-13 0)
(1.5 -1.5774e-13 0)
(1.5 -1.64739e-13 0)
(1.5 -1.79936e-13 0)
(1.5 -1.6579e-13 0)
(1.5 -2.22076e-13 0)
(1.5 -3.27695e-13 0)
(1.5 -3.6581e-13 0)
(1.5 -3.37402e-13 0)
(1.5 -2.68258e-13 0)
(1.5 -2.17364e-13 0)
(1.5 -1.50369e-13 0)
(1.5 -9.7435e-14 0)
(1.5 -4.23798e-14 0)
(1.5 3.01676e-14 0)
(1.5 1.9358e-14 0)
(1.5 -2.0601e-14 0)
(1.5 -4.34947e-14 0)
(1.5 -1.17692e-14 0)
(1.5 -7.41026e-15 0)
(1.5 6.89949e-14 0)
(1.5 2.91934e-14 0)
(1.5 3.40444e-14 0)
(1.5 -7.79381e-15 0)
(1.5 -2.98039e-14 0)
(1.5 -1.51775e-13 0)
(1.5 -2.61156e-13 0)
(1.5 -2.85727e-13 0)
(1.5 -1.90622e-13 0)
(1.5 -1.14925e-13 0)
(1.5 -4.14507e-14 0)
(1.5 7.80416e-14 0)
(1.5 1.38211e-13 0)
(1.5 2.21773e-14 0)
(1.5 1.33645e-13 0)
(1.5 2.14396e-13 0)
(1.5 2.52285e-13 0)
(1.5 2.84006e-13 0)
(1.5 1.69262e-13 0)
(1.5 1.32741e-13 0)
(1.5 8.16394e-14 0)
(1.5 8.05668e-14 0)
(1.5 3.2536e-14 0)
(1.5 6.25026e-15 0)
(1.5 -2.27667e-14 0)
(1.5 -4.65596e-14 0)
(1.5 -6.97034e-14 0)
(1.5 -6.39003e-14 0)
(1.5 -2.93272e-14 0)
(1.5 1.50789e-14 0)
(1.5 1.74873e-15 0)
(1.5 4.32222e-15 0)
(1.5 -1.20035e-14 0)
(1.5 7.74247e-14 0)
(1.5 1.50448e-13 0)
(1.5 1.53783e-13 0)
(1.5 1.63464e-13 0)
(1.5 1.50561e-13 0)
(1.5 1.53715e-13 0)
(1.5 9.27979e-14 0)
(1.5 6.72524e-14 0)
(1.5 8.02459e-14 0)
(1.5 1.18439e-13 0)
(1.5 1.09944e-13 0)
(1.5 7.03407e-14 0)
(1.5 2.42508e-14 0)
(1.5 -6.33934e-14 0)
(1.5 -3.57471e-14 0)
(1.5 -1.887e-15 0)
(1.5 6.11229e-14 0)
(1.5 7.84948e-14 0)
(1.5 3.52511e-14 0)
(1.5 1.09267e-14 0)
(1.5 1.65134e-14 0)
(1.5 5.68529e-14 0)
(1.5 4.66071e-14 0)
(1.5 8.40185e-14 0)
(1.5 1.00414e-13 0)
(1.5 7.61777e-14 0)
(1.5 6.32522e-14 0)
(1.5 7.11611e-14 0)
(1.5 8.00732e-14 0)
(1.5 1.02004e-13 0)
(1.5 1.54919e-13 0)
(1.5 1.8265e-13 0)
(1.5 1.40051e-13 0)
(1.5 9.55439e-14 0)
(1.5 7.67974e-14 0)
(1.5 6.03859e-14 0)
(1.5 1.7334e-14 0)
(1.5 -1.16149e-14 0)
(1.5 3.73462e-14 0)
(1.5 -4.62454e-14 0)
(1.5 -4.10205e-14 0)
(1.5 -2.49062e-14 0)
(1.5 5.67552e-15 0)
(1.5 -1.32448e-14 0)
(1.5 1.31799e-14 0)
(1.5 6.83679e-14 0)
(1.5 6.35516e-14 0)
(1.5 -1.00253e-14 0)
(1.5 2.86011e-14 0)
(1.5 5.78316e-14 0)
(1.5 4.5552e-14 0)
(1.5 2.10641e-14 0)
(1.5 8.80653e-14 0)
(1.5 7.04564e-14 0)
(1.5 -1.96913e-14 0)
(1.5 -3.04849e-14 0)
(1.5 -1.90265e-14 0)
(1.5 -3.96149e-14 0)
(1.5 -1.42018e-14 0)
(1.5 -2.96032e-14 0)
(1.5 3.23637e-15 0)
(1.5 3.38804e-14 0)
(1.5 1.85164e-14 0)
(1.5 3.04756e-14 0)
(1.5 5.51942e-14 0)
(1.5 6.812e-14 0)
(1.5 1.01728e-13 0)
(1.5 1.68052e-13 0)
(1.5 2.02793e-13 0)
(1.5 4.38589e-14 0)
(1.5 -1.37478e-13 0)
(1.5 -2.1079e-13 0)
(1.5 -2.7919e-13 0)
(1.5 -1.87878e-13 0)
(1.5 -4.79817e-14 0)
(1.5 7.19088e-14 0)
(1.5 1.63362e-13 0)
(1.5 2.09843e-13 0)
(1.5 1.93693e-13 0)
(1.5 1.64959e-13 0)
(1.5 1.57743e-13 0)
(1.5 1.30998e-13 0)
(1.5 2.41219e-14 0)
(1.5 -2.54367e-14 0)
(1.5 -3.1299e-14 0)
(1.5 -1.09826e-13 0)
(1.5 -1.2671e-13 0)
(1.5 -1.45434e-13 0)
(1.5 -1.18001e-13 0)
(1.5 -9.97934e-14 0)
(1.5 -1.79064e-13 0)
(1.5 -2.1779e-13 0)
(1.5 -1.70747e-13 0)
(1.5 -1.83093e-13 0)
(1.5 -1.8506e-13 0)
(1.5 -1.08754e-13 0)
(1.5 -7.8248e-14 0)
(1.5 -8.07868e-14 0)
(1.5 -9.05916e-14 0)
(1.5 -9.60082e-15 0)
(1.5 6.23811e-14 0)
(1.5 1.38433e-13 0)
(1.5 1.54005e-13 0)
(1.5 1.33512e-13 0)
(1.5 1.65174e-13 0)
(1.5 1.27745e-13 0)
(1.5 4.77985e-14 0)
(1.5 -3.97111e-14 0)
(1.5 -1.62353e-14 0)
(1.5 1.32511e-14 0)
(1.5 -3.0091e-14 0)
(1.5 -6.22176e-14 0)
(1.5 -1.40135e-13 0)
(1.5 -4.59348e-14 0)
(1.5 1.15833e-13 0)
(1.5 2.5275e-13 0)
(1.5 3.01067e-13 0)
(1.5 3.17253e-13 0)
(1.5 2.82495e-13 0)
(1.5 2.72555e-13 0)
(1.5 2.16555e-13 0)
(1.5 2.02734e-13 0)
(1.5 1.99138e-13 0)
(1.5 2.26649e-13 0)
(1.5 1.70591e-13 0)
(1.5 4.90158e-14 0)
(1.5 4.22565e-14 0)
(1.5 2.19773e-13 0)
(1.5 3.02424e-13 0)
(1.5 1.96785e-13 0)
(1.5 -1.14722e-14 0)
(1.5 -1.11931e-13 0)
(1.5 -1.07349e-13 0)
(1.5 -1.24731e-14 0)
(1.5 -1.02058e-14 0)
(1.5 -6.16601e-14 0)
(1.5 -4.6389e-14 0)
(1.5 -1.4463e-14 0)
(1.5 -4.04614e-14 0)
(1.5 -5.11294e-14 0)
(1.5 -1.28092e-13 0)
(1.5 -1.33606e-13 0)
(1.5 -9.58873e-14 0)
(1.5 -5.85485e-14 0)
(1.5 -6.05131e-14 0)
(1.5 -7.2335e-14 0)
(1.5 -1.52328e-14 0)
(1.5 -1.12799e-14 0)
(1.5 2.37037e-14 0)
(1.5 2.08405e-14 0)
(1.5 -9.61327e-14 0)
(1.5 -1.12485e-13 0)
(1.5 -1.35625e-13 0)
(1.5 -2.98023e-13 0)
(1.5 -2.69667e-13 0)
(1.5 -2.75964e-13 0)
(1.5 -2.17534e-13 0)
(1.5 -1.066e-13 0)
(1.5 -6.11415e-14 0)
(1.5 -2.70645e-14 0)
(1.5 -4.23369e-14 0)
(1.5 1.84272e-14 0)
(1.5 5.61948e-14 0)
(1.5 7.39408e-15 0)
(1.5 -9.79507e-15 0)
(1.5 1.76745e-14 0)
(1.5 -3.75808e-14 0)
(1.5 -1.78197e-14 0)
(1.5 2.1644e-14 0)
(1.5 -1.61849e-14 0)
(1.5 -3.08406e-14 0)
(1.5 9.72614e-15 0)
(1.5 -7.42997e-14 0)
(1.5 -1.23024e-13 0)
(1.5 -5.16804e-14 0)
(1.5 -1.10335e-14 0)
(1.5 1.429e-14 0)
(1.5 1.11482e-13 0)
(1.5 2.32027e-13 0)
(1.5 2.76781e-13 0)
(1.5 1.53107e-14 0)
(1.5 7.7563e-14 0)
(1.5 1.21384e-13 0)
(1.5 2.2806e-13 0)
(1.5 2.83492e-13 0)
(1.5 1.65298e-13 0)
(1.5 1.10777e-13 0)
(1.5 1.14316e-13 0)
(1.5 1.29796e-13 0)
(1.5 1.00856e-13 0)
(1.5 8.2099e-14 0)
(1.5 2.61321e-14 0)
(1.5 -3.72056e-14 0)
(1.5 -9.96389e-14 0)
(1.5 -8.36004e-14 0)
(1.5 -3.7649e-14 0)
(1.5 1.07628e-14 0)
(1.5 5.52589e-14 0)
(1.5 5.78376e-14 0)
(1.5 -8.97308e-15 0)
(1.5 -2.51842e-16 0)
(1.5 6.07849e-14 0)
(1.5 1.34263e-13 0)
(1.5 1.89608e-13 0)
(1.5 1.66623e-13 0)
(1.5 1.72399e-13 0)
(1.5 1.29736e-13 0)
(1.5 9.85545e-14 0)
(1.5 1.53855e-13 0)
(1.5 1.50074e-13 0)
(1.5 1.39817e-13 0)
(1.5 1.04061e-13 0)
(1.5 4.20617e-14 0)
(1.5 1.49225e-14 0)
(1.5 -2.80738e-14 0)
(1.5 9.8006e-16 0)
(1.5 8.13672e-14 0)
(1.5 1.26757e-13 0)
(1.5 1.31266e-13 0)
(1.5 1.13392e-13 0)
(1.5 3.83597e-14 0)
(1.5 -5.09194e-15 0)
(1.5 5.10956e-14 0)
(1.5 1.19453e-13 0)
(1.5 1.47048e-13 0)
(1.5 1.42681e-13 0)
(1.5 1.03691e-13 0)
(1.5 4.88929e-14 0)
(1.5 2.33134e-14 0)
(1.5 8.44534e-14 0)
(1.5 1.70144e-13 0)
(1.5 1.76855e-13 0)
(1.5 1.31362e-13 0)
(1.5 1.27161e-13 0)
(1.5 1.24566e-13 0)
(1.5 1.24575e-13 0)
(1.5 7.17993e-14 0)
(1.5 8.83371e-14 0)
(1.5 8.98476e-14 0)
(1.5 3.36052e-14 0)
(1.5 5.78595e-14 0)
(1.5 3.76872e-14 0)
(1.5 4.60524e-14 0)
(1.5 7.86449e-14 0)
(1.5 6.17498e-14 0)
(1.5 6.64142e-14 0)
(1.5 8.15031e-14 0)
(1.5 3.05404e-14 0)
(1.5 3.65012e-14 0)
(1.5 5.32874e-14 0)
(1.5 1.02354e-13 0)
(1.5 1.26976e-13 0)
(1.5 1.57757e-13 0)
(1.5 1.09023e-13 0)
(1.5 3.31286e-14 0)
(1.5 4.08662e-14 0)
(1.5 5.55797e-14 0)
(1.5 9.87541e-15 0)
(1.5 3.67005e-14 0)
(1.5 6.46257e-14 0)
(1.5 1.32743e-13 0)
(1.5 1.82438e-13 0)
(1.5 1.02208e-13 0)
(1.5 9.9735e-14 0)
(1.5 9.74698e-14 0)
(1.5 1.33888e-13 0)
(1.5 1.62135e-13 0)
(1.5 2.30402e-13 0)
(1.5 2.26279e-13 0)
(1.5 7.71487e-14 0)
(1.5 -1.17703e-14 0)
(1.5 -1.20422e-13 0)
(1.5 -2.04354e-13 0)
(1.5 -1.82786e-13 0)
(1.5 -4.61137e-14 0)
(1.5 5.33789e-14 0)
(1.5 1.39493e-13 0)
(1.5 1.91845e-13 0)
(1.5 1.51292e-13 0)
(1.5 1.83666e-13 0)
(1.5 2.26694e-13 0)
(1.5 1.93736e-13 0)
(1.5 9.76031e-14 0)
(1.5 4.28653e-14 0)
(1.5 3.6929e-14 0)
(1.5 1.82528e-16 0)
(1.5 -5.63765e-14 0)
(1.5 -5.68345e-14 0)
(1.5 -2.81051e-14 0)
(1.5 -6.41908e-14 0)
(1.5 -6.82365e-14 0)
(1.5 -9.21015e-14 0)
(1.5 -4.37092e-14 0)
(1.5 -9.2106e-14 0)
(1.5 -1.34453e-13 0)
(1.5 -9.35589e-14 0)
(1.5 -6.77784e-14 0)
(1.5 -3.69939e-14 0)
(1.5 -3.18744e-14 0)
(1.5 -1.86708e-14 0)
(1.5 4.77691e-14 0)
(1.5 1.33406e-13 0)
(1.5 1.79592e-13 0)
(1.5 8.40098e-14 0)
(1.5 1.01698e-13 0)
(1.5 6.49542e-14 0)
(1.5 -1.33486e-14 0)
(1.5 -9.20641e-14 0)
(1.5 -7.31998e-14 0)
(1.5 3.16787e-14 0)
(1.5 6.37604e-14 0)
(1.5 3.92215e-14 0)
(1.5 -1.35e-13 0)
(1.5 -2.67505e-14 0)
(1.5 1.75939e-13 0)
(1.5 2.5075e-13 0)
(1.5 3.01733e-13 0)
(1.5 3.64462e-13 0)
(1.5 3.39716e-13 0)
(1.5 2.83651e-13 0)
(1.5 3.45368e-13 0)
(1.5 3.51113e-13 0)
(1.5 3.17355e-13 0)
(1.5 2.71131e-13 0)
(1.5 1.72131e-13 0)
(1.5 1.06892e-13 0)
(1.5 7.61335e-14 0)
(1.5 1.41371e-13 0)
(1.5 2.18349e-13 0)
(1.5 1.28091e-13 0)
(1.5 1.56022e-15 0)
(1.5 -7.1767e-14 0)
(1.5 -5.92719e-14 0)
(1.5 2.91539e-14 0)
(1.5 8.79181e-14 0)
(1.5 1.04169e-13 0)
(1.5 1.03097e-13 0)
(1.5 4.81001e-14 0)
(1.5 -4.14611e-14 0)
(1.5 -2.31767e-14 0)
(1.5 -2.44115e-14 0)
(1.5 1.37102e-14 0)
(1.5 2.93297e-14 0)
(1.5 9.27478e-14 0)
(1.5 6.45123e-14 0)
(1.5 -9.11448e-15 0)
(1.5 4.54519e-14 0)
(1.5 5.55742e-14 0)
(1.5 9.48896e-14 0)
(1.5 1.32196e-13 0)
(1.5 2.27093e-15 0)
(1.5 -6.2159e-14 0)
(1.5 -2.25992e-13 0)
(1.5 -3.45886e-13 0)
(1.5 -2.815e-13 0)
(1.5 -2.36239e-13 0)
(1.5 -2.10374e-13 0)
(1.5 -4.42152e-14 0)
(1.5 5.88255e-14 0)
(1.5 8.99915e-14 0)
(1.5 1.29788e-14 0)
(1.5 3.15399e-14 0)
(1.5 -1.81077e-14 0)
(1.5 -6.6606e-14 0)
(1.5 -3.00928e-14 0)
(1.5 1.72108e-14 0)
(1.5 -9.24413e-15 0)
(1.5 -3.29723e-14 0)
(1.5 2.23843e-14 0)
(1.5 -1.91488e-14 0)
(1.5 -7.34451e-15 0)
(1.5 4.94317e-14 0)
(1.5 2.52493e-14 0)
(1.5 -4.08873e-14 0)
(1.5 5.35575e-14 0)
(1.5 9.56306e-14 0)
(1.5 1.22901e-13 0)
(1.5 2.40128e-13 0)
(1.5 3.33871e-13 0)
(1.5 3.17251e-13 0)
(1.5 1.50185e-14 0)
(1.5 3.58736e-14 0)
(1.5 5.19722e-14 0)
(1.5 1.12956e-13 0)
(1.5 9.83363e-14 0)
(1.5 5.77821e-14 0)
(1.5 1.25225e-14 0)
(1.5 5.46256e-14 0)
(1.5 1.06191e-13 0)
(1.5 1.27749e-13 0)
(1.5 9.3197e-14 0)
(1.5 1.83892e-15 0)
(1.5 -1.38279e-13 0)
(1.5 -1.96566e-13 0)
(1.5 -1.43295e-13 0)
(1.5 -6.55849e-14 0)
(1.5 5.55941e-14 0)
(1.5 1.11623e-13 0)
(1.5 6.60739e-14 0)
(1.5 2.88143e-14 0)
(1.5 -5.60616e-14 0)
(1.5 -3.97344e-14 0)
(1.5 5.6111e-14 0)
(1.5 1.0556e-13 0)
(1.5 6.91276e-14 0)
(1.5 8.21091e-14 0)
(1.5 9.96981e-14 0)
(1.5 7.55357e-14 0)
(1.5 7.72826e-14 0)
(1.5 7.23993e-14 0)
(1.5 5.45236e-14 0)
(1.5 6.41442e-14 0)
(1.5 2.10859e-14 0)
(1.5 4.16184e-15 0)
(1.5 -2.36939e-14 0)
(1.5 -6.97657e-15 0)
(1.5 -1.95318e-14 0)
(1.5 3.09665e-14 0)
(1.5 4.28288e-14 0)
(1.5 8.52626e-14 0)
(1.5 8.83712e-14 0)
(1.5 5.05799e-14 0)
(1.5 7.45791e-14 0)
(1.5 9.38226e-14 0)
(1.5 9.92214e-14 0)
(1.5 1.05676e-13 0)
(1.5 1.05333e-13 0)
(1.5 7.38599e-14 0)
(1.5 3.59603e-14 0)
(1.5 7.94025e-14 0)
(1.5 1.33448e-13 0)
(1.5 1.25818e-13 0)
(1.5 1.30715e-13 0)
(1.5 1.53472e-13 0)
(1.5 1.27443e-13 0)
(1.5 1.06841e-13 0)
(1.5 1.00514e-13 0)
(1.5 1.82693e-13 0)
(1.5 1.3826e-13 0)
(1.5 1.4516e-13 0)
(1.5 1.94319e-13 0)
(1.5 1.22574e-13 0)
(1.5 7.88568e-14 0)
(1.5 8.476e-14 0)
(1.5 7.72716e-14 0)
(1.5 2.3229e-14 0)
(1.5 2.80906e-14 0)
(1.5 2.26409e-14 0)
(1.5 1.08725e-14 0)
(1.5 9.09347e-14 0)
(1.5 1.21881e-13 0)
(1.5 1.53231e-13 0)
(1.5 1.4583e-13 0)
(1.5 1.29378e-13 0)
(1.5 6.17185e-14 0)
(1.5 7.63234e-14 0)
(1.5 7.10315e-14 0)
(1.5 5.69797e-14 0)
(1.5 -4.66806e-15 0)
(1.5 5.3422e-14 0)
(1.5 1.27042e-13 0)
(1.5 1.61745e-13 0)
(1.5 1.55357e-13 0)
(1.5 1.65716e-13 0)
(1.5 1.7724e-13 0)
(1.5 1.76335e-13 0)
(1.5 1.56896e-13 0)
(1.5 1.56563e-13 0)
(1.5 1.2952e-13 0)
(1.5 7.01387e-14 0)
(1.5 -8.53378e-18 0)
(1.5 -4.01302e-14 0)
(1.5 -1.40574e-13 0)
(1.5 -1.99078e-13 0)
(1.5 -1.63642e-13 0)
(1.5 -9.89412e-14 0)
(1.5 -5.74443e-14 0)
(1.5 1.17367e-14 0)
(1.5 1.14779e-14 0)
(1.5 7.65234e-14 0)
(1.5 1.18434e-13 0)
(1.5 7.44859e-14 0)
(1.5 8.75057e-14 0)
(1.5 8.10226e-14 0)
(1.5 6.31331e-14 0)
(1.5 9.00202e-14 0)
(1.5 6.84254e-14 0)
(1.5 -2.64354e-15 0)
(1.5 -7.71888e-14 0)
(1.5 -1.54211e-13 0)
(1.5 -9.46028e-14 0)
(1.5 -2.53438e-14 0)
(1.5 2.45766e-15 0)
(1.5 -3.74324e-14 0)
(1.5 -8.72633e-14 0)
(1.5 -6.6517e-14 0)
(1.5 -7.79956e-14 0)
(1.5 -1.74874e-14 0)
(1.5 -7.01956e-16 0)
(1.5 -3.45752e-14 0)
(1.5 1.89601e-14 0)
(1.5 5.45326e-14 0)
(1.5 3.12799e-14 0)
(1.5 4.98585e-14 0)
(1.5 2.62781e-14 0)
(1.5 1.49512e-15 0)
(1.5 -5.87772e-17 0)
(1.5 4.50839e-14 0)
(1.5 1.32091e-14 0)
(1.5 5.98977e-14 0)
(1.5 1.29137e-13 0)
(1.5 1.29656e-13 0)
(1.5 1.36808e-15 0)
(1.5 4.87325e-14 0)
(1.5 1.94864e-13 0)
(1.5 2.49499e-13 0)
(1.5 2.32358e-13 0)
(1.5 2.78909e-13 0)
(1.5 2.56794e-13 0)
(1.5 2.21001e-13 0)
(1.5 3.29713e-13 0)
(1.5 3.26261e-13 0)
(1.5 2.33263e-13 0)
(1.5 7.64553e-14 0)
(1.5 -2.13873e-14 0)
(1.5 1.39393e-14 0)
(1.5 1.64858e-14 0)
(1.5 2.10908e-14 0)
(1.5 5.06649e-15 0)
(1.5 3.92519e-14 0)
(1.5 8.25899e-14 0)
(1.5 1.05984e-13 0)
(1.5 9.47722e-14 0)
(1.5 3.87335e-14 0)
(1.5 8.00886e-14 0)
(1.5 1.63649e-13 0)
(1.5 1.03469e-13 0)
(1.5 -8.5882e-14 0)
(1.5 -1.26747e-13 0)
(1.5 -7.52238e-14 0)
(1.5 2.0051e-14 0)
(1.5 7.39933e-14 0)
(1.5 1.07064e-13 0)
(1.5 1.06074e-13 0)
(1.5 3.81037e-14 0)
(1.5 2.47259e-14 0)
(1.5 -5.68759e-15 0)
(1.5 1.00241e-13 0)
(1.5 1.66599e-13 0)
(1.5 1.48284e-13 0)
(1.5 4.50209e-14 0)
(1.5 -3.33496e-14 0)
(1.5 -2.14649e-13 0)
(1.5 -3.38988e-13 0)
(1.5 -3.5294e-13 0)
(1.5 -2.84516e-13 0)
(1.5 -1.73216e-13 0)
(1.5 -3.96136e-14 0)
(1.5 8.2757e-14 0)
(1.5 1.36021e-13 0)
(1.5 1.3464e-13 0)
(1.5 1.69281e-13 0)
(1.5 1.13091e-13 0)
(1.5 8.5475e-14 0)
(1.5 6.96487e-14 0)
(1.5 1.19327e-13 0)
(1.5 7.77094e-14 0)
(1.5 6.19782e-14 0)
(1.5 6.49941e-14 0)
(1.5 5.79939e-14 0)
(1.5 4.14639e-14 0)
(1.5 8.02979e-14 0)
(1.5 1.0928e-13 0)
(1.5 -5.80564e-15 0)
(1.5 3.82625e-14 0)
(1.5 8.94058e-14 0)
(1.5 1.56123e-13 0)
(1.5 3.239e-13 0)
(1.5 3.34551e-13 0)
(1.5 2.6868e-13 0)
(1.5 -2.83417e-14 0)
(1.5 -3.27296e-14 0)
(1.5 -6.85311e-14 0)
(1.5 -6.34297e-14 0)
(1.5 -4.80995e-14 0)
(1.5 6.02325e-14 0)
(1.5 4.46137e-15 0)
(1.5 2.28993e-14 0)
(1.5 9.59332e-14 0)
(1.5 7.7678e-14 0)
(1.5 -5.60881e-15 0)
(1.5 -1.09669e-13 0)
(1.5 -1.7372e-13 0)
(1.5 -1.48981e-13 0)
(1.5 -7.61902e-14 0)
(1.5 -2.10861e-14 0)
(1.5 5.31943e-14 0)
(1.5 1.10861e-13 0)
(1.5 9.32179e-14 0)
(1.5 5.37338e-14 0)
(1.5 -2.52891e-14 0)
(1.5 -6.75144e-14 0)
(1.5 -4.05195e-14 0)
(1.5 1.42376e-14 0)
(1.5 2.46312e-14 0)
(1.5 -4.79484e-14 0)
(1.5 -4.62719e-14 0)
(1.5 -6.2601e-14 0)
(1.5 -1.17934e-13 0)
(1.5 -7.10069e-14 0)
(1.5 -8.22607e-14 0)
(1.5 -4.64399e-14 0)
(1.5 -1.08378e-14 0)
(1.5 -7.77207e-15 0)
(1.5 1.937e-14 0)
(1.5 3.13656e-14 0)
(1.5 -1.46753e-14 0)
(1.5 -3.21635e-14 0)
(1.5 -1.59584e-14 0)
(1.5 2.06487e-14 0)
(1.5 3.22093e-14 0)
(1.5 7.6062e-14 0)
(1.5 1.26236e-13 0)
(1.5 1.20549e-13 0)
(1.5 7.08562e-14 0)
(1.5 1.01109e-13 0)
(1.5 1.45009e-13 0)
(1.5 1.21896e-13 0)
(1.5 1.02879e-13 0)
(1.5 1.26387e-13 0)
(1.5 1.09535e-13 0)
(1.5 1.28765e-13 0)
(1.5 1.5775e-13 0)
(1.5 2.08018e-13 0)
(1.5 1.55449e-13 0)
(1.5 9.7691e-14 0)
(1.5 1.62343e-13 0)
(1.5 2.0615e-13 0)
(1.5 1.68046e-13 0)
(1.5 2.20873e-13 0)
(1.5 1.8277e-13 0)
(1.5 1.13479e-13 0)
(1.5 9.85743e-14 0)
(1.5 9.98215e-14 0)
(1.5 9.38347e-14 0)
(1.5 3.06296e-14 0)
(1.5 -1.23515e-14 0)
(1.5 1.21323e-15 0)
(1.5 -1.05061e-14 0)
(1.5 1.10289e-13 0)
(1.5 1.07001e-13 0)
(1.5 5.28867e-14 0)
(1.5 2.81523e-14 0)
(1.5 5.44604e-14 0)
(1.5 2.77901e-14 0)
(1.5 1.83023e-14 0)
(1.5 -4.56557e-16 0)
(1.5 -1.76181e-15 0)
(1.5 -5.40711e-14 0)
(1.5 -3.42907e-14 0)
(1.5 -2.01975e-14 0)
(1.5 -1.33616e-14 0)
(1.5 3.00507e-14 0)
(1.5 3.11666e-14 0)
(1.5 2.85651e-14 0)
(1.5 2.2573e-14 0)
(1.5 2.17615e-14 0)
(1.5 1.71343e-14 0)
(1.5 -3.35694e-14 0)
(1.5 1.93856e-15 0)
(1.5 4.63466e-15 0)
(1.5 -2.37403e-14 0)
(1.5 -1.02928e-13 0)
(1.5 -1.10864e-13 0)
(1.5 -1.02166e-13 0)
(1.5 -7.49416e-14 0)
(1.5 -5.11389e-14 0)
(1.5 3.35116e-14 0)
(1.5 8.8281e-14 0)
(1.5 9.63447e-14 0)
(1.5 5.46701e-14 0)
(1.5 5.22872e-14 0)
(1.5 1.15135e-13 0)
(1.5 1.69941e-13 0)
(1.5 1.53504e-13 0)
(1.5 1.61625e-13 0)
(1.5 1.21168e-13 0)
(1.5 3.50736e-14 0)
(1.5 -1.2973e-13 0)
(1.5 -2.00501e-13 0)
(1.5 -1.36404e-13 0)
(1.5 -7.26068e-14 0)
(1.5 -1.07616e-13 0)
(1.5 -9.61503e-14 0)
(1.5 -8.79588e-14 0)
(1.5 -4.85038e-14 0)
(1.5 -5.74986e-15 0)
(1.5 6.27079e-14 0)
(1.5 4.00812e-14 0)
(1.5 -7.03513e-14 0)
(1.5 -5.90503e-14 0)
(1.5 -9.00262e-15 0)
(1.5 -1.50276e-14 0)
(1.5 4.69937e-14 0)
(1.5 3.50962e-14 0)
(1.5 2.84287e-14 0)
(1.5 6.80709e-14 0)
(1.5 1.02475e-13 0)
(1.5 9.34905e-14 0)
(1.5 5.84704e-14 0)
(1.5 1.90533e-14 0)
(1.5 6.43455e-14 0)
(1.5 1.33756e-13 0)
(1.5 2.03855e-13 0)
(1.5 3.0586e-13 0)
(1.5 3.04393e-13 0)
(1.5 1.96971e-13 0)
(1.5 1.97601e-13 0)
(1.5 1.73435e-13 0)
(1.5 1.70362e-13 0)
(1.5 1.75213e-13 0)
(1.5 1.51643e-13 0)
(1.5 5.6994e-14 0)
(1.5 -2.66378e-14 0)
(1.5 -6.42123e-14 0)
(1.5 -3.20151e-14 0)
(1.5 -3.51135e-14 0)
(1.5 -2.91837e-14 0)
(1.5 -6.68451e-14 0)
(1.5 4.49398e-14 0)
(1.5 1.50104e-13 0)
(1.5 2.34115e-13 0)
(1.5 2.94611e-13 0)
(1.5 1.60836e-13 0)
(1.5 1.48209e-13 0)
(1.5 1.86845e-13 0)
(1.5 1.09922e-13 0)
(1.5 -4.02822e-14 0)
(1.5 -3.88618e-15 0)
(1.5 2.00811e-14 0)
(1.5 8.28104e-14 0)
(1.5 9.19228e-14 0)
(1.5 1.12495e-13 0)
(1.5 -2.13178e-14 0)
(1.5 -1.90167e-14 0)
(1.5 1.12356e-13 0)
(1.5 1.06122e-13 0)
(1.5 1.83148e-13 0)
(1.5 2.00058e-13 0)
(1.5 1.31104e-13 0)
(1.5 1.28454e-13 0)
(1.5 6.6132e-14 0)
(1.5 -1.01506e-13 0)
(1.5 -2.47055e-13 0)
(1.5 -3.22949e-13 0)
(1.5 -2.89093e-13 0)
(1.5 -1.16725e-13 0)
(1.5 -1.82223e-14 0)
(1.5 2.24385e-14 0)
(1.5 4.61848e-14 0)
(1.5 4.66875e-14 0)
(1.5 8.01617e-14 0)
(1.5 2.10768e-13 0)
(1.5 2.44298e-13 0)
(1.5 2.01786e-13 0)
(1.5 1.77899e-13 0)
(1.5 1.46445e-13 0)
(1.5 1.15151e-13 0)
(1.5 1.51651e-13 0)
(1.5 2.35792e-13 0)
(1.5 1.8191e-13 0)
(1.5 1.52496e-13 0)
(1.5 1.89344e-13 0)
(1.5 1.11438e-13 0)
(1.5 1.28482e-13 0)
(1.5 1.71011e-13 0)
(1.5 2.68793e-13 0)
(1.5 5.2538e-13 0)
(1.5 4.82046e-13 0)
(1.5 4.07794e-13 0)
(1.5 -3.08267e-14 0)
(1.5 -8.35311e-14 0)
(1.5 -1.69981e-13 0)
(1.5 -1.91845e-13 0)
(1.5 -1.52298e-13 0)
(1.5 -3.05821e-14 0)
(1.5 2.56704e-14 0)
(1.5 6.49146e-14 0)
(1.5 9.74308e-14 0)
(1.5 5.9734e-14 0)
(1.5 -8.37893e-15 0)
(1.5 -1.22616e-13 0)
(1.5 -1.28012e-13 0)
(1.5 -2.14433e-14 0)
(1.5 8.9145e-14 0)
(1.5 1.02403e-13 0)
(1.5 8.09585e-14 0)
(1.5 9.57268e-14 0)
(1.5 9.95608e-14 0)
(1.5 7.30032e-14 0)
(1.5 7.0304e-14 0)
(1.5 -2.03917e-14 0)
(1.5 -5.8681e-14 0)
(1.5 -1.1986e-14 0)
(1.5 2.83617e-14 0)
(1.5 -6.9125e-14 0)
(1.5 -1.09598e-13 0)
(1.5 -1.66355e-13 0)
(1.5 -1.81294e-13 0)
(1.5 -1.94261e-13 0)
(1.5 -1.26754e-13 0)
(1.5 -6.9233e-14 0)
(1.5 -9.16917e-15 0)
(1.5 4.71851e-14 0)
(1.5 9.12806e-14 0)
(1.5 6.98207e-14 0)
(1.5 8.70018e-14 0)
(1.5 6.47583e-14 0)
(1.5 5.56645e-14 0)
(1.5 4.1497e-14 0)
(1.5 1.6395e-14 0)
(1.5 7.16956e-14 0)
(1.5 1.30506e-13 0)
(1.5 1.26861e-13 0)
(1.5 7.336e-14 0)
(1.5 1.2564e-13 0)
(1.5 1.28364e-13 0)
(1.5 1.29895e-13 0)
(1.5 9.3096e-14 0)
(1.5 1.18785e-13 0)
(1.5 1.36976e-13 0)
(1.5 1.72884e-13 0)
(1.5 2.03805e-13 0)
(1.5 1.967e-13 0)
(1.5 1.95323e-13 0)
(1.5 1.28845e-13 0)
(1.5 1.71119e-13 0)
(1.5 1.38229e-13 0)
(1.5 1.70367e-13 0)
(1.5 2.22748e-13 0)
(1.5 1.09783e-13 0)
(1.5 9.94554e-14 0)
(1.5 8.65489e-14 0)
(1.5 9.09562e-14 0)
(1.5 3.12486e-15 0)
(1.5 2.75246e-14 0)
(1.5 5.93276e-14 0)
(1.5 7.55161e-14 0)
(1.5 5.45052e-14 0)
(1.5 9.88964e-14 0)
(1.5 1.38881e-13 0)
(1.5 7.06594e-14 0)
(1.5 -3.55708e-14 0)
(1.5 -1.62038e-14 0)
(1.5 -5.62232e-15 0)
(1.5 -1.21056e-14 0)
(1.5 -1.53898e-14 0)
(1.5 -4.13514e-14 0)
(1.5 -2.95528e-14 0)
(1.5 -4.07841e-14 0)
(1.5 -1.12186e-13 0)
(1.5 -1.28521e-13 0)
(1.5 -1.30576e-13 0)
(1.5 -1.40293e-13 0)
(1.5 -1.57476e-13 0)
(1.5 -9.93007e-14 0)
(1.5 -7.02532e-15 0)
(1.5 -5.41369e-14 0)
(1.5 -1.55932e-13 0)
(1.5 -1.28027e-13 0)
(1.5 -5.69395e-14 0)
(1.5 -1.7523e-14 0)
(1.5 -9.52775e-16 0)
(1.5 -7.86593e-15 0)
(1.5 -1.62149e-14 0)
(1.5 -4.65117e-14 0)
(1.5 -4.79263e-14 0)
(1.5 1.13562e-15 0)
(1.5 1.02476e-13 0)
(1.5 8.72095e-14 0)
(1.5 6.52067e-14 0)
(1.5 8.13729e-14 0)
(1.5 1.40288e-13 0)
(1.5 1.87486e-13 0)
(1.5 1.62061e-13 0)
(1.5 8.13148e-14 0)
(1.5 -1.13754e-14 0)
(1.5 -3.05978e-14 0)
(1.5 -9.20741e-14 0)
(1.5 -9.75101e-14 0)
(1.5 -7.55414e-14 0)
(1.5 -5.00767e-14 0)
(1.5 -1.17725e-13 0)
(1.5 -1.06195e-13 0)
(1.5 -6.76654e-14 0)
(1.5 -5.86432e-14 0)
(1.5 1.46045e-14 0)
(1.5 6.12055e-14 0)
(1.5 8.55537e-14 0)
(1.5 -2.87089e-14 0)
(1.5 -7.84273e-14 0)
(1.5 -5.3664e-14 0)
(1.5 -2.39371e-14 0)
(1.5 -6.06185e-15 0)
(1.5 -1.6064e-14 0)
(1.5 -3.32732e-14 0)
(1.5 -1.91477e-14 0)
(1.5 5.65299e-14 0)
(1.5 2.125e-13 0)
(1.5 2.11503e-13 0)
(1.5 1.30936e-13 0)
(1.5 1.61312e-13 0)
(1.5 3.76039e-13 0)
(1.5 4.44423e-13 0)
(1.5 4.3824e-13 0)
(1.5 4.23046e-13 0)
(1.5 1.98258e-13 0)
(1.5 7.8451e-14 0)
(1.5 7.4616e-14 0)
(1.5 1.56054e-13 0)
(1.5 8.48384e-14 0)
(1.5 2.1309e-14 0)
(1.5 -5.83234e-14 0)
(1.5 -4.23502e-14 0)
(1.5 1.65508e-14 0)
(1.5 7.40473e-16 0)
(1.5 -3.92764e-14 0)
(1.5 -2.72157e-14 0)
(1.5 -2.70831e-14 0)
(1.5 8.69165e-14 0)
(1.5 1.79943e-13 0)
(1.5 2.07824e-13 0)
(1.5 3.12338e-13 0)
(1.5 2.5065e-13 0)
(1.5 2.42124e-13 0)
(1.5 2.22297e-13 0)
(1.5 1.4236e-13 0)
(1.5 8.76869e-14 0)
(1.5 1.06575e-13 0)
(1.5 8.12648e-14 0)
(1.5 1.10862e-13 0)
(1.5 1.20406e-13 0)
(1.5 7.11298e-14 0)
(1.5 -2.10835e-14 0)
(1.5 1.03611e-13 0)
(1.5 2.59859e-13 0)
(1.5 3.526e-13 0)
(1.5 3.25453e-13 0)
(1.5 2.38775e-13 0)
(1.5 2.32548e-13 0)
(1.5 2.48548e-13 0)
(1.5 1.44025e-13 0)
(1.5 -4.60555e-14 0)
(1.5 -1.60497e-13 0)
(1.5 -2.4764e-13 0)
(1.5 -2.20359e-13 0)
(1.5 -1.09893e-13 0)
(1.5 2.55687e-14 0)
(1.5 1.00041e-13 0)
(1.5 7.69251e-14 0)
(1.5 4.67793e-14 0)
(1.5 2.24163e-14 0)
(1.5 2.18971e-13 0)
(1.5 2.8777e-13 0)
(1.5 2.38137e-13 0)
(1.5 1.35233e-13 0)
(1.5 1.00815e-13 0)
(1.5 1.38743e-13 0)
(1.5 2.13993e-13 0)
(1.5 3.2254e-13 0)
(1.5 2.52101e-13 0)
(1.5 2.10742e-13 0)
(1.5 2.64577e-13 0)
(1.5 2.62098e-13 0)
(1.5 2.33571e-13 0)
(1.5 2.83124e-13 0)
(1.5 3.68266e-13 0)
(1.5 6.86654e-13 0)
(1.5 6.57659e-13 0)
(1.5 5.6789e-13 0)
(1.5 3.44643e-15 0)
(1.5 -8.78286e-14 0)
(1.5 -1.89337e-13 0)
(1.5 -2.82348e-13 0)
(1.5 -2.83505e-13 0)
(1.5 -2.29711e-13 0)
(1.5 -6.44493e-14 0)
(1.5 8.54403e-15 0)
(1.5 4.72159e-14 0)
(1.5 5.71052e-14 0)
(1.5 -1.37021e-14 0)
(1.5 -7.94618e-14 0)
(1.5 -6.14207e-14 0)
(1.5 -2.63785e-15 0)
(1.5 1.05737e-13 0)
(1.5 1.61279e-13 0)
(1.5 1.77162e-13 0)
(1.5 1.50319e-13 0)
(1.5 6.54944e-14 0)
(1.5 3.0947e-14 0)
(1.5 5.07671e-14 0)
(1.5 1.55842e-14 0)
(1.5 -2.77746e-14 0)
(1.5 -1.57638e-14 0)
(1.5 -2.23756e-14 0)
(1.5 -8.69563e-14 0)
(1.5 -1.1936e-13 0)
(1.5 -1.96099e-13 0)
(1.5 -2.2564e-13 0)
(1.5 -2.7316e-13 0)
(1.5 -2.07491e-13 0)
(1.5 -1.25482e-13 0)
(1.5 -2.32734e-14 0)
(1.5 4.16596e-14 0)
(1.5 4.94059e-14 0)
(1.5 2.00087e-15 0)
(1.5 3.48615e-14 0)
(1.5 5.25909e-14 0)
(1.5 2.7328e-14 0)
(1.5 4.12429e-14 0)
(1.5 7.03183e-14 0)
(1.5 3.97751e-14 0)
(1.5 5.85557e-14 0)
(1.5 5.04041e-14 0)
(1.5 6.4084e-14 0)
(1.5 8.3238e-14 0)
(1.5 6.96804e-14 0)
(1.5 5.45415e-14 0)
(1.5 3.73319e-14 0)
(1.5 1.23923e-14 0)
(1.5 6.61787e-14 0)
(1.5 6.73305e-14 0)
(1.5 1.16611e-13 0)
(1.5 9.52959e-14 0)
(1.5 1.04852e-13 0)
(1.5 1.18209e-13 0)
(1.5 1.03603e-13 0)
(1.5 9.05181e-14 0)
(1.5 9.63004e-14 0)
(1.5 8.86203e-14 0)
(1.5 6.18067e-14 0)
(1.5 5.62818e-14 0)
(1.5 3.46353e-14 0)
(1.5 9.58492e-15 0)
(1.5 -3.15392e-14 0)
(1.5 1.83719e-14 0)
(1.5 7.02838e-14 0)
(1.5 1.13955e-13 0)
(1.5 6.25666e-14 0)
(1.5 4.00666e-14 0)
(1.5 5.03757e-14 0)
(1.5 1.82713e-14 0)
(1.5 -5.50148e-14 0)
(1.5 -1.92218e-14 0)
(1.5 -3.58424e-14 0)
(1.5 -5.0155e-14 0)
(1.5 1.02759e-14 0)
(1.5 3.68506e-14 0)
(1.5 2.02991e-14 0)
(1.5 -5.39226e-15 0)
(1.5 -9.19931e-14 0)
(1.5 -1.5211e-13 0)
(1.5 -1.47738e-13 0)
(1.5 -1.48424e-13 0)
(1.5 -1.19679e-13 0)
(1.5 -3.48561e-14 0)
(1.5 3.22424e-14 0)
(1.5 1.10881e-14 0)
(1.5 -9.44842e-14 0)
(1.5 -1.24033e-13 0)
(1.5 -6.5764e-14 0)
(1.5 -3.22716e-14 0)
(1.5 -7.33227e-14 0)
(1.5 -1.0027e-13 0)
(1.5 -1.16036e-13 0)
(1.5 -1.22393e-13 0)
(1.5 -9.23266e-14 0)
(1.5 -7.97133e-14 0)
(1.5 -9.12006e-15 0)
(1.5 -1.66794e-14 0)
(1.5 3.17054e-14 0)
(1.5 2.80307e-14 0)
(1.5 1.41147e-14 0)
(1.5 2.91091e-14 0)
(1.5 -1.53117e-14 0)
(1.5 -1.00517e-13 0)
(1.5 -1.92426e-13 0)
(1.5 -1.91592e-13 0)
(1.5 -1.19972e-13 0)
(1.5 -5.94872e-14 0)
(1.5 -8.8107e-14 0)
(1.5 -8.08954e-14 0)
(1.5 -7.94381e-14 0)
(1.5 -6.23425e-14 0)
(1.5 -7.37309e-15 0)
(1.5 -5.16034e-14 0)
(1.5 -5.57115e-14 0)
(1.5 -4.43522e-14 0)
(1.5 -1.39722e-14 0)
(1.5 2.23714e-14 0)
(1.5 2.05428e-14 0)
(1.5 -2.73377e-14 0)
(1.5 -2.77115e-14 0)
(1.5 -1.57274e-14 0)
(1.5 -7.51483e-16 0)
(1.5 -2.25807e-14 0)
(1.5 -7.7264e-14 0)
(1.5 2.60634e-14 0)
(1.5 2.43445e-13 0)
(1.5 3.37731e-13 0)
(1.5 3.60916e-13 0)
(1.5 3.49089e-13 0)
(1.5 5.50762e-13 0)
(1.5 5.65779e-13 0)
(1.5 4.91559e-13 0)
(1.5 3.58859e-13 0)
(1.5 1.01694e-13 0)
(1.5 6.58693e-15 0)
(1.5 2.79941e-14 0)
(1.5 9.86877e-14 0)
(1.5 4.26636e-14 0)
(1.5 -3.80981e-14 0)
(1.5 -3.35192e-14 0)
(1.5 -3.68722e-15 0)
(1.5 9.07658e-14 0)
(1.5 1.02112e-13 0)
(1.5 3.93798e-14 0)
(1.5 3.12111e-15 0)
(1.5 -1.08131e-14 0)
(1.5 2.36594e-14 0)
(1.5 7.73632e-14 0)
(1.5 8.60933e-14 0)
(1.5 1.72457e-13 0)
(1.5 2.32376e-13 0)
(1.5 2.24649e-13 0)
(1.5 1.92502e-13 0)
(1.5 1.07327e-13 0)
(1.5 5.6644e-14 0)
(1.5 6.46469e-14 0)
(1.5 6.0318e-14 0)
(1.5 1.09868e-13 0)
(1.5 1.50288e-13 0)
(1.5 1.74404e-13 0)
(1.5 1.97995e-13 0)
(1.5 2.62146e-13 0)
(1.5 3.53999e-13 0)
(1.5 4.44199e-13 0)
(1.5 4.62071e-13 0)
(1.5 3.73547e-13 0)
(1.5 3.04648e-13 0)
(1.5 2.50367e-13 0)
(1.5 9.35321e-14 0)
(1.5 -3.42476e-14 0)
(1.5 -1.19857e-13 0)
(1.5 -2.50294e-13 0)
(1.5 -2.01661e-13 0)
(1.5 -1.38129e-13 0)
(1.5 -1.87757e-14 0)
(1.5 8.84068e-14 0)
(1.5 1.32171e-13 0)
(1.5 1.30769e-13 0)
(1.5 8.68663e-14 0)
(1.5 2.29792e-13 0)
(1.5 2.66914e-13 0)
(1.5 2.09913e-13 0)
(1.5 1.52494e-13 0)
(1.5 1.40579e-13 0)
(1.5 2.3185e-13 0)
(1.5 2.38077e-13 0)
(1.5 2.17684e-13 0)
(1.5 2.34233e-13 0)
(1.5 3.27136e-13 0)
(1.5 4.55358e-13 0)
(1.5 4.66326e-13 0)
(1.5 3.60575e-13 0)
(1.5 2.9984e-13 0)
(1.5 3.30776e-13 0)
(1.5 5.77755e-13 0)
(1.5 6.21347e-13 0)
(1.5 5.29527e-13 0)
(1.5 -6.77816e-15 0)
(1.5 -1.0717e-13 0)
(1.5 -2.00311e-13 0)
(1.5 -2.88342e-13 0)
(1.5 -3.33566e-13 0)
(1.5 -3.43788e-13 0)
(1.5 -2.1295e-13 0)
(1.5 -9.53565e-14 0)
(1.5 -6.00035e-14 0)
(1.5 -2.48448e-15 0)
(1.5 -5.14336e-15 0)
(1.5 6.15245e-14 0)
(1.5 1.32694e-13 0)
(1.5 4.6974e-14 0)
(1.5 3.51255e-14 0)
(1.5 7.38408e-14 0)
(1.5 5.13665e-14 0)
(1.5 1.22649e-14 0)
(1.5 2.74408e-14 0)
(1.5 6.31376e-14 0)
(1.5 6.30613e-14 0)
(1.5 5.95479e-14 0)
(1.5 7.15238e-14 0)
(1.5 9.35845e-14 0)
(1.5 5.9718e-14 0)
(1.5 -1.95172e-14 0)
(1.5 -7.46011e-14 0)
(1.5 -1.02576e-13 0)
(1.5 -2.00585e-13 0)
(1.5 -2.28693e-13 0)
(1.5 -2.06341e-13 0)
(1.5 -1.13012e-13 0)
(1.5 -1.3445e-14 0)
(1.5 5.67856e-14 0)
(1.5 4.15298e-14 0)
(1.5 -6.96058e-15 0)
(1.5 -4.2687e-14 0)
(1.5 8.22897e-15 0)
(1.5 2.51831e-14 0)
(1.5 7.5678e-14 0)
(1.5 1.58838e-13 0)
(1.5 5.78071e-14 0)
(1.5 7.68769e-14 0)
(1.5 5.95958e-14 0)
(1.5 1.39948e-13 0)
(1.5 1.28278e-13 0)
(1.5 1.40176e-13 0)
(1.5 8.79154e-14 0)
(1.5 1.08871e-13 0)
(1.5 2.51613e-14 0)
(1.5 -2.41107e-15 0)
(1.5 -4.29417e-15 0)
(1.5 6.48875e-14 0)
(1.5 9.0618e-14 0)
(1.5 7.45313e-14 0)
(1.5 1.51281e-13 0)
(1.5 1.65602e-13 0)
(1.5 1.73777e-13 0)
(1.5 1.1175e-13 0)
(1.5 8.68691e-14 0)
(1.5 9.89293e-14 0)
(1.5 7.20556e-14 0)
(1.5 1.90485e-14 0)
(1.5 1.08608e-14 0)
(1.5 7.33904e-14 0)
(1.5 8.97192e-14 0)
(1.5 1.1414e-13 0)
(1.5 1.21788e-13 0)
(1.5 6.3749e-14 0)
(1.5 5.80379e-14 0)
(1.5 4.9888e-14 0)
(1.5 -1.07193e-15 0)
(1.5 -1.09497e-14 0)
(1.5 2.90305e-14 0)
(1.5 4.42962e-14 0)
(1.5 1.88525e-14 0)
(1.5 8.17482e-14 0)
(1.5 1.25878e-13 0)
(1.5 6.93597e-14 0)
(1.5 -1.14677e-14 0)
(1.5 -1.82427e-14 0)
(1.5 -7.27427e-14 0)
(1.5 -4.69009e-14 0)
(1.5 -8.60806e-14 0)
(1.5 -9.73387e-14 0)
(1.5 -4.70198e-14 0)
(1.5 2.231e-15 0)
(1.5 7.03895e-14 0)
(1.5 3.85548e-14 0)
(1.5 4.80436e-15 0)
(1.5 1.01805e-14 0)
(1.5 -4.60846e-14 0)
(1.5 -1.19835e-13 0)
(1.5 -1.13066e-13 0)
(1.5 -1.61861e-13 0)
(1.5 -8.39435e-14 0)
(1.5 5.27231e-14 0)
(1.5 1.03082e-13 0)
(1.5 6.58228e-14 0)
(1.5 6.44944e-16 0)
(1.5 2.83062e-14 0)
(1.5 3.49629e-14 0)
(1.5 2.26109e-14 0)
(1.5 1.03078e-14 0)
(1.5 1.05375e-14 0)
(1.5 -4.32319e-14 0)
(1.5 -1.66882e-13 0)
(1.5 -1.71088e-13 0)
(1.5 -8.57395e-14 0)
(1.5 2.91509e-14 0)
(1.5 -5.40791e-14 0)
(1.5 -5.24656e-14 0)
(1.5 -1.61028e-14 0)
(1.5 2.05472e-14 0)
(1.5 5.44603e-14 0)
(1.5 -3.3516e-14 0)
(1.5 -8.17079e-14 0)
(1.5 -1.19539e-13 0)
(1.5 -2.43588e-14 0)
(1.5 1.13363e-13 0)
(1.5 1.55864e-13 0)
(1.5 1.02587e-13 0)
(1.5 1.17984e-13 0)
(1.5 1.05159e-13 0)
(1.5 1.02069e-13 0)
(1.5 8.67994e-14 0)
(1.5 2.88791e-14 0)
(1.5 1.13707e-13 0)
(1.5 1.92026e-13 0)
(1.5 2.69567e-13 0)
(1.5 3.17798e-13 0)
(1.5 3.5589e-13 0)
(1.5 4.60411e-13 0)
(1.5 4.58726e-13 0)
(1.5 4.04595e-13 0)
(1.5 2.04196e-13 0)
(1.5 3.53109e-14 0)
(1.5 7.49531e-14 0)
(1.5 5.04322e-14 0)
(1.5 4.23807e-14 0)
(1.5 3.07399e-14 0)
(1.5 5.74833e-15 0)
(1.5 7.3374e-14 0)
(1.5 1.26831e-13 0)
(1.5 2.35177e-13 0)
(1.5 3.00571e-13 0)
(1.5 2.45443e-13 0)
(1.5 1.35396e-13 0)
(1.5 6.92601e-14 0)
(1.5 2.22762e-14 0)
(1.5 3.62923e-14 0)
(1.5 5.21222e-14 0)
(1.5 1.94101e-13 0)
(1.5 2.89152e-13 0)
(1.5 3.00386e-13 0)
(1.5 2.77391e-13 0)
(1.5 2.0563e-13 0)
(1.5 1.42188e-13 0)
(1.5 1.20711e-13 0)
(1.5 1.75884e-13 0)
(1.5 1.98548e-13 0)
(1.5 2.18669e-13 0)
(1.5 3.54969e-13 0)
(1.5 3.99236e-13 0)
(1.5 3.88778e-13 0)
(1.5 3.93548e-13 0)
(1.5 3.86155e-13 0)
(1.5 5.09858e-13 0)
(1.5 4.52508e-13 0)
(1.5 3.21854e-13 0)
(1.5 2.44674e-13 0)
(1.5 1.64987e-13 0)
(1.5 1.45809e-13 0)
(1.5 5.28695e-14 0)
(1.5 -9.35686e-14 0)
(1.5 -1.77607e-13 0)
(1.5 -1.10188e-13 0)
(1.5 2.84236e-15 0)
(1.5 5.79399e-14 0)
(1.5 1.57943e-13 0)
(1.5 2.21549e-13 0)
(1.5 1.85978e-13 0)
(1.5 2.23526e-13 0)
(1.5 2.22872e-13 0)
(1.5 1.96732e-13 0)
(1.5 2.05811e-13 0)
(1.5 2.59357e-13 0)
(1.5 3.33312e-13 0)
(1.5 3.37938e-13 0)
(1.5 2.55025e-13 0)
(1.5 3.32502e-13 0)
(1.5 3.82418e-13 0)
(1.5 4.77075e-13 0)
(1.5 5.36144e-13 0)
(1.5 4.32805e-13 0)
(1.5 3.19637e-13 0)
(1.5 2.83561e-13 0)
(1.5 3.03067e-13 0)
(1.5 3.48991e-13 0)
(1.5 3.29812e-13 0)
(1.5 -1.17396e-14 0)
(1.5 -7.28659e-14 0)
(1.5 -1.10015e-13 0)
(1.5 -1.61356e-13 0)
(1.5 -2.29814e-13 0)
(1.5 -2.77739e-13 0)
(1.5 -2.34027e-13 0)
(1.5 -1.46693e-13 0)
(1.5 -1.86084e-13 0)
(1.5 -8.07078e-14 0)
(1.5 4.93642e-14 0)
(1.5 1.86092e-13 0)
(1.5 2.02782e-13 0)
(1.5 1.09052e-13 0)
(1.5 2.18873e-14 0)
(1.5 2.80837e-14 0)
(1.5 -7.62904e-14 0)
(1.5 -1.0703e-13 0)
(1.5 -5.52862e-14 0)
(1.5 2.27831e-14 0)
(1.5 1.00711e-13 0)
(1.5 1.00948e-13 0)
(1.5 9.17758e-14 0)
(1.5 1.00964e-13 0)
(1.5 9.02172e-14 0)
(1.5 5.45483e-14 0)
(1.5 -1.22066e-14 0)
(1.5 -9.58708e-15 0)
(1.5 -5.89787e-14 0)
(1.5 -3.65439e-14 0)
(1.5 -1.20696e-14 0)
(1.5 1.78428e-14 0)
(1.5 3.73463e-14 0)
(1.5 9.19958e-14 0)
(1.5 8.97594e-14 0)
(1.5 5.92961e-14 0)
(1.5 -6.18273e-15 0)
(1.5 3.99293e-14 0)
(1.5 8.80996e-14 0)
(1.5 8.53667e-14 0)
(1.5 1.51237e-13 0)
(1.5 1.1424e-13 0)
(1.5 8.78525e-14 0)
(1.5 7.41187e-14 0)
(1.5 9.38516e-14 0)
(1.5 9.19603e-14 0)
(1.5 1.01947e-13 0)
(1.5 1.12142e-13 0)
(1.5 1.1922e-13 0)
(1.5 8.43512e-14 0)
(1.5 -1.11717e-15 0)
(1.5 2.59365e-14 0)
(1.5 4.70372e-14 0)
(1.5 4.60302e-14 0)
(1.5 9.35393e-14 0)
(1.5 1.17868e-13 0)
(1.5 1.46705e-13 0)
(1.5 1.53888e-13 0)
(1.5 1.44051e-13 0)
(1.5 1.52703e-13 0)
(1.5 1.5421e-13 0)
(1.5 1.36028e-13 0)
(1.5 8.67305e-14 0)
(1.5 7.10097e-14 0)
(1.5 1.16268e-13 0)
(1.5 1.15644e-13 0)
(1.5 1.25711e-13 0)
(1.5 1.04892e-13 0)
(1.5 1.1615e-13 0)
(1.5 6.11717e-14 0)
(1.5 6.29544e-14 0)
(1.5 4.01533e-14 0)
(1.5 2.25814e-14 0)
(1.5 -7.5478e-15 0)
(1.5 1.78583e-16 0)
(1.5 4.09729e-14 0)
(1.5 9.1937e-14 0)
(1.5 9.5474e-14 0)
(1.5 7.43965e-14 0)
(1.5 -3.11612e-14 0)
(1.5 9.23654e-15 0)
(1.5 -3.19209e-15 0)
(1.5 -8.91448e-15 0)
(1.5 -4.12676e-14 0)
(1.5 -7.5102e-14 0)
(1.5 -1.06256e-13 0)
(1.5 -8.04455e-14 0)
(1.5 6.57574e-16 0)
(1.5 8.04154e-14 0)
(1.5 3.16365e-14 0)
(1.5 -8.09939e-14 0)
(1.5 -1.49216e-13 0)
(1.5 -7.40327e-14 0)
(1.5 -7.19796e-14 0)
(1.5 -1.04857e-13 0)
(1.5 -3.28209e-14 0)
(1.5 1.00682e-13 0)
(1.5 1.58373e-13 0)
(1.5 1.26322e-13 0)
(1.5 1.01282e-13 0)
(1.5 6.51096e-14 0)
(1.5 4.00528e-14 0)
(1.5 1.33904e-14 0)
(1.5 -1.52602e-14 0)
(1.5 -1.55865e-14 0)
(1.5 -5.44422e-14 0)
(1.5 -1.03499e-13 0)
(1.5 -1.05117e-13 0)
(1.5 -2.30543e-14 0)
(1.5 5.96666e-14 0)
(1.5 5.03912e-14 0)
(1.5 -1.1289e-14 0)
(1.5 -6.77567e-14 0)
(1.5 -2.13196e-14 0)
(1.5 -1.76247e-14 0)
(1.5 -6.60066e-15 0)
(1.5 4.80932e-15 0)
(1.5 8.90294e-15 0)
(1.5 8.26022e-14 0)
(1.5 1.93901e-13 0)
(1.5 2.20554e-13 0)
(1.5 1.97274e-13 0)
(1.5 1.48442e-13 0)
(1.5 1.44738e-13 0)
(1.5 1.2837e-13 0)
(1.5 1.95859e-13 0)
(1.5 2.05586e-13 0)
(1.5 2.13455e-13 0)
(1.5 1.64708e-13 0)
(1.5 2.00438e-13 0)
(1.5 2.15723e-13 0)
(1.5 2.83932e-13 0)
(1.5 2.61893e-13 0)
(1.5 1.75872e-13 0)
(1.5 6.26201e-14 0)
(1.5 -6.39239e-14 0)
(1.5 -9.24318e-14 0)
(1.5 1.91284e-14 0)
(1.5 5.74423e-14 0)
(1.5 3.078e-14 0)
(1.5 2.4722e-15 0)
(1.5 3.65176e-14 0)
(1.5 1.39722e-13 0)
(1.5 2.50574e-13 0)
(1.5 3.2338e-13 0)
(1.5 3.21058e-13 0)
(1.5 3.02236e-13 0)
(1.5 2.02528e-13 0)
(1.5 1.13279e-13 0)
(1.5 3.24205e-14 0)
(1.5 1.30293e-14 0)
(1.5 9.74533e-14 0)
(1.5 2.42392e-13 0)
(1.5 3.38156e-13 0)
(1.5 3.45434e-13 0)
(1.5 2.79296e-13 0)
(1.5 2.77019e-13 0)
(1.5 2.93016e-13 0)
(1.5 2.43907e-13 0)
(1.5 2.69285e-13 0)
(1.5 2.22689e-13 0)
(1.5 1.89049e-13 0)
(1.5 3.35912e-13 0)
(1.5 4.28388e-13 0)
(1.5 4.26468e-13 0)
(1.5 4.27737e-13 0)
(1.5 3.45535e-13 0)
(1.5 4.81435e-13 0)
(1.5 4.8122e-13 0)
(1.5 3.78821e-13 0)
(1.5 2.20791e-13 0)
(1.5 1.70951e-13 0)
(1.5 2.3285e-13 0)
(1.5 1.45505e-13 0)
(1.5 1.28396e-14 0)
(1.5 -5.05755e-14 0)
(1.5 -5.5203e-15 0)
(1.5 9.31127e-14 0)
(1.5 1.35807e-13 0)
(1.5 2.22335e-13 0)
(1.5 2.9312e-13 0)
(1.5 2.47762e-13 0)
(1.5 1.63286e-13 0)
(1.5 9.49189e-14 0)
(1.5 1.15848e-13 0)
(1.5 1.41214e-13 0)
(1.5 2.0727e-13 0)
(1.5 3.30423e-13 0)
(1.5 3.69962e-13 0)
(1.5 3.04147e-13 0)
(1.5 3.59909e-13 0)
(1.5 3.33913e-13 0)
(1.5 3.57406e-13 0)
(1.5 4.68499e-13 0)
(1.5 3.91294e-13 0)
(1.5 2.4962e-13 0)
(1.5 1.39273e-13 0)
(1.5 -4.09691e-14 0)
(1.5 7.39021e-15 0)
(1.5 8.53268e-14 0)
(1.5 -1.64631e-14 0)
(1.5 5.28579e-15 0)
(1.5 3.42564e-14 0)
(1.5 -5.51559e-14 0)
(1.5 -7.8791e-14 0)
(1.5 -9.26659e-14 0)
(1.5 -2.00995e-13 0)
(1.5 -2.14986e-13 0)
(1.5 -2.27766e-13 0)
(1.5 -1.33672e-13 0)
(1.5 -3.41533e-14 0)
(1.5 5.32376e-14 0)
(1.5 4.13089e-14 0)
(1.5 -3.94669e-16 0)
(1.5 -7.24818e-14 0)
(1.5 -4.99572e-14 0)
(1.5 -8.32245e-14 0)
(1.5 -1.29023e-13 0)
(1.5 -1.57579e-13 0)
(1.5 -1.47677e-13 0)
(1.5 -4.30772e-14 0)
(1.5 4.16905e-14 0)
(1.5 3.91445e-14 0)
(1.5 -1.39479e-14 0)
(1.5 -1.78445e-14 0)
(1.5 -4.97165e-15 0)
(1.5 -4.5401e-14 0)
(1.5 -4.24001e-14 0)
(1.5 -4.1924e-14 0)
(1.5 -6.85159e-15 0)
(1.5 1.74667e-14 0)
(1.5 -1.57091e-15 0)
(1.5 -1.3809e-14 0)
(1.5 6.22765e-15 0)
(1.5 3.65798e-14 0)
(1.5 3.92978e-14 0)
(1.5 5.49448e-14 0)
(1.5 4.40033e-14 0)
(1.5 5.67531e-14 0)
(1.5 3.49467e-14 0)
(1.5 3.93117e-14 0)
(1.5 9.66003e-14 0)
(1.5 1.28276e-14 0)
(1.5 5.20511e-14 0)
(1.5 3.81046e-14 0)
(1.5 2.51014e-14 0)
(1.5 1.34264e-14 0)
(1.5 9.10537e-14 0)
(1.5 1.01615e-13 0)
(1.5 1.29981e-13 0)
(1.5 5.30142e-14 0)
(1.5 7.84342e-14 0)
(1.5 8.04704e-14 0)
(1.5 4.51028e-14 0)
(1.5 9.02021e-14 0)
(1.5 8.23654e-14 0)
(1.5 9.3161e-14 0)
(1.5 1.07872e-13 0)
(1.5 1.90831e-13 0)
(1.5 1.88547e-13 0)
(1.5 1.58463e-13 0)
(1.5 1.4537e-13 0)
(1.5 1.06075e-13 0)
(1.5 1.1522e-13 0)
(1.5 1.32584e-13 0)
(1.5 9.81445e-14 0)
(1.5 4.59444e-14 0)
(1.5 3.05813e-14 0)
(1.5 9.5591e-14 0)
(1.5 6.18369e-15 0)
(1.5 -4.91756e-14 0)
(1.5 -6.38363e-14 0)
(1.5 -9.68138e-14 0)
(1.5 -1.01032e-13 0)
(1.5 -7.33136e-14 0)
(1.5 -5.70671e-14 0)
(1.5 -5.30186e-15 0)
(1.5 3.96491e-14 0)
(1.5 5.22632e-14 0)
(1.5 1.47639e-14 0)
(1.5 7.92373e-15 0)
(1.5 -5.60397e-14 0)
(1.5 -1.00608e-13 0)
(1.5 -9.97016e-14 0)
(1.5 -1.26923e-13 0)
(1.5 -2.21843e-13 0)
(1.5 -1.80604e-13 0)
(1.5 -1.23759e-13 0)
(1.5 2.58193e-15 0)
(1.5 -3.38839e-15 0)
(1.5 -8.40443e-14 0)
(1.5 -1.35316e-13 0)
(1.5 -7.91049e-14 0)
(1.5 -9.03309e-14 0)
(1.5 -4.26057e-14 0)
(1.5 -3.72369e-15 0)
(1.5 7.74376e-15 0)
(1.5 7.86911e-16 0)
(1.5 5.12104e-14 0)
(1.5 1.02068e-13 0)
(1.5 -1.90709e-15 0)
(1.5 -6.96632e-14 0)
(1.5 -1.30154e-13 0)
(1.5 -1.8154e-13 0)
(1.5 -1.60464e-13 0)
(1.5 -1.55998e-13 0)
(1.5 -8.15459e-14 0)
(1.5 -6.03984e-14 0)
(1.5 -2.40309e-14 0)
(1.5 -2.69885e-14 0)
(1.5 3.04178e-14 0)
(1.5 -6.86904e-14 0)
(1.5 -1.51491e-13 0)
(1.5 -5.75723e-14 0)
(1.5 -3.35294e-15 0)
(1.5 5.15294e-14 0)
(1.5 7.30675e-14 0)
(1.5 8.49437e-14 0)
(1.5 1.47353e-13 0)
(1.5 1.80888e-13 0)
(1.5 1.27372e-13 0)
(1.5 1.41668e-13 0)
(1.5 1.00172e-13 0)
(1.5 6.08541e-14 0)
(1.5 8.61401e-14 0)
(1.5 1.97892e-13 0)
(1.5 2.07237e-13 0)
(1.5 9.84174e-14 0)
(1.5 4.21848e-14 0)
(1.5 5.86914e-14 0)
(1.5 9.74639e-14 0)
(1.5 1.49388e-13 0)
(1.5 4.31286e-14 0)
(1.5 -7.81471e-14 0)
(1.5 -2.19021e-13 0)
(1.5 -3.09222e-13 0)
(1.5 -2.20264e-13 0)
(1.5 -5.4642e-14 0)
(1.5 6.56826e-14 0)
(1.5 1.17969e-14 0)
(1.5 -5.1242e-14 0)
(1.5 -2.4468e-15 0)
(1.5 1.52396e-13 0)
(1.5 2.86373e-13 0)
(1.5 2.94284e-13 0)
(1.5 2.88618e-13 0)
(1.5 3.33507e-13 0)
(1.5 3.10335e-13 0)
(1.5 1.84086e-13 0)
(1.5 3.85759e-14 0)
(1.5 -2.61556e-14 0)
(1.5 1.05186e-13 0)
(1.5 1.50751e-13 0)
(1.5 2.41998e-13 0)
(1.5 2.53976e-13 0)
(1.5 1.77155e-13 0)
(1.5 2.45457e-13 0)
(1.5 3.88546e-13 0)
(1.5 3.46107e-13 0)
(1.5 2.67847e-13 0)
(1.5 1.87604e-13 0)
(1.5 1.24748e-13 0)
(1.5 2.57537e-13 0)
(1.5 4.03801e-13 0)
(1.5 4.18571e-13 0)
(1.5 3.33621e-13 0)
(1.5 3.24893e-13 0)
(1.5 3.85048e-13 0)
(1.5 4.23181e-13 0)
(1.5 3.53174e-13 0)
(1.5 2.21003e-13 0)
(1.5 1.49564e-13 0)
(1.5 2.18632e-13 0)
(1.5 1.8766e-13 0)
(1.5 7.04199e-14 0)
(1.5 4.7486e-14 0)
(1.5 7.81176e-16 0)
(1.5 8.20444e-14 0)
(1.5 1.82817e-13 0)
(1.5 2.75995e-13 0)
(1.5 2.59933e-13 0)
(1.5 2.46544e-13 0)
(1.5 1.62735e-13 0)
(1.5 7.56876e-14 0)
(1.5 1.62509e-13 0)
(1.5 1.47718e-13 0)
(1.5 1.29142e-13 0)
(1.5 1.83188e-13 0)
(1.5 2.72782e-13 0)
(1.5 2.82418e-13 0)
(1.5 3.3655e-13 0)
(1.5 3.38409e-13 0)
(1.5 3.57751e-13 0)
(1.5 3.98623e-13 0)
(1.5 3.31018e-13 0)
(1.5 1.03324e-13 0)
(1.5 -5.68419e-14 0)
(1.5 -2.57518e-13 0)
(1.5 -1.94874e-13 0)
(1.5 -1.23858e-13 0)
(1.5 -1.25294e-14 0)
(1.5 -1.67535e-14 0)
(1.5 2.42709e-16 0)
(1.5 1.0614e-14 0)
(1.5 5.24132e-15 0)
(1.5 -3.72236e-14 0)
(1.5 -1.76663e-13 0)
(1.5 -2.64897e-13 0)
(1.5 -2.08957e-13 0)
(1.5 -1.74392e-13 0)
(1.5 -1.51375e-13 0)
(1.5 -1.54173e-13 0)
(1.5 -1.52716e-13 0)
(1.5 -1.54053e-13 0)
(1.5 -1.40915e-13 0)
(1.5 -1.5897e-13 0)
(1.5 -1.35933e-13 0)
(1.5 -1.42407e-13 0)
(1.5 -2.26938e-13 0)
(1.5 -2.40853e-13 0)
(1.5 -1.9213e-13 0)
(1.5 -1.05168e-13 0)
(1.5 -7.37975e-14 0)
(1.5 -1.45937e-13 0)
(1.5 -1.71143e-13 0)
(1.5 -1.14252e-13 0)
(1.5 -5.13433e-14 0)
(1.5 -7.13285e-14 0)
(1.5 -5.77697e-14 0)
(1.5 -5.82314e-14 0)
(1.5 -8.64521e-14 0)
(1.5 -8.88799e-14 0)
(1.5 -7.15905e-14 0)
(1.5 -9.93601e-14 0)
(1.5 -8.90785e-14 0)
(1.5 -3.01191e-14 0)
(1.5 3.27463e-14 0)
(1.5 4.37568e-14 0)
(1.5 3.65488e-14 0)
(1.5 7.35075e-15 0)
(1.5 -1.72628e-14 0)
(1.5 1.85555e-14 0)
(1.5 -2.03329e-14 0)
(1.5 4.72874e-14 0)
(1.5 1.97483e-14 0)
(1.5 2.60438e-14 0)
(1.5 3.41164e-14 0)
(1.5 8.27791e-14 0)
(1.5 7.4258e-14 0)
(1.5 7.60119e-14 0)
(1.5 5.80723e-14 0)
(1.5 3.68956e-14 0)
(1.5 6.04078e-14 0)
(1.5 6.88821e-14 0)
(1.5 2.72732e-14 0)
(1.5 6.42343e-14 0)
(1.5 1.16228e-13 0)
(1.5 1.57205e-13 0)
(1.5 1.90766e-13 0)
(1.5 1.73654e-13 0)
(1.5 1.25897e-13 0)
(1.5 9.30552e-14 0)
(1.5 1.03534e-13 0)
(1.5 1.14893e-13 0)
(1.5 5.97721e-14 0)
(1.5 3.04622e-14 0)
(1.5 -3.77196e-14 0)
(1.5 -2.43276e-14 0)
(1.5 1.7063e-14 0)
(1.5 -3.58027e-14 0)
(1.5 -1.09831e-13 0)
(1.5 -1.40664e-13 0)
(1.5 -1.36714e-13 0)
(1.5 -1.33034e-13 0)
(1.5 -8.86991e-14 0)
(1.5 -1.22733e-13 0)
(1.5 -9.41951e-14 0)
(1.5 -1.68176e-14 0)
(1.5 -4.61404e-14 0)
(1.5 -2.03587e-14 0)
(1.5 -5.3109e-14 0)
(1.5 -1.39392e-13 0)
(1.5 -2.0927e-13 0)
(1.5 -2.03775e-13 0)
(1.5 -2.21741e-13 0)
(1.5 -2.60386e-13 0)
(1.5 -2.12382e-13 0)
(1.5 -1.89944e-13 0)
(1.5 -1.46027e-13 0)
(1.5 -1.17075e-13 0)
(1.5 -1.42728e-13 0)
(1.5 -1.42109e-13 0)
(1.5 -1.46775e-13 0)
(1.5 -1.76592e-13 0)
(1.5 -1.28302e-13 0)
(1.5 -7.35011e-14 0)
(1.5 -8.79595e-14 0)
(1.5 -7.93612e-14 0)
(1.5 9.40593e-15 0)
(1.5 1.00835e-13 0)
(1.5 -2.58884e-14 0)
(1.5 -1.29007e-13 0)
(1.5 -2.25637e-13 0)
(1.5 -3.37261e-13 0)
(1.5 -3.10298e-13 0)
(1.5 -1.82955e-13 0)
(1.5 -4.94431e-14 0)
(1.5 5.85292e-14 0)
(1.5 3.02219e-14 0)
(1.5 -6.27704e-14 0)
(1.5 -5.66898e-14 0)
(1.5 -7.7663e-14 0)
(1.5 -5.30354e-14 0)
(1.5 7.05943e-15 0)
(1.5 9.8458e-14 0)
(1.5 1.58101e-13 0)
(1.5 1.38784e-13 0)
(1.5 1.46021e-13 0)
(1.5 1.68456e-13 0)
(1.5 1.39362e-13 0)
(1.5 8.90045e-14 0)
(1.5 7.34907e-14 0)
(1.5 7.78469e-14 0)
(1.5 -9.98737e-15 0)
(1.5 -2.99915e-15 0)
(1.5 5.74778e-14 0)
(1.5 4.82369e-14 0)
(1.5 -4.79393e-14 0)
(1.5 -9.24125e-14 0)
(1.5 -8.61234e-14 0)
(1.5 -4.44052e-14 0)
(1.5 -9.03025e-14 0)
(1.5 -2.61605e-13 0)
(1.5 -3.27076e-13 0)
(1.5 -3.57317e-13 0)
(1.5 -3.59971e-13 0)
(1.5 -2.67452e-13 0)
(1.5 -1.52777e-13 0)
(1.5 -8.03301e-14 0)
(1.5 -4.15448e-14 0)
(1.5 1.14003e-14 0)
(1.5 5.92824e-14 0)
(1.5 2.24369e-13 0)
(1.5 2.90095e-13 0)
(1.5 2.73051e-13 0)
(1.5 3.48434e-13 0)
(1.5 3.53808e-13 0)
(1.5 3.43661e-13 0)
(1.5 1.84411e-13 0)
(1.5 8.46563e-14 0)
(1.5 6.76713e-14 0)
(1.5 9.44312e-14 0)
(1.5 8.58463e-14 0)
(1.5 2.89127e-14 0)
(1.5 2.43683e-14 0)
(1.5 1.23097e-13 0)
(1.5 2.25141e-13 0)
(1.5 2.91499e-13 0)
(1.5 2.01374e-13 0)
(1.5 3.45395e-14 0)
(1.5 3.76946e-14 0)
(1.5 7.79606e-14 0)
(1.5 2.74326e-13 0)
(1.5 4.46336e-13 0)
(1.5 4.50507e-13 0)
(1.5 3.11901e-13 0)
(1.5 3.37672e-13 0)
(1.5 3.72802e-13 0)
(1.5 3.60373e-13 0)
(1.5 3.67055e-13 0)
(1.5 2.96407e-13 0)
(1.5 1.57842e-13 0)
(1.5 1.98351e-13 0)
(1.5 1.98694e-13 0)
(1.5 2.08243e-13 0)
(1.5 1.13773e-13 0)
(1.5 4.7425e-14 0)
(1.5 1.03342e-13 0)
(1.5 1.24184e-13 0)
(1.5 1.51568e-13 0)
(1.5 1.07272e-13 0)
(1.5 7.66027e-14 0)
(1.5 9.2427e-14 0)
(1.5 1.08139e-13 0)
(1.5 2.24079e-13 0)
(1.5 2.192e-13 0)
(1.5 2.00535e-13 0)
(1.5 2.1444e-13 0)
(1.5 3.10025e-13 0)
(1.5 3.44727e-13 0)
(1.5 3.37022e-13 0)
(1.5 2.83067e-13 0)
(1.5 3.2948e-13 0)
(1.5 3.6693e-13 0)
(1.5 3.21959e-13 0)
(1.5 1.61107e-13 0)
(1.5 -1.53563e-14 0)
(1.5 -1.92802e-13 0)
(1.5 -2.25318e-13 0)
(1.5 -1.88421e-13 0)
(1.5 1.15622e-14 0)
(1.5 -5.4713e-15 0)
(1.5 1.65241e-14 0)
(1.5 1.70922e-14 0)
(1.5 -6.85207e-14 0)
(1.5 -1.61227e-13 0)
(1.5 -2.15564e-13 0)
(1.5 -2.72897e-13 0)
(1.5 -2.10083e-13 0)
(1.5 -1.87229e-13 0)
(1.5 -1.36561e-13 0)
(1.5 -1.98728e-13 0)
(1.5 -1.8659e-13 0)
(1.5 -9.84699e-14 0)
(1.5 -1.17903e-13 0)
(1.5 -1.60649e-13 0)
(1.5 -1.2746e-13 0)
(1.5 -4.78763e-14 0)
(1.5 -1.35377e-13 0)
(1.5 -1.82954e-13 0)
(1.5 -1.4749e-13 0)
(1.5 -1.21568e-13 0)
(1.5 -1.04131e-13 0)
(1.5 -1.32898e-13 0)
(1.5 -1.77197e-13 0)
(1.5 -1.17435e-13 0)
(1.5 -3.58393e-14 0)
(1.5 -6.5068e-14 0)
(1.5 -3.56738e-14 0)
(1.5 -1.08389e-13 0)
(1.5 -1.41757e-13 0)
(1.5 -1.08861e-13 0)
(1.5 -7.58026e-14 0)
(1.5 -1.32821e-13 0)
(1.5 -1.14199e-13 0)
(1.5 -4.23132e-14 0)
(1.5 2.51428e-14 0)
(1.5 5.80974e-14 0)
(1.5 1.04611e-13 0)
(1.5 7.77018e-14 0)
(1.5 5.77187e-14 0)
(1.5 4.74331e-14 0)
(1.5 5.97589e-14 0)
(1.5 2.00588e-14 0)
(1.5 6.63667e-17 0)
(1.5 6.07581e-14 0)
(1.5 6.80419e-14 0)
(1.5 3.25177e-14 0)
(1.5 2.95685e-14 0)
(1.5 2.27762e-14 0)
(1.5 5.11604e-14 0)
(1.5 3.67928e-14 0)
(1.5 6.30182e-15 0)
(1.5 3.92011e-14 0)
(1.5 4.83979e-15 0)
(1.5 6.9419e-14 0)
(1.5 1.16124e-13 0)
(1.5 1.78514e-13 0)
(1.5 1.18819e-13 0)
(1.5 1.14686e-13 0)
(1.5 1.09725e-13 0)
(1.5 9.62766e-14 0)
(1.5 1.48432e-13 0)
(1.5 1.29099e-13 0)
(1.5 5.15993e-14 0)
(1.5 2.7015e-15 0)
(1.5 -1.37544e-14 0)
(1.5 2.94568e-14 0)
(1.5 1.1323e-14 0)
(1.5 -6.67979e-14 0)
(1.5 -1.2231e-13 0)
(1.5 -9.23645e-14 0)
(1.5 -9.07132e-14 0)
(1.5 -1.36037e-13 0)
(1.5 -1.68864e-13 0)
(1.5 -1.64194e-13 0)
(1.5 -1.82498e-13 0)
(1.5 -1.34808e-13 0)
(1.5 -1.97622e-13 0)
(1.5 -1.60092e-13 0)
(1.5 -1.75234e-13 0)
(1.5 -2.22669e-13 0)
(1.5 -2.66836e-13 0)
(1.5 -2.36177e-13 0)
(1.5 -1.83433e-13 0)
(1.5 -1.36704e-13 0)
(1.5 -2.03423e-13 0)
(1.5 -2.30268e-13 0)
(1.5 -2.9371e-13 0)
(1.5 -2.68585e-13 0)
(1.5 -2.17214e-13 0)
(1.5 -1.00431e-13 0)
(1.5 -7.12011e-14 0)
(1.5 -6.34922e-14 0)
(1.5 -5.22561e-14 0)
(1.5 -9.05133e-14 0)
(1.5 -1.17968e-13 0)
(1.5 -3.47941e-14 0)
(1.5 3.65238e-14 0)
(1.5 8.59527e-14 0)
(1.5 3.38827e-14 0)
(1.5 -8.47948e-14 0)
(1.5 -2.01295e-13 0)
(1.5 -3.18728e-13 0)
(1.5 -3.9951e-13 0)
(1.5 -2.29947e-13 0)
(1.5 -7.77424e-14 0)
(1.5 2.61116e-14 0)
(1.5 1.0117e-14 0)
(1.5 -2.75583e-14 0)
(1.5 3.39376e-14 0)
(1.5 5.72332e-14 0)
(1.5 7.91142e-14 0)
(1.5 4.1104e-14 0)
(1.5 1.15998e-13 0)
(1.5 2.10471e-13 0)
(1.5 2.02008e-13 0)
(1.5 2.02126e-13 0)
(1.5 1.6222e-13 0)
(1.5 1.05265e-13 0)
(1.5 1.10243e-13 0)
(1.5 7.68125e-14 0)
(1.5 1.6246e-14 0)
(1.5 3.40951e-14 0)
(1.5 2.99911e-14 0)
(1.5 -2.69176e-14 0)
(1.5 -7.72943e-14 0)
(1.5 -5.19794e-14 0)
(1.5 -1.31064e-14 0)
(1.5 2.8387e-15 0)
(1.5 3.9613e-15 0)
(1.5 -1.91628e-13 0)
(1.5 -5.28071e-13 0)
(1.5 -5.98451e-13 0)
(1.5 -5.563e-13 0)
(1.5 -4.81288e-13 0)
(1.5 -3.59259e-13 0)
(1.5 -3.07511e-13 0)
(1.5 -2.47294e-13 0)
(1.5 -1.01711e-13 0)
(1.5 7.70594e-14 0)
(1.5 2.41223e-13 0)
(1.5 4.97056e-13 0)
(1.5 4.97612e-13 0)
(1.5 4.31106e-13 0)
(1.5 4.38516e-13 0)
(1.5 3.6812e-13 0)
(1.5 3.21459e-13 0)
(1.5 1.89941e-13 0)
(1.5 1.23237e-13 0)
(1.5 1.64884e-13 0)
(1.5 1.24682e-13 0)
(1.5 1.02723e-13 0)
(1.5 -9.67499e-15 0)
(1.5 -3.03084e-14 0)
(1.5 1.76389e-13 0)
(1.5 2.14397e-13 0)
(1.5 2.12235e-13 0)
(1.5 1.31279e-13 0)
(1.5 -3.83737e-14 0)
(1.5 -4.96652e-14 0)
(1.5 1.15561e-13 0)
(1.5 3.68268e-13 0)
(1.5 4.75085e-13 0)
(1.5 4.79779e-13 0)
(1.5 4.28648e-13 0)
(1.5 3.30657e-13 0)
(1.5 3.97132e-13 0)
(1.5 4.2963e-13 0)
(1.5 4.49531e-13 0)
(1.5 3.74682e-13 0)
(1.5 2.80662e-13 0)
(1.5 1.92921e-13 0)
(1.5 1.96372e-13 0)
(1.5 2.20606e-13 0)
(1.5 1.35705e-13 0)
(1.5 6.33919e-14 0)
(1.5 1.32121e-13 0)
(1.5 9.97853e-14 0)
(1.5 8.30483e-14 0)
(1.5 9.61671e-14 0)
(1.5 2.43e-14 0)
(1.5 2.677e-14 0)
(1.5 8.25486e-14 0)
(1.5 1.54264e-13 0)
(1.5 2.07651e-13 0)
(1.5 2.81452e-13 0)
(1.5 3.98102e-13 0)
(1.5 4.06344e-13 0)
(1.5 4.06474e-13 0)
(1.5 3.62578e-13 0)
(1.5 2.80146e-13 0)
(1.5 3.91591e-13 0)
(1.5 4.11402e-13 0)
(1.5 3.5168e-13 0)
(1.5 2.42752e-13 0)
(1.5 3.61953e-14 0)
(1.5 -1.90251e-13 0)
(1.5 -2.61071e-13 0)
(1.5 -1.85244e-13 0)
(1.5 -4.57634e-15 0)
(1.5 7.26848e-16 0)
(1.5 -1.95674e-14 0)
(1.5 -5.46322e-14 0)
(1.5 -1.37527e-13 0)
(1.5 -1.38888e-13 0)
(1.5 -1.62182e-13 0)
(1.5 -1.83264e-13 0)
(1.5 -2.02342e-13 0)
(1.5 -1.78789e-13 0)
(1.5 -1.59757e-13 0)
(1.5 -1.28982e-13 0)
(1.5 -9.17949e-14 0)
(1.5 -5.46829e-14 0)
(1.5 -1.12172e-13 0)
(1.5 -1.32063e-13 0)
(1.5 -6.50908e-14 0)
(1.5 -1.50607e-14 0)
(1.5 -3.41373e-14 0)
(1.5 -5.57295e-14 0)
(1.5 -8.32634e-14 0)
(1.5 -2.72199e-14 0)
(1.5 1.21429e-14 0)
(1.5 1.6083e-14 0)
(1.5 -4.32133e-14 0)
(1.5 -6.61378e-14 0)
(1.5 -2.90375e-14 0)
(1.5 -1.72073e-14 0)
(1.5 -1.27505e-14 0)
(1.5 -9.25531e-14 0)
(1.5 -9.6966e-14 0)
(1.5 -9.78427e-14 0)
(1.5 -7.99019e-14 0)
(1.5 -1.01075e-13 0)
(1.5 -1.02828e-14 0)
(1.5 6.5073e-14 0)
(1.5 1.04196e-13 0)
(1.5 1.3156e-13 0)
(1.5 1.43423e-13 0)
(1.5 1.35584e-13 0)
(1.5 1.27937e-13 0)
(1.5 1.61669e-13 0)
(1.5 1.66525e-13 0)
(1.5 8.78075e-14 0)
(1.5 5.785e-14 0)
(1.5 6.96104e-14 0)
(1.5 6.31352e-14 0)
(1.5 3.40266e-14 0)
(1.5 8.20402e-14 0)
(1.5 1.13746e-13 0)
(1.5 1.37935e-13 0)
(1.5 1.36141e-13 0)
(1.5 1.01809e-13 0)
(1.5 1.04648e-13 0)
(1.5 8.00959e-14 0)
(1.5 1.36202e-13 0)
(1.5 1.42321e-13 0)
(1.5 1.77217e-13 0)
(1.5 1.39072e-13 0)
(1.5 1.5334e-13 0)
(1.5 1.86683e-13 0)
(1.5 2.05432e-13 0)
(1.5 2.10371e-13 0)
(1.5 1.70824e-13 0)
(1.5 1.27691e-13 0)
(1.5 7.17582e-14 0)
(1.5 5.08525e-14 0)
(1.5 2.05899e-14 0)
(1.5 -8.20724e-14 0)
(1.5 -8.82047e-14 0)
(1.5 -6.85369e-14 0)
(1.5 -5.83543e-14 0)
(1.5 -8.54127e-14 0)
(1.5 -9.17289e-14 0)
(1.5 -1.37444e-13 0)
(1.5 -7.91081e-14 0)
(1.5 -1.08366e-13 0)
(1.5 -1.49336e-13 0)
(1.5 -1.63095e-13 0)
(1.5 -1.1133e-13 0)
(1.5 -1.38854e-13 0)
(1.5 -1.80308e-13 0)
(1.5 -1.91154e-13 0)
(1.5 -1.76352e-13 0)
(1.5 -1.87304e-13 0)
(1.5 -1.97555e-13 0)
(1.5 -2.25621e-13 0)
(1.5 -2.80545e-13 0)
(1.5 -3.43748e-13 0)
(1.5 -3.50309e-13 0)
(1.5 -1.44537e-13 0)
(1.5 1.91025e-14 0)
(1.5 1.12744e-13 0)
(1.5 1.93196e-13 0)
(1.5 1.75581e-13 0)
(1.5 9.51563e-14 0)
(1.5 2.1673e-14 0)
(1.5 3.15991e-14 0)
(1.5 3.36384e-14 0)
(1.5 -1.53975e-14 0)
(1.5 -2.67529e-14 0)
(1.5 -8.0217e-14 0)
(1.5 -1.11962e-13 0)
(1.5 -1.79953e-13 0)
(1.5 -2.80162e-13 0)
(1.5 -2.12576e-13 0)
(1.5 -1.33981e-14 0)
(1.5 6.96293e-14 0)
(1.5 1.00767e-13 0)
(1.5 1.10844e-13 0)
(1.5 1.48513e-13 0)
(1.5 1.42788e-13 0)
(1.5 5.96636e-14 0)
(1.5 9.18543e-15 0)
(1.5 5.39284e-14 0)
(1.5 1.0907e-13 0)
(1.5 1.83309e-13 0)
(1.5 1.32135e-13 0)
(1.5 1.12413e-13 0)
(1.5 7.5706e-14 0)
(1.5 6.88679e-14 0)
(1.5 5.39139e-14 0)
(1.5 4.19197e-14 0)
(1.5 1.41321e-13 0)
(1.5 1.70078e-13 0)
(1.5 7.04656e-14 0)
(1.5 -4.59189e-14 0)
(1.5 1.91847e-15 0)
(1.5 8.39973e-14 0)
(1.5 8.96447e-14 0)
(1.5 -1.41077e-14 0)
(1.5 -2.37304e-13 0)
(1.5 -5.29902e-13 0)
(1.5 -6.06671e-13 0)
(1.5 -5.85035e-13 0)
(1.5 -4.82417e-13 0)
(1.5 -3.51981e-13 0)
(1.5 -2.4479e-13 0)
(1.5 -1.11732e-13 0)
(1.5 2.96858e-14 0)
(1.5 1.57459e-13 0)
(1.5 3.31535e-13 0)
(1.5 6.13846e-13 0)
(1.5 6.98129e-13 0)
(1.5 6.28981e-13 0)
(1.5 4.42839e-13 0)
(1.5 3.20202e-13 0)
(1.5 2.71904e-13 0)
(1.5 2.90424e-13 0)
(1.5 3.04904e-13 0)
(1.5 2.37364e-13 0)
(1.5 1.30804e-13 0)
(1.5 3.2472e-14 0)
(1.5 6.23485e-14 0)
(1.5 8.26926e-14 0)
(1.5 2.22223e-13 0)
(1.5 1.79848e-13 0)
(1.5 2.44937e-13 0)
(1.5 2.73443e-13 0)
(1.5 2.40723e-13 0)
(1.5 2.20449e-13 0)
(1.5 3.11491e-13 0)
(1.5 4.12527e-13 0)
(1.5 4.17095e-13 0)
(1.5 4.65465e-13 0)
(1.5 5.3254e-13 0)
(1.5 4.53864e-13 0)
(1.5 5.06156e-13 0)
(1.5 5.55817e-13 0)
(1.5 5.83882e-13 0)
(1.5 5.06821e-13 0)
(1.5 5.13294e-13 0)
(1.5 3.41135e-13 0)
(1.5 3.27212e-13 0)
(1.5 2.84022e-13 0)
(1.5 2.46178e-13 0)
(1.5 1.91907e-13 0)
(1.5 2.59044e-13 0)
(1.5 3.51269e-13 0)
(1.5 3.43009e-13 0)
(1.5 3.31383e-13 0)
(1.5 2.76927e-13 0)
(1.5 2.1482e-13 0)
(1.5 1.95147e-13 0)
(1.5 2.0417e-13 0)
(1.5 2.70577e-13 0)
(1.5 3.24737e-13 0)
(1.5 4.51772e-13 0)
(1.5 4.21364e-13 0)
(1.5 4.0553e-13 0)
(1.5 4.00012e-13 0)
(1.5 4.13667e-13 0)
(1.5 5.31048e-13 0)
(1.5 4.52039e-13 0)
(1.5 2.81803e-13 0)
(1.5 9.29543e-14 0)
(1.5 -9.789e-14 0)
(1.5 -1.6905e-13 0)
(1.5 -1.87368e-13 0)
(1.5 -1.45117e-13 0)
(1.5 -4.23244e-15 0)
(1.5 2.33468e-14 0)
(1.5 -3.69431e-14 0)
(1.5 -2.3118e-15 0)
(1.5 -2.88344e-14 0)
(1.5 -5.47555e-14 0)
(1.5 -9.80592e-14 0)
(1.5 -1.77977e-13 0)
(1.5 -2.44084e-13 0)
(1.5 -2.44364e-13 0)
(1.5 -2.40853e-13 0)
(1.5 -1.79478e-13 0)
(1.5 -1.3314e-13 0)
(1.5 -1.05233e-13 0)
(1.5 -9.23648e-14 0)
(1.5 -1.39615e-13 0)
(1.5 -9.44052e-14 0)
(1.5 -8.57543e-14 0)
(1.5 -5.06449e-14 0)
(1.5 -5.81202e-15 0)
(1.5 -9.65729e-14 0)
(1.5 -7.58961e-14 0)
(1.5 -5.14652e-14 0)
(1.5 -1.22556e-14 0)
(1.5 -2.24594e-14 0)
(1.5 -5.40087e-14 0)
(1.5 -5.03188e-14 0)
(1.5 -6.17138e-14 0)
(1.5 -1.68847e-14 0)
(1.5 -3.66804e-14 0)
(1.5 -6.2921e-14 0)
(1.5 -1.56936e-13 0)
(1.5 -1.57131e-13 0)
(1.5 -1.10662e-13 0)
(1.5 -2.94945e-14 0)
(1.5 4.86507e-14 0)
(1.5 5.73126e-14 0)
(1.5 6.01539e-14 0)
(1.5 1.33495e-15 0)
(1.5 6.97747e-14 0)
(1.5 7.77548e-14 0)
(1.5 1.10096e-13 0)
(1.5 1.20424e-13 0)
(1.5 8.43823e-14 0)
(1.5 6.14933e-14 0)
(1.5 -3.97058e-14 0)
(1.5 -5.15001e-14 0)
(1.5 -2.51375e-14 0)
(1.5 2.06655e-14 0)
(1.5 4.53856e-14 0)
(1.5 8.65999e-14 0)
(1.5 6.44754e-14 0)
(1.5 5.48616e-14 0)
(1.5 6.8852e-14 0)
(1.5 7.07175e-14 0)
(1.5 8.4051e-14 0)
(1.5 1.17592e-13 0)
(1.5 1.01073e-13 0)
(1.5 1.26507e-13 0)
(1.5 1.19311e-13 0)
(1.5 1.72792e-13 0)
(1.5 1.49702e-13 0)
(1.5 1.38239e-13 0)
(1.5 8.03622e-14 0)
(1.5 5.33523e-14 0)
(1.5 7.881e-15 0)
(1.5 -2.57515e-14 0)
(1.5 -1.00532e-13 0)
(1.5 -1.55963e-13 0)
(1.5 -8.63328e-14 0)
(1.5 -5.96288e-14 0)
(1.5 -9.0278e-14 0)
(1.5 -5.99877e-14 0)
(1.5 -3.95579e-14 0)
(1.5 -2.55203e-14 0)
(1.5 -2.84298e-14 0)
(1.5 -8.02559e-14 0)
(1.5 -1.84778e-13 0)
(1.5 -1.29977e-13 0)
(1.5 -6.59099e-14 0)
(1.5 -4.88317e-14 0)
(1.5 -5.44291e-14 0)
(1.5 -1.34175e-13 0)
(1.5 -2.15294e-13 0)
(1.5 -2.78268e-13 0)
(1.5 -3.30043e-13 0)
(1.5 -2.72435e-13 0)
(1.5 -3.24572e-13 0)
(1.5 -3.34903e-13 0)
(1.5 -2.96643e-13 0)
(1.5 -1.09223e-13 0)
(1.5 7.57326e-15 0)
(1.5 1.07542e-13 0)
(1.5 1.56101e-13 0)
(1.5 1.45176e-13 0)
(1.5 1.05996e-13 0)
(1.5 4.2188e-14 0)
(1.5 -3.7467e-14 0)
(1.5 -6.22729e-14 0)
(1.5 -1.2602e-13 0)
(1.5 -1.1945e-13 0)
(1.5 -1.21789e-13 0)
(1.5 -1.42904e-13 0)
(1.5 -2.08379e-13 0)
(1.5 -1.99897e-13 0)
(1.5 -1.72119e-13 0)
(1.5 -5.44729e-14 0)
(1.5 -1.74793e-14 0)
(1.5 7.44139e-14 0)
(1.5 1.59787e-13 0)
(1.5 1.21149e-13 0)
(1.5 1.149e-13 0)
(1.5 5.71728e-14 0)
(1.5 2.90732e-14 0)
(1.5 -6.66264e-15 0)
(1.5 -2.45111e-14 0)
(1.5 4.72603e-14 0)
(1.5 2.33409e-14 0)
(1.5 -9.80519e-14 0)
(1.5 -1.28274e-13 0)
(1.5 -1.53584e-13 0)
(1.5 -1.14469e-13 0)
(1.5 1.3409e-14 0)
(1.5 8.46346e-14 0)
(1.5 1.50561e-13 0)
(1.5 9.97374e-14 0)
(1.5 4.11897e-14 0)
(1.5 -2.81919e-14 0)
(1.5 -2.42617e-14 0)
(1.5 -1.51792e-14 0)
(1.5 -1.65876e-13 0)
(1.5 -2.97161e-13 0)
(1.5 -4.82646e-13 0)
(1.5 -5.2206e-13 0)
(1.5 -5.09942e-13 0)
(1.5 -3.43698e-13 0)
(1.5 -2.52101e-13 0)
(1.5 -1.74324e-13 0)
(1.5 -9.1236e-15 0)
(1.5 1.07246e-13 0)
(1.5 2.18697e-13 0)
(1.5 3.59513e-13 0)
(1.5 5.17802e-13 0)
(1.5 6.37762e-13 0)
(1.5 5.95032e-13 0)
(1.5 3.72648e-13 0)
(1.5 2.22484e-13 0)
(1.5 6.11766e-14 0)
(1.5 2.20621e-13 0)
(1.5 2.89815e-13 0)
(1.5 1.9043e-13 0)
(1.5 7.24602e-14 0)
(1.5 -1.1965e-13 0)
(1.5 -4.86041e-14 0)
(1.5 2.83243e-14 0)
(1.5 5.96242e-14 0)
(1.5 9.25128e-14 0)
(1.5 1.33547e-13 0)
(1.5 2.36136e-13 0)
(1.5 3.38893e-13 0)
(1.5 3.59398e-13 0)
(1.5 3.09684e-13 0)
(1.5 2.6475e-13 0)
(1.5 2.91925e-13 0)
(1.5 4.0296e-13 0)
(1.5 4.68855e-13 0)
(1.5 4.712e-13 0)
(1.5 4.67477e-13 0)
(1.5 5.03933e-13 0)
(1.5 5.23322e-13 0)
(1.5 5.13179e-13 0)
(1.5 5.00084e-13 0)
(1.5 3.73864e-13 0)
(1.5 3.37912e-13 0)
(1.5 3.32345e-13 0)
(1.5 3.06978e-13 0)
(1.5 2.93675e-13 0)
(1.5 3.04378e-13 0)
(1.5 3.67802e-13 0)
(1.5 3.06419e-13 0)
(1.5 2.59811e-13 0)
(1.5 2.1172e-13 0)
(1.5 1.86977e-13 0)
(1.5 1.09336e-13 0)
(1.5 1.0204e-13 0)
(1.5 1.68678e-13 0)
(1.5 2.46009e-13 0)
(1.5 3.48654e-13 0)
(1.5 3.34546e-13 0)
(1.5 3.12051e-13 0)
(1.5 2.66279e-13 0)
(1.5 3.18393e-13 0)
(1.5 3.96989e-13 0)
(1.5 3.18743e-13 0)
(1.5 1.48976e-13 0)
(1.5 3.45597e-14 0)
(1.5 -3.53268e-14 0)
(1.5 4.27107e-14 0)
(1.5 2.80692e-14 0)
(1.5 6.03389e-14 0)
(1.5 2.58551e-14 0)
(1.5 7.56117e-14 0)
(1.5 1.22541e-13 0)
(1.5 1.29001e-13 0)
(1.5 7.42045e-14 0)
(1.5 -3.62052e-14 0)
(1.5 -1.36747e-13 0)
(1.5 -1.86858e-13 0)
(1.5 -1.5325e-13 0)
(1.5 -1.52325e-13 0)
(1.5 -1.35994e-13 0)
(1.5 -1.22148e-13 0)
(1.5 -8.90773e-14 0)
(1.5 -8.62566e-14 0)
(1.5 -6.9584e-14 0)
(1.5 -1.13401e-13 0)
(1.5 -1.201e-13 0)
(1.5 -1.54024e-13 0)
(1.5 -3.18093e-14 0)
(1.5 4.99517e-14 0)
(1.5 2.67709e-14 0)
(1.5 -3.59e-15 0)
(1.5 -6.94492e-14 0)
(1.5 -6.84367e-14 0)
(1.5 -8.51886e-15 0)
(1.5 -7.77984e-17 0)
(1.5 -3.79063e-14 0)
(1.5 -4.62391e-14 0)
(1.5 -2.617e-14 0)
(1.5 3.78842e-15 0)
(1.5 -8.45619e-14 0)
(1.5 -1.73912e-13 0)
(1.5 -2.0708e-13 0)
(1.5 -1.02104e-13 0)
(1.5 -1.69906e-14 0)
(1.5 1.16729e-14 0)
(1.5 2.06612e-14 0)
(1.5 4.68373e-16 0)
(1.5 -5.95035e-14 0)
(1.5 1.87905e-14 0)
(1.5 1.02313e-13 0)
(1.5 6.10762e-14 0)
(1.5 1.10662e-13 0)
(1.5 3.39672e-14 0)
(1.5 7.28171e-14 0)
(1.5 -5.0153e-14 0)
(1.5 -9.57573e-14 0)
(1.5 -5.1314e-14 0)
(1.5 -4.66633e-14 0)
(1.5 -5.47576e-15 0)
(1.5 1.83296e-15 0)
(1.5 -3.85442e-14 0)
(1.5 -3.16552e-14 0)
(1.5 -7.72023e-15 0)
(1.5 5.92621e-14 0)
(1.5 6.99178e-14 0)
(1.5 8.21667e-14 0)
(1.5 8.37714e-14 0)
(1.5 1.03148e-13 0)
(1.5 8.60843e-14 0)
(1.5 1.10894e-13 0)
(1.5 7.78539e-14 0)
(1.5 4.49295e-14 0)
(1.5 2.03133e-14 0)
(1.5 5.48487e-14 0)
(1.5 2.41138e-15 0)
(1.5 -9.22111e-14 0)
(1.5 -1.31895e-13 0)
(1.5 -1.15857e-13 0)
(1.5 -2.03421e-14 0)
(1.5 -3.93479e-14 0)
(1.5 -4.01116e-14 0)
(1.5 8.55086e-15 0)
(1.5 6.07775e-14 0)
(1.5 1.04033e-13 0)
(1.5 -1.10748e-14 0)
(1.5 -1.07307e-13 0)
(1.5 -2.0659e-13 0)
(1.5 -1.67907e-13 0)
(1.5 -1.18185e-13 0)
(1.5 -5.79227e-14 0)
(1.5 -2.36417e-14 0)
(1.5 -1.19022e-13 0)
(1.5 -2.36741e-13 0)
(1.5 -3.02877e-13 0)
(1.5 -3.36461e-13 0)
(1.5 -3.09798e-13 0)
(1.5 -3.15442e-13 0)
(1.5 -3.12931e-13 0)
(1.5 -1.93042e-13 0)
(1.5 -9.9795e-14 0)
(1.5 -3.6214e-14 0)
(1.5 1.84352e-14 0)
(1.5 2.59608e-14 0)
(1.5 6.94913e-14 0)
(1.5 8.50563e-14 0)
(1.5 1.59771e-14 0)
(1.5 -7.65047e-14 0)
(1.5 -1.07761e-13 0)
(1.5 -1.26851e-13 0)
(1.5 -1.01974e-13 0)
(1.5 -1.07508e-13 0)
(1.5 -1.59703e-13 0)
(1.5 -1.70901e-13 0)
(1.5 -1.42898e-13 0)
(1.5 -1.63669e-13 0)
(1.5 -1.88753e-13 0)
(1.5 -2.05395e-13 0)
(1.5 -1.12654e-13 0)
(1.5 8.35444e-14 0)
(1.5 1.07605e-13 0)
(1.5 9.47963e-14 0)
(1.5 8.50645e-14 0)
(1.5 8.70384e-14 0)
(1.5 1.58723e-14 0)
(1.5 -4.58261e-14 0)
(1.5 -1.3161e-13 0)
(1.5 -1.09419e-13 0)
(1.5 -1.80903e-13 0)
(1.5 -1.86718e-13 0)
(1.5 -2.07583e-13 0)
(1.5 -1.5933e-13 0)
(1.5 -3.54776e-14 0)
(1.5 3.36565e-14 0)
(1.5 4.94326e-15 0)
(1.5 -1.27135e-13 0)
(1.5 -1.6616e-13 0)
(1.5 -1.69561e-13 0)
(1.5 -1.66644e-13 0)
(1.5 -1.21383e-13 0)
(1.5 -2.14232e-13 0)
(1.5 -2.22923e-13 0)
(1.5 -3.19311e-13 0)
(1.5 -3.62091e-13 0)
(1.5 -4.11924e-13 0)
(1.5 -2.47219e-13 0)
(1.5 -1.22635e-13 0)
(1.5 -8.99012e-14 0)
(1.5 9.39131e-15 0)
(1.5 5.94743e-14 0)
(1.5 1.92735e-13 0)
(1.5 3.15055e-13 0)
(1.5 3.81276e-13 0)
(1.5 4.70647e-13 0)
(1.5 4.93763e-13 0)
(1.5 3.56424e-13 0)
(1.5 2.31297e-13 0)
(1.5 1.09952e-13 0)
(1.5 2.49504e-13 0)
(1.5 2.35509e-13 0)
(1.5 1.87975e-13 0)
(1.5 1.33252e-13 0)
(1.5 -5.81921e-14 0)
(1.5 -5.32339e-14 0)
(1.5 4.53519e-14 0)
(1.5 6.94463e-14 0)
(1.5 9.69692e-14 0)
(1.5 8.0475e-14 0)
(1.5 1.88846e-13 0)
(1.5 2.8944e-13 0)
(1.5 3.20092e-13 0)
(1.5 2.59373e-13 0)
(1.5 2.08374e-13 0)
(1.5 2.7849e-13 0)
(1.5 4.61504e-13 0)
(1.5 4.81374e-13 0)
(1.5 4.46868e-13 0)
(1.5 4.05326e-13 0)
(1.5 4.55385e-13 0)
(1.5 4.46386e-13 0)
(1.5 5.12139e-13 0)
(1.5 4.7352e-13 0)
(1.5 4.28453e-13 0)
(1.5 4.21792e-13 0)
(1.5 4.54355e-13 0)
(1.5 4.16925e-13 0)
(1.5 3.32791e-13 0)
(1.5 3.52999e-13 0)
(1.5 2.92059e-13 0)
(1.5 2.03761e-13 0)
(1.5 2.22378e-13 0)
(1.5 1.74816e-13 0)
(1.5 7.83017e-14 0)
(1.5 -2.3162e-14 0)
(1.5 1.6097e-14 0)
(1.5 5.73203e-14 0)
(1.5 1.39981e-13 0)
(1.5 1.86064e-13 0)
(1.5 1.9012e-13 0)
(1.5 2.17773e-13 0)
(1.5 1.90919e-13 0)
(1.5 1.20202e-13 0)
(1.5 3.78095e-14 0)
(1.5 3.19653e-15 0)
(1.5 1.77117e-14 0)
(1.5 5.91939e-14 0)
(1.5 1.07242e-13 0)
(1.5 1.61046e-13 0)
(1.5 1.49746e-13 0)
(1.5 1.6776e-13 0)
(1.5 3.5802e-14 0)
(1.5 5.39238e-14 0)
(1.5 1.24229e-13 0)
(1.5 1.5742e-13 0)
(1.5 7.06194e-14 0)
(1.5 -5.20337e-14 0)
(1.5 -8.54531e-14 0)
(1.5 -4.73465e-14 0)
(1.5 -7.85582e-14 0)
(1.5 -1.15991e-13 0)
(1.5 -4.42097e-14 0)
(1.5 1.87619e-14 0)
(1.5 2.4118e-14 0)
(1.5 -2.15861e-14 0)
(1.5 -9.52549e-15 0)
(1.5 -4.64111e-14 0)
(1.5 -4.85626e-14 0)
(1.5 -1.4742e-13 0)
(1.5 -2.06055e-14 0)
(1.5 2.62669e-14 0)
(1.5 8.61709e-14 0)
(1.5 1.05115e-13 0)
(1.5 9.07739e-15 0)
(1.5 -4.81567e-14 0)
(1.5 1.6078e-14 0)
(1.5 4.35081e-14 0)
(1.5 2.72045e-14 0)
(1.5 -3.32466e-14 0)
(1.5 -3.13323e-14 0)
(1.5 4.75501e-14 0)
(1.5 7.04962e-15 0)
(1.5 -5.51892e-15 0)
(1.5 -4.40041e-14 0)
(1.5 -2.17844e-14 0)
(1.5 3.29528e-14 0)
(1.5 9.22138e-14 0)
(1.5 6.84588e-14 0)
(1.5 5.40895e-14 0)
(1.5 2.15628e-14 0)
(1.5 -1.3351e-14 0)
(1.5 7.15844e-14 0)
(1.5 5.38914e-14 0)
(1.5 9.31504e-14 0)
(1.5 8.36935e-14 0)
(1.5 4.07694e-14 0)
(1.5 -1.77649e-14 0)
(1.5 -6.20762e-14 0)
(1.5 -6.08293e-14 0)
(1.5 2.01267e-14 0)
(1.5 2.83876e-14 0)
(1.5 -3.75662e-14 0)
(1.5 -4.93498e-14 0)
(1.5 -3.95895e-14 0)
(1.5 -1.97955e-14 0)
(1.5 6.76906e-14 0)
(1.5 1.38495e-13 0)
(1.5 1.34102e-13 0)
(1.5 9.77746e-14 0)
(1.5 9.48174e-14 0)
(1.5 9.23927e-14 0)
(1.5 4.58317e-14 0)
(1.5 1.15532e-14 0)
(1.5 1.7905e-15 0)
(1.5 3.92317e-15 0)
(1.5 3.5407e-14 0)
(1.5 -2.72497e-14 0)
(1.5 -1.06932e-13 0)
(1.5 -1.12712e-13 0)
(1.5 -3.34829e-14 0)
(1.5 2.39492e-14 0)
(1.5 1.90816e-14 0)
(1.5 4.69165e-14 0)
(1.5 2.49114e-14 0)
(1.5 7.32098e-14 0)
(1.5 7.74009e-14 0)
(1.5 -3.88137e-14 0)
(1.5 -1.14546e-13 0)
(1.5 -1.8832e-13 0)
(1.5 -1.26157e-13 0)
(1.5 -1.01286e-13 0)
(1.5 -5.14108e-14 0)
(1.5 -2.5468e-14 0)
(1.5 -1.29385e-13 0)
(1.5 -2.34925e-13 0)
(1.5 -3.09319e-13 0)
(1.5 -3.09755e-13 0)
(1.5 -2.96025e-13 0)
(1.5 -2.56824e-13 0)
(1.5 -2.17043e-13 0)
(1.5 -1.7083e-13 0)
(1.5 -1.66436e-13 0)
(1.5 -1.51861e-13 0)
(1.5 -6.32841e-14 0)
(1.5 -1.11508e-14 0)
(1.5 6.56284e-14 0)
(1.5 6.79796e-14 0)
(1.5 2.20074e-14 0)
(1.5 -8.15005e-14 0)
(1.5 -1.10913e-13 0)
(1.5 -9.66322e-14 0)
(1.5 -1.49573e-13 0)
(1.5 -7.15978e-14 0)
(1.5 -5.72278e-14 0)
(1.5 3.53842e-14 0)
(1.5 1.44371e-16 0)
(1.5 -1.46318e-13 0)
(1.5 -2.17785e-13 0)
(1.5 -2.26776e-13 0)
(1.5 -1.29743e-13 0)
(1.5 -1.20397e-14 0)
(1.5 3.89697e-14 0)
(1.5 1.23836e-13 0)
(1.5 1.39038e-13 0)
(1.5 1.20479e-13 0)
(1.5 3.33208e-14 0)
(1.5 -1.46674e-14 0)
(1.5 -1.20448e-13 0)
(1.5 -9.59588e-14 0)
(1.5 -5.49494e-14 0)
(1.5 -6.96075e-14 0)
(1.5 -1.36586e-13 0)
(1.5 -1.55093e-13 0)
(1.5 -9.61834e-14 0)
(1.5 -6.40377e-14 0)
(1.5 -1.43055e-13 0)
(1.5 -2.58788e-13 0)
(1.5 -2.92247e-13 0)
(1.5 -2.54892e-13 0)
(1.5 -2.35911e-13 0)
(1.5 -1.67758e-13 0)
(1.5 -1.65755e-13 0)
(1.5 -8.3155e-14 0)
(1.5 -6.05209e-14 0)
(1.5 -1.27931e-13 0)
(1.5 -1.90925e-13 0)
(1.5 -2.05527e-13 0)
(1.5 -1.08706e-13 0)
(1.5 -1.91011e-14 0)
(1.5 2.91162e-14 0)
(1.5 5.17143e-14 0)
(1.5 1.65374e-13 0)
(1.5 2.92573e-13 0)
(1.5 2.67459e-13 0)
(1.5 2.80828e-13 0)
(1.5 3.30881e-13 0)
(1.5 3.21571e-13 0)
(1.5 2.85746e-13 0)
(1.5 3.02018e-13 0)
(1.5 3.35782e-13 0)
(1.5 3.35958e-13 0)
(1.5 2.7233e-13 0)
(1.5 1.8003e-13 0)
(1.5 1.0102e-13 0)
(1.5 4.57071e-14 0)
(1.5 3.57362e-14 0)
(1.5 6.23379e-14 0)
(1.5 7.9233e-14 0)
(1.5 8.81633e-14 0)
(1.5 2.19619e-13 0)
(1.5 3.31858e-13 0)
(1.5 3.25511e-13 0)
(1.5 3.00167e-13 0)
(1.5 2.31738e-13 0)
(1.5 2.9426e-13 0)
(1.5 4.57247e-13 0)
(1.5 5.69349e-13 0)
(1.5 6.00165e-13 0)
(1.5 5.23675e-13 0)
(1.5 4.88223e-13 0)
(1.5 5.00667e-13 0)
(1.5 6.34934e-13 0)
(1.5 6.18872e-13 0)
(1.5 6.48242e-13 0)
(1.5 6.27254e-13 0)
(1.5 5.92233e-13 0)
(1.5 5.99583e-13 0)
(1.5 5.3295e-13 0)
(1.5 4.59531e-13 0)
(1.5 3.42557e-13 0)
(1.5 2.92265e-13 0)
(1.5 3.4105e-13 0)
(1.5 2.44605e-13 0)
(1.5 3.74854e-14 0)
(1.5 -7.95227e-15 0)
(1.5 2.56057e-14 0)
(1.5 2.04167e-14 0)
(1.5 -1.22432e-14 0)
(1.5 -8.0183e-14 0)
(1.5 -1.57235e-14 0)
(1.5 8.24691e-14 0)
(1.5 6.11238e-14 0)
(1.5 -6.35589e-15 0)
(1.5 -1.01274e-13 0)
(1.5 -9.99853e-14 0)
(1.5 -2.36905e-15 0)
(1.5 1.20579e-13 0)
(1.5 2.31065e-13 0)
(1.5 2.70344e-13 0)
(1.5 3.04018e-13 0)
(1.5 2.57203e-13 0)
(1.5 1.09826e-14 0)
(1.5 -8.71299e-15 0)
(1.5 -2.23042e-14 0)
(1.5 7.60421e-14 0)
(1.5 -1.77592e-15 0)
(1.5 -1.04813e-13 0)
(1.5 -3.43629e-14 0)
(1.5 1.57291e-15 0)
(1.5 -8.95764e-14 0)
(1.5 -1.28176e-13 0)
(1.5 -2.54366e-14 0)
(1.5 8.80506e-14 0)
(1.5 9.37228e-14 0)
(1.5 6.56737e-14 0)
(1.5 5.02305e-15 0)
(1.5 -2.9668e-14 0)
(1.5 -5.72709e-14 0)
(1.5 -9.12953e-14 0)
(1.5 -5.91341e-14 0)
(1.5 -8.44166e-14 0)
(1.5 -1.35594e-14 0)
(1.5 2.6551e-14 0)
(1.5 2.6441e-14 0)
(1.5 1.16809e-14 0)
(1.5 -1.35051e-14 0)
(1.5 -5.15842e-15 0)
(1.5 2.20508e-14 0)
(1.5 -7.40031e-14 0)
(1.5 -3.84821e-14 0)
(1.5 2.75053e-14 0)
(1.5 4.89283e-14 0)
(1.5 5.13134e-14 0)
(1.5 8.47575e-14 0)
(1.5 2.79199e-14 0)
(1.5 -3.06603e-14 0)
(1.5 4.58952e-14 0)
(1.5 8.16083e-15 0)
(1.5 3.52702e-15 0)
(1.5 1.36044e-14 0)
(1.5 -2.96492e-14 0)
(1.5 3.83554e-15 0)
(1.5 1.07991e-14 0)
(1.5 -4.41824e-14 0)
(1.5 4.44893e-14 0)
(1.5 -3.27458e-14 0)
(1.5 -5.06131e-14 0)
(1.5 -1.91069e-14 0)
(1.5 -7.43978e-14 0)
(1.5 2.88107e-15 0)
(1.5 -1.98642e-14 0)
(1.5 -5.77182e-14 0)
(1.5 -2.42857e-14 0)
(1.5 -6.56523e-14 0)
(1.5 -5.04958e-14 0)
(1.5 8.81594e-14 0)
(1.5 1.5944e-13 0)
(1.5 1.63003e-13 0)
(1.5 8.45199e-14 0)
(1.5 8.57607e-14 0)
(1.5 1.9199e-14 0)
(1.5 -2.93343e-14 0)
(1.5 -8.61843e-14 0)
(1.5 -8.3747e-14 0)
(1.5 -1.18394e-13 0)
(1.5 -1.08357e-13 0)
(1.5 -1.31172e-13 0)
(1.5 -7.48641e-14 0)
(1.5 -4.56918e-14 0)
(1.5 3.0628e-14 0)
(1.5 -8.72558e-15 0)
(1.5 2.24579e-14 0)
(1.5 2.70237e-14 0)
(1.5 -8.74238e-14 0)
(1.5 -1.0175e-13 0)
(1.5 -1.13401e-13 0)
(1.5 -1.40508e-13 0)
(1.5 -2.08669e-13 0)
(1.5 -2.37583e-13 0)
(1.5 -1.40155e-13 0)
(1.5 -1.58163e-13 0)
(1.5 -1.0679e-13 0)
(1.5 -9.49745e-14 0)
(1.5 -2.511e-13 0)
(1.5 -3.31489e-13 0)
(1.5 -3.48076e-13 0)
(1.5 -2.72162e-13 0)
(1.5 -2.13766e-13 0)
(1.5 -1.89798e-13 0)
(1.5 -1.49894e-13 0)
(1.5 -1.55314e-13 0)
(1.5 -3.01224e-13 0)
(1.5 -3.02015e-13 0)
(1.5 -1.91645e-13 0)
(1.5 -1.20801e-13 0)
(1.5 -4.93257e-14 0)
(1.5 -1.45638e-13 0)
(1.5 -1.76231e-13 0)
(1.5 -1.76633e-13 0)
(1.5 -1.78669e-13 0)
(1.5 -1.69713e-13 0)
(1.5 -2.71984e-13 0)
(1.5 -1.53644e-13 0)
(1.5 -4.5521e-14 0)
(1.5 6.02047e-14 0)
(1.5 8.9623e-14 0)
(1.5 1.47867e-14 0)
(1.5 -1.00874e-13 0)
(1.5 -1.78782e-13 0)
(1.5 -9.3214e-14 0)
(1.5 -1.41737e-15 0)
(1.5 -2.75387e-14 0)
(1.5 6.12146e-14 0)
(1.5 1.18591e-13 0)
(1.5 9.34416e-14 0)
(1.5 4.03523e-14 0)
(1.5 4.84085e-14 0)
(1.5 4.79478e-14 0)
(1.5 -1.2972e-14 0)
(1.5 -6.47454e-14 0)
(1.5 -1.67419e-13 0)
(1.5 -2.57206e-13 0)
(1.5 -2.33215e-13 0)
(1.5 -2.13554e-13 0)
(1.5 -2.04859e-13 0)
(1.5 -1.79829e-13 0)
(1.5 -1.75211e-13 0)
(1.5 -1.09224e-13 0)
(1.5 -2.02345e-13 0)
(1.5 -2.12845e-13 0)
(1.5 -1.96204e-13 0)
(1.5 -1.22741e-13 0)
(1.5 -5.63092e-14 0)
(1.5 2.47717e-14 0)
(1.5 -2.63844e-14 0)
(1.5 -7.74089e-15 0)
(1.5 -1.24923e-13 0)
(1.5 -1.04318e-13 0)
(1.5 -3.47777e-14 0)
(1.5 -5.15136e-14 0)
(1.5 -3.04158e-14 0)
(1.5 5.51326e-14 0)
(1.5 1.93939e-13 0)
(1.5 2.3693e-13 0)
(1.5 1.91526e-13 0)
(1.5 1.38454e-13 0)
(1.5 1.5037e-13 0)
(1.5 1.66205e-13 0)
(1.5 2.99579e-13 0)
(1.5 2.75353e-13 0)
(1.5 3.48817e-13 0)
(1.5 3.02207e-13 0)
(1.5 1.93793e-13 0)
(1.5 1.66766e-13 0)
(1.5 7.1399e-14 0)
(1.5 -4.24736e-14 0)
(1.5 -7.62087e-14 0)
(1.5 2.2324e-14 0)
(1.5 9.84031e-14 0)
(1.5 2.75541e-13 0)
(1.5 3.71384e-13 0)
(1.5 3.31753e-13 0)
(1.5 3.21429e-13 0)
(1.5 2.58457e-13 0)
(1.5 2.68663e-13 0)
(1.5 3.49206e-13 0)
(1.5 5.2847e-13 0)
(1.5 6.5242e-13 0)
(1.5 6.57095e-13 0)
(1.5 6.04318e-13 0)
(1.5 6.99313e-13 0)
(1.5 8.68203e-13 0)
(1.5 8.4914e-13 0)
(1.5 8.40248e-13 0)
(1.5 7.59456e-13 0)
(1.5 6.76694e-13 0)
(1.5 6.28199e-13 0)
(1.5 6.18079e-13 0)
(1.5 4.74979e-13 0)
(1.5 3.64706e-13 0)
(1.5 3.76163e-13 0)
(1.5 3.54408e-13 0)
(1.5 2.05778e-13 0)
(1.5 2.97776e-14 0)
(1.5 6.14545e-14 0)
(1.5 -6.25216e-14 0)
(1.5 -3.77934e-14 0)
(1.5 -4.65741e-14 0)
(1.5 -1.93216e-13 0)
(1.5 -1.22302e-13 0)
(1.5 -4.9429e-14 0)
(1.5 -6.43424e-14 0)
(1.5 -3.56856e-14 0)
(1.5 4.65945e-14 0)
(1.5 9.36481e-14 0)
(1.5 1.25503e-13 0)
(1.5 3.01622e-13 0)
(1.5 4.54002e-13 0)
(1.5 5.05329e-13 0)
(1.5 5.31362e-13 0)
(1.5 4.65313e-13 0)
(1.5 -3.91877e-14 0)
(1.5 -1.36979e-13 0)
(1.5 -1.81106e-13 0)
(1.5 -6.55545e-14 0)
(1.5 3.99906e-15 0)
(1.5 -5.65568e-14 0)
(1.5 -4.90612e-14 0)
(1.5 -7.64464e-14 0)
(1.5 -9.85897e-14 0)
(1.5 -8.49555e-14 0)
(1.5 -4.77246e-14 0)
(1.5 2.29798e-14 0)
(1.5 1.1098e-13 0)
(1.5 9.29844e-14 0)
(1.5 -1.76444e-14 0)
(1.5 -5.29562e-14 0)
(1.5 -1.69885e-13 0)
(1.5 -1.66115e-13 0)
(1.5 -1.65823e-13 0)
(1.5 -1.82592e-13 0)
(1.5 -1.13343e-13 0)
(1.5 -1.08213e-13 0)
(1.5 -3.43725e-14 0)
(1.5 -4.897e-14 0)
(1.5 -9.49908e-14 0)
(1.5 -5.41269e-14 0)
(1.5 6.92417e-15 0)
(1.5 -1.02123e-14 0)
(1.5 2.60226e-14 0)
(1.5 4.16839e-14 0)
(1.5 3.72465e-14 0)
(1.5 3.75874e-14 0)
(1.5 6.75289e-14 0)
(1.5 6.77769e-14 0)
(1.5 -3.59779e-14 0)
(1.5 -2.36601e-14 0)
(1.5 -4.45834e-14 0)
(1.5 -3.9345e-15 0)
(1.5 5.55569e-15 0)
(1.5 -4.16822e-14 0)
(1.5 -2.99302e-14 0)
(1.5 -1.10764e-14 0)
(1.5 -6.58897e-14 0)
(1.5 -3.75707e-14 0)
(1.5 -3.39584e-14 0)
(1.5 -4.21696e-14 0)
(1.5 3.11541e-14 0)
(1.5 3.06454e-14 0)
(1.5 -1.93846e-14 0)
(1.5 -2.3427e-15 0)
(1.5 -1.31929e-14 0)
(1.5 -2.98026e-15 0)
(1.5 -1.8843e-14 0)
(1.5 1.14985e-14 0)
(1.5 1.08667e-13 0)
(1.5 8.64454e-14 0)
(1.5 7.62479e-14 0)
(1.5 1.11309e-13 0)
(1.5 5.45606e-14 0)
(1.5 -1.07951e-14 0)
(1.5 1.13189e-14 0)
(1.5 -2.1544e-14 0)
(1.5 -6.57866e-14 0)
(1.5 -1.03911e-13 0)
(1.5 -9.24986e-14 0)
(1.5 -1.05327e-13 0)
(1.5 -8.33543e-14 0)
(1.5 -2.14446e-14 0)
(1.5 -3.22459e-14 0)
(1.5 -1.59114e-14 0)
(1.5 6.81258e-15 0)
(1.5 2.14182e-14 0)
(1.5 -1.40375e-13 0)
(1.5 -2.53896e-13 0)
(1.5 -2.68689e-13 0)
(1.5 -2.32687e-13 0)
(1.5 -2.4538e-13 0)
(1.5 -2.06436e-13 0)
(1.5 -2.1507e-13 0)
(1.5 -2.85057e-13 0)
(1.5 -2.28345e-13 0)
(1.5 -2.15842e-13 0)
(1.5 -3.26956e-13 0)
(1.5 -2.77403e-13 0)
(1.5 -2.38762e-13 0)
(1.5 -1.30117e-13 0)
(1.5 -9.43395e-14 0)
(1.5 -1.31014e-13 0)
(1.5 -1.28467e-13 0)
(1.5 -1.03871e-13 0)
(1.5 -2.38857e-13 0)
(1.5 -3.15237e-13 0)
(1.5 -2.61685e-13 0)
(1.5 -2.07652e-13 0)
(1.5 -2.08441e-13 0)
(1.5 -2.59241e-13 0)
(1.5 -2.74425e-13 0)
(1.5 -2.36623e-13 0)
(1.5 -2.54175e-13 0)
(1.5 -2.6629e-13 0)
(1.5 -2.44913e-13 0)
(1.5 -2.08549e-13 0)
(1.5 -1.14871e-13 0)
(1.5 -5.78059e-14 0)
(1.5 -2.76196e-14 0)
(1.5 -1.85176e-14 0)
(1.5 -6.97831e-15 0)
(1.5 -7.14347e-14 0)
(1.5 -2.38764e-14 0)
(1.5 5.27638e-14 0)
(1.5 7.99312e-14 0)
(1.5 7.66642e-14 0)
(1.5 6.81138e-14 0)
(1.5 1.28734e-14 0)
(1.5 -2.3756e-14 0)
(1.5 -4.63009e-14 0)
(1.5 4.02439e-14 0)
(1.5 -3.08649e-14 0)
(1.5 -1.45517e-13 0)
(1.5 -2.10912e-13 0)
(1.5 -2.53928e-13 0)
(1.5 -2.13877e-13 0)
(1.5 -2.43095e-13 0)
(1.5 -2.31328e-13 0)
(1.5 -1.96502e-13 0)
(1.5 -1.3938e-13 0)
(1.5 -6.46993e-14 0)
(1.5 -9.77608e-14 0)
(1.5 -1.12151e-13 0)
(1.5 -1.54389e-13 0)
(1.5 -1.13028e-13 0)
(1.5 -5.1518e-14 0)
(1.5 2.38587e-14 0)
(1.5 4.54596e-14 0)
(1.5 9.78568e-14 0)
(1.5 7.32175e-14 0)
(1.5 7.64274e-14 0)
(1.5 8.88767e-15 0)
(1.5 -2.80982e-14 0)
(1.5 2.71066e-14 0)
(1.5 5.39094e-14 0)
(1.5 1.14019e-13 0)
(1.5 2.14618e-13 0)
(1.5 2.53099e-13 0)
(1.5 1.13247e-13 0)
(1.5 -6.05667e-15 0)
(1.5 3.33815e-14 0)
(1.5 2.38249e-13 0)
(1.5 2.16793e-13 0)
(1.5 2.9734e-13 0)
(1.5 3.06463e-13 0)
(1.5 2.78175e-13 0)
(1.5 2.26792e-13 0)
(1.5 1.11597e-13 0)
(1.5 -4.3831e-14 0)
(1.5 -6.21066e-14 0)
(1.5 4.97898e-14 0)
(1.5 1.51479e-13 0)
(1.5 3.03009e-13 0)
(1.5 3.88696e-13 0)
(1.5 4.16163e-13 0)
(1.5 4.27208e-13 0)
(1.5 4.36835e-13 0)
(1.5 4.34211e-13 0)
(1.5 4.34499e-13 0)
(1.5 4.75053e-13 0)
(1.5 5.76274e-13 0)
(1.5 7.19893e-13 0)
(1.5 7.46434e-13 0)
(1.5 8.03415e-13 0)
(1.5 8.29197e-13 0)
(1.5 8.13071e-13 0)
(1.5 8.22259e-13 0)
(1.5 7.16335e-13 0)
(1.5 6.59817e-13 0)
(1.5 4.81929e-13 0)
(1.5 4.53166e-13 0)
(1.5 3.39123e-13 0)
(1.5 2.23963e-13 0)
(1.5 2.28252e-13 0)
(1.5 1.51894e-13 0)
(1.5 1.99599e-14 0)
(1.5 -2.91587e-14 0)
(1.5 6.94634e-14 0)
(1.5 -7.26757e-14 0)
(1.5 -5.12712e-14 0)
(1.5 7.71566e-15 0)
(1.5 -6.23973e-14 0)
(1.5 -7.70814e-14 0)
(1.5 -6.91987e-14 0)
(1.5 -5.30065e-14 0)
(1.5 -6.03764e-14 0)
(1.5 -4.28941e-14 0)
(1.5 5.69385e-14 0)
(1.5 1.59661e-13 0)
(1.5 3.79263e-13 0)
(1.5 5.7732e-13 0)
(1.5 6.1027e-13 0)
(1.5 6.38597e-13 0)
(1.5 6.03322e-13 0)
(1.5 -5.54913e-14 0)
(1.5 -1.33775e-13 0)
(1.5 -9.75436e-14 0)
(1.5 -6.74379e-14 0)
(1.5 4.63661e-14 0)
(1.5 8.26315e-14 0)
(1.5 -3.84175e-15 0)
(1.5 -6.88748e-14 0)
(1.5 -1.62461e-14 0)
(1.5 3.39574e-14 0)
(1.5 5.49354e-14 0)
(1.5 3.98184e-14 0)
(1.5 4.43123e-14 0)
(1.5 2.0064e-14 0)
(1.5 -7.18367e-15 0)
(1.5 -7.38491e-14 0)
(1.5 -1.85643e-13 0)
(1.5 -2.13038e-13 0)
(1.5 -2.77699e-13 0)
(1.5 -2.29201e-13 0)
(1.5 -1.57771e-13 0)
(1.5 -1.38516e-13 0)
(1.5 -6.40085e-14 0)
(1.5 -9.65101e-14 0)
(1.5 -8.86267e-14 0)
(1.5 -4.47464e-14 0)
(1.5 -2.14374e-14 0)
(1.5 7.61337e-14 0)
(1.5 7.58669e-14 0)
(1.5 4.47009e-14 0)
(1.5 6.46728e-14 0)
(1.5 1.17287e-13 0)
(1.5 9.80467e-14 0)
(1.5 1.22992e-13 0)
(1.5 5.80118e-14 0)
(1.5 9.76045e-15 0)
(1.5 2.32587e-14 0)
(1.5 1.57268e-14 0)
(1.5 2.14512e-14 0)
(1.5 -4.51932e-14 0)
(1.5 -7.89661e-14 0)
(1.5 -3.03368e-14 0)
(1.5 -4.24293e-14 0)
(1.5 -1.01571e-13 0)
(1.5 -8.29244e-14 0)
(1.5 -1.96078e-14 0)
(1.5 1.17627e-14 0)
(1.5 5.35338e-14 0)
(1.5 -1.58089e-14 0)
(1.5 4.96844e-15 0)
(1.5 1.83033e-15 0)
(1.5 2.7223e-14 0)
(1.5 8.57471e-14 0)
(1.5 1.37368e-13 0)
(1.5 8.85333e-14 0)
(1.5 2.3856e-14 0)
(1.5 8.95393e-16 0)
(1.5 5.20385e-14 0)
(1.5 -1.18876e-14 0)
(1.5 -4.92893e-14 0)
(1.5 -3.4915e-14 0)
(1.5 3.02851e-14 0)
(1.5 2.91141e-14 0)
(1.5 1.42515e-14 0)
(1.5 -3.98052e-14 0)
(1.5 -7.69891e-14 0)
(1.5 -9.6299e-14 0)
(1.5 -3.76285e-14 0)
(1.5 -3.41122e-14 0)
(1.5 -1.48755e-14 0)
(1.5 4.61569e-15 0)
(1.5 -1.10829e-14 0)
(1.5 -5.65188e-14 0)
(1.5 -1.91442e-13 0)
(1.5 -2.64841e-13 0)
(1.5 -2.48132e-13 0)
(1.5 -2.32469e-13 0)
(1.5 -1.54013e-13 0)
(1.5 -1.98695e-13 0)
(1.5 -2.86556e-13 0)
(1.5 -3.13792e-13 0)
(1.5 -3.58919e-13 0)
(1.5 -3.44157e-13 0)
(1.5 -1.48905e-13 0)
(1.5 -8.27229e-14 0)
(1.5 -4.4228e-14 0)
(1.5 -8.39034e-14 0)
(1.5 -1.77564e-13 0)
(1.5 -1.51555e-13 0)
(1.5 -6.93559e-14 0)
(1.5 2.90067e-14 0)
(1.5 -2.95004e-14 0)
(1.5 -9.25619e-14 0)
(1.5 -8.06549e-14 0)
(1.5 -1.6155e-13 0)
(1.5 -1.54955e-13 0)
(1.5 -1.55426e-13 0)
(1.5 -2.32675e-13 0)
(1.5 -2.94463e-13 0)
(1.5 -3.38365e-13 0)
(1.5 -1.75873e-13 0)
(1.5 -1.31376e-13 0)
(1.5 -2.33518e-14 0)
(1.5 -3.77057e-14 0)
(1.5 -5.7016e-14 0)
(1.5 -9.19779e-14 0)
(1.5 -2.072e-14 0)
(1.5 9.56728e-14 0)
(1.5 1.50423e-13 0)
(1.5 1.04313e-13 0)
(1.5 1.48656e-13 0)
(1.5 7.1872e-14 0)
(1.5 1.60938e-14 0)
(1.5 -1.57393e-14 0)
(1.5 -7.21262e-14 0)
(1.5 -1.46317e-13 0)
(1.5 -7.98333e-14 0)
(1.5 -1.08088e-13 0)
(1.5 -1.35093e-13 0)
(1.5 -7.18953e-14 0)
(1.5 -7.20019e-14 0)
(1.5 -1.53009e-13 0)
(1.5 -2.26704e-13 0)
(1.5 -2.61864e-13 0)
(1.5 -2.20932e-13 0)
(1.5 -7.88679e-14 0)
(1.5 7.18098e-15 0)
(1.5 9.06862e-14 0)
(1.5 -6.24033e-16 0)
(1.5 -6.02517e-14 0)
(1.5 -4.48635e-15 0)
(1.5 1.0743e-13 0)
(1.5 4.61527e-14 0)
(1.5 6.66484e-14 0)
(1.5 9.53987e-14 0)
(1.5 1.32015e-13 0)
(1.5 1.21406e-13 0)
(1.5 -8.55414e-15 0)
(1.5 4.5334e-14 0)
(1.5 9.62254e-14 0)
(1.5 4.99442e-14 0)
(1.5 5.94091e-14 0)
(1.5 1.08022e-13 0)
(1.5 1.65846e-13 0)
(1.5 1.12549e-13 0)
(1.5 8.23325e-14 0)
(1.5 1.46763e-13 0)
(1.5 2.48534e-13 0)
(1.5 2.46545e-13 0)
(1.5 2.82509e-13 0)
(1.5 3.3405e-13 0)
(1.5 3.59785e-13 0)
(1.5 2.48424e-13 0)
(1.5 1.5591e-13 0)
(1.5 3.481e-15 0)
(1.5 -1.81254e-14 0)
(1.5 6.177e-14 0)
(1.5 1.90502e-13 0)
(1.5 2.60743e-13 0)
(1.5 3.67889e-13 0)
(1.5 4.37342e-13 0)
(1.5 4.7771e-13 0)
(1.5 5.90252e-13 0)
(1.5 6.29028e-13 0)
(1.5 5.15661e-13 0)
(1.5 4.0999e-13 0)
(1.5 4.13682e-13 0)
(1.5 4.79944e-13 0)
(1.5 4.88421e-13 0)
(1.5 4.19833e-13 0)
(1.5 3.6262e-13 0)
(1.5 4.64094e-13 0)
(1.5 6.55697e-13 0)
(1.5 6.53806e-13 0)
(1.5 4.97736e-13 0)
(1.5 2.83844e-13 0)
(1.5 1.50165e-13 0)
(1.5 5.02593e-16 0)
(1.5 -1.54704e-13 0)
(1.5 -1.98508e-13 0)
(1.5 -2.1357e-13 0)
(1.5 -1.85718e-13 0)
(1.5 -7.0226e-14 0)
(1.5 2.63397e-14 0)
(1.5 -3.43393e-14 0)
(1.5 -3.48219e-14 0)
(1.5 9.10012e-16 0)
(1.5 5.51366e-15 0)
(1.5 -9.05989e-14 0)
(1.5 -1.7641e-13 0)
(1.5 -2.32019e-13 0)
(1.5 -2.03169e-13 0)
(1.5 -1.93542e-13 0)
(1.5 -1.22468e-13 0)
(1.5 1.4958e-14 0)
(1.5 1.957e-13 0)
(1.5 3.94244e-13 0)
(1.5 5.53642e-13 0)
(1.5 6.12749e-13 0)
(1.5 5.94561e-13 0)
(1.5 1.98281e-14 0)
(1.5 4.34724e-14 0)
(1.5 8.05735e-14 0)
(1.5 2.41383e-14 0)
(1.5 4.04173e-14 0)
(1.5 1.45107e-13 0)
(1.5 9.29278e-14 0)
(1.5 6.10104e-14 0)
(1.5 7.76768e-14 0)
(1.5 1.3638e-13 0)
(1.5 1.41984e-13 0)
(1.5 9.06958e-14 0)
(1.5 -4.50413e-14 0)
(1.5 -9.81989e-14 0)
(1.5 -9.21889e-14 0)
(1.5 -1.10349e-13 0)
(1.5 -9.26136e-14 0)
(1.5 -1.11981e-13 0)
(1.5 -2.17763e-13 0)
(1.5 -2.36319e-13 0)
(1.5 -1.86295e-13 0)
(1.5 -1.79035e-13 0)
(1.5 -1.05937e-13 0)
(1.5 -8.34961e-14 0)
(1.5 -1.00526e-13 0)
(1.5 -1.04367e-13 0)
(1.5 -1.2846e-13 0)
(1.5 -7.36347e-16 0)
(1.5 -4.91142e-14 0)
(1.5 -7.88402e-14 0)
(1.5 -3.97118e-14 0)
(1.5 3.61368e-14 0)
(1.5 6.88662e-14 0)
(1.5 1.11485e-13 0)
(1.5 1.03061e-13 0)
(1.5 1.00539e-14 0)
(1.5 9.30311e-15 0)
(1.5 -5.11429e-14 0)
(1.5 -4.82035e-14 0)
(1.5 -7.48601e-14 0)
(1.5 -9.63658e-14 0)
(1.5 -1.08662e-13 0)
(1.5 -1.38428e-13 0)
(1.5 -2.02522e-13 0)
(1.5 -1.74423e-13 0)
(1.5 -1.30676e-13 0)
(1.5 -1.29213e-13 0)
(1.5 -1.12563e-13 0)
(1.5 -1.45719e-13 0)
(1.5 -1.01182e-13 0)
(1.5 -3.23652e-14 0)
(1.5 5.25178e-15 0)
(1.5 6.44712e-14 0)
(1.5 6.95816e-14 0)
(1.5 -6.59051e-15 0)
(1.5 -5.44528e-14 0)
(1.5 -6.68041e-14 0)
(1.5 -1.29323e-13 0)
(1.5 -1.27045e-13 0)
(1.5 -1.77386e-13 0)
(1.5 -1.89667e-13 0)
(1.5 -6.49303e-14 0)
(1.5 -4.74362e-14 0)
(1.5 -7.79582e-14 0)
(1.5 -1.45896e-13 0)
(1.5 -1.29543e-13 0)
(1.5 -1.1501e-13 0)
(1.5 -8.97102e-14 0)
(1.5 -3.11201e-14 0)
(1.5 -3.19867e-14 0)
(1.5 6.68758e-14 0)
(1.5 -5.04011e-15 0)
(1.5 4.42271e-14 0)
(1.5 -3.76423e-14 0)
(1.5 -8.33503e-14 0)
(1.5 -1.46203e-13 0)
(1.5 -1.33533e-13 0)
(1.5 -1.45594e-13 0)
(1.5 -2.10761e-13 0)
(1.5 -2.3669e-13 0)
(1.5 -2.70022e-13 0)
(1.5 -3.22515e-13 0)
(1.5 -2.1433e-13 0)
(1.5 -9.65252e-14 0)
(1.5 -3.77907e-15 0)
(1.5 1.17072e-14 0)
(1.5 -4.16679e-14 0)
(1.5 -9.00601e-14 0)
(1.5 -7.15281e-14 0)
(1.5 -2.49617e-14 0)
(1.5 1.14828e-13 0)
(1.5 1.1601e-13 0)
(1.5 1.79291e-14 0)
(1.5 -3.8361e-14 0)
(1.5 -1.36435e-13 0)
(1.5 -1.94832e-13 0)
(1.5 -2.00689e-13 0)
(1.5 -2.59247e-13 0)
(1.5 -2.68273e-13 0)
(1.5 -3.04598e-13 0)
(1.5 -2.09847e-13 0)
(1.5 -1.43855e-13 0)
(1.5 3.38576e-17 0)
(1.5 3.22206e-14 0)
(1.5 7.66197e-14 0)
(1.5 3.31547e-14 0)
(1.5 -2.55943e-14 0)
(1.5 7.86303e-14 0)
(1.5 7.01501e-14 0)
(1.5 3.87183e-14 0)
(1.5 -2.91391e-15 0)
(1.5 -5.38448e-14 0)
(1.5 -4.81257e-14 0)
(1.5 -1.97575e-14 0)
(1.5 -1.19776e-14 0)
(1.5 -8.93507e-14 0)
(1.5 -1.00933e-13 0)
(1.5 -7.9678e-14 0)
(1.5 -9.48778e-14 0)
(1.5 -8.89449e-14 0)
(1.5 -1.06708e-13 0)
(1.5 -2.08292e-13 0)
(1.5 -2.56829e-13 0)
(1.5 -2.30305e-13 0)
(1.5 -1.07971e-13 0)
(1.5 3.1619e-14 0)
(1.5 1.3413e-13 0)
(1.5 1.58592e-13 0)
(1.5 8.6936e-14 0)
(1.5 5.89802e-14 0)
(1.5 1.24588e-13 0)
(1.5 1.98845e-13 0)
(1.5 1.03908e-13 0)
(1.5 1.02076e-13 0)
(1.5 7.81415e-14 0)
(1.5 6.32715e-14 0)
(1.5 3.52928e-14 0)
(1.5 -7.10866e-14 0)
(1.5 -8.7607e-15 0)
(1.5 -3.5228e-14 0)
(1.5 -1.08273e-13 0)
(1.5 -1.60631e-13 0)
(1.5 -1.83522e-13 0)
(1.5 -1.44769e-13 0)
(1.5 -7.61123e-15 0)
(1.5 1.5847e-13 0)
(1.5 2.58584e-13 0)
(1.5 2.37478e-13 0)
(1.5 2.81924e-13 0)
(1.5 2.31416e-13 0)
(1.5 2.70733e-13 0)
(1.5 2.65348e-13 0)
(1.5 1.95676e-13 0)
(1.5 1.40441e-13 0)
(1.5 9.10331e-14 0)
(1.5 2.26089e-14 0)
(1.5 4.04718e-14 0)
(1.5 1.49834e-13 0)
(1.5 1.88076e-13 0)
(1.5 2.78558e-13 0)
(1.5 3.17641e-13 0)
(1.5 4.11871e-13 0)
(1.5 5.84404e-13 0)
(1.5 5.72742e-13 0)
(1.5 4.33311e-13 0)
(1.5 2.90791e-13 0)
(1.5 2.21572e-13 0)
(1.5 2.52584e-13 0)
(1.5 2.40832e-13 0)
(1.5 1.6058e-13 0)
(1.5 9.27695e-14 0)
(1.5 2.04212e-13 0)
(1.5 3.80665e-13 0)
(1.5 5.0135e-13 0)
(1.5 4.07925e-13 0)
(1.5 2.60784e-13 0)
(1.5 5.04348e-14 0)
(1.5 -1.35545e-13 0)
(1.5 -3.73086e-13 0)
(1.5 -5.05085e-13 0)
(1.5 -5.20723e-13 0)
(1.5 -2.92387e-13 0)
(1.5 -5.04699e-14 0)
(1.5 -2.99631e-17 0)
(1.5 7.44357e-14 0)
(1.5 5.60562e-14 0)
(1.5 2.3119e-14 0)
(1.5 -4.96384e-14 0)
(1.5 -1.86287e-13 0)
(1.5 -3.51445e-13 0)
(1.5 -4.05254e-13 0)
(1.5 -3.11012e-13 0)
(1.5 -2.38795e-13 0)
(1.5 -2.11295e-13 0)
(1.5 -8.16125e-14 0)
(1.5 2.22556e-14 0)
(1.5 1.75383e-13 0)
(1.5 4.85741e-13 0)
(1.5 6.15587e-13 0)
(1.5 6.0451e-13 0)
(1.5 5.69033e-14 0)
(1.5 1.02413e-13 0)
(1.5 3.94719e-14 0)
(1.5 -2.65564e-14 0)
(1.5 -7.46736e-15 0)
(1.5 -2.53192e-14 0)
(1.5 2.13708e-14 0)
(1.5 4.80197e-14 0)
(1.5 7.05337e-14 0)
(1.5 1.16888e-13 0)
(1.5 8.31183e-14 0)
(1.5 -5.31435e-15 0)
(1.5 -1.7404e-13 0)
(1.5 -1.82049e-13 0)
(1.5 -1.79204e-13 0)
(1.5 -1.43754e-13 0)
(1.5 -6.6901e-14 0)
(1.5 -8.65417e-14 0)
(1.5 -1.15542e-13 0)
(1.5 -1.97001e-13 0)
(1.5 -2.02123e-13 0)
(1.5 -1.86599e-13 0)
(1.5 -2.07835e-13 0)
(1.5 -1.33361e-13 0)
(1.5 -1.64612e-13 0)
(1.5 -1.27618e-13 0)
(1.5 -1.55943e-13 0)
(1.5 -1.51843e-13 0)
(1.5 -1.247e-13 0)
(1.5 -1.19294e-13 0)
(1.5 -1.00102e-13 0)
(1.5 -6.13747e-14 0)
(1.5 -7.43601e-15 0)
(1.5 3.04558e-14 0)
(1.5 7.59635e-14 0)
(1.5 2.31916e-14 0)
(1.5 -4.3e-15 0)
(1.5 -5.18376e-14 0)
(1.5 -8.19022e-14 0)
(1.5 -7.87491e-14 0)
(1.5 -1.4386e-13 0)
(1.5 -1.91856e-13 0)
(1.5 -2.10172e-13 0)
(1.5 -2.47614e-13 0)
(1.5 -1.98248e-13 0)
(1.5 -2.20627e-13 0)
(1.5 -2.14978e-13 0)
(1.5 -1.83109e-13 0)
(1.5 -1.88781e-13 0)
(1.5 -2.02265e-13 0)
(1.5 -1.24324e-13 0)
(1.5 -6.99726e-14 0)
(1.5 8.09295e-15 0)
(1.5 2.81921e-15 0)
(1.5 -2.37906e-14 0)
(1.5 -9.33438e-14 0)
(1.5 -1.19608e-13 0)
(1.5 -1.98716e-13 0)
(1.5 -1.97443e-13 0)
(1.5 -2.12093e-13 0)
(1.5 -2.12871e-13 0)
(1.5 -1.74521e-13 0)
(1.5 -1.73758e-13 0)
(1.5 -1.82749e-13 0)
(1.5 -1.97129e-13 0)
(1.5 -1.44147e-13 0)
(1.5 -9.03801e-14 0)
(1.5 -1.11353e-13 0)
(1.5 -1.02828e-13 0)
(1.5 -1.42152e-14 0)
(1.5 8.69427e-14 0)
(1.5 1.07617e-13 0)
(1.5 9.42016e-14 0)
(1.5 1.87907e-14 0)
(1.5 -4.2596e-14 0)
(1.5 -9.38357e-14 0)
(1.5 -7.73324e-14 0)
(1.5 -2.00081e-13 0)
(1.5 -2.59259e-13 0)
(1.5 -2.07266e-13 0)
(1.5 -1.56502e-13 0)
(1.5 -1.07766e-13 0)
(1.5 -1.14509e-14 0)
(1.5 3.45238e-14 0)
(1.5 1.24915e-13 0)
(1.5 1.48319e-13 0)
(1.5 9.77966e-14 0)
(1.5 1.27833e-13 0)
(1.5 1.03639e-13 0)
(1.5 6.09064e-14 0)
(1.5 -5.16098e-14 0)
(1.5 -1.1723e-13 0)
(1.5 -2.30614e-13 0)
(1.5 -2.77687e-13 0)
(1.5 -3.6195e-13 0)
(1.5 -5.31653e-13 0)
(1.5 -5.64246e-13 0)
(1.5 -4.75672e-13 0)
(1.5 -3.53246e-13 0)
(1.5 -2.80742e-13 0)
(1.5 -2.56177e-13 0)
(1.5 -1.30051e-13 0)
(1.5 -1.21173e-13 0)
(1.5 -3.7335e-14 0)
(1.5 3.12116e-14 0)
(1.5 1.20718e-13 0)
(1.5 6.74092e-14 0)
(1.5 -7.28401e-16 0)
(1.5 -5.99377e-14 0)
(1.5 -4.86583e-14 0)
(1.5 -9.24963e-14 0)
(1.5 -7.45168e-14 0)
(1.5 -1.18243e-13 0)
(1.5 -9.59714e-14 0)
(1.5 -6.53764e-14 0)
(1.5 -7.63573e-14 0)
(1.5 -7.70572e-14 0)
(1.5 -5.64787e-14 0)
(1.5 -8.20356e-14 0)
(1.5 -1.17933e-13 0)
(1.5 -1.60862e-13 0)
(1.5 -2.39067e-13 0)
(1.5 -2.37027e-13 0)
(1.5 -1.64417e-13 0)
(1.5 -7.22292e-14 0)
(1.5 -3.91648e-15 0)
(1.5 3.4328e-14 0)
(1.5 -1.60679e-15 0)
(1.5 2.83443e-14 0)
(1.5 7.11249e-14 0)
(1.5 1.28933e-13 0)
(1.5 1.23379e-13 0)
(1.5 1.48716e-13 0)
(1.5 2.08593e-13 0)
(1.5 1.14971e-13 0)
(1.5 7.45238e-14 0)
(1.5 7.5289e-14 0)
(1.5 5.69453e-14 0)
(1.5 9.41711e-14 0)
(1.5 2.77615e-14 0)
(1.5 8.8936e-15 0)
(1.5 -9.5706e-14 0)
(1.5 -2.51776e-13 0)
(1.5 -2.6025e-13 0)
(1.5 -7.81233e-14 0)
(1.5 1.27036e-13 0)
(1.5 2.22073e-13 0)
(1.5 1.72872e-13 0)
(1.5 2.66357e-13 0)
(1.5 1.86192e-13 0)
(1.5 1.32392e-13 0)
(1.5 1.14698e-13 0)
(1.5 1.78245e-13 0)
(1.5 1.61723e-13 0)
(1.5 1.8261e-13 0)
(1.5 1.54593e-13 0)
(1.5 1.55053e-13 0)
(1.5 1.32615e-13 0)
(1.5 1.66281e-13 0)
(1.5 2.4793e-13 0)
(1.5 3.53051e-13 0)
(1.5 4.687e-13 0)
(1.5 5.73775e-13 0)
(1.5 4.97251e-13 0)
(1.5 3.84847e-13 0)
(1.5 2.34735e-13 0)
(1.5 9.36324e-14 0)
(1.5 7.28424e-14 0)
(1.5 1.3251e-13 0)
(1.5 1.15082e-13 0)
(1.5 9.54545e-14 0)
(1.5 1.61191e-13 0)
(1.5 2.1211e-13 0)
(1.5 2.79028e-13 0)
(1.5 3.21109e-13 0)
(1.5 2.63422e-13 0)
(1.5 9.34499e-14 0)
(1.5 -8.35646e-14 0)
(1.5 -2.80477e-13 0)
(1.5 -4.23257e-13 0)
(1.5 -4.63663e-13 0)
(1.5 -2.54242e-13 0)
(1.5 -5.69236e-14 0)
(1.5 -7.68684e-15 0)
(1.5 1.44321e-13 0)
(1.5 1.18534e-13 0)
(1.5 8.81749e-14 0)
(1.5 -9.29225e-15 0)
(1.5 -1.53071e-13 0)
(1.5 -3.19847e-13 0)
(1.5 -3.44003e-13 0)
(1.5 -2.25635e-13 0)
(1.5 -2.56746e-13 0)
(1.5 -1.56775e-13 0)
(1.5 1.53522e-14 0)
(1.5 1.99255e-13 0)
(1.5 3.21068e-13 0)
(1.5 4.63552e-13 0)
(1.5 6.87341e-13 0)
(1.5 7.69555e-13 0)
(1.5 3.81915e-14 0)
(1.5 1.18145e-13 0)
(1.5 5.8193e-14 0)
(1.5 -5.15406e-14 0)
(1.5 -7.60385e-14 0)
(1.5 -8.17256e-14 0)
(1.5 -7.50089e-14 0)
(1.5 -7.96003e-14 0)
(1.5 -2.83151e-14 0)
(1.5 -2.4353e-14 0)
(1.5 -6.07267e-14 0)
(1.5 -9.76053e-14 0)
(1.5 -2.26826e-13 0)
(1.5 -2.61616e-13 0)
(1.5 -2.55485e-13 0)
(1.5 -1.47145e-13 0)
(1.5 -5.58376e-14 0)
(1.5 -8.57567e-14 0)
(1.5 -9.83058e-14 0)
(1.5 -1.36005e-13 0)
(1.5 -2.06318e-13 0)
(1.5 -1.22224e-13 0)
(1.5 -2.2903e-13 0)
(1.5 -1.41004e-13 0)
(1.5 -1.32177e-13 0)
(1.5 -1.02487e-13 0)
(1.5 -1.02572e-13 0)
(1.5 -1.88931e-13 0)
(1.5 -8.11051e-14 0)
(1.5 -1.89861e-14 0)
(1.5 1.36311e-14 0)
(1.5 -2.69294e-15 0)
(1.5 3.02366e-14 0)
(1.5 4.49143e-14 0)
(1.5 1.23865e-13 0)
(1.5 1.31941e-13 0)
(1.5 4.43575e-14 0)
(1.5 -7.06898e-14 0)
(1.5 -6.70704e-14 0)
(1.5 -2.16052e-14 0)
(1.5 -1.70011e-13 0)
(1.5 -2.16029e-13 0)
(1.5 -2.41385e-13 0)
(1.5 -2.12891e-13 0)
(1.5 -1.42685e-13 0)
(1.5 -1.40744e-13 0)
(1.5 -9.50947e-14 0)
(1.5 -6.44828e-14 0)
(1.5 -5.57677e-14 0)
(1.5 -1.69755e-13 0)
(1.5 -1.71725e-13 0)
(1.5 -9.21173e-14 0)
(1.5 -4.00476e-15 0)
(1.5 4.6376e-14 0)
(1.5 -5.11706e-15 0)
(1.5 -3.92378e-14 0)
(1.5 -6.68865e-14 0)
(1.5 -9.62658e-14 0)
(1.5 -9.42343e-14 0)
(1.5 -5.68778e-14 0)
(1.5 -1.13502e-13 0)
(1.5 -1.2798e-13 0)
(1.5 -1.49288e-13 0)
(1.5 -1.49801e-13 0)
(1.5 -1.47984e-13 0)
(1.5 -9.71138e-14 0)
(1.5 -4.81723e-14 0)
(1.5 -4.2765e-14 0)
(1.5 -3.02517e-14 0)
(1.5 -2.82239e-15 0)
(1.5 2.73164e-14 0)
(1.5 1.40451e-13 0)
(1.5 3.68363e-14 0)
(1.5 -2.42686e-15 0)
(1.5 -9.41279e-14 0)
(1.5 -8.06767e-14 0)
(1.5 -1.17534e-13 0)
(1.5 -2.69792e-13 0)
(1.5 -2.09573e-13 0)
(1.5 -1.01588e-13 0)
(1.5 -8.20552e-14 0)
(1.5 -1.99286e-14 0)
(1.5 -8.7061e-15 0)
(1.5 3.12776e-14 0)
(1.5 1.37588e-13 0)
(1.5 2.06004e-13 0)
(1.5 2.21834e-13 0)
(1.5 2.65859e-13 0)
(1.5 1.85549e-13 0)
(1.5 4.79148e-14 0)
(1.5 -1.79152e-13 0)
(1.5 -2.45342e-13 0)
(1.5 -3.46327e-13 0)
(1.5 -3.66156e-13 0)
(1.5 -4.05922e-13 0)
(1.5 -5.8761e-13 0)
(1.5 -6.34041e-13 0)
(1.5 -5.49726e-13 0)
(1.5 -3.92679e-13 0)
(1.5 -3.09715e-13 0)
(1.5 -2.57601e-13 0)
(1.5 -1.37866e-13 0)
(1.5 -1.66018e-13 0)
(1.5 -1.29563e-13 0)
(1.5 -8.80946e-14 0)
(1.5 6.6218e-14 0)
(1.5 8.67012e-14 0)
(1.5 1.00508e-14 0)
(1.5 -9.2408e-15 0)
(1.5 -8.34722e-14 0)
(1.5 -1.22037e-13 0)
(1.5 -1.67192e-13 0)
(1.5 -1.96587e-13 0)
(1.5 -1.36842e-13 0)
(1.5 -1.17101e-13 0)
(1.5 -5.91406e-14 0)
(1.5 -7.17146e-14 0)
(1.5 -1.01121e-13 0)
(1.5 -1.15739e-14 0)
(1.5 8.4578e-15 0)
(1.5 -6.939e-14 0)
(1.5 -1.34787e-13 0)
(1.5 -1.11807e-13 0)
(1.5 -1.1738e-13 0)
(1.5 -1.16291e-13 0)
(1.5 -1.01132e-13 0)
(1.5 -5.08137e-14 0)
(1.5 -1.27053e-13 0)
(1.5 -9.26398e-14 0)
(1.5 1.15834e-14 0)
(1.5 1.0534e-13 0)
(1.5 9.67938e-14 0)
(1.5 1.7198e-13 0)
(1.5 2.1385e-13 0)
(1.5 1.24234e-13 0)
(1.5 6.06369e-14 0)
(1.5 6.02442e-14 0)
(1.5 1.6973e-13 0)
(1.5 2.10317e-13 0)
(1.5 1.56133e-13 0)
(1.5 1.75212e-13 0)
(1.5 1.15721e-13 0)
(1.5 -8.13717e-14 0)
(1.5 -1.25817e-13 0)
(1.5 3.67856e-14 0)
(1.5 2.13817e-13 0)
(1.5 2.96074e-13 0)
(1.5 2.71716e-13 0)
(1.5 3.3212e-13 0)
(1.5 2.7186e-13 0)
(1.5 2.09806e-13 0)
(1.5 1.88571e-13 0)
(1.5 2.67688e-13 0)
(1.5 2.86319e-13 0)
(1.5 3.20871e-13 0)
(1.5 2.61838e-13 0)
(1.5 2.7665e-13 0)
(1.5 2.52907e-13 0)
(1.5 3.32017e-13 0)
(1.5 3.99124e-13 0)
(1.5 4.64971e-13 0)
(1.5 5.03833e-13 0)
(1.5 3.93389e-13 0)
(1.5 3.19159e-13 0)
(1.5 3.00003e-13 0)
(1.5 2.15848e-13 0)
(1.5 3.9978e-14 0)
(1.5 -1.17919e-13 0)
(1.5 -8.82805e-14 0)
(1.5 -2.4253e-14 0)
(1.5 1.61826e-14 0)
(1.5 2.81615e-14 0)
(1.5 1.39762e-13 0)
(1.5 1.56621e-13 0)
(1.5 2.19222e-13 0)
(1.5 2.04073e-13 0)
(1.5 6.21609e-14 0)
(1.5 -3.81238e-14 0)
(1.5 -8.66228e-14 0)
(1.5 -8.38e-14 0)
(1.5 -7.12442e-14 0)
(1.5 3.59406e-14 0)
(1.5 1.11524e-13 0)
(1.5 1.49573e-13 0)
(1.5 2.34196e-13 0)
(1.5 2.53325e-13 0)
(1.5 1.54526e-13 0)
(1.5 4.03203e-14 0)
(1.5 -6.76801e-14 0)
(1.5 -2.46109e-13 0)
(1.5 -3.00166e-13 0)
(1.5 -1.3536e-13 0)
(1.5 -1.46353e-13 0)
(1.5 -4.05941e-14 0)
(1.5 8.36494e-14 0)
(1.5 2.68913e-13 0)
(1.5 3.8616e-13 0)
(1.5 4.4867e-13 0)
(1.5 5.68254e-13 0)
(1.5 7.05591e-13 0)
(1.5 1.45053e-14 0)
(1.5 1.4846e-13 0)
(1.5 1.56668e-13 0)
(1.5 1.04873e-13 0)
(1.5 7.11734e-14 0)
(1.5 8.01629e-14 0)
(1.5 1.67082e-14 0)
(1.5 -3.72757e-14 0)
(1.5 -1.03757e-13 0)
(1.5 -1.80707e-13 0)
(1.5 -1.97469e-13 0)
(1.5 -1.67597e-13 0)
(1.5 -2.00664e-13 0)
(1.5 -2.18492e-13 0)
(1.5 -1.84898e-13 0)
(1.5 -8.24145e-14 0)
(1.5 -3.10029e-14 0)
(1.5 -4.09355e-14 0)
(1.5 -6.55949e-14 0)
(1.5 -8.3507e-14 0)
(1.5 -1.23158e-13 0)
(1.5 -1.28765e-13 0)
(1.5 -1.15503e-13 0)
(1.5 -5.29947e-14 0)
(1.5 -7.11323e-14 0)
(1.5 -1.62147e-13 0)
(1.5 -1.5901e-13 0)
(1.5 -1.93784e-13 0)
(1.5 -1.43325e-13 0)
(1.5 -2.50643e-14 0)
(1.5 3.97583e-14 0)
(1.5 -4.48183e-14 0)
(1.5 5.13504e-15 0)
(1.5 3.55763e-14 0)
(1.5 1.23583e-13 0)
(1.5 1.21056e-13 0)
(1.5 4.69962e-14 0)
(1.5 -1.44283e-13 0)
(1.5 -1.55803e-13 0)
(1.5 -2.6356e-14 0)
(1.5 -9.93279e-14 0)
(1.5 -1.74411e-13 0)
(1.5 -2.21743e-13 0)
(1.5 -1.634e-13 0)
(1.5 -1.61861e-13 0)
(1.5 -1.26899e-13 0)
(1.5 -1.01666e-13 0)
(1.5 -1.12087e-13 0)
(1.5 -1.07186e-13 0)
(1.5 -1.39306e-13 0)
(1.5 -1.41128e-13 0)
(1.5 -1.06387e-13 0)
(1.5 -1.2061e-13 0)
(1.5 -7.72968e-14 0)
(1.5 -1.09099e-13 0)
(1.5 -8.38035e-14 0)
(1.5 -8.41726e-14 0)
(1.5 -6.23621e-14 0)
(1.5 -5.93278e-14 0)
(1.5 -8.83571e-16 0)
(1.5 -7.29882e-14 0)
(1.5 -1.14019e-13 0)
(1.5 -1.73374e-13 0)
(1.5 -1.8459e-13 0)
(1.5 -1.25093e-13 0)
(1.5 -9.60359e-14 0)
(1.5 -7.63632e-14 0)
(1.5 -6.07383e-14 0)
(1.5 2.5841e-14 0)
(1.5 1.55876e-14 0)
(1.5 -2.537e-14 0)
(1.5 -6.93886e-15 0)
(1.5 -7.28415e-14 0)
(1.5 -5.10913e-14 0)
(1.5 -5.57236e-14 0)
(1.5 -9.83225e-14 0)
(1.5 -1.42916e-13 0)
(1.5 -2.00496e-13 0)
(1.5 -1.74366e-13 0)
(1.5 -9.28428e-14 0)
(1.5 -1.06837e-13 0)
(1.5 -3.88039e-14 0)
(1.5 -3.39091e-14 0)
(1.5 -1.4041e-14 0)
(1.5 6.1242e-14 0)
(1.5 1.76147e-13 0)
(1.5 2.50209e-13 0)
(1.5 3.14336e-13 0)
(1.5 2.02263e-13 0)
(1.5 1.28364e-14 0)
(1.5 -1.06452e-13 0)
(1.5 -1.17333e-13 0)
(1.5 -1.78423e-13 0)
(1.5 -2.78814e-13 0)
(1.5 -3.06036e-13 0)
(1.5 -3.7108e-13 0)
(1.5 -3.83219e-13 0)
(1.5 -3.57582e-13 0)
(1.5 -2.78491e-13 0)
(1.5 -2.69084e-13 0)
(1.5 -2.23357e-13 0)
(1.5 -2.05154e-13 0)
(1.5 -1.65228e-13 0)
(1.5 -1.89909e-13 0)
(1.5 -1.32505e-13 0)
(1.5 -8.07898e-14 0)
(1.5 -1.00825e-14 0)
(1.5 -1.18655e-15 0)
(1.5 -2.60185e-14 0)
(1.5 -8.65717e-14 0)
(1.5 -1.00048e-13 0)
(1.5 -1.56377e-13 0)
(1.5 -1.44741e-13 0)
(1.5 -1.70991e-13 0)
(1.5 -1.66737e-13 0)
(1.5 -1.35205e-13 0)
(1.5 -1.56767e-13 0)
(1.5 -1.14438e-13 0)
(1.5 3.6342e-14 0)
(1.5 1.6594e-15 0)
(1.5 -7.53002e-14 0)
(1.5 -1.00757e-13 0)
(1.5 -5.37821e-14 0)
(1.5 -1.09367e-13 0)
(1.5 -1.02551e-13 0)
(1.5 -8.13639e-14 0)
(1.5 -4.34446e-16 0)
(1.5 1.23654e-14 0)
(1.5 7.6074e-14 0)
(1.5 1.93859e-13 0)
(1.5 2.54655e-13 0)
(1.5 2.34673e-13 0)
(1.5 2.54298e-13 0)
(1.5 1.8949e-13 0)
(1.5 1.29059e-13 0)
(1.5 -2.06748e-14 0)
(1.5 -2.18469e-14 0)
(1.5 1.1441e-13 0)
(1.5 9.46816e-14 0)
(1.5 1.71021e-13 0)
(1.5 2.13641e-13 0)
(1.5 1.63067e-13 0)
(1.5 9.98665e-14 0)
(1.5 9.62261e-15 0)
(1.5 8.74819e-14 0)
(1.5 1.7369e-13 0)
(1.5 2.91631e-13 0)
(1.5 4.08294e-13 0)
(1.5 4.14239e-13 0)
(1.5 3.70402e-13 0)
(1.5 2.96501e-13 0)
(1.5 2.18936e-13 0)
(1.5 3.10531e-13 0)
(1.5 3.43498e-13 0)
(1.5 3.45171e-13 0)
(1.5 2.00214e-13 0)
(1.5 1.91228e-13 0)
(1.5 2.66192e-13 0)
(1.5 3.19414e-13 0)
(1.5 3.49599e-13 0)
(1.5 2.9631e-13 0)
(1.5 2.62019e-13 0)
(1.5 -4.39715e-15 0)
(1.5 -6.36723e-14 0)
(1.5 -1.47086e-14 0)
(1.5 -2.36237e-14 0)
(1.5 -1.14021e-13 0)
(1.5 -2.11423e-13 0)
(1.5 -2.2252e-13 0)
(1.5 -1.37833e-13 0)
(1.5 -7.92684e-14 0)
(1.5 -1.66074e-13 0)
(1.5 -6.01625e-14 0)
(1.5 -6.05357e-14 0)
(1.5 -2.71652e-14 0)
(1.5 -4.61593e-14 0)
(1.5 -9.52343e-14 0)
(1.5 -7.98572e-14 0)
(1.5 -5.03065e-14 0)
(1.5 -1.02873e-14 0)
(1.5 -1.61826e-14 0)
(1.5 2.49007e-14 0)
(1.5 1.24966e-13 0)
(1.5 1.64365e-13 0)
(1.5 2.17253e-13 0)
(1.5 1.68968e-13 0)
(1.5 3.59676e-15 0)
(1.5 -6.02295e-14 0)
(1.5 -8.06628e-14 0)
(1.5 -1.6404e-13 0)
(1.5 -2.29889e-13 0)
(1.5 -1.17683e-13 0)
(1.5 -7.53535e-14 0)
(1.5 1.00937e-14 0)
(1.5 9.77515e-14 0)
(1.5 1.70254e-13 0)
(1.5 2.46995e-13 0)
(1.5 3.64748e-13 0)
(1.5 3.69374e-13 0)
(1.5 4.42806e-13 0)
(1.5 3.08514e-14 0)
(1.5 1.48003e-13 0)
(1.5 1.74483e-13 0)
(1.5 1.66476e-13 0)
(1.5 1.96357e-13 0)
(1.5 2.32659e-13 0)
(1.5 2.09121e-13 0)
(1.5 1.12711e-13 0)
(1.5 9.1553e-15 0)
(1.5 -7.20473e-14 0)
(1.5 -1.57846e-13 0)
(1.5 -2.20466e-13 0)
(1.5 -1.64907e-13 0)
(1.5 -8.7354e-14 0)
(1.5 -1.98876e-15 0)
(1.5 5.65888e-14 0)
(1.5 1.88695e-14 0)
(1.5 6.63227e-14 0)
(1.5 1.93174e-14 0)
(1.5 -9.02493e-15 0)
(1.5 -3.80585e-15 0)
(1.5 -7.00575e-14 0)
(1.5 6.3032e-14 0)
(1.5 4.9998e-14 0)
(1.5 -3.97834e-14 0)
(1.5 -1.8805e-13 0)
(1.5 -2.0826e-13 0)
(1.5 -1.39017e-13 0)
(1.5 -1.99548e-13 0)
(1.5 -9.59899e-14 0)
(1.5 -7.21175e-14 0)
(1.5 -1.41862e-13 0)
(1.5 -1.08772e-13 0)
(1.5 -6.66408e-14 0)
(1.5 -3.03232e-14 0)
(1.5 -9.71723e-14 0)
(1.5 -8.81801e-14 0)
(1.5 -2.14311e-13 0)
(1.5 -2.55282e-13 0)
(1.5 -1.39654e-13 0)
(1.5 -8.24177e-14 0)
(1.5 -1.16605e-13 0)
(1.5 -1.10422e-13 0)
(1.5 -8.06085e-14 0)
(1.5 -1.3579e-13 0)
(1.5 -9.6794e-14 0)
(1.5 -1.46948e-13 0)
(1.5 -1.82122e-13 0)
(1.5 -1.7328e-13 0)
(1.5 -1.27253e-13 0)
(1.5 -4.38982e-14 0)
(1.5 -5.30867e-14 0)
(1.5 -1.32132e-13 0)
(1.5 -1.49866e-13 0)
(1.5 -1.67207e-13 0)
(1.5 -1.37187e-13 0)
(1.5 -1.46389e-13 0)
(1.5 -8.5625e-14 0)
(1.5 -8.15589e-14 0)
(1.5 -6.0132e-14 0)
(1.5 -8.47937e-14 0)
(1.5 -2.14974e-13 0)
(1.5 -2.75047e-13 0)
(1.5 -2.40971e-13 0)
(1.5 -1.8823e-13 0)
(1.5 -9.88955e-14 0)
(1.5 -4.75693e-14 0)
(1.5 -5.48433e-14 0)
(1.5 -1.80456e-14 0)
(1.5 -3.03703e-14 0)
(1.5 -1.68903e-13 0)
(1.5 -2.46947e-13 0)
(1.5 -1.27837e-13 0)
(1.5 -9.60594e-14 0)
(1.5 -1.07552e-13 0)
(1.5 -2.35961e-13 0)
(1.5 -2.44426e-13 0)
(1.5 -1.23345e-13 0)
(1.5 -1.29764e-13 0)
(1.5 -1.1471e-13 0)
(1.5 -1.83975e-13 0)
(1.5 -1.7162e-13 0)
(1.5 -1.37094e-14 0)
(1.5 5.67156e-14 0)
(1.5 4.01687e-14 0)
(1.5 1.07493e-13 0)
(1.5 8.25952e-14 0)
(1.5 1.69857e-13 0)
(1.5 1.52986e-13 0)
(1.5 5.67845e-14 0)
(1.5 7.45014e-14 0)
(1.5 3.69501e-14 0)
(1.5 -2.80007e-14 0)
(1.5 -1.71725e-13 0)
(1.5 -2.25644e-13 0)
(1.5 -1.91774e-13 0)
(1.5 -1.74159e-13 0)
(1.5 -1.33506e-13 0)
(1.5 -1.48126e-13 0)
(1.5 -1.51035e-13 0)
(1.5 -1.0199e-13 0)
(1.5 -1.53128e-13 0)
(1.5 -1.75533e-13 0)
(1.5 -1.7505e-13 0)
(1.5 -1.48465e-13 0)
(1.5 -1.43471e-13 0)
(1.5 -6.40919e-14 0)
(1.5 -2.78232e-14 0)
(1.5 -6.68132e-14 0)
(1.5 -8.81084e-14 0)
(1.5 -3.35746e-14 0)
(1.5 -3.02143e-14 0)
(1.5 -6.08773e-14 0)
(1.5 -1.10103e-13 0)
(1.5 -1.40034e-13 0)
(1.5 -1.48517e-13 0)
(1.5 -1.28092e-13 0)
(1.5 -2.07437e-14 0)
(1.5 6.1485e-14 0)
(1.5 2.64133e-14 0)
(1.5 4.32269e-14 0)
(1.5 -1.98334e-14 0)
(1.5 -8.72105e-14 0)
(1.5 -9.91452e-14 0)
(1.5 -8.71795e-14 0)
(1.5 1.03621e-14 0)
(1.5 9.25667e-14 0)
(1.5 1.94782e-13 0)
(1.5 2.86949e-13 0)
(1.5 3.48408e-13 0)
(1.5 3.90153e-13 0)
(1.5 3.93085e-13 0)
(1.5 3.98977e-13 0)
(1.5 3.06516e-13 0)
(1.5 2.44835e-13 0)
(1.5 9.2161e-14 0)
(1.5 1.4042e-15 0)
(1.5 1.14041e-13 0)
(1.5 8.86396e-14 0)
(1.5 1.90406e-13 0)
(1.5 1.84784e-13 0)
(1.5 1.27853e-13 0)
(1.5 1.66433e-13 0)
(1.5 1.10767e-13 0)
(1.5 2.35348e-14 0)
(1.5 7.49106e-14 0)
(1.5 1.68893e-13 0)
(1.5 4.00266e-13 0)
(1.5 4.27986e-13 0)
(1.5 4.78319e-13 0)
(1.5 3.5e-13 0)
(1.5 2.54891e-13 0)
(1.5 3.48762e-13 0)
(1.5 3.60059e-13 0)
(1.5 2.3122e-13 0)
(1.5 1.0656e-13 0)
(1.5 4.05187e-15 0)
(1.5 6.49423e-14 0)
(1.5 7.27784e-14 0)
(1.5 2.51322e-14 0)
(1.5 -2.17896e-14 0)
(1.5 -8.5161e-14 0)
(1.5 -2.90411e-13 0)
(1.5 -3.25049e-13 0)
(1.5 -2.98496e-13 0)
(1.5 -2.98905e-13 0)
(1.5 -3.08322e-13 0)
(1.5 -3.71063e-13 0)
(1.5 -3.85839e-13 0)
(1.5 -3.46815e-13 0)
(1.5 -3.18267e-13 0)
(1.5 -3.26367e-13 0)
(1.5 -2.9229e-13 0)
(1.5 -3.46495e-13 0)
(1.5 -4.23003e-13 0)
(1.5 -4.1437e-13 0)
(1.5 -3.21765e-13 0)
(1.5 -2.85804e-13 0)
(1.5 -1.99668e-13 0)
(1.5 -1.65549e-13 0)
(1.5 -1.55119e-13 0)
(1.5 -1.19414e-13 0)
(1.5 5.1081e-14 0)
(1.5 7.19551e-14 0)
(1.5 6.31571e-14 0)
(1.5 -7.26408e-14 0)
(1.5 -2.23087e-13 0)
(1.5 -1.43724e-13 0)
(1.5 -9.99999e-14 0)
(1.5 -4.74656e-14 0)
(1.5 -6.37785e-14 0)
(1.5 -7.5309e-14 0)
(1.5 2.22741e-14 0)
(1.5 1.15577e-13 0)
(1.5 1.748e-13 0)
(1.5 1.63808e-13 0)
(1.5 1.31184e-13 0)
(1.5 2.54305e-13 0)
(1.5 2.77647e-13 0)
(1.5 3.03643e-13 0)
(1.5 2.90153e-14 0)
(1.5 7.09175e-14 0)
(1.5 6.76748e-14 0)
(1.5 9.48218e-14 0)
(1.5 2.02198e-13 0)
(1.5 2.21514e-13 0)
(1.5 2.08469e-13 0)
(1.5 1.12372e-13 0)
(1.5 4.03604e-14 0)
(1.5 -2.45335e-14 0)
(1.5 -1.31165e-13 0)
(1.5 -1.87515e-13 0)
(1.5 -2.53398e-14 0)
(1.5 1.47228e-14 0)
(1.5 1.15338e-13 0)
(1.5 1.00429e-13 0)
(1.5 7.25643e-14 0)
(1.5 9.56418e-14 0)
(1.5 8.14972e-14 0)
(1.5 5.68528e-14 0)
(1.5 -1.13388e-15 0)
(1.5 2.0873e-14 0)
(1.5 1.12331e-13 0)
(1.5 7.46163e-14 0)
(1.5 -6.41284e-14 0)
(1.5 -1.57071e-13 0)
(1.5 -1.70697e-13 0)
(1.5 -1.32813e-13 0)
(1.5 -2.00279e-13 0)
(1.5 -1.64124e-13 0)
(1.5 -1.75164e-13 0)
(1.5 -1.65481e-13 0)
(1.5 -1.72058e-13 0)
(1.5 -1.89468e-13 0)
(1.5 -2.29204e-13 0)
(1.5 -2.54897e-13 0)
(1.5 -2.41447e-13 0)
(1.5 -2.81248e-13 0)
(1.5 -3.32354e-13 0)
(1.5 -3.02847e-13 0)
(1.5 -2.13871e-13 0)
(1.5 -1.60946e-13 0)
(1.5 -5.40477e-14 0)
(1.5 -2.6062e-14 0)
(1.5 -4.19439e-14 0)
(1.5 -1.97121e-14 0)
(1.5 -7.12584e-14 0)
(1.5 -1.11586e-13 0)
(1.5 -7.22268e-14 0)
(1.5 -3.66377e-14 0)
(1.5 4.0183e-14 0)
(1.5 2.66857e-14 0)
(1.5 1.24856e-14 0)
(1.5 -3.5732e-14 0)
(1.5 -1.09997e-13 0)
(1.5 -1.13746e-13 0)
(1.5 -1.08739e-13 0)
(1.5 -4.8187e-14 0)
(1.5 -6.14221e-14 0)
(1.5 -6.15316e-14 0)
(1.5 -6.85482e-14 0)
(1.5 -2.52868e-13 0)
(1.5 -3.40786e-13 0)
(1.5 -2.15589e-13 0)
(1.5 -2.21421e-13 0)
(1.5 -1.52375e-13 0)
(1.5 -5.81591e-14 0)
(1.5 -3.08171e-14 0)
(1.5 -4.24369e-14 0)
(1.5 -6.53483e-14 0)
(1.5 -1.42401e-13 0)
(1.5 -1.48455e-13 0)
(1.5 -5.42685e-14 0)
(1.5 -5.13977e-14 0)
(1.5 -1.35536e-13 0)
(1.5 -2.2006e-13 0)
(1.5 -2.08562e-13 0)
(1.5 -5.48231e-14 0)
(1.5 -4.22381e-14 0)
(1.5 -1.73242e-14 0)
(1.5 -3.41022e-14 0)
(1.5 -5.69994e-14 0)
(1.5 3.98243e-14 0)
(1.5 4.19324e-14 0)
(1.5 -1.88405e-14 0)
(1.5 -8.8385e-14 0)
(1.5 -1.9662e-13 0)
(1.5 -1.74356e-13 0)
(1.5 -1.45505e-13 0)
(1.5 -1.08075e-13 0)
(1.5 -6.71137e-15 0)
(1.5 -1.64276e-14 0)
(1.5 -9.98646e-14 0)
(1.5 -2.1111e-13 0)
(1.5 -2.62008e-13 0)
(1.5 -1.98603e-13 0)
(1.5 -1.43131e-13 0)
(1.5 -9.54485e-14 0)
(1.5 -1.17435e-13 0)
(1.5 -6.79643e-14 0)
(1.5 4.31033e-14 0)
(1.5 -2.27101e-14 0)
(1.5 -1.40984e-13 0)
(1.5 -1.17171e-13 0)
(1.5 -1.03632e-13 0)
(1.5 -1.17096e-13 0)
(1.5 -1.0408e-13 0)
(1.5 -1.11113e-13 0)
(1.5 -1.13005e-13 0)
(1.5 -1.05579e-13 0)
(1.5 -7.11405e-14 0)
(1.5 -5.12464e-14 0)
(1.5 -1.44796e-14 0)
(1.5 -1.79166e-14 0)
(1.5 -2.99555e-14 0)
(1.5 -4.41308e-14 0)
(1.5 -2.88462e-14 0)
(1.5 1.20882e-14 0)
(1.5 -3.67189e-14 0)
(1.5 -3.96103e-15 0)
(1.5 9.18997e-14 0)
(1.5 2.01994e-15 0)
(1.5 -1.66423e-13 0)
(1.5 -1.32974e-13 0)
(1.5 -1.07336e-13 0)
(1.5 3.7276e-14 0)
(1.5 1.71018e-13 0)
(1.5 2.82715e-13 0)
(1.5 4.17765e-13 0)
(1.5 3.96138e-13 0)
(1.5 4.19307e-13 0)
(1.5 4.10293e-13 0)
(1.5 4.4135e-13 0)
(1.5 4.26014e-13 0)
(1.5 2.8749e-13 0)
(1.5 1.86273e-13 0)
(1.5 6.21726e-14 0)
(1.5 1.02322e-13 0)
(1.5 1.1305e-13 0)
(1.5 3.71143e-14 0)
(1.5 -5.20658e-15 0)
(1.5 6.16234e-15 0)
(1.5 5.73654e-14 0)
(1.5 8.17751e-14 0)
(1.5 3.48146e-14 0)
(1.5 1.2965e-13 0)
(1.5 1.97627e-13 0)
(1.5 3.57396e-13 0)
(1.5 3.561e-13 0)
(1.5 4.003e-13 0)
(1.5 3.59221e-13 0)
(1.5 3.48614e-13 0)
(1.5 3.80911e-13 0)
(1.5 3.41765e-13 0)
(1.5 1.47012e-13 0)
(1.5 1.36211e-13 0)
(1.5 -6.9674e-14 0)
(1.5 -2.88587e-14 0)
(1.5 -2.49826e-15 0)
(1.5 -9.80624e-14 0)
(1.5 -1.33801e-13 0)
(1.5 -2.44173e-13 0)
(1.5 -3.80252e-13 0)
(1.5 -3.89513e-13 0)
(1.5 -4.15945e-13 0)
(1.5 -4.71705e-13 0)
(1.5 -3.45983e-13 0)
(1.5 -4.05687e-13 0)
(1.5 -4.73939e-13 0)
(1.5 -4.79801e-13 0)
(1.5 -4.53375e-13 0)
(1.5 -3.79173e-13 0)
(1.5 -4.06332e-13 0)
(1.5 -4.22668e-13 0)
(1.5 -4.96354e-13 0)
(1.5 -4.37358e-13 0)
(1.5 -3.54032e-13 0)
(1.5 -3.99428e-13 0)
(1.5 -3.26613e-13 0)
(1.5 -1.92145e-13 0)
(1.5 -4.71508e-14 0)
(1.5 2.39035e-16 0)
(1.5 2.13625e-14 0)
(1.5 -3.88215e-15 0)
(1.5 -1.08102e-13 0)
(1.5 -2.22147e-13 0)
(1.5 -3.14828e-13 0)
(1.5 -1.95921e-13 0)
(1.5 -1.47835e-13 0)
(1.5 -1.01232e-13 0)
(1.5 1.34125e-14 0)
(1.5 -8.53055e-14 0)
(1.5 7.08544e-14 0)
(1.5 1.90768e-13 0)
(1.5 2.90466e-13 0)
(1.5 2.72476e-13 0)
(1.5 1.69099e-13 0)
(1.5 2.14564e-13 0)
(1.5 2.73109e-13 0)
(1.5 3.15722e-13 0)
(1.5 -4.88318e-14 0)
(1.5 -8.41752e-14 0)
(1.5 -5.0135e-14 0)
(1.5 6.66697e-14 0)
(1.5 1.63708e-13 0)
(1.5 1.26147e-13 0)
(1.5 8.29479e-14 0)
(1.5 5.71026e-14 0)
(1.5 -4.64521e-14 0)
(1.5 -1.10772e-13 0)
(1.5 -9.01585e-14 0)
(1.5 -7.36045e-14 0)
(1.5 6.18027e-14 0)
(1.5 9.55771e-14 0)
(1.5 1.29333e-13 0)
(1.5 7.00795e-14 0)
(1.5 7.76742e-14 0)
(1.5 7.34306e-14 0)
(1.5 8.37488e-14 0)
(1.5 1.29057e-13 0)
(1.5 7.96169e-14 0)
(1.5 4.7277e-14 0)
(1.5 3.89075e-15 0)
(1.5 -6.68822e-14 0)
(1.5 -1.49988e-13 0)
(1.5 -1.25003e-13 0)
(1.5 -1.25938e-13 0)
(1.5 -1.61585e-13 0)
(1.5 -1.72844e-13 0)
(1.5 -2.21891e-13 0)
(1.5 -2.04142e-13 0)
(1.5 -1.66067e-13 0)
(1.5 -1.87574e-13 0)
(1.5 -2.25084e-13 0)
(1.5 -2.73611e-13 0)
(1.5 -2.20695e-13 0)
(1.5 -1.84498e-13 0)
(1.5 -1.74754e-13 0)
(1.5 -2.47253e-13 0)
(1.5 -2.93205e-13 0)
(1.5 -2.28553e-13 0)
(1.5 -1.87021e-13 0)
(1.5 -1.07633e-13 0)
(1.5 -4.33512e-14 0)
(1.5 -1.55578e-15 0)
(1.5 1.90063e-14 0)
(1.5 1.20938e-14 0)
(1.5 -1.03096e-14 0)
(1.5 -4.3943e-14 0)
(1.5 -2.42883e-15 0)
(1.5 1.19387e-14 0)
(1.5 -5.5795e-15 0)
(1.5 6.24046e-14 0)
(1.5 -1.54879e-14 0)
(1.5 -7.32329e-14 0)
(1.5 -7.27156e-14 0)
(1.5 -5.63067e-14 0)
(1.5 -6.0378e-14 0)
(1.5 -9.48281e-14 0)
(1.5 -1.04873e-13 0)
(1.5 -6.46423e-14 0)
(1.5 -1.50286e-13 0)
(1.5 -1.93385e-13 0)
(1.5 -9.79804e-14 0)
(1.5 -1.1048e-13 0)
(1.5 -1.26338e-13 0)
(1.5 -6.00216e-14 0)
(1.5 -4.66799e-14 0)
(1.5 -6.86881e-14 0)
(1.5 -4.886e-14 0)
(1.5 2.77005e-15 0)
(1.5 5.15817e-14 0)
(1.5 6.94778e-14 0)
(1.5 3.58942e-14 0)
(1.5 -7.59629e-14 0)
(1.5 -8.91076e-14 0)
(1.5 -8.23654e-14 0)
(1.5 -5.37059e-14 0)
(1.5 -4.65669e-14 0)
(1.5 -1.23243e-14 0)
(1.5 1.02751e-13 0)
(1.5 1.3174e-13 0)
(1.5 1.52113e-13 0)
(1.5 6.49339e-14 0)
(1.5 -1.06492e-13 0)
(1.5 -3.36905e-13 0)
(1.5 -4.16871e-13 0)
(1.5 -4.14981e-13 0)
(1.5 -3.68461e-13 0)
(1.5 -2.68275e-13 0)
(1.5 -1.49011e-13 0)
(1.5 -1.00852e-13 0)
(1.5 -1.77382e-13 0)
(1.5 -2.20452e-13 0)
(1.5 -2.94697e-13 0)
(1.5 -2.27364e-13 0)
(1.5 -1.90964e-13 0)
(1.5 -2.17148e-13 0)
(1.5 -1.93849e-13 0)
(1.5 -7.29491e-14 0)
(1.5 6.1064e-14 0)
(1.5 7.76902e-14 0)
(1.5 -2.60062e-14 0)
(1.5 -1.04098e-13 0)
(1.5 -7.87095e-15 0)
(1.5 -2.14119e-14 0)
(1.5 -8.33594e-14 0)
(1.5 -5.04225e-14 0)
(1.5 -5.56443e-14 0)
(1.5 -4.49951e-14 0)
(1.5 -1.09333e-13 0)
(1.5 -9.06062e-14 0)
(1.5 3.49186e-14 0)
(1.5 -4.50683e-14 0)
(1.5 -2.07085e-14 0)
(1.5 1.28069e-14 0)
(1.5 1.78372e-14 0)
(1.5 -1.81457e-14 0)
(1.5 -1.38131e-13 0)
(1.5 -1.515e-13 0)
(1.5 -6.34239e-14 0)
(1.5 -5.79689e-14 0)
(1.5 -1.39246e-13 0)
(1.5 -1.2512e-13 0)
(1.5 -9.45751e-14 0)
(1.5 4.2781e-14 0)
(1.5 1.55368e-13 0)
(1.5 2.9881e-13 0)
(1.5 5.04335e-13 0)
(1.5 4.40433e-13 0)
(1.5 3.31727e-13 0)
(1.5 2.98756e-13 0)
(1.5 3.75368e-13 0)
(1.5 3.44461e-13 0)
(1.5 2.03374e-13 0)
(1.5 1.86452e-13 0)
(1.5 1.87284e-13 0)
(1.5 2.02341e-13 0)
(1.5 1.12356e-13 0)
(1.5 -2.17682e-14 0)
(1.5 -7.03389e-14 0)
(1.5 -5.75358e-14 0)
(1.5 2.28354e-14 0)
(1.5 9.0707e-14 0)
(1.5 1.56592e-13 0)
(1.5 1.5713e-13 0)
(1.5 2.03261e-13 0)
(1.5 2.67505e-13 0)
(1.5 2.60871e-13 0)
(1.5 2.87035e-13 0)
(1.5 3.61e-13 0)
(1.5 4.27681e-13 0)
(1.5 4.68319e-13 0)
(1.5 3.99467e-13 0)
(1.5 2.79921e-13 0)
(1.5 3.33709e-13 0)
(1.5 1.75138e-13 0)
(1.5 2.19767e-13 0)
(1.5 1.15392e-13 0)
(1.5 -7.97028e-14 0)
(1.5 -6.05743e-14 0)
(1.5 -1.55183e-13 0)
(1.5 -2.38772e-13 0)
(1.5 -3.06847e-13 0)
(1.5 -4.28775e-13 0)
(1.5 -4.23739e-13 0)
(1.5 -2.60332e-13 0)
(1.5 -2.52767e-13 0)
(1.5 -3.30068e-13 0)
(1.5 -3.76793e-13 0)
(1.5 -3.2104e-13 0)
(1.5 -3.04795e-13 0)
(1.5 -4.056e-13 0)
(1.5 -3.80735e-13 0)
(1.5 -3.62967e-13 0)
(1.5 -2.83255e-13 0)
(1.5 -2.13371e-13 0)
(1.5 -2.59764e-13 0)
(1.5 -1.68427e-13 0)
(1.5 -2.14803e-14 0)
(1.5 1.272e-13 0)
(1.5 1.24845e-13 0)
(1.5 9.60989e-14 0)
(1.5 9.38656e-14 0)
(1.5 -5.19609e-14 0)
(1.5 -1.77366e-13 0)
(1.5 -2.06186e-13 0)
(1.5 -1.22305e-13 0)
(1.5 -8.25624e-14 0)
(1.5 -6.50577e-15 0)
(1.5 1.62968e-13 0)
(1.5 9.75121e-14 0)
(1.5 1.92602e-13 0)
(1.5 2.63527e-13 0)
(1.5 3.18365e-13 0)
(1.5 2.79802e-13 0)
(1.5 2.23731e-13 0)
(1.5 1.84155e-13 0)
(1.5 2.16117e-13 0)
(1.5 2.27349e-13 0)
(1.5 -4.83759e-14 0)
(1.5 -1.09585e-13 0)
(1.5 -2.82797e-14 0)
(1.5 6.82317e-14 0)
(1.5 8.35341e-14 0)
(1.5 1.14465e-13 0)
(1.5 7.98933e-14 0)
(1.5 7.81601e-14 0)
(1.5 -1.26572e-14 0)
(1.5 -1.46962e-13 0)
(1.5 -9.83667e-14 0)
(1.5 -1.69279e-14 0)
(1.5 5.09735e-14 0)
(1.5 8.7289e-14 0)
(1.5 2.82596e-14 0)
(1.5 -1.31608e-14 0)
(1.5 1.65834e-14 0)
(1.5 1.10288e-14 0)
(1.5 -8.74911e-15 0)
(1.5 5.84949e-14 0)
(1.5 5.41547e-14 0)
(1.5 5.6419e-15 0)
(1.5 -1.21725e-13 0)
(1.5 -2.13582e-13 0)
(1.5 -1.34821e-13 0)
(1.5 -7.66367e-14 0)
(1.5 -8.48348e-14 0)
(1.5 -1.07399e-13 0)
(1.5 -1.25178e-13 0)
(1.5 -2.23454e-13 0)
(1.5 -2.3837e-13 0)
(1.5 -2.10664e-13 0)
(1.5 -2.3407e-13 0)
(1.5 -2.11121e-13 0)
(1.5 -2.68935e-13 0)
(1.5 -2.23327e-13 0)
(1.5 -1.76115e-13 0)
(1.5 -8.05134e-14 0)
(1.5 -1.28061e-13 0)
(1.5 -2.12294e-13 0)
(1.5 -2.22535e-13 0)
(1.5 -2.17666e-13 0)
(1.5 -2.38702e-13 0)
(1.5 -1.38293e-13 0)
(1.5 -6.79329e-14 0)
(1.5 -5.68889e-14 0)
(1.5 -2.79341e-15 0)
(1.5 2.25212e-14 0)
(1.5 -5.80004e-14 0)
(1.5 -7.33159e-14 0)
(1.5 -6.44625e-14 0)
(1.5 -7.76825e-14 0)
(1.5 -3.25747e-14 0)
(1.5 -1.14474e-13 0)
(1.5 -1.51559e-13 0)
(1.5 -1.22396e-13 0)
(1.5 -9.78292e-14 0)
(1.5 -1.53281e-13 0)
(1.5 -1.63862e-13 0)
(1.5 -1.9154e-13 0)
(1.5 -1.63004e-13 0)
(1.5 -6.37207e-14 0)
(1.5 4.47134e-15 0)
(1.5 7.02508e-15 0)
(1.5 3.12308e-14 0)
(1.5 -4.14131e-15 0)
(1.5 -4.11639e-14 0)
(1.5 -7.64003e-14 0)
(1.5 -8.26748e-14 0)
(1.5 -1.07107e-13 0)
(1.5 -7.10378e-14 0)
(1.5 -2.26101e-14 0)
(1.5 3.92812e-14 0)
(1.5 4.38484e-15 0)
(1.5 -4.14736e-14 0)
(1.5 -4.45282e-14 0)
(1.5 -1.08051e-13 0)
(1.5 -1.42644e-13 0)
(1.5 -5.71433e-14 0)
(1.5 -7.60669e-14 0)
(1.5 1.41146e-14 0)
(1.5 -6.10517e-15 0)
(1.5 2.34389e-14 0)
(1.5 -8.94593e-14 0)
(1.5 -2.91569e-13 0)
(1.5 -4.18686e-13 0)
(1.5 -4.13068e-13 0)
(1.5 -4.32187e-13 0)
(1.5 -3.61967e-13 0)
(1.5 -3.23985e-13 0)
(1.5 -2.37648e-13 0)
(1.5 -2.28228e-13 0)
(1.5 -1.99737e-13 0)
(1.5 -1.51442e-13 0)
(1.5 -1.74611e-13 0)
(1.5 -6.68569e-14 0)
(1.5 -7.43787e-14 0)
(1.5 -1.50355e-13 0)
(1.5 -1.39032e-13 0)
(1.5 -4.39331e-14 0)
(1.5 4.43724e-14 0)
(1.5 6.8494e-14 0)
(1.5 3.89746e-15 0)
(1.5 -4.54875e-14 0)
(1.5 -6.00616e-14 0)
(1.5 -2.22599e-14 0)
(1.5 1.08559e-14 0)
(1.5 1.28859e-13 0)
(1.5 1.01316e-13 0)
(1.5 -2.5245e-14 0)
(1.5 -7.78937e-14 0)
(1.5 -1.35366e-14 0)
(1.5 5.0713e-14 0)
(1.5 -2.03887e-14 0)
(1.5 -3.28192e-14 0)
(1.5 -6.63048e-15 0)
(1.5 4.4265e-14 0)
(1.5 -1.52553e-15 0)
(1.5 -1.48976e-13 0)
(1.5 -2.23036e-13 0)
(1.5 -1.70393e-13 0)
(1.5 -2.1218e-14 0)
(1.5 1.1685e-14 0)
(1.5 1.27559e-14 0)
(1.5 -1.11486e-14 0)
(1.5 5.20094e-14 0)
(1.5 1.32146e-13 0)
(1.5 3.11582e-13 0)
(1.5 4.46303e-13 0)
(1.5 3.85437e-13 0)
(1.5 2.69775e-13 0)
(1.5 2.92224e-13 0)
(1.5 3.52802e-13 0)
(1.5 2.44761e-13 0)
(1.5 1.95539e-13 0)
(1.5 1.76239e-13 0)
(1.5 2.03632e-13 0)
(1.5 2.2481e-13 0)
(1.5 8.26511e-14 0)
(1.5 8.94906e-15 0)
(1.5 -1.44345e-14 0)
(1.5 -7.09867e-14 0)
(1.5 -1.12483e-14 0)
(1.5 4.9211e-14 0)
(1.5 4.4128e-14 0)
(1.5 3.14879e-14 0)
(1.5 1.36944e-13 0)
(1.5 1.65885e-13 0)
(1.5 3.32761e-13 0)
(1.5 4.58156e-13 0)
(1.5 5.74329e-13 0)
(1.5 6.17516e-13 0)
(1.5 7.02748e-13 0)
(1.5 6.77154e-13 0)
(1.5 5.9284e-13 0)
(1.5 5.50111e-13 0)
(1.5 5.42157e-13 0)
(1.5 4.88373e-13 0)
(1.5 2.75569e-13 0)
(1.5 -6.12697e-15 0)
(1.5 -8.26088e-15 0)
(1.5 -1.60545e-14 0)
(1.5 8.7874e-15 0)
(1.5 -1.40079e-13 0)
(1.5 -2.80346e-13 0)
(1.5 -2.31862e-13 0)
(1.5 -2.03196e-13 0)
(1.5 -2.3195e-13 0)
(1.5 -2.25431e-13 0)
(1.5 -2.4893e-13 0)
(1.5 -2.3433e-13 0)
(1.5 -3.02121e-13 0)
(1.5 -4.13167e-13 0)
(1.5 -4.01665e-13 0)
(1.5 -2.89562e-13 0)
(1.5 -1.37913e-13 0)
(1.5 -8.70296e-14 0)
(1.5 -6.67866e-14 0)
(1.5 8.30216e-14 0)
(1.5 9.62836e-14 0)
(1.5 1.45965e-13 0)
(1.5 1.40413e-13 0)
(1.5 2.31107e-13 0)
(1.5 2.34599e-13 0)
(1.5 8.97929e-14 0)
(1.5 -2.99249e-14 0)
(1.5 -4.59797e-14 0)
(1.5 -2.29065e-14 0)
(1.5 5.15485e-14 0)
(1.5 2.12833e-13 0)
(1.5 3.32046e-13 0)
(1.5 4.2175e-13 0)
(1.5 5.13217e-13 0)
(1.5 4.61365e-13 0)
(1.5 3.40433e-13 0)
(1.5 1.62856e-13 0)
(1.5 1.25995e-13 0)
(1.5 1.0495e-13 0)
(1.5 9.74345e-14 0)
(1.5 4.76334e-14 0)
(1.5 -4.2401e-14 0)
(1.5 -1.49677e-13 0)
(1.5 -1.13959e-13 0)
(1.5 7.95308e-15 0)
(1.5 7.6214e-15 0)
(1.5 2.26032e-14 0)
(1.5 3.00265e-14 0)
(1.5 4.75057e-14 0)
(1.5 9.53075e-14 0)
(1.5 -7.71331e-14 0)
(1.5 -1.01962e-13 0)
(1.5 -2.79004e-14 0)
(1.5 2.99096e-14 0)
(1.5 7.91658e-15 0)
(1.5 -3.18884e-14 0)
(1.5 -6.28494e-14 0)
(1.5 -1.03941e-13 0)
(1.5 -1.19206e-13 0)
(1.5 -1.27309e-13 0)
(1.5 -1.01514e-13 0)
(1.5 -1.18477e-13 0)
(1.5 -1.20815e-13 0)
(1.5 -1.97681e-13 0)
(1.5 -2.1174e-13 0)
(1.5 -7.18791e-14 0)
(1.5 -1.07461e-13 0)
(1.5 -1.48527e-13 0)
(1.5 -1.30068e-13 0)
(1.5 -1.23932e-13 0)
(1.5 -2.09433e-13 0)
(1.5 -2.46772e-13 0)
(1.5 -2.35012e-13 0)
(1.5 -2.21745e-13 0)
(1.5 -2.68009e-13 0)
(1.5 -3.26309e-13 0)
(1.5 -2.44202e-13 0)
(1.5 -2.58224e-13 0)
(1.5 -1.41578e-13 0)
(1.5 -1.21078e-13 0)
(1.5 -1.71164e-13 0)
(1.5 -2.46488e-13 0)
(1.5 -2.34609e-13 0)
(1.5 -2.28702e-13 0)
(1.5 -1.65294e-13 0)
(1.5 -1.56471e-13 0)
(1.5 -1.70096e-13 0)
(1.5 -1.38689e-13 0)
(1.5 -1.10645e-13 0)
(1.5 -1.0397e-13 0)
(1.5 -1.21642e-13 0)
(1.5 -1.18783e-13 0)
(1.5 -1.35189e-13 0)
(1.5 -1.38695e-13 0)
(1.5 -1.37381e-13 0)
(1.5 -1.58443e-13 0)
(1.5 -2.09168e-13 0)
(1.5 -1.96635e-13 0)
(1.5 -2.09723e-13 0)
(1.5 -1.70662e-13 0)
(1.5 -2.02026e-13 0)
(1.5 -2.12727e-13 0)
(1.5 -3.93434e-14 0)
(1.5 3.40716e-14 0)
(1.5 1.04661e-14 0)
(1.5 1.03765e-13 0)
(1.5 7.97079e-14 0)
(1.5 -4.17765e-14 0)
(1.5 -8.47997e-14 0)
(1.5 -9.93615e-14 0)
(1.5 -1.15065e-13 0)
(1.5 -1.72348e-13 0)
(1.5 -1.66656e-13 0)
(1.5 -1.41113e-13 0)
(1.5 -9.70366e-14 0)
(1.5 -8.52581e-14 0)
(1.5 -1.00325e-13 0)
(1.5 -1.49843e-13 0)
(1.5 -1.50424e-13 0)
(1.5 -8.19899e-14 0)
(1.5 -1.23131e-13 0)
(1.5 -1.00818e-13 0)
(1.5 -1.16076e-13 0)
(1.5 -1.90457e-13 0)
(1.5 -3.03991e-13 0)
(1.5 -3.79523e-13 0)
(1.5 -4.13197e-13 0)
(1.5 -3.68804e-13 0)
(1.5 -4.40748e-13 0)
(1.5 -3.60196e-13 0)
(1.5 -2.56549e-13 0)
(1.5 -2.23382e-13 0)
(1.5 -2.85449e-13 0)
(1.5 -2.14979e-13 0)
(1.5 -1.43109e-13 0)
(1.5 -1.18741e-13 0)
(1.5 -6.26822e-14 0)
(1.5 -3.20911e-14 0)
(1.5 -6.49124e-14 0)
(1.5 -1.24663e-13 0)
(1.5 -8.97216e-14 0)
(1.5 -9.65726e-14 0)
(1.5 -9.05227e-14 0)
(1.5 -5.55631e-14 0)
(1.5 9.13932e-14 0)
(1.5 3.33946e-14 0)
(1.5 4.64506e-14 0)
(1.5 1.62506e-13 0)
(1.5 2.07089e-13 0)
(1.5 1.40197e-13 0)
(1.5 3.34048e-14 0)
(1.5 5.5195e-14 0)
(1.5 1.42579e-13 0)
(1.5 1.67031e-13 0)
(1.5 1.39172e-13 0)
(1.5 6.15898e-14 0)
(1.5 5.55139e-14 0)
(1.5 2.90531e-14 0)
(1.5 -1.90639e-14 0)
(1.5 -1.27307e-13 0)
(1.5 -1.61491e-13 0)
(1.5 -1.73929e-13 0)
(1.5 1.41375e-14 0)
(1.5 1.36567e-13 0)
(1.5 9.13311e-14 0)
(1.5 5.34153e-14 0)
(1.5 3.25925e-14 0)
(1.5 1.64592e-13 0)
(1.5 2.24016e-13 0)
(1.5 2.47346e-13 0)
(1.5 2.63385e-13 0)
(1.5 2.87027e-13 0)
(1.5 3.11932e-13 0)
(1.5 3.88302e-13 0)
(1.5 2.58309e-13 0)
(1.5 2.39487e-13 0)
(1.5 1.67982e-13 0)
(1.5 1.32152e-13 0)
(1.5 6.02292e-14 0)
(1.5 -1.97573e-15 0)
(1.5 -3.8874e-14 0)
(1.5 -4.22709e-14 0)
(1.5 -6.67204e-14 0)
(1.5 -7.93391e-14 0)
(1.5 -7.40517e-14 0)
(1.5 -8.44566e-14 0)
(1.5 -2.1637e-15 0)
(1.5 1.42263e-13 0)
(1.5 2.32512e-13 0)
(1.5 4.28384e-13 0)
(1.5 5.86448e-13 0)
(1.5 7.33134e-13 0)
(1.5 7.89458e-13 0)
(1.5 8.72506e-13 0)
(1.5 9.04207e-13 0)
(1.5 8.40375e-13 0)
(1.5 6.44559e-13 0)
(1.5 6.93855e-13 0)
(1.5 5.58536e-13 0)
(1.5 4.28538e-13 0)
(1.5 2.66802e-13 0)
(1.5 1.41986e-13 0)
(1.5 1.68578e-13 0)
(1.5 1.81994e-13 0)
(1.5 3.56661e-14 0)
(1.5 -1.27197e-13 0)
(1.5 -1.38736e-13 0)
(1.5 -1.78514e-13 0)
(1.5 -2.54571e-13 0)
(1.5 -1.36444e-13 0)
(1.5 -8.8176e-14 0)
(1.5 -1.38218e-13 0)
(1.5 -2.64081e-13 0)
(1.5 -3.38037e-13 0)
(1.5 -3.05149e-13 0)
(1.5 -1.46744e-13 0)
(1.5 -1.31356e-14 0)
(1.5 2.0959e-14 0)
(1.5 7.75995e-14 0)
(1.5 1.51613e-13 0)
(1.5 1.09482e-13 0)
(1.5 1.51387e-13 0)
(1.5 1.4997e-13 0)
(1.5 2.31085e-13 0)
(1.5 2.60018e-13 0)
(1.5 1.37044e-13 0)
(1.5 5.13034e-14 0)
(1.5 4.97027e-14 0)
(1.5 -2.52622e-14 0)
(1.5 1.04755e-13 0)
(1.5 2.80438e-13 0)
(1.5 3.60543e-13 0)
(1.5 4.99319e-13 0)
(1.5 6.01045e-13 0)
(1.5 5.37486e-13 0)
(1.5 3.47115e-13 0)
(1.5 2.48516e-13 0)
(1.5 1.78352e-13 0)
(1.5 1.16661e-13 0)
(1.5 -1.38655e-14 0)
(1.5 -5.14868e-14 0)
(1.5 -9.07323e-14 0)
(1.5 -1.47681e-13 0)
(1.5 -1.44693e-13 0)
(1.5 -5.07802e-15 0)
(1.5 -4.19232e-14 0)
(1.5 -9.30511e-14 0)
(1.5 -1.98928e-14 0)
(1.5 3.22928e-14 0)
(1.5 2.26618e-13 0)
(1.5 2.11921e-13 0)
(1.5 1.20037e-13 0)
(1.5 6.12599e-14 0)
(1.5 2.27006e-14 0)
(1.5 1.75307e-15 0)
(1.5 -1.06963e-14 0)
(1.5 -1.03505e-14 0)
(1.5 -1.37107e-13 0)
(1.5 -1.67789e-13 0)
(1.5 -1.53064e-13 0)
(1.5 -1.70295e-13 0)
(1.5 -1.66394e-13 0)
(1.5 -2.21529e-13 0)
(1.5 -2.31719e-13 0)
(1.5 -2.08678e-13 0)
(1.5 -1.84402e-13 0)
(1.5 -1.83231e-13 0)
(1.5 -1.82338e-13 0)
(1.5 -1.63354e-13 0)
(1.5 -1.40366e-13 0)
(1.5 -2.47926e-13 0)
(1.5 -2.29367e-13 0)
(1.5 -1.96888e-13 0)
(1.5 -1.46367e-13 0)
(1.5 -2.52265e-13 0)
(1.5 -2.76487e-13 0)
(1.5 -2.19902e-13 0)
(1.5 -2.59967e-13 0)
(1.5 -1.73931e-13 0)
(1.5 -5.7058e-14 0)
(1.5 -9.14557e-14 0)
(1.5 -1.26743e-13 0)
(1.5 -1.18555e-13 0)
(1.5 -7.11026e-14 0)
(1.5 -9.96109e-14 0)
(1.5 -1.3237e-13 0)
(1.5 -1.61741e-13 0)
(1.5 -2.0167e-13 0)
(1.5 -1.92576e-13 0)
(1.5 -1.3601e-13 0)
(1.5 -9.30476e-14 0)
(1.5 -1.1007e-13 0)
(1.5 -1.3573e-13 0)
(1.5 -2.12333e-13 0)
(1.5 -1.48963e-13 0)
(1.5 -1.17743e-13 0)
(1.5 -1.99518e-13 0)
(1.5 -2.09938e-13 0)
(1.5 -2.4817e-13 0)
(1.5 -1.56568e-13 0)
(1.5 -1.45941e-13 0)
(1.5 -1.64097e-13 0)
(1.5 -5.73882e-14 0)
(1.5 1.021e-14 0)
(1.5 -2.16369e-14 0)
(1.5 2.78084e-14 0)
(1.5 7.09501e-14 0)
(1.5 -6.39156e-15 0)
(1.5 -4.75207e-14 0)
(1.5 -1.08136e-13 0)
(1.5 -1.12456e-13 0)
(1.5 -2.06103e-13 0)
(1.5 -2.74574e-13 0)
(1.5 -2.86667e-13 0)
(1.5 -1.80004e-13 0)
(1.5 -1.68716e-13 0)
(1.5 -2.00781e-13 0)
(1.5 -1.85866e-13 0)
(1.5 -1.54903e-13 0)
(1.5 -1.56792e-13 0)
(1.5 -1.61927e-13 0)
(1.5 -2.06728e-13 0)
(1.5 -2.27581e-13 0)
(1.5 -3.22253e-13 0)
(1.5 -3.64777e-13 0)
(1.5 -3.49634e-13 0)
(1.5 -3.87909e-13 0)
(1.5 -4.34209e-13 0)
(1.5 -4.23797e-13 0)
(1.5 -2.95229e-13 0)
(1.5 -7.80215e-14 0)
(1.5 -9.14046e-14 0)
(1.5 -1.49938e-13 0)
(1.5 -1.61661e-13 0)
(1.5 -1.52172e-13 0)
(1.5 -1.1241e-13 0)
(1.5 -1.76367e-13 0)
(1.5 -1.48339e-13 0)
(1.5 -1.70618e-13 0)
(1.5 -2.15696e-13 0)
(1.5 -1.60266e-13 0)
(1.5 -2.08085e-13 0)
(1.5 -2.12159e-13 0)
(1.5 -5.27731e-14 0)
(1.5 1.20084e-13 0)
(1.5 1.63112e-13 0)
(1.5 1.71107e-13 0)
(1.5 2.35143e-13 0)
(1.5 1.60541e-13 0)
(1.5 9.29946e-14 0)
(1.5 1.49393e-13 0)
(1.5 2.02049e-13 0)
(1.5 3.28718e-13 0)
(1.5 2.86739e-13 0)
(1.5 2.15027e-13 0)
(1.5 1.67507e-13 0)
(1.5 1.34342e-13 0)
(1.5 -1.77755e-14 0)
(1.5 -1.35352e-13 0)
(1.5 -2.00915e-13 0)
(1.5 -1.28638e-13 0)
(1.5 -1.4667e-13 0)
(1.5 -1.17571e-14 0)
(1.5 1.0364e-13 0)
(1.5 7.52649e-14 0)
(1.5 5.18976e-14 0)
(1.5 -4.94654e-15 0)
(1.5 1.22714e-13 0)
(1.5 1.12707e-13 0)
(1.5 8.52108e-14 0)
(1.5 1.5093e-13 0)
(1.5 1.8769e-13 0)
(1.5 2.24947e-13 0)
(1.5 2.81599e-13 0)
(1.5 1.86967e-13 0)
(1.5 2.12079e-13 0)
(1.5 2.02253e-13 0)
(1.5 1.20731e-13 0)
(1.5 1.77057e-14 0)
(1.5 -2.26173e-14 0)
(1.5 5.70656e-15 0)
(1.5 2.49517e-14 0)
(1.5 8.4337e-14 0)
(1.5 4.90626e-14 0)
(1.5 6.85938e-14 0)
(1.5 9.47649e-14 0)
(1.5 1.78924e-13 0)
(1.5 2.49708e-13 0)
(1.5 3.6942e-13 0)
(1.5 4.09545e-13 0)
(1.5 5.21022e-13 0)
(1.5 6.77081e-13 0)
(1.5 7.62051e-13 0)
(1.5 8.1615e-13 0)
(1.5 8.44187e-13 0)
(1.5 8.24969e-13 0)
(1.5 6.65995e-13 0)
(1.5 6.26823e-13 0)
(1.5 5.49483e-13 0)
(1.5 5.06527e-13 0)
(1.5 4.74744e-13 0)
(1.5 2.73233e-13 0)
(1.5 2.08485e-13 0)
(1.5 1.38283e-13 0)
(1.5 9.26839e-14 0)
(1.5 -2.67036e-14 0)
(1.5 -3.9799e-14 0)
(1.5 -1.04321e-13 0)
(1.5 -1.16315e-13 0)
(1.5 -7.27487e-14 0)
(1.5 -6.09094e-14 0)
(1.5 -9.66137e-14 0)
(1.5 -1.96756e-13 0)
(1.5 -1.71467e-13 0)
(1.5 -1.33061e-13 0)
(1.5 -6.46463e-15 0)
(1.5 -2.23958e-15 0)
(1.5 9.17441e-14 0)
(1.5 1.65538e-13 0)
(1.5 1.70407e-13 0)
(1.5 1.34243e-13 0)
(1.5 1.58269e-13 0)
(1.5 1.45166e-13 0)
(1.5 1.82784e-13 0)
(1.5 2.08141e-13 0)
(1.5 1.55081e-13 0)
(1.5 1.7315e-13 0)
(1.5 2.01817e-13 0)
(1.5 1.53359e-13 0)
(1.5 2.03955e-13 0)
(1.5 2.5935e-13 0)
(1.5 2.7575e-13 0)
(1.5 3.57648e-13 0)
(1.5 4.28905e-13 0)
(1.5 4.32537e-13 0)
(1.5 3.47452e-13 0)
(1.5 3.85794e-13 0)
(1.5 3.3188e-13 0)
(1.5 1.48779e-13 0)
(1.5 -9.7618e-14 0)
(1.5 -1.62388e-13 0)
(1.5 -5.87473e-14 0)
(1.5 -8.18909e-14 0)
(1.5 -9.94806e-14 0)
(1.5 -7.95937e-14 0)
(1.5 -1.24899e-13 0)
(1.5 -1.28697e-13 0)
(1.5 5.02177e-14 0)
(1.5 1.47377e-13 0)
(1.5 3.09042e-13 0)
(1.5 4.13517e-13 0)
(1.5 3.5215e-13 0)
(1.5 2.78281e-13 0)
(1.5 1.61506e-13 0)
(1.5 1.24665e-13 0)
(1.5 7.76573e-14 0)
(1.5 6.40928e-14 0)
(1.5 2.82887e-14 0)
(1.5 -8.98994e-14 0)
(1.5 -2.03229e-13 0)
(1.5 -2.62521e-13 0)
(1.5 -2.30323e-13 0)
(1.5 -2.72086e-13 0)
(1.5 -3.12582e-13 0)
(1.5 -2.8635e-13 0)
(1.5 -2.717e-13 0)
(1.5 -1.76876e-13 0)
(1.5 -1.1463e-13 0)
(1.5 -1.44253e-13 0)
(1.5 -1.82432e-13 0)
(1.5 -2.48112e-13 0)
(1.5 -2.58436e-13 0)
(1.5 -2.63053e-13 0)
(1.5 -2.06909e-13 0)
(1.5 -2.19742e-13 0)
(1.5 -1.94424e-13 0)
(1.5 -2.23743e-13 0)
(1.5 -1.98043e-13 0)
(1.5 -1.24522e-13 0)
(1.5 -2.14601e-14 0)
(1.5 -1.59884e-14 0)
(1.5 -1.27644e-14 0)
(1.5 -2.84953e-14 0)
(1.5 -1.83049e-14 0)
(1.5 -1.46185e-13 0)
(1.5 -1.76686e-13 0)
(1.5 -1.98754e-13 0)
(1.5 -1.8331e-13 0)
(1.5 -1.4553e-13 0)
(1.5 -9.98834e-14 0)
(1.5 -7.43248e-14 0)
(1.5 -1.27164e-13 0)
(1.5 -1.46743e-13 0)
(1.5 -2.24903e-13 0)
(1.5 -1.7533e-13 0)
(1.5 -1.3977e-13 0)
(1.5 -1.75291e-13 0)
(1.5 -2.5798e-13 0)
(1.5 -3.03129e-13 0)
(1.5 -2.55139e-13 0)
(1.5 -2.26908e-13 0)
(1.5 -2.00197e-13 0)
(1.5 -1.72016e-13 0)
(1.5 -3.87114e-14 0)
(1.5 -6.09089e-14 0)
(1.5 -8.98365e-14 0)
(1.5 -3.32753e-14 0)
(1.5 -1.89742e-14 0)
(1.5 -3.62038e-14 0)
(1.5 -1.38987e-13 0)
(1.5 -1.61918e-13 0)
(1.5 -1.12642e-13 0)
(1.5 -1.60403e-13 0)
(1.5 -2.04227e-13 0)
(1.5 -1.60236e-13 0)
(1.5 -8.55486e-14 0)
(1.5 -6.01261e-14 0)
(1.5 -5.16379e-14 0)
(1.5 -5.88406e-14 0)
(1.5 -8.31243e-14 0)
(1.5 -7.60679e-14 0)
(1.5 -1.5746e-13 0)
(1.5 -2.97285e-13 0)
(1.5 -4.0148e-13 0)
(1.5 -3.56389e-13 0)
(1.5 -3.43662e-13 0)
(1.5 -3.27964e-13 0)
(1.5 -4.14052e-13 0)
(1.5 -4.00071e-13 0)
(1.5 -2.93889e-13 0)
(1.5 -1.67095e-13 0)
(1.5 -1.99398e-13 0)
(1.5 -2.44508e-13 0)
(1.5 -2.63882e-13 0)
(1.5 -2.28886e-13 0)
(1.5 -1.62541e-13 0)
(1.5 -2.25754e-13 0)
(1.5 -2.30915e-13 0)
(1.5 -2.70661e-13 0)
(1.5 -2.15506e-13 0)
(1.5 -1.57823e-13 0)
(1.5 -2.32116e-13 0)
(1.5 -2.13547e-13 0)
(1.5 -5.81362e-14 0)
(1.5 2.51921e-15 0)
(1.5 7.26327e-14 0)
(1.5 1.552e-13 0)
(1.5 2.34856e-13 0)
(1.5 1.26127e-13 0)
(1.5 5.57481e-14 0)
(1.5 1.32673e-13 0)
(1.5 2.02306e-13 0)
(1.5 3.11936e-13 0)
(1.5 1.7242e-13 0)
(1.5 1.07336e-13 0)
(1.5 8.68482e-14 0)
(1.5 1.18619e-14 0)
(1.5 -6.72566e-14 0)
(1.5 -1.82674e-13 0)
(1.5 -2.23972e-13 0)
(1.5 -1.24543e-13 0)
(1.5 -5.8906e-14 0)
(1.5 -1.52577e-14 0)
(1.5 5.50003e-14 0)
(1.5 1.14582e-13 0)
(1.5 5.53697e-14 0)
(1.5 1.38236e-14 0)
(1.5 2.2583e-14 0)
(1.5 -5.62971e-15 0)
(1.5 -6.67441e-14 0)
(1.5 -7.88962e-15 0)
(1.5 4.02772e-14 0)
(1.5 4.24151e-14 0)
(1.5 -1.09184e-15 0)
(1.5 1.0672e-13 0)
(1.5 1.93492e-13 0)
(1.5 2.16681e-13 0)
(1.5 1.31242e-13 0)
(1.5 2.87931e-14 0)
(1.5 -8.17924e-14 0)
(1.5 -5.81512e-15 0)
(1.5 6.86591e-14 0)
(1.5 1.50218e-13 0)
(1.5 2.05915e-13 0)
(1.5 2.50562e-13 0)
(1.5 2.91724e-13 0)
(1.5 3.29233e-13 0)
(1.5 3.48132e-13 0)
(1.5 4.41135e-13 0)
(1.5 4.25967e-13 0)
(1.5 4.64103e-13 0)
(1.5 5.8521e-13 0)
(1.5 6.3375e-13 0)
(1.5 6.07224e-13 0)
(1.5 6.77407e-13 0)
(1.5 7.09973e-13 0)
(1.5 6.11462e-13 0)
(1.5 5.46944e-13 0)
(1.5 5.44131e-13 0)
(1.5 4.7188e-13 0)
(1.5 4.99217e-13 0)
(1.5 4.16857e-13 0)
(1.5 2.59208e-13 0)
(1.5 1.54043e-13 0)
(1.5 8.47439e-14 0)
(1.5 2.44043e-14 0)
(1.5 -3.01804e-14 0)
(1.5 -6.78154e-14 0)
(1.5 -6.93462e-14 0)
(1.5 -1.35448e-13 0)
(1.5 -2.08139e-13 0)
(1.5 -1.78274e-13 0)
(1.5 -1.21045e-13 0)
(1.5 -6.38136e-14 0)
(1.5 2.80425e-14 0)
(1.5 6.78024e-14 0)
(1.5 3.02054e-14 0)
(1.5 1.32734e-13 0)
(1.5 2.21072e-13 0)
(1.5 1.8322e-13 0)
(1.5 1.42799e-13 0)
(1.5 1.11491e-13 0)
(1.5 1.23253e-13 0)
(1.5 1.0541e-13 0)
(1.5 4.17283e-14 0)
(1.5 1.71401e-14 0)
(1.5 1.51234e-13 0)
(1.5 2.61365e-13 0)
(1.5 3.29137e-13 0)
(1.5 2.98387e-13 0)
(1.5 2.28179e-13 0)
(1.5 1.81278e-13 0)
(1.5 2.59865e-13 0)
(1.5 3.6531e-13 0)
(1.5 4.34861e-13 0)
(1.5 5.09949e-13 0)
(1.5 5.26474e-13 0)
(1.5 4.76544e-13 0)
(1.5 2.86832e-13 0)
(1.5 5.12305e-14 0)
(1.5 -1.29159e-13 0)
(1.5 -6.19863e-14 0)
(1.5 -1.33359e-13 0)
(1.5 -2.21488e-13 0)
(1.5 -3.07463e-13 0)
(1.5 -3.03246e-13 0)
(1.5 -2.22102e-13 0)
(1.5 4.44946e-14 0)
(1.5 2.28106e-13 0)
(1.5 2.89159e-13 0)
(1.5 3.10254e-13 0)
(1.5 3.28228e-13 0)
(1.5 3.31526e-13 0)
(1.5 2.44489e-13 0)
(1.5 2.18375e-13 0)
(1.5 1.76996e-13 0)
(1.5 1.1324e-13 0)
(1.5 8.78509e-14 0)
(1.5 -6.20939e-14 0)
(1.5 -2.33896e-13 0)
(1.5 -2.54333e-13 0)
(1.5 -2.99021e-13 0)
(1.5 -2.78299e-13 0)
(1.5 -3.96609e-13 0)
(1.5 -3.60303e-13 0)
(1.5 -2.7385e-13 0)
(1.5 -1.6419e-13 0)
(1.5 -8.14611e-14 0)
(1.5 -1.40564e-13 0)
(1.5 -1.93323e-13 0)
(1.5 -1.48638e-13 0)
(1.5 -2.09911e-13 0)
(1.5 -2.48597e-13 0)
(1.5 -2.96249e-13 0)
(1.5 -2.29392e-13 0)
(1.5 -1.80511e-13 0)
(1.5 -1.67822e-13 0)
(1.5 -9.56895e-14 0)
(1.5 -1.45548e-15 0)
(1.5 3.91258e-14 0)
(1.5 5.54009e-14 0)
(1.5 5.97893e-14 0)
(1.5 3.31952e-14 0)
(1.5 2.24543e-14 0)
(1.5 -1.46569e-13 0)
(1.5 -2.19185e-13 0)
(1.5 -2.26604e-13 0)
(1.5 -1.57518e-13 0)
(1.5 -7.11758e-14 0)
(1.5 -7.18383e-14 0)
(1.5 -6.07768e-14 0)
(1.5 -1.49151e-13 0)
(1.5 -1.53331e-13 0)
(1.5 -1.5685e-13 0)
(1.5 -1.39011e-13 0)
(1.5 -1.6984e-13 0)
(1.5 -1.89105e-13 0)
(1.5 -2.82884e-13 0)
(1.5 -2.70357e-13 0)
(1.5 -2.88418e-13 0)
(1.5 -2.9359e-13 0)
(1.5 -2.5599e-13 0)
(1.5 -2.20233e-13 0)
(1.5 -5.1715e-14 0)
(1.5 -4.88197e-14 0)
(1.5 -6.9083e-14 0)
(1.5 -2.52417e-14 0)
(1.5 -5.09537e-15 0)
(1.5 -1.35051e-14 0)
(1.5 -1.05165e-13 0)
(1.5 -1.18263e-13 0)
(1.5 1.11991e-14 0)
(1.5 2.75849e-14 0)
(1.5 -1.41284e-13 0)
(1.5 -1.50126e-13 0)
(1.5 -1.89784e-14 0)
(1.5 1.05755e-13 0)
(1.5 1.43811e-13 0)
(1.5 6.03376e-14 0)
(1.5 1.54391e-14 0)
(1.5 -3.23498e-14 0)
(1.5 -1.33318e-13 0)
(1.5 -2.34925e-13 0)
(1.5 -3.80639e-13 0)
(1.5 -3.92846e-13 0)
(1.5 -3.47661e-13 0)
(1.5 -2.63862e-13 0)
(1.5 -2.97575e-13 0)
(1.5 -3.32296e-13 0)
(1.5 -3.1885e-13 0)
(1.5 -3.54415e-13 0)
(1.5 -4.0016e-13 0)
(1.5 -4.00768e-13 0)
(1.5 -3.58525e-13 0)
(1.5 -2.99458e-13 0)
(1.5 -2.42745e-13 0)
(1.5 -2.47356e-13 0)
(1.5 -2.55827e-13 0)
(1.5 -2.6452e-13 0)
(1.5 -1.75524e-13 0)
(1.5 -1.47782e-13 0)
(1.5 -2.46411e-13 0)
(1.5 -1.54466e-13 0)
(1.5 -1.41391e-13 0)
(1.5 -7.97271e-14 0)
(1.5 7.32538e-14 0)
(1.5 1.90793e-13 0)
(1.5 2.41497e-13 0)
(1.5 1.2207e-13 0)
(1.5 2.69589e-14 0)
(1.5 8.89349e-14 0)
(1.5 1.72817e-13 0)
(1.5 1.82732e-13 0)
(1.5 5.34151e-14 0)
(1.5 1.92898e-14 0)
(1.5 2.75572e-14 0)
(1.5 -4.84448e-14 0)
(1.5 -8.42558e-14 0)
(1.5 -1.51912e-13 0)
(1.5 -9.00347e-14 0)
(1.5 -1.76428e-14 0)
(1.5 7.45391e-14 0)
(1.5 4.68841e-14 0)
(1.5 6.17628e-14 0)
(1.5 1.7846e-13 0)
(1.5 2.15647e-13 0)
(1.5 2.50388e-13 0)
(1.5 1.60083e-13 0)
(1.5 3.74666e-14 0)
(1.5 -5.66073e-14 0)
(1.5 -5.17462e-14 0)
(1.5 -4.53178e-15 0)
(1.5 -5.14275e-14 0)
(1.5 -4.30304e-14 0)
(1.5 1.60177e-13 0)
(1.5 2.26072e-13 0)
(1.5 2.46006e-13 0)
(1.5 2.34033e-13 0)
(1.5 1.42204e-13 0)
(1.5 2.71206e-14 0)
(1.5 1.42869e-14 0)
(1.5 3.76299e-14 0)
(1.5 5.87387e-14 0)
(1.5 1.76265e-13 0)
(1.5 1.91268e-13 0)
(1.5 3.3211e-13 0)
(1.5 3.502e-13 0)
(1.5 3.23088e-13 0)
(1.5 4.31074e-13 0)
(1.5 4.59083e-13 0)
(1.5 4.83834e-13 0)
(1.5 5.30297e-13 0)
(1.5 5.04145e-13 0)
(1.5 4.08901e-13 0)
(1.5 4.35929e-13 0)
(1.5 5.62109e-13 0)
(1.5 5.07165e-13 0)
(1.5 4.7035e-13 0)
(1.5 4.71502e-13 0)
(1.5 3.70028e-13 0)
(1.5 4.14323e-13 0)
(1.5 3.94533e-13 0)
(1.5 3.16512e-13 0)
(1.5 2.16047e-13 0)
(1.5 1.06442e-13 0)
(1.5 4.06698e-14 0)
(1.5 -1.9312e-14 0)
(1.5 -8.18917e-15 0)
(1.5 -1.13932e-13 0)
(1.5 -2.15841e-13 0)
(1.5 -2.48452e-13 0)
(1.5 -2.52259e-13 0)
(1.5 -7.11552e-14 0)
(1.5 -2.31601e-15 0)
(1.5 1.09432e-13 0)
(1.5 6.44167e-14 0)
(1.5 1.08467e-13 0)
(1.5 1.56387e-13 0)
(1.5 2.48301e-13 0)
(1.5 1.74835e-13 0)
(1.5 1.85075e-13 0)
(1.5 1.48756e-13 0)
(1.5 1.29114e-13 0)
(1.5 2.10258e-14 0)
(1.5 -7.93691e-14 0)
(1.5 -1.41262e-14 0)
(1.5 1.16676e-13 0)
(1.5 2.46453e-13 0)
(1.5 3.45706e-13 0)
(1.5 2.95692e-13 0)
(1.5 2.48285e-13 0)
(1.5 2.55908e-13 0)
(1.5 3.72407e-13 0)
(1.5 4.69002e-13 0)
(1.5 4.9758e-13 0)
(1.5 5.69377e-13 0)
(1.5 5.46988e-13 0)
(1.5 4.17918e-13 0)
(1.5 2.48419e-13 0)
(1.5 1.02471e-13 0)
(1.5 -5.4079e-14 0)
(1.5 -7.03499e-14 0)
(1.5 -9.83109e-14 0)
(1.5 -1.76759e-13 0)
(1.5 -2.88059e-13 0)
(1.5 -2.6001e-13 0)
(1.5 -2.18971e-13 0)
(1.5 -6.24659e-14 0)
(1.5 8.377e-14 0)
(1.5 1.92261e-13 0)
(1.5 2.06472e-13 0)
(1.5 2.03164e-13 0)
(1.5 2.19486e-13 0)
(1.5 2.02093e-13 0)
(1.5 1.61402e-13 0)
(1.5 1.05988e-13 0)
(1.5 3.29198e-14 0)
(1.5 -7.94522e-15 0)
(1.5 -1.11847e-13 0)
(1.5 -1.62232e-13 0)
(1.5 -1.93921e-13 0)
(1.5 -2.5639e-13 0)
(1.5 -2.87858e-13 0)
(1.5 -4.01603e-13 0)
(1.5 -4.19246e-13 0)
(1.5 -3.104e-13 0)
(1.5 -2.5439e-13 0)
(1.5 -1.85121e-13 0)
(1.5 -1.75761e-13 0)
(1.5 -2.23206e-13 0)
(1.5 -1.77482e-13 0)
(1.5 -1.87548e-13 0)
(1.5 -1.54993e-13 0)
(1.5 -2.74568e-13 0)
(1.5 -2.46594e-13 0)
(1.5 -2.25147e-13 0)
(1.5 -1.64497e-13 0)
(1.5 -1.01481e-13 0)
(1.5 1.13306e-14 0)
(1.5 7.9998e-14 0)
(1.5 5.50838e-14 0)
(1.5 3.52623e-14 0)
(1.5 6.11095e-14 0)
(1.5 5.37972e-14 0)
(1.5 -5.88562e-14 0)
(1.5 -1.58271e-13 0)
(1.5 -1.56487e-13 0)
(1.5 -1.47141e-13 0)
(1.5 -5.98639e-14 0)
(1.5 -2.41792e-14 0)
(1.5 1.26172e-14 0)
(1.5 -4.94099e-14 0)
(1.5 -8.21593e-14 0)
(1.5 -8.58326e-14 0)
(1.5 -1.25764e-13 0)
(1.5 -1.75153e-13 0)
(1.5 -1.73718e-13 0)
(1.5 -1.66344e-13 0)
(1.5 -2.23703e-13 0)
(1.5 -2.47748e-13 0)
(1.5 -2.15671e-13 0)
(1.5 -2.46271e-13 0)
(1.5 -1.84654e-13 0)
(1.5 -8.2859e-14 0)
(1.5 -1.99481e-14 0)
(1.5 3.78541e-14 0)
(1.5 1.00317e-13 0)
(1.5 9.08002e-14 0)
(1.5 3.6839e-14 0)
(1.5 -4.2214e-14 0)
(1.5 -4.25817e-14 0)
(1.5 -2.34143e-14 0)
(1.5 -4.36018e-14 0)
(1.5 -1.82038e-13 0)
(1.5 -1.93379e-13 0)
(1.5 -1.3877e-13 0)
(1.5 -3.12258e-14 0)
(1.5 3.49214e-14 0)
(1.5 3.2782e-14 0)
(1.5 -2.20269e-14 0)
(1.5 -1.34989e-13 0)
(1.5 -2.86071e-13 0)
(1.5 -3.61508e-13 0)
(1.5 -4.17534e-13 0)
(1.5 -4.88896e-13 0)
(1.5 -3.79503e-13 0)
(1.5 -2.97988e-13 0)
(1.5 -2.55693e-13 0)
(1.5 -1.73672e-13 0)
(1.5 -2.89559e-13 0)
(1.5 -4.19323e-13 0)
(1.5 -4.61398e-13 0)
(1.5 -4.24146e-13 0)
(1.5 -3.80585e-13 0)
(1.5 -3.74963e-13 0)
(1.5 -3.42604e-13 0)
(1.5 -2.74961e-13 0)
(1.5 -1.5621e-13 0)
(1.5 -7.0796e-14 0)
(1.5 -3.98455e-14 0)
(1.5 -2.0777e-14 0)
(1.5 -4.51634e-15 0)
(1.5 8.59645e-14 0)
(1.5 3.03081e-14 0)
(1.5 9.78563e-14 0)
(1.5 2.08419e-13 0)
(1.5 2.82915e-13 0)
(1.5 2.23473e-13 0)
(1.5 1.00504e-13 0)
(1.5 4.89205e-14 0)
(1.5 7.60383e-14 0)
(1.5 1.57468e-13 0)
(1.5 1.81036e-13 0)
(1.5 1.0436e-13 0)
(1.5 6.82108e-14 0)
(1.5 4.8212e-14 0)
(1.5 -1.03009e-14 0)
(1.5 -5.37939e-14 0)
(1.5 -1.20482e-13 0)
(1.5 -4.39079e-15 0)
(1.5 4.15244e-14 0)
(1.5 1.12749e-13 0)
(1.5 1.14534e-13 0)
(1.5 1.0015e-13 0)
(1.5 2.0862e-13 0)
(1.5 4.19493e-13 0)
(1.5 4.58723e-13 0)
(1.5 3.69578e-13 0)
(1.5 3.08273e-13 0)
(1.5 1.83238e-13 0)
(1.5 5.55952e-14 0)
(1.5 -1.36879e-15 0)
(1.5 -1.80663e-15 0)
(1.5 8.2597e-14 0)
(1.5 1.91718e-13 0)
(1.5 1.75279e-13 0)
(1.5 1.31838e-13 0)
(1.5 1.66727e-13 0)
(1.5 1.77147e-13 0)
(1.5 1.491e-13 0)
(1.5 1.59453e-15 0)
(1.5 -6.9484e-14 0)
(1.5 -5.02601e-14 0)
(1.5 5.55283e-14 0)
(1.5 2.52422e-14 0)
(1.5 1.11024e-13 0)
(1.5 1.3133e-13 0)
(1.5 1.66127e-13 0)
(1.5 3.06584e-13 0)
(1.5 3.8107e-13 0)
(1.5 4.092e-13 0)
(1.5 3.6264e-13 0)
(1.5 3.19954e-13 0)
(1.5 2.35458e-13 0)
(1.5 1.5643e-13 0)
(1.5 2.88453e-13 0)
(1.5 3.30464e-13 0)
(1.5 2.73523e-13 0)
(1.5 2.2435e-13 0)
(1.5 1.46606e-13 0)
(1.5 1.13857e-13 0)
(1.5 2.10327e-14 0)
(1.5 4.2353e-14 0)
(1.5 4.08275e-14 0)
(1.5 1.20339e-14 0)
(1.5 -2.37576e-14 0)
(1.5 -7.53033e-14 0)
(1.5 -6.44138e-14 0)
(1.5 -1.22296e-13 0)
(1.5 -2.47908e-13 0)
(1.5 -2.78114e-13 0)
(1.5 -3.25688e-13 0)
(1.5 -1.68661e-13 0)
(1.5 -2.62173e-14 0)
(1.5 3.17229e-14 0)
(1.5 -1.95984e-14 0)
(1.5 7.10869e-14 0)
(1.5 6.34574e-14 0)
(1.5 1.19202e-13 0)
(1.5 1.17002e-13 0)
(1.5 1.44058e-13 0)
(1.5 9.52889e-14 0)
(1.5 3.54825e-14 0)
(1.5 -7.28255e-14 0)
(1.5 -1.5895e-13 0)
(1.5 -2.35176e-14 0)
(1.5 1.15148e-13 0)
(1.5 2.29687e-13 0)
(1.5 2.88638e-13 0)
(1.5 2.57957e-13 0)
(1.5 2.36634e-13 0)
(1.5 2.86192e-13 0)
(1.5 4.52063e-13 0)
(1.5 4.88913e-13 0)
(1.5 4.5419e-13 0)
(1.5 3.79573e-13 0)
(1.5 2.54064e-13 0)
(1.5 1.23433e-13 0)
(1.5 -4.65601e-14 0)
(1.5 -7.29731e-14 0)
(1.5 -1.34156e-13 0)
(1.5 1.922e-14 0)
(1.5 1.88651e-14 0)
(1.5 -2.58746e-14 0)
(1.5 -1.12594e-13 0)
(1.5 -1.00635e-13 0)
(1.5 -7.76421e-14 0)
(1.5 -6.01113e-14 0)
(1.5 3.04122e-15 0)
(1.5 1.77636e-13 0)
(1.5 3.3743e-13 0)
(1.5 2.54581e-13 0)
(1.5 1.73097e-13 0)
(1.5 1.44208e-13 0)
(1.5 6.66481e-14 0)
(1.5 1.50987e-14 0)
(1.5 -1.77642e-14 0)
(1.5 -4.50833e-14 0)
(1.5 -7.98948e-14 0)
(1.5 -7.42082e-14 0)
(1.5 -1.85914e-13 0)
(1.5 -2.2778e-13 0)
(1.5 -3.3778e-13 0)
(1.5 -3.58291e-13 0)
(1.5 -4.54474e-13 0)
(1.5 -3.67894e-13 0)
(1.5 -3.31909e-13 0)
(1.5 -3.11509e-13 0)
(1.5 -2.27613e-13 0)
(1.5 -2.49676e-13 0)
(1.5 -2.32188e-13 0)
(1.5 -1.81475e-13 0)
(1.5 -9.41809e-14 0)
(1.5 -1.34189e-13 0)
(1.5 -1.5859e-13 0)
(1.5 -2.00369e-13 0)
(1.5 -1.91539e-13 0)
(1.5 -1.01136e-13 0)
(1.5 -5.67053e-14 0)
(1.5 3.07302e-14 0)
(1.5 3.41128e-14 0)
(1.5 1.29713e-14 0)
(1.5 4.55546e-14 0)
(1.5 -4.17496e-14 0)
(1.5 -7.59861e-14 0)
(1.5 -1.14947e-13 0)
(1.5 -6.33737e-14 0)
(1.5 -1.15787e-13 0)
(1.5 -1.17038e-13 0)
(1.5 -2.71572e-14 0)
(1.5 -2.59004e-14 0)
(1.5 -8.2149e-14 0)
(1.5 -1.08587e-13 0)
(1.5 -1.51705e-13 0)
(1.5 -2.62655e-13 0)
(1.5 -2.24e-13 0)
(1.5 -2.21941e-13 0)
(1.5 -1.66484e-13 0)
(1.5 -2.52285e-13 0)
(1.5 -2.16646e-13 0)
(1.5 -1.03558e-13 0)
(1.5 -1.51908e-13 0)
(1.5 -1.10328e-13 0)
(1.5 -1.0012e-13 0)
(1.5 3.08796e-14 0)
(1.5 1.09344e-13 0)
(1.5 1.46396e-13 0)
(1.5 1.54441e-13 0)
(1.5 9.29807e-14 0)
(1.5 2.68144e-14 0)
(1.5 3.76031e-15 0)
(1.5 -1.0389e-13 0)
(1.5 -2.19223e-13 0)
(1.5 -1.60522e-13 0)
(1.5 -1.80142e-13 0)
(1.5 -1.91789e-13 0)
(1.5 -1.67451e-13 0)
(1.5 -1.82918e-13 0)
(1.5 -9.2046e-14 0)
(1.5 -1.92891e-13 0)
(1.5 -3.22453e-13 0)
(1.5 -4.46247e-13 0)
(1.5 -5.13258e-13 0)
(1.5 -4.76786e-13 0)
(1.5 -4.53012e-13 0)
(1.5 -3.47522e-13 0)
(1.5 -3.00827e-13 0)
(1.5 -2.70669e-13 0)
(1.5 -2.09891e-13 0)
(1.5 -3.12328e-13 0)
(1.5 -4.20409e-13 0)
(1.5 -4.08948e-13 0)
(1.5 -4.11107e-13 0)
(1.5 -3.82919e-13 0)
(1.5 -3.76098e-13 0)
(1.5 -3.38706e-13 0)
(1.5 -2.30815e-13 0)
(1.5 -6.79927e-14 0)
(1.5 1.12705e-13 0)
(1.5 1.1248e-13 0)
(1.5 1.18166e-13 0)
(1.5 2.07968e-13 0)
(1.5 2.48285e-13 0)
(1.5 2.56785e-13 0)
(1.5 2.72017e-13 0)
(1.5 2.65773e-13 0)
(1.5 2.02802e-13 0)
(1.5 1.22978e-13 0)
(1.5 8.05826e-14 0)
(1.5 1.19492e-13 0)
(1.5 1.23173e-13 0)
(1.5 1.03299e-13 0)
(1.5 9.92346e-14 0)
(1.5 1.50782e-13 0)
(1.5 1.59656e-13 0)
(1.5 3.21009e-14 0)
(1.5 -3.54971e-14 0)
(1.5 5.06152e-14 0)
(1.5 5.46266e-14 0)
(1.5 8.24055e-14 0)
(1.5 5.64456e-14 0)
(1.5 9.28562e-14 0)
(1.5 1.5726e-13 0)
(1.5 2.38893e-13 0)
(1.5 3.01358e-13 0)
(1.5 3.88595e-13 0)
(1.5 3.59467e-13 0)
(1.5 3.72731e-13 0)
(1.5 4.09149e-13 0)
(1.5 3.26811e-13 0)
(1.5 1.47717e-13 0)
(1.5 2.59287e-14 0)
(1.5 -1.38193e-14 0)
(1.5 -3.26296e-14 0)
(1.5 3.54971e-15 0)
(1.5 3.04789e-14 0)
(1.5 -1.40042e-14 0)
(1.5 8.51191e-15 0)
(1.5 3.21471e-14 0)
(1.5 2.45867e-14 0)
(1.5 -2.05063e-14 0)
(1.5 -4.27987e-14 0)
(1.5 -3.98575e-14 0)
(1.5 -3.72697e-14 0)
(1.5 -3.78652e-14 0)
(1.5 -8.01402e-14 0)
(1.5 -2.3974e-14 0)
(1.5 9.45633e-14 0)
(1.5 2.02095e-13 0)
(1.5 3.03974e-13 0)
(1.5 3.14052e-13 0)
(1.5 1.8487e-13 0)
(1.5 2.05495e-13 0)
(1.5 1.36615e-13 0)
(1.5 5.22783e-14 0)
(1.5 1.07878e-13 0)
(1.5 1.47861e-13 0)
(1.5 1.10209e-13 0)
(1.5 -5.85664e-14 0)
(1.5 -1.48471e-13 0)
(1.5 -1.68638e-13 0)
(1.5 -1.63418e-13 0)
(1.5 -1.51738e-13 0)
(1.5 -1.13942e-13 0)
(1.5 -1.29043e-13 0)
(1.5 -6.84506e-14 0)
(1.5 -1.32255e-13 0)
(1.5 -1.6668e-13 0)
(1.5 -1.29693e-13 0)
(1.5 -2.13585e-13 0)
(1.5 -2.76575e-13 0)
(1.5 -2.36785e-13 0)
(1.5 -1.74539e-13 0)
(1.5 4.02766e-15 0)
(1.5 2.01585e-14 0)
(1.5 5.01701e-14 0)
(1.5 7.27068e-14 0)
(1.5 2.42359e-14 0)
(1.5 -3.00198e-14 0)
(1.5 -7.02988e-14 0)
(1.5 -4.51513e-14 0)
(1.5 -6.17126e-14 0)
(1.5 -4.05171e-14 0)
(1.5 -9.7727e-14 0)
(1.5 -1.5142e-13 0)
(1.5 -1.08618e-13 0)
(1.5 -4.51935e-14 0)
(1.5 9.39961e-14 0)
(1.5 1.55704e-13 0)
(1.5 1.67029e-13 0)
(1.5 2.44076e-13 0)
(1.5 3.3624e-13 0)
(1.5 4.5328e-13 0)
(1.5 4.68749e-13 0)
(1.5 4.0515e-13 0)
(1.5 2.57986e-13 0)
(1.5 5.49717e-14 0)
(1.5 -6.00462e-14 0)
(1.5 -1.44871e-13 0)
(1.5 -2.011e-13 0)
(1.5 -2.44031e-13 0)
(1.5 2.92222e-14 0)
(1.5 2.01055e-14 0)
(1.5 5.8501e-14 0)
(1.5 -2.20496e-14 0)
(1.5 -9.5572e-14 0)
(1.5 4.2539e-14 0)
(1.5 8.72502e-14 0)
(1.5 1.34768e-13 0)
(1.5 2.916e-13 0)
(1.5 4.93301e-13 0)
(1.5 3.99374e-13 0)
(1.5 2.31368e-13 0)
(1.5 8.20099e-14 0)
(1.5 3.42103e-14 0)
(1.5 3.10358e-14 0)
(1.5 1.88791e-14 0)
(1.5 -7.59616e-14 0)
(1.5 -5.98601e-14 0)
(1.5 -3.99394e-14 0)
(1.5 -1.18673e-13 0)
(1.5 -1.8343e-13 0)
(1.5 -3.04568e-13 0)
(1.5 -2.95394e-13 0)
(1.5 -2.94463e-13 0)
(1.5 -2.88113e-13 0)
(1.5 -2.71693e-13 0)
(1.5 -2.92173e-13 0)
(1.5 -1.83813e-13 0)
(1.5 -1.66674e-13 0)
(1.5 -1.51038e-13 0)
(1.5 -5.36005e-14 0)
(1.5 1.76775e-14 0)
(1.5 6.34475e-15 0)
(1.5 -2.5265e-14 0)
(1.5 -8.76512e-14 0)
(1.5 -1.14289e-13 0)
(1.5 -5.11255e-14 0)
(1.5 -6.77518e-14 0)
(1.5 1.88306e-14 0)
(1.5 9.93473e-15 0)
(1.5 9.07058e-14 0)
(1.5 9.65517e-14 0)
(1.5 -4.35394e-14 0)
(1.5 -5.08691e-14 0)
(1.5 -7.1142e-14 0)
(1.5 -4.6379e-14 0)
(1.5 -7.39291e-14 0)
(1.5 -9.48502e-14 0)
(1.5 -6.86009e-14 0)
(1.5 -1.15604e-13 0)
(1.5 -1.98995e-13 0)
(1.5 -2.19641e-13 0)
(1.5 -2.96478e-13 0)
(1.5 -3.99415e-13 0)
(1.5 -2.49496e-13 0)
(1.5 -2.38117e-13 0)
(1.5 -1.7713e-13 0)
(1.5 -1.31549e-13 0)
(1.5 -6.07666e-14 0)
(1.5 -1.0643e-15 0)
(1.5 1.3116e-14 0)
(1.5 2.16182e-14 0)
(1.5 -2.66434e-15 0)
(1.5 8.62897e-14 0)
(1.5 1.13763e-13 0)
(1.5 1.2317e-13 0)
(1.5 1.63283e-13 0)
(1.5 1.17531e-13 0)
(1.5 1.17598e-13 0)
(1.5 -2.12175e-14 0)
(1.5 -1.56391e-13 0)
(1.5 -2.48862e-13 0)
(1.5 -1.36027e-13 0)
(1.5 -1.70843e-13 0)
(1.5 -1.40229e-13 0)
(1.5 -1.7987e-13 0)
(1.5 -2.46079e-13 0)
(1.5 -2.69365e-13 0)
(1.5 -3.56906e-13 0)
(1.5 -4.42735e-13 0)
(1.5 -5.00184e-13 0)
(1.5 -5.35176e-13 0)
(1.5 -4.7247e-13 0)
(1.5 -4.02799e-13 0)
(1.5 -2.81423e-13 0)
(1.5 -2.25069e-13 0)
(1.5 -2.5101e-13 0)
(1.5 -3.34552e-13 0)
(1.5 -3.13844e-13 0)
(1.5 -3.4567e-13 0)
(1.5 -3.061e-13 0)
(1.5 -2.61444e-13 0)
(1.5 -2.20956e-13 0)
(1.5 -2.3298e-13 0)
(1.5 -1.86093e-13 0)
(1.5 -1.36909e-13 0)
(1.5 -4.90487e-14 0)
(1.5 1.52092e-13 0)
(1.5 1.62105e-13 0)
(1.5 1.47921e-13 0)
(1.5 2.76099e-13 0)
(1.5 3.08729e-13 0)
(1.5 3.83258e-13 0)
(1.5 3.44059e-13 0)
(1.5 3.03981e-13 0)
(1.5 2.14904e-13 0)
(1.5 2.05515e-13 0)
(1.5 2.74495e-13 0)
(1.5 3.63488e-13 0)
(1.5 3.41316e-13 0)
(1.5 1.6887e-13 0)
(1.5 2.86182e-14 0)
(1.5 1.14466e-13 0)
(1.5 8.43982e-14 0)
(1.5 -2.53608e-14 0)
(1.5 -9.85759e-14 0)
(1.5 -3.71813e-15 0)
(1.5 6.13283e-14 0)
(1.5 1.40234e-13 0)
(1.5 1.14905e-13 0)
(1.5 1.359e-13 0)
(1.5 2.18654e-13 0)
(1.5 3.4049e-13 0)
(1.5 3.90197e-13 0)
(1.5 3.42238e-13 0)
(1.5 3.23681e-13 0)
(1.5 3.43896e-13 0)
(1.5 3.81332e-13 0)
(1.5 3.37304e-13 0)
(1.5 2.09065e-13 0)
(1.5 1.68978e-13 0)
(1.5 -3.6491e-15 0)
(1.5 -1.53809e-13 0)
(1.5 -2.02209e-13 0)
(1.5 -7.27635e-14 0)
(1.5 -2.83011e-14 0)
(1.5 -2.40036e-15 0)
(1.5 -2.63092e-14 0)
(1.5 -1.47362e-14 0)
(1.5 9.22463e-14 0)
(1.5 1.55958e-13 0)
(1.5 3.40185e-14 0)
(1.5 -9.71857e-14 0)
(1.5 -5.17457e-14 0)
(1.5 7.90104e-15 0)
(1.5 1.33778e-13 0)
(1.5 1.84022e-13 0)
(1.5 1.61893e-13 0)
(1.5 2.08605e-13 0)
(1.5 2.07073e-13 0)
(1.5 1.2434e-13 0)
(1.5 1.92037e-13 0)
(1.5 2.09573e-13 0)
(1.5 1.07054e-13 0)
(1.5 6.09629e-14 0)
(1.5 9.20877e-14 0)
(1.5 9.62084e-14 0)
(1.5 -1.15925e-13 0)
(1.5 -2.23622e-13 0)
(1.5 -2.23121e-13 0)
(1.5 -1.19904e-13 0)
(1.5 -1.35865e-13 0)
(1.5 -1.55436e-13 0)
(1.5 -1.43769e-13 0)
(1.5 3.5197e-14 0)
(1.5 -4.13779e-14 0)
(1.5 -1.45663e-13 0)
(1.5 -1.19507e-13 0)
(1.5 -1.91786e-13 0)
(1.5 -1.23616e-13 0)
(1.5 1.02525e-14 0)
(1.5 -5.50499e-14 0)
(1.5 4.4546e-14 0)
(1.5 7.24925e-14 0)
(1.5 2.0726e-13 0)
(1.5 1.51228e-13 0)
(1.5 7.36327e-14 0)
(1.5 -2.8675e-14 0)
(1.5 -1.23053e-13 0)
(1.5 -7.00042e-14 0)
(1.5 -7.34195e-14 0)
(1.5 -3.9351e-14 0)
(1.5 -9.1758e-14 0)
(1.5 -8.74777e-14 0)
(1.5 -2.16844e-14 0)
(1.5 -7.55283e-14 0)
(1.5 2.68377e-15 0)
(1.5 1.19879e-13 0)
(1.5 1.92396e-13 0)
(1.5 4.47518e-13 0)
(1.5 6.30263e-13 0)
(1.5 6.12241e-13 0)
(1.5 4.73943e-13 0)
(1.5 2.97888e-13 0)
(1.5 1.44145e-13 0)
(1.5 -1.31747e-14 0)
(1.5 -1.48122e-13 0)
(1.5 -2.33739e-13 0)
(1.5 -3.82476e-13 0)
(1.5 -4.07748e-13 0)
(1.5 2.34296e-14 0)
(1.5 1.36652e-14 0)
(1.5 4.36902e-14 0)
(1.5 5.11254e-14 0)
(1.5 3.66742e-14 0)
(1.5 1.17097e-13 0)
(1.5 8.4889e-14 0)
(1.5 1.47445e-13 0)
(1.5 2.46164e-13 0)
(1.5 3.90823e-13 0)
(1.5 4.07032e-13 0)
(1.5 2.50241e-13 0)
(1.5 8.3795e-14 0)
(1.5 -1.18404e-14 0)
(1.5 -1.14128e-14 0)
(1.5 -7.18827e-14 0)
(1.5 -1.54369e-13 0)
(1.5 -1.28135e-13 0)
(1.5 -1.66461e-13 0)
(1.5 -1.6711e-13 0)
(1.5 -1.96018e-13 0)
(1.5 -2.49421e-13 0)
(1.5 -2.50294e-13 0)
(1.5 -2.1344e-13 0)
(1.5 -2.63132e-13 0)
(1.5 -3.08494e-13 0)
(1.5 -2.74764e-13 0)
(1.5 -2.00907e-13 0)
(1.5 -1.2203e-13 0)
(1.5 -1.21183e-13 0)
(1.5 -6.21155e-14 0)
(1.5 -2.70357e-14 0)
(1.5 -4.34914e-14 0)
(1.5 -6.2233e-14 0)
(1.5 -6.28544e-14 0)
(1.5 -7.76381e-14 0)
(1.5 -8.58192e-14 0)
(1.5 -7.25274e-14 0)
(1.5 -6.86876e-14 0)
(1.5 -7.53061e-14 0)
(1.5 4.35259e-15 0)
(1.5 4.36938e-14 0)
(1.5 -1.40786e-14 0)
(1.5 -3.23193e-14 0)
(1.5 -1.25188e-14 0)
(1.5 -2.17274e-14 0)
(1.5 9.28651e-15 0)
(1.5 -2.92012e-14 0)
(1.5 -1.20971e-13 0)
(1.5 -1.82029e-13 0)
(1.5 -2.41863e-13 0)
(1.5 -3.08634e-13 0)
(1.5 -3.68067e-13 0)
(1.5 -3.93534e-13 0)
(1.5 -2.45583e-13 0)
(1.5 -1.88812e-13 0)
(1.5 -1.26314e-13 0)
(1.5 -2.73992e-15 0)
(1.5 1.18816e-14 0)
(1.5 -6.47081e-14 0)
(1.5 3.8527e-14 0)
(1.5 6.67973e-14 0)
(1.5 7.45045e-14 0)
(1.5 7.22904e-14 0)
(1.5 1.34073e-13 0)
(1.5 9.98796e-14 0)
(1.5 1.03346e-13 0)
(1.5 6.64694e-14 0)
(1.5 4.6055e-14 0)
(1.5 -9.56416e-14 0)
(1.5 -1.46178e-13 0)
(1.5 -1.57906e-13 0)
(1.5 -1.64878e-13 0)
(1.5 -2.06678e-13 0)
(1.5 -2.23341e-13 0)
(1.5 -3.08645e-13 0)
(1.5 -3.77298e-13 0)
(1.5 -4.59468e-13 0)
(1.5 -4.60827e-13 0)
(1.5 -4.40435e-13 0)
(1.5 -4.62725e-13 0)
(1.5 -4.71568e-13 0)
(1.5 -4.23768e-13 0)
(1.5 -3.68148e-13 0)
(1.5 -3.02833e-13 0)
(1.5 -2.79622e-13 0)
(1.5 -2.60773e-13 0)
(1.5 -3.61848e-13 0)
(1.5 -3.53776e-13 0)
(1.5 -3.80859e-13 0)
(1.5 -3.5692e-13 0)
(1.5 -2.7123e-13 0)
(1.5 -2.04124e-13 0)
(1.5 -1.29127e-13 0)
(1.5 -5.72521e-14 0)
(1.5 3.97641e-14 0)
(1.5 1.55412e-13 0)
(1.5 2.39329e-13 0)
(1.5 2.56544e-13 0)
(1.5 1.81005e-13 0)
(1.5 2.21172e-13 0)
(1.5 3.11709e-13 0)
(1.5 3.77131e-13 0)
(1.5 3.2415e-13 0)
(1.5 2.43678e-13 0)
(1.5 1.75398e-13 0)
(1.5 2.37038e-13 0)
(1.5 4.05267e-13 0)
(1.5 5.08412e-13 0)
(1.5 4.28505e-13 0)
(1.5 2.37576e-13 0)
(1.5 6.82633e-14 0)
(1.5 1.84577e-14 0)
(1.5 -4.90418e-14 0)
(1.5 -8.06514e-14 0)
(1.5 -1.37915e-13 0)
(1.5 -9.19841e-14 0)
(1.5 8.48977e-14 0)
(1.5 3.02151e-13 0)
(1.5 3.3415e-13 0)
(1.5 3.58659e-13 0)
(1.5 4.47675e-13 0)
(1.5 5.11303e-13 0)
(1.5 5.03345e-13 0)
(1.5 4.12593e-13 0)
(1.5 3.26908e-13 0)
(1.5 2.97861e-13 0)
(1.5 2.88184e-13 0)
(1.5 2.47189e-13 0)
(1.5 2.37445e-13 0)
(1.5 2.27965e-13 0)
(1.5 4.90003e-14 0)
(1.5 -9.6241e-14 0)
(1.5 -1.47775e-13 0)
(1.5 -9.14457e-14 0)
(1.5 -8.8775e-14 0)
(1.5 -6.19243e-14 0)
(1.5 -6.41639e-14 0)
(1.5 -1.55351e-14 0)
(1.5 9.00091e-14 0)
(1.5 1.32137e-13 0)
(1.5 9.67219e-15 0)
(1.5 -1.36592e-13 0)
(1.5 -1.0029e-13 0)
(1.5 8.03347e-14 0)
(1.5 2.62967e-13 0)
(1.5 2.67298e-13 0)
(1.5 1.87211e-13 0)
(1.5 5.76886e-14 0)
(1.5 3.96923e-14 0)
(1.5 1.03357e-13 0)
(1.5 1.94189e-13 0)
(1.5 3.25532e-13 0)
(1.5 2.82389e-13 0)
(1.5 1.86562e-13 0)
(1.5 1.43772e-13 0)
(1.5 9.36952e-14 0)
(1.5 4.04811e-15 0)
(1.5 -1.02207e-13 0)
(1.5 -7.80063e-14 0)
(1.5 -5.38573e-14 0)
(1.5 -6.01679e-14 0)
(1.5 -3.74032e-14 0)
(1.5 2.29189e-15 0)
(1.5 5.85123e-14 0)
(1.5 -2.18969e-14 0)
(1.5 -1.69366e-13 0)
(1.5 -1.04219e-13 0)
(1.5 -1.18429e-13 0)
(1.5 -3.25879e-14 0)
(1.5 3.09454e-14 0)
(1.5 -3.54664e-14 0)
(1.5 -5.19948e-14 0)
(1.5 5.30423e-14 0)
(1.5 1.59509e-13 0)
(1.5 1.34607e-13 0)
(1.5 1.57054e-13 0)
(1.5 1.12566e-13 0)
(1.5 7.76829e-14 0)
(1.5 4.29988e-14 0)
(1.5 -3.31664e-14 0)
(1.5 -2.66026e-14 0)
(1.5 2.28403e-15 0)
(1.5 9.34645e-15 0)
(1.5 7.45296e-14 0)
(1.5 8.30145e-14 0)
(1.5 1.12459e-13 0)
(1.5 2.05545e-13 0)
(1.5 4.08099e-13 0)
(1.5 6.41561e-13 0)
(1.5 7.33053e-13 0)
(1.5 6.24481e-13 0)
(1.5 3.93515e-13 0)
(1.5 1.87821e-13 0)
(1.5 3.04365e-14 0)
(1.5 -1.11989e-13 0)
(1.5 -1.8331e-13 0)
(1.5 -3.32214e-13 0)
(1.5 -4.47131e-13 0)
(1.5 -4.69206e-13 0)
(1.5 -9.39115e-15 0)
(1.5 -1.37944e-14 0)
(1.5 -7.44626e-14 0)
(1.5 2.47644e-14 0)
(1.5 2.01858e-13 0)
(1.5 1.25507e-13 0)
(1.5 -7.78684e-15 0)
(1.5 3.14245e-14 0)
(1.5 -2.88168e-15 0)
(1.5 2.81052e-14 0)
(1.5 1.27924e-13 0)
(1.5 1.28245e-13 0)
(1.5 1.24517e-13 0)
(1.5 -3.42011e-14 0)
(1.5 -9.25051e-14 0)
(1.5 -1.98773e-13 0)
(1.5 -2.6413e-13 0)
(1.5 -2.37654e-13 0)
(1.5 -2.92938e-13 0)
(1.5 -3.11439e-13 0)
(1.5 -3.53431e-13 0)
(1.5 -3.04326e-13 0)
(1.5 -2.06063e-13 0)
(1.5 -2.13906e-13 0)
(1.5 -3.16783e-13 0)
(1.5 -3.64483e-13 0)
(1.5 -3.28015e-13 0)
(1.5 -3.06447e-13 0)
(1.5 -1.60542e-13 0)
(1.5 -9.87496e-14 0)
(1.5 -9.15631e-14 0)
(1.5 -9.96921e-14 0)
(1.5 -6.9437e-14 0)
(1.5 -1.08049e-13 0)
(1.5 -1.40469e-13 0)
(1.5 -1.11322e-13 0)
(1.5 -1.21943e-13 0)
(1.5 -8.53646e-14 0)
(1.5 -1.49319e-13 0)
(1.5 -1.39262e-13 0)
(1.5 -1.60323e-13 0)
(1.5 -1.3136e-13 0)
(1.5 -8.88545e-14 0)
(1.5 -1.39768e-13 0)
(1.5 -5.73414e-14 0)
(1.5 -1.24698e-14 0)
(1.5 9.1574e-14 0)
(1.5 -3.98855e-14 0)
(1.5 -1.50714e-13 0)
(1.5 -2.56481e-13 0)
(1.5 -2.96224e-13 0)
(1.5 -3.0395e-13 0)
(1.5 -3.38525e-13 0)
(1.5 -2.90965e-13 0)
(1.5 -2.45924e-13 0)
(1.5 -1.35548e-13 0)
(1.5 -1.46839e-13 0)
(1.5 -2.22919e-14 0)
(1.5 -1.02054e-13 0)
(1.5 -1.81472e-13 0)
(1.5 -5.19326e-14 0)
(1.5 -1.73735e-14 0)
(1.5 6.12073e-14 0)
(1.5 6.25863e-14 0)
(1.5 1.32159e-13 0)
(1.5 7.60453e-14 0)
(1.5 -7.22263e-15 0)
(1.5 -2.30248e-14 0)
(1.5 -6.24754e-14 0)
(1.5 -7.30186e-14 0)
(1.5 -1.39245e-13 0)
(1.5 -2.04607e-13 0)
(1.5 -2.85985e-13 0)
(1.5 -3.55658e-13 0)
(1.5 -4.83724e-13 0)
(1.5 -5.17575e-13 0)
(1.5 -5.94411e-13 0)
(1.5 -5.98519e-13 0)
(1.5 -5.63247e-13 0)
(1.5 -5.14656e-13 0)
(1.5 -4.71357e-13 0)
(1.5 -3.72426e-13 0)
(1.5 -3.34047e-13 0)
(1.5 -2.72166e-13 0)
(1.5 -3.33204e-13 0)
(1.5 -3.02086e-13 0)
(1.5 -3.11636e-13 0)
(1.5 -3.73333e-13 0)
(1.5 -4.37909e-13 0)
(1.5 -5.1134e-13 0)
(1.5 -5.27938e-13 0)
(1.5 -3.82155e-13 0)
(1.5 -1.82763e-13 0)
(1.5 5.92453e-14 0)
(1.5 1.40442e-13 0)
(1.5 2.94186e-13 0)
(1.5 3.78106e-13 0)
(1.5 3.90376e-13 0)
(1.5 5.3009e-13 0)
(1.5 4.00369e-13 0)
(1.5 2.23638e-13 0)
(1.5 2.92895e-13 0)
(1.5 2.92188e-13 0)
(1.5 2.30727e-13 0)
(1.5 1.14948e-13 0)
(1.5 7.30646e-14 0)
(1.5 1.45142e-13 0)
(1.5 3.60276e-13 0)
(1.5 4.65677e-13 0)
(1.5 4.2966e-13 0)
(1.5 3.29404e-13 0)
(1.5 1.89098e-13 0)
(1.5 3.54202e-15 0)
(1.5 5.15036e-15 0)
(1.5 -4.37698e-15 0)
(1.5 -2.54504e-14 0)
(1.5 -4.22332e-15 0)
(1.5 2.42072e-13 0)
(1.5 4.27522e-13 0)
(1.5 5.24753e-13 0)
(1.5 5.5428e-13 0)
(1.5 6.4301e-13 0)
(1.5 6.84362e-13 0)
(1.5 5.77729e-13 0)
(1.5 5.02457e-13 0)
(1.5 3.5228e-13 0)
(1.5 3.56609e-13 0)
(1.5 2.89003e-13 0)
(1.5 2.50318e-13 0)
(1.5 3.6194e-13 0)
(1.5 2.34214e-13 0)
(1.5 1.74806e-13 0)
(1.5 1.21087e-13 0)
(1.5 7.52983e-14 0)
(1.5 6.29044e-14 0)
(1.5 7.40161e-14 0)
(1.5 6.37096e-14 0)
(1.5 9.26267e-14 0)
(1.5 1.15648e-13 0)
(1.5 1.41538e-13 0)
(1.5 9.09595e-14 0)
(1.5 3.02804e-14 0)
(1.5 -3.27688e-14 0)
(1.5 2.15634e-14 0)
(1.5 9.8699e-14 0)
(1.5 1.40384e-13 0)
(1.5 8.60745e-14 0)
(1.5 8.98435e-14 0)
(1.5 -2.9379e-14 0)
(1.5 -2.20021e-14 0)
(1.5 5.64739e-14 0)
(1.5 4.2564e-14 0)
(1.5 1.28297e-13 0)
(1.5 2.17755e-13 0)
(1.5 2.47357e-13 0)
(1.5 1.41058e-13 0)
(1.5 4.60589e-14 0)
(1.5 -4.9991e-15 0)
(1.5 -2.323e-14 0)
(1.5 5.58247e-14 0)
(1.5 6.55901e-14 0)
(1.5 8.65151e-14 0)
(1.5 2.063e-13 0)
(1.5 2.84344e-13 0)
(1.5 1.74367e-13 0)
(1.5 5.69955e-14 0)
(1.5 -2.35032e-14 0)
(1.5 2.00822e-14 0)
(1.5 9.01151e-14 0)
(1.5 2.92157e-14 0)
(1.5 -2.8305e-14 0)
(1.5 -1.16374e-14 0)
(1.5 -4.09329e-14 0)
(1.5 6.97945e-14 0)
(1.5 1.3404e-13 0)
(1.5 1.56454e-13 0)
(1.5 1.5959e-13 0)
(1.5 1.48818e-13 0)
(1.5 1.85179e-13 0)
(1.5 6.10198e-14 0)
(1.5 3.72518e-14 0)
(1.5 8.09729e-14 0)
(1.5 1.39417e-13 0)
(1.5 1.94238e-13 0)
(1.5 2.42454e-13 0)
(1.5 3.65741e-13 0)
(1.5 3.79584e-13 0)
(1.5 4.15874e-13 0)
(1.5 5.54289e-13 0)
(1.5 5.94721e-13 0)
(1.5 5.94173e-13 0)
(1.5 4.40688e-13 0)
(1.5 2.84066e-13 0)
(1.5 1.10067e-13 0)
(1.5 -5.16781e-14 0)
(1.5 -1.86655e-13 0)
(1.5 -2.88632e-13 0)
(1.5 -4.10478e-13 0)
(1.5 -3.71565e-13 0)
(1.5 -3.46033e-13 0)
(1.5 -2.1853e-14 0)
(1.5 5.30765e-14 0)
(1.5 9.4558e-15 0)
(1.5 4.80313e-14 0)
(1.5 2.10118e-13 0)
(1.5 1.3623e-13 0)
(1.5 -1.59695e-14 0)
(1.5 -3.77068e-14 0)
(1.5 -1.50417e-13 0)
(1.5 -1.17849e-13 0)
(1.5 -7.08953e-14 0)
(1.5 4.86616e-14 0)
(1.5 1.14659e-13 0)
(1.5 -6.1996e-15 0)
(1.5 -7.41094e-14 0)
(1.5 -1.65046e-13 0)
(1.5 -2.65676e-13 0)
(1.5 -2.65763e-13 0)
(1.5 -3.15785e-13 0)
(1.5 -3.26686e-13 0)
(1.5 -3.82858e-13 0)
(1.5 -3.58208e-13 0)
(1.5 -1.91539e-13 0)
(1.5 -1.82932e-13 0)
(1.5 -2.76032e-13 0)
(1.5 -2.87574e-13 0)
(1.5 -3.05562e-13 0)
(1.5 -2.74535e-13 0)
(1.5 -1.53157e-13 0)
(1.5 -1.02144e-13 0)
(1.5 1.48202e-14 0)
(1.5 -1.77651e-16 0)
(1.5 -8.49564e-14 0)
(1.5 -1.03951e-13 0)
(1.5 -1.51866e-13 0)
(1.5 -1.48221e-13 0)
(1.5 -1.59686e-13 0)
(1.5 -1.24896e-13 0)
(1.5 -1.43646e-13 0)
(1.5 -1.91379e-13 0)
(1.5 -2.00412e-13 0)
(1.5 -2.20428e-13 0)
(1.5 -2.04606e-13 0)
(1.5 -2.28831e-13 0)
(1.5 -1.72923e-13 0)
(1.5 -1.11127e-13 0)
(1.5 1.27255e-14 0)
(1.5 -1.05201e-13 0)
(1.5 -2.15674e-13 0)
(1.5 -3.24148e-13 0)
(1.5 -3.34337e-13 0)
(1.5 -3.11551e-13 0)
(1.5 -3.37889e-13 0)
(1.5 -1.96019e-13 0)
(1.5 -1.51948e-13 0)
(1.5 -3.18159e-15 0)
(1.5 -8.83536e-14 0)
(1.5 -3.42395e-14 0)
(1.5 -1.39699e-13 0)
(1.5 -2.16146e-13 0)
(1.5 -1.23017e-13 0)
(1.5 -4.66937e-14 0)
(1.5 1.12929e-13 0)
(1.5 1.35225e-13 0)
(1.5 1.03546e-13 0)
(1.5 6.48743e-14 0)
(1.5 -5.5249e-14 0)
(1.5 -9.90722e-14 0)
(1.5 -9.09466e-14 0)
(1.5 -2.32942e-14 0)
(1.5 -1.77742e-13 0)
(1.5 -3.7688e-13 0)
(1.5 -4.32021e-13 0)
(1.5 -4.90068e-13 0)
(1.5 -6.77492e-13 0)
(1.5 -6.87172e-13 0)
(1.5 -7.21779e-13 0)
(1.5 -6.33454e-13 0)
(1.5 -5.67485e-13 0)
(1.5 -5.77229e-13 0)
(1.5 -5.39288e-13 0)
(1.5 -4.55937e-13 0)
(1.5 -3.66919e-13 0)
(1.5 -2.60503e-13 0)
(1.5 -3.25951e-13 0)
(1.5 -3.2672e-13 0)
(1.5 -3.86721e-13 0)
(1.5 -4.13925e-13 0)
(1.5 -4.50082e-13 0)
(1.5 -4.57011e-13 0)
(1.5 -4.89301e-13 0)
(1.5 -3.22705e-13 0)
(1.5 -7.16009e-14 0)
(1.5 1.32258e-13 0)
(1.5 1.9594e-13 0)
(1.5 3.0049e-13 0)
(1.5 3.78882e-13 0)
(1.5 3.90824e-13 0)
(1.5 5.81064e-13 0)
(1.5 5.21499e-13 0)
(1.5 4.02511e-13 0)
(1.5 3.65892e-13 0)
(1.5 3.28735e-13 0)
(1.5 2.28771e-13 0)
(1.5 1.44515e-13 0)
(1.5 1.72041e-13 0)
(1.5 2.0383e-13 0)
(1.5 3.02852e-13 0)
(1.5 4.14284e-13 0)
(1.5 4.83961e-13 0)
(1.5 3.82099e-13 0)
(1.5 2.36075e-13 0)
(1.5 7.88382e-14 0)
(1.5 1.365e-13 0)
(1.5 1.81545e-13 0)
(1.5 2.20986e-13 0)
(1.5 2.83281e-13 0)
(1.5 4.55822e-13 0)
(1.5 5.13866e-13 0)
(1.5 5.74909e-13 0)
(1.5 5.68928e-13 0)
(1.5 5.93999e-13 0)
(1.5 5.75974e-13 0)
(1.5 5.35637e-13 0)
(1.5 5.54214e-13 0)
(1.5 4.93562e-13 0)
(1.5 4.78699e-13 0)
(1.5 3.63483e-13 0)
(1.5 2.8783e-13 0)
(1.5 3.48994e-13 0)
(1.5 2.43203e-13 0)
(1.5 3.15173e-13 0)
(1.5 3.33993e-13 0)
(1.5 1.85918e-13 0)
(1.5 1.16783e-13 0)
(1.5 2.19654e-13 0)
(1.5 2.42075e-13 0)
(1.5 2.98674e-13 0)
(1.5 2.63001e-13 0)
(1.5 1.4952e-13 0)
(1.5 6.71517e-15 0)
(1.5 3.74125e-14 0)
(1.5 1.27507e-13 0)
(1.5 1.7996e-13 0)
(1.5 1.87077e-13 0)
(1.5 7.39944e-14 0)
(1.5 -3.75404e-14 0)
(1.5 -1.09565e-13 0)
(1.5 -1.97149e-13 0)
(1.5 -2.19131e-13 0)
(1.5 -1.31678e-13 0)
(1.5 -1.45493e-13 0)
(1.5 -1.27446e-13 0)
(1.5 1.61823e-14 0)
(1.5 1.83902e-13 0)
(1.5 1.2801e-13 0)
(1.5 -2.98718e-15 0)
(1.5 -3.83391e-14 0)
(1.5 6.63052e-15 0)
(1.5 5.96314e-14 0)
(1.5 5.90713e-14 0)
(1.5 1.09341e-13 0)
(1.5 3.18753e-13 0)
(1.5 4.27713e-13 0)
(1.5 3.27582e-13 0)
(1.5 2.09573e-13 0)
(1.5 2.26933e-13 0)
(1.5 2.20725e-13 0)
(1.5 2.26945e-13 0)
(1.5 1.17299e-13 0)
(1.5 1.48332e-13 0)
(1.5 2.08643e-13 0)
(1.5 1.42955e-13 0)
(1.5 1.16472e-13 0)
(1.5 5.86696e-14 0)
(1.5 6.85046e-14 0)
(1.5 -3.9917e-14 0)
(1.5 1.58555e-14 0)
(1.5 1.5171e-13 0)
(1.5 4.88099e-14 0)
(1.5 8.30437e-14 0)
(1.5 1.50269e-13 0)
(1.5 3.00507e-13 0)
(1.5 4.42711e-13 0)
(1.5 5.18152e-13 0)
(1.5 6.43999e-13 0)
(1.5 5.78535e-13 0)
(1.5 5.98885e-13 0)
(1.5 5.09335e-13 0)
(1.5 3.81971e-13 0)
(1.5 3.3146e-13 0)
(1.5 1.76793e-13 0)
(1.5 2.25413e-14 0)
(1.5 -1.66906e-13 0)
(1.5 -2.90525e-13 0)
(1.5 -3.31945e-13 0)
(1.5 -4.65529e-13 0)
(1.5 -4.66265e-13 0)
(1.5 -2.70361e-13 0)
(1.5 -2.4078e-13 0)
(1.5 6.6362e-14 0)
(1.5 2.45571e-13 0)
(1.5 2.18086e-13 0)
(1.5 2.14996e-13 0)
(1.5 1.78537e-13 0)
(1.5 1.11953e-13 0)
(1.5 2.68403e-14 0)
(1.5 -1.47377e-14 0)
(1.5 -1.04068e-13 0)
(1.5 -1.22536e-13 0)
(1.5 -1.71228e-13 0)
(1.5 -1.99708e-14 0)
(1.5 -6.69777e-15 0)
(1.5 -3.70777e-14 0)
(1.5 -6.1217e-14 0)
(1.5 -1.30001e-13 0)
(1.5 -2.20374e-13 0)
(1.5 -2.71521e-13 0)
(1.5 -3.14804e-13 0)
(1.5 -3.02371e-13 0)
(1.5 -4.02341e-13 0)
(1.5 -4.14674e-13 0)
(1.5 -2.25326e-13 0)
(1.5 -2.26135e-13 0)
(1.5 -2.60028e-13 0)
(1.5 -3.3305e-13 0)
(1.5 -3.39768e-13 0)
(1.5 -2.36816e-13 0)
(1.5 -1.80277e-13 0)
(1.5 -1.66468e-13 0)
(1.5 -4.63338e-14 0)
(1.5 -5.74702e-14 0)
(1.5 -1.69582e-13 0)
(1.5 -1.46296e-13 0)
(1.5 -1.52253e-13 0)
(1.5 -1.8115e-13 0)
(1.5 -2.37514e-13 0)
(1.5 -1.94078e-13 0)
(1.5 -2.37594e-13 0)
(1.5 -2.90061e-13 0)
(1.5 -2.71618e-13 0)
(1.5 -2.75648e-13 0)
(1.5 -3.53051e-13 0)
(1.5 -3.16598e-13 0)
(1.5 -2.78383e-13 0)
(1.5 -2.35821e-13 0)
(1.5 -2.34481e-13 0)
(1.5 -2.5319e-13 0)
(1.5 -3.28592e-13 0)
(1.5 -3.63556e-13 0)
(1.5 -3.37248e-13 0)
(1.5 -3.41441e-13 0)
(1.5 -3.41652e-13 0)
(1.5 -2.14956e-13 0)
(1.5 -1.29495e-13 0)
(1.5 -4.21104e-14 0)
(1.5 -6.6116e-14 0)
(1.5 -9.76725e-14 0)
(1.5 -1.40402e-13 0)
(1.5 -1.76576e-13 0)
(1.5 -1.87127e-13 0)
(1.5 -1.00904e-13 0)
(1.5 4.50873e-14 0)
(1.5 6.65771e-14 0)
(1.5 3.29072e-14 0)
(1.5 2.58097e-14 0)
(1.5 -3.3606e-14 0)
(1.5 -9.39771e-14 0)
(1.5 -1.15906e-13 0)
(1.5 -9.26731e-14 0)
(1.5 -2.32625e-13 0)
(1.5 -4.0988e-13 0)
(1.5 -4.50954e-13 0)
(1.5 -4.80199e-13 0)
(1.5 -6.26243e-13 0)
(1.5 -6.5092e-13 0)
(1.5 -6.68497e-13 0)
(1.5 -6.1877e-13 0)
(1.5 -5.98624e-13 0)
(1.5 -5.92878e-13 0)
(1.5 -5.05394e-13 0)
(1.5 -5.10506e-13 0)
(1.5 -4.01657e-13 0)
(1.5 -3.2917e-13 0)
(1.5 -3.17531e-13 0)
(1.5 -4.28683e-13 0)
(1.5 -4.70502e-13 0)
(1.5 -4.14909e-13 0)
(1.5 -3.36822e-13 0)
(1.5 -2.69893e-13 0)
(1.5 -2.76145e-13 0)
(1.5 -1.87026e-13 0)
(1.5 -7.52206e-14 0)
(1.5 5.97692e-14 0)
(1.5 1.69263e-13 0)
(1.5 1.97839e-13 0)
(1.5 3.48817e-13 0)
(1.5 3.75271e-13 0)
(1.5 4.2378e-13 0)
(1.5 4.5412e-13 0)
(1.5 4.15045e-13 0)
(1.5 3.2371e-13 0)
(1.5 2.75057e-13 0)
(1.5 2.26093e-13 0)
(1.5 1.66265e-13 0)
(1.5 1.31777e-13 0)
(1.5 1.96808e-13 0)
(1.5 2.37657e-13 0)
(1.5 3.78879e-13 0)
(1.5 3.93488e-13 0)
(1.5 2.13965e-13 0)
(1.5 9.06907e-14 0)
(1.5 1.46348e-14 0)
(1.5 9.50797e-14 0)
(1.5 2.92465e-13 0)
(1.5 4.58919e-13 0)
(1.5 6.27893e-13 0)
(1.5 5.9563e-13 0)
(1.5 5.86374e-13 0)
(1.5 5.91834e-13 0)
(1.5 5.06735e-13 0)
(1.5 3.84524e-13 0)
(1.5 2.74689e-13 0)
(1.5 4.01825e-13 0)
(1.5 4.35239e-13 0)
(1.5 4.56607e-13 0)
(1.5 4.18875e-13 0)
(1.5 3.12636e-13 0)
(1.5 2.9853e-13 0)
(1.5 2.41074e-13 0)
(1.5 1.97197e-13 0)
(1.5 2.45616e-13 0)
(1.5 2.98076e-13 0)
(1.5 1.63585e-13 0)
(1.5 7.57349e-15 0)
(1.5 9.52446e-14 0)
(1.5 2.05112e-13 0)
(1.5 2.72312e-13 0)
(1.5 2.08815e-13 0)
(1.5 3.48862e-14 0)
(1.5 -8.85275e-14 0)
(1.5 -1.41492e-14 0)
(1.5 1.33425e-13 0)
(1.5 1.70102e-13 0)
(1.5 1.50092e-13 0)
(1.5 2.53108e-14 0)
(1.5 -4.12247e-14 0)
(1.5 -2.32281e-13 0)
(1.5 -2.72574e-13 0)
(1.5 -3.47419e-13 0)
(1.5 -2.6652e-13 0)
(1.5 -2.31483e-13 0)
(1.5 -1.73967e-13 0)
(1.5 3.80961e-14 0)
(1.5 1.99493e-13 0)
(1.5 2.20615e-13 0)
(1.5 7.23274e-14 0)
(1.5 3.28831e-14 0)
(1.5 1.87638e-14 0)
(1.5 5.34172e-14 0)
(1.5 4.46699e-14 0)
(1.5 1.17907e-13 0)
(1.5 2.21539e-13 0)
(1.5 2.81613e-13 0)
(1.5 2.67135e-13 0)
(1.5 2.55742e-13 0)
(1.5 2.99429e-13 0)
(1.5 3.26425e-13 0)
(1.5 2.64189e-13 0)
(1.5 2.51544e-13 0)
(1.5 3.0465e-13 0)
(1.5 2.92261e-13 0)
(1.5 2.40414e-13 0)
(1.5 1.31613e-13 0)
(1.5 -5.61473e-14 0)
(1.5 -4.58543e-14 0)
(1.5 -1.43931e-13 0)
(1.5 -4.38515e-14 0)
(1.5 3.92029e-14 0)
(1.5 -4.33666e-14 0)
(1.5 2.38004e-14 0)
(1.5 1.32776e-13 0)
(1.5 3.73548e-13 0)
(1.5 4.56603e-13 0)
(1.5 5.16667e-13 0)
(1.5 5.75635e-13 0)
(1.5 4.99673e-13 0)
(1.5 5.19064e-13 0)
(1.5 3.16825e-13 0)
(1.5 1.69011e-13 0)
(1.5 9.15029e-14 0)
(1.5 -3.80316e-14 0)
(1.5 -1.73745e-13 0)
(1.5 -3.15822e-13 0)
(1.5 -3.48979e-13 0)
(1.5 -3.5754e-13 0)
(1.5 -4.50586e-13 0)
(1.5 -3.71204e-13 0)
(1.5 -2.14754e-13 0)
(1.5 -2.14382e-13 0)
(1.5 8.54592e-14 0)
(1.5 2.28671e-13 0)
(1.5 2.03443e-13 0)
(1.5 2.45555e-13 0)
(1.5 1.71494e-13 0)
(1.5 1.37589e-13 0)
(1.5 1.34935e-13 0)
(1.5 2.9297e-14 0)
(1.5 9.5059e-16 0)
(1.5 -1.58996e-13 0)
(1.5 -1.99507e-13 0)
(1.5 -7.64489e-14 0)
(1.5 -6.80827e-14 0)
(1.5 -1.80974e-14 0)
(1.5 -9.97477e-15 0)
(1.5 -1.16801e-13 0)
(1.5 -2.1288e-13 0)
(1.5 -2.797e-13 0)
(1.5 -2.32412e-13 0)
(1.5 -2.20135e-13 0)
(1.5 -3.31161e-13 0)
(1.5 -3.47098e-13 0)
(1.5 -2.32309e-13 0)
(1.5 -1.54042e-13 0)
(1.5 -1.4147e-13 0)
(1.5 -2.34492e-13 0)
(1.5 -2.56237e-13 0)
(1.5 -1.76609e-13 0)
(1.5 -1.77654e-13 0)
(1.5 -1.48591e-13 0)
(1.5 -1.27561e-13 0)
(1.5 -1.41482e-13 0)
(1.5 -1.25097e-13 0)
(1.5 -6.58323e-14 0)
(1.5 -3.45465e-14 0)
(1.5 -9.92413e-14 0)
(1.5 -1.85157e-13 0)
(1.5 -1.7439e-13 0)
(1.5 -2.7497e-13 0)
(1.5 -2.4667e-13 0)
(1.5 -2.20308e-13 0)
(1.5 -2.74427e-13 0)
(1.5 -3.43833e-13 0)
(1.5 -3.37897e-13 0)
(1.5 -2.76149e-13 0)
(1.5 -2.5985e-13 0)
(1.5 -2.9107e-13 0)
(1.5 -2.10852e-13 0)
(1.5 -1.74314e-13 0)
(1.5 -1.31206e-13 0)
(1.5 -3.67188e-14 0)
(1.5 -7.87169e-14 0)
(1.5 -1.0042e-13 0)
(1.5 -1.15931e-13 0)
(1.5 -7.35344e-14 0)
(1.5 -7.56294e-14 0)
(1.5 1.30681e-14 0)
(1.5 1.01857e-14 0)
(1.5 3.43979e-14 0)
(1.5 6.09668e-14 0)
(1.5 -1.19203e-14 0)
(1.5 -4.57846e-15 0)
(1.5 5.72312e-14 0)
(1.5 1.86563e-14 0)
(1.5 3.82702e-14 0)
(1.5 1.19029e-13 0)
(1.5 1.4876e-13 0)
(1.5 7.18795e-14 0)
(1.5 2.13201e-15 0)
(1.5 -4.52978e-14 0)
(1.5 -1.39569e-13 0)
(1.5 -2.21169e-13 0)
(1.5 -2.78924e-13 0)
(1.5 -3.84821e-13 0)
(1.5 -4.28054e-13 0)
(1.5 -4.65758e-13 0)
(1.5 -4.93747e-13 0)
(1.5 -5.75132e-13 0)
(1.5 -5.35922e-13 0)
(1.5 -4.42451e-13 0)
(1.5 -3.51595e-13 0)
(1.5 -3.66052e-13 0)
(1.5 -3.00946e-13 0)
(1.5 -2.99841e-13 0)
(1.5 -2.90436e-13 0)
(1.5 -4.45891e-13 0)
(1.5 -4.88113e-13 0)
(1.5 -4.35064e-13 0)
(1.5 -2.39868e-13 0)
(1.5 -1.03648e-13 0)
(1.5 -2.65798e-14 0)
(1.5 3.65977e-14 0)
(1.5 5.9083e-14 0)
(1.5 1.27749e-13 0)
(1.5 1.72044e-13 0)
(1.5 1.8656e-13 0)
(1.5 4.12207e-13 0)
(1.5 4.86243e-13 0)
(1.5 4.06897e-13 0)
(1.5 3.99856e-13 0)
(1.5 3.18509e-13 0)
(1.5 2.61035e-13 0)
(1.5 2.4814e-13 0)
(1.5 2.44535e-13 0)
(1.5 2.11594e-13 0)
(1.5 1.61493e-13 0)
(1.5 2.72659e-13 0)
(1.5 3.42559e-13 0)
(1.5 4.30209e-13 0)
(1.5 3.60966e-13 0)
(1.5 2.15229e-13 0)
(1.5 9.21621e-14 0)
(1.5 8.64927e-14 0)
(1.5 6.14013e-14 0)
(1.5 2.63945e-13 0)
(1.5 4.60746e-13 0)
(1.5 5.38902e-13 0)
(1.5 4.59632e-13 0)
(1.5 4.68987e-13 0)
(1.5 4.9994e-13 0)
(1.5 4.02156e-13 0)
(1.5 2.6942e-13 0)
(1.5 1.9381e-13 0)
(1.5 3.08155e-13 0)
(1.5 3.20673e-13 0)
(1.5 2.9465e-13 0)
(1.5 2.25988e-13 0)
(1.5 1.56741e-13 0)
(1.5 2.15851e-13 0)
(1.5 1.91803e-13 0)
(1.5 2.23368e-13 0)
(1.5 2.28087e-13 0)
(1.5 2.64087e-13 0)
(1.5 1.89589e-13 0)
(1.5 2.9514e-14 0)
(1.5 4.15324e-14 0)
(1.5 1.04435e-13 0)
(1.5 1.54284e-13 0)
(1.5 1.43912e-13 0)
(1.5 2.42287e-14 0)
(1.5 -4.84427e-14 0)
(1.5 -1.09705e-13 0)
(1.5 -2.01285e-14 0)
(1.5 5.32675e-14 0)
(1.5 1.58616e-14 0)
(1.5 -6.60448e-14 0)
(1.5 -1.14005e-13 0)
(1.5 -2.37743e-13 0)
(1.5 -2.55091e-13 0)
(1.5 -3.4884e-13 0)
(1.5 -3.44621e-13 0)
(1.5 -3.68482e-13 0)
(1.5 -2.0536e-13 0)
(1.5 -3.98874e-14 0)
(1.5 8.65679e-14 0)
(1.5 2.19752e-13 0)
(1.5 1.85534e-13 0)
(1.5 1.25102e-13 0)
(1.5 1.08813e-13 0)
(1.5 1.69749e-13 0)
(1.5 1.8775e-13 0)
(1.5 2.23678e-13 0)
(1.5 1.42561e-13 0)
(1.5 7.55911e-14 0)
(1.5 1.00718e-13 0)
(1.5 1.66024e-13 0)
(1.5 1.49751e-13 0)
(1.5 2.2472e-13 0)
(1.5 2.2294e-13 0)
(1.5 3.09167e-13 0)
(1.5 2.18059e-13 0)
(1.5 1.59579e-13 0)
(1.5 1.92152e-13 0)
(1.5 1.07566e-13 0)
(1.5 7.82012e-15 0)
(1.5 -7.35779e-14 0)
(1.5 -1.36194e-13 0)
(1.5 -5.13644e-14 0)
(1.5 -8.03722e-14 0)
(1.5 -2.97336e-14 0)
(1.5 6.87079e-14 0)
(1.5 1.87491e-13 0)
(1.5 3.428e-13 0)
(1.5 3.69213e-13 0)
(1.5 4.53134e-13 0)
(1.5 4.74179e-13 0)
(1.5 3.97126e-13 0)
(1.5 3.49515e-13 0)
(1.5 2.2318e-13 0)
(1.5 1.39719e-13 0)
(1.5 1.01238e-13 0)
(1.5 -9.35494e-14 0)
(1.5 -1.70165e-13 0)
(1.5 -2.42532e-13 0)
(1.5 -3.07007e-13 0)
(1.5 -3.54441e-13 0)
(1.5 -3.36597e-13 0)
(1.5 -2.21933e-13 0)
(1.5 -2.18901e-13 0)
(1.5 -1.72322e-13 0)
(1.5 2.65016e-14 0)
(1.5 3.72911e-14 0)
(1.5 7.12993e-15 0)
(1.5 4.98754e-14 0)
(1.5 1.05969e-13 0)
(1.5 1.37857e-13 0)
(1.5 1.46319e-13 0)
(1.5 1.99381e-15 0)
(1.5 1.60702e-14 0)
(1.5 -7.86948e-14 0)
(1.5 -6.71019e-14 0)
(1.5 -4.8916e-14 0)
(1.5 -1.88159e-14 0)
(1.5 4.69692e-14 0)
(1.5 5.91983e-14 0)
(1.5 -6.44617e-15 0)
(1.5 -1.24786e-13 0)
(1.5 -2.06897e-13 0)
(1.5 -1.71563e-13 0)
(1.5 -1.65787e-13 0)
(1.5 -2.18009e-13 0)
(1.5 -2.26297e-13 0)
(1.5 -2.1039e-13 0)
(1.5 -7.51061e-14 0)
(1.5 -2.61478e-14 0)
(1.5 -8.5053e-14 0)
(1.5 -1.20843e-13 0)
(1.5 -1.16117e-13 0)
(1.5 -1.22805e-13 0)
(1.5 -1.69519e-13 0)
(1.5 -1.85466e-13 0)
(1.5 -1.68173e-13 0)
(1.5 -1.5504e-13 0)
(1.5 -5.2491e-14 0)
(1.5 -6.09413e-14 0)
(1.5 -1.62481e-13 0)
(1.5 -1.83785e-13 0)
(1.5 -1.78897e-13 0)
(1.5 -2.47015e-13 0)
(1.5 -1.80522e-13 0)
(1.5 -1.67104e-13 0)
(1.5 -2.70162e-13 0)
(1.5 -2.6457e-13 0)
(1.5 -2.55716e-13 0)
(1.5 -2.33427e-13 0)
(1.5 -1.90043e-13 0)
(1.5 -1.22227e-13 0)
(1.5 -2.63876e-14 0)
(1.5 2.68054e-14 0)
(1.5 6.59909e-14 0)
(1.5 1.5222e-13 0)
(1.5 1.35127e-13 0)
(1.5 9.81741e-14 0)
(1.5 7.748e-14 0)
(1.5 2.704e-14 0)
(1.5 -3.43453e-14 0)
(1.5 6.32221e-14 0)
(1.5 1.56843e-13 0)
(1.5 1.9967e-13 0)
(1.5 1.49978e-13 0)
(1.5 1.31837e-13 0)
(1.5 1.31867e-13 0)
(1.5 1.55102e-13 0)
(1.5 9.46236e-14 0)
(1.5 5.68632e-14 0)
(1.5 1.47074e-13 0)
(1.5 1.84703e-13 0)
(1.5 1.07824e-13 0)
(1.5 3.10145e-14 0)
(1.5 1.9015e-15 0)
(1.5 3.96183e-15 0)
(1.5 -3.2418e-14 0)
(1.5 -9.76697e-14 0)
(1.5 -1.86077e-13 0)
(1.5 -1.79622e-13 0)
(1.5 -3.11392e-13 0)
(1.5 -3.43733e-13 0)
(1.5 -4.61025e-13 0)
(1.5 -3.69312e-13 0)
(1.5 -2.9635e-13 0)
(1.5 -3.03319e-13 0)
(1.5 -2.76521e-13 0)
(1.5 -3.63496e-13 0)
(1.5 -3.37884e-13 0)
(1.5 -3.53256e-13 0)
(1.5 -4.69254e-13 0)
(1.5 -4.66574e-13 0)
(1.5 -4.80133e-13 0)
(1.5 -2.84012e-13 0)
(1.5 -1.45792e-13 0)
(1.5 -1.83209e-14 0)
(1.5 1.28029e-13 0)
(1.5 8.41629e-14 0)
(1.5 7.67872e-14 0)
(1.5 1.10649e-13 0)
(1.5 1.93497e-13 0)
(1.5 3.5737e-13 0)
(1.5 4.13785e-13 0)
(1.5 3.22939e-13 0)
(1.5 2.40662e-13 0)
(1.5 2.53703e-13 0)
(1.5 2.64205e-13 0)
(1.5 2.62304e-13 0)
(1.5 3.13321e-13 0)
(1.5 3.63678e-13 0)
(1.5 3.63119e-13 0)
(1.5 4.00666e-13 0)
(1.5 4.48032e-13 0)
(1.5 4.26644e-13 0)
(1.5 3.56834e-13 0)
(1.5 2.47596e-13 0)
(1.5 1.25191e-13 0)
(1.5 1.57709e-13 0)
(1.5 1.52893e-13 0)
(1.5 2.39492e-13 0)
(1.5 2.72528e-13 0)
(1.5 1.56637e-13 0)
(1.5 1.68179e-13 0)
(1.5 2.30751e-13 0)
(1.5 3.48773e-13 0)
(1.5 3.53702e-13 0)
(1.5 2.87378e-13 0)
(1.5 2.22997e-13 0)
(1.5 1.93341e-13 0)
(1.5 2.01794e-13 0)
(1.5 1.59003e-13 0)
(1.5 1.48827e-13 0)
(1.5 2.03327e-13 0)
(1.5 1.9341e-13 0)
(1.5 1.87876e-13 0)
(1.5 2.18477e-13 0)
(1.5 2.718e-13 0)
(1.5 2.72895e-13 0)
(1.5 2.5401e-13 0)
(1.5 1.17765e-13 0)
(1.5 3.86593e-14 0)
(1.5 2.64435e-14 0)
(1.5 6.10649e-14 0)
(1.5 1.30126e-13 0)
(1.5 9.48218e-14 0)
(1.5 4.08741e-14 0)
(1.5 -8.98031e-14 0)
(1.5 -1.64539e-15 0)
(1.5 1.46369e-14 0)
(1.5 -7.76878e-14 0)
(1.5 -1.65693e-13 0)
(1.5 -2.19116e-13 0)
(1.5 -2.18882e-13 0)
(1.5 -2.70103e-13 0)
(1.5 -3.48202e-13 0)
(1.5 -3.82198e-13 0)
(1.5 -3.52332e-13 0)
(1.5 -2.30466e-13 0)
(1.5 -2.46277e-13 0)
(1.5 -1.98135e-13 0)
(1.5 2.56598e-14 0)
(1.5 1.42944e-13 0)
(1.5 2.26139e-13 0)
(1.5 3.10178e-13 0)
(1.5 3.6171e-13 0)
(1.5 3.69779e-13 0)
(1.5 3.16494e-13 0)
(1.5 2.01456e-13 0)
(1.5 5.35251e-14 0)
(1.5 3.73991e-14 0)
(1.5 9.9387e-14 0)
(1.5 4.81239e-14 0)
(1.5 1.09427e-13 0)
(1.5 1.79947e-13 0)
(1.5 2.4246e-13 0)
(1.5 1.31606e-13 0)
(1.5 1.08035e-13 0)
(1.5 9.87185e-14 0)
(1.5 5.76894e-14 0)
(1.5 8.28424e-14 0)
(1.5 -2.75187e-14 0)
(1.5 -3.87352e-14 0)
(1.5 -4.86729e-14 0)
(1.5 -1.08958e-13 0)
(1.5 7.51861e-14 0)
(1.5 1.39054e-13 0)
(1.5 2.50831e-13 0)
(1.5 3.40753e-13 0)
(1.5 3.62485e-13 0)
(1.5 3.7479e-13 0)
(1.5 3.52736e-13 0)
(1.5 3.44461e-13 0)
(1.5 2.61965e-13 0)
(1.5 2.06921e-13 0)
(1.5 1.44785e-13 0)
(1.5 1.09341e-13 0)
(1.5 -1.10939e-13 0)
(1.5 -2.13335e-13 0)
(1.5 -2.46643e-13 0)
(1.5 -3.28259e-13 0)
(1.5 -3.191e-13 0)
(1.5 -2.27523e-13 0)
(1.5 -1.62493e-13 0)
(1.5 -1.9225e-13 0)
(1.5 -1.36469e-13 0)
(1.5 -4.90177e-14 0)
(1.5 -4.74528e-14 0)
(1.5 1.39394e-14 0)
(1.5 -5.04228e-14 0)
(1.5 6.93714e-15 0)
(1.5 8.14912e-14 0)
(1.5 7.72311e-14 0)
(1.5 -2.07501e-14 0)
(1.5 -1.34084e-14 0)
(1.5 -1.15083e-14 0)
(1.5 -1.7836e-14 0)
(1.5 -3.30032e-14 0)
(1.5 7.01648e-14 0)
(1.5 1.14051e-13 0)
(1.5 4.50917e-15 0)
(1.5 -5.05204e-14 0)
(1.5 -1.57098e-13 0)
(1.5 -2.02457e-13 0)
(1.5 -2.31225e-13 0)
(1.5 -2.00665e-13 0)
(1.5 -1.7764e-13 0)
(1.5 -1.06722e-13 0)
(1.5 -9.74146e-14 0)
(1.5 -8.01255e-14 0)
(1.5 -5.78301e-14 0)
(1.5 -9.21538e-14 0)
(1.5 -1.14792e-13 0)
(1.5 -7.87633e-14 0)
(1.5 -1.00908e-13 0)
(1.5 -2.10993e-13 0)
(1.5 -3.08331e-13 0)
(1.5 -2.33214e-13 0)
(1.5 -1.55385e-13 0)
(1.5 -7.16411e-14 0)
(1.5 -1.89653e-13 0)
(1.5 -2.29375e-13 0)
(1.5 -1.96038e-13 0)
(1.5 -2.15094e-13 0)
(1.5 -2.13714e-13 0)
(1.5 -1.87253e-13 0)
(1.5 -1.76031e-13 0)
(1.5 -1.42473e-13 0)
(1.5 -8.24423e-14 0)
(1.5 3.85534e-14 0)
(1.5 -2.07436e-14 0)
(1.5 1.80523e-14 0)
(1.5 5.59682e-14 0)
(1.5 3.34953e-14 0)
(1.5 8.51597e-14 0)
(1.5 1.01339e-13 0)
(1.5 1.0796e-13 0)
(1.5 1.63235e-13 0)
(1.5 1.99109e-13 0)
(1.5 1.99434e-13 0)
(1.5 7.18555e-14 0)
(1.5 5.71312e-14 0)
(1.5 1.05262e-13 0)
(1.5 1.51385e-13 0)
(1.5 1.58379e-13 0)
(1.5 1.3856e-13 0)
(1.5 1.62342e-13 0)
(1.5 1.54572e-13 0)
(1.5 1.22864e-13 0)
(1.5 1.53449e-13 0)
(1.5 1.06226e-13 0)
(1.5 7.31386e-14 0)
(1.5 9.96749e-14 0)
(1.5 8.87918e-14 0)
(1.5 1.30108e-14 0)
(1.5 2.71612e-14 0)
(1.5 5.35275e-14 0)
(1.5 -9.71012e-15 0)
(1.5 -6.16241e-14 0)
(1.5 -7.86723e-14 0)
(1.5 -1.82049e-13 0)
(1.5 -3.25593e-13 0)
(1.5 -3.48228e-13 0)
(1.5 -3.1941e-13 0)
(1.5 -2.53306e-13 0)
(1.5 -2.81093e-13 0)
(1.5 -3.42057e-13 0)
(1.5 -3.78688e-13 0)
(1.5 -5.83064e-13 0)
(1.5 -5.42558e-13 0)
(1.5 -5.01225e-13 0)
(1.5 -5.3385e-13 0)
(1.5 -4.49056e-13 0)
(1.5 -3.32955e-13 0)
(1.5 -2.60246e-13 0)
(1.5 -2.26614e-13 0)
(1.5 -1.33482e-13 0)
(1.5 8.01213e-14 0)
(1.5 2.98566e-14 0)
(1.5 7.35516e-14 0)
(1.5 1.45359e-13 0)
(1.5 1.86549e-13 0)
(1.5 2.28958e-13 0)
(1.5 2.40191e-13 0)
(1.5 1.63273e-13 0)
(1.5 4.78135e-14 0)
(1.5 1.167e-13 0)
(1.5 2.07657e-13 0)
(1.5 2.73197e-13 0)
(1.5 3.90287e-13 0)
(1.5 4.0073e-13 0)
(1.5 3.67551e-13 0)
(1.5 3.03246e-13 0)
(1.5 2.40874e-13 0)
(1.5 1.95008e-13 0)
(1.5 9.4675e-14 0)
(1.5 3.22804e-14 0)
(1.5 7.84279e-14 0)
(1.5 8.49544e-14 0)
(1.5 1.50037e-13 0)
(1.5 1.50364e-13 0)
(1.5 1.10248e-13 0)
(1.5 -8.77829e-14 0)
(1.5 -1.33029e-13 0)
(1.5 3.05422e-14 0)
(1.5 1.99032e-13 0)
(1.5 1.96896e-13 0)
(1.5 1.81841e-13 0)
(1.5 1.54248e-13 0)
(1.5 1.02336e-13 0)
(1.5 8.15093e-14 0)
(1.5 1.22652e-13 0)
(1.5 1.77212e-13 0)
(1.5 2.96863e-13 0)
(1.5 2.11681e-13 0)
(1.5 1.56639e-13 0)
(1.5 1.59343e-13 0)
(1.5 2.39362e-13 0)
(1.5 2.72315e-13 0)
(1.5 2.66912e-13 0)
(1.5 1.71018e-13 0)
(1.5 1.20195e-14 0)
(1.5 -8.17241e-14 0)
(1.5 -4.45591e-14 0)
(1.5 6.1901e-14 0)
(1.5 7.24383e-14 0)
(1.5 -2.15394e-14 0)
(1.5 -4.79022e-14 0)
(1.5 1.11347e-14 0)
(1.5 -4.74484e-14 0)
(1.5 -1.82432e-13 0)
(1.5 -3.4042e-13 0)
(1.5 -3.42311e-13 0)
(1.5 -2.12355e-13 0)
(1.5 -1.52045e-13 0)
(1.5 -5.82196e-14 0)
(1.5 -1.93241e-13 0)
(1.5 -1.78966e-13 0)
(1.5 -2.57113e-13 0)
(1.5 -3.5851e-13 0)
(1.5 -4.08547e-13 0)
(1.5 -2.6336e-13 0)
(1.5 -1.96391e-14 0)
(1.5 2.20856e-13 0)
(1.5 3.87287e-13 0)
(1.5 4.45446e-13 0)
(1.5 4.28986e-13 0)
(1.5 2.67831e-13 0)
(1.5 1.91666e-13 0)
(1.5 1.15252e-13 0)
(1.5 7.37628e-14 0)
(1.5 1.01656e-13 0)
(1.5 8.75908e-14 0)
(1.5 9.10156e-14 0)
(1.5 1.33074e-13 0)
(1.5 9.34147e-14 0)
(1.5 -3.45731e-14 0)
(1.5 -8.8909e-14 0)
(1.5 -6.51352e-14 0)
(1.5 -7.28494e-14 0)
(1.5 -3.0998e-14 0)
(1.5 -1.00611e-13 0)
(1.5 -7.61238e-14 0)
(1.5 -4.98196e-14 0)
(1.5 -3.10309e-15 0)
(1.5 1.66587e-13 0)
(1.5 1.40242e-13 0)
(1.5 1.77219e-13 0)
(1.5 2.61669e-13 0)
(1.5 3.25996e-13 0)
(1.5 2.93837e-13 0)
(1.5 2.10611e-13 0)
(1.5 2.07313e-13 0)
(1.5 1.87108e-13 0)
(1.5 1.89819e-13 0)
(1.5 1.29701e-13 0)
(1.5 -1.36761e-14 0)
(1.5 -9.98162e-14 0)
(1.5 -1.33458e-13 0)
(1.5 -1.08868e-13 0)
(1.5 -1.25748e-13 0)
(1.5 -6.17882e-14 0)
(1.5 -9.13259e-14 0)
(1.5 -1.72987e-13 0)
(1.5 -2.84708e-13 0)
(1.5 -2.9805e-13 0)
(1.5 -7.73708e-16 0)
(1.5 -4.4427e-14 0)
(1.5 3.74727e-14 0)
(1.5 -7.90369e-14 0)
(1.5 -1.09894e-13 0)
(1.5 -4.04312e-14 0)
(1.5 -1.40576e-14 0)
(1.5 2.44273e-14 0)
(1.5 8.46974e-14 0)
(1.5 1.42005e-13 0)
(1.5 1.05155e-13 0)
(1.5 5.37386e-14 0)
(1.5 1.41107e-13 0)
(1.5 1.34165e-13 0)
(1.5 -3.30278e-14 0)
(1.5 -1.7163e-13 0)
(1.5 -2.44842e-13 0)
(1.5 -2.70161e-13 0)
(1.5 -2.70143e-13 0)
(1.5 -2.31168e-13 0)
(1.5 -1.60633e-13 0)
(1.5 -7.13979e-14 0)
(1.5 -3.70189e-14 0)
(1.5 -8.91114e-14 0)
(1.5 -1.13847e-13 0)
(1.5 -7.39172e-14 0)
(1.5 -1.34791e-13 0)
(1.5 -8.09711e-14 0)
(1.5 -1.37926e-13 0)
(1.5 -2.56511e-13 0)
(1.5 -4.05246e-13 0)
(1.5 -2.80046e-13 0)
(1.5 -1.20984e-13 0)
(1.5 -9.22805e-14 0)
(1.5 -1.12742e-13 0)
(1.5 -2.13754e-13 0)
(1.5 -1.93929e-13 0)
(1.5 -2.21623e-13 0)
(1.5 -2.18135e-13 0)
(1.5 -2.291e-13 0)
(1.5 -1.71743e-13 0)
(1.5 1.10628e-14 0)
(1.5 1.25534e-13 0)
(1.5 2.03448e-13 0)
(1.5 1.94333e-13 0)
(1.5 1.63038e-13 0)
(1.5 9.74602e-14 0)
(1.5 1.75827e-14 0)
(1.5 4.89609e-14 0)
(1.5 8.04568e-14 0)
(1.5 6.4486e-14 0)
(1.5 1.07611e-13 0)
(1.5 2.27756e-13 0)
(1.5 1.9395e-13 0)
(1.5 1.14248e-13 0)
(1.5 1.37008e-13 0)
(1.5 1.308e-13 0)
(1.5 4.6652e-14 0)
(1.5 1.04656e-13 0)
(1.5 1.95594e-13 0)
(1.5 1.92442e-13 0)
(1.5 1.39697e-13 0)
(1.5 9.3506e-14 0)
(1.5 1.84035e-13 0)
(1.5 1.89099e-13 0)
(1.5 3.7948e-14 0)
(1.5 5.88792e-14 0)
(1.5 7.7109e-14 0)
(1.5 4.65302e-14 0)
(1.5 5.15012e-14 0)
(1.5 5.6643e-14 0)
(1.5 -3.21538e-15 0)
(1.5 -4.02424e-14 0)
(1.5 -1.46192e-13 0)
(1.5 -2.81746e-13 0)
(1.5 -3.10773e-13 0)
(1.5 -4.0132e-13 0)
(1.5 -2.60236e-13 0)
(1.5 -1.75398e-13 0)
(1.5 -2.31544e-13 0)
(1.5 -3.29763e-13 0)
(1.5 -4.69966e-13 0)
(1.5 -5.9279e-13 0)
(1.5 -5.89464e-13 0)
(1.5 -5.31152e-13 0)
(1.5 -5.08174e-13 0)
(1.5 -4.10162e-13 0)
(1.5 -2.32434e-13 0)
(1.5 -2.43366e-13 0)
(1.5 -2.33684e-13 0)
(1.5 -1.3684e-13 0)
(1.5 3.88508e-14 0)
(1.5 6.28591e-14 0)
(1.5 9.92088e-14 0)
(1.5 5.24739e-14 0)
(1.5 1.09995e-13 0)
(1.5 1.90472e-13 0)
(1.5 2.13032e-13 0)
(1.5 1.51261e-13 0)
(1.5 1.19327e-13 0)
(1.5 1.51228e-13 0)
(1.5 1.92294e-13 0)
(1.5 2.44764e-13 0)
(1.5 2.9539e-13 0)
(1.5 2.64443e-13 0)
(1.5 2.13784e-13 0)
(1.5 1.40299e-13 0)
(1.5 9.915e-14 0)
(1.5 6.32799e-14 0)
(1.5 -4.20221e-14 0)
(1.5 -3.51349e-14 0)
(1.5 1.39415e-13 0)
(1.5 1.41735e-13 0)
(1.5 1.52858e-13 0)
(1.5 4.6243e-14 0)
(1.5 9.45715e-14 0)
(1.5 -4.4495e-14 0)
(1.5 -8.26362e-14 0)
(1.5 2.44409e-14 0)
(1.5 1.2798e-13 0)
(1.5 1.20377e-13 0)
(1.5 1.14922e-13 0)
(1.5 1.01394e-13 0)
(1.5 6.8899e-14 0)
(1.5 3.38575e-14 0)
(1.5 1.28851e-13 0)
(1.5 1.8437e-13 0)
(1.5 2.56038e-13 0)
(1.5 1.94368e-13 0)
(1.5 1.03357e-13 0)
(1.5 1.38767e-13 0)
(1.5 2.38303e-13 0)
(1.5 2.727e-13 0)
(1.5 2.07849e-13 0)
(1.5 1.61538e-13 0)
(1.5 6.67197e-14 0)
(1.5 -2.64281e-14 0)
(1.5 -4.97635e-14 0)
(1.5 -2.29796e-14 0)
(1.5 -2.93529e-14 0)
(1.5 -1.41203e-13 0)
(1.5 -9.99886e-14 0)
(1.5 -7.76845e-14 0)
(1.5 -1.41856e-13 0)
(1.5 -2.79903e-13 0)
(1.5 -3.82092e-13 0)
(1.5 -3.23545e-13 0)
(1.5 -1.47378e-13 0)
(1.5 -4.91672e-14 0)
(1.5 8.86971e-14 0)
(1.5 -6.26925e-14 0)
(1.5 -1.56498e-13 0)
(1.5 -2.45645e-13 0)
(1.5 -3.25236e-13 0)
(1.5 -3.2546e-13 0)
(1.5 -2.68568e-13 0)
(1.5 -2.03726e-14 0)
(1.5 2.25175e-13 0)
(1.5 4.31987e-13 0)
(1.5 4.08268e-13 0)
(1.5 3.68868e-13 0)
(1.5 2.10429e-13 0)
(1.5 1.33009e-13 0)
(1.5 9.22441e-14 0)
(1.5 7.64521e-14 0)
(1.5 1.29034e-13 0)
(1.5 1.60032e-13 0)
(1.5 1.82075e-13 0)
(1.5 1.87818e-13 0)
(1.5 8.14799e-14 0)
(1.5 -3.27946e-14 0)
(1.5 -6.66046e-14 0)
(1.5 -4.67094e-14 0)
(1.5 -1.64078e-13 0)
(1.5 -1.711e-13 0)
(1.5 -1.96326e-13 0)
(1.5 -1.609e-13 0)
(1.5 -7.38458e-14 0)
(1.5 9.47089e-14 0)
(1.5 2.15478e-13 0)
(1.5 1.53152e-13 0)
(1.5 7.35951e-14 0)
(1.5 1.55345e-13 0)
(1.5 2.80345e-13 0)
(1.5 2.05622e-13 0)
(1.5 1.59083e-13 0)
(1.5 1.06393e-13 0)
(1.5 1.37357e-13 0)
(1.5 1.64055e-13 0)
(1.5 8.82897e-14 0)
(1.5 -1.09553e-13 0)
(1.5 -5.28711e-14 0)
(1.5 2.14722e-14 0)
(1.5 9.42795e-14 0)
(1.5 6.9578e-14 0)
(1.5 6.45091e-14 0)
(1.5 -3.21158e-15 0)
(1.5 -1.99319e-13 0)
(1.5 -3.73252e-13 0)
(1.5 -4.84921e-13 0)
(1.5 3.68583e-15 0)
(1.5 -1.2134e-13 0)
(1.5 -1.84802e-13 0)
(1.5 -2.41557e-13 0)
(1.5 -2.13206e-13 0)
(1.5 -1.38623e-13 0)
(1.5 2.32344e-14 0)
(1.5 1.60013e-13 0)
(1.5 2.26712e-13 0)
(1.5 3.05294e-13 0)
(1.5 2.55278e-13 0)
(1.5 2.17176e-13 0)
(1.5 1.65652e-13 0)
(1.5 6.43113e-14 0)
(1.5 -4.96811e-14 0)
(1.5 -7.03723e-14 0)
(1.5 -1.31684e-13 0)
(1.5 -1.94915e-13 0)
(1.5 -2.27357e-13 0)
(1.5 -2.69358e-13 0)
(1.5 -2.15169e-13 0)
(1.5 -1.7342e-13 0)
(1.5 -1.62662e-13 0)
(1.5 -1.31392e-13 0)
(1.5 -1.51962e-13 0)
(1.5 -1.04176e-13 0)
(1.5 -1.60913e-13 0)
(1.5 -1.3545e-13 0)
(1.5 -1.57288e-13 0)
(1.5 -2.37662e-13 0)
(1.5 -3.72995e-13 0)
(1.5 -2.82031e-13 0)
(1.5 -1.289e-13 0)
(1.5 -1.2704e-13 0)
(1.5 -1.25638e-13 0)
(1.5 -2.7527e-13 0)
(1.5 -2.72606e-13 0)
(1.5 -2.6424e-13 0)
(1.5 -2.53102e-13 0)
(1.5 -2.88946e-13 0)
(1.5 -2.39796e-13 0)
(1.5 -8.30473e-14 0)
(1.5 5.40414e-14 0)
(1.5 4.63632e-14 0)
(1.5 7.75948e-14 0)
(1.5 2.67875e-14 0)
(1.5 -2.28071e-14 0)
(1.5 -5.30519e-14 0)
(1.5 -2.35474e-14 0)
(1.5 4.23959e-14 0)
(1.5 2.40094e-14 0)
(1.5 5.93887e-14 0)
(1.5 1.2731e-13 0)
(1.5 1.3578e-13 0)
(1.5 1.15267e-13 0)
(1.5 5.9129e-14 0)
(1.5 9.27239e-15 0)
(1.5 -1.22949e-13 0)
(1.5 -2.71559e-14 0)
(1.5 4.62432e-14 0)
(1.5 5.39897e-14 0)
(1.5 6.20217e-15 0)
(1.5 2.63391e-14 0)
(1.5 1.03942e-13 0)
(1.5 8.52818e-14 0)
(1.5 1.01823e-14 0)
(1.5 -4.5189e-14 0)
(1.5 -9.76803e-14 0)
(1.5 -6.08422e-14 0)
(1.5 -7.50638e-14 0)
(1.5 -1.67511e-14 0)
(1.5 -2.59299e-14 0)
(1.5 -1.09503e-14 0)
(1.5 -9.72987e-14 0)
(1.5 -8.66162e-14 0)
(1.5 -7.52943e-14 0)
(1.5 -2.24143e-13 0)
(1.5 -2.48551e-13 0)
(1.5 -2.33562e-13 0)
(1.5 -2.12523e-13 0)
(1.5 -2.85896e-13 0)
(1.5 -4.02902e-13 0)
(1.5 -4.05935e-13 0)
(1.5 -4.65442e-13 0)
(1.5 -4.16591e-13 0)
(1.5 -3.57385e-13 0)
(1.5 -3.46081e-13 0)
(1.5 -2.52014e-13 0)
(1.5 -2.95771e-13 0)
(1.5 -3.41715e-13 0)
(1.5 -2.37396e-13 0)
(1.5 -1.23743e-13 0)
(1.5 -3.12197e-14 0)
(1.5 -6.75388e-14 0)
(1.5 -1.12048e-13 0)
(1.5 8.41503e-14 0)
(1.5 1.53623e-13 0)
(1.5 2.26486e-13 0)
(1.5 2.27004e-13 0)
(1.5 2.43589e-13 0)
(1.5 2.50361e-13 0)
(1.5 1.71839e-13 0)
(1.5 1.38991e-13 0)
(1.5 7.32473e-14 0)
(1.5 9.34204e-14 0)
(1.5 1.41136e-13 0)
(1.5 1.1581e-13 0)
(1.5 1.36054e-13 0)
(1.5 4.42071e-14 0)
(1.5 -2.86436e-14 0)
(1.5 6.62821e-15 0)
(1.5 8.3041e-14 0)
(1.5 1.41373e-13 0)
(1.5 1.79241e-13 0)
(1.5 8.60766e-14 0)
(1.5 1.40515e-13 0)
(1.5 1.34526e-13 0)
(1.5 1.78274e-13 0)
(1.5 1.91601e-13 0)
(1.5 1.91836e-13 0)
(1.5 1.81026e-13 0)
(1.5 1.56135e-13 0)
(1.5 1.65615e-13 0)
(1.5 1.8423e-13 0)
(1.5 9.94423e-14 0)
(1.5 9.59545e-14 0)
(1.5 1.40647e-13 0)
(1.5 1.92282e-13 0)
(1.5 8.91823e-14 0)
(1.5 -7.84911e-15 0)
(1.5 4.90148e-14 0)
(1.5 1.39595e-13 0)
(1.5 1.42217e-13 0)
(1.5 1.19416e-13 0)
(1.5 1.2132e-13 0)
(1.5 1.3987e-13 0)
(1.5 7.64492e-14 0)
(1.5 1.58469e-15 0)
(1.5 -1.19443e-14 0)
(1.5 -3.98008e-14 0)
(1.5 -1.0461e-13 0)
(1.5 -1.93074e-13 0)
(1.5 -2.20154e-13 0)
(1.5 -2.96806e-13 0)
(1.5 -3.7558e-13 0)
(1.5 -3.12121e-13 0)
(1.5 -2.72338e-13 0)
(1.5 -1.36334e-13 0)
(1.5 -3.2083e-14 0)
(1.5 -4.06923e-14 0)
(1.5 -7.49398e-14 0)
(1.5 -1.64157e-13 0)
(1.5 -1.07524e-13 0)
(1.5 -1.2512e-13 0)
(1.5 -1.09667e-13 0)
(1.5 -1.29111e-13 0)
(1.5 -1.4124e-14 0)
(1.5 1.89808e-13 0)
(1.5 3.92612e-13 0)
(1.5 3.30646e-13 0)
(1.5 3.64947e-13 0)
(1.5 3.05012e-13 0)
(1.5 1.59103e-13 0)
(1.5 6.94114e-14 0)
(1.5 -2.00552e-14 0)
(1.5 5.67734e-14 0)
(1.5 1.51197e-13 0)
(1.5 2.27383e-13 0)
(1.5 3.29623e-13 0)
(1.5 2.22371e-13 0)
(1.5 1.80863e-13 0)
(1.5 1.97135e-13 0)
(1.5 9.52796e-14 0)
(1.5 -9.42824e-14 0)
(1.5 -1.62666e-13 0)
(1.5 -1.31425e-13 0)
(1.5 -6.67157e-14 0)
(1.5 3.60866e-14 0)
(1.5 2.00862e-13 0)
(1.5 2.1525e-13 0)
(1.5 1.36151e-13 0)
(1.5 4.83506e-14 0)
(1.5 7.10259e-14 0)
(1.5 1.82827e-13 0)
(1.5 6.73172e-14 0)
(1.5 1.12378e-13 0)
(1.5 1.15652e-13 0)
(1.5 1.15996e-13 0)
(1.5 2.04623e-13 0)
(1.5 1.44864e-13 0)
(1.5 -1.61357e-14 0)
(1.5 1.15749e-13 0)
(1.5 8.76293e-14 0)
(1.5 1.58383e-13 0)
(1.5 1.34212e-13 0)
(1.5 5.67889e-14 0)
(1.5 3.74374e-14 0)
(1.5 -1.82588e-13 0)
(1.5 -2.82146e-13 0)
(1.5 -4.54749e-13 0)
(1.5 -9.71105e-14 0)
(1.5 -1.77238e-13 0)
(1.5 -2.82455e-13 0)
(1.5 -2.92946e-13 0)
(1.5 -2.0784e-13 0)
(1.5 -9.01033e-14 0)
(1.5 8.62893e-14 0)
(1.5 1.9301e-13 0)
(1.5 1.95949e-13 0)
(1.5 2.49199e-13 0)
(1.5 3.39829e-13 0)
(1.5 2.81853e-13 0)
(1.5 1.72386e-13 0)
(1.5 3.94354e-14 0)
(1.5 3.10851e-14 0)
(1.5 8.94909e-14 0)
(1.5 1.87733e-14 0)
(1.5 -1.76902e-14 0)
(1.5 -5.55823e-14 0)
(1.5 -1.00761e-13 0)
(1.5 -3.26882e-14 0)
(1.5 3.68935e-15 0)
(1.5 -6.41513e-14 0)
(1.5 -1.91997e-14 0)
(1.5 -2.02821e-14 0)
(1.5 3.78666e-15 0)
(1.5 8.09992e-15 0)
(1.5 -6.64305e-14 0)
(1.5 -4.1621e-14 0)
(1.5 -5.3867e-14 0)
(1.5 -8.99591e-14 0)
(1.5 -1.34599e-13 0)
(1.5 -5.39303e-14 0)
(1.5 -2.11404e-14 0)
(1.5 -2.68097e-14 0)
(1.5 -1.13675e-13 0)
(1.5 -1.35618e-13 0)
(1.5 -1.28229e-13 0)
(1.5 -6.13274e-14 0)
(1.5 -1.50248e-13 0)
(1.5 -1.36052e-13 0)
(1.5 -8.90767e-14 0)
(1.5 -4.30177e-14 0)
(1.5 -2.30267e-14 0)
(1.5 1.30227e-15 0)
(1.5 -1.44762e-14 0)
(1.5 7.70736e-17 0)
(1.5 4.68406e-14 0)
(1.5 1.23565e-13 0)
(1.5 1.7484e-13 0)
(1.5 1.87381e-13 0)
(1.5 2.24386e-13 0)
(1.5 1.66983e-13 0)
(1.5 1.78777e-13 0)
(1.5 1.69269e-13 0)
(1.5 9.54944e-14 0)
(1.5 3.57339e-14 0)
(1.5 -7.24142e-14 0)
(1.5 -5.44867e-14 0)
(1.5 -3.71084e-15 0)
(1.5 2.84656e-14 0)
(1.5 4.50405e-14 0)
(1.5 5.73334e-14 0)
(1.5 9.05579e-14 0)
(1.5 3.20307e-14 0)
(1.5 9.41535e-14 0)
(1.5 1.28949e-14 0)
(1.5 -3.72567e-14 0)
(1.5 1.19593e-15 0)
(1.5 -3.74567e-14 0)
(1.5 -3.66923e-14 0)
(1.5 -3.82059e-14 0)
(1.5 4.12377e-14 0)
(1.5 7.63141e-14 0)
(1.5 7.65182e-14 0)
(1.5 4.03203e-14 0)
(1.5 -3.33003e-14 0)
(1.5 -1.00587e-13 0)
(1.5 -1.59116e-13 0)
(1.5 -1.29087e-13 0)
(1.5 -1.9554e-13 0)
(1.5 -2.84748e-13 0)
(1.5 -2.03981e-13 0)
(1.5 -2.7998e-13 0)
(1.5 -2.35878e-13 0)
(1.5 -1.69614e-13 0)
(1.5 -2.22616e-13 0)
(1.5 -2.57902e-13 0)
(1.5 -3.80189e-13 0)
(1.5 -4.07413e-13 0)
(1.5 -3.60916e-13 0)
(1.5 -3.23073e-13 0)
(1.5 -2.19679e-13 0)
(1.5 -2.25327e-13 0)
(1.5 -1.54915e-13 0)
(1.5 -6.76458e-15 0)
(1.5 2.83498e-14 0)
(1.5 9.55881e-14 0)
(1.5 1.58719e-13 0)
(1.5 1.30237e-13 0)
(1.5 1.36121e-13 0)
(1.5 1.17454e-13 0)
(1.5 1.50595e-13 0)
(1.5 7.28812e-14 0)
(1.5 8.53342e-14 0)
(1.5 2.31095e-13 0)
(1.5 2.05074e-13 0)
(1.5 1.31015e-13 0)
(1.5 -3.01803e-14 0)
(1.5 -1.49093e-13 0)
(1.5 -9.2087e-14 0)
(1.5 -5.80821e-14 0)
(1.5 3.93937e-14 0)
(1.5 1.10553e-13 0)
(1.5 1.5447e-13 0)
(1.5 7.36619e-14 0)
(1.5 1.2088e-13 0)
(1.5 1.597e-13 0)
(1.5 1.78356e-13 0)
(1.5 1.53186e-13 0)
(1.5 1.17191e-13 0)
(1.5 1.28133e-13 0)
(1.5 1.88398e-13 0)
(1.5 2.57359e-13 0)
(1.5 2.15701e-13 0)
(1.5 8.83707e-14 0)
(1.5 -4.08083e-15 0)
(1.5 2.89013e-14 0)
(1.5 -1.54865e-14 0)
(1.5 -3.25454e-14 0)
(1.5 4.40236e-14 0)
(1.5 5.26094e-14 0)
(1.5 5.96665e-14 0)
(1.5 4.76107e-14 0)
(1.5 6.84088e-14 0)
(1.5 6.93511e-14 0)
(1.5 -1.91083e-14 0)
(1.5 -4.64486e-14 0)
(1.5 -9.9825e-14 0)
(1.5 -8.61427e-14 0)
(1.5 -1.09008e-13 0)
(1.5 -1.92094e-13 0)
(1.5 -3.31881e-13 0)
(1.5 -4.17538e-13 0)
(1.5 -3.53542e-13 0)
(1.5 -1.86389e-13 0)
(1.5 -1.42352e-13 0)
(1.5 -1.38904e-13 0)
(1.5 -6.3004e-14 0)
(1.5 -2.13459e-14 0)
(1.5 4.84604e-14 0)
(1.5 7.63298e-14 0)
(1.5 1.07788e-13 0)
(1.5 5.12465e-14 0)
(1.5 -7.57154e-14 0)
(1.5 -1.55505e-13 0)
(1.5 -1.27466e-13 0)
(1.5 -3.39322e-15 0)
(1.5 1.47435e-13 0)
(1.5 2.58415e-13 0)
(1.5 2.52991e-13 0)
(1.5 1.72445e-13 0)
(1.5 -3.25136e-15 0)
(1.5 -4.65523e-14 0)
(1.5 -1.21113e-13 0)
(1.5 -9.52366e-14 0)
(1.5 1.22978e-14 0)
(1.5 1.16247e-13 0)
(1.5 2.46577e-13 0)
(1.5 2.23357e-13 0)
(1.5 2.25886e-13 0)
(1.5 2.78452e-13 0)
(1.5 1.35566e-13 0)
(1.5 3.60032e-14 0)
(1.5 -7.11055e-14 0)
(1.5 -5.01469e-14 0)
(1.5 4.90072e-14 0)
(1.5 9.16869e-14 0)
(1.5 1.99998e-13 0)
(1.5 1.69158e-13 0)
(1.5 8.35174e-14 0)
(1.5 8.20979e-14 0)
(1.5 5.31705e-14 0)
(1.5 7.29635e-14 0)
(1.5 9.54032e-14 0)
(1.5 1.99344e-13 0)
(1.5 2.67664e-13 0)
(1.5 1.92807e-13 0)
(1.5 2.67005e-13 0)
(1.5 2.51803e-13 0)
(1.5 2.52606e-13 0)
(1.5 3.26277e-13 0)
(1.5 1.70459e-13 0)
(1.5 1.43003e-13 0)
(1.5 1.95518e-13 0)
(1.5 1.24485e-13 0)
(1.5 -2.27375e-14 0)
(1.5 -2.22499e-13 0)
(1.5 -2.73849e-13 0)
(1.5 -3.72471e-13 0)
(1.5 -8.20939e-14 0)
(1.5 -9.29114e-14 0)
(1.5 -2.15032e-13 0)
(1.5 -2.39237e-13 0)
(1.5 -2.64648e-13 0)
(1.5 -1.56906e-13 0)
(1.5 -6.95929e-14 0)
(1.5 2.09404e-14 0)
(1.5 7.84724e-14 0)
(1.5 1.97474e-13 0)
(1.5 4.14332e-13 0)
(1.5 2.33201e-13 0)
(1.5 1.00458e-13 0)
(1.5 7.35515e-14 0)
(1.5 1.18239e-13 0)
(1.5 1.52028e-13 0)
(1.5 1.22285e-13 0)
(1.5 1.53309e-13 0)
(1.5 1.36324e-13 0)
(1.5 1.19347e-13 0)
(1.5 1.86378e-13 0)
(1.5 1.43365e-13 0)
(1.5 5.92704e-14 0)
(1.5 5.70027e-14 0)
(1.5 3.55332e-14 0)
(1.5 2.53854e-14 0)
(1.5 8.55539e-14 0)
(1.5 -4.86252e-14 0)
(1.5 1.57117e-14 0)
(1.5 2.80028e-14 0)
(1.5 8.64158e-14 0)
(1.5 -7.24992e-14 0)
(1.5 -6.6747e-14 0)
(1.5 -3.76382e-14 0)
(1.5 6.61869e-14 0)
(1.5 1.18204e-14 0)
(1.5 -6.86106e-14 0)
(1.5 -3.07674e-14 0)
(1.5 7.45949e-14 0)
(1.5 1.03593e-14 0)
(1.5 -3.75148e-15 0)
(1.5 -6.31251e-14 0)
(1.5 -1.02465e-13 0)
(1.5 -1.12663e-13 0)
(1.5 -5.22112e-14 0)
(1.5 -1.5095e-14 0)
(1.5 -1.58067e-15 0)
(1.5 1.05374e-13 0)
(1.5 1.59754e-13 0)
(1.5 1.63268e-13 0)
(1.5 1.9115e-13 0)
(1.5 2.12328e-13 0)
(1.5 1.70943e-13 0)
(1.5 1.34372e-13 0)
(1.5 1.13273e-13 0)
(1.5 5.25171e-14 0)
(1.5 -2.79903e-15 0)
(1.5 -4.14436e-14 0)
(1.5 -7.37169e-14 0)
(1.5 -3.96493e-14 0)
(1.5 -4.8228e-16 0)
(1.5 5.99568e-14 0)
(1.5 9.48944e-14 0)
(1.5 5.61408e-14 0)
(1.5 -3.81886e-15 0)
(1.5 2.85608e-14 0)
(1.5 -1.66634e-14 0)
(1.5 3.15591e-14 0)
(1.5 4.13456e-14 0)
(1.5 -9.78691e-15 0)
(1.5 -3.93009e-14 0)
(1.5 2.48168e-14 0)
(1.5 9.27152e-14 0)
(1.5 1.97225e-13 0)
(1.5 1.60092e-13 0)
(1.5 3.98381e-14 0)
(1.5 3.03534e-14 0)
(1.5 1.83813e-14 0)
(1.5 -5.90898e-14 0)
(1.5 -6.80753e-14 0)
(1.5 -5.5353e-14 0)
(1.5 -1.50868e-13 0)
(1.5 -1.30195e-13 0)
(1.5 -1.40872e-13 0)
(1.5 -1.26613e-13 0)
(1.5 -9.33913e-14 0)
(1.5 -5.85526e-14 0)
(1.5 -2.45536e-13 0)
(1.5 -4.4286e-13 0)
(1.5 -3.81719e-13 0)
(1.5 -3.86853e-13 0)
(1.5 -3.74125e-13 0)
(1.5 -2.8542e-13 0)
(1.5 -2.73876e-13 0)
(1.5 -1.79673e-13 0)
(1.5 -1.14558e-13 0)
(1.5 -6.02091e-14 0)
(1.5 1.31304e-14 0)
(1.5 9.94982e-14 0)
(1.5 9.68103e-14 0)
(1.5 1.07679e-13 0)
(1.5 1.30468e-13 0)
(1.5 1.71718e-13 0)
(1.5 2.04913e-13 0)
(1.5 2.12609e-13 0)
(1.5 3.07257e-13 0)
(1.5 2.29891e-13 0)
(1.5 6.86381e-14 0)
(1.5 -1.04582e-13 0)
(1.5 -1.92086e-13 0)
(1.5 -1.36507e-13 0)
(1.5 -4.10254e-14 0)
(1.5 3.63091e-14 0)
(1.5 1.53208e-13 0)
(1.5 2.39255e-13 0)
(1.5 1.06231e-13 0)
(1.5 5.47288e-14 0)
(1.5 1.0885e-13 0)
(1.5 5.38189e-14 0)
(1.5 6.69369e-14 0)
(1.5 1.04118e-13 0)
(1.5 9.40776e-14 0)
(1.5 7.47152e-14 0)
(1.5 7.44846e-14 0)
(1.5 1.26787e-13 0)
(1.5 5.50469e-14 0)
(1.5 -1.6389e-13 0)
(1.5 -2.11494e-13 0)
(1.5 -9.68712e-14 0)
(1.5 3.71223e-14 0)
(1.5 4.79583e-15 0)
(1.5 2.00111e-14 0)
(1.5 4.43918e-14 0)
(1.5 -2.14739e-15 0)
(1.5 6.53117e-15 0)
(1.5 -4.37333e-14 0)
(1.5 -9.0035e-14 0)
(1.5 -7.90328e-14 0)
(1.5 -1.55434e-13 0)
(1.5 -4.05177e-14 0)
(1.5 -6.19845e-15 0)
(1.5 3.1129e-14 0)
(1.5 -1.68561e-13 0)
(1.5 -2.65725e-13 0)
(1.5 -1.58172e-13 0)
(1.5 -1.67967e-14 0)
(1.5 -1.75669e-14 0)
(1.5 -1.31576e-13 0)
(1.5 -1.65787e-13 0)
(1.5 -2.66475e-14 0)
(1.5 1.90688e-13 0)
(1.5 2.86221e-13 0)
(1.5 1.5988e-13 0)
(1.5 4.25016e-14 0)
(1.5 -9.89969e-14 0)
(1.5 -1.67973e-13 0)
(1.5 -9.22882e-14 0)
(1.5 -1.7076e-14 0)
(1.5 4.1561e-14 0)
(1.5 1.46056e-13 0)
(1.5 1.23454e-13 0)
(1.5 -2.48176e-14 0)
(1.5 -1.45509e-13 0)
(1.5 -1.6676e-13 0)
(1.5 -1.47474e-13 0)
(1.5 -1.21268e-13 0)
(1.5 2.02186e-14 0)
(1.5 1.07629e-13 0)
(1.5 1.47603e-13 0)
(1.5 2.31072e-13 0)
(1.5 3.30437e-13 0)
(1.5 4.03841e-13 0)
(1.5 2.09616e-13 0)
(1.5 1.17324e-13 0)
(1.5 2.87101e-14 0)
(1.5 2.86697e-14 0)
(1.5 9.48214e-14 0)
(1.5 1.50756e-15 0)
(1.5 5.08462e-14 0)
(1.5 1.13086e-13 0)
(1.5 1.61007e-13 0)
(1.5 1.45334e-13 0)
(1.5 8.12104e-14 0)
(1.5 4.10002e-14 0)
(1.5 1.47006e-13 0)
(1.5 1.97787e-13 0)
(1.5 3.61755e-13 0)
(1.5 2.98564e-13 0)
(1.5 2.32593e-13 0)
(1.5 2.45998e-13 0)
(1.5 3.02366e-13 0)
(1.5 3.25335e-13 0)
(1.5 2.24512e-13 0)
(1.5 1.08211e-13 0)
(1.5 1.59355e-13 0)
(1.5 9.36301e-14 0)
(1.5 -1.48692e-13 0)
(1.5 -3.60124e-13 0)
(1.5 -4.18787e-13 0)
(1.5 -4.21352e-13 0)
(1.5 -2.13241e-14 0)
(1.5 -3.16083e-14 0)
(1.5 -1.34291e-13 0)
(1.5 -1.75911e-13 0)
(1.5 -2.13727e-13 0)
(1.5 -1.84372e-13 0)
(1.5 -1.97369e-13 0)
(1.5 -1.06959e-13 0)
(1.5 4.21426e-14 0)
(1.5 2.33238e-13 0)
(1.5 3.65675e-13 0)
(1.5 1.99425e-13 0)
(1.5 1.02762e-13 0)
(1.5 1.55112e-13 0)
(1.5 1.77873e-13 0)
(1.5 2.0745e-13 0)
(1.5 1.65587e-13 0)
(1.5 1.40587e-13 0)
(1.5 1.42269e-13 0)
(1.5 1.98659e-13 0)
(1.5 2.43447e-13 0)
(1.5 1.70224e-13 0)
(1.5 8.26212e-14 0)
(1.5 5.76633e-14 0)
(1.5 5.72727e-14 0)
(1.5 3.18453e-14 0)
(1.5 1.11554e-13 0)
(1.5 1.34811e-14 0)
(1.5 8.60311e-14 0)
(1.5 1.10572e-13 0)
(1.5 9.9036e-14 0)
(1.5 -1.84528e-14 0)
(1.5 -3.32164e-14 0)
(1.5 1.33829e-14 0)
(1.5 9.059e-14 0)
(1.5 9.30544e-14 0)
(1.5 -2.77513e-14 0)
(1.5 -3.21638e-14 0)
(1.5 3.95563e-14 0)
(1.5 8.22916e-14 0)
(1.5 8.45849e-14 0)
(1.5 2.01939e-14 0)
(1.5 -2.51252e-14 0)
(1.5 -3.55288e-14 0)
(1.5 -5.93848e-15 0)
(1.5 6.60157e-15 0)
(1.5 1.76812e-14 0)
(1.5 8.42689e-14 0)
(1.5 8.00468e-14 0)
(1.5 1.11233e-13 0)
(1.5 1.60088e-13 0)
(1.5 1.38706e-13 0)
(1.5 1.62864e-13 0)
(1.5 1.39923e-13 0)
(1.5 9.64575e-14 0)
(1.5 3.51163e-14 0)
(1.5 -9.2015e-15 0)
(1.5 -3.65676e-14 0)
(1.5 -9.26755e-14 0)
(1.5 -9.03717e-14 0)
(1.5 -3.96779e-14 0)
(1.5 7.98328e-14 0)
(1.5 1.46054e-13 0)
(1.5 1.24484e-13 0)
(1.5 6.15858e-14 0)
(1.5 -3.27553e-15 0)
(1.5 -3.70029e-14 0)
(1.5 4.42861e-14 0)
(1.5 2.90476e-14 0)
(1.5 -1.48992e-14 0)
(1.5 -9.17447e-14 0)
(1.5 -1.80565e-14 0)
(1.5 4.51244e-14 0)
(1.5 1.64045e-13 0)
(1.5 1.6314e-13 0)
(1.5 2.97897e-15 0)
(1.5 3.47041e-14 0)
(1.5 2.47902e-14 0)
(1.5 -3.71198e-14 0)
(1.5 -2.87018e-14 0)
(1.5 -3.8875e-14 0)
(1.5 -1.05618e-13 0)
(1.5 -1.68656e-13 0)
(1.5 -1.37432e-13 0)
(1.5 -1.11753e-13 0)
(1.5 -1.00409e-13 0)
(1.5 -2.1782e-14 0)
(1.5 -2.01859e-13 0)
(1.5 -3.44482e-13 0)
(1.5 -2.87681e-13 0)
(1.5 -3.41512e-13 0)
(1.5 -3.07443e-13 0)
(1.5 -2.18288e-13 0)
(1.5 -2.14061e-13 0)
(1.5 -1.23106e-13 0)
(1.5 -9.0949e-14 0)
(1.5 -5.6984e-14 0)
(1.5 1.09046e-14 0)
(1.5 1.15486e-13 0)
(1.5 1.75268e-13 0)
(1.5 2.03999e-13 0)
(1.5 2.37194e-13 0)
(1.5 2.8515e-13 0)
(1.5 2.92231e-13 0)
(1.5 1.93371e-13 0)
(1.5 1.50615e-13 0)
(1.5 1.23807e-13 0)
(1.5 -6.23552e-16 0)
(1.5 -1.06828e-13 0)
(1.5 -8.67198e-14 0)
(1.5 -3.35895e-14 0)
(1.5 -3.73336e-15 0)
(1.5 6.95058e-14 0)
(1.5 2.28281e-13 0)
(1.5 2.4468e-13 0)
(1.5 1.18156e-13 0)
(1.5 -6.50107e-16 0)
(1.5 8.25587e-14 0)
(1.5 -3.71956e-14 0)
(1.5 2.70131e-14 0)
(1.5 1.40441e-13 0)
(1.5 1.45053e-13 0)
(1.5 1.31825e-13 0)
(1.5 -4.61605e-15 0)
(1.5 3.90042e-14 0)
(1.5 5.53133e-14 0)
(1.5 -1.0248e-13 0)
(1.5 -2.34898e-13 0)
(1.5 -1.68733e-13 0)
(1.5 -2.33309e-14 0)
(1.5 -5.17539e-14 0)
(1.5 -3.02151e-14 0)
(1.5 1.55055e-14 0)
(1.5 -1.10796e-14 0)
(1.5 3.00249e-14 0)
(1.5 -6.23922e-14 0)
(1.5 -6.40632e-14 0)
(1.5 -8.1664e-14 0)
(1.5 -1.0229e-13 0)
(1.5 -9.40009e-15 0)
(1.5 6.02047e-14 0)
(1.5 6.47412e-14 0)
(1.5 -8.0494e-14 0)
(1.5 -1.81224e-13 0)
(1.5 -5.8197e-14 0)
(1.5 3.73668e-14 0)
(1.5 -3.1426e-14 0)
(1.5 -1.17448e-13 0)
(1.5 -1.67652e-13 0)
(1.5 -1.28046e-13 0)
(1.5 6.61086e-14 0)
(1.5 1.52793e-13 0)
(1.5 8.83261e-14 0)
(1.5 4.03116e-14 0)
(1.5 -7.64279e-14 0)
(1.5 -1.99737e-13 0)
(1.5 -1.28053e-13 0)
(1.5 2.40012e-14 0)
(1.5 5.08235e-14 0)
(1.5 1.1164e-13 0)
(1.5 1.15396e-13 0)
(1.5 -4.40621e-15 0)
(1.5 -9.32539e-14 0)
(1.5 -1.83128e-13 0)
(1.5 -1.64043e-13 0)
(1.5 -8.69441e-14 0)
(1.5 7.66254e-15 0)
(1.5 6.47123e-14 0)
(1.5 7.15052e-14 0)
(1.5 1.77462e-13 0)
(1.5 3.25231e-13 0)
(1.5 3.2001e-13 0)
(1.5 1.74388e-13 0)
(1.5 1.31799e-13 0)
(1.5 6.49435e-14 0)
(1.5 -2.68427e-14 0)
(1.5 -6.99018e-14 0)
(1.5 -1.50442e-13 0)
(1.5 -1.04963e-13 0)
(1.5 -3.38674e-15 0)
(1.5 1.31583e-13 0)
(1.5 7.4591e-14 0)
(1.5 -7.87442e-14 0)
(1.5 -4.93863e-14 0)
(1.5 8.71991e-14 0)
(1.5 1.80485e-13 0)
(1.5 2.97684e-13 0)
(1.5 2.43367e-13 0)
(1.5 1.19062e-13 0)
(1.5 1.19076e-13 0)
(1.5 1.5936e-13 0)
(1.5 1.83948e-13 0)
(1.5 2.01958e-13 0)
(1.5 1.30586e-13 0)
(1.5 6.97325e-14 0)
(1.5 -7.54525e-15 0)
(1.5 -1.14098e-13 0)
(1.5 -2.42242e-13 0)
(1.5 -3.23941e-13 0)
(1.5 -3.50677e-13 0)
(1.5 -3.78496e-15 0)
(1.5 -2.86847e-14 0)
(1.5 -5.32256e-14 0)
(1.5 -9.21725e-14 0)
(1.5 -9.11467e-14 0)
(1.5 -1.0823e-13 0)
(1.5 -1.62613e-13 0)
(1.5 -1.22044e-13 0)
(1.5 1.15773e-15 0)
(1.5 1.40339e-13 0)
(1.5 2.06127e-13 0)
(1.5 1.52353e-13 0)
(1.5 1.35797e-13 0)
(1.5 1.73171e-13 0)
(1.5 1.95019e-13 0)
(1.5 2.01533e-13 0)
(1.5 1.51712e-13 0)
(1.5 7.48509e-14 0)
(1.5 9.24944e-14 0)
(1.5 1.71112e-13 0)
(1.5 2.12107e-13 0)
(1.5 2.06426e-13 0)
(1.5 1.43455e-13 0)
(1.5 1.03213e-13 0)
(1.5 1.33028e-13 0)
(1.5 1.23549e-13 0)
(1.5 1.53903e-13 0)
(1.5 9.59004e-14 0)
(1.5 1.37908e-13 0)
(1.5 1.79989e-13 0)
(1.5 1.23894e-13 0)
(1.5 8.49459e-14 0)
(1.5 5.37727e-14 0)
(1.5 9.80003e-14 0)
(1.5 1.24295e-13 0)
(1.5 1.4705e-13 0)
(1.5 6.39113e-14 0)
(1.5 7.9275e-15 0)
(1.5 3.22169e-14 0)
(1.5 9.70466e-14 0)
(1.5 1.3348e-13 0)
(1.5 1.36661e-13 0)
(1.5 9.65699e-14 0)
(1.5 1.09112e-13 0)
(1.5 9.99217e-14 0)
(1.5 7.44358e-14 0)
(1.5 8.47833e-14 0)
(1.5 1.02868e-13 0)
(1.5 8.60667e-14 0)
(1.5 1.34766e-13 0)
(1.5 1.79488e-13 0)
(1.5 1.51259e-13 0)
(1.5 1.80595e-13 0)
(1.5 1.8348e-13 0)
(1.5 1.58601e-13 0)
(1.5 1.14627e-13 0)
(1.5 7.93596e-14 0)
(1.5 4.15009e-14 0)
(1.5 -1.08873e-14 0)
(1.5 -1.60844e-14 0)
(1.5 1.60573e-14 0)
(1.5 1.32148e-13 0)
(1.5 1.68624e-13 0)
(1.5 2.04987e-13 0)
(1.5 1.61854e-13 0)
(1.5 8.76017e-14 0)
(1.5 5.0508e-14 0)
(1.5 1.02138e-13 0)
(1.5 7.97489e-14 0)
(1.5 4.10323e-14 0)
(1.5 -7.39171e-14 0)
(1.5 -5.32729e-14 0)
(1.5 1.00019e-14 0)
(1.5 7.56286e-14 0)
(1.5 8.56381e-14 0)
(1.5 -8.89527e-15 0)
(1.5 8.67767e-15 0)
(1.5 3.30399e-14 0)
(1.5 1.94875e-14 0)
(1.5 2.13264e-14 0)
(1.5 -4.83543e-14 0)
(1.5 -8.24701e-14 0)
(1.5 -1.17671e-13 0)
(1.5 -1.01535e-13 0)
(1.5 -7.90948e-14 0)
(1.5 -8.27069e-14 0)
(1.5 -6.17393e-14 0)
(1.5 -1.46289e-13 0)
(1.5 -1.99587e-13 0)
(1.5 -1.73945e-13 0)
(1.5 -2.32264e-13 0)
(1.5 -2.15829e-13 0)
(1.5 -1.55587e-13 0)
(1.5 -1.17045e-13 0)
(1.5 -6.04948e-14 0)
(1.5 -7.54257e-14 0)
(1.5 -6.28496e-14 0)
(1.5 -3.47064e-14 0)
(1.5 5.91241e-14 0)
(1.5 1.30204e-13 0)
(1.5 1.87184e-13 0)
(1.5 2.56493e-13 0)
(1.5 3.27413e-13 0)
(1.5 2.76289e-13 0)
(1.5 1.26566e-13 0)
(1.5 3.3669e-14 0)
(1.5 5.15717e-14 0)
(1.5 2.60332e-14 0)
(1.5 -2.02601e-14 0)
(1.5 -1.8352e-14 0)
(1.5 1.81418e-14 0)
(1.5 -1.06925e-14 0)
(1.5 3.82375e-14 0)
(1.5 1.57763e-13 0)
(1.5 1.48425e-13 0)
(1.5 5.903e-14 0)
(1.5 -3.02008e-14 0)
(1.5 -1.29703e-14 0)
(1.5 -8.43411e-14 0)
(1.5 -1.42088e-14 0)
(1.5 9.69208e-14 0)
(1.5 1.46096e-13 0)
(1.5 1.80277e-13 0)
(1.5 4.36948e-14 0)
(1.5 6.39628e-14 0)
(1.5 7.89625e-14 0)
(1.5 3.11513e-14 0)
(1.5 -8.60467e-14 0)
(1.5 -9.63408e-14 0)
(1.5 -5.5666e-14 0)
(1.5 -7.56253e-15 0)
(1.5 -3.64511e-14 0)
(1.5 -1.204e-15 0)
(1.5 1.99244e-15 0)
(1.5 5.4684e-14 0)
(1.5 -2.48781e-14 0)
(1.5 -3.19505e-14 0)
(1.5 -6.40751e-14 0)
(1.5 -7.93715e-14 0)
(1.5 -7.49408e-14 0)
(1.5 -2.35174e-14 0)
(1.5 -2.70074e-14 0)
(1.5 -9.66253e-14 0)
(1.5 -1.63862e-13 0)
(1.5 -8.88834e-14 0)
(1.5 -3.19219e-14 0)
(1.5 -4.70603e-14 0)
(1.5 -7.4465e-14 0)
(1.5 -8.98166e-14 0)
(1.5 -1.18268e-13 0)
(1.5 -6.08429e-14 0)
(1.5 1.18688e-15 0)
(1.5 5.1594e-14 0)
(1.5 5.92292e-14 0)
(1.5 -4.97491e-14 0)
(1.5 -1.63377e-13 0)
(1.5 -1.56168e-13 0)
(1.5 -3.29577e-14 0)
(1.5 1.88844e-14 0)
(1.5 9.86753e-14 0)
(1.5 7.9886e-14 0)
(1.5 3.22577e-14 0)
(1.5 -3.98164e-14 0)
(1.5 -1.35888e-13 0)
(1.5 -1.28231e-13 0)
(1.5 -8.7825e-14 0)
(1.5 -7.98376e-14 0)
(1.5 -3.61185e-14 0)
(1.5 -1.97399e-14 0)
(1.5 6.09997e-14 0)
(1.5 1.5884e-13 0)
(1.5 1.17987e-13 0)
(1.5 7.47986e-14 0)
(1.5 1.01689e-13 0)
(1.5 6.20833e-14 0)
(1.5 -6.46647e-14 0)
(1.5 -1.51717e-13 0)
(1.5 -2.00615e-13 0)
(1.5 -1.75967e-13 0)
(1.5 -1.24562e-13 0)
(1.5 -2.22452e-14 0)
(1.5 -2.10444e-14 0)
(1.5 -1.66767e-13 0)
(1.5 -1.18531e-13 0)
(1.5 8.95868e-15 0)
(1.5 1.48613e-13 0)
(1.5 1.83257e-13 0)
(1.5 1.44522e-13 0)
(1.5 4.4887e-14 0)
(1.5 7.17807e-15 0)
(1.5 9.37675e-14 0)
(1.5 1.07409e-13 0)
(1.5 1.42806e-13 0)
(1.5 1.31767e-13 0)
(1.5 5.16187e-14 0)
(1.5 -8.87233e-15 0)
(1.5 -1.38046e-14 0)
(1.5 -5.03469e-14 0)
(1.5 -1.32485e-13 0)
(1.5 -1.81807e-13 0)
)
;

boundaryField
{
    inlet
    {
        type            fixedValue;
        value           uniform (1.5 0 0);
    }
    outlet
    {
        type            zeroGradient;
    }
    walls
    {
        type            symmetry;
    }
    frontAndBack
    {
        type            empty;
    }
}


// ************************************************************************* //
