WISE,HIIName,GLON,GLAT,Rad,Dist,RGal,Z,DV1,R_pc,group_multiplicity,driving_proxy,ambient_resistance_proxy,existing_bubble_strength,choke_B1,choke_B2
G150.982-00.471,BFS34,150.983,-0.47,181,3.0,11.2,-24.0,33.8,2.63253828842478,1,1142.4399999999998,0.03473525894473857,1,32889.92322808199,32889.92322808199
G150.596-00.955,G150.590-00.950; S206,150.596,-0.955,482,3.2,11.4,-52.0,26.6,7.477766217433484,1,707.5600000000001,0.02721983009191005,1,25994.284226274158,25994.284226274158
G159.354+02.576,S219,159.354,2.576,214,6.4,14.7,288.0,42.3,6.640008176476204,1,1789.2899999999997,0.0021984559630425313,1,813884.8492210549,813884.8492210549
G159.159+03.331,S217,159.159,3.332,545,3.5,11.8,202.0,27.9,9.247820967164397,1,778.41,0.00893217602384551,1,87146.73758353412,87146.73758353412
G154.646+02.438,G154.640+02.436; S211,154.646,2.438,370,6.0,14.1,253.0,45.1,10.762863720631698,1,2034.0100000000002,0.0032953658173320117,1,617233.4462238161,617233.4462238161
G155.372+02.613,G155.357+02.609; S212,155.372,2.614,459,7.6,15.7,345.0,22.0,16.912240451825053,1,484.0,0.0011298004150420786,1,428394.2487151359,428394.2487151359
G151.609-00.233,G151.594-00.228; S209,151.609,-0.232,415,9.0,16.9,-36.0,29.2,18.10779098944117,1,852.64,0.006291401440403121,1,135524.6534618473,135524.6534618473
G151.273+01.961,S208,151.273,1.961,309,4.3,12.5,147.0,23.9,6.441719380902405,1,571.2099999999999,0.01055211915531876,1,54132.25453506024,54132.25453506024
G151.180+02.124,S207,151.18,2.124,297,4.3,12.4,158.0,28.7,6.191555521449884,1,823.6899999999999,0.010090201483431429,1,81632.66128555872,81632.66128555872
G123.155-06.306,G123.058-06.297; S184; NGC281,123.155,-6.306,1093,2.8,10.3,-309.0,20.4,14.837237896676239,1,416.15999999999997,0.006718723197596191,1,61940.340115349994,61940.340115349994
G118.621-01.329,S172,118.621,-1.329,235,4.3,11.2,-98.0,27.0,4.899042247611861,1,729.0,0.021208922073093564,1,34372.32677302525,34372.32677302525
G119.437-00.916,S173,119.437,-0.916,1068,3.4,10.6,-54.0,28.7,17.60455438844947,1,823.6899999999999,0.03375686656528035,1,24400.665221907253,24400.665221907253
G117.639+02.275,S170,117.639,2.276,796,5.6,12.1,221.0,29.3,21.61105464913868,1,858.49,0.007223062908539111,1,118854.01122356174,118854.01122356174
G143.555-01.542,S203,143.555,-1.542,1288,4.2,12.2,-113.0,35.9,26.226480893301456,1,1288.81,0.014421319895283473,1,89368.38024247062,89368.38024247062
G138.494+01.634,G138.486+01.635; S201,138.494,1.635,387,3.6,11.4,102.0,22.2,6.754424205218056,1,492.84,0.019503860529352178,1,25268.84353271007,25268.84353271007
G136.884+00.911,G136.913+01.033,136.884,0.912,805,2.0,10.0,31.0,20.5,7.805500265863529,1,420.25,0.04670941522522355,1,8997.11542038447,8997.11542038447
G134.970+00.699,G136.913+01.033; W4; S190,134.97,0.699,3144,4.2,11.9,51.0,20.5,64.018676963152,1,420.25,0.023754103131305004,1,17691.680366839944,17691.680366839944
G136.117+02.058,S194,136.117,2.058,108,4.9,12.5,175.0,26.7,2.5656340004316642,1,712.89,0.00875530708831578,1,81423.75736327661,81423.75736327661
G136.084+02.087,S192,136.084,2.088,90,4.8,12.4,173.0,31.3,2.0943951023931957,1,979.69,0.009129991857730703,1,107304.58638585315,107304.58638585315
G136.119+02.118,S193,136.119,2.119,127,5.4,13.0,201.0,28.9,3.324852225049198,1,835.2099999999999,0.006381923651571932,1,130871.19896745855,130871.19896745855
G136.448+02.519,S196,136.448,2.519,317,5.3,12.8,231.0,28.3,8.145354656321315,1,800.89,0.005532348571440685,1,144764.92029703027,144764.92029703027
G132.156-00.729,G132.157-00.725,132.156,-0.729,140,6.2,13.4,-78.0,26.4,4.208182752030772,1,696.9599999999999,0.01292526406065696,1,53922.30261054915,53922.30261054915
G133.678+01.212,G133.720+01.210; S190; W3,133.678,1.213,80,4.1,11.7,87.0,28.2,1.590188874039278,2,795.24,0.019784486809231085,2,40195.1290254825,20097.56451274125
G133.712+01.221,G133.720+01.210; S190; W3,133.712,1.222,117,2.0,9.9,41.0,28.2,1.134464013796314,2,795.24,0.044963476059045514,2,17686.35500857852,8843.17750428926
G133.781+01.428,G133.790+01.410; W3,133.781,1.428,178,2.0,9.9,48.0,29.5,1.7259367047499483,1,870.25,0.042913387938625674,1,20279.219185505077,20279.219185505077
G123.207+02.831,S183,123.207,2.832,1422,6.6,13.3,325.0,25.2,45.500733599492165,1,635.04,0.0025627697630664823,1,247794.40164774802,247794.40164774802
G120.348+01.968,S175,120.348,1.969,231,5.6,12.3,192.0,24.9,6.2715497788329575,1,620.0099999999999,0.008276908794527523,1,74908.40063502142,74908.40063502142
G055.855-03.803,S84,55.856,-3.802,145,2.3,7.4,-154.0,24.2,1.6168536265003024,1,585.64,0.04324159581283505,1,13543.440962143428,13543.440962143428
G056.083-00.176,G056.082-00.178,56.083,-0.175,99,4.7,7.1,-14.0,19.4,2.2558380582026714,1,376.35999999999996,0.11980321444436777,1,3141.4849905781766,3141.4849905781766
G056.153+00.076,G056.157+00.076,56.154,0.076,126,9.9,8.7,13.0,22.1,6.047565858160351,1,488.4100000000001,0.07635353470022384,1,6396.691416023838,6396.691416023838
G056.263-00.171,G056.252-00.160,56.264,-0.171,60,4.7,7.2,-14.0,17.3,1.3671745807288915,2,299.29,0.11642870233166266,2,2570.586066891243,1285.2930334456214
G056.250-00.158,G056.252-00.160,56.251,-0.157,53,4.7,7.2,-12.0,17.3,1.2076708796438542,2,299.29,0.1179914803976591,2,2536.539070374591,1268.2695351872956
G057.541-00.279,G057.550-00.270,57.542,-0.279,212,8.8,8.3,-42.0,25.9,9.044684034779504,1,670.81,0.07055035481481431,1,9508.24417199305,9508.24417199305
G057.545-00.275,G057.550-00.270,57.546,-0.274,72,8.8,8.3,-42.0,25.9,3.07177948351002,1,670.81,0.07055035481481431,1,9508.24417199305,9508.24417199305
G077.384-03.659,S107,77.385,-3.659,361,1.5,8.3,-95.0,39.5,2.625266083208137,1,1560.25,0.04955055067422179,1,31488.04561745679,31488.04561745679
G094.494-01.513,S124,94.495,-1.513,517,5.5,10.5,-144.0,27.4,13.785677022349656,1,750.7599999999999,0.019063114291611637,1,39382.86202954559,39382.86202954559
G102.877-00.695,G102.875-00.721; S132,102.877,-0.694,913,5.7,11.2,-68.0,27.1,25.230188778621365,1,734.4100000000001,0.02590463591768059,1,28350.52391138785,28350.52391138785
G107.209-01.334,S143,107.209,-1.334,326,4.1,10.5,-96.0,26.9,6.480019661710057,1,723.6099999999999,0.026252343965687965,1,27563.633972865977,27563.633972865977
G107.034-00.801,G107.182-00.953; S142,107.034,-0.801,1323,4.1,10.5,-57.0,33.0,26.29774850442456,1,1089.0,0.034047454734599344,1,31984.769742372195,31984.769742372195
G105.779+00.048,S139,105.779,0.048,584,5.2,11.1,4.0,18.8,14.722821867934389,1,353.44000000000005,0.04083992026367118,1,8654.277425570779,8654.277425570779
G113.900-01.613,S164,113.9,-1.612,327,4.9,11.4,-138.0,23.9,7.768169612418095,1,571.2099999999999,0.015342280090744675,1,37231.102327781504,37231.102327781504
G115.885-01.707,S169,115.885,-1.707,406,4.5,11.2,-132.0,26.9,8.857545953871222,1,723.6099999999999,0.016907465652705282,1,42798.25343807329,42798.25343807329
G115.785-01.561,G115.784-01.573; S168,115.785,-1.561,402,4.2,11.0,-113.0,25.1,8.185594191853406,1,630.0100000000001,0.020319170556182667,1,31005.694757963545,31005.694757963545
G113.595-00.749,G113.589-00.721; S163,113.595,-0.748,783,4.4,11.0,-57.0,17.2,16.702800941585732,1,295.84,0.029514986052168856,1,10023.382680143965,10023.382680143965
G114.605-00.801,S165,114.605,-0.8,522,3.4,10.4,-47.0,29.0,8.604473212332044,1,841.0,0.03744950057975486,1,22456.90828930956,22456.90828930956
G108.375-01.056,S149,108.375,-1.056,187,6.5,12.2,-119.0,29.3,5.89291029388641,1,858.49,0.01385585185402565,1,61958.65898714673,61958.65898714673
G108.758-00.989,G108.760-00.952; S152/S153,108.758,-0.988,46,5.3,11.4,-92.0,25.4,1.1819757545450487,1,645.16,0.020848439232864727,1,30945.24212551091,30945.24212551091
G108.752-00.972,G108.760-00.952; S152/S153,108.753,-0.971,42,5.3,11.4,-90.0,25.4,1.079195254149827,1,645.16,0.021128279881183286,1,30535.377400721365,30535.377400721365
G108.770-00.974,G108.760-00.952; S152/S153,108.771,-0.973,38,5.3,11.4,-90.0,25.4,0.9764147537546054,1,645.16,0.021128279881183286,1,30535.377400721365,30535.377400721365
G108.273-01.066,S148,108.273,-1.065,195,5.8,11.7,-107.0,21.3,5.483242733348852,1,453.69000000000005,0.017314854986396185,1,26202.35632100021,26202.35632100021
G108.764-00.952,G108.760-00.952; S152/S153,108.764,-0.951,237,5.3,11.4,-88.0,25.4,6.0897446484168825,1,645.16,0.02141187672379421,1,30130.941267892602,30130.941267892602
G110.099+00.042,G110.106+00.044; S156,110.099,0.042,192,5.6,11.6,4.0,32.3,5.2127166992897305,1,1043.2899999999997,0.03540322430413616,1,29468.784849579708,29468.784849579708
G111.286-00.660,S157,111.286,-0.66,236,5.1,11.4,-58.0,25.0,5.835217465834375,1,625.0,0.02615252528782779,1,23898.265774391384,23898.265774391384
G112.212+00.229,G112.237+00.226; S162,112.212,0.229,542,4.4,11.0,17.0,23.4,11.561836667100215,1,547.56,0.038534918443136584,1,14209.450081177616,14209.450081177616
G111.612+00.371,G111.612+00.374; S159,111.612,0.372,54,6.8,12.7,44.0,33.5,1.780235837034216,1,1122.25,0.01980333815302631,1,56669.73877474792,56669.73877474792
G108.191+00.586,G108.197+00.579; S146,108.191,0.587,307,6.1,11.9,62.0,26.7,9.07910580613828,1,712.89,0.022074474602682543,1,32294.76636845381,32294.76636845381
G111.558+00.804,G111.525+00.818; NGC7538,111.558,0.804,573,2.7,9.8,37.0,26.7,7.500552460445631,1,712.89,0.04751705087016304,1,15002.825026913417,15002.825026913417
G114.626+00.219,S166,114.626,0.219,593,4.9,11.5,18.0,26.1,14.087231131999786,1,681.21,0.0331831093939003,1,20528.8175955331,20528.8175955331
G054.779+00.862,G054.771+00.868,54.779,0.862,150,4.9,7.0,73.0,19.5,3.5633805561550895,1,380.25,0.08318679425356537,1,4571.0380284753255,4571.0380284753255
G056.412+00.423,G056.419+00.422,56.412,0.423,139,9.9,8.8,73.0,26.8,6.671521065748325,1,718.24,0.04973967468427852,1,14439.981856717248,14439.981856717248
G055.114+02.422,G055.114+02.422; S83,55.114,2.422,146,19.4,16.1,819.0,29.1,13.731862703746497,1,846.8100000000001,4.275604367752417e-05,1,19805621.08100633,19805621.08100633
G059.321-00.223,G059.360-00.210,59.321,-0.222,371,4.3,7.5,-16.0,29.5,7.734232654740428,1,870.25,0.10544942662072108,1,8252.771284666176,8252.771284666176
G059.557-00.186,G059.529-00.181; S86,59.557,-0.185,534,4.3,7.4,-13.0,24.2,11.132291745637163,1,585.64,0.11069768177976255,1,5290.445026348014,5290.445026348014
G058.769+00.648,G058.770+00.650,58.77,0.649,114,4.4,7.4,49.0,22.8,2.4318254244454325,1,519.84,0.08707788064344059,1,5969.828343992414,5969.828343992414
G059.796+00.241,G059.796+00.237,59.797,0.241,159,9.1,8.8,38.0,15.2,7.014769151973876,1,231.04,0.06281137774597828,1,3678.3144756730503,3678.3144756730503
G059.602+00.911,G059.603+00.911,59.603,0.911,60,4.3,7.3,68.0,34.1,1.2508192972626029,1,1162.8100000000002,0.0789415464260505,1,14730.012935448094,14730.012935448094
G061.292-00.331,G061.288-00.333,61.292,-0.331,95,9.9,9.4,-56.0,23.1,4.5596726708351865,1,533.61,0.04693237143883008,1,11369.76427231016,11369.76427231016
G061.473+00.094,G061.480+00.090; S88,61.473,0.095,197,4.1,7.5,6.0,27.5,3.915840102321722,1,756.25,0.11271901579351346,1,6709.160780691622,6709.160780691622
G061.720+00.863,G061.720+00.864,61.721,0.863,72,16.3,14.4,245.0,27.6,5.689773361501514,1,761.7600000000001,0.003190367874676858,1,238768.70314748777,238768.70314748777
G063.052-00.332,G063.050-00.340,63.052,-0.332,97,8.8,9.1,-51.0,22.8,4.138369581950999,1,519.84,0.05286572873835037,1,9833.21354696266,9833.21354696266
G064.130-00.475,G064.140-00.470; S93,64.131,-0.474,289,3.7,7.7,-30.0,23.5,5.184112692104268,1,552.25,0.09071795328941248,1,6087.549156209326,6087.549156209326
G062.873+00.887,G062.865+00.932,62.873,0.888,312,3.9,7.7,60.0,20.7,5.899212871740834,1,428.48999999999995,0.07427357821433388,1,5769.077110617874,5769.077110617874
G064.065+01.646,S92,64.066,1.647,540,3.7,7.6,106.0,23.3,9.686577348568528,1,542.89,0.056241788088368244,1,9652.786983710406,9652.786983710406
G066.746+00.850,G066.760+00.869,66.747,0.85,177,3.4,7.8,49.0,23.3,2.9176087329171874,1,542.89,0.07767373611879616,1,6989.363807216514,6989.363807216514
G069.922+01.511,G069.942+01.517,69.922,1.512,248,12.7,12.6,334.0,32.1,15.269691700225945,1,1030.41,0.0029478869109589192,1,349541.9027675039,349541.9027675039
G076.361-00.625,G076.383-00.623; S106,76.362,-0.624,60,1.3,8.3,-14.0,42.4,0.37815467126543806,2,1797.76,0.08502908498200316,2,21142.883054433725,10571.441527216863
G076.384-00.621,G076.383-00.623; S106,76.384,-0.621,271,1.3,8.3,-14.0,42.4,1.7079985985488952,2,1797.76,0.08502908498200316,2,21142.883054433725,10571.441527216863
G075.768+00.344,G075.767+00.344,75.769,0.345,197,3.8,8.4,23.0,26.6,3.629315216785986,1,707.5600000000001,0.07782182708659845,1,9092.05073292153,9092.05073292153
G070.280+01.583,G070.290+01.600; S99; K3-50,70.28,1.584,53,8.6,9.8,236.0,29.1,2.209780758497265,3,846.8100000000001,0.012609139972752733,3,67158.42649299506,22386.142164331683
G070.329+01.589,G070.330+01.590; S99; K3-50,70.329,1.59,101,8.2,9.6,228.0,28.0,4.015226906949177,1,784.0,0.014082010561898999,1,55673.86819899355,55673.86819899355
G070.293+01.599,G070.290+01.600; S99; K3-50,70.293,1.599,53,8.6,9.8,238.0,29.1,2.209780758497265,3,846.8100000000001,0.012442133954063203,3,68059.8684378783,22686.6228126261
G070.304+01.595,G070.290+01.600; S99; K3-50,70.304,1.596,53,8.6,9.8,238.0,29.1,2.209780758497265,3,846.8100000000001,0.012442133954063203,3,68059.8684378783,22686.6228126261
G071.764+03.076,G071.603+02.824; S101,71.764,3.077,1625,2.7,8.1,142.0,19.8,21.271200258680892,1,392.04,0.03835185504266648,1,10222.191327221462,10222.191327221462
G074.768+00.621,G074.764+00.614; S104,74.769,0.622,331,1.5,8.2,16.0,17.8,2.407099926708846,1,316.84000000000003,0.08633468846882439,1,3669.9037851328035,3669.9037851328035
G075.842+00.404,G075.834+00.402,75.843,0.404,265,1.5,8.3,10.0,31.7,1.9271343824104057,1,1004.89,0.08732703034679422,1,11507.204539182976,11507.204539182976
G077.402+00.841,G078.300+01.372,77.402,0.842,3905,1.5,8.3,22.0,14.7,28.397961370991066,1,216.08999999999997,0.08061300919452755,1,2680.5847115637675,2680.5847115637675
G077.977-00.004,G077.977-00.003,77.977,-0.003,386,1.5,8.3,0.0,43.1,2.8070712136242135,1,1857.6100000000001,0.09334727772646485,1,19899.991143216273,19899.991143216273
G078.177-00.363,G078.163-00.367,78.177,-0.362,553,1.5,8.3,-9.0,25.6,4.021529484803601,1,655.3600000000001,0.0879111554694235,1,7454.799069589544,7454.799069589544
G079.915-00.504,G079.370-00.806,79.915,-0.504,3772,1.5,8.4,-13.0,21.9,27.430758077177547,1,479.60999999999996,0.08318679425356537,1,5765.458379584617,5765.458379584617
G079.296+00.270,G079.306+00.282,79.297,0.27,180,1.5,8.4,7.0,28.0,1.3089969389957472,1,784.0,0.0865817117296363,1,9055.030032764325,9055.030032764325
G080.880+00.410,G080.880+00.410; DR20,80.88,0.41,401,1.5,8.4,10.0,21.9,2.916154291873859,1,479.60999999999996,0.08486727897001743,1,5651.294654674156,5651.294654674156
G080.925-00.214,G080.936-00.126,80.925,-0.213,406,1.5,8.4,-5.0,25.4,2.952515317957074,1,645.16,0.08774386502429433,1,7352.7647753078745,7352.7647753078745
G080.931-00.205,G080.942-00.255,80.931,-0.204,453,1.5,8.4,-5.0,26.9,3.2943089631392968,1,723.6099999999999,0.08774386502429433,1,8246.844378232578,8246.844378232578
G080.938-00.129,G080.936-00.126,80.939,-0.128,131,1.5,8.4,-3.0,25.4,0.9526588833802383,1,645.16,0.08892161745938634,1,7255.378595589171,7255.378595589171
G081.920+00.138,G081.689+00.337,81.921,0.138,2159,1.5,8.4,3.0,24.7,15.700691062732323,1,610.0899999999999,0.08892161745938634,1,6860.986309416264,6860.986309416264
G082.566+00.362,G082.566+00.405,82.566,0.363,511,1.5,8.4,9.0,24.2,3.716096865704593,1,585.64,0.08543495096732123,1,6854.8058302743875,6854.8058302743875
G083.936+00.771,G083.941+00.781,83.936,0.771,219,1.5,8.5,20.0,24.8,1.5926129424448259,1,615.0400000000001,0.07715763346500673,1,7971.21389523875,7971.21389523875
G078.032+00.606,G078.032+00.607,78.032,0.607,522,1.5,8.3,15.0,23.8,3.796091123087667,1,566.44,0.08446410975870008,1,6706.280355268349,6706.280355268349
G078.516+01.187,G078.502+01.223,78.516,1.188,826,1.5,8.3,31.0,23.9,6.006841508947151,1,571.2099999999999,0.07591847300490699,1,7523.99221679656,7523.99221679656
G078.147+01.820,G078.147+01.816; S108,78.147,1.821,244,1.5,8.3,47.0,22.3,1.7744180728609016,1,497.29,0.0682374390716066,1,7287.641605045535,7287.641605045535
G078.698+01.902,G078.350+01.496,78.698,1.902,2910,1.5,8.3,49.0,19.1,21.162117180431245,1,364.81000000000006,0.06733364523241184,1,5417.94520021611,5417.94520021611
G080.362+01.212,G080.612+01.465,80.362,1.213,2685,1.5,8.4,31.0,43.1,19.525871006686558,1,1857.6100000000001,0.07378006788847254,1,25177.667263846943,25177.667263846943
G080.367+00.440,G080.363+00.449,80.368,0.441,180,1.5,8.4,11.0,30.3,1.3089969389957472,1,918.09,0.0843033788657489,1,10890.31083157457,10890.31083157457
G080.307+00.721,G080.198+00.807,80.308,0.722,725,1.5,8.4,18.0,13.8,5.272348782066204,1,190.44000000000003,0.08045960674953244,1,2366.9019486117077,2366.9019486117077
G080.079+02.145,G080.039+02.108,80.079,2.145,1146,1.5,8.4,56.0,23.8,8.333947178272924,1,566.44,0.06245347912878083,1,9069.79095323072,9069.79095323072
G078.378+02.785,G078.323+02.822,78.378,2.786,642,1.5,8.3,72.0,37.0,4.668755749084831,1,1369.0,0.05776174512745175,1,23700.8074631279,23700.8074631279
G078.714+03.115,G078.229+03.716,78.715,3.115,3311,1.5,8.3,81.0,21.0,24.078271472305104,1,441.0,0.054397962958966845,1,8106.9212156464855,8106.9212156464855
G078.964+03.656,G079.128+03.684,78.965,3.656,1310,1.5,8.3,95.0,17.8,9.526588833802382,1,316.84000000000003,0.04955055067422179,1,6394.27807943279,6394.27807943279
G081.452+00.594,G081.480+00.561,81.452,0.595,480,1.5,8.4,15.0,20.9,3.490658503988659,1,436.80999999999995,0.0820849986238988,1,5321.435186974883,5321.435186974883
G081.681+00.540,G081.681+00.540; DR21,81.681,0.54,180,1.5,8.4,14.0,36.7,1.3089969389957472,1,1346.89,0.08263406011948382,1,16299.453252720235,16299.453252720235
G081.470+01.030,G081.253+01.123,81.47,1.031,1146,1.5,8.4,26.0,27.0,8.333947178272924,1,729.0,0.07628085166459152,1,9556.788946266988,9556.788946266988
G082.036+02.330,G082.036+02.330,82.036,2.33,376,1.5,8.4,60.0,24.0,2.734349161457783,1,576.0,0.06081006262521797,1,9472.1165401519,9472.1165401519
G083.792+03.269,G083.783+03.308; S112,83.793,3.27,657,1.5,8.5,85.0,28.3,4.777838827334477,1,800.89,0.050024715022105815,1,16009.886306120652,16009.886306120652
G084.741+03.873,G084.813+03.771; S115,84.742,3.873,1172,1.5,8.5,101.0,30.4,8.523024513905641,2,924.16,0.04496347605904553,2,20553.57105367929,10276.785526839645
G085.192+03.902,G084.813+03.771; S115,85.193,3.902,883,1.5,8.5,102.0,30.4,6.421357206295803,2,924.16,0.0446647165236193,2,20691.052623412303,10345.526311706151
G085.055-00.158,G085.051-00.182,85.055,-0.157,144,1.5,8.5,-4.0,23.3,1.0471975511965976,1,542.89,0.08584275425677557,1,6324.237901035774,6324.237901035774
G085.325-00.789,G084.918-01.155,85.326,-0.789,4308,1.5,8.5,-20.0,20.9,31.328660073298217,1,436.80999999999995,0.07715763346500673,1,5661.267464846575,5661.267464846575
G090.226+01.718,S121,90.227,1.718,101,8.6,12.1,257.0,39.0,4.211091634117429,1,1521.0,0.005681862526093279,1,267693.910758134,267693.910758134
G090.213+02.040,S120,90.213,2.04,208,10.1,13.3,361.0,24.9,10.184965812749132,1,620.0099999999999,0.0020159460971270254,1,307552.8660630319,307552.8660630319
G092.920+02.823,G093.060+02.810,92.921,2.823,1488,8.2,12.1,403.0,22.9,59.15502611426113,1,524.41,0.0021467300022628218,1,244283.16530128647,244283.16530128647
G092.680+03.072,WB43,92.681,3.073,474,1.6,8.7,87.0,15.3,3.6768269575347214,1,234.09000000000003,0.046620529590368394,1,5021.178482029986,5021.178482029986
G096.289+02.593,S127; S127; WB85,96.29,2.594,193,12.8,16.1,580.0,35.9,11.976837178129978,1,1288.81,0.00021036495247468158,1,6126543.346877681,6126543.346877681
G097.515+03.173,S128,97.515,3.173,122,9.5,13.6,526.0,26.2,5.618990564059521,1,686.4399999999999,0.0006159277117445616,1,1114481.434932873,1114481.434932873
G097.528+03.184,S128,97.529,3.184,68,9.5,13.6,527.0,26.2,3.1318963799676025,1,686.4399999999999,0.0006118351839165239,1,1121936.132547838,1121936.132547838
G106.809+03.310,S141,106.809,3.31,256,7.1,12.6,410.0,22.6,8.811973467846926,1,510.76000000000005,0.0017761035457343785,1,287573.3237663305,287573.3237663305
G114.979+03.182,S167,114.979,3.182,134,7.0,13.1,387.0,24.1,4.5475523288074475,1,580.8100000000001,0.0017948081502148227,1,323605.61764246627,323605.61764246627
G114.987+03.226,S167,114.987,3.227,118,7.0,13.1,392.0,24.1,4.004561005964766,1,580.8100000000001,0.0017359673401641026,1,334574.266786088,334574.266786088
G231.481-04.401,G231.481-04.401; RCW6,231.481,-4.401,511,6.2,13.3,-476.0,25.5,15.359867044912319,1,650.25,0.0009365259439817338,1,694321.3951291055,694321.3951291055
G209.107-19.510,G209.010-19.380; Orion A,209.107,-19.509,1739,0.4,8.9,-136.0,26.5,3.3723639657979323,3,702.25,0.031760756947621656,3,22110.61912529722,7370.206375099074
G209.037-19.377,G209.010-19.380; Orion A,209.037,-19.376,546,0.4,8.9,-136.0,26.5,1.0588330795432266,3,702.25,0.031760756947621656,3,22110.61912529722,7370.206375099074
G208.921-19.268,G209.010-19.380; Orion A,208.921,-19.268,312,0.4,8.9,-135.0,26.5,0.6050474740247008,3,702.25,0.03197320269292129,3,21963.705254821867,7321.235084940622
G233.753-00.193,G233.761-00.191; S305; RCW8,233.753,-0.192,311,3.7,11.1,-12.0,20.7,5.57875102852743,1,428.48999999999995,0.03871885565293233,1,11066.701036851246,11066.701036851246
G232.594+00.851,S302; S302; RCW7,232.594,0.851,874,1.7,9.6,24.0,19.9,7.203361673925485,1,396.00999999999993,0.05486623522708035,1,7217.735978439088,7217.735978439088
G231.142+01.503,S300,231.142,1.504,411,4.6,11.9,119.0,16.6,9.165887455056888,1,275.56000000000006,0.015095881309412843,1,18253.985597262094,18253.985597262094
G227.760-00.127,G227.786-00.116; S298,227.76,-0.127,324,6.2,13.5,-13.0,22.9,9.738937226128359,1,524.41,0.01937426725006221,1,27067.346250130624,27067.346250130624
G224.158+01.213,S294,224.158,1.213,558,3.3,11.2,70.0,22.5,8.927359123950996,1,506.25,0.025561533206507402,1,19805.150024065064,19805.150024065064
G216.729-00.113,S285,216.729,-0.112,2543,4.9,12.7,-9.0,34.7,60.41117836201595,1,1204.0900000000001,0.02500770182468116,1,48148.7666656211,48148.7666656211
G218.737+01.850,G218.714+01.844; S288,218.737,1.851,215,6.7,14.4,217.0,20.4,6.983741076382865,1,416.15999999999997,0.003845112641202318,1,108230.89954261314,108230.89954261314
G212.021-01.309,G211.950-01.155; S284,212.021,-1.309,1075,6.4,14.4,-146.0,28.2,33.35518126033608,1,795.24,0.006172699307847287,1,128831.80604456463,128831.80604456463
G201.535+01.597,G201.663+01.643,201.535,1.597,790,4.7,13.0,131.0,22.8,18.00113197959707,1,519.84,0.010177060646483781,1,51079.58162552633,51079.58162552633
G196.448-01.673,G196.448-01.673; S269,196.448,-1.673,302,5.3,13.7,-154.0,20.8,7.7599277798392325,1,432.64000000000004,0.007147787712788846,1,60527.81886987481,60527.81886987481
G192.638-00.008,G192.632-00.018; S255,192.638,-0.008,174,1.6,10.1,0.0,19.3,1.3497212882089482,1,372.49,0.05581490750352316,1,6673.665095234416,6673.665095234416
G189.830+00.417,G189.971+00.395; S252,189.83,0.418,199,2.1,10.6,15.0,21.1,2.0260363733567512,1,445.21000000000004,0.043780295880073934,1,10169.186640938897,10169.186640938897
G358.616-00.077,G358.616-00.076,358.616,-0.076,42,8.5,0.2,-11.0,21.5,1.7307848415610434,1,462.25,0.8776773897806748,1,526.6741577056155,526.6741577056155
G358.652-00.079,G358.652-00.078,358.652,-0.078,42,8.5,0.2,-11.0,19.4,1.7307848415610434,1,376.35999999999996,0.8776773897806748,1,428.81359868920583,428.81359868920583
G358.680-00.088,G358.680-00.087,358.68,-0.087,42,8.5,0.2,-12.0,19.9,1.7307848415610434,1,396.00999999999993,0.8718456678541794,1,454.2202990750361,454.2202990750361
G358.694-00.076,G358.694-00.075,358.694,-0.075,42,8.5,0.2,-11.0,19.5,1.7307848415610434,1,380.25,0.8776773897806748,1,433.2457511466961,433.2457511466961
G358.552-00.026,G358.552-00.025,358.552,-0.025,42,8.5,0.2,-3.0,20.4,1.7307848415610434,1,416.15999999999997,0.9257575930748144,1,449.5345251425535,449.5345251425535
G358.530+00.055,G358.530+00.056,358.53,0.056,42,8.5,0.2,8.0,27.1,1.7307848415610434,1,734.4100000000001,0.8954076491654297,1,820.1962543926351,820.1962543926351
G358.720+00.010,G358.720+00.011,358.72,0.011,42,8.5,0.2,1.0,23.7,1.7307848415610434,1,561.6899999999999,0.9381836841667318,1,598.6993906197347,598.6993906197347
G358.787+00.061,G358.797+00.058,358.787,0.062,60,8.5,0.2,9.0,50.5,2.4725497736586335,1,2550.25,0.8894581186413556,1,2867.1951456191086,2867.1951456191086
G358.827+00.085,G358.827+00.085,358.827,0.085,42,8.5,0.2,12.0,28.5,1.7307848415610434,1,812.25,0.8718456678541794,1,931.6442461647385,931.6442461647385
G358.982-00.030,G358.974-00.021,358.982,-0.03,115,8.5,0.2,-4.0,64.1,4.739053732845714,1,4108.8099999999995,0.9196064025382744,1,4468.00934471418,4468.00934471418
G359.161-00.038,G359.159-00.038,359.161,-0.037,40,8.5,0.1,-5.0,41.8,1.6483665157724223,1,1747.2399999999998,0.9399724037096165,1,1858.820528245817,1858.820528245817
G000.649-00.080,G000.656-00.058; Sgr B2,0.649,-0.08,95,7.8,0.7,-10.0,41.0,3.5924693770216622,1,1681.0,0.7659283383646487,1,2194.7222942411845,2194.7222942411845
G000.729-00.103,G000.729-00.103,0.729,-0.103,72,8.5,0.1,-15.0,22.6,2.96705972839036,1,510.76000000000005,0.879350749407306,1,580.8376240587263,580.8376240587263
G010.160-00.350,G010.160-00.350; W31,10.16,-0.35,210,14.6,6.5,-89.0,32.9,14.864387462818375,1,1082.4099999999999,0.08625250409762372,1,12549.316814905325,12549.316814905325
G010.308-00.150,G010.310-00.150,10.309,-0.149,324,15.1,6.9,-39.0,32.0,23.71902453460294,1,1024.0,0.10737492776340136,1,9536.676962953257,9536.676962953257
G011.662-01.692,G011.707-01.722; S37,11.662,-1.692,907,2.5,6.0,-75.0,18.9,10.993150219158728,1,357.2099999999999,0.10923150889627108,1,3270.210249857624,3270.210249857624
G011.112-00.402,G011.110-00.400,11.112,-0.401,60,16.4,8.2,-114.0,25.2,4.770566622117834,1,635.04,0.044920674086021205,1,14136.92053649785,14136.92053649785
G012.474-01.140,G012.445-01.113; S39,12.474,-1.14,329,4.2,4.5,-82.0,16.2,6.699155445571567,2,262.44,0.16003208503537686,2,1639.9211442004566,819.9605721002283
G012.476-01.102,G012.445-01.113; S39,12.476,-1.102,152,4.2,4.5,-80.0,16.2,3.0950505402032777,2,262.44,0.16218013467726444,2,1618.200653996563,809.1003269982815
G009.598+00.199,G009.615+00.198,9.599,0.199,34,5.2,3.5,17.0,18.2,0.8571505882016597,3,331.23999999999995,0.3284622600554351,3,1008.456800924697,336.15226697489896
G009.613+00.200,G009.615+00.198,9.614,0.2,86,5.2,3.5,17.0,18.2,2.168086781921845,3,331.23999999999995,0.3284622600554351,3,1008.456800924697,336.15226697489896
G009.612+00.205,G009.615+00.198,9.613,0.206,34,5.2,3.5,18.0,18.2,0.8571505882016597,3,331.23999999999995,0.32627979462303947,3,1015.2023062987739,338.40076876625795
G010.453+00.029,G010.460+00.030,10.453,0.03,31,10.9,3.0,5.0,21.9,1.638185428469122,3,479.60999999999996,0.41046024894611166,3,1168.4688133173324,389.48960443911085
G010.464+00.029,G010.460+00.030,10.464,0.029,15,10.9,3.0,5.0,21.9,0.7926703686140913,3,479.60999999999996,0.41046024894611166,3,1168.4688133173324,389.48960443911085
G010.462+00.034,G010.460+00.030,10.462,0.034,13,10.9,3.0,6.0,21.9,0.6869809861322126,3,479.60999999999996,0.4077329483894322,3,1176.2846291782062,392.0948763927354
G010.964+00.006,G010.960+00.020,10.965,0.007,38,14.1,6.0,1.0,30.5,2.5976317033848937,1,930.25,0.17889568990636895,1,5199.957586942857,5199.957586942857
G012.429-00.049,G012.431-00.042,12.43,-0.048,60,22.6,14.4,-18.0,27.8,6.574073515845308,1,772.84,0.014490156614038284,1,53335.517385040606,53335.517385040606
G012.804-00.207,G012.807-00.204; W33,12.804,-0.206,21,3.8,4.9,-13.0,32.0,0.3868813175254097,3,1024.0,0.22612515118722804,3,4528.4657395414815,1509.4885798471605
G012.805-00.196,G012.807-00.204; W33,12.805,-0.196,21,3.8,4.9,-12.0,32.0,0.3868813175254097,3,1024.0,0.22763768838381268,3,4498.376377260808,1499.4587924202694
G012.813-00.200,G012.807-00.204; W33,12.814,-0.199,21,3.8,4.9,-13.0,32.0,0.3868813175254097,3,1024.0,0.22612515118722804,3,4528.4657395414815,1509.4885798471605
G012.907-00.277,G012.910-00.260,12.908,-0.276,96,13.1,5.1,-62.0,28.1,6.097016853633524,1,789.6100000000001,0.15405028706678417,1,5125.66393114014,5125.66393114014
G012.632-00.018,G012.630-00.020,12.632,-0.017,60,12.9,5.0,-3.0,22.9,3.752457891787808,1,524.41,0.2349056279768175,1,2232.428420368682,2232.428420368682
G011.893+00.748,G011.898+00.747; S38,11.893,0.749,182,3.2,5.5,41.0,23.0,2.8235548787819376,1,529.0,0.15806295044558136,1,3346.767844765283,3346.767844765283
G012.774+00.330,G012.780+00.330,12.775,0.331,60,14.4,6.4,83.0,28.5,4.1887902047863905,1,812.25,0.09237445848169447,1,8793.015010323019,8793.015010323019
G012.742+00.390,G012.762+00.370; S40,12.743,0.391,537,2.6,6.0,17.0,20.6,6.768968615651342,1,424.36000000000007,0.1607959598893652,1,2639.1210344586934,2639.1210344586934
G013.131-00.149,G013.130-00.150,13.132,-0.148,36,12.5,4.6,-32.0,47.3,2.1816615649929116,1,2237.2899999999995,0.21705184267929736,1,10307.629607667895,10307.629607667895
G014.331-00.640,G014.330-00.640,14.332,-0.639,60,1.1,7.4,-12.0,25.7,0.31997702953229373,1,660.49,0.11143813174912023,1,5926.965838649878,5926.965838649878
G014.667-00.477,G014.680-00.500,14.667,-0.477,287,13.5,5.7,-112.0,23.5,18.784106074588973,1,552.25,0.09299234553996445,1,5938.660830559056,5938.660830559056
G015.097-00.729,G015.032-00.687; M17; S47,15.098,-0.729,1172,2.0,6.6,-25.0,37.3,11.364032685207523,1,1391.2899999999997,0.12842875651801983,1,10833.165699963683,10833.165699963683
G015.676-00.288,G015.642-00.239,15.677,-0.288,305,11.6,4.1,-58.0,26.9,17.152708037655383,1,723.6099999999999,0.210536711825373,1,3436.977778014264,3436.977778014264
G016.285-00.171,G016.313-00.162,16.286,-0.171,113,4.1,4.7,-12.0,21.9,2.24614178458048,1,479.60999999999996,0.2410243910690751,1,1989.881596101818,1989.881596101818
G016.424-00.201,G016.431-00.199,16.425,-0.2,60,3.9,4.9,-13.0,24.0,1.1344640137963142,1,576.0,0.22612515118722804,1,2547.2619784920835,2547.2619784920835
G016.648-00.357,G016.614-00.324; S48,16.648,-0.357,485,3.9,4.9,-23.0,16.2,9.170250778186873,1,262.44,0.21154165842698244,1,1240.6067057973173,1240.6067057973173
G016.856-01.156,G016.808-01.072; S50,16.857,-1.155,718,2.2,6.5,-43.0,25.1,7.658116906806229,1,630.0100000000001,0.11720748674419763,1,5375.16857924768,5375.16857924768
G015.128+03.310,G015.128+03.310; S46,15.128,3.31,1135,2.2,6.4,125.0,15.4,12.105797617305113,1,237.16000000000003,0.06981511384624162,1,3396.97218745948,3396.97218745948
G016.944-00.074,G016.943-00.074,16.944,-0.073,42,17.1,9.3,-21.0,30.4,3.4819318577286875,1,924.16,0.060984054102181266,1,15154.125346464049,15154.125346464049
G017.336-00.146,G017.337-00.142,17.337,-0.145,102,17.3,9.6,-43.0,23.7,8.555022216858871,1,561.6899999999999,0.04833865105162761,1,11619.893972632637,11619.893972632637
G017.638+00.157,G017.640+00.150,17.638,0.158,53,13.7,6.2,37.0,18.0,3.5202321385363406,1,324.0,0.13290838295416255,1,2437.769482995976,2437.769482995976
G017.928-00.677,G017.928-00.677,17.928,-0.677,164,12.8,5.4,-151.0,19.5,10.177208793851378,1,380.25,0.07811885660106996,1,4867.582764835192,4867.582764835192
G018.187-00.415,G018.185-00.397,18.187,-0.415,226,3.6,5.2,-26.0,20.1,3.9444441095071845,1,404.01000000000005,0.19032015110268571,1,2122.791505046776,2122.791505046776
G018.305-00.391,G018.305-00.391,18.305,-0.391,60,3.0,5.8,-20.0,29.3,0.8726646259971648,1,858.49,0.16688068375106224,1,5144.334147627409,5144.334147627409
G018.144-00.281,G018.143-00.289,18.145,-0.28,183,4.2,4.7,-20.0,23.7,3.7262779530078936,1,561.6899999999999,0.22850653346991973,1,2458.0916417164062,2458.0916417164062
G018.195-00.171,G018.197-00.181,18.195,-0.171,64,12.4,5.1,-36.0,26.4,3.8474813732852775,1,696.9599999999999,0.18320622333628414,1,3804.2375816060307,3804.2375816060307
G018.076+00.068,G018.077+00.071,18.076,0.068,76,11.8,4.5,14.0,19.7,4.347809092190318,1,388.09,0.25181826581252914,1,1541.1511104953797,1541.1511104953797
G018.152+00.090,G018.156+00.099,18.152,0.091,93,4.1,4.8,6.0,20.2,1.8485945660706604,1,408.03999999999996,0.24379475604185663,1,1673.702940230365,1673.702940230365
G018.253-00.298,G018.258-00.297; S53,18.253,-0.298,205,4.0,4.9,-20.0,30.1,3.9754721850981953,1,906.0100000000001,0.21581508339868974,1,4198.0847016437065,4198.0847016437065
G018.329+00.024,G018.324+00.026,18.329,0.024,96,12.2,4.9,5.0,13.7,5.678137833154885,1,187.68999999999997,0.2385125538543024,1,786.9187469044173,786.9187469044173
G018.451-00.016,G018.460+00.000,18.451,-0.016,64,11.9,4.7,-3.0,30.3,3.692340995330226,2,918.09,0.2559285070459849,2,3587.290882898945,1793.6454414494724
G018.461-00.003,G018.460+00.000,18.461,-0.003,28,11.9,4.7,0.0,30.3,1.615399185456974,2,918.09,0.26109860583936084,2,3516.2577641829644,1758.1288820914822
G018.657-00.057,G018.660-00.060,18.657,-0.056,82,12.5,5.2,-12.0,32.4,4.969340231372743,1,1049.76,0.20893871791852628,1,5024.248308106036,5024.248308106036
G018.218+00.397,G018.236+00.395,18.219,0.398,174,16.3,8.7,113.0,21.9,13.75028562362866,1,479.60999999999996,0.03920121181374396,1,12234.5707647703,12234.5707647703
G018.584+00.344,G018.584+00.344,18.584,0.344,42,15.0,7.4,89.0,16.7,3.0543261909900767,1,278.89,0.06669541642954567,1,4181.54672284876,4181.54672284876
G018.741+00.250,G018.751+00.254,18.741,0.251,68,14.2,6.7,62.0,22.1,4.68136090479368,1,488.4100000000001,0.09752767963082282,1,5007.911619027611,5007.911619027611
G018.881-00.493,G018.881-00.493; W39,18.881,-0.493,109,4.6,4.4,-39.0,27.1,2.430855797083213,1,734.4100000000001,0.21933767161017148,1,3348.3076327411095,3348.3076327411095
G019.045-00.588,G019.050-00.593,19.045,-0.588,120,4.7,4.3,-48.0,18.6,2.734349161457783,1,345.96000000000004,0.21255140190065924,1,1627.653343644811,1627.653343644811
G018.832-00.300,G018.832-00.300,18.832,-0.3,42,12.4,5.1,-64.0,30.0,2.5249096512184632,1,900.0,0.15200991594102956,1,5920.666388297618,5920.666388297618
G019.064-00.282,G019.070-00.280,19.064,-0.282,79,4.6,4.4,-22.0,24.0,1.7618129171520536,1,576.0,0.24565933403179124,1,2344.7104188821854,2344.7104188821854
G019.604-00.905,G019.600-00.900,19.605,-0.905,60,12.8,5.6,-201.0,36.7,3.7233690709212364,1,1346.89,0.05286572873835037,1,25477.56423951319,25477.56423951319
G018.978+00.030,G018.954-00.019,18.978,0.031,275,4.0,4.9,2.0,36.1,5.332950492204895,1,1303.21,0.24333082705536305,1,5355.712696868824,5355.712696868824
G019.554-00.248,G019.608-00.235,19.554,-0.248,191,12.7,5.4,-54.0,27.7,11.760125462674013,2,767.29,0.14914189021373203,2,5144.698105276882,2572.349052638441
G019.504-00.193,G019.504-00.193,19.505,-0.193,51,12.8,5.6,-43.0,19.9,3.164863710283051,1,396.00999999999993,0.15157622175363863,1,2612.6129508864974,2612.6129508864974
G019.609-00.239,G019.608-00.235,19.609,-0.238,86,12.6,5.5,-52.0,27.7,5.253441048502931,2,767.29,0.1468864796094016,2,5223.693848748819,2611.8469243744094
G019.629-00.095,G019.614-00.132,19.629,-0.094,327,11.7,4.7,-19.0,22.8,18.548486625569737,1,519.84,0.23003499958579068,1,2259.8300299347607,2259.8300299347607
G019.489+00.135,G019.485+00.138,19.49,0.135,52,1.9,6.7,4.0,17.5,0.4789959169362216,2,306.25,0.14356715402432746,2,2133.1480872575207,1066.5740436287604
G019.030+00.423,G019.032+00.425,19.031,0.424,77,13.7,6.3,101.0,14.8,5.114299522024496,1,219.04000000000002,0.08430337886574887,1,2598.2351235152273,2598.2351235152273
G019.480+00.155,G019.485+00.138,19.481,0.156,52,14.1,6.7,38.0,17.5,3.554653909895118,2,306.25,0.1144497922693771,2,2675.845835344012,1337.922917672006
G019.741+00.280,G019.741+00.280,19.741,0.28,42,14.4,7.0,70.0,25.5,2.9321531433504737,1,650.25,0.08486727897001742,1,7661.963572906885,7661.963572906885
G019.666-00.309,G019.662-00.305,19.667,-0.308,71,12.5,5.3,-67.0,19.2,4.302721419847131,1,368.64,0.14072433390507239,1,2619.589588881418,2619.589588881418
G019.677-00.134,G019.671-00.137,19.677,-0.133,60,11.9,4.8,-27.0,20.0,3.461569683122087,1,400.0,0.21194497891203085,1,1887.2822656771814,1887.2822656771814
G019.728-00.113,G019.728-00.113,19.728,-0.113,42,11.7,4.7,-23.0,21.7,2.38237442897226,1,470.89,0.223981800949141,1,2102.3583077043113,2102.3583077043113
G020.070-00.144,G020.074-00.141,20.071,-0.143,32,12.6,5.4,-31.0,31.7,1.9547687622336491,1,1004.89,0.17385671265271516,1,5779.989651635153,5779.989651635153
G020.077-00.141,G020.074-00.141,20.077,-0.14,32,12.6,5.4,-30.0,31.7,1.9547687622336491,1,1004.89,0.17501962948608163,1,5741.584546548897,5741.584546548897
G020.083-00.135,G020.074-00.141,20.084,-0.134,32,12.6,5.4,-29.0,31.7,1.9547687622336491,1,1004.89,0.17619032499845733,1,5703.4346239431625,5703.4346239431625
G020.098-00.123,G020.098-00.123,20.098,-0.123,42,12.5,5.4,-26.0,20.3,2.545271825825064,1,412.09000000000003,0.1797496056631758,1,2292.57804755464,2292.57804755464
G019.780+00.286,G019.786+00.285,19.781,0.287,111,17.5,9.9,87.0,21.7,9.417505755552737,1,470.89,0.03308843582228096,1,14231.25597502297,14231.25597502297
G020.227+00.110,G020.227+00.110,20.227,0.11,71,13.9,6.6,26.0,14.9,4.78462621887001,1,222.01000000000002,0.12757541244866213,1,1740.225610396043,1740.225610396043
G020.363-00.014,G020.363-00.014,20.363,-0.014,42,11.9,4.9,-2.0,16.6,2.423098778185461,1,275.56000000000006,0.24333082705536305,1,1132.4500201419369,1132.4500201419369
G020.542-00.179,G020.533-00.187,20.542,-0.179,181,3.7,5.2,-11.0,16.2,3.246797222390562,1,262.44,0.21033629612245114,1,1247.716180412418,1247.716180412418
G020.457+00.021,G020.450+00.025,20.458,0.022,104,11.1,4.3,4.0,15.0,5.596689134728484,1,225.0,0.2850079811022353,1,789.4515765131861,789.4515765131861
G018.669+01.965,G018.252+01.892; S54,18.67,1.965,272,2.7,6.0,93.0,25.1,3.5604716740684323,1,630.0100000000001,0.09687965757355482,1,6503.016379074956,6503.016379074956
G020.966-00.455,G021.143-00.298,20.967,-0.455,922,12.8,5.7,-101.0,45.5,57.215771389823,1,2070.25,0.100068056256697,1,20688.420235617894,20688.420235617894
G020.728-00.105,G020.733-00.087,20.729,-0.104,397,11.8,4.9,-21.0,26.2,22.71158170525732,1,686.4399999999999,0.21438110142697792,1,3201.9613456170896,3201.9613456170896
G021.004-00.056,G021.004-00.056,21.004,-0.056,42,13.4,6.2,-13.0,19.6,2.7285313972844687,1,384.1600000000001,0.15596943224265236,1,2463.046729581832,2463.046729581832
G021.426-00.546,G021.440-00.560,21.427,-0.546,60,4.7,4.5,-44.0,25.3,1.3671745807288915,1,640.09,0.2061713584074834,1,3104.650446813793,3104.650446813793
G021.386-00.255,G021.386-00.254,21.386,-0.254,57,5.5,3.9,-24.0,33.0,1.5198908902783954,1,1089.0,0.27963063307052244,1,3894.423111095113,3894.423111095113
G021.884-00.318,G021.902-00.368,21.884,-0.317,351,10.7,4.3,-59.0,14.1,18.20814742143084,1,198.81,0.19752210795267797,1,1006.5202425220705,1006.5202425220705
G020.988+00.092,G020.988+00.092,20.988,0.092,130,14.1,6.9,22.0,21.4,8.886634774737795,1,457.9599999999999,0.120260478067579,1,3808.0673497959533,3808.0673497959533
G021.746-00.035,G021.744-00.032,21.746,-0.034,85,13.8,6.7,-8.0,14.8,5.686864479414857,1,219.04000000000002,0.13978929194867568,1,1566.9297479553843,1566.9297479553843
G021.872-00.044,G021.877-00.038,21.873,-0.043,100,14.2,7.1,-10.0,16.4,6.884354271755411,1,268.96,0.12304094470311128,1,2185.939003060978,2185.939003060978
G021.873+00.005,G021.870+00.010,21.873,0.006,60,13.5,6.4,1.0,29.8,3.9269908169872414,1,888.0400000000001,0.1595755030772445,1,5565.0145722563275,5565.0145722563275
G022.357+00.064,G022.360+00.060,22.357,0.064,60,5.1,4.2,5.0,22.5,1.48352986419518,1,506.25,0.29131989113347107,1,1737.7804104974643,1737.7804104974643
G022.761-00.492,G022.760-00.485,22.762,-0.492,157,4.8,4.5,-41.0,22.6,3.653555900841463,1,510.76000000000005,0.2103362961224511,1,2428.3017691946607,2428.3017691946607
G022.780-00.401,G022.780-00.383,22.78,-0.401,99,11.1,4.6,-77.0,21.8,5.327617541712692,1,475.24,0.16079595988936524,1,2955.5468951271305,2955.5468951271305
G022.988-00.360,G022.982-00.356,22.989,-0.359,151,4.8,4.5,-29.0,21.7,3.5139295606819165,1,470.89,0.22785458945210182,1,2066.625039821669,2066.625039821669
G023.041-00.399,G023.029-00.405,23.042,-0.399,151,4.6,4.6,-31.0,17.9,3.367515828986837,1,320.40999999999997,0.21850368907460546,1,1466.3825647840656,1466.3825647840656
G022.952-00.317,G022.947-00.315,22.953,-0.317,43,4.6,4.6,-25.0,25.1,0.9589614612346621,1,630.0100000000001,0.22742099378963299,1,2770.2367732275698,2770.2367732275698
G022.724-00.010,G022.724-00.010,22.724,-0.01,42,12.7,5.8,-2.0,27.4,2.585996175038265,1,750.7599999999999,0.18815744551873614,1,3990.0626729397295,3990.0626729397295
G023.240-00.240,G023.250-00.240,23.24,-0.24,113,4.8,4.5,-20.0,20.6,2.6296294063381227,1,424.36000000000007,0.24194433037833055,1,1753.957198899534,1753.957198899534
G023.195-00.001,G023.200+00.000,23.196,-0.001,60,10.2,4.1,0.0,28.3,2.96705972839036,1,800.89,0.30992387647102443,1,2584.150692484247,2584.150692484247
G023.264+00.077,G023.270+00.080,23.264,0.078,60,10.7,4.4,14.0,41.9,3.112503832723221,1,1755.61,0.2591168422903817,1,6775.360429996902,6775.360429996902
G023.423-00.216,G023.430-00.210,23.424,-0.215,96,5.9,3.9,-22.0,23.7,2.745984689804412,1,561.6899999999999,0.2833840084083189,1,1982.080792613671,1982.080792613671
G023.581-00.400,G023.613-00.376,23.581,-0.4,365,5.4,4.1,-37.0,29.0,9.555677654668955,1,841.0,0.24217486331028112,1,3472.697325000603,3472.697325000603
G023.661-00.252,G023.661-00.252,23.661,-0.252,56,11.2,4.8,-49.0,20.7,3.04075140791901,1,428.48999999999995,0.18303182427917317,1,2341.0682906511192,2341.0682906511192
G023.572-00.020,G023.538-00.041,23.572,-0.019,351,5.5,4.1,-1.0,27.9,9.359328113819592,1,778.41,0.30786458921239723,1,2528.416801657469,2528.416801657469
G023.585+00.029,G023.585+00.029,23.585,0.029,42,5.5,4.1,2.0,24.7,1.119919603363028,1,610.0899999999999,0.305818984875079,1,1994.9382810527918,1994.9382810527918
G023.689-00.205,G023.710-00.200,23.69,-0.205,57,10.7,4.5,-38.0,29.0,2.95687864108706,1,841.0,0.21458537116038914,1,3919.18608175487,3919.18608175487
G023.708-00.205,G023.710-00.200,23.708,-0.205,41,10.7,4.5,-38.0,29.0,2.126877619027534,1,841.0,0.21458537116038914,1,3919.18608175487,3919.18608175487
G023.703-00.197,G023.710-00.200,23.703,-0.196,23,10.7,4.5,-36.0,29.0,1.1931264692105679,1,841.0,0.21746566875554635,1,3867.2770962545355,3867.2770962545355
G023.872-00.119,G023.869-00.119,23.873,-0.119,60,10.8,4.6,-22.0,28.9,3.141592653589793,1,835.2099999999999,0.2320152026144001,1,3599.8072134440486,3599.8072134440486
G022.879+00.645,S57,22.879,0.645,422,2.4,6.4,27.0,27.4,4.91019296227738,1,750.7599999999999,0.13418022384945588,1,5595.161331988226,5595.161331988226
G023.097+00.527,G023.115+00.556; S58,23.097,0.527,394,2.4,6.4,22.0,28.0,4.584398168571772,1,784.0,0.13872827776810998,1,5651.3352044237745,5651.3352044237745
G023.276+00.314,G023.281+00.298,23.277,0.314,147,6.2,3.7,34.0,22.6,4.418591889632311,1,510.76000000000005,0.27698012568193087,1,1844.0312233323536,1844.0312233323536
G023.705+00.165,G023.706+00.171,23.706,0.166,46,6.0,3.8,17.0,25.8,1.3380857598623193,1,665.64,0.3014812001819833,1,2207.8988659929682,2207.8988659929682
G023.708+00.174,G023.706+00.171,23.708,0.174,171,7.8,3.9,23.0,25.8,6.466444878638991,1,665.64,0.28150106513702655,1,2364.609170043409,2364.609170043409
G023.713+00.175,G023.706+00.171,23.713,0.176,44,7.8,3.9,23.0,25.8,1.6638805535679273,1,665.64,0.28150106513702655,1,2364.609170043409,2364.609170043409
G023.897+00.064,G023.909+00.066,23.897,0.064,25,3.0,5.9,3.0,15.7,0.363610260832152,1,246.48999999999998,0.18164259511613887,1,1357.0054966589687,1357.0054966589687
G023.907+00.074,G023.909+00.066,23.907,0.074,49,3.0,5.9,3.0,15.7,0.7126761112310178,1,246.48999999999998,0.18164259511613887,1,1357.0054966589687,1357.0054966589687
G023.787+00.223,G023.817+00.224,23.787,0.224,189,9.4,3.8,36.0,22.1,8.613199858592017,1,488.4100000000001,0.2656131676231703,1,1838.8019102009102,1838.8019102009102
G023.980-00.110,G023.998-00.099,23.981,-0.11,47,10.7,4.6,-20.0,50.3,2.4381280022998566,1,2530.0899999999997,0.23512945418950246,1,10760.412848833796,10760.412848833796
G024.126-00.066,G024.132-00.067,24.126,-0.066,119,10.2,4.3,-11.0,22.8,5.884668461307548,1,519.84,0.272013178931797,1,1911.0838748380706,1911.0838748380706
G024.217-00.044,G024.217-00.053,24.217,-0.044,60,10.4,4.4,-7.0,34.8,3.0252373701235045,1,1211.0399999999997,0.27149555172576695,1,4460.625569376734,4460.625569376734
G023.957+00.149,G023.956+00.152,23.958,0.149,97,4.9,4.5,12.0,28.1,2.3043194263136244,1,789.6100000000001,0.2551983263521377,1,3094.1033637910687,3094.1033637910687
G024.138+00.123,G024.135+00.122,24.138,0.123,88,8.9,3.7,19.0,28.2,3.7970607504498854,1,795.24,0.30611037978860783,1,2597.886424332206,2597.886424332206
G024.185+00.211,G024.194+00.203,24.185,0.212,178,9.1,3.7,33.0,13.5,7.853012006612264,1,182.25,0.2788328286679058,1,653.6174412126434,653.6174412126434
G024.347+00.088,G024.392+00.072,24.348,0.089,248,9.2,3.8,14.0,20.5,11.061508948195172,1,420.25,0.30757152441853397,1,1366.348854285147,1366.348854285147
G024.139+00.432,G024.139+00.427,24.139,0.432,161,5.8,4.0,43.0,30.4,4.527190154200847,1,924.16,0.23942290601023258,1,3859.948136961059,3859.948136961059
G024.456+00.489,G024.467+00.489,24.457,0.489,114,5.8,4.0,49.0,30.3,3.205588059496252,1,918.09,0.23003499958579074,1,3991.088319834572,3991.088319834572
G024.493-00.219,G024.460-00.246,24.494,-0.219,295,5.8,4.0,-22.0,20.7,8.295162083784161,1,428.48999999999995,0.2754018956298271,1,1555.8716435849865,1555.8716435849865
G024.507-00.225,G024.510-00.220,24.507,-0.224,60,5.8,4.0,-22.0,23.0,1.6871516102611852,1,529.0,0.2754018956298271,1,1920.8291896110945,1920.8291896110945
G024.498-00.039,G024.510-00.060,24.499,-0.039,60,9.2,3.8,-6.0,31.6,2.6761715197246385,1,998.5600000000001,0.3244206555385996,1,3077.9791081495773,3077.9791081495773
G024.713-00.125,G024.713-00.125,24.713,-0.125,42,7.7,3.8,-16.0,22.9,1.5678874447082394,1,524.41,0.30349778934489635,1,1727.8873797794222,1727.8873797794222
G024.724-00.084,G024.720-00.085,24.724,-0.083,254,9.1,3.8,-13.0,21.6,11.205983425165815,1,466.56000000000006,0.3096288513848213,1,1506.8363232731735,1506.8363232731735
G024.507+00.239,G024.484+00.211,24.508,0.24,369,8.8,3.7,36.0,28.9,15.742869852988852,1,835.2099999999999,0.2733115687346511,1,3055.8896715084784,3055.8896715084784
G024.734+00.087,G024.739+00.083,24.735,0.087,85,6.4,3.8,9.0,17.3,2.637386425235876,1,299.29,0.31799669615224324,1,941.1733002933865,941.1733002933865
G024.728+00.159,G024.735+00.159,24.729,0.159,75,6.3,3.8,17.0,19.2,2.2907446432425576,1,368.64,0.3014812001819833,1,1222.7628116694425,1222.7628116694425
G024.844+00.093,G024.805+00.098,24.844,0.094,250,6.3,3.8,10.0,26.9,7.635815477475191,1,723.6099999999999,0.31588376909373994,1,2290.74764454031,2290.74764454031
G025.286+00.298,G025.294+00.307; S60,25.287,0.298,201,2.9,6.0,15.0,24.4,2.8259789471874854,1,595.3599999999999,0.16295426273207933,1,3653.5405089639103,3653.5405089639103
G025.291-00.303,G025.264-00.317,25.292,-0.302,283,11.2,5.0,-58.0,25.1,15.366654436447854,1,630.0100000000001,0.16279914207484855,1,3869.8606882728327,3869.8606882728327
G025.386-00.347,G025.386-00.347,25.386,-0.347,217,11.2,5.1,-68.0,34.3,11.782911705686162,1,1176.4899999999998,0.14800988891214995,1,7948.72564696198,7948.72564696198
G025.382-00.151,G025.382-00.177,25.383,-0.151,456,4.0,5.2,-10.0,23.7,8.843001543437937,1,561.6899999999999,0.21174322264082698,1,2652.69411221145,2652.69411221145
G025.460-00.210,G025.460-00.210,25.46,-0.21,60,7.7,3.7,-28.0,29.6,2.239839206726056,1,876.1600000000001,0.2882838990469155,1,3039.2262727701395,3039.2262727701395
G025.401+00.021,G025.396+00.034,25.401,0.022,28,17.3,10.2,6.0,18.2,2.348437471294593,1,331.23999999999995,0.052115872907770595,1,6355.8371282813405,6355.8371282813405
G025.397+00.033,G025.396+00.034,25.398,0.034,39,17.3,10.2,10.0,18.2,3.2710379064460393,1,331.23999999999995,0.050744482765395886,1,6527.606193788657,6527.606193788657
G026.521-00.317,G026.555-00.305,26.521,-0.316,397,9.1,4.1,-50.0,24.7,17.514863857444205,1,610.0899999999999,0.2220701613858923,1,2747.2848949744484,2747.2848949744484
G026.610-00.212,G026.610-00.212,26.61,-0.212,42,8.8,4.0,-32.0,28.7,1.791871365380845,1,823.6899999999999,0.2576403970526518,1,3197.0529832387633,3197.0529832387633
G025.305+00.532,G025.305+00.532,25.305,0.532,42,7.7,3.8,71.0,25.2,1.5678874447082394,1,635.04,0.21033629612245117,1,3019.165078528813,3019.165078528813
G025.398+00.562,G025.398+00.562,25.398,0.562,42,14.0,7.3,137.0,26.6,2.8507044449240717,1,707.5600000000001,0.0498345072097914,1,14198.193974736041,14198.193974736041
G025.796+00.239,G025.800+00.240,25.797,0.24,24,6.6,3.9,27.0,31.8,0.767944870877505,1,1011.24,0.27409357555165414,1,3689.3969439624,3689.3969439624
G025.867+00.118,G025.790-00.140,25.867,0.119,644,8.0,3.7,16.0,29.1,24.97760085076329,1,846.8100000000001,0.31229421965643683,1,2711.57756596199,2711.57756596199
G026.443+01.741,S61,26.443,1.742,201,2.6,6.2,80.0,29.8,2.533636297478435,1,888.0400000000001,0.09978255557686719,1,8899.752014428024,8899.752014428024
G026.319-00.015,G026.317-00.012,26.319,-0.015,42,6.0,4.1,-1.0,38.0,1.2217304763960306,1,1444.0,0.30786458921239723,1,4690.3737896396315,4690.3737896396315
G026.597-00.024,G026.600-00.020,26.598,-0.024,26,1.8,6.9,0.0,25.8,0.22689280275926285,1,665.64,0.13925777436991912,1,4779.9126692332375,4779.9126692332375
G026.645+00.018,G026.644+00.020,26.645,0.019,42,7.6,3.9,2.0,24.9,1.5475252701016389,1,620.0099999999999,0.3238032995775233,1,1914.7735702784596,1914.7735702784596
G026.595+00.095,G026.597+00.093,26.596,0.095,60,9.2,4.1,15.0,32.2,2.6761715197246385,1,1036.8400000000001,0.28043072017373744,1,3697.312474744702,3697.312474744702
G026.797-00.113,G026.600-00.106,26.797,-0.112,783,10.8,5.0,-21.0,16.0,40.9977841293468,1,256.0,0.20834260215251713,1,1228.7453327121032,1228.7453327121032
G026.984-00.062,G026.981-00.066,26.985,-0.062,155,10.2,4.7,-10.0,33.0,7.664904298341764,1,1089.0,0.2442595695447392,1,4458.371895233099,4458.371895233099
G026.542+00.419,G026.536+00.416,26.542,0.419,102,9.9,4.4,72.0,32.8,4.895648551844094,1,1075.84,0.17602260456848365,1,6111.942285125271,6111.942285125271
G027.182-00.083,G027.190-00.080,27.183,-0.083,16,13.2,6.8,-19.0,25.6,1.02392649450334,1,655.3600000000001,0.1262458844815665,1,5191.139518656475,5191.139518656475
G027.186-00.083,G027.190-00.080,27.186,-0.082,16,13.2,6.8,-18.0,25.6,1.02392649450334,1,655.3600000000001,0.12709033542031234,1,5156.647024595519,5156.647024595519
G027.187-00.080,G027.190-00.080,27.188,-0.08,16,13.2,6.8,-18.0,25.6,1.02392649450334,1,655.3600000000001,0.12709033542031234,1,5156.647024595519,5156.647024595519
G027.281-00.132,G027.307-00.144,27.281,-0.132,245,5.5,4.4,-12.0,32.7,6.532864352950997,1,1069.2900000000002,0.262594868838407,1,4072.014067639719,4072.014067639719
G027.366-00.164,G027.366-00.164,27.366,-0.164,42,7.5,3.9,-21.0,23.0,1.5271630954950384,1,529.0,0.28527954657107707,1,1854.3215115080122,1854.3215115080122
G027.279+00.160,G027.276+00.148,27.279,0.16,50,12.5,6.3,34.0,17.5,3.0300855069345998,2,306.25,0.13177403667216134,2,2324.05417435845,1162.027087179225
G027.279+00.143,G027.276+00.148,27.28,0.144,33,12.5,6.3,31.0,17.5,1.999856434576836,2,306.25,0.13443604879367388,2,2278.0348183991787,1139.0174091995893
G027.476+00.179,G027.491+00.189,27.476,0.179,125,12.6,6.4,39.0,22.5,7.635815477475191,1,506.25,0.12386395799725064,1,4087.145350314391,4087.145350314391
G027.611+00.020,G027.614+00.024,27.611,0.02,66,9.7,4.5,3.0,25.2,3.1037771864632493,1,635.04,0.2709789095379095,1,2343.503415387237,2343.503415387237
G027.562+00.084,G027.562+00.084,27.562,0.084,42,9.8,4.5,14.0,22.4,1.9954931114468502,1,501.75999999999993,0.25181826581252914,1,1992.5480718445763,1992.5480718445763
G027.564+00.090,G027.562+00.084,27.565,0.09,19,9.8,4.5,15.0,22.4,0.902723074225956,1,501.75999999999993,0.25014506092046973,1,2005.8761030645646,2005.8761030645646
G027.682+00.076,G027.682+00.076,27.682,0.076,116,6.0,4.2,7.0,18.8,3.374303220522371,1,353.44000000000005,0.2874614063130629,1,1229.5215713760285,1229.5215713760285
G027.934+00.206,G027.934+00.206,27.934,0.206,42,3.0,6.0,10.0,31.9,0.6108652381980153,1,1017.6099999999999,0.16847761596490396,1,6040.030862093758,6040.030862093758
G027.980+00.080,G027.980+00.080,27.98,0.08,60,10.3,4.8,14.0,23.0,2.996148549256932,1,529.0,0.23113301659707913,1,2288.725374627785,2288.725374627785
G028.022-00.043,G028.001-00.031,28.022,-0.042,198,9.0,4.3,-6.0,15.9,8.639379797371932,1,252.81,0.2812330965088784,1,898.9340271052305,898.9340271052305
G028.146+00.146,G028.146+00.146,28.147,0.147,146,5.4,4.5,13.0,40.3,3.8222710618675815,1,1624.0899999999997,0.2535026626689652,1,6406.599374148614,6406.599374148614
G027.997+00.317,G027.997+00.317,27.997,0.317,165,9.4,4.4,52.0,22.7,7.519460194008903,1,515.29,0.20112885155248394,1,2561.98947104084,2561.98947104084
G026.796+03.529,S62,26.796,3.529,591,3.2,5.8,196.0,53.8,9.168796337143544,1,2894.4399999999996,0.05162188730723695,1,56070.01508436178,56070.01508436178
G026.802+03.526,S62,26.803,3.527,69,3.2,5.8,196.0,53.8,1.0704686078898553,1,2894.4399999999996,0.05162188730723695,1,56070.01508436178,56070.01508436178
G028.286-00.371,G028.295-00.377,28.287,-0.37,22,3.3,5.8,-21.0,25.9,0.3519747324855231,1,670.81,0.16577184609172274,1,4046.585809443396,4046.585809443396
G028.305-00.390,G028.304-00.390,28.305,-0.39,66,4.8,4.8,-32.0,21.5,1.53588974175501,1,462.25,0.20499659602003545,1,2254.915491156847,2254.915491156847
G028.287-00.365,G028.295-00.377,28.288,-0.365,60,3.3,5.8,-21.0,25.9,0.9599310885968813,1,670.81,0.16577184609172274,1,4046.585809443396,4046.585809443396
G028.200-00.050,G028.200-00.050,28.2,-0.05,60,5.8,4.4,-5.0,22.1,1.6871516102611852,1,488.4100000000001,0.27513973296935745,1,1775.1343825517004,1775.1343825517004
G028.246+00.013,G028.250+00.010,28.246,0.013,60,7.5,4.1,1.0,27.4,2.1816615649929116,1,750.7599999999999,0.30786458921239723,1,2438.604588857236,2438.604588857236
G028.438+00.014,G028.440-00.002,28.438,0.014,34,5.8,4.4,1.0,19.8,0.956052579148005,1,392.04,0.2825754953814851,1,1387.3814481709912,1387.3814481709912
G028.590-00.352,G028.600-00.360,28.591,-0.352,67,5.4,4.6,-33.0,19.7,1.754055898254301,1,388.09,0.2156096430682815,1,1799.9658757242855,1799.9658757242855
G028.823-00.226,G028.823-00.226,28.823,-0.226,134,5.5,4.5,-21.0,19.9,3.57307682977728,1,396.00999999999993,0.24033673278850184,1,1647.7298139377294,1647.7298139377294
G028.983-00.604,G028.983-00.603; S65,28.983,-0.603,179,3.5,5.7,-37.0,24.5,3.037357712151243,1,600.25,0.15331845810403558,1,3915.053721664062,3915.053721664062
G028.607+00.019,G028.610+00.020,28.608,0.02,21,6.2,4.2,2.0,22.5,0.6312274128046158,1,506.25,0.2972049433108158,1,1703.3700528680831,1703.3700528680831
G028.610+00.015,G028.610+00.020,28.61,0.016,54,6.2,4.2,1.0,22.5,1.6231562043547263,1,506.25,0.29919292885513166,1,1692.0520212064396,1692.0520212064396
G028.651+00.026,G028.658+00.030,28.652,0.027,33,8.7,4.3,4.0,22.0,1.3919000784654778,1,484.0,0.2850079811022353,1,1698.1980579216981,1698.1980579216981
G028.679+00.044,G028.696+00.048,28.679,0.044,104,7.5,4.2,5.0,19.9,3.781546712654381,1,396.00999999999993,0.29131989113347107,1,1359.3647809601991,1359.3647809601991
G028.638+00.194,G028.638+00.194,28.638,0.194,149,7.5,4.2,25.0,32.6,5.417792886399064,1,1062.76,0.25495539602650996,1,4168.415403490795,4168.415403490795
G028.861+00.065,G028.860+00.070,28.862,0.065,60,8.7,4.3,9.0,23.0,2.5307274153917776,1,529.0,0.2756643080879533,1,1919.000699325999,1919.000699325999
G028.688+00.177,G028.688+00.178,28.688,0.178,42,9.6,4.6,29.0,26.3,1.9547687622336491,1,691.69,0.22143658075669576,1,3123.6483043422572,3123.6483043422572
G028.801+00.170,G028.801+00.174,28.801,0.17,60,8.2,4.2,24.0,27.5,2.385283311058917,1,756.25,0.25666077695355594,1,2946.4961844826303,2946.4961844826303
G028.823+00.236,G028.787+00.252,28.824,0.236,157,8.9,4.4,36.0,34.4,6.774301566143546,1,1183.36,0.22376858649504547,1,5288.32048562009,5288.32048562009
G028.774+00.285,G028.764+00.281,28.775,0.286,122,7.4,4.1,37.0,12.5,4.37689791305689,1,156.25,0.24217486331028112,1,645.1949548529658,645.1949548529658
G029.000+00.084,G029.007+00.076,29.0,0.085,116,10.6,5.2,15.0,21.7,5.961269022922855,1,470.89,0.20480145410615383,1,2299.2512531474786,2299.2512531474786
G029.019+00.165,G029.019+00.170,29.02,0.166,106,11.2,5.6,32.0,23.1,5.755708022132411,1,533.61,0.16310953119364122,1,3271.4826417256154,3271.4826417256154
G029.065+00.387,G029.139+00.431,29.066,0.387,454,13.2,7.1,89.0,26.7,29.053914281532272,1,712.89,0.07266432269263648,1,9810.729304055585,9810.729304055585
G029.110-00.023,G029.136-00.042,29.111,-0.023,176,11.4,5.7,-4.0,25.8,9.727301697781728,1,665.64,0.19104656301297498,1,3484.1767865501606,3484.1767865501606
G029.165-00.035,G029.205-00.047,29.166,-0.035,274,10.9,5.4,-6.0,25.0,14.479445400017402,1,625.0,0.20538743783887556,1,3043.029342867145,3043.029342867145
G029.956-00.020,G029.960-00.020; G29,29.956,-0.019,94,9.1,4.6,-3.0,32.2,4.147096228210971,1,1036.8400000000001,0.2633462127295288,1,3937.1745249470987,3937.1745249470987
G030.036-00.167,G030.069-00.160,30.037,-0.166,265,8.7,4.4,-25.0,32.1,11.177379417980353,1,1030.41,0.24079495330338282,1,4279.200979356756,4279.200979356756
G030.365-00.490,G030.371-00.486,30.365,-0.49,230,8.2,4.4,-70.0,21.1,9.143586025725849,1,445.21000000000004,0.1783852888553494,1,2495.7775546223193,2495.7775546223193
G030.022-00.042,G030.022-00.044,30.022,-0.042,60,8.9,4.5,-6.0,21.7,2.588905057124922,1,470.89,0.26561316762317017,1,1772.8413249002003,1772.8413249002003
G030.026+00.109,G030.024+00.110,30.026,0.109,52,7.4,4.4,14.0,26.5,1.8655630449094946,1,702.25,0.2591168422903817,1,2710.1673275757857,2710.1673275757857
G030.234-00.139,G030.234-00.139,30.234,-0.139,42,7.3,4.3,-17.0,18.9,1.4864387462818374,1,357.2099999999999,0.26134738962792176,1,1366.8014840651633,1366.8014840651633
G030.338-00.252,G030.404-00.238,30.338,-0.251,371,8.2,4.4,-35.0,25.7,14.749001806714304,1,660.49,0.22526536077567685,1,2932.0531027303723,2932.0531027303723
G030.311-00.215,G030.323-00.210,30.311,-0.214,52,7.3,4.3,-27.0,24.5,1.8403527334917988,2,600.25,0.24449230851670056,2,2455.0874571131903,1227.5437285565952
G030.321-00.210,G030.323-00.210,30.321,-0.209,98,7.3,4.3,-26.0,24.5,3.46835707465762,2,600.25,0.24612770249640067,2,2438.774643861058,1219.387321930529
G030.380-00.110,G030.380-00.110,30.38,-0.11,60,6.2,4.4,-11.0,39.9,1.8035068937274739,1,1592.01,0.26435134972814894,1,6022.325975022165,6022.325975022165
G030.252+00.053,G030.252+00.051,30.252,0.053,42,4.5,5.2,4.0,27.4,0.916297857297023,1,750.7599999999999,0.22038462748679033,1,3406.5896907668835,3406.5896907668835
G030.599-00.344,G030.502-00.290,30.6,-0.343,434,7.3,4.3,-43.0,26.7,15.359867044912319,1,712.89,0.2197558557955514,1,3244.0091182973215,3244.0091182973215
G030.690-00.258,G030.694-00.261,30.69,-0.258,101,8.4,4.5,-37.0,22.5,4.113159270533304,1,506.25,0.21602071947975535,1,2343.525200819655,2343.525200819655
G030.533+00.021,G030.539+00.024,30.533,0.021,30,11.4,5.9,4.0,27.7,1.658062789394613,1,767.29,0.18043567202907038,1,4252.429640832774,4252.429640832774
G030.547+00.014,G030.539+00.024,30.547,0.014,24,11.4,6.0,2.0,27.7,1.3264502315156903,1,767.29,0.17770701861378477,1,4317.724792106107,4317.724792106107
G030.585-00.097,G030.602-00.106,30.586,-0.097,103,7.3,4.4,-12.0,31.5,3.645314068262601,1,992.25,0.262594868838407,1,3778.6343822681506,3778.6343822681506
G030.545+00.027,G030.539+00.024,30.545,0.027,30,11.4,5.9,5.0,27.7,1.658062789394613,1,767.29,0.17923676833490457,1,4280.873880555108,4280.873880555108
G030.758-00.047,G030.776-00.029; W43,30.759,-0.046,346,5.7,4.6,-4.0,32.3,9.561495418842268,1,1043.2899999999997,0.26159641046628707,1,3988.1663442566714,3988.1663442566714
G031.403-00.268,G031.401-00.259,31.403,-0.267,50,9.1,4.8,-42.0,32.6,2.2059022490483886,2,1062.76,0.1917757474844479,2,5541.6809160719595,2770.8404580359797
G031.394-00.258,G031.401-00.259,31.394,-0.258,50,9.1,4.8,-41.0,32.6,2.2059022490483886,2,1062.76,0.19305852363716733,2,5504.859251888524,2752.429625944262
G031.470-00.344,G031.470-00.344,31.47,-0.344,85,9.0,4.8,-53.0,22.7,3.7088246604879505,1,515.29,0.17821547897873988,1,2891.387453844406,2891.387453844406
G030.468+00.394,G030.467+00.429,30.468,0.394,346,3.8,5.6,25.0,103.9,6.374330279228179,1,10795.210000000001,0.17090171280152483,1,63166.189636360876,63166.189636360876
G030.425+00.463,G030.420+00.460,30.425,0.463,20,13.0,7.1,105.0,13.8,1.2605155708847935,1,190.44000000000003,0.06531252666393667,1,2915.8265608051333,2915.8265608051333
G030.881+00.074,G030.883+00.071,30.881,0.074,42,4.7,5.1,6.0,22.7,0.9570222065102241,1,515.29,0.2237685864950455,1,2302.780779336107,2302.780779336107
G030.867+00.113,G030.870+00.110,30.867,0.113,60,2.8,6.3,5.0,28.7,0.8144869842640204,1,823.6899999999999,0.1598797460796939,1,5151.934627100434,5151.934627100434
G030.760+00.206,G030.760+00.206,30.76,0.206,42,7.3,4.5,26.0,30.3,1.4864387462818374,1,918.09,0.2324575574902806,1,3949.495167686199,3949.495167686199
G030.906+00.161,G030.902+00.164,30.906,0.161,42,7.3,4.4,20.0,26.6,1.4864387462818374,1,707.5600000000001,0.2489567255790968,1,2842.10036243909,2842.10036243909
G031.016-00.039,G030.999-00.038,31.017,-0.039,225,8.0,4.4,-5.0,21.4,8.726646259971648,1,457.9599999999999,0.27513973296935745,1,1664.4633439802144,1664.4633439802144
G030.955+00.078,G030.950+00.078,30.955,0.079,37,6.6,4.4,9.0,32.7,1.183915009269487,1,1069.2900000000002,0.267899637073093,1,3991.3827867868968,3991.3827867868968
G031.159+00.045,G031.159+00.048,31.159,0.046,42,11.9,6.4,9.0,32.2,2.423098778185461,1,1036.8400000000001,0.15128777993447737,1,6853.428614320699,6853.428614320699
G031.165-00.105,G031.165-00.127,31.165,-0.104,190,11.7,6.2,-21.0,24.6,10.777408131064986,1,605.1600000000001,0.1478689942165478,1,4092.5415311459356,4092.5415311459356
G031.244-00.113,G031.239-00.108,31.244,-0.113,24,13.1,7.3,-25.0,31.1,1.524254213408381,1,967.21,0.10514857254086711,1,9198.508135943392,9198.508135943392
G031.241-00.109,G031.239-00.108,31.242,-0.109,24,13.1,7.3,-24.0,31.1,1.524254213408381,1,967.21,0.10585190486060611,1,9137.3887061711,9137.3887061711
G031.269+00.064,G031.275+00.056,31.27,0.064,24,7.3,4.4,8.0,30.3,0.849393569303907,2,918.09,0.2696916012305391,2,3404.2216954883734,1702.1108477441867
G031.279+00.061,G031.275+00.056,31.279,0.062,51,7.3,4.4,7.0,30.3,1.8049613347708025,2,918.09,0.27149555172576695,2,3381.6023657262244,1690.8011828631122
G031.138+00.285,G031.130+00.284,31.138,0.286,167,7.3,4.4,36.0,28.5,5.910363586406354,1,812.25,0.22376858649504547,1,3629.8660715631067,3629.8660715631067
G031.577+00.103,G031.580+00.101,31.578,0.104,117,6.5,4.5,11.0,29.9,3.687008044838021,1,894.0099999999999,0.25690533222515605,1,3479.919985531771,3479.919985531771
G031.054+00.491,G031.050+00.480,31.054,0.491,168,12.6,6.9,107.0,22.2,10.262536001726657,1,492.84,0.06823743907160662,1,7222.428137767983,7222.428137767983
G031.268+00.478,G031.274+00.485,31.268,0.479,83,15.3,9.2,127.0,22.1,6.156648936409998,1,488.4100000000001,0.030954462835514243,1,15778.338735687712,15778.338735687712
G031.412+00.309,G031.410+00.310,31.413,0.309,60,6.6,4.5,35.0,25.8,1.9198621771937625,1,665.64,0.21892028320796778,1,3040.558829204792,3040.558829204792
G031.677+00.179,G031.677+00.179,31.677,0.179,164,7.2,4.5,22.0,25.5,5.7246799465414,1,650.25,0.23873981687080315,1,2723.676379260567,2723.676379260567
G031.727+00.698,G031.727+00.698,31.727,0.698,42,19.7,13.3,240.0,22.0,4.011348397500301,1,484.0,0.004516580942612667,1,107160.70544282658,107160.70544282658
G031.881+01.417,S69,31.881,1.417,652,3.4,5.9,84.0,27.8,10.747349682836193,1,772.84,0.10585190486060612,1,7301.143999418195,7301.143999418195
G032.272-00.226,G032.272-00.226,32.272,-0.226,42,12.8,7.2,-50.0,26.0,2.6063583496448652,1,676.0,0.09158606108191025,1,7381.035847752176,7381.035847752176
G032.587-00.330,G032.584-00.336,32.587,-0.33,104,7.2,4.6,-41.0,18.2,3.6302848441482056,1,331.23999999999995,0.2044117273844702,1,1620.454972120965,1620.454972120965
G032.030+00.048,G032.029+00.051,32.03,0.049,42,7.2,4.7,6.0,21.4,1.4660765716752369,1,457.9599999999999,0.250860783067853,1,1825.5543748188438,1825.5543748188438
G032.057+00.077,G032.058+00.077,32.058,0.077,67,7.2,4.6,9.0,16.3,2.3387411976724013,1,265.69,0.25302026003129235,1,1050.07401370602,1050.07401370602
G032.099+00.089,G032.110+00.090,32.1,0.089,60,8.5,4.7,13.0,22.7,2.4725497736586335,1,515.29,0.2394229060102325,1,2152.2167974102586,2152.2167974102586
G031.915+00.196,G031.913+00.198,31.916,0.197,59,7.2,4.5,24.0,31.6,2.0594885173533086,1,998.5600000000001,0.23557774662616965,1,4238.770487878811,4238.770487878811
G032.152+00.131,G032.160+00.130,32.152,0.131,60,6.1,4.7,13.0,25.6,1.7744180728609016,1,655.3600000000001,0.2394229060102325,1,2737.248540338038,2737.248540338038
G032.582+00.001,G032.587+00.006,32.582,0.001,83,9.4,5.1,0.0,21.0,3.7825163400166,1,441.0,0.2329007557498447,1,1893.5103863452966,1893.5103863452966
G032.473+00.204,G032.470+00.202,32.473,0.204,42,11.2,6.1,39.0,28.7,2.280563555939257,1,823.6899999999999,0.13494916286199587,1,6103.705888433977,6103.705888433977
G032.733+00.209,G032.733+00.209,32.733,0.209,42,13.2,7.6,47.0,19.7,2.6878070480712677,1,388.09,0.08334539629184687,1,4656.405959617044,4656.405959617044
G032.800+00.190,G032.800+00.190,32.8,0.19,111,13.1,7.5,43.0,30.1,7.049675737013763,1,906.0100000000001,0.08807876486668711,1,10286.361319567828,10286.361319567828
G032.870-00.427,G032.876-00.423,32.87,-0.427,126,10.9,6.0,-81.0,18.3,6.658431096358367,1,334.89000000000004,0.10494848017021029,1,3190.9942807829134,3190.9942807829134
G032.982-00.338,G032.976-00.334,32.983,-0.338,131,11.0,6.0,-64.0,20.2,6.986165144788414,1,408.03999999999996,0.11754284413160027,1,3471.415065838979,3471.415065838979
G032.835+00.017,G032.840+00.019,32.835,0.017,102,7.1,4.6,2.0,20.3,3.5110206785952593,1,412.09000000000003,0.26510771931224103,1,1554.4247488118021,1554.4247488118021
G032.823+00.072,G032.849+00.074,32.824,0.072,167,7.1,4.6,9.0,19.4,5.748435816915769,1,376.35999999999996,0.25302026003129235,1,1487.469817450403,1487.469817450403
G032.990+00.040,G032.990+00.040,32.99,0.04,60,8.6,4.8,5.0,23.7,2.5016385945252058,1,561.6899999999999,0.2454254841360538,1,2288.6376367037014,2288.6376367037014
G033.051-00.078,G033.129-00.094,33.051,-0.078,466,7.1,4.7,-9.0,25.2,16.04054545319011,1,635.04,0.24589340674780327,1,2582.582462860905,2582.582462860905
G033.134-00.093,G033.130-00.090,33.134,-0.093,37,5.6,4.9,-9.0,45.5,1.0045339472589587,1,2070.25,0.23223627472975877,1,8914.412713556665,8914.412713556665
G033.080+00.073,G033.091+00.073,33.08,0.073,110,8.7,4.9,11.0,23.9,4.63966692821826,1,571.2099999999999,0.22916034284846348,1,2492.6215107721455,2492.6215107721455
G033.205-00.013,G033.200-00.010,33.205,-0.012,64,7.1,4.7,-1.0,23.5,2.2029933669617314,1,552.25,0.259363737786042,1,2129.2490797444084,2129.2490797444084
G033.643-00.229,G033.645-00.227,33.643,-0.228,42,7.1,4.7,-28.0,17.4,1.4457143970686364,1,302.75999999999993,0.21663880409296501,1,1397.5335640704434,1397.5335640704434
G032.928+00.606,G032.928+00.607,32.928,0.606,65,19.2,12.9,202.0,27.4,6.05047474024701,1,750.7599999999999,0.006523260493295278,1,115089.68571340118,115089.68571340118
G033.263+00.066,G033.265+00.068,33.263,0.067,42,7.1,4.7,8.0,21.9,1.4457143970686364,1,479.60999999999996,0.24753817258719912,1,1937.519353024431,1937.519353024431
G033.419-00.005,G033.418-00.004,33.419,-0.004,60,9.3,5.2,0.0,57.6,2.705260340591211,1,3317.76,0.22634061105772565,1,14658.262096649736,14658.262096649736
G034.757-00.669,G034.758-00.681,34.757,-0.668,401,3.4,6.0,-39.0,29.4,6.609949728247414,1,864.3599999999999,0.13886046287270956,1,6224.665985683343,6224.665985683343
G033.813-00.150,G033.810-00.154,33.813,-0.149,60,10.8,6.0,-28.0,17.3,3.141592653589793,1,299.29,0.14942624072865815,1,2002.927990027389,2002.927990027389
G033.809-00.190,G033.810-00.190,33.809,-0.19,60,11.4,6.4,-37.0,22.4,3.316125578789226,1,501.75999999999993,0.12552653666427205,1,3997.2424423847997,3997.2424423847997
G033.809-00.186,G033.810-00.190,33.81,-0.185,17,11.4,6.4,-36.0,22.4,0.9395689139902808,1,501.75999999999993,0.12636617592981292,1,3970.682789979263,3970.682789979263
G033.941-00.039,G033.943-00.036,33.942,-0.039,118,10.4,5.8,-7.0,31.1,5.949633494576225,1,967.21,0.18198891073128745,1,5314.664482101973,5314.664482101973
G033.882+00.057,G033.882+00.057,33.882,0.057,42,11.4,6.4,11.0,27.7,2.321287905152458,1,767.29,0.14928399776869664,1,5139.8007252515645,5139.8007252515645
G033.914+00.107,G033.910+00.110,33.915,0.108,73,7.1,4.7,13.0,33.0,2.512789309190725,1,1089.0,0.2394229060102325,1,4548.436981854435,4548.436981854435
G034.041+00.052,G034.041+00.053,34.041,0.053,42,11.6,6.6,10.0,23.1,2.362012254365659,1,533.61,0.1419357267483338,1,3759.5185667815954,3759.5185667815954
G034.045+00.053,G034.041+00.053,34.046,0.053,9,11.6,6.6,10.0,23.1,0.5061454830783555,1,533.61,0.1419357267483338,1,3759.5185667815954,3759.5185667815954
G034.089+00.438,G034.090+00.440,34.089,0.438,65,11.8,6.8,90.0,21.8,3.7185209341101415,1,475.24,0.078641388817161,1,6043.128270597046,6043.128270597046
G034.133+00.471,G034.133+00.471,34.133,0.471,42,11.7,6.7,96.0,25.7,2.38237442897226,1,660.49,0.07774774634294572,1,8495.294475631166,8495.294475631166
G034.256+00.136,G034.260+00.150; NRAO584,34.256,0.136,101,3.5,5.9,8.0,25.5,1.7138163627222098,1,650.25,0.1756876425296637,1,3701.17095680312,3701.17095680312
G034.333+00.212,G034.325+00.211,34.333,0.213,147,10.0,5.6,37.0,18.5,7.12676111231018,1,342.25,0.15776216471256174,1,2169.404816570373,2169.404816570373
G034.404+00.227,G034.400+00.230,34.404,0.228,60,1.6,7.3,6.0,16.9,0.46542113386515455,1,285.60999999999996,0.11934768946401299,1,2393.09199267004,2393.09199267004
G035.040-00.500,G035.040-00.510,35.04,-0.5,133,10.7,6.2,-93.0,25.9,6.899383495869807,1,670.81,0.09149887778427807,1,7331.346747022759,7331.346747022759
G035.051-00.520,G035.040-00.510,35.051,-0.52,52,10.7,6.2,-97.0,25.9,2.6975033216934583,1,670.81,0.08909115338035663,1,7529.479353983807,7529.479353983807
G034.686+00.068,G034.686+00.068,34.686,0.068,42,10.6,6.0,12.0,26.4,2.158390508299654,1,696.9599999999999,0.16624615720233937,1,4192.337505592535,4192.337505592535
G034.756+00.022,G034.750+00.020,34.757,0.022,60,4.9,5.3,1.0,27.5,1.4253522224620356,1,756.25,0.21850368907460546,1,3461.0399632282065,3461.0399632282065
G034.924-00.082,G034.863-00.080,34.925,-0.082,300,10.8,6.2,-15.0,20.1,15.707963267948966,1,404.01000000000005,0.15390364234957488,1,2625.084070995127,2625.084070995127
G034.940+00.073,G034.932-00.018,34.94,0.074,346,10.9,6.3,14.0,34.5,18.28426316936504,1,1190.25,0.15056907449631105,1,7905.009737103493,7905.009737103493
G035.467+00.004,G035.473-00.000,35.467,0.004,116,10.0,5.8,0.0,21.5,5.6238387008706185,1,462.25,0.1906830111475015,1,2424.180304360884,2424.180304360884
G035.576-00.032,G035.580-00.030,35.577,-0.031,38,10.4,6.0,-5.0,29.7,1.915983667744886,1,882.0899999999999,0.1741881838825307,1,5064.0059522916035,5064.0059522916035
G035.543+00.006,G035.541+00.005,35.543,0.007,68,10.1,5.9,1.0,21.2,3.329700361860293,1,449.44,0.18408071439268583,1,2441.5376780928977,2441.5376780928977
G035.197-01.756,G035.200-01.740; W48,35.197,-1.756,360,3.3,6.1,-100.0,23.8,5.759586531581288,1,566.44,0.08985807394489574,1,6303.718465492169,6303.718465492169
G035.243-01.750,G035.200-01.740; W48,35.244,-1.75,124,3.3,6.1,-99.0,23.8,1.9838575831002212,1,566.44,0.09045912906212404,1,6261.833447578184,6261.833447578184
G035.559-00.824,G035.673-00.847,35.56,-0.823,876,9.9,5.8,-141.0,26.3,42.0449816805434,1,691.69,0.07448609188419326,1,9286.163127948776,9286.163127948776
G035.649-00.053,G035.670-00.050,35.65,-0.052,332,10.4,6.1,-9.0,34.9,16.73964678135006,1,1218.01,0.16482727973104772,1,7389.61415845395,7389.61415845395
G035.948-00.149,G035.950-00.146,35.949,-0.148,42,3.4,6.1,-8.0,16.8,0.6923139366244174,1,282.24,0.1659297992442294,1,1700.9602933622277,1700.9602933622277
G028.746+03.458,G028.790+03.486; S64; W40,28.746,3.459,1206,0.1,8.5,6.0,25.8,0.5846852994181004,1,665.64,0.08470578086661991,1,7858.259414999495,7858.259414999495
G034.997+00.330,G035.040+00.340,34.997,0.331,158,10.2,5.8,58.0,20.9,7.813257284761281,2,436.80999999999995,0.12953430573042424,2,3372.156877955186,1686.078438977593
G035.063+00.330,G035.040+00.340,35.064,0.33,158,10.2,5.9,58.0,20.9,7.813257284761281,2,436.80999999999995,0.12588569675339933,2,3469.8938105389216,1734.9469052694608
G035.467+00.139,G035.470+00.140,35.468,0.139,88,5.3,5.2,12.0,28.6,2.2611710086948755,1,817.96,0.20893871791852628,1,3914.832100764378,3914.832100764378
G035.571+00.071,G035.580+00.070,35.571,0.072,60,10.7,6.2,13.0,26.1,3.112503832723221,2,681.21,0.15596943224265236,2,4367.586585429091,2183.7932927145457
G035.579+00.065,G035.580+00.070,35.579,0.066,16,3.2,6.2,3.0,26.1,0.24822460472808242,2,681.21,0.16672182542536654,2,4085.9077583993076,2042.9538791996538
G035.187+00.892,G035.286+00.831,35.187,0.893,972,8.9,5.3,139.0,25.3,41.94026192542374,1,640.09,0.08707788064344059,1,7350.776055528825,7350.776055528825
G036.192-00.171,G036.179-00.162,36.193,-0.171,229,6.9,5.2,-20.0,14.6,7.660540975211777,1,213.16,0.19808726381359862,1,1076.091394753097,1076.091394753097
G036.459-00.183,G036.459-00.179,36.459,-0.183,301,8.9,5.4,-28.0,17.8,12.98767370324336,1,316.84000000000003,0.17736885122094664,1,1786.3339465694319,1786.3339465694319
G036.405+00.021,G036.410+00.020,36.405,0.022,60,3.5,6.0,1.0,22.3,1.0181087303300256,1,497.29,0.17889568990636895,1,2779.776305735892,2779.776305735892
G036.267+00.697,G036.289+00.734; S72,36.268,0.698,359,5.1,5.3,61.0,11.6,8.876453687434493,1,134.56,0.14646740291944654,1,918.7027100767581,918.7027100767581
G037.175-00.440,G037.182-00.436,37.176,-0.439,163,11.1,6.7,-85.0,19.3,8.771733932314833,1,372.49,0.08366350810598422,1,4452.23979286325,4452.23979286325
G037.200-00.430,G037.200-00.430,37.2,-0.43,60,11.0,6.6,-82.0,20.4,3.199770295322937,1,416.15999999999997,0.08782747041580356,1,4738.38080534216,4738.38080534216
G036.993-00.231,G036.996-00.231,36.993,-0.23,49,6.8,5.3,-27.0,28.0,1.6153991854569738,1,784.0,0.1837304181818578,1,4267.12140405619,4267.12140405619
G037.028-00.202,G037.076-00.244,37.029,-0.202,420,6.8,5.2,-23.0,12.0,13.846278732488349,1,144.0,0.1941648731890546,1,741.6377516431099,741.6377516431099
G037.362-00.234,G037.370-00.240,37.363,-0.234,129,10.9,6.6,-44.0,25.2,6.816965170081185,1,635.04,0.11314924052333893,1,5612.410627440423,5612.410627440423
G036.870+00.462,G036.870+00.462,36.87,0.462,42,16.5,11.0,133.0,26.4,3.3597588100890845,1,696.9599999999999,0.017782795935854117,1,39192.93695513717,39192.93695513717
G037.259-00.083,G037.259-00.083,37.259,-0.083,81,10.8,6.5,-15.0,32.5,4.241150082346221,1,1056.25,0.1412614490325242,1,7477.270035342819,7477.270035342819
G037.347-00.147,G037.370-00.067,37.347,-0.146,594,10.0,6.1,-25.0,18.7,28.797932657906436,1,349.69,0.14815091785709458,1,2360.363371743054,2360.363371743054
G036.918+00.482,G036.914+00.485,36.919,0.482,29,17.4,11.8,146.0,23.3,2.446369834878719,1,542.89,0.012974597069814929,1,41842.53253328535,41842.53253328535
G037.344+00.684,G037.350+00.687,37.344,0.684,60,10.5,6.4,125.0,18.7,3.0543261909900767,1,349.69,0.06981511384624162,1,5008.800827427498,5008.800827427498
G037.497+00.530,G037.498+00.530,37.498,0.53,60,12.8,8.0,118.0,16.6,3.7233690709212364,1,275.56000000000006,0.0463107597731182,1,5950.23707989246,5950.23707989246
G037.868-00.601,G037.868-00.601,37.868,-0.601,83,10.2,6.3,-107.0,31.5,4.104432624273332,1,992.25,0.0809977960990687,1,12250.333315074098,12250.333315074098
G037.445-00.212,G037.450-00.205,37.446,-0.211,124,9.3,5.7,-34.0,26.1,5.590871370555169,1,681.21,0.1564156964085731,1,4355.125576531736,4355.125576531736
G037.469-00.105,G037.468-00.105,37.469,-0.104,41,9.6,5.9,-17.0,28.0,1.9082266488471333,1,784.0,0.16545639072346494,1,4738.408692296063,4738.408692296063
G037.544-00.115,G037.540-00.110,37.544,-0.114,108,10.2,6.2,-20.0,30.0,5.340707511102648,1,900.0,0.14885808080333313,1,6046.027163208246,6046.027163208246
G037.641-00.112,G037.636-00.113,37.642,-0.112,233,10.0,6.1,-19.0,28.6,11.29615876985219,1,817.96,0.15419707151215553,1,5304.640302040491,5304.640302040491
G037.816-00.379,G037.816-00.379,37.816,-0.379,42,9.2,5.8,-60.0,20.4,1.8733200638072471,1,416.15999999999997,0.12781864481060753,1,3255.8630285639147,3255.8630285639147
G037.763-00.212,G037.760-00.200,37.763,-0.211,132,9.1,5.7,-33.0,24.7,5.823581937487746,1,610.0899999999999,0.15746195135945107,1,3874.5233037744997,3874.5233037744997
G037.750-00.110,G037.750-00.100,37.751,-0.11,60,10.1,6.2,-19.0,23.1,2.937970907523788,1,533.61,0.14985378332932425,1,3560.871058072113,3560.871058072113
G037.872-00.399,G037.870-00.400; W47,37.872,-0.398,60,9.5,5.9,-65.0,39.4,2.763437982324355,1,1552.36,0.12014599880153244,1,12920.613382758776,12920.613382758776
G038.045-00.034,G038.051-00.042,38.045,-0.034,127,9.5,5.9,-5.0,22.3,5.849277062586552,1,497.29,0.17923676833490457,1,2774.486533202896,2774.486533202896
G038.121-00.226,G038.120-00.227,38.121,-0.226,42,6.7,5.2,-26.0,12.6,1.3642656986422343,1,158.76,0.19032015110268571,1,834.1733604149058,834.1733604149058
G037.677+00.155,G037.671+00.132,37.678,0.156,195,6.7,5.2,18.0,17.3,6.334090743696087,1,299.29,0.20074611360614633,1,1490.8881403661533,1490.8881403661533
G037.754+00.560,G037.755+00.560,37.754,0.56,66,12.2,7.6,119.0,29.5,3.903719760293984,1,870.25,0.05157274700889596,1,16874.22234557115,16874.22234557115
G037.820+00.414,G037.820+00.414,37.82,0.414,52,11.9,7.4,86.0,27.6,3.000027058705809,1,761.7600000000001,0.06804275321506499,1,11195.314181251308,11195.314181251308
G038.643-00.227,G038.643-00.227,38.643,-0.227,42,9.0,5.8,-35.0,29.1,1.832595714594046,1,846.8100000000001,0.15099988700538666,1,5608.017441561341,5608.017441561341
G038.738-00.140,G038.738-00.140,38.738,-0.14,105,9.2,5.9,-22.0,28.2,4.683300159518118,1,795.24,0.1600320850353769,1,4969.253508283688,4969.253508283688
G038.652+00.087,G038.651+00.087,38.652,0.087,42,17.8,12.3,26.0,28.4,3.624467079974891,1,806.56,0.02503153002852446,1,32221.761877156194,32221.761877156194
G038.550+00.163,G038.550+00.163,38.55,0.163,42,11.5,7.2,32.0,21.7,2.341650079759059,1,470.89,0.10326299551841019,1,4560.104010502461,4560.104010502461
G038.861-00.135,G038.863-00.136,38.861,-0.134,147,8.9,5.8,-20.0,18.7,6.34281738995606,1,349.69,0.16688068375106224,1,2095.449228393841,2095.449228393841
G039.176-00.399,G039.179-00.397,39.176,-0.398,114,9.4,6.1,-65.0,19.3,5.195263406769787,1,372.49,0.11347298634148201,1,3282.6315056082194,3282.6315056082194
G039.225-00.053,G039.225-00.053,39.225,-0.053,42,11.8,7.5,-10.0,21.5,2.40273660357886,1,462.25,0.10975289935925614,1,4211.733837544544,4211.733837544544
G039.248-00.064,G039.250-00.070,39.249,-0.063,60,11.6,7.4,-12.0,25.0,3.3743032205223704,1,625.0,0.11143813174912023,1,5608.4931628884215,5608.4931628884215
G038.875+00.308,G038.875+00.308,38.875,0.308,42,14.8,9.7,79.0,29.5,3.0136018417768757,1,870.25,0.036953488004174695,1,23549.874369144436,23549.874369144436
G038.840+00.495,G038.840+00.497,38.84,0.495,84,18.2,12.7,157.0,27.0,7.411831556802586,1,729.0,0.00932330503890826,1,78191.15613591083,78191.15613591083
G039.196+00.224,G039.195+00.226,39.196,0.225,60,15.4,10.3,60.0,27.9,4.479678413452112,1,778.41,0.035335853773954595,1,22028.90030560834,22028.90030560834
G039.900-01.321,G039.904-01.331; S74,39.901,-1.321,343,3.0,6.5,-68.0,37.0,4.988732778617126,2,1369.0,0.0992139955493222,2,13798.456482073942,6899.228241036971
G039.887-01.273,G039.904-01.331; S74,39.888,-1.272,63,3.0,6.5,-66.0,37.0,0.916297857297023,2,1369.0,0.10054570717179367,2,13615.698158658422,6807.849079329211
G039.544-00.366,G039.546-00.365,39.545,-0.366,55,9.4,6.1,-59.0,29.4,2.506486731336301,1,864.3599999999999,0.11810390676400019,1,7318.640201523542,7318.640201523542
G039.728-00.396,G039.728-00.396,39.728,-0.396,67,9.1,6.0,-63.0,24.8,2.955909013724841,1,615.0400000000001,0.11832908096995264,1,5197.707908812184,5197.707908812184
G039.883-00.346,G039.883-00.346,39.883,-0.346,73,9.0,6.0,-54.0,32.2,3.1852258848896513,1,1036.8400000000001,0.12564614269302074,1,8252.063913599104,8252.063913599104
G039.924-00.378,G039.929-00.375,39.925,-0.378,72,6.5,5.7,-42.0,23.2,2.268928027592628,1,538.24,0.1482920811792991,1,3629.5936756678,3629.5936756678
G039.856-00.184,G039.873-00.177,39.856,-0.184,155,9.0,6.0,-28.0,23.4,6.763150851478027,1,547.56,0.14942624072865815,1,3664.4166200654777,3664.4166200654777
G039.873-00.177,G039.873-00.177,39.874,-0.176,53,9.0,6.0,-27.0,23.4,2.3125612588924866,1,547.56,0.150425743641365,1,3640.068426754505,3640.068426754505
G040.965-00.621,G040.947-00.567,40.966,-0.62,355,4.2,6.0,-45.0,26.7,7.228571985343182,1,712.89,0.13341566624390264,1,5343.375482581908,5343.375482581908
G041.128-00.559,G041.132-00.558,41.129,-0.558,87,6.4,5.9,-62.0,25.3,2.6994425764178964,1,640.09,0.1225731089761764,1,5222.1078941908,5222.1078941908
G039.864+00.645,G039.869+00.645,39.865,0.646,68,17.6,12.3,197.0,28.4,5.802250135518927,1,806.56,0.00800555944828813,1,100749.98570805328,100749.98570805328
G040.430+00.697,G040.420+00.700,40.43,0.698,56,11.6,7.5,141.0,20.1,3.149349672487546,1,404.01000000000005,0.045828131897463986,1,8815.76410105333,8815.76410105333
G040.797-00.132,G040.781-00.123,40.798,-0.131,316,6.4,5.8,-14.0,18.5,9.804871886759255,1,342.25,0.17369121365269818,1,1970.4508524210162,1970.4508524210162
G041.074-00.162,G041.096-00.213,41.075,-0.161,440,8.7,6.0,-24.0,26.7,18.55866771287304,1,712.89,0.15346454523744182,1,4645.30748061065,4645.30748061065
G041.235+00.367,G041.235+00.367,41.235,0.367,249,5.4,5.7,34.0,24.1,6.51880475619882,1,580.8100000000001,0.1564156964085731,1,3713.2462619535795,3713.2462619535795
G040.141+01.577,S75,40.141,1.577,517,1.5,7.4,42.0,20.4,3.7597300970044514,1,416.15999999999997,0.09123782552856056,1,4561.266093192101,4561.266093192101
G041.375+00.032,G041.379+00.037,41.376,0.032,24,4.2,6.0,2.0,30.0,0.48869219055841223,2,900.0,0.17770701861378477,2,5064.51578007728,2532.25789003864
G041.382+00.037,G041.379+00.037,41.382,0.038,24,4.2,6.0,2.0,30.0,0.48869219055841223,2,900.0,0.17770701861378477,2,5064.51578007728,2532.25789003864
G041.516-00.142,G041.515-00.139,41.517,-0.141,109,8.7,6.1,-21.0,29.3,4.597488137961729,1,858.49,0.15215475625017277,1,5642.215998745851,5642.215998745851
G041.512+00.021,G041.517+00.033,41.512,0.022,86,11.6,7.7,4.0,25.1,4.83650128274873,1,630.0100000000001,0.10788745628072426,1,5839.5111138843395,5839.5111138843395
G041.927-00.125,G041.905-00.123,41.928,-0.125,194,11.4,7.6,-24.0,36.7,10.722139371418498,1,1346.89,0.09715685239923379,1,13863.046884901163,13863.046884901163
G041.740+00.095,G041.740+00.100,41.74,0.096,60,12.0,8.0,20.0,35.1,3.490658503988659,1,1232.01,0.08900634505417908,1,13841.822167285522,13841.822167285522
G041.929+00.030,G041.928+00.029,41.929,0.03,150,11.3,7.5,5.0,30.7,8.217591894806635,1,942.49,0.113472986341482,1,8305.85349330369,8305.85349330369
G042.065+00.244,G042.047+00.236,42.065,0.244,345,11.5,7.7,49.0,16.3,19.23498279802084,1,265.69,0.07992499339576277,1,3324.24175106764,3324.24175106764
G042.008+00.352,G042.012+00.349,42.008,0.353,91,16.9,12.0,104.0,21.7,7.455949601783554,1,470.89,0.016213601959485163,1,29042.89874493455,29042.89874493455
G042.103-00.623,G042.108-00.623,42.104,-0.623,202,7.7,5.9,-84.0,21.1,7.540791995977723,1,445.21000000000004,0.10585190486060612,1,4205.9706019111,4205.9706019111
G042.111-00.444,G042.110-00.450,42.111,-0.444,60,8.9,6.3,-68.0,29.0,2.588905057124922,1,841.0,0.10504847871450167,1,8005.827502610965,8005.827502610965
G042.217-00.580,G042.209-00.587,42.217,-0.579,270,6.3,5.7,-63.0,21.6,8.246680715673206,1,466.56000000000006,0.12891894201765192,1,3619.0182194957624,3619.0182194957624
G042.390-00.381,G042.400-00.380,42.39,-0.381,225,4.8,5.9,-32.0,15.9,5.235987755982989,1,252.81,0.1497111333797689,1,1688.6519679114479,1688.6519679114479
G042.136-00.079,G042.168-00.079,42.137,-0.079,188,9.8,6.7,-13.0,34.3,8.932207260762091,1,1176.4899999999998,0.13520645384773874,1,8701.433744611712,8701.433744611712
G042.434-00.275,G042.430-00.260,42.434,-0.275,175,8.1,6.0,-38.0,38.5,6.872233929727672,1,1482.25,0.1397892919486757,1,10603.458815316233,10603.458815316233
G042.562-00.107,G042.568-00.143,42.563,-0.107,388,7.4,5.9,-13.0,17.6,13.919970412016998,1,309.76000000000005,0.16992791651041794,1,1822.8905900874108,1822.8905900874108
G043.175-00.519,G043.180-00.520,43.176,-0.518,41,8.1,6.1,-73.0,23.0,1.6100662349647687,2,529.0,0.1075796463435127,2,4917.287033188875,2458.6435165944376
G043.185-00.525,G043.180-00.520,43.186,-0.525,60,8.1,6.1,-73.0,23.0,2.356194490192345,2,529.0,0.1075796463435127,2,4917.287033188875,2458.6435165944376
G043.523-00.648,G043.522-00.647,43.523,-0.648,88,8.3,6.2,-94.0,26.8,3.5410791268240502,1,718.24,0.09089091406316906,1,7902.2200117915445,7902.2200117915445
G043.890-00.780,G043.890-00.780,43.89,-0.78,60,8.4,6.3,-114.0,28.4,2.443460952792061,1,806.56,0.07730474044329974,1,10433.512814024423,10433.512814024423
G044.331-00.837,G044.339-00.827,44.332,-0.837,170,6.1,6.1,-88.0,17.0,5.0275178731058885,1,289.0,0.0973420894306857,1,2968.9109992423982,2968.9109992423982
G043.154-00.039,G043.170+00.000; W49,43.154,-0.039,35,12.0,8.2,-8.0,32.3,2.0362174606600507,5,1043.2899999999997,0.09106420459997891,5,11456.642097549726,2291.3284195099454
G043.149+00.028,G043.170+00.000; W49,43.149,0.029,35,12.0,8.2,6.0,32.3,2.0362174606600507,5,1043.2899999999997,0.09228652468683224,5,11304.90072673481,2260.9801453469618
G043.165-00.031,G043.170+00.000; W49,43.166,-0.03,35,12.0,8.2,-6.0,32.3,2.0362174606600507,5,1043.2899999999997,0.09228652468683224,5,11304.90072673481,2260.9801453469618
G043.183-00.027,G043.170+00.000; W49,43.183,-0.026,35,12.0,8.2,-5.0,32.3,2.0362174606600507,5,1043.2899999999997,0.09290382356136914,5,11229.785384568564,2245.9570769137126
G043.170-00.004,G043.170+00.000; W49,43.171,-0.003,204,12.0,8.2,0.0,32.3,11.868238913561441,5,1043.2899999999997,0.09605280920682681,5,10861.629228912228,2172.325845782446
G043.237-00.044,G043.240-00.050,43.238,-0.044,60,11.8,8.1,-9.0,25.2,3.4324808622555145,1,635.04,0.09308095186536487,1,6822.448495354251,6822.448495354251
G043.240+00.131,G043.239+00.133,43.24,0.131,42,11.6,8.0,26.0,22.3,2.362012254365659,1,497.29,0.08551635634560288,1,5815.144859426297,5815.144859426297
G043.794-00.129,G043.790-00.130,43.794,-0.129,35,9.2,6.7,-20.0,31.9,1.5611000531727057,1,1017.6099999999999,0.12904178044763626,1,7885.895532981544,7885.895532981544
G043.792-00.122,G043.790-00.130,43.793,-0.121,120,9.2,6.7,-19.0,31.9,5.352343039449277,1,1017.6099999999999,0.12990493296214337,1,7833.497749439198,7833.497749439198
G043.774+00.057,G043.770+00.070,43.774,0.058,151,6.1,5.9,6.0,20.8,4.465618816699936,1,432.64000000000004,0.17804583074883543,1,2429.9361472289343,2429.9361472289343
G043.730+00.114,G043.738+00.114,43.73,0.115,128,6.1,5.9,12.0,22.4,3.785425222103257,1,501.75999999999993,0.17106455386858305,1,2933.161713825689,2933.161713825689
G043.432+00.516,G043.432+00.521,43.432,0.517,74,13.6,9.5,122.0,22.7,4.879164886686371,1,515.29,0.0293747726060314,1,17541.923027318946,17541.923027318946
G043.894+00.197,G043.906+00.230,43.895,0.198,168,16.1,11.6,55.0,21.3,13.11324044665073,1,453.69000000000005,0.02519896438979206,1,18004.3113273253,18004.3113273253
G043.818+00.395,G043.818+00.393,43.818,0.395,108,13.3,9.3,91.0,27.6,6.963863715457374,1,761.7600000000001,0.038242434703179416,1,19919.233854027305,19919.233854027305
G044.379-00.327,G044.427-00.317,44.379,-0.327,302,6.1,6.1,-34.0,18.6,8.931237633399872,1,345.96000000000004,0.139523280055765,1,2479.586201397544,2479.586201397544
G044.552-00.239,G044.528-00.234,44.553,-0.239,227,6.1,6.2,-25.0,13.6,6.713215042323744,1,184.95999999999998,0.1439779324398352,1,1284.6413118016553,1284.6413118016553
G044.811-00.492,G044.786-00.490,44.812,-0.492,274,8.9,6.6,-76.0,30.0,11.822666427537145,1,900.0,0.09141177747883159,1,9845.558469841753,9845.558469841753
G044.224+00.085,G044.264+00.100,44.225,0.085,319,7.7,6.1,11.0,30.4,11.908478449093533,1,924.16,0.1626441690812499,1,5682.097336906865,5682.097336906865
G044.501+00.332,G044.501+00.335,44.501,0.332,50,16.6,12.1,96.0,22.0,4.023953553209148,1,484.0,0.016620093610950702,1,29121.3762888255,29121.3762888255
G044.904-00.733,G044.922-00.725,44.904,-0.732,131,6.0,6.0,-76.0,17.2,3.810635533520953,1,295.84,0.10850572081865664,1,2726.4921864758744,2726.4921864758744
G045.002-00.611,G045.039-00.643,45.002,-0.61,350,6.0,6.1,-64.0,24.6,10.181087303300254,1,605.1600000000001,0.11423200015196666,1,5297.639883701025,5297.639883701025
G045.195-00.439,G045.190-00.439,45.195,-0.439,77,6.0,6.0,-45.0,25.1,2.239839206726056,1,630.0100000000001,0.13341566624390264,1,4722.159081739719,4722.159081739719
G045.391-00.725,G045.386-00.726,45.391,-0.724,191,8.0,6.4,-101.0,20.6,7.407953047353709,1,424.36000000000007,0.08192879505809537,1,5179.61968925685,5179.61968925685
G045.070+00.132,G045.070+00.130,45.07,0.132,60,6.0,6.2,13.0,24.8,1.7453292519943295,1,615.0400000000001,0.15596943224265236,1,3943.3367882184766,3943.3367882184766
G045.825-00.291,G045.820-00.290,45.825,-0.29,71,6.6,6.1,-33.0,26.3,2.2718369096792856,1,691.69,0.14045654267500862,1,4924.583695616425,4924.583695616425
G045.838-00.296,G045.820-00.290,45.839,-0.295,168,5.9,6.1,-30.0,26.3,4.80547320715772,1,691.69,0.14329395305256898,1,4827.070405031299,4827.070405031299
G045.933-00.403,G045.930-00.400,45.933,-0.402,60,5.9,6.1,-41.0,21.1,1.7162404311277573,1,445.21000000000004,0.13316178303563433,1,3343.376679485142,3343.376679485142
G040.503+02.537,G040.504+02.537; S76,40.503,2.537,169,1.6,7.4,68.0,20.7,1.3109361937201853,1,428.48999999999995,0.07671799002277822,1,5585.261030336921,5585.261030336921
G044.521+00.385,G044.518+00.379,44.521,0.385,42,17.5,12.9,117.0,25.9,3.5633805561550895,1,670.81,0.011496481054334666,1,58349.1589147686,58349.1589147686
G044.418+00.535,G044.417+00.536,44.418,0.536,84,18.4,13.7,171.0,25.0,7.4932802552289886,1,625.0,0.006381923651571933,1,97932.85443740088,97932.85443740088
G045.118+00.144,G045.120+00.130,45.119,0.144,18,7.7,6.2,19.0,44.5,0.6719517620178168,1,1980.25,0.14985378332932425,1,13214.547914670455,13214.547914670455
G045.121+00.133,G045.120+00.130,45.122,0.133,100,6.0,6.2,13.0,44.5,2.908882086657216,1,1980.25,0.15596943224265236,1,12696.39807958773,12696.39807958773
G045.128+00.131,G045.120+00.130,45.129,0.131,9,6.0,6.2,13.0,44.5,0.2617993877991494,1,1980.25,0.15596943224265236,1,12696.39807958773,12696.39807958773
G045.131+00.127,G045.120+00.130,45.132,0.128,7,6.0,6.2,13.0,44.5,0.20362174606600514,1,1980.25,0.15596943224265236,1,12696.39807958773,12696.39807958773
G045.132+00.146,G045.120+00.130,45.133,0.146,36,6.0,6.2,15.0,44.5,1.0471975511965976,1,1980.25,0.15390364234957488,1,12866.816988658944,12866.816988658944
G045.133+00.132,G045.120+00.130,45.133,0.133,8,6.0,6.2,13.0,44.5,0.23271056693257727,1,1980.25,0.15596943224265236,1,12696.39807958773,12696.39807958773
G045.453+00.044,G045.450+00.060,45.453,0.045,244,7.7,6.3,5.0,31.7,9.108679440685961,1,1004.89,0.1598797460796939,1,6285.2864395912975,6285.2864395912975
G045.542-00.006,G045.542-00.006,45.542,-0.006,42,6.0,6.3,0.0,26.2,1.2217304763960306,1,686.4399999999999,0.16529888822158653,1,4152.720005471622,4152.720005471622
G045.634-00.016,G045.631-00.017,45.634,-0.016,106,11.4,8.1,-3.0,19.6,5.858488522527633,1,384.1600000000001,0.09687965757355482,1,3965.3319347080765,3965.3319347080765
G045.475+00.130,G045.480+00.130; K47,45.475,0.13,144,7.7,6.3,17.0,29.5,5.3756140961425345,1,870.25,0.14758760706231008,1,5896.497797627336,5896.497797627336
G045.197+00.740,G045.197+00.738,45.197,0.74,80,15.5,11.2,199.0,31.4,6.011689645758246,1,985.9599999999999,0.010816671618899954,1,91151.88430766757,91151.88430766757
G046.495-00.241,G046.495-00.247,46.495,-0.24,298,4.7,6.3,-19.0,22.4,6.79030041762016,1,501.75999999999993,0.1456328330875066,1,3445.3769068579936,3445.3769068579936
G046.173+00.533,G046.176+00.536,46.174,0.533,60,11.5,8.3,106.0,24.8,3.345214399655798,1,615.0400000000001,0.04604688151604199,1,13356.821998591371,13356.821998591371
G046.213+00.547,G046.213+00.548,46.213,0.548,37,11.5,8.3,109.0,26.3,2.0628822131210756,1,691.69,0.04513509217193771,1,15324.882850910657,15324.882850910657
G047.028+00.216,G047.028+00.232,47.028,0.216,122,5.8,6.3,21.0,21.0,3.4305416075310764,1,441.0,0.14370394977770293,1,3068.8091780510367,3068.8091780510367
G046.948+00.371,G046.948+00.374,46.948,0.371,65,16.2,12.1,104.0,29.3,5.105088062083414,1,858.49,0.01575691140692684,1,54483.39321261921,54483.39321261921
G047.100+00.479,G047.100+00.480,47.1,0.48,60,17.8,13.6,149.0,31.6,5.177810114249844,1,998.5600000000001,0.0076042527254842635,1,131315.9933064177,131315.9933064177
G047.094+00.492,G047.094+00.492,47.095,0.492,60,17.5,13.3,150.0,24.8,5.090543651650128,1,615.0400000000001,0.008229747049020027,1,74733.76719072273,74733.76719072273
G048.547-00.005,G048.551-00.001,48.548,-0.005,94,9.9,7.7,0.0,24.5,4.511676116405342,1,600.25,0.11080315836233387,1,5417.264353035332,5417.264353035332
G048.604+00.022,G048.610+00.020,48.604,0.023,59,10.0,7.7,3.0,23.7,2.860400718546262,2,561.6899999999999,0.10860910882495796,2,5171.665674057402,2585.832837028701
G048.417+00.117,G048.421+00.118,48.418,0.118,60,10.2,7.8,20.0,21.0,2.96705972839036,1,441.0,0.09424054632727062,1,4679.514467886597,4679.514467886597
G048.599+00.044,G048.610+00.020,48.599,0.045,235,10.0,7.7,7.0,23.7,11.393121506074095,2,561.6899999999999,0.10575114151280648,2,5311.43202772879,2655.716013864395
G048.630+00.230,G048.630+00.230,48.63,0.23,276,10.7,8.1,42.0,23.1,14.317517630526815,1,533.61,0.07469921360419593,1,7143.448695824378,7143.448695824378
G049.733-00.633,G049.738-00.616,49.733,-0.633,148,5.5,6.5,-60.0,23.9,3.946383364231623,1,571.2099999999999,0.10464905532319575,1,5458.338809040254,5458.338809040254
G048.922-00.285,G048.930-00.286; W51,48.923,-0.284,100,5.4,6.4,-26.0,29.6,2.6179938779914944,1,876.1600000000001,0.13507774709511342,1,6486.338563102198,6486.338563102198
G049.002-00.303,G048.997-00.295; W51,49.003,-0.302,112,5.4,6.4,-28.0,27.7,2.932153143350474,1,767.29,0.1332886641913901,1,5756.60356906453,5756.60356906453
G049.077-00.375,G049.076-00.377; W51,49.078,-0.375,60,5.4,6.4,-35.0,32.2,1.5707963267948966,1,1036.8400000000001,0.12721143149064057,1,8150.525372212987,8150.525372212987
G049.051-00.255,G049.060-00.260; W51,49.052,-0.254,132,5.4,6.4,-23.0,22.8,3.4557519189487724,1,519.84,0.13780649859422991,1,3772.2459049675485,3772.2459049675485
G049.163-00.066,W51,49.163,-0.066,203,5.4,6.4,-6.0,20.3,5.314527572322733,3,412.09000000000003,0.15434399581882674,3,2669.9451301216973,889.9817100405656
G049.201-00.365,G049.210-00.350; W51,49.201,-0.365,188,5.4,6.4,-34.0,29.3,4.9218284906240095,1,858.49,0.12806234091380803,1,6703.68817151175,6703.68817151175
G049.399-00.490,W51,49.4,-0.489,51,5.5,6.5,-47.0,22.1,1.3599023755122484,3,488.4100000000001,0.11412325956032288,3,4279.67096174499,1426.55698724833
G049.428-00.464,G049.437-00.465; W51,49.428,-0.464,123,5.4,6.5,-43.0,24.3,3.220132469929538,1,590.49,0.11720748674419763,1,5037.988753130842,5037.988753130842
G049.501-00.524,W51,49.501,-0.524,252,5.4,6.5,-49.0,24.7,6.597344572538565,3,610.0899999999999,0.112611715453411,3,5417.642361130734,1805.8807870435778
G049.484-00.391,G049.486-00.381; W51,49.485,-0.39,109,5.4,6.5,-36.0,30.2,2.8536133270107285,2,912.04,0.12280680406079358,2,7426.624338733779,3713.3121693668895
G049.489-00.378,G049.486-00.381; W51,49.49,-0.377,16,5.4,6.5,-35.0,30.2,0.41887902047863906,2,912.04,0.12362825120261035,2,7377.278179768854,3688.639089884427
G049.592-00.456,G049.588-00.456; W51,49.593,-0.455,127,5.4,6.5,-42.0,37.5,3.324852225049198,1,1406.25,0.11799148039765911,1,11918.233378042261,11918.233378042261
G049.582-00.384,G049.582-00.381; W51,49.583,-0.383,60,5.4,6.5,-36.0,30.3,1.5707963267948966,1,918.09,0.12280680406079358,1,7475.888710087383,7475.888710087383
G049.690-00.166,G049.704-00.172; W51,49.691,-0.166,178,5.4,6.5,-15.0,31.5,4.66002910282486,1,992.25,0.1412614490325242,1,7024.209413082994,7024.209413082994
G050.038-00.274,G050.039-00.274,50.039,-0.274,82,5.5,6.5,-26.0,22.7,2.186509701804007,1,515.29,0.13127299531242198,1,3925.3313202280497,3925.3313202280497
G050.137-00.660,G050.125-00.670,50.137,-0.659,239,5.4,6.5,-62.0,20.4,6.257005368399671,1,416.15999999999997,0.1032629955184102,1,4030.0980802537833,4030.0980802537833
G050.262-00.409,G050.280-00.390,50.263,-0.409,63,10.2,8.1,-73.0,23.9,3.115412714809878,1,571.2099999999999,0.0607521758493674,1,9402.296987951384,9402.296987951384
G050.287-00.392,G050.280-00.390,50.288,-0.391,80,10.2,8.1,-69.0,23.9,3.9560796378538137,1,571.2099999999999,0.0623940279394325,1,9154.882588354261,9154.882588354261
G050.317-00.421,G050.280-00.390,50.317,-0.42,91,10.2,8.1,-74.0,23.9,4.500040588058713,1,571.2099999999999,0.06034850839694323,1,9465.188372889972,9465.188372889972
G049.997-00.130,G049.998-00.125,49.997,-0.129,102,5.5,6.6,-12.0,20.4,2.7198047510244967,1,416.15999999999997,0.140055811013774,1,2971.3868848974216,2971.3868848974216
G049.997-00.087,G050.024-00.076,49.998,-0.086,330,5.5,6.5,-8.0,16.4,8.799368312138078,1,268.96,0.14800988891214992,1,1817.1758791038553,1817.1758791038553
G049.828+00.366,G049.828+00.366,49.828,0.366,66,10.8,8.4,69.0,22.0,3.4557519189487724,2,484.0,0.05726876026546736,2,8451.379037304714,4225.689518652357
G049.840+00.367,G049.828+00.366,49.84,0.368,43,10.8,8.4,69.0,22.0,2.251474735072685,2,484.0,0.05726876026546736,2,8451.379037304714,4225.689518652357
G050.079+00.571,G050.079+00.571,50.079,0.571,107,11.2,8.7,111.0,18.3,5.810007154416679,1,334.89000000000004,0.039727394728747895,1,8429.699513058276,8429.699513058276
G050.298+00.674,G050.320+00.680,50.298,0.674,71,8.9,7.4,105.0,21.1,3.0635376509311576,1,445.21000000000004,0.05994752311038173,1,7426.662135485269,7426.662135485269
G050.489+00.992,G050.489+00.993,50.489,0.993,161,5.4,6.6,93.0,25.9,4.214970143566306,1,670.81,0.08161727910309859,1,8218.970386805418,8218.970386805418
G051.401-00.890,G051.402-00.890,51.401,-0.89,97,5.3,6.6,-82.0,20.5,2.4924271345841245,1,420.25,0.08782747041580356,1,4784.949378712617,4784.949378712617
G052.537-00.946,G052.537-00.943,52.538,-0.946,151,5.2,6.7,-85.0,16.2,3.8067570240720765,1,262.44,0.08366350810598422,1,3136.851489272279,3136.851489272279
G052.398-00.591,G052.397-00.580,52.398,-0.59,103,5.2,6.7,-53.0,27.4,2.5966620760226746,1,750.7599999999999,0.10355845453177509,1,7249.625377227336,7249.625377227336
G050.785+00.167,G050.785+00.168,50.785,0.168,60,5.4,6.7,15.0,25.8,1.5707963267948966,1,665.64,0.13341566624390258,1,4989.219172980154,4989.219172980154
G051.010+00.060,G050.857+00.081,51.01,0.06,999,7.2,6.9,7.0,17.8,34.8716784548467,1,316.84000000000003,0.13290838295416257,1,2383.8977870137187,2383.8977870137187
G051.681-00.256,G051.681-00.256,51.681,-0.256,120,5.3,6.7,-23.0,18.6,3.0834150118566486,1,345.96000000000004,0.12648658199591464,1,2735.1517808519334,2735.1517808519334
G051.831+00.462,G051.828+00.461,51.831,0.463,122,10.3,8.4,83.0,27.0,6.092168716822428,1,729.0,0.05216553071526624,1,13974.745200601557,13974.745200601557
G051.760+00.790,G051.762+00.794,51.76,0.791,103,10.5,8.5,144.0,22.3,5.243259961199631,1,497.29,0.033756866565280354,1,14731.521334728182,14731.521334728182
G051.779+00.713,G051.779+00.713,51.779,0.714,73,10.7,8.5,132.0,19.5,3.7868796631465855,1,380.25,0.0365683769953974,1,10398.328589968849,10398.328589968849
G052.160+00.708,G052.160+00.706,52.16,0.708,67,10.0,8.2,123.0,25.7,3.2482516634338907,1,660.49,0.04230469767891181,1,15612.686917491987,15612.686917491987
G052.201+00.752,G052.201+00.752,52.201,0.752,76,9.9,8.2,130.0,19.0,3.6477381366681487,1,361.0,0.04037583528322871,1,8940.99149819823,8940.99149819823
G052.256+00.702,G052.259+00.700,52.256,0.703,120,10.0,8.3,122.0,20.0,5.817764173314432,1,400.0,0.04138809893720218,1,9664.613989806989,9664.613989806989
G052.232+00.735,G052.230+00.740,52.232,0.735,87,10.9,8.8,139.0,21.4,4.597488137961729,1,457.9599999999999,0.032034162069502464,1,14295.988108145097,14295.988108145097
G052.098+01.042,G052.098+01.042,52.098,1.042,122,4.0,6.8,72.0,29.6,2.3658907638145354,1,876.1600000000001,0.08866791829517855,1,9881.36427296323,9881.36427296323
G052.980+00.133,G052.993+00.132,52.981,0.134,152,10.3,8.5,24.0,18.3,7.590242991450895,1,334.89000000000004,0.07512728815869038,1,4457.63461197503,4457.63461197503
G052.750+00.334,G052.753+00.335,52.751,0.335,60,9.1,7.9,53.0,34.9,2.6470826988580662,1,1218.01,0.07349953564957276,1,16571.669320567744,16571.669320567744
G052.766+00.333,G052.753+00.335,52.767,0.334,59,9.1,7.9,53.0,34.9,2.6029646538770983,1,1218.01,0.07349953564957276,1,16571.669320567744,16571.669320567744
G053.095+00.212,G053.089+00.257,53.095,0.212,321,10.3,8.5,38.0,21.9,16.029394738524587,1,479.60999999999996,0.06843268196884614,1,7008.493401125818,7008.493401125818
G053.184+00.155,G053.184+00.155,53.184,0.155,149,9.7,8.2,26.0,29.5,7.007012133076123,1,870.25,0.08076670411311387,1,10774.860873129275,10774.860873129275
G053.188+00.209,G053.187+00.209,53.188,0.21,53,10.0,8.4,36.0,23.1,2.569512509880541,1,533.61,0.07136126955638607,1,7477.5855771227325,7477.5855771227325
G053.644+00.014,G053.630+00.020,53.645,0.015,98,7.5,7.3,1.0,31.9,3.5633805561550895,1,1017.6099999999999,0.12339299294597851,1,8246.902645805098,8246.902645805098
G053.822-00.057,G053.822-00.057,53.822,-0.057,69,5.0,6.9,-4.0,21.5,1.672607199827899,1,462.25,0.1355933103906259,1,3409.0914859171194,3409.0914859171194
G053.958+00.032,G053.958+00.032,53.958,0.032,72,5.0,7.0,2.0,29.6,1.7453292519943293,1,876.1600000000001,0.13354278930836644,1,6560.893362627321,6560.893362627321
G054.490+00.930,G054.471+00.950,54.491,0.93,245,7.3,7.3,118.0,19.0,8.67089268664405,1,361.0,0.0565640897193796,1,6382.141068493437,6382.141068493437
G286.439-01.496,G286.417-01.476,286.439,-1.495,89,9.2,10.6,-239.0,26.0,3.969654420924881,1,676.0,0.009834046692804582,1,68740.7759101468,68740.7759101468
G286.412-01.468,G286.417-01.476,286.412,-1.467,89,9.2,10.6,-235.0,26.0,3.969654420924881,1,676.0,0.010099815776638096,1,66931.91390318792,66931.91390318792
G286.391-01.351,G286.401-01.346,286.391,-1.351,189,9.2,10.6,-216.0,24.0,8.429940287132611,1,576.0,0.011463680845362452,1,50245.641672152495,50245.641672152495
G284.636-00.497,G284.650-00.484,284.636,-0.496,204,5.4,8.8,-46.0,14.0,5.340707511102648,1,196.0,0.059549202168048584,1,3291.3959022806985,3291.3959022806985
G269.454-01.468,G269.467-01.480,269.454,-1.468,195,9.7,12.9,-247.0,23.0,9.170250778186873,1,529.0,0.004832550231686354,1,109466.01165807263,109466.01165807263
G269.068-01.114,G269.133-01.137,269.068,-1.113,290,3.6,9.3,-69.0,18.0,5.061454830783555,1,324.0,0.0442835121631488,1,7316.492847412893,7316.492847412893
G296.660-00.925,G296.593-00.975,296.66,-0.924,540,10.2,9.9,-164.0,21.0,26.70353755551324,1,441.0,0.0198033381530263,1,22268.972866708707,22268.972866708707
G295.163-00.675,G295.144-00.628,295.163,-0.674,705,11.1,10.8,-130.0,28.0,37.93909461522674,1,784.0,0.019208911780880213,1,40814.38912017715,40814.38912017715
G295.015-01.861,G294.837-01.775,295.015,-1.86,1113,3.6,7.9,-116.0,22.0,19.425514574696887,1,484.0,0.04829263615643517,1,10022.231928531928,10022.231928531928
G293.613-01.291,G293.600-01.280; RCW60,293.613,-1.29,606,3.4,7.8,-76.0,15.0,9.989101085580879,1,225.0,0.06487855798905022,1,3468.0178933381044,3468.0178933381044
G293.024-01.029,G293.027-01.031,293.024,-1.029,162,13.7,13.0,-246.0,16.0,10.759954838545042,1,256.0,0.00472784532408409,1,54147.2874960422,54147.2874960422
G294.793-01.330,G295.060-01.650; RCW62,294.793,-1.33,1650,3.6,7.7,-82.0,24.0,28.797932657906443,1,576.0,0.06414130962712655,1,8980.172112924849,8980.172112924849
G295.728-00.215,G295.760-00.200,295.728,-0.214,759,9.3,9.5,-34.0,35.0,34.221543308478815,1,1225.0,0.052815404393043976,1,23193.99073201715,23193.99073201715
G291.947-00.910,G291.910-00.980,291.947,-0.91,920,8.2,9.3,-129.0,22.0,36.574344102903396,1,484.0,0.02968412591182169,1,16305.01101624984,16305.01101624984
G291.863-00.682,G291.858-00.675,291.863,-0.682,155,9.1,9.9,-108.0,25.0,6.838296972050005,1,625.0,0.028765704178564812,1,21727.26230236797,21727.26230236797
G291.030-00.785,G291.059-00.770,291.03,-0.784,266,8.2,9.4,-111.0,23.0,10.574756012361199,1,529.0,0.03252603980409399,1,16263.892044226539,16263.892044226539
G291.281-00.726,G291.284-00.713,291.281,-0.725,446,3.1,7.9,-39.0,35.0,6.7030339550204445,1,1225.0,0.08068982005979523,1,15181.592908401743,15181.592908401743
G291.614-00.525,G291.614-00.525,291.614,-0.525,1125,7.7,9.1,-70.0,49.0,41.99698512611355,1,2401.0,0.046576150222383414,1,51549.98832097839,51549.98832097839
G291.467-00.143,G291.466-00.128,291.467,-0.142,304,7.2,8.9,-17.0,23.0,10.611601852125522,1,529.0,0.0702151993667541,1,7533.981314172184,7533.981314172184
G291.214-00.246,G291.205-00.267,291.214,-0.245,245,7.4,9.0,-31.0,27.0,8.789672038515887,1,729.0,0.062156788575837923,1,11728.405162222018,11728.405162222018
G290.714+00.244,G290.646+00.256,290.714,0.244,588,3.0,8.0,12.0,23.0,8.552113334772216,1,529.0,0.09388221768631179,1,5634.719897303078,5634.719897303078
G289.880-00.801,G289.878-00.792,289.88,-0.8,115,8.4,9.7,-117.0,27.0,4.683300159518118,1,729.0,0.0286836337516376,1,25415.189941141263,25415.189941141263
G289.806-01.242,G289.755-01.152,289.806,-1.242,1088,8.4,9.7,-181.0,29.0,44.308091943962715,1,841.0,0.018721264950092874,1,44922.17818838293,44922.17818838293
G289.077-00.346,G289.063-00.355,289.077,-0.345,396,7.9,9.5,-47.0,23.0,15.166911199830725,1,529.0,0.048430812417543406,1,10922.798392049623,10922.798392049623
G287.814-00.817,G287.782-00.819,287.814,-0.817,80,2.6,8.1,-37.0,38.8,1.0084124567078347,1,1505.4399999999998,0.07723115192868486,1,19492.652412981242,19492.652412981242
G287.524-00.735,G287.393-00.630,287.524,-0.735,2283,2.6,8.1,-32.0,28.0,28.77757048329984,1,784.0,0.07984891059009173,1,9818.543474246031,9818.543474246031
G287.247+00.355,G287.247+00.355,287.247,0.355,333,2.5,8.1,15.0,32.0,4.036073895236887,1,1024.0,0.0894311955384883,1,11450.143250732945,11450.143250732945
G286.260-00.155,G286.195-00.163,286.26,-0.154,622,2.4,8.2,-6.0,26.0,7.237298631603152,1,676.0,0.09228652468683224,1,7325.0130752453615,7325.0130752453615
G284.712+00.317,G284.723+00.313,284.712,0.318,201,6.0,9.1,33.0,36.0,5.846852994181004,1,1296.0,0.059605942708939354,1,21742.798471093276,21742.798471093276
G254.682+00.220,G254.676+00.229,254.683,0.221,385,7.2,12.5,27.0,37.0,13.439035240356338,1,1369.0,0.023484173062491263,1,58294.57977324124,58294.57977324124
G253.694-00.414,G253.588-00.188; RCW19,253.694,-0.414,1540,4.1,10.4,-29.0,19.3,30.611135825256103,1,372.49,0.042224193996893616,1,8821.719605290835,8821.719605290835
G243.244+00.406,G243.159+00.372; S311; RCW16,243.244,0.407,941,5.6,12.1,39.0,20.7,25.547741739748105,1,428.48999999999995,0.024303306762247425,1,17630.93410258118,17630.93410258118
G234.644+00.834,S307,234.644,0.835,130,3.5,10.9,51.0,42.9,2.205902249048389,1,1840.4099999999999,0.03160987477624985,1,58222.62862562163,58222.62862562163
G234.576+00.833,S307,234.576,0.834,196,3.5,10.9,51.0,42.9,3.3258218524114165,1,1840.4099999999999,0.03160987477624985,1,58222.62862562163,58222.62862562163
G305.322-00.255,G305.173-00.368,305.322,-0.255,808,4.9,6.9,-21.0,36.0,19.19474326248875,1,1296.0,0.12106489299179794,1,10705.0026475289,10705.0026475289
G305.558+00.011,G305.551-00.005,305.558,0.012,121,4.9,6.9,1.0,28.0,2.8744603152984394,1,784.0,0.13833247695918038,1,5667.5049650946785,5667.5049650946785
G305.789+00.138,G305.787+00.140,305.789,0.138,321,5.0,6.9,11.0,17.0,7.781259581808052,1,289.0,0.12941099845203854,1,2233.195041046741,2233.195041046741
G305.363+00.150,G305.363+00.179,305.363,0.151,101,4.9,7.1,12.0,34.0,2.3993429078110937,2,1156.0,0.12141128729942878,2,9521.355268633568,4760.677634316784
G305.233+00.110,G305.202+00.022,305.233,0.11,678,4.9,7.0,9.0,36.0,16.106480113821004,1,1296.0,0.12745396989482075,1,10168.376874172709,10168.376874172709
G305.362+00.197,G305.363+00.179,305.362,0.198,102,4.9,7.1,16.0,34.0,2.423098778185461,2,1156.0,0.1182164402540743,2,9778.673740433143,4889.336870216572
G305.272+00.164,G305.254+00.204,305.272,0.165,90,4.9,7.0,14.0,34.0,2.138028333693054,1,1156.0,0.1232755317526195,1,9377.367783898737,9377.367783898737
G305.224+00.212,G305.254+00.204,305.224,0.213,121,4.9,7.0,18.0,34.0,2.8744603152984394,1,1156.0,0.12003162851145674,1,9630.794935766971,9630.794935766971
G305.261+00.243,G305.254+00.204,305.261,0.244,125,4.9,7.0,20.0,34.0,2.969483796795908,1,1156.0,0.1184418290138037,1,9760.065423046404,9760.065423046404
G305.535+00.357,G305.537+00.338,305.536,0.358,128,4.9,7.0,30.0,30.0,3.04075140791901,1,900.0,0.11080315836233388,1,8122.512149490709,8122.512149490709
G303.116-00.971,G303.115-00.947,303.116,-0.971,119,11.8,10.1,-200.0,25.0,6.807753710140104,1,625.0,0.014712649882122706,1,42480.45083703348,42480.45083703348
G303.445-00.745,G303.500-00.700,303.445,-0.744,435,12.5,10.5,-161.0,35.0,26.36174391033102,1,1225.0,0.017020558648178922,1,71971.78572814155,71971.78572814155
G302.503-00.762,G302.504-00.749,302.503,-0.762,251,12.1,10.4,-161.0,18.0,14.724276308977718,2,324.0,0.017513874129439482,2,18499.619079446322,9249.809539723161
G302.582-00.083,G302.504-00.749,302.582,-0.083,470,12.2,10.4,-17.0,18.0,27.799216474820792,2,324.0,0.04574092329983347,2,7083.372538769448,3541.686269384724
G302.631+00.030,G302.690+00.190,302.631,0.03,860,4.6,7.3,2.0,33.0,19.17922922469324,1,1089.0,0.12257310897617638,1,8884.493581799095,8884.493581799095
G309.540-00.720,G309.548-00.737,309.54,-0.72,195,5.4,6.8,-67.0,30.0,5.105088062083413,1,900.0,0.09167332745080592,1,9817.46845049299,9817.46845049299
G310.168-00.132,G310.176-00.131,310.168,-0.131,244,11.5,8.8,-26.0,26.0,13.603871891933577,1,676.0,0.06804275321506496,1,9934.930144042593,9934.930144042593
G308.079-00.406,G308.092-00.432,308.079,-0.405,131,9.3,7.8,-65.0,30.0,5.906485076957477,1,900.0,0.06981511384624162,1,12891.19146868583,12891.19146868583
G309.075+00.172,G309.057+00.186,309.075,0.172,489,5.4,6.7,16.0,29.0,12.801990063378408,1,841.0,0.13252918668406458,1,6345.771984588227,6345.771984588227
G309.917+00.342,G309.905+00.373,309.917,0.343,376,5.5,6.5,32.0,25.0,10.025946925345204,2,625.0,0.12612570754206748,2,4955.373588620226,2477.686794310113
G309.896+00.393,G309.905+00.373,309.896,0.393,162,5.4,6.5,37.0,25.0,4.241150082346221,2,625.0,0.12199081501937241,2,5123.336538908677,2561.6682694543383
G308.713+00.646,G308.647+00.579; RCW79,308.713,0.646,477,5.3,6.6,59.0,33.0,12.25657467213018,1,1089.0,0.10238166664786776,1,10636.669978674156,10636.669978674156
G311.639-00.627,G311.619-00.599,311.639,-0.627,262,14.4,10.8,-157.0,24.0,18.291050560900576,1,576.0,0.01604463180419629,1,35899.85778603868,35899.85778603868
G311.501-00.465,G311.497-00.483,311.501,-0.464,226,5.6,6.6,-45.0,19.0,6.135801948122286,1,361.0,0.11239742110243399,1,3211.8174639523154,3211.8174639523154
G311.866-00.238,G311.852-00.222,311.866,-0.237,61,5.7,6.4,-23.0,31.0,1.6856971692178564,2,961.0,0.13780649859422991,2,6973.546311699396,3486.773155849698
G311.841-00.219,G311.852-00.222,311.841,-0.218,58,5.7,6.4,-21.0,31.0,1.6027940297481262,2,961.0,0.13965622266606015,2,6881.182819170909,3440.5914095854546
G311.893+00.086,G311.894+00.100,311.893,0.087,186,5.7,6.6,8.0,25.0,5.1399946471233,1,625.0,0.14384087587480685,1,4345.079214784358,4345.079214784358
G311.138-00.278,G311.114-00.270,311.138,-0.278,355,14.7,11.1,-71.0,31.0,25.300001948701137,1,961.0,0.02612762997767833,1,36780.9862900314,36780.9862900314
G310.983+00.404,G310.994+00.389; RCW82,310.983,0.405,276,5.6,6.5,39.0,35.0,7.493280255228988,1,1225.0,0.12037506641343251,1,10176.526057254194,10176.526057254194
G311.629+00.289,G311.627+00.270,311.629,0.29,29,5.6,6.4,28.0,45.0,0.7873374181218865,2,2025.0,0.1332886641913901,2,15192.589799626836,7596.294899813418
G311.621+00.295,G311.627+00.270,311.621,0.296,32,5.6,6.4,29.0,45.0,0.8687861165482885,2,2025.0,0.13240302849589558,2,15294.212096234443,7647.106048117222
G311.919+00.204,G311.922+00.229,311.919,0.205,156,7.9,6.7,28.0,26.0,5.974843805993921,1,676.0,0.12233985860138606,1,5525.590823204869,5525.590823204869
G312.110+00.311,G312.112+00.314,312.11,0.311,105,5.7,6.6,30.0,36.0,2.901609881440573,1,1296.0,0.12421836106911213,1,10433.24021381136,10433.24021381136
G311.484+00.361,G311.489+00.368,311.484,0.361,81,5.6,6.4,35.0,24.0,2.199114857512855,1,576.0,0.12721143149064057,1,4527.89496392373,4527.89496392373
G311.489+00.394,G311.489+00.368,311.489,0.394,185,5.6,6.4,38.0,24.0,5.022669736294792,1,576.0,0.12469247637657908,1,4619.364509695388,4619.364509695388
G313.460+00.192,G313.446+00.176,313.46,0.192,85,11.5,8.4,38.0,29.0,4.739053732845715,1,841.0,0.07041610108787864,1,11943.291193450767,11943.291193450767
G314.078+00.483,G314.098+00.480,314.078,0.484,351,5.9,6.1,49.0,24.0,10.04000652209738,1,576.0,0.1262458844815665,1,4562.524967569167,4562.524967569167
G311.216+00.762,G311.197+00.752,311.216,0.763,346,5.6,6.4,74.0,20.0,9.39374988517837,1,400.0,0.09808657598320016,1,4078.030005538273,4078.030005538273
G306.321-00.358,G306.315-00.361,306.321,-0.358,104,8.9,7.9,-55.0,32.0,4.487435432349866,1,1024.0,0.07252604619264792,1,14119.065546190004,14119.065546190004
G305.689+01.612,G305.678+01.607,305.689,1.613,224,5.0,6.9,139.0,17.0,5.429913228426804,1,289.0,0.05512812606861821,1,5242.333099446923,5242.333099446923
G320.104-00.511,G320.109-00.510,320.104,-0.51,259,12.2,7.9,-108.0,31.0,15.319142695699115,1,961.0,0.05093816376264542,1,18866.01182716233,18866.01182716233
G321.115-00.546,G321.105-00.549,321.115,-0.546,251,3.8,6.1,-35.0,35.0,4.624152890422755,1,1225.0,0.1385962184941574,1,8838.624987821298,8838.624987821298
G321.015-00.527,G321.038-00.519,321.015,-0.526,242,4.1,5.9,-37.0,38.0,4.810321343968816,1,1444.0,0.14480301862632156,1,9972.167802153243,9972.167802153243
G316.141-00.506,G316.156-00.492,316.141,-0.506,112,6.1,6.1,-54.0,18.0,3.31224706934035,1,324.0,0.12210705209016254,1,2653.40940145506,2653.40940145506
G316.369-00.368,G316.393-00.356,316.369,-0.368,244,12.7,8.8,-81.0,33.0,15.023406350222299,1,1089.0,0.047156391880557334,1,23093.369882037066,23093.369882037066
G315.312-00.272,G315.312-00.273,315.312,-0.271,115,13.6,9.7,-64.0,23.0,7.582485972553143,1,529.0,0.04083992026367118,1,12953.012556945849,12953.012556945849
G314.184+00.265,G314.183+00.314,314.184,0.266,258,5.9,6.1,27.0,23.0,7.379833853849356,1,529.0,0.1461886829219619,1,3618.611163508392,3618.611163508392
G314.239+00.428,G314.228+00.437,314.239,0.429,130,5.9,6.1,44.0,30.0,3.7185209341101415,1,900.0,0.1305250030666908,1,6895.230636693811,6895.230636693811
G316.796-00.056,G316.808-00.037,316.796,-0.056,311,2.5,6.9,-2.0,30.0,3.769426370626642,1,900.0,0.1374133276812995,1,6549.583036715008,6549.583036715008
G319.164-00.421,G319.157-00.423,319.164,-0.42,92,11.4,7.4,-83.0,29.0,5.084725887476813,1,841.0,0.06941730800911916,1,12115.134166388592,12115.134166388592
G318.915-00.165,G318.911-00.181,318.915,-0.165,96,10.8,7.1,-31.0,30.0,5.026548245743669,1,900.0,0.10696665856889886,1,8413.836722966309,8413.836722966309
G319.348+00.018,G319.380-00.025,319.348,0.018,131,12.0,7.8,3.0,18.0,7.621271067041906,1,324.0,0.10554990248412882,1,3069.6380799472436,3069.6380799472436
G320.311-00.176,G320.317-00.208,320.311,-0.176,91,12.4,8.0,-38.0,26.0,5.470637577640004,1,676.0,0.07894154642605052,1,8563.29816940249,8563.29816940249
G320.357+00.153,G320.379+00.139,320.357,0.154,69,13.0,8.4,34.0,22.0,4.348778719552538,1,484.0,0.07231912466076311,1,6692.558880798998,6692.558880798998
G320.248+00.442,G320.236+00.417; RCW88,320.248,0.442,324,2.1,7.0,16.0,17.0,3.2986722862692828,1,289.0,0.12164276728142416,1,2375.8091537936643,2375.8091537936643
G320.692+00.185,G320.706+00.197,320.692,0.186,341,12.8,8.2,41.0,32.0,21.161147553069025,1,1024.0,0.07308073601298427,1,14011.900479738815,14011.900479738815
G319.884+00.793,G319.874+00.770,319.884,0.794,202,2.6,6.7,35.0,20.0,2.546241453187283,1,400.0,0.11676183143900234,1,3425.7770289340174,3425.7770289340174
G320.163+00.797,G320.153+00.780; RCW87,320.163,0.797,186,2.4,6.8,33.0,26.0,2.1642082724729685,1,676.0,0.11499609095903948,1,5878.460688205348,5878.460688205348
G324.924-00.569,G324.954-00.584,324.924,-0.569,78,16.6,10.8,-165.0,25.0,6.277367543006272,1,625.0,0.015211336819962729,1,41087.776005313084,41087.776005313084
G324.201+00.117,G324.192+00.109,324.201,0.118,156,6.9,5.0,14.0,32.0,5.218534463463045,1,1024.0,0.21829568938629829,1,4690.885114950296,4690.885114950296
G324.135+00.236,G324.147+00.231,324.135,0.237,386,6.9,5.0,28.0,22.0,12.912527582671382,1,484.0,0.19884332115632938,1,2434.077228168414,2434.077228168414
G327.285-00.576,G327.313-00.536; RCW97,327.285,-0.576,45,3.2,6.1,-32.0,29.0,0.6981317007977318,1,841.0,0.14139604783038043,1,5947.832438774164,5947.832438774164
G327.300-00.548,G327.313-00.536,327.3,-0.547,276,3.2,6.1,-30.0,29.0,4.281874431559421,1,841.0,0.14329395305256898,1,5869.0543605246885,5869.0543605246885
G327.770-00.346,G327.759-00.351,327.77,-0.345,122,4.6,5.2,-27.0,27.0,2.7207743783867158,1,729.0,0.189055570049143,1,3856.009107853866,3856.009107853866
G327.824+00.117,G327.834+00.113,327.824,0.118,236,7.2,4.5,14.0,22.0,8.237954069413234,1,484.0,0.25181826581252914,1,1922.0210195567106,1922.0210195567106
G326.270+00.783,G326.315+00.689; RCW94,326.27,0.784,949,3.0,6.2,41.0,15.0,13.802645501188488,1,225.0,0.12941099845203852,1,1738.6466582543837,1738.6466582543837
G326.446+00.901,G326.441+00.914,326.446,0.902,178,2.7,6.5,41.0,27.0,2.33001455141243,1,729.0,0.11878071813633852,1,6137.359762072169,6137.359762072169
G326.643+00.514,G326.645+00.589; RCW95,326.643,0.515,524,3.0,6.3,26.0,27.0,7.621271067041906,1,729.0,0.13899277392785184,1,5244.876977406093,5244.876977406093
G322.162+00.625,G322.153+00.613; RCW92,322.162,0.626,174,3.5,6.1,37.0,35.0,2.952515317957074,1,1225.0,0.13676053400606775,1,8957.262480019635,8957.262480019635
G330.290-00.395,G330.305-00.385,330.29,-0.394,147,10.0,5.0,-69.0,34.0,7.12676111231018,1,1156.0,0.1512877799344774,1,7641.066585157523,7641.066585157523
G331.123-00.530,G331.110-00.506,331.123,-0.529,143,4.3,5.2,-39.0,31.0,2.981119325142537,1,961.0,0.17452028708780756,1,5506.523144306344,5506.523144306344
G331.338-00.365,G331.314-00.336,331.338,-0.365,208,4.1,5.3,-26.0,50.0,4.134491072502123,1,2500.0,0.18495937962283446,1,13516.481321995949,13516.481321995949
G330.673-00.388,G330.677-00.396,330.673,-0.388,113,4.0,5.4,-26.0,28.0,2.1913578386151022,1,784.0,0.1797496056631758,1,4361.622920436889,4361.622920436889
G330.873-00.369,G330.856-00.371,330.873,-0.368,98,3.7,5.6,-23.0,30.0,1.7579344077031773,1,900.0,0.17319566131128858,1,5196.435021443229,5196.435021443229
G332.849-01.498,G332.783-01.445; RCW104,332.849,-1.498,496,2.9,6.0,-76.0,30.0,6.973559989079566,1,900.0,0.10850572081865664,1,8294.493536466629,8294.493536466629
G332.145-00.452,G332.148-00.446,332.145,-0.451,236,3.7,5.5,-28.0,39.0,4.233393063448467,1,1521.0,0.17237288062334968,1,8823.893842811169,8823.893842811169
G332.657-00.622,G332.662-00.607,332.657,-0.622,218,3.3,5.8,-35.0,25.0,3.4877496219020014,1,625.0,0.15099988700538666,1,4139.075944988649,4139.075944988649
G332.762-00.595,G332.789-00.564,332.762,-0.595,411,3.8,5.4,-39.0,29.0,7.571820071568734,1,841.0,0.1648272797310477,1,5102.3107423254105,5102.3107423254105
G331.520-00.076,G331.517-00.069,331.52,-0.075,153,5.4,4.6,-7.0,29.0,4.005530633326987,1,841.0,0.256416454480864,1,3279.8207186144627,3279.8207186144627
G333.288-00.399,G333.292-00.371,333.288,-0.398,86,3.4,5.6,-23.0,31.0,1.4175952035642831,1,961.0,0.17319566131128858,1,5548.637839563269,5548.637839563269
G333.011-00.441,G333.028-00.447,333.011,-0.441,137,3.6,5.5,-28.0,29.2,2.3911010752322315,1,852.64,0.17237288062334968,1,4946.485763402048,4946.485763402048
G333.129-00.439,G333.114-00.441,333.129,-0.439,112,3.5,5.6,-27.0,27.0,1.9004696299493813,1,729.0,0.16863814726859552,1,4322.865329152945,4322.865329152945
G333.627-00.199,G333.610-00.208,333.627,-0.198,270,3.2,5.8,-11.0,42.0,4.1887902047863905,1,1764.0,0.17720000891935625,1,9954.852772060507,9954.852772060507
G333.681-00.441,G333.684-00.457,333.681,-0.44,65,11.8,5.6,-90.0,43.0,3.7185209341101415,1,1849.0,0.11080315836233391,1,16687.249960453686,16687.249960453686
G332.964+00.771,G332.978+00.792,332.964,0.771,72,3.5,5.6,47.0,24.0,1.2217304763960306,1,576.0,0.1475876070623101,1,3902.766712362361,3902.766712362361
G340.051-00.231,G340.047-00.253,340.051,-0.231,74,3.9,5.0,-15.0,24.0,1.399172283682121,1,576.0,0.21684522504361806,1,2656.272462924367,2656.272462924367
G340.294-00.193,G340.279-00.222,340.294,-0.192,230,3.5,5.4,-11.0,24.0,3.9027501329317644,1,576.0,0.1986540367145076,1,2899.5131915078523,2899.5131915078523
G334.721-00.653,G334.714-00.665,334.721,-0.652,105,17.5,10.5,-199.0,36.0,8.908451390387723,1,1296.0,0.01321151254943723,1,98096.26226750287,98096.26226750287
G336.515-01.479,G336.514-01.477; RCW108,336.515,-1.479,162,2.1,6.6,-53.0,20.0,1.6493361431346414,1,400.0,0.10655994172687425,1,3753.755806522937,3753.755806522937
G336.358-00.137,G336.375-00.131,336.358,-0.137,105,10.2,4.2,-24.0,34.0,5.192354524683131,1,1156.0,0.25666077695355594,1,4503.999456875267,4503.999456875267
G336.539-00.198,G336.489-00.154,336.539,-0.197,105,10.4,4.3,-35.0,23.0,5.294165397716133,1,529.0,0.23179434094368548,1,2282.1954921173883,2282.1954921173883
G336.455+00.042,G336.456+00.038,336.455,0.043,197,11.4,4.9,8.0,38.0,10.887945650357958,1,1444.0,0.23378968885499324,1,6176.491388786752,6176.491388786752
G336.919-00.188,G336.934-00.146,336.919,-0.187,191,10.8,4.5,-35.0,24.1,10.000736613927508,1,580.8100000000001,0.21892028320796778,1,2653.066182306405,2653.066182306405
G337.120-00.180,G337.147-00.181,337.121,-0.179,147,10.9,4.5,-34.0,39.0,7.768169612418096,1,1521.0,0.2203846274867903,1,6901.57030163625,6901.57030163625
G334.698-00.090,G334.684-00.107,334.698,-0.09,157,12.9,6.4,-20.0,25.0,9.818931483511431,1,625.0,0.1405903745302286,1,4445.539049799015,4445.539049799015
G337.922-00.463,G337.949-00.476,337.922,-0.462,108,3.1,5.7,-25.0,37.0,1.6231562043547263,1,1369.0,0.1660879028999667,1,8242.623189869144,8242.623189869144
G338.114-00.193,G338.131-00.173,338.114,-0.193,271,11.9,5.1,-40.0,19.0,15.634756402101425,1,361.0,0.17838528885534946,1,2023.709479164118,2023.709479164118
G338.075+00.016,G338.087+00.007,338.075,0.016,75,12.2,5.4,3.0,25.0,4.436045182152254,1,625.0,0.20953653930788285,1,2982.7733247119027,2982.7733247119027
G338.405-00.203,G338.407-00.238,338.405,-0.203,63,16.2,8.9,-57.0,20.0,4.948008429403924,1,400.0,0.053779810978920504,1,7437.735327050214,7437.735327050214
G337.652-00.050,G337.665-00.048,337.652,-0.05,197,11.8,5.1,-10.0,29.0,11.269978831072272,1,841.0,0.21788028382312244,1,3859.9178651829407,3859.9178651829407
G338.706+00.645,G338.742+00.641,338.706,0.646,181,4.3,4.7,48.0,30.0,3.7733048800755182,1,900.0,0.18959650121153504,1,4746.923040504104,4746.923040504104
G339.134-00.377,G339.128-00.408,339.134,-0.377,257,3.0,5.8,-19.0,22.0,3.737913481354522,1,484.0,0.16799693835714968,1,2881.0048845714678,2881.0048845714678
G338.934-00.067,G338.921-00.089,338.934,-0.067,241,3.2,5.6,-3.0,22.0,3.738883108716742,1,484.0,0.1978986990836147,1,2445.6957132169114,2445.6957132169114
G339.233+00.243,G339.286+00.163,339.233,0.244,484,11.2,4.4,47.0,28.0,26.28078002558573,1,784.0,0.20794613680671017,1,3770.2070932375277,3770.2070932375277
G339.585-00.104,G339.578-00.124,339.585,-0.104,300,13.3,6.1,-24.0,24.0,19.344065876270484,1,576.0,0.14914189021373206,1,3862.0940044044414,3862.0940044044414
G339.845+00.299,G339.838+00.274,339.845,0.3,97,14.2,6.8,74.0,22.0,6.677823643602749,1,484.0,0.08749352606446612,1,5531.837860133604,5531.837860133604
G338.911+00.615,G338.943+00.604,338.911,0.616,226,4.4,4.7,46.0,26.0,4.820987244953225,1,676.0,0.19214138273601522,1,3518.2426105924433,3518.2426105924433
G340.780-01.022,G340.777-01.008; RCW110,340.78,-1.022,128,2.3,6.3,-41.0,35.0,1.427291477186474,1,1225.0,0.12576586268653328,1,9740.322006562836,9740.322006562836
G341.283-00.353,G341.264-00.317,341.283,-0.352,146,3.3,5.5,-20.0,26.0,2.3358323155857446,1,676.0,0.18181567046762054,1,3718.0513553169694,3718.0513553169694
G341.968+00.224,G341.963+00.205,341.968,0.225,99,15.3,7.7,60.0,30.0,7.343472827766142,1,900.0,0.07427357821433388,1,12117.364231501522,12117.364231501522
G342.354-00.047,G342.382-00.044,342.354,-0.046,123,14.8,7.2,-11.0,56.0,8.825548250917993,1,3136.0,0.11878071813633853,1,26401.591514208947,26401.591514208947
G342.062+00.417,G342.085+00.423,342.062,0.417,175,4.7,4.3,34.0,30.0,3.987592527125933,1,900.0,0.23334479900106833,1,3856.9533319483994,3856.9533319483994
G344.224-00.594,G344.226-00.588,344.224,-0.594,90,2.8,5.9,-29.0,30.0,1.2217304763960306,1,900.0,0.15273549889096463,1,5892.539760141126,5892.539760141126
G345.410-00.953,G345.425-00.940; RCW117,345.41,-0.952,326,2.6,6.0,-43.0,27.0,4.109280761084427,1,729.0,0.1352064538477388,1,5391.754455900123,5391.754455900123
G344.424+00.044,G344.439+00.048,344.424,0.045,95,5.0,3.9,3.0,18.0,2.302864985270296,1,324.0,0.3216517905788812,1,1007.300470539563,1007.300470539563
G343.912+00.116,G343.910+00.115,343.912,0.116,91,17.4,9.5,35.0,28.4,7.676539826688392,1,806.56,0.05246447276891657,1,15373.450974196381,15373.450974196381
G345.486+00.315,G345.490+00.310,345.486,0.316,40,13.9,6.1,76.0,33.8,2.69556406696902,1,1142.4399999999998,0.10544942662072108,1,10834.008648611347,10834.008648611347
G345.493+00.303,G345.490+00.310,345.493,0.304,57,13.9,6.1,73.0,33.8,3.841178795430854,1,1142.4399999999998,0.1075796463435127,1,10619.480903962756,10619.480903962756
G345.651+00.015,G345.645+00.010,345.651,0.015,98,15.2,7.2,4.0,28.0,7.221784593807648,1,784.0,0.12445519295371982,1,6299.455903712591,6299.455903712591
G346.521+00.086,G346.539+00.097,346.521,0.087,59,17.0,9.0,25.0,33.0,4.8626812215286455,1,1089.0,0.06469345523893046,1,16833.232913252632,16833.232913252632
G347.921-00.763,G347.918-00.761,347.921,-0.763,69,18.2,10.0,-241.0,32.8,6.088290207373553,1,1075.84,0.011518399982027977,1,93401.86151536848,93401.86151536848
G348.249-00.971,G348.240-00.980; RCW121,348.249,-0.97,289,14.2,6.1,-239.0,29.0,19.89578384537314,1,841.0,0.03557221312153524,1,23642.04884094948,23642.04884094948
G348.533-00.973,G348.533-00.972,348.533,-0.972,57,1.9,6.7,-31.0,24.4,0.5250532166416275,1,595.3599999999999,0.11991736709361465,1,4964.752099128614,4964.752099128614
G348.710-01.044,G348.715-01.031; RCW122,348.71,-1.044,388,3.4,5.2,-61.0,27.0,6.395662081196999,2,729.0,0.15071254192185654,2,4837.022789901464,2418.511394950732
G348.691-00.826,G348.715-01.031; RCW122,348.691,-0.825,1328,3.4,5.2,-48.0,27.0,21.89030732945777,2,729.0,0.16435701677023828,2,4435.466244919135,2217.7331224595673
G348.892-00.179,G348.891-00.179,348.892,-0.179,28,19.7,11.4,-61.0,27.2,2.674232265000201,1,739.8399999999999,0.025634670590750166,1,28860.913089593534,28860.913089593534
G346.873+00.330,G346.875+00.328,346.873,0.33,79,17.5,9.4,100.0,26.9,6.702549141339334,1,723.6099999999999,0.03500091929098457,1,20674.028415773217,20674.028415773217
G328.555-00.536,G328.593-00.518; RCW99,328.555,-0.535,27,3.4,5.9,-31.0,27.0,0.445058959258554,6,729.0,0.15071254192185654,6,4837.022789901464,806.1704649835775
G328.574-00.562,G328.593-00.518; RCW99,328.574,-0.561,83,3.4,5.9,-33.0,27.0,1.3681442080911106,6,729.0,0.14871637869047533,6,4901.948301990825,816.9913836651375
G328.572-00.527,G328.593-00.518; RCW99,328.572,-0.526,99,3.4,5.9,-31.0,27.0,1.6318828506146983,6,729.0,0.15071254192185654,6,4837.022789901464,806.1704649835775
G328.589-00.526,G328.593-00.518; RCW99,328.589,-0.525,27,3.4,5.9,-30.0,27.0,0.445058959258554,6,729.0,0.1517206488239494,6,4804.883222229709,800.8138703716181
G328.551-00.500,G328.593-00.518; RCW99,328.551,-0.499,62,3.4,5.9,-29.0,27.0,1.0219872397789018,6,729.0,0.15273549889096463,6,4772.957205714312,795.492867619052
G328.587-00.488,G328.593-00.518; RCW99,328.587,-0.488,34,3.4,5.9,-28.0,27.0,0.5604446153626236,6,729.0,0.1537571372275167,6,4741.243321415955,790.2072202359925
G329.340+00.121,G329.353+00.144,329.34,0.122,57,7.3,4.3,15.0,27.0,2.0173097270967792,1,729.0,0.26485535596213783,1,2752.4457542184405,2752.4457542184405
G329.338+00.147,G329.353+00.144,329.338,0.148,77,7.3,4.3,18.0,27.0,2.7251377015167018,1,729.0,0.25961086853227594,1,2808.0488468046074,2808.0488468046074
G329.465+00.207,G329.489+00.207,329.465,0.207,16,7.3,4.4,26.0,27.0,0.566262379535938,1,729.0,0.23919499274233924,1,3047.722661925781,3047.722661925781
G329.470+00.205,G329.489+00.207,329.47,0.206,18,7.3,4.4,26.0,27.0,0.6370451769779302,1,729.0,0.23919499274233924,1,3047.722661925781,3047.722661925781
G329.472+00.214,G329.489+00.207,329.472,0.215,55,7.3,4.4,27.0,27.0,1.946526929654787,1,729.0,0.23760566310923567,1,3068.1086909315504,3068.1086909315504
G328.320+00.435,G328.310+00.448,328.32,0.435,105,7.2,4.6,54.0,24.0,3.6651914291880923,1,576.0,0.18744201883280756,1,3072.950257294092,3072.950257294092
G328.286+00.464,G328.310+00.448,328.286,0.464,96,7.2,4.6,58.0,24.0,3.3510321638291125,1,576.0,0.18250962256748857,1,3155.9979791586397,3155.9979791586397
G333.093+01.966,G333.040+02.020; RCW105,333.093,1.967,739,1.6,7.1,54.0,24.0,5.732436965439153,1,576.0,0.09176067697011829,1,6277.1986761559465,6277.1986761559465
G300.502-00.180,G300.479-00.192,300.502,-0.18,132,11.2,10.1,-35.0,24.0,7.1674854615233805,1,576.0,0.04419924289809253,1,13031.897431547588,13031.897431547588
G298.183-00.784,G298.187-00.782,298.183,-0.783,174,9.8,9.4,-133.0,27.0,8.267042890279807,1,729.0,0.028088895676982657,1,25953.31651280888,25953.31651280888
G297.651-00.973,G297.655-00.977,297.651,-0.973,171,10.5,10.0,-179.0,30.0,8.70482964432172,1,900.0,0.017414080245629977,1,51682.316108877065,51682.316108877065
G298.862-00.432,G298.868-00.432,298.862,-0.432,290,10.7,10.0,-80.0,30.0,15.0437685248289,1,900.0,0.033692628969906734,1,26712.07405049495,26712.07405049495
G298.846-00.334,G298.868-00.432,298.846,-0.334,123,10.7,10.0,-62.0,30.0,6.380632857082603,1,900.0,0.0379883330850019,1,23691.484382486033,23691.484382486033
G299.013+00.129,G299.016+00.148,299.013,0.13,64,10.6,9.8,23.0,25.0,3.288976012647092,1,625.0,0.052165530715266216,1,11981.091564301752,11981.091564301752
G298.529-00.251,G298.559-00.114,298.529,-0.251,974,10.5,9.8,-45.0,23.0,49.58189516707224,1,529.0,0.045049202393557794,1,11742.716227882627,11742.716227882627
G298.224-00.334,G298.228-00.331,298.224,-0.334,303,11.1,10.3,-64.0,36.0,16.305738536757023,1,1296.0,0.03440601726092614,1,37667.829733720086,37667.829733720086
G299.043+00.186,G299.016+00.148,299.043,0.186,292,10.6,9.8,34.0,25.0,15.005953057702358,1,625.0,0.04847695897185985,1,12892.722919414215,12892.722919414215
G299.349-00.267,G299.363-00.257; RCW64,299.349,-0.266,140,4.2,7.4,-19.0,11.0,2.8507044449240713,1,121.0,0.10635716359264041,1,1137.6760710114766,1137.6760710114766
G301.116+00.968,G301.109+00.969,301.116,0.968,180,4.4,7.3,74.0,32.0,3.839724354387525,1,1024.0,0.07584620411650214,1,13501.005250402564,13501.005250402564
G300.965+01.162,G300.956+01.161,300.965,1.163,111,4.4,7.3,88.0,26.0,2.3678300185389736,1,676.0,0.06908753519606955,1,9784.688338953192,9784.688338953192
G301.996+00.947,G301.814+01.077,301.996,0.948,1154,4.5,7.2,74.0,21.0,25.176374460018206,1,441.0,0.07804449310682986,1,5650.622900405603,5650.622900405603
G302.805+01.287,G302.804+01.306; RCW71,302.805,1.287,197,4.6,7.3,103.0,18.0,4.393381578214615,1,324.0,0.06251298696528004,1,5182.923032936354,5182.923032936354
G297.497-00.758,G297.506-00.765,297.497,-0.757,216,10.2,9.8,-135.0,31.0,10.681415022205297,1,961.0,0.02472352647033938,1,38869.85949002478,38869.85949002478
