Name,Type,survey,inc,Rad,g_obs,g_bar,shared,locked
2MASXJ10590914+0123002,Sc,SCII,55.334029832445985,0.35856675441786057,1.2939293222752978e-11,4.776630366670276e-12,0.8084520575184416,0.0
2MASXJ10590914+0123002,Sc,SCII,55.334029832445985,1.151244455530507,2.524979942244238e-11,1.681202530312416e-11,0.7170972701582048,0.0
2MASXJ10590914+0123002,Sc,SCII,55.334029832445985,1.972117149298233,4.767764546197013e-11,2.685242289655516e-11,0.6034531029108356,0.0
2MASXJ10590914+0123002,Sc,SCII,55.334029832445985,2.689250658133954,6.830787937980648e-11,3.352619818283937e-11,0.5582058077358774,0.0
2MASXJ10590914+0123002,Sc,SCII,55.334029832445985,3.4063841669696755,7.727694088786751e-11,3.165833143392198e-11,0.5546250527308719,0.0
2MASXJ10590914+0123002,Sc,SCII,55.334029832445985,4.123517675805396,8.400220919875891e-11,3.056792153483495e-11,0.5444495348403826,0.0
2MASXJ10590914+0123002,Sc,SCII,55.334029832445985,4.840651184641118,8.360968454275466e-11,3.610660674372199e-11,0.46687590981737503,0.0
2MASXJ10590914+0123002,Sc,SCII,55.334029832445985,5.5577846934768385,7.111474424505554e-11,2.552876315558243e-11,0.5328374899625828,0.0
2MASXJ10590914+0123002,Sc,SCII,55.334029832445985,6.274918202312559,6.595224505099159e-11,3.513006017472292e-11,0.380007834935842,0.0
2MASXJ10590914+0123002,Sc,SCII,55.334029832445985,6.992051711148281,6.198699744657991e-11,3.456484454898492e-11,0.37743933878937524,0.0
2MASXJ10590914+0123002,Sc,SCII,55.334029832445985,7.709185219984002,5.6774505816367195e-11,3.4036622974235717e-11,0.35209555227952133,0.0
2MASXJ10590914+0123002,Sc,SCII,55.334029832445985,8.426318728819723,5.428237303541155e-11,3.442077230482813e-11,0.3067435430800744,0.0
2MASXJ10590914+0123002,Sc,SCII,55.334029832445985,9.143452237655444,4.813717211033636e-11,2.9009182523812858e-11,0.30429621254914513,0.0
2MASXJ10590914+0123002,Sc,SCII,55.334029832445985,9.860585746491164,4.694326480642237e-11,1.4187742895107526e-11,0.576257164368668,0.0
2MASXJ10590914+0123002,Sc,SCII,55.334029832445985,10.577719255326887,4.7500830940314336e-11,1.834758132266223e-11,0.45816261875976466,0.0
2MASXJ10590914+0123002,Sc,SCII,55.334029832445985,11.294852764162608,4.897853370596022e-11,2.6371439160983343e-11,0.2773071999621794,0.0
2MASXJ10590914+0123002,Sc,SCII,55.334029832445985,12.011986272998328,5.3406907676810555e-11,1.3841730092477533e-11,0.4751608245851085,0.0
2MASXJ10590914+0123002,Sc,SCII,55.334029832445985,12.832858966766054,5.0311943856587765e-11,1.5414255024289592e-11,0.41331941225387214,0.0
2MASXJ10590914+0123002,Sc,SCII,55.334029832445985,13.51239915206167,5.098079865959097e-11,2.2631342441884158e-11,0.2268606020849872,0.0
2MASXJ10590914+0123002,Sc,SCII,55.334029832445985,14.361824383681189,5.120312604021263e-11,1.0507079158273005e-11,0.5060930408637032,0.0
2MASXJ15132872+0659283,Sc,SCII,53.74325519931257,0.40463139553487015,1.3805545686723802e-10,6.565728451194938e-12,0.8293816326920758,0.0
2MASXJ15132872+0659283,Sc,SCII,53.74325519931257,1.2138941866046102,2.144493359060363e-10,2.091577810146697e-11,0.7411244818414611,0.0
2MASXJ15132872+0659283,Sc,SCII,53.74325519931257,2.0231569776743505,2.0523512049582318e-10,3.244776253056605e-11,0.6505889420311942,0.0
2MASXJ15132872+0659283,Sc,SCII,53.74325519931257,2.832419768744091,2.1100531550444536e-10,4.01373809074809e-11,0.6274032611427394,0.0
2MASXJ15132872+0659283,Sc,SCII,53.74325519931257,3.641682559813831,1.8872136079816855e-10,5.22383886854347e-11,0.5161867693420885,0.0
2MASXJ15132872+0659283,Sc,SCII,53.74325519931257,4.450945350883571,1.8270539793734826e-10,5.927256946424468e-11,0.4532369413888632,0.0
2MASXJ15132872+0659283,Sc,SCII,53.74325519931257,5.260208141953312,1.6964258427400799e-10,4.978357821549227e-11,0.3981992193608931,0.0
2MASXJ15132872+0659283,Sc,SCII,53.74325519931257,6.069470933023052,1.6063177815287887e-10,4.5742862938575074e-11,0.4873557065598623,0.0
2MASXJ15132872+0659283,Sc,SCII,53.74325519931257,6.878733724092792,1.6402257861758845e-10,3.072811668337286e-11,0.5765440723892638,0.0
2MASXJ15132872+0659283,Sc,SCII,53.74325519931257,7.687996515162532,1.5633796150345198e-10,4.1523386428105276e-11,0.34283477504844434,0.0
2MASXJ15132872+0659283,Sc,SCII,53.74325519931257,8.497259306232273,1.503408435243938e-10,4.7279147409813887e-11,0.27170488620858074,0.0
2MASXJ15132872+0659283,Sc,SCII,53.74325519931257,9.306522097302013,1.5208438806623556e-10,3.9379579769847955e-11,0.26196387026686974,0.0
2MASXJ15132872+0659283,Sc,SCII,53.74325519931257,10.115784888371753,1.4123185810033663e-10,2.8237218676762078e-11,0.43798196277634693,0.0
2MASXJ15132872+0659283,Sc,SCII,53.74325519931257,11.067706184277505,1.0886199289305817e-10,2.5542162475498627e-11,0.41392418238621426,0.0
2MASXJ15132872+0659283,Sc,SCII,53.74325519931257,11.876968975347246,8.812154981358445e-11,2.896544729075935e-11,0.29761752075535586,0.0
2MASXJ15132872+0659283,Sc,SCII,53.74325519931257,12.686231766416986,9.029148790162978e-11,3.255094852833105e-11,0.2104205540484394,0.0
2MASXJ15132872+0659283,Sc,SCII,53.74325519931257,13.495494557486726,8.336580831733648e-11,1.7084000209115297e-11,0.4465962838574853,0.0
2MASXJ15132872+0659283,Sc,SCII,53.74325519931257,14.304757348556466,7.192894062596519e-11,2.271572215392107e-11,0.2678471859645487,0.0
2MASXJ15132872+0659283,Sc,SCII,53.74325519931257,15.114020139626206,7.847835068554993e-11,2.5671676787550365e-11,0.17801401769461242,0.0
2MASXJ15132872+0659283,Sc,SCII,53.74325519931257,15.923282930695947,7.37906857950503e-11,1.766764816498454e-11,0.29304031052949303,0.0
2MASXJ15582240+1606100,Sc,SCII,83.0499599615665,0.4128578068019295,1.8830943702750098e-11,2.0036569277280273e-12,0.7910997574576292,0.0
2MASXJ15582240+1606100,Sc,SCII,83.0499599615665,1.191859512762708,3.850887314144909e-11,4.851769901357013e-12,0.7731134100970077,0.0
2MASXJ15582240+1606100,Sc,SCII,83.0499599615665,1.8729220914842557,6.896946705757572e-11,7.1010551156405354e-12,0.7017008803565122,0.0
2MASXJ15582240+1606100,Sc,SCII,83.0499599615665,2.553984670205803,9.190248837624734e-11,9.211785342715558e-12,0.669717721955076,0.0
2MASXJ15582240+1606100,Sc,SCII,83.0499599615665,3.2350472489273505,9.766589872640934e-11,9.056594647616055e-12,0.6683914602664967,0.0
2MASXJ15582240+1606100,Sc,SCII,83.0499599615665,3.9161098276488975,9.731680513904935e-11,9.942565326921195e-12,0.639050026048562,0.0
2MASXJ15582240+1606100,Sc,SCII,83.0499599615665,4.695111533609676,9.452503367490516e-11,1.0574740033830844e-11,0.6121355799241393,0.0
2MASXJ15582240+1606100,Sc,SCII,83.0499599615665,5.520827147213535,9.091978953102542e-11,1.3797906094937835e-11,0.5041255299639537,0.0
2MASXJ15582240+1606100,Sc,SCII,83.0499599615665,6.299828853174313,7.786995858247267e-11,9.504965434314524e-12,0.6061975238901637,0.0
2MASXJ15582240+1606100,Sc,SCII,83.0499599615665,6.980891431895861,7.319334090393693e-11,7.738625263280248e-12,0.6421832599717183,0.0
2MASXJ15582240+1606100,Sc,SCII,83.0499599615665,7.661954010617409,6.699876676948762e-11,7.1966678284733724e-12,0.6520691178226272,0.0
2MASXJ15582240+1606100,Sc,SCII,83.0499599615665,8.343016589338955,5.7217815844202874e-11,6.289914391923771e-12,0.6860723745054901,0.0
2MASXJ15582240+1606100,Sc,SCII,83.0499599615665,9.024079168060503,5.613006991626146e-11,1.2863847365161574e-12,0.9315583927621454,0.0
2MASXJ15582240+1606100,Sc,SCII,83.0499599615665,9.803080874021282,6.107310431354355e-11,2.9905430078861915e-11,0.13623969981254255,0.0
2MASXJ15582240+1606100,Sc,SCII,83.0499599615665,10.628796487625142,5.885041272699289e-11,1.619906960104654e-11,0.21770023087241758,0.0
2MASXJ15582240+1606100,Sc,SCII,83.0499599615665,11.457519642531047,4.43283231267422e-11,1.206030645152105e-11,0.26070510229609284,0.0
2MASXJ15582240+1606100,Sc,SCII,83.0499599615665,12.088860772307466,3.930914982705465e-11,1.0193179403419609e-11,0.29015921657520233,0.0
2MASXJ15582240+1606100,Sc,SCII,83.0499599615665,12.706134370187216,3.873410652479933e-11,8.944714318906036e-12,0.3073564855280492,0.0
2MASXJ15582240+1606100,Sc,SCII,83.0499599615665,13.429884631905555,4.3027898816158774e-11,8.08835582113016e-12,0.31621808627132514,0.0
2MASXJ15582240+1606100,Sc,SCII,83.0499599615665,14.110947210627103,3.599141505654378e-11,7.164516506433839e-12,0.34366928099543015,0.0
2MASXJ15582240+1606100,Sc,SCII,83.0499599615665,14.621744144668265,3.8797358497013666e-11,6.78497314243084e-12,0.34848605164924207,0.0
2MASXiJ2325197+142418,Sc,SCII,60.12031869939683,0.4338945677647687,3.506773870101314e-11,9.662193819942414e-12,0.80564501601635,0.0
2MASXiJ2325197+142418,Sc,SCII,60.12031869939683,1.2817412696288757,3.589409634845203e-11,2.5844844240223906e-11,0.7271389027523816,0.0
2MASXiJ2325197+142418,Sc,SCII,60.12031869939683,2.0587630048723735,1.595698581169284e-10,3.757035327868632e-11,0.6625089038519294,0.0
2MASXiJ2325197+142418,Sc,SCII,60.12031869939683,2.8357847401158707,1.8110595627299227e-10,5.066155376408643e-11,0.605384811323323,0.0
2MASXiJ2325197+142418,Sc,SCII,60.12031869939683,3.6836314419799776,1.821435324355083e-10,5.715342998633032e-11,0.4957031626589983,0.0
2MASXiJ2325197+142418,Sc,SCII,60.12031869939683,4.460653177223476,1.78072801338918e-10,6.215613519443147e-11,0.42345424033827467,0.0
2MASXiJ2325197+142418,Sc,SCII,60.12031869939683,5.318471095920297,1.6259426447391342e-10,5.360289404574213e-11,0.49439233310896574,0.0
2MASXiJ2325197+142418,Sc,SCII,60.12031869939683,6.176289014617119,1.452040369591879e-10,7.14869053956361e-11,0.36064601418180336,0.0
2MASXiJ2325197+142418,Sc,SCII,60.12031869939683,6.953310749860617,1.2927222527212688e-10,4.988665861244398e-11,0.4430693448817095,0.0
2MASXiJ2325197+142418,Sc,SCII,60.12031869939683,7.801157451724724,1.1174153577048105e-10,3.977880642963404e-11,0.45291109290310855,0.0
2MASXiJ2325197+142418,Sc,SCII,60.12031869939683,8.578179186968221,9.936070927453071e-11,3.528198166552454e-11,0.4552932969145344,0.0
2MASXiJ2325197+142418,Sc,SCII,60.12031869939683,9.355200922211719,9.04587225326537e-11,3.190796194051567e-11,0.4657980438446826,0.0
2MASXiJ2325197+142418,Sc,SCII,60.12031869939683,10.203047624075825,8.487152660536396e-11,3.322392837116391e-11,0.3934352145318148,0.0
2MASXiJ2325197+142418,Sc,SCII,60.12031869939683,11.070836759605363,7.536526247827291e-11,3.5654316741252727e-11,0.2953579678353585,0.0
2MASXiJ2325197+142418,Sc,SCII,60.12031869939683,11.91868346146947,7.301958237057335e-11,3.837675065604594e-11,0.20934061328652992,0.0
2MASXiJ2325197+142418,Sc,SCII,60.12031869939683,12.695705196712968,6.810496792313137e-11,2.6945707694268345e-11,0.2605788637047811,0.0
2MASXiJ2325197+142418,Sc,SCII,60.12031869939683,13.472726931956464,6.495750063573094e-11,2.5422029082207874e-11,0.2837024203534292,0.0
2MASXiJ2325197+142418,Sc,SCII,60.12031869939683,14.320573633820572,5.2600485112612446e-11,2.9122001131718196e-11,0.18547111853947074,0.0
2MASXiJ2325197+142418,Sc,SCII,60.12031869939683,15.09759536906407,5.2724437658374726e-11,1.7667089400151454e-11,0.36224129644036257,0.0
2MASXiJ2325197+142418,Sc,SCII,60.12031869939683,15.783849704021527,4.797216034055539e-11,2.411741998026334e-11,0.19073980584940287,0.0
2MASXiJ2325197+142418,Sc,SCII,60.12031869939683,16.359394205027513,4.791054262973982e-11,1.7916969292102377e-11,0.2846740781681684,0.0
AT2017hrr,Sb:,Mathewson96,72.96821237605589,1.328050323612828,1.610679830422215e-10,2.2602838183508014e-10,0.47257842076192585,0.0
AT2017hrr,Sb:,Mathewson96,72.96821237605589,2.1628248127408916,5.731045234307595e-10,2.660858868823875e-10,0.36905881662631634,0.0
AT2017hrr,Sb:,Mathewson96,72.96821237605589,2.921710711948222,2.9537539525403965e-10,2.510842217606688e-10,0.31184105068351087,0.0
AT2017hrr,Sb:,Mathewson96,72.96821237605589,3.7564852010762855,3.272811275050262e-10,1.8977725829686698e-10,0.2821664025411241,0.0
AT2017hrr,Sb:,Mathewson96,72.96821237605589,4.515371100283616,3.0558461395189907e-10,1.3938880351539872e-10,0.32021615846040785,0.0
AT2017hrr,Sb:,Mathewson96,72.96821237605589,5.426034179332412,2.3799636318011584e-10,9.660392352964875e-11,0.42286555946264653,0.0
AT2017hrr,Sb:,Mathewson96,72.96821237605589,6.260808668460475,2.555294292126101e-10,1.0561108083331846e-10,0.3800333450956727,0.0
AT2017hrr,Sb:,Mathewson96,72.96821237605589,7.0196945676678055,1.790514845563257e-10,7.751719036951352e-11,0.47164388594169737,0.0
AT2017hrr,Sb:,Mathewson96,72.96821237605589,7.171471747509273,1.7668388538225902e-10,5.869374638955901e-11,0.5566147117691014,0.0
AT2017hrr,Sb:,Mathewson96,72.96821237605589,7.930357646716602,1.7647141133153206e-10,5.3436419491742595e-11,0.5542569486427743,0.0
AT2017hrr,Sb:,Mathewson96,72.96821237605589,8.765132135844667,1.8864933658781312e-10,5.3471563074810726e-11,0.5071132934588309,0.0
AT2017hrr,Sb:,Mathewson96,72.96821237605589,9.599906624972729,1.5992453968781088e-10,4.774632846216559e-11,0.5298373786019596,0.0
AT2017hrr,Sb:,Mathewson96,72.96821237605589,10.35879252418006,1.335345048403724e-10,6.263725628443048e-11,0.38137494725374893,0.0
AT2017hrr,Sb:,Mathewson96,72.96821237605589,10.510569704021526,1.6315379290330107e-10,4.93577191384894e-11,0.4725615768862877,0.0
AT2017hrr,Sb:,Mathewson96,72.96821237605589,11.34534419314959,1.4196102163023228e-10,6.519283336479713e-11,0.2776991864074005,0.0
AT2017hrr,Sb:,Mathewson96,72.96821237605589,12.180118682277653,1.2566575306186907e-10,7.433789269691257e-11,0.14621024172803948,0.0
AT2017hrr,Sb:,Mathewson96,72.96821237605589,13.014893171405717,1.1899595307902864e-10,6.357677862443954e-11,0.10431379453840105,0.0
CGCG010-052,SAab,SCII,62.76331399515308,0.4524173805541415,4.725456399051933e-11,1.2924772170970013e-11,0.7996621330106072,0.0
CGCG010-052,SAab,SCII,62.76331399515308,1.3090745836666424,1.4435540666572137e-10,3.552842124065748e-11,0.716869552797669,0.0
CGCG010-052,SAab,SCII,62.76331399515308,2.213909344774925,1.750692869698873e-10,4.935820199374717e-11,0.6779027728419736,0.0
CGCG010-052,SAab,SCII,62.76331399515308,3.0705665478874264,1.7020783148373348e-10,5.4763523847112536e-11,0.6413185499820372,0.0
CGCG010-052,SAab,SCII,62.76331399515308,3.8752823212857246,1.6044907307601092e-10,7.79957937491521e-11,0.5379655742809899,0.0
CGCG010-052,SAab,SCII,62.76331399515308,4.756028303396117,1.4754638700533802e-10,8.376184534643896e-11,0.4982891877939568,0.0
CGCG010-052,SAab,SCII,62.76331399515308,5.636774285506508,1.3561146125439701e-10,9.051530242101797e-11,0.410790191353521,0.0
CGCG010-052,SAab,SCII,62.76331399515308,6.517520267616901,1.3353554360827319e-10,5.198923379130637e-11,0.5931740566903252,0.0
CGCG010-052,SAab,SCII,62.76331399515308,7.398266249727293,1.2583358160250255e-10,7.669092245693714e-11,0.3370886907822019,0.0
CGCG010-052,SAab,SCII,62.76331399515308,8.279012231837685,1.2067918141048582e-10,9.097809716087052e-11,0.2934662764357441,0.0
CGCG010-052,SAab,SCII,62.76331399515308,9.159758213948077,1.0778469320083351e-10,8.149125447006806e-11,0.2928116213987508,0.0
CGCG010-052,SAab,SCII,62.76331399515308,10.04050419605847,9.802174754764114e-11,7.79067901998721e-11,0.26882851223057774,0.0
CGCG010-052,SAab,SCII,62.76331399515308,10.92125017816886,8.53150761739667e-11,7.716111458448082e-11,0.21821028840829299,0.0
CGCG010-052,SAab,SCII,62.76331399515308,11.801996160279252,8.089182595751034e-11,3.324910629698792e-11,0.4936675737453311,0.0
CGCG010-052,SAab,SCII,62.76331399515308,12.682742142389644,7.396825079243173e-11,3.91069582975224e-11,0.41370285132900625,0.0
CGCG010-052,SAab,SCII,62.76331399515308,13.563488124500035,6.43966596058649e-11,5.503085161328114e-11,0.1866946672784859,0.0
CGCG010-052,SAab,SCII,62.76331399515308,14.444234106610429,5.3138122338706704e-11,5.060581566646708e-11,0.14356930758304848,0.0
CGCG010-052,SAab,SCII,62.76331399515308,15.324980088720821,4.751695416728413e-11,3.4507031711381554e-11,0.2627713846975121,0.0
CGCG010-052,SAab,SCII,62.76331399515308,16.20572607083121,5.0407618373670904e-11,3.8252579700950027e-11,0.17234300924773308,0.0
CGCG010-052,SAab,SCII,62.76331399515308,17.114324703657914,4.191707634749991e-11,2.3014226045823573e-11,0.36475766791491243,0.0
CGCG049-026,Sbc,SCII,51.88371133793475,0.2472859169838153,8.97347321893913e-12,2.2429681185385003e-12,0.8456171347560185,0.0
CGCG049-026,Sbc,SCII,51.88371133793475,0.6744559257912556,1.7711937157048504e-11,1.186436788344907e-11,0.7349577765651631,0.0
CGCG049-026,Sbc,SCII,51.88371133793475,1.2289891237000945,9.006077538369355e-11,2.016157019548279e-11,0.6707437603506251,0.0
CGCG049-026,Sbc,SCII,51.88371133793475,1.6898600450876298,9.593210720629677e-11,2.588521317161175e-11,0.6024432915452381,0.0
CGCG049-026,Sbc,SCII,51.88371133793475,2.150730966475165,7.292769982091433e-11,2.9876281126281176e-11,0.5897410390421508,0.0
CGCG049-026,Sbc,SCII,51.88371133793475,2.7052641643840043,5.7114606652921064e-11,3.2343107521899324e-11,0.5282730940039255,0.0
CGCG049-026,Sbc,SCII,51.88371133793475,3.132434173191444,6.000482045048863e-11,3.4077438993003004e-11,0.5353664911443451,0.0
CGCG049-026,Sbc,SCII,51.88371133793475,3.627006007159075,6.809796168843387e-11,3.371671939846696e-11,0.46617360352607423,0.0
CGCG049-026,Sbc,SCII,51.88371133793475,4.054176015966515,8.374280343772173e-11,3.7505334983818334e-11,0.4527029959301065,0.0
CGCG049-026,Sbc,SCII,51.88371133793475,4.608709213875354,8.059812980509857e-11,3.5018309491760534e-11,0.4746650916816195,0.0
CGCG049-026,Sbc,SCII,51.88371133793475,5.069580135262889,6.893511268713969e-11,3.5351261905847205e-11,0.44634856663490236,0.0
CGCG049-026,Sbc,SCII,51.88371133793475,5.530451056650425,5.6967590258433024e-11,3.717621773514434e-11,0.39485873569385893,0.0
CGCG049-026,Sbc,SCII,51.88371133793475,6.084984254559264,6.63837525014541e-11,3.474688719103917e-11,0.3824901210438036,0.0
CGCG049-026,Sbc,SCII,51.88371133793475,6.512154263366704,6.515351982623868e-11,3.509771746210747e-11,0.3237613047415355,0.0
CGCG049-026,Sbc,SCII,51.88371133793475,7.006726097334334,5.4561975961017175e-11,2.29459012637075e-11,0.4509795539661659,0.0
CGCG049-026,Sbc,SCII,51.88371133793475,7.433896106141774,5.089622460349029e-11,2.6100974699270258e-11,0.4136758223089234,0.0
CGCG049-026,Sbc,SCII,51.88371133793475,7.988429304050614,5.112110205968537e-11,3.1434800785345947e-11,0.30681130587863986,0.0
CGCG049-026,Sbc,SCII,51.88371133793475,8.449300225438149,6.123954790518393e-11,1.7580802682202098e-11,0.49729945054321834,0.0
CGCG049-026,Sbc,SCII,51.88371133793475,8.883910695464571,4.917800307036498e-11,2.6573378053693496e-11,0.32200079005632265,0.0
CGCG049-026,Sbc,SCII,51.88371133793475,9.344781616852107,3.4824734435931306e-11,1.7373234224763005e-11,0.43962908296155906,0.0
CGCG049-026,Sbc,SCII,51.88371133793475,9.65202889777713,3.2274980409335116e-11,2.8355034586725347e-11,0.2542605052857736,0.0
CGCG049-153,SD/I,SCII,64.43730572845399,0.29077987055486876,3.5319564099678472e-12,2.2779216578167447e-12,0.8000624595327958,0.0
CGCG049-153,SD/I,SCII,64.43730572845399,0.9333536785203501,4.7247450047490725e-12,7.752859310369601e-12,0.7210493085002205,0.0
CGCG049-153,SD/I,SCII,64.43730572845399,1.5992892880517782,2.2342533293059156e-11,1.2145498452206266e-11,0.6241901019038476,0.0
CGCG049-153,SD/I,SCII,64.43730572845399,2.1808490291615157,5.832791112009797e-11,1.4586105663342657e-11,0.6052408966993764,0.0
CGCG049-153,SD/I,SCII,64.43730572845399,2.762408770271253,7.498328951199538e-11,1.496176008621116e-11,0.5888296098623804,0.0
CGCG049-153,SD/I,SCII,64.43730572845399,3.3439685113809907,7.730432124291783e-11,1.4914132089631893e-11,0.581936376702645,0.0
CGCG049-153,SD/I,SCII,64.43730572845399,3.9255282524907282,8.054159747938801e-11,1.8026900839057212e-11,0.5152747113935194,0.0
CGCG049-153,SD/I,SCII,64.43730572845399,4.507087993600466,7.254643481784295e-11,1.5670828349990954e-11,0.5150797886120226,0.0
CGCG049-153,SD/I,SCII,64.43730572845399,5.088647734710203,6.56779583398437e-11,1.8813815982073452e-11,0.4229046189548459,0.0
CGCG049-153,SD/I,SCII,64.43730572845399,5.67020747581994,6.503707083582038e-11,1.8902113583476892e-11,0.4114281859085612,0.0
CGCG049-153,SD/I,SCII,64.43730572845399,6.251767216929679,6.368405712404212e-11,1.7940284282280622e-11,0.4057550765518724,0.0
CGCG049-153,SD/I,SCII,64.43730572845399,6.833326958039416,4.213256542734642e-11,1.8000755879824166e-11,0.3712726565940421,0.0
CGCG049-153,SD/I,SCII,64.43730572845399,7.414886699149154,2.914618583897334e-11,1.5590030544574036e-11,0.37020630502003044,0.0
CGCG049-153,SD/I,SCII,64.43730572845399,7.99644644025889,3.125436191265386e-11,9.380159004459284e-12,0.5557929022948948,0.0
CGCG049-153,SD/I,SCII,64.43730572845399,8.578006181368629,4.076736603652711e-11,1.0660346731579489e-11,0.5046171323761818,0.0
CGCG049-153,SD/I,SCII,64.43730572845399,9.10633912281127,3.392338406103671e-11,1.602762739941378e-11,0.3259159479938862,0.0
CGCG049-153,SD/I,SCII,64.43730572845399,9.726835199864253,3.32560677941177e-11,8.579426050619535e-12,0.5135045566634737,0.0
CGCG049-153,SD/I,SCII,64.43730572845399,10.30839494097399,3.305382085491896e-11,1.1341315880034826e-11,0.4075954425333069,0.0
CGCG049-153,SD/I,SCII,64.43730572845399,10.889954682083728,3.31586572110056e-11,1.527003007037825e-11,0.24501607109783569,0.0
CGCG049-153,SD/I,SCII,64.43730572845399,11.616904358470899,3.1904566063914786e-11,7.88033166177424e-12,0.4912236811058986,0.0
CGCG459-017,Sc,SCII,52.50777688108841,0.6566620958475746,2.2919079378330904e-10,2.695841753052929e-11,0.744984796073373,0.0
CGCG459-017,Sc,SCII,52.50777688108841,0.9849931437713619,2.830511817106228e-10,3.8934476372619973e-11,0.7059311476113473,0.0
CGCG459-017,Sc,SCII,52.50777688108841,1.420663188131772,2.789213905887291e-10,5.347354240885638e-11,0.6611801829688067,0.0
CGCG459-017,Sc,SCII,52.50777688108841,1.8626472911061012,2.8022701806877407e-10,6.692877657764047e-11,0.613455116101454,0.0
CGCG459-017,Sc,SCII,52.50777688108841,2.2983173354665114,2.5239303402153495e-10,7.615661293260308e-11,0.5751721361896125,0.0
CGCG459-017,Sc,SCII,52.50777688108841,2.6266483833902985,2.3234024504181962e-10,8.079307759487309e-11,0.5203163184018897,0.0
CGCG459-017,Sc,SCII,52.50777688108841,3.062318427750709,2.0481161474482036e-10,8.600645425872134e-11,0.5245349612525013,0.0
CGCG459-017,Sc,SCII,52.50777688108841,3.5043025307250377,1.7067806932261178e-10,8.758377620524615e-11,0.44872889459147475,0.0
CGCG459-017,Sc,SCII,52.50777688108841,3.9399725750854477,1.5988361769573508e-10,9.74329668263833e-11,0.42273905543975726,0.0
CGCG459-017,Sc,SCII,52.50777688108841,4.268303623009235,1.5316717171462496e-10,8.9222695787964e-11,0.37195696199665723,0.0
CGCG459-017,Sc,SCII,52.50777688108841,4.703973667369645,1.5426290509438868e-10,9.016454026343137e-11,0.369663176148689,0.0
CGCG459-017,Sc,SCII,52.50777688108841,5.145957770343974,1.47519347133539e-10,8.275467255782585e-11,0.35520155915471585,0.0
CGCG459-017,Sc,SCII,52.50777688108841,5.581627814704384,1.5208740826017567e-10,6.921536244654857e-11,0.45450583694267,0.0
CGCG459-017,Sc,SCII,52.50777688108841,5.909958862628171,1.515518007212306e-10,8.912146802005196e-11,0.35626654276479963,0.0
CGCG459-017,Sc,SCII,52.50777688108841,6.3456289069885825,1.2522044143496354e-10,9.589418720016437e-11,0.26763386336982337,0.0
CGCG459-017,Sc,SCII,52.50777688108841,6.737100541051559,1.3848305408781141e-10,6.041766534006886e-11,0.4377769985883738,0.0
CGCG459-017,Sc,SCII,52.50777688108841,7.22959711293724,1.340385063180163e-10,7.364946650754599e-11,0.32851832528708097,0.0
CGCG459-017,Sc,SCII,52.50777688108841,7.557928160861027,1.374054359210995e-10,7.106507674283795e-11,0.1990904713828237,0.0
CGCG459-017,Sc,SCII,52.50777688108841,7.886259208784814,1.4494589123881556e-10,7.388544426178608e-11,0.2636999048526273,0.0
CGCG459-017,Sc,SCII,52.50777688108841,8.214590256708602,1.4092411496293568e-10,5.262369300863707e-11,0.35912074267861416,0.0
IC0004,S?,ShellFlow,45.43832981584723,0.2339024577121664,8.512651852520398e-11,7.187935469444748e-11,0.45054101874413355,0.0
IC0004,S?,ShellFlow,45.43832981584723,0.6994348995709403,3.932601420343879e-10,1.9146494853747577e-10,0.4610549350577465,0.0
IC0004,S?,ShellFlow,45.43832981584723,1.167239814995273,3.5982632631594293e-10,2.529400060602008e-10,0.37928125423120823,0.0
IC0004,S?,ShellFlow,45.43832981584723,1.632772256854047,2.6675263900225527e-10,2.4709391028853323e-10,0.3325295841020839,0.0
IC0004,S?,ShellFlow,45.43832981584723,2.0533421860228347,2.0267471530653592e-10,2.1419483619159743e-10,0.37430564995193605,0.0
IC0004,S?,ShellFlow,45.43832981584723,2.473912115191623,1.5399435560807354e-10,1.8817879866989411e-10,0.3856988043409387,0.0
IC0004,S?,ShellFlow,45.43832981584723,2.939444557050396,1.7076118741061445e-10,1.6868908104361945e-10,0.3741300601541639,0.0
IC0004,S?,ShellFlow,45.43832981584723,3.4072494724747293,1.4441409706460544e-10,1.3859315056814717e-10,0.43283376554369274,0.0
IC0004,S?,ShellFlow,45.43832981584723,3.8727819143335034,1.272209374827271e-10,1.2930437599224777e-10,0.3694822714437139,0.0
IC0004,S?,ShellFlow,45.43832981584723,4.340586829757836,1.5275823295030956e-10,1.392308250876814e-10,0.36515295880744386,0.0
IC0004,S?,ShellFlow,45.43832981584723,4.80611927161661,1.2371365264738667e-10,1.428548077940946e-10,0.33619414152458965,0.0
IC0004,S?,ShellFlow,45.43832981584723,5.226689200785398,1.327351553084153e-10,1.3824349685618845e-10,0.29574843190901146,0.0
IC0004,S?,ShellFlow,45.43832981584723,5.647259129954185,1.3971279248803572e-10,1.117891151726466e-10,0.30895209107329147,0.0
IC0004,S?,ShellFlow,45.43832981584723,6.112791571812959,1.2892015103178208e-10,9.950289661198604e-11,0.38304623613447103,0.0
IC0004,S?,ShellFlow,45.43832981584723,6.580596487237292,1.268672977416748e-10,1.193599073960088e-10,0.26972008807908465,0.0
IC0004,S?,ShellFlow,45.43832981584723,7.021943317576904,1.2738311946087415e-10,1.3860183853855918e-10,0.13366827930035416,0.0
IC0004,S?,ShellFlow,45.43832981584723,7.513933844520399,1.2170958444808591e-10,1.0042848026362141e-10,0.1574450692469354,0.0
IC0004,S?,ShellFlow,45.43832981584723,7.9771938128136135,1.258168800998328e-10,9.862250565090319e-11,0.14436569520138987,0.0
IC0004,S?,ShellFlow,45.43832981584723,8.443862491455167,1.1342241098232724e-10,9.79378043979272e-11,0.0687085786950351,0.0
IC0004,S?,ShellFlow,45.43832981584723,9.003864905825031,1.383842159151884e-10,7.195699583647597e-11,0.12867572377939424,0.0
IC0013,Sbc,Courteau97,77.62375646693317,0.29543188025994804,4.5421923290098085e-11,8.790256488196548e-12,0.6766898669893678,0.0
IC0013,Sbc,Courteau97,77.62375646693317,0.8615527016217002,1.0596147462129855e-10,2.1952663848510613e-11,0.6263194597283637,0.0
IC0013,Sbc,Courteau97,77.62375646693317,1.400023140135263,1.2831930012911582e-10,2.9379413858221034e-11,0.5818925667410648,0.0
IC0013,Sbc,Courteau97,77.62375646693317,1.9676866867203047,1.3720983768567822e-10,3.4707287910263525e-11,0.5080234910281882,0.0
IC0013,Sbc,Courteau97,77.62375646693317,2.5554649967936216,1.1650800460322527e-10,3.53666807702879e-11,0.5068845610289228,0.0
IC0013,Sbc,Courteau97,77.62375646693317,3.1231285433786633,8.985936807734786e-11,3.380196476484779e-11,0.49472178997916916,0.0
IC0013,Sbc,Courteau97,77.62375646693317,3.661598981892226,7.338635740711684e-11,3.4897069949402123e-11,0.4793068820992717,0.0
IC0013,Sbc,Courteau97,77.62375646693317,4.2277198032539784,8.039775497613154e-11,3.1960346080797986e-11,0.4313509988626392,0.0
IC0013,Sbc,Courteau97,77.62375646693317,4.818583563773874,8.41566067789724e-11,3.7105041235696173e-11,0.39272647066566335,0.0
IC0013,Sbc,Courteau97,77.62375646693317,5.384704385135626,8.60484426353449e-11,3.3661447771886094e-11,0.4017673987853373,0.0
IC0013,Sbc,Courteau97,77.62375646693317,5.923174823649189,7.215278839907316e-11,3.2517547136634767e-11,0.3770545201433988,0.0
IC0013,Sbc,Courteau97,77.62375646693317,6.49083837023423,6.532962439784862e-11,3.2149085747593865e-11,0.33705358828148635,0.0
IC0013,Sbc,Courteau97,77.62375646693317,7.078616680307547,6.84539053840866e-11,3.256980562067553e-11,0.2810754761345906,0.0
IC0013,Sbc,Courteau97,77.62375646693317,7.630207700167261,6.52339823768e-11,3.123986929568485e-11,0.22825154708699733,0.0
IC0013,Sbc,Courteau97,77.62375646693317,8.182792591084285,5.613235541037757e-11,2.047455916902786e-11,0.3667435658262019,0.0
IC0013,Sbc,Courteau97,77.62375646693317,8.800630308777544,6.469601119579675e-11,2.0926671823369927e-11,0.31929285938150187,0.0
IC0013,Sbc,Courteau97,77.62375646693317,9.360639564831647,7.220568849879282e-11,2.3543335572303844e-11,0.2240658974685801,0.0
IC0013,Sbc,Courteau97,77.62375646693317,9.735871874045525,6.410971112242809e-11,1.6849284763705595e-11,0.342927353017641,0.0
IC0013,Sbc,Courteau97,77.62375646693317,10.66171468256854,4.726598887070231e-11,1.5824661346627172e-11,0.3013840870761926,0.0
IC0013,Sbc,Courteau97,77.62375646693317,11.049021783433933,4.9477436887569314e-11,1.7033183198143843e-11,0.18040397643440392,0.0
IC0121,Sbc,Courteau97,50.25541374953781,0.29271487213051167,5.952918625615583e-10,3.452952257080274e-11,0.7466256175852231,0.0
IC0121,Sbc,Courteau97,50.25541374953781,0.8028908874506095,8.725119071393076e-10,9.932218556505429e-11,0.67547709190229,0.0
IC0121,Sbc,Courteau97,50.25541374953781,1.3883206317116332,6.474766124806021e-10,1.530315337989542e-10,0.6196987270827967,0.0
IC0121,Sbc,Courteau97,50.25541374953781,1.898496647031731,5.81741837426947e-10,1.835469704046072e-10,0.5543738723815577,0.0
IC0121,Sbc,Courteau97,50.25541374953781,2.3738124790924298,4.869946854046053e-10,1.9732726865317116e-10,0.5636432804857502,0.0
IC0121,Sbc,Courteau97,50.25541374953781,2.92161535888299,4.262997839928311e-10,2.00234030302761e-10,0.550624438823565,0.0
IC0121,Sbc,Courteau97,50.25541374953781,3.469418238673551,3.5112477750696916e-10,2.2012932540684282e-10,0.5017397195401021,0.0
IC0121,Sbc,Courteau97,50.25541374953781,4.017221118464111,3.4571614807738093e-10,1.9088088945414039e-10,0.4973858877312625,0.0
IC0121,Sbc,Courteau97,50.25541374953781,4.565023998254672,3.045188002708371e-10,2.380330123698518e-10,0.41081201413687474,0.0
IC0121,Sbc,Courteau97,50.25541374953781,5.112826878045233,2.603900108959049e-10,2.15197057503487e-10,0.44195376918441753,0.0
IC0121,Sbc,Courteau97,50.25541374953781,5.6606297578357925,2.49019852911757e-10,2.0101135806930376e-10,0.44465515949542544,0.0
IC0121,Sbc,Courteau97,50.25541374953781,6.208432637626354,2.427146028487305e-10,2.1027942370904907e-10,0.3969861977577326,0.0
IC0121,Sbc,Courteau97,50.25541374953781,6.756235517416915,2.5634367943825076e-10,2.3505636359598246e-10,0.3120455959624472,0.0
IC0121,Sbc,Courteau97,50.25541374953781,7.254791471650546,2.3653178355278874e-10,2.091255223361985e-10,0.25877655142114603,0.0
IC0121,Sbc,Courteau97,50.25541374953781,7.886701460257435,2.0201751205456875e-10,1.4427408119868197e-10,0.36815292113018,0.0
IC0121,Sbc,Courteau97,50.25541374953781,8.47213120451846,2.0247621730908373e-10,1.2679542757146346e-10,0.44017687324135574,0.0
IC0121,Sbc,Courteau97,50.25541374953781,8.982307219838557,2.5389515675676913e-10,1.8510699527501483e-10,0.2464508640117429,0.0
IC0121,Sbc,Courteau97,50.25541374953781,9.530110099629116,2.005845335149527e-10,1.0368570191850638e-10,0.4153973110802675,0.0
IC0121,Sbc,Courteau97,50.25541374953781,10.077912979419677,1.5513136673392118e-10,1.3264794209422656e-10,0.313150159881764,0.0
IC0121,Sbc,Courteau97,50.25541374953781,10.443114899280053,1.7131096521458033e-10,8.356711320577463e-11,0.47521725671030934,0.0
IC0121,Sbc,Courteau97,50.25541374953781,10.808316819140426,1.8340339649366284e-10,1.6870941293417852e-10,0.16834932187582158,0.0
IC0221,Sc,Courteau97,52.35217113237374,0.28058231401352624,2.2253618543813162e-10,6.987805843553932e-11,0.48910224025335447,0.0
IC0221,Sc,Courteau97,52.35217113237374,0.8887940775216349,6.008738575118424e-10,1.8699498855508273e-10,0.46193241090756276,0.0
IC0221,Sc,Courteau97,52.35217113237374,1.4964390080721401,8.283423708267971e-10,2.1621021368451327e-10,0.4000370256169103,0.0
IC0221,Sc,Courteau97,52.35217113237374,2.0088560017453276,6.182125998836186e-10,1.9222877133456487e-10,0.4073256193241326,0.0
IC0221,Sc,Courteau97,52.35217113237374,2.6350174755775337,3.602460294500505e-10,1.650282516605318e-10,0.4264372420652036,0.0
IC0221,Sc,Courteau97,52.35217113237374,3.288386931374688,1.6212595860439484e-10,1.3258702648397857e-10,0.448739432772687,0.0
IC0221,Sc,Courteau97,52.35217113237374,3.789845154534215,1.3869692500590423e-10,1.2872403133642098e-10,0.4452153641016962,0.0
IC0221,Sc,Courteau97,52.35217113237374,4.424244600683586,1.7207117669884914e-10,9.598435067420295e-11,0.4931201528526886,0.0
IC0221,Sc,Courteau97,52.35217113237374,4.956954214238964,2.2454601287833125e-10,1.1255517784843265e-10,0.41666498649520867,0.0
IC0221,Sc,Courteau97,52.35217113237374,5.565165977747073,2.0586274464944083e-10,1.1660672690608003e-10,0.4200038738037941,0.0
IC0221,Sc,Courteau97,52.35217113237374,6.172810908297578,2.2359970542331083e-10,1.1009614968368162e-10,0.4264460636704689,0.0
IC0221,Sc,Courteau97,52.35217113237374,6.733975536324631,1.732112305761224e-10,1.2568712164589532e-10,0.3454653763587377,0.0
IC0221,Sc,Courteau97,52.35217113237374,7.341620466875136,2.0179292980177587e-10,1.3504831926323338e-10,0.2718877905143633,0.0
IC0221,Sc,Courteau97,52.35217113237374,7.905052426732602,1.6576508655534076e-10,9.591139171214289e-11,0.2655198958775653,0.0
IC0221,Sc,Courteau97,52.35217113237374,8.502040897680168,1.9737864033500157e-10,7.910155957924482e-11,0.41322923811851847,0.0
IC0221,Sc,Courteau97,52.35217113237374,9.07216148643735,1.6138634358384143e-10,1.0861866135808069e-10,0.2169624011254667,0.0
IC0221,Sc,Courteau97,52.35217113237374,9.539798676459894,1.3262119600246448e-10,8.048746362903671e-11,0.24398896569920261,0.0
IC0221,Sc,Courteau97,52.35217113237374,11.455127240200712,5.3428804416672114e-11,5.467634376712563e-11,0.2807883178587002,0.0
IC0221,Sc,Courteau97,52.35217113237374,11.735709554214239,8.45067606639496e-11,7.352878553068491e-11,0.12194449477303834,0.0
IC0635,S?,Mathewson96,73.00549476752731,0.45641560613773546,2.015260973876918e-10,4.0089455247339006e-11,0.664276963534573,0.0
IC0635,S?,Mathewson96,73.00549476752731,1.3692468184132065,3.1376905896159804e-10,9.701384364338098e-11,0.5829783489496778,0.0
IC0635,S?,Mathewson96,73.00549476752731,2.2820780306886777,3.4488275942953023e-10,1.2355813847839084e-10,0.4825115081876001,0.0
IC0635,S?,Mathewson96,73.00549476752731,3.1949092429641484,2.9463052745489753e-10,1.3336045465423352e-10,0.43946017588533864,0.0
IC0635,S?,Mathewson96,73.00549476752731,4.107740455239619,2.735473697528598e-10,1.2559220634441482e-10,0.3475604093886647,0.0
IC0635,S?,Mathewson96,73.00549476752731,5.020571667515091,2.5520421970971005e-10,1.2216929905004884e-10,0.3050150098495003,0.0
IC0635,S?,Mathewson96,73.00549476752731,5.933402879790561,2.0450817310705221e-10,8.672122330413156e-11,0.3702999837562365,0.0
IC0635,S?,Mathewson96,73.00549476752731,6.846234092066032,1.9940072714295665e-10,1.0029114701119334e-10,0.25481214500418586,0.0
IC0635,S?,Mathewson96,73.00549476752731,7.759065304341503,1.7785022416495177e-10,6.621271651403975e-11,0.351174509545621,0.0
IC0635,S?,Mathewson96,73.00549476752731,8.641007783676338,2.338792580018336e-10,5.2343983765486615e-11,0.3749527103977439,0.0
IC0635,S?,Mathewson96,73.00549476752731,8.702785249557609,1.3403070503784691e-10,5.267328013540949e-11,0.3525992644098528,0.0
IC0635,S?,Mathewson96,73.00549476752731,9.584727728892444,1.3640229916815773e-10,4.5979797347318526e-11,0.34173932750084807,0.0
IC0635,S?,Mathewson96,73.00549476752731,10.52844767410855,1.3321170527240572e-10,3.834398702801248e-11,0.35990605876113796,0.0
IC0635,S?,Mathewson96,73.00549476752731,11.441278886384021,1.6703579435000735e-10,3.447252761090567e-11,0.36312159815795003,0.0
IC0635,S?,Mathewson96,73.00549476752731,12.354110098659492,8.920579291220685e-11,3.690280504755572e-11,0.26813003790476947,0.0
IC0677,Sbc,Courteau97,64.05711319515699,0.3442079266962403,3.030839142757806e-10,3.6338705938364734e-11,0.5977574839918496,0.0
IC0677,Sbc,Courteau97,64.05711319515699,0.8605198167406006,2.261651868769236e-10,7.814648683216294e-11,0.566161770975099,0.0
IC0677,Sbc,Courteau97,64.05711319515699,1.4628836884590213,2.419995806746942e-10,1.0495620376531045e-10,0.5134568919882405,0.0
IC0677,Sbc,Courteau97,64.05711319515699,2.0652475601774416,2.1165243598182588e-10,1.1038422794406812e-10,0.46996800431925767,0.0
IC0677,Sbc,Courteau97,64.05711319515699,2.581559450221802,2.0551461908126962e-10,1.1428331622894849e-10,0.4405324042633254,0.0
IC0677,Sbc,Courteau97,64.05711319515699,3.1839233219402225,1.8747706069455915e-10,1.192680388699926e-10,0.39996749804040127,0.0
IC0677,Sbc,Courteau97,64.05711319515699,3.786287193658643,1.4858368818381693e-10,1.2070752391359794e-10,0.32138844533860217,0.0
IC0677,Sbc,Courteau97,64.05711319515699,4.388651065377063,1.3823151504358844e-10,9.78337321252881e-11,0.3700472468880731,0.0
IC0677,Sbc,Courteau97,64.05711319515699,4.991014937095485,1.237610058007302e-10,9.469209085206285e-11,0.2756886705552797,0.0
IC0677,Sbc,Courteau97,64.05711319515699,5.541747619809469,1.0605062038716348e-10,9.579054852984259e-11,0.2440192045527117,0.0
IC0677,Sbc,Courteau97,64.05711319515699,6.109690698858266,1.3709844239917233e-10,9.270042790560779e-11,0.20884303578700852,0.0
IC0677,Sbc,Courteau97,64.05711319515699,6.712054570576686,1.253117784032931e-10,8.565159956539018e-11,0.17497113023773717,0.0
IC0677,Sbc,Courteau97,64.05711319515699,7.056262497272925,9.594278827775383e-11,6.52640389298355e-11,0.28141702523320294,0.0
IC0677,Sbc,Courteau97,64.05711319515699,10.928601672605629,4.719250303272397e-11,3.787935982738113e-11,0.11277767531060848,0.0
IC0677,Sbc,Courteau97,64.05711319515699,11.358861580975928,4.064680488663413e-11,3.0755089639493274e-11,0.1640509274766501,0.0
IC0677,Sbc,Courteau97,64.05711319515699,11.70306950767217,4.1708067565381334e-11,2.917424419478861e-11,0.1329819895031918,0.0
IC0756,(R')SA(s)c: AGN,Mathewson96,66.85168765223474,0.0834657164327443,4.945923474436428e-10,3.3536403121693406e-12,0.0,0.0
IC0756,(R')SA(s)c: AGN,Mathewson96,66.85168765223474,1.2271939495309432,9.04866241814464e-11,7.471540497736377e-11,0.561327581562518,0.0
IC0756,(R')SA(s)c: AGN,Mathewson96,66.85168765223474,1.7197243158073352,2.2537587478661613e-11,8.435204983754052e-11,0.5255562354717951,0.0
IC0756,(R')SA(s)c: AGN,Mathewson96,66.85168765223474,2.454387899061887,1.0278787460953891e-10,8.717171651030451e-11,0.48896212904921904,0.0
IC0756,(R')SA(s)c: AGN,Mathewson96,66.85168765223474,3.2725171987491817,2.6451129220506324e-10,7.908960604953165e-11,0.4850195384462512,0.0
IC0756,(R')SA(s)c: AGN,Mathewson96,66.85168765223474,4.090646498436477,2.5175017239682615e-10,7.486611440719791e-11,0.4599871905440538,0.0
IC0756,(R')SA(s)c: AGN,Mathewson96,66.85168765223474,4.908775798123774,2.4388350573688195e-10,6.862966519327223e-11,0.4318253529723699,0.0
IC0756,(R')SA(s)c: AGN,Mathewson96,66.85168765223474,5.810370814243812,1.3804644962068595e-10,4.765223145709819e-11,0.5640096338299952,0.0
IC0756,(R')SA(s)c: AGN,Mathewson96,66.85168765223474,6.545034397498364,2.413805131089223e-10,5.854800885243422e-11,0.42085011360288405,0.0
IC0756,(R')SA(s)c: AGN,Mathewson96,66.85168765223474,7.363163697185659,1.7037584362486546e-10,6.593269026902705e-11,0.40721457701009645,0.0
IC0756,(R')SA(s)c: AGN,Mathewson96,66.85168765223474,8.181292996872955,1.5215333666362542e-10,5.825371343833716e-11,0.43294551241026874,0.0
IC0756,(R')SA(s)c: AGN,Mathewson96,66.85168765223474,8.99942229656025,1.4115493457588308e-10,5.7492804059494025e-11,0.409927365146633,0.0
IC0756,(R')SA(s)c: AGN,Mathewson96,66.85168765223474,9.817551596247545,1.324945622831061e-10,6.287174147224662e-11,0.3471809043328518,0.0
IC0756,(R')SA(s)c: AGN,Mathewson96,66.85168765223474,10.63568089593484,1.545936813566128e-10,7.000439424202005e-11,0.2653196595787617,0.0
IC0756,(R')SA(s)c: AGN,Mathewson96,66.85168765223474,11.53727591205488,1.0318988165330615e-10,3.9722721531183045e-11,0.34123578529281284,0.0
IC0756,(R')SA(s)c: AGN,Mathewson96,66.85168765223474,12.355405211742177,9.536349330493259e-11,2.790475226204021e-11,0.5611162226678569,0.0
IC0756,(R')SA(s)c: AGN,Mathewson96,66.85168765223474,13.173534511429471,8.692063691294895e-11,5.128161975863665e-11,0.2709974980427617,0.0
IC0756,(R')SA(s)c: AGN,Mathewson96,66.85168765223474,13.991663811116767,6.216867647849083e-11,4.270755687485595e-11,0.20974871436011994,0.0
IC0756,(R')SA(s)c: AGN,Mathewson96,66.85168765223474,14.809793110804062,8.132003950757563e-11,3.320412741240328e-11,0.36030897233473486,0.0
IC0756,(R')SA(s)c: AGN,Mathewson96,66.85168765223474,15.627922410491358,7.782276694083422e-11,5.010556464304775e-11,0.16538096847288566,0.0
IC0768,Scd:,Mathewson96,65.1110523675367,0.29103499381863135,2.593707955893999e-11,1.4236249765776957e-11,0.5772262629711905,0.0
IC0768,Scd:,Mathewson96,65.1110523675367,0.873104981455894,7.632100649739602e-11,3.7270209467604485e-11,0.5546571110132854,0.0
IC0768,Scd:,Mathewson96,65.1110523675367,1.4551749690931568,1.432597521944677e-10,4.866203989922509e-11,0.47652881757884963,0.0
IC0768,Scd:,Mathewson96,65.1110523675367,1.974040387365767,1.0925958048101378e-10,5.085121585285613e-11,0.46027438380083285,0.0
IC0768,Scd:,Mathewson96,65.1110523675367,2.1004495260950717,1.3304494641024192e-10,4.969023263948656e-11,0.4626716583395198,0.0
IC0768,Scd:,Mathewson96,65.1110523675367,2.619314944367682,1.362252889786575e-10,4.573814207509255e-11,0.45648255037841695,0.0
IC0768,Scd:,Mathewson96,65.1110523675367,3.2013849320049452,9.251095057346136e-11,4.212590865719487e-11,0.46483569746067654,0.0
IC0768,Scd:,Mathewson96,65.1110523675367,3.7834549196422076,1.2145431323535654e-10,3.616594450148982e-11,0.47889296469344245,0.0
IC0768,Scd:,Mathewson96,65.1110523675367,4.36552490727947,9.158165602496446e-11,3.987504568315522e-11,0.45300132485103145,0.0
IC0768,Scd:,Mathewson96,65.1110523675367,4.947594894916733,9.69854177361855e-11,3.001513212723421e-11,0.5252470172370699,0.0
IC0768,Scd:,Mathewson96,65.1110523675367,5.466460313189343,8.870029038031028e-11,2.7469349083775523e-11,0.5338338294277795,0.0
IC0768,Scd:,Mathewson96,65.1110523675367,5.820699876372627,7.848441524391573e-11,3.76017139311845e-11,0.4101503058228799,0.0
IC0768,Scd:,Mathewson96,65.1110523675367,6.17493943955591,1.1361218133729093e-10,3.379221482076531e-11,0.3255026708083088,0.0
IC0768,Scd:,Mathewson96,65.1110523675367,6.630600288463868,5.981323565059586e-11,2.5982375597987177e-11,0.49904386441891996,0.0
IC0768,Scd:,Mathewson96,65.1110523675367,7.275874845465784,9.084393554000666e-11,2.5214980969864788e-11,0.4730548759441605,0.0
IC0768,Scd:,Mathewson96,65.1110523675367,7.794740263738394,8.438393815526591e-11,3.2431808695932054e-11,0.3406733823047089,0.0
IC0768,Scd:,Mathewson96,65.1110523675367,8.376810251375657,7.420470009342081e-11,3.5928464810390795e-11,0.25208118548392,0.0
IC0768,Scd:,Mathewson96,65.1110523675367,8.95888023901292,8.312704140695683e-11,2.1371287897452377e-11,0.4048651267086392,0.0
IC0768,Scd:,Mathewson96,65.1110523675367,9.540950226650182,6.39181102055727e-11,2.367369252091905e-11,0.35037198267458414,0.0
IC0768,Scd:,Mathewson96,65.1110523675367,10.123020214287445,7.754759769118561e-11,3.077515754481806e-11,0.19861459032393722,0.0
IC0797,SB(s)c II.5 HII,SHIVir,51.2551343071332,0.16696967493273218,6.399102611522247e-11,1.852064680604767e-11,0.11959678750104533,0.0
IC0797,SB(s)c II.5 HII,SHIVir,51.2551343071332,0.43412115482510366,8.505039857401514e-11,4.005715569224228e-11,0.34511958997917613,0.0
IC0797,SB(s)c II.5 HII,SHIVir,51.2551343071332,0.7346665697040216,7.869620334828351e-11,5.7727984064646604e-11,0.31775250150673356,0.0
IC0797,SB(s)c II.5 HII,SHIVir,51.2551343071332,1.0352119845829395,7.793991589404109e-11,6.506520146758283e-11,0.25099338013623795,0.0
IC0797,SB(s)c II.5 HII,SHIVir,51.2551343071332,1.3357573994618575,5.902296007829773e-11,6.107890333819008e-11,0.25796630163959433,0.0
IC0797,SB(s)c II.5 HII,SHIVir,51.2551343071332,1.63153225219984,6.007508581235407e-11,5.770497439393957e-11,0.22478160958975493,0.0
IC0797,SB(s)c II.5 HII,SHIVir,51.2551343071332,1.925716917557511,6.366791226881869e-11,5.483781095564005e-11,0.20532310612915758,0.0
IC0797,SB(s)c II.5 HII,SHIVir,51.2551343071332,2.2707875790851575,5.166325647121991e-11,4.8534686409145105e-11,0.1810163204914559,0.0
IC0800,SB(rs)c pec? HII,SHIVir,45.719776964682154,0.14253508835721038,1.453108153097702e-11,1.2671853231732642e-11,0.08455652272851913,0.0
IC0800,SB(rs)c pec? HII,SHIVir,45.719776964682154,0.4457049588312769,2.2586924517162125e-11,3.6334363208400844e-11,0.36100307654085195,0.0
IC0800,SB(rs)c pec? HII,SHIVir,45.719776964682154,0.7483092138753544,5.852855671243925e-11,5.32237468775147e-11,0.29061804369204375,0.0
IC0800,SB(rs)c pec? HII,SHIVir,45.719776964682154,1.050913468919432,7.013201665926647e-11,5.151806271090068e-11,0.32375649088576447,0.0
IC0800,SB(rs)c pec? HII,SHIVir,45.719776964682154,1.340993382299469,9.320347771969196e-11,4.775411114261166e-11,0.331544478498003,0.0
IC0800,SB(rs)c pec? HII,SHIVir,45.719776964682154,1.6544251327176205,9.235099670284453e-11,4.561867078823448e-11,0.31639386699979116,0.0
IC0800,SB(rs)c pec? HII,SHIVir,45.719776964682154,1.9394953094320413,9.850308683992879e-11,4.380239583320505e-11,0.26792602301331137,0.0
IC0800,SB(rs)c pec? HII,SHIVir,45.719776964682154,2.224565486146462,8.779059314772006e-11,4.316959567506643e-11,0.2624889834606127,0.0
IC0800,SB(rs)c pec? HII,SHIVir,45.719776964682154,2.5452694349501854,7.898719071397398e-11,4.161592795805592e-11,0.2089197518541073,0.0
IC0800,SB(rs)c pec? HII,SHIVir,45.719776964682154,2.865973383753909,6.94736734189067e-11,3.8434166721828445e-11,0.14734648942490533,0.0
IC0800,SB(rs)c pec? HII,SHIVir,45.719776964682154,3.044142244200422,8.556695020627676e-11,3.5627910497351584e-11,0.18873637422373737,0.0
IC0842,Sb,Courteau97,63.47546456373416,0.3811105068722275,2.695005042015354e-10,2.0665609687672053e-11,0.7182607252483183,0.0
IC0842,Sb,Courteau97,63.47546456373416,1.1469100230286282,3.2176672888445536e-10,5.359537844488694e-11,0.6476922809791449,0.0
IC0842,Sb,Courteau97,63.47546456373416,1.8475807952876153,2.0081881189707298e-10,7.035614864725195e-11,0.5844445950018821,0.0
IC0842,Sb,Courteau97,63.47546456373416,2.5765217366009745,2.386789376035487e-10,7.382003353638916e-11,0.569717811124097,0.0
IC0842,Sb,Courteau97,63.47546456373416,3.3054626779143335,1.6179854971856017e-10,7.635546981070618e-11,0.5266058085543602,0.0
IC0842,Sb,Courteau97,63.47546456373416,4.102037314813468,1.7441170830379544e-10,7.04390150311353e-11,0.5520503692696395,0.0
IC0842,Sb,Courteau97,63.47546456373416,4.830978256126827,1.3666643996877718e-10,7.086721937848817e-11,0.5029862650579238,0.0
IC0842,Sb,Courteau97,63.47546456373416,5.47510869027707,1.1568592076577564e-10,6.605222464976035e-11,0.5472178370860289,0.0
IC0842,Sb,Courteau97,63.47546456373416,6.1925984238722025,1.2366638569454104e-10,3.996452325130533e-11,0.6797451279726624,0.0
IC0842,Sb,Courteau97,63.47546456373416,7.034441116282451,1.3996823078589027e-10,7.136346521466435e-11,0.4146187701421651,0.0
IC0842,Sb,Courteau97,63.47546456373416,7.729565209802923,1.2802511216089365e-10,6.968338618231639e-11,0.3921544588315867,0.0
IC0842,Sb,Courteau97,63.47546456373416,8.458506151116282,1.2357922225609143e-10,5.4066852381463677e-11,0.4215877879778258,0.0
IC0842,Sb,Courteau97,63.47546456373416,9.255080788015416,1.1381931965375627e-10,3.567721272707384e-11,0.6027052570056729,0.0
IC0842,Sb,Courteau97,63.47546456373416,9.984021729328775,1.0915467866374329e-10,2.9460892912884685e-11,0.686439843679903,0.0
IC0842,Sb,Courteau97,63.47546456373416,10.628152163479019,1.401971824272541e-10,7.465031903007143e-11,0.33194434466151596,0.0
IC0842,Sb,Courteau97,63.47546456373416,11.357093104792378,1.2976091772822107e-10,8.992661849603516e-11,0.18137949782165275,0.0
IC0842,Sb,Courteau97,63.47546456373416,12.153667741691512,1.1413032501874007e-10,3.376456784694531e-11,0.5688660406293874,0.0
IC0842,Sb,Courteau97,63.47546456373416,12.941653972801976,9.729053625879578e-11,6.66618968982601e-11,0.21225637427156807,0.0
IC0842,Sb,Courteau97,63.47546456373416,13.585784406952222,6.944033132637508e-11,4.3381906094266793e-11,0.3081181670654013,0.0
IC0842,Sb,Courteau97,63.47546456373416,14.229914841102463,8.128482556057595e-11,5.510191271807927e-11,0.18385184520061462,0.0
IC0842,Sb,Courteau97,63.47546456373416,14.713012666715148,1.0927484284194869e-10,3.4517985836729425e-11,0.37778293519424855,0.0
IC0871,Sb,Courteau97,62.878515400846716,0.593805003164753,3.741465461953023e-10,1.4043601144164893e-10,0.5966360931233791,0.0
IC0871,Sb,Courteau97,62.878515400846716,1.7347768744091339,6.857735073254368e-10,2.836869848381843e-10,0.43337248552799124,0.0
IC0871,Sb,Courteau97,62.878515400846716,2.802331874045524,5.808188068870205e-10,2.7024705076094057e-10,0.3723861823136155,0.0
IC0871,Sb,Courteau97,62.878515400846716,3.869886873681914,4.398553566839433e-10,1.9301802660668516e-10,0.3957642266640275,0.0
IC0871,Sb,Courteau97,62.878515400846716,4.9374418733183045,3.4778030879772395e-10,2.0030265600227023e-10,0.3046524876622493,0.0
IC0871,Sb,Courteau97,62.878515400846716,6.0049968729546945,3.053577102239202e-10,1.6406726310127243e-10,0.2921602668506822,0.0
IC0871,Sb,Courteau97,62.878515400846716,7.072551872591084,2.765159617660303e-10,1.3711932748379444e-10,0.2370589992799485,0.0
IC0871,Sb,Courteau97,62.878515400846716,8.081992135775407,2.121684646237757e-10,1.0903481514001008e-10,0.2995527148503267,0.0
IC0871,Sb,Courteau97,62.878515400846716,9.201191841563038,1.6482479482279766e-10,6.602293248328682e-11,0.4247340720129168,0.0
IC0871,Sb,Courteau97,62.878515400846716,10.331483027866371,2.04696805508157e-10,8.836676305948501e-11,0.18848846278030018,0.0
IC0871,Sb,Courteau97,62.878515400846716,11.349241901437471,2.0136915670753962e-10,7.686096325689673e-11,0.17986211517703882,0.0
IC0871,Sb,Courteau97,62.878515400846716,13.071078715244951,9.588108172881477e-11,5.425811702883544e-11,0.2681816601471757,0.0
IC0871,Sb,Courteau97,62.878515400846716,13.738300590017696,1.5659808614052232e-10,5.96593767924009e-11,0.1678807369205119,0.0
IC0871,Sb,Courteau97,62.878515400846716,14.805855589654087,1.2163684331155437e-10,3.157943529132328e-11,0.43404297367125266,0.0
IC0871,Sb,Courteau97,62.878515400846716,15.873410589290476,1.2185803569080109e-10,3.9384213990031356e-11,0.2593725897851722,0.0
IC0871,Sb,Courteau97,62.878515400846716,16.80752121397232,1.5179313876488612e-10,4.869057780603605e-11,0.14788516765494292,0.0
IC0871,Sb,Courteau97,62.878515400846716,19.489348773664947,6.41283730160481e-11,2.4529844456941193e-11,0.3096220315704865,0.0
IC0871,Sb,Courteau97,62.878515400846716,20.15657064843769,7.613601689817186e-11,3.5297937609096165e-11,0.1396866185961775,0.0
IC0871,Sb,Courteau97,62.878515400846716,21.22412564807408,8.465493934739345e-11,2.309223761333791e-11,0.2607022303641837,0.0
IC0871,Sb,Courteau97,62.878515400846716,21.891347522846825,7.958072252712983e-11,1.5409743817667643e-11,0.4543240704148353,0.0
IC0900,SAB(s)bc,Mathewson96,51.821060399057004,0.4803586648243764,5.833574850656679e-11,3.6726430637140694e-11,0.7361342307136386,0.0
IC0900,SAB(s)bc,Mathewson96,51.821060399057004,1.4410759944731293,2.9050356009386294e-10,9.206321131046688e-11,0.6609343077546314,0.0
IC0900,SAB(s)bc,Mathewson96,51.821060399057004,2.401793324121882,2.1933251338189422e-10,1.0354741615602084e-10,0.6296427690004055,0.0
IC0900,SAB(s)bc,Mathewson96,51.821060399057004,3.3625106537706344,2.1033679082941626e-10,1.3412762646184486e-10,0.5710646285610608,0.0
IC0900,SAB(s)bc,Mathewson96,51.821060399057004,4.323227983419388,2.1047651419505081e-10,1.312917341134898e-10,0.5026661756550008,0.0
IC0900,SAB(s)bc,Mathewson96,51.821060399057004,5.1524531937071245,1.52142016866959e-10,1.0139736448923483e-10,0.5892928477104176,0.0
IC0900,SAB(s)bc,Mathewson96,51.821060399057004,5.764303977892517,1.6167367090673996e-10,1.3560722713156237e-10,0.43292106029336164,0.0
IC0900,SAB(s)bc,Mathewson96,51.821060399057004,6.725021307541271,1.7135293624029291e-10,1.0804391594243385e-10,0.5513887129821091,0.0
IC0900,SAB(s)bc,Mathewson96,51.821060399057004,7.685738637190022,1.7239859571957718e-10,1.5273084360906317e-10,0.28101973982305184,0.0
IC0900,SAB(s)bc,Mathewson96,51.821060399057004,8.297589421375415,1.9958901166564634e-10,8.673364484614596e-11,0.5226324809503078,0.0
IC0900,SAB(s)bc,Mathewson96,51.821060399057004,9.126814631663152,1.3210131586039492e-10,7.245164297927954e-11,0.5461832524977931,0.0
IC0900,SAB(s)bc,Mathewson96,51.821060399057004,10.087531961311903,1.5121690495989328e-10,6.462916661662933e-11,0.533480215732219,0.0
IC0900,SAB(s)bc,Mathewson96,51.821060399057004,11.048249290960657,1.5143451371420248e-10,5.351052341618115e-11,0.5729110834099699,0.0
IC0900,SAB(s)bc,Mathewson96,51.821060399057004,12.00896662060941,1.1642550381574e-10,6.200741979813175e-11,0.4754036014712316,0.0
IC0900,SAB(s)bc,Mathewson96,51.821060399057004,12.969683950258164,9.340997016265881e-11,7.529830117864153e-11,0.3299285962627599,0.0
IC0900,SAB(s)bc,Mathewson96,51.821060399057004,14.061893399267932,1.0239501586999176e-10,8.347733295017454e-11,0.23107462406016005,0.0
IC0900,SAB(s)bc,Mathewson96,51.821060399057004,15.022610728916684,1.0514945797119604e-10,9.132437351785386e-11,0.1464906524453854,0.0
IC0900,SAB(s)bc,Mathewson96,51.821060399057004,15.983328058565439,9.527879895066314e-11,4.6334105154314473e-11,0.39263643628245654,0.0
IC0900,SAB(s)bc,Mathewson96,51.821060399057004,16.94404538821419,7.799264298317892e-11,6.69651474024297e-11,0.17579000461074093,0.0
IC0900,SAB(s)bc,Mathewson96,51.821060399057004,17.904762717862944,8.089300716086112e-11,3.2008899432821175e-11,0.46961663330042547,0.0
IC0952,SBbc,Mathewson96,71.40243241348341,0.004993161224638208,3.393457877335131e-11,2.0023310004934023e-13,0.0,0.0
IC0952,SBbc,Mathewson96,71.40243241348341,0.5815564249872736,2.834439501831554e-12,2.6671285638053306e-11,0.651209113940255,0.0
IC0952,SBbc,Mathewson96,71.40243241348341,1.1631128499745471,5.2028148400643564e-11,4.4782500927322795e-11,0.5806325263171416,0.0
IC0952,SBbc,Mathewson96,71.40243241348341,1.7446692749618207,8.829641107410774e-11,4.958832837251997e-11,0.5556474820967422,0.0
IC0952,SBbc,Mathewson96,71.40243241348341,2.3262256999490942,9.139564115586554e-11,4.920280903044799e-11,0.5541504678725172,0.0
IC0952,SBbc,Mathewson96,71.40243241348341,2.9077821249363676,9.296983608468834e-11,5.8178381392064607e-11,0.4878954635888542,0.0
IC0952,SBbc,Mathewson96,71.40243241348341,3.4893385499236413,1.0782463624678579e-10,6.611636075664278e-11,0.3900654391663347,0.0
IC0952,SBbc,Mathewson96,71.40243241348341,4.070894974910916,1.1092664073523797e-10,5.997740426956142e-11,0.42219341229858875,0.0
IC0952,SBbc,Mathewson96,71.40243241348341,4.6524513998981885,8.192452214794558e-11,6.072308131721543e-11,0.32359053646866703,0.0
IC0952,SBbc,Mathewson96,71.40243241348341,5.234007824885462,9.26936161444067e-11,6.008820104738287e-11,0.32115646811635995,0.0
IC0952,SBbc,Mathewson96,71.40243241348341,5.815564249872736,7.66066022814638e-11,5.3373797592646203e-11,0.3288250923030041,0.0
IC0952,SBbc,Mathewson96,71.40243241348341,6.39712067486001,6.878728128049137e-11,4.833133843050437e-11,0.32449286679546074,0.0
IC0952,SBbc,Mathewson96,71.40243241348341,6.978677099847283,5.865415964112503e-11,4.7037297609563007e-11,0.29186749541635254,0.0
IC0952,SBbc,Mathewson96,71.40243241348341,7.5602335248345565,5.718683955462362e-11,4.515917863996121e-11,0.24920382343140476,0.0
IC0952,SBbc,Mathewson96,71.40243241348341,8.14178994982183,5.0792172691408686e-11,2.898954878442683e-11,0.3783057630626593,0.0
IC0952,SBbc,Mathewson96,71.40243241348341,8.723346374809104,6.781340676502008e-11,2.894289996857301e-11,0.37830124703518847,0.0
IC0952,SBbc,Mathewson96,71.40243241348341,9.304902799796377,5.283752998905166e-11,3.7008392761764183e-11,0.23147359243413332,0.0
IC0952,SBbc,Mathewson96,71.40243241348341,9.881466063559012,5.2468863506975266e-11,2.49103619587094e-11,0.31308989354090033,0.0
IC0984,Sb,Mathewson96,75.92415907675074,0.31240975929023346,4.494903302431968e-10,1.848333980889913e-11,0.6675890290392398,0.0
IC0984,Sb,Mathewson96,75.92415907675074,0.9372292778707005,1.882916813215425e-10,4.705454370763939e-11,0.6391381959051241,0.0
IC0984,Sb,Mathewson96,75.92415907675074,1.5620487964511671,1.965838855213082e-10,6.433007793553517e-11,0.5721664854056853,0.0
IC0984,Sb,Mathewson96,75.92415907675074,2.186868315031634,2.160648684479724e-10,7.255637248889678e-11,0.5531411266044226,0.0
IC0984,Sb,Mathewson96,75.92415907675074,2.6475938186313726,2.5999506709073666e-10,7.442907555160438e-11,0.5354439096015793,0.0
IC0984,Sb,Mathewson96,75.92415907675074,3.436507352192568,2.507568069075093e-10,7.336605811755736e-11,0.49812427662348996,0.0
IC0984,Sb,Mathewson96,75.92415907675074,4.061326870773035,2.4878686115996204e-10,6.220703773285943e-11,0.5214015946800548,0.0
IC0984,Sb,Mathewson96,75.92415907675074,4.686146389353501,1.9361620788227116e-10,7.4207004486264e-11,0.47160027609689964,0.0
IC0984,Sb,Mathewson96,75.92415907675074,5.310965907933969,1.7339342797125227e-10,5.2564067402821383e-11,0.566141365224157,0.0
IC0984,Sb,Mathewson96,75.92415907675074,5.935785426514435,2.0756660840130468e-10,4.769805492827783e-11,0.5515672668158546,0.0
IC0984,Sb,Mathewson96,75.92415907675074,6.560604945094902,1.711565840617677e-10,4.766094373306686e-11,0.5117221039564634,0.0
IC0984,Sb,Mathewson96,75.92415907675074,7.1854244636753695,1.446595365694817e-10,4.0856777276935076e-11,0.5574592882322571,0.0
IC0984,Sb,Mathewson96,75.92415907675074,7.810243982255837,1.1813453541966962e-10,3.797866722464284e-11,0.5748646413277001,0.0
IC0984,Sb,Mathewson96,75.92415907675074,8.435063500836304,1.1895559984466659e-10,4.887734639101506e-11,0.4596834365538845,0.0
IC0984,Sb,Mathewson96,75.92415907675074,9.05988301941677,8.727141446149465e-11,6.896729250204727e-11,0.2919854767677643,0.0
IC0984,Sb,Mathewson96,75.92415907675074,9.684702537997238,1.3851728712435125e-10,4.4353713531292535e-11,0.3332861214190561,0.0
IC0984,Sb,Mathewson96,75.92415907675074,10.145428041596976,1.3105158908433673e-10,5.0773623182630345e-11,0.3540923514768845,0.0
IC0984,Sb,Mathewson96,75.92415907675074,10.770247560177443,1.0661784589048226e-10,6.255074983358782e-11,0.2121227677295369,0.0
IC0984,Sb,Mathewson96,75.92415907675074,11.39506707875791,6.860201750269333e-11,3.166753835723967e-11,0.4823105313848712,0.0
IC0984,Sb,Mathewson96,75.92415907675074,12.019886597338377,7.819828760682372e-11,5.6485448750298265e-11,0.21310794457209686,0.0
IC0984,Sb,Mathewson96,75.92415907675074,12.644706115918844,7.733731948311264e-11,2.3356754356648134e-11,0.5441851317893558,0.0
IC1048,S,Mathewson96,76.08978280187621,0.16137916111151515,1.2920113778535622e-10,2.281023724808716e-11,0.24918319288685312,0.0
IC1048,S,Mathewson96,76.08978280187621,0.4387149734564759,5.6616246812742994e-11,5.931370575471997e-11,0.45367227404464017,0.0
IC1048,S,Mathewson96,76.08978280187621,0.7160507858014368,1.0519669952901218e-10,8.511882061638139e-11,0.4173146978872572,0.0
IC1048,S,Mathewson96,76.08978280187621,1.038809108024467,1.3940569063267953e-10,9.400940186544986e-11,0.4158270013089276,0.0
IC1048,S,Mathewson96,76.08978280187621,1.3741232459861505,1.8651190790440144e-10,8.959539081397473e-11,0.428727179617902,0.0
IC1048,S,Mathewson96,76.08978280187621,1.6451811504617846,2.1809098664585645e-10,8.59388198790922e-11,0.43619369982190037,0.0
IC1048,S,Mathewson96,76.08978280187621,1.9162390549374189,2.2883335693154669e-10,8.120757571912973e-11,0.4141761101131249,0.0
IC1048,S,Mathewson96,76.08978280187621,2.2515531928991024,1.7987819250843343e-10,7.611518300112018e-11,0.4454723107350631,0.0
IC1048,S,Mathewson96,76.08978280187621,2.5743115151221327,1.3224383563209684e-10,7.720818358423962e-11,0.41587374331272575,0.0
IC1048,S,Mathewson96,76.08978280187621,2.8516473274670933,1.279749540663303e-10,7.952337821132384e-11,0.39106485401626423,0.0
IC1048,S,Mathewson96,76.08978280187621,3.128983139812054,1.499468437253878e-10,8.228721254747532e-11,0.3501449842525721,0.0
IC1048,S,Mathewson96,76.08978280187621,3.4517414620350846,1.537159424273004e-10,8.503527741856668e-11,0.3088569526109799,0.0
IC1048,S,Mathewson96,76.08978280187621,3.729077274380045,1.6919133626102212e-10,8.043833703554297e-11,0.2585767291514103,0.0
IC1048,S,Mathewson96,76.08978280187621,4.006413086725005,1.515628268800521e-10,7.623252777271618e-11,0.30366459016427255,0.0
IC1048,S,Mathewson96,76.08978280187621,4.329171408948036,1.4488232480784955e-10,7.821090921915608e-11,0.26076888326535436,0.0
IC1048,S,Mathewson96,76.08978280187621,4.651929731171067,1.2843087555839035e-10,7.941552144981463e-11,0.19347742826779052,0.0
IC1048,S,Mathewson96,76.08978280187621,4.980965961263424,1.4220988843948127e-10,6.906029679061015e-11,0.13360143358162999,0.0
IC1048,S,Mathewson96,76.08978280187621,5.310002191355781,1.1972434355834224e-10,6.218169248078919e-11,0.19744308499434604,0.0
IC1048,S,Mathewson96,76.08978280187621,5.529359678084018,1.9970323791662502e-10,6.276877639253186e-11,0.12589837344785262,0.0
IC1048,S,Mathewson96,76.08978280187621,5.858395908176375,1.6283958654257662e-10,5.2612845866499e-11,0.17653493875079768,0.0
IC1133,Scd:,Courteau97,73.47690630649483,0.21378763687489397,5.234261662708373e-12,3.616817055748581e-12,0.7254316898257323,0.0
IC1133,Scd:,Courteau97,73.47690630649483,0.620102261653698,1.5240989354406344e-11,1.0725139362652964e-11,0.7187708962994593,0.0
IC1133,Scd:,Courteau97,73.47690630649483,1.0630324485491964,5.0016049686551345e-11,1.8861874827792302e-11,0.6515375409773708,0.0
IC1133,Scd:,Courteau97,73.47690630649483,1.505962635444695,6.945293567347678e-11,2.633294399600696e-11,0.5876395682591775,0.0
IC1133,Scd:,Courteau97,73.47690630649483,1.9122772602234988,8.052770564205749e-11,2.9943803788436513e-11,0.5437368645244943,0.0
IC1133,Scd:,Courteau97,73.47690630649483,2.339852533973287,8.248507417151756e-11,3.166050730103787e-11,0.5116894488259008,0.0
IC1133,Scd:,Courteau97,73.47690630649483,2.7461671587520913,7.092856953401019e-11,3.3092059784436505e-11,0.5012391617526537,0.0
IC1133,Scd:,Courteau97,73.47690630649483,3.1890973456475895,5.845784164162002e-11,3.3901018727343105e-11,0.4436640294929141,0.0
IC1133,Scd:,Courteau97,73.47690630649483,3.6320275325430877,5.841089738190956e-11,3.553484449552652e-11,0.4305894104494493,0.0
IC1133,Scd:,Courteau97,73.47690630649483,4.0383421573218925,5.041064965059059e-11,3.427136699527337e-11,0.4175899207064966,0.0
IC1133,Scd:,Courteau97,73.47690630649483,4.46591743107168,8.016130690354612e-11,3.1399651243044755e-11,0.42000444029196143,0.0
IC1133,Scd:,Courteau97,73.47690630649483,4.872232055850484,4.333521586088803e-11,3.023512635162624e-11,0.4060728938399083,0.0
IC1133,Scd:,Courteau97,73.47690630649483,5.315162242745982,4.5290143374235526e-11,2.910487521399829e-11,0.3917856736579808,0.0
IC1133,Scd:,Courteau97,73.47690630649483,5.758092429641481,5.028437381090956e-11,2.8965841691573946e-11,0.35770397277617616,0.0
IC1133,Scd:,Courteau97,73.47690630649483,6.164407054420285,5.5042554763165795e-11,2.164277509940999e-11,0.40673372853802137,0.0
IC1133,Scd:,Courteau97,73.47690630649483,6.591982328170073,4.822549738575339e-11,1.969567782575416e-11,0.47589542573343513,0.0
IC1133,Scd:,Courteau97,73.47690630649483,6.966799695214085,5.1514041205534205e-11,2.8249894674543953e-11,0.30404734923617893,0.0
IC1133,Scd:,Courteau97,73.47690630649483,7.435321404019103,7.040554997355957e-11,1.8637217885686027e-11,0.41244170234284766,0.0
IC1133,Scd:,Courteau97,73.47690630649483,7.878251590914601,5.540750048957035e-11,2.2268750347039865e-11,0.3502270729462895,0.0
IC1133,Scd:,Courteau97,73.47690630649483,8.232595740431,5.3957266132038426e-11,2.0430175707043862e-11,0.27926237740873394,0.0
IC1133,Scd:,Courteau97,73.47690630649483,8.498353852568298,7.825312102333112e-11,2.556707295007362e-11,0.243058898709852,0.0
IC1474,Scd:,Courteau97/Mathewson96,61.47112067304459,0.2741618123199856,1.0872714682047144e-10,4.964877772577097e-11,0.4453205437099924,0.0
IC1474,Scd:,Courteau97/Mathewson96,61.47112067304459,0.8222589193513199,2.141913439718406e-10,1.0583030614832141e-10,0.49249332062487583,0.0
IC1474,Scd:,Courteau97/Mathewson96,61.47112067304459,1.343022901607156,2.1553047883998752e-10,1.2535739288000229e-10,0.4526658984336162,0.0
IC1474,Scd:,Courteau97/Mathewson96,61.47112067304459,1.8957636196155432,1.6079586369021152e-10,1.379592391789526e-10,0.40902985861464103,0.0
IC1474,Scd:,Courteau97/Mathewson96,61.47112067304459,2.4425058157655872,1.756560743969768e-10,1.4255839768825565e-10,0.3133821314537052,0.0
IC1474,Scd:,Courteau97/Mathewson96,61.47112067304459,2.8662783138196013,1.9068131119590762e-10,1.3332437782754987e-10,0.3322207805606557,0.0
IC1474,Scd:,Courteau97/Mathewson96,61.47112067304459,3.4509127111240394,1.5672431939427238e-10,1.2312942763697672e-10,0.3001213457885792,0.0
IC1474,Scd:,Courteau97/Mathewson96,61.47112067304459,3.9785229184371005,1.7267589924914164e-10,1.1818107153774014e-10,0.1994640300465898,0.0
IC1474,Scd:,Courteau97/Mathewson96,61.47112067304459,4.513841555927246,1.428853505229463e-10,1.0991028700385147e-10,0.18927151156678704,0.0
IC1474,Scd:,Courteau97/Mathewson96,61.47112067304459,5.043464893543096,9.928383743590524e-11,9.128554992570905e-11,0.1836245893303069,0.0
IC1474,Scd:,Courteau97/Mathewson96,61.47112067304459,5.611531505310436,8.375678977713619e-11,7.46414252160135e-11,0.17467303455543223,0.0
IC1474,Scd:,Courteau97/Mathewson96,61.47112067304459,6.091983443143529,1.2997428810126064e-10,6.754024062172073e-11,0.1438184244768611,0.0
IC1474,Scd:,Courteau97/Mathewson96,61.47112067304459,6.6748321266332145,9.024761296231958e-11,5.7802019587511853e-11,0.12336336493249467,0.0
IC1474,Scd:,Courteau97/Mathewson96,61.47112067304459,7.2915263161467045,6.77008474050542e-11,4.9785941498458216e-11,0.10322138408568293,0.0
IC1474,Scd:,Courteau97/Mathewson96,61.47112067304459,7.812290298402541,9.662966476379683e-11,4.3946518706629753e-11,0.07964892834677233,0.0
IC1474,Scd:,Courteau97/Mathewson96,61.47112067304459,8.223419758078201,7.600442582206795e-11,3.711638279000788e-11,0.11363798195115277,0.0
IC1474,Scd:,Courteau97/Mathewson96,61.47112067304459,9.45680813710518,6.456914703235188e-11,2.955410942839665e-11,0.07138309620589671,0.0
IC1474,Scd:,Courteau97/Mathewson96,61.47112067304459,10.2790670564565,4.574585387609701e-11,2.3926526773099744e-11,0.0717500053154971,0.0
IC1474,Scd:,Courteau97/Mathewson96,61.47112067304459,10.690196516132161,5.395281671888664e-11,2.227505199444869e-11,0.0810968469743053,0.0
IC1504,Sb HII,ShellFlow,76.72734662198727,0.5991740370666645,6.856346738203355e-11,3.844345713264946e-11,0.711603691065909,0.0
IC1504,Sb HII,ShellFlow,76.72734662198727,1.7268070831212277,3.4379394302329746e-10,8.334825999966316e-11,0.6083799996524321,0.0
IC1504,Sb HII,ShellFlow,76.72734662198727,2.8544401291757904,2.748393768887741e-10,1.010450962091728e-10,0.5454276225601372,0.0
IC1504,Sb HII,ShellFlow,76.72734662198727,4.052788203309119,2.401040698867636e-10,8.598349424062486e-11,0.5689835786812023,0.0
IC1504,Sb HII,ShellFlow,76.72734662198727,5.1804212493636825,2.0679812676230503e-10,1.0293550080308243e-10,0.48725219860497926,0.0
IC1504,Sb HII,ShellFlow,76.72734662198727,6.308054295418246,1.872892823705646e-10,9.809516862456106e-11,0.4776115316301175,0.0
IC1504,Sb HII,ShellFlow,76.72734662198727,7.506402369551576,1.622881608145369e-10,1.2166998093895246e-10,0.33760599318464873,0.0
IC1504,Sb HII,ShellFlow,76.72734662198727,8.634035415606139,1.4177127108016637e-10,5.827034544481839e-11,0.5679484496161752,0.0
IC1504,Sb HII,ShellFlow,76.72734662198727,9.761668461660701,1.238643514372683e-10,6.633943382186672e-11,0.3750169893699912,0.0
IC1504,Sb HII,ShellFlow,76.72734662198727,10.960016535794031,1.1400193628068998e-10,1.019224802022564e-10,0.24387491685381313,0.0
IC1504,Sb HII,ShellFlow,76.72734662198727,12.087649581848593,1.160410013094636e-10,9.562299215510507e-11,0.2198657306502682,0.0
IC1504,Sb HII,ShellFlow,76.72734662198727,13.215282627903157,1.133530309033832e-10,9.04655327485223e-11,0.1842466911259056,0.0
IC1504,Sb HII,ShellFlow,76.72734662198727,14.413630702036484,1.016203042975113e-10,7.659676436471187e-11,0.16223606848037284,0.0
IC1504,Sb HII,ShellFlow,76.72734662198727,15.541263748091048,9.894033569996831e-11,2.6993933903078596e-11,0.570592976939121,0.0
IC1504,Sb HII,ShellFlow,76.72734662198727,16.66889679414561,9.418428763557882e-11,4.408978809760523e-11,0.28207682974721127,0.0
IC1504,Sb HII,ShellFlow,76.72734662198727,17.80494035110174,8.237147729012834e-11,5.302652483731906e-11,0.14586824960308797,0.0
IC1504,Sb HII,ShellFlow,76.72734662198727,18.973855915060724,7.647044796905907e-11,2.79339288419966e-11,0.36413461560895694,0.0
IC1504,Sb HII,ShellFlow,76.72734662198727,20.111045970959687,8.017056277193381e-11,3.484497005484722e-11,0.18297857832689046,0.0
IC1504,Sb HII,ShellFlow,76.72734662198727,21.040865169563425,9.042224904182991e-11,3.747503461551767e-11,0.09743521138162574,0.0
IC1504,Sb HII,ShellFlow,76.72734662198727,22.63484093859841,6.709092891254922e-11,2.4770589035339453e-11,0.22113233267022428,0.0
IC1504,Sb HII,ShellFlow,76.72734662198727,23.03333488085715,7.214855163294677e-11,2.479748788754881e-11,0.1752021512350288,0.0
IC1839,Sbc,Courteau97,67.95629713361166,0.4458323758272126,3.0420906036674555e-10,1.881217575690692e-11,0.7017980457141312,0.0
IC1839,Sbc,Courteau97,67.95629713361166,1.0402755435968294,3.209969919122094e-10,3.811879797634456e-11,0.6482857078944011,0.0
IC1839,Sbc,Courteau97,67.95629713361166,1.6842556420139143,2.258990226491411e-10,5.2890798197145496e-11,0.5801986453273745,0.0
IC1839,Sbc,Courteau97,67.95629713361166,2.229161879136063,1.7839703746794415e-10,5.974148687926185e-11,0.5450315614484561,0.0
IC1839,Sbc,Courteau97,67.95629713361166,2.82360504690568,2.5532856788206425e-10,6.490057400410946e-11,0.5266065621314434,0.0
IC1839,Sbc,Courteau97,67.95629713361166,3.4180482146752964,2.346400151760308e-10,6.808173568290549e-11,0.490132005513641,0.0
IC1839,Sbc,Courteau97,67.95629713361166,4.22054649116428,1.1601075462600767e-10,5.855086331237132e-11,0.5176017392147624,0.0
IC1839,Sbc,Courteau97,67.95629713361166,4.904156134099338,1.394437632210767e-10,6.553104098620051e-11,0.4116259754241545,0.0
IC1839,Sbc,Courteau97,67.95629713361166,5.498599301868955,1.60760192495405e-10,6.719758734558544e-11,0.40933135596792336,0.0
IC1839,Sbc,Courteau97,67.95629713361166,6.093042469638572,1.3633696709884602e-10,6.420544622702096e-11,0.40162052147822314,0.0
IC1839,Sbc,Courteau97,67.95629713361166,6.687485637408189,1.7797509505374739e-10,6.649131289743323e-11,0.35174048518028384,0.0
IC1839,Sbc,Courteau97,67.95629713361166,7.281928805177806,1.6971724411956218e-10,7.146002405271333e-11,0.2769635975073134,0.0
IC1839,Sbc,Courteau97,67.95629713361166,7.876371972947423,1.5742806587141545e-10,6.443076076420047e-11,0.22696637366560954,0.0
IC1839,Sbc,Courteau97,67.95629713361166,8.47081514071704,1.1204611135482915e-10,3.941146453972548e-11,0.4165660907593043,0.0
IC1839,Sbc,Courteau97,67.95629713361166,12.631917315104356,5.082823715051478e-11,3.249081557635046e-11,0.18052526739336197,0.0
IC2219,Sc,Courteau97,63.52576331240456,0.2890458163042688,5.4963833492126626e-11,3.650398769149403e-11,0.6199225575188699,0.0
IC2219,Sc,Courteau97,63.52576331240456,0.823705694131336,2.211461773946347e-10,9.282859278287359e-11,0.5831344923230107,0.0
IC2219,Sc,Courteau97,63.52576331240456,1.294394662206385,2.6194780835288377e-10,1.2296831327127186e-10,0.5457521214935317,0.0
IC2219,Sc,Courteau97,63.52576331240456,1.8290545400334524,1.966481029187371e-10,1.3060391941212711e-10,0.5362164045889338,0.0
IC2219,Sc,Courteau97,63.52576331240456,2.4071461726419896,2.586267361355177e-10,1.3725200923390484e-10,0.49921542707339056,0.0
IC2219,Sc,Courteau97,63.52576331240456,2.941806050469057,2.051412192624726e-10,1.486820808760104e-10,0.4533036890206868,0.0
IC2219,Sc,Courteau97,63.52576331240456,3.412495018544106,2.016955358322576e-10,1.3406069886519497e-10,0.4610246290876572,0.0
IC2219,Sc,Courteau97,63.52576331240456,3.947154896371174,2.0439528703832763e-10,1.514235598680841e-10,0.39411781315683597,0.0
IC2219,Sc,Courteau97,63.52576331240456,4.525246528979711,1.8710739882287857e-10,1.1957196973878375e-10,0.4424429604467839,0.0
IC2219,Sc,Courteau97,63.52576331240456,5.059906406806778,1.822942595112513e-10,1.108139767464356e-10,0.39930382161075845,0.0
IC2219,Sc,Courteau97,63.52576331240456,5.530595374881827,1.6964357446082858e-10,9.672741992259503e-11,0.4411652747688928,0.0
IC2219,Sc,Courteau97,63.52576331240456,6.065255252708894,1.651536272485095e-10,8.987620362761417e-11,0.4444941882580644,0.0
IC2219,Sc,Courteau97,63.52576331240456,6.643346885317432,1.50617325984653e-10,8.626736119163745e-11,0.42887065698894333,0.0
IC2219,Sc,Courteau97,63.52576331240456,7.1780067631444995,1.7167417453151788e-10,9.856203798403227e-11,0.33608439553896,0.0
IC2219,Sc,Courteau97,63.52576331240456,7.615533553923352,1.2524560729593318e-10,1.1964368751120015e-10,0.19575107420926496,0.0
IC2219,Sc,Courteau97,63.52576331240456,8.203894764017164,1.0198838524487324e-10,8.257202214055105e-11,0.2429131208086736,0.0
IC2219,Sc,Courteau97,63.52576331240456,8.792255974110974,1.7164220093023144e-10,7.205504674219989e-11,0.3170388134895562,0.0
IC2219,Sc,Courteau97,63.52576331240456,9.262944942186024,1.504311852396745e-10,9.17209441224774e-11,0.1658812365721149,0.0
IC2219,Sc,Courteau97,63.52576331240456,9.733633910261073,1.0597546483546816e-10,5.880169839860697e-11,0.32095742207215766,0.0
IC2219,Sc,Courteau97,63.52576331240456,10.204322878336122,9.649261530932132e-11,7.795933397259196e-11,0.15302642085847035,0.0
IC2219,Sc,Courteau97,63.52576331240456,10.557339604392409,9.101730345123947e-11,5.854995100944448e-11,0.24655389104837855,0.0
IC2387,Scd:,Courteau97,66.12099237927983,0.42719306717087235,8.77293470223834e-11,1.897498612105076e-11,0.782138210487737,0.0
IC2387,Scd:,Courteau97,66.12099237927983,1.2258583666642424,1.1175857162162965e-10,4.904641986523308e-11,0.7107861664528958,0.0
IC2387,Scd:,Courteau97,66.12099237927983,2.10147148571013,1.1697127245509928e-10,7.290249353659915e-11,0.6525019632938353,0.0
IC2387,Scd:,Courteau97,66.12099237927983,2.9770846047560173,1.520745731779856e-10,9.211703105106833e-11,0.57877981806182,0.0
IC2387,Scd:,Courteau97,66.12099237927983,3.7757499042493876,1.7627017459446024e-10,8.41110506392646e-11,0.6048763242238246,0.0
IC2387,Scd:,Courteau97,66.12099237927983,4.57043514411073,1.3321500150841822e-10,8.716905362415974e-11,0.5754846981530807,0.0
IC2387,Scd:,Courteau97,66.12099237927983,5.498673496068972,1.0472641685210808e-10,8.659795554613462e-11,0.5433371715336047,0.0
IC2387,Scd:,Courteau97,66.12099237927983,6.409222694107094,1.103343682494542e-10,1.1316951963672806e-10,0.39453078439184497,0.0
IC2387,Scd:,Courteau97,66.12099237927983,7.180027576176277,9.986781671548685e-11,9.997668598354006e-11,0.4299540810998114,0.0
IC2387,Scd:,Courteau97,66.12099237927983,7.9786928756696485,7.335835856957603e-11,8.231966821956436e-11,0.4724640485082949,0.0
IC2387,Scd:,Courteau97,66.12099237927983,8.833079010011392,1.0263490466121119e-10,6.931053113020118e-11,0.5023077331811137,0.0
IC2387,Scd:,Courteau97,66.12099237927983,9.631744309504763,1.1079067300724829e-10,7.875577659763961e-11,0.41938766411089545,0.0
IC2387,Scd:,Courteau97,66.12099237927983,10.444207149055824,8.056549115651305e-11,9.791619992662621e-11,0.29725718296908216,0.0
IC2387,Scd:,Courteau97,66.12099237927983,11.382970547596535,6.179657341924966e-11,1.0729580237300512e-10,0.21503129283504446,0.0
IC2387,Scd:,Courteau97,66.12099237927983,12.181635847089908,1.0572700478176283e-10,4.4706174755041915e-11,0.4924315893074985,0.0
IC2387,Scd:,Courteau97,66.12099237927983,13.03602198143165,9.974025127637183e-11,5.743970825847102e-11,0.36168282868782725,0.0
IC2387,Scd:,Courteau97,66.12099237927983,13.83468728092502,9.349072996015621e-11,7.949092492105017e-11,0.1719064361625125,0.0
IC2387,Scd:,Courteau97,66.12099237927983,14.71030039997091,8.404825876094062e-11,3.747094925879013e-11,0.4342646135060522,0.0
IC2387,Scd:,Courteau97,66.12099237927983,15.620407369161029,9.806211892784426e-11,4.914813576259344e-11,0.24815287025426042,0.0
IC2387,Scd:,Courteau97,66.12099237927983,16.32089786439774,6.732341913778951e-11,4.6658829471871087e-11,0.13174227009855538,0.0
IC2387,Scd:,Courteau97,66.12099237927983,16.84626573582527,4.3743627176510225e-11,5.144700135789113e-11,0.16616051919095806,0.0
IC2674,Scd:,Courteau97,54.40844718583863,0.16904987386775905,2.1720768663707998e-11,2.05101068161834e-12,0.6373404462119298,0.0
IC2674,Scd:,Courteau97,54.40844718583863,0.6068142680532324,9.776238362179237e-11,7.0512499428828954e-12,0.6897338619749129,0.0
IC2674,Scd:,Courteau97,54.40844718583863,1.0922656824958183,7.990966503064111e-11,1.134660400799495e-11,0.6255325853469822,0.0
IC2674,Scd:,Courteau97,54.40844718583863,1.5777170969384042,5.169619350107192e-11,1.4580060688907026e-11,0.5844404025273896,0.0
IC2674,Scd:,Courteau97,54.40844718583863,2.06316851138099,6.337664058080212e-11,1.6636228470297267e-11,0.5378920306959973,0.0
IC2674,Scd:,Courteau97,54.40844718583863,2.548619925823576,4.598961761101149e-11,1.782059017706649e-11,0.5071093822251579,0.0
IC2674,Scd:,Courteau97,54.40844718583863,3.034071340266162,6.783544849228703e-11,1.7958550133511053e-11,0.480361908521196,0.0
IC2674,Scd:,Courteau97,54.40844718583863,3.5195227547087473,6.068256802010978e-11,1.582446283950883e-11,0.4944567289486772,0.0
IC2674,Scd:,Courteau97,54.40844718583863,3.9572871488942205,3.7149286069104036e-11,1.607452143989902e-11,0.4334840009937349,0.0
IC2674,Scd:,Courteau97,54.40844718583863,4.468727376433228,4.605383116385514e-11,1.6750491985664256e-11,0.4407416154478648,0.0
IC2674,Scd:,Courteau97,54.40844718583863,4.832815937265168,4.482426734282361e-11,1.5770978687591807e-11,0.423618506066128,0.0
IC2674,Scd:,Courteau97,54.40844718583863,5.097239851647152,3.161739737719436e-11,1.316253546325689e-11,0.5045608746825461,0.0
IC2674,Scd:,Courteau97,54.40844718583863,5.560993058929046,1.9995174673470303e-11,1.3619630996722454e-11,0.46699125155313664,0.0
IC2674,Scd:,Courteau97,54.40844718583863,8.716427252805856,4.9441356753697144e-11,1.2708700584750659e-11,0.3247606567983458,0.0
IC2674,Scd:,Courteau97,54.40844718583863,8.959152960027147,3.7474935957160284e-11,1.0089980361522951e-11,0.40217928195079905,0.0
IC2674,Scd:,Courteau97,54.40844718583863,9.20187866724844,3.650026417026667e-11,8.145332909555899e-12,0.46713510579181156,0.0
IC2822,SBbc,Mathewson96,64.77425331746066,0.09652686640971565,1.9243341807168392e-11,2.5414172464357304e-12,0.0,0.0
IC2822,SBbc,Mathewson96,64.77425331746066,0.46501994036797323,1.0767944683250066e-11,1.1391382685762339e-11,0.6348454660549554,0.0
IC2822,SBbc,Mathewson96,64.77425331746066,0.9300398807359466,3.7106308337601165e-12,2.1083929740988447e-11,0.5557568103200876,0.0
IC2822,SBbc,Mathewson96,64.77425331746066,1.2985329546942042,5.9118606541053065e-12,2.6117096780438232e-11,0.4854881936993302,0.0
IC2822,SBbc,Mathewson96,64.77425331746066,1.4915866875136354,1.1134578423584979e-11,2.754500148963394e-11,0.4918681323989575,0.0
IC2822,SBbc,Mathewson96,64.77425331746066,1.860079761471893,2.1415366281628874e-11,2.8662956580575168e-11,0.458340117039368,0.0
IC2822,SBbc,Mathewson96,64.77425331746066,2.2285728354301506,3.219733091833331e-11,2.8903778364448832e-11,0.44666299758271716,0.0
IC2822,SBbc,Mathewson96,64.77425331746066,2.557609672023853,5.146610271277787e-11,2.8963243799120288e-11,0.42249772031932176,0.0
IC2822,SBbc,Mathewson96,64.77425331746066,2.8866465086175555,3.196670973704831e-11,2.839485306615868e-11,0.41949803380288775,0.0
IC2822,SBbc,Mathewson96,64.77425331746066,3.2551395825758127,3.925966902743972e-11,2.5600752599007663e-11,0.42814462732826186,0.0
IC2822,SBbc,Mathewson96,64.77425331746066,3.6236326565340704,4.3141590702658465e-11,2.3292510078952075e-11,0.4317187483576516,0.0
IC2822,SBbc,Mathewson96,64.77425331746066,3.9526694931277726,3.326160253819628e-11,2.181888781820412e-11,0.44055882227090604,0.0
IC2822,SBbc,Mathewson96,64.77425331746066,4.281706329721476,5.887462182016192e-11,2.1813298566900524e-11,0.42997471138343796,0.0
IC2822,SBbc,Mathewson96,64.77425331746066,4.650199403679732,4.623969486224038e-11,2.20194661138663e-11,0.3980909474296556,0.0
IC2822,SBbc,Mathewson96,64.77425331746066,5.01869247763799,2.5248855507881615e-11,2.2511354062599954e-11,0.35525604359438506,0.0
IC2822,SBbc,Mathewson96,64.77425331746066,5.347729314231692,4.6814021636230846e-11,1.7744058800336354e-11,0.4114439697565098,0.0
IC2822,SBbc,Mathewson96,64.77425331746066,5.676766150825395,4.276954681478034e-11,1.9712398927983796e-11,0.37838573263713626,0.0
IC2822,SBbc,Mathewson96,64.77425331746066,6.045259224783653,5.507175409549127e-11,2.043006202242524e-11,0.3045496046085749,0.0
IC2822,SBbc,Mathewson96,64.77425331746066,6.41375229874191,3.8483275536337165e-11,1.533038989129575e-11,0.41808384985997854,0.0
IC2822,SBbc,Mathewson96,64.77425331746066,6.606806031561341,3.862980822179942e-11,1.8181633301419104e-11,0.30747106571216476,0.0
IC2822,SBbc,Mathewson96,64.77425331746066,6.878772239109884,3.853732573560652e-11,1.653327824650977e-11,0.35888345872774324,0.0
IC3107,Sbc(s)I-II,Mathewson96,57.578205841139166,0.522166504254236,4.922150440423276e-10,8.15339764800865e-11,0.6982877003482442,0.0
IC3107,Sbc(s)I-II,Mathewson96,57.578205841139166,1.5664995127627082,5.496546392565793e-10,2.1136044232035378e-10,0.5798509236679044,0.0
IC3107,Sbc(s)I-II,Mathewson96,57.578205841139166,2.6108325212711803,4.525548982264755e-10,2.6374402458741513e-10,0.47335260891848635,0.0
IC3107,Sbc(s)I-II,Mathewson96,57.578205841139166,3.655165529779652,4.00803764406847e-10,2.8256355862594986e-10,0.41521555156635165,0.0
IC3107,Sbc(s)I-II,Mathewson96,57.578205841139166,4.5143667776888945,3.483574348714179e-10,2.3951606576253434e-10,0.41951810571792547,0.0
IC3107,Sbc(s)I-II,Mathewson96,57.578205841139166,5.22166504254236,2.991912466850292e-10,2.4814395881670593e-10,0.3195397308740805,0.0
IC3107,Sbc(s)I-II,Mathewson96,57.578205841139166,6.265998051050832,2.6992078474265425e-10,2.0007449416808678e-10,0.2899397749498039,0.0
IC3107,Sbc(s)I-II,Mathewson96,57.578205841139166,7.310331059559304,2.4875333784121735e-10,1.4486403591089808e-10,0.42025114669278785,0.0
IC3107,Sbc(s)I-II,Mathewson96,57.578205841139166,8.01762932441277,1.8289783004898066e-10,1.318306989645236e-10,0.40864403013813067,0.0
IC3107,Sbc(s)I-II,Mathewson96,57.578205841139166,9.398997076576247,2.3543333512415924e-10,1.6447012133490807e-10,0.2247832080514186,0.0
IC3107,Sbc(s)I-II,Mathewson96,57.578205841139166,10.106295341429714,2.0241470339760177e-10,1.3045337031665174e-10,0.22164807470728512,0.0
IC3107,Sbc(s)I-II,Mathewson96,57.578205841139166,10.965496589338954,1.7072924561049924e-10,7.78286467247127e-11,0.42991291013428107,0.0
IC3107,Sbc(s)I-II,Mathewson96,57.578205841139166,12.009829597847428,9.630097839434281e-11,6.650201091993744e-11,0.44806395551704004,0.0
IC3107,Sbc(s)I-II,Mathewson96,57.578205841139166,13.054162606355899,9.539411509070185e-11,6.628586644187115e-11,0.39784124239800994,0.0
IC3107,Sbc(s)I-II,Mathewson96,57.578205841139166,14.098495614864373,1.0966464665513093e-10,7.206061914023565e-11,0.28954712764400986,0.0
IC3107,Sbc(s)I-II,Mathewson96,57.578205841139166,15.142828623372843,1.1018108195825252e-10,8.415325267724685e-11,0.1905102492981322,0.0
IC3107,Sbc(s)I-II,Mathewson96,57.578205841139166,16.187161631881317,8.669514191857351e-11,5.407255323124418e-11,0.27789960356960725,0.0
IC3107,Sbc(s)I-II,Mathewson96,57.578205841139166,17.23149464038979,1.0704681215658214e-10,5.302101386777355e-11,0.27590148739026715,0.0
IC3107,Sbc(s)I-II,Mathewson96,57.578205841139166,18.275827648898257,1.062983662783283e-10,6.596164526454629e-11,0.14392202516872157,0.0
IC3107,Sbc(s)I-II,Mathewson96,57.578205841139166,19.50529241800596,8.871366328300033e-11,3.8237554203178906e-11,0.32593654129541055,0.0
IC3122,Sb,Courteau97,59.682462022868,0.4167940077085303,4.687363757931374e-11,3.04782088023743e-11,0.6422361767428113,0.0
IC3122,Sb,Courteau97,59.682462022868,1.9888231236516132,1.5858011593771728e-10,8.853310058776872e-11,0.5095770046669389,0.0
IC3122,Sb,Courteau97,59.682462022868,2.7040248007175234,1.9061561800097328e-10,8.910711744101843e-11,0.4800274991912645,0.0
IC3122,Sb,Courteau97,59.682462022868,3.4732833975710857,1.5559734117522965e-10,8.429158207628104e-11,0.4538236237387314,0.0
IC3122,Sb,Courteau97,59.682462022868,4.242541994424648,1.9735099502115135e-10,8.044968714554682e-11,0.44558478092284626,0.0
IC3122,Sb,Courteau97,59.682462022868,4.926926175163018,1.4390089330638494e-10,6.139944674471535e-11,0.4841127040100585,0.0
IC3122,Sb,Courteau97,59.682462022868,5.69618477201658,1.3152793588203578e-10,8.096698976245797e-11,0.37521908069050924,0.0
IC3122,Sb,Courteau97,59.682462022868,6.465443368870143,7.808248171846528e-11,5.740555379295357e-11,0.44739453114576005,0.0
IC3122,Sb,Courteau97,59.682462022868,7.180645045936053,6.600138436738983e-11,4.7872464525249284e-11,0.4583934652718205,0.0
IC3122,Sb,Courteau97,59.682462022868,7.780154810559232,9.864299051544328e-11,4.5218748430705094e-11,0.4550360890813123,0.0
IC3122,Sb,Courteau97,59.682462022868,8.79645858289094,9.778723610523416e-11,3.907272237435402e-11,0.40362126047306246,0.0
IC3122,Sb,Courteau97,59.682462022868,9.491115262405158,5.3302959717956196e-11,3.0854930083731814e-11,0.5172164415603996,0.0
IC3122,Sb,Courteau97,59.682462022868,9.907909270113688,5.815197855683253e-11,5.7741184513860485e-11,0.24238199525828993,0.0
IC3122,Sb,Courteau97,59.682462022868,12.686535988170558,1.1286261474827161e-10,2.080290313248889e-11,0.5289016034508518,0.0
IC3122,Sb,Courteau97,59.682462022868,13.24226133178193,1.0670094147877274e-10,4.2552815578098074e-11,0.2060147048670594,0.0
IC3122,Sb,Courteau97,59.682462022868,14.075849347198991,7.790753423655422e-11,1.7155121392656636e-11,0.5445598139443013,0.0
IC3122,Sb,Courteau97,59.682462022868,14.770506026713209,5.714415525576973e-11,3.3563493346524614e-11,0.20496800038669055,0.0
IC3122,Sb,Courteau97,59.682462022868,15.187300034421739,3.801203012356144e-11,2.395371503608547e-11,0.33526190944091727,0.0
IC3258,IB(s)m pec:;WR HII,SHIVir,42.28009564765724,0.15067995054905098,4.0450573863470055e-11,8.318805765516145e-12,0.0,0.0
IC3258,IB(s)m pec:;WR HII,SHIVir,42.28009564765724,0.452039851647153,5.999591850000338e-11,1.8938822697574393e-11,0.2980488587108586,0.0
IC3258,IB(s)m pec:;WR HII,SHIVir,42.28009564765724,0.7533997527452548,5.131083354080157e-11,2.2118297446506843e-11,0.29691327650933486,0.0
IC3258,IB(s)m pec:;WR HII,SHIVir,42.28009564765724,1.049019465251012,5.68102579928089e-11,2.140833949575948e-11,0.31633418042444067,0.0
IC3258,IB(s)m pec:;WR HII,SHIVir,42.28009564765724,1.2743218675005454,3.902546275799696e-11,2.0430749551766818e-11,0.3126178618698533,0.0
IC3298,SB?,SHIVir,75.93203059283847,0.14078976074467311,1.9847045041856394e-11,3.832290440548754e-12,0.012559842716182879,0.0
IC3298,SB?,SHIVir,75.93203059283847,0.45258930663628505,9.902740119146199e-11,1.1047118514051106e-11,0.36432166660707616,0.0
IC3298,SB?,SHIVir,75.93203059283847,0.756922728852043,1.3081781599562365e-10,1.5428516660058727e-11,0.31195989001815916,0.0
IC3298,SB?,SHIVir,75.93203059283847,1.057345324380449,1.3405990639303462e-10,1.641866291595888e-11,0.2946816869790549,0.0
IC3298,SB?,SHIVir,75.93203059283847,1.3439022616536977,1.3735517439290683e-10,1.6521394606704097e-11,0.25001359237724613,0.0
IC3298,SB?,SHIVir,75.93203059283847,1.6462802705257797,1.2696170715981445e-10,1.6093372536875816e-11,0.20307611530464173,0.0
IC3298,SB?,SHIVir,75.93203059283847,1.9332993964075338,9.600854210070005e-11,1.5162343833404608e-11,0.18315250169034883,0.0
IC3298,SB?,SHIVir,75.93203059283847,2.2366373354665114,7.848219680604082e-11,1.34935518873403e-11,0.13963291733159278,0.0
IC3365,Im HII,SHIVir,67.56868185999564,0.14823649189149882,1.5007373126926655e-11,2.372667353892571e-12,0.23606506546415268,0.0
IC3365,Im HII,SHIVir,67.56868185999564,0.4617684370429626,2.280030824486374e-11,6.052191612634592e-12,0.517619318462171,0.0
IC3365,Im HII,SHIVir,67.56868185999564,0.7782415824303688,2.228364756088134e-11,7.867858096790483e-12,0.5095254992679641,0.0
IC3365,Im HII,SHIVir,67.56868185999564,1.0747145662133664,3.9328787943023476e-11,9.59375833791513e-12,0.49172542389086515,0.0
IC3365,Im HII,SHIVir,67.56868185999564,1.371187549996364,3.8423102455471187e-11,1.0569475014810985e-11,0.44719298020269366,0.0
IC3365,Im HII,SHIVir,67.56868185999564,1.652534361137372,3.4151299456727446e-11,1.1605155857818457e-11,0.4054388214328616,0.0
IC3365,Im HII,SHIVir,67.56868185999564,1.9595956657697624,3.3023805202391126e-11,1.2094772199477764e-11,0.38339650066950853,0.0
IC3365,Im HII,SHIVir,67.56868185999564,2.2860184713839,3.138371617137696e-11,1.2391113905873828e-11,0.34446110803819646,0.0
IC3365,Im HII,SHIVir,67.56868185999564,2.5570794851283547,2.7235020378171804e-11,1.2270581900234494e-11,0.3218147765693624,0.0
IC3365,Im HII,SHIVir,67.56868185999564,2.853552468911352,2.3028446010371935e-11,1.13880076644073e-11,0.3177381094441607,0.0
IC3365,Im HII,SHIVir,67.56868185999564,3.1651516253363394,2.8803398881889382e-11,1.0452816201260735e-11,0.31265731250089845,0.0
IC3365,Im HII,SHIVir,67.56868185999564,3.446498436477347,2.175392671883337e-11,9.895674211876528e-12,0.3054134707760866,0.0
IC3365,Im HII,SHIVir,67.56868185999564,3.700618136862774,2.7515787974317387e-11,9.568258428745216e-12,0.283881641230101,0.0
IC3365,Im HII,SHIVir,67.56868185999564,5.553574285506509,3.1819576701706555e-11,6.456922350984389e-12,0.1995721474807182,0.0
IC3365,Im HII,SHIVir,67.56868185999564,5.775929023343757,2.5227974802483264e-11,5.944245929190494e-12,0.17820935629036164,0.0
IC3392,SAb: HII,SHIVir,67.28177743099941,0.16798778270671222,1.2305186837128084e-10,5.4576295642644994e-11,0.0038328093635584958,0.0
IC3392,SAb: HII,SHIVir,67.28177743099941,0.4367682350374518,2.0035769868110002e-10,1.0984619226432409e-10,0.28109518602358174,0.0
IC3392,SAb: HII,SHIVir,67.28177743099941,0.7391462439095339,1.6502832257771227e-10,1.2495626353965482e-10,0.331535103883326,0.0
IC3392,SAb: HII,SHIVir,67.28177743099941,1.0415242527816158,1.5603929598764895e-10,1.2329873967806074e-10,0.30860655380001134,0.0
IC3392,SAb: HII,SHIVir,67.28177743099941,1.343902261653698,1.8228128749764596e-10,1.187933655248072e-10,0.31567469502649703,0.0
IC3392,SAb: HII,SHIVir,67.28177743099941,1.64628027052578,1.6428530699710742e-10,1.2209955352135084e-10,0.26020564269307406,0.0
IC3392,SAb: HII,SHIVir,67.28177743099941,1.948658279397862,1.4438610351399994e-10,1.1650794572100468e-10,0.2542437550433362,0.0
IC3517,Sdm:,SHIVir,59.638614005497686,0.1702276198094684,3.2439900588432375e-12,2.9893784430438515e-12,0.29741596171904555,0.0
IC3517,Sdm:,SHIVir,59.638614005497686,0.4681259544760381,1.189096288377922e-11,6.963726587034675e-12,0.4696302723676929,0.0
IC3517,Sdm:,SHIVir,59.638614005497686,0.7660242891426078,2.061675129232701e-11,9.587941049877267e-12,0.4363977034797953,0.0
IC3517,Sdm:,SHIVir,59.638614005497686,1.0639226238091775,1.6623844440274748e-11,1.1296665666550753e-11,0.3806727445074289,0.0
IC3517,Sdm:,SHIVir,59.638614005497686,1.3618209584757472,1.9070206539095685e-11,1.2611312196748854e-11,0.339491360619413,0.0
IC3517,Sdm:,SHIVir,59.638614005497686,1.6536397352919787,2.4634213197544914e-11,1.3183247047752221e-11,0.29559335314314666,0.0
IC3517,Sdm:,SHIVir,59.638614005497686,1.9576176278088866,1.0162692621647765e-11,1.230818599186825e-11,0.27816210996891444,0.0
IC3517,Sdm:,SHIVir,59.638614005497686,2.255515962475456,1.4938444371228573e-11,1.143658476988401e-11,0.2597990229861401,0.0
IC3517,Sdm:,SHIVir,59.638614005497686,2.553414297142026,2.6588243879062914e-11,1.0838737261712093e-11,0.20601291777933411,0.0
IC3517,Sdm:,SHIVir,59.638614005497686,2.8513126318085957,2.8446507622260648e-11,1.0164981108960439e-11,0.1945900976326757,0.0
IC3517,Sdm:,SHIVir,59.638614005497686,3.064097156570431,2.906038200272615e-11,9.386204145783804e-12,0.18407211737638643,0.0
IC3576,Sm HII,SHIVir,52.18069115443096,0.15312340920660317,7.96470044412154e-12,2.761677075080051e-12,0.3469948174469052,0.0
IC3576,Sm HII,SHIVir,52.18069115443096,0.44470947567449637,4.939433801182216e-12,6.996005993218661e-12,0.49947608259470905,0.0
IC3576,Sm HII,SHIVir,52.18069115443096,0.7362955421423896,3.773080395501839e-12,1.0015452027660147e-11,0.48866034636129513,0.0
IC3576,Sm HII,SHIVir,52.18069115443096,1.0343974983637554,5.882045860388162e-12,1.20954036528973e-11,0.4364501845109025,0.0
IC3576,Sm HII,SHIVir,52.18069115443096,1.358563013599011,8.12188487964736e-12,1.2751599819560042e-11,0.4184194035245202,0.0
IC3576,Sm HII,SHIVir,52.18069115443096,1.632230383244855,8.57838713856439e-12,1.2979063724538348e-11,0.40337849344933707,0.0
IC3704,Sbc,Mathewson96,77.6982592408342,0.6066230819576759,5.0225822078288046e-11,2.1626213551318226e-11,0.786975322277494,0.0
IC3704,Sbc,Mathewson96,77.6982592408342,1.8198692458730275,1.0296693813627427e-10,5.7405966187658895e-11,0.6970070516599244,0.0
IC3704,Sbc,Mathewson96,77.6982592408342,3.0331154097883792,1.2070925687695215e-10,7.29491595554883e-11,0.6144778023777773,0.0
IC3704,Sbc,Mathewson96,77.6982592408342,4.246361573703731,1.5101281353569322e-10,9.232345698563846e-11,0.562601736453249,0.0
IC3704,Sbc,Mathewson96,77.6982592408342,5.459607737619082,1.6285878045265697e-10,8.881486270356553e-11,0.48113103389856116,0.0
IC3704,Sbc,Mathewson96,77.6982592408342,6.672853901534435,1.4261746587396801e-10,1.0835013098242961e-10,0.3977615616497465,0.0
IC3704,Sbc,Mathewson96,77.6982592408342,7.886100065449787,1.3889143431145236e-10,5.968636525480466e-11,0.5798668051994618,0.0
IC3704,Sbc,Mathewson96,77.6982592408342,9.099346229365139,9.91700588484838e-11,9.98323952287219e-11,0.33091759768959195,0.0
IC3704,Sbc,Mathewson96,77.6982592408342,10.31259239328049,9.840651642174767e-11,5.876585091768243e-11,0.49083898891469235,0.0
IC3704,Sbc,Mathewson96,77.6982592408342,11.525838557195842,9.023909018902655e-11,4.3711131490519464e-11,0.5421458609151762,0.0
IC3704,Sbc,Mathewson96,77.6982592408342,12.73908472111119,9.673663499059737e-11,3.6498237337438715e-11,0.5507583937997119,0.0
IC3704,Sbc,Mathewson96,77.6982592408342,13.952330885026544,8.499124668752682e-11,3.428826544825239e-11,0.5386125876142209,0.0
IC3704,Sbc,Mathewson96,77.6982592408342,15.165577048941895,8.68308576748785e-11,3.811323481427827e-11,0.42044095834422307,0.0
IC3704,Sbc,Mathewson96,77.6982592408342,16.253822092938695,7.877103806376065e-11,4.808408278568802e-11,0.2747300603931598,0.0
IC3704,Sbc,Mathewson96,77.6982592408342,16.985446294814924,6.940098710734524e-11,2.6059685009202753e-11,0.5127698629060381,0.0
IC3704,Sbc,Mathewson96,77.6982592408342,18.198692458730275,7.189204996953472e-11,3.409222890291539e-11,0.3445251337191849,0.0
IC3704,Sbc,Mathewson96,77.6982592408342,19.41193862264563,6.709883224402891e-11,4.046325565163256e-11,0.21171887015583143,0.0
IC3704,Sbc,Mathewson96,77.6982592408342,20.62518478656098,6.501406989356926e-11,2.068113812743084e-11,0.47963719535707383,0.0
IC3704,Sbc,Mathewson96,77.6982592408342,22.320052912515457,5.650436542271706e-11,2.251772819201991e-11,0.38445271077809473,0.0
IC3704,Sbc,Mathewson96,77.6982592408342,23.533299076430804,5.365078025630948e-11,2.966795521676318e-11,0.1900398192204834,0.0
IC3742,SBc(s) HII,SHIVir,65.0895581741518,0.18977528906988583,3.750990270036105e-12,3.5607440010200097e-12,0.5824013477439801,0.0
IC3742,SBc(s) HII,SHIVir,65.0895581741518,0.5941773931592854,1.4513413269859834e-11,9.715999111630819e-12,0.6398315057733585,0.0
IC3742,SBc(s) HII,SHIVir,65.0895581741518,0.9963202676169006,2.2585008581812616e-11,1.4487424124783909e-11,0.5763551099566052,0.0
IC3742,SBc(s) HII,SHIVir,65.0895581741518,1.398463142074516,2.3546134760697153e-11,1.7878345012475297e-11,0.5501658939804532,0.0
IC3742,SBc(s) HII,SHIVir,65.0895581741518,1.8028652461639154,3.649462895139338e-11,2.1398199971108096e-11,0.4922367555882072,0.0
IC3742,SBc(s) HII,SHIVir,65.0895581741518,2.1824158243036873,4.494238450705242e-11,2.4167987396422522e-11,0.4297911378770307,0.0
IC3742,SBc(s) HII,SHIVir,65.0895581741518,2.561966402443459,5.1088957631235064e-11,2.4616104272461126e-11,0.387112583753726,0.0
IC3742,SBc(s) HII,SHIVir,65.0895581741518,2.9663685065328584,5.244678498345259e-11,2.4446166180835428e-11,0.37793885801306604,0.0
IC3742,SBc(s) HII,SHIVir,65.0895581741518,3.3685113809904736,4.156468567035255e-11,2.211669885146805e-11,0.37418186675519294,0.0
IC3742,SBc(s) HII,SHIVir,65.0895581741518,3.7706542554480884,5.227296841386937e-11,2.171643866050366e-11,0.3180893217077296,0.0
IC3742,SBc(s) HII,SHIVir,65.0895581741518,4.188611737328195,5.0973784701749426e-11,2.2089781626286157e-11,0.23872358672397023,0.0
IC3742,SBc(s) HII,SHIVir,65.0895581741518,4.5681623154679665,4.979362454533922e-11,2.0504146682961565e-11,0.24733258550881604,0.0
IC3742,SBc(s) HII,SHIVir,65.0895581741518,4.947712893607738,3.0755222115545487e-11,1.9153432533407832e-11,0.24827061313579432,0.0
IC3742,SBc(s) HII,SHIVir,65.0895581741518,5.347596538433569,4.3723229290046974e-11,1.847216691582363e-11,0.20885982251731475,0.0
IC3742,SBc(s) HII,SHIVir,65.0895581741518,7.841786051923497,2.499680949565444e-11,9.468722864210176e-12,0.17087723623832413,0.0
IC3742,SBc(s) HII,SHIVir,65.0895581741518,7.93667369645844,1.8570395536769786e-11,9.114656556288159e-12,0.17829255783897002,0.0
IC4483,Sb,Mathewson96,75.16738360769111,0.5296275616318813,8.925839185356959e-11,1.3423758311973209e-11,0.7633133903554986,0.0
IC4483,Sb,Mathewson96,75.16738360769111,1.230982847792888,1.6350302651734647e-10,2.7765991197555272e-11,0.7066298311416614,0.0
IC4483,Sb,Mathewson96,75.16738360769111,2.118510246527525,2.433256113419761e-10,3.805821801171896e-11,0.6704427360447918,0.0
IC4483,Sb,Mathewson96,75.16738360769111,3.1777653697912878,1.9115380021058936e-10,4.218228732296752e-11,0.6355020845127062,0.0
IC4483,Sb,Mathewson96,75.16738360769111,4.23702049305505,1.4609183048331136e-10,4.130883733919201e-11,0.629968412890141,0.0
IC4483,Sb,Mathewson96,75.16738360769111,5.296275616318813,1.969126068404244e-10,6.236066593575098e-11,0.44997614874501923,0.0
IC4483,Sb,Mathewson96,75.16738360769111,6.3555307395825755,1.966982917252359e-10,5.6440627119402676e-11,0.411656073475743,0.0
IC4483,Sb,Mathewson96,75.16738360769111,7.243058138317213,1.913691430658894e-10,6.161792931969377e-11,0.415536929913931,0.0
IC4483,Sb,Mathewson96,75.16738360769111,7.944413424478219,1.8514891280516708e-10,6.367958274949004e-11,0.36802119317834203,0.0
IC4483,Sb,Mathewson96,75.16738360769111,9.003668547741983,1.5999531236454617e-10,3.8124722156944104e-11,0.5102403821781646,0.0
IC4483,Sb,Mathewson96,75.16738360769111,9.705023833902988,1.4401828362906918e-10,5.2501327594613255e-11,0.3346427055939917,0.0
IC4483,Sb,Mathewson96,75.16738360769111,10.592551232637625,1.4429532374414275e-10,5.2166183440578876e-11,0.27876706538182505,0.0
IC4483,Sb,Mathewson96,75.16738360769111,11.651806355901389,1.1104789440374084e-10,4.5898722830028864e-11,0.26364756323424954,0.0
IC4483,Sb,Mathewson96,75.16738360769111,12.539333754636026,1.1085158963632102e-10,5.0164797961766816e-11,0.1847026308042433,0.0
IC4483,Sb,Mathewson96,75.16738360769111,14.657844001163552,5.683105361949161e-11,1.9488155523733495e-11,0.4766268435505206,0.0
IC4483,Sb,Mathewson96,75.16738360769111,15.717099124427316,8.679115203231575e-11,2.6743415646380764e-11,0.26700730629994207,0.0
IC4483,Sb,Mathewson96,75.16738360769111,16.776354247691078,1.0398482367904704e-10,3.3061712453475624e-11,0.14193238512518194,0.0
IC4483,Sb,Mathewson96,75.16738360769111,17.83560937095484,6.358955721383231e-11,1.523019899212952e-11,0.4331794977107808,0.0
IC4483,Sb,Mathewson96,75.16738360769111,18.894864494218602,8.468869624237541e-11,2.192787129012701e-11,0.1749809316073145,0.0
IC5253,S0/a,Mathewson96,68.43062494525373,0.42013168496836595,3.0408337680100674e-10,3.139572144656523e-11,0.6649292128474193,0.0
IC5253,S0/a,Mathewson96,68.43062494525373,1.2603950549050977,1.7087727887541106e-10,8.094094116182878e-11,0.579734110654459,0.0
IC5253,S0/a,Mathewson96,68.43062494525373,2.10065842484183,1.4434002781023888e-10,1.0178996014103783e-10,0.4926141807680293,0.0
IC5253,S0/a,Mathewson96,68.43062494525373,2.9409217947785615,1.814473474921681e-10,1.1088187193313907e-10,0.45503762370954703,0.0
IC5253,S0/a,Mathewson96,68.43062494525373,3.7811851647152936,1.7709642297324577e-10,1.0873160280148435e-10,0.35789542262183055,0.0
IC5253,S0/a,Mathewson96,68.43062494525373,4.621448534652025,1.455755486136074e-10,1.0764190663348788e-10,0.31052458437370456,0.0
IC5253,S0/a,Mathewson96,68.43062494525373,5.461711904588757,1.4938105505343874e-10,7.929157745363875e-11,0.3609265835171511,0.0
IC5253,S0/a,Mathewson96,68.43062494525373,6.301975274525489,1.5607727501294683e-10,8.616299881685675e-11,0.28290766302263703,0.0
IC5253,S0/a,Mathewson96,68.43062494525373,7.142238644462221,1.0891868706485673e-10,5.89222253970419e-11,0.36816911330194646,0.0
IC5253,S0/a,Mathewson96,68.43062494525373,7.968073249460645,1.0469865705217546e-10,4.646055098146062e-11,0.3945309779688034,0.0
IC5282,Sd,Courteau97/Mathewson92,59.923421527855815,0.3117704702341994,1.5908617969867179e-10,1.1199343252435216e-11,0.7390826188443375,0.0
IC5282,Sd,Courteau97/Mathewson92,59.923421527855815,1.00009522580176,2.181490492113512e-10,3.193281410873854e-11,0.6787572819868158,0.0
IC5282,Sd,Courteau97/Mathewson92,59.923421527855815,1.632846016047318,1.1489578941681178e-10,4.120171690932507e-11,0.6425128519448221,0.0
IC5282,Sd,Courteau97/Mathewson92,59.923421527855815,2.181973469427332,1.34589439299241e-10,4.05295649673198e-11,0.6546005960557115,0.0
IC5282,Sd,Courteau97/Mathewson92,59.923421527855815,2.8746801193333127,1.20764260925565e-10,4.124201778463309e-11,0.6616295721170242,0.0
IC5282,Sd,Courteau97/Mathewson92,59.923421527855815,3.4372418834993823,1.699239006691022e-10,4.544628759439145e-11,0.6417616426054817,0.0
IC5282,Sd,Courteau97/Mathewson92,59.923421527855815,4.091298651007199,1.424977896086026e-10,5.909749425804566e-11,0.553312529490548,0.0
IC5282,Sd,Courteau97/Mathewson92,59.923421527855815,4.72772288560832,1.3833815959348592e-10,4.911882496979374e-11,0.5632204348649171,0.0
IC5282,Sd,Courteau97/Mathewson92,59.923421527855815,5.36414712020944,1.4049284072055952e-10,7.184769269219257e-11,0.42472334646526333,0.0
IC5282,Sd,Courteau97/Mathewson92,59.923421527855815,6.018203887717257,1.7220689339644702e-10,6.517453313778056e-11,0.4556592718878967,0.0
IC5282,Sd,Courteau97/Mathewson92,59.923421527855815,6.580765651883326,1.6516629884686374e-10,6.96811590142332e-11,0.4031436652258876,0.0
IC5282,Sd,Courteau97/Mathewson92,59.923421527855815,7.273419824012799,1.5265697025280854e-10,6.447468406591342e-11,0.4047771417697199,0.0
IC5282,Sd,Courteau97/Mathewson92,59.923421527855815,7.858305634305384,1.4267746628538593e-10,7.348063419532086e-11,0.3157445138359085,0.0
IC5282,Sd,Courteau97/Mathewson92,59.923421527855815,8.455350545414879,1.1305266668843079e-10,4.441100946895767e-11,0.40828548461481856,0.0
IC5282,Sd,Courteau97/Mathewson92,59.923421527855815,9.143675300982439,1.1831212229703055e-10,3.198166501615232e-11,0.5823793931471826,0.0
IC5282,Sd,Courteau97/Mathewson92,59.923421527855815,9.76721624145084,1.0476381897757954e-10,5.818693573075155e-11,0.3061440343054499,0.0
IC5282,Sd,Courteau97/Mathewson92,59.923421527855815,10.296297184204786,1.2568917305043516e-10,5.850391501605931e-11,0.17972396383499745,0.0
IC5282,Sd,Courteau97/Mathewson92,59.923421527855815,11.145230174775168,9.990176772348006e-11,3.4099327644527976e-11,0.4210692254541163,0.0
IC5282,Sd,Courteau97/Mathewson92,59.923421527855815,11.637839062856036,1.034865837053828e-10,5.561066833643656e-11,0.16396554426661947,0.0
IC5282,Sd,Courteau97/Mathewson92,59.923421527855815,12.607628372724408,1.4596648333596342e-10,5.130284835198723e-11,0.12206860511351843,0.0
IC5309,Sb,Courteau97,65.35462582085884,0.1607646280270526,7.253096995375312e-11,1.848086322478307e-11,0.46293770781246657,0.0
IC5309,Sb,Courteau97,65.35462582085884,0.4822938840811578,1.4432245639303003e-10,5.4828194686518295e-11,0.5856717261877864,0.0
IC5309,Sb,Courteau97,65.35462582085884,0.8038231401352629,1.6444647096904025e-10,8.545260356123576e-11,0.5230225372781356,0.0
IC5309,Sb,Courteau97,65.35462582085884,1.1714382562237897,1.7338734691999792e-10,1.1103961234576185e-10,0.46543414284433915,0.0
IC5309,Sb,Courteau97,65.35462582085884,1.5615604202361042,2.4362815947331993e-10,1.3085144488985808e-10,0.4005772658351136,0.0
IC5309,Sb,Courteau97,65.35462582085884,1.9291755363246312,2.1444481576073793e-10,1.3887073877066107e-10,0.33991193294285194,0.0
IC5309,Sb,Courteau97,65.35462582085884,2.250704792378736,2.0786799193429625e-10,1.3416733379496838e-10,0.338253071701437,0.0
IC5309,Sb,Courteau97,65.35462582085884,2.5722340484328416,1.9157766341356844e-10,1.239765179123627e-10,0.31195532648964075,0.0
IC5309,Sb,Courteau97,65.35462582085884,2.8937633044869466,2.1028912464756182e-10,1.1670412101725482e-10,0.29198655692737385,0.0
IC5309,Sb,Courteau97,65.35462582085884,3.215292560541052,1.9847958519761294e-10,1.0891253923558068e-10,0.2892949997163094,0.0
IC5309,Sb,Courteau97,65.35462582085884,3.536821816595157,1.621534426451181e-10,9.98999816026247e-11,0.28500286261322616,0.0
IC5309,Sb,Courteau97,65.35462582085884,3.9044369326836845,1.4960702710024675e-10,9.053029180128237e-11,0.2895874116669919,0.0
IC5309,Sb,Courteau97,65.35462582085884,4.294559096695998,1.379308131825145e-10,8.313120483271012e-11,0.28482460010838273,0.0
IC5309,Sb,Courteau97,65.35462582085884,4.6621742127845245,1.5298900416393487e-10,7.518438362643424e-11,0.25819991684578797,0.0
IC5309,Sb,Courteau97,65.35462582085884,4.98370346883863,1.32814445150145e-10,6.441734336069795e-11,0.33781141483735005,0.0
IC5309,Sb,Courteau97,65.35462582085884,5.305232724892735,1.311868472667376e-10,7.666163588663663e-11,0.23842353094734703,0.0
IC5309,Sb,Courteau97,65.35462582085884,5.637479622815311,1.343826183524892e-10,6.942010143009907e-11,0.17207976780536163,0.0
IC5309,Sb,Courteau97,65.35462582085884,5.87862656485589,1.1463993245820542e-10,6.837395289899321e-11,0.21192826760328193,0.0
IC5309,Sb,Courteau97,65.35462582085884,6.200155820909996,8.157193336717835e-11,6.160053095791584e-11,0.1531032634385974,0.0
IC5309,Sb,Courteau97,65.35462582085884,6.602067390977627,1.614348595217354e-10,5.1191130564016086e-11,0.23662275084699252,0.0
IC5309,Sb,Courteau97,65.35462582085884,6.843214333018206,9.678529082773325e-11,5.2967486918475556e-11,0.15223545140472086,0.0
KUG0145+321,Sc,SCII,69.4829614206923,0.31717020143989527,1.9333769047613257e-11,1.890461093567931e-12,0.7920343373187666,0.0
KUG0145+321,Sc,SCII,69.4829614206923,1.0284989267204812,6.131367781412755e-11,6.533100045776134e-12,0.7318508857269032,0.0
KUG0145+321,Sc,SCII,69.4829614206923,1.7444361079194242,7.88152158795643e-11,1.0276556944101655e-11,0.6430526940809875,0.0
KUG0145+321,Sc,SCII,69.4829614206923,2.3787765107992147,7.964379126634975e-11,1.3156220299102033e-11,0.5913923377341006,0.0
KUG0145+321,Sc,SCII,69.4829614206923,3.094713691998158,5.680155333427697e-11,1.55517028609626e-11,0.492646320003475,0.0
KUG0145+321,Sc,SCII,69.4829614206923,3.8060424172787437,3.7299126900842277e-11,1.6872415042277615e-11,0.4708721431860729,0.0
KUG0145+321,Sc,SCII,69.4829614206923,4.5173711425593295,4.104084734098001e-11,1.5201035088107207e-11,0.44252224556612035,0.0
KUG0145+321,Sc,SCII,69.4829614206923,5.233308323758273,4.693640117744022e-11,1.509797157479169e-11,0.4602348075877886,0.0
KUG0145+321,Sc,SCII,69.4829614206923,5.867648726638063,4.866627832420269e-11,1.2431987552098903e-11,0.49338678803025604,0.0
KUG0145+321,Sc,SCII,69.4829614206923,6.5812816798778275,4.66402298971545e-11,1.1901945092896589e-11,0.444015388592292,0.0
KUG0145+321,Sc,SCII,69.4829614206923,7.2949146331175925,4.601590013485408e-11,1.2241321656679067e-11,0.36318840902438654,0.0
KUG0145+321,Sc,SCII,69.4829614206923,8.006243358398176,4.390974159467823e-11,1.0898706051693092e-11,0.38144378990856276,0.0
KUG0145+321,Sc,SCII,69.4829614206923,8.72218053959712,4.756177657077849e-11,8.901190060512236e-12,0.45435425409211155,0.0
KUG0145+321,Sc,SCII,69.4829614206923,9.281068772048902,4.635409306188001e-11,1.0352606870799601e-11,0.37662757260343926,0.0
KUG0145+321,Sc,SCII,69.4829614206923,10.398845236952464,4.5086854342071504e-11,8.17989587371993e-12,0.4129182600639453,0.0
KUG0145+321,Sc,SCII,69.4829614206923,10.874600539112308,3.6116774277034225e-11,1.04131837428636e-11,0.288340247810513,0.0
KUG0145+321,Sc,SCII,69.4829614206923,11.508940941992098,3.597468362184223e-11,7.162376918711194e-12,0.4085218560282563,0.0
KUG0145+321,Sc,SCII,69.4829614206923,12.143281344871891,3.8780125888904825e-11,8.673760101415855e-12,0.2845171504233611,0.0
KUG0145+321,Sc,SCII,69.4829614206923,12.777621747751681,4.3610355170386976e-11,6.4746295921224626e-12,0.3835343126191932,0.0
KUG0145+321,Sc,SCII,69.4829614206923,13.41196215063147,5.0665403141148207e-11,7.327128298021022e-12,0.29592500044849024,0.0
KUG0145+321,Sc,SCII,69.4829614206923,13.887717452791314,4.602341797848249e-11,6.157431917661501e-12,0.3482866701800458,0.0
KUG0826+305,Irr HII,SCII,78.52280827886234,0.7246430863209948,5.176235329481874e-11,1.38836146557598e-11,0.8014918264451649,0.0
KUG0826+305,Irr HII,SCII,78.52280827886234,2.049232841829685,1.0927654761777717e-10,2.5710097689297558e-11,0.7652506942748863,0.0
KUG0826+305,Irr HII,SCII,78.52280827886234,3.381667736164643,1.3915167598419877e-10,3.430851937186353e-11,0.7270453303500953,0.0
KUG0826+305,Irr HII,SCII,78.52280827886234,4.830953908806632,1.588661484954303e-10,5.393094709512545e-11,0.6084539312114523,0.0
KUG0826+305,Irr HII,SCII,78.52280827886234,6.16338880314159,1.4491735293243787e-10,2.7725341126356892e-11,0.7638090185851713,0.0
KUG0826+305,Irr HII,SCII,78.52280827886234,7.48797855865028,1.2963955447734824e-10,2.6549964512125192e-11,0.7593545402588595,0.0
KUG0826+305,Irr HII,SCII,78.52280827886234,8.93726473129227,1.2785330633090462e-10,3.071715517804567e-11,0.7161679519772294,0.0
KUG0826+305,Irr HII,SCII,78.52280827886234,10.26185448680096,1.0335441964085046e-10,8.700886812593566e-11,0.31382814178719176,0.0
KUG0826+305,Irr HII,SCII,78.52280827886234,11.594289381135917,8.317500874301911e-11,5.79192723841264e-11,0.4165717852850003,0.0
KUG0826+305,Irr HII,SCII,78.52280827886234,13.043575553777908,7.630302152891843e-11,3.429382913595409e-11,0.5561851384028007,0.0
KUG0826+305,Irr HII,SCII,78.52280827886234,14.492861726419896,7.330724631501e-11,2.6811184370656838e-11,0.606258225001779,0.0
KUG0826+305,Irr HII,SCII,78.52280827886234,15.825296620754852,7.261509650917341e-11,3.252156671026891e-11,0.4802346924909414,0.0
KUG0826+305,Irr HII,SCII,78.52280827886234,17.149886376263545,7.317565840806385e-11,3.759842164640978e-11,0.35653729558187974,0.0
KUG0826+305,Irr HII,SCII,78.52280827886234,18.474476131772235,7.310443167671896e-11,4.369294935337184e-11,0.2495514801731533,0.0
KUG0826+305,Irr HII,SCII,78.52280827886234,19.80691102610719,7.407143697465338e-11,4.7308411032520525e-11,0.1782433466973064,0.0
KUG0826+305,Irr HII,SCII,78.52280827886234,21.25619719874918,6.824605870701241e-11,1.9363820712996995e-11,0.510063354765856,0.0
KUG0826+305,Irr HII,SCII,78.52280827886234,22.70548337139117,5.6778907416506046e-11,2.7626904845729012e-11,0.27807528272345744,0.0
KUG0826+305,Irr HII,SCII,78.52280827886234,24.03791826572613,5.252320428243865e-11,3.7774189686410444e-11,0.15286568675877124,0.0
KUG0826+305,Irr HII,SCII,78.52280827886234,25.36250802123482,5.440059364028449e-11,2.0601435158403442e-11,0.31384275419115687,0.0
KUG0826+305,Irr HII,SCII,78.52280827886234,26.536526164884975,4.4162739319983165e-11,3.145224836914193e-11,0.13795341267986208,0.0
KUG0826+305,Irr HII,SCII,78.52280827886234,27.435276279543306,4.211229184164193e-11,2.1624983948036533e-11,0.21299805228960814,0.0
KUG0919+340,Sc,SCII,65.05373352976811,0.2332079179696022,1.2782612728824148e-11,1.841495115841764e-12,0.758801857177569,0.0
KUG0919+340,Sc,SCII,65.05373352976811,0.8162277128936077,3.006400464212588e-11,7.019434062532331e-12,0.726583780731189,0.0
KUG0919+340,Sc,SCII,65.05373352976811,1.3992475078176132,4.196656508898755e-11,1.1003015319746572e-11,0.6504108302745363,0.0
KUG0919+340,Sc,SCII,65.05373352976811,1.8656633437568175,5.1754627357356136e-11,1.3791613369537857e-11,0.5954602159643835,0.0
KUG0919+340,Sc,SCII,65.05373352976811,2.4486831386808228,5.861448414587087e-11,1.6457094864832132e-11,0.5497965431534386,0.0
KUG0919+340,Sc,SCII,65.05373352976811,3.0317029336048287,6.876310868992996e-11,1.8877607712523003e-11,0.4528588751734866,0.0
KUG0919+340,Sc,SCII,65.05373352976811,3.498118769544033,7.466958495100513e-11,1.936893123084728e-11,0.47515177196719627,0.0
KUG0919+340,Sc,SCII,65.05373352976811,4.030610182241292,6.785369724298089e-11,1.9657241775073617e-11,0.3762451244226704,0.0
KUG0919+340,Sc,SCII,65.05373352976811,4.598082782633989,6.607665811320118e-11,1.9909093435583726e-11,0.39418039184617487,0.0
KUG0919+340,Sc,SCII,65.05373352976811,5.130574195331248,5.771067077671611e-11,1.772647067454875e-11,0.4045661021349976,0.0
KUG0919+340,Sc,SCII,65.05373352976811,5.663065608028506,5.140299102289749e-11,1.6721426499998424e-11,0.38718490606118056,0.0
KUG0919+340,Sc,SCII,65.05373352976811,6.230538208421206,4.435829987011833e-11,1.5746452198877013e-11,0.36378180367433033,0.0
KUG0919+340,Sc,SCII,65.05373352976811,6.763029621118464,3.722449395215072e-11,1.608503850029431e-11,0.3085915559272782,0.0
KUG0919+340,Sc,SCII,65.05373352976811,7.295521033815722,2.5301024717028973e-11,1.6075842019928217e-11,0.2563593666486942,0.0
KUG0919+340,Sc,SCII,65.05373352976811,7.8792384592635685,4.67196130411456e-11,1.3303108037410294e-11,0.24843700246533282,0.0
KUG0919+340,Sc,SCII,65.05373352976811,8.392993509320533,3.973726550403536e-11,1.1159650887302298e-11,0.31964435381410794,0.0
KUG0919+340,Sc,SCII,65.05373352976811,8.92697984456888,4.358283261816759e-11,1.2043581792431828e-11,0.24126833441450798,0.0
KUG0919+340,Sc,SCII,65.05373352976811,9.43844268004751,5.793254128988369e-11,9.548043385477006e-12,0.2897824354811675,0.0
KUG0919+340,Sc,SCII,65.05373352976811,10.00850647952876,6.45427059322927e-11,9.52109827984541e-12,0.25704746383291,0.0
KUG0919+340,Sc,SCII,65.05373352976811,10.474922315467964,6.256397491545475e-11,8.911320459442885e-12,0.23138866435855288,0.0
KUG0919+340,Sc,SCII,65.05373352976811,10.824734192422367,5.686290780172647e-11,8.81500338451118e-12,0.23463819803246586,0.0
KUG0919+341,Sc,SCII,73.25203361130137,0.23983902174387312,3.2268076504645556e-11,3.5662563753053396e-12,0.6874473690343736,0.0
KUG0919+341,Sc,SCII,73.25203361130137,0.724793688604465,6.914181794490789e-11,1.062883710934234e-11,0.6418070142447122,0.0
KUG0919+341,Sc,SCII,73.25203361130137,1.2044717320922111,9.910468901631959e-11,1.6024544111200248e-11,0.592986835537731,0.0
KUG0919+341,Sc,SCII,73.25203361130137,1.689426398952803,9.493644379192538e-11,1.9653261226920044e-11,0.5254718850105528,0.0
KUG0919+341,Sc,SCII,73.25203361130137,2.1691044424405495,7.347115008760945e-11,2.1853699137017302e-11,0.501865897819142,0.0
KUG0919+341,Sc,SCII,73.25203361130137,2.700971588975347,7.706850308568175e-11,2.2327126897419572e-11,0.45816351401250616,0.0
KUG0919+341,Sc,SCII,73.25203361130137,3.1832879441495163,9.108192957793758e-11,2.2394035296822437e-11,0.44876033657256514,0.0
KUG0919+341,Sc,SCII,73.25203361130137,3.6656042993236855,9.399667703147359e-11,2.1778198287523688e-11,0.37197268159306296,0.0
KUG0919+341,Sc,SCII,73.25203361130137,4.197471445858483,8.59176033644516e-11,2.1707803703617888e-11,0.3943793010805527,0.0
KUG0919+341,Sc,SCII,73.25203361130137,4.677149489346229,6.98162645628211e-11,1.9784011539954375e-11,0.3980343778530382,0.0
KUG0919+341,Sc,SCII,73.25203361130137,5.162104156206821,5.953275969878046e-11,1.8433886714141695e-11,0.3876401253077239,0.0
KUG0919+341,Sc,SCII,73.25203361130137,5.641782199694567,5.244135154181365e-11,1.803250856727176e-11,0.3561308786198226,0.0
KUG0919+341,Sc,SCII,73.25203361130137,6.126736866555159,5.343412655269329e-11,1.880015364413453e-11,0.29682305639011997,0.0
KUG0919+341,Sc,SCII,73.25203361130137,6.606414910042906,5.105079826603113e-11,1.852088883962623e-11,0.24355941467880132,0.0
KUG0919+341,Sc,SCII,73.25203361130137,7.091369576903498,5.165138098488487e-11,1.3765425463523344e-11,0.30641023199059936,0.0
KUG0919+341,Sc,SCII,73.25203361130137,7.565770997018398,5.576148988425698e-11,1.377141594514869e-11,0.2944033578580784,0.0
KUG0919+341,Sc,SCII,73.25203361130137,8.116793385693162,5.284797140497771e-11,1.456215101009656e-11,0.21634599841622482,0.0
KUG0919+341,Sc,SCII,73.25203361130137,8.535680330739583,5.69705841653211e-11,1.0764505615100265e-11,0.3022507156733218,0.0
KUG0919+341,Sc,SCII,73.25203361130137,8.998497913606283,4.9621785356779414e-11,1.2226487749968452e-11,0.20865814291129675,0.0
KUG0919+341,Sc,SCII,73.25203361130137,9.604691247182023,4.7194272905690824e-11,1.1525588494238864e-11,0.16477147083223526,0.0
KUG1114+294,Spiral,SCII,77.13171186259632,0.16674507017671444,3.716755826899098e-12,7.681129429336402e-13,0.6126742322834443,0.0
KUG1114+294,Spiral,SCII,77.13171186259632,0.46868884590211624,1.1204892302676744e-11,2.5880555593154516e-12,0.7092420412354591,0.0
KUG1114+294,Spiral,SCII,77.13171186259632,0.7030332688531744,2.3892362417871917e-11,3.6112201684337423e-12,0.6689604776836144,0.0
KUG1114+294,Spiral,SCII,77.13171186259632,1.0049770445785762,5.989384504455185e-11,4.701238785380622e-12,0.6598170556695827,0.0
KUG1114+294,Spiral,SCII,77.13171186259632,1.3384671849320051,3.73312025959718e-11,5.63068005624723e-12,0.6267329582009886,0.0
KUG1114+294,Spiral,SCII,77.13171186259632,1.6719573252854338,2.0333144089495535e-11,6.328091444504051e-12,0.6029865270942856,0.0
KUG1114+294,Spiral,SCII,77.13171186259632,1.9919275950839939,1.969471710752548e-11,6.814860273024751e-12,0.584142681755154,0.0
KUG1114+294,Spiral,SCII,77.13171186259632,2.2758448767362376,1.3958230374990007e-11,7.184456915434229e-12,0.5469531559684457,0.0
KUG1114+294,Spiral,SCII,77.13171186259632,2.5777886524616394,1.3926970268446803e-11,7.613278065022255e-12,0.5476567098932579,0.0
KUG1114+294,Spiral,SCII,77.13171186259632,2.8121330754126976,1.5953564963134027e-11,7.84042450405158e-12,0.5279483017562062,0.0
KUG1114+294,Spiral,SCII,77.13171186259632,3.0780238629917824,2.613675967544941e-11,7.96311961870544e-12,0.5119332075583676,0.0
KUG1114+294,Spiral,SCII,77.13171186259632,3.42954049741837,2.1712760542081398e-11,8.290536385987723e-12,0.49104902425705954,0.0
KUG1114+294,Spiral,SCII,77.13171186259632,3.781057131844957,1.8759366695614716e-11,8.594490313314747e-12,0.4667332198044159,0.0
NGC0019,SB(r)bc LINER,ShellFlow,58.9941357419625,0.2501768089593484,1.8227880067978723e-10,5.14524780503913e-11,0.5143426256229587,0.0
NGC0019,SB(r)bc LINER,ShellFlow,58.9941357419625,0.7132577080939569,3.3011681185319177e-10,1.1969170275590028e-10,0.5279753504228623,0.0
NGC0019,SB(r)bc LINER,ShellFlow,58.9941357419625,1.1213722242745985,3.7130323553263627e-10,1.5377375712119782e-10,0.49078030176581283,0.0
NGC0019,SB(r)bc LINER,ShellFlow,58.9941357419625,1.584453123409207,4.646961353570185e-10,1.7586716535668984e-10,0.422002230309362,0.0
NGC0019,SB(r)bc LINER,ShellFlow,58.9941357419625,2.084806741327904,3.8081654931808054e-10,1.9252272940538128e-10,0.3674345648745271,0.0
NGC0019,SB(r)bc LINER,ShellFlow,58.9941357419625,2.547887640462512,3.264736571764797e-10,1.8841618985960687e-10,0.32340648172182324,0.0
NGC0019,SB(r)bc LINER,ShellFlow,58.9941357419625,2.9560021566431534,3.094610463381328e-10,1.8075396295100453e-10,0.31195372468997934,0.0
NGC0019,SB(r)bc LINER,ShellFlow,58.9941357419625,3.419083055777762,2.9002159785150547e-10,1.6366828750640386e-10,0.25754410679291173,0.0
NGC0019,SB(r)bc LINER,ShellFlow,58.9941357419625,3.8821639549123703,2.6448279464186046e-10,1.6956853974344665e-10,0.1927822381904971,0.0
NGC0019,SB(r)bc LINER,ShellFlow,58.9941357419625,4.290278471093012,2.5584444113168787e-10,1.5237675338522142e-10,0.17377227245975171,0.0
NGC0019,SB(r)bc LINER,ShellFlow,58.9941357419625,4.753359370227621,2.1868969977034939e-10,1.261488638051317e-10,0.18356717206449905,0.0
NGC0019,SB(r)bc LINER,ShellFlow,58.9941357419625,5.253712988146318,2.1953518592369685e-10,1.0367746223622661e-10,0.19965500219867768,0.0
NGC0019,SB(r)bc LINER,ShellFlow,58.9941357419625,5.649403264732261,1.821602802422809e-10,9.201561572546254e-11,0.18167705910553003,0.0
NGC0019,SB(r)bc LINER,ShellFlow,58.9941357419625,6.124908403461567,1.5824183173911852e-10,7.434873243700345e-11,0.18693613376658955,0.0
NGC0019,SB(r)bc LINER,ShellFlow,58.9941357419625,6.587989302596175,1.5006267583970841e-10,6.093261791568915e-11,0.28884595614319497,0.0
NGC0019,SB(r)bc LINER,ShellFlow,58.9941357419625,7.088342920514872,1.30345755466581e-10,6.52032579164751e-11,0.21584278716664757,0.0
NGC0019,SB(r)bc LINER,ShellFlow,58.9941357419625,7.537210876299906,1.2312027690664298e-10,6.988270281225042e-11,0.11730698112265629,0.0
NGC0019,SB(r)bc LINER,ShellFlow,58.9941357419625,7.873197122148693,1.168313971081931e-10,5.707992166523715e-11,0.18211018120337666,0.0
NGC0019,SB(r)bc LINER,ShellFlow,58.9941357419625,8.358806019925826,8.482163065076918e-11,6.009594591059658e-11,0.09414746840110491,0.0
NGC0019,SB(r)bc LINER,ShellFlow,58.9941357419625,9.10933644680387,9.045114065589947e-11,4.870788886706251e-11,0.0843148588435623,0.0
NGC0021,SAB(s)bc:,ShellFlow,68.07122224671934,0.4296301670181563,3.0213181344307237e-10,7.448124927889033e-11,0.5028808451734387,0.0
NGC0021,SAB(s)bc:,ShellFlow,68.07122224671934,1.3189980655952296,5.216975077574591e-10,1.3162337552144419e-10,0.40300445061464274,0.0
NGC0021,SAB(s)bc:,ShellFlow,68.07122224671934,2.143371856592248,4.521951869383719e-10,1.1671376409102043e-10,0.4307815043335381,0.0
NGC0021,SAB(s)bc:,ShellFlow,68.07122224671934,2.9677456475892665,3.7189524855257255e-10,1.0963262309023447e-10,0.41681588828460286,0.0
NGC0021,SAB(s)bc:,ShellFlow,68.07122224671934,3.834826128259543,2.992887155389251e-10,1.089078960326226e-10,0.33218724664843413,0.0
NGC0021,SAB(s)bc:,ShellFlow,68.07122224671934,4.73866129810945,2.0523384525359831e-10,9.658441776451871e-11,0.31037967610388695,0.0
NGC0021,SAB(s)bc:,ShellFlow,68.07122224671934,5.605741778779725,1.9585663448240666e-10,8.279381167006645e-11,0.272529346775563,0.0
NGC0021,SAB(s)bc:,ShellFlow,68.07122224671934,6.430115569776744,1.9573894103455817e-10,6.233843386048351e-11,0.35026121083546424,0.0
NGC0021,SAB(s)bc:,ShellFlow,68.07122224671934,7.254489360773762,1.8487042682878625e-10,5.356975923808327e-11,0.30832025480039155,0.0
NGC0021,SAB(s)bc:,ShellFlow,68.07122224671934,8.017035117446005,1.5155401952790492e-10,4.959978028952312e-11,0.24984902474197235,0.0
NGC0021,SAB(s)bc:,ShellFlow,68.07122224671934,8.986800795370728,1.2001407408525068e-10,5.2979305687857813e-11,0.13639861632982084,0.0
NGC0021,SAB(s)bc:,ShellFlow,68.07122224671934,9.976499933968439,9.734676720997118e-11,4.556818356164323e-11,0.12613710433561492,0.0
NGC0021,SAB(s)bc:,ShellFlow,68.07122224671934,10.681096593863883,9.655743989037871e-11,3.21386437171315e-11,0.19141254421899798,0.0
NGC0021,SAB(s)bc:,ShellFlow,68.07122224671934,11.433945006666184,8.766642554431771e-11,2.966133958889669e-11,0.1774873163354114,0.0
NGC0021,SAB(s)bc:,ShellFlow,68.07122224671934,12.423193555862605,6.406297302499299e-11,2.6248879210890895e-11,0.14882949917590346,0.0
NGC0021,SAB(s)bc:,ShellFlow,68.07122224671934,14.264295022422614,6.355856397015833e-11,1.9155981485218937e-11,0.14908951946150098,0.0
NGC0021,SAB(s)bc:,ShellFlow,68.07122224671934,14.978752307953362,6.940119927838254e-11,1.8332980137936446e-11,0.13367598394728997,0.0
NGC0021,SAB(s)bc:,ShellFlow,68.07122224671934,15.638251340750976,7.31647195626731e-11,1.5680746631694943e-11,0.1709649853797332,0.0
NGC0021,SAB(s)bc:,ShellFlow,68.07122224671934,16.545062510847696,4.169897245264263e-11,1.4903156917686225e-11,0.1367986391638173,0.0
NGC0021,SAB(s)bc:,ShellFlow,68.07122224671934,17.12212416454561,3.7097753522528476e-11,1.3089566381632114e-11,0.17641866147084115,0.0
NGC0200,SB(s)bc,ShellFlow,55.79385172611987,0.37875851453227644,4.271250682430657e-10,1.1737901225808517e-10,0.5541155540608658,0.0
NGC0200,SB(s)bc,ShellFlow,55.79385172611987,1.0958073005330253,7.35674378136905e-10,2.5798788622135843e-10,0.46622869416880475,0.0
NGC0200,SB(s)bc,ShellFlow,55.79385172611987,1.8784907286742782,8.143396867704398e-10,2.7448116290743285e-10,0.42818235432973933,0.0
NGC0200,SB(s)bc,ShellFlow,55.79385172611987,2.651309601725935,4.810311953952498e-10,2.1371187874261883e-10,0.4563647179294689,0.0
NGC0200,SB(s)bc,ShellFlow,55.79385172611987,3.408826630790488,4.1002045783585323e-10,1.9492821073327168e-10,0.48009919314835886,0.0
NGC0200,SB(s)bc,ShellFlow,55.79385172611987,4.166343659855041,3.4757251280238967e-10,1.6662949492821145e-10,0.5031264354769238,0.0
NGC0200,SB(s)bc,ShellFlow,55.79385172611987,4.923860688919594,2.5380182198853535e-10,1.8807507032804416e-10,0.42404179915975776,0.0
NGC0200,SB(s)bc,ShellFlow,55.79385172611987,5.681377717984146,1.8908274615973212e-10,1.3598861033342526e-10,0.4870849513707306,0.0
NGC0200,SB(s)bc,ShellFlow,55.79385172611987,6.445695566598523,1.8365462750166578e-10,1.7513272991712915e-10,0.3355559123804866,0.0
NGC0200,SB(s)bc,ShellFlow,55.79385172611987,7.196411776113253,1.499895637808235e-10,1.6607938245062031e-10,0.34845389560701534,0.0
NGC0200,SB(s)bc,ShellFlow,55.79385172611987,7.913460562114001,1.5997137615783496e-10,1.6554396245166424e-10,0.3183078652594241,0.0
NGC0200,SB(s)bc,ShellFlow,55.79385172611987,8.654632057062518,1.399222796374765e-10,1.724714519410783e-10,0.26188876616359874,0.0
NGC0200,SB(s)bc,ShellFlow,55.79385172611987,9.363112483778957,9.540183213017477e-11,1.4569547108081477e-10,0.2251866775289573,0.0
NGC0200,SB(s)bc,ShellFlow,55.79385172611987,10.317785944941377,1.1676680317746188e-10,1.4703003677382542e-10,0.17954034506597444,0.0
NGC0200,SB(s)bc,ShellFlow,55.79385172611987,11.007631452742832,1.1185450353107317e-10,7.60304071061617e-11,0.4585665702070166,0.0
NGC0200,SB(s)bc,ShellFlow,55.79385172611987,11.74151395050057,9.76792095371334e-11,1.1307372024116274e-10,0.22505578560135564,0.0
NGC0200,SB(s)bc,ShellFlow,55.79385172611987,12.499030979565124,1.2047162577609849e-10,1.2516967557903524e-10,0.11524409596846968,0.0
NGC0200,SB(s)bc,ShellFlow,55.79385172611987,13.216079765565873,1.1575229993279359e-10,7.535965458016391e-11,0.2994181366017868,0.0
NGC0200,SB(s)bc,ShellFlow,55.79385172611987,13.993662579044758,9.693438016461229e-11,1.0544594381117514e-10,0.0924100824982731,0.0
NGC0200,SB(s)bc,ShellFlow,55.79385172611987,14.680276014188868,7.068870553487467e-11,6.466072646897668e-11,0.24945881783854437,0.0
NGC0200,SB(s)bc,ShellFlow,55.79385172611987,15.164884908249098,5.841553526093609e-11,9.178031854482328e-11,0.05066018940178088,0.0
NGC0214,SAB(r)c,ShellFlow,46.28743975896853,0.37145685927218763,4.349660662046639e-10,2.3971794889050243e-10,0.48299161870002955,0.0
NGC0214,SAB(r)c,ShellFlow,46.28743975896853,1.111557917834932,6.756207705412951e-10,5.008335856010029e-10,0.4213529391794086,0.0
NGC0214,SAB(r)c,ShellFlow,46.28743975896853,1.854471636379307,7.100624231169446e-10,4.834228350721329e-10,0.3939282410570427,0.0
NGC0214,SAB(r)c,ShellFlow,46.28743975896853,2.5945726949420513,6.37020097448809e-10,4.36072541431734e-10,0.3655458885838918,0.0
NGC0214,SAB(r)c,ShellFlow,46.28743975896853,3.2955883935713763,5.36850096242072e-10,4.1058740449122136e-10,0.33780832450888587,0.0
NGC0214,SAB(r)c,ShellFlow,46.28743975896853,3.9966040922007013,4.395377728455694e-10,3.5218833803020017e-10,0.31687496057301645,0.0
NGC0214,SAB(r)c,ShellFlow,46.28743975896853,4.736705150763446,3.379368264551068e-10,3.042729660704705e-10,0.3007955688225612,0.0
NGC0214,SAB(r)c,ShellFlow,46.28743975896853,5.479618869307822,2.8730906674659164e-10,2.4226628430539724e-10,0.2603895981212946,0.0
NGC0214,SAB(r)c,ShellFlow,46.28743975896853,6.219719927870566,2.664578342351936e-10,2.666284456490919e-10,0.19712916287148582,0.0
NGC0214,SAB(r)c,ShellFlow,46.28743975896853,6.9626336464149405,2.428140786351277e-10,2.106351769779749e-10,0.2223073980595671,0.0
NGC0214,SAB(r)c,ShellFlow,46.28743975896853,7.702734704977685,2.0906863192250385e-10,1.739642221628419e-10,0.22886459928951586,0.0
NGC0214,SAB(r)c,ShellFlow,46.28743975896853,8.40375040360701,1.940026273278498e-10,1.6404304380880447e-10,0.18484734248282653,0.0
NGC0214,SAB(r)c,ShellFlow,46.28743975896853,9.104766102236335,1.7466217943986672e-10,1.5926273753944764e-10,0.13073348667774418,0.0
NGC0214,SAB(r)c,ShellFlow,46.28743975896853,9.845570325794487,2.0368317493502095e-10,1.3582815397969558e-10,0.10055203551802189,0.0
NGC0214,SAB(r)c,ShellFlow,46.28743975896853,10.587780879343455,1.487167147610231e-10,9.033353044745566e-11,0.24236742743219475,0.0
NGC0214,SAB(r)c,ShellFlow,46.28743975896853,11.346328741861196,1.5902233204218938e-10,9.2765193584391e-11,0.15466803016399344,0.0
NGC0214,SAB(r)c,ShellFlow,46.28743975896853,12.070795656450574,1.3327104354627389e-10,9.828271677506553e-11,0.07507413666452789,0.0
NGC0214,SAB(r)c,ShellFlow,46.28743975896853,12.81370937499495,1.1182648825429283e-10,6.670600486312444e-11,0.18672700718773808,0.0
NGC0214,SAB(r)c,ShellFlow,46.28743975896853,13.470717558723003,1.3038017933354515e-10,7.416537252974455e-11,0.07050462495343114,0.0
NGC0214,SAB(r)c,ShellFlow,46.28743975896853,14.617845011514314,1.1817401050981382e-10,6.388343839844773e-11,0.04997083844674124,0.0
NGC0280,SB?,Mathewson96,61.984464795479425,0.6071755217802342,1.6095142903595968e-09,1.0373898067472317e-10,0.6888392218682803,0.0
NGC0280,SB?,Mathewson96,61.984464795479425,1.8215265653407022,1.0516981417824518e-09,2.443244472404771e-10,0.5636381235828806,0.0
NGC0280,SB?,Mathewson96,61.984464795479425,3.0358776089011705,7.888116763686134e-10,2.897169660013062e-10,0.4532891444394969,0.0
NGC0280,SB?,Mathewson96,61.984464795479425,4.131860091144886,6.040333604211498e-10,2.8913588030281805e-10,0.38194878438922225,0.0
NGC0280,SB?,Mathewson96,61.984464795479425,4.368597213778392,5.196121704045814e-10,2.355540360127977e-10,0.47754310847705733,0.0
NGC0280,SB?,Mathewson96,61.984464795479425,5.464579696022107,4.7525985424513e-10,2.1948998562149806e-10,0.37707107275209134,0.0
NGC0280,SB?,Mathewson96,61.984464795479425,6.678930739582576,3.681093981212197e-10,2.2014443541702723e-10,0.33534883790452497,0.0
NGC0280,SB?,Mathewson96,61.984464795479425,7.893281783143044,2.659807434859135e-10,1.1608845174325717e-10,0.5429122769080228,0.0
NGC0280,SB?,Mathewson96,61.984464795479425,9.107632826703512,2.3547454696464665e-10,1.7378824138830403e-10,0.3530261753242535,0.0
NGC0280,SB?,Mathewson96,61.984464795479425,10.321983870263981,2.3235983114046798e-10,8.862564872777724e-11,0.559498058224458,0.0
NGC0280,SB?,Mathewson96,61.984464795479425,11.536334913824447,2.0456526801249783e-10,5.6123321620159613e-11,0.6722853814808222,0.0
NGC0280,SB?,Mathewson96,61.984464795479425,12.86905451870167,1.616828802373876e-10,1.0585283406908209e-10,0.2840384857132173,0.0
NGC0280,SB?,Mathewson96,61.984464795479425,14.083405562262138,1.5156058462663765e-10,7.468033538155974e-11,0.4500394471201083,0.0
NGC0280,SB?,Mathewson96,61.984464795479425,15.297756605822606,1.5420400957840393e-10,7.366949244128592e-11,0.405908657506098,0.0
NGC0280,SB?,Mathewson96,61.984464795479425,16.512107649383072,1.5791801000895698e-10,7.296625527032945e-11,0.3388093625744765,0.0
NGC0280,SB?,Mathewson96,61.984464795479425,17.72645869294354,1.5370624828232086e-10,7.983117420483377e-11,0.25438007269498913,0.0
NGC0280,SB?,Mathewson96,61.984464795479425,18.94080973650401,1.5915314210666368e-10,8.741112134640731e-11,0.16050296981948162,0.0
NGC0280,SB?,Mathewson96,61.984464795479425,20.155160780064477,1.4277656798619894e-10,5.052774849080299e-11,0.3688638947180172,0.0
NGC0280,SB?,Mathewson96,61.984464795479425,21.36951182362495,1.481862496358511e-10,6.614336151967904e-11,0.2044213800694371,0.0
NGC0338,Sab,Courteau97/ShellFlow,70.22878428237513,0.2942835042299954,5.78608915177772e-10,1.484886821244756e-10,0.48263486652314175,0.0
NGC0338,Sab,Courteau97/ShellFlow,70.22878428237513,0.8866401730783215,1.265875794266277e-09,3.567050343221259e-10,0.44357853960494553,0.0
NGC0338,Sab,Courteau97/ShellFlow,70.22878428237513,1.5000739037160933,1.163345821240538e-09,4.399059827715595e-10,0.34410418828904366,0.0
NGC0338,Sab,Courteau97/ShellFlow,70.22878428237513,2.1119169127093786,9.468463825706717e-10,3.693216971098454e-10,0.3521696843911589,0.0
NGC0338,Sab,Courteau97/ShellFlow,70.22878428237513,2.7004839211693694,8.30447928574579e-10,3.07823772358306e-10,0.3585875750574123,0.0
NGC0338,Sab,Courteau97/ShellFlow,70.22878428237513,3.3141983673914623,7.25168160399421e-10,2.7677554297688497e-10,0.31945744625440486,0.0
NGC0338,Sab,Courteau97/ShellFlow,70.22878428237513,3.945808432114028,6.027884361350298e-10,2.36439130676666e-10,0.34825573862961096,0.0
NGC0338,Sab,Courteau97/ShellFlow,70.22878428237513,4.55928894868252,5.133433429856945e-10,2.4126144076790837e-10,0.27138675198461015,0.0
NGC0338,Sab,Courteau97/ShellFlow,70.22878428237513,5.131129986910042,4.476543666195367e-10,2.0419665083699273e-10,0.3004792506526515,0.0
NGC0338,Sab,Courteau97/ShellFlow,70.22878428237513,5.75423760845365,3.728825964669521e-10,1.5923171910593539e-10,0.33937679635263845,0.0
NGC0338,Sab,Courteau97/ShellFlow,70.22878428237513,6.407379998060747,3.3960238602361504e-10,1.30788783018028e-10,0.3505108771535599,0.0
NGC0338,Sab,Courteau97/ShellFlow,70.22878428237513,6.966659013889899,3.481338319618006e-10,1.2296528702925098e-10,0.33979634969412376,0.0
NGC0338,Sab,Courteau97/ShellFlow,70.22878428237513,7.515691910891328,3.4301763160516317e-10,1.332408152824111e-10,0.25564152098991816,0.0
NGC0338,Sab,Courteau97/ShellFlow,70.22878428237513,8.20794823830994,2.5881244106067697e-10,1.2479600594926287e-10,0.22214394037932628,0.0
NGC0338,Sab,Courteau97/ShellFlow,70.22878428237513,8.808099263270362,2.477629499285821e-10,1.2367581298223179e-10,0.15773445272376896,0.0
NGC0338,Sab,Courteau97/ShellFlow,70.22878428237513,9.388883612100939,2.406367149272619e-10,7.64537678309239e-11,0.33850960286685455,0.0
NGC0338,Sab,Courteau97/ShellFlow,70.22878428237513,9.960256791021258,2.1839938482659396e-10,9.427648569282622e-11,0.1943658029125066,0.0
NGC0338,Sab,Courteau97/ShellFlow,70.22878428237513,10.550965155541133,2.1252271197248856e-10,8.490288705855007e-11,0.12777173877426895,0.0
NGC0338,Sab,Courteau97/ShellFlow,70.22878428237513,11.049491740600683,1.8118765994919357e-10,7.796753409689519e-11,0.18499941076320167,0.0
NGC0338,Sab,Courteau97/ShellFlow,70.22878428237513,11.79005454148789,1.5407150926180644e-10,8.254157793540989e-11,0.10498279906533996,0.0
NGC0338,Sab,Courteau97/ShellFlow,70.22878428237513,12.112877463457203,1.656863060152125e-10,6.850207974456799e-11,0.14949957123994354,0.0
NGC0444,Sd,Courteau97,81.98562344159107,0.2718774668508957,7.294132981284323e-11,3.2910507705614872e-12,0.6743431479149932,0.0
NGC0444,Sd,Courteau97,81.98562344159107,0.7871123554650571,6.724818320362155e-11,7.992973939650015e-12,0.6524818479219486,0.0
NGC0444,Sd,Courteau97,81.98562344159107,1.3023472440792185,1.2222334013074883e-10,1.109283623922177e-11,0.5968041499368996,0.0
NGC0444,Sd,Courteau97,81.98562344159107,1.8461021777810098,9.357114272798341e-11,1.2876552945268836e-11,0.5698649061647186,0.0
NGC0444,Sd,Courteau97,81.98562344159107,2.3613370663951714,5.71857867771947e-11,1.3214621546891303e-11,0.5597535894350515,0.0
NGC0444,Sd,Courteau97,81.98562344159107,2.8765719550093327,7.592828538902416e-11,1.348294960580683e-11,0.5456821462914424,0.0
NGC0444,Sd,Courteau97,81.98562344159107,3.420326888711124,9.013409007462358e-11,1.3275495909119929e-11,0.4988133587238376,0.0
NGC0444,Sd,Courteau97,81.98562344159107,3.9355617773252853,8.746552572929449e-11,1.3539399176786998e-11,0.523454625167977,0.0
NGC0444,Sd,Courteau97,81.98562344159107,4.438757140733199,5.606246280503933e-11,1.1943070978259842e-11,0.5377462661465997,0.0
NGC0444,Sd,Courteau97,81.98562344159107,5.051591689816498,5.4552944760049027e-11,1.4076925653001067e-11,0.43753979808679766,0.0
NGC0444,Sd,Courteau97,81.98562344159107,5.544085505442029,4.7777283728795244e-11,1.3824746336348541e-11,0.41497634848342535,0.0
NGC0444,Sd,Courteau97,81.98562344159107,6.074837751921073,6.965463029827545e-11,1.333621380141463e-11,0.389901271126578,0.0
NGC0444,Sd,Courteau97,81.98562344159107,6.625816400746612,5.6227251574476127e-11,1.1444638142120207e-11,0.42666678656292956,0.0
NGC0444,Sd,Courteau97,81.98562344159107,7.098083814025647,3.821180093987175e-11,1.0854819124522852e-11,0.46930093141074664,0.0
NGC0444,Sd,Courteau97,81.98562344159107,8.672308524955762,4.8377929146381344e-11,8.712865995353872e-12,0.459727751961995,0.0
NGC0444,Sd,Courteau97,81.98562344159107,9.223287173781301,6.874458687992994e-11,1.1398117285600737e-11,0.31419360905310156,0.0
NGC0444,Sd,Courteau97,81.98562344159107,9.794492224953338,7.831633558127748e-11,1.0799375155390029e-11,0.2528638750417428,0.0
NGC0444,Sd,Courteau97,81.98562344159107,10.297099241752115,7.525269037215487e-11,9.326200250589616e-12,0.3251988169934868,0.0
NGC0496,Sbc,Courteau97/ShellFlow,57.88917315631621,0.4069865646134827,6.237470933861911e-11,2.8154466947375724e-11,0.7021584369380883,0.0
NGC0496,Sbc,Courteau97/ShellFlow,57.88917315631621,1.254152482225069,9.212228734369478e-11,6.789656002508269e-11,0.6092507752675033,0.0
NGC0496,Sbc,Courteau97/ShellFlow,57.88917315631621,2.101256559522944,1.2257096377716875e-10,8.392907862157996e-11,0.5895231001145299,0.0
NGC0496,Sbc,Courteau97/ShellFlow,57.88917315631621,2.915229688749909,1.2174134345883214e-10,8.949306534171661e-11,0.5345784432070969,0.0
NGC0496,Sbc,Courteau97/ShellFlow,57.88917315631621,3.7292028179768746,1.1334844342863758e-10,1.0318045485065406e-10,0.49133041545718165,0.0
NGC0496,Sbc,Courteau97/ShellFlow,57.88917315631621,4.576770697627586,1.1339292954300976e-10,9.322191601516364e-11,0.4839439890428836,0.0
NGC0496,Sbc,Courteau97/ShellFlow,57.88917315631621,5.439679191463761,8.575532226705382e-11,9.848735289686466e-11,0.4162313853623444,0.0
NGC0496,Sbc,Courteau97/ShellFlow,57.88917315631621,6.231178988503316,9.075834587381916e-11,6.498572593040295e-11,0.5117896784482829,0.0
NGC0496,Sbc,Courteau97/ShellFlow,57.88917315631621,7.051419071340267,8.064197920036075e-11,9.908682342553013e-11,0.2770112048582221,0.0
NGC0496,Sbc,Courteau97/ShellFlow,57.88917315631621,7.869813782997601,6.606451666914487e-11,9.168201124568141e-11,0.2815937593733662,0.0
NGC0496,Sbc,Courteau97/ShellFlow,57.88917315631621,8.736644920369429,7.190313962810512e-11,7.579592559272911e-11,0.3073088135768384,0.0
NGC0496,Sbc,Courteau97/ShellFlow,57.88917315631621,9.528309156424989,7.952478567143025e-11,7.522132081824912e-11,0.265002865894632,0.0
NGC0496,Sbc,Courteau97/ShellFlow,57.88917315631621,10.405189344774927,6.345959325530498e-11,7.310008537248646e-11,0.23063974319821814,0.0
NGC0496,Sbc,Courteau97/ShellFlow,57.88917315631621,11.26647914832168,6.155655553741724e-11,5.4989311816027334e-11,0.23409326504350925,0.0
NGC0496,Sbc,Courteau97/ShellFlow,57.88917315631621,12.055868789663784,7.146624515375488e-11,3.134952312066273e-11,0.5023832864960754,0.0
NGC0496,Sbc,Courteau97/ShellFlow,57.88917315631621,12.884491202094395,6.053872428380691e-11,4.699708946709901e-11,0.28252598246866634,0.0
NGC0496,Sbc,Courteau97/ShellFlow,57.88917315631621,13.729013446294815,6.607085480719394e-11,5.710920057789282e-11,0.16581278841831965,0.0
NGC0496,Sbc,Courteau97/ShellFlow,57.88917315631621,14.5469258035052,6.329734124070802e-11,2.8746037062435215e-11,0.4128456785962195,0.0
NGC0496,Sbc,Courteau97/ShellFlow,57.88917315631621,15.378987224492766,6.046453988191145e-11,4.436176918772921e-11,0.18307600507954258,0.0
NGC0496,Sbc,Courteau97/ShellFlow,57.88917315631621,16.016713398298307,5.809780071523977e-11,2.6092519907351194e-11,0.3803549589036984,0.0
NGC0496,Sbc,Courteau97/ShellFlow,57.88917315631621,16.709160004363323,9.773063050293007e-11,4.530444963126091e-11,0.12430344055591139,0.0
NGC0512,Sab,ShellFlow,74.69001674636216,0.3162442700271149,8.895635268701635e-11,5.578304963710008e-11,0.5538032669990979,0.0
NGC0512,Sab,ShellFlow,74.69001674636216,0.7848727510726492,1.2201288890639385e-10,1.1555802436810162e-10,0.5503418824188245,0.0
NGC0512,Sab,ShellFlow,74.69001674636216,1.40842517998691,2.163376654933214e-10,1.4966852449629496e-10,0.5023371772724877,0.0
NGC0512,Sab,ShellFlow,74.69001674636216,2.1378564162606355,2.7031183145586e-10,1.4750586485649414e-10,0.4929278639774155,0.0
NGC0512,Sab,ShellFlow,74.69001674636216,2.7714172896516613,4.061206412698882e-10,1.3184233713451723e-10,0.5084433961735844,0.0
NGC0512,Sab,ShellFlow,74.69001674636216,3.2711810631954044,4.49808552956868e-10,1.308140230538519e-10,0.5137045059123322,0.0
NGC0512,Sab,ShellFlow,74.69001674636216,3.816377907061305,4.825463031380723e-10,1.4063530531405392e-10,0.43890504732726665,0.0
NGC0512,Sab,ShellFlow,74.69001674636216,4.408795043477357,4.923184267519403e-10,1.2237484017097783e-10,0.49204173852891264,0.0
NGC0512,Sab,ShellFlow,74.69001674636216,5.0412835835315875,4.676101799251629e-10,1.4268923128688405e-10,0.3298743628247985,0.0
NGC0512,Sab,ShellFlow,74.69001674636216,5.63370071994764,4.201921661603293e-10,1.6164430554733553e-10,0.2805096815453703,0.0
NGC0512,Sab,ShellFlow,74.69001674636216,6.135966604610574,3.9498055065302956e-10,1.464161655629104e-10,0.24729706053194478,0.0
NGC0512,Sab,ShellFlow,74.69001674636216,6.814960548323758,3.1227059857173643e-10,1.4240919816659753e-10,0.22766050386701187,0.0
NGC0512,Sab,ShellFlow,74.69001674636216,7.403803240283823,2.999675757192736e-10,1.2000162158608765e-10,0.20535908007335527,0.0
NGC0512,Sab,ShellFlow,74.69001674636216,7.996220376699877,2.810832793115131e-10,7.920348530240089e-11,0.3656725852317168,0.0
NGC0512,Sab,ShellFlow,74.69001674636216,8.588637513115929,2.6972789312701214e-10,8.485466778667986e-11,0.306489678892509,0.0
NGC0512,Sab,ShellFlow,74.69001674636216,9.177480205075994,2.8571719832840716e-10,1.0408653532828744e-10,0.16086574791140393,0.0
NGC0512,Sab,ShellFlow,74.69001674636216,9.573867282379464,2.2290272848810982e-10,6.867728277449141e-11,0.3069190831041115,0.0
NGC0512,Sab,ShellFlow,74.69001674636216,11.845520798487383,2.416858580655404e-10,5.815712525182847e-11,0.07644817367925263,0.0
NGC0658,Sb,Courteau97,62.38859389269488,0.2738136862773616,1.3663322088339086e-10,9.148520003610104e-11,0.40853450445746137,0.0
NGC0658,Sb,Courteau97,62.38859389269488,0.7956085352984429,3.963006422755589e-10,1.985359440105503e-10,0.39476902673170694,0.0
NGC0658,Sb,Courteau97,62.38859389269488,1.2853754804095054,2.7543046012992343e-10,2.1969059053880124e-10,0.3585017803270567,0.0
NGC0658,Sb,Courteau97,62.38859389269488,1.8071703294305865,2.1531236643719107e-10,2.1886973314396878e-10,0.3140045667523755,0.0
NGC0658,Sb,Courteau97,62.38859389269488,2.3547977019853095,2.2861622991832185e-10,1.9742498962419435e-10,0.25726476429648937,0.0
NGC0658,Sb,Courteau97,62.38859389269488,2.876592551006391,2.259293340873048e-10,1.6691451707571452e-10,0.23098411030591387,0.0
NGC0658,Sb,Courteau97,62.38859389269488,3.3663594961174534,1.6410463514707902e-10,1.4571402504725734e-10,0.2653341254467179,0.0
NGC0658,Sb,Courteau97,62.38859389269488,3.8881543451385348,1.515134197661259e-10,1.3887069392747046e-10,0.18955423190418544,0.0
NGC0658,Sb,Courteau97,62.38859389269488,4.381018980437786,1.216902073500548e-10,1.195646728265854e-10,0.19277670751974021,0.0
NGC0658,Sb,Courteau97,62.38859389269488,4.668274429496036,9.022792405915252e-11,1.0718931662423071e-10,0.1635571632012996,0.0
NGC0658,Sb,Courteau97,62.38859389269488,5.4897154883281205,9.484749858237327e-11,7.467471279627261e-11,0.22301732917426056,0.0
NGC0658,Sb,Courteau97,62.38859389269488,5.927817386371899,1.0666544779634521e-10,6.726816007855712e-11,0.22451341413426143,0.0
NGC0658,Sb,Courteau97,62.38859389269488,9.815971731510436,1.0068644506007782e-10,2.716259249605365e-11,0.2723469787544123,0.0
NGC0658,Sb,Courteau97,62.38859389269488,10.089785417787795,7.991318234561165e-11,3.2851169191488083e-11,0.1708050144747009,0.0
NGC0658,Sb,Courteau97,62.38859389269488,10.363599104065157,7.093650427230713e-11,2.8997811389952118e-11,0.20650682777353352,0.0
NGC0673,SAB(s)c,ShellFlow,50.78060188901272,0.4562816160440857,5.378117013466753e-11,1.604028067501538e-10,0.4951543165980316,0.0
NGC0673,SAB(s)c,ShellFlow,50.78060188901272,1.3618831865157282,1.4496972026309897e-10,2.771756635089337e-10,0.4467014236855696,0.0
NGC0673,SAB(s)c,ShellFlow,50.78060188901272,2.3232105810486514,1.9599349627482e-10,2.4550018783211993e-10,0.42625415452882187,0.0
NGC0673,SAB(s)c,ShellFlow,50.78060188901272,3.284537975581574,2.1422995224154386e-10,2.0785598240130656e-10,0.4540560943373606,0.0
NGC0673,SAB(s)c,ShellFlow,50.78060188901272,4.190139546053216,1.9914234853278254e-10,1.7916949393339058e-10,0.38846459692167806,0.0
NGC0673,SAB(s)c,ShellFlow,50.78060188901272,5.15146694058614,1.7552445356146798e-10,1.854123092659429e-10,0.36669538325022477,0.0
NGC0673,SAB(s)c,ShellFlow,50.78060188901272,6.0605493418660465,1.349502891098735e-10,1.0313468832032788e-10,0.5432672574413439,0.0
NGC0673,SAB(s)c,ShellFlow,50.78060188901272,6.969631743145953,1.0573597398032693e-10,1.6990826954218875e-10,0.35173866141055266,0.0
NGC0673,SAB(s)c,ShellFlow,50.78060188901272,7.929218722274744,1.0524301662792994e-10,1.1417477479466389e-10,0.4554634966443643,0.0
NGC0673,SAB(s)c,ShellFlow,50.78060188901272,8.83656070815052,1.0110209089174683e-10,9.685829280509572e-11,0.4434161186769344,0.0
NGC0673,SAB(s)c,ShellFlow,50.78060188901272,9.79788810268344,9.255558209886455e-11,8.751018946256741e-11,0.3934315668339286,0.0
NGC0673,SAB(s)c,ShellFlow,50.78060188901272,10.759215497216365,8.734372250787572e-11,7.526828978723693e-11,0.3947658596337417,0.0
NGC0673,SAB(s)c,ShellFlow,50.78060188901272,11.664817067688007,8.95305591482079e-11,7.212775269271104e-11,0.35721384965941283,0.0
NGC0673,SAB(s)c,ShellFlow,50.78060188901272,12.582352915216557,7.785779429887025e-11,8.195744171580242e-11,0.22404043569338716,0.0
NGC0673,SAB(s)c,ShellFlow,50.78060188901272,13.573539238912494,7.409680658385596e-11,8.322311782128396e-11,0.15477682118564365,0.0
NGC0673,SAB(s)c,ShellFlow,50.78060188901272,14.40946842556905,6.959333473701891e-11,5.051368997943839e-11,0.3170989774634402,0.0
NGC0673,SAB(s)c,ShellFlow,50.78060188901272,15.419559982546724,8.034528827368128e-11,5.307156654555163e-11,0.2336932763822642,0.0
NGC0673,SAB(s)c,ShellFlow,50.78060188901272,16.328642383826633,7.737738367579108e-11,6.240041659105764e-11,0.11526968344176637,0.0
NGC0673,SAB(s)c,ShellFlow,50.78060188901272,17.338733940804303,5.266189217140962e-11,3.667066894558204e-11,0.3091790050232692,0.0
NGC0673,SAB(s)c,ShellFlow,50.78060188901272,18.04579803068868,4.9609703552112544e-11,4.932925287402603e-11,0.11121129531505326,0.0
NGC0673,SAB(s)c,ShellFlow,50.78060188901272,18.65185296487528,4.7232063503884246e-11,3.9242091954861223e-11,0.17408304761117074,0.0
NGC0768,SB(r)bc:,Courteau97,36.73389397945809,0.3560575579957821,6.920690803978961e-10,6.656475689831811e-11,0.6479176685998966,0.0
NGC0768,SB(r)bc:,Courteau97,36.73389397945809,1.171767580539597,1.2841779861102394e-09,1.7755127062317266e-10,0.5790189846138549,0.0
NGC0768,SB(r)bc:,Courteau97,36.73389397945809,2.0505932659442947,1.092081614447769e-09,2.3560674925677297e-10,0.48545220031845776,0.0
NGC0768,SB(r)bc:,Courteau97,36.73389397945809,2.9294189513489926,8.787014939280653e-10,2.425772590716535e-10,0.40387727831569287,0.0
NGC0768,SB(r)bc:,Courteau97,36.73389397945809,3.8082446367536904,5.348415487448065e-10,2.1184097284723218e-10,0.422033033278147,0.0
NGC0768,SB(r)bc:,Courteau97,36.73389397945809,4.623954659297506,4.077340903355103e-10,1.7079077326505848e-10,0.4478510644800046,0.0
NGC0768,SB(r)bc:,Courteau97,36.73389397945809,5.419425059995636,4.4199049370797276e-10,1.9104013474957027e-10,0.35423778373980663,0.0
NGC0768,SB(r)bc:,Courteau97,36.73389397945809,6.214895460693767,4.397312222375255e-10,1.1889179615786718e-10,0.48936602979813504,0.0
NGC0768,SB(r)bc:,Courteau97,36.73389397945809,7.030605483237583,4.976575599953002e-10,1.5977520224261727e-10,0.2549575951820384,0.0
NGC0768,SB(r)bc:,Courteau97,36.73389397945809,7.932067587811795,5.241384100835882e-10,1.6986637252816772e-10,0.23395637952070203,0.0
NGC0768,SB(r)bc:,Courteau97,36.73389397945809,8.810893273216493,4.1624940637333646e-10,1.4047899374057785e-10,0.23778885680259612,0.0
NGC0768,SB(r)bc:,Courteau97,36.73389397945809,9.68971895862119,3.8595668538745455e-10,1.2716831197949295e-10,0.1981802470302216,0.0
NGC0768,SB(r)bc:,Courteau97,36.73389397945809,10.422073696458439,4.078638697712626e-10,1.2872357544176555e-10,0.12504576167840006,0.0
NGC0768,SB(r)bc:,Courteau97,36.73389397945809,11.007957486728237,5.2179091734259e-10,8.135553732486343e-11,0.2686645485647722,0.0
NGC0768,SB(r)bc:,Courteau97,36.73389397945809,12.866806966766054,1.4574143846819164e-10,7.43787024716057e-11,0.1386914765817308,0.0
NGC0768,SB(r)bc:,Courteau97,36.73389397945809,13.452690757035851,1.8915957763130942e-10,5.4767402405168556e-11,0.24048459201557768,0.0
NGC0768,SB(r)bc:,Courteau97,36.73389397945809,16.528580655952293,1.250849390939916e-10,4.257449137856886e-11,0.11819177008902428,0.0
NGC0803,SA(s)c: sp,Courteau97,72.6112157881275,0.16113054977819793,1.0547716668384743e-10,1.7549834831684677e-11,0.23438057719401936,0.0
NGC0803,SA(s)c: sp,Courteau97,72.6112157881275,1.0856650890844302,1.9199855274638957e-10,5.803023459627006e-11,0.44260319360539646,0.0
NGC0803,SA(s)c: sp,Courteau97,72.6112157881275,1.5069888050455835,1.796202652921369e-10,6.313945102693935e-11,0.4380544328742763,0.0
NGC0803,SA(s)c: sp,Courteau97,72.6112157881275,1.9493362160327732,1.5285580206806884e-10,6.045985832470828e-11,0.43204328613963777,0.0
NGC0803,SA(s)c: sp,Courteau97,72.6112157881275,2.3337409933822992,1.7865459940044028e-10,5.964560714228763e-11,0.4034374278309804,0.0
NGC0803,SA(s)c: sp,Courteau97,72.6112157881275,2.7579910303382893,1.8328228890572784e-10,5.866177581682561e-11,0.37479285407853247,0.0
NGC0803,SA(s)c: sp,Courteau97,72.6112157881275,3.218221514071703,1.8403309243047822e-10,5.903484434004572e-11,0.351128011324449,0.0
NGC0803,SA(s)c: sp,Courteau97,72.6112157881275,3.6513170213075408,1.6399484256131503e-10,5.234296037898563e-11,0.3423967674388369,0.0
NGC0803,SA(s)c: sp,Courteau97,72.6112157881275,4.043626929677841,1.5700838859595048e-10,4.815042815564044e-11,0.3255185904687155,0.0
NGC0803,SA(s)c: sp,Courteau97,72.6112157881275,4.506046611882772,1.338038624370174e-10,4.413104737377708e-11,0.28182323340839577,0.0
NGC0803,SA(s)c: sp,Courteau97,72.6112157881275,4.9202952184256725,1.1427306494057144e-10,3.8840900072441603e-11,0.3127708514349323,0.0
NGC0803,SA(s)c: sp,Courteau97,72.6112157881275,5.31200418587739,1.350723221126839e-10,3.565900634159871e-11,0.3332991714897915,0.0
NGC0803,SA(s)c: sp,Courteau97,72.6112157881275,5.754610236346447,1.1985311803068588e-10,3.545593909356775e-11,0.29464452547893344,0.0
NGC0803,SA(s)c: sp,Courteau97,72.6112157881275,7.48333436404625,6.451258460565369e-11,2.8213862292254674e-11,0.23234920806726933,0.0
NGC0803,SA(s)c: sp,Courteau97,72.6112157881275,7.886288765035269,6.484535171672093e-11,2.0339163497596054e-11,0.3373841198212121,0.0
NGC0803,SA(s)c: sp,Courteau97,72.6112157881275,8.249298884444766,7.859004640796567e-11,2.5212076868622716e-11,0.21426563036281376,0.0
NGC0803,SA(s)c: sp,Courteau97,72.6112157881275,8.530957280197802,5.885073224759308e-11,2.029825300498898e-11,0.28828685302719326,0.0
NGC0820,Sb,ShellFlow,54.705220206293674,0.2737817800263877,4.3576472760343146e-10,1.6243207774015584e-10,0.4302400390295631,0.0
NGC0820,Sb,ShellFlow,54.705220206293674,0.8165082061564354,5.787847898579705e-10,3.754018887492525e-10,0.38489266268994876,0.0
NGC0820,Sb,ShellFlow,54.705220206293674,1.3640717662092108,5.637073865278544e-10,3.8837435785542824e-10,0.34768296620087863,0.0
NGC0820,Sb,ShellFlow,54.705220206293674,1.9067981923392583,4.988992548678483e-10,3.6924362412310844e-10,0.3473167897010084,0.0
NGC0820,Sb,ShellFlow,54.705220206293674,2.454361752392034,4.1818070432124825e-10,3.4891097442795243e-10,0.2962485070483763,0.0
NGC0820,Sb,ShellFlow,54.705220206293674,2.9970881785220813,3.5057718550320273e-10,2.8957206559938e-10,0.31040311380380886,0.0
NGC0820,Sb,ShellFlow,54.705220206293674,3.544651738574857,3.1725398666894947e-10,2.593315452658007e-10,0.24260869068659327,0.0
NGC0820,Sb,ShellFlow,54.705220206293674,4.087378164704904,3.393176297048604e-10,2.6012806978208045e-10,0.23558546611275855,0.0
NGC0820,Sb,ShellFlow,54.705220206293674,4.63494172475768,2.4124442295264563e-10,2.1488703974099136e-10,0.21347937740062847,0.0
NGC0820,Sb,ShellFlow,54.705220206293674,5.177668150887728,1.9470016810530227e-10,1.8476862023351715e-10,0.1592966390786675,0.0
NGC0820,Sb,ShellFlow,54.705220206293674,5.722329430586866,2.002321144422767e-10,1.5761043587574918e-10,0.13252940949868894,0.0
NGC0820,Sb,ShellFlow,54.705220206293674,6.292305044481613,1.7735025807802698e-10,1.343690523707356e-10,0.12423912940154193,0.0
NGC0820,Sb,ShellFlow,54.705220206293674,6.738127554359683,1.6394236809863157e-10,1.1668252801638445e-10,0.18674725100269376,0.0
NGC0820,Sb,ShellFlow,54.705220206293674,7.242640622500182,1.5282413564318603e-10,1.1253412840009996e-10,0.13556482059600294,0.0
NGC0820,Sb,ShellFlow,54.705220206293674,7.990945240346156,9.185975815997074e-11,9.352504412429255e-11,0.12452597062294525,0.0
NGC0820,Sb,ShellFlow,54.705220206293674,9.03383131408625,1.1116704304511255e-10,6.738243519305224e-11,0.15439567871932686,0.0
NGC0820,Sb,ShellFlow,54.705220206293674,9.765205963202677,2.0428800172966179e-10,6.067917063823334e-11,0.12832065625422134,0.0
NGC0820,Sb,ShellFlow,54.705220206293674,10.8554959493855,1.3642443764196128e-10,4.8529236191735145e-11,0.13070287331529076,0.0
NGC0917,Sab,ShellFlow,59.463104930593914,0.2999896807504909,8.509708381101659e-10,1.3683060713769238e-10,0.52042644132007,0.0
NGC0917,Sab,ShellFlow,59.463104930593914,0.8580574404770562,1.731445774673543e-09,3.2318032049503745e-10,0.47294784377013827,0.0
NGC0917,Sab,ShellFlow,59.463104930593914,1.3418668850265436,1.8620143155081112e-09,3.925636402197489e-10,0.42201856421592593,0.0
NGC0917,Sab,ShellFlow,59.463104930593914,1.8999346447531087,1.6394930853846221e-09,4.0696632341093616e-10,0.3547359402009532,0.0
NGC0917,Sab,ShellFlow,59.463104930593914,2.4999140062540905,1.1422517456432461e-09,3.688423481614771e-10,0.3450393206929632,0.0
NGC0917,Sab,ShellFlow,59.463104930593914,2.9998968075049084,9.453613639120055e-10,3.197450625890636e-10,0.35568809832833576,0.0
NGC0917,Sab,ShellFlow,59.463104930593914,3.4903147203839717,8.219914050361674e-10,2.961574889182206e-10,0.3233749316289768,0.0
NGC0917,Sab,ShellFlow,59.463104930593914,4.109423858628463,6.125707702612526e-10,2.3422384079462417e-10,0.3370863308288691,0.0
NGC0917,Sab,ShellFlow,59.463104930593914,4.636362254381499,6.164079254715707e-10,2.375270280680402e-10,0.300849407424454,0.0
NGC0917,Sab,ShellFlow,59.463104930593914,5.209386021380263,4.095178359067992e-10,2.1309114803732428e-10,0.3249362684685527,0.0
NGC0917,Sab,ShellFlow,59.463104930593914,5.6093722623809175,4.2830974514121027e-10,2.0872371521250687e-10,0.2738640253350016,0.0
NGC0917,Sab,ShellFlow,59.463104930593914,7.509306907134027,2.7092453429395965e-10,1.7522820974405286e-10,0.2084815153213623,0.0
NGC0917,Sab,ShellFlow,59.463104930593914,8.509272509635663,3.238078491533114e-10,1.2237616485678688e-10,0.2843207072658382,0.0
NGC0917,Sab,ShellFlow,59.463104930593914,10.10921747363828,2.760587041812756e-10,1.105713434138035e-10,0.20576507773367053,0.0
NGC0917,Sab,ShellFlow,59.463104930593914,10.509203714638936,2.843175836424004e-10,7.00798517820534e-11,0.3810460039838562,0.0
NGC0917,Sab,ShellFlow,59.463104930593914,10.909189955639588,2.5726556393183265e-10,1.0736122802949916e-10,0.15835985815917605,0.0
NGC0918,SAB(rs)c:,Courteau97,60.0838729979721,0.11882740912349232,7.873505714653701e-11,1.604534716431116e-11,0.0626539967245088,0.0
NGC0918,SAB(rs)c:,Courteau97,60.0838729979721,0.3455162708166679,2.474600460652686e-10,4.018607486246557e-11,0.4534108914352205,0.0
NGC0918,SAB(rs)c:,Courteau97,60.0838729979721,0.7020238237219112,1.6605686265723726e-10,5.5556236828933265e-11,0.4874589685973474,0.0
NGC0918,SAB(rs)c:,Courteau97,60.0838729979721,1.067288946549342,2.409585943671036e-10,5.958449001272792e-11,0.5154448694646849,0.0
NGC0918,SAB(rs)c:,Courteau97,60.0838729979721,1.281548035779216,2.2696388852251247e-10,6.121242441712416e-11,0.510719771912522,0.0
NGC0918,SAB(rs)c:,Courteau97,60.0838729979721,1.7203129256054106,1.6660495541101943e-10,6.761208749662343e-11,0.4710813183335459,0.0
NGC0918,SAB(rs)c:,Courteau97,60.0838729979721,2.8720929212420914,1.712891892396639e-10,5.703832860709292e-11,0.48843195147210566,0.0
NGC0918,SAB(rs)c:,Courteau97,60.0838729979721,3.4753724849101886,1.263062687649781e-10,6.350911231635026e-11,0.4206624151814189,0.0
NGC0918,SAB(rs)c:,Courteau97,60.0838729979721,3.7678824114609846,1.931026928007538e-10,6.70575314688176e-11,0.37837604902282507,0.0
NGC0918,SAB(rs)c:,Courteau97,60.0838729979721,4.001890352701621,1.2107695917970875e-10,6.405966698154296e-11,0.3306038368418027,0.0
NGC0918,SAB(rs)c:,Courteau97,60.0838729979721,4.762416161733692,1.2871993670863267e-10,5.2356142760509697e-11,0.35444993727329854,0.0
NGC0918,SAB(rs)c:,Courteau97,60.0838729979721,4.879420132354011,1.0590633990377264e-10,6.207897685463989e-11,0.27482686914501336,0.0
NGC0931,Sbc Sy1.5,Courteau97,83.80858479532849,0.36241601047196575,2.3237224948757173e-10,4.5612210493803434e-10,0.3891486731546294,0.0
NGC0931,Sbc Sy1.5,Courteau97,83.80858479532849,1.1379895571231184,1.4111987791222238e-10,6.728992276331746e-10,0.41021858868796973,0.0
NGC0931,Sbc Sy1.5,Courteau97,83.80858479532849,1.9508392407824886,2.209387138412021e-10,1.021052465453309e-09,0.0455934711678439,0.0
NGC0931,Sbc Sy1.5,Courteau97,83.80858479532849,2.763688924441859,2.602479574021008e-10,3.500361769213333e-10,0.2244610229553106,0.0
NGC0931,Sbc Sy1.5,Courteau97,83.80858479532849,3.5765386081012296,3.2115263721680715e-10,3.358000648522105e-10,0.11952809953029712,0.0
NGC0931,Sbc Sy1.5,Courteau97,83.80858479532849,4.389388291760599,3.354965043012434e-10,2.213359149044428e-10,0.1833792318678008,0.0
NGC0931,Sbc Sy1.5,Courteau97,83.80858479532849,5.078389241800596,3.004599902240874e-10,1.6286038167310253e-10,0.216687270417684,0.0
NGC0931,Sbc Sy1.5,Courteau97,83.80858479532849,5.5377232084939285,2.916805415505441e-10,1.398019501069075e-10,0.22910534785376685,0.0
NGC0931,Sbc Sy1.5,Courteau97,83.80858479532849,8.616206646789326,1.1379975069443624e-10,7.755161447274341e-11,0.2616395444571626,0.0
NGC0931,Sbc Sy1.5,Courteau97,83.80858479532849,9.138893625190896,1.0472072579430361e-10,6.166657463169333e-11,0.2869557703668831,0.0
NGC0931,Sbc Sy1.5,Courteau97,83.80858479532849,9.853216074467312,1.1597082397248833e-10,5.0485009933156756e-11,0.3824599403958798,0.0
NGC0931,Sbc Sy1.5,Courteau97,83.80858479532849,10.604322024580032,1.153408677285768e-10,5.329247523887753e-11,0.3170129373285859,0.0
NGC0931,Sbc Sy1.5,Courteau97,83.80858479532849,11.379895571231184,1.0539204163953649e-10,5.878815973833388e-11,0.2401615922710368,0.0
NGC0931,Sbc Sy1.5,Courteau97,83.80858479532849,12.192745254890555,1.1465593907585546e-10,4.636813025753705e-11,0.22997888154212523,0.0
NGC0931,Sbc Sy1.5,Courteau97,83.80858479532849,13.005594938549924,1.0766769926561178e-10,3.9564920681305554e-11,0.3281938071870505,0.0
NGC0931,Sbc Sy1.5,Courteau97,83.80858479532849,13.818444622209295,1.0331596271118422e-10,4.764480408663706e-11,0.2005466185313909,0.0
NGC0931,Sbc Sy1.5,Courteau97,83.80858479532849,14.570207420551233,1.1058406263608318e-10,3.072418239213809e-11,0.35760574382608373,0.0
NGC0931,Sbc Sy1.5,Courteau97,83.80858479532849,15.352513661551889,9.29741757684411e-11,3.709883091382428e-11,0.22178768420883774,0.0
NGC0931,Sbc Sy1.5,Courteau97,83.80858479532849,15.758938503381573,9.883382581483983e-11,3.139827792678736e-11,0.276719671504047,0.0
NGC1085,SA(s)bc:,ShellFlow,52.554406186345396,0.5081975856301361,4.0373406873794686e-10,2.053741391604473e-10,0.6077574631410682,0.0
NGC1085,SA(s)bc:,ShellFlow,52.554406186345396,1.5245927568904079,7.685973059677623e-10,4.720526527740511e-10,0.42343291478745065,0.0
NGC1085,SA(s)bc:,ShellFlow,52.554406186345396,2.590551052683772,6.636880126386381e-10,4.946452112051514e-10,0.36511609394003064,0.0
NGC1085,SA(s)bc:,ShellFlow,52.554406186345396,3.659022616536979,4.827989629478835e-10,4.041368345640922e-10,0.31387912382896527,0.0
NGC1085,SA(s)bc:,ShellFlow,52.554406186345396,4.675417787797251,3.843713964957345e-10,2.874916489596547e-10,0.3744372670542088,0.0
NGC1085,SA(s)bc:,ShellFlow,52.554406186345396,5.691812959057524,3.058451601345481e-10,2.2510715213769308e-10,0.37685612392467377,0.0
NGC1085,SA(s)bc:,ShellFlow,52.554406186345396,6.667145765398881,2.5149806794661263e-10,2.3414925273362185e-10,0.2966269638169872,0.0
NGC1085,SA(s)bc:,ShellFlow,52.554406186345396,7.724603301578067,2.2124820038292929e-10,1.6842258778773348e-10,0.2961911093386414,0.0
NGC1085,SA(s)bc:,ShellFlow,52.554406186345396,8.793074865431274,1.986698200740401e-10,1.8438316975250373e-10,0.23310027894823523,0.0
NGC1085,SA(s)bc:,ShellFlow,52.554406186345396,9.833623281943131,2.084526071805425e-10,1.4483924568426878e-10,0.25573679485149886,0.0
NGC1085,SA(s)bc:,ShellFlow,52.554406186345396,10.832333177223475,1.3615582239737015e-10,1.2583518300337031e-10,0.24571376826853236,0.0
NGC1085,SA(s)bc:,ShellFlow,52.554406186345396,11.891823503745183,1.3474607465709656e-10,1.0597628621450142e-10,0.24768853645223252,0.0
NGC1085,SA(s)bc:,ShellFlow,52.554406186345396,12.908218675005454,1.290357678500389e-10,1.0205623144951681e-10,0.19883117960533023,0.0
NGC1085,SA(s)bc:,ShellFlow,52.554406186345396,13.974176970798817,1.2299551435084653e-10,1.0059219790103964e-10,0.16060935342691396,0.0
NGC1085,SA(s)bc:,ShellFlow,52.554406186345396,14.99955337939059,1.342375308673364e-10,5.531565544749987e-11,0.3705179364795553,0.0
NGC1085,SA(s)bc:,ShellFlow,52.554406186345396,15.79112193876809,1.4381216223758394e-10,6.970863760697395e-11,0.20966349393101297,0.0
NGC1085,SA(s)bc:,ShellFlow,52.554406186345396,17.107760243618646,8.159298291492862e-11,6.628291742311026e-11,0.17381105322656656,0.0
NGC1085,SA(s)bc:,ShellFlow,52.554406186345396,18.07597828376118,8.201233366891826e-11,4.0111523896971784e-11,0.38038701713678746,0.0
NGC1085,SA(s)bc:,ShellFlow,52.554406186345396,19.138992113543257,9.536244766378351e-11,4.824985537191922e-11,0.22917447184977388,0.0
NGC1085,SA(s)bc:,ShellFlow,52.554406186345396,20.08762760671951,8.02963130317045e-11,3.719720703114287e-11,0.2980057058639382,0.0
NGC1085,SA(s)bc:,ShellFlow,52.554406186345396,20.697464709475675,6.363161304451861e-11,4.963476276432799e-11,0.1528361256774159,0.0
NGC1095,SBc,ShellFlow,55.64330034614811,0.3385637136693089,2.259853032992939e-11,1.8966186498058293e-11,0.7063232496245992,0.0
NGC1095,SBc,ShellFlow,55.64330034614811,1.0885785761035562,4.586801008882799e-11,4.8863935134136846e-11,0.6510208776721443,0.0
NGC1095,SBc,ShellFlow,55.64330034614811,1.8385934385378035,1.0548886168301365e-10,6.663114356708344e-11,0.6015534866129432,0.0
NGC1095,SBc,ShellFlow,55.64330034614811,2.5853741182459458,1.4283555578454883e-10,7.810510646415943e-11,0.5306800643358202,0.0
NGC1095,SBc,ShellFlow,55.64330034614811,3.332154797954088,1.46533720598945e-10,8.536759025338981e-11,0.49681728846237394,0.0
NGC1095,SBc,ShellFlow,55.64330034614811,4.0821696603883355,1.3788505537578613e-10,7.384482591211293e-11,0.5138842756199682,0.0
NGC1095,SBc,ShellFlow,55.64330034614811,4.832184522822582,1.3419943567634237e-10,8.080122217452728e-11,0.44663401030046235,0.0
NGC1095,SBc,ShellFlow,55.64330034614811,5.578965202530725,1.2049313275399913e-10,5.2829413183346286e-11,0.5401091943576134,0.0
NGC1095,SBc,ShellFlow,55.64330034614811,6.325745882238868,1.1022607130640237e-10,8.256558437644142e-11,0.35375653630463355,0.0
NGC1095,SBc,ShellFlow,55.64330034614811,7.075760744673115,1.0151058183833914e-10,7.581052508379126e-11,0.3735280073446374,0.0
NGC1095,SBc,ShellFlow,55.64330034614811,7.825775607107363,9.730381062433643e-11,7.040086443938552e-11,0.36413750242336856,0.0
NGC1095,SBc,ShellFlow,55.64330034614811,8.572556286815505,8.524208895727852e-11,7.21541069755289e-11,0.3078458088817743,0.0
NGC1095,SBc,ShellFlow,55.64330034614811,9.319336966523647,8.07784895385189e-11,7.599203423581508e-11,0.23850603848251387,0.0
NGC1095,SBc,ShellFlow,55.64330034614811,10.069351828957894,8.844966090718847e-11,6.253439826613864e-11,0.20863676231842768,0.0
NGC1095,SBc,ShellFlow,55.64330034614811,10.819366691392142,8.33518587933694e-11,3.284237511498736e-11,0.4913761926033064,0.0
NGC1095,SBc,ShellFlow,55.64330034614811,11.566147371100284,8.256423455110722e-11,4.7674960683521566e-11,0.2745219077171583,0.0
NGC1095,SBc,ShellFlow,55.64330034614811,12.312928050808427,7.582557742356066e-11,5.867303201230813e-11,0.1430712653007829,0.0
NGC1095,SBc,ShellFlow,55.64330034614811,13.062942913242674,7.42194662286159e-11,3.0114194601039686e-11,0.3815529367157011,0.0
NGC1095,SBc,ShellFlow,55.64330034614811,13.54728149710324,5.743090025942204e-11,5.0290189537788096e-11,0.12391999612127594,0.0
NGC1095,SBc,ShellFlow,55.64330034614811,14.559738455385062,4.8993931282012875e-11,2.5946210389311038e-11,0.33072568765982624,0.0
NGC1095,SBc,ShellFlow,55.64330034614811,14.908004717232687,7.348249604060245e-11,4.172491105528282e-11,0.10656176639525664,0.0
NGC2486,S(r)b,ShellFlow,57.132681481132686,0.38183131874045523,3.3602609703822644e-10,1.4657370597413222e-10,0.4787903517305078,0.0
NGC2486,S(r)b,ShellFlow,57.132681481132686,1.2539748653431266,9.418525045472897e-10,3.3006221502688367e-10,0.3221247247014718,0.0
NGC2486,S(r)b,ShellFlow,57.132681481132686,3.222540867815674,4.5687147035989747e-10,1.9880137259490095e-10,0.2742959234192594,0.0
NGC2486,S(r)b,ShellFlow,57.132681481132686,3.994728923278307,3.9031904376245135e-10,1.5602420786611662e-10,0.26217643439753135,0.0
NGC2486,S(r)b,ShellFlow,57.132681481132686,4.844144415194046,3.2362754084839257e-10,1.2171413141204252e-10,0.2795262640168884,0.0
NGC2486,S(r)b,ShellFlow,57.132681481132686,5.674102007126755,2.607848434068766e-10,8.354139443587119e-11,0.4028388335406832,0.0
NGC2486,S(r)b,ShellFlow,57.132681481132686,6.5038869809226,2.5936858697143445e-10,9.46635655792379e-11,0.2836865950125307,0.0
NGC2486,S(r)b,ShellFlow,57.132681481132686,7.411072009308414,2.240447963311851e-10,6.956628156929609e-11,0.38038304472724177,0.0
NGC2486,S(r)b,ShellFlow,57.132681481132686,8.337456010471966,2.1985751448213246e-10,4.6969984622837214e-11,0.48439545237238385,0.0
NGC2486,S(r)b,ShellFlow,57.132681481132686,9.21138327782222,1.9510493767531113e-10,3.8528205441110643e-11,0.5171327666759657,0.0
NGC2486,S(r)b,ShellFlow,57.132681481132686,9.852731580491115,1.9209214613467934e-10,5.4910758189229087e-11,0.34250869731849726,0.0
NGC2486,S(r)b,ShellFlow,57.132681481132686,10.84997053188859,1.8267064199209727e-10,5.161608389721018e-11,0.3055352964217228,0.0
NGC2486,S(r)b,ShellFlow,57.132681481132686,11.804794969416365,1.6599357336234233e-10,5.443920581942084e-11,0.216164872786743,0.0
NGC2486,S(r)b,ShellFlow,57.132681481132686,12.66434058866022,1.5001830233892615e-10,5.916268376305807e-11,0.13118972276043883,0.0
NGC2486,S(r)b,ShellFlow,57.132681481132686,13.326671584854434,1.3956969602230308e-10,3.5006972012506345e-11,0.30595121911317036,0.0
NGC2486,S(r)b,ShellFlow,57.132681481132686,14.349050449906674,1.1791894369593177e-10,3.909661328065253e-11,0.17498198579348434,0.0
NGC2486,S(r)b,ShellFlow,57.132681481132686,15.098940397708452,1.3145864172993102e-10,3.254424973022752e-11,0.13458288914775496,0.0
NGC2486,S(r)b,ShellFlow,57.132681481132686,15.88412915618258,1.6657481894693835e-10,3.11633688042042e-11,0.17102053633958347,0.0
NGC2486,S(r)b,ShellFlow,57.132681481132686,17.465694885705283,1.1124077422389105e-10,2.7462278397214933e-11,0.11812837330244529,0.0
NGC2596,Sb,Courteau97,73.00549476752731,0.40711753293093833,2.2017415928354405e-10,2.5366763676401427e-11,0.7082152603497935,0.0
NGC2596,Sb,Courteau97,73.00549476752731,1.2384919782803674,2.4496979426823813e-10,6.490381683514769e-11,0.6416862105770802,0.0
NGC2596,Sb,Courteau97,73.00549476752731,2.0247005604979567,2.0516690655080852e-10,8.433503865301202e-11,0.5821479087624319,0.0
NGC2596,Sb,Courteau97,73.00549476752731,2.8470340078848255,2.6423178085404035e-10,9.461299551443517e-11,0.5366402257576336,0.0
NGC2596,Sb,Courteau97,73.00549476752731,3.6756992461154336,2.6937445019532076e-10,8.478725104221844e-11,0.5149298501544246,0.0
NGC2596,Sb,Courteau97,73.00549476752731,4.447001948778056,1.9663827074650393e-10,7.372443382268792e-11,0.5354060354786958,0.0
NGC2596,Sb,Courteau97,73.00549476752731,5.301512483557814,1.6782286050903407e-10,5.602929922054814e-11,0.6338740104868714,0.0
NGC2596,Sb,Courteau97,73.00549476752731,6.106959679161381,1.7408999702296603e-10,9.797555878242123e-11,0.4253621544964139,0.0
NGC2596,Sb,Courteau97,73.00549476752731,6.894278954257873,1.8386798372729345e-10,7.269753800153198e-11,0.5229377391795192,0.0
NGC2596,Sb,Courteau97,73.00549476752731,7.703787729632421,1.8915689545726226e-10,5.2046846494662096e-11,0.6082776051574907,0.0
NGC2596,Sb,Courteau97,73.00549476752731,8.481421699121181,1.7438645260713183e-10,5.270151925347856e-11,0.57719206194918,0.0
NGC2596,Sb,Courteau97,73.00549476752731,9.414246725232104,1.4161602827842636e-10,5.001456005895115e-11,0.5459384909819782,0.0
NGC2596,Sb,Courteau97,73.00549476752731,10.168574861912141,1.303037386014067e-10,6.60483998293553e-11,0.38577427795819286,0.0
NGC2596,Sb,Courteau97,73.00549476752731,10.96105489849223,1.2721631626604509e-10,7.421942162482019e-11,0.28791302516915135,0.0
NGC2596,Sb,Courteau97,73.00549476752731,11.811316329155858,1.0325825422278468e-10,8.349476259085139e-11,0.20209650012921299,0.0
NGC2596,Sb,Courteau97,73.00549476752731,12.615166416600005,9.829453165716375e-11,2.900632567830476e-11,0.5903007698811732,0.0
NGC2596,Sb,Courteau97,73.00549476752731,13.437700440816425,9.73604431989144e-11,5.166256756722771e-11,0.3056602094217057,0.0
NGC2596,Sb,Courteau97,73.00549476752731,14.265878173223763,9.687765450417007e-11,7.28609673670533e-11,0.13932304956225444,0.0
NGC2596,Sb,Courteau97,73.00549476752731,15.025383847477759,9.165982255317062e-11,3.879940098694417e-11,0.34668757322713656,0.0
NGC2596,Sb,Courteau97,73.00549476752731,15.803840718978012,7.060825536894894e-11,5.92368664887011e-11,0.12520282989938067,0.0
NGC2596,Sb,Courteau97,73.00549476752731,16.283451787748767,8.204366645749937e-11,4.283078801417077e-11,0.20551949602377845,0.0
NGC2919,SAB(r)b:,Courteau97,71.44639424596821,0.22496487195736417,1.2456544604340057e-10,2.028867106462085e-11,0.5282062090729569,0.0
NGC2919,SAB(r)b:,Courteau97,71.44639424596821,0.6541652243473203,9.074371493111058e-11,4.6752682253995963e-11,0.5693063900541548,0.0
NGC2919,SAB(r)b:,Courteau97,71.44639424596821,1.1120808813904446,9.453135131915665e-11,5.340879644438671e-11,0.5962089517964351,0.0
NGC2919,SAB(r)b:,Courteau97,71.44639424596821,1.5699965384335686,1.11513612020354e-10,5.2134304536653425e-11,0.6077880551668644,0.0
NGC2919,SAB(r)b:,Courteau97,71.44639424596821,1.9991968908235247,1.2657964432904743e-10,5.316377507937509e-11,0.622609873352032,0.0
NGC2919,SAB(r)b:,Courteau97,71.44639424596821,2.449126634738253,1.3897343135061949e-10,5.714461114427896e-11,0.6059282428891233,0.0
NGC2919,SAB(r)b:,Courteau97,71.44639424596821,2.8783269871282093,1.7155527467313978e-10,6.396399707135691e-11,0.5573231930633288,0.0
NGC2919,SAB(r)b:,Courteau97,71.44639424596821,3.3362426441713335,1.605901048448211e-10,6.15607107319559e-11,0.570363417051915,0.0
NGC2919,SAB(r)b:,Courteau97,71.44639424596821,3.7941583012144577,1.6593947813739288e-10,7.484076147569312e-11,0.4568309393342278,0.0
NGC2919,SAB(r)b:,Courteau97,71.44639424596821,4.223358653604413,1.8161435218474287e-10,9.06022761285738e-11,0.38624717287968086,0.0
NGC2919,SAB(r)b:,Courteau97,71.44639424596821,4.673288397519142,1.4294347411987026e-10,1.0211523107594006e-10,0.315463162700571,0.0
NGC2919,SAB(r)b:,Courteau97,71.44639424596821,5.1024887499090985,1.484781875089921e-10,1.001227549480648e-10,0.2641756601507074,0.0
NGC2919,SAB(r)b:,Courteau97,71.44639424596821,5.533048406661335,1.2830638699412982e-10,8.389543423504103e-11,0.22924800671810652,0.0
NGC2919,SAB(r)b:,Courteau97,71.44639424596821,5.98323302014399,9.6175819558687e-11,6.776557283471066e-11,0.3457292482999287,0.0
NGC2919,SAB(r)b:,Courteau97,71.44639424596821,6.460297877390735,7.442063385686835e-11,6.692297320958649e-11,0.3189076119557334,0.0
NGC2919,SAB(r)b:,Courteau97,71.44639424596821,6.929393812813615,7.449506208406746e-11,7.434277161491141e-11,0.22240338669943963,0.0
NGC2919,SAB(r)b:,Courteau97,71.44639424596821,7.191059902552543,6.442321999804328e-11,5.4020466647282124e-11,0.33217526228302047,0.0
NGC2919,SAB(r)b:,Courteau97,71.44639424596821,7.845225126899862,6.667697423408322e-11,5.4326774126278485e-11,0.25785908490701565,0.0
NGC2919,SAB(r)b:,Courteau97,71.44639424596821,8.237724261508255,9.160975659230071e-11,6.327372095284514e-11,0.13315195094598856,0.0
NGC2919,SAB(r)b:,Courteau97,71.44639424596821,8.630223396116648,9.957469362480263e-11,4.7105748015060194e-11,0.2293981921086164,0.0
NGC2919,SAB(r)b:,Courteau97,71.44639424596821,8.891889485855575,8.609504862022676e-11,4.5579262188842535e-11,0.15822465734879773,0.0
NGC2939,Sb-c,Courteau97,76.51893095372124,0.5269527327574831,2.4172120640424214e-10,1.5644664389791242e-11,0.7907125916221086,0.0
NGC2939,Sb-c,Courteau97,76.51893095372124,1.568501561475664,2.4998767385133064e-10,3.918693057012969e-11,0.7344411948176639,0.0
NGC2939,Sb-c,Courteau97,76.51893095372124,2.62240702699063,2.238572176022458e-10,6.739497785941045e-11,0.6014617849542369,0.0
NGC2939,Sb-c,Courteau97,76.51893095372124,3.6639558557088114,2.0894845033650249e-10,1.000139006606279e-10,0.45107118583778166,0.0
NGC2939,Sb-c,Courteau97,76.51893095372124,4.7729792257532795,1.9284482904383074e-10,8.918408863069927e-11,0.3875966367763765,0.0
NGC2939,Sb-c,Courteau97,76.51893095372124,5.820706372869853,1.8366783793700268e-10,9.11771029227053e-11,0.3356288349587269,0.0
NGC2939,Sb-c,Courteau97,76.51893095372124,6.8110938556387834,1.5156152636627416e-10,5.341088969373723e-11,0.5113572003623652,0.0
NGC2939,Sb-c,Courteau97,76.51893095372124,7.946565298038932,1.7885490564013371e-10,7.073752076743726e-11,0.34044521549887324,0.0
NGC2939,Sb-c,Courteau97,76.51893095372124,8.984157568176862,1.208608913163853e-10,4.3064232153142394e-11,0.48255470622007257,0.0
NGC2939,Sb-c,Courteau97,76.51893095372124,10.042019592272078,1.1388366033820395e-10,3.352101818839713e-11,0.5140532511623648,0.0
NGC2939,Sb-c,Courteau97,76.51893095372124,11.074544423920686,1.1698267613974287e-10,3.0102527565676835e-11,0.5012336611082838,0.0
NGC2939,Sb-c,Courteau97,76.51893095372124,12.078399423395473,1.1465458266512369e-10,2.8332340285453154e-11,0.4861854874927191,0.0
NGC2939,Sb-c,Courteau97,76.51893095372124,13.240805899207333,8.84563345001357e-11,2.644084883416496e-11,0.4581712285016269,0.0
NGC2939,Sb-c,Courteau97,76.51893095372124,14.17211891886651,7.799063289129197e-11,3.806597476489219e-11,0.22028259106757403,0.0
NGC2939,Sb-c,Courteau97,76.51893095372124,19.93722042615083,4.698502137434371e-11,2.203258990089385e-11,0.1552733251658768,0.0
NGC2939,Sb-c,Courteau97,76.51893095372124,20.86853344581001,6.733357021615486e-11,1.763908261126381e-11,0.2126236347343898,0.0
NGC2939,Sb-c,Courteau97,76.51893095372124,21.101361700724798,8.060149041625196e-11,1.694315550137226e-11,0.22382739947527622,0.0
NGC2964,SAB(r)bc HII,Courteau97,56.19184920798766,0.15325530022059,1.4229332159077001e-09,6.970092782759937e-10,0.0,0.0
NGC2964,SAB(r)bc HII,Courteau97,56.19184920798766,0.4439333139408043,1.82742027290061e-09,1.334551137368535e-09,0.09860442831951664,0.0
NGC2964,SAB(r)bc HII,Courteau97,56.19184920798766,0.7346113276610187,1.2769191783628742e-09,1.167164065699872e-09,0.13105247706018786,0.0
NGC2964,SAB(r)bc HII,Courteau97,56.19184920798766,1.0411219281021986,9.314545711067245e-10,8.275856947941056e-10,0.18146798015419557,0.0
NGC2964,SAB(r)bc HII,Courteau97,56.19184920798766,1.3492882238867479,5.845696837856849e-10,6.119467775611286e-10,0.19951080761636675,0.0
NGC2964,SAB(r)bc HII,Courteau97,56.19184920798766,1.6557988243279278,5.103091386394075e-10,4.846809179683948e-10,0.2515193964873966,0.0
NGC2964,SAB(r)bc HII,Courteau97,56.19184920798766,1.946476838048142,5.190817611077855e-10,4.091106616253014e-10,0.25439734011568826,0.0
NGC2964,SAB(r)bc HII,Courteau97,56.19184920798766,2.237154851768356,3.6796926230243034e-10,3.565174274966028e-10,0.2868836179965244,0.0
NGC2964,SAB(r)bc HII,Courteau97,56.19184920798766,2.5436654522095363,2.8687867302847843e-10,3.1137803388822924e-10,0.2966429474674491,0.0
NGC2964,SAB(r)bc HII,Courteau97,56.19184920798766,2.851831747994085,3.023174185047324e-10,2.81473749442514e-10,0.28175776954021214,0.0
NGC2964,SAB(r)bc HII,Courteau97,56.19184920798766,3.1583423484352653,2.701831079126347e-10,2.629224728937294e-10,0.25556065133282585,0.0
NGC2964,SAB(r)bc HII,Courteau97,56.19184920798766,3.44902036215548,2.950222829293156e-10,2.563760915609788e-10,0.23927587011348603,0.0
NGC2964,SAB(r)bc HII,Courteau97,56.19184920798766,3.7430097665624316,2.902331847921592e-10,2.577383276942838e-10,0.2242839346941309,0.0
NGC3131,SBb:,Mathewson96,75.97929158684794,0.0010476910770125809,5.592052757588801e-09,8.869270695232781e-14,0.0,0.0
NGC3131,SBb:,Mathewson96,75.97929158684794,0.6914761108283034,4.1537322003941583e-10,9.968263715655931e-11,0.5996827951902872,0.0
NGC3131,SBb:,Mathewson96,75.97929158684794,1.3829522216566068,1.0507394818649265e-09,1.6235998357885892e-10,0.49791012739729745,0.0
NGC3131,SBb:,Mathewson96,75.97929158684794,2.0733806414078977,8.670139641676471e-10,1.7133700174617695e-10,0.44977390482575286,0.0
NGC3131,SBb:,Mathewson96,75.97929158684794,2.0754760235619227,8.361687020989383e-10,1.7130401266251582e-10,0.44891658751058405,0.0
NGC3131,SBb:,Mathewson96,75.97929158684794,2.7659044433132136,8.710750680585858e-10,1.4193646945299724e-10,0.481233961953101,0.0
NGC3131,SBb:,Mathewson96,75.97929158684794,3.4573805541415172,7.103417308492814e-10,1.2830726465675738e-10,0.48850476113939584,0.0
NGC3131,SBb:,Mathewson96,75.97929158684794,4.147808973892808,7.666383454548046e-10,1.230544626355418e-10,0.45627971981765214,0.0
NGC3131,SBb:,Mathewson96,75.97929158684794,4.149904356046832,4.832499338204387e-10,1.236066279741613e-10,0.4557698141688836,0.0
NGC3131,SBb:,Mathewson96,75.97929158684794,4.840332775798124,3.2440196237690295e-10,1.0771694963536541e-10,0.5248087494564898,0.0
NGC3131,SBb:,Mathewson96,75.97929158684794,5.531808886626427,3.041046987229915e-10,1.2772530260765975e-10,0.3663117103873247,0.0
NGC3131,SBb:,Mathewson96,75.97929158684794,6.222237306377718,1.9972393680976495e-10,1.417622060360269e-10,0.3440070388053942,0.0
NGC3131,SBb:,Mathewson96,75.97929158684794,6.224332688531743,2.565906746233353e-10,1.4152419462852954e-10,0.3448604727906722,0.0
NGC3131,SBb:,Mathewson96,75.97929158684794,6.915808799360047,2.4324041136400826e-10,1.2566953826330443e-10,0.35721968527611586,0.0
NGC3131,SBb:,Mathewson96,75.97929158684794,7.606237219111337,2.0205097964949952e-10,1.2105350905232286e-10,0.3294028641684665,0.0
NGC3131,SBb:,Mathewson96,75.97929158684794,8.29666563886263,1.6424376827405408e-10,1.2744234842354218e-10,0.2602916081945358,0.0
NGC3131,SBb:,Mathewson96,75.97929158684794,8.298761021016654,2.299088863052517e-10,1.2716213215410932e-10,0.2610937994909216,0.0
NGC3131,SBb:,Mathewson96,75.97929158684794,8.98814174969093,2.2983532763844891e-10,1.2487915215594786e-10,0.19862395330047444,0.0
NGC3131,SBb:,Mathewson96,75.97929158684794,9.679617860519235,2.0866327848400612e-10,6.729711649706965e-11,0.3930639937031455,0.0
NGC3131,SBb:,Mathewson96,75.97929158684794,10.371093971347538,1.6631946456828978e-10,7.207222659102308e-11,0.33930212277157124,0.0
NGC3153,Scd:,Courteau97,66.7298741515123,0.3060115696797808,1.5836967541929864e-11,1.3997028988603665e-11,0.6689944450171379,0.0
NGC3153,Scd:,Courteau97,66.7298741515123,0.9516572161454213,2.3743577391510594e-11,4.112562664274811e-11,0.5908693963065632,0.0
NGC3153,Scd:,Courteau97,66.7298741515123,1.5820278452476184,7.394603019764322e-11,5.702614125236591e-11,0.5074570874440649,0.0
NGC3153,Scd:,Courteau97,66.7298741515123,2.171399635840626,8.159296843764805e-11,6.251567783253751e-11,0.47886363134372134,0.0
NGC3153,Scd:,Courteau97,66.7298741515123,2.8130554476730696,8.441190284334049e-11,5.7982209170524284e-11,0.4521300385038505,0.0
NGC3153,Scd:,Courteau97,66.7298741515123,3.448081393560988,1.0337377666025623e-10,5.929572957102536e-11,0.40555582964801945,0.0
NGC3153,Scd:,Courteau97,66.7298741515123,4.036787702001471,8.224159712829228e-11,5.5635667396687065e-11,0.42697508045114757,0.0
NGC3153,Scd:,Courteau97,66.7298741515123,4.700100278727204,7.021632481833917e-11,6.219908820443665e-11,0.32104908020276063,0.0
NGC3153,Scd:,Courteau97,66.7298741515123,5.292548364551842,6.165364270415329e-11,4.985339961926149e-11,0.3661901951014656,0.0
NGC3153,Scd:,Courteau97,66.7298741515123,5.900778255642014,7.592515582310847e-11,3.9487521732412295e-11,0.4101086137852429,0.0
NGC3153,Scd:,Courteau97,66.7298741515123,6.549011162763921,9.700071256185416e-11,3.290761720928133e-11,0.43700064770928637,0.0
NGC3153,Scd:,Courteau97,66.7298741515123,7.19893637020338,5.538295725171769e-11,2.8672161765758885e-11,0.4503381255285901,0.0
NGC3153,Scd:,Courteau97,66.7298741515123,7.739926568491989,5.4117256665328885e-11,3.3024579989789554e-11,0.3642639466039752,0.0
NGC3153,Scd:,Courteau97,66.7298741515123,8.409313229583304,9.567588215635378e-11,3.5670743177638065e-11,0.2914334746046781,0.0
NGC3153,Scd:,Courteau97,66.7298741515123,8.966134624390953,7.842387658541976e-11,3.190585689365009e-11,0.2440150294841332,0.0
NGC3153,Scd:,Courteau97,66.7298741515123,11.05796339110691,5.908156477828014e-11,2.943773245004306e-11,0.19591355318407216,0.0
NGC3153,Scd:,Courteau97,66.7298741515123,11.505567726710785,4.334788301548037e-11,2.0583115276999423e-11,0.3204691137666326,0.0
NGC3153,Scd:,Courteau97,66.7298741515123,12.21425942743558,3.5097581568442995e-11,2.4996684439514486e-11,0.1828317859282177,0.0
NGC3154,S,ShellFlow,64.41579241190023,0.21323599932126147,6.330334869302488e-11,5.1930949288832684e-11,0.6924377140746044,0.0
NGC3154,S,ShellFlow,64.41579241190023,0.7870872300196349,1.670328849973139e-10,2.0963979831505537e-10,0.6220100560595629,0.0
NGC3154,S,ShellFlow,64.41579241190023,1.4167570140353427,2.3504104605954294e-10,2.8796167564466835e-10,0.572976246672669,0.0
NGC3154,S,ShellFlow,64.41579241190023,2.0464267980510504,2.7707075606756686e-10,3.678031284871952e-10,0.504242065105138,0.0
NGC3154,S,ShellFlow,64.41579241190023,2.6760965820667586,2.91350216519254e-10,4.0581231710339776e-10,0.466010527153358,0.0
NGC3154,S,ShellFlow,64.41579241190023,3.3057663660824663,3.0679415762068166e-10,4.1140359408726134e-10,0.39597126007465483,0.0
NGC3154,S,ShellFlow,64.41579241190023,3.935436150098174,3.0526245891685123e-10,3.7833163911935425e-10,0.4073883086912006,0.0
NGC3154,S,ShellFlow,64.41579241190023,4.565105934113882,2.8835578985333295e-10,4.2230568301376225e-10,0.3002462823394567,0.0
NGC3154,S,ShellFlow,64.41579241190023,5.19477571812959,2.6936092849542236e-10,3.493136947251434e-10,0.3330176052414869,0.0
NGC3154,S,ShellFlow,64.41579241190023,5.768626948827962,2.378084259449441e-10,3.0463398930893997e-10,0.3209391171273485,0.0
NGC3154,S,ShellFlow,64.41579241190023,6.195098947470487,2.128032164812947e-10,3.3028942989860554e-10,0.2369910275258344,0.0
NGC3154,S,ShellFlow,64.41579241190023,6.7689501781688595,1.761312472567435e-10,2.9685250195721054e-10,0.21381041412326277,0.0
NGC3154,S,ShellFlow,64.41579241190023,7.398619962184568,1.450951418268411e-10,2.6541283062119e-10,0.1977052986099778,0.0
NGC3154,S,ShellFlow,64.41579241190023,8.07741615688556,1.4493450841891303e-10,2.434592698491983e-10,0.16926597142671843,0.0
NGC3154,S,ShellFlow,64.41579241190023,8.647921316267906,1.3114082656085242e-10,1.6199798874435317e-10,0.26154314247595867,0.0
NGC3154,S,ShellFlow,64.41579241190023,9.277591100283615,1.1867826687494372e-10,1.5062636829849352e-10,0.2820505985311988,0.0
NGC3154,S,ShellFlow,64.41579241190023,9.907260884299323,8.938387696653927e-11,1.7630571153000018e-10,0.15316257453785662,0.0
NGC3154,S,ShellFlow,64.41579241190023,10.53693066831503,7.959997330221157e-11,1.4101539553586247e-10,0.10281798439933315,0.0
NGC3154,S,ShellFlow,64.41579241190023,11.009183006326811,7.098330854879827e-11,1.4029366341886975e-10,0.14665910082158545,0.0
NGC3154,S,ShellFlow,64.41579241190023,11.638852790342519,8.674864950570836e-11,1.303415525825126e-10,0.08785768878604461,0.0
NGC3154,S,ShellFlow,64.41579241190023,11.953687682350374,6.399724907950999e-11,1.284779863372168e-10,0.10409458914073783,0.0
NGC3306,SB(s)m?,Courteau97,56.04932967236846,0.1832215354034858,2.443994773943676e-10,8.413156156626599e-11,0.40968974363146193,0.0
NGC3306,SB(s)m?,Courteau97,56.04932967236846,0.5990697543451385,4.94134930184385e-10,2.459514984640975e-10,0.4690645407693252,0.0
NGC3306,SB(s)m?,Courteau97,56.04932967236846,1.0499240642862335,3.890835390689635e-10,3.815205150015219e-10,0.3746743626549941,0.0
NGC3306,SB(s)m?,Courteau97,56.04932967236846,1.4657722832278863,2.349385950436294e-10,4.46750839009669e-10,0.30678546906744564,0.0
NGC3306,SB(s)m?,Courteau97,56.04932967236846,1.832215354034858,2.168009234880864e-10,4.3730597072020134e-10,0.2643330659081965,0.0
NGC3306,SB(s)m?,Courteau97,56.04932967236846,2.2480635729765104,2.6140631362555236e-10,3.815456941713179e-10,0.24482021166326615,0.0
NGC3306,SB(s)m?,Courteau97,56.04932967236846,2.656712263350544,2.6373167619982227e-10,3.3316509697464904e-10,0.23954764584147878,0.0
NGC3306,SB(s)m?,Courteau97,56.04932967236846,3.0653609537245776,1.6277387635046545e-10,2.851675142400408e-10,0.1957595820773247,0.0
NGC3306,SB(s)m?,Courteau97,56.04932967236846,3.48120917266623,8.877260293506731e-11,2.6997800878136884e-10,0.17845668878833312,0.0
NGC3306,SB(s)m?,Courteau97,56.04932967236846,3.8476522434732017,1.1666935955523288e-10,2.468513499184012e-10,0.15366155432303788,0.0
NGC3306,SB(s)m?,Courteau97,56.04932967236846,4.245997416915133,1.8696395765766302e-10,2.1581495290399583e-10,0.13672232507386456,0.0
NGC3306,SB(s)m?,Courteau97,56.04932967236846,4.6628802986449465,1.7590500028799903e-10,1.855915395206968e-10,0.12199150969724588,0.0
NGC3306,SB(s)m?,Courteau97,56.04932967236846,5.102396428865779,1.8612037542863105e-10,1.5914550453216365e-10,0.10650582247653527,0.0
NGC3306,SB(s)m?,Courteau97,56.04932967236846,5.46883949967275,8.03447449888041e-11,1.337638190326249e-10,0.0846639552687809,0.0
NGC3306,SB(s)m?,Courteau97,56.04932967236846,6.006504891603843,3.693828728940779e-11,1.1128224828281014e-10,0.08473291259348198,0.0
NGC3306,SB(s)m?,Courteau97,56.04932967236846,6.3633485909873215,5.5121044935731416e-11,9.989281624646486e-11,0.1154623999887903,0.0
NGC3306,SB(s)m?,Courteau97,56.04932967236846,6.807003372360797,9.083492086042704e-11,9.136279784240129e-11,0.09067811177789006,0.0
NGC3306,SB(s)m?,Courteau97,56.04932967236846,7.6674979245145805,7.142667353244589e-11,7.008768331022308e-11,0.09983070094552089,0.0
NGC3306,SB(s)m?,Courteau97,56.04932967236846,7.984040071267543,6.81645583902663e-11,6.351145503879706e-11,0.09128037049305265,0.0
NGC3356,Sbc,Courteau97/Mathewson96,62.619249370484575,0.7818245746603043,3.1143482607429686e-10,1.0840454640093143e-10,0.6146185878226739,0.0
NGC3356,Sbc,Courteau97/Mathewson96,62.619249370484575,2.3565055853094132,2.467988357643845e-10,2.0299558902137135e-10,0.4693289830420079,0.0
NGC3356,Sbc,Courteau97/Mathewson96,62.619249370484575,4.0503181976136,1.3903059985007162e-10,1.7984940966773953e-10,0.39058522717063276,0.0
NGC3356,Sbc,Courteau97/Mathewson96,62.619249370484575,5.613967346934208,9.706402561478554e-11,1.1885464599671737e-10,0.4774760256189179,0.0
NGC3356,Sbc,Courteau97/Mathewson96,62.619249370484575,7.304373520471239,9.649140794577409e-11,1.3844947942656855e-10,0.3294402485325904,0.0
NGC3356,Sbc,Courteau97/Mathewson96,62.619249370484575,8.648187571004936,9.278625573943285e-11,1.3657836747746297e-10,0.22517379910923999,0.0
NGC3356,Sbc,Courteau97/Mathewson96,62.619249370484575,10.347185366478397,9.993570664066151e-11,9.273976884625086e-11,0.21379110320299197,0.0
NGC3356,Sbc,Courteau97/Mathewson96,62.619249370484575,11.906503546632505,7.807221423013286e-11,6.946670384563164e-11,0.2923090756645729,0.0
NGC3356,Sbc,Courteau97/Mathewson96,62.619249370484575,13.476465545778488,5.978191143215973e-11,4.6890354909539706e-11,0.3877002125442137,0.0
NGC3356,Sbc,Courteau97/Mathewson96,62.619249370484575,15.077450097366656,5.184481280437405e-11,4.338649948777392e-11,0.28105003406444573,0.0
NGC3356,Sbc,Courteau97/Mathewson96,62.619249370484575,16.490262763112177,6.901611190446222e-11,3.1964696985681015e-11,0.4109591312408008,0.0
NGC3356,Sbc,Courteau97/Mathewson96,62.619249370484575,17.723232129542094,6.309034893640056e-11,3.512051334960145e-11,0.2899968541801091,0.0
NGC3356,Sbc,Courteau97/Mathewson96,62.619249370484575,20.507823937168205,6.795648239154539e-11,3.7485971515771034e-11,0.16625770930186295,0.0
NGC3356,Sbc,Courteau97/Mathewson96,62.619249370484575,21.543818846629335,6.643349399509537e-11,2.5497374051782452e-11,0.2742136884516363,0.0
NGC3356,Sbc,Courteau97/Mathewson96,62.619249370484575,29.659112304074853,7.179515175711164e-12,1.9179002037510467e-11,0.1338252235766169,0.0
NGC3356,Sbc,Courteau97/Mathewson96,62.619249370484575,31.38577048651007,3.260495276233394e-11,1.4113821473026021e-11,0.1869524262926777,0.0
NGC3389,SA(s)c,Courteau97,65.38327864827953,0.20159147080212353,1.1123635057333657e-10,2.822943064787641e-11,0.433473059435793,0.0
NGC3389,SA(s)c,Courteau97,65.38327864827953,0.5946115435241074,8.442828250551996e-11,6.851042003995679e-11,0.5003621570298393,0.0
NGC3389,SA(s)c,Courteau97,65.38327864827953,0.9704116646062106,1.024033986875551e-10,8.891584308140672e-11,0.46659013873272537,0.0
NGC3389,SA(s)c,Courteau97,65.38327864827953,1.3684434101762297,1.398565477632882e-10,9.257640504692746e-11,0.47823986427152854,0.0
NGC3389,SA(s)c,Courteau97,65.38327864827953,1.7666027198021965,1.5808916783038078e-10,9.870356531569392e-11,0.4442991882056805,0.0
NGC3389,SA(s)c,Courteau97,65.38327864827953,2.164655726048207,1.4783846451013396e-10,1.0412788200869044e-10,0.4021081365344823,0.0
NGC3389,SA(s)c,Courteau97,65.38327864827953,2.5627937749981826,1.337573226625678e-10,9.434691288145163e-11,0.3966267044515929,0.0
NGC3389,SA(s)c,Courteau97,65.38327864827953,2.9608680419201843,1.0915837979936293e-10,8.153895230808306e-11,0.43973679820660144,0.0
NGC3389,SA(s)c,Courteau97,65.38327864827953,3.358984830194168,1.1082945377559707e-10,7.631932017840022e-11,0.4084369492181757,0.0
NGC3389,SA(s)c,Courteau97,65.38327864827953,3.7649638164497135,1.1015721964641661e-10,7.369796534916092e-11,0.398735181420336,0.0
NGC3389,SA(s)c,Courteau97,65.38327864827953,4.156138994012557,7.66581918657943e-11,7.048981444798753e-11,0.395819995474226,0.0
NGC3389,SA(s)c,Courteau97,65.38327864827953,4.569344484037525,7.574993956043149e-11,7.137403462589425e-11,0.3615737135684349,0.0
NGC3389,SA(s)c,Courteau97,65.38327864827953,4.95136694058614,8.23857242360862e-11,6.189944316198318e-11,0.3697361069923875,0.0
NGC3389,SA(s)c,Courteau97,65.38327864827953,5.349504989536116,1.0322269987421936e-10,5.465652550026655e-11,0.4457335200457711,0.0
NGC3389,SA(s)c,Courteau97,65.38327864827953,5.747557995782126,1.0350155669727294e-10,6.360872040409543e-11,0.3705965395196927,0.0
NGC3389,SA(s)c,Courteau97,65.38327864827953,6.145717305408092,9.87007271278725e-11,7.422074403543704e-11,0.2545827452496656,0.0
NGC3389,SA(s)c,Courteau97,65.38327864827953,6.546789540251619,9.427095487594664e-11,5.106182845781614e-11,0.357976591695241,0.0
NGC3389,SA(s)c,Courteau97,65.38327864827953,6.920662567086032,9.465708800173166e-11,6.39451120760715e-11,0.2552791113942043,0.0
NGC3389,SA(s)c,Courteau97,65.38327864827953,7.31376635371973,1.1557041990185621e-10,5.84212109816722e-11,0.18095069741718497,0.0
NGC3389,SA(s)c,Courteau97,65.38327864827953,7.651351074103703,1.1747311241554927e-10,5.4532160354314845e-11,0.24172649224311016,0.0
NGC3389,SA(s)c,Courteau97,65.38327864827953,7.908218840811578,1.0145666254702964e-10,4.32180299629713e-11,0.30076384522476285,0.0
NGC3428,SAB(s)b,Mathewson96,66.99502078263927,0.5563515380699585,3.605194732002235e-10,6.33408380802826e-11,0.6915589624840951,0.0
NGC3428,SAB(s)b,Mathewson96,66.99502078263927,1.6690546142098757,1.440005861119552e-10,1.5248118328589827e-10,0.5828590873013095,0.0
NGC3428,SAB(s)b,Mathewson96,66.99502078263927,2.7817576903497927,3.394296996668677e-10,1.7277716562990714e-10,0.5065722373977256,0.0
NGC3428,SAB(s)b,Mathewson96,66.99502078263927,3.89446076648971,4.6011913258366014e-10,1.8826265305077548e-10,0.4599623816445071,0.0
NGC3428,SAB(s)b,Mathewson96,66.99502078263927,5.007163842629627,2.971623987585192e-10,1.6011330860473e-10,0.39823261831771944,0.0
NGC3428,SAB(s)b,Mathewson96,66.99502078263927,6.119866918769544,2.928557882677015e-10,1.6858658127190525e-10,0.351313940353565,0.0
NGC3428,SAB(s)b,Mathewson96,66.99502078263927,7.232569994909461,2.7340498252216583e-10,9.556871860251722e-11,0.5235112496323894,0.0
NGC3428,SAB(s)b,Mathewson96,66.99502078263927,8.345273071049377,2.130443739476628e-10,1.5335892990877363e-10,0.29881368876280395,0.0
NGC3428,SAB(s)b,Mathewson96,66.99502078263927,9.457976147189296,2.0547196409134283e-10,8.953373903807946e-11,0.4464662304978977,0.0
NGC3428,SAB(s)b,Mathewson96,66.99502078263927,10.570679223329211,1.9220564115320345e-10,6.622754226478067e-11,0.4939238120650172,0.0
NGC3428,SAB(s)b,Mathewson96,66.99502078263927,11.68338229946913,1.758458175939181e-10,6.226103421908676e-11,0.4410680706314339,0.0
NGC3428,SAB(s)b,Mathewson96,66.99502078263927,12.796085375609046,1.4565554692646342e-10,5.594776186415239e-11,0.4234861218584119,0.0
NGC3428,SAB(s)b,Mathewson96,66.99502078263927,14.214500812062154,1.5241525600406234e-10,5.206442346781093e-11,0.335833863998165,0.0
NGC3428,SAB(s)b,Mathewson96,66.99502078263927,15.02149152788888,1.0194118229339822e-10,5.7021688871305676e-11,0.2631121997211109,0.0
NGC3428,SAB(s)b,Mathewson96,66.99502078263927,16.1341946040288,1.2234045883946322e-10,6.162583230886524e-11,0.19131229063721666,0.0
NGC3428,SAB(s)b,Mathewson96,66.99502078263927,17.246897680168715,9.417843629389564e-11,3.876150407105167e-11,0.3006818980240769,0.0
NGC3428,SAB(s)b,Mathewson96,66.99502078263927,18.35960075630863,9.627485043020742e-11,3.677442097508623e-11,0.33037167012378377,0.0
NGC3428,SAB(s)b,Mathewson96,66.99502078263927,19.472303832448553,9.413939129829171e-11,5.1906144645292664e-11,0.1513746017655216,0.0
NGC3428,SAB(s)b,Mathewson96,66.99502078263927,20.890719268901655,7.97091177102536e-11,3.3161914204450146e-11,0.208613884109942,0.0
NGC3428,SAB(s)b,Mathewson96,66.99502078263927,22.003422345041574,7.022698469623878e-11,3.477050021793196e-11,0.18910254752662006,0.0
NGC3437,SAB(rs)c: HII,Courteau97,73.06518539075691,0.19460600683586649,4.856378127621582e-11,9.592067215771442e-11,0.26924520415808434,0.0
NGC3437,SAB(rs)c: HII,Courteau97,73.06518539075691,0.5838180205075995,2.9630106768560806e-10,2.2653672553118754e-10,0.4291214638311554,0.0
NGC3437,SAB(rs)c: HII,Courteau97,73.06518539075691,0.9730300341793324,3.839284344973721e-10,2.6933032036736277e-10,0.40355796369464075,0.0
NGC3437,SAB(rs)c: HII,Courteau97,73.06518539075691,1.3880420866361236,3.2211234411008016e-10,2.7650736509178014e-10,0.404456221169701,0.0
NGC3437,SAB(rs)c: HII,Courteau97,73.06518539075691,1.800105563231765,2.7984155790176405e-10,2.64789472718182e-10,0.4050409159118472,0.0
NGC3437,SAB(rs)c: HII,Courteau97,73.06518539075691,2.2121690398274065,2.548766256126396e-10,2.470403095442837e-10,0.40254695810496127,0.0
NGC3437,SAB(rs)c: HII,Courteau97,73.06518539075691,2.6271810922841974,2.2172266774183484e-10,2.44818253604199e-10,0.3733333249060211,0.0
NGC3437,SAB(rs)c: HII,Courteau97,73.06518539075691,3.0163931059559306,2.043213357302646e-10,2.352788035562647e-10,0.34111508579017824,0.0
NGC3437,SAB(rs)c: HII,Courteau97,73.06518539075691,3.4056051196276633,2.0317461846628636e-10,2.3519737323923033e-10,0.24462213825942342,0.0
NGC3437,SAB(rs)c: HII,Courteau97,73.06518539075691,3.7948171332993965,2.0477843491853943e-10,2.2458673334625736e-10,0.26358297278845044,0.0
NGC3437,SAB(rs)c: HII,Courteau97,73.06518539075691,4.184029146971129,1.9303996653510208e-10,2.170475979556219e-10,0.229380194727702,0.0
NGC3437,SAB(rs)c: HII,Courteau97,73.06518539075691,4.59904119942792,1.871175380266412e-10,2.0700875528235283e-10,0.1909495105767012,0.0
NGC3437,SAB(rs)c: HII,Courteau97,73.06518539075691,5.011104676023562,1.6563265828258666e-10,1.8467619867191288e-10,0.15574961405617588,0.0
NGC3437,SAB(rs)c: HII,Courteau97,73.06518539075691,5.400316689695295,1.6971248696426254e-10,1.5202711952371962e-10,0.20483821344159386,0.0
NGC3437,SAB(rs)c: HII,Courteau97,73.06518539075691,5.802355008363028,1.7648864446764643e-10,1.3951189207176872e-10,0.2050284839760984,0.0
NGC3437,SAB(rs)c: HII,Courteau97,73.06518539075691,6.232920798487383,1.2272738640480033e-10,1.3760607830359943e-10,0.14842194755883337,0.0
NGC3437,SAB(rs)c: HII,Courteau97,73.06518539075691,6.627661391898771,1.2411075071521526e-10,1.1523814436112982e-10,0.10785079715479587,0.0
NGC3437,SAB(rs)c: HII,Courteau97,73.06518539075691,6.870918900443604,1.4569182928835995e-10,1.1687047604156238e-10,0.1324906439382777,0.0
NGC3437,SAB(rs)c: HII,Courteau97,73.06518539075691,7.870486117373282,6.160120981549533e-11,7.981396453404558e-11,0.17028605265451022,0.0
NGC3437,SAB(rs)c: HII,Courteau97,73.06518539075691,8.016440622500182,5.267372908266746e-11,8.194157627586918e-11,0.0947099716185137,0.0
NGC3451,Sd HII,Courteau97,66.2785643874341,0.15180768003404468,8.035943088460634e-11,2.0830674894918393e-11,0.2029653121811602,0.0
NGC3451,Sd HII,Courteau97,66.2785643874341,0.456424244916868,1.7097560811221515e-10,5.187016934712331e-11,0.40929152351043435,0.0
NGC3451,Sd HII,Courteau97,66.2785643874341,0.7600396049849574,1.9268255282540722e-10,6.826195427606589e-11,0.4228125001041326,0.0
NGC3451,Sd HII,Courteau97,66.2785643874341,1.0475105374154607,2.9216218673766014e-10,7.775048949170058e-11,0.3771367937609359,0.0
NGC3451,Sd HII,Courteau97,66.2785643874341,1.3349814698459643,3.3684112593287945e-10,8.677651157275648e-11,0.29255773987554073,0.0
NGC3451,Sd HII,Courteau97,66.2785643874341,1.6385968299140536,2.2561545326979617e-10,8.835355676510113e-11,0.28742506295573017,0.0
NGC3451,Sd HII,Courteau97,66.2785643874341,1.9432133947968768,2.0259246680831488e-10,8.325192237755017e-11,0.23905544123297265,0.0
NGC3451,Sd HII,Courteau97,66.2785643874341,2.246828754864966,1.8236821310998323e-10,7.43042278246404e-11,0.26628102920923785,0.0
NGC3451,Sd HII,Courteau97,66.2785643874341,2.5514453197477898,1.8329707792652802e-10,6.659261103704194e-11,0.2451322227654738,0.0
NGC3451,Sd HII,Courteau97,66.2785643874341,2.857563691852714,1.283554519947161e-10,6.123920930259836e-11,0.20315801453617843,0.0
NGC3451,Sd HII,Courteau97,66.2785643874341,3.16167965432817,1.9519641836406297e-10,5.7664405808022064e-11,0.200185695681024,0.0
NGC3451,Sd HII,Courteau97,66.2785643874341,3.465795616803627,1.8606359837679904e-10,5.433697791435396e-11,0.16501982764134376,0.0
NGC3451,Sd HII,Courteau97,66.2785643874341,3.73612091678181,2.4154159200939865e-10,4.9801844690958755e-11,0.1697656006672133,0.0
NGC3451,Sd HII,Courteau97,66.2785643874341,4.040236879257266,1.6195446456324293e-10,4.64242433624394e-11,0.1565169398434804,0.0
NGC3451,Sd HII,Courteau97,66.2785643874341,4.344352841732722,4.020812871818823e-11,4.3076720739872973e-11,0.1271115484056778,0.0
NGC3451,Sd HII,Courteau97,66.2785643874341,4.513306154219087,5.6591323532832866e-11,3.851974807225155e-11,0.13272051947524377,0.0
NGC3646,SA:(r)bc pec (ring),Courteau97/ShellFlow,59.718993207597514,0.7926549737617286,1.5317080932621895e-09,3.606519076853878e-10,0.4417230874115036,0.0
NGC3646,SA:(r)bc pec (ring),Courteau97/ShellFlow,59.718993207597514,2.2343755546397968,7.888670489072555e-10,4.1690075565967714e-10,0.34879940104761226,0.0
NGC3646,SA:(r)bc pec (ring),Courteau97/ShellFlow,59.718993207597514,3.887245328651422,4.900471731851899e-10,2.1108486495420665e-10,0.500862191525689,0.0
NGC3646,SA:(r)bc pec (ring),Courteau97/ShellFlow,59.718993207597514,5.486196110643611,3.455864050402706e-10,1.9814508492608292e-10,0.4550251376951499,0.0
NGC3646,SA:(r)bc pec (ring),Courteau97/ShellFlow,59.718993207597514,6.978752308729062,3.0517637349833193e-10,8.986129913513615e-11,0.6831890518443801,0.0
NGC3646,SA:(r)bc pec (ring),Courteau97/ShellFlow,59.718993207597514,8.607703441258144,3.5649814875871586e-10,1.2082279419570155e-10,0.48181954110049063,0.0
NGC3646,SA:(r)bc pec (ring),Courteau97/ShellFlow,59.718993207597514,10.089420445631502,2.2143290579664167e-10,1.3643274538856888e-10,0.4353853589034347,0.0
NGC3646,SA:(r)bc pec (ring),Courteau97/ShellFlow,59.718993207597514,11.676406710784669,1.656923468502146e-10,1.6583703764280935e-10,0.2673780387157822,0.0
NGC3646,SA:(r)bc pec (ring),Courteau97/ShellFlow,59.718993207597514,13.48015797808644,1.6589480751646386e-10,6.295094280930298e-11,0.5801121710921521,0.0
NGC3646,SA:(r)bc pec (ring),Courteau97/ShellFlow,59.718993207597514,14.82763480062056,1.5784125730969747e-10,5.5650522972374954e-11,0.5942205581205855,0.0
NGC3646,SA:(r)bc pec (ring),Courteau97/ShellFlow,59.718993207597514,16.439833787654358,1.1986169448353527e-10,2.8828423513225484e-11,0.7597338343346488,0.0
NGC3646,SA:(r)bc pec (ring),Courteau97/ShellFlow,59.718993207597514,18.018331545782896,1.0182008785275568e-10,3.865206514597619e-11,0.6616531631463748,0.0
NGC3646,SA:(r)bc pec (ring),Courteau97/ShellFlow,59.718993207597514,19.546401087215692,9.950794955846327e-11,5.97318061544375e-11,0.4677116970373271,0.0
NGC3646,SA:(r)bc pec (ring),Courteau97/ShellFlow,59.718993207597514,21.12180351101738,1.166537148766731e-10,8.056435183269392e-11,0.3106141777087387,0.0
NGC3646,SA:(r)bc pec (ring),Courteau97/ShellFlow,59.718993207597514,22.71430421853617,1.1594544242827531e-10,1.2543901846029763e-10,0.15267659409776965,0.0
NGC3646,SA:(r)bc pec (ring),Courteau97/ShellFlow,59.718993207597514,24.270023244237883,1.2272073856770477e-10,1.5185503756365393e-11,0.8073571697668946,0.0
NGC3646,SA:(r)bc pec (ring),Courteau97/ShellFlow,59.718993207597514,25.848426247233963,1.3188379904517824e-10,6.28173625158176e-11,0.2555956184297718,0.0
NGC3646,SA:(r)bc pec (ring),Courteau97/ShellFlow,59.718993207597514,27.133051472796467,1.2130617066593482e-10,6.196442830883232e-11,0.14508133432381298,0.0
NGC3646,SA:(r)bc pec (ring),Courteau97/ShellFlow,59.718993207597514,29.241922757063552,1.123977413557514e-10,3.528970041323185e-11,0.4169146718267667,0.0
NGC3646,SA:(r)bc pec (ring),Courteau97/ShellFlow,59.718993207597514,30.409579986522186,1.046654927999322e-10,6.451067914506296e-11,0.11182835057843915,0.0
NGC3646,SA:(r)bc pec (ring),Courteau97/ShellFlow,59.718993207597514,31.350665588442048,8.103753674100549e-11,4.6264780758934836e-11,0.1760320988221534,0.0
NGC3692,Sb;LINER HII,Mathewson96,83.20134021370856,0.22680958879758242,9.35712820426108e-11,3.0942670647214535e-11,0.3327303276351436,0.0
NGC3692,Sb;LINER HII,Mathewson96,83.20134021370856,0.735558504836012,8.659027204108429e-11,6.839642718470508e-11,0.4126414566863897,0.0
NGC3692,Sb;LINER HII,Mathewson96,83.20134021370856,1.2443074208744416,1.4990507353713707e-10,6.520820108021884e-11,0.4691770105054373,0.0
NGC3692,Sb;LINER HII,Mathewson96,83.20134021370856,1.7653032621869926,2.444586491886761e-10,5.517133852785478e-11,0.5170511787463131,0.0
NGC3692,Sb;LINER HII,Mathewson96,83.20134021370856,2.2864229348976646,2.8744753132913907e-10,5.287137731573961e-11,0.5158816262229158,0.0
NGC3692,Sb;LINER HII,Mathewson96,83.20134021370856,2.715374897987217,3.100858285589772e-10,5.641083990003806e-11,0.49678204374037965,0.0
NGC3692,Sb;LINER HII,Mathewson96,83.20134021370856,3.2364574212784527,3.349559427932398e-10,6.573127009425119e-11,0.4182805665936823,0.0
NGC3692,Sb;LINER HII,Mathewson96,83.20134021370856,3.757539944569688,3.089013821021269e-10,6.603093443270445e-11,0.31005738951430895,0.0
NGC3692,Sb;LINER HII,Mathewson96,83.20134021370856,4.186491907659241,2.9067502451266663e-10,6.804554436407191e-11,0.2816612112882044,0.0
NGC3692,Sb;LINER HII,Mathewson96,83.20134021370856,4.707574430950476,2.63379015885539e-10,6.499794373984115e-11,0.2745589374907603,0.0
NGC3692,Sb;LINER HII,Mathewson96,83.20134021370856,5.228656954241711,2.2383392812338915e-10,5.821017849504582e-11,0.2618006157737899,0.0
NGC3692,Sb;LINER HII,Mathewson96,83.20134021370856,5.737356337720893,1.761397340040003e-10,5.166323829409467e-11,0.2521874401542816,0.0
NGC3692,Sb;LINER HII,Mathewson96,83.20134021370856,6.178728590041937,1.60750017446539e-10,4.825145685214474e-11,0.21638700385159182,0.0
NGC3692,Sb;LINER HII,Mathewson96,83.20134021370856,6.699823496472984,1.7551937441307833e-10,3.9605788104843176e-11,0.20696430000877508,0.0
NGC3692,Sb;LINER HII,Mathewson96,83.20134021370856,7.128824992121785,1.5900182712205342e-10,3.2545430980596235e-11,0.3119962449215204,0.0
NGC3692,Sb;LINER HII,Mathewson96,83.20134021370856,7.6498084502945245,1.494096512457566e-10,3.574349669300634e-11,0.21912967825922391,0.0
NGC3692,Sb;LINER HII,Mathewson96,83.20134021370856,8.146124693961651,1.322952667868315e-10,3.318805406958916e-11,0.16800555425323563,0.0
NGC3692,Sb;LINER HII,Mathewson96,83.20134021370856,8.587608394541004,1.240236983449675e-10,2.6681816549444983e-11,0.2575319723409487,0.0
NGC3692,Sb;LINER HII,Mathewson96,83.20134021370856,9.176055198409813,1.2371243308444062e-10,2.8598272611576452e-11,0.17132106747313672,0.0
NGC3692,Sb;LINER HII,Mathewson96,83.20134021370856,9.61739030131142,1.0866171991273405e-10,2.056069006214364e-11,0.2794460696216223,0.0
NGC3692,Sb;LINER HII,Mathewson96,83.20134021370856,9.911613703245823,1.0648525484677178e-10,2.566235893125169e-11,0.14755421758268095,0.0
NGC3701,Sbc,Courteau97,58.71500748081385,0.22320536688240855,2.5829793503478143e-11,2.3844631211724106e-11,0.5300714682785251,0.0
NGC3701,Sbc,Courteau97,58.71500748081385,0.6380517053305214,1.356662392866943e-10,6.004153716332133e-11,0.5567649911113487,0.0
NGC3701,Sbc,Courteau97,58.71500748081385,0.9987876518071414,1.8877268579917052e-10,8.168542162577407e-11,0.52742348314839,0.0
NGC3701,Sbc,Courteau97,58.71500748081385,1.413633990255254,1.8486550253086663e-10,9.827971973104257e-11,0.4875628055217623,0.0
NGC3701,Sbc,Courteau97,58.71500748081385,1.860044724020071,1.3034399518494236e-10,1.1274943098409834e-10,0.4284254365040609,0.0
NGC3701,Sbc,Courteau97,58.71500748081385,2.3064554577848884,1.137155809564469e-10,1.0798193273059658e-10,0.4177878815074439,0.0
NGC3701,Sbc,Courteau97,58.71500748081385,2.721301796233001,1.3800480183118857e-10,9.858364950488757e-11,0.417204018049771,0.0
NGC3701,Sbc,Courteau97,58.71500748081385,3.087674241873318,1.0681848680503616e-10,9.085493780741945e-11,0.43573486946742207,0.0
NGC3701,Sbc,Courteau97,58.71500748081385,3.496884081157734,1.256285394114109e-10,8.612201493056323e-11,0.4017238713538931,0.0
NGC3701,Sbc,Courteau97,58.71500748081385,3.943294814922551,1.0451318042654305e-10,9.656451994952652e-11,0.3077795802047878,0.0
NGC3701,Sbc,Courteau97,58.71500748081385,4.358141153370664,1.0766749724245696e-10,9.682600451967737e-11,0.27689633161904953,0.0
NGC3701,Sbc,Courteau97,58.71500748081385,4.718877099847283,1.1611985917609184e-10,8.248873402902469e-11,0.2673365279443155,0.0
NGC3701,Sbc,Courteau97,58.71500748081385,5.133723438295396,9.703375200114939e-11,6.842270712489002e-11,0.33763096260422903,0.0
NGC3701,Sbc,Courteau97,58.71500748081385,6.035563304486946,9.473638802957902e-11,5.93301136844196e-11,0.35081530891780677,0.0
NGC3701,Sbc,Courteau97,58.71500748081385,7.746804450585412,8.474464582504082e-11,5.744676128748767e-11,0.17812344858281176,0.0
NGC3701,Sbc,Courteau97,58.71500748081385,8.044411606428623,4.902244740772242e-11,4.636765050965279e-11,0.2525779908668989,0.0
NGC3701,Sbc,Courteau97,58.71500748081385,8.267616973311032,3.5818213122858546e-11,3.929174193077766e-11,0.2993324809091213,0.0
NGC3833,Sc,Courteau97/Mathewson96,61.897781080125256,0.35886472022236765,1.2636402339597055e-10,2.3371148282100538e-11,0.6984469274763916,0.0
NGC3833,Sc,Courteau97/Mathewson96,61.897781080125256,1.07938449890513,1.4676085070028108e-10,5.747303943168216e-11,0.6446795076650553,0.0
NGC3833,Sc,Courteau97/Mathewson96,61.897781080125256,1.7654265860907086,1.238938559790701e-10,6.87420286467728e-11,0.6185351527939648,0.0
NGC3833,Sc,Courteau97/Mathewson96,61.897781080125256,2.5341715763702033,1.665970028601712e-10,7.44132288673026e-11,0.5961126668768979,0.0
NGC3833,Sc,Courteau97/Mathewson96,61.897781080125256,3.3479975434513856,1.6776507357687659e-10,7.790167214429898e-11,0.5621437645218835,0.0
NGC3833,Sc,Courteau97/Mathewson96,61.897781080125256,4.185332353248768,1.3117252600125873e-10,7.904671422741116e-11,0.554278985123235,0.0
NGC3833,Sc,Courteau97/Mathewson96,61.897781080125256,4.97224662610396,1.6333924426041942e-10,8.240115595541161e-11,0.5109145938140074,0.0
NGC3833,Sc,Courteau97/Mathewson96,61.897781080125256,5.704540271010593,1.2353524411563578e-10,5.155250915373753e-11,0.6445565043318002,0.0
NGC3833,Sc,Courteau97/Mathewson96,61.897781080125256,6.413177292221173,1.3612121237547899e-10,5.955061767392177e-11,0.5246795753415999,0.0
NGC3833,Sc,Courteau97/Mathewson96,61.897781080125256,7.230164994476593,1.5052388469383667e-10,9.522713640292172e-11,0.38530359699847083,0.0
NGC3833,Sc,Courteau97/Mathewson96,61.897781080125256,8.017118157063324,1.1182621994798805e-10,9.40822926864023e-11,0.3629289222798719,0.0
NGC3833,Sc,Courteau97/Mathewson96,61.897781080125256,8.852450145686374,1.0749542754903433e-10,8.878476866702075e-11,0.3466799223163856,0.0
NGC3833,Sc,Courteau97/Mathewson96,61.897781080125256,9.603799759047828,1.1089583496443337e-10,9.017664903345898e-11,0.3054224687207274,0.0
NGC3833,Sc,Courteau97/Mathewson96,61.897781080125256,10.329696043116057,1.3798396402773964e-10,4.6474855475680945e-11,0.49101703116027684,0.0
NGC3833,Sc,Courteau97/Mathewson96,61.897781080125256,11.112332445501798,1.1554138663886816e-10,3.7200690211356966e-11,0.5954911063639131,0.0
NGC3833,Sc,Courteau97/Mathewson96,61.897781080125256,12.062673037209416,9.901885392800888e-11,5.13048725746633e-11,0.4292501514158279,0.0
NGC3833,Sc,Courteau97/Mathewson96,61.897781080125256,12.757970880501622,8.670630460614656e-11,8.601464150200806e-11,0.19657252076134438,0.0
NGC3833,Sc,Courteau97/Mathewson96,61.897781080125256,13.433151065667952,7.136305568293222e-11,4.45027556367412e-11,0.41691650026782723,0.0
NGC3833,Sc,Courteau97/Mathewson96,61.897781080125256,14.238619629441091,9.542163941728314e-11,6.632891003178826e-11,0.18525344678344344,0.0
NGC3833,Sc,Courteau97/Mathewson96,61.897781080125256,14.790970486510071,1.155076513464806e-10,4.33660994805631e-11,0.3414109852022619,0.0
NGC3833,Sc,Courteau97/Mathewson96,61.897781080125256,15.311606767507817,1.0145960609872761e-10,6.08865047609448e-11,0.1553442784037501,0.0
NGC3914,(R')SB(rs)b,Mathewson96,50.83610472148859,0.378574387317286,2.7504997986232226e-10,1.673685437064882e-10,0.5315947699963165,0.0
NGC3914,(R')SB(rs)b,Mathewson96,50.83610472148859,0.9510247487455457,4.54815609611475e-10,3.625770367420227e-10,0.46397319755898425,0.0
NGC3914,(R')SB(rs)b,Mathewson96,50.83610472148859,1.5142975492691437,5.968438174724638e-10,4.409780632457965e-10,0.40185042673239385,0.0
NGC3914,(R')SB(rs)b,Mathewson96,50.83610472148859,2.2714463239037155,4.922673644983933e-10,4.4869032261105734e-10,0.3173153454508775,0.0
NGC3914,(R')SB(rs)b,Mathewson96,50.83610472148859,3.028595098538288,5.726205716050781e-10,3.7411422109453593e-10,0.2924131451086609,0.0
NGC3914,(R')SB(rs)b,Mathewson96,50.83610472148859,3.591867899061886,4.048653735647788e-10,3.0525431487797095e-10,0.32200027126332104,0.0
NGC3914,(R')SB(rs)b,Mathewson96,50.83610472148859,4.164318260490146,3.8472219689651866e-10,2.617334279845607e-10,0.299192269918195,0.0
NGC3914,(R')SB(rs)b,Mathewson96,50.83610472148859,4.921467035124717,3.4422730515252373e-10,1.8725752777608953e-10,0.3649270998149341,0.0
NGC3914,(R')SB(rs)b,Mathewson96,50.83610472148859,5.67861580975929,3.845432219311787e-10,1.8759755505861032e-10,0.34778915292953505,0.0
NGC3914,(R')SB(rs)b,Mathewson96,50.83610472148859,6.814338971711147,2.421230609406276e-10,1.7694642656348925e-10,0.3071260144040135,0.0
NGC3914,(R')SB(rs)b,Mathewson96,50.83610472148859,7.571487746345719,2.1569470703153762e-10,1.5940627733008137e-10,0.31151225627820306,0.0
NGC3914,(R')SB(rs)b,Mathewson96,50.83610472148859,8.134760546869318,1.7100189212945786e-10,1.7252741726393756e-10,0.21749498587455113,0.0
NGC3914,(R')SB(rs)b,Mathewson96,50.83610472148859,8.707210908297577,1.926212601466333e-10,9.208353843119378e-11,0.44946518827217047,0.0
NGC3914,(R')SB(rs)b,Mathewson96,50.83610472148859,9.464359682932148,1.8585100473800167e-10,9.448173825001083e-11,0.39743658708741325,0.0
NGC3914,(R')SB(rs)b,Mathewson96,50.83610472148859,10.22150845756672,1.6496116030412569e-10,1.1065624613300236e-10,0.26263370000912223,0.0
NGC3914,(R')SB(rs)b,Mathewson96,50.83610472148859,10.79395881899498,1.4634930779004955e-10,1.306570258929432e-10,0.13089516129312928,0.0
NGC3914,(R')SB(rs)b,Mathewson96,50.83610472148859,11.35723161951858,1.435941263834922e-10,8.776836551279298e-11,0.2729334753231482,0.0
NGC3914,(R')SB(rs)b,Mathewson96,50.83610472148859,12.11438039415315,1.372950855553177e-10,1.0658791456024969e-10,0.12369398094305527,0.0
NGC3914,(R')SB(rs)b,Mathewson96,50.83610472148859,12.677653194676749,1.5105837983687204e-10,6.968905618567501e-11,0.2694001756202451,0.0
NGC3914,(R')SB(rs)b,Mathewson96,50.83610472148859,13.065405142898697,1.1629936350500863e-10,9.625770449505207e-11,0.08053413073638385,0.0
NGC3976,SAB(s)b Sy2,Mathewson96,73.29694991915831,0.3648619631703553,4.946641484327941e-10,3.2041878613077423e-10,0.39634994623091907,0.0
NGC3976,SAB(s)b Sy2,Mathewson96,73.29694991915831,1.6549703399348734,5.448463898808806e-10,5.183921446564121e-10,0.29122050505938707,0.0
NGC3976,SAB(s)b Sy2,Mathewson96,73.29694991915831,2.4237987637262743,6.099038427882099e-10,3.8077871937330614e-10,0.2975470262446388,0.0
NGC3976,SAB(s)b Sy2,Mathewson96,73.29694991915831,3.335987675562989,4.180555358154215e-10,2.805185284943173e-10,0.3336091079071857,0.0
NGC3976,SAB(s)b Sy2,Mathewson96,73.29694991915831,4.3393750762368795,3.4788435560336074e-10,2.2984540045561749e-10,0.292653879698745,0.0
NGC3976,SAB(s)b Sy2,Mathewson96,73.29694991915831,5.2515639880735945,2.9110712249393195e-10,2.0052357733044685e-10,0.2712734046843535,0.0
NGC3976,SAB(s)b Sy2,Mathewson96,73.29694991915831,6.1637528999103095,2.5594385062143276e-10,1.3416771477825487e-10,0.37134025983785957,0.0
NGC3976,SAB(s)b Sy2,Mathewson96,73.29694991915831,7.154082798826752,2.1150596577045724e-10,1.344619451047979e-10,0.30011009121999155,0.0
NGC3976,SAB(s)b Sy2,Mathewson96,73.29694991915831,8.079329212420914,1.9994415464711703e-10,9.365813421876983e-11,0.4017633296758173,0.0
NGC3976,SAB(s)b Sy2,Mathewson96,73.29694991915831,8.99151812425763,1.8025957427617747e-10,8.156587945209599e-11,0.4033036480817087,0.0
NGC3976,SAB(s)b Sy2,Mathewson96,73.29694991915831,9.939513154194845,1.2260498220444523e-10,7.638597206182991e-11,0.34916006523231724,0.0
NGC3976,SAB(s)b Sy2,Mathewson96,73.29694991915831,11.215509907966288,1.1794371278838282e-10,8.270835800660835e-11,0.20844774292680798,0.0
NGC3976,SAB(s)b Sy2,Mathewson96,73.29694991915831,12.214544808054363,9.139150634915971e-11,6.120320667389466e-11,0.2365720563955956,0.0
NGC3976,SAB(s)b Sy2,Mathewson96,73.29694991915831,12.887822242422772,7.446089044998107e-11,5.363881669527891e-11,0.31579129848876425,0.0
NGC3976,SAB(s)b Sy2,Mathewson96,73.29694991915831,14.1388261217366,1.1636173249424364e-10,4.917216075501078e-11,0.2962704107590068,0.0
NGC3976,SAB(s)b Sy2,Mathewson96,73.29694991915831,14.84250305238407,9.143963596163449e-11,5.4825508445006314e-11,0.20312147021810295,0.0
NGC3976,SAB(s)b Sy2,Mathewson96,73.29694991915831,15.754691964220783,7.97700410047427e-11,3.8296019940067724e-11,0.34476348995817085,0.0
NGC3976,SAB(s)b Sy2,Mathewson96,73.29694991915831,16.666880876057498,7.52227802670204e-11,5.278574825901014e-11,0.16395310961234102,0.0
NGC3976,SAB(s)b Sy2,Mathewson96,73.29694991915831,17.891837759678083,8.419537574382097e-11,3.8081642599612993e-11,0.1667669042504841,0.0
NGC3976,SAB(s)b Sy2,Mathewson96,73.29694991915831,18.49778745060965,7.629215741275046e-11,4.2171182513836537e-11,0.16673421915050146,0.0
NGC3976,SAB(s)b Sy2,Mathewson96,73.29694991915831,19.10373714154122,7.277307982141901e-11,3.3336766980632044e-11,0.22101944458014175,0.0
NGC4029,Sb:,Mathewson96,49.01614757344018,0.39160447967420553,3.69020472142767e-09,1.4101460903129835e-10,0.529762592391842,0.0
NGC4029,Sb:,Mathewson96,49.01614757344018,1.1494975938719607,1.7197300166692647e-09,3.2828525528515394e-10,0.4425931510015479,0.0
NGC4029,Sb:,Mathewson96,49.01614757344018,1.9833382435216833,6.847158481319287e-10,3.6419418168398667e-10,0.3191463958240108,0.0
NGC4029,Sb:,Mathewson96,49.01614757344018,2.7159155125687824,7.689068435414367e-10,3.0647165520406753e-10,0.34700765510444453,0.0
NGC4029,Sb:,Mathewson96,49.01614757344018,3.5244403170678495,5.818255573615783e-10,2.533569789782683e-10,0.30719837592839855,0.0
NGC4029,Sb:,Mathewson96,49.01614757344018,4.282333431265605,1.8871068935774886e-10,2.299626300061703e-10,0.26532871613751485,0.0
NGC4029,Sb:,Mathewson96,49.01614757344018,5.116174080915327,2.4191168517145624e-10,1.7695451981909983e-10,0.2804264091433886,0.0
NGC4029,Sb:,Mathewson96,49.01614757344018,5.8993830402637375,2.4514771781697855e-10,1.6154443683802368e-10,0.2935822187892661,0.0
NGC4029,Sb:,Mathewson96,49.01614757344018,6.657276154461492,2.281240289674496e-10,1.1112951759713811e-10,0.38982044581151626,0.0
NGC4029,Sb:,Mathewson96,49.01614757344018,7.46580095896056,2.370901888314411e-10,9.392747570847801e-11,0.3723520444892261,0.0
NGC4029,Sb:,Mathewson96,49.01614757344018,8.98158718735607,9.198362349482985e-11,6.74002965222476e-11,0.4282555076613934,0.0
NGC4029,Sb:,Mathewson96,49.01614757344018,9.815427837005792,1.410715772870247e-10,6.089082456954974e-11,0.4271368455154433,0.0
NGC4029,Sb:,Mathewson96,49.01614757344018,10.598636796354205,1.2783951096464876e-10,6.959442584252858e-11,0.3187013127438154,0.0
NGC4029,Sb:,Mathewson96,49.01614757344018,11.331214065401303,1.0805943272349511e-10,8.880623049609573e-11,0.17891816314143336,0.0
NGC4029,Sb:,Mathewson96,49.01614757344018,12.114423024749716,1.191366020060641e-10,5.273117786139168e-11,0.2974977885906376,0.0
NGC4029,Sb:,Mathewson96,49.01614757344018,12.92294782924878,1.249837835918446e-10,5.432984992399654e-11,0.28591651188966183,0.0
NGC4029,Sb:,Mathewson96,49.01614757344018,13.706156788597191,1.204047557733137e-10,7.703759886381204e-11,0.0784566105060505,0.0
NGC4029,Sb:,Mathewson96,49.01614757344018,14.464049902794947,1.0797356802348544e-10,4.6124277594103196e-11,0.2331885049675635,0.0
NGC4110,SBb RET,Mathewson96,60.64432415265095,0.42913933822994693,3.5725955952505894e-11,3.259488696920861e-11,0.7896718287031594,0.0
NGC4110,SBb RET,Mathewson96,60.64432415265095,1.409893622282016,4.0552885020398014e-10,1.2320689815697708e-10,0.6181808079896589,0.0
NGC4110,SBb RET,Mathewson96,60.64432415265095,2.3089975012726347,3.6513508357814437e-10,1.5501454266123106e-10,0.555772450736207,0.0
NGC4110,SBb RET,Mathewson96,60.64432415265095,2.3906479063340846,4.908452497896685e-10,1.604198401408997e-10,0.5349347510707433,0.0
NGC4110,SBb RET,Mathewson96,60.64432415265095,3.2897517853247034,3.8455240636855077e-10,1.8304269427640864e-10,0.48468155674320107,0.0
NGC4110,SBb RET,Mathewson96,60.64432415265095,4.2296808668460475,4.3368778736825685e-10,1.9460412315873365e-10,0.3438406726336806,0.0
NGC4110,SBb RET,Mathewson96,60.64432415265095,5.169609948367391,3.311794460134227e-10,1.8176068388265498e-10,0.3184045727636795,0.0
NGC4110,SBb RET,Mathewson96,60.64432415265095,6.109539029888735,2.7127178002130523e-10,1.1571281993732531e-10,0.4339525091694458,0.0
NGC4110,SBb RET,Mathewson96,60.64432415265095,7.049468111410079,2.3903240359213597e-10,1.4302021433559386e-10,0.3169435949966685,0.0
NGC4110,SBb RET,Mathewson96,60.64432415265095,7.989397192931423,2.1050695505575049e-10,8.750963756216122e-11,0.4582704779127375,0.0
NGC4110,SBb RET,Mathewson96,60.64432415265095,8.929326274452766,1.877189119184252e-10,6.680943558618616e-11,0.4987720379771151,0.0
NGC4110,SBb RET,Mathewson96,60.64432415265095,9.869255355974111,1.624999641050597e-10,6.129814779287094e-11,0.47205718014558246,0.0
NGC4110,SBb RET,Mathewson96,60.64432415265095,10.809184437495455,1.5842105639815304e-10,5.3021716346495506e-11,0.49595983358504603,0.0
NGC4110,SBb RET,Mathewson96,60.64432415265095,11.789938721547523,1.5073507896028744e-10,5.3105932459996705e-11,0.443841118622155,0.0
NGC4110,SBb RET,Mathewson96,60.64432415265095,12.729867803068867,1.56252379294921e-10,6.365913654226391e-11,0.29637506503836497,0.0
NGC4110,SBb RET,Mathewson96,60.64432415265095,13.66979688459021,1.255904312601443e-10,7.566277859431354e-11,0.17109904560115205,0.0
NGC4110,SBb RET,Mathewson96,60.64432415265095,14.609725966111554,7.578774213937915e-11,5.949222999552255e-11,0.12702641283523392,0.0
NGC4110,SBb RET,Mathewson96,60.64432415265095,15.549655047632898,6.53745598319713e-11,4.654485992637833e-11,0.2597654319780457,0.0
NGC4134,Sb,Courteau97,69.65645504078344,0.4567331558916927,1.7281651725158538e-10,6.63275154098326e-11,0.5574090339258188,0.0
NGC4134,Sb,Courteau97,69.65645504078344,1.2406278037152854,2.786517364557251e-10,1.303711858721828e-10,0.45054723822796466,0.0
NGC4134,Sb,Courteau97,69.65645504078344,2.1129244127699804,2.423394869951168e-10,1.3255346674873866e-10,0.4235929603577513,0.0
NGC4134,Sb,Courteau97,69.65645504078344,2.9852210218246755,2.254597342234859e-10,1.1520495547206059e-10,0.3706877387265986,0.0
NGC4134,Sb,Courteau97,69.65645504078344,3.8128836105656965,1.864351356493095e-10,9.723406326424773e-11,0.42851467336137183,0.0
NGC4134,Sb,Courteau97,69.65645504078344,4.638814040514225,1.667800726355037e-10,8.199471198301717e-11,0.43924162841110026,0.0
NGC4134,Sb,Courteau97,69.65645504078344,5.511976728965166,1.3834188668375437e-10,8.404847926584098e-11,0.3781949192821706,0.0
NGC4134,Sb,Courteau97,69.65645504078344,6.385139417416108,1.2228160345832792e-10,6.2876133892647e-11,0.3789468821371195,0.0
NGC4134,Sb,Courteau97,69.65645504078344,7.211069847364636,1.2371026498426555e-10,8.463718992819519e-11,0.24124845417216,0.0
NGC4134,Sb,Courteau97,69.65645504078344,8.038732436105656,1.1251495057285377e-10,7.056955746233899e-11,0.25961231904681453,0.0
NGC4134,Sb,Courteau97,69.65645504078344,8.786910146378963,1.0234567049674517e-10,6.386173162226247e-11,0.24373913320889273,0.0
NGC4134,Sb,Courteau97,69.65645504078344,9.719810219308727,9.061256292987712e-11,5.472138073403187e-11,0.25001904258698016,0.0
NGC4134,Sb,Courteau97,69.65645504078344,10.559730482770084,6.922590995005037e-11,5.5775896534919526e-11,0.1898670882356801,0.0
NGC4134,Sb,Courteau97,69.65645504078344,11.257516512253655,6.661347262069093e-11,2.9695603871467694e-11,0.41092440085503357,0.0
NGC4134,Sb,Courteau97,69.65645504078344,12.268045579230602,6.953840419938047e-11,2.9101317633506963e-11,0.3575082330255078,0.0
NGC4134,Sb,Courteau97,69.65645504078344,13.186708367391464,3.964426752486471e-11,3.269058085900779e-11,0.22628985983403693,0.0
NGC4134,Sb,Courteau97,69.65645504078344,14.013504876736237,5.955577203724819e-11,3.504311860943184e-11,0.14824048360101738,0.0
NGC4134,Sb,Courteau97,69.65645504078344,14.840301386081013,6.957094904887878e-11,2.286566721047118e-11,0.2902673155375928,0.0
NGC4134,Sb,Courteau97,69.65645504078344,15.74249982816834,6.716070376086472e-11,2.500475583841186e-11,0.18565149942707548,0.0
NGC4134,Sb,Courteau97,69.65645504078344,16.410697757461797,7.463619710173144e-11,1.844778901065203e-11,0.3057438372792416,0.0
NGC4134,Sb,Courteau97,69.65645504078344,16.94543108428478,5.1008314874224e-11,2.4385318142466375e-11,0.14303039342465815,0.0
NGC4193,SAB(s)c:?;HII LINER,Courteau97,66.38600614320967,0.29393240233033563,3.3397895776236393e-10,7.24165226364614e-11,0.48469801321224887,0.0
NGC4193,SAB(s)c:?;HII LINER,Courteau97,66.38600614320967,0.7089322681986765,8.472621276518298e-11,1.3800750989127227e-10,0.4772734939056147,0.0
NGC4193,SAB(s)c:?;HII LINER,Courteau97,66.38600614320967,2.6162929110610142,2.6156399315036484e-10,1.5326680560853565e-10,0.4152388361261097,0.0
NGC4193,SAB(s)c:?;HII LINER,Courteau97,66.38600614320967,3.021831267180569,2.4579762447073716e-10,1.4889218656764884e-10,0.4164916768250676,0.0
NGC4193,SAB(s)c:?;HII LINER,Courteau97,66.38600614320967,3.4814414041160644,1.8351526431545213e-10,1.4265230164117682e-10,0.3709161015816446,0.0
NGC4193,SAB(s)c:?;HII LINER,Courteau97,66.38600614320967,4.026583810631955,2.5340450814181124e-10,1.228352377926391e-10,0.42112498536723514,0.0
NGC4193,SAB(s)c:?;HII LINER,Courteau97,66.38600614320967,4.655195667224202,2.0891031273524345e-10,1.3400423358003053e-10,0.3034739691404591,0.0
NGC4193,SAB(s)c:?;HII LINER,Courteau97,66.38600614320967,5.147216319297991,1.7545481615129034e-10,1.3391238650048806e-10,0.2699149630391849,0.0
NGC4193,SAB(s)c:?;HII LINER,Courteau97,66.38600614320967,5.6417615169805835,1.548529367622415e-10,1.242472071593818e-10,0.24450718910378771,0.0
NGC4193,SAB(s)c:?;HII LINER,Courteau97,66.38600614320967,6.891411593338667,1.571103027068927e-10,1.011017563597339e-10,0.2319804404362946,0.0
NGC4193,SAB(s)c:?;HII LINER,Courteau97,66.38600614320967,7.220266876590793,1.2582280335318933e-10,6.800850764856403e-11,0.37892165112683707,0.0
NGC4193,SAB(s)c:?;HII LINER,Courteau97,66.38600614320967,9.456482802705258,1.2503611048971411e-10,5.6537557885019315e-11,0.2827900836198288,0.0
NGC4193,SAB(s)c:?;HII LINER,Courteau97,66.38600614320967,10.73523158897535,8.954985009018198e-11,3.912939579177321e-11,0.3404897641777852,0.0
NGC4193,SAB(s)c:?;HII LINER,Courteau97,66.38600614320967,10.932544758926625,8.095557416934083e-11,5.889351428341642e-11,0.12106537726630069,0.0
NGC4246,SA(s)c,Courteau97/Mathewson96,58.817904629285366,0.35876960608925407,8.00785658330703e-11,1.7353961478152663e-11,0.6942667349531422,0.0
NGC4246,SA(s)c,Courteau97/Mathewson96,58.817904629285366,1.0405720020362155,2.285157685458996e-10,4.039323147716927e-11,0.6442545477931447,0.0
NGC4246,SA(s)c,Courteau97/Mathewson96,58.817904629285366,1.7833262533633916,3.0079863906994875e-10,5.1316731470395685e-11,0.6089713566686382,0.0
NGC4246,SA(s)c,Courteau97/Mathewson96,58.817904629285366,2.3008766236221776,2.6313199232818594e-10,5.4388840635089734e-11,0.5723427699367091,0.0
NGC4246,SA(s)c,Courteau97/Mathewson96,58.817904629285366,3.121716006108646,1.7515575438498602e-10,5.229961315307106e-11,0.5733847715365867,0.0
NGC4246,SA(s)c,Courteau97/Mathewson96,58.817904629285366,3.642002007126754,2.0839794700005494e-10,4.687515433268005e-11,0.6226485773655213,0.0
NGC4246,SA(s)c,Courteau97/Mathewson96,58.817904629285366,4.505758519703617,1.502292667117421e-10,4.3384138988436785e-11,0.6018859598550217,0.0
NGC4246,SA(s)c,Courteau97/Mathewson96,58.817904629285366,5.087240898843721,1.7672367881416986e-10,6.62788664936223e-11,0.4637905799989202,0.0
NGC4246,SA(s)c,Courteau97/Mathewson96,58.817904629285366,5.678693966499406,1.7529083834536275e-10,7.59154321285392e-11,0.41383568290884604,0.0
NGC4246,SA(s)c,Courteau97/Mathewson96,58.817904629285366,6.43459770198531,1.457656670221915e-10,5.231387190524983e-11,0.5183561622782976,0.0
NGC4246,SA(s)c,Courteau97/Mathewson96,58.817904629285366,7.016525331491042,1.4436195921110524e-10,5.5596331649445254e-11,0.46044357588405993,0.0
NGC4246,SA(s)c,Courteau97/Mathewson96,58.817904629285366,7.694451859501126,1.3033504234529826e-10,5.3491676429614707e-11,0.4422183115822546,0.0
NGC4246,SA(s)c,Courteau97/Mathewson96,58.817904629285366,8.484701916224274,1.191443683262729e-10,4.7241199947520286e-11,0.4543922203615022,0.0
NGC4246,SA(s)c,Courteau97/Mathewson96,58.817904629285366,9.116488097738346,1.210347070157313e-10,6.3563559529673e-11,0.31029655219086755,0.0
NGC4246,SA(s)c,Courteau97/Mathewson96,58.817904629285366,9.839916293441284,1.1633037755022906e-10,5.808158278972841e-11,0.2664085014720257,0.0
NGC4246,SA(s)c,Courteau97/Mathewson96,58.817904629285366,10.415092175599348,1.0312361692981431e-10,3.3041848797905466e-11,0.5133553392560296,0.0
NGC4246,SA(s)c,Courteau97/Mathewson96,58.817904629285366,11.087522416309115,1.0149883410055194e-10,5.774043081571155e-11,0.24829579667162135,0.0
NGC4246,SA(s)c,Courteau97/Mathewson96,58.817904629285366,11.706435022907424,1.0482895122282581e-10,2.6931651236578416e-11,0.5094184180931786,0.0
NGC4246,SA(s)c,Courteau97/Mathewson96,58.817904629285366,12.451127208203038,1.1144926273155979e-10,3.9006534715310715e-11,0.30979481629039773,0.0
NGC4246,SA(s)c,Courteau97/Mathewson96,58.817904629285366,12.971413209221145,1.0292354082947537e-10,3.086001279968173e-11,0.33940721528410267,0.0
NGC4246,SA(s)c,Courteau97/Mathewson96,58.817904629285366,13.491699210239254,8.680013926043037e-11,3.8871575505801113e-11,0.24639080870289864,0.0
NGC4273,SB(s)c HII,Courteau97/Mathewson96,57.415025559879034,0.2796910798406581,1.3015556264231045e-10,2.2178746135824473e-10,0.4075153709572083,0.0
NGC4273,SB(s)c HII,Courteau97/Mathewson96,57.415025559879034,0.8698457042005339,1.832948867903487e-10,4.4539613064504124e-10,0.42032295395098007,0.0
NGC4273,SB(s)c HII,Courteau97/Mathewson96,57.415025559879034,1.5026478365209806,2.2139565533466622e-10,4.928071405680076e-10,0.344525506168157,0.0
NGC4273,SB(s)c HII,Courteau97/Mathewson96,57.415025559879034,2.1354499688414275,1.958050354020342e-10,4.946343321690408e-10,0.2906057274441911,0.0
NGC4273,SB(s)c HII,Courteau97/Mathewson96,57.415025559879034,2.748155499851759,2.0682472775309747e-10,3.926877052413721e-10,0.2850700453063286,0.0
NGC4273,SB(s)c HII,Courteau97/Mathewson96,57.415025559879034,3.3349169072148293,2.2827456345744497e-10,3.386103994646447e-10,0.26887249845988426,0.0
NGC4273,SB(s)c HII,Courteau97/Mathewson96,57.415025559879034,3.9214058842527075,2.012026397671868e-10,2.8173921156336386e-10,0.2631801357520161,0.0
NGC4273,SB(s)c HII,Courteau97/Mathewson96,57.415025559879034,4.53014171623882,1.8163455985121721e-10,2.728715536509342e-10,0.2240103233304831,0.0
NGC4273,SB(s)c HII,Courteau97/Mathewson96,57.415025559879034,5.140745641883388,1.7767464903082267e-10,2.0862019786850777e-10,0.2544844065981919,0.0
NGC4273,SB(s)c HII,Courteau97/Mathewson96,57.415025559879034,5.75345117289372,1.49692759853955e-10,1.7153544708995382e-10,0.23857112225437893,0.0
NGC4273,SB(s)c HII,Courteau97/Mathewson96,57.415025559879034,6.371517743517644,1.2112237495791486e-10,1.5281184576527792e-10,0.19510403200474224,0.0
NGC4273,SB(s)c HII,Courteau97/Mathewson96,57.415025559879034,6.916459474354728,1.0098305698681286e-10,1.2881706596114846e-10,0.2471446334622474,0.0
NGC4273,SB(s)c HII,Courteau97/Mathewson96,57.415025559879034,7.609431411533708,1.302042056485864e-10,1.1223688096907418e-10,0.2303931221935545,0.0
NGC4273,SB(s)c HII,Courteau97/Mathewson96,57.415025559879034,8.177477828521562,8.652620260385114e-11,1.1226623578720919e-10,0.16454066894936206,0.0
NGC4273,SB(s)c HII,Courteau97/Mathewson96,57.415025559879034,8.640225059995638,6.047509546165603e-11,1.0800289307197364e-10,0.11952086167844916,0.0
NGC4273,SB(s)c HII,Courteau97/Mathewson96,57.415025559879034,9.418300663224494,5.1357529140236724e-11,8.598200908203823e-11,0.12237561460768441,0.0
NGC4273,SB(s)c HII,Courteau97/Mathewson96,57.415025559879034,10.01502315184004,7.026270074823526e-11,6.875404313596753e-11,0.21748766536581185,0.0
NGC4273,SB(s)c HII,Courteau97/Mathewson96,57.415025559879034,10.62617402306095,5.956862676226826e-11,7.705332061846172e-11,0.11725492034904753,0.0
NGC4273,SB(s)c HII,Courteau97/Mathewson96,57.415025559879034,11.185556182742268,5.41853113479954e-11,5.588919972358315e-11,0.2156853315046606,0.0
NGC4273,SB(s)c HII,Courteau97/Mathewson96,57.415025559879034,11.753159900451685,4.035107087734456e-11,6.203485374803029e-11,0.11628549745761071,0.0
NGC4273,SB(s)c HII,Courteau97/Mathewson96,57.415025559879034,12.108267964511674,4.9707198506599994e-11,5.2208876180153175e-11,0.1646045615741643,0.0
NGC4312,SA(rs)ab: sp HII,SHIVir,76.52692465118295,0.1525125445422151,1.0775066956685645e-10,4.446196454964122e-11,0.0,0.0
NGC4312,SA(rs)ab: sp HII,SHIVir,76.52692465118295,0.4357501272634718,2.2229830370870116e-10,9.954750026586091e-11,0.25420712304970966,0.0
NGC4312,SA(rs)ab: sp HII,SHIVir,76.52692465118295,0.7407752163479019,2.6307138580463107e-10,1.2735451938867592e-10,0.19046120557157695,0.0
NGC4312,SA(rs)ab: sp HII,SHIVir,76.52692465118295,1.0458003054323322,2.7269785328987947e-10,1.251919581754325e-10,0.20102714162740878,0.0
NGC4312,SA(rs)ab: sp HII,SHIVir,76.52692465118295,1.3508253945167625,2.5004174449433644e-10,1.0374912846378766e-10,0.21965940223391694,0.0
NGC4312,SA(rs)ab: sp HII,SHIVir,76.52692465118295,1.6219588070362558,2.0715380700976322e-10,8.774259982749541e-11,0.2292686685172491,0.0
NGC4312,SA(rs)ab: sp HII,SHIVir,76.52692465118295,2.3094756744964,1.914420162688363e-10,6.58113449381835e-11,0.18746435805340572,0.0
NGC4313,SA(rs)ab: sp LINER,SHIVir,74.33104012193246,0.14864373500109082,8.726806979938604e-11,9.752471368735809e-11,0.0,0.0
NGC4313,SA(rs)ab: sp LINER,SHIVir,74.33104012193246,0.44593120500327255,3.909495444856264e-10,1.8785094912124545e-10,0.23131266691403105,0.0
NGC4313,SA(rs)ab: sp LINER,SHIVir,74.33104012193246,0.7432186750054541,4.2097511042980714e-10,1.7430317595207983e-10,0.27169394532270486,0.0
NGC4313,SA(rs)ab: sp LINER,SHIVir,74.33104012193246,1.0405061450076358,3.793422380632528e-10,1.598585591395795e-10,0.303637134746803,0.0
NGC4313,SA(rs)ab: sp LINER,SHIVir,74.33104012193246,1.3377936150098175,3.651352132338173e-10,1.424114201386461e-10,0.2962967851569542,0.0
NGC4313,SA(rs)ab: sp LINER,SHIVir,74.33104012193246,1.6350810850119992,2.8303107356183627e-10,1.2684353323633557e-10,0.2914447891083983,0.0
NGC4313,SA(rs)ab: sp LINER,SHIVir,74.33104012193246,1.9323685550141811,2.49005382638753e-10,1.1495648514112299e-10,0.31837054330799625,0.0
NGC4313,SA(rs)ab: sp LINER,SHIVir,74.33104012193246,2.2296560250163626,1.859884740990241e-10,1.0297683551730225e-10,0.3424341893650542,0.0
NGC4313,SA(rs)ab: sp LINER,SHIVir,74.33104012193246,2.526943495018544,1.6955341222634226e-10,9.404771245516685e-11,0.34721114299070605,0.0
NGC4313,SA(rs)ab: sp LINER,SHIVir,74.33104012193246,2.816621821443289,1.5904213529383443e-10,8.717490143537512e-11,0.33962168008608096,0.0
NGC4313,SA(rs)ab: sp LINER,SHIVir,74.33104012193246,3.150539354713597,1.8390889429194632e-10,8.265833387466037e-11,0.30073690730830377,0.0
NGC4313,SA(rs)ab: sp LINER,SHIVir,74.33104012193246,3.4180980777155603,1.602699935404151e-10,7.767082115027144e-11,0.3225646768945486,0.0
NGC4351,SB(rs)ab pec: HII,SHIVir,51.2551343071332,0.15332703076139917,2.3758422707650753e-11,1.9284153343207117e-11,0.23948737380766055,0.0
NGC4351,SB(rs)ab pec: HII,SHIVir,51.2551343071332,0.40887208203039777,3.3547657885855934e-11,4.96466933490569e-11,0.40264099605147513,0.0
NGC4351,SB(rs)ab pec: HII,SHIVir,51.2551343071332,0.7155261435531961,2.4472351755207528e-11,7.876902890607397e-11,0.3621257633452386,0.0
NGC4351,SB(rs)ab pec: HII,SHIVir,51.2551343071332,1.0221802050759945,4.442407046995946e-11,8.388926116429773e-11,0.36611667305540735,0.0
NGC4351,SB(rs)ab pec: HII,SHIVir,51.2551343071332,1.3288342665987927,3.077565558379018e-11,8.194540675345527e-11,0.3619415761055967,0.0
NGC4351,SB(rs)ab pec: HII,SHIVir,51.2551343071332,1.635488328121591,2.7342939728737298e-11,7.929962407935508e-11,0.3483208126913812,0.0
NGC4351,SB(rs)ab pec: HII,SHIVir,51.2551343071332,1.9421423896443895,2.765199714533076e-11,7.431649417594947e-11,0.3379484729183228,0.0
NGC4351,SB(rs)ab pec: HII,SHIVir,51.2551343071332,2.2487964511671876,3.1032230300559536e-11,6.832018459990406e-11,0.33533750585711913,0.0
NGC4351,SB(rs)ab pec: HII,SHIVir,51.2551343071332,2.555450512689986,3.325570064357341e-11,6.39221322919773e-11,0.28977118814040337,0.0
NGC4351,SB(rs)ab pec: HII,SHIVir,51.2551343071332,2.8621045742127844,2.8337491102645745e-11,6.211990042481068e-11,0.3052512138944457,0.0
NGC4351,SB(rs)ab pec: HII,SHIVir,51.2551343071332,3.150748794027101,2.4717779349709778e-11,6.054618871873087e-11,0.2800439848474462,0.0
NGC4351,SB(rs)ab pec: HII,SHIVir,51.2551343071332,3.487581509223572,1.7736467015502076e-11,5.7556957911582556e-11,0.2623134031834675,0.0
NGC4351,SB(rs)ab pec: HII,SHIVir,51.2551343071332,3.7942355707463697,2.2986494327968865e-11,5.362139807325856e-11,0.23741740084706106,0.0
NGC4351,SB(rs)ab pec: HII,SHIVir,51.2551343071332,3.9986716117615684,2.4741163111492465e-11,4.7212309296541806e-11,0.275152946881771,0.0
NGC4383,Sa? pec HII,SHIVir,51.89936701577698,0.14925007474203897,4.2173912356419076e-11,2.8382069995426526e-10,0.0,0.0
NGC4383,Sa? pec HII,SHIVir,51.89936701577698,0.44939729635824466,2.8633087651864148e-11,6.801138656441303e-10,0.1477123623008205,0.0
NGC4383,Sa? pec HII,SHIVir,51.89936701577698,0.7478974458423225,4.0836167886185676e-11,7.662089321626663e-10,0.1174292546429954,0.0
NGC4383,Sa? pec HII,SHIVir,51.89936701577698,1.0480446674585282,1.23529537648552e-10,6.37760752987054e-10,0.13079980358083063,0.0
NGC4383,Sa? pec HII,SHIVir,51.89936701577698,1.3465448169426064,1.2765443744349169e-10,4.956775475577868e-10,0.11652762143865032,0.0
NGC4383,Sa? pec HII,SHIVir,51.89936701577698,1.6562577267107848,1.0743211050912216e-10,3.888171947878265e-10,0.12874820908696938,0.0
NGC4383,Sa? pec HII,SHIVir,51.89936701577698,1.9522190460740385,1.0327885749129902e-10,3.1563440442562083e-10,0.11970114530020089,0.0
NGC4383,Sa? pec HII,SHIVir,51.89936701577698,2.2453394096590955,1.224260276494503e-10,2.6085785445388453e-10,0.12554107245367616,0.0
NGC4383,Sa? pec HII,SHIVir,51.89936701577698,2.517305408091533,1.218416660206565e-10,2.2025749311734482e-10,0.1272788545557071,0.0
NGC4383,Sa? pec HII,SHIVir,51.89936701577698,2.9096162703318544,1.0105989578402179e-10,1.7486379735201148e-10,0.10409712777960027,0.0
NGC4383,Sa? pec HII,SHIVir,51.89936701577698,3.1291203064019584,1.0136681780968458e-10,1.5419553836685643e-10,0.126897681694004,0.0
NGC4383,Sa? pec HII,SHIVir,51.89936701577698,3.3087145177320436,1.17643623321766e-10,1.4310901043401228e-10,0.12475498919145665,0.0
NGC4383,Sa? pec HII,SHIVir,51.89936701577698,4.067001187792402,8.790579206121817e-11,1.0026600906350159e-10,0.13635927438923998,0.0
NGC4388,SA(s)b: sp;Sy2 Sy1.9,SHIVir,79.8338332120554,0.2046396625699949,3.002786745383757e-11,1.248412520204767e-10,0.027758372157746174,0.0
NGC4388,SA(s)b: sp;Sy2 Sy1.9,SHIVir,79.8338332120554,0.5320631226819867,1.3483464805604966e-10,2.0450206440127237e-10,0.24330705219426604,0.0
NGC4388,SA(s)b: sp;Sy2 Sy1.9,SHIVir,79.8338332120554,0.8594865827939786,1.1713603948919812e-10,1.8867114131713168e-10,0.29525492655477786,0.0
NGC4388,SA(s)b: sp;Sy2 Sy1.9,SHIVir,79.8338332120554,1.1869100429059705,8.546897619830794e-11,1.5834415491888708e-10,0.36352510551207684,0.0
NGC4388,SA(s)b: sp;Sy2 Sy1.9,SHIVir,79.8338332120554,1.5143335030179623,1.0157951282672847e-10,1.3208048026426173e-10,0.39072009677763336,0.0
NGC4388,SA(s)b: sp;Sy2 Sy1.9,SHIVir,79.8338332120554,1.8826848956439535,1.281873517225641e-10,1.170712259188235e-10,0.42864028096836315,0.0
NGC4388,SA(s)b: sp;Sy2 Sy1.9,SHIVir,79.8338332120554,2.251036288269944,1.5749916736273487e-10,1.1132135061852041e-10,0.38981515138048034,0.0
NGC4388,SA(s)b: sp;Sy2 Sy1.9,SHIVir,79.8338332120554,2.5784597483819356,1.8314466336762748e-10,1.1176295750289e-10,0.4127435542287851,0.0
NGC4388,SA(s)b: sp;Sy2 Sy1.9,SHIVir,79.8338332120554,2.9058832084939277,2.0622209318427268e-10,1.187945563538816e-10,0.35410693787307923,0.0
NGC4388,SA(s)b: sp;Sy2 Sy1.9,SHIVir,79.8338332120554,3.2333066686059198,2.1509376504083514e-10,1.1159133613059642e-10,0.33460669094535983,0.0
NGC4388,SA(s)b: sp;Sy2 Sy1.9,SHIVir,79.8338332120554,3.6016580612319102,2.0662775497693895e-10,1.0351671358529041e-10,0.290338659436268,0.0
NGC4388,SA(s)b: sp;Sy2 Sy1.9,SHIVir,79.8338332120554,3.970009453857901,2.0573057523197533e-10,1.0305788280085892e-10,0.23888409454438334,0.0
NGC4388,SA(s)b: sp;Sy2 Sy1.9,SHIVir,79.8338332120554,4.297432913969893,2.3203013566414148e-10,9.596640822265563e-11,0.2783319477265799,0.0
NGC4388,SA(s)b: sp;Sy2 Sy1.9,SHIVir,79.8338332120554,4.611213729910552,2.3117548835204352e-10,9.65530062754346e-11,0.25390286758756125,0.0
NGC4388,SA(s)b: sp;Sy2 Sy1.9,SHIVir,79.8338332120554,4.9522798341938765,1.9032702945430066e-10,9.515127011794293e-11,0.20004123935938675,0.0
NGC4388,SA(s)b: sp;Sy2 Sy1.9,SHIVir,79.8338332120554,5.320631226819867,1.8219817875101113e-10,8.051526560126441e-11,0.1749100432642108,0.0
NGC4388,SA(s)b: sp;Sy2 Sy1.9,SHIVir,79.8338332120554,5.688982619445858,1.7474594339677596e-10,6.566137877569114e-11,0.2594778430753465,0.0
NGC4388,SA(s)b: sp;Sy2 Sy1.9,SHIVir,79.8338332120554,6.01640607955785,1.667769264992796e-10,6.89342280024724e-11,0.20099487456774,0.0
NGC4388,SA(s)b: sp;Sy2 Sy1.9,SHIVir,79.8338332120554,6.3438295396698425,1.623256211040245e-10,5.304325121312698e-11,0.2531633708406754,0.0
NGC4388,SA(s)b: sp;Sy2 Sy1.9,SHIVir,79.8338332120554,6.630325067267836,1.5464967259292076e-10,5.956410944857939e-11,0.19817054137139523,0.0
NGC4388,SA(s)b: sp;Sy2 Sy1.9,SHIVir,79.8338332120554,6.875892662351829,1.4475117430640937e-10,4.621158124286114e-11,0.28305325154667466,0.0
NGC4390,Sbc(s) II HII,SHIVir,45.86428276047275,0.12159115700676315,7.863242772128432e-11,1.2537273816409532e-11,0.0652340508156014,0.0
NGC4390,Sbc(s) II HII,SHIVir,45.86428276047275,0.46425714493491377,1.0331311281809462e-10,4.077393246639441e-11,0.4442475682273497,0.0
NGC4390,Sbc(s) II HII,SHIVir,45.86428276047275,0.7642872726139397,8.066135190430288e-11,5.452732105863037e-11,0.41850932896530485,0.0
NGC4390,Sbc(s) II HII,SHIVir,45.86428276047275,1.0677914333503018,1.028131015713232e-10,6.097325353617052e-11,0.3701188235382937,0.0
NGC4390,Sbc(s) II HII,SHIVir,45.86428276047275,1.34634572031125,7.797030801854081e-11,6.323204711709254e-11,0.3706947745313448,0.0
NGC4390,Sbc(s) II HII,SHIVir,45.86428276047275,1.6498498810476119,5.356522664173029e-11,6.121221915167357e-11,0.3583701038313402,0.0
NGC4390,Sbc(s) II HII,SHIVir,45.86428276047275,1.9498800087266381,5.7780257304545005e-11,5.676101667705545e-11,0.36003808452728564,0.0
NGC4390,Sbc(s) II HII,SHIVir,45.86428276047275,2.249910136405664,5.023640457023769e-11,5.2068951671620784e-11,0.35855019688140705,0.0
NGC4390,Sbc(s) II HII,SHIVir,45.86428276047275,2.5534142971420257,5.966855450826385e-11,5.1599493042571005e-11,0.2888319952627284,0.0
NGC4390,Sbc(s) II HII,SHIVir,45.86428276047275,2.831968584102974,5.2802045950900704e-11,5.256266629820888e-11,0.2843773934044008,0.0
NGC4390,Sbc(s) II HII,SHIVir,45.86428276047275,3.135472744839336,5.4281332107046056e-11,5.198564086903948e-11,0.25374917285978366,0.0
NGC4390,Sbc(s) II HII,SHIVir,45.86428276047275,3.4569787132364396,6.492445668879664e-11,4.982253324073821e-11,0.2249643292473879,0.0
NGC4390,Sbc(s) II HII,SHIVir,45.86428276047275,3.7604828739728013,7.194041032971756e-11,4.57188261997906e-11,0.1979355226614364,0.0
NGC4390,Sbc(s) II HII,SHIVir,45.86428276047275,4.033510290160715,4.656938187321281e-11,4.027879453740495e-11,0.21953235763059145,0.0
NGC4390,Sbc(s) II HII,SHIVir,45.86428276047275,4.312064577121664,3.61605708437335e-11,3.892042409439175e-11,0.20927934800022566,0.0
NGC4390,Sbc(s) II HII,SHIVir,45.86428276047275,4.5143480474147335,8.060913037811709e-11,3.615570541069084e-11,0.15107495151718014,0.0
NGC4390,Sbc(s) II HII,SHIVir,45.86428276047275,5.049349138244491,6.618841942495639e-11,3.2901766381682443e-11,0.1441923321839732,0.0
NGC4390,Sbc(s) II HII,SHIVir,45.86428276047275,5.2350519962184565,3.426377937559554e-11,2.987820574799712e-11,0.17602278461355061,0.0
NGC4390,Sbc(s) II HII,SHIVir,45.86428276047275,5.575507235837393,3.0840861080348654e-11,2.851276322134697e-11,0.13034893513138934,0.0
NGC4390,Sbc(s) II HII,SHIVir,45.86428276047275,5.885011999127336,4.170978368140993e-11,2.3583259660624835e-11,0.17024292051363774,0.0
NGC4394,(R)SB(r)b LINER,SHIVir,30.415569027626375,0.17613264489855282,1.5608711020279674e-09,5.759335532838256e-10,0.0,0.0
NGC4394,(R)SB(r)b LINER,SHIVir,30.415569027626375,0.48534328816490113,7.817200447963184e-10,9.648701292014133e-10,0.12989286497166258,0.0
NGC4394,(R)SB(r)b LINER,SHIVir,30.415569027626375,0.8454366955130537,4.745623230265553e-10,7.856921999456832e-10,0.17599092996311136,0.0
NGC4394,(R)SB(r)b LINER,SHIVir,30.415569027626375,1.3386081012290016,2.0163847813051393e-10,5.547746514497382e-10,0.1944077790739317,0.0
NGC4394,(R)SB(r)b LINER,SHIVir,30.415569027626375,2.2192713257217656,5.344037198180304e-10,3.3881039987826943e-10,0.17768428726074834,0.0
NGC4394,(R)SB(r)b LINER,SHIVir,30.415569027626375,2.5363100865391606,2.6696529672977765e-10,2.6584904726057346e-10,0.19284776257165934,0.0
NGC4394,(R)SB(r)b LINER,SHIVir,30.415569027626375,2.896403493887313,3.122561602708241e-10,2.1845746228419458e-10,0.2235401924150658,0.0
NGC4394,(R)SB(r)b LINER,SHIVir,30.415569027626375,3.2232274016435167,2.750554186941259e-10,1.8953777739446158e-10,0.2403956289501619,0.0
NGC4394,(R)SB(r)b LINER,SHIVir,30.415569027626375,3.557879426950767,2.2889365817598002e-10,1.6772048317769858e-10,0.2501806674421928,0.0
NGC4394,(R)SB(r)b LINER,SHIVir,30.415569027626375,3.827949482461882,1.55065032978694e-10,1.5764198235316397e-10,0.22372981604100742,0.0
NGC4394,(R)SB(r)b LINER,SHIVir,30.415569027626375,4.267442367827795,1.5004821946030404e-10,1.4318205690668687e-10,0.22554063902785004,0.0
NGC4394,(R)SB(r)b LINER,SHIVir,30.415569027626375,4.579448767362374,8.407496038668077e-11,1.274506061593631e-10,0.19626393281406895,0.0
NGC4394,(R)SB(r)b LINER,SHIVir,30.415569027626375,5.260494994303445,1.6180451190951566e-10,1.0686416712739831e-10,0.24080992064932688,0.0
NGC4394,(R)SB(r)b LINER,SHIVir,30.415569027626375,5.542307226141129,1.0855938269472636e-10,1.0040900190703186e-10,0.1810449359044081,0.0
NGC4394,(R)SB(r)b LINER,SHIVir,30.415569027626375,5.882830339611664,1.8495660796127816e-10,8.45130161449362e-11,0.2723522288080227,0.0
NGC4394,(R)SB(r)b LINER,SHIVir,30.415569027626375,6.250192713257218,1.307947372628125e-10,9.317486034905648e-11,0.1886554456980557,0.0
NGC4394,(R)SB(r)b LINER,SHIVir,30.415569027626375,6.622587448185586,1.1043766854601929e-10,7.116627435848773e-11,0.23260778870280224,0.0
NGC4396,SAd: sp HII,SHIVir,75.1364457739635,0.1608610282888517,1.9671774404377416e-11,8.101375402361604e-12,0.22407219454815414,0.0
NGC4396,SAd: sp HII,SHIVir,75.1364457739635,0.4825830848665552,3.059323496791584e-11,2.108879545904653e-11,0.43806294456205785,0.0
NGC4396,SAd: sp HII,SHIVir,75.1364457739635,0.8215750700224557,5.880956921710426e-11,2.7340535537596495e-11,0.40846688951545973,0.0
NGC4396,SAd: sp HII,SHIVir,75.1364457739635,1.1731016807593058,6.776072643175129e-11,2.936548068548358e-11,0.40961130716617555,0.0
NGC4396,SAd: sp HII,SHIVir,75.1364457739635,1.5120936659152062,6.919083983122526e-11,2.8415938147631065e-11,0.41860714364342255,0.0
NGC4396,SAd: sp HII,SHIVir,75.1364457739635,1.8338157224929095,8.407072848566e-11,2.8163710771878973e-11,0.4019078683774744,0.0
NGC4396,SAd: sp HII,SHIVir,75.1364457739635,2.155537779070613,7.612154490806954e-11,2.6410525030920704e-11,0.39741394855847023,0.0
NGC4396,SAd: sp HII,SHIVir,75.1364457739635,2.4772598356483164,7.317945549357666e-11,2.407433439854438e-11,0.4160298059086842,0.0
NGC4396,SAd: sp HII,SHIVir,75.1364457739635,2.83115409788379,5.805741441516686e-11,2.2303540674266216e-11,0.3869052070689743,0.0
NGC4396,SAd: sp HII,SHIVir,75.1364457739635,3.1850483601192643,4.005513848593069e-11,2.1445925824299246e-11,0.4031553944473842,0.0
NGC4396,SAd: sp HII,SHIVir,75.1364457739635,3.5067704166969675,5.343614056130405e-11,2.0862105444741114e-11,0.3943456642514637,0.0
NGC4396,SAd: sp HII,SHIVir,75.1364457739635,3.80222944824792,4.802368189518299e-11,2.0173958621196875e-11,0.3615868045607805,0.0
NGC4396,SAd: sp HII,SHIVir,75.1364457739635,4.153278549438829,4.240114945202995e-11,1.930410742827931e-11,0.3370006107537918,0.0
NGC4396,SAd: sp HII,SHIVir,75.1364457739635,4.46325519760179,4.006447214816465e-11,1.7634883528032792e-11,0.40020264795977,0.0
NGC4396,SAd: sp HII,SHIVir,75.1364457739635,4.828894868252006,3.4224092242434995e-11,1.7972852487595663e-11,0.3748342656735693,0.0
NGC4396,SAd: sp HII,SHIVir,75.1364457739635,5.190230320911725,5.212530523826556e-11,2.0551438088337958e-11,0.2807347882000168,0.0
NGC4396,SAd: sp HII,SHIVir,75.1364457739635,5.502760318730067,5.031709633988358e-11,1.695725760901484e-11,0.28347194261368147,0.0
NGC4396,SAd: sp HII,SHIVir,75.1364457739635,5.8262332436428865,4.7699446183692474e-11,1.8641547151356152e-11,0.25818467528247674,0.0
NGC4396,SAd: sp HII,SHIVir,75.1364457739635,6.147955300220589,4.726799652367395e-11,1.857575565173757e-11,0.16884468601445726,0.0
NGC4396,SAd: sp HII,SHIVir,75.1364457739635,6.4535912539694085,4.904069372160131e-11,1.645567608340519e-11,0.2241473687429155,0.0
NGC4396,SAd: sp HII,SHIVir,75.1364457739635,6.662710590744916,5.594318346841537e-11,1.5004928352657305e-11,0.19905200454223812,0.0
NGC4405,SA(rs)0/a: HII,SHIVir,45.292852782016006,0.1578067049669115,6.609959919562252e-11,9.356077421811266e-11,0.0,0.0
NGC4405,SA(rs)0/a: HII,SHIVir,45.292852782016006,0.45872488734826017,1.7544017195907778e-10,2.1618546562749698e-10,0.2704041192398723,0.0
NGC4405,SA(rs)0/a: HII,SHIVir,45.292852782016006,0.7406060704002672,2.595062024824567e-10,2.7378916618128655e-10,0.2267357377829472,0.0
NGC4405,SA(rs)0/a: HII,SHIVir,45.292852782016006,1.0415242527816158,2.331505644620626e-10,2.8218307056531765e-10,0.16948209194103966,0.0
NGC4405,SA(rs)0/a: HII,SHIVir,45.292852782016006,1.3437783649404622,2.1889608976212756e-10,2.443039877494362e-10,0.16746949697880878,0.0
NGC4405,SA(rs)0/a: HII,SHIVir,45.292852782016006,1.5840787336678543,2.3637266238369443e-10,2.0865235254935198e-10,0.1646609454288947,0.0
NGC4407,(R')SB(rs)ab: HII,SHIVir,50.79646367976209,0.15032226612475322,1.3401173264485165e-10,6.311412178872758e-11,0.0,0.0
NGC4407,(R')SB(rs)ab: HII,SHIVir,50.79646367976209,0.4334496885075025,4.362789720904131e-11,1.6478353847889605e-10,0.16634339208246135,0.0
NGC4407,(R')SB(rs)ab: HII,SHIVir,50.79646367976209,0.7554747533512716,5.022912401479937e-11,1.973067868940334e-10,0.1785756924710698,0.0
NGC4407,(R')SB(rs)ab: HII,SHIVir,50.79646367976209,1.031533868243926,3.8033482163480025e-11,1.777348371143448e-10,0.19788304060096631,0.0
NGC4407,(R')SB(rs)ab: HII,SHIVir,50.79646367976209,1.3687053062807555,7.017537113761299e-11,1.4155218253505402e-10,0.1885103692141511,0.0
NGC4407,(R')SB(rs)ab: HII,SHIVir,50.79646367976209,1.6419546591897693,3.97316242643745e-11,1.1571481467633375e-10,0.21264333804375715,0.0
NGC4407,(R')SB(rs)ab: HII,SHIVir,50.79646367976209,1.8752527088938986,4.147649880112767e-11,1.0005490236040235e-10,0.24663283280596243,0.0
NGC4407,(R')SB(rs)ab: HII,SHIVir,50.79646367976209,2.298034082369767,3.071090777900147e-11,8.044662624893868e-11,0.26718264701934635,0.0
NGC4407,(R')SB(rs)ab: HII,SHIVir,50.79646367976209,2.5967469032555206,6.802781043717631e-11,7.206398468610657e-11,0.25780696449006113,0.0
NGC4407,(R')SB(rs)ab: HII,SHIVir,50.79646367976209,2.7626984704142727,4.4941605317656255e-11,7.110009432215865e-11,0.25024511849102177,0.0
NGC4409,SB(r)bc:;HII LINER,Courteau97/Mathewson96,57.71156634580041,0.20618406326812594,3.583183952149813e-11,3.499669207043008e-11,0.45924639544654206,0.0
NGC4409,SB(r)bc:;HII LINER,Courteau97/Mathewson96,57.71156634580041,0.6238181491593999,5.167598425451432e-11,9.242154134579658e-11,0.5360521882942553,0.0
NGC4409,SB(r)bc:;HII LINER,Courteau97/Mathewson96,57.71156634580041,1.0335076624730322,7.169067736923529e-11,1.1826983127387134e-10,0.5020517333721917,0.0
NGC4409,SB(r)bc:;HII LINER,Courteau97/Mathewson96,57.71156634580041,1.427077245983842,8.490024573976347e-11,1.215113120116086e-10,0.5233625944374756,0.0
NGC4409,SB(r)bc:;HII LINER,Courteau97/Mathewson96,57.71156634580041,1.851068160583992,8.284810137512073e-11,1.187661580111548e-10,0.5036405338721459,0.0
NGC4409,SB(r)bc:;HII LINER,Courteau97/Mathewson96,57.71156634580041,2.2663721329357864,6.994165306875939e-11,1.2088933302461724e-10,0.5067036849786662,0.0
NGC4409,SB(r)bc:;HII LINER,Courteau97/Mathewson96,57.71156634580041,2.6816761052875813,5.609979414171609e-11,1.3147153225963397e-10,0.4545787826431482,0.0
NGC4409,SB(r)bc:;HII LINER,Courteau97/Mathewson96,57.71156634580041,3.1056670198877314,6.672650441542878e-11,1.516971516958911e-10,0.405568514196588,0.0
NGC4409,SB(r)bc:;HII LINER,Courteau97/Mathewson96,57.71156634580041,3.499236603398541,6.908649889231115e-11,1.511981592476981e-10,0.37588209321308824,0.0
NGC4409,SB(r)bc:;HII LINER,Courteau97/Mathewson96,57.71156634580041,3.918163763836938,6.518683870752941e-11,1.5225319909752582e-10,0.30325396323578585,0.0
NGC4409,SB(r)bc:;HII LINER,Courteau97/Mathewson96,57.71156634580041,4.33735852902564,7.360313076183521e-11,1.5137508313389894e-10,0.23344065680730694,0.0
NGC4409,SB(r)bc:;HII LINER,Courteau97/Mathewson96,57.71156634580041,4.738928329139699,7.437170958052101e-11,1.4004736010210048e-10,0.2202163094299735,0.0
NGC4409,SB(r)bc:;HII LINER,Courteau97/Mathewson96,57.71156634580041,5.131561880428898,6.405154168377398e-11,1.2924219600549934e-10,0.20301752546698043,0.0
NGC4409,SB(r)bc:;HII LINER,Courteau97/Mathewson96,57.71156634580041,5.573644345865755,6.049573707548115e-11,1.1683978692396015e-10,0.17388639741960332,0.0
NGC4409,SB(r)bc:;HII LINER,Courteau97/Mathewson96,57.71156634580041,5.9548399501015306,6.829351115352081e-11,1.0968191454640256e-10,0.12675487182093298,0.0
NGC4409,SB(r)bc:;HII LINER,Courteau97/Mathewson96,57.71156634580041,6.309106426441714,7.442117288117447e-11,8.605057046272182e-11,0.18702497027701748,0.0
NGC4409,SB(r)bc:;HII LINER,Courteau97/Mathewson96,57.71156634580041,6.776080671951131,5.311749718004507e-11,8.196813301439116e-11,0.15016357049262938,0.0
NGC4409,SB(r)bc:;HII LINER,Courteau97/Mathewson96,57.71156634580041,7.7892234164788015,6.283530018655349e-11,6.330726532784044e-11,0.0770686754397583,0.0
NGC4409,SB(r)bc:;HII LINER,Courteau97/Mathewson96,57.71156634580041,7.951904294960366,8.310026161111859e-11,6.597314491784333e-11,0.08569922324232311,0.0
NGC4409,SB(r)bc:;HII LINER,Courteau97/Mathewson96,57.71156634580041,8.249222558359392,5.152862765488289e-11,5.641537651753373e-11,0.119927552512067,0.0
NGC4419,SB(s)a;LINER HII,SHIVir,68.54572599794714,0.17307832157661263,1.6904266276583332e-10,4.440111816425635e-10,0.0,0.0
NGC4419,SB(s)a;LINER HII,SHIVir,68.54572599794714,0.4500036360991928,5.970789228935321e-10,8.128309154622828e-10,0.18936236220336045,0.0
NGC4419,SB(s)a;LINER HII,SHIVir,68.54572599794714,0.7120936659152061,4.098139102014543e-10,8.583277733056922e-10,0.2196050814798622,0.0
NGC4419,SB(s)a;LINER HII,SHIVir,68.54572599794714,1.0384699294596755,4.339327629418673e-10,8.147742335827204e-10,0.20736839048839628,0.0
NGC4419,SB(s)a;LINER HII,SHIVir,68.54572599794714,1.3500109082975782,5.395021549834131e-10,7.144830787174121e-10,0.2138563347190739,0.0
NGC4419,SB(s)a;LINER HII,SHIVir,68.54572599794714,1.6269362228201585,5.406381120349912e-10,6.048557886581243e-10,0.22199104525276378,0.0
NGC4419,SB(s)a;LINER HII,SHIVir,68.54572599794714,1.9384772016580611,4.335536661652302e-10,5.082176091087514e-10,0.22908171792189672,0.0
NGC4419,SB(s)a;LINER HII,SHIVir,68.54572599794714,2.250018180495964,4.0014581984038144e-10,4.308042340201086e-10,0.22700838095412926,0.0
NGC4419,SB(s)a;LINER HII,SHIVir,68.54572599794714,2.5269434950185437,4.190171102171219e-10,3.892164652978605e-10,0.19366910804041196,0.0
NGC4419,SB(s)a;LINER HII,SHIVir,68.54572599794714,2.8384844738564468,3.8979290384908734e-10,3.5874491993523464e-10,0.20934140311358776,0.0
NGC4419,SB(s)a;LINER HII,SHIVir,68.54572599794714,3.1351901679877825,3.7801058461075133e-10,3.3124442062857277e-10,0.1939723749754697,0.0
NGC4419,SB(s)a;LINER HII,SHIVir,68.54572599794714,3.4269507672169297,3.483886818511932e-10,3.050234747242064e-10,0.16992635008101833,0.0
NGC4419,SB(s)a;LINER HII,SHIVir,68.54572599794714,3.7384917460548324,2.767510385234923e-10,2.739655357823494e-10,0.14804760948245543,0.0
NGC4419,SB(s)a;LINER HII,SHIVir,68.54572599794714,4.050032724892735,1.8162353632908625e-10,2.3835022430134297e-10,0.13724298504393928,0.0
NGC4419,SB(s)a;LINER HII,SHIVir,68.54572599794714,4.292342375099993,1.8023141959780576e-10,2.229452131046415e-10,0.16788160602765945,0.0
NGC4475,SAbc,Courteau97,52.85691502393363,0.472425801759872,7.483139323155053e-10,4.9051708065821636e-11,0.6274719544116496,0.0
NGC4475,SAbc,Courteau97,52.85691502393363,3.958832779191816,3.6313291885665425e-10,1.1640735447044209e-10,0.4103730672353277,0.0
NGC4475,SAbc,Courteau97,52.85691502393363,5.061159649964851,2.8364295864435093e-10,8.005995332155997e-11,0.4703350928025634,0.0
NGC4475,SAbc,Courteau97,52.85691502393363,6.208915749351562,2.422225882141763e-10,7.369664610584964e-11,0.3848171963255518,0.0
NGC4475,SAbc,Courteau97,52.85691502393363,7.146195814769027,1.875963846087849e-10,7.380259330521972e-11,0.4247551895862566,0.0
NGC4475,SAbc,Courteau97,52.85691502393363,8.60864794317989,1.3631846950083027e-10,7.20604660735841e-11,0.3603892085555571,0.0
NGC4475,SAbc,Courteau97,52.85691502393363,9.62794240031028,1.4477447064931232e-10,5.049669400128233e-11,0.44928005084499917,0.0
NGC4475,SAbc,Courteau97,52.85691502393363,10.257843469323442,1.2371098414840267e-10,7.394439495215748e-11,0.2677369963269623,0.0
NGC4475,SAbc,Courteau97,52.85691502393363,17.772754101762295,6.531387956300455e-11,3.2437639508878896e-11,0.19249936704186035,0.0
NGC4475,SAbc,Courteau97,52.85691502393363,20.021310039027465,6.944431235324359e-11,3.599951686080516e-11,0.15298602889573232,0.0
NGC4475,SAbc,Courteau97,52.85691502393363,20.831910000565614,6.540313351655093e-11,2.1175037632671246e-11,0.33421062201237406,0.0
NGC4475,SAbc,Courteau97,52.85691502393363,21.867111050347855,6.125800007990221e-11,3.436231129243089e-11,0.10201875059400758,0.0
NGC4475,SAbc,Courteau97,52.85691502393363,22.497012119361013,7.901737677007067e-11,2.4783104541566546e-11,0.16299888108927207,0.0
NGC4480,SAB(s)c;Sy LINER,Courteau97/Mathewson96,61.56519905354812,0.3050184878190677,5.662641541978403e-10,5.5614242052227985e-11,0.4604175978323935,0.0
NGC4480,SAB(s)c;Sy LINER,Courteau97/Mathewson96,61.56519905354812,0.7652972036854621,3.5773373184259634e-10,1.025151126452546e-10,0.48884076034328394,0.0
NGC4480,SAB(s)c;Sy LINER,Courteau97/Mathewson96,61.56519905354812,1.228155319613119,2.8234393616619457e-10,1.0830193353564356e-10,0.5026433948491699,0.0
NGC4480,SAB(s)c;Sy LINER,Courteau97/Mathewson96,61.56519905354812,1.6910134355407762,2.843324918918967e-10,1.0867712093282942e-10,0.4880744979816681,0.0
NGC4480,SAB(s)c;Sy LINER,Courteau97/Mathewson96,61.56519905354812,2.1689032832433126,2.937036372741756e-10,1.0919618027182741e-10,0.4859440172404852,0.0
NGC4480,SAB(s)c;Sy LINER,Courteau97/Mathewson96,61.56519905354812,2.6317613991709696,2.3600230101389365e-10,1.075561694050461e-10,0.47322890594944766,0.0
NGC4480,SAB(s)c;Sy LINER,Courteau97/Mathewson96,61.56519905354812,3.1396824880614744,2.100762006722979e-10,1.0633027928639753e-10,0.4448087870529919,0.0
NGC4480,SAB(s)c;Sy LINER,Courteau97/Mathewson96,61.56519905354812,3.6583980681515174,1.9834264383600006e-10,9.182623258547425e-11,0.45310228179444334,0.0
NGC4480,SAB(s)c;Sy LINER,Courteau97/Mathewson96,61.56519905354812,4.147324074767014,1.8467358783863014e-10,1.0173422430875562e-10,0.38790605069439815,0.0
NGC4480,SAB(s)c;Sy LINER,Courteau97/Mathewson96,61.56519905354812,4.62521392246955,1.7757355992298183e-10,9.90575367131721e-11,0.3869545124710406,0.0
NGC4480,SAB(s)c;Sy LINER,Courteau97/Mathewson96,61.56519905354812,5.088072038397208,1.5779884527660864e-10,9.354595361079916e-11,0.381569103199957,0.0
NGC4480,SAB(s)c;Sy LINER,Courteau97/Mathewson96,61.56519905354812,5.550930154324865,1.5008639088210788e-10,9.275486727666144e-11,0.3472058016762884,0.0
NGC4480,SAB(s)c;Sy LINER,Courteau97/Mathewson96,61.56519905354812,6.028820002027401,1.4314786899894774e-10,8.364589334749305e-11,0.3195906744328896,0.0
NGC4480,SAB(s)c;Sy LINER,Courteau97/Mathewson96,61.56519905354812,6.559418197688187,1.1891547960560816e-10,6.637224968779848e-11,0.35986167945519376,0.0
NGC4480,SAB(s)c;Sy LINER,Courteau97/Mathewson96,61.56519905354812,7.059345507296439,8.503440321533373e-11,5.702396118093828e-11,0.45277225414774935,0.0
NGC4480,SAB(s)c;Sy LINER,Courteau97/Mathewson96,61.56519905354812,7.550869039051706,9.25942858187518e-11,7.245069529911575e-11,0.3168938352035117,0.0
NGC4480,SAB(s)c;Sy LINER,Courteau97/Mathewson96,61.56519905354812,7.995344297578359,1.0664437182998384e-10,6.32269410410537e-11,0.27021019577266314,0.0
NGC4480,SAB(s)c;Sy LINER,Courteau97/Mathewson96,61.56519905354812,8.475216894609686,9.712462392206669e-11,4.8011022154375845e-11,0.41678250087790214,0.0
NGC4480,SAB(s)c;Sy LINER,Courteau97/Mathewson96,61.56519905354812,8.954112796052543,1.1059657063472948e-10,6.260440487535254e-11,0.27323166082102307,0.0
NGC4480,SAB(s)c;Sy LINER,Courteau97/Mathewson96,61.56519905354812,9.377364616973312,9.992915086889445e-11,3.5553637685068814e-11,0.48390944926890705,0.0
NGC4480,SAB(s)c;Sy LINER,Courteau97/Mathewson96,61.56519905354812,9.702604247933483,9.433609748043731e-11,4.9488683375663924e-11,0.2901853414961076,0.0
NGC4498,SAB(s)d HII,SHIVir,60.142182508916754,0.18471383899352772,7.951441570334023e-12,2.2834775687730295e-11,0.2744906358919067,0.0
NGC4498,SAB(s)d HII,SHIVir,60.142182508916754,0.5544324049160061,2.192760482628045e-11,6.03817914652187e-11,0.42677869974685106,0.0
NGC4498,SAB(s)d HII,SHIVir,60.142182508916754,0.907134026616246,1.536406005933965e-11,7.469788069285165e-11,0.4010342175709365,0.0
NGC4498,SAB(s)d HII,SHIVir,60.142182508916754,1.2598356483164859,2.0677455862148753e-11,7.617675102185736e-11,0.3739964179407471,0.0
NGC4498,SAB(s)d HII,SHIVir,60.142182508916754,1.6295542142389643,4.226973509494844e-11,7.284089142510543e-11,0.3893395812102021,0.0
NGC4498,SAB(s)d HII,SHIVir,60.142182508916754,1.9989818922260199,5.8163591082545175e-11,7.340581533262504e-11,0.34549595846208375,0.0
NGC4498,SAB(s)d HII,SHIVir,60.142182508916754,2.351828957893971,6.643391638894732e-11,7.777870479311675e-11,0.30920852948897054,0.0
NGC4498,SAB(s)d HII,SHIVir,60.142182508916754,2.7046760235619227,6.782476174377561e-11,7.698004960981304e-11,0.2145562083982296,0.0
NGC4498,SAB(s)d HII,SHIVir,60.142182508916754,3.074103701548978,7.37693318749486e-11,7.045347585713381e-11,0.2438413840753385,0.0
NGC4498,SAB(s)d HII,SHIVir,60.142182508916754,3.4304705112355465,7.213495924212246e-11,6.157957077048036e-11,0.2462169987007242,0.0
NGC4498,SAB(s)d HII,SHIVir,60.142182508916754,3.8513199040069814,6.510890965198489e-11,5.249241078184172e-11,0.2391615039044779,0.0
NGC4498,SAB(s)d HII,SHIVir,60.142182508916754,4.136899134608392,6.642873320053439e-11,5.083477232991145e-11,0.21893894935857705,0.0
NGC4498,SAB(s)d HII,SHIVir,60.142182508916754,4.541536373112258,6.059832826233089e-11,4.627773434264732e-11,0.1967305676402653,0.0
NGC4498,SAB(s)d HII,SHIVir,60.142182508916754,4.8548469202239835,6.381158450219035e-11,4.355889710801627e-11,0.15019800380218892,0.0
NGC4498,SAB(s)d HII,SHIVir,60.142182508916754,5.158024870918479,6.48639525054778e-11,3.637629686614306e-11,0.19348339907780115,0.0
NGC4498,SAB(s)d HII,SHIVir,60.142182508916754,6.8379026979856015,4.2033610736631476e-11,2.3111637169475268e-11,0.1515046089007657,0.0
NGC4498,SAB(s)d HII,SHIVir,60.142182508916754,7.039488037233656,3.783676458893907e-11,2.344324842314185e-11,0.0855632060343248,0.0
NGC4498,SAB(s)d HII,SHIVir,60.142182508916754,7.24107337648171,5.788242253570259e-11,2.3057773990678686e-11,0.09769513333097256,0.0
NGC4502,Scd: HII,SHIVir,61.10164957969226,0.19303323394662208,6.84667905779897e-11,8.473242728056703e-12,0.40179774183003397,0.0
NGC4502,Scd: HII,SHIVir,61.10164957969226,0.5147552905243256,9.51189713401414e-11,1.9820909990099227e-11,0.49731403989884804,0.0
NGC4502,Scd: HII,SHIVir,61.10164957969226,0.8364773471020289,8.028424195739345e-11,2.632743137734932e-11,0.4740558116362367,0.0
NGC4502,Scd: HII,SHIVir,61.10164957969226,1.1943548347998934,9.597473982252061e-11,3.1445112752053124e-11,0.44228000105708926,0.0
NGC4502,Scd: HII,SHIVir,61.10164957969226,1.5081104404528156,8.534373239572884e-11,3.5450090680466526e-11,0.39627267635485014,0.0
NGC4502,Scd: HII,SHIVir,61.10164957969226,1.8659879281506797,9.062481287614274e-11,3.7346059203269236e-11,0.35523887628876816,0.0
NGC4502,Scd: HII,SHIVir,61.10164957969226,2.187709984728383,8.484208202341144e-11,3.65427370294567e-11,0.2940836253799445,0.0
NGC4502,Scd: HII,SHIVir,61.10164957969226,2.509432041306087,7.73453308343614e-11,3.546955760742576e-11,0.3040471077755449,0.0
NGC4502,Scd: HII,SHIVir,61.10164957969226,2.8673095290039514,6.357620817603446e-11,3.255304455952337e-11,0.27183845007092106,0.0
NGC4502,Scd: HII,SHIVir,61.10164957969226,3.1810651346568735,6.77597896552684e-11,3.0259053571350034e-11,0.246159368799263,0.0
NGC4502,Scd: HII,SHIVir,61.10164957969226,3.5389426223547376,7.272876324004073e-11,2.8167810808218312e-11,0.19928566069158343,0.0
NGC4502,Scd: HII,SHIVir,61.10164957969226,3.8968201100526016,6.743790425610221e-11,2.6089810614062275e-11,0.19724900882875127,0.0
NGC4502,Scd: HII,SHIVir,61.10164957969226,4.1823867355101445,6.408694895972068e-11,2.3535246821650273e-11,0.2215117432902764,0.0
NGC4502,Scd: HII,SHIVir,61.10164957969226,4.556197125057571,2.634664802883684e-11,2.19455010655038e-11,0.20063397297261645,0.0
NGC4502,Scd: HII,SHIVir,61.10164957969226,4.813574770319734,3.2118617176838605e-11,2.176948213802781e-11,0.15270488457860262,0.0
NGC4502,Scd: HII,SHIVir,61.10164957969226,6.615218287154874,3.971234969510365e-11,1.2355213574373278e-11,0.1227651984398915,0.0
NGC4502,Scd: HII,SHIVir,61.10164957969226,6.7439071097859555,4.057041857959546e-11,1.1680301888594349e-11,0.12823395647848185,0.0
NGC4519,SB(rs)d HII,SHIVir,44.525643277001606,0.31072472966153425,3.158439877820109e-11,7.323847064685447e-11,0.31793832138298855,0.0
NGC4519,SB(rs)d HII,SHIVir,44.525643277001606,0.9346246994708924,1.2472614230628588e-10,1.3281267980949265e-10,0.3366859201342602,0.0
NGC4519,SB(rs)d HII,SHIVir,44.525643277001606,1.5560741587939608,1.2323628969977534e-10,1.1538107953085431e-10,0.33925343030458444,0.0
NGC4519,SB(rs)d HII,SHIVir,44.525643277001606,2.1510581048651005,9.756782200079775e-11,9.530005698185624e-11,0.3608773895260708,0.0
NGC4519,SB(rs)d HII,SHIVir,44.525643277001606,2.689571398174409,9.048304262170512e-11,8.139160539232847e-11,0.3812645613056744,0.0
NGC4519,SB(rs)d HII,SHIVir,44.525643277001606,4.054124548517683,4.2703948586589e-11,5.911139166834217e-11,0.37434289414915906,0.0
NGC4519,SB(rs)d HII,SHIVir,44.525643277001606,4.450372094150728,6.075228540734567e-11,5.3656337972140865e-11,0.37835461487485567,0.0
NGC4519,SB(rs)d HII,SHIVir,44.525643277001606,5.271170581533464,4.151759560670006e-11,4.725982409657731e-11,0.38346131485271023,0.0
NGC4519,SB(rs)d HII,SHIVir,44.525643277001606,5.990615955203258,3.727392898918477e-11,3.777303445760341e-11,0.39435967377733866,0.0
NGC4519,SB(rs)d HII,SHIVir,44.525643277001606,6.474738806874652,3.047507355413115e-11,3.526982328133865e-11,0.4198529431692038,0.0
NGC4519,SB(rs)d HII,SHIVir,44.525643277001606,6.870986352507696,1.6235996739915387e-11,4.4816075529868335e-11,0.2883181663050343,0.0
NGC4519,SB(rs)d HII,SHIVir,44.525643277001606,7.790172835914963,3.7754986056034987e-11,3.321378861076658e-11,0.35483778256698645,0.0
NGC4519,SB(rs)d HII,SHIVir,44.525643277001606,12.092289045645163,1.5453249091344386e-11,2.095919924211985e-11,0.17469952279425607,0.0
NGC4522,SB(s)cd: sp HII,SHIVir,78.98022109815474,0.14905097811068285,5.5327945826806547e-11,1.1452305752140666e-11,0.22068449496415257,0.0
NGC4522,SB(s)cd: sp HII,SHIVir,78.98022109815474,0.44715293433204856,8.878018222646417e-11,3.2973864790692065e-11,0.44395300972424345,0.0
NGC4522,SB(s)cd: sp HII,SHIVir,78.98022109815474,0.7452548905534142,1.1866015552431443e-10,4.4740012706476646e-11,0.4193180146190275,0.0
NGC4522,SB(s)cd: sp HII,SHIVir,78.98022109815474,1.04335684677478,1.03141752014785e-10,4.540413295724901e-11,0.40401510766790993,0.0
NGC4522,SB(s)cd: sp HII,SHIVir,78.98022109815474,1.3414588029961456,1.0007499456177508e-10,4.743133844077154e-11,0.404745464959792,0.0
NGC4522,SB(s)cd: sp HII,SHIVir,78.98022109815474,1.6395607592175114,1.1281578739772123e-10,4.5309250820704735e-11,0.4042224719598567,0.0
NGC4522,SB(s)cd: sp HII,SHIVir,78.98022109815474,1.937662715438877,9.996533614638786e-11,4.3864029164151295e-11,0.40586823012617235,0.0
NGC4522,SB(s)cd: sp HII,SHIVir,78.98022109815474,2.2357646716602426,9.048925590545702e-11,4.725366033512556e-11,0.3125890334589694,0.0
NGC4522,SB(s)cd: sp HII,SHIVir,78.98022109815474,2.5338666278816087,6.413146766822477e-11,4.9590290682268656e-11,0.2953065939801833,0.0
NGC4522,SB(s)cd: sp HII,SHIVir,78.98022109815474,2.850501377677583,4.459972257595408e-11,4.4323200440666165e-11,0.3063796582736475,0.0
NGC4522,SB(s)cd: sp HII,SHIVir,78.98022109815474,3.1673332848520106,6.472179580812176e-11,3.748061960704957e-11,0.33308222442506374,0.0
NGC4522,SB(s)cd: sp HII,SHIVir,78.98022109815474,3.4654352410733766,6.95595290740017e-11,3.476018110128768e-11,0.33513328005983184,0.0
NGC4522,SB(s)cd: sp HII,SHIVir,78.98022109815474,3.7635371972947422,6.269241905497723e-11,3.405159154616631e-11,0.31262756406466763,0.0
NGC4522,SB(s)cd: sp HII,SHIVir,78.98022109815474,3.9693695003999707,5.5449085432812764e-11,3.163369173085654e-11,0.2638484355011082,0.0
NGC4522,SB(s)cd: sp HII,SHIVir,78.98022109815474,4.677361646425714,4.587155171245266e-11,2.7304731839317804e-11,0.2981867922469726,0.0
NGC4535,SAB(s)c;LINER HII,SHIVir,49.87929651918603,0.3700723668299811,5.511642944661373e-10,4.742718369835066e-10,0.09117748916574676,0.0
NGC4535,SAB(s)c;LINER HII,SHIVir,49.87929651918603,0.8234310231983129,6.073801118399798e-10,3.9818777646573883e-10,0.2160312397251801,0.0
NGC4535,SAB(s)c;LINER HII,SHIVir,49.87929651918603,1.9811504617845976,1.1533095646765285e-10,1.4456880078434869e-10,0.458895789854704,0.0
NGC4535,SAB(s)c;LINER HII,SHIVir,49.87929651918603,3.68454657843066,8.512949428757234e-11,1.4010940350208816e-10,0.3189515669839461,0.0
NGC4535,SAB(s)c;LINER HII,SHIVir,49.87929651918603,4.257261290087993,1.0803408599002592e-10,1.1247282628833054e-10,0.43160110697033155,0.0
NGC4535,SAB(s)c;LINER HII,SHIVir,49.87929651918603,4.689323604747938,1.2853198155896437e-10,9.031476575776832e-11,0.49224873317830414,0.0
NGC4535,SAB(s)c;LINER HII,SHIVir,49.87929651918603,5.301912588175406,1.0360344719442678e-10,6.961442920345094e-11,0.5419800306998782,0.0
NGC4535,SAB(s)c;LINER HII,SHIVir,49.87929651918603,7.247962766344266,9.733739128480849e-11,1.0039700380850784e-10,0.29525268957480216,0.0
NGC4535,SAB(s)c;LINER HII,SHIVir,49.87929651918603,7.6995189960210695,9.511596746205737e-11,5.8135102357930094e-11,0.5316693928648037,0.0
NGC4535,SAB(s)c;LINER HII,SHIVir,49.87929651918603,8.617758708457567,1.0531950674650108e-10,6.176594789546466e-11,0.4118423343287308,0.0
NGC4535,SAB(s)c;LINER HII,SHIVir,49.87929651918603,14.644782197658351,5.061465680567063e-11,4.4180929652538935e-11,0.17679270170592717,0.0
NGC4540,SAB(rs)cd;LINERSy1,SHIVir,39.09331825810646,0.14966184277507089,4.251327693292876e-12,3.899800283394842e-11,0.05736386835206192,0.0
NGC4540,SAB(rs)cd;LINERSy1,SHIVir,39.09331825810646,0.4489855283252127,3.104022981687845e-11,9.510651512656674e-11,0.3920841901664989,0.0
NGC4540,SAB(rs)cd;LINERSy1,SHIVir,39.09331825810646,0.7372627445276707,1.1644184140270586e-10,1.2375125453569873e-10,0.3721378818138534,0.0
NGC4540,SAB(rs)cd;LINERSy1,SHIVir,39.09331825810646,1.0216202458003054,1.9472940204488645e-10,1.3925058209854326e-10,0.3097046935353894,0.0
NGC4540,SAB(rs)cd;LINERSy1,SHIVir,39.09331825810646,1.3274767895668191,9.032752280733557e-11,1.5578162085142614e-10,0.2622886222854151,0.0
NGC4540,SAB(rs)cd;LINERSy1,SHIVir,39.09331825810646,1.6320267616900588,8.760386034075163e-11,1.59517700070269e-10,0.197583632802569,0.0
NGC4540,SAB(rs)cd;LINERSy1,SHIVir,39.09331825810646,1.9361016168521077,1.2198512431535347e-10,1.484345691269019e-10,0.18368588927133186,0.0
NGC4540,SAB(rs)cd;LINERSy1,SHIVir,39.09331825810646,2.2306741327903423,1.1770661399825291e-10,1.325750477032471e-10,0.17017222253441763,0.0
NGC4540,SAB(rs)cd;LINERSy1,SHIVir,39.09331825810646,2.529997818340484,1.1304609740380865e-10,1.1235664996631875e-10,0.1739088208369628,0.0
NGC4540,SAB(rs)cd;LINERSy1,SHIVir,39.09331825810646,2.8293215038906263,9.691469623825767e-11,9.350929906195389e-11,0.17836844511911001,0.0
NGC4540,SAB(rs)cd;LINERSy1,SHIVir,39.09331825810646,3.1286451894407676,1.3018263700524159e-10,8.121229743720269e-11,0.1723747554991259,0.0
NGC4540,SAB(rs)cd;LINERSy1,SHIVir,39.09331825810646,3.42796887499091,1.2238562250431813e-10,7.334727872151081e-11,0.16290694777000067,0.0
NGC4540,SAB(rs)cd;LINERSy1,SHIVir,39.09331825810646,3.7073376481710416,1.0129990558384103e-10,6.780527407298438e-11,0.15019083840984895,0.0
NGC4540,SAB(rs)cd;LINERSy1,SHIVir,39.09331825810646,4.026616246091193,1.0982548223881292e-10,6.104965671513638e-11,0.13097794376103342,0.0
NGC4540,SAB(rs)cd;LINERSy1,SHIVir,39.09331825810646,4.325939931641335,1.237369857576623e-10,5.451067667819822e-11,0.10553927052979972,0.0
NGC4540,SAB(rs)cd;LINERSy1,SHIVir,39.09331825810646,4.625263617191477,1.0960308103291657e-10,4.618062460875356e-11,0.12093980611438168,0.0
NGC4576,SAB(rs)bc:,Mathewson96,55.79385172611987,0.034994350956294086,8.264230007249131e-11,1.0107018170484458e-12,0.0,0.0
NGC4576,SAB(rs)bc:,Mathewson96,55.79385172611987,0.7348813700821758,1.0391777315662971e-11,4.147748938437872e-11,0.6733499871517178,0.0
NGC4576,SAB(rs)bc:,Mathewson96,55.79385172611987,1.3997740382517634,2.0169873200738344e-10,6.716113949975438e-11,0.6132890022977613,0.0
NGC4576,SAB(rs)bc:,Mathewson96,55.79385172611987,2.099661057377645,1.462124358507132e-10,8.289738859621178e-11,0.5471243869638711,0.0
NGC4576,SAB(rs)bc:,Mathewson96,55.79385172611987,2.7645537255472328,1.425543745227201e-10,9.043327002214539e-11,0.5127638071256791,0.0
NGC4576,SAB(rs)bc:,Mathewson96,55.79385172611987,2.8345424274598208,1.7144716433879256e-10,9.155453867839514e-11,0.4761486507414223,0.0
NGC4576,SAB(rs)bc:,Mathewson96,55.79385172611987,3.4994350956294085,1.7771383698341313e-10,8.856076537592125e-11,0.47811784979198585,0.0
NGC4576,SAB(rs)bc:,Mathewson96,55.79385172611987,4.19932211475529,1.5239280768707527e-10,8.4541561883884e-11,0.44432715545214707,0.0
NGC4576,SAB(rs)bc:,Mathewson96,55.79385172611987,4.899209133881172,9.111535015338751e-11,7.273367027992773e-11,0.5180077248131956,0.0
NGC4576,SAB(rs)bc:,Mathewson96,55.79385172611987,5.564101802050759,8.97913932058702e-11,7.987520169327037e-11,0.35824591323102273,0.0
NGC4576,SAB(rs)bc:,Mathewson96,55.79385172611987,5.634090503963348,1.119048086131972e-10,9.548200079432269e-11,0.33569151148989046,0.0
NGC4576,SAB(rs)bc:,Mathewson96,55.79385172611987,6.298983172132935,1.0410118077495441e-10,1.0061882625788532e-10,0.30338012644657647,0.0
NGC4576,SAB(rs)bc:,Mathewson96,55.79385172611987,6.998870191258817,9.75323761963475e-11,8.61119656140279e-11,0.3161862065058886,0.0
NGC4576,SAB(rs)bc:,Mathewson96,55.79385172611987,7.698757210384699,1.0600890823132684e-10,7.753256169022176e-11,0.3066135176852025,0.0
NGC4576,SAB(rs)bc:,Mathewson96,55.79385172611987,8.363649878554286,9.945009019365018e-11,7.800763829498017e-11,0.25881390849818836,0.0
NGC4576,SAB(rs)bc:,Mathewson96,55.79385172611987,8.433638580466875,1.2630192744619322e-10,7.269234837510145e-11,0.28606898453367763,0.0
NGC4576,SAB(rs)bc:,Mathewson96,55.79385172611987,9.098531248636462,1.0734573472907274e-10,7.715734504988552e-11,0.20364901876382824,0.0
NGC4576,SAB(rs)bc:,Mathewson96,55.79385172611987,9.798418267762344,1.1778592570524184e-10,4.194092354508125e-11,0.39842951266772364,0.0
NGC4576,SAB(rs)bc:,Mathewson96,55.79385172611987,10.463310935931931,1.0048008454181663e-10,4.9763174070156905e-11,0.30162874363119313,0.0
NGC4576,SAB(rs)bc:,Mathewson96,55.79385172611987,11.163197955057813,1.1714827877919298e-10,6.15071843141645e-11,0.1530996273141374,0.0
NGC4588,Sc(s)I-II,Courteau97/Mathewson96,71.8428862194072,0.26094288900201196,1.9020190246009452e-11,4.354361981255498e-12,0.7166225109591875,0.0
NGC4588,Sc(s)I-II,Courteau97/Mathewson96,71.8428862194072,0.8093102551849043,5.94600321561901e-11,1.2509512004474823e-11,0.695464892857952,0.0
NGC4588,Sc(s)I-II,Courteau97/Mathewson96,71.8428862194072,1.2825512437883304,5.993681183947936e-11,1.8192815947049168e-11,0.640194237188753,0.0
NGC4588,Sc(s)I-II,Courteau97/Mathewson96,71.8428862194072,1.752045111870652,8.496003617592705e-11,2.2332488900837773e-11,0.5952177740827054,0.0
NGC4588,Sc(s)I-II,Courteau97/Mathewson96,71.8428862194072,2.3484860010181077,8.56233868093086e-11,2.561544946510382e-11,0.5459697596989486,0.0
NGC4588,Sc(s)I-II,Courteau97/Mathewson96,71.8428862194072,2.9449268901655636,7.064919386919071e-11,2.405779377471761e-11,0.5459786305582994,0.0
NGC4588,Sc(s)I-II,Courteau97/Mathewson96,71.8428862194072,3.3549800014544395,8.026719898945905e-11,2.625400227002098e-11,0.5001204701224479,0.0
NGC4588,Sc(s)I-II,Courteau97/Mathewson96,71.8428862194072,3.8158661430683827,1.0398646918674908e-10,2.5363402800134827e-11,0.517852906715405,0.0
NGC4588,Sc(s)I-II,Courteau97/Mathewson96,71.8428862194072,4.395846812872484,8.616651111813481e-11,2.3746297432054406e-11,0.45710597373612283,0.0
NGC4588,Sc(s)I-II,Courteau97/Mathewson96,71.8428862194072,4.957914891038228,7.561182545575758e-11,2.8312292393072167e-11,0.41438302690188417,0.0
NGC4588,Sc(s)I-II,Courteau97/Mathewson96,71.8428862194072,5.470594242438934,7.053807688748236e-11,2.7747492869477402e-11,0.39831573223219807,0.0
NGC4588,Sc(s)I-II,Courteau97/Mathewson96,71.8428862194072,5.979523245824547,4.9094634967404317e-11,2.6999346351238263e-11,0.3726411774336576,0.0
NGC4588,Sc(s)I-II,Courteau97/Mathewson96,71.8428862194072,6.416568696216032,3.703079098243057e-11,1.8696642361947738e-11,0.46374763162735755,0.0
NGC4588,Sc(s)I-II,Courteau97/Mathewson96,71.8428862194072,6.998974020879289,5.3838855480037133e-11,1.5931687633172646e-11,0.5292043500307013,0.0
NGC4588,Sc(s)I-II,Courteau97/Mathewson96,71.8428862194072,7.563785468935592,8.078610970897686e-11,1.7221124053187755e-11,0.48549242789125063,0.0
NGC4588,Sc(s)I-II,Courteau97/Mathewson96,71.8428862194072,8.051952003490655,6.880166328761959e-11,2.4530659458125007e-11,0.31883912326669767,0.0
NGC4588,Sc(s)I-II,Courteau97/Mathewson96,71.8428862194072,8.532917192083,7.548893800565569e-11,1.5071428872653228e-11,0.45935022775244727,0.0
NGC4588,Sc(s)I-II,Courteau97/Mathewson96,71.8428862194072,9.153334327200445,8.072293359109344e-11,1.625282854153153e-11,0.41851831091285413,0.0
NGC4588,Sc(s)I-II,Courteau97/Mathewson96,71.8428862194072,9.600664994061038,8.954051778938432e-11,2.281680258788577e-11,0.23781047879402833,0.0
NGC4588,Sc(s)I-II,Courteau97/Mathewson96,71.8428862194072,10.15982832763678,1.049851835295235e-10,1.3711429627591595e-11,0.42786183496357716,0.0
NGC4595,SAB(rs)b? HII,SHIVir,48.24956133825338,0.14660751945313066,2.4782207224980717e-11,3.3313059549516574e-11,0.0,0.0
NGC4595,SAB(rs)b? HII,SHIVir,48.24956133825338,0.439822558359392,1.1281935454066092e-10,8.180021863227485e-11,0.2956146718052774,0.0
NGC4595,SAB(rs)b? HII,SHIVir,48.24956133825338,0.7330375972656533,1.356956780960988e-10,1.0603780701164149e-10,0.2572241051074752,0.0
NGC4595,SAB(rs)b? HII,SHIVir,48.24956133825338,1.0262526361719146,1.3522928048911705e-10,1.0879687914745826e-10,0.25238040429419406,0.0
NGC4595,SAB(rs)b? HII,SHIVir,48.24956133825338,1.359183574527913,1.083868900873089e-10,1.0174170963009397e-10,0.22690486390808268,0.0
NGC4595,SAB(rs)b? HII,SHIVir,48.24956133825338,1.6475892662351825,1.196641312331037e-10,9.219191002856686e-11,0.20970985433384046,0.0
NGC4595,SAB(rs)b? HII,SHIVir,48.24956133825338,1.97012580903207,9.900739895596034e-11,8.132981308560247e-11,0.18520749952192814,0.0
NGC4595,SAB(rs)b? HII,SHIVir,48.24956133825338,2.2633408479383315,8.515411450664475e-11,7.273507717130788e-11,0.16811644529252015,0.0
NGC4595,SAB(rs)b? HII,SHIVir,48.24956133825338,2.556555886844593,8.493002386138651e-11,6.414383466612117e-11,0.1336751932426793,0.0
NGC4595,SAB(rs)b? HII,SHIVir,48.24956133825338,2.849770925750854,8.825271024142602e-11,5.693326661564986e-11,0.09819668215860287,0.0
NGC4606,SB(s)a:;Sy LINER,SHIVir,67.87730749353655,0.1740964293505927,4.264373438402177e-11,6.408862660584621e-11,0.0,0.0
NGC4606,SB(s)a:;Sy LINER,SHIVir,67.87730749353655,0.45265071631154097,1.2255884187446767e-10,1.18286799546957e-10,0.22390266237600018,0.0
NGC4606,SB(s)a:;Sy LINER,SHIVir,67.87730749353655,0.7312050032724893,1.4173359050220803e-10,1.398675033739545e-10,0.21217566074251198,0.0
NGC4606,SB(s)a:;Sy LINER,SHIVir,67.87730749353655,1.044578576103556,1.8138913367882615e-10,1.2334842642431054e-10,0.25424028158351625,0.0
NGC4606,SB(s)a:;Sy LINER,SHIVir,67.87730749353655,1.3231328630645045,1.163809253273833e-10,1.0461005051495628e-10,0.2868429494328432,0.0
NGC4606,SB(s)a:;Sy LINER,SHIVir,67.87730749353655,1.7409642935059269,5.937281969290502e-11,8.548635343830975e-11,0.27462896193595243,0.0
NGC4606,SB(s)a:;Sy LINER,SHIVir,67.87730749353655,1.8106028652461639,1.3182273885187292e-10,8.300370281063073e-11,0.31090549193295614,0.0
NGC4632,SAc HII,Mathewson96,70.1707331978424,0.19565510354802482,5.5068786307244245e-11,2.5481728622765346e-11,0.4594938376838613,0.0
NGC4632,SAc HII,Mathewson96,70.1707331978424,0.7333362664533489,9.019548804423884e-11,7.92265063076289e-11,0.5176590390180594,0.0
NGC4632,SAc HII,Mathewson96,70.1707331978424,1.173338026325358,1.0832325430290519e-10,9.953218387302555e-11,0.48719036765480905,0.0
NGC4632,SAc HII,Mathewson96,70.1707331978424,1.6133397861973675,7.890691402008394e-11,1.0273443133268325e-10,0.4906159988576173,0.0
NGC4632,SAc HII,Mathewson96,70.1707331978424,2.200008799360047,7.74842617199764e-11,1.0301580219890914e-10,0.47407065463004605,0.0
NGC4632,SAc HII,Mathewson96,70.1707331978424,2.6400105592320564,7.357299541217062e-11,1.0746570644877395e-10,0.4333664353288992,0.0
NGC4632,SAc HII,Mathewson96,70.1707331978424,3.0800123191040654,5.256671047754058e-11,9.685617301354673e-11,0.41414507215048163,0.0
NGC4632,SAc HII,Mathewson96,70.1707331978424,3.6666813322667444,4.5476462499802075e-11,7.931071651598835e-11,0.478283742395142,0.0
NGC4632,SAc HII,Mathewson96,70.1707331978424,4.106683092138754,4.492528830335424e-11,7.740381769093235e-11,0.4269493805790644,0.0
NGC4632,SAc HII,Mathewson96,70.1707331978424,4.546684852010763,5.206116729853984e-11,7.859928394566263e-11,0.37119399761624067,0.0
NGC4632,SAc HII,Mathewson96,70.1707331978424,5.133353865173443,4.432404973439843e-11,8.540255159656932e-11,0.3760314483503057,0.0
NGC4632,SAc HII,Mathewson96,70.1707331978424,5.573355625045451,4.439097868657761e-11,8.185420577848389e-11,0.3383614328874857,0.0
NGC4632,SAc HII,Mathewson96,70.1707331978424,6.013357384917461,4.7246702029170196e-11,6.05929947490109e-11,0.41491329091386137,0.0
NGC4632,SAc HII,Mathewson96,70.1707331978424,6.60002639808014,4.329030803240394e-11,5.616374134198583e-11,0.421281326893653,0.0
NGC4632,SAc HII,Mathewson96,70.1707331978424,7.04002815795215,4.202721386691494e-11,6.427340717425025e-11,0.3775017723286558,0.0
NGC4632,SAc HII,Mathewson96,70.1707331978424,7.480029917824159,4.775094247631373e-11,8.061005881249113e-11,0.2364982759786367,0.0
NGC4632,SAc HII,Mathewson96,70.1707331978424,8.066698930986838,4.172597958737876e-11,5.928838848258966e-11,0.22147890939732426,0.0
NGC4632,SAc HII,Mathewson96,70.1707331978424,8.506700690858846,4.1259755091656506e-11,5.4508878832665156e-11,0.32385432473723325,0.0
NGC4632,SAc HII,Mathewson96,70.1707331978424,8.897912132127765,3.9182529713455486e-11,5.6366715037105686e-11,0.2112887657988347,0.0
NGC4632,SAc HII,Mathewson96,70.1707331978424,9.387000508084261,5.30350882007132e-11,4.67177845925923e-11,0.32219274650001267,0.0
NGC4632,SAc HII,Mathewson96,70.1707331978424,9.680335014665602,4.441355756294386e-11,3.869793023469068e-11,0.35685799009080554,0.0
NGC4633,SAB(s)dm: HII,SHIVir,70.54847924909878,0.21482074030979564,4.260968445926399e-12,5.28015368156542e-12,0.4675101642337207,0.0
NGC4633,SAB(s)dm: HII,SHIVir,70.54847924909878,0.5585339248054687,1.3802520810795106e-11,1.3329219780353935e-11,0.505287146736996,0.0
NGC4633,SAB(s)dm: HII,SHIVir,70.54847924909878,0.9452112573631009,3.346152027071316e-11,1.8823667664704666e-11,0.4762523044384989,0.0
NGC4633,SAB(s)dm: HII,SHIVir,70.54847924909878,1.331888589920733,4.9081146240968694e-11,2.0723489000565512e-11,0.4283220975876288,0.0
NGC4633,SAB(s)dm: HII,SHIVir,70.54847924909878,1.7185659224783651,5.923287615090021e-11,2.0093616511540458e-11,0.44468017665949383,0.0
NGC4633,SAB(s)dm: HII,SHIVir,70.54847924909878,2.1052432550359974,6.070382686187447e-11,1.9311319861875034e-11,0.4334814621674623,0.0
NGC4633,SAB(s)dm: HII,SHIVir,70.54847924909878,2.491920587593629,5.7569674778276144e-11,1.898747846104634e-11,0.4314356649149305,0.0
NGC4633,SAB(s)dm: HII,SHIVir,70.54847924909878,2.8785979201512615,4.126644943379037e-11,1.869089056381672e-11,0.39854576042908624,0.0
NGC4633,SAB(s)dm: HII,SHIVir,70.54847924909878,3.2652752527088937,4.325154613741311e-11,1.7632825116002394e-11,0.4125782413384834,0.0
NGC4633,SAB(s)dm: HII,SHIVir,70.54847924909878,3.651952585266526,4.212714329447192e-11,1.6373300218835833e-11,0.4151122587117579,0.0
NGC4633,SAB(s)dm: HII,SHIVir,70.54847924909878,4.038629917824158,4.5613139021943616e-11,1.597751626642239e-11,0.3949428450092243,0.0
NGC4633,SAB(s)dm: HII,SHIVir,70.54847924909878,4.42530725038179,4.265005457516009e-11,1.5882962839853102e-11,0.3671923613162836,0.0
NGC4633,SAB(s)dm: HII,SHIVir,70.54847924909878,4.811984582939422,4.2164963899589045e-11,1.62941121346296e-11,0.3209214410385712,0.0
NGC4633,SAB(s)dm: HII,SHIVir,70.54847924909878,5.192524180059631,4.7298081269810804e-11,1.68958292336869e-11,0.25522533509030465,0.0
NGC4633,SAB(s)dm: HII,SHIVir,70.54847924909878,5.617562359101156,4.5297371385283264e-11,1.5367727535248836e-11,0.22009555365007893,0.0
NGC4633,SAB(s)dm: HII,SHIVir,70.54847924909878,5.972016580612319,5.008928923559489e-11,1.264003543199534e-11,0.2893130759618146,0.0
NGC4633,SAB(s)dm: HII,SHIVir,70.54847924909878,6.330051147795312,2.9347420476018316e-11,1.3659623226777722e-11,0.21623541843695598,0.0
NGC4633,SAB(s)dm: HII,SHIVir,70.54847924909878,6.702407097665624,7.026082213548105e-11,1.1221201746131275e-11,0.2217980078931477,0.0
NGC4633,SAB(s)dm: HII,SHIVir,70.54847924909878,7.132048578285215,3.356600573326778e-11,1.0408150842273231e-11,0.24393782513121276,0.0
NGC4633,SAB(s)dm: HII,SHIVir,70.54847924909878,7.518725910842848,3.000772693627019e-11,1.093154313882921e-11,0.16728878382247106,0.0
NGC4633,SAB(s)dm: HII,SHIVir,70.54847924909878,7.7335466511526425,3.8674943970893374e-11,9.992642324553105e-12,0.1948004110474014,0.0
NGC4639,SAB(rs)bc Sy1.8,SHIVir,50.89949059035887,0.24366409715657042,3.121463302446511e-10,3.504690770974447e-10,0.08061548858140383,0.0
NGC4639,SAB(rs)bc Sy1.8,SHIVir,50.89949059035887,0.6304996000290889,3.861954443942669e-10,5.200580718098146e-10,0.21604814216254267,0.0
NGC4639,SAB(rs)bc Sy1.8,SHIVir,50.89949059035887,1.5144683692425678,4.510381980355397e-10,3.032109997221438e-10,0.32173881360077083,0.0
NGC4639,SAB(rs)bc Sy1.8,SHIVir,50.89949059035887,2.130792401700929,4.2148161660450574e-10,2.508518485983759e-10,0.3396718937168675,0.0
NGC4639,SAB(rs)bc Sy1.8,SHIVir,50.89949059035887,2.6801687150025453,3.4069585449877437e-10,2.4212837916654087e-10,0.28727248520185783,0.0
NGC4639,SAB(rs)bc Sy1.8,SHIVir,50.89949059035887,3.2450003636099196,2.3467418646206056e-10,2.373768111339807e-10,0.20984324164599633,0.0
NGC4639,SAB(rs)bc Sy1.8,SHIVir,50.89949059035887,3.861916761784914,2.127371078045528e-10,2.0295756392878084e-10,0.15910014948130463,0.0
NGC4639,SAB(rs)bc Sy1.8,SHIVir,50.89949059035887,4.444040433423024,1.8002963103189021e-10,1.5750375102462486e-10,0.10913773438335066,0.0
NGC4639,SAB(rs)bc Sy1.8,SHIVir,50.89949059035887,5.000593258289349,1.494405066849365e-10,1.2911402456878105e-10,0.12191764992448596,0.0
NGC4639,SAB(rs)bc Sy1.8,SHIVir,50.89949059035887,5.522325649043705,1.6378323009348748e-10,1.050962601306558e-10,0.13762130521414914,0.0
NGC4639,SAB(rs)bc Sy1.8,SHIVir,50.89949059035887,7.541996945676678,1.0419252655887831e-10,6.145841196312373e-11,0.15196254101113113,0.0
NGC4639,SAB(rs)bc Sy1.8,SHIVir,50.89949059035887,8.051017777219508,1.2384637904148634e-10,6.076146822096187e-11,0.0943412616758874,0.0
NGC4639,SAB(rs)bc Sy1.8,SHIVir,50.89949059035887,8.554068794996727,1.0017678355620976e-10,4.6393608514537983e-11,0.15995659718335045,0.0
NGC4639,SAB(rs)bc Sy1.8,SHIVir,50.89949059035887,9.253145225801761,6.591437186425056e-11,4.2416332340179154e-11,0.12432828192394936,0.0
NGC4639,SAB(rs)bc Sy1.8,SHIVir,50.89949059035887,9.518580466875138,6.551850949072632e-11,3.9887367324824265e-11,0.10200268840595222,0.0
NGC4639,SAB(rs)bc Sy1.8,SHIVir,50.89949059035887,11.808232128572469,1.2042228341827958e-10,2.8194555777173022e-11,0.05750348056989643,0.0
NGC4689,SA(rs)bc;Sy LINER,SHIVir,40.827113186475366,0.14416406079557853,3.0713216409915785e-10,7.243612558657281e-11,0.0,0.0
NGC4689,SA(rs)bc;Sy LINER,SHIVir,40.827113186475366,0.45175219579990145,2.7581435128916977e-10,1.6959344056697115e-10,0.30340157337832085,0.0
NGC4689,SA(rs)bc;Sy LINER,SHIVir,40.827113186475366,0.773642320962516,2.107962394425632e-10,1.8590265218830338e-10,0.3476506826227979,0.0
NGC4689,SA(rs)bc;Sy LINER,SHIVir,40.827113186475366,1.0812304559668389,1.4242678508938996e-10,1.7237902597110487e-10,0.3572247459623762,0.0
NGC4689,SA(rs)bc;Sy LINER,SHIVir,40.827113186475366,1.369558577557996,1.3775305575273542e-10,1.609074454307386e-10,0.37508965297774044,0.0
NGC4689,SA(rs)bc;Sy LINER,SHIVir,40.827113186475366,1.657886699149153,1.236548423119028e-10,1.4896626061450544e-10,0.3813094028717513,0.0
NGC4689,SA(rs)bc;Sy LINER,SHIVir,40.827113186475366,1.965474834153476,1.2293533604453635e-10,1.3685635771819912e-10,0.3611376359041773,0.0
NGC4689,SA(rs)bc;Sy LINER,SHIVir,40.827113186475366,2.2873649593160903,9.707899921749131e-11,1.269650060620586e-10,0.39216350174452513,0.0
NGC4689,SA(rs)bc;Sy LINER,SHIVir,40.827113186475366,2.594953094320413,1.073384466471742e-10,1.1560452199367178e-10,0.38132686712015845,0.0
NGC4689,SA(rs)bc;Sy LINER,SHIVir,40.827113186475366,2.88328121591157,1.3164662911108024e-10,1.0797908482771588e-10,0.3682849113134772,0.0
NGC4689,SA(rs)bc;Sy LINER,SHIVir,40.827113186475366,3.1908693509158934,1.1552020587759288e-10,1.0069303956492015e-10,0.3593926163828693,0.0
NGC4689,SA(rs)bc;Sy LINER,SHIVir,40.827113186475366,3.5127594760785077,1.0830171039741995e-10,9.372443096715325e-11,0.35645972621989447,0.0
NGC4689,SA(rs)bc;Sy LINER,SHIVir,40.827113186475366,3.820347611082831,1.25781499984402e-10,8.531895963308237e-11,0.39893347073631286,0.0
NGC4689,SA(rs)bc;Sy LINER,SHIVir,40.827113186475366,4.108675732673988,1.1464427372222195e-10,8.213933337546426e-11,0.43733462534941614,0.0
NGC4689,SA(rs)bc;Sy LINER,SHIVir,40.827113186475366,4.397003854265145,1.0311624578895177e-10,9.469479640619627e-11,0.3663724449605047,0.0
NGC4689,SA(rs)bc;Sy LINER,SHIVir,40.827113186475366,4.704591989269468,1.0164682524696175e-10,9.185792798296433e-11,0.307195941288489,0.0
NGC4689,SA(rs)bc;Sy LINER,SHIVir,40.827113186475366,5.026482114432081,9.62888229538703e-11,7.371680579653143e-11,0.4038344396065667,0.0
NGC4689,SA(rs)bc;Sy LINER,SHIVir,40.827113186475366,5.307754587545149,8.997818954711368e-11,9.4844445163524e-11,0.28992352318384074,0.0
NGC4689,SA(rs)bc;Sy LINER,SHIVir,40.827113186475366,5.622398371027562,8.2833266963798e-11,7.711739067719601e-11,0.27305561501337583,0.0
NGC4689,SA(rs)bc;Sy LINER,SHIVir,40.827113186475366,5.903861537342739,1.1787037452768878e-10,8.496886411860348e-11,0.2790869725928722,0.0
NGC4689,SA(rs)bc;Sy LINER,SHIVir,40.827113186475366,6.084066613337213,1.0405409284294175e-10,6.718106635435461e-11,0.3461611913561598,0.0
NGC4694,SB0 pec HII,SHIVir,57.80779917540529,0.14796244483654777,6.092319761700755e-11,1.2767074743666144e-10,0.0,0.0
NGC4694,SB0 pec HII,SHIVir,57.80779917540529,0.44518216856955856,2.2204246103643097e-11,3.053963809265805e-10,0.1795850045864158,0.0
NGC4694,SB0 pec HII,SHIVir,57.80779917540529,0.6698131045014908,1.081102834311463e-11,3.486522193973014e-10,0.21941028594987677,0.0
NGC4694,SB0 pec HII,SHIVir,57.80779917540529,1.0202967056941312,1.0919751013100905e-11,3.2075126866176273e-10,0.20113733391038552,0.0
NGC4694,SB0 pec HII,SHIVir,57.80779917540529,1.5339684386590067,5.5819974616786945e-12,2.4856540410201573e-10,0.18312781727985056,0.0
NGC4698,SA(s)ab;Sy2 LINER,SHIVir,44.15149196683359,0.2523873011255747,5.3651744415565286e-11,7.708377646484162e-10,0.05831220876185587,0.0
NGC4698,SA(s)ab;Sy2 LINER,SHIVir,44.15149196683359,0.7716259596704654,7.558892089454736e-10,1.104477821094895e-09,0.20379888260405063,0.0
NGC4698,SA(s)ab;Sy2 LINER,SHIVir,44.15149196683359,1.2722080818364725,5.755506915741192e-10,8.196900129692517e-10,0.22663907296887936,0.0
NGC4698,SA(s)ab;Sy2 LINER,SHIVir,44.15149196683359,1.7696458439386227,6.394009930512299e-10,5.976769008934959e-10,0.27453887604230337,0.0
NGC4698,SA(s)ab;Sy2 LINER,SHIVir,44.15149196683359,2.201680916712551,6.290291347658875e-10,4.667965521436492e-10,0.3107583469236545,0.0
NGC4698,SA(s)ab;Sy2 LINER,SHIVir,44.15149196683359,2.6280561413715366,6.564138880670069e-10,3.874663415928287e-10,0.33702482457969196,0.0
NGC4698,SA(s)ab;Sy2 LINER,SHIVir,44.15149196683359,2.9978328848810993,3.5783501914249657e-10,3.328668800486167e-10,0.3485367923633988,0.0
NGC4698,SA(s)ab;Sy2 LINER,SHIVir,44.15149196683359,4.939160788306306,3.887076329841242e-10,2.133888420963897e-10,0.31284144231742256,0.0
NGC4698,SA(s)ab;Sy2 LINER,SHIVir,44.15149196683359,5.229699658206676,4.869272606219429e-10,2.0008961783011753e-10,0.4003671521572101,0.0
NGC4698,SA(s)ab;Sy2 LINER,SHIVir,44.15149196683359,5.784364773471021,4.169352933507925e-10,1.769910115709984e-10,0.41128656043128414,0.0
NGC4698,SA(s)ab;Sy2 LINER,SHIVir,44.15149196683359,6.0616973311031925,3.4145220731959626e-10,2.2071260723728807e-10,0.26358460819500384,0.0
NGC4698,SA(s)ab;Sy2 LINER,SHIVir,44.15149196683359,6.695600319976729,3.5243354594243584e-10,2.2326404107178918e-10,0.22525335314993014,0.0
NGC4698,SA(s)ab;Sy2 LINER,SHIVir,44.15149196683359,7.633248491018835,3.015625652195824e-10,1.773499679010621e-10,0.2591300857665716,0.0
NGC4698,SA(s)ab;Sy2 LINER,SHIVir,44.15149196683359,8.452039851647152,2.8546132974483313e-10,1.6035828096197535e-10,0.1950232619110045,0.0
NGC4698,SA(s)ab;Sy2 LINER,SHIVir,44.15149196683359,9.931146825685405,2.446789600981123e-10,1.269983079079776e-10,0.11796272261261219,0.0
NGC4712,SA(s)bc HII,ShellFlow,70.27959746199785,0.5010541051559887,1.703860873812331e-10,2.4158508747942996e-11,0.64801744386856,0.0
NGC4712,SA(s)bc HII,ShellFlow,70.27959746199785,1.4547512908152134,1.5578317664310625e-10,4.7242433131223867e-11,0.5712514066367945,0.0
NGC4712,SA(s)bc HII,ShellFlow,70.27959746199785,2.3532599083703,1.3079917524573326e-10,5.212013903833733e-11,0.5522916603761173,0.0
NGC4712,SA(s)bc HII,ShellFlow,70.27959746199785,3.306957094029525,1.497096245621862e-10,5.2891625669777886e-11,0.5403653606219762,0.0
NGC4712,SA(s)bc HII,ShellFlow,70.27959746199785,4.309065304341502,1.58488420155255e-10,5.4204352156524495e-11,0.5013962998720503,0.0
NGC4712,SA(s)bc HII,ShellFlow,70.27959746199785,5.210962693622282,1.385054882900893e-10,5.871446154517048e-11,0.4331723699825705,0.0
NGC4712,SA(s)bc HII,ShellFlow,70.27959746199785,6.161271107555814,1.0651359725560774e-10,5.252929136833549e-11,0.39350006538291626,0.0
NGC4712,SA(s)bc HII,ShellFlow,70.27959746199785,7.114968293215038,9.126146356747025e-11,3.0927681566174836e-11,0.5860767976559901,0.0
NGC4712,SA(s)bc HII,ShellFlow,70.27959746199785,8.068665478874262,9.538328344028295e-11,2.682606868167253e-11,0.556034577875685,0.0
NGC4712,SA(s)bc HII,ShellFlow,70.27959746199785,9.018973892807796,8.330654452554959e-11,4.98439059198803e-11,0.32197490945243407,0.0
NGC4712,SA(s)bc HII,ShellFlow,70.27959746199785,9.969282306741327,8.883889393060123e-11,5.263660275444342e-11,0.2891736967894987,0.0
NGC4712,SA(s)bc HII,ShellFlow,70.27959746199785,10.922979492400552,8.972303707556581e-11,5.2705804604061366e-11,0.23817818820411735,0.0
NGC4712,SA(s)bc HII,ShellFlow,70.27959746199785,11.876676678059777,7.967189197008821e-11,3.173116949633316e-11,0.296181597089979,0.0
NGC4712,SA(s)bc HII,ShellFlow,70.27959746199785,12.72677427096211,8.818954875217852e-11,2.308625464936576e-11,0.49555410554209095,0.0
NGC4712,SA(s)bc HII,ShellFlow,70.27959746199785,13.72888248127409,8.51588816087328e-11,3.1380797944305097e-11,0.296816978211628,0.0
NGC4712,SA(s)bc HII,ShellFlow,70.27959746199785,14.730990691586067,7.81698997812491e-11,3.622132564608768e-11,0.18930229840220478,0.0
NGC4712,SA(s)bc HII,ShellFlow,70.27959746199785,15.632888080866845,6.914228471822457e-11,1.599079152348384e-11,0.49694648414690384,0.0
NGC4712,SA(s)bc HII,ShellFlow,70.27959746199785,16.524619154970548,6.570092634288312e-11,2.4305968010635623e-11,0.2483718061091733,0.0
NGC4712,SA(s)bc HII,ShellFlow,70.27959746199785,17.626938186313723,6.23148684082111e-11,2.9884985500326604e-11,0.14167714316604746,0.0
NGC4712,SA(s)bc HII,ShellFlow,70.27959746199785,18.400822994691293,6.38550089479817e-11,1.9321479283026152e-11,0.25177050020798986,0.0
NGC4712,SA(s)bc HII,ShellFlow,70.27959746199785,18.974701112646354,7.814763789529489e-11,1.2806768225763635e-11,0.43875577982385094,0.0
NGC4808,SA(s)cd:;HII LINER,Courteau97,72.73003477929942,0.1529297046158129,1.1781583868093115e-10,4.7559899279378405e-11,0.0,0.0
NGC4808,SA(s)cd:;HII LINER,Courteau97,72.73003477929942,0.4543516970886966,3.292658366532136e-10,1.0964475972258562e-10,0.2749520262460906,0.0
NGC4808,SA(s)cd:;HII LINER,Courteau97,72.73003477929942,0.750148046445107,2.6921691471659395e-10,1.2172014832722234e-10,0.2763696763808451,0.0
NGC4808,SA(s)cd:;HII LINER,Courteau97,72.73003477929942,1.0564985849513975,3.2195146807381316e-10,1.211338883798643e-10,0.285621343967459,0.0
NGC4808,SA(s)cd:;HII LINER,Courteau97,72.73003477929942,1.3526674797677052,2.571689418625433e-10,1.1740124863132857e-10,0.2634389117483776,0.0
NGC4808,SA(s)cd:;HII LINER,Courteau97,72.73003477929942,1.6489217990206773,2.4828211995739216e-10,1.1870199167583764e-10,0.2057240609875028,0.0
NGC4808,SA(s)cd:;HII LINER,Courteau97,72.73003477929942,1.9505055230424204,2.1093593631939618e-10,1.0644758162563188e-10,0.17399779995956027,0.0
NGC4808,SA(s)cd:;HII LINER,Courteau97,72.73003477929942,2.2459089896726963,1.949940915849665e-10,9.262479258610809e-11,0.1783030235533381,0.0
NGC4808,SA(s)cd:;HII LINER,Courteau97,72.73003477929942,2.5443184768332,2.2107259468532095e-10,8.30509800322926e-11,0.15175785843399678,0.0
NGC4808,SA(s)cd:;HII LINER,Courteau97,72.73003477929942,2.8379653195646375,2.1021310424097855e-10,7.330789511331244e-11,0.12626174684290117,0.0
NGC4808,SA(s)cd:;HII LINER,Courteau97,72.73003477929942,3.1562905606864953,1.6906473257230088e-10,6.275150207025015e-11,0.10503532953205215,0.0
NGC4808,SA(s)cd:;HII LINER,Courteau97,72.73003477929942,3.4561519052057927,1.3419889660739678e-10,5.417150942510362e-11,0.10294616316437123,0.0
NGC4808,SA(s)cd:;HII LINER,Courteau97,72.73003477929942,3.7053353188299596,1.4736228746901666e-10,4.835627307511723e-11,0.10689608877802434,0.0
NGC4808,SA(s)cd:;HII LINER,Courteau97,72.73003477929942,3.9522431900710253,1.0422410878516394e-10,4.287721631768827e-11,0.10111826366650058,0.0
NGC5056,Scd: AGN,Courteau97,58.85463642601167,0.41062067825370274,1.625949126966783e-10,7.000495151038122e-11,0.584988895911226,0.0
NGC5056,Scd: AGN,Courteau97,58.85463642601167,1.190727801614428,5.226644248722473e-10,1.582697454977932e-10,0.48089515194218163,0.0
NGC5056,Scd: AGN,Courteau97,58.85463642601167,1.905164482583085,3.82974354632264e-10,1.690473869357183e-10,0.44776546340927315,0.0
NGC5056,Scd: AGN,Courteau97,58.85463642601167,2.7386739437131844,2.476024984206194e-10,1.589268240311639e-10,0.42510138757272803,0.0
NGC5056,Scd: AGN,Courteau97,58.85463642601167,3.5721834048432837,2.1536481179442494e-10,1.4388132228256304e-10,0.3828025030393408,0.0
NGC5056,Scd: AGN,Courteau97,58.85463642601167,4.286620085811941,2.054928616503468e-10,1.2650271082145585e-10,0.3601236655654656,0.0
NGC5056,Scd: AGN,Courteau97,58.85463642601167,5.1201295469420405,1.9376243174816775e-10,9.558175622749837e-11,0.419952224517869,0.0
NGC5056,Scd: AGN,Courteau97,58.85463642601167,5.95363900807214,1.3215403259139888e-10,9.467425728347314e-11,0.42198621196202085,0.0
NGC5056,Scd: AGN,Courteau97,58.85463642601167,6.668075689040798,1.3429963149174131e-10,7.092097129384185e-11,0.4963695445144534,0.0
NGC5056,Scd: AGN,Courteau97,58.85463642601167,7.422203296729935,1.4490247832973568e-10,5.933254041471793e-11,0.518118578817035,0.0
NGC5056,Scd: AGN,Courteau97,58.85463642601167,8.269424168908929,1.2828392211470415e-10,6.303854525805621e-11,0.40689265876213765,0.0
NGC5056,Scd: AGN,Courteau97,58.85463642601167,9.049531292269654,1.540300011485584e-10,5.568641035561674e-11,0.4294920873605097,0.0
NGC5056,Scd: AGN,Courteau97,58.85463642601167,9.644895193076866,1.4791231878182813e-10,7.10014663859485e-11,0.2876089001887059,0.0
NGC5056,Scd: AGN,Courteau97,58.85463642601167,11.566657699561244,8.864123685393364e-11,5.4742768421533836e-11,0.25416812673305045,0.0
NGC5056,Scd: AGN,Courteau97,58.85463642601167,12.042948820207016,7.426752125582203e-11,3.419234997978575e-11,0.4406690892146035,0.0
NGC5056,Scd: AGN,Courteau97,58.85463642601167,14.7816227639202,1.0151015507337353e-10,3.802748124962937e-11,0.18246632408752766,0.0
NGC5056,Scd: AGN,Courteau97,58.85463642601167,15.138841104404527,1.1052351601281556e-10,4.5654750175349896e-11,0.17387801699542169,0.0
NGC5056,Scd: AGN,Courteau97,58.85463642601167,15.734205005211743,1.0916153279623528e-10,2.932194844907266e-11,0.32640517620127424,0.0
NGC5060,SB(s)b,Mathewson96,49.17013494766068,0.01786686253120985,7.6952217414265e-11,2.8748157726226026e-12,0.0,0.0
NGC5060,SB(s)b,Mathewson96,49.17013494766068,0.7690519089520762,8.959237364706773e-11,2.6287580633620906e-10,0.5809688733522219,0.0
NGC5060,SB(s)b,Mathewson96,49.17013494766068,1.5381038179041524,1.8297798237154692e-10,4.011359711634325e-10,0.4816951360236077,0.0
NGC5060,SB(s)b,Mathewson96,49.17013494766068,2.2892888643250187,1.9395579051790055e-10,4.118711271135449e-10,0.43872335625902437,0.0
NGC5060,SB(s)b,Mathewson96,49.17013494766068,2.325022589387438,2.6042862125475756e-10,4.1086542694987764e-10,0.42253254178749616,0.0
NGC5060,SB(s)b,Mathewson96,49.17013494766068,3.076207635808305,2.395373855648707e-10,3.66014494688736e-10,0.42710034898107435,0.0
NGC5060,SB(s)b,Mathewson96,49.17013494766068,3.8452595447603803,2.1975672103487842e-10,3.664974747764124e-10,0.3716189344031524,0.0
NGC5060,SB(s)b,Mathewson96,49.17013494766068,4.596444591181247,2.2790922090232145e-10,3.5620888856596306e-10,0.257284802605668,0.0
NGC5060,SB(s)b,Mathewson96,49.17013494766068,4.632178316243667,2.0416802944105397e-10,3.829877286061228e-10,0.2703739558788309,0.0
NGC5060,SB(s)b,Mathewson96,49.17013494766068,5.383363362664534,2.125306135729188e-10,3.6936466681775225e-10,0.24301263389581113,0.0
NGC5060,SB(s)b,Mathewson96,49.17013494766068,6.15241527161661,1.5601313649894373e-10,2.9465791611991064e-10,0.1771162510713609,0.0
NGC5060,SB(s)b,Mathewson96,49.17013494766068,6.903600318037476,1.9006605378035421e-10,2.620633189013605e-10,0.194083045209588,0.0
NGC5060,SB(s)b,Mathewson96,49.17013494766068,7.708385952051972,1.5682407404040684e-10,2.2331432819906302e-10,0.19386244214476828,0.0
NGC5060,SB(s)b,Mathewson96,49.17013494766068,8.477437861004049,1.2080758243105975e-10,2.053541762249884e-10,0.14335366584578857,0.0
NGC5060,SB(s)b,Mathewson96,49.17013494766068,9.246489769956124,1.6846042348536877e-10,1.8031037192180292e-10,0.10777738538335936,0.0
NGC5065,Sd HII,Courteau97,53.04258050356054,0.29706679514217144,8.719309829096492e-11,1.81292991194235e-11,0.7190866795349641,0.0
NGC5065,Sd HII,Courteau97,53.04258050356054,0.8912003854265143,1.4960132139607498e-10,4.9621403000922844e-11,0.6650290625812819,0.0
NGC5065,Sd HII,Courteau97,53.04258050356054,1.5447473347392915,1.2301972505478794e-10,7.501441782373147e-11,0.5984100220906604,0.0
NGC5065,Sd HII,Courteau97,53.04258050356054,2.1982942840520687,1.1847299941951459e-10,8.973388396735211e-11,0.533466645612028,0.0
NGC5065,Sd HII,Courteau97,53.04258050356054,2.7924278743364113,1.4694164892469852e-10,9.566666492186803e-11,0.5109941916646605,0.0
NGC5065,Sd HII,Courteau97,53.04258050356054,3.386561464620754,1.6931953096655035e-10,1.0251901833830504e-10,0.4597449502800606,0.0
NGC5065,Sd HII,Courteau97,53.04258050356054,3.980695054905097,1.2647750930627206e-10,1.0782749801278655e-10,0.3962577615450987,0.0
NGC5065,Sd HII,Courteau97,53.04258050356054,4.57482864518944,1.2491288300794667e-10,8.189074377651683e-11,0.46033189967740595,0.0
NGC5065,Sd HII,Courteau97,53.04258050356054,5.228375594502217,9.147353702558061e-11,9.926100246473359e-11,0.31854767366898346,0.0
NGC5065,Sd HII,Courteau97,53.04258050356054,5.881922543814994,1.1211490626847507e-10,9.333267140320653e-11,0.3267173165274761,0.0
NGC5065,Sd HII,Courteau97,53.04258050356054,6.476056134099338,1.0209524430084873e-10,8.708993294332778e-11,0.30987440943171585,0.0
NGC5065,Sd HII,Courteau97,53.04258050356054,7.070189724383681,1.2332637638801358e-10,8.54921445558516e-11,0.26595519165033055,0.0
NGC5065,Sd HII,Courteau97,53.04258050356054,7.723736673696457,1.0092007367954187e-10,8.292488162813821e-11,0.22280594690674865,0.0
NGC5065,Sd HII,Courteau97,53.04258050356054,8.258456904952364,9.209001349634192e-11,5.347582506512868e-11,0.3236265839219047,0.0
NGC5065,Sd HII,Courteau97,53.04258050356054,8.912003854265143,1.063966124845247e-10,4.840916902175607e-11,0.3575768378032608,0.0
NGC5065,Sd HII,Courteau97,53.04258050356054,9.506137444549486,1.0354839669004795e-10,5.96324193794796e-11,0.21282139730996677,0.0
NGC5065,Sd HII,Courteau97,53.04258050356054,10.159684393862262,6.709979273042822e-11,5.841240343709882e-11,0.14767576553339698,0.0
NGC5065,Sd HII,Courteau97,53.04258050356054,10.753817984146608,9.601262720468009e-11,3.949987115313666e-11,0.28698438234265095,0.0
NGC5065,Sd HII,Courteau97,53.04258050356054,12.298565318885897,8.432912964635665e-11,4.2420512592762324e-11,0.12409561997058334,0.0
NGC5115,SBcd:,Mathewson96,66.81585839982084,0.49481089375318166,2.0797979660995357e-11,1.4930373188961245e-11,0.7452617569616918,0.0
NGC5115,SBcd:,Mathewson96,66.81585839982084,1.2965045034300535,3.642736541793462e-11,3.434824148403043e-11,0.6850084099055931,0.0
NGC5115,SBcd:,Mathewson96,66.81585839982084,1.672360859089036,4.768941697210032e-11,4.214042694557928e-11,0.6367175850055768,0.0
NGC5115,SBcd:,Mathewson96,66.81585839982084,2.4740544687659076,5.401907821060216e-11,5.418265141247086e-11,0.5606134570912934,0.0
NGC5115,SBcd:,Mathewson96,66.81585839982084,3.2757480784427804,5.814119859974534e-11,6.338101747477407e-11,0.493264565055816,0.0
NGC5115,SBcd:,Mathewson96,66.81585839982084,3.6516044341017624,8.086263357092156e-11,6.57560603583434e-11,0.4348679554805697,0.0
NGC5115,SBcd:,Mathewson96,66.81585839982084,4.453298043778634,8.33903489101665e-11,6.216636065642021e-11,0.4050793475532058,0.0
NGC5115,SBcd:,Mathewson96,66.81585839982084,5.442919831284998,7.850490492319222e-11,5.7351546493291616e-11,0.3995908985392878,0.0
NGC5115,SBcd:,Mathewson96,66.81585839982084,6.24461344096187,5.59557015766744e-11,4.055465916873131e-11,0.5297307534036652,0.0
NGC5115,SBcd:,Mathewson96,66.81585839982084,6.620469796620852,6.144935068351818e-11,5.5300916020272896e-11,0.3807066720841189,0.0
NGC5115,SBcd:,Mathewson96,66.81585839982084,7.422163406297724,6.839197586903516e-11,5.0151452258637826e-11,0.4124935943721948,0.0
NGC5115,SBcd:,Mathewson96,66.81585839982084,8.223857015974597,7.331304256528317e-11,4.4931312673002226e-11,0.4264649950454855,0.0
NGC5115,SBcd:,Mathewson96,66.81585839982084,8.599713371633579,7.220511056956113e-11,2.7499253751525417e-11,0.5565020558212287,0.0
NGC5115,SBcd:,Mathewson96,66.81585839982084,9.401406981310451,6.941072330492901e-11,2.257553546574008e-11,0.6199118105411106,0.0
NGC5115,SBcd:,Mathewson96,66.81585839982084,10.391028768816813,6.386684889224452e-11,2.3482576523847756e-11,0.5524935181532933,0.0
NGC5115,SBcd:,Mathewson96,66.81585839982084,11.192722378493684,7.19587494768105e-11,2.924080993857893e-11,0.4464551731011065,0.0
NGC5115,SBcd:,Mathewson96,66.81585839982084,12.182344166000048,6.506635878682288e-11,3.1104814077193084e-11,0.36111104275867245,0.0
NGC5115,SBcd:,Mathewson96,66.81585839982084,13.171965953506412,4.9065807541301546e-11,3.6023270097924584e-11,0.24037744106670544,0.0
NGC5115,SBcd:,Mathewson96,66.81585839982084,14.161587741012776,4.2713372912439354e-11,3.775546921076393e-11,0.16451557753403628,0.0
NGC5125,Sb,Mathewson96,52.97299953142239,0.015960181804959638,2.1276940108459002e-07,1.2918300571760018e-12,0.0,0.0
NGC5125,Sb,Mathewson96,52.97299953142239,0.8540854046978401,2.689963091579596e-09,3.560243997305615e-10,0.533050175258852,0.0
NGC5125,Sb,Mathewson96,52.97299953142239,1.7081708093956802,1.6048489065640557e-09,5.177079652608289e-10,0.41410039394007886,0.0
NGC5125,Sb,Mathewson96,52.97299953142239,2.5462960322885606,1.4228363382585462e-09,5.069275060365754e-10,0.34592331486971956,0.0
NGC5125,Sb,Mathewson96,52.97299953142239,2.57821639589848,1.0115166367624717e-09,5.040267258812019e-10,0.3304422626379115,0.0
NGC5125,Sb,Mathewson96,52.97299953142239,3.4163416187913604,8.821250669385222e-10,4.064700005266598e-10,0.3314446573465351,0.0
NGC5125,Sb,Mathewson96,52.97299953142239,4.270427023489201,7.123161106641631e-10,3.695556809037062e-10,0.2666905959205389,0.0
NGC5125,Sb,Mathewson96,52.97299953142239,5.108552246382081,5.251862248388106e-10,2.8583917388097235e-10,0.23369553655282746,0.0
NGC5125,Sb,Mathewson96,52.97299953142239,5.140472609992001,5.129485897868824e-10,2.9740784948332954e-10,0.2475346070402791,0.0
NGC5125,Sb,Mathewson96,52.97299953142239,5.978597832884882,4.6044086415150355e-10,2.159647773904682e-10,0.3501229079499498,0.0
NGC5125,Sb,Mathewson96,52.97299953142239,6.832683237582721,3.6742192386123395e-10,2.0736106730768285e-10,0.23867357764656955,0.0
NGC5125,Sb,Mathewson96,52.97299953142239,7.670808460475603,2.4245293858051174e-10,2.0399095639587222e-10,0.23613094004769258,0.0
NGC5125,Sb,Mathewson96,52.97299953142239,7.70272882408552,3.564485920336875e-10,1.9922992277384275e-10,0.2455615768191579,0.0
NGC5125,Sb,Mathewson96,52.97299953142239,8.540854046978403,2.974124536843219e-10,1.6683330336735342e-10,0.26379338019943627,0.0
NGC5125,Sb,Mathewson96,52.97299953142239,9.39493945167624,2.685220898641841e-10,1.4758565146183684e-10,0.2569764462033928,0.0
NGC5125,Sb,Mathewson96,52.97299953142239,10.233064674569121,2.0206510103745923e-10,1.4182966788167355e-10,0.22204736907654535,0.0
NGC5125,Sb,Mathewson96,52.97299953142239,11.087150079266962,1.9577660824519668e-10,1.3274420538375262e-10,0.19710299119694513,0.0
NGC5125,Sb,Mathewson96,52.97299953142239,11.941235483964803,1.472701141717195e-10,6.039921936915233e-11,0.4855607403028848,0.0
NGC5125,Sb,Mathewson96,52.97299953142239,12.795320888662642,1.3262921355063533e-10,7.264626758644318e-11,0.37508948765676736,0.0
NGC5172,SAB(rs)bc:,Courteau97/Mathewson96,62.46790339045629,0.5506130649545834,8.898663399501121e-10,1.2012702329887648e-10,0.5499915148246016,0.0
NGC5172,SAB(rs)bc:,Courteau97/Mathewson96,62.46790339045629,1.3177600303940598,6.834394452680241e-10,2.0846444786197962e-10,0.4495509620299013,0.0
NGC5172,SAB(rs)bc:,Courteau97/Mathewson96,62.46790339045629,2.1574661333721186,4.706045301361427e-10,2.0087034877890417e-10,0.41564175562225225,0.0
NGC5172,SAB(rs)bc:,Courteau97/Mathewson96,62.46790339045629,3.0261731408624826,3.5065810519728407e-10,1.657738748178652e-10,0.4484587288249616,0.0
NGC5172,SAB(rs)bc:,Courteau97/Mathewson96,62.46790339045629,3.9168283968958097,3.043179479062159e-10,1.4273055831707969e-10,0.41762285469385735,0.0
NGC5172,SAB(rs)bc:,Courteau97/Mathewson96,62.46790339045629,4.8486387809102105,2.356928968059153e-10,1.3684213521752344e-10,0.423850660165268,0.0
NGC5172,SAB(rs)bc:,Courteau97/Mathewson96,62.46790339045629,5.633383792693864,2.1180213675866162e-10,8.67501042992502e-11,0.5379789402625546,0.0
NGC5172,SAB(rs)bc:,Courteau97/Mathewson96,62.46790339045629,6.472398400116354,2.2420796817434115e-10,1.2530785274921561e-10,0.3872428742848919,0.0
NGC5172,SAB(rs)bc:,Courteau97/Mathewson96,62.46790339045629,7.3049206326004565,2.343126693041853e-10,8.185398789805172e-11,0.5224202150893941,0.0
NGC5172,SAB(rs)bc:,Courteau97/Mathewson96,62.46790339045629,8.327219978668218,1.8718602792764655e-10,6.637289218636226e-11,0.5011381859911956,0.0
NGC5172,SAB(rs)bc:,Courteau97/Mathewson96,62.46790339045629,9.094319048311638,1.7386835455261782e-10,4.924942559098777e-11,0.6182962654168243,0.0
NGC5172,SAB(rs)bc:,Courteau97/Mathewson96,62.46790339045629,9.978280866846047,1.5759523456062707e-10,4.3125692539629127e-11,0.6359092288112016,0.0
NGC5172,SAB(rs)bc:,Courteau97/Mathewson96,62.46790339045629,10.824650472450488,1.641092105956292e-10,5.5290116020508786e-11,0.5262034823800819,0.0
NGC5172,SAB(rs)bc:,Courteau97/Mathewson96,62.46790339045629,11.660590768463592,1.5660069827920428e-10,7.997219175653963e-11,0.3265039561939029,0.0
NGC5172,SAB(rs)bc:,Courteau97/Mathewson96,62.46790339045629,12.596872091996001,1.5291289256698512e-10,9.596933208312389e-11,0.2052075467321398,0.0
NGC5172,SAB(rs)bc:,Courteau97/Mathewson96,62.46790339045629,13.483346111555523,1.550631773115468e-10,6.382678748530376e-11,0.19499255907257176,0.0
NGC5172,SAB(rs)bc:,Courteau97/Mathewson96,62.46790339045629,14.292395911570067,1.3473110268170473e-10,5.6892206727500784e-11,0.308640294339601,0.0
NGC5172,SAB(rs)bc:,Courteau97/Mathewson96,62.46790339045629,17.130880395122777,8.35094143984912e-11,4.7119421930473205e-11,0.21843616086559028,0.0
NGC5172,SAB(rs)bc:,Courteau97/Mathewson96,62.46790339045629,17.310669239570455,5.747133774796203e-11,4.1905557876501e-11,0.26060110865915487,0.0
NGC5185,Sb,Courteau97/Mathewson96,76.50294880867953,1.964122274743655,6.18282121153973e-10,1.2706362342714227e-10,0.5114906729795673,0.0
NGC5185,Sb,Courteau97/Mathewson96,76.50294880867953,3.4541460693767725,4.125774300805624e-10,1.2576009945162213e-10,0.4477784010548102,0.0
NGC5185,Sb,Courteau97/Mathewson96,76.50294880867953,4.447495265798851,4.2719049153473665e-10,9.639443468902466e-11,0.4355423377070472,0.0
NGC5185,Sb,Courteau97/Mathewson96,76.50294880867953,5.922468315031634,2.705092296924861e-10,6.973880780160526e-11,0.48481358812995107,0.0
NGC5185,Sb,Courteau97/Mathewson96,76.50294880867953,7.05879959275689,3.373874588447718e-10,4.0319372378366806e-11,0.6791093840010196,0.0
NGC5185,Sb,Courteau97/Mathewson96,76.50294880867953,8.217706988582648,2.2624773832334983e-10,7.665811835499154e-11,0.4511167369083861,0.0
NGC5185,Sb,Courteau97/Mathewson96,76.50294880867953,9.434308908443022,2.3294119605878294e-10,2.6155600766909635e-11,0.7437380035738709,0.0
NGC5185,Sb,Courteau97/Mathewson96,76.50294880867953,10.75923058686641,2.1854958132440475e-10,8.777196119637887e-11,0.3157684320994686,0.0
NGC5185,Sb,Courteau97/Mathewson96,76.50294880867953,12.04210139480765,1.9460521430431644e-10,6.385309121618691e-11,0.3917410413847345,0.0
NGC5185,Sb,Courteau97/Mathewson96,76.50294880867953,13.333455350156353,2.0276445310671037e-10,5.304291472204803e-11,0.419200913535085,0.0
NGC5185,Sb,Courteau97/Mathewson96,76.50294880867953,14.256818580466875,1.9994014050680416e-10,8.081872577626485e-11,0.24281017710618044,0.0
NGC5185,Sb,Courteau97/Mathewson96,76.50294880867953,15.897767905364459,1.5585771364823165e-10,6.10046706870543e-11,0.29061215096239423,0.0
NGC5185,Sb,Courteau97/Mathewson96,76.50294880867953,17.091793707124328,1.6261202375176116e-10,7.380908700821875e-11,0.18833774757617586,0.0
NGC5185,Sb,Courteau97/Mathewson96,76.50294880867953,18.23021536615519,1.4429249034617703e-10,1.8096636768656354e-11,0.6787618924515196,0.0
NGC5185,Sb,Courteau97/Mathewson96,76.50294880867953,19.392885448331032,9.216889872395011e-11,4.594787341103692e-11,0.2825246283265432,0.0
NGC5185,Sb,Courteau97/Mathewson96,76.50294880867953,20.75246944949458,1.4246687281378125e-10,7.027196758470198e-11,0.1205976447739127,0.0
NGC5185,Sb,Courteau97/Mathewson96,76.50294880867953,22.372933037597264,1.3007517628783154e-10,1.2546542652120039e-11,0.6986613092045026,0.0
NGC5185,Sb,Courteau97/Mathewson96,76.50294880867953,23.366282234019344,1.127900800422296e-10,3.9978149604455264e-11,0.1600664528832841,0.0
NGC5185,Sb,Courteau97/Mathewson96,76.50294880867953,24.35963143044142,1.1909082121852543e-10,2.2642893525279336e-11,0.38375617417337654,0.0
NGC5185,Sb,Courteau97/Mathewson96,76.50294880867953,25.3529806268635,1.075902317978457e-10,3.5282694328711085e-11,0.14587661188290565,0.0
NGC5235,SB,Mathewson96,65.41909396902642,0.41216666424260057,5.3935397900097516e-11,6.202167198795927e-11,0.6125106630994791,0.0
NGC5235,SB,Mathewson96,65.41909396902642,1.1382461212517878,1.5818299673337108e-10,1.4304986758415965e-10,0.5323675831180877,0.0
NGC5235,SB,Mathewson96,65.41909396902642,1.3347538642038155,1.0522607254599911e-10,1.5643705565961886e-10,0.5179385797830841,0.0
NGC5235,SB,Mathewson96,65.41909396902642,2.060833321213003,2.8847434723199133e-10,1.715630188188815e-10,0.4516552269217358,0.0
NGC5235,SB,Mathewson96,65.41909396902642,2.78691277822219,1.6398556081505602e-10,1.6124129785526218e-10,0.43773213232821334,0.0
NGC5235,SB,Mathewson96,65.41909396902642,2.9834205211742177,2.6674287577689557e-10,1.508132802711044e-10,0.464710642413697,0.0
NGC5235,SB,Mathewson96,65.41909396902642,3.709499978183405,2.3122583895278998e-10,1.4508280416701084e-10,0.4095353972251727,0.0
NGC5235,SB,Mathewson96,65.41909396902642,4.533833306668606,2.2507851308138276e-10,1.519876835158778e-10,0.35319588987047645,0.0
NGC5235,SB,Mathewson96,65.41909396902642,5.259912763677793,2.3016349592546654e-10,1.1512065735106588e-10,0.4428121784387692,0.0
NGC5235,SB,Mathewson96,65.41909396902642,5.456420506629821,2.1442765452964256e-10,1.3425640115191556e-10,0.3153010549094936,0.0
NGC5235,SB,Mathewson96,65.41909396902642,6.1824999636390086,1.8173329173731767e-10,1.2610258367674604e-10,0.3440011929530366,0.0
NGC5235,SB,Mathewson96,65.41909396902642,7.00683329212421,1.7042167475151924e-10,8.084644181053617e-11,0.4694464312810009,0.0
NGC5235,SB,Mathewson96,65.41909396902642,7.831166620609411,1.705810853795428e-10,6.419000301811038e-11,0.4946684807326861,0.0
NGC5235,SB,Mathewson96,65.41909396902642,8.753753820570624,1.0841001178820633e-10,8.539279786749559e-11,0.24967436181755265,0.0
NGC5235,SB,Mathewson96,65.41909396902642,9.381579406103798,1.5804290954681715e-10,5.4461457165022377e-11,0.49397263251485674,0.0
NGC5235,SB,Mathewson96,65.41909396902642,9.578087149055827,1.7825809039276023e-10,6.440232900723329e-11,0.3393561653908459,0.0
NGC5235,SB,Mathewson96,65.41909396902642,10.304166606065014,1.1716350271177788e-10,5.30796787429509e-11,0.4517698838773432,0.0
NGC5235,SB,Mathewson96,65.41909396902642,11.128499934550215,1.4464820541698795e-10,6.734095224006795e-11,0.2864090065491592,0.0
NGC5235,SB,Mathewson96,65.41909396902642,11.854579391559401,1.0466423381093867e-10,8.815384597909699e-11,0.12899605548987356,0.0
NGC5356,SABbc: sp HII,Mathewson96,76.12931828190811,0.18535121146744882,1.545298817231025e-10,1.154608299370782e-11,0.5006461653689402,0.0
NGC5356,SABbc: sp HII,Mathewson96,76.12931828190811,0.5306597550077167,5.985562261649765e-11,2.8227787674451905e-11,0.6058585818713457,0.0
NGC5356,SABbc: sp HII,Mathewson96,76.12931828190811,0.9013621779426142,6.03712546989264e-11,3.8106734509167446e-11,0.6057344756051893,0.0
NGC5356,SABbc: sp HII,Mathewson96,76.12931828190811,1.246670721482882,4.064892509862707e-11,4.4505119380924294e-11,0.5767552799185753,0.0
NGC5356,SABbc: sp HII,Mathewson96,76.12931828190811,1.6173731444177797,4.7705026556331e-11,4.7601879497125585e-11,0.5716250469912748,0.0
NGC5356,SABbc: sp HII,Mathewson96,76.12931828190811,1.9626816879580475,9.737758711037831e-11,4.8184397867531065e-11,0.569616456063427,0.0
NGC5356,SABbc: sp HII,Mathewson96,76.12931828190811,2.386703221583885,7.971758235898686e-11,4.881396323510633e-11,0.5636955618502477,0.0
NGC5356,SABbc: sp HII,Mathewson96,76.12931828190811,2.744708704821467,9.778697891180025e-11,4.800595591322678e-11,0.5389326586831382,0.0
NGC5356,SABbc: sp HII,Mathewson96,76.12931828190811,3.1027141880590503,9.545188735740629e-11,5.2900650291495895e-11,0.5114811123263122,0.0
NGC5356,SABbc: sp HII,Mathewson96,76.12931828190811,3.526735721684888,1.1141708506993881e-10,5.390738196489892e-11,0.512946332109794,0.0
NGC5356,SABbc: sp HII,Mathewson96,76.12931828190811,3.872044265225155,9.116484836702577e-11,5.813160509118487e-11,0.4736800771979013,0.0
NGC5356,SABbc: sp HII,Mathewson96,76.12931828190811,4.242746688160053,9.75243293610685e-11,6.20123054868898e-11,0.4297394685724358,0.0
NGC5356,SABbc: sp HII,Mathewson96,76.12931828190811,4.588055231700321,9.425347011801265e-11,6.895818607066607e-11,0.34971963657272565,0.0
NGC5356,SABbc: sp HII,Mathewson96,76.12931828190811,4.958757654635218,9.935040827180542e-11,6.286466851260921e-11,0.31557351275069306,0.0
NGC5356,SABbc: sp HII,Mathewson96,76.12931828190811,5.304066198175486,1.0509623719298439e-10,4.8386242034478674e-11,0.43361801723194776,0.0
NGC5356,SABbc: sp HII,Mathewson96,76.12931828190811,5.674768621110384,1.0535113137105171e-10,5.721623408801874e-11,0.3543978964162138,0.0
NGC5356,SABbc: sp HII,Mathewson96,76.12931828190811,6.007380224953336,8.752769630658284e-11,5.933554129032224e-11,0.24936506226184044,0.0
NGC5356,SABbc: sp HII,Mathewson96,76.12931828190811,6.36538570819092,1.1588216604269993e-10,4.4879212737481246e-11,0.3922220865946509,0.0
NGC5356,SABbc: sp HII,Mathewson96,76.12931828190811,6.723391191428503,7.331819319124428e-11,6.274066574499125e-11,0.2089674009623712,0.0
NGC5356,SABbc: sp HII,Mathewson96,76.12931828190811,7.081396674666085,6.905129767258635e-11,4.0717143571897904e-11,0.35265018312423174,0.0
NGC5356,SABbc: sp HII,Mathewson96,76.12931828190811,7.3200669968244725,8.059519461984746e-11,5.800720197577741e-11,0.15771747108495757,0.0
NGC5409,(R')SAB(s)b,Courteau97/Mathewson96,64.39427830905831,0.6959173878263399,2.6203734819983665e-10,1.4204758780892624e-10,0.4868443832703254,0.0
NGC5409,(R')SAB(s)b,Courteau97/Mathewson96,64.39427830905831,1.1810712239109884,1.7540739549815179e-10,2.0163902273988928e-10,0.4270492273635956,0.0
NGC5409,(R')SAB(s)b,Courteau97/Mathewson96,64.39427830905831,1.9401040580944764,2.1133393724474741e-10,2.1746375760801234e-10,0.34946581275942895,0.0
NGC5409,(R')SAB(s)b,Courteau97/Mathewson96,64.39427830905831,2.868704028313093,9.913789184411532e-11,1.6795650383127532e-10,0.34694734745552436,0.0
NGC5409,(R')SAB(s)b,Courteau97/Mathewson96,64.39427830905831,3.666788716456985,1.6633063842931873e-10,1.4526561387718497e-10,0.3513122834876791,0.0
NGC5409,(R')SAB(s)b,Courteau97/Mathewson96,64.39427830905831,4.454169532397644,1.4693210750132862e-10,1.2742858726682436e-10,0.3393397782033912,0.0
NGC5409,(R')SAB(s)b,Courteau97/Mathewson96,64.39427830905831,5.5340676236879744,8.011887384743832e-11,9.604677997607575e-11,0.3470684253545808,0.0
NGC5409,(R')SAB(s)b,Courteau97/Mathewson96,64.39427830905831,6.233961682301893,9.562104726516765e-11,8.34531805140127e-11,0.2865641307898861,0.0
NGC5409,(R')SAB(s)b,Courteau97/Mathewson96,64.39427830905831,6.988004741473348,8.724624385825567e-11,8.559533550147368e-11,0.2378220837709003,0.0
NGC5409,(R')SAB(s)b,Courteau97/Mathewson96,64.39427830905831,7.676962955421424,8.384842337352662e-11,7.465214556300837e-11,0.2394570409269122,0.0
NGC5409,(R')SAB(s)b,Courteau97/Mathewson96,64.39427830905831,10.931867995054905,6.104175516217814e-11,2.3852262790088125e-11,0.5565671213376426,0.0
NGC5409,(R')SAB(s)b,Courteau97/Mathewson96,64.39427830905831,11.719248810995564,6.245636217384453e-11,3.0168015261178086e-11,0.43586964771830916,0.0
NGC5409,(R')SAB(s)b,Courteau97/Mathewson96,64.39427830905831,12.506629626936222,5.515603407460544e-11,4.132779717437091e-11,0.2938870328649685,0.0
NGC5409,(R')SAB(s)b,Courteau97/Mathewson96,64.39427830905831,14.368109222601992,4.597741362291125e-11,1.585827359761432e-11,0.6104761470115245,0.0
NGC5409,(R')SAB(s)b,Courteau97/Mathewson96,64.39427830905831,15.02425990255254,3.5878478873991355e-11,4.009905093001375e-11,0.2625955226761795,0.0
NGC5409,(R')SAB(s)b,Courteau97/Mathewson96,64.39427830905831,15.814822055123264,2.2233838860516795e-11,1.3354681787498431e-11,0.6427728442085812,0.0
NGC5409,(R')SAB(s)b,Courteau97/Mathewson96,64.39427830905831,16.339742599083703,4.4477768570011635e-11,3.356339157043823e-11,0.2582800819955157,0.0
NGC5416,Scd:,Courteau97/Mathewson96,52.50777688108841,0.3090448392116937,5.146917798557852e-10,6.068301444388984e-11,0.6430123429202227,0.0
NGC5416,Scd:,Courteau97/Mathewson96,52.50777688108841,0.9319602274743655,6.268888113072165e-10,1.6325916833363143e-10,0.5583910341505837,0.0
NGC5416,Scd:,Courteau97/Mathewson96,52.50777688108841,1.602277468951753,4.713023578839092e-10,2.2515110661719575e-10,0.49564549773932437,0.0
NGC5416,Scd:,Courteau97/Mathewson96,52.50777688108841,2.307128004072431,3.3259157525679307e-10,2.3094115456839986e-10,0.47512430230925246,0.0
NGC5416,Scd:,Courteau97/Mathewson96,52.50777688108841,2.951836634749796,3.2286791988584327e-10,2.2110387105808218e-10,0.4385622196239263,0.0
NGC5416,Scd:,Courteau97/Mathewson96,52.50777688108841,3.5882832666715148,2.6492016258122805e-10,2.2465585237401934e-10,0.39599384763153217,0.0
NGC5416,Scd:,Courteau97/Mathewson96,52.50777688108841,4.272076561704603,2.2313665099668011e-10,1.9905187980805682e-10,0.36101356379014443,0.0
NGC5416,Scd:,Courteau97/Mathewson96,52.50777688108841,4.92812655719584,1.5831089552496387e-10,2.047087670040448e-10,0.36696268601676146,0.0
NGC5416,Scd:,Courteau97/Mathewson96,52.50777688108841,5.578752614355319,1.6862045226549213e-10,1.528364220731964e-10,0.42006553275974806,0.0
NGC5416,Scd:,Courteau97/Mathewson96,52.50777688108841,6.27342279106974,1.781263513949684e-10,1.5600652832001682e-10,0.2770107013821571,0.0
NGC5416,Scd:,Courteau97/Mathewson96,52.50777688108841,6.924773973674641,1.7747921460403734e-10,1.5000997438643074e-10,0.24005737390920623,0.0
NGC5416,Scd:,Courteau97/Mathewson96,52.50777688108841,7.580098843720456,1.57089151284391e-10,1.2301920882155833e-10,0.28288016086711254,0.0
NGC5416,Scd:,Courteau97/Mathewson96,52.50777688108841,8.251432066516374,1.208686409066772e-10,9.443756704541967e-11,0.39964825070583787,0.0
NGC5416,Scd:,Courteau97/Mathewson96,52.50777688108841,8.98618959493855,9.64326179008061e-11,8.836420464828153e-11,0.3859592332693376,0.0
NGC5416,Scd:,Courteau97/Mathewson96,52.50777688108841,9.656205506508618,9.516647060252682e-11,1.0436816946132019e-10,0.25539601267343115,0.0
NGC5416,Scd:,Courteau97/Mathewson96,52.50777688108841,11.099332039851646,1.1328059232625123e-10,7.414906848058708e-11,0.24368734030912242,0.0
NGC5416,Scd:,Courteau97/Mathewson96,52.50777688108841,11.602601729619664,7.267256303627388e-11,8.640776631975794e-11,0.17792565120635384,0.0
NGC5416,Scd:,Courteau97/Mathewson96,52.50777688108841,12.284821502436186,4.338651148914087e-11,7.534432060521592e-11,0.1288789504644065,0.0
NGC5416,Scd:,Courteau97/Mathewson96,52.50777688108841,12.949752471820231,1.05170127455154e-10,6.252347918908835e-11,0.21941296876274066,0.0
NGC5418,SB?,Mathewson96,70.16347837742724,0.2944897825612683,3.6478124679697514e-10,9.74660226504725e-11,0.4023097437609826,0.0
NGC5418,SB?,Mathewson96,70.16347837742724,0.7665658279397862,4.2189476663808283e-10,2.1399015707434698e-10,0.3661522198631485,0.0
NGC5418,SB?,Mathewson96,70.16347837742724,1.0003728674278234,3.343491184733136e-10,2.428602767683528e-10,0.3453377774396307,0.0
NGC5418,SB?,Mathewson96,70.16347837742724,1.4724489128063416,2.928077737148595e-10,2.628257969142941e-10,0.27842242412361773,0.0
NGC5418,SB?,Mathewson96,70.16347837742724,2.1783319976728968,8.735399769180562e-11,2.229371071726683e-10,0.2271398482584884,0.0
NGC5418,SB?,Mathewson96,70.16347837742724,3.8283671732964875,1.8563960505307347e-10,9.962440973482115e-11,0.3488056786178338,0.0
NGC5418,SB?,Mathewson96,70.16347837742724,4.300443218675006,6.378563724729188e-11,9.266061158899459e-11,0.34417683583416664,0.0
NGC5418,SB?,Mathewson96,70.16347837742724,4.889422783797542,1.023501017148766e-10,8.140625236327194e-11,0.3951543892386746,0.0
NGC5418,SB?,Mathewson96,70.16347837742724,5.595305868664098,6.26657587413008e-11,5.965924500611872e-11,0.4495161163521515,0.0
NGC5418,SB?,Mathewson96,70.16347837742724,6.184285433786634,1.0126813156290466e-10,5.659237129307775e-11,0.42480595175634167,0.0
NGC5418,SB?,Mathewson96,70.16347837742724,6.6563614791651515,8.183512494830068e-11,5.2678655770557965e-11,0.47288228922274883,0.0
NGC5418,SB?,Mathewson96,70.16347837742724,6.890168518653189,8.045380154581309e-11,6.76213709181811e-11,0.2828718756352187,0.0
NGC5418,SB?,Mathewson96,70.16347837742724,7.362244564031707,7.588818958614998e-11,4.7023021343430283e-11,0.47839828291026437,0.0
NGC5418,SB?,Mathewson96,70.16347837742724,7.951224129154244,6.612662950833474e-11,6.202984523748834e-11,0.3261713617091147,0.0
NGC5418,SB?,Mathewson96,70.16347837742724,8.423300174532761,6.43765565549647e-11,7.84248400409784e-11,0.15931463204237498,0.0
NGC5418,SB?,Mathewson96,70.16347837742724,8.6571072140208,5.899876457507545e-11,6.825474483989515e-11,0.21461939210322478,0.0
NGC5418,SB?,Mathewson96,70.16347837742724,9.012279739655298,6.259968035004263e-11,4.613001979002931e-11,0.33985620949160533,0.0
NGC5491,S? HII,Mathewson96,53.35890783626288,1.0810231284997454,5.314439158295996e-10,2.0862323930463794e-10,0.5680824098692736,0.0
NGC5491,S? HII,Mathewson96,53.35890783626288,1.8313020143989527,5.40952195585431e-10,2.6740131940701543e-10,0.47688180792615176,0.0
NGC5491,S? HII,Mathewson96,53.35890783626288,2.5638228201585336,6.013716204582848e-10,2.6699619328838424e-10,0.47462142668594026,0.0
NGC5491,S? HII,Mathewson96,53.35890783626288,3.296343625918115,5.641685136170135e-10,2.5617237111260633e-10,0.41602375622640236,0.0
NGC5491,S? HII,Mathewson96,53.35890783626288,4.028864431677696,4.985747259779296e-10,2.5539609857961324e-10,0.3799292876027832,0.0
NGC5491,S? HII,Mathewson96,53.35890783626288,4.761385237437277,4.715085726150886e-10,1.9698456428620534e-10,0.42621770696493994,0.0
NGC5491,S? HII,Mathewson96,53.35890783626288,5.493906043196858,3.8808862292787976e-10,2.2519607373639083e-10,0.36699897307452833,0.0
NGC5491,S? HII,Mathewson96,53.35890783626288,6.2264268489564385,3.4306781649425144e-10,1.5582732375164672e-10,0.4650916957550599,0.0
NGC5491,S? HII,Mathewson96,53.35890783626288,6.95894765471602,3.2588535640937797e-10,1.3771602609388312e-10,0.44170414340818964,0.0
NGC5491,S? HII,Mathewson96,53.35890783626288,7.691468460475601,3.0179610906954834e-10,1.3579892877933133e-10,0.37827314904881293,0.0
NGC5491,S? HII,Mathewson96,53.35890783626288,8.423989266235182,2.844451948720077e-10,1.1974458556412792e-10,0.3940978088771184,0.0
NGC5491,S? HII,Mathewson96,53.35890783626288,9.156510071994763,2.45355276340906e-10,1.1706272164746197e-10,0.35365030942997266,0.0
NGC5491,S? HII,Mathewson96,53.35890783626288,9.889030877754344,1.9177815158213294e-10,1.2744539654391022e-10,0.24166653917147593,0.0
NGC5491,S? HII,Mathewson96,53.35890783626288,10.6037936033743,2.5984741814613493e-10,1.3527516790547008e-10,0.16015459716515845,0.0
NGC5491,S? HII,Mathewson96,53.35890783626288,11.33631440913388,1.922749846611303e-10,9.076934702052441e-11,0.22423324487466348,0.0
NGC5491,S? HII,Mathewson96,53.35890783626288,12.068835214893461,1.71064885040108e-10,8.554807237318393e-11,0.24690010509342677,0.0
NGC5491,S? HII,Mathewson96,53.35890783626288,12.80135602065304,1.4740527148836945e-10,1.0125488572510953e-10,0.12339162969498128,0.0
NGC5491,S? HII,Mathewson96,53.35890783626288,13.533876826412623,1.341805095905944e-10,6.188474624150596e-11,0.29308371418395956,0.0
NGC5491,S? HII,Mathewson96,53.35890783626288,14.266397632172204,1.4526158092337787e-10,7.533852617653975e-11,0.13793314101709386,0.0
NGC5522,Sb,Mathewson96,78.79791618202167,0.3004125518144135,9.837486665853817e-11,6.484712193766278e-11,0.5043718745667254,0.0
NGC5522,Sb,Mathewson96,78.79791618202167,1.0570071267544179,3.722706392788672e-10,1.6990010245201284e-10,0.4710246711518321,0.0
NGC5522,Sb,Mathewson96,78.79791618202167,1.8024753108864808,3.1531553693884654e-10,2.001436599496573e-10,0.37272349712785013,0.0
NGC5522,Sb,Mathewson96,78.79791618202167,2.547943495018544,3.14051049653857e-10,1.758680919514466e-10,0.37642365928090743,0.0
NGC5522,Sb,Mathewson96,78.79791618202167,3.3045380699585483,2.712264140484391e-10,1.5830956045448614e-10,0.3267955004981916,0.0
NGC5522,Sb,Mathewson96,78.79791618202167,4.061132644898552,2.634138210700706e-10,1.4548252715957926e-10,0.3004596138086071,0.0
NGC5522,Sb,Mathewson96,78.79791618202167,4.806600829030616,1.7911160481251223e-10,1.2158309915451472e-10,0.252516086580967,0.0
NGC5522,Sb,Mathewson96,78.79791618202167,5.5743217947785615,7.028695902925333e-11,9.185388418754244e-11,0.33934365177389086,0.0
NGC5522,Sb,Mathewson96,78.79791618202167,6.175146898407388,2.77265582351508e-10,7.328275631602842e-11,0.3801931447762675,0.0
NGC5522,Sb,Mathewson96,78.79791618202167,7.0763845538506285,2.138396741696496e-10,7.919705106936179e-11,0.25243416400253677,0.0
NGC5522,Sb,Mathewson96,78.79791618202167,7.81072634717475,1.689514804763813e-10,7.662050155205696e-11,0.23094938323562875,0.0
NGC5522,Sb,Mathewson96,78.79791618202167,8.556194531306813,1.6326946430746988e-10,6.859973264465436e-11,0.21364479221075994,0.0
NGC5522,Sb,Mathewson96,78.79791618202167,9.312789106246818,1.2952970197991002e-10,4.94819723138189e-11,0.25286547265838344,0.0
NGC5522,Sb,Mathewson96,78.79791618202167,10.069383681186823,1.0776680699740823e-10,3.483272068008185e-11,0.438978762750597,0.0
NGC5522,Sb,Mathewson96,78.79791618202167,10.814851865318886,1.102140898045865e-10,4.1594750511289394e-11,0.31455473217934704,0.0
NGC5522,Sb,Mathewson96,78.79791618202167,11.560320049450949,1.2295444043159974e-10,5.1368365756575467e-11,0.18711164671747474,0.0
NGC5522,Sb,Mathewson96,78.79791618202167,12.316914624390954,9.468711342364522e-11,2.764988866677142e-11,0.39464613407981763,0.0
NGC5522,Sb,Mathewson96,78.79791618202167,12.917739728019779,7.827712419014763e-11,3.9289306671742785e-11,0.2038897605973169,0.0
NGC5522,Sb,Mathewson96,78.79791618202167,13.674334302959785,8.338919939456357e-11,3.472349994909752e-11,0.13975857780185572,0.0
NGC5522,Sb,Mathewson96,78.79791618202167,14.419802487091847,8.889779244922963e-11,3.0754371751800516e-11,0.2081432776011164,0.0
NGC5522,Sb,Mathewson96,78.79791618202167,14.853731728601556,8.340543419333102e-11,2.308833622046835e-11,0.32612397972165696,0.0
NGC5577,SA(rs)bc: HII,Mathewson96,74.4377229586622,0.1351341507284319,1.1089201798328099e-10,1.1156119320485825e-11,0.12502687051922254,0.0
NGC5577,SA(rs)bc: HII,Mathewson96,74.4377229586622,0.4662870695464572,1.947597302207018e-10,3.0179907938433016e-11,0.4681720366507288,0.0
NGC5577,SA(rs)bc: HII,Mathewson96,74.4377229586622,0.736555371003321,1.5896393715828892e-10,3.586552740394796e-11,0.4549396727184922,0.0
NGC5577,SA(rs)bc: HII,Mathewson96,74.4377229586622,1.0677082898213464,1.8801457913572175e-10,3.8186964314792744e-11,0.4682285440102829,0.0
NGC5577,SA(rs)bc: HII,Mathewson96,74.4377229586622,1.3379765912782104,1.8544789779521518e-10,3.842078511720107e-11,0.4848116880126091,0.0
NGC5577,SA(rs)bc: HII,Mathewson96,74.4377229586622,1.6691295100962356,1.7205643977858607e-10,3.963400641702679e-11,0.46454929965989045,0.0
NGC5577,SA(rs)bc: HII,Mathewson96,74.4377229586622,2.004737400916297,1.417781267506676e-10,3.9680658564709565e-11,0.45383955221890576,0.0
NGC5577,SA(rs)bc: HII,Mathewson96,74.4377229586622,2.205211141007927,2.2501662202071264e-10,3.8434241879747684e-11,0.45629450544048095,0.0
NGC5577,SA(rs)bc: HII,Mathewson96,74.4377229586622,2.5059217511453715,1.6772460628473095e-10,3.6780836689992546e-11,0.4439448721401189,0.0
NGC5577,SA(rs)bc: HII,Mathewson96,74.4377229586622,2.8066323612828157,1.539461842262339e-10,3.7163165470828486e-11,0.3983253605101272,0.0
NGC5577,SA(rs)bc: HII,Mathewson96,74.4377229586622,3.1073429714202607,1.353906277532093e-10,3.7270926431020865e-11,0.36259549450172074,0.0
NGC5577,SA(rs)bc: HII,Mathewson96,74.4377229586622,3.4125085535597415,1.2083444144186738e-10,3.6198802606421224e-11,0.35198958940581176,0.0
NGC5577,SA(rs)bc: HII,Mathewson96,74.4377229586622,3.7043092196931133,7.367277678552297e-11,3.349770378831308e-11,0.38793205600787395,0.0
NGC5577,SA(rs)bc: HII,Mathewson96,74.4377229586622,4.005019829830558,1.121526518088403e-10,3.2076095296043536e-11,0.4052812123439252,0.0
NGC5577,SA(rs)bc: HII,Mathewson96,74.4377229586622,4.305730439968003,1.3391684760046417e-10,3.315040897890148e-11,0.37341303644641205,0.0
NGC5577,SA(rs)bc: HII,Mathewson96,74.4377229586622,4.606441050105447,1.0059674589432933e-10,3.252677614004918e-11,0.3264758440244976,0.0
NGC5577,SA(rs)bc: HII,Mathewson96,74.4377229586622,4.907151660242892,8.152821850219079e-11,2.5840408123339674e-11,0.4110080577395617,0.0
NGC5577,SA(rs)bc: HII,Mathewson96,74.4377229586622,5.207862270380336,9.707232879675424e-11,3.068992199403001e-11,0.3366090750623891,0.0
NGC5577,SA(rs)bc: HII,Mathewson96,74.4377229586622,5.408336010471966,1.0449560342934726e-10,2.4364221500143565e-11,0.39511623313411515,0.0
NGC5599,Sb,Courteau97/Mathewson96,68.3299496823779,0.4171866191549706,1.167854803088974e-10,3.862750903210843e-11,0.699083652289799,0.0
NGC5599,Sb,Courteau97/Mathewson96,68.3299496823779,1.2515598574649116,2.867439852359273e-10,9.605806591896322e-11,0.6332533999712432,0.0
NGC5599,Sb,Courteau97/Mathewson96,68.3299496823779,2.0859330957748528,3.849875193508702e-10,1.257589334352068e-10,0.5541342343428272,0.0
NGC5599,Sb,Courteau97/Mathewson96,68.3299496823779,2.9203063340847937,3.3966962342907923e-10,1.4202791263822876e-10,0.5225110608008054,0.0
NGC5599,Sb,Courteau97/Mathewson96,68.3299496823779,3.754679572394735,3.254467056476308e-10,1.41138158761122e-10,0.4498073500865369,0.0
NGC5599,Sb,Courteau97/Mathewson96,68.3299496823779,4.5890528107046755,3.034284467928379e-10,1.5260204678641754e-10,0.3928322742707356,0.0
NGC5599,Sb,Courteau97/Mathewson96,68.3299496823779,5.423426049014617,2.8101172131214736e-10,1.1410131477042578e-10,0.4531307850819841,0.0
NGC5599,Sb,Courteau97/Mathewson96,68.3299496823779,6.257799287324557,2.38298706614173e-10,1.4273192993447437e-10,0.34829893846425863,0.0
NGC5599,Sb,Courteau97/Mathewson96,68.3299496823779,7.092172525634499,2.1271187656272508e-10,9.300723924095983e-11,0.4645296220039734,0.0
NGC5599,Sb,Courteau97/Mathewson96,68.3299496823779,8.00436441276998,1.8642134153508223e-10,9.157536431452734e-11,0.33825899213780947,0.0
NGC5599,Sb,Courteau97/Mathewson96,68.3299496823779,8.760919002254381,1.7194761009359537e-10,7.240849569632738e-11,0.4209905049312778,0.0
NGC5599,Sb,Courteau97/Mathewson96,68.3299496823779,9.453280229801468,2.0329780898577922e-10,7.00552273193421e-11,0.41688407273965594,0.0
NGC5599,Sb,Courteau97/Mathewson96,68.3299496823779,10.473491143916807,1.59302909724982e-10,5.608867849261092e-11,0.44399528515424513,0.0
NGC5599,Sb,Courteau97/Mathewson96,68.3299496823779,10.979171894407678,1.5615395385831305e-10,9.359106882323564e-11,0.19006106416955856,0.0
NGC5599,Sb,Courteau97/Mathewson96,68.3299496823779,16.732133232492185,7.638949299165507e-11,3.5065305491419865e-11,0.24453717484368442,0.0
NGC5619,SAB(rs)b,Courteau97/Mathewson96,62.979281225280886,0.537342040578867,6.88845441144975e-11,1.453333113317054e-10,0.6694210224875249,0.0
NGC5619,SAB(rs)b,Courteau97/Mathewson96,62.979281225280886,1.9686258395753036,5.140313761211263e-10,3.80556567355099e-10,0.5256637541440896,0.0
NGC5619,SAB(rs)b,Courteau97/Mathewson96,62.979281225280886,4.4794786473711,2.0382146685775363e-10,4.008085030681365e-10,0.3527661714426456,0.0
NGC5619,SAB(rs)b,Courteau97/Mathewson96,62.979281225280886,6.746085073085594,1.5760523384562149e-10,2.0866891288553508e-10,0.493269479539408,0.0
NGC5619,SAB(rs)b,Courteau97/Mathewson96,62.979281225280886,8.299492063122681,4.6448048810275223e-10,1.1239809520432957e-10,0.6557186266327348,0.0
NGC5619,SAB(rs)b,Courteau97/Mathewson96,62.979281225280886,10.448860225438148,2.600259899559043e-10,2.309575103897881e-10,0.30685402513111115,0.0
NGC5619,SAB(rs)b,Courteau97/Mathewson96,62.979281225280886,12.300971494598372,2.243000323317568e-10,4.0469764137091825e-11,0.817305171375503,0.0
NGC5619,SAB(rs)b,Courteau97/Mathewson96,62.979281225280886,14.53121234786965,2.574351166729216e-10,9.82795146471773e-11,0.5424127985106328,0.0
NGC5619,SAB(rs)b,Courteau97/Mathewson96,62.979281225280886,16.366787232346738,2.2987290720371234e-10,1.1650294324661451e-11,0.9313713368124326,0.0
NGC5619,SAB(rs)b,Courteau97/Mathewson96,62.979281225280886,18.45312730262974,1.91544335957065e-10,1.9139192174124558e-10,0.2045091339120399,0.0
NGC5619,SAB(rs)b,Courteau97/Mathewson96,62.979281225280886,20.24053485215621,1.9116420294815782e-10,1.407203160048259e-10,0.22405015702359696,0.0
NGC5619,SAB(rs)b,Courteau97/Mathewson96,62.979281225280886,24.060439713960196,1.8557329747416999e-10,5.423484672838385e-12,0.9515795112979529,0.0
NGC5619,SAB(rs)b,Courteau97/Mathewson96,62.979281225280886,25.7665459236096,1.7128279259599546e-10,7.075334703261536e-11,0.3955735515458209,0.0
NGC5619,SAB(rs)b,Courteau97/Mathewson96,62.979281225280886,28.102807799028756,1.558391953806402e-10,7.609181226344802e-11,0.3009111621264255,0.0
NGC5619,SAB(rs)b,Courteau97/Mathewson96,62.979281225280886,30.07812779870555,1.708866265398151e-10,1.1776759972014245e-10,0.13103123056458776,0.0
NGC5619,SAB(rs)b,Courteau97/Mathewson96,62.979281225280886,31.554228870350556,1.5184802477758358e-10,4.669170837542521e-11,0.4265306442280376,0.0
NGC5619,SAB(rs)b,Courteau97/Mathewson96,62.979281225280886,33.67180623372846,1.4119142171263248e-10,7.074787979840083e-11,0.1739029436607823,0.0
NGC5619,SAB(rs)b,Courteau97/Mathewson96,62.979281225280886,35.28383235546506,1.3947642255400135e-10,2.3049952763423394e-11,0.6351766833581558,0.0
NGC5619,SAB(rs)b,Courteau97/Mathewson96,62.979281225280886,38.50788459893826,1.3736958194953107e-10,3.217058124443596e-11,0.40120536887565866,0.0
NGC5645,SB(s)d,Mathewson96,55.59809533270836,0.1591780306886772,8.074203234936316e-11,3.6436910732560526e-11,0.13348144890139654,0.0
NGC5645,SB(s)d,Mathewson96,55.59809533270836,0.4444265580685042,1.802110492475228e-10,8.981843567115297e-11,0.3670695816846414,0.0
NGC5645,SB(s)d,Mathewson96,55.59809533270836,0.729675085448331,1.4956714292751889e-10,1.2565656925053557e-10,0.3196274290594672,0.0
NGC5645,SB(s)d,Mathewson96,55.59809533270836,1.0480311468256855,1.451119799140179e-10,1.3136784201812328e-10,0.3200128457536569,0.0
NGC5645,SB(s)d,Mathewson96,55.59809533270836,1.3332796742055124,1.2836840733810065e-10,1.256828484102098e-10,0.3164145225374145,0.0
NGC5645,SB(s)d,Mathewson96,55.59809533270836,1.6185282015853393,2.0092218838072374e-10,1.1670114258239413e-10,0.31006423185042054,0.0
NGC5645,SB(s)d,Mathewson96,55.59809533270836,1.9368842629626937,1.307358605330516e-10,1.0609278110627791e-10,0.2789240923308278,0.0
NGC5645,SB(s)d,Mathewson96,55.59809533270836,2.2221327903425205,1.3374546055631745e-10,9.75275821239595e-11,0.30622815080991966,0.0
NGC5645,SB(s)d,Mathewson96,55.59809533270836,2.444346069376773,8.408883862091692e-11,9.141072595631137e-11,0.3026957622631378,0.0
NGC5645,SB(s)d,Mathewson96,55.59809533270836,3.7445182095847582,7.046299321323952e-11,6.012072826128053e-11,0.2846859190984912,0.0
NGC5645,SB(s)d,Mathewson96,55.59809533270836,4.077838128136136,1.0341070036846524e-10,5.46689164733361e-11,0.30363225385966247,0.0
NGC5645,SB(s)d,Mathewson96,55.59809533270836,4.411158046687514,8.175970728228085e-11,5.279692437671638e-11,0.2944118377483404,0.0
NGC5645,SB(s)d,Mathewson96,55.59809533270836,4.6333713257217655,1.1419582073124454e-10,5.33066142072353e-11,0.23360289451454347,0.0
NGC5645,SB(s)d,Mathewson96,55.59809533270836,4.966691244273144,1.0556855902596749e-10,4.4082082928547446e-11,0.28637892230674644,0.0
NGC5645,SB(s)d,Mathewson96,55.59809533270836,5.300011162824522,8.493684510981027e-11,4.426974224859562e-11,0.27077345288000937,0.0
NGC5650,SABbc,Mathewson96,49.67849509660455,0.9004452330739583,4.897784393128646e-10,1.1762923752186282e-10,0.6854216698029607,0.0
NGC5650,SABbc,Mathewson96,49.67849509660455,1.8008904661479166,5.816557734413732e-10,2.1303942102596382e-10,0.5617247487903446,0.0
NGC5650,SABbc,Mathewson96,49.67849509660455,2.7013356992218753,4.8154761785958e-10,2.47010258009358e-10,0.47653669850053343,0.0
NGC5650,SABbc,Mathewson96,49.67849509660455,3.601780932295833,4.1663391753567823e-10,2.0597059661024324e-10,0.49498167900639395,0.0
NGC5650,SABbc,Mathewson96,49.67849509660455,4.502226165369791,3.3211898014265256e-10,2.2520286842888489e-10,0.4125788853678421,0.0
NGC5650,SABbc,Mathewson96,49.67849509660455,5.402671398443751,2.904168141735735e-10,2.0557038395760938e-10,0.3695969184126357,0.0
NGC5650,SABbc,Mathewson96,49.67849509660455,6.260822991782415,2.4258114476141065e-10,1.739441257343958e-10,0.44880223462226415,0.0
NGC5650,SABbc,Mathewson96,49.67849509660455,6.345410271253,1.792890044608327e-10,1.4668397779405618e-10,0.5022245049996146,0.0
NGC5650,SABbc,Mathewson96,49.67849509660455,7.203561864591666,1.9374085705294498e-10,1.818159337917464e-10,0.30948478890335196,0.0
NGC5650,SABbc,Mathewson96,49.67849509660455,8.104007097665626,1.6636051995193553e-10,1.9457146807944281e-10,0.28856193033962935,0.0
NGC5650,SABbc,Mathewson96,49.67849509660455,9.004452330739582,1.5606493179238292e-10,1.6510438591241312e-10,0.2991086276769373,0.0
NGC5650,SABbc,Mathewson96,49.67849509660455,9.904897563813542,1.5399090200203432e-10,1.482354362706451e-10,0.28308831235040377,0.0
NGC5650,SABbc,Mathewson96,49.67849509660455,10.805342796887501,1.646503095697573e-10,1.4598982220993874e-10,0.23634242306813466,0.0
NGC5650,SABbc,Mathewson96,49.67849509660455,11.705788029961457,1.4177843115797147e-10,1.432683160196854e-10,0.19414840046863907,0.0
NGC5650,SABbc,Mathewson96,49.67849509660455,12.563939623300124,1.449065870934001e-10,6.64041583487232e-11,0.47295348546568183,0.0
NGC5650,SABbc,Mathewson96,49.67849509660455,12.648526902770707,1.2110378788920196e-10,7.561383152520305e-11,0.3789033967609476,0.0
NGC5661,SBb:,Mathewson96,71.99750561135582,0.17723143044142242,1.3976639922742052e-11,1.56738065267375e-11,0.3381451145440381,0.0
NGC5661,SBb:,Mathewson96,71.99750561135582,0.43341140717038756,5.136864868925255e-11,3.626808316135031e-11,0.48089452036634406,0.0
NGC5661,SBb:,Mathewson96,71.99750561135582,0.7089257217656897,4.618033861193421e-11,5.285546881499796e-11,0.44165918185837555,0.0
NGC5661,SBb:,Mathewson96,71.99750561135582,1.0633885826485345,1.1305549356705927e-10,6.153196632475867e-11,0.4024128092019099,0.0
NGC5661,SBb:,Mathewson96,71.99750561135582,1.4178514435313796,1.1295013795927757e-10,6.175271411815751e-11,0.39870101223766,0.0
NGC5661,SBb:,Mathewson96,71.99750561135582,1.6933657581266817,1.426984107498501e-10,6.096438096036408e-11,0.3955439852871629,0.0
NGC5661,SBb:,Mathewson96,71.99750561135582,1.9495457348556469,1.315571874672356e-10,6.312967980624416e-11,0.36540946252181833,0.0
NGC5661,SBb:,Mathewson96,71.99750561135582,2.205725711584612,1.121236635040782e-10,6.629940496447564e-11,0.3255326344650712,0.0
NGC5661,SBb:,Mathewson96,71.99750561135582,2.481240026179914,1.3453454912522603e-10,6.638249758250512e-11,0.2841003017897074,0.0
NGC5661,SBb:,Mathewson96,71.99750561135582,2.8357028870627587,1.3250684480149425e-10,5.877144020131416e-11,0.272460807651309,0.0
NGC5661,SBb:,Mathewson96,71.99750561135582,3.1901657479456036,1.3720616635004203e-10,5.3380930329157036e-11,0.2737499441786203,0.0
NGC5661,SBb:,Mathewson96,71.99750561135582,3.4656800625409065,1.1498132588140028e-10,4.9279269975356114e-11,0.25712676930746337,0.0
NGC5661,SBb:,Mathewson96,71.99750561135582,3.721860039269871,1.2159766788333057e-10,4.391833380845872e-11,0.2501157618726878,0.0
NGC5661,SBb:,Mathewson96,71.99750561135582,3.9780400159988365,1.537841996922425e-10,4.1400123538538846e-11,0.272894057528237,0.0
NGC5665,SAB(rs)c pec? HII,Mathewson96,55.08446566905312,0.14857511453712458,1.0911732727630477e-11,5.82884222983413e-11,0.16321043741180633,0.0
NGC5665,SAB(rs)c pec? HII,Mathewson96,55.08446566905312,0.4457253436113737,7.083289040413018e-11,1.58216832492405e-10,0.44265797036872506,0.0
NGC5665,SAB(rs)c pec? HII,Mathewson96,55.08446566905312,0.7428755726856229,1.6463570814548824e-10,2.2364408362512146e-10,0.3963474238231555,0.0
NGC5665,SAB(rs)c pec? HII,Mathewson96,55.08446566905312,1.040025801759872,1.79898757771041e-10,2.6107962460122225e-10,0.3779923127645894,0.0
NGC5665,SAB(rs)c pec? HII,Mathewson96,55.08446566905312,1.3371760308341212,2.1478484546317578e-10,2.6099464257444744e-10,0.37122418735467694,0.0
NGC5665,SAB(rs)c pec? HII,Mathewson96,55.08446566905312,1.6343262599083703,2.2475064648035864e-10,2.4967125557285926e-10,0.36258981000250495,0.0
NGC5665,SAB(rs)c pec? HII,Mathewson96,55.08446566905312,1.9314764889826195,2.1481744286578655e-10,2.5097142987323563e-10,0.3066887488161556,0.0
NGC5665,SAB(rs)c pec? HII,Mathewson96,55.08446566905312,2.248736885075025,2.09263967832348e-10,2.4186769903544635e-10,0.31370611557135547,0.0
NGC5665,SAB(rs)c pec? HII,Mathewson96,55.08446566905312,2.694462228686399,2.368087142094748e-10,2.309561674164828e-10,0.2725505918708589,0.0
NGC5665,SAB(rs)c pec? HII,Mathewson96,55.08446566905312,2.991612457760648,2.2921358517210289e-10,2.1960353351334233e-10,0.2501037124441915,0.0
NGC5665,SAB(rs)c pec? HII,Mathewson96,55.08446566905312,3.288762686834897,1.761372439465003e-10,2.0472924467642333e-10,0.23022549982597865,0.0
NGC5690,Sc? sp HII,Courteau97,74.38435604605557,0.25363977971849977,4.135546928721161e-11,3.6251197035705087e-11,0.5819373164320414,0.0
NGC5690,Sc? sp HII,Courteau97,74.38435604605557,0.7864396649940609,7.97974589244932e-11,1.1554984563428646e-10,0.5191461679181805,0.0
NGC5690,Sc? sp HII,Courteau97,74.38435604605557,1.3192395502696221,9.147425732045152e-11,1.37643984753555e-10,0.5169100705367152,0.0
NGC5690,Sc? sp HII,Courteau97,74.38435604605557,1.8265191097066216,1.1684961106505112e-10,1.363479368367509e-10,0.5123075214089042,0.0
NGC5690,Sc? sp HII,Courteau97,74.38435604605557,2.359318994982183,1.54500186059622e-10,1.4793667574388958e-10,0.48240549465934357,0.0
NGC5690,Sc? sp HII,Courteau97,74.38435604605557,2.8921188802577444,1.4776213838458992e-10,1.7271896914628448e-10,0.4008821976305305,0.0
NGC5690,Sc? sp HII,Courteau97,74.38435604605557,3.399398439694744,1.4032655714639483e-10,1.926678221733357e-10,0.28628437155749215,0.0
NGC5690,Sc? sp HII,Courteau97,74.38435604605557,3.932198324970305,1.3242886134386362e-10,1.6958418782235703e-10,0.2776371052147782,0.0
NGC5690,Sc? sp HII,Courteau97,74.38435604605557,4.464998210245866,1.2406144510314204e-10,1.5044602918879832e-10,0.21298141428994083,0.0
NGC5690,Sc? sp HII,Courteau97,74.38435604605557,4.972277769682866,1.0219444671916885e-10,1.3140120437675808e-10,0.22790695136298342,0.0
NGC5690,Sc? sp HII,Courteau97,74.38435604605557,5.4892996200911215,1.0669541406155894e-10,1.2232436164772344e-10,0.20879214032275561,0.0
NGC5690,Sc? sp HII,Courteau97,74.38435604605557,6.034435908079412,1.1372789726700452e-10,1.1551822842802752e-10,0.17153714996172453,0.0
NGC5690,Sc? sp HII,Courteau97,74.38435604605557,6.57292749510059,1.1984934106759625e-10,1.0115640734747172e-10,0.13817488447105114,0.0
NGC5690,Sc? sp HII,Courteau97,74.38435604605557,7.081984426829564,8.29896491294448e-11,7.728815416268124e-11,0.20847392952117358,0.0
NGC5690,Sc? sp HII,Courteau97,74.38435604605557,7.641671857157863,8.150815695297862e-11,7.212744821368494e-11,0.185018988154886,0.0
NGC5690,Sc? sp HII,Courteau97,74.38435604605557,8.100491824109762,7.45702914899196e-11,7.507794254221212e-11,0.10411451789210045,0.0
NGC5690,Sc? sp HII,Courteau97,74.38435604605557,8.457446538029558,8.629298581755413e-11,5.955188539964148e-11,0.16166466467935994,0.0
NGC5690,Sc? sp HII,Courteau97,74.38435604605557,9.865708716456986,4.9940394772028725e-11,4.816538648814625e-11,0.09454002042427886,0.0
NGC5690,Sc? sp HII,Courteau97,74.38435604605557,10.374581440864906,5.425498808620176e-11,3.9246906325934886e-11,0.13511521665487874,0.0
NGC5740,SAB(rs)b NLAGN,Courteau97,62.09277646510774,0.14717918405934116,2.827485771750958e-09,1.9306922193661035e-10,0.0,0.0
NGC5740,SAB(rs)b NLAGN,Courteau97,62.09277646510774,0.45016165030422034,1.6860293827204173e-09,3.586114501359484e-10,0.1636617573131671,0.0
NGC5740,SAB(rs)b NLAGN,Courteau97,62.09277646510774,0.7782260623123515,8.968293950744103e-10,2.9273003450448767e-10,0.2068848605943801,0.0
NGC5740,SAB(rs)b NLAGN,Courteau97,62.09277646510774,1.0470956875863575,5.967464250135474e-10,2.374732306187558e-10,0.23557602306140196,0.0
NGC5740,SAB(rs)b NLAGN,Courteau97,62.09277646510774,1.3563428288851722,6.632850880306924e-10,2.0018043493898602e-10,0.2678155482337663,0.0
NGC5740,SAB(rs)b NLAGN,Courteau97,62.09277646510774,1.6507011970038548,5.572198897253252e-10,1.7836933148218724e-10,0.26438650621385945,0.0
NGC5740,SAB(rs)b NLAGN,Courteau97,62.09277646510774,1.947012191113374,5.253748466113105e-10,1.6389779433854331e-10,0.26165526180957727,0.0
NGC5740,SAB(rs)b NLAGN,Courteau97,62.09277646510774,2.241370559232056,3.778974950951162e-10,1.442568084908135e-10,0.24622900526083885,0.0
NGC5740,SAB(rs)b NLAGN,Courteau97,62.09277646510774,2.550617700530871,3.1547766602838353e-10,1.3006819907986775e-10,0.2583943972377184,0.0
NGC5740,SAB(rs)b NLAGN,Courteau97,62.09277646510774,2.8513221031197733,3.7734818575092157e-10,1.199544862643132e-10,0.25334054599044964,0.0
NGC5740,SAB(rs)b NLAGN,Courteau97,62.09277646510774,3.186258480110538,2.3065160943256892e-10,1.1163893215452634e-10,0.2331057280932503,0.0
NGC5740,SAB(rs)b NLAGN,Courteau97,62.09277646510774,3.4697350263011177,3.4684606163569266e-10,1.080842970561062e-10,0.1997697311990067,0.0
NGC5740,SAB(rs)b NLAGN,Courteau97,62.09277646510774,3.7239018427750716,2.3738471716116587e-10,1.0459105938182972e-10,0.14837773875235322,0.0
NGC5806,SAB(s)b NLAGN,Courteau97/Mathewson96,61.68816538616377,0.14224043229179292,3.1440240587889935e-09,2.0651292076183205e-10,0.0,0.0
NGC5806,SAB(s)b NLAGN,Courteau97/Mathewson96,61.68816538616377,0.44167059835275385,1.860364508124523e-09,4.841274982636935e-10,0.1840543174888969,0.0
NGC5806,SAB(s)b NLAGN,Courteau97/Mathewson96,61.68816538616377,0.684806615761278,7.427540612269438e-10,5.170453515631525e-10,0.1808472224101317,0.0
NGC5806,SAB(s)b NLAGN,Courteau97/Mathewson96,61.68816538616377,1.0035286141613944,3.584502484141442e-10,4.0155529091628985e-10,0.23314353732199236,0.0
NGC5806,SAB(s)b NLAGN,Courteau97/Mathewson96,61.68816538616377,1.4805275233316366,1.3956641360415592e-10,2.7287868762845457e-10,0.30279498907330177,0.0
NGC5806,SAB(s)b NLAGN,Courteau97/Mathewson96,61.68816538616377,1.5722654953579132,9.547306293521431e-11,2.578208818271886e-10,0.32402040560467277,0.0
NGC5806,SAB(s)b NLAGN,Courteau97/Mathewson96,61.68816538616377,1.953864622694107,1.5304078151970085e-10,2.1176955894020717e-10,0.3530478505420813,0.0
NGC5806,SAB(s)b NLAGN,Courteau97/Mathewson96,61.68816538616377,2.2412845714655094,2.2010873273818344e-10,1.883094363817324e-10,0.37074704397232844,0.0
NGC5806,SAB(s)b NLAGN,Courteau97/Mathewson96,61.68816538616377,2.5757941095193075,1.5269442186040159e-10,1.68569882502898e-10,0.3976663561146079,0.0
NGC5806,SAB(s)b NLAGN,Courteau97/Mathewson96,61.68816538616377,2.9103036475731057,2.0875258566335094e-10,1.5779891304691324e-10,0.3766185223126302,0.0
NGC5806,SAB(s)b NLAGN,Courteau97/Mathewson96,61.68816538616377,3.181320401533087,2.7525678372912347e-10,1.5395385597592984e-10,0.3750257520179448,0.0
NGC5806,SAB(s)b NLAGN,Courteau97/Mathewson96,61.68816538616377,3.477507891581911,2.9446293402568094e-10,1.563909839003808e-10,0.35342136291348786,0.0
NGC5806,SAB(s)b NLAGN,Courteau97/Mathewson96,61.68816538616377,3.762762531452258,2.795063214218143e-10,1.6866264794173047e-10,0.3050064692211886,0.0
NGC5806,SAB(s)b NLAGN,Courteau97/Mathewson96,61.68816538616377,4.06743956197125,3.2160460801765765e-10,1.7906367427278655e-10,0.23214895436740413,0.0
NGC5806,SAB(s)b NLAGN,Courteau97/Mathewson96,61.68816538616377,4.384267751570929,3.0054432810550693e-10,1.6640065825076155e-10,0.18632025773149624,0.0
NGC5806,SAB(s)b NLAGN,Courteau97/Mathewson96,61.68816538616377,4.6849323165183945,2.1494145411729037e-10,1.3850225906036418e-10,0.22750929583775423,0.0
NGC5806,SAB(s)b NLAGN,Courteau97/Mathewson96,61.68816538616377,5.006657641383657,1.960045281827423e-10,1.3582789990256654e-10,0.20937862082602854,0.0
NGC5806,SAB(s)b NLAGN,Courteau97/Mathewson96,61.68816538616377,5.292856986885802,2.1594311930583533e-10,1.2947818165753888e-10,0.14872412039891386,0.0
NGC5806,SAB(s)b NLAGN,Courteau97/Mathewson96,61.68816538616377,5.579056332387948,1.8777052830361782e-10,1.0894087313566179e-10,0.21656519748068623,0.0
NGC5806,SAB(s)b NLAGN,Courteau97/Mathewson96,61.68816538616377,5.884118816570916,1.6105664887626348e-10,1.1439763987602182e-10,0.1386365378127043,0.0
NGC5806,SAB(s)b NLAGN,Courteau97/Mathewson96,61.68816538616377,6.049406165854605,1.2000250181341595e-10,1.0232884172628976e-10,0.17813897700545916,0.0
NGC6016,Scd:,Courteau97,62.741708812889094,0.26260074176423537,1.2636905527887813e-10,1.6339568470397004e-11,0.6728864271577307,0.0
NGC6016,Scd:,Courteau97,62.741708812889094,0.787802225292706,2.5443639886692633e-10,4.694726177306261e-11,0.647290028222924,0.0
NGC6016,Scd:,Courteau97,62.741708812889094,1.3130037088211768,2.5953765370566336e-10,6.931956663770947e-11,0.574048687560047,0.0
NGC6016,Scd:,Courteau97,62.741708812889094,1.8382051923496474,1.976651584344891e-10,8.135301577439072e-11,0.5330240962664751,0.0
NGC6016,Scd:,Courteau97,62.741708812889094,2.3634066758781183,2.0101535660437543e-10,8.455541245027758e-11,0.498976635514566,0.0
NGC6016,Scd:,Courteau97,62.741708812889094,2.8326397184851206,1.851361703327241e-10,8.520156918528695e-11,0.4871579356091111,0.0
NGC6016,Scd:,Courteau97,62.741708812889094,3.282509272052942,2.3123253702023912e-10,9.593190314373331e-11,0.4150478776206318,0.0
NGC6016,Scd:,Courteau97,62.741708812889094,3.8077107555814127,2.4618532311912717e-10,8.222371954973239e-11,0.43475207756142514,0.0
NGC6016,Scd:,Courteau97,62.741708812889094,4.238216820110052,1.4337350451036315e-10,7.518390993902752e-11,0.4173293575930125,0.0
NGC6016,Scd:,Courteau97,62.741708812889094,4.763418303638524,2.1035111912511953e-10,7.728547090171666e-11,0.3802348844579428,0.0
NGC6016,Scd:,Courteau97,62.741708812889094,5.419920158049112,1.9498101230815013e-10,6.748718597968764e-11,0.4342171147860852,0.0
NGC6016,Scd:,Courteau97,62.741708812889094,5.745651179146567,1.2291352533846127e-10,7.011452642140342e-11,0.34908779577164933,0.0
NGC6016,Scd:,Courteau97,62.741708812889094,6.358386243263117,1.4317480288897155e-10,7.469943571832653e-11,0.3114936049030945,0.0
NGC6016,Scd:,Courteau97,62.741708812889094,6.77165084494865,9.353463620657766e-11,4.529484345220698e-11,0.5010524486071244,0.0
NGC6016,Scd:,Courteau97,62.741708812889094,7.316215817516302,1.0472580776653709e-10,5.232213057800818e-11,0.42480523625745586,0.0
NGC6016,Scd:,Courteau97,62.741708812889094,7.746721882044943,1.2426988329109118e-10,7.184039086356327e-11,0.25626239114733673,0.0
NGC6016,Scd:,Courteau97,62.741708812889094,8.965030171866289,1.2670229225820145e-10,3.813433915111308e-11,0.4402974706536647,0.0
NGC6016,Scd:,Courteau97,62.741708812889094,9.490231655394759,9.686063053029285e-11,5.738335834247236e-11,0.22775661043955714,0.0
NGC6016,Scd:,Courteau97,62.741708812889094,9.884132768041113,9.491957789757754e-11,3.519129618240931e-11,0.41349052797166086,0.0
NGC6016,Scd:,Courteau97,62.741708812889094,10.146733509805347,8.123905839496438e-11,5.018666603910171e-11,0.17515705100188855,0.0
NGC6022,(R')SB(s)bc,SCII,45.69424212774855,0.2985452694349502,5.5367672757773095e-11,2.696584818705567e-11,0.744225719182848,0.0
NGC6022,(R')SB(s)bc,SCII,45.69424212774855,0.8956358083048507,2.5313840821457264e-10,9.054968705364391e-11,0.6423233682787575,0.0
NGC6022,(R')SB(s)bc,SCII,45.69424212774855,1.575528005235983,4.714386887038481e-10,1.379642485487316e-10,0.5651876718188583,0.0
NGC6022,(R')SB(s)bc,SCII,45.69424212774855,2.2390895207621266,3.6602980161540843e-10,1.7264028040061416e-10,0.48873269077641646,0.0
NGC6022,(R')SB(s)bc,SCII,45.69424212774855,2.90265103628827,3.0437704701738816e-10,1.931277574430465e-10,0.3638971946820383,0.0
NGC6022,(R')SB(s)bc,SCII,45.69424212774855,3.544055559595666,2.5207764469357753e-10,1.9008321808139968e-10,0.33399853014964087,0.0
NGC6022,(R')SB(s)bc,SCII,45.69424212774855,4.2134433859355696,1.8414137126869302e-10,1.611244019091621e-10,0.33421548145878477,0.0
NGC6022,(R')SB(s)bc,SCII,45.69424212774855,4.810533924805469,1.898419628391732e-10,1.7410312901881982e-10,0.2692923346473942,0.0
NGC6022,(R')SB(s)bc,SCII,45.69424212774855,5.40762446367537,8.582597085368673e-11,1.419330611583527e-10,0.30240246999074455,0.0
NGC6022,(R')SB(s)bc,SCII,45.69424212774855,6.00471500254527,1.0063843733538677e-10,1.1635118926710061e-10,0.3248045967277482,0.0
NGC6022,(R')SB(s)bc,SCII,45.69424212774855,6.71726856228638,9.995489926748546e-11,9.017660189592894e-11,0.3577320844624706,0.0
NGC6022,(R')SB(s)bc,SCII,45.69424212774855,7.42982212202749,6.860245163981421e-11,7.5919799986847e-11,0.36318215550825744,0.0
NGC6022,(R')SB(s)bc,SCII,45.69424212774855,8.060722274743656,8.663418066669288e-11,7.122538757761803e-11,0.3511736630095573,0.0
NGC6022,(R')SB(s)bc,SCII,45.69424212774855,8.657812813613557,9.142097683046276e-11,7.861219999251531e-11,0.2621946618784485,0.0
NGC6022,(R')SB(s)bc,SCII,45.69424212774855,9.254903352483456,9.387249713226173e-11,8.09239195096742e-11,0.19246840431922677,0.0
NGC6022,(R')SB(s)bc,SCII,45.69424212774855,9.851993891353358,9.339756351899965e-11,4.6409655387081694e-11,0.4149067890019698,0.0
NGC6022,(R')SB(s)bc,SCII,45.69424212774855,10.449084430223257,9.478350832026224e-11,6.445522079187937e-11,0.22907054781578107,0.0
NGC6022,(R')SB(s)bc,SCII,45.69424212774855,11.046174969093158,8.921244073189678e-11,4.945524433169267e-11,0.2317555986751012,0.0
NGC6022,(R')SB(s)bc,SCII,45.69424212774855,11.604777834339322,8.217710124871524e-11,5.200042078378668e-11,0.24093026094390768,0.0
NGC6022,(R')SB(s)bc,SCII,45.69424212774855,12.4234382953967,6.266668270458954e-11,5.820130886828039e-11,0.1477799004135129,0.0
NGC6063,Scd:,Courteau97,59.5362566201827,0.14886700167260564,7.63041752297246e-11,1.0564931731718839e-11,0.38138431733936334,0.0
NGC6063,Scd:,Courteau97,59.5362566201827,0.48724136426441716,1.5266034689609212e-10,3.069131269194179e-11,0.5842904106545315,0.0
NGC6063,Scd:,Courteau97,59.5362566201827,0.8256157268562285,2.0220935156164999e-10,4.189345235657103e-11,0.5594414490056884,0.0
NGC6063,Scd:,Courteau97,59.5362566201827,1.12334973020144,1.578339645958965e-10,4.7330400368606704e-11,0.5653952805098023,0.0
NGC6063,Scd:,Courteau97,59.5362566201827,1.4617240927932513,2.664100791656432e-10,5.4340949452577876e-11,0.5130603119348476,0.0
NGC6063,Scd:,Courteau97,59.5362566201827,1.7414572346253605,3.959687905894087e-10,6.112082305696721e-11,0.48110183776924426,0.0
NGC6063,Scd:,Courteau97,59.5362566201827,2.0573028361573704,3.34588526717352e-10,6.336076158222786e-11,0.4667494817430365,0.0
NGC6063,Scd:,Courteau97,59.5362566201827,2.4362068213220858,3.0352908512499536e-10,5.938839965209001e-11,0.4660939630441727,0.0
NGC6063,Scd:,Courteau97,59.5362566201827,2.724921937798463,2.5833520744557784e-10,5.7906929169671386e-11,0.4687769380576526,0.0
NGC6063,Scd:,Courteau97,59.5362566201827,3.045258526652607,1.5437483495366166e-10,5.7463523977203225e-11,0.4617596556535925,0.0
NGC6063,Scd:,Courteau97,59.5362566201827,3.397216587884517,1.49689631206435e-10,5.574544014617443e-11,0.450877303518311,0.0
NGC6063,Scd:,Courteau97,59.5362566201827,3.715215402516181,1.746323241142683e-10,5.6835092033748353e-11,0.42805400312885533,0.0
NGC6063,Scd:,Courteau97,59.5362566201827,4.019741255181441,1.823134121570783e-10,6.0434404062686e-11,0.38207776441321195,0.0
NGC6063,Scd:,Courteau97,59.5362566201827,4.371699316413352,1.5772008012810592e-10,6.131580284486398e-11,0.33952234005172566,0.0
NGC6063,Scd:,Courteau97,59.5362566201827,4.676225169078613,1.527819126225276e-10,5.313728610016895e-11,0.30511384341347997,0.0
NGC6063,Scd:,Courteau97,59.5362566201827,5.0179400879936,1.6830030567467593e-10,4.6503133513236276e-11,0.3988836793340332,0.0
NGC6063,Scd:,Courteau97,59.5362566201827,5.359655006908588,1.5180343506001597e-10,5.4380043716950236e-11,0.3131202985954843,0.0
NGC6063,Scd:,Courteau97,59.5362566201827,5.598784701718663,1.4268201410402053e-10,4.390953028697237e-11,0.34374387093589404,0.0
NGC6063,Scd:,Courteau97,59.5362566201827,5.894328579739655,1.2909235224431496e-10,5.37283979332986e-11,0.2655528837717399,0.0
NGC6063,Scd:,Courteau97,59.5362566201827,6.198854432404916,8.450366879497539e-11,4.4252253026132016e-11,0.25447047317556565,0.0
NGC6063,Scd:,Courteau97,59.5362566201827,6.442475114537124,9.89162487907339e-11,5.2277835471396243e-11,0.20968441664708296,0.0
NGC6070,SA(s)cd,Courteau97,64.35841969462976,0.31239282573388605,7.627858295976796e-10,1.2559724606564597e-10,0.3419017925917995,0.0
NGC6070,SA(s)cd,Courteau97,64.35841969462976,0.9059689919232425,4.660266612886298e-10,2.210538690972228e-10,0.3351301612647747,0.0
NGC6070,SA(s)cd,Courteau97,64.35841969462976,1.577275936946051,3.054262482365628e-10,1.529969487607797e-10,0.44482796574504135,0.0
NGC6070,SA(s)cd,Courteau97,64.35841969462976,2.1893305614679,2.564260626885179e-10,1.192839023929412e-10,0.49100168709484926,0.0
NGC6070,SA(s)cd,Courteau97,64.35841969462976,2.773538546175208,2.628050193326947e-10,1.179870704393579e-10,0.5015776265083929,0.0
NGC6070,SA(s)cd,Courteau97,64.35841969462976,3.4259267579962436,2.4681384582746554e-10,1.168718904164961e-10,0.4820768035302559,0.0
NGC6070,SA(s)cd,Courteau97,64.35841969462976,4.043408755206569,2.5098274085586837e-10,1.252519403464924e-10,0.42411526590409526,0.0
NGC6070,SA(s)cd,Courteau97,64.35841969462976,4.639837960192427,2.412796980189988e-10,1.07459328087544e-10,0.44344708541800865,0.0
NGC6070,SA(s)cd,Courteau97,64.35841969462976,5.219694754320897,2.0326190725909329e-10,1.216914799310259e-10,0.26898743019524624,0.0
NGC6070,SA(s)cd,Courteau97,64.35841969462976,5.915238474998734,1.7546248750237222e-10,1.2615483447829094e-10,0.2521068085829347,0.0
NGC6070,SA(s)cd,Courteau97,64.35841969462976,6.521784167740607,1.5929878852034332e-10,1.0799830800057616e-10,0.26095088844184827,0.0
NGC6070,SA(s)cd,Courteau97,64.35841969462976,7.141442265105106,1.5077653438054653e-10,9.896177288264376e-11,0.24520118061097804,0.0
NGC6070,SA(s)cd,Courteau97,64.35841969462976,7.769418577692666,1.4418629412606177e-10,9.17568054157341e-11,0.21165989940046848,0.0
NGC6070,SA(s)cd,Courteau97,64.35841969462976,8.363726960269556,1.4889108239450666e-10,5.77693987542175e-11,0.35201126262997956,0.0
NGC6070,SA(s)cd,Courteau97,64.35841969462976,8.973532878847868,1.3738942938960745e-10,5.8110166009497196e-11,0.3393091759865361,0.0
NGC6070,SA(s)cd,Courteau97,64.35841969462976,9.486844094135812,1.2959290712310406e-10,7.726185884646999e-11,0.1745967533151598,0.0
NGC6070,SA(s)cd,Courteau97,64.35841969462976,12.135454189513489,8.14936560035078e-11,3.669237955358395e-11,0.2835216928516387,0.0
NGC6073,Sc:,Courteau97,65.82018736024307,0.23732729508156983,1.4406199661877047e-10,2.2844789892583005e-11,0.5945965608020115,0.0
NGC6073,Sc:,Courteau97,65.82018736024307,0.7053545462390615,2.1396201865411082e-10,5.957224057618443e-11,0.5826472950188628,0.0
NGC6073,Sc:,Courteau97,65.82018736024307,1.1800091364022012,2.3811275333625745e-10,8.53550043911477e-11,0.5007910448931688,0.0
NGC6073,Sc:,Courteau97,65.82018736024307,1.6480363875596928,1.4294397134959638e-10,9.330538117320561e-11,0.49928376932947405,0.0
NGC6073,Sc:,Courteau97,65.82018736024307,2.1226909777228324,1.4172175553262743e-10,8.92712455716092e-11,0.4976484516424125,0.0
NGC6073,Sc:,Courteau97,65.82018736024307,2.5907182288803243,1.7436099227427157e-10,8.402596413023564e-11,0.5051623786588235,0.0
NGC6073,Sc:,Courteau97,65.82018736024307,3.0653728190434637,1.8666232956453247e-10,7.551223802065723e-11,0.4896637383678259,0.0
NGC6073,Sc:,Courteau97,65.82018736024307,3.5334000702009556,1.6921955102643175e-10,7.428481598439848e-11,0.5303155771160194,0.0
NGC6073,Sc:,Courteau97,65.82018736024307,4.008054660364095,1.5541374242211886e-10,6.278136447783205e-11,0.5561075232848799,0.0
NGC6073,Sc:,Courteau97,65.82018736024307,4.476081911521587,1.4114859551596341e-10,6.587808671910878e-11,0.4893390810174585,0.0
NGC6073,Sc:,Courteau97,65.82018736024307,4.950736501684727,1.188577978844327e-10,7.232935250707119e-11,0.4081997142415478,0.0
NGC6073,Sc:,Courteau97,65.82018736024307,5.418763752842219,1.3383183986433087e-10,6.942835631088456e-11,0.4257366529839807,0.0
NGC6073,Sc:,Courteau97,65.82018736024307,5.893418343005358,1.159765056252955e-10,6.319312847473643e-11,0.4854498862756242,0.0
NGC6073,Sc:,Courteau97,65.82018736024307,6.361445594162849,1.0668613145244893e-10,7.668007295291231e-11,0.4009629722679979,0.0
NGC6073,Sc:,Courteau97,65.82018736024307,6.815018390420091,9.504897255547499e-11,1.0076915732326118e-10,0.23691921159147908,0.0
NGC6073,Sc:,Courteau97,65.82018736024307,7.314068443991953,1.1323324795734668e-10,9.135794037474997e-11,0.171988862826175,0.0
NGC6073,Sc:,Courteau97,65.82018736024307,7.78540936465227,1.446087041741635e-10,6.441866392372243e-11,0.31679496519332906,0.0
NGC6073,Sc:,Courteau97,65.82018736024307,8.822359390104964,1.2766289266831816e-10,6.85080689834356e-11,0.10978013614235357,0.0
NGC6073,Sc:,Courteau97,65.82018736024307,9.199432126633216,1.3131855867203053e-10,6.193099728267884e-11,0.15032271370601913,0.0
NGC6073,Sc:,Courteau97,65.82018736024307,9.482236679029405,1.413068381278472e-10,5.059649527410885e-11,0.20658848806695282,0.0
NGC6106,SA(s)c,Courteau97,60.35339496415912,0.15495785879545462,2.138361030437387e-10,3.5008682899026586e-11,0.19532319986105684,0.0
NGC6106,SA(s)c,Courteau97,60.35339496415912,0.4636701100795364,1.3978667704832527e-10,8.625504435820748e-11,0.3997508686316321,0.0
NGC6106,SA(s)c,Courteau97,60.35339496415912,0.7735858276704456,1.3014588581798767e-10,1.16947080225075e-10,0.39419850471375933,0.0
NGC6106,SA(s)c,Courteau97,60.35339496415912,1.0822980789545271,1.411176792806374e-10,1.3496497848145725e-10,0.33178428141587885,0.0
NGC6106,SA(s)c,Courteau97,60.35339496415912,1.3922137965454366,1.7935994272341163e-10,1.3754839487319106e-10,0.313770779078681,0.0
NGC6106,SA(s)c,Courteau97,60.35339496415912,1.700926047829518,1.485289685734886e-10,1.261694773311984e-10,0.31102919487536224,0.0
NGC6106,SA(s)c,Courteau97,60.35339496415912,2.027725009090248,1.6434256135493676e-10,1.1478606938679663e-10,0.30341106128971623,0.0
NGC6106,SA(s)c,Courteau97,60.35339496415912,2.3370389935277434,1.0416146263151071e-10,1.0796818946113534e-10,0.27640529691923876,0.0
NGC6106,SA(s)c,Courteau97,60.35339496415912,2.646352977965239,9.188413809745388e-11,1.0479758929872814e-10,0.20114759702572527,0.0
NGC6106,SA(s)c,Courteau97,60.35339496415912,2.9737536723793827,1.1008573853243865e-10,9.825779311655682e-11,0.21834238690226718,0.0
NGC6106,SA(s)c,Courteau97,60.35339496415912,3.312010360250856,1.0119514269136502e-10,8.621296695438169e-11,0.2214985148706746,0.0
NGC6106,SA(s)c,Courteau97,60.35339496415912,3.5917799081009596,1.010634304777849e-10,7.659287530234054e-11,0.2171994840493234,0.0
NGC6106,SA(s)c,Courteau97,60.35339496415912,3.9004921593850415,1.275035539477326e-10,6.816330271106438e-11,0.20052138413773196,0.0
NGC6106,SA(s)c,Courteau97,60.35339496415912,4.210407876975951,1.027750269819799e-10,5.957217572592483e-11,0.21101222163490818,0.0
NGC6106,SA(s)c,Courteau97,60.35339496415912,4.519120128260032,8.973962187165053e-11,5.522672494023747e-11,0.22953093907243066,0.0
NGC6106,SA(s)c,Courteau97,60.35339496415912,4.831442778464597,1.2845336332528574e-10,5.279923699736144e-11,0.20370398472569407,0.0
NGC6106,SA(s)c,Courteau97,60.35339496415912,5.140756762902092,7.636640908451727e-11,4.524576488236504e-11,0.18711118138769306,0.0
NGC6106,SA(s)c,Courteau97,60.35339496415912,5.450070747339588,4.6616752474591815e-11,4.0888019270429583e-11,0.2432697411794617,0.0
NGC6106,SA(s)c,Courteau97,60.35339496415912,5.725016511284028,5.931162988398662e-11,4.1557359401724533e-11,0.17757366730686436,0.0
NGC6106,SA(s)c,Courteau97,60.35339496415912,6.089805663749708,6.710138726033965e-11,3.4134232715946666e-11,0.2432524506462829,0.0
NGC7290,SA(r)bc,Courteau97,60.92029704133475,0.19723495386194134,1.9239645655966888e-10,2.5241839725011467e-11,0.3379425278034691,0.0
NGC7290,SA(r)bc,Courteau97,60.92029704133475,0.5588787682014733,3.135302584587893e-10,6.150245309535942e-11,0.4533066007745965,0.0
NGC7290,SA(r)bc,Courteau97,60.92029704133475,0.9263836666424259,2.6809901891466615e-10,7.78991329770215e-11,0.4613407803073127,0.0
NGC7290,SA(r)bc,Courteau97,60.92029704133475,1.2938885650833785,2.2774605486940694e-10,8.368785461355177e-11,0.42763163268117876,0.0
NGC7290,SA(r)bc,Courteau97,60.92029704133475,1.662902323328866,1.893560755190586e-10,8.936138619278326e-11,0.40113906242788694,0.0
NGC7290,SA(r)bc,Courteau97,60.92029704133475,2.0426323432408373,1.717466650087373e-10,9.546182350994647e-11,0.3448938743733976,0.0
NGC7290,SA(r)bc,Courteau97,60.92029704133475,2.4116461014863253,2.3084793112094878e-10,9.497651017580696e-11,0.30092534071421906,0.0
NGC7290,SA(r)bc,Courteau97,60.92029704133475,2.779150999927278,2.0372386944480014e-10,8.681727906820391e-11,0.2859760478509683,0.0
NGC7290,SA(r)bc,Courteau97,60.92029704133475,3.14665589836823,1.6695230274533892e-10,8.201735654706e-11,0.20866358693551312,0.0
NGC7290,SA(r)bc,Courteau97,60.92029704133475,3.5103088038445684,1.4845285626144836e-10,7.868720008143323e-11,0.20408017962308986,0.0
NGC7290,SA(r)bc,Courteau97,60.92029704133475,3.8116311916709087,1.564033629105502e-10,7.128666111315823e-11,0.1578228058298457,0.0
NGC7290,SA(r)bc,Courteau97,60.92029704133475,5.031204555305068,1.8682788967271795e-10,4.5246745434509666e-11,0.18213749838056922,0.0
NGC7290,SA(r)bc,Courteau97,60.92029704133475,5.394751758937012,1.1295640579948038e-10,3.9226493901159506e-11,0.222860985023675,0.0
NGC7290,SA(r)bc,Courteau97,60.92029704133475,5.755055322279591,1.5721507712590653e-10,3.882242840863641e-11,0.17962072518307648,0.0
NGC7290,SA(r)bc,Courteau97,60.92029704133475,6.027521106586187,1.8929518129869235e-10,3.224697988335212e-11,0.22164044477611966,0.0
NGC7290,SA(r)bc,Courteau97,60.92029704133475,6.585470484894027,1.1511935479826136e-10,2.8449683181500846e-11,0.21984347232815035,0.0
NGC7290,SA(r)bc,Courteau97,60.92029704133475,6.8449184595059736,8.814407741437238e-11,3.058396232319361e-11,0.14635351421825557,0.0
NGC7290,SA(r)bc,Courteau97,60.92029704133475,7.153168083484838,7.350369130491172e-11,2.6323534228248102e-11,0.19052353603964492,0.0
NGC7290,SA(r)bc,Courteau97,60.92029704133475,7.40528975589654,7.217746258714935e-11,2.4798568344538547e-11,0.15468508543845075,0.0
NGC7311,Sab,ShellFlow,58.32481150605879,0.5444923215281313,5.54770126684218e-10,6.731070753860467e-10,0.3967770084616409,0.0
NGC7311,Sab,ShellFlow,58.32481150605879,1.0881959047826826,9.002131343336748e-10,9.423902363044692e-10,0.31677860150569365,0.0
NGC7311,Sab,ShellFlow,58.32481150605879,1.7231302150146655,1.2706906445383354e-09,8.653927405663464e-10,0.3050303435153482,0.0
NGC7311,Sab,ShellFlow,58.32481150605879,2.267359623784937,1.097026628487592e-09,7.277511595773939e-10,0.31670162615729813,0.0
NGC7311,Sab,ShellFlow,58.32481150605879,2.90242539039585,8.452298593311736e-10,6.159288322656965e-10,0.3126493323768752,0.0
NGC7311,Sab,ShellFlow,58.32481150605879,3.5374911570067633,7.85929722818982e-10,5.235542253298242e-10,0.3130399916357435,0.0
NGC7311,Sab,ShellFlow,58.32481150605879,4.172425467238746,6.406855552566963e-10,4.4416982848285537e-10,0.28034755148462104,0.0
NGC7311,Sab,ShellFlow,58.32481150605879,4.794439493370179,5.334090298927883e-10,3.798397424510702e-10,0.33108483322292404,0.0
NGC7311,Sab,ShellFlow,58.32481150605879,5.442294087702713,5.145288541266177e-10,3.120228221950701e-10,0.31544258270526926,0.0
NGC7311,Sab,ShellFlow,58.32481150605879,6.077228397934696,4.548847820158277e-10,3.2515240519809613e-10,0.18547287931286358,0.0
NGC7311,Sab,ShellFlow,58.32481150605879,6.802867609628391,4.0388000519142363e-10,3.2696950981537897e-10,0.16395081126187372,0.0
NGC7311,Sab,ShellFlow,58.32481150605879,7.437801919860374,3.659215756484371e-10,2.8207620646978277e-10,0.14609640212377836,0.0
NGC7311,Sab,ShellFlow,58.32481150605879,8.059815945991806,3.6088304364975717e-10,2.0945106017975007e-10,0.16352659580510046,0.0
NGC7311,Sab,ShellFlow,58.32481150605879,8.7079334530822,3.504791751007647e-10,1.6458164276859978e-10,0.27768650893455826,0.0
NGC7311,Sab,ShellFlow,58.32481150605879,9.342867763314183,2.813764332029922e-10,1.7413156174851492e-10,0.1892363393120336,0.0
NGC7311,Sab,ShellFlow,58.32481150605879,9.977802073546167,2.617814058687863e-10,1.8767965857011574e-10,0.10012593933063495,0.0
NGC7311,Sab,ShellFlow,58.32481150605879,10.61273638377815,2.6644017654338235e-10,1.2091831948815842e-10,0.23402960550821408,0.0
NGC7311,Sab,ShellFlow,58.32481150605879,11.247670694010132,2.3054657347367198e-10,1.3486477511082918e-10,0.11734131965916642,0.0
NGC7311,Sab,ShellFlow,58.32481150605879,12.880358920320946,1.9107372469242162e-10,8.732258811805784e-11,0.17647495355160525,0.0
NGC7339,SAB(s)bc:?,Courteau97/Mathewson96,81.09548946331638,0.14752320423091486,1.6784294180710274e-10,4.319826213733029e-11,0.01550540747140703,0.0
NGC7339,SAB(s)bc:?,Courteau97/Mathewson96,81.09548946331638,0.4453369602712279,3.475053270021704e-10,9.486426748415121e-11,0.4001401144177896,0.0
NGC7339,SAB(s)bc:?,Courteau97/Mathewson96,81.09548946331638,0.7530977796523889,3.8302837336584883e-10,1.1270622787064427e-10,0.4006394060975436,0.0
NGC7339,SAB(s)bc:?,Courteau97/Mathewson96,81.09548946331638,1.0533765846747196,4.668809646748883e-10,1.2631528542013082e-10,0.38579451075932253,0.0
NGC7339,SAB(s)bc:?,Courteau97/Mathewson96,81.09548946331638,1.3486910411531199,3.241467694882716e-10,1.396906325726145e-10,0.31399226622788423,0.0
NGC7339,SAB(s)bc:?,Courteau97/Mathewson96,81.09548946331638,1.6440650638574248,3.1314668685950845e-10,1.3984616383033295e-10,0.2792384377107145,0.0
NGC7339,SAB(s)bc:?,Courteau97/Mathewson96,81.09548946331638,1.9444997338375392,3.1714950486433323e-10,1.3382195104341463e-10,0.2742691113661274,0.0
NGC7339,SAB(s)bc:?,Courteau97/Mathewson96,81.09548946331638,2.249722949264296,2.89789329070803e-10,1.278112102112236e-10,0.24861698648111763,0.0
NGC7339,SAB(s)bc:?,Courteau97/Mathewson96,81.09548946331638,2.5499184443012295,2.6606730551338704e-10,1.1829548996702622e-10,0.23606768833759126,0.0
NGC7339,SAB(s)bc:?,Courteau97/Mathewson96,81.09548946331638,2.854599689803124,2.675581430125795e-10,1.0662167699463433e-10,0.2180511093795339,0.0
NGC7339,SAB(s)bc:?,Courteau97/Mathewson96,81.09548946331638,3.1505693747664747,2.727221513027579e-10,9.609102720245359e-11,0.20462398193905815,0.0
NGC7339,SAB(s)bc:?,Courteau97/Mathewson96,81.09548946331638,3.4419989487198133,2.717161466558537e-10,8.89509432299887e-11,0.19114304639945986,0.0
NGC7339,SAB(s)bc:?,Courteau97/Mathewson96,81.09548946331638,3.739335145003808,2.5973577542167493e-10,8.226442980729563e-11,0.1730094325300791,0.0
NGC7339,SAB(s)bc:?,Courteau97/Mathewson96,81.09548946331638,4.00429679215249,2.46954912700041e-10,7.859984596689314e-11,0.12839908221226276,0.0
NGC7357,Sb,Courteau97,55.78632895136367,0.5646866118827721,4.752609733473831e-10,1.2022389351804558e-10,0.5842695449670455,0.0
NGC7357,Sb,Courteau97,55.78632895136367,1.6940598356483163,3.9137140960859746e-10,2.613788960806086e-10,0.4437586112782781,0.0
NGC7357,Sb,Courteau97,55.78632895136367,2.8234330594138606,3.0320355035964137e-10,2.5762252957704987e-10,0.3405562924332916,0.0
NGC7357,Sb,Courteau97,55.78632895136367,3.9528062831794046,2.45103287154398e-10,2.3183558717156402e-10,0.29408052230985776,0.0
NGC7357,Sb,Courteau97,55.78632895136367,5.021169659717056,1.7315879859124385e-10,1.6631584318854286e-10,0.25854751911703583,0.0
NGC7357,Sb,Courteau97,55.78632895136367,5.8835211443531374,1.8289264037939158e-10,1.3925760815609044e-10,0.27934194085198016,0.0
NGC7357,Sb,Courteau97,55.78632895136367,8.63816510741037,1.2638650751950284e-10,6.758517833350426e-11,0.3561415042582738,0.0
NGC7357,Sb,Courteau97,55.78632895136367,9.60544760599229,1.2347964925472525e-10,5.0505341195064634e-11,0.43035495453406186,0.0
NGC7357,Sb,Courteau97,55.78632895136367,10.32349796814777,1.3366059853570794e-10,6.207280196202544e-11,0.30289722613943804,0.0
NGC7357,Sb,Courteau97,55.78632895136367,14.675435015635225,9.503273042976871e-11,5.2903045014933356e-11,0.1658470611586575,0.0
NGC7357,Sb,Courteau97,55.78632895136367,15.414404450003634,8.516640400226802e-11,3.04461368781022e-11,0.3534378491039009,0.0
NGC7357,Sb,Courteau97,55.78632895136367,16.095279610210167,9.55928158869092e-11,4.7280102300091056e-11,0.14861826714527923,0.0
NGC7357,Sb,Courteau97,55.78632895136367,22.170366409715655,7.116260180013813e-11,2.2753777351755717e-11,0.18301221356441125,0.0
NGC7357,Sb,Courteau97,55.78632895136367,22.593881368627734,7.506261420684542e-11,1.89814468506955e-11,0.2555999291591554,0.0
NGC7407,Sbc,Courteau97/ShellFlow,63.1951015279752,0.5497173296487529,1.555703152561492e-10,1.800343132568399e-11,0.8691005350983512,0.0
NGC7407,Sbc,Courteau97/ShellFlow,63.1951015279752,1.6491519889462585,3.988185463833176e-10,6.163804052160615e-11,0.7600548787391254,0.0
NGC7407,Sbc,Courteau97/ShellFlow,63.1951015279752,2.748586648243764,4.879801188729914e-10,1.3348704390272552e-10,0.588305479787689,0.0
NGC7407,Sbc,Courteau97/ShellFlow,63.1951015279752,3.812025002399826,3.576216372770569e-10,1.935742884407516e-10,0.44639703990328694,0.0
NGC7407,Sbc,Courteau97/ShellFlow,63.1951015279752,4.877214308050323,3.8601872855163586e-10,1.7763268312966016e-10,0.35058234290837265,0.0
NGC7407,Sbc,Courteau97/ShellFlow,63.1951015279752,5.974740226619883,3.172211641835265e-10,1.576466192924493e-10,0.35721365089261997,0.0
NGC7407,Sbc,Courteau97/ShellFlow,63.1951015279752,7.148524154752383,2.5955313568699703e-10,1.4956522660104614e-10,0.29540631608501466,0.0
NGC7407,Sbc,Courteau97/ShellFlow,63.1951015279752,8.196651863282671,2.3999364466167395e-10,1.1083082119111767e-10,0.3872098833166135,0.0
NGC7407,Sbc,Courteau97/ShellFlow,63.1951015279752,9.323031397404863,2.0653108637748062e-10,7.442316872982004e-11,0.4412857363174738,0.0
NGC7407,Sbc,Courteau97/ShellFlow,63.1951015279752,10.371333619373138,1.7753592721904024e-10,9.10854061237952e-11,0.2554895555215335,0.0
NGC7407,Sbc,Courteau97/ShellFlow,63.1951015279752,11.411113768453205,1.54278874847502e-10,8.861725860657885e-11,0.21549040510997802,0.0
NGC7407,Sbc,Courteau97/ShellFlow,63.1951015279752,12.61458752236201,1.57166288498035e-10,1.0588685482381917e-10,0.13479797199161497,0.0
NGC7407,Sbc,Courteau97/ShellFlow,63.1951015279752,13.635432963420842,1.2915407482353854e-10,4.825501243922401e-11,0.4245833485309572,0.0
NGC7407,Sbc,Courteau97/ShellFlow,63.1951015279752,14.599270681404988,1.2188950665237901e-10,6.208582575893311e-11,0.2180853401893027,0.0
NGC7407,Sbc,Courteau97/ShellFlow,63.1951015279752,15.767114608392117,1.2277339177733621e-10,5.864397953985018e-11,0.15562472796940963,0.0
NGC7407,Sbc,Courteau97/ShellFlow,63.1951015279752,16.890981149007345,1.0849264871759558e-10,5.840460599465578e-11,0.10856201686278623,0.0
NGC7407,Sbc,Courteau97/ShellFlow,63.1951015279752,18.014847689622574,1.0672447381240193e-10,3.4969069190273696e-11,0.27068588087114426,0.0
NGC7407,Sbc,Courteau97/ShellFlow,63.1951015279752,19.120878956875863,9.159440258916431e-11,3.7413524187439465e-11,0.16726902205836663,0.0
NGC7407,Sbc,Courteau97/ShellFlow,63.1951015279752,20.216160196349357,7.168032622959542e-11,3.5781444154811386e-11,0.1337888515430038,0.0
NGC7407,Sbc,Courteau97/ShellFlow,63.1951015279752,21.30857068976802,8.74097100554108e-11,2.8714905993911465e-11,0.19833278994670517,0.0
NGC7448,SA(rs)bc,Courteau97,61.75323855539553,0.19001738055414152,3.4580160881481466e-10,1.0770587285927217e-10,0.22419882729782287,0.0
NGC7448,SA(rs)bc,Courteau97,61.75323855539553,0.5320486655515964,2.6818295871559753e-10,2.3097997666284834e-10,0.3875460596702657,0.0
NGC7448,SA(rs)bc,Courteau97,61.75323855539553,0.9120834266598793,2.974938719951848e-10,2.5530085121328205e-10,0.38008541658638434,0.0
NGC7448,SA(rs)bc,Courteau97,61.75323855539553,1.2921181877681625,2.831931737931484e-10,2.5505003260416536e-10,0.388220683042789,0.0
NGC7448,SA(rs)bc,Courteau97,61.75323855539553,1.6341494727656172,2.2289592771564457e-10,2.6146216073832927e-10,0.32944281394364283,0.0
NGC7448,SA(rs)bc,Courteau97,61.75323855539553,1.976180757763072,2.4383801249508266e-10,2.5826361313681384e-10,0.30247296659325207,0.0
NGC7448,SA(rs)bc,Courteau97,61.75323855539553,2.356215518871355,2.3358670169566757e-10,2.340950896004623e-10,0.3119686561866095,0.0
NGC7448,SA(rs)bc,Courteau97,61.75323855539553,2.736250279979638,2.263762188747523e-10,2.2895465003908398e-10,0.2849674873738666,0.0
NGC7448,SA(rs)bc,Courteau97,61.75323855539553,3.0782815649770927,2.06304548858874e-10,2.180847677776677e-10,0.25931190963970885,0.0
NGC7448,SA(rs)bc,Courteau97,61.75323855539553,3.4203128499745477,2.419733932718213e-10,1.9775749070058606e-10,0.24160881785321497,0.0
NGC7448,SA(rs)bc,Courteau97,61.75323855539553,3.7718450039997093,2.9172720907509313e-10,1.7180334128528852e-10,0.24294491651827088,0.0
NGC7448,SA(rs)bc,Courteau97,61.75323855539553,4.180382372191113,2.4337252748078206e-10,1.4633523055594117e-10,0.24317811465293748,0.0
NGC7448,SA(rs)bc,Courteau97,61.75323855539553,4.522413657188569,2.1783204642144774e-10,1.375813973295547e-10,0.23432271796604165,0.0
NGC7448,SA(rs)bc,Courteau97,61.75323855539553,4.864444942186023,2.3883953153537543e-10,1.3438670974827375e-10,0.19265221375253885,0.0
NGC7448,SA(rs)bc,Courteau97,61.75323855539553,5.2444797032943065,1.8545994786800412e-10,1.2169416437630193e-10,0.15958516538258669,0.0
NGC7448,SA(rs)bc,Courteau97,61.75323855539553,5.624514464402589,1.7809645393671646e-10,9.81398307728132e-11,0.20285091981817266,0.0
NGC7448,SA(rs)bc,Courteau97,61.75323855539553,6.004549225510872,1.3801094080358851e-10,9.607706592632445e-11,0.18847357978154772,0.0
NGC7448,SA(rs)bc,Courteau97,61.75323855539553,6.308577034397499,1.3463087148180168e-10,9.449623593765052e-11,0.1098981216595962,0.0
NGC7448,SA(rs)bc,Courteau97,61.75323855539553,6.688611795505781,1.6226139084386767e-10,7.991509251096088e-11,0.1708125786857436,0.0
NGC7448,SA(rs)bc,Courteau97,61.75323855539553,7.0306430805032365,1.3925134155637194e-10,8.403874127613505e-11,0.09022677998198213,0.0
NGC7448,SA(rs)bc,Courteau97,61.75323855539553,7.220660461057379,2.1874909971030658e-10,7.62049439069162e-11,0.11257090423968716,0.0
NGC7466,Sb Sy2,Courteau97,70.30864141934946,0.5429272052941604,9.652721741456326e-10,7.806610447689679e-11,0.5934707907174287,0.0
NGC7466,Sb Sy2,Courteau97,70.30864141934946,1.5944149516398807,4.759526297654118e-10,1.7050313580920602e-10,0.45519691568083204,0.0
NGC7466,Sb Sy2,Courteau97,70.30864141934946,2.5953440477056215,4.924030608534502e-10,1.7606850545107697e-10,0.37215215057278356,0.0
NGC7466,Sb Sy2,Courteau97,70.30864141934946,3.664015126172642,3.0241564891808057e-10,1.2664945353718043e-10,0.3944538234596118,0.0
NGC7466,Sb Sy2,Courteau97,70.30864141934946,4.732686204639663,2.6367049465573023e-10,1.063902746496064e-10,0.4098142446375117,0.0
NGC7466,Sb Sy2,Courteau97,70.30864141934946,5.801357283106683,1.6873091581527773e-10,7.718619208681807e-11,0.4736400065509142,0.0
NGC7466,Sb Sy2,Courteau97,70.30864141934946,6.870028361573703,1.6484127227847357e-10,8.583784541789505e-11,0.3800748393343267,0.0
NGC7466,Sb Sy2,Courteau97,70.30864141934946,7.938699440040724,1.623494837002914e-10,4.830537830246958e-11,0.5203408600440544,0.0
NGC7466,Sb Sy2,Courteau97,70.30864141934946,9.091800159988363,1.5202178837488346e-10,8.013605912683817e-11,0.2887515802197974,0.0
NGC7466,Sb Sy2,Courteau97,70.30864141934946,9.859068984073884,1.5806472076427255e-10,8.108438641624614e-11,0.2329366273176127,0.0
NGC7466,Sb Sy2,Courteau97,70.30864141934946,13.41853014326231,8.127998866933745e-11,4.769018912941585e-11,0.27778186319495135,0.0
NGC7466,Sb Sy2,Courteau97,70.30864141934946,14.334533924805468,7.80232715914052e-11,5.306333588780445e-11,0.1981700734796757,0.0
NGC7466,Sb Sy2,Courteau97,70.30864141934946,17.38787986328267,6.880162661268974e-11,4.6275243094021815e-11,0.15462460105404374,0.0
NGC7466,Sb Sy2,Courteau97,70.30864141934946,18.76188553559741,8.604474852546322e-11,1.5085728403757603e-11,0.5574818082060862,0.0
NGC7466,Sb Sy2,Courteau97,70.30864141934946,19.98322391098829,1.0259805055631448e-10,2.6487252943460174e-11,0.2231391416847863,0.0
NGC7466,Sb Sy2,Courteau97,70.30864141934946,21.204562286379172,6.670777415231661e-11,3.0266252849733644e-11,0.13268323656032158,0.0
NGC7489,Sd,Courteau97/ShellFlow,62.712899448204226,0.5800918300891249,1.9922069676159855e-10,4.73315652101727e-11,0.6708337328472244,0.0
NGC7489,Sd,Courteau97/ShellFlow,62.712899448204226,1.7138112791796962,2.4284368939359737e-10,8.904873991614141e-11,0.6091326461660628,0.0
NGC7489,Sd,Courteau97/ShellFlow,62.712899448204226,2.8725547604330077,2.374089111286341e-10,1.1401755228100498e-10,0.5319757263983641,0.0
NGC7489,Sd,Courteau97/ShellFlow,62.712899448204226,4.030542684168425,2.343230988893557e-10,1.0493346219219548e-10,0.5255929340243695,0.0
NGC7489,Sd,Courteau97/ShellFlow,62.712899448204226,5.166268589489788,1.969376019148711e-10,1.3788742830038406e-10,0.3646732396033597,0.0
NGC7489,Sd,Courteau97/ShellFlow,62.712899448204226,6.327965162533634,1.5872861847922522e-10,1.0728769057081873e-10,0.3798432274196366,0.0
NGC7489,Sd,Courteau97/ShellFlow,62.712899448204226,7.481642476641429,1.444345644869294e-10,1.0871622218748042e-10,0.296965157708577,0.0
NGC7489,Sd,Courteau97/ShellFlow,62.712899448204226,8.59867661435532,1.2561854238237148e-10,6.715543887574994e-11,0.4311511007539011,0.0
NGC7489,Sd,Courteau97/ShellFlow,62.712899448204226,9.753384285048629,1.2361997574127592e-10,6.569176149205222e-11,0.28859134610005704,0.0
NGC7489,Sd,Courteau97/ShellFlow,62.712899448204226,10.895789440767944,9.815743168628673e-11,7.777332748648668e-11,0.23027252592875033,0.0
NGC7489,Sd,Courteau97/ShellFlow,62.712899448204226,12.03386307731732,8.762507404425403e-11,6.819451896495898e-11,0.23974643881286326,0.0
NGC7489,Sd,Courteau97/ShellFlow,62.712899448204226,13.192434465220712,7.310122907839729e-11,6.214332992989078e-11,0.2281224261026594,0.0
NGC7489,Sd,Courteau97/ShellFlow,62.712899448204226,14.303087642595692,6.751111509829223e-11,4.51940318945932e-11,0.23360191516005793,0.0
NGC7489,Sd,Courteau97/ShellFlow,62.712899448204226,15.36690657770344,7.147356526838863e-11,3.023368348234879e-11,0.41811599809316047,0.0
NGC7489,Sd,Courteau97/ShellFlow,62.712899448204226,16.562504592912724,5.458079566078945e-11,3.37428395891746e-11,0.3064768922962662,0.0
NGC7489,Sd,Courteau97/ShellFlow,62.712899448204226,17.694806726783508,6.44623553397017e-11,4.0228100731874247e-11,0.2022207439059903,0.0
NGC7489,Sd,Courteau97/ShellFlow,62.712899448204226,18.88422544461413,5.2525523634452906e-11,2.152778778880634e-11,0.4273102221242069,0.0
NGC7489,Sd,Courteau97/ShellFlow,62.712899448204226,20.042296498436478,6.68196733085325e-11,2.705810847653844e-11,0.24817448649403842,0.0
NGC7489,Sd,Courteau97/ShellFlow,62.712899448204226,21.134041233364847,6.5208595632139e-11,3.182354902749073e-11,0.1535142186472045,0.0
NGC7489,Sd,Courteau97/ShellFlow,62.712899448204226,22.553033124863646,5.728130156223272e-11,1.9164538267352723e-11,0.31628821356879955,0.0
NGC7489,Sd,Courteau97/ShellFlow,62.712899448204226,22.933302268925896,5.192544382355588e-11,1.7883047279328762e-11,0.3307448407777223,0.0
NGC7536,SBbc,Courteau97/Mathewson92,70.4394114544561,0.43045441422442005,2.8156100993613388e-11,4.3789590653914573e-11,0.5834592726464115,0.0
NGC7536,SBbc,Courteau97/Mathewson92,70.4394114544561,1.2676632649746684,3.310275427336636e-11,9.101088286021323e-11,0.4930030670165401,0.0
NGC7536,SBbc,Courteau97/Mathewson92,70.4394114544561,2.0887389983758755,5.13428591563463e-11,8.205709778687278e-11,0.501375122200863,0.0
NGC7536,SBbc,Courteau97/Mathewson92,70.4394114544561,2.8806894579788134,4.225590505801604e-11,7.050735943865983e-11,0.5617763070190626,0.0
NGC7536,SBbc,Courteau97/Mathewson92,70.4394114544561,3.695546723335946,3.3658641914746754e-11,6.321833333434898e-11,0.5487775430891684,0.0
NGC7536,SBbc,Courteau97/Mathewson92,70.4394114544561,4.54063537682108,6.175232264398113e-11,9.084764476237053e-11,0.4063047561069194,0.0
NGC7536,SBbc,Courteau97/Mathewson92,70.4394114544561,5.347485931932223,8.837468267609398e-11,8.081154802238929e-11,0.4197284756194781,0.0
NGC7536,SBbc,Courteau97/Mathewson92,70.4394114544561,6.1193056875863565,1.1280771481893107e-10,9.772348020247e-11,0.2760568872526107,0.0
NGC7536,SBbc,Courteau97/Mathewson92,70.4394114544561,6.9267705904217065,1.1562184146831043e-10,7.001143918449997e-11,0.3641771393975539,0.0
NGC7536,SBbc,Courteau97/Mathewson92,70.4394114544561,7.875424065219499,1.026010923445157e-10,5.0965990325964264e-11,0.4040391889706859,0.0
NGC7536,SBbc,Courteau97/Mathewson92,70.4394114544561,8.624793088987467,9.537083589646308e-11,4.693386728637457e-11,0.38895348944559305,0.0
NGC7536,SBbc,Courteau97/Mathewson92,70.4394114544561,9.473804338270348,1.0220439111049263e-10,4.211804841203424e-11,0.3719307550849122,0.0
NGC7536,SBbc,Courteau97/Mathewson92,70.4394114544561,10.180180609895038,9.89515674571498e-11,4.908208312308991e-11,0.23032944297254496,0.0
NGC7536,SBbc,Courteau97/Mathewson92,70.4394114544561,11.023583000428252,8.294198660878076e-11,4.839587400755496e-11,0.16083025547970947,0.0
NGC7536,SBbc,Courteau97/Mathewson92,70.4394114544561,11.881398458293942,7.968781919568468e-11,4.34515091025197e-11,0.13638793157828782,0.0
NGC7536,SBbc,Courteau97/Mathewson92,70.4394114544561,12.80227108573922,6.026257613223402e-11,3.037536326465548e-11,0.19974584113446167,0.0
NGC7536,SBbc,Courteau97/Mathewson92,70.4394114544561,14.01725187016702,7.515261174547924e-11,2.3717718363697186e-11,0.25261553217191074,0.0
NGC7536,SBbc,Courteau97/Mathewson92,70.4394114544561,15.473515560080479,6.021401357110181e-11,1.9656968966027296e-11,0.25597285107164536,0.0
NGC7536,SBbc,Courteau97/Mathewson92,70.4394114544561,15.958936790051633,7.051130352041256e-11,2.291351348518414e-11,0.15985503706517806,0.0
NGC7536,SBbc,Courteau97/Mathewson92,70.4394114544561,16.444358020022786,5.316255955514222e-11,1.9347652840714933e-11,0.21431121377738416,0.0
NGC7541,SB(rs)bc: pec HII,Courteau97,71.5490421741926,0.33335495600319975,1.0247667037213368e-09,1.7058018492516594e-10,0.4906077789105326,0.0
NGC7541,SB(rs)bc: pec HII,Courteau97,71.5490421741926,0.954607374009163,6.816392422845216e-10,3.444989125976201e-10,0.44948928783306097,0.0
NGC7541,SB(rs)bc: pec HII,Courteau97,71.5490421741926,1.5556564613482657,3.729797795877108e-10,3.158674990553967e-10,0.47766090593699945,0.0
NGC7541,SB(rs)bc: pec HII,Courteau97,71.5490421741926,2.1668072140207983,2.9660299864365795e-10,2.7034325310834784e-10,0.49162624581606973,0.0
NGC7541,SB(rs)bc: pec HII,Courteau97,71.5490421741926,2.833517126027198,2.651649421699272e-10,2.620817970852096e-10,0.49867330899195206,0.0
NGC7541,SB(rs)bc: pec HII,Courteau97,71.5490421741926,3.444667878699731,2.5296215368114753e-10,2.472971241978279e-10,0.4911039591367384,0.0
NGC7541,SB(rs)bc: pec HII,Courteau97,71.5490421741926,4.055818631372264,2.270187156675772e-10,2.5197084468177447e-10,0.4742187834641998,0.0
NGC7541,SB(rs)bc: pec HII,Courteau97,71.5490421741926,4.678666049167716,2.1258230204535232e-10,2.336248162498875e-10,0.39912191263763336,0.0
NGC7541,SB(rs)bc: pec HII,Courteau97,71.5490421741926,5.27812013671733,2.1656603281971047e-10,3.025280553328255e-10,0.3109064313473078,0.0
NGC7541,SB(rs)bc: pec HII,Courteau97,71.5490421741926,5.9448300487237296,2.176909334143482e-10,2.500446369874144e-10,0.35190959375209496,0.0
NGC7541,SB(rs)bc: pec HII,Courteau97,71.5490421741926,6.555980801396262,2.0041169316068725e-10,2.1301575189246865e-10,0.3710259972733522,0.0
NGC7541,SB(rs)bc: pec HII,Courteau97,71.5490421741926,7.172182386735511,1.917008945491434e-10,2.094072097261411e-10,0.33750612205666514,0.0
NGC7541,SB(rs)bc: pec HII,Courteau97,71.5490421741926,7.778282306741329,1.8256480789507317e-10,2.3444827771176763e-10,0.24560238020640643,0.0
NGC7541,SB(rs)bc: pec HII,Courteau97,71.5490421741926,8.377354981297803,1.9029238475733005e-10,1.9833841552091118e-10,0.20694744102106272,0.0
NGC7541,SB(rs)bc: pec HII,Courteau97,71.5490421741926,9.034774063984157,1.321288395684745e-10,1.1725629143480677e-10,0.43303433506655065,0.0
NGC7541,SB(rs)bc: pec HII,Courteau97,71.5490421741926,9.667293724092794,1.319813412808893e-10,1.417599607418433e-10,0.3146123852849813,0.0
NGC7541,SB(rs)bc: pec HII,Courteau97,71.5490421741926,10.278444476765328,1.3689089498506586e-10,1.8929320453707724e-10,0.14864079802697408,0.0
NGC7541,SB(rs)bc: pec HII,Courteau97,71.5490421741926,10.917374809104793,1.4021155407870983e-10,9.608467756645653e-11,0.3942785761309903,0.0
NGC7541,SB(rs)bc: pec HII,Courteau97,71.5490421741926,11.4582595661492,1.2573258271931842e-10,1.5598663533502443e-10,0.12532609207186748,0.0
NGC7541,SB(rs)bc: pec HII,Courteau97,71.5490421741926,12.111896734782926,1.2158541879315867e-10,9.970006547335627e-11,0.24305240686414054,0.0
NGC7568,S?,Mathewson92,46.16078094542039,1.0344294087702712,8.308000241717854e-11,7.236823240632491e-11,0.6856300110838016,0.0
NGC7568,S?,Mathewson92,46.16078094542039,2.0688588175405425,2.84949414872218e-10,1.2033560495194433e-10,0.579779101740449,0.0
NGC7568,S?,Mathewson92,46.16078094542039,3.1032882263108137,3.3641899262108355e-10,1.3665542730616059e-10,0.5025008776171276,0.0
NGC7568,S?,Mathewson92,46.16078094542039,4.137717635081085,2.6862729240089566e-10,1.1697506122068205e-10,0.5160795448233063,0.0
NGC7568,S?,Mathewson92,46.16078094542039,5.172147043851356,2.412663426676409e-10,1.5134292867492698e-10,0.3457015479229087,0.0
NGC7568,S?,Mathewson92,46.16078094542039,6.206576452621627,1.9352869103768803e-10,1.3167545921389433e-10,0.28915068624658535,0.0
NGC7568,S?,Mathewson92,46.16078094542039,7.162639997091121,1.8652898201788302e-10,1.0565243947162111e-10,0.3803429597882376,0.0
NGC7568,S?,Mathewson92,46.16078094542039,7.319371725692677,1.6830861403145734e-10,8.13214283849565e-11,0.4715908927266497,0.0
NGC7568,S?,Mathewson92,46.16078094542039,8.27543527016217,1.5068784878919834e-10,1.0421478279625241e-10,0.24464445713620794,0.0
NGC7568,S?,Mathewson92,46.16078094542039,9.231498814631664,1.8334273440337537e-10,1.13300569224811e-10,0.21126537478103521,0.0
NGC7568,S?,Mathewson92,46.16078094542039,9.388230543233218,1.3805860118616765e-10,9.99173413398114e-11,0.25731893433087943,0.0
NGC7568,S?,Mathewson92,46.16078094542039,10.344294087702712,1.3193772517571582e-10,8.704823864504496e-11,0.2454440054780572,0.0
NGC7568,S?,Mathewson92,46.16078094542039,11.378723496472984,1.3624256696314308e-10,8.071900113718869e-11,0.2057518180891558,0.0
NGC7568,S?,Mathewson92,46.16078094542039,12.413152905243255,1.017688306769301e-10,7.684157048871612e-11,0.15186845787821512,0.0
NGC7568,S?,Mathewson92,46.16078094542039,13.447582314013527,1.4475074628855864e-10,6.878877262390549e-11,0.12342856361076754,0.0
NGC7568,S?,Mathewson92,46.16078094542039,14.403645858483019,2.2058778836452637e-10,3.847502693152135e-11,0.32108351455120704,0.0
NGC7591,SBbc;Sy;LIRG LINER,Courteau97/Mathewson92,63.33890498946935,0.5326609846556614,2.6899846809777006e-09,3.3293113808143844e-10,0.41808290391693764,0.0
NGC7591,SBbc;Sy;LIRG LINER,Courteau97/Mathewson92,63.33890498946935,1.6188012404292675,9.43812957152126e-10,4.955231326094719e-10,0.32470706824784723,0.0
NGC7591,SBbc;Sy;LIRG LINER,Courteau97/Mathewson92,63.33890498946935,2.724400734492037,5.170424687917734e-10,3.7800384837973973e-10,0.24739513649312225,0.0
NGC7591,SBbc;Sy;LIRG LINER,Courteau97/Mathewson92,63.33890498946935,3.602478180011151,3.5746015985051824e-10,2.8185891051937885e-10,0.2608239575289015,0.0
NGC7591,SBbc;Sy;LIRG LINER,Courteau97/Mathewson92,63.33890498946935,4.69847189295324,2.552373654645755e-10,1.9980030097814174e-10,0.31081078864819833,0.0
NGC7591,SBbc;Sy;LIRG LINER,Courteau97/Mathewson92,63.33890498946935,5.803994691295179,2.6137301968779175e-10,1.4644242393931068e-10,0.29415185972437297,0.0
NGC7591,SBbc;Sy;LIRG LINER,Courteau97/Mathewson92,63.33890498946935,7.15197873972802,1.973142673336677e-10,1.3464295704360326e-10,0.22103810752384123,0.0
NGC7591,SBbc;Sy;LIRG LINER,Courteau97/Mathewson92,63.33890498946935,8.070274552032581,1.599923235164725e-10,1.179735447434075e-10,0.2471875650984121,0.0
NGC7591,SBbc;Sy;LIRG LINER,Courteau97/Mathewson92,63.33890498946935,9.009973583496958,1.4807441852385316e-10,9.229388283080099e-11,0.2869270219266039,0.0
NGC7591,SBbc;Sy;LIRG LINER,Courteau97/Mathewson92,63.33890498946935,10.118883673914626,1.6408812007328288e-10,6.687219400590192e-11,0.3492343885039267,0.0
NGC7591,SBbc;Sy;LIRG LINER,Courteau97/Mathewson92,63.33890498946935,11.289825876905923,1.2761111509978488e-10,5.7410165721033e-11,0.3184150812051127,0.0
NGC7591,SBbc;Sy;LIRG LINER,Courteau97/Mathewson92,63.33890498946935,12.596849126932183,1.0892561115920639e-10,6.216505325420404e-11,0.13302562608442692,0.0
NGC7591,SBbc;Sy;LIRG LINER,Courteau97/Mathewson92,63.33890498946935,13.172136638789908,1.0167504019393709e-10,5.5477158662724964e-11,0.18407471551533372,0.0
NGC7591,SBbc;Sy;LIRG LINER,Courteau97/Mathewson92,63.33890498946935,14.220764097156572,8.877267619473729e-11,5.225695682902501e-11,0.1494957938399706,0.0
NGC7591,SBbc;Sy;LIRG LINER,Courteau97/Mathewson92,63.33890498946935,15.075590058904806,9.170054214683993e-11,3.452664598078073e-11,0.2906438086709832,0.0
NGC7591,SBbc;Sy;LIRG LINER,Courteau97/Mathewson92,63.33890498946935,16.43180969384045,4.735616121302031e-11,2.9667413619341744e-11,0.29773148291884316,0.0
NGC7591,SBbc;Sy;LIRG LINER,Courteau97/Mathewson92,63.33890498946935,20.853900887208205,5.687271051172432e-11,2.5245513526397994e-11,0.14626314691181536,0.0
NGC7591,SBbc;Sy;LIRG LINER,Courteau97/Mathewson92,63.33890498946935,21.406662286379174,4.987482030421622e-11,2.1697866956418096e-11,0.1992761618363159,0.0
NGC7593,Sb,Mathewson92,56.0943548296143,0.13487983710275617,2.8456291475785256e-11,2.015289306356245e-11,0.2890845487744768,0.0
NGC7593,Sb,Mathewson92,56.0943548296143,0.4620451167187841,1.041169488662828e-10,6.464760856423479e-11,0.5258049939147708,0.0
NGC7593,Sb,Mathewson92,56.0943548296143,0.7892103963348122,1.4412746315091751e-10,9.092938587282341e-11,0.48390467333048776,0.0
NGC7593,Sb,Mathewson92,56.0943548296143,1.1551127917969604,1.8535788896550725e-10,1.005944975806082e-10,0.4777973760550627,0.0
NGC7593,Sb,Mathewson92,56.0943548296143,1.5210151872591084,2.274466821433336e-10,1.0899586359923973e-10,0.4582941955439023,0.0
NGC7593,Sb,Mathewson92,56.0943548296143,1.7133006297723803,1.4861240679936286e-10,1.1289821065277286e-10,0.41970625381904586,0.0
NGC7593,Sb,Mathewson92,56.0943548296143,2.0792030252345284,1.6605673576429535e-10,1.2109228391491785e-10,0.39981666417513945,0.0
NGC7593,Sb,Mathewson92,56.0943548296143,2.445105420696677,1.6990292600416827e-10,1.2472773556261008e-10,0.3617145899359493,0.0
NGC7593,Sb,Mathewson92,56.0943548296143,2.6373908632099488,1.785398203093044e-10,1.2703951555823369e-10,0.3497041775588904,0.0
NGC7593,Sb,Mathewson92,56.0943548296143,3.0032932586720973,1.534079191512456e-10,1.2349043110716303e-10,0.2832955337557216,0.0
NGC7593,Sb,Mathewson92,56.0943548296143,3.3691956541342454,1.658530323665356e-10,1.2560233357784315e-10,0.23227090839490955,0.0
NGC7593,Sb,Mathewson92,56.0943548296143,3.561481096647517,1.4763215296387173e-10,1.1768803718087328e-10,0.25900997039009704,0.0
NGC7593,Sb,Mathewson92,56.0943548296143,3.927383492109665,1.3882221466074326e-10,1.0870505138855337e-10,0.23146744572827008,0.0
NGC7593,Sb,Mathewson92,56.0943548296143,4.293285887571813,1.0963913537607336e-10,9.966253250580693e-11,0.21014399987347457,0.0
NGC7593,Sb,Mathewson92,56.0943548296143,4.485571330085086,1.1606129157128581e-10,9.797633304972237e-11,0.14979594465818308,0.0
NGC7593,Sb,Mathewson92,56.0943548296143,4.851473725547233,9.079151740835258e-11,8.223868261535223e-11,0.16170411408901722,0.0
NGC7593,Sb,Mathewson92,56.0943548296143,5.409661563522653,7.531477267649376e-11,7.12994732523393e-11,0.13181042459523845,0.0
NGC7593,Sb,Mathewson92,56.0943548296143,6.333751796960222,9.487440431689212e-11,4.869974740366211e-11,0.20670626435982997,0.0
NGC7594,Sb,Courteau97,58.35429720691262,2.126598938259036,6.959321870577129e-10,1.4548362768925913e-10,0.5901768791495361,0.0
NGC7594,Sb,Courteau97,58.35429720691262,3.057018194943398,4.0646999378662615e-10,1.7437386002929232e-10,0.5235922897107269,0.0
NGC7594,Sb,Courteau97,58.35429720691262,3.8278780888662647,3.2504012496966686e-10,1.5434259116168707e-10,0.5205137493735633,0.0
NGC7594,Sb,Courteau97,58.35429720691262,5.103837451821686,3.4762017204061204e-10,1.1611537971418403e-10,0.563056523948818,0.0
NGC7594,Sb,Courteau97,58.35429720691262,6.379796814777108,2.79344785244296e-10,1.5793846923227716e-10,0.3827170543441584,0.0
NGC7594,Sb,Courteau97,58.35429720691262,7.443096283906625,2.495100230154162e-10,7.701804932150136e-11,0.6315431476182669,0.0
NGC7594,Sb,Courteau97,58.35429720691262,8.506395753036143,2.355859165064745e-10,1.6501994099621133e-10,0.2861291292161704,0.0
NGC7594,Sb,Courteau97,58.35429720691262,9.808776496739632,2.1405033196301658e-10,9.031314821299701e-11,0.48290030234470943,0.0
NGC7594,Sb,Courteau97,58.35429720691262,10.659416072043246,1.5021888506218593e-10,1.0681615588090477e-10,0.365320186679562,0.0
NGC7594,Sb,Courteau97,58.35429720691262,12.148035328824573,1.750795197040917e-10,4.8965662527285205e-11,0.5925857270905786,0.0
NGC7594,Sb,Courteau97,58.35429720691262,13.21133479795409,1.4154044678757561e-10,4.857030449302207e-11,0.5571246775931689,0.0
NGC7594,Sb,Courteau97,58.35429720691262,14.460872780161445,1.0470639934550687e-10,4.5843033142822394e-11,0.5347883769432465,0.0
NGC7594,Sb,Courteau97,58.35429720691262,15.524172249290963,1.3367443064430995e-10,6.953256539149857e-11,0.3214899741792236,0.0
NGC7594,Sb,Courteau97,58.35429720691262,16.401233205342642,1.281413658659e-10,6.925372923788149e-11,0.21782142466139864,0.0
NGC7594,Sb,Courteau97,58.35429720691262,22.78103002011975,9.463420746944814e-11,4.4314774338624546e-11,0.2138222580662065,0.0
NGC7631,SA(r)b:,Courteau97/Mathewson92,68.48816951608103,0.19942779849777162,4.768064846630973e-10,3.89055124198182e-11,0.41663901059168623,0.0
NGC7631,SA(r)b:,Courteau97/Mathewson92,68.48816951608103,0.7735926696240273,2.630351730421902e-10,1.1403586633724241e-10,0.4765547509695777,0.0
NGC7631,SA(r)b:,Courteau97/Mathewson92,68.48816951608103,1.4552109664751653,1.1736683847243128e-10,1.3712664049945441e-10,0.4525314588842074,0.0
NGC7631,SA(r)b:,Courteau97/Mathewson92,68.48816951608103,1.8551104996000292,3.6796552399720423e-10,1.3850721808871272e-10,0.4048556981890789,0.0
NGC7631,SA(r)b:,Courteau97/Mathewson92,68.48816951608103,2.4245116621821445,3.731094036308842e-10,1.3516150236935042e-10,0.3945645501018553,0.0
NGC7631,SA(r)b:,Courteau97/Mathewson92,68.48816951608103,2.8946495646107895,2.7435192876527593e-10,1.310227772301515e-10,0.3803391516055978,0.0
NGC7631,SA(r)b:,Courteau97/Mathewson92,68.48816951608103,3.423210559232056,2.7720624953761127e-10,1.2827193720421736e-10,0.3406381309568346,0.0
NGC7631,SA(r)b:,Courteau97/Mathewson92,68.48816951608103,3.9498583375754492,2.306041739338288e-10,1.051471025402449e-10,0.3386081459226707,0.0
NGC7631,SA(r)b:,Courteau97/Mathewson92,68.48816951608103,4.492885113809905,2.2325536381171004e-10,1.089124569387982e-10,0.2892589899408854,0.0
NGC7631,SA(r)b:,Courteau97/Mathewson92,68.48816951608103,5.022262725135142,2.033934881700481e-10,9.953198876217279e-11,0.2940874357663657,0.0
NGC7631,SA(r)b:,Courteau97/Mathewson92,68.48816951608103,5.612956584975638,1.8979416503032697e-10,8.528559314082286e-11,0.30254072404212795,0.0
NGC7631,SA(r)b:,Courteau97/Mathewson92,68.48816951608103,6.072324479674206,1.60839907539937e-10,8.891540946060426e-11,0.2308216064861709,0.0
NGC7631,SA(r)b:,Courteau97/Mathewson92,68.48816951608103,6.567978154316049,1.5812655605698641e-10,8.387459667961508e-11,0.18471427374204172,0.0
NGC7631,SA(r)b:,Courteau97/Mathewson92,68.48816951608103,7.229175200591472,1.6478103469963336e-10,7.525123274126068e-11,0.16347182235112778,0.0
NGC7631,SA(r)b:,Courteau97/Mathewson92,68.48816951608103,7.6965751038712344,1.5811670660741898e-10,5.088578544973949e-11,0.28218185311864546,0.0
NGC7631,SA(r)b:,Courteau97/Mathewson92,68.48816951608103,8.107603956075922,1.3782756194274724e-10,5.936937443761557e-11,0.18557154052267785,0.0
NGC7631,SA(r)b:,Courteau97/Mathewson92,68.48816951608103,8.731265798850993,1.2853207259994379e-10,5.775425837733174e-11,0.12974640160075687,0.0
NGC7631,SA(r)b:,Courteau97/Mathewson92,68.48816951608103,9.354927641626062,9.971752310411789e-11,3.774607368116745e-11,0.24907467956294843,0.0
NGC7631,SA(r)b:,Courteau97/Mathewson92,68.48816951608103,9.77070220347611,1.1544234226414893e-10,4.6459765947720105e-11,0.13271693426240497,0.0
NGC7631,SA(r)b:,Courteau97/Mathewson92,68.48816951608103,10.17618739485613,1.0226207406768098e-10,3.3365838648180665e-11,0.24821344659829572,0.0
NGC7631,SA(r)b:,Courteau97/Mathewson92,68.48816951608103,10.591961956706179,8.011610881932638e-11,4.4443735099117707e-11,0.07566848576950005,0.0
NGC7664,Sc: Sbrst,Courteau97/Mathewson96,60.854970109500634,0.1311866584248418,5.649770554116865e-10,5.1998542988221194e-11,0.12924162882481002,0.0
NGC7664,Sc: Sbrst,Courteau97/Mathewson96,60.854970109500634,0.6234757363100865,6.026502520464354e-10,2.101480201007354e-10,0.4720078688625684,0.0
NGC7664,Sc: Sbrst,Courteau97/Mathewson96,60.854970109500634,1.0071531125009088,6.26142902849111e-10,2.639602278876343e-10,0.4393185892842482,0.0
NGC7664,Sc: Sbrst,Courteau97/Mathewson96,60.854970109500634,1.3908304886917313,4.55073626701663e-10,2.806367414191159e-10,0.40047569875077843,0.0
NGC7664,Sc: Sbrst,Courteau97/Mathewson96,60.854970109500634,1.7745078648825539,3.495504385486107e-10,2.7567166561671843e-10,0.4019438991602607,0.0
NGC7664,Sc: Sbrst,Courteau97/Mathewson96,60.854970109500634,2.1581852410733764,4.1056428856290253e-10,2.715355618273596e-10,0.3810818462437437,0.0
NGC7664,Sc: Sbrst,Courteau97/Mathewson96,60.854970109500634,2.5418626172641985,3.263588891065979e-10,2.7319652179804343e-10,0.32542330742276193,0.0
NGC7664,Sc: Sbrst,Courteau97/Mathewson96,60.854970109500634,2.925539993455021,3.197183329652218e-10,2.6344948305231235e-10,0.31670832883264716,0.0
NGC7664,Sc: Sbrst,Courteau97/Mathewson96,60.854970109500634,3.3092173696458436,2.914953092434377e-10,2.414994215232078e-10,0.2734099733207159,0.0
NGC7664,Sc: Sbrst,Courteau97/Mathewson96,60.854970109500634,3.7219935098053463,2.9886791576061e-10,2.3614703499506027e-10,0.21958030997109615,0.0
NGC7664,Sc: Sbrst,Courteau97/Mathewson96,60.854970109500634,4.124531794051341,2.7616290296255047e-10,2.2752587403084476e-10,0.1865253677027127,0.0
NGC7664,Sc: Sbrst,Courteau97/Mathewson96,60.854970109500634,4.510679820013089,2.4699563688197896e-10,2.0605183403849615e-10,0.15465114096494492,0.0
NGC7664,Sc: Sbrst,Courteau97/Mathewson96,60.854970109500634,4.954185675950839,2.19350744909464e-10,1.7792340705330853e-10,0.14115175377123326,0.0
NGC7664,Sc: Sbrst,Courteau97/Mathewson96,60.854970109500634,5.396092876154461,2.082591838487672e-10,1.4644580311637354e-10,0.14297072069617717,0.0
NGC7664,Sc: Sbrst,Courteau97/Mathewson96,60.854970109500634,5.724698984510217,1.5773189322126795e-10,1.3036114551734953e-10,0.19518154563663193,0.0
NGC7664,Sc: Sbrst,Courteau97/Mathewson96,60.854970109500634,6.144767578503381,1.5442567256406114e-10,1.2409175683445565e-10,0.15938800499582947,0.0
NGC7664,Sc: Sbrst,Courteau97/Mathewson96,60.854970109500634,6.5421975463602635,1.72397868194174e-10,1.0395641912318431e-10,0.13075366454528456,0.0
NGC7664,Sc: Sbrst,Courteau97/Mathewson96,60.854970109500634,6.884434444040432,1.8891953215199084e-10,9.727031241892865e-11,0.17477838406709895,0.0
NGC7664,Sc: Sbrst,Courteau97/Mathewson96,60.854970109500634,7.275143137226382,9.717347493256386e-11,9.46723022982524e-11,0.11630468685303837,0.0
NGC7664,Sc: Sbrst,Courteau97/Mathewson96,60.854970109500634,7.663664924732746,1.1436017921581862e-10,7.906904096833387e-11,0.17512089483342272,0.0
NGC7664,Sc: Sbrst,Courteau97/Mathewson96,60.854970109500634,7.919449842193294,1.4667518822035473e-10,7.58094586172124e-11,0.11657704542463208,0.0
NGC7677,SAB(r)bc: Sbrst,Mathewson92,53.11210954523824,0.19472471820231255,1.2831914286957446e-10,2.6125491603079513e-10,0.028628658079663093,0.0
NGC7677,SAB(r)bc: Sbrst,Mathewson92,53.11210954523824,0.6780616281644164,1.8670572367303342e-10,6.667945033465569e-10,0.205404628372179,0.0
NGC7677,SAB(r)bc: Sbrst,Mathewson92,53.11210954523824,1.1683483092138753,3.84750552056809e-10,6.072870785005842e-10,0.14940359038141346,0.0
NGC7677,SAB(r)bc: Sbrst,Mathewson92,53.11210954523824,1.5577977456185004,4.3416866744634893e-10,4.6026750104875757e-10,0.1529564403793825,0.0
NGC7677,SAB(r)bc: Sbrst,Mathewson92,53.11210954523824,2.0480844266679594,3.8658611891763214e-10,3.3876449211716554e-10,0.15797912154251165,0.0
NGC7677,SAB(r)bc: Sbrst,Mathewson92,53.11210954523824,2.6392083523622523,4.328864203246563e-10,2.473260817272408e-10,0.152491368832612,0.0
NGC7677,SAB(r)bc: Sbrst,Mathewson92,53.11210954523824,3.0286577887668775,3.119973941812981e-10,1.995715909528403e-10,0.14941735198026196,0.0
NGC7677,SAB(r)bc: Sbrst,Mathewson92,53.11210954523824,3.418107225171503,3.153369916438762e-10,1.6727436083419463e-10,0.1312013440786511,0.0
NGC7677,SAB(r)bc: Sbrst,Mathewson92,53.11210954523824,6.144253280003878,1.8839786237740352e-10,6.505429938686235e-11,0.16842649758452952,0.0
NGC7677,SAB(r)bc: Sbrst,Mathewson92,53.11210954523824,7.312601589217753,1.6653631099949154e-10,4.783431798790035e-11,0.13900838185723577,0.0
NGC7677,SAB(r)bc: Sbrst,Mathewson92,53.11210954523824,8.077600919852292,1.1331358604426505e-10,4.395857965475959e-11,0.12858811449004734,0.0
NGC7677,SAB(r)bc: Sbrst,Mathewson92,53.11210954523824,8.654825303371876,9.99111539043798e-11,3.547378104995156e-11,0.2039618779423922,0.0
NGC7677,SAB(r)bc: Sbrst,Mathewson92,53.11210954523824,8.957337037306377,8.310376111409829e-11,3.891488134161236e-11,0.12145036671178247,0.0
NGC7677,SAB(r)bc: Sbrst,Mathewson92,53.11210954523824,9.259848771240879,6.561552570639736e-11,3.465571776336264e-11,0.15047325856331803,0.0
NGC7750,(R')SB(rs)c pec:,Courteau97,58.50163443961307,0.19074968054271377,1.7883847523434133e-10,3.123156121008579e-11,0.3536894327962515,0.0
NGC7750,(R')SB(rs)c pec:,Courteau97,58.50163443961307,0.528810995563959,1.606226109301133e-10,7.04887962972167e-11,0.4920751133227024,0.0
NGC7750,(R')SB(rs)c pec:,Courteau97,58.50163443961307,0.8999229978079517,1.811615813337274e-10,8.278086857838002e-11,0.4886633808578954,0.0
NGC7750,(R')SB(rs)c pec:,Courteau97,58.50163443961307,1.2814223588933793,1.0496937547808448e-10,8.605011084631068e-11,0.5051786604139327,0.0
NGC7750,(R')SB(rs)c pec:,Courteau97,58.50163443961307,1.636009017525998,1.689169750301311e-10,8.423529231169543e-11,0.5187698188340603,0.0
NGC7750,(R')SB(rs)c pec:,Courteau97,58.50163443961307,1.9905956761586172,1.7557329986635828e-10,8.041667284414881e-11,0.5292843888270153,0.0
NGC7750,(R')SB(rs)c pec:,Courteau97,58.50163443961307,2.3720950372440446,1.2741653269719228e-10,8.51142066604272e-11,0.4893763836012935,0.0
NGC7750,(R')SB(rs)c pec:,Courteau97,58.50163443961307,2.7266816958766635,1.558738556600138e-10,9.131412264694425e-11,0.47156522485129404,0.0
NGC7750,(R')SB(rs)c pec:,Courteau97,58.50163443961307,3.081268354509283,1.5884579009791224e-10,9.550905865578566e-11,0.4170120202321631,0.0
NGC7750,(R')SB(rs)c pec:,Courteau97,58.50163443961307,3.4627677155947105,1.870009020593127e-10,1.0231485127199117e-10,0.3120610855559917,0.0
NGC7750,(R')SB(rs)c pec:,Courteau97,58.50163443961307,3.8173543742273295,1.8038989588685751e-10,9.914315336224366e-11,0.2812176813827803,0.0
NGC7750,(R')SB(rs)c pec:,Courteau97,58.50163443961307,4.128030834121154,1.696181256012395e-10,8.77471500677104e-11,0.3492136651544912,0.0
NGC7750,(R')SB(rs)c pec:,Courteau97,58.50163443961307,4.471757981237728,7.780018974629813e-11,8.328309066882412e-11,0.3607345013715588,0.0
NGC7750,(R')SB(rs)c pec:,Courteau97,58.50163443961307,5.043534870191259,9.034711623381121e-11,7.850429564738963e-11,0.26968077989578115,0.0
NGC7750,(R')SB(rs)c pec:,Courteau97,58.50163443961307,5.289762490000727,9.84805802280299e-11,8.35771455709165e-11,0.27618533243120824,0.0
NGC7750,(R')SB(rs)c pec:,Courteau97,58.50163443961307,5.6169642935059265,1.0150404016265459e-10,7.78323341428971e-11,0.21720967893867565,0.0
NGC7750,(R')SB(rs)c pec:,Courteau97,58.50163443961307,5.972259181150462,9.739990623648585e-11,6.267856379959396e-11,0.32013181760674936,0.0
NGC7750,(R')SB(rs)c pec:,Courteau97,58.50163443961307,6.190393716820595,4.233161193695067e-11,7.2699177182839e-11,0.18835704854030386,0.0
NGC7750,(R')SB(rs)c pec:,Courteau97,58.50163443961307,6.790263689913461,1.1694108845494308e-10,6.435304495062026e-11,0.16364401667471506,0.0
NGC7750,(R')SB(rs)c pec:,Courteau97,58.50163443961307,7.117465493418661,9.476835149236492e-11,5.7885980162122423e-11,0.22316903253424217,0.0
NGC7753,SAB(rs)bc,ShellFlow,58.16252989682871,0.44746969882709825,4.865661059169433e-10,1.7932141864288347e-10,0.51091073559855,0.0
NGC7753,SAB(rs)bc,ShellFlow,58.16252989682871,1.9653571085739217,4.363312876818642e-10,3.2073981295821315e-10,0.37480941424946324,0.0
NGC7753,SAB(rs)bc,ShellFlow,58.16252989682871,2.671657319467675,4.0414026571750975e-10,2.900641728007735e-10,0.3972754840452993,0.0
NGC7753,SAB(rs)bc,ShellFlow,58.16252989682871,3.5929184641117007,3.1289177261745947e-10,2.598770348931679e-10,0.3696836026281071,0.0
NGC7753,SAB(rs)bc,ShellFlow,58.16252989682871,4.65236878045233,2.4929908678650004e-10,2.0292322351083148e-10,0.33871650272819004,0.0
NGC7753,SAB(rs)bc,ShellFlow,58.16252989682871,5.486621928102199,2.0994351071873302e-10,1.387650015322104e-10,0.4679779913330982,0.0
NGC7753,SAB(rs)bc,ShellFlow,58.16252989682871,6.56607943091742,1.8124769112329723e-10,1.2427951734277665e-10,0.45780259835536463,0.0
NGC7753,SAB(rs)bc,ShellFlow,58.16252989682871,7.5952863258429675,1.7222753520653908e-10,1.5777776490897647e-10,0.2888282581196734,0.0
NGC7753,SAB(rs)bc,ShellFlow,58.16252989682871,8.751980874118246,1.2509326888870778e-10,8.043565327422855e-11,0.5113299374975321,0.0
NGC7753,SAB(rs)bc,ShellFlow,58.16252989682871,9.673242018762272,1.1158537428707921e-10,6.393005969910434e-11,0.5596404783943282,0.0
NGC7753,SAB(rs)bc,ShellFlow,58.16252989682871,10.7326923351029,1.0091515836353428e-10,4.791966824737488e-11,0.6183846834614015,0.0
NGC7753,SAB(rs)bc,ShellFlow,58.16252989682871,11.528925181545237,9.687663911979306e-11,7.55727599847819e-11,0.4155290221820954,0.0
NGC7753,SAB(rs)bc,ShellFlow,58.16252989682871,12.621277681623154,6.707617599181366e-11,7.561702037579101e-11,0.3641089661878887,0.0
NGC7753,SAB(rs)bc,ShellFlow,58.16252989682871,13.665373645553048,6.66342812864377e-11,9.101950093801208e-11,0.2429182198657637,0.0
NGC7753,SAB(rs)bc,ShellFlow,58.16252989682871,14.629626976947131,5.2876071723486236e-11,9.224779884376679e-11,0.17441826588352427,0.0
NGC7753,SAB(rs)bc,ShellFlow,58.16252989682871,15.569313344484037,5.1937227864450695e-11,4.262902912811653e-11,0.47968522589990065,0.0
NGC7753,SAB(rs)bc,ShellFlow,58.16252989682871,16.619551049378224,3.605835508361477e-11,7.022752742827886e-11,0.20392408667379236,0.0
NGC7753,SAB(rs)bc,ShellFlow,58.16252989682871,17.872466206094103,2.9021291076259854e-11,7.934644037031089e-11,0.10995420782495616,0.0
NGC7753,SAB(rs)bc,ShellFlow,58.16252989682871,18.793727350738127,1.935184481984301e-11,4.505233814646825e-11,0.27425497189360015,0.0
NGC7753,SAB(rs)bc,ShellFlow,58.16252989682871,19.751838941167914,2.3966524824260325e-11,5.841830550495465e-11,0.1142702479698302,0.0
NGC7782,SA(s)b,Courteau97,53.33579786182446,0.3686943831617441,1.777315991688811e-09,1.7254305848924722e-10,0.5450641123233957,0.0
NGC7782,SA(s)b,Courteau97,53.33579786182446,1.2230127147116572,2.0254139069852685e-09,4.279488210634738e-10,0.44446837874910244,0.0
NGC7782,SA(s)b,Courteau97,53.33579786182446,1.745261932950331,1.5159004337124205e-09,4.4870735968762105e-10,0.3712211646470085,0.0
NGC7782,SA(s)b,Courteau97,53.33579786182446,3.2683305621409353,7.802527850815517e-10,3.1891214245941983e-10,0.4198974402907979,0.0
NGC7782,SA(s)b,Courteau97,53.33579786182446,3.864644214966184,8.122765697814902e-10,2.9529598333163704e-10,0.40504464829666215,0.0
NGC7782,SA(s)b,Courteau97,53.33579786182446,4.252058180495964,7.490014127377548e-10,2.739336577275075e-10,0.4110477747115199,0.0
NGC7782,SA(s)b,Courteau97,53.33579786182446,5.670676966038833,5.243934351485264e-10,2.338707400488113e-10,0.403379610476527,0.0
NGC7782,SA(s)b,Courteau97,53.33579786182446,6.192926184277506,4.5999277638763956e-10,2.3053150580466606e-10,0.3795127638612405,0.0
NGC7782,SA(s)b,Courteau97,53.33579786182446,7.356434139577726,4.0346361390031874e-10,1.8935332309171301e-10,0.3639767764051604,0.0
NGC7782,SA(s)b,Courteau97,53.33579786182446,7.9381881172278375,4.3573740395298793e-10,8.88012006083961e-11,0.6435928006262354,0.0
NGC7782,SA(s)b,Courteau97,53.33579786182446,8.72468187498052,4.3798558976541665e-10,7.830066573971442e-11,0.6671425323364651,0.0
NGC7782,SA(s)b,Courteau97,53.33579786182446,9.504935771943858,3.874390096453061e-10,8.837712415262766e-11,0.6220224048390685,0.0
NGC7782,SA(s)b,Courteau97,53.33579786182446,10.285189668907195,3.584702127542136e-10,1.3446291123563116e-10,0.4311913355192707,0.0
NGC7782,SA(s)b,Courteau97,53.33579786182446,11.102068835721038,4.1643119765531385e-10,1.7512824091110435e-10,0.2716849628261154,0.0
NGC7782,SA(s)b,Courteau97,53.33579786182446,13.02584504690568,2.0679679174408765e-10,1.639512390717814e-10,0.14828661527330425,0.0
NGC7782,SA(s)b,Courteau97,53.33579786182446,13.75699395243982,2.613667277702586e-10,1.0207767585725095e-10,0.33535338028133094,0.0
NGC7782,SA(s)b,Courteau97,53.33579786182446,14.5925927016217,2.494230048365039e-10,1.4337476962823034e-10,0.144149637009438,0.0
NGC7782,SA(s)b,Courteau97,53.33579786182446,15.428191450803578,2.242925053923022e-10,6.559461647476124e-11,0.4391019793143712,0.0
NGC7782,SA(s)b,Courteau97,53.33579786182446,16.15934035633772,2.3332212814299033e-10,1.0935261662606417e-10,0.15071531591488554,0.0
NGC7782,SA(s)b,Courteau97,53.33579786182446,16.57713973092866,2.877145672829067e-10,8.23466423229038e-11,0.24222283333661526,0.0
NGC7819,SB(s)b HII,ShellFlow,54.67482120862015,0.29057337585837917,3.5516049799257503e-10,7.587704077827918e-11,0.3665450606364226,0.0
NGC7819,SB(s)b HII,ShellFlow,54.67482120862015,0.8453616464257147,4.438594642671387e-10,1.7204864175381864e-10,0.35580228788956864,0.0
NGC7819,SB(s)b HII,ShellFlow,54.67482120862015,1.3525786342811434,3.3761158300240893e-10,1.949418095263625e-10,0.2390541293027843,0.0
NGC7819,SB(s)b HII,ShellFlow,54.67482120862015,1.9073669048484787,2.5361665833881253e-10,1.583952775899724e-10,0.25955529488743995,0.0
NGC7819,SB(s)b HII,ShellFlow,54.67482120862015,2.4885136565652375,2.2391552949649026e-10,1.1902251757764842e-10,0.28885176175580496,0.0
NGC7819,SB(s)b HII,ShellFlow,54.67482120862015,3.0084583253581565,1.5226907186418257e-10,9.608743105713752e-11,0.3067368821035113,0.0
NGC7819,SB(s)b HII,ShellFlow,54.67482120862015,3.510823672460185,1.2494241519270534e-10,7.760598370181332e-11,0.28715144256210196,0.0
NGC7819,SB(s)b HII,ShellFlow,54.67482120862015,4.100003985164715,1.1574266879948738e-10,6.172925392289591e-11,0.3796467787216986,0.0
NGC7819,SB(s)b HII,ShellFlow,54.67482120862015,4.705846498436478,1.0429287101506086e-10,5.728872893804917e-11,0.3287697155042498,0.0
NGC7819,SB(s)b HII,ShellFlow,54.67482120862015,5.241242207839431,8.238897809954386e-11,5.439280421659545e-11,0.33887266635400354,0.0
NGC7819,SB(s)b HII,ShellFlow,54.67482120862015,5.74588635590139,7.711307869137135e-11,5.046135410281384e-11,0.33479081114187853,0.0
NGC7819,SB(s)b HII,ShellFlow,54.67482120862015,6.25053050396335,8.908741622813559e-11,4.3545623101294955e-11,0.3323440938430459,0.0
NGC7819,SB(s)b HII,ShellFlow,54.67482120862015,6.931965500690859,1.0161861053532081e-10,4.667602506621182e-11,0.29849858592530315,0.0
NGC7819,SB(s)b HII,ShellFlow,54.67482120862015,7.406397158606649,6.660014263052161e-11,2.7882656446732823e-11,0.4929420492304945,0.0
NGC7819,SB(s)b HII,ShellFlow,54.67482120862015,7.946399476401717,6.062427766538162e-11,3.46332211752146e-11,0.39446831030237506,0.0
NGC7819,SB(s)b HII,ShellFlow,54.67482120862015,8.501187746969054,5.4351402909962477e-11,4.518203211291062e-11,0.2442301202276609,0.0
NGC7819,SB(s)b HII,ShellFlow,54.67482120862015,9.082334498685812,6.032063967075163e-11,3.0944808007743227e-11,0.29291515421977327,0.0
NGC7819,SB(s)b HII,ShellFlow,54.67482120862015,9.637122769253146,6.483473031164566e-11,3.118389869526383e-11,0.31243051206756417,0.0
NGC7819,SB(s)b HII,ShellFlow,54.67482120862015,10.144339757108575,5.6986187085242414e-11,3.861642800271637e-11,0.16466386164158944,0.0
NGC7819,SB(s)b HII,ShellFlow,54.67482120862015,10.567020580321433,6.569248547294467e-11,2.953931174344379e-11,0.2528009283025986,0.0
NGC7819,SB(s)b HII,ShellFlow,54.67482120862015,10.994847083121229,4.667219410576684e-11,2.574469896741876e-11,0.2329411740879912,0.0
NGC7831,Sb: sp,ShellFlow,83.9099523395877,0.37398592102392547,2.1250848044863193e-10,2.2972696580184444e-11,0.6199025352213648,0.0
NGC7831,Sb: sp,ShellFlow,83.9099523395877,1.1219577630717765,4.182113259425263e-10,5.0373471129865964e-11,0.5422256130273179,0.0
NGC7831,Sb: sp,ShellFlow,83.9099523395877,1.8699296051196272,4.809311837132e-10,5.649078665008691e-11,0.5454115814273707,0.0
NGC7831,Sb: sp,ShellFlow,83.9099523395877,2.6676156786981142,4.5298139402044593e-10,5.856209166664673e-11,0.502986668723542,0.0
NGC7831,Sb: sp,ShellFlow,83.9099523395877,3.503152018196656,3.597253261137017e-10,5.750349011962612e-11,0.4542940499251916,0.0
NGC7831,Sb: sp,ShellFlow,83.9099523395877,4.300838091775143,3.1180333484823704e-10,6.080472408256865e-11,0.39807651390924215,0.0
NGC7831,Sb: sp,ShellFlow,83.9099523395877,5.048809933822994,3.0158770547040707e-10,4.684539738341454e-11,0.4840914927350663,0.0
NGC7831,Sb: sp,ShellFlow,83.9099523395877,5.796781775870845,2.713443084613995e-10,6.299210302995735e-11,0.31026687113744494,0.0
NGC7831,Sb: sp,ShellFlow,83.9099523395877,6.544753617918696,2.3300351934811187e-10,5.06833876369115e-11,0.36433679917395106,0.0
NGC7831,Sb: sp,ShellFlow,83.9099523395877,7.2927254599665465,2.0966401623251465e-10,4.0471980582493656e-11,0.40179635590106494,0.0
NGC7831,Sb: sp,ShellFlow,83.9099523395877,8.090411533545034,2.0027586553326917e-10,3.260068130691765e-11,0.4358336014420246,0.0
NGC7831,Sb: sp,ShellFlow,83.9099523395877,8.88216562431823,1.7595056220849578e-10,3.16880230170488e-11,0.39293247407059007,0.0
NGC7831,Sb: sp,ShellFlow,83.9099523395877,9.681899285870117,1.6208944313451446e-10,3.369050776095267e-11,0.3017049890308643,0.0
NGC7831,Sb: sp,ShellFlow,83.9099523395877,10.471605788669914,1.6682313070025413e-10,3.6426516674136246e-11,0.1992551364220851,0.0
NGC7831,Sb: sp,ShellFlow,83.9099523395877,11.23579917325493,1.468788564208394e-10,3.5941529165894954e-11,0.13928718055485273,0.0
NGC7831,Sb: sp,ShellFlow,83.9099523395877,11.967549472765615,1.447903037535337e-10,2.2424923332833465e-11,0.2894976361760102,0.0
NGC7831,Sb: sp,ShellFlow,83.9099523395877,12.67767104889341,1.4125580989370691e-10,2.566571956626495e-11,0.16143157012226417,0.0
NGC7831,Sb: sp,ShellFlow,83.9099523395877,13.478181589411676,1.106750729491955e-10,2.3195944128850595e-11,0.12714173920302482,0.0
NGC7831,Sb: sp,ShellFlow,83.9099523395877,14.200353822994687,9.65707405931468e-11,1.9037055601523692e-11,0.17199766407140504,0.0
NGC7831,Sb: sp,ShellFlow,83.9099523395877,15.072987638717182,1.1189786067327087e-10,1.863218235265473e-11,0.1344660909199163,0.0
NGC7831,Sb: sp,ShellFlow,83.9099523395877,15.446973559741108,1.1905145264408476e-10,1.635973422733496e-11,0.15869362823385189,0.0
SDSSJ103804.65+014427.5,Extended Src [SDSS],Mathewson96,74.08036104990113,0.6809365573412841,3.356680382237995e-10,9.16823497581461e-13,0.9087131631078925,0.0
SDSSJ103804.65+014427.5,Extended Src [SDSS],Mathewson96,74.08036104990113,2.042809672023852,1.935529145069472e-10,2.0577821030621367e-12,0.8816948257061717,0.0
SDSSJ103804.65+014427.5,Extended Src [SDSS],Mathewson96,74.08036104990113,2.8619969849465483,1.3352039677972822e-10,2.2876220331365018e-12,0.86956927099587,0.0
SDSSJ103804.65+014427.5,Extended Src [SDSS],Mathewson96,74.08036104990113,4.085619344047705,1.4423144418319552e-10,1.7032024148080833e-12,0.9160213391236129,0.0
SDSSJ103804.65+014427.5,Extended Src [SDSS],Mathewson96,74.08036104990113,5.447492458730274,1.8205315885601722e-10,1.7025869000182117e-12,0.9204948454383032,0.0
SDSSJ103804.65+014427.5,Extended Src [SDSS],Mathewson96,74.08036104990113,6.809365573412841,1.6412737003268415e-10,7.398577861418215e-12,0.6939077272155755,0.0
SDSSJ103804.65+014427.5,Extended Src [SDSS],Mathewson96,74.08036104990113,8.171238688095409,1.4872689489260798e-10,6.080392845901494e-12,0.7199914301342529,0.0
SDSSJ103804.65+014427.5,Extended Src [SDSS],Mathewson96,74.08036104990113,9.533111802777977,1.3361311025103364e-10,2.12053809211266e-12,0.9057065410041648,0.0
SDSSJ103804.65+014427.5,Extended Src [SDSS],Mathewson96,74.08036104990113,10.894984917460546,9.127779539670117e-11,9.165983754278785e-12,0.6088553033867838,0.0
SDSSJ103804.65+014427.5,Extended Src [SDSS],Mathewson96,74.08036104990113,12.256858032143114,1.280859521575907e-10,1.3113760239229407e-11,0.5284831286467573,0.0
SDSSJ103804.65+014427.5,Extended Src [SDSS],Mathewson96,74.08036104990113,13.618731146825684,1.1445759076406392e-10,9.536141029366545e-12,0.6060400008195934,0.0
SDSSJ103804.65+014427.5,Extended Src [SDSS],Mathewson96,74.08036104990113,14.84235350592684,9.594967613888322e-11,9.950807229608726e-12,0.5841340447432031,0.0
SDSSJ103804.65+014427.5,Extended Src [SDSS],Mathewson96,74.08036104990113,16.34247737619082,7.225574733608286e-11,4.322939720257399e-12,0.795269493658868,0.0
SDSSJ103804.65+014427.5,Extended Src [SDSS],Mathewson96,74.08036104990113,20.42809672023852,7.925301095115416e-11,4.155920192963801e-11,0.07107287330639951,0.0
SDSSJ103804.65+014427.5,Extended Src [SDSS],Mathewson96,74.08036104990113,21.78996983492109,7.374276673040702e-11,2.3325503518455118e-11,0.11324562151592936,0.0
SDSSJ103804.65+014427.5,Extended Src [SDSS],Mathewson96,74.08036104990113,23.15184294960366,6.33135971268723e-11,1.6877111641407228e-11,0.14211898045920338,0.0
SDSSJ103804.65+014427.5,Extended Src [SDSS],Mathewson96,74.08036104990113,24.651966819867642,6.087533205869583e-11,1.3316219376655977e-11,0.1560994562620982,0.0
SDSSJ103804.65+014427.5,Extended Src [SDSS],Mathewson96,74.08036104990113,26.01383993455021,4.0233493612974373e-11,1.1139588278158906e-11,0.17382275676811093,0.0
SDSSJ103847.36+054135.9,Extended Src [SDSS],Mathewson96,57.681942278604076,1.111237262744528,8.905480153304983e-11,6.597769400270769e-11,0.656448839754464,0.0
SDSSJ103847.36+054135.9,Extended Src [SDSS],Mathewson96,57.681942278604076,2.222474525489056,2.1612530630841843e-10,9.956885508531227e-11,0.5613903684086544,0.0
SDSSJ103847.36+054135.9,Extended Src [SDSS],Mathewson96,57.681942278604076,3.3337117882335834,2.2655487429057445e-10,9.899779037985018e-11,0.5233281075393136,0.0
SDSSJ103847.36+054135.9,Extended Src [SDSS],Mathewson96,57.681942278604076,4.444949050978112,2.1972969721356252e-10,8.847983892007336e-11,0.5172964328737071,0.0
SDSSJ103847.36+054135.9,Extended Src [SDSS],Mathewson96,57.681942278604076,5.556186313722639,1.7111731999124362e-10,1.04971682925258e-10,0.37583349286524154,0.0
SDSSJ103847.36+054135.9,Extended Src [SDSS],Mathewson96,57.681942278604076,6.667423576467167,1.6627966475704604e-10,8.494864270318172e-11,0.3670198392789321,0.0
SDSSJ103847.36+054135.9,Extended Src [SDSS],Mathewson96,57.681942278604076,7.719731590429788,1.7235917513847348e-10,6.91676003440566e-11,0.47552257295841505,0.0
SDSSJ103847.36+054135.9,Extended Src [SDSS],Mathewson96,57.681942278604076,7.837590087993601,1.4643448345364372e-10,5.2048353130511946e-11,0.571101976157388,0.0
SDSSJ103847.36+054135.9,Extended Src [SDSS],Mathewson96,57.681942278604076,8.889898101956224,1.2167780472435197e-10,8.24952430652444e-11,0.2684695728372055,0.0
SDSSJ103847.36+054135.9,Extended Src [SDSS],Mathewson96,57.681942278604076,10.001135364700751,1.157144705232939e-10,8.681207956841123e-11,0.24954629472923914,0.0
SDSSJ103847.36+054135.9,Extended Src [SDSS],Mathewson96,57.681942278604076,11.05344337866337,1.1698039025712889e-10,7.562379695976421e-11,0.23959391900432198,0.0
SDSSJ103847.36+054135.9,Extended Src [SDSS],Mathewson96,57.681942278604076,12.223609890189806,7.586346848669957e-11,6.14315729222227e-11,0.24996240146493356,0.0
SDSSJ103847.36+054135.9,Extended Src [SDSS],Mathewson96,57.681942278604076,13.334847152934334,6.687925736685655e-11,5.750937568831264e-11,0.21820981351977017,0.0
SDSSJ103847.36+054135.9,Extended Src [SDSS],Mathewson96,57.681942278604076,14.387155166896955,5.453526077505918e-11,5.6549949651851944e-11,0.17447286472560822,0.0
SDSSJ103847.36+054135.9,Extended Src [SDSS],Mathewson96,57.681942278604076,15.49839242964148,5.11357672620488e-11,2.003819344350671e-11,0.5689348172793092,0.0
SDSSJ110925.00+222900.8,Scd:,SCII,83.30759852864418,0.30680835721038474,8.10114713597234e-12,1.1882685163262516e-12,0.7174493389411691,0.0
SDSSJ110925.00+222900.8,Scd:,SCII,83.30759852864418,0.8181556192276926,1.3462912897119386e-11,2.6680619259939505e-12,0.7658063492415808,0.0
SDSSJ110925.00+222900.8,Scd:,SCII,83.30759852864418,1.3295028812450005,1.5484477591092568e-11,3.772321197712553e-12,0.7241715072384751,0.0
SDSSJ110925.00+222900.8,Scd:,SCII,83.30759852864418,1.900463618936805,1.7998079042133254e-11,4.835867131171637e-12,0.6991470281363871,0.0
SDSSJ110925.00+222900.8,Scd:,SCII,83.30759852864418,2.3948533820085816,1.83577608709765e-11,5.4417447496027555e-12,0.6573355742108189,0.0
SDSSJ110925.00+222900.8,Scd:,SCII,83.30759852864418,2.965814119700385,2.1083195784767394e-11,6.313670856686634e-12,0.6343283175121224,0.0
SDSSJ110925.00+222900.8,Scd:,SCII,83.30759852864418,3.4771613817176936,2.1006233820201034e-11,6.166876306537865e-12,0.6224723264717786,0.0
SDSSJ110925.00+222900.8,Scd:,SCII,83.30759852864418,3.9885086437350012,2.1068531177404256e-11,7.51868984504811e-12,0.5764694016892986,0.0
SDSSJ110925.00+222900.8,Scd:,SCII,83.30759852864418,4.602125358155771,2.1534966309127608e-11,6.391570588265601e-12,0.6121191108884796,0.0
SDSSJ110925.00+222900.8,Scd:,SCII,83.30759852864418,5.113472620173079,2.0974412750451116e-11,6.627743399007748e-12,0.5776909177565296,0.0
SDSSJ110925.00+222900.8,Scd:,SCII,83.30759852864418,5.624819882190387,1.9793595140079668e-11,6.6283964523378716e-12,0.5628905421340167,0.0
SDSSJ110925.00+222900.8,Scd:,SCII,83.30759852864418,6.195780619882191,1.929232191221591e-11,6.692035789050846e-12,0.5387629353787513,0.0
SDSSJ110925.00+222900.8,Scd:,SCII,83.30759852864418,6.690170382953967,1.967184467675165e-11,6.89086312442297e-12,0.5302022269273348,0.0
SDSSJ110925.00+222900.8,Scd:,SCII,83.30759852864418,7.261131120645772,2.188452440098031e-11,7.553021458541002e-12,0.4674920470942275,0.0
SDSSJ110925.00+222900.8,Scd:,SCII,83.30759852864418,7.772478382663079,2.4988448050360024e-11,8.389548580122191e-12,0.4059811551729609,0.0
SDSSJ110925.00+222900.8,Scd:,SCII,83.30759852864418,8.28382564468039,2.7287456495014934e-11,6.1147156991025134e-12,0.48539783573799616,0.0
SDSSJ110925.00+222900.8,Scd:,SCII,83.30759852864418,8.897442359101158,2.7379664889898222e-11,5.661357985379953e-12,0.512212824053541,0.0
SDSSJ110925.00+222900.8,Scd:,SCII,83.30759852864418,9.408789621118466,2.734169192009831e-11,7.478457991698641e-12,0.37807901968118784,0.0
SDSSJ110925.00+222900.8,Scd:,SCII,83.30759852864418,9.920136883135774,2.712879040702422e-11,5.02141996154183e-12,0.5188822641210915,0.0
SDSSJ110925.00+222900.8,Scd:,SCII,83.30759852864418,10.400307987297895,2.7429144261557744e-11,6.9485415597561655e-12,0.3693460541721648,0.0
SDSSJ110925.00+222900.8,Scd:,SCII,83.30759852864418,10.747033481201369,2.830643962543442e-11,5.503052256540772e-12,0.44738203029810386,0.0
SDSSJ111023.34+044946.3,Extended Src [SDSS],Mathewson96,54.5074667852549,0.33523089763168745,1.3719208911846343e-10,2.803676451584864e-11,0.7864798504198341,0.0
SDSSJ111023.34+044946.3,Extended Src [SDSS],Mathewson96,54.5074667852549,1.2002842266017018,2.2068952244465245e-10,9.788577445637218e-11,0.7131426330937751,0.0
SDSSJ111023.34+044946.3,Extended Src [SDSS],Mathewson96,54.5074667852549,2.065337555571716,3.748755630429304e-10,1.3985896195170822e-10,0.6311184585327967,0.0
SDSSJ111023.34+044946.3,Extended Src [SDSS],Mathewson96,54.5074667852549,3.000710566504254,2.726259044946543e-10,1.6662352780248295e-10,0.5808446347287021,0.0
SDSSJ111023.34+044946.3,Extended Src [SDSS],Mathewson96,54.5074667852549,3.9360835774367926,2.9068602096017803e-10,1.5905470260545865e-10,0.5982657003765287,0.0
SDSSJ111023.34+044946.3,Extended Src [SDSS],Mathewson96,54.5074667852549,4.801136906406807,2.3813276593948263e-10,1.355328764195876e-10,0.619634567547199,0.0
SDSSJ111023.34+044946.3,Extended Src [SDSS],Mathewson96,54.5074667852549,5.666190235376821,1.990737565760359e-10,1.8366620534967437e-10,0.5134143646745748,0.0
SDSSJ111023.34+044946.3,Extended Src [SDSS],Mathewson96,54.5074667852549,6.336652030640196,2.6893445003633204e-10,1.295453111878784e-10,0.6024400098096199,0.0
SDSSJ111023.34+044946.3,Extended Src [SDSS],Mathewson96,54.5074667852549,7.2017053596102105,2.2898245457027543e-10,1.8508883130259627e-10,0.35807320853830626,0.0
SDSSJ111023.34+044946.3,Extended Src [SDSS],Mathewson96,54.5074667852549,8.066758688580226,2.0198411532107668e-10,2.4628061373784114e-10,0.2847222996368657,0.0
SDSSJ111023.34+044946.3,Extended Src [SDSS],Mathewson96,54.5074667852549,9.002131699512763,1.6171372202918892e-10,2.1256075681630183e-10,0.29252005312134727,0.0
SDSSJ111023.34+044946.3,Extended Src [SDSS],Mathewson96,54.5074667852549,9.937504710445301,1.6654741715862983e-10,1.9153505868809417e-10,0.2673545785647077,0.0
SDSSJ111023.34+044946.3,Extended Src [SDSS],Mathewson96,54.5074667852549,10.802558039415317,1.4309585554278327e-10,1.9837534203792153e-10,0.18853767901261467,0.0
SDSSJ111023.34+044946.3,Extended Src [SDSS],Mathewson96,54.5074667852549,11.66761136838533,1.4311426571057362e-10,1.7788699546460948e-10,0.14368138928471536,0.0
SDSSJ111023.34+044946.3,Extended Src [SDSS],Mathewson96,54.5074667852549,12.338073163648705,1.1207811760663281e-10,1.0805890894842349e-10,0.32752599528600185,0.0
SDSSJ111023.34+044946.3,Extended Src [SDSS],Mathewson96,54.5074667852549,13.203126492618718,1.2320228577063862e-10,1.2676949407248646e-10,0.1858840280068954,0.0
SDSSJ111023.34+044946.3,Extended Src [SDSS],Mathewson96,54.5074667852549,14.738641616852108,1.134822408869494e-10,9.207209522513028e-11,0.22499952674433696,0.0
SDSSJ111023.34+044946.3,Extended Src [SDSS],Mathewson96,54.5074667852549,15.93892584345381,9.710351656280361e-11,9.235407465395746e-11,0.1558745228735032,0.0
SDSSJ111023.34+044946.3,Extended Src [SDSS],Mathewson96,54.5074667852549,17.139210070055512,8.764319798601449e-11,9.66493732877854e-11,0.09507237843954984,0.0
SDSSJ140232.36+090443.7,Extended Src [SDSS],Mathewson96,73.5520290170889,0.07447096938404481,3.476102967422991e-11,5.216840990727609e-13,0.0,0.0
SDSSJ140232.36+090443.7,Extended Src [SDSS],Mathewson96,73.5520290170889,0.756166766053378,6.915374162449612e-11,2.0014938879748142e-11,0.7729907291136939,0.0
SDSSJ140232.36+090443.7,Extended Src [SDSS],Mathewson96,73.5520290170889,1.4378625627227113,4.7878880235381404e-11,3.9245202410390936e-11,0.6618233991749232,0.0
SDSSJ140232.36+090443.7,Extended Src [SDSS],Mathewson96,73.5520290170889,1.586804501490801,4.187024013501956e-11,4.363558241476086e-11,0.6329391105966096,0.0
SDSSJ140232.36+090443.7,Extended Src [SDSS],Mathewson96,73.5520290170889,2.268500298160134,1.0704873528176425e-10,6.073657591703876e-11,0.5595440039733939,0.0
SDSSJ140232.36+090443.7,Extended Src [SDSS],Mathewson96,73.5520290170889,3.024667064213512,1.2096132360408926e-10,6.310583808208927e-11,0.5315470898059905,0.0
SDSSJ140232.36+090443.7,Extended Src [SDSS],Mathewson96,73.5520290170889,3.7808338302668902,7.357242185978398e-11,7.178959623142676e-11,0.455008223333854,0.0
SDSSJ140232.36+090443.7,Extended Src [SDSS],Mathewson96,73.5520290170889,4.537000596320268,8.039280446500308e-11,7.467576171484053e-11,0.36959727700760237,0.0
SDSSJ140232.36+090443.7,Extended Src [SDSS],Mathewson96,73.5520290170889,5.367638331757691,6.261734775648629e-11,6.102035659265186e-11,0.4305576028540745,0.0
SDSSJ140232.36+090443.7,Extended Src [SDSS],Mathewson96,73.5520290170889,6.049334128427024,1.3892412041508334e-10,6.974066437355733e-11,0.2703360703939077,0.0
SDSSJ140232.36+090443.7,Extended Src [SDSS],Mathewson96,73.5520290170889,6.731029925096357,8.666743268385167e-11,6.971343547171966e-11,0.2527340519764953,0.0
SDSSJ140232.36+090443.7,Extended Src [SDSS],Mathewson96,73.5520290170889,6.879971863864447,1.144947962041629e-10,6.331964178581157e-11,0.29925775372627716,0.0
SDSSJ140232.36+090443.7,Extended Src [SDSS],Mathewson96,73.5520290170889,7.5616676605337805,1.1048413860802036e-10,5.618875285878488e-11,0.2907311201673494,0.0
SDSSJ140232.36+090443.7,Extended Src [SDSS],Mathewson96,73.5520290170889,8.317834426587158,8.160589875537271e-11,4.951557314753741e-11,0.2942826014396868,0.0
SDSSJ140232.36+090443.7,Extended Src [SDSS],Mathewson96,73.5520290170889,9.074001192640537,9.002987615465008e-11,4.8473133224646054e-11,0.2521279805716084,0.0
SDSSJ140232.36+090443.7,Extended Src [SDSS],Mathewson96,73.5520290170889,9.75569698930987,9.671671140206076e-11,4.2634483444009565e-11,0.22203416992492775,0.0
SDSSJ140232.36+090443.7,Extended Src [SDSS],Mathewson96,73.5520290170889,10.511863755363246,1.2426495260477864e-10,2.5204666608630243e-11,0.4333670935391782,0.0
SDSSJ143712.96+083834.3,Extended Src [SDSS],Mathewson96,70.06919684188172,0.9829070758490293,3.2271858956171405e-11,2.1458878832034907e-11,0.6756792683515132,0.0
SDSSJ143712.96+083834.3,Extended Src [SDSS],Mathewson96,70.06919684188172,1.9658141516980585,4.233727782348823e-11,3.4124371560755893e-11,0.5770092564507563,0.0
SDSSJ143712.96+083834.3,Extended Src [SDSS],Mathewson96,70.06919684188172,2.9487212275470878,8.762009509122327e-11,3.5838147588197786e-11,0.5445966174390597,0.0
SDSSJ143712.96+083834.3,Extended Src [SDSS],Mathewson96,70.06919684188172,3.931628303396117,1.1096542730842954e-10,3.4594623451231845e-11,0.526676525884792,0.0
SDSSJ143712.96+083834.3,Extended Src [SDSS],Mathewson96,70.06919684188172,4.914535379245146,1.0559696479771172e-10,4.356662922882068e-11,0.3737625912491194,0.0
SDSSJ143712.96+083834.3,Extended Src [SDSS],Mathewson96,70.06919684188172,5.8974424550941755,7.72382665440152e-11,3.6411673179017203e-11,0.346999524777957,0.0
SDSSJ143712.96+083834.3,Extended Src [SDSS],Mathewson96,70.06919684188172,6.880349530943205,6.342578155241556e-11,2.7585175023319965e-11,0.46428527623821636,0.0
SDSSJ143712.96+083834.3,Extended Src [SDSS],Mathewson96,70.06919684188172,7.863256606792234,6.790591212788774e-11,3.1043769979731666e-11,0.30358562096721625,0.0
SDSSJ143712.96+083834.3,Extended Src [SDSS],Mathewson96,70.06919684188172,8.854602783797542,6.744280694780793e-11,3.105217929967686e-11,0.29295355841734194,0.0
SDSSJ143712.96+083834.3,Extended Src [SDSS],Mathewson96,70.06919684188172,9.829070758490293,6.498837933001567e-11,2.541778262346636e-11,0.30909981684005566,0.0
SDSSJ143712.96+083834.3,Extended Src [SDSS],Mathewson96,70.06919684188172,10.803538733183043,6.593769101199009e-11,2.2752239448126928e-11,0.31186909172650723,0.0
SDSSJ143712.96+083834.3,Extended Src [SDSS],Mathewson96,70.06919684188172,10.8204169354956,5.5282633639663404e-11,2.2381160537489485e-11,0.3186406475561068,0.0
SDSSJ145311.77+165524.4,Sab AGN,SCII,74.07278148074705,0.3982105621409352,3.1015425348618544e-10,1.2232680830169817e-11,0.8013013373112782,0.0
SDSSJ145311.77+165524.4,Sab AGN,SCII,74.07278148074705,1.303714152376797,4.956194093656093e-10,4.079430678931852e-11,0.6837457667043265,0.0
SDSSJ145311.77+165524.4,Sab AGN,SCII,74.07278148074705,2.28018090689162,4.00772879821248e-10,6.016479097022684e-11,0.6131680547343057,0.0
SDSSJ145311.77+165524.4,Sab AGN,SCII,74.07278148074705,3.1856844971274816,2.917329774896226e-10,7.232910284108424e-11,0.5002561496465442,0.0
SDSSJ145311.77+165524.4,Sab AGN,SCII,74.07278148074705,3.982105621409352,2.2177840657507088e-10,8.892734092718608e-11,0.4278878622267064,0.0
SDSSJ145311.77+165524.4,Sab AGN,SCII,74.07278148074705,4.778526745691222,1.6710611566232382e-10,8.961437133516848e-11,0.3618272540656874,0.0
SDSSJ145311.77+165524.4,Sab AGN,SCII,74.07278148074705,5.684030335927085,1.3812069515752774e-10,6.987607379819983e-11,0.3362966914782527,0.0
SDSSJ145311.77+165524.4,Sab AGN,SCII,74.07278148074705,6.660497090441908,1.2194077339988175e-10,5.250971544913883e-11,0.4703684550295531,0.0
SDSSJ145311.77+165524.4,Sab AGN,SCII,74.07278148074705,7.566000680677769,1.0513084241781433e-10,5.433406598640219e-11,0.31284721807597426,0.0
SDSSJ145311.77+165524.4,Sab AGN,SCII,74.07278148074705,8.36242180495964,1.0012578702189623e-10,5.546014486663023e-11,0.2782075817060713,0.0
SDSSJ145311.77+165524.4,Sab AGN,SCII,74.07278148074705,9.267925395195501,9.490993029385597e-11,5.7714904412609923e-11,0.24305953896515683,0.0
SDSSJ145311.77+165524.4,Sab AGN,SCII,74.07278148074705,10.154369334593849,9.54989510899477e-11,5.0430891763559474e-11,0.2415023323733107,0.0
SDSSJ145311.77+165524.4,Sab AGN,SCII,74.07278148074705,10.95079045887572,8.841717215068228e-11,2.4905535628938406e-11,0.5207267295227701,0.0
SDSSJ145311.77+165524.4,Sab AGN,SCII,74.07278148074705,11.89441335078661,7.1110708230261e-11,2.51211693946171e-11,0.47372705081893196,0.0
SDSSJ145311.77+165524.4,Sab AGN,SCII,74.07278148074705,12.69083447506848,5.7998005744088574e-11,3.583078891997732e-11,0.2716991123812975,0.0
SDSSJ145311.77+165524.4,Sab AGN,SCII,74.07278148074705,13.68636088042082,5.054398433937743e-11,3.8737061327553955e-11,0.21238914936631334,0.0
SDSSJ145311.77+165524.4,Sab AGN,SCII,74.07278148074705,14.48278200470269,5.4856413974863386e-11,1.9078353159609513e-11,0.46838228633770934,0.0
SDSSJ145311.77+165524.4,Sab AGN,SCII,74.07278148074705,17.07115065861877,3.69965685643189e-11,2.0988559612214002e-11,0.3073098542953307,0.0
SDSSJ145311.77+165524.4,Sab AGN,SCII,74.07278148074705,17.66846650183017,3.445179746628159e-11,1.2640408646221096e-11,0.5193804703991015,0.0
UGC00014,Sc+,Courteau97/ShellFlow/Mathewson96,56.10185731341425,0.6931611007199476,4.0964416271253907e-10,9.268502022892598e-11,0.6299017642118027,0.0
UGC00014,Sc+,Courteau97/ShellFlow/Mathewson96,56.10185731341425,2.0803813931454336,3.7054361067187885e-10,1.8750123129710285e-10,0.44620557023151053,0.0
UGC00014,Sc+,Courteau97/ShellFlow/Mathewson96,56.10185731341425,3.5328003764920988,2.8099560550670683e-10,1.5191558289319133e-10,0.4136125522055224,0.0
UGC00014,Sc+,Courteau97/ShellFlow/Mathewson96,56.10185731341425,4.9220566434441135,2.1620934472728682e-10,1.080935768598904e-10,0.4945562861167952,0.0
UGC00014,Sc+,Courteau97/ShellFlow/Mathewson96,56.10185731341425,6.307404970402152,1.5943215005337357e-10,1.2944072755918754e-10,0.3413871255538331,0.0
UGC00014,Sc+,Courteau97/ShellFlow/Mathewson96,56.10185731341425,7.694490662289496,1.6420204222126734e-10,1.3099124352528063e-10,0.271043592753219,0.0
UGC00014,Sc+,Courteau97/ShellFlow/Mathewson96,56.10185731341425,9.0902869318595,1.2959297852937917e-10,9.343958385147669e-11,0.22459191732419964,0.0
UGC00014,Sc+,Courteau97/ShellFlow/Mathewson96,56.10185731341425,10.428117310013816,1.138611224273846e-10,7.543504356699502e-11,0.2963358379051135,0.0
UGC00014,Sc+,Courteau97/ShellFlow/Mathewson96,56.10185731341425,11.932507370892507,9.16601363462995e-11,3.8671936463969606e-11,0.48837179189282737,0.0
UGC00014,Sc+,Courteau97/ShellFlow/Mathewson96,56.10185731341425,13.459990472838339,6.196741700074828e-11,6.71463741072287e-11,0.18794449837597282,0.0
UGC00014,Sc+,Courteau97/ShellFlow/Mathewson96,56.10185731341425,14.482701197003854,3.160911594874425e-11,2.7914257049715783e-11,0.5019488523164163,0.0
UGC00014,Sc+,Courteau97/ShellFlow/Mathewson96,56.10185731341425,16.14968927350738,6.430435660596631e-11,4.6671404995773717e-11,0.20405350788733628,0.0
UGC00014,Sc+,Courteau97/ShellFlow/Mathewson96,56.10185731341425,17.70076253363392,4.560342396168313e-11,3.5529801322778316e-11,0.21739259748986112,0.0
UGC00014,Sc+,Courteau97/ShellFlow/Mathewson96,56.10185731341425,18.99055239618937,7.181548545288356e-11,1.9183253724224953e-11,0.5089054798012818,0.0
UGC00014,Sc+,Courteau97/ShellFlow/Mathewson96,56.10185731341425,22.049943451385353,2.2890557524343234e-11,3.077751352974859e-11,0.21457747747940528,0.0
UGC00014,Sc+,Courteau97/ShellFlow/Mathewson96,56.10185731341425,23.361111046469347,4.345237023653931e-11,8.118178086364417e-12,0.712485400569895,0.0
UGC00014,Sc+,Courteau97/ShellFlow/Mathewson96,56.10185731341425,24.34448674278234,4.808064478896474e-11,2.6422456790987467e-11,0.19534986272325083,0.0
UGC00014,Sc+,Courteau97/ShellFlow/Mathewson96,56.10185731341425,25.879170407970328,3.2204297544577156e-11,2.017902500348378e-11,0.16408206121899133,0.0
UGC00014,Sc+,Courteau97/ShellFlow/Mathewson96,56.10185731341425,26.851857238019054,2.836137362536455e-11,2.1688995292669467e-11,0.18117491116514672,0.0
UGC00014,Sc+,Courteau97/ShellFlow/Mathewson96,56.10185731341425,27.950197629263325,3.030160177824399e-11,1.3621150069165896e-11,0.3752456907096772,0.0
UGC00041,SBcd:,Mathewson96,73.46939865731451,0.8321366009744745,9.705268326037538e-11,7.749620005157068e-12,0.7465598444025705,0.0
UGC00041,SBcd:,Mathewson96,73.46939865731451,1.664273201948949,6.891215437880669e-11,1.3548339402633782e-11,0.675180845122973,0.0
UGC00041,SBcd:,Mathewson96,73.46939865731451,2.4964098029234236,5.4693650358661385e-11,1.743039594721233e-11,0.611227294209403,0.0
UGC00041,SBcd:,Mathewson96,73.46939865731451,3.328546403897898,3.320839888792605e-11,1.976746951167073e-11,0.5584888182773466,0.0
UGC00041,SBcd:,Mathewson96,73.46939865731451,4.160683004872372,4.544140418458054e-11,2.4382869120782272e-11,0.44391982805654306,0.0
UGC00041,SBcd:,Mathewson96,73.46939865731451,4.992819605846847,9.580827626361687e-11,2.2003221646795863e-11,0.42569909321121696,0.0
UGC00041,SBcd:,Mathewson96,73.46939865731451,5.824956206821321,6.699652850806226e-11,1.7944883284662113e-11,0.5083748193244199,0.0
UGC00041,SBcd:,Mathewson96,73.46939865731451,6.657092807795796,4.4667411778055174e-11,2.0758317160208437e-11,0.3509847945650695,0.0
UGC00041,SBcd:,Mathewson96,73.46939865731451,7.489229408770271,7.352697965337343e-11,2.211549133988999e-11,0.3318696940641843,0.0
UGC00041,SBcd:,Mathewson96,73.46939865731451,8.321366009744745,6.393445332804612e-11,1.938452618751707e-11,0.3388079634760845,0.0
UGC00041,SBcd:,Mathewson96,73.46939865731451,9.985639211693695,3.4354727389515775e-11,1.751055664060772e-11,0.27098783682983274,0.0
UGC00041,SBcd:,Mathewson96,73.46939865731451,10.817775812668168,3.0793901568238456e-11,1.6612957380989347e-11,0.23999485869740578,0.0
UGC00041,SBcd:,Mathewson96,73.46939865731451,11.649912413642642,5.1952496021803775e-11,1.052555365162756e-11,0.3707575866237125,0.0
UGC00111,Scd:,Courteau97,71.59306479829453,0.28150400698131045,5.4666803180400647e-11,5.913280377736265e-12,0.7185426285612109,0.0
UGC00111,Scd:,Courteau97,71.59306479829453,0.9049074260781034,8.248829285329305e-11,1.7894791976526998e-11,0.6542286192184168,0.0
UGC00111,Scd:,Courteau97,71.59306479829453,1.5482720383972075,8.118942198853863e-11,2.640431254594177e-11,0.6075933850051289,0.0
UGC00111,Scd:,Courteau97,71.59306479829453,2.1112800523598283,8.131421890343853e-11,2.964745912546887e-11,0.5652011418303543,0.0
UGC00111,Scd:,Courteau97,71.59306479829453,2.6742880663224495,7.549612082612163e-11,3.2194424756972536e-11,0.5517671709844447,0.0
UGC00111,Scd:,Courteau97,71.59306479829453,3.23729608028507,8.834540496602286e-11,3.4130302375802314e-11,0.5190603363560935,0.0
UGC00111,Scd:,Courteau97,71.59306479829453,3.800304094247691,9.17365967946915e-11,3.378739655760331e-11,0.4631159014582211,0.0
UGC00111,Scd:,Courteau97,71.59306479829453,4.363312108210312,7.582814687483064e-11,3.5396259913267826e-11,0.46575849639166655,0.0
UGC00111,Scd:,Courteau97,71.59306479829453,4.926320122172933,6.239889640770438e-11,3.06439149824492e-11,0.473789446073382,0.0
UGC00111,Scd:,Courteau97,71.59306479829453,5.489328136135553,8.041875648783032e-11,3.018427880445065e-11,0.41816334311684455,0.0
UGC00111,Scd:,Courteau97,71.59306479829453,6.052336150098174,7.012101068357778e-11,2.7390555902800727e-11,0.41279348996888277,0.0
UGC00111,Scd:,Courteau97,71.59306479829453,6.6153441640607955,5.855375357358027e-11,2.3171365287179068e-11,0.4619980121668047,0.0
UGC00111,Scd:,Courteau97,71.59306479829453,7.178352178023416,6.549600728965457e-11,2.22615783110128e-11,0.4595019395679659,0.0
UGC00111,Scd:,Courteau97,71.59306479829453,7.741360191986036,5.683275354542366e-11,2.557452367104771e-11,0.3710107069550362,0.0
UGC00111,Scd:,Courteau97,71.59306479829453,8.304368205948657,5.3565782853666435e-11,2.86861360500874e-11,0.2842000748574748,0.0
UGC00111,Scd:,Courteau97,71.59306479829453,8.81363454585121,4.0706083758451114e-11,1.658968701859532e-11,0.475340460473076,0.0
UGC00111,Scd:,Courteau97,71.59306479829453,9.550663218675005,4.7189986921162113e-11,1.7403357041406056e-11,0.4168350681417403,0.0
UGC00111,Scd:,Courteau97,71.59306479829453,9.97291922914697,3.750112624274309e-11,2.3485703985215636e-11,0.2568059400062542,0.0
UGC00111,Scd:,Courteau97,71.59306479829453,10.53592724310959,3.890969787367516e-11,1.4590872350528794e-11,0.43249012970170625,0.0
UGC00111,Scd:,Courteau97,71.59306479829453,11.098935257072213,3.087446723697843e-11,2.0873111274323908e-11,0.24995754142788532,0.0
UGC00111,Scd:,Courteau97,71.59306479829453,11.521191267544179,2.2073858642028946e-11,1.4378629381174912e-11,0.3904600196916953,0.0
UGC00166,Scd:,Courteau97,67.71219997744367,0.2949414639974236,3.472640126989549e-11,9.206738678063018e-12,0.6111466299724316,0.0
UGC00166,Scd:,Courteau97,67.71219997744367,0.8235032288560833,4.816493068323689e-11,2.248196993260977e-11,0.5929077504773114,0.0
UGC00166,Scd:,Courteau97,67.71219997744367,1.3744494400407246,5.4106446053706043e-11,2.947601948163772e-11,0.5356340966403444,0.0
UGC00166,Scd:,Courteau97,67.71219997744367,1.9290615903258985,1.456304749808363e-10,3.1521736669037255e-11,0.5174208941325769,0.0
UGC00166,Scd:,Courteau97,67.71219997744367,2.518944518320746,1.1114977215235564e-10,3.1962301501329195e-11,0.4679364235229892,0.0
UGC00166,Scd:,Courteau97,67.71219997744367,3.0793888444476765,1.325023411844825e-10,3.1296773663708316e-11,0.4614362408089165,0.0
UGC00166,Scd:,Courteau97,67.71219997744367,3.5926203185222896,1.539585741755745e-10,2.97279077487948e-11,0.47549026361007984,0.0
UGC00166,Scd:,Courteau97,67.71219997744367,4.153064644649221,1.1901109037635475e-10,3.5731909230612274e-11,0.3572496905190696,0.0
UGC00166,Scd:,Courteau97,67.71219997744367,4.742947572644068,1.0575179348839388e-10,3.022491978954298e-11,0.39582917710127574,0.0
UGC00166,Scd:,Courteau97,67.71219997744367,5.2424780622015374,6.990050018927983e-11,2.6002882837609538e-11,0.41540725777324844,0.0
UGC00166,Scd:,Courteau97,67.71219997744367,5.976036179186969,7.07712839368115e-11,2.384830584643304e-11,0.3254040567333885,0.0
UGC00166,Scd:,Courteau97,67.71219997744367,6.14711333721184,7.984047991162556e-11,2.7174388133824803e-11,0.3282272067960856,0.0
UGC00166,Scd:,Courteau97,67.71219997744367,6.911776392019974,8.337617186559911e-11,2.197882104693327e-11,0.36832514184490134,0.0
UGC00166,Scd:,Courteau97,67.71219997744367,7.367982146752964,5.966784018725727e-11,2.4553731326584878e-11,0.27964672595704265,0.0
UGC00166,Scd:,Courteau97,67.71219997744367,10.85173518289579,6.515548014095733e-11,1.5603117859662877e-11,0.2359998321133264,0.0
UGC00166,Scd:,Courteau97,67.71219997744367,11.108350919933097,5.809695379510933e-11,1.3313231007355467e-11,0.28320013315407594,0.0
UGC00179,Scd:,Courteau97,62.65527221515132,0.22918717184204784,1.2365242856190961e-11,1.0488631234785102e-11,0.4489123543537671,0.0
UGC00179,Scd:,Courteau97,62.65527221515132,0.6111657915787942,4.5941880662574286e-11,2.526180380305191e-11,0.5231903551479795,0.0
UGC00179,Scd:,Courteau97,62.65527221515132,0.9931444113155407,1.1837747564349382e-10,3.585609087410808e-11,0.45553372500991807,0.0
UGC00179,Scd:,Courteau97,62.65527221515132,1.4515187549996362,1.6054551406874255e-10,4.376401098334806e-11,0.3799076791710504,0.0
UGC00179,Scd:,Courteau97,62.65527221515132,1.8334973747363827,1.852506529860232e-10,4.290355159677387e-11,0.34224947864566563,0.0
UGC00179,Scd:,Courteau97,62.65527221515132,2.215475994473129,9.643695235883033e-11,3.872459200042434e-11,0.34223744538476125,0.0
UGC00179,Scd:,Courteau97,62.65527221515132,2.6738503381572247,1.0970232491714187e-10,3.540468336867053e-11,0.33323021628437893,0.0
UGC00179,Scd:,Courteau97,62.65527221515132,3.0558289578939712,1.0720262861363804e-10,3.459470317731839e-11,0.2937073010473496,0.0
UGC00179,Scd:,Courteau97,62.65527221515132,3.4378075776307178,1.2543493720360265e-10,3.1751721954526986e-11,0.2998416519365705,0.0
UGC00179,Scd:,Courteau97,62.65527221515132,3.8961819213148132,1.0242999082279017e-10,2.615737994139621e-11,0.31774698927167644,0.0
UGC00179,Scd:,Courteau97,62.65527221515132,4.2540071455005295,8.178149455245457e-11,2.413559321450993e-11,0.3203436271954431,0.0
UGC00179,Scd:,Courteau97,62.65527221515132,4.660139160788305,1.3720966283060753e-10,2.2319921431416342e-11,0.31285675924698997,0.0
UGC00179,Scd:,Courteau97,62.65527221515132,5.122449041766659,1.2085604002773128e-10,2.0411312655891556e-11,0.3029134281034154,0.0
UGC00179,Scd:,Courteau97,62.65527221515132,5.420160862967541,4.52712980365807e-11,2.0844185211687614e-11,0.24244735457642627,0.0
UGC00179,Scd:,Courteau97,62.65527221515132,8.10188227571328,4.9689380880884056e-11,1.1422278680712586e-11,0.25009707552795574,0.0
UGC00210,Sb,Courteau97/Mathewson96,67.96347885673188,0.16641702373160738,7.360323122804535e-11,7.0665005686818125e-12,0.42546047800433867,0.0
UGC00210,Sb,Courteau97/Mathewson96,67.96347885673188,0.5235235255617773,1.2917629810739687e-10,2.088376048202516e-11,0.5397639061865697,0.0
UGC00210,Sb,Courteau97/Mathewson96,67.96347885673188,0.9134125719687919,1.40704220827851e-10,3.1552950076940095e-11,0.4834670443000867,0.0
UGC00210,Sb,Courteau97/Mathewson96,67.96347885673188,1.3302596804388254,1.2926776464483535e-10,3.6947349233728626e-11,0.4388318370554229,0.0
UGC00210,Sb,Courteau97/Mathewson96,67.96347885673188,1.6490991055195985,1.1782028314108225e-10,3.8858314457539884e-11,0.4061748541690532,0.0
UGC00210,Sb,Courteau97/Mathewson96,67.96347885673188,1.967938530600372,9.878523174925721e-11,3.961341611374993e-11,0.3737445979548196,0.0
UGC00210,Sb,Courteau97/Mathewson96,67.96347885673188,2.384785639070405,1.4454731438914996e-10,3.812355816813243e-11,0.3503358341359621,0.0
UGC00210,Sb,Courteau97/Mathewson96,67.96347885673188,2.77467468547742,1.3283477532883373e-10,3.4309211132296197e-11,0.3352068349981319,0.0
UGC00210,Sb,Courteau97/Mathewson96,67.96347885673188,3.1105626201730785,1.227927845499479e-10,3.2278454209697765e-11,0.3204654836856129,0.0
UGC00210,Sb,Courteau97/Mathewson96,67.96347885673188,3.4527566336993676,7.024999274378486e-11,3.0783740709798685e-11,0.3089779349181988,0.0
UGC00210,Sb,Courteau97/Mathewson96,67.96347885673188,3.8217217366009746,1.3065582989777966e-10,2.9451830212206015e-11,0.2964612266787541,0.0
UGC00210,Sb,Courteau97/Mathewson96,67.96347885673188,4.188188204494218,1.296280796325309e-10,2.7540158450158446e-11,0.27645112558571233,0.0
UGC00210,Sb,Courteau97/Mathewson96,67.96347885673188,4.644748311831867,1.1076270414236645e-10,2.573427585878042e-11,0.26513885214872096,0.0
UGC00210,Sb,Courteau97/Mathewson96,67.96347885673188,4.992748677187114,6.10537581588679e-11,2.234063486751371e-11,0.24106350029365892,0.0
UGC00210,Sb,Courteau97/Mathewson96,67.96347885673188,5.244872847792888,6.91236541903649e-11,2.126180176157627e-11,0.2905979801844413,0.0
UGC00210,Sb,Courteau97/Mathewson96,67.96347885673188,5.654054076067196,7.018215425399403e-11,2.0482242200275104e-11,0.25890867246662075,0.0
UGC00210,Sb,Courteau97/Mathewson96,67.96347885673188,6.08802335005939,8.282999429994822e-11,1.8384928756130034e-11,0.23762078980038115,0.0
UGC00210,Sb,Courteau97/Mathewson96,67.96347885673188,6.4660707929120305,1.0076665683636367e-10,1.516557747729906e-11,0.3161427386994158,0.0
UGC00210,Sb,Courteau97/Mathewson96,67.96347885673188,6.7383030262041546,7.752269955004102e-11,1.750517557056688e-11,0.2124863812065802,0.0
UGC00210,Sb,Courteau97/Mathewson96,67.96347885673188,7.100644763289943,5.880014466922685e-11,1.4270487489985158e-11,0.28082933492336165,0.0
UGC00210,Sb,Courteau97/Mathewson96,67.96347885673188,7.336230349792743,9.288094102023099e-11,1.5152962021165837e-11,0.1914529430899589,0.0
UGC00228,Sbc,Mathewson96,55.51517158605127,0.014628237946331175,9.754039502949803e-11,7.816142019032395e-13,0.0,0.0
UGC00228,Sbc,Mathewson96,55.51517158605127,0.7426643880445059,1.354053361762636e-11,7.72967404940075e-11,0.5505679081978541,0.0
UGC00228,Sbc,Mathewson96,55.51517158605127,1.4853287760890117,1.2340973537675546e-11,1.1940768107162865e-10,0.44199999928524847,0.0
UGC00228,Sbc,Mathewson96,55.51517158605127,2.227993164133517,1.0391516664098173e-10,1.2144209354006504e-10,0.37919673739706516,0.0
UGC00228,Sbc,Mathewson96,55.51517158605127,2.9706575521780234,1.4468493923271176e-10,1.0282479822717391e-10,0.37850764913553325,0.0
UGC00228,Sbc,Mathewson96,55.51517158605127,3.7133219402225293,1.3065507680596203e-10,9.75729475251154e-11,0.3288743543599433,0.0
UGC00228,Sbc,Mathewson96,55.51517158605127,4.470614566213366,1.2426704345525778e-10,8.488112444991891e-11,0.29684110930519314,0.0
UGC00228,Sbc,Mathewson96,55.51517158605127,5.1986507163115405,1.2943686432150263e-10,6.638472097491953e-11,0.37575362815375,0.0
UGC00228,Sbc,Mathewson96,55.51517158605127,5.941315104356047,1.1997974055471465e-10,6.295305042934427e-11,0.28301636407809366,0.0
UGC00228,Sbc,Mathewson96,55.51517158605127,6.683979492400552,1.0267102318860029e-10,6.085874574116704e-11,0.2934627181394341,0.0
UGC00228,Sbc,Mathewson96,55.51517158605127,7.426643880445058,7.284259185031858e-11,5.188255337658399e-11,0.31938490116188933,0.0
UGC00228,Sbc,Mathewson96,55.51517158605127,8.169308268489564,8.954947340166362e-11,5.0388044384656286e-11,0.28128808531918253,0.0
UGC00228,Sbc,Mathewson96,55.51517158605127,8.91197265653407,8.518610409857377e-11,5.161606153820937e-11,0.22084925798831972,0.0
UGC00228,Sbc,Mathewson96,55.51517158605127,9.654637044578575,7.22361188055331e-11,4.865803039648138e-11,0.1658687847337846,0.0
UGC00228,Sbc,Mathewson96,55.51517158605127,10.411929670569412,9.762558403207477e-11,3.1463323689680014e-11,0.2774498170981609,0.0
UGC00228,Sbc,Mathewson96,55.51517158605127,11.154594058613919,6.78764492258614e-11,2.978640051559132e-11,0.2560742079024051,0.0
UGC00228,Sbc,Mathewson96,55.51517158605127,11.897258446658425,3.7083191648829683e-11,3.073712285752655e-11,0.18413803435559636,0.0
UGC00228,Sbc,Mathewson96,55.51517158605127,12.63992283470293,4.729880849556336e-11,2.306816972552012e-11,0.24184139168091973,0.0
UGC00229,Sb,Courteau97,61.63754022860625,0.19796697840157082,1.965754360153478e-10,3.878833158095506e-12,0.7361401550531772,0.0
UGC00229,Sb,Courteau97,61.63754022860625,0.7356880954112428,2.1653942442589612e-11,1.7546642436557606e-11,0.6954380551854709,0.0
UGC00229,Sb,Courteau97,61.63754022860625,1.3242385717402372,3.0358598641245013e-11,3.01395992520328e-11,0.6064565559136197,0.0
UGC00229,Sb,Courteau97,61.63754022860625,1.9127890480692313,7.821964220420701e-11,3.954033245496128e-11,0.5346930740543611,0.0
UGC00229,Sb,Courteau97,61.63754022860625,2.5013395243982255,8.837322037919246e-11,4.468609483564499e-11,0.4696201956699058,0.0
UGC00229,Sb,Courteau97,61.63754022860625,3.08989000072722,8.17928632670545e-11,4.574265734052336e-11,0.440928053568219,0.0
UGC00229,Sb,Courteau97,61.63754022860625,3.6784404770562142,1.1279929328060965e-10,4.6184729462684224e-11,0.38625772365226796,0.0
UGC00229,Sb,Courteau97,61.63754022860625,4.266990953385209,9.224925934358823e-11,3.813122361780998e-11,0.4170239341115264,0.0
UGC00229,Sb,Courteau97,61.63754022860625,4.8555414297142026,5.734331259822333e-11,4.2716178803134594e-11,0.30535215027920115,0.0
UGC00229,Sb,Courteau97,61.63754022860625,5.393262546723875,3.9644290922457705e-11,4.161223849585372e-11,0.28526061895113486,0.0
UGC00229,Sb,Courteau97,61.63754022860625,5.789196503527016,4.6118906266103357e-11,3.335361082578642e-11,0.28984615791836577,0.0
UGC00229,Sb,Courteau97,61.63754022860625,6.2760882612173665,5.4345986103129927e-11,2.8072351130860486e-11,0.3708191254100396,0.0
UGC00229,Sb,Courteau97,61.63754022860625,6.9101176379899645,3.5738731084372986e-11,2.5445243359680794e-11,0.35544836328226315,0.0
UGC00229,Sb,Courteau97,61.63754022860625,7.498668114318958,5.09038478353789e-11,2.384793496798639e-11,0.3413602528744861,0.0
UGC00229,Sb,Courteau97,61.63754022860625,8.087218590647954,1.1110517639014622e-10,2.479480692212551e-11,0.27309261049056527,0.0
UGC00229,Sb,Courteau97,61.63754022860625,8.675769066976947,6.978294134998915e-11,2.514458343692135e-11,0.21644134820218272,0.0
UGC00229,Sb,Courteau97,61.63754022860625,9.264319543305941,2.5782544845085617e-11,1.692998349110993e-11,0.33249179492225733,0.0
UGC00229,Sb,Courteau97,61.63754022860625,9.852870019634935,3.779622964221185e-11,1.7773713660354974e-11,0.279320239228648,0.0
UGC00229,Sb,Courteau97,61.63754022860625,10.452121413715364,3.955206125076317e-11,1.948419168445419e-11,0.19871275181030593,0.0
UGC00229,Sb,Courteau97,61.63754022860625,10.893534270962112,1.6199806934603015e-11,1.5045766046770996e-11,0.2777341893415401,0.0
UGC00229,Sb,Courteau97,61.63754022860625,11.187809509126609,2.149301092009117e-11,1.264495675044456e-11,0.33846759779705216,0.0
UGC00279,SB?,ShellFlow,82.21821240644772,0.459328443922693,1.0165699316924232e-10,3.8275100330097435e-12,0.8985516495661297,0.0
UGC00279,SB?,ShellFlow,82.21821240644772,1.333106828594284,2.2390719111157908e-10,1.4338016115486896e-11,0.8228925969438812,0.0
UGC00279,SB?,ShellFlow,82.21821240644772,2.2662816086102824,2.696642467339971e-10,2.983942196560883e-11,0.7123320084238862,0.0
UGC00279,SB?,ShellFlow,82.21821240644772,3.1994563886262815,2.479440733942594e-10,5.106482822196439e-11,0.5611426694200043,0.0
UGC00279,SB?,ShellFlow,82.21821240644772,4.1326311686422805,2.2090666388458662e-10,4.9449236366271504e-11,0.5131990568644336,0.0
UGC00279,SB?,ShellFlow,82.21821240644772,5.065805948658279,2.089539764024248e-10,5.752489617680032e-11,0.41908591074023027,0.0
UGC00279,SB?,ShellFlow,82.21821240644772,5.998980728674278,1.885758237383559e-10,4.0070473858342877e-11,0.5375611719568748,0.0
UGC00279,SB?,ShellFlow,82.21821240644772,6.932155508690276,1.6387935154487405e-10,5.682583888411534e-11,0.3769938567055215,0.0
UGC00279,SB?,ShellFlow,82.21821240644772,7.865330288706275,1.3710288266186463e-10,3.4943550239650656e-11,0.5199668499215537,0.0
UGC00279,SB?,ShellFlow,82.21821240644772,8.798505068722273,1.2297269717457465e-10,2.5870072054363715e-11,0.5703928704341691,0.0
UGC00279,SB?,ShellFlow,82.21821240644772,9.672283453393865,1.1395130984931752e-10,2.3581992167171645e-11,0.5720257624439045,0.0
UGC00279,SB?,ShellFlow,82.21821240644772,10.59094034123925,1.0702206477041722e-10,2.281469775244419e-11,0.5538711642687018,0.0
UGC00279,SB?,ShellFlow,82.21821240644772,11.523452707924271,1.0385839317847107e-10,2.6534232618110074e-11,0.44143574468239927,0.0
UGC00279,SB?,ShellFlow,82.21821240644772,12.39789350592684,1.1173276203014089e-10,3.468031529520877e-11,0.2769983950361505,0.0
UGC00279,SB?,ShellFlow,82.21821240644772,13.33106828594284,9.962908341232657e-11,3.798828369958088e-11,0.1908231895462165,0.0
UGC00279,SB?,ShellFlow,82.21821240644772,14.269523972236362,1.0263479582554121e-10,1.95970166610636e-11,0.4128294123070104,0.0
UGC00279,SB?,ShellFlow,82.21821240644772,15.271994546820835,9.274502288040069e-11,2.262208386026157e-11,0.27189410059743546,0.0
UGC00279,SB?,ShellFlow,82.21821240644772,16.13851398540712,9.179043261372859e-11,2.6893272144364985e-11,0.16829625097307752,0.0
UGC00279,SB?,ShellFlow,82.21821240644772,18.412716953433687,4.505303275080143e-11,1.727439591892097e-11,0.22448792975310558,0.0
UGC00299,Sc,Courteau97,59.54356998116305,1.6448875960536207,2.629487256025109e-10,5.50553565146969e-11,0.47229132972275956,0.0
UGC00299,Sc,Courteau97,59.54356998116305,2.522819746442683,2.0097803242349472e-10,4.7263348573453e-11,0.4621718910188929,0.0
UGC00299,Sc,Courteau97,59.54356998116305,3.0244952609507187,1.8792851817142067e-10,4.375036536454416e-11,0.47897124186696055,0.0
UGC00299,Sc,Courteau97,59.54356998116305,3.6371474801832595,1.657599373594129e-10,4.031978647609442e-11,0.4904978901196807,0.0
UGC00299,Sc,Courteau97,59.54356998116305,4.389660751945313,1.5865863002295816e-10,3.425667361297708e-11,0.5205792732401802,0.0
UGC00299,Sc,Courteau97,59.54356998116305,5.0633754959235295,2.1588639540305997e-10,4.4600482730947176e-11,0.3907093083073276,0.0
UGC00299,Sc,Courteau97,59.54356998116305,5.71378006448016,2.0321408789998916e-10,3.782077132345839e-11,0.4353062763861014,0.0
UGC00299,Sc,Courteau97,59.54356998116305,6.661642741133978,1.9177285269379667e-10,4.237310671199359e-11,0.2906600613460481,0.0
UGC00299,Sc,Courteau97,59.54356998116305,7.14887608173951,1.1674994627739785e-10,2.7364335162623955e-11,0.4514254122665421,0.0
UGC00299,Sc,Courteau97,59.54356998116305,8.639460451361114,1.4620326185056207e-10,2.2880309849305306e-11,0.4271441691116191,0.0
UGC00299,Sc,Courteau97,59.54356998116305,9.14113596586915,1.3098808915744892e-10,3.029796894832014e-11,0.2766569558828193,0.0
UGC00299,Sc,Courteau97,59.54356998116305,9.893649237631204,1.2466757206144922e-10,3.1102059326121e-11,0.20929772795738205,0.0
UGC00299,Sc,Courteau97,59.54356998116305,11.051303493079292,9.40488998183435e-11,2.369559121930172e-11,0.2367515829126798,0.0
UGC00299,Sc,Courteau97,59.54356998116305,11.42756012896032,1.0892902355346437e-10,1.7209488251378944e-11,0.35568103078971913,0.0
UGC00299,Sc,Courteau97,59.54356998116305,13.434262186992461,1.1376779039008857e-10,1.672976414316847e-11,0.23184176428625153,0.0
UGC00310,Scd:,Courteau97,78.72022171327353,0.1625862555450513,1.6581766932558748e-11,1.6221074009274134e-12,0.591462184675242,0.0
UGC00310,Scd:,Courteau97,78.72022171327353,0.48775876663515383,2.4788784071734342e-11,4.531470123539147e-12,0.7150581640274144,0.0
UGC00310,Scd:,Courteau97,78.72022171327353,0.8587510406515889,4.703850098795018e-11,7.519708477774752e-12,0.6659078022039405,0.0
UGC00310,Scd:,Courteau97,78.72022171327353,1.2548702814340775,3.019928319657958e-11,1.0178959422907167e-11,0.6192503427507221,0.0
UGC00310,Scd:,Courteau97,78.72022171327353,1.6258625554505128,3.3636016430405855e-11,1.2036392453346149e-11,0.5665508975313457,0.0
UGC00310,Scd:,Courteau97,78.72022171327353,1.9510350665406153,4.8608660695909294e-11,1.3358796841289655e-11,0.5369099810087918,0.0
UGC00310,Scd:,Courteau97,78.72022171327353,2.276207577630718,5.625785278716365e-11,1.454708204280045e-11,0.5126856282290253,0.0
UGC00310,Scd:,Courteau97,78.72022171327353,2.6013800887208203,4.950161114198657e-11,1.451798528441161e-11,0.4919853744285135,0.0
UGC00310,Scd:,Courteau97,78.72022171327353,2.972372362737256,2.970692740858543e-11,1.5260339534896775e-11,0.46232123248670876,0.0
UGC00310,Scd:,Courteau97,78.72022171327353,3.3684916035197445,4.924636256402692e-11,1.4337171362328387e-11,0.476952042930724,0.0
UGC00310,Scd:,Courteau97,78.72022171327353,3.7394838775361796,4.0939584856601374e-11,1.3395194348642198e-11,0.4834507723001238,0.0
UGC00310,Scd:,Courteau97,78.72022171327353,4.064656388626282,4.2221517555130655e-11,1.3494573000597527e-11,0.4659030817500114,0.0
UGC00310,Scd:,Courteau97,78.72022171327353,4.389828899716385,4.7307861295414523e-11,1.4171952983991158e-11,0.42541472073129954,0.0
UGC00310,Scd:,Courteau97,78.72022171327353,4.715001410806487,4.218199604096253e-11,1.3216193590547525e-11,0.3999084006285982,0.0
UGC00310,Scd:,Courteau97,78.72022171327353,5.1066864809832015,2.7004540873952717e-11,1.1567245396255902e-11,0.44080990463417874,0.0
UGC00310,Scd:,Courteau97,78.72022171327353,5.51315211984583,4.0655132167370393e-11,1.1442614124509111e-11,0.4448708318963892,0.0
UGC00310,Scd:,Courteau97,78.72022171327353,5.838324630935933,4.686693553272348e-11,1.3768035197911856e-11,0.3453355319176144,0.0
UGC00310,Scd:,Courteau97,78.72022171327353,6.163497142026035,5.098888182378865e-11,1.0206964816803231e-11,0.4285188285502257,0.0
UGC00310,Scd:,Courteau97,78.72022171327353,6.488669653116138,2.4422774529030702e-11,1.1838253736023213e-11,0.36558760675164487,0.0
UGC00310,Scd:,Courteau97,78.72022171327353,6.813842164206239,7.909870613571032e-11,9.156060859827702e-12,0.42349894981991826,0.0
UGC00310,Scd:,Courteau97,78.72022171327353,7.057721547523816,6.579580352155849e-11,1.175905062531757e-11,0.3306636553771938,0.0
UGC00321,SBcd?,Mathewson96,80.72775651080363,0.025541234334472643,1.9409765360208347e-13,2.7880651820869446e-13,0.0,0.0
UGC00321,SBcd?,Mathewson96,80.72775651080363,0.4726321867500546,2.0123676587032742e-11,4.663289167667461e-12,0.6343762052481027,0.0
UGC00321,SBcd?,Mathewson96,80.72775651080363,0.9197231391656364,6.72578745441338e-11,7.572896118673947e-12,0.5894265733134311,0.0
UGC00321,SBcd?,Mathewson96,80.72775651080363,0.9708056078345817,3.422561995941138e-11,7.78723047936448e-12,0.567878792822546,0.0
UGC00321,SBcd?,Mathewson96,80.72775651080363,1.4178965602501634,6.169083369249867e-11,9.140161913924626e-12,0.5495198115190744,0.0
UGC00321,SBcd?,Mathewson96,80.72775651080363,1.890528747000218,6.625554792772493e-11,9.837019337614948e-12,0.5211356134072039,0.0
UGC00321,SBcd?,Mathewson96,80.72775651080363,2.3631609337502724,4.586996563763078e-11,1.0130713563898225e-11,0.5096297302307194,0.0
UGC00321,SBcd?,Mathewson96,80.72775651080363,2.8357931205003273,6.238290776755542e-11,1.0060266519656767e-11,0.4828464404802556,0.0
UGC00321,SBcd?,Mathewson96,80.72775651080363,3.3084253072503818,6.723432958025306e-11,9.482364348107461e-12,0.5039789581402319,0.0
UGC00321,SBcd?,Mathewson96,80.72775651080363,3.781057494000436,6.253537317879692e-11,9.95048697371071e-12,0.4455779444070131,0.0
UGC00321,SBcd?,Mathewson96,80.72775651080363,4.25368968075049,5.200407216703152e-11,1.0931594400441534e-11,0.405256898841987,0.0
UGC00321,SBcd?,Mathewson96,80.72775651080363,4.726321867500546,4.353367697702516e-11,1.0768852899567222e-11,0.3836735194249235,0.0
UGC00321,SBcd?,Mathewson96,80.72775651080363,5.198954054250599,5.240890384498681e-11,1.027397110417412e-11,0.362489445989634,0.0
UGC00321,SBcd?,Mathewson96,80.72775651080363,5.671586241000654,4.5590478671467054e-11,9.819036977109395e-12,0.34345252559913164,0.0
UGC00321,SBcd?,Mathewson96,80.72775651080363,6.169759662085182,2.990323021786826e-11,9.277292581703906e-12,0.3207300376850551,0.0
UGC00346,Sbc,Courteau97,67.38217547049527,0.20961257986432155,2.250204638301618e-11,5.865978306113095e-12,0.7021138000469125,0.0
UGC00346,Sbc,Courteau97,67.38217547049527,0.6282177368918624,5.952578332735597e-11,1.719153885074993e-11,0.6965594362137872,0.0
UGC00346,Sbc,Courteau97,67.38217547049527,1.0426895425787215,7.327819718164262e-11,2.5549986879426645e-11,0.671849718615023,0.0
UGC00346,Sbc,Courteau97,67.38217547049527,1.4612946996062626,1.3026949183112645e-10,3.3621285481027835e-11,0.6104981579257888,0.0
UGC00346,Sbc,Courteau97,67.38217547049527,1.8805198593349055,1.503250301757769e-10,4.1167009387892e-11,0.5652713670373707,0.0
UGC00346,Sbc,Courteau97,67.38217547049527,2.2991250163624466,1.294225502700314e-10,4.2723079214873156e-11,0.5508295880507628,0.0
UGC00346,Sbc,Courteau97,67.38217547049527,2.7135968220493054,1.1076592828110431e-10,4.188600905672368e-11,0.5451223626725159,0.0
UGC00346,Sbc,Courteau97,67.38217547049527,3.1322019790768465,1.1378799112065439e-10,3.7940061347940894e-11,0.565025504032394,0.0
UGC00346,Sbc,Courteau97,67.38217547049527,3.5514271388054897,9.47837351894079e-11,4.298617308370124e-11,0.48852050995869534,0.0
UGC00346,Sbc,Courteau97,67.38217547049527,3.9700322958330303,1.0477795844731217e-10,4.754919693966948e-11,0.46091554902318627,0.0
UGC00346,Sbc,Courteau97,67.38217547049527,4.384504101519889,9.94269464977219e-11,4.8405564292740404e-11,0.44174928516118006,0.0
UGC00346,Sbc,Courteau97,67.38217547049527,4.803109258547431,1.0066330997204346e-10,4.853975437444856e-11,0.41705197186978393,0.0
UGC00346,Sbc,Courteau97,67.38217547049527,5.222334418276074,1.0767031571291021e-10,4.5795284230690047e-11,0.38933504363289506,0.0
UGC00346,Sbc,Courteau97,67.38217547049527,5.6094744382226756,9.542359112919986e-11,3.272357418411452e-11,0.5206838874224046,0.0
UGC00346,Sbc,Courteau97,67.38217547049527,5.996614458169276,1.0962158777612e-10,4.2013605339765554e-11,0.4357520868532788,0.0
UGC00346,Sbc,Courteau97,67.38217547049527,6.444928077957967,1.0214003009093526e-10,5.2946615605043566e-11,0.3039402315906626,0.0
UGC00346,Sbc,Courteau97,67.38217547049527,6.905211194337382,8.853498769439157e-11,4.220866667653711e-11,0.23969638504980137,0.0
UGC00346,Sbc,Courteau97,67.38217547049527,7.280381717693259,1.0658964969967554e-10,3.929104034093634e-11,0.3679930551240152,0.0
UGC00346,Sbc,Courteau97,67.38217547049527,7.649403880929872,9.50710810826471e-11,4.6149387446050436e-11,0.21476083024576162,0.0
UGC00346,Sbc,Courteau97,67.38217547049527,7.990336477347102,8.905310037913569e-11,3.795422595419897e-11,0.32019669349266167,0.0
UGC00346,Sbc,Courteau97,67.38217547049527,8.319454577848884,5.956862194072161e-11,3.331465811386092e-11,0.2696889731380571,0.0
UGC00484,(R')SB(s)b HII,ShellFlow,80.0806969440106,0.37749004780797085,4.003368191882667e-10,2.9191105774185305e-11,0.5517818785637293,0.0
UGC00484,(R')SB(s)b HII,ShellFlow,80.0806969440106,1.1877165878845175,4.532959856371953e-10,6.351144772473958e-11,0.4851964110397749,0.0
UGC00484,(R')SB(s)b HII,ShellFlow,80.0806969440106,2.0365227419958685,1.0280057619034018e-10,5.717892323598191e-11,0.5112555672205403,0.0
UGC00484,(R')SB(s)b HII,ShellFlow,80.0806969440106,2.8844545705766853,1.0765813165092164e-10,4.2015690435482185e-11,0.568701480041834,0.0
UGC00484,(R')SB(s)b HII,ShellFlow,80.0806969440106,3.694681110653232,7.651634579924149e-11,3.820395019289862e-11,0.6219708822194573,0.0
UGC00484,(R')SB(s)b HII,ShellFlow,80.0806969440106,4.449661206269173,1.5123455119837753e-10,4.331072883072732e-11,0.5782492525167238,0.0
UGC00484,(R')SB(s)b HII,ShellFlow,80.0806969440106,5.25988774634572,1.839276976919978e-10,5.829352823326793e-11,0.43532742039989064,0.0
UGC00484,(R')SB(s)b HII,ShellFlow,80.0806969440106,6.108256737691804,1.9636076748595327e-10,3.828834943383562e-11,0.5567280890267452,0.0
UGC00484,(R')SB(s)b HII,ShellFlow,80.0806969440106,6.956625729037889,1.8579686689965834e-10,5.896400927287308e-11,0.32765947178151683,0.0
UGC00484,(R')SB(s)b HII,ShellFlow,80.0806969440106,7.766852269114434,1.793658482959191e-10,5.715416374020158e-11,0.3195631147618542,0.0
UGC00484,(R')SB(s)b HII,ShellFlow,80.0806969440106,8.521832364730377,1.6358161417229777e-10,5.456298107788291e-11,0.29393241956853133,0.0
UGC00484,(R')SB(s)b HII,ShellFlow,80.0806969440106,9.332058904806924,1.5545894367666165e-10,5.2721724612195964e-11,0.2589429766672399,0.0
UGC00484,(R')SB(s)b HII,ShellFlow,80.0806969440106,10.218570347422546,1.396500571418416e-10,4.8256656923226226e-11,0.2350868067790716,0.0
UGC00484,(R')SB(s)b HII,ShellFlow,80.0806969440106,11.029234050264357,1.3416086634973584e-10,2.727646891948112e-11,0.3740464666590497,0.0
UGC00484,(R')SB(s)b HII,ShellFlow,80.0806969440106,11.8534888312192,1.2276386615328245e-10,2.1983697491500987e-11,0.4723126798567717,0.0
UGC00484,(R')SB(s)b HII,ShellFlow,80.0806969440106,12.471024172787434,1.180608059490925e-10,3.4949689314524236e-11,0.24859347744741048,0.0
UGC00484,(R')SB(s)b HII,ShellFlow,80.0806969440106,13.371082196591763,1.0733936385225553e-10,2.1627542539007935e-11,0.3349532866247339,0.0
UGC00484,(R')SB(s)b HII,ShellFlow,80.0806969440106,14.333501488861415,6.598390043450652e-11,1.6568797176775984e-11,0.4734247919468118,0.0
UGC00484,(R')SB(s)b HII,ShellFlow,80.0806969440106,15.097033581072893,6.672614097697513e-11,2.59638050211752e-11,0.2580148308310182,0.0
UGC00484,(R')SB(s)b HII,ShellFlow,80.0806969440106,15.88884463966257,6.590040820698798e-11,1.1773030485315533e-11,0.5523794302350765,0.0
UGC00484,(R')SB(s)b HII,ShellFlow,80.0806969440106,16.28475016895741,6.640911237828762e-11,2.3333349717784667e-11,0.2440368518193943,0.0
UGC00533,Scd:,Courteau97,70.9929513612151,0.2537864518944077,1.7476974160280427e-11,3.440639598868759e-12,0.6900760463343542,0.0
UGC00533,Scd:,Courteau97,70.9929513612151,0.8423387390007999,5.21671025796517e-11,1.0454100564222827e-11,0.6949867693581986,0.0
UGC00533,Scd:,Courteau97,70.9929513612151,1.4020898480110535,5.7284261587359374e-11,1.545458033926692e-11,0.6305807102515492,0.0
UGC00533,Scd:,Courteau97,70.9929513612151,1.8952621627517996,8.225930027968257e-11,1.806696280955647e-11,0.5909832086363265,0.0
UGC00533,Scd:,Courteau97,70.9929513612151,2.4217238746273,1.126154247964746e-10,1.9333422961730645e-11,0.5803446376244626,0.0
UGC00533,Scd:,Courteau97,70.9929513612151,2.9481855865028,5.973115374786846e-11,1.9654163081464463e-11,0.5707126584469858,0.0
UGC00533,Scd:,Courteau97,70.9929513612151,3.4746472983783,4.863767328796139e-11,2.0689467347380997e-11,0.5263252031724936,0.0
UGC00533,Scd:,Courteau97,70.9929513612151,4.0011090102538,8.329181485620288e-11,1.9156521362412877e-11,0.5593372494254031,0.0
UGC00533,Scd:,Courteau97,70.9929513612151,4.527570722129299,1.0722704826853174e-10,1.9088102621114753e-11,0.5062446326666851,0.0
UGC00533,Scd:,Courteau97,70.9929513612151,5.059456584975638,9.094486833985374e-11,2.4019419615644043e-11,0.39101038362690826,0.0
UGC00533,Scd:,Courteau97,70.9929513612151,5.691210639226238,1.0176886656682182e-10,2.7845772160036305e-11,0.33448037376876766,0.0
UGC00533,Scd:,Courteau97,70.9929513612151,8.428811540978838,1.6706058158403377e-11,1.723506689556079e-11,0.32250390844767785,0.0
UGC00533,Scd:,Courteau97,70.9929513612151,8.955273252854337,4.727172708973783e-11,1.6442404522316414e-11,0.2640015769374625,0.0
UGC00533,Scd:,Courteau97,70.9929513612151,9.371018471383898,7.821199408029144e-11,1.428903708157173e-11,0.34377463482889015,0.0
UGC00533,Scd:,Courteau97,70.9929513612151,9.898565013453567,4.86571063402854e-11,1.654610977042803e-11,0.23178818166978538,0.0
UGC00533,Scd:,Courteau97,70.9929513612151,10.534658388480837,3.468238557288021e-11,1.0188111484435126e-11,0.42224911176063523,0.0
UGC00540,Sb,Courteau97,53.66650817888356,0.12020485879814802,4.892711982548354e-11,1.5011420739322287e-11,0.29511645721551255,0.0
UGC00540,Sb,Courteau97,53.66650817888356,0.4302343102319832,5.0214220072518026e-11,5.518999922427393e-11,0.5869291709832941,0.0
UGC00540,Sb,Courteau97,53.66650817888356,0.7744217584175697,7.818601803003019e-11,9.112509923199628e-11,0.5351431133654334,0.0
UGC00540,Sb,Courteau97,53.66650817888356,1.084451209851405,7.819806500188009e-11,1.1382531058930906e-10,0.4981174568090033,0.0
UGC00540,Sb,Courteau97,53.66650817888356,1.3248609274477008,1.0063994927486001e-10,1.240390045063655e-10,0.4732645776160777,0.0
UGC00540,Sb,Courteau97,53.66650817888356,1.634890378881536,1.0682916672263343e-10,1.2850177039641023e-10,0.4551527840354959,0.0
UGC00540,Sb,Courteau97,53.66650817888356,1.9790778270671225,1.0280546759408404e-10,1.2403720259824364e-10,0.45531353413718917,0.0
UGC00540,Sb,Courteau97,53.66650817888356,2.2891072785009574,1.155437325812642e-10,1.2128722580332245e-10,0.4211533681541568,0.0
UGC00540,Sb,Courteau97,53.66650817888356,2.5295169960972537,9.745039524249558e-11,1.236968873188254e-10,0.3919962209025816,0.0
UGC00540,Sb,Courteau97,53.66650817888356,2.839546447531089,8.543967685719535e-11,1.2861249079582965e-10,0.37708041083509286,0.0
UGC00540,Sb,Courteau97,53.66650817888356,3.1837338957166756,1.0727927611073116e-10,1.2822276800476605e-10,0.3677896950267909,0.0
UGC00540,Sb,Courteau97,53.66650817888356,3.493763347150511,1.041620265786722e-10,1.2830152656937085e-10,0.33900718819961956,0.0
UGC00540,Sb,Courteau97,53.66650817888356,3.7341730647468068,1.3833088461365102e-10,1.2285132020462955e-10,0.25713551509852356,0.0
UGC00540,Sb,Courteau97,53.66650817888356,4.044202516180642,1.3327132958129405e-10,1.181171724682274e-10,0.28593160446861604,0.0
UGC00540,Sb,Courteau97,53.66650817888356,4.388389964366229,1.374110458710154e-10,1.2234270789059337e-10,0.25150879072193516,0.0
UGC00540,Sb,Courteau97,53.66650817888356,4.6629576787142755,9.954426123082003e-11,1.3316603735286822e-10,0.1664321581478218,0.0
UGC00540,Sb,Courteau97,53.66650817888356,4.921098264853466,9.806509772096129e-11,1.1188017880391063e-10,0.1628663310537627,0.0
UGC00556,S?;HII LINER,Courteau97,60.520734529971556,0.15957175478147043,1.359379080248261e-10,1.2942382062833674e-10,0.24329563594682221,0.0
UGC00556,S?;HII LINER,Courteau97,60.520734529971556,0.4787152643444113,3.4849421955922444e-10,3.65720633409013e-10,0.43960281691118885,0.0
UGC00556,S?;HII LINER,Courteau97,60.520734529971556,0.7813835083162782,5.522513074153475e-10,5.370723009368415e-10,0.37358228762786844,0.0
UGC00556,S?;HII LINER,Courteau97,60.520734529971556,1.0569038303707783,7.348683651511592e-10,6.378985571986529e-10,0.31017747222554565,0.0
UGC00556,S?;HII LINER,Courteau97,60.520734529971556,1.3563599156424986,7.417957532622887e-10,6.74266962712095e-10,0.270818535081562,0.0
UGC00556,S?;HII LINER,Courteau97,60.520734529971556,1.655816000914219,7.383779971590073e-10,6.463693953110385e-10,0.2404062727307466,0.0
UGC00556,S?;HII LINER,Courteau97,60.520734529971556,1.931336322968719,6.309500877935333e-10,6.018885209357023e-10,0.1912444046249112,0.0
UGC00556,S?;HII LINER,Courteau97,60.520734529971556,2.234004566940586,5.770935831551164e-10,5.510317143851266e-10,0.1898804707515085,0.0
UGC00556,S?;HII LINER,Courteau97,60.520734529971556,2.5531480765035273,5.011050133210929e-10,4.827286553553923e-10,0.15710720442291054,0.0
UGC00556,S?;HII LINER,Courteau97,60.520734529971556,2.8650383244854916,4.785659521102059e-10,4.215966008530285e-10,0.11681413982396689,0.0
UGC00556,S?;HII LINER,Courteau97,60.520734529971556,3.159665809904734,4.480717244469577e-10,3.6856059900025576e-10,0.12672103902457366,0.0
UGC00556,S?;HII LINER,Courteau97,60.520734529971556,3.4501347586842166,4.4066364094635556e-10,3.196972449749733e-10,0.11307317459723565,0.0
UGC00556,S?;HII LINER,Courteau97,60.520734529971556,3.7692782682471577,4.3676653468687533e-10,2.742335649674e-10,0.12280903058947795,0.0
UGC00556,S?;HII LINER,Courteau97,60.520734529971556,4.06472778997891,4.3946175971313757e-10,2.415293879731932e-10,0.14054344268493757,0.0
UGC00556,S?;HII LINER,Courteau97,60.520734529971556,4.322798837030033,4.29395167802523e-10,2.2625485644523868e-10,0.12081717104125557,0.0
UGC00556,S?;HII LINER,Courteau97,60.520734529971556,4.620327627081667,3.3627730559393795e-10,1.959322857180725e-10,0.10301876053198172,0.0
UGC00556,S?;HII LINER,Courteau97,60.520734529971556,4.908282111846411,2.563241542685007e-10,1.7120316419183185e-10,0.14175977231164885,0.0
UGC00556,S?;HII LINER,Courteau97,60.520734529971556,5.230326926041743,2.114756773322261e-10,1.6135913222139488e-10,0.11612272486378235,0.0
UGC00556,S?;HII LINER,Courteau97,60.520734529971556,5.549470435604683,2.0806600836405316e-10,1.375916255656809e-10,0.11043410221573292,0.0
UGC00556,S?;HII LINER,Courteau97,60.520734529971556,5.7888280677768895,1.64994744911855e-10,1.3419936742008956e-10,0.11625921356520849,0.0
UGC00565,Scd:,Courteau97,77.60722599020404,0.18535547960148352,1.2803061872875412e-11,2.682189123947679e-12,0.6041960750874882,0.0
UGC00565,Scd:,Courteau97,77.60722599020404,0.6035848435750127,4.76605848933444e-11,8.182208790824901e-12,0.6942620247864756,0.0
UGC00565,Scd:,Courteau97,77.60722599020404,1.0194551378081593,5.703158527674972e-11,1.2599236248865392e-11,0.6372409522017536,0.0
UGC00565,Scd:,Courteau97,77.60722599020404,1.435325432041306,5.964168215433001e-11,1.5701757724312824e-11,0.6034725043554726,0.0
UGC00565,Scd:,Courteau97,77.60722599020404,1.8535547960148353,5.54705566191205e-11,1.7843527041778108e-11,0.5519142180901726,0.0
UGC00565,Scd:,Courteau97,77.60722599020404,2.2717841599883646,5.659769534655218e-11,1.8943285296835108e-11,0.5131386396616435,0.0
UGC00565,Scd:,Courteau97,77.60722599020404,2.6876544542215113,5.851765837292657e-11,1.897577011226922e-11,0.5273985658112708,0.0
UGC00565,Scd:,Courteau97,77.60722599020404,3.103524748454658,7.356073606971632e-11,2.042858887239199e-11,0.49915327098264145,0.0
UGC00565,Scd:,Courteau97,77.60722599020404,3.521754112428187,4.91152475770671e-11,1.863587051195263e-11,0.5193602476377616,0.0
UGC00565,Scd:,Courteau97,77.60722599020404,3.9399834764017156,3.8182904137846935e-11,1.7152827202841172e-11,0.5182576133550617,0.0
UGC00565,Scd:,Courteau97,77.60722599020404,4.355853770634862,4.727903461666343e-11,1.6398501241590167e-11,0.5095119893647887,0.0
UGC00565,Scd:,Courteau97,77.60722599020404,4.7717240648680095,5.376051644702032e-11,1.555832178582782e-11,0.5219898545905244,0.0
UGC00565,Scd:,Courteau97,77.60722599020404,5.189953428841539,7.456785421371715e-11,1.562806928407621e-11,0.516784677242073,0.0
UGC00565,Scd:,Courteau97,77.60722599020404,5.608182792815068,6.427332639973309e-11,1.8491269168985103e-11,0.4388033980395223,0.0
UGC00565,Scd:,Courteau97,77.60722599020404,5.879138802996146,5.008877007580678e-11,1.7133509082099495e-11,0.3737465335640133,0.0
UGC00565,Scd:,Courteau97,77.60722599020404,6.435205241800596,4.104159238738998e-11,1.5451775694592287e-11,0.4068408239569375,0.0
UGC00565,Scd:,Courteau97,77.60722599020404,6.8985939408043055,5.1611818037203766e-11,1.5095863661496292e-11,0.4371933361309541,0.0
UGC00565,Scd:,Courteau97,77.60722599020404,7.269304900007271,6.003489613695028e-11,2.1011029236171984e-11,0.2622901457166175,0.0
UGC00565,Scd:,Courteau97,77.60722599020404,7.640015859210239,5.822331595924239e-11,1.3614734590750263e-11,0.42395117255695014,0.0
UGC00565,Scd:,Courteau97,77.60722599020404,8.010726818413206,8.532246118788453e-11,2.0097183998011542e-11,0.22376272468363165,0.0
UGC00565,Scd:,Courteau97,77.60722599020404,8.28876003781543,7.432207051357788e-11,1.5282008562035422e-11,0.32071759990304394,0.0
UGC00633,Sb,Courteau97,81.51296746326979,0.3175220402879791,1.2627518988634332e-10,1.5573241069237002e-11,0.5943061341121542,0.0
UGC00633,Sb,Courteau97,81.51296746326979,1.161584822437156,2.960176356392759e-10,4.306955574028409e-11,0.5376090105006011,0.0
UGC00633,Sb,Courteau97,81.51296746326979,1.8605327098635254,2.0969610454742692e-10,4.980580916510179e-11,0.4851376227416917,0.0
UGC00633,Sb,Courteau97,81.51296746326979,2.5960921532979424,2.097211466415276e-10,4.94786986313194e-11,0.4567346692192978,0.0
UGC00633,Sb,Courteau97,81.51296746326979,3.3468667888395998,1.9804115983346923e-10,4.933608729129549e-11,0.41219248784999596,0.0
UGC00633,Sb,Courteau97,81.51296746326979,4.093837626354448,1.8778921353554626e-10,4.635031117688329e-11,0.3880608358475715,0.0
UGC00633,Sb,Courteau97,81.51296746326979,4.840808463869295,1.9200063489304365e-10,4.29562401369187e-11,0.339631457312686,0.0
UGC00633,Sb,Courteau97,81.51296746326979,5.591583099410953,1.7332943217070456e-10,3.0754920089077924e-11,0.4452587582122667,0.0
UGC00633,Sb,Courteau97,81.51296746326979,6.353769129033041,1.441145068384668e-10,3.204221926749105e-11,0.28996273179417514,0.0
UGC00633,Sb,Courteau97,81.51296746326979,8.051213998497081,1.4130186190647717e-10,2.835169445390797e-11,0.30083025848060485,0.0
UGC00633,Sb,Courteau97,81.51296746326979,8.624636551038714,1.1244816832367385e-10,3.073044661569514e-11,0.21293954563342268,0.0
UGC00633,Sb,Courteau97,81.51296746326979,9.253404364870434,1.1361489222575804e-10,2.100967048341466e-11,0.2893330054727753,0.0
UGC00633,Sb,Courteau97,81.51296746326979,9.821881979977213,7.727866529500195e-11,2.0135449346780955e-11,0.2985823532148778,0.0
UGC00633,Sb,Courteau97,81.51296746326979,14.61466749375803,6.627487160957405e-11,9.404159428261962e-12,0.3743431115071128,0.0
UGC00673,SAc?,Courteau97,73.51445711913881,0.3407806865924902,1.716073765110194e-11,4.402983256269355e-12,0.7113567904318576,0.0
UGC00673,SAc?,Courteau97,73.51445711913881,1.0319930753157345,5.466886702690812e-11,1.1932842428781553e-11,0.6775475410244174,0.0
UGC00673,SAc?,Courteau97,73.51445711913881,1.7135544485007148,5.540863055965512e-11,1.714529238888456e-11,0.6033605240026285,0.0
UGC00673,SAc?,Courteau97,73.51445711913881,2.404766837223959,6.639417967529225e-11,1.966873457271709e-11,0.5863258068828776,0.0
UGC00673,SAc?,Courteau97,73.51445711913881,3.086328210408939,9.523598174571821e-11,2.1216182625298213e-11,0.5363595689408761,0.0
UGC00673,SAc?,Courteau97,73.51445711913881,3.777540599132183,8.067412285731898e-11,2.3423067485234572e-11,0.49047376131855835,0.0
UGC00673,SAc?,Courteau97,73.51445711913881,4.392876038106319,8.317281992891673e-11,1.9855421704463215e-11,0.5140160703754991,0.0
UGC00673,SAc?,Courteau97,73.51445711913881,5.159965376578673,8.875315523211017e-11,2.1247004037881486e-11,0.4727395757099967,0.0
UGC00673,SAc?,Courteau97,73.51445711913881,5.9836296337236075,6.554379170831238e-11,1.980225169702805e-11,0.41240401436791546,0.0
UGC00673,SAc?,Courteau97,73.51445711913881,6.523088122948633,6.846059763694004e-11,1.6212138863229222e-11,0.46188298826518104,0.0
UGC00673,SAc?,Courteau97,73.51445711913881,7.204649496133614,6.968578710553235e-11,1.7189529903259832e-11,0.3866955986246561,0.0
UGC00673,SAc?,Courteau97,73.51445711913881,7.980946125291897,4.920406128321271e-11,1.9501265834639065e-11,0.31606503376498374,0.0
UGC00673,SAc?,Courteau97,73.51445711913881,8.567772242503574,6.218143585135677e-11,1.2616262883406518e-11,0.5041600009315116,0.0
UGC00673,SAc?,Courteau97,73.51445711913881,9.964673543257458,4.8344761096976206e-11,1.6495196366180518e-11,0.31359806593017886,0.0
UGC00673,SAc?,Courteau97,73.51445711913881,10.543457147520582,4.824349442357467e-11,1.2623973270476997e-11,0.34278706534875675,0.0
UGC00673,SAc?,Courteau97,73.51445711913881,11.313319766320026,6.516488858550746e-11,1.0751942883884063e-11,0.4137838476980008,0.0
UGC00673,SAc?,Courteau97,73.51445711913881,11.999706647274134,5.304730071927462e-11,1.3389167081020036e-11,0.28392633181825844,0.0
UGC00673,SAc?,Courteau97,73.51445711913881,12.71022106707391,3.957340947272725e-11,8.95266157975781e-12,0.40552798345244784,0.0
UGC00673,SAc?,Courteau97,73.51445711913881,13.39660794802802,4.109855356315228e-11,1.0316487263591646e-11,0.32067784706084373,0.0
UGC00679,Sdm?,Courteau97,83.96112745355057,0.21795060722856519,1.347182125013853e-11,9.352780534010958e-13,0.6701573116684134,0.0
UGC00679,Sdm?,Courteau97,83.96112745355057,0.5789227547087484,8.211648924315176e-12,2.1112697466395255e-12,0.6935186900803845,0.0
UGC00679,Sdm?,Courteau97,83.96112745355057,0.9926734055705039,1.883531712675611e-12,3.1136187682089666e-12,0.6518872490111346,0.0
UGC00679,Sdm?,Courteau97,83.96112745355057,1.353645553050687,3.621041578515463e-12,3.747737797752082e-12,0.639951622347655,0.0
UGC00679,Sdm?,Courteau97,83.96112745355057,1.7612706159552034,2.410828569285645e-11,4.2867604042471375e-12,0.6144134915579393,0.0
UGC00679,Sdm?,Courteau97,83.96112745355057,2.165832884881099,6.366973090946479e-11,4.665111077694893e-12,0.5895976958972685,0.0
UGC00679,Sdm?,Courteau97,83.96112745355057,2.5642695658497563,5.5586428276360046e-11,4.828417940699301e-12,0.5814992353221874,0.0
UGC00679,Sdm?,Courteau97,83.96112745355057,3.015484750199985,5.467307615623748e-11,5.064957071243574e-12,0.5582580511790232,0.0
UGC00679,Sdm?,Courteau97,83.96112745355057,3.3764568976801685,4.969146477132927e-11,5.056371925742302e-12,0.5543264424072587,0.0
UGC00679,Sdm?,Courteau97,83.96112745355057,3.7374290451603516,6.332403360561081e-11,5.01164256924723e-12,0.5491558575431266,0.0
UGC00679,Sdm?,Courteau97,83.96112745355057,5.557603752454367,8.787833753800767e-12,5.06420845813027e-12,0.47886307927799643,0.0
UGC00679,Sdm?,Courteau97,83.96112745355057,6.550277158024871,2.296782547782091e-11,5.664202488831337e-12,0.3781764662523587,0.0
UGC00679,Sdm?,Courteau97,83.96112745355057,7.0014923423751,4.506035228204609e-11,5.516695210850048e-12,0.33705826759278046,0.0
UGC00679,Sdm?,Courteau97,83.96112745355057,7.272221452985237,6.176154884695354e-11,5.1725312114716015e-12,0.3636676719640239,0.0
UGC00679,Sdm?,Courteau97,83.96112745355057,7.63319360046542,3.890767698905672e-11,4.8010205380243335e-12,0.32956879090445623,0.0
UGC00679,Sdm?,Courteau97,83.96112745355057,7.903922711075557,3.642662649812525e-11,5.072867024494172e-12,0.32477112270336483,0.0
UGC00732,SA(r)d,Courteau97,59.280080120357596,0.3059939287532335,4.1348794132786993e-11,1.9808722512939612e-11,0.6154659705131613,0.0
UGC00732,SA(r)d,Courteau97,59.280080120357596,0.8875514508035781,8.761153324312111e-11,5.0055537317340955e-11,0.561279084861966,0.0
UGC00732,SA(r)d,Courteau97,59.280080120357596,1.4901899207330378,1.314581165640314e-10,7.027877371742757e-11,0.48103119419690094,0.0
UGC00732,SA(r)d,Courteau97,59.280080120357596,2.0966263610580387,1.9201033295767541e-10,6.669854328617787e-11,0.4815109985555413,0.0
UGC00732,SA(r)d,Courteau97,59.280080120357596,2.661160158049112,1.735600935438645e-10,6.736595529876066e-11,0.44712891675285776,0.0
UGC00732,SA(r)d,Courteau97,59.280080120357596,3.290493089428207,1.46164178454058e-10,7.155035238114797e-11,0.40274418157648484,0.0
UGC00732,SA(r)d,Courteau97,59.280080120357596,3.9201411599817537,1.3007965474371902e-10,7.217668777331978e-11,0.32964587818750624,0.0
UGC00732,SA(r)d,Courteau97,59.280080120357596,4.422549072133598,1.2969268998391403e-10,6.528688001953573e-11,0.3445416169606883,0.0
UGC00732,SA(r)d,Courteau97,59.280080120357596,5.057429539669843,1.4145477417726684e-10,5.049348856478501e-11,0.3599182104208519,0.0
UGC00732,SA(r)d,Courteau97,59.280080120357596,5.690549574576395,1.1785530735581353e-10,5.466442309680686e-11,0.25608149323683627,0.0
UGC00732,SA(r)d,Courteau97,59.280080120357596,6.207750010908299,7.49901580554785e-11,4.6393189023180166e-11,0.22987145228067815,0.0
UGC00732,SA(r)d,Courteau97,59.280080120357596,6.881912576539889,1.0134632425205046e-10,4.657615928316547e-11,0.21379264791594996,0.0
UGC00732,SA(r)d,Courteau97,59.280080120357596,7.457045916660607,8.128855693132322e-11,3.4248289306081324e-11,0.2947204920652082,0.0
UGC00732,SA(r)d,Courteau97,59.280080120357596,7.951707925241801,8.695086107499547e-11,3.463703097594267e-11,0.2892549382163279,0.0
UGC00732,SA(r)d,Courteau97,59.280080120357596,9.24398283761181,1.2048682112653018e-10,3.6155981672234544e-11,0.14307698121543985,0.0
UGC00732,SA(r)d,Courteau97,59.280080120357596,11.640371754781473,1.2328751209793617e-10,2.1040571534550267e-11,0.15062302255690996,0.0
UGC00890,SB(s)bc:,Courteau97/ShellFlow,76.56691952848153,0.4485594280224596,4.541811022719273e-11,1.9826233251899016e-11,0.6249610543607055,0.0
UGC00890,SB(s)bc:,Courteau97/ShellFlow,76.56691952848153,1.3238494504103404,9.408189138485339e-11,4.226314285773773e-11,0.5656228782360684,0.0
UGC00890,SB(s)bc:,Courteau97/ShellFlow,76.56691952848153,2.1974058812947574,1.0805907667578239e-10,4.7952413649952355e-11,0.517363391858425,0.0
UGC00890,SB(s)bc:,Courteau97/ShellFlow,76.56691952848153,3.0952030992323367,1.254418558466295e-10,5.067403911152209e-11,0.4692047208192619,0.0
UGC00890,SB(s)bc:,Courteau97/ShellFlow,76.56691952848153,3.9703341817564786,1.0200893920185353e-10,4.329101659611001e-11,0.4547518982138762,0.0
UGC00890,SB(s)bc:,Courteau97/ShellFlow,76.56691952848153,4.843400684607308,9.675340840864403e-11,3.9955990610999294e-11,0.4098868871249372,0.0
UGC00890,SB(s)bc:,Courteau97/ShellFlow,76.56691952848153,5.742525132334873,9.202976882121131e-11,3.018989785415064e-11,0.5246023809662829,0.0
UGC00890,SB(s)bc:,Courteau97/ShellFlow,76.56691952848153,6.615417948324296,8.096825715289185e-11,4.3400592487795334e-11,0.34061919717191197,0.0
UGC00890,SB(s)bc:,Courteau97/ShellFlow,76.56691952848153,7.4788938906403954,9.162884348831537e-11,3.2480668232585816e-11,0.4181489630683728,0.0
UGC00890,SB(s)bc:,Courteau97/ShellFlow,76.56691952848153,8.397978291275786,7.737228406068234e-11,2.2609285283822174e-11,0.5047745276790652,0.0
UGC00890,SB(s)bc:,Courteau97/ShellFlow,76.56691952848153,9.24093879839042,7.448188143882342e-11,1.9969198339593274e-11,0.5129090949114667,0.0
UGC00890,SB(s)bc:,Courteau97/ShellFlow,76.56691952848153,10.07904496254818,6.67778575460925e-11,2.1115341989277998e-11,0.4511015609511609,0.0
UGC00890,SB(s)bc:,Courteau97/ShellFlow,76.56691952848153,11.006959973820086,7.405123621910847e-11,2.270536812689656e-11,0.3652303034202706,0.0
UGC00890,SB(s)bc:,Courteau97/ShellFlow,76.56691952848153,11.904884999070774,6.486258826335119e-11,2.5014648024243084e-11,0.26998265336222355,0.0
UGC00890,SB(s)bc:,Courteau97/ShellFlow,76.56691952848153,12.738645837474445,6.717730198487392e-11,2.7668767743960978e-11,0.1793443282410848,0.0
UGC00890,SB(s)bc:,Courteau97/ShellFlow,76.56691952848153,13.64798094253078,6.904362618767486e-11,1.3969645793814166e-11,0.4305288632229543,0.0
UGC00890,SB(s)bc:,Courteau97/ShellFlow,76.56691952848153,14.403879271810537,5.295057005479048e-11,2.00225762619851e-11,0.2095492376880898,0.0
UGC00890,SB(s)bc:,Courteau97/ShellFlow,76.56691952848153,16.30386770416697,5.849448321460607e-11,1.3713141593019262e-11,0.2596644399365777,0.0
UGC00890,SB(s)bc:,Courteau97/ShellFlow,76.56691952848153,17.304857038276005,5.309843880617893e-11,1.456027462779878e-11,0.1740495073185048,0.0
UGC00899,Sbc,Courteau97,62.1144331639063,0.3735763508108501,1.1509411599374914e-10,1.5833294383983e-11,0.7552548531884344,0.0
UGC00899,Sbc,Courteau97,62.1144331639063,1.0048826486962563,2.8074733155936086e-10,4.0016902189722504e-11,0.7058744696705656,0.0
UGC00899,Sbc,Courteau97,62.1144331639063,1.6810935786488255,2.3142806482309097e-10,6.01290876113481e-11,0.6332360227558065,0.0
UGC00899,Sbc,Courteau97,62.1144331639063,2.4282462802705256,1.9620827030224167e-10,7.461287607870187e-11,0.5775835407912003,0.0
UGC00899,Sbc,Courteau97,62.1144331639063,3.1753989818922257,1.8425447816747297e-10,8.648622105929616e-11,0.5035882334463551,0.0
UGC00899,Sbc,Courteau97,62.1144331639063,3.9225516835139262,1.760394433018461e-10,9.42402738853156e-11,0.45948582659049675,0.0
UGC00899,Sbc,Courteau97,62.1144331639063,4.669704385135626,1.1230429317995469e-10,1.0215374867334065e-10,0.36455522224006515,0.0
UGC00899,Sbc,Courteau97,62.1144331639063,5.416857086757327,1.095066559798268e-10,6.907844636327457e-11,0.47210198734433506,0.0
UGC00899,Sbc,Courteau97,62.1144331639063,6.164009788379027,1.2972644936213803e-10,8.36939749056111e-11,0.3223419493767682,0.0
UGC00899,Sbc,Courteau97,62.1144331639063,6.911162490000727,9.811147943610562e-11,7.964049451834336e-11,0.3311880638673397,0.0
UGC00899,Sbc,Courteau97,62.1144331639063,7.658315191622427,1.2227182003514822e-10,7.047858494984765e-11,0.34124382616396215,0.0
UGC00899,Sbc,Courteau97,62.1144331639063,8.40546789324413,1.45686044240872e-10,6.798111147363748e-11,0.3078148344076345,0.0
UGC00899,Sbc,Courteau97,62.1144331639063,8.939795279858435,1.5981235616073234e-10,5.6535413836439447e-11,0.26439591598540185,0.0
UGC00899,Sbc,Courteau97,62.1144331639063,9.87373615688556,1.4850966275899295e-10,5.953994614835938e-11,0.21953274346792834,0.0
UGC00899,Sbc,Courteau97,62.1144331639063,10.62088885850726,1.080412264981766e-10,3.2179876479881464e-11,0.48080706530177786,0.0
UGC00899,Sbc,Courteau97,62.1144331639063,11.368041560128962,8.942418090823756e-11,4.3568915730814974e-11,0.29514144247899293,0.0
UGC00899,Sbc,Courteau97,62.1144331639063,11.928406086345236,8.32834300550643e-11,4.679560537200914e-11,0.17868481082744464,0.0
UGC00899,Sbc,Courteau97,62.1144331639063,13.848362119603424,7.300437692456274e-11,3.122832042144086e-11,0.2710416927047074,0.0
UGC00899,Sbc,Courteau97,62.1144331639063,14.221938470414273,7.44955244187013e-11,2.379980255739667e-11,0.3807351222337313,0.0
UGC00899,Sbc,Courteau97,62.1144331639063,14.595514821225123,8.450077474676332e-11,3.836856434730079e-11,0.15330864377628936,0.0
UGC00987,SAB0/a Sy2,Courteau97,78.46304096718451,0.3345797109974494,2.0637445597300103e-10,8.388864320082856e-11,0.44840959613018655,0.0
UGC00987,SAB0/a Sy2,Courteau97,78.46304096718451,0.9430535747703198,6.315086989652837e-10,1.7090658813916657e-10,0.34974346703125,0.0
UGC00987,SAB0/a Sy2,Courteau97,78.46304096718451,1.6680437103294845,4.869711410663055e-10,1.7595198828177068e-10,0.2926132259708848,0.0
UGC00987,SAB0/a Sy2,Courteau97,78.46304096718451,2.328049727292561,4.6060258831362595e-10,1.4290436327025985e-10,0.32933626719114684,0.0
UGC00987,SAB0/a Sy2,Courteau97,78.46304096718451,3.0039351319904006,4.027491835883755e-10,1.2731865853183698e-10,0.27901349002483006,0.0
UGC00987,SAB0/a Sy2,Courteau97,78.46304096718451,3.4472431348023176,3.826455333987603e-10,1.1269415581480187e-10,0.2888810827935705,0.0
UGC00987,SAB0/a Sy2,Courteau97,78.46304096718451,5.138185529100914,2.1329888517356214e-10,6.873690352465219e-11,0.2655497588319683,0.0
UGC00987,SAB0/a Sy2,Courteau97,78.46304096718451,5.414365504569365,3.204086179822192e-10,7.374694440855522e-11,0.20788578384456766,0.0
UGC00987,SAB0/a Sy2,Courteau97,78.46304096718451,6.901768536591279,9.154402492289142e-11,4.309776741001086e-11,0.26240836962512165,0.0
UGC00987,SAB0/a Sy2,Courteau97,78.46304096718451,7.8175136101616856,1.315535116794354e-10,4.5485880427560556e-11,0.15781756874292535,0.0
UGC00987,SAB0/a Sy2,Courteau97,78.46304096718451,10.8068842081788,6.630838894900771e-11,2.2954399666768942e-11,0.20719108760564012,0.0
UGC00987,SAB0/a Sy2,Courteau97,78.46304096718451,13.210032313771121,4.9751880552749456e-11,1.6496563509980827e-11,0.18271670798436151,0.0
UGC00987,SAB0/a Sy2,Courteau97,78.46304096718451,13.360229070370641,4.3582687338823764e-11,1.5305760171450955e-11,0.21267533431917163,0.0
UGC01083,Sb,Courteau97,66.50061835138442,0.21540095265798853,9.244747982263992e-11,2.697036913317549e-11,0.48035802100824376,0.0
UGC01083,Sb,Courteau97,66.50061835138442,0.6258098683732093,2.4784706104640417e-10,7.060308610404201e-11,0.5008718251235549,0.0
UGC01083,Sb,Courteau97,66.50061835138442,1.0935740673405572,3.670883186182034e-10,9.966114655988118e-11,0.4404159630834251,0.0
UGC01083,Sb,Courteau97,66.50061835138442,1.514179477856156,4.0339545706743474e-10,1.1097326107910456e-10,0.37956023343041584,0.0
UGC01083,Sb,Courteau97,66.50061835138442,1.934784888371755,3.4803049017101395e-10,1.1162622876338016e-10,0.3612772540156823,0.0
UGC01083,Sb,Courteau97,66.50061835138442,2.4025490873391027,3.085394903481061e-10,1.0475121040896491e-10,0.33474909341331566,0.0
UGC01083,Sb,Courteau97,66.50061835138442,2.812958003054324,2.1752595260186345e-10,9.881749991099474e-11,0.30968210960715653,0.0
UGC01083,Sb,Courteau97,66.50061835138442,3.2807222020216713,1.7021903232796216e-10,8.612972720894032e-11,0.27937433601205164,0.0
UGC01083,Sb,Courteau97,66.50061835138442,3.7013276125372703,2.286677892970547e-10,8.249407758637553e-11,0.2550253926469674,0.0
UGC01083,Sb,Courteau97,66.50061835138442,4.121933023052869,2.2337450877246674e-10,7.559436651871768e-11,0.2535674392122845,0.0
UGC01083,Sb,Courteau97,66.50061835138442,4.542538433568469,1.5732474118611605e-10,6.877702206822351e-11,0.24390799389958448,0.0
UGC01083,Sb,Courteau97,66.50061835138442,4.963143844084067,1.0326254917475442e-10,6.307681226583216e-11,0.2234652435645127,0.0
UGC01083,Sb,Courteau97,66.50061835138442,5.430908043051415,1.3956797073519923e-10,5.675614827993384e-11,0.2063344603844793,0.0
UGC01083,Sb,Courteau97,66.50061835138442,5.841316958766636,1.0491319867548366e-10,4.5551887733375925e-11,0.23391496124329011,0.0
UGC01083,Sb,Courteau97,66.50061835138442,6.275305268707731,1.1424874307648091e-10,4.092656081367506e-11,0.2693200876373693,0.0
UGC01083,Sb,Courteau97,66.50061835138442,6.763250030300828,7.312303699183784e-11,4.0688291941120896e-11,0.21940767500441483,0.0
UGC01083,Sb,Courteau97,66.50061835138442,7.166861282815795,9.83931892735701e-11,3.7986255520904634e-11,0.17282177318302958,0.0
UGC01083,Sb,Courteau97,66.50061835138442,7.6384491673332855,7.619072992117564e-11,3.008442799640811e-11,0.2607283963166535,0.0
UGC01083,Sb,Courteau97,66.50061835138442,8.059054577848883,8.226048782115518e-11,3.325286761517646e-11,0.17358059476683768,0.0
UGC01083,Sb,Courteau97,66.50061835138442,8.428677514362594,5.1244899289361414e-11,2.596266888439121e-11,0.24756631756350939,0.0
UGC01083,Sb,Courteau97,66.50061835138442,8.681040760671952,4.328659291992567e-11,2.865634322516759e-11,0.15623834722100305,0.0
UGC01118,SA(s)dm:,Courteau97,80.19149416875719,0.2914691843017477,1.6428774404051817e-11,4.1119491290520605e-12,0.6316116374240592,0.0
UGC01118,SA(s)dm:,Courteau97,80.19149416875719,0.8430313286306449,1.8823227458448955e-11,9.415489870167103e-12,0.6009962311962939,0.0
UGC01118,SA(s)dm:,Courteau97,80.19149416875719,1.3945934729595422,6.034525300663904e-11,1.068182252682018e-11,0.5949960349095549,0.0
UGC01118,SA(s)dm:,Courteau97,80.19149416875719,1.935696875863573,3.722411500539964e-11,1.0530009182115199e-11,0.6074875024577505,0.0
UGC01118,SA(s)dm:,Courteau97,80.19149416875719,2.4963203514895884,3.1593845574632265e-11,1.0229748229448276e-11,0.6123814608558151,0.0
UGC01118,SA(s)dm:,Courteau97,80.19149416875719,3.0478824958184854,3.8721083897784505e-11,9.779519366803082e-12,0.6152289491329097,0.0
UGC01118,SA(s)dm:,Courteau97,80.19149416875719,3.54532993295033,5.5050926699056576e-11,1.0638077602314618e-11,0.6043703218697025,0.0
UGC01118,SA(s)dm:,Courteau97,80.19149416875719,4.150308079412405,5.711569328430174e-11,1.1149373124475235e-11,0.5529746738463349,0.0
UGC01118,SA(s)dm:,Courteau97,80.19149416875719,4.7011715186774286,4.4271536329808595e-11,1.2338856354050002e-11,0.5368357860483577,0.0
UGC01118,SA(s)dm:,Courteau97,80.19149416875719,5.252733663006326,5.355560813803959e-11,1.137585887075227e-11,0.5563531928542736,0.0
UGC01118,SA(s)dm:,Courteau97,80.19149416875719,5.776120525634498,5.1696330342736284e-11,1.2385054785313438e-11,0.5083968255609094,0.0
UGC01118,SA(s)dm:,Courteau97,80.19149416875719,6.364919282961239,4.950339613083897e-11,1.2757280409347645e-11,0.4694815359291786,0.0
UGC01118,SA(s)dm:,Courteau97,80.19149416875719,6.90602268586527,4.608979211948751e-11,1.3475759208155477e-11,0.4178901945439646,0.0
UGC01118,SA(s)dm:,Courteau97,80.19149416875719,7.4575848301941665,4.492784385204764e-11,1.4558239555009205e-11,0.3528861282263016,0.0
UGC01118,SA(s)dm:,Courteau97,80.19149416875719,7.981454547928981,5.789107912570327e-11,9.393265139808025e-12,0.4686020851257846,0.0
UGC01118,SA(s)dm:,Courteau97,80.19149416875719,8.459593395389426,5.535741452285154e-11,1.1159878995371776e-11,0.4114973296156683,0.0
UGC01118,SA(s)dm:,Courteau97,80.19149416875719,9.237776160279251,2.810535578283189e-11,1.1654203936808584e-11,0.3471352550554544,0.0
UGC01118,SA(s)dm:,Courteau97,80.19149416875719,9.497170415242527,3.200732183336796e-11,8.504815200473201e-12,0.45780320058768303,0.0
UGC01118,SA(s)dm:,Courteau97,80.19149416875719,11.05353594502218,5.3465684531153086e-11,1.0965328132536049e-11,0.254024359047326,0.0
UGC01152,Sb,Courteau97,58.472179090237866,0.3131749603665188,1.3333748441829003e-10,2.415291856787224e-11,0.6394800010121429,0.0
UGC01152,Sb,Courteau97,58.472179090237866,0.9412705083266673,1.7885670886432134e-10,6.696189910736865e-11,0.5796586411765983,0.0
UGC01152,Sb,Courteau97,58.472179090237866,1.541341662424551,2.3257267344325279e-10,9.250242659319859e-11,0.500829536990674,0.0
UGC01152,Sb,Courteau97,58.472179090237866,2.141412816522435,2.2404080044793289e-10,9.908637796144386e-11,0.45839945153284517,0.0
UGC01152,Sb,Courteau97,58.472179090237866,2.7695083644825833,1.900158722400218e-10,9.761758094098481e-11,0.42816957165305236,0.0
UGC01152,Sb,Courteau97,58.472179090237866,3.4270012185295613,1.840407837103936e-10,9.375538167721708e-11,0.3526398902386574,0.0
UGC01152,Sb,Courteau97,58.472179090237866,4.052679173878263,1.9362659363372708e-10,8.173992617166649e-11,0.40819154362327414,0.0
UGC01152,Sb,Courteau97,58.472179090237866,4.60170252636172,1.5940209006487365e-10,8.651771653553844e-11,0.3066062615119634,0.0
UGC01152,Sb,Courteau97,58.472179090237866,5.224096141371537,1.4818474800522938e-10,8.131583659678422e-11,0.3231447534027662,0.0
UGC01152,Sb,Courteau97,58.472179090237866,5.885122711075558,1.170401685621658e-10,6.202274229660904e-11,0.3731807387160894,0.0
UGC01152,Sb,Courteau97,58.472179090237866,6.5165207970329435,9.120055644933525e-11,5.327283897102771e-11,0.38186903354644947,0.0
UGC01152,Sb,Courteau97,58.472179090237866,7.146220434877463,9.432086851376034e-11,4.8783312798124676e-11,0.3679994757695565,0.0
UGC01152,Sb,Courteau97,58.472179090237866,7.7175662482728535,1.0231779427387443e-10,5.256165517277845e-11,0.2867748678709641,0.0
UGC01152,Sb,Courteau97,58.472179090237866,8.365989254599667,1.1475728138022602e-10,5.3342422190139234e-11,0.22284348157947453,0.0
UGC01152,Sb,Courteau97,58.472179090237866,8.996838883353938,9.163006222973632e-11,4.887646235448229e-11,0.1867718695877603,0.0
UGC01152,Sb,Courteau97,58.472179090237866,9.644425302887063,7.611057649015583e-11,3.1014619944240785e-11,0.35605986913972,0.0
UGC01152,Sb,Courteau97,58.472179090237866,10.204106417278743,6.150659762274125e-11,3.863631891936052e-11,0.2120778562115471,0.0
UGC01152,Sb,Courteau97,58.472179090237866,10.813382216566069,7.708246961617657e-11,3.4607198432913596e-11,0.16002991098593203,0.0
UGC01152,Sb,Courteau97,58.472179090237866,11.449918108064868,6.082477039849421e-11,2.8989311470561316e-11,0.24154460135235548,0.0
UGC01152,Sb,Courteau97,58.472179090237866,12.074479940367972,4.7225155714288795e-11,3.2319878661865134e-11,0.1510566645771382,0.0
UGC01152,Sb,Courteau97,58.472179090237866,12.394849715657044,4.605131538533343e-11,2.7624579637800116e-11,0.18309753820856503,0.0
UGC01235,Sbc,Courteau97,54.55313586491825,0.1447740397062032,7.534949160870493e-11,7.091726939664855e-12,0.47125225409235055,0.0
UGC01235,Sbc,Courteau97,54.55313586491825,0.4905075267253291,2.5227090097422135e-10,2.3758630297129572e-11,0.6233877263244503,0.0
UGC01235,Sbc,Courteau97,54.55313586491825,0.8829135481055923,1.7923152747132373e-10,3.608547465062758e-11,0.5894462565162858,0.0
UGC01235,Sbc,Courteau97,54.55313586491825,1.2286470351247185,2.0301245880708373e-10,4.351370904693201e-11,0.5372533642786981,0.0
UGC01235,Sbc,Courteau97,54.55313586491825,1.5181951145371249,1.8059358224724003e-10,4.8195940859261e-11,0.5372833366215819,0.0
UGC01235,Sbc,Courteau97,54.55313586491825,1.910601135917388,9.583612611056065e-11,5.159256980845665e-11,0.5084199941791252,0.0
UGC01235,Sbc,Courteau97,54.55313586491825,2.2563346229365138,6.97973663929153e-11,5.458793476919347e-11,0.4832587707357458,0.0
UGC01235,Sbc,Courteau97,54.55313586491825,2.6020681099556398,6.232267562302814e-11,5.696419517710618e-11,0.4284734377625712,0.0
UGC01235,Sbc,Courteau97,54.55313586491825,2.943045160351975,8.010294946151169e-11,5.903340522993382e-11,0.4036618869876341,0.0
UGC01235,Sbc,Courteau97,54.55313586491825,3.2840222107483097,8.83598793551992e-11,5.6725463346030187e-11,0.40671060316916413,0.0
UGC01235,Sbc,Courteau97,54.55313586491825,3.6297556977674352,1.1129491572724374e-10,5.551433764736536e-11,0.3950676665844169,0.0
UGC01235,Sbc,Courteau97,54.55313586491825,3.975489184786561,1.1728880890126508e-10,5.538290206912889e-11,0.3670784270471237,0.0
UGC01235,Sbc,Courteau97,54.55313586491825,4.3164662351828955,6.993581771349579e-11,5.295867790532904e-11,0.3396977282402447,0.0
UGC01235,Sbc,Courteau97,54.55313586491825,4.657443285579231,7.587178770365713e-11,4.4763127721802764e-11,0.35226522941493077,0.0
UGC01235,Sbc,Courteau97,54.55313586491825,5.003176772598357,7.122012779545828e-11,4.062109301082323e-11,0.4194824385055585,0.0
UGC01235,Sbc,Courteau97,54.55313586491825,5.348910259617483,9.873127283625016e-11,4.955929748313407e-11,0.31689531615813316,0.0
UGC01235,Sbc,Courteau97,54.55313586491825,5.633701902407098,5.497991274488277e-11,4.1348186682303435e-11,0.30171709496083865,0.0
UGC01235,Sbc,Courteau97,54.55313586491825,6.030864360410152,9.440160322548932e-11,4.0508149003830585e-11,0.33535642430996726,0.0
UGC01235,Sbc,Courteau97,54.55313586491825,6.418513945167625,8.405867251427191e-11,4.9318282115391115e-11,0.20210679283681404,0.0
UGC01235,Sbc,Courteau97,54.55313586491825,6.712818461202822,7.590122172186012e-11,3.602376932190809e-11,0.30020999355801936,0.0
UGC01235,Sbc,Courteau97,54.55313586491825,6.909021471892954,7.082168571683043e-11,4.333066475682891e-11,0.15037233859416055,0.0
UGC01498,S,ShellFlow,54.057290486438184,0.18200491600610866,5.555449147431201e-11,2.151700502870718e-11,0.5105204744673126,0.0
UGC01498,S,ShellFlow,54.057290486438184,0.546014748018326,4.3555660526492755e-11,5.959497426904559e-11,0.5689073678440355,0.0
UGC01498,S,ShellFlow,54.057290486438184,0.9100245800305433,7.961884742392963e-11,8.465461916164266e-11,0.5507767907077185,0.0
UGC01498,S,ShellFlow,54.057290486438184,1.2740344120427607,1.5790281213867307e-10,1.0317923343156727e-10,0.49509220486822336,0.0
UGC01498,S,ShellFlow,54.057290486438184,1.6380442440549778,1.8626173494620859e-10,1.1820180420810052e-10,0.4530777157690602,0.0
UGC01498,S,ShellFlow,54.057290486438184,2.0020540760671954,2.0609172147854496e-10,1.270666138099047e-10,0.41015668926207816,0.0
UGC01498,S,ShellFlow,54.057290486438184,2.3660639080794126,2.0516959481403872e-10,1.2555684235406758e-10,0.37709358280784905,0.0
UGC01498,S,ShellFlow,54.057290486438184,2.7300737400916297,2.0037726491236433e-10,1.202993271309244e-10,0.3732561534332338,0.0
UGC01498,S,ShellFlow,54.057290486438184,3.0940835721038473,1.8890710477142872e-10,1.1838372832359452e-10,0.30484795353051997,0.0
UGC01498,S,ShellFlow,54.057290486438184,3.4580934041160645,1.7745447292547838e-10,1.18329198638492e-10,0.27313620653276555,0.0
UGC01498,S,ShellFlow,54.057290486438184,3.822103236128282,1.6963618593345914e-10,1.1405635824425949e-10,0.2488108274048316,0.0
UGC01498,S,ShellFlow,54.057290486438184,4.186113068140499,1.5313710924189427e-10,1.0715897861294582e-10,0.21343973461343743,0.0
UGC01498,S,ShellFlow,54.057290486438184,4.549243649350754,1.481085589610933e-10,9.573727522218548e-11,0.19364228537457814,0.0
UGC01498,S,ShellFlow,54.057290486438184,5.002497437762102,1.4633049875491782e-10,8.722697098432336e-11,0.1690326529140046,0.0
UGC01498,S,ShellFlow,54.057290486438184,5.277263313375189,1.1540177033737458e-10,8.61648101113715e-11,0.18568357337076885,0.0
UGC01498,S,ShellFlow,54.057290486438184,5.730517101786537,1.349152422866562e-10,7.936171995498998e-11,0.1442099163097239,0.0
UGC01498,S,ShellFlow,54.057290486438184,6.0087999806074714,8.117466637038326e-11,6.532399423080895e-11,0.16719988164356073,0.0
UGC01498,S,ShellFlow,54.057290486438184,7.2775588878384605,1.377787345290584e-10,4.497148304029028e-11,0.1592416161251845,0.0
UGC01531,Sb,Courteau97,76.27991884610285,0.3304207693985892,4.996174812402486e-10,1.4803125732230192e-11,0.7016236621738168,0.0
UGC01531,Sb,Courteau97,76.27991884610285,1.0595158913695166,1.9865750977444796e-11,4.280650382831339e-11,0.6276369069469577,0.0
UGC01531,Sb,Courteau97,76.27991884610285,1.8913084585363489,1.1970946894911205e-10,5.642550260899194e-11,0.5630071113703619,0.0
UGC01531,Sb,Courteau97,76.27991884610285,2.6433661551887138,1.1122221358082393e-10,6.11449401077063e-11,0.5668150351401438,0.0
UGC01531,Sb,Courteau97,76.27991884610285,3.26465732916394,1.23630944084938e-10,5.845394492765446e-11,0.5559915207734402,0.0
UGC01531,Sb,Courteau97,76.27991884610285,4.056265390638257,1.629426744237825e-10,6.08699647343426e-11,0.488365694883319,0.0
UGC01531,Sb,Courteau97,76.27991884610285,4.865095383123652,1.6220042249445977e-10,5.257565605367552e-11,0.5082522527689604,0.0
UGC01531,Sb,Courteau97,76.27991884610285,5.617153079776017,1.30189169644203e-10,6.309534479196224e-11,0.4709605609704117,0.0
UGC01531,Sb,Courteau97,76.27991884610285,6.369210776428381,1.1029846595791086e-10,4.041474174676969e-11,0.5885064710251361,0.0
UGC01531,Sb,Courteau97,76.27991884610285,7.178040768913776,1.2307784049044973e-10,5.517078223835349e-11,0.3323299727885638,0.0
UGC01531,Sb,Courteau97,76.27991884610285,7.8618448823923925,1.194524244672921e-10,4.579053845770688e-11,0.4120882664789998,0.0
UGC01531,Sb,Courteau97,76.27991884610285,8.551389639541368,1.1499733863936315e-10,3.335473429372699e-11,0.5541447900686151,0.0
UGC01531,Sb,Courteau97,76.27991884610285,9.342997701015685,1.2237252404445796e-10,3.2315188291401156e-11,0.5350522172708321,0.0
UGC01531,Sb,Courteau97,76.27991884610285,10.15182769350108,9.77172765470015e-11,3.790501223109859e-11,0.42879899373276104,0.0
UGC01531,Sb,Courteau97,76.27991884610285,10.903885390153444,1.0419593712250462e-10,5.0901013490098706e-11,0.2517485723321679,0.0
UGC01531,Sb,Courteau97,76.27991884610285,12.681649257023732,7.58750479649843e-11,3.096403666244957e-11,0.28994158860396946,0.0
UGC01531,Sb,Courteau97,76.27991884610285,13.012070026422322,6.69876390357088e-11,4.4768193836035137e-11,0.1700933536594559,0.0
UGC01531,Sb,Courteau97,76.27991884610285,14.00333233461809,8.625290482850747e-11,3.177404580371666e-11,0.1665960744770032,0.0
UGC01531,Sb,Courteau97,76.27991884610285,14.498963488715972,8.163004276139935e-11,3.322431366888914e-11,0.18978184088538355,0.0
UGC01531,Sb,Courteau97,76.27991884610285,14.994594642813857,7.294111454383599e-11,2.26759890985972e-11,0.34110035796577576,0.0
UGC01536,Sbc,Courteau97,67.40369182691398,0.3158659879281507,4.050357871287672e-11,1.0258232373143413e-11,0.7590929586474494,0.0
UGC01536,Sbc,Courteau97,67.40369182691398,0.8839461813686279,1.0701121577778003e-10,2.6882687113792812e-11,0.7215490959706031,0.0
UGC01536,Sbc,Courteau97,67.40369182691398,1.3271157341284272,1.4513834876662764e-10,3.643126837165154e-11,0.6776284885749873,0.0
UGC01536,Sbc,Courteau97,67.40369182691398,1.895195927568904,1.9636140442736322e-10,4.629377081355785e-11,0.642832655078804,0.0
UGC01536,Sbc,Courteau97,67.40369182691398,2.463276121009381,2.1297793803809638e-10,5.5837246893857824e-11,0.5934110001184179,0.0
UGC01536,Sbc,Courteau97,67.40369182691398,2.9064456737691806,2.0592751857217756e-10,5.832041440574054e-11,0.5320693482604633,0.0
UGC01536,Sbc,Courteau97,67.40369182691398,3.4745258672096577,2.0280733003411742e-10,5.760930264435934e-11,0.5425470637212848,0.0
UGC01536,Sbc,Courteau97,67.40369182691398,4.106257843065959,2.1150919451193848e-10,5.88421692850592e-11,0.5489822897871558,0.0
UGC01536,Sbc,Courteau97,67.40369182691398,4.674338036506436,1.7708925909472394e-10,6.427888361194146e-11,0.41905199859405756,0.0
UGC01536,Sbc,Courteau97,67.40369182691398,5.117507589266235,1.7298014871224967e-10,5.95339835808126e-11,0.44549977871627655,0.0
UGC01536,Sbc,Courteau97,67.40369182691398,5.685587782706712,1.7823675760712403e-10,6.547693537939758e-11,0.36731167194955266,0.0
UGC01536,Sbc,Courteau97,67.40369182691398,6.317319758563014,1.3729340247125866e-10,7.229418919670099e-11,0.3281222006928718,0.0
UGC01536,Sbc,Courteau97,67.40369182691398,6.791118740455239,1.3512673295934257e-10,4.5209855720161315e-11,0.4760266099303563,0.0
UGC01536,Sbc,Courteau97,67.40369182691398,7.264917722347466,1.264505505384897e-10,5.0021920272370654e-11,0.4518123305922346,0.0
UGC01536,Sbc,Courteau97,67.40369182691398,7.896649698203767,1.316653290551359e-10,5.667825277569565e-11,0.3582986239814701,0.0
UGC01536,Sbc,Courteau97,67.40369182691398,8.464729891644245,1.0558026510614696e-10,6.727577983105166e-11,0.24119523777016788,0.0
UGC01536,Sbc,Courteau97,67.40369182691398,8.907899444404043,9.673313247338763e-11,3.630293387127514e-11,0.4723706863797718,0.0
UGC01536,Sbc,Courteau97,67.40369182691398,9.475979637844521,1.0070851403197932e-10,5.349509353935643e-11,0.26901549149550175,0.0
UGC01536,Sbc,Courteau97,67.40369182691398,10.044059831284999,9.459957275135532e-11,4.164496244635552e-11,0.22986947306416367,0.0
UGC01536,Sbc,Courteau97,67.40369182691398,10.54848824230965,5.845937648115787e-11,4.0639387715096764e-11,0.3060515086374033,0.0
UGC01536,Sbc,Courteau97,67.40369182691398,10.864354230237801,6.873506312309867e-11,2.6893882218218183e-11,0.4659051292921055,0.0
UGC01622,Scd:,Courteau97,65.26866400775137,0.30782977238019055,1.1564248446389444e-11,1.2950202333752396e-11,0.7597709171758277,0.0
UGC01622,Scd:,Courteau97,65.26866400775137,0.9234893171405716,7.477707582961332e-11,3.700337329597837e-11,0.7247941425295481,0.0
UGC01622,Scd:,Courteau97,65.26866400775137,1.5774462022694646,1.8529115256859863e-10,5.8705200580372e-11,0.6369505369396988,0.0
UGC01622,Scd:,Courteau97,65.26866400775137,2.2317658497563815,2.613639820702101e-10,7.495424451962434e-11,0.5923278350318005,0.0
UGC01622,Scd:,Courteau97,65.26866400775137,2.8474253945167627,2.0746279331071711e-10,8.587531653552433e-11,0.5191828668456845,0.0
UGC01622,Scd:,Courteau97,65.26866400775137,3.4975473632894043,1.5362638058148698e-10,9.353470530974325e-11,0.4792877616206361,0.0
UGC01622,Scd:,Courteau97,65.26866400775137,4.155701927132572,1.7833133881305477e-10,8.454516912225797e-11,0.4519971752123877,0.0
UGC01622,Scd:,Courteau97,65.26866400775137,4.771361471892954,1.7433735294985226e-10,8.632841999661853e-11,0.47351573757983423,0.0
UGC01622,Scd:,Courteau97,65.26866400775137,5.3870210166533345,1.7222214043014464e-10,6.618647922682398e-11,0.5284638226444415,0.0
UGC01622,Scd:,Courteau97,65.26866400775137,6.002680561413715,1.7334448164800025e-10,6.256110242930448e-11,0.4914801486430398,0.0
UGC01622,Scd:,Courteau97,65.26866400775137,6.618340106174097,1.1522575134020237e-10,5.741197502566755e-11,0.4865610161035288,0.0
UGC01622,Scd:,Courteau97,65.26866400775137,7.233999650934478,1.0146914976692416e-10,4.658684342546441e-11,0.5549781997985187,0.0
UGC01622,Scd:,Courteau97,65.26866400775137,7.816344285264102,1.0696504114913297e-10,5.253863273129502e-11,0.49977356392070266,0.0
UGC01622,Scd:,Courteau97,65.26866400775137,8.438888911513507,9.213684776684231e-11,6.774090116380987e-11,0.3676344743326264,0.0
UGC01622,Scd:,Courteau97,65.26866400775137,9.054548456273887,9.74632485861684e-11,8.109203339096481e-11,0.25267300646785973,0.0
UGC01622,Scd:,Courteau97,65.26866400775137,9.670208001034268,1.0281132718903299e-10,3.452153697231871e-11,0.5530393392780437,0.0
UGC01622,Scd:,Courteau97,65.26866400775137,10.330098641876551,1.1699460469868712e-10,5.0024251805935516e-11,0.3836835223515749,0.0
UGC01622,Scd:,Courteau97,65.26866400775137,11.060650207742468,1.3105337999162406e-10,6.897614853962735e-11,0.2088604754095932,0.0
UGC01622,Scd:,Courteau97,65.26866400775137,11.619796559442142,9.804634308454153e-11,3.313367067727267e-11,0.48264089573743374,0.0
UGC01622,Scd:,Courteau97,65.26866400775137,12.122429718081111,9.256216371045461e-11,6.302772856932825e-11,0.17444404669143374,0.0
UGC01622,Scd:,Courteau97,65.26866400775137,12.584174376651397,1.1858240776905855e-10,4.013828420349495e-11,0.325828475092498,0.0
UGC01706,Scd:,Courteau97,70.3522182021376,0.19539603519744017,2.125243988658732e-11,7.2028213148653696e-12,0.6102637787296061,0.0
UGC01706,Scd:,Courteau97,70.3522182021376,0.5586198531015927,7.359223740160942e-11,1.9128939766385323e-11,0.654357793951384,0.0
UGC01706,Scd:,Courteau97,70.3522182021376,0.8778311977310741,7.850220933808197e-11,2.7082423619643047e-11,0.6334899265095648,0.0
UGC01706,Scd:,Courteau97,70.3522182021376,1.1970425423605557,9.200666620323934e-11,3.249564355064792e-11,0.6014526581294501,0.0
UGC01706,Scd:,Courteau97,70.3522182021376,1.5602663602647078,6.028074702754979e-11,3.5520689028641e-11,0.5981836230440928,0.0
UGC01706,Scd:,Courteau97,70.3522182021376,1.9510584306595884,8.8158655124538e-11,3.657594956855282e-11,0.5740722575722965,0.0
UGC01706,Scd:,Courteau97,70.3522182021376,2.3142822485637407,8.665349628011097e-11,3.6669849175537514e-11,0.5884122407263118,0.0
UGC01706,Scd:,Courteau97,70.3522182021376,2.633493593193222,9.952199237599558e-11,3.9824911808111846e-11,0.5648583880877992,0.0
UGC01706,Scd:,Courteau97,70.3522182021376,2.9527049378227037,1.1266501849851267e-10,4.2826146334603935e-11,0.5489990279191875,0.0
UGC01706,Scd:,Courteau97,70.3522182021376,3.3159287557268557,1.1846776675764974e-10,4.2833943851040176e-11,0.5453445331116518,0.0
UGC01706,Scd:,Courteau97,70.3522182021376,3.7067208261217366,1.2089479275666456e-10,4.197585637786205e-11,0.5325676469367375,0.0
UGC01706,Scd:,Courteau97,70.3522182021376,4.069944644025889,1.0456885169371356e-10,4.374589113987483e-11,0.5081913290323948,0.0
UGC01706,Scd:,Courteau97,70.3522182021376,4.38915598865537,1.0955374941155704e-10,5.2304427973403965e-11,0.43667505846441407,0.0
UGC01706,Scd:,Courteau97,70.3522182021376,4.708367333284851,7.614456869223034e-11,6.012182007664336e-11,0.338948081779187,0.0
UGC01706,Scd:,Courteau97,70.3522182021376,5.027578677914333,8.672990449519212e-11,4.800728758937361e-11,0.366597873232109,0.0
UGC01706,Scd:,Courteau97,70.3522182021376,5.433041572734104,8.471589018652673e-11,4.61677193063878e-11,0.39555515075674724,0.0
UGC01706,Scd:,Courteau97,70.3522182021376,5.781594566213366,8.324178199747761e-11,5.7869190659221267e-11,0.2713760030612612,0.0
UGC01706,Scd:,Courteau97,70.3522182021376,6.144818384117519,9.604962777697563e-11,4.965091691963731e-11,0.18677245446486979,0.0
UGC01706,Scd:,Courteau97,70.3522182021376,6.4640297287470005,1.1451073477433189e-10,4.718526316081206e-11,0.28467048267679695,0.0
UGC01706,Scd:,Courteau97,70.3522182021376,6.827253546651153,8.012154969047062e-11,5.1780249717154595e-11,0.16031866515971396,0.0
UGC01792,SAB(r)c,ShellFlow,55.86153414703626,0.30612912224565486,2.405659229506801e-10,4.5081857404576855e-11,0.4955513915370507,0.0
UGC01792,SAB(r)c,ShellFlow,55.86153414703626,0.8721210006544978,2.1113207204700095e-10,1.010731688865848e-10,0.47011221455411223,0.0
UGC01792,SAB(r)c,ShellFlow,55.86153414703626,1.9775787075849032,3.749805963768205e-10,1.1746807398133187e-10,0.4305835256643154,0.0
UGC01792,SAB(r)c,ShellFlow,55.86153414703626,2.7013560300260995,3.503255792171327e-10,9.793414027511942e-11,0.4416588012683004,0.0
UGC01792,SAB(r)c,ShellFlow,55.86153414703626,3.4584108646643883,2.784368698597698e-10,1.00735028328385e-10,0.40070627068023557,0.0
UGC01792,SAB(r)c,ShellFlow,55.86153414703626,4.197387545148231,2.5036763134158286e-10,9.58686499648849e-11,0.36520551773940274,0.0
UGC01792,SAB(r)c,ShellFlow,55.86153414703626,4.993352638457464,2.3092019061617677e-10,8.748894843923177e-11,0.3206394214463245,0.0
UGC01792,SAB(r)c,ShellFlow,55.86153414703626,5.808356708603011,1.882266213838674e-10,5.761612752441158e-11,0.4362777040601463,0.0
UGC01792,SAB(r)c,ShellFlow,55.86153414703626,6.464490890262526,1.9786089069791106e-10,5.468157983403752e-11,0.3823781528377387,0.0
UGC01792,SAB(r)c,ShellFlow,55.86153414703626,7.500549048069232,1.435057811795137e-10,6.230937029479092e-11,0.2881908749182731,0.0
UGC01792,SAB(r)c,ShellFlow,55.86153414703626,8.035182611688848,1.5116883838440693e-10,6.843706413773412e-11,0.18857092047851853,0.0
UGC01792,SAB(r)c,ShellFlow,55.86153414703626,8.638701653697913,1.3287321623282852e-10,4.5183121140763824e-11,0.2754656881371247,0.0
UGC01792,SAB(r)c,ShellFlow,55.86153414703626,9.857820399970912,1.4418117104148207e-10,4.616980781434358e-11,0.2056136865244918,0.0
UGC01792,SAB(r)c,ShellFlow,55.86153414703626,10.419442677138633,9.515372817487191e-11,3.0066438787699816e-11,0.340370200889328,0.0
UGC01792,SAB(r)c,ShellFlow,55.86153414703626,11.134000997745618,9.797852023497142e-11,3.138471573618938e-11,0.28577364799741667,0.0
UGC01792,SAB(r)c,ShellFlow,55.86153414703626,11.779416804596028,1.1360997994790756e-10,3.931337195361622e-11,0.15273498088455764,0.0
UGC01792,SAB(r)c,ShellFlow,55.86153414703626,13.464283636099193,9.967947477701343e-11,2.50725198708665e-11,0.22070420994502624,0.0
UGC01792,SAB(r)c,ShellFlow,55.86153414703626,14.351055652679806,8.052101370787e-11,2.77216302941141e-11,0.12455638320475738,0.0
UGC01792,SAB(r)c,ShellFlow,55.86153414703626,14.971796064286234,1.1994427996457536e-10,2.048562085869429e-11,0.2085242164829932,0.0
UGC01792,SAB(r)c,ShellFlow,55.86153414703626,15.41518207257654,1.0596717068318503e-10,2.1548021251168266e-11,0.10952859123436755,0.0
UGC01812,Scd:,Courteau97,70.30864141934946,0.1531210239255327,1.4873766509270093e-11,4.750654083190907e-12,0.49797939915832806,0.0
UGC01812,Scd:,Courteau97,70.30864141934946,0.4593630717765981,5.500279854706967e-11,1.3738513941982936e-11,0.6519189578548192,0.0
UGC01812,Scd:,Courteau97,70.30864141934946,0.7656051196276634,9.584867483555095e-11,2.127354470102995e-11,0.6090244064869123,0.0
UGC01812,Scd:,Courteau97,70.30864141934946,1.0718471674787287,1.1255488809036981e-10,2.820996695993079e-11,0.5668114606604963,0.0
UGC01812,Scd:,Courteau97,70.30864141934946,1.3780892153297941,1.139905079101569e-10,3.3900367891082214e-11,0.5054448812886995,0.0
UGC01812,Scd:,Courteau97,70.30864141934946,1.6438856593863882,1.2898410404940134e-10,3.628286617133714e-11,0.48971710584876316,0.0
UGC01812,Scd:,Courteau97,70.30864141934946,1.9140127990691587,9.978655345156686e-11,3.688916829493892e-11,0.48122768827946505,0.0
UGC01812,Scd:,Courteau97,70.30864141934946,2.2202548469202243,7.682475260062515e-11,3.6127692087341776e-11,0.4662319660768326,0.0
UGC01812,Scd:,Courteau97,70.30864141934946,2.5264968947712894,9.675923326270548e-11,3.573970396783268e-11,0.46182544867328923,0.0
UGC01812,Scd:,Courteau97,70.30864141934946,2.832738942622355,1.1091091490705893e-10,3.471621149111241e-11,0.4677653852750945,0.0
UGC01812,Scd:,Courteau97,70.30864141934946,3.1389809904734203,1.1269403475154867e-10,3.414287741503577e-11,0.4634047280465782,0.0
UGC01812,Scd:,Courteau97,70.30864141934946,3.4601484714647017,8.923981582965499e-11,3.4169636155512695e-11,0.4487167373999436,0.0
UGC01812,Scd:,Courteau97,70.30864141934946,3.7514650861755507,7.754045055423978e-11,3.553480738437242e-11,0.409988722407543,0.0
UGC01812,Scd:,Courteau97,70.30864141934946,4.057707134026616,7.989222153392442e-11,3.4655985336650866e-11,0.374575837548055,0.0
UGC01812,Scd:,Courteau97,70.30864141934946,4.363949181877682,8.40462438737476e-11,2.9966975301517246e-11,0.4126193471521301,0.0
UGC01812,Scd:,Courteau97,70.30864141934946,4.670191229728747,1.0886796389525591e-10,3.15339767520401e-11,0.4087337668443776,0.0
UGC01812,Scd:,Courteau97,70.30864141934946,4.976433277579813,1.1097600226597445e-10,3.769038456261311e-11,0.2946608184050625,0.0
UGC01812,Scd:,Courteau97,70.30864141934946,5.267749892290662,7.658054195109528e-11,2.928800408010044e-11,0.3594185012364718,0.0
UGC01848,Sb,Courteau97,67.35348838713614,0.4500152716166097,3.961916508791022e-10,2.0683668043642092e-11,0.7706666288457494,0.0
UGC01848,Sb,Courteau97,67.35348838713614,1.350045814849829,3.8625509229120883e-10,5.802423809084243e-11,0.6828670263360918,0.0
UGC01848,Sb,Courteau97,67.35348838713614,2.2500763580830485,3.43451226373278e-10,8.12874731923963e-11,0.6095625396801952,0.0
UGC01848,Sb,Courteau97,67.35348838713614,3.150106901316268,3.261377028937625e-10,9.845873150599682e-11,0.524048516748431,0.0
UGC01848,Sb,Courteau97,67.35348838713614,4.155277376190822,2.5900136109712144e-10,1.0363633835227302e-10,0.4452207332983784,0.0
UGC01848,Sb,Courteau97,67.35348838713614,5.175175623591011,2.3232662549608466e-10,1.1222277533412827e-10,0.41476019736959047,0.0
UGC01848,Sb,Courteau97,67.35348838713614,6.0752061668242305,1.8604540616664483e-10,9.536498322236928e-11,0.3456391201982959,0.0
UGC01848,Sb,Courteau97,67.35348838713614,6.97523671005745,1.6620115723295773e-10,9.244291316725469e-11,0.3825406277852482,0.0
UGC01848,Sb,Courteau97,67.35348838713614,7.875267253290669,1.6994788645127156e-10,5.67088516249344e-11,0.5198538530419627,0.0
UGC01848,Sb,Courteau97,67.35348838713614,8.775297796523889,1.709086621121207e-10,4.9090935305091564e-11,0.5072033030399333,0.0
UGC01848,Sb,Courteau97,67.35348838713614,9.62555392335103,1.2151567272205293e-10,4.376255714466997e-11,0.5177641934136675,0.0
UGC01848,Sb,Courteau97,67.35348838713614,14.324804305141445,7.570543322239478e-11,3.864722984883164e-11,0.2265505505351493,0.0
UGC01848,Sb,Courteau97,67.35348838713614,14.774819576758054,7.849900789394982e-11,4.398566195892756e-11,0.22793359984164574,0.0
UGC01848,Sb,Courteau97,67.35348838713614,16.7998882990328,8.623004282724037e-11,2.5785029320285004e-11,0.3786785787073129,0.0
UGC01848,Sb,Courteau97,67.35348838713614,17.699918842266015,8.179953808331292e-11,3.746350541980937e-11,0.1927120026153835,0.0
UGC01848,Sb,Courteau97,67.35348838713614,18.374941749690933,8.266052134198394e-11,2.4202592882208546e-11,0.3393105803105627,0.0
UGC01938,Sbc,Mathewson96,73.91383083379898,0.023072086878530046,8.298369105511711e-11,1.0823661367602524e-13,0.0,0.0
UGC01938,Sbc,Mathewson96,73.91383083379898,0.815763071776598,3.946737915424248e-10,4.327903657274278e-11,0.6841116976996667,0.0
UGC01938,Sbc,Mathewson96,73.91383083379898,1.631526143553196,3.030970847497618e-10,6.883182758899276e-11,0.6108660571971399,0.0
UGC01938,Sbc,Mathewson96,73.91383083379898,2.4472892153297945,2.6944437271872914e-10,8.555040582630878e-11,0.5337699868814794,0.0
UGC01938,Sbc,Mathewson96,73.91383083379898,3.263052287106392,2.1523987124830632e-10,8.578917711691806e-11,0.5071372552814866,0.0
UGC01938,Sbc,Mathewson96,73.91383083379898,4.07881535888299,2.0566794774306992e-10,9.713950529420173e-11,0.4145234627882043,0.0
UGC01938,Sbc,Mathewson96,73.91383083379898,4.894578430659588,1.9928557725706053e-10,8.794386904740824e-11,0.3770640724747253,0.0
UGC01938,Sbc,Mathewson96,73.91383083379898,5.7103415024361865,1.865010260671481e-10,6.812685007694062e-11,0.48584298503462886,0.0
UGC01938,Sbc,Mathewson96,73.91383083379898,6.526104574212785,1.8082172674666438e-10,8.148866488641315e-11,0.3012202011872795,0.0
UGC01938,Sbc,Mathewson96,73.91383083379898,7.3187955591108524,1.5689624496672973e-10,9.074783620126364e-11,0.26521630566177745,0.0
UGC01938,Sbc,Mathewson96,73.91383083379898,7.364939732867913,1.3062373668469885e-10,8.73460831264397e-11,0.28231669589017055,0.0
UGC01938,Sbc,Mathewson96,73.91383083379898,8.157630717765981,1.3131503065958307e-10,7.711066988216819e-11,0.2726083031940432,0.0
UGC01938,Sbc,Mathewson96,73.91383083379898,8.973393789542579,1.206721176292453e-10,6.963014037346993e-11,0.24596094379731748,0.0
UGC01938,Sbc,Mathewson96,73.91383083379898,9.789156861319176,1.200012695081669e-10,6.634044452485708e-11,0.2012350143273843,0.0
UGC01938,Sbc,Mathewson96,73.91383083379898,10.604919933095776,1.2600554370564183e-10,6.282058264530117e-11,0.1564117110716141,0.0
UGC01938,Sbc,Mathewson96,73.91383083379898,11.420683004872373,7.959606515450543e-11,3.553005200007555e-11,0.33358807081061403,0.0
UGC01938,Sbc,Mathewson96,73.91383083379898,12.23644607664897,9.816077067157399e-11,3.776227437098848e-11,0.25057699955745555,0.0
UGC01938,Sbc,Mathewson96,73.91383083379898,13.052209148425568,9.272357776977538e-11,4.085880091766672e-11,0.15312351524414458,0.0
UGC01938,Sbc,Mathewson96,73.91383083379898,13.844900133323637,8.887917345779194e-11,2.715310701299358e-11,0.2734482053313975,0.0
UGC01938,Sbc,Mathewson96,73.91383083379898,14.660663205100237,8.383713589733861e-11,2.964620154254771e-11,0.1798956865103594,0.0
UGC01995,SB(r)c pec:,Courteau97,58.472179090237866,0.3649827699318838,2.1918321272872868e-10,1.665222509504047e-11,0.7218047661226945,0.0
UGC01995,SB(r)c pec:,Courteau97,58.472179090237866,1.0615842338739,2.662299278126874e-10,4.40092027035645e-11,0.6412998760472421,0.0
UGC01995,SB(r)c pec:,Courteau97,58.472179090237866,1.8198586866409716,2.330275431216267e-10,6.046444930545644e-11,0.5944613081016356,0.0
UGC01995,SB(r)c pec:,Courteau97,58.472179090237866,2.578133139408043,1.3541092443687176e-10,6.604917807491874e-11,0.559955803095598,0.0
UGC01995,SB(r)c pec:,Courteau97,58.472179090237866,3.1847527016217003,1.828836174950856e-10,6.900740288156062e-11,0.5439512639931424,0.0
UGC01995,SB(r)c pec:,Courteau97,58.472179090237866,3.9430271543887714,1.591345679808807e-10,6.113150877363018e-11,0.5628964696257377,0.0
UGC01995,SB(r)c pec:,Courteau97,58.472179090237866,4.701301607155843,1.2926883606383434e-10,6.698589970904411e-11,0.5120283326281532,0.0
UGC01995,SB(r)c pec:,Courteau97,58.472179090237866,5.3079211693695,1.3020516769817336e-10,5.1860076028888334e-11,0.56822506276267,0.0
UGC01995,SB(r)c pec:,Courteau97,58.472179090237866,6.066195622136572,1.4112338965879134e-10,8.044596274007612e-11,0.34937033956384755,0.0
UGC01995,SB(r)c pec:,Courteau97,58.472179090237866,6.819414911885197,1.6736355089951758e-10,7.723621377058318e-11,0.3571211959127363,0.0
UGC01995,SB(r)c pec:,Courteau97,58.472179090237866,7.426034474098854,1.4852558197098263e-10,8.308893496091773e-11,0.28146250607579903,0.0
UGC01995,SB(r)c pec:,Courteau97,58.472179090237866,8.184308926865926,1.2827211443359818e-10,7.725911523226015e-11,0.25428972859994353,0.0
UGC01995,SB(r)c pec:,Courteau97,58.472179090237866,8.947638542651443,9.818385499888024e-11,7.183732375068946e-11,0.2210677483587977,0.0
UGC01995,SB(r)c pec:,Courteau97,58.472179090237866,9.559313267883548,1.187373223279914e-10,3.915988814443008e-11,0.4097908494175644,0.0
UGC01995,SB(r)c pec:,Courteau97,58.472179090237866,12.514056052165904,7.706053577703525e-11,2.9533928318432146e-11,0.3559397223171719,0.0
UGC01995,SB(r)c pec:,Courteau97,58.472179090237866,13.188920315128598,5.709924504840365e-11,3.909338152816762e-11,0.19239641831862508,0.0
UGC01995,SB(r)c pec:,Courteau97,58.472179090237866,14.011900854531792,5.629086043778558e-11,2.2032169462230632e-11,0.39505800543247227,0.0
UGC02020,Scd:,Mathewson96,81.13472631752856,0.3193111773689186,4.64740035941027e-12,3.5068575160985596e-12,0.6593528629629832,0.0
UGC02020,Scd:,Mathewson96,81.13472631752856,0.9579335321067559,1.996065056608534e-11,8.793407343460108e-12,0.6596256443923615,0.0
UGC02020,Scd:,Mathewson96,81.13472631752856,1.7859923496472982,5.646371125392059e-11,1.3507107480866984e-11,0.5604887489878666,0.0
UGC02020,Scd:,Mathewson96,81.13472631752856,2.684364133517562,5.4604778086566425e-11,1.5594879206171604e-11,0.5119772087027852,0.0
UGC02020,Scd:,Mathewson96,81.13472631752856,3.512422951058105,4.642341725460549e-11,1.5814274021675153e-11,0.46408863640851067,0.0
UGC02020,Scd:,Mathewson96,81.13472631752856,4.151045305795941,4.8701559502500124e-11,1.394296535951239e-11,0.46339807841567837,0.0
UGC02020,Scd:,Mathewson96,81.13472631752856,4.789667660533779,3.72541850016488e-11,1.5378400604043728e-11,0.4266206432902817,0.0
UGC02020,Scd:,Mathewson96,81.13472631752856,5.617726478074321,3.8354363356808086e-11,1.3793472729941082e-11,0.37692767014757833,0.0
UGC02020,Scd:,Mathewson96,81.13472631752856,6.516098261944585,4.002593589728348e-11,1.1113813748344192e-11,0.44380304912502183,0.0
UGC02020,Scd:,Mathewson96,81.13472631752856,7.344157079485128,4.658768231238777e-11,9.344265839675194e-12,0.46146366831884034,0.0
UGC02020,Scd:,Mathewson96,81.13472631752856,8.053092400552687,4.233865773598341e-11,8.718064892874362e-12,0.45632760504684394,0.0
UGC02020,Scd:,Mathewson96,81.13472631752856,8.621401788960803,1.9873646539933336e-11,9.42745813584562e-12,0.39638854923228234,0.0
UGC02020,Scd:,Mathewson96,81.13472631752856,9.26002414369864,3.592340703152927e-11,1.0038754108275216e-11,0.3385425610713091,0.0
UGC02020,Scd:,Mathewson96,81.13472631752856,10.088082961239182,3.771662754592873e-11,9.290880274296318e-12,0.318174302729922,0.0
UGC02020,Scd:,Mathewson96,81.13472631752856,10.986454745109446,2.8967401287651554e-11,8.02075151361639e-12,0.33083018296287275,0.0
UGC02020,Scd:,Mathewson96,81.13472631752856,11.814513562649989,2.096914750729339e-11,6.106771342941907e-12,0.40664102290933013,0.0
UGC02020,Scd:,Mathewson96,81.13472631752856,12.523448883717547,2.378130109483692e-11,6.479733089051897e-12,0.34496222693044615,0.0
UGC02020,Scd:,Mathewson96,81.13472631752856,13.162071238455384,4.1240874676223865e-11,5.6628969872540134e-12,0.37003537316808144,0.0
UGC02020,Scd:,Mathewson96,81.13472631752856,13.80069359319322,2.7177232598669886e-11,5.680580036578266e-12,0.35749870926787947,0.0
UGC02020,Scd:,Mathewson96,81.13472631752856,14.439315947931059,1.4652937522945294e-11,4.929406721497439e-12,0.3826554520147804,0.0
UGC02020,Scd:,Mathewson96,81.13472631752856,15.077938302668896,3.5923281104293547e-11,5.258150495754363e-12,0.33514667463241987,0.0
UGC02134,Sb,Courteau97,66.08518165467851,0.1907292348192859,2.2916357676192065e-10,3.635033979495235e-11,0.4457679638724979,0.0
UGC02134,Sb,Courteau97,66.08518165467851,0.6314587157297651,5.884087082445538e-10,1.0750074062160961e-10,0.5246074764149002,0.0
UGC02134,Sb,Courteau97,66.08518165467851,1.105052752527089,6.090581796391613e-10,1.4888509548484642e-10,0.47028606746573,0.0
UGC02134,Sb,Courteau97,66.08518165467851,1.578646789324413,5.028946628889865e-10,1.6379333230097488e-10,0.403224628781106,0.0
UGC02134,Sb,Courteau97,66.08518165467851,2.05094920602138,2.96603520026595e-10,1.5754228479455925e-10,0.4073821965890185,0.0
UGC02134,Sb,Courteau97,66.08518165467851,2.495553547232929,2.464467760768499e-10,1.3846526327772705e-10,0.42115793583843714,0.0
UGC02134,Sb,Courteau97,66.08518165467851,2.9929707992146026,3.4581479397573433e-10,1.2287274647431972e-10,0.4390850533162563,0.0
UGC02134,Sb,Courteau97,66.08518165467851,3.387632496545706,2.3571934567997443e-10,1.0998017130768947e-10,0.4254479387264249,0.0
UGC02134,Sb,Courteau97,66.08518165467851,3.7822941938768095,1.8351643046144704e-10,1.0223366024151486e-10,0.4279397794904017,0.0
UGC02134,Sb,Courteau97,66.08518165467851,4.219651111191913,1.7747193268135075e-10,9.970293952319882e-11,0.4374651758617865,0.0
UGC02134,Sb,Courteau97,66.08518165467851,4.772177487455458,1.3565778890020227e-10,9.107073147962214e-11,0.475023774641272,0.0
UGC02134,Sb,Courteau97,66.08518165467851,5.2095344047705625,1.203745250363364e-10,9.881328598039559e-11,0.4240472094478043,0.0
UGC02134,Sb,Courteau97,66.08518165467851,5.683128441567885,1.314781906175206e-10,1.0623123008869558e-10,0.3664415165149453,0.0
UGC02134,Sb,Courteau97,66.08518165467851,6.0777901388989894,1.183729580197455e-10,8.840975331625789e-11,0.3037009743269169,0.0
UGC02134,Sb,Courteau97,66.08518165467851,6.465993735728311,1.274740572455133e-10,7.31558841377768e-11,0.4712953596667631,0.0
UGC02134,Sb,Courteau97,66.08518165467851,6.946045873027416,1.1814786790861723e-10,9.865794403451711e-11,0.3173465290838537,0.0
UGC02134,Sb,Courteau97,66.08518165467851,7.419639909824741,9.863989173531524e-11,9.902560928601587e-11,0.23245804554738927,0.0
UGC02134,Sb,Courteau97,66.08518165467851,7.850538726638063,1.28885003529299e-10,6.506704781549297e-11,0.41886181847482257,0.0
UGC02134,Sb,Courteau97,66.08518165467851,8.360369882917608,1.3377424225904908e-10,9.118820863722952e-11,0.23365874005363169,0.0
UGC02134,Sb,Courteau97,66.08518165467851,8.689015441786053,4.809177336905632e-11,5.776199873301374e-11,0.40191514564672326,0.0
UGC02134,Sb,Courteau97,66.08518165467851,9.004744799650934,5.824857167555418e-11,9.012426110276076e-11,0.15969639642613995,0.0
UGC02151,SAc,Courteau97,68.39466550012922,0.7355860024725475,1.4008741598741384e-10,4.029559385529598e-11,0.7438675933902558,0.0
UGC02151,SAc,Courteau97,68.39466550012922,1.9181174163333572,2.337282751263414e-10,9.455952750026345e-11,0.6183260081759057,0.0
UGC02151,SAc,Courteau97,68.39466550012922,3.1179896408988435,3.5962273789274245e-10,1.0248590547921292e-10,0.589940365386978,0.0
UGC02151,SAc,Courteau97,68.39466550012922,4.265839433350301,3.080177088157377e-10,1.1104462242127541e-10,0.5109151481713934,0.0
UGC02151,SAc,Courteau97,68.39466550012922,5.5378718056868586,2.465093179036693e-10,7.655018538066886e-11,0.6116414025095729,0.0
UGC02151,SAc,Courteau97,68.39466550012922,6.809904178023416,2.2305492682795026e-10,8.148059351391979e-11,0.5229415315496725,0.0
UGC02151,SAc,Courteau97,68.39466550012922,7.957753970474874,1.9866231659047627e-10,7.773543543134239e-11,0.5566301030159769,0.0
UGC02151,SAc,Courteau97,68.39466550012922,9.229786342811432,1.7277841803221041e-10,1.199620894123123e-10,0.3111235290822413,0.0
UGC02151,SAc,Courteau97,68.39466550012922,10.501818715147987,1.2829266130518587e-10,8.015846226556026e-11,0.4435444761814893,0.0
UGC02151,SAc,Courteau97,68.39466550012922,11.637921506799506,1.0706841562844385e-10,6.232701393785222e-11,0.49980023681282054,0.0
UGC02151,SAc,Courteau97,68.39466550012922,13.022389458221218,9.961268722129699e-11,3.881637579989867e-11,0.6254479888925525,0.0
UGC02151,SAc,Courteau97,68.39466550012922,14.406857409642933,1.0629192957099105e-10,2.3823064741766553e-11,0.7339569970957386,0.0
UGC02151,SAc,Courteau97,68.39466550012922,16.38287075849029,9.584336534550031e-11,8.931270028522572e-11,0.23506893878589455,0.0
UGC02151,SAc,Courteau97,68.39466550012922,17.637282629626934,1.1423669753342366e-10,1.5371019353937082e-11,0.7785684819533842,0.0
UGC02151,SAc,Courteau97,68.39466550012922,24.328877728165224,5.431885112405112e-11,4.387111985208229e-11,0.2296608763708062,0.0
UGC02176,Sb,Courteau97,73.47690630649483,0.3642651879863282,1.4469909419673856e-10,2.292104820605872e-11,0.6572133462618187,0.0
UGC02176,Sb,Courteau97,73.47690630649483,1.0927955639589848,2.461051908223033e-10,5.7143086710389845e-11,0.6023743910816735,0.0
UGC02176,Sb,Courteau97,73.47690630649483,1.821325939931641,2.786196355438058e-10,7.655526396493714e-11,0.5149735005167038,0.0
UGC02176,Sb,Courteau97,73.47690630649483,2.549856315904298,2.2191716951117615e-10,8.801105820905659e-11,0.47006486053709784,0.0
UGC02176,Sb,Courteau97,73.47690630649483,3.2783866918769538,2.1376064351703013e-10,8.653654154544427e-11,0.40198412824331137,0.0
UGC02176,Sb,Courteau97,73.47690630649483,4.006917067849611,1.996614842300914e-10,9.09828921442299e-11,0.3378376512111492,0.0
UGC02176,Sb,Courteau97,73.47690630649483,4.735447443822268,1.565362101581375e-10,7.704753936146417e-11,0.32967409927156816,0.0
UGC02176,Sb,Courteau97,73.47690630649483,5.463977819794924,1.4176411159525684e-10,8.189240029779636e-11,0.25686000364071027,0.0
UGC02176,Sb,Courteau97,73.47690630649483,6.19250819576758,1.1223420644162588e-10,5.6377125541898354e-11,0.33250985341822925,0.0
UGC02176,Sb,Courteau97,73.47690630649483,6.921038571740237,9.669785336040246e-11,4.452535772363199e-11,0.3498195570323521,0.0
UGC02176,Sb,Courteau97,73.47690630649483,7.646404623857658,9.600749994174997e-11,3.9206139435341564e-11,0.33608137845810504,0.0
UGC02176,Sb,Courteau97,73.47690630649483,8.378099323685548,1.2570897746760315e-10,3.379676042081192e-11,0.36216087553154697,0.0
UGC02176,Sb,Courteau97,73.47690630649483,8.98520797032943,9.886188570923265e-11,3.611432429208634e-11,0.297975692613854,0.0
UGC02176,Sb,Courteau97,73.47690630649483,10.09382515356459,7.384578333536276e-11,2.6676875700610205e-11,0.3481259392878254,0.0
UGC02176,Sb,Courteau97,73.47690630649483,10.518286083727244,7.878586165328146e-11,3.639374005842305e-11,0.1785480813459292,0.0
UGC02176,Sb,Courteau97,73.47690630649483,11.186620717523574,7.905699249993694e-11,2.2899668573864656e-11,0.32674988758659745,0.0
UGC02176,Sb,Courteau97,73.47690630649483,11.793729364167453,6.115129389440744e-11,2.7916482342578124e-11,0.19357922769041627,0.0
UGC02176,Sb,Courteau97,73.47690630649483,12.279416281482558,6.576064392037572e-11,2.0871085891981015e-11,0.29317341873443625,0.0
UGC02176,Sb,Courteau97,73.47690630649483,14.069098982861851,6.284696362657491e-11,2.094183874150457e-11,0.17690240058162113,0.0
UGC02176,Sb,Courteau97,73.47690630649483,14.43336417084818,6.41705499504349e-11,1.759815677912652e-11,0.2275905557611591,0.0
UGC02405,Scd:,Courteau97,70.67219511390253,0.36480664271689334,1.169004614058061e-10,1.8246025868547755e-11,0.690850635503088,0.0
UGC02405,Scd:,Courteau97,70.67219511390253,1.2132647225656317,2.970121944317784e-10,5.165974455997106e-11,0.6109965191937576,0.0
UGC02405,Scd:,Courteau97,70.67219511390253,1.9715551741691513,3.178113599535629e-10,6.29569768999309e-11,0.5674011891547883,0.0
UGC02405,Scd:,Courteau97,70.67219511390253,2.7298456257726706,2.503538679534904e-10,6.108768658442658e-11,0.5536315291690852,0.0
UGC02405,Scd:,Courteau97,70.67219511390253,3.4881360773761907,1.8307046882325043e-10,6.39137182379446e-11,0.5327636382591792,0.0
UGC02405,Scd:,Courteau97,70.67219511390253,4.24642652897971,1.8016972875819228e-10,5.920272777107513e-11,0.5414824673987907,0.0
UGC02405,Scd:,Courteau97,70.67219511390253,5.004716980583231,1.5860498618409731e-10,5.96335410276444e-11,0.488059753198712,0.0
UGC02405,Scd:,Courteau97,70.67219511390253,5.76300743218675,1.4407874636563675e-10,4.28938173009464e-11,0.6157690602031972,0.0
UGC02405,Scd:,Courteau97,70.67219511390253,6.52129788379027,1.4432771223308854e-10,3.671069569487936e-11,0.6108799884830596,0.0
UGC02405,Scd:,Courteau97,70.67219511390253,7.27958833539379,1.376270191469971e-10,6.122338448556316e-11,0.3777983075744326,0.0
UGC02405,Scd:,Courteau97,70.67219511390253,8.189536877318014,1.3690153627490282e-10,7.269955565846123e-11,0.33971502172608026,0.0
UGC02405,Scd:,Courteau97,70.67219511390253,8.947827328921534,1.3731224794194262e-10,7.66590514135294e-11,0.27802845050154007,0.0
UGC02405,Scd:,Courteau97,70.67219511390253,9.706117780525053,1.2000662632935257e-10,6.524269290653234e-11,0.24592750131050556,0.0
UGC02405,Scd:,Courteau97,70.67219511390253,10.516339638814147,9.818552589709837e-11,3.2100316025021896e-11,0.5167126407847978,0.0
UGC02405,Scd:,Courteau97,70.67219511390253,11.222698683732093,1.0673827357825664e-10,4.256897121962103e-11,0.3727738284784136,0.0
UGC02405,Scd:,Courteau97,70.67219511390253,11.980989135335612,9.831792500494955e-11,5.420772159961198e-11,0.2343133792850214,0.0
UGC02405,Scd:,Courteau97,70.67219511390253,12.739279586939132,1.0936139163426129e-10,2.360560351863026e-11,0.5274169384315976,0.0
UGC02405,Scd:,Courteau97,70.67219511390253,13.497570038542651,8.301833393277672e-11,3.6168629369446565e-11,0.31661758395145695,0.0
UGC02405,Scd:,Courteau97,70.67219511390253,14.255860490146171,8.336430799303173e-11,4.921622981610354e-11,0.15387569389649455,0.0
UGC02405,Scd:,Courteau97,70.67219511390253,14.962219535064117,8.852879810971096e-11,3.015977115056308e-11,0.31303520600721463,0.0
UGC02405,Scd:,Courteau97,70.67219511390253,15.464989082975785,8.334792814070864e-11,2.229276917011532e-11,0.4103226150681945,0.0
UGC04154,Sd,Courteau97,67.00935561260901,0.4414913969893099,6.284267144606267e-11,8.008354991480617e-12,0.7325045530850186,0.0
UGC04154,Sd,Courteau97,67.00935561260901,0.9156858604222724,2.6976820244294316e-11,1.494105939811565e-11,0.6962189233296175,0.0
UGC04154,Sd,Courteau97,67.00935561260901,1.349001490800669,5.220530264807629e-11,2.0122040597721256e-11,0.6508252797487392,0.0
UGC04154,Sd,Courteau97,67.00935561260901,1.7169109882917608,6.951748879138035e-11,2.2870454268028107e-11,0.6142772102102889,0.0
UGC04154,Sd,Courteau97,67.00935561260901,2.060293185950113,1.363236966637126e-10,2.4698010680236637e-11,0.5999311700219286,0.0
UGC04154,Sd,Courteau97,67.00935561260901,2.5017845829394227,9.005099899669818e-11,2.625799821222892e-11,0.5811472838112512,0.0
UGC04154,Sd,Courteau97,67.00935561260901,2.8696940804305138,9.932062912994376e-11,2.8611278168011924e-11,0.5498743705272445,0.0
UGC04154,Sd,Courteau97,67.00935561260901,3.2376035779216057,1.3052721913645256e-10,2.8935630594220525e-11,0.5518307442232863,0.0
UGC04154,Sd,Courteau97,67.00935561260901,3.6055130754126976,1.3620023500269396e-10,2.799563870974693e-11,0.5549804795767211,0.0
UGC04154,Sd,Courteau97,67.00935561260901,4.047004472402007,8.746030241030922e-11,2.6797646326692733e-11,0.5393567391570674,0.0
UGC04154,Sd,Courteau97,67.00935561260901,4.349507837005794,1.0025845791036384e-10,3.068436666327401e-11,0.5013114585067613,0.0
UGC04154,Sd,Courteau97,67.00935561260901,4.7337688677187115,8.552895932551924e-11,3.428067052338281e-11,0.4410134182102775,0.0
UGC04154,Sd,Courteau97,67.00935561260901,5.2243148643735005,8.376690453481197e-11,3.3781964015847994e-11,0.4173868134823392,0.0
UGC04154,Sd,Courteau97,67.00935561260901,5.5922243618645915,8.415319905230914e-11,3.727111534810031e-11,0.3279620442784804,0.0
UGC04154,Sd,Courteau97,67.00935561260901,5.9601338593556825,4.277847291014203e-11,2.5808198624633852e-11,0.4498055097666427,0.0
UGC04154,Sd,Courteau97,67.00935561260901,6.303516057014035,6.324884232070099e-11,3.3438754652324364e-11,0.34281898689854307,0.0
UGC04154,Sd,Courteau97,67.00935561260901,6.671425554505127,9.635745153895466e-11,2.936219252127824e-11,0.29362583353988636,0.0
UGC04154,Sd,Courteau97,67.00935561260901,7.039335051996218,6.739400031249618e-11,2.5753435343064788e-11,0.3904559140648555,0.0
UGC04154,Sd,Courteau97,67.00935561260901,7.40724454948731,4.8339930228215457e-11,3.05211994135736e-11,0.2626681130355094,0.0
UGC04154,Sd,Courteau97,67.00935561260901,7.652517547814704,3.74417882208178e-11,2.6713046365887134e-11,0.3321343017793349,0.0
UGC04232,Sbc,Courteau97,75.39229377985123,0.27851271199670324,8.134022623306593e-12,4.540293447161248e-12,0.6623486462659185,0.0
UGC04232,Sbc,Courteau97,75.39229377985123,0.8100785251981674,1.1649742921533705e-11,1.105325812663525e-11,0.6364149657321063,0.0
UGC04232,Sbc,Courteau97,75.39229377985123,1.27298053959712,2.1248264492448627e-11,1.51615505359846e-11,0.5967533504052324,0.0
UGC04232,Sbc,Courteau97,75.39229377985123,1.804546352798584,2.034448964956198e-11,1.7305592196501948e-11,0.5780305386895218,0.0
UGC04232,Sbc,Courteau97,75.39229377985123,2.361571776791991,1.995219043961047e-11,1.771703550186916e-11,0.5592314208540209,0.0
UGC04232,Sbc,Courteau97,75.39229377985123,2.893137589993455,2.6062056906278656e-11,1.8742062642691434e-11,0.5341451580220788,0.0
UGC04232,Sbc,Courteau97,75.39229377985123,3.395900611187873,3.5302323662967167e-11,1.747550414301401e-11,0.5198738464278739,0.0
UGC04232,Sbc,Courteau97,75.39229377985123,3.8588026255868257,2.7038757706025337e-11,1.9453877822270436e-11,0.4911956462352301,0.0
UGC04232,Sbc,Courteau97,75.39229377985123,4.401426653576709,3.369161623502652e-11,1.6403706916103036e-11,0.5416823437448204,0.0
UGC04232,Sbc,Courteau97,75.39229377985123,4.9800541715754,3.659870985399258e-11,1.5194239238541055e-11,0.5107934342289603,0.0
UGC04232,Sbc,Courteau97,75.39229377985123,5.401809340250002,5.7291006532545485e-11,1.3387086589543478e-11,0.5668830268174969,0.0
UGC04232,Sbc,Courteau97,75.39229377985123,5.941861690382113,3.417531735119591e-11,1.2065291063602359e-11,0.5841473581892391,0.0
UGC04232,Sbc,Courteau97,75.39229377985123,6.527689906382565,3.4221804000741606e-11,1.1204643370300629e-11,0.5942811724118804,0.0
UGC04232,Sbc,Courteau97,75.39229377985123,7.05925571958403,4.894469846338367e-11,1.3811682397886315e-11,0.5121308795272769,0.0
UGC04232,Sbc,Courteau97,75.39229377985123,7.522157733982983,3.3649544151467494e-11,2.0408178559704994e-11,0.3337892937965658,0.0
UGC04232,Sbc,Courteau97,75.39229377985123,8.053723547184447,4.08557504561294e-11,1.2650679059704721e-11,0.4443271343060932,0.0
UGC04232,Sbc,Courteau97,75.39229377985123,8.675555253193707,2.8221253721350324e-11,1.1178054745312747e-11,0.5133496578182987,0.0
UGC04232,Sbc,Courteau97,75.39229377985123,9.13845726759266,2.6427208777111894e-11,1.90156038442013e-11,0.2714388684420574,0.0
UGC04232,Sbc,Courteau97,75.39229377985123,9.601359281991613,3.827720759167061e-11,9.96231580524075e-12,0.506935766952756,0.0
UGC04232,Sbc,Courteau97,75.39229377985123,10.179986799990303,3.359982618536963e-11,1.5598268528545462e-11,0.28410590926824747,0.0
UGC04301,Sbc,Courteau97,68.93456775843754,0.34069632075243017,2.342585391536123e-11,1.4299612484231156e-11,0.7206222587337352,0.0
UGC04301,Sbc,Courteau97,68.93456775843754,0.9866919419193756,7.931983963510413e-11,3.6605386432259956e-11,0.6602591532308961,0.0
UGC04301,Sbc,Courteau97,68.93456775843754,1.721180113931108,2.2229673376778937e-10,5.3194192997460894e-11,0.592090471588578,0.0
UGC04301,Sbc,Courteau97,68.93456775843754,2.3892988728092504,2.0636457625486136e-10,5.530790248091162e-11,0.564866030078136,0.0
UGC04301,Sbc,Courteau97,68.93456775843754,3.052993004145153,1.4501611972505125e-10,5.7003239441959906e-11,0.5567535017635982,0.0
UGC04301,Sbc,Courteau97,68.93456775843754,3.7919058036991253,1.4051789780013164e-10,4.9303316467663505e-11,0.5927531572753635,0.0
UGC04301,Sbc,Courteau97,68.93456775843754,4.437901424866071,1.7632121572122255e-10,6.179194354849551e-11,0.4961808500761672,0.0
UGC04301,Sbc,Courteau97,68.93456775843754,5.176814224420043,1.5456471472567826e-10,4.332415471049295e-11,0.5708946240230646,0.0
UGC04301,Sbc,Courteau97,68.93456775843754,5.840508355755945,1.2107619061664158e-10,6.766904547972232e-11,0.39465711241048895,0.0
UGC04301,Sbc,Courteau97,68.93456775843754,6.504202487091848,1.2834229455874627e-10,7.394378502707497e-11,0.3574215617337082,0.0
UGC04301,Sbc,Courteau97,68.93456775843754,7.167896618427751,1.0222310439843855e-10,7.539286927401648e-11,0.31324372657000593,0.0
UGC04301,Sbc,Courteau97,68.93456775843754,7.831590749763653,1.0196572270835146e-10,7.504603242632509e-11,0.261895195105503,0.0
UGC04301,Sbc,Courteau97,68.93456775843754,8.570503549317625,1.0002336862150721e-10,6.967547868310153e-11,0.2298908929167658,0.0
UGC04301,Sbc,Courteau97,68.93456775843754,9.216499170484571,1.0577437644329702e-10,3.766903902282171e-11,0.4187906667813439,0.0
UGC04301,Sbc,Courteau97,68.93456775843754,9.97753510774974,1.5298648650667271e-10,3.289249218531768e-11,0.46072473264984,0.0
UGC04301,Sbc,Courteau97,68.93456775843754,10.641229239085643,1.192568099491982e-10,4.6146982298461576e-11,0.26836993376638046,0.0
UGC04301,Sbc,Courteau97,68.93456775843754,11.304923370421546,1.2936484232642555e-10,4.865221813021218e-11,0.1625681701895518,0.0
UGC04301,Sbc,Courteau97,68.93456775843754,11.968617501757448,1.1941891173916194e-10,3.308486824758231e-11,0.32248905529945987,0.0
UGC04301,Sbc,Courteau97,68.93456775843754,12.687619477371342,7.332038014943381e-11,4.319504352679758e-11,0.15507236894271162,0.0
UGC04301,Sbc,Courteau97,68.93456775843754,13.296005764429253,7.003815145083721e-11,2.6116521450518425e-11,0.33401115291360056,0.0
UGC04301,Sbc,Courteau97,68.93456775843754,13.694222243230797,5.832529260740995e-11,3.7651060815712566e-11,0.12183950318534728,0.0
UGC04746,Sbc,Courteau97,65.24000886917071,0.4062659733837539,9.387926938266329e-11,1.0363649312945514e-11,0.7408814521417229,0.0
UGC04746,Sbc,Courteau97,65.24000886917071,1.1487067805008122,1.8138029778500444e-10,2.6612990622489706e-11,0.6765800847915711,0.0
UGC04746,Sbc,Courteau97,65.24000886917071,1.8959078757908518,1.4972518314045434e-10,3.9494847863394836e-11,0.6063360458385694,0.0
UGC04746,Sbc,Courteau97,65.24000886917071,2.7084398225583595,1.5372743195086903e-10,4.394015780337841e-11,0.5511563313642168,0.0
UGC04746,Sbc,Courteau97,65.24000886917071,3.5209717693258678,1.4335739400738509e-10,4.3345601008039315e-11,0.5610445462979872,0.0
UGC04746,Sbc,Courteau97,65.24000886917071,4.268172864615908,1.2142247050577043e-10,4.086308073726123e-11,0.5591305879509888,0.0
UGC04746,Sbc,Courteau97,65.24000886917071,4.940522532082516,1.4891355081783277e-10,5.1538063851301545e-11,0.42855964804805774,0.0
UGC04746,Sbc,Courteau97,65.24000886917071,5.743533902504061,1.4501699253619042e-10,3.212653001855108e-11,0.5821370767815265,0.0
UGC04746,Sbc,Courteau97,65.24000886917071,6.556065849271569,7.449438294007747e-11,5.185156752000781e-11,0.35273184039900685,0.0
UGC04746,Sbc,Courteau97,65.24000886917071,7.256977245776066,9.322598176599723e-11,5.286420704931713e-11,0.32581992929310694,0.0
UGC04746,Sbc,Courteau97,65.24000886917071,8.125319467675078,6.715127430746075e-11,4.4590728731080577e-11,0.3577974859281471,0.0
UGC04746,Sbc,Courteau97,65.24000886917071,8.842235281312874,6.322337678875911e-11,4.725445020458701e-11,0.2873775600923605,0.0
UGC04746,Sbc,Courteau97,65.24000886917071,9.69457308607859,8.69211546176499e-11,4.538330092108132e-11,0.2571714565096784,0.0
UGC04746,Sbc,Courteau97,65.24000886917071,10.507105032846097,8.567262941246613e-11,4.019037592261769e-11,0.22964843088431866,0.0
UGC04746,Sbc,Courteau97,65.24000886917071,11.319636979613605,5.7468841882911777e-11,1.9784475765459074e-11,0.4990007779780437,0.0
UGC04746,Sbc,Courteau97,65.24000886917071,11.861324944125277,3.8924598893273976e-11,3.2560487177632634e-11,0.2545311380411856,0.0
UGC04746,Sbc,Courteau97,65.24000886917071,13.000511148280125,7.259625749400912e-11,2.981178159520668e-11,0.23568295342668633,0.0
UGC04746,Sbc,Courteau97,65.24000886917071,13.75723281991613,1.0660522577865195e-10,1.5779238808477363e-11,0.4681641446744601,0.0
UGC04746,Sbc,Courteau97,65.24000886917071,14.2989207844278,7.082104324896638e-11,2.652849053481311e-11,0.21229101735213757,0.0
UGC04746,Sbc,Courteau97,65.24000886917071,15.101932154849345,6.4340936278625e-11,1.3865879010867194e-11,0.46308674699055574,0.0
UGC04746,Sbc,Courteau97,65.24000886917071,15.493917263714156,8.697292437919687e-11,2.648566888326365e-11,0.16314499843608604,0.0
UGC04895,Sb,Courteau97,70.9418668053613,0.3100254526943495,1.528239097214845e-10,2.9507223698900574e-11,0.7038644325341666,0.0
UGC04895,Sb,Courteau97,70.9418668053613,0.9300763580830484,3.313337068153274e-10,8.291144749687419e-11,0.6554794307772701,0.0
UGC04895,Sb,Courteau97,70.9418668053613,1.5501272634717473,3.906086968330243e-10,1.1922438770822153e-10,0.5829018681463373,0.0
UGC04895,Sb,Courteau97,70.9418668053613,2.1701781688604465,3.4487251023760017e-10,1.454596816075569e-10,0.5192080682323602,0.0
UGC04895,Sb,Courteau97,70.9418668053613,2.705833256571239,3.398412814023448e-10,1.605700137897031e-10,0.47776387914369156,0.0
UGC04895,Sb,Courteau97,70.9418668053613,3.2552672532906697,3.434890661228879e-10,1.6746251804841806e-10,0.433037313978814,0.0
UGC04895,Sb,Courteau97,70.9418668053613,3.875318158679369,2.8619066241600557e-10,1.7096535484994392e-10,0.367275509550263,0.0
UGC04895,Sb,Courteau97,70.9418668053613,4.495369064068068,2.944118658704147e-10,1.3488666641747706e-10,0.4133950589889155,0.0
UGC04895,Sb,Courteau97,70.9418668053613,5.115419969456767,2.747644420653058e-10,1.5221646844860884e-10,0.29090914035593024,0.0
UGC04895,Sb,Courteau97,70.9418668053613,5.735470874845466,2.4385328834977697e-10,1.4608886041589708e-10,0.28631054751627155,0.0
UGC04895,Sb,Courteau97,70.9418668053613,6.355521780234165,2.13873501500713e-10,1.253164071371767e-10,0.298628284354229,0.0
UGC04895,Sb,Courteau97,70.9418668053613,6.975572685622863,2.0356734818493967e-10,1.1640247807420827e-10,0.2775303726389221,0.0
UGC04895,Sb,Courteau97,70.9418668053613,7.595623591011563,2.0060904984224247e-10,1.1432825460174971e-10,0.23087641324402783,0.0
UGC04895,Sb,Courteau97,70.9418668053613,8.215674496400261,2.1350989643282692e-10,9.991298253349336e-11,0.20054455762624454,0.0
UGC04895,Sb,Courteau97,70.9418668053613,8.83572540178896,1.8765215509741148e-10,6.171216025361478e-11,0.38742318731256475,0.0
UGC04895,Sb,Courteau97,70.9418668053613,9.45577630717766,1.5580450345916435e-10,6.975102831405272e-11,0.29299190746485443,0.0
UGC04895,Sb,Courteau97,70.9418668053613,10.075827212566358,1.616070776090737e-10,8.143739434511742e-11,0.1824165008081873,0.0
UGC04895,Sb,Courteau97,70.9418668053613,10.540865391607882,1.330406174608403e-10,5.2448500600991975e-11,0.3395910510969027,0.0
UGC04895,Sb,Courteau97,70.9418668053613,11.527779749351563,1.3211714211727182e-10,4.931871274389924e-11,0.29526030703533357,0.0
UGC04895,Sb,Courteau97,70.9418668053613,12.034154655419,8.21090155860637e-11,6.209723100712834e-11,0.14488070814678888,0.0
UGC04895,Sb,Courteau97,70.9418668053613,12.147830654740261,1.2236238535874762e-10,6.318126394905735e-11,0.15283567949169846,0.0
UGC04900,Sbc,Courteau97,59.49968489285791,0.2708926187186387,9.166610412434464e-12,7.0581958840802265e-12,0.7133349550619894,0.0
UGC04900,Sbc,Courteau97,59.49968489285791,0.8753115131505588,7.624076511856061e-11,1.9781793971358878e-11,0.6782736182216285,0.0
UGC04900,Sbc,Courteau97,59.49968489285791,1.4899094029525126,1.3633676974216377e-10,2.928705120314187e-11,0.6344352123763117,0.0
UGC04900,Sbc,Courteau97,59.49968489285791,2.03169464038979,9.243713949649577e-11,3.6487706232329645e-11,0.5647887611058844,0.0
UGC04900,Sbc,Courteau97,59.49968489285791,2.5734798778270673,8.774586560706437e-11,4.2290523280308634e-11,0.5297300429168047,0.0
UGC04900,Sbc,Courteau97,59.49968489285791,3.1152651152643447,6.701938650240073e-11,4.3575844490967377e-11,0.5025628211220249,0.0
UGC04900,Sbc,Courteau97,59.49968489285791,3.6570503527016225,8.501847926804656e-11,4.1197291470618274e-11,0.4642465146185023,0.0
UGC04900,Sbc,Courteau97,59.49968489285791,4.198835590138899,7.694360429397063e-11,4.20290946022958e-11,0.47536447376096475,0.0
UGC04900,Sbc,Courteau97,59.49968489285791,4.740620827576177,6.221578117726471e-11,3.559827556949579e-11,0.494979144599781,0.0
UGC04900,Sbc,Courteau97,59.49968489285791,5.355218717378131,7.036319332376919e-11,3.8748970078166256e-11,0.3762664273078216,0.0
UGC04900,Sbc,Courteau97,59.49968489285791,5.9596376118100505,5.5906662987599894e-11,3.9878216681679006e-11,0.3590121313997103,0.0
UGC04900,Sbc,Courteau97,59.49968489285791,6.425217198425973,2.636354160405992e-11,2.807458363188206e-11,0.44923034330078343,0.0
UGC04900,Sbc,Courteau97,59.49968489285791,7.132069074491553,4.1124697638508095e-11,2.911424840791771e-11,0.37261124514954197,0.0
UGC04900,Sbc,Courteau97,59.49968489285791,7.7204396334812015,5.31496668040238e-11,1.9434715586690495e-11,0.5422059373731363,0.0
UGC04900,Sbc,Courteau97,59.49968489285791,8.26222487091848,6.421979851746971e-11,2.2464583431503612e-11,0.4759892082132349,0.0
UGC04900,Sbc,Courteau97,59.49968489285791,8.772953227320842,2.828528230835499e-11,2.8325210821205733e-11,0.35492815046782733,0.0
UGC04900,Sbc,Courteau97,59.49968489285791,10.387090154413013,1.6058132908577264e-11,1.2878527370865023e-11,0.5552283616052114,0.0
UGC04900,Sbc,Courteau97,59.49968489285791,10.92887539185029,3.7247545158752663e-11,1.408456382194154e-11,0.5379572268128986,0.0
UGC04900,Sbc,Courteau97,59.49968489285791,11.33521431992825,4.943785549226324e-11,7.041846093359544e-12,0.7349374025174357,0.0
UGC05185,Spiral,Courteau97,70.96375756000262,0.3874694204057887,7.543971331822575e-11,1.6163333849432427e-11,0.7954393067416,0.0
UGC05185,Spiral,Courteau97,70.96375756000262,1.0320776379899643,1.963291149534409e-12,4.117502953493058e-11,0.7313099283598354,0.0
UGC05185,Spiral,Courteau97,70.96375756000262,2.648881855865028,2.2197388492863145e-10,7.232597689324355e-11,0.6415275851072815,0.0
UGC05185,Spiral,Courteau97,70.96375756000262,3.423820696676605,2.400248995222869e-10,7.848305445269684e-11,0.6415034085864767,0.0
UGC05185,Spiral,Courteau97,70.96375756000262,4.4558983346665695,2.488551136639547e-10,9.89964791974666e-11,0.5527241941004771,0.0
UGC05185,Spiral,Courteau97,70.96375756000262,5.52813189440768,2.6458198727168274e-10,7.240733309705307e-11,0.6333310627479293,0.0
UGC05185,Spiral,Courteau97,70.96375756000262,6.483420138171769,2.524163262567191e-10,1.1250269519356887e-10,0.45492352319136786,0.0
UGC05185,Spiral,Courteau97,70.96375756000262,7.465478996436621,2.2611687893996685e-10,4.3043164551356596e-11,0.7297953139393245,0.0
UGC05185,Spiral,Courteau97,70.96375756000262,8.420767240200712,1.9379442985697085e-10,7.639633106403443e-11,0.4206784462124564,0.0
UGC05185,Spiral,Courteau97,70.96375756000262,9.493000799941822,1.8015058804924232e-10,1.1336039549823324e-10,0.36265364400089556,0.0
UGC05185,Spiral,Courteau97,70.96375756000262,10.461674350956294,1.6235716698349304e-10,1.0559212438241726e-10,0.3631618500934822,0.0
UGC05185,Spiral,Courteau97,70.96375756000262,11.558917300559958,1.4972338486349487e-10,9.407485737229755e-11,0.3747456661380498,0.0
UGC05185,Spiral,Courteau97,70.96375756000262,12.464186764598937,1.6193018506631088e-10,1.1575877303466124e-10,0.268715072088965,0.0
UGC05185,Spiral,Courteau97,70.96375756000262,13.475716781809808,1.4020586163456352e-10,1.9863639636527233e-11,0.7911790526834594,0.0
UGC05185,Spiral,Courteau97,70.96375756000262,14.079229757835792,1.2652960624788214e-10,7.875684745439048e-11,0.3676497738360515,0.0
UGC05185,Spiral,Courteau97,70.96375756000262,15.56218090320704,1.2087247983276228e-10,6.795700673952998e-11,0.37571159478904503,0.0
UGC05185,Spiral,Courteau97,70.96375756000262,16.377275665769762,1.211496173001868e-10,3.884763237488598e-11,0.5023601804929704,0.0
UGC05185,Spiral,Courteau97,70.96375756000262,17.372719831284996,9.75044509351348e-11,4.6296782203224474e-11,0.468342967010663,0.0
UGC05185,Spiral,Courteau97,70.96375756000262,18.34139338229947,1.0960527412449708e-10,9.886226509608295e-11,0.16625124135580338,0.0
UGC05185,Spiral,Courteau97,70.96375756000262,19.31006693331394,1.3792824658778401e-10,3.298300330230274e-11,0.5463691561500048,0.0
UGC05185,Spiral,Courteau97,70.96375756000262,19.891271063922623,1.2740200383975797e-10,6.834968605691873e-11,0.13961430924775148,0.0
UGC05359,SABb,Courteau97,73.09504879588401,1.0172175851453227,3.6850302316825084e-11,2.0943786704577232e-11,0.761088854576416,0.0
UGC05359,SABb,Courteau97,73.09504879588401,1.831461499721232,1.8373108560654184e-10,3.354624535206e-11,0.6891025192200013,0.0
UGC05359,SABb,Courteau97,73.09504879588401,2.9071749690931568,2.194545851717596e-10,4.412362599969488e-11,0.6359544941309142,0.0
UGC05359,SABb,Courteau97,73.09504879588401,4.0700449567304195,2.1508072332299418e-10,5.747177137272543e-11,0.5693130997958605,0.0
UGC05359,SABb,Courteau97,73.09504879588401,5.111929481007441,2.0733456865659102e-10,4.409926950034388e-11,0.618064909088929,0.0
UGC05359,SABb,Courteau97,73.09504879588401,6.379731844633521,2.1808402905634013e-10,6.881306644163689e-11,0.3805698988576853,0.0
UGC05359,SABb,Courteau97,73.09504879588401,7.6068141817564765,1.5093424016749858e-10,3.959623572288217e-11,0.5226468904955109,0.0
UGC05359,SABb,Courteau97,73.09504879588401,8.76968416939374,1.3182412605760094e-10,5.149745706818863e-11,0.4319571480243233,0.0
UGC05359,SABb,Courteau97,73.09504879588401,10.030047297408672,1.2577519234733593e-10,2.015184210654943e-11,0.6989761092871,0.0
UGC05359,SABb,Courteau97,73.09504879588401,11.047264882553995,1.1910574580676976e-10,1.7507912495128174e-11,0.7125673626918974,0.0
UGC05359,SABb,Courteau97,73.09504879588401,12.210134870191256,1.179589585958376e-10,1.501325138696616e-11,0.7221218062936476,0.0
UGC05359,SABb,Courteau97,73.09504879588401,13.25201939446828,1.0923647284082119e-10,1.6979420367930812e-11,0.6772951353803313,0.0
UGC05359,SABb,Courteau97,73.09504879588401,14.48771558335151,1.1955713861084728e-10,2.1802885829270907e-11,0.5580855768611352,0.0
UGC05359,SABb,Courteau97,73.09504879588401,15.650585570988774,9.877597481573619e-11,3.2018223917063025e-11,0.3531448009013649,0.0
UGC05359,SABb,Courteau97,73.09504879588401,16.813455558626035,8.518903249354769e-11,4.134019736963668e-11,0.21430450019950487,0.0
UGC05359,SABb,Courteau97,73.09504879588401,19.2355140581291,9.092644017253381e-11,2.10354062586508e-11,0.370905538137992,0.0
UGC05359,SABb,Courteau97,73.09504879588401,22.72412402104089,6.024147000854878e-11,2.046471186199467e-11,0.24903955165408426,0.0
UGC05359,SABb,Courteau97,73.09504879588401,23.11174735025331,4.466487227934683e-11,1.7170461536780384e-11,0.3120336191107618,0.0
UGC05396,Scd:,Courteau97,74.88195664276769,0.3607163260853757,1.2450894851261464e-11,7.52263371746703e-12,0.7390513777388691,0.0
UGC05396,Scd:,Courteau97,74.88195664276769,1.082148978256127,1.4559100696579906e-11,1.811165382768415e-11,0.7097105824910266,0.0
UGC05396,Scd:,Courteau97,74.88195664276769,1.7472515859695055,3.4719736705847744e-11,2.2214067366347138e-11,0.6905352081838937,0.0
UGC05396,Scd:,Courteau97,74.88195664276769,2.404775507235838,5.851261377424533e-11,2.412858392528099e-11,0.6686347781106065,0.0
UGC05396,Scd:,Courteau97,74.88195664276769,3.1262081594065894,5.591508368390704e-11,2.4506732135628978e-11,0.6860212847479256,0.0
UGC05396,Scd:,Courteau97,74.88195664276769,3.7837320806729218,9.326353041320115e-11,2.6170119566625828e-11,0.6719788616041291,0.0
UGC05396,Scd:,Courteau97,74.88195664276769,4.4488346883863,8.861898600412981e-11,3.8398614386734614e-11,0.5509776599146992,0.0
UGC05396,Scd:,Courteau97,74.88195664276769,5.170267340557051,8.094413087583389e-11,2.961009697475025e-11,0.5824022566880522,0.0
UGC05396,Scd:,Courteau97,74.88195664276769,5.891699992727802,9.30806751950993e-11,4.7003706902522193e-11,0.4332820405615503,0.0
UGC05396,Scd:,Courteau97,74.88195664276769,6.556802600441182,8.466132196055196e-11,4.3274731980220484e-11,0.4471570793277747,0.0
UGC05396,Scd:,Courteau97,74.88195664276769,7.214326521707513,8.276765379350691e-11,4.336034229127636e-11,0.4187010902832135,0.0
UGC05396,Scd:,Courteau97,74.88195664276769,7.935759173878265,1.0024381606896593e-10,4.368356495068118e-11,0.3829514995303452,0.0
UGC05396,Scd:,Courteau97,74.88195664276769,8.557539386468864,1.0381612396034984e-10,5.16075413794136e-11,0.26839665613637764,0.0
UGC05396,Scd:,Courteau97,74.88195664276769,9.258385702857977,8.913688024895126e-11,3.586446439619339e-11,0.25176600440850627,0.0
UGC05396,Scd:,Courteau97,74.88195664276769,9.979818355028728,7.849043317490503e-11,2.3283347106619108e-11,0.5102552308029097,0.0
UGC05396,Scd:,Courteau97,74.88195664276769,10.680664671417839,8.313052269702967e-11,3.490728701937976e-11,0.2840674607647398,0.0
UGC05396,Scd:,Courteau97,74.88195664276769,11.38151098780695,9.2306407889086e-11,3.998433154973262e-11,0.17690889278772723,0.0
UGC05396,Scd:,Courteau97,74.88195664276769,12.102943639977703,6.362173427483253e-11,2.0639818815330492e-11,0.41159362474632394,0.0
UGC05396,Scd:,Courteau97,74.88195664276769,12.944615067510245,7.252526924948872e-11,2.51594147009841e-11,0.2570990417803835,0.0
UGC05396,Scd:,Courteau97,74.88195664276769,13.425570168957412,7.85645839652303e-11,1.7551133653296855e-11,0.39286507116277974,0.0
UGC05396,Scd:,Courteau97,74.88195664276769,13.78628649504279,7.401896379157324e-11,2.830574671952416e-11,0.16665922899692973,0.0
UGC05424,Scd:,Courteau97,74.20176689392983,0.33623211564411476,7.285502266115953e-12,2.7911120283954073e-12,0.8062660248895841,0.0
UGC05424,Scd:,Courteau97,74.20176689392983,1.217886214335927,6.979130983103385e-11,9.736034806428918e-12,0.7168040550753306,0.0
UGC05424,Scd:,Courteau97,74.20176689392983,2.0995403130277395,1.2616652597597706e-10,1.4348329157267429e-11,0.6752992739781688,0.0
UGC05424,Scd:,Courteau97,74.20176689392983,2.772004544315969,7.493805578015571e-11,1.57522725480706e-11,0.6603705176748244,0.0
UGC05424,Scd:,Courteau97,74.20176689392983,3.653658643007781,5.792806816784042e-11,1.889755840173008e-11,0.6054121492103988,0.0
UGC05424,Scd:,Courteau97,74.20176689392983,4.384390371609337,8.107974534892394e-11,2.2971926229940464e-11,0.5335554212638444,0.0
UGC05424,Scd:,Courteau97,74.20176689392983,5.115122100210893,8.568071134159342e-11,2.3020220765281462e-11,0.45481911566316013,0.0
UGC05424,Scd:,Courteau97,74.20176689392983,6.089431071679635,6.101443320830231e-11,1.633257994672146e-11,0.5554900863009609,0.0
UGC05424,Scd:,Courteau97,74.20176689392983,6.820162800281191,7.60518296511687e-11,2.138443403964637e-11,0.4079122104890574,0.0
UGC05424,Scd:,Courteau97,74.20176689392983,7.4582396561058175,8.375097162048943e-11,1.7964210127182818e-11,0.41880869846040675,0.0
UGC05424,Scd:,Courteau97,74.20176689392983,8.490816124887886,1.3097340518283815e-10,2.2075120050259627e-11,0.372275632522333,0.0
UGC05424,Scd:,Courteau97,74.20176689392983,9.221547853489442,5.497138632653698e-11,2.378438024964548e-11,0.30981140855124417,0.0
UGC05424,Scd:,Courteau97,74.20176689392983,9.952279582090998,3.3763908997584306e-11,1.7164938755660108e-11,0.32687506778630193,0.0
UGC05424,Scd:,Courteau97,74.20176689392983,10.92658855355974,3.7181420949841746e-11,1.4446865615573514e-11,0.3473734785762814,0.0
UGC05424,Scd:,Courteau97,74.20176689392983,11.482517790221316,4.7295644548504156e-11,1.4768787416135033e-11,0.3757625849586053,0.0
UGC05424,Scd:,Courteau97,74.20176689392983,12.422439386226454,7.447353657350226e-11,1.609065057935947e-11,0.30609853820049,0.0
UGC05424,Scd:,Courteau97,74.20176689392983,13.11878373936441,1.0311033700009019e-10,8.577888074707022e-12,0.5211523134827752,0.0
UGC05424,Scd:,Courteau97,74.20176689392983,14.823824439434707,4.386305453891537e-11,1.4877816362455187e-11,0.2417303685994462,0.0
UGC05424,Scd:,Courteau97,74.20176689392983,15.554556168036264,2.7280703222510907e-11,8.893981390105852e-12,0.4086511026898046,0.0
UGC05424,Scd:,Courteau97,74.20176689392983,16.041710653770632,1.8389395114289022e-11,1.0763820651530243e-11,0.2655354214005985,0.0
UGC05573,Scd:,Courteau97,57.28879082700657,0.8746252820400943,3.679558193999845e-10,3.573218846172282e-11,0.7161908803199868,0.0
UGC05573,Scd:,Courteau97,57.28879082700657,1.6797134867282382,2.989942779583621e-10,6.123508534703597e-11,0.6410844481146368,0.0
UGC05573,Scd:,Courteau97,57.28879082700657,2.918555284083236,2.8430302589946904e-10,7.705265210659495e-11,0.5657826635418189,0.0
UGC05573,Scd:,Courteau97,57.28879082700657,3.9289065840666137,2.069755930138811e-10,8.211443206401367e-11,0.533002233359344,0.0
UGC05573,Scd:,Courteau97,57.28879082700657,5.216858334554691,1.8632950839095453e-10,9.295598857667087e-11,0.44122223432369095,0.0
UGC05573,Scd:,Courteau97,57.28879082700657,6.391638513562651,1.4420443414479077e-10,7.153251803352169e-11,0.4972572686310314,0.0
UGC05573,Scd:,Courteau97,57.28879082700657,7.425580037815433,1.59736246631967e-10,5.988553051228029e-11,0.41911291636121806,0.0
UGC05573,Scd:,Courteau97,57.28879082700657,8.71937006950144,1.4472161131991696e-10,3.971237845301061e-11,0.6284430034965277,0.0
UGC05573,Scd:,Courteau97,57.28879082700657,9.868112604659055,1.3352022246768963e-10,4.993812399139021e-11,0.41454385999526666,0.0
UGC05573,Scd:,Courteau97,57.28879082700657,11.040453449986854,1.0904809798043373e-10,8.345814893219047e-11,0.2581013469710082,0.0
UGC05573,Scd:,Courteau97,57.28879082700657,12.219308922987421,9.75203361049444e-11,7.750015629938866e-11,0.25092795737717766,0.0
UGC05573,Scd:,Courteau97,57.28879082700657,13.30488278882197,8.427590084499019e-11,7.837218197924763e-11,0.19602774084029437,0.0
UGC05573,Scd:,Courteau97,57.28879082700657,14.490419871645699,7.062125331269145e-11,4.936791036750166e-11,0.2140003216057618,0.0
UGC05573,Scd:,Courteau97,57.28879082700657,15.535612274743656,8.190673144760789e-11,2.982541859076998e-11,0.4781706866817346,0.0
UGC05573,Scd:,Courteau97,57.28879082700657,16.743244581775873,7.672593316864631e-11,3.933579665930463e-11,0.28187811877146474,0.0
UGC05573,Scd:,Courteau97,57.28879082700657,17.533331614670452,6.88612786794504e-11,3.87743514904415e-11,0.18237088449087072,0.0
UGC05573,Scd:,Courteau97,57.28879082700657,21.569786156643158,5.533519979478589e-11,3.584399062789e-11,0.12243943750687036,0.0
UGC05573,Scd:,Courteau97,57.28879082700657,22.438240070540328,5.401711388121823e-11,2.4123978703223926e-11,0.2257005843651808,0.0
UGC05573,Scd:,Courteau97,57.28879082700657,23.167695785033818,3.808902098095106e-11,1.5931267085638023e-11,0.4206742492025015,0.0
UGC05607,Sb,Courteau97,73.59714339950204,0.8678575230892298,6.875260620841081e-10,6.443894672439163e-11,0.60646270294452,0.0
UGC05607,Sb,Courteau97,73.59714339950204,3.4981575885390157,3.4323298431145245e-10,9.665091694832555e-11,0.39788516640337424,0.0
UGC05607,Sb,Courteau97,73.59714339950204,4.748585155019029,2.2757797443640329e-10,8.243699717147753e-11,0.4042344975858508,0.0
UGC05607,Sb,Courteau97,73.59714339950204,6.1468000533294544,1.5162882851183718e-10,6.048675782031175e-11,0.36801948488928976,0.0
UGC05607,Sb,Courteau97,73.59714339950204,7.471121285724674,1.4312869124330466e-10,6.086544865763704e-11,0.3348160220883732,0.0
UGC05607,Sb,Courteau97,73.59714339950204,8.795442518119893,1.292024491400771e-10,3.2913356340280304e-11,0.5719985434500507,0.0
UGC05607,Sb,Courteau97,73.59714339950204,10.206759130245072,1.1892259416821367e-10,5.987075548741589e-11,0.27566616138468086,0.0
UGC05607,Sb,Courteau97,73.59714339950204,11.140649290960656,1.373026401335157e-10,6.24412044565509e-11,0.20350114476381898,0.0
UGC05607,Sb,Courteau97,73.59714339950204,17.49864897098393,4.8601413601241495e-11,1.8465928842412992e-11,0.33614224446759033,0.0
UGC05607,Sb,Courteau97,73.59714339950204,17.96559405134172,5.162724881261666e-11,2.6566302664875656e-11,0.17896137957304134,0.0
UGC05607,Sb,Courteau97,73.59714339950204,26.394188582648535,3.321090349490272e-11,1.2918538394673917e-11,0.16419296115978657,0.0
UGC05607,Sb,Courteau97,73.59714339950204,27.172430383244855,5.449550438270269e-11,1.0932881611960939e-11,0.19491807688276022,0.0
UGC05654,Sbc,Courteau97,57.533722344792096,0.38205975419969457,1.880382714824498e-10,6.271529232903175e-12,0.7964294955044195,0.0
UGC05654,Sbc,Courteau97,57.533722344792096,1.409508641795748,2.0785368076725806e-10,2.164529580333474e-11,0.6716335474270579,0.0
UGC05654,Sbc,Courteau97,57.533722344792096,2.255213826873197,1.3258061798414779e-10,3.057322364435261e-11,0.5959589282879528,0.0
UGC05654,Sbc,Courteau97,57.533722344792096,3.100919011950646,1.6327202722520016e-10,3.764536278840204e-11,0.5437763385199885,0.0
UGC05654,Sbc,Courteau97,57.533722344792096,3.96519654619058,1.260500754029749e-10,3.0634637631166347e-11,0.573951178569049,0.0
UGC05654,Sbc,Courteau97,57.533722344792096,7.348017286500376,1.0795013192964338e-10,3.755903692586556e-11,0.36989168464794103,0.0
UGC05654,Sbc,Courteau97,57.533722344792096,7.911820743218676,1.0399672584852397e-10,3.247658710100535e-11,0.3617334144457971,0.0
UGC05654,Sbc,Courteau97,57.533722344792096,8.45705185077449,6.573224470015866e-11,1.7832756175109233e-11,0.5948922921580778,0.0
UGC05654,Sbc,Courteau97,57.533722344792096,14.640317525513296,5.0260740247290604e-11,1.7787652906751406e-11,0.33670674812705,0.0
UGC05654,Sbc,Courteau97,57.533722344792096,15.486022710590746,4.0572451429300794e-11,2.1757461097423163e-11,0.2199631612446537,0.0
UGC05654,Sbc,Courteau97,57.533722344792096,16.331727895668195,3.3236714500574606e-11,1.3448197961120359e-11,0.3789384990017219,0.0
UGC05654,Sbc,Courteau97,57.533722344792096,18.624086420866362,6.044746594599876e-11,1.5678815518769732e-11,0.22109753473925725,0.0
UGC05696,Sb,Courteau97,57.28879082700657,0.45377499818195044,4.245760961123169e-10,4.1362176196458946e-11,0.7532786607135321,0.0
UGC05696,Sb,Courteau97,57.28879082700657,1.5875249557607933,7.04170516026325e-10,1.2032489902132743e-10,0.6390583685569748,0.0
UGC05696,Sb,Courteau97,57.28879082700657,2.6472500020200553,5.800772430617649e-10,1.658443870759068e-10,0.5641775219093398,0.0
UGC05696,Sb,Courteau97,57.28879082700657,3.8570874845465783,4.771907957059183e-10,1.9011983603070484e-10,0.474154009253707,0.0
UGC05696,Sb,Courteau97,57.28879082700657,4.7648666602024905,3.968674996652003e-10,1.930261096244828e-10,0.45466453644916904,0.0
UGC05696,Sb,Courteau97,57.28879082700657,5.672875015150413,4.4154211426490777e-10,2.0615340226738295e-10,0.36474041518190886,0.0
UGC05696,Sb,Courteau97,57.28879082700657,7.0331687028822145,2.3639920224824334e-10,1.6625079321738617e-10,0.3823989592813392,0.0
UGC05696,Sb,Courteau97,57.28879082700657,8.243349954346755,2.7024284877685663e-10,1.6322688855040464e-10,0.2876183423815743,0.0
UGC05696,Sb,Courteau97,57.28879082700657,9.000099976567363,2.6057766743896425e-10,1.2982125340069197e-10,0.30109628430688723,0.0
UGC05696,Sb,Courteau97,57.28879082700657,10.21062499696992,1.7841781378833297e-10,1.210224968297725e-10,0.3436531256557316,0.0
UGC05696,Sb,Courteau97,57.28879082700657,11.345062492424795,1.3664552600488127e-10,9.424367272369877e-11,0.39703881848998607,0.0
UGC05696,Sb,Courteau97,57.28879082700657,12.252612488788696,1.406070064856398e-10,1.1804240286082977e-10,0.28062534063707767,0.0
UGC05696,Sb,Courteau97,57.28879082700657,13.38704998424357,1.600205505750887e-10,1.2121094204625302e-10,0.2369414830475381,0.0
UGC05696,Sb,Courteau97,57.28879082700657,14.294599980607472,1.292384838552007e-10,2.3457395224675106e-11,0.7664753104889769,0.0
UGC05696,Sb,Courteau97,57.28879082700657,19.965412382129784,8.438535220553513e-11,6.513255637949837e-11,0.21455054693035294,0.0
UGC05696,Sb,Courteau97,57.28879082700657,21.553624875766612,9.168492758230768e-11,7.510334072457747e-11,0.11978466754861285,0.0
UGC05715,Sbc,Courteau97,50.38304722247262,0.37309606574067344,1.8977971880881194e-11,5.959208440965994e-11,0.7053399322799547,0.0
UGC05715,Sbc,Courteau97,50.38304722247262,1.1192881972220203,1.1035175758556472e-10,1.5959168451739217e-10,0.6360756046386496,0.0
UGC05715,Sbc,Courteau97,50.38304722247262,2.052028361573704,3.511910222759969e-10,2.283559662766355e-10,0.5474235647008602,0.0
UGC05715,Sbc,Courteau97,50.38304722247262,2.8909292124209154,3.98430433153063e-10,2.7258163743792584e-10,0.4590720364317035,0.0
UGC05715,Sbc,Courteau97,50.38304722247262,3.730960657406734,3.4710339087166667e-10,2.464409377863803e-10,0.42588303200527877,0.0
UGC05715,Sbc,Courteau97,50.38304722247262,4.477152788888081,3.45525745276867e-10,2.1883878949997452e-10,0.4401984575197735,0.0
UGC05715,Sbc,Courteau97,50.38304722247262,5.317184233873901,2.9578246304107946e-10,2.1827772843362767e-10,0.3977242112723617,0.0
UGC05715,Sbc,Courteau97,50.38304722247262,6.156085084721112,2.5834366785352553e-10,2.2865053239881337e-10,0.2707410079221876,0.0
UGC05715,Sbc,Courteau97,50.38304722247262,6.902277216202458,2.138556510716313e-10,2.140169632203927e-10,0.2745936734228714,0.0
UGC05715,Sbc,Courteau97,50.38304722247262,7.7411780670496695,1.8028936429530774e-10,1.5981672209030437e-10,0.3340481316714104,0.0
UGC05715,Sbc,Courteau97,50.38304722247262,8.613243012629384,1.3266455742381607e-10,1.2126941897770874e-10,0.38684418314965924,0.0
UGC05715,Sbc,Courteau97,50.38304722247262,9.423502145298526,1.730607962986981e-10,1.1385667559235008e-10,0.3582043432847992,0.0
UGC05715,Sbc,Courteau97,50.38304722247262,10.167433088502653,1.4899222757175954e-10,1.3368688848032503e-10,0.24391861440399973,0.0
UGC05715,Sbc,Courteau97,50.38304722247262,11.006333939349865,1.32847017273343e-10,1.4311858803569163e-10,0.16391987478054812,0.0
UGC05715,Sbc,Courteau97,50.38304722247262,11.845234790197077,1.3354314375275012e-10,8.85397711418702e-11,0.23069273759828482,0.0
UGC05715,Sbc,Courteau97,50.38304722247262,12.653232734589002,1.2786006190034876e-10,7.728213072234168e-11,0.30956015955489014,0.0
UGC05715,Sbc,Courteau97,50.38304722247262,13.521905897752891,1.0492871191541998e-10,9.130618522329673e-11,0.17108507334269865,0.0
UGC05715,Sbc,Courteau97,50.38304722247262,14.268098029234238,1.0580429439295127e-10,5.554880888526161e-11,0.34531910494000706,0.0
UGC05715,Sbc,Courteau97,50.38304722247262,15.014290160715586,8.020874603361247e-11,7.040217502223748e-11,0.18500904623371858,0.0
UGC05715,Sbc,Courteau97,50.38304722247262,15.573934259326595,7.426537528405602e-11,4.5662208974684974e-11,0.3776639106603799,0.0
UGC05715,Sbc,Courteau97,50.38304722247262,16.320126390807943,7.077987775243121e-11,6.80183451746644e-11,0.1308782308078607,0.0
UGC05788,Sb,Courteau97,57.81519883984667,0.2386063922623809,2.9337524456136834e-10,1.1313689757456332e-11,0.7866278244471437,0.0
UGC05788,Sb,Courteau97,57.81519883984667,0.7803832593993163,3.860603304916879e-10,4.914168784584263e-11,0.6901174999265085,0.0
UGC05788,Sb,Courteau97,57.81519883984667,2.285007097665624,3.7136581963401065e-10,9.958500099765443e-11,0.5441822813729074,0.0
UGC05788,Sb,Courteau97,57.81519883984667,2.9643335321067554,3.955908766412161e-10,1.0477457234529137e-10,0.529580284699762,0.0
UGC05788,Sb,Courteau97,57.81519883984667,3.5790958839357137,2.8800703068691774e-10,1.0436900217189422e-10,0.5130449684077202,0.0
UGC05788,Sb,Courteau97,57.81519883984667,4.294915060722856,2.6427268550686193e-10,1.0897488573199272e-10,0.4667602019160923,0.0
UGC05788,Sb,Courteau97,57.81519883984667,5.010734237509999,2.8569242928402265e-10,1.0181704785570643e-10,0.3935312231393083,0.0
UGC05788,Sb,Courteau97,57.81519883984667,5.625496589338957,1.9679163839468662e-10,1.0844861053919447e-10,0.3855582696678972,0.0
UGC05788,Sb,Courteau97,57.81519883984667,6.442372591084284,1.0282470073113782e-10,6.520376592567628e-11,0.5491146162208143,0.0
UGC05788,Sb,Courteau97,57.81519883984667,6.919585375609046,1.3205953813510257e-10,8.977531933518826e-11,0.4111734276668568,0.0
UGC05788,Sb,Courteau97,57.81519883984667,7.5343477274380035,2.177330166437134e-10,9.849798627662942e-11,0.34361704582158,0.0
UGC05788,Sb,Courteau97,57.81519883984667,8.213674161879135,2.202439497364231e-10,1.041606703878535e-10,0.2775459934491919,0.0
UGC05788,Sb,Courteau97,57.81519883984667,8.763872431095919,1.7305936007183496e-10,4.9572321576441404e-11,0.520447472879587,0.0
UGC05788,Sb,Courteau97,57.81519883984667,9.479691607883062,1.2825148955210126e-10,4.9595606395791414e-11,0.5078096910552048,0.0
UGC05788,Sb,Courteau97,57.81519883984667,10.195510784670205,6.149478294490478e-11,6.784189828765479e-11,0.33662880643826393,0.0
UGC05788,Sb,Courteau97,57.81519883984667,10.911329961457348,1.0189154359204443e-10,8.549135548419517e-11,0.20237701858897345,0.0
UGC05788,Sb,Courteau97,57.81519883984667,11.55416365355247,9.328785228758611e-11,3.8193651470631286e-11,0.49651560966712194,0.0
UGC05788,Sb,Courteau97,57.81519883984667,12.168926005381426,1.1437567698232777e-10,6.527881298114076e-11,0.2294347966338655,0.0
UGC05788,Sb,Courteau97,57.81519883984667,12.710702872518361,1.266547235745951e-10,3.4110739715266054e-11,0.47959548664932333,0.0
UGC05788,Sb,Courteau97,57.81519883984667,13.187915657043122,1.3519247690405853e-10,6.460560702116793e-11,0.18488275286055844,0.0
UGC05869,SAB(rs)b:,Mathewson96,55.60563077841138,0.46847040942476903,1.9783973099869908e-11,3.179374871406708e-11,0.6197006210729725,0.0
UGC05869,SAB(rs)b:,Mathewson96,55.60563077841138,1.4054112282743072,3.2291600887110874e-11,7.561354650597182e-11,0.5114068649687765,0.0
UGC05869,SAB(rs)b:,Mathewson96,55.60563077841138,2.3423520471238453,1.4332834352656032e-10,7.582689224305107e-11,0.4684667687003489,0.0
UGC05869,SAB(rs)b:,Mathewson96,55.60563077841138,3.52772414369864,1.7956567060767087e-10,6.431131945922023e-11,0.4872436594225455,0.0
UGC05869,SAB(rs)b:,Mathewson96,55.60563077841138,4.216233684822922,1.202855246502704e-10,6.071835132210586e-11,0.4542259283385353,0.0
UGC05869,SAB(rs)b:,Mathewson96,55.60563077841138,5.15317450367246,1.6544874244839043e-10,6.97382310779162e-11,0.37091118288666747,0.0
UGC05869,SAB(rs)b:,Mathewson96,55.60563077841138,6.090115322521998,4.447038230112516e-11,4.976271468054823e-11,0.4544316599297979,0.0
UGC05869,SAB(rs)b:,Mathewson96,55.60563077841138,7.027056141371537,4.594038774306258e-11,6.426612396111336e-11,0.3068704893503783,0.0
UGC05869,SAB(rs)b:,Mathewson96,55.60563077841138,8.21242823794633,6.038725050399758e-11,4.4505048242135515e-11,0.27172925668819464,0.0
UGC05869,SAB(rs)b:,Mathewson96,55.60563077841138,9.14936905679587,8.73796664360186e-11,5.019530314922881e-11,0.26010333568811267,0.0
UGC05869,SAB(rs)b:,Mathewson96,55.60563077841138,9.837878597920152,6.496337893077967e-11,2.640913722211824e-11,0.4797462183930833,0.0
UGC05869,SAB(rs)b:,Mathewson96,55.60563077841138,10.77481941676969,3.80117170315339e-11,2.1655332781404938e-11,0.5268932723707366,0.0
UGC05869,SAB(rs)b:,Mathewson96,55.60563077841138,11.463328957893971,7.461347404994685e-11,2.998007637854077e-11,0.3642802579009453,0.0
UGC05869,SAB(rs)b:,Mathewson96,55.60563077841138,12.400269776743508,1.998572833442502e-11,3.30302477988749e-11,0.2796815364531138,0.0
UGC05869,SAB(rs)b:,Mathewson96,55.60563077841138,13.83407315104356,2.5851617160456744e-11,2.5305926122496752e-11,0.3305891872920716,0.0
UGC05869,SAB(rs)b:,Mathewson96,55.60563077841138,14.771013969893097,6.457274414548728e-11,3.2734160206355736e-11,0.19624584915057244,0.0
UGC05869,SAB(rs)b:,Mathewson96,55.60563077841138,15.45952351101738,2.251047206702611e-11,1.9257373866000773e-11,0.36656656764395495,0.0
UGC05869,SAB(rs)b:,Mathewson96,55.60563077841138,16.396464329866916,4.015197877220234e-11,2.562439511113994e-11,0.21945067105034893,0.0
UGC05869,SAB(rs)b:,Mathewson96,55.60563077841138,17.0849738709912,3.026320511769561e-11,1.6564828735295672e-11,0.3634563856510153,0.0
UGC05869,SAB(rs)b:,Mathewson96,55.60563077841138,18.490385099265506,3.639980387958951e-11,1.6739902958866e-11,0.29057934295084875,0.0
UGC05897,SAc,Courteau97,74.95123273150598,0.367712345930397,1.012407548502991e-10,1.553184655249441e-11,0.5709850844035496,0.0
UGC05897,SAc,Courteau97,74.95123273150598,1.0755111628245217,2.2891435006278676e-10,3.4678212756871106e-11,0.5199847753005234,0.0
UGC05897,SAc,Courteau97,74.95123273150598,1.7235593595617287,1.7781910406063364e-10,3.736974493219899e-11,0.49175889216255314,0.0
UGC05897,SAc,Courteau97,74.95123273150598,2.560068041758579,1.0750417713385171e-10,3.1966093439254975e-11,0.5170819605849079,0.0
UGC05897,SAc,Courteau97,74.95123273150598,3.1920689290822137,1.308495041921141e-10,2.89040643510112e-11,0.5393049000332526,0.0
UGC05897,SAc,Courteau97,74.95123273150598,4.03869203558529,1.3419310868783634e-10,3.014236941169976e-11,0.46072076284828434,0.0
UGC05897,SAc,Courteau97,74.95123273150598,4.660548372239594,1.1168435744338e-10,2.6302361739897928e-11,0.523307918612437,0.0
UGC05897,SAc,Courteau97,74.95123273150598,5.159220018584507,9.162179706785361e-11,2.3474822132653516e-11,0.5432847092926669,0.0
UGC05897,SAc,Courteau97,74.95123273150598,6.301440991443046,7.756506747375212e-11,1.842996508114093e-11,0.5828775273769509,0.0
UGC05897,SAc,Courteau97,74.95123273150598,6.8391965728553075,7.781688134979817e-11,2.1256958815191623e-11,0.5177802813211508,0.0
UGC05897,SAc,Courteau97,74.95123273150598,7.59753738491746,6.47189309242994e-11,1.758700594691578e-11,0.5568314433202576,0.0
UGC05897,SAc,Courteau97,74.95123273150598,8.097333748818267,6.730004104935899e-11,2.6945502442510792e-11,0.37421728481816185,0.0
UGC05897,SAc,Courteau97,74.95123273150598,9.976104131093495,4.1479848969162066e-11,1.9364529948661716e-11,0.41282741682000956,0.0
UGC05897,SAc,Courteau97,74.95123273150598,10.69311157297651,9.272581753669544e-11,2.5345008333666237e-11,0.2738630326492988,0.0
UGC05897,SAc,Courteau97,74.95123273150598,11.113615349186725,8.246351559710449e-11,1.483033956257569e-11,0.46637438295588163,0.0
UGC05897,SAc,Courteau97,74.95123273150598,11.802996916103071,5.176207409782574e-11,2.21927168451158e-11,0.2702994148535277,0.0
UGC05897,SAc,Courteau97,74.95123273150598,14.31252296269362,2.7605331689005324e-11,1.7925752725573346e-11,0.23047614728655788,0.0
UGC05929,Sbc,Courteau97,64.48033004557276,0.34628783522814505,4.667609695866919e-11,6.442479264661129e-12,0.7787591413016446,0.0
UGC05929,Sbc,Courteau97,64.48033004557276,1.0406765309997654,6.543222932765868e-11,1.9402981880526073e-11,0.6915671595130171,0.0
UGC05929,Sbc,Courteau97,64.48033004557276,1.7332522014560554,1.2833474408385565e-10,2.952642507287762e-11,0.6320361668658323,0.0
UGC05929,Sbc,Courteau97,64.48033004557276,2.542768004751169,1.0003616130842331e-10,3.793555290021756e-11,0.554192114429078,0.0
UGC05929,Sbc,Courteau97,64.48033004557276,3.3522838080462827,7.555560683458192e-11,4.059796944601728e-11,0.49527382526019614,0.0
UGC05929,Sbc,Courteau97,64.48033004557276,4.043952965844907,7.781096129882243e-11,4.115458100739106e-11,0.46060039657608604,0.0
UGC05929,Sbc,Courteau97,64.48033004557276,4.739248174274194,6.208983782861959e-11,3.0602538954223536e-11,0.5492073723712421,0.0
UGC05929,Sbc,Courteau97,64.48033004557276,5.431823844730483,4.8892321833424425e-11,4.394738872553548e-11,0.382926793580498,0.0
UGC05929,Sbc,Courteau97,64.48033004557276,6.126212540502103,3.093479802602897e-11,3.71656649688406e-11,0.42963324056243735,0.0
UGC05929,Sbc,Courteau97,64.48033004557276,6.7036611034349,3.445860920838898e-11,3.705012751805528e-11,0.39508195301679877,0.0
UGC05929,Sbc,Courteau97,64.48033004557276,7.5140834193876795,5.335790440024865e-11,2.6629476846695636e-11,0.4762535796519693,0.0
UGC05929,Sbc,Courteau97,64.48033004557276,8.207565602501635,5.4162116146084417e-11,2.678707625875988e-11,0.4405520468100879,0.0
UGC05929,Sbc,Courteau97,64.48033004557276,9.015268380481418,3.458081475325612e-11,2.5149789511987197e-11,0.4244739141403715,0.0
UGC05929,Sbc,Courteau97,64.48033004557276,9.8229711584612,1.4459018179303393e-11,2.6189643321449278e-11,0.3658687567579189,0.0
UGC05929,Sbc,Courteau97,64.48033004557276,12.134578435507718,3.39280458457635e-11,1.5943636192569353e-11,0.4660838058752019,0.0
UGC05929,Sbc,Courteau97,64.48033004557276,12.596899890917022,6.451522774745953e-11,2.1308298240901954e-11,0.2802229811515553,0.0
UGC05929,Sbc,Courteau97,64.48033004557276,13.290382074030978,8.874929093181508e-11,1.6017111464640614e-11,0.4169095692200049,0.0
UGC05929,Sbc,Courteau97,64.48033004557276,13.983864257144933,6.640072204039632e-11,2.541623974442479e-11,0.21446267646470704,0.0
UGC05929,Sbc,Courteau97,64.48033004557276,14.446185712554236,4.5204078995181756e-11,1.7975036364961133e-11,0.3162857549839838,0.0
UGC05974,Scd:,Courteau97,67.75526490047194,0.1587022519574334,4.5298898878212155e-11,4.830172393328384e-12,0.10173805362244985,0.0
UGC05974,Scd:,Courteau97,67.75526490047194,0.48720083387874824,8.438785304277064e-11,1.3241103702017214e-11,0.3296891994329023,0.0
UGC05974,Scd:,Courteau97,67.75526490047194,0.731589917270086,6.101335578012884e-11,1.657763155317587e-11,0.29718933069460113,0.0
UGC05974,Scd:,Courteau97,67.75526490047194,1.0216956504173433,4.894185184953989e-11,1.71703842317537e-11,0.29820618318258546,0.0
UGC05974,Scd:,Courteau97,67.75526490047194,1.3004536882166147,2.53580573113239e-11,1.600116168483116e-11,0.28082480262283926,0.0
UGC05974,Scd:,Courteau97,67.75526490047194,1.6326151310207744,1.4146966665890559e-10,1.3972275163420084e-11,0.30963946346432225,0.0
UGC05974,Scd:,Courteau97,67.75526490047194,3.5154094005284464,3.782226078231259e-11,8.313694477723658e-12,0.28678718800493935,0.0
UGC05974,Scd:,Courteau97,67.75526490047194,3.631454294233147,4.582078194437353e-11,7.955460230839299e-12,0.2845037325080761,0.0
UGC06292,SB(s)b,SCII,64.79575511931607,0.7352571071194822,1.5631179809336058e-10,3.493391336336405e-11,0.7366668840224964,0.0
UGC06292,SB(s)b,SCII,64.79575511931607,2.196056519525853,1.719488566511072e-10,7.493769253434929e-11,0.6554275151885343,0.0
UGC06292,SB(s)b,SCII,64.79575511931607,3.5594522609264785,1.5646817576046887e-10,9.408739342624632e-11,0.587182566299176,0.0
UGC06292,SB(s)b,SCII,64.79575511931607,4.922848002327103,1.4715304848922908e-10,9.375162854011388e-11,0.48889478107207135,0.0
UGC06292,SB(s)b,SCII,64.79575511931607,6.383647414733474,1.4056020684881964e-10,6.217140947748971e-11,0.6282921350287205,0.0
UGC06292,SB(s)b,SCII,64.79575511931607,7.854161628972439,1.3031806575163026e-10,4.7729632073081815e-11,0.6468837871120755,0.0
UGC06292,SB(s)b,SCII,64.79575511931607,9.212699969456766,1.1364096083703252e-10,7.318653633485508e-11,0.47329931674599685,0.0
UGC06292,SB(s)b,SCII,64.79575511931607,10.744570826848957,8.56345990428315e-11,1.0447451712128585e-10,0.26927259853770547,0.0
UGC06292,SB(s)b,SCII,64.79575511931607,12.04175252418006,6.262626042349514e-11,8.241868578658161e-11,0.30609839006964784,0.0
UGC06292,SB(s)b,SCII,64.79575511931607,13.50255193658643,5.1169598531026e-11,5.430980486300196e-11,0.4091608276727669,0.0
UGC06292,SB(s)b,SCII,64.79575511931607,14.71741347102029,4.1386621554412106e-11,5.772950137144744e-11,0.3296659421632338,0.0
UGC06292,SB(s)b,SCII,64.79575511931607,16.229343419387682,5.090757459942935e-11,4.5982444706995536e-11,0.3702289405409024,0.0
UGC06292,SB(s)b,SCII,64.79575511931607,17.617111382929725,4.892086830798129e-11,4.937321400636544e-11,0.3068826904978419,0.0
UGC06292,SB(s)b,SCII,64.79575511931607,19.14122744236783,3.593820741791093e-11,5.6870739249102953e-11,0.22156568835766413,0.0
UGC06292,SB(s)b,SCII,64.79575511931607,20.606884255690495,3.264150310285691e-11,1.8131305870189058e-11,0.611353372994878,0.0
UGC06292,SB(s)b,SCII,64.79575511931607,22.07254106901316,2.917220856352138e-11,2.6153094688032843e-11,0.43986894133942966,0.0
UGC06292,SB(s)b,SCII,64.79575511931607,23.328818337575445,3.094159361125872e-11,4.184441146766756e-11,0.20129834121452003,0.0
UGC06292,SB(s)b,SCII,64.79575511931607,24.794475150898116,2.8642044459497403e-11,1.1153922000162514e-11,0.6938266501268641,0.0
UGC06292,SB(s)b,SCII,64.79575511931607,26.26013196422078,1.8853147198389705e-11,2.623466875468535e-11,0.2755341619557899,0.0
UGC06292,SB(s)b,SCII,64.79575511931607,27.72578877754345,2.2670280236489862e-11,4.089894581052669e-11,0.12001994061037129,0.0
UGC06325,Scd?,Courteau97,73.22210524865349,0.5698603322355777,1.0220573268157827e-10,1.2626925152488515e-11,0.7690796260024809,0.0
UGC06325,Scd?,Courteau97,73.22210524865349,1.6610439968002328,1.367232771431554e-10,3.039817839118603e-11,0.6841220806408939,0.0
UGC06325,Scd?,Courteau97,73.22210524865349,2.657670394880373,1.0877025529385774e-10,3.8147408896077573e-11,0.6453755131547954,0.0
UGC06325,Scd?,Courteau97,73.22210524865349,3.8204011926405355,9.189729526646813e-11,4.75740113115649e-11,0.5674691369955028,0.0
UGC06325,Scd?,Courteau97,73.22210524865349,4.983131990400698,1.0401534708118267e-10,5.0441308606171305e-11,0.4937079680452293,0.0
UGC06325,Scd?,Courteau97,73.22210524865349,5.979758388480838,9.509242645206629e-11,4.615179835410387e-11,0.46197802738583765,0.0
UGC06325,Scd?,Courteau97,73.22210524865349,7.142489186241001,9.323692461429383e-11,2.9455201557338906e-11,0.6095753991353181,0.0
UGC06325,Scd?,Courteau97,73.22210524865349,8.305219984001164,1.0247315814246637e-10,4.3399482308956765e-11,0.4733137385147409,0.0
UGC06325,Scd?,Courteau97,73.22210524865349,9.220052548905535,8.517123176592928e-11,3.4876200178117044e-11,0.5219543956740808,0.0
UGC06325,Scd?,Courteau97,73.22210524865349,10.299731146825685,1.0668337390907934e-10,2.3307720367275886e-11,0.6244492688438777,0.0
UGC06325,Scd?,Courteau97,73.22210524865349,11.429492737982693,1.2412766666684884e-10,2.0015659132231604e-11,0.6336147640831246,0.0
UGC06325,Scd?,Courteau97,73.22210524865349,12.460346709330231,1.1820390105728788e-10,2.7114326793695795e-11,0.46971381753677877,0.0
UGC06325,Scd?,Courteau97,73.22210524865349,13.618044040433423,8.05925165725546e-11,2.995052119184011e-11,0.34414565790847607,0.0
UGC06325,Scd?,Courteau97,73.22210524865349,16.10961003563377,8.172522814213642e-11,2.5615013104281123e-11,0.2629919004201817,0.0
UGC06325,Scd?,Courteau97,73.22210524865349,16.94013203403389,6.00928741912892e-11,1.630347672546454e-11,0.42322747646040987,0.0
UGC06325,Scd?,Courteau97,73.22210524865349,18.105379565122536,4.979792752665076e-11,1.742139946510455e-11,0.3476685473699331,0.0
UGC06325,Scd?,Courteau97,73.22210524865349,19.104522696531163,6.326580232828184e-11,2.3722470074684817e-11,0.2009873681059184,0.0
UGC06325,Scd?,Courteau97,73.22210524865349,20.1011490946113,4.224746132330126e-11,1.3987838548756151e-11,0.37607234393530914,0.0
UGC06325,Scd?,Courteau97,73.22210524865349,21.596088691731513,4.8917050111090874e-11,1.606784005211593e-11,0.23376223229782078,0.0
UGC06325,Scd?,Courteau97,73.22210524865349,21.928297491091556,5.0458202190197375e-11,1.4004776320659249e-11,0.2939140689847832,0.0
UGC06338,Scd:,Courteau97,64.22930958918727,0.34365564686204636,4.696873123943771e-11,9.1459219356775e-12,0.7911794721213288,0.0
UGC06338,Scd:,Courteau97,64.22930958918727,1.030966940586139,5.922411128487377e-12,2.4538568815890347e-11,0.7608739779475092,0.0
UGC06338,Scd:,Courteau97,64.22930958918727,1.7182782343102316,3.2954883089223974e-11,3.3830650185926473e-11,0.7244489266957845,0.0
UGC06338,Scd:,Courteau97,64.22930958918727,2.4055895280343247,6.926279700261672e-11,3.8017982509393395e-11,0.709933416711739,0.0
UGC06338,Scd:,Courteau97,64.22930958918727,3.1626733318788935,7.51734920276523e-11,3.924348372101963e-11,0.6807916818797444,0.0
UGC06338,Scd:,Courteau97,64.22930958918727,3.7104396053620334,1.2279805710709723e-10,3.514986121660925e-11,0.7446077340464663,0.0
UGC06338,Scd:,Courteau97,64.22930958918727,4.295695585775579,1.6502249883974582e-10,5.604785768555772e-11,0.6213732120145994,0.0
UGC06338,Scd:,Courteau97,64.22930958918727,4.983006879499672,2.0779601501552706e-10,3.424965307483276e-11,0.7488669157001957,0.0
UGC06338,Scd:,Courteau97,64.22930958918727,5.568262859913218,1.856453550271382e-10,4.6741626724155506e-11,0.6299093384788806,0.0
UGC06338,Scd:,Courteau97,64.22930958918727,6.185801643516834,1.690970907884569e-10,7.424096102380083e-11,0.4475333847822675,0.0
UGC06338,Scd:,Courteau97,64.22930958918727,6.873112937240927,1.503095142925038e-10,1.038223783094715e-10,0.33593285409722745,0.0
UGC06338,Scd:,Courteau97,64.22930958918727,7.560424230965021,1.5662898361140186e-10,1.0440417250805285e-10,0.2974443528337355,0.0
UGC06338,Scd:,Courteau97,64.22930958918727,8.247735524689112,1.651547716198422e-10,8.51096021343684e-11,0.29304994546828633,0.0
UGC06338,Scd:,Courteau97,64.22930958918727,8.890267446246332,1.4415885848868122e-10,4.2964881018583375e-11,0.5808913204839323,0.0
UGC06338,Scd:,Courteau97,64.22930958918727,9.659847819067704,1.2814510159267364e-10,4.821932641305622e-11,0.510339640141373,0.0
UGC06338,Scd:,Courteau97,64.22930958918727,10.347159112791797,1.3313769848450258e-10,7.325629244976498e-11,0.2927630417521241,0.0
UGC06338,Scd:,Courteau97,64.22930958918727,11.034470406515888,1.2762864560593724e-10,8.16962218439452e-11,0.18488470029184062,0.0
UGC06338,Scd:,Courteau97,64.22930958918727,11.72178170023998,1.1088086507331243e-10,4.1101900522955516e-11,0.45425948805311944,0.0
UGC06338,Scd:,Courteau97,64.22930958918727,12.409092993964073,9.342682596880408e-11,6.607571344393984e-11,0.20113882585434006,0.0
UGC06338,Scd:,Courteau97,64.22930958918727,13.096404287688166,7.530067397774974e-11,3.1823658929720504e-11,0.47179716517432807,0.0
UGC06533,Sc(f),Mathewson96,77.41778083420937,0.3185029743291397,7.25803737635095e-11,3.237570224855453e-11,0.6308252742566002,0.0
UGC06533,Sc(f),Mathewson96,77.41778083420937,0.391672576539888,4.120546247444033e-11,3.955976709893877e-11,0.6297574179754624,0.0
UGC06533,Sc(f),Mathewson96,77.41778083420937,1.0652633263035416,1.8575611582064172e-10,8.516381453387631e-11,0.5939552091492067,0.0
UGC06533,Sc(f),Mathewson96,77.41778083420937,1.775438877172569,2.3017444747827775e-10,1.1060637679694811e-10,0.5165573866082689,0.0
UGC06533,Sc(f),Mathewson96,77.41778083420937,2.485614428041597,2.489276233403276e-10,1.23521581786909e-10,0.4855152679522004,0.0
UGC06533,Sc(f),Mathewson96,77.41778083420937,3.195789978910625,2.1311648205839575e-10,1.284416077464659e-10,0.40106729401955193,0.0
UGC06533,Sc(f),Mathewson96,77.41778083420937,3.9059655297796523,1.8584538463762114e-10,1.340067963703753e-10,0.34129263953283295,0.0
UGC06533,Sc(f),Mathewson96,77.41778083420937,4.61614108064868,1.9151094410993793e-10,1.0631620326550541e-10,0.3640927718553502,0.0
UGC06533,Sc(f),Mathewson96,77.41778083420937,5.326316631517708,1.7199705903897565e-10,1.171167312865061e-10,0.3014423210129036,0.0
UGC06533,Sc(f),Mathewson96,77.41778083420937,5.999907381281362,1.3990055861711104e-10,8.974131042782736e-11,0.3517530893517674,0.0
UGC06533,Sc(f),Mathewson96,77.41778083420937,6.0730769834921094,1.6376956149926576e-10,8.213493183552382e-11,0.37329752962569773,0.0
UGC06533,Sc(f),Mathewson96,77.41778083420937,6.710082932150389,1.2949716057486277e-10,7.46976087483087e-11,0.34818848974850886,0.0
UGC06544,Sbc,Courteau97,65.30448206435129,0.30235337066395174,1.346657576839997e-10,1.1527531784138551e-11,0.748422179043218,0.0
UGC06544,Sbc,Courteau97,65.30448206435129,0.9070601119918552,1.9382251991800594e-10,3.327437453798783e-11,0.7095748996716148,0.0
UGC06544,Sbc,Courteau97,65.30448206435129,1.5117668533197586,2.670357518063815e-10,4.6900500476362987e-11,0.6588331850067563,0.0
UGC06544,Sbc,Courteau97,65.30448206435129,2.038289288698196,2.2479268028386916e-10,5.101876963982266e-11,0.6432902528237746,0.0
UGC06544,Sbc,Courteau97,65.30448206435129,2.5700036506435895,1.7740067587227394e-10,5.4070508580125774e-11,0.6337472683981042,0.0
UGC06544,Sbc,Courteau97,65.30448206435129,3.174710391971493,2.086838296172277e-10,6.011974746791467e-11,0.6127234715111896,0.0
UGC06544,Sbc,Courteau97,65.30448206435129,3.779417133299397,2.4089193192357387e-10,6.706868864361213e-11,0.561066257724674,0.0
UGC06544,Sbc,Courteau97,65.30448206435129,4.3841238746273,2.4752769700748157e-10,5.067223711367286e-11,0.6389177491391467,0.0
UGC06544,Sbc,Courteau97,65.30448206435129,4.988830615955203,2.521121606358218e-10,7.956782543317634e-11,0.4578310885438885,0.0
UGC06544,Sbc,Courteau97,65.30448206435129,5.5935373572831075,2.12391840143805e-10,8.993595700339749e-11,0.42370084736111385,0.0
UGC06544,Sbc,Courteau97,65.30448206435129,6.19824409861101,1.993153221841084e-10,8.73821492459099e-11,0.40739345301281754,0.0
UGC06544,Sbc,Courteau97,65.30448206435129,6.802950839938914,1.656019344746749e-10,8.841998186876407e-11,0.36235851569428934,0.0
UGC06544,Sbc,Courteau97,65.30448206435129,7.334665201884309,1.2844191319406597e-10,8.92860734368922e-11,0.3029654633729726,0.0
UGC06544,Sbc,Courteau97,65.30448206435129,7.861187637262745,1.3878326899511465e-10,4.612086072241583e-11,0.5230795069820189,0.0
UGC06544,Sbc,Courteau97,65.30448206435129,8.465894378590649,1.7223791186464862e-10,4.583589174662289e-11,0.5253138655217461,0.0
UGC06544,Sbc,Courteau97,65.30448206435129,9.070601119918553,1.5026559871547514e-10,6.938025575548783e-11,0.33328292386350944,0.0
UGC06544,Sbc,Courteau97,65.30448206435129,9.591931628730032,1.3571634582409298e-10,4.909357941455119e-11,0.35814134127722047,0.0
UGC06544,Sbc,Courteau97,65.30448206435129,10.196638370057936,1.5989944018048194e-10,4.844936571425533e-11,0.4130512332241681,0.0
UGC06544,Sbc,Courteau97,65.30448206435129,10.884721343902262,1.5696691149179256e-10,6.805674289088752e-11,0.22906698232732375,0.0
UGC06544,Sbc,Courteau97,65.30448206435129,11.411243779280701,1.4686632261036297e-10,3.3096229958531086e-11,0.4979083354215475,0.0
UGC06544,Sbc,Courteau97,65.30448206435129,11.723981003078563,1.2334716145720258e-10,6.245019448092416e-11,0.17910619268499695,0.0
UGC06568,SB(s)m,Mathewson96,53.23558944023504,0.1283613312971178,3.3323476031578755e-11,3.0440673778297526e-12,0.7982185542876088,0.0
UGC06568,SB(s)m,Mathewson96,53.23558944023504,0.7216568491988462,1.527296969863006e-11,3.730083859383585e-11,0.7205735643092562,0.0
UGC06568,SB(s)m,Mathewson96,53.23558944023504,0.9783795117930817,3.544231035918961e-14,4.877062304825624e-11,0.686779251001424,0.0
UGC06568,SB(s)m,Mathewson96,53.23558944023504,1.700036360991928,3.0117736051942173e-11,7.307201825294211e-11,0.6298881646093926,0.0
UGC06568,SB(s)m,Mathewson96,53.23558944023504,2.550054541487892,1.1238674476028193e-10,9.587488078110585e-11,0.5362452057742844,0.0
UGC06568,SB(s)m,Mathewson96,53.23558944023504,3.2717113906867383,1.1825134212246638e-10,1.1137808259084197e-10,0.47779511886543014,0.0
UGC06568,SB(s)m,Mathewson96,53.23558944023504,3.5284340532809733,1.1552264474733143e-10,1.108316981644966e-10,0.4510307629965067,0.0
UGC06568,SB(s)m,Mathewson96,53.23558944023504,4.121729571182702,1.2433367247947074e-10,8.74816140382938e-11,0.5064148248506258,0.0
UGC06568,SB(s)m,Mathewson96,53.23558944023504,4.378452233776938,9.990184911381278e-11,1.0255636863632936e-10,0.46169040440975134,0.0
UGC06568,SB(s)m,Mathewson96,53.23558944023504,4.971747751678666,1.1253551200218898e-10,7.788170148399489e-11,0.5195374003995984,0.0
UGC06568,SB(s)m,Mathewson96,53.23558944023504,5.228470414272902,1.1947644597320993e-10,1.1033263218451267e-10,0.3856180586097627,0.0
UGC06568,SB(s)m,Mathewson96,53.23558944023504,5.950127263471748,1.0684535125012137e-10,7.977457895930717e-11,0.4792316193569559,0.0
UGC06568,SB(s)m,Mathewson96,53.23558944023504,6.800145443967711,9.404614296485822e-11,1.0558670913604497e-10,0.22313109688697724,0.0
UGC06568,SB(s)m,Mathewson96,53.23558944023504,7.521802293166558,1.1067236918396672e-10,1.090992889534707e-10,0.16873029449523028,0.0
UGC06568,SB(s)m,Mathewson96,53.23558944023504,7.778524955760793,8.576517635425599e-11,9.756110032027625e-11,0.22611529250777954,0.0
UGC06568,SB(s)m,Mathewson96,53.23558944023504,8.371820473662522,9.916221704252235e-11,9.973341471049739e-11,0.1430848474583591,0.0
UGC06568,SB(s)m,Mathewson96,53.23558944023504,8.628543136256758,8.445302409704421e-11,7.983899128307481e-11,0.20968528430796676,0.0
UGC06568,SB(s)m,Mathewson96,53.23558944023504,9.221838654158487,6.503123240565711e-11,8.2407008361675e-11,0.12770395978054389,0.0
UGC06568,SB(s)m,Mathewson96,53.23558944023504,9.478561316752721,8.691518366246869e-11,6.80322046589646e-11,0.1793387908227587,0.0
UGC06607,Sd,Courteau97,61.311819354121376,0.21460621627517998,1.021039549978857e-11,4.28836106881479e-12,0.6523797418314397,0.0
UGC06607,Sd,Courteau97,61.311819354121376,0.6026505708675732,3.8690825560179366e-11,1.1376742540631275e-11,0.6473779414850194,0.0
UGC06607,Sd,Courteau97,61.311819354121376,0.9906949254599663,8.077201894645509e-11,1.741283344441547e-11,0.6203834126941947,0.0
UGC06607,Sd,Courteau97,61.311819354121376,1.4199073580103263,9.060977154894066e-11,2.2216624869639666e-11,0.5515467289564457,0.0
UGC06607,Sd,Courteau97,61.311819354121376,1.8079517126027196,6.887392842206488e-11,2.4636128796908567e-11,0.5358205403673755,0.0
UGC06607,Sd,Courteau97,61.311819354121376,2.195996067195113,9.364711554596317e-11,2.530059055559936e-11,0.5241326859334483,0.0
UGC06607,Sd,Courteau97,61.311819354121376,2.5827881608610284,7.919234060000867e-11,2.5907010054477873e-11,0.49626057797412676,0.0
UGC06607,Sd,Courteau97,61.311819354121376,2.9471178241582425,9.157207448468708e-11,2.58677473592639e-11,0.4960350467054671,0.0
UGC06607,Sd,Courteau97,61.311819354121376,3.397540426150825,5.917864661209326e-11,2.6210293468820762e-11,0.41228261676781003,0.0
UGC06607,Sd,Courteau97,61.311819354121376,3.7419121809322955,5.1848938381933214e-11,2.6293836783745635e-11,0.3832210305166666,0.0
UGC06607,Sd,Courteau97,61.311819354121376,4.172376874409133,6.933373385611632e-11,2.8265666798362162e-11,0.37556237900991285,0.0
UGC06607,Sd,Courteau97,61.311819354121376,4.602841567885971,6.517484720699952e-11,2.837192160747286e-11,0.3433728624642751,0.0
UGC06607,Sd,Courteau97,61.311819354121376,4.9534746272998325,8.4515977142642e-11,2.405284656189111e-11,0.3441033856809647,0.0
UGC06607,Sd,Courteau97,61.311819354121376,5.337762199112792,7.450504849752123e-11,2.1399381635992105e-11,0.40897703513528977,0.0
UGC06607,Sd,Courteau97,61.311819354121376,6.066421525707221,7.059392621801851e-11,2.2385919634885767e-11,0.30225893881863214,0.0
UGC06607,Sd,Courteau97,61.311819354121376,7.9604661770053085,7.29924042234558e-11,1.4121232449848714e-11,0.361316330925895,0.0
UGC06734,Sb,Mathewson96,78.03175962097458,0.37770565049814564,3.7146684556708916e-11,3.6246179746077934e-11,0.619251740792318,0.0
UGC06734,Sb,Mathewson96,78.03175962097458,0.9763118784088431,3.920249847938861e-11,7.794718299740183e-11,0.5621647441920667,0.0
UGC06734,Sb,Mathewson96,78.03175962097458,1.5108226019925826,1.3323821471988682e-10,1.0415215750196732e-10,0.5103754903559589,0.0
UGC06734,Sb,Mathewson96,78.03175962097458,2.0453333255763217,1.360698229930165e-10,1.1152499564399056e-10,0.4704308229967684,0.0
UGC06734,Sb,Mathewson96,78.03175962097458,2.6439395534870194,4.5414571219867725e-11,1.1189195937638424e-10,0.45120890422194354,0.0
UGC06734,Sb,Mathewson96,78.03175962097458,3.399350854483311,1.5113599599983583e-10,1.032885780834961e-10,0.4012771734598479,0.0
UGC06734,Sb,Mathewson96,78.03175962097458,3.997957082394008,1.5332323609458146e-10,9.038116613541832e-11,0.44695899605806033,0.0
UGC06734,Sb,Mathewson96,78.03175962097458,4.311567228565195,1.2970064455563478e-10,9.562349669559302e-11,0.4183999755143226,0.0
UGC06734,Sb,Mathewson96,78.03175962097458,4.910173456475893,1.6928830460850957e-10,8.574933593103616e-11,0.37449729100425583,0.0
UGC06734,Sb,Mathewson96,78.03175962097458,5.508779684386591,1.6734882667699036e-10,9.885995181533651e-11,0.2501374358008526,0.0
UGC06734,Sb,Mathewson96,78.03175962097458,6.264190985382882,1.188824039597999e-10,9.001531525527837e-11,0.2618950591497385,0.0
UGC06734,Sb,Mathewson96,78.03175962097458,7.019602286379174,1.3295723726330224e-10,6.811968716537773e-11,0.29776634504109145,0.0
UGC06734,Sb,Mathewson96,78.03175962097458,7.3332124325503605,1.6789476822526872e-10,7.457428712190985e-11,0.1818714578423474,0.0
UGC06734,Sb,Mathewson96,78.03175962097458,7.931818660461059,1.0670624297331399e-10,5.3230761147874425e-11,0.28400438873850253,0.0
UGC06734,Sb,Mathewson96,78.03175962097458,8.530424888371757,8.729952997074798e-11,4.938344749348619e-11,0.28736831013672126,0.0
UGC06734,Sb,Mathewson96,78.03175962097458,9.285836189368046,8.736471781628607e-11,4.652126787253512e-11,0.24478137485011833,0.0
UGC06734,Sb,Mathewson96,78.03175962097458,9.599446335539236,7.213018346436054e-11,3.833019923968318e-11,0.28815578016092736,0.0
UGC06734,Sb,Mathewson96,78.03175962097458,10.354857636535526,1.160358993342868e-10,3.547234320588954e-11,0.2797006723236097,0.0
UGC06734,Sb,Mathewson96,78.03175962097458,10.953463864446224,6.938620664960327e-11,4.144560280732853e-11,0.16634687359963546,0.0
UGC06734,Sb,Mathewson96,78.03175962097458,11.55207009235692,8.26707772016338e-11,2.74990005111495e-11,0.30950431211217644,0.0
UGC06734,Sb,Mathewson96,78.03175962097458,11.865680238528109,6.921878442933307e-11,3.772500504169274e-11,0.140366922061408,0.0
UGC06736,SBcd? sp,Mathewson96,81.18392136502656,0.3925264926187187,1.3045615813063701e-11,5.677818129171851e-12,0.7064465512135805,0.0
UGC06736,SBcd? sp,Mathewson96,81.18392136502656,0.9472179705718372,3.498034275507054e-11,1.2140770370166468e-11,0.7001069567419429,0.0
UGC06736,SBcd? sp,Mathewson96,81.18392136502656,1.5701059704748745,3.9799185360896377e-11,1.728502755884882e-11,0.6459521371158156,0.0
UGC06736,SBcd? sp,Mathewson96,81.18392136502656,2.3551589557123123,6.22523047176582e-11,2.136821500237765e-11,0.5851343426500264,0.0
UGC06736,SBcd? sp,Mathewson96,81.18392136502656,3.1402119409497495,7.189050300818026e-11,2.3936536160151622e-11,0.5334554114225192,0.0
UGC06736,SBcd? sp,Mathewson96,81.18392136502656,3.7630999408527868,8.514360603582552e-11,2.3660759577233593e-11,0.5230556503822374,0.0
UGC06736,SBcd? sp,Mathewson96,81.18392136502656,4.317791418805905,8.315101760763954e-11,2.702472840212473e-11,0.42605057191227186,0.0
UGC06736,SBcd? sp,Mathewson96,81.18392136502656,5.102844404043343,7.769639683970162e-11,2.0826529312469173e-11,0.4801183526909905,0.0
UGC06736,SBcd? sp,Mathewson96,81.18392136502656,5.657535881996462,6.338731300164473e-11,2.1526907190973004e-11,0.412879093620343,0.0
UGC06736,SBcd? sp,Mathewson96,81.18392136502656,6.280423881899498,6.709006082265199e-11,2.3369717114065906e-11,0.3582641401127441,0.0
UGC06736,SBcd? sp,Mathewson96,81.18392136502656,7.065476867136937,5.754243894252089e-11,2.4403354965567456e-11,0.34136012153865924,0.0
UGC06736,SBcd? sp,Mathewson96,81.18392136502656,7.850529852374374,6.457589223901245e-11,2.139063129884308e-11,0.3495967323096716,0.0
UGC06736,SBcd? sp,Mathewson96,81.18392136502656,8.47341785227741,5.1016392470779655e-11,2.1786125258747633e-11,0.29666624761344884,0.0
UGC06736,SBcd? sp,Mathewson96,81.18392136502656,9.028109330230528,6.569399214912283e-11,1.2648026443293468e-11,0.4808317318950643,0.0
UGC06736,SBcd? sp,Mathewson96,81.18392136502656,9.813162315467967,5.403132606298288e-11,1.251793144081487e-11,0.4517492422012713,0.0
UGC06736,SBcd? sp,Mathewson96,81.18392136502656,10.367853793421085,6.763822176770652e-11,1.7302813715502563e-11,0.2816014824988001,0.0
UGC06736,SBcd? sp,Mathewson96,81.18392136502656,10.990741793324123,7.087233737763837e-11,1.1145986794139687e-11,0.4228901482273723,0.0
UGC06736,SBcd? sp,Mathewson96,81.18392136502656,11.775794778561561,4.8742376967376365e-11,1.1498560305615072e-11,0.37901268115539155,0.0
UGC06736,SBcd? sp,Mathewson96,81.18392136502656,12.560847763798998,4.2763822541986934e-11,1.3458360805771921e-11,0.2721731081349121,0.0
UGC06736,SBcd? sp,Mathewson96,81.18392136502656,13.508065734370836,4.4886982819028155e-11,1.2399332025648663e-11,0.24752390640022914,0.0
UGC07464,Sb(f),Mathewson96,80.27504873293822,0.5333084139335322,4.721793958941515e-11,1.724161424062769e-11,0.7295292027786906,0.0
UGC07464,Sb(f),Mathewson96,80.27504873293822,1.4393940222529273,1.8460480920902096e-10,3.811566520321798e-11,0.6756594802064628,0.0
UGC07464,Sb(f),Mathewson96,80.27504873293822,1.7604564613482656,1.2472790483172656e-10,4.267932511818131e-11,0.6552353050037625,0.0
UGC07464,Sb(f),Mathewson96,80.27504873293822,2.6665420696676607,1.3661525169492213e-10,4.757668449983156e-11,0.6118201418802932,0.0
UGC07464,Sb(f),Mathewson96,80.27504873293822,3.733158897534725,2.07441636954502e-10,5.4777479037764746e-11,0.5820697081891211,0.0
UGC07464,Sb(f),Mathewson96,80.27504873293822,4.799775725401789,2.238163522901108e-10,5.239453927755752e-11,0.5225479134115902,0.0
UGC07464,Sb(f),Mathewson96,80.27504873293822,5.7058613337211845,2.041331751249692e-10,3.911535167140564e-11,0.6296239508960416,0.0
UGC07464,Sb(f),Mathewson96,80.27504873293822,6.026923772816524,1.9291181180063329e-10,6.313875885508947e-11,0.482447256539443,0.0
UGC07464,Sb(f),Mathewson96,80.27504873293822,6.933009381135918,1.7096836234444052e-10,3.6748647074415775e-11,0.6090219401513245,0.0
UGC07464,Sb(f),Mathewson96,80.27504873293822,7.999626209002981,1.491634034637173e-10,6.414413709861198e-11,0.3949087045149851,0.0
UGC07464,Sb(f),Mathewson96,80.27504873293822,8.905711817322377,1.4393872867601122e-10,5.077949743924312e-11,0.4408632875182375,0.0
UGC07464,Sb(f),Mathewson96,80.27504873293822,9.59955145080358,1.5444176017385366e-10,6.605617342497519e-11,0.30515802245524304,0.0
UGC07464,Sb(f),Mathewson96,80.27504873293822,10.29339108428478,1.5048561335805093e-10,4.7859380769692634e-11,0.30115687836634797,0.0
UGC07464,Sb(f),Mathewson96,80.27504873293822,11.199476692604176,1.3913338054904137e-10,2.5037700910707106e-11,0.5944023635163493,0.0
UGC07464,Sb(f),Mathewson96,80.27504873293822,12.266093520471241,1.202865060279146e-10,2.2019769812098064e-11,0.6087349989445363,0.0
UGC07464,Sb(f),Mathewson96,80.27504873293822,13.172179128790635,1.2619380793234214e-10,3.443150902338373e-11,0.38398356514633186,0.0
UGC07464,Sb(f),Mathewson96,80.27504873293822,13.493241567885972,1.3025362658618883e-10,2.1164667263291405e-11,0.5734022377903945,0.0
UGC07464,Sb(f),Mathewson96,80.27504873293822,14.399327176205368,1.0475553441264003e-10,3.438004685002342e-11,0.31409777059312677,0.0
UGC07464,Sb(f),Mathewson96,80.27504873293822,15.465944004072432,1.2475682293412615e-10,4.0518397101012496e-11,0.19847575742946952,0.0
UGC07464,Sb(f),Mathewson96,80.27504873293822,16.693092051487167,8.680223291519606e-11,3.9387205395285764e-11,0.1615040212181901,0.0
UGC07516,Scd:,Mathewson96,60.38978603355719,0.35304792378736094,9.283318687716648e-12,9.132653850301047e-12,0.6883149607904473,0.0
UGC07516,Scd:,Mathewson96,60.38978603355719,0.937181761326449,3.955528820233876e-11,2.1280191976107483e-11,0.6678544614148741,0.0
UGC07516,Scd:,Mathewson96,60.38978603355719,1.1811057813977164,3.5154718263889265e-11,2.5103704220484596e-11,0.6328703624271431,0.0
UGC07516,Scd:,Mathewson96,60.38978603355719,1.7652396189368045,1.0207267554944528e-10,3.1138546609592416e-11,0.5860762886346671,0.0
UGC07516,Scd:,Mathewson96,60.38978603355719,2.3493734564758926,7.325150315961967e-11,3.6650266044127335e-11,0.5310173074409441,0.0
UGC07516,Scd:,Mathewson96,60.38978603355719,2.8243833902988875,1.0307423089820317e-10,3.970985674033525e-11,0.49505466886452,0.0
UGC07516,Scd:,Mathewson96,60.38978603355719,3.2993933241218825,1.0248031720795984e-10,4.088780938549241e-11,0.4806100025168327,0.0
UGC07516,Scd:,Mathewson96,60.38978603355719,3.88352716166097,5.6381530086761315e-11,3.78237399252772e-11,0.45840172515862,0.0
UGC07516,Scd:,Mathewson96,60.38978603355719,4.467660999200058,8.967771774899356e-11,3.0958418197972535e-11,0.5343446560677434,0.0
UGC07516,Scd:,Mathewson96,60.38978603355719,4.942670933023052,6.779282226738942e-11,2.8519669022055787e-11,0.5405656290001567,0.0
UGC07516,Scd:,Mathewson96,60.38978603355719,5.417680866846048,5.61161087244945e-11,2.8232274924333525e-11,0.5322709730387511,0.0
UGC07516,Scd:,Mathewson96,60.38978603355719,6.001814704385136,6.378729335981726e-11,2.4982557983223453e-11,0.5474531700236236,0.0
UGC07516,Scd:,Mathewson96,60.38978603355719,6.585948541924224,4.616609759064481e-11,2.5080397721699076e-11,0.5266099453916558,0.0
UGC07516,Scd:,Mathewson96,60.38978603355719,6.829872561995492,4.08427762483804e-11,3.2919395904491014e-11,0.3429984143439455,0.0
UGC07516,Scd:,Mathewson96,60.38978603355719,7.41400639953458,5.5024830308624554e-11,2.3598759436355104e-11,0.4746886487490644,0.0
UGC07516,Scd:,Mathewson96,60.38978603355719,8.120102247109301,4.4589907248847764e-11,2.127284013191634e-11,0.4913627309992909,0.0
UGC07516,Scd:,Mathewson96,60.38978603355719,8.70423608464839,4.6366679827628634e-11,2.604328696772264e-11,0.38686974759408277,0.0
UGC07516,Scd:,Mathewson96,60.38978603355719,8.948160104719657,3.850924953957897e-11,2.022706348465279e-11,0.4576205610112218,0.0
UGC07516,Scd:,Mathewson96,60.38978603355719,9.532293942258745,3.4483178895258804e-11,2.5764253499290528e-11,0.33183411954658465,0.0
UGC07516,Scd:,Mathewson96,60.38978603355719,10.116427779797833,3.0632580105196376e-11,3.0671481923062185e-11,0.2166941929703152,0.0
UGC07516,Scd:,Mathewson96,60.38978603355719,10.3603517998691,4.2912918900226685e-11,2.606833998098973e-11,0.2678574781870267,0.0
UGC07644,Scd(f),Mathewson96,82.21821240644772,0.5417135626499892,2.2626965862185267e-11,7.803690981806684e-12,0.7188487032550204,0.0
UGC07644,Scd(f),Mathewson96,82.21821240644772,1.3542839066249728,9.109204811930033e-11,1.4709339845691535e-11,0.6488616142891194,0.0
UGC07644,Scd(f),Mathewson96,82.21821240644772,2.1668542505999566,1.1617009448468532e-10,1.7091240016622913e-11,0.6276775844347233,0.0
UGC07644,Scd(f),Mathewson96,82.21821240644772,2.9794245945749402,1.189973520323595e-10,2.0556914653059908e-11,0.5702171097156216,0.0
UGC07644,Scd(f),Mathewson96,82.21821240644772,3.7919949385499234,9.505239456174112e-11,1.9737236306297606e-11,0.5766217107304332,0.0
UGC07644,Scd(f),Mathewson96,82.21821240644772,4.6045652825249075,9.448789244069178e-11,1.8256576887670907e-11,0.5794458754153538,0.0
UGC07644,Scd(f),Mathewson96,82.21821240644772,5.417135626499891,8.994582151472148e-11,2.289813529151002e-11,0.48164670007649624,0.0
UGC07644,Scd(f),Mathewson96,82.21821240644772,6.229705970474875,9.084044918015808e-11,1.5566893965957474e-11,0.5643404143184445,0.0
UGC07644,Scd(f),Mathewson96,82.21821240644772,7.042276314449858,8.940330230176113e-11,2.5194575516303624e-11,0.35286534846950446,0.0
UGC07644,Scd(f),Mathewson96,82.21821240644772,7.854846658424841,8.115656380487798e-11,2.489777858244503e-11,0.34056992350041854,0.0
UGC07644,Scd(f),Mathewson96,82.21821240644772,8.667417002399825,7.453264203517783e-11,2.3938012990529668e-11,0.3123921912756081,0.0
UGC07644,Scd(f),Mathewson96,82.21821240644772,9.47998734637481,9.801689894088166e-11,2.3081218074428763e-11,0.27773662102819824,0.0
UGC07644,Scd(f),Mathewson96,82.21821240644772,10.201360120880098,5.8049599960443445e-11,1.836389203022378e-11,0.26073551283296836,0.0
UGC07644,Scd(f),Mathewson96,82.21821240644772,11.914962451215668,6.340394454094917e-11,1.2896871686850913e-11,0.36907540208742495,0.0
UGC07644,Scd(f),Mathewson96,82.21821240644772,12.730268722274744,6.236967760451164e-11,1.573495868872453e-11,0.23037906089754387,0.0
UGC07644,Scd(f),Mathewson96,82.21821240644772,13.453465448169426,5.972785869562805e-11,9.973968790926065e-12,0.3742170455278287,0.0
UGC07644,Scd(f),Mathewson96,82.21821240644772,14.3581453373088,5.7459118434140765e-11,1.0847296664515904e-11,0.288167562340805,0.0
UGC07644,Scd(f),Mathewson96,82.21821240644772,15.170715681283784,5.569882203079143e-11,1.3265906891168642e-11,0.1672170252148449,0.0
UGC07644,Scd(f),Mathewson96,82.21821240644772,16.25414280658376,5.797822020850174e-11,7.839310679682071e-12,0.3306615603855058,0.0
UGC07978,Scd:,Courteau97,55.73365543831798,0.17948166678786998,2.1407275584565674e-11,2.9750980949653214e-12,0.8652322748544771,0.0
UGC07978,Scd:,Courteau97,55.73365543831798,0.5384450003636099,1.2588513287252405e-11,2.3019830086089472e-11,0.729856600135934,0.0
UGC07978,Scd:,Courteau97,55.73365543831798,0.8974083339393498,1.6527901771951705e-11,3.530185338519828e-11,0.7140950862719827,0.0
UGC07978,Scd:,Courteau97,55.73365543831798,1.3375916541019237,3.747266673086829e-11,4.79346334896713e-11,0.6712472931553467,0.0
UGC07978,Scd:,Courteau97,55.73365543831798,1.7948166678786999,2.173360788456702e-11,5.710645458958709e-11,0.6395193832276459,0.0
UGC07978,Scd:,Courteau97,55.73365543831798,2.1537800014544395,2.771364445988035e-11,6.373256114686136e-11,0.6150220794448684,0.0
UGC07978,Scd:,Courteau97,55.73365543831798,2.5127433350301795,8.286859617828408e-11,7.131678409686703e-11,0.5731085937342322,0.0
UGC07978,Scd:,Courteau97,55.73365543831798,2.8717066686059196,9.558604929569952e-11,7.431294428637989e-11,0.5667248535396764,0.0
UGC07978,Scd:,Courteau97,55.73365543831798,3.2306700021816592,5.8144806609675895e-11,7.264034584022723e-11,0.5511434381531074,0.0
UGC07978,Scd:,Courteau97,55.73365543831798,3.5896333357573997,4.788703823891075e-11,7.135176169190101e-11,0.529370730949548,0.0
UGC07978,Scd:,Courteau97,55.73365543831798,4.012774962305771,5.41867728342777e-11,7.55803461265539e-11,0.48759025016757135,0.0
UGC07978,Scd:,Courteau97,55.73365543831798,4.307560002908879,4.888615365696225e-12,6.110420449059953e-11,0.5758987232240297,0.0
UGC07978,Scd:,Courteau97,55.73365543831798,4.7307016294572515,7.962696891143424e-15,5.5496112022361904e-11,0.5991351114619944,0.0
UGC07978,Scd:,Courteau97,55.73365543831798,5.123748350261395,8.890926368560343e-12,6.006770460420534e-11,0.5778942641102809,0.0
UGC07978,Scd:,Courteau97,55.73365543831798,5.448628296608732,3.896691071175038e-12,8.807064364687636e-11,0.420874774578572,0.0
UGC07978,Scd:,Courteau97,55.73365543831798,5.807591630184472,1.799274326705118e-11,5.976597779851892e-11,0.5072157361390249,0.0
UGC07978,Scd:,Courteau97,55.73365543831798,6.166554963760211,1.9660124860375755e-11,7.360839785878491e-11,0.4715188206817821,0.0
UGC07978,Scd:,Courteau97,55.73365543831798,6.5255182973359505,2.739457055468966e-11,9.534563897269471e-11,0.30732350555104593,0.0
UGC07978,Scd:,Courteau97,55.73365543831798,6.884481630911691,7.41910763740432e-12,6.08285239129023e-11,0.49342754176294046,0.0
UGC07978,Scd:,Courteau97,55.73365543831798,7.602408298063171,3.337536107924621e-11,5.302431409212147e-11,0.49884982219070345,0.0
UGC08161,Sb HII,Courteau97,72.27794795246119,0.42615380699585487,2.0371919412279887e-11,5.045611507656857e-11,0.6113952452235996,0.0
UGC08161,Sb HII,Courteau97,72.27794795246119,1.3159113009962913,7.756077877848864e-11,1.4518252013180763e-10,0.4335304636617683,0.0
UGC08161,Sb HII,Courteau97,72.27794795246119,2.085570903934259,2.0416837205309468e-10,1.597422584420608e-10,0.3690014869728776,0.0
UGC08161,Sb HII,Courteau97,72.27794795246119,2.795827248927351,2.0132892705012554e-10,1.459680881862847e-10,0.32849628192140473,0.0
UGC08161,Sb HII,Courteau97,72.27794795246119,3.5997082939422587,1.5120788335723582e-10,1.2421577649824477e-10,0.30628255963372,0.0
UGC08161,Sb HII,Courteau97,72.27794795246119,5.4431463529925095,1.7900915416027527e-10,7.102599467396844e-11,0.34938023816229774,0.0
UGC08161,Sb HII,Courteau97,72.27794795246119,6.295453966984219,1.572848277034747e-10,7.391768077406889e-11,0.2483629705813372,0.0
UGC08161,Sb HII,Courteau97,72.27794795246119,7.147761580975929,1.193769409523587e-10,5.378645813488116e-11,0.32167347173881,0.0
UGC08161,Sb HII,Courteau97,72.27794795246119,8.002651945313069,7.998823199103083e-11,3.8742305800813726e-11,0.40237092775507216,0.0
UGC08161,Sb HII,Courteau97,72.27794795246119,8.741318544105884,9.573817196090842e-11,3.5441350055076276e-11,0.3976444641714593,0.0
UGC08161,Sb HII,Courteau97,72.27794795246119,9.70726717329649,7.885444825902723e-11,2.8045954619177782e-11,0.4442396327993692,0.0
UGC08161,Sb HII,Courteau97,72.27794795246119,10.307326170217925,6.584104682906777e-11,4.0615616253914644e-11,0.25047804532587076,0.0
UGC08161,Sb HII,Courteau97,72.27794795246119,11.693402188931714,3.9137653285016643e-11,2.7112104317679264e-11,0.3309475044893111,0.0
UGC08161,Sb HII,Courteau97,72.27794795246119,11.97750472692895,5.496976453670601e-11,2.652283982066307e-11,0.2829843255492176,0.0
UGC08161,Sb HII,Courteau97,72.27794795246119,14.159928768816815,8.227606182068288e-11,2.1269555326010167e-11,0.255515722265395,0.0
UGC08161,Sb HII,Courteau97,72.27794795246119,14.728133844811289,6.112244206771762e-11,2.5140947869050392e-11,0.15299261992959381,0.0
UGC08161,Sb HII,Courteau97,72.27794795246119,16.71685161079194,8.28973716336416e-11,1.767895236116031e-11,0.19343673466445693,0.0
UGC08255,Scd:,Mathewson96,47.84671493970561,0.23955489782561268,5.9458385863195325e-12,1.6313929809903232e-11,0.4786838341284146,0.0
UGC08255,Scd:,Mathewson96,47.84671493970561,0.6845462686350084,8.378267509894577e-12,3.9145415873059524e-11,0.5052663526666701,0.0
UGC08255,Scd:,Mathewson96,47.84671493970561,0.7527831183186678,1.5265827495933788e-11,4.151712020167064e-11,0.5016638703222783,0.0
UGC08255,Scd:,Mathewson96,47.84671493970561,1.1977744891280637,6.002411540188987e-11,4.982692465208732e-11,0.48259742741533057,0.0
UGC08255,Scd:,Mathewson96,47.84671493970561,1.6768842847792889,1.3099482299858615e-10,5.2913013928272206e-11,0.47834577887703467,0.0
UGC08255,Scd:,Mathewson96,47.84671493970561,2.1559940804305144,9.148435209120454e-11,5.563870094426765e-11,0.42746137952079244,0.0
UGC08255,Scd:,Mathewson96,47.84671493970561,2.6351038760817396,1.1012603947776737e-10,5.334298173257059e-11,0.4145680753496759,0.0
UGC08255,Scd:,Mathewson96,47.84671493970561,3.1142136717329647,1.2117146090709112e-10,4.777721952887445e-11,0.40743986155547096,0.0
UGC08255,Scd:,Mathewson96,47.84671493970561,3.5933234673841903,8.174109892963268e-11,5.005383389328179e-11,0.38927130656703607,0.0
UGC08255,Scd:,Mathewson96,47.84671493970561,4.038314838193586,5.117079596452857e-11,4.480225210208655e-11,0.3980265364807509,0.0
UGC08255,Scd:,Mathewson96,47.84671493970561,4.1065516878772454,1.1119396845171772e-10,4.25057297003291e-11,0.3968745736243708,0.0
UGC08255,Scd:,Mathewson96,47.84671493970561,4.551543058686642,7.816982063096914e-11,3.867153890621246e-11,0.3843302569497262,0.0
UGC08255,Scd:,Mathewson96,47.84671493970561,4.996534429496037,1.2464069399028305e-10,3.466561405146571e-11,0.39827064062380774,0.0
UGC08255,Scd:,Mathewson96,47.84671493970561,5.475644225147263,9.120618003481901e-11,3.1439271825747085e-11,0.41109775876923854,0.0
UGC08255,Scd:,Mathewson96,47.84671493970561,5.954754020798488,7.569615504600036e-11,3.061659802140465e-11,0.40084424201134455,0.0
UGC08255,Scd:,Mathewson96,47.84671493970561,6.433863816449713,6.703398239775663e-11,3.3226202687811616e-11,0.33137357360532665,0.0
UGC08255,Scd:,Mathewson96,47.84671493970561,6.912973612100938,6.146816758482979e-11,3.5863396536704193e-11,0.24737246683366662,0.0
UGC08255,Scd:,Mathewson96,47.84671493970561,7.392083407752164,4.888583323291538e-11,2.5945084718937904e-11,0.30380137096038234,0.0
UGC08306,Sb,Mathewson96,83.96112745355057,0.5480282646110587,3.532334532316615e-11,1.721009650732044e-11,0.727578977670756,0.0
UGC08306,Sb,Mathewson96,83.96112745355057,1.61954621482074,1.791656258697882e-10,3.871150085425648e-11,0.6304163625983743,0.0
UGC08306,Sb,Mathewson96,83.96112745355057,2.4293193222311107,1.0035170662213935e-10,4.584690487625108e-11,0.5746317654788554,0.0
UGC08306,Sb,Mathewson96,83.96112745355057,3.239092429641481,1.1465302450994377e-10,4.4731690627707956e-11,0.5663238112487097,0.0
UGC08306,Sb,Mathewson96,83.96112745355057,4.048865537051851,1.6123230621615232e-10,5.080879212701337e-11,0.49293760341695525,0.0
UGC08306,Sb,Mathewson96,83.96112745355057,4.858638644462221,1.8069193836403117e-10,4.6242029173991556e-11,0.4745818405162979,0.0
UGC08306,Sb,Mathewson96,83.96112745355057,5.668411751872592,2.0146514176782708e-10,3.555738943367537e-11,0.5908454110357053,0.0
UGC08306,Sb,Mathewson96,83.96112745355057,6.478184859282962,1.940993683334937e-10,4.7251353645724274e-11,0.4022456719813082,0.0
UGC08306,Sb,Mathewson96,83.96112745355057,7.287957966693332,1.9017125960566553e-10,5.498931054621901e-11,0.37089832128552525,0.0
UGC08306,Sb,Mathewson96,83.96112745355057,8.359475916903014,1.6511569339894038e-10,2.663412583002163e-11,0.5964939917122805,0.0
UGC08306,Sb,Mathewson96,83.96112745355057,9.455532446125131,1.321569910854266e-10,3.9283269316554756e-11,0.3090189546267387,0.0
UGC08306,Sb,Mathewson96,83.96112745355057,10.527050396334811,1.4787940448419901e-10,5.143234117781491e-11,0.2307815681917417,0.0
UGC08306,Sb,Mathewson96,83.96112745355057,11.336823503745183,1.4567104763946608e-10,2.195099685631348e-11,0.519853831300814,0.0
UGC08306,Sb,Mathewson96,83.96112745355057,12.17113519016799,1.3845866322237936e-10,2.6683570874425542e-11,0.4160285982822077,0.0
UGC08306,Sb,Mathewson96,83.96112745355057,12.956369718565924,1.2309709506182855e-10,3.8882067212994016e-11,0.20570109295284666,0.0
UGC08306,Sb,Mathewson96,83.96112745355057,13.766142825976292,1.2861207557567942e-10,2.226950034259016e-11,0.36370651501933376,0.0
UGC08306,Sb,Mathewson96,83.96112745355057,14.551377354374226,1.055715420999252e-10,2.707027163450989e-11,0.23956466107714788,0.0
UGC08306,Sb,Mathewson96,83.96112745355057,15.361150461784598,1.333295635718148e-10,3.1576469529524755e-11,0.13813054775385405,0.0
UGC08306,Sb,Mathewson96,83.96112745355057,16.17092356919497,9.871544252825641e-11,2.0973845017793123e-11,0.25211745631118465,0.0
UGC08306,Sb,Mathewson96,83.96112745355057,16.98069667660534,9.035372507753849e-11,2.5407485724265206e-11,0.14034670486294723,0.0
UGC08306,Sb,Mathewson96,83.96112745355057,17.79046978401571,7.834683661901574e-11,1.7815498645653806e-11,0.23112648134598887,0.0
UGC08451,SAc,Courteau97,61.99168704835389,0.3738770009453858,4.311646934901116e-11,1.432731875223814e-11,0.7025852724423106,0.0
UGC08451,SAc,Courteau97,61.99168704835389,0.7097556134099339,3.546015365181458e-11,2.5103553114483747e-11,0.6558007635131705,0.0
UGC08451,SAc,Courteau97,61.99168704835389,2.0061113489928006,3.609893235538115e-11,4.288148682348398e-11,0.5840548502027684,0.0
UGC08451,SAc,Courteau97,61.99168704835389,2.2483510755581415,2.437874106599987e-10,4.3260687003051744e-11,0.564792804819524,0.0
UGC08451,SAc,Courteau97,61.99168704835389,3.4996968152619203,2.2403860534065583e-10,3.7923764939730036e-11,0.623148904990453,0.0
UGC08451,SAc,Courteau97,61.99168704835389,3.902524969335564,1.9587443475687849e-10,3.526972256138034e-11,0.6341444231194453,0.0
UGC08451,SAc,Courteau97,61.99168704835389,4.5989076379899645,1.6709437380884067e-10,4.767058884351357e-11,0.5337887553649905,0.0
UGC08451,SAc,Courteau97,61.99168704835389,5.061758544105883,1.4608658839703109e-10,4.922453500037575e-11,0.5074944851079647,0.0
UGC08451,SAc,Courteau97,61.99168704835389,5.6071372002036215,1.1951479030030518e-10,4.3387922479491935e-11,0.5351454377343305,0.0
UGC08451,SAc,Courteau97,61.99168704835389,6.172566791651517,1.5519192784476894e-10,4.0569244128131154e-11,0.5406933038339947,0.0
UGC08451,SAc,Courteau97,61.99168704835389,6.729931419013682,1.238125014814219e-10,4.852002521984192e-11,0.46012608738362437,0.0
UGC08451,SAc,Courteau97,61.99168704835389,7.277854610054334,1.2665449260806582e-10,5.816428118966149e-11,0.3572916885855744,0.0
UGC08451,SAc,Courteau97,61.99168704835389,7.786585353792452,1.2817635327161786e-10,3.18695467633208e-11,0.5151518201688023,0.0
UGC08451,SAc,Courteau97,61.99168704835389,8.290125686859138,1.1315392497814276e-10,3.4514905322697814e-11,0.5227644693532931,0.0
UGC08451,SAc,Courteau97,61.99168704835389,8.827839895280343,1.2681271587059754e-10,5.6370164731751874e-11,0.30653053609263403,0.0
UGC08451,SAc,Courteau97,61.99168704835389,9.33765160739825,1.2431582314069315e-10,2.1362053848663466e-11,0.6372105454464174,0.0
UGC08451,SAc,Courteau97,61.99168704835389,9.91981858424842,1.1325915946238336e-10,4.245298115664387e-11,0.3634832100186394,0.0
UGC08451,SAc,Courteau97,61.99168704835389,10.329454782924879,1.1997661740583018e-10,2.383511197932e-11,0.5480589411997556,0.0
UGC08451,SAc,Courteau97,61.99168704835389,10.73895527307105,1.718830951713491e-10,5.092443199508746e-11,0.2388452575722381,0.0
UGC08787,Sbc: sp LLIRG,Mathewson96,84.07752369631591,0.28478200858119407,1.5076672764820748e-11,6.59384379646742e-12,0.6535903556891589,0.0
UGC08787,Sbc: sp LLIRG,Mathewson96,84.07752369631591,0.6242191501224154,3.3906102005276696e-11,1.286219567683293e-11,0.6691731035092161,0.0
UGC08787,Sbc: sp LLIRG,Mathewson96,84.07752369631591,1.1391280343247765,5.275779033417e-11,1.9015166527384985e-11,0.6180941550219253,0.0
UGC08787,Sbc: sp LLIRG,Mathewson96,84.07752369631591,1.7086920514871646,6.943178030729784e-11,2.269587708342381e-11,0.5859194412832222,0.0
UGC08787,Sbc: sp LLIRG,Mathewson96,84.07752369631591,2.2782560686495525,7.648598120984588e-11,2.509646134404869e-11,0.552121486496724,0.0
UGC08787,Sbc: sp LLIRG,Mathewson96,84.07752369631591,2.847820085811941,7.626623806219607e-11,2.4940050364410483e-11,0.5407670383922011,0.0
UGC08787,Sbc: sp LLIRG,Mathewson96,84.07752369631591,3.4173841029743293,7.762110487436376e-11,2.5671980149947737e-11,0.5099072490404729,0.0
UGC08787,Sbc: sp LLIRG,Mathewson96,84.07752369631591,3.9869481201367174,8.716257769940126e-11,2.578244733625706e-11,0.5182026248959992,0.0
UGC08787,Sbc: sp LLIRG,Mathewson96,84.07752369631591,4.556512137299106,9.129132655599966e-11,2.934347793901332e-11,0.3891819324422606,0.0
UGC08787,Sbc: sp LLIRG,Mathewson96,84.07752369631591,5.126076154461494,8.491707525120406e-11,3.175349001222273e-11,0.37109385226021857,0.0
UGC08787,Sbc: sp LLIRG,Mathewson96,84.07752369631591,5.695640171623882,9.31372067065956e-11,2.8304936503110792e-11,0.3814900495461845,0.0
UGC08787,Sbc: sp LLIRG,Mathewson96,84.07752369631591,6.265204188786271,9.956357239775632e-11,2.5393564352637734e-11,0.3789298663843689,0.0
UGC08787,Sbc: sp LLIRG,Mathewson96,84.07752369631591,6.8347682059486585,9.660999599426759e-11,2.4866043625465115e-11,0.36233730252877017,0.0
UGC08787,Sbc: sp LLIRG,Mathewson96,84.07752369631591,7.404332223111047,9.366012092584684e-11,2.4878765467957017e-11,0.31563210429038385,0.0
UGC08787,Sbc: sp LLIRG,Mathewson96,84.07752369631591,7.919241107313408,8.078640086403276e-11,1.5127669873256665e-11,0.48296425586303604,0.0
UGC08787,Sbc: sp LLIRG,Mathewson96,84.07752369631591,8.488805124475796,7.967844937013337e-11,1.8165774600298238e-11,0.3984723041521714,0.0
UGC08787,Sbc: sp LLIRG,Mathewson96,84.07752369631591,9.058369141638185,6.731934072102448e-11,2.2862829104361814e-11,0.260569701633282,0.0
UGC08787,Sbc: sp LLIRG,Mathewson96,84.07752369631591,9.627933158800573,9.51066581914706e-11,1.4616256896362245e-11,0.3818765889163691,0.0
UGC08787,Sbc: sp LLIRG,Mathewson96,84.07752369631591,10.197497175962962,6.468175253074695e-11,1.6669529681299487e-11,0.3067625384745475,0.0
UGC08787,Sbc: sp LLIRG,Mathewson96,84.07752369631591,10.767061193125349,6.705043490703356e-11,1.6261460081384065e-11,0.26237687164600126,0.0
UGC08902,Sb:,Courteau97,70.30864141934946,0.5705103549871697,1.6508185883361754e-09,1.532716872354213e-10,0.6204620458587815,0.0
UGC08902,Sb:,Courteau97,70.30864141934946,2.1905963173587377,5.921900039840741e-10,3.338469946456355e-10,0.45862170195608304,0.0
UGC08902,Sb:,Courteau97,70.30864141934946,2.929343116864228,8.050369984486646e-10,3.1788527669104495e-10,0.4307747056002883,0.0
UGC08902,Sb:,Courteau97,70.30864141934946,4.068532106755872,6.097491355048962e-10,3.287683706599413e-10,0.3274240743066365,0.0
UGC08902,Sb:,Courteau97,70.30864141934946,5.22014861290088,3.902398159882478e-10,1.9106139767313457e-10,0.4480813322439473,0.0
UGC08902,Sb:,Courteau97,70.30864141934946,6.421869708384844,3.095922984831431e-10,1.7972967145970664e-10,0.336521433068272,0.0
UGC08902,Sb:,Courteau97,70.30864141934946,7.561058698276489,2.8316509945556203e-10,1.2129588091034932e-10,0.5004618983566895,0.0
UGC08902,Sb:,Courteau97,70.30864141934946,8.700247688168133,2.36444377230495e-10,1.7458229712035967e-10,0.3069788878662028,0.0
UGC08902,Sb:,Courteau97,70.30864141934946,9.789463596829322,2.1046121523259626e-10,1.4527736246862543e-10,0.331734876812531,0.0
UGC08902,Sb:,Courteau97,70.30864141934946,10.978625667951421,2.0628105277980518e-10,8.862489365923649e-11,0.4788333974814116,0.0
UGC08902,Sb:,Courteau97,70.30864141934946,12.293377982692167,1.7610424996075592e-10,5.5341138969132597e-11,0.6081912520756445,0.0
UGC08902,Sb:,Courteau97,70.30864141934946,13.344785310159262,1.8241994101442863e-10,7.35143948184723e-11,0.45631408968875925,0.0
UGC08902,Sb:,Courteau97,70.30864141934946,14.56626080222737,1.713910292181513e-10,7.195261891393363e-11,0.4200055357173229,0.0
UGC08902,Sb:,Courteau97,70.30864141934946,15.585683479019707,1.4971854800285718e-10,1.0880932619811178e-10,0.20802509562951887,0.0
UGC08902,Sb:,Courteau97,70.30864141934946,16.68739265798851,1.3200872198465804e-10,7.193769927111021e-11,0.25389824206562145,0.0
UGC08902,Sb:,Courteau97,70.30864141934946,18.464724744382227,2.0551130916367872e-10,8.643869954528746e-11,0.166192282027031,0.0
UGC08902,Sb:,Courteau97,70.30864141934946,22.858739419678567,1.112834235952622e-10,5.282495392061831e-11,0.19884737892323748,0.0
UGC08902,Sb:,Courteau97,70.30864141934946,23.346963272489273,1.1517189738053155e-10,4.358299775330579e-11,0.22036396754447335,0.0
UGC08927,Sbc,Courteau97,69.3818307801806,0.35632364838112784,2.1770669112426437e-10,4.942850098104058e-12,0.7510340814941411,0.0
UGC08927,Sbc,Courteau97,69.3818307801806,0.9750113624059665,1.5480013924804505e-10,1.1783852750763051e-11,0.7174698097054167,0.0
UGC08927,Sbc,Courteau97,69.3818307801806,1.4731417041184884,9.875132269000929e-11,1.5486402348652648e-11,0.6779963026150836,0.0
UGC08927,Sbc,Courteau97,69.3818307801806,2.25806560298645,1.0905643310192897e-10,1.927018199509192e-11,0.6526751951193507,0.0
UGC08927,Sbc,Courteau97,69.3818307801806,2.8020193104339888,8.027285005977909e-11,1.9809901296494824e-11,0.6444721993504342,0.0
UGC08927,Sbc,Courteau97,69.3818307801806,3.4561586977916763,1.3694684235756032e-10,2.014345880272066e-11,0.6226910024078213,0.0
UGC08927,Sbc,Courteau97,69.3818307801806,4.102419935519841,1.3958021666732844e-10,2.0844740520983813e-11,0.626469126702932,0.0
UGC08927,Sbc,Courteau97,69.3818307801806,4.72050878627009,1.0409891731853632e-10,3.0480880363372797e-11,0.45641051612125827,0.0
UGC08927,Sbc,Courteau97,69.3818307801806,5.294983870263981,7.242294668966393e-11,3.3589365526535007e-11,0.42405120363070237,0.0
UGC08927,Sbc,Courteau97,69.3818307801806,5.9092627115603715,7.653720638900469e-11,2.8008747313454183e-11,0.4619017090055492,0.0
UGC08927,Sbc,Courteau97,69.3818307801806,6.628140251424139,2.340698701185252e-11,1.8808479153725492e-11,0.5710014886643778,0.0
UGC08927,Sbc,Courteau97,69.3818307801806,7.28446961982563,4.1647580601191107e-11,1.735993210407893e-11,0.5785774986317687,0.0
UGC08927,Sbc,Courteau97,69.3818307801806,7.846946787869974,6.677823586350242e-11,2.388570139725195e-11,0.44446894883255267,0.0
UGC08927,Sbc,Courteau97,69.3818307801806,8.46069904249388,5.70049818298767e-11,2.97393094989067e-11,0.3277211906010034,0.0
UGC08927,Sbc,Courteau97,69.3818307801806,9.020842708813097,5.14493970447672e-11,1.3686127583244956e-11,0.5737447425174756,0.0
UGC08927,Sbc,Courteau97,69.3818307801806,9.743154419799774,4.826295970018019e-11,1.3784205135128143e-11,0.5725854935351713,0.0
UGC08927,Sbc,Courteau97,69.3818307801806,10.426188960156432,6.271832633551453e-11,2.260145397206284e-11,0.3502693386286692,0.0
UGC08927,Sbc,Courteau97,69.3818307801806,11.744803288972923,7.377540559294989e-11,1.4943809038802594e-11,0.4531489205406853,0.0
UGC08927,Sbc,Courteau97,69.3818307801806,12.148974047948029,6.562291106279968e-11,2.1379829116901652e-11,0.19827717454996346,0.0
UGC08927,Sbc,Courteau97,69.3818307801806,12.578297064455919,4.579059127955012e-11,2.216211161035504e-11,0.2285530079609681,0.0
UGC08948,SBb,Courteau97,67.93475281997128,0.22027156812837853,6.492178215935772e-11,1.3043247377665018e-11,0.6970669176541983,0.0
UGC08948,SBb,Courteau97,67.93475281997128,0.6512376796839018,1.4109351371274145e-10,3.708402327165996e-11,0.684786208305831,0.0
UGC08948,SBb,Courteau97,67.93475281997128,1.139665939446828,2.6946043570791264e-10,5.835032373312529e-11,0.6357899901619011,0.0
UGC08948,SBb,Courteau97,67.93475281997128,1.6280941992097544,2.0503093701012702e-10,7.513319364323337e-11,0.5836213391493097,0.0
UGC08948,SBb,Courteau97,67.93475281997128,2.116522458972681,1.8032096760255936e-10,8.571675643708022e-11,0.5081439593441621,0.0
UGC08948,SBb,Courteau97,67.93475281997128,2.604950718735607,2.2285724726413812e-10,9.499698315554305e-11,0.4931165459635224,0.0
UGC08948,SBb,Courteau97,67.93475281997128,3.0933789784985333,2.8877139960236136e-10,9.548809575016152e-11,0.42331842260987446,0.0
UGC08948,SBb,Courteau97,67.93475281997128,3.58180723826146,2.05312126074909e-10,9.522357628386738e-11,0.4597055213582876,0.0
UGC08948,SBb,Courteau97,67.93475281997128,4.0702354980243864,1.1829217724323116e-10,8.63049825338001e-11,0.4299761721063063,0.0
UGC08948,SBb,Courteau97,67.93475281997128,4.558663757787312,9.069963865008895e-11,9.37038630053774e-11,0.34860186949686567,0.0
UGC08948,SBb,Courteau97,67.93475281997128,4.884282597629263,7.883221032478215e-11,7.684604183900464e-11,0.43858722912745846,0.0
UGC08948,SBb,Courteau97,67.93475281997128,5.37271085739219,1.0385229257348338e-10,7.264096592096767e-11,0.4286042137700401,0.0
UGC08948,SBb,Courteau97,67.93475281997128,5.8611391171551155,9.480501910398548e-11,7.099101346398899e-11,0.40796401037720464,0.0
UGC08948,SBb,Courteau97,67.93475281997128,6.349567376918042,9.98107067233855e-11,7.373538474342962e-11,0.35272121927686545,0.0
UGC08948,SBb,Courteau97,67.93475281997128,6.837995636680969,1.1696780257419409e-10,7.859304682989599e-11,0.2846597810171013,0.0
UGC08948,SBb,Courteau97,67.93475281997128,7.326423896443895,1.7408129847204025e-10,6.447811752778024e-11,0.2600055898443394,0.0
UGC08948,SBb,Courteau97,67.93475281997128,7.814852156206821,1.9507170800270815e-10,4.794611193507051e-11,0.41978655093906303,0.0
UGC08948,SBb,Courteau97,67.93475281997128,8.303280415969748,1.5609161612243367e-10,6.337014867737066e-11,0.270677680269212,0.0
UGC08948,SBb,Courteau97,67.93475281997128,8.78213165103144,1.3695974285934093e-10,4.1612959192876903e-11,0.37491938747782194,0.0
UGC08948,SBb,Courteau97,67.93475281997128,9.117327515574624,1.425216679792816e-10,5.8157150729537155e-11,0.25053575799122796,0.0
UGC08948,SBb,Courteau97,67.93475281997128,9.433369330715342,1.5225530454804043e-10,3.9246344811264064e-11,0.3984689037250736,0.0
UGC08951,Scd:,Mathewson96,80.49986135843537,0.12881822994691294,4.0392109570629396e-10,7.905404985081061e-13,0.6627599993846514,0.0
UGC08951,Scd:,Mathewson96,80.49986135843537,0.7350435022907424,6.435684972306097e-11,4.1289020661806285e-12,0.7252198871039615,0.0
UGC08951,Scd:,Mathewson96,80.49986135843537,1.341268774634572,3.5758964966622433e-11,6.602229919831725e-12,0.6736947316207188,0.0
UGC08951,Scd:,Mathewson96,80.49986135843537,1.5989052345283978,5.483276940611441e-11,7.39990449812102e-12,0.652478995115006,0.0
UGC08951,Scd:,Mathewson96,80.49986135843537,2.0763122769253144,7.339129467521871e-11,8.630518625450327e-12,0.6182945706497803,0.0
UGC08951,Scd:,Mathewson96,80.49986135843537,2.3339487368191403,6.102173108116903e-11,9.067845275606852e-12,0.6007372638470094,0.0
UGC08951,Scd:,Mathewson96,80.49986135843537,2.94017400916297,4.751567296363077e-11,9.26586718929485e-12,0.585788064277432,0.0
UGC08951,Scd:,Mathewson96,80.49986135843537,3.5463992815067993,6.557554678853366e-11,9.177278141310225e-12,0.575556144122535,0.0
UGC08951,Scd:,Mathewson96,80.49986135843537,3.804035741400625,6.652735028815123e-11,9.850350591045766e-12,0.5633502662400239,0.0
UGC08951,Scd:,Mathewson96,80.49986135843537,4.281442783797542,5.237129458504217e-11,8.925887711974358e-12,0.5756986484128079,0.0
UGC08951,Scd:,Mathewson96,80.49986135843537,4.539079243691368,6.906420971451508e-11,1.0998945216975444e-11,0.5021810736028731,0.0
UGC08951,Scd:,Mathewson96,80.49986135843537,5.145304516035197,6.337326137293879e-11,9.210686012511133e-12,0.5440022581685334,0.0
UGC08951,Scd:,Mathewson96,80.49986135843537,5.751529788379027,5.4386166562839276e-11,8.366086017867933e-12,0.542542449141951,0.0
UGC08951,Scd:,Mathewson96,80.49986135843537,6.0091662482728525,5.3730557003935586e-11,1.162257724013575e-11,0.42011333226643294,0.0
UGC08951,Scd:,Mathewson96,80.49986135843537,6.486573290669768,5.009590282603665e-11,1.0739355549588122e-11,0.3964130886377575,0.0
UGC08951,Scd:,Mathewson96,80.49986135843537,6.744209750563595,4.047706064048748e-11,9.819692992544192e-12,0.4577693260322034,0.0
UGC08951,Scd:,Mathewson96,80.49986135843537,7.3504350229074245,4.557893934893343e-11,1.0491583274863683e-11,0.3985011102423276,0.0
UGC08951,Scd:,Mathewson96,80.49986135843537,8.21429675514508,2.5441973594835013e-11,8.807711327320892e-12,0.42211325581861564,0.0
UGC08951,Scd:,Mathewson96,80.49986135843537,8.949340257435821,4.5486313303968454e-11,9.351080501532832e-12,0.3534310466485358,0.0
UGC09019,Sbc,Courteau97,65.5623483605404,0.35296706437511616,1.3926461062757863e-10,6.657247767193651e-12,0.8379696100985328,0.0
UGC09019,Sbc,Courteau97,65.5623483605404,1.1702524907279472,2.4431513161250584e-10,2.4338486774366144e-11,0.7561031857031917,0.0
UGC09019,Sbc,Courteau97,65.5623483605404,1.987537917080778,3.251554933960043e-10,3.82616701203707e-11,0.675624767689304,0.0
UGC09019,Sbc,Courteau97,65.5623483605404,2.808605977747073,2.914789400193951e-10,4.774239828937902e-11,0.6421382059909689,0.0
UGC09019,Sbc,Courteau97,65.5623483605404,3.6296740384133686,2.241015094718722e-10,6.082982597289353e-11,0.5515322015822894,0.0
UGC09019,Sbc,Courteau97,65.5623483605404,4.446959464766199,2.0464288210490137e-10,6.583769645717727e-11,0.5170561693222236,0.0
UGC09019,Sbc,Courteau97,65.5623483605404,5.26424489111903,2.377488019152808e-10,6.697059469313058e-11,0.44693347326552896,0.0
UGC09019,Sbc,Courteau97,65.5623483605404,6.085312951785325,2.1231057205319956e-10,4.799847529270633e-11,0.5781914887251709,0.0
UGC09019,Sbc,Courteau97,65.5623483605404,6.906381012451621,1.843263000294568e-10,4.6226733463997393e-11,0.49709627411526663,0.0
UGC09019,Sbc,Courteau97,65.5623483605404,7.686549339603585,1.8089718298273245e-10,6.704572590885414e-11,0.3288402941455445,0.0
UGC09019,Sbc,Courteau97,65.5623483605404,8.659868431386808,1.4582377406020206e-10,6.971018111074965e-11,0.3175439825655981,0.0
UGC09019,Sbc,Courteau97,65.5623483605404,9.250668628220978,1.2027613713522876e-10,5.041605482575892e-11,0.28909054521783745,0.0
UGC09019,Sbc,Courteau97,65.5623483605404,10.186870620803337,1.2179956961650866e-10,4.7902863040821404e-11,0.2994180597927302,0.0
UGC09019,Sbc,Courteau97,65.5623483605404,10.889022115240104,1.3267397177900834e-10,2.8661955074724413e-11,0.5555478162333007,0.0
UGC09019,Sbc,Courteau97,65.5623483605404,11.93657540542506,1.0574036953061539e-10,2.9589746872307244e-11,0.4995889966194748,0.0
UGC09019,Sbc,Courteau97,65.5623483605404,12.750078197464426,1.0953050130511607e-10,4.6783078068321046e-11,0.2731178697996957,0.0
UGC09019,Sbc,Courteau97,65.5623483605404,13.452229691901195,9.929959277383654e-11,2.3077383769436253e-11,0.5142231658485039,0.0
UGC09019,Sbc,Courteau97,65.5623483605404,14.154381186337964,7.241410176471826e-11,3.71410845266149e-11,0.2880723046516838,0.0
UGC09019,Sbc,Courteau97,65.5623483605404,15.090583178920323,8.294893426522852e-11,4.6426562935253686e-11,0.1685261332586927,0.0
UGC09019,Sbc,Courteau97,65.5623483605404,15.79273467335709,9.792680855824332e-11,2.7458640688009453e-11,0.33140963437792265,0.0
UGC09019,Sbc,Courteau97,65.5623483605404,16.26083566964827,1.1116403487142402e-10,1.8308621736683093e-11,0.48844314172795356,0.0
UGC09023,Scd:,Courteau97/Mathewson96,67.81269195561256,0.24235807698834022,2.7146707609560076e-11,3.081208500339036e-12,0.701882801197666,0.0
UGC09023,Scd:,Courteau97/Mathewson96,67.81269195561256,0.916334892815876,2.3209542344956485e-11,1.0480542995986302e-11,0.6469912390878597,0.0
UGC09023,Scd:,Courteau97/Mathewson96,67.81269195561256,1.7076481710421059,4.367827282486405e-11,1.5506586766688242e-11,0.5928403414498563,0.0
UGC09023,Scd:,Courteau97/Mathewson96,67.81269195561256,2.4332442052699195,2.8940546848942152e-11,1.7434121664927128e-11,0.5318332311761751,0.0
UGC09023,Scd:,Courteau97/Mathewson96,67.81269195561256,3.0292001793808936,2.903377335143332e-11,1.8719093918841712e-11,0.5166638672533833,0.0
UGC09023,Scd:,Courteau97/Mathewson96,67.81269195561256,3.61768427346698,4.815864273207743e-11,1.889671465915082e-11,0.4910864807097286,0.0
UGC09023,Scd:,Courteau97/Mathewson96,67.81269195561256,4.271326691392141,5.537664318740323e-11,1.5624330746378604e-11,0.5204732446243668,0.0
UGC09023,Scd:,Courteau97/Mathewson96,67.81269195561256,4.96210788306305,4.744052894191752e-11,1.6828732371346053e-11,0.5018408458711646,0.0
UGC09023,Scd:,Courteau97/Mathewson96,67.81269195561256,5.678922987419097,2.957430046744434e-11,1.293990795258458e-11,0.5365995696650345,0.0
UGC09023,Scd:,Courteau97/Mathewson96,67.81269195561256,6.3555840908539984,8.310882155085455e-11,1.577359727720146e-11,0.4261186149727079,0.0
UGC09023,Scd:,Courteau97/Mathewson96,67.81269195561256,6.895309755250122,6.712854643476243e-11,1.1663278525758505e-11,0.5275814978919976,0.0
UGC09023,Scd:,Courteau97/Mathewson96,67.81269195561256,7.686623033476354,4.577971498651926e-11,1.4682617049143233e-11,0.3945365568596868,0.0
UGC09023,Scd:,Courteau97/Mathewson96,67.81269195561256,8.477936311702583,3.874365622575461e-11,1.4903551744781885e-11,0.36803602780944694,0.0
UGC09023,Scd:,Courteau97/Mathewson96,67.81269195561256,9.014352580418393,3.5616799466728185e-11,9.307075003888692e-12,0.558453236559365,0.0
UGC09023,Scd:,Courteau97/Mathewson96,67.81269195561256,9.536795845150657,2.346957308850497e-11,1.5170551385409655e-11,0.35163991017706675,0.0
UGC09023,Scd:,Courteau97/Mathewson96,67.81269195561256,10.97770672435944,3.375576314479787e-11,9.034070123219825e-12,0.4867237445744623,0.0
UGC09023,Scd:,Courteau97/Mathewson96,67.81269195561256,12.438032724892734,4.1567703798408056e-11,1.2330589338770275e-11,0.26382690923019575,0.0
UGC09023,Scd:,Courteau97/Mathewson96,67.81269195561256,13.311713184495673,2.8390395405545426e-11,8.106850048129804e-12,0.3936719085734433,0.0
UGC09054,SB?,Mathewson96,62.69849370722547,0.2284024361864592,1.2480463889951334e-11,1.3941400391135121e-11,0.6404200705342812,0.0
UGC09054,SB?,Mathewson96,62.69849370722547,0.6297319540397063,1.806414641743611e-13,3.915979433132295e-11,0.6135421078662786,0.0
UGC09054,SB?,Mathewson96,62.69849370722547,1.0865368264126247,2.7921495709048947e-12,5.878493979660703e-11,0.5717865067110303,0.0
UGC09054,SB?,Mathewson96,62.69849370722547,1.4878663442658715,2.529904106284166e-11,6.923124370953187e-11,0.5171272539916177,0.0
UGC09054,SB?,Mathewson96,62.69849370722547,1.94467121663879,9.866984769463365e-11,7.705523616459818e-11,0.49142043509868794,0.0
UGC09054,SB?,Mathewson96,62.69849370722547,2.346000734492037,1.3590487587931428e-10,8.174909441363277e-11,0.4605542625521449,0.0
UGC09054,SB?,Mathewson96,62.69849370722547,2.8028056068649554,2.3953807785703e-10,8.35365873597776e-11,0.4423268548545666,0.0
UGC09054,SB?,Mathewson96,62.69849370722547,3.2041351247182024,1.2471801756928588e-10,8.745554231112052e-11,0.37627886156970275,0.0
UGC09054,SB?,Mathewson96,62.69849370722547,3.6609399970911203,1.2810370953673722e-10,8.692523403037749e-11,0.3759671776518295,0.0
UGC09054,SB?,Mathewson96,62.69849370722547,4.062269514944368,9.001070968859169e-11,8.202633720338863e-11,0.3617439144011208,0.0
UGC09054,SB?,Mathewson96,62.69849370722547,4.519074387317286,1.7370650912087713e-10,7.441464857141259e-11,0.34955033665998,0.0
UGC09054,SB?,Mathewson96,62.69849370722547,4.9204039051705335,1.6096067733655027e-10,7.267995291946498e-11,0.3197745927619965,0.0
UGC09054,SB?,Mathewson96,62.69849370722547,5.778538295396698,1.4199515599911698e-10,6.961140479043964e-11,0.231086850631947,0.0
UGC09054,SB?,Mathewson96,62.69849370722547,6.636672685622864,1.065611044007321e-10,4.671424923141337e-11,0.3202720108789342,0.0
UGC09121,Sbc,Courteau97/Mathewson96,73.47690630649483,0.2673579994182242,4.882396878862725e-10,1.5354969911829006e-11,0.6415970800839367,0.0
UGC09121,Sbc,Courteau97/Mathewson96,73.47690630649483,0.8510753036142826,3.3664095230655957e-10,4.221830891694174e-11,0.6114152257217537,0.0
UGC09121,Sbc,Courteau97/Mathewson96,73.47690630649483,1.4373716238818997,2.9574521506070433e-10,5.897719805844279e-11,0.5568627953684357,0.0
UGC09121,Sbc,Courteau97/Mathewson96,73.47690630649483,2.0425807286742783,2.785281424828432e-10,7.216341612577336e-11,0.46789526198812775,0.0
UGC09121,Sbc,Courteau97/Mathewson96,73.47690630649483,2.6898400764619717,2.5461275885597727e-10,7.48185065276024e-11,0.43592422457343966,0.0
UGC09121,Sbc,Courteau97/Mathewson96,73.47690630649483,3.2757925279200473,2.202082874355566e-10,6.929450132758855e-11,0.4200530789179762,0.0
UGC09121,Sbc,Courteau97/Mathewson96,73.47690630649483,3.8802647709776954,1.9946246243966285e-10,6.733804051302329e-11,0.4004684411207478,0.0
UGC09121,Sbc,Courteau97/Mathewson96,73.47690630649483,4.401245667078758,1.6824049867471677e-10,5.670573102367603e-11,0.4017392367965957,0.0
UGC09121,Sbc,Courteau97/Mathewson96,73.47690630649483,4.970918386610845,1.6896583649032768e-10,6.193967666698007e-11,0.30243059792377147,0.0
UGC09121,Sbc,Courteau97/Mathewson96,73.47690630649483,5.575390629668492,1.4396069742228412e-10,6.00454621931565e-11,0.29991405914542524,0.0
UGC09121,Sbc,Courteau97/Mathewson96,73.47690630649483,6.161343081126568,1.3307282240537454e-10,5.40059494429381e-11,0.295033901677685,0.0
UGC09121,Sbc,Courteau97/Mathewson96,73.47690630649483,6.839845366466855,1.362392701401015e-10,4.523427903072801e-11,0.31560551938126324,0.0
UGC09121,Sbc,Courteau97/Mathewson96,73.47690630649483,7.416562484182968,1.1156170798402004e-10,4.536450545725455e-11,0.27094466215427376,0.0
UGC09121,Sbc,Courteau97/Mathewson96,73.47690630649483,8.03910257697622,1.589843818831445e-10,4.174102615610843e-11,0.24277949934239573,0.0
UGC09121,Sbc,Courteau97/Mathewson96,73.47690630649483,8.605546204639664,1.232702786217935e-10,2.5087931066863066e-11,0.4328204597848767,0.0
UGC09121,Sbc,Courteau97/Mathewson96,73.47690630649483,9.095948976219912,9.115818208897618e-11,3.3680863394770035e-11,0.2857001159588235,0.0
UGC09121,Sbc,Courteau97/Mathewson96,73.47690630649483,9.499891666787871,8.693164742720529e-11,2.27850242321373e-11,0.41066040144350613,0.0
UGC09121,Sbc,Courteau97/Mathewson96,73.47690630649483,10.140347324558215,8.444672935308098e-11,2.6945043260220942e-11,0.310085688967291,0.0
UGC09121,Sbc,Courteau97/Mathewson96,73.47690630649483,11.793324692022399,3.864468656890561e-11,2.769531308352704e-11,0.17680714000084302,0.0
UGC09195,Sb,Courteau97,69.10037878196766,4.839411983613313,5.330195945540533e-10,1.2769505087566904e-10,0.4740331601237278,0.0
UGC09195,Sb,Courteau97,69.10037878196766,6.0636403888202075,4.812255732183825e-10,7.224982202985892e-11,0.609327922330199,0.0
UGC09195,Sb,Courteau97,69.10037878196766,7.287868794027101,3.196198588633773e-10,6.54604221581677e-11,0.6166143998197542,0.0
UGC09195,Sb,Courteau97,69.10037878196766,8.512097199233995,3.145657078557162e-10,1.0615589623771547e-10,0.4027634297436427,0.0
UGC09195,Sb,Courteau97,69.10037878196766,9.73632560444089,2.563769519729096e-10,4.228081211683169e-11,0.6759486998988468,0.0
UGC09195,Sb,Courteau97,69.10037878196766,10.960554009647783,1.7402904131251949e-10,5.185470784850811e-11,0.5299857406333708,0.0
UGC09195,Sb,Courteau97,69.10037878196766,11.993728587981481,2.277251574949714e-10,3.003216539458766e-11,0.7080327406810117,0.0
UGC09195,Sb,Courteau97,69.10037878196766,14.136128297093546,1.643376392143269e-10,4.129396386298685e-11,0.579363989591689,0.0
UGC09195,Sb,Courteau97,69.10037878196766,15.054299600998714,1.5027212525024718e-10,7.702871755259895e-11,0.32283248706998796,0.0
UGC09195,Sb,Courteau97,69.10037878196766,16.469581833078806,1.7112940357507008e-10,8.072558807252889e-11,0.26961946430622136,0.0
UGC09195,Sb,Courteau97,69.10037878196766,17.6938102382857,1.5509485896955437e-10,4.284625957853431e-11,0.3833205603647174,0.0
UGC09195,Sb,Courteau97,69.10037878196766,19.25284656340145,1.1404610541141035e-10,9.217282702415188e-12,0.8571482382483188,0.0
UGC09195,Sb,Courteau97,69.10037878196766,20.534576605822608,1.2876096397678243e-10,4.378248268862534e-11,0.3609421065241885,0.0
UGC09195,Sb,Courteau97,69.10037878196766,21.787555829636634,1.2233828510340101e-10,6.877327013769148e-11,0.16930795476496566,0.0
UGC09195,Sb,Courteau97,69.10037878196766,23.508895163018448,1.3788179599494535e-10,2.4203070440978976e-11,0.5052057576843567,0.0
UGC09195,Sb,Courteau97,69.10037878196766,24.73312356822534,1.0172060698549106e-10,3.7445414974339765e-11,0.2587773452021471,0.0
UGC09195,Sb,Courteau97,69.10037878196766,25.34523777082879,1.3092672431525345e-10,2.4581950941016063e-11,0.45512127544688735,0.0
UGC09195,Sb,Courteau97,69.10037878196766,26.569466176035682,9.370667758349356e-11,4.412356032606019e-11,0.14805630558382854,0.0
UGC09215,SB(s)d,Mathewson96,65.13254612975682,0.11546040287979055,6.413987082658575e-11,1.2315897223247303e-11,0.0,0.0
UGC09215,SB(s)d,Mathewson96,65.13254612975682,0.41157551693210187,1.653879139057295e-11,4.00538853908146e-11,0.37402954420945284,0.0
UGC09215,SB(s)d,Mathewson96,65.13254612975682,0.7430285118658037,3.9688970908260127e-11,5.929196654413788e-11,0.3265619859925565,0.0
UGC09215,SB(s)d,Mathewson96,65.13254612975682,1.0391436259181148,7.071795483067014e-11,6.323142487764254e-11,0.30685118365553443,0.0
UGC09215,SB(s)d,Mathewson96,65.13254612975682,1.3352587399704265,8.793924833989458e-11,5.982641477062485e-11,0.2899752991860972,0.0
UGC09215,SB(s)d,Mathewson96,65.13254612975682,1.666711734904128,8.144533618495956e-11,5.223582852632232e-11,0.2822714785064553,0.0
UGC09215,SB(s)d,Mathewson96,65.13254612975682,1.9628268489564396,2.1388390730897295e-10,4.471406798394437e-11,0.3236630821457742,0.0
UGC09215,SB(s)d,Mathewson96,65.13254612975682,2.2589419630087506,9.171521251948337e-11,3.927040288475022e-11,0.3438645360691168,0.0
UGC09215,SB(s)d,Mathewson96,65.13254612975682,2.5903949579424523,8.261894244574162e-11,3.399093762377942e-11,0.3701784448909588,0.0
UGC09215,SB(s)d,Mathewson96,65.13254612975682,2.886510071994764,9.430649711102409e-11,3.0333363605941215e-11,0.38174766125636544,0.0
UGC09215,SB(s)d,Mathewson96,65.13254612975682,3.1174308777543454,8.281278978695204e-11,2.8666037633797637e-11,0.39616909518124416,0.0
UGC09215,SB(s)d,Mathewson96,65.13254612975682,3.413545991806656,7.570713090884416e-11,2.71527909788964e-11,0.39803051216977053,0.0
UGC09215,SB(s)d,Mathewson96,65.13254612975682,3.744998986740358,5.689018651372838e-11,2.6472430234681403e-11,0.3845670130024729,0.0
UGC09215,SB(s)d,Mathewson96,65.13254612975682,4.07645198167406,4.079965391953469e-11,2.6435749568168103e-11,0.3565194603314997,0.0
UGC09215,SB(s)d,Mathewson96,65.13254612975682,4.337229214844981,6.851400246261831e-11,2.4268994429142027e-11,0.30787385994677985,0.0
UGC09215,SB(s)d,Mathewson96,65.13254612975682,4.698538637190023,6.218807687953717e-11,2.1316045204165548e-11,0.3705953632221036,0.0
UGC09215,SB(s)d,Mathewson96,65.13254612975682,4.929459442949604,1.0594384854102944e-10,2.378032333043972e-11,0.3276935896838052,0.0
UGC09215,SB(s)d,Mathewson96,65.13254612975682,5.275840651588975,4.83346507341569e-11,2.166960075053071e-11,0.2994642998711617,0.0
UGC09246,S?,Mathewson96,74.08036104990113,0.24584620173078325,1.8914962931449967e-11,5.080025078141293e-12,0.7272846607292058,0.0
UGC09246,S?,Mathewson96,74.08036104990113,0.6506095614864374,9.659635874340862e-11,1.3662368895874348e-11,0.7024039961671518,0.0
UGC09246,S?,Mathewson96,74.08036104990113,1.344683644825831,1.548050668965628e-10,2.4442409958922114e-11,0.6381757419445363,0.0
UGC09246,S?,Mathewson96,74.08036104990113,2.0387577281652245,1.9729348771231516e-10,3.2776706350039946e-11,0.5515796928252017,0.0
UGC09246,S?,Mathewson96,74.08036104990113,2.4435210879208786,1.9300558838911657e-10,3.63882624640899e-11,0.5179049025150648,0.0
UGC09246,S?,Mathewson96,74.08036104990113,2.935213491382445,1.813960288476811e-10,3.868980565710578e-11,0.48604044897007087,0.0
UGC09246,S?,Mathewson96,74.08036104990113,3.585823052868882,1.3475788440264508e-10,3.4946185470148394e-11,0.48079036701839833,0.0
UGC09246,S?,Mathewson96,74.08036104990113,4.23643261435532,1.6127916168890645e-10,3.399565482438565e-11,0.4763596749049145,0.0
UGC09246,S?,Mathewson96,74.08036104990113,4.728125017816886,1.5697430350133883e-10,2.8725203785426132e-11,0.5074924115570986,0.0
UGC09246,S?,Mathewson96,74.08036104990113,5.132888377572541,1.2921845131172907e-10,2.9726107551409226e-11,0.4796829296585258,0.0
UGC09246,S?,Mathewson96,74.08036104990113,5.826962460911934,1.0230026987419176e-10,2.382964945938785e-11,0.49982860723633316,0.0
UGC09246,S?,Mathewson96,74.08036104990113,6.521036544251328,1.0695275098710028e-10,2.916027587974753e-11,0.3655682053254637,0.0
UGC09246,S?,Mathewson96,74.08036104990113,6.925799904006983,1.08647733517457e-10,2.1045573081882975e-11,0.5179886389288747,0.0
UGC09246,S?,Mathewson96,74.08036104990113,7.417492307468548,9.089512209106851e-11,2.827792960581309e-11,0.3821045657955816,0.0
UGC09246,S?,Mathewson96,74.08036104990113,8.313948070685768,8.910357956067977e-11,2.075782386941001e-11,0.4623009631378675,0.0
UGC09246,S?,Mathewson96,74.08036104990113,9.21040383390299,8.954240742738625e-11,1.740704237417151e-11,0.48081643206807695,0.0
UGC09246,S?,Mathewson96,74.08036104990113,10.106859597120211,8.335201849999148e-11,1.7021118798652706e-11,0.45018908869005275,0.0
UGC09246,S?,Mathewson96,74.08036104990113,11.003315360337432,7.491400909917509e-11,1.838940698393364e-11,0.36374302541164666,0.0
UGC09309,Sbc,Courteau97,66.3645172889224,0.4433597556541342,1.8334195283526946e-10,2.108136843081896e-11,0.7620213665566419,0.0
UGC09309,Sbc,Courteau97,66.3645172889224,1.5517591447894699,2.1533742678522834e-10,6.367091878587646e-11,0.6467349449612394,0.0
UGC09309,Sbc,Courteau97,66.3645172889224,2.6601585339248053,1.5065437085692351e-10,8.472607470066473e-11,0.593661916596108,0.0
UGC09309,Sbc,Courteau97,66.3645172889224,3.5468780452330737,1.4562933229229742e-10,9.248876286370186e-11,0.5535389885314772,0.0
UGC09309,Sbc,Courteau97,66.3645172889224,4.65527743436841,1.382771489215496e-10,1.0865419164190132e-10,0.4565754715095637,0.0
UGC09309,Sbc,Courteau97,66.3645172889224,5.763676823503745,1.1388385566612111e-10,8.53999223295598e-11,0.48935611475881785,0.0
UGC09309,Sbc,Courteau97,66.3645172889224,6.650396334812013,1.1217544113002475e-10,1.0837818369564249e-10,0.3019628647833388,0.0
UGC09309,Sbc,Courteau97,66.3645172889224,7.681006239546216,8.804085604996867e-11,7.006557649280553e-11,0.4445251000375065,0.0
UGC09309,Sbc,Courteau97,66.3645172889224,8.959225850241195,7.822552417308544e-11,9.161570527667099e-11,0.25524756417455347,0.0
UGC09309,Sbc,Courteau97,66.3645172889224,9.808326958039416,8.753366661225513e-11,8.59009464485755e-11,0.23055444905523775,0.0
UGC09309,Sbc,Courteau97,66.3645172889224,10.961868431386808,7.133884273409662e-11,6.708532416948489e-11,0.2659673865248206,0.0
UGC09309,Sbc,Courteau97,66.3645172889224,12.026469250721158,5.3457404632831726e-11,6.186939392765864e-11,0.23815539391697066,0.0
UGC09309,Sbc,Courteau97,66.3645172889224,12.913188762029428,7.997989573509263e-11,6.10784658397242e-11,0.18214738713650053,0.0
UGC09309,Sbc,Courteau97,66.3645172889224,13.888042818704093,7.418425430298311e-11,2.6280715865245346e-11,0.5133385925738573,0.0
UGC09309,Sbc,Courteau97,66.3645172889224,15.128644025889026,5.22620162136231e-11,2.934144298312057e-11,0.3964272568657524,0.0
UGC09309,Sbc,Courteau97,66.3645172889224,16.015363537197295,3.11094395025618e-11,4.362770855689492e-11,0.17066406597738923,0.0
UGC09309,Sbc,Courteau97,66.3645172889224,17.12376292633263,4.4904044801388426e-11,3.788067143774184e-11,0.1314673666212542,0.0
UGC09309,Sbc,Courteau97,66.3645172889224,18.232162315467967,4.0597636585279345e-11,2.6685241150341294e-11,0.25015500733447715,0.0
UGC09309,Sbc,Courteau97,66.3645172889224,19.118881826776235,4.32194026964502e-11,3.2417423161717695e-11,0.12948761710738765,0.0
UGC09309,Sbc,Courteau97,66.3645172889224,20.22728121591157,4.41826977489744e-11,2.134962109758573e-11,0.24822581521665713,0.0
UGC09338,Sb,Mathewson96,70.23604224488676,0.1677817128451264,6.8491921792943565e-12,2.8636023395978013e-12,0.8102789855844803,0.0
UGC09338,Sb,Mathewson96,70.23604224488676,1.022177819794924,1.832517087552357e-11,2.997039467325611e-11,0.6796523742269436,0.0
UGC09338,Sb,Mathewson96,70.23604224488676,1.8765739267447215,7.133937348065548e-11,4.47852087176729e-11,0.6020624061668833,0.0
UGC09338,Sb,Mathewson96,70.23604224488676,2.2121373524349743,9.606701041493204e-11,4.890332076588145e-11,0.5808892543722622,0.0
UGC09338,Sb,Mathewson96,70.23604224488676,3.0665334593847717,8.817799899307413e-11,4.888026406706488e-11,0.5540290769916579,0.0
UGC09338,Sb,Mathewson96,70.23604224488676,3.9209295663345696,1.3090225271842222e-10,5.605198330612911e-11,0.4933271731953658,0.0
UGC09338,Sb,Mathewson96,70.23604224488676,4.599800189077158,1.1057093327065011e-10,5.1774152292359916e-11,0.4423966104019263,0.0
UGC09338,Sb,Mathewson96,70.23604224488676,5.2786708118197465,1.1767808125994016e-10,5.1259885157457795e-11,0.4777538771479681,0.0
UGC09338,Sb,Mathewson96,70.23604224488676,6.1330669187695435,1.026705946310898e-10,4.7652086619127086e-11,0.394237334048746,0.0
UGC09338,Sb,Mathewson96,70.23604224488676,6.987463025719341,8.381613981742827e-11,5.038886456503381e-11,0.40823774473542823,0.0
UGC09338,Sb,Mathewson96,70.23604224488676,7.323026451409595,1.1006371631294593e-10,3.1273318484831064e-11,0.537016199427385,0.0
UGC09338,Sb,Mathewson96,70.23604224488676,8.177422558359392,1.0356798449514857e-10,4.7033527491137305e-11,0.3066633913067712,0.0
UGC09338,Sb,Mathewson96,70.23604224488676,9.03181866530919,8.874443186993452e-11,5.023237823251741e-11,0.2558942605230955,0.0
UGC09338,Sb,Mathewson96,70.23604224488676,9.367382090999442,7.797013851938861e-11,4.1696310510992114e-11,0.34839362098098636,0.0
UGC09338,Sb,Mathewson96,70.23604224488676,10.053996485104115,8.494233107872407e-11,4.913997469065815e-11,0.24084260069944355,0.0
UGC09338,Sb,Mathewson96,70.23604224488676,11.076174304899036,7.438676781002888e-11,4.2994986581194515e-11,0.23608206114799396,0.0
UGC09338,Sb,Mathewson96,70.23604224488676,12.09835212469396,8.165887370058131e-11,3.998898470133474e-11,0.2050118716808717,0.0
UGC09338,Sb,Mathewson96,70.23604224488676,13.120529944488885,6.91227193215304e-11,2.670428890725238e-11,0.21245337773735512,0.0
UGC09338,Sb,Mathewson96,70.23604224488676,14.14270776428381,5.920612048006497e-11,1.7369678252339523e-11,0.46007826765734966,0.0
UGC09410,-,Courteau97,70.7377385614239,0.3284884299323686,7.038861716108148e-11,7.630490955649947e-12,0.7264313682566452,0.0
UGC09410,-,Courteau97,70.7377385614239,1.0806273925290282,2.4136971861979586e-10,2.282025033754506e-11,0.6623710670044701,0.0
UGC09410,-,Courteau97,70.7377385614239,1.8757684768622886,1.939163873580886e-10,3.249195099896264e-11,0.5626202947248047,0.0
UGC09410,-,Courteau97,70.7377385614239,2.627907439458949,1.354696421006911e-10,3.516967323635998e-11,0.5611310721120689,0.0
UGC09410,-,Courteau97,70.7377385614239,3.2848842993236858,1.1349725605993034e-10,3.5343028349258855e-11,0.5182159521333874,0.0
UGC09410,-,Courteau97,70.7377385614239,3.9418611591884227,1.2461672573660273e-10,3.360067840553078e-11,0.5277130082782283,0.0
UGC09410,-,Courteau97,70.7377385614239,4.694000121785082,1.2700307598818286e-10,3.65179638926963e-11,0.4743749249913398,0.0
UGC09410,-,Courteau97,70.7377385614239,5.584303308850266,9.815957912735676e-11,3.8489394147625606e-11,0.39822674240350875,0.0
UGC09410,-,Courteau97,70.7377385614239,6.241280168715003,1.2139796280859473e-10,2.9918741276803386e-11,0.4574083455680761,0.0
UGC09410,-,Courteau97,70.7377385614239,6.89825702857974,7.902338105620388e-11,2.6889052496944937e-11,0.46257708097986466,0.0
UGC09410,-,Courteau97,70.7377385614239,7.702555972171722,6.73576028587365e-11,2.119353335729969e-11,0.49594878263528575,0.0
UGC09410,-,Courteau97,70.7377385614239,8.589806539483996,6.999522081930752e-11,2.1610129877491544e-11,0.40067235094008813,0.0
UGC09410,-,Courteau97,70.7377385614239,9.19767603810632,7.480865640690357e-11,2.0036417842425592e-11,0.4422616420903019,0.0
UGC09410,-,Courteau97,70.7377385614239,9.673486551765933,7.973717187129655e-11,2.8535534820536814e-11,0.2727554321707875,0.0
UGC09410,-,Courteau97,70.7377385614239,13.303781412260928,6.230927243080151e-11,1.570006483898282e-11,0.34333581863067725,0.0
UGC09410,-,Courteau97,70.7377385614239,14.634657263229341,3.985624401796346e-11,1.4246387715474906e-11,0.3145474177963869,0.0
UGC09479,Sb,Courteau97,74.40722129831447,0.48969206603156135,1.1173214630232492e-10,1.6005299523457962e-11,0.7282845342769994,0.0
UGC09479,Sb,Courteau97,74.40722129831447,1.4690761980946843,1.9662951414708803e-10,3.9593251146632354e-11,0.6482617801386663,0.0
UGC09479,Sb,Courteau97,74.40722129831447,2.448460330157807,2.2297599797219535e-10,5.1607946405566176e-11,0.5613087272987096,0.0
UGC09479,Sb,Courteau97,74.40722129831447,3.3606725606380143,1.783549544372656e-10,6.07539887172386e-11,0.4952421956502593,0.0
UGC09479,Sb,Courteau97,74.40722129831447,4.147939118512594,1.8361928199062212e-10,6.154352759322655e-11,0.48017904311213405,0.0
UGC09479,Sb,Courteau97,74.40722129831447,5.060151348992801,1.5562628924627662e-10,5.8166924222963826e-11,0.46208334100354787,0.0
UGC09479,Sb,Courteau97,74.40722129831447,6.039535481055924,1.2884935637954884e-10,6.190727810712158e-11,0.3759462521070756,0.0
UGC09479,Sb,Courteau97,74.40722129831447,7.018919613119046,1.3785155754208662e-10,3.6135627391171456e-11,0.5012110805803954,0.0
UGC09479,Sb,Courteau97,74.40722129831447,7.911989335563475,1.5439628003849032e-10,5.6670863781810096e-11,0.2945509051959378,0.0
UGC09479,Sb,Courteau97,74.40722129831447,8.96828974668509,1.1813665027688908e-10,4.208843599378101e-11,0.37098037891783914,0.0
UGC09479,Sb,Courteau97,74.40722129831447,9.947673878748214,1.1098266461327698e-10,3.517605980512852e-11,0.3925937879844309,0.0
UGC09479,Sb,Courteau97,74.40722129831447,10.869284239788623,1.1065798276892049e-10,3.50560518053728e-11,0.34019048076752245,0.0
UGC09479,Sb,Courteau97,74.40722129831447,11.656550797663202,8.534981240930219e-11,4.1892741649029434e-11,0.22920616975571503,0.0
UGC09479,Sb,Courteau97,74.40722129831447,12.578161158703608,9.114617088428666e-11,2.884151377884654e-11,0.2512742964574579,0.0
UGC09479,Sb,Courteau97,74.40722129831447,13.557545290766733,9.034095392827401e-11,1.6858672630019674e-11,0.5156506828956322,0.0
UGC09479,Sb,Courteau97,74.40722129831447,14.529410918381695,7.565291799018993e-11,2.2955770582405473e-11,0.32440898093913517,0.0
UGC09479,Sb,Courteau97,74.40722129831447,15.506915424332776,7.933733817294388e-11,2.934904502699121e-11,0.20286190603767046,0.0
UGC09479,Sb,Courteau97,74.40722129831447,16.169236309601725,9.441951496331018e-11,1.7430030072197994e-11,0.3821916284400433,0.0
UGC09479,Sb,Courteau97,74.40722129831447,17.45628555789882,5.368790360892914e-11,2.0360734990758902e-11,0.24462971739720707,0.0
UGC09479,Sb,Courteau97,74.40722129831447,18.272439001284756,7.061764144844577e-11,1.1430222396365362e-11,0.4834103382739526,0.0
UGC09479,Sb,Courteau97,74.40722129831447,18.762131067316314,5.709385965213359e-11,2.240582269685565e-11,0.16998865550281642,0.0
UGC09701,Scd:,Courteau97,57.02850129916206,0.42840596320267604,1.4517656982732842e-11,7.742517831331971e-12,0.8108927498469177,0.0
UGC09701,Scd:,Courteau97,57.02850129916206,1.2852178896080282,9.192740319601112e-11,2.2055922843929185e-11,0.7497062182005176,0.0
UGC09701,Scd:,Courteau97,57.02850129916206,2.1420298160133804,1.2537040052224893e-10,3.362699327873009e-11,0.6790499308210038,0.0
UGC09701,Scd:,Courteau97,57.02850129916206,2.9988417424187324,9.04016043624485e-11,4.3058990709609926e-11,0.6043663879166913,0.0
UGC09701,Scd:,Courteau97,57.02850129916206,3.7574232105947836,1.1953844789505282e-10,4.0388865502362043e-11,0.6316780950900217,0.0
UGC09701,Scd:,Courteau97,57.02850129916206,4.498262613628098,1.04878838346472e-10,4.641203558295807e-11,0.5833465942688936,0.0
UGC09701,Scd:,Courteau97,57.02850129916206,5.355074540033451,1.1733419416956192e-10,5.6218778261351514e-11,0.4919503333527362,0.0
UGC09701,Scd:,Courteau97,57.02850129916206,6.211886466438803,8.464286006626967e-11,3.0012597708907086e-11,0.6787893682440082,0.0
UGC09701,Scd:,Courteau97,57.02850129916206,7.068698392844155,8.097550996756697e-11,6.769632394576078e-11,0.3442782532242312,0.0
UGC09701,Scd:,Courteau97,57.02850129916206,7.80953779587747,9.056499931632515e-11,7.473120874663731e-11,0.2839878968670398,0.0
UGC09701,Scd:,Courteau97,57.02850129916206,8.648607657140083,7.895690332038253e-11,7.014436093581406e-11,0.26412595524211696,0.0
UGC09701,Scd:,Courteau97,57.02850129916206,9.505419583545436,5.6197776554251374e-11,6.060296018487256e-11,0.26608076499985095,0.0
UGC09701,Scd:,Courteau97,57.02850129916206,10.379973575093526,5.6713776954385325e-11,5.670977233645735e-11,0.2404071732325132,0.0
UGC09701,Scd:,Courteau97,57.02850129916206,11.138555043269577,6.812356423470608e-11,2.228704313196266e-11,0.5757528042491161,0.0
UGC09701,Scd:,Courteau97,57.02850129916206,11.99536696967493,6.489548679756161e-11,2.8405229112318723e-11,0.4539893817674677,0.0
UGC09701,Scd:,Courteau97,57.02850129916206,12.852178896080282,6.782998986258865e-11,3.998738499274717e-11,0.2612670798192165,0.0
UGC09701,Scd:,Courteau97,57.02850129916206,13.66441929298071,5.504380144130587e-11,3.618867505241732e-11,0.19232040772512168,0.0
UGC09701,Scd:,Courteau97,57.02850129916206,14.64629114197755,7.746549799870062e-11,2.2013090986037095e-11,0.4240976225192303,0.0
UGC09701,Scd:,Courteau97,57.02850129916206,15.5031030683829,8.56516580553975e-11,3.19218485034971e-11,0.20071239722541,0.0
UGC09701,Scd:,Courteau97,57.02850129916206,16.145712013186916,6.965894191573248e-11,1.9616837838440188e-11,0.3918670252072779,0.0
UGC09701,Scd:,Courteau97,57.02850129916206,16.57411797638959,5.09879929287635e-11,3.023711270414495e-11,0.15516338610164196,0.0
UGC09718,Sb,Courteau97,58.94275619205368,0.612512148643735,4.1500342154891214e-10,6.233869359751322e-11,0.7446063657489256,0.0
UGC09718,Sb,Courteau97,58.94275619205368,1.7860427459821104,2.8805247214772803e-10,1.6811292478970347e-10,0.5847664901356852,0.0
UGC09718,Sb,Courteau97,58.94275619205368,3.061787564540761,3.519833766227179e-10,2.0791763382360147e-10,0.5263553562925449,0.0
UGC09718,Sb,Courteau97,58.94275619205368,4.337532383099411,3.0802543150896043e-10,2.4888964680804546e-10,0.3709397474889318,0.0
UGC09718,Sb,Courteau97,58.94275619205368,5.358128237946332,2.5394777322680146e-10,2.242574702806422e-10,0.3620504426362974,0.0
UGC09718,Sb,Courteau97,58.94275619205368,6.633873056504982,1.8808325874714685e-10,1.5575333762891135e-10,0.40742981111884236,0.0
UGC09718,Sb,Courteau97,58.94275619205368,7.909617875063632,1.4673718018553863e-10,1.4240076237158414e-10,0.3627543656889761,0.0
UGC09718,Sb,Courteau97,58.94275619205368,9.0155211107071,1.2879086018262802e-10,8.357576565126674e-11,0.5024516410716451,0.0
UGC09718,Sb,Courteau97,58.94275619205368,10.078770655952297,1.1842719441186783e-10,1.0740284457476932e-10,0.25561445681626105,0.0
UGC09718,Sb,Courteau97,58.94275619205368,11.481703367027855,1.3594474773300062e-10,1.093889966386685e-10,0.2646126273403605,0.0
UGC09718,Sb,Courteau97,58.94275619205368,12.416991841078227,1.206456624123814e-10,1.1511083504085537e-10,0.19991339826286914,0.0
UGC09718,Sb,Courteau97,58.94275619205368,13.778044040433423,1.0029036475810885e-10,9.432013479389099e-11,0.2178748669576387,0.0
UGC09718,Sb,Courteau97,58.94275619205368,14.799413073958258,1.1374804669775116e-10,7.771642975096043e-11,0.18688948245138962,0.0
UGC09718,Sb,Courteau97,58.94275619205368,16.07515789251691,4.9686220908297027e-11,4.447125803096071e-11,0.42826653654498315,0.0
UGC09718,Sb,Courteau97,58.94275619205368,16.8406047836521,5.218495798015188e-11,6.25757526947113e-11,0.2113309336120231,0.0
UGC09718,Sb,Courteau97,58.94275619205368,19.902392348192862,9.243756107001175e-11,5.831952045069797e-11,0.16314622526487818,0.0
UGC09718,Sb,Courteau97,58.94275619205368,20.922988203039782,5.6086443132098565e-11,3.582874137443354e-11,0.3092342777894724,0.0
UGC09718,Sb,Courteau97,58.94275619205368,22.198733021598432,4.5576804577187234e-11,4.414589115306293e-11,0.16289380799010433,0.0
UGC09718,Sb,Courteau97,58.94275619205368,23.219328876445353,3.864155053308686e-11,3.017309752368311e-11,0.29982124032570945,0.0
UGC09718,Sb,Courteau97,58.94275619205368,23.984775767580544,2.7683876999764836e-11,4.256514991202933e-11,0.14614864006157063,0.0
UGC09757,Sbc,Courteau97,71.25602016639507,3.6730711570067633,1.7687539182904655e-10,9.056630063235666e-11,0.6118432385474428,0.0
UGC09757,Sbc,Courteau97,71.25602016639507,4.923478359392045,4.908721347113907e-10,8.589232544167004e-11,0.6029937518925167,0.0
UGC09757,Sbc,Courteau97,71.25602016639507,8.729864990182532,2.2913180280135268e-10,5.976461640978686e-11,0.6136280974383174,0.0
UGC09757,Sbc,Courteau97,71.25602016639507,9.735707254454223,2.576720093088875e-10,3.237636976086265e-11,0.7574442547426059,0.0
UGC09757,Sbc,Courteau97,71.25602016639507,10.872106741327904,2.3642930391337914e-10,2.0512125191577138e-11,0.8204000354501652,0.0
UGC09757,Sbc,Courteau97,71.25602016639507,12.008506228201586,2.3290609869315454e-10,2.5005459743050763e-11,0.7603023409620465,0.0
UGC09757,Sbc,Courteau97,71.25602016639507,13.267188184132065,2.175067347458851e-10,4.154447735378812e-11,0.5592234465165836,0.0
UGC09757,Sbc,Courteau97,71.25602016639507,14.025707259108431,2.052030834244447e-10,4.998372998278302e-11,0.5465091955348051,0.0
UGC09757,Sbc,Courteau97,71.25602016639507,16.31505573994619,1.6249083800989934e-10,1.1353278884586939e-10,0.19489578906971033,0.0
UGC09757,Sbc,Courteau97,71.25602016639507,17.818302633990257,1.5588176601269203e-10,1.0201320081251269e-10,0.16651300108028383,0.0
UGC09757,Sbc,Courteau97,71.25602016639507,19.588180475601774,1.6868149321024724e-10,8.845399224792178e-11,0.15556073119290406,0.0
UGC09757,Sbc,Courteau97,71.25602016639507,21.610898008872084,1.1916053979909376e-10,8.237948335639427e-11,0.1369889650903409,0.0
UGC09757,Sbc,Courteau97,71.25602016639507,22.46289115167382,1.191457758048996e-10,4.3934274292343014e-11,0.3055510747884941,0.0
UGC10011,Sbc,Courteau97,72.21883507042578,0.6175321116040046,1.7220810900724872e-10,9.895550102946257e-12,0.7785920233305106,0.0
UGC10011,Sbc,Courteau97,72.21883507042578,1.3851187549996364,1.713718884672093e-10,1.920745937156288e-11,0.7264558637665411,0.0
UGC10011,Sbc,Courteau97,72.21883507042578,2.014193522895305,1.5213152315394002e-10,2.5149162541656027e-11,0.681569204244517,0.0
UGC10011,Sbc,Courteau97,72.21883507042578,2.8568074321867503,1.878024003771328e-10,2.773800917046299e-11,0.6474870177066249,0.0
UGC10011,Sbc,Courteau97,72.21883507042578,3.7225066540615233,1.605385763955318e-10,2.8051801739318113e-11,0.6599394819611745,0.0
UGC10011,Sbc,Courteau97,72.21883507042578,4.657461813686278,1.5669349834960698e-10,2.981646978701646e-11,0.5761196050666019,0.0
UGC10011,Sbc,Courteau97,72.21883507042578,5.523161035561051,1.2760709158329785e-10,2.2734258548478184e-11,0.6902707957279521,0.0
UGC10011,Sbc,Courteau97,72.21883507042578,6.284976350810851,1.187705161039181e-10,4.3924132708462374e-11,0.4421095855036567,0.0
UGC10011,Sbc,Courteau97,72.21883507042578,7.046791666060651,1.2247347761703572e-10,4.5819403559352094e-11,0.43762084960895875,0.0
UGC10011,Sbc,Courteau97,72.21883507042578,7.912490887935424,1.2044511196840013e-10,3.371369376311896e-11,0.5238223187665502,0.0
UGC10011,Sbc,Courteau97,72.21883507042578,8.7608761253727,1.0511067450153505e-10,2.973571970408099e-11,0.5356774017158427,0.0
UGC10011,Sbc,Courteau97,72.21883507042578,9.522691440622502,8.822961614204325e-11,3.7372303069264906e-11,0.4119380239243066,0.0
UGC10011,Sbc,Courteau97,72.21883507042578,10.717356366809687,1.5247671567566209e-10,2.0732091871375775e-11,0.5825504741916574,0.0
UGC10011,Sbc,Courteau97,72.21883507042578,11.28871785324704,9.348511484702123e-11,4.389528006970261e-11,0.26769733773507426,0.0
UGC10011,Sbc,Courteau97,72.21883507042578,12.050533168496838,1.438455053270202e-10,1.8549381162514638e-11,0.5370107775696308,0.0
UGC10011,Sbc,Courteau97,72.21883507042578,12.81234848374664,1.479133096677841e-10,2.4924287642379154e-11,0.41986034089354846,0.0
UGC10011,Sbc,Courteau97,72.21883507042578,13.764617627808889,1.0560403667879155e-10,3.4678106054180894e-11,0.2384916483400176,0.0
UGC10011,Sbc,Courteau97,72.21883507042578,14.716886771871138,1.0427289001347484e-10,3.223350540493635e-11,0.1645259792558806,0.0
UGC10011,Sbc,Courteau97,72.21883507042578,16.327087324558214,6.589379786801575e-11,3.409228147186691e-11,0.11988069585178039,0.0
UGC10011,Sbc,Courteau97,72.21883507042578,16.707994982183116,7.419037453559133e-11,2.6630712375958458e-11,0.16733481681082912,0.0
UGC10026,Scd:,Courteau97,70.1707331978424,0.15178672419783612,2.7333065457884558e-11,3.231581990039164e-12,0.581137431812455,0.0
UGC10026,Scd:,Courteau97,70.1707331978424,0.5649205148716456,1.2850898782697238e-11,1.2309659099557257e-11,0.6555347250526461,0.0
UGC10026,Scd:,Courteau97,70.1707331978424,1.0168569267689622,8.474790131260703e-11,1.9089471135334187e-11,0.6145950629912719,0.0
UGC10026,Scd:,Courteau97,70.1707331978424,1.4687933386662788,9.691482968175312e-11,2.3450173876534738e-11,0.5805322138158946,0.0
UGC10026,Scd:,Courteau97,70.1707331978424,1.9207297505635954,6.80353283224445e-11,2.638771065026472e-11,0.5403185996502315,0.0
UGC10026,Scd:,Courteau97,70.1707331978424,2.372666162460912,4.879162430663141e-11,2.6781760000214064e-11,0.5347355809367337,0.0
UGC10026,Scd:,Courteau97,70.1707331978424,2.7116184713838996,3.88638404896989e-11,2.6088733799339477e-11,0.5200234104227324,0.0
UGC10026,Scd:,Courteau97,70.1707331978424,3.0505707803068867,4.956360568792097e-11,2.698880605199873e-11,0.48771374646140186,0.0
UGC10026,Scd:,Courteau97,70.1707331978424,3.4990834315080117,8.720839020719152e-11,2.6781361682350723e-11,0.5048372516480171,0.0
UGC10026,Scd:,Courteau97,70.1707331978424,3.95444360410152,7.933794170954438e-11,2.3430140462378178e-11,0.5225855205327752,0.0
UGC10026,Scd:,Courteau97,70.1707331978424,4.406380015998836,7.251544938649487e-11,2.3733596514702735e-11,0.4773306720752181,0.0
UGC10026,Scd:,Courteau97,70.1707331978424,4.858316427896153,7.16900971963903e-11,2.4199545679875246e-11,0.44180307686552495,0.0
UGC10026,Scd:,Courteau97,70.1707331978424,5.31025283979347,7.02396501089158e-11,2.3408435364798713e-11,0.4467494914606769,0.0
UGC10026,Scd:,Courteau97,70.1707331978424,5.649205148716456,7.302627839589663e-11,2.8767991354970147e-11,0.3668547245481638,0.0
UGC10026,Scd:,Courteau97,70.1707331978424,5.988157457639444,5.889746239730155e-11,3.0197424424232284e-11,0.26875437757466647,0.0
UGC10026,Scd:,Courteau97,70.1707331978424,6.4035737554440475,3.75377105602839e-11,2.2644885411327513e-11,0.38265019979061177,0.0
UGC10026,Scd:,Courteau97,70.1707331978424,6.7824699391559395,5.625524581181184e-11,2.7096651109844733e-11,0.2779357476257374,0.0
UGC10026,Scd:,Courteau97,70.1707331978424,7.460374557001915,7.40747016851245e-11,2.385328826159283e-11,0.26804025693134015,0.0
UGC10026,Scd:,Courteau97,70.1707331978424,7.799326865924902,6.902995820701847e-11,1.7527323513849982e-11,0.3561114629856099,0.0
UGC10026,Scd:,Courteau97,70.1707331978424,8.13827917484789,6.549008822982376e-11,2.256604261303604e-11,0.23409353074084327,0.0
UGC10026,Scd:,Courteau97,70.1707331978424,8.364247380796549,3.802485425535794e-11,1.815687385816704e-11,0.31141664789673723,0.0
UGC10077,Sbc,Courteau97,59.51431456962083,0.27466001632204523,1.4581010463440534e-11,7.845752103652554e-12,0.7924101975478989,0.0
UGC10077,Sbc,Courteau97,59.51431456962083,0.9823461566431533,8.503463598074376e-11,3.218411684296677e-11,0.7260826688518329,0.0
UGC10077,Sbc,Courteau97,59.51431456962083,1.7682230819576759,1.3273775539769526e-10,4.889329580836791e-11,0.6695968606777258,0.0
UGC10077,Sbc,Courteau97,59.51431456962083,2.5541000072721984,1.2802049495363464e-10,6.70642350521965e-11,0.5902044784234517,0.0
UGC10077,Sbc,Courteau97,59.51431456962083,3.3399769325867212,1.641757897710055e-10,7.804315418837543e-11,0.5118214902905426,0.0
UGC10077,Sbc,Courteau97,59.51431456962083,4.047663072907829,1.4988906977007135e-10,8.161727986650016e-11,0.4722848641255849,0.0
UGC10077,Sbc,Courteau97,59.51431456962083,4.715261551887135,1.4680901682200007e-10,6.261182295173361e-11,0.543644605329044,0.0
UGC10077,Sbc,Courteau97,59.51431456962083,5.304669245873027,1.2567658681193987e-10,7.772395144265686e-11,0.37927697743159416,0.0
UGC10077,Sbc,Courteau97,59.51431456962083,6.052443047535937,1.1495975742246089e-10,8.268105330828385e-11,0.3824933479180015,0.0
UGC10077,Sbc,Courteau97,59.51431456962083,6.83831997285046,1.345252435790708e-10,5.2849196326659335e-11,0.5053875273194322,0.0
UGC10077,Sbc,Courteau97,59.51431456962083,7.662300021816595,8.728551905309813e-11,4.062075572444863e-11,0.540458129940812,0.0
UGC10077,Sbc,Courteau97,59.51431456962083,8.395388244572112,8.808465942078441e-11,3.454379914678065e-11,0.5780436111614644,0.0
UGC10077,Sbc,Courteau97,59.51431456962083,9.075687764768624,1.2969719224839232e-10,4.1994466840984404e-11,0.4870539301195048,0.0
UGC10077,Sbc,Courteau97,59.51431456962083,9.626992335102901,7.56101888168172e-11,6.825760342477945e-11,0.26185675052780544,0.0
UGC10077,Sbc,Courteau97,59.51431456962083,10.37476613676581,7.169706415881642e-11,5.578568772175381e-11,0.2357486466588283,0.0
UGC10077,Sbc,Courteau97,59.51431456962083,11.160643062080334,6.819619035505047e-11,2.7343161596295383e-11,0.5462410695646216,0.0
UGC10077,Sbc,Courteau97,59.51431456962083,13.518273838023902,8.165208194391941e-11,2.1027446203014314e-11,0.5374316149829477,0.0
UGC10077,Sbc,Courteau97,59.51431456962083,14.107681532009794,9.490990589477489e-11,4.309904199179344e-11,0.2044114215509586,0.0
UGC10077,Sbc,Courteau97,59.51431456962083,14.500619994667057,9.640302623374735e-11,2.9979397130495506e-11,0.3265856441482613,0.0
UGC10337,Sb,Courteau97,77.11544251911691,3.706471702906456,3.4989073070387255e-10,4.283623166825868e-11,0.6784561423661087,0.0
UGC10337,Sb,Courteau97,77.11544251911691,4.262807782221899,3.9588009434416074e-10,5.461318549900784e-11,0.5811593000169551,0.0
UGC10337,Sb,Courteau97,77.11544251911691,5.105596924890311,3.402720811656576e-10,4.938203801245937e-11,0.556112477945217,0.0
UGC10337,Sb,Courteau97,77.11544251911691,5.955127162953805,3.014589872039227e-10,4.3855357018198406e-11,0.6538015628426984,0.0
UGC10337,Sb,Courteau97,77.11544251911691,6.696038783280408,3.173464199874326e-10,3.327053837342751e-11,0.6970412297950371,0.0
UGC10337,Sb,Courteau97,77.11544251911691,7.438950986756519,2.6273678003869307e-10,4.208801995846098e-11,0.5773659763486108,0.0
UGC10337,Sb,Courteau97,77.11544251911691,8.23005114957296,2.3237399226920546e-10,5.4064756299883853e-11,0.40742714807425273,0.0
UGC10337,Sb,Courteau97,77.11544251911691,9.03899999335806,2.185251789270577e-10,4.827611180994295e-11,0.4409140745870654,0.0
UGC10337,Sb,Courteau97,77.11544251911691,9.79475072174145,2.0638405629142496e-10,2.4099843167373547e-11,0.7204349374719454,0.0
UGC10337,Sb,Courteau97,77.11544251911691,10.617094774440647,1.7849058051604696e-10,3.556847782832394e-11,0.5867128661766069,0.0
UGC10337,Sb,Courteau97,77.11544251911691,11.439073503260369,1.647542041941837e-10,5.474112030401518e-11,0.3890571615044554,0.0
UGC10337,Sb,Courteau97,77.11544251911691,12.31280644833911,1.6294672342044222e-10,7.240312600028845e-11,0.25061076952500627,0.0
UGC10337,Sb,Courteau97,77.11544251911691,13.047803301093255,1.7362148140651573e-10,1.8497946143162305e-11,0.712393854090891,0.0
UGC10337,Sb,Courteau97,77.11544251911691,13.805415441624447,1.6374849628707488e-10,4.87767118268629e-11,0.33295981177657535,0.0
UGC10337,Sb,Courteau97,77.11544251911691,14.552207036773083,1.2301621695749123e-10,3.0284182842968435e-11,0.43313567347241666,0.0
UGC10337,Sb,Courteau97,77.11544251911691,15.417711496376024,1.5038343310018335e-10,3.6205595706186255e-11,0.38508594455136136,0.0
UGC10337,Sb,Courteau97,77.11544251911691,15.762159725595716,1.5071600634265102e-10,1.913000730647463e-11,0.6311406760556517,0.0
UGC11846,Sbc,Courteau97,55.09203673826382,0.32385004726928956,1.901060421672096e-10,2.7643644642805193e-11,0.7223459473957068,0.0
UGC11846,Sbc,Courteau97,55.09203673826382,0.9715501418078686,4.477911163886723e-10,7.559338225301305e-11,0.6769905875873073,0.0
UGC11846,Sbc,Courteau97,55.09203673826382,1.6192502363464476,4.36442121971846e-10,1.1498176288041377e-10,0.5915762451289748,0.0
UGC11846,Sbc,Courteau97,55.09203673826382,2.2276957797008703,3.864949665045129e-10,1.3265142141013868e-10,0.523073806829352,0.0
UGC11846,Sbc,Courteau97,55.09203673826382,2.784900114277403,3.5784482483745323e-10,1.4645222860454703e-10,0.5090921268186873,0.0
UGC11846,Sbc,Courteau97,55.09203673826382,3.40042549632754,3.2978727636727337e-10,1.5962115454354691e-10,0.46051297410954956,0.0
UGC11846,Sbc,Courteau97,55.09203673826382,4.048125590866119,2.774201109107314e-10,1.7566421093143213e-10,0.3678055477507418,0.0
UGC11846,Sbc,Courteau97,55.09203673826382,4.6958256854046985,2.254514876707404e-10,1.4113011037056012e-10,0.40264451919668226,0.0
UGC11846,Sbc,Courteau97,55.09203673826382,5.311351067454835,2.1249026537490601e-10,1.4794158420549177e-10,0.28573416650099953,0.0
UGC11846,Sbc,Courteau97,55.09203673826382,5.991225874481856,2.298475192381445e-10,1.3484347155631064e-10,0.3121458733642793,0.0
UGC11846,Sbc,Courteau97,55.09203673826382,6.638925969020436,1.9048191748329598e-10,1.1573717289925645e-10,0.33566343746167465,0.0
UGC11846,Sbc,Courteau97,55.09203673826382,7.286626063559014,1.657876309292873e-10,1.0758782384723984e-10,0.3273586204185394,0.0
UGC11846,Sbc,Courteau97,55.09203673826382,7.934326158097593,1.420182345558364e-10,1.1230887385904879e-10,0.26943927100444065,0.0
UGC11846,Sbc,Courteau97,55.09203673826382,8.582026252636172,1.39242578835816e-10,1.0150439717173152e-10,0.22932276647830988,0.0
UGC11846,Sbc,Courteau97,55.09203673826382,9.22972634717475,1.2831107018122695e-10,5.460216963624853e-11,0.47810496551235215,0.0
UGC11846,Sbc,Courteau97,55.09203673826382,9.929029820457503,1.325810808012695e-10,6.597903056736805e-11,0.36524299947989874,0.0
UGC11846,Sbc,Courteau97,55.09203673826382,10.525126536251909,1.1252905932017095e-10,9.147121175333166e-11,0.18903384906746162,0.0
UGC11846,Sbc,Courteau97,55.09203673826382,11.186916210769088,1.0908421042906304e-10,4.435036058215552e-11,0.44980466934099234,0.0
UGC11846,Sbc,Courteau97,55.09203673826382,11.788352012840624,1.2991821952495256e-10,6.919058913160235e-11,0.21033086994936498,0.0
UGC11846,Sbc,Courteau97,55.09203673826382,12.42602817734468,1.024264785198905e-10,5.0031344737487184e-11,0.25486080912381015,0.0
UGC11957,Sbc,Courteau97,67.40369182691398,0.37988969400205236,1.0017035671588245e-10,1.1293615318642512e-11,0.7156397259715218,0.0
UGC11957,Sbc,Courteau97,67.40369182691398,1.1565262197227406,2.4418062008736335e-10,3.084310115045232e-11,0.6473062574537792,0.0
UGC11957,Sbc,Courteau97,67.40369182691398,1.9191822523883784,2.3648244517671626e-10,4.319112410289449e-11,0.5566875096568946,0.0
UGC11957,Sbc,Courteau97,67.40369182691398,2.6958187781090666,1.802149549135977e-10,4.879054549218965e-11,0.5241224610042379,0.0
UGC11957,Sbc,Courteau97,67.40369182691398,3.4555981661131714,1.6103648904582772e-10,4.777936359510631e-11,0.4492186105497117,0.0
UGC11957,Sbc,Courteau97,67.40369182691398,4.23223469183386,1.3821337765449313e-10,5.028913349180731e-11,0.41684907737875143,0.0
UGC11957,Sbc,Courteau97,67.40369182691398,4.994890724499498,1.1106542027512831e-10,3.8604070116711816e-11,0.4806118149157954,0.0
UGC11957,Sbc,Courteau97,67.40369182691398,5.771527250220186,1.1988620612017237e-10,4.2347359197670416e-11,0.42743513453171794,0.0
UGC11957,Sbc,Courteau97,67.40369182691398,6.53130663822429,1.2844068271474512e-10,2.6769527940106444e-11,0.5681507562707991,0.0
UGC11957,Sbc,Courteau97,67.40369182691398,7.307943163944979,1.1156997304500006e-10,2.1842199091920008e-11,0.5972019728970915,0.0
UGC11957,Sbc,Courteau97,67.40369182691398,8.034641138341453,7.930756225534754e-11,1.9602616635765284e-11,0.6116114269433716,0.0
UGC11957,Sbc,Courteau97,67.40369182691398,8.847235722331305,6.970251844601705e-11,1.9109603675778168e-11,0.5938838258132542,0.0
UGC11957,Sbc,Courteau97,67.40369182691398,9.622055852422855,5.574739712957127e-11,2.085647200280321e-11,0.5376229428531567,0.0
UGC11957,Sbc,Courteau97,67.40369182691398,10.533352224242277,6.407090462995406e-11,2.0676714629558246e-11,0.5013026370716751,0.0
UGC11957,Sbc,Courteau97,67.40369182691398,11.146307668721736,6.495703615568111e-11,3.418407894417578e-11,0.2741739654483082,0.0
UGC11957,Sbc,Courteau97,67.40369182691398,11.922944194442424,5.152408022745841e-11,1.95769046643036e-11,0.39862317907658656,0.0
UGC11957,Sbc,Courteau97,67.40369182691398,12.6402643072423,5.5493387233870116e-11,2.1400375012399846e-11,0.387343392146086,0.0
UGC11957,Sbc,Courteau97,67.40369182691398,13.490865120500326,3.530249659800242e-11,2.8596143132398063e-11,0.23004154664166165,0.0
UGC11957,Sbc,Courteau97,67.40369182691398,14.296866434925944,5.846030654780237e-11,1.2465706387908736e-11,0.5330111956717541,0.0
UGC11957,Sbc,Courteau97,67.40369182691398,14.971101602307709,5.6118108498410436e-11,2.3117137217598638e-11,0.2319063540672125,0.0
UGC12021,Sb,Mathewson96,68.14307006288514,0.07612511477953118,1.4376291346557503e-12,3.2345780458020473e-12,0.0,0.0
UGC12021,Sb,Mathewson96,68.14307006288514,0.48002460911933675,1.184462411236794e-10,1.9122659560415522e-11,0.5801400302046757,0.0
UGC12021,Sb,Mathewson96,68.14307006288514,0.8839241034591423,1.325177869633498e-10,3.0166979990027923e-11,0.5280009598634341,0.0
UGC12021,Sb,Mathewson96,68.14307006288514,1.0361743330182047,1.1160566873304282e-10,3.3070578358114747e-11,0.5235178553675105,0.0
UGC12021,Sb,Mathewson96,68.14307006288514,1.363948712578479,1.0350429123871621e-10,3.7850787946350946e-11,0.4877008922140103,0.0
UGC12021,Sb,Mathewson96,68.14307006288514,1.5161989421375413,1.1478566769986042e-10,3.984322198554337e-11,0.466267811249372,0.0
UGC12021,Sb,Mathewson96,68.14307006288514,1.920098436477347,1.2480363480049376e-10,4.317293461043113e-11,0.406752395105963,0.0
UGC12021,Sb,Mathewson96,68.14307006288514,2.3239979308171526,1.2690754640178005e-10,4.3747015928307746e-11,0.37354779245860137,0.0
UGC12021,Sb,Mathewson96,68.14307006288514,2.476248160376215,1.0541459315120364e-10,4.3995498243333196e-11,0.37702616776817244,0.0
UGC12021,Sb,Mathewson96,68.14307006288514,2.880147654716021,1.066827075437104e-10,4.2180195429542775e-11,0.3299116108708222,0.0
UGC12021,Sb,Mathewson96,68.14307006288514,3.284047149055826,9.204013436503374e-11,3.983181965257323e-11,0.3338839551502835,0.0
UGC12021,Sb,Mathewson96,68.14307006288514,3.4362973786148885,8.637971693361766e-11,3.70529486038335e-11,0.3081876157997953,0.0
UGC12021,Sb,Mathewson96,68.14307006288514,3.7640717581751626,1.0362585229552384e-10,3.389546975813614e-11,0.32316680434546047,0.0
UGC12021,Sb,Mathewson96,68.14307006288514,3.916321987734225,6.074999296503395e-11,3.531671827416241e-11,0.304962120754707,0.0
UGC12021,Sb,Mathewson96,68.14307006288514,4.320221482074031,7.037934672833335e-11,3.1783371913378984e-11,0.3081042099259206,0.0
UGC12021,Sb,Mathewson96,68.14307006288514,4.876371205972899,7.599639247510395e-11,2.5783363076726036e-11,0.3448794627932365,0.0
UGC12072,S?,Mathewson96,84.24889300067174,0.4661142607810341,3.2143037537714574e-11,5.194458438474369e-12,0.7313480170168848,0.0
UGC12072,S?,Mathewson96,84.24889300067174,1.3983427823431023,3.8368367953863924e-11,1.2388614412441879e-11,0.6671460411759391,0.0
UGC12072,S?,Mathewson96,84.24889300067174,2.3305713039051703,8.840406095757701e-11,1.7127025229801403e-11,0.5774933600011446,0.0
UGC12072,S?,Mathewson96,84.24889300067174,3.262799825467239,9.196546063027907e-11,2.0014587775009064e-11,0.5319779155344777,0.0
UGC12072,S?,Mathewson96,84.24889300067174,4.180432849974547,7.89345964539713e-11,2.0127538592406172e-11,0.4423630859582703,0.0
UGC12072,S?,Mathewson96,84.24889300067174,5.127256868591376,8.524425895931589e-11,2.2563634711781545e-11,0.3746243763986588,0.0
UGC12072,S?,Mathewson96,84.24889300067174,6.044889893098684,9.217369632764336e-11,1.658951994022621e-11,0.4450693507841855,0.0
UGC12072,S?,Mathewson96,84.24889300067174,6.977118414660753,7.597646786186739e-11,1.9792219698479605e-11,0.32751266254861106,0.0
UGC12072,S?,Mathewson96,84.24889300067174,7.90934693622282,1.2060423139142726e-10,1.4334814192503901e-11,0.390859159684979,0.0
UGC12072,S?,Mathewson96,84.24889300067174,8.841575457784888,1.0026950845951317e-10,1.1358768489882856e-11,0.4191447401343897,0.0
UGC12072,S?,Mathewson96,84.24889300067174,9.773803979346956,6.497679517005462e-11,1.0347151939606336e-11,0.3948793219726775,0.0
UGC12093,Scd:,Courteau97,62.56160336980008,0.365494975880542,1.7527845877273547e-10,1.1852598347451846e-11,0.7441362131473996,0.0
UGC12093,Scd:,Courteau97,62.56160336980008,1.0319552024268364,2.239904016437851e-10,3.1811597294074995e-11,0.6750076875591325,0.0
UGC12093,Scd:,Courteau97,62.56160336980008,1.6940708690277069,2.098601426727073e-10,4.486749267270495e-11,0.6016564950623111,0.0
UGC12093,Scd:,Courteau97,62.56160336980008,2.571821790415242,2.92294639124712e-10,5.132419737951663e-11,0.5878604711289416,0.0
UGC12093,Scd:,Courteau97,62.56160336980008,3.1692421496618426,2.265859077275389e-10,4.747582088675207e-11,0.6080038559704352,0.0
UGC12093,Scd:,Courteau97,62.56160336980008,3.939447471456621,1.8176892790819635e-10,4.077351509420681e-11,0.6279486486078708,0.0
UGC12093,Scd:,Courteau97,62.56160336980008,4.6554453403388845,1.9440340726095876e-10,4.4027218316812545e-11,0.6148506096739066,0.0
UGC12093,Scd:,Courteau97,62.56160336980008,5.327605337793615,1.7883110622997756e-10,4.287125046490848e-11,0.5460587226563559,0.0
UGC12093,Scd:,Courteau97,62.56160336980008,6.0264723544954295,1.8015035049011964e-10,6.620304982237046e-11,0.4339596279334585,0.0
UGC12093,Scd:,Courteau97,62.56160336980008,6.759780456209246,1.6951072808954476e-10,5.840880485548855e-11,0.4686666385792316,0.0
UGC12093,Scd:,Courteau97,62.56160336980008,7.40226675441786,1.520591481998329e-10,6.545813360934411e-11,0.39138091492810745,0.0
UGC12093,Scd:,Courteau97,62.56160336980008,8.043318007417641,1.3669969176520776e-10,7.23730415057844e-11,0.3077898482027951,0.0
UGC12093,Scd:,Courteau97,62.56160336980008,8.941733579812375,1.3226291182725343e-10,5.906772350414006e-11,0.334565397434836,0.0
UGC12093,Scd:,Courteau97,62.56160336980008,9.575482660461057,1.1436945923924728e-10,6.201036483537958e-11,0.25203131985019084,0.0
UGC12093,Scd:,Courteau97,62.56160336980008,10.327358039415314,1.2691247360037984e-10,2.8036843172711784e-11,0.5326425877684366,0.0
UGC12093,Scd:,Courteau97,62.56160336980008,10.939473813540832,1.11772156426204e-10,4.248987984775438e-11,0.34791954472253495,0.0
UGC12093,Scd:,Courteau97,62.56160336980008,12.775324389498945,9.85142985911023e-11,4.99972040027072e-11,0.18099134295204625,0.0
UGC12093,Scd:,Courteau97,62.56160336980008,13.179924347320194,9.472004345267771e-11,3.7320707964062164e-11,0.2705354740452205,0.0
UGC12093,Scd:,Courteau97,62.56160336980008,13.916549611228273,7.92407789631342e-11,3.554686590835341e-11,0.19815667205739854,0.0
UGC12134,Sbc,Courteau97,74.19417163689764,0.783692352763955,4.106527914783307e-10,2.8407148926299746e-11,0.6679978090836227,0.0
UGC12134,Sbc,Courteau97,74.19417163689764,1.876736950039997,3.2315276351871187e-10,5.1059952464985966e-11,0.5616855427905627,0.0
UGC12134,Sbc,Courteau97,74.19417163689764,3.0316519962184567,2.44222922358859e-10,5.743970793066829e-11,0.4972484887352966,0.0
UGC12134,Sbc,Courteau97,74.19417163689764,4.186567042396916,2.1494462917333152e-10,4.6689848246873015e-11,0.5015107365543499,0.0
UGC12134,Sbc,Courteau97,74.19417163689764,5.341482088575376,1.9534004925559908e-10,5.076286318590304e-11,0.43350866399310006,0.0
UGC12134,Sbc,Courteau97,74.19417163689764,6.496397134753836,1.5259078179824572e-10,4.952018115927512e-11,0.3890818643008849,0.0
UGC12134,Sbc,Courteau97,74.19417163689764,7.60319072067486,1.1454748477880226e-10,4.0860647870555134e-11,0.3285827049980488,0.0
UGC12134,Sbc,Courteau97,74.19417163689764,8.51749846556614,9.680011169947746e-11,4.5808596473388594e-11,0.2962465030264663,0.0
UGC12134,Sbc,Courteau97,74.19417163689764,10.0477609017526,1.7174800580794394e-10,2.2287395095538198e-11,0.47537560047693694,0.0
UGC12134,Sbc,Courteau97,74.19417163689764,11.16417877972511,1.0385941556756617e-10,3.228257216024707e-11,0.2682468500440448,0.0
UGC12134,Sbc,Courteau97,74.19417163689764,12.367215286161006,6.0897865843095e-11,3.5086552266333796e-11,0.2292936205660274,0.0
UGC12134,Sbc,Courteau97,74.19417163689764,13.5702517925969,3.6367665252172655e-11,3.1080316020138176e-11,0.2182471938428353,0.0
UGC12134,Sbc,Courteau97,74.19417163689764,16.45753940804305,4.276725797913054e-11,2.404919571218288e-11,0.20562493068490575,0.0
UGC12134,Sbc,Courteau97,74.19417163689764,17.323725692676895,4.822486956955834e-11,1.3668091356872179e-11,0.3977642298036222,0.0
UGC12134,Sbc,Courteau97,74.19417163689764,18.33427635808305,5.439290702639283e-11,1.8286672249058002e-11,0.24780589058054245,0.0
UGC12134,Sbc,Courteau97,74.19417163689764,20.49974206966766,4.6970012483907315e-11,1.4067030237194264e-11,0.2725974788676716,0.0
UGC12134,Sbc,Courteau97,74.19417163689764,22.95393654279689,3.871630084231215e-11,1.0073168390675303e-11,0.33840491418716545,0.0
UGC12134,Sbc,Courteau97,74.19417163689764,23.675758446658424,3.942982451247142e-11,5.849568393639336e-12,0.5703451323993366,0.0
UGC12172,Scd:,Courteau97,62.72730448246378,0.37351642518119893,1.0269002200870093e-10,1.3285057954844104e-11,0.770335363138662,0.0
UGC12172,Scd:,Courteau97,62.72730448246378,1.2216097156570431,1.4573207960030517e-10,3.872916789700959e-11,0.7150686257205282,0.0
UGC12172,Scd:,Courteau97,62.72730448246378,2.1378170023998253,2.2015607820300554e-10,5.784140730536309e-11,0.640521453302526,0.0
UGC12172,Scd:,Courteau97,62.72730448246378,2.98591029287567,2.51668064874488e-10,6.723860331677213e-11,0.5999079803843224,0.0
UGC12172,Scd:,Courteau97,62.72730448246378,3.7329431432380673,2.5214158891078586e-10,7.531395978368248e-11,0.4944372078238405,0.0
UGC12172,Scd:,Courteau97,62.72730448246378,4.581036433713912,2.206857786924316e-10,9.104250608101761e-11,0.42250791243394886,0.0
UGC12172,Scd:,Courteau97,62.72730448246378,5.497243720456694,2.1366503139632467e-10,8.006348702305894e-11,0.3924184567112279,0.0
UGC12172,Scd:,Courteau97,62.72730448246378,6.345337010932538,1.7284391807017218e-10,7.080670703232851e-11,0.463690721677855,0.0
UGC12172,Scd:,Courteau97,62.72730448246378,7.092369861294936,1.6894217323116927e-10,5.42866837805557e-11,0.5208713458041679,0.0
UGC12172,Scd:,Courteau97,62.72730448246378,7.940463151770781,1.5910190497079309e-10,4.7946939119544785e-11,0.4920020193890714,0.0
UGC12172,Scd:,Courteau97,62.72730448246378,8.856670438513563,1.57330883382106e-10,6.452124702010548e-11,0.27258931671779796,0.0
UGC12172,Scd:,Courteau97,62.72730448246378,9.620176510799215,1.2927551443486506e-10,3.7488162101990875e-11,0.5000961279322598,0.0
UGC12172,Scd:,Courteau97,62.72730448246378,10.451796579351804,1.3307450468488994e-10,3.318263477763095e-11,0.529568176820714,0.0
UGC12172,Scd:,Courteau97,62.72730448246378,11.26472231740722,1.310754998697323e-10,4.4352700478715634e-11,0.3649576821954256,0.0
UGC12172,Scd:,Courteau97,62.72730448246378,12.02822838969287,1.190064691634475e-10,5.984515132121789e-11,0.2038523641476671,0.0
UGC12172,Scd:,Courteau97,62.72730448246378,13.249838105349912,1.0546899910252052e-10,5.290081798476022e-11,0.18839097726440276,0.0
UGC12172,Scd:,Courteau97,62.72730448246378,13.860642963178435,9.721510489709414e-11,2.8995253896330307e-11,0.4061583168497382,0.0
UGC12172,Scd:,Courteau97,62.72730448246378,14.471447821006958,9.262696252104248e-11,4.849209958483129e-11,0.1565399642836093,0.0
UGC12172,Scd:,Courteau97,62.72730448246378,16.76196603786391,8.513637656782903e-11,2.3698685776243076e-11,0.3327457359048126,0.0
UGC12200,Sb,Courteau97,57.14011962111089,0.40752108210311977,1.283600686027604e-10,4.773099092324654e-11,0.7594015424631504,0.0
UGC12200,Sb,Courteau97,57.14011962111089,1.2225632463093594,7.9660094839221e-10,1.356830092107684e-10,0.679280969772656,0.0
UGC12200,Sb,Courteau97,57.14011962111089,2.241365951567159,7.093456632143054e-10,2.0522311981208484e-10,0.5838640873052346,0.0
UGC12200,Sb,Courteau97,57.14011962111089,3.2601686568249586,4.370022647956314e-10,2.2158531007014536e-10,0.5482430013334949,0.0
UGC12200,Sb,Courteau97,57.14011962111089,4.075210821031198,3.334982380207225e-10,2.0668955202829566e-10,0.5103367815112274,0.0
UGC12200,Sb,Courteau97,57.14011962111089,4.890252985237438,3.910950606089963e-10,1.9487389714098569e-10,0.5165305753968361,0.0
UGC12200,Sb,Courteau97,57.14011962111089,5.7052951494436766,3.494142556993037e-10,2.4619661032779713e-10,0.4001904449764998,0.0
UGC12200,Sb,Courteau97,57.14011962111089,6.520337313649916,2.9818879182057274e-10,1.4391287392649052e-10,0.5449876378180014,0.0
UGC12200,Sb,Courteau97,57.14011962111089,7.539140018907716,2.6418785634077323e-10,2.3546680102796266e-10,0.30799280827199693,0.0
UGC12200,Sb,Courteau97,57.14011962111089,8.557942724165517,2.3257744833572652e-10,1.36905071115766e-10,0.46480378638771536,0.0
UGC12200,Sb,Courteau97,57.14011962111089,9.372984888371757,2.1855632629635741e-10,1.2631688616473843e-10,0.4521209747577072,0.0
UGC12200,Sb,Courteau97,57.14011962111089,10.188027052577995,2.476620026462092e-10,1.3967556876802306e-10,0.374337365203705,0.0
UGC12200,Sb,Courteau97,57.14011962111089,11.003069216784235,2.4932948906190006e-10,1.7494032355394596e-10,0.25274387623808475,0.0
UGC12200,Sb,Courteau97,57.14011962111089,11.818111380990475,2.56217679841685e-10,1.4501882008632963e-10,0.19860953817340327,0.0
UGC12200,Sb,Courteau97,57.14011962111089,12.835555682641262,2.0806972415130489e-10,6.380264838875132e-11,0.5665542576660022,0.0
UGC12200,Sb,Courteau97,57.14011962111089,13.855716791506072,2.1256851163225547e-10,9.602436727649727e-11,0.3337543524272538,0.0
UGC12200,Sb,Courteau97,57.14011962111089,14.670758955712314,2.06431447748001e-10,1.3769865291752815e-10,0.1035572420097763,0.0
UGC12200,Sb,Courteau97,57.14011962111089,15.479009101883502,1.5075750404067008e-10,7.734338607077097e-11,0.3017941617741003,0.0
UGC12200,Sb,Courteau97,57.14011962111089,16.29405126608974,1.0319550430794298e-10,9.679807429891662e-11,0.10698308744057952,0.0
UGC12200,Sb,Courteau97,57.14011962111089,16.90533288924442,1.3531739896865185e-10,7.14054698880329e-11,0.213492836527727,0.0
UGC12200,Sb,Courteau97,57.14011962111089,17.72037505345066,1.412781509478562e-10,8.200435530930471e-11,0.08479798550222895,0.0
UGC12296,Scd:,Courteau97,69.43238946451204,0.5060038269216784,1.1539146764912063e-10,9.55410178960309e-12,0.7874936874403227,0.0
UGC12296,Scd:,Courteau97,69.43238946451204,1.668978139771653,1.9025601855968156e-10,2.6927001912342267e-11,0.7103724771945319,0.0
UGC12296,Scd:,Courteau97,69.43238946451204,2.712089477128936,1.623650272527817e-10,3.675049631896222e-11,0.6477530030202027,0.0
UGC12296,Scd:,Courteau97,69.43238946451204,3.7552008144862192,1.8302607779650236e-10,3.372613601533709e-11,0.6557701655585692,0.0
UGC12296,Scd:,Courteau97,69.43238946451204,4.889347323103774,1.74041764821105e-10,3.6955824894990754e-11,0.6291664020442028,0.0
UGC12296,Scd:,Courteau97,69.43238946451204,6.110735870845757,1.323386501757301e-10,2.7827099477662312e-11,0.6621590301697473,0.0
UGC12296,Scd:,Courteau97,69.43238946451204,7.093157094029525,1.2342412412765517e-10,4.614857581919845e-11,0.5032148518274562,0.0
UGC12296,Scd:,Courteau97,69.43238946451204,8.136268431386808,1.0959182669462692e-10,2.0049004670262788e-11,0.7131781346731416,0.0
UGC12296,Scd:,Courteau97,69.43238946451204,9.179379768744091,1.4663911334305995e-10,5.5583077508216546e-11,0.35258696760862995,0.0
UGC12296,Scd:,Courteau97,69.43238946451204,10.342354081594065,1.2621434857661093e-10,4.546036303113145e-11,0.41344743656192456,0.0
UGC12296,Scd:,Courteau97,69.43238946451204,11.354361735437422,1.0618008532678347e-10,4.692266627071068e-11,0.36391195538777465,0.0
UGC12296,Scd:,Courteau97,69.43238946451204,12.517336048287397,1.0462534451374459e-10,4.270435830150536e-11,0.3447605941687921,0.0
UGC12296,Scd:,Courteau97,69.43238946451204,13.533895460693767,1.0553336148229803e-10,5.0532823692549924e-11,0.2487727048256448,0.0
UGC12296,Scd:,Courteau97,69.43238946451204,14.608869107992145,8.975826395402355e-11,3.0232434532195396e-11,0.29293594035989895,0.0
UGC12296,Scd:,Courteau97,69.43238946451204,15.646670060359247,7.516463152460958e-11,1.7772936346954916e-11,0.570348224473057,0.0
UGC12296,Scd:,Courteau97,69.43238946451204,16.71633332266744,5.5753833750950217e-11,3.0275611124429546e-11,0.3101449646285818,0.0
UGC12296,Scd:,Courteau97,69.43238946451204,17.96806692749618,5.3895542262331046e-11,3.7859833384063377e-11,0.20021600097192466,0.0
UGC12296,Scd:,Courteau97,69.43238946451204,19.21980053232492,5.350995875601052e-11,9.909707731680785e-12,0.669793387870145,0.0
UGC12296,Scd:,Courteau97,69.43238946451204,20.054289602210748,5.6097556736985915e-11,2.5750673167045615e-11,0.24406769504018885,0.0
UGC12296,Scd:,Courteau97,69.43238946451204,21.097400939568033,6.745029349895993e-11,1.0699389479569433e-11,0.5824922001412169,0.0
UGC12296,Scd:,Courteau97,69.43238946451204,21.723267741982404,8.6307735029528e-11,2.522599804292589e-11,0.2175469463924442,0.0
UGC12354,Scd:,Courteau97,69.65645504078344,0.17032966950282402,5.839123468726777e-11,6.349920216806717e-12,0.43271687078435606,0.0
UGC12354,Scd:,Courteau97,69.65645504078344,0.4947956948585557,1.1009624797419182e-10,1.734096369849518e-11,0.5552528125545286,0.0
UGC12354,Scd:,Courteau97,69.65645504078344,0.7775360919205875,9.504655428739604e-11,2.4616464200985885e-11,0.5303106007470975,0.0
UGC12354,Scd:,Courteau97,69.65645504078344,1.0602764889826193,1.3048692373600367e-10,2.9346717917513736e-11,0.49468974177405906,0.0
UGC12354,Scd:,Courteau97,69.65645504078344,1.3430168860446512,1.9783869205947683e-10,3.156190773922745e-11,0.4951044585066425,0.0
UGC12354,Scd:,Courteau97,69.65645504078344,1.6257572831066829,1.4171539074380532e-10,3.2187182523503555e-11,0.4857013325641498,0.0
UGC12354,Scd:,Courteau97,69.65645504078344,1.9084976801687148,1.295460465372429e-10,3.25246661684087e-11,0.4649615886052283,0.0
UGC12354,Scd:,Courteau97,69.65645504078344,2.2329637055244467,1.6504756482884788e-10,3.288767336392449e-11,0.4503898798480893,0.0
UGC12354,Scd:,Courteau97,69.65645504078344,2.5736230445300943,1.4221185828918314e-10,3.3815956309280464e-11,0.4203370725275644,0.0
UGC12354,Scd:,Courteau97,69.65645504078344,2.8980890698858257,1.0530523174300637e-10,3.304615534367799e-11,0.4179495393826577,0.0
UGC12354,Scd:,Courteau97,69.65645504078344,3.180829466947858,1.0544753368494908e-10,3.220718904046115e-11,0.4099122291154733,0.0
UGC12354,Scd:,Courteau97,69.65645504078344,3.488273949207734,1.1001611138302142e-10,3.1306712785102925e-11,0.3996542015700259,0.0
UGC12354,Scd:,Courteau97,69.65645504078344,3.749737417399946,8.500988275559609e-11,3.124944659990097e-11,0.3538366839619344,0.0
UGC12354,Scd:,Courteau97,69.65645504078344,4.032477814461978,9.910416912166337e-11,2.8619587115615365e-11,0.35945386965827336,0.0
UGC12354,Scd:,Courteau97,69.65645504078344,4.31521821152401,1.5056179430992559e-10,2.9949304432914024e-11,0.3553144976363819,0.0
UGC12354,Scd:,Courteau97,69.65645504078344,4.597958608586041,1.393871125355982e-10,3.290347240142072e-11,0.2729961432427541,0.0
UGC12354,Scd:,Courteau97,69.65645504078344,4.951384104913581,1.1204153676440548e-10,2.95179109328305e-11,0.2298708313203516,0.0
UGC12354,Scd:,Courteau97,69.65645504078344,5.304809601241121,1.3871652736494165e-10,2.596246309608133e-11,0.2916051821499866,0.0
UGC12354,Scd:,Courteau97,69.65645504078344,5.516864899037645,1.0151759107455339e-10,2.918645807410704e-11,0.1947374522894992,0.0
UGC12370,Sc,Courteau97/Mathewson96,81.33252736327367,0.3000145028413518,2.6649263299854692e-11,5.99775890867992e-12,0.5654767546166465,0.0
UGC12370,Sc,Courteau97/Mathewson96,81.33252736327367,0.8922774655349741,6.992216232566713e-11,1.5286724893232848e-11,0.5139038102923789,0.0
UGC12370,Sc,Courteau97/Mathewson96,81.33252736327367,1.5720242212687563,9.020638597315976e-11,1.9663712213249608e-11,0.4435744452689932,0.0
UGC12370,Sc,Courteau97/Mathewson96,81.33252736327367,2.2550817637505154,8.777437953176467e-11,1.7907326613711346e-11,0.45752772660544583,0.0
UGC12370,Sc,Courteau97/Mathewson96,81.33252736327367,2.8492521755993505,1.0197910993099169e-10,1.6237333277829852e-11,0.4710357248298413,0.0
UGC12370,Sc,Courteau97/Mathewson96,81.33252736327367,3.4255402516180644,7.625932752734003e-11,1.4887131492790715e-11,0.45850394018254337,0.0
UGC12370,Sc,Courteau97/Mathewson96,81.33252736327367,4.0228674918187775,5.486576897617415e-11,1.2450966026293857e-11,0.5107801019745042,0.0
UGC12370,Sc,Courteau97/Mathewson96,81.33252736327367,4.807248733425449,4.9867197678131296e-11,1.1447095607958381e-11,0.5187349123536352,0.0
UGC12370,Sc,Courteau97/Mathewson96,81.33252736327367,5.329222194749473,5.088013973354904e-11,1.0826356900207204e-11,0.5066168116725671,0.0
UGC12370,Sc,Courteau97/Mathewson96,81.33252736327367,5.935259665271097,4.535740062516369e-11,1.0792467304352345e-11,0.4735823973567924,0.0
UGC12370,Sc,Courteau97/Mathewson96,81.33252736327367,6.66487531670424,4.3744089091330624e-11,1.2870994312262076e-11,0.3605249503494913,0.0
UGC12370,Sc,Courteau97/Mathewson96,81.33252736327367,7.241998582960201,5.491420949109348e-11,1.0551627904665776e-11,0.3805654165876479,0.0
UGC12370,Sc,Courteau97/Mathewson96,81.33252736327367,7.83198623130439,5.574666887570319e-11,9.046761651483948e-12,0.45199866520330156,0.0
UGC12370,Sc,Courteau97/Mathewson96,81.33252736327367,8.419790531597702,4.7172119116457846e-11,9.61543510703478e-12,0.3805398757875332,0.0
UGC12370,Sc,Courteau97/Mathewson96,81.33252736327367,9.14812614840133,4.813968369572568e-11,9.129779998025059e-12,0.3657195170641648,0.0
UGC12370,Sc,Courteau97/Mathewson96,81.33252736327367,9.499382910333795,4.950254870239519e-11,7.207912304277323e-12,0.45440373802180367,0.0
UGC12370,Sc,Courteau97/Mathewson96,81.33252736327367,11.46157585630136,4.764556217529837e-11,6.027217960206155e-12,0.43699931266835357,0.0
UGC12370,Sc,Courteau97/Mathewson96,81.33252736327367,12.311344454948731,4.8881250567493955e-11,6.603826739587402e-12,0.3601503565408381,0.0
UGC12494,SABd,Courteau97/Mathewson96,75.82981792008638,0.2088293104650664,2.0897994182743335e-11,2.082637023183978e-12,0.7064650827261121,0.0
UGC12494,SABd,Courteau97/Mathewson96,75.82981792008638,0.6290773028721455,2.4947019424924225e-11,5.842820664554585e-12,0.694149605349173,0.0
UGC12494,SABd,Courteau97/Mathewson96,75.82981792008638,1.045266280531579,2.368254112178497e-11,9.112054417930771e-12,0.6497020160176624,0.0
UGC12494,SABd,Courteau97/Mathewson96,75.82981792008638,1.4485390183744213,2.188892238292681e-11,1.1511230059507858e-11,0.6020408429559616,0.0
UGC12494,SABd,Courteau97/Mathewson96,75.82981792008638,1.8485313024880243,5.387737851606205e-11,1.348953529673025e-11,0.5536930414443958,0.0
UGC12494,SABd,Courteau97/Mathewson96,75.82981792008638,2.251703439749836,5.6372609697078727e-11,1.5370646495352543e-11,0.5056368987083433,0.0
UGC12494,SABd,Courteau97/Mathewson96,75.82981792008638,2.6664227741385704,7.959498447738846e-11,1.632534533470104e-11,0.44955000508963455,0.0
UGC12494,SABd,Courteau97/Mathewson96,75.82981792008638,3.122998948537076,5.821757291712043e-11,1.6849595867106524e-11,0.4427560744613105,0.0
UGC12494,SABd,Courteau97/Mathewson96,75.82981792008638,3.5052085490752187,5.1463445139880714e-11,1.5865639218711257e-11,0.4239599530228615,0.0
UGC12494,SABd,Courteau97/Mathewson96,75.82981792008638,3.8754772980389305,5.616033410463869e-11,1.4881923368037958e-11,0.4190069408237973,0.0
UGC12494,SABd,Courteau97/Mathewson96,75.82981792008638,4.2901142079902606,5.1002403853567366e-11,1.381878013993801e-11,0.4090153172770539,0.0
UGC12494,SABd,Courteau97/Mathewson96,75.82981792008638,4.71572659273265,4.25853640106601e-11,1.2509542730888719e-11,0.42001101405034597,0.0
UGC12494,SABd,Courteau97/Mathewson96,75.82981792008638,5.092261445713039,4.112421249672298e-11,1.1566962236018282e-11,0.450590854933494,0.0
UGC12494,SABd,Courteau97/Mathewson96,75.82981792008638,5.5362336794899765,4.0730744804633124e-11,1.124882654287664e-11,0.4394842159940528,0.0
UGC12494,SABd,Courteau97/Mathewson96,75.82981792008638,6.009603152619203,6.297985592601679e-11,1.1680432753857737e-11,0.39846550745289355,0.0
UGC12494,SABd,Courteau97/Mathewson96,75.82981792008638,6.425087926211427,6.176271739399136e-11,1.1948788413038904e-11,0.3416153431030607,0.0
UGC12494,SABd,Courteau97/Mathewson96,75.82981792008638,6.761478773422539,5.252062233807017e-11,9.16202464142527e-12,0.4549985612582328,0.0
UGC12494,SABd,Courteau97/Mathewson96,75.82981792008638,7.2079528999103095,5.6361072742158916e-11,1.1554435786584263e-11,0.3347410196099981,0.0
UGC12494,SABd,Courteau97/Mathewson96,75.82981792008638,7.787937119239812,2.9865291244183954e-11,1.1523277590372687e-11,0.2806486460047699,0.0
UGC12494,SABd,Courteau97/Mathewson96,75.82981792008638,8.23827780718978,3.480685213834745e-11,7.906939167569444e-12,0.42808520480919027,0.0
UGC12543,Scd:,Courteau97,78.86719530946387,0.2183530797760163,2.1062516618857193e-11,2.369292227726242e-12,0.6612320098725922,0.0
UGC12543,Scd:,Courteau97,78.86719530946387,0.6550592393280489,5.68755924810701e-11,6.3012895725039646e-12,0.6873424664813853,0.0
UGC12543,Scd:,Courteau97,78.86719530946387,1.0917653988800815,4.8011746730820124e-11,9.338240012711461e-12,0.6355233143223766,0.0
UGC12543,Scd:,Courteau97,78.86719530946387,1.5192080944416164,9.471941036473834e-11,1.1168376605740984e-11,0.6074543062182144,0.0
UGC12543,Scd:,Courteau97,78.86719530946387,1.9559142539936492,4.325809625158653e-11,1.1803919747881589e-11,0.5891867668488778,0.0
UGC12543,Scd:,Courteau97,78.86719530946387,2.4018838775361795,5.586127379574188e-11,1.1747089578165461e-11,0.579551884576233,0.0
UGC12543,Scd:,Courteau97,78.86719530946387,2.838590037088212,4.141607458130781e-11,1.1318703356002963e-11,0.6001249162874381,0.0
UGC12543,Scd:,Courteau97,78.86719530946387,3.2752961966402445,3.1952976502785814e-11,1.17665542211314e-11,0.5718756838979158,0.0
UGC12543,Scd:,Courteau97,78.86719530946387,3.712002356192277,3.592525493272954e-11,1.1767149341581394e-11,0.5794192720758559,0.0
UGC12543,Scd:,Courteau97,78.86719530946387,4.1487085157443095,4.7078622380817236e-11,1.0948439011297144e-11,0.5890024115661657,0.0
UGC12543,Scd:,Courteau97,78.86719530946387,4.5854146752963425,5.2550989166960866e-11,1.0584897293817903e-11,0.5907466970806902,0.0
UGC12543,Scd:,Courteau97,78.86719530946387,5.022120834848375,4.7474187115335614e-11,1.0852204800396528e-11,0.5756907667917354,0.0
UGC12543,Scd:,Courteau97,78.86719530946387,5.4588269944004075,7.166860942822803e-11,1.2070771127895127e-11,0.5305058303526303,0.0
UGC12543,Scd:,Courteau97,78.86719530946387,5.8955331539524405,6.759035459486738e-11,1.4004124479382844e-11,0.45943880977380186,0.0
UGC12543,Scd:,Courteau97,78.86719530946387,6.332239313504473,6.355715626568072e-11,1.2441693523551266e-11,0.4425104391846486,0.0
UGC12543,Scd:,Courteau97,78.86719530946387,6.7689454730565055,8.241469554096645e-11,9.237463208914803e-12,0.57955412147493,0.0
UGC12543,Scd:,Courteau97,78.86719530946387,7.2056516326085385,9.853164612060226e-11,1.386796778412484e-11,0.4179330961147296,0.0
UGC12543,Scd:,Courteau97,78.86719530946387,7.57883689622573,1.0479434004206629e-10,1.0037436767610058e-11,0.488515748241076,0.0
UGC12543,Scd:,Courteau97,78.86719530946387,7.997677803796089,9.31289655003476e-11,1.2659023271363382e-11,0.4077090980368472,0.0
UGC12543,Scd:,Courteau97,78.86719530946387,8.434383963348122,6.286508794231168e-11,1.2581889007893314e-11,0.3360076865799938,0.0
UGC12543,Scd:,Courteau97,78.86719530946387,8.761913583012145,2.35734279541527e-11,1.227743307441878e-11,0.37719598084718786,0.0
UGC12547,SB?,Courteau97,62.64806800677657,0.19362047851065378,1.6217072299403663e-10,6.779600078125196e-12,0.5448638215544371,0.0
UGC12547,SB?,Courteau97,62.64806800677657,0.6318481615397669,8.968861391212731e-11,1.9959400551845456e-11,0.6186818035984636,0.0
UGC12547,SB?,Courteau97,62.64806800677657,1.0649126318085957,1.109580369030793e-10,2.9260821182564015e-11,0.5517497430249182,0.0
UGC12547,SB?,Courteau97,62.64806800677657,1.4979771020774248,1.307466999228493e-10,3.634857731349652e-11,0.5030901836952615,0.0
UGC12547,SB?,Courteau97,62.64806800677657,1.9362047851065378,6.954045241702638e-11,4.0900132248432925e-11,0.4247909936221237,0.0
UGC12547,SB?,Courteau97,62.64806800677657,2.3234457421278454,3.8111489669431814e-11,3.9070658015261016e-11,0.4312793819753362,0.0
UGC12547,SB?,Courteau97,62.64806800677657,2.7106866991491527,6.01260940120686e-11,3.9222172784524105e-11,0.4198288045893737,0.0
UGC12547,SB?,Courteau97,62.64806800677657,3.1285842319346475,3.5373452750398805e-11,3.579565251555393e-11,0.3917378747329795,0.0
UGC12547,SB?,Courteau97,62.64806800677657,3.6432920039754686,4.882197815382961e-12,3.002667804492676e-11,0.45654232987748283,0.0
UGC12547,SB?,Courteau97,62.64806800677657,4.030532960996776,2.623158179740752e-11,2.6830081821663513e-11,0.4820710325563579,0.0
UGC12547,SB?,Courteau97,62.64806800677657,4.417773918018083,2.2822464868741248e-11,2.6671305672681973e-11,0.46988102704579876,0.0
UGC12547,SB?,Courteau97,62.64806800677657,4.901825114294718,1.5532020193070007e-11,2.4994356059202137e-11,0.4691534497737722,0.0
UGC12547,SB?,Courteau97,62.64806800677657,6.257168463869295,2.6401532414390467e-11,2.9070296115602196e-11,0.3029463922764367,0.0
UGC12547,SB?,Courteau97,62.64806800677657,6.547599181635276,1.0508471750678908e-11,2.1272794189980063e-11,0.4277508573344669,0.0
UGC12547,SB?,Courteau97,62.64806800677657,6.926234784056109,2.313330238950965e-11,2.8474133185813233e-11,0.2748716180140397,0.0
UGC12547,SB?,Courteau97,62.64806800677657,7.322081095677891,3.222496819802365e-11,1.8307152043048046e-11,0.4247089577501618,0.0
UGC12547,SB?,Courteau97,62.64806800677657,7.612511813443872,5.543716434565299e-11,2.680200574805584e-11,0.24701600736663926,0.0
UGC12547,SB?,Courteau97,62.64806800677657,8.26436742442974,1.2406827846249075e-11,2.356444978341073e-11,0.21815700141318076,0.0
UGC12547,SB?,Courteau97,62.64806800677657,8.457987902940392,6.723062212319868e-12,2.3353677216122595e-11,0.24107806973818133,0.0
UGC12555,Scd:,Mathewson96,81.14455200942078,0.27632934332048575,1.1350453757880768e-11,1.9015409146068954e-12,0.678635334693136,0.0
UGC12555,Scd:,Mathewson96,81.14455200942078,0.8289880299614574,4.7833744492852014e-11,4.605851734152888e-12,0.6598400898716658,0.0
UGC12555,Scd:,Mathewson96,81.14455200942078,1.240411718905292,4.071955734737792e-11,5.869556523035169e-12,0.6193848240685614,0.0
UGC12555,Scd:,Mathewson96,81.14455200942078,1.6579760599229147,5.824064104593351e-11,6.674404977224532e-12,0.5999370626557402,0.0
UGC12555,Scd:,Mathewson96,81.14455200942078,2.2106347465638865,3.0675477322717915e-11,7.290032067705598e-12,0.575399603986366,0.0
UGC12555,Scd:,Mathewson96,81.14455200942078,2.763293433204858,5.316791962226475e-11,7.956108683955545e-12,0.5392556505209608,0.0
UGC12555,Scd:,Mathewson96,81.14455200942078,3.1808577742224813,3.783670575703678e-11,8.098345719436227e-12,0.5194556250021178,0.0
UGC12555,Scd:,Mathewson96,81.14455200942078,3.592281463166316,4.971086014603483e-11,8.063866403057759e-12,0.49973326851026495,0.0
UGC12555,Scd:,Mathewson96,81.14455200942078,4.286175147504424,7.764491952865216e-11,7.355261886392452e-12,0.5153869648239059,0.0
UGC12555,Scd:,Mathewson96,81.14455200942078,4.838833834145396,4.920512372744427e-11,7.428787981810538e-12,0.45647115263572674,0.0
UGC12555,Scd:,Mathewson96,81.14455200942078,5.25025752308923,5.3084969402589675e-11,6.720150109496351e-12,0.49423687563577084,0.0
UGC12555,Scd:,Mathewson96,81.14455200942078,5.661681212033065,4.000415453492484e-11,6.679696426777861e-12,0.49636057933513683,0.0
UGC12555,Scd:,Mathewson96,81.14455200942078,6.079245553050688,5.757421438731669e-11,7.358761154207431e-12,0.43587017882901813,0.0
UGC12555,Scd:,Mathewson96,81.14455200942078,6.631904239691659,4.564712301047715e-11,7.264123250066513e-12,0.41337378069094344,0.0
UGC12555,Scd:,Mathewson96,81.14455200942078,7.184562926332631,2.4785464083583545e-11,7.001307691644361e-12,0.3964185850532016,0.0
UGC12555,Scd:,Mathewson96,81.14455200942078,7.872315958596951,3.595558958152219e-11,6.651458029104484e-12,0.37939366267445734,0.0
UGC12555,Scd:,Mathewson96,81.14455200942078,8.707444640632197,4.136946357771264e-11,6.389947270674116e-12,0.36164575763448564,0.0
UGC12555,Scd:,Mathewson96,81.14455200942078,9.26010332727317,3.1369465825331714e-11,4.636332694424097e-12,0.47158639573187205,0.0
UGC12555,Scd:,Mathewson96,81.14455200942078,9.81276201391414,1.549118615956461e-11,5.709262293424144e-12,0.3596079639402028,0.0
UGC12561,Sdm:,Courteau97,76.60695871391184,0.13015085448331032,3.607050245171642e-11,1.181630428440741e-12,0.42829231799970446,0.0
UGC12561,Sdm:,Courteau97,76.60695871391184,0.3904525634499309,2.3207218123375366e-10,3.173788680492043e-12,0.6469846803707853,0.0
UGC12561,Sdm:,Courteau97,76.60695871391184,0.7274643972559572,1.9868658237765318e-11,5.2267023106356965e-12,0.5985510111767782,0.0
UGC12561,Sdm:,Courteau97,76.60695871391184,1.1062822631081377,9.686679589509912e-11,6.812050751246855e-12,0.5832925193901266,0.0
UGC12561,Sdm:,Courteau97,76.60695871391184,1.668691713087533,4.4317563948428156e-11,7.941435334373251e-12,0.5471915015113273,0.0
UGC12561,Sdm:,Courteau97,76.60695871391184,1.9289934220541536,2.7714613360170473e-11,8.380238672621871e-12,0.5102666518058679,0.0
UGC12561,Sdm:,Courteau97,76.60695871391184,2.26600525586018,7.630109987647894e-11,8.702002724347726e-12,0.5122624614658623,0.0
UGC12561,Sdm:,Courteau97,76.60695871391184,2.4310602031367416,4.717358048638682e-11,8.838198146070274e-12,0.5064406334716786,0.0
UGC12561,Sdm:,Courteau97,76.60695871391184,3.2119653300366036,1.8898002178433497e-10,8.800229116232364e-12,0.4768566285650394,0.0
UGC12561,Sdm:,Courteau97,76.60695871391184,3.407191611761569,7.722679399104828e-11,8.44447270682978e-12,0.4524913756218222,0.0
UGC12561,Sdm:,Courteau97,76.60695871391184,4.466935084478705,4.935861012472669e-11,7.291291707438723e-12,0.4740867375547749,0.0
UGC12561,Sdm:,Courteau97,76.60695871391184,4.6854307613991715,2.5721342627854072e-11,8.192108791263571e-12,0.42913024942829525,0.0
UGC12561,Sdm:,Courteau97,76.60695871391184,4.922463075170292,4.357151012333977e-11,7.001212942745168e-12,0.46458784586280355,0.0
UGC12561,Sdm:,Courteau97,76.60695871391184,5.1827647841369116,1.0843461175281625e-10,7.950641644071205e-12,0.41103331010335126,0.0
UGC12562,Sdm:,Courteau97,81.96470083696065,0.1170277555571716,1.7512233322959354e-11,6.257575046507789e-13,0.48909741101097187,0.0
UGC12562,Sdm:,Courteau97,81.96470083696065,0.4992829607543694,4.454699778623994e-11,2.2327645668452622e-12,0.7123456218700465,0.0
UGC12562,Sdm:,Courteau97,81.96470083696065,0.7925970717281167,1.1034442970073364e-11,3.333990466778202e-12,0.684583714445537,0.0
UGC12562,Sdm:,Courteau97,81.96470083696065,1.0532498000145445,2.685854323714483e-11,4.20354371058131e-12,0.6527585685779033,0.0
UGC12562,Sdm:,Courteau97,81.96470083696065,1.321264638014205,6.450498233296848e-11,5.048294531297782e-12,0.6252092801565082,0.0
UGC12562,Sdm:,Courteau97,81.96470083696065,1.6383885778004024,2.644699279802209e-11,5.917201574176269e-12,0.5896511525229586,0.0
UGC12562,Sdm:,Courteau97,81.96470083696065,1.930505814001406,2.407529790003024e-11,6.523134242893293e-12,0.5583678971411857,0.0
UGC12562,Sdm:,Courteau97,81.96470083696065,2.260570025320473,3.079602464644261e-11,6.8989815188695595e-12,0.5279113355150543,0.0
UGC12562,Sdm:,Courteau97,81.96470083696065,2.6000020989180586,4.119811927809363e-11,7.2542302609356605e-12,0.5158878269053807,0.0
UGC12562,Sdm:,Courteau97,81.96470083696065,2.865307567061789,2.5702603318805104e-11,7.41408622917073e-12,0.4995690600590353,0.0
UGC12562,Sdm:,Courteau97,81.96470083696065,3.1579407892759312,2.9089726809767572e-11,7.644573800652617e-12,0.4719435538386971,0.0
UGC12562,Sdm:,Courteau97,81.96470083696065,3.440616013380845,2.4870223401040887e-11,7.919209214504812e-12,0.4478773840924198,0.0
UGC12562,Sdm:,Courteau97,81.96470083696065,5.6077572685622865,2.7217770728679605e-11,6.786996263956108e-12,0.35973764504858935,0.0
UGC12564,Sd,Courteau97,74.84351108530865,0.48739687295469425,2.86709577039577e-10,1.1866633783461891e-11,0.8101999635180017,0.0
UGC12564,Sd,Courteau97,74.84351108530865,1.2184921823867354,3.8174727143585727e-10,2.7308132052986632e-11,0.7612035146930344,0.0
UGC12564,Sd,Courteau97,74.84351108530865,1.949587491818777,3.9155145919102604e-10,3.9088684748309194e-11,0.7122153998936059,0.0
UGC12564,Sd,Courteau97,74.84351108530865,4.142873420114901,2.7250311164281894e-10,6.273706414520196e-11,0.579148174179469,0.0
UGC12564,Sd,Courteau97,74.84351108530865,5.198899978183404,2.0092045081464472e-10,5.220646549570232e-11,0.6425749635620807,0.0
UGC12564,Sd,Courteau97,74.84351108530865,6.092460911933678,2.1531160668861043e-10,7.871290117638268e-11,0.4791613324018783,0.0
UGC12564,Sd,Courteau97,74.84351108530865,7.067254657843066,2.29680248246091e-10,3.1160944234107256e-11,0.7430214845005808,0.0
UGC12564,Sd,Courteau97,74.84351108530865,8.042048403752455,1.7745589166025948e-10,8.608773865586164e-11,0.3703411766110454,0.0
UGC12564,Sd,Courteau97,74.84351108530865,9.016842149661842,1.761673025637123e-10,8.245689447599229e-11,0.3893325574392186,0.0
UGC12564,Sd,Courteau97,74.84351108530865,9.991635895571232,1.673897611472192e-10,7.078426631054978e-11,0.41349632947284015,0.0
UGC12564,Sd,Courteau97,74.84351108530865,11.047662453639736,1.466485831755321e-10,6.233023896633533e-11,0.4239552622615178,0.0
UGC12564,Sd,Courteau97,74.84351108530865,11.941223387390007,1.3899975407111438e-10,8.172438197357755e-11,0.29063318510316616,0.0
UGC12564,Sd,Courteau97,74.84351108530865,12.916017133299396,1.1883440014892526e-10,8.164517597623928e-11,0.2335273217892941,0.0
UGC12564,Sd,Courteau97,74.84351108530865,13.890810879208786,1.2269044609231682e-10,1.5033595264245525e-11,0.7878412273855224,0.0
UGC12564,Sd,Courteau97,74.84351108530865,14.865604625118173,1.219804079049261e-10,4.6454577669652367e-11,0.38515429788227235,0.0
UGC12564,Sd,Courteau97,74.84351108530865,15.840398371027563,1.2272613914213824e-10,7.333212371901085e-11,0.1709891616314372,0.0
UGC12564,Sd,Courteau97,74.84351108530865,16.81519211693695,8.364631696530436e-11,2.367418711266557e-11,0.5830421155140948,0.0
UGC12564,Sd,Courteau97,74.84351108530865,17.78998586284634,7.065731172097013e-11,4.6420179416713733e-11,0.21946740170093804,0.0
UGC12564,Sd,Courteau97,74.84351108530865,18.764779608755724,6.891287110799929e-11,3.7297119304513554e-11,0.16727371355354032,0.0
UGC12564,Sd,Courteau97,74.84351108530865,19.495874918187766,6.979790653955773e-11,4.0188171706839394e-11,0.1887964381436169,0.0
UGC12565,S?,Mathewson96,52.37552921537911,0.4865353792451457,1.1346207837440791e-10,4.530445235417312e-11,0.6553612896710078,0.0
UGC12565,S?,Mathewson96,52.37552921537911,0.5838424550941749,1.5160991704841912e-10,5.3905258603847535e-11,0.6480604532273125,0.0
UGC12565,S?,Mathewson96,52.37552921537911,1.6055667515089809,2.022618395421165e-10,1.1804293555450516e-10,0.5283922128263133,0.0
UGC12565,S?,Mathewson96,52.37552921537911,2.6759445858483017,2.2940726534518987e-10,1.2915381809763857e-10,0.4404533456539491,0.0
UGC12565,S?,Mathewson96,52.37552921537911,3.7463224201876217,1.8888369745032703e-10,1.1783080351352686e-10,0.4443159125171477,0.0
UGC12565,S?,Mathewson96,52.37552921537911,4.816700254526943,1.451317611991107e-10,1.0478157305920867e-10,0.36551090841163475,0.0
UGC12565,S?,Mathewson96,52.37552921537911,5.8870780888662635,1.2553840859575238e-10,1.120407686537948e-10,0.29336602271929646,0.0
UGC12565,S?,Mathewson96,52.37552921537911,6.957455923205584,1.386866391765163e-10,7.197533377699102e-11,0.400040246484356,0.0
UGC12565,S?,Mathewson96,52.37552921537911,8.027833757544904,1.5697246904513402e-10,8.52749907804954e-11,0.2643867969266334,0.0
UGC12565,S?,Mathewson96,52.37552921537911,9.098211591884224,7.117598494333921e-11,5.32398126551151e-11,0.3832981446434586,0.0
UGC12565,S?,Mathewson96,52.37552921537911,10.21724296414806,1.1918774920013213e-10,4.1660027771902146e-11,0.38862577961587264,0.0
UGC12571,(R:)SB(r)b,Mathewson96,65.9347790488877,0.19871322812886333,6.470662123349626e-11,1.462451653076119e-11,0.4079347203896233,0.0
UGC12571,(R:)SB(r)b,Mathewson96,65.9347790488877,0.7043279974789712,2.2006314217115957e-10,3.916131617193631e-11,0.5357166580889903,0.0
UGC12571,(R:)SB(r)b,Mathewson96,65.9347790488877,1.2828042838096623,3.387814417302403e-10,4.5571183120216034e-11,0.5285811736328689,0.0
UGC12571,(R:)SB(r)b,Mathewson96,65.9347790488877,1.8612805701403534,2.617841009602416e-10,4.606929894078338e-11,0.5322149926785513,0.0
UGC12571,(R:)SB(r)b,Mathewson96,65.9347790488877,2.2940338225098778,2.087606853285554e-10,4.9464783002670835e-11,0.49836545057208087,0.0
UGC12571,(R:)SB(r)b,Mathewson96,65.9347790488877,2.872510108840569,2.3050254785738856e-10,6.139751247816933e-11,0.3350690020357303,0.0
UGC12571,(R:)SB(r)b,Mathewson96,65.9347790488877,3.378124878190677,2.0716455066322094e-10,6.757476037119269e-11,0.29974467897602963,0.0
UGC12571,(R:)SB(r)b,Mathewson96,65.9347790488877,3.7755513344484033,2.0583003772874262e-10,6.225764561314407e-11,0.25424234923458533,0.0
UGC12571,(R:)SB(r)b,Mathewson96,65.9347790488877,4.281166103798512,1.5586696163378165e-10,5.752328330791626e-11,0.2202575037914179,0.0
UGC12571,(R:)SB(r)b,Mathewson96,65.9347790488877,4.76911747509272,1.4127696387139997e-10,5.100248501841427e-11,0.21472013238843898,0.0
UGC12571,(R:)SB(r)b,Mathewson96,65.9347790488877,5.292395642498727,1.1332658967740186e-10,4.358016869975091e-11,0.21476858171464958,0.0
UGC12571,(R:)SB(r)b,Mathewson96,65.9347790488877,6.087248555014181,6.944836617934917e-11,3.1455147605350816e-11,0.23577610312133146,0.0
UGC12571,(R:)SB(r)b,Mathewson96,65.9347790488877,6.557536528252491,9.161090384749586e-11,2.8262233205747465e-11,0.24755626213705095,0.0
UGC12571,(R:)SB(r)b,Mathewson96,65.9347790488877,7.0278245014908,1.0260876771115848e-10,2.7589262493519356e-11,0.20755207444997859,0.0
UGC12571,(R:)SB(r)b,Mathewson96,65.9347790488877,7.822677414006254,9.094437489744781e-11,2.1965336793607612e-11,0.2336896391407799,0.0
UGC12571,(R:)SB(r)b,Mathewson96,65.9347790488877,8.617530326521708,1.417277613877285e-10,1.8686469015930464e-11,0.23504441229983594,0.0
UGC12571,(R:)SB(r)b,Mathewson96,65.9347790488877,9.014956782779434,5.209462343651441e-11,1.690180045214816e-11,0.216679486460366,0.0
UGC12571,(R:)SB(r)b,Mathewson96,65.9347790488877,9.809809695294886,5.649341701434935e-11,1.3617955759809994e-11,0.2912769737371899,0.0
UGC12571,(R:)SB(r)b,Mathewson96,65.9347790488877,10.207236151552614,7.31578269202921e-11,1.575625821996715e-11,0.20218590348025903,0.0
UGC12631,Sb,Courteau97,77.4835397024068,1.2300480204267974,3.4364483016004396e-10,7.489559611007966e-11,0.5907723246671901,0.0
UGC12631,Sb,Courteau97,77.4835397024068,1.872015198571417,4.841768590338805e-10,9.516630062541363e-11,0.5496664188590481,0.0
UGC12631,Sb,Courteau97,77.4835397024068,2.6217550484409213,5.643105228316223e-10,1.0774021752838148e-10,0.46857855549491906,0.0
UGC12631,Sb,Courteau97,77.4835397024068,3.1123736009502343,4.3058152366749676e-10,1.1202472531952623e-10,0.45357956796368804,0.0
UGC12631,Sb,Courteau97,77.4835397024068,3.8827342147237776,4.01389024064392e-10,1.1091696378127828e-10,0.34411395753599405,0.0
UGC12631,Sb,Courteau97,77.4835397024068,4.460504675053936,3.4270544369733563e-10,1.0971004993844828e-10,0.35555678326787105,0.0
UGC12631,Sb,Courteau97,77.4835397024068,7.156766823261338,1.1377659878076483e-10,6.446408158296444e-11,0.38985618581557563,0.0
UGC12631,Sb,Courteau97,77.4835397024068,7.9271274370348825,1.5265394697823085e-10,5.45051284631082e-11,0.4300775166458555,0.0
UGC12631,Sb,Courteau97,77.4835397024068,8.473966751508982,1.4847571816119825e-10,6.35694042218454e-11,0.32735774283298,0.0
UGC12631,Sb,Courteau97,77.4835397024068,9.05173721183914,1.5480893269735726e-10,2.4847447793440326e-11,0.6618216774311111,0.0
UGC12631,Sb,Courteau97,77.4835397024068,9.70401477193578,1.6560296790030567e-10,3.939348455856144e-11,0.49503884324023945,0.0
UGC12631,Sb,Courteau97,77.4835397024068,10.39986828594284,1.7859550794520577e-10,5.869862134300446e-11,0.3181986833800826,0.0
UGC12631,Sb,Courteau97,77.4835397024068,11.095721799949905,1.495875169736665e-10,2.9428695713090885e-11,0.503875406876716,0.0
UGC12631,Sb,Courteau97,77.4835397024068,11.99447584935237,1.371648049795441e-10,1.96763439176311e-11,0.6623093571815944,0.0
UGC12631,Sb,Courteau97,77.4835397024068,12.680018981407411,1.147961310625059e-10,4.8108643790433645e-11,0.30004195284586593,0.0
UGC12631,Sb,Courteau97,77.4835397024068,13.25778944173757,8.902077676250292e-11,1.6604509518061384e-11,0.6824345910636361,0.0
UGC12631,Sb,Courteau97,77.4835397024068,14.090012347223233,1.1049807045422618e-10,3.91911374261293e-11,0.3158680685665764,0.0
UGC12631,Sb,Courteau97,77.4835397024068,14.475192654110005,1.166095112148214e-10,2.2676820909710266e-11,0.5358087358617393,0.0
UGC12666,Scd:,Courteau97/ShellFlow,67.92757166545937,0.3037742991185723,7.708053240144819e-11,1.067979660265938e-11,0.6421445220634755,0.0
UGC12666,Scd:,Courteau97/ShellFlow,67.92757166545937,0.8928262271834776,1.109121298103214e-10,2.7217390032061465e-11,0.6147359132246403,0.0
UGC12666,Scd:,Courteau97/ShellFlow,67.92757166545937,1.4573767689622574,1.2148482654031302e-10,3.5511472796075324e-11,0.5670570474877373,0.0
UGC12666,Scd:,Courteau97/ShellFlow,67.92757166545937,2.0219273107410367,1.1125813359392311e-10,3.7771827777082694e-11,0.529006862055187,0.0
UGC12666,Scd:,Courteau97/ShellFlow,67.92757166545937,2.586477852519817,1.0921825766657099e-10,4.070809685097451e-11,0.5119688890431207,0.0
UGC12666,Scd:,Courteau97/ShellFlow,67.92757166545937,3.151028394298596,1.0721147393717997e-10,3.9420370377743005e-11,0.5010996100299355,0.0
UGC12666,Scd:,Courteau97/ShellFlow,67.92757166545937,3.76307287054448,8.837822308753485e-11,3.6681074089384144e-11,0.50493565975402,0.0
UGC12666,Scd:,Courteau97/ShellFlow,67.92757166545937,4.372130306886771,9.030956376423795e-11,3.085007326090753e-11,0.4935432979127011,0.0
UGC12666,Scd:,Courteau97/ShellFlow,67.92757166545937,4.936680848665552,1.0152026126076003e-10,3.959265405134574e-11,0.4230583649190277,0.0
UGC12666,Scd:,Courteau97/ShellFlow,67.92757166545937,5.499672698712821,9.891867189487934e-11,3.971277573250312e-11,0.4076212640808849,0.0
UGC12666,Scd:,Courteau97/ShellFlow,67.92757166545937,6.045594973456477,8.233143852406859e-11,3.826254711289884e-11,0.3895636479567995,0.0
UGC12666,Scd:,Courteau97/ShellFlow,67.92757166545937,6.648314454221511,8.034052057113981e-11,3.379544772965957e-11,0.4093803978768801,0.0
UGC12666,Scd:,Courteau97/ShellFlow,67.92757166545937,7.22099280816873,9.724806405806727e-11,3.517162065564036e-11,0.3643523383893556,0.0
UGC12666,Scd:,Courteau97/ShellFlow,67.92757166545937,7.850653773495262,7.866065013695215e-11,3.352031390364004e-11,0.3220411230008089,0.0
UGC12666,Scd:,Courteau97/ShellFlow,67.92757166545937,8.452032525925386,8.22089441982954e-11,1.698675377610002e-11,0.5844433746232718,0.0
UGC12666,Scd:,Courteau97/ShellFlow,67.92757166545937,8.953074616633941,7.663930861657673e-11,3.019060369245491e-11,0.3556419619217724,0.0
UGC12666,Scd:,Courteau97/ShellFlow,67.92757166545937,9.534166721612166,6.924186776901239e-11,3.7302623058101675e-11,0.20740336173077623,0.0
UGC12666,Scd:,Courteau97/ShellFlow,67.92757166545937,10.083813593738636,6.587851154303346e-11,2.1508826939396813e-11,0.41773950946588007,0.0
UGC12666,Scd:,Courteau97/ShellFlow,67.92757166545937,10.62089166573744,6.490117259809157e-11,3.307181932550791e-11,0.19021860443231092,0.0
UGC12666,Scd:,Courteau97/ShellFlow,67.92757166545937,11.602140911933677,7.889810324397033e-11,2.844363870601922e-11,0.16922204449939324,0.0
UGC12667,Scd: HII,Courteau97,51.2551343071332,0.12775102901607155,3.551214263930762e-11,1.4746311006560958e-11,0.2575310053946189,0.0
UGC12667,Scd: HII,Courteau97,51.2551343071332,0.4471286015562504,9.435648248900591e-11,4.745263335656892e-11,0.5253356481700774,0.0
UGC12667,Scd: HII,Courteau97,51.2551343071332,0.7665061740964294,1.7915797453548484e-10,7.07264797089974e-11,0.5100009726174969,0.0
UGC12667,Scd: HII,Courteau97,51.2551343071332,1.0858837466366082,2.0059392300927249e-10,8.239418421660394e-11,0.49738495762783885,0.0
UGC12667,Scd: HII,Courteau97,51.2551343071332,1.405261319176787,2.3102743331697356e-10,8.380347778085984e-11,0.47593032417140346,0.0
UGC12667,Scd: HII,Courteau97,51.2551343071332,1.724638891716966,1.5504966615417863e-10,8.236715346881988e-11,0.49005670656632555,0.0
UGC12667,Scd: HII,Courteau97,51.2551343071332,2.044016464257145,1.3096238581098918e-10,8.192632148190835e-11,0.4721764692073381,0.0
UGC12667,Scd: HII,Courteau97,51.2551343071332,2.299518522289288,1.1810944672601402e-10,8.220238044394047e-11,0.46587823781951054,0.0
UGC12667,Scd: HII,Courteau97,51.2551343071332,2.6200574678205224,1.0592032992689475e-10,8.081851137344109e-11,0.47502284440872555,0.0
UGC12667,Scd: HII,Courteau97,51.2551343071332,2.9599526298693433,1.0644121708496543e-10,7.672032018431312e-11,0.47030110596543023,0.0
UGC12667,Scd: HII,Courteau97,51.2551343071332,3.2576512399098245,1.1431340944583266e-10,7.508135866367613e-11,0.4645863170427836,0.0
UGC12667,Scd: HII,Courteau97,51.2551343071332,3.5770288124500036,1.067043020220738e-10,7.246721763125079e-11,0.4642809730645835,0.0
UGC12667,Scd: HII,Courteau97,51.2551343071332,3.8964063849901827,1.3608877599612348e-10,7.422052735501678e-11,0.44602982090612775,0.0
UGC12667,Scd: HII,Courteau97,51.2551343071332,4.215783957530361,1.3068030572854573e-10,8.306720685334195e-11,0.38187441338656736,0.0
UGC12667,Scd: HII,Courteau97,51.2551343071332,4.471286015562504,1.3045275589139627e-10,7.933777465465279e-11,0.2811957351098424,0.0
UGC12667,Scd: HII,Courteau97,51.2551343071332,4.790431313504472,1.3483796389053493e-10,7.064143529562978e-11,0.388880072219983,0.0
UGC12667,Scd: HII,Courteau97,51.2551343071332,5.108879787651807,1.3890678925403426e-10,8.57010839526725e-11,0.2875405098409773,0.0
UGC12667,Scd: HII,Courteau97,51.2551343071332,5.428257360191986,1.2500984346436636e-10,7.991816366795235e-11,0.21463193116099338,0.0
UGC12667,Scd: HII,Courteau97,51.2551343071332,5.684920791215184,1.034805245084073e-10,7.512671225402088e-11,0.27569434640730894,0.0
UGC12667,Scd: HII,Courteau97,51.2551343071332,6.069335251254454,1.3882630810085802e-10,7.919878774135628e-11,0.18641445857825664,0.0
UGC12701,Scd:,Courteau97,83.07309288472648,0.4667027646959009,1.218691084478234e-10,8.043677517659434e-12,0.7463586597352384,0.0
UGC12701,Scd:,Courteau97,83.07309288472648,1.39424349375803,1.0432975979545778e-10,2.0155327800812982e-11,0.6635163645541181,0.0
UGC12701,Scd:,Courteau97,83.07309288472648,2.2331355101447166,1.2164604312938246e-10,2.662192807208663e-11,0.6144642844483851,0.0
UGC12701,Scd:,Courteau97,83.07309288472648,3.072027526531404,8.816076207403336e-11,2.941419289681527e-11,0.5526580537020517,0.0
UGC12701,Scd:,Courteau97,83.07309288472648,3.9995682555935326,9.148165811846253e-11,2.8349042043513698e-11,0.5655416245229411,0.0
UGC12701,Scd:,Courteau97,83.07309288472648,4.932973784985334,6.691890130592876e-11,2.510952350349476e-11,0.558927121191852,0.0
UGC12701,Scd:,Courteau97,83.07309288472648,5.811791557462488,6.10845984508774e-11,2.9290361225621995e-11,0.4919067371622796,0.0
UGC12701,Scd:,Courteau97,83.07309288472648,6.793920043439266,5.779666429576706e-11,3.733718452166373e-11,0.32661464504550347,0.0
UGC12701,Scd:,Courteau97,83.07309288472648,7.601307555490915,6.639181034810175e-11,3.334702587784349e-11,0.3470708703230763,0.0
UGC12701,Scd:,Courteau97,83.07309288472648,8.593812226666344,6.72934624195415e-11,2.323052514430748e-11,0.42776474342491116,0.0
UGC12701,Scd:,Courteau97,83.07309288472648,9.399244805274769,7.79594478353332e-11,2.357254375692405e-11,0.3667888080099417,0.0
UGC12701,Scd:,Courteau97,83.07309288472648,10.326785534336897,6.783870535127461e-11,2.1629232138116256e-11,0.33673164840367537,0.0
UGC12701,Scd:,Courteau97,83.07309288472648,11.21586670739098,5.6317134606716267e-11,2.190270138537106e-11,0.262345752102328,0.0
UGC12701,Scd:,Courteau97,83.07309288472648,13.871380625893874,4.201694565201583e-11,1.3003101684384152e-11,0.34511346348019073,0.0
UGC12701,Scd:,Courteau97,83.07309288472648,14.80185375512084,4.631566596382936e-11,1.335871750187447e-11,0.29748840825217004,0.0
UGC12701,Scd:,Courteau97,83.07309288472648,15.732326884347806,4.5143524920411665e-11,1.0775436667742886e-11,0.3176550059702685,0.0
UGC12701,Scd:,Courteau97,83.07309288472648,16.66280001357477,3.409688581046291e-11,1.287357356656402e-11,0.21189031363829358,0.0
UGC12701,Scd:,Courteau97,83.07309288472648,17.407178516956343,4.3507615386348114e-11,1.0706702030495052e-11,0.24093443764706363,0.0
UGC12701,Scd:,Courteau97,83.07309288472648,17.965462394492523,5.098945935298898e-11,9.86930230809397e-12,0.25399196902812543,0.0
UGC12810,(R')SAB(r)bc pec:,Courteau97,71.16826440579405,0.6751278597920152,3.02305492263949e-10,5.1517579909656774e-11,0.6400430295781016,0.0
UGC12810,(R')SAB(r)bc pec:,Courteau97,71.16826440579405,1.6203068635008364,2.5474603563332214e-10,9.467937767063786e-11,0.5563530195590246,0.0
UGC12810,(R')SAB(r)bc pec:,Courteau97,71.16826440579405,4.590869446585703,2.1416032834938935e-10,8.275869213860617e-11,0.4922977456425322,0.0
UGC12810,(R')SAB(r)bc pec:,Courteau97,71.16826440579405,5.907368773180132,1.2088475992568695e-10,4.351052617052522e-11,0.6907696160716124,0.0
UGC12810,(R')SAB(r)bc pec:,Courteau97,71.16826440579405,7.257624492764162,1.3911194814472226e-10,3.8275811290275644e-11,0.682215769889082,0.0
UGC12810,(R')SAB(r)bc pec:,Courteau97,71.16826440579405,8.607880212348192,1.4826235767686762e-10,4.1677313352540795e-11,0.6613292256384234,0.0
UGC12810,(R')SAB(r)bc pec:,Courteau97,71.16826440579405,9.958135931932222,1.436511730531736e-10,1.0408833597325369e-10,0.2786598557753946,0.0
UGC12810,(R')SAB(r)bc pec:,Courteau97,71.16826440579405,11.308391651516253,1.325630505702777e-10,5.828410937845752e-11,0.4455437827304801,0.0
UGC12810,(R')SAB(r)bc pec:,Courteau97,71.16826440579405,12.586312243265425,1.310878871530736e-10,4.6014207565976126e-11,0.4826226426456104,0.0
UGC12810,(R')SAB(r)bc pec:,Courteau97,71.16826440579405,13.840121125736308,9.390444193349911e-11,4.978491611415838e-11,0.3665444326444193,0.0
UGC12810,(R')SAB(r)bc pec:,Courteau97,71.16826440579405,15.59545356119555,9.925319133077555e-11,2.9921873992561735e-11,0.48140879925693425,0.0
UGC12810,(R')SAB(r)bc pec:,Courteau97,71.16826440579405,16.709414529852374,1.051668396246583e-10,3.4578924181679414e-11,0.35462430761101166,0.0
UGC12810,(R')SAB(r)bc pec:,Courteau97,71.16826440579405,18.059670249436405,9.989780375119418e-11,3.731941451801392e-11,0.2646824223271226,0.0
UGC12810,(R')SAB(r)bc pec:,Courteau97,71.16826440579405,19.072362039124428,1.1018145380608884e-10,4.030629943798391e-11,0.16240755173384244,0.0
UGC12810,(R')SAB(r)bc pec:,Courteau97,71.16826440579405,20.92896365355247,6.250655626239493e-11,2.854558973798868e-11,0.1799597961838713,0.0
UGC12810,(R')SAB(r)bc pec:,Courteau97,71.16826440579405,21.997916098223158,5.91407532396744e-11,2.7638654189036506e-11,0.22313601841833844,0.0
UGC12810,(R')SAB(r)bc pec:,Courteau97,71.16826440579405,23.12312919787652,7.053610144385009e-11,3.363211464556921e-11,0.12289605799517528,0.0
UGC12810,(R')SAB(r)bc pec:,Courteau97,71.16826440579405,25.148512777252563,4.548547119057527e-11,1.2874741557141092e-11,0.49406960030629726,0.0
UGC12810,(R')SAB(r)bc pec:,Courteau97,71.16826440579405,26.161204566940583,6.814180954037695e-11,2.3140103215152955e-11,0.15304242159004855,0.0
UGC12816,SAB(rs)cd:,Courteau97,62.29483437356452,0.26769323734031464,9.215066433350968e-11,1.546124711565347e-11,0.6083994461443981,0.0
UGC12816,SAB(rs)cd:,Courteau97,62.29483437356452,0.7504507017671442,1.8271778873044655e-10,3.933739059236257e-11,0.5477617004182521,0.0
UGC12816,SAB(rs)cd:,Courteau97,62.29483437356452,1.2332081661939738,1.9093785935053544e-10,5.5071766959717735e-11,0.494053944711731,0.0
UGC12816,SAB(rs)cd:,Courteau97,62.29483437356452,1.7153158897534726,1.7551496626928897e-10,6.323693877969503e-11,0.4382003714490015,0.0
UGC12816,SAB(rs)cd:,Courteau97,62.29483437356452,2.197423613312971,1.3793386134197346e-10,6.262850355575753e-11,0.41038848047618803,0.0
UGC12816,SAB(rs)cd:,Courteau97,62.29483437356452,2.6801810777398005,8.65948167477498e-11,5.814776681643422e-11,0.4019718272434235,0.0
UGC12816,SAB(rs)cd:,Courteau97,62.29483437356452,3.1629385421666307,7.99781897268754e-11,5.024719700074007e-11,0.38822093825130116,0.0
UGC12816,SAB(rs)cd:,Courteau97,62.29483437356452,3.6450462657261293,1.049141405832132e-10,4.69794111528764e-11,0.4281389323157982,0.0
UGC12816,SAB(rs)cd:,Courteau97,62.29483437356452,4.1271539892856275,8.089091651852225e-11,3.965590430390851e-11,0.45044908452666593,0.0
UGC12816,SAB(rs)cd:,Courteau97,62.29483437356452,4.609911453712457,1.086898968356218e-10,3.7861554814512805e-11,0.4030319208364768,0.0
UGC12816,SAB(rs)cd:,Courteau97,62.29483437356452,5.092668918139287,1.091098246459793e-10,3.535626631220805e-11,0.3904963831974713,0.0
UGC12816,SAB(rs)cd:,Courteau97,62.29483437356452,5.557450218569962,9.194459734030613e-11,3.055209129051898e-11,0.4455227009338594,0.0
UGC12816,SAB(rs)cd:,Courteau97,62.29483437356452,5.896398371027562,5.1003650910846705e-11,3.445069642112347e-11,0.4051876518260282,0.0
UGC12816,SAB(rs)cd:,Courteau97,62.29483437356452,6.594869803408237,6.006968379488186e-11,2.6846654797247525e-11,0.456087680944592,0.0
UGC12816,SAB(rs)cd:,Courteau97,62.29483437356452,7.04968841053984,7.62357285996393e-11,3.2719751912701694e-11,0.35127560749202036,0.0
UGC12816,SAB(rs)cd:,Courteau97,62.29483437356452,7.521833440800266,9.001072054818507e-11,2.8178977875321084e-11,0.3276230200000939,0.0
UGC12816,SAB(rs)cd:,Courteau97,62.29483437356452,7.985315259496279,8.772394491562907e-11,2.175986319247409e-11,0.4598994487827249,0.0
UGC12816,SAB(rs)cd:,Courteau97,62.29483437356452,8.521351475044238,4.2800172844996725e-11,2.7986993743874992e-11,0.3241641996639703,0.0
UGC12816,SAB(rs)cd:,Courteau97,62.29483437356452,8.950180447482607,6.322810779306962e-11,1.655294332839754e-11,0.5110435535827914,0.0
UGC12816,SAB(rs)cd:,Courteau97,62.29483437356452,9.379009419920976,1.1576816075389444e-10,2.4768654708640245e-11,0.3336790943286229,0.0
UGC12816,SAB(rs)cd:,Courteau97,62.29483437356452,9.700631149249752,2.0210953551865239e-10,1.6092101556783165e-11,0.49619032406765035,0.0
UGC12818,S?,Courteau97,57.62267429059874,0.26489483790269797,3.1460703080487736e-11,1.2687748383913043e-11,0.6479658020410418,0.0
UGC12818,S?,Courteau97,57.62267429059874,0.7880477844520397,2.539527214842988e-11,3.310287102426631e-11,0.6235248070319285,0.0
UGC12818,S?,Courteau97,57.62267429059874,1.3688254090611591,3.6899764427606794e-11,4.5696765958133315e-11,0.5822681915548087,0.0
UGC12818,S?,Courteau97,57.62267429059874,1.9496030336702788,5.1749219678050996e-11,5.310619020443655e-11,0.5352711905062042,0.0
UGC12818,S?,Courteau97,57.62267429059874,2.4727559802196204,6.450655067257618e-11,5.629345588794407e-11,0.5096794700118144,0.0
UGC12818,S?,Courteau97,57.62267429059874,3.002545656025016,8.392604797696582e-11,5.357714760568503e-11,0.5095239351182049,0.0
UGC12818,S?,Courteau97,57.62267429059874,3.5800049160061085,6.84380771051777e-11,5.4156943237183555e-11,0.4871121677834681,0.0
UGC12818,S?,Courteau97,57.62267429059874,4.157464175987201,8.845048299001434e-11,5.3506864492960816e-11,0.3842920127206453,0.0
UGC12818,S?,Courteau97,57.62267429059874,4.687253851792597,1.0329324805640917e-10,6.002064085659424e-11,0.3777480588186372,0.0
UGC12818,S?,Courteau97,57.62267429059874,5.210406798341938,1.1304776042608782e-10,5.4406926835787135e-11,0.3921799277199341,0.0
UGC12818,S?,Courteau97,57.62267429059874,5.791184422951058,7.09674904561714e-11,4.672799828052802e-11,0.4194152730304506,0.0
UGC12818,S?,Courteau97,57.62267429059874,6.371962047560177,4.453582996292148e-11,4.363668812941407e-11,0.4129735530816592,0.0
UGC12818,S?,Courteau97,57.62267429059874,6.895114994109518,5.5000039451346546e-11,4.919267293447607e-11,0.3325015705394339,0.0
UGC12818,S?,Courteau97,57.62267429059874,7.4232454876009015,6.495194240458928e-11,4.551263197837938e-11,0.2872232387207354,0.0
UGC12818,S?,Courteau97,57.62267429059874,7.836126624972729,4.076201742408237e-11,3.1400657107576345e-11,0.462554931793693,0.0
UGC12818,S?,Courteau97,57.62267429059874,8.573186460621045,4.85204201022244e-11,3.2399946501268595e-11,0.4074783771822412,0.0
UGC12818,S?,Courteau97,57.62267429059874,9.099657771798414,6.178547382404754e-11,4.7302052888132815e-11,0.21185145309380596,0.0
UGC12818,S?,Courteau97,57.62267429059874,9.626129082975783,6.969833559557476e-11,2.4491741186686028e-11,0.45215828039470723,0.0
UGC12818,S?,Courteau97,57.62267429059874,10.16089630572322,5.35169052940475e-11,3.913179472933313e-11,0.20607886362798888,0.0
UGC12818,S?,Courteau97,57.62267429059874,10.80095779070613,2.4422324812116544e-11,3.219885660537018e-11,0.146932657973836,0.0
UGC12818,S?,Courteau97,57.62267429059874,11.011546315177078,3.290704478623124e-11,3.885713540149843e-11,0.13486126432354092,0.0
UGC12844,Scd:,Courteau97,72.87136407251538,0.5084611010108356,2.332166285579201e-11,7.89284731852624e-12,0.7809299479977334,0.0
UGC12844,Scd:,Courteau97,72.87136407251538,1.4245470779498863,3.183702566284502e-11,1.8910725629060204e-11,0.7118972358141086,0.0
UGC12844,Scd:,Courteau97,72.87136407251538,2.2784193296002715,9.386518177421483e-11,2.7108210096629593e-11,0.6462085551836645,0.0
UGC12844,Scd:,Courteau97,72.87136407251538,3.220253639735292,1.7718868033283036e-10,3.393404659241288e-11,0.5849607552463542,0.0
UGC12844,Scd:,Courteau97,72.87136407251538,4.237175841756963,1.6028562834732986e-10,4.0731196768570217e-11,0.4898147866519716,0.0
UGC12844,Scd:,Courteau97,72.87136407251538,5.136598447035501,1.4360631542633202e-10,4.19332436433446e-11,0.45005855009978224,0.0
UGC12844,Scd:,Courteau97,72.87136407251538,5.9665505635513005,1.2535698367604866e-10,2.4159842421976182e-11,0.6091570760346663,0.0
UGC12844,Scd:,Courteau97,72.87136407251538,6.94896838048142,1.1879882262929192e-10,3.7034952282978135e-11,0.4463231244287664,0.0
UGC12844,Scd:,Courteau97,72.87136407251538,7.796403548832813,1.383587082827159e-10,2.6910057104886522e-11,0.5335860798884313,0.0
UGC12844,Scd:,Courteau97,72.87136407251538,8.668148978579335,1.0232540723110075e-10,2.334494850389547e-11,0.5462315239117211,0.0
UGC12844,Scd:,Courteau97,72.87136407251538,9.531848054202118,5.7824660640278735e-11,2.4646700659529008e-11,0.47700052943621335,0.0
UGC12844,Scd:,Courteau97,72.87136407251538,11.735179491915739,8.828065858413238e-11,1.848550351757223e-11,0.432570804652419,0.0
UGC12844,Scd:,Courteau97,72.87136407251538,13.329795680217197,7.04388607296484e-11,2.4962624402251873e-11,0.22721826604050666,0.0
UGC12844,Scd:,Courteau97,72.87136407251538,14.409137046356227,5.288741354196717e-11,2.0281494848687205e-11,0.22611527919124758,0.0
UGC12844,Scd:,Courteau97,72.87136407251538,15.27523290831374,4.7461652420894e-11,1.4178908050096781e-11,0.3684701294785178,0.0
UGC12844,Scd:,Courteau97,72.87136407251538,18.51466083872688,7.683835873795791e-11,1.0735236413043896e-11,0.37381241741908644,0.0
UGC12859,Sbc,Courteau97,76.4630239077059,0.24977608280609895,8.932986277441113e-11,7.513111556471557e-12,0.6671402375386732,0.0
UGC12859,Sbc,Courteau97,76.4630239077059,1.867811317479941,1.958344846344993e-10,2.9144023323579935e-11,0.615389981622821,0.0
UGC12859,Sbc,Courteau97,76.4630239077059,2.387259939398347,1.0834524115778035e-10,3.0863174501346305e-11,0.6130559582806383,0.0
UGC12859,Sbc,Courteau97,76.4630239077059,3.010598285700434,6.796275137537811e-11,2.9017190730981747e-11,0.6171405378042152,0.0
UGC12859,Sbc,Courteau97,76.4630239077059,3.3252057540865714,1.3811092887485658e-10,2.8377742499530134e-11,0.6170648566909297,0.0
UGC12859,Sbc,Courteau97,76.4630239077059,3.9456058051535643,1.1544685112828728e-10,2.90242540719572e-11,0.6219953338112976,0.0
UGC12859,Sbc,Courteau97,76.4630239077059,4.465054427071971,7.467943592557915e-11,2.7982887388786868e-11,0.5898240850116359,0.0
UGC12859,Sbc,Courteau97,76.4630239077059,4.984503048990376,9.517558233570736e-11,3.482258432347671e-11,0.49542834670102986,0.0
UGC12859,Sbc,Courteau97,76.4630239077059,5.506155392335103,1.24181948727425e-10,3.848091323578296e-11,0.45626854863883115,0.0
UGC12859,Sbc,Courteau97,76.4630239077059,5.983607380214773,1.5528054110181797e-10,3.005236471689322e-11,0.5002175046357935,0.0
UGC12859,Sbc,Courteau97,76.4630239077059,6.48315954582697,1.2395020269773855e-10,2.2380235983995265e-11,0.6403205694256249,0.0
UGC12859,Sbc,Courteau97,76.4630239077059,7.022504624051583,1.1963739717277236e-10,2.9174054352257205e-11,0.5553392111055782,0.0
UGC12859,Sbc,Courteau97,76.4630239077059,7.5220567896637816,1.2695197249991913e-10,4.98679523403387e-11,0.3214297478343164,0.0
UGC12859,Sbc,Courteau97,76.4630239077059,8.061401867888396,1.2469745328092128e-10,5.112655707983423e-11,0.210899849504154,0.0
UGC12859,Sbc,Courteau97,76.4630239077059,8.62064340241922,1.0767099976103536e-10,3.126790562631822e-11,0.41146712510305034,0.0
UGC12859,Sbc,Courteau97,76.4630239077059,9.140092024337624,1.254132310403794e-10,4.283270850380159e-11,0.22291882851310615,0.0
UGC12859,Sbc,Courteau97,76.4630239077059,9.65954064625603,1.0902887126694237e-10,3.2469413755506604e-11,0.21765768753730086,0.0
UGC12859,Sbc,Courteau97,76.4630239077059,9.971209819407074,8.294408629485938e-11,3.7630540164590006e-11,0.19841138468989014,0.0
UGC12859,Sbc,Courteau97,76.4630239077059,10.386768716941798,8.313632937596592e-11,2.4589937823236074e-11,0.3519568702737138,0.0
UGC12866,Scd:,Mathewson96,82.00658203468696,0.3259186560977384,2.2613173804401622e-11,2.080559536790957e-12,0.7944963044827342,0.0
UGC12866,Scd:,Mathewson96,82.00658203468696,1.009888793542288,2.5745939715397392e-11,5.563734679227511e-12,0.7516407256879337,0.0
UGC12866,Scd:,Mathewson96,82.00658203468696,1.6938589309868377,5.132889351352357e-11,8.150160522631438e-12,0.6984284047343822,0.0
UGC12866,Scd:,Mathewson96,82.00658203468696,2.3456962431823145,6.976583604660566e-11,1.0231719732308258e-11,0.6507634242018229,0.0
UGC12866,Scd:,Mathewson96,82.00658203468696,3.029666380626864,6.431469379913091e-11,1.1143948411128097e-11,0.6244818517765514,0.0
UGC12866,Scd:,Mathewson96,82.00658203468696,3.7136365180714135,7.64817011900304e-11,1.1884764973934196e-11,0.5787308096777081,0.0
UGC12866,Scd:,Mathewson96,82.00658203468696,4.3654738302668905,6.763156217437973e-11,1.2590601715531714e-11,0.5749767850622676,0.0
UGC12866,Scd:,Mathewson96,82.00658203468696,5.04944396771144,8.149563019265336e-11,1.507957626603775e-11,0.46079475753065374,0.0
UGC12866,Scd:,Mathewson96,82.00658203468696,5.7334141051559895,9.842364125696584e-11,1.4130329841765931e-11,0.49136730117189364,0.0
UGC12866,Scd:,Mathewson96,82.00658203468696,6.3852514173514665,7.886439300788586e-11,1.1874425231836907e-11,0.5280301792441424,0.0
UGC12866,Scd:,Mathewson96,82.00658203468696,7.069221554796016,6.055574544930784e-11,1.0376328408425853e-11,0.5506082602006804,0.0
UGC12866,Scd:,Mathewson96,82.00658203468696,7.753191692240566,7.204761928853868e-11,1.0488943918829009e-11,0.5208189306211838,0.0
UGC12866,Scd:,Mathewson96,82.00658203468696,8.405029004436042,4.6922879169191043e-11,1.2228953807553223e-11,0.43421280428578507,0.0
UGC12866,Scd:,Mathewson96,82.00658203468696,9.088999141880592,5.569568895754363e-11,1.3744762221424844e-11,0.35531488796920724,0.0
UGC12866,Scd:,Mathewson96,82.00658203468696,9.772969279325142,5.825874576215435e-11,1.1722169383168464e-11,0.3378864837858191,0.0
UGC12866,Scd:,Mathewson96,82.00658203468696,11.108776728965168,3.940413234285751e-11,1.0939021302063398e-11,0.3532639207045024,0.0
UGC12866,Scd:,Mathewson96,82.00658203468696,11.792746866409717,2.665967707358214e-11,9.492653521799642e-12,0.3214292793022089,0.0
UGC12866,Scd:,Mathewson96,82.00658203468696,12.444584178605195,2.007578327019327e-12,8.370764163170718e-12,0.4021359112531918,0.0
UGC12866,Scd:,Mathewson96,82.00658203468696,13.454472972147483,3.7320822361566284e-11,9.247809988600514e-12,0.30759689433288684,0.0
VCC1456,SB?,Mathewson96,52.35217113237374,0.15757618500472695,4.744111623395862e-12,3.745197446605748e-12,0.5516974226142134,0.0
VCC1456,SB?,Mathewson96,52.35217113237374,0.4578100996291179,1.995872426102925e-11,1.0604022238821116e-11,0.6581140992666461,0.0
VCC1456,SB?,Mathewson96,52.35217113237374,0.7729624696385717,5.246387142655627e-11,1.6530452540520343e-11,0.6217602167927622,0.0
VCC1456,SB?,Mathewson96,52.35217113237374,1.0731963842629626,6.112847248172769e-11,2.051294271653377e-11,0.6042175393583974,0.0
VCC1456,SB?,Mathewson96,52.35217113237374,1.3883487542724164,2.1345745022991673e-10,2.286725410427777e-11,0.5720400674286532,0.0
VCC1456,SB?,Mathewson96,52.35217113237374,1.6885826688968075,8.687455899324618e-11,2.4964030768891108e-11,0.547691723591863,0.0
VCC1456,SB?,Mathewson96,52.35217113237374,2.153851996218457,9.556508395617454e-11,2.7537388703002883e-11,0.5274454123154558,0.0
VCC1456,SB?,Mathewson96,52.35217113237374,2.619121323540106,1.1229894647596624e-10,2.797200504013576e-11,0.5112053089519447,0.0
VCC1456,SB?,Mathewson96,52.35217113237374,2.9193552381644974,7.115849766579431e-11,2.7024918915862287e-11,0.5120886151691846,0.0
VCC1456,SB?,Mathewson96,52.35217113237374,3.234507608173951,8.129007762627659e-11,2.6203288840765366e-11,0.5096457337213188,0.0
VCC1456,SB?,Mathewson96,52.35217113237374,3.534741522798342,6.273789927108812e-11,2.6361361364484778e-11,0.4979092734173152,0.0
VCC1456,SB?,Mathewson96,52.35217113237374,3.849893892807796,8.367705685542819e-11,2.7897302459265835e-11,0.468238302223281,0.0
VCC1456,SB?,Mathewson96,52.35217113237374,4.150127807432186,4.3874617165230506e-11,3.046237361362084e-11,0.40622447399856365,0.0
VCC1456,SB?,Mathewson96,52.35217113237374,4.465280177441641,7.85937268859046e-11,2.814978382942085e-11,0.37755600556320423,0.0
VCC1456,SB?,Mathewson96,52.35217113237374,4.765514092066032,9.817675566325956e-11,2.4520884176941704e-11,0.45469353659448924,0.0
VCC1456,SB?,Mathewson96,52.35217113237374,5.080666462075486,5.97936452672718e-11,2.903366811907239e-11,0.37027680635846505,0.0
VCC1456,SB?,Mathewson96,52.35217113237374,5.380900376699876,7.12751029310122e-11,2.5460205487381668e-11,0.3312007172258089,0.0
VCC1456,SB?,Mathewson96,52.35217113237374,5.696052746709331,6.768266519325182e-11,2.425973319770263e-11,0.39775117201827337,0.0
VCC1456,SB?,Mathewson96,52.35217113237374,5.996286661333721,6.718457847933513e-11,2.7263165145544603e-11,0.29523734629665055,0.0
VCC1456,SB?,Mathewson96,52.35217113237374,6.611672945967566,6.112157370852047e-11,2.559761065912981e-11,0.27740590557369577,0.0
WISEAJ011324.26+151427.8,Sc:,SCII,47.37518328335558,0.8950827576176277,2.287528113262038e-10,3.474213654652495e-11,0.7356373056542141,0.0
WISEAJ011324.26+151427.8,Sc:,SCII,47.37518328335558,1.61114896371173,3.184285598376427e-10,5.855745410094047e-11,0.6507042408577924,0.0
WISEAJ011324.26+151427.8,Sc:,SCII,47.37518328335558,2.2591276779870553,3.0956919110158915e-10,8.018249545825213e-11,0.5920701899068077,0.0
WISEAJ011324.26+151427.8,Sc:,SCII,47.37518328335558,2.7533357646716596,2.8551456776039176e-10,9.845645812939852e-11,0.5222566102412428,0.0
WISEAJ011324.26+151427.8,Sc:,SCII,47.37518328335558,3.4013144789469854,2.554452533856661e-10,1.0935530903672934e-10,0.44202925079163446,0.0
WISEAJ011324.26+151427.8,Sc:,SCII,47.37518328335558,4.117380685041088,2.2952122206363076e-10,1.0115093885251865e-10,0.4159790765439992,0.0
WISEAJ011324.26+151427.8,Sc:,SCII,47.37518328335558,4.765359399316413,2.1159091287858666e-10,1.0893083166879228e-10,0.33200128390089456,0.0
WISEAJ011324.26+151427.8,Sc:,SCII,47.37518328335558,5.259567486001018,1.9714276950476352e-10,1.0185140144147788e-10,0.32825580835476875,0.0
WISEAJ011324.26+151427.8,Sc:,SCII,47.37518328335558,5.907546200276343,1.7612938246800908e-10,8.182402659241749e-11,0.3775785881914509,0.0
WISEAJ011324.26+151427.8,Sc:,SCII,47.37518328335558,6.623612406370445,1.549766886759328e-10,6.481772836729907e-11,0.40963377137694323,0.0
WISEAJ011324.26+151427.8,Sc:,SCII,47.37518328335558,7.271591120645771,1.4083699292350455e-10,6.16914082075467e-11,0.38025916662752574,0.0
WISEAJ011324.26+151427.8,Sc:,SCII,47.37518328335558,7.765799207330375,1.2444011636239227e-10,7.501017137869053e-11,0.25517244364459385,0.0
WISEAJ011324.26+151427.8,Sc:,SCII,47.37518328335558,8.439023845538507,1.1277566163497614e-10,7.282957083241118e-11,0.205452930741329,0.0
WISEAJ011324.26+151427.8,Sc:,SCII,47.37518328335558,9.19793161951858,1.0899977155368115e-10,6.606817696667964e-11,0.18053676516741607,0.0
WISEAJ011324.26+151427.8,Sc:,SCII,47.37518328335558,9.777822841975128,1.0732519995943729e-10,3.985369400657074e-11,0.3645689903479785,0.0
WISEAJ011324.26+151427.8,Sc:,SCII,47.37518328335558,10.272030928659733,1.0372041896190379e-10,5.4726101941523345e-11,0.18230108561999495,0.0
WISEAJ011324.26+151427.8,Sc:,SCII,47.37518328335558,10.920009642935058,9.122608280995167e-11,3.814226164060827e-11,0.24669808334632037,0.0
WISEAJ011324.26+151427.8,Sc:,SCII,47.37518328335558,11.636075849029162,7.974117661297158e-11,3.809264409954612e-11,0.22493465704252408,0.0
WISEAJ011324.26+151427.8,Sc:,SCII,47.37518328335558,12.377387979056067,7.416085279174438e-11,3.957756532241784e-11,0.15368259978597346,0.0
WISEAJ104117.53+062128.5,Extended Src [SDSS],Mathewson96,71.18288569074187,0.2689920582745497,7.905685925718902e-12,4.187147474978494e-12,0.705612734435999,0.0
WISEAJ104117.53+062128.5,Extended Src [SDSS],Mathewson96,71.18288569074187,0.5466347034155091,7.59049054855711e-12,8.202249637498753e-12,0.7134806612482034,0.0
WISEAJ104117.53+062128.5,Extended Src [SDSS],Mathewson96,71.18288569074187,1.0846188199646085,3.7295970757943026e-11,1.4572264813814608e-11,0.6504110880820199,0.0
WISEAJ104117.53+062128.5,Extended Src [SDSS],Mathewson96,71.18288569074187,1.3622614651055678,8.143890779575825e-11,1.7100565560996115e-11,0.6144651695606436,0.0
WISEAJ104117.53+062128.5,Extended Src [SDSS],Mathewson96,71.18288569074187,1.9002455816546675,1.1210177453423016e-10,2.0213104330769528e-11,0.5766465639338889,0.0
WISEAJ104117.53+062128.5,Extended Src [SDSS],Mathewson96,71.18288569074187,2.715872343344726,7.7935705474485e-11,2.2518861333370268e-11,0.5154811695741345,0.0
WISEAJ104117.53+062128.5,Extended Src [SDSS],Mathewson96,71.18288569074187,2.9935149884856855,8.437922270110372e-11,2.3110007172771566e-11,0.49463807333868215,0.0
WISEAJ104117.53+062128.5,Extended Src [SDSS],Mathewson96,71.18288569074187,3.531499105034785,6.43589266621496e-11,2.3124510299840376e-11,0.4996899232301694,0.0
WISEAJ104117.53+062128.5,Extended Src [SDSS],Mathewson96,71.18288569074187,3.809141750175744,7.513834192980716e-11,2.3870464826257605e-11,0.4777062147695245,0.0
WISEAJ104117.53+062128.5,Extended Src [SDSS],Mathewson96,71.18288569074187,4.485947189295324,6.363632708471193e-11,2.2169554832755423e-11,0.4433718690237028,0.0
WISEAJ104117.53+062128.5,Extended Src [SDSS],Mathewson96,71.18288569074187,5.301573950985382,5.964092697637343e-11,1.7117367262139604e-11,0.5018377035378154,0.0
WISEAJ104117.53+062128.5,Extended Src [SDSS],Mathewson96,71.18288569074187,5.978379390104961,5.880581036496486e-11,2.1350201832387436e-11,0.392617946511202,0.0
WISEAJ104117.53+062128.5,Extended Src [SDSS],Mathewson96,71.18288569074187,7.07164879693598,7.388162483629549e-11,1.3677205769942201e-11,0.4999649661376778,0.0
WISEAJ104117.53+062128.5,Extended Src [SDSS],Mathewson96,71.18288569074187,7.609632913485078,3.3142170867912175e-11,1.3728925504735812e-11,0.5005443624483442,0.0
WISEAJ104117.53+062128.5,Extended Src [SDSS],Mathewson96,71.18288569074187,7.887275558626038,7.736366160824212e-11,1.6681113959860128e-11,0.3631134074577105,0.0
WISEAJ110953.64+222656.7,Sc,SCII,80.05310386286752,0.15715643468353815,1.2261524339729436e-11,1.49038125988709e-12,0.693127643451396,0.0
WISEAJ110953.64+222656.7,Sc,SCII,80.05310386286752,0.5070028361573704,3.9399173173146016e-11,6.119245690071078e-12,0.6836730733045842,0.0
WISEAJ110953.64+222656.7,Sc,SCII,80.05310386286752,0.8568492376312026,6.342044669730898e-11,9.640670371550575e-12,0.6511048692748792,0.0
WISEAJ110953.64+222656.7,Sc,SCII,80.05310386286752,1.171162106998279,7.402644282997205e-11,1.2240491894173591e-11,0.6156627707731165,0.0
WISEAJ110953.64+222656.7,Sc,SCII,80.05310386286752,1.5210085084721112,8.061524581476449e-11,1.4900233936509743e-11,0.5742877602595415,0.0
WISEAJ110953.64+222656.7,Sc,SCII,80.05310386286752,1.870854909945943,7.509230594344102e-11,1.721513539187049e-11,0.5285046781656025,0.0
WISEAJ110953.64+222656.7,Sc,SCII,80.05310386286752,2.1851677793130198,7.270022479011159e-11,1.8894512392441814e-11,0.48090369531651506,0.0
WISEAJ110953.64+222656.7,Sc,SCII,80.05310386286752,2.5350141807868516,6.366165427004893e-11,1.988938101264951e-11,0.4599398894847274,0.0
WISEAJ110953.64+222656.7,Sc,SCII,80.05310386286752,2.884860582260684,6.080495895331253e-11,2.0900832343828322e-11,0.3802264267754769,0.0
WISEAJ110953.64+222656.7,Sc,SCII,80.05310386286752,3.1991734516277606,5.743534212885258e-11,2.1822433628311266e-11,0.35393726292161193,0.0
WISEAJ110953.64+222656.7,Sc,SCII,80.05310386286752,3.549019853101593,5.415218868166989e-11,2.231876926772735e-11,0.32371579944443035,0.0
WISEAJ110953.64+222656.7,Sc,SCII,80.05310386286752,3.898866254575425,5.2483593864982245e-11,2.1312368250584442e-11,0.3031554290028901,0.0
WISEAJ110953.64+222656.7,Sc,SCII,80.05310386286752,4.213179123942502,4.757729220493932e-11,1.923386818946949e-11,0.2875200694345513,0.0
WISEAJ110953.64+222656.7,Sc,SCII,80.05310386286752,4.563025525416333,4.9446047628531076e-11,1.8072835224781155e-11,0.31056055186792597,0.0
WISEAJ110953.64+222656.7,Sc,SCII,80.05310386286752,4.9128719268901655,4.971714623803682e-11,1.8444511209985184e-11,0.2701666522899817,0.0
WISEAJ110953.64+222656.7,Sc,SCII,80.05310386286752,5.227184796257242,4.974790913678202e-11,1.8021257910632682e-11,0.2236506168703449,0.0
WISEAJ110953.64+222656.7,Sc,SCII,80.05310386286752,5.577031197731074,4.5675254838809393e-11,1.4335366588858901e-11,0.2757480429181905,0.0
WISEAJ110953.64+222656.7,Sc,SCII,80.05310386286752,5.926877599204906,3.9088525885253544e-11,1.3341729474251116e-11,0.29555335399505595,0.0
WISEAJ110953.64+222656.7,Sc,SCII,80.05310386286752,6.241190468571983,3.785207740118721e-11,1.5386866188760772e-11,0.12867729191534433,0.0
WISEAJ110953.64+222656.7,Sc,SCII,80.05310386286752,6.579192359343563,3.621663680973418e-11,1.556876498464803e-11,0.12684823913036353,0.0
WISEAJ151202.59+065553.8,Sb,SCII,67.69066919959688,0.41583172132935786,1.1257483078765078e-10,3.524793613332145e-12,0.7994158688964486,0.0
WISEAJ151202.59+065553.8,Sb,SCII,67.69066919959688,1.2474951639880736,1.497339030869184e-10,1.0258295230453847e-11,0.7238833790200138,0.0
WISEAJ151202.59+065553.8,Sb,SCII,67.69066919959688,2.0791586066467893,1.2472825506324584e-10,1.542309588750423e-11,0.6371634777522548,0.0
WISEAJ151202.59+065553.8,Sb,SCII,67.69066919959688,2.9108220493055046,1.268051173923453e-10,1.9070074292193948e-11,0.6077088060245807,0.0
WISEAJ151202.59+065553.8,Sb,SCII,67.69066919959688,3.7424854919642208,1.1667058381414787e-10,2.3448714279299073e-11,0.5101423689881912,0.0
WISEAJ151202.59+065553.8,Sb,SCII,67.69066919959688,4.5741489346229365,1.0416369738145221e-10,2.637886980543426e-11,0.44719950541740505,0.0
WISEAJ151202.59+065553.8,Sb,SCII,67.69066919959688,5.332952973117107,9.00673706445107e-11,1.96856131066756e-11,0.48702801430858345,0.0
WISEAJ151202.59+065553.8,Sb,SCII,67.69066919959688,5.894503502775556,8.024457185905494e-11,1.9421869196591996e-11,0.4508027916450175,0.0
WISEAJ151202.59+065553.8,Sb,SCII,67.69066919959688,6.653307541269726,7.576008995040255e-11,2.488287161944002e-11,0.34842935345610987,0.0
WISEAJ151202.59+065553.8,Sb,SCII,67.69066919959688,7.4849709839284415,7.458649100382776e-11,2.0598365998775717e-11,0.3885760423097481,0.0
WISEAJ151202.59+065553.8,Sb,SCII,67.69066919959688,8.316634426587157,6.716905136801949e-11,1.668688277977389e-11,0.42743361980170175,0.0
WISEAJ151202.59+065553.8,Sb,SCII,67.69066919959688,9.148297869245873,6.141129828248662e-11,1.591278845902671e-11,0.4018579989481387,0.0
WISEAJ151202.59+065553.8,Sb,SCII,67.69066919959688,9.907101907740044,6.491537271827831e-11,1.7281034243776162e-11,0.3239131336794495,0.0
WISEAJ151202.59+065553.8,Sb,SCII,67.69066919959688,10.800962402734347,6.159177264163979e-11,1.6879213839834837e-11,0.2809499153454458,0.0
WISEAJ151202.59+065553.8,Sb,SCII,67.69066919959688,11.64328819722202,5.2961197213481807e-11,1.4233467829433013e-11,0.2819496428880501,0.0
WISEAJ151202.59+065553.8,Sb,SCII,67.69066919959688,12.474951639880736,5.736535712593698e-11,9.262706883332757e-12,0.45255500880082167,0.0
WISEAJ151202.59+065553.8,Sb,SCII,67.69066919959688,13.306615082539452,6.530509235301674e-11,1.0985609221781967e-11,0.33910913218975547,0.0
WISEAJ151202.59+065553.8,Sb,SCII,67.69066919959688,14.138278525198167,5.7413194418150166e-11,1.2011267226325204e-11,0.2715648815162434,0.0
WISEAJ151202.59+065553.8,Sb,SCII,67.69066919959688,14.904190798244976,5.2020267902604896e-11,8.6805366477471e-12,0.3657808034401422,0.0
WISEAJ151202.59+065553.8,Sb,SCII,67.69066919959688,15.812267762344558,4.678823535738717e-11,9.982153572772665e-12,0.27697591430588653,0.0
WISEAJ151348.75+070916.2,Sc,SCII,78.72022171327353,0.5627843793178677,1.8003893966454748e-11,2.9659506395182983e-12,0.7953912190135389,0.0
WISEAJ151348.75+070916.2,Sc,SCII,78.72022171327353,1.6883531379536032,4.149744709393827e-11,7.127490505391643e-12,0.7084808616908926,0.0
WISEAJ151348.75+070916.2,Sc,SCII,78.72022171327353,2.813921896589339,5.370306426905131e-11,1.0784974415247741e-11,0.6314440513986722,0.0
WISEAJ151348.75+070916.2,Sc,SCII,78.72022171327353,3.939490655225074,6.218901952650698e-11,1.058254133223594e-11,0.6244997300646584,0.0
WISEAJ151348.75+070916.2,Sc,SCII,78.72022171327353,5.065059413860809,6.129197811022362e-11,1.3373876488703354e-11,0.5422730665941922,0.0
WISEAJ151348.75+070916.2,Sc,SCII,78.72022171327353,6.294160341585546,4.6829501652304257e-11,8.921680680233682e-12,0.6387263355567361,0.0
WISEAJ151348.75+070916.2,Sc,SCII,78.72022171327353,7.503791724238236,3.804852205179105e-11,1.1175676324952324e-11,0.5154582868016933,0.0
WISEAJ151348.75+070916.2,Sc,SCII,78.72022171327353,8.713423106890927,3.9152448264503744e-11,1.3930695219600949e-11,0.3784028743513388,0.0
WISEAJ151348.75+070916.2,Sc,SCII,78.72022171327353,9.942524034615664,3.3531387278053246e-11,1.0512254671182918e-11,0.46001600430577644,0.0
WISEAJ151348.75+070916.2,Sc,SCII,78.72022171327353,11.068092793251397,2.862888722692944e-11,8.276883899436875e-12,0.5059324177382595,0.0
WISEAJ151348.75+070916.2,Sc,SCII,78.72022171327353,12.193661551887134,3.237743701774397e-11,7.647201883954843e-12,0.49265290675808365,0.0
WISEAJ151348.75+070916.2,Sc,SCII,78.72022171327353,13.31923031052287,3.848875922233258e-11,7.458670011525783e-12,0.45811683704362244,0.0
WISEAJ151348.75+070916.2,Sc,SCII,78.72022171327353,14.439668271398443,3.2727273562564135e-11,7.72267690752581e-12,0.4036871505275385,0.0
WISEAJ151348.75+070916.2,Sc,SCII,78.72022171327353,15.596021816595156,3.8448417148367345e-11,7.798664782421864e-12,0.3601596256927774,0.0
WISEAJ151348.75+070916.2,Sc,SCII,78.72022171327353,16.34640098901898,3.7573130015852396e-11,5.7303610980307124e-12,0.4604532083607119,0.0
WISEAJ151348.75+070916.2,Sc,SCII,78.72022171327353,19.347917678714275,1.4414880739140083e-11,5.421135478729392e-12,0.42575709278776847,0.0
WISEAJ151348.75+070916.2,Sc,SCII,78.72022171327353,20.285891644244053,1.3008009337918964e-11,3.709208856485389e-12,0.5517267278068241,0.0
WISEAJ151348.75+070916.2,Sc,SCII,78.72022171327353,21.03627081666788,1.1121756409484489e-11,4.821077749118495e-12,0.43299610797258753,0.0
WISEAJ151348.75+070916.2,Sc,SCII,78.72022171327353,22.34943436840957,8.822212317596966e-12,3.565516746323698e-12,0.5379183547455775,0.0
WISEAJ151348.75+070916.2,Sc,SCII,78.72022171327353,23.09981354083339,9.35411996324737e-12,4.905817844116012e-12,0.40340007738771116,0.0
WISEAJ152051.60+083723.5,Sc,SCII,61.00736647448829,0.2544250978110683,2.1648621346855174e-11,2.1284164005269866e-12,0.7732037912902631,0.0
WISEAJ152051.60+083723.5,Sc,SCII,61.00736647448829,0.7632752934332049,6.613165147091519e-11,6.781131074154728e-12,0.7106598949031266,0.0
WISEAJ152051.60+083723.5,Sc,SCII,61.00736647448829,1.210693788088139,9.877365220927688e-11,9.758064340595206e-12,0.6715321210409821,0.0
WISEAJ152051.60+083723.5,Sc,SCII,61.00736647448829,1.653763135771944,9.72528043593128e-11,1.2158657898274642e-11,0.6243527211602248,0.0
WISEAJ152051.60+083723.5,Sc,SCII,61.00736647448829,2.1626133313940805,9.126759249154883e-11,1.4669127875386252e-11,0.5819629877597033,0.0
WISEAJ152051.60+083723.5,Sc,SCII,61.00736647448829,2.6056826790778853,8.539301289362473e-11,1.6630035917667495e-11,0.5385213100969319,0.0
WISEAJ152051.60+083723.5,Sc,SCII,61.00736647448829,3.0531011737328195,8.931938831529349e-11,1.8219026639530496e-11,0.4824612534029829,0.0
WISEAJ152051.60+083723.5,Sc,SCII,61.00736647448829,3.561951369354956,8.947014505257626e-11,1.6719950620916317e-11,0.4862273965297315,0.0
WISEAJ152051.60+083723.5,Sc,SCII,61.00736647448829,4.070801564977093,8.311287125346646e-11,1.8716496200128053e-11,0.4196129300060703,0.0
WISEAJ152051.60+083723.5,Sc,SCII,61.00736647448829,4.518220059632028,8.285734604819646e-11,1.846729440654449e-11,0.40851906105561064,0.0
WISEAJ152051.60+083723.5,Sc,SCII,61.00736647448829,4.961289407315832,8.425683199549645e-11,1.82614120961906e-11,0.38458530492248905,0.0
WISEAJ152051.60+083723.5,Sc,SCII,61.00736647448829,5.4701396029379685,7.840425459527555e-11,1.7952301366001536e-11,0.3590196507822372,0.0
WISEAJ152051.60+083723.5,Sc,SCII,61.00736647448829,5.913208950621773,7.603689304764162e-11,1.6719228029699905e-11,0.33093551759691614,0.0
WISEAJ152051.60+083723.5,Sc,SCII,61.00736647448829,6.360627445276708,6.689992007149607e-11,1.2545136368152267e-11,0.4220168082205666,0.0
WISEAJ152051.60+083723.5,Sc,SCII,61.00736647448829,6.869477640898844,5.71784613025254e-11,1.2025550459049178e-11,0.4247539241320977,0.0
WISEAJ152051.60+083723.5,Sc,SCII,61.00736647448829,7.316896135553779,5.021445245037762e-11,1.4365458967753107e-11,0.3204420148646652,0.0
WISEAJ152051.60+083723.5,Sc,SCII,61.00736647448829,7.830095478147045,4.885745422024473e-11,1.2579568063837531e-11,0.297585437616982,0.0
WISEAJ152051.60+083723.5,Sc,SCII,61.00736647448829,8.338945673769182,5.422504360586059e-11,9.587649435281367e-12,0.4152308404272644,0.0
WISEAJ152051.60+083723.5,Sc,SCII,61.00736647448829,8.847795869391318,4.4536440333967634e-11,1.1178308240908401e-11,0.32093456446705665,0.0
WISEAJ152051.60+083723.5,Sc,SCII,61.00736647448829,9.22943351610792,5.2076969876338894e-11,7.742122439087452e-12,0.44838874682688573,0.0
WISEAJ152051.60+083723.5,Sc,SCII,61.00736647448829,9.483858613918988,5.617464285508132e-11,9.349679470942062e-12,0.3374585844928282,0.0
WISEAJ232508.27+151758.3,Sc,SCII,48.77236039755158,0.43435795854846926,3.3562407515804845e-11,4.153246141300316e-12,0.8231528458324407,0.0
WISEAJ232508.27+151758.3,Sc,SCII,48.77236039755158,1.3277738427750712,6.56836753711759e-11,1.4193743511906284e-11,0.7130265765697593,0.0
WISEAJ232508.27+151758.3,Sc,SCII,48.77236039755158,2.1964897598720095,6.625217234111948e-11,2.0122533925148122e-11,0.6480783583919665,0.0
WISEAJ232508.27+151758.3,Sc,SCII,48.77236039755158,3.0899056440986117,6.820332037887418e-11,2.2490078085820668e-11,0.5905482936582899,0.0
WISEAJ232508.27+151758.3,Sc,SCII,48.77236039755158,3.9586215611955504,7.802093143440247e-11,2.32639865596562e-11,0.5976490052119782,0.0
WISEAJ232508.27+151758.3,Sc,SCII,48.77236039755158,4.852037445422152,7.753502267291452e-11,2.2186164674775527e-11,0.5924207214844026,0.0
WISEAJ232508.27+151758.3,Sc,SCII,48.77236039755158,5.7207533625190905,8.281377437484478e-11,2.955363714807638e-11,0.4667177469321244,0.0
WISEAJ232508.27+151758.3,Sc,SCII,48.77236039755158,6.614169246745692,8.392178561647984e-11,1.8397989718156978e-11,0.5745134553016625,0.0
WISEAJ232508.27+151758.3,Sc,SCII,48.77236039755158,7.48288516384263,6.754608143417034e-11,2.996311750379763e-11,0.36837631149812894,0.0
WISEAJ232508.27+151758.3,Sc,SCII,48.77236039755158,8.376301048069232,6.201539484531414e-11,2.704037481907647e-11,0.3813081710776843,0.0
WISEAJ232508.27+151758.3,Sc,SCII,48.77236039755158,9.24501696516617,5.40554959482581e-11,2.3720992247857433e-11,0.4006999390111859,0.0
WISEAJ232508.27+151758.3,Sc,SCII,48.77236039755158,10.138432849392773,4.5689176523133546e-11,2.3459276326933887e-11,0.3649720025220159,0.0
WISEAJ232508.27+151758.3,Sc,SCII,48.77236039755158,11.007148766489712,4.3752860638337554e-11,2.5258320404597223e-11,0.3135735561722414,0.0
WISEAJ232508.27+151758.3,Sc,SCII,48.77236039755158,11.766622552541635,4.4038178685189166e-11,9.332505320412913e-12,0.6413431923740194,0.0
WISEAJ232508.27+151758.3,Sc,SCII,48.77236039755158,12.568367420551233,4.400851030237074e-11,1.506356301153869e-11,0.4382420397057466,0.0
WISEAJ232508.27+151758.3,Sc,SCII,48.77236039755158,14.74467549996364,4.139985177944226e-11,1.86438583336454e-11,0.25416264495305685,0.0
WISEAJ232508.27+151758.3,Sc,SCII,48.77236039755158,15.449528220493058,4.353566367955229e-11,1.1065414819738015e-11,0.4388385241944644,0.0
WISEAJ232508.27+151758.3,Sc,SCII,48.77236039755158,16.330594121154828,4.6066649351760184e-11,1.4044547103972661e-11,0.30459649827965074,0.0
WISEAJ232508.27+151758.3,Sc,SCII,48.77236039755158,17.035446841684244,4.209933739750413e-11,8.591842969348949e-12,0.4935700417241592,0.0
WISEAJ232508.27+151758.3,Sc,SCII,48.77236039755158,17.564086382081307,4.1564079669649176e-11,1.571894207349924e-11,0.22076343370018964,0.0
WISEAJ234132.26+090432.1,Sbc,SCII,70.01845342807734,0.1928385959808984,6.784327653089608e-11,1.1932419033356858e-11,0.4322133982586264,0.0
WISEAJ234132.26+090432.1,Sbc,SCII,70.01845342807734,0.6118539858919353,1.9469334059227915e-10,3.4817330950421146e-11,0.4905741711405486,0.0
WISEAJ234132.26+090432.1,Sbc,SCII,70.01845342807734,1.030869375802972,2.446998124798908e-10,4.760801743633123e-11,0.4510021300407851,0.0
WISEAJ234132.26+090432.1,Sbc,SCII,70.01845342807734,1.4165465677647688,2.499373776770542e-10,5.168939867696787e-11,0.41194870539910455,0.0
WISEAJ234132.26+090432.1,Sbc,SCII,70.01845342807734,1.8355619576758055,2.1221399042799478e-10,5.121617039464925e-11,0.3905330902738281,0.0
WISEAJ234132.26+090432.1,Sbc,SCII,70.01845342807734,2.2545773475868427,1.9262231221933588e-10,4.828904534566971e-11,0.37931449511184484,0.0
WISEAJ234132.26+090432.1,Sbc,SCII,70.01845342807734,2.6402545395486396,1.8988852058093125e-10,4.5351043784090963e-11,0.3237032740411736,0.0
WISEAJ234132.26+090432.1,Sbc,SCII,70.01845342807734,3.0592699294596764,1.8434177205837392e-10,4.0653068289020076e-11,0.365817053000132,0.0
WISEAJ234132.26+090432.1,Sbc,SCII,70.01845342807734,3.4782853193707135,1.6010898998243593e-10,3.3808592224271314e-11,0.371627419586716,0.0
WISEAJ234132.26+090432.1,Sbc,SCII,70.01845342807734,3.8639625113325096,1.420791757253688e-10,2.8705070496766468e-11,0.38765063903621627,0.0
WISEAJ234132.26+090432.1,Sbc,SCII,70.01845342807734,4.3228530007514605,1.2618841859746786e-10,2.338425966481541e-11,0.4678484983349716,0.0
WISEAJ234132.26+090432.1,Sbc,SCII,70.01845342807734,4.711798643492595,1.4242315520643435e-10,1.8614340216587213e-11,0.5251161624751547,0.0
WISEAJ234132.26+090432.1,Sbc,SCII,70.01845342807734,5.094207384675054,1.292171679785617e-10,1.267061938944595e-11,0.6442850438649601,0.0
WISEAJ234132.26+090432.1,Sbc,SCII,70.01845342807734,5.546560972535331,9.413022863447746e-11,9.156779118504711e-12,0.7441416787983665,0.0
WISEAJ234132.26+090432.1,Sbc,SCII,70.01845342807734,5.925701262938453,8.93578079444454e-11,1.6422393014521484e-11,0.6026258708425937,0.0
WISEAJ234132.26+090432.1,Sbc,SCII,70.01845342807734,6.31137845490025,8.21223857838598e-11,2.516095254189862e-11,0.4101182352138803,0.0
WISEAJ234132.26+090432.1,Sbc,SCII,70.01845342807734,6.715358971226336,6.32074701622233e-11,1.4335273743946325e-11,0.6206682209861639,0.0
WISEAJ234132.26+090432.1,Sbc,SCII,70.01845342807734,7.159214587060337,6.440680640346845e-11,2.468812244294869e-11,0.4148486866406488,0.0
WISEAJ234132.26+090432.1,Sbc,SCII,70.01845342807734,7.541623328242796,5.877336300035391e-11,2.0781816637347476e-11,0.365108089655182,0.0
WISEAJ234132.26+090432.1,Sbc,SCII,70.01845342807734,7.924032069425255,3.9812735790338536e-11,2.0656192707770724e-11,0.4399701320115136,0.0
WISEAJ234132.26+090432.1,Sbc,SCII,70.01845342807734,8.153477314134731,3.539976864737147e-11,1.3629206209573746e-11,0.5737738360000868,0.0
