Name,Type,survey,inc,Rad,g_obs,g_bar,shared,locked
2MASXJ10590914+0123002,Sc,SCII,55.334029832445985,0.35856675441786057,1.2939293222752978e-11,4.0814358263235476e-12,0.8062457916717258,0.0
2MASXJ10590914+0123002,Sc,SCII,55.334029832445985,1.151244455530507,2.524979942244238e-11,1.4233086875834767e-11,0.7183214509011667,0.0
2MASXJ10590914+0123002,Sc,SCII,55.334029832445985,1.972117149298233,4.767764546197013e-11,2.269328605453359e-11,0.6065506274906197,0.0
2MASXJ10590914+0123002,Sc,SCII,55.334029832445985,2.689250658133954,6.830787937980648e-11,2.8307643900197067e-11,0.5614139920484873,0.0
2MASXJ10590914+0123002,Sc,SCII,55.334029832445985,3.4063841669696755,7.727694088786751e-11,2.677634573739664e-11,0.5576414272196367,0.0
2MASXJ10590914+0123002,Sc,SCII,55.334029832445985,4.123517675805396,8.400220919875891e-11,2.5884680676001496e-11,0.5476755884039235,0.0
2MASXJ10590914+0123002,Sc,SCII,55.334029832445985,4.840651184641118,8.360968454275466e-11,3.052378037515045e-11,0.4718050531293821,0.0
2MASXJ10590914+0123002,Sc,SCII,55.334029832445985,5.5577846934768385,7.111474424505554e-11,2.173877534829291e-11,0.5364968546512836,0.0
2MASXJ10590914+0123002,Sc,SCII,55.334029832445985,6.274918202312559,6.595224505099159e-11,2.976539467450509e-11,0.3870848318861815,0.0
2MASXJ10590914+0123002,Sc,SCII,55.334029832445985,6.992051711148281,6.198699744657991e-11,2.9305667428791844e-11,0.3839153709232106,0.0
2MASXJ10590914+0123002,Sc,SCII,55.334029832445985,7.709185219984002,5.6774505816367195e-11,2.88619137614725e-11,0.3588254192234087,0.0
2MASXJ10590914+0123002,Sc,SCII,55.334029832445985,8.426318728819723,5.428237303541155e-11,2.917306319044026e-11,0.31466219681400187,0.0
2MASXJ10590914+0123002,Sc,SCII,55.334029832445985,9.143452237655444,4.813717211033636e-11,2.4659774014413765e-11,0.31371796915673295,0.0
2MASXJ10590914+0123002,Sc,SCII,55.334029832445985,9.860585746491164,4.694326480642237e-11,1.2312749244008375e-11,0.5764117552052336,0.0
2MASXJ10590914+0123002,Sc,SCII,55.334029832445985,10.577719255326887,4.7500830940314336e-11,1.5785142368626266e-11,0.4622256330224441,0.0
2MASXJ10590914+0123002,Sc,SCII,55.334029832445985,11.294852764162608,4.897853370596022e-11,2.247127794835257e-11,0.28656718222659905,0.0
2MASXJ10590914+0123002,Sc,SCII,55.334029832445985,12.011986272998328,5.3406907676810555e-11,1.2020065329622792e-11,0.47758231236594006,0.0
2MASXJ10590914+0123002,Sc,SCII,55.334029832445985,12.832858966766054,5.0311943856587765e-11,1.3323288981386826e-11,0.41836907736839807,0.0
2MASXJ10590914+0123002,Sc,SCII,55.334029832445985,13.51239915206167,5.098079865959097e-11,1.9326422540644255e-11,0.23731496337039495,0.0
2MASXJ10590914+0123002,Sc,SCII,55.334029832445985,14.361824383681189,5.120312604021263e-11,9.213854530524453e-12,0.5062677446747853,0.0
2MASXJ15132872+0659283,Sc,SCII,53.74325519931257,0.40463139553487015,1.3805545686723802e-10,5.573825500749668e-12,0.8277738262864218,0.0
2MASXJ15132872+0659283,Sc,SCII,53.74325519931257,1.2138941866046102,2.144493359060363e-10,1.7599651992644337e-11,0.7420523662936739,0.0
2MASXJ15132872+0659283,Sc,SCII,53.74325519931257,2.0231569776743505,2.0523512049582318e-10,2.7283937853176404e-11,0.6526832090907401,0.0
2MASXJ15132872+0659283,Sc,SCII,53.74325519931257,2.832419768744091,2.1100531550444536e-10,3.376367795253127e-11,0.6293027837000877,0.0
2MASXJ15132872+0659283,Sc,SCII,53.74325519931257,3.641682559813831,1.8872136079816855e-10,4.3912430799232545e-11,0.5193499559699557,0.0
2MASXJ15132872+0659283,Sc,SCII,53.74325519931257,4.450945350883571,1.8270539793734826e-10,4.982440891036471e-11,0.45692038089677445,0.0
2MASXJ15132872+0659283,Sc,SCII,53.74325519931257,5.260208141953312,1.6964258427400799e-10,4.1947436387346955e-11,0.4035302443791127,0.0
2MASXJ15132872+0659283,Sc,SCII,53.74325519931257,6.069470933023052,1.6063177815287887e-10,3.859104898293692e-11,0.4902245422932341,0.0
2MASXJ15132872+0659283,Sc,SCII,53.74325519931257,6.878733724092792,1.6402257861758845e-10,2.6076155008617395e-11,0.5777407454929634,0.0
2MASXJ15132872+0659283,Sc,SCII,53.74325519931257,7.687996515162532,1.5633796150345198e-10,3.506599577062394e-11,0.3494796556869169,0.0
2MASXJ15132872+0659283,Sc,SCII,53.74325519931257,8.497259306232273,1.503408435243938e-10,3.98610220489142e-11,0.27978524642188574,0.0
2MASXJ15132872+0659283,Sc,SCII,53.74325519931257,9.306522097302013,1.5208438806623556e-10,3.328423770881448e-11,0.2716973545520128,0.0
2MASXJ15132872+0659283,Sc,SCII,53.74325519931257,10.115784888371753,1.4123185810033663e-10,2.4010036318068647e-11,0.442722190330672,0.0
2MASXJ15132872+0659283,Sc,SCII,53.74325519931257,11.067706184277505,1.0886199289305817e-10,2.176242926801932e-11,0.41851630034528586,0.0
2MASXJ15132872+0659283,Sc,SCII,53.74325519931257,11.876968975347246,8.812154981358445e-11,2.4603478406566634e-11,0.30612652627039066,0.0
2MASXJ15132872+0659283,Sc,SCII,53.74325519931257,12.686231766416986,9.029148790162978e-11,2.7586113368706136e-11,0.2213356830888786,0.0
2MASXJ15132872+0659283,Sc,SCII,53.74325519931257,13.495494557486726,8.336580831733648e-11,1.4697377097384665e-11,0.451050240035076,0.0
2MASXJ15132872+0659283,Sc,SCII,53.74325519931257,14.304757348556466,7.192894062596519e-11,1.9392817805659636e-11,0.27833399003997816,0.0
2MASXJ15132872+0659283,Sc,SCII,53.74325519931257,15.114020139626206,7.847835068554993e-11,2.1856043950704902e-11,0.19069928065009906,0.0
2MASXJ15132872+0659283,Sc,SCII,53.74325519931257,15.923282930695947,7.37906857950503e-11,1.5180416709021717e-11,0.3024237493206922,0.0
2MASXJ15582240+1606100,Sc,SCII,83.0499599615665,0.4128578068019295,1.8830943702750098e-11,1.7697114757122833e-12,0.7865855502333136,0.0
2MASXJ15582240+1606100,Sc,SCII,83.0499599615665,1.191859512762708,3.850887314144909e-11,4.203560683340202e-12,0.7763105299181864,0.0
2MASXJ15582240+1606100,Sc,SCII,83.0499599615665,1.8729220914842557,6.896946705757572e-11,6.183198215531586e-12,0.7051502046042215,0.0
2MASXJ15582240+1606100,Sc,SCII,83.0499599615665,2.553984670205803,9.190248837624734e-11,8.008288726440364e-12,0.6739780850376097,0.0
2MASXJ15582240+1606100,Sc,SCII,83.0499599615665,3.2350472489273505,9.766589872640934e-11,7.863840472466083e-12,0.6729527367687825,0.0
2MASXJ15582240+1606100,Sc,SCII,83.0499599615665,3.9161098276488975,9.731680513904935e-11,8.692881925906845e-12,0.6423598553784986,0.0
2MASXJ15582240+1606100,Sc,SCII,83.0499599615665,4.695111533609676,9.452503367490516e-11,9.198660656463404e-12,0.617217265758934,0.0
2MASXJ15582240+1606100,Sc,SCII,83.0499599615665,5.520827147213535,9.091978953102542e-11,1.1905951821668416e-11,0.5148008276174889,0.0
2MASXJ15582240+1606100,Sc,SCII,83.0499599615665,6.299828853174313,7.786995858247267e-11,8.384451216438527e-12,0.6100395045749146,0.0
2MASXJ15582240+1606100,Sc,SCII,83.0499599615665,6.980891431895861,7.319334090393693e-11,6.887280974452479e-12,0.6435902348666859,0.0
2MASXJ15582240+1606100,Sc,SCII,83.0499599615665,7.661954010617409,6.699876676948762e-11,6.489745267231503e-12,0.6501390946694772,0.0
2MASXJ15582240+1606100,Sc,SCII,83.0499599615665,8.343016589338955,5.7217815844202874e-11,5.712772507135564e-12,0.6826951985397267,0.0
2MASXJ15582240+1606100,Sc,SCII,83.0499599615665,9.024079168060503,5.613006991626146e-11,1.5400792378807598e-12,0.9087083102442058,0.0
2MASXJ15582240+1606100,Sc,SCII,83.0499599615665,9.803080874021282,6.107310431354355e-11,2.5389236284214432e-11,0.15609035371813682,0.0
2MASXJ15582240+1606100,Sc,SCII,83.0499599615665,10.628796487625142,5.885041272699289e-11,1.3981653915873998e-11,0.24282654955046476,0.0
2MASXJ15582240+1606100,Sc,SCII,83.0499599615665,11.457519642531047,4.43283231267422e-11,1.0542295462295208e-11,0.28612295700551793,0.0
2MASXJ15582240+1606100,Sc,SCII,83.0499599615665,12.088860772307466,3.930914982705465e-11,8.963566908616217e-12,0.3157266828689633,0.0
2MASXJ15582240+1606100,Sc,SCII,83.0499599615665,12.706134370187216,3.873410652479933e-11,7.911390984641074e-12,0.33215070720570206,0.0
2MASXJ15582240+1606100,Sc,SCII,83.0499599615665,13.429884631905555,4.3027898816158774e-11,7.224981829667011e-12,0.33872131580968423,0.0
2MASXJ15582240+1606100,Sc,SCII,83.0499599615665,14.110947210627103,3.599141505654378e-11,6.424695860431205e-12,0.36579468038401614,0.0
2MASXJ15582240+1606100,Sc,SCII,83.0499599615665,14.621744144668265,3.8797358497013666e-11,6.1225750682373234e-12,0.36881148383231493,0.0
2MASXiJ2325197+142418,Sc,SCII,60.12031869939683,0.4338945677647687,3.506773870101314e-11,8.18035927546369e-12,0.805445563215404,0.0
2MASXiJ2325197+142418,Sc,SCII,60.12031869939683,1.2817412696288757,3.589409634845203e-11,2.1756993947627374e-11,0.7278634819189306,0.0
2MASXiJ2325197+142418,Sc,SCII,60.12031869939683,2.0587630048723735,1.595698581169284e-10,3.1554310773776246e-11,0.6639872777088176,0.0
2MASXiJ2325197+142418,Sc,SCII,60.12031869939683,2.8357847401158707,1.8110595627299227e-10,4.254020317165477e-11,0.6072328342686276,0.0
2MASXiJ2325197+142418,Sc,SCII,60.12031869939683,3.6836314419799776,1.821435324355083e-10,4.79951140547873e-11,0.4990924834713496,0.0
2MASXiJ2325197+142418,Sc,SCII,60.12031869939683,4.460653177223476,1.78072801338918e-10,5.2232102148246226e-11,0.4275458284346844,0.0
2MASXiJ2325197+142418,Sc,SCII,60.12031869939683,5.318471095920297,1.6259426447391342e-10,4.512557712145839e-11,0.4972040277190778,0.0
2MASXiJ2325197+142418,Sc,SCII,60.12031869939683,6.176289014617119,1.452040369591879e-10,6.004243808389925e-11,0.36504633957550114,0.0
2MASXiJ2325197+142418,Sc,SCII,60.12031869939683,6.953310749860617,1.2927222527212688e-10,4.205733645238466e-11,0.44638737404313633,0.0
2MASXiJ2325197+142418,Sc,SCII,60.12031869939683,7.801157451724724,1.1174153577048105e-10,3.364258995737378e-11,0.4563856345994242,0.0
2MASXiJ2325197+142418,Sc,SCII,60.12031869939683,8.578179186968221,9.936070927453071e-11,2.987020946221706e-11,0.4588547636278029,0.0
2MASXiJ2325197+142418,Sc,SCII,60.12031869939683,9.355200922211719,9.04587225326537e-11,2.705794394603299e-11,0.4696094322970647,0.0
2MASXiJ2325197+142418,Sc,SCII,60.12031869939683,10.203047624075825,8.487152660536396e-11,2.8155724042834236e-11,0.398972521510261,0.0
2MASXiJ2325197+142418,Sc,SCII,60.12031869939683,11.070836759605363,7.536526247827291e-11,3.017737503520183e-11,0.30330418373377904,0.0
2MASXiJ2325197+142418,Sc,SCII,60.12031869939683,11.91868346146947,7.301958237057335e-11,3.244356767517317e-11,0.21929982163083853,0.0
2MASXiJ2325197+142418,Sc,SCII,60.12031869939683,12.695705196712968,6.810496792313137e-11,2.2930041322314283e-11,0.27129966774726094,0.0
2MASXiJ2325197+142418,Sc,SCII,60.12031869939683,13.472726931956464,6.495750063573094e-11,2.166803397841181e-11,0.2925767139256354,0.0
2MASXiJ2325197+142418,Sc,SCII,60.12031869939683,14.320573633820572,5.2600485112612446e-11,2.4743430600516887e-11,0.19685766060960305,0.0
2MASXiJ2325197+142418,Sc,SCII,60.12031869939683,15.09759536906407,5.2724437658374726e-11,1.5177345717645128e-11,0.3681825198012853,0.0
2MASXiJ2325197+142418,Sc,SCII,60.12031869939683,15.783849704021527,4.797216034055539e-11,2.055043845487442e-11,0.2031176580383568,0.0
2MASXiJ2325197+142418,Sc,SCII,60.12031869939683,16.359394205027513,4.791054262973982e-11,1.537457470801332e-11,0.2947244259198316,0.0
AT2017hrr,Sb:,Mathewson96,72.96821237605589,1.328050323612828,1.610679830422215e-10,1.8866236226309876e-10,0.47321121591199855,0.0
AT2017hrr,Sb:,Mathewson96,72.96821237605589,2.1628248127408916,5.731045234307595e-10,2.221354418716022e-10,0.37015565612721185,0.0
AT2017hrr,Sb:,Mathewson96,72.96821237605589,2.921710711948222,2.9537539525403965e-10,2.0968921126754432e-10,0.3131839387662558,0.0
AT2017hrr,Sb:,Mathewson96,72.96821237605589,3.7564852010762855,3.272811275050262e-10,1.586387581795374e-10,0.2841639486430582,0.0
AT2017hrr,Sb:,Mathewson96,72.96821237605589,4.515371100283616,3.0558461395189907e-10,1.1666841446014294e-10,0.3221915663433603,0.0
AT2017hrr,Sb:,Mathewson96,72.96821237605589,5.426034179332412,2.3799636318011584e-10,8.102750509547152e-11,0.42404463334403325,0.0
AT2017hrr,Sb:,Mathewson96,72.96821237605589,6.260808668460475,2.555294292126101e-10,8.853521657648062e-11,0.38145030414706305,0.0
AT2017hrr,Sb:,Mathewson96,72.96821237605589,7.0196945676678055,1.790514845563257e-10,6.512041577850864e-11,0.4721360221483874,0.0
AT2017hrr,Sb:,Mathewson96,72.96821237605589,7.171471747509273,1.7668388538225902e-10,4.943261714110835e-11,0.5563399142573309,0.0
AT2017hrr,Sb:,Mathewson96,72.96821237605589,7.930357646716602,1.7647141133153206e-10,4.504487939480373e-11,0.5537170996878403,0.0
AT2017hrr,Sb:,Mathewson96,72.96821237605589,8.765132135844667,1.8864933658781312e-10,4.506142423340128e-11,0.5069987535718846,0.0
AT2017hrr,Sb:,Mathewson96,72.96821237605589,9.599906624972729,1.5992453968781088e-10,4.0277904432330193e-11,0.5292987159601267,0.0
AT2017hrr,Sb:,Mathewson96,72.96821237605589,10.35879252418006,1.335345048403724e-10,5.267131367950543e-11,0.38226405579503175,0.0
AT2017hrr,Sb:,Mathewson96,72.96821237605589,10.510569704021526,1.6315379290330107e-10,4.160279227620843e-11,0.4724724714408068,0.0
AT2017hrr,Sb:,Mathewson96,72.96821237605589,11.34534419314959,1.4196102163023228e-10,5.4782174473785375e-11,0.27949860009030836,0.0
AT2017hrr,Sb:,Mathewson96,72.96821237605589,12.180118682277653,1.2566575306186907e-10,6.238418480211184e-11,0.14915320200328272,0.0
AT2017hrr,Sb:,Mathewson96,72.96821237605589,13.014893171405717,1.1899595307902864e-10,5.339917197075679e-11,0.10812976280210433,0.0
CGCG010-052,SAab,SCII,62.76331399515308,0.4524173805541415,4.725456399051933e-11,1.080283750854451e-11,0.8003884598685443,0.0
CGCG010-052,SAab,SCII,62.76331399515308,1.3090745836666424,1.4435540666572137e-10,2.9848367598908445e-11,0.7174920831634405,0.0
CGCG010-052,SAab,SCII,62.76331399515308,2.213909344774925,1.750692869698873e-10,4.135159066602802e-11,0.6787341953523006,0.0
CGCG010-052,SAab,SCII,62.76331399515308,3.0705665478874264,1.7020783148373348e-10,4.595151812758697e-11,0.6426241505247346,0.0
CGCG010-052,SAab,SCII,62.76331399515308,3.8752823212857246,1.6044907307601092e-10,6.526156527049622e-11,0.5402282115637478,0.0
CGCG010-052,SAab,SCII,62.76331399515308,4.756028303396117,1.4754638700533802e-10,7.021355457226715e-11,0.5004404982627916,0.0
CGCG010-052,SAab,SCII,62.76331399515308,5.636774285506508,1.3561146125439701e-10,7.578573420158356e-11,0.41380226443592744,0.0
CGCG010-052,SAab,SCII,62.76331399515308,6.517520267616901,1.3353554360827319e-10,4.374076737620003e-11,0.5946292436633897,0.0
CGCG010-052,SAab,SCII,62.76331399515308,7.398266249727293,1.2583358160250255e-10,6.434756001077817e-11,0.3413702804530995,0.0
CGCG010-052,SAab,SCII,62.76331399515308,8.279012231837685,1.2067918141048582e-10,7.622174563997364e-11,0.2984638451284663,0.0
CGCG010-052,SAab,SCII,62.76331399515308,9.159758213948077,1.0778469320083351e-10,6.839688990967789e-11,0.29735600199969037,0.0
CGCG010-052,SAab,SCII,62.76331399515308,10.04050419605847,9.802174754764114e-11,6.532875078783451e-11,0.27452935393722444,0.0
CGCG010-052,SAab,SCII,62.76331399515308,10.92125017816886,8.53150761739667e-11,6.479591369832643e-11,0.2243199750547175,0.0
CGCG010-052,SAab,SCII,62.76331399515308,11.801996160279252,8.089182595751034e-11,2.8132231107060293e-11,0.496636373376726,0.0
CGCG010-052,SAab,SCII,62.76331399515308,12.682742142389644,7.396825079243173e-11,3.306255208099504e-11,0.4179581835080644,0.0
CGCG010-052,SAab,SCII,62.76331399515308,13.563488124500035,6.43966596058649e-11,4.6312233050467474e-11,0.1940444118873198,0.0
CGCG010-052,SAab,SCII,62.76331399515308,14.444234106610429,5.3138122338706704e-11,4.2614037459448785e-11,0.15407959118846623,0.0
CGCG010-052,SAab,SCII,62.76331399515308,15.324980088720821,4.751695416728413e-11,2.922860004095016e-11,0.27068045769392607,0.0
CGCG010-052,SAab,SCII,62.76331399515308,16.20572607083121,5.0407618373670904e-11,3.229544350006489e-11,0.18363587220409183,0.0
CGCG010-052,SAab,SCII,62.76331399515308,17.114324703657914,4.191707634749991e-11,1.964416248195518e-11,0.3710253777215294,0.0
CGCG049-026,Sbc,SCII,51.88371133793475,0.2472859169838153,8.97347321893913e-12,1.9576760968004076e-12,0.8418407920429266,0.0
CGCG049-026,Sbc,SCII,51.88371133793475,0.6744559257912556,1.7711937157048504e-11,1.0056002769286344e-11,0.7354044760349019,0.0
CGCG049-026,Sbc,SCII,51.88371133793475,1.2289891237000945,9.006077538369355e-11,1.7063562724386304e-11,0.6724465547136027,0.0
CGCG049-026,Sbc,SCII,51.88371133793475,1.6898600450876298,9.593210720629677e-11,2.1884146984143496e-11,0.6049404933908196,0.0
CGCG049-026,Sbc,SCII,51.88371133793475,2.150730966475165,7.292769982091433e-11,2.526269935587154e-11,0.5920149413648849,0.0
CGCG049-026,Sbc,SCII,51.88371133793475,2.7052641643840043,5.7114606652921064e-11,2.7353722177371303e-11,0.5317227278585055,0.0
CGCG049-026,Sbc,SCII,51.88371133793475,3.132434173191444,6.000482045048863e-11,2.88258993857121e-11,0.5380488468394349,0.0
CGCG049-026,Sbc,SCII,51.88371133793475,3.627006007159075,6.809796168843387e-11,2.8559569612225216e-11,0.47083309354685116,0.0
CGCG049-026,Sbc,SCII,51.88371133793475,4.054176015966515,8.374280343772173e-11,3.1732101155010895e-11,0.45707544285876156,0.0
CGCG049-026,Sbc,SCII,51.88371133793475,4.608709213875354,8.059812980509857e-11,2.967338118540617e-11,0.47800495294250206,0.0
CGCG049-026,Sbc,SCII,51.88371133793475,5.069580135262889,6.893511268713969e-11,2.9963462697358494e-11,0.45039998734235775,0.0
CGCG049-026,Sbc,SCII,51.88371133793475,5.530451056650425,5.6967590258433024e-11,3.148561853334962e-11,0.40006435976399596,0.0
CGCG049-026,Sbc,SCII,51.88371133793475,6.084984254559264,6.63837525014541e-11,2.94726157565508e-11,0.387907324293654,0.0
CGCG049-026,Sbc,SCII,51.88371133793475,6.512154263366704,6.515351982623868e-11,2.976623063290946e-11,0.33095752679006923,0.0
CGCG049-026,Sbc,SCII,51.88371133793475,7.006726097334334,5.4561975961017175e-11,1.9634330863287534e-11,0.45483836751315754,0.0
CGCG049-026,Sbc,SCII,51.88371133793475,7.433896106141774,5.089622460349029e-11,2.2264210287550337e-11,0.4179021119949828,0.0
CGCG049-026,Sbc,SCII,51.88371133793475,7.988429304050614,5.112110205968537e-11,2.6707336339905992e-11,0.31405431613144946,0.0
CGCG049-026,Sbc,SCII,51.88371133793475,8.449300225438149,6.123954790518393e-11,1.5158541730418737e-11,0.49869516480700077,0.0
CGCG049-026,Sbc,SCII,51.88371133793475,8.883910695464571,4.917800307036498e-11,2.265069131942075e-11,0.3281705113473098,0.0
CGCG049-026,Sbc,SCII,51.88371133793475,9.344781616852107,3.4824734435931306e-11,1.498238478096257e-11,0.44285761533236967,0.0
CGCG049-026,Sbc,SCII,51.88371133793475,9.65202889777713,3.2274980409335116e-11,2.412477489618197e-11,0.2625849310839554,0.0
CGCG049-153,SD/I,SCII,64.43730572845399,0.29077987055486876,3.5319564099678472e-12,2.009207463575786e-12,0.7986889975427803,0.0
CGCG049-153,SD/I,SCII,64.43730572845399,0.9333536785203501,4.7247450047490725e-12,6.6955493682432646e-12,0.7224220047826476,0.0
CGCG049-153,SD/I,SCII,64.43730572845399,1.5992892880517782,2.2342533293059156e-11,1.0448186375589837e-11,0.6268912544585534,0.0
CGCG049-153,SD/I,SCII,64.43730572845399,2.1808490291615157,5.832791112009797e-11,1.2542704151828738e-11,0.6084768504162846,0.0
CGCG049-153,SD/I,SCII,64.43730572845399,2.762408770271253,7.498328951199538e-11,1.290075297912192e-11,0.5919907176863793,0.0
CGCG049-153,SD/I,SCII,64.43730572845399,3.3439685113809907,7.730432124291783e-11,1.2893962483165622e-11,0.5846731366324996,0.0
CGCG049-153,SD/I,SCII,64.43730572845399,3.9255282524907282,8.054159747938801e-11,1.5511259530451753e-11,0.5199154870368228,0.0
CGCG049-153,SD/I,SCII,64.43730572845399,4.507087993600466,7.254643481784295e-11,1.3563588883123558e-11,0.5196075607025682,0.0
CGCG049-153,SD/I,SCII,64.43730572845399,5.088647734710203,6.56779583398437e-11,1.6192505869721622e-11,0.43078426060574493,0.0
CGCG049-153,SD/I,SCII,64.43730572845399,5.67020747581994,6.503707083582038e-11,1.6271259473000753e-11,0.419090713179849,0.0
CGCG049-153,SD/I,SCII,64.43730572845399,6.251767216929679,6.368405712404212e-11,1.5471444994037617e-11,0.4132440044996594,0.0
CGCG049-153,SD/I,SCII,64.43730572845399,6.833326958039416,4.213256542734642e-11,1.55209619923041e-11,0.37981763066491836,0.0
CGCG049-153,SD/I,SCII,64.43730572845399,7.414886699149154,2.914618583897334e-11,1.3509194421045325e-11,0.3789511628822398,0.0
CGCG049-153,SD/I,SCII,64.43730572845399,7.99644644025889,3.125436191265386e-11,8.32992920396686e-12,0.5539703583044162,0.0
CGCG049-153,SD/I,SCII,64.43730572845399,8.578006181368629,4.076736603652711e-11,9.39107143574828e-12,0.5048424138427593,0.0
CGCG049-153,SD/I,SCII,64.43730572845399,9.10633912281127,3.392338406103671e-11,1.3856293352272123e-11,0.33470625716099556,0.0
CGCG049-153,SD/I,SCII,64.43730572845399,9.726835199864253,3.32560677941177e-11,7.641605803062948e-12,0.5116225842151639,0.0
CGCG049-153,SD/I,SCII,64.43730572845399,10.30839494097399,3.305382085491896e-11,9.934288671273892e-12,0.4114596571279113,0.0
CGCG049-153,SD/I,SCII,64.43730572845399,10.889954682083728,3.31586572110056e-11,1.319844089405476e-11,0.25632912090314736,0.0
CGCG049-153,SD/I,SCII,64.43730572845399,11.616904358470899,3.1904566063914786e-11,7.025743912828025e-12,0.48867874729980826,0.0
CGCG459-017,Sc,SCII,52.50777688108841,0.6566620958475746,2.2919079378330904e-10,2.2634219484091378e-11,0.7450943490038928,0.0
CGCG459-017,Sc,SCII,52.50777688108841,0.9849931437713619,2.830511817106228e-10,3.2679460151458995e-11,0.7064310196919038,0.0
CGCG459-017,Sc,SCII,52.50777688108841,1.420663188131772,2.789213905887291e-10,4.4850410666173974e-11,0.6618413936462436,0.0
CGCG459-017,Sc,SCII,52.50777688108841,1.8626472911061012,2.8022701806877407e-10,5.611097226535628e-11,0.6142343726281667,0.0
CGCG459-017,Sc,SCII,52.50777688108841,2.2983173354665114,2.5239303402153495e-10,6.384495641308972e-11,0.5759801749575402,0.0
CGCG459-017,Sc,SCII,52.50777688108841,2.6266483833902985,2.3234024504181962e-10,6.773068819730162e-11,0.5218502730341942,0.0
CGCG459-017,Sc,SCII,52.50777688108841,3.062318427750709,2.0481161474482036e-10,7.210106617322636e-11,0.5257372935303433,0.0
CGCG459-017,Sc,SCII,52.50777688108841,3.5043025307250377,1.7067806932261178e-10,7.344251272888563e-11,0.4504946659385906,0.0
CGCG459-017,Sc,SCII,52.50777688108841,3.9399725750854477,1.5988361769573508e-10,8.167186472013711e-11,0.42475159791366984,0.0
CGCG459-017,Sc,SCII,52.50777688108841,4.268303623009235,1.5316717171462496e-10,7.48326660801225e-11,0.3747292575651883,0.0
CGCG459-017,Sc,SCII,52.50777688108841,4.703973667369645,1.5426290509438868e-10,7.563259191920412e-11,0.37210434868300557,0.0
CGCG459-017,Sc,SCII,52.50777688108841,5.145957770343974,1.47519347133539e-10,6.947057274290549e-11,0.358184957802152,0.0
CGCG459-017,Sc,SCII,52.50777688108841,5.581627814704384,1.5208740826017567e-10,5.819318375855451e-11,0.4562312240728849,0.0
CGCG459-017,Sc,SCII,52.50777688108841,5.909958862628171,1.515518007212306e-10,7.478203639452331e-11,0.3586439823019366,0.0
CGCG459-017,Sc,SCII,52.50777688108841,6.3456289069885825,1.2522044143496354e-10,8.043174097381065e-11,0.2710667389164549,0.0
CGCG459-017,Sc,SCII,52.50777688108841,6.737100541051559,1.3848305408781141e-10,5.086833974157828e-11,0.439475911847956,0.0
CGCG459-017,Sc,SCII,52.50777688108841,7.22959711293724,1.340385063180163e-10,6.18904877441053e-11,0.33151276364769566,0.0
CGCG459-017,Sc,SCII,52.50777688108841,7.557928160861027,1.374054359210995e-10,5.97403649364957e-11,0.20451982679592878,0.0
CGCG459-017,Sc,SCII,52.50777688108841,7.886259208784814,1.4494589123881556e-10,6.208381693797811e-11,0.26734545536773907,0.0
CGCG459-017,Sc,SCII,52.50777688108841,8.214590256708602,1.4092411496293568e-10,4.436551777081102e-11,0.36208681809252796,0.0
IC0004,S?,ShellFlow,45.43832981584723,0.2339024577121664,8.512651852520398e-11,6.000612951305503e-11,0.45155082497476556,0.0
IC0004,S?,ShellFlow,45.43832981584723,0.6994348995709403,3.932601420343879e-10,1.5978663315394523e-10,0.4618180228926635,0.0
IC0004,S?,ShellFlow,45.43832981584723,1.167239814995273,3.5982632631594293e-10,2.1110777381643335e-10,0.3802581961735807,0.0
IC0004,S?,ShellFlow,45.43832981584723,1.632772256854047,2.6675263900225527e-10,2.0630230982939718e-10,0.33376447162208733,0.0
IC0004,S?,ShellFlow,45.43832981584723,2.0533421860228347,2.0267471530653592e-10,1.789317640752986e-10,0.3754616661929927,0.0
IC0004,S?,ShellFlow,45.43832981584723,2.473912115191623,1.5399435560807354e-10,1.5728603078963613e-10,0.3868760074332606,0.0
IC0004,S?,ShellFlow,45.43832981584723,2.939444557050396,1.7076118741061445e-10,1.4107162744070063e-10,0.3754143796311746,0.0
IC0004,S?,ShellFlow,45.43832981584723,3.4072494724747293,1.4441409706460544e-10,1.1601077457982084e-10,0.4337378201544375,0.0
IC0004,S?,ShellFlow,45.43832981584723,3.8727819143335034,1.272209374827271e-10,1.0828308048605608e-10,0.3708144686616225,0.0
IC0004,S?,ShellFlow,45.43832981584723,4.340586829757836,1.5275823295030956e-10,1.1656302059785486e-10,0.36637932113850746,0.0
IC0004,S?,ShellFlow,45.43832981584723,4.80611927161661,1.2371365264738667e-10,1.1958626262795915e-10,0.3375231860505404,0.0
IC0004,S?,ShellFlow,45.43832981584723,5.226689200785398,1.327351553084153e-10,1.157433587179725e-10,0.29734342709267986,0.0
IC0004,S?,ShellFlow,45.43832981584723,5.647259129954185,1.3971279248803572e-10,9.369541592544741e-11,0.310594615211968,0.0
IC0004,S?,ShellFlow,45.43832981584723,6.112791571812959,1.2892015103178208e-10,8.345221665078051e-11,0.38398491789933703,0.0
IC0004,S?,ShellFlow,45.43832981584723,6.580596487237292,1.268672977416748e-10,9.999276998697808e-11,0.27138696211220065,0.0
IC0004,S?,ShellFlow,45.43832981584723,7.021943317576904,1.2738311946087415e-10,1.1601983264641851e-10,0.13623648059108506,0.0
IC0004,S?,ShellFlow,45.43832981584723,7.513933844520399,1.2170958444808591e-10,8.419831039551418e-11,0.16034120568479976,0.0
IC0004,S?,ShellFlow,45.43832981584723,7.9771938128136135,1.258168800998328e-10,8.268303992354605e-11,0.14719758918743708,0.0
IC0004,S?,ShellFlow,45.43832981584723,8.443862491455167,1.1342241098232724e-10,8.2101426755077e-11,0.07240504860636766,0.0
IC0004,S?,ShellFlow,45.43832981584723,9.003864905825031,1.383842159151884e-10,6.043634201032644e-11,0.1321820290634713,0.0
IC0013,Sbc,Courteau97,77.62375646693317,0.29543188025994804,4.5421923290098085e-11,7.436790464387337e-12,0.6787444809028239,0.0
IC0013,Sbc,Courteau97,77.62375646693317,0.8615527016217002,1.0596147462129855e-10,1.8513292268239127e-11,0.6276857223366201,0.0
IC0013,Sbc,Courteau97,77.62375646693317,1.400023140135263,1.2831930012911582e-10,2.4778625501158717e-11,0.5843592227767048,0.0
IC0013,Sbc,Courteau97,77.62375646693317,1.9676866867203047,1.3720983768567822e-10,2.928214438417899e-11,0.5118096245375949,0.0
IC0013,Sbc,Courteau97,77.62375646693317,2.5554649967936216,1.1650800460322527e-10,2.988163591540202e-11,0.5102314005794116,0.0
IC0013,Sbc,Courteau97,77.62375646693317,3.1231285433786633,8.985936807734786e-11,2.8612872613451717e-11,0.4982846222307739,0.0
IC0013,Sbc,Courteau97,77.62375646693317,3.661598981892226,7.338635740711684e-11,2.955166726776474e-11,0.48306044189489566,0.0
IC0013,Sbc,Courteau97,77.62375646693317,4.2277198032539784,8.039775497613154e-11,2.7124651799640324e-11,0.4366436049670273,0.0
IC0013,Sbc,Courteau97,77.62375646693317,4.818583563773874,8.41566067789724e-11,3.142483100600867e-11,0.3980192982938021,0.0
IC0013,Sbc,Courteau97,77.62375646693317,5.384704385135626,8.60484426353449e-11,2.8564492430968858e-11,0.4068021017698675,0.0
IC0013,Sbc,Courteau97,77.62375646693317,5.923174823649189,7.215278839907316e-11,2.7618944528702614e-11,0.3826926447728794,0.0
IC0013,Sbc,Courteau97,77.62375646693317,6.49083837023423,6.532962439784862e-11,2.7314082638412938e-11,0.34370362741878163,0.0
IC0013,Sbc,Courteau97,77.62375646693317,7.078616680307547,6.84539053840866e-11,2.766279534938584e-11,0.28927206539859873,0.0
IC0013,Sbc,Courteau97,77.62375646693317,7.630207700167261,6.52339823768e-11,2.6552776155348356e-11,0.23838052113922295,0.0
IC0013,Sbc,Courteau97,77.62375646693317,8.182792591084285,5.613235541037757e-11,1.7577161014971538e-11,0.37295277572203034,0.0
IC0013,Sbc,Courteau97,77.62375646693317,8.800630308777544,6.469601119579675e-11,1.794569145855303e-11,0.3271478527524936,0.0
IC0013,Sbc,Courteau97,77.62375646693317,9.360639564831647,7.220568849879282e-11,2.0119470554762276e-11,0.23495789873171646,0.0
IC0013,Sbc,Courteau97,77.62375646693317,9.735871874045525,6.410971112242809e-11,1.4535776840533458e-11,0.3498179534034801,0.0
IC0013,Sbc,Courteau97,77.62375646693317,10.66171468256854,4.726598887070231e-11,1.3666682624458189e-11,0.309604394984209,0.0
IC0013,Sbc,Courteau97,77.62375646693317,11.049021783433933,4.9477436887569314e-11,1.466703893868791e-11,0.19475113376785047,0.0
IC0121,Sbc,Courteau97,50.25541374953781,0.29271487213051167,5.952918625615583e-10,2.8879464662111738e-11,0.7462382038840889,0.0
IC0121,Sbc,Courteau97,50.25541374953781,0.8028908874506095,8.725119071393076e-10,8.296897029634261e-11,0.6758202820615592,0.0
IC0121,Sbc,Courteau97,50.25541374953781,1.3883206317116332,6.474766124806021e-10,1.2781734848173114e-10,0.6201113758324988,0.0
IC0121,Sbc,Courteau97,50.25541374953781,1.898496647031731,5.81741837426947e-10,1.5329286689610335e-10,0.5548963155592553,0.0
IC0121,Sbc,Courteau97,50.25541374953781,2.3738124790924298,4.869946854046053e-10,1.6482891298582006e-10,0.564090718955354,0.0
IC0121,Sbc,Courteau97,50.25541374953781,2.92161535888299,4.262997839928311e-10,1.6727952640018808e-10,0.5510268110892543,0.0
IC0121,Sbc,Courteau97,50.25541374953781,3.469418238673551,3.5112477750696916e-10,1.838901866251541e-10,0.5023222467244904,0.0
IC0121,Sbc,Courteau97,50.25541374953781,4.017221118464111,3.4571614807738093e-10,1.5954552597305337e-10,0.49799074352175415,0.0
IC0121,Sbc,Courteau97,50.25541374953781,4.565023998254672,3.045188002708371e-10,1.9884893586552173e-10,0.41157366526266553,0.0
IC0121,Sbc,Courteau97,50.25541374953781,5.112826878045233,2.603900108959049e-10,1.798289970590642e-10,0.44265202850130403,0.0
IC0121,Sbc,Courteau97,50.25541374953781,5.6606297578357925,2.49019852911757e-10,1.68022547880079e-10,0.4453116904741209,0.0
IC0121,Sbc,Courteau97,50.25541374953781,6.208432637626354,2.427146028487305e-10,1.7574782605653344e-10,0.39774892390093325,0.0
IC0121,Sbc,Courteau97,50.25541374953781,6.756235517416915,2.5634367943825076e-10,1.9639320302086886e-10,0.31315572115282614,0.0
IC0121,Sbc,Courteau97,50.25541374953781,7.254791471650546,2.3653178355278874e-10,1.7479079847663355e-10,0.2602808626173085,0.0
IC0121,Sbc,Courteau97,50.25541374953781,7.886701460257435,2.0201751205456875e-10,1.2074581241417231e-10,0.36924280467347614,0.0
IC0121,Sbc,Courteau97,50.25541374953781,8.47213120451846,2.0247621730908373e-10,1.0617565911215908e-10,0.44072739230965025,0.0
IC0121,Sbc,Courteau97,50.25541374953781,8.982307219838557,2.5389515675676913e-10,1.5475901753209635e-10,0.24793944750484043,0.0
IC0121,Sbc,Courteau97,50.25541374953781,9.530110099629116,2.005845335149527e-10,8.690641882748393e-11,0.4161342470996945,0.0
IC0121,Sbc,Courteau97,50.25541374953781,10.077912979419677,1.5513136673392118e-10,1.1103337542290261e-10,0.3143072107548076,0.0
IC0121,Sbc,Courteau97,50.25541374953781,10.443114899280053,1.7131096521458033e-10,7.012482515971087e-11,0.4753863568910652,0.0
IC0121,Sbc,Courteau97,50.25541374953781,10.808316819140426,1.8340339649366284e-10,1.4107156930292647e-10,0.17021731456538797,0.0
IC0221,Sc,Courteau97,52.35217113237374,0.28058231401352624,2.2253618543813162e-10,5.833166841436929e-11,0.4902366995073838,0.0
IC0221,Sc,Courteau97,52.35217113237374,0.8887940775216349,6.008738575118424e-10,1.559862481800918e-10,0.4630723478212335,0.0
IC0221,Sc,Courteau97,52.35217113237374,1.4964390080721401,8.283423708267971e-10,1.8038871511650903e-10,0.4015544834510503,0.0
IC0221,Sc,Courteau97,52.35217113237374,2.0088560017453276,6.182125998836186e-10,1.6049532440149297e-10,0.4088911708161414,0.0
IC0221,Sc,Courteau97,52.35217113237374,2.6350174755775337,3.602460294500505e-10,1.3786735646478458e-10,0.4281673069075415,0.0
IC0221,Sc,Courteau97,52.35217113237374,3.288386931374688,1.6212595860439484e-10,1.1083324547525051e-10,0.450765198492034,0.0
IC0221,Sc,Courteau97,52.35217113237374,3.789845154534215,1.3869692500590423e-10,1.076707791771756e-10,0.4470340172623318,0.0
IC0221,Sc,Courteau97,52.35217113237374,4.424244600683586,1.7207117669884914e-10,8.041446695676135e-11,0.49491264948849084,0.0
IC0221,Sc,Courteau97,52.35217113237374,4.956954214238964,2.2454601287833125e-10,9.422041882507808e-11,0.4188532017946744,0.0
IC0221,Sc,Courteau97,52.35217113237374,5.565165977747073,2.0586274464944083e-10,9.761888824434958e-11,0.421988745698474,0.0
IC0221,Sc,Courteau97,52.35217113237374,6.172810908297578,2.2359970542331083e-10,9.221085468739549e-11,0.428375076292944,0.0
IC0221,Sc,Courteau97,52.35217113237374,6.733975536324631,1.732112305761224e-10,1.0519025166046877e-10,0.3478938560417263,0.0
IC0221,Sc,Courteau97,52.35217113237374,7.341620466875136,2.0179292980177587e-10,1.1300589585299942e-10,0.2749069235583256,0.0
IC0221,Sc,Courteau97,52.35217113237374,7.905052426732602,1.6576508655534076e-10,8.037675338305959e-11,0.2697644884470858,0.0
IC0221,Sc,Courteau97,52.35217113237374,8.502040897680168,1.9737864033500157e-10,6.637346951976684e-11,0.4155902214930897,0.0
IC0221,Sc,Courteau97,52.35217113237374,9.07216148643735,1.6138634358384143e-10,9.096476234205063e-11,0.2214140193755615,0.0
IC0221,Sc,Courteau97,52.35217113237374,9.539798676459894,1.3262119600246448e-10,6.75653455496701e-11,0.24930679455826651,0.0
IC0221,Sc,Courteau97,52.35217113237374,11.455127240200712,5.3428804416672114e-11,4.601778176698561e-11,0.2865806730700786,0.0
IC0221,Sc,Courteau97,52.35217113237374,11.735709554214239,8.45067606639496e-11,6.172810614061733e-11,0.1297845165698676,0.0
IC0635,S?,Mathewson96,73.00549476752731,0.45641560613773546,2.015260973876918e-10,3.346365509703056e-11,0.6648553141360238,0.0
IC0635,S?,Mathewson96,73.00549476752731,1.3692468184132065,3.1376905896159804e-10,8.09868122526466e-11,0.584434019036514,0.0
IC0635,S?,Mathewson96,73.00549476752731,2.2820780306886777,3.4488275942953023e-10,1.0327661560018865e-10,0.4842647687343386,0.0
IC0635,S?,Mathewson96,73.00549476752731,3.1949092429641484,2.9463052745489753e-10,1.1146059288118616e-10,0.4413323980267844,0.0
IC0635,S?,Mathewson96,73.00549476752731,4.107740455239619,2.735473697528598e-10,1.049486740409841e-10,0.35099161162289555,0.0
IC0635,S?,Mathewson96,73.00549476752731,5.020571667515091,2.5520421970971005e-10,1.0218585954785987e-10,0.3090827397523528,0.0
IC0635,S?,Mathewson96,73.00549476752731,5.933402879790561,2.0450817310705221e-10,7.272399911906101e-11,0.373983180300315,0.0
IC0635,S?,Mathewson96,73.00549476752731,6.846234092066032,1.9940072714295665e-10,8.398450857543802e-11,0.25946258289596746,0.0
IC0635,S?,Mathewson96,73.00549476752731,7.759065304341503,1.7785022416495177e-10,5.55718640846816e-11,0.3566135099627038,0.0
IC0635,S?,Mathewson96,73.00549476752731,8.641007783676338,2.338792580018336e-10,4.4106254152750144e-11,0.38006837977785307,0.0
IC0635,S?,Mathewson96,73.00549476752731,8.702785249557609,1.3403070503784691e-10,4.4340869672685236e-11,0.3587766451252124,0.0
IC0635,S?,Mathewson96,73.00549476752731,9.584727728892444,1.3640229916815773e-10,3.880355956892399e-11,0.34774095101027686,0.0
IC0635,S?,Mathewson96,73.00549476752731,10.52844767410855,1.3321170527240572e-10,3.240128470744802e-11,0.3658822710940607,0.0
IC0635,S?,Mathewson96,73.00549476752731,11.441278886384021,1.6703579435000735e-10,2.915455492659203e-11,0.37060627169304744,0.0
IC0635,S?,Mathewson96,73.00549476752731,12.354110098659492,8.920579291220685e-11,3.1231024996253106e-11,0.27772471899383044,0.0
IC0677,Sbc,Courteau97,64.05711319515699,0.3442079266962403,3.030839142757806e-10,3.0405164856025966e-11,0.5989875253432324,0.0
IC0677,Sbc,Courteau97,64.05711319515699,0.8605198167406006,2.261651868769236e-10,6.533614592766131e-11,0.5670196352506842,0.0
IC0677,Sbc,Courteau97,64.05711319515699,1.4628836884590213,2.419995806746942e-10,8.77687811954031e-11,0.514793101203886,0.0
IC0677,Sbc,Courteau97,64.05711319515699,2.0652475601774416,2.1165243598182588e-10,9.235897505404825e-11,0.4716020907307901,0.0
IC0677,Sbc,Courteau97,64.05711319515699,2.581559450221802,2.0551461908126962e-10,9.564240465893162e-11,0.44227996844168566,0.0
IC0677,Sbc,Courteau97,64.05711319515699,3.1839233219402225,1.8747706069455915e-10,9.983447947062646e-11,0.40188404146960494,0.0
IC0677,Sbc,Courteau97,64.05711319515699,3.786287193658643,1.4858368818381693e-10,1.0106317290202975e-10,0.3239571475454532,0.0
IC0677,Sbc,Courteau97,64.05711319515699,4.388651065377063,1.3823151504358844e-10,8.202312981854606e-11,0.37248481029898933,0.0
IC0677,Sbc,Courteau97,64.05711319515699,4.991014937095485,1.237610058007302e-10,7.94197250263277e-11,0.27948652316502204,0.0
IC0677,Sbc,Courteau97,64.05711319515699,5.541747619809469,1.0605062038716348e-10,8.033972660853911e-11,0.2478106537800957,0.0
IC0677,Sbc,Courteau97,64.05711319515699,6.109690698858266,1.3709844239917233e-10,7.776763229076095e-11,0.21321873035741043,0.0
IC0677,Sbc,Courteau97,64.05711319515699,6.712054570576686,1.253117784032931e-10,7.189659210108445e-11,0.17989994318178107,0.0
IC0677,Sbc,Courteau97,64.05711319515699,7.056262497272925,9.594278827775383e-11,5.490395561676435e-11,0.28555026105347064,0.0
IC0677,Sbc,Courteau97,64.05711319515699,10.928601672605629,4.719250303272397e-11,3.204023294224447e-11,0.12208568229262151,0.0
IC0677,Sbc,Courteau97,64.05711319515699,11.358861580975928,4.064680488663413e-11,2.6096198382486885e-11,0.17252488763753834,0.0
IC0677,Sbc,Courteau97,64.05711319515699,11.70306950767217,4.1708067565381334e-11,2.4772600596811317e-11,0.1431278333575008,0.0
IC0756,(R')SA(s)c: AGN,Mathewson96,66.85168765223474,0.0834657164327443,4.945923474436428e-10,2.8740236086749977e-12,0.0,0.0
IC0756,(R')SA(s)c: AGN,Mathewson96,66.85168765223474,1.2271939495309432,9.04866241814464e-11,6.249833091943147e-11,0.5628928647588068,0.0
IC0756,(R')SA(s)c: AGN,Mathewson96,66.85168765223474,1.7197243158073352,2.2537587478661613e-11,7.055820297732864e-11,0.5269595304886063,0.0
IC0756,(R')SA(s)c: AGN,Mathewson96,66.85168765223474,2.454387899061887,1.0278787460953891e-10,7.294255827935962e-11,0.4912335001318095,0.0
IC0756,(R')SA(s)c: AGN,Mathewson96,66.85168765223474,3.2725171987491817,2.6451129220506324e-10,6.626498993208237e-11,0.4872983401836879,0.0
IC0756,(R')SA(s)c: AGN,Mathewson96,66.85168765223474,4.090646498436477,2.5175017239682615e-10,6.279446391414457e-11,0.4623838772163157,0.0
IC0756,(R')SA(s)c: AGN,Mathewson96,66.85168765223474,4.908775798123774,2.4388350573688195e-10,5.763717596795129e-11,0.43484490822342153,0.0
IC0756,(R')SA(s)c: AGN,Mathewson96,66.85168765223474,5.810370814243812,1.3804644962068595e-10,4.017755255091358e-11,0.5654406689459347,0.0
IC0756,(R')SA(s)c: AGN,Mathewson96,66.85168765223474,6.545034397498364,2.413805131089223e-10,4.928195345609777e-11,0.4241567132753592,0.0
IC0756,(R')SA(s)c: AGN,Mathewson96,66.85168765223474,7.363163697185659,1.7037584362486546e-10,5.544264749627532e-11,0.4102222331504841,0.0
IC0756,(R')SA(s)c: AGN,Mathewson96,66.85168765223474,8.181292996872955,1.5215333666362542e-10,4.904229202017289e-11,0.435609133742143,0.0
IC0756,(R')SA(s)c: AGN,Mathewson96,66.85168765223474,8.99942229656025,1.4115493457588308e-10,4.84022198591752e-11,0.4128641365186498,0.0
IC0756,(R')SA(s)c: AGN,Mathewson96,66.85168765223474,9.817551596247545,1.324945622831061e-10,5.287704911645591e-11,0.3508165791127025,0.0
IC0756,(R')SA(s)c: AGN,Mathewson96,66.85168765223474,10.63568089593484,1.545936813566128e-10,5.881408651926056e-11,0.2698228940746339,0.0
IC0756,(R')SA(s)c: AGN,Mathewson96,66.85168765223474,11.53727591205488,1.0318988165330615e-10,3.359187511869744e-11,0.3455708749295378,0.0
IC0756,(R')SA(s)c: AGN,Mathewson96,66.85168765223474,12.355405211742177,9.536349330493259e-11,2.37413619484866e-11,0.5606711134049752,0.0
IC0756,(R')SA(s)c: AGN,Mathewson96,66.85168765223474,13.173534511429471,8.692063691294895e-11,4.321522183636854e-11,0.2754681402245408,0.0
IC0756,(R')SA(s)c: AGN,Mathewson96,66.85168765223474,13.991663811116767,6.216867647849083e-11,3.605931397674362e-11,0.21652652713257356,0.0
IC0756,(R')SA(s)c: AGN,Mathewson96,66.85168765223474,14.809793110804062,8.132003950757563e-11,2.8126401758027985e-11,0.3637249408370587,0.0
IC0756,(R')SA(s)c: AGN,Mathewson96,66.85168765223474,15.627922410491358,7.782276694083422e-11,4.2196742311430754e-11,0.1715671433299876,0.0
IC0768,Scd:,Mathewson96,65.1110523675367,0.29103499381863135,2.593707955893999e-11,1.1948494375842103e-11,0.5786890518602349,0.0
IC0768,Scd:,Mathewson96,65.1110523675367,0.873104981455894,7.632100649739602e-11,3.126276910919421e-11,0.5576711805761668,0.0
IC0768,Scd:,Mathewson96,65.1110523675367,1.4551749690931568,1.432597521944677e-10,4.080380687816069e-11,0.48033028627145635,0.0
IC0768,Scd:,Mathewson96,65.1110523675367,1.974040387365767,1.0925958048101378e-10,4.269706062429001e-11,0.4643568839263019,0.0
IC0768,Scd:,Mathewson96,65.1110523675367,2.1004495260950717,1.3304494641024192e-10,4.173207180648896e-11,0.4670936820527307,0.0
IC0768,Scd:,Mathewson96,65.1110523675367,2.619314944367682,1.362252889786575e-10,3.847334609409869e-11,0.46096574699262344,0.0
IC0768,Scd:,Mathewson96,65.1110523675367,3.2013849320049452,9.251095057346136e-11,3.552070159503065e-11,0.4694500701122252,0.0
IC0768,Scd:,Mathewson96,65.1110523675367,3.7834549196422076,1.2145431323535654e-10,3.056242316188598e-11,0.483197286597032,0.0
IC0768,Scd:,Mathewson96,65.1110523675367,4.36552490727947,9.158165602496446e-11,3.369290055084546e-11,0.4575816535355734,0.0
IC0768,Scd:,Mathewson96,65.1110523675367,4.947594894916733,9.69854177361855e-11,2.547742288398937e-11,0.5280378032262788,0.0
IC0768,Scd:,Mathewson96,65.1110523675367,5.466460313189343,8.870029038031028e-11,2.3380700035232483e-11,0.5362439961661194,0.0
IC0768,Scd:,Mathewson96,65.1110523675367,5.820699876372627,7.848441524391573e-11,3.181760738893397e-11,0.41552421337387374,0.0
IC0768,Scd:,Mathewson96,65.1110523675367,6.17493943955591,1.1361218133729093e-10,2.866253517117119e-11,0.3341276905318967,0.0
IC0768,Scd:,Mathewson96,65.1110523675367,6.630600288463868,5.981323565059586e-11,2.215778531416924e-11,0.5019727720128149,0.0
IC0768,Scd:,Mathewson96,65.1110523675367,7.275874845465784,9.084393554000666e-11,2.151226719491064e-11,0.4763731929665311,0.0
IC0768,Scd:,Mathewson96,65.1110523675367,7.794740263738394,8.438393815526591e-11,2.7537931226715563e-11,0.3475518254449509,0.0
IC0768,Scd:,Mathewson96,65.1110523675367,8.376810251375657,7.420470009342081e-11,3.043888330617651e-11,0.261541795578158,0.0
IC0768,Scd:,Mathewson96,65.1110523675367,8.95888023901292,8.312704140695683e-11,1.8318766294531396e-11,0.4105999247579742,0.0
IC0768,Scd:,Mathewson96,65.1110523675367,9.540950226650182,6.39181102055727e-11,2.0222036778132956e-11,0.3577930055264083,0.0
IC0768,Scd:,Mathewson96,65.1110523675367,10.123020214287445,7.754759769118561e-11,2.6147687848392875e-11,0.20988671299764178,0.0
IC0797,SB(s)c II.5 HII,SHIVir,51.2551343071332,0.16696967493273218,6.399102611522247e-11,1.5594907406623953e-11,0.12152233700469127,0.0
IC0797,SB(s)c II.5 HII,SHIVir,51.2551343071332,0.43412115482510366,8.505039857401514e-11,3.372748521099473e-11,0.3461778833445825,0.0
IC0797,SB(s)c II.5 HII,SHIVir,51.2551343071332,0.7346665697040216,7.869620334828351e-11,4.8575127134961916e-11,0.3189947536333856,0.0
IC0797,SB(s)c II.5 HII,SHIVir,51.2551343071332,1.0352119845829395,7.793991589404109e-11,5.475335774162372e-11,0.2528203247627747,0.0
IC0797,SB(s)c II.5 HII,SHIVir,51.2551343071332,1.3357573994618575,5.902296007829773e-11,5.1459070488428195e-11,0.25949188621707964,0.0
IC0797,SB(s)c II.5 HII,SHIVir,51.2551343071332,1.63153225219984,6.007508581235407e-11,4.865203471420851e-11,0.22656683867881158,0.0
IC0797,SB(s)c II.5 HII,SHIVir,51.2551343071332,1.925716917557511,6.366791226881869e-11,4.625295856557579e-11,0.207128816345004,0.0
IC0797,SB(s)c II.5 HII,SHIVir,51.2551343071332,2.2707875790851575,5.166325647121991e-11,4.097759198957252e-11,0.18296491118670297,0.0
IC0800,SB(rs)c pec? HII,SHIVir,45.719776964682154,0.14253508835721038,1.453108153097702e-11,1.073599318057262e-11,0.08124414605577099,0.0
IC0800,SB(rs)c pec? HII,SHIVir,45.719776964682154,0.4457049588312769,2.2586924517162125e-11,3.0697181815020213e-11,0.36028409119810556,0.0
IC0800,SB(rs)c pec? HII,SHIVir,45.719776964682154,0.7483092138753544,5.852855671243925e-11,4.486956701116171e-11,0.29055339052070467,0.0
IC0800,SB(rs)c pec? HII,SHIVir,45.719776964682154,1.050913468919432,7.013201665926647e-11,4.346900143603912e-11,0.3231023351614603,0.0
IC0800,SB(rs)c pec? HII,SHIVir,45.719776964682154,1.340993382299469,9.320347771969196e-11,4.031521395736432e-11,0.33050996749488337,0.0
IC0800,SB(rs)c pec? HII,SHIVir,45.719776964682154,1.6544251327176205,9.235099670284453e-11,3.8497454421390186e-11,0.3152889912405547,0.0
IC0800,SB(rs)c pec? HII,SHIVir,45.719776964682154,1.9394953094320413,9.850308683992879e-11,3.694175996512085e-11,0.26709092378593946,0.0
IC0800,SB(rs)c pec? HII,SHIVir,45.719776964682154,2.224565486146462,8.779059314772006e-11,3.637078370986677e-11,0.26161038286556765,0.0
IC0800,SB(rs)c pec? HII,SHIVir,45.719776964682154,2.5452694349501854,7.898719071397398e-11,3.502871991869021e-11,0.2083855808267683,0.0
IC0800,SB(rs)c pec? HII,SHIVir,45.719776964682154,2.865973383753909,6.94736734189067e-11,3.23337364188979e-11,0.14720832775991663,0.0
IC0800,SB(rs)c pec? HII,SHIVir,45.719776964682154,3.044142244200422,8.556695020627676e-11,2.997300679627127e-11,0.18816469143379266,0.0
IC0842,Sb,Courteau97,63.47546456373416,0.3811105068722275,2.695005042015354e-10,1.7371387006098563e-11,0.7185178632048466,0.0
IC0842,Sb,Courteau97,63.47546456373416,1.1469100230286282,3.2176672888445536e-10,4.498423021418498e-11,0.6481014432458522,0.0
IC0842,Sb,Courteau97,63.47546456373416,1.8475807952876153,2.0081881189707298e-10,5.90461374840035e-11,0.5850454125549535,0.0
IC0842,Sb,Courteau97,63.47546456373416,2.5765217366009745,2.386789376035487e-10,6.199381497289126e-11,0.5701479360241583,0.0
IC0842,Sb,Courteau97,63.47546456373416,3.3054626779143335,1.6179854971856017e-10,6.414299541729406e-11,0.5271751178685642,0.0
IC0842,Sb,Courteau97,63.47546456373416,4.102037314813468,1.7441170830379544e-10,5.923304459875237e-11,0.5521517832285032,0.0
IC0842,Sb,Courteau97,63.47546456373416,4.830978256126827,1.3666643996877718e-10,5.959640903400448e-11,0.5033475137257624,0.0
IC0842,Sb,Courteau97,63.47546456373416,5.47510869027707,1.1568592076577564e-10,5.558225552907439e-11,0.5469181415024105,0.0
IC0842,Sb,Courteau97,63.47546456373416,6.1925984238722025,1.2366638569454104e-10,3.383531177358457e-11,0.6779103007342825,0.0
IC0842,Sb,Courteau97,63.47546456373416,7.034441116282451,1.3996823078589027e-10,5.998751845729285e-11,0.41524822756050267,0.0
IC0842,Sb,Courteau97,63.47546456373416,7.729565209802923,1.2802511216089365e-10,5.857311235518092e-11,0.3928264554403805,0.0
IC0842,Sb,Courteau97,63.47546456373416,8.458506151116282,1.2357922225609143e-10,4.5542022580724194e-11,0.42183963631441457,0.0
IC0842,Sb,Courteau97,63.47546456373416,9.255080788015416,1.1381931965375627e-10,3.019659038975327e-11,0.6008187979612698,0.0
IC0842,Sb,Courteau97,63.47546456373416,9.984021729328775,1.0915467866374329e-10,2.4996891921607958e-11,0.68380599590563,0.0
IC0842,Sb,Courteau97,63.47546456373416,10.628152163479019,1.401971824272541e-10,6.26373848806932e-11,0.33241607149091046,0.0
IC0842,Sb,Courteau97,63.47546456373416,11.357093104792378,1.2976091772822107e-10,7.53478093473589e-11,0.18276883278616116,0.0
IC0842,Sb,Courteau97,63.47546456373416,12.153667741691512,1.1413032501874007e-10,2.8524769518479734e-11,0.5670071753196031,0.0
IC0842,Sb,Courteau97,63.47546456373416,12.941653972801976,9.729053625879578e-11,5.591838641198366e-11,0.21336595949226214,0.0
IC0842,Sb,Courteau97,63.47546456373416,13.585784406952222,6.944033132637508e-11,3.6502134250810326e-11,0.30845273896350783,0.0
IC0842,Sb,Courteau97,63.47546456373416,14.229914841102463,8.128482556057595e-11,4.6252745373872463e-11,0.18515078607399085,0.0
IC0842,Sb,Courteau97,63.47546456373416,14.713012666715148,1.0927484284194869e-10,2.9087865381858135e-11,0.3771796543254256,0.0
IC0871,Sb,Courteau97,62.878515400846716,0.593805003164753,3.741465461953023e-10,1.172273791266261e-10,0.5970345554677458,0.0
IC0871,Sb,Courteau97,62.878515400846716,1.7347768744091339,6.857735073254368e-10,2.366313660872414e-10,0.434409753681163,0.0
IC0871,Sb,Courteau97,62.878515400846716,2.802331874045524,5.808188068870205e-10,2.2548209839342332e-10,0.3738967117823779,0.0
IC0871,Sb,Courteau97,62.878515400846716,3.869886873681914,4.398553566839433e-10,1.611585345106789e-10,0.3976912824661772,0.0
IC0871,Sb,Courteau97,62.878515400846716,4.9374418733183045,3.4778030879772395e-10,1.6725285072787698e-10,0.30725516922136126,0.0
IC0871,Sb,Courteau97,62.878515400846716,6.0049968729546945,3.053577102239202e-10,1.3707428073030697e-10,0.2953617753479116,0.0
IC0871,Sb,Courteau97,62.878515400846716,7.072551872591084,2.765159617660303e-10,1.146316099086564e-10,0.2414745908605587,0.0
IC0871,Sb,Courteau97,62.878515400846716,8.081992135775407,2.121684646237757e-10,9.12798904817216e-11,0.3036842793696723,0.0
IC0871,Sb,Courteau97,62.878515400846716,9.201191841563038,1.6482479482279766e-10,5.540863075892873e-11,0.4283614175730232,0.0
IC0871,Sb,Courteau97,62.878515400846716,10.331483027866371,2.04696805508157e-10,7.406797224666005e-11,0.19433949820941593,0.0
IC0871,Sb,Courteau97,62.878515400846716,11.349241901437471,2.0136915670753962e-10,6.446296964223285e-11,0.1869755216103206,0.0
IC0871,Sb,Courteau97,62.878515400846716,13.071078715244951,9.588108172881477e-11,4.562738871943698e-11,0.2750794833534618,0.0
IC0871,Sb,Courteau97,62.878515400846716,13.738300590017696,1.5659808614052232e-10,5.013792463181429e-11,0.17673115979308265,0.0
IC0871,Sb,Courteau97,62.878515400846716,14.805855589654087,1.2163684331155437e-10,2.6732279449060594e-11,0.43845417223129096,0.0
IC0871,Sb,Courteau97,62.878515400846716,15.873410589290476,1.2185803569080109e-10,3.3231693063552195e-11,0.2675811864011729,0.0
IC0871,Sb,Courteau97,62.878515400846716,16.80752121397232,1.5179313876488612e-10,4.10357834072536e-11,0.1571294717443524,0.0
IC0871,Sb,Courteau97,62.878515400846716,19.489348773664947,6.41283730160481e-11,2.0872485414242268e-11,0.3160026563044004,0.0
IC0871,Sb,Courteau97,62.878515400846716,20.15657064843769,7.613601689817186e-11,2.982371795756428e-11,0.14948189005249984,0.0
IC0871,Sb,Courteau97,62.878515400846716,21.22412564807408,8.465493934739345e-11,1.9651539776769332e-11,0.2684758692314301,0.0
IC0871,Sb,Courteau97,62.878515400846716,21.891347522846825,7.958072252712983e-11,1.3230540756442904e-11,0.45689282643372214,0.0
IC0900,SAB(s)bc,Mathewson96,51.821060399057004,0.4803586648243764,5.833574850656679e-11,3.059836130349581e-11,0.7370493588216422,0.0
IC0900,SAB(s)bc,Mathewson96,51.821060399057004,1.4410759944731293,2.9050356009386294e-10,7.696627230453823e-11,0.6614912126429772,0.0
IC0900,SAB(s)bc,Mathewson96,51.821060399057004,2.401793324121882,2.1933251338189422e-10,8.64576387138232e-11,0.6305406634775346,0.0
IC0900,SAB(s)bc,Mathewson96,51.821060399057004,3.3625106537706344,2.1033679082941626e-10,1.12078121043631e-10,0.5720972836342756,0.0
IC0900,SAB(s)bc,Mathewson96,51.821060399057004,4.323227983419388,2.1047651419505081e-10,1.0973083228126075e-10,0.5039569100828817,0.0
IC0900,SAB(s)bc,Mathewson96,51.821060399057004,5.1524531937071245,1.52142016866959e-10,8.492424672253885e-11,0.5899911260133177,0.0
IC0900,SAB(s)bc,Mathewson96,51.821060399057004,5.764303977892517,1.6167367090673996e-10,1.1329673911470372e-10,0.4350463374766462,0.0
IC0900,SAB(s)bc,Mathewson96,51.821060399057004,6.725021307541271,1.7135293624029291e-10,9.046372910774373e-11,0.5524181131698186,0.0
IC0900,SAB(s)bc,Mathewson96,51.821060399057004,7.685738637190022,1.7239859571957718e-10,1.2765161693528014e-10,0.28384784962950327,0.0
IC0900,SAB(s)bc,Mathewson96,51.821060399057004,8.297589421375415,1.9958901166564634e-10,7.265578231015268e-11,0.5243803282372053,0.0
IC0900,SAB(s)bc,Mathewson96,51.821060399057004,9.126814631663152,1.3210131586039492e-10,6.072862006848615e-11,0.5478340963963915,0.0
IC0900,SAB(s)bc,Mathewson96,51.821060399057004,10.087531961311903,1.5121690495989328e-10,5.4335519617863613e-11,0.5347545457535379,0.0
IC0900,SAB(s)bc,Mathewson96,51.821060399057004,11.048249290960657,1.5143451371420248e-10,4.498614341274104e-11,0.5739716061272632,0.0
IC0900,SAB(s)bc,Mathewson96,51.821060399057004,12.00896662060941,1.1642550381574e-10,5.212512302467862e-11,0.4775698657531377,0.0
IC0900,SAB(s)bc,Mathewson96,51.821060399057004,12.969683950258164,9.340997016265881e-11,6.318984455829455e-11,0.3332487788572403,0.0
IC0900,SAB(s)bc,Mathewson96,51.821060399057004,14.061893399267932,1.0239501586999176e-10,6.997559521652247e-11,0.23579193262671325,0.0
IC0900,SAB(s)bc,Mathewson96,51.821060399057004,15.022610728916684,1.0514945797119604e-10,7.655006593865411e-11,0.1525579586332591,0.0
IC0900,SAB(s)bc,Mathewson96,51.821060399057004,15.983328058565439,9.527879895066314e-11,3.905540109352043e-11,0.39559398703426935,0.0
IC0900,SAB(s)bc,Mathewson96,51.821060399057004,16.94404538821419,7.799264298317892e-11,5.621711332482325e-11,0.1827131213455626,0.0
IC0900,SAB(s)bc,Mathewson96,51.821060399057004,17.904762717862944,8.089300716086112e-11,2.713550563957518e-11,0.47127163271752126,0.0
IC0952,SBbc,Mathewson96,71.40243241348341,0.004993161224638208,3.393457877335131e-11,1.7116298944808396e-13,0.0,0.0
IC0952,SBbc,Mathewson96,71.40243241348341,0.5815564249872736,2.834439501831554e-12,2.239031797516358e-11,0.6526097045550258,0.0
IC0952,SBbc,Mathewson96,71.40243241348341,1.1631128499745471,5.2028148400643564e-11,3.75831060013177e-11,0.5825812885339992,0.0
IC0952,SBbc,Mathewson96,71.40243241348341,1.7446692749618207,8.829641107410774e-11,4.166140216852523e-11,0.5577321026336357,0.0
IC0952,SBbc,Mathewson96,71.40243241348341,2.3262256999490942,9.139564115586554e-11,4.1394648454020575e-11,0.5560682835533188,0.0
IC0952,SBbc,Mathewson96,71.40243241348341,2.9077821249363676,9.296983608468834e-11,4.891506267786114e-11,0.4904177612955277,0.0
IC0952,SBbc,Mathewson96,71.40243241348341,3.4893385499236413,1.0782463624678579e-10,5.556040836574839e-11,0.3938613147195094,0.0
IC0952,SBbc,Mathewson96,71.40243241348341,4.070894974910916,1.1092664073523797e-10,5.046685408029669e-11,0.42538176558676327,0.0
IC0952,SBbc,Mathewson96,71.40243241348341,4.6524513998981885,8.192452214794558e-11,5.110403031282635e-11,0.3286312467534528,0.0
IC0952,SBbc,Mathewson96,71.40243241348341,5.234007824885462,9.26936161444067e-11,5.0585525310020603e-11,0.32594880912067875,0.0
IC0952,SBbc,Mathewson96,71.40243241348341,5.815564249872736,7.66066022814638e-11,4.4996501692614543e-11,0.33361300902992397,0.0
IC0952,SBbc,Mathewson96,71.40243241348341,6.39712067486001,6.878728128049137e-11,4.079728303332216e-11,0.32947278401910834,0.0
IC0952,SBbc,Mathewson96,71.40243241348341,6.978677099847283,5.865415964112503e-11,3.9718883420433624e-11,0.2974747894732468,0.0
IC0952,SBbc,Mathewson96,71.40243241348341,7.5602335248345565,5.718683955462362e-11,3.8151395193238906e-11,0.2558614166486693,0.0
IC0952,SBbc,Mathewson96,71.40243241348341,8.14178994982183,5.0792172691408686e-11,2.4672375800306447e-11,0.3826479738742219,0.0
IC0952,SBbc,Mathewson96,71.40243241348341,8.723346374809104,6.781340676502008e-11,2.4627583387978006e-11,0.3821895579361426,0.0
IC0952,SBbc,Mathewson96,71.40243241348341,9.304902799796377,5.283752998905166e-11,3.134161035007121e-11,0.23848829598995952,0.0
IC0952,SBbc,Mathewson96,71.40243241348341,9.881466063559012,5.2468863506975266e-11,2.125196204904396e-11,0.31905154577030526,0.0
IC0984,Sb,Mathewson96,75.92415907675074,0.31240975929023346,4.494903302431968e-10,1.5522946281636164e-11,0.6684686176297783,0.0
IC0984,Sb,Mathewson96,75.92415907675074,0.9372292778707005,1.882916813215425e-10,3.946321082285588e-11,0.6396561766091409,0.0
IC0984,Sb,Mathewson96,75.92415907675074,1.5620487964511671,1.965838855213082e-10,5.395216362398679e-11,0.5733508606624523,0.0
IC0984,Sb,Mathewson96,75.92415907675074,2.186868315031634,2.160648684479724e-10,6.087545805223337e-11,0.5542439106684474,0.0
IC0984,Sb,Mathewson96,75.92415907675074,2.6475938186313726,2.5999506709073666e-10,6.246822180456703e-11,0.5364162896694519,0.0
IC0984,Sb,Mathewson96,75.92415907675074,3.436507352192568,2.507568069075093e-10,6.162572347536327e-11,0.4994677560174629,0.0
IC0984,Sb,Mathewson96,75.92415907675074,4.061326870773035,2.4878686115996204e-10,5.2348442596814274e-11,0.5223214836544057,0.0
IC0984,Sb,Mathewson96,75.92415907675074,4.686146389353501,1.9361620788227116e-10,6.235904278956515e-11,0.47275478986903957,0.0
IC0984,Sb,Mathewson96,75.92415907675074,5.310965907933969,1.7339342797125227e-10,4.433224578723614e-11,0.5661634427323404,0.0
IC0984,Sb,Mathewson96,75.92415907675074,5.935785426514435,2.0756660840130468e-10,4.027822903583701e-11,0.5514773642912061,0.0
IC0984,Sb,Mathewson96,75.92415907675074,6.560604945094902,1.711565840617677e-10,4.024425405386461e-11,0.5120452469923141,0.0
IC0984,Sb,Mathewson96,75.92415907675074,7.1854244636753695,1.446595365694817e-10,3.4570768740116926e-11,0.5569389080296934,0.0
IC0984,Sb,Mathewson96,75.92415907675074,7.810243982255837,1.1813453541966962e-10,3.2163291315945275e-11,0.5738264758099986,0.0
IC0984,Sb,Mathewson96,75.92415907675074,8.435063500836304,1.1895559984466659e-10,4.1236327763328884e-11,0.46013899317414086,0.0
IC0984,Sb,Mathewson96,75.92415907675074,9.05988301941677,8.727141446149465e-11,5.796795583615784e-11,0.2941349789406564,0.0
IC0984,Sb,Mathewson96,75.92415907675074,9.684702537997238,1.3851728712435125e-10,3.744328247290919e-11,0.33537548365573755,0.0
IC0984,Sb,Mathewson96,75.92415907675074,10.145428041596976,1.3105158908433673e-10,4.2784543205255665e-11,0.35549662776266705,0.0
IC0984,Sb,Mathewson96,75.92415907675074,10.770247560177443,1.0661784589048226e-10,5.258593588040736e-11,0.21498167771571228,0.0
IC0984,Sb,Mathewson96,75.92415907675074,11.39506707875791,6.860201750269333e-11,2.683526795815066e-11,0.48157358096226865,0.0
IC0984,Sb,Mathewson96,75.92415907675074,12.019886597338377,7.819828760682372e-11,4.750384342292306e-11,0.2157478487663377,0.0
IC0984,Sb,Mathewson96,75.92415907675074,12.644706115918844,7.733731948311264e-11,1.9882274629362293e-11,0.541961413679461,0.0
IC1048,S,Mathewson96,76.08978280187621,0.16137916111151515,1.2920113778535622e-10,1.9092702991042482e-11,0.2504222438922583,0.0
IC1048,S,Mathewson96,76.08978280187621,0.4387149734564759,5.6616246812742994e-11,4.960316705977266e-11,0.4550782002626652,0.0
IC1048,S,Mathewson96,76.08978280187621,0.7160507858014368,1.0519669952901218e-10,7.118200352648282e-11,0.41904065338251756,0.0
IC1048,S,Mathewson96,76.08978280187621,1.038809108024467,1.3940569063267953e-10,7.86605823766545e-11,0.4178979314629271,0.0
IC1048,S,Mathewson96,76.08978280187621,1.3741232459861505,1.8651190790440144e-10,7.503796256655237e-11,0.43063407684482324,0.0
IC1048,S,Mathewson96,76.08978280187621,1.6451811504617846,2.1809098664585645e-10,7.202732897167998e-11,0.4380500138595899,0.0
IC1048,S,Mathewson96,76.08978280187621,1.9162390549374189,2.2883335693154669e-10,6.811467002989585e-11,0.41635774736759823,0.0
IC1048,S,Mathewson96,76.08978280187621,2.2515531928991024,1.7987819250843343e-10,6.39012985202696e-11,0.4472997254827596,0.0
IC1048,S,Mathewson96,76.08978280187621,2.5743115151221327,1.3224383563209684e-10,6.483419229818097e-11,0.4179184880791374,0.0
IC1048,S,Mathewson96,76.08978280187621,2.8516473274670933,1.279749540663303e-10,6.677857622795595e-11,0.39326344350033665,0.0
IC1048,S,Mathewson96,76.08978280187621,3.128983139812054,1.499468437253878e-10,6.909361321805476e-11,0.3527240321780551,0.0
IC1048,S,Mathewson96,76.08978280187621,3.4517414620350846,1.537159424273004e-10,7.139427464716312e-11,0.3118408976295363,0.0
IC1048,S,Mathewson96,76.08978280187621,3.729077274380045,1.6919133626102212e-10,6.756984721547968e-11,0.2624546560539372,0.0
IC1048,S,Mathewson96,76.08978280187621,4.006413086725005,1.515628268800521e-10,6.406929097767609e-11,0.3067584580623242,0.0
IC1048,S,Mathewson96,76.08978280187621,4.329171408948036,1.4488232480784955e-10,6.57204272462476e-11,0.264325763316805,0.0
IC1048,S,Mathewson96,76.08978280187621,4.651929731171067,1.2843087555839035e-10,6.672494000201011e-11,0.19778919691448957,0.0
IC1048,S,Mathewson96,76.08978280187621,4.980965961263424,1.4220988843948127e-10,5.809457270786768e-11,0.13988200731197697,0.0
IC1048,S,Mathewson96,76.08978280187621,5.310002191355781,1.1972434355834224e-10,5.2359457769051436e-11,0.20236471380461454,0.0
IC1048,S,Mathewson96,76.08978280187621,5.529359678084018,1.9970323791662502e-10,5.2846299447015356e-11,0.13241023293495707,0.0
IC1048,S,Mathewson96,76.08978280187621,5.858395908176375,1.6283958654257662e-10,4.437807908724396e-11,0.18227789826333674,0.0
IC1133,Scd:,Courteau97,73.47690630649483,0.21378763687489397,5.234261662708373e-12,3.0999499706789074e-12,0.7244251221294951,0.0
IC1133,Scd:,Courteau97,73.47690630649483,0.620102261653698,1.5240989354406344e-11,9.10239063967442e-12,0.7199513603527918,0.0
IC1133,Scd:,Courteau97,73.47690630649483,1.0630324485491964,5.0016049686551345e-11,1.5960123133229282e-11,0.6531765011767955,0.0
IC1133,Scd:,Courteau97,73.47690630649483,1.505962635444695,6.945293567347678e-11,2.2253832949481463e-11,0.5906332954822083,0.0
IC1133,Scd:,Courteau97,73.47690630649483,1.9122772602234988,8.052770564205749e-11,2.5308110164848355e-11,0.5473974340643215,0.0
IC1133,Scd:,Courteau97,73.47690630649483,2.339852533973287,8.248507417151756e-11,2.6776460762868705e-11,0.5159552392504028,0.0
IC1133,Scd:,Courteau97,73.47690630649483,2.7461671587520913,7.092856953401019e-11,2.799768580009765e-11,0.5054020269466291,0.0
IC1133,Scd:,Courteau97,73.47690630649483,3.1890973456475895,5.845784164162002e-11,2.8691521415160275e-11,0.4492743337153551,0.0
IC1133,Scd:,Courteau97,73.47690630649483,3.6320275325430877,5.841089738190956e-11,3.007352045900552e-11,0.43567419324843404,0.0
IC1133,Scd:,Courteau97,73.47690630649483,4.0383421573218925,5.041064965059059e-11,2.90370448213434e-11,0.42286296589638245,0.0
IC1133,Scd:,Courteau97,73.47690630649483,4.46591743107168,8.016130690354612e-11,2.6660541341985e-11,0.4255442800281153,0.0
IC1133,Scd:,Courteau97,73.47690630649483,4.872232055850484,4.333521586088803e-11,2.5700354109240318e-11,0.4120424672372286,0.0
IC1133,Scd:,Courteau97,73.47690630649483,5.315162242745982,4.5290143374235526e-11,2.4766124661184325e-11,0.3983743413699898,0.0
IC1133,Scd:,Courteau97,73.47690630649483,5.758092429641481,5.028437381090956e-11,2.4650696126151585e-11,0.36533865932760556,0.0
IC1133,Scd:,Courteau97,73.47690630649483,6.164407054420285,5.5042554763165795e-11,1.8550374910720115e-11,0.4135965512670456,0.0
IC1133,Scd:,Courteau97,73.47690630649483,6.591982328170073,4.822549738575339e-11,1.6929002435932654e-11,0.4792554595634527,0.0
IC1133,Scd:,Courteau97,73.47690630649483,6.966799695214085,5.1514041205534205e-11,2.405761926344683e-11,0.312802859081957,0.0
IC1133,Scd:,Courteau97,73.47690630649483,7.435321404019103,7.040554997355957e-11,1.6049860256556354e-11,0.4180092368295513,0.0
IC1133,Scd:,Courteau97,73.47690630649483,7.878251590914601,5.540750048957035e-11,1.907495314390321e-11,0.35761109904383315,0.0
IC1133,Scd:,Courteau97,73.47690630649483,8.232595740431,5.3957266132038426e-11,1.7539200187158908e-11,0.2904305135776231,0.0
IC1133,Scd:,Courteau97,73.47690630649483,8.498353852568298,7.825312102333112e-11,2.1816888971856407e-11,0.25393866911179314,0.0
IC1474,Scd:,Courteau97/Mathewson96,61.47112067304459,0.2741618123199856,1.0872714682047144e-10,4.150062301035203e-11,0.44634983775892534,0.0
IC1474,Scd:,Courteau97/Mathewson96,61.47112067304459,0.8222589193513199,2.141913439718406e-10,8.847410366709599e-11,0.4933657053088992,0.0
IC1474,Scd:,Courteau97/Mathewson96,61.47112067304459,1.343022901607156,2.1553047883998752e-10,1.0484429266963244e-10,0.45372180099405296,0.0
IC1474,Scd:,Courteau97/Mathewson96,61.47112067304459,1.8957636196155432,1.6079586369021152e-10,1.1541526032149337e-10,0.41036137862598776,0.0
IC1474,Scd:,Courteau97/Mathewson96,61.47112067304459,2.4425058157655872,1.756560743969768e-10,1.1929286387242327e-10,0.3153973779738162,0.0
IC1474,Scd:,Courteau97/Mathewson96,61.47112067304459,2.8662783138196013,1.9068131119590762e-10,1.1162088983105209e-10,0.33400702633501944,0.0
IC1474,Scd:,Courteau97/Mathewson96,61.47112067304459,3.4509127111240394,1.5672431939427238e-10,1.0314506619268099e-10,0.30218804682155176,0.0
IC1474,Scd:,Courteau97/Mathewson96,61.47112067304459,3.9785229184371005,1.7267589924914164e-10,9.90300116551105e-11,0.20262992192135146,0.0
IC1474,Scd:,Courteau97/Mathewson96,61.47112067304459,4.513841555927246,1.428853505229463e-10,9.213957993861396e-11,0.19252720125454517,0.0
IC1474,Scd:,Courteau97/Mathewson96,61.47112067304459,5.043464893543096,9.928383743590524e-11,7.661567381916667e-11,0.18727755375675156,0.0
IC1474,Scd:,Courteau97/Mathewson96,61.47112067304459,5.611531505310436,8.375678977713619e-11,6.273763688076797e-11,0.1787695733716255,0.0
IC1474,Scd:,Courteau97/Mathewson96,61.47112067304459,6.091983443143529,1.2997428810126064e-10,5.681087814322474e-11,0.1486493590992214,0.0
IC1474,Scd:,Courteau97/Mathewson96,61.47112067304459,6.6748321266332145,9.024761296231958e-11,4.8682092526743e-11,0.12867500520262418,0.0
IC1474,Scd:,Courteau97/Mathewson96,61.47112067304459,7.2915263161467045,6.77008474050542e-11,4.198554592882543e-11,0.10938542583907995,0.0
IC1474,Scd:,Courteau97/Mathewson96,61.47112067304459,7.812290298402541,9.662966476379683e-11,3.710435388078676e-11,0.08663797920068714,0.0
IC1474,Scd:,Courteau97/Mathewson96,61.47112067304459,8.223419758078201,7.600442582206795e-11,3.1400257959424345e-11,0.1201608454637806,0.0
IC1474,Scd:,Courteau97/Mathewson96,61.47112067304459,9.45680813710518,6.456914703235188e-11,2.506008767791242e-11,0.0794505652830451,0.0
IC1474,Scd:,Courteau97/Mathewson96,61.47112067304459,10.2790670564565,4.574585387609701e-11,2.034467644909037e-11,0.08017478731868087,0.0
IC1474,Scd:,Courteau97/Mathewson96,61.47112067304459,10.690196516132161,5.395281671888664e-11,1.895578096357111e-11,0.08899086176266728,0.0
IC1504,Sb HII,ShellFlow,76.72734662198727,0.5991740370666645,6.856346738203355e-11,3.2235791028259944e-11,0.7118296606142656,0.0
IC1504,Sb HII,ShellFlow,76.72734662198727,1.7268070831212277,3.4379394302329746e-10,6.97104875203836e-11,0.6095401043864783,0.0
IC1504,Sb HII,ShellFlow,76.72734662198727,2.8544401291757904,2.748393768887741e-10,8.444735724694961e-11,0.5472493468425019,0.0
IC1504,Sb HII,ShellFlow,76.72734662198727,4.052788203309119,2.401040698867636e-10,7.195494818685662e-11,0.570248334682205,0.0
IC1504,Sb HII,ShellFlow,76.72734662198727,5.1804212493636825,2.0679812676230503e-10,8.619681012594435e-11,0.4889038115669977,0.0
IC1504,Sb HII,ShellFlow,76.72734662198727,6.308054295418246,1.872892823705646e-10,8.219827661232068e-11,0.4794517037302646,0.0
IC1504,Sb HII,ShellFlow,76.72734662198727,7.506402369551576,1.622881608145369e-10,1.0175403498898023e-10,0.34097921526188013,0.0
IC1504,Sb HII,ShellFlow,76.72734662198727,8.634035415606139,1.4177127108016637e-10,4.895015111564726e-11,0.5692581305965667,0.0
IC1504,Sb HII,ShellFlow,76.72734662198727,9.761668461660701,1.238643514372683e-10,5.5744956160680446e-11,0.37857176098456846,0.0
IC1504,Sb HII,ShellFlow,76.72734662198727,10.960016535794031,1.1400193628068998e-10,8.539912405610975e-11,0.2484196319002331,0.0
IC1504,Sb HII,ShellFlow,76.72734662198727,12.087649581848593,1.160410013094636e-10,8.010569794399212e-11,0.22503035845227176,0.0
IC1504,Sb HII,ShellFlow,76.72734662198727,13.215282627903157,1.133530309033832e-10,7.579953405727629e-11,0.18977486461959642,0.0
IC1504,Sb HII,ShellFlow,76.72734662198727,14.413630702036484,1.016203042975113e-10,6.431767423392058e-11,0.16834431413939813,0.0
IC1504,Sb HII,ShellFlow,76.72734662198727,15.541263748091048,9.894033569996831e-11,2.2965194374707722e-11,0.5708228476707875,0.0
IC1504,Sb HII,ShellFlow,76.72734662198727,16.66889679414561,9.418428763557882e-11,3.7170168062637366e-11,0.2884890971593427,0.0
IC1504,Sb HII,ShellFlow,76.72734662198727,17.80494035110174,8.237147729012834e-11,4.4591757051792936e-11,0.1542102522872219,0.0
IC1504,Sb HII,ShellFlow,76.72734662198727,18.973855915060724,7.647044796905907e-11,2.3719306385523347e-11,0.36830263134113833,0.0
IC1504,Sb HII,ShellFlow,76.72734662198727,20.111045970959687,8.017056277193381e-11,2.9484360428518235e-11,0.19191395605166253,0.0
IC1504,Sb HII,ShellFlow,76.72734662198727,21.040865169563425,9.042224904182991e-11,3.1626752782701344e-11,0.10801457147430506,0.0
IC1504,Sb HII,ShellFlow,76.72734662198727,22.63484093859841,6.709092891254922e-11,2.105544037454237e-11,0.23055175423490315,0.0
IC1504,Sb HII,ShellFlow,76.72734662198727,23.03333488085715,7.214855163294677e-11,2.1057607154090075e-11,0.1868066454603595,0.0
IC1839,Sbc,Courteau97,67.95629713361166,0.4458323758272126,3.0420906036674555e-10,1.5816536094160587e-11,0.7028454931371666,0.0
IC1839,Sbc,Courteau97,67.95629713361166,1.0402755435968294,3.209969919122094e-10,3.194695043517448e-11,0.6499210654188075,0.0
IC1839,Sbc,Courteau97,67.95629713361166,1.6842556420139143,2.258990226491411e-10,4.436781572861169e-11,0.5821207235431151,0.0
IC1839,Sbc,Courteau97,67.95629713361166,2.229161879136063,1.7839703746794415e-10,5.011878876458357e-11,0.5472961677955599,0.0
IC1839,Sbc,Courteau97,67.95629713361166,2.82360504690568,2.5532856788206425e-10,5.442718082498068e-11,0.5288871768794668,0.0
IC1839,Sbc,Courteau97,67.95629713361166,3.4180482146752964,2.346400151760308e-10,5.71407867032332e-11,0.49253328161374277,0.0
IC1839,Sbc,Courteau97,67.95629713361166,4.22054649116428,1.1601075462600767e-10,4.923872246261985e-11,0.5197451227121513,0.0
IC1839,Sbc,Courteau97,67.95629713361166,4.904156134099338,1.394437632210767e-10,5.506221293421184e-11,0.41501101579173316,0.0
IC1839,Sbc,Courteau97,67.95629713361166,5.498599301868955,1.60760192495405e-10,5.647552162147159e-11,0.41277348404200426,0.0
IC1839,Sbc,Courteau97,67.95629713361166,6.093042469638572,1.3633696709884602e-10,5.396853501110221e-11,0.4051684295171742,0.0
IC1839,Sbc,Courteau97,67.95629713361166,6.687485637408189,1.7797509505374739e-10,5.5903505276194924e-11,0.3556755663449481,0.0
IC1839,Sbc,Courteau97,67.95629713361166,7.281928805177806,1.6971724411956218e-10,6.004462053163264e-11,0.2823003302748353,0.0
IC1839,Sbc,Courteau97,67.95629713361166,7.876371972947423,1.5742806587141545e-10,5.417683806076507e-11,0.2335353039921828,0.0
IC1839,Sbc,Courteau97,67.95629713361166,8.47081514071704,1.1204611135482915e-10,3.335043495411123e-11,0.4201860998374668,0.0
IC1839,Sbc,Courteau97,67.95629713361166,12.631917315104356,5.082823715051478e-11,2.754166425697189e-11,0.19094522613329185,0.0
IC2219,Sc,Courteau97,63.52576331240456,0.2890458163042688,5.4963833492126626e-11,3.0492873726294234e-11,0.6207017818165493,0.0
IC2219,Sc,Courteau97,63.52576331240456,0.823705694131336,2.211461773946347e-10,7.749907391275226e-11,0.5841633036127842,0.0
IC2219,Sc,Courteau97,63.52576331240456,1.294394662206385,2.6194780835288377e-10,1.0269421005030987e-10,0.5469246019351642,0.0
IC2219,Sc,Courteau97,63.52576331240456,1.8290545400334524,1.966481029187371e-10,1.0910290227499039e-10,0.5374216752833137,0.0
IC2219,Sc,Courteau97,63.52576331240456,2.4071461726419896,2.586267361355177e-10,1.1468520087686937e-10,0.5004880807017233,0.0
IC2219,Sc,Courteau97,63.52576331240456,2.941806050469057,2.051412192624726e-10,1.2425334476217373e-10,0.45471066504922697,0.0
IC2219,Sc,Courteau97,63.52576331240456,3.412495018544106,2.016955358322576e-10,1.1208573094658027e-10,0.4626600666190324,0.0
IC2219,Sc,Courteau97,63.52576331240456,3.947154896371174,2.0439528703832763e-10,1.26581284589663e-10,0.3960323042547503,0.0
IC2219,Sc,Courteau97,63.52576331240456,4.525246528979711,1.8710739882287857e-10,1.0008375456372876e-10,0.44411160157456997,0.0
IC2219,Sc,Courteau97,63.52576331240456,5.059906406806778,1.822942595112513e-10,9.280799301835847e-11,0.40153352142010906,0.0
IC2219,Sc,Courteau97,63.52576331240456,5.530595374881827,1.6964357446082858e-10,8.106272719422276e-11,0.44293994451616764,0.0
IC2219,Sc,Courteau97,63.52576331240456,6.065255252708894,1.651536272485095e-10,7.537146169034998e-11,0.4462918336259794,0.0
IC2219,Sc,Courteau97,63.52576331240456,6.643346885317432,1.50617325984653e-10,7.2385627860928e-11,0.4309460381736999,0.0
IC2219,Sc,Courteau97,63.52576331240456,7.1780067631444995,1.7167417453151788e-10,8.26341172897827e-11,0.33908248758483733,0.0
IC2219,Sc,Courteau97,63.52576331240456,7.615533553923352,1.2524560729593318e-10,1.0019622202610841e-10,0.19979535345873092,0.0
IC2219,Sc,Courteau97,63.52576331240456,8.203894764017164,1.0198838524487324e-10,6.931525766760562e-11,0.2478456707934228,0.0
IC2219,Sc,Courteau97,63.52576331240456,8.792255974110974,1.7164220093023144e-10,6.053289529285957e-11,0.32100744168431894,0.0
IC2219,Sc,Courteau97,63.52576331240456,9.262944942186024,1.504311852396745e-10,7.693400014859758e-11,0.17144006116408364,0.0
IC2219,Sc,Courteau97,63.52576331240456,9.733633910261073,1.0597546483546816e-10,4.95065708727686e-11,0.32502991984982355,0.0
IC2219,Sc,Courteau97,63.52576331240456,10.204322878336122,9.649261530932132e-11,6.546300157136771e-11,0.15894415588168803,0.0
IC2219,Sc,Courteau97,63.52576331240456,10.557339604392409,9.101730345123947e-11,4.9285622276350365e-11,0.2522025682557815,0.0
IC2387,Scd:,Courteau97,66.12099237927983,0.42719306717087235,8.77293470223834e-11,1.581179614998884e-11,0.7834952351440664,0.0
IC2387,Scd:,Courteau97,66.12099237927983,1.2258583666642424,1.1175857162162965e-10,4.091337339738471e-11,0.7122189283125234,0.0
IC2387,Scd:,Courteau97,66.12099237927983,2.10147148571013,1.1697127245509928e-10,6.095090961263671e-11,0.6531543276403436,0.0
IC2387,Scd:,Courteau97,66.12099237927983,2.9770846047560173,1.520745731779856e-10,7.711561532326577e-11,0.5798847161955604,0.0
IC2387,Scd:,Courteau97,66.12099237927983,3.7757499042493876,1.7627017459446024e-10,7.045442751292337e-11,0.6058876516469888,0.0
IC2387,Scd:,Courteau97,66.12099237927983,4.57043514411073,1.3321500150841822e-10,7.299802273478955e-11,0.576842012418284,0.0
IC2387,Scd:,Courteau97,66.12099237927983,5.498673496068972,1.0472641685210808e-10,7.243735922602313e-11,0.5451973372647513,0.0
IC2387,Scd:,Courteau97,66.12099237927983,6.409222694107094,1.103343682494542e-10,9.47583374391432e-11,0.39703145992934097,0.0
IC2387,Scd:,Courteau97,66.12099237927983,7.180027576176277,9.986781671548685e-11,8.377648074700983e-11,0.4321890619938246,0.0
IC2387,Scd:,Courteau97,66.12099237927983,7.9786928756696485,7.335835856957603e-11,6.906357952834513e-11,0.4745329273871839,0.0
IC2387,Scd:,Courteau97,66.12099237927983,8.833079010011392,1.0263490466121119e-10,5.814841089422817e-11,0.5046958670163143,0.0
IC2387,Scd:,Courteau97,66.12099237927983,9.631744309504763,1.1079067300724829e-10,6.599889706093967e-11,0.42277557940517385,0.0
IC2387,Scd:,Courteau97,66.12099237927983,10.444207149055824,8.056549115651305e-11,8.195325673426991e-11,0.3016722004144785,0.0
IC2387,Scd:,Courteau97,66.12099237927983,11.382970547596535,6.179657341924966e-11,8.990144088342101e-11,0.21949021558915557,0.0
IC2387,Scd:,Courteau97,66.12099237927983,12.181635847089908,1.0572700478176283e-10,3.7744485296767674e-11,0.4945306751927761,0.0
IC2387,Scd:,Courteau97,66.12099237927983,13.03602198143165,9.974025127637183e-11,4.829723230592154e-11,0.36636003052466776,0.0
IC2387,Scd:,Courteau97,66.12099237927983,13.83468728092502,9.349072996015621e-11,6.664858494124664e-11,0.17903042732749067,0.0
IC2387,Scd:,Courteau97,66.12099237927983,14.71030039997091,8.404825876094062e-11,3.161993487233114e-11,0.4382053168022682,0.0
IC2387,Scd:,Courteau97,66.12099237927983,15.620407369161029,9.806211892784426e-11,4.143914007730611e-11,0.25500507504517,0.0
IC2387,Scd:,Courteau97,66.12099237927983,16.32089786439774,6.732341913778951e-11,3.9336637823666905e-11,0.14197311908657345,0.0
IC2387,Scd:,Courteau97,66.12099237927983,16.84626573582527,4.3743627176510225e-11,4.331652571862533e-11,0.1753273852911582,0.0
IC2674,Scd:,Courteau97,54.40844718583863,0.16904987386775905,2.1720768663707998e-11,1.798241764364392e-12,0.6399211208175496,0.0
IC2674,Scd:,Courteau97,54.40844718583863,0.6068142680532324,9.776238362179237e-11,6.039632054980749e-12,0.6932124638871223,0.0
IC2674,Scd:,Courteau97,54.40844718583863,1.0922656824958183,7.990966503064111e-11,9.697443825367801e-12,0.6293311201071062,0.0
IC2674,Scd:,Courteau97,54.40844718583863,1.5777170969384042,5.169619350107192e-11,1.2465283108747153e-11,0.590143465163794,0.0
IC2674,Scd:,Courteau97,54.40844718583863,2.06316851138099,6.337664058080212e-11,1.4216853792164068e-11,0.5446689036414994,0.0
IC2674,Scd:,Courteau97,54.40844718583863,2.548619925823576,4.598961761101149e-11,1.5251830469933977e-11,0.5144345881959379,0.0
IC2674,Scd:,Courteau97,54.40844718583863,3.034071340266162,6.783544849228703e-11,1.539563737698489e-11,0.48900327442895725,0.0
IC2674,Scd:,Courteau97,54.40844718583863,3.5195227547087473,6.068256802010978e-11,1.3637832945267905e-11,0.5016636155624823,0.0
IC2674,Scd:,Courteau97,54.40844718583863,3.9572871488942205,3.7149286069104036e-11,1.3868603067786725e-11,0.4441667561179435,0.0
IC2674,Scd:,Courteau97,54.40844718583863,4.468727376433228,4.605383116385514e-11,1.4444877933382045e-11,0.4503956901826492,0.0
IC2674,Scd:,Courteau97,54.40844718583863,4.832815937265168,4.482426734282361e-11,1.364256922401053e-11,0.43436193019743874,0.0
IC2674,Scd:,Courteau97,54.40844718583863,5.097239851647152,3.161739737719436e-11,1.1467008678154511e-11,0.5106266522516966,0.0
IC2674,Scd:,Courteau97,54.40844718583863,5.560993058929046,1.9995174673470303e-11,1.1857544996485015e-11,0.4735872747992874,0.0
IC2674,Scd:,Courteau97,54.40844718583863,8.716427252805856,4.9441356753697144e-11,1.1098137388122656e-11,0.3385822606057881,0.0
IC2674,Scd:,Courteau97,54.40844718583863,8.959152960027147,3.7474935957160284e-11,8.911365500751836e-12,0.41112467135449793,0.0
IC2674,Scd:,Courteau97,54.40844718583863,9.20187866724844,3.650026417026667e-11,7.28988087884643e-12,0.47067926848942016,0.0
IC2822,SBbc,Mathewson96,64.77425331746066,0.09652686640971565,1.9243341807168392e-11,2.2019805678600195e-12,0.0,0.0
IC2822,SBbc,Mathewson96,64.77425331746066,0.46501994036797323,1.0767944683250066e-11,9.613579360109623e-12,0.6386384960339738,0.0
IC2822,SBbc,Mathewson96,64.77425331746066,0.9300398807359466,3.7106308337601165e-12,1.7763046662345565e-11,0.5611012020427903,0.0
IC2822,SBbc,Mathewson96,64.77425331746066,1.2985329546942042,5.9118606541053065e-12,2.202662176528526e-11,0.4923908313668538,0.0
IC2822,SBbc,Mathewson96,64.77425331746066,1.4915866875136354,1.1134578423584979e-11,2.323009407429486e-11,0.4981055873420115,0.0
IC2822,SBbc,Mathewson96,64.77425331746066,1.860079761471893,2.1415366281628874e-11,2.4186765454169638e-11,0.4659466522753604,0.0
IC2822,SBbc,Mathewson96,64.77425331746066,2.2285728354301506,3.219733091833331e-11,2.444214491692641e-11,0.4545094111892584,0.0
IC2822,SBbc,Mathewson96,64.77425331746066,2.557609672023853,5.146610271277787e-11,2.4493790312047777e-11,0.4312646886624333,0.0
IC2822,SBbc,Mathewson96,64.77425331746066,2.8866465086175555,3.196670973704831e-11,2.406187940021296e-11,0.4281272235562316,0.0
IC2822,SBbc,Mathewson96,64.77425331746066,3.2551395825758127,3.925966902743972e-11,2.1734963164067527e-11,0.43711574546760923,0.0
IC2822,SBbc,Mathewson96,64.77425331746066,3.6236326565340704,4.3141590702658465e-11,1.9848017841544233e-11,0.44123019458831186,0.0
IC2822,SBbc,Mathewson96,64.77425331746066,3.9526694931277726,3.326160253819628e-11,1.861675741260719e-11,0.4494256810238074,0.0
IC2822,SBbc,Mathewson96,64.77425331746066,4.281706329721476,5.887462182016192e-11,1.8643382245996984e-11,0.4392344459402687,0.0
IC2822,SBbc,Mathewson96,64.77425331746066,4.650199403679732,4.623969486224038e-11,1.880960644282583e-11,0.4082298334113524,0.0
IC2822,SBbc,Mathewson96,64.77425331746066,5.01869247763799,2.5248855507881615e-11,1.9237791505904636e-11,0.36815200260458925,0.0
IC2822,SBbc,Mathewson96,64.77425331746066,5.347729314231692,4.6814021636230846e-11,1.5266266387254144e-11,0.4217139465016488,0.0
IC2822,SBbc,Mathewson96,64.77425331746066,5.676766150825395,4.276954681478034e-11,1.692371528400581e-11,0.39026732650035123,0.0
IC2822,SBbc,Mathewson96,64.77425331746066,6.045259224783653,5.507175409549127e-11,1.751886240787853e-11,0.3189703501895616,0.0
IC2822,SBbc,Mathewson96,64.77425331746066,6.41375229874191,3.8483275536337165e-11,1.3271034831637325e-11,0.42908036595870463,0.0
IC2822,SBbc,Mathewson96,64.77425331746066,6.606806031561341,3.862980822179942e-11,1.5656118864617982e-11,0.32424297711371713,0.0
IC2822,SBbc,Mathewson96,64.77425331746066,6.878772239109884,3.853732573560652e-11,1.4275966598332161e-11,0.3726455891103194,0.0
IC3107,Sbc(s)I-II,Mathewson96,57.578205841139166,0.522166504254236,4.922150440423276e-10,6.7829327429622e-11,0.7009581022124793,0.0
IC3107,Sbc(s)I-II,Mathewson96,57.578205841139166,1.5664995127627082,5.496546392565793e-10,1.773852256249623e-10,0.5806231357581318,0.0
IC3107,Sbc(s)I-II,Mathewson96,57.578205841139166,2.6108325212711803,4.525548982264755e-10,2.209003248046451e-10,0.476114930388541,0.0
IC3107,Sbc(s)I-II,Mathewson96,57.578205841139166,3.655165529779652,4.00803764406847e-10,2.365169367368568e-10,0.41800250592015975,0.0
IC3107,Sbc(s)I-II,Mathewson96,57.578205841139166,4.5143667776888945,3.483574348714179e-10,2.007147675607322e-10,0.4227243241028926,0.0
IC3107,Sbc(s)I-II,Mathewson96,57.578205841139166,5.22166504254236,2.991912466850292e-10,2.0825954796332706e-10,0.32456164288672146,0.0
IC3107,Sbc(s)I-II,Mathewson96,57.578205841139166,6.265998051050832,2.6992078474265425e-10,1.6806146006488534e-10,0.29553362792822335,0.0
IC3107,Sbc(s)I-II,Mathewson96,57.578205841139166,7.310331059559304,2.4875333784121735e-10,1.2259098045632864e-10,0.42312127717333703,0.0
IC3107,Sbc(s)I-II,Mathewson96,57.578205841139166,8.01762932441277,1.8289783004898066e-10,1.11311604188493e-10,0.41203978926073864,0.0
IC3107,Sbc(s)I-II,Mathewson96,57.578205841139166,9.398997076576247,2.3543333512415924e-10,1.388280622111102e-10,0.23071154806618088,0.0
IC3107,Sbc(s)I-II,Mathewson96,57.578205841139166,10.106295341429714,2.0241470339760177e-10,1.1003523103225895e-10,0.23117483195943359,0.0
IC3107,Sbc(s)I-II,Mathewson96,57.578205841139166,10.965496589338954,1.7072924561049924e-10,6.618936088612301e-11,0.4347704829109318,0.0
IC3107,Sbc(s)I-II,Mathewson96,57.578205841139166,12.009829597847428,9.630097839434281e-11,5.708715377992131e-11,0.44907086132006324,0.0
IC3107,Sbc(s)I-II,Mathewson96,57.578205841139166,13.054162606355899,9.539411509070185e-11,5.670541984268278e-11,0.40224670131124535,0.0
IC3107,Sbc(s)I-II,Mathewson96,57.578205841139166,14.098495614864373,1.0966464665513093e-10,6.139211034823633e-11,0.2960645399499258,0.0
IC3107,Sbc(s)I-II,Mathewson96,57.578205841139166,15.142828623372843,1.1018108195825252e-10,7.166059889937816e-11,0.199002001890538,0.0
IC3107,Sbc(s)I-II,Mathewson96,57.578205841139166,16.187161631881317,8.669514191857351e-11,4.627078326419965e-11,0.2871361315984775,0.0
IC3107,Sbc(s)I-II,Mathewson96,57.578205841139166,17.23149464038979,1.0704681215658214e-10,4.5579051396035706e-11,0.28125144540771063,0.0
IC3107,Sbc(s)I-II,Mathewson96,57.578205841139166,18.275827648898257,1.062983662783283e-10,5.620579546995889e-11,0.15499343541806473,0.0
IC3107,Sbc(s)I-II,Mathewson96,57.578205841139166,19.50529241800596,8.871366328300033e-11,3.3139566671515234e-11,0.32985562706951227,0.0
IC3122,Sb,Courteau97,59.682462022868,0.4167940077085303,4.687363757931374e-11,2.5519048640528673e-11,0.6435362225537844,0.0
IC3122,Sb,Courteau97,59.682462022868,1.9888231236516132,1.5858011593771728e-10,7.402521212515898e-11,0.5117232142620901,0.0
IC3122,Sb,Courteau97,59.682462022868,2.7040248007175234,1.9061561800097328e-10,7.461412651227903e-11,0.4823499437159539,0.0
IC3122,Sb,Courteau97,59.682462022868,3.4732833975710857,1.5559734117522965e-10,7.063188854279687e-11,0.456387349898006,0.0
IC3122,Sb,Courteau97,59.682462022868,4.242541994424648,1.9735099502115135e-10,6.742970590502468e-11,0.44828581250503635,0.0
IC3122,Sb,Courteau97,59.682462022868,4.926926175163018,1.4390089330638494e-10,5.1615353117030235e-11,0.4868370922139149,0.0
IC3122,Sb,Courteau97,59.682462022868,5.69618477201658,1.3152793588203578e-10,6.794070487343731e-11,0.37866348177307246,0.0
IC3122,Sb,Courteau97,59.682462022868,6.465443368870143,7.808248171846528e-11,4.829277270439037e-11,0.45022529715538645,0.0
IC3122,Sb,Courteau97,59.682462022868,7.180645045936053,6.600138436738983e-11,4.0364922906116734e-11,0.4617815255662527,0.0
IC3122,Sb,Courteau97,59.682462022868,7.780154810559232,9.864299051544328e-11,3.8143632523115094e-11,0.4584619130197389,0.0
IC3122,Sb,Courteau97,59.682462022868,8.79645858289094,9.778723610523416e-11,3.3058604213283896e-11,0.4083427749914822,0.0
IC3122,Sb,Courteau97,59.682462022868,9.491115262405158,5.3302959717956196e-11,2.6188457549822898e-11,0.5189276047075359,0.0
IC3122,Sb,Courteau97,59.682462022868,9.907909270113688,5.815197855683253e-11,4.8613720962481165e-11,0.2490530480584397,0.0
IC3122,Sb,Courteau97,59.682462022868,12.686535988170558,1.1286261474827161e-10,1.7812724234874384e-11,0.5298019106642808,0.0
IC3122,Sb,Courteau97,59.682462022868,13.24226133178193,1.0670094147877274e-10,3.593221481117104e-11,0.21405316729276222,0.0
IC3122,Sb,Courteau97,59.682462022868,14.075849347198991,7.790753423655422e-11,1.4758663776183968e-11,0.5445454880142766,0.0
IC3122,Sb,Courteau97,59.682462022868,14.770506026713209,5.714415525576973e-11,2.8428145191674997e-11,0.21300625862045333,0.0
IC3122,Sb,Courteau97,59.682462022868,15.187300034421739,3.801203012356144e-11,2.041150043583903e-11,0.34134063763878825,0.0
IC3258,IB(s)m pec:;WR HII,SHIVir,42.28009564765724,0.15067995054905098,4.0450573863470055e-11,7.076729429331784e-12,0.0,0.0
IC3258,IB(s)m pec:;WR HII,SHIVir,42.28009564765724,0.452039851647153,5.999591850000338e-11,1.6133589040035762e-11,0.3018442659228084,0.0
IC3258,IB(s)m pec:;WR HII,SHIVir,42.28009564765724,0.7533997527452548,5.131083354080157e-11,1.8901290425915813e-11,0.3011513932964048,0.0
IC3258,IB(s)m pec:;WR HII,SHIVir,42.28009564765724,1.049019465251012,5.68102579928089e-11,1.8371630801952422e-11,0.31959949193547854,0.0
IC3258,IB(s)m pec:;WR HII,SHIVir,42.28009564765724,1.2743218675005454,3.902546275799696e-11,1.7580787445093807e-11,0.3154636914548137,0.0
IC3298,SB?,SHIVir,75.93203059283847,0.14078976074467311,1.9847045041856394e-11,3.3477651681374467e-12,0.013319203393586136,0.0
IC3298,SB?,SHIVir,75.93203059283847,0.45258930663628505,9.902740119146199e-11,9.594950147505768e-12,0.3647506417819985,0.0
IC3298,SB?,SHIVir,75.93203059283847,0.756922728852043,1.3081781599562365e-10,1.3359009028871302e-11,0.31424075369792526,0.0
IC3298,SB?,SHIVir,75.93203059283847,1.057345324380449,1.3405990639303462e-10,1.422982273168687e-11,0.2961666754834135,0.0
IC3298,SB?,SHIVir,75.93203059283847,1.3439022616536977,1.3735517439290683e-10,1.4323394467547133e-11,0.25279351142742684,0.0
IC3298,SB?,SHIVir,75.93203059283847,1.6462802705257797,1.2696170715981445e-10,1.3952978060147754e-11,0.20659974104306117,0.0
IC3298,SB?,SHIVir,75.93203059283847,1.9332993964075338,9.600854210070005e-11,1.3151984630816613e-11,0.1868831279083676,0.0
IC3298,SB?,SHIVir,75.93203059283847,2.2366373354665114,7.848219680604082e-11,1.1727991734553092e-11,0.14446143040647955,0.0
IC3365,Im HII,SHIVir,67.56868185999564,0.14823649189149882,1.5007373126926655e-11,2.0937721917067832e-12,0.2318349541782138,0.0
IC3365,Im HII,SHIVir,67.56868185999564,0.4617684370429626,2.280030824486374e-11,5.341382158045304e-12,0.5178324218086476,0.0
IC3365,Im HII,SHIVir,67.56868185999564,0.7782415824303688,2.228364756088134e-11,6.971458277767966e-12,0.5098455582359328,0.0
IC3365,Im HII,SHIVir,67.56868185999564,1.0747145662133664,3.9328787943023476e-11,8.479770165642662e-12,0.4922841549868387,0.0
IC3365,Im HII,SHIVir,67.56868185999564,1.371187549996364,3.8423102455471187e-11,9.33694517680968e-12,0.44925072040304426,0.0
IC3365,Im HII,SHIVir,67.56868185999564,1.652534361137372,3.4151299456727446e-11,1.0224723595312601e-11,0.40835706988049486,0.0
IC3365,Im HII,SHIVir,67.56868185999564,1.9595956657697624,3.3023805202391126e-11,1.0645907545532362e-11,0.38644416801582265,0.0
IC3365,Im HII,SHIVir,67.56868185999564,2.2860184713839,3.138371617137696e-11,1.0895382746577398e-11,0.3484821809881496,0.0
IC3365,Im HII,SHIVir,67.56868185999564,2.5570794851283547,2.7235020378171804e-11,1.079047234224083e-11,0.3260246348163871,0.0
IC3365,Im HII,SHIVir,67.56868185999564,2.853552468911352,2.3028446010371935e-11,1.0045131636776932e-11,0.3216191417764341,0.0
IC3365,Im HII,SHIVir,67.56868185999564,3.1651516253363394,2.8803398881889382e-11,9.25136893327329e-12,0.3160244235732554,0.0
IC3365,Im HII,SHIVir,67.56868185999564,3.446498436477347,2.175392671883337e-11,8.77151308044652e-12,0.3084832500580754,0.0
IC3365,Im HII,SHIVir,67.56868185999564,3.700618136862774,2.7515787974317387e-11,8.483165318108523e-12,0.2875998909483035,0.0
IC3365,Im HII,SHIVir,67.56868185999564,5.553574285506509,3.1819576701706555e-11,5.765920199160761e-12,0.20420096102258092,0.0
IC3365,Im HII,SHIVir,67.56868185999564,5.775929023343757,2.5227974802483264e-11,5.3243630667582154e-12,0.18392583816913943,0.0
IC3392,SAb: HII,SHIVir,67.28177743099941,0.16798778270671222,1.2305186837128084e-10,4.568922038531416e-11,0.004176737938678654,0.0
IC3392,SAb: HII,SHIVir,67.28177743099941,0.4367682350374518,2.0035769868110002e-10,9.195852730852234e-11,0.2811465425975909,0.0
IC3392,SAb: HII,SHIVir,67.28177743099941,0.7391462439095339,1.6502832257771227e-10,1.0464576269382107e-10,0.3312839916985875,0.0
IC3392,SAb: HII,SHIVir,67.28177743099941,1.0415242527816158,1.5603929598764895e-10,1.0327971594413819e-10,0.3083196457639641,0.0
IC3392,SAb: HII,SHIVir,67.28177743099941,1.343902261653698,1.8228128749764596e-10,9.950112133036482e-11,0.31524832694709004,0.0
IC3392,SAb: HII,SHIVir,67.28177743099941,1.64628027052578,1.6428530699710742e-10,1.0221442004074182e-10,0.2599336726325471,0.0
IC3392,SAb: HII,SHIVir,67.28177743099941,1.948658279397862,1.4438610351399994e-10,9.750667527668202e-11,0.2539416011845627,0.0
IC3517,Sdm:,SHIVir,59.638614005497686,0.1702276198094684,3.2439900588432375e-12,2.6880366006174956e-12,0.2885427981495969,0.0
IC3517,Sdm:,SHIVir,59.638614005497686,0.4681259544760381,1.189096288377922e-11,6.220770134734048e-12,0.46242771319590653,0.0
IC3517,Sdm:,SHIVir,59.638614005497686,0.7660242891426078,2.061675129232701e-11,8.505769772682091e-12,0.43053238736794247,0.0
IC3517,Sdm:,SHIVir,59.638614005497686,1.0639226238091775,1.6623844440274748e-11,9.959265642397997e-12,0.37647303739628835,0.0
IC3517,Sdm:,SHIVir,59.638614005497686,1.3618209584757472,1.9070206539095685e-11,1.1046907324826598e-11,0.33630362320350343,0.0
IC3517,Sdm:,SHIVir,59.638614005497686,1.6536397352919787,2.4634213197544914e-11,1.1496422412482437e-11,0.2934627989286753,0.0
IC3517,Sdm:,SHIVir,59.638614005497686,1.9576176278088866,1.0162692621647765e-11,1.072903255406343e-11,0.2757851183313126,0.0
IC3517,Sdm:,SHIVir,59.638614005497686,2.255515962475456,1.4938444371228573e-11,9.961512006429146e-12,0.25736983932601293,0.0
IC3517,Sdm:,SHIVir,59.638614005497686,2.553414297142026,2.6588243879062914e-11,9.421909738424034e-12,0.20497401717492242,0.0
IC3517,Sdm:,SHIVir,59.638614005497686,2.8513126318085957,2.8446507622260648e-11,8.820815814238942e-12,0.19335637196212702,0.0
IC3517,Sdm:,SHIVir,59.638614005497686,3.064097156570431,2.906038200272615e-11,8.145210922211911e-12,0.18285712748201272,0.0
IC3576,Sm HII,SHIVir,52.18069115443096,0.15312340920660317,7.96470044412154e-12,2.3964694325035616e-12,0.3619097663694091,0.0
IC3576,Sm HII,SHIVir,52.18069115443096,0.44470947567449637,4.939433801182216e-12,6.055634011870954e-12,0.5077595771491262,0.0
IC3576,Sm HII,SHIVir,52.18069115443096,0.7362955421423896,3.773080395501839e-12,8.668006010427555e-12,0.49611682131833434,0.0
IC3576,Sm HII,SHIVir,52.18069115443096,1.0343974983637554,5.882045860388162e-12,1.0473979445619208e-11,0.44561420162771137,0.0
IC3576,Sm HII,SHIVir,52.18069115443096,1.358563013599011,8.12188487964736e-12,1.1078570937272294e-11,0.42701031688980645,0.0
IC3576,Sm HII,SHIVir,52.18069115443096,1.632230383244855,8.57838713856439e-12,1.1303971818283468e-11,0.41248174802933346,0.0
IC3704,Sbc,Mathewson96,77.6982592408342,0.6066230819576759,5.0225822078288046e-11,1.7840763637343535e-11,0.7927407782582097,0.0
IC3704,Sbc,Mathewson96,77.6982592408342,1.8198692458730275,1.0296693813627427e-10,4.9069841341876904e-11,0.6973955877109166,0.0
IC3704,Sbc,Mathewson96,77.6982592408342,3.0331154097883792,1.2070925687695215e-10,6.197878862303147e-11,0.6152032783243084,0.0
IC3704,Sbc,Mathewson96,77.6982592408342,4.246361573703731,1.5101281353569322e-10,7.802474624060552e-11,0.5672685629893004,0.0
IC3704,Sbc,Mathewson96,77.6982592408342,5.459607737619082,1.6285878045265697e-10,7.596967294575573e-11,0.4841141967398257,0.0
IC3704,Sbc,Mathewson96,77.6982592408342,6.672853901534435,1.4261746587396801e-10,9.140397616969077e-11,0.40602701693022747,0.0
IC3704,Sbc,Mathewson96,77.6982592408342,7.886100065449787,1.3889143431145236e-10,5.154522765981723e-11,0.580020750436866,0.0
IC3704,Sbc,Mathewson96,77.6982592408342,9.099346229365139,9.91700588484838e-11,8.475535875511282e-11,0.3367261603296987,0.0
IC3704,Sbc,Mathewson96,77.6982592408342,10.31259239328049,9.840651642174767e-11,5.040298948810887e-11,0.4955279682308966,0.0
IC3704,Sbc,Mathewson96,77.6982592408342,11.525838557195842,9.023909018902655e-11,3.826222301818175e-11,0.540009955580802,0.0
IC3704,Sbc,Mathewson96,77.6982592408342,12.73908472111119,9.673663499059737e-11,3.167855430891852e-11,0.552861448855004,0.0
IC3704,Sbc,Mathewson96,77.6982592408342,13.952330885026544,8.499124668752682e-11,3.020016315182373e-11,0.5366878485466979,0.0
IC3704,Sbc,Mathewson96,77.6982592408342,15.165577048941895,8.68308576748785e-11,3.3169959921180295e-11,0.42266705776853747,0.0
IC3704,Sbc,Mathewson96,77.6982592408342,16.253822092938695,7.877103806376065e-11,4.1632999908573196e-11,0.28377738555022775,0.0
IC3704,Sbc,Mathewson96,77.6982592408342,16.985446294814924,6.940098710734524e-11,2.2941936964176734e-11,0.512376089282762,0.0
IC3704,Sbc,Mathewson96,77.6982592408342,18.198692458730275,7.189204996953472e-11,2.9742281617775734e-11,0.3517967811788863,0.0
IC3704,Sbc,Mathewson96,77.6982592408342,19.41193862264563,6.709883224402891e-11,3.505404180593046e-11,0.22156766352029292,0.0
IC3704,Sbc,Mathewson96,77.6982592408342,20.62518478656098,6.501406989356926e-11,1.832979822231804e-11,0.4800362352403036,0.0
IC3704,Sbc,Mathewson96,77.6982592408342,22.320052912515457,5.650436542271706e-11,2.0000461509024628e-11,0.3851009132017007,0.0
IC3704,Sbc,Mathewson96,77.6982592408342,23.533299076430804,5.365078025630948e-11,2.5738794211218396e-11,0.20212031877031297,0.0
IC3742,SBc(s) HII,SHIVir,65.0895581741518,0.18977528906988583,3.750990270036105e-12,3.0737435202212356e-12,0.5841065487704141,0.0
IC3742,SBc(s) HII,SHIVir,65.0895581741518,0.5941773931592854,1.4513413269859834e-11,8.353906636457702e-12,0.6410785785028529,0.0
IC3742,SBc(s) HII,SHIVir,65.0895581741518,0.9963202676169006,2.2585008581812616e-11,1.2433029232374681e-11,0.577948478863698,0.0
IC3742,SBc(s) HII,SHIVir,65.0895581741518,1.398463142074516,2.3546134760697153e-11,1.533024276861483e-11,0.5520368815902242,0.0
IC3742,SBc(s) HII,SHIVir,65.0895581741518,1.8028652461639154,3.649462895139338e-11,1.8313327119166574e-11,0.49525846174118926,0.0
IC3742,SBc(s) HII,SHIVir,65.0895581741518,2.1824158243036873,4.494238450705242e-11,2.0653631934532106e-11,0.4337612102120453,0.0
IC3742,SBc(s) HII,SHIVir,65.0895581741518,2.561966402443459,5.1088957631235064e-11,2.104860292426438e-11,0.3924612657733263,0.0
IC3742,SBc(s) HII,SHIVir,65.0895581741518,2.9663685065328584,5.244678498345259e-11,2.092087526044353e-11,0.38298992638603385,0.0
IC3742,SBc(s) HII,SHIVir,65.0895581741518,3.3685113809904736,4.156468567035255e-11,1.8986257152041462e-11,0.3787356635988832,0.0
IC3742,SBc(s) HII,SHIVir,65.0895581741518,3.7706542554480884,5.227296841386937e-11,1.8653763356918307e-11,0.32481878324268243,0.0
IC3742,SBc(s) HII,SHIVir,65.0895581741518,4.188611737328195,5.0973784701749426e-11,1.8961412587444774e-11,0.24854413968708539,0.0
IC3742,SBc(s) HII,SHIVir,65.0895581741518,4.5681623154679665,4.979362454533922e-11,1.763375616097961e-11,0.25647284738819837,0.0
IC3742,SBc(s) HII,SHIVir,65.0895581741518,4.947712893607738,3.0755222115545487e-11,1.649949392180539e-11,0.25694703715944206,0.0
IC3742,SBc(s) HII,SHIVir,65.0895581741518,5.347596538433569,4.3723229290046974e-11,1.5920717259499213e-11,0.21921600138933117,0.0
IC3742,SBc(s) HII,SHIVir,65.0895581741518,7.841786051923497,2.499680949565444e-11,8.327239488557431e-12,0.18356423144958167,0.0
IC3742,SBc(s) HII,SHIVir,65.0895581741518,7.93667369645844,1.8570395536769786e-11,8.028491218711053e-12,0.19058272291403008,0.0
IC4483,Sb,Mathewson96,75.16738360769111,0.5296275616318813,8.925839185356959e-11,1.130489353493633e-11,0.7636695239241277,0.0
IC4483,Sb,Mathewson96,75.16738360769111,1.230982847792888,1.6350302651734647e-10,2.3358896859980214e-11,0.7075064279378142,0.0
IC4483,Sb,Mathewson96,75.16738360769111,2.118510246527525,2.433256113419761e-10,3.204048684101968e-11,0.6713565953218572,0.0
IC4483,Sb,Mathewson96,75.16738360769111,3.1777653697912878,1.9115380021058936e-10,3.5555320032138685e-11,0.6362285796323685,0.0
IC4483,Sb,Mathewson96,75.16738360769111,4.23702049305505,1.4609183048331136e-10,3.486855142169063e-11,0.6306084665110043,0.0
IC4483,Sb,Mathewson96,75.16738360769111,5.296275616318813,1.969126068404244e-10,5.2448051109997796e-11,0.45246507016078497,0.0
IC4483,Sb,Mathewson96,75.16738360769111,6.3555307395825755,1.966982917252359e-10,4.752456558389797e-11,0.4150778736326821,0.0
IC4483,Sb,Mathewson96,75.16738360769111,7.243058138317213,1.913691430658894e-10,5.185701003284376e-11,0.41815748701684524,0.0
IC4483,Sb,Mathewson96,75.16738360769111,7.944413424478219,1.8514891280516708e-10,5.357704191077312e-11,0.3711691928404764,0.0
IC4483,Sb,Mathewson96,75.16738360769111,9.003668547741983,1.5999531236454617e-10,3.226654547227936e-11,0.5111858755235381,0.0
IC4483,Sb,Mathewson96,75.16738360769111,9.705023833902988,1.4401828362906918e-10,4.4243621343696547e-11,0.3382654502231292,0.0
IC4483,Sb,Mathewson96,75.16738360769111,10.592551232637625,1.4429532374414275e-10,4.395980012419062e-11,0.28348170491118974,0.0
IC4483,Sb,Mathewson96,75.16738360769111,11.651806355901389,1.1104789440374084e-10,3.8734100797831094e-11,0.268444076798835,0.0
IC4483,Sb,Mathewson96,75.16738360769111,12.539333754636026,1.1085158963632102e-10,4.2271682546884686e-11,0.19047636315075267,0.0
IC4483,Sb,Mathewson96,75.16738360769111,14.657844001163552,5.683105361949161e-11,1.6680040633324995e-11,0.4765231526095481,0.0
IC4483,Sb,Mathewson96,75.16738360769111,15.717099124427316,8.679115203231575e-11,2.2714196172967412e-11,0.2722587710529518,0.0
IC4483,Sb,Mathewson96,75.16738360769111,16.776354247691078,1.0398482367904704e-10,2.796048491808668e-11,0.1486657923528746,0.0
IC4483,Sb,Mathewson96,75.16738360769111,17.83560937095484,6.358955721383231e-11,1.3086953499036114e-11,0.43348682228169566,0.0
IC4483,Sb,Mathewson96,75.16738360769111,18.894864494218602,8.468869624237541e-11,1.865057293958493e-11,0.18177192159884137,0.0
IC5253,S0/a,Mathewson96,68.43062494525373,0.42013168496836595,3.0408337680100674e-10,2.6242961668779588e-11,0.6652790726761219,0.0
IC5253,S0/a,Mathewson96,68.43062494525373,1.2603950549050977,1.7087727887541106e-10,6.759928481457295e-11,0.5813593925254206,0.0
IC5253,S0/a,Mathewson96,68.43062494525373,2.10065842484183,1.4434002781023888e-10,8.510587304017756e-11,0.4947300082325692,0.0
IC5253,S0/a,Mathewson96,68.43062494525373,2.9409217947785615,1.814473474921681e-10,9.276450684650439e-11,0.45716083772183036,0.0
IC5253,S0/a,Mathewson96,68.43062494525373,3.7811851647152936,1.7709642297324577e-10,9.096847431437477e-11,0.36087485668606356,0.0
IC5253,S0/a,Mathewson96,68.43062494525373,4.621448534652025,1.455755486136074e-10,9.00581589326577e-11,0.3148086695398294,0.0
IC5253,S0/a,Mathewson96,68.43062494525373,5.461711904588757,1.4938105505343874e-10,6.648935929371048e-11,0.36552255374005826,0.0
IC5253,S0/a,Mathewson96,68.43062494525373,6.301975274525489,1.5607727501294683e-10,7.227340377106503e-11,0.28813642006810136,0.0
IC5253,S0/a,Mathewson96,68.43062494525373,7.142238644462221,1.0891868706485673e-10,4.9570932440910684e-11,0.3727162658248094,0.0
IC5253,S0/a,Mathewson96,68.43062494525373,7.968073249460645,1.0469865705217546e-10,3.915143003934964e-11,0.39975738654813314,0.0
IC5282,Sd,Courteau97/Mathewson92,59.923421527855815,0.3117704702341994,1.5908617969867179e-10,9.446041907097274e-12,0.7396442468804655,0.0
IC5282,Sd,Courteau97/Mathewson92,59.923421527855815,1.00009522580176,2.181490492113512e-10,2.6844413107630136e-11,0.6797562889812121,0.0
IC5282,Sd,Courteau97/Mathewson92,59.923421527855815,1.632846016047318,1.1489578941681178e-10,3.464746829745184e-11,0.6435901699751927,0.0
IC5282,Sd,Courteau97/Mathewson92,59.923421527855815,2.181973469427332,1.34589439299241e-10,3.4150081030647133e-11,0.6552439264014023,0.0
IC5282,Sd,Courteau97/Mathewson92,59.923421527855815,2.8746801193333127,1.20764260925565e-10,3.478347107816769e-11,0.6618478272677207,0.0
IC5282,Sd,Courteau97/Mathewson92,59.923421527855815,3.4372418834993823,1.699239006691022e-10,3.832294408905318e-11,0.6420232665490371,0.0
IC5282,Sd,Courteau97/Mathewson92,59.923421527855815,4.091298651007199,1.424977896086026e-10,4.972006279082564e-11,0.5543295808006264,0.0
IC5282,Sd,Courteau97/Mathewson92,59.923421527855815,4.72772288560832,1.3833815959348592e-10,4.1423744582601775e-11,0.5639082609710618,0.0
IC5282,Sd,Courteau97/Mathewson92,59.923421527855815,5.36414712020944,1.4049284072055952e-10,6.03799588864372e-11,0.4267956711163128,0.0
IC5282,Sd,Courteau97/Mathewson92,59.923421527855815,6.018203887717257,1.7220689339644702e-10,5.4829629336891404e-11,0.4573051107502056,0.0
IC5282,Sd,Courteau97/Mathewson92,59.923421527855815,6.580765651883326,1.6516629884686374e-10,5.858490302305458e-11,0.40516988343048177,0.0
IC5282,Sd,Courteau97/Mathewson92,59.923421527855815,7.273419824012799,1.5265697025280854e-10,5.424669323090925e-11,0.40685275268636373,0.0
IC5282,Sd,Courteau97/Mathewson92,59.923421527855815,7.858305634305384,1.4267746628538593e-10,6.175104542875749e-11,0.31872388383666916,0.0
IC5282,Sd,Courteau97/Mathewson92,59.923421527855815,8.455350545414879,1.1305266668843079e-10,3.752245030297709e-11,0.4105394921115856,0.0
IC5282,Sd,Courteau97/Mathewson92,59.923421527855815,9.143675300982439,1.1831212229703055e-10,2.7152675934813368e-11,0.5814638551310087,0.0
IC5282,Sd,Courteau97/Mathewson92,59.923421527855815,9.76721624145084,1.0476381897757954e-10,4.8983040064887484e-11,0.309083986308805,0.0
IC5282,Sd,Courteau97/Mathewson92,59.923421527855815,10.296297184204786,1.2568917305043516e-10,4.9243955744412285e-11,0.18508263896051175,0.0
IC5282,Sd,Courteau97/Mathewson92,59.923421527855815,11.145230174775168,9.990176772348006e-11,2.8891409650343514e-11,0.4224074747021438,0.0
IC5282,Sd,Courteau97/Mathewson92,59.923421527855815,11.637839062856036,1.034865837053828e-10,4.681103898055636e-11,0.16885319484261738,0.0
IC5282,Sd,Courteau97/Mathewson92,59.923421527855815,12.607628372724408,1.4596648333596342e-10,4.320260697175158e-11,0.12782775736721164,0.0
IC5309,Sb,Courteau97,65.35462582085884,0.1607646280270526,7.253096995375312e-11,1.5494063599881412e-11,0.4645901666737657,0.0
IC5309,Sb,Courteau97,65.35462582085884,0.4822938840811578,1.4432245639303003e-10,4.591225940351203e-11,0.5862870467946733,0.0
IC5309,Sb,Courteau97,65.35462582085884,0.8038231401352629,1.6444647096904025e-10,7.15275809141032e-11,0.5238510947512094,0.0
IC5309,Sb,Courteau97,65.35462582085884,1.1714382562237897,1.7338734691999792e-10,9.292906833693238e-11,0.46638174747165195,0.0
IC5309,Sb,Courteau97,65.35462582085884,1.5615604202361042,2.4362815947331993e-10,1.0949841519252721e-10,0.40182222045814364,0.0
IC5309,Sb,Courteau97,65.35462582085884,1.9291755363246312,2.1444481576073793e-10,1.1622056824800051e-10,0.34144386270975846,0.0
IC5309,Sb,Courteau97,65.35462582085884,2.250704792378736,2.0786799193429625e-10,1.1232558354989742e-10,0.3397444485728426,0.0
IC5309,Sb,Courteau97,65.35462582085884,2.5722340484328416,1.9157766341356844e-10,1.0385043534923102e-10,0.3137014913261407,0.0
IC5309,Sb,Courteau97,65.35462582085884,2.8937633044869466,2.1028912464756182e-10,9.78014054080089e-11,0.29390934701120774,0.0
IC5309,Sb,Courteau97,65.35462582085884,3.215292560541052,1.9847958519761294e-10,9.131493231747953e-11,0.29122140059920043,0.0
IC5309,Sb,Courteau97,65.35462582085884,3.536821816595157,1.621534426451181e-10,8.380707099974749e-11,0.2869778224561253,0.0
IC5309,Sb,Courteau97,65.35462582085884,3.9044369326836845,1.4960702710024675e-10,7.599811531332247e-11,0.29154441739779763,0.0
IC5309,Sb,Courteau97,65.35462582085884,4.294559096695998,1.379308131825145e-10,6.982760266036781e-11,0.28670802019101516,0.0
IC5309,Sb,Courteau97,65.35462582085884,4.6621742127845245,1.5298900416393487e-10,6.319825530369677e-11,0.2605228891574895,0.0
IC5309,Sb,Courteau97,65.35462582085884,4.98370346883863,1.32814445150145e-10,5.421788800406893e-11,0.33907826071208497,0.0
IC5309,Sb,Courteau97,65.35462582085884,5.305232724892735,1.311868472667376e-10,6.441236966942218e-11,0.2405799884453533,0.0
IC5309,Sb,Courteau97,65.35462582085884,5.637479622815311,1.343826183524892e-10,5.836730055038465e-11,0.1752655342029334,0.0
IC5309,Sb,Courteau97,65.35462582085884,5.87862656485589,1.1463993245820542e-10,5.748738046253916e-11,0.21431725085471048,0.0
IC5309,Sb,Courteau97,65.35462582085884,6.200155820909996,8.157193336717835e-11,5.1831485912669006e-11,0.15649933502953123,0.0
IC5309,Sb,Courteau97,65.35462582085884,6.602067390977627,1.614348595217354e-10,4.314210772738478e-11,0.23883054744925383,0.0
IC5309,Sb,Courteau97,65.35462582085884,6.843214333018206,9.678529082773325e-11,4.461321878779507e-11,0.1556067372298708,0.0
KUG0145+321,Sc,SCII,69.4829614206923,0.31717020143989527,1.9333769047613257e-11,1.675195054977964e-12,0.7864594634217283,0.0
KUG0145+321,Sc,SCII,69.4829614206923,1.0284989267204812,6.131367781412755e-11,5.662897556300332e-12,0.7338146142373613,0.0
KUG0145+321,Sc,SCII,69.4829614206923,1.7444361079194242,7.88152158795643e-11,8.875862882938366e-12,0.6476055835358208,0.0
KUG0145+321,Sc,SCII,69.4829614206923,2.3787765107992147,7.964379126634975e-11,1.1318346099337796e-11,0.5958720154800624,0.0
KUG0145+321,Sc,SCII,69.4829614206923,3.094713691998158,5.680155333427697e-11,1.3371446227980773e-11,0.5022335817092286,0.0
KUG0145+321,Sc,SCII,69.4829614206923,3.8060424172787437,3.7299126900842277e-11,1.4509420537901341e-11,0.48050103368527336,0.0
KUG0145+321,Sc,SCII,69.4829614206923,4.5173711425593295,4.104084734098001e-11,1.3138442336192388e-11,0.4544904473657689,0.0
KUG0145+321,Sc,SCII,69.4829614206923,5.233308323758273,4.693640117744022e-11,1.3062840880699903e-11,0.47005135275705645,0.0
KUG0145+321,Sc,SCII,69.4829614206923,5.867648726638063,4.866627832420269e-11,1.0861216129003772e-11,0.5010402745171129,0.0
KUG0145+321,Sc,SCII,69.4829614206923,6.5812816798778275,4.66402298971545e-11,1.0422074691674241e-11,0.4551271662858324,0.0
KUG0145+321,Sc,SCII,69.4829614206923,7.2949146331175925,4.601590013485408e-11,1.0702963634329368e-11,0.38000546661429746,0.0
KUG0145+321,Sc,SCII,69.4829614206923,8.006243358398176,4.390974159467823e-11,9.582569468974854e-12,0.3963726276892029,0.0
KUG0145+321,Sc,SCII,69.4829614206923,8.72218053959712,4.756177657077849e-11,7.918505247559919e-12,0.46232219382616924,0.0
KUG0145+321,Sc,SCII,69.4829614206923,9.281068772048902,4.635409306188001e-11,9.134312277664348e-12,0.3900909413572801,0.0
KUG0145+321,Sc,SCII,69.4829614206923,10.398845236952464,4.5086854342071504e-11,7.315071790055205e-12,0.42297099524225484,0.0
KUG0145+321,Sc,SCII,69.4829614206923,10.874600539112308,3.6116774277034225e-11,9.170106489267022e-12,0.3072161692226205,0.0
KUG0145+321,Sc,SCII,69.4829614206923,11.508940941992098,3.597468362184223e-11,6.453511296017637e-12,0.41769179596152123,0.0
KUG0145+321,Sc,SCII,69.4829614206923,12.143281344871891,3.8780125888904825e-11,7.69959158157421e-12,0.30264344560877887,0.0
KUG0145+321,Sc,SCII,69.4829614206923,12.777621747751681,4.3610355170386976e-11,5.856202297629549e-12,0.39473258614328943,0.0
KUG0145+321,Sc,SCII,69.4829614206923,13.41196215063147,5.0665403141148207e-11,6.561293269895622e-12,0.3144644647336997,0.0
KUG0145+321,Sc,SCII,69.4829614206923,13.887717452791314,4.602341797848249e-11,5.577586912281236e-12,0.36207922659288366,0.0
KUG0826+305,Irr HII,SCII,78.52280827886234,0.7246430863209948,5.176235329481874e-11,1.2706508779626698e-11,0.7930622159991833,0.0
KUG0826+305,Irr HII,SCII,78.52280827886234,2.049232841829685,1.0927654761777717e-10,2.2863726155328487e-11,0.760252876888569,0.0
KUG0826+305,Irr HII,SCII,78.52280827886234,3.381667736164643,1.3915167598419877e-10,3.0261693150337216e-11,0.7227339513054082,0.0
KUG0826+305,Irr HII,SCII,78.52280827886234,4.830953908806632,1.588661484954303e-10,4.6621277369966265e-11,0.6095670879855959,0.0
KUG0826+305,Irr HII,SCII,78.52280827886234,6.16338880314159,1.4491735293243787e-10,2.4836355505013097e-11,0.7572153083253883,0.0
KUG0826+305,Irr HII,SCII,78.52280827886234,7.48797855865028,1.2963955447734824e-10,2.3896555110893508e-11,0.7516393758312515,0.0
KUG0826+305,Irr HII,SCII,78.52280827886234,8.93726473129227,1.2785330633090462e-10,2.6943789901283015e-11,0.7131932482686199,0.0
KUG0826+305,Irr HII,SCII,78.52280827886234,10.26185448680096,1.0335441964085046e-10,7.387567425961805e-11,0.32361126561826575,0.0
KUG0826+305,Irr HII,SCII,78.52280827886234,11.594289381135917,8.317500874301911e-11,4.9619362439322524e-11,0.4233554061664071,0.0
KUG0826+305,Irr HII,SCII,78.52280827886234,13.043575553777908,7.630302152891843e-11,2.997013456526406e-11,0.5544347613764217,0.0
KUG0826+305,Irr HII,SCII,78.52280827886234,14.492861726419896,7.330724631501e-11,2.395537568845469e-11,0.5987205799359159,0.0
KUG0826+305,Irr HII,SCII,78.52280827886234,15.825296620754852,7.261509650917341e-11,2.863780964784407e-11,0.47819156055872664,0.0
KUG0826+305,Irr HII,SCII,78.52280827886234,17.149886376263545,7.317565840806385e-11,3.278894588682097e-11,0.35986840051365426,0.0
KUG0826+305,Irr HII,SCII,78.52280827886234,18.474476131772235,7.310443167671896e-11,3.778880577648747e-11,0.256873877312026,0.0
KUG0826+305,Irr HII,SCII,78.52280827886234,19.80691102610719,7.407143697465338e-11,4.072827462999528e-11,0.1876131644191587,0.0
KUG0826+305,Irr HII,SCII,78.52280827886234,21.25619719874918,6.824605870701241e-11,1.7289717432213144e-11,0.5050362029267924,0.0
KUG0826+305,Irr HII,SCII,78.52280827886234,22.70548337139117,5.6778907416506046e-11,2.4004682511933444e-11,0.2864353784065047,0.0
KUG0826+305,Irr HII,SCII,78.52280827886234,24.03791826572613,5.252320428243865e-11,3.241272970694533e-11,0.1641070698877244,0.0
KUG0826+305,Irr HII,SCII,78.52280827886234,25.36250802123482,5.440059364028449e-11,1.8057298798472816e-11,0.31911475690620933,0.0
KUG0826+305,Irr HII,SCII,78.52280827886234,26.536526164884975,4.4162739319983165e-11,2.7159559832714154e-11,0.1478022843634098,0.0
KUG0826+305,Irr HII,SCII,78.52280827886234,27.435276279543306,4.211229184164193e-11,1.8925521101740348e-11,0.22069128326350576,0.0
KUG0919+340,Sc,SCII,65.05373352976811,0.2332079179696022,1.2782612728824148e-11,1.6302468039551461e-12,0.7523588487553398,0.0
KUG0919+340,Sc,SCII,65.05373352976811,0.8162277128936077,3.006400464212588e-11,6.0758272857624155e-12,0.7276487500365679,0.0
KUG0919+340,Sc,SCII,65.05373352976811,1.3992475078176132,4.196656508898755e-11,9.487883457037257e-12,0.6532229325390451,0.0
KUG0919+340,Sc,SCII,65.05373352976811,1.8656633437568175,5.1754627357356136e-11,1.1866155849202983e-11,0.5993606164144376,0.0
KUG0919+340,Sc,SCII,65.05373352976811,2.4486831386808228,5.861448414587087e-11,1.4140311780283389e-11,0.5546042238983373,0.0
KUG0919+340,Sc,SCII,65.05373352976811,3.0317029336048287,6.876310868992996e-11,1.6191304351283025e-11,0.46112877706565014,0.0
KUG0919+340,Sc,SCII,65.05373352976811,3.498118769544033,7.466958495100513e-11,1.6626408930109322e-11,0.4813901794236904,0.0
KUG0919+340,Sc,SCII,65.05373352976811,4.030610182241292,6.785369724298089e-11,1.6885001072140375e-11,0.3872768765537656,0.0
KUG0919+340,Sc,SCII,65.05373352976811,4.598082782633989,6.607665811320118e-11,1.7106566292762478e-11,0.403145013822958,0.0
KUG0919+340,Sc,SCII,65.05373352976811,5.130574195331248,5.771067077671611e-11,1.5295258421092586e-11,0.4130025394359781,0.0
KUG0919+340,Sc,SCII,65.05373352976811,5.663065608028506,5.140299102289749e-11,1.4461467843983004e-11,0.3962951093841053,0.0
KUG0919+340,Sc,SCII,65.05373352976811,6.230538208421206,4.435829987011833e-11,1.3648237487589185e-11,0.3737686639679238,0.0
KUG0919+340,Sc,SCII,65.05373352976811,6.763029621118464,3.722449395215072e-11,1.3928454053865247e-11,0.32120590047023856,0.0
KUG0919+340,Sc,SCII,65.05373352976811,7.295521033815722,2.5301024717028973e-11,1.391677110271211e-11,0.27174084760792594,0.0
KUG0919+340,Sc,SCII,65.05373352976811,7.8792384592635685,4.67196130411456e-11,1.1601021496376114e-11,0.265493156677175,0.0
KUG0919+340,Sc,SCII,65.05373352976811,8.392993509320533,3.973726550403536e-11,9.807146766881812e-12,0.33156444076826147,0.0
KUG0919+340,Sc,SCII,65.05373352976811,8.92697984456888,4.358283261816759e-11,1.0535491166382755e-11,0.25766629172001615,0.0
KUG0919+340,Sc,SCII,65.05373352976811,9.43844268004751,5.793254128988369e-11,8.44656962109185e-12,0.3042413850775772,0.0
KUG0919+340,Sc,SCII,65.05373352976811,10.00850647952876,6.45427059322927e-11,8.414518843122164e-12,0.27310277460036836,0.0
KUG0919+340,Sc,SCII,65.05373352976811,10.474922315467964,6.256397491545475e-11,7.896228002101643e-12,0.2504596800437389,0.0
KUG0919+340,Sc,SCII,65.05373352976811,10.824734192422367,5.686290780172647e-11,7.808946021096875e-12,0.25261638746935455,0.0
KUG0919+341,Sc,SCII,73.25203361130137,0.23983902174387312,3.2268076504645556e-11,3.086850130689011e-12,0.6873619279744733,0.0
KUG0919+341,Sc,SCII,73.25203361130137,0.724793688604465,6.914181794490789e-11,9.116576428788361e-12,0.6439635793695646,0.0
KUG0919+341,Sc,SCII,73.25203361130137,1.2044717320922111,9.910468901631959e-11,1.3710958195477845e-11,0.5948822133196342,0.0
KUG0919+341,Sc,SCII,73.25203361130137,1.689426398952803,9.493644379192538e-11,1.6803989421773228e-11,0.5290986636881436,0.0
KUG0919+341,Sc,SCII,73.25203361130137,2.1691044424405495,7.347115008760945e-11,1.8685309257019626e-11,0.5054351924557009,0.0
KUG0919+341,Sc,SCII,73.25203361130137,2.700971588975347,7.706850308568175e-11,1.9115133517907584e-11,0.46262760421707044,0.0
KUG0919+341,Sc,SCII,73.25203361130137,3.1832879441495163,9.108192957793758e-11,1.919112989544658e-11,0.4527345470315178,0.0
KUG0919+341,Sc,SCII,73.25203361130137,3.6656042993236855,9.399667703147359e-11,1.868975249607735e-11,0.3787162061549834,0.0
KUG0919+341,Sc,SCII,73.25203361130137,4.197471445858483,8.59176033644516e-11,1.8636817166526254e-11,0.39908818034857757,0.0
KUG0919+341,Sc,SCII,73.25203361130137,4.677149489346229,6.98162645628211e-11,1.703366934556184e-11,0.4024890935653694,0.0
KUG0919+341,Sc,SCII,73.25203361130137,5.162104156206821,5.953275969878046e-11,1.59046999166983e-11,0.3921089764733744,0.0
KUG0919+341,Sc,SCII,73.25203361130137,5.641782199694567,5.244135154181365e-11,1.5563139452027384e-11,0.3610396790031054,0.0
KUG0919+341,Sc,SCII,73.25203361130137,6.126736866555159,5.343412655269329e-11,1.619340295678186e-11,0.3039914813997517,0.0
KUG0919+341,Sc,SCII,73.25203361130137,6.606414910042906,5.105079826603113e-11,1.594972698784558e-11,0.2529230812341465,0.0
KUG0919+341,Sc,SCII,73.25203361130137,7.091369576903498,5.165138098488487e-11,1.1974257315546049e-11,0.31328421915076354,0.0
KUG0919+341,Sc,SCII,73.25203361130137,7.565770997018398,5.576148988425698e-11,1.1965850538937087e-11,0.30100177335456657,0.0
KUG0919+341,Sc,SCII,73.25203361130137,8.116793385693162,5.284797140497771e-11,1.2608579045661849e-11,0.2260423102614869,0.0
KUG0919+341,Sc,SCII,73.25203361130137,8.535680330739583,5.69705841653211e-11,9.431137305485399e-12,0.3081116672713756,0.0
KUG0919+341,Sc,SCII,73.25203361130137,8.998497913606283,4.9621785356779414e-11,1.0634988026692372e-11,0.2185361699493179,0.0
KUG0919+341,Sc,SCII,73.25203361130137,9.604691247182023,4.7194272905690824e-11,1.0031988004381003e-11,0.17705952044613438,0.0
KUG1114+294,Spiral,SCII,77.13171186259632,0.16674507017671444,3.716755826899098e-12,7.274805813859453e-13,0.5955619375581435,0.0
KUG1114+294,Spiral,SCII,77.13171186259632,0.46868884590211624,1.1204892302676744e-11,2.345411318876329e-12,0.7104312736401786,0.0
KUG1114+294,Spiral,SCII,77.13171186259632,0.7030332688531744,2.3892362417871917e-11,3.2617485556575182e-12,0.6692076816133535,0.0
KUG1114+294,Spiral,SCII,77.13171186259632,1.0049770445785762,5.989384504455185e-11,4.237414580043855e-12,0.661804821088717,0.0
KUG1114+294,Spiral,SCII,77.13171186259632,1.3384671849320051,3.73312025959718e-11,5.069525500458778e-12,0.6285992094032341,0.0
KUG1114+294,Spiral,SCII,77.13171186259632,1.6719573252854338,2.0333144089495535e-11,5.696327127583906e-12,0.6060663426846834,0.0
KUG1114+294,Spiral,SCII,77.13171186259632,1.9919275950839939,1.969471710752548e-11,6.135602023087367e-12,0.5866573794279635,0.0
KUG1114+294,Spiral,SCII,77.13171186259632,2.2758448767362376,1.3958230374990007e-11,6.467678802280157e-12,0.5509645805598988,0.0
KUG1114+294,Spiral,SCII,77.13171186259632,2.5777886524616394,1.3926970268446803e-11,6.84549980714702e-12,0.5513996048064473,0.0
KUG1114+294,Spiral,SCII,77.13171186259632,2.8121330754126976,1.5953564963134027e-11,7.0471373842913526e-12,0.5322782525377674,0.0
KUG1114+294,Spiral,SCII,77.13171186259632,3.0780238629917824,2.613675967544941e-11,7.160691955583601e-12,0.516731507734402,0.0
KUG1114+294,Spiral,SCII,77.13171186259632,3.42954049741837,2.1712760542081398e-11,7.44419307864098e-12,0.49610484675361416,0.0
KUG1114+294,Spiral,SCII,77.13171186259632,3.781057131844957,1.8759366695614716e-11,7.704647186255742e-12,0.4730837176783152,0.0
NGC0019,SB(r)bc LINER,ShellFlow,58.9941357419625,0.2501768089593484,1.8227880067978723e-10,4.298604611761814e-11,0.5154180228212274,0.0
NGC0019,SB(r)bc LINER,ShellFlow,58.9941357419625,0.7132577080939569,3.3011681185319177e-10,9.996904413152272e-11,0.5288312211621564,0.0
NGC0019,SB(r)bc LINER,ShellFlow,58.9941357419625,1.1213722242745985,3.7130323553263627e-10,1.2844790585255058e-10,0.49160819373339015,0.0
NGC0019,SB(r)bc LINER,ShellFlow,58.9941357419625,1.584453123409207,4.646961353570185e-10,1.4692657734744366e-10,0.42313838916224117,0.0
NGC0019,SB(r)bc LINER,ShellFlow,58.9941357419625,2.084806741327904,3.8081654931808054e-10,1.6086052039401354e-10,0.36870435096901966,0.0
NGC0019,SB(r)bc LINER,ShellFlow,58.9941357419625,2.547887640462512,3.264736571764797e-10,1.5747507808299211e-10,0.32497550773023276,0.0
NGC0019,SB(r)bc LINER,ShellFlow,58.9941357419625,2.9560021566431534,3.094610463381328e-10,1.5111453385097176e-10,0.31372636443652446,0.0
NGC0019,SB(r)bc LINER,ShellFlow,58.9941357419625,3.419083055777762,2.9002159785150547e-10,1.368969712945267e-10,0.2599038860646054,0.0
NGC0019,SB(r)bc LINER,ShellFlow,58.9941357419625,3.8821639549123703,2.6448279464186046e-10,1.4182811339248987e-10,0.19557676469549107,0.0
NGC0019,SB(r)bc LINER,ShellFlow,58.9941357419625,4.290278471093012,2.5584444113168787e-10,1.275103457914165e-10,0.17690875768005082,0.0
NGC0019,SB(r)bc LINER,ShellFlow,58.9941357419625,4.753359370227621,2.1868969977034939e-10,1.0565916256837174e-10,0.18699066552538204,0.0
NGC0019,SB(r)bc LINER,ShellFlow,58.9941357419625,5.253712988146318,2.1953518592369685e-10,8.693516970867326e-11,0.20334597279592573,0.0
NGC0019,SB(r)bc LINER,ShellFlow,58.9941357419625,5.649403264732261,1.821602802422809e-10,7.721539024064768e-11,0.1857400661125577,0.0
NGC0019,SB(r)bc LINER,ShellFlow,58.9941357419625,6.124908403461567,1.5824183173911852e-10,6.249004837496693e-11,0.19146356776762707,0.0
NGC0019,SB(r)bc LINER,ShellFlow,58.9941357419625,6.587989302596175,1.5006267583970841e-10,5.130492376962376e-11,0.29188880507692627,0.0
NGC0019,SB(r)bc LINER,ShellFlow,58.9941357419625,7.088342920514872,1.30345755466581e-10,5.485717399466585e-11,0.2198705972111086,0.0
NGC0019,SB(r)bc LINER,ShellFlow,58.9941357419625,7.537210876299906,1.2312027690664298e-10,5.87487733754699e-11,0.12262507733949954,0.0
NGC0019,SB(r)bc LINER,ShellFlow,58.9941357419625,7.873197122148693,1.168313971081931e-10,4.8073670595649496e-11,0.18688074276928532,0.0
NGC0019,SB(r)bc LINER,ShellFlow,58.9941357419625,8.358806019925826,8.482163065076918e-11,5.0576957214591986e-11,0.10028056431294874,0.0
NGC0019,SB(r)bc LINER,ShellFlow,58.9941357419625,9.10933644680387,9.045114065589947e-11,4.106994175339256e-11,0.09126547013586954,0.0
NGC0021,SAB(s)bc:,ShellFlow,68.07122224671934,0.4296301670181563,3.0213181344307237e-10,6.219102413845882e-11,0.5041786424500019,0.0
NGC0021,SAB(s)bc:,ShellFlow,68.07122224671934,1.3189980655952296,5.216975077574591e-10,1.099457250031331e-10,0.40496420922720744,0.0
NGC0021,SAB(s)bc:,ShellFlow,68.07122224671934,2.143371856592248,4.521951869383719e-10,9.761099532299123e-11,0.43286383798741396,0.0
NGC0021,SAB(s)bc:,ShellFlow,68.07122224671934,2.9677456475892665,3.7189524855257255e-10,9.177414552658689e-11,0.4191003130055861,0.0
NGC0021,SAB(s)bc:,ShellFlow,68.07122224671934,3.834826128259543,2.992887155389251e-10,9.120935452351703e-11,0.33538612963813835,0.0
NGC0021,SAB(s)bc:,ShellFlow,68.07122224671934,4.73866129810945,2.0523384525359831e-10,8.096943606573461e-11,0.31376616952436215,0.0
NGC0021,SAB(s)bc:,ShellFlow,68.07122224671934,5.605741778779725,1.9585663448240666e-10,6.949715137648423e-11,0.27665343088432,0.0
NGC0021,SAB(s)bc:,ShellFlow,68.07122224671934,6.430115569776744,1.9573894103455817e-10,5.245625038694314e-11,0.35376406838604796,0.0
NGC0021,SAB(s)bc:,ShellFlow,68.07122224671934,7.254489360773762,1.8487042682878625e-10,4.51503703632107e-11,0.3131079294774526,0.0
NGC0021,SAB(s)bc:,ShellFlow,68.07122224671934,8.017035117446005,1.5155401952790492e-10,4.1847614884022767e-11,0.25629691330075927,0.0
NGC0021,SAB(s)bc:,ShellFlow,68.07122224671934,8.986800795370728,1.2001407408525068e-10,4.465447729926031e-11,0.1443875824163414,0.0
NGC0021,SAB(s)bc:,ShellFlow,68.07122224671934,9.976499933968439,9.734676720997118e-11,3.8466627318921135e-11,0.13547206876048554,0.0
NGC0021,SAB(s)bc:,ShellFlow,68.07122224671934,10.681096593863883,9.655743989037871e-11,2.7268949539016324e-11,0.20009782149355093,0.0
NGC0021,SAB(s)bc:,ShellFlow,68.07122224671934,11.433945006666184,8.766642554431771e-11,2.5193802062129668e-11,0.18747702277741926,0.0
NGC0021,SAB(s)bc:,ShellFlow,68.07122224671934,12.423193555862605,6.406297302499299e-11,2.2338164392236468e-11,0.15990508350129035,0.0
NGC0021,SAB(s)bc:,ShellFlow,68.07122224671934,14.264295022422614,6.355856397015833e-11,1.6393120933973244e-11,0.1609101727830924,0.0
NGC0021,SAB(s)bc:,ShellFlow,68.07122224671934,14.978752307953362,6.940119927838254e-11,1.569794647335934e-11,0.1463967313069915,0.0
NGC0021,SAB(s)bc:,ShellFlow,68.07122224671934,15.638251340750976,7.31647195626731e-11,1.3475361136165915e-11,0.18264045188615308,0.0
NGC0021,SAB(s)bc:,ShellFlow,68.07122224671934,16.545062510847696,4.169897245264263e-11,1.2808994711975044e-11,0.1496904945721119,0.0
NGC0021,SAB(s)bc:,ShellFlow,68.07122224671934,17.12212416454561,3.7097753522528476e-11,1.1289986803977405e-11,0.18771861955562816,0.0
NGC0200,SB(s)bc,ShellFlow,55.79385172611987,0.37875851453227644,4.271250682430657e-10,9.794058902837984e-11,0.5546312814794218,0.0
NGC0200,SB(s)bc,ShellFlow,55.79385172611987,1.0958073005330253,7.35674378136905e-10,2.1525227443880682e-10,0.4669518454868435,0.0
NGC0200,SB(s)bc,ShellFlow,55.79385172611987,1.8784907286742782,8.143396867704398e-10,2.290933253823268e-10,0.429042041165478,0.0
NGC0200,SB(s)bc,ShellFlow,55.79385172611987,2.651309601725935,4.810311953952498e-10,1.7851584274543034e-10,0.45723998515185865,0.0
NGC0200,SB(s)bc,ShellFlow,55.79385172611987,3.408826630790488,4.1002045783585323e-10,1.6290590154193106e-10,0.4808146034501616,0.0
NGC0200,SB(s)bc,ShellFlow,55.79385172611987,4.166343659855041,3.4757251280238967e-10,1.3935209771202836e-10,0.5036976029912683,0.0
NGC0200,SB(s)bc,ShellFlow,55.79385172611987,4.923860688919594,2.5380182198853535e-10,1.5724100497996982e-10,0.42488449611746315,0.0
NGC0200,SB(s)bc,ShellFlow,55.79385172611987,5.681377717984146,1.8908274615973212e-10,1.1384498798823615e-10,0.4876214575163349,0.0
NGC0200,SB(s)bc,ShellFlow,55.79385172611987,6.445695566598523,1.8365462750166578e-10,1.464681805694107e-10,0.33680212838430773,0.0
NGC0200,SB(s)bc,ShellFlow,55.79385172611987,7.196411776113253,1.499895637808235e-10,1.3892189755459027e-10,0.3495173247310223,0.0
NGC0200,SB(s)bc,ShellFlow,55.79385172611987,7.913460562114001,1.5997137615783496e-10,1.3846815088060334e-10,0.3193900266222358,0.0
NGC0200,SB(s)bc,ShellFlow,55.79385172611987,8.654632057062518,1.399222796374765e-10,1.4423240177116768e-10,0.26323005514218467,0.0
NGC0200,SB(s)bc,ShellFlow,55.79385172611987,9.363112483778957,9.540183213017477e-11,1.2191098442045174e-10,0.2269920663013522,0.0
NGC0200,SB(s)bc,ShellFlow,55.79385172611987,10.317785944941377,1.1676680317746188e-10,1.2300829931848201e-10,0.18149141308110137,0.0
NGC0200,SB(s)bc,ShellFlow,55.79385172611987,11.007631452742832,1.1185450353107317e-10,6.383153173107321e-11,0.45866173397555854,0.0
NGC0200,SB(s)bc,ShellFlow,55.79385172611987,11.74151395050057,9.76792095371334e-11,9.46863086064543e-11,0.22658609105935718,0.0
NGC0200,SB(s)bc,ShellFlow,55.79385172611987,12.499030979565124,1.2047162577609849e-10,1.0475157490605893e-10,0.11740406448609442,0.0
NGC0200,SB(s)bc,ShellFlow,55.79385172611987,13.216079765565873,1.1575229993279359e-10,6.322841905480352e-11,0.3005847543785181,0.0
NGC0200,SB(s)bc,ShellFlow,55.79385172611987,13.993662579044758,9.693438016461229e-11,8.828506469285618e-11,0.09484181109459593,0.0
NGC0200,SB(s)bc,ShellFlow,55.79385172611987,14.680276014188868,7.068870553487467e-11,5.428533345120814e-11,0.25104070772497034,0.0
NGC0200,SB(s)bc,ShellFlow,55.79385172611987,15.164884908249098,5.841553526093609e-11,7.687445870837764e-11,0.05346058011229122,0.0
NGC0214,SAB(r)c,ShellFlow,46.28743975896853,0.37145685927218763,4.349660662046639e-10,1.9989438149821743e-10,0.4832978233253088,0.0
NGC0214,SAB(r)c,ShellFlow,46.28743975896853,1.111557917834932,6.756207705412951e-10,4.176411637191498e-10,0.4217163025123694,0.0
NGC0214,SAB(r)c,ShellFlow,46.28743975896853,1.854471636379307,7.100624231169446e-10,4.0323181824260444e-10,0.3944706034208825,0.0
NGC0214,SAB(r)c,ShellFlow,46.28743975896853,2.5945726949420513,6.37020097448809e-10,3.6383403868526743e-10,0.3661978088002096,0.0
NGC0214,SAB(r)c,ShellFlow,46.28743975896853,3.2955883935713763,5.36850096242072e-10,3.426354994982185e-10,0.33853880109671064,0.0
NGC0214,SAB(r)c,ShellFlow,46.28743975896853,3.9966040922007013,4.395377728455694e-10,2.9399482016436084e-10,0.31773144141496623,0.0
NGC0214,SAB(r)c,ShellFlow,46.28743975896853,4.736705150763446,3.379368264551068e-10,2.5408188266698536e-10,0.3017028853106285,0.0
NGC0214,SAB(r)c,ShellFlow,46.28743975896853,5.479618869307822,2.8730906674659164e-10,2.024184196098222e-10,0.2617257769797882,0.0
NGC0214,SAB(r)c,ShellFlow,46.28743975896853,6.219719927870566,2.664578342351936e-10,2.2271913270548872e-10,0.19858879700243104,0.0
NGC0214,SAB(r)c,ShellFlow,46.28743975896853,6.9626336464149405,2.428140786351277e-10,1.760530457419246e-10,0.22374672690883438,0.0
NGC0214,SAB(r)c,ShellFlow,46.28743975896853,7.702734704977685,2.0906863192250385e-10,1.4548735547821078e-10,0.23040564782491513,0.0
NGC0214,SAB(r)c,ShellFlow,46.28743975896853,8.40375040360701,1.940026273278498e-10,1.3720954115279295e-10,0.1866737717486884,0.0
NGC0214,SAB(r)c,ShellFlow,46.28743975896853,9.104766102236335,1.7466217943986672e-10,1.332137934766031e-10,0.13289383561459667,0.0
NGC0214,SAB(r)c,ShellFlow,46.28743975896853,9.845570325794487,2.0368317493502095e-10,1.1366967248643578e-10,0.10315407345795195,0.0
NGC0214,SAB(r)c,ShellFlow,46.28743975896853,10.587780879343455,1.487167147610231e-10,7.574181298349058e-11,0.24407636308727224,0.0
NGC0214,SAB(r)c,ShellFlow,46.28743975896853,11.346328741861196,1.5902233204218938e-10,7.775288897828821e-11,0.15710296995556786,0.0
NGC0214,SAB(r)c,ShellFlow,46.28743975896853,12.070795656450574,1.3327104354627389e-10,8.23343569847995e-11,0.07803293828707446,0.0
NGC0214,SAB(r)c,ShellFlow,46.28743975896853,12.81370937499495,1.1182648825429283e-10,5.600313862264976e-11,0.18900275104593625,0.0
NGC0214,SAB(r)c,ShellFlow,46.28743975896853,13.470717558723003,1.3038017933354515e-10,6.220491683702786e-11,0.07380870842709317,0.0
NGC0214,SAB(r)c,ShellFlow,46.28743975896853,14.617845011514314,1.1817401050981382e-10,5.361184714363344e-11,0.05350220957992176,0.0
NGC0280,SB?,Mathewson96,61.984464795479425,0.6071755217802342,1.6095142903595968e-09,8.611147389395378e-11,0.6922109062340942,0.0
NGC0280,SB?,Mathewson96,61.984464795479425,1.8215265653407022,1.0516981417824518e-09,2.0392240898084828e-10,0.5655673436779822,0.0
NGC0280,SB?,Mathewson96,61.984464795479425,3.0358776089011705,7.888116763686134e-10,2.4340811492890503e-10,0.4548589533215009,0.0
NGC0280,SB?,Mathewson96,61.984464795479425,4.131860091144886,6.040333604211498e-10,2.430260858461326e-10,0.384636851111253,0.0
NGC0280,SB?,Mathewson96,61.984464795479425,4.368597213778392,5.196121704045814e-10,1.9694257570648854e-10,0.4817444319020593,0.0
NGC0280,SB?,Mathewson96,61.984464795479425,5.464579696022107,4.7525985424513e-10,1.8363191973681467e-10,0.3834558245206251,0.0
NGC0280,SB?,Mathewson96,61.984464795479425,6.678930739582576,3.681093981212197e-10,1.8504260811456412e-10,0.33920917001720213,0.0
NGC0280,SB?,Mathewson96,61.984464795479425,7.893281783143044,2.659807434859135e-10,9.884615211647037e-11,0.5432223877059927,0.0
NGC0280,SB?,Mathewson96,61.984464795479425,9.107632826703512,2.3547454696464665e-10,1.4621999020466001e-10,0.35892033754378205,0.0
NGC0280,SB?,Mathewson96,61.984464795479425,10.321983870263981,2.3235983114046798e-10,7.49826783275087e-11,0.5623285914874072,0.0
NGC0280,SB?,Mathewson96,61.984464795479425,11.536334913824447,2.0456526801249783e-10,4.8704250949021126e-11,0.6677738929543355,0.0
NGC0280,SB?,Mathewson96,61.984464795479425,12.86905451870167,1.616828802373876e-10,8.953901370286299e-11,0.29393156058163133,0.0
NGC0280,SB?,Mathewson96,61.984464795479425,14.083405562262138,1.5156058462663765e-10,6.348956077606547e-11,0.4540700333770604,0.0
NGC0280,SB?,Mathewson96,61.984464795479425,15.297756605822606,1.5420400957840393e-10,6.32174552671409e-11,0.40768222629703493,0.0
NGC0280,SB?,Mathewson96,61.984464795479425,16.512107649383072,1.5791801000895698e-10,6.236738711303429e-11,0.3447883184817049,0.0
NGC0280,SB?,Mathewson96,61.984464795479425,17.72645869294354,1.5370624828232086e-10,6.768250268686735e-11,0.2646346594218811,0.0
NGC0280,SB?,Mathewson96,61.984464795479425,18.94080973650401,1.5915314210666368e-10,7.42035192385878e-11,0.1685509656037977,0.0
NGC0280,SB?,Mathewson96,61.984464795479425,20.155160780064477,1.4277656798619894e-10,4.367172088553952e-11,0.3712945464619852,0.0
NGC0280,SB?,Mathewson96,61.984464795479425,21.36951182362495,1.481862496358511e-10,5.636062193392831e-11,0.2146387518126117,0.0
NGC0338,Sab,Courteau97/ShellFlow,70.22878428237513,0.2942835042299954,5.78608915177772e-10,1.2382495057235014e-10,0.48293342673551154,0.0
NGC0338,Sab,Courteau97/ShellFlow,70.22878428237513,0.8866401730783215,1.265875794266277e-09,2.974589970075065e-10,0.4441767731499893,0.0
NGC0338,Sab,Courteau97/ShellFlow,70.22878428237513,1.5000739037160933,1.163345821240538e-09,3.6685016134894016e-10,0.34482390152110576,0.0
NGC0338,Sab,Courteau97/ShellFlow,70.22878428237513,2.1119169127093786,9.468463825706717e-10,3.080930330892684e-10,0.35319419835825455,0.0
NGC0338,Sab,Courteau97/ShellFlow,70.22878428237513,2.7004839211693694,8.30447928574579e-10,2.568968472293042e-10,0.35969414008180384,0.0
NGC0338,Sab,Courteau97/ShellFlow,70.22878428237513,3.3141983673914623,7.25168160399421e-10,2.310442920238887e-10,0.32094329751969325,0.0
NGC0338,Sab,Courteau97/ShellFlow,70.22878428237513,3.945808432114028,6.027884361350298e-10,1.974784241018097e-10,0.3497321745827969,0.0
NGC0338,Sab,Courteau97/ShellFlow,70.22878428237513,4.55928894868252,5.133433429856945e-10,2.01510486540805e-10,0.2730636431603771,0.0
NGC0338,Sab,Courteau97/ShellFlow,70.22878428237513,5.131129986910042,4.476543666195367e-10,1.7064183482490445e-10,0.3024037224098033,0.0
NGC0338,Sab,Courteau97/ShellFlow,70.22878428237513,5.75423760845365,3.728825964669521e-10,1.3318616543356743e-10,0.34119992519045794,0.0
NGC0338,Sab,Courteau97/ShellFlow,70.22878428237513,6.407379998060747,3.3960238602361504e-10,1.0948109762597397e-10,0.35241189504812975,0.0
NGC0338,Sab,Courteau97/ShellFlow,70.22878428237513,6.966659013889899,3.481338319618006e-10,1.0297994145441475e-10,0.3419388017189672,0.0
NGC0338,Sab,Courteau97/ShellFlow,70.22878428237513,7.515691910891328,3.4301763160516317e-10,1.1153091190186652e-10,0.25848439656958067,0.0
NGC0338,Sab,Courteau97/ShellFlow,70.22878428237513,8.20794823830994,2.5881244106067697e-10,1.044962507614875e-10,0.22541490809838072,0.0
NGC0338,Sab,Courteau97/ShellFlow,70.22878428237513,8.808099263270362,2.477629499285821e-10,1.0357261668746182e-10,0.1615673770050229,0.0
NGC0338,Sab,Courteau97/ShellFlow,70.22878428237513,9.388883612100939,2.406367149272619e-10,6.420643797407903e-11,0.34116457986945903,0.0
NGC0338,Sab,Courteau97/ShellFlow,70.22878428237513,9.960256791021258,2.1839938482659396e-10,7.906444339156743e-11,0.19821349955004763,0.0
NGC0338,Sab,Courteau97/ShellFlow,70.22878428237513,10.550965155541133,2.1252271197248856e-10,7.124035232413689e-11,0.1332531137126068,0.0
NGC0338,Sab,Courteau97/ShellFlow,70.22878428237513,11.049491740600683,1.8118765994919357e-10,6.545459696831781e-11,0.18949090469450364,0.0
NGC0338,Sab,Courteau97/ShellFlow,70.22878428237513,11.79005454148789,1.5407150926180644e-10,6.926160888215874e-11,0.11009375960189978,0.0
NGC0338,Sab,Courteau97/ShellFlow,70.22878428237513,12.112877463457203,1.656863060152125e-10,5.7565806421563084e-11,0.15481777389321466,0.0
NGC0444,Sd,Courteau97,81.98562344159107,0.2718774668508957,7.294132981284323e-11,2.8559925782670933e-12,0.6779282938534433,0.0
NGC0444,Sd,Courteau97,81.98562344159107,0.7871123554650571,6.724818320362155e-11,6.8960982574224636e-12,0.6562628093426298,0.0
NGC0444,Sd,Courteau97,81.98562344159107,1.3023472440792185,1.2222334013074883e-10,9.567658272270773e-12,0.6016224710392396,0.0
NGC0444,Sd,Courteau97,81.98562344159107,1.8461021777810098,9.357114272798341e-11,1.1122532082690964e-11,0.5737465520800802,0.0
NGC0444,Sd,Courteau97,81.98562344159107,2.3613370663951714,5.71857867771947e-11,1.1452516431719385e-11,0.5641169086065546,0.0
NGC0444,Sd,Courteau97,81.98562344159107,2.8765719550093327,7.592828538902416e-11,1.1710504845025891e-11,0.5499007534597121,0.0
NGC0444,Sd,Courteau97,81.98562344159107,3.420326888711124,9.013409007462358e-11,1.156140241221731e-11,0.5047226453180873,0.0
NGC0444,Sd,Courteau97,81.98562344159107,3.9355617773252853,8.746552572929449e-11,1.1798185689886864e-11,0.526420950351214,0.0
NGC0444,Sd,Courteau97,81.98562344159107,4.438757140733199,5.606246280503933e-11,1.0478924360623605e-11,0.5390340696022473,0.0
NGC0444,Sd,Courteau97,81.98562344159107,5.051591689816498,5.4552944760049027e-11,1.2262908013685118e-11,0.4437943809526479,0.0
NGC0444,Sd,Courteau97,81.98562344159107,5.544085505442029,4.7777283728795244e-11,1.2054236742587871e-11,0.421794126826611,0.0
NGC0444,Sd,Courteau97,81.98562344159107,6.074837751921073,6.965463029827545e-11,1.164654588304514e-11,0.39793894104892147,0.0
NGC0444,Sd,Courteau97,81.98562344159107,6.625816400746612,5.6227251574476127e-11,1.0065014844360111e-11,0.4322418317072698,0.0
NGC0444,Sd,Courteau97,81.98562344159107,7.098083814025647,3.821180093987175e-11,9.568084714646947e-12,0.47144537070419035,0.0
NGC0444,Sd,Courteau97,81.98562344159107,8.672308524955762,4.8377929146381344e-11,7.756036163190924e-12,0.4602998947560447,0.0
NGC0444,Sd,Courteau97,81.98562344159107,9.223287173781301,6.874458687992994e-11,9.981278090142678e-12,0.32288298692841794,0.0
NGC0444,Sd,Courteau97,81.98562344159107,9.794492224953338,7.831633558127748e-11,9.470215771146746e-12,0.26545622670213,0.0
NGC0444,Sd,Courteau97,81.98562344159107,10.297099241752115,7.525269037215487e-11,8.230892631222089e-12,0.33253416186375473,0.0
NGC0496,Sbc,Courteau97/ShellFlow,57.88917315631621,0.4069865646134827,6.237470933861911e-11,2.3544474464666048e-11,0.702310308229036,0.0
NGC0496,Sbc,Courteau97/ShellFlow,57.88917315631621,1.254152482225069,9.212228734369478e-11,5.673378986702502e-11,0.6106953261889271,0.0
NGC0496,Sbc,Courteau97/ShellFlow,57.88917315631621,2.101256559522944,1.2257096377716875e-10,7.01796888080462e-11,0.5909963176860498,0.0
NGC0496,Sbc,Courteau97/ShellFlow,57.88917315631621,2.915229688749909,1.2174134345883214e-10,7.492208406741929e-11,0.5363385153856534,0.0
NGC0496,Sbc,Courteau97/ShellFlow,57.88917315631621,3.7292028179768746,1.1334844342863758e-10,8.638623268973642e-11,0.49304596782327154,0.0
NGC0496,Sbc,Courteau97/ShellFlow,57.88917315631621,4.576770697627586,1.1339292954300976e-10,7.810194055044469e-11,0.4857379222651968,0.0
NGC0496,Sbc,Courteau97/ShellFlow,57.88917315631621,5.439679191463761,8.575532226705382e-11,8.250162351989639e-11,0.41858590312784094,0.0
NGC0496,Sbc,Courteau97/ShellFlow,57.88917315631621,6.231178988503316,9.075834587381916e-11,5.457181698266382e-11,0.5139354164601049,0.0
NGC0496,Sbc,Courteau97/ShellFlow,57.88917315631621,7.051419071340267,8.064197920036075e-11,8.303328828878864e-11,0.2815787942918643,0.0
NGC0496,Sbc,Courteau97/ShellFlow,57.88917315631621,7.869813782997601,6.606451666914487e-11,7.68964081516842e-11,0.2859095570439483,0.0
NGC0496,Sbc,Courteau97/ShellFlow,57.88917315631621,8.736644920369429,7.190313962810512e-11,6.366291368907787e-11,0.3115859910542986,0.0
NGC0496,Sbc,Courteau97/ShellFlow,57.88917315631621,9.528309156424989,7.952478567143025e-11,6.315015497871643e-11,0.2697635495506583,0.0
NGC0496,Sbc,Courteau97/ShellFlow,57.88917315631621,10.405189344774927,6.345959325530498e-11,6.138236570869805e-11,0.2359878845928671,0.0
NGC0496,Sbc,Courteau97/ShellFlow,57.88917315631621,11.26647914832168,6.155655553741724e-11,4.62840822813538e-11,0.24090717065987738,0.0
NGC0496,Sbc,Courteau97/ShellFlow,57.88917315631621,12.055868789663784,7.146624515375488e-11,2.659904505192034e-11,0.5042487483295786,0.0
NGC0496,Sbc,Courteau97/ShellFlow,57.88917315631621,12.884491202094395,6.053872428380691e-11,3.965193844630711e-11,0.28817050700591906,0.0
NGC0496,Sbc,Courteau97/ShellFlow,57.88917315631621,13.729013446294815,6.607085480719394e-11,4.807422071191431e-11,0.1727726273276441,0.0
NGC0496,Sbc,Courteau97/ShellFlow,57.88917315631621,14.5469258035052,6.329734124070802e-11,2.4414052861310042e-11,0.4155726756053692,0.0
NGC0496,Sbc,Courteau97/ShellFlow,57.88917315631621,15.378987224492766,6.046453988191145e-11,3.740768408608209e-11,0.19065042405539,0.0
NGC0496,Sbc,Courteau97/ShellFlow,57.88917315631621,16.016713398298307,5.809780071523977e-11,2.2190317860349142e-11,0.3837177258922841,0.0
NGC0496,Sbc,Courteau97/ShellFlow,57.88917315631621,16.709160004363323,9.773063050293007e-11,3.820657863252923e-11,0.1327717463890663,0.0
NGC0512,Sab,ShellFlow,74.69001674636216,0.3162442700271149,8.895635268701635e-11,4.660543478955694e-11,0.5548036186535934,0.0
NGC0512,Sab,ShellFlow,74.69001674636216,0.7848727510726492,1.2201288890639385e-10,9.651027964866613e-11,0.5510056813960412,0.0
NGC0512,Sab,ShellFlow,74.69001674636216,1.40842517998691,2.163376654933214e-10,1.2504040954606407e-10,0.503327339307306,0.0
NGC0512,Sab,ShellFlow,74.69001674636216,2.1378564162606355,2.7031183145586e-10,1.2331736120051312e-10,0.4939279927772314,0.0
NGC0512,Sab,ShellFlow,74.69001674636216,2.7714172896516613,4.061206412698882e-10,1.10307352156078e-10,0.509250076658164,0.0
NGC0512,Sab,ShellFlow,74.69001674636216,3.2711810631954044,4.49808552956868e-10,1.0947923180887904e-10,0.5144496560982074,0.0
NGC0512,Sab,ShellFlow,74.69001674636216,3.816377907061305,4.825463031380723e-10,1.1768584672610263e-10,0.44005250795660256,0.0
NGC0512,Sab,ShellFlow,74.69001674636216,4.408795043477357,4.923184267519403e-10,1.0248528888721606e-10,0.49269327081785036,0.0
NGC0512,Sab,ShellFlow,74.69001674636216,5.0412835835315875,4.676101799251629e-10,1.1942819686860836e-10,0.3316981209230543,0.0
NGC0512,Sab,ShellFlow,74.69001674636216,5.63370071994764,4.201921661603293e-10,1.3522669536241675e-10,0.2824003219908588,0.0
NGC0512,Sab,ShellFlow,74.69001674636216,6.135966604610574,3.9498055065302956e-10,1.2254037026369716e-10,0.2495933285978276,0.0
NGC0512,Sab,ShellFlow,74.69001674636216,6.814960548323758,3.1227059857173643e-10,1.1920011155797634e-10,0.22996683889875655,0.0
NGC0512,Sab,ShellFlow,74.69001674636216,7.403803240283823,2.999675757192736e-10,1.0052241225667134e-10,0.2082089354280586,0.0
NGC0512,Sab,ShellFlow,74.69001674636216,7.996220376699877,2.810832793115131e-10,6.651584012503646e-11,0.36719499966008307,0.0
NGC0512,Sab,ShellFlow,74.69001674636216,8.588637513115929,2.6972789312701214e-10,7.12183427668782e-11,0.3083051589842367,0.0
NGC0512,Sab,ShellFlow,74.69001674636216,9.177480205075994,2.8571719832840716e-10,8.723724162031775e-11,0.16396670230559623,0.0
NGC0512,Sab,ShellFlow,74.69001674636216,9.573867282379464,2.2290272848810982e-10,5.772229228929621e-11,0.3089751628912617,0.0
NGC0512,Sab,ShellFlow,74.69001674636216,11.845520798487383,2.416858580655404e-10,4.891072129130685e-11,0.08174032736500811,0.0
NGC0658,Sb,Courteau97,62.38859389269488,0.2738136862773616,1.3663322088339086e-10,7.631495878746475e-11,0.4095186517547896,0.0
NGC0658,Sb,Courteau97,62.38859389269488,0.7956085352984429,3.963006422755589e-10,1.6559440996672267e-10,0.39595632698156175,0.0
NGC0658,Sb,Courteau97,62.38859389269488,1.2853754804095054,2.7543046012992343e-10,1.8328869030853279e-10,0.36003493605775577,0.0
NGC0658,Sb,Courteau97,62.38859389269488,1.8071703294305865,2.1531236643719107e-10,1.8266128440868764e-10,0.3158677939607515,0.0
NGC0658,Sb,Courteau97,62.38859389269488,2.3547977019853095,2.2861622991832185e-10,1.6485750397595272e-10,0.25986704689207624,0.0
NGC0658,Sb,Courteau97,62.38859389269488,2.876592551006391,2.259293340873048e-10,1.39477917104174e-10,0.234416350648061,0.0
NGC0658,Sb,Courteau97,62.38859389269488,3.3663594961174534,1.6410463514707902e-10,1.218363033500565e-10,0.2687449081857605,0.0
NGC0658,Sb,Courteau97,62.38859389269488,3.8881543451385348,1.515134197661259e-10,1.1616242849711377e-10,0.19420298733139543,0.0
NGC0658,Sb,Courteau97,62.38859389269488,4.381018980437786,1.216902073500548e-10,1.0009192830767663e-10,0.19797094828004974,0.0
NGC0658,Sb,Courteau97,62.38859389269488,4.668274429496036,9.022792405915252e-11,8.978409874326738e-11,0.1699857999385245,0.0
NGC0658,Sb,Courteau97,62.38859389269488,5.4897154883281205,9.484749858237327e-11,6.268647426300847e-11,0.2301280247532129,0.0
NGC0658,Sb,Courteau97,62.38859389269488,5.927817386371899,1.0666544779634521e-10,5.6538241066101914e-11,0.2321884408867764,0.0
NGC0658,Sb,Courteau97,62.38859389269488,9.815971731510436,1.0068644506007782e-10,2.3139749372266774e-11,0.2825718204052315,0.0
NGC0658,Sb,Courteau97,62.38859389269488,10.089785417787795,7.991318234561165e-11,2.7879149430241205e-11,0.1838233705134676,0.0
NGC0658,Sb,Courteau97,62.38859389269488,10.363599104065157,7.093650427230713e-11,2.4663032288461533e-11,0.21919412596509352,0.0
NGC0673,SAB(s)c,ShellFlow,50.78060188901272,0.4562816160440857,5.378117013466753e-11,1.337557351188716e-10,0.4954285956669328,0.0
NGC0673,SAB(s)c,ShellFlow,50.78060188901272,1.3618831865157282,1.4496972026309897e-10,2.311093351140227e-10,0.4476492434754337,0.0
NGC0673,SAB(s)c,ShellFlow,50.78060188901272,2.3232105810486514,1.9599349627482e-10,2.047931439793055e-10,0.4275445496236538,0.0
NGC0673,SAB(s)c,ShellFlow,50.78060188901272,3.284537975581574,2.1422995224154386e-10,1.7348305502268904e-10,0.45539626320337195,0.0
NGC0673,SAB(s)c,ShellFlow,50.78060188901272,4.190139546053216,1.9914234853278254e-10,1.4965460516109237e-10,0.3905016908514174,0.0
NGC0673,SAB(s)c,ShellFlow,50.78060188901272,5.15146694058614,1.7552445356146798e-10,1.548922042420976e-10,0.3687539590514112,0.0
NGC0673,SAB(s)c,ShellFlow,50.78060188901272,6.0605493418660465,1.349502891098735e-10,8.639396233215661e-11,0.5443175525435198,0.0
NGC0673,SAB(s)c,ShellFlow,50.78060188901272,6.969631743145953,1.0573597398032693e-10,1.420671169204307e-10,0.35362429845121945,0.0
NGC0673,SAB(s)c,ShellFlow,50.78060188901272,7.929218722274744,1.0524301662792994e-10,9.563267409326394e-11,0.4568593585965875,0.0
NGC0673,SAB(s)c,ShellFlow,50.78060188901272,8.83656070815052,1.0110209089174683e-10,8.117923352590837e-11,0.44498609856293314,0.0
NGC0673,SAB(s)c,ShellFlow,50.78060188901272,9.79788810268344,9.255558209886455e-11,7.339330650588468e-11,0.39563311504688076,0.0
NGC0673,SAB(s)c,ShellFlow,50.78060188901272,10.759215497216365,8.734372250787572e-11,6.319315271328312e-11,0.39707876503159417,0.0
NGC0673,SAB(s)c,ShellFlow,50.78060188901272,11.664817067688007,8.95305591482079e-11,6.054696424445048e-11,0.36043192677985053,0.0
NGC0673,SAB(s)c,ShellFlow,50.78060188901272,12.582352915216557,7.785779429887025e-11,6.873769774622091e-11,0.22914483407456704,0.0
NGC0673,SAB(s)c,ShellFlow,50.78060188901272,13.573539238912494,7.409680658385596e-11,6.978903579006547e-11,0.16067330530765653,0.0
NGC0673,SAB(s)c,ShellFlow,50.78060188901272,14.40946842556905,6.959333473701891e-11,4.257061983194033e-11,0.32159029850899595,0.0
NGC0673,SAB(s)c,ShellFlow,50.78060188901272,15.419559982546724,8.034528827368128e-11,4.467575475445965e-11,0.2398481178702888,0.0
NGC0673,SAB(s)c,ShellFlow,50.78060188901272,16.328642383826633,7.737738367579108e-11,5.24644562772626e-11,0.12270269454865457,0.0
NGC0673,SAB(s)c,ShellFlow,50.78060188901272,17.338733940804303,5.266189217140962e-11,3.09978549857003e-11,0.3144535342456434,0.0
NGC0673,SAB(s)c,ShellFlow,50.78060188901272,18.04579803068868,4.9609703552112544e-11,4.152262310604195e-11,0.11994107371213485,0.0
NGC0673,SAB(s)c,ShellFlow,50.78060188901272,18.65185296487528,4.7232063503884246e-11,3.312001695219683e-11,0.18251759303045073,0.0
NGC0768,SB(r)bc:,Courteau97,36.73389397945809,0.3560575579957821,6.920690803978961e-10,5.561102918933779e-11,0.648270324635637,0.0
NGC0768,SB(r)bc:,Courteau97,36.73389397945809,1.171767580539597,1.2841779861102394e-09,1.4813128108049883e-10,0.5796798027212166,0.0
NGC0768,SB(r)bc:,Courteau97,36.73389397945809,2.0505932659442947,1.092081614447769e-09,1.9644870857805897e-10,0.48659716010670645,0.0
NGC0768,SB(r)bc:,Courteau97,36.73389397945809,2.9294189513489926,8.787014939280653e-10,2.0227625871245738e-10,0.4053816435725993,0.0
NGC0768,SB(r)bc:,Courteau97,36.73389397945809,3.8082446367536904,5.348415487448065e-10,1.7681012536198051e-10,0.42328276484660293,0.0
NGC0768,SB(r)bc:,Courteau97,36.73389397945809,4.623954659297506,4.077340903355103e-10,1.4265359172337263e-10,0.4491668721723319,0.0
NGC0768,SB(r)bc:,Courteau97,36.73389397945809,5.419425059995636,4.4199049370797276e-10,1.5953989406580393e-10,0.35603232615090713,0.0
NGC0768,SB(r)bc:,Courteau97,36.73389397945809,6.214895460693767,4.397312222375255e-10,9.942513282098876e-11,0.49074334020823124,0.0
NGC0768,SB(r)bc:,Courteau97,36.73389397945809,7.030605483237583,4.976575599953002e-10,1.335322320304511e-10,0.2579640200583064,0.0
NGC0768,SB(r)bc:,Courteau97,36.73389397945809,7.932067587811795,5.241384100835882e-10,1.420085950560766e-10,0.23717073809716657,0.0
NGC0768,SB(r)bc:,Courteau97,36.73389397945809,8.810893273216493,4.1624940637333646e-10,1.1745585068394534e-10,0.24185866685537252,0.0
NGC0768,SB(r)bc:,Courteau97,36.73389397945809,9.68971895862119,3.8595668538745455e-10,1.0629893738220795e-10,0.20331522066677993,0.0
NGC0768,SB(r)bc:,Courteau97,36.73389397945809,10.422073696458439,4.078638697712626e-10,1.0766620555977998e-10,0.1310149031536703,0.0
NGC0768,SB(r)bc:,Courteau97,36.73389397945809,11.007957486728237,5.2179091734259e-10,6.818682561490058e-11,0.2733618853948705,0.0
NGC0768,SB(r)bc:,Courteau97,36.73389397945809,12.866806966766054,1.4574143846819164e-10,6.235582727253667e-11,0.14777788146755697,0.0
NGC0768,SB(r)bc:,Courteau97,36.73389397945809,13.452690757035851,1.8915957763130942e-10,4.608538872206817e-11,0.24739688371310822,0.0
NGC0768,SB(r)bc:,Courteau97,36.73389397945809,16.528580655952293,1.250849390939916e-10,3.5838788096629876e-11,0.1321605156935059,0.0
NGC0803,SA(s)c: sp,Courteau97,72.6112157881275,0.16113054977819793,1.0547716668384743e-10,1.4721139581261607e-11,0.24118083728587197,0.0
NGC0803,SA(s)c: sp,Courteau97,72.6112157881275,1.0856650890844302,1.9199855274638957e-10,4.8588189947241244e-11,0.44634963214393697,0.0
NGC0803,SA(s)c: sp,Courteau97,72.6112157881275,1.5069888050455835,1.796202652921369e-10,5.2902632190410735e-11,0.4418215656601698,0.0
NGC0803,SA(s)c: sp,Courteau97,72.6112157881275,1.9493362160327732,1.5285580206806884e-10,5.071314239342909e-11,0.4361116578556066,0.0
NGC0803,SA(s)c: sp,Courteau97,72.6112157881275,2.3337409933822992,1.7865459940044028e-10,5.007820515805943e-11,0.408137134844055,0.0
NGC0803,SA(s)c: sp,Courteau97,72.6112157881275,2.7579910303382893,1.8328228890572784e-10,4.9289498117867065e-11,0.3801266380044577,0.0
NGC0803,SA(s)c: sp,Courteau97,72.6112157881275,3.218221514071703,1.8403309243047822e-10,4.962174839392532e-11,0.3569026239822423,0.0
NGC0803,SA(s)c: sp,Courteau97,72.6112157881275,3.6513170213075408,1.6399484256131503e-10,4.4065358626996175e-11,0.34892449445553975,0.0
NGC0803,SA(s)c: sp,Courteau97,72.6112157881275,4.043626929677841,1.5700838859595048e-10,4.059332903463959e-11,0.33280998560498826,0.0
NGC0803,SA(s)c: sp,Courteau97,72.6112157881275,4.506046611882772,1.338038624370174e-10,3.725352382359992e-11,0.29111500523646544,0.0
NGC0803,SA(s)c: sp,Courteau97,72.6112157881275,4.9202952184256725,1.1427306494057144e-10,3.285826285911541e-11,0.3215840417580928,0.0
NGC0803,SA(s)c: sp,Courteau97,72.6112157881275,5.31200418587739,1.350723221126839e-10,3.021706467853282e-11,0.3414301361672612,0.0
NGC0803,SA(s)c: sp,Courteau97,72.6112157881275,5.754610236346447,1.1985311803068588e-10,3.005429533555544e-11,0.3040926377878208,0.0
NGC0803,SA(s)c: sp,Courteau97,72.6112157881275,7.48333436404625,6.451258460565369e-11,2.402772679072362e-11,0.24528809456138648,0.0
NGC0803,SA(s)c: sp,Courteau97,72.6112157881275,7.886288765035269,6.484535171672093e-11,1.74651576408003e-11,0.3472389289895324,0.0
NGC0803,SA(s)c: sp,Courteau97,72.6112157881275,8.249298884444766,7.859004640796567e-11,2.1517414292605843e-11,0.2278557881630353,0.0
NGC0803,SA(s)c: sp,Courteau97,72.6112157881275,8.530957280197802,5.885073224759308e-11,1.742802994303931e-11,0.30020666989282735,0.0
NGC0820,Sb,ShellFlow,54.705220206293674,0.2737817800263877,4.3576472760343146e-10,1.3544532094648895e-10,0.43058850091716705,0.0
NGC0820,Sb,ShellFlow,54.705220206293674,0.8165082061564354,5.787847898579705e-10,3.1303241752677844e-10,0.3855934851560084,0.0
NGC0820,Sb,ShellFlow,54.705220206293674,1.3640717662092108,5.637073865278544e-10,3.239001121640394e-10,0.34859537054382367,0.0
NGC0820,Sb,ShellFlow,54.705220206293674,1.9067981923392583,4.988992548678483e-10,3.0802565001893807e-10,0.3482810839038458,0.0
NGC0820,Sb,ShellFlow,54.705220206293674,2.454361752392034,4.1818070432124825e-10,2.911271741125525e-10,0.2975712211025694,0.0
NGC0820,Sb,ShellFlow,54.705220206293674,2.9970881785220813,3.5057718550320273e-10,2.417070193537174e-10,0.311738418457673,0.0
NGC0820,Sb,ShellFlow,54.705220206293674,3.544651738574857,3.1725398666894947e-10,2.1654864471335853e-10,0.24466830052565142,0.0
NGC0820,Sb,ShellFlow,54.705220206293674,4.087378164704904,3.393176297048604e-10,2.1721857148603655e-10,0.23756051466037328,0.0
NGC0820,Sb,ShellFlow,54.705220206293674,4.63494172475768,2.4124442295264563e-10,1.7955230697901904e-10,0.21599822556311568,0.0
NGC0820,Sb,ShellFlow,54.705220206293674,5.177668150887728,1.9470016810530227e-10,1.5445227612218054e-10,0.16273526874026836,0.0
NGC0820,Sb,ShellFlow,54.705220206293674,5.722329430586866,2.002321144422767e-10,1.3184040362159329e-10,0.1365800094983994,0.0
NGC0820,Sb,ShellFlow,54.705220206293674,6.292305044481613,1.7735025807802698e-10,1.1247070954667816e-10,0.12909514600359615,0.0
NGC0820,Sb,ShellFlow,54.705220206293674,6.738127554359683,1.6394236809863157e-10,9.773599444085744e-11,0.19110215481382817,0.0
NGC0820,Sb,ShellFlow,54.705220206293674,7.242640622500182,1.5282413564318603e-10,9.428164866074914e-11,0.14045419326284111,0.0
NGC0820,Sb,ShellFlow,54.705220206293674,7.990945240346156,9.185975815997074e-11,7.845162810258538e-11,0.13042046368734503,0.0
NGC0820,Sb,ShellFlow,54.705220206293674,9.03383131408625,1.1116704304511255e-10,5.665275872641622e-11,0.1608364147612062,0.0
NGC0820,Sb,ShellFlow,54.705220206293674,9.765205963202677,2.0428800172966179e-10,5.106909118214034e-11,0.13579249908960528,0.0
NGC0820,Sb,ShellFlow,54.705220206293674,10.8554959493855,1.3642443764196128e-10,4.0929968603020116e-11,0.13880571795235616,0.0
NGC0917,Sab,ShellFlow,59.463104930593914,0.2999896807504909,8.509708381101659e-10,1.1415111503232401e-10,0.52073944151957,0.0
NGC0917,Sab,ShellFlow,59.463104930593914,0.8580574404770562,1.731445774673543e-09,2.6958441070044027e-10,0.4733904711811516,0.0
NGC0917,Sab,ShellFlow,59.463104930593914,1.3418668850265436,1.8620143155081112e-09,3.2748815416634197e-10,0.42250725278627876,0.0
NGC0917,Sab,ShellFlow,59.463104930593914,1.8999346447531087,1.6394930853846221e-09,3.395602429409212e-10,0.3554191534888147,0.0
NGC0917,Sab,ShellFlow,59.463104930593914,2.4999140062540905,1.1422517456432461e-09,3.078405980272789e-10,0.3457742478399404,0.0
NGC0917,Sab,ShellFlow,59.463104930593914,2.9998968075049084,9.453613639120055e-10,2.6695514223050683e-10,0.3564227736061057,0.0
NGC0917,Sab,ShellFlow,59.463104930593914,3.4903147203839717,8.219914050361674e-10,2.473181747150868e-10,0.32426684679783446,0.0
NGC0917,Sab,ShellFlow,59.463104930593914,4.109423858628463,6.125707702612526e-10,1.957205357828892e-10,0.3380079521129341,0.0
NGC0917,Sab,ShellFlow,59.463104930593914,4.636362254381499,6.164079254715707e-10,1.984792301159349e-10,0.3018625500738942,0.0
NGC0917,Sab,ShellFlow,59.463104930593914,5.209386021380263,4.095178359067992e-10,1.7811647919666526e-10,0.3258000637221205,0.0
NGC0917,Sab,ShellFlow,59.463104930593914,5.6093722623809175,4.2830974514121027e-10,1.7447427263685887e-10,0.2749398527349314,0.0
NGC0917,Sab,ShellFlow,59.463104930593914,7.509306907134027,2.7092453429395965e-10,1.465313451369338e-10,0.20976995002127755,0.0
NGC0917,Sab,ShellFlow,59.463104930593914,8.509272509635663,3.238078491533114e-10,1.0246447443830066e-10,0.2852775360477464,0.0
NGC0917,Sab,ShellFlow,59.463104930593914,10.10921747363828,2.760587041812756e-10,9.2585050844504e-11,0.2070651644774229,0.0
NGC0917,Sab,ShellFlow,59.463104930593914,10.509203714638936,2.843175836424004e-10,5.883146426693249e-11,0.3811980376464954,0.0
NGC0917,Sab,ShellFlow,59.463104930593914,10.909189955639588,2.5726556393183265e-10,8.988833077049884e-11,0.15985012660232162,0.0
NGC0918,SAB(rs)c:,Courteau97,60.0838729979721,0.11882740912349232,7.873505714653701e-11,1.3440150671517269e-11,0.06591087952458231,0.0
NGC0918,SAB(rs)c:,Courteau97,60.0838729979721,0.3455162708166679,2.474600460652686e-10,3.3645248285594865e-11,0.455497045346446,0.0
NGC0918,SAB(rs)c:,Courteau97,60.0838729979721,0.7020238237219112,1.6605686265723726e-10,4.656099626756825e-11,0.4893936099704382,0.0
NGC0918,SAB(rs)c:,Courteau97,60.0838729979721,1.067288946549342,2.409585943671036e-10,4.999948187933389e-11,0.516951284222632,0.0
NGC0918,SAB(rs)c:,Courteau97,60.0838729979721,1.281548035779216,2.2696388852251247e-10,5.139374433071269e-11,0.5118719984684585,0.0
NGC0918,SAB(rs)c:,Courteau97,60.0838729979721,1.7203129256054106,1.6660495541101943e-10,5.678673565651146e-11,0.47269385545313153,0.0
NGC0918,SAB(rs)c:,Courteau97,60.0838729979721,2.8720929212420914,1.712891892396639e-10,4.8059348929141685e-11,0.48923680808628583,0.0
NGC0918,SAB(rs)c:,Courteau97,60.0838729979721,3.4753724849101886,1.263062687649781e-10,5.346899043046939e-11,0.42204806911256915,0.0
NGC0918,SAB(rs)c:,Courteau97,60.0838729979721,3.7678824114609846,1.931026928007538e-10,5.643015948020084e-11,0.38028591320547667,0.0
NGC0918,SAB(rs)c:,Courteau97,60.0838729979721,4.001890352701621,1.2107695917970875e-10,5.393349631460503e-11,0.33326306463248484,0.0
NGC0918,SAB(rs)c:,Courteau97,60.0838729979721,4.762416161733692,1.2871993670863267e-10,4.417746209158191e-11,0.35662540498437345,0.0
NGC0918,SAB(rs)c:,Courteau97,60.0838729979721,4.879420132354011,1.0590633990377264e-10,5.227845750899522e-11,0.27798773908413343,0.0
NGC0931,Sbc Sy1.5,Courteau97,83.80858479532849,0.36241601047196575,2.3237224948757173e-10,3.80791244493879e-10,0.39019794209177444,0.0
NGC0931,Sbc Sy1.5,Courteau97,83.80858479532849,1.1379895571231184,1.4111987791222238e-10,5.619525277190572e-10,0.4112466147150098,0.0
NGC0931,Sbc Sy1.5,Courteau97,83.80858479532849,1.9508392407824886,2.209387138412021e-10,8.523287601121934e-10,0.04847429837500195,0.0
NGC0931,Sbc Sy1.5,Courteau97,83.80858479532849,2.763688924441859,2.602479574021008e-10,2.933094080709052e-10,0.22922616418210678,0.0
NGC0931,Sbc Sy1.5,Courteau97,83.80858479532849,3.5765386081012296,3.2115263721680715e-10,2.815438345508355e-10,0.12636875106111145,0.0
NGC0931,Sbc Sy1.5,Courteau97,83.80858479532849,4.389388291760599,3.354965043012434e-10,1.86209085674146e-10,0.1912664067623813,0.0
NGC0931,Sbc Sy1.5,Courteau97,83.80858479532849,5.078389241800596,3.004599902240874e-10,1.3692723319213998e-10,0.2269813757227377,0.0
NGC0931,Sbc Sy1.5,Courteau97,83.80858479532849,5.5377232084939285,2.916805415505441e-10,1.1794531401887297e-10,0.23814112985484973,0.0
NGC0931,Sbc Sy1.5,Courteau97,83.80858479532849,8.616206646789326,1.1379975069443624e-10,6.628790023242463e-11,0.27457199271827504,0.0
NGC0931,Sbc Sy1.5,Courteau97,83.80858479532849,9.138893625190896,1.0472072579430361e-10,5.2756497344046597e-11,0.30209737541797355,0.0
NGC0931,Sbc Sy1.5,Courteau97,83.80858479532849,9.853216074467312,1.1597082397248833e-10,4.36954127522631e-11,0.3908656083524772,0.0
NGC0931,Sbc Sy1.5,Courteau97,83.80858479532849,10.604322024580032,1.153408677285768e-10,4.614222812982495e-11,0.32639867409663215,0.0
NGC0931,Sbc Sy1.5,Courteau97,83.80858479532849,11.379895571231184,1.0539204163953649e-10,5.066750196989162e-11,0.25169701896213187,0.0
NGC0931,Sbc Sy1.5,Courteau97,83.80858479532849,12.192745254890555,1.1465593907585546e-10,4.0260417386717774e-11,0.24378013465817955,0.0
NGC0931,Sbc Sy1.5,Courteau97,83.80858479532849,13.005594938549924,1.0766769926561178e-10,3.453064523264032e-11,0.3354897560334275,0.0
NGC0931,Sbc Sy1.5,Courteau97,83.80858479532849,13.818444622209295,1.0331596271118422e-10,4.120163888258157e-11,0.21347006479508868,0.0
NGC0931,Sbc Sy1.5,Courteau97,83.80858479532849,14.570207420551233,1.1058406263608318e-10,2.691354760055125e-11,0.3645409790998735,0.0
NGC0931,Sbc Sy1.5,Courteau97,83.80858479532849,15.352513661551889,9.29741757684411e-11,3.2146025567392766e-11,0.23755938841095553,0.0
NGC0931,Sbc Sy1.5,Courteau97,83.80858479532849,15.758938503381573,9.883382581483983e-11,2.737771091010176e-11,0.2899749383103225,0.0
NGC1085,SA(s)bc:,ShellFlow,52.554406186345396,0.5081975856301361,4.0373406873794686e-10,1.7108685456384542e-10,0.6095445273661975,0.0
NGC1085,SA(s)bc:,ShellFlow,52.554406186345396,1.5245927568904079,7.685973059677623e-10,3.936853682178885e-10,0.4253884168038676,0.0
NGC1085,SA(s)bc:,ShellFlow,52.554406186345396,2.590551052683772,6.636880126386381e-10,4.1388476598642384e-10,0.36693144569244457,0.0
NGC1085,SA(s)bc:,ShellFlow,52.554406186345396,3.659022616536979,4.827989629478835e-10,3.3794203930368036e-10,0.3177061649675478,0.0
NGC1085,SA(s)bc:,ShellFlow,52.554406186345396,4.675417787797251,3.843713964957345e-10,2.405220940906756e-10,0.3785306304194266,0.0
NGC1085,SA(s)bc:,ShellFlow,52.554406186345396,5.691812959057524,3.058451601345481e-10,1.8914496790417987e-10,0.3798036700398797,0.0
NGC1085,SA(s)bc:,ShellFlow,52.554406186345396,6.667145765398881,2.5149806794661263e-10,1.9704074164252824e-10,0.30063980549921715,0.0
NGC1085,SA(s)bc:,ShellFlow,52.554406186345396,7.724603301578067,2.2124820038292929e-10,1.4196458295755603e-10,0.3028612882968503,0.0
NGC1085,SA(s)bc:,ShellFlow,52.554406186345396,8.793074865431274,1.986698200740401e-10,1.5493633196243846e-10,0.2404311398886084,0.0
NGC1085,SA(s)bc:,ShellFlow,52.554406186345396,9.833623281943131,2.084526071805425e-10,1.2251298550018798e-10,0.2615338538259316,0.0
NGC1085,SA(s)bc:,ShellFlow,52.554406186345396,10.832333177223475,1.3615582239737015e-10,1.0666945446524715e-10,0.2528837805449415,0.0
NGC1085,SA(s)bc:,ShellFlow,52.554406186345396,11.891823503745183,1.3474607465709656e-10,8.966611751672342e-11,0.2573205410395076,0.0
NGC1085,SA(s)bc:,ShellFlow,52.554406186345396,12.908218675005454,1.290357678500389e-10,8.638211297814713e-11,0.20847638528353257,0.0
NGC1085,SA(s)bc:,ShellFlow,52.554406186345396,13.974176970798817,1.2299551435084653e-10,8.55081951530049e-11,0.16991001502660563,0.0
NGC1085,SA(s)bc:,ShellFlow,52.554406186345396,14.99955337939059,1.342375308673364e-10,4.754725272085056e-11,0.37585319668247236,0.0
NGC1085,SA(s)bc:,ShellFlow,52.554406186345396,15.79112193876809,1.4381216223758394e-10,5.966691407266394e-11,0.21840096941702006,0.0
NGC1085,SA(s)bc:,ShellFlow,52.554406186345396,17.107760243618646,8.159298291492862e-11,5.6691479387991904e-11,0.18305436384315182,0.0
NGC1085,SA(s)bc:,ShellFlow,52.554406186345396,18.07597828376118,8.201233366891826e-11,3.48696627142288e-11,0.3822825007494843,0.0
NGC1085,SA(s)bc:,ShellFlow,52.554406186345396,19.138992113543257,9.536244766378351e-11,4.1398170051972796e-11,0.2397306483809934,0.0
NGC1085,SA(s)bc:,ShellFlow,52.554406186345396,20.08762760671951,8.02963130317045e-11,3.210365376433346e-11,0.3064318704008082,0.0
NGC1085,SA(s)bc:,ShellFlow,52.554406186345396,20.697464709475675,6.363161304451861e-11,4.254807744730524e-11,0.16210462270967257,0.0
NGC1095,SBc,ShellFlow,55.64330034614811,0.3385637136693089,2.259853032992939e-11,1.5919981860437397e-11,0.7071273282101842,0.0
NGC1095,SBc,ShellFlow,55.64330034614811,1.0885785761035562,4.586801008882799e-11,4.095372402824245e-11,0.6520795029655084,0.0
NGC1095,SBc,ShellFlow,55.64330034614811,1.8385934385378035,1.0548886168301365e-10,5.5830750801953804e-11,0.6026604590037784,0.0
NGC1095,SBc,ShellFlow,55.64330034614811,2.5853741182459458,1.4283555578454883e-10,6.547276916210968e-11,0.5322616079829754,0.0
NGC1095,SBc,ShellFlow,55.64330034614811,3.332154797954088,1.46533720598945e-10,7.156268791099214e-11,0.4986145560738259,0.0
NGC1095,SBc,ShellFlow,55.64330034614811,4.0821696603883355,1.3788505537578613e-10,6.198623188197788e-11,0.5153064383653867,0.0
NGC1095,SBc,ShellFlow,55.64330034614811,4.832184522822582,1.3419943567634237e-10,6.782036438736714e-11,0.44870785636097266,0.0
NGC1095,SBc,ShellFlow,55.64330034614811,5.578965202530725,1.2049313275399913e-10,4.4513691239896066e-11,0.5412947310983578,0.0
NGC1095,SBc,ShellFlow,55.64330034614811,6.325745882238868,1.1022607130640237e-10,6.930592309231222e-11,0.35646859890287463,0.0
NGC1095,SBc,ShellFlow,55.64330034614811,7.075760744673115,1.0151058183833914e-10,6.368868292443505e-11,0.3761740788654982,0.0
NGC1095,SBc,ShellFlow,55.64330034614811,7.825775607107363,9.730381062433643e-11,5.91706382047181e-11,0.3668693296200714,0.0
NGC1095,SBc,ShellFlow,55.64330034614811,8.572556286815505,8.524208895727852e-11,6.06375751439161e-11,0.3110112404968011,0.0
NGC1095,SBc,ShellFlow,55.64330034614811,9.319336966523647,8.07784895385189e-11,6.383140701095437e-11,0.242653293796265,0.0
NGC1095,SBc,ShellFlow,55.64330034614811,10.069351828957894,8.844966090718847e-11,5.2603709489292e-11,0.21375447671034303,0.0
NGC1095,SBc,ShellFlow,55.64330034614811,10.819366691392142,8.33518587933694e-11,2.7860697643462166e-11,0.4918560661348086,0.0
NGC1095,SBc,ShellFlow,55.64330034614811,11.566147371100284,8.256423455110722e-11,4.020730233018948e-11,0.2787660213147547,0.0
NGC1095,SBc,ShellFlow,55.64330034614811,12.312928050808427,7.582557742356066e-11,4.9360855435489817e-11,0.14858904749259097,0.0
NGC1095,SBc,ShellFlow,55.64330034614811,13.062942913242674,7.42194662286159e-11,2.555663143786485e-11,0.3838011631556634,0.0
NGC1095,SBc,ShellFlow,55.64330034614811,13.54728149710324,5.743090025942204e-11,4.236025416012339e-11,0.1303700744249449,0.0
NGC1095,SBc,ShellFlow,55.64330034614811,14.559738455385062,4.8993931282012875e-11,2.2056758050936453e-11,0.33372642171786443,0.0
NGC1095,SBc,ShellFlow,55.64330034614811,14.908004717232687,7.348249604060245e-11,3.519880988593274e-11,0.1137867002977624,0.0
NGC2486,S(r)b,ShellFlow,57.132681481132686,0.38183131874045523,3.3602609703822644e-10,1.2227297954168918e-10,0.4793454610079518,0.0
NGC2486,S(r)b,ShellFlow,57.132681481132686,1.2539748653431266,9.418525045472897e-10,2.753461171238999e-10,0.3232020722273118,0.0
NGC2486,S(r)b,ShellFlow,57.132681481132686,3.222540867815674,4.5687147035989747e-10,1.6613655671106595e-10,0.27639467379661536,0.0
NGC2486,S(r)b,ShellFlow,57.132681481132686,3.994728923278307,3.9031904376245135e-10,1.305170836151429e-10,0.26466593773261493,0.0
NGC2486,S(r)b,ShellFlow,57.132681481132686,4.844144415194046,3.2362754084839257e-10,1.0194560078894755e-10,0.2823043133304075,0.0
NGC2486,S(r)b,ShellFlow,57.132681481132686,5.674102007126755,2.607848434068766e-10,7.014513287318799e-11,0.404516574021072,0.0
NGC2486,S(r)b,ShellFlow,57.132681481132686,6.5038869809226,2.5936858697143445e-10,7.941115484567892e-11,0.2863548275849997,0.0
NGC2486,S(r)b,ShellFlow,57.132681481132686,7.411072009308414,2.240447963311851e-10,5.849135649527636e-11,0.38196722533380234,0.0
NGC2486,S(r)b,ShellFlow,57.132681481132686,8.337456010471966,2.1985751448213246e-10,3.965148042595017e-11,0.4846198231000084,0.0
NGC2486,S(r)b,ShellFlow,57.132681481132686,9.21138327782222,1.9510493767531113e-10,3.260228953875929e-11,0.51660562238183,0.0
NGC2486,S(r)b,ShellFlow,57.132681481132686,9.852731580491115,1.9209214613467934e-10,4.6243307959781396e-11,0.344297989593868,0.0
NGC2486,S(r)b,ShellFlow,57.132681481132686,10.84997053188859,1.8267064199209727e-10,4.347900756322051e-11,0.3075420158602393,0.0
NGC2486,S(r)b,ShellFlow,57.132681481132686,11.804794969416365,1.6599357336234233e-10,4.581180793064508e-11,0.219250109010608,0.0
NGC2486,S(r)b,ShellFlow,57.132681481132686,12.66434058866022,1.5001830233892615e-10,4.9730108458984566e-11,0.13498960805944926,0.0
NGC2486,S(r)b,ShellFlow,57.132681481132686,13.326671584854434,1.3956969602230308e-10,2.958519891297454e-11,0.30761613227744383,0.0
NGC2486,S(r)b,ShellFlow,57.132681481132686,14.349050449906674,1.1791894369593177e-10,3.2971310469762207e-11,0.17862353907484188,0.0
NGC2486,S(r)b,ShellFlow,57.132681481132686,15.098940397708452,1.3145864172993102e-10,2.749516627871098e-11,0.13932301550190798,0.0
NGC2486,S(r)b,ShellFlow,57.132681481132686,15.88412915618258,1.6657481894693835e-10,2.6329097703137545e-11,0.1746463615803068,0.0
NGC2486,S(r)b,ShellFlow,57.132681481132686,17.465694885705283,1.1124077422389105e-10,2.3213117918379527e-11,0.12242141239957696,0.0
NGC2596,Sb,Courteau97,73.00549476752731,0.40711753293093833,2.2017415928354405e-10,2.122966612228142e-11,0.7082056536939746,0.0
NGC2596,Sb,Courteau97,73.00549476752731,1.2384919782803674,2.4496979426823813e-10,5.4244655729868866e-11,0.6428222185886004,0.0
NGC2596,Sb,Courteau97,73.00549476752731,2.0247005604979567,2.0516690655080852e-10,7.054761079741776e-11,0.5836097282808963,0.0
NGC2596,Sb,Courteau97,73.00549476752731,2.8470340078848255,2.6423178085404035e-10,7.920038068634286e-11,0.5382051964991745,0.0
NGC2596,Sb,Courteau97,73.00549476752731,3.6756992461154336,2.6937445019532076e-10,7.10596489239512e-11,0.5167055133654616,0.0
NGC2596,Sb,Courteau97,73.00549476752731,4.447001948778056,1.9663827074650393e-10,6.181573352293531e-11,0.5370771977176827,0.0
NGC2596,Sb,Courteau97,73.00549476752731,5.301512483557814,1.6782286050903407e-10,4.709249208311154e-11,0.6345062010371637,0.0
NGC2596,Sb,Courteau97,73.00549476752731,6.106959679161381,1.7408999702296603e-10,8.207517344283561e-11,0.42785332903838624,0.0
NGC2596,Sb,Courteau97,73.00549476752731,6.894278954257873,1.8386798372729345e-10,6.106428527702495e-11,0.524268997972918,0.0
NGC2596,Sb,Courteau97,73.00549476752731,7.703787729632421,1.8915689545726226e-10,4.3861218679054876e-11,0.6084684728561621,0.0
NGC2596,Sb,Courteau97,73.00549476752731,8.481421699121181,1.7438645260713183e-10,4.4372640190673593e-11,0.577893664731487,0.0
NGC2596,Sb,Courteau97,73.00549476752731,9.414246725232104,1.4161602827842636e-10,4.216532710036407e-11,0.5466082655513906,0.0
NGC2596,Sb,Courteau97,73.00549476752731,10.168574861912141,1.303037386014067e-10,5.5504963612289834e-11,0.3888771117846804,0.0
NGC2596,Sb,Courteau97,73.00549476752731,10.96105489849223,1.2721631626604509e-10,6.234214377172541e-11,0.29203425020313584,0.0
NGC2596,Sb,Courteau97,73.00549476752731,11.811316329155858,1.0325825422278468e-10,7.007271286068026e-11,0.20697079204734853,0.0
NGC2596,Sb,Courteau97,73.00549476752731,12.615166416600005,9.829453165716375e-11,2.4657097004860148e-11,0.5896332059551627,0.0
NGC2596,Sb,Courteau97,73.00549476752731,13.437700440816425,9.73604431989144e-11,4.351610348648082e-11,0.30952523930969433,0.0
NGC2596,Sb,Courteau97,73.00549476752731,14.265878173223763,9.687765450417007e-11,6.11660349635159e-11,0.1451412537571507,0.0
NGC2596,Sb,Courteau97,73.00549476752731,15.025383847477759,9.165982255317062e-11,3.2794239039769715e-11,0.35058591400995587,0.0
NGC2596,Sb,Courteau97,73.00549476752731,15.803840718978012,7.060825536894894e-11,4.9823395145705284e-11,0.13164705681905683,0.0
NGC2596,Sb,Courteau97,73.00549476752731,16.283451787748767,8.204366645749937e-11,3.612406406547468e-11,0.21206387967160267,0.0
NGC2919,SAB(r)b:,Courteau97,71.44639424596821,0.22496487195736417,1.2456544604340057e-10,1.7009826186383868e-11,0.5304623602624698,0.0
NGC2919,SAB(r)b:,Courteau97,71.44639424596821,0.6541652243473203,9.074371493111058e-11,3.91776740699452e-11,0.5703144649589148,0.0
NGC2919,SAB(r)b:,Courteau97,71.44639424596821,1.1120808813904446,9.453135131915665e-11,4.4817250148314404e-11,0.5969211417574299,0.0
NGC2919,SAB(r)b:,Courteau97,71.44639424596821,1.5699965384335686,1.11513612020354e-10,4.3823368455061287e-11,0.608230312239242,0.0
NGC2919,SAB(r)b:,Courteau97,71.44639424596821,1.9991968908235247,1.2657964432904743e-10,4.472843120424114e-11,0.6227967805157237,0.0
NGC2919,SAB(r)b:,Courteau97,71.44639424596821,2.449126634738253,1.3897343135061949e-10,4.808334873797141e-11,0.606083944310898,0.0
NGC2919,SAB(r)b:,Courteau97,71.44639424596821,2.8783269871282093,1.7155527467313978e-10,5.379268166313024e-11,0.5578548009485959,0.0
NGC2919,SAB(r)b:,Courteau97,71.44639424596821,3.3362426441713335,1.605901048448211e-10,5.181051007436299e-11,0.5705646358382218,0.0
NGC2919,SAB(r)b:,Courteau97,71.44639424596821,3.7941583012144577,1.6593947813739288e-10,6.289137454308689e-11,0.45804512452917046,0.0
NGC2919,SAB(r)b:,Courteau97,71.44639424596821,4.223358653604413,1.8161435218474287e-10,7.60343992357539e-11,0.3879636842971748,0.0
NGC2919,SAB(r)b:,Courteau97,71.44639424596821,4.673288397519142,1.4294347411987026e-10,8.563335259149119e-11,0.3176599392983414,0.0
NGC2919,SAB(r)b:,Courteau97,71.44639424596821,5.1024887499090985,1.484781875089921e-10,8.397462023684626e-11,0.2669480828994564,0.0
NGC2919,SAB(r)b:,Courteau97,71.44639424596821,5.533048406661335,1.2830638699412982e-10,7.045099959708991e-11,0.23290307118117806,0.0
NGC2919,SAB(r)b:,Courteau97,71.44639424596821,5.98323302014399,9.6175819558687e-11,5.7005947131023385e-11,0.34782981415766967,0.0
NGC2919,SAB(r)b:,Courteau97,71.44639424596821,6.460297877390735,7.442063385686835e-11,5.6297655342600457e-11,0.3212011424018354,0.0
NGC2919,SAB(r)b:,Courteau97,71.44639424596821,6.929393812813615,7.449506208406746e-11,6.247339650173476e-11,0.22569494339110396,0.0
NGC2919,SAB(r)b:,Courteau97,71.44639424596821,7.191059902552543,6.442321999804328e-11,4.553374439841976e-11,0.3343607881884636,0.0
NGC2919,SAB(r)b:,Courteau97,71.44639424596821,7.845225126899862,6.667697423408322e-11,4.5775550960497796e-11,0.26090368841259964,0.0
NGC2919,SAB(r)b:,Courteau97,71.44639424596821,8.237724261508255,9.160975659230071e-11,5.32227698781088e-11,0.13794378355161868,0.0
NGC2919,SAB(r)b:,Courteau97,71.44639424596821,8.630223396116648,9.957469362480263e-11,3.974033519436758e-11,0.23304576277900088,0.0
NGC2919,SAB(r)b:,Courteau97,71.44639424596821,8.891889485855575,8.609504862022676e-11,3.846155041060353e-11,0.1633909078574287,0.0
NGC2939,Sb-c,Courteau97,76.51893095372124,0.5269527327574831,2.4172120640424214e-10,1.3083551673840549e-11,0.7910803290708732,0.0
NGC2939,Sb-c,Courteau97,76.51893095372124,1.568501561475664,2.4998767385133064e-10,3.2746262960111985e-11,0.7358384144748691,0.0
NGC2939,Sb-c,Courteau97,76.51893095372124,2.62240702699063,2.238572176022458e-10,5.6435346028247083e-11,0.6031247241906201,0.0
NGC2939,Sb-c,Courteau97,76.51893095372124,3.6639558557088114,2.0894845033650249e-10,8.372332910693826e-11,0.4533915215123418,0.0
NGC2939,Sb-c,Courteau97,76.51893095372124,4.7729792257532795,1.9284482904383074e-10,7.471533553096132e-11,0.3910258342066533,0.0
NGC2939,Sb-c,Courteau97,76.51893095372124,5.820706372869853,1.8366783793700268e-10,7.628883340509779e-11,0.3400751710336034,0.0
NGC2939,Sb-c,Courteau97,76.51893095372124,6.8110938556387834,1.5156152636627416e-10,4.4884623053911016e-11,0.5146386914367617,0.0
NGC2939,Sb-c,Courteau97,76.51893095372124,7.946565298038932,1.7885490564013371e-10,5.93420014008259e-11,0.3460860290858884,0.0
NGC2939,Sb-c,Courteau97,76.51893095372124,8.984157568176862,1.208608913163853e-10,3.636915754781416e-11,0.48571985186490935,0.0
NGC2939,Sb-c,Courteau97,76.51893095372124,10.042019592272078,1.1388366033820395e-10,2.8383289762009758e-11,0.5166698529072942,0.0
NGC2939,Sb-c,Courteau97,76.51893095372124,11.074544423920686,1.1698267613974287e-10,2.5456159987417893e-11,0.5058164090955269,0.0
NGC2939,Sb-c,Courteau97,76.51893095372124,12.078399423395473,1.1465458266512369e-10,2.4063761971613655e-11,0.49044309386152446,0.0
NGC2939,Sb-c,Courteau97,76.51893095372124,13.240805899207333,8.84563345001357e-11,2.2465500087236013e-11,0.4636784782903147,0.0
NGC2939,Sb-c,Courteau97,76.51893095372124,14.17211891886651,7.799063289129197e-11,3.215249654032863e-11,0.23006664721749356,0.0
NGC2939,Sb-c,Courteau97,76.51893095372124,19.93722042615083,4.698502137434371e-11,1.881577908614112e-11,0.1719524326976663,0.0
NGC2939,Sb-c,Courteau97,76.51893095372124,20.86853344581001,6.733357021615486e-11,1.5079519351223306e-11,0.23059557242499187,0.0
NGC2939,Sb-c,Courteau97,76.51893095372124,21.101361700724798,8.060149041625196e-11,1.45624558133704e-11,0.2395052139107087,0.0
NGC2964,SAB(r)bc HII,Courteau97,56.19184920798766,0.15325530022059,1.4229332159077001e-09,5.809224722566731e-10,0.0,0.0
NGC2964,SAB(r)bc HII,Courteau97,56.19184920798766,0.4439333139408043,1.82742027290061e-09,1.1123040910408912e-09,0.0988570265729646,0.0
NGC2964,SAB(r)bc HII,Courteau97,56.19184920798766,0.7346113276610187,1.2769191783628742e-09,9.728932143404367e-10,0.13150843690733777,0.0
NGC2964,SAB(r)bc HII,Courteau97,56.19184920798766,1.0411219281021986,9.314545711067245e-10,6.899769806263764e-10,0.18207947533690647,0.0
NGC2964,SAB(r)bc HII,Courteau97,56.19184920798766,1.3492882238867479,5.845696837856849e-10,5.103297670115179e-10,0.200301842408243,0.0
NGC2964,SAB(r)bc HII,Courteau97,56.19184920798766,1.6557988243279278,5.103091386394075e-10,4.0431647808904305e-10,0.25230747208349136,0.0
NGC2964,SAB(r)bc HII,Courteau97,56.19184920798766,1.946476838048142,5.190817611077855e-10,3.413732217095063e-10,0.25538526048466015,0.0
NGC2964,SAB(r)bc HII,Courteau97,56.19184920798766,2.237154851768356,3.6796926230243034e-10,2.9757120485219433e-10,0.28785128181581526,0.0
NGC2964,SAB(r)bc HII,Courteau97,56.19184920798766,2.5436654522095363,2.8687867302847843e-10,2.5997620743258357e-10,0.2976502274031717,0.0
NGC2964,SAB(r)bc HII,Courteau97,56.19184920798766,2.851831747994085,3.023174185047324e-10,2.3507270203492694e-10,0.2828507440167629,0.0
NGC2964,SAB(r)bc HII,Courteau97,56.19184920798766,3.1583423484352653,2.701831079126347e-10,2.1962633600926326e-10,0.2568819728174391,0.0
NGC2964,SAB(r)bc HII,Courteau97,56.19184920798766,3.44902036215548,2.950222829293156e-10,2.1417994510867715e-10,0.2406747997780206,0.0
NGC2964,SAB(r)bc HII,Courteau97,56.19184920798766,3.7430097665624316,2.902331847921592e-10,2.1532132894906054e-10,0.22569399089803358,0.0
NGC3131,SBb:,Mathewson96,75.97929158684794,0.0010476910770125809,5.592052757588801e-09,7.487176465895369e-14,0.0,0.0
NGC3131,SBb:,Mathewson96,75.97929158684794,0.6914761108283034,4.1537322003941583e-10,8.323321905949947e-11,0.6004662088920162,0.0
NGC3131,SBb:,Mathewson96,75.97929158684794,1.3829522216566068,1.0507394818649265e-09,1.3556438524200649e-10,0.4990203506707583,0.0
NGC3131,SBb:,Mathewson96,75.97929158684794,2.0733806414078977,8.670139641676471e-10,1.4311746223639689e-10,0.45114525456803367,0.0
NGC3131,SBb:,Mathewson96,75.97929158684794,2.0754760235619227,8.361687020989383e-10,1.4308988823136845e-10,0.4502967546832044,0.0
NGC3131,SBb:,Mathewson96,75.97929158684794,2.7659044433132136,8.710750680585858e-10,1.1866867740254108e-10,0.48253379448425976,0.0
NGC3131,SBb:,Mathewson96,75.97929158684794,3.4573805541415172,7.103417308492814e-10,1.0734750296092728e-10,0.4897471878093084,0.0
NGC3131,SBb:,Mathewson96,75.97929158684794,4.147808973892808,7.666383454548046e-10,1.0299502444617374e-10,0.45772837719438236,0.0
NGC3131,SBb:,Mathewson96,75.97929158684794,4.149904356046832,4.832499338204387e-10,1.0345579782038078e-10,0.4572196744658268,0.0
NGC3131,SBb:,Mathewson96,75.97929158684794,4.840332775798124,3.2440196237690295e-10,9.023102872031208e-11,0.5256285350429046,0.0
NGC3131,SBb:,Mathewson96,75.97929158684794,5.531808886626427,3.041046987229915e-10,1.069158670178819e-10,0.3682342508668095,0.0
NGC3131,SBb:,Mathewson96,75.97929158684794,6.222237306377718,1.9972393680976495e-10,1.186204868696044e-10,0.3459015042375368,0.0
NGC3131,SBb:,Mathewson96,75.97929158684794,6.224332688531743,2.565906746233353e-10,1.1842258109169075e-10,0.3467404846328623,0.0
NGC3131,SBb:,Mathewson96,75.97929158684794,6.915808799360047,2.4324041136400826e-10,1.0521525493140502e-10,0.35911630959328833,0.0
NGC3131,SBb:,Mathewson96,75.97929158684794,7.606237219111337,2.0205097964949952e-10,1.0137185776434576e-10,0.33157462443481167,0.0
NGC3131,SBb:,Mathewson96,75.97929158684794,8.29666563886263,1.6424376827405408e-10,1.0669818116817145e-10,0.2630056516548709,0.0
NGC3131,SBb:,Mathewson96,75.97929158684794,8.298761021016654,2.299088863052517e-10,1.0646447198242617e-10,0.2637996413010013,0.0
NGC3131,SBb:,Mathewson96,75.97929158684794,8.98814174969093,2.2983532763844891e-10,1.045632520999126e-10,0.20199216784583154,0.0
NGC3131,SBb:,Mathewson96,75.97929158684794,9.679617860519235,2.0866327848400612e-10,5.6577892774627474e-11,0.3951285154772909,0.0
NGC3131,SBb:,Mathewson96,75.97929158684794,10.371093971347538,1.6631946456828978e-10,6.055517786336524e-11,0.3418199887897536,0.0
NGC3153,Scd:,Courteau97,66.7298741515123,0.3060115696797808,1.5836967541929864e-11,1.1730587559060942e-11,0.670622224052371,0.0
NGC3153,Scd:,Courteau97,66.7298741515123,0.9516572161454213,2.3743577391510594e-11,3.44449925469534e-11,0.5922588624208308,0.0
NGC3153,Scd:,Courteau97,66.7298741515123,1.5820278452476184,7.394603019764322e-11,4.7795480791618445e-11,0.5105485961885199,0.0
NGC3153,Scd:,Courteau97,66.7298741515123,2.171399635840626,8.159296843764805e-11,5.240159494336365e-11,0.48240081136129037,0.0
NGC3153,Scd:,Courteau97,66.7298741515123,2.8130554476730696,8.441190284334049e-11,4.863025108573199e-11,0.45631812317662945,0.0
NGC3153,Scd:,Courteau97,66.7298741515123,3.448081393560988,1.0337377666025623e-10,4.9804600064526425e-11,0.4102625855552598,0.0
NGC3153,Scd:,Courteau97,66.7298741515123,4.036787702001471,8.224159712829228e-11,4.6789821326553685e-11,0.43144207882799257,0.0
NGC3153,Scd:,Courteau97,66.7298741515123,4.700100278727204,7.021632481833917e-11,5.223589971822482e-11,0.32774481708468284,0.0
NGC3153,Scd:,Courteau97,66.7298741515123,5.292548364551842,6.165364270415329e-11,4.19671808172274e-11,0.3723222483335994,0.0
NGC3153,Scd:,Courteau97,66.7298741515123,5.900778255642014,7.592515582310847e-11,3.33714531358952e-11,0.4156172193326363,0.0
NGC3153,Scd:,Courteau97,66.7298741515123,6.549011162763921,9.700071256185416e-11,2.78985148522051e-11,0.4428480091977199,0.0
NGC3153,Scd:,Courteau97,66.7298741515123,7.19893637020338,5.538295725171769e-11,2.435080064475265e-11,0.45586890689024334,0.0
NGC3153,Scd:,Courteau97,66.7298741515123,7.739926568491989,5.4117256665328885e-11,2.7982915230401343e-11,0.3719884270802573,0.0
NGC3153,Scd:,Courteau97,66.7298741515123,8.409313229583304,9.567588215635378e-11,3.0228800455166925e-11,0.3007295518653193,0.0
NGC3153,Scd:,Courteau97,66.7298741515123,8.966134624390953,7.842387658541976e-11,2.7092430329271037e-11,0.25625959992339736,0.0
NGC3153,Scd:,Courteau97,66.7298741515123,11.05796339110691,5.908156477828014e-11,2.5008429928249405e-11,0.2088780601019821,0.0
NGC3153,Scd:,Courteau97,66.7298741515123,11.505567726710785,4.334788301548037e-11,1.763084479896682e-11,0.33154186902243143,0.0
NGC3153,Scd:,Courteau97,66.7298741515123,12.21425942743558,3.5097581568442995e-11,2.1319178141561642e-11,0.19760108634420273,0.0
NGC3154,S,ShellFlow,64.41579241190023,0.21323599932126147,6.330334869302488e-11,4.339771022243983e-11,0.6924555834867632,0.0
NGC3154,S,ShellFlow,64.41579241190023,0.7870872300196349,1.670328849973139e-10,1.7486090818429795e-10,0.6223684760236555,0.0
NGC3154,S,ShellFlow,64.41579241190023,1.4167570140353427,2.3504104605954294e-10,2.401771114235428e-10,0.5733541982276563,0.0
NGC3154,S,ShellFlow,64.41579241190023,2.0464267980510504,2.7707075606756686e-10,3.0681982651119464e-10,0.5047230950231875,0.0
NGC3154,S,ShellFlow,64.41579241190023,2.6760965820667586,2.91350216519254e-10,3.3850448147430285e-10,0.4665958554586945,0.0
NGC3154,S,ShellFlow,64.41579241190023,3.3057663660824663,3.0679415762068166e-10,3.432023459144295e-10,0.39664582343478677,0.0
NGC3154,S,ShellFlow,64.41579241190023,3.935436150098174,3.0526245891685123e-10,3.157020256731157e-10,0.4081328503446076,0.0
NGC3154,S,ShellFlow,64.41579241190023,4.565105934113882,2.8835578985333295e-10,3.523306896777432e-10,0.3013209364776592,0.0
NGC3154,S,ShellFlow,64.41579241190023,5.19477571812959,2.6936092849542236e-10,2.9154679503683506e-10,0.3340000798038871,0.0
NGC3154,S,ShellFlow,64.41579241190023,5.768626948827962,2.378084259449441e-10,2.543401532493242e-10,0.3221203565281414,0.0
NGC3154,S,ShellFlow,64.41579241190023,6.195098947470487,2.128032164812947e-10,2.756914688728211e-10,0.2385020599149134,0.0
NGC3154,S,ShellFlow,64.41579241190023,6.7689501781688595,1.761312472567435e-10,2.478493670234708e-10,0.21543260556565627,0.0
NGC3154,S,ShellFlow,64.41579241190023,7.398619962184568,1.450951418268411e-10,2.2167527142470402e-10,0.1997301838846633,0.0
NGC3154,S,ShellFlow,64.41579241190023,8.07741615688556,1.4493450841891303e-10,2.033599830192634e-10,0.17147265419897936,0.0
NGC3154,S,ShellFlow,64.41579241190023,8.647921316267906,1.3114082656085242e-10,1.354914721071305e-10,0.26370923319741507,0.0
NGC3154,S,ShellFlow,64.41579241190023,9.277591100283615,1.1867826687494372e-10,1.2602153636514493e-10,0.28424811203007305,0.0
NGC3154,S,ShellFlow,64.41579241190023,9.907260884299323,8.938387696653927e-11,1.473982039678765e-10,0.15609643466748907,0.0
NGC3154,S,ShellFlow,64.41579241190023,10.53693066831503,7.959997330221157e-11,1.1801128813698244e-10,0.10680573788205111,0.0
NGC3154,S,ShellFlow,64.41579241190023,11.009183006326811,7.098330854879827e-11,1.1739111480716685e-10,0.14993072851559724,0.0
NGC3154,S,ShellFlow,64.41579241190023,11.638852790342519,8.674864950570836e-11,1.0911232472065157e-10,0.09215053152620092,0.0
NGC3154,S,ShellFlow,64.41579241190023,11.953687682350374,6.399724907950999e-11,1.0754808123373704e-10,0.10823408684131433,0.0
NGC3306,SB(s)m?,Courteau97,56.04932967236846,0.1832215354034858,2.443994773943676e-10,7.020092495904851e-11,0.4104123163305376,0.0
NGC3306,SB(s)m?,Courteau97,56.04932967236846,0.5990697543451385,4.94134930184385e-10,2.0512466774674637e-10,0.469693668253395,0.0
NGC3306,SB(s)m?,Courteau97,56.04932967236846,1.0499240642862335,3.890835390689635e-10,3.1816607053147773e-10,0.3754497974007119,0.0
NGC3306,SB(s)m?,Courteau97,56.04932967236846,1.4657722832278863,2.349385950436294e-10,3.7258149986674584e-10,0.3077216656266913,0.0
NGC3306,SB(s)m?,Courteau97,56.04932967236846,1.832215354034858,2.168009234880864e-10,3.6475601891498904e-10,0.26545971499708415,0.0
NGC3306,SB(s)m?,Courteau97,56.04932967236846,2.2480635729765104,2.6140631362555236e-10,3.183260147616949e-10,0.24620526103936016,0.0
NGC3306,SB(s)m?,Courteau97,56.04932967236846,2.656712263350544,2.6373167619982227e-10,2.7803732078911496e-10,0.24113322747554916,0.0
NGC3306,SB(s)m?,Courteau97,56.04932967236846,3.0653609537245776,1.6277387635046545e-10,2.3806212425709137e-10,0.19785190250287282,0.0
NGC3306,SB(s)m?,Courteau97,56.04932967236846,3.48120917266623,8.877260293506731e-11,2.2542439662109015e-10,0.1805933092527616,0.0
NGC3306,SB(s)m?,Courteau97,56.04932967236846,3.8476522434732017,1.1666935955523288e-10,2.0616160618923284e-10,0.15637557602161145,0.0
NGC3306,SB(s)m?,Courteau97,56.04932967236846,4.245997416915133,1.8696395765766302e-10,1.803142309039825e-10,0.1399749497232124,0.0
NGC3306,SB(s)m?,Courteau97,56.04932967236846,4.6628802986449465,1.7590500028799903e-10,1.551409269193165e-10,0.12584479513978522,0.0
NGC3306,SB(s)m?,Courteau97,56.04932967236846,5.102396428865779,1.8612037542863105e-10,1.3311078619862359e-10,0.1110196107637881,0.0
NGC3306,SB(s)m?,Courteau97,56.04932967236846,5.46883949967275,8.03447449888041e-11,1.1197350218634024e-10,0.09030022115127184,0.0
NGC3306,SB(s)m?,Courteau97,56.04932967236846,6.006504891603843,3.693828728940779e-11,9.32417585354595e-11,0.09072142777740978,0.0
NGC3306,SB(s)m?,Courteau97,56.04932967236846,6.3633485909873215,5.5121044935731416e-11,8.375063312734069e-11,0.12176495939542704,0.0
NGC3306,SB(s)m?,Courteau97,56.04932967236846,6.807003372360797,9.083492086042704e-11,7.664383086471642e-11,0.09772784669128017,0.0
NGC3306,SB(s)m?,Courteau97,56.04932967236846,7.6674979245145805,7.142667353244589e-11,5.89158234473419e-11,0.10792746070112275,0.0
NGC3306,SB(s)m?,Courteau97,56.04932967236846,7.984040071267543,6.81645583902663e-11,5.344181890543965e-11,0.10047226796453318,0.0
NGC3356,Sbc,Courteau97/Mathewson96,62.619249370484575,0.7818245746603043,3.1143482607429686e-10,9.145677380334246e-11,0.6153347765637173,0.0
NGC3356,Sbc,Courteau97/Mathewson96,62.619249370484575,2.3565055853094132,2.467988357643845e-10,1.6990246293760867e-10,0.47258775745346504,0.0
NGC3356,Sbc,Courteau97/Mathewson96,62.619249370484575,4.0503181976136,1.3903059985007162e-10,1.5080154684240026e-10,0.39667894741605225,0.0
NGC3356,Sbc,Courteau97/Mathewson96,62.619249370484575,5.613967346934208,9.706402561478554e-11,1.0085317188502131e-10,0.4804102838236797,0.0
NGC3356,Sbc,Courteau97/Mathewson96,62.619249370484575,7.304373520471239,9.649140794577409e-11,1.1728395199378856e-10,0.3346971730167283,0.0
NGC3356,Sbc,Courteau97/Mathewson96,62.619249370484575,8.648187571004936,9.278625573943285e-11,1.1567839093299843e-10,0.23358614717479975,0.0
NGC3356,Sbc,Courteau97/Mathewson96,62.619249370484575,10.347185366478397,9.993570664066151e-11,7.908755178372801e-11,0.22406969074069083,0.0
NGC3356,Sbc,Courteau97/Mathewson96,62.619249370484575,11.906503546632505,7.807221423013286e-11,5.919759174307114e-11,0.3032122727118356,0.0
NGC3356,Sbc,Courteau97/Mathewson96,62.619249370484575,13.476465545778488,5.978191143215973e-11,4.069182629412339e-11,0.39223311415378365,0.0
NGC3356,Sbc,Courteau97/Mathewson96,62.619249370484575,15.077450097366656,5.184481280437405e-11,3.7561013057584386e-11,0.2892432347421661,0.0
NGC3356,Sbc,Courteau97/Mathewson96,62.619249370484575,16.490262763112177,6.901611190446222e-11,2.8117247423983743e-11,0.41215361200473644,0.0
NGC3356,Sbc,Courteau97/Mathewson96,62.619249370484575,17.723232129542094,6.309034893640056e-11,3.0598779741558626e-11,0.2965026414002552,0.0
NGC3356,Sbc,Courteau97/Mathewson96,62.619249370484575,20.507823937168205,6.795648239154539e-11,3.24265148511569e-11,0.17948615729802483,0.0
NGC3356,Sbc,Courteau97/Mathewson96,62.619249370484575,21.543818846629335,6.643349399509537e-11,2.2263957846497906e-11,0.2838407961217601,0.0
NGC3356,Sbc,Courteau97/Mathewson96,62.619249370484575,29.659112304074853,7.179515175711164e-12,1.6790673841719147e-11,0.14496425210475833,0.0
NGC3356,Sbc,Courteau97/Mathewson96,62.619249370484575,31.38577048651007,3.260495276233394e-11,1.2515244851118993e-11,0.1944979104256138,0.0
NGC3389,SA(s)c,Courteau97,65.38327864827953,0.20159147080212353,1.1123635057333657e-10,2.3610516571546364e-11,0.43521462729756255,0.0
NGC3389,SA(s)c,Courteau97,65.38327864827953,0.5946115435241074,8.442828250551996e-11,5.7255920903289366e-11,0.5021782580204477,0.0
NGC3389,SA(s)c,Courteau97,65.38327864827953,0.9704116646062106,1.024033986875551e-10,7.433054771985794e-11,0.46867365723208143,0.0
NGC3389,SA(s)c,Courteau97,65.38327864827953,1.3684434101762297,1.398565477632882e-10,7.743811364834603e-11,0.4802268456189832,0.0
NGC3389,SA(s)c,Courteau97,65.38327864827953,1.7666027198021965,1.5808916783038078e-10,8.259054915858929e-11,0.4465552323048457,0.0
NGC3389,SA(s)c,Courteau97,65.38327864827953,2.164655726048207,1.4783846451013396e-10,8.714888162002424e-11,0.40472568497681727,0.0
NGC3389,SA(s)c,Courteau97,65.38327864827953,2.5627937749981826,1.337573226625678e-10,7.90293912366285e-11,0.39951117398403924,0.0
NGC3389,SA(s)c,Courteau97,65.38327864827953,2.9608680419201843,1.0915837979936293e-10,6.838185809390118e-11,0.44225220206176846,0.0
NGC3389,SA(s)c,Courteau97,65.38327864827953,3.358984830194168,1.1082945377559707e-10,6.405330268594907e-11,0.41150021241450035,0.0
NGC3389,SA(s)c,Courteau97,65.38327864827953,3.7649638164497135,1.1015721964641661e-10,6.188641855119956e-11,0.40192933628087896,0.0
NGC3389,SA(s)c,Courteau97,65.38327864827953,4.156138994012557,7.66581918657943e-11,5.922654185731449e-11,0.3990159834231696,0.0
NGC3389,SA(s)c,Courteau97,65.38327864827953,4.569344484037525,7.574993956043149e-11,5.99749894976361e-11,0.36522667411502596,0.0
NGC3389,SA(s)c,Courteau97,65.38327864827953,4.95136694058614,8.23857242360862e-11,5.2087341021249457e-11,0.37349404303955275,0.0
NGC3389,SA(s)c,Courteau97,65.38327864827953,5.349504989536116,1.0322269987421936e-10,4.6057924821206137e-11,0.4480967930048403,0.0
NGC3389,SA(s)c,Courteau97,65.38327864827953,5.747557995782126,1.0350155669727294e-10,5.3522543000027194e-11,0.37381944436040665,0.0
NGC3389,SA(s)c,Courteau97,65.38327864827953,6.145717305408092,9.87007271278725e-11,6.236871331346428e-11,0.2593492949605078,0.0
NGC3389,SA(s)c,Courteau97,65.38327864827953,6.546789540251619,9.427095487594664e-11,4.3071234844732714e-11,0.36179388463605494,0.0
NGC3389,SA(s)c,Courteau97,65.38327864827953,6.920662567086032,9.465708800173166e-11,5.380508756856125e-11,0.2600196913308503,0.0
NGC3389,SA(s)c,Courteau97,65.38327864827953,7.31376635371973,1.1557041990185621e-10,4.920048998460876e-11,0.18786091190614101,0.0
NGC3389,SA(s)c,Courteau97,65.38327864827953,7.651351074103703,1.1747311241554927e-10,4.5957319612141725e-11,0.24763346877916556,0.0
NGC3389,SA(s)c,Courteau97,65.38327864827953,7.908218840811578,1.0145666254702964e-10,3.652796966992643e-11,0.30577720277693005,0.0
NGC3428,SAB(s)b,Mathewson96,66.99502078263927,0.5563515380699585,3.605194732002235e-10,5.293055183716427e-11,0.6919004040949431,0.0
NGC3428,SAB(s)b,Mathewson96,66.99502078263927,1.6690546142098757,1.440005861119552e-10,1.2732154057190176e-10,0.5835056384623369,0.0
NGC3428,SAB(s)b,Mathewson96,66.99502078263927,2.7817576903497927,3.394296996668677e-10,1.4432139893009865e-10,0.5075665692203959,0.0
NGC3428,SAB(s)b,Mathewson96,66.99502078263927,3.89446076648971,4.6011913258366014e-10,1.57278912067994e-10,0.46116872237851675,0.0
NGC3428,SAB(s)b,Mathewson96,66.99502078263927,5.007163842629627,2.971623987585192e-10,1.3384730663994618e-10,0.40018671511199044,0.0
NGC3428,SAB(s)b,Mathewson96,66.99502078263927,6.119866918769544,2.928557882677015e-10,1.4091559845634913e-10,0.3535970691039798,0.0
NGC3428,SAB(s)b,Mathewson96,66.99502078263927,7.232569994909461,2.7340498252216583e-10,8.006301323383213e-11,0.5249735711557599,0.0
NGC3428,SAB(s)b,Mathewson96,66.99502078263927,8.345273071049377,2.130443739476628e-10,1.2821183095507879e-10,0.3017846442004577,0.0
NGC3428,SAB(s)b,Mathewson96,66.99502078263927,9.457976147189296,2.0547196409134283e-10,7.501415261999998e-11,0.4488761552140438,0.0
NGC3428,SAB(s)b,Mathewson96,66.99502078263927,10.570679223329211,1.9220564115320345e-10,5.558569860525401e-11,0.4961521229226668,0.0
NGC3428,SAB(s)b,Mathewson96,66.99502078263927,11.68338229946913,1.758458175939181e-10,5.227946568869266e-11,0.4440827333949741,0.0
NGC3428,SAB(s)b,Mathewson96,66.99502078263927,12.796085375609046,1.4565554692646342e-10,4.702435149829738e-11,0.42674732342161265,0.0
NGC3428,SAB(s)b,Mathewson96,66.99502078263927,14.214500812062154,1.5241525600406234e-10,4.3791340556093347e-11,0.3410815200277914,0.0
NGC3428,SAB(s)b,Mathewson96,66.99502078263927,15.02149152788888,1.0194118229339822e-10,4.794663658083776e-11,0.26842344824372594,0.0
NGC3428,SAB(s)b,Mathewson96,66.99502078263927,16.1341946040288,1.2234045883946322e-10,5.179858727403841e-11,0.1972581061959179,0.0
NGC3428,SAB(s)b,Mathewson96,66.99502078263927,17.246897680168715,9.417843629389564e-11,3.2756044144919067e-11,0.3060792273704591,0.0
NGC3428,SAB(s)b,Mathewson96,66.99502078263927,18.35960075630863,9.627485043020742e-11,3.11043663364516e-11,0.33486669344735925,0.0
NGC3428,SAB(s)b,Mathewson96,66.99502078263927,19.472303832448553,9.413939129829171e-11,4.3710604302271296e-11,0.1585568065692724,0.0
NGC3428,SAB(s)b,Mathewson96,66.99502078263927,20.890719268901655,7.97091177102536e-11,2.8071936750095454e-11,0.2164659117191432,0.0
NGC3428,SAB(s)b,Mathewson96,66.99502078263927,22.003422345041574,7.022698469623878e-11,2.940853651925692e-11,0.19690048687309428,0.0
NGC3437,SAB(rs)c: HII,Courteau97,73.06518539075691,0.19460600683586649,4.856378127621582e-11,8.0019507277629e-11,0.2700501796939661,0.0
NGC3437,SAB(rs)c: HII,Courteau97,73.06518539075691,0.5838180205075995,2.9630106768560806e-10,1.8895305639741216e-10,0.42974664063339074,0.0
NGC3437,SAB(rs)c: HII,Courteau97,73.06518539075691,0.9730300341793324,3.839284344973721e-10,2.2469091689395225e-10,0.4042729448501881,0.0
NGC3437,SAB(rs)c: HII,Courteau97,73.06518539075691,1.3880420866361236,3.2211234411008016e-10,2.3073874315851335e-10,0.40537834278204765,0.0
NGC3437,SAB(rs)c: HII,Courteau97,73.06518539075691,1.800105563231765,2.7984155790176405e-10,2.2101958629995827e-10,0.40599505506113387,0.0
NGC3437,SAB(rs)c: HII,Courteau97,73.06518539075691,2.2121690398274065,2.548766256126396e-10,2.0626680669423507e-10,0.40348561310431086,0.0
NGC3437,SAB(rs)c: HII,Courteau97,73.06518539075691,2.6271810922841974,2.2172266774183484e-10,2.0445116197011054e-10,0.37446857899532526,0.0
NGC3437,SAB(rs)c: HII,Courteau97,73.06518539075691,3.0163931059559306,2.043213357302646e-10,1.9652551960190673e-10,0.34246420113028786,0.0
NGC3437,SAB(rs)c: HII,Courteau97,73.06518539075691,3.4056051196276633,2.0317461846628636e-10,1.9647477745846452e-10,0.24658905584895208,0.0
NGC3437,SAB(rs)c: HII,Courteau97,73.06518539075691,3.7948171332993965,2.0477843491853943e-10,1.8764591499421203e-10,0.265391969896284,0.0
NGC3437,SAB(rs)c: HII,Courteau97,73.06518539075691,4.184029146971129,1.9303996653510208e-10,1.8137529737815693e-10,0.23137709861061195,0.0
NGC3437,SAB(rs)c: HII,Courteau97,73.06518539075691,4.59904119942792,1.871175380266412e-10,1.730223062767853e-10,0.19334023011125095,0.0
NGC3437,SAB(rs)c: HII,Courteau97,73.06518539075691,5.011104676023562,1.6563265828258666e-10,1.5441727675543805e-10,0.1587123196149065,0.0
NGC3437,SAB(rs)c: HII,Courteau97,73.06518539075691,5.400316689695295,1.6971248696426254e-10,1.272119803786371e-10,0.20768357633296974,0.0
NGC3437,SAB(rs)c: HII,Courteau97,73.06518539075691,5.802355008363028,1.7648864446764643e-10,1.1678488982764932e-10,0.2078629615539218,0.0
NGC3437,SAB(rs)c: HII,Courteau97,73.06518539075691,6.232920798487383,1.2272738640480033e-10,1.151999697525812e-10,0.15195127467426028,0.0
NGC3437,SAB(rs)c: HII,Courteau97,73.06518539075691,6.627661391898771,1.2411075071521526e-10,9.655772620546013e-11,0.11252319935289955,0.0
NGC3437,SAB(rs)c: HII,Courteau97,73.06518539075691,6.870918900443604,1.4569182928835995e-10,9.791528966546301e-11,0.13646364543192896,0.0
NGC3437,SAB(rs)c: HII,Courteau97,73.06518539075691,7.870486117373282,6.160120981549533e-11,6.70277818704554e-11,0.1748738820028405,0.0
NGC3437,SAB(rs)c: HII,Courteau97,73.06518539075691,8.016440622500182,5.267372908266746e-11,6.879955012161117e-11,0.10047306335638954,0.0
NGC3451,Sd HII,Courteau97,66.2785643874341,0.15180768003404468,8.035943088460634e-11,1.7458953581410115e-11,0.20587644266733898,0.0
NGC3451,Sd HII,Courteau97,66.2785643874341,0.456424244916868,1.7097560811221515e-10,4.347169255867312e-11,0.4107192142921216,0.0
NGC3451,Sd HII,Courteau97,66.2785643874341,0.7600396049849574,1.9268255282540722e-10,5.72347889626096e-11,0.42441905222508547,0.0
NGC3451,Sd HII,Courteau97,66.2785643874341,1.0475105374154607,2.9216218673766014e-10,6.521212883215533e-11,0.3789470450841587,0.0
NGC3451,Sd HII,Courteau97,66.2785643874341,1.3349814698459643,3.3684112593287945e-10,7.278476039891165e-11,0.29537423317530787,0.0
NGC3451,Sd HII,Courteau97,66.2785643874341,1.6385968299140536,2.2561545326979617e-10,7.413718164278182e-11,0.29000186256542265,0.0
NGC3451,Sd HII,Courteau97,66.2785643874341,1.9432133947968768,2.0259246680831488e-10,6.991193195606911e-11,0.24245793534464538,0.0
NGC3451,Sd HII,Courteau97,66.2785643874341,2.246828754864966,1.8236821310998323e-10,6.247214109833897e-11,0.26920669579038836,0.0
NGC3451,Sd HII,Courteau97,66.2785643874341,2.5514453197477898,1.8329707792652802e-10,5.605511037521658e-11,0.24862994339999306,0.0
NGC3451,Sd HII,Courteau97,66.2785643874341,2.857563691852714,1.283554519947161e-10,5.159746226351895e-11,0.20729384577045923,0.0
NGC3451,Sd HII,Courteau97,66.2785643874341,3.16167965432817,1.9519641836406297e-10,4.861738338777694e-11,0.2044504117971425,0.0
NGC3451,Sd HII,Courteau97,66.2785643874341,3.465795616803627,1.8606359837679904e-10,4.583985593426884e-11,0.16999961835627858,0.0
NGC3451,Sd HII,Courteau97,66.2785643874341,3.73612091678181,2.4154159200939865e-10,4.2054030833138555e-11,0.17467683119136612,0.0
NGC3451,Sd HII,Courteau97,66.2785643874341,4.040236879257266,1.6195446456324293e-10,3.922987075685584e-11,0.16153780895814188,0.0
NGC3451,Sd HII,Courteau97,66.2785643874341,4.344352841732722,4.020812871818823e-11,3.642901989872102e-11,0.13296648379056583,0.0
NGC3451,Sd HII,Courteau97,66.2785643874341,4.513306154219087,5.6591323532832866e-11,3.262469117186655e-11,0.138781973127994,0.0
NGC3646,SA:(r)bc pec (ring),Courteau97/ShellFlow,59.718993207597514,0.7926549737617286,1.5317080932621895e-09,3.0115175863006035e-10,0.4418508111843854,0.0
NGC3646,SA:(r)bc pec (ring),Courteau97/ShellFlow,59.718993207597514,2.2343755546397968,7.888670489072555e-10,3.47568328799945e-10,0.3530554889155894,0.0
NGC3646,SA:(r)bc pec (ring),Courteau97/ShellFlow,59.718993207597514,3.887245328651422,4.900471731851899e-10,1.7634327259403077e-10,0.5052369498858611,0.0
NGC3646,SA:(r)bc pec (ring),Courteau97/ShellFlow,59.718993207597514,5.486196110643611,3.455864050402706e-10,1.658258502111858e-10,0.4600661422426105,0.0
NGC3646,SA:(r)bc pec (ring),Courteau97/ShellFlow,59.718993207597514,6.978752308729062,3.0517637349833193e-10,7.616123348685701e-11,0.6837828424903408,0.0
NGC3646,SA:(r)bc pec (ring),Courteau97/ShellFlow,59.718993207597514,8.607703441258144,3.5649814875871586e-10,1.0190832120507462e-10,0.4866312827829499,0.0
NGC3646,SA:(r)bc pec (ring),Courteau97/ShellFlow,59.718993207597514,10.089420445631502,2.2143290579664167e-10,1.1553893565569257e-10,0.4382801425934952,0.0
NGC3646,SA:(r)bc pec (ring),Courteau97/ShellFlow,59.718993207597514,11.676406710784669,1.656923468502146e-10,1.400610041273724e-10,0.2732050555182215,0.0
NGC3646,SA:(r)bc pec (ring),Courteau97/ShellFlow,59.718993207597514,13.48015797808644,1.6589480751646386e-10,5.3617340828704674e-11,0.5820713793325641,0.0
NGC3646,SA:(r)bc pec (ring),Courteau97/ShellFlow,59.718993207597514,14.82763480062056,1.5784125730969747e-10,4.82290455832131e-11,0.5907707340203961,0.0
NGC3646,SA:(r)bc pec (ring),Courteau97/ShellFlow,59.718993207597514,16.439833787654358,1.1986169448353527e-10,2.577462051930198e-11,0.750466157510734,0.0
NGC3646,SA:(r)bc pec (ring),Courteau97/ShellFlow,59.718993207597514,18.018331545782896,1.0182008785275568e-10,3.3899648146862736e-11,0.6549687767910143,0.0
NGC3646,SA:(r)bc pec (ring),Courteau97/ShellFlow,59.718993207597514,19.546401087215692,9.950794955846327e-11,5.132624368645456e-11,0.46651439031622044,0.0
NGC3646,SA:(r)bc pec (ring),Courteau97/ShellFlow,59.718993207597514,21.12180351101738,1.166537148766731e-10,6.854441684226218e-11,0.31316059083519293,0.0
NGC3646,SA:(r)bc pec (ring),Courteau97/ShellFlow,59.718993207597514,22.71430421853617,1.1594544242827531e-10,1.0584443496970233e-10,0.1570859456434801,0.0
NGC3646,SA:(r)bc pec (ring),Courteau97/ShellFlow,59.718993207597514,24.270023244237883,1.2272073856770477e-10,1.3786317582026088e-11,0.7961763592280756,0.0
NGC3646,SA:(r)bc pec (ring),Courteau97/ShellFlow,59.718993207597514,25.848426247233963,1.3188379904517824e-10,5.337940177252118e-11,0.26012746537097303,0.0
NGC3646,SA:(r)bc pec (ring),Courteau97/ShellFlow,59.718993207597514,27.133051472796467,1.2130617066593482e-10,5.282235281767733e-11,0.1525299414249564,0.0
NGC3646,SA:(r)bc pec (ring),Courteau97/ShellFlow,59.718993207597514,29.241922757063552,1.123977413557514e-10,3.051912818563343e-11,0.415008695629105,0.0
NGC3646,SA:(r)bc pec (ring),Courteau97/ShellFlow,59.718993207597514,30.409579986522186,1.046654927999322e-10,5.4735658238518225e-11,0.119055016507541,0.0
NGC3646,SA:(r)bc pec (ring),Courteau97/ShellFlow,59.718993207597514,31.350665588442048,8.103753674100549e-11,3.958412438451005e-11,0.18119147974956148,0.0
NGC3692,Sb;LINER HII,Mathewson96,83.20134021370856,0.22680958879758242,9.35712820426108e-11,2.5888111475032154e-11,0.3330644165063713,0.0
NGC3692,Sb;LINER HII,Mathewson96,83.20134021370856,0.735558504836012,8.659027204108429e-11,5.7231721617868146e-11,0.4154558210978043,0.0
NGC3692,Sb;LINER HII,Mathewson96,83.20134021370856,1.2443074208744416,1.4990507353713707e-10,5.4668408024725407e-11,0.47141681090394494,0.0
NGC3692,Sb;LINER HII,Mathewson96,83.20134021370856,1.7653032621869926,2.444586491886761e-10,4.637502400831014e-11,0.5189203191940326,0.0
NGC3692,Sb;LINER HII,Mathewson96,83.20134021370856,2.2864229348976646,2.8744753132913907e-10,4.4507147268639206e-11,0.5175678013906173,0.0
NGC3692,Sb;LINER HII,Mathewson96,83.20134021370856,2.715374897987217,3.100858285589772e-10,4.748731270537166e-11,0.498484629745025,0.0
NGC3692,Sb;LINER HII,Mathewson96,83.20134021370856,3.2364574212784527,3.349559427932398e-10,5.527952519724162e-11,0.42058400337316326,0.0
NGC3692,Sb;LINER HII,Mathewson96,83.20134021370856,3.757539944569688,3.089013821021269e-10,5.554780773908468e-11,0.31427993875101434,0.0
NGC3692,Sb;LINER HII,Mathewson96,83.20134021370856,4.186491907659241,2.9067502451266663e-10,5.723548782084846e-11,0.28599895344487447,0.0
NGC3692,Sb;LINER HII,Mathewson96,83.20134021370856,4.707574430950476,2.63379015885539e-10,5.47016167550963e-11,0.2789599324682178,0.0
NGC3692,Sb;LINER HII,Mathewson96,83.20134021370856,5.228656954241711,2.2383392812338915e-10,4.904659212630882e-11,0.26631560900078455,0.0
NGC3692,Sb;LINER HII,Mathewson96,83.20134021370856,5.737356337720893,1.761397340040003e-10,4.358947469298356e-11,0.2573685310232135,0.0
NGC3692,Sb;LINER HII,Mathewson96,83.20134021370856,6.178728590041937,1.60750017446539e-10,4.0742404902553166e-11,0.22246820047728366,0.0
NGC3692,Sb;LINER HII,Mathewson96,83.20134021370856,6.699823496472984,1.7551937441307833e-10,3.35303081807862e-11,0.21406061011058833,0.0
NGC3692,Sb;LINER HII,Mathewson96,83.20134021370856,7.128824992121785,1.5900182712205342e-10,2.764006415371822e-11,0.3163932718857383,0.0
NGC3692,Sb;LINER HII,Mathewson96,83.20134021370856,7.6498084502945245,1.494096512457566e-10,3.0294989161761105e-11,0.22521258439061112,0.0
NGC3692,Sb;LINER HII,Mathewson96,83.20134021370856,8.146124693961651,1.322952667868315e-10,2.8155421596879965e-11,0.17593950940975212,0.0
NGC3692,Sb;LINER HII,Mathewson96,83.20134021370856,8.587608394541004,1.240236983449675e-10,2.2723402320070868e-11,0.26304943023254623,0.0
NGC3692,Sb;LINER HII,Mathewson96,83.20134021370856,9.176055198409813,1.2371243308444062e-10,2.4306128020555773e-11,0.17870288081109525,0.0
NGC3692,Sb;LINER HII,Mathewson96,83.20134021370856,9.61739030131142,1.0866171991273405e-10,1.7597032697992787e-11,0.28427014779154697,0.0
NGC3692,Sb;LINER HII,Mathewson96,83.20134021370856,9.911613703245823,1.0648525484677178e-10,2.1840914997621475e-11,0.15591101892327944,0.0
NGC3701,Sbc,Courteau97,58.71500748081385,0.22320536688240855,2.5829793503478143e-11,2.0048494011001736e-11,0.531231116287794,0.0
NGC3701,Sbc,Courteau97,58.71500748081385,0.6380517053305214,1.356662392866943e-10,5.0139503214775544e-11,0.5587124991814714,0.0
NGC3701,Sbc,Courteau97,58.71500748081385,0.9987876518071414,1.8877268579917052e-10,6.817743410143295e-11,0.5295093717471269,0.0
NGC3701,Sbc,Courteau97,58.71500748081385,1.413633990255254,1.8486550253086663e-10,8.208687563704483e-11,0.4891153004199575,0.0
NGC3701,Sbc,Courteau97,58.71500748081385,1.860044724020071,1.3034399518494236e-10,9.423196432032951e-11,0.43097840312579144,0.0
NGC3701,Sbc,Courteau97,58.71500748081385,2.3064554577848884,1.137155809564469e-10,9.019986820036709e-11,0.42071756535253046,0.0
NGC3701,Sbc,Courteau97,58.71500748081385,2.721301796233001,1.3800480183118857e-10,8.247768919924961e-11,0.42005224680889,0.0
NGC3701,Sbc,Courteau97,58.71500748081385,3.087674241873318,1.0681848680503616e-10,7.608019441977198e-11,0.43864006092209,0.0
NGC3701,Sbc,Courteau97,58.71500748081385,3.496884081157734,1.256285394114109e-10,7.209432147990531e-11,0.4057606583284676,0.0
NGC3701,Sbc,Courteau97,58.71500748081385,3.943294814922551,1.0451318042654305e-10,8.080949197339772e-11,0.31214732272249146,0.0
NGC3701,Sbc,Courteau97,58.71500748081385,4.358141153370664,1.0766749724245696e-10,8.110858090675129e-11,0.2821510681366496,0.0
NGC3701,Sbc,Courteau97,58.71500748081385,4.718877099847283,1.1611985917609184e-10,6.915487960053476e-11,0.2739191943421688,0.0
NGC3701,Sbc,Courteau97,58.71500748081385,5.133723438295396,9.703375200114939e-11,5.7375426377629213e-11,0.3438293590652969,0.0
NGC3701,Sbc,Courteau97,58.71500748081385,6.035563304486946,9.473638802957902e-11,4.985257606063048e-11,0.3572093622999494,0.0
NGC3701,Sbc,Courteau97,58.71500748081385,7.746804450585412,8.474464582504082e-11,4.830841663479216e-11,0.18808135315282368,0.0
NGC3701,Sbc,Courteau97,58.71500748081385,8.044411606428623,4.902244740772242e-11,3.9067423688275706e-11,0.26232722516240303,0.0
NGC3701,Sbc,Courteau97,58.71500748081385,8.267616973311032,3.5818213122858546e-11,3.318160871916667e-11,0.30966899289131855,0.0
NGC3833,Sc,Courteau97/Mathewson96,61.897781080125256,0.35886472022236765,1.2636402339597055e-10,2.0192888584005962e-11,0.6977209406596401,0.0
NGC3833,Sc,Courteau97/Mathewson96,61.897781080125256,1.07938449890513,1.4676085070028108e-10,4.900394527171162e-11,0.6453907504945641,0.0
NGC3833,Sc,Courteau97/Mathewson96,61.897781080125256,1.7654265860907086,1.238938559790701e-10,5.7786022102511866e-11,0.6234395861507717,0.0
NGC3833,Sc,Courteau97/Mathewson96,61.897781080125256,2.5341715763702033,1.665970028601712e-10,6.281750482087728e-11,0.6011560430340043,0.0
NGC3833,Sc,Courteau97/Mathewson96,61.897781080125256,3.3479975434513856,1.6776507357687659e-10,6.594213684582687e-11,0.5674254000085582,0.0
NGC3833,Sc,Courteau97/Mathewson96,61.897781080125256,4.185332353248768,1.3117252600125873e-10,6.698627814444223e-11,0.5591706292468981,0.0
NGC3833,Sc,Courteau97/Mathewson96,61.897781080125256,4.97224662610396,1.6333924426041942e-10,7.000625130089907e-11,0.5161099968394989,0.0
NGC3833,Sc,Courteau97/Mathewson96,61.897781080125256,5.704540271010593,1.2353524411563578e-10,4.4722398318234344e-11,0.642969364038482,0.0
NGC3833,Sc,Courteau97/Mathewson96,61.897781080125256,6.413177292221173,1.3612121237547899e-10,5.1345866638926035e-11,0.5261397921270241,0.0
NGC3833,Sc,Courteau97/Mathewson96,61.897781080125256,7.230164994476593,1.5052388469383667e-10,8.105796426763929e-11,0.39004577059925005,0.0
NGC3833,Sc,Courteau97/Mathewson96,61.897781080125256,8.017118157063324,1.1182621994798805e-10,7.995255540826038e-11,0.36792043851654216,0.0
NGC3833,Sc,Courteau97/Mathewson96,61.897781080125256,8.852450145686374,1.0749542754903433e-10,7.558147952980483e-11,0.35203415713041936,0.0
NGC3833,Sc,Courteau97/Mathewson96,61.897781080125256,9.603799759047828,1.1089583496443337e-10,7.652379952839454e-11,0.3138399021352017,0.0
NGC3833,Sc,Courteau97/Mathewson96,61.897781080125256,10.329696043116057,1.3798396402773964e-10,4.0177773393796e-11,0.49467120363860945,0.0
NGC3833,Sc,Courteau97/Mathewson96,61.897781080125256,11.112332445501798,1.1554138663886816e-10,3.253221661242521e-11,0.5932315949597875,0.0
NGC3833,Sc,Courteau97/Mathewson96,61.897781080125256,12.062673037209416,9.901885392800888e-11,4.408512875480497e-11,0.4337985166174846,0.0
NGC3833,Sc,Courteau97/Mathewson96,61.897781080125256,12.757970880501622,8.670630460614656e-11,7.314878049875066e-11,0.20708117285860542,0.0
NGC3833,Sc,Courteau97/Mathewson96,61.897781080125256,13.433151065667952,7.136305568293222e-11,3.8638807725988724e-11,0.41850084867596365,0.0
NGC3833,Sc,Courteau97/Mathewson96,61.897781080125256,14.238619629441091,9.542163941728314e-11,5.6753676316909346e-11,0.19501556607194231,0.0
NGC3833,Sc,Courteau97/Mathewson96,61.897781080125256,14.790970486510071,1.155076513464806e-10,3.755933413666963e-11,0.3476722209217176,0.0
NGC3833,Sc,Courteau97/Mathewson96,61.897781080125256,15.311606767507817,1.0145960609872761e-10,5.197454004952231e-11,0.16938839785238824,0.0
NGC3914,(R')SB(rs)b,Mathewson96,50.83610472148859,0.378574387317286,2.7504997986232226e-10,1.3954963427191694e-10,0.5318484370773711,0.0
NGC3914,(R')SB(rs)b,Mathewson96,50.83610472148859,0.9510247487455457,4.54815609611475e-10,3.0229163551301813e-10,0.464437657249918,0.0
NGC3914,(R')SB(rs)b,Mathewson96,50.83610472148859,1.5142975492691437,5.968438174724638e-10,3.676856315971624e-10,0.4024742809600012,0.0
NGC3914,(R')SB(rs)b,Mathewson96,50.83610472148859,2.2714463239037155,4.922673644983933e-10,3.741931806983898e-10,0.3183688485919293,0.0
NGC3914,(R')SB(rs)b,Mathewson96,50.83610472148859,3.028595098538288,5.726205716050781e-10,3.1213766957382267e-10,0.29371398265212695,0.0
NGC3914,(R')SB(rs)b,Mathewson96,50.83610472148859,3.591867899061886,4.048653735647788e-10,2.547821070571406e-10,0.323394918100008,0.0
NGC3914,(R')SB(rs)b,Mathewson96,50.83610472148859,4.164318260490146,3.8472219689651866e-10,2.1853830566110097e-10,0.3009416971142393,0.0
NGC3914,(R')SB(rs)b,Mathewson96,50.83610472148859,4.921467035124717,3.4422730515252373e-10,1.5645923755090385e-10,0.3665708890678553,0.0
NGC3914,(R')SB(rs)b,Mathewson96,50.83610472148859,5.67861580975929,3.845432219311787e-10,1.567587763861088e-10,0.3497301214131087,0.0
NGC3914,(R')SB(rs)b,Mathewson96,50.83610472148859,6.814338971711147,2.421230609406276e-10,1.4790276202522878e-10,0.3093784885676646,0.0
NGC3914,(R')SB(rs)b,Mathewson96,50.83610472148859,7.571487746345719,2.1569470703153762e-10,1.3333292731563404e-10,0.3137022958260061,0.0
NGC3914,(R')SB(rs)b,Mathewson96,50.83610472148859,8.134760546869318,1.7100189212945786e-10,1.4427133909496725e-10,0.22035290174439667,0.0
NGC3914,(R')SB(rs)b,Mathewson96,50.83610472148859,8.707210908297577,1.926212601466333e-10,7.723568562486588e-11,0.4509661724652968,0.0
NGC3914,(R')SB(rs)b,Mathewson96,50.83610472148859,9.464359682932148,1.8585100473800167e-10,7.922007127777063e-11,0.39918649674651546,0.0
NGC3914,(R')SB(rs)b,Mathewson96,50.83610472148859,10.22150845756672,1.6496116030412569e-10,9.268058799988218e-11,0.26591303519878906,0.0
NGC3914,(R')SB(rs)b,Mathewson96,50.83610472148859,10.79395881899498,1.4634930779004955e-10,1.0934681447582458e-10,0.13521246850348242,0.0
NGC3914,(R')SB(rs)b,Mathewson96,50.83610472148859,11.35723161951858,1.435941263834922e-10,7.360535243452931e-11,0.276503040676569,0.0
NGC3914,(R')SB(rs)b,Mathewson96,50.83610472148859,12.11438039415315,1.372950855553177e-10,8.93106344004137e-11,0.12860339331698983,0.0
NGC3914,(R')SB(rs)b,Mathewson96,50.83610472148859,12.677653194676749,1.5105837983687204e-10,5.855823372174555e-11,0.2733903014450994,0.0
NGC3914,(R')SB(rs)b,Mathewson96,50.83610472148859,13.065405142898697,1.1629936350500863e-10,8.067187230727265e-11,0.08631640625755668,0.0
NGC3976,SAB(s)b Sy2,Mathewson96,73.29694991915831,0.3648619631703553,4.946641484327941e-10,2.6768479671434315e-10,0.3978174477523144,0.0
NGC3976,SAB(s)b Sy2,Mathewson96,73.29694991915831,1.6549703399348734,5.448463898808806e-10,4.3281415657842954e-10,0.29429432925448545,0.0
NGC3976,SAB(s)b Sy2,Mathewson96,73.29694991915831,2.4237987637262743,6.099038427882099e-10,3.186703709848875e-10,0.3013126630202841,0.0
NGC3976,SAB(s)b Sy2,Mathewson96,73.29694991915831,3.335987675562989,4.180555358154215e-10,2.348223501042059e-10,0.3385364987871198,0.0
NGC3976,SAB(s)b Sy2,Mathewson96,73.29694991915831,4.3393750762368795,3.4788435560336074e-10,1.9310619993483988e-10,0.29739842943095407,0.0
NGC3976,SAB(s)b Sy2,Mathewson96,73.29694991915831,5.2515639880735945,2.9110712249393195e-10,1.6892788893606005e-10,0.2773117429636346,0.0
NGC3976,SAB(s)b Sy2,Mathewson96,73.29694991915831,6.1637528999103095,2.5594385062143276e-10,1.1337563461614761e-10,0.37736211601386754,0.0
NGC3976,SAB(s)b Sy2,Mathewson96,73.29694991915831,7.154082798826752,2.1150596577045724e-10,1.1346585600438109e-10,0.3069312133937595,0.0
NGC3976,SAB(s)b Sy2,Mathewson96,73.29694991915831,8.079329212420914,1.9994415464711703e-10,7.984871731884248e-11,0.4054395518107393,0.0
NGC3976,SAB(s)b Sy2,Mathewson96,73.29694991915831,8.99151812425763,1.8025957427617747e-10,6.970646449801505e-11,0.40784915970799374,0.0
NGC3976,SAB(s)b Sy2,Mathewson96,73.29694991915831,9.939513154194845,1.2260498220444523e-10,6.504198708356661e-11,0.35742872467618925,0.0
NGC3976,SAB(s)b Sy2,Mathewson96,73.29694991915831,11.215509907966288,1.1794371278838282e-10,7.02670651680342e-11,0.2208492498670033,0.0
NGC3976,SAB(s)b Sy2,Mathewson96,73.29694991915831,12.214544808054363,9.139150634915971e-11,5.2652189635537874e-11,0.24713377047558094,0.0
NGC3976,SAB(s)b Sy2,Mathewson96,73.29694991915831,12.887822242422772,7.446089044998107e-11,4.6024770826174354e-11,0.32434669632813456,0.0
NGC3976,SAB(s)b Sy2,Mathewson96,73.29694991915831,14.1388261217366,1.1636173249424364e-10,4.2286083995401843e-11,0.30450360613779753,0.0
NGC3976,SAB(s)b Sy2,Mathewson96,73.29694991915831,14.84250305238407,9.143963596163449e-11,4.69878179297671e-11,0.21631517522704116,0.0
NGC3976,SAB(s)b Sy2,Mathewson96,73.29694991915831,15.754691964220783,7.97700410047427e-11,3.312951259367507e-11,0.35140317172206453,0.0
NGC3976,SAB(s)b Sy2,Mathewson96,73.29694991915831,16.666880876057498,7.52227802670204e-11,4.5297232336865427e-11,0.1741810077275947,0.0
NGC3976,SAB(s)b Sy2,Mathewson96,73.29694991915831,17.891837759678083,8.419537574382097e-11,3.296699093311366e-11,0.17873305680022095,0.0
NGC3976,SAB(s)b Sy2,Mathewson96,73.29694991915831,18.49778745060965,7.629215741275046e-11,3.633753355001945e-11,0.17972609465776634,0.0
NGC3976,SAB(s)b Sy2,Mathewson96,73.29694991915831,19.10373714154122,7.277307982141901e-11,2.8921958652270866e-11,0.22971486815305056,0.0
NGC4029,Sb:,Mathewson96,49.01614757344018,0.39160447967420553,3.69020472142767e-09,1.1765909071345069e-10,0.5303083696201945,0.0
NGC4029,Sb:,Mathewson96,49.01614757344018,1.1494975938719607,1.7197300166692647e-09,2.7387904261981764e-10,0.4430783559141322,0.0
NGC4029,Sb:,Mathewson96,49.01614757344018,1.9833382435216833,6.847158481319287e-10,3.0391150401330957e-10,0.320091108542576,0.0
NGC4029,Sb:,Mathewson96,49.01614757344018,2.7159155125687824,7.689068435414367e-10,2.558655265635145e-10,0.34783511163955755,0.0
NGC4029,Sb:,Mathewson96,49.01614757344018,3.5244403170678495,5.818255573615783e-10,2.116417703502044e-10,0.3083932366135757,0.0
NGC4029,Sb:,Mathewson96,49.01614757344018,4.282333431265605,1.8871068935774886e-10,1.9216468644490198e-10,0.26674293667543736,0.0
NGC4029,Sb:,Mathewson96,49.01614757344018,5.116174080915327,2.4191168517145624e-10,1.4799891898362313e-10,0.2819609259086422,0.0
NGC4029,Sb:,Mathewson96,49.01614757344018,5.8993830402637375,2.4514771781697855e-10,1.351552353596787e-10,0.29494643524412584,0.0
NGC4029,Sb:,Mathewson96,49.01614757344018,6.657276154461492,2.281240289674496e-10,9.31354462568963e-11,0.3906270001155381,0.0
NGC4029,Sb:,Mathewson96,49.01614757344018,7.46580095896056,2.370901888314411e-10,7.878734798588869e-11,0.37326040154405354,0.0
NGC4029,Sb:,Mathewson96,49.01614757344018,8.98158718735607,9.198362349482985e-11,5.665016096099637e-11,0.42846068609288196,0.0
NGC4029,Sb:,Mathewson96,49.01614757344018,9.815427837005792,1.410715772870247e-10,5.120517739264126e-11,0.42720213088824616,0.0
NGC4029,Sb:,Mathewson96,49.01614757344018,10.598636796354205,1.2783951096464876e-10,5.843867132771558e-11,0.31958319085263676,0.0
NGC4029,Sb:,Mathewson96,49.01614757344018,11.331214065401303,1.0805943272349511e-10,7.443033982159816e-11,0.18069716780672743,0.0
NGC4029,Sb:,Mathewson96,49.01614757344018,12.114423024749716,1.191366020060641e-10,4.434790045331884e-11,0.29847635103630915,0.0
NGC4029,Sb:,Mathewson96,49.01614757344018,12.92294782924878,1.249837835918446e-10,4.5659663017400345e-11,0.28677536577015394,0.0
NGC4029,Sb:,Mathewson96,49.01614757344018,13.706156788597191,1.204047557733137e-10,6.456358429031424e-11,0.08075694990331267,0.0
NGC4029,Sb:,Mathewson96,49.01614757344018,14.464049902794947,1.0797356802348544e-10,3.8784540203752774e-11,0.23440605100129486,0.0
NGC4110,SBb RET,Mathewson96,60.64432415265095,0.42913933822994693,3.5725955952505894e-11,2.730247086095694e-11,0.7896332633993399,0.0
NGC4110,SBb RET,Mathewson96,60.64432415265095,1.409893622282016,4.0552885020398014e-10,1.0290627234305944e-10,0.6186370105188627,0.0
NGC4110,SBb RET,Mathewson96,60.64432415265095,2.3089975012726347,3.6513508357814437e-10,1.2950520119092292e-10,0.5566186942061138,0.0
NGC4110,SBb RET,Mathewson96,60.64432415265095,2.3906479063340846,4.908452497896685e-10,1.3398688674659453e-10,0.5358536071899274,0.0
NGC4110,SBb RET,Mathewson96,60.64432415265095,3.2897517853247034,3.8455240636855077e-10,1.529382738311579e-10,0.485682476902376,0.0
NGC4110,SBb RET,Mathewson96,60.64432415265095,4.2296808668460475,4.3368778736825685e-10,1.6258163771511057e-10,0.3456083662736676,0.0
NGC4110,SBb RET,Mathewson96,60.64432415265095,5.169609948367391,3.311794460134227e-10,1.5191716733121416e-10,0.32058760955164095,0.0
NGC4110,SBb RET,Mathewson96,60.64432415265095,6.109539029888735,2.7127178002130523e-10,9.691448975312835e-11,0.43551096227402786,0.0
NGC4110,SBb RET,Mathewson96,60.64432415265095,7.049468111410079,2.3903240359213597e-10,1.1965489702218878e-10,0.3192070143458074,0.0
NGC4110,SBb RET,Mathewson96,60.64432415265095,7.989397192931423,2.1050695505575049e-10,7.342066419630185e-11,0.4597293417539008,0.0
NGC4110,SBb RET,Mathewson96,60.64432415265095,8.929326274452766,1.877189119184252e-10,5.6175939540743226e-11,0.4996554329114176,0.0
NGC4110,SBb RET,Mathewson96,60.64432415265095,9.869255355974111,1.624999641050597e-10,5.1563059559828636e-11,0.4733963384218612,0.0
NGC4110,SBb RET,Mathewson96,60.64432415265095,10.809184437495455,1.5842105639815304e-10,4.468099309991547e-11,0.49682401362061807,0.0
NGC4110,SBb RET,Mathewson96,60.64432415265095,11.789938721547523,1.5073507896028744e-10,4.4745950974837866e-11,0.4451167882309796,0.0
NGC4110,SBb RET,Mathewson96,60.64432415265095,12.729867803068867,1.56252379294921e-10,5.3514735295208965e-11,0.29954013562136733,0.0
NGC4110,SBb RET,Mathewson96,60.64432415265095,13.66979688459021,1.255904312601443e-10,6.351871068308982e-11,0.17565833872985676,0.0
NGC4110,SBb RET,Mathewson96,60.64432415265095,14.609725966111554,7.578774213937915e-11,5.003522016888578e-11,0.13294296732550862,0.0
NGC4110,SBb RET,Mathewson96,60.64432415265095,15.549655047632898,6.53745598319713e-11,3.9222519880879144e-11,0.26378639339558874,0.0
NGC4134,Sb,Courteau97,69.65645504078344,0.4567331558916927,1.7281651725158538e-10,5.5356413693031667e-11,0.5578670790101283,0.0
NGC4134,Sb,Courteau97,69.65645504078344,1.2406278037152854,2.786517364557251e-10,1.0886902106352837e-10,0.4523622501224529,0.0
NGC4134,Sb,Courteau97,69.65645504078344,2.1129244127699804,2.423394869951168e-10,1.1073209037605464e-10,0.42563273412798897,0.0
NGC4134,Sb,Courteau97,69.65645504078344,2.9852210218246755,2.254597342234859e-10,9.625392105432967e-11,0.3741440639999687,0.0
NGC4134,Sb,Courteau97,69.65645504078344,3.8128836105656965,1.864351356493095e-10,8.142173389210332e-11,0.4313533790645712,0.0
NGC4134,Sb,Courteau97,69.65645504078344,4.638814040514225,1.667800726355037e-10,6.867001931480964e-11,0.44230075595667123,0.0
NGC4134,Sb,Courteau97,69.65645504078344,5.511976728965166,1.3834188668375437e-10,7.042262385069866e-11,0.38243838921611667,0.0
NGC4134,Sb,Courteau97,69.65645504078344,6.385139417416108,1.2228160345832792e-10,5.2863767705136894e-11,0.3836807569040382,0.0
NGC4134,Sb,Courteau97,69.65645504078344,7.211069847364636,1.2371026498426555e-10,7.093347729255117e-11,0.24738620837307138,0.0
NGC4134,Sb,Courteau97,69.65645504078344,8.038732436105656,1.1251495057285377e-10,5.927878378613434e-11,0.266346522008539,0.0
NGC4134,Sb,Courteau97,69.65645504078344,8.786910146378963,1.0234567049674517e-10,5.363765269294171e-11,0.2514854472941486,0.0
NGC4134,Sb,Courteau97,69.65645504078344,9.719810219308727,9.061256292987712e-11,4.604115071139224e-11,0.25843531642383855,0.0
NGC4134,Sb,Courteau97,69.65645504078344,10.559730482770084,6.922590995005037e-11,4.697865317956021e-11,0.1987448035166591,0.0
NGC4134,Sb,Courteau97,69.65645504078344,11.257516512253655,6.661347262069093e-11,2.5234659640714044e-11,0.4166408188083716,0.0
NGC4134,Sb,Courteau97,69.65645504078344,12.268045579230602,6.953840419938047e-11,2.4715739326372808e-11,0.36534580908950115,0.0
NGC4134,Sb,Courteau97,69.65645504078344,13.186708367391464,3.964426752486471e-11,2.772790069761447e-11,0.23772596778311653,0.0
NGC4134,Sb,Courteau97,69.65645504078344,14.013504876736237,5.955577203724819e-11,2.964940242994753e-11,0.16101110234758467,0.0
NGC4134,Sb,Courteau97,69.65645504078344,14.840301386081013,6.957094904887878e-11,1.9514805949247995e-11,0.3015151237975084,0.0
NGC4134,Sb,Courteau97,69.65645504078344,15.74249982816834,6.716070376086472e-11,2.1311937240957828e-11,0.19992055168309975,0.0
NGC4134,Sb,Courteau97,69.65645504078344,16.410697757461797,7.463619710173144e-11,1.583843813017021e-11,0.31643103585046295,0.0
NGC4134,Sb,Courteau97,69.65645504078344,16.94543108428478,5.1008314874224e-11,2.0763778076952814e-11,0.15773400178100055,0.0
NGC4193,SAB(s)c:?;HII LINER,Courteau97,66.38600614320967,0.29393240233033563,3.3397895776236393e-10,6.046436977712764e-11,0.48576029527057263,0.0
NGC4193,SAB(s)c:?;HII LINER,Courteau97,66.38600614320967,0.7089322681986765,8.472621276518298e-11,1.1521576072638394e-10,0.4781757284203876,0.0
NGC4193,SAB(s)c:?;HII LINER,Courteau97,66.38600614320967,2.6162929110610142,2.6156399315036484e-10,1.2817157285661083e-10,0.4165821313939031,0.0
NGC4193,SAB(s)c:?;HII LINER,Courteau97,66.38600614320967,3.021831267180569,2.4579762447073716e-10,1.2454972203666872e-10,0.4178121003376796,0.0
NGC4193,SAB(s)c:?;HII LINER,Courteau97,66.38600614320967,3.4814414041160644,1.8351526431545213e-10,1.1937207853720174e-10,0.37258259708093117,0.0
NGC4193,SAB(s)c:?;HII LINER,Courteau97,66.38600614320967,4.026583810631955,2.5340450814181124e-10,1.0287443475769424e-10,0.4224104077974186,0.0
NGC4193,SAB(s)c:?;HII LINER,Courteau97,66.38600614320967,4.655195667224202,2.0891031273524345e-10,1.1219543935246299e-10,0.3055951509072236,0.0
NGC4193,SAB(s)c:?;HII LINER,Courteau97,66.38600614320967,5.147216319297991,1.7545481615129034e-10,1.1212387791987965e-10,0.2722228602893808,0.0
NGC4193,SAB(s)c:?;HII LINER,Courteau97,66.38600614320967,5.6417615169805835,1.548529367622415e-10,1.0407123643299088e-10,0.24709403329929933,0.0
NGC4193,SAB(s)c:?;HII LINER,Courteau97,66.38600614320967,6.891411593338667,1.571103027068927e-10,8.477673603754324e-11,0.23485872840054275,0.0
NGC4193,SAB(s)c:?;HII LINER,Courteau97,66.38600614320967,7.220266876590793,1.2582280335318933e-10,5.719565683030121e-11,0.3805008481355527,0.0
NGC4193,SAB(s)c:?;HII LINER,Courteau97,66.38600614320967,9.456482802705258,1.2503611048971411e-10,4.7597977617229485e-11,0.28521140042345283,0.0
NGC4193,SAB(s)c:?;HII LINER,Courteau97,66.38600614320967,10.73523158897535,8.954985009018198e-11,3.306442613795088e-11,0.34213273925725013,0.0
NGC4193,SAB(s)c:?;HII LINER,Courteau97,66.38600614320967,10.932544758926625,8.095557416934083e-11,4.952956279704435e-11,0.1255564003092071,0.0
NGC4246,SA(s)c,Courteau97/Mathewson96,58.817904629285366,0.35876960608925407,8.00785658330703e-11,1.4530813813533174e-11,0.6959922482460217,0.0
NGC4246,SA(s)c,Courteau97/Mathewson96,58.817904629285366,1.0405720020362155,2.285157685458996e-10,3.385050669071155e-11,0.6459043943506799,0.0
NGC4246,SA(s)c,Courteau97/Mathewson96,58.817904629285366,1.7833262533633916,3.0079863906994875e-10,4.298305882407253e-11,0.6111041062890525,0.0
NGC4246,SA(s)c,Courteau97/Mathewson96,58.817904629285366,2.3008766236221776,2.6313199232818594e-10,4.550743705278501e-11,0.5747505978963723,0.0
NGC4246,SA(s)c,Courteau97/Mathewson96,58.817904629285366,3.121716006108646,1.7515575438498602e-10,4.393967461099309e-11,0.575338147663947,0.0
NGC4246,SA(s)c,Courteau97/Mathewson96,58.817904629285366,3.642002007126754,2.0839794700005494e-10,3.931551984878769e-11,0.6249572108748959,0.0
NGC4246,SA(s)c,Courteau97/Mathewson96,58.817904629285366,4.505758519703617,1.502292667117421e-10,3.6504071383879104e-11,0.6035370727067317,0.0
NGC4246,SA(s)c,Courteau97/Mathewson96,58.817904629285366,5.087240898843721,1.7672367881416986e-10,5.553752863741149e-11,0.46783535894265,0.0
NGC4246,SA(s)c,Courteau97/Mathewson96,58.817904629285366,5.678693966499406,1.7529083834536275e-10,6.370498525732375e-11,0.41740871362068477,0.0
NGC4246,SA(s)c,Courteau97/Mathewson96,58.817904629285366,6.43459770198531,1.457656670221915e-10,4.4030443573133994e-11,0.5210744195557462,0.0
NGC4246,SA(s)c,Courteau97/Mathewson96,58.817904629285366,7.016525331491042,1.4436195921110524e-10,4.673290551845965e-11,0.4634047139331757,0.0
NGC4246,SA(s)c,Courteau97/Mathewson96,58.817904629285366,7.694451859501126,1.3033504234529826e-10,4.494713058949403e-11,0.4463218051817101,0.0
NGC4246,SA(s)c,Courteau97/Mathewson96,58.817904629285366,8.484701916224274,1.191443683262729e-10,3.9821896351256826e-11,0.45780335680634576,0.0
NGC4246,SA(s)c,Courteau97/Mathewson96,58.817904629285366,9.116488097738346,1.210347070157313e-10,5.335043217767312e-11,0.31650201835188874,0.0
NGC4246,SA(s)c,Courteau97/Mathewson96,58.817904629285366,9.839916293441284,1.1633037755022906e-10,4.879194376427863e-11,0.2740672354329703,0.0
NGC4246,SA(s)c,Courteau97/Mathewson96,58.817904629285366,10.415092175599348,1.0312361692981431e-10,2.7994669144916035e-11,0.5165088984765697,0.0
NGC4246,SA(s)c,Courteau97/Mathewson96,58.817904629285366,11.087522416309115,1.0149883410055194e-10,4.860809356169674e-11,0.25572186038545536,0.0
NGC4246,SA(s)c,Courteau97/Mathewson96,58.817904629285366,11.706435022907424,1.0482895122282581e-10,2.289909514421929e-11,0.5119822929647174,0.0
NGC4246,SA(s)c,Courteau97/Mathewson96,58.817904629285366,12.451127208203038,1.1144926273155979e-10,3.29819757426317e-11,0.31688740100225765,0.0
NGC4246,SA(s)c,Courteau97/Mathewson96,58.817904629285366,12.971413209221145,1.0292354082947537e-10,2.615356433687877e-11,0.34848743211863276,0.0
NGC4246,SA(s)c,Courteau97/Mathewson96,58.817904629285366,13.491699210239254,8.680013926043037e-11,3.2838054428319815e-11,0.2549161226666174,0.0
NGC4273,SB(s)c HII,Courteau97/Mathewson96,57.415025559879034,0.2796910798406581,1.3015556264231045e-10,1.8490607948565284e-10,0.4078256561559524,0.0
NGC4273,SB(s)c HII,Courteau97/Mathewson96,57.415025559879034,0.8698457042005339,1.832948867903487e-10,3.713674582961027e-10,0.4208506669294961,0.0
NGC4273,SB(s)c HII,Courteau97/Mathewson96,57.415025559879034,1.5026478365209806,2.2139565533466622e-10,4.109491504805183e-10,0.3452489581543032,0.0
NGC4273,SB(s)c HII,Courteau97/Mathewson96,57.415025559879034,2.1354499688414275,1.958050354020342e-10,4.125176786815028e-10,0.29150908442513834,0.0
NGC4273,SB(s)c HII,Courteau97/Mathewson96,57.415025559879034,2.748155499851759,2.0682472775309747e-10,3.2762282078335674e-10,0.28630479234713324,0.0
NGC4273,SB(s)c HII,Courteau97/Mathewson96,57.415025559879034,3.3349169072148293,2.2827456345744497e-10,2.825906930169016e-10,0.27025849094150733,0.0
NGC4273,SB(s)c HII,Courteau97/Mathewson96,57.415025559879034,3.9214058842527075,2.012026397671868e-10,2.352196290192933e-10,0.2649414521165075,0.0
NGC4273,SB(s)c HII,Courteau97/Mathewson96,57.415025559879034,4.53014171623882,1.8163455985121721e-10,2.278649729013496e-10,0.22596655939694926,0.0
NGC4273,SB(s)c HII,Courteau97/Mathewson96,57.415025559879034,5.140745641883388,1.7767464903082267e-10,1.7432167962566049e-10,0.25657902023653795,0.0
NGC4273,SB(s)c HII,Courteau97/Mathewson96,57.415025559879034,5.75345117289372,1.49692759853955e-10,1.4343442031237184e-10,0.2413262225184603,0.0
NGC4273,SB(s)c HII,Courteau97/Mathewson96,57.415025559879034,6.371517743517644,1.2112237495791486e-10,1.2784955171337393e-10,0.19844844650873456,0.0
NGC4273,SB(s)c HII,Courteau97/Mathewson96,57.415025559879034,6.916459474354728,1.0098305698681286e-10,1.0784589354547298e-10,0.2503211752183968,0.0
NGC4273,SB(s)c HII,Courteau97/Mathewson96,57.415025559879034,7.609431411533708,1.302042056485864e-10,9.403160887845472e-11,0.23403697266258966,0.0
NGC4273,SB(s)c HII,Courteau97/Mathewson96,57.415025559879034,8.177477828521562,8.652620260385114e-11,9.406432239604399e-11,0.16874801107502319,0.0
NGC4273,SB(s)c HII,Courteau97/Mathewson96,57.415025559879034,8.640225059995638,6.047509546165603e-11,9.051086398832109e-11,0.12444872878231962,0.0
NGC4273,SB(s)c HII,Courteau97/Mathewson96,57.415025559879034,9.418300663224494,5.1357529140236724e-11,7.215347296199431e-11,0.12837287021210253,0.0
NGC4273,SB(s)c HII,Courteau97/Mathewson96,57.415025559879034,10.01502315184004,7.026270074823526e-11,5.779447214840441e-11,0.22209902490323868,0.0
NGC4273,SB(s)c HII,Courteau97/Mathewson96,57.415025559879034,10.62617402306095,5.956862676226826e-11,6.469695871372309e-11,0.12323674616710951,0.0
NGC4273,SB(s)c HII,Courteau97/Mathewson96,57.415025559879034,11.185556182742268,5.41853113479954e-11,4.706437937854306e-11,0.22082607723446476,0.0
NGC4273,SB(s)c HII,Courteau97/Mathewson96,57.415025559879034,11.753159900451685,4.035107087734456e-11,5.217096125575039e-11,0.12306664646461671,0.0
NGC4273,SB(s)c HII,Courteau97/Mathewson96,57.415025559879034,12.108267964511674,4.9707198506599994e-11,4.39863455925245e-11,0.17085124570603105,0.0
NGC4312,SA(rs)ab: sp HII,SHIVir,76.52692465118295,0.1525125445422151,1.0775066956685645e-10,3.725691724622053e-11,0.0,0.0
NGC4312,SA(rs)ab: sp HII,SHIVir,76.52692465118295,0.4357501272634718,2.2229830370870116e-10,8.338948019865009e-11,0.254028648289373,0.0
NGC4312,SA(rs)ab: sp HII,SHIVir,76.52692465118295,0.7407752163479019,2.6307138580463107e-10,1.0663746728353352e-10,0.19060290957665382,0.0
NGC4312,SA(rs)ab: sp HII,SHIVir,76.52692465118295,1.0458003054323322,2.7269785328987947e-10,1.0482622523551866e-10,0.20100295868894671,0.0
NGC4312,SA(rs)ab: sp HII,SHIVir,76.52692465118295,1.3508253945167625,2.5004174449433644e-10,8.691294965722566e-11,0.21941987466304883,0.0
NGC4312,SA(rs)ab: sp HII,SHIVir,76.52692465118295,1.6219588070362558,2.0715380700976322e-10,7.352487325592647e-11,0.22886680206377966,0.0
NGC4312,SA(rs)ab: sp HII,SHIVir,76.52692465118295,2.3094756744964,1.914420162688363e-10,5.512880165187991e-11,0.18707227207738816,0.0
NGC4313,SA(rs)ab: sp LINER,SHIVir,74.33104012193246,0.14864373500109082,8.726806979938604e-11,8.145491353278586e-11,0.0,0.0
NGC4313,SA(rs)ab: sp LINER,SHIVir,74.33104012193246,0.44593120500327255,3.909495444856264e-10,1.5696302201433154e-10,0.23147428731312045,0.0
NGC4313,SA(rs)ab: sp LINER,SHIVir,74.33104012193246,0.7432186750054541,4.2097511042980714e-10,1.4576854594341036e-10,0.2717611904748935,0.0
NGC4313,SA(rs)ab: sp LINER,SHIVir,74.33104012193246,1.0405061450076358,3.793422380632528e-10,1.3375104743094698e-10,0.3034679124120299,0.0
NGC4313,SA(rs)ab: sp LINER,SHIVir,74.33104012193246,1.3377936150098175,3.651352132338173e-10,1.191928759640685e-10,0.2960576705072933,0.0
NGC4313,SA(rs)ab: sp LINER,SHIVir,74.33104012193246,1.6350810850119992,2.8303107356183627e-10,1.0618225941944604e-10,0.2911132819993907,0.0
NGC4313,SA(rs)ab: sp LINER,SHIVir,74.33104012193246,1.9323685550141811,2.49005382638753e-10,9.623158183231278e-11,0.3178670494721306,0.0
NGC4313,SA(rs)ab: sp LINER,SHIVir,74.33104012193246,2.2296560250163626,1.859884740990241e-10,8.620239110778518e-11,0.3418105452646216,0.0
NGC4313,SA(rs)ab: sp LINER,SHIVir,74.33104012193246,2.526943495018544,1.6955341222634226e-10,7.871720413427907e-11,0.3465409041944168,0.0
NGC4313,SA(rs)ab: sp LINER,SHIVir,74.33104012193246,2.816621821443289,1.5904213529383443e-10,7.295010372673032e-11,0.33896216490218134,0.0
NGC4313,SA(rs)ab: sp LINER,SHIVir,74.33104012193246,3.150539354713597,1.8390889429194632e-10,6.914536782027815e-11,0.3001707387170112,0.0
NGC4313,SA(rs)ab: sp LINER,SHIVir,74.33104012193246,3.4180980777155603,1.602699935404151e-10,6.496020209988047e-11,0.3219587469603145,0.0
NGC4351,SB(rs)ab pec: HII,SHIVir,51.2551343071332,0.15332703076139917,2.3758422707650753e-11,1.6172770827684127e-11,0.24179339621060925,0.0
NGC4351,SB(rs)ab pec: HII,SHIVir,51.2551343071332,0.40887208203039777,3.3547657885855934e-11,4.1603505542362286e-11,0.4044001125716016,0.0
NGC4351,SB(rs)ab pec: HII,SHIVir,51.2551343071332,0.7155261435531961,2.4472351755207528e-11,6.598350706648591e-11,0.3641780838449537,0.0
NGC4351,SB(rs)ab pec: HII,SHIVir,51.2551343071332,1.0221802050759945,4.442407046995946e-11,7.032869402864782e-11,0.36782790310874963,0.0
NGC4351,SB(rs)ab pec: HII,SHIVir,51.2551343071332,1.3288342665987927,3.077565558379018e-11,6.876389555023475e-11,0.3637914396448308,0.0
NGC4351,SB(rs)ab pec: HII,SHIVir,51.2551343071332,1.635488328121591,2.7342939728737298e-11,6.65972115462564e-11,0.3503037463636859,0.0
NGC4351,SB(rs)ab pec: HII,SHIVir,51.2551343071332,1.9421423896443895,2.765199714533076e-11,6.247001796544942e-11,0.33982466660425464,0.0
NGC4351,SB(rs)ab pec: HII,SHIVir,51.2551343071332,2.2487964511671876,3.1032230300559536e-11,5.7488773721931866e-11,0.33728792995962764,0.0
NGC4351,SB(rs)ab pec: HII,SHIVir,51.2551343071332,2.555450512689986,3.325570064357341e-11,5.3831867671244693e-11,0.29241659676263393,0.0
NGC4351,SB(rs)ab pec: HII,SHIVir,51.2551343071332,2.8621045742127844,2.8337491102645745e-11,5.233225700468146e-11,0.30741103165752715,0.0
NGC4351,SB(rs)ab pec: HII,SHIVir,51.2551343071332,3.150748794027101,2.4717779349709778e-11,5.101871998211257e-11,0.2824071440891321,0.0
NGC4351,SB(rs)ab pec: HII,SHIVir,51.2551343071332,3.487581509223572,1.7736467015502076e-11,4.852119115571694e-11,0.2647828683351296,0.0
NGC4351,SB(rs)ab pec: HII,SHIVir,51.2551343071332,3.7942355707463697,2.2986494327968865e-11,4.523270367710507e-11,0.24026269031156378,0.0
NGC4351,SB(rs)ab pec: HII,SHIVir,51.2551343071332,3.9986716117615684,2.4741163111492465e-11,3.9884671946306754e-11,0.27730196910089944,0.0
NGC4383,Sa? pec HII,SHIVir,51.89936701577698,0.14925007474203897,4.2173912356419076e-11,2.365973745665223e-10,0.0,0.0
NGC4383,Sa? pec HII,SHIVir,51.89936701577698,0.44939729635824466,2.8633087651864148e-11,5.66909476970976e-10,0.14832952664501645,0.0
NGC4383,Sa? pec HII,SHIVir,51.89936701577698,0.7478974458423225,4.0836167886185676e-11,6.387141703705253e-10,0.11813012843144287,0.0
NGC4383,Sa? pec HII,SHIVir,51.89936701577698,1.0480446674585282,1.23529537648552e-10,5.317326999822959e-10,0.13181266714476442,0.0
NGC4383,Sa? pec HII,SHIVir,51.89936701577698,1.3465448169426064,1.2765443744349169e-10,4.13373939059516e-10,0.11795446682866997,0.0
NGC4383,Sa? pec HII,SHIVir,51.89936701577698,1.6562577267107848,1.0743211050912216e-10,3.2435922483929945e-10,0.1304814703024186,0.0
NGC4383,Sa? pec HII,SHIVir,51.89936701577698,1.9522190460740385,1.0327885749129902e-10,2.634087742221401e-10,0.12206030781368947,0.0
NGC4383,Sa? pec HII,SHIVir,51.89936701577698,2.2453394096590955,1.224260276494503e-10,2.1778877664768777e-10,0.12830342305361284,0.0
NGC4383,Sa? pec HII,SHIVir,51.89936701577698,2.517305408091533,1.218416660206565e-10,1.8397355582086866e-10,0.13053345411524106,0.0
NGC4383,Sa? pec HII,SHIVir,51.89936701577698,2.9096162703318544,1.0105989578402179e-10,1.461704272508024e-10,0.1082806873862935,0.0
NGC4383,Sa? pec HII,SHIVir,51.89936701577698,3.1291203064019584,1.0136681780968458e-10,1.2896159789650336e-10,0.13133913884685836,0.0
NGC4383,Sa? pec HII,SHIVir,51.89936701577698,3.3087145177320436,1.17643623321766e-10,1.1973167208549485e-10,0.12951569493249687,0.0
NGC4383,Sa? pec HII,SHIVir,51.89936701577698,4.067001187792402,8.790579206121817e-11,8.40585399826999e-11,0.14265412285406018,0.0
NGC4388,SA(s)b: sp;Sy2 Sy1.9,SHIVir,79.8338332120554,0.2046396625699949,3.002786745383757e-11,1.0417187453671408e-10,0.029364879394529246,0.0
NGC4388,SA(s)b: sp;Sy2 Sy1.9,SHIVir,79.8338332120554,0.5320631226819867,1.3483464805604966e-10,1.7071136209063767e-10,0.24443414864711505,0.0
NGC4388,SA(s)b: sp;Sy2 Sy1.9,SHIVir,79.8338332120554,0.8594865827939786,1.1713603948919812e-10,1.576231508104535e-10,0.29635973353115663,0.0
NGC4388,SA(s)b: sp;Sy2 Sy1.9,SHIVir,79.8338332120554,1.1869100429059705,8.546897619830794e-11,1.3242061353296118e-10,0.3643512821913345,0.0
NGC4388,SA(s)b: sp;Sy2 Sy1.9,SHIVir,79.8338332120554,1.5143335030179623,1.0157951282672847e-10,1.105804572299281e-10,0.3915127364262141,0.0
NGC4388,SA(s)b: sp;Sy2 Sy1.9,SHIVir,79.8338332120554,1.8826848956439535,1.281873517225641e-10,9.810462895919411e-11,0.4290179859588233,0.0
NGC4388,SA(s)b: sp;Sy2 Sy1.9,SHIVir,79.8338332120554,2.251036288269944,1.5749916736273487e-10,9.332958446067036e-11,0.3903851108921609,0.0
NGC4388,SA(s)b: sp;Sy2 Sy1.9,SHIVir,79.8338332120554,2.5784597483819356,1.8314466336762748e-10,9.370284167430582e-11,0.41298425690968593,0.0
NGC4388,SA(s)b: sp;Sy2 Sy1.9,SHIVir,79.8338332120554,2.9058832084939277,2.0622209318427268e-10,9.956114314752314e-11,0.3546632189583707,0.0
NGC4388,SA(s)b: sp;Sy2 Sy1.9,SHIVir,79.8338332120554,3.2333066686059198,2.1509376504083514e-10,9.355210067629832e-11,0.3352127310889491,0.0
NGC4388,SA(s)b: sp;Sy2 Sy1.9,SHIVir,79.8338332120554,3.6016580612319102,2.0662775497693895e-10,8.681166326635811e-11,0.2912050190437525,0.0
NGC4388,SA(s)b: sp;Sy2 Sy1.9,SHIVir,79.8338332120554,3.970009453857901,2.0573057523197533e-10,8.641432473098376e-11,0.23999590534605528,0.0
NGC4388,SA(s)b: sp;Sy2 Sy1.9,SHIVir,79.8338332120554,4.297432913969893,2.3203013566414148e-10,8.048944003172517e-11,0.2790521107014794,0.0
NGC4388,SA(s)b: sp;Sy2 Sy1.9,SHIVir,79.8338332120554,4.611213729910552,2.3117548835204352e-10,8.096236321108678e-11,0.25469228892278367,0.0
NGC4388,SA(s)b: sp;Sy2 Sy1.9,SHIVir,79.8338332120554,4.9522798341938765,1.9032702945430066e-10,7.977606383047451e-11,0.20114608972255585,0.0
NGC4388,SA(s)b: sp;Sy2 Sy1.9,SHIVir,79.8338332120554,5.320631226819867,1.8219817875101113e-10,6.755915260403205e-11,0.17627918034568762,0.0
NGC4388,SA(s)b: sp;Sy2 Sy1.9,SHIVir,79.8338332120554,5.688982619445858,1.7474594339677596e-10,5.516042905184825e-11,0.2600302032605237,0.0
NGC4388,SA(s)b: sp;Sy2 Sy1.9,SHIVir,79.8338332120554,6.01640607955785,1.667769264992796e-10,5.7869633623373305e-11,0.20193317568663385,0.0
NGC4388,SA(s)b: sp;Sy2 Sy1.9,SHIVir,79.8338332120554,6.3438295396698425,1.623256211040245e-10,4.4609188654765216e-11,0.2536146985926059,0.0
NGC4388,SA(s)b: sp;Sy2 Sy1.9,SHIVir,79.8338332120554,6.630325067267836,1.5464967259292076e-10,5.00277857327165e-11,0.1989900425258555,0.0
NGC4388,SA(s)b: sp;Sy2 Sy1.9,SHIVir,79.8338332120554,6.875892662351829,1.4475117430640937e-10,3.888768541030489e-11,0.2830513701268384,0.0
NGC4390,Sbc(s) II HII,SHIVir,45.86428276047275,0.12159115700676315,7.863242772128432e-11,1.052956421351508e-11,0.0637393598458514,0.0
NGC4390,Sbc(s) II HII,SHIVir,45.86428276047275,0.46425714493491377,1.0331311281809462e-10,3.422669911056434e-11,0.4455957095866334,0.0
NGC4390,Sbc(s) II HII,SHIVir,45.86428276047275,0.7642872726139397,8.066135190430288e-11,4.57888664728018e-11,0.42061235941181674,0.0
NGC4390,Sbc(s) II HII,SHIVir,45.86428276047275,1.0677914333503018,1.028131015713232e-10,5.123357022022744e-11,0.3724590631635705,0.0
NGC4390,Sbc(s) II HII,SHIVir,45.86428276047275,1.34634572031125,7.797030801854081e-11,5.316444603858963e-11,0.37315302572730685,0.0
NGC4390,Sbc(s) II HII,SHIVir,45.86428276047275,1.6498498810476119,5.356522664173029e-11,5.151911936154683e-11,0.3607788639166437,0.0
NGC4390,Sbc(s) II HII,SHIVir,45.86428276047275,1.9498800087266381,5.7780257304545005e-11,4.783543108609803e-11,0.3624608250757239,0.0
NGC4390,Sbc(s) II HII,SHIVir,45.86428276047275,2.249910136405664,5.023640457023769e-11,4.394194909189095e-11,0.3608243871334642,0.0
NGC4390,Sbc(s) II HII,SHIVir,45.86428276047275,2.5534142971420257,5.966855450826385e-11,4.3560267653730734e-11,0.29236349831007746,0.0
NGC4390,Sbc(s) II HII,SHIVir,45.86428276047275,2.831968584102974,5.2802045950900704e-11,4.4366577983176245e-11,0.2876035129704952,0.0
NGC4390,Sbc(s) II HII,SHIVir,45.86428276047275,3.135472744839336,5.4281332107046056e-11,4.3885309375557346e-11,0.257162310827734,0.0
NGC4390,Sbc(s) II HII,SHIVir,45.86428276047275,3.4569787132364396,6.492445668879664e-11,4.20783036289864e-11,0.2289096532653609,0.0
NGC4390,Sbc(s) II HII,SHIVir,45.86428276047275,3.7604828739728013,7.194041032971756e-11,3.8651431864651774e-11,0.2025711860675918,0.0
NGC4390,Sbc(s) II HII,SHIVir,45.86428276047275,4.033510290160715,4.656938187321281e-11,3.410974531464986e-11,0.22375874442525598,0.0
NGC4390,Sbc(s) II HII,SHIVir,45.86428276047275,4.312064577121664,3.61605708437335e-11,3.296779368992701e-11,0.21348250433261956,0.0
NGC4390,Sbc(s) II HII,SHIVir,45.86428276047275,4.5143480474147335,8.060913037811709e-11,3.065586659248153e-11,0.15683446628903172,0.0
NGC4390,Sbc(s) II HII,SHIVir,45.86428276047275,5.049349138244491,6.618841942495639e-11,2.7920884006729653e-11,0.1499788590783565,0.0
NGC4390,Sbc(s) II HII,SHIVir,45.86428276047275,5.2350519962184565,3.426377937559554e-11,2.5392595019963724e-11,0.1810073646002226,0.0
NGC4390,Sbc(s) II HII,SHIVir,45.86428276047275,5.575507235837393,3.0840861080348654e-11,2.4238394045006305e-11,0.13647280057240777,0.0
NGC4390,Sbc(s) II HII,SHIVir,45.86428276047275,5.885011999127336,4.170978368140993e-11,2.011529105659358e-11,0.17532700618473943,0.0
NGC4394,(R)SB(r)b LINER,SHIVir,30.415569027626375,0.17613264489855282,1.5608711020279674e-09,4.80074192867514e-10,0.0,0.0
NGC4394,(R)SB(r)b LINER,SHIVir,30.415569027626375,0.48534328816490113,7.817200447963184e-10,8.04352863443199e-10,0.1302009645643761,0.0
NGC4394,(R)SB(r)b LINER,SHIVir,30.415569027626375,0.8454366955130537,4.745623230265553e-10,6.551609311168949e-10,0.17638792253712546,0.0
NGC4394,(R)SB(r)b LINER,SHIVir,30.415569027626375,1.3386081012290016,2.0163847813051393e-10,4.62824388170724e-10,0.19497321811294557,0.0
NGC4394,(R)SB(r)b LINER,SHIVir,30.415569027626375,2.2192713257217656,5.344037198180304e-10,2.82910091813212e-10,0.1784499522524354,0.0
NGC4394,(R)SB(r)b LINER,SHIVir,30.415569027626375,2.5363100865391606,2.6696529672977765e-10,2.221091345358803e-10,0.19367841370438912,0.0
NGC4394,(R)SB(r)b LINER,SHIVir,30.415569027626375,2.896403493887313,3.122561602708241e-10,1.8260875007206043e-10,0.22425554262217684,0.0
NGC4394,(R)SB(r)b LINER,SHIVir,30.415569027626375,3.2232274016435167,2.750554186941259e-10,1.5849726662791506e-10,0.24103086603776866,0.0
NGC4394,(R)SB(r)b LINER,SHIVir,30.415569027626375,3.557879426950767,2.2889365817598002e-10,1.403006683735167e-10,0.2507362778736189,0.0
NGC4394,(R)SB(r)b LINER,SHIVir,30.415569027626375,3.827949482461882,1.55065032978694e-10,1.31887570937581e-10,0.2243809720248371,0.0
NGC4394,(R)SB(r)b LINER,SHIVir,30.415569027626375,4.267442367827795,1.5004821946030404e-10,1.1981203088594693e-10,0.22608948735232304,0.0
NGC4394,(R)SB(r)b LINER,SHIVir,30.415569027626375,4.579448767362374,8.407496038668077e-11,1.0668330293807368e-10,0.19696295785618045,0.0
NGC4394,(R)SB(r)b LINER,SHIVir,30.415569027626375,5.260494994303445,1.6180451190951566e-10,8.948512588217361e-11,0.24112436955884645,0.0
NGC4394,(R)SB(r)b LINER,SHIVir,30.415569027626375,5.542307226141129,1.0855938269472636e-10,8.40882288871874e-11,0.1816662554274664,0.0
NGC4394,(R)SB(r)b LINER,SHIVir,30.415569027626375,5.882830339611664,1.8495660796127816e-10,7.082069178717047e-11,0.27238419236608846,0.0
NGC4394,(R)SB(r)b LINER,SHIVir,30.415569027626375,6.250192713257218,1.307947372628125e-10,7.801700472351221e-11,0.18905517745793404,0.0
NGC4394,(R)SB(r)b LINER,SHIVir,30.415569027626375,6.622587448185586,1.1043766854601929e-10,5.965514726982773e-11,0.2327101732505253,0.0
NGC4396,SAd: sp HII,SHIVir,75.1364457739635,0.1608610282888517,1.9671774404377416e-11,6.85327600624874e-12,0.23207204015781527,0.0
NGC4396,SAd: sp HII,SHIVir,75.1364457739635,0.4825830848665552,3.059323496791584e-11,1.7822320594461e-11,0.44116313429398074,0.0
NGC4396,SAd: sp HII,SHIVir,75.1364457739635,0.8215750700224557,5.880956921710426e-11,2.3139652150629227e-11,0.412933439654383,0.0
NGC4396,SAd: sp HII,SHIVir,75.1364457739635,1.1731016807593058,6.776072643175129e-11,2.490431439091263e-11,0.4138244561727965,0.0
NGC4396,SAd: sp HII,SHIVir,75.1364457739635,1.5120936659152062,6.919083983122526e-11,2.4164491599999343e-11,0.42239904609664874,0.0
NGC4396,SAd: sp HII,SHIVir,75.1364457739635,1.8338157224929095,8.407072848566e-11,2.398795144099597e-11,0.4054326213805679,0.0
NGC4396,SAd: sp HII,SHIVir,75.1364457739635,2.155537779070613,7.612154490806954e-11,2.2549443031962473e-11,0.40109152146312926,0.0
NGC4396,SAd: sp HII,SHIVir,75.1364457739635,2.4772598356483164,7.317945549357666e-11,2.0616451261057854e-11,0.4187818821822862,0.0
NGC4396,SAd: sp HII,SHIVir,75.1364457739635,2.83115409788379,5.805741441516686e-11,1.9148256492688697e-11,0.38996236732864165,0.0
NGC4396,SAd: sp HII,SHIVir,75.1364457739635,3.1850483601192643,4.005513848593069e-11,1.843475121393477e-11,0.40512627557500924,0.0
NGC4396,SAd: sp HII,SHIVir,75.1364457739635,3.5067704166969675,5.343614056130405e-11,1.7945064607938182e-11,0.3963696736291908,0.0
NGC4396,SAd: sp HII,SHIVir,75.1364457739635,3.80222944824792,4.802368189518299e-11,1.736590140524961e-11,0.3643268663935771,0.0
NGC4396,SAd: sp HII,SHIVir,75.1364457739635,4.153278549438829,4.240114945202995e-11,1.66315222664358e-11,0.3402930608715954,0.0
NGC4396,SAd: sp HII,SHIVir,75.1364457739635,4.46325519760179,4.006447214816465e-11,1.5230198121705187e-11,0.40070153266112263,0.0
NGC4396,SAd: sp HII,SHIVir,75.1364457739635,4.828894868252006,3.4224092242434995e-11,1.5497945401356678e-11,0.37573563726086545,0.0
NGC4396,SAd: sp HII,SHIVir,75.1364457739635,5.190230320911725,5.212530523826556e-11,1.76316831142505e-11,0.28431560963132807,0.0
NGC4396,SAd: sp HII,SHIVir,75.1364457739635,5.502760318730067,5.031709633988358e-11,1.462272199807729e-11,0.2870028392289405,0.0
NGC4396,SAd: sp HII,SHIVir,75.1364457739635,5.8262332436428865,4.7699446183692474e-11,1.601150511677683e-11,0.26192269863125134,0.0
NGC4396,SAd: sp HII,SHIVir,75.1364457739635,6.147955300220589,4.726799652367395e-11,1.594165343819562e-11,0.17561540842815979,0.0
NGC4396,SAd: sp HII,SHIVir,75.1364457739635,6.4535912539694085,4.904069372160131e-11,1.4160507635704127e-11,0.22867327130964687,0.0
NGC4396,SAd: sp HII,SHIVir,75.1364457739635,6.662710590744916,5.594318346841537e-11,1.294166888390574e-11,0.2047332746971166,0.0
NGC4405,SA(rs)0/a: HII,SHIVir,45.292852782016006,0.1578067049669115,6.609959919562252e-11,7.818482092946213e-11,0.0,0.0
NGC4405,SA(rs)0/a: HII,SHIVir,45.292852782016006,0.45872488734826017,1.7544017195907778e-10,1.806010826107599e-10,0.27026702677533804,0.0
NGC4405,SA(rs)0/a: HII,SHIVir,45.292852782016006,0.7406060704002672,2.595062024824567e-10,2.2865747521821483e-10,0.22667709576884487,0.0
NGC4405,SA(rs)0/a: HII,SHIVir,45.292852782016006,1.0415242527816158,2.331505644620626e-10,2.3563151185044583e-10,0.16948931745135257,0.0
NGC4405,SA(rs)0/a: HII,SHIVir,45.292852782016006,1.3437783649404622,2.1889608976212756e-10,2.0401337535169294e-10,0.1674278654472453,0.0
NGC4405,SA(rs)0/a: HII,SHIVir,45.292852782016006,1.5840787336678543,2.3637266238369443e-10,1.7425606497913574e-10,0.16458730573185024,0.0
NGC4407,(R')SB(rs)ab: HII,SHIVir,50.79646367976209,0.15032226612475322,1.3401173264485165e-10,5.274720104061855e-11,0.0,0.0
NGC4407,(R')SB(rs)ab: HII,SHIVir,50.79646367976209,0.4334496885075025,4.362789720904131e-11,1.3767691153202178e-10,0.16731890623009987,0.0
NGC4407,(R')SB(rs)ab: HII,SHIVir,50.79646367976209,0.7554747533512716,5.022912401479937e-11,1.6490687865768882e-10,0.1795159624485179,0.0
NGC4407,(R')SB(rs)ab: HII,SHIVir,50.79646367976209,1.031533868243926,3.8033482163480025e-11,1.4865044808017872e-10,0.1987689085319556,0.0
NGC4407,(R')SB(rs)ab: HII,SHIVir,50.79646367976209,1.3687053062807555,7.017537113761299e-11,1.1852176816089718e-10,0.1894760115085061,0.0
NGC4407,(R')SB(rs)ab: HII,SHIVir,50.79646367976209,1.6419546591897693,3.97316242643745e-11,9.698854924233977e-11,0.21344922248624584,0.0
NGC4407,(R')SB(rs)ab: HII,SHIVir,50.79646367976209,1.8752527088938986,4.147649880112767e-11,8.392733670481964e-11,0.24712167058182813,0.0
NGC4407,(R')SB(rs)ab: HII,SHIVir,50.79646367976209,2.298034082369767,3.071090777900147e-11,6.755331511804791e-11,0.26730085212465676,0.0
NGC4407,(R')SB(rs)ab: HII,SHIVir,50.79646367976209,2.5967469032555206,6.802781043717631e-11,6.053825736722364e-11,0.2578735926274112,0.0
NGC4407,(R')SB(rs)ab: HII,SHIVir,50.79646367976209,2.7626984704142727,4.4941605317656255e-11,5.971766305176216e-11,0.25028742363237594,0.0
NGC4409,SB(r)bc:;HII LINER,Courteau97/Mathewson96,57.71156634580041,0.20618406326812594,3.583183952149813e-11,2.925666689682787e-11,0.459504710988254,0.0
NGC4409,SB(r)bc:;HII LINER,Courteau97/Mathewson96,57.71156634580041,0.6238181491593999,5.167598425451432e-11,7.721867962873074e-11,0.5370365655046296,0.0
NGC4409,SB(r)bc:;HII LINER,Courteau97/Mathewson96,57.71156634580041,1.0335076624730322,7.169067736923529e-11,9.883993536692093e-11,0.5029294927590252,0.0
NGC4409,SB(r)bc:;HII LINER,Courteau97/Mathewson96,57.71156634580041,1.427077245983842,8.490024573976347e-11,1.0160342393027365e-10,0.5242933624371917,0.0
NGC4409,SB(r)bc:;HII LINER,Courteau97/Mathewson96,57.71156634580041,1.851068160583992,8.284810137512073e-11,9.93664215168173e-11,0.504656994921589,0.0
NGC4409,SB(r)bc:;HII LINER,Courteau97/Mathewson96,57.71156634580041,2.2663721329357864,6.994165306875939e-11,1.011735175274689e-10,0.5075917390080864,0.0
NGC4409,SB(r)bc:;HII LINER,Courteau97/Mathewson96,57.71156634580041,2.6816761052875813,5.609979414171609e-11,1.1002394402484905e-10,0.4557297291485945,0.0
NGC4409,SB(r)bc:;HII LINER,Courteau97/Mathewson96,57.71156634580041,3.1056670198877314,6.672650441542878e-11,1.2690035545231327e-10,0.4067746668018546,0.0
NGC4409,SB(r)bc:;HII LINER,Courteau97/Mathewson96,57.71156634580041,3.499236603398541,6.908649889231115e-11,1.265028189637428e-10,0.37733375673277036,0.0
NGC4409,SB(r)bc:;HII LINER,Courteau97/Mathewson96,57.71156634580041,3.918163763836938,6.518683870752941e-11,1.2739363026066612e-10,0.30512279553924826,0.0
NGC4409,SB(r)bc:;HII LINER,Courteau97/Mathewson96,57.71156634580041,4.33735852902564,7.360313076183521e-11,1.2667127720152818e-10,0.2360364393490373,0.0
NGC4409,SB(r)bc:;HII LINER,Courteau97/Mathewson96,57.71156634580041,4.738928329139699,7.437170958052101e-11,1.17237194047478e-10,0.22294796654862284,0.0
NGC4409,SB(r)bc:;HII LINER,Courteau97/Mathewson96,57.71156634580041,5.131561880428898,6.405154168377398e-11,1.0823582618241015e-10,0.20611972207662918,0.0
NGC4409,SB(r)bc:;HII LINER,Courteau97/Mathewson96,57.71156634580041,5.573644345865755,6.049573707548115e-11,9.790172842701553e-11,0.1774845022261432,0.0
NGC4409,SB(r)bc:;HII LINER,Courteau97/Mathewson96,57.71156634580041,5.9548399501015306,6.829351115352081e-11,9.193460210141765e-11,0.1311178155505787,0.0
NGC4409,SB(r)bc:;HII LINER,Courteau97/Mathewson96,57.71156634580041,6.309106426441714,7.442117288117447e-11,7.223920346996317e-11,0.1911124687659713,0.0
NGC4409,SB(r)bc:;HII LINER,Courteau97/Mathewson96,57.71156634580041,6.776080671951131,5.311749718004507e-11,6.883247893167573e-11,0.15489115817188126,0.0
NGC4409,SB(r)bc:;HII LINER,Courteau97/Mathewson96,57.71156634580041,7.7892234164788015,6.283530018655349e-11,5.32672896236809e-11,0.08394326084878152,0.0
NGC4409,SB(r)bc:;HII LINER,Courteau97/Mathewson96,57.71156634580041,7.951904294960366,8.310026161111859e-11,5.548598658898232e-11,0.09197190846094218,0.0
NGC4409,SB(r)bc:;HII LINER,Courteau97/Mathewson96,57.71156634580041,8.249222558359392,5.152862765488289e-11,4.751517064870248e-11,0.12605043110913394,0.0
NGC4419,SB(s)a;LINER HII,SHIVir,68.54572599794714,0.17307832157661263,1.6904266276583332e-10,3.7021331166623563e-10,0.0,0.0
NGC4419,SB(s)a;LINER HII,SHIVir,68.54572599794714,0.4500036360991928,5.970789228935321e-10,6.777731811123916e-10,0.1894554882207837,0.0
NGC4419,SB(s)a;LINER HII,SHIVir,68.54572599794714,0.7120936659152061,4.098139102014543e-10,7.157803646786728e-10,0.21967255455820564,0.0
NGC4419,SB(s)a;LINER HII,SHIVir,68.54572599794714,1.0384699294596755,4.339327629418673e-10,6.795206394104105e-10,0.20743558816580968,0.0
NGC4419,SB(s)a;LINER HII,SHIVir,68.54572599794714,1.3500109082975782,5.395021549834131e-10,5.95933173995551e-10,0.21389541903941936,0.0
NGC4419,SB(s)a;LINER HII,SHIVir,68.54572599794714,1.6269362228201585,5.406381120349912e-10,5.045483696002181e-10,0.22200274283124255,0.0
NGC4419,SB(s)a;LINER HII,SHIVir,68.54572599794714,1.9384772016580611,4.335536661652302e-10,4.2397468087098106e-10,0.22906112181235988,0.0
NGC4419,SB(s)a;LINER HII,SHIVir,68.54572599794714,2.250018180495964,4.0014581984038144e-10,3.5941833732595704e-10,0.22696528994266466,0.0
NGC4419,SB(s)a;LINER HII,SHIVir,68.54572599794714,2.5269434950185437,4.190171102171219e-10,3.2472214681375586e-10,0.1936430202707982,0.0
NGC4419,SB(s)a;LINER HII,SHIVir,68.54572599794714,2.8384844738564468,3.8979290384908734e-10,2.992869883956668e-10,0.20928162745287368,0.0
NGC4419,SB(s)a;LINER HII,SHIVir,68.54572599794714,3.1351901679877825,3.7801058461075133e-10,2.763330797107724e-10,0.1939125775010116,0.0
NGC4419,SB(s)a;LINER HII,SHIVir,68.54572599794714,3.4269507672169297,3.483886818511932e-10,2.544496330479008e-10,0.1698776334380833,0.0
NGC4419,SB(s)a;LINER HII,SHIVir,68.54572599794714,3.7384917460548324,2.767510385234923e-10,2.2853705588557037e-10,0.14800552086027213,0.0
NGC4419,SB(s)a;LINER HII,SHIVir,68.54572599794714,4.050032724892735,1.8162353632908625e-10,1.9883052391541454e-10,0.13719649486753965,0.0
NGC4419,SB(s)a;LINER HII,SHIVir,68.54572599794714,4.292342375099993,1.8023141959780576e-10,1.859744162554142e-10,0.16779997277380515,0.0
NGC4475,SAbc,Courteau97,52.85691502393363,0.472425801759872,7.483139323155053e-10,4.1025011144153536e-11,0.6284356301155466,0.0
NGC4475,SAbc,Courteau97,52.85691502393363,3.958832779191816,3.6313291885665425e-10,9.742730322788193e-11,0.4126598914014534,0.0
NGC4475,SAbc,Courteau97,52.85691502393363,5.061159649964851,2.8364295864435093e-10,6.717771547974547e-11,0.47245398931913296,0.0
NGC4475,SAbc,Courteau97,52.85691502393363,6.208915749351562,2.422225882141763e-10,6.188171560169923e-11,0.38851711873133393,0.0
NGC4475,SAbc,Courteau97,52.85691502393363,7.146195814769027,1.875963846087849e-10,6.197301068423881e-11,0.42704838657391975,0.0
NGC4475,SAbc,Courteau97,52.85691502393363,8.60864794317989,1.3631846950083027e-10,6.055142240197586e-11,0.36369167647083456,0.0
NGC4475,SAbc,Courteau97,52.85691502393363,9.62794240031028,1.4477447064931232e-10,4.258065783190824e-11,0.4513025358892964,0.0
NGC4475,SAbc,Courteau97,52.85691502393363,10.257843469323442,1.2371098414840267e-10,6.211264761430426e-11,0.2722167650163942,0.0
NGC4475,SAbc,Courteau97,52.85691502393363,17.772754101762295,6.531387956300455e-11,2.7459948272453103e-11,0.19941535161179136,0.0
NGC4475,SAbc,Courteau97,52.85691502393363,20.021310039027465,6.944431235324359e-11,3.038900860730697e-11,0.15939444076360706,0.0
NGC4475,SAbc,Courteau97,52.85691502393363,20.831910000565614,6.540313351655093e-11,1.8025194267593693e-11,0.3374563597318333,0.0
NGC4475,SAbc,Courteau97,52.85691502393363,21.867111050347855,6.125800007990221e-11,2.900734250106839e-11,0.1090077918847868,0.0
NGC4475,SAbc,Courteau97,52.85691502393363,22.497012119361013,7.901737677007067e-11,2.100833794391618e-11,0.16994312118209517,0.0
NGC4480,SAB(s)c;Sy LINER,Courteau97/Mathewson96,61.56519905354812,0.3050184878190677,5.662641541978403e-10,4.6463753065186035e-11,0.4620736011777452,0.0
NGC4480,SAB(s)c;Sy LINER,Courteau97/Mathewson96,61.56519905354812,0.7652972036854621,3.5773373184259634e-10,8.564605010986085e-11,0.48986254912295474,0.0
NGC4480,SAB(s)c;Sy LINER,Courteau97/Mathewson96,61.56519905354812,1.228155319613119,2.8234393616619457e-10,9.054790580041488e-11,0.5039141644017391,0.0
NGC4480,SAB(s)c;Sy LINER,Courteau97/Mathewson96,61.56519905354812,1.6910134355407762,2.843324918918967e-10,9.092479758828516e-11,0.48948909450494316,0.0
NGC4480,SAB(s)c;Sy LINER,Courteau97/Mathewson96,61.56519905354812,2.1689032832433126,2.937036372741756e-10,9.140333626805585e-11,0.4872370850560205,0.0
NGC4480,SAB(s)c;Sy LINER,Courteau97/Mathewson96,61.56519905354812,2.6317613991709696,2.3600230101389365e-10,9.007047763705839e-11,0.4745684898257994,0.0
NGC4480,SAB(s)c;Sy LINER,Courteau97/Mathewson96,61.56519905354812,3.1396824880614744,2.100762006722979e-10,8.907924476552108e-11,0.4463507704170397,0.0
NGC4480,SAB(s)c;Sy LINER,Courteau97/Mathewson96,61.56519905354812,3.6583980681515174,1.9834264383600006e-10,7.701494485657151e-11,0.4546190092413235,0.0
NGC4480,SAB(s)c;Sy LINER,Courteau97/Mathewson96,61.56519905354812,4.147324074767014,1.8467358783863014e-10,8.528833547230338e-11,0.3898951268206356,0.0
NGC4480,SAB(s)c;Sy LINER,Courteau97/Mathewson96,61.56519905354812,4.62521392246955,1.7757355992298183e-10,8.306834118236911e-11,0.3888002433996014,0.0
NGC4480,SAB(s)c;Sy LINER,Courteau97/Mathewson96,61.56519905354812,5.088072038397208,1.5779884527660864e-10,7.847900116520214e-11,0.38335583850010335,0.0
NGC4480,SAB(s)c;Sy LINER,Courteau97/Mathewson96,61.56519905354812,5.550930154324865,1.5008639088210788e-10,7.782403942628312e-11,0.3494032866554574,0.0
NGC4480,SAB(s)c;Sy LINER,Courteau97/Mathewson96,61.56519905354812,6.028820002027401,1.4314786899894774e-10,7.023527898484356e-11,0.32221119002304555,0.0
NGC4480,SAB(s)c;Sy LINER,Courteau97/Mathewson96,61.56519905354812,6.559418197688187,1.1891547960560816e-10,5.5838615318216705e-11,0.36218589279690255,0.0
NGC4480,SAB(s)c;Sy LINER,Courteau97/Mathewson96,61.56519905354812,7.059345507296439,8.503440321533373e-11,4.804471805066171e-11,0.45366763260601556,0.0
NGC4480,SAB(s)c;Sy LINER,Courteau97/Mathewson96,61.56519905354812,7.550869039051706,9.25942858187518e-11,6.089435727791866e-11,0.31916553278100035,0.0
NGC4480,SAB(s)c;Sy LINER,Courteau97/Mathewson96,61.56519905354812,7.995344297578359,1.0664437182998384e-10,5.320118610966602e-11,0.27354062455645417,0.0
NGC4480,SAB(s)c;Sy LINER,Courteau97/Mathewson96,61.56519905354812,8.475216894609686,9.712462392206669e-11,4.051519525839362e-11,0.41791892419674276,0.0
NGC4480,SAB(s)c;Sy LINER,Courteau97/Mathewson96,61.56519905354812,8.954112796052543,1.1059657063472948e-10,5.2668236554206926e-11,0.27598390779384174,0.0
NGC4480,SAB(s)c;Sy LINER,Courteau97/Mathewson96,61.56519905354812,9.377364616973312,9.992915086889445e-11,3.0117172913301344e-11,0.48380682501360983,0.0
NGC4480,SAB(s)c;Sy LINER,Courteau97/Mathewson96,61.56519905354812,9.702604247933483,9.433609748043731e-11,4.172404552357796e-11,0.29299397649146813,0.0
NGC4498,SAB(s)d HII,SHIVir,60.142182508916754,0.18471383899352772,7.951441570334023e-12,1.9151802995135115e-11,0.2753583566009224,0.0
NGC4498,SAB(s)d HII,SHIVir,60.142182508916754,0.5544324049160061,2.192760482628045e-11,5.061239885365228e-11,0.4282633235569948,0.0
NGC4498,SAB(s)d HII,SHIVir,60.142182508916754,0.907134026616246,1.536406005933965e-11,6.264904258607796e-11,0.402497018432707,0.0
NGC4498,SAB(s)d HII,SHIVir,60.142182508916754,1.2598356483164859,2.0677455862148753e-11,6.395183193818445e-11,0.375847633416899,0.0
NGC4498,SAB(s)d HII,SHIVir,60.142182508916754,1.6295542142389643,4.226973509494844e-11,6.121936994129857e-11,0.39072204649987435,0.0
NGC4498,SAB(s)d HII,SHIVir,60.142182508916754,1.9989818922260199,5.8163591082545175e-11,6.171852108825112e-11,0.34729765997108847,0.0
NGC4498,SAB(s)d HII,SHIVir,60.142182508916754,2.351828957893971,6.643391638894732e-11,6.5376861427865e-11,0.31108675629650706,0.0
NGC4498,SAB(s)d HII,SHIVir,60.142182508916754,2.7046760235619227,6.782476174377561e-11,6.47163141869205e-11,0.2176878333648926,0.0
NGC4498,SAB(s)d HII,SHIVir,60.142182508916754,3.074103701548978,7.37693318749486e-11,5.927534413532181e-11,0.2463361120552163,0.0
NGC4498,SAB(s)d HII,SHIVir,60.142182508916754,3.4304705112355465,7.213495924212246e-11,5.187301824308286e-11,0.2487273596614005,0.0
NGC4498,SAB(s)d HII,SHIVir,60.142182508916754,3.8513199040069814,6.510890965198489e-11,4.4286763173478155e-11,0.2417790858751198,0.0
NGC4498,SAB(s)d HII,SHIVir,60.142182508916754,4.136899134608392,6.642873320053439e-11,4.289396150763602e-11,0.22163096341481683,0.0
NGC4498,SAB(s)d HII,SHIVir,60.142182508916754,4.541536373112258,6.059832826233089e-11,3.907809985918502e-11,0.19968493874423904,0.0
NGC4498,SAB(s)d HII,SHIVir,60.142182508916754,4.8548469202239835,6.381158450219035e-11,3.6797012453508374e-11,0.15401110790586542,0.0
NGC4498,SAB(s)d HII,SHIVir,60.142182508916754,5.158024870918479,6.48639525054778e-11,3.079597443709359e-11,0.19659917653685546,0.0
NGC4498,SAB(s)d HII,SHIVir,60.142182508916754,6.8379026979856015,4.2033610736631476e-11,1.9653491843292718e-11,0.15501897388148944,0.0
NGC4498,SAB(s)d HII,SHIVir,60.142182508916754,7.039488037233656,3.783676458893907e-11,1.991954942548193e-11,0.09051996747468492,0.0
NGC4498,SAB(s)d HII,SHIVir,60.142182508916754,7.24107337648171,5.788242253570259e-11,1.958819146472076e-11,0.10217294529901252,0.0
NGC4502,Scd: HII,SHIVir,61.10164957969226,0.19303323394662208,6.84667905779897e-11,7.1829709116657756e-12,0.4027677581516787,0.0
NGC4502,Scd: HII,SHIVir,61.10164957969226,0.5147552905243256,9.51189713401414e-11,1.67838526588252e-11,0.49990821077049924,0.0
NGC4502,Scd: HII,SHIVir,61.10164957969226,0.8364773471020289,8.028424195739345e-11,2.2306833461733745e-11,0.4769761403296836,0.0
NGC4502,Scd: HII,SHIVir,61.10164957969226,1.1943548347998934,9.597473982252061e-11,2.664890425169045e-11,0.44521395614083126,0.0
NGC4502,Scd: HII,SHIVir,61.10164957969226,1.5081104404528156,8.534373239572884e-11,3.003300292293487e-11,0.39938007371707296,0.0
NGC4502,Scd: HII,SHIVir,61.10164957969226,1.8659879281506797,9.062481287614274e-11,3.164873302001399e-11,0.35920500404482936,0.0
NGC4502,Scd: HII,SHIVir,61.10164957969226,2.187709984728383,8.484208202341144e-11,3.099954771804557e-11,0.29935540129566135,0.0
NGC4502,Scd: HII,SHIVir,61.10164957969226,2.509432041306087,7.73453308343614e-11,3.011691153950144e-11,0.30876931926523493,0.0
NGC4502,Scd: HII,SHIVir,61.10164957969226,2.8673095290039514,6.357620817603446e-11,2.7691711697192067e-11,0.27741366713268834,0.0
NGC4502,Scd: HII,SHIVir,61.10164957969226,3.1810651346568735,6.77597896552684e-11,2.577942106991193e-11,0.2525594793755302,0.0
NGC4502,Scd: HII,SHIVir,61.10164957969226,3.5389426223547376,7.272876324004073e-11,2.4031421153897137e-11,0.20729498165259988,0.0
NGC4502,Scd: HII,SHIVir,61.10164957969226,3.8968201100526016,6.743790425610221e-11,2.2290717390624168e-11,0.20506708670079588,0.0
NGC4502,Scd: HII,SHIVir,61.10164957969226,4.1823867355101445,6.408694895972068e-11,2.0152652097139557e-11,0.22822490017662733,0.0
NGC4502,Scd: HII,SHIVir,61.10164957969226,4.556197125057571,2.634664802883684e-11,1.88136746479175e-11,0.20795107478040534,0.0
NGC4502,Scd: HII,SHIVir,61.10164957969226,4.813574770319734,3.2118617176838605e-11,1.8656188755743896e-11,0.1614118989753428,0.0
NGC4502,Scd: HII,SHIVir,61.10164957969226,6.615218287154874,3.971234969510365e-11,1.0725038983218281e-11,0.13329113380698726,0.0
NGC4502,Scd: HII,SHIVir,61.10164957969226,6.7439071097859555,4.057041857959546e-11,1.015632088670775e-11,0.13867780148484962,0.0
NGC4519,SB(rs)d HII,SHIVir,44.525643277001606,0.31072472966153425,3.158439877820109e-11,6.109811493166753e-11,0.3199651133116893,0.0
NGC4519,SB(rs)d HII,SHIVir,44.525643277001606,0.9346246994708924,1.2472614230628588e-10,1.1084758129821866e-10,0.338503478647938,0.0
NGC4519,SB(rs)d HII,SHIVir,44.525643277001606,1.5560741587939608,1.2323628969977534e-10,9.642394383690753e-11,0.34262217175114684,0.0
NGC4519,SB(rs)d HII,SHIVir,44.525643277001606,2.1510581048651005,9.756782200079775e-11,7.971780991966022e-11,0.36492592217032344,0.0
NGC4519,SB(rs)d HII,SHIVir,44.525643277001606,2.689571398174409,9.048304262170512e-11,6.816703365330917e-11,0.3856042102550381,0.0
NGC4519,SB(rs)d HII,SHIVir,44.525643277001606,4.054124548517683,4.2703948586589e-11,4.9662332923074945e-11,0.3801444996008472,0.0
NGC4519,SB(rs)d HII,SHIVir,44.525643277001606,4.450372094150728,6.075228540734567e-11,4.5131486209126906e-11,0.3834053858088312,0.0
NGC4519,SB(rs)d HII,SHIVir,44.525643277001606,5.271170581533464,4.151759560670006e-11,3.983130029709802e-11,0.38903361366481326,0.0
NGC4519,SB(rs)d HII,SHIVir,44.525643277001606,5.990615955203258,3.727392898918477e-11,3.191953022048129e-11,0.40131222139626055,0.0
NGC4519,SB(rs)d HII,SHIVir,44.525643277001606,6.474738806874652,3.047507355413115e-11,2.986303423579859e-11,0.4259570645239868,0.0
NGC4519,SB(rs)d HII,SHIVir,44.525643277001606,6.870986352507696,1.6235996739915387e-11,3.7815154557568484e-11,0.2962339883854258,0.0
NGC4519,SB(rs)d HII,SHIVir,44.525643277001606,7.790172835914963,3.7754986056034987e-11,2.8175915533725806e-11,0.3627121434528058,0.0
NGC4519,SB(rs)d HII,SHIVir,44.525643277001606,12.092289045645163,1.5453249091344386e-11,1.7957478629684003e-11,0.19323467021631222,0.0
NGC4522,SB(s)cd: sp HII,SHIVir,78.98022109815474,0.14905097811068285,5.5327945826806547e-11,9.655473626246696e-12,0.2213433800445969,0.0
NGC4522,SB(s)cd: sp HII,SHIVir,78.98022109815474,0.44715293433204856,8.878018222646417e-11,2.7756453547959574e-11,0.4457747802899679,0.0
NGC4522,SB(s)cd: sp HII,SHIVir,78.98022109815474,0.7452548905534142,1.1866015552431443e-10,3.767312041169155e-11,0.42106748743569844,0.0
NGC4522,SB(s)cd: sp HII,SHIVir,78.98022109815474,1.04335684677478,1.03141752014785e-10,3.830107799532484e-11,0.4057123167832543,0.0
NGC4522,SB(s)cd: sp HII,SHIVir,78.98022109815474,1.3414588029961456,1.0007499456177508e-10,4.0039369523449135e-11,0.40629105154025125,0.0
NGC4522,SB(s)cd: sp HII,SHIVir,78.98022109815474,1.6395607592175114,1.1281578739772123e-10,3.830162421302412e-11,0.40544242995139945,0.0
NGC4522,SB(s)cd: sp HII,SHIVir,78.98022109815474,1.937662715438877,9.996533614638786e-11,3.711452139321032e-11,0.4066587504542089,0.0
NGC4522,SB(s)cd: sp HII,SHIVir,78.98022109815474,2.2357646716602426,9.048925590545702e-11,3.9946483369453365e-11,0.31485701617808454,0.0
NGC4522,SB(s)cd: sp HII,SHIVir,78.98022109815474,2.5338666278816087,6.413146766822477e-11,4.189346763157818e-11,0.29740520019819405,0.0
NGC4522,SB(s)cd: sp HII,SHIVir,78.98022109815474,2.850501377677583,4.459972257595408e-11,3.7497899682663334e-11,0.308140001014913,0.0
NGC4522,SB(s)cd: sp HII,SHIVir,78.98022109815474,3.1673332848520106,6.472179580812176e-11,3.178477977504622e-11,0.33408239057478073,0.0
NGC4522,SB(s)cd: sp HII,SHIVir,78.98022109815474,3.4654352410733766,6.95595290740017e-11,2.950434787907765e-11,0.3359227680733737,0.0
NGC4522,SB(s)cd: sp HII,SHIVir,78.98022109815474,3.7635371972947422,6.269241905497723e-11,2.8898321327150732e-11,0.31356093693349246,0.0
NGC4522,SB(s)cd: sp HII,SHIVir,78.98022109815474,3.9693695003999707,5.5449085432812764e-11,2.6871777684235678e-11,0.26573289891684787,0.0
NGC4522,SB(s)cd: sp HII,SHIVir,78.98022109815474,4.677361646425714,4.587155171245266e-11,2.322111897563535e-11,0.2986149884780595,0.0
NGC4535,SAB(s)c;LINER HII,SHIVir,49.87929651918603,0.3700723668299811,5.511642944661373e-10,3.95351809512391e-10,0.09205800550863771,0.0
NGC4535,SAB(s)c;LINER HII,SHIVir,49.87929651918603,0.8234310231983129,6.073801118399798e-10,3.320228321970202e-10,0.21717724196186744,0.0
NGC4535,SAB(s)c;LINER HII,SHIVir,49.87929651918603,1.9811504617845976,1.1533095646765285e-10,1.2083143318843728e-10,0.46031325407579965,0.0
NGC4535,SAB(s)c;LINER HII,SHIVir,49.87929651918603,3.68454657843066,8.512949428757234e-11,1.1721479797578904e-10,0.32147847801134666,0.0
NGC4535,SAB(s)c;LINER HII,SHIVir,49.87929651918603,4.257261290087993,1.0803408599002592e-10,9.420792353115225e-11,0.43324977968222084,0.0
NGC4535,SAB(s)c;LINER HII,SHIVir,49.87929651918603,4.689323604747938,1.2853198155896437e-10,7.575199448390906e-11,0.4933957843566044,0.0
NGC4535,SAB(s)c;LINER HII,SHIVir,49.87929651918603,5.301912588175406,1.0360344719442678e-10,5.85135967608097e-11,0.5426297391556442,0.0
NGC4535,SAB(s)c;LINER HII,SHIVir,49.87929651918603,7.247962766344266,9.733739128480849e-11,8.41837373134545e-11,0.2979083146339847,0.0
NGC4535,SAB(s)c;LINER HII,SHIVir,49.87929651918603,7.6995189960210695,9.511596746205737e-11,4.895972333143115e-11,0.5319383186381836,0.0
NGC4535,SAB(s)c;LINER HII,SHIVir,49.87929651918603,8.617758708457567,1.0531950674650108e-10,5.198276405649364e-11,0.413289768802018,0.0
NGC4535,SAB(s)c;LINER HII,SHIVir,49.87929651918603,14.644782197658351,5.061465680567063e-11,3.7231726765589964e-11,0.180729218419738,0.0
NGC4540,SAB(rs)cd;LINERSy1,SHIVir,39.09331825810646,0.14966184277507089,4.251327693292876e-12,3.2642790601258463e-11,0.05725187636723224,0.0
NGC4540,SAB(rs)cd;LINERSy1,SHIVir,39.09331825810646,0.4489855283252127,3.104022981687845e-11,7.96070368433259e-11,0.3922720055078853,0.0
NGC4540,SAB(rs)cd;LINERSy1,SHIVir,39.09331825810646,0.7372627445276707,1.1644184140270586e-10,1.0359261580105679e-10,0.3724590728841727,0.0
NGC4540,SAB(rs)cd;LINERSy1,SHIVir,39.09331825810646,1.0216202458003054,1.9472940204488645e-10,1.1657071665406964e-10,0.3101921055903032,0.0
NGC4540,SAB(rs)cd;LINERSy1,SHIVir,39.09331825810646,1.3274767895668191,9.032752280733557e-11,1.3037704535606174e-10,0.26287841052798183,0.0
NGC4540,SAB(rs)cd;LINERSy1,SHIVir,39.09331825810646,1.6320267616900588,8.760386034075163e-11,1.3349675211800865e-10,0.19841400820344607,0.0
NGC4540,SAB(rs)cd;LINERSy1,SHIVir,39.09331825810646,1.9361016168521077,1.2198512431535347e-10,1.2425178129036498e-10,0.18450851625725365,0.0
NGC4540,SAB(rs)cd;LINERSy1,SHIVir,39.09331825810646,2.2306741327903423,1.1770661399825291e-10,1.1101748431608125e-10,0.17102460311852072,0.0
NGC4540,SAB(rs)cd;LINERSy1,SHIVir,39.09331825810646,2.529997818340484,1.1304609740380865e-10,9.41447474454935e-11,0.17469492829800765,0.0
NGC4540,SAB(rs)cd;LINERSy1,SHIVir,39.09331825810646,2.8293215038906263,9.691469623825767e-11,7.841123347368867e-11,0.17904595531473028,0.0
NGC4540,SAB(rs)cd;LINERSy1,SHIVir,39.09331825810646,3.1286451894407676,1.3018263700524159e-10,6.813475192884926e-11,0.17302765320980448,0.0
NGC4540,SAB(rs)cd;LINERSy1,SHIVir,39.09331825810646,3.42796887499091,1.2238562250431813e-10,6.155118308219408e-11,0.1635347828232226,0.0
NGC4540,SAB(rs)cd;LINERSy1,SHIVir,39.09331825810646,3.7073376481710416,1.0129990558384103e-10,5.69057669033127e-11,0.15080003808144055,0.0
NGC4540,SAB(rs)cd;LINERSy1,SHIVir,39.09331825810646,4.026616246091193,1.0982548223881292e-10,5.124612576387242e-11,0.13165580662244822,0.0
NGC4540,SAB(rs)cd;LINERSy1,SHIVir,39.09331825810646,4.325939931641335,1.237369857576623e-10,4.5770201796199435e-11,0.10632782777658713,0.0
NGC4540,SAB(rs)cd;LINERSy1,SHIVir,39.09331825810646,4.625263617191477,1.0960308103291657e-10,3.8803200553685444e-11,0.12152806277531968,0.0
NGC4576,SAB(rs)bc:,Mathewson96,55.79385172611987,0.034994350956294086,8.264230007249131e-11,8.741743624848796e-13,0.0,0.0
NGC4576,SAB(rs)bc:,Mathewson96,55.79385172611987,0.7348813700821758,1.0391777315662971e-11,3.4725807312424905e-11,0.6740918692384301,0.0
NGC4576,SAB(rs)bc:,Mathewson96,55.79385172611987,1.3997740382517634,2.0169873200738344e-10,5.6221912793750204e-11,0.614341003595612,0.0
NGC4576,SAB(rs)bc:,Mathewson96,55.79385172611987,2.099661057377645,1.462124358507132e-10,6.941087036453815e-11,0.5484267562289611,0.0
NGC4576,SAB(rs)bc:,Mathewson96,55.79385172611987,2.7645537255472328,1.425543745227201e-10,7.574012535337042e-11,0.5142590649138107,0.0
NGC4576,SAB(rs)bc:,Mathewson96,55.79385172611987,2.8345424274598208,1.7144716433879256e-10,7.669600834715212e-11,0.47810028850524916,0.0
NGC4576,SAB(rs)bc:,Mathewson96,55.79385172611987,3.4994350956294085,1.7771383698341313e-10,7.423593727899955e-11,0.4799300516052769,0.0
NGC4576,SAB(rs)bc:,Mathewson96,55.79385172611987,4.19932211475529,1.5239280768707527e-10,7.091758854775756e-11,0.4465534855958889,0.0
NGC4576,SAB(rs)bc:,Mathewson96,55.79385172611987,4.899209133881172,9.111535015338751e-11,6.109568583190353e-11,0.5193130473030376,0.0
NGC4576,SAB(rs)bc:,Mathewson96,55.79385172611987,5.564101802050759,8.97913932058702e-11,6.706114527029987e-11,0.3615984897045564,0.0
NGC4576,SAB(rs)bc:,Mathewson96,55.79385172611987,5.634090503963348,1.119048086131972e-10,8.005529495501357e-11,0.33885683591481625,0.0
NGC4576,SAB(rs)bc:,Mathewson96,55.79385172611987,6.298983172132935,1.0410118077495441e-10,8.434602482436146e-11,0.3066589988715229,0.0
NGC4576,SAB(rs)bc:,Mathewson96,55.79385172611987,6.998870191258817,9.75323761963475e-11,7.225984149742917e-11,0.3194503817360968,0.0
NGC4576,SAB(rs)bc:,Mathewson96,55.79385172611987,7.698757210384699,1.0600890823132684e-10,6.511364730812683e-11,0.3099848006374555,0.0
NGC4576,SAB(rs)bc:,Mathewson96,55.79385172611987,8.363649878554286,9.945009019365018e-11,6.550828555481377e-11,0.26278771293234765,0.0
NGC4576,SAB(rs)bc:,Mathewson96,55.79385172611987,8.433638580466875,1.2630192744619322e-10,6.108822949735148e-11,0.28974878441103225,0.0
NGC4576,SAB(rs)bc:,Mathewson96,55.79385172611987,9.098531248636462,1.0734573472907274e-10,6.480473983171272e-11,0.20832011208806323,0.0
NGC4576,SAB(rs)bc:,Mathewson96,55.79385172611987,9.798418267762344,1.1778592570524184e-10,3.545438152784e-11,0.4009927627799129,0.0
NGC4576,SAB(rs)bc:,Mathewson96,55.79385172611987,10.463310935931931,1.0048008454181663e-10,4.19660586213229e-11,0.3055085381597744,0.0
NGC4576,SAB(rs)bc:,Mathewson96,55.79385172611987,11.163197955057813,1.1714827877919298e-10,5.174462655582804e-11,0.1591175940914519,0.0
NGC4588,Sc(s)I-II,Courteau97/Mathewson96,71.8428862194072,0.26094288900201196,1.9020190246009452e-11,3.711385282600065e-12,0.7169613370625275,0.0
NGC4588,Sc(s)I-II,Courteau97/Mathewson96,71.8428862194072,0.8093102551849043,5.94600321561901e-11,1.0617031924063555e-11,0.6976869402960574,0.0
NGC4588,Sc(s)I-II,Courteau97/Mathewson96,71.8428862194072,1.2825512437883304,5.993681183947936e-11,1.5422828799141023e-11,0.6431893500414155,0.0
NGC4588,Sc(s)I-II,Courteau97/Mathewson96,71.8428862194072,1.752045111870652,8.496003617592705e-11,1.8925331570330314e-11,0.5989110086635511,0.0
NGC4588,Sc(s)I-II,Courteau97/Mathewson96,71.8428862194072,2.3484860010181077,8.56233868093086e-11,2.1697148212078965e-11,0.54990156047002,0.0
NGC4588,Sc(s)I-II,Courteau97/Mathewson96,71.8428862194072,2.9449268901655636,7.064919386919071e-11,2.0441756184138057e-11,0.5505896956893201,0.0
NGC4588,Sc(s)I-II,Courteau97/Mathewson96,71.8428862194072,3.3549800014544395,8.026719898945905e-11,2.2305401840820714e-11,0.5056917389176155,0.0
NGC4588,Sc(s)I-II,Courteau97/Mathewson96,71.8428862194072,3.8158661430683827,1.0398646918674908e-10,2.158203415688227e-11,0.522541489227186,0.0
NGC4588,Sc(s)I-II,Courteau97/Mathewson96,71.8428862194072,4.395846812872484,8.616651111813481e-11,2.025065658253643e-11,0.46311899096074755,0.0
NGC4588,Sc(s)I-II,Courteau97/Mathewson96,71.8428862194072,4.957914891038228,7.561182545575758e-11,2.4072542117474208e-11,0.42184147405891975,0.0
NGC4588,Sc(s)I-II,Courteau97/Mathewson96,71.8428862194072,5.470594242438934,7.053807688748236e-11,2.3603701195753376e-11,0.40590479678874364,0.0
NGC4588,Sc(s)I-II,Courteau97/Mathewson96,71.8428862194072,5.979523245824547,4.9094634967404317e-11,2.299685087724874e-11,0.38063861527507625,0.0
NGC4588,Sc(s)I-II,Courteau97/Mathewson96,71.8428862194072,6.416568696216032,3.703079098243057e-11,1.6079883209540926e-11,0.46903780324810385,0.0
NGC4588,Sc(s)I-II,Courteau97/Mathewson96,71.8428862194072,6.998974020879289,5.3838855480037133e-11,1.378066953854657e-11,0.5322326919622934,0.0
NGC4588,Sc(s)I-II,Courteau97/Mathewson96,71.8428862194072,7.563785468935592,8.078610970897686e-11,1.4859903830125288e-11,0.48914904564262124,0.0
NGC4588,Sc(s)I-II,Courteau97/Mathewson96,71.8428862194072,8.051952003490655,6.880166328761959e-11,2.09556313574691e-11,0.3284333177225894,0.0
NGC4588,Sc(s)I-II,Courteau97/Mathewson96,71.8428862194072,8.532917192083,7.548893800565569e-11,1.3070907894179488e-11,0.46444911557955787,0.0
NGC4588,Sc(s)I-II,Courteau97/Mathewson96,71.8428862194072,9.153334327200445,8.072293359109344e-11,1.4050143126435202e-11,0.42435397589708196,0.0
NGC4588,Sc(s)I-II,Courteau97/Mathewson96,71.8428862194072,9.600664994061038,8.954051778938432e-11,1.9516434000392928e-11,0.250345975114577,0.0
NGC4588,Sc(s)I-II,Courteau97/Mathewson96,71.8428862194072,10.15982832763678,1.049851835295235e-10,1.1920164019192313e-11,0.43371000881398564,0.0
NGC4595,SAB(rs)b? HII,SHIVir,48.24956133825338,0.14660751945313066,2.4782207224980717e-11,2.7888126323817077e-11,0.0,0.0
NGC4595,SAB(rs)b? HII,SHIVir,48.24956133825338,0.439822558359392,1.1281935454066092e-10,6.848225221581447e-11,0.2967745608280576,0.0
NGC4595,SAB(rs)b? HII,SHIVir,48.24956133825338,0.7330375972656533,1.356956780960988e-10,8.879770185547218e-11,0.25888019763765574,0.0
NGC4595,SAB(rs)b? HII,SHIVir,48.24956133825338,1.0262526361719146,1.3522928048911705e-10,9.116815354143219e-11,0.2539181677762007,0.0
NGC4595,SAB(rs)b? HII,SHIVir,48.24956133825338,1.359183574527913,1.083868900873089e-10,8.533311229062423e-11,0.22860621438288226,0.0
NGC4595,SAB(rs)b? HII,SHIVir,48.24956133825338,1.6475892662351825,1.196641312331037e-10,7.739208342275167e-11,0.2116876614824937,0.0
NGC4595,SAB(rs)b? HII,SHIVir,48.24956133825338,1.97012580903207,9.900739895596034e-11,6.83436974413307e-11,0.1874521655280565,0.0
NGC4595,SAB(rs)b? HII,SHIVir,48.24956133825338,2.2633408479383315,8.515411450664475e-11,6.117444953122799e-11,0.17046427567878814,0.0
NGC4595,SAB(rs)b? HII,SHIVir,48.24956133825338,2.556555886844593,8.493002386138651e-11,5.40015787894027e-11,0.13660856018029569,0.0
NGC4595,SAB(rs)b? HII,SHIVir,48.24956133825338,2.849770925750854,8.825271024142602e-11,4.797483070619792e-11,0.10163610395744203,0.0
NGC4606,SB(s)a:;Sy LINER,SHIVir,67.87730749353655,0.1740964293505927,4.264373438402177e-11,5.3635737416034615e-11,0.0,0.0
NGC4606,SB(s)a:;Sy LINER,SHIVir,67.87730749353655,0.45265071631154097,1.2255884187446767e-10,9.901228223529573e-11,0.22399229190163167,0.0
NGC4606,SB(s)a:;Sy LINER,SHIVir,67.87730749353655,0.7312050032724893,1.4173359050220803e-10,1.1706568189760457e-10,0.21225047846114742,0.0
NGC4606,SB(s)a:;Sy LINER,SHIVir,67.87730749353655,1.044578576103556,1.8138913367882615e-10,1.0329448022140315e-10,0.25400704629906196,0.0
NGC4606,SB(s)a:;Sy LINER,SHIVir,67.87730749353655,1.3231328630645045,1.163809253273833e-10,8.764152104637062e-11,0.2863386897772137,0.0
NGC4606,SB(s)a:;Sy LINER,SHIVir,67.87730749353655,1.7409642935059269,5.937281969290502e-11,7.163059788162084e-11,0.27403056834886286,0.0
NGC4606,SB(s)a:;Sy LINER,SHIVir,67.87730749353655,1.8106028652461639,1.3182273885187292e-10,6.954901337946073e-11,0.3101689251694555,0.0
NGC4632,SAc HII,Mathewson96,70.1707331978424,0.19565510354802482,5.5068786307244245e-11,2.138733416787382e-11,0.4614517439105416,0.0
NGC4632,SAc HII,Mathewson96,70.1707331978424,0.7333362664533489,9.019548804423884e-11,6.618481428680749e-11,0.5193182531039903,0.0
NGC4632,SAc HII,Mathewson96,70.1707331978424,1.173338026325358,1.0832325430290519e-10,8.311144830039799e-11,0.48927422481518745,0.0
NGC4632,SAc HII,Mathewson96,70.1707331978424,1.6133397861973675,7.890691402008394e-11,8.587865166803055e-11,0.4924557900738571,0.0
NGC4632,SAc HII,Mathewson96,70.1707331978424,2.200008799360047,7.74842617199764e-11,8.616601503443462e-11,0.4761287810056799,0.0
NGC4632,SAc HII,Mathewson96,70.1707331978424,2.6400105592320564,7.357299541217062e-11,8.983690162160221e-11,0.4360472514818391,0.0
NGC4632,SAc HII,Mathewson96,70.1707331978424,3.0800123191040654,5.256671047754058e-11,8.109049924008281e-11,0.41713020031517434,0.0
NGC4632,SAc HII,Mathewson96,70.1707331978424,3.6666813322667444,4.5476462499802075e-11,6.649582257863431e-11,0.4807867908384043,0.0
NGC4632,SAc HII,Mathewson96,70.1707331978424,4.106683092138754,4.492528830335424e-11,6.486706318411913e-11,0.4303092696214385,0.0
NGC4632,SAc HII,Mathewson96,70.1707331978424,4.546684852010763,5.206116729853984e-11,6.59292542723896e-11,0.3755157160849479,0.0
NGC4632,SAc HII,Mathewson96,70.1707331978424,5.133353865173443,4.432404973439843e-11,7.16093479153278e-11,0.3798231996231246,0.0
NGC4632,SAc HII,Mathewson96,70.1707331978424,5.573355625045451,4.439097868657761e-11,6.864042525217471e-11,0.34236868078994265,0.0
NGC4632,SAc HII,Mathewson96,70.1707331978424,6.013357384917461,4.7246702029170196e-11,5.0943846612945265e-11,0.4190526692960076,0.0
NGC4632,SAc HII,Mathewson96,70.1707331978424,6.60002639808014,4.329030803240394e-11,4.725592096003003e-11,0.4254047985881126,0.0
NGC4632,SAc HII,Mathewson96,70.1707331978424,7.04002815795215,4.202721386691494e-11,5.403617702361456e-11,0.38132829931545975,0.0
NGC4632,SAc HII,Mathewson96,70.1707331978424,7.480029917824159,4.775094247631373e-11,6.76303762571689e-11,0.24276385255163402,0.0
NGC4632,SAc HII,Mathewson96,70.1707331978424,8.066698930986838,4.172597958737876e-11,4.986357362340938e-11,0.2300489800091288,0.0
NGC4632,SAc HII,Mathewson96,70.1707331978424,8.506700690858846,4.1259755091656506e-11,4.5923058420040476e-11,0.3292397008657919,0.0
NGC4632,SAc HII,Mathewson96,70.1707331978424,8.897912132127765,3.9182529713455486e-11,4.744569175706969e-11,0.2201218592424884,0.0
NGC4632,SAc HII,Mathewson96,70.1707331978424,9.387000508084261,5.30350882007132e-11,3.943413840796263e-11,0.3281712322333673,0.0
NGC4632,SAc HII,Mathewson96,70.1707331978424,9.680335014665602,4.441355756294386e-11,3.27505671458707e-11,0.36271762612639347,0.0
NGC4633,SAB(s)dm: HII,SHIVir,70.54847924909878,0.21482074030979564,4.260968445926399e-12,4.525841315980214e-12,0.46871344682493365,0.0
NGC4633,SAB(s)dm: HII,SHIVir,70.54847924909878,0.5585339248054687,1.3802520810795106e-11,1.137287110712281e-11,0.5098413876301349,0.0
NGC4633,SAB(s)dm: HII,SHIVir,70.54847924909878,0.9452112573631009,3.346152027071316e-11,1.6059548432099934e-11,0.4807129664073797,0.0
NGC4633,SAB(s)dm: HII,SHIVir,70.54847924909878,1.331888589920733,4.9081146240968694e-11,1.7715907625503853e-11,0.4338739054921821,0.0
NGC4633,SAB(s)dm: HII,SHIVir,70.54847924909878,1.7185659224783651,5.923287615090021e-11,1.724040720783561e-11,0.44894045089629536,0.0
NGC4633,SAB(s)dm: HII,SHIVir,70.54847924909878,2.1052432550359974,6.070382686187447e-11,1.662085925583611e-11,0.4375667590899696,0.0
NGC4633,SAB(s)dm: HII,SHIVir,70.54847924909878,2.491920587593629,5.7569674778276144e-11,1.6370779580438815e-11,0.43481426215200913,0.0
NGC4633,SAB(s)dm: HII,SHIVir,70.54847924909878,2.8785979201512615,4.126644943379037e-11,1.613394124822606e-11,0.40264193322898123,0.0
NGC4633,SAB(s)dm: HII,SHIVir,70.54847924909878,3.2652752527088937,4.325154613741311e-11,1.5255331119237158e-11,0.41536075946623285,0.0
NGC4633,SAB(s)dm: HII,SHIVir,70.54847924909878,3.651952585266526,4.212714329447192e-11,1.4203327664417582e-11,0.41714950505527093,0.0
NGC4633,SAB(s)dm: HII,SHIVir,70.54847924909878,4.038629917824158,4.5613139021943616e-11,1.3866897416718548e-11,0.3971908656405251,0.0
NGC4633,SAB(s)dm: HII,SHIVir,70.54847924909878,4.42530725038179,4.265005457516009e-11,1.3778292432161073e-11,0.3699966359729643,0.0
NGC4633,SAB(s)dm: HII,SHIVir,70.54847924909878,4.811984582939422,4.2164963899589045e-11,1.410870110691364e-11,0.3250954454999909,0.0
NGC4633,SAB(s)dm: HII,SHIVir,70.54847924909878,5.192524180059631,4.7298081269810804e-11,1.4596374152858283e-11,0.26174456060992224,0.0
NGC4633,SAB(s)dm: HII,SHIVir,70.54847924909878,5.617562359101156,4.5297371385283264e-11,1.3306146336506985e-11,0.2282809824753166,0.0
NGC4633,SAB(s)dm: HII,SHIVir,70.54847924909878,5.972016580612319,5.008928923559489e-11,1.1018246598074225e-11,0.2936527947069154,0.0
NGC4633,SAB(s)dm: HII,SHIVir,70.54847924909878,6.330051147795312,2.9347420476018316e-11,1.1852465385582687e-11,0.2236359231425912,0.0
NGC4633,SAB(s)dm: HII,SHIVir,70.54847924909878,6.702407097665624,7.026082213548105e-11,9.804113981382367e-12,0.22932747019854183,0.0
NGC4633,SAB(s)dm: HII,SHIVir,70.54847924909878,7.132048578285215,3.356600573326778e-11,9.107609051372676e-12,0.24936580901392383,0.0
NGC4633,SAB(s)dm: HII,SHIVir,70.54847924909878,7.518725910842848,3.000772693627019e-11,9.526775773577693e-12,0.17623060262521023,0.0
NGC4633,SAB(s)dm: HII,SHIVir,70.54847924909878,7.7335466511526425,3.8674943970893374e-11,8.7349989545424e-12,0.20217637160994553,0.0
NGC4639,SAB(rs)bc Sy1.8,SHIVir,50.89949059035887,0.24366409715657042,3.121463302446511e-10,2.9217039650556724e-10,0.0813770159905576,0.0
NGC4639,SAB(rs)bc Sy1.8,SHIVir,50.89949059035887,0.6304996000290889,3.861954443942669e-10,4.336070265856152e-10,0.2167942615369594,0.0
NGC4639,SAB(rs)bc Sy1.8,SHIVir,50.89949059035887,1.5144683692425678,4.510381980355397e-10,2.530660303121261e-10,0.32277789884493924,0.0
NGC4639,SAB(rs)bc Sy1.8,SHIVir,50.89949059035887,2.130792401700929,4.2148161660450574e-10,2.0950008601718704e-10,0.34068605286690024,0.0
NGC4639,SAB(rs)bc Sy1.8,SHIVir,50.89949059035887,2.6801687150025453,3.4069585449877437e-10,2.0226949802628015e-10,0.28855982953065,0.0
NGC4639,SAB(rs)bc Sy1.8,SHIVir,50.89949059035887,3.2450003636099196,2.3467418646206056e-10,1.983357125716953e-10,0.2116331475395616,0.0
NGC4639,SAB(rs)bc Sy1.8,SHIVir,50.89949059035887,3.861916761784914,2.127371078045528e-10,1.696687686251825e-10,0.16146985196423913,0.0
NGC4639,SAB(rs)bc Sy1.8,SHIVir,50.89949059035887,4.444040433423024,1.8002963103189021e-10,1.317965084627064e-10,0.11245452860530968,0.0
NGC4639,SAB(rs)bc Sy1.8,SHIVir,50.89949059035887,5.000593258289349,1.494405066849365e-10,1.0813828681469057e-10,0.12547108393421816,0.0
NGC4639,SAB(rs)bc Sy1.8,SHIVir,50.89949059035887,5.522325649043705,1.6378323009348748e-10,8.811944511273316e-11,0.14147232706086832,0.0
NGC4639,SAB(rs)bc Sy1.8,SHIVir,50.89949059035887,7.541996945676678,1.0419252655887831e-10,5.171540029519153e-11,0.15631844270301176,0.0
NGC4639,SAB(rs)bc Sy1.8,SHIVir,50.89949059035887,8.051017777219508,1.2384637904148634e-10,5.112112771016645e-11,0.09942323775268966,0.0
NGC4639,SAB(rs)bc Sy1.8,SHIVir,50.89949059035887,8.554068794996727,1.0017678355620976e-10,3.913418195112369e-11,0.16460505763758795,0.0
NGC4639,SAB(rs)bc Sy1.8,SHIVir,50.89949059035887,9.253145225801761,6.591437186425056e-11,3.579982746732764e-11,0.12962304671699304,0.0
NGC4639,SAB(rs)bc Sy1.8,SHIVir,50.89949059035887,9.518580466875138,6.551850949072632e-11,3.368470639327892e-11,0.10795407146031696,0.0
NGC4639,SAB(rs)bc Sy1.8,SHIVir,50.89949059035887,11.808232128572469,1.2042228341827958e-10,2.3874535783025277e-11,0.06427605100826497,0.0
NGC4689,SA(rs)bc;Sy LINER,SHIVir,40.827113186475366,0.14416406079557853,3.0713216409915785e-10,6.04692575178405e-11,0.0,0.0
NGC4689,SA(rs)bc;Sy LINER,SHIVir,40.827113186475366,0.45175219579990145,2.7581435128916977e-10,1.4160097722952382e-10,0.3041292342204388,0.0
NGC4689,SA(rs)bc;Sy LINER,SHIVir,40.827113186475366,0.773642320962516,2.107962394425632e-10,1.5530838386863206e-10,0.34844632578598916,0.0
NGC4689,SA(rs)bc;Sy LINER,SHIVir,40.827113186475366,1.0812304559668389,1.4242678508938996e-10,1.441124612893699e-10,0.3579800245735191,0.0
NGC4689,SA(rs)bc;Sy LINER,SHIVir,40.827113186475366,1.369558577557996,1.3775305575273542e-10,1.3459901002258807e-10,0.3757231221659476,0.0
NGC4689,SA(rs)bc;Sy LINER,SHIVir,40.827113186475366,1.657886699149153,1.236548423119028e-10,1.246781220104565e-10,0.3818568781582753,0.0
NGC4689,SA(rs)bc;Sy LINER,SHIVir,40.827113186475366,1.965474834153476,1.2293533604453635e-10,1.1460545002606718e-10,0.3617905432640847,0.0
NGC4689,SA(rs)bc;Sy LINER,SHIVir,40.827113186475366,2.2873649593160903,9.707899921749131e-11,1.0637155683350916e-10,0.39250077785201565,0.0
NGC4689,SA(rs)bc;Sy LINER,SHIVir,40.827113186475366,2.594953094320413,1.073384466471742e-10,9.690520832246246e-11,0.38162429614420557,0.0
NGC4689,SA(rs)bc;Sy LINER,SHIVir,40.827113186475366,2.88328121591157,1.3164662911108024e-10,9.054615291672905e-11,0.3685813832351164,0.0
NGC4689,SA(rs)bc;Sy LINER,SHIVir,40.827113186475366,3.1908693509158934,1.1552020587759288e-10,8.446543809210856e-11,0.3596939172436464,0.0
NGC4689,SA(rs)bc;Sy LINER,SHIVir,40.827113186475366,3.5127594760785077,1.0830171039741995e-10,7.864539384173472e-11,0.3566605590620437,0.0
NGC4689,SA(rs)bc;Sy LINER,SHIVir,40.827113186475366,3.820347611082831,1.25781499984402e-10,7.162614921919972e-11,0.39870931888458677,0.0
NGC4689,SA(rs)bc;Sy LINER,SHIVir,40.827113186475366,4.108675732673988,1.1464427372222195e-10,6.896119175663583e-11,0.4368262384927112,0.0
NGC4689,SA(rs)bc;Sy LINER,SHIVir,40.827113186475366,4.397003854265145,1.0311624578895177e-10,7.940780702199549e-11,0.3662568789541552,0.0
NGC4689,SA(rs)bc;Sy LINER,SHIVir,40.827113186475366,4.704591989269468,1.0164682524696175e-10,7.70256849302317e-11,0.307375201043181,0.0
NGC4689,SA(rs)bc;Sy LINER,SHIVir,40.827113186475366,5.026482114432081,9.62888229538703e-11,6.188875628752039e-11,0.4032864771530599,0.0
NGC4689,SA(rs)bc;Sy LINER,SHIVir,40.827113186475366,5.307754587545149,8.997818954711368e-11,7.947811811620814e-11,0.29003506125659345,0.0
NGC4689,SA(rs)bc;Sy LINER,SHIVir,40.827113186475366,5.622398371027562,8.2833266963798e-11,6.468662896252837e-11,0.2732392401904296,0.0
NGC4689,SA(rs)bc;Sy LINER,SHIVir,40.827113186475366,5.903861537342739,1.1787037452768878e-10,7.121278512969271e-11,0.27914997747714637,0.0
NGC4689,SA(rs)bc;Sy LINER,SHIVir,40.827113186475366,6.084066613337213,1.0405409284294175e-10,5.637905484276855e-11,0.34575624013316913,0.0
NGC4694,SB0 pec HII,SHIVir,57.80779917540529,0.14796244483654777,6.092319761700755e-11,1.0652408386884098e-10,0.0,0.0
NGC4694,SB0 pec HII,SHIVir,57.80779917540529,0.44518216856955856,2.2204246103643097e-11,2.5482282242942264e-10,0.18023873431606524,0.0
NGC4694,SB0 pec HII,SHIVir,57.80779917540529,0.6698131045014908,1.081102834311463e-11,2.909640537795035e-10,0.21994734318086379,0.0
NGC4694,SB0 pec HII,SHIVir,57.80779917540529,1.0202967056941312,1.0919751013100905e-11,2.678026989715761e-10,0.20181364229541177,0.0
NGC4694,SB0 pec HII,SHIVir,57.80779917540529,1.5339684386590067,5.5819974616786945e-12,2.0770098968934938e-10,0.18394899708429205,0.0
NGC4698,SA(s)ab;Sy2 LINER,SHIVir,44.15149196683359,0.2523873011255747,5.3651744415565286e-11,6.424675511621601e-10,0.058449361626057385,0.0
NGC4698,SA(s)ab;Sy2 LINER,SHIVir,44.15149196683359,0.7716259596704654,7.558892089454736e-10,9.206137745872381e-10,0.20414071336085576,0.0
NGC4698,SA(s)ab;Sy2 LINER,SHIVir,44.15149196683359,1.2722080818364725,5.755506915741192e-10,6.833738577584267e-10,0.2272147293888143,0.0
NGC4698,SA(s)ab;Sy2 LINER,SHIVir,44.15149196683359,1.7696458439386227,6.394009930512299e-10,4.984270359297108e-10,0.2752713903741687,0.0
NGC4698,SA(s)ab;Sy2 LINER,SHIVir,44.15149196683359,2.201680916712551,6.290291347658875e-10,3.894039277251595e-10,0.3115574586259174,0.0
NGC4698,SA(s)ab;Sy2 LINER,SHIVir,44.15149196683359,2.6280561413715366,6.564138880670069e-10,3.233278773613596e-10,0.33787929397950295,0.0
NGC4698,SA(s)ab;Sy2 LINER,SHIVir,44.15149196683359,2.9978328848810993,3.5783501914249657e-10,2.7784967008369155e-10,0.3494375843175112,0.0
NGC4698,SA(s)ab;Sy2 LINER,SHIVir,44.15149196683359,4.939160788306306,3.887076329841242e-10,1.7834478074920338e-10,0.3141359369166687,0.0
NGC4698,SA(s)ab;Sy2 LINER,SHIVir,44.15149196683359,5.229699658206676,4.869272606219429e-10,1.6726783715174597e-10,0.40113731744173253,0.0
NGC4698,SA(s)ab;Sy2 LINER,SHIVir,44.15149196683359,5.784364773471021,4.169352933507925e-10,1.4802099956155191e-10,0.4120045158071345,0.0
NGC4698,SA(s)ab;Sy2 LINER,SHIVir,44.15149196683359,6.0616973311031925,3.4145220731959626e-10,1.8445563965658614e-10,0.2649018256333072,0.0
NGC4698,SA(s)ab;Sy2 LINER,SHIVir,44.15149196683359,6.695600319976729,3.5243354594243584e-10,1.865786211840209e-10,0.22672652672119342,0.0
NGC4698,SA(s)ab;Sy2 LINER,SHIVir,44.15149196683359,7.633248491018835,3.015625652195824e-10,1.4830925662263827e-10,0.2604101217452177,0.0
NGC4698,SA(s)ab;Sy2 LINER,SHIVir,44.15149196683359,8.452039851647152,2.8546132974483313e-10,1.3413774103924082e-10,0.19686338003311002,0.0
NGC4698,SA(s)ab;Sy2 LINER,SHIVir,44.15149196683359,9.931146825685405,2.446789600981123e-10,1.063126900603627e-10,0.12053119484459168,0.0
NGC4712,SA(s)bc HII,ShellFlow,70.27959746199785,0.5010541051559887,1.703860873812331e-10,2.0287453928061707e-11,0.6496523776524182,0.0
NGC4712,SA(s)bc HII,ShellFlow,70.27959746199785,1.4547512908152134,1.5578317664310625e-10,3.956595894368079e-11,0.574094602569156,0.0
NGC4712,SA(s)bc HII,ShellFlow,70.27959746199785,2.3532599083703,1.3079917524573326e-10,4.369747101876804e-11,0.5550533858052163,0.0
NGC4712,SA(s)bc HII,ShellFlow,70.27959746199785,3.306957094029525,1.497096245621862e-10,4.445641607916574e-11,0.5427211238766759,0.0
NGC4712,SA(s)bc HII,ShellFlow,70.27959746199785,4.309065304341502,1.58488420155255e-10,4.554831146215728e-11,0.5047003625857925,0.0
NGC4712,SA(s)bc HII,ShellFlow,70.27959746199785,5.210962693622282,1.385054882900893e-10,4.933241629029299e-11,0.43713311693903445,0.0
NGC4712,SA(s)bc HII,ShellFlow,70.27959746199785,6.161271107555814,1.0651359725560774e-10,4.424754870847618e-11,0.3982004944636766,0.0
NGC4712,SA(s)bc HII,ShellFlow,70.27959746199785,7.114968293215038,9.126146356747025e-11,2.6239955242004207e-11,0.5875499072088847,0.0
NGC4712,SA(s)bc HII,ShellFlow,70.27959746199785,8.068665478874262,9.538328344028295e-11,2.281303171620091e-11,0.5579393906767206,0.0
NGC4712,SA(s)bc HII,ShellFlow,70.27959746199785,9.018973892807796,8.330654452554959e-11,4.2037785853706574e-11,0.3276193367147666,0.0
NGC4712,SA(s)bc HII,ShellFlow,70.27959746199785,9.969282306741327,8.883889393060123e-11,4.434378769001254e-11,0.2954704712644862,0.0
NGC4712,SA(s)bc HII,ShellFlow,70.27959746199785,10.922979492400552,8.972303707556581e-11,4.4390911442098385e-11,0.24487687030522842,0.0
NGC4712,SA(s)bc HII,ShellFlow,70.27959746199785,11.876676678059777,7.967189197008821e-11,2.6937972163002368e-11,0.30401213704316593,0.0
NGC4712,SA(s)bc HII,ShellFlow,70.27959746199785,12.72677427096211,8.818954875217852e-11,1.97279336391942e-11,0.4971171368106504,0.0
NGC4712,SA(s)bc HII,ShellFlow,70.27959746199785,13.72888248127409,8.51588816087328e-11,2.660300464561927e-11,0.3039337740009237,0.0
NGC4712,SA(s)bc HII,ShellFlow,70.27959746199785,14.730990691586067,7.81698997812491e-11,3.065629405506663e-11,0.1982088112533456,0.0
NGC4712,SA(s)bc HII,ShellFlow,70.27959746199785,15.632888080866845,6.914228471822457e-11,1.3781012538591846e-11,0.4980859232714117,0.0
NGC4712,SA(s)bc HII,ShellFlow,70.27959746199785,16.524619154970548,6.570092634288312e-11,2.0691575504672362e-11,0.25756108315194026,0.0
NGC4712,SA(s)bc HII,ShellFlow,70.27959746199785,17.626938186313723,6.23148684082111e-11,2.5337417944798705e-11,0.15240786803331913,0.0
NGC4712,SA(s)bc HII,ShellFlow,70.27959746199785,18.400822994691293,6.38550089479817e-11,1.6529963711724637e-11,0.26034669451307846,0.0
NGC4712,SA(s)bc HII,ShellFlow,70.27959746199785,18.974701112646354,7.814763789529489e-11,1.1094624890107962e-11,0.4403300775846675,0.0
NGC4808,SA(s)cd:;HII LINER,Courteau97,72.73003477929942,0.1529297046158129,1.1781583868093115e-10,3.9715648899689166e-11,0.0,0.0
NGC4808,SA(s)cd:;HII LINER,Courteau97,72.73003477929942,0.4543516970886966,3.292658366532136e-10,9.155702199101273e-11,0.2773207347960764,0.0
NGC4808,SA(s)cd:;HII LINER,Courteau97,72.73003477929942,0.750148046445107,2.6921691471659395e-10,1.0170063318908406e-10,0.27900202756107423,0.0
NGC4808,SA(s)cd:;HII LINER,Courteau97,72.73003477929942,1.0564985849513975,3.2195146807381316e-10,1.0127760053446579e-10,0.2882595537094504,0.0
NGC4808,SA(s)cd:;HII LINER,Courteau97,72.73003477929942,1.3526674797677052,2.571689418625433e-10,9.821772984343436e-11,0.26671327960947566,0.0
NGC4808,SA(s)cd:;HII LINER,Courteau97,72.73003477929942,1.6489217990206773,2.4828211995739216e-10,9.934213010820477e-11,0.20975851518464678,0.0
NGC4808,SA(s)cd:;HII LINER,Courteau97,72.73003477929942,1.9505055230424204,2.1093593631939618e-10,8.916257398588889e-11,0.1788412598287369,0.0
NGC4808,SA(s)cd:;HII LINER,Courteau97,72.73003477929942,2.2459089896726963,1.949940915849665e-10,7.76691625699051e-11,0.1834211333596088,0.0
NGC4808,SA(s)cd:;HII LINER,Courteau97,72.73003477929942,2.5443184768332,2.2107259468532095e-10,6.971140573909596e-11,0.15829540888271465,0.0
NGC4808,SA(s)cd:;HII LINER,Courteau97,72.73003477929942,2.8379653195646375,2.1021310424097855e-10,6.160739005463872e-11,0.13400310089312584,0.0
NGC4808,SA(s)cd:;HII LINER,Courteau97,72.73003477929942,3.1562905606864953,1.6906473257230088e-10,5.2822967002687386e-11,0.11434018707639211,0.0
NGC4808,SA(s)cd:;HII LINER,Courteau97,72.73003477929942,3.4561519052057927,1.3419889660739678e-10,4.5681368850886684e-11,0.11346555290315835,0.0
NGC4808,SA(s)cd:;HII LINER,Courteau97,72.73003477929942,3.7053353188299596,1.4736228746901666e-10,4.084013763096374e-11,0.11810992712039553,0.0
NGC4808,SA(s)cd:;HII LINER,Courteau97,72.73003477929942,3.9522431900710253,1.0422410878516394e-10,3.6277315347421483e-11,0.11351284059459839,0.0
NGC5056,Scd: AGN,Courteau97,58.85463642601167,0.41062067825370274,1.625949126966783e-10,5.839904851085571e-11,0.5855480027498676,0.0
NGC5056,Scd: AGN,Courteau97,58.85463642601167,1.190727801614428,5.226644248722473e-10,1.3210740882957093e-10,0.48219125961406895,0.0
NGC5056,Scd: AGN,Courteau97,58.85463642601167,1.905164482583085,3.82974354632264e-10,1.4107188746141595e-10,0.449425602553206,0.0
NGC5056,Scd: AGN,Courteau97,58.85463642601167,2.7386739437131844,2.476024984206194e-10,1.32768106105015e-10,0.42699586053689254,0.0
NGC5056,Scd: AGN,Courteau97,58.85463642601167,3.5721834048432837,2.1536481179442494e-10,1.2028020473349952e-10,0.38505467073986976,0.0
NGC5056,Scd: AGN,Courteau97,58.85463642601167,4.286620085811941,2.054928616503468e-10,1.0581323383189918e-10,0.3631814265888862,0.0
NGC5056,Scd: AGN,Courteau97,58.85463642601167,5.1201295469420405,1.9376243174816775e-10,8.009036593019077e-11,0.422524119078428,0.0
NGC5056,Scd: AGN,Courteau97,58.85463642601167,5.95363900807214,1.3215403259139888e-10,7.929305581771479e-11,0.424573132419245,0.0
NGC5056,Scd: AGN,Courteau97,58.85463642601167,6.668075689040798,1.3429963149174131e-10,5.957534416427416e-11,0.4981559428789733,0.0
NGC5056,Scd: AGN,Courteau97,58.85463642601167,7.422203296729935,1.4490247832973568e-10,4.9873143700313534e-11,0.5202164679066446,0.0
NGC5056,Scd: AGN,Courteau97,58.85463642601167,8.269424168908929,1.2828392211470415e-10,5.3015469005887384e-11,0.410403603654048,0.0
NGC5056,Scd: AGN,Courteau97,58.85463642601167,9.049531292269654,1.540300011485584e-10,4.685877471601628e-11,0.43242532855586063,0.0
NGC5056,Scd: AGN,Courteau97,58.85463642601167,9.644895193076866,1.4791231878182813e-10,5.961583874501362e-11,0.2925700646971576,0.0
NGC5056,Scd: AGN,Courteau97,58.85463642601167,11.566657699561244,8.864123685393364e-11,4.610749797002853e-11,0.2602408917224719,0.0
NGC5056,Scd: AGN,Courteau97,58.85463642601167,12.042948820207016,7.426752125582203e-11,2.8946176794858992e-11,0.4444654119667805,0.0
NGC5056,Scd: AGN,Courteau97,58.85463642601167,14.7816227639202,1.0151015507337353e-10,3.214170632390567e-11,0.19277891409912654,0.0
NGC5056,Scd: AGN,Courteau97,58.85463642601167,15.138841104404527,1.1052351601281556e-10,3.848274457973756e-11,0.18248214238099358,0.0
NGC5056,Scd: AGN,Courteau97,58.85463642601167,15.734205005211743,1.0916153279623528e-10,2.4871655607113957e-11,0.33281467763833317,0.0
NGC5060,SB(s)b,Mathewson96,49.17013494766068,0.01786686253120985,7.6952217414265e-11,2.4097009706372175e-12,0.0,0.0
NGC5060,SB(s)b,Mathewson96,49.17013494766068,0.7690519089520762,8.959237364706773e-11,2.192873072115942e-10,0.581253083621603,0.0
NGC5060,SB(s)b,Mathewson96,49.17013494766068,1.5381038179041524,1.8297798237154692e-10,3.346250708512386e-10,0.4820783253554197,0.0
NGC5060,SB(s)b,Mathewson96,49.17013494766068,2.2892888643250187,1.9395579051790055e-10,3.4364989471928933e-10,0.43918082379589496,0.0
NGC5060,SB(s)b,Mathewson96,49.17013494766068,2.325022589387438,2.6042862125475756e-10,3.4281555975936544e-10,0.4230474658471186,0.0
NGC5060,SB(s)b,Mathewson96,49.17013494766068,3.076207635808305,2.395373855648707e-10,3.0548530812962556e-10,0.42758203149928836,0.0
NGC5060,SB(s)b,Mathewson96,49.17013494766068,3.8452595447603803,2.1975672103487842e-10,3.0592146252386056e-10,0.3722376818785635,0.0
NGC5060,SB(s)b,Mathewson96,49.17013494766068,4.596444591181247,2.2790922090232145e-10,2.973621850034876e-10,0.2582797413844315,0.0
NGC5060,SB(s)b,Mathewson96,49.17013494766068,4.632178316243667,2.0416802944105397e-10,3.1967933551970105e-10,0.2711995949547466,0.0
NGC5060,SB(s)b,Mathewson96,49.17013494766068,5.383363362664534,2.125306135729188e-10,3.0833479304615547e-10,0.24395672572016538,0.0
NGC5060,SB(s)b,Mathewson96,49.17013494766068,6.15241527161661,1.5601313649894373e-10,2.46078501773806e-10,0.1784351860639285,0.0
NGC5060,SB(s)b,Mathewson96,49.17013494766068,6.903600318037476,1.9006605378035421e-10,2.1891176975579847e-10,0.19541505369313128,0.0
NGC5060,SB(s)b,Mathewson96,49.17013494766068,7.708385952051972,1.5682407404040684e-10,1.8661149545203495e-10,0.19523717311803732,0.0
NGC5060,SB(s)b,Mathewson96,49.17013494766068,8.477437861004049,1.2080758243105975e-10,1.7163091234233062e-10,0.1450096802840769,0.0
NGC5060,SB(s)b,Mathewson96,49.17013494766068,9.246489769956124,1.6846042348536877e-10,1.5074794667399394e-10,0.10976082884622614,0.0
NGC5065,Sd HII,Courteau97,53.04258050356054,0.29706679514217144,8.719309829096492e-11,1.5194573758865415e-11,0.719012266381825,0.0
NGC5065,Sd HII,Courteau97,53.04258050356054,0.8912003854265143,1.4960132139607498e-10,4.155475276712337e-11,0.6659340140413259,0.0
NGC5065,Sd HII,Courteau97,53.04258050356054,1.5447473347392915,1.2301972505478794e-10,6.279987574873564e-11,0.5995232298887161,0.0
NGC5065,Sd HII,Courteau97,53.04258050356054,2.1982942840520687,1.1847299941951459e-10,7.511515791958693e-11,0.5346731354520015,0.0
NGC5065,Sd HII,Courteau97,53.04258050356054,2.7924278743364113,1.4694164892469852e-10,8.009922508335573e-11,0.5126336163978236,0.0
NGC5065,Sd HII,Courteau97,53.04258050356054,3.386561464620754,1.6931953096655035e-10,8.585523042569016e-11,0.46159624059830356,0.0
NGC5065,Sd HII,Courteau97,53.04258050356054,3.980695054905097,1.2647750930627206e-10,9.028778000109515e-11,0.3987772589497027,0.0
NGC5065,Sd HII,Courteau97,53.04258050356054,4.57482864518944,1.2491288300794667e-10,6.871441946969413e-11,0.4623623888951885,0.0
NGC5065,Sd HII,Courteau97,53.04258050356054,5.228375594502217,9.147353702558061e-11,8.319980065723193e-11,0.3218838768397721,0.0
NGC5065,Sd HII,Courteau97,53.04258050356054,5.881922543814994,1.1211490626847507e-10,7.826153843477571e-11,0.32989401040775174,0.0
NGC5065,Sd HII,Courteau97,53.04258050356054,6.476056134099338,1.0209524430084873e-10,7.307572492064334e-11,0.3136137068000759,0.0
NGC5065,Sd HII,Courteau97,53.04258050356054,7.070189724383681,1.2332637638801358e-10,7.174635797633186e-11,0.26999387039479456,0.0
NGC5065,Sd HII,Courteau97,53.04258050356054,7.723736673696457,1.0092007367954187e-10,6.960211917221926e-11,0.22764407123289493,0.0
NGC5065,Sd HII,Courteau97,53.04258050356054,8.258456904952364,9.209001349634192e-11,4.507359900054229e-11,0.327993055797659,0.0
NGC5065,Sd HII,Courteau97,53.04258050356054,8.912003854265143,1.063966124845247e-10,4.0842329087029965e-11,0.3610011021561214,0.0
NGC5065,Sd HII,Courteau97,53.04258050356054,9.506137444549486,1.0354839669004795e-10,5.0193133953045425e-11,0.21896955108667251,0.0
NGC5065,Sd HII,Courteau97,53.04258050356054,10.159684393862262,6.709979273042822e-11,4.9177610338392966e-11,0.15516059044974406,0.0
NGC5065,Sd HII,Courteau97,53.04258050356054,10.753817984146608,9.601262720468009e-11,3.3403493153322595e-11,0.2922251006578332,0.0
NGC5065,Sd HII,Courteau97,53.04258050356054,12.298565318885897,8.432912964635665e-11,3.582123781228463e-11,0.1333397537331023,0.0
NGC5115,SBcd:,Mathewson96,66.81585839982084,0.49481089375318166,2.0797979660995357e-11,1.2442619014810576e-11,0.7471355838441659,0.0
NGC5115,SBcd:,Mathewson96,66.81585839982084,1.2965045034300535,3.642736541793462e-11,2.8737293490292813e-11,0.6862780153079547,0.0
NGC5115,SBcd:,Mathewson96,66.81585839982084,1.672360859089036,4.768941697210032e-11,3.525328905603878e-11,0.6384856428722837,0.0
NGC5115,SBcd:,Mathewson96,66.81585839982084,2.4740544687659076,5.401907821060216e-11,4.5415787934645385e-11,0.5628493437616329,0.0
NGC5115,SBcd:,Mathewson96,66.81585839982084,3.2757480784427804,5.814119859974534e-11,5.3174711405792456e-11,0.4961123947276195,0.0
NGC5115,SBcd:,Mathewson96,66.81585839982084,3.6516044341017624,8.086263357092156e-11,5.5166790731955565e-11,0.4386694756277988,0.0
NGC5115,SBcd:,Mathewson96,66.81585839982084,4.453298043778634,8.33903489101665e-11,5.2210686049480065e-11,0.40989331655723166,0.0
NGC5115,SBcd:,Mathewson96,66.81585839982084,5.442919831284998,7.850490492319222e-11,4.8089246275153666e-11,0.4050684332187165,0.0
NGC5115,SBcd:,Mathewson96,66.81585839982084,6.24461344096187,5.59557015766744e-11,3.417330258406422e-11,0.532650528527768,0.0
NGC5115,SBcd:,Mathewson96,66.81585839982084,6.620469796620852,6.144935068351818e-11,4.646641892664777e-11,0.38590248966738877,0.0
NGC5115,SBcd:,Mathewson96,66.81585839982084,7.422163406297724,6.839197586903516e-11,4.224225134056512e-11,0.41713514016294767,0.0
NGC5115,SBcd:,Mathewson96,66.81585839982084,8.223857015974597,7.331304256528317e-11,3.7919352979308004e-11,0.4311772391182698,0.0
NGC5115,SBcd:,Mathewson96,66.81585839982084,8.599713371633579,7.220511056956113e-11,2.3396063679399772e-11,0.5588954777230702,0.0
NGC5115,SBcd:,Mathewson96,66.81585839982084,9.401406981310451,6.941072330492901e-11,1.9280765592150463e-11,0.6209054028044405,0.0
NGC5115,SBcd:,Mathewson96,66.81585839982084,10.391028768816813,6.386684889224452e-11,1.998560965491597e-11,0.5549074545840034,0.0
NGC5115,SBcd:,Mathewson96,66.81585839982084,11.192722378493684,7.19587494768105e-11,2.4835353081043755e-11,0.4512011130302046,0.0
NGC5115,SBcd:,Mathewson96,66.81585839982084,12.182344166000048,6.506635878682288e-11,2.630092651874268e-11,0.37048198852579456,0.0
NGC5115,SBcd:,Mathewson96,66.81585839982084,13.171965953506412,4.9065807541301546e-11,3.050242237621527e-11,0.2516588162499739,0.0
NGC5115,SBcd:,Mathewson96,66.81585839982084,14.161587741012776,4.2713372912439354e-11,3.1882125129664305e-11,0.17710435684771358,0.0
NGC5125,Sb,Mathewson96,52.97299953142239,0.015960181804959638,2.1276940108459002e-07,1.0832637362013988e-12,0.0,0.0
NGC5125,Sb,Mathewson96,52.97299953142239,0.8540854046978401,2.689963091579596e-09,2.9675933514432384e-10,0.5333708489016414,0.0
NGC5125,Sb,Mathewson96,52.97299953142239,1.7081708093956802,1.6048489065640557e-09,4.3170489237652576e-10,0.4146487118660094,0.0
NGC5125,Sb,Mathewson96,52.97299953142239,2.5462960322885606,1.4228363382585462e-09,4.226395998425436e-10,0.34684954483167757,0.0
NGC5125,Sb,Mathewson96,52.97299953142239,2.57821639589848,1.0115166367624717e-09,4.2019856545425396e-10,0.33142025955240584,0.0
NGC5125,Sb,Mathewson96,52.97299953142239,3.4163416187913604,8.821250669385222e-10,3.3904290882309946e-10,0.33243939730645017,0.0
NGC5125,Sb,Mathewson96,52.97299953142239,4.270427023489201,7.123161106641631e-10,3.083282460591787e-10,0.268268037626463,0.0
NGC5125,Sb,Mathewson96,52.97299953142239,5.108552246382081,5.251862248388106e-10,2.384885163145218e-10,0.23597720412730838,0.0
NGC5125,Sb,Mathewson96,52.97299953142239,5.140472609992001,5.129485897868824e-10,2.4814197306669754e-10,0.2495092074846669,0.0
NGC5125,Sb,Mathewson96,52.97299953142239,5.978597832884882,4.6044086415150355e-10,1.8041824249740882e-10,0.3517622600003767,0.0
NGC5125,Sb,Mathewson96,52.97299953142239,6.832683237582721,3.6742192386123395e-10,1.7317535394149177e-10,0.24163772727711894,0.0
NGC5125,Sb,Mathewson96,52.97299953142239,7.670808460475603,2.4245293858051174e-10,1.7037479470077192e-10,0.2386951196237278,0.0
NGC5125,Sb,Mathewson96,52.97299953142239,7.70272882408552,3.564485920336875e-10,1.6644200093843502e-10,0.2479612760329735,0.0
NGC5125,Sb,Mathewson96,52.97299953142239,8.540854046978403,2.974124536843219e-10,1.3950211405579e-10,0.2666454051642009,0.0
NGC5125,Sb,Mathewson96,52.97299953142239,9.39493945167624,2.685220898641841e-10,1.2336976059514771e-10,0.2604005391889365,0.0
NGC5125,Sb,Mathewson96,52.97299953142239,10.233064674569121,2.0206510103745923e-10,1.1865495674657123e-10,0.22531371514864706,0.0
NGC5125,Sb,Mathewson96,52.97299953142239,11.087150079266962,1.9577660824519668e-10,1.110810851451593e-10,0.2012635645026029,0.0
NGC5125,Sb,Mathewson96,52.97299953142239,11.941235483964803,1.472701141717195e-10,5.073852228019882e-11,0.4875775909438927,0.0
NGC5125,Sb,Mathewson96,52.97299953142239,12.795320888662642,1.3262921355063533e-10,6.103252880143721e-11,0.37780818748315353,0.0
NGC5172,SAB(rs)bc:,Courteau97/Mathewson96,62.46790339045629,0.5506130649545834,8.898663399501121e-10,1.0026832647733717e-10,0.550664496174322,0.0
NGC5172,SAB(rs)bc:,Courteau97/Mathewson96,62.46790339045629,1.3177600303940598,6.834394452680241e-10,1.739724189120527e-10,0.45063388884225813,0.0
NGC5172,SAB(rs)bc:,Courteau97/Mathewson96,62.46790339045629,2.1574661333721186,4.706045301361427e-10,1.67559600391137e-10,0.41739500561624965,0.0
NGC5172,SAB(rs)bc:,Courteau97/Mathewson96,62.46790339045629,3.0261731408624826,3.5065810519728407e-10,1.3848974036306703e-10,0.4499093241728328,0.0
NGC5172,SAB(rs)bc:,Courteau97/Mathewson96,62.46790339045629,3.9168283968958097,3.043179479062159e-10,1.1920491546520135e-10,0.42005610844346114,0.0
NGC5172,SAB(rs)bc:,Courteau97/Mathewson96,62.46790339045629,4.8486387809102105,2.356928968059153e-10,1.1444900230677608e-10,0.42589055679413407,0.0
NGC5172,SAB(rs)bc:,Courteau97/Mathewson96,62.46790339045629,5.633383792693864,2.1180213675866162e-10,7.264442703532058e-11,0.5398057046554525,0.0
NGC5172,SAB(rs)bc:,Courteau97/Mathewson96,62.46790339045629,6.472398400116354,2.2420796817434115e-10,1.04814824146551e-10,0.38939101312151303,0.0
NGC5172,SAB(rs)bc:,Courteau97/Mathewson96,62.46790339045629,7.3049206326004565,2.343126693041853e-10,6.867349191449241e-11,0.5238811935047922,0.0
NGC5172,SAB(rs)bc:,Courteau97/Mathewson96,62.46790339045629,8.327219978668218,1.8718602792764655e-10,5.5795327232998336e-11,0.5029273552530944,0.0
NGC5172,SAB(rs)bc:,Courteau97/Mathewson96,62.46790339045629,9.094319048311638,1.7386835455261782e-10,4.1493232697417076e-11,0.6188931297376196,0.0
NGC5172,SAB(rs)bc:,Courteau97/Mathewson96,62.46790339045629,9.978280866846047,1.5759523456062707e-10,3.637758744105923e-11,0.6358428366136406,0.0
NGC5172,SAB(rs)bc:,Courteau97/Mathewson96,62.46790339045629,10.824650472450488,1.641092105956292e-10,4.655223450536239e-11,0.5276173226539613,0.0
NGC5172,SAB(rs)bc:,Courteau97/Mathewson96,62.46790339045629,11.660590768463592,1.5660069827920428e-10,6.705225708691362e-11,0.33046479064459805,0.0
NGC5172,SAB(rs)bc:,Courteau97/Mathewson96,62.46790339045629,12.596872091996001,1.5291289256698512e-10,8.043920376306683e-11,0.21024143872758727,0.0
NGC5172,SAB(rs)bc:,Courteau97/Mathewson96,62.46790339045629,13.483346111555523,1.550631773115468e-10,5.3637777034815183e-11,0.2013191130715548,0.0
NGC5172,SAB(rs)bc:,Courteau97/Mathewson96,62.46790339045629,14.292395911570067,1.3473110268170473e-10,4.789724121161967e-11,0.3131848157096554,0.0
NGC5172,SAB(rs)bc:,Courteau97/Mathewson96,62.46790339045629,17.130880395122777,8.35094143984912e-11,3.972425913406935e-11,0.22557642894834562,0.0
NGC5172,SAB(rs)bc:,Courteau97/Mathewson96,62.46790339045629,17.310669239570455,5.747133774796203e-11,3.5341720144628797e-11,0.26680429018000257,0.0
NGC5185,Sb,Courteau97/Mathewson96,76.50294880867953,1.964122274743655,6.18282121153973e-10,1.0608031984280598e-10,0.5130657396702816,0.0
NGC5185,Sb,Courteau97/Mathewson96,76.50294880867953,3.4541460693767725,4.125774300805624e-10,1.0512871194463955e-10,0.44999738878722706,0.0
NGC5185,Sb,Courteau97/Mathewson96,76.50294880867953,4.447495265798851,4.2719049153473665e-10,8.066589481142323e-11,0.4384841031344442,0.0
NGC5185,Sb,Courteau97/Mathewson96,76.50294880867953,5.922468315031634,2.705092296924861e-10,5.855868737027886e-11,0.4873156785641927,0.0
NGC5185,Sb,Courteau97/Mathewson96,76.50294880867953,7.05879959275689,3.373874588447718e-10,3.405281250685126e-11,0.6787631383756232,0.0
NGC5185,Sb,Courteau97/Mathewson96,76.50294880867953,8.217706988582648,2.2624773832334983e-10,6.430565308588256e-11,0.4535614963322556,0.0
NGC5185,Sb,Courteau97/Mathewson96,76.50294880867953,9.434308908443022,2.3294119605878294e-10,2.224166955382416e-11,0.7423859582076001,0.0
NGC5185,Sb,Courteau97/Mathewson96,76.50294880867953,10.75923058686641,2.1854958132440475e-10,7.35905862579501e-11,0.3191031256845595,0.0
NGC5185,Sb,Courteau97/Mathewson96,76.50294880867953,12.04210139480765,1.9460521430431644e-10,5.3672481460979624e-11,0.39415560545725103,0.0
NGC5185,Sb,Courteau97/Mathewson96,76.50294880867953,13.333455350156353,2.0276445310671037e-10,4.4679473993708427e-11,0.42120912012788797,0.0
NGC5185,Sb,Courteau97/Mathewson96,76.50294880867953,14.256818580466875,1.9994014050680416e-10,6.78133982644573e-11,0.24635496362934897,0.0
NGC5185,Sb,Courteau97/Mathewson96,76.50294880867953,15.897767905364459,1.5585771364823165e-10,5.130798316644257e-11,0.29409351498706443,0.0
NGC5185,Sb,Courteau97/Mathewson96,76.50294880867953,17.091793707124328,1.6261202375176116e-10,6.195718681487237e-11,0.19237756112400528,0.0
NGC5185,Sb,Courteau97/Mathewson96,76.50294880867953,18.23021536615519,1.4429249034617703e-10,1.5495055546202396e-11,0.6761838494557381,0.0
NGC5185,Sb,Courteau97/Mathewson96,76.50294880867953,19.392885448331032,9.216889872395011e-11,3.871755195568756e-11,0.286322149929738,0.0
NGC5185,Sb,Courteau97/Mathewson96,76.50294880867953,20.75246944949458,1.4246687281378125e-10,5.895229097087068e-11,0.12529569418171155,0.0
NGC5185,Sb,Courteau97/Mathewson96,76.50294880867953,22.372933037597264,1.3007517628783154e-10,1.0840548203644995e-11,0.6940228281498623,0.0
NGC5185,Sb,Courteau97/Mathewson96,76.50294880867953,23.366282234019344,1.127900800422296e-10,3.3703078848308974e-11,0.16536311910087967,0.0
NGC5185,Sb,Courteau97/Mathewson96,76.50294880867953,24.35963143044142,1.1909082121852543e-10,1.925003170814883e-11,0.3854107563000792,0.0
NGC5185,Sb,Courteau97/Mathewson96,76.50294880867953,25.3529806268635,1.075902317978457e-10,2.9764963003810186e-11,0.1519319918448424,0.0
NGC5235,SB,Mathewson96,65.41909396902642,0.41216666424260057,5.3935397900097516e-11,5.184745500449438e-11,0.6129963051516732,0.0
NGC5235,SB,Mathewson96,65.41909396902642,1.1382461212517878,1.5818299673337108e-10,1.1953592092809332e-10,0.5329829676655335,0.0
NGC5235,SB,Mathewson96,65.41909396902642,1.3347538642038155,1.0522607254599911e-10,1.307238949395159e-10,0.5184548827495121,0.0
NGC5235,SB,Mathewson96,65.41909396902642,2.060833321213003,2.8847434723199133e-10,1.4341537732923442e-10,0.4525162269740489,0.0
NGC5235,SB,Mathewson96,65.41909396902642,2.78691277822219,1.6398556081505602e-10,1.3486567658716276e-10,0.4385941861635577,0.0
NGC5235,SB,Mathewson96,65.41909396902642,2.9834205211742177,2.6674287577689557e-10,1.2618478066984413e-10,0.46537548885940316,0.0
NGC5235,SB,Mathewson96,65.41909396902642,3.709499978183405,2.3122583895278998e-10,1.2143369901870763e-10,0.41041603916311703,0.0
NGC5235,SB,Mathewson96,65.41909396902642,4.533833306668606,2.2507851308138276e-10,1.2719849097369266e-10,0.35428161665713925,0.0
NGC5235,SB,Mathewson96,65.41909396902642,5.259912763677793,2.3016349592546654e-10,9.647506091617221e-11,0.44324387756183914,0.0
NGC5235,SB,Mathewson96,65.41909396902642,5.456420506629821,2.1442765452964256e-10,1.1242041255153733e-10,0.31660131636442895,0.0
NGC5235,SB,Mathewson96,65.41909396902642,6.1824999636390086,1.8173329173731767e-10,1.0561630007722177e-10,0.3449455303019847,0.0
NGC5235,SB,Mathewson96,65.41909396902642,7.00683329212421,1.7042167475151924e-10,6.788724380148954e-11,0.46943174803400234,0.0
NGC5235,SB,Mathewson96,65.41909396902642,7.831166620609411,1.705810853795428e-10,5.398745811173971e-11,0.4942521912590347,0.0
NGC5235,SB,Mathewson96,65.41909396902642,8.753753820570624,1.0841001178820633e-10,7.163201781797604e-11,0.2511885240495504,0.0
NGC5235,SB,Mathewson96,65.41909396902642,9.381579406103798,1.5804290954681715e-10,4.583860622012482e-11,0.4932549340052929,0.0
NGC5235,SB,Mathewson96,65.41909396902642,9.578087149055827,1.7825809039276023e-10,5.4117091394707606e-11,0.33999870458379766,0.0
NGC5235,SB,Mathewson96,65.41909396902642,10.304166606065014,1.1716350271177788e-10,4.466082473029696e-11,0.45125714503551745,0.0
NGC5235,SB,Mathewson96,65.41909396902642,11.128499934550215,1.4464820541698795e-10,5.65218907813753e-11,0.28714587367657846,0.0
NGC5235,SB,Mathewson96,65.41909396902642,11.854579391559401,1.0466423381093867e-10,7.384558882255451e-11,0.13064001589305427,0.0
NGC5356,SABbc: sp HII,Mathewson96,76.12931828190811,0.18535121146744882,1.545298817231025e-10,9.748566268000865e-12,0.49894274289749807,0.0
NGC5356,SABbc: sp HII,Mathewson96,76.12931828190811,0.5306597550077167,5.985562261649765e-11,2.381699108804023e-11,0.6056895359496948,0.0
NGC5356,SABbc: sp HII,Mathewson96,76.12931828190811,0.9013621779426142,6.03712546989264e-11,3.2165037866734504e-11,0.605314062965944,0.0
NGC5356,SABbc: sp HII,Mathewson96,76.12931828190811,1.246670721482882,4.064892509862707e-11,3.756628157633428e-11,0.5762358422668703,0.0
NGC5356,SABbc: sp HII,Mathewson96,76.12931828190811,1.6173731444177797,4.7705026556331e-11,4.019369022065692e-11,0.5709162054015309,0.0
NGC5356,SABbc: sp HII,Mathewson96,76.12931828190811,1.9626816879580475,9.737758711037831e-11,4.070460496443808e-11,0.5687167652914505,0.0
NGC5356,SABbc: sp HII,Mathewson96,76.12931828190811,2.386703221583885,7.971758235898686e-11,4.124366328922953e-11,0.5625614898222621,0.0
NGC5356,SABbc: sp HII,Mathewson96,76.12931828190811,2.744708704821467,9.778697891180025e-11,4.0572080538796823e-11,0.5378407812761399,0.0
NGC5356,SABbc: sp HII,Mathewson96,76.12931828190811,3.1027141880590503,9.545188735740629e-11,4.4645890225800165e-11,0.5105062248084076,0.0
NGC5356,SABbc: sp HII,Mathewson96,76.12931828190811,3.526735721684888,1.1141708506993881e-10,4.547241877740337e-11,0.5118821209026346,0.0
NGC5356,SABbc: sp HII,Mathewson96,76.12931828190811,3.872044265225155,9.116484836702577e-11,4.897887033027826e-11,0.4728949527608932,0.0
NGC5356,SABbc: sp HII,Mathewson96,76.12931828190811,4.242746688160053,9.75243293610685e-11,5.2195549072184395e-11,0.4292151323318677,0.0
NGC5356,SABbc: sp HII,Mathewson96,76.12931828190811,4.588055231700321,9.425347011801265e-11,5.7966146700431203e-11,0.34982169100980265,0.0
NGC5356,SABbc: sp HII,Mathewson96,76.12931828190811,4.958757654635218,9.935040827180542e-11,5.286821846691427e-11,0.3158722515961476,0.0
NGC5356,SABbc: sp HII,Mathewson96,76.12931828190811,5.304066198175486,1.0509623719298439e-10,4.0783688748870154e-11,0.4326447368300393,0.0
NGC5356,SABbc: sp HII,Mathewson96,76.12931828190811,5.674768621110384,1.0535113137105171e-10,4.812121998877656e-11,0.35410039795180837,0.0
NGC5356,SABbc: sp HII,Mathewson96,76.12931828190811,6.007380224953336,8.752769630658284e-11,4.9868710187352644e-11,0.24988640660338857,0.0
NGC5356,SABbc: sp HII,Mathewson96,76.12931828190811,6.36538570819092,1.1588216604269993e-10,3.780201461675791e-11,0.3913409499923688,0.0
NGC5356,SABbc: sp HII,Mathewson96,76.12931828190811,6.723391191428503,7.331819319124428e-11,5.266723239474319e-11,0.20958154460525386,0.0
NGC5356,SABbc: sp HII,Mathewson96,76.12931828190811,7.081396674666085,6.905129767258635e-11,3.429551721433101e-11,0.35188222491842647,0.0
NGC5356,SABbc: sp HII,Mathewson96,76.12931828190811,7.3200669968244725,8.059519461984746e-11,4.869172575670228e-11,0.15861276421485707,0.0
NGC5409,(R')SAB(s)b,Courteau97/Mathewson96,64.39427830905831,0.6959173878263399,2.6203734819983665e-10,1.1853930777300305e-10,0.4879246619679921,0.0
NGC5409,(R')SAB(s)b,Courteau97/Mathewson96,64.39427830905831,1.1810712239109884,1.7540739549815179e-10,1.6822254699721674e-10,0.4280879332581652,0.0
NGC5409,(R')SAB(s)b,Courteau97/Mathewson96,64.39427830905831,1.9401040580944764,2.1133393724474741e-10,1.814727936775833e-10,0.3512485827449797,0.0
NGC5409,(R')SAB(s)b,Courteau97/Mathewson96,64.39427830905831,2.868704028313093,9.913789184411532e-11,1.403363434544963e-10,0.34923469954203085,0.0
NGC5409,(R')SAB(s)b,Courteau97/Mathewson96,64.39427830905831,3.666788716456985,1.6633063842931873e-10,1.214666215822151e-10,0.3538042750010112,0.0
NGC5409,(R')SAB(s)b,Courteau97/Mathewson96,64.39427830905831,4.454169532397644,1.4693210750132862e-10,1.0662680435934142e-10,0.3421458669011375,0.0
NGC5409,(R')SAB(s)b,Courteau97/Mathewson96,64.39427830905831,5.5340676236879744,8.011887384743832e-11,8.050721362027216e-11,0.35038752475466506,0.0
NGC5409,(R')SAB(s)b,Courteau97/Mathewson96,64.39427830905831,6.233961682301893,9.562104726516765e-11,6.9991583804814e-11,0.2915880605201042,0.0
NGC5409,(R')SAB(s)b,Courteau97/Mathewson96,64.39427830905831,6.988004741473348,8.724624385825567e-11,7.18010803178954e-11,0.24355548309036815,0.0
NGC5409,(R')SAB(s)b,Courteau97/Mathewson96,64.39427830905831,7.676962955421424,8.384842337352662e-11,6.270613742624414e-11,0.24516755580954674,0.0
NGC5409,(R')SAB(s)b,Courteau97/Mathewson96,64.39427830905831,10.931867995054905,6.104175516217814e-11,2.0376441065143988e-11,0.556764204557099,0.0
NGC5409,(R')SAB(s)b,Courteau97/Mathewson96,64.39427830905831,11.719248810995564,6.245636217384453e-11,2.563358588833967e-11,0.4386306255664776,0.0
NGC5409,(R')SAB(s)b,Courteau97/Mathewson96,64.39427830905831,12.506629626936222,5.515603407460544e-11,3.492449256189918e-11,0.2990200498651869,0.0
NGC5409,(R')SAB(s)b,Courteau97/Mathewson96,64.39427830905831,14.368109222601992,4.597741362291125e-11,1.3678412611168427e-11,0.6077917989786228,0.0
NGC5409,(R')SAB(s)b,Courteau97/Mathewson96,64.39427830905831,15.02425990255254,3.5878478873991355e-11,3.3867468016845004e-11,0.2679391251947,0.0
NGC5409,(R')SAB(s)b,Courteau97/Mathewson96,64.39427830905831,15.814822055123264,2.2233838860516795e-11,1.1574469462449214e-11,0.6390343213473441,0.0
NGC5409,(R')SAB(s)b,Courteau97/Mathewson96,64.39427830905831,16.339742599083703,4.4477768570011635e-11,2.8410884142392465e-11,0.26390317713500855,0.0
NGC5416,Scd:,Courteau97/Mathewson96,52.50777688108841,0.3090448392116937,5.146917798557852e-10,5.065560275418094e-11,0.6431538291359067,0.0
NGC5416,Scd:,Courteau97/Mathewson96,52.50777688108841,0.9319602274743655,6.268888113072165e-10,1.362502791693722e-10,0.5591057173349105,0.0
NGC5416,Scd:,Courteau97/Mathewson96,52.50777688108841,1.602277468951753,4.713023578839092e-10,1.8791749293013785e-10,0.4964488938955619,0.0
NGC5416,Scd:,Courteau97/Mathewson96,52.50777688108841,2.307128004072431,3.3259157525679307e-10,1.9280467785737007e-10,0.47598449954094285,0.0
NGC5416,Scd:,Courteau97/Mathewson96,52.50777688108841,2.951836634749796,3.2286791988584327e-10,1.8462890865100676e-10,0.4395473115709373,0.0
NGC5416,Scd:,Courteau97/Mathewson96,52.50777688108841,3.5882832666715148,2.6492016258122805e-10,1.8762531777631472e-10,0.3973025188108372,0.0
NGC5416,Scd:,Courteau97/Mathewson96,52.50777688108841,4.272076561704603,2.2313665099668011e-10,1.6632645443395194e-10,0.3626565026986917,0.0
NGC5416,Scd:,Courteau97/Mathewson96,52.50777688108841,4.92812655719584,1.5831089552496387e-10,1.7106720324973173e-10,0.36835613176008336,0.0
NGC5416,Scd:,Courteau97/Mathewson96,52.50777688108841,5.578752614355319,1.6862045226549213e-10,1.2783901825413802e-10,0.4212584497305539,0.0
NGC5416,Scd:,Courteau97/Mathewson96,52.50777688108841,6.27342279106974,1.781263513949684e-10,1.3048792676183398e-10,0.27942152819111526,0.0
NGC5416,Scd:,Courteau97/Mathewson96,52.50777688108841,6.924773973674641,1.7747921460403734e-10,1.2550120468318949e-10,0.24297693622298602,0.0
NGC5416,Scd:,Courteau97/Mathewson96,52.50777688108841,7.580098843720456,1.57089151284391e-10,1.0302508033424289e-10,0.285612181162217,0.0
NGC5416,Scd:,Courteau97/Mathewson96,52.50777688108841,8.251432066516374,1.208686409066772e-10,7.92074250766349e-11,0.40126292284863524,0.0
NGC5416,Scd:,Courteau97/Mathewson96,52.50777688108841,8.98618959493855,9.64326179008061e-11,7.414607220566264e-11,0.38771607764878324,0.0
NGC5416,Scd:,Courteau97/Mathewson96,52.50777688108841,9.656205506508618,9.516647060252682e-11,8.747424805384798e-11,0.258174111022731,0.0
NGC5416,Scd:,Courteau97/Mathewson96,52.50777688108841,11.099332039851646,1.1328059232625123e-10,6.22825535465794e-11,0.247276308722475,0.0
NGC5416,Scd:,Courteau97/Mathewson96,52.50777688108841,11.602601729619664,7.267256303627388e-11,7.249504506400412e-11,0.18194611846161496,0.0
NGC5416,Scd:,Courteau97/Mathewson96,52.50777688108841,12.284821502436186,4.338651148914087e-11,6.326497489622119e-11,0.13396816103602727,0.0
NGC5416,Scd:,Courteau97/Mathewson96,52.50777688108841,12.949752471820231,1.05170127455154e-10,5.2566024677296595e-11,0.22333235414871544,0.0
NGC5418,SB?,Mathewson96,70.16347837742724,0.2944897825612683,3.6478124679697514e-10,8.13570934445277e-11,0.4028596501932873,0.0
NGC5418,SB?,Mathewson96,70.16347837742724,0.7665658279397862,4.2189476663808283e-10,1.785983598101757e-10,0.3671437952098793,0.0
NGC5418,SB?,Mathewson96,70.16347837742724,1.0003728674278234,3.343491184733136e-10,2.027082670315813e-10,0.34640957250028576,0.0
NGC5418,SB?,Mathewson96,70.16347837742724,1.4724489128063416,2.928077737148595e-10,2.194251712398544e-10,0.2798018479993787,0.0
NGC5418,SB?,Mathewson96,70.16347837742724,2.1783319976728968,8.735399769180562e-11,1.8626004058442255e-10,0.2290116298612046,0.0
NGC5418,SB?,Mathewson96,70.16347837742724,3.8283671732964875,1.8563960505307347e-10,8.356633674797783e-11,0.35048333019251776,0.0
NGC5418,SB?,Mathewson96,70.16347837742724,4.300443218675006,6.378563724729188e-11,7.77660154283397e-11,0.34585079851553824,0.0
NGC5418,SB?,Mathewson96,70.16347837742724,4.889422783797542,1.023501017148766e-10,6.838446843646828e-11,0.3960376322095258,0.0
NGC5418,SB?,Mathewson96,70.16347837742724,5.595305868664098,6.26657587413008e-11,5.0251861733446557e-11,0.44981890405756986,0.0
NGC5418,SB?,Mathewson96,70.16347837742724,6.184285433786634,1.0126813156290466e-10,4.7683824053631665e-11,0.4252042877577314,0.0
NGC5418,SB?,Mathewson96,70.16347837742724,6.6563614791651515,8.183512494830068e-11,4.441050022221216e-11,0.47253200373306303,0.0
NGC5418,SB?,Mathewson96,70.16347837742724,6.890168518653189,8.045380154581309e-11,5.6856424321282277e-11,0.2846241476246855,0.0
NGC5418,SB?,Mathewson96,70.16347837742724,7.362244564031707,7.588818958614998e-11,3.96777172074157e-11,0.477830682361209,0.0
NGC5418,SB?,Mathewson96,70.16347837742724,7.951224129154244,6.612662950833474e-11,5.216558420359758e-11,0.32705317539232315,0.0
NGC5418,SB?,Mathewson96,70.16347837742724,8.423300174532761,6.43765565549647e-11,6.581320244263072e-11,0.16163602786614545,0.0
NGC5418,SB?,Mathewson96,70.16347837742724,8.6571072140208,5.899876457507545e-11,5.7330690101034756e-11,0.2164604394508522,0.0
NGC5418,SB?,Mathewson96,70.16347837742724,9.012279739655298,6.259968035004263e-11,3.888209213158928e-11,0.34044304313871304,0.0
NGC5491,S? HII,Mathewson96,53.35890783626288,1.0810231284997454,5.314439158295996e-10,1.7395776191982973e-10,0.5686689140384251,0.0
NGC5491,S? HII,Mathewson96,53.35890783626288,1.8313020143989527,5.40952195585431e-10,2.2311079204626164e-10,0.4776507795525786,0.0
NGC5491,S? HII,Mathewson96,53.35890783626288,2.5638228201585336,6.013716204582848e-10,2.228129643552893e-10,0.47550493769667695,0.0
NGC5491,S? HII,Mathewson96,53.35890783626288,3.296343625918115,5.641685136170135e-10,2.1375519852674838e-10,0.4173561844286767,0.0
NGC5491,S? HII,Mathewson96,53.35890783626288,4.028864431677696,4.985747259779296e-10,2.1314672394622592e-10,0.38126107665334347,0.0
NGC5491,S? HII,Mathewson96,53.35890783626288,4.761385237437277,4.715085726150886e-10,1.645731980846936e-10,0.42748467238758114,0.0
NGC5491,S? HII,Mathewson96,53.35890783626288,5.493906043196858,3.8808862292787976e-10,1.8809458349958145e-10,0.3685787476080965,0.0
NGC5491,S? HII,Mathewson96,53.35890783626288,6.2264268489564385,3.4306781649425144e-10,1.3023971062521315e-10,0.4665235702888209,0.0
NGC5491,S? HII,Mathewson96,53.35890783626288,6.95894765471602,3.2588535640937797e-10,1.151670722493984e-10,0.44320728020918937,0.0
NGC5491,S? HII,Mathewson96,53.35890783626288,7.691468460475601,3.0179610906954834e-10,1.1364283349339609e-10,0.38020014959003046,0.0
NGC5491,S? HII,Mathewson96,53.35890783626288,8.423989266235182,2.844451948720077e-10,1.0026247515546916e-10,0.3962017058043959,0.0
NGC5491,S? HII,Mathewson96,53.35890783626288,9.156510071994763,2.45355276340906e-10,9.798031906688867e-11,0.35635001371376096,0.0
NGC5491,S? HII,Mathewson96,53.35890783626288,9.889030877754344,1.9177815158213294e-10,1.066438318889507e-10,0.24504344323884733,0.0
NGC5491,S? HII,Mathewson96,53.35890783626288,10.6037936033743,2.5984741814613493e-10,1.1321381628143247e-10,0.16414296172569243,0.0
NGC5491,S? HII,Mathewson96,53.35890783626288,11.33631440913388,1.922749846611303e-10,7.613311147286383e-11,0.22905963329017257,0.0
NGC5491,S? HII,Mathewson96,53.35890783626288,12.068835214893461,1.71064885040108e-10,7.173783177307152e-11,0.251636273511359,0.0
NGC5491,S? HII,Mathewson96,53.35890783626288,12.80135602065304,1.4740527148836945e-10,8.481832222909599e-11,0.12893910913178638,0.0
NGC5491,S? HII,Mathewson96,53.35890783626288,13.533876826412623,1.341805095905944e-10,5.205021570471763e-11,0.29718482595546974,0.0
NGC5491,S? HII,Mathewson96,53.35890783626288,14.266397632172204,1.4526158092337787e-10,6.32623390210071e-11,0.14453898742252347,0.0
NGC5522,Sb,Mathewson96,78.79791618202167,0.3004125518144135,9.837486665853817e-11,5.4120310888587924e-11,0.5050434282888284,0.0
NGC5522,Sb,Mathewson96,78.79791618202167,1.0570071267544179,3.722706392788672e-10,1.4178141858914913e-10,0.471969683244608,0.0
NGC5522,Sb,Mathewson96,78.79791618202167,1.8024753108864808,3.1531553693884654e-10,1.6707757164192845e-10,0.3741203282499096,0.0
NGC5522,Sb,Mathewson96,78.79791618202167,2.547943495018544,3.14051049653857e-10,1.4691810603985514e-10,0.3782473301033473,0.0
NGC5522,Sb,Mathewson96,78.79791618202167,3.3045380699585483,2.712264140484391e-10,1.3233931267992002e-10,0.32929270485414547,0.0
NGC5522,Sb,Mathewson96,78.79791618202167,4.061132644898552,2.634138210700706e-10,1.2168123934760348e-10,0.30342299944678663,0.0
NGC5522,Sb,Mathewson96,78.79791618202167,4.806600829030616,1.7911160481251223e-10,1.0178341276098419e-10,0.2566180487911241,0.0
NGC5522,Sb,Mathewson96,78.79791618202167,5.5743217947785615,7.028695902925333e-11,7.701430661952764e-11,0.34287704680283304,0.0
NGC5522,Sb,Mathewson96,78.79791618202167,6.175146898407388,2.77265582351508e-10,6.15636852722267e-11,0.38329993485071184,0.0
NGC5522,Sb,Mathewson96,78.79791618202167,7.0763845538506285,2.138396741696496e-10,6.648604655527881e-11,0.2573556734003814,0.0
NGC5522,Sb,Mathewson96,78.79791618202167,7.81072634717475,1.689514804763813e-10,6.434501429923506e-11,0.23605340770459338,0.0
NGC5522,Sb,Mathewson96,78.79791618202167,8.556194531306813,1.6326946430746988e-10,5.766692704044328e-11,0.2191213784579427,0.0
NGC5522,Sb,Mathewson96,78.79791618202167,9.312789106246818,1.2952970197991002e-10,4.17403082660695e-11,0.2591484509177252,0.0
NGC5522,Sb,Mathewson96,78.79791618202167,10.069383681186823,1.0776680699740823e-10,2.9530483943636684e-11,0.44140481338197546,0.0
NGC5522,Sb,Mathewson96,78.79791618202167,10.814851865318886,1.102140898045865e-10,3.5157983470167906e-11,0.31941032138445585,0.0
NGC5522,Sb,Mathewson96,78.79791618202167,11.560320049450949,1.2295444043159974e-10,4.329236094463072e-11,0.1939393761361044,0.0
NGC5522,Sb,Mathewson96,78.79791618202167,12.316914624390954,9.468711342364522e-11,2.3513598205998143e-11,0.3980815566800792,0.0
NGC5522,Sb,Mathewson96,78.79791618202167,12.917739728019779,7.827712419014763e-11,3.3212148022573365e-11,0.21065393169111374,0.0
NGC5522,Sb,Mathewson96,78.79791618202167,13.674334302959785,8.338919939456357e-11,2.940045153942568e-11,0.14933503547265853,0.0
NGC5522,Sb,Mathewson96,78.79791618202167,14.419802487091847,8.889779244922963e-11,2.6082340676502735e-11,0.2157306204230765,0.0
NGC5522,Sb,Mathewson96,78.79791618202167,14.853731728601556,8.340543419333102e-11,1.968634188603502e-11,0.3305408533780959,0.0
NGC5577,SA(rs)bc: HII,Mathewson96,74.4377229586622,0.1351341507284319,1.1089201798328099e-10,9.380561706831984e-12,0.12454399972558158,0.0
NGC5577,SA(rs)bc: HII,Mathewson96,74.4377229586622,0.4662870695464572,1.947597302207018e-10,2.537803387688432e-11,0.4708737041547443,0.0
NGC5577,SA(rs)bc: HII,Mathewson96,74.4377229586622,0.736555371003321,1.5896393715828892e-10,3.020248620446362e-11,0.4571715433915226,0.0
NGC5577,SA(rs)bc: HII,Mathewson96,74.4377229586622,1.0677082898213464,1.8801457913572175e-10,3.221572214451869e-11,0.4707071534327788,0.0
NGC5577,SA(rs)bc: HII,Mathewson96,74.4377229586622,1.3379765912782104,1.8544789779521518e-10,3.245839586735553e-11,0.4867690903069726,0.0
NGC5577,SA(rs)bc: HII,Mathewson96,74.4377229586622,1.6691295100962356,1.7205643977858607e-10,3.351303524386744e-11,0.4665015293319971,0.0
NGC5577,SA(rs)bc: HII,Mathewson96,74.4377229586622,2.004737400916297,1.417781267506676e-10,3.3583195239633536e-11,0.4555018997982926,0.0
NGC5577,SA(rs)bc: HII,Mathewson96,74.4377229586622,2.205211141007927,2.2501662202071264e-10,3.2558274789856266e-11,0.45773719352142456,0.0
NGC5577,SA(rs)bc: HII,Mathewson96,74.4377229586622,2.5059217511453715,1.6772460628473095e-10,3.119545334792812e-11,0.4453887487254786,0.0
NGC5577,SA(rs)bc: HII,Mathewson96,74.4377229586622,2.8066323612828157,1.539461842262339e-10,3.152348837136937e-11,0.40047869731723046,0.0
NGC5577,SA(rs)bc: HII,Mathewson96,74.4377229586622,3.1073429714202607,1.353906277532093e-10,3.161817636254844e-11,0.36557022457117117,0.0
NGC5577,SA(rs)bc: HII,Mathewson96,74.4377229586622,3.4125085535597415,1.2083444144186738e-10,3.072591814582556e-11,0.3549718478853125,0.0
NGC5577,SA(rs)bc: HII,Mathewson96,74.4377229586622,3.7043092196931133,7.367277678552297e-11,2.8473212860350622e-11,0.3897965582503166,0.0
NGC5577,SA(rs)bc: HII,Mathewson96,74.4377229586622,4.005019829830558,1.121526518088403e-10,2.7284262749437474e-11,0.4064655620908003,0.0
NGC5577,SA(rs)bc: HII,Mathewson96,74.4377229586622,4.305730439968003,1.3391684760046417e-10,2.8173232006730687e-11,0.3750300006968973,0.0
NGC5577,SA(rs)bc: HII,Mathewson96,74.4377229586622,4.606441050105447,1.0059674589432933e-10,2.7645613284713693e-11,0.3290176083084763,0.0
NGC5577,SA(rs)bc: HII,Mathewson96,74.4377229586622,4.907151660242892,8.152821850219079e-11,2.2064403264488653e-11,0.4113556867576873,0.0
NGC5577,SA(rs)bc: HII,Mathewson96,74.4377229586622,5.207862270380336,9.707232879675424e-11,2.6095385392400935e-11,0.3383685130187085,0.0
NGC5577,SA(rs)bc: HII,Mathewson96,74.4377229586622,5.408336010471966,1.0449560342934726e-10,2.081664956329077e-11,0.3954360236944807,0.0
NGC5599,Sb,Courteau97/Mathewson96,68.3299496823779,0.4171866191549706,1.167854803088974e-10,3.2321680710977445e-11,0.6995871328284468,0.0
NGC5599,Sb,Courteau97/Mathewson96,68.3299496823779,1.2515598574649116,2.867439852359273e-10,8.029186920909075e-11,0.633943397963085,0.0
NGC5599,Sb,Courteau97/Mathewson96,68.3299496823779,2.0859330957748528,3.849875193508702e-10,1.0511036630373515e-10,0.5552039468789064,0.0
NGC5599,Sb,Courteau97/Mathewson96,68.3299496823779,2.9203063340847937,3.3966962342907923e-10,1.1870376964762763e-10,0.5236716624945474,0.0
NGC5599,Sb,Courteau97/Mathewson96,68.3299496823779,3.754679572394735,3.254467056476308e-10,1.1799209126706676e-10,0.45147341054343165,0.0
NGC5599,Sb,Courteau97/Mathewson96,68.3299496823779,4.5890528107046755,3.034284467928379e-10,1.2758324629018433e-10,0.3946281977476051,0.0
NGC5599,Sb,Courteau97/Mathewson96,68.3299496823779,5.423426049014617,2.8101172131214736e-10,9.554111466073485e-11,0.4546216245354808,0.0
NGC5599,Sb,Courteau97/Mathewson96,68.3299496823779,6.257799287324557,2.38298706614173e-10,1.1943003590216603e-10,0.3503928806622382,0.0
NGC5599,Sb,Courteau97/Mathewson96,68.3299496823779,7.092172525634499,2.1271187656272508e-10,7.800163801574991e-11,0.46601324113609943,0.0
NGC5599,Sb,Courteau97/Mathewson96,68.3299496823779,8.00436441276998,1.8642134153508223e-10,7.678619301439824e-11,0.34127846273781237,0.0
NGC5599,Sb,Courteau97/Mathewson96,68.3299496823779,8.760919002254381,1.7194761009359537e-10,6.081987869531131e-11,0.4232390775141171,0.0
NGC5599,Sb,Courteau97/Mathewson96,68.3299496823779,9.453280229801468,2.0329780898577922e-10,5.888464194127431e-11,0.41888927820468125,0.0
NGC5599,Sb,Courteau97/Mathewson96,68.3299496823779,10.473491143916807,1.59302909724982e-10,4.723920496618598e-11,0.44559520956757603,0.0
NGC5599,Sb,Courteau97/Mathewson96,68.3299496823779,10.979171894407678,1.5615395385831305e-10,7.848288906271044e-11,0.1941675335449891,0.0
NGC5599,Sb,Courteau97/Mathewson96,68.3299496823779,16.732133232492185,7.638949299165507e-11,2.9644646196623714e-11,0.24978057253476346,0.0
NGC5619,SAB(rs)b,Courteau97/Mathewson96,62.979281225280886,0.537342040578867,6.88845441144975e-11,1.212775359355928e-10,0.6696354871057312,0.0
NGC5619,SAB(rs)b,Courteau97/Mathewson96,62.979281225280886,1.9686258395753036,5.140313761211263e-10,3.1737226158421496e-10,0.5260248264793657,0.0
NGC5619,SAB(rs)b,Courteau97/Mathewson96,62.979281225280886,4.4794786473711,2.0382146685775363e-10,3.344332259324956e-10,0.3536741062137911,0.0
NGC5619,SAB(rs)b,Courteau97/Mathewson96,62.979281225280886,6.746085073085594,1.5760523384562149e-10,1.7431309931341514e-10,0.4940455166826088,0.0
NGC5619,SAB(rs)b,Courteau97/Mathewson96,62.979281225280886,8.299492063122681,4.6448048810275223e-10,9.410022468863053e-11,0.6557571121822544,0.0
NGC5619,SAB(rs)b,Courteau97/Mathewson96,62.979281225280886,10.448860225438148,2.600259899559043e-10,1.929128377291166e-10,0.3082393804934967,0.0
NGC5619,SAB(rs)b,Courteau97/Mathewson96,62.979281225280886,12.300971494598372,2.243000323317568e-10,3.4176782537398134e-11,0.8159666908962465,0.0
NGC5619,SAB(rs)b,Courteau97/Mathewson96,62.979281225280886,14.53121234786965,2.574351166729216e-10,8.237617209089265e-11,0.5424146200066375,0.0
NGC5619,SAB(rs)b,Courteau97/Mathewson96,62.979281225280886,16.366787232346738,2.2987290720371234e-10,1.0170119078985803e-11,0.9285970463650367,0.0
NGC5619,SAB(rs)b,Courteau97/Mathewson96,62.979281225280886,18.45312730262974,1.91544335957065e-10,1.5992122345005216e-10,0.2057494231862577,0.0
NGC5619,SAB(rs)b,Courteau97/Mathewson96,62.979281225280886,20.24053485215621,1.9116420294815782e-10,1.176661404081665e-10,0.22547598315413447,0.0
NGC5619,SAB(rs)b,Courteau97/Mathewson96,62.979281225280886,24.060439713960196,1.8557329747416999e-10,4.8936170430919855e-12,0.9479586473428876,0.0
NGC5619,SAB(rs)b,Courteau97/Mathewson96,62.979281225280886,25.7665459236096,1.7128279259599546e-10,5.931049053134382e-11,0.3957507276119576,0.0
NGC5619,SAB(rs)b,Courteau97/Mathewson96,62.979281225280886,28.102807799028756,1.558391953806402e-10,6.372930515167524e-11,0.3017382563519719,0.0
NGC5619,SAB(rs)b,Courteau97/Mathewson96,62.979281225280886,30.07812779870555,1.708866265398151e-10,9.844998209329545e-11,0.13220231139595878,0.0
NGC5619,SAB(rs)b,Courteau97/Mathewson96,62.979281225280886,31.554228870350556,1.5184802477758358e-10,3.919976144998449e-11,0.42619063538620666,0.0
NGC5619,SAB(rs)b,Courteau97/Mathewson96,62.979281225280886,33.67180623372846,1.4119142171263248e-10,5.922537732554435e-11,0.17503931196763353,0.0
NGC5619,SAB(rs)b,Courteau97/Mathewson96,62.979281225280886,35.28383235546506,1.3947642255400135e-10,1.9469879113707307e-11,0.6330169579659629,0.0
NGC5619,SAB(rs)b,Courteau97/Mathewson96,62.979281225280886,38.50788459893826,1.3736958194953107e-10,2.703617268189315e-11,0.40072774063930366,0.0
NGC5645,SB(s)d,Mathewson96,55.59809533270836,0.1591780306886772,8.074203234936316e-11,3.044466628329366e-11,0.13569924540862033,0.0
NGC5645,SB(s)d,Mathewson96,55.59809533270836,0.4444265580685042,1.802110492475228e-10,7.501273619495937e-11,0.36898095970391703,0.0
NGC5645,SB(s)d,Mathewson96,55.59809533270836,0.729675085448331,1.4956714292751889e-10,1.0494840835400059e-10,0.321916596539754,0.0
NGC5645,SB(s)d,Mathewson96,55.59809533270836,1.0480311468256855,1.451119799140179e-10,1.0977105540564773e-10,0.3224382890880088,0.0
NGC5645,SB(s)d,Mathewson96,55.59809533270836,1.3332796742055124,1.2836840733810065e-10,1.0508054215183053e-10,0.3191226869768617,0.0
NGC5645,SB(s)d,Mathewson96,55.59809533270836,1.6185282015853393,2.0092218838072374e-10,9.763449304902536e-11,0.3130883122475584,0.0
NGC5645,SB(s)d,Mathewson96,55.59809533270836,1.9368842629626937,1.307358605330516e-10,8.882944787257182e-11,0.2826684580860056,0.0
NGC5645,SB(s)d,Mathewson96,55.59809533270836,2.2221327903425205,1.3374546055631745e-10,8.171802438637149e-11,0.3097861758941582,0.0
NGC5645,SB(s)d,Mathewson96,55.59809533270836,2.444346069376773,8.408883862091692e-11,7.663656198186357e-11,0.30634830251885814,0.0
NGC5645,SB(s)d,Mathewson96,55.59809533270836,3.7445182095847582,7.046299321323952e-11,5.0623329710421114e-11,0.2899165619387383,0.0
NGC5645,SB(s)d,Mathewson96,55.59809533270836,4.077838128136136,1.0341070036846524e-10,4.6086957528591386e-11,0.3085674510487524,0.0
NGC5645,SB(s)d,Mathewson96,55.59809533270836,4.411158046687514,8.175970728228085e-11,4.45316551066389e-11,0.29934813655163794,0.0
NGC5645,SB(s)d,Mathewson96,55.59809533270836,4.6333713257217655,1.1419582073124454e-10,4.4959493867245904e-11,0.2400708293687068,0.0
NGC5645,SB(s)d,Mathewson96,55.59809533270836,4.966691244273144,1.0556855902596749e-10,3.727373902427684e-11,0.29213467279253896,0.0
NGC5645,SB(s)d,Mathewson96,55.59809533270836,5.300011162824522,8.493684510981027e-11,3.742968241885365e-11,0.27656289513663085,0.0
NGC5650,SABbc,Mathewson96,49.67849509660455,0.9004452330739583,4.897784393128646e-10,9.906412619790734e-11,0.6856358139121107,0.0
NGC5650,SABbc,Mathewson96,49.67849509660455,1.8008904661479166,5.816557734413732e-10,1.7914422234002984e-10,0.562511888962178,0.0
NGC5650,SABbc,Mathewson96,49.67849509660455,2.7013356992218753,4.8154761785958e-10,2.0744362426621423e-10,0.47822091373055453,0.0
NGC5650,SABbc,Mathewson96,49.67849509660455,3.601780932295833,4.1663391753567823e-10,1.728279800123607e-10,0.4967518422154079,0.0
NGC5650,SABbc,Mathewson96,49.67849509660455,4.502226165369791,3.3211898014265256e-10,1.8854419812126492e-10,0.4170032068519876,0.0
NGC5650,SABbc,Mathewson96,49.67849509660455,5.402671398443751,2.904168141735735e-10,1.7226213277241805e-10,0.37571289575695355,0.0
NGC5650,SABbc,Mathewson96,49.67849509660455,6.260822991782415,2.4258114476141065e-10,1.4646695089315398e-10,0.4524537179942199,0.0
NGC5650,SABbc,Mathewson96,49.67849509660455,6.345410271253,1.792890044608327e-10,1.2334393683359946e-10,0.5061834171016707,0.0
NGC5650,SABbc,Mathewson96,49.67849509660455,7.203561864591666,1.9374085705294498e-10,1.5317421183186e-10,0.31581439621884994,0.0
NGC5650,SABbc,Mathewson96,49.67849509660455,8.104007097665626,1.6636051995193553e-10,1.6407471797311682e-10,0.2937865945199146,0.0
NGC5650,SABbc,Mathewson96,49.67849509660455,9.004452330739582,1.5606493179238292e-10,1.3957043364720129e-10,0.30385231544804137,0.0
NGC5650,SABbc,Mathewson96,49.67849509660455,9.904897563813542,1.5399090200203432e-10,1.2529381087190795e-10,0.28818841892047453,0.0
NGC5650,SABbc,Mathewson96,49.67849509660455,10.805342796887501,1.646503095697573e-10,1.23086463843841e-10,0.24319394828507024,0.0
NGC5650,SABbc,Mathewson96,49.67849509660455,11.705788029961457,1.4177843115797147e-10,1.2063960140065484e-10,0.20366211540960713,0.0
NGC5650,SABbc,Mathewson96,49.67849509660455,12.563939623300124,1.449065870934001e-10,5.673728494386725e-11,0.47670427284242345,0.0
NGC5650,SABbc,Mathewson96,49.67849509660455,12.648526902770707,1.2110378788920196e-10,6.425420098584351e-11,0.38626826883298676,0.0
NGC5661,SBb:,Mathewson96,71.99750561135582,0.17723143044142242,1.3976639922742052e-11,1.3175005185187976e-11,0.3440354870120749,0.0
NGC5661,SBb:,Mathewson96,71.99750561135582,0.43341140717038756,5.136864868925255e-11,3.035900098066672e-11,0.48423110012784026,0.0
NGC5661,SBb:,Mathewson96,71.99750561135582,0.7089257217656897,4.618033861193421e-11,4.4210500127574547e-11,0.4454004718084308,0.0
NGC5661,SBb:,Mathewson96,71.99750561135582,1.0633885826485345,1.1305549356705927e-10,5.147663654019932e-11,0.40595772178168166,0.0
NGC5661,SBb:,Mathewson96,71.99750561135582,1.4178514435313796,1.1295013795927757e-10,5.172503198841043e-11,0.40351251797125387,0.0
NGC5661,SBb:,Mathewson96,71.99750561135582,1.6933657581266817,1.426984107498501e-10,5.108357962818116e-11,0.4006561402537566,0.0
NGC5661,SBb:,Mathewson96,71.99750561135582,1.9495457348556469,1.315571874672356e-10,5.290657611136418e-11,0.37107244945928103,0.0
NGC5661,SBb:,Mathewson96,71.99750561135582,2.205725711584612,1.121236635040782e-10,5.556537131685212e-11,0.3318425931439543,0.0
NGC5661,SBb:,Mathewson96,71.99750561135582,2.481240026179914,1.3453454912522603e-10,5.5652192217117794e-11,0.29117158499384743,0.0
NGC5661,SBb:,Mathewson96,71.99750561135582,2.8357028870627587,1.3250684480149425e-10,4.936461291446787e-11,0.28090101062122225,0.0
NGC5661,SBb:,Mathewson96,71.99750561135582,3.1901657479456036,1.3720616635004203e-10,4.486380195478825e-11,0.28295306041229745,0.0
NGC5661,SBb:,Mathewson96,71.99750561135582,3.4656800625409065,1.1498132588140028e-10,4.1462363495206594e-11,0.26706954549636913,0.0
NGC5661,SBb:,Mathewson96,71.99750561135582,3.721860039269871,1.2159766788333057e-10,3.7010929225822986e-11,0.2610831644383475,0.0
NGC5661,SBb:,Mathewson96,71.99750561135582,3.9780400159988365,1.537841996922425e-10,3.49281857629732e-11,0.2830853160198226,0.0
NGC5665,SAB(rs)c pec? HII,Mathewson96,55.08446566905312,0.14857511453712458,1.0911732727630477e-11,4.86589622218472e-11,0.1633756151522969,0.0
NGC5665,SAB(rs)c pec? HII,Mathewson96,55.08446566905312,0.4457253436113737,7.083289040413018e-11,1.32049158730884e-10,0.4432728850627386,0.0
NGC5665,SAB(rs)c pec? HII,Mathewson96,55.08446566905312,0.7428755726856229,1.6463570814548824e-10,1.8666091029322483e-10,0.39714441174787185,0.0
NGC5665,SAB(rs)c pec? HII,Mathewson96,55.08446566905312,1.040025801759872,1.79898757771041e-10,2.1792540321174245e-10,0.3787100498025459,0.0
NGC5665,SAB(rs)c pec? HII,Mathewson96,55.08446566905312,1.3371760308341212,2.1478484546317578e-10,2.1790739782470338e-10,0.3720322163068957,0.0
NGC5665,SAB(rs)c pec? HII,Mathewson96,55.08446566905312,1.6343262599083703,2.2475064648035864e-10,2.0851207332139424e-10,0.3634560717276424,0.0
NGC5665,SAB(rs)c pec? HII,Mathewson96,55.08446566905312,1.9314764889826195,2.1481744286578655e-10,2.0962697547810618e-10,0.3077566166375342,0.0
NGC5665,SAB(rs)c pec? HII,Mathewson96,55.08446566905312,2.248736885075025,2.09263967832348e-10,2.0206591228870806e-10,0.314743194798208,0.0
NGC5665,SAB(rs)c pec? HII,Mathewson96,55.08446566905312,2.694462228686399,2.368087142094748e-10,1.9299725698478817e-10,0.2737864716400177,0.0
NGC5665,SAB(rs)c pec? HII,Mathewson96,55.08446566905312,2.991612457760648,2.2921358517210289e-10,1.8354708499962717e-10,0.25147628398220007,0.0
NGC5665,SAB(rs)c pec? HII,Mathewson96,55.08446566905312,3.288762686834897,1.761372439465003e-10,1.7115835088664815e-10,0.23170677739676784,0.0
NGC5690,Sc? sp HII,Courteau97,74.38435604605557,0.25363977971849977,4.135546928721161e-11,3.030986394912237e-11,0.5818231122304491,0.0
NGC5690,Sc? sp HII,Courteau97,74.38435604605557,0.7864396649940609,7.97974589244932e-11,9.65025481823059e-11,0.5199944755235538,0.0
NGC5690,Sc? sp HII,Courteau97,74.38435604605557,1.3192395502696221,9.147425732045152e-11,1.1500040369927566e-10,0.5178019825756921,0.0
NGC5690,Sc? sp HII,Courteau97,74.38435604605557,1.8265191097066216,1.1684961106505112e-10,1.1398418149341497e-10,0.51328572844965,0.0
NGC5690,Sc? sp HII,Courteau97,74.38435604605557,2.359318994982183,1.54500186059622e-10,1.2369157860929709e-10,0.4834537665086855,0.0
NGC5690,Sc? sp HII,Courteau97,74.38435604605557,2.8921188802577444,1.4776213838458992e-10,1.443812422509964e-10,0.40227350682311375,0.0
NGC5690,Sc? sp HII,Courteau97,74.38435604605557,3.399398439694744,1.4032655714639483e-10,1.6103223811303268e-10,0.28830792313989545,0.0
NGC5690,Sc? sp HII,Courteau97,74.38435604605557,3.932198324970305,1.3242886134386362e-10,1.4181543836978985e-10,0.27986864850564663,0.0
NGC5690,Sc? sp HII,Courteau97,74.38435604605557,4.464998210245866,1.2406144510314204e-10,1.2588037000374775e-10,0.2160343174046,0.0
NGC5690,Sc? sp HII,Courteau97,74.38435604605557,4.972277769682866,1.0219444671916885e-10,1.1001647698138389e-10,0.23099918022520577,0.0
NGC5690,Sc? sp HII,Courteau97,74.38435604605557,5.4892996200911215,1.0669541406155894e-10,1.0245816538848417e-10,0.21227084309514116,0.0
NGC5690,Sc? sp HII,Courteau97,74.38435604605557,6.034435908079412,1.1372789726700452e-10,9.678905836124773e-11,0.17553278416466062,0.0
NGC5690,Sc? sp HII,Courteau97,74.38435604605557,6.57292749510059,1.1984934106759625e-10,8.48209365941632e-11,0.14303758010286377,0.0
NGC5690,Sc? sp HII,Courteau97,74.38435604605557,7.081984426829564,8.29896491294448e-11,6.493024082863947e-11,0.21303971763165158,0.0
NGC5690,Sc? sp HII,Courteau97,74.38435604605557,7.641671857157863,8.150815695297862e-11,6.062433459685545e-11,0.1900430710702686,0.0
NGC5690,Sc? sp HII,Courteau97,74.38435604605557,8.100491824109762,7.45702914899196e-11,6.307822158727513e-11,0.11009691400593498,0.0
NGC5690,Sc? sp HII,Courteau97,74.38435604605557,8.457446538029558,8.629298581755413e-11,5.0134929398853e-11,0.1672865398799164,0.0
NGC5690,Sc? sp HII,Courteau97,74.38435604605557,9.865708716456986,4.9940394772028725e-11,4.062283818806552e-11,0.10249410503567746,0.0
NGC5690,Sc? sp HII,Courteau97,74.38435604605557,10.374581440864906,5.425498808620176e-11,3.3182410045354e-11,0.143028163919733,0.0
NGC5740,SAB(rs)b NLAGN,Courteau97,62.09277646510774,0.14717918405934116,2.827485771750958e-09,1.609713236777957e-10,0.0,0.0
NGC5740,SAB(rs)b NLAGN,Courteau97,62.09277646510774,0.45016165030422034,1.6860293827204173e-09,2.990290816272238e-10,0.1647001421895622,0.0
NGC5740,SAB(rs)b NLAGN,Courteau97,62.09277646510774,0.7782260623123515,8.968293950744103e-10,2.4421691380377086e-10,0.20823093120234273,0.0
NGC5740,SAB(rs)b NLAGN,Courteau97,62.09277646510774,1.0470956875863575,5.967464250135474e-10,1.9822710825689162e-10,0.23720247320707868,0.0
NGC5740,SAB(rs)b NLAGN,Courteau97,62.09277646510774,1.3563428288851722,6.632850880306924e-10,1.6720299983208066e-10,0.2697078646642064,0.0
NGC5740,SAB(rs)b NLAGN,Courteau97,62.09277646510774,1.6507011970038548,5.572198897253252e-10,1.4906699663653397e-10,0.26651605124121924,0.0
NGC5740,SAB(rs)b NLAGN,Courteau97,62.09277646510774,1.947012191113374,5.253748466113105e-10,1.370393292013612e-10,0.2638678777172824,0.0
NGC5740,SAB(rs)b NLAGN,Courteau97,62.09277646510774,2.241370559232056,3.778974950951162e-10,1.20697415880489e-10,0.24893728648323293,0.0
NGC5740,SAB(rs)b NLAGN,Courteau97,62.09277646510774,2.550617700530871,3.1547766602838353e-10,1.0889432549957969e-10,0.2611349627724642,0.0
NGC5740,SAB(rs)b NLAGN,Courteau97,62.09277646510774,2.8513221031197733,3.7734818575092157e-10,1.0048162377092911e-10,0.2561245636140106,0.0
NGC5740,SAB(rs)b NLAGN,Courteau97,62.09277646510774,3.186258480110538,2.3065160943256892e-10,9.356473254356933e-11,0.2363496174793332,0.0
NGC5740,SAB(rs)b NLAGN,Courteau97,62.09277646510774,3.4697350263011177,3.4684606163569266e-10,9.060990408681546e-11,0.20339399686779652,0.0
NGC5740,SAB(rs)b NLAGN,Courteau97,62.09277646510774,3.7239018427750716,2.3738471716116587e-10,8.770345434435914e-11,0.1527893514823224,0.0
NGC5806,SAB(s)b NLAGN,Courteau97/Mathewson96,61.68816538616377,0.14224043229179292,3.1440240587889935e-09,1.7218613341495152e-10,0.0,0.0
NGC5806,SAB(s)b NLAGN,Courteau97/Mathewson96,61.68816538616377,0.44167059835275385,1.860364508124523e-09,4.036727739745952e-10,0.18462005914581017,0.0
NGC5806,SAB(s)b NLAGN,Courteau97/Mathewson96,61.68816538616377,0.684806615761278,7.427540612269438e-10,4.311891863947411e-10,0.1815706769793654,0.0
NGC5806,SAB(s)b NLAGN,Courteau97/Mathewson96,61.68816538616377,1.0035286141613944,3.584502484141442e-10,3.3502982914202066e-10,0.2339324665269849,0.0
NGC5806,SAB(s)b NLAGN,Courteau97/Mathewson96,61.68816538616377,1.4805275233316366,1.3956641360415592e-10,2.2788038279236395e-10,0.3036777831655357,0.0
NGC5806,SAB(s)b NLAGN,Courteau97/Mathewson96,61.68816538616377,1.5722654953579132,9.547306293521431e-11,2.1534349738057031e-10,0.3248369623791009,0.0
NGC5806,SAB(s)b NLAGN,Courteau97/Mathewson96,61.68816538616377,1.953864622694107,1.5304078151970085e-10,1.770031444891227e-10,0.3537861272231576,0.0
NGC5806,SAB(s)b NLAGN,Courteau97/Mathewson96,61.68816538616377,2.2412845714655094,2.2010873273818344e-10,1.5747027375925168e-10,0.3713855387265381,0.0
NGC5806,SAB(s)b NLAGN,Courteau97/Mathewson96,61.68816538616377,2.5757941095193075,1.5269442186040159e-10,1.4103265946659438e-10,0.39813746213408563,0.0
NGC5806,SAB(s)b NLAGN,Courteau97/Mathewson96,61.68816538616377,2.9103036475731057,2.0875258566335094e-10,1.3206206224546801e-10,0.37714358128630343,0.0
NGC5806,SAB(s)b NLAGN,Courteau97/Mathewson96,61.68816538616377,3.181320401533087,2.7525678372912347e-10,1.2885812604388454e-10,0.3754945358213755,0.0
NGC5806,SAB(s)b NLAGN,Courteau97/Mathewson96,61.68816538616377,3.477507891581911,2.9446293402568094e-10,1.3088613917509847e-10,0.35392895389457085,0.0
NGC5806,SAB(s)b NLAGN,Courteau97/Mathewson96,61.68816538616377,3.762762531452258,2.795063214218143e-10,1.4110712353868374e-10,0.3056675875933546,0.0
NGC5806,SAB(s)b NLAGN,Courteau97/Mathewson96,61.68816538616377,4.06743956197125,3.2160460801765765e-10,1.4976664138411624e-10,0.2330740539783923,0.0
NGC5806,SAB(s)b NLAGN,Courteau97/Mathewson96,61.68816538616377,4.384267751570929,3.0054432810550693e-10,1.392038739266295e-10,0.18755074830487797,0.0
NGC5806,SAB(s)b NLAGN,Courteau97/Mathewson96,61.68816538616377,4.6849323165183945,2.1494145411729037e-10,1.1594406145148412e-10,0.22852236135928278,0.0
NGC5806,SAB(s)b NLAGN,Courteau97/Mathewson96,61.68816538616377,5.006657641383657,1.960045281827423e-10,1.1370234757317928e-10,0.21045347565869088,0.0
NGC5806,SAB(s)b NLAGN,Courteau97/Mathewson96,61.68816538616377,5.292856986885802,2.1594311930583533e-10,1.083985275360913e-10,0.15020074773898903,0.0
NGC5806,SAB(s)b NLAGN,Courteau97/Mathewson96,61.68816538616377,5.579056332387948,1.8777052830361782e-10,9.127120796093244e-11,0.21758128198626153,0.0
NGC5806,SAB(s)b NLAGN,Courteau97/Mathewson96,61.68816538616377,5.884118816570916,1.6105664887626348e-10,9.580438653797677e-11,0.1401272012225291,0.0
NGC5806,SAB(s)b NLAGN,Courteau97/Mathewson96,61.68816538616377,6.049406165854605,1.2000250181341595e-10,8.57392902011031e-11,0.17937154293320745,0.0
NGC6016,Scd:,Courteau97,62.741708812889094,0.26260074176423537,1.2636905527887813e-10,1.3704693322539481e-11,0.6738708806607773,0.0
NGC6016,Scd:,Courteau97,62.741708812889094,0.787802225292706,2.5443639886692633e-10,3.928668488344588e-11,0.6485699577048033,0.0
NGC6016,Scd:,Courteau97,62.741708812889094,1.3130037088211768,2.5953765370566336e-10,5.800127384308823e-11,0.5757471683805538,0.0
NGC6016,Scd:,Courteau97,62.741708812889094,1.8382051923496474,1.976651584344891e-10,6.808627979297936e-11,0.5349359094763463,0.0
NGC6016,Scd:,Courteau97,62.741708812889094,2.3634066758781183,2.0101535660437543e-10,7.080067977703694e-11,0.5011882692620155,0.0
NGC6016,Scd:,Courteau97,62.741708812889094,2.8326397184851206,1.851361703327241e-10,7.135988841368979e-11,0.489305927106543,0.0
NGC6016,Scd:,Courteau97,62.741708812889094,3.282509272052942,2.3123253702023912e-10,8.02905062066814e-11,0.4180456002410867,0.0
NGC6016,Scd:,Courteau97,62.741708812889094,3.8077107555814127,2.4618532311912717e-10,6.889390023894736e-11,0.4378609159782767,0.0
NGC6016,Scd:,Courteau97,62.741708812889094,4.238216820110052,1.4337350451036315e-10,6.30880900522465e-11,0.4207988071742109,0.0
NGC6016,Scd:,Courteau97,62.741708812889094,4.763418303638524,2.1035111912511953e-10,6.485832965605299e-11,0.3841096087518114,0.0
NGC6016,Scd:,Courteau97,62.741708812889094,5.419920158049112,1.9498101230815013e-10,5.666923377704326e-11,0.4374776858575776,0.0
NGC6016,Scd:,Courteau97,62.741708812889094,5.745651179146567,1.2291352533846127e-10,5.888022826618973e-11,0.35326727197311175,0.0
NGC6016,Scd:,Courteau97,62.741708812889094,6.358386243263117,1.4317480288897155e-10,6.273766500376609e-11,0.31630334245397757,0.0
NGC6016,Scd:,Courteau97,62.741708812889094,6.77165084494865,9.353463620657766e-11,3.82024790000909e-11,0.5035340306650138,0.0
NGC6016,Scd:,Courteau97,62.741708812889094,7.316215817516302,1.0472580776653709e-10,4.406647508635918e-11,0.42827432841837626,0.0
NGC6016,Scd:,Courteau97,62.741708812889094,7.746721882044943,1.2426988329109118e-10,6.035985999886806e-11,0.26215355826557885,0.0
NGC6016,Scd:,Courteau97,62.741708812889094,8.965030171866289,1.2670229225820145e-10,3.226534734174894e-11,0.4432499241957731,0.0
NGC6016,Scd:,Courteau97,62.741708812889094,9.490231655394759,9.686063053029285e-11,4.830311898877572e-11,0.23430306908044474,0.0
NGC6016,Scd:,Courteau97,62.741708812889094,9.884132768041113,9.491957789757754e-11,2.9824284890399337e-11,0.41760455942308283,0.0
NGC6016,Scd:,Courteau97,62.741708812889094,10.146733509805347,8.123905839496438e-11,4.232101419958551e-11,0.18453885472319678,0.0
NGC6022,(R')SB(s)bc,SCII,45.69424212774855,0.2985452694349502,5.5367672757773095e-11,2.2565353901685354e-11,0.7439630192308611,0.0
NGC6022,(R')SB(s)bc,SCII,45.69424212774855,0.8956358083048507,2.5313840821457264e-10,7.565490209672143e-11,0.6429509566256677,0.0
NGC6022,(R')SB(s)bc,SCII,45.69424212774855,1.575528005235983,4.714386887038481e-10,1.1525282940905935e-10,0.5660117059796264,0.0
NGC6022,(R')SB(s)bc,SCII,45.69424212774855,2.2390895207621266,3.6602980161540843e-10,1.4421506083328788e-10,0.48980376487457694,0.0
NGC6022,(R')SB(s)bc,SCII,45.69424212774855,2.90265103628827,3.0437704701738816e-10,1.6133726635630437e-10,0.36566857242764655,0.0
NGC6022,(R')SB(s)bc,SCII,45.69424212774855,3.544055559595666,2.5207764469357753e-10,1.5884127729807893e-10,0.33595035349810115,0.0
NGC6022,(R')SB(s)bc,SCII,45.69424212774855,4.2134433859355696,1.8414137126869302e-10,1.3473555354165167e-10,0.33638718123447453,0.0
NGC6022,(R')SB(s)bc,SCII,45.69424212774855,4.810533924805469,1.898419628391732e-10,1.4556428866239192e-10,0.27167502177862685,0.0
NGC6022,(R')SB(s)bc,SCII,45.69424212774855,5.40762446367537,8.582597085368673e-11,1.1875970474588271e-10,0.3049185870919063,0.0
NGC6022,(R')SB(s)bc,SCII,45.69424212774855,6.00471500254527,1.0063843733538677e-10,9.746290954709683e-11,0.3274232499557707,0.0
NGC6022,(R')SB(s)bc,SCII,45.69424212774855,6.71726856228638,9.995489926748546e-11,7.564964204061923e-11,0.3603682920942488,0.0
NGC6022,(R')SB(s)bc,SCII,45.69424212774855,7.42982212202749,6.860245163981421e-11,6.376846351151571e-11,0.3658548294373401,0.0
NGC6022,(R')SB(s)bc,SCII,45.69424212774855,8.060722274743656,8.663418066669288e-11,5.985970456398172e-11,0.35408108862112464,0.0
NGC6022,(R')SB(s)bc,SCII,45.69424212774855,8.657812813613557,9.142097683046276e-11,6.60219764346224e-11,0.2660031765131152,0.0
NGC6022,(R')SB(s)bc,SCII,45.69424212774855,9.254903352483456,9.387249713226173e-11,6.793723262717388e-11,0.19693265544732488,0.0
NGC6022,(R')SB(s)bc,SCII,45.69424212774855,9.851993891353358,9.339756351899965e-11,3.9169941565105e-11,0.41700452049469716,0.0
NGC6022,(R')SB(s)bc,SCII,45.69424212774855,10.449084430223257,9.478350832026224e-11,5.4209670292989134e-11,0.23351488929040792,0.0
NGC6022,(R')SB(s)bc,SCII,45.69424212774855,11.046174969093158,8.921244073189678e-11,4.1697107257411795e-11,0.2367474376841194,0.0
NGC6022,(R')SB(s)bc,SCII,45.69424212774855,11.604777834339322,8.217710124871524e-11,4.381387287375804e-11,0.24558122385302364,0.0
NGC6022,(R')SB(s)bc,SCII,45.69424212774855,12.4234382953967,6.266668270458954e-11,4.8971497142958554e-11,0.15327721473664782,0.0
NGC6063,Scd:,Courteau97,59.5362566201827,0.14886700167260564,7.63041752297246e-11,8.881453276307261e-12,0.3841995376582438,0.0
NGC6063,Scd:,Courteau97,59.5362566201827,0.48724136426441716,1.5266034689609212e-10,2.5746171915873323e-11,0.5857326402379492,0.0
NGC6063,Scd:,Courteau97,59.5362566201827,0.8256157268562285,2.0220935156164999e-10,3.515864168710527e-11,0.5610136519525746,0.0
NGC6063,Scd:,Courteau97,59.5362566201827,1.12334973020144,1.578339645958965e-10,3.974463097978339e-11,0.5668768269250559,0.0
NGC6063,Scd:,Courteau97,59.5362566201827,1.4617240927932513,2.664100791656432e-10,4.5638149090079013e-11,0.5148996438458595,0.0
NGC6063,Scd:,Courteau97,59.5362566201827,1.7414572346253605,3.959687905894087e-10,5.132251349289012e-11,0.48333208363407354,0.0
NGC6063,Scd:,Courteau97,59.5362566201827,2.0573028361573704,3.34588526717352e-10,5.3221631006682536e-11,0.46901507443745133,0.0
NGC6063,Scd:,Courteau97,59.5362566201827,2.4362068213220858,3.0352908512499536e-10,4.994424695306747e-11,0.4684249855823881,0.0
NGC6063,Scd:,Courteau97,59.5362566201827,2.724921937798463,2.5833520744557784e-10,4.872827678660137e-11,0.4706807017042229,0.0
NGC6063,Scd:,Courteau97,59.5362566201827,3.045258526652607,1.5437483495366166e-10,4.837655197451218e-11,0.46387418664281316,0.0
NGC6063,Scd:,Courteau97,59.5362566201827,3.397216587884517,1.49689631206435e-10,4.696053547390865e-11,0.4531322295934495,0.0
NGC6063,Scd:,Courteau97,59.5362566201827,3.715215402516181,1.746323241142683e-10,4.787906317956538e-11,0.4305178056364575,0.0
NGC6063,Scd:,Courteau97,59.5362566201827,4.019741255181441,1.823134121570783e-10,5.088627754447599e-11,0.3850871533142693,0.0
NGC6063,Scd:,Courteau97,59.5362566201827,4.371699316413352,1.5772008012810592e-10,5.162635675690338e-11,0.343131129501998,0.0
NGC6063,Scd:,Courteau97,59.5362566201827,4.676225169078613,1.527819126225276e-10,4.481476653875543e-11,0.3098975621294917,0.0
NGC6063,Scd:,Courteau97,59.5362566201827,5.0179400879936,1.6830030567467593e-10,3.928802288059117e-11,0.4015760390778762,0.0
NGC6063,Scd:,Courteau97,59.5362566201827,5.359655006908588,1.5180343506001597e-10,4.5852875755950546e-11,0.3168720028818406,0.0
NGC6063,Scd:,Courteau97,59.5362566201827,5.598784701718663,1.4268201410402053e-10,3.712765318593093e-11,0.34760220076232323,0.0
NGC6063,Scd:,Courteau97,59.5362566201827,5.894328579739655,1.2909235224431496e-10,4.530880105402655e-11,0.27028174168867936,0.0
NGC6063,Scd:,Courteau97,59.5362566201827,6.198854432404916,8.450366879497539e-11,3.740963096894895e-11,0.26020483998790384,0.0
NGC6063,Scd:,Courteau97,59.5362566201827,6.442475114537124,9.89162487907339e-11,4.409419743638934e-11,0.21534163548774468,0.0
NGC6070,SA(s)cd,Courteau97,64.35841969462976,0.31239282573388605,7.627858295976796e-10,1.0477987258925168e-10,0.34329298185913776,0.0
NGC6070,SA(s)cd,Courteau97,64.35841969462976,0.9059689919232425,4.660266612886298e-10,1.8443736055095974e-10,0.3365899297044213,0.0
NGC6070,SA(s)cd,Courteau97,64.35841969462976,1.577275936946051,3.054262482365628e-10,1.2781235187793488e-10,0.4462640638888292,0.0
NGC6070,SA(s)cd,Courteau97,64.35841969462976,2.1893305614679,2.564260626885179e-10,9.977683211754667e-11,0.49233871966098497,0.0
NGC6070,SA(s)cd,Courteau97,64.35841969462976,2.773538546175208,2.628050193326947e-10,9.874077275081342e-11,0.5027427053431511,0.0
NGC6070,SA(s)cd,Courteau97,64.35841969462976,3.4259267579962436,2.4681384582746554e-10,9.784776170147498e-11,0.48315336137599146,0.0
NGC6070,SA(s)cd,Courteau97,64.35841969462976,4.043408755206569,2.5098274085586837e-10,1.0485902033428719e-10,0.42557689061698023,0.0
NGC6070,SA(s)cd,Courteau97,64.35841969462976,4.639837960192427,2.412796980189988e-10,9.004907472313985e-11,0.44479269302084695,0.0
NGC6070,SA(s)cd,Courteau97,64.35841969462976,5.219694754320897,2.0326190725909329e-10,1.01918933993484e-10,0.2719268017249843,0.0
NGC6070,SA(s)cd,Courteau97,64.35841969462976,5.915238474998734,1.7546248750237222e-10,1.0564432960332947e-10,0.2550709348746182,0.0
NGC6070,SA(s)cd,Courteau97,64.35841969462976,6.521784167740607,1.5929878852034332e-10,9.051547275690871e-11,0.2640252072864147,0.0
NGC6070,SA(s)cd,Courteau97,64.35841969462976,7.141442265105106,1.5077653438054653e-10,8.298437108733336e-11,0.2484550909070105,0.0
NGC6070,SA(s)cd,Courteau97,64.35841969462976,7.769418577692666,1.4418629412606177e-10,7.697976369887138e-11,0.21523862010905984,0.0
NGC6070,SA(s)cd,Courteau97,64.35841969462976,8.363726960269556,1.4889108239450666e-10,4.8652586866748805e-11,0.3544629875851757,0.0
NGC6070,SA(s)cd,Courteau97,64.35841969462976,8.973532878847868,1.3738942938960745e-10,4.893147808486492e-11,0.3417789594704241,0.0
NGC6070,SA(s)cd,Courteau97,64.35841969462976,9.486844094135812,1.2959290712310406e-10,6.488142804416033e-11,0.17892746865948933,0.0
NGC6070,SA(s)cd,Courteau97,64.35841969462976,12.135454189513489,8.14936560035078e-11,3.10342057495638e-11,0.28698982636726816,0.0
NGC6073,Sc:,Courteau97,65.82018736024307,0.23732729508156983,1.4406199661877047e-10,1.9121729140281108e-11,0.595421924337517,0.0
NGC6073,Sc:,Courteau97,65.82018736024307,0.7053545462390615,2.1396201865411082e-10,4.980509098039191e-11,0.5838666393740647,0.0
NGC6073,Sc:,Courteau97,65.82018736024307,1.1800091364022012,2.3811275333625745e-10,7.136883652898668e-11,0.5023282068364994,0.0
NGC6073,Sc:,Courteau97,65.82018736024307,1.6480363875596928,1.4294397134959638e-10,7.80594432433814e-11,0.5010472174016165,0.0
NGC6073,Sc:,Courteau97,65.82018736024307,2.1226909777228324,1.4172175553262743e-10,7.474845865843745e-11,0.4995170352112595,0.0
NGC6073,Sc:,Courteau97,65.82018736024307,2.5907182288803243,1.7436099227427157e-10,7.040998661353582e-11,0.507002670831162,0.0
NGC6073,Sc:,Courteau97,65.82018736024307,3.0653728190434637,1.8666232956453247e-10,6.33363116350776e-11,0.4918231172693934,0.0
NGC6073,Sc:,Courteau97,65.82018736024307,3.5334000702009556,1.6921955102643175e-10,6.233363637498051e-11,0.5317439989438181,0.0
NGC6073,Sc:,Courteau97,65.82018736024307,4.008054660364095,1.5541374242211886e-10,5.277077667137698e-11,0.5571000572193467,0.0
NGC6073,Sc:,Courteau97,65.82018736024307,4.476081911521587,1.4114859551596341e-10,5.5373628010303826e-11,0.4911306447505384,0.0
NGC6073,Sc:,Courteau97,65.82018736024307,4.950736501684727,1.188577978844327e-10,6.076651441754409e-11,0.4110535538023442,0.0
NGC6073,Sc:,Courteau97,65.82018736024307,5.418763752842219,1.3383183986433087e-10,5.835593698919066e-11,0.4282874975303259,0.0
NGC6073,Sc:,Courteau97,65.82018736024307,5.893418343005358,1.159765056252955e-10,5.316015230624052e-11,0.4870711898224935,0.0
NGC6073,Sc:,Courteau97,65.82018736024307,6.361445594162849,1.0668613145244893e-10,6.44005974439822e-11,0.40331645410705486,0.0
NGC6073,Sc:,Courteau97,65.82018736024307,6.815018390420091,9.504897255547499e-11,8.447797711481872e-11,0.24080168142446143,0.0
NGC6073,Sc:,Courteau97,65.82018736024307,7.314068443991953,1.1323324795734668e-10,7.664496839552307e-11,0.1771537579210273,0.0
NGC6073,Sc:,Courteau97,65.82018736024307,7.78540936465227,1.446087041741635e-10,5.4197941468861214e-11,0.3205526910078249,0.0
NGC6073,Sc:,Courteau97,65.82018736024307,8.822359390104964,1.2766289266831816e-10,5.759668881725375e-11,0.11708364863366315,0.0
NGC6073,Sc:,Courteau97,65.82018736024307,9.199432126633216,1.3131855867203053e-10,5.210845013751925e-11,0.15734449986058816,0.0
NGC6073,Sc:,Courteau97,65.82018736024307,9.482236679029405,1.413068381278472e-10,4.266616652295878e-11,0.21297432211662135,0.0
NGC6106,SA(s)c,Courteau97,60.35339496415912,0.15495785879545462,2.138361030437387e-10,2.9252779197321794e-11,0.19754388304885573,0.0
NGC6106,SA(s)c,Courteau97,60.35339496415912,0.4636701100795364,1.3978667704832527e-10,7.204217528390512e-11,0.40160789300694716,0.0
NGC6106,SA(s)c,Courteau97,60.35339496415912,0.7735858276704456,1.3014588581798767e-10,9.769058828052714e-11,0.3960804910814045,0.0
NGC6106,SA(s)c,Courteau97,60.35339496415912,1.0822980789545271,1.411176792806374e-10,1.1276400882919692e-10,0.3341502030995405,0.0
NGC6106,SA(s)c,Courteau97,60.35339496415912,1.3922137965454366,1.7935994272341163e-10,1.1496481725897363e-10,0.31636495672879134,0.0
NGC6106,SA(s)c,Courteau97,60.35339496415912,1.700926047829518,1.485289685734886e-10,1.0552159813307266e-10,0.31389974591527,0.0
NGC6106,SA(s)c,Courteau97,60.35339496415912,2.027725009090248,1.6434256135493676e-10,9.606983224442168e-11,0.3066387561658451,0.0
NGC6106,SA(s)c,Courteau97,60.35339496415912,2.3370389935277434,1.0416146263151071e-10,9.041484490093697e-11,0.2801475643396686,0.0
NGC6106,SA(s)c,Courteau97,60.35339496415912,2.646352977965239,9.188413809745388e-11,8.779449008593059e-11,0.20612785434196096,0.0
NGC6106,SA(s)c,Courteau97,60.35339496415912,2.9737536723793827,1.1008573853243865e-10,8.236397181661454e-11,0.223214507723002,0.0
NGC6106,SA(s)c,Courteau97,60.35339496415912,3.312010360250856,1.0119514269136502e-10,7.234254503621713e-11,0.22683569743797943,0.0
NGC6106,SA(s)c,Courteau97,60.35339496415912,3.5917799081009596,1.010634304777849e-10,6.433549894636217e-11,0.22298155063556133,0.0
NGC6106,SA(s)c,Courteau97,60.35339496415912,3.9004921593850415,1.275035539477326e-10,5.7319676378079936e-11,0.20690728753815713,0.0
NGC6106,SA(s)c,Courteau97,60.35339496415912,4.210407876975951,1.027750269819799e-10,5.0167153013419943e-11,0.2178501238683841,0.0
NGC6106,SA(s)c,Courteau97,60.35339496415912,4.519120128260032,8.973962187165053e-11,4.6550804626904104e-11,0.23618160009137465,0.0
NGC6106,SA(s)c,Courteau97,60.35339496415912,4.831442778464597,1.2845336332528574e-10,4.453125186248399e-11,0.21118985296371492,0.0
NGC6106,SA(s)c,Courteau97,60.35339496415912,5.140756762902092,7.636640908451727e-11,3.82385768501212e-11,0.19612933202544744,0.0
NGC6106,SA(s)c,Courteau97,60.35339496415912,5.450070747339588,4.6616752474591815e-11,3.4607801374581846e-11,0.250825316955252,0.0
NGC6106,SA(s)c,Courteau97,60.35339496415912,5.725016511284028,5.931162988398662e-11,3.516611199799486e-11,0.1871741742206524,0.0
NGC6106,SA(s)c,Courteau97,60.35339496415912,6.089805663749708,6.710138726033965e-11,2.897740239048313e-11,0.2514099800918132,0.0
NGC7290,SA(r)bc,Courteau97,60.92029704133475,0.19723495386194134,1.9239645655966888e-10,2.113026199791053e-11,0.3383484245963336,0.0
NGC7290,SA(r)bc,Courteau97,60.92029704133475,0.5588787682014733,3.135302584587893e-10,5.1454145364702784e-11,0.4554018289361897,0.0
NGC7290,SA(r)bc,Courteau97,60.92029704133475,0.9263836666424259,2.6809901891466615e-10,6.520253308546945e-11,0.4633149924060928,0.0
NGC7290,SA(r)bc,Courteau97,60.92029704133475,1.2938885650833785,2.2774605486940694e-10,7.009102434554159e-11,0.42982454715129925,0.0
NGC7290,SA(r)bc,Courteau97,60.92029704133475,1.662902323328866,1.893560755190586e-10,7.487017640584362e-11,0.4035755143069786,0.0
NGC7290,SA(r)bc,Courteau97,60.92029704133475,2.0426323432408373,1.717466650087373e-10,7.999337616667474e-11,0.34762100468800217,0.0
NGC7290,SA(r)bc,Courteau97,60.92029704133475,2.4116461014863253,2.3084793112094878e-10,7.961950225378632e-11,0.30441501547248306,0.0
NGC7290,SA(r)bc,Courteau97,60.92029704133475,2.779150999927278,2.0372386944480014e-10,7.28431939400202e-11,0.2898300126837879,0.0
NGC7290,SA(r)bc,Courteau97,60.92029704133475,3.14665589836823,1.6695230274533892e-10,6.886021328158331e-11,0.21404569122692557,0.0
NGC7290,SA(r)bc,Courteau97,60.92029704133475,3.5103088038445684,1.4845285626144836e-10,6.609813195358888e-11,0.2095751915144172,0.0
NGC7290,SA(r)bc,Courteau97,60.92029704133475,3.8116311916709087,1.564033629105502e-10,5.993840630685484e-11,0.16478426046711916,0.0
NGC7290,SA(r)bc,Courteau97,60.92029704133475,5.031204555305068,1.8682788967271795e-10,3.8247570407812065e-11,0.19012583295694088,0.0
NGC7290,SA(r)bc,Courteau97,60.92029704133475,5.394751758937012,1.1295640579948038e-10,3.3229069132386124e-11,0.23039466949585927,0.0
NGC7290,SA(r)bc,Courteau97,60.92029704133475,5.755055322279591,1.5721507712590653e-10,3.288879279918494e-11,0.18786149462938512,0.0
NGC7290,SA(r)bc,Courteau97,60.92029704133475,6.027521106586187,1.8929518129869235e-10,2.7405667862267e-11,0.22951084655921697,0.0
NGC7290,SA(r)bc,Courteau97,60.92029704133475,6.585470484894027,1.1511935479826136e-10,2.4232101641314952e-11,0.22805939634176625,0.0
NGC7290,SA(r)bc,Courteau97,60.92029704133475,6.8449184595059736,8.814407741437238e-11,2.6005711773995844e-11,0.15683919287065695,0.0
NGC7290,SA(r)bc,Courteau97,60.92029704133475,7.153168083484838,7.350369130491172e-11,2.244888819090288e-11,0.199798883090323,0.0
NGC7290,SA(r)bc,Courteau97,60.92029704133475,7.40528975589654,7.217746258714935e-11,2.117253697992227e-11,0.16602371050731615,0.0
NGC7311,Sab,ShellFlow,58.32481150605879,0.5444923215281313,5.54770126684218e-10,5.611176234273445e-10,0.397046991104566,0.0
NGC7311,Sab,ShellFlow,58.32481150605879,1.0881959047826826,9.002131343336748e-10,7.856365251466477e-10,0.31707273888885634,0.0
NGC7311,Sab,ShellFlow,58.32481150605879,1.7231302150146655,1.2706906445383354e-09,7.215638645884481e-10,0.305440966939265,0.0
NGC7311,Sab,ShellFlow,58.32481150605879,2.267359623784937,1.097026628487592e-09,6.06914755687536e-10,0.3171405334280501,0.0
NGC7311,Sab,ShellFlow,58.32481150605879,2.90242539039585,8.452298593311736e-10,5.137707468333805e-10,0.31314597635960745,0.0
NGC7311,Sab,ShellFlow,58.32481150605879,3.5374911570067633,7.85929722818982e-10,4.36816406639794e-10,0.31355372280622484,0.0
NGC7311,Sab,ShellFlow,58.32481150605879,4.172425467238746,6.406855552566963e-10,3.706770277612424e-10,0.28099519710713045,0.0
NGC7311,Sab,ShellFlow,58.32481150605879,4.794439493370179,5.334090298927883e-10,3.170738965110987e-10,0.3316022059149609,0.0
NGC7311,Sab,ShellFlow,58.32481150605879,5.442294087702713,5.145288541266177e-10,2.6055799824241094e-10,0.3160314027058903,0.0
NGC7311,Sab,ShellFlow,58.32481150605879,6.077228397934696,4.548847820158277e-10,2.7149376681569586e-10,0.18648003410042707,0.0
NGC7311,Sab,ShellFlow,58.32481150605879,6.802867609628391,4.0388000519142363e-10,2.729967223698574e-10,0.16492501545414218,0.0
NGC7311,Sab,ShellFlow,58.32481150605879,7.437801919860374,3.659215756484371e-10,2.355730126054872e-10,0.14721617080979968,0.0
NGC7311,Sab,ShellFlow,58.32481150605879,8.059815945991806,3.6088304364975717e-10,1.7503764531363207e-10,0.16476985992087642,0.0
NGC7311,Sab,ShellFlow,58.32481150605879,8.7079334530822,3.504791751007647e-10,1.3763074357968767e-10,0.2783934413203675,0.0
NGC7311,Sab,ShellFlow,58.32481150605879,9.342867763314183,2.813764332029922e-10,1.455723378020066e-10,0.19029357411669737,0.0
NGC7311,Sab,ShellFlow,58.32481150605879,9.977802073546167,2.617814058687863e-10,1.5684518278047906e-10,0.10144988774570304,0.0
NGC7311,Sab,ShellFlow,58.32481150605879,10.61273638377815,2.6644017654338235e-10,1.0119367780975924e-10,0.2349017074627194,0.0
NGC7311,Sab,ShellFlow,58.32481150605879,11.247670694010132,2.3054657347367198e-10,1.1279826787689463e-10,0.11874639530456974,0.0
NGC7311,Sab,ShellFlow,58.32481150605879,12.880358920320946,1.9107372469242162e-10,7.313612401657201e-11,0.177604203875375,0.0
NGC7339,SAB(s)bc:?,Courteau97/Mathewson96,81.09548946331638,0.14752320423091486,1.6784294180710274e-10,3.6117384124151844e-11,0.01573442987515411,0.0
NGC7339,SAB(s)bc:?,Courteau97/Mathewson96,81.09548946331638,0.4453369602712279,3.475053270021704e-10,7.935052327937479e-11,0.40062951740947506,0.0
NGC7339,SAB(s)bc:?,Courteau97/Mathewson96,81.09548946331638,0.7530977796523889,3.8302837336584883e-10,9.433711305457444e-11,0.4011769517728969,0.0
NGC7339,SAB(s)bc:?,Courteau97/Mathewson96,81.09548946331638,1.0533765846747196,4.668809646748883e-10,1.0575088215372855e-10,0.3863317786551979,0.0
NGC7339,SAB(s)bc:?,Courteau97/Mathewson96,81.09548946331638,1.3486910411531199,3.241467694882716e-10,1.169410726380037e-10,0.31487016382229205,0.0
NGC7339,SAB(s)bc:?,Courteau97/Mathewson96,81.09548946331638,1.6440650638574248,3.1314668685950845e-10,1.1709555511463466e-10,0.2802631734484254,0.0
NGC7339,SAB(s)bc:?,Courteau97/Mathewson96,81.09548946331638,1.9444997338375392,3.1714950486433323e-10,1.1208656382333702e-10,0.2752336541382244,0.0
NGC7339,SAB(s)bc:?,Courteau97/Mathewson96,81.09548946331638,2.249722949264296,2.89789329070803e-10,1.0707846296587512e-10,0.2496679845438236,0.0
NGC7339,SAB(s)bc:?,Courteau97/Mathewson96,81.09548946331638,2.5499184443012295,2.6606730551338704e-10,9.914207707433739e-11,0.2371410567768029,0.0
NGC7339,SAB(s)bc:?,Courteau97/Mathewson96,81.09548946331638,2.854599689803124,2.675581430125795e-10,8.940177520385377e-11,0.2192163859620615,0.0
NGC7339,SAB(s)bc:?,Courteau97/Mathewson96,81.09548946331638,3.1505693747664747,2.727221513027579e-10,8.061077373105404e-11,0.20585897440781126,0.0
NGC7339,SAB(s)bc:?,Courteau97/Mathewson96,81.09548946331638,3.4419989487198133,2.717161466558537e-10,7.464304014206425e-11,0.19242013789716875,0.0
NGC7339,SAB(s)bc:?,Courteau97/Mathewson96,81.09548946331638,3.739335145003808,2.5973577542167493e-10,6.905128094256639e-11,0.17437140617562036,0.0
NGC7339,SAB(s)bc:?,Courteau97/Mathewson96,81.09548946331638,4.00429679215249,2.46954912700041e-10,6.597907840913232e-11,0.13010987243183583,0.0
NGC7357,Sb,Courteau97,55.78632895136367,0.5646866118827721,4.752609733473831e-10,1.0034233789457166e-10,0.5849186771546869,0.0
NGC7357,Sb,Courteau97,55.78632895136367,1.6940598356483163,3.9137140960859746e-10,2.1805430176929625e-10,0.4446811902350696,0.0
NGC7357,Sb,Courteau97,55.78632895136367,2.8234330594138606,3.0320355035964137e-10,2.1495137489946932e-10,0.34228745348598844,0.0
NGC7357,Sb,Courteau97,55.78632895136367,3.9528062831794046,2.45103287154398e-10,1.9359085550278975e-10,0.2962537966517248,0.0
NGC7357,Sb,Courteau97,55.78632895136367,5.021169659717056,1.7315879859124385e-10,1.389697087866163e-10,0.26169278079934877,0.0
NGC7357,Sb,Courteau97,55.78632895136367,5.8835211443531374,1.8289264037939158e-10,1.164427266759104e-10,0.28296410478923645,0.0
NGC7357,Sb,Courteau97,55.78632895136367,8.63816510741037,1.2638650751950284e-10,5.676351003589635e-11,0.36059261072568777,0.0
NGC7357,Sb,Courteau97,55.78632895136367,9.60544760599229,1.2347964925472525e-10,4.253143278466524e-11,0.433785847944002,0.0
NGC7357,Sb,Courteau97,55.78632895136367,10.32349796814777,1.3366059853570794e-10,5.22214679376921e-11,0.3076491482378748,0.0
NGC7357,Sb,Courteau97,55.78632895136367,14.675435015635225,9.503273042976871e-11,4.4563537578813616e-11,0.17345357325737712,0.0
NGC7357,Sb,Courteau97,55.78632895136367,15.414404450003634,8.516640400226802e-11,2.5807314788599726e-11,0.35877370387990487,0.0
NGC7357,Sb,Courteau97,55.78632895136367,16.095279610210167,9.55928158869092e-11,3.9841765439831984e-11,0.15629967265152572,0.0
NGC7357,Sb,Courteau97,55.78632895136367,22.170366409715655,7.116260180013813e-11,1.9339301896798558e-11,0.19264491682730345,0.0
NGC7357,Sb,Courteau97,55.78632895136367,22.593881368627734,7.506261420684542e-11,1.621040234927124e-11,0.26236627070331586,0.0
NGC7407,Sbc,Courteau97/ShellFlow,63.1951015279752,0.5497173296487529,1.555703152561492e-10,1.50598930498683e-11,0.8689703864557379,0.0
NGC7407,Sbc,Courteau97/ShellFlow,63.1951015279752,1.6491519889462585,3.988185463833176e-10,5.1428068775447134e-11,0.7608013993766525,0.0
NGC7407,Sbc,Courteau97/ShellFlow,63.1951015279752,2.748586648243764,4.879801188729914e-10,1.1142655519772596e-10,0.5894583357311526,0.0
NGC7407,Sbc,Courteau97/ShellFlow,63.1951015279752,3.812025002399826,3.576216372770569e-10,1.6168228151020073e-10,0.44772106385478716,0.0
NGC7407,Sbc,Courteau97/ShellFlow,63.1951015279752,4.877214308050323,3.8601872855163586e-10,1.483924629533262e-10,0.35260093053843167,0.0
NGC7407,Sbc,Courteau97/ShellFlow,63.1951015279752,5.974740226619883,3.172211641835265e-10,1.3166887639070627e-10,0.3595938546840391,0.0
NGC7407,Sbc,Courteau97/ShellFlow,63.1951015279752,7.148524154752383,2.5955313568699703e-10,1.2497285411283957e-10,0.29835514693197124,0.0
NGC7407,Sbc,Courteau97/ShellFlow,63.1951015279752,8.196651863282671,2.3999364466167395e-10,9.270318808290378e-11,0.3903044798354077,0.0
NGC7407,Sbc,Courteau97/ShellFlow,63.1951015279752,9.323031397404863,2.0653108637748062e-10,6.241786480948225e-11,0.44439256458938814,0.0
NGC7407,Sbc,Courteau97/ShellFlow,63.1951015279752,10.371333619373138,1.7753592721904024e-10,7.639042663176946e-11,0.26027201192408983,0.0
NGC7407,Sbc,Courteau97/ShellFlow,63.1951015279752,11.411113768453205,1.54278874847502e-10,7.423053521690692e-11,0.2210909627366898,0.0
NGC7407,Sbc,Courteau97/ShellFlow,63.1951015279752,12.61458752236201,1.57166288498035e-10,8.866778653362497e-11,0.14013848484033917,0.0
NGC7407,Sbc,Courteau97/ShellFlow,63.1951015279752,13.635432963420842,1.2915407482353854e-10,4.060154482892849e-11,0.42870788003715277,0.0
NGC7407,Sbc,Courteau97/ShellFlow,63.1951015279752,14.599270681404988,1.2188950665237901e-10,5.2207134174131994e-11,0.22436774276295635,0.0
NGC7407,Sbc,Courteau97/ShellFlow,63.1951015279752,15.767114608392117,1.2277339177733621e-10,4.9337539466058226e-11,0.16354574364029553,0.0
NGC7407,Sbc,Courteau97/ShellFlow,63.1951015279752,16.890981149007345,1.0849264871759558e-10,4.9103540245797067e-11,0.1171207370730509,0.0
NGC7407,Sbc,Courteau97/ShellFlow,63.1951015279752,18.014847689622574,1.0672447381240193e-10,2.9538711051064297e-11,0.278468534331018,0.0
NGC7407,Sbc,Courteau97/ShellFlow,63.1951015279752,19.120878956875863,9.159440258916431e-11,3.155269360266242e-11,0.17877176921388396,0.0
NGC7407,Sbc,Courteau97/ShellFlow,63.1951015279752,20.216160196349357,7.168032622959542e-11,3.021090174577273e-11,0.14666653347128228,0.0
NGC7407,Sbc,Courteau97/ShellFlow,63.1951015279752,21.30857068976802,8.74097100554108e-11,2.435723954110286e-11,0.20957333980978948,0.0
NGC7448,SA(rs)bc,Courteau97,61.75323855539553,0.19001738055414152,3.4580160881481466e-10,8.983966196594881e-11,0.22511237651736554,0.0
NGC7448,SA(rs)bc,Courteau97,61.75323855539553,0.5320486655515964,2.6818295871559753e-10,1.9264695651687288e-10,0.3883992701111184,0.0
NGC7448,SA(rs)bc,Courteau97,61.75323855539553,0.9120834266598793,2.974938719951848e-10,2.12986489966265e-10,0.3811023832773321,0.0
NGC7448,SA(rs)bc,Courteau97,61.75323855539553,1.2921181877681625,2.831931737931484e-10,2.1283559267337424e-10,0.38927888482944645,0.0
NGC7448,SA(rs)bc,Courteau97,61.75323855539553,1.6341494727656172,2.2289592771564457e-10,2.1822551625708102e-10,0.3308335154750237,0.0
NGC7448,SA(rs)bc,Courteau97,61.75323855539553,1.976180757763072,2.4383801249508266e-10,2.1559819234696093e-10,0.30404937954338873,0.0
NGC7448,SA(rs)bc,Courteau97,61.75323855539553,2.356215518871355,2.3358670169566757e-10,1.9549016072198061e-10,0.31362341815491246,0.0
NGC7448,SA(rs)bc,Courteau97,61.75323855539553,2.736250279979638,2.263762188747523e-10,1.9123243941718243e-10,0.2868131382840607,0.0
NGC7448,SA(rs)bc,Courteau97,61.75323855539553,3.0782815649770927,2.06304548858874e-10,1.821961341580883e-10,0.26140017109766034,0.0
NGC7448,SA(rs)bc,Courteau97,61.75323855539553,3.4203128499745477,2.419733932718213e-10,1.6527362703363184e-10,0.2439797454702258,0.0
NGC7448,SA(rs)bc,Courteau97,61.75323855539553,3.7718450039997093,2.9172720907509313e-10,1.4365850559531018e-10,0.24554525460073054,0.0
NGC7448,SA(rs)bc,Courteau97,61.75323855539553,4.180382372191113,2.4337252748078206e-10,1.2244797749018983e-10,0.2461643811589371,0.0
NGC7448,SA(rs)bc,Courteau97,61.75323855539553,4.522413657188569,2.1783204642144774e-10,1.1516189233872154e-10,0.23746219819616454,0.0
NGC7448,SA(rs)bc,Courteau97,61.75323855539553,4.864444942186023,2.3883953153537543e-10,1.1250509386758558e-10,0.1962332587857001,0.0
NGC7448,SA(rs)bc,Courteau97,61.75323855539553,5.2444797032943065,1.8545994786800412e-10,1.0193364514454241e-10,0.1639071508318708,0.0
NGC7448,SA(rs)bc,Courteau97,61.75323855539553,5.624514464402589,1.7809645393671646e-10,8.230839272427968e-11,0.2072471278067797,0.0
NGC7448,SA(rs)bc,Courteau97,61.75323855539553,6.004549225510872,1.3801094080358851e-10,8.059072497699324e-11,0.1930439130070161,0.0
NGC7448,SA(rs)bc,Courteau97,61.75323855539553,6.308577034397499,1.3463087148180168e-10,7.927205731990687e-11,0.11545610099608557,0.0
NGC7448,SA(rs)bc,Courteau97,61.75323855539553,6.688611795505781,1.6226139084386767e-10,6.712118755029394e-11,0.176075163247904,0.0
NGC7448,SA(rs)bc,Courteau97,61.75323855539553,7.0306430805032365,1.3925134155637194e-10,7.055462752388633e-11,0.0964827414045952,0.0
NGC7448,SA(rs)bc,Courteau97,61.75323855539553,7.220660461057379,2.1874909971030658e-10,6.402562744874924e-11,0.11876220947791635,0.0
NGC7466,Sb Sy2,Courteau97,70.30864141934946,0.5429272052941604,9.652721741456326e-10,6.510204610940928e-11,0.5940065302838143,0.0
NGC7466,Sb Sy2,Courteau97,70.30864141934946,1.5944149516398807,4.759526297654118e-10,1.421804226496286e-10,0.45692290895706206,0.0
NGC7466,Sb Sy2,Courteau97,70.30864141934946,2.5953440477056215,4.924030608534502e-10,1.4705759524554145e-10,0.3740809534780197,0.0
NGC7466,Sb Sy2,Courteau97,70.30864141934946,3.664015126172642,3.0241564891808057e-10,1.0580033791461705e-10,0.3967737614448529,0.0
NGC7466,Sb Sy2,Courteau97,70.30864141934946,4.732686204639663,2.6367049465573023e-10,8.888816217129535e-11,0.4132644107330742,0.0
NGC7466,Sb Sy2,Courteau97,70.30864141934946,5.801357283106683,1.6873091581527773e-10,6.467971788840026e-11,0.4766696337970187,0.0
NGC7466,Sb Sy2,Courteau97,70.30864141934946,6.870028361573703,1.6484127227847357e-10,7.198791420413568e-11,0.38357100086494283,0.0
NGC7466,Sb Sy2,Courteau97,70.30864141934946,7.938699440040724,1.623494837002914e-10,4.0648034908697826e-11,0.5226416845220513,0.0
NGC7466,Sb Sy2,Courteau97,70.30864141934946,9.091800159988363,1.5202178837488346e-10,6.71770810416999e-11,0.29344930524293883,0.0
NGC7466,Sb Sy2,Courteau97,70.30864141934946,9.859068984073884,1.5806472076427255e-10,6.796643520833362e-11,0.23864711449009096,0.0
NGC7466,Sb Sy2,Courteau97,70.30864141934946,13.41853014326231,8.127998866933745e-11,4.022243571274528e-11,0.28460341003362816,0.0
NGC7466,Sb Sy2,Courteau97,70.30864141934946,14.334533924805468,7.80232715914052e-11,4.4643714860125865e-11,0.20755137567054177,0.0
NGC7466,Sb Sy2,Courteau97,70.30864141934946,17.38787986328267,6.880162661268974e-11,3.901287595688651e-11,0.16485679629531438,0.0
NGC7466,Sb Sy2,Courteau97,70.30864141934946,18.76188553559741,8.604474852546322e-11,1.2978289731680672e-11,0.5579769446969716,0.0
NGC7466,Sb Sy2,Courteau97,70.30864141934946,19.98322391098829,1.0259805055631448e-10,2.251479059086961e-11,0.23358672003700323,0.0
NGC7466,Sb Sy2,Courteau97,70.30864141934946,21.204562286379172,6.670777415231661e-11,2.566804080649291e-11,0.1456573836995115,0.0
NGC7489,Sd,Courteau97/ShellFlow,62.712899448204226,0.5800918300891249,1.9922069676159855e-10,3.9759062728982514e-11,0.6715568424492507,0.0
NGC7489,Sd,Courteau97/ShellFlow,62.712899448204226,1.7138112791796962,2.4284368939359737e-10,7.474293514790695e-11,0.613489846349907,0.0
NGC7489,Sd,Courteau97/ShellFlow,62.712899448204226,2.8725547604330077,2.374089111286341e-10,9.624247125166628e-11,0.5358703824097888,0.0
NGC7489,Sd,Courteau97/ShellFlow,62.712899448204226,4.030542684168425,2.343230988893557e-10,8.916668548777995e-11,0.5279160538186999,0.0
NGC7489,Sd,Courteau97/ShellFlow,62.712899448204226,5.166268589489788,1.969376019148711e-10,1.1657551014882606e-10,0.36965605059734213,0.0
NGC7489,Sd,Courteau97/ShellFlow,62.712899448204226,6.327965162533634,1.5872861847922522e-10,9.079161230989863e-11,0.3860032552045964,0.0
NGC7489,Sd,Courteau97/ShellFlow,62.712899448204226,7.481642476641429,1.444345644869294e-10,9.193733440616495e-11,0.3069571799886447,0.0
NGC7489,Sd,Courteau97/ShellFlow,62.712899448204226,8.59867661435532,1.2561854238237148e-10,5.7639120154995284e-11,0.4362147809583315,0.0
NGC7489,Sd,Courteau97/ShellFlow,62.712899448204226,9.753384285048629,1.2361997574127592e-10,5.651843440527793e-11,0.29852882805316616,0.0
NGC7489,Sd,Courteau97/ShellFlow,62.712899448204226,10.895789440767944,9.815743168628673e-11,6.63741598812587e-11,0.23964455093290934,0.0
NGC7489,Sd,Courteau97/ShellFlow,62.712899448204226,12.03386307731732,8.762507404425403e-11,5.81578083685913e-11,0.2516289639237127,0.0
NGC7489,Sd,Courteau97/ShellFlow,62.712899448204226,13.192434465220712,7.310122907839729e-11,5.3141594917727925e-11,0.24061975545593192,0.0
NGC7489,Sd,Courteau97/ShellFlow,62.712899448204226,14.303087642595692,6.751111509829223e-11,3.91743995753791e-11,0.2457151541016351,0.0
NGC7489,Sd,Courteau97/ShellFlow,62.712899448204226,15.36690657770344,7.147356526838863e-11,2.6465746551815893e-11,0.4206599537324886,0.0
NGC7489,Sd,Courteau97/ShellFlow,62.712899448204226,16.562504592912724,5.458079566078945e-11,2.9302573165852095e-11,0.31545779966636645,0.0
NGC7489,Sd,Courteau97/ShellFlow,62.712899448204226,17.694806726783508,6.44623553397017e-11,3.4714462097243895e-11,0.2151075995958838,0.0
NGC7489,Sd,Courteau97/ShellFlow,62.712899448204226,18.88422544461413,5.2525523634452906e-11,1.9126997717727652e-11,0.4273770539585691,0.0
NGC7489,Sd,Courteau97/ShellFlow,62.712899448204226,20.042296498436478,6.68196733085325e-11,2.373617614291938e-11,0.2566147060745616,0.0
NGC7489,Sd,Courteau97/ShellFlow,62.712899448204226,21.134041233364847,6.5208595632139e-11,2.755678200087532e-11,0.16490192400535883,0.0
NGC7489,Sd,Courteau97/ShellFlow,62.712899448204226,22.553033124863646,5.728130156223272e-11,1.700205945180299e-11,0.32015787866917966,0.0
NGC7489,Sd,Courteau97/ShellFlow,62.712899448204226,22.933302268925896,5.192544382355588e-11,1.5933359961976105e-11,0.3327641377537725,0.0
NGC7536,SBbc,Courteau97/Mathewson92,70.4394114544561,0.43045441422442005,2.8156100993613388e-11,3.65809413693671e-11,0.5839179846401168,0.0
NGC7536,SBbc,Courteau97/Mathewson92,70.4394114544561,1.2676632649746684,3.310275427336636e-11,7.598910545182278e-11,0.4953106692503719,0.0
NGC7536,SBbc,Courteau97/Mathewson92,70.4394114544561,2.0887389983758755,5.13428591563463e-11,6.867574157333604e-11,0.5037878428778347,0.0
NGC7536,SBbc,Courteau97/Mathewson92,70.4394114544561,2.8806894579788134,4.225590505801604e-11,5.906677673793024e-11,0.5632040929502176,0.0
NGC7536,SBbc,Courteau97/Mathewson92,70.4394114544561,3.695546723335946,3.3658641914746754e-11,5.3004794899019555e-11,0.5511607177177255,0.0
NGC7536,SBbc,Courteau97/Mathewson92,70.4394114544561,4.54063537682108,6.175232264398113e-11,7.611166234532745e-11,0.40966792072412506,0.0
NGC7536,SBbc,Courteau97/Mathewson92,70.4394114544561,5.347485931932223,8.837468267609398e-11,6.778054553562748e-11,0.422662781399022,0.0
NGC7536,SBbc,Courteau97/Mathewson92,70.4394114544561,6.1193056875863565,1.1280771481893107e-10,8.184520583672121e-11,0.2811752839416853,0.0
NGC7536,SBbc,Courteau97/Mathewson92,70.4394114544561,6.9267705904217065,1.1562184146831043e-10,5.88239735683923e-11,0.3684335346197335,0.0
NGC7536,SBbc,Courteau97/Mathewson92,70.4394114544561,7.875424065219499,1.026010923445157e-10,4.294921019845479e-11,0.4085964675448588,0.0
NGC7536,SBbc,Courteau97/Mathewson92,70.4394114544561,8.624793088987467,9.537083589646308e-11,3.955834099265963e-11,0.3937391094716891,0.0
NGC7536,SBbc,Courteau97/Mathewson92,70.4394114544561,9.473804338270348,1.0220439111049263e-10,3.554723196580157e-11,0.3779403099924128,0.0
NGC7536,SBbc,Courteau97/Mathewson92,70.4394114544561,10.180180609895038,9.89515674571498e-11,4.137502011867733e-11,0.23806099053679816,0.0
NGC7536,SBbc,Courteau97/Mathewson92,70.4394114544561,11.023583000428252,8.294198660878076e-11,4.07801547545154e-11,0.1717728188288409,0.0
NGC7536,SBbc,Courteau97/Mathewson92,70.4394114544561,11.881398458293942,7.968781919568468e-11,3.667109641870687e-11,0.14918562979611955,0.0
NGC7536,SBbc,Courteau97/Mathewson92,70.4394114544561,12.80227108573922,6.026257613223402e-11,2.5768673660012582e-11,0.21338472496572977,0.0
NGC7536,SBbc,Courteau97/Mathewson92,70.4394114544561,14.01725187016702,7.515261174547924e-11,2.0215648081551314e-11,0.2654089570722541,0.0
NGC7536,SBbc,Courteau97/Mathewson92,70.4394114544561,15.473515560080479,6.021401357110181e-11,1.684409679014642e-11,0.2689482588094121,0.0
NGC7536,SBbc,Courteau97/Mathewson92,70.4394114544561,15.958936790051633,7.051130352041256e-11,1.9544700966375135e-11,0.1743993835692621,0.0
NGC7536,SBbc,Courteau97/Mathewson92,70.4394114544561,16.444358020022786,5.316255955514222e-11,1.6558873686504472e-11,0.22950682579094994,0.0
NGC7541,SB(rs)bc: pec HII,Courteau97,71.5490421741926,0.33335495600319975,1.0247667037213368e-09,1.422054115505458e-10,0.49117650749507147,0.0
NGC7541,SB(rs)bc: pec HII,Courteau97,71.5490421741926,0.954607374009163,6.816392422845216e-10,2.8720338732626994e-10,0.45018151647045956,0.0
NGC7541,SB(rs)bc: pec HII,Courteau97,71.5490421741926,1.5556564613482657,3.729797795877108e-10,2.634188056033e-10,0.4784202242569581,0.0
NGC7541,SB(rs)bc: pec HII,Courteau97,71.5490421741926,2.1668072140207983,2.9660299864365795e-10,2.2553684188109698e-10,0.4924763348040824,0.0
NGC7541,SB(rs)bc: pec HII,Courteau97,71.5490421741926,2.833517126027198,2.651649421699272e-10,2.1866602599749002e-10,0.49950882728632207,0.0
NGC7541,SB(rs)bc: pec HII,Courteau97,71.5490421741926,3.444667878699731,2.5296215368114753e-10,2.0638123296936673e-10,0.4920042905073104,0.0
NGC7541,SB(rs)bc: pec HII,Courteau97,71.5490421741926,4.055818631372264,2.270187156675772e-10,2.1030624658501213e-10,0.47515460592243486,0.0
NGC7541,SB(rs)bc: pec HII,Courteau97,71.5490421741926,4.678666049167716,2.1258230204535232e-10,1.950404995976955e-10,0.4005265695696737,0.0
NGC7541,SB(rs)bc: pec HII,Courteau97,71.5490421741926,5.27812013671733,2.1656603281971047e-10,2.524847504400921e-10,0.3124458873068216,0.0
NGC7541,SB(rs)bc: pec HII,Courteau97,71.5490421741926,5.9448300487237296,2.176909334143482e-10,2.087650407373754e-10,0.35332416206185197,0.0
NGC7541,SB(rs)bc: pec HII,Courteau97,71.5490421741926,6.555980801396262,2.0041169316068725e-10,1.7792008287500964e-10,0.3724982645608053,0.0
NGC7541,SB(rs)bc: pec HII,Courteau97,71.5490421741926,7.172182386735511,1.917008945491434e-10,1.7492464895308282e-10,0.3391737132996032,0.0
NGC7541,SB(rs)bc: pec HII,Courteau97,71.5490421741926,7.778282306741329,1.8256480789507317e-10,1.9579929947148995e-10,0.24771081610172355,0.0
NGC7541,SB(rs)bc: pec HII,Courteau97,71.5490421741926,8.377354981297803,1.9029238475733005e-10,1.6571426305099116e-10,0.20975628667906937,0.0
NGC7541,SB(rs)bc: pec HII,Courteau97,71.5490421741926,9.034774063984157,1.321288395684745e-10,9.816042971383438e-11,0.4344802901071538,0.0
NGC7541,SB(rs)bc: pec HII,Courteau97,71.5490421741926,9.667293724092794,1.319813412808893e-10,1.185926389937408e-10,0.31668594884403506,0.0
NGC7541,SB(rs)bc: pec HII,Courteau97,71.5490421741926,10.278444476765328,1.3689089498506586e-10,1.5820375157865663e-10,0.15155069353304046,0.0
NGC7541,SB(rs)bc: pec HII,Courteau97,71.5490421741926,10.917374809104793,1.4021155407870983e-10,8.054378988889392e-11,0.3958889116649118,0.0
NGC7541,SB(rs)bc: pec HII,Courteau97,71.5490421741926,11.4582595661492,1.2573258271931842e-10,1.304365981025115e-10,0.1291552384347983,0.0
NGC7541,SB(rs)bc: pec HII,Courteau97,71.5490421741926,12.111896734782926,1.2158541879315867e-10,8.353845283923584e-11,0.24656214404620364,0.0
NGC7568,S?,Mathewson92,46.16078094542039,1.0344294087702712,8.308000241717854e-11,6.046936914253098e-11,0.6863491836988078,0.0
NGC7568,S?,Mathewson92,46.16078094542039,2.0688588175405425,2.84949414872218e-10,1.0054975475100499e-10,0.580820284536224,0.0
NGC7568,S?,Mathewson92,46.16078094542039,3.1032882263108137,3.3641899262108355e-10,1.1422624026224724e-10,0.5039263809433533,0.0
NGC7568,S?,Mathewson92,46.16078094542039,4.137717635081085,2.6862729240089566e-10,9.787932265797024e-11,0.5174579338986041,0.0
NGC7568,S?,Mathewson92,46.16078094542039,5.172147043851356,2.412663426676409e-10,1.2655394338398432e-10,0.3482164830898259,0.0
NGC7568,S?,Mathewson92,46.16078094542039,6.206576452621627,1.9352869103768803e-10,1.1018386839535257e-10,0.29257954938076564,0.0
NGC7568,S?,Mathewson92,46.16078094542039,7.162639997091121,1.8652898201788302e-10,8.842700266370148e-11,0.38311496040871623,0.0
NGC7568,S?,Mathewson92,46.16078094542039,7.319371725692677,1.6830861403145734e-10,6.822698255539226e-11,0.47378936287365486,0.0
NGC7568,S?,Mathewson92,46.16078094542039,8.27543527016217,1.5068784878919834e-10,8.730568355066694e-11,0.24914851526824672,0.0
NGC7568,S?,Mathewson92,46.16078094542039,9.231498814631664,1.8334273440337537e-10,9.480851699819031e-11,0.21623935532435673,0.0
NGC7568,S?,Mathewson92,46.16078094542039,9.388230543233218,1.3805860118616765e-10,8.375647949486612e-11,0.2617583025620141,0.0
NGC7568,S?,Mathewson92,46.16078094542039,10.344294087702712,1.3193772517571582e-10,7.298249240130901e-11,0.2500392931996538,0.0
NGC7568,S?,Mathewson92,46.16078094542039,11.378723496472984,1.3624256696314308e-10,6.769759930952808e-11,0.2114953963235898,0.0
NGC7568,S?,Mathewson92,46.16078094542039,12.413152905243255,1.017688306769301e-10,6.445749674127887e-11,0.15903151198812587,0.0
NGC7568,S?,Mathewson92,46.16078094542039,13.447582314013527,1.4475074628855864e-10,5.774059333532183e-11,0.13197772269264954,0.0
NGC7568,S?,Mathewson92,46.16078094542039,14.403645858483019,2.2058778836452637e-10,3.2501691295796515e-11,0.32810352841266016,0.0
NGC7591,SBbc;Sy;LIRG LINER,Courteau97/Mathewson92,63.33890498946935,0.5326609846556614,2.6899846809777006e-09,2.775633962288828e-10,0.41819288871175325,0.0
NGC7591,SBbc;Sy;LIRG LINER,Courteau97/Mathewson92,63.33890498946935,1.6188012404292675,9.43812957152126e-10,4.13156499252116e-10,0.32547945179899757,0.0
NGC7591,SBbc;Sy;LIRG LINER,Courteau97/Mathewson92,63.33890498946935,2.724400734492037,5.170424687917734e-10,3.1533395389627665e-10,0.24886903721643552,0.0
NGC7591,SBbc;Sy;LIRG LINER,Courteau97/Mathewson92,63.33890498946935,3.602478180011151,3.5746015985051824e-10,2.3514243659406526e-10,0.26306231620023723,0.0
NGC7591,SBbc;Sy;LIRG LINER,Courteau97/Mathewson92,63.33890498946935,4.69847189295324,2.552373654645755e-10,1.6678521656927286e-10,0.313416448592939,0.0
NGC7591,SBbc;Sy;LIRG LINER,Courteau97/Mathewson92,63.33890498946935,5.803994691295179,2.6137301968779175e-10,1.2235025231374442e-10,0.29764170995825484,0.0
NGC7591,SBbc;Sy;LIRG LINER,Courteau97/Mathewson92,63.33890498946935,7.15197873972802,1.973142673336677e-10,1.1258736075821344e-10,0.22577701401489128,0.0
NGC7591,SBbc;Sy;LIRG LINER,Courteau97/Mathewson92,63.33890498946935,8.070274552032581,1.599923235164725e-10,9.878195714887533e-11,0.25125858578736365,0.0
NGC7591,SBbc;Sy;LIRG LINER,Courteau97/Mathewson92,63.33890498946935,9.009973583496958,1.4807441852385316e-10,7.729027067043105e-11,0.29178387936998906,0.0
NGC7591,SBbc;Sy;LIRG LINER,Courteau97/Mathewson92,63.33890498946935,10.118883673914626,1.6408812007328288e-10,5.613489990360079e-11,0.3536184825588891,0.0
NGC7591,SBbc;Sy;LIRG LINER,Courteau97/Mathewson92,63.33890498946935,11.289825876905923,1.2761111509978488e-10,4.833402931203091e-11,0.32351866917774463,0.0
NGC7591,SBbc;Sy;LIRG LINER,Courteau97/Mathewson92,63.33890498946935,12.596849126932183,1.0892561115920639e-10,5.2215952560962256e-11,0.1426698400323049,0.0
NGC7591,SBbc;Sy;LIRG LINER,Courteau97/Mathewson92,63.33890498946935,13.172136638789908,1.0167504019393709e-10,4.6692056301867945e-11,0.19323153815665964,0.0
NGC7591,SBbc;Sy;LIRG LINER,Courteau97/Mathewson92,63.33890498946935,14.220764097156572,8.877267619473729e-11,4.401934048324309e-11,0.15961971165417818,0.0
NGC7591,SBbc;Sy;LIRG LINER,Courteau97/Mathewson92,63.33890498946935,15.075590058904806,9.170054214683993e-11,2.91814622546428e-11,0.29920389528395114,0.0
NGC7591,SBbc;Sy;LIRG LINER,Courteau97/Mathewson92,63.33890498946935,16.43180969384045,4.735616121302031e-11,2.5143919444403835e-11,0.30682719370576766,0.0
NGC7591,SBbc;Sy;LIRG LINER,Courteau97/Mathewson92,63.33890498946935,20.853900887208205,5.687271051172432e-11,2.1454234976646503e-11,0.15878506497558825,0.0
NGC7591,SBbc;Sy;LIRG LINER,Courteau97/Mathewson92,63.33890498946935,21.406662286379174,4.987482030421622e-11,1.8482528436404393e-11,0.21277990124690313,0.0
NGC7593,Sb,Mathewson92,56.0943548296143,0.13487983710275617,2.8456291475785256e-11,1.6870150652098567e-11,0.289762002245301,0.0
NGC7593,Sb,Mathewson92,56.0943548296143,0.4620451167187841,1.041169488662828e-10,5.406774923684509e-11,0.5268568433240536,0.0
NGC7593,Sb,Mathewson92,56.0943548296143,0.7892103963348122,1.4412746315091751e-10,7.605925767363503e-11,0.4848681884895773,0.0
NGC7593,Sb,Mathewson92,56.0943548296143,1.1551127917969604,1.8535788896550725e-10,8.418948356921874e-11,0.4788085356678748,0.0
NGC7593,Sb,Mathewson92,56.0943548296143,1.5210151872591084,2.274466821433336e-10,9.124737285921268e-11,0.4593648240744208,0.0
NGC7593,Sb,Mathewson92,56.0943548296143,1.7133006297723803,1.4861240679936286e-10,9.452333675794403e-11,0.4211703738254185,0.0
NGC7593,Sb,Mathewson92,56.0943548296143,2.0792030252345284,1.6605673576429535e-10,1.013881920439783e-10,0.40126906753119806,0.0
NGC7593,Sb,Mathewson92,56.0943548296143,2.445105420696677,1.6990292600416827e-10,1.0444461175568279e-10,0.36337588489912964,0.0
NGC7593,Sb,Mathewson92,56.0943548296143,2.6373908632099488,1.785398203093044e-10,1.0638196747863452e-10,0.3512568671678105,0.0
NGC7593,Sb,Mathewson92,56.0943548296143,3.0032932586720973,1.534079191512456e-10,1.0344028710744519e-10,0.28547359052765736,0.0
NGC7593,Sb,Mathewson92,56.0943548296143,3.3691956541342454,1.658530323665356e-10,1.0521062784599372e-10,0.23485679917747768,0.0
NGC7593,Sb,Mathewson92,56.0943548296143,3.561481096647517,1.4763215296387173e-10,9.861909345240663e-11,0.2614634006937599,0.0
NGC7593,Sb,Mathewson92,56.0943548296143,3.927383492109665,1.3882221466074326e-10,9.113724291229291e-11,0.23429420312143467,0.0
NGC7593,Sb,Mathewson92,56.0943548296143,4.293285887571813,1.0963913537607336e-10,8.360248764262972e-11,0.21331658448828206,0.0
NGC7593,Sb,Mathewson92,56.0943548296143,4.485571330085086,1.1606129157128581e-10,8.219650259329946e-11,0.15365030966545223,0.0
NGC7593,Sb,Mathewson92,56.0943548296143,4.851473725547233,9.079151740835258e-11,6.907853116056282e-11,0.16580741100169089,0.0
NGC7593,Sb,Mathewson92,56.0943548296143,5.409661563522653,7.531477267649376e-11,5.995386600994808e-11,0.13683165342584871,0.0
NGC7593,Sb,Mathewson92,56.0943548296143,6.333751796960222,9.487440431689212e-11,4.1099306485353594e-11,0.21078600178390783,0.0
NGC7594,Sb,Courteau97,58.35429720691262,2.126598938259036,6.959321870577129e-10,1.2150505608197465e-10,0.5908184331831576,0.0
NGC7594,Sb,Courteau97,58.35429720691262,3.057018194943398,4.0646999378662615e-10,1.4555370285687563e-10,0.5247979034838121,0.0
NGC7594,Sb,Courteau97,58.35429720691262,3.8278780888662647,3.2504012496966686e-10,1.2888372081389082e-10,0.5218896903453938,0.0
NGC7594,Sb,Courteau97,58.35429720691262,5.103837451821686,3.4762017204061204e-10,9.704863381880411e-11,0.5641551530404308,0.0
NGC7594,Sb,Courteau97,58.35429720691262,6.379796814777108,2.79344785244296e-10,1.3206642626763776e-10,0.3846581289049753,0.0
NGC7594,Sb,Courteau97,58.35429720691262,7.443096283906625,2.495100230154162e-10,6.459527421790085e-11,0.6318640723284746,0.0
NGC7594,Sb,Courteau97,58.35429720691262,8.506395753036143,2.355859165064745e-10,1.3785897462980706e-10,0.2889753469896694,0.0
NGC7594,Sb,Courteau97,58.35429720691262,9.808776496739632,2.1405033196301658e-10,7.574741443322612e-11,0.4843114457423962,0.0
NGC7594,Sb,Courteau97,58.35429720691262,10.659416072043246,1.5021888506218593e-10,8.944346365956985e-11,0.3681660919974247,0.0
NGC7594,Sb,Courteau97,58.35429720691262,12.148035328824573,1.750795197040917e-10,4.1270859623274654e-11,0.593120997679374,0.0
NGC7594,Sb,Courteau97,58.35429720691262,13.21133479795409,1.4154044678757561e-10,4.096344522835466e-11,0.557660906759298,0.0
NGC7594,Sb,Courteau97,58.35429720691262,14.460872780161445,1.0470639934550687e-10,3.864688110000935e-11,0.5360949424648193,0.0
NGC7594,Sb,Courteau97,58.35429720691262,15.524172249290963,1.3367443064430995e-10,5.842646011680439e-11,0.32494622840419823,0.0
NGC7594,Sb,Courteau97,58.35429720691262,16.401233205342642,1.281413658659e-10,5.812603967843243e-11,0.22382860918780076,0.0
NGC7594,Sb,Courteau97,58.35429720691262,22.78103002011975,9.463420746944814e-11,3.7358133992211335e-11,0.21975975844516718,0.0
NGC7631,SA(r)b:,Courteau97/Mathewson92,68.48816951608103,0.19942779849777162,4.768064846630973e-10,3.253079674970932e-11,0.4177647890426562,0.0
NGC7631,SA(r)b:,Courteau97/Mathewson92,68.48816951608103,0.7735926696240273,2.630351730421902e-10,9.53337262628572e-11,0.47740442215769346,0.0
NGC7631,SA(r)b:,Courteau97/Mathewson92,68.48816951608103,1.4552109664751653,1.1736683847243128e-10,1.1470737202893416e-10,0.45331003767757094,0.0
NGC7631,SA(r)b:,Courteau97/Mathewson92,68.48816951608103,1.8551104996000292,3.6796552399720423e-10,1.1590506130868911e-10,0.40594611575307693,0.0
NGC7631,SA(r)b:,Courteau97/Mathewson92,68.48816951608103,2.4245116621821445,3.731094036308842e-10,1.1315957615621776e-10,0.39556133681249067,0.0
NGC7631,SA(r)b:,Courteau97/Mathewson92,68.48816951608103,2.8946495646107895,2.7435192876527593e-10,1.0973027282814744e-10,0.3812651159121285,0.0
NGC7631,SA(r)b:,Courteau97/Mathewson92,68.48816951608103,3.423210559232056,2.7720624953761127e-10,1.0744792908609034e-10,0.3417770604412136,0.0
NGC7631,SA(r)b:,Courteau97/Mathewson92,68.48816951608103,3.9498583375754492,2.306041739338288e-10,8.81779821266218e-11,0.3398285481404997,0.0
NGC7631,SA(r)b:,Courteau97/Mathewson92,68.48816951608103,4.492885113809905,2.2325536381171004e-10,9.130953952047553e-11,0.2907047365258178,0.0
NGC7631,SA(r)b:,Courteau97/Mathewson92,68.48816951608103,5.022262725135142,2.033934881700481e-10,8.348147684307922e-11,0.29539532947656155,0.0
NGC7631,SA(r)b:,Courteau97/Mathewson92,68.48816951608103,5.612956584975638,1.8979416503032697e-10,7.159312902934203e-11,0.30366163287398573,0.0
NGC7631,SA(r)b:,Courteau97/Mathewson92,68.48816951608103,6.072324479674206,1.60839907539937e-10,7.460324190886979e-11,0.23247932987332148,0.0
NGC7631,SA(r)b:,Courteau97/Mathewson92,68.48816951608103,6.567978154316049,1.5812655605698641e-10,7.038530152458667e-11,0.18678763189552267,0.0
NGC7631,SA(r)b:,Courteau97/Mathewson92,68.48816951608103,7.229175200591472,1.6478103469963336e-10,6.317480899452685e-11,0.16567731001048805,0.0
NGC7631,SA(r)b:,Courteau97/Mathewson92,68.48816951608103,7.6965751038712344,1.5811670660741898e-10,4.285258565673729e-11,0.2832042506716707,0.0
NGC7631,SA(r)b:,Courteau97/Mathewson92,68.48816951608103,8.107603956075922,1.3782756194274724e-10,4.990659925409409e-11,0.18749802871458854,0.0
NGC7631,SA(r)b:,Courteau97/Mathewson92,68.48816951608103,8.731265798850993,1.2853207259994379e-10,4.853707159419191e-11,0.13215452638389324,0.0
NGC7631,SA(r)b:,Courteau97/Mathewson92,68.48816951608103,9.354927641626062,9.971752310411789e-11,3.184042537579131e-11,0.25014048418679957,0.0
NGC7631,SA(r)b:,Courteau97/Mathewson92,68.48816951608103,9.77070220347611,1.1544234226414893e-10,3.9086770116701e-11,0.134933002428575,0.0
NGC7631,SA(r)b:,Courteau97/Mathewson92,68.48816951608103,10.17618739485613,1.0226207406768098e-10,2.8160830736350527e-11,0.2490691514910409,0.0
NGC7631,SA(r)b:,Courteau97/Mathewson92,68.48816951608103,10.591961956706179,8.011610881932638e-11,3.737811436301473e-11,0.07838318247129551,0.0
NGC7664,Sc: Sbrst,Courteau97/Mathewson96,60.854970109500634,0.1311866584248418,5.649770554116865e-10,4.346288755984513e-11,0.12661383946651594,0.0
NGC7664,Sc: Sbrst,Courteau97/Mathewson96,60.854970109500634,0.6234757363100865,6.026502520464354e-10,1.752553200484938e-10,0.4728210527347971,0.0
NGC7664,Sc: Sbrst,Courteau97/Mathewson96,60.854970109500634,1.0071531125009088,6.26142902849111e-10,2.2007429638370424e-10,0.4402975761725923,0.0
NGC7664,Sc: Sbrst,Courteau97/Mathewson96,60.854970109500634,1.3908304886917313,4.55073626701663e-10,2.3400080587689664e-10,0.4015329725601466,0.0
NGC7664,Sc: Sbrst,Courteau97/Mathewson96,60.854970109500634,1.7745078648825539,3.495504385486107e-10,2.299573283301439e-10,0.4030046704811109,0.0
NGC7664,Sc: Sbrst,Courteau97/Mathewson96,60.854970109500634,2.1581852410733764,4.1056428856290253e-10,2.2659062869218822e-10,0.38232671908229987,0.0
NGC7664,Sc: Sbrst,Courteau97/Mathewson96,60.854970109500634,2.5418626172641985,3.263588891065979e-10,2.279783179308706e-10,0.3271115347941285,0.0
NGC7664,Sc: Sbrst,Courteau97/Mathewson96,60.854970109500634,2.925539993455021,3.197183329652218e-10,2.1981750861422036e-10,0.31861999527714496,0.0
NGC7664,Sc: Sbrst,Courteau97/Mathewson96,60.854970109500634,3.3092173696458436,2.914953092434377e-10,2.0151839297623098e-10,0.27573683600261845,0.0
NGC7664,Sc: Sbrst,Courteau97/Mathewson96,60.854970109500634,3.7219935098053463,2.9886791576061e-10,1.9714875168756819e-10,0.2221332319634662,0.0
NGC7664,Sc: Sbrst,Courteau97/Mathewson96,60.854970109500634,4.124531794051341,2.7616290296255047e-10,1.9001237477923377e-10,0.18966900395553585,0.0
NGC7664,Sc: Sbrst,Courteau97/Mathewson96,60.854970109500634,4.510679820013089,2.4699563688197896e-10,1.7208434719180188e-10,0.15863019888317578,0.0
NGC7664,Sc: Sbrst,Courteau97/Mathewson96,60.854970109500634,4.954185675950839,2.19350744909464e-10,1.486218677363005e-10,0.14548505212164572,0.0
NGC7664,Sc: Sbrst,Courteau97/Mathewson96,60.854970109500634,5.396092876154461,2.082591838487672e-10,1.2248645675450512e-10,0.14824319866008523,0.0
NGC7664,Sc: Sbrst,Courteau97/Mathewson96,60.854970109500634,5.724698984510217,1.5773189322126795e-10,1.0908973370375208e-10,0.20016451826248144,0.0
NGC7664,Sc: Sbrst,Courteau97/Mathewson96,60.854970109500634,6.144767578503381,1.5442567256406114e-10,1.0381178466890098e-10,0.16555879112672,0.0
NGC7664,Sc: Sbrst,Courteau97/Mathewson96,60.854970109500634,6.5421975463602635,1.72397868194174e-10,8.701557151524566e-11,0.13827488485175618,0.0
NGC7664,Sc: Sbrst,Courteau97/Mathewson96,60.854970109500634,6.884434444040432,1.8891953215199084e-10,8.14584187126309e-11,0.18147494673442804,0.0
NGC7664,Sc: Sbrst,Courteau97/Mathewson96,60.854970109500634,7.275143137226382,9.717347493256386e-11,7.93522838526876e-11,0.12403639770483238,0.0
NGC7664,Sc: Sbrst,Courteau97/Mathewson96,60.854970109500634,7.663664924732746,1.1436017921581862e-10,6.637572990628882e-11,0.18310077609788428,0.0
NGC7664,Sc: Sbrst,Courteau97/Mathewson96,60.854970109500634,7.919449842193294,1.4667518822035473e-10,6.364072286343104e-11,0.12589139460936702,0.0
NGC7677,SAB(r)bc: Sbrst,Mathewson92,53.11210954523824,0.19472471820231255,1.2831914286957446e-10,2.1779834872709725e-10,0.0292549989149294,0.0
NGC7677,SAB(r)bc: Sbrst,Mathewson92,53.11210954523824,0.6780616281644164,1.8670572367303342e-10,5.558615912950135e-10,0.20605995687816975,0.0
NGC7677,SAB(r)bc: Sbrst,Mathewson92,53.11210954523824,1.1683483092138753,3.84750552056809e-10,5.063587276112539e-10,0.15043723170112916,0.0
NGC7677,SAB(r)bc: Sbrst,Mathewson92,53.11210954523824,1.5577977456185004,4.3416866744634893e-10,3.838964923482404e-10,0.1543934067618268,0.0
NGC7677,SAB(r)bc: Sbrst,Mathewson92,53.11210954523824,2.0480844266679594,3.8658611891763214e-10,2.826955370187839e-10,0.15990519431852998,0.0
NGC7677,SAB(r)bc: Sbrst,Mathewson92,53.11210954523824,2.6392083523622523,4.328864203246563e-10,2.0654396291458718e-10,0.15518638388975015,0.0
NGC7677,SAB(r)bc: Sbrst,Mathewson92,53.11210954523824,3.0286577887668775,3.119973941812981e-10,1.6676967605795416e-10,0.15267729241911182,0.0
NGC7677,SAB(r)bc: Sbrst,Mathewson92,53.11210954523824,3.418107225171503,3.153369916438762e-10,1.3987390228589815e-10,0.1350832263548531,0.0
NGC7677,SAB(r)bc: Sbrst,Mathewson92,53.11210954523824,6.144253280003878,1.8839786237740352e-10,5.474102024479702e-11,0.1752414053846106,0.0
NGC7677,SAB(r)bc: Sbrst,Mathewson92,53.11210954523824,7.312601589217753,1.6653631099949154e-10,4.038217640926765e-11,0.14772351352761,0.0
NGC7677,SAB(r)bc: Sbrst,Mathewson92,53.11210954523824,8.077600919852292,1.1331358604426505e-10,3.714551147793205e-11,0.13769603618032722,0.0
NGC7677,SAB(r)bc: Sbrst,Mathewson92,53.11210954523824,8.654825303371876,9.99111539043798e-11,3.006587906547688e-11,0.2117136144885779,0.0
NGC7677,SAB(r)bc: Sbrst,Mathewson92,53.11210954523824,8.957337037306377,8.310376111409829e-11,3.292885032608556e-11,0.13086177208980745,0.0
NGC7677,SAB(r)bc: Sbrst,Mathewson92,53.11210954523824,9.259848771240879,6.561552570639736e-11,2.93728135573064e-11,0.1593862881897672,0.0
NGC7750,(R')SB(rs)c pec:,Courteau97,58.50163443961307,0.19074968054271377,1.7883847523434133e-10,2.6114407043516652e-11,0.3561596268755156,0.0
NGC7750,(R')SB(rs)c pec:,Courteau97,58.50163443961307,0.528810995563959,1.606226109301133e-10,5.889358148730556e-11,0.49389229648998656,0.0
NGC7750,(R')SB(rs)c pec:,Courteau97,58.50163443961307,0.8999229978079517,1.811615813337274e-10,6.91921834740778e-11,0.4902197722800117,0.0
NGC7750,(R')SB(rs)c pec:,Courteau97,58.50163443961307,1.2814223588933793,1.0496937547808448e-10,7.19700942775686e-11,0.5068957519535847,0.0
NGC7750,(R')SB(rs)c pec:,Courteau97,58.50163443961307,1.636009017525998,1.689169750301311e-10,7.051006091942372e-11,0.5205094577837105,0.0
NGC7750,(R')SB(rs)c pec:,Courteau97,58.50163443961307,1.9905956761586172,1.7557329986635828e-10,6.736818258002467e-11,0.5308744067119946,0.0
NGC7750,(R')SB(rs)c pec:,Courteau97,58.50163443961307,2.3720950372440446,1.2741653269719228e-10,7.131061643318365e-11,0.49122582192283953,0.0
NGC7750,(R')SB(rs)c pec:,Courteau97,58.50163443961307,2.7266816958766635,1.558738556600138e-10,7.649552568098479e-11,0.47345757452661463,0.0
NGC7750,(R')SB(rs)c pec:,Courteau97,58.50163443961307,3.081268354509283,1.5884579009791224e-10,8.002026644574782e-11,0.41953694148491094,0.0
NGC7750,(R')SB(rs)c pec:,Courteau97,58.50163443961307,3.4627677155947105,1.870009020593127e-10,8.57153324544489e-11,0.3158160249475635,0.0
NGC7750,(R')SB(rs)c pec:,Courteau97,58.50163443961307,3.8173543742273295,1.8038989588685751e-10,8.308384807270284e-11,0.28531995793298764,0.0
NGC7750,(R')SB(rs)c pec:,Courteau97,58.50163443961307,4.128030834121154,1.696181256012395e-10,7.359514731930823e-11,0.35270036343118644,0.0
NGC7750,(R')SB(rs)c pec:,Courteau97,58.50163443961307,4.471757981237728,7.780018974629813e-11,6.989229563493927e-11,0.36398564545403744,0.0
NGC7750,(R')SB(rs)c pec:,Courteau97,58.50163443961307,5.043534870191259,9.034711623381121e-11,6.591824908291261e-11,0.2742143851878977,0.0
NGC7750,(R')SB(rs)c pec:,Courteau97,58.50163443961307,5.289762490000727,9.84805802280299e-11,7.015441740758883e-11,0.2805911209392107,0.0
NGC7750,(R')SB(rs)c pec:,Courteau97,58.50163443961307,5.6169642935059265,1.0150404016265459e-10,6.53629928143247e-11,0.22297574710126356,0.0
NGC7750,(R')SB(rs)c pec:,Courteau97,58.50163443961307,5.972259181150462,9.739990623648585e-11,5.2742786230602454e-11,0.3246620444020763,0.0
NGC7750,(R')SB(rs)c pec:,Courteau97,58.50163443961307,6.190393716820595,4.233161193695067e-11,6.109353111346865e-11,0.1950670282243378,0.0
NGC7750,(R')SB(rs)c pec:,Courteau97,58.50163443961307,6.790263689913461,1.1694108845494308e-10,5.41433002258244e-11,0.17145911529188912,0.0
NGC7750,(R')SB(rs)c pec:,Courteau97,58.50163443961307,7.117465493418661,9.476835149236492e-11,4.875568465286116e-11,0.2295278109395745,0.0
NGC7753,SAB(rs)bc,ShellFlow,58.16252989682871,0.44746969882709825,4.865661059169433e-10,1.4942068445039203e-10,0.5116204005988084,0.0
NGC7753,SAB(rs)bc,ShellFlow,58.16252989682871,1.9653571085739217,4.363312876818642e-10,2.6738800755883845e-10,0.37608148284040227,0.0
NGC7753,SAB(rs)bc,ShellFlow,58.16252989682871,2.671657319467675,4.0414026571750975e-10,2.4190739063213815e-10,0.398631747586392,0.0
NGC7753,SAB(rs)bc,ShellFlow,58.16252989682871,3.5929184641117007,3.1289177261745947e-10,2.1688719488921878e-10,0.3710011115086056,0.0
NGC7753,SAB(rs)bc,ShellFlow,58.16252989682871,4.65236878045233,2.4929908678650004e-10,1.6936721923407085e-10,0.3408298246730145,0.0
NGC7753,SAB(rs)bc,ShellFlow,58.16252989682871,5.486621928102199,2.0994351071873302e-10,1.160377918364256e-10,0.46935533340197316,0.0
NGC7753,SAB(rs)bc,ShellFlow,58.16252989682871,6.56607943091742,1.8124769112329723e-10,1.0392499917752074e-10,0.4593799185132072,0.0
NGC7753,SAB(rs)bc,ShellFlow,58.16252989682871,7.5952863258429675,1.7222753520653908e-10,1.3181282346089965e-10,0.29209405694953094,0.0
NGC7753,SAB(rs)bc,ShellFlow,58.16252989682871,8.751980874118246,1.2509326888870778e-10,6.737555007098418e-11,0.5133363409683491,0.0
NGC7753,SAB(rs)bc,ShellFlow,58.16252989682871,9.673242018762272,1.1158537428707921e-10,5.376240367645714e-11,0.5604610872403466,0.0
NGC7753,SAB(rs)bc,ShellFlow,58.16252989682871,10.7326923351029,1.0091515836353428e-10,4.037879681612174e-11,0.6185326453978024,0.0
NGC7753,SAB(rs)bc,ShellFlow,58.16252989682871,11.528925181545237,9.687663911979306e-11,6.34618332089985e-11,0.41780139450702314,0.0
NGC7753,SAB(rs)bc,ShellFlow,58.16252989682871,12.621277681623154,6.707617599181366e-11,6.347295175910103e-11,0.3669434053924028,0.0
NGC7753,SAB(rs)bc,ShellFlow,58.16252989682871,13.665373645553048,6.66342812864377e-11,7.624207462769751e-11,0.24748154810611248,0.0
NGC7753,SAB(rs)bc,ShellFlow,58.16252989682871,14.629626976947131,5.2876071723486236e-11,7.733924102218702e-11,0.17986319102162332,0.0
NGC7753,SAB(rs)bc,ShellFlow,58.16252989682871,15.569313344484037,5.1937227864450695e-11,3.5931023000995475e-11,0.48173521465994984,0.0
NGC7753,SAB(rs)bc,ShellFlow,58.16252989682871,16.619551049378224,3.605835508361477e-11,5.891701946583623e-11,0.21004573745890104,0.0
NGC7753,SAB(rs)bc,ShellFlow,58.16252989682871,17.872466206094103,2.9021291076259854e-11,6.655649679179244e-11,0.11580500032164762,0.0
NGC7753,SAB(rs)bc,ShellFlow,58.16252989682871,18.793727350738127,1.935184481984301e-11,3.7975106967113044e-11,0.28024818162764437,0.0
NGC7753,SAB(rs)bc,ShellFlow,58.16252989682871,19.751838941167914,2.3966524824260325e-11,4.910563585914472e-11,0.12132143028493854,0.0
NGC7782,SA(s)b,Courteau97,53.33579786182446,0.3686943831617441,1.777315991688811e-09,1.438296617713572e-10,0.545468972279167,0.0
NGC7782,SA(s)b,Courteau97,53.33579786182446,1.2230127147116572,2.0254139069852685e-09,3.5680364946458824e-10,0.44507860470741745,0.0
NGC7782,SA(s)b,Courteau97,53.33579786182446,1.745261932950331,1.5159004337124205e-09,3.742065059942466e-10,0.37199609344513906,0.0
NGC7782,SA(s)b,Courteau97,53.33579786182446,3.2683305621409353,7.802527850815517e-10,2.6613935414665473e-10,0.42078147113935893,0.0
NGC7782,SA(s)b,Courteau97,53.33579786182446,3.864644214966184,8.122765697814902e-10,2.4648159450472957e-10,0.40603176229814475,0.0
NGC7782,SA(s)b,Courteau97,53.33579786182446,4.252058180495964,7.490014127377548e-10,2.2867246391343557e-10,0.412167104319597,0.0
NGC7782,SA(s)b,Courteau97,53.33579786182446,5.670676966038833,5.243934351485264e-10,1.9533586627025593e-10,0.40447017235934196,0.0
NGC7782,SA(s)b,Courteau97,53.33579786182446,6.192926184277506,4.5999277638763956e-10,1.925106084462813e-10,0.3808592629175155,0.0
NGC7782,SA(s)b,Courteau97,53.33579786182446,7.356434139577726,4.0346361390031874e-10,1.5822797891216638e-10,0.36567410662118804,0.0
NGC7782,SA(s)b,Courteau97,53.33579786182446,7.9381881172278375,4.3573740395298793e-10,7.445837179973403e-11,0.6436997860421332,0.0
NGC7782,SA(s)b,Courteau97,53.33579786182446,8.72468187498052,4.3798558976541665e-10,6.573615305288187e-11,0.6668245451991639,0.0
NGC7782,SA(s)b,Courteau97,53.33579786182446,9.504935771943858,3.874390096453061e-10,7.40968325410322e-11,0.6221682082487817,0.0
NGC7782,SA(s)b,Courteau97,53.33579786182446,10.285189668907195,3.584702127542136e-10,1.1255265517149475e-10,0.4322337426068205,0.0
NGC7782,SA(s)b,Courteau97,53.33579786182446,11.102068835721038,4.1643119765531385e-10,1.4639834009928854e-10,0.27356918311736694,0.0
NGC7782,SA(s)b,Courteau97,53.33579786182446,13.02584504690568,2.0679679174408765e-10,1.371159742783082e-10,0.15115139517632248,0.0
NGC7782,SA(s)b,Courteau97,53.33579786182446,13.75699395243982,2.613667277702586e-10,8.551892485083284e-11,0.33745292214484174,0.0
NGC7782,SA(s)b,Courteau97,53.33579786182446,14.5925927016217,2.494230048365039e-10,1.1995580624266896e-10,0.14723905256560735,0.0
NGC7782,SA(s)b,Courteau97,53.33579786182446,15.428191450803578,2.242925053923022e-10,5.512428655075418e-11,0.4400255322732986,0.0
NGC7782,SA(s)b,Courteau97,53.33579786182446,16.15934035633772,2.3332212814299033e-10,9.1578764918299e-11,0.15435212091129888,0.0
NGC7782,SA(s)b,Courteau97,53.33579786182446,16.57713973092866,2.877145672829067e-10,6.905193468816178e-11,0.24528936611277052,0.0
NGC7819,SB(s)b HII,ShellFlow,54.67482120862015,0.29057337585837917,3.5516049799257503e-10,6.331790703977589e-11,0.3675270258530183,0.0
NGC7819,SB(s)b HII,ShellFlow,54.67482120862015,0.8453616464257147,4.438594642671387e-10,1.4357540948750943e-10,0.3575534394139654,0.0
NGC7819,SB(s)b HII,ShellFlow,54.67482120862015,1.3525786342811434,3.3761158300240893e-10,1.6271319208218702e-10,0.2417805081789833,0.0
NGC7819,SB(s)b HII,ShellFlow,54.67482120862015,1.9073669048484787,2.5361665833881253e-10,1.323021658123514e-10,0.2625462989245496,0.0
NGC7819,SB(s)b HII,ShellFlow,54.67482120862015,2.4885136565652375,2.2391552949649026e-10,9.955592059794047e-11,0.29283924491577445,0.0
NGC7819,SB(s)b HII,ShellFlow,54.67482120862015,3.0084583253581565,1.5226907186418257e-10,8.046099536529756e-11,0.31119911790382215,0.0
NGC7819,SB(s)b HII,ShellFlow,54.67482120862015,3.510823672460185,1.2494241519270534e-10,6.508916470279929e-11,0.29257012818479444,0.0
NGC7819,SB(s)b HII,ShellFlow,54.67482120862015,4.100003985164715,1.1574266879948738e-10,5.189302783435728e-11,0.38433778389972806,0.0
NGC7819,SB(s)b HII,ShellFlow,54.67482120862015,4.705846498436478,1.0429287101506086e-10,4.8215695758856423e-11,0.3345194288288992,0.0
NGC7819,SB(s)b HII,ShellFlow,54.67482120862015,5.241242207839431,8.238897809954386e-11,4.581162542644821e-11,0.3446652150352265,0.0
NGC7819,SB(s)b HII,ShellFlow,54.67482120862015,5.74588635590139,7.711307869137135e-11,4.2535012514945495e-11,0.3407818694897067,0.0
NGC7819,SB(s)b HII,ShellFlow,54.67482120862015,6.25053050396335,8.908741622813559e-11,3.6780339448366527e-11,0.3385476799169705,0.0
NGC7819,SB(s)b HII,ShellFlow,54.67482120862015,6.931965500690859,1.0161861053532081e-10,3.939462029495701e-11,0.30491382619378354,0.0
NGC7819,SB(s)b HII,ShellFlow,54.67482120862015,7.406397158606649,6.660014263052161e-11,2.3738639706554098e-11,0.4951030230043499,0.0
NGC7819,SB(s)b HII,ShellFlow,54.67482120862015,7.946399476401717,6.062427766538162e-11,2.937386673456861e-11,0.3990314590602541,0.0
NGC7819,SB(s)b HII,ShellFlow,54.67482120862015,8.501187746969054,5.4351402909962477e-11,3.8150851881003057e-11,0.25173280905037176,0.0
NGC7819,SB(s)b HII,ShellFlow,54.67482120862015,9.082334498685812,6.032063967075163e-11,2.6296512295233997e-11,0.300964736982972,0.0
NGC7819,SB(s)b HII,ShellFlow,54.67482120862015,9.637122769253146,6.483473031164566e-11,2.6480721959497255e-11,0.3192621870982185,0.0
NGC7819,SB(s)b HII,ShellFlow,54.67482120862015,10.144339757108575,5.6986187085242414e-11,3.267372224107786e-11,0.1743734729999158,0.0
NGC7819,SB(s)b HII,ShellFlow,54.67482120862015,10.567020580321433,6.569248547294467e-11,2.5102673183968213e-11,0.26145001414054797,0.0
NGC7819,SB(s)b HII,ShellFlow,54.67482120862015,10.994847083121229,4.667219410576684e-11,2.1937052148223614e-11,0.24356721624810165,0.0
NGC7831,Sb: sp,ShellFlow,83.9099523395877,0.37398592102392547,2.1250848044863193e-10,1.9269584273980094e-11,0.6216489556289979,0.0
NGC7831,Sb: sp,ShellFlow,83.9099523395877,1.1219577630717765,4.182113259425263e-10,4.222640537091221e-11,0.5439277084712646,0.0
NGC7831,Sb: sp,ShellFlow,83.9099523395877,1.8699296051196272,4.809311837132e-10,4.740864349154394e-11,0.5474351587614704,0.0
NGC7831,Sb: sp,ShellFlow,83.9099523395877,2.6676156786981142,4.5298139402044593e-10,4.9204102963864905e-11,0.5054611595117064,0.0
NGC7831,Sb: sp,ShellFlow,83.9099523395877,3.503152018196656,3.597253261137017e-10,4.83667629756272e-11,0.45738514897687227,0.0
NGC7831,Sb: sp,ShellFlow,83.9099523395877,4.300838091775143,3.1180333484823704e-10,5.1150429810013294e-11,0.4018312381677759,0.0
NGC7831,Sb: sp,ShellFlow,83.9099523395877,5.048809933822994,3.0158770547040707e-10,3.954172388416201e-11,0.4862742340165979,0.0
NGC7831,Sb: sp,ShellFlow,83.9099523395877,5.796781775870845,2.713443084613995e-10,5.30006518578868e-11,0.31475438825666757,0.0
NGC7831,Sb: sp,ShellFlow,83.9099523395877,6.544753617918696,2.3300351934811187e-10,4.27508748389468e-11,0.36833953988717244,0.0
NGC7831,Sb: sp,ShellFlow,83.9099523395877,7.2927254599665465,2.0966401623251465e-10,3.424605408381978e-11,0.40506221422037925,0.0
NGC7831,Sb: sp,ShellFlow,83.9099523395877,8.090411533545034,2.0027586553326917e-10,2.7681961500747102e-11,0.4382505465791032,0.0
NGC7831,Sb: sp,ShellFlow,83.9099523395877,8.88216562431823,1.7595056220849578e-10,2.6912763820886462e-11,0.3959412479437524,0.0
NGC7831,Sb: sp,ShellFlow,83.9099523395877,9.681899285870117,1.6208944313451446e-10,2.8571524838828035e-11,0.30686417449606607,0.0
NGC7831,Sb: sp,ShellFlow,83.9099523395877,10.471605788669914,1.6682313070025413e-10,3.0840446150071804e-11,0.20691325297218277,0.0
NGC7831,Sb: sp,ShellFlow,83.9099523395877,11.23579917325493,1.468788564208394e-10,3.042758103115084e-11,0.14862868785628694,0.0
NGC7831,Sb: sp,ShellFlow,83.9099523395877,11.967549472765615,1.447903037535337e-10,1.9152648444745486e-11,0.29541697578686854,0.0
NGC7831,Sb: sp,ShellFlow,83.9099523395877,12.67767104889341,1.4125580989370691e-10,2.1839840606175583e-11,0.17145090649763625,0.0
NGC7831,Sb: sp,ShellFlow,83.9099523395877,13.478181589411676,1.106750729491955e-10,1.9768567642909306e-11,0.13879705409560086,0.0
NGC7831,Sb: sp,ShellFlow,83.9099523395877,14.200353822994687,9.65707405931468e-11,1.628936894863084e-11,0.18175247510666945,0.0
NGC7831,Sb: sp,ShellFlow,83.9099523395877,15.072987638717182,1.1189786067327087e-10,1.5937647040323834e-11,0.14589736843740123,0.0
NGC7831,Sb: sp,ShellFlow,83.9099523395877,15.446973559741108,1.1905145264408476e-10,1.403646021713726e-11,0.16944915707762576,0.0
SDSSJ103804.65+014427.5,Extended Src [SDSS],Mathewson96,74.08036104990113,0.6809365573412841,3.356680382237995e-10,8.657519438858495e-13,0.905142970900001,0.0
SDSSJ103804.65+014427.5,Extended Src [SDSS],Mathewson96,74.08036104990113,2.042809672023852,1.935529145069472e-10,1.9363990283027686e-12,0.8766564574599687,0.0
SDSSJ103804.65+014427.5,Extended Src [SDSS],Mathewson96,74.08036104990113,2.8619969849465483,1.3352039677972822e-10,2.1649765984883997e-12,0.862418360389662,0.0
SDSSJ103804.65+014427.5,Extended Src [SDSS],Mathewson96,74.08036104990113,4.085619344047705,1.4423144418319552e-10,1.745609224869504e-12,0.9045026724955361,0.0
SDSSJ103804.65+014427.5,Extended Src [SDSS],Mathewson96,74.08036104990113,5.447492458730274,1.8205315885601722e-10,1.7872719863914078e-12,0.9071229242351919,0.0
SDSSJ103804.65+014427.5,Extended Src [SDSS],Mathewson96,74.08036104990113,6.809365573412841,1.6412737003268415e-10,6.5624077162744215e-12,0.6951495429399183,0.0
SDSSJ103804.65+014427.5,Extended Src [SDSS],Mathewson96,74.08036104990113,8.171238688095409,1.4872689489260798e-10,5.482549211204429e-12,0.7180815155004053,0.0
SDSSJ103804.65+014427.5,Extended Src [SDSS],Mathewson96,74.08036104990113,9.533111802777977,1.3361311025103364e-10,2.193981423014898e-12,0.8905646337909969,0.0
SDSSJ103804.65+014427.5,Extended Src [SDSS],Mathewson96,74.08036104990113,10.894984917460546,9.127779539670117e-11,8.070950260876055e-12,0.6117007357304155,0.0
SDSSJ103804.65+014427.5,Extended Src [SDSS],Mathewson96,74.08036104990113,12.256858032143114,1.280859521575907e-10,1.136227396574931e-11,0.5339497340272853,0.0
SDSSJ103804.65+014427.5,Extended Src [SDSS],Mathewson96,74.08036104990113,13.618731146825684,1.1445759076406392e-10,8.379152462137846e-12,0.60697143465112,0.0
SDSSJ103804.65+014427.5,Extended Src [SDSS],Mathewson96,74.08036104990113,14.84235350592684,9.594967613888322e-11,8.7772072525407e-12,0.5831230256247498,0.0
SDSSJ103804.65+014427.5,Extended Src [SDSS],Mathewson96,74.08036104990113,16.34247737619082,7.225574733608286e-11,4.024247904313905e-12,0.7840259163029377,0.0
SDSSJ103804.65+014427.5,Extended Src [SDSS],Mathewson96,74.08036104990113,20.42809672023852,7.925301095115416e-11,3.5028093717264754e-11,0.08213817715645186,0.0
SDSSJ103804.65+014427.5,Extended Src [SDSS],Mathewson96,74.08036104990113,21.78996983492109,7.374276673040702e-11,1.9823013243954943e-11,0.1287439316053917,0.0
SDSSJ103804.65+014427.5,Extended Src [SDSS],Mathewson96,74.08036104990113,23.15184294960366,6.33135971268723e-11,1.4438605478855677e-11,0.1595657455700016,0.0
SDSSJ103804.65+014427.5,Extended Src [SDSS],Mathewson96,74.08036104990113,24.651966819867642,6.087533205869583e-11,1.1490348680618147e-11,0.1729352206783951,0.0
SDSSJ103804.65+014427.5,Extended Src [SDSS],Mathewson96,74.08036104990113,26.01383993455021,4.0233493612974373e-11,9.663542562808192e-12,0.19070058732653158,0.0
SDSSJ103847.36+054135.9,Extended Src [SDSS],Mathewson96,57.681942278604076,1.111237262744528,8.905480153304983e-11,5.515872865045896e-11,0.6572814668451984,0.0
SDSSJ103847.36+054135.9,Extended Src [SDSS],Mathewson96,57.681942278604076,2.222474525489056,2.1612530630841843e-10,8.32936046808244e-11,0.5625240177768521,0.0
SDSSJ103847.36+054135.9,Extended Src [SDSS],Mathewson96,57.681942278604076,3.3337117882335834,2.2655487429057445e-10,8.289927446011318e-11,0.5247753437387188,0.0
SDSSJ103847.36+054135.9,Extended Src [SDSS],Mathewson96,57.681942278604076,4.444949050978112,2.1972969721356252e-10,7.415156852675001e-11,0.5188792142696508,0.0
SDSSJ103847.36+054135.9,Extended Src [SDSS],Mathewson96,57.681942278604076,5.556186313722639,1.7111731999124362e-10,8.79245855194821e-11,0.37839604701697066,0.0
SDSSJ103847.36+054135.9,Extended Src [SDSS],Mathewson96,57.681942278604076,6.667423576467167,1.6627966475704604e-10,7.128328655690862e-11,0.3700048483517881,0.0
SDSSJ103847.36+054135.9,Extended Src [SDSS],Mathewson96,57.681942278604076,7.719731590429788,1.7235917513847348e-10,5.8143099731416993e-11,0.47702853436401715,0.0
SDSSJ103847.36+054135.9,Extended Src [SDSS],Mathewson96,57.681942278604076,7.837590087993601,1.4643448345364372e-10,4.385208110407047e-11,0.5717586927711528,0.0
SDSSJ103847.36+054135.9,Extended Src [SDSS],Mathewson96,57.681942278604076,8.889898101956224,1.2167780472435197e-10,6.922693246475859e-11,0.2727667464480278,0.0
SDSSJ103847.36+054135.9,Extended Src [SDSS],Mathewson96,57.681942278604076,10.001135364700751,1.157144705232939e-10,7.283352268949854e-11,0.25311581989809756,0.0
SDSSJ103847.36+054135.9,Extended Src [SDSS],Mathewson96,57.681942278604076,11.05344337866337,1.1698039025712889e-10,6.350857588325037e-11,0.24357452225107634,0.0
SDSSJ103847.36+054135.9,Extended Src [SDSS],Mathewson96,57.681942278604076,12.223609890189806,7.586346848669957e-11,5.1669947154071504e-11,0.2545958354707228,0.0
SDSSJ103847.36+054135.9,Extended Src [SDSS],Mathewson96,57.681942278604076,13.334847152934334,6.687925736685655e-11,4.838398811597359e-11,0.22315988660115474,0.0
SDSSJ103847.36+054135.9,Extended Src [SDSS],Mathewson96,57.681942278604076,14.387155166896955,5.453526077505918e-11,4.757499711304719e-11,0.1798925099293277,0.0
SDSSJ103847.36+054135.9,Extended Src [SDSS],Mathewson96,57.681942278604076,15.49839242964148,5.11357672620488e-11,1.7147587308127405e-11,0.5672008442523304,0.0
SDSSJ110925.00+222900.8,Scd:,SCII,83.30759852864418,0.30680835721038474,8.10114713597234e-12,1.0965582351791195e-12,0.7076146662443034,0.0
SDSSJ110925.00+222900.8,Scd:,SCII,83.30759852864418,0.8181556192276926,1.3462912897119386e-11,2.4246469594459834e-12,0.766856530943897,0.0
SDSSJ110925.00+222900.8,Scd:,SCII,83.30759852864418,1.3295028812450005,1.5484477591092568e-11,3.4052297877875684e-12,0.7259265213383498,0.0
SDSSJ110925.00+222900.8,Scd:,SCII,83.30759852864418,1.900463618936805,1.7998079042133254e-11,4.363319879269499e-12,0.7016302930963622,0.0
SDSSJ110925.00+222900.8,Scd:,SCII,83.30759852864418,2.3948533820085816,1.83577608709765e-11,4.904520994192811e-12,0.660856859835026,0.0
SDSSJ110925.00+222900.8,Scd:,SCII,83.30759852864418,2.965814119700385,2.1083195784767394e-11,5.674911449405348e-12,0.6388985319313119,0.0
SDSSJ110925.00+222900.8,Scd:,SCII,83.30759852864418,3.4771613817176936,2.1006233820201034e-11,5.5793290984918685e-12,0.6249925229942908,0.0
SDSSJ110925.00+222900.8,Scd:,SCII,83.30759852864418,3.9885086437350012,2.1068531177404256e-11,6.733599685709267e-12,0.5828909542261824,0.0
SDSSJ110925.00+222900.8,Scd:,SCII,83.30759852864418,4.602125358155771,2.1534966309127608e-11,5.814929088544015e-12,0.6140306081456873,0.0
SDSSJ110925.00+222900.8,Scd:,SCII,83.30759852864418,5.113472620173079,2.0974412750451116e-11,6.012332045424969e-12,0.5819233705459252,0.0
SDSSJ110925.00+222900.8,Scd:,SCII,83.30759852864418,5.624819882190387,1.9793595140079668e-11,6.03012859891646e-12,0.5666443991887479,0.0
SDSSJ110925.00+222900.8,Scd:,SCII,83.30759852864418,6.195780619882191,1.929232191221591e-11,6.0812547033788095e-12,0.5438518493178606,0.0
SDSSJ110925.00+222900.8,Scd:,SCII,83.30759852864418,6.690170382953967,1.967184467675165e-11,6.258511411972182e-12,0.534813884513884,0.0
SDSSJ110925.00+222900.8,Scd:,SCII,83.30759852864418,7.261131120645772,2.188452440098031e-11,6.804040614507226e-12,0.47663737508787246,0.0
SDSSJ110925.00+222900.8,Scd:,SCII,83.30759852864418,7.772478382663079,2.4988448050360024e-11,7.508190695054537e-12,0.42015294985403795,0.0
SDSSJ110925.00+222900.8,Scd:,SCII,83.30759852864418,8.28382564468039,2.7287456495014934e-11,5.6024350251245315e-12,0.49262061057643286,0.0
SDSSJ110925.00+222900.8,Scd:,SCII,83.30759852864418,8.897442359101158,2.7379664889898222e-11,5.222122362748701e-12,0.515619708868536,0.0
SDSSJ110925.00+222900.8,Scd:,SCII,83.30759852864418,9.408789621118466,2.734169192009831e-11,6.734279753562568e-12,0.3918766440253357,0.0
SDSSJ110925.00+222900.8,Scd:,SCII,83.30759852864418,9.920136883135774,2.712879040702422e-11,4.682309029210437e-12,0.5196179955698742,0.0
SDSSJ110925.00+222900.8,Scd:,SCII,83.30759852864418,10.400307987297895,2.7429144261557744e-11,6.278076231264118e-12,0.3839345551846037,0.0
SDSSJ110925.00+222900.8,Scd:,SCII,83.30759852864418,10.747033481201369,2.830643962543442e-11,5.0746008275939e-12,0.4540615492236917,0.0
SDSSJ111023.34+044946.3,Extended Src [SDSS],Mathewson96,54.5074667852549,0.33523089763168745,1.3719208911846343e-10,2.346017999856859e-11,0.7865913578007467,0.0
SDSSJ111023.34+044946.3,Extended Src [SDSS],Mathewson96,54.5074667852549,1.2002842266017018,2.2068952244465245e-10,8.168689547807692e-11,0.7134942209428816,0.0
SDSSJ111023.34+044946.3,Extended Src [SDSS],Mathewson96,54.5074667852549,2.065337555571716,3.748755630429304e-10,1.1683313500376784e-10,0.631666018849908,0.0
SDSSJ111023.34+044946.3,Extended Src [SDSS],Mathewson96,54.5074667852549,3.000710566504254,2.726259044946543e-10,1.3914219787458056e-10,0.5814717053770638,0.0
SDSSJ111023.34+044946.3,Extended Src [SDSS],Mathewson96,54.5074667852549,3.9360835774367926,2.9068602096017803e-10,1.3280941239524528e-10,0.5990649860762971,0.0
SDSSJ111023.34+044946.3,Extended Src [SDSS],Mathewson96,54.5074667852549,4.801136906406807,2.3813276593948263e-10,1.1334863603581902e-10,0.6199959262113075,0.0
SDSSJ111023.34+044946.3,Extended Src [SDSS],Mathewson96,54.5074667852549,5.666190235376821,1.990737565760359e-10,1.534090499790235e-10,0.5144341180675713,0.0
SDSSJ111023.34+044946.3,Extended Src [SDSS],Mathewson96,54.5074667852549,6.336652030640196,2.6893445003633204e-10,1.0836103332185118e-10,0.603007794672947,0.0
SDSSJ111023.34+044946.3,Extended Src [SDSS],Mathewson96,54.5074667852549,7.2017053596102105,2.2898245457027543e-10,1.546261804215122e-10,0.3598118164797276,0.0
SDSSJ111023.34+044946.3,Extended Src [SDSS],Mathewson96,54.5074667852549,8.066758688580226,2.0198411532107668e-10,2.0569707200058705e-10,0.2865676473197274,0.0
SDSSJ111023.34+044946.3,Extended Src [SDSS],Mathewson96,54.5074667852549,9.002131699512763,1.6171372202918892e-10,1.7758187290761156e-10,0.29426112537762944,0.0
SDSSJ111023.34+044946.3,Extended Src [SDSS],Mathewson96,54.5074667852549,9.937504710445301,1.6654741715862983e-10,1.6001144390595805e-10,0.2698076529130589,0.0
SDSSJ111023.34+044946.3,Extended Src [SDSS],Mathewson96,54.5074667852549,10.802558039415317,1.4309585554278327e-10,1.6579912528762064e-10,0.19113527695640742,0.0
SDSSJ111023.34+044946.3,Extended Src [SDSS],Mathewson96,54.5074667852549,11.66761136838533,1.4311426571057362e-10,1.486668603305757e-10,0.14733973177145845,0.0
SDSSJ111023.34+044946.3,Extended Src [SDSS],Mathewson96,54.5074667852549,12.338073163648705,1.1207811760663281e-10,9.050307704011914e-11,0.33032498053931003,0.0
SDSSJ111023.34+044946.3,Extended Src [SDSS],Mathewson96,54.5074667852549,13.203126492618718,1.2320228577063862e-10,1.0607901067569803e-10,0.18941140364429487,0.0
SDSSJ111023.34+044946.3,Extended Src [SDSS],Mathewson96,54.5074667852549,14.738641616852108,1.134822408869494e-10,7.721107990071412e-11,0.22905937630627332,0.0
SDSSJ111023.34+044946.3,Extended Src [SDSS],Mathewson96,54.5074667852549,15.93892584345381,9.710351656280361e-11,7.737340111169897e-11,0.16114491218766053,0.0
SDSSJ111023.34+044946.3,Extended Src [SDSS],Mathewson96,54.5074667852549,17.139210070055512,8.764319798601449e-11,8.100177326261837e-11,0.100159122775175,0.0
SDSSJ140232.36+090443.7,Extended Src [SDSS],Mathewson96,73.5520290170889,0.07447096938404481,3.476102967422991e-11,5.016533535035598e-13,0.0,0.0
SDSSJ140232.36+090443.7,Extended Src [SDSS],Mathewson96,73.5520290170889,0.756166766053378,6.915374162449612e-11,1.684171920487881e-11,0.773289808933057,0.0
SDSSJ140232.36+090443.7,Extended Src [SDSS],Mathewson96,73.5520290170889,1.4378625627227113,4.7878880235381404e-11,3.295053787962482e-11,0.663217417142499,0.0
SDSSJ140232.36+090443.7,Extended Src [SDSS],Mathewson96,73.5520290170889,1.586804501490801,4.187024013501956e-11,3.655685735064848e-11,0.6346291008628013,0.0
SDSSJ140232.36+090443.7,Extended Src [SDSS],Mathewson96,73.5520290170889,2.268500298160134,1.0704873528176425e-10,5.093279747403167e-11,0.5615358071612981,0.0
SDSSJ140232.36+090443.7,Extended Src [SDSS],Mathewson96,73.5520290170889,3.024667064213512,1.2096132360408926e-10,5.2880940761090655e-11,0.5342619334858348,0.0
SDSSJ140232.36+090443.7,Extended Src [SDSS],Mathewson96,73.5520290170889,3.7808338302668902,7.357242185978398e-11,6.023043941637781e-11,0.45816328610632034,0.0
SDSSJ140232.36+090443.7,Extended Src [SDSS],Mathewson96,73.5520290170889,4.537000596320268,8.039280446500308e-11,6.259553648846499e-11,0.37422744316460144,0.0
SDSSJ140232.36+090443.7,Extended Src [SDSS],Mathewson96,73.5520290170889,5.367638331757691,6.261734775648629e-11,5.1251773297818586e-11,0.434792838644726,0.0
SDSSJ140232.36+090443.7,Extended Src [SDSS],Mathewson96,73.5520290170889,6.049334128427024,1.3892412041508334e-10,5.854130376092579e-11,0.2766820378206575,0.0
SDSSJ140232.36+090443.7,Extended Src [SDSS],Mathewson96,73.5520290170889,6.731029925096357,8.666743268385167e-11,5.857646692946749e-11,0.25953570979878293,0.0
SDSSJ140232.36+090443.7,Extended Src [SDSS],Mathewson96,73.5520290170889,6.879971863864447,1.144947962041629e-10,5.3191804237064716e-11,0.305851751760962,0.0
SDSSJ140232.36+090443.7,Extended Src [SDSS],Mathewson96,73.5520290170889,7.5616676605337805,1.1048413860802036e-10,4.7291934778262364e-11,0.29719773211181,0.0
SDSSJ140232.36+090443.7,Extended Src [SDSS],Mathewson96,73.5520290170889,8.317834426587158,8.160589875537271e-11,4.17216941878027e-11,0.3021235994574598,0.0
SDSSJ140232.36+090443.7,Extended Src [SDSS],Mathewson96,73.5520290170889,9.074001192640537,9.002987615465008e-11,4.0888225345203314e-11,0.26021059318417655,0.0
SDSSJ140232.36+090443.7,Extended Src [SDSS],Mathewson96,73.5520290170889,9.75569698930987,9.671671140206076e-11,3.6016407080131845e-11,0.2326878792669515,0.0
SDSSJ140232.36+090443.7,Extended Src [SDSS],Mathewson96,73.5520290170889,10.511863755363246,1.2426495260477864e-10,2.1479531376035292e-11,0.43787524544115,0.0
SDSSJ143712.96+083834.3,Extended Src [SDSS],Mathewson96,70.06919684188172,0.9829070758490293,3.2271858956171405e-11,1.799524631100631e-11,0.6783920150350568,0.0
SDSSJ143712.96+083834.3,Extended Src [SDSS],Mathewson96,70.06919684188172,1.9658141516980585,4.233727782348823e-11,2.869357087371491e-11,0.5794568646995657,0.0
SDSSJ143712.96+083834.3,Extended Src [SDSS],Mathewson96,70.06919684188172,2.9487212275470878,8.762009509122327e-11,3.022942988557246e-11,0.5482911429697982,0.0
SDSSJ143712.96+083834.3,Extended Src [SDSS],Mathewson96,70.06919684188172,3.931628303396117,1.1096542730842954e-10,2.919844103317377e-11,0.5313220311263556,0.0
SDSSJ143712.96+083834.3,Extended Src [SDSS],Mathewson96,70.06919684188172,4.914535379245146,1.0559696479771172e-10,3.667299066550772e-11,0.38173246503420416,0.0
SDSSJ143712.96+083834.3,Extended Src [SDSS],Mathewson96,70.06919684188172,5.8974424550941755,7.72382665440152e-11,3.077308645654256e-11,0.3552318415034113,0.0
SDSSJ143712.96+083834.3,Extended Src [SDSS],Mathewson96,70.06919684188172,6.880349530943205,6.342578155241556e-11,2.346989177047645e-11,0.4699923932160145,0.0
SDSSJ143712.96+083834.3,Extended Src [SDSS],Mathewson96,70.06919684188172,7.863256606792234,6.790591212788774e-11,2.6333436253784457e-11,0.3159539959312082,0.0
SDSSJ143712.96+083834.3,Extended Src [SDSS],Mathewson96,70.06919684188172,8.854602783797542,6.744280694780793e-11,2.6319020899078653e-11,0.30481131048319743,0.0
SDSSJ143712.96+083834.3,Extended Src [SDSS],Mathewson96,70.06919684188172,9.829070758490293,6.498837933001567e-11,2.1654449543702356e-11,0.3196797591107242,0.0
SDSSJ143712.96+083834.3,Extended Src [SDSS],Mathewson96,70.06919684188172,10.803538733183043,6.593769101199009e-11,1.9459943291488505e-11,0.3235792755112374,0.0
SDSSJ143712.96+083834.3,Extended Src [SDSS],Mathewson96,70.06919684188172,10.8204169354956,5.5282633639663404e-11,1.9150972478817464e-11,0.3303386385001258,0.0
SDSSJ145311.77+165524.4,Sab AGN,SCII,74.07278148074705,0.3982105621409352,3.1015425348618544e-10,1.0225990973927029e-11,0.8025289268845632,0.0
SDSSJ145311.77+165524.4,Sab AGN,SCII,74.07278148074705,1.303714152376797,4.956194093656093e-10,3.411707551386061e-11,0.6847356139943933,0.0
SDSSJ145311.77+165524.4,Sab AGN,SCII,74.07278148074705,2.28018090689162,4.00772879821248e-10,5.034292767597759e-11,0.6151521372565067,0.0
SDSSJ145311.77+165524.4,Sab AGN,SCII,74.07278148074705,3.1856844971274816,2.917329774896226e-10,6.04894099207477e-11,0.5030203627790072,0.0
SDSSJ145311.77+165524.4,Sab AGN,SCII,74.07278148074705,3.982105621409352,2.2177840657507088e-10,7.441585686087948e-11,0.4308000083040505,0.0
SDSSJ145311.77+165524.4,Sab AGN,SCII,74.07278148074705,4.778526745691222,1.6710611566232382e-10,7.506875257105822e-11,0.3656625619819429,0.0
SDSSJ145311.77+165524.4,Sab AGN,SCII,74.07278148074705,5.684030335927085,1.3812069515752774e-10,5.858491715379398e-11,0.3427002211630358,0.0
SDSSJ145311.77+165524.4,Sab AGN,SCII,74.07278148074705,6.660497090441908,1.2194077339988175e-10,4.417617679960966e-11,0.4736504141531713,0.0
SDSSJ145311.77+165524.4,Sab AGN,SCII,74.07278148074705,7.566000680677769,1.0513084241781433e-10,4.568692514716349e-11,0.3209872085985609,0.0
SDSSJ145311.77+165524.4,Sab AGN,SCII,74.07278148074705,8.36242180495964,1.0012578702189623e-10,4.6594744710515986e-11,0.28733462365894613,0.0
SDSSJ145311.77+165524.4,Sab AGN,SCII,74.07278148074705,9.267925395195501,9.490993029385597e-11,4.8493937991736056e-11,0.250933916372685,0.0
SDSSJ145311.77+165524.4,Sab AGN,SCII,74.07278148074705,10.154369334593849,9.54989510899477e-11,4.251033419891094e-11,0.2508594998942913,0.0
SDSSJ145311.77+165524.4,Sab AGN,SCII,74.07278148074705,10.95079045887572,8.841717215068228e-11,2.121833670985795e-11,0.5244682098367944,0.0
SDSSJ145311.77+165524.4,Sab AGN,SCII,74.07278148074705,11.89441335078661,7.1110708230261e-11,2.132841066714045e-11,0.4790639434289241,0.0
SDSSJ145311.77+165524.4,Sab AGN,SCII,74.07278148074705,12.69083447506848,5.7998005744088574e-11,3.0291676562663514e-11,0.280695167970506,0.0
SDSSJ145311.77+165524.4,Sab AGN,SCII,74.07278148074705,13.68636088042082,5.054398433937743e-11,3.26834599975094e-11,0.2249785736231091,0.0
SDSSJ145311.77+165524.4,Sab AGN,SCII,74.07278148074705,14.48278200470269,5.4856413974863386e-11,1.6285990960819917e-11,0.47532116712551203,0.0
SDSSJ145311.77+165524.4,Sab AGN,SCII,74.07278148074705,17.07115065861877,3.69965685643189e-11,1.790825511128453e-11,0.3199245724347226,0.0
SDSSJ145311.77+165524.4,Sab AGN,SCII,74.07278148074705,17.66846650183017,3.445179746628159e-11,1.0994649370296039e-11,0.5210325243624617,0.0
UGC00014,Sc+,Courteau97/ShellFlow/Mathewson96,56.10185731341425,0.6931611007199476,4.0964416271253907e-10,7.736746636064808e-11,0.6306791550917757,0.0
UGC00014,Sc+,Courteau97/ShellFlow/Mathewson96,56.10185731341425,2.0803813931454336,3.7054361067187885e-10,1.56543818631461e-10,0.44759957699070135,0.0
UGC00014,Sc+,Courteau97/ShellFlow/Mathewson96,56.10185731341425,3.5328003764920988,2.8099560550670683e-10,1.2694060514184393e-10,0.4157442274992394,0.0
UGC00014,Sc+,Courteau97/ShellFlow/Mathewson96,56.10185731341425,4.9220566434441135,2.1620934472728682e-10,9.050020364152219e-11,0.49620161928399115,0.0
UGC00014,Sc+,Courteau97/ShellFlow/Mathewson96,56.10185731341425,6.307404970402152,1.5943215005337357e-10,1.0832025597520424e-10,0.34416687019126824,0.0
UGC00014,Sc+,Courteau97/ShellFlow/Mathewson96,56.10185731341425,7.694490662289496,1.6420204222126734e-10,1.0960322566946905e-10,0.2743898059292292,0.0
UGC00014,Sc+,Courteau97/ShellFlow/Mathewson96,56.10185731341425,9.0902869318595,1.2959297852937917e-10,7.829321848439819e-11,0.2296050548246687,0.0
UGC00014,Sc+,Courteau97/ShellFlow/Mathewson96,56.10185731341425,10.428117310013816,1.138611224273846e-10,6.325614152704861e-11,0.3017150174946866,0.0
UGC00014,Sc+,Courteau97/ShellFlow/Mathewson96,56.10185731341425,11.932507370892507,9.16601363462995e-11,3.265955490563554e-11,0.49076214662037093,0.0
UGC00014,Sc+,Courteau97/ShellFlow/Mathewson96,56.10185731341425,13.459990472838339,6.196741700074828e-11,5.644782662338343e-11,0.19474278306399295,0.0
UGC00014,Sc+,Courteau97/ShellFlow/Mathewson96,56.10185731341425,14.482701197003854,3.160911594874425e-11,2.3733764721698812e-11,0.5036521029888453,0.0
UGC00014,Sc+,Courteau97/ShellFlow/Mathewson96,56.10185731341425,16.14968927350738,6.430435660596631e-11,3.929915066553302e-11,0.21263719113519755,0.0
UGC00014,Sc+,Courteau97/ShellFlow/Mathewson96,56.10185731341425,17.70076253363392,4.560342396168313e-11,3.0066122556377044e-11,0.22580992852234547,0.0
UGC00014,Sc+,Courteau97/ShellFlow/Mathewson96,56.10185731341425,18.99055239618937,7.181548545288356e-11,1.6383098200328902e-11,0.5110712682308839,0.0
UGC00014,Sc+,Courteau97/ShellFlow/Mathewson96,56.10185731341425,22.049943451385353,2.2890557524343234e-11,2.6077069796631905e-11,0.22251271585309157,0.0
UGC00014,Sc+,Courteau97/ShellFlow/Mathewson96,56.10185731341425,23.361111046469347,4.345237023653931e-11,7.157111309514645e-12,0.7055791606914857,0.0
UGC00014,Sc+,Courteau97/ShellFlow/Mathewson96,56.10185731341425,24.34448674278234,4.808064478896474e-11,2.238358751382287e-11,0.20473846337681448,0.0
UGC00014,Sc+,Courteau97/ShellFlow/Mathewson96,56.10185731341425,25.879170407970328,3.2204297544577156e-11,1.719529114659341e-11,0.17478561937933082,0.0
UGC00014,Sc+,Courteau97/ShellFlow/Mathewson96,56.10185731341425,26.851857238019054,2.836137362536455e-11,1.8420890670624635e-11,0.19135142990327184,0.0
UGC00014,Sc+,Courteau97/ShellFlow/Mathewson96,56.10185731341425,27.950197629263325,3.030160177824399e-11,1.1692102014654045e-11,0.3793230022806923,0.0
UGC00041,SBcd:,Mathewson96,73.46939865731451,0.8321366009744745,9.705268326037538e-11,6.608498920745801e-12,0.7481667861165345,0.0
UGC00041,SBcd:,Mathewson96,73.46939865731451,1.664273201948949,6.891215437880669e-11,1.1573672018829253e-11,0.6777297895534545,0.0
UGC00041,SBcd:,Mathewson96,73.46939865731451,2.4964098029234236,5.4693650358661385e-11,1.4875127791546647e-11,0.6153971167532286,0.0
UGC00041,SBcd:,Mathewson96,73.46939865731451,3.328546403897898,3.320839888792605e-11,1.6845658229179723e-11,0.5639318892563164,0.0
UGC00041,SBcd:,Mathewson96,73.46939865731451,4.160683004872372,4.544140418458054e-11,2.0747885245430204e-11,0.45190914023276324,0.0
UGC00041,SBcd:,Mathewson96,73.46939865731451,4.992819605846847,9.580827626361687e-11,1.8804550225998864e-11,0.43538393393238844,0.0
UGC00041,SBcd:,Mathewson96,73.46939865731451,5.824956206821321,6.699652850806226e-11,1.5417342332320254e-11,0.5145798462068488,0.0
UGC00041,SBcd:,Mathewson96,73.46939865731451,6.657092807795796,4.4667411778055174e-11,1.777720318684628e-11,0.3630585839270951,0.0
UGC00041,SBcd:,Mathewson96,73.46939865731451,7.489229408770271,7.352697965337343e-11,1.8934851252114797e-11,0.3439809418860337,0.0
UGC00041,SBcd:,Mathewson96,73.46939865731451,8.321366009744745,6.393445332804612e-11,1.664849691857605e-11,0.35171841904621237,0.0
UGC00041,SBcd:,Mathewson96,73.46939865731451,9.985639211693695,3.4354727389515775e-11,1.5093440337238923e-11,0.2865450941504749,0.0
UGC00041,SBcd:,Mathewson96,73.46939865731451,10.817775812668168,3.0793901568238456e-11,1.433766465150906e-11,0.2585167891206567,0.0
UGC00041,SBcd:,Mathewson96,73.46939865731451,11.649912413642642,5.1952496021803775e-11,9.245799128846866e-12,0.3833945281630196,0.0
UGC00111,Scd:,Courteau97,71.59306479829453,0.28150400698131045,5.4666803180400647e-11,5.0040882892291885e-12,0.7203020988757629,0.0
UGC00111,Scd:,Courteau97,71.59306479829453,0.9049074260781034,8.248829285329305e-11,1.5066666277401785e-11,0.6565737991365458,0.0
UGC00111,Scd:,Courteau97,71.59306479829453,1.5482720383972075,8.118942198853863e-11,2.227559614948115e-11,0.6108091193949687,0.0
UGC00111,Scd:,Courteau97,71.59306479829453,2.1112800523598283,8.131421890343853e-11,2.5017576463737402e-11,0.5693363341980702,0.0
UGC00111,Scd:,Courteau97,71.59306479829453,2.6742880663224495,7.549612082612163e-11,2.716491556336939e-11,0.5559600897589732,0.0
UGC00111,Scd:,Courteau97,71.59306479829453,3.23729608028507,8.834540496602286e-11,2.879693659825142e-11,0.5238591673246371,0.0
UGC00111,Scd:,Courteau97,71.59306479829453,3.800304094247691,9.17365967946915e-11,2.8530777076663248e-11,0.469509653342607,0.0
UGC00111,Scd:,Courteau97,71.59306479829453,4.363312108210312,7.582814687483064e-11,2.9895574372863486e-11,0.47118278994316404,0.0
UGC00111,Scd:,Courteau97,71.59306479829453,4.926320122172933,6.239889640770438e-11,2.5963448048353234e-11,0.47888031749510174,0.0
UGC00111,Scd:,Courteau97,71.59306479829453,5.489328136135553,8.041875648783032e-11,2.5608677483944895e-11,0.4250767242551627,0.0
UGC00111,Scd:,Courteau97,71.59306479829453,6.052336150098174,7.012101068357778e-11,2.3303509858593313e-11,0.42036496239941146,0.0
UGC00111,Scd:,Courteau97,71.59306479829453,6.6153441640607955,5.855375357358027e-11,1.9801135531895123e-11,0.4681502686560051,0.0
UGC00111,Scd:,Courteau97,71.59306479829453,7.178352178023416,6.549600728965457e-11,1.9046559550548923e-11,0.46579761221825844,0.0
UGC00111,Scd:,Courteau97,71.59306479829453,7.741360191986036,5.683275354542366e-11,2.1803358637645143e-11,0.38046368044115864,0.0
UGC00111,Scd:,Courteau97,71.59306479829453,8.304368205948657,5.3565782853666435e-11,2.438906924918078e-11,0.2966232557914175,0.0
UGC00111,Scd:,Courteau97,71.59306479829453,8.81363454585121,4.0706083758451114e-11,1.4319612507464526e-11,0.48136706298386966,0.0
UGC00111,Scd:,Courteau97,71.59306479829453,9.550663218675005,4.7189986921162113e-11,1.500712902104846e-11,0.42448763648375654,0.0
UGC00111,Scd:,Courteau97,71.59306479829453,9.97291922914697,3.750112624274309e-11,2.0047261901190284e-11,0.2710125238337135,0.0
UGC00111,Scd:,Courteau97,71.59306479829453,10.53592724310959,3.890969787367516e-11,1.2638105439442839e-11,0.4394724503506541,0.0
UGC00111,Scd:,Courteau97,71.59306479829453,11.098935257072213,3.087446723697843e-11,1.7878972495603295e-11,0.2632819825885116,0.0
UGC00111,Scd:,Courteau97,71.59306479829453,11.521191267544179,2.2073858642028946e-11,1.2460506711044024e-11,0.4002092098739211,0.0
UGC00166,Scd:,Courteau97,67.71219997744367,0.2949414639974236,3.472640126989549e-11,7.768430689920959e-12,0.6115527648702968,0.0
UGC00166,Scd:,Courteau97,67.71219997744367,0.8235032288560833,4.816493068323689e-11,1.8936860012702167e-11,0.5965289342727158,0.0
UGC00166,Scd:,Courteau97,67.71219997744367,1.3744494400407246,5.4106446053706043e-11,2.4822650477531684e-11,0.5397191723733852,0.0
UGC00166,Scd:,Courteau97,67.71219997744367,1.9290615903258985,1.456304749808363e-10,2.6604337902621384e-11,0.5221468157842114,0.0
UGC00166,Scd:,Courteau97,67.71219997744367,2.518944518320746,1.1114977215235564e-10,2.7015844212316728e-11,0.4736916333053251,0.0
UGC00166,Scd:,Courteau97,67.71219997744367,3.0793888444476765,1.325023411844825e-10,2.6488639332493102e-11,0.46756879819882596,0.0
UGC00166,Scd:,Courteau97,67.71219997744367,3.5926203185222896,1.539585741755745e-10,2.521176736570517e-11,0.48011551764398486,0.0
UGC00166,Scd:,Courteau97,67.71219997744367,4.153064644649221,1.1901109037635475e-10,3.0236753905914626e-11,0.36579565572648287,0.0
UGC00166,Scd:,Courteau97,67.71219997744367,4.742947572644068,1.0575179348839388e-10,2.5674387561314236e-11,0.4032825630976918,0.0
UGC00166,Scd:,Courteau97,67.71219997744367,5.2424780622015374,6.990050018927983e-11,2.2158600770259817e-11,0.42283548919258307,0.0
UGC00166,Scd:,Courteau97,67.71219997744367,5.976036179186969,7.07712839368115e-11,2.0372109032658618e-11,0.33657213514749235,0.0
UGC00166,Scd:,Courteau97,67.71219997744367,6.14711333721184,7.984047991162556e-11,2.314384673601218e-11,0.33843242374594795,0.0
UGC00166,Scd:,Courteau97,67.71219997744367,6.911776392019974,8.337617186559911e-11,1.883038556990844e-11,0.3771592077134609,0.0
UGC00166,Scd:,Courteau97,67.71219997744367,7.367982146752964,5.966784018725727e-11,2.0977321919292463e-11,0.29192320884474915,0.0
UGC00166,Scd:,Courteau97,67.71219997744367,10.85173518289579,6.515548014095733e-11,1.3493233218772847e-11,0.25156486260706185,0.0
UGC00166,Scd:,Courteau97,67.71219997744367,11.108350919933097,5.809695379510933e-11,1.15795949264999e-11,0.2972434223116191,0.0
UGC00179,Scd:,Courteau97,62.65527221515132,0.22918717184204784,1.2365242856190961e-11,8.838944913651896e-12,0.44966201596732336,0.0
UGC00179,Scd:,Courteau97,62.65527221515132,0.6111657915787942,4.5941880662574286e-11,2.1245412574882947e-11,0.5272724637850849,0.0
UGC00179,Scd:,Courteau97,62.65527221515132,0.9931444113155407,1.1837747564349382e-10,3.014838530689651e-11,0.46035825762325683,0.0
UGC00179,Scd:,Courteau97,62.65527221515132,1.4515187549996362,1.6054551406874255e-10,3.681036571657933e-11,0.38609529228057615,0.0
UGC00179,Scd:,Courteau97,62.65527221515132,1.8334973747363827,1.852506529860232e-10,3.613683985478791e-11,0.34964019976388316,0.0
UGC00179,Scd:,Courteau97,62.65527221515132,2.215475994473129,9.643695235883033e-11,3.26899750597644e-11,0.34977325330665937,0.0
UGC00179,Scd:,Courteau97,62.65527221515132,2.6738503381572247,1.0970232491714187e-10,2.995804287386231e-11,0.3419542697983222,0.0
UGC00179,Scd:,Courteau97,62.65527221515132,3.0558289578939712,1.0720262861363804e-10,2.930515470021819e-11,0.3033620103683084,0.0
UGC00179,Scd:,Courteau97,62.65527221515132,3.4378075776307178,1.2543493720360265e-10,2.6955307668594384e-11,0.3102245251518325,0.0
UGC00179,Scd:,Courteau97,62.65527221515132,3.8961819213148132,1.0242999082279017e-10,2.2307387708822414e-11,0.327795251950714,0.0
UGC00179,Scd:,Courteau97,62.65527221515132,4.2540071455005295,8.178149455245457e-11,2.0632404797433158e-11,0.3311567034073552,0.0
UGC00179,Scd:,Courteau97,62.65527221515132,4.660139160788305,1.3720966283060753e-10,1.9125315653823896e-11,0.32447158302789314,0.0
UGC00179,Scd:,Courteau97,62.65527221515132,5.122449041766659,1.2085604002773128e-10,1.754069804526302e-11,0.315322948950069,0.0
UGC00179,Scd:,Courteau97,62.65527221515132,5.420160862967541,4.52712980365807e-11,1.7902692430435995e-11,0.25773372247898146,0.0
UGC00179,Scd:,Courteau97,62.65527221515132,8.10188227571328,4.9689380880884056e-11,1.0027598349454119e-11,0.2675760418268245,0.0
UGC00210,Sb,Courteau97/Mathewson96,67.96347885673188,0.16641702373160738,7.360323122804535e-11,5.972090696781289e-12,0.427239885497475,0.0
UGC00210,Sb,Courteau97/Mathewson96,67.96347885673188,0.5235235255617773,1.2917629810739687e-10,1.7591140881509467e-11,0.5435953507097976,0.0
UGC00210,Sb,Courteau97/Mathewson96,67.96347885673188,0.9134125719687919,1.40704220827851e-10,2.6570232988087666e-11,0.4873289972233193,0.0
UGC00210,Sb,Courteau97/Mathewson96,67.96347885673188,1.3302596804388254,1.2926776464483535e-10,3.113815497198193e-11,0.4436584515934943,0.0
UGC00210,Sb,Courteau97/Mathewson96,67.96347885673188,1.6490991055195985,1.1782028314108225e-10,3.277315140034111e-11,0.41147477826171286,0.0
UGC00210,Sb,Courteau97/Mathewson96,67.96347885673188,1.967938530600372,9.878523174925721e-11,3.3437329837238747e-11,0.3795546752155155,0.0
UGC00210,Sb,Courteau97/Mathewson96,67.96347885673188,2.384785639070405,1.4454731438914996e-10,3.223145104896312e-11,0.3571586499767605,0.0
UGC00210,Sb,Courteau97/Mathewson96,67.96347885673188,2.77467468547742,1.3283477532883373e-10,2.9079102904312946e-11,0.3431796972861949,0.0
UGC00210,Sb,Courteau97/Mathewson96,67.96347885673188,3.1105626201730785,1.227927845499479e-10,2.740280371442133e-11,0.32902055912320666,0.0
UGC00210,Sb,Courteau97/Mathewson96,67.96347885673188,3.4527566336993676,7.024999274378486e-11,2.617033075826996e-11,0.3174706566761164,0.0
UGC00210,Sb,Courteau97/Mathewson96,67.96347885673188,3.8217217366009746,1.3065582989777966e-10,2.5071009524115573e-11,0.30599668821084564,0.0
UGC00210,Sb,Courteau97/Mathewson96,67.96347885673188,4.188188204494218,1.296280796325309e-10,2.3484365699638108e-11,0.2864201307558344,0.0
UGC00210,Sb,Courteau97/Mathewson96,67.96347885673188,4.644748311831867,1.1076270414236645e-10,2.19843141693311e-11,0.2759009815691724,0.0
UGC00210,Sb,Courteau97/Mathewson96,67.96347885673188,4.992748677187114,6.10537581588679e-11,1.9157608383933917e-11,0.2544698890890402,0.0
UGC00210,Sb,Courteau97/Mathewson96,67.96347885673188,5.244872847792888,6.91236541903649e-11,1.825817530316903e-11,0.30084694822179664,0.0
UGC00210,Sb,Courteau97/Mathewson96,67.96347885673188,5.654054076067196,7.018215425399403e-11,1.760588534912652e-11,0.2703562487893943,0.0
UGC00210,Sb,Courteau97/Mathewson96,67.96347885673188,6.08802335005939,8.282999429994822e-11,1.585374591660708e-11,0.25087795723764483,0.0
UGC00210,Sb,Courteau97/Mathewson96,67.96347885673188,6.4660707929120305,1.0076665683636367e-10,1.3166288775414864e-11,0.32576234526173586,0.0
UGC00210,Sb,Courteau97/Mathewson96,67.96347885673188,6.7383030262041546,7.752269955004102e-11,1.5111623608256927e-11,0.22684357463529783,0.0
UGC00210,Sb,Courteau97/Mathewson96,67.96347885673188,7.100644763289943,5.880014466922685e-11,1.2408979233553255e-11,0.2919475541504523,0.0
UGC00210,Sb,Courteau97/Mathewson96,67.96347885673188,7.336230349792743,9.288094102023099e-11,1.3140176113672091e-11,0.20795935051219014,0.0
UGC00228,Sbc,Mathewson96,55.51517158605127,0.014628237946331175,9.754039502949803e-11,6.620165034103785e-13,0.0,0.0
UGC00228,Sbc,Mathewson96,55.51517158605127,0.7426643880445059,1.354053361762636e-11,6.452678096052359e-11,0.551573698223411,0.0
UGC00228,Sbc,Mathewson96,55.51517158605127,1.4853287760890117,1.2340973537675546e-11,9.975962349082565e-11,0.4441396775556308,0.0
UGC00228,Sbc,Mathewson96,55.51517158605127,2.227993164133517,1.0391516664098173e-10,1.0142353898450227e-10,0.3822559068935763,0.0
UGC00228,Sbc,Mathewson96,55.51517158605127,2.9706575521780234,1.4468493923271176e-10,8.604501799827503e-11,0.38180247785829236,0.0
UGC00228,Sbc,Mathewson96,55.51517158605127,3.7133219402225293,1.3065507680596203e-10,8.164692359931297e-11,0.33361383657738397,0.0
UGC00228,Sbc,Mathewson96,55.51517158605127,4.470614566213366,1.2426704345525778e-10,7.112907813768005e-11,0.3020179221999226,0.0
UGC00228,Sbc,Mathewson96,55.51517158605127,5.1986507163115405,1.2943686432150263e-10,5.575187409954835e-11,0.3808020021315675,0.0
UGC00228,Sbc,Mathewson96,55.51517158605127,5.941315104356047,1.1997974055471465e-10,5.285349481638279e-11,0.2904410441926046,0.0
UGC00228,Sbc,Mathewson96,55.51517158605127,6.683979492400552,1.0267102318860029e-10,5.11932583170203e-11,0.3002364143325975,0.0
UGC00228,Sbc,Mathewson96,55.51517158605127,7.426643880445058,7.284259185031858e-11,4.366318313307242e-11,0.32685836972388876,0.0
UGC00228,Sbc,Mathewson96,55.51517158605127,8.169308268489564,8.954947340166362e-11,4.2463121452538125e-11,0.28870198680871506,0.0
UGC00228,Sbc,Mathewson96,55.51517158605127,8.91197265653407,8.518610409857377e-11,4.3486507767399045e-11,0.23066294073341737,0.0
UGC00228,Sbc,Mathewson96,55.51517158605127,9.654637044578575,7.22361188055331e-11,4.0999820211741163e-11,0.17703775206691513,0.0
UGC00228,Sbc,Mathewson96,55.51517158605127,10.411929670569412,9.762558403207477e-11,2.6714748446850956e-11,0.28849267653630656,0.0
UGC00228,Sbc,Mathewson96,55.51517158605127,11.154594058613919,6.78764492258614e-11,2.526940971934364e-11,0.26852763844983357,0.0
UGC00228,Sbc,Mathewson96,55.51517158605127,11.897258446658425,3.7083191648829683e-11,2.6108766963113583e-11,0.19821834039911193,0.0
UGC00228,Sbc,Mathewson96,55.51517158605127,12.63992283470293,4.729880849556336e-11,1.968172086953152e-11,0.2573435097055646,0.0
UGC00229,Sb,Courteau97,61.63754022860625,0.19796697840157082,1.965754360153478e-10,3.3180577118256814e-12,0.7350577383434665,0.0
UGC00229,Sb,Courteau97,61.63754022860625,0.7356880954112428,2.1653942442589612e-11,1.4820269463939375e-11,0.6967898874801851,0.0
UGC00229,Sb,Courteau97,61.63754022860625,1.3242385717402372,3.0358598641245013e-11,2.5405670535734016e-11,0.6087320591702099,0.0
UGC00229,Sb,Courteau97,61.63754022860625,1.9127890480692313,7.821964220420701e-11,3.3306699253909286e-11,0.5376971655448508,0.0
UGC00229,Sb,Courteau97,61.63754022860625,2.5013395243982255,8.837322037919246e-11,3.764473222124108e-11,0.47351901903284915,0.0
UGC00229,Sb,Courteau97,61.63754022860625,3.08989000072722,8.17928632670545e-11,3.8562455470996585e-11,0.4451450715097404,0.0
UGC00229,Sb,Courteau97,61.63754022860625,3.6784404770562142,1.1279929328060965e-10,3.895844247935665e-11,0.3915675756914306,0.0
UGC00229,Sb,Courteau97,61.63754022860625,4.266990953385209,9.224925934358823e-11,3.22672011773262e-11,0.4219178405014913,0.0
UGC00229,Sb,Courteau97,61.63754022860625,4.8555414297142026,5.734331259822333e-11,3.6101955461342623e-11,0.3128018839379204,0.0
UGC00229,Sb,Courteau97,61.63754022860625,5.393262546723875,3.9644290922457705e-11,3.518544507542488e-11,0.2928999295677395,0.0
UGC00229,Sb,Courteau97,61.63754022860625,5.789196503527016,4.6118906266103357e-11,2.830776478813536e-11,0.29866976880441143,0.0
UGC00229,Sb,Courteau97,61.63754022860625,6.2760882612173665,5.4345986103129927e-11,2.3914447801065648e-11,0.37747431948664834,0.0
UGC00229,Sb,Courteau97,61.63754022860625,6.9101176379899645,3.5738731084372986e-11,2.1722386806348823e-11,0.3628017343164243,0.0
UGC00229,Sb,Courteau97,61.63754022860625,7.498668114318958,5.09038478353789e-11,2.038984637709002e-11,0.3491712906926292,0.0
UGC00229,Sb,Courteau97,61.63754022860625,8.087218590647954,1.1110517639014622e-10,2.1175400222635654e-11,0.28322997146384393,0.0
UGC00229,Sb,Courteau97,61.63754022860625,8.675769066976947,6.978294134998915e-11,2.146168118662928e-11,0.2285800007315519,0.0
UGC00229,Sb,Courteau97,61.63754022860625,9.264319543305941,2.5782544845085617e-11,1.4609592336131048e-11,0.3412004261237445,0.0
UGC00229,Sb,Courteau97,61.63754022860625,9.852870019634935,3.779622964221185e-11,1.530497860726765e-11,0.28991106539727307,0.0
UGC00229,Sb,Courteau97,61.63754022860625,10.452121413715364,3.955206125076317e-11,1.6720927523643142e-11,0.2122059441514162,0.0
UGC00229,Sb,Courteau97,61.63754022860625,10.893534270962112,1.6199806934603015e-11,1.3013945376130022e-11,0.28813832179562476,0.0
UGC00229,Sb,Courteau97,61.63754022860625,11.187809509126609,2.149301092009117e-11,1.1011858411849103e-11,0.34616255353319497,0.0
UGC00279,SB?,ShellFlow,82.21821240644772,0.459328443922693,1.0165699316924232e-10,3.1732684910396696e-12,0.9003493174262623,0.0
UGC00279,SB?,ShellFlow,82.21821240644772,1.333106828594284,2.2390719111157908e-10,1.2137477079512352e-11,0.8225295102835848,0.0
UGC00279,SB?,ShellFlow,82.21821240644772,2.2662816086102824,2.696642467339971e-10,2.5078877227065418e-11,0.7138691730728631,0.0
UGC00279,SB?,ShellFlow,82.21821240644772,3.1994563886262815,2.479440733942594e-10,4.2814037102163975e-11,0.5632861490680887,0.0
UGC00279,SB?,ShellFlow,82.21821240644772,4.1326311686422805,2.2090666388458662e-10,4.153992184886552e-11,0.5171374866400318,0.0
UGC00279,SB?,ShellFlow,82.21821240644772,5.065805948658279,2.089539764024248e-10,4.823852318889672e-11,0.4238703391033491,0.0
UGC00279,SB?,ShellFlow,82.21821240644772,5.998980728674278,1.885758237383559e-10,3.3801904890807005e-11,0.5409047901166781,0.0
UGC00279,SB?,ShellFlow,82.21821240644772,6.932155508690276,1.6387935154487405e-10,4.7682923292094875e-11,0.38286636931705015,0.0
UGC00279,SB?,ShellFlow,82.21821240644772,7.865330288706275,1.3710288266186463e-10,2.9577829861646776e-11,0.5234145209981897,0.0
UGC00279,SB?,ShellFlow,82.21821240644772,8.798505068722273,1.2297269717457465e-10,2.1907387546248475e-11,0.5741111533250439,0.0
UGC00279,SB?,ShellFlow,82.21821240644772,9.672283453393865,1.1395130984931752e-10,2.0124714794644156e-11,0.5737584799658716,0.0
UGC00279,SB?,ShellFlow,82.21821240644772,10.59094034123925,1.0702206477041722e-10,1.9416697176173682e-11,0.557825400802961,0.0
UGC00279,SB?,ShellFlow,82.21821240644772,11.523452707924271,1.0385839317847107e-10,2.2560984479777877e-11,0.4467109687393496,0.0
UGC00279,SB?,ShellFlow,82.21821240644772,12.39789350592684,1.1173276203014089e-10,2.9378703108067774e-11,0.2876353964699553,0.0
UGC00279,SB?,ShellFlow,82.21821240644772,13.33106828594284,9.962908341232657e-11,3.204626947644974e-11,0.20407605508462157,0.0
UGC00279,SB?,ShellFlow,82.21821240644772,14.269523972236362,1.0263479582554121e-10,1.6813667357077503e-11,0.42048168766024874,0.0
UGC00279,SB?,ShellFlow,82.21821240644772,15.271994546820835,9.274502288040069e-11,1.9279864710243856e-11,0.28428303737913746,0.0
UGC00279,SB?,ShellFlow,82.21821240644772,16.13851398540712,9.179043261372859e-11,2.28906269879756e-11,0.18461780579877823,0.0
UGC00279,SB?,ShellFlow,82.21821240644772,18.412716953433687,4.505303275080143e-11,1.4859113508849876e-11,0.24232029389879964,0.0
UGC00299,Sc,Courteau97,59.54356998116305,1.6448875960536207,2.629487256025109e-10,4.618557484888718e-11,0.4757805974841915,0.0
UGC00299,Sc,Courteau97,59.54356998116305,2.522819746442683,2.0097803242349472e-10,3.977180861612712e-11,0.4662841039952255,0.0
UGC00299,Sc,Courteau97,59.54356998116305,3.0244952609507187,1.8792851817142067e-10,3.6873491412901126e-11,0.4829421064132118,0.0
UGC00299,Sc,Courteau97,59.54356998116305,3.6371474801832595,1.657599373594129e-10,3.405064821472426e-11,0.49401578875469815,0.0
UGC00299,Sc,Courteau97,59.54356998116305,4.389660751945313,1.5865863002295816e-10,2.9011161006145587e-11,0.5233565762169841,0.0
UGC00299,Sc,Courteau97,59.54356998116305,5.0633754959235295,2.1588639540305997e-10,3.7649782954662545e-11,0.3955574286768511,0.0
UGC00299,Sc,Courteau97,59.54356998116305,5.71378006448016,2.0321408789998916e-10,3.201171576091143e-11,0.43918123279747023,0.0
UGC00299,Sc,Courteau97,59.54356998116305,6.661642741133978,1.9177285269379667e-10,3.582520512051208e-11,0.2979591989390699,0.0
UGC00299,Sc,Courteau97,59.54356998116305,7.14887608173951,1.1674994627739785e-10,2.3316055273481847e-11,0.4552889706325405,0.0
UGC00299,Sc,Courteau97,59.54356998116305,8.639460451361114,1.4620326185056207e-10,1.957871762209301e-11,0.43132605895037374,0.0
UGC00299,Sc,Courteau97,59.54356998116305,9.14113596586915,1.3098808915744892e-10,2.5749360173919238e-11,0.2850201422438883,0.0
UGC00299,Sc,Courteau97,59.54356998116305,9.893649237631204,1.2466757206144922e-10,2.641819179838166e-11,0.219064293249551,0.0
UGC00299,Sc,Courteau97,59.54356998116305,11.051303493079292,9.40488998183435e-11,2.0231771251025737e-11,0.24706784880665028,0.0
UGC00299,Sc,Courteau97,59.54356998116305,11.42756012896032,1.0892902355346437e-10,1.4823251015636544e-11,0.36170771035610555,0.0
UGC00299,Sc,Courteau97,59.54356998116305,13.434262186992461,1.1376779039008857e-10,1.4391838498335082e-11,0.24293261559424856,0.0
UGC00310,Scd:,Courteau97,78.72022171327353,0.1625862555450513,1.6581766932558748e-11,1.435469244982912e-12,0.5863514036240893,0.0
UGC00310,Scd:,Courteau97,78.72022171327353,0.48775876663515383,2.4788784071734342e-11,3.962204788485087e-12,0.71604563019778,0.0
UGC00310,Scd:,Courteau97,78.72022171327353,0.8587510406515889,4.703850098795018e-11,6.543014361546397e-12,0.6671411054896961,0.0
UGC00310,Scd:,Courteau97,78.72022171327353,1.2548702814340775,3.019928319657958e-11,8.832804936871928e-12,0.6218641671281536,0.0
UGC00310,Scd:,Courteau97,78.72022171327353,1.6258625554505128,3.3636016430405855e-11,1.0433438861803733e-11,0.5709247431098935,0.0
UGC00310,Scd:,Courteau97,78.72022171327353,1.9510350665406153,4.8608660695909294e-11,1.157094077458219e-11,0.5417024159276459,0.0
UGC00310,Scd:,Courteau97,78.72022171327353,2.276207577630718,5.625785278716365e-11,1.258961388503476e-11,0.5172109261398227,0.0
UGC00310,Scd:,Courteau97,78.72022171327353,2.6013800887208203,4.950161114198657e-11,1.2588422924488252e-11,0.4977368308995294,0.0
UGC00310,Scd:,Courteau97,78.72022171327353,2.972372362737256,2.970692740858543e-11,1.322620889289909e-11,0.4681559383746179,0.0
UGC00310,Scd:,Courteau97,78.72022171327353,3.3684916035197445,4.924636256402692e-11,1.2471928457492626e-11,0.4817470415430692,0.0
UGC00310,Scd:,Courteau97,78.72022171327353,3.7394838775361796,4.0939584856601374e-11,1.169698672790222e-11,0.4876641479930002,0.0
UGC00310,Scd:,Courteau97,78.72022171327353,4.064656388626282,4.2221517555130655e-11,1.1784863935505959e-11,0.47020323595059216,0.0
UGC00310,Scd:,Courteau97,78.72022171327353,4.389828899716385,4.7307861295414523e-11,1.2352769880087162e-11,0.43144695850777065,0.0
UGC00310,Scd:,Courteau97,78.72022171327353,4.715001410806487,4.218199604096253e-11,1.1557317647940114e-11,0.40757077335944103,0.0
UGC00310,Scd:,Courteau97,78.72022171327353,5.1066864809832015,2.7004540873952717e-11,1.0182252148301016e-11,0.44543257423085586,0.0
UGC00310,Scd:,Courteau97,78.72022171327353,5.51315211984583,4.0655132167370393e-11,1.0075053451741045e-11,0.4483562500557168,0.0
UGC00310,Scd:,Courteau97,78.72022171327353,5.838324630935933,4.686693553272348e-11,1.200873323053187e-11,0.3539154430222801,0.0
UGC00310,Scd:,Courteau97,78.72022171327353,6.163497142026035,5.098888182378865e-11,9.036028644946108e-12,0.4318864104670562,0.0
UGC00310,Scd:,Courteau97,78.72022171327353,6.488669653116138,2.4422774529030702e-11,1.0389840425889946e-11,0.3723058186659129,0.0
UGC00310,Scd:,Courteau97,78.72022171327353,6.813842164206239,7.909870613571032e-11,8.147894417178417e-12,0.42664181786836086,0.0
UGC00310,Scd:,Courteau97,78.72022171327353,7.057721547523816,6.579580352155849e-11,1.0311849234630642e-11,0.3387441936142837,0.0
UGC00321,SBcd?,Mathewson96,80.72775651080363,0.025541234334472643,1.9409765360208347e-13,2.4993834870967347e-13,0.0,0.0
UGC00321,SBcd?,Mathewson96,80.72775651080363,0.4726321867500546,2.0123676587032742e-11,4.074349622495457e-12,0.6399120073146416,0.0
UGC00321,SBcd?,Mathewson96,80.72775651080363,0.9197231391656364,6.72578745441338e-11,6.610512754836575e-12,0.5952617950733623,0.0
UGC00321,SBcd?,Mathewson96,80.72775651080363,0.9708056078345817,3.422561995941138e-11,6.799338446725336e-12,0.5737033784630144,0.0
UGC00321,SBcd?,Mathewson96,80.72775651080363,1.4178965602501634,6.169083369249867e-11,8.00358158073529e-12,0.5564005032524719,0.0
UGC00321,SBcd?,Mathewson96,80.72775651080363,1.890528747000218,6.625554792772493e-11,8.64139383427943e-12,0.5275706548659804,0.0
UGC00321,SBcd?,Mathewson96,80.72775651080363,2.3631609337502724,4.586996563763078e-11,8.926952820225229e-12,0.5161377145042878,0.0
UGC00321,SBcd?,Mathewson96,80.72775651080363,2.8357931205003273,6.238290776755542e-11,8.895836975806258e-12,0.4890768955989749,0.0
UGC00321,SBcd?,Mathewson96,80.72775651080363,3.3084253072503818,6.723432958025306e-11,8.432448669049803e-12,0.5083283701204059,0.0
UGC00321,SBcd?,Mathewson96,80.72775651080363,3.781057494000436,6.253537317879692e-11,8.833316529752551e-12,0.4529831539356442,0.0
UGC00321,SBcd?,Mathewson96,80.72775651080363,4.25368968075049,5.200407216703152e-11,9.655506730556263e-12,0.41393693700715767,0.0
UGC00321,SBcd?,Mathewson96,80.72775651080363,4.726321867500546,4.353367697702516e-11,9.520322216136583e-12,0.3930890653779157,0.0
UGC00321,SBcd?,Mathewson96,80.72775651080363,5.198954054250599,5.240890384498681e-11,9.104210608229123e-12,0.37235470006439825,0.0
UGC00321,SBcd?,Mathewson96,80.72775651080363,5.671586241000654,4.5590478671467054e-11,8.718940323221988e-12,0.35451543041261085,0.0
UGC00321,SBcd?,Mathewson96,80.72775651080363,6.169759662085182,2.990323021786826e-11,8.258371853718034e-12,0.33278828935883603,0.0
UGC00346,Sbc,Courteau97,67.38217547049527,0.20961257986432155,2.250204638301618e-11,4.999568855257523e-12,0.7010351514595562,0.0
UGC00346,Sbc,Courteau97,67.38217547049527,0.6282177368918624,5.952578332735597e-11,1.4582527493944332e-11,0.6964037939209027,0.0
UGC00346,Sbc,Courteau97,67.38217547049527,1.0426895425787215,7.327819718164262e-11,2.1647499381212908e-11,0.6714209090779845,0.0
UGC00346,Sbc,Courteau97,67.38217547049527,1.4612946996062626,1.3026949183112645e-10,2.8444084673509337e-11,0.6106932935880401,0.0
UGC00346,Sbc,Courteau97,67.38217547049527,1.8805198593349055,1.503250301757769e-10,3.4781503347337556e-11,0.5655123536562316,0.0
UGC00346,Sbc,Courteau97,67.38217547049527,2.2991250163624466,1.294225502700314e-10,3.611217075340363e-11,0.5511297674468776,0.0
UGC00346,Sbc,Courteau97,67.38217547049527,2.7135968220493054,1.1076592828110431e-10,3.54369706754505e-11,0.545263438327395,0.0
UGC00346,Sbc,Courteau97,67.38217547049527,3.1322019790768465,1.1378799112065439e-10,3.216234860512859e-11,0.5644185342922136,0.0
UGC00346,Sbc,Courteau97,67.38217547049527,3.5514271388054897,9.47837351894079e-11,3.6374309332468334e-11,0.488965234540927,0.0
UGC00346,Sbc,Courteau97,67.38217547049527,3.9700322958330303,1.0477795844731217e-10,4.017836829077451e-11,0.4615203036304308,0.0
UGC00346,Sbc,Courteau97,67.38217547049527,4.384504101519889,9.94269464977219e-11,4.0889287567773195e-11,0.4423001861893383,0.0
UGC00346,Sbc,Courteau97,67.38217547049527,4.803109258547431,1.0066330997204346e-10,4.099513981589847e-11,0.417843134000996,0.0
UGC00346,Sbc,Courteau97,67.38217547049527,5.222334418276074,1.0767031571291021e-10,3.8699537172508423e-11,0.3903990266927166,0.0
UGC00346,Sbc,Courteau97,67.38217547049527,5.6094744382226756,9.542359112919986e-11,2.7796704094820832e-11,0.5194351845032911,0.0
UGC00346,Sbc,Courteau97,67.38217547049527,5.996614458169276,1.0962158777612e-10,3.552737946772267e-11,0.4356855413814748,0.0
UGC00346,Sbc,Courteau97,67.38217547049527,6.444928077957967,1.0214003009093526e-10,4.462418891375631e-11,0.30542023329879325,0.0
UGC00346,Sbc,Courteau97,67.38217547049527,6.905211194337382,8.853498769439157e-11,3.566049933680809e-11,0.24248758492322398,0.0
UGC00346,Sbc,Courteau97,67.38217547049527,7.280381717693259,1.0658964969967554e-10,3.3216095724877936e-11,0.3684253997291691,0.0
UGC00346,Sbc,Courteau97,67.38217547049527,7.649403880929872,9.50710810826471e-11,3.8918228520148674e-11,0.21737150425904195,0.0
UGC00346,Sbc,Courteau97,67.38217547049527,7.990336477347102,8.905310037913569e-11,3.2076635019873024e-11,0.32108842241899804,0.0
UGC00346,Sbc,Courteau97,67.38217547049527,8.319454577848884,5.956862194072161e-11,2.8198409114354724e-11,0.2714865760708093,0.0
UGC00484,(R')SB(s)b HII,ShellFlow,80.0806969440106,0.37749004780797085,4.003368191882667e-10,2.4402229235060973e-11,0.5530338346246605,0.0
UGC00484,(R')SB(s)b HII,ShellFlow,80.0806969440106,1.1877165878845175,4.532959856371953e-10,5.308701574602893e-11,0.4883232131769475,0.0
UGC00484,(R')SB(s)b HII,ShellFlow,80.0806969440106,2.0365227419958685,1.0280057619034018e-10,4.789230327275562e-11,0.5145474014133529,0.0
UGC00484,(R')SB(s)b HII,ShellFlow,80.0806969440106,2.8844545705766853,1.0765813165092164e-10,3.5317401115909775e-11,0.5716392422551417,0.0
UGC00484,(R')SB(s)b HII,ShellFlow,80.0806969440106,3.694681110653232,7.651634579924149e-11,3.219438242289013e-11,0.6237802273208393,0.0
UGC00484,(R')SB(s)b HII,ShellFlow,80.0806969440106,4.449661206269173,1.5123455119837753e-10,3.6527765106031486e-11,0.5800398309258893,0.0
UGC00484,(R')SB(s)b HII,ShellFlow,80.0806969440106,5.25988774634572,1.839276976919978e-10,4.9036550056575766e-11,0.4389582279076724,0.0
UGC00484,(R')SB(s)b HII,ShellFlow,80.0806969440106,6.108256737691804,1.9636076748595327e-10,3.238400302552808e-11,0.5584566202640003,0.0
UGC00484,(R')SB(s)b HII,ShellFlow,80.0806969440106,6.956625729037889,1.8579686689965834e-10,4.962644976706235e-11,0.3331905412772836,0.0
UGC00484,(R')SB(s)b HII,ShellFlow,80.0806969440106,7.766852269114434,1.793658482959191e-10,4.8116045346930175e-11,0.3249255398301305,0.0
UGC00484,(R')SB(s)b HII,ShellFlow,80.0806969440106,8.521832364730377,1.6358161417229777e-10,4.5929800536741496e-11,0.3003804842532561,0.0
UGC00484,(R')SB(s)b HII,ShellFlow,80.0806969440106,9.332058904806924,1.5545894367666165e-10,4.440363541885789e-11,0.2663916016831106,0.0
UGC00484,(R')SB(s)b HII,ShellFlow,80.0806969440106,10.218570347422546,1.396500571418416e-10,4.068081554488441e-11,0.24312613546192674,0.0
UGC00484,(R')SB(s)b HII,ShellFlow,80.0806969440106,11.029234050264357,1.3416086634973584e-10,2.3198203542357484e-11,0.38092068142316443,0.0
UGC00484,(R')SB(s)b HII,ShellFlow,80.0806969440106,11.8534888312192,1.2276386615328245e-10,1.878977732777801e-11,0.47582158134488267,0.0
UGC00484,(R')SB(s)b HII,ShellFlow,80.0806969440106,12.471024172787434,1.180608059490925e-10,2.958592224610871e-11,0.2572574661389431,0.0
UGC00484,(R')SB(s)b HII,ShellFlow,80.0806969440106,13.371082196591763,1.0733936385225553e-10,1.849177150974931e-11,0.3419678058036006,0.0
UGC00484,(R')SB(s)b HII,ShellFlow,80.0806969440106,14.333501488861415,6.598390043450652e-11,1.4275867654748969e-11,0.47594525068220106,0.0
UGC00484,(R')SB(s)b HII,ShellFlow,80.0806969440106,15.097033581072893,6.672614097697513e-11,2.2099747512608775e-11,0.2662431189624576,0.0
UGC00484,(R')SB(s)b HII,ShellFlow,80.0806969440106,15.88884463966257,6.590040820698798e-11,1.0252707270269049e-11,0.5507026135476267,0.0
UGC00484,(R')SB(s)b HII,ShellFlow,80.0806969440106,16.28475016895741,6.640911237828762e-11,1.989633665170813e-11,0.25340131246478875,0.0
UGC00533,Scd:,Courteau97,70.9929513612151,0.2537864518944077,1.7476974160280427e-11,2.970785566771656e-12,0.6858725253654027,0.0
UGC00533,Scd:,Courteau97,70.9929513612151,0.8423387390007999,5.21671025796517e-11,8.945380088234698e-12,0.6966607000826797,0.0
UGC00533,Scd:,Courteau97,70.9929513612151,1.4020898480110535,5.7284261587359374e-11,1.3198974785376687e-11,0.6331977562567009,0.0
UGC00533,Scd:,Courteau97,70.9929513612151,1.8952621627517996,8.225930027968257e-11,1.5436259194683855e-11,0.5942032691511139,0.0
UGC00533,Scd:,Courteau97,70.9929513612151,2.4217238746273,1.126154247964746e-10,1.6538004709499423e-11,0.5831483744762412,0.0
UGC00533,Scd:,Courteau97,70.9929513612151,2.9481855865028,5.973115374786846e-11,1.6839767543444655e-11,0.5732095574990465,0.0
UGC00533,Scd:,Courteau97,70.9929513612151,3.4746472983783,4.863767328796139e-11,1.7727832707567202e-11,0.529828090502741,0.0
UGC00533,Scd:,Courteau97,70.9929513612151,4.0011090102538,8.329181485620288e-11,1.6468452949408982e-11,0.5610927719091657,0.0
UGC00533,Scd:,Courteau97,70.9929513612151,4.527570722129299,1.0722704826853174e-10,1.642371142150904e-11,0.5095923933902627,0.0
UGC00533,Scd:,Courteau97,70.9929513612151,5.059456584975638,9.094486833985374e-11,2.0540499291272286e-11,0.39788645052887106,0.0
UGC00533,Scd:,Courteau97,70.9929513612151,5.691210639226238,1.0176886656682182e-10,2.3733713105793637e-11,0.34182998648735907,0.0
UGC00533,Scd:,Courteau97,70.9929513612151,8.428811540978838,1.6706058158403377e-11,1.486822139496765e-11,0.33032095478495227,0.0
UGC00533,Scd:,Courteau97,70.9929513612151,8.955273252854337,4.727172708973783e-11,1.4199050904132685e-11,0.274857282323235,0.0
UGC00533,Scd:,Courteau97,70.9929513612151,9.371018471383898,7.821199408029144e-11,1.2398679918029575e-11,0.3502480598881287,0.0
UGC00533,Scd:,Courteau97,70.9929513612151,9.898565013453567,4.86571063402854e-11,1.4269501264712705e-11,0.2429697342212151,0.0
UGC00533,Scd:,Courteau97,70.9929513612151,10.534658388480837,3.468238557288021e-11,8.956949254410649e-12,0.423922466385669,0.0
UGC00540,Sb,Courteau97,53.66650817888356,0.12020485879814802,4.892711982548354e-11,1.2581427418567814e-11,0.29885133679242654,0.0
UGC00540,Sb,Courteau97,53.66650817888356,0.4302343102319832,5.0214220072518026e-11,4.6140520314771476e-11,0.5879602347738974,0.0
UGC00540,Sb,Courteau97,53.66650817888356,0.7744217584175697,7.818601803003019e-11,7.616246167716472e-11,0.5363029086402744,0.0
UGC00540,Sb,Courteau97,53.66650817888356,1.084451209851405,7.819806500188009e-11,9.513353815379958e-11,0.4991271945519747,0.0
UGC00540,Sb,Courteau97,53.66650817888356,1.3248609274477008,1.0063994927486001e-10,1.0368451664534042e-10,0.4746254876747056,0.0
UGC00540,Sb,Courteau97,53.66650817888356,1.634890378881536,1.0682916672263343e-10,1.074439164677156e-10,0.4565936856833124,0.0
UGC00540,Sb,Courteau97,53.66650817888356,1.9790778270671225,1.0280546759408404e-10,1.037606835504595e-10,0.45676022858284326,0.0
UGC00540,Sb,Courteau97,53.66650817888356,2.2891072785009574,1.155437325812642e-10,1.0149541246485482e-10,0.42286543480097505,0.0
UGC00540,Sb,Courteau97,53.66650817888356,2.5295169960972537,9.745039524249558e-11,1.0352202215610077e-10,0.39397773456188684,0.0
UGC00540,Sb,Courteau97,53.66650817888356,2.839546447531089,8.543967685719535e-11,1.0763955230571898e-10,0.37906300896434614,0.0
UGC00540,Sb,Courteau97,53.66650817888356,3.1837338957166756,1.0727927611073116e-10,1.073330138770432e-10,0.3697888675161696,0.0
UGC00540,Sb,Courteau97,53.66650817888356,3.493763347150511,1.041620265786722e-10,1.074118698810831e-10,0.3411980457159648,0.0
UGC00540,Sb,Courteau97,53.66650817888356,3.7341730647468068,1.3833088461365102e-10,1.0287702447242076e-10,0.26040717996033674,0.0
UGC00540,Sb,Courteau97,53.66650817888356,4.044202516180642,1.3327132958129405e-10,9.894244118002435e-11,0.28883738486885396,0.0
UGC00540,Sb,Courteau97,53.66650817888356,4.388389964366229,1.374110458710154e-10,1.0247130327480793e-10,0.25463591744747666,0.0
UGC00540,Sb,Courteau97,53.66650817888356,4.6629576787142755,9.954426123082003e-11,1.1149529534950967e-10,0.1702104188972554,0.0
UGC00540,Sb,Courteau97,53.66650817888356,4.921098264853466,9.806509772096129e-11,9.375943454632845e-11,0.16738243048772877,0.0
UGC00556,S?;HII LINER,Courteau97,60.520734529971556,0.15957175478147043,1.359379080248261e-10,1.0793368011803406e-10,0.2439210809039661,0.0
UGC00556,S?;HII LINER,Courteau97,60.520734529971556,0.4787152643444113,3.4849421955922444e-10,3.0492658984678274e-10,0.4400057874621787,0.0
UGC00556,S?;HII LINER,Courteau97,60.520734529971556,0.7813835083162782,5.522513074153475e-10,4.4778235147268093e-10,0.3740535208831558,0.0
UGC00556,S?;HII LINER,Courteau97,60.520734529971556,1.0569038303707783,7.348683651511592e-10,5.318516875298478e-10,0.31071566728712896,0.0
UGC00556,S?;HII LINER,Courteau97,60.520734529971556,1.3563599156424986,7.417957532622887e-10,5.622076737699246e-10,0.27146687703499556,0.0
UGC00556,S?;HII LINER,Courteau97,60.520734529971556,1.655816000914219,7.383779971590073e-10,5.389972494850771e-10,0.24116615794567123,0.0
UGC00556,S?;HII LINER,Courteau97,60.520734529971556,1.931336322968719,6.309500877935333e-10,5.019567229647813e-10,0.192199271503593,0.0
UGC00556,S?;HII LINER,Courteau97,60.520734529971556,2.234004566940586,5.770935831551164e-10,4.596066878908212e-10,0.1909568412576492,0.0
UGC00556,S?;HII LINER,Courteau97,60.520734529971556,2.5531480765035273,5.011050133210929e-10,4.027131779404039e-10,0.1584558559604678,0.0
UGC00556,S?;HII LINER,Courteau97,60.520734529971556,2.8650383244854916,4.785659521102059e-10,3.5178890377092584e-10,0.11850700753476723,0.0
UGC00556,S?;HII LINER,Courteau97,60.520734529971556,3.159665809904734,4.480717244469577e-10,3.0760559370577947e-10,0.12853734889097962,0.0
UGC00556,S?;HII LINER,Courteau97,60.520734529971556,3.4501347586842166,4.4066364094635556e-10,2.6690145142357817e-10,0.11528815744450881,0.0
UGC00556,S?;HII LINER,Courteau97,60.520734529971556,3.7692782682471577,4.3676653468687533e-10,2.2902803788684112e-10,0.12524323003286392,0.0
UGC00556,S?;HII LINER,Courteau97,60.520734529971556,4.06472778997891,4.3946175971313757e-10,2.0178205180798346e-10,0.1430101834250632,0.0
UGC00556,S?;HII LINER,Courteau97,60.520734529971556,4.322798837030033,4.29395167802523e-10,1.8905936519272962e-10,0.12364131018845428,0.0
UGC00556,S?;HII LINER,Courteau97,60.520734529971556,4.620327627081667,3.3627730559393795e-10,1.63797798782816e-10,0.10634533463951786,0.0
UGC00556,S?;HII LINER,Courteau97,60.520734529971556,4.908282111846411,2.563241542685007e-10,1.4319204737073935e-10,0.14487578507522322,0.0
UGC00556,S?;HII LINER,Courteau97,60.520734529971556,5.230326926041743,2.114756773322261e-10,1.3499143947448512e-10,0.11969832887604172,0.0
UGC00556,S?;HII LINER,Courteau97,60.520734529971556,5.549470435604683,2.0806600836405316e-10,1.1518762123199934e-10,0.11462829897535955,0.0
UGC00556,S?;HII LINER,Courteau97,60.520734529971556,5.7888280677768895,1.64994744911855e-10,1.1236202323300821e-10,0.12012249586975303,0.0
UGC00565,Scd:,Courteau97,77.60722599020404,0.18535547960148352,1.2803061872875412e-11,2.330067111118969e-12,0.5975850633818879,0.0
UGC00565,Scd:,Courteau97,77.60722599020404,0.6035848435750127,4.76605848933444e-11,7.046299214316545e-12,0.6949150537861151,0.0
UGC00565,Scd:,Courteau97,77.60722599020404,1.0194551378081593,5.703158527674972e-11,1.0822918354760635e-11,0.6387134171874457,0.0
UGC00565,Scd:,Courteau97,77.60722599020404,1.435325432041306,5.964168215433001e-11,1.3477692687697785e-11,0.6050178638428662,0.0
UGC00565,Scd:,Courteau97,77.60722599020404,1.8535547960148353,5.54705566191205e-11,1.531357844199981e-11,0.5542716374204611,0.0
UGC00565,Scd:,Courteau97,77.60722599020404,2.2717841599883646,5.659769534655218e-11,1.6267513919582553e-11,0.5159178686400862,0.0
UGC00565,Scd:,Courteau97,77.60722599020404,2.6876544542215113,5.851765837292657e-11,1.632133781713727e-11,0.5295265587861747,0.0
UGC00565,Scd:,Courteau97,77.60722599020404,3.103524748454658,7.356073606971632e-11,1.7550377708799452e-11,0.5016154133607795,0.0
UGC00565,Scd:,Courteau97,77.60722599020404,3.521754112428187,4.91152475770671e-11,1.606820123987928e-11,0.5205193663840713,0.0
UGC00565,Scd:,Courteau97,77.60722599020404,3.9399834764017156,3.8182904137846935e-11,1.4838942383101554e-11,0.5187782802875117,0.0
UGC00565,Scd:,Courteau97,77.60722599020404,4.355853770634862,4.727903461666343e-11,1.421286957679092e-11,0.509599378356942,0.0
UGC00565,Scd:,Courteau97,77.60722599020404,4.7717240648680095,5.376051644702032e-11,1.3511841848444697e-11,0.5214551897350763,0.0
UGC00565,Scd:,Courteau97,77.60722599020404,5.189953428841539,7.456785421371715e-11,1.356615586351113e-11,0.5159911991057222,0.0
UGC00565,Scd:,Courteau97,77.60722599020404,5.608182792815068,6.427332639973309e-11,1.5946032106062782e-11,0.4403760661095409,0.0
UGC00565,Scd:,Courteau97,77.60722599020404,5.879138802996146,5.008877007580678e-11,1.480967099592054e-11,0.3779506223263961,0.0
UGC00565,Scd:,Courteau97,77.60722599020404,6.435205241800596,4.104159238738998e-11,1.3396359185624808e-11,0.4086828078656502,0.0
UGC00565,Scd:,Courteau97,77.60722599020404,6.8985939408043055,5.1611818037203766e-11,1.308822563963125e-11,0.4375826801680323,0.0
UGC00565,Scd:,Courteau97,77.60722599020404,7.269304900007271,6.003489613695028e-11,1.8007602065722142e-11,0.2686140002189931,0.0
UGC00565,Scd:,Courteau97,77.60722599020404,7.640015859210239,5.822331595924239e-11,1.1833530184949463e-11,0.424110734759706,0.0
UGC00565,Scd:,Courteau97,77.60722599020404,8.010726818413206,8.532246118788453e-11,1.722462537517729e-11,0.2308179421910853,0.0
UGC00565,Scd:,Courteau97,77.60722599020404,8.28876003781543,7.432207051357788e-11,1.3203614561472877e-11,0.3244284887925118,0.0
UGC00633,Sb,Courteau97,81.51296746326979,0.3175220402879791,1.2627518988634332e-10,1.3070674403035444e-11,0.5950138709521338,0.0
UGC00633,Sb,Courteau97,81.51296746326979,1.161584822437156,2.960176356392759e-10,3.612286445101328e-11,0.5408224414648632,0.0
UGC00633,Sb,Courteau97,81.51296746326979,1.8605327098635254,2.0969610454742692e-10,4.1816286098980315e-11,0.48906570903604385,0.0
UGC00633,Sb,Courteau97,81.51296746326979,2.5960921532979424,2.097211466415276e-10,4.159294348634964e-11,0.46127417027356804,0.0
UGC00633,Sb,Courteau97,81.51296746326979,3.3468667888395998,1.9804115983346923e-10,4.1509969047292535e-11,0.417492867546084,0.0
UGC00633,Sb,Courteau97,81.51296746326979,4.093837626354448,1.8778921353554626e-10,3.90605709543727e-11,0.3935710521110482,0.0
UGC00633,Sb,Courteau97,81.51296746326979,4.840808463869295,1.9200063489304365e-10,3.6268051491673656e-11,0.34689014296876153,0.0
UGC00633,Sb,Courteau97,81.51296746326979,5.591583099410953,1.7332943217070456e-10,2.6122025393318722e-11,0.45049322963985006,0.0
UGC00633,Sb,Courteau97,81.51296746326979,6.353769129033041,1.441145068384668e-10,2.7195390536686247e-11,0.30121296193874453,0.0
UGC00633,Sb,Courteau97,81.51296746326979,8.051213998497081,1.4130186190647717e-10,2.412203034463437e-11,0.31078818923899953,0.0
UGC00633,Sb,Courteau97,81.51296746326979,8.624636551038714,1.1244816832367385e-10,2.6118362736695193e-11,0.22535455078773853,0.0
UGC00633,Sb,Courteau97,81.51296746326979,9.253404364870434,1.1361489222575804e-10,1.8002773004618353e-11,0.3012640051888399,0.0
UGC00633,Sb,Courteau97,81.51296746326979,9.821881979977213,7.727866529500195e-11,1.7284155029396783e-11,0.3098692501759884,0.0
UGC00633,Sb,Courteau97,81.51296746326979,14.61466749375803,6.627487160957405e-11,8.276673959057851e-12,0.3816361122691357,0.0
UGC00673,SAc?,Courteau97,73.51445711913881,0.3407806865924902,1.716073765110194e-11,3.772079270787433e-12,0.7095127416674584,0.0
UGC00673,SAc?,Courteau97,73.51445711913881,1.0319930753157345,5.466886702690812e-11,1.0135970392881562e-11,0.680375806170864,0.0
UGC00673,SAc?,Courteau97,73.51445711913881,1.7135544485007148,5.540863055965512e-11,1.4559545574056594e-11,0.6083194410031264,0.0
UGC00673,SAc?,Courteau97,73.51445711913881,2.404766837223959,6.639417967529225e-11,1.6730725163770095e-11,0.5910149987994094,0.0
UGC00673,SAc?,Courteau97,73.51445711913881,3.086328210408939,9.523598174571821e-11,1.8078062285679743e-11,0.5421793860179378,0.0
UGC00673,SAc?,Courteau97,73.51445711913881,3.777540599132183,8.067412285731898e-11,1.9956914760578683e-11,0.49704840628309377,0.0
UGC00673,SAc?,Courteau97,73.51445711913881,4.392876038106319,8.317281992891673e-11,1.6986479134102612e-11,0.519430155968756,0.0
UGC00673,SAc?,Courteau97,73.51445711913881,5.159965376578673,8.875315523211017e-11,1.8182647386023092e-11,0.479063809209047,0.0
UGC00673,SAc?,Courteau97,73.51445711913881,5.9836296337236075,6.554379170831238e-11,1.6985695210877038e-11,0.4225360785277513,0.0
UGC00673,SAc?,Courteau97,73.51445711913881,6.523088122948633,6.846059763694004e-11,1.3993500615846796e-11,0.4695271802075975,0.0
UGC00673,SAc?,Courteau97,73.51445711913881,7.204649496133614,6.968578710553235e-11,1.4815987283422128e-11,0.3982927180801562,0.0
UGC00673,SAc?,Courteau97,73.51445711913881,7.980946125291897,4.920406128321271e-11,1.6747299054084802e-11,0.3288308823591602,0.0
UGC00673,SAc?,Courteau97,73.51445711913881,8.567772242503574,6.218143585135677e-11,1.1022317373968534e-11,0.5082155825305893,0.0
UGC00673,SAc?,Courteau97,73.51445711913881,9.964673543257458,4.8344761096976206e-11,1.4249403176834486e-11,0.3260997639478507,0.0
UGC00673,SAc?,Courteau97,73.51445711913881,10.543457147520582,4.824349442357467e-11,1.100763377586714e-11,0.3562250864263678,0.0
UGC00673,SAc?,Courteau97,73.51445711913881,11.313319766320026,6.516488858550746e-11,9.439751332796926e-12,0.4212722252943655,0.0
UGC00673,SAc?,Courteau97,73.51445711913881,11.999706647274134,5.304730071927462e-11,1.1630031788937248e-11,0.29875943137564065,0.0
UGC00673,SAc?,Courteau97,73.51445711913881,12.71022106707391,3.957340947272725e-11,7.925443743298904e-12,0.41367150523148877,0.0
UGC00673,SAc?,Courteau97,73.51445711913881,13.39660794802802,4.109855356315228e-11,9.056823913277424e-12,0.33374295681012833,0.0
UGC00679,Sdm?,Courteau97,83.96112745355057,0.21795060722856519,1.347182125013853e-11,8.926057196501408e-13,0.6677195309011744,0.0
UGC00679,Sdm?,Courteau97,83.96112745355057,0.5789227547087484,8.211648924315176e-12,1.997327192448583e-12,0.6923567931825239,0.0
UGC00679,Sdm?,Courteau97,83.96112745355057,0.9926734055705039,1.883531712675611e-12,2.9353436084792265e-12,0.6497290707685945,0.0
UGC00679,Sdm?,Courteau97,83.96112745355057,1.353645553050687,3.621041578515463e-12,3.528343144623284e-12,0.6395111156406365,0.0
UGC00679,Sdm?,Courteau97,83.96112745355057,1.7612706159552034,2.410828569285645e-11,4.03051612646483e-12,0.6135505332702018,0.0
UGC00679,Sdm?,Courteau97,83.96112745355057,2.165832884881099,6.366973090946479e-11,4.383139446695938e-12,0.5892319373720561,0.0
UGC00679,Sdm?,Courteau97,83.96112745355057,2.5642695658497563,5.5586428276360046e-11,4.544690417825693e-12,0.5798631886524306,0.0
UGC00679,Sdm?,Courteau97,83.96112745355057,3.015484750199985,5.467307615623748e-11,4.76029817249707e-12,0.5569706968605437,0.0
UGC00679,Sdm?,Courteau97,83.96112745355057,3.3764568976801685,4.969146477132927e-11,4.761699319479851e-12,0.551785476263833,0.0
UGC00679,Sdm?,Courteau97,83.96112745355057,3.7374290451603516,6.332403360561081e-11,4.728586727862614e-12,0.5455724659813467,0.0
UGC00679,Sdm?,Courteau97,83.96112745355057,5.557603752454367,8.787833753800767e-12,4.750914596429575e-12,0.4759705804323778,0.0
UGC00679,Sdm?,Courteau97,83.96112745355057,6.550277158024871,2.296782547782091e-11,5.222725728611793e-12,0.3829603059686885,0.0
UGC00679,Sdm?,Courteau97,83.96112745355057,7.0014923423751,4.506035228204609e-11,5.085217765032491e-12,0.3451066374904254,0.0
UGC00679,Sdm?,Courteau97,83.96112745355057,7.272221452985237,6.176154884695354e-11,4.789284925414416e-12,0.36785014742627026,0.0
UGC00679,Sdm?,Courteau97,83.96112745355057,7.63319360046542,3.890767698905672e-11,4.467294314852015e-12,0.3367367717265951,0.0
UGC00679,Sdm?,Courteau97,83.96112745355057,7.903922711075557,3.642662649812525e-11,4.684421673876374e-12,0.33134147642336675,0.0
UGC00732,SA(r)d,Courteau97,59.280080120357596,0.3059939287532335,4.1348794132786993e-11,1.664296534312594e-11,0.6155912198621765,0.0
UGC00732,SA(r)d,Courteau97,59.280080120357596,0.8875514508035781,8.761153324312111e-11,4.2005938854748164e-11,0.5626223618387853,0.0
UGC00732,SA(r)d,Courteau97,59.280080120357596,1.4901899207330378,1.314581165640314e-10,5.89618998496393e-11,0.48262371491485034,0.0
UGC00732,SA(r)d,Courteau97,59.280080120357596,2.0966263610580387,1.9201033295767541e-10,5.604562910835233e-11,0.48307644315017334,0.0
UGC00732,SA(r)d,Courteau97,59.280080120357596,2.661160158049112,1.735600935438645e-10,5.6641345449040474e-11,0.44884927464392527,0.0
UGC00732,SA(r)d,Courteau97,59.280080120357596,3.290493089428207,1.46164178454058e-10,6.015524778287162e-11,0.40473180309206974,0.0
UGC00732,SA(r)d,Courteau97,59.280080120357596,3.9201411599817537,1.3007965474371902e-10,6.069037321509508e-11,0.33240418614776174,0.0
UGC00732,SA(r)d,Courteau97,59.280080120357596,4.422549072133598,1.2969268998391403e-10,5.4952110223478434e-11,0.3468629543517445,0.0
UGC00732,SA(r)d,Courteau97,59.280080120357596,5.057429539669843,1.4145477417726684e-10,4.2621830052616365e-11,0.36224692288553295,0.0
UGC00732,SA(r)d,Courteau97,59.280080120357596,5.690549574576395,1.1785530735581353e-10,4.608975683755969e-11,0.2599318681714344,0.0
UGC00732,SA(r)d,Courteau97,59.280080120357596,6.207750010908299,7.49901580554785e-11,3.918755124810211e-11,0.234574200215991,0.0
UGC00732,SA(r)d,Courteau97,59.280080120357596,6.881912576539889,1.0134632425205046e-10,3.932453252140397e-11,0.21824088809975117,0.0
UGC00732,SA(r)d,Courteau97,59.280080120357596,7.457045916660607,8.128855693132322e-11,2.9036164170283413e-11,0.29766899076809167,0.0
UGC00732,SA(r)d,Courteau97,59.280080120357596,7.951707925241801,8.695086107499547e-11,2.934623739347296e-11,0.29201911215967014,0.0
UGC00732,SA(r)d,Courteau97,59.280080120357596,9.24398283761181,1.2048682112653018e-10,3.057346999795511e-11,0.14824366223681468,0.0
UGC00732,SA(r)d,Courteau97,59.280080120357596,11.640371754781473,1.2328751209793617e-10,1.790492734403341e-11,0.15580825398552783,0.0
UGC00890,SB(s)bc:,Courteau97/ShellFlow,76.56691952848153,0.4485594280224596,4.541811022719273e-11,1.6661430111242065e-11,0.6273521707128528,0.0
UGC00890,SB(s)bc:,Courteau97/ShellFlow,76.56691952848153,1.3238494504103404,9.408189138485339e-11,3.543122457381025e-11,0.5683423643981957,0.0
UGC00890,SB(s)bc:,Courteau97/ShellFlow,76.56691952848153,2.1974058812947574,1.0805907667578239e-10,4.029758492285564e-11,0.5206447971656659,0.0
UGC00890,SB(s)bc:,Courteau97/ShellFlow,76.56691952848153,3.0952030992323367,1.254418558466295e-10,4.25887585978852e-11,0.47316353700321345,0.0
UGC00890,SB(s)bc:,Courteau97/ShellFlow,76.56691952848153,3.9703341817564786,1.0200893920185353e-10,3.651296354942242e-11,0.45940304923873343,0.0
UGC00890,SB(s)bc:,Courteau97/ShellFlow,76.56691952848153,4.843400684607308,9.675340840864403e-11,3.373112957861323e-11,0.41602387289702825,0.0
UGC00890,SB(s)bc:,Courteau97/ShellFlow,76.56691952848153,5.742525132334873,9.202976882121131e-11,2.5643185442522013e-11,0.5275720858281928,0.0
UGC00890,SB(s)bc:,Courteau97/ShellFlow,76.56691952848153,6.615417948324296,8.096825715289185e-11,3.6638975883334045e-11,0.34733137991742724,0.0
UGC00890,SB(s)bc:,Courteau97/ShellFlow,76.56691952848153,7.4788938906403954,9.162884348831537e-11,2.7572440636311786e-11,0.4231413200816878,0.0
UGC00890,SB(s)bc:,Courteau97/ShellFlow,76.56691952848153,8.397978291275786,7.737228406068234e-11,1.932886641621867e-11,0.5074593650330398,0.0
UGC00890,SB(s)bc:,Courteau97/ShellFlow,76.56691952848153,9.24093879839042,7.448188143882342e-11,1.7147932154985615e-11,0.514980618719508,0.0
UGC00890,SB(s)bc:,Courteau97/ShellFlow,76.56691952848153,10.07904496254818,6.67778575460925e-11,1.808718961199933e-11,0.4554156604687074,0.0
UGC00890,SB(s)bc:,Courteau97/ShellFlow,76.56691952848153,11.006959973820086,7.405123621910847e-11,1.941845892929419e-11,0.37171201861033826,0.0
UGC00890,SB(s)bc:,Courteau97/ShellFlow,76.56691952848153,11.904884999070774,6.486258826335119e-11,2.131830298352405e-11,0.2795005792385368,0.0
UGC00890,SB(s)bc:,Courteau97/ShellFlow,76.56691952848153,12.738645837474445,6.717730198487392e-11,2.3535176251209166e-11,0.19091216638553488,0.0
UGC00890,SB(s)bc:,Courteau97/ShellFlow,76.56691952848153,13.64798094253078,6.904362618767486e-11,1.2097062185736228e-11,0.43458704449116303,0.0
UGC00890,SB(s)bc:,Courteau97/ShellFlow,76.56691952848153,14.403879271810537,5.295057005479048e-11,1.7132587893573396e-11,0.22208151552024727,0.0
UGC00890,SB(s)bc:,Courteau97/ShellFlow,76.56691952848153,16.30386770416697,5.849448321460607e-11,1.1862501315994288e-11,0.2708364270077531,0.0
UGC00890,SB(s)bc:,Courteau97/ShellFlow,76.56691952848153,17.304857038276005,5.309843880617893e-11,1.255436606062688e-11,0.1888116003301838,0.0
UGC00899,Sbc,Courteau97,62.1144331639063,0.3735763508108501,1.1509411599374914e-10,1.3228755135227581e-11,0.7564295326043101,0.0
UGC00899,Sbc,Courteau97,62.1144331639063,1.0048826486962563,2.8074733155936086e-10,3.345280953110509e-11,0.7071871388549443,0.0
UGC00899,Sbc,Courteau97,62.1144331639063,1.6810935786488255,2.3142806482309097e-10,5.0268763833791273e-11,0.6348195257406806,0.0
UGC00899,Sbc,Courteau97,62.1144331639063,2.4282462802705256,1.9620827030224167e-10,6.248775660146262e-11,0.5789907418427306,0.0
UGC00899,Sbc,Courteau97,62.1144331639063,3.1753989818922257,1.8425447816747297e-10,7.240823679013941e-11,0.5059120679042559,0.0
UGC00899,Sbc,Courteau97,62.1144331639063,3.9225516835139262,1.760394433018461e-10,7.883733541620905e-11,0.4621900614643596,0.0
UGC00899,Sbc,Courteau97,62.1144331639063,4.669704385135626,1.1230429317995469e-10,8.554300398896414e-11,0.36785379167423105,0.0
UGC00899,Sbc,Courteau97,62.1144331639063,5.416857086757327,1.095066559798268e-10,5.798147866532839e-11,0.4751104245515407,0.0
UGC00899,Sbc,Courteau97,62.1144331639063,6.164009788379027,1.2972644936213803e-10,7.012513205422487e-11,0.3272914209207645,0.0
UGC00899,Sbc,Courteau97,62.1144331639063,6.911162490000727,9.811147943610562e-11,6.683462693925058e-11,0.33549508214355583,0.0
UGC00899,Sbc,Courteau97,62.1144331639063,7.658315191622427,1.2227182003514822e-10,5.918637804145546e-11,0.3462278005945844,0.0
UGC00899,Sbc,Courteau97,62.1144331639063,8.40546789324413,1.45686044240872e-10,5.707135815059547e-11,0.3133727612648111,0.0
UGC00899,Sbc,Courteau97,62.1144331639063,8.939795279858435,1.5981235616073234e-10,4.757690673899238e-11,0.272271849313456,0.0
UGC00899,Sbc,Courteau97,62.1144331639063,9.87373615688556,1.4850966275899295e-10,5.01003414621607e-11,0.2277240511319157,0.0
UGC00899,Sbc,Courteau97,62.1144331639063,10.62088885850726,1.080412264981766e-10,2.7252140845876695e-11,0.48452871349183646,0.0
UGC00899,Sbc,Courteau97,62.1144331639063,11.368041560128962,8.942418090823756e-11,3.6791001869142644e-11,0.30173912711384876,0.0
UGC00899,Sbc,Courteau97,62.1144331639063,11.928406086345236,8.32834300550643e-11,3.943848543589544e-11,0.1889677642540565,0.0
UGC00899,Sbc,Courteau97,62.1144331639063,13.848362119603424,7.300437692456274e-11,2.646398346788618e-11,0.2802863500376703,0.0
UGC00899,Sbc,Courteau97,62.1144331639063,14.221938470414273,7.44955244187013e-11,2.0295806755424306e-11,0.3862748875068874,0.0
UGC00899,Sbc,Courteau97,62.1144331639063,14.595514821225123,8.450077474676332e-11,3.2454973702128995e-11,0.16438231619388927,0.0
UGC00987,SAB0/a Sy2,Courteau97,78.46304096718451,0.3345797109974494,2.0637445597300103e-10,7.003683181734365e-11,0.44929858121794114,0.0
UGC00987,SAB0/a Sy2,Courteau97,78.46304096718451,0.9430535747703198,6.315086989652837e-10,1.4269309960919511e-10,0.3513456540952872,0.0
UGC00987,SAB0/a Sy2,Courteau97,78.46304096718451,1.6680437103294845,4.869711410663055e-10,1.470081544752326e-10,0.2948131972402266,0.0
UGC00987,SAB0/a Sy2,Courteau97,78.46304096718451,2.328049727292561,4.6060258831362595e-10,1.1953220237188026e-10,0.33157215813221635,0.0
UGC00987,SAB0/a Sy2,Courteau97,78.46304096718451,3.0039351319904006,4.027491835883755e-10,1.0658590268459767e-10,0.28184143988083993,0.0
UGC00987,SAB0/a Sy2,Courteau97,78.46304096718451,3.4472431348023176,3.826455333987603e-10,9.441831723511133e-11,0.29184253947824174,0.0
UGC00987,SAB0/a Sy2,Courteau97,78.46304096718451,5.138185529100914,2.1329888517356214e-10,5.7817284180754005e-11,0.26977441620689463,0.0
UGC00987,SAB0/a Sy2,Courteau97,78.46304096718451,5.414365504569365,3.204086179822192e-10,6.19927573725649e-11,0.21275076459432457,0.0
UGC00987,SAB0/a Sy2,Courteau97,78.46304096718451,6.901768536591279,9.154402492289142e-11,3.643821889110131e-11,0.2673496009812075,0.0
UGC00987,SAB0/a Sy2,Courteau97,78.46304096718451,7.8175136101616856,1.315535116794354e-10,3.8412959731216225e-11,0.1646213604164229,0.0
UGC00987,SAB0/a Sy2,Courteau97,78.46304096718451,10.8068842081788,6.630838894900771e-11,1.9567550815335843e-11,0.2134109775824199,0.0
UGC00987,SAB0/a Sy2,Courteau97,78.46304096718451,13.210032313771121,4.9751880552749456e-11,1.4126181695830622e-11,0.1891303260109207,0.0
UGC00987,SAB0/a Sy2,Courteau97,78.46304096718451,13.360229070370641,4.3582687338823764e-11,1.3130139133785889e-11,0.2180549290419154,0.0
UGC01083,Sb,Courteau97,66.50061835138442,0.21540095265798853,9.244747982263992e-11,2.2561125053666988e-11,0.4816951621299211,0.0
UGC01083,Sb,Courteau97,66.50061835138442,0.6258098683732093,2.4784706104640417e-10,5.899983250895296e-11,0.5025632282781667,0.0
UGC01083,Sb,Courteau97,66.50061835138442,1.0935740673405572,3.670883186182034e-10,8.329704120139733e-11,0.44212116952145564,0.0
UGC01083,Sb,Courteau97,66.50061835138442,1.514179477856156,4.0339545706743474e-10,9.278340082764712e-11,0.3822199885593285,0.0
UGC01083,Sb,Courteau97,66.50061835138442,1.934784888371755,3.4803049017101395e-10,9.3375503732529e-11,0.3642034294037732,0.0
UGC01083,Sb,Courteau97,66.50061835138442,2.4025490873391027,3.085394903481061e-10,8.768325277697968e-11,0.3382833082490529,0.0
UGC01083,Sb,Courteau97,66.50061835138442,2.812958003054324,2.1752595260186345e-10,8.276585257874254e-11,0.3137483208955255,0.0
UGC01083,Sb,Courteau97,66.50061835138442,3.2807222020216713,1.7021903232796216e-10,7.221574458062463e-11,0.2841652411764679,0.0
UGC01083,Sb,Courteau97,66.50061835138442,3.7013276125372703,2.286677892970547e-10,6.920753923699024e-11,0.26019709956055664,0.0
UGC01083,Sb,Courteau97,66.50061835138442,4.121933023052869,2.2337450877246674e-10,6.347586419135805e-11,0.2592947349011959,0.0
UGC01083,Sb,Courteau97,66.50061835138442,4.542538433568469,1.5732474118611605e-10,5.780901820881522e-11,0.25028981045574333,0.0
UGC01083,Sb,Courteau97,66.50061835138442,4.963143844084067,1.0326254917475442e-10,5.306909860202722e-11,0.23078905969681132,0.0
UGC01083,Sb,Courteau97,66.50061835138442,5.430908043051415,1.3956797073519923e-10,4.780410693165741e-11,0.21474858647074052,0.0
UGC01083,Sb,Courteau97,66.50061835138442,5.841316958766636,1.0491319867548366e-10,3.847097551088727e-11,0.2428750692020163,0.0
UGC01083,Sb,Courteau97,66.50061835138442,6.275305268707731,1.1424874307648091e-10,3.461822747834502e-11,0.27726558248482824,0.0
UGC01083,Sb,Courteau97,66.50061835138442,6.763250030300828,7.312303699183784e-11,3.4427767551531334e-11,0.228816291230715,0.0
UGC01083,Sb,Courteau97,66.50061835138442,7.166861282815795,9.83931892735701e-11,3.2175837514247246e-11,0.1844012728637787,0.0
UGC01083,Sb,Courteau97,66.50061835138442,7.6384491673332855,7.619072992117564e-11,2.5585399481481933e-11,0.27045989209099563,0.0
UGC01083,Sb,Courteau97,66.50061835138442,8.059054577848883,8.226048782115518e-11,2.822202099578345e-11,0.18568010805664995,0.0
UGC01083,Sb,Courteau97,66.50061835138442,8.428677514362594,5.1244899289361414e-11,2.2146493375127733e-11,0.2584013100602043,0.0
UGC01083,Sb,Courteau97,66.50061835138442,8.681040760671952,4.328659291992567e-11,2.438607323147017e-11,0.17000323957118924,0.0
UGC01118,SA(s)dm:,Courteau97,80.19149416875719,0.2914691843017477,1.6428774404051817e-11,3.541176717047893e-12,0.6380118242399151,0.0
UGC01118,SA(s)dm:,Courteau97,80.19149416875719,0.8430313286306449,1.8823227458448955e-11,8.077772187461445e-12,0.6077822204063767,0.0
UGC01118,SA(s)dm:,Courteau97,80.19149416875719,1.3945934729595422,6.034525300663904e-11,9.219529760269536e-12,0.6010899692171452,0.0
UGC01118,SA(s)dm:,Courteau97,80.19149416875719,1.935696875863573,3.722411500539964e-11,9.155152122376827e-12,0.6119250794886005,0.0
UGC01118,SA(s)dm:,Courteau97,80.19149416875719,2.4963203514895884,3.1593845574632265e-11,8.950738586274749e-12,0.6154043319528005,0.0
UGC01118,SA(s)dm:,Courteau97,80.19149416875719,3.0478824958184854,3.8721083897784505e-11,8.609317828205533e-12,0.6169040751865972,0.0
UGC01118,SA(s)dm:,Courteau97,80.19149416875719,3.54532993295033,5.5050926699056576e-11,9.35036619779821e-12,0.605742823908918,0.0
UGC01118,SA(s)dm:,Courteau97,80.19149416875719,4.150308079412405,5.711569328430174e-11,9.794432663021494e-12,0.5556766233425496,0.0
UGC01118,SA(s)dm:,Courteau97,80.19149416875719,4.7011715186774286,4.4271536329808595e-11,1.0798623233274264e-11,0.5390368115208971,0.0
UGC01118,SA(s)dm:,Courteau97,80.19149416875719,5.252733663006326,5.355560813803959e-11,1.0004346010228016e-11,0.557204061320785,0.0
UGC01118,SA(s)dm:,Courteau97,80.19149416875719,5.776120525634498,5.1696330342736284e-11,1.0847937466592233e-11,0.5109904214120687,0.0
UGC01118,SA(s)dm:,Courteau97,80.19149416875719,6.364919282961239,4.950339613083897e-11,1.1159375364375098e-11,0.47386877407635275,0.0
UGC01118,SA(s)dm:,Courteau97,80.19149416875719,6.90602268586527,4.608979211948751e-11,1.1755281109067646e-11,0.4244911451016722,0.0
UGC01118,SA(s)dm:,Courteau97,80.19149416875719,7.4575848301941665,4.492784385204764e-11,1.265190601162587e-11,0.3623835066893437,0.0
UGC01118,SA(s)dm:,Courteau97,80.19149416875719,7.981454547928981,5.789107912570327e-11,8.342074911685452e-12,0.47160353044437797,0.0
UGC01118,SA(s)dm:,Courteau97,80.19149416875719,8.459593395389426,5.535741452285154e-11,9.807848360569226e-12,0.4167108515070645,0.0
UGC01118,SA(s)dm:,Courteau97,80.19149416875719,9.237776160279251,2.810535578283189e-11,1.0206493315905823e-11,0.3557217529898151,0.0
UGC01118,SA(s)dm:,Courteau97,80.19149416875719,9.497170415242527,3.200732183336796e-11,7.577143442360213e-12,0.45869038030062775,0.0
UGC01118,SA(s)dm:,Courteau97,80.19149416875719,11.05353594502218,5.3465684531153086e-11,9.596659607149115e-12,0.26662159519164846,0.0
UGC01152,Sb,Courteau97,58.472179090237866,0.3131749603665188,1.3333748441829003e-10,2.0192005727281542e-11,0.6406984380116189,0.0
UGC01152,Sb,Courteau97,58.472179090237866,0.9412705083266673,1.7885670886432134e-10,5.596629095181996e-11,0.5807084762911896,0.0
UGC01152,Sb,Courteau97,58.472179090237866,1.541341662424551,2.3257267344325279e-10,7.735013688207042e-11,0.5027427124094949,0.0
UGC01152,Sb,Courteau97,58.472179090237866,2.141412816522435,2.2404080044793289e-10,8.288996597321246e-11,0.46081512741174496,0.0
UGC01152,Sb,Courteau97,58.472179090237866,2.7695083644825833,1.900158722400218e-10,8.166446882405308e-11,0.4311448756257294,0.0
UGC01152,Sb,Courteau97,58.472179090237866,3.4270012185295613,1.840407837103936e-10,7.850871010533366e-11,0.35641605948606403,0.0
UGC01152,Sb,Courteau97,58.472179090237866,4.052679173878263,1.9362659363372708e-10,6.854153254062767e-11,0.41163151337538006,0.0
UGC01152,Sb,Courteau97,58.472179090237866,4.60170252636172,1.5940209006487365e-10,7.2541651544925e-11,0.3116060657574193,0.0
UGC01152,Sb,Courteau97,58.472179090237866,5.224096141371537,1.4818474800522938e-10,6.819014705860566e-11,0.3281125629200223,0.0
UGC01152,Sb,Courteau97,58.472179090237866,5.885122711075558,1.170401685621658e-10,5.2143678913277446e-11,0.3774725554789206,0.0
UGC01152,Sb,Courteau97,58.472179090237866,6.5165207970329435,9.120055644933525e-11,4.487958258090995e-11,0.38674856670117236,0.0
UGC01152,Sb,Courteau97,58.472179090237866,7.146220434877463,9.432086851376034e-11,4.111414508537148e-11,0.3737040584712698,0.0
UGC01152,Sb,Courteau97,58.472179090237866,7.7175662482728535,1.0231779427387443e-10,4.4263779007407294e-11,0.29401624627575274,0.0
UGC01152,Sb,Courteau97,58.472179090237866,8.365989254599667,1.1475728138022602e-10,4.494643955705735e-11,0.23093880681465767,0.0
UGC01152,Sb,Courteau97,58.472179090237866,8.996838883353938,9.163006222973632e-11,4.1228303356596514e-11,0.19709000470925334,0.0
UGC01152,Sb,Courteau97,58.472179090237866,9.644425302887063,7.611057649015583e-11,2.631711814211927e-11,0.36326744097402164,0.0
UGC01152,Sb,Courteau97,58.472179090237866,10.204106417278743,6.150659762274125e-11,3.2669462026266443e-11,0.22260575423420087,0.0
UGC01152,Sb,Courteau97,58.472179090237866,10.813382216566069,7.708246961617657e-11,2.9327964449334284e-11,0.17281129627991754,0.0
UGC01152,Sb,Courteau97,58.472179090237866,11.449918108064868,6.082477039849421e-11,2.4651327715431062e-11,0.2528249015555299,0.0
UGC01152,Sb,Courteau97,58.472179090237866,12.074479940367972,4.7225155714288795e-11,2.740207919922675e-11,0.16511672655956897,0.0
UGC01152,Sb,Courteau97,58.472179090237866,12.394849715657044,4.605131538533343e-11,2.3485372474049756e-11,0.19673796720437065,0.0
UGC01235,Sbc,Courteau97,54.55313586491825,0.1447740397062032,7.534949160870493e-11,5.9885864207652795e-12,0.47098545471249154,0.0
UGC01235,Sbc,Courteau97,54.55313586491825,0.4905075267253291,2.5227090097422135e-10,1.9994932017431927e-11,0.624580935041259,0.0
UGC01235,Sbc,Courteau97,54.55313586491825,0.8829135481055923,1.7923152747132373e-10,3.03669876796773e-11,0.5907504572788592,0.0
UGC01235,Sbc,Courteau97,54.55313586491825,1.2286470351247185,2.0301245880708373e-10,3.662277225117983e-11,0.5386065829723523,0.0
UGC01235,Sbc,Courteau97,54.55313586491825,1.5181951145371249,1.8059358224724003e-10,4.0568171938667537e-11,0.5387444786134133,0.0
UGC01235,Sbc,Courteau97,54.55313586491825,1.910601135917388,9.583612611056065e-11,4.344425831187528e-11,0.5100168699683048,0.0
UGC01235,Sbc,Courteau97,54.55313586491825,2.2563346229365138,6.97973663929153e-11,4.597040417944231e-11,0.484774006446253,0.0
UGC01235,Sbc,Courteau97,54.55313586491825,2.6020681099556398,6.232267562302814e-11,4.7973698978749006e-11,0.43082628104747195,0.0
UGC01235,Sbc,Courteau97,54.55313586491825,2.943045160351975,8.010294946151169e-11,4.9715059721432513e-11,0.4061821749096459,0.0
UGC01235,Sbc,Courteau97,54.55313586491825,3.2840222107483097,8.83598793551992e-11,4.7803592823375774e-11,0.40892825957443474,0.0
UGC01235,Sbc,Courteau97,54.55313586491825,3.6297556977674352,1.1129491572724374e-10,4.680270302951585e-11,0.39743520677169947,0.0
UGC01235,Sbc,Courteau97,54.55313586491825,3.975489184786561,1.1728880890126508e-10,4.669801648799839e-11,0.36972496975454394,0.0
UGC01235,Sbc,Courteau97,54.55313586491825,4.3164662351828955,6.993581771349579e-11,4.4679580468365325e-11,0.3427280837973473,0.0
UGC01235,Sbc,Courteau97,54.55313586491825,4.657443285579231,7.587178770365713e-11,3.784977584810436e-11,0.3553336525324054,0.0
UGC01235,Sbc,Courteau97,54.55313586491825,5.003176772598357,7.122012779545828e-11,3.4395633205891444e-11,0.42092352760665785,0.0
UGC01235,Sbc,Courteau97,54.55313586491825,5.348910259617483,9.873127283625016e-11,4.1839966379618613e-11,0.31984302334654835,0.0
UGC01235,Sbc,Courteau97,54.55313586491825,5.633701902407098,5.497991274488277e-11,3.499298292440087e-11,0.30525403419483965,0.0
UGC01235,Sbc,Courteau97,54.55313586491825,6.030864360410152,9.440160322548932e-11,3.428547601560689e-11,0.3377839888842079,0.0
UGC01235,Sbc,Courteau97,54.55313586491825,6.418513945167625,8.405867251427191e-11,4.1618677524860555e-11,0.20665041835765413,0.0
UGC01235,Sbc,Courteau97,54.55313586491825,6.712818461202822,7.590122172186012e-11,3.053284771784569e-11,0.3034215023269006,0.0
UGC01235,Sbc,Courteau97,54.55313586491825,6.909021471892954,7.082168571683043e-11,3.6616734295217775e-11,0.1565715340074933,0.0
UGC01498,S,ShellFlow,54.057290486438184,0.18200491600610866,5.555449147431201e-11,1.802195700444037e-11,0.5101519684436419,0.0
UGC01498,S,ShellFlow,54.057290486438184,0.546014748018326,4.3555660526492755e-11,4.98654342350354e-11,0.5698257588663531,0.0
UGC01498,S,ShellFlow,54.057290486438184,0.9100245800305433,7.961884742392963e-11,7.083493023413924e-11,0.5517103471455337,0.0
UGC01498,S,ShellFlow,54.057290486438184,1.2740344120427607,1.5790281213867307e-10,8.633744996889328e-11,0.4961494118833995,0.0
UGC01498,S,ShellFlow,54.057290486438184,1.6380442440549778,1.8626173494620859e-10,9.890769772712007e-11,0.45438252975956733,0.0
UGC01498,S,ShellFlow,54.057290486438184,2.0020540760671954,2.0609172147854496e-10,1.063341757014979e-10,0.4116502638649734,0.0
UGC01498,S,ShellFlow,54.057290486438184,2.3660639080794126,2.0516959481403872e-10,1.0510609428541704e-10,0.37880717978982387,0.0
UGC01498,S,ShellFlow,54.057290486438184,2.7300737400916297,2.0037726491236433e-10,1.007484577758177e-10,0.3750153052616955,0.0
UGC01498,S,ShellFlow,54.057290486438184,3.0940835721038473,1.8890710477142872e-10,9.916896669556867e-11,0.3071200003083799,0.0
UGC01498,S,ShellFlow,54.057290486438184,3.4580934041160645,1.7745447292547838e-10,9.91359389311289e-11,0.27579441089925927,0.0
UGC01498,S,ShellFlow,54.057290486438184,3.822103236128282,1.6963618593345914e-10,9.558392848046208e-11,0.25172772315748,0.0
UGC01498,S,ShellFlow,54.057290486438184,4.186113068140499,1.5313710924189427e-10,8.984071908938434e-11,0.21675352264326758,0.0
UGC01498,S,ShellFlow,54.057290486438184,4.549243649350754,1.481085589610933e-10,8.032505557120987e-11,0.19758106047933383,0.0
UGC01498,S,ShellFlow,54.057290486438184,5.002497437762102,1.4633049875491782e-10,7.323239652741972e-11,0.17339125473095643,0.0
UGC01498,S,ShellFlow,54.057290486438184,5.277263313375189,1.1540177033737458e-10,7.234548337985661e-11,0.18962233415111646,0.0
UGC01498,S,ShellFlow,54.057290486438184,5.730517101786537,1.349152422866562e-10,6.667148989075592e-11,0.14892225770864181,0.0
UGC01498,S,ShellFlow,54.057290486438184,6.0087999806074714,8.117466637038326e-11,5.496929306760616e-11,0.1721599347538711,0.0
UGC01498,S,ShellFlow,54.057290486438184,7.2775588878384605,1.377787345290584e-10,3.7982865654073366e-11,0.16527395996886998,0.0
UGC01531,Sb,Courteau97,76.27991884610285,0.3304207693985892,4.996174812402486e-10,1.2444797729469264e-11,0.7008330998097918,0.0
UGC01531,Sb,Courteau97,76.27991884610285,1.0595158913695166,1.9865750977444796e-11,3.590588451171239e-11,0.6291283109567497,0.0
UGC01531,Sb,Courteau97,76.27991884610285,1.8913084585363489,1.1970946894911205e-10,4.733308797034354e-11,0.5646389981983304,0.0
UGC01531,Sb,Courteau97,76.27991884610285,2.6433661551887138,1.1122221358082393e-10,5.134337082566047e-11,0.5683339692500042,0.0
UGC01531,Sb,Courteau97,76.27991884610285,3.26465732916394,1.23630944084938e-10,4.9128909937386893e-11,0.5574379902988942,0.0
UGC01531,Sb,Courteau97,76.27991884610285,4.056265390638257,1.629426744237825e-10,5.1174410770292134e-11,0.490804461891782,0.0
UGC01531,Sb,Courteau97,76.27991884610285,4.865095383123652,1.6220042249445977e-10,4.429569229457899e-11,0.5101215484340675,0.0
UGC01531,Sb,Courteau97,76.27991884610285,5.617153079776017,1.30189169644203e-10,5.307262673910004e-11,0.4730290318537631,0.0
UGC01531,Sb,Courteau97,76.27991884610285,6.369210776428381,1.1029846595791086e-10,3.417386687441035e-11,0.588766677511389,0.0
UGC01531,Sb,Courteau97,76.27991884610285,7.178040768913776,1.2307784049044973e-10,4.64858981977386e-11,0.33698634810190825,0.0
UGC01531,Sb,Courteau97,76.27991884610285,7.8618448823923925,1.194524244672921e-10,3.8668418596128134e-11,0.4151844104908514,0.0
UGC01531,Sb,Courteau97,76.27991884610285,8.551389639541368,1.1499733863936315e-10,2.8301283988850016e-11,0.5544197042462163,0.0
UGC01531,Sb,Courteau97,76.27991884610285,9.342997701015685,1.2237252404445796e-10,2.7432706692094985e-11,0.5351593927371766,0.0
UGC01531,Sb,Courteau97,76.27991884610285,10.15182769350108,9.77172765470015e-11,3.207931400040336e-11,0.43093805664413803,0.0
UGC01531,Sb,Courteau97,76.27991884610285,10.903885390153444,1.0419593712250462e-10,4.290459092525392e-11,0.2562029615742125,0.0
UGC01531,Sb,Courteau97,76.27991884610285,12.681649257023732,7.58750479649843e-11,2.626569672603483e-11,0.2948308658955049,0.0
UGC01531,Sb,Courteau97,76.27991884610285,13.012070026422322,6.69876390357088e-11,3.777010104774805e-11,0.1765006072377974,0.0
UGC01531,Sb,Courteau97,76.27991884610285,14.00333233461809,8.625290482850747e-11,2.6920436792230395e-11,0.17469452342463204,0.0
UGC01531,Sb,Courteau97,76.27991884610285,14.498963488715972,8.163004276139935e-11,2.812392127055834e-11,0.19598063516983136,0.0
UGC01531,Sb,Courteau97,76.27991884610285,14.994594642813857,7.294111454383599e-11,1.932930067878693e-11,0.34426674885951014,0.0
UGC01536,Sbc,Courteau97,67.40369182691398,0.3158659879281507,4.050357871287672e-11,8.667926511029194e-12,0.7591454141792122,0.0
UGC01536,Sbc,Courteau97,67.40369182691398,0.8839461813686279,1.0701121577778003e-10,2.2636643266597742e-11,0.7219023890869493,0.0
UGC01536,Sbc,Courteau97,67.40369182691398,1.3271157341284272,1.4513834876662764e-10,3.0658224711007034e-11,0.6780262289531716,0.0
UGC01536,Sbc,Courteau97,67.40369182691398,1.895195927568904,1.9636140442736322e-10,3.8946263580288545e-11,0.6432118195324119,0.0
UGC01536,Sbc,Courteau97,67.40369182691398,2.463276121009381,2.1297793803809638e-10,4.6951046480117476e-11,0.5942418556949542,0.0
UGC01536,Sbc,Courteau97,67.40369182691398,2.9064456737691806,2.0592751857217756e-10,4.904870818375125e-11,0.5336190334740584,0.0
UGC01536,Sbc,Courteau97,67.40369182691398,3.4745258672096577,2.0280733003411742e-10,4.848303155442226e-11,0.5436875684205654,0.0
UGC01536,Sbc,Courteau97,67.40369182691398,4.106257843065959,2.1150919451193848e-10,4.953590460547699e-11,0.5497118467814857,0.0
UGC01536,Sbc,Courteau97,67.40369182691398,4.674338036506436,1.7708925909472394e-10,5.4080479876097865e-11,0.42148443271295144,0.0
UGC01536,Sbc,Courteau97,67.40369182691398,5.117507589266235,1.7298014871224967e-10,5.0129323582623265e-11,0.44743123986409594,0.0
UGC01536,Sbc,Courteau97,67.40369182691398,5.685587782706712,1.7823675760712403e-10,5.508668762791419e-11,0.37006479835611183,0.0
UGC01536,Sbc,Courteau97,67.40369182691398,6.317319758563014,1.3729340247125866e-10,6.077253142513352e-11,0.3310829092445959,0.0
UGC01536,Sbc,Courteau97,67.40369182691398,6.791118740455239,1.3512673295934257e-10,3.819821509490658e-11,0.4769647781640181,0.0
UGC01536,Sbc,Courteau97,67.40369182691398,7.264917722347466,1.264505505384897e-10,4.220643984433557e-11,0.4530304125270962,0.0
UGC01536,Sbc,Courteau97,67.40369182691398,7.896649698203767,1.316653290551359e-10,4.774705550122695e-11,0.3604039361735327,0.0
UGC01536,Sbc,Courteau97,67.40369182691398,8.464729891644245,1.0558026510614696e-10,5.657223651103129e-11,0.2447884428388299,0.0
UGC01536,Sbc,Courteau97,67.40369182691398,8.907899444404043,9.673313247338763e-11,3.075403462145972e-11,0.47286472028243726,0.0
UGC01536,Sbc,Courteau97,67.40369182691398,9.475979637844521,1.0070851403197932e-10,4.5070965106220047e-11,0.27242159277260375,0.0
UGC01536,Sbc,Courteau97,67.40369182691398,10.044059831284999,9.459957275135532e-11,3.518580460548906e-11,0.23474062444287613,0.0
UGC01536,Sbc,Courteau97,67.40369182691398,10.54848824230965,5.845937648115787e-11,3.433898105475958e-11,0.3089859239109442,0.0
UGC01536,Sbc,Courteau97,67.40369182691398,10.864354230237801,6.873506312309867e-11,2.287959796684768e-11,0.4658320748597792,0.0
UGC01622,Scd:,Courteau97,65.26866400775137,0.30782977238019055,1.1564248446389444e-11,1.0886769100566544e-11,0.7591442618310786,0.0
UGC01622,Scd:,Courteau97,65.26866400775137,0.9234893171405716,7.477707582961332e-11,3.102995673331247e-11,0.7253239527345583,0.0
UGC01622,Scd:,Courteau97,65.26866400775137,1.5774462022694646,1.8529115256859863e-10,4.920828211903196e-11,0.6379629484806257,0.0
UGC01622,Scd:,Courteau97,65.26866400775137,2.2317658497563815,2.613639820702101e-10,6.281748251421359e-11,0.5934110354764455,0.0
UGC01622,Scd:,Courteau97,65.26866400775137,2.8474253945167627,2.0746279331071711e-10,7.195393727429818e-11,0.5206911879081874,0.0
UGC01622,Scd:,Courteau97,65.26866400775137,3.4975473632894043,1.5362638058148698e-10,7.836383843568869e-11,0.4809446225533267,0.0
UGC01622,Scd:,Courteau97,65.26866400775137,4.155701927132572,1.7833133881305477e-10,7.089727199295873e-11,0.45415600784809973,0.0
UGC01622,Scd:,Courteau97,65.26866400775137,4.771361471892954,1.7433735294985226e-10,7.241284840911644e-11,0.47526160269044654,0.0
UGC01622,Scd:,Courteau97,65.26866400775137,5.3870210166533345,1.7222214043014464e-10,5.564912941432097e-11,0.5295635933435215,0.0
UGC01622,Scd:,Courteau97,65.26866400775137,6.002680561413715,1.7334448164800025e-10,5.2625084235381975e-11,0.4929146370601143,0.0
UGC01622,Scd:,Courteau97,65.26866400775137,6.618340106174097,1.1522575134020237e-10,4.8340747759122605e-11,0.4882382805949073,0.0
UGC01622,Scd:,Courteau97,65.26866400775137,7.233999650934478,1.0146914976692416e-10,3.933459682035812e-11,0.5554889781783824,0.0
UGC01622,Scd:,Courteau97,65.26866400775137,7.816344285264102,1.0696504114913297e-10,4.4284219361501955e-11,0.5007773321647513,0.0
UGC01622,Scd:,Courteau97,65.26866400775137,8.438888911513507,9.213684776684231e-11,5.695269969170054e-11,0.3703374460046263,0.0
UGC01622,Scd:,Courteau97,65.26866400775137,9.054548456273887,9.74632485861684e-11,6.808558323504414e-11,0.2564996401555874,0.0
UGC01622,Scd:,Courteau97,65.26866400775137,9.670208001034268,1.0281132718903299e-10,2.92684536350418e-11,0.5527831845015666,0.0
UGC01622,Scd:,Courteau97,65.26866400775137,10.330098641876551,1.1699460469868712e-10,4.2178555929360323e-11,0.38584252058941726,0.0
UGC01622,Scd:,Courteau97,65.26866400775137,11.060650207742468,1.3105337999162406e-10,5.7970393820603533e-11,0.21313348457765557,0.0
UGC01622,Scd:,Courteau97,65.26866400775137,11.619796559442142,9.804634308454153e-11,2.8088594393862345e-11,0.48334462647731735,0.0
UGC01622,Scd:,Courteau97,65.26866400775137,12.122429718081111,9.256216371045461e-11,5.299260785415073e-11,0.17934564608175496,0.0
UGC01622,Scd:,Courteau97,65.26866400775137,12.584174376651397,1.1858240776905855e-10,3.39124750413104e-11,0.3289772048933366,0.0
UGC01706,Scd:,Courteau97,70.3522182021376,0.19539603519744017,2.125243988658732e-11,6.108109438038687e-12,0.6110658940657222,0.0
UGC01706,Scd:,Courteau97,70.3522182021376,0.5586198531015927,7.359223740160942e-11,1.6177740280173948e-11,0.6547431179215473,0.0
UGC01706,Scd:,Courteau97,70.3522182021376,0.8778311977310741,7.850220933808197e-11,2.2890878496545805e-11,0.6339434960760234,0.0
UGC01706,Scd:,Courteau97,70.3522182021376,1.1970425423605557,9.200666620323934e-11,2.74663043975149e-11,0.6020561860943191,0.0
UGC01706,Scd:,Courteau97,70.3522182021376,1.5602663602647078,6.028074702754979e-11,3.0042017248034386e-11,0.5984422792910238,0.0
UGC01706,Scd:,Courteau97,70.3522182021376,1.9510584306595884,8.8158655124538e-11,3.096393987069847e-11,0.5742490364764185,0.0
UGC01706,Scd:,Courteau97,70.3522182021376,2.3142822485637407,8.665349628011097e-11,3.1070316707788856e-11,0.5879790623111499,0.0
UGC01706,Scd:,Courteau97,70.3522182021376,2.633493593193222,9.952199237599558e-11,3.371704768419295e-11,0.5646428145742202,0.0
UGC01706,Scd:,Courteau97,70.3522182021376,2.9527049378227037,1.1266501849851267e-10,3.6230222298390794e-11,0.5488613727249609,0.0
UGC01706,Scd:,Courteau97,70.3522182021376,3.3159287557268557,1.1846776675764974e-10,3.624513242380345e-11,0.5449883729119377,0.0
UGC01706,Scd:,Courteau97,70.3522182021376,3.7067208261217366,1.2089479275666456e-10,3.553403912547541e-11,0.5322223610789016,0.0
UGC01706,Scd:,Courteau97,70.3522182021376,4.069944644025889,1.0456885169371356e-10,3.700884889279532e-11,0.5080068827254619,0.0
UGC01706,Scd:,Courteau97,70.3522182021376,4.38915598865537,1.0955374941155704e-10,4.413831409730108e-11,0.4373162796912444,0.0
UGC01706,Scd:,Courteau97,70.3522182021376,4.708367333284851,7.614456869223034e-11,5.064822301736676e-11,0.3407244327568745,0.0
UGC01706,Scd:,Courteau97,70.3522182021376,5.027578677914333,8.672990449519212e-11,4.054661355788985e-11,0.3679913852962325,0.0
UGC01706,Scd:,Courteau97,70.3522182021376,5.433041572734104,8.471589018652673e-11,3.900402568002181e-11,0.3963492617120107,0.0
UGC01706,Scd:,Courteau97,70.3522182021376,5.781594566213366,8.324178199747761e-11,4.874565082015629e-11,0.2736723432665046,0.0
UGC01706,Scd:,Courteau97,70.3522182021376,6.144818384117519,9.604962777697563e-11,4.1886080287089526e-11,0.19084759650425273,0.0
UGC01706,Scd:,Courteau97,70.3522182021376,6.4640297287470005,1.1451073477433189e-10,3.9821064234245256e-11,0.2867082105928481,0.0
UGC01706,Scd:,Courteau97,70.3522182021376,6.827253546651153,8.012154969047062e-11,4.363790536049595e-11,0.16415590883779313,0.0
UGC01792,SAB(r)c,ShellFlow,55.86153414703626,0.30612912224565486,2.405659229506801e-10,3.766950453970762e-11,0.49595122714883433,0.0
UGC01792,SAB(r)c,ShellFlow,55.86153414703626,0.8721210006544978,2.1113207204700095e-10,8.44257319796389e-11,0.4719031639979708,0.0
UGC01792,SAB(r)c,ShellFlow,55.86153414703626,1.9775787075849032,3.749805963768205e-10,9.82191055060761e-11,0.4327324898631027,0.0
UGC01792,SAB(r)c,ShellFlow,55.86153414703626,2.7013560300260995,3.503255792171327e-10,8.199608150446019e-11,0.4437549822400893,0.0
UGC01792,SAB(r)c,ShellFlow,55.86153414703626,3.4584108646643883,2.784368698597698e-10,8.438592937259882e-11,0.40333085087321335,0.0
UGC01792,SAB(r)c,ShellFlow,55.86153414703626,4.197387545148231,2.5036763134158286e-10,8.03465478259056e-11,0.36822190933544485,0.0
UGC01792,SAB(r)c,ShellFlow,55.86153414703626,4.993352638457464,2.3092019061617677e-10,7.339788096021797e-11,0.3244923212706978,0.0
UGC01792,SAB(r)c,ShellFlow,55.86153414703626,5.808356708603011,1.882266213838674e-10,4.8517817869451226e-11,0.43880064963733184,0.0
UGC01792,SAB(r)c,ShellFlow,55.86153414703626,6.464490890262526,1.9786089069791106e-10,4.607897123709552e-11,0.3858753767571107,0.0
UGC01792,SAB(r)c,ShellFlow,55.86153414703626,7.500549048069232,1.435057811795137e-10,5.2431110942796326e-11,0.29269136577297705,0.0
UGC01792,SAB(r)c,ShellFlow,55.86153414703626,8.035182611688848,1.5116883838440693e-10,5.754538906808159e-11,0.19482409906444131,0.0
UGC01792,SAB(r)c,ShellFlow,55.86153414703626,8.638701653697913,1.3287321623282852e-10,3.816243769797653e-11,0.2812358879175079,0.0
UGC01792,SAB(r)c,ShellFlow,55.86153414703626,9.857820399970912,1.4418117104148207e-10,3.896907085305134e-11,0.21274553927187909,0.0
UGC01792,SAB(r)c,ShellFlow,55.86153414703626,10.419442677138633,9.515372817487191e-11,2.5551319002296654e-11,0.34516488699225656,0.0
UGC01792,SAB(r)c,ShellFlow,55.86153414703626,11.134000997745618,9.797852023497142e-11,2.663683515746644e-11,0.29187539817578917,0.0
UGC01792,SAB(r)c,ShellFlow,55.86153414703626,11.779416804596028,1.1360997994790756e-10,3.323632237605281e-11,0.16126798203988474,0.0
UGC01792,SAB(r)c,ShellFlow,55.86153414703626,13.464283636099193,9.967947477701343e-11,2.134587430551799e-11,0.22848020730431162,0.0
UGC01792,SAB(r)c,ShellFlow,55.86153414703626,14.351055652679806,8.052101370787e-11,2.3539059043755328e-11,0.13460325766956285,0.0
UGC01792,SAB(r)c,ShellFlow,55.86153414703626,14.971796064286234,1.1994427996457536e-10,1.749768484682195e-11,0.21677058289748052,0.0
UGC01792,SAB(r)c,ShellFlow,55.86153414703626,15.41518207257654,1.0596717068318503e-10,1.8375908208708217e-11,0.12148090660084543,0.0
UGC01812,Scd:,Courteau97,70.30864141934946,0.1531210239255327,1.4873766509270093e-11,4.0446729126616294e-12,0.4948892239519609,0.0
UGC01812,Scd:,Courteau97,70.30864141934946,0.4593630717765981,5.500279854706967e-11,1.1649479255583277e-11,0.6526065016190246,0.0
UGC01812,Scd:,Courteau97,70.30864141934946,0.7656051196276634,9.584867483555095e-11,1.8016764941303015e-11,0.6104267838150125,0.0
UGC01812,Scd:,Courteau97,70.30864141934946,1.0718471674787287,1.1255488809036981e-10,2.3864718221298193e-11,0.5682418886534802,0.0
UGC01812,Scd:,Courteau97,70.30864141934946,1.3780892153297941,1.139905079101569e-10,2.865923291658761e-11,0.5079117648753166,0.0
UGC01812,Scd:,Courteau97,70.30864141934946,1.6438856593863882,1.2898410404940134e-10,3.068041839491486e-11,0.4920780534722378,0.0
UGC01812,Scd:,Courteau97,70.30864141934946,1.9140127990691587,9.978655345156686e-11,3.12147714854722e-11,0.483301720706645,0.0
UGC01812,Scd:,Courteau97,70.30864141934946,2.2202548469202243,7.682475260062515e-11,3.060598367713836e-11,0.4686679253539963,0.0
UGC01812,Scd:,Courteau97,70.30864141934946,2.5264968947712894,9.675923326270548e-11,3.03020639633366e-11,0.4640961027960978,0.0
UGC01812,Scd:,Courteau97,70.30864141934946,2.832738942622355,1.1091091490705893e-10,2.9463223042429874e-11,0.4695223806815925,0.0
UGC01812,Scd:,Courteau97,70.30864141934946,3.1389809904734203,1.1269403475154867e-10,2.899535112484508e-11,0.46510589942054925,0.0
UGC01812,Scd:,Courteau97,70.30864141934946,3.4601484714647017,8.923981582965499e-11,2.9024053279273527e-11,0.4504302643784851,0.0
UGC01812,Scd:,Courteau97,70.30864141934946,3.7514650861755507,7.754045055423978e-11,3.016460061159377e-11,0.4123179480756835,0.0
UGC01812,Scd:,Courteau97,70.30864141934946,4.057707134026616,7.989222153392442e-11,2.9432925340997696e-11,0.3776373460144906,0.0
UGC01812,Scd:,Courteau97,70.30864141934946,4.363949181877682,8.40462438737476e-11,2.5523824304044587e-11,0.41450008818835654,0.0
UGC01812,Scd:,Courteau97,70.30864141934946,4.670191229728747,1.0886796389525591e-10,2.6826384524589023e-11,0.4104639737694195,0.0
UGC01812,Scd:,Courteau97,70.30864141934946,4.976433277579813,1.1097600226597445e-10,3.195188762284333e-11,0.2986286348387582,0.0
UGC01812,Scd:,Courteau97,70.30864141934946,5.267749892290662,7.658054195109528e-11,2.494411253743745e-11,0.3620627687729346,0.0
UGC01848,Sb,Courteau97,67.35348838713614,0.4500152716166097,3.961916508791022e-10,1.722301571717012e-11,0.7720883496915589,0.0
UGC01848,Sb,Courteau97,67.35348838713614,1.350045814849829,3.8625509229120883e-10,4.858604685414402e-11,0.6834191367890917,0.0
UGC01848,Sb,Courteau97,67.35348838713614,2.2500763580830485,3.43451226373278e-10,6.795254922512687e-11,0.6110436431324446,0.0
UGC01848,Sb,Courteau97,67.35348838713614,3.150106901316268,3.261377028937625e-10,8.22701128557103e-11,0.5258093944256537,0.0
UGC01848,Sb,Courteau97,67.35348838713614,4.155277376190822,2.5900136109712144e-10,8.662918604474644e-11,0.4482340477047115,0.0
UGC01848,Sb,Courteau97,67.35348838713614,5.175175623591011,2.3232662549608466e-10,9.393743114876966e-11,0.41731535579255097,0.0
UGC01848,Sb,Courteau97,67.35348838713614,6.0752061668242305,1.8604540616664483e-10,7.976522851386383e-11,0.3502665973859476,0.0
UGC01848,Sb,Courteau97,67.35348838713614,6.97523671005745,1.6620115723295773e-10,7.747995465978097e-11,0.3855965563865431,0.0
UGC01848,Sb,Courteau97,67.35348838713614,7.875267253290669,1.6994788645127156e-10,4.764954646376449e-11,0.5225319086007486,0.0
UGC01848,Sb,Courteau97,67.35348838713614,8.775297796523889,1.709086621121207e-10,4.129481213004621e-11,0.5097623743016559,0.0
UGC01848,Sb,Courteau97,67.35348838713614,9.62555392335103,1.2151567272205293e-10,3.695502132789524e-11,0.5197738472186838,0.0
UGC01848,Sb,Courteau97,67.35348838713614,14.324804305141445,7.570543322239478e-11,3.2596534984090763e-11,0.2378564298167282,0.0
UGC01848,Sb,Courteau97,67.35348838713614,14.774819576758054,7.849900789394982e-11,3.707780959716201e-11,0.23617059850613345,0.0
UGC01848,Sb,Courteau97,67.35348838713614,16.7998882990328,8.623004282724037e-11,2.1953512330528445e-11,0.38487864960596785,0.0
UGC01848,Sb,Courteau97,67.35348838713614,17.699918842266015,8.179953808331292e-11,3.1609046400347784e-11,0.20356889932132238,0.0
UGC01848,Sb,Courteau97,67.35348838713614,18.374941749690933,8.266052134198394e-11,2.058199487720392e-11,0.34779306595299175,0.0
UGC01938,Sbc,Mathewson96,73.91383083379898,0.023072086878530046,8.298369105511711e-11,1.1118524431741797e-13,0.0,0.0
UGC01938,Sbc,Mathewson96,73.91383083379898,0.815763071776598,3.946737915424248e-10,3.621003104470356e-11,0.6850309360927451,0.0
UGC01938,Sbc,Mathewson96,73.91383083379898,1.631526143553196,3.030970847497618e-10,5.7615066608586296e-11,0.6118279942679852,0.0
UGC01938,Sbc,Mathewson96,73.91383083379898,2.4472892153297945,2.6944437271872914e-10,7.164196515292433e-11,0.5353591185112592,0.0
UGC01938,Sbc,Mathewson96,73.91383083379898,3.263052287106392,2.1523987124830632e-10,7.189118248894106e-11,0.5090065502391604,0.0
UGC01938,Sbc,Mathewson96,73.91383083379898,4.07881535888299,2.0566794774306992e-10,8.13653960934694e-11,0.417307412667417,0.0
UGC01938,Sbc,Mathewson96,73.91383083379898,4.894578430659588,1.9928557725706053e-10,7.371969817912434e-11,0.380392809802488,0.0
UGC01938,Sbc,Mathewson96,73.91383083379898,5.7103415024361865,1.865010260671481e-10,5.723962369867129e-11,0.4874894757848084,0.0
UGC01938,Sbc,Mathewson96,73.91383083379898,6.526104574212785,1.8082172674666438e-10,6.84029855306497e-11,0.30554102241299547,0.0
UGC01938,Sbc,Mathewson96,73.91383083379898,7.3187955591108524,1.5689624496672973e-10,7.612583922983926e-11,0.2695714591175224,0.0
UGC01938,Sbc,Mathewson96,73.91383083379898,7.364939732867913,1.3062373668469885e-10,7.327952791772395e-11,0.28662390452097164,0.0
UGC01938,Sbc,Mathewson96,73.91383083379898,8.157630717765981,1.3131503065958307e-10,6.474557728871181e-11,0.2773451017770174,0.0
UGC01938,Sbc,Mathewson96,73.91383083379898,8.973393789542579,1.206721176292453e-10,5.85107345341039e-11,0.2511461234060525,0.0
UGC01938,Sbc,Mathewson96,73.91383083379898,9.789156861319176,1.200012695081669e-10,5.5780652531688235e-11,0.207075423506247,0.0
UGC01938,Sbc,Mathewson96,73.91383083379898,10.604919933095776,1.2600554370564183e-10,5.2851058146923666e-11,0.1635602892500735,0.0
UGC01938,Sbc,Mathewson96,73.91383083379898,11.420683004872373,7.959606515450543e-11,3.009557920772641e-11,0.3388859627914875,0.0
UGC01938,Sbc,Mathewson96,73.91383083379898,12.23644607664897,9.816077067157399e-11,3.193896799042733e-11,0.2576878664270806,0.0
UGC01938,Sbc,Mathewson96,73.91383083379898,13.052209148425568,9.272357776977538e-11,3.451356369074573e-11,0.16180450954246137,0.0
UGC01938,Sbc,Mathewson96,73.91383083379898,13.844900133323637,8.887917345779194e-11,2.3089115235810834e-11,0.2800796757220834,0.0
UGC01938,Sbc,Mathewson96,73.91383083379898,14.660663205100237,8.383713589733861e-11,2.516364698202723e-11,0.1892983225642101,0.0
UGC01995,SB(r)c pec:,Courteau97,58.472179090237866,0.3649827699318838,2.1918321272872868e-10,1.3913789120068001e-11,0.7233892037183819,0.0
UGC01995,SB(r)c pec:,Courteau97,58.472179090237866,1.0615842338739,2.662299278126874e-10,3.677229997041277e-11,0.6431726665117176,0.0
UGC01995,SB(r)c pec:,Courteau97,58.472179090237866,1.8198586866409716,2.330275431216267e-10,5.066033433543286e-11,0.5960003661030657,0.0
UGC01995,SB(r)c pec:,Courteau97,58.472179090237866,2.578133139408043,1.3541092443687176e-10,5.533324086717087e-11,0.5621896315000583,0.0
UGC01995,SB(r)c pec:,Courteau97,58.472179090237866,3.1847527016217003,1.828836174950856e-10,5.786763184505898e-11,0.546016369560679,0.0
UGC01995,SB(r)c pec:,Courteau97,58.472179090237866,3.9430271543887714,1.591345679808807e-10,5.1246456164308953e-11,0.5652656196705187,0.0
UGC01995,SB(r)c pec:,Courteau97,58.472179090237866,4.701301607155843,1.2926883606383434e-10,5.620688098312941e-11,0.5141710277153658,0.0
UGC01995,SB(r)c pec:,Courteau97,58.472179090237866,5.3079211693695,1.3020516769817336e-10,4.35828823059765e-11,0.5700825181155538,0.0
UGC01995,SB(r)c pec:,Courteau97,58.472179090237866,6.066195622136572,1.4112338965879134e-10,6.750048012331433e-11,0.35366742407702345,0.0
UGC01995,SB(r)c pec:,Courteau97,58.472179090237866,6.819414911885197,1.6736355089951758e-10,6.477932464586729e-11,0.36178028103670334,0.0
UGC01995,SB(r)c pec:,Courteau97,58.472179090237866,7.426034474098854,1.4852558197098263e-10,6.96982020482493e-11,0.2869864966096911,0.0
UGC01995,SB(r)c pec:,Courteau97,58.472179090237866,8.184308926865926,1.2827211443359818e-10,6.479308231266946e-11,0.26060393659442793,0.0
UGC01995,SB(r)c pec:,Courteau97,58.472179090237866,8.947638542651443,9.818385499888024e-11,6.035017443865711e-11,0.22772748170523674,0.0
UGC01995,SB(r)c pec:,Courteau97,58.472179090237866,9.559313267883548,1.187373223279914e-10,3.3099029402321104e-11,0.4143174349792311,0.0
UGC01995,SB(r)c pec:,Courteau97,58.472179090237866,12.514056052165904,7.706053577703525e-11,2.5101022529431786e-11,0.3624918799069307,0.0
UGC01995,SB(r)c pec:,Courteau97,58.472179090237866,13.188920315128598,5.709924504840365e-11,3.3069928364800944e-11,0.20298215108969814,0.0
UGC01995,SB(r)c pec:,Courteau97,58.472179090237866,14.011900854531792,5.629086043778558e-11,1.8793609018227933e-11,0.40214546098956705,0.0
UGC02020,Scd:,Mathewson96,81.13472631752856,0.3193111773689186,4.64740035941027e-12,3.0134750681865894e-12,0.6602270382929303,0.0
UGC02020,Scd:,Mathewson96,81.13472631752856,0.9579335321067559,1.996065056608534e-11,7.521304650450946e-12,0.6653389252077703,0.0
UGC02020,Scd:,Mathewson96,81.13472631752856,1.7859923496472982,5.646371125392059e-11,1.1550219025248312e-11,0.5667760395238861,0.0
UGC02020,Scd:,Mathewson96,81.13472631752856,2.684364133517562,5.4604778086566425e-11,1.3348185737643107e-11,0.5214670031244579,0.0
UGC02020,Scd:,Mathewson96,81.13472631752856,3.512422951058105,4.642341725460549e-11,1.360595655992801e-11,0.47567184283155683,0.0
UGC02020,Scd:,Mathewson96,81.13472631752856,4.151045305795941,4.8701559502500124e-11,1.2054192821245079e-11,0.47454661751917177,0.0
UGC02020,Scd:,Mathewson96,81.13472631752856,4.789667660533779,3.72541850016488e-11,1.3269952137822302e-11,0.44021933460140866,0.0
UGC02020,Scd:,Mathewson96,81.13472631752856,5.617726478074321,3.8354363356808086e-11,1.1980330209349007e-11,0.39354146776199345,0.0
UGC02020,Scd:,Mathewson96,81.13472631752856,6.516098261944585,4.002593589728348e-11,9.746846594556264e-12,0.45591091429961805,0.0
UGC02020,Scd:,Mathewson96,81.13472631752856,7.344157079485128,4.658768231238777e-11,8.295407347845779e-12,0.47264553155053524,0.0
UGC02020,Scd:,Mathewson96,81.13472631752856,8.053092400552687,4.233865773598341e-11,7.775658345823147e-12,0.4672486502590075,0.0
UGC02020,Scd:,Mathewson96,81.13472631752856,8.621401788960803,1.9873646539933336e-11,8.350857614034124e-12,0.41211038912002884,0.0
UGC02020,Scd:,Mathewson96,81.13472631752856,9.26002414369864,3.592340703152927e-11,8.871848534958178e-12,0.3578902108459953,0.0
UGC02020,Scd:,Mathewson96,81.13472631752856,10.088082961239182,3.771662754592873e-11,8.231845698456648e-12,0.3386129660115163,0.0
UGC02020,Scd:,Mathewson96,81.13472631752856,10.986454745109446,2.8967401287651554e-11,7.168404066783079e-12,0.3515082707843823,0.0
UGC02020,Scd:,Mathewson96,81.13472631752856,11.814513562649989,2.096914750729339e-11,5.572141803777777e-12,0.418144823219173,0.0
UGC02020,Scd:,Mathewson96,81.13472631752856,12.523448883717547,2.378130109483692e-11,5.8738538173317666e-12,0.3616961499361186,0.0
UGC02020,Scd:,Mathewson96,81.13472631752856,13.162071238455384,4.1240874676223865e-11,5.177929332397324e-12,0.3856049239317544,0.0
UGC02020,Scd:,Mathewson96,81.13472631752856,13.80069359319322,2.7177232598669886e-11,5.192250003644255e-12,0.37327782898850315,0.0
UGC02020,Scd:,Mathewson96,81.13472631752856,14.439315947931059,1.4652937522945294e-11,4.55768095228966e-12,0.39384738315453316,0.0
UGC02020,Scd:,Mathewson96,81.13472631752856,15.077938302668896,3.5923281104293547e-11,4.8154188378083984e-12,0.3516425366931575,0.0
UGC02134,Sb,Courteau97,66.08518165467851,0.1907292348192859,2.2916357676192065e-10,3.03914363655095e-11,0.4473229874798186,0.0
UGC02134,Sb,Courteau97,66.08518165467851,0.6314587157297651,5.884087082445538e-10,8.975205762058925e-11,0.5257230488753044,0.0
UGC02134,Sb,Courteau97,66.08518165467851,1.105052752527089,6.090581796391613e-10,1.24306559870612e-10,0.4716179925319416,0.0
UGC02134,Sb,Courteau97,66.08518165467851,1.578646789324413,5.028946628889865e-10,1.367828058702466e-10,0.40501447694148845,0.0
UGC02134,Sb,Courteau97,66.08518165467851,2.05094920602138,2.96603520026595e-10,1.3161487739308317e-10,0.40923715253977994,0.0
UGC02134,Sb,Courteau97,66.08518165467851,2.495553547232929,2.464467760768499e-10,1.1575689840834293e-10,0.42309693244176294,0.0
UGC02134,Sb,Courteau97,66.08518165467851,2.9929707992146026,3.4581479397573433e-10,1.027841285638762e-10,0.4410043718812487,0.0
UGC02134,Sb,Courteau97,66.08518165467851,3.387632496545706,2.3571934567997443e-10,9.207795486341283e-11,0.4276410114070455,0.0
UGC02134,Sb,Courteau97,66.08518165467851,3.7822941938768095,1.8351643046144704e-10,8.563565768631334e-11,0.43004351273479835,0.0
UGC02134,Sb,Courteau97,66.08518165467851,4.219651111191913,1.7747193268135075e-10,8.353816580332685e-11,0.4392333807400047,0.0
UGC02134,Sb,Courteau97,66.08518165467851,4.772177487455458,1.3565778890020227e-10,7.636854650261438e-11,0.4766472380531395,0.0
UGC02134,Sb,Courteau97,66.08518165467851,5.2095344047705625,1.203745250363364e-10,8.283386862502007e-11,0.42601727416154134,0.0
UGC02134,Sb,Courteau97,66.08518165467851,5.683128441567885,1.314781906175206e-10,8.902175383912737e-11,0.36890164123684505,0.0
UGC02134,Sb,Courteau97,66.08518165467851,6.0777901388989894,1.183729580197455e-10,7.417604715929236e-11,0.3073769788213479,0.0
UGC02134,Sb,Courteau97,66.08518165467851,6.465993735728311,1.274740572455133e-10,6.145604640276297e-11,0.47276936969427036,0.0
UGC02134,Sb,Courteau97,66.08518165467851,6.946045873027416,1.1814786790861723e-10,8.27148404480109e-11,0.3200733616806091,0.0
UGC02134,Sb,Courteau97,66.08518165467851,7.419639909824741,9.863989173531524e-11,8.302659108303397e-11,0.23616611743248597,0.0
UGC02134,Sb,Courteau97,66.08518165467851,7.850538726638063,1.28885003529299e-10,5.4724068205729385e-11,0.4208216324335286,0.0
UGC02134,Sb,Courteau97,66.08518165467851,8.360369882917608,1.3377424225904908e-10,7.650022230625978e-11,0.23751362210837723,0.0
UGC02134,Sb,Courteau97,66.08518165467851,8.689015441786053,4.809177336905632e-11,4.863812455728591e-11,0.4043465758689421,0.0
UGC02134,Sb,Courteau97,66.08518165467851,9.004744799650934,5.824857167555418e-11,7.560445651507343e-11,0.16449653278482337,0.0
UGC02151,SAc,Courteau97,68.39466550012922,0.7355860024725475,1.4008741598741384e-10,3.352457585151871e-11,0.7469205475708643,0.0
UGC02151,SAc,Courteau97,68.39466550012922,1.9181174163333572,2.337282751263414e-10,8.046795484533139e-11,0.6182570734290131,0.0
UGC02151,SAc,Courteau97,68.39466550012922,3.1179896408988435,3.5962273789274245e-10,8.694022764258276e-11,0.5920634110832335,0.0
UGC02151,SAc,Courteau97,68.39466550012922,4.265839433350301,3.080177088157377e-10,9.354271157601821e-11,0.5172379889779088,0.0
UGC02151,SAc,Courteau97,68.39466550012922,5.5378718056868586,2.465093179036693e-10,6.513730066182458e-11,0.612286153505541,0.0
UGC02151,SAc,Courteau97,68.39466550012922,6.809904178023416,2.2305492682795026e-10,6.976921765067197e-11,0.5258259955957918,0.0
UGC02151,SAc,Courteau97,68.39466550012922,7.957753970474874,1.9866231659047627e-10,6.61562536957263e-11,0.5603838869171723,0.0
UGC02151,SAc,Courteau97,68.39466550012922,9.229786342811432,1.7277841803221041e-10,1.0143024038640917e-10,0.3179624115384031,0.0
UGC02151,SAc,Courteau97,68.39466550012922,10.501818715147987,1.2829266130518587e-10,6.868286184075578e-11,0.4473998095602792,0.0
UGC02151,SAc,Courteau97,68.39466550012922,11.637921506799506,1.0706841562844385e-10,5.3460257356505805e-11,0.5037251597529555,0.0
UGC02151,SAc,Courteau97,68.39466550012922,13.022389458221218,9.961268722129699e-11,3.4253931169800966e-11,0.6196277058119515,0.0
UGC02151,SAc,Courteau97,68.39466550012922,14.406857409642933,1.0629192957099105e-10,2.101904719463713e-11,0.7298823386747856,0.0
UGC02151,SAc,Courteau97,68.39466550012922,16.38287075849029,9.584336534550031e-11,7.58811512263508e-11,0.2446478720148862,0.0
UGC02151,SAc,Courteau97,68.39466550012922,17.637282629626934,1.1423669753342366e-10,1.401131644728296e-11,0.7685052474959765,0.0
UGC02151,SAc,Courteau97,68.39466550012922,24.328877728165224,5.431885112405112e-11,3.768682275344294e-11,0.2397592279026176,0.0
UGC02176,Sb,Courteau97,73.47690630649483,0.3642651879863282,1.4469909419673856e-10,1.9220870584054234e-11,0.6585369977135905,0.0
UGC02176,Sb,Courteau97,73.47690630649483,1.0927955639589848,2.461051908223033e-10,4.7850290779270803e-11,0.6038044863825502,0.0
UGC02176,Sb,Courteau97,73.47690630649483,1.821325939931641,2.786196355438058e-10,6.411104062693396e-11,0.5170472830531034,0.0
UGC02176,Sb,Courteau97,73.47690630649483,2.549856315904298,2.2191716951117615e-10,7.371483029819904e-11,0.472395280321763,0.0
UGC02176,Sb,Courteau97,73.47690630649483,3.2783866918769538,2.1376064351703013e-10,7.252451129253727e-11,0.4052846825585334,0.0
UGC02176,Sb,Courteau97,73.47690630649483,4.006917067849611,1.996614842300914e-10,7.625581697664537e-11,0.34188021174957495,0.0
UGC02176,Sb,Courteau97,73.47690630649483,4.735447443822268,1.565362101581375e-10,6.466165999761727e-11,0.33430688561691585,0.0
UGC02176,Sb,Courteau97,73.47690630649483,5.463977819794924,1.4176411159525684e-10,6.871382737874803e-11,0.26233686194186806,0.0
UGC02176,Sb,Courteau97,73.47690630649483,6.19250819576758,1.1223420644162588e-10,4.7463894351629705e-11,0.33767572969650084,0.0
UGC02176,Sb,Courteau97,73.47690630649483,6.921038571740237,9.669785336040246e-11,3.7598554749987914e-11,0.3550786145229322,0.0
UGC02176,Sb,Courteau97,73.47690630649483,7.646404623857658,9.600749994174997e-11,3.3173837013990796e-11,0.34172405133637396,0.0
UGC02176,Sb,Courteau97,73.47690630649483,8.378099323685548,1.2570897746760315e-10,2.8671806274041032e-11,0.3675924541935055,0.0
UGC02176,Sb,Courteau97,73.47690630649483,8.98520797032943,9.886188570923265e-11,3.0590782259252156e-11,0.3052783165901059,0.0
UGC02176,Sb,Courteau97,73.47690630649483,10.09382515356459,7.384578333536276e-11,2.2731091641627427e-11,0.35454489666047806,0.0
UGC02176,Sb,Courteau97,73.47690630649483,10.518286083727244,7.878586165328146e-11,3.082654988059673e-11,0.18870576771122896,0.0
UGC02176,Sb,Courteau97,73.47690630649483,11.186620717523574,7.905699249993694e-11,1.957029546080422e-11,0.3335048974573403,0.0
UGC02176,Sb,Courteau97,73.47690630649483,11.793729364167453,6.115129389440744e-11,2.3740156084919538e-11,0.20494627482718683,0.0
UGC02176,Sb,Courteau97,73.47690630649483,12.279416281482558,6.576064392037572e-11,1.786208490461384e-11,0.30190846814478955,0.0
UGC02176,Sb,Courteau97,73.47690630649483,14.069098982861851,6.284696362657491e-11,1.7906802202771286e-11,0.18940174464258872,0.0
UGC02176,Sb,Courteau97,73.47690630649483,14.43336417084818,6.41705499504349e-11,1.5106659326117627e-11,0.2386442395418778,0.0
UGC02405,Scd:,Courteau97,70.67219511390253,0.36480664271689334,1.169004614058061e-10,1.5287015247782614e-11,0.6911570054277636,0.0
UGC02405,Scd:,Courteau97,70.67219511390253,1.2132647225656317,2.970121944317784e-10,4.325539950281937e-11,0.6120713368436205,0.0
UGC02405,Scd:,Courteau97,70.67219511390253,1.9715551741691513,3.178113599535629e-10,5.2716942709584066e-11,0.5693675825810398,0.0
UGC02405,Scd:,Courteau97,70.67219511390253,2.7298456257726706,2.503538679534904e-10,5.122982472384584e-11,0.5558963472746236,0.0
UGC02405,Scd:,Courteau97,70.67219511390253,3.4881360773761907,1.8307046882325043e-10,5.365785149857022e-11,0.5349269182266277,0.0
UGC02405,Scd:,Courteau97,70.67219511390253,4.24642652897971,1.8016972875819228e-10,4.97696167137777e-11,0.543267193155355,0.0
UGC02405,Scd:,Courteau97,70.67219511390253,5.004716980583231,1.5860498618409731e-10,5.0128644277641245e-11,0.4902760814172298,0.0
UGC02405,Scd:,Courteau97,70.67219511390253,5.76300743218675,1.4407874636563675e-10,3.617947032082684e-11,0.6165588801873506,0.0
UGC02405,Scd:,Courteau97,70.67219511390253,6.52129788379027,1.4432771223308854e-10,3.105211081097912e-11,0.6116898305856682,0.0
UGC02405,Scd:,Courteau97,70.67219511390253,7.27958833539379,1.376270191469971e-10,5.151100929638037e-11,0.38186525790585096,0.0
UGC02405,Scd:,Courteau97,70.67219511390253,8.189536877318014,1.3690153627490282e-10,6.105132350673656e-11,0.3436119387460423,0.0
UGC02405,Scd:,Courteau97,70.67219511390253,8.947827328921534,1.3731224794194262e-10,6.436724701215166e-11,0.28271977863468206,0.0
UGC02405,Scd:,Courteau97,70.67219511390253,9.706117780525053,1.2000662632935257e-10,5.48708590360655e-11,0.25164891968386355,0.0
UGC02405,Scd:,Courteau97,70.67219511390253,10.516339638814147,9.818552589709837e-11,2.7250165886136878e-11,0.5179648659668086,0.0
UGC02405,Scd:,Courteau97,70.67219511390253,11.222698683732093,1.0673827357825664e-10,3.595320550888747e-11,0.3762861430313388,0.0
UGC02405,Scd:,Courteau97,70.67219511390253,11.980989135335612,9.831792500494955e-11,4.5640403573171893e-11,0.24033027907759383,0.0
UGC02405,Scd:,Courteau97,70.67219511390253,12.739279586939132,1.0936139163426129e-10,2.0143194873092254e-11,0.5281636662011162,0.0
UGC02405,Scd:,Courteau97,70.67219511390253,13.497570038542651,8.301833393277672e-11,3.061820637592189e-11,0.32163329133534624,0.0
UGC02405,Scd:,Courteau97,70.67219511390253,14.255860490146171,8.336430799303173e-11,4.148249588824213e-11,0.16103008323263512,0.0
UGC02405,Scd:,Courteau97,70.67219511390253,14.962219535064117,8.852879810971096e-11,2.557669242928881e-11,0.31841146793927777,0.0
UGC02405,Scd:,Courteau97,70.67219511390253,15.464989082975785,8.334792814070864e-11,1.901984947526575e-11,0.41356972325658814,0.0
UGC04154,Sd,Courteau97,67.00935561260901,0.4414913969893099,6.284267144606267e-11,6.828045592811215e-12,0.7332450330482613,0.0
UGC04154,Sd,Courteau97,67.00935561260901,0.9156858604222724,2.6976820244294316e-11,1.2705709153502747e-11,0.6971142888090635,0.0
UGC04154,Sd,Courteau97,67.00935561260901,1.349001490800669,5.220530264807629e-11,1.709196889995832e-11,0.6520118328064048,0.0
UGC04154,Sd,Courteau97,67.00935561260901,1.7169109882917608,6.951748879138035e-11,1.942920585459882e-11,0.6156522101185327,0.0
UGC04154,Sd,Courteau97,67.00935561260901,2.060293185950113,1.363236966637126e-10,2.0988177092794256e-11,0.601182980185616,0.0
UGC04154,Sd,Courteau97,67.00935561260901,2.5017845829394227,9.005099899669818e-11,2.2324452214115758e-11,0.5828124563378357,0.0
UGC04154,Sd,Courteau97,67.00935561260901,2.8696940804305138,9.932062912994376e-11,2.430865754626972e-11,0.5517388143613486,0.0
UGC04154,Sd,Courteau97,67.00935561260901,3.2376035779216057,1.3052721913645256e-10,2.4599238244930917e-11,0.5533747493623272,0.0
UGC04154,Sd,Courteau97,67.00935561260901,3.6055130754126976,1.3620023500269396e-10,2.3831808719632767e-11,0.5562831725172958,0.0
UGC04154,Sd,Courteau97,67.00935561260901,4.047004472402007,8.746030241030922e-11,2.284481986860658e-11,0.5405133939002345,0.0
UGC04154,Sd,Courteau97,67.00935561260901,4.349507837005794,1.0025845791036384e-10,2.6090060772106433e-11,0.5032583881874441,0.0
UGC04154,Sd,Courteau97,67.00935561260901,4.7337688677187115,8.552895932551924e-11,2.9094272129871092e-11,0.44401624741595463,0.0
UGC04154,Sd,Courteau97,67.00935561260901,5.2243148643735005,8.376690453481197e-11,2.86827214377043e-11,0.42046248871873393,0.0
UGC04154,Sd,Courteau97,67.00935561260901,5.5922243618645915,8.415319905230914e-11,3.1592439357519206e-11,0.3334712397978851,0.0
UGC04154,Sd,Courteau97,67.00935561260901,5.9601338593556825,4.277847291014203e-11,2.203913623770017e-11,0.45245507742762525,0.0
UGC04154,Sd,Courteau97,67.00935561260901,6.303516057014035,6.324884232070099e-11,2.8395988828564826e-11,0.3477797942587918,0.0
UGC04154,Sd,Courteau97,67.00935561260901,6.671425554505127,9.635745153895466e-11,2.4995235652513384e-11,0.3006325063792624,0.0
UGC04154,Sd,Courteau97,67.00935561260901,7.039335051996218,6.739400031249618e-11,2.1984556004215036e-11,0.3938012027901548,0.0
UGC04154,Sd,Courteau97,67.00935561260901,7.40724454948731,4.8339930228215457e-11,2.595392228060032e-11,0.26972995155287466,0.0
UGC04154,Sd,Courteau97,67.00935561260901,7.652517547814704,3.74417882208178e-11,2.277589587888046e-11,0.33717200048351065,0.0
UGC04232,Sbc,Courteau97,75.39229377985123,0.27851271199670324,8.134022623306593e-12,3.901718358936771e-12,0.6646572919768226,0.0
UGC04232,Sbc,Courteau97,75.39229377985123,0.8100785251981674,1.1649742921533705e-11,9.461390376687015e-12,0.6383286711360618,0.0
UGC04232,Sbc,Courteau97,75.39229377985123,1.27298053959712,2.1248264492448627e-11,1.2968880387238839e-11,0.5991413123997986,0.0
UGC04232,Sbc,Courteau97,75.39229377985123,1.804546352798584,2.034448964956198e-11,1.482537832508143e-11,0.580973631101833,0.0
UGC04232,Sbc,Courteau97,75.39229377985123,2.361571776791991,1.995219043961047e-11,1.5219625018667483e-11,0.5620167309060307,0.0
UGC04232,Sbc,Courteau97,75.39229377985123,2.893137589993455,2.6062056906278656e-11,1.610679850381887e-11,0.5369698103590185,0.0
UGC04232,Sbc,Courteau97,75.39229377985123,3.395900611187873,3.5302323662967167e-11,1.507391125473779e-11,0.5222490819788251,0.0
UGC04232,Sbc,Courteau97,75.39229377985123,3.8588026255868257,2.7038757706025337e-11,1.6736455934207358e-11,0.4943315734267887,0.0
UGC04232,Sbc,Courteau97,75.39229377985123,4.401426653576709,3.369161623502652e-11,1.4203697866093817e-11,0.5423790255101646,0.0
UGC04232,Sbc,Courteau97,75.39229377985123,4.9800541715754,3.659870985399258e-11,1.3200362175214907e-11,0.5122208257662721,0.0
UGC04232,Sbc,Courteau97,75.39229377985123,5.401809340250002,5.7291006532545485e-11,1.1694529502303323e-11,0.565324154479266,0.0
UGC04232,Sbc,Courteau97,75.39229377985123,5.941861690382113,3.417531735119591e-11,1.0588918448857568e-11,0.5809637206693143,0.0
UGC04232,Sbc,Courteau97,75.39229377985123,6.527689906382565,3.4221804000741606e-11,9.86492443274724e-12,0.5900929981999237,0.0
UGC04232,Sbc,Courteau97,75.39229377985123,7.05925571958403,4.894469846338367e-11,1.2029736954246687e-11,0.5110666178701735,0.0
UGC04232,Sbc,Courteau97,75.39229377985123,7.522157733982983,3.3649544151467494e-11,1.7518146498233964e-11,0.3390190978624935,0.0
UGC04232,Sbc,Courteau97,75.39229377985123,8.053723547184447,4.08557504561294e-11,1.10418705195131e-11,0.44504349387446906,0.0
UGC04232,Sbc,Courteau97,75.39229377985123,8.675555253193707,2.8221253721350324e-11,9.80056689715406e-12,0.510268967952086,0.0
UGC04232,Sbc,Courteau97,75.39229377985123,9.13845726759266,2.6427208777111894e-11,1.6320710244389023e-11,0.2773071811637657,0.0
UGC04232,Sbc,Courteau97,75.39229377985123,9.601359281991613,3.827720759167061e-11,8.764764450963208e-12,0.5032254147571713,0.0
UGC04232,Sbc,Courteau97,75.39229377985123,10.179986799990303,3.359982618536963e-11,1.344629073261116e-11,0.28928160461059527,0.0
UGC04301,Sbc,Courteau97,68.93456775843754,0.34069632075243017,2.342585391536123e-11,1.2036884837962801e-11,0.7213678734735447,0.0
UGC04301,Sbc,Courteau97,68.93456775843754,0.9866919419193756,7.931983963510413e-11,3.0735220679335354e-11,0.6614130711089238,0.0
UGC04301,Sbc,Courteau97,68.93456775843754,1.721180113931108,2.2229673376778937e-10,4.463725035509699e-11,0.5936086306661966,0.0
UGC04301,Sbc,Courteau97,68.93456775843754,2.3892988728092504,2.0636457625486136e-10,4.646003872307242e-11,0.5663922431316992,0.0
UGC04301,Sbc,Courteau97,68.93456775843754,3.052993004145153,1.4501611972505125e-10,4.792285791462585e-11,0.5579492082804323,0.0
UGC04301,Sbc,Courteau97,68.93456775843754,3.7919058036991253,1.4051789780013164e-10,4.154305320805972e-11,0.5936521888226703,0.0
UGC04301,Sbc,Courteau97,68.93456775843754,4.437901424866071,1.7632121572122255e-10,5.197009977811419e-11,0.4980773777238393,0.0
UGC04301,Sbc,Courteau97,68.93456775843754,5.176814224420043,1.5456471472567826e-10,3.660159975216553e-11,0.5715259297424343,0.0
UGC04301,Sbc,Courteau97,68.93456775843754,5.840508355755945,1.2107619061664158e-10,5.690189077027776e-11,0.39744513250358904,0.0
UGC04301,Sbc,Courteau97,68.93456775843754,6.504202487091848,1.2834229455874627e-10,6.213523117083846e-11,0.36042044095312564,0.0
UGC04301,Sbc,Courteau97,68.93456775843754,7.167896618427751,1.0222310439843855e-10,6.334095461111453e-11,0.31672395465525105,0.0
UGC04301,Sbc,Courteau97,68.93456775843754,7.831590749763653,1.0196572270835146e-10,6.304772062661902e-11,0.2660136858383312,0.0
UGC04301,Sbc,Courteau97,68.93456775843754,8.570503549317625,1.0002336862150721e-10,5.857498581797965e-11,0.23445560781963837,0.0
UGC04301,Sbc,Courteau97,68.93456775843754,9.216499170484571,1.0577437644329702e-10,3.189806593693248e-11,0.4210195493967113,0.0
UGC04301,Sbc,Courteau97,68.93456775843754,9.97753510774974,1.5298648650667271e-10,2.7903211954040493e-11,0.46185550589001995,0.0
UGC04301,Sbc,Courteau97,68.93456775843754,10.641229239085643,1.192568099491982e-10,3.8942809939187455e-11,0.2725068955047558,0.0
UGC04301,Sbc,Courteau97,68.93456775843754,11.304923370421546,1.2936484232642555e-10,4.1023756772931944e-11,0.16892232762199938,0.0
UGC04301,Sbc,Courteau97,68.93456775843754,11.968617501757448,1.1941891173916194e-10,2.8041595282162507e-11,0.32612050802948966,0.0
UGC04301,Sbc,Courteau97,68.93456775843754,12.687619477371342,7.332038014943381e-11,3.645042677726414e-11,0.1615808747731876,0.0
UGC04301,Sbc,Courteau97,68.93456775843754,13.296005764429253,7.003815145083721e-11,2.2209523805698214e-11,0.33746346258228016,0.0
UGC04301,Sbc,Courteau97,68.93456775843754,13.694222243230797,5.832529260740995e-11,3.18164406540503e-11,0.12955424195925613,0.0
UGC04746,Sbc,Courteau97,65.24000886917071,0.4062659733837539,9.387926938266329e-11,8.706657903371774e-12,0.7413303882412521,0.0
UGC04746,Sbc,Courteau97,65.24000886917071,1.1487067805008122,1.8138029778500444e-10,2.2399647445403858e-11,0.6782370701099534,0.0
UGC04746,Sbc,Courteau97,65.24000886917071,1.8959078757908518,1.4972518314045434e-10,3.31214225247291e-11,0.6088925558665461,0.0
UGC04746,Sbc,Courteau97,65.24000886917071,2.7084398225583595,1.5372743195086903e-10,3.6920042847280893e-11,0.5546202693009978,0.0
UGC04746,Sbc,Courteau97,65.24000886917071,3.5209717693258678,1.4335739400738509e-10,3.6514215014665164e-11,0.5635295942100157,0.0
UGC04746,Sbc,Courteau97,65.24000886917071,4.268172864615908,1.2142247050577043e-10,3.440064523016417e-11,0.5622426434444336,0.0
UGC04746,Sbc,Courteau97,65.24000886917071,4.940522532082516,1.4891355081783277e-10,4.334377338151209e-11,0.4329059360236933,0.0
UGC04746,Sbc,Courteau97,65.24000886917071,5.743533902504061,1.4501699253619042e-10,2.717856952659373e-11,0.5847209562256569,0.0
UGC04746,Sbc,Courteau97,65.24000886917071,6.556065849271569,7.449438294007747e-11,4.368417873686711e-11,0.35897788562138067,0.0
UGC04746,Sbc,Courteau97,65.24000886917071,7.256977245776066,9.322598176599723e-11,4.4485085699183505e-11,0.3328694481083313,0.0
UGC04746,Sbc,Courteau97,65.24000886917071,8.125319467675078,6.715127430746075e-11,3.7617253846901334e-11,0.3644930100571451,0.0
UGC04746,Sbc,Courteau97,65.24000886917071,8.842235281312874,6.322337678875911e-11,3.983866882454559e-11,0.2946057100608215,0.0
UGC04746,Sbc,Courteau97,65.24000886917071,9.69457308607859,8.69211546176499e-11,3.826899987698743e-11,0.2660330283183529,0.0
UGC04746,Sbc,Courteau97,65.24000886917071,10.507105032846097,8.567262941246613e-11,3.3972436515922026e-11,0.24028248433719887,0.0
UGC04746,Sbc,Courteau97,65.24000886917071,11.319636979613605,5.7468841882911777e-11,1.6983944957608575e-11,0.5017957657192718,0.0
UGC04746,Sbc,Courteau97,65.24000886917071,11.861324944125277,3.8924598893273976e-11,2.760574038153133e-11,0.2637297623268194,0.0
UGC04746,Sbc,Courteau97,65.24000886917071,13.000511148280125,7.259625749400912e-11,2.5293082640536525e-11,0.2470506939637011,0.0
UGC04746,Sbc,Courteau97,65.24000886917071,13.75723281991613,1.0660522577865195e-10,1.3633663555307956e-11,0.4718435311515533,0.0
UGC04746,Sbc,Courteau97,65.24000886917071,14.2989207844278,7.082104324896638e-11,2.2580004585554354e-11,0.2239317694221815,0.0
UGC04746,Sbc,Courteau97,65.24000886917071,15.101932154849345,6.4340936278625e-11,1.199389077606689e-11,0.4674068841406137,0.0
UGC04746,Sbc,Courteau97,65.24000886917071,15.493917263714156,8.697292437919687e-11,2.2532276833173582e-11,0.17610046412831962,0.0
UGC04895,Sb,Courteau97,70.9418668053613,0.3100254526943495,1.528239097214845e-10,2.4662735191193196e-11,0.704531559405819,0.0
UGC04895,Sb,Courteau97,70.9418668053613,0.9300763580830484,3.313337068153274e-10,6.92254782632425e-11,0.6563406971387074,0.0
UGC04895,Sb,Courteau97,70.9418668053613,1.5501272634717473,3.906086968330243e-10,9.954167756101228e-11,0.5840215339407896,0.0
UGC04895,Sb,Courteau97,70.9418668053613,2.1701781688604465,3.4487251023760017e-10,1.2144906415558182e-10,0.5205753360996727,0.0
UGC04895,Sb,Courteau97,70.9418668053613,2.705833256571239,3.398412814023448e-10,1.341374947017508e-10,0.47918985761400595,0.0
UGC04895,Sb,Courteau97,70.9418668053613,3.2552672532906697,3.434890661228879e-10,1.3993098384296563e-10,0.4346053346977417,0.0
UGC04895,Sb,Courteau97,70.9418668053613,3.875318158679369,2.8619066241600557e-10,1.4287806375591373e-10,0.3693608058573622,0.0
UGC04895,Sb,Courteau97,70.9418668053613,4.495369064068068,2.944118658704147e-10,1.1283306436424311e-10,0.415464180730205,0.0
UGC04895,Sb,Courteau97,70.9418668053613,5.115419969456767,2.747644420653058e-10,1.272889587480328e-10,0.2940280068046401,0.0
UGC04895,Sb,Courteau97,70.9418668053613,5.735470874845466,2.4385328834977697e-10,1.221920095987558e-10,0.28954793782295857,0.0
UGC04895,Sb,Courteau97,70.9418668053613,6.355521780234165,2.13873501500713e-10,1.0488709372309637e-10,0.3021259515365052,0.0
UGC04895,Sb,Courteau97,70.9418668053613,6.975572685622863,2.0356734818493967e-10,9.746131625640517e-11,0.2815090560830806,0.0
UGC04895,Sb,Courteau97,70.9418668053613,7.595623591011563,2.0060904984224247e-10,9.573317970325811e-11,0.23555746432523175,0.0
UGC04895,Sb,Courteau97,70.9418668053613,8.215674496400261,2.1350989643282692e-10,8.371945837571745e-11,0.20630138774383264,0.0
UGC04895,Sb,Courteau97,70.9418668053613,8.83572540178896,1.8765215509741148e-10,5.1883687459133154e-11,0.39143343101917105,0.0
UGC04895,Sb,Courteau97,70.9418668053613,9.45577630717766,1.5580450345916435e-10,5.858073786502827e-11,0.2983216525995927,0.0
UGC04895,Sb,Courteau97,70.9418668053613,10.075827212566358,1.616070776090737e-10,6.831750449462128e-11,0.18907503748089655,0.0
UGC04895,Sb,Courteau97,70.9418668053613,10.540865391607882,1.330406174608403e-10,4.4205825362850196e-11,0.3441759792663467,0.0
UGC04895,Sb,Courteau97,70.9418668053613,11.527779749351563,1.3211714211727182e-10,4.158304445194412e-11,0.30137628252341464,0.0
UGC04895,Sb,Courteau97,70.9418668053613,12.034154655419,8.21090155860637e-11,5.223439888620482e-11,0.15273291342951545,0.0
UGC04895,Sb,Courteau97,70.9418668053613,12.147830654740261,1.2236238535874762e-10,5.312786310700967e-11,0.1610022151871076,0.0
UGC04900,Sbc,Courteau97,59.49968489285791,0.2708926187186387,9.166610412434464e-12,5.965892707618108e-12,0.7147510948119195,0.0
UGC04900,Sbc,Courteau97,59.49968489285791,0.8753115131505588,7.624076511856061e-11,1.6620082627993823e-11,0.6806091533065712,0.0
UGC04900,Sbc,Courteau97,59.49968489285791,1.4899094029525126,1.3633676974216377e-10,2.464713500689042e-11,0.6366401520809244,0.0
UGC04900,Sbc,Courteau97,59.49968489285791,2.03169464038979,9.243713949649577e-11,3.0697269996043184e-11,0.5678827559947311,0.0
UGC04900,Sbc,Courteau97,59.49968489285791,2.5734798778270673,8.774586560706437e-11,3.5573710584301756e-11,0.5330309059852378,0.0
UGC04900,Sbc,Courteau97,59.49968489285791,3.1152651152643447,6.701938650240073e-11,3.6678481343134795e-11,0.5062315542363709,0.0
UGC04900,Sbc,Courteau97,59.49968489285791,3.6570503527016225,8.501847926804656e-11,3.4724246091785505e-11,0.4689488627207642,0.0
UGC04900,Sbc,Courteau97,59.49968489285791,4.198835590138899,7.694360429397063e-11,3.544051665088506e-11,0.4794320716639405,0.0
UGC04900,Sbc,Courteau97,59.49968489285791,4.740620827576177,6.221578117726471e-11,3.01005705459886e-11,0.4988782026320452,0.0
UGC04900,Sbc,Courteau97,59.49968489285791,5.355218717378131,7.036319332376919e-11,3.2757370265639986e-11,0.3837830620167588,0.0
UGC04900,Sbc,Courteau97,59.49968489285791,5.9596376118100505,5.5906662987599894e-11,3.368563468409899e-11,0.3669623393255815,0.0
UGC04900,Sbc,Courteau97,59.49968489285791,6.425217198425973,2.636354160405992e-11,2.3883311831996663e-11,0.45514241650546106,0.0
UGC04900,Sbc,Courteau97,59.49968489285791,7.132069074491553,4.1124697638508095e-11,2.4726946979407662e-11,0.38081839406031254,0.0
UGC04900,Sbc,Courteau97,59.49968489285791,7.7204396334812015,5.31496668040238e-11,1.668564321177768e-11,0.5445856028183983,0.0
UGC04900,Sbc,Courteau97,59.49968489285791,8.26222487091848,6.421979851746971e-11,1.921404327528676e-11,0.48021765444091835,0.0
UGC04900,Sbc,Courteau97,59.49968489285791,8.772953227320842,2.828528230835499e-11,2.4088169678962623e-11,0.3624109491549233,0.0
UGC04900,Sbc,Courteau97,59.49968489285791,10.387090154413013,1.6058132908577264e-11,1.1213584145363971e-11,0.555976678220889,0.0
UGC04900,Sbc,Courteau97,59.49968489285791,10.92887539185029,3.7247545158752663e-11,1.2217272758282073e-11,0.5390133262205937,0.0
UGC04900,Sbc,Courteau97,59.49968489285791,11.33521431992825,4.943785549226324e-11,6.357303919816907e-12,0.7269092359325291,0.0
UGC05185,Spiral,Courteau97,70.96375756000262,0.3874694204057887,7.543971331822575e-11,1.3492975273658405e-11,0.7964259795074565,0.0
UGC05185,Spiral,Courteau97,70.96375756000262,1.0320776379899643,1.963291149534409e-12,3.445685104542398e-11,0.7321562553088564,0.0
UGC05185,Spiral,Courteau97,70.96375756000262,2.648881855865028,2.2197388492863145e-10,6.060651012921328e-11,0.6422538727307482,0.0
UGC05185,Spiral,Courteau97,70.96375756000262,3.423820696676605,2.400248995222869e-10,6.574275137188691e-11,0.6423329280069453,0.0
UGC05185,Spiral,Courteau97,70.96375756000262,4.4558983346665695,2.488551136639547e-10,8.28817317818999e-11,0.5540617373134333,0.0
UGC05185,Spiral,Courteau97,70.96375756000262,5.52813189440768,2.6458198727168274e-10,6.071865443512843e-11,0.6341569941553482,0.0
UGC05185,Spiral,Courteau97,70.96375756000262,6.483420138171769,2.524163262567191e-10,9.42144092512851e-11,0.4567007409303338,0.0
UGC05185,Spiral,Courteau97,70.96375756000262,7.465478996436621,2.2611687893996685e-10,3.6332391674810954e-11,0.7290399324888787,0.0
UGC05185,Spiral,Courteau97,70.96375756000262,8.420767240200712,1.9379442985697085e-10,6.406626759247867e-11,0.4235846091026609,0.0
UGC05185,Spiral,Courteau97,70.96375756000262,9.493000799941822,1.8015058804924232e-10,9.49117693370516e-11,0.36477978828421387,0.0
UGC05185,Spiral,Courteau97,70.96375756000262,10.461674350956294,1.6235716698349304e-10,8.840206296288322e-11,0.3658342497381042,0.0
UGC05185,Spiral,Courteau97,70.96375756000262,11.558917300559958,1.4972338486349487e-10,7.884511834722533e-11,0.37684940315045473,0.0
UGC05185,Spiral,Courteau97,70.96375756000262,12.464186764598937,1.6193018506631088e-10,9.689926250636873e-11,0.27208367220827073,0.0
UGC05185,Spiral,Courteau97,70.96375756000262,13.475716781809808,1.4020586163456352e-10,1.7001492059154954e-11,0.7886655843334037,0.0
UGC05185,Spiral,Courteau97,70.96375756000262,14.079229757835792,1.2652960624788214e-10,6.611949944468788e-11,0.3699905866139514,0.0
UGC05185,Spiral,Courteau97,70.96375756000262,15.56218090320704,1.2087247983276228e-10,5.706540623635566e-11,0.3783951684391122,0.0
UGC05185,Spiral,Courteau97,70.96375756000262,16.377275665769762,1.211496173001868e-10,3.2804300391976264e-11,0.5033180564019399,0.0
UGC05185,Spiral,Courteau97,70.96375756000262,17.372719831284996,9.75044509351348e-11,3.899209090880206e-11,0.46983776190879556,0.0
UGC05185,Spiral,Courteau97,70.96375756000262,18.34139338229947,1.0960527412449708e-10,8.279917288684204e-11,0.1702695734346795,0.0
UGC05185,Spiral,Courteau97,70.96375756000262,19.31006693331394,1.3792824658778401e-10,2.7922264062602073e-11,0.5463564183757924,0.0
UGC05185,Spiral,Courteau97,70.96375756000262,19.891271063922623,1.2740200383975797e-10,5.739618018913087e-11,0.14468779448562258,0.0
UGC05359,SABb,Courteau97,73.09504879588401,1.0172175851453227,3.6850302316825084e-11,1.7630408919453454e-11,0.7613518124278996,0.0
UGC05359,SABb,Courteau97,73.09504879588401,1.831461499721232,1.8373108560654184e-10,2.8206638246677023e-11,0.6899272285126259,0.0
UGC05359,SABb,Courteau97,73.09504879588401,2.9071749690931568,2.194545851717596e-10,3.6896945173032985e-11,0.6385955489116842,0.0
UGC05359,SABb,Courteau97,73.09504879588401,4.0700449567304195,2.1508072332299418e-10,4.807831844698214e-11,0.5723623109619385,0.0
UGC05359,SABb,Courteau97,73.09504879588401,5.111929481007441,2.0733456865659102e-10,3.715124563377067e-11,0.6193758438270451,0.0
UGC05359,SABb,Courteau97,73.09504879588401,6.379731844633521,2.1808402905634013e-10,5.769224888244369e-11,0.38587567055345723,0.0
UGC05359,SABb,Courteau97,73.09504879588401,7.6068141817564765,1.5093424016749858e-10,3.33307865829866e-11,0.5269467780141188,0.0
UGC05359,SABb,Courteau97,73.09504879588401,8.76968416939374,1.3182412605760094e-10,4.330562170785172e-11,0.43679720519939697,0.0
UGC05359,SABb,Courteau97,73.09504879588401,10.030047297408672,1.2577519234733593e-10,1.7134344295082984e-11,0.6996877388816739,0.0
UGC05359,SABb,Courteau97,73.09504879588401,11.047264882553995,1.1910574580676976e-10,1.5069429258874796e-11,0.71044279441696,0.0
UGC05359,SABb,Courteau97,73.09504879588401,12.210134870191256,1.179589585958376e-10,1.2975156350916712e-11,0.7193603689992256,0.0
UGC05359,SABb,Courteau97,73.09504879588401,13.25201939446828,1.0923647284082119e-10,1.4503436735529798e-11,0.6777678913888276,0.0
UGC05359,SABb,Courteau97,73.09504879588401,14.48771558335151,1.1955713861084728e-10,1.853312215853615e-11,0.5609847132860926,0.0
UGC05359,SABb,Courteau97,73.09504879588401,15.650585570988774,9.877597481573619e-11,2.7043899741978954e-11,0.3612509335362923,0.0
UGC05359,SABb,Courteau97,73.09504879588401,16.813455558626035,8.518903249354769e-11,3.4823542604722845e-11,0.22481531397719917,0.0
UGC05359,SABb,Courteau97,73.09504879588401,19.2355140581291,9.092644017253381e-11,1.7892817703444794e-11,0.37982271681437435,0.0
UGC05359,SABb,Courteau97,73.09504879588401,22.72412402104089,6.024147000854878e-11,1.7451352553768385e-11,0.26161303668030395,0.0
UGC05359,SABb,Courteau97,73.09504879588401,23.11174735025331,4.466487227934683e-11,1.4710176110294035e-11,0.32257172885327573,0.0
UGC05396,Scd:,Courteau97,74.88195664276769,0.3607163260853757,1.2450894851261464e-11,6.387179622903164e-12,0.7402065419295222,0.0
UGC05396,Scd:,Courteau97,74.88195664276769,1.082148978256127,1.4559100696579906e-11,1.5320443346927432e-11,0.7109198982359661,0.0
UGC05396,Scd:,Courteau97,74.88195664276769,1.7472515859695055,3.4719736705847744e-11,1.8799856600105653e-11,0.6912372120325542,0.0
UGC05396,Scd:,Courteau97,74.88195664276769,2.404775507235838,5.851261377424533e-11,2.0443852323934226e-11,0.6698674206388363,0.0
UGC05396,Scd:,Courteau97,74.88195664276769,3.1262081594065894,5.591508368390704e-11,2.0807648513629206e-11,0.6863053830983699,0.0
UGC05396,Scd:,Courteau97,74.88195664276769,3.7837320806729218,9.326353041320115e-11,2.22311259890215e-11,0.672297275556097,0.0
UGC05396,Scd:,Courteau97,74.88195664276769,4.4488346883863,8.861898600412981e-11,3.245818008194923e-11,0.5531299969495287,0.0
UGC05396,Scd:,Courteau97,74.88195664276769,5.170267340557051,8.094413087583389e-11,2.5149395435604838e-11,0.5839103017642114,0.0
UGC05396,Scd:,Courteau97,74.88195664276769,5.891699992727802,9.30806751950993e-11,3.9653671390716694e-11,0.4370720092616015,0.0
UGC05396,Scd:,Courteau97,74.88195664276769,6.556802600441182,8.466132196055196e-11,3.656413524485353e-11,0.4504593097351437,0.0
UGC05396,Scd:,Courteau97,74.88195664276769,7.214326521707513,8.276765379350691e-11,3.66432075902435e-11,0.4221956253519648,0.0
UGC05396,Scd:,Courteau97,74.88195664276769,7.935759173878265,1.0024381606896593e-10,3.691464233460579e-11,0.38704435611907306,0.0
UGC05396,Scd:,Courteau97,74.88195664276769,8.557539386468864,1.0381612396034984e-10,4.3505539425592765e-11,0.2741382543453265,0.0
UGC05396,Scd:,Courteau97,74.88195664276769,9.258385702857977,8.913688024895126e-11,3.038357180534478e-11,0.2600708097925928,0.0
UGC05396,Scd:,Courteau97,74.88195664276769,9.979818355028728,7.849043317490503e-11,1.9897966999463282e-11,0.5109786619698391,0.0
UGC05396,Scd:,Courteau97,74.88195664276769,10.680664671417839,8.313052269702967e-11,2.957836313022695e-11,0.2901443313164678,0.0
UGC05396,Scd:,Courteau97,74.88195664276769,11.38151098780695,9.2306407889086e-11,3.380192099133963e-11,0.18517344157865573,0.0
UGC05396,Scd:,Courteau97,74.88195664276769,12.102943639977703,6.362173427483253e-11,1.76759363449228e-11,0.41444645087582616,0.0
UGC05396,Scd:,Courteau97,74.88195664276769,12.944615067510245,7.252526924948872e-11,2.142959029932392e-11,0.26536648504768595,0.0
UGC05396,Scd:,Courteau97,74.88195664276769,13.425570168957412,7.85645839652303e-11,1.5081976967736982e-11,0.3969676475455033,0.0
UGC05396,Scd:,Courteau97,74.88195664276769,13.78628649504279,7.401896379157324e-11,2.4046543627492736e-11,0.1764744254558402,0.0
UGC05424,Scd:,Courteau97,74.20176689392983,0.33623211564411476,7.285502266115953e-12,2.39318941413697e-12,0.8061778639423397,0.0
UGC05424,Scd:,Courteau97,74.20176689392983,1.217886214335927,6.979130983103385e-11,8.322976683012551e-12,0.7176659289100944,0.0
UGC05424,Scd:,Courteau97,74.20176689392983,2.0995403130277395,1.2616652597597706e-10,1.2277147543371661e-11,0.6776260965689384,0.0
UGC05424,Scd:,Courteau97,74.20176689392983,2.772004544315969,7.493805578015571e-11,1.3439481045148917e-11,0.6633160502775866,0.0
UGC05424,Scd:,Courteau97,74.20176689392983,3.653658643007781,5.792806816784042e-11,1.6134420585048684e-11,0.6078832797873001,0.0
UGC05424,Scd:,Courteau97,74.20176689392983,4.384390371609337,8.107974534892394e-11,1.9538358719379556e-11,0.5391397209913287,0.0
UGC05424,Scd:,Courteau97,74.20176689392983,5.115122100210893,8.568071134159342e-11,1.9637569837982116e-11,0.46322183862333954,0.0
UGC05424,Scd:,Courteau97,74.20176689392983,6.089431071679635,6.101443320830231e-11,1.4070778576935579e-11,0.5586648579923884,0.0
UGC05424,Scd:,Courteau97,74.20176689392983,6.820162800281191,7.60518296511687e-11,1.8276061660634325e-11,0.4182799102296441,0.0
UGC05424,Scd:,Courteau97,74.20176689392983,7.4582396561058175,8.375097162048943e-11,1.545544859181306e-11,0.42805254065805437,0.0
UGC05424,Scd:,Courteau97,74.20176689392983,8.490816124887886,1.3097340518283815e-10,1.8869385737594318e-11,0.3819004537952349,0.0
UGC05424,Scd:,Courteau97,74.20176689392983,9.221547853489442,5.497138632653698e-11,2.030417441545714e-11,0.32222952035017144,0.0
UGC05424,Scd:,Courteau97,74.20176689392983,9.952279582090998,3.3763908997584306e-11,1.4807872539368393e-11,0.3404574024971862,0.0
UGC05424,Scd:,Courteau97,74.20176689392983,10.92658855355974,3.7181420949841746e-11,1.2513343994976408e-11,0.3603429381059916,0.0
UGC05424,Scd:,Courteau97,74.20176689392983,11.482517790221316,4.7295644548504156e-11,1.2782477416377818e-11,0.3853545675011927,0.0
UGC05424,Scd:,Courteau97,74.20176689392983,12.422439386226454,7.447353657350226e-11,1.3894631719684233e-11,0.3192080280239122,0.0
UGC05424,Scd:,Courteau97,74.20176689392983,13.11878373936441,1.0311033700009019e-10,7.615443783855199e-12,0.5218426600715069,0.0
UGC05424,Scd:,Courteau97,74.20176689392983,14.823824439434707,4.386305453891537e-11,1.2863355716672759e-11,0.2568381074570292,0.0
UGC05424,Scd:,Courteau97,74.20176689392983,15.554556168036264,2.7280703222510907e-11,7.855011503587581e-12,0.4148426724070479,0.0
UGC05424,Scd:,Courteau97,74.20176689392983,16.041710653770632,1.8389395114289022e-11,9.402322267122108e-12,0.28246923311678346,0.0
UGC05573,Scd:,Courteau97,57.28879082700657,0.8746252820400943,3.679558193999845e-10,2.9918753485752763e-11,0.716305213331039,0.0
UGC05573,Scd:,Courteau97,57.28879082700657,1.6797134867282382,2.989942779583621e-10,5.130333573330285e-11,0.6421078197915955,0.0
UGC05573,Scd:,Courteau97,57.28879082700657,2.918555284083236,2.8430302589946904e-10,6.442454645398078e-11,0.5677286837897394,0.0
UGC05573,Scd:,Courteau97,57.28879082700657,3.9289065840666137,2.069755930138811e-10,6.86863152700073e-11,0.5353434416277153,0.0
UGC05573,Scd:,Courteau97,57.28879082700657,5.216858334554691,1.8632950839095453e-10,7.787066459837071e-11,0.44400323736531944,0.0
UGC05573,Scd:,Courteau97,57.28879082700657,6.391638513562651,1.4420443414479077e-10,5.994986859366042e-11,0.49998082995792525,0.0
UGC05573,Scd:,Courteau97,57.28879082700657,7.425580037815433,1.59736246631967e-10,5.026955649481114e-11,0.4237931740119907,0.0
UGC05573,Scd:,Courteau97,57.28879082700657,8.71937006950144,1.4472161131991696e-10,3.35585474065117e-11,0.6289359991021753,0.0
UGC05573,Scd:,Courteau97,57.28879082700657,9.868112604659055,1.3352022246768963e-10,4.2016666524268153e-11,0.4193522629121543,0.0
UGC05573,Scd:,Courteau97,57.28879082700657,11.040453449986854,1.0904809798043373e-10,7.000850098474919e-11,0.26257630883883515,0.0
UGC05573,Scd:,Courteau97,57.28879082700657,12.219308922987421,9.75203361049444e-11,6.506162902519159e-11,0.2561511500035855,0.0
UGC05573,Scd:,Courteau97,57.28879082700657,13.30488278882197,8.427590084499019e-11,6.576422563980721e-11,0.20219506472984505,0.0
UGC05573,Scd:,Courteau97,57.28879082700657,14.490419871645699,7.062125331269145e-11,4.156465814867395e-11,0.2218670446292531,0.0
UGC05573,Scd:,Courteau97,57.28879082700657,15.535612274743656,8.190673144760789e-11,2.5274877661644228e-11,0.4807064403445776,0.0
UGC05573,Scd:,Courteau97,57.28879082700657,16.743244581775873,7.672593316864631e-11,3.3250427008765273e-11,0.288218955925145,0.0
UGC05573,Scd:,Courteau97,57.28879082700657,17.533331614670452,6.88612786794504e-11,3.2736244522408925e-11,0.1925418337231154,0.0
UGC05573,Scd:,Courteau97,57.28879082700657,21.569786156643158,5.533519979478589e-11,3.0293344972386215e-11,0.13178685381284896,0.0
UGC05573,Scd:,Courteau97,57.28879082700657,22.438240070540328,5.401711388121823e-11,2.049436451037377e-11,0.2355965704106921,0.0
UGC05573,Scd:,Courteau97,57.28879082700657,23.167695785033818,3.808902098095106e-11,1.3653317085644178e-11,0.4246638275677315,0.0
UGC05607,Sb,Courteau97,73.59714339950204,0.8678575230892298,6.875260620841081e-10,5.3896856167640524e-11,0.6075705123094667,0.0
UGC05607,Sb,Courteau97,73.59714339950204,3.4981575885390157,3.4323298431145245e-10,8.090632646945825e-11,0.4010327526531498,0.0
UGC05607,Sb,Courteau97,73.59714339950204,4.748585155019029,2.2757797443640329e-10,6.903933687004863e-11,0.40777722824425844,0.0
UGC05607,Sb,Courteau97,73.59714339950204,6.1468000533294544,1.5162882851183718e-10,5.085691893463048e-11,0.37308521787888266,0.0
UGC05607,Sb,Courteau97,73.59714339950204,7.471121285724674,1.4312869124330466e-10,5.119562403123777e-11,0.34025017396938834,0.0
UGC05607,Sb,Courteau97,73.59714339950204,8.795442518119893,1.292024491400771e-10,2.7916157523148437e-11,0.5731393290822494,0.0
UGC05607,Sb,Courteau97,73.59714339950204,10.206759130245072,1.1892259416821367e-10,5.036494211577435e-11,0.28233434541400787,0.0
UGC05607,Sb,Courteau97,73.59714339950204,11.140649290960656,1.373026401335157e-10,5.253209682622374e-11,0.21105809863571057,0.0
UGC05607,Sb,Courteau97,73.59714339950204,17.49864897098393,4.8601413601241495e-11,1.581971230919879e-11,0.3454520838652736,0.0
UGC05607,Sb,Courteau97,73.59714339950204,17.96559405134172,5.162724881261666e-11,2.2569112235004265e-11,0.19033051963510392,0.0
UGC05607,Sb,Courteau97,73.59714339950204,26.394188582648535,3.321090349490272e-11,1.1122346629721685e-11,0.1798692142258405,0.0
UGC05607,Sb,Courteau97,73.59714339950204,27.172430383244855,5.449550438270269e-11,9.453173432507302e-12,0.2088469896116769,0.0
UGC05654,Sbc,Courteau97,57.533722344792096,0.38205975419969457,1.880382714824498e-10,5.303733194914255e-12,0.7975241383159158,0.0
UGC05654,Sbc,Courteau97,57.533722344792096,1.409508641795748,2.0785368076725806e-10,1.8265409317864873e-11,0.673307882655506,0.0
UGC05654,Sbc,Courteau97,57.533722344792096,2.255213826873197,1.3258061798414779e-10,2.5795036650615254e-11,0.5987023036792188,0.0
UGC05654,Sbc,Courteau97,57.533722344792096,3.100919011950646,1.6327202722520016e-10,3.1678390566382064e-11,0.5479243650438946,0.0
UGC05654,Sbc,Courteau97,57.533722344792096,3.96519654619058,1.260500754029749e-10,2.5759372765945142e-11,0.5791676490305814,0.0
UGC05654,Sbc,Courteau97,57.533722344792096,7.348017286500376,1.0795013192964338e-10,3.1758409821852537e-11,0.37786364114971305,0.0
UGC05654,Sbc,Courteau97,57.533722344792096,7.911820743218676,1.0399672584852397e-10,2.7385048271502015e-11,0.37359225586245015,0.0
UGC05654,Sbc,Courteau97,57.533722344792096,8.45705185077449,6.573224470015866e-11,1.5274862828979858e-11,0.5972768012395286,0.0
UGC05654,Sbc,Courteau97,57.533722344792096,14.640317525513296,5.0260740247290604e-11,1.519250113796795e-11,0.35240914742667895,0.0
UGC05654,Sbc,Courteau97,57.533722344792096,15.486022710590746,4.0572451429300794e-11,1.853591645773126e-11,0.23697365862353453,0.0
UGC05654,Sbc,Courteau97,57.533722344792096,16.331727895668195,3.3236714500574606e-11,1.1663212161359847e-11,0.39006524765357276,0.0
UGC05654,Sbc,Courteau97,57.533722344792096,18.624086420866362,6.044746594599876e-11,1.3463365277451302e-11,0.24092070949416675,0.0
UGC05696,Sb,Courteau97,57.28879082700657,0.45377499818195044,4.245760961123169e-10,3.460977630502232e-11,0.7534130730865891,0.0
UGC05696,Sb,Courteau97,57.28879082700657,1.5875249557607933,7.04170516026325e-10,1.0052000943983895e-10,0.639581448883461,0.0
UGC05696,Sb,Courteau97,57.28879082700657,2.6472500020200553,5.800772430617649e-10,1.3848625196652885e-10,0.5649819074410531,0.0
UGC05696,Sb,Courteau97,57.28879082700657,3.8570874845465783,4.771907957059183e-10,1.5881280622372767e-10,0.47504887258019,0.0
UGC05696,Sb,Courteau97,57.28879082700657,4.7648666602024905,3.968674996652003e-10,1.612963189131189e-10,0.4557013500853204,0.0
UGC05696,Sb,Courteau97,57.28879082700657,5.672875015150413,4.4154211426490777e-10,1.722581585618217e-10,0.366303485422028,0.0
UGC05696,Sb,Courteau97,57.28879082700657,7.0331687028822145,2.3639920224824334e-10,1.3902115721429863e-10,0.38385948551249427,0.0
UGC05696,Sb,Courteau97,57.28879082700657,8.243349954346755,2.7024284877685663e-10,1.3651928398852598e-10,0.28990936428876046,0.0
UGC05696,Sb,Courteau97,57.28879082700657,9.000099976567363,2.6057766743896425e-10,1.086610994046075e-10,0.30338305679270333,0.0
UGC05696,Sb,Courteau97,57.28879082700657,10.21062499696992,1.7841781378833297e-10,1.0135360768445606e-10,0.34554878687054125,0.0
UGC05696,Sb,Courteau97,57.28879082700657,11.345062492424795,1.3664552600488127e-10,7.903273218783697e-11,0.3985471979027138,0.0
UGC05696,Sb,Courteau97,57.28879082700657,12.252612488788696,1.406070064856398e-10,9.885893224292754e-11,0.28296812761089163,0.0
UGC05696,Sb,Courteau97,57.28879082700657,13.38704998424357,1.600205505750887e-10,1.0149264672599292e-10,0.23945750883183523,0.0
UGC05696,Sb,Courteau97,57.28879082700657,14.294599980607472,1.292384838552007e-10,2.0011637782768053e-11,0.7638456476404982,0.0
UGC05696,Sb,Courteau97,57.28879082700657,19.965412382129784,8.438535220553513e-11,5.4688595824720407e-11,0.21747814471539134,0.0
UGC05696,Sb,Courteau97,57.28879082700657,21.553624875766612,9.168492758230768e-11,6.296419028355095e-11,0.12312046787971867,0.0
UGC05715,Sbc,Courteau97,50.38304722247262,0.37309606574067344,1.8977971880881194e-11,4.9700364388221346e-11,0.7057685039157452,0.0
UGC05715,Sbc,Courteau97,50.38304722247262,1.1192881972220203,1.1035175758556472e-10,1.3320693674858376e-10,0.6364675745117776,0.0
UGC05715,Sbc,Courteau97,50.38304722247262,2.052028361573704,3.511910222759969e-10,1.9059069542225327e-10,0.5480124318945215,0.0
UGC05715,Sbc,Courteau97,50.38304722247262,2.8909292124209154,3.98430433153063e-10,2.274209193122874e-10,0.4599844587350656,0.0
UGC05715,Sbc,Courteau97,50.38304722247262,3.730960657406734,3.4710339087166667e-10,2.0570901104865558e-10,0.4271283660518348,0.0
UGC05715,Sbc,Courteau97,50.38304722247262,4.477152788888081,3.45525745276867e-10,1.8273671190534957e-10,0.44121118884548055,0.0
UGC05715,Sbc,Courteau97,50.38304722247262,5.317184233873901,2.9578246304107946e-10,1.8227419157594829e-10,0.39920182553164996,0.0
UGC05715,Sbc,Courteau97,50.38304722247262,6.156085084721112,2.5834366785352553e-10,1.9099926056068822e-10,0.2729138148313989,0.0
UGC05715,Sbc,Courteau97,50.38304722247262,6.902277216202458,2.138556510716313e-10,1.787558574183119e-10,0.2768055472495009,0.0
UGC05715,Sbc,Courteau97,50.38304722247262,7.7411780670496695,1.8028936429530774e-10,1.3363887305088932e-10,0.33627525382747453,0.0
UGC05715,Sbc,Courteau97,50.38304722247262,8.613243012629384,1.3266455742381607e-10,1.0155190564370059e-10,0.3887874252830009,0.0
UGC05715,Sbc,Courteau97,50.38304722247262,9.423502145298526,1.730607962986981e-10,9.533404791639161e-11,0.36036872379738993,0.0
UGC05715,Sbc,Courteau97,50.38304722247262,10.167433088502653,1.4899222757175954e-10,1.119030886242574e-10,0.247040810539736,0.0
UGC05715,Sbc,Courteau97,50.38304722247262,11.006333939349865,1.32847017273343e-10,1.1974255377184555e-10,0.1673574480461347,0.0
UGC05715,Sbc,Courteau97,50.38304722247262,11.845234790197077,1.3354314375275012e-10,7.422946833604881e-11,0.23528369380990435,0.0
UGC05715,Sbc,Courteau97,50.38304722247262,12.653232734589002,1.2786006190034876e-10,6.489113861228467e-11,0.31288350838236245,0.0
UGC05715,Sbc,Courteau97,50.38304722247262,13.521905897752891,1.0492871191541998e-10,7.657266699268522e-11,0.17564164454611095,0.0
UGC05715,Sbc,Courteau97,50.38304722247262,14.268098029234238,1.0580429439295127e-10,4.674543599647432e-11,0.3488569582134024,0.0
UGC05715,Sbc,Courteau97,50.38304722247262,15.014290160715586,8.020874603361247e-11,5.912043295476411e-11,0.1898520651595957,0.0
UGC05715,Sbc,Courteau97,50.38304722247262,15.573934259326595,7.426537528405602e-11,3.8485105017051675e-11,0.3806818759168945,0.0
UGC05715,Sbc,Courteau97,50.38304722247262,16.320126390807943,7.077987775243121e-11,5.714612585693003e-11,0.13676098255979396,0.0
UGC05788,Sb,Courteau97,57.81519883984667,0.2386063922623809,2.9337524456136834e-10,9.527500289516626e-12,0.7862718864847407,0.0
UGC05788,Sb,Courteau97,57.81519883984667,0.7803832593993163,3.860603304916879e-10,4.110750461243035e-11,0.690925693530784,0.0
UGC05788,Sb,Courteau97,57.81519883984667,2.285007097665624,3.7136581963401065e-10,8.332594598847811e-11,0.545540292842297,0.0
UGC05788,Sb,Courteau97,57.81519883984667,2.9643335321067554,3.955908766412161e-10,8.76614679260505e-11,0.5308147515816517,0.0
UGC05788,Sb,Courteau97,57.81519883984667,3.5790958839357137,2.8800703068691774e-10,8.738946666955567e-11,0.5144520215920906,0.0
UGC05788,Sb,Courteau97,57.81519883984667,4.294915060722856,2.6427268550686193e-10,9.123922594480153e-11,0.46836678724450886,0.0
UGC05788,Sb,Courteau97,57.81519883984667,5.010734237509999,2.8569242928402265e-10,8.527635674474589e-11,0.3962161546258817,0.0
UGC05788,Sb,Courteau97,57.81519883984667,5.625496589338957,1.9679163839468662e-10,9.084919348057044e-11,0.3879030101510585,0.0
UGC05788,Sb,Courteau97,57.81519883984667,6.442372591084284,1.0282470073113782e-10,5.4829035323085075e-11,0.5500418707240836,0.0
UGC05788,Sb,Courteau97,57.81519883984667,6.919585375609046,1.3205953813510257e-10,7.530557625550686e-11,0.4132669376399342,0.0
UGC05788,Sb,Courteau97,57.81519883984667,7.5343477274380035,2.177330166437134e-10,8.257205500191126e-11,0.3465140688025737,0.0
UGC05788,Sb,Courteau97,57.81519883984667,8.213674161879135,2.202439497364231e-10,8.72999346904324e-11,0.28077293326883385,0.0
UGC05788,Sb,Courteau97,57.81519883984667,8.763872431095919,1.7305936007183496e-10,4.181643471118695e-11,0.5214116874165402,0.0
UGC05788,Sb,Courteau97,57.81519883984667,9.479691607883062,1.2825148955210126e-10,4.181941171287025e-11,0.5086730459658046,0.0
UGC05788,Sb,Courteau97,57.81519883984667,10.195510784670205,6.149478294490478e-11,5.7014775932366265e-11,0.33991509861264296,0.0
UGC05788,Sb,Courteau97,57.81519883984667,10.911329961457348,1.0189154359204443e-10,7.173327685550979e-11,0.20697223817798793,0.0
UGC05788,Sb,Courteau97,57.81519883984667,11.55416365355247,9.328785228758611e-11,3.230751073304299e-11,0.4972860883925987,0.0
UGC05788,Sb,Courteau97,57.81519883984667,12.168926005381426,1.1437567698232777e-10,5.4887525840017044e-11,0.23408217848138543,0.0
UGC05788,Sb,Courteau97,57.81519883984667,12.710702872518361,1.266547235745951e-10,2.890623353176423e-11,0.4806991316354084,0.0
UGC05788,Sb,Courteau97,57.81519883984667,13.187915657043122,1.3519247690405853e-10,5.431669054750651e-11,0.18997641719276445,0.0
UGC05869,SAB(rs)b:,Mathewson96,55.60563077841138,0.46847040942476903,1.9783973099869908e-11,2.647374662088291e-11,0.6221733834168952,0.0
UGC05869,SAB(rs)b:,Mathewson96,55.60563077841138,1.4054112282743072,3.2291600887110874e-11,6.327323176607645e-11,0.5133506600085568,0.0
UGC05869,SAB(rs)b:,Mathewson96,55.60563077841138,2.3423520471238453,1.4332834352656032e-10,6.333965976026346e-11,0.4723157541085883,0.0
UGC05869,SAB(rs)b:,Mathewson96,55.60563077841138,3.52772414369864,1.7956567060767087e-10,5.37797872947702e-11,0.49140830735902574,0.0
UGC05869,SAB(rs)b:,Mathewson96,55.60563077841138,4.216233684822922,1.202855246502704e-10,5.0893461767719024e-11,0.45894477642883186,0.0
UGC05869,SAB(rs)b:,Mathewson96,55.60563077841138,5.15317450367246,1.6544874244839043e-10,5.843574997543449e-11,0.3754348982267109,0.0
UGC05869,SAB(rs)b:,Mathewson96,55.60563077841138,6.090115322521998,4.447038230112516e-11,4.186893343526152e-11,0.4592141819994092,0.0
UGC05869,SAB(rs)b:,Mathewson96,55.60563077841138,7.027056141371537,4.594038774306258e-11,5.3875253885206116e-11,0.3138301803601702,0.0
UGC05869,SAB(rs)b:,Mathewson96,55.60563077841138,8.21242823794633,6.038725050399758e-11,3.747084251254704e-11,0.28123671984249304,0.0
UGC05869,SAB(rs)b:,Mathewson96,55.60563077841138,9.14936905679587,8.73796664360186e-11,4.227528679016532e-11,0.26986301071630575,0.0
UGC05869,SAB(rs)b:,Mathewson96,55.60563077841138,9.837878597920152,6.496337893077967e-11,2.2493131103762637e-11,0.4844566887383476,0.0
UGC05869,SAB(rs)b:,Mathewson96,55.60563077841138,10.77481941676969,3.80117170315339e-11,1.841847242240606e-11,0.5326066230310634,0.0
UGC05869,SAB(rs)b:,Mathewson96,55.60563077841138,11.463328957893971,7.461347404994685e-11,2.5426062507532224e-11,0.3736207261066293,0.0
UGC05869,SAB(rs)b:,Mathewson96,55.60563077841138,12.400269776743508,1.998572833442502e-11,2.792365316369482e-11,0.2904948167318248,0.0
UGC05869,SAB(rs)b:,Mathewson96,55.60563077841138,13.83407315104356,2.5851617160456744e-11,2.1478748609678095e-11,0.3426507548204555,0.0
UGC05869,SAB(rs)b:,Mathewson96,55.60563077841138,14.771013969893097,6.457274414548728e-11,2.7746638250502927e-11,0.20875534562256015,0.0
UGC05869,SAB(rs)b:,Mathewson96,55.60563077841138,15.45952351101738,2.251047206702611e-11,1.645119917420819e-11,0.3766859879518739,0.0
UGC05869,SAB(rs)b:,Mathewson96,55.60563077841138,16.396464329866916,4.015197877220234e-11,2.182075438596704e-11,0.23402116184519053,0.0
UGC05869,SAB(rs)b:,Mathewson96,55.60563077841138,17.0849738709912,3.026320511769561e-11,1.4272410645969815e-11,0.3728324838256567,0.0
UGC05869,SAB(rs)b:,Mathewson96,55.60563077841138,18.490385099265506,3.639980387958951e-11,1.433461493677988e-11,0.3057460361862442,0.0
UGC05897,SAc,Courteau97,74.95123273150598,0.367712345930397,1.012407548502991e-10,1.3069159642320083e-11,0.5749486048811153,0.0
UGC05897,SAc,Courteau97,74.95123273150598,1.0755111628245217,2.2891435006278676e-10,2.913403105505428e-11,0.5241843989808167,0.0
UGC05897,SAc,Courteau97,74.95123273150598,1.7235593595617287,1.7781910406063364e-10,3.145467178695422e-11,0.49647859901129204,0.0
UGC05897,SAc,Courteau97,74.95123273150598,2.560068041758579,1.0750417713385171e-10,2.7009111091840913e-11,0.5208474121652241,0.0
UGC05897,SAc,Courteau97,74.95123273150598,3.1920689290822137,1.308495041921141e-10,2.4490716128880004e-11,0.5429486417445509,0.0
UGC05897,SAc,Courteau97,74.95123273150598,4.03869203558529,1.3419310868783634e-10,2.556788142287397e-11,0.4665920100337657,0.0
UGC05897,SAc,Courteau97,74.95123273150598,4.660548372239594,1.1168435744338e-10,2.23980923637676e-11,0.5268037719011276,0.0
UGC05897,SAc,Courteau97,74.95123273150598,5.159220018584507,9.162179706785361e-11,2.0043838401926e-11,0.5461836743642208,0.0
UGC05897,SAc,Courteau97,74.95123273150598,6.301440991443046,7.756506747375212e-11,1.5853999736192914e-11,0.5838714728609893,0.0
UGC05897,SAc,Courteau97,74.95123273150598,6.8391965728553075,7.781688134979817e-11,1.8222713961769223e-11,0.5200652780974423,0.0
UGC05897,SAc,Courteau97,74.95123273150598,7.59753738491746,6.47189309242994e-11,1.516584673309577e-11,0.5578164750917067,0.0
UGC05897,SAc,Courteau97,74.95123273150598,8.097333748818267,6.730004104935899e-11,2.2957102425864237e-11,0.3806413201922822,0.0
UGC05897,SAc,Courteau97,74.95123273150598,9.976104131093495,4.1479848969162066e-11,1.6636678279259666e-11,0.41719164373558715,0.0
UGC05897,SAc,Courteau97,74.95123273150598,10.69311157297651,9.272581753669544e-11,2.161513513398676e-11,0.28251762446361783,0.0
UGC05897,SAc,Courteau97,74.95123273150598,11.113615349186725,8.246351559710449e-11,1.2847516247707927e-11,0.46835578470968026,0.0
UGC05897,SAc,Courteau97,74.95123273150598,11.802996916103071,5.176207409782574e-11,1.8974484263840107e-11,0.2789990321540382,0.0
UGC05897,SAc,Courteau97,74.95123273150598,14.31252296269362,2.7605331689005324e-11,1.537869027873168e-11,0.2405877868529764,0.0
UGC05929,Sbc,Courteau97,64.48033004557276,0.34628783522814505,4.667609695866919e-11,5.4208413311567175e-12,0.7800254981640551,0.0
UGC05929,Sbc,Courteau97,64.48033004557276,1.0406765309997654,6.543222932765868e-11,1.6363002560861627e-11,0.6933518856836727,0.0
UGC05929,Sbc,Courteau97,64.48033004557276,1.7332522014560554,1.2833474408385565e-10,2.486552963225742e-11,0.6346737334750115,0.0
UGC05929,Sbc,Courteau97,64.48033004557276,2.542768004751169,1.0003616130842331e-10,3.1954314558899696e-11,0.5574419009728689,0.0
UGC05929,Sbc,Courteau97,64.48033004557276,3.3522838080462827,7.555560683458192e-11,3.4172853496326316e-11,0.49925909933369195,0.0
UGC05929,Sbc,Courteau97,64.48033004557276,4.043952965844907,7.781096129882243e-11,3.4710032864761226e-11,0.4658588102815763,0.0
UGC05929,Sbc,Courteau97,64.48033004557276,4.739248174274194,6.208983782861959e-11,2.58800768034727e-11,0.5532581752414484,0.0
UGC05929,Sbc,Courteau97,64.48033004557276,5.431823844730483,4.8892321833424425e-11,3.70625226714632e-11,0.3892035906995343,0.0
UGC05929,Sbc,Courteau97,64.48033004557276,6.126212540502103,3.093479802602897e-11,3.142827949532548e-11,0.43572724201387053,0.0
UGC05929,Sbc,Courteau97,64.48033004557276,6.7036611034349,3.445860920838898e-11,3.134602975399108e-11,0.402049012330578,0.0
UGC05929,Sbc,Courteau97,64.48033004557276,7.5140834193876795,5.335790440024865e-11,2.268059318826585e-11,0.480921550950528,0.0
UGC05929,Sbc,Courteau97,64.48033004557276,8.207565602501635,5.4162116146084417e-11,2.2788931713616705e-11,0.44715178760782975,0.0
UGC05929,Sbc,Courteau97,64.48033004557276,9.015268380481418,3.458081475325612e-11,2.1458028136340715e-11,0.43092449229066426,0.0
UGC05929,Sbc,Courteau97,64.48033004557276,9.8229711584612,1.4459018179303393e-11,2.2312103901324143e-11,0.37354628024475606,0.0
UGC05929,Sbc,Courteau97,64.48033004557276,12.134578435507718,3.39280458457635e-11,1.375628728062668e-11,0.47018973970691036,0.0
UGC05929,Sbc,Courteau97,64.48033004557276,12.596899890917022,6.451522774745953e-11,1.8226983567691875e-11,0.2933881331268063,0.0
UGC05929,Sbc,Courteau97,64.48033004557276,13.290382074030978,8.874929093181508e-11,1.3806670045408142e-11,0.4230740207089548,0.0
UGC05929,Sbc,Courteau97,64.48033004557276,13.983864257144933,6.640072204039632e-11,2.1661441693284e-11,0.22695968352913073,0.0
UGC05929,Sbc,Courteau97,64.48033004557276,14.446185712554236,4.5204078995181756e-11,1.5427279055452455e-11,0.32654621773983994,0.0
UGC05974,Scd:,Courteau97,67.75526490047194,0.1587022519574334,4.5298898878212155e-11,4.129837077155857e-12,0.11899382253024537,0.0
UGC05974,Scd:,Courteau97,67.75526490047194,0.48720083387874824,8.438785304277064e-11,1.1294826011070923e-11,0.3414905437369547,0.0
UGC05974,Scd:,Courteau97,67.75526490047194,0.731589917270086,6.101335578012884e-11,1.4158530731813506e-11,0.31054080778833815,0.0
UGC05974,Scd:,Courteau97,67.75526490047194,1.0216956504173433,4.894185184953989e-11,1.4725681644299408e-11,0.3109701595510832,0.0
UGC05974,Scd:,Courteau97,67.75526490047194,1.3004536882166147,2.53580573113239e-11,1.380234864005221e-11,0.2948559880582673,0.0
UGC05974,Scd:,Courteau97,67.75526490047194,1.6326151310207744,1.4146966665890559e-10,1.2154212708374204e-11,0.3227647158098681,0.0
UGC05974,Scd:,Courteau97,67.75526490047194,3.5154094005284464,3.782226078231259e-11,7.485496082320849e-12,0.30045066264483744,0.0
UGC05974,Scd:,Courteau97,67.75526490047194,3.631454294233147,4.582078194437353e-11,7.184076451513926e-12,0.2981741127863541,0.0
UGC06292,SB(s)b,SCII,64.79575511931607,0.7352571071194822,1.5631179809336058e-10,3.0273606575399336e-11,0.7337530385330355,0.0
UGC06292,SB(s)b,SCII,64.79575511931607,2.196056519525853,1.719488566511072e-10,6.381149661372209e-11,0.6563054060385753,0.0
UGC06292,SB(s)b,SCII,64.79575511931607,3.5594522609264785,1.5646817576046887e-10,7.993296187120469e-11,0.589215708747865,0.0
UGC06292,SB(s)b,SCII,64.79575511931607,4.922848002327103,1.4715304848922908e-10,7.971808446859975e-11,0.49372969113862064,0.0
UGC06292,SB(s)b,SCII,64.79575511931607,6.383647414733474,1.4056020684881964e-10,5.300275570179945e-11,0.630604249535093,0.0
UGC06292,SB(s)b,SCII,64.79575511931607,7.854161628972439,1.3031806575163026e-10,4.125579821965969e-11,0.6450041180514093,0.0
UGC06292,SB(s)b,SCII,64.79575511931607,9.212699969456766,1.1364096083703252e-10,6.252630366193636e-11,0.4753927315284875,0.0
UGC06292,SB(s)b,SCII,64.79575511931607,10.744570826848957,8.56345990428315e-11,8.879477745221622e-11,0.277316777273379,0.0
UGC06292,SB(s)b,SCII,64.79575511931607,12.04175252418006,6.262626042349514e-11,7.044935942508761e-11,0.31240991927984213,0.0
UGC06292,SB(s)b,SCII,64.79575511931607,13.50255193658643,5.1169598531026e-11,4.672650934533219e-11,0.41409131217183204,0.0
UGC06292,SB(s)b,SCII,64.79575511931607,14.71741347102029,4.1386621554412106e-11,4.973056530953802e-11,0.33462287423960846,0.0
UGC06292,SB(s)b,SCII,64.79575511931607,16.229343419387682,5.090757459942935e-11,3.962355834881888e-11,0.3761937246153288,0.0
UGC06292,SB(s)b,SCII,64.79575511931607,17.617111382929725,4.892086830798129e-11,4.233878893059138e-11,0.3147730212220709,0.0
UGC06292,SB(s)b,SCII,64.79575511931607,19.14122744236783,3.593820741791093e-11,4.8671251094802e-11,0.22784579556038387,0.0
UGC06292,SB(s)b,SCII,64.79575511931607,20.606884255690495,3.264150310285691e-11,1.6384635642064137e-11,0.6005186709958478,0.0
UGC06292,SB(s)b,SCII,64.79575511931607,22.07254106901316,2.917220856352138e-11,2.2870595426071565e-11,0.43974234306315907,0.0
UGC06292,SB(s)b,SCII,64.79575511931607,23.328818337575445,3.094159361125872e-11,3.5990291348453914e-11,0.2086236358228283,0.0
UGC06292,SB(s)b,SCII,64.79575511931607,24.794475150898116,2.8642044459497403e-11,1.0243491885927226e-11,0.6796499100954676,0.0
UGC06292,SB(s)b,SCII,64.79575511931607,26.26013196422078,1.8853147198389705e-11,2.2742425213264314e-11,0.28030443678198574,0.0
UGC06292,SB(s)b,SCII,64.79575511931607,27.72578877754345,2.2670280236489862e-11,3.500733006286329e-11,0.1268210217970386,0.0
UGC06325,Scd?,Courteau97,73.22210524865349,0.5698603322355777,1.0220573268157827e-10,1.0639508988016385e-11,0.7680235263968328,0.0
UGC06325,Scd?,Courteau97,73.22210524865349,1.6610439968002328,1.367232771431554e-10,2.5422344506071678e-11,0.6864577780166319,0.0
UGC06325,Scd?,Courteau97,73.22210524865349,2.657670394880373,1.0877025529385774e-10,3.205287489050325e-11,0.6474381946677997,0.0
UGC06325,Scd?,Courteau97,73.22210524865349,3.8204011926405355,9.189729526646813e-11,3.993959842334869e-11,0.5705622527487733,0.0
UGC06325,Scd?,Courteau97,73.22210524865349,4.983131990400698,1.0401534708118267e-10,4.2349007684166736e-11,0.4982055813819033,0.0
UGC06325,Scd?,Courteau97,73.22210524865349,5.979758388480838,9.509242645206629e-11,3.888772287276747e-11,0.46609641606700586,0.0
UGC06325,Scd?,Courteau97,73.22210524865349,7.142489186241001,9.323692461429383e-11,2.5003641446783548e-11,0.610779446691453,0.0
UGC06325,Scd?,Courteau97,73.22210524865349,8.305219984001164,1.0247315814246637e-10,3.664174300564439e-11,0.476817005488236,0.0
UGC06325,Scd?,Courteau97,73.22210524865349,9.220052548905535,8.517123176592928e-11,2.943232687358395e-11,0.5261468927780721,0.0
UGC06325,Scd?,Courteau97,73.22210524865349,10.299731146825685,1.0668337390907934e-10,1.9868294163825866e-11,0.6254844374980205,0.0
UGC06325,Scd?,Courteau97,73.22210524865349,11.429492737982693,1.2412766666684884e-10,1.714479718832168e-11,0.6338689355940684,0.0
UGC06325,Scd?,Courteau97,73.22210524865349,12.460346709330231,1.1820390105728788e-10,2.306136832097238e-11,0.4735109953594815,0.0
UGC06325,Scd?,Courteau97,73.22210524865349,13.618044040433423,8.05925165725546e-11,2.5432495463843505e-11,0.3516512700851489,0.0
UGC06325,Scd?,Courteau97,73.22210524865349,16.10961003563377,8.172522814213642e-11,2.1743554453034327e-11,0.27678234818256986,0.0
UGC06325,Scd?,Courteau97,73.22210524865349,16.94013203403389,6.00928741912892e-11,1.3971576231756312e-11,0.43186383909587817,0.0
UGC06325,Scd?,Courteau97,73.22210524865349,18.105379565122536,4.979792752665076e-11,1.4907274105271884e-11,0.35868993912972813,0.0
UGC06325,Scd?,Courteau97,73.22210524865349,19.104522696531163,6.326580232828184e-11,2.0197367679136713e-11,0.21622171768291681,0.0
UGC06325,Scd?,Courteau97,73.22210524865349,20.1011490946113,4.224746132330126e-11,1.2090916776429073e-11,0.3838889038464828,0.0
UGC06325,Scd?,Courteau97,73.22210524865349,21.596088691731513,4.8917050111090874e-11,1.3793156884110881e-11,0.2478014152480981,0.0
UGC06325,Scd?,Courteau97,73.22210524865349,21.928297491091556,5.0458202190197375e-11,1.204643834929296e-11,0.3078175892203659,0.0
UGC06338,Scd:,Courteau97,64.22930958918727,0.34365564686204636,4.696873123943771e-11,7.714842807463104e-12,0.7903067869670234,0.0
UGC06338,Scd:,Courteau97,64.22930958918727,1.030966940586139,5.922411128487377e-12,2.063145393317827e-11,0.7613655890894858,0.0
UGC06338,Scd:,Courteau97,64.22930958918727,1.7182782343102316,3.2954883089223974e-11,2.8482325123523695e-11,0.7248491023514566,0.0
UGC06338,Scd:,Courteau97,64.22930958918727,2.4055895280343247,6.926279700261672e-11,3.203039627495867e-11,0.7101099312031839,0.0
UGC06338,Scd:,Courteau97,64.22930958918727,3.1626733318788935,7.51734920276523e-11,3.3101202792356086e-11,0.6810497259286652,0.0
UGC06338,Scd:,Courteau97,64.22930958918727,3.7104396053620334,1.2279805710709723e-10,2.971640185370597e-11,0.743981912487386,0.0
UGC06338,Scd:,Courteau97,64.22930958918727,4.295695585775579,1.6502249883974582e-10,4.712631832093256e-11,0.6221075698919982,0.0
UGC06338,Scd:,Courteau97,64.22930958918727,4.983006879499672,2.0779601501552706e-10,2.9003225030166137e-11,0.7478621214581725,0.0
UGC06338,Scd:,Courteau97,64.22930958918727,5.568262859913218,1.856453550271382e-10,3.9406766788672205e-11,0.6302130209388801,0.0
UGC06338,Scd:,Courteau97,64.22930958918727,6.185801643516834,1.690970907884569e-10,6.236161259155835e-11,0.44967593124329336,0.0
UGC06338,Scd:,Courteau97,64.22930958918727,6.873112937240927,1.503095142925038e-10,8.700719362057576e-11,0.3384329534130185,0.0
UGC06338,Scd:,Courteau97,64.22930958918727,7.560424230965021,1.5662898361140186e-10,8.748598431754583e-11,0.30063411271397444,0.0
UGC06338,Scd:,Courteau97,64.22930958918727,8.247735524689112,1.651547716198422e-10,7.142243717575785e-11,0.29685699612272004,0.0
UGC06338,Scd:,Courteau97,64.22930958918727,8.890267446246332,1.4415885848868122e-10,3.630559016171332e-11,0.580803018996528,0.0
UGC06338,Scd:,Courteau97,64.22930958918727,9.659847819067704,1.2814510159267364e-10,4.068627096214348e-11,0.511078910255256,0.0
UGC06338,Scd:,Courteau97,64.22930958918727,10.347159112791797,1.3313769848450258e-10,6.153339401077886e-11,0.29606690176336314,0.0
UGC06338,Scd:,Courteau97,64.22930958918727,11.034470406515888,1.2762864560593724e-10,6.856164906607423e-11,0.18971769926407747,0.0
UGC06338,Scd:,Courteau97,64.22930958918727,11.72178170023998,1.1088086507331243e-10,3.473943170231528e-11,0.4557267498852471,0.0
UGC06338,Scd:,Courteau97,64.22930958918727,12.409092993964073,9.342682596880408e-11,5.554492971668595e-11,0.20576772044568087,0.0
UGC06338,Scd:,Courteau97,64.22930958918727,13.096404287688166,7.530067397774974e-11,2.698342774746008e-11,0.47262597113506455,0.0
UGC06533,Sc(f),Mathewson96,77.41778083420937,0.3185029743291397,7.25803737635095e-11,2.7118232320580925e-11,0.6307925303525665,0.0
UGC06533,Sc(f),Mathewson96,77.41778083420937,0.391672576539888,4.120546247444033e-11,3.312828655976834e-11,0.6302927129697673,0.0
UGC06533,Sc(f),Mathewson96,77.41778083420937,1.0652633263035416,1.8575611582064172e-10,7.12949422073104e-11,0.5944756124219566,0.0
UGC06533,Sc(f),Mathewson96,77.41778083420937,1.775438877172569,2.3017444747827775e-10,9.259977492865676e-11,0.5172749303753004,0.0
UGC06533,Sc(f),Mathewson96,77.41778083420937,2.485614428041597,2.489276233403276e-10,1.0342405149937344e-10,0.48613155631937577,0.0
UGC06533,Sc(f),Mathewson96,77.41778083420937,3.195789978910625,2.1311648205839575e-10,1.0755912229955577e-10,0.40225449118013523,0.0
UGC06533,Sc(f),Mathewson96,77.41778083420937,3.9059655297796523,1.8584538463762114e-10,1.1221344353413005e-10,0.342729038203455,0.0
UGC06533,Sc(f),Mathewson96,77.41778083420937,4.61614108064868,1.9151094410993793e-10,8.914233508278753e-11,0.3653255387207091,0.0
UGC06533,Sc(f),Mathewson96,77.41778083420937,5.326316631517708,1.7199705903897565e-10,9.813869998739936e-11,0.30296068191575276,0.0
UGC06533,Sc(f),Mathewson96,77.41778083420937,5.999907381281362,1.3990055861711104e-10,7.531602598953102e-11,0.3528761859743557,0.0
UGC06533,Sc(f),Mathewson96,77.41778083420937,6.0730769834921094,1.6376956149926576e-10,6.897585471071882e-11,0.37425988778321534,0.0
UGC06533,Sc(f),Mathewson96,77.41778083420937,6.710082932150389,1.2949716057486277e-10,6.276499159922961e-11,0.34932829181390074,0.0
UGC06544,Sbc,Courteau97,65.30448206435129,0.30235337066395174,1.346657576839997e-10,9.684117433659735e-12,0.7484996523623354,0.0
UGC06544,Sbc,Courteau97,65.30448206435129,0.9070601119918552,1.9382251991800594e-10,2.7933075533109696e-11,0.7102954902925156,0.0
UGC06544,Sbc,Courteau97,65.30448206435129,1.5117668533197586,2.670357518063815e-10,3.9327332276800036e-11,0.659993312034321,0.0
UGC06544,Sbc,Courteau97,65.30448206435129,2.038289288698196,2.2479268028386916e-10,4.280681475964167e-11,0.6443557463769967,0.0
UGC06544,Sbc,Courteau97,65.30448206435129,2.5700036506435895,1.7740067587227394e-10,4.54020945351314e-11,0.6345067795272102,0.0
UGC06544,Sbc,Courteau97,65.30448206435129,3.174710391971493,2.086838296172277e-10,5.0498446112862185e-11,0.6137070416825245,0.0
UGC06544,Sbc,Courteau97,65.30448206435129,3.779417133299397,2.4089193192357387e-10,5.6294984492422914e-11,0.5623672329656731,0.0
UGC06544,Sbc,Courteau97,65.30448206435129,4.3841238746273,2.4752769700748157e-10,4.2682100606902485e-11,0.6392731116060074,0.0
UGC06544,Sbc,Courteau97,65.30448206435129,4.988830615955203,2.521121606358218e-10,6.675184429637099e-11,0.46007041552999167,0.0
UGC06544,Sbc,Courteau97,65.30448206435129,5.5935373572831075,2.12391840143805e-10,7.543248367345311e-11,0.4258877821711584,0.0
UGC06544,Sbc,Courteau97,65.30448206435129,6.19824409861101,1.993153221841084e-10,7.329183289163911e-11,0.40987498125508887,0.0
UGC06544,Sbc,Courteau97,65.30448206435129,6.802950839938914,1.656019344746749e-10,7.418172615837064e-11,0.3650757567951858,0.0
UGC06544,Sbc,Courteau97,65.30448206435129,7.334665201884309,1.2844191319406597e-10,7.491156233845295e-11,0.3065519521576872,0.0
UGC06544,Sbc,Courteau97,65.30448206435129,7.861187637262745,1.3878326899511465e-10,3.8938098354856034e-11,0.5242918233376819,0.0
UGC06544,Sbc,Courteau97,65.30448206435129,8.465894378590649,1.7223791186464862e-10,3.8687481547580167e-11,0.5262055904589553,0.0
UGC06544,Sbc,Courteau97,65.30448206435129,9.070601119918553,1.5026559871547514e-10,5.832437784463765e-11,0.33659378519561706,0.0
UGC06544,Sbc,Courteau97,65.30448206435129,9.591931628730032,1.3571634582409298e-10,4.14124499781235e-11,0.36202118586557724,0.0
UGC06544,Sbc,Courteau97,65.30448206435129,10.196638370057936,1.5989944018048194e-10,4.0862393563026836e-11,0.41528835642383144,0.0
UGC06544,Sbc,Courteau97,65.30448206435129,10.884721343902262,1.5696691149179256e-10,5.719616754917649e-11,0.23384164278516906,0.0
UGC06544,Sbc,Courteau97,65.30448206435129,11.411243779280701,1.4686632261036297e-10,2.8057885964325047e-11,0.49874190850872585,0.0
UGC06544,Sbc,Courteau97,65.30448206435129,11.723981003078563,1.2334716145720258e-10,5.2527570108519684e-11,0.1846416870459169,0.0
UGC06568,SB(s)m,Mathewson96,53.23558944023504,0.1283613312971178,3.3323476031578755e-11,2.6326441680835224e-12,0.7950156051407573,0.0
UGC06568,SB(s)m,Mathewson96,53.23558944023504,0.7216568491988462,1.527296969863006e-11,3.124755952170765e-11,0.7209271762724015,0.0
UGC06568,SB(s)m,Mathewson96,53.23558944023504,0.9783795117930817,3.544231035918961e-14,4.0854580021455146e-11,0.6870991291032883,0.0
UGC06568,SB(s)m,Mathewson96,53.23558944023504,1.700036360991928,3.0117736051942173e-11,6.120775495777864e-11,0.6306650269956059,0.0
UGC06568,SB(s)m,Mathewson96,53.23558944023504,2.550054541487892,1.1238674476028193e-10,8.028064434004095e-11,0.5374677867060259,0.0
UGC06568,SB(s)m,Mathewson96,53.23558944023504,3.2717113906867383,1.1825134212246638e-10,9.324235365669799e-11,0.47934833873956373,0.0
UGC06568,SB(s)m,Mathewson96,53.23558944023504,3.5284340532809733,1.1552264474733143e-10,9.279114109195416e-11,0.452838392530185,0.0
UGC06568,SB(s)m,Mathewson96,53.23558944023504,4.121729571182702,1.2433367247947074e-10,7.336865729339848e-11,0.5077602541298261,0.0
UGC06568,SB(s)m,Mathewson96,53.23558944023504,4.378452233776938,9.990184911381278e-11,8.593402283483489e-11,0.46330525332171335,0.0
UGC06568,SB(s)m,Mathewson96,53.23558944023504,4.971747751678666,1.1253551200218898e-10,6.539154881097717e-11,0.5205947857627375,0.0
UGC06568,SB(s)m,Mathewson96,53.23558944023504,5.228470414272902,1.1947644597320993e-10,9.243967227411278e-11,0.3877467214523894,0.0
UGC06568,SB(s)m,Mathewson96,53.23558944023504,5.950127263471748,1.0684535125012137e-10,6.697553515797057e-11,0.48059974694860896,0.0
UGC06568,SB(s)m,Mathewson96,53.23558944023504,6.800145443967711,9.404614296485822e-11,8.849759176117251e-11,0.22723478697773034,0.0
UGC06568,SB(s)m,Mathewson96,53.23558944023504,7.521802293166558,1.1067236918396672e-10,9.142065504751676e-11,0.17315167565739614,0.0
UGC06568,SB(s)m,Mathewson96,53.23558944023504,7.778524955760793,8.576517635425599e-11,8.18090361728172e-11,0.22976106257198234,0.0
UGC06568,SB(s)m,Mathewson96,53.23558944023504,8.371820473662522,9.916221704252235e-11,8.361553935437846e-11,0.14807992244908266,0.0
UGC06568,SB(s)m,Mathewson96,53.23558944023504,8.628543136256758,8.445302409704421e-11,6.70351963575081e-11,0.21424059990375624,0.0
UGC06568,SB(s)m,Mathewson96,53.23558944023504,9.221838654158487,6.503123240565711e-11,6.917533958013028e-11,0.13361494720805234,0.0
UGC06568,SB(s)m,Mathewson96,53.23558944023504,9.478561316752721,8.691518366246869e-11,5.7190682514288545e-11,0.18501647881601432,0.0
UGC06607,Sd,Courteau97,61.311819354121376,0.21460621627517998,1.021039549978857e-11,3.664551431994623e-12,0.651123608582901,0.0
UGC06607,Sd,Courteau97,61.311819354121376,0.6026505708675732,3.8690825560179366e-11,9.663278132305215e-12,0.648706159269839,0.0
UGC06607,Sd,Courteau97,61.311819354121376,0.9906949254599663,8.077201894645509e-11,1.4770983520045226e-11,0.6234172039952458,0.0
UGC06607,Sd,Courteau97,61.311819354121376,1.4199073580103263,9.060977154894066e-11,1.8835029100011057e-11,0.5557374116049505,0.0
UGC06607,Sd,Courteau97,61.311819354121376,1.8079517126027196,6.887392842206488e-11,2.0897693787351872e-11,0.5395342307552395,0.0
UGC06607,Sd,Courteau97,61.311819354121376,2.195996067195113,9.364711554596317e-11,2.1491585900933925e-11,0.5282212575317857,0.0
UGC06607,Sd,Courteau97,61.311819354121376,2.5827881608610284,7.919234060000867e-11,2.2028084663783503e-11,0.5010396893417836,0.0
UGC06607,Sd,Courteau97,61.311819354121376,2.9471178241582425,9.157207448468708e-11,2.2017711799138352e-11,0.5004812921189171,0.0
UGC06607,Sd,Courteau97,61.311819354121376,3.397540426150825,5.917864661209326e-11,2.23233878759442e-11,0.41890704445772103,0.0
UGC06607,Sd,Courteau97,61.311819354121376,3.7419121809322955,5.1848938381933214e-11,2.2406068283221987e-11,0.3908342805156107,0.0
UGC06607,Sd,Courteau97,61.311819354121376,4.172376874409133,6.933373385611632e-11,2.4064189581099e-11,0.3831356528001921,0.0
UGC06607,Sd,Courteau97,61.311819354121376,4.602841567885971,6.517484720699952e-11,2.4159416939743708e-11,0.35140241726304006,0.0
UGC06607,Sd,Courteau97,61.311819354121376,4.9534746272998325,8.4515977142642e-11,2.0565500079639728e-11,0.3529699210202158,0.0
UGC06607,Sd,Courteau97,61.311819354121376,5.337762199112792,7.450504849752123e-11,1.8359622856561512e-11,0.4150064288193707,0.0
UGC06607,Sd,Courteau97,61.311819354121376,6.066421525707221,7.059392621801851e-11,1.918478667822084e-11,0.3127150859103264,0.0
UGC06607,Sd,Courteau97,61.311819354121376,7.9604661770053085,7.29924042234558e-11,1.2281508651890652e-11,0.36880510046338,0.0
UGC06734,Sb,Mathewson96,78.03175962097458,0.37770565049814564,3.7146684556708916e-11,3.033255522504404e-11,0.6204601649405729,0.0
UGC06734,Sb,Mathewson96,78.03175962097458,0.9763118784088431,3.920249847938861e-11,6.514567363418628e-11,0.563526042371088,0.0
UGC06734,Sb,Mathewson96,78.03175962097458,1.5108226019925826,1.3323821471988682e-10,8.706668287928233e-11,0.5118844065278063,0.0
UGC06734,Sb,Mathewson96,78.03175962097458,2.0453333255763217,1.360698229930165e-10,9.327376739152936e-11,0.47230081097600546,0.0
UGC06734,Sb,Mathewson96,78.03175962097458,2.6439395534870194,4.5414571219867725e-11,9.36066067126451e-11,0.45301410235423034,0.0
UGC06734,Sb,Mathewson96,78.03175962097458,3.399350854483311,1.5113599599983583e-10,8.649867222171159e-11,0.40386653535004213,0.0
UGC06734,Sb,Mathewson96,78.03175962097458,3.997957082394008,1.5332323609458146e-10,7.574844669704466e-11,0.4491796434995989,0.0
UGC06734,Sb,Mathewson96,78.03175962097458,4.311567228565195,1.2970064455563478e-10,8.014471228587816e-11,0.42067607023597914,0.0
UGC06734,Sb,Mathewson96,78.03175962097458,4.910173456475893,1.6928830460850957e-10,7.192004365535453e-11,0.3777378710112824,0.0
UGC06734,Sb,Mathewson96,78.03175962097458,5.508779684386591,1.6734882667699036e-10,8.287680675783815e-11,0.2546822991481992,0.0
UGC06734,Sb,Mathewson96,78.03175962097458,6.264190985382882,1.188824039597999e-10,7.550834497756607e-11,0.2664785559904305,0.0
UGC06734,Sb,Mathewson96,78.03175962097458,7.019602286379174,1.3295723726330224e-10,5.726017582616301e-11,0.30243017681978807,0.0
UGC06734,Sb,Mathewson96,78.03175962097458,7.3332124325503605,1.6789476822526872e-10,6.265365585085616e-11,0.18833696027133745,0.0
UGC06734,Sb,Mathewson96,78.03175962097458,7.931818660461059,1.0670624297331399e-10,4.485701759172648e-11,0.28985825100715673,0.0
UGC06734,Sb,Mathewson96,78.03175962097458,8.530424888371757,8.729952997074798e-11,4.1664315590378757e-11,0.2930609843806371,0.0
UGC06734,Sb,Mathewson96,78.03175962097458,9.285836189368046,8.736471781628607e-11,3.9268427131869935e-11,0.25178981867836475,0.0
UGC06734,Sb,Mathewson96,78.03175962097458,9.599446335539236,7.213018346436054e-11,3.243670878358175e-11,0.2943894611465446,0.0
UGC06734,Sb,Mathewson96,78.03175962097458,10.354857636535526,1.160358993342868e-10,3.0058411576131676e-11,0.2861626086279239,0.0
UGC06734,Sb,Mathewson96,78.03175962097458,10.953463864446224,6.938620664960327e-11,3.50208862131489e-11,0.1754141580029205,0.0
UGC06734,Sb,Mathewson96,78.03175962097458,11.55207009235692,8.26707772016338e-11,2.340286944607233e-11,0.3157778339518741,0.0
UGC06734,Sb,Mathewson96,78.03175962097458,11.865680238528109,6.921878442933307e-11,3.1911867354838745e-11,0.15051210450499156,0.0
UGC06736,SBcd? sp,Mathewson96,81.18392136502656,0.3925264926187187,1.3045615813063701e-11,4.8464521653360015e-12,0.7043510516589252,0.0
UGC06736,SBcd? sp,Mathewson96,81.18392136502656,0.9472179705718372,3.498034275507054e-11,1.031642910237523e-11,0.702464224075486,0.0
UGC06736,SBcd? sp,Mathewson96,81.18392136502656,1.5701059704748745,3.9799185360896377e-11,1.465848364431811e-11,0.6496723634783949,0.0
UGC06736,SBcd? sp,Mathewson96,81.18392136502656,2.3551589557123123,6.22523047176582e-11,1.8131606499077163e-11,0.5899467629747299,0.0
UGC06736,SBcd? sp,Mathewson96,81.18392136502656,3.1402119409497495,7.189050300818026e-11,2.0324379432495285e-11,0.5393139295365278,0.0
UGC06736,SBcd? sp,Mathewson96,81.18392136502656,3.7630999408527868,8.514360603582552e-11,2.009680158224231e-11,0.5287922859915767,0.0
UGC06736,SBcd? sp,Mathewson96,81.18392136502656,4.317791418805905,8.315101760763954e-11,2.2932100689064022e-11,0.43415259222161307,0.0
UGC06736,SBcd? sp,Mathewson96,81.18392136502656,5.102844404043343,7.769639683970162e-11,1.779048478295294e-11,0.4870349552378164,0.0
UGC06736,SBcd? sp,Mathewson96,81.18392136502656,5.657535881996462,6.338731300164473e-11,1.839989910023103e-11,0.4224138244535006,0.0
UGC06736,SBcd? sp,Mathewson96,81.18392136502656,6.280423881899498,6.709006082265199e-11,1.995877813641349e-11,0.37052984629119934,0.0
UGC06736,SBcd? sp,Mathewson96,81.18392136502656,7.065476867136937,5.754243894252089e-11,2.0830804814744055e-11,0.3532116650378349,0.0
UGC06736,SBcd? sp,Mathewson96,81.18392136502656,7.850529852374374,6.457589223901245e-11,1.832673176431199e-11,0.3614999581514047,0.0
UGC06736,SBcd? sp,Mathewson96,81.18392136502656,8.47341785227741,5.1016392470779655e-11,1.8632189733442988e-11,0.3112670697727658,0.0
UGC06736,SBcd? sp,Mathewson96,81.18392136502656,9.028109330230528,6.569399214912283e-11,1.1019368398138989e-11,0.48740835661890825,0.0
UGC06736,SBcd? sp,Mathewson96,81.18392136502656,9.813162315467967,5.403132606298288e-11,1.0910698281947518e-11,0.45957017363172414,0.0
UGC06736,SBcd? sp,Mathewson96,81.18392136502656,10.367853793421085,6.763822176770652e-11,1.4902100649497847e-11,0.2966738549993618,0.0
UGC06736,SBcd? sp,Mathewson96,81.18392136502656,10.990741793324123,7.087233737763837e-11,9.786933246962557e-12,0.4319335255333298,0.0
UGC06736,SBcd? sp,Mathewson96,81.18392136502656,11.775794778561561,4.8742376967376365e-11,1.007517278928019e-11,0.39020174275956,0.0
UGC06736,SBcd? sp,Mathewson96,81.18392136502656,12.560847763798998,4.2763822541986934e-11,1.1701457739196417e-11,0.28905055228460025,0.0
UGC06736,SBcd? sp,Mathewson96,81.18392136502656,13.508065734370836,4.4886982819028155e-11,1.079176705462753e-11,0.26625350947484216,0.0
UGC07464,Sb(f),Mathewson96,80.27504873293822,0.5333084139335322,4.721793958941515e-11,1.4471967609516824e-11,0.7291316134562877,0.0
UGC07464,Sb(f),Mathewson96,80.27504873293822,1.4393940222529273,1.8460480920902096e-10,3.1948086187956325e-11,0.6773136926583051,0.0
UGC07464,Sb(f),Mathewson96,80.27504873293822,1.7604564613482656,1.2472790483172656e-10,3.583048861135249e-11,0.6566040028044124,0.0
UGC07464,Sb(f),Mathewson96,80.27504873293822,2.6665420696676607,1.3661525169492213e-10,3.983132640725407e-11,0.6141935831584295,0.0
UGC07464,Sb(f),Mathewson96,80.27504873293822,3.733158897534725,2.07441636954502e-10,4.5875756582751327e-11,0.5846816847510099,0.0
UGC07464,Sb(f),Mathewson96,80.27504873293822,4.799775725401789,2.238163522901108e-10,4.3934422574218135e-11,0.5263562085075488,0.0
UGC07464,Sb(f),Mathewson96,80.27504873293822,5.7058613337211845,2.041331751249692e-10,3.3039831437177196e-11,0.6304767221418968,0.0
UGC07464,Sb(f),Mathewson96,80.27504873293822,6.026923772816524,1.9291181180063329e-10,5.304189798902556e-11,0.4850540256493843,0.0
UGC07464,Sb(f),Mathewson96,80.27504873293822,6.933009381135918,1.7096836234444052e-10,3.0984782809387964e-11,0.6112095927913981,0.0
UGC07464,Sb(f),Mathewson96,80.27504873293822,7.999626209002981,1.491634034637173e-10,5.385458763405211e-11,0.39967732603567035,0.0
UGC07464,Sb(f),Mathewson96,80.27504873293822,8.905711817322377,1.4393872867601122e-10,4.275828224973034e-11,0.4442505914907594,0.0
UGC07464,Sb(f),Mathewson96,80.27504873293822,9.59955145080358,1.5444176017385366e-10,5.5461312692321644e-11,0.3104176108928396,0.0
UGC07464,Sb(f),Mathewson96,80.27504873293822,10.29339108428478,1.5048561335805093e-10,4.027743999690607e-11,0.30897611663031893,0.0
UGC07464,Sb(f),Mathewson96,80.27504873293822,11.199476692604176,1.3913338054904137e-10,2.1347044477086573e-11,0.5952540219696483,0.0
UGC07464,Sb(f),Mathewson96,80.27504873293822,12.266093520471241,1.202865060279146e-10,1.8841949563201905e-11,0.6087309654391114,0.0
UGC07464,Sb(f),Mathewson96,80.27504873293822,13.172179128790635,1.2619380793234214e-10,2.90940688928267e-11,0.3904286483485841,0.0
UGC07464,Sb(f),Mathewson96,80.27504873293822,13.493241567885972,1.3025362658618883e-10,1.804419913575412e-11,0.5755538666936134,0.0
UGC07464,Sb(f),Mathewson96,80.27504873293822,14.399327176205368,1.0475553441264003e-10,2.91351211090759e-11,0.32118293907051754,0.0
UGC07464,Sb(f),Mathewson96,80.27504873293822,15.465944004072432,1.2475682293412615e-10,3.42359190168049e-11,0.20779906144753207,0.0
UGC07464,Sb(f),Mathewson96,80.27504873293822,16.693092051487167,8.680223291519606e-11,3.326288629034065e-11,0.1731809805722392,0.0
UGC07516,Scd:,Mathewson96,60.38978603355719,0.35304792378736094,9.283318687716648e-12,7.689015574933494e-12,0.6891606134036552,0.0
UGC07516,Scd:,Mathewson96,60.38978603355719,0.937181761326449,3.955528820233876e-11,1.7913761698570916e-11,0.670010977830027,0.0
UGC07516,Scd:,Mathewson96,60.38978603355719,1.1811057813977164,3.5154718263889265e-11,2.1112450002471914e-11,0.6349972828815394,0.0
UGC07516,Scd:,Mathewson96,60.38978603355719,1.7652396189368045,1.0207267554944528e-10,2.6232172495454494e-11,0.5891809929692998,0.0
UGC07516,Scd:,Mathewson96,60.38978603355719,2.3493734564758926,7.325150315961967e-11,3.0881413171353504e-11,0.5350532305346155,0.0
UGC07516,Scd:,Mathewson96,60.38978603355719,2.8243833902988875,1.0307423089820317e-10,3.344746936867137e-11,0.49938351470899167,0.0
UGC07516,Scd:,Mathewson96,60.38978603355719,3.2993933241218825,1.0248031720795984e-10,3.442522585334806e-11,0.4852503666380982,0.0
UGC07516,Scd:,Mathewson96,60.38978603355719,3.88352716166097,5.6381530086761315e-11,3.1923518293873774e-11,0.46354002191153987,0.0
UGC07516,Scd:,Mathewson96,60.38978603355719,4.467660999200058,8.967771774899356e-11,2.624326134514485e-11,0.5377994495157361,0.0
UGC07516,Scd:,Mathewson96,60.38978603355719,4.942670933023052,6.779282226738942e-11,2.420160665062088e-11,0.5434030330019465,0.0
UGC07516,Scd:,Mathewson96,60.38978603355719,5.417680866846048,5.61161087244945e-11,2.3957072300184012e-11,0.5360381081222508,0.0
UGC07516,Scd:,Mathewson96,60.38978603355719,6.001814704385136,6.378729335981726e-11,2.127422247488149e-11,0.5500508607043264,0.0
UGC07516,Scd:,Mathewson96,60.38978603355719,6.585948541924224,4.616609759064481e-11,2.138602193060467e-11,0.5296215585681942,0.0
UGC07516,Scd:,Mathewson96,60.38978603355719,6.829872561995492,4.08427762483804e-11,2.791253760255304e-11,0.35140772286344757,0.0
UGC07516,Scd:,Mathewson96,60.38978603355719,7.41400639953458,5.5024830308624554e-11,2.016500725189964e-11,0.47951849891525455,0.0
UGC07516,Scd:,Mathewson96,60.38978603355719,8.120102247109301,4.4589907248847764e-11,1.820147266850001e-11,0.49560540609427756,0.0
UGC07516,Scd:,Mathewson96,60.38978603355719,8.70423608464839,4.6366679827628634e-11,2.219604534182279e-11,0.3936514369806123,0.0
UGC07516,Scd:,Mathewson96,60.38978603355719,8.948160104719657,3.850924953957897e-11,1.734108193392996e-11,0.4624083088774373,0.0
UGC07516,Scd:,Mathewson96,60.38978603355719,9.532293942258745,3.4483178895258804e-11,2.1971545957270784e-11,0.34074403810154646,0.0
UGC07516,Scd:,Mathewson96,60.38978603355719,10.116427779797833,3.0632580105196376e-11,2.6061653322964643e-11,0.22947231924410486,0.0
UGC07516,Scd:,Mathewson96,60.38978603355719,10.3603517998691,4.2912918900226685e-11,2.222593802558194e-11,0.2793677239937684,0.0
UGC07644,Scd(f),Mathewson96,82.21821240644772,0.5417135626499892,2.2626965862185267e-11,6.6610725341303266e-12,0.7208534943519628,0.0
UGC07644,Scd(f),Mathewson96,82.21821240644772,1.3542839066249728,9.109204811930033e-11,1.2541713053871953e-11,0.6517477154667761,0.0
UGC07644,Scd(f),Mathewson96,82.21821240644772,2.1668542505999566,1.1617009448468532e-10,1.46106492892027e-11,0.6300880664069249,0.0
UGC07644,Scd(f),Mathewson96,82.21821240644772,2.9794245945749402,1.189973520323595e-10,1.755537038400844e-11,0.5734190228554815,0.0
UGC07644,Scd(f),Mathewson96,82.21821240644772,3.7919949385499234,9.505239456174112e-11,1.6910444515095924e-11,0.5783927248927841,0.0
UGC07644,Scd(f),Mathewson96,82.21821240644772,4.6045652825249075,9.448789244069178e-11,1.5701477012644846e-11,0.5806194831853698,0.0
UGC07644,Scd(f),Mathewson96,82.21821240644772,5.417135626499891,8.994582151472148e-11,1.9584603020875153e-11,0.48542392912610005,0.0
UGC07644,Scd(f),Mathewson96,82.21821240644772,6.229705970474875,9.084044918015808e-11,1.3483057148313193e-11,0.5649841085747734,0.0
UGC07644,Scd(f),Mathewson96,82.21821240644772,7.042276314449858,8.940330230176113e-11,2.150835946035643e-11,0.3603262310137378,0.0
UGC07644,Scd(f),Mathewson96,82.21821240644772,7.854846658424841,8.115656380487798e-11,2.1258979831214176e-11,0.3479039792440267,0.0
UGC07644,Scd(f),Mathewson96,82.21821240644772,8.667417002399825,7.453264203517783e-11,2.0453833250680184e-11,0.320523777517995,0.0
UGC07644,Scd(f),Mathewson96,82.21821240644772,9.47998734637481,9.801689894088166e-11,1.9731964687541793e-11,0.2869853507449189,0.0
UGC07644,Scd(f),Mathewson96,82.21821240644772,10.201360120880098,5.8049599960443445e-11,1.579736888598389e-11,0.272175660077118,0.0
UGC07644,Scd(f),Mathewson96,82.21821240644772,11.914962451215668,6.340394454094917e-11,1.1211716028826997e-11,0.3748364898206338,0.0
UGC07644,Scd(f),Mathewson96,82.21821240644772,12.730268722274744,6.236967760451164e-11,1.3563412718146903e-11,0.2418469907441608,0.0
UGC07644,Scd(f),Mathewson96,82.21821240644772,13.453465448169426,5.972785869562805e-11,8.752074688354532e-12,0.3785922958143037,0.0
UGC07644,Scd(f),Mathewson96,82.21821240644772,14.3581453373088,5.7459118434140765e-11,9.46227452863636e-12,0.29712500758094734,0.0
UGC07644,Scd(f),Mathewson96,82.21821240644772,15.170715681283784,5.569882203079143e-11,1.1463441352144674e-11,0.18096804106614942,0.0
UGC07644,Scd(f),Mathewson96,82.21821240644772,16.25414280658376,5.797822020850174e-11,6.92015386091401e-12,0.33600811386314794,0.0
UGC07978,Scd:,Courteau97,55.73365543831798,0.17948166678786998,2.1407275584565674e-11,2.637645727751002e-12,0.8597711892786741,0.0
UGC07978,Scd:,Courteau97,55.73365543831798,0.5384450003636099,1.2588513287252405e-11,1.9332090895512178e-11,0.7305298404591423,0.0
UGC07978,Scd:,Courteau97,55.73365543831798,0.8974083339393498,1.6527901771951705e-11,2.955286411442936e-11,0.7152015795995964,0.0
UGC07978,Scd:,Courteau97,55.73365543831798,1.3375916541019237,3.747266673086829e-11,4.017626566902155e-11,0.6721666135853244,0.0
UGC07978,Scd:,Courteau97,55.73365543831798,1.7948166678786999,2.173360788456702e-11,4.7804030485735674e-11,0.6409891983396673,0.0
UGC07978,Scd:,Courteau97,55.73365543831798,2.1537800014544395,2.771364445988035e-11,5.3361939588759855e-11,0.6162814844770863,0.0
UGC07978,Scd:,Courteau97,55.73365543831798,2.5127433350301795,8.286859617828408e-11,5.976013293906344e-11,0.5745902802731858,0.0
UGC07978,Scd:,Courteau97,55.73365543831798,2.8717066686059196,9.558604929569952e-11,6.22841602059292e-11,0.5683062540263472,0.0
UGC07978,Scd:,Courteau97,55.73365543831798,3.2306700021816592,5.8144806609675895e-11,6.086394282304776e-11,0.5531511609350724,0.0
UGC07978,Scd:,Courteau97,55.73365543831798,3.5896333357573997,4.788703823891075e-11,5.979008202921517e-11,0.5315381631753071,0.0
UGC07978,Scd:,Courteau97,55.73365543831798,4.012774962305771,5.41867728342777e-11,6.340072283826907e-11,0.48996801786639477,0.0
UGC07978,Scd:,Courteau97,55.73365543831798,4.307560002908879,4.888615365696225e-12,5.1347906722576104e-11,0.5772583409790745,0.0
UGC07978,Scd:,Courteau97,55.73365543831798,4.7307016294572515,7.962696891143424e-15,4.6624329200607455e-11,0.6005468730618727,0.0
UGC07978,Scd:,Courteau97,55.73365543831798,5.123748350261395,8.890926368560343e-12,5.048892926698381e-11,0.5789760440587495,0.0
UGC07978,Scd:,Courteau97,55.73365543831798,5.448628296608732,3.896691071175038e-12,7.384940310845272e-11,0.4235150652836943,0.0
UGC07978,Scd:,Courteau97,55.73365543831798,5.807591630184472,1.799274326705118e-11,5.026044480439173e-11,0.509516871892795,0.0
UGC07978,Scd:,Courteau97,55.73365543831798,6.166554963760211,1.9660124860375755e-11,6.176514763057686e-11,0.47404191652268585,0.0
UGC07978,Scd:,Courteau97,55.73365543831798,6.5255182973359505,2.739457055468966e-11,7.988481581763542e-11,0.3113555169790576,0.0
UGC07978,Scd:,Courteau97,55.73365543831798,6.884481630911691,7.41910763740432e-12,5.1163794297874744e-11,0.4953344058750171,0.0
UGC07978,Scd:,Courteau97,55.73365543831798,7.602408298063171,3.337536107924621e-11,4.464626304342336e-11,0.5012170302107334,0.0
UGC08161,Sb HII,Courteau97,72.27794795246119,0.42615380699585487,2.0371919412279887e-11,4.218584413566276e-11,0.6124029752467492,0.0
UGC08161,Sb HII,Courteau97,72.27794795246119,1.3159113009962913,7.756077877848864e-11,1.211968306608151e-10,0.43520746535641186,0.0
UGC08161,Sb HII,Courteau97,72.27794795246119,2.085570903934259,2.0416837205309468e-10,1.3340820266878066e-10,0.37111624064753923,0.0
UGC08161,Sb HII,Courteau97,72.27794795246119,2.795827248927351,2.0132892705012554e-10,1.2198686237583338e-10,0.33140804422602366,0.0
UGC08161,Sb HII,Courteau97,72.27794795246119,3.5997082939422587,1.5120788335723582e-10,1.0390220152244364e-10,0.30968449507813406,0.0
UGC08161,Sb HII,Courteau97,72.27794795246119,5.4431463529925095,1.7900915416027527e-10,5.966701421224136e-11,0.35366475000092645,0.0
UGC08161,Sb HII,Courteau97,72.27794795246119,6.295453966984219,1.572848277034747e-10,6.20745927621908e-11,0.25468887836733584,0.0
UGC08161,Sb HII,Courteau97,72.27794795246119,7.147761580975929,1.193769409523587e-10,4.5308680961475314e-11,0.32686266079092685,0.0
UGC08161,Sb HII,Courteau97,72.27794795246119,8.002651945313069,7.998823199103083e-11,3.279057375493322e-11,0.4069209080924395,0.0
UGC08161,Sb HII,Courteau97,72.27794795246119,8.741318544105884,9.573817196090842e-11,3.004225983851915e-11,0.40222046011768137,0.0
UGC08161,Sb HII,Courteau97,72.27794795246119,9.70726717329649,7.885444825902723e-11,2.3874617927655847e-11,0.4474337154060914,0.0
UGC08161,Sb HII,Courteau97,72.27794795246119,10.307326170217925,6.584104682906777e-11,3.4337666122092315e-11,0.258378509927677,0.0
UGC08161,Sb HII,Courteau97,72.27794795246119,11.693402188931714,3.9137653285016643e-11,2.307825404964847e-11,0.33688618361155914,0.0
UGC08161,Sb HII,Courteau97,72.27794795246119,11.97750472692895,5.496976453670601e-11,2.2589936410985745e-11,0.2910603969229133,0.0
UGC08161,Sb HII,Courteau97,72.27794795246119,14.159928768816815,8.227606182068288e-11,1.817576667667213e-11,0.26475629588737626,0.0
UGC08161,Sb HII,Courteau97,72.27794795246119,14.728133844811289,6.112244206771762e-11,2.1404795262674416e-11,0.1647817364997632,0.0
UGC08161,Sb HII,Courteau97,72.27794795246119,16.71685161079194,8.28973716336416e-11,1.5156850682633298e-11,0.20464451344970144,0.0
UGC08255,Scd:,Mathewson96,47.84671493970561,0.23955489782561268,5.9458385863195325e-12,1.3679728065116615e-11,0.48131372543293666,0.0
UGC08255,Scd:,Mathewson96,47.84671493970561,0.6845462686350084,8.378267509894577e-12,3.2782607670553416e-11,0.5083409639431737,0.0
UGC08255,Scd:,Mathewson96,47.84671493970561,0.7527831183186678,1.5265827495933788e-11,3.478251334068112e-11,0.5050751215849139,0.0
UGC08255,Scd:,Mathewson96,47.84671493970561,1.1977744891280637,6.002411540188987e-11,4.1777843495196694e-11,0.486151981169567,0.0
UGC08255,Scd:,Mathewson96,47.84671493970561,1.6768842847792889,1.3099482299858615e-10,4.4409103287597946e-11,0.48195666823165445,0.0
UGC08255,Scd:,Mathewson96,47.84671493970561,2.1559940804305144,9.148435209120454e-11,4.671542353313804e-11,0.43195369677500883,0.0
UGC08255,Scd:,Mathewson96,47.84671493970561,2.6351038760817396,1.1012603947776737e-10,4.483549319793588e-11,0.4191410436046722,0.0
UGC08255,Scd:,Mathewson96,47.84671493970561,3.1142136717329647,1.2117146090709112e-10,4.0236680867198187e-11,0.41253962880661954,0.0
UGC08255,Scd:,Mathewson96,47.84671493970561,3.5933234673841903,8.174109892963268e-11,4.216289914657318e-11,0.3946112461975634,0.0
UGC08255,Scd:,Mathewson96,47.84671493970561,4.038314838193586,5.117079596452857e-11,3.7802830616303155e-11,0.4034922068997898,0.0
UGC08255,Scd:,Mathewson96,47.84671493970561,4.1065516878772454,1.1119396845171772e-10,3.58800699205986e-11,0.40259419880027136,0.0
UGC08255,Scd:,Mathewson96,47.84671493970561,4.551543058686642,7.816982063096914e-11,3.269836463565235e-11,0.3905858163698425,0.0
UGC08255,Scd:,Mathewson96,47.84671493970561,4.996534429496037,1.2464069399028305e-10,2.9372077632189335e-11,0.4041755983745179,0.0
UGC08255,Scd:,Mathewson96,47.84671493970561,5.475644225147263,9.120618003481901e-11,2.6700251738147178e-11,0.4166383576541237,0.0
UGC08255,Scd:,Mathewson96,47.84671493970561,5.954754020798488,7.569615504600036e-11,2.6024031682409192e-11,0.4068146981720664,0.0
UGC08255,Scd:,Mathewson96,47.84671493970561,6.433863816449713,6.703398239775663e-11,2.8196366100630153e-11,0.33928808569486923,0.0
UGC08255,Scd:,Mathewson96,47.84671493970561,6.912973612100938,6.146816758482979e-11,3.0392672525426426e-11,0.2573609826558842,0.0
UGC08255,Scd:,Mathewson96,47.84671493970561,7.392083407752164,4.888583323291538e-11,2.213353429721947e-11,0.31335112086978906,0.0
UGC08306,Sb,Mathewson96,83.96112745355057,0.5480282646110587,3.532334532316615e-11,1.4462760967035387e-11,0.7288683788286328,0.0
UGC08306,Sb,Mathewson96,83.96112745355057,1.61954621482074,1.791656258697882e-10,3.2530909757562854e-11,0.632276394798216,0.0
UGC08306,Sb,Mathewson96,83.96112745355057,2.4293193222311107,1.0035170662213935e-10,3.854725322931525e-11,0.5769507076784843,0.0
UGC08306,Sb,Mathewson96,83.96112745355057,3.239092429641481,1.1465302450994377e-10,3.7662834375905486e-11,0.568559675976504,0.0
UGC08306,Sb,Mathewson96,83.96112745355057,4.048865537051851,1.6123230621615232e-10,4.275365359969065e-11,0.4960733442405951,0.0
UGC08306,Sb,Mathewson96,83.96112745355057,4.858638644462221,1.8069193836403117e-10,3.896276653610605e-11,0.4780922422283934,0.0
UGC08306,Sb,Mathewson96,83.96112745355057,5.668411751872592,2.0146514176782708e-10,3.006777432455025e-11,0.5920673205821179,0.0
UGC08306,Sb,Mathewson96,83.96112745355057,6.478184859282962,1.940993683334937e-10,3.98202939002879e-11,0.40717493256181014,0.0
UGC08306,Sb,Mathewson96,83.96112745355057,7.287957966693332,1.9017125960566553e-10,4.627735635835007e-11,0.3757733511688098,0.0
UGC08306,Sb,Mathewson96,83.96112745355057,8.359475916903014,1.6511569339894038e-10,2.266457970795388e-11,0.597337063335516,0.0
UGC08306,Sb,Mathewson96,83.96112745355057,9.455532446125131,1.321569910854266e-10,3.32146706226931e-11,0.3167889333899025,0.0
UGC08306,Sb,Mathewson96,83.96112745355057,10.527050396334811,1.4787940448419901e-10,4.335232621112038e-11,0.23832043415153342,0.0
UGC08306,Sb,Mathewson96,83.96112745355057,11.336823503745183,1.4567104763946608e-10,1.878739075777998e-11,0.5213884201681734,0.0
UGC08306,Sb,Mathewson96,83.96112745355057,12.17113519016799,1.3845866322237936e-10,2.2725672831225256e-11,0.4201530430725675,0.0
UGC08306,Sb,Mathewson96,83.96112745355057,12.956369718565924,1.2309709506182855e-10,3.2886996117944116e-11,0.21420420037663382,0.0
UGC08306,Sb,Mathewson96,83.96112745355057,13.766142825976292,1.2861207557567942e-10,1.9031881749975324e-11,0.36921561996792834,0.0
UGC08306,Sb,Mathewson96,83.96112745355057,14.551377354374226,1.055715420999252e-10,2.3012587401243205e-11,0.2483443753395721,0.0
UGC08306,Sb,Mathewson96,83.96112745355057,15.361150461784598,1.333295635718148e-10,2.6755601194532042e-11,0.14944762444444454,0.0
UGC08306,Sb,Mathewson96,83.96112745355057,16.17092356919497,9.871544252825641e-11,1.7910239549204692e-11,0.26204287722641223,0.0
UGC08306,Sb,Mathewson96,83.96112745355057,16.98069667660534,9.035372507753849e-11,2.1597430593612445e-11,0.15311529251057956,0.0
UGC08306,Sb,Mathewson96,83.96112745355057,17.79046978401571,7.834683661901574e-11,1.5264922026812163e-11,0.24256071070013213,0.0
UGC08451,SAc,Courteau97,61.99168704835389,0.3738770009453858,4.311646934901116e-11,1.2066940326277216e-11,0.7036956015891397,0.0
UGC08451,SAc,Courteau97,61.99168704835389,0.7097556134099339,3.546015365181458e-11,2.1082929030543157e-11,0.6572208231443836,0.0
UGC08451,SAc,Courteau97,61.99168704835389,2.0061113489928006,3.609893235538115e-11,3.606227716683394e-11,0.5860055300604472,0.0
UGC08451,SAc,Courteau97,61.99168704835389,2.2483510755581415,2.437874106599987e-10,3.6401691093354213e-11,0.5668270363469378,0.0
UGC08451,SAc,Courteau97,61.99168704835389,3.4996968152619203,2.2403860534065583e-10,3.20343512160065e-11,0.6239968432697939,0.0
UGC08451,SAc,Courteau97,61.99168704835389,3.902524969335564,1.9587443475687849e-10,2.984637495653381e-11,0.6346412646257836,0.0
UGC08451,SAc,Courteau97,61.99168704835389,4.5989076379899645,1.6709437380884067e-10,4.019604501184838e-11,0.5354856500962734,0.0
UGC08451,SAc,Courteau97,61.99168704835389,5.061758544105883,1.4608658839703109e-10,4.150269878148837e-11,0.5093109347858459,0.0
UGC08451,SAc,Courteau97,61.99168704835389,5.6071372002036215,1.1951479030030518e-10,3.6660244193792544e-11,0.5364867148068478,0.0
UGC08451,SAc,Courteau97,61.99168704835389,6.172566791651517,1.5519192784476894e-10,3.431052986476006e-11,0.5415285914823386,0.0
UGC08451,SAc,Courteau97,61.99168704835389,6.729931419013682,1.238125014814219e-10,4.0942357423729544e-11,0.4623553921507501,0.0
UGC08451,SAc,Courteau97,61.99168704835389,7.277854610054334,1.2665449260806582e-10,4.8982138901481486e-11,0.36062040851023486,0.0
UGC08451,SAc,Courteau97,61.99168704835389,7.786585353792452,1.2817635327161786e-10,2.7072374978247674e-11,0.5163422341121929,0.0
UGC08451,SAc,Courteau97,61.99168704835389,8.290125686859138,1.1315392497814276e-10,2.926729802797004e-11,0.5235192516524129,0.0
UGC08451,SAc,Courteau97,61.99168704835389,8.827839895280343,1.2681271587059754e-10,4.748555804834429e-11,0.31041893947287835,0.0
UGC08451,SAc,Courteau97,61.99168704835389,9.33765160739825,1.2431582314069315e-10,1.830385011948918e-11,0.6351789709060471,0.0
UGC08451,SAc,Courteau97,61.99168704835389,9.91981858424842,1.1325915946238336e-10,3.587853793319237e-11,0.36653503369520857,0.0
UGC08451,SAc,Courteau97,61.99168704835389,10.329454782924879,1.1997661740583018e-10,2.035742173826789e-11,0.5473368608156232,0.0
UGC08451,SAc,Courteau97,61.99168704835389,10.73895527307105,1.718830951713491e-10,4.292438931054094e-11,0.24342537545081472,0.0
UGC08787,Sbc: sp LLIRG,Mathewson96,84.07752369631591,0.28478200858119407,1.5076672764820748e-11,5.645673171587652e-12,0.6554047138155042,0.0
UGC08787,Sbc: sp LLIRG,Mathewson96,84.07752369631591,0.6242191501224154,3.3906102005276696e-11,1.0886533049975284e-11,0.6720066193590124,0.0
UGC08787,Sbc: sp LLIRG,Mathewson96,84.07752369631591,1.1391280343247765,5.275779033417e-11,1.5953440305450858e-11,0.6225310154015268,0.0
UGC08787,Sbc: sp LLIRG,Mathewson96,84.07752369631591,1.7086920514871646,6.943178030729784e-11,1.9098454707460672e-11,0.5919437220080411,0.0
UGC08787,Sbc: sp LLIRG,Mathewson96,84.07752369631591,2.2782560686495525,7.648598120984588e-11,2.1233482810036103e-11,0.5572402118284931,0.0
UGC08787,Sbc: sp LLIRG,Mathewson96,84.07752369631591,2.847820085811941,7.626623806219607e-11,2.1032891298359677e-11,0.5465855890526318,0.0
UGC08787,Sbc: sp LLIRG,Mathewson96,84.07752369631591,3.4173841029743293,7.762110487436376e-11,2.1671757157030007e-11,0.5181797605189019,0.0
UGC08787,Sbc: sp LLIRG,Mathewson96,84.07752369631591,3.9869481201367174,8.716257769940126e-11,2.1885252334613374e-11,0.5241615337940256,0.0
UGC08787,Sbc: sp LLIRG,Mathewson96,84.07752369631591,4.556512137299106,9.129132655599966e-11,2.479767397018245e-11,0.3989973060905255,0.0
UGC08787,Sbc: sp LLIRG,Mathewson96,84.07752369631591,5.126076154461494,8.491707525120406e-11,2.6796271917708742e-11,0.3831913809573457,0.0
UGC08787,Sbc: sp LLIRG,Mathewson96,84.07752369631591,5.695640171623882,9.31372067065956e-11,2.403084507523821e-11,0.3925673861365039,0.0
UGC08787,Sbc: sp LLIRG,Mathewson96,84.07752369631591,6.265204188786271,9.956357239775632e-11,2.1570962531239302e-11,0.38992129453779106,0.0
UGC08787,Sbc: sp LLIRG,Mathewson96,84.07752369631591,6.8347682059486585,9.660999599426759e-11,2.1093522530773777e-11,0.3767527626060349,0.0
UGC08787,Sbc: sp LLIRG,Mathewson96,84.07752369631591,7.404332223111047,9.366012092584684e-11,2.1196351386798652e-11,0.33123895188009134,0.0
UGC08787,Sbc: sp LLIRG,Mathewson96,84.07752369631591,7.919241107313408,8.078640086403276e-11,1.3009892449650312e-11,0.4926989570446816,0.0
UGC08787,Sbc: sp LLIRG,Mathewson96,84.07752369631591,8.488805124475796,7.967844937013337e-11,1.556080928124947e-11,0.4130379069946136,0.0
UGC08787,Sbc: sp LLIRG,Mathewson96,84.07752369631591,9.058369141638185,6.731934072102448e-11,1.95451718280372e-11,0.2789459999057108,0.0
UGC08787,Sbc: sp LLIRG,Mathewson96,84.07752369631591,9.627933158800573,9.51066581914706e-11,1.2614194882317533e-11,0.3968833430557536,0.0
UGC08787,Sbc: sp LLIRG,Mathewson96,84.07752369631591,10.197497175962962,6.468175253074695e-11,1.4318764449447445e-11,0.32830730343423936,0.0
UGC08787,Sbc: sp LLIRG,Mathewson96,84.07752369631591,10.767061193125349,6.705043490703356e-11,1.4046466770225825e-11,0.2854497161654449,0.0
UGC08902,Sb:,Courteau97,70.30864141934946,0.5705103549871697,1.6508185883361754e-09,1.2972827556340718e-10,0.618899223672776,0.0
UGC08902,Sb:,Courteau97,70.30864141934946,2.1905963173587377,5.921900039840741e-10,2.7852782680110896e-10,0.46229721417657,0.0
UGC08902,Sb:,Courteau97,70.30864141934946,2.929343116864228,8.050369984486646e-10,2.652056956836327e-10,0.43538610925008114,0.0
UGC08902,Sb:,Courteau97,70.30864141934946,4.068532106755872,6.097491355048962e-10,2.7669427536038e-10,0.33013941692748705,0.0
UGC08902,Sb:,Courteau97,70.30864141934946,5.22014861290088,3.902398159882478e-10,1.5900374336961104e-10,0.4566737460163214,0.0
UGC08902,Sb:,Courteau97,70.30864141934946,6.421869708384844,3.095922984831431e-10,1.5150488851362312e-10,0.3442135209197649,0.0
UGC08902,Sb:,Courteau97,70.30864141934946,7.561058698276489,2.8316509945556203e-10,1.0283014533153744e-10,0.5025297095947036,0.0
UGC08902,Sb:,Courteau97,70.30864141934946,8.700247688168133,2.36444377230495e-10,1.4637881702357627e-10,0.3177667139430302,0.0
UGC08902,Sb:,Courteau97,70.30864141934946,9.789463596829322,2.1046121523259626e-10,1.236431913539078e-10,0.33636998085813297,0.0
UGC08902,Sb:,Courteau97,70.30864141934946,10.978625667951421,2.0628105277980518e-10,7.433086819639398e-11,0.49010693763418006,0.0
UGC08902,Sb:,Courteau97,70.30864141934946,12.293377982692167,1.7610424996075592e-10,4.720251312061975e-11,0.6131070728445784,0.0
UGC08902,Sb:,Courteau97,70.30864141934946,13.344785310159262,1.8241994101442863e-10,6.344708014885279e-11,0.4578132603178867,0.0
UGC08902,Sb:,Courteau97,70.30864141934946,14.56626080222737,1.713910292181513e-10,6.066154292114819e-11,0.4337876998706064,0.0
UGC08902,Sb:,Courteau97,70.30864141934946,15.585683479019707,1.4971854800285718e-10,9.310763802370905e-11,0.2176631420822799,0.0
UGC08902,Sb:,Courteau97,70.30864141934946,16.68739265798851,1.3200872198465804e-10,6.080182309931574e-11,0.27577132178475366,0.0
UGC08902,Sb:,Courteau97,70.30864141934946,18.464724744382227,2.0551130916367872e-10,7.429892828667737e-11,0.17885972487385748,0.0
UGC08902,Sb:,Courteau97,70.30864141934946,22.858739419678567,1.112834235952622e-10,4.58915315875856e-11,0.21408476268335738,0.0
UGC08902,Sb:,Courteau97,70.30864141934946,23.346963272489273,1.1517189738053155e-10,3.774264734340111e-11,0.23367236556946014,0.0
UGC08927,Sbc,Courteau97,69.3818307801806,0.35632364838112784,2.1770669112426437e-10,4.243349815038238e-12,0.7512469268571286,0.0
UGC08927,Sbc,Courteau97,69.3818307801806,0.9750113624059665,1.5480013924804505e-10,1.0064824807071138e-11,0.7176525105392767,0.0
UGC08927,Sbc,Courteau97,69.3818307801806,1.4731417041184884,9.875132269000929e-11,1.3224109225645975e-11,0.6790926908682668,0.0
UGC08927,Sbc,Courteau97,69.3818307801806,2.25806560298645,1.0905643310192897e-10,1.6458980918950127e-11,0.6530492136667814,0.0
UGC08927,Sbc,Courteau97,69.3818307801806,2.8020193104339888,8.027285005977909e-11,1.6948091786368794e-11,0.6445643734722742,0.0
UGC08927,Sbc,Courteau97,69.3818307801806,3.4561586977916763,1.3694684235756032e-10,1.7262218578042573e-11,0.6231299706309557,0.0
UGC08927,Sbc,Courteau97,69.3818307801806,4.102419935519841,1.3958021666732844e-10,1.7869895575343623e-11,0.6260317945837726,0.0
UGC08927,Sbc,Courteau97,69.3818307801806,4.72050878627009,1.0409891731853632e-10,2.5914785660531546e-11,0.46021638631835443,0.0
UGC08927,Sbc,Courteau97,69.3818307801806,5.294983870263981,7.242294668966393e-11,2.8511243709695094e-11,0.4280336580076249,0.0
UGC08927,Sbc,Courteau97,69.3818307801806,5.9092627115603715,7.653720638900469e-11,2.3865166315589956e-11,0.4643346886516756,0.0
UGC08927,Sbc,Courteau97,69.3818307801806,6.628140251424139,2.340698701185252e-11,1.6197699537173063e-11,0.5700661068917278,0.0
UGC08927,Sbc,Courteau97,69.3818307801806,7.28446961982563,4.1647580601191107e-11,1.4987786006777045e-11,0.5772211859039243,0.0
UGC08927,Sbc,Courteau97,69.3818307801806,7.846946787869974,6.677823586350242e-11,2.0419929090333138e-11,0.4467693601241324,0.0
UGC08927,Sbc,Courteau97,69.3818307801806,8.46069904249388,5.70049818298767e-11,2.52909877171118e-11,0.33225893104150983,0.0
UGC08927,Sbc,Courteau97,69.3818307801806,9.020842708813097,5.14493970447672e-11,1.1905772777627938e-11,0.5708278819315563,0.0
UGC08927,Sbc,Courteau97,69.3818307801806,9.743154419799774,4.826295970018019e-11,1.1975275880709533e-11,0.5693638149076639,0.0
UGC08927,Sbc,Courteau97,69.3818307801806,10.426188960156432,6.271832633551453e-11,1.9309416777564566e-11,0.3538204730975357,0.0
UGC08927,Sbc,Courteau97,69.3818307801806,11.744803288972923,7.377540559294989e-11,1.2903090094526185e-11,0.4527043506109982,0.0
UGC08927,Sbc,Courteau97,69.3818307801806,12.148974047948029,6.562291106279968e-11,1.825892177508225e-11,0.20652261489890003,0.0
UGC08927,Sbc,Courteau97,69.3818307801806,12.578297064455919,4.579059127955012e-11,1.8900675071917444e-11,0.23493375891934978,0.0
UGC08948,SBb,Courteau97,67.93475281997128,0.22027156812837853,6.492178215935772e-11,1.1023870589457696e-11,0.696620875290689,0.0
UGC08948,SBb,Courteau97,67.93475281997128,0.6512376796839018,1.4109351371274145e-10,3.098414519507946e-11,0.6860621890793562,0.0
UGC08948,SBb,Courteau97,67.93475281997128,1.139665939446828,2.6946043570791264e-10,4.8844774156536815e-11,0.6369750321641425,0.0
UGC08948,SBb,Courteau97,67.93475281997128,1.6280941992097544,2.0503093701012702e-10,6.283791974486311e-11,0.5847006346628514,0.0
UGC08948,SBb,Courteau97,67.93475281997128,2.116522458972681,1.8032096760255936e-10,7.167095087130105e-11,0.5105597969922063,0.0
UGC08948,SBb,Courteau97,67.93475281997128,2.604950718735607,2.2285724726413812e-10,7.950976576362077e-11,0.4951641905937126,0.0
UGC08948,SBb,Courteau97,67.93475281997128,3.0933789784985333,2.8877139960236136e-10,7.988609994598771e-11,0.42607424058959203,0.0
UGC08948,SBb,Courteau97,67.93475281997128,3.58180723826146,2.05312126074909e-10,7.969894067212678e-11,0.4623553310578517,0.0
UGC08948,SBb,Courteau97,67.93475281997128,4.0702354980243864,1.1829217724323116e-10,7.233630989329203e-11,0.4328803997595222,0.0
UGC08948,SBb,Courteau97,67.93475281997128,4.558663757787312,9.069963865008895e-11,7.845437573336331e-11,0.3525868777359341,0.0
UGC08948,SBb,Courteau97,67.93475281997128,4.884282597629263,7.883221032478215e-11,6.443346207231484e-11,0.4413803945834986,0.0
UGC08948,SBb,Courteau97,67.93475281997128,5.37271085739219,1.0385229257348338e-10,6.094126975557302e-11,0.43220497149309783,0.0
UGC08948,SBb,Courteau97,67.93475281997128,5.8611391171551155,9.480501910398548e-11,5.962618174686452e-11,0.4114525856958823,0.0
UGC08948,SBb,Courteau97,67.93475281997128,6.349567376918042,9.98107067233855e-11,6.186724615533659e-11,0.35707689610859333,0.0
UGC08948,SBb,Courteau97,67.93475281997128,6.837995636680969,1.1696780257419409e-10,6.594560011941883e-11,0.29038171256340195,0.0
UGC08948,SBb,Courteau97,67.93475281997128,7.326423896443895,1.7408129847204025e-10,5.421617662036239e-11,0.2667574926130645,0.0
UGC08948,SBb,Courteau97,67.93475281997128,7.814852156206821,1.9507170800270815e-10,4.039356160066914e-11,0.42415545644335934,0.0
UGC08948,SBb,Courteau97,67.93475281997128,8.303280415969748,1.5609161612243367e-10,5.3288214239442616e-11,0.2773387501715575,0.0
UGC08948,SBb,Courteau97,67.93475281997128,8.78213165103144,1.3695974285934093e-10,3.515922010017489e-11,0.3801308202761543,0.0
UGC08948,SBb,Courteau97,67.93475281997128,9.117327515574624,1.425216679792816e-10,4.8962629203518106e-11,0.2574316052113097,0.0
UGC08948,SBb,Courteau97,67.93475281997128,9.433369330715342,1.5225530454804043e-10,3.320650326116985e-11,0.40321665861586137,0.0
UGC08951,Scd:,Mathewson96,80.49986135843537,0.12881822994691294,4.0392109570629396e-10,7.340123102754757e-13,0.6607767527413169,0.0
UGC08951,Scd:,Mathewson96,80.49986135843537,0.7350435022907424,6.435684972306097e-11,3.649934708596336e-12,0.7258467997187253,0.0
UGC08951,Scd:,Mathewson96,80.49986135843537,1.341268774634572,3.5758964966622433e-11,5.8180408668661915e-12,0.6764213381724135,0.0
UGC08951,Scd:,Mathewson96,80.49986135843537,1.5989052345283978,5.483276940611441e-11,6.511756369800464e-12,0.6551806892383767,0.0
UGC08951,Scd:,Mathewson96,80.49986135843537,2.0763122769253144,7.339129467521871e-11,7.590364391597519e-12,0.6221764033192272,0.0
UGC08951,Scd:,Mathewson96,80.49986135843537,2.3339487368191403,6.102173108116903e-11,7.976060706191093e-12,0.6037472892766196,0.0
UGC08951,Scd:,Mathewson96,80.49986135843537,2.94017400916297,4.751567296363077e-11,8.183208577646391e-12,0.5896686093956217,0.0
UGC08951,Scd:,Mathewson96,80.49986135843537,3.5463992815067993,6.557554678853366e-11,8.136900901265018e-12,0.577729974217562,0.0
UGC08951,Scd:,Mathewson96,80.49986135843537,3.804035741400625,6.652735028815123e-11,8.708340503133895e-12,0.56668604569666,0.0
UGC08951,Scd:,Mathewson96,80.49986135843537,4.281442783797542,5.237129458504217e-11,7.951845514162102e-12,0.5771356591690517,0.0
UGC08951,Scd:,Mathewson96,80.49986135843537,4.539079243691368,6.906420971451508e-11,9.681972791542074e-12,0.5078223668385587,0.0
UGC08951,Scd:,Mathewson96,80.49986135843537,5.145304516035197,6.337326137293879e-11,8.202442582507542e-12,0.5458632712944803,0.0
UGC08951,Scd:,Mathewson96,80.49986135843537,5.751529788379027,5.4386166562839276e-11,7.499655222966563e-12,0.5436247590604399,0.0
UGC08951,Scd:,Mathewson96,80.49986135843537,6.0091662482728525,5.3730557003935586e-11,1.0215550329500802e-11,0.4285111706947724,0.0
UGC08951,Scd:,Mathewson96,80.49986135843537,6.486573290669768,5.009590282603665e-11,9.476462718579848e-12,0.40593894027229727,0.0
UGC08951,Scd:,Mathewson96,80.49986135843537,6.744209750563595,4.047706064048748e-11,8.710103707205397e-12,0.4630911312208334,0.0
UGC08951,Scd:,Mathewson96,80.49986135843537,7.3504350229074245,4.557893934893343e-11,9.263015213227346e-12,0.40630960672352295,0.0
UGC08951,Scd:,Mathewson96,80.49986135843537,8.21429675514508,2.5441973594835013e-11,7.848484450079842e-12,0.42746262005103336,0.0
UGC08951,Scd:,Mathewson96,80.49986135843537,8.949340257435821,4.5486313303968454e-11,8.290388054053837e-12,0.36279961144275574,0.0
UGC09019,Sbc,Courteau97,65.5623483605404,0.35296706437511616,1.3926461062757863e-10,5.599690415736305e-12,0.8386052177184082,0.0
UGC09019,Sbc,Courteau97,65.5623483605404,1.1702524907279472,2.4431513161250584e-10,2.0445936530302248e-11,0.7562371280419219,0.0
UGC09019,Sbc,Courteau97,65.5623483605404,1.987537917080778,3.251554933960043e-10,3.2147166168897e-11,0.6769905143584877,0.0
UGC09019,Sbc,Courteau97,65.5623483605404,2.808605977747073,2.914789400193951e-10,4.001927566541937e-11,0.6437370960181625,0.0
UGC09019,Sbc,Courteau97,65.5623483605404,3.6296740384133686,2.241015094718722e-10,5.107480219880025e-11,0.5536292443132486,0.0
UGC09019,Sbc,Courteau97,65.5623483605404,4.446959464766199,2.0464288210490137e-10,5.516526085541122e-11,0.5199865710880783,0.0
UGC09019,Sbc,Courteau97,65.5623483605404,5.26424489111903,2.377488019152808e-10,5.624406709198091e-11,0.4501598312206496,0.0
UGC09019,Sbc,Courteau97,65.5623483605404,6.085312951785325,2.1231057205319956e-10,4.0371339073256837e-11,0.5803677480117059,0.0
UGC09019,Sbc,Courteau97,65.5623483605404,6.906381012451621,1.843263000294568e-10,3.8963157266012e-11,0.4999002483014626,0.0
UGC09019,Sbc,Courteau97,65.5623483605404,7.686549339603585,1.8089718298273245e-10,5.633812555691636e-11,0.3343655354564244,0.0
UGC09019,Sbc,Courteau97,65.5623483605404,8.659868431386808,1.4582377406020206e-10,5.858189966569597e-11,0.3225693584383855,0.0
UGC09019,Sbc,Courteau97,65.5623483605404,9.250668628220978,1.2027613713522876e-10,4.247387463812905e-11,0.29611488286421034,0.0
UGC09019,Sbc,Courteau97,65.5623483605404,10.186870620803337,1.2179956961650866e-10,4.033791495134578e-11,0.3069748891233215,0.0
UGC09019,Sbc,Courteau97,65.5623483605404,10.889022115240104,1.3267397177900834e-10,2.4322153462212834e-11,0.5571300051252034,0.0
UGC09019,Sbc,Courteau97,65.5623483605404,11.93657540542506,1.0574036953061539e-10,2.512522025447098e-11,0.5017643098671641,0.0
UGC09019,Sbc,Courteau97,65.5623483605404,12.750078197464426,1.0953050130511607e-10,3.9456616231351415e-11,0.2804998626449584,0.0
UGC09019,Sbc,Courteau97,65.5623483605404,13.452229691901195,9.929959277383654e-11,1.9682428905303662e-11,0.5170462940871575,0.0
UGC09019,Sbc,Courteau97,65.5623483605404,14.154381186337964,7.241410176471826e-11,3.138548422539465e-11,0.29625834079821606,0.0
UGC09019,Sbc,Courteau97,65.5623483605404,15.090583178920323,8.294893426522852e-11,3.915636529891687e-11,0.17807506111448335,0.0
UGC09019,Sbc,Courteau97,65.5623483605404,15.79273467335709,9.792680855824332e-11,2.3330769651941485e-11,0.3390522441753361,0.0
UGC09019,Sbc,Courteau97,65.5623483605404,16.26083566964827,1.1116403487142402e-10,1.5686455888224308e-11,0.49099139167337924,0.0
UGC09023,Scd:,Courteau97/Mathewson96,67.81269195561256,0.24235807698834022,2.7146707609560076e-11,2.6673132226260035e-12,0.7039666394890165,0.0
UGC09023,Scd:,Courteau97/Mathewson96,67.81269195561256,0.916334892815876,2.3209542344956485e-11,8.909014778494433e-12,0.64990910528553,0.0
UGC09023,Scd:,Courteau97/Mathewson96,67.81269195561256,1.7076481710421059,4.367827282486405e-11,1.3184355087977644e-11,0.5973266578678098,0.0
UGC09023,Scd:,Courteau97/Mathewson96,67.81269195561256,2.4332442052699195,2.8940546848942152e-11,1.482783526102272e-11,0.540462509722645,0.0
UGC09023,Scd:,Courteau97/Mathewson96,67.81269195561256,3.0292001793808936,2.903377335143332e-11,1.596181483031729e-11,0.523157650981161,0.0
UGC09023,Scd:,Courteau97/Mathewson96,67.81269195561256,3.61768427346698,4.815864273207743e-11,1.6162318529667382e-11,0.4998102053448982,0.0
UGC09023,Scd:,Courteau97/Mathewson96,67.81269195561256,4.271326691392141,5.537664318740323e-11,1.3420075616164014e-11,0.5291005588870181,0.0
UGC09023,Scd:,Courteau97/Mathewson96,67.81269195561256,4.96210788306305,4.744052894191752e-11,1.4483315811974198e-11,0.5097367135358277,0.0
UGC09023,Scd:,Courteau97/Mathewson96,67.81269195561256,5.678922987419097,2.957430046744434e-11,1.125002482240089e-11,0.5424582707862082,0.0
UGC09023,Scd:,Courteau97/Mathewson96,67.81269195561256,6.3555840908539984,8.310882155085455e-11,1.3604909818202217e-11,0.4388125697118057,0.0
UGC09023,Scd:,Courteau97/Mathewson96,67.81269195561256,6.895309755250122,6.712854643476243e-11,1.0184436589743294e-11,0.5346449895109506,0.0
UGC09023,Scd:,Courteau97/Mathewson96,67.81269195561256,7.686623033476354,4.577971498651926e-11,1.2708635441134281e-11,0.40859084844727794,0.0
UGC09023,Scd:,Courteau97/Mathewson96,67.81269195561256,8.477936311702583,3.874365622575461e-11,1.2897386362959061e-11,0.3828263369340197,0.0
UGC09023,Scd:,Courteau97/Mathewson96,67.81269195561256,9.014352580418393,3.5616799466728185e-11,8.234174489682815e-12,0.561540889863624,0.0
UGC09023,Scd:,Courteau97/Mathewson96,67.81269195561256,9.536795845150657,2.346957308850497e-11,1.3121284558849966e-11,0.3658407057832122,0.0
UGC09023,Scd:,Courteau97/Mathewson96,67.81269195561256,10.97770672435944,3.375576314479787e-11,8.025856430450122e-12,0.49166620629201113,0.0
UGC09023,Scd:,Courteau97/Mathewson96,67.81269195561256,12.438032724892734,4.1567703798408056e-11,1.074213047671471e-11,0.2840456670256919,0.0
UGC09023,Scd:,Courteau97/Mathewson96,67.81269195561256,13.311713184495673,2.8390395405545426e-11,7.2263249147873045e-12,0.40388949581116756,0.0
UGC09054,SB?,Mathewson96,62.69849370722547,0.2284024361864592,1.2480463889951334e-11,1.1717860520640266e-11,0.6394467102353906,0.0
UGC09054,SB?,Mathewson96,62.69849370722547,0.6297319540397063,1.806414641743611e-13,3.28347227621708e-11,0.6147467350745554,0.0
UGC09054,SB?,Mathewson96,62.69849370722547,1.0865368264126247,2.7921495709048947e-12,4.927971253106212e-11,0.5731140741212017,0.0
UGC09054,SB?,Mathewson96,62.69849370722547,1.4878663442658715,2.529904106284166e-11,5.804238031953431e-11,0.5186774954965424,0.0
UGC09054,SB?,Mathewson96,62.69849370722547,1.94467121663879,9.866984769463365e-11,6.461554137062911e-11,0.49311318639028223,0.0
UGC09054,SB?,Mathewson96,62.69849370722547,2.346000734492037,1.3590487587931428e-10,6.856397250893586e-11,0.4624198605158109,0.0
UGC09054,SB?,Mathewson96,62.69849370722547,2.8028056068649554,2.3953807785703e-10,7.008365495919448e-11,0.44405883308330785,0.0
UGC09054,SB?,Mathewson96,62.69849370722547,3.2041351247182024,1.2471801756928588e-10,7.337116109248828e-11,0.3789097890724104,0.0
UGC09054,SB?,Mathewson96,62.69849370722547,3.6609399970911203,1.2810370953673722e-10,7.294727212374254e-11,0.3784090227280569,0.0
UGC09054,SB?,Mathewson96,62.69849370722547,4.062269514944368,9.001070968859169e-11,6.88740622611776e-11,0.3642873643228239,0.0
UGC09054,SB?,Mathewson96,62.69849370722547,4.519074387317286,1.7370650912087713e-10,6.25397924251884e-11,0.3524033734461603,0.0
UGC09054,SB?,Mathewson96,62.69849370722547,4.9204039051705335,1.6096067733655027e-10,6.109942619056939e-11,0.322950178964681,0.0
UGC09054,SB?,Mathewson96,62.69849370722547,5.778538295396698,1.4199515599911698e-10,5.854382737370051e-11,0.23572088734299246,0.0
UGC09054,SB?,Mathewson96,62.69849370722547,6.636672685622864,1.065611044007321e-10,3.9455796943468204e-11,0.32382292486956277,0.0
UGC09121,Sbc,Courteau97/Mathewson96,73.47690630649483,0.2673579994182242,4.882396878862725e-10,1.2874884174300584e-11,0.6427512451901919,0.0
UGC09121,Sbc,Courteau97/Mathewson96,73.47690630649483,0.8510753036142826,3.3664095230655957e-10,3.5368107288079836e-11,0.6131495425966018,0.0
UGC09121,Sbc,Courteau97/Mathewson96,73.47690630649483,1.4373716238818997,2.9574521506070433e-10,4.9405627866419156e-11,0.5590282223163276,0.0
UGC09121,Sbc,Courteau97/Mathewson96,73.47690630649483,2.0425807286742783,2.785281424828432e-10,6.044900375396577e-11,0.4703204177658681,0.0
UGC09121,Sbc,Courteau97/Mathewson96,73.47690630649483,2.6898400764619717,2.5461275885597727e-10,6.269994309864891e-11,0.4393039585893429,0.0
UGC09121,Sbc,Courteau97/Mathewson96,73.47690630649483,3.2757925279200473,2.202082874355566e-10,5.815265469645641e-11,0.4236064706310953,0.0
UGC09121,Sbc,Courteau97/Mathewson96,73.47690630649483,3.8802647709776954,1.9946246243966285e-10,5.653460815333366e-11,0.4046314084396226,0.0
UGC09121,Sbc,Courteau97/Mathewson96,73.47690630649483,4.401245667078758,1.6824049867471677e-10,4.768872702680368e-11,0.40624420741402406,0.0
UGC09121,Sbc,Courteau97/Mathewson96,73.47690630649483,4.970918386610845,1.6896583649032768e-10,5.2089028073869735e-11,0.3085287177240174,0.0
UGC09121,Sbc,Courteau97/Mathewson96,73.47690630649483,5.575390629668492,1.4396069742228412e-10,5.0506871610673854e-11,0.3063173760041584,0.0
UGC09121,Sbc,Courteau97/Mathewson96,73.47690630649483,6.161343081126568,1.3307282240537454e-10,4.5496447286740604e-11,0.30142425010946994,0.0
UGC09121,Sbc,Courteau97/Mathewson96,73.47690630649483,6.839845366466855,1.362392701401015e-10,3.818278571561785e-11,0.3221071824744987,0.0
UGC09121,Sbc,Courteau97/Mathewson96,73.47690630649483,7.416562484182968,1.1156170798402004e-10,3.831249043281238e-11,0.2787776661319345,0.0
UGC09121,Sbc,Courteau97/Mathewson96,73.47690630649483,8.03910257697622,1.589843818831445e-10,3.5277586262479785e-11,0.25158009925458613,0.0
UGC09121,Sbc,Courteau97/Mathewson96,73.47690630649483,8.605546204639664,1.232702786217935e-10,2.1416209878672507e-11,0.4372994605675146,0.0
UGC09121,Sbc,Courteau97/Mathewson96,73.47690630649483,9.095948976219912,9.115818208897618e-11,2.8575953283758515e-11,0.2939015558190606,0.0
UGC09121,Sbc,Courteau97/Mathewson96,73.47690630649483,9.499891666787871,8.693164742720529e-11,1.948174105488204e-11,0.41558175732869407,0.0
UGC09121,Sbc,Courteau97/Mathewson96,73.47690630649483,10.140347324558215,8.444672935308098e-11,2.2946112045053785e-11,0.31849090822039283,0.0
UGC09121,Sbc,Courteau97/Mathewson96,73.47690630649483,11.793324692022399,3.864468656890561e-11,2.3563265185332687e-11,0.18947628357271765,0.0
UGC09195,Sb,Courteau97,69.10037878196766,4.839411983613313,5.330195945540533e-10,1.0829401011129355e-10,0.47653267296837043,0.0
UGC09195,Sb,Courteau97,69.10037878196766,6.0636403888202075,4.812255732183825e-10,6.141081297478107e-11,0.6112410134275958,0.0
UGC09195,Sb,Courteau97,69.10037878196766,7.287868794027101,3.196198588633773e-10,5.597268763121894e-11,0.6178218674527636,0.0
UGC09195,Sb,Courteau97,69.10037878196766,8.512097199233995,3.145657078557162e-10,9.037967634600158e-11,0.4065288872940719,0.0
UGC09195,Sb,Courteau97,69.10037878196766,9.73632560444089,2.563769519729096e-10,3.6760458774048014e-11,0.6719863946341507,0.0
UGC09195,Sb,Courteau97,69.10037878196766,10.960554009647783,1.7402904131251949e-10,4.4547977564848417e-11,0.5330579544303429,0.0
UGC09195,Sb,Courteau97,69.10037878196766,11.993728587981481,2.277251574949714e-10,2.6478485912694815e-11,0.7017073341732908,0.0
UGC09195,Sb,Courteau97,69.10037878196766,14.136128297093546,1.643376392143269e-10,3.5699386693796024e-11,0.5787999224534295,0.0
UGC09195,Sb,Courteau97,69.10037878196766,15.054299600998714,1.5027212525024718e-10,6.544165116531323e-11,0.32936588175892395,0.0
UGC09195,Sb,Courteau97,69.10037878196766,16.469581833078806,1.7112940357507008e-10,6.847769670791097e-11,0.27623754537739703,0.0
UGC09195,Sb,Courteau97,69.10037878196766,17.6938102382857,1.5509485896955437e-10,3.699706761760241e-11,0.38751829675947114,0.0
UGC09195,Sb,Courteau97,69.10037878196766,19.25284656340145,1.1404610541141035e-10,8.886284834392387e-12,0.8409231190712654,0.0
UGC09195,Sb,Courteau97,69.10037878196766,20.534576605822608,1.2876096397678243e-10,3.755229123467706e-11,0.3647180896440322,0.0
UGC09195,Sb,Courteau97,69.10037878196766,21.787555829636634,1.2233828510340101e-10,5.840977669354413e-11,0.1768661009731606,0.0
UGC09195,Sb,Courteau97,69.10037878196766,23.508895163018448,1.3788179599494535e-10,2.1291870942802554e-11,0.5000150754719653,0.0
UGC09195,Sb,Courteau97,69.10037878196766,24.73312356822534,1.0172060698549106e-10,3.2235201440290306e-11,0.26208301362085906,0.0
UGC09195,Sb,Courteau97,69.10037878196766,25.34523777082879,1.3092672431525345e-10,2.150521363021397e-11,0.451771523452317,0.0
UGC09195,Sb,Courteau97,69.10037878196766,26.569466176035682,9.370667758349356e-11,3.7744241976563967e-11,0.15408070833790125,0.0
UGC09215,SB(s)d,Mathewson96,65.13254612975682,0.11546040287979055,6.413987082658575e-11,1.0332307308461454e-11,0.0,0.0
UGC09215,SB(s)d,Mathewson96,65.13254612975682,0.41157551693210187,1.653879139057295e-11,3.35256977304273e-11,0.3785207897449682,0.0
UGC09215,SB(s)d,Mathewson96,65.13254612975682,0.7430285118658037,3.9688970908260127e-11,4.9634003542422664e-11,0.3315021747466135,0.0
UGC09215,SB(s)d,Mathewson96,65.13254612975682,1.0391436259181148,7.071795483067014e-11,5.297153405715795e-11,0.3116503846778668,0.0
UGC09215,SB(s)d,Mathewson96,65.13254612975682,1.3352587399704265,8.793924833989458e-11,5.0180529248021676e-11,0.29619267716866765,0.0
UGC09215,SB(s)d,Mathewson96,65.13254612975682,1.666711734904128,8.144533618495956e-11,4.389826076466058e-11,0.2897441950527973,0.0
UGC09215,SB(s)d,Mathewson96,65.13254612975682,1.9628268489564396,2.1388390730897295e-10,3.7663244895647904e-11,0.33125488189368657,0.0
UGC09215,SB(s)d,Mathewson96,65.13254612975682,2.2589419630087506,9.171521251948337e-11,3.315500086305618e-11,0.35166080300709374,0.0
UGC09215,SB(s)d,Mathewson96,65.13254612975682,2.5903949579424523,8.261894244574162e-11,2.8780141509737167e-11,0.3778013687429389,0.0
UGC09215,SB(s)d,Mathewson96,65.13254612975682,2.886510071994764,9.430649711102409e-11,2.5750687097867245e-11,0.3893573615305998,0.0
UGC09215,SB(s)d,Mathewson96,65.13254612975682,3.1174308777543454,8.281278978695204e-11,2.437160180389801e-11,0.40329451545662603,0.0
UGC09215,SB(s)d,Mathewson96,65.13254612975682,3.413545991806656,7.570713090884416e-11,2.3124819157359983e-11,0.4051790596271952,0.0
UGC09215,SB(s)d,Mathewson96,65.13254612975682,3.744998986740358,5.689018651372838e-11,2.256931857272126e-11,0.3920727034124318,0.0
UGC09215,SB(s)d,Mathewson96,65.13254612975682,4.07645198167406,4.079965391953469e-11,2.2547557509204263e-11,0.3648997546668128,0.0
UGC09215,SB(s)d,Mathewson96,65.13254612975682,4.337229214844981,6.851400246261831e-11,2.0747596402416535e-11,0.31890743458203497,0.0
UGC09215,SB(s)d,Mathewson96,65.13254612975682,4.698538637190023,6.218807687953717e-11,1.8292749512989517e-11,0.3789997591928055,0.0
UGC09215,SB(s)d,Mathewson96,65.13254612975682,4.929459442949604,1.0594384854102944e-10,2.0346942789090298e-11,0.3369670701641194,0.0
UGC09215,SB(s)d,Mathewson96,65.13254612975682,5.275840651588975,4.83346507341569e-11,1.85901489557963e-11,0.3103998075413102,0.0
UGC09246,S?,Mathewson96,74.08036104990113,0.24584620173078325,1.8914962931449967e-11,4.323041900977161e-12,0.7280472140929868,0.0
UGC09246,S?,Mathewson96,74.08036104990113,0.6506095614864374,9.659635874340862e-11,1.1545340524376795e-11,0.704298259520662,0.0
UGC09246,S?,Mathewson96,74.08036104990113,1.344683644825831,1.548050668965628e-10,2.058514244635353e-11,0.640587567316281,0.0
UGC09246,S?,Mathewson96,74.08036104990113,2.0387577281652245,1.9729348771231516e-10,2.760722040676586e-11,0.5557435986534784,0.0
UGC09246,S?,Mathewson96,74.08036104990113,2.4435210879208786,1.9300558838911657e-10,3.067721950276411e-11,0.522066865062338,0.0
UGC09246,S?,Mathewson96,74.08036104990113,2.935213491382445,1.813960288476811e-10,3.262354358276888e-11,0.4906138867351735,0.0
UGC09246,S?,Mathewson96,74.08036104990113,3.585823052868882,1.3475788440264508e-10,2.950723692150717e-11,0.48612357423097646,0.0
UGC09246,S?,Mathewson96,74.08036104990113,4.23643261435532,1.6127916168890645e-10,2.8776047798608026e-11,0.48134866663039033,0.0
UGC09246,S?,Mathewson96,74.08036104990113,4.728125017816886,1.5697430350133883e-10,2.4400024219564627e-11,0.5117514368661019,0.0
UGC09246,S?,Mathewson96,74.08036104990113,5.132888377572541,1.2921845131172907e-10,2.521558151594131e-11,0.4845684822082957,0.0
UGC09246,S?,Mathewson96,74.08036104990113,5.826962460911934,1.0230026987419176e-10,2.032328281161174e-11,0.5049228708795854,0.0
UGC09246,S?,Mathewson96,74.08036104990113,6.521036544251328,1.0695275098710028e-10,2.4795550500315907e-11,0.37442840453755416,0.0
UGC09246,S?,Mathewson96,74.08036104990113,6.925799904006983,1.08647733517457e-10,1.8020700404626357e-11,0.5210932807837453,0.0
UGC09246,S?,Mathewson96,74.08036104990113,7.417492307468548,9.089512209106851e-11,2.404843769001259e-11,0.389235365131659,0.0
UGC09246,S?,Mathewson96,74.08036104990113,8.313948070685768,8.910357956067977e-11,1.7798893124390522e-11,0.46750464023733374,0.0
UGC09246,S?,Mathewson96,74.08036104990113,9.21040383390299,8.954240742738625e-11,1.500116260382232e-11,0.48412190442239916,0.0
UGC09246,S?,Mathewson96,74.08036104990113,10.106859597120211,8.335201849999148e-11,1.4675352071615097e-11,0.4555569372337783,0.0
UGC09246,S?,Mathewson96,74.08036104990113,11.003315360337432,7.491400909917509e-11,1.5817666054306718e-11,0.37146836278282946,0.0
UGC09309,Sbc,Courteau97,66.3645172889224,0.4433597556541342,1.8334195283526946e-10,1.7554942517654393e-11,0.7636198602512575,0.0
UGC09309,Sbc,Courteau97,66.3645172889224,1.5517591447894699,2.1533742678522834e-10,5.32493288853097e-11,0.6479872962249827,0.0
UGC09309,Sbc,Courteau97,66.3645172889224,2.6601585339248053,1.5065437085692351e-10,7.09397761483762e-11,0.5947040906699936,0.0
UGC09309,Sbc,Courteau97,66.3645172889224,3.5468780452330737,1.4562933229229742e-10,7.732914621634333e-11,0.555410156224417,0.0
UGC09309,Sbc,Courteau97,66.3645172889224,4.65527743436841,1.382771489215496e-10,9.093338345436576e-11,0.45876282842268845,0.0
UGC09309,Sbc,Courteau97,66.3645172889224,5.763676823503745,1.1388385566612111e-10,7.158943248664751e-11,0.49125245456615935,0.0
UGC09309,Sbc,Courteau97,66.3645172889224,6.650396334812013,1.1217544113002475e-10,9.071864305188012e-11,0.3063421318166396,0.0
UGC09309,Sbc,Courteau97,66.3645172889224,7.681006239546216,8.804085604996867e-11,5.878836660748334e-11,0.4472843524959989,0.0
UGC09309,Sbc,Courteau97,66.3645172889224,8.959225850241195,7.822552417308544e-11,7.681842330550698e-11,0.2604879771446595,0.0
UGC09309,Sbc,Courteau97,66.3645172889224,9.808326958039416,8.753366661225513e-11,7.201388381530288e-11,0.23692114986892895,0.0
UGC09309,Sbc,Courteau97,66.3645172889224,10.961868431386808,7.133884273409662e-11,5.636519713486111e-11,0.27248724204880853,0.0
UGC09309,Sbc,Courteau97,66.3645172889224,12.026469250721158,5.3457404632831726e-11,5.201503378942813e-11,0.24479403466320032,0.0
UGC09309,Sbc,Courteau97,66.3645172889224,12.913188762029428,7.997989573509263e-11,5.137301551538558e-11,0.19085433733141297,0.0
UGC09309,Sbc,Courteau97,66.3645172889224,13.888042818704093,7.418425430298311e-11,2.2269753430270042e-11,0.5172042767753884,0.0
UGC09309,Sbc,Courteau97,66.3645172889224,15.128644025889026,5.22620162136231e-11,2.4867177253356477e-11,0.401666579182747,0.0
UGC09309,Sbc,Courteau97,66.3645172889224,16.015363537197295,3.11094395025618e-11,3.683459284209152e-11,0.1810111644510043,0.0
UGC09309,Sbc,Courteau97,66.3645172889224,17.12376292633263,4.4904044801388426e-11,3.200598645205843e-11,0.1436416015283909,0.0
UGC09309,Sbc,Courteau97,66.3645172889224,18.232162315467967,4.0597636585279345e-11,2.2619153391142128e-11,0.2618734898187118,0.0
UGC09309,Sbc,Courteau97,66.3645172889224,19.118881826776235,4.32194026964502e-11,2.7463626568011056e-11,0.14269018714191245,0.0
UGC09309,Sbc,Courteau97,66.3645172889224,20.22728121591157,4.41826977489744e-11,1.8185129760879414e-11,0.2602072491639471,0.0
UGC09338,Sb,Mathewson96,70.23604224488676,0.1677817128451264,6.8491921792943565e-12,2.5548279616869913e-12,0.8032250062337664,0.0
UGC09338,Sb,Mathewson96,70.23604224488676,1.022177819794924,1.832517087552357e-11,2.507770235531562e-11,0.6817028738916578,0.0
UGC09338,Sb,Mathewson96,70.23604224488676,1.8765739267447215,7.133937348065548e-11,3.7571439101252946e-11,0.6044908489704813,0.0
UGC09338,Sb,Mathewson96,70.23604224488676,2.2121373524349743,9.606701041493204e-11,4.100756010631229e-11,0.5836100259949596,0.0
UGC09338,Sb,Mathewson96,70.23604224488676,3.0665334593847717,8.817799899307413e-11,4.110060333804515e-11,0.5565436656205077,0.0
UGC09338,Sb,Mathewson96,70.23604224488676,3.9209295663345696,1.3090225271842222e-10,4.7050813891224276e-11,0.4963547894022044,0.0
UGC09338,Sb,Mathewson96,70.23604224488676,4.599800189077158,1.1057093327065011e-10,4.355569423350686e-11,0.44671225952787313,0.0
UGC09338,Sb,Mathewson96,70.23604224488676,5.2786708118197465,1.1767808125994016e-10,4.316423724756918e-11,0.4812122460225608,0.0
UGC09338,Sb,Mathewson96,70.23604224488676,6.1330669187695435,1.026705946310898e-10,4.012575889569274e-11,0.39949090490803285,0.0
UGC09338,Sb,Mathewson96,70.23604224488676,6.987463025719341,8.381613981742827e-11,4.239810295993544e-11,0.4136250783697211,0.0
UGC09338,Sb,Mathewson96,70.23604224488676,7.323026451409595,1.1006371631294593e-10,2.6469778747527392e-11,0.5405383286547866,0.0
UGC09338,Sb,Mathewson96,70.23604224488676,8.177422558359392,1.0356798449514857e-10,3.966160805712834e-11,0.31483896466875516,0.0
UGC09338,Sb,Mathewson96,70.23604224488676,9.03181866530919,8.874443186993452e-11,4.235291767452586e-11,0.2640364829646099,0.0
UGC09338,Sb,Mathewson96,70.23604224488676,9.367382090999442,7.797013851938861e-11,3.524505243622454e-11,0.354749943723304,0.0
UGC09338,Sb,Mathewson96,70.23604224488676,10.053996485104115,8.494233107872407e-11,4.1435421864871344e-11,0.24974615801135383,0.0
UGC09338,Sb,Mathewson96,70.23604224488676,11.076174304899036,7.438676781002888e-11,3.62763343289309e-11,0.246076876400634,0.0
UGC09338,Sb,Mathewson96,70.23604224488676,12.09835212469396,8.165887370058131e-11,3.377592015117158e-11,0.21525842546140195,0.0
UGC09338,Sb,Mathewson96,70.23604224488676,13.120529944488885,6.91227193215304e-11,2.273951211688593e-11,0.22591055766940543,0.0
UGC09338,Sb,Mathewson96,70.23604224488676,14.14270776428381,5.920612048006497e-11,1.4952168006057494e-11,0.4644223046505401,0.0
UGC09410,-,Courteau97,70.7377385614239,0.3284884299323686,7.038861716108148e-11,6.4162441119925765e-12,0.7288194207071218,0.0
UGC09410,-,Courteau97,70.7377385614239,1.0806273925290282,2.4136971861979586e-10,1.9214417974521834e-11,0.6645083973243326,0.0
UGC09410,-,Courteau97,70.7377385614239,1.8757684768622886,1.939163873580886e-10,2.727991565875272e-11,0.5672565020035074,0.0
UGC09410,-,Courteau97,70.7377385614239,2.627907439458949,1.354696421006911e-10,2.9648842604461024e-11,0.5644366345260837,0.0
UGC09410,-,Courteau97,70.7377385614239,3.2848842993236858,1.1349725605993034e-10,2.982741794031335e-11,0.5228298339543221,0.0
UGC09410,-,Courteau97,70.7377385614239,3.9418611591884227,1.2461672573660273e-10,2.836994987362878e-11,0.5324650747133524,0.0
UGC09410,-,Courteau97,70.7377385614239,4.694000121785082,1.2700307598818286e-10,3.082325219052467e-11,0.47891363863655506,0.0
UGC09410,-,Courteau97,70.7377385614239,5.584303308850266,9.815957912735676e-11,3.247791463857286e-11,0.40503937328790146,0.0
UGC09410,-,Courteau97,70.7377385614239,6.241280168715003,1.2139796280859473e-10,2.5386585086219554e-11,0.4630655458436419,0.0
UGC09410,-,Courteau97,70.7377385614239,6.89825702857974,7.902338105620388e-11,2.288977083496121e-11,0.4685010434232756,0.0
UGC09410,-,Courteau97,70.7377385614239,7.702555972171722,6.73576028587365e-11,1.810173762055317e-11,0.5013540236521515,0.0
UGC09410,-,Courteau97,70.7377385614239,8.589806539483996,6.999522081930752e-11,1.8449798739461073e-11,0.41064695853650135,0.0
UGC09410,-,Courteau97,70.7377385614239,9.19767603810632,7.480865640690357e-11,1.71434390402643e-11,0.45004939839953495,0.0
UGC09410,-,Courteau97,70.7377385614239,9.673486551765933,7.973717187129655e-11,2.4269783218578313e-11,0.2858382368239777,0.0
UGC09410,-,Courteau97,70.7377385614239,13.303781412260928,6.230927243080151e-11,1.3567126669210427e-11,0.3553236727226672,0.0
UGC09410,-,Courteau97,70.7377385614239,14.634657263229341,3.985624401796346e-11,1.2312898124694881e-11,0.3288982516414255,0.0
UGC09479,Sb,Courteau97,74.40722129831447,0.48969206603156135,1.1173214630232492e-10,1.349604383498132e-11,0.7289070388066863,0.0
UGC09479,Sb,Courteau97,74.40722129831447,1.4690761980946843,1.9662951414708803e-10,3.320989206781058e-11,0.6501203112334677,0.0
UGC09479,Sb,Courteau97,74.40722129831447,2.448460330157807,2.2297599797219535e-10,4.32691862036718e-11,0.5638522220182599,0.0
UGC09479,Sb,Courteau97,74.40722129831447,3.3606725606380143,1.783549544372656e-10,5.096457268093806e-11,0.49800389186400973,0.0
UGC09479,Sb,Courteau97,74.40722129831447,4.147939118512594,1.8361928199062212e-10,5.1649833896798845e-11,0.4836723017337302,0.0
UGC09479,Sb,Courteau97,74.40722129831447,5.060151348992801,1.5562628924627662e-10,4.8857736633234946e-11,0.4658280599495179,0.0
UGC09479,Sb,Courteau97,74.40722129831447,6.039535481055924,1.2884935637954884e-10,5.204024201211264e-11,0.380376861872554,0.0
UGC09479,Sb,Courteau97,74.40722129831447,7.018919613119046,1.3785155754208662e-10,3.0590523257511573e-11,0.5045773258021409,0.0
UGC09479,Sb,Courteau97,74.40722129831447,7.911989335563475,1.5439628003849032e-10,4.770736296504036e-11,0.30136974828704094,0.0
UGC09479,Sb,Courteau97,74.40722129831447,8.96828974668509,1.1813665027688908e-10,3.555166206829235e-11,0.3760534859829854,0.0
UGC09479,Sb,Courteau97,74.40722129831447,9.947673878748214,1.1098266461327698e-10,2.981119673608661e-11,0.3979480114845249,0.0
UGC09479,Sb,Courteau97,74.40722129831447,10.869284239788623,1.1065798276892049e-10,2.969520882800307e-11,0.34718400357849744,0.0
UGC09479,Sb,Courteau97,74.40722129831447,11.656550797663202,8.534981240930219e-11,3.5404856948200646e-11,0.23765157409999263,0.0
UGC09479,Sb,Courteau97,74.40722129831447,12.578161158703608,9.114617088428666e-11,2.452602475210316e-11,0.26193315587183463,0.0
UGC09479,Sb,Courteau97,74.40722129831447,13.557545290766733,9.034095392827401e-11,1.4504602540716328e-11,0.517778696807459,0.0
UGC09479,Sb,Courteau97,74.40722129831447,14.529410918381695,7.565291799018993e-11,1.958345088312823e-11,0.33164171421447874,0.0
UGC09479,Sb,Courteau97,74.40722129831447,15.506915424332776,7.933733817294388e-11,2.492519716081082e-11,0.2130222532565808,0.0
UGC09479,Sb,Courteau97,74.40722129831447,16.169236309601725,9.441951496331018e-11,1.4970776389042975e-11,0.3883398454240861,0.0
UGC09479,Sb,Courteau97,74.40722129831447,17.45628555789882,5.368790360892914e-11,1.7392528678444966e-11,0.25461726041970023,0.0
UGC09479,Sb,Courteau97,74.40722129831447,18.272439001284756,7.061764144844577e-11,9.940197110799708e-12,0.4850228149671075,0.0
UGC09479,Sb,Courteau97,74.40722129831447,18.762131067316314,5.709385965213359e-11,1.910198333074303e-11,0.181974774056615,0.0
UGC09701,Scd:,Courteau97,57.02850129916206,0.42840596320267604,1.4517656982732842e-11,6.546991940496042e-12,0.809822520436997,0.0
UGC09701,Scd:,Courteau97,57.02850129916206,1.2852178896080282,9.192740319601112e-11,1.8530347129939915e-11,0.7508000886123345,0.0
UGC09701,Scd:,Courteau97,57.02850129916206,2.1420298160133804,1.2537040052224893e-10,2.825789412276547e-11,0.6807504824322258,0.0
UGC09701,Scd:,Courteau97,57.02850129916206,2.9988417424187324,9.04016043624485e-11,3.620797699484714e-11,0.6066091852097553,0.0
UGC09701,Scd:,Courteau97,57.02850129916206,3.7574232105947836,1.1953844789505282e-10,3.402933852927264e-11,0.6328109710151288,0.0
UGC09701,Scd:,Courteau97,57.02850129916206,4.498262613628098,1.04878838346472e-10,3.9070408496447286e-11,0.5853753220700351,0.0
UGC09701,Scd:,Courteau97,57.02850129916206,5.355074540033451,1.1733419416956192e-10,4.7296127274852596e-11,0.494847072665962,0.0
UGC09701,Scd:,Courteau97,57.02850129916206,6.211886466438803,8.464286006626967e-11,2.5482621876944496e-11,0.6784173499396418,0.0
UGC09701,Scd:,Courteau97,57.02850129916206,7.068698392844155,8.097550996756697e-11,5.6881287914800444e-11,0.34873479482243264,0.0
UGC09701,Scd:,Courteau97,57.02850129916206,7.80953779587747,9.056499931632515e-11,6.273293303531637e-11,0.28969910996008663,0.0
UGC09701,Scd:,Courteau97,57.02850129916206,8.648607657140083,7.895690332038253e-11,5.894776279436129e-11,0.27004251202848645,0.0
UGC09701,Scd:,Courteau97,57.02850129916206,9.505419583545436,5.6197776554251374e-11,5.10019223815383e-11,0.2721785498899051,0.0
UGC09701,Scd:,Courteau97,57.02850129916206,10.379973575093526,5.6713776954385325e-11,4.7750406569936106e-11,0.24704924058119285,0.0
UGC09701,Scd:,Courteau97,57.02850129916206,11.138555043269577,6.812356423470608e-11,1.903189663123415e-11,0.5767844266955356,0.0
UGC09701,Scd:,Courteau97,57.02850129916206,11.99536696967493,6.489548679756161e-11,2.414642709309322e-11,0.45767122342720595,0.0
UGC09701,Scd:,Courteau97,57.02850129916206,12.852178896080282,6.782998986258865e-11,3.3810014328207146e-11,0.2688454387639743,0.0
UGC09701,Scd:,Courteau97,57.02850129916206,13.66441929298071,5.504380144130587e-11,3.06306728624883e-11,0.20202060583190254,0.0
UGC09701,Scd:,Courteau97,57.02850129916206,14.64629114197755,7.746549799870062e-11,1.8819494610937407e-11,0.42803660700204177,0.0
UGC09701,Scd:,Courteau97,57.02850129916206,15.5031030683829,8.56516580553975e-11,2.7070390982465027e-11,0.21025873188058722,0.0
UGC09701,Scd:,Courteau97,57.02850129916206,16.145712013186916,6.965894191573248e-11,1.6808889079917444e-11,0.39675885800551053,0.0
UGC09701,Scd:,Courteau97,57.02850129916206,16.57411797638959,5.09879929287635e-11,2.5625853988719726e-11,0.16698124173532658,0.0
UGC09718,Sb,Courteau97,58.94275619205368,0.612512148643735,4.1500342154891214e-10,5.163050890100889e-11,0.7481363787490452,0.0
UGC09718,Sb,Courteau97,58.94275619205368,1.7860427459821104,2.8805247214772803e-10,1.4169073523139997e-10,0.5852972823450538,0.0
UGC09718,Sb,Courteau97,58.94275619205368,3.061787564540761,3.519833766227179e-10,1.7376458158631744e-10,0.5299027008890774,0.0
UGC09718,Sb,Courteau97,58.94275619205368,4.337532383099411,3.0802543150896043e-10,2.090427102401413e-10,0.37508692935431526,0.0
UGC09718,Sb,Courteau97,58.94275619205368,5.358128237946332,2.5394777322680146e-10,1.8831170492326226e-10,0.3671181395907955,0.0
UGC09718,Sb,Courteau97,58.94275619205368,6.633873056504982,1.8808325874714685e-10,1.3173095965528802e-10,0.4104543563244069,0.0
UGC09718,Sb,Courteau97,58.94275619205368,7.909617875063632,1.4673718018553863e-10,1.197953098470489e-10,0.3700560657222015,0.0
UGC09718,Sb,Courteau97,58.94275619205368,9.0155211107071,1.2879086018262802e-10,7.129628277447281e-11,0.5037316935748449,0.0
UGC09718,Sb,Courteau97,58.94275619205368,10.078770655952297,1.1842719441186783e-10,9.146604252301273e-11,0.26400173034533664,0.0
UGC09718,Sb,Courteau97,58.94275619205368,11.481703367027855,1.3594474773300062e-10,9.292291121822209e-11,0.2712140091108082,0.0
UGC09718,Sb,Courteau97,58.94275619205368,12.416991841078227,1.206456624123814e-10,9.748898471596978e-11,0.20782042965275035,0.0
UGC09718,Sb,Courteau97,58.94275619205368,13.778044040433423,1.0029036475810885e-10,7.983319606664008e-11,0.2291260476038512,0.0
UGC09718,Sb,Courteau97,58.94275619205368,14.799413073958258,1.1374804669775116e-10,6.606861558313586e-11,0.19911053185366087,0.0
UGC09718,Sb,Courteau97,58.94275619205368,16.07515789251691,4.9686220908297027e-11,3.846062712530726e-11,0.4325130605488419,0.0
UGC09718,Sb,Courteau97,58.94275619205368,16.8406047836521,5.218495798015188e-11,5.368092571868153e-11,0.2204645085907877,0.0
UGC09718,Sb,Courteau97,58.94275619205368,19.902392348192862,9.243756107001175e-11,4.997292612407116e-11,0.17457634947162842,0.0
UGC09718,Sb,Courteau97,58.94275619205368,20.922988203039782,5.6086443132098565e-11,3.110412221465122e-11,0.31675518551659165,0.0
UGC09718,Sb,Courteau97,58.94275619205368,22.198733021598432,4.5576804577187234e-11,3.8057689375805574e-11,0.17302805126712123,0.0
UGC09718,Sb,Courteau97,58.94275619205368,23.219328876445353,3.864155053308686e-11,2.6405370624828933e-11,0.3041780756903575,0.0
UGC09718,Sb,Courteau97,58.94275619205368,23.984775767580544,2.7683876999764836e-11,3.645319050606566e-11,0.1596643551918414,0.0
UGC09757,Sbc,Courteau97,71.25602016639507,3.6730711570067633,1.7687539182904655e-10,7.570723652715341e-11,0.6130941890576337,0.0
UGC09757,Sbc,Courteau97,71.25602016639507,4.923478359392045,4.908721347113907e-10,7.199934632109733e-11,0.6037713908145773,0.0
UGC09757,Sbc,Courteau97,71.25602016639507,8.729864990182532,2.2913180280135268e-10,5.021969658614882e-11,0.6140562581200177,0.0
UGC09757,Sbc,Courteau97,71.25602016639507,9.735707254454223,2.576720093088875e-10,2.7366761319902056e-11,0.7567184982785555,0.0
UGC09757,Sbc,Courteau97,71.25602016639507,10.872106741327904,2.3642930391337914e-10,1.7527178567218696e-11,0.8180814102980869,0.0
UGC09757,Sbc,Courteau97,71.25602016639507,12.008506228201586,2.3290609869315454e-10,2.1325667593282956e-11,0.7580893732483672,0.0
UGC09757,Sbc,Courteau97,71.25602016639507,13.267188184132065,2.175067347458851e-10,3.5033077339758304e-11,0.5605278877595523,0.0
UGC09757,Sbc,Courteau97,71.25602016639507,14.025707259108431,2.052030834244447e-10,4.206212193838551e-11,0.5475535929554242,0.0
UGC09757,Sbc,Courteau97,71.25602016639507,16.31505573994619,1.6249083800989934e-10,9.508823184621855e-11,0.19821088056502814,0.0
UGC09757,Sbc,Courteau97,71.25602016639507,17.818302633990257,1.5588176601269203e-10,8.545962510623254e-11,0.17056391760008804,0.0
UGC09757,Sbc,Courteau97,71.25602016639507,19.588180475601774,1.6868149321024724e-10,7.41540090671076e-11,0.1598728115498884,0.0
UGC09757,Sbc,Courteau97,71.25602016639507,21.610898008872084,1.1916053979909376e-10,6.906730046620727e-11,0.1409321760391181,0.0
UGC09757,Sbc,Courteau97,71.25602016639507,22.46289115167382,1.191457758048996e-10,3.702310617041522e-11,0.30917558236745213,0.0
UGC10011,Sbc,Courteau97,72.21883507042578,0.6175321116040046,1.7220810900724872e-10,8.412442330850327e-12,0.7787861137039365,0.0
UGC10011,Sbc,Courteau97,72.21883507042578,1.3851187549996364,1.713718884672093e-10,1.626815219894976e-11,0.726745174774472,0.0
UGC10011,Sbc,Courteau97,72.21883507042578,2.014193522895305,1.5213152315394002e-10,2.128453486741737e-11,0.6823954499333666,0.0
UGC10011,Sbc,Courteau97,72.21883507042578,2.8568074321867503,1.878024003771328e-10,2.3510557188487132e-11,0.6485132960013826,0.0
UGC10011,Sbc,Courteau97,72.21883507042578,3.7225066540615233,1.605385763955318e-10,2.3819037578931227e-11,0.6601675236275156,0.0
UGC10011,Sbc,Courteau97,72.21883507042578,4.657461813686278,1.5669349834960698e-10,2.531850864287317e-11,0.577424768526927,0.0
UGC10011,Sbc,Courteau97,72.21883507042578,5.523161035561051,1.2760709158329785e-10,1.9434975822907692e-11,0.6887776187620938,0.0
UGC10011,Sbc,Courteau97,72.21883507042578,6.284976350810851,1.187705161039181e-10,3.711458079846831e-11,0.4451501679125445,0.0
UGC10011,Sbc,Courteau97,72.21883507042578,7.046791666060651,1.2247347761703572e-10,3.8687222145003136e-11,0.4402134043877571,0.0
UGC10011,Sbc,Courteau97,72.21883507042578,7.912490887935424,1.2044511196840013e-10,2.85997957525638e-11,0.5247102684284985,0.0
UGC10011,Sbc,Courteau97,72.21883507042578,8.7608761253727,1.0511067450153505e-10,2.528276247728902e-11,0.5361141140892995,0.0
UGC10011,Sbc,Courteau97,72.21883507042578,9.522691440622502,8.822961614204325e-11,3.164791356772153e-11,0.4143582260010903,0.0
UGC10011,Sbc,Courteau97,72.21883507042578,10.717356366809687,1.5247671567566209e-10,1.7762812100829455e-11,0.5811171215509611,0.0
UGC10011,Sbc,Courteau97,72.21883507042578,11.28871785324704,9.348511484702123e-11,3.7064316673413937e-11,0.2722995225368591,0.0
UGC10011,Sbc,Courteau97,72.21883507042578,12.050533168496838,1.438455053270202e-10,1.5925344786589074e-11,0.5359843188411657,0.0
UGC10011,Sbc,Courteau97,72.21883507042578,12.81234848374664,1.479133096677841e-10,2.1232762399989976e-11,0.4213750773379354,0.0
UGC10011,Sbc,Courteau97,72.21883507042578,13.764617627808889,1.0560403667879155e-10,2.934175221200979e-11,0.24365642927757333,0.0
UGC10011,Sbc,Courteau97,72.21883507042578,14.716886771871138,1.0427289001347484e-10,2.728929638960895e-11,0.17120481173146795,0.0
UGC10011,Sbc,Courteau97,72.21883507042578,16.327087324558214,6.589379786801575e-11,2.881435662962056e-11,0.1267161317798711,0.0
UGC10011,Sbc,Courteau97,72.21883507042578,16.707994982183116,7.419037453559133e-11,2.2588792801501702e-11,0.1737280733694775,0.0
UGC10026,Scd:,Courteau97,70.1707331978424,0.15178672419783612,2.7333065457884558e-11,2.7715971231964405e-12,0.582730685118442,0.0
UGC10026,Scd:,Courteau97,70.1707331978424,0.5649205148716456,1.2850898782697238e-11,1.043703656018554e-11,0.6567086741321929,0.0
UGC10026,Scd:,Courteau97,70.1707331978424,1.0168569267689622,8.474790131260703e-11,1.6177430286638047e-11,0.6172136838871445,0.0
UGC10026,Scd:,Courteau97,70.1707331978424,1.4687933386662788,9.691482968175312e-11,1.988228395883385e-11,0.5835179266055989,0.0
UGC10026,Scd:,Courteau97,70.1707331978424,1.9207297505635954,6.80353283224445e-11,2.2380192303536497e-11,0.5431815253385147,0.0
UGC10026,Scd:,Courteau97,70.1707331978424,2.372666162460912,4.879162430663141e-11,2.2748037544356824e-11,0.537880429849737,0.0
UGC10026,Scd:,Courteau97,70.1707331978424,2.7116184713838996,3.88638404896989e-11,2.2194382294228547e-11,0.5234033720589701,0.0
UGC10026,Scd:,Courteau97,70.1707331978424,3.0505707803068867,4.956360568792097e-11,2.2963935730152017e-11,0.49175076238495546,0.0
UGC10026,Scd:,Courteau97,70.1707331978424,3.4990834315080117,8.720839020719152e-11,2.2813607574553115e-11,0.507969435005388,0.0
UGC10026,Scd:,Courteau97,70.1707331978424,3.95444360410152,7.933794170954438e-11,2.0035387340434843e-11,0.5248285001263027,0.0
UGC10026,Scd:,Courteau97,70.1707331978424,4.406380015998836,7.251544938649487e-11,2.0296984340388487e-11,0.4806969719751521,0.0
UGC10026,Scd:,Courteau97,70.1707331978424,4.858316427896153,7.16900971963903e-11,2.06934968712532e-11,0.4462075935009451,0.0
UGC10026,Scd:,Courteau97,70.1707331978424,5.31025283979347,7.02396501089158e-11,2.0038363437320504e-11,0.4504299597377796,0.0
UGC10026,Scd:,Courteau97,70.1707331978424,5.649205148716456,7.302627839589663e-11,2.450568355087551e-11,0.3723841656507009,0.0
UGC10026,Scd:,Courteau97,70.1707331978424,5.988157457639444,5.889746239730155e-11,2.5696610368504475e-11,0.27763023941505105,0.0
UGC10026,Scd:,Courteau97,70.1707331978424,6.4035737554440475,3.75377105602839e-11,1.9399333580661838e-11,0.3879669960128579,0.0
UGC10026,Scd:,Courteau97,70.1707331978424,6.7824699391559395,5.625524581181184e-11,2.3106545268169758e-11,0.2858535973397237,0.0
UGC10026,Scd:,Courteau97,70.1707331978424,7.460374557001915,7.40747016851245e-11,2.0396251417894498e-11,0.27642555971740707,0.0
UGC10026,Scd:,Courteau97,70.1707331978424,7.799326865924902,6.902995820701847e-11,1.511988302888784e-11,0.36174628767394296,0.0
UGC10026,Scd:,Courteau97,70.1707331978424,8.13827917484789,6.549008822982376e-11,1.93135386683748e-11,0.24385135691079265,0.0
UGC10026,Scd:,Courteau97,70.1707331978424,8.364247380796549,3.802485425535794e-11,1.5635965099298316e-11,0.3190127011337798,0.0
UGC10077,Sbc,Courteau97,59.51431456962083,0.27466001632204523,1.4581010463440534e-11,6.626593871843259e-12,0.791476113439094,0.0
UGC10077,Sbc,Courteau97,59.51431456962083,0.9823461566431533,8.503463598074376e-11,2.7036801143120902e-11,0.7261017419176884,0.0
UGC10077,Sbc,Courteau97,59.51431456962083,1.7682230819576759,1.3273775539769526e-10,4.1050915860334e-11,0.6702858973914625,0.0
UGC10077,Sbc,Courteau97,59.51431456962083,2.5541000072721984,1.2802049495363464e-10,5.627543235563265e-11,0.5912544146745873,0.0
UGC10077,Sbc,Courteau97,59.51431456962083,3.3399769325867212,1.641757897710055e-10,6.54556414523121e-11,0.5134139534858275,0.0
UGC10077,Sbc,Courteau97,59.51431456962083,4.047663072907829,1.4988906977007135e-10,6.847456079569938e-11,0.4740813714440588,0.0
UGC10077,Sbc,Courteau97,59.51431456962083,4.715261551887135,1.4680901682200007e-10,5.265964345994375e-11,0.5446614220429894,0.0
UGC10077,Sbc,Courteau97,59.51431456962083,5.304669245873027,1.2567658681193987e-10,6.52555304087429e-11,0.38225757242406216,0.0
UGC10077,Sbc,Courteau97,59.51431456962083,6.052443047535937,1.1495975742246089e-10,6.941003506199088e-11,0.38501460331207177,0.0
UGC10077,Sbc,Courteau97,59.51431456962083,6.83831997285046,1.345252435790708e-10,4.454479435853408e-11,0.5065000582958459,0.0
UGC10077,Sbc,Courteau97,59.51431456962083,7.662300021816595,8.728551905309813e-11,3.435814294907814e-11,0.5410641414792745,0.0
UGC10077,Sbc,Courteau97,59.51431456962083,8.395388244572112,8.808465942078441e-11,2.929368273734137e-11,0.5775443908280281,0.0
UGC10077,Sbc,Courteau97,59.51431456962083,9.075687764768624,1.2969719224839232e-10,3.550195744166963e-11,0.4878791963337632,0.0
UGC10077,Sbc,Courteau97,59.51431456962083,9.626992335102901,7.56101888168172e-11,5.73790217101493e-11,0.26574499445829225,0.0
UGC10077,Sbc,Courteau97,59.51431456962083,10.37476613676581,7.169706415881642e-11,4.6981077448568094e-11,0.24033659639437732,0.0
UGC10077,Sbc,Courteau97,59.51431456962083,11.160643062080334,6.819619035505047e-11,2.3266470200032643e-11,0.5456484708152973,0.0
UGC10077,Sbc,Courteau97,59.51431456962083,13.518273838023902,8.165208194391941e-11,1.797285112112494e-11,0.5360995458874401,0.0
UGC10077,Sbc,Courteau97,59.51431456962083,14.107681532009794,9.490990589477489e-11,3.635681590475527e-11,0.20895823328885665,0.0
UGC10077,Sbc,Courteau97,59.51431456962083,14.500619994667057,9.640302623374735e-11,2.5414210218314816e-11,0.32920531767189803,0.0
UGC10337,Sb,Courteau97,77.11544251911691,3.706471702906456,3.4989073070387255e-10,3.610556339588228e-11,0.6787913510969223,0.0
UGC10337,Sb,Courteau97,77.11544251911691,4.262807782221899,3.9588009434416074e-10,4.5931586835124074e-11,0.5826413859072366,0.0
UGC10337,Sb,Courteau97,77.11544251911691,5.105596924890311,3.402720811656576e-10,4.1580330597434916e-11,0.5580120726350212,0.0
UGC10337,Sb,Courteau97,77.11544251911691,5.955127162953805,3.014589872039227e-10,3.699052881490685e-11,0.6538949135126672,0.0
UGC10337,Sb,Courteau97,77.11544251911691,6.696038783280408,3.173464199874326e-10,2.819123720208184e-11,0.6963891959914955,0.0
UGC10337,Sb,Courteau97,77.11544251911691,7.438950986756519,2.6273678003869307e-10,3.55690060083075e-11,0.5781124109587011,0.0
UGC10337,Sb,Courteau97,77.11544251911691,8.23005114957296,2.3237399226920546e-10,4.555620708044228e-11,0.4107775648490578,0.0
UGC10337,Sb,Courteau97,77.11544251911691,9.03899999335806,2.185251789270577e-10,4.073214571131328e-11,0.4435860156144282,0.0
UGC10337,Sb,Courteau97,77.11544251911691,9.79475072174145,2.0638405629142496e-10,2.0586676358004904e-11,0.7181029792578509,0.0
UGC10337,Sb,Courteau97,77.11544251911691,10.617094774440647,1.7849058051604696e-10,3.0141481122334145e-11,0.5864251258147848,0.0
UGC10337,Sb,Courteau97,77.11544251911691,11.439073503260369,1.647542041941837e-10,4.611147054099022e-11,0.39161190001518986,0.0
UGC10337,Sb,Courteau97,77.11544251911691,12.31280644833911,1.6294672342044222e-10,6.080602115838698e-11,0.25468348032630866,0.0
UGC10337,Sb,Courteau97,77.11544251911691,13.047803301093255,1.7362148140651573e-10,1.5894362631480026e-11,0.7091128927614481,0.0
UGC10337,Sb,Courteau97,77.11544251911691,13.805415441624447,1.6374849628707488e-10,4.1121821822510913e-11,0.33600310663594257,0.0
UGC10337,Sb,Courteau97,77.11544251911691,14.552207036773083,1.2301621695749123e-10,2.5694295295027583e-11,0.4346391327516387,0.0
UGC10337,Sb,Courteau97,77.11544251911691,15.417711496376024,1.5038343310018335e-10,3.062761519993216e-11,0.3872775892277512,0.0
UGC10337,Sb,Courteau97,77.11544251911691,15.762159725595716,1.5071600634265102e-10,1.6382942533429327e-11,0.6287275220259908,0.0
UGC11846,Sbc,Courteau97,55.09203673826382,0.32385004726928956,1.901060421672096e-10,2.3094920534347888e-11,0.7229727214227464,0.0
UGC11846,Sbc,Courteau97,55.09203673826382,0.9715501418078686,4.477911163886723e-10,6.312313779792051e-11,0.6776232543301327,0.0
UGC11846,Sbc,Courteau97,55.09203673826382,1.6192502363464476,4.36442121971846e-10,9.60624538371324e-11,0.5924232289775467,0.0
UGC11846,Sbc,Courteau97,55.09203673826382,2.2276957797008703,3.864949665045129e-10,1.1085324550871185e-10,0.5242537826856373,0.0
UGC11846,Sbc,Courteau97,55.09203673826382,2.784900114277403,3.5784482483745323e-10,1.2236896797328976e-10,0.5102231422962153,0.0
UGC11846,Sbc,Courteau97,55.09203673826382,3.40042549632754,3.2978727636727337e-10,1.3339790584654157e-10,0.46186920350247185,0.0
UGC11846,Sbc,Courteau97,55.09203673826382,4.048125590866119,2.774201109107314e-10,1.4679958195515443e-10,0.3698433167481882,0.0
UGC11846,Sbc,Courteau97,55.09203673826382,4.6958256854046985,2.254514876707404e-10,1.1800577722126906e-10,0.404842629663435,0.0
UGC11846,Sbc,Courteau97,55.09203673826382,5.311351067454835,2.1249026537490601e-10,1.2368469512686304e-10,0.2890619921823388,0.0
UGC11846,Sbc,Courteau97,55.09203673826382,5.991225874481856,2.298475192381445e-10,1.1280632187113926e-10,0.31479365008084237,0.0
UGC11846,Sbc,Courteau97,55.09203673826382,6.638925969020436,1.9048191748329598e-10,9.692805813445043e-11,0.3385315026384378,0.0
UGC11846,Sbc,Courteau97,55.09203673826382,7.286626063559014,1.657876309292873e-10,9.01350245419215e-11,0.33061797437810786,0.0
UGC11846,Sbc,Courteau97,55.09203673826382,7.934326158097593,1.420182345558364e-10,9.404393415178065e-11,0.27337500110056945,0.0
UGC11846,Sbc,Courteau97,55.09203673826382,8.582026252636172,1.39242578835816e-10,8.503972971808529e-11,0.2339046549318518,0.0
UGC11846,Sbc,Courteau97,55.09203673826382,9.22972634717475,1.2831107018122695e-10,4.598595996664307e-11,0.47982249451400044,0.0
UGC11846,Sbc,Courteau97,55.09203673826382,9.929029820457503,1.325810808012695e-10,5.547141761958479e-11,0.36874885695442583,0.0
UGC11846,Sbc,Courteau97,55.09203673826382,10.525126536251909,1.1252905932017095e-10,7.67100895581112e-11,0.1943963242360998,0.0
UGC11846,Sbc,Courteau97,55.09203673826382,11.186916210769088,1.0908421042906304e-10,3.741742142635434e-11,0.4524483627500732,0.0
UGC11846,Sbc,Courteau97,55.09203673826382,11.788352012840624,1.2991821952495256e-10,5.811681657325578e-11,0.21614417178368298,0.0
UGC11846,Sbc,Courteau97,55.09203673826382,12.42602817734468,1.024264785198905e-10,4.2162840934122346e-11,0.2605397783870576,0.0
UGC11957,Sbc,Courteau97,67.40369182691398,0.37988969400205236,1.0017035671588245e-10,9.470369476911525e-12,0.7168146674331705,0.0
UGC11957,Sbc,Courteau97,67.40369182691398,1.1565262197227406,2.4418062008736335e-10,2.5904795612294303e-11,0.6495088363663586,0.0
UGC11957,Sbc,Courteau97,67.40369182691398,1.9191822523883784,2.3648244517671626e-10,3.625496103733334e-11,0.5595829994849975,0.0
UGC11957,Sbc,Courteau97,67.40369182691398,2.6958187781090666,1.802149549135977e-10,4.09398165582356e-11,0.5278866132573543,0.0
UGC11957,Sbc,Courteau97,67.40369182691398,3.4555981661131714,1.6103648904582772e-10,4.0208312878352284e-11,0.4541156227190248,0.0
UGC11957,Sbc,Courteau97,67.40369182691398,4.23223469183386,1.3821337765449313e-10,4.2268878321135145e-11,0.42220943394326904,0.0
UGC11957,Sbc,Courteau97,67.40369182691398,4.994890724499498,1.1106542027512831e-10,3.2594894259274194e-11,0.48547273951957826,0.0
UGC11957,Sbc,Courteau97,67.40369182691398,5.771527250220186,1.1988620612017237e-10,3.5740540634361806e-11,0.43243522266826123,0.0
UGC11957,Sbc,Courteau97,67.40369182691398,6.53130663822429,1.2844068271474512e-10,2.273324995106386e-11,0.5711361007441847,0.0
UGC11957,Sbc,Courteau97,67.40369182691398,7.307943163944979,1.1156997304500006e-10,1.8690290338036122e-11,0.5984738962619787,0.0
UGC11957,Sbc,Courteau97,67.40369182691398,8.034641138341453,7.930756225534754e-11,1.67782991377505e-11,0.6129025770107542,0.0
UGC11957,Sbc,Courteau97,67.40369182691398,8.847235722331305,6.970251844601705e-11,1.6397066458332437e-11,0.5952507759526938,0.0
UGC11957,Sbc,Courteau97,67.40369182691398,9.622055852422855,5.574739712957127e-11,1.787762934495022e-11,0.5395657017855074,0.0
UGC11957,Sbc,Courteau97,67.40369182691398,10.533352224242277,6.407090462995406e-11,1.7731715420617087e-11,0.5042891599192328,0.0
UGC11957,Sbc,Courteau97,67.40369182691398,11.146307668721736,6.495703615568111e-11,2.898407519572577e-11,0.2834238038386834,0.0
UGC11957,Sbc,Courteau97,67.40369182691398,11.922944194442424,5.152408022745841e-11,1.678416695295161e-11,0.40522249010209316,0.0
UGC11957,Sbc,Courteau97,67.40369182691398,12.6402643072423,5.5493387233870116e-11,1.8318770987463224e-11,0.39426046838469,0.0
UGC11957,Sbc,Courteau97,67.40369182691398,13.490865120500326,3.530249659800242e-11,2.4315772682405693e-11,0.24099367922112713,0.0
UGC11957,Sbc,Courteau97,67.40369182691398,14.296866434925944,5.846030654780237e-11,1.0851336180832142e-11,0.5331241436730685,0.0
UGC11957,Sbc,Courteau97,67.40369182691398,14.971101602307709,5.6118108498410436e-11,1.9736705877517957e-11,0.24382972350204105,0.0
UGC12021,Sb,Mathewson96,68.14307006288514,0.07612511477953118,1.4376291346557503e-12,2.7596397643170904e-12,0.0,0.0
UGC12021,Sb,Mathewson96,68.14307006288514,0.48002460911933675,1.184462411236794e-10,1.6065831513407448e-11,0.5824774229204245,0.0
UGC12021,Sb,Mathewson96,68.14307006288514,0.8839241034591423,1.325177869633498e-10,2.5339393692395404e-11,0.5317604118413691,0.0
UGC12021,Sb,Mathewson96,68.14307006288514,1.0361743330182047,1.1160566873304282e-10,2.7791513887444384e-11,0.5276488649266549,0.0
UGC12021,Sb,Mathewson96,68.14307006288514,1.363948712578479,1.0350429123871621e-10,3.1822060810041437e-11,0.4921958085428911,0.0
UGC12021,Sb,Mathewson96,68.14307006288514,1.5161989421375413,1.1478566769986042e-10,3.3490835436565683e-11,0.4709013576774103,0.0
UGC12021,Sb,Mathewson96,68.14307006288514,1.920098436477347,1.2480363480049376e-10,3.630892737484611e-11,0.4128319822949235,0.0
UGC12021,Sb,Mathewson96,68.14307006288514,2.3239979308171526,1.2690754640178005e-10,3.6824229001862036e-11,0.38064032025603634,0.0
UGC12021,Sb,Mathewson96,68.14307006288514,2.476248160376215,1.0541459315120364e-10,3.705330213973957e-11,0.38403708102398815,0.0
UGC12021,Sb,Mathewson96,68.14307006288514,2.880147654716021,1.066827075437104e-10,3.5569413902563065e-11,0.3386650589176965,0.0
UGC12021,Sb,Mathewson96,68.14307006288514,3.284047149055826,9.204013436503374e-11,3.3635612986127044e-11,0.3426505769613795,0.0
UGC12021,Sb,Mathewson96,68.14307006288514,3.4362973786148885,8.637971693361766e-11,3.132086438083643e-11,0.31744085253747945,0.0
UGC12021,Sb,Mathewson96,68.14307006288514,3.7640717581751626,1.0362585229552384e-10,2.8701961134232026e-11,0.33363190788285263,0.0
UGC12021,Sb,Mathewson96,68.14307006288514,3.916321987734225,6.074999296503395e-11,2.990025692300812e-11,0.31558985657403543,0.0
UGC12021,Sb,Mathewson96,68.14307006288514,4.320221482074031,7.037934672833335e-11,2.6969463156540136e-11,0.31918303587257635,0.0
UGC12021,Sb,Mathewson96,68.14307006288514,4.876371205972899,7.599639247510395e-11,2.1975342922800973e-11,0.35497158417223973,0.0
UGC12072,S?,Mathewson96,84.24889300067174,0.4661142607810341,3.2143037537714574e-11,4.449924843608357e-12,0.733957156442412,0.0
UGC12072,S?,Mathewson96,84.24889300067174,1.3983427823431023,3.8368367953863924e-11,1.0577799369370586e-11,0.6706705111159655,0.0
UGC12072,S?,Mathewson96,84.24889300067174,2.3305713039051703,8.840406095757701e-11,1.4614266257650782e-11,0.5830688737967983,0.0
UGC12072,S?,Mathewson96,84.24889300067174,3.262799825467239,9.196546063027907e-11,1.7079629115078323e-11,0.538005702512607,0.0
UGC12072,S?,Mathewson96,84.24889300067174,4.180432849974547,7.89345964539713e-11,1.7215932366679146e-11,0.45226468378856055,0.0
UGC12072,S?,Mathewson96,84.24889300067174,5.127256868591376,8.524425895931589e-11,1.9270892174436804e-11,0.3860754885922624,0.0
UGC12072,S?,Mathewson96,84.24889300067174,6.044889893098684,9.217369632764336e-11,1.4310043497405121e-11,0.4540214798706857,0.0
UGC12072,S?,Mathewson96,84.24889300067174,6.977118414660753,7.597646786186739e-11,1.6988069980158226e-11,0.34097731385922914,0.0
UGC12072,S?,Mathewson96,84.24889300067174,7.90934693622282,1.2060423139142726e-10,1.2443818594359147e-11,0.40203594485558714,0.0
UGC12072,S?,Mathewson96,84.24889300067174,8.841575457784888,1.0026950845951317e-10,9.963107225839346e-12,0.4287423572226925,0.0
UGC12072,S?,Mathewson96,84.24889300067174,9.773803979346956,6.497679517005462e-11,9.1160993609215e-12,0.4056465179573264,0.0
UGC12093,Scd:,Courteau97,62.56160336980008,0.365494975880542,1.7527845877273547e-10,9.918481957461247e-12,0.7456257121948301,0.0
UGC12093,Scd:,Courteau97,62.56160336980008,1.0319552024268364,2.239904016437851e-10,2.663212029150834e-11,0.676591650108427,0.0
UGC12093,Scd:,Courteau97,62.56160336980008,1.6940708690277069,2.098601426727073e-10,3.7616772630514195e-11,0.6031795421352882,0.0
UGC12093,Scd:,Courteau97,62.56160336980008,2.571821790415242,2.92294639124712e-10,4.302117509034355e-11,0.5900764304294955,0.0
UGC12093,Scd:,Courteau97,62.56160336980008,3.1692421496618426,2.265859077275389e-10,3.984486608637755e-11,0.6100899179362398,0.0
UGC12093,Scd:,Courteau97,62.56160336980008,3.939447471456621,1.8176892790819635e-10,3.438543455744461e-11,0.6291498703816492,0.0
UGC12093,Scd:,Courteau97,62.56160336980008,4.6554453403388845,1.9440340726095876e-10,3.7059969936741564e-11,0.6165465325735041,0.0
UGC12093,Scd:,Courteau97,62.56160336980008,5.327605337793615,1.7883110622997756e-10,3.609776864403215e-11,0.5490029575138027,0.0
UGC12093,Scd:,Courteau97,62.56160336980008,6.0264723544954295,1.8015035049011964e-10,5.560377560396311e-11,0.43705746651313454,0.0
UGC12093,Scd:,Courteau97,62.56160336980008,6.759780456209246,1.6951072808954476e-10,4.9137220173809635e-11,0.47165815632116637,0.0
UGC12093,Scd:,Courteau97,62.56160336980008,7.40226675441786,1.520591481998329e-10,5.500469044145528e-11,0.3955415648237897,0.0
UGC12093,Scd:,Courteau97,62.56160336980008,8.043318007417641,1.3669969176520776e-10,6.07593569624085e-11,0.3132052687128805,0.0
UGC12093,Scd:,Courteau97,62.56160336980008,8.941733579812375,1.3226291182725343e-10,4.9696130680413287e-11,0.33994469447392933,0.0
UGC12093,Scd:,Courteau97,62.56160336980008,9.575482660461057,1.1436945923924728e-10,5.214189263265041e-11,0.2590965969624353,0.0
UGC12093,Scd:,Courteau97,62.56160336980008,10.327358039415314,1.2691247360037984e-10,2.3828722010425628e-11,0.5342262211772185,0.0
UGC12093,Scd:,Courteau97,62.56160336980008,10.939473813540832,1.11772156426204e-10,3.5870975890120626e-11,0.35309137660329093,0.0
UGC12093,Scd:,Courteau97,62.56160336980008,12.775324389498945,9.85142985911023e-11,4.2117868737540034e-11,0.18943347026629134,0.0
UGC12093,Scd:,Courteau97,62.56160336980008,13.179924347320194,9.472004345267771e-11,3.159011314418714e-11,0.27800590743048315,0.0
UGC12093,Scd:,Courteau97,62.56160336980008,13.916549611228273,7.92407789631342e-11,3.007566921829959e-11,0.20926760971686637,0.0
UGC12134,Sbc,Courteau97,74.19417163689764,0.783692352763955,4.106527914783307e-10,2.3752440966438092e-11,0.6696634535309245,0.0
UGC12134,Sbc,Courteau97,74.19417163689764,1.876736950039997,3.2315276351871187e-10,4.283454617979769e-11,0.5640221769724112,0.0
UGC12134,Sbc,Courteau97,74.19417163689764,3.0316519962184567,2.44222922358859e-10,4.8121382412319286e-11,0.5013176218634865,0.0
UGC12134,Sbc,Courteau97,74.19417163689764,4.186567042396916,2.1494462917333152e-10,3.929980759775434e-11,0.5049859427517529,0.0
UGC12134,Sbc,Courteau97,74.19417163689764,5.341482088575376,1.9534004925559908e-10,4.266556923565331e-11,0.43907492680935867,0.0
UGC12134,Sbc,Courteau97,74.19417163689764,6.496397134753836,1.5259078179824572e-10,4.170673454571313e-11,0.39444154222230304,0.0
UGC12134,Sbc,Courteau97,74.19417163689764,7.60319072067486,1.1454748477880226e-10,3.451270048100586e-11,0.3376367854380268,0.0
UGC12134,Sbc,Courteau97,74.19417163689764,8.51749846556614,9.680011169947746e-11,3.8658323243335404e-11,0.30426684009184235,0.0
UGC12134,Sbc,Courteau97,74.19417163689764,10.0477609017526,1.7174800580794394e-10,1.899210275896062e-11,0.48172433640090395,0.0
UGC12134,Sbc,Courteau97,74.19417163689764,11.16417877972511,1.0385941556756617e-10,2.7391182729716237e-11,0.27885947484970725,0.0
UGC12134,Sbc,Courteau97,74.19417163689764,12.367215286161006,6.0897865843095e-11,2.966728964870833e-11,0.2412565465113072,0.0
UGC12134,Sbc,Courteau97,74.19417163689764,13.5702517925969,3.6367665252172655e-11,2.6381464681103465e-11,0.23080096496191044,0.0
UGC12134,Sbc,Courteau97,74.19417163689764,16.45753940804305,4.276725797913054e-11,2.0498669028273374e-11,0.21831518218977425,0.0
UGC12134,Sbc,Courteau97,74.19417163689764,17.323725692676895,4.822486956955834e-11,1.1808239807707261e-11,0.4065082300592982,0.0
UGC12134,Sbc,Courteau97,74.19417163689764,18.33427635808305,5.439290702639283e-11,1.5648866473206654e-11,0.261767807988914,0.0
UGC12134,Sbc,Courteau97,74.19417163689764,20.49974206966766,4.6970012483907315e-11,1.2157083223795835e-11,0.28469172175809987,0.0
UGC12134,Sbc,Courteau97,74.19417163689764,22.95393654279689,3.871630084231215e-11,8.77386303390839e-12,0.34881673053480045,0.0
UGC12134,Sbc,Courteau97,74.19417163689764,23.675758446658424,3.942982451247142e-11,5.244957326745733e-12,0.5661708487320071,0.0
UGC12172,Scd:,Courteau97,62.72730448246378,0.37351642518119893,1.0269002200870093e-10,1.1160257372004733e-11,0.7699374032491973,0.0
UGC12172,Scd:,Courteau97,62.72730448246378,1.2216097156570431,1.4573207960030517e-10,3.248884573219395e-11,0.7156836590498055,0.0
UGC12172,Scd:,Courteau97,62.72730448246378,2.1378170023998253,2.2015607820300554e-10,4.8510530709879776e-11,0.6416118054709614,0.0
UGC12172,Scd:,Courteau97,62.72730448246378,2.98591029287567,2.51668064874488e-10,5.637728456910539e-11,0.6012537633006589,0.0
UGC12172,Scd:,Courteau97,62.72730448246378,3.7329431432380673,2.5214158891078586e-10,6.317588749042877e-11,0.49672151349814075,0.0
UGC12172,Scd:,Courteau97,62.72730448246378,4.581036433713912,2.206857786924316e-10,7.630042710970136e-11,0.42533877788652835,0.0
UGC12172,Scd:,Courteau97,62.72730448246378,5.497243720456694,2.1366503139632467e-10,6.715106333258646e-11,0.3957179332916762,0.0
UGC12172,Scd:,Courteau97,62.72730448246378,6.345337010932538,1.7284391807017218e-10,5.946897898378033e-11,0.46560920253842375,0.0
UGC12172,Scd:,Courteau97,62.72730448246378,7.092369861294936,1.6894217323116927e-10,4.5697219693628495e-11,0.5225888195471464,0.0
UGC12172,Scd:,Courteau97,62.72730448246378,7.940463151770781,1.5910190497079309e-10,4.0427547137517377e-11,0.49397535345857335,0.0
UGC12172,Scd:,Courteau97,62.72730448246378,8.856670438513563,1.57330883382106e-10,5.42724933966023e-11,0.27801900538708846,0.0
UGC12172,Scd:,Courteau97,62.72730448246378,9.620176510799215,1.2927551443486506e-10,3.1737371699441404e-11,0.5015884818571807,0.0
UGC12172,Scd:,Courteau97,62.72730448246378,10.451796579351804,1.3307450468488994e-10,2.8152219031900863e-11,0.5303425513622863,0.0
UGC12172,Scd:,Courteau97,62.72730448246378,11.26472231740722,1.310754998697323e-10,3.745675046980718e-11,0.3686122090883459,0.0
UGC12172,Scd:,Courteau97,62.72730448246378,12.02822838969287,1.190064691634475e-10,5.035020794341031e-11,0.20932165818151868,0.0
UGC12172,Scd:,Courteau97,62.72730448246378,13.249838105349912,1.0546899910252052e-10,4.4553373159924126e-11,0.19516628054359625,0.0
UGC12172,Scd:,Courteau97,62.72730448246378,13.860642963178435,9.721510489709414e-11,2.4616548529175083e-11,0.4093229076590197,0.0
UGC12172,Scd:,Courteau97,62.72730448246378,14.471447821006958,9.262696252104248e-11,4.087072766582152e-11,0.16339819400489455,0.0
UGC12172,Scd:,Courteau97,62.72730448246378,16.76196603786391,8.513637656782903e-11,2.0181685439672566e-11,0.33766493737400793,0.0
UGC12200,Sb,Courteau97,57.14011962111089,0.40752108210311977,1.283600686027604e-10,3.983309192641512e-11,0.7595542557721185,0.0
UGC12200,Sb,Courteau97,57.14011962111089,1.2225632463093594,7.9660094839221e-10,1.1326141428546086e-10,0.6796836678535375,0.0
UGC12200,Sb,Courteau97,57.14011962111089,2.241365951567159,7.093456632143054e-10,1.7124096340971723e-10,0.5844948036878398,0.0
UGC12200,Sb,Courteau97,57.14011962111089,3.2601686568249586,4.370022647956314e-10,1.8500718509365625e-10,0.5488006094839362,0.0
UGC12200,Sb,Courteau97,57.14011962111089,4.075210821031198,3.334982380207225e-10,1.725694173077947e-10,0.5112588061480422,0.0
UGC12200,Sb,Courteau97,57.14011962111089,4.890252985237438,3.910950606089963e-10,1.628258624355652e-10,0.5172873993241985,0.0
UGC12200,Sb,Courteau97,57.14011962111089,5.7052951494436766,3.494142556993037e-10,2.0558321457392157e-10,0.4011685629774418,0.0
UGC12200,Sb,Courteau97,57.14011962111089,6.520337313649916,2.9818879182057274e-10,1.2033941880494407e-10,0.5457761173627405,0.0
UGC12200,Sb,Courteau97,57.14011962111089,7.539140018907716,2.6418785634077323e-10,1.966626490953651e-10,0.30949997473934276,0.0
UGC12200,Sb,Courteau97,57.14011962111089,8.557942724165517,2.3257744833572652e-10,1.1458358932514313e-10,0.4657897193643329,0.0
UGC12200,Sb,Courteau97,57.14011962111089,9.372984888371757,2.1855632629635741e-10,1.0571242123887283e-10,0.4532591955745339,0.0
UGC12200,Sb,Courteau97,57.14011962111089,10.188027052577995,2.476620026462092e-10,1.1686520851560955e-10,0.3760537352570203,0.0
UGC12200,Sb,Courteau97,57.14011962111089,11.003069216784235,2.4932948906190006e-10,1.4627965011206982e-10,0.2548036444574748,0.0
UGC12200,Sb,Courteau97,57.14011962111089,11.818111380990475,2.56217679841685e-10,1.2129715557139946e-10,0.20169867627171692,0.0
UGC12200,Sb,Courteau97,57.14011962111089,12.835555682641262,2.0806972415130489e-10,5.3652151358948556e-11,0.5665356083884526,0.0
UGC12200,Sb,Courteau97,57.14011962111089,13.855716791506072,2.1256851163225547e-10,8.049630579658288e-11,0.33591532213705344,0.0
UGC12200,Sb,Courteau97,57.14011962111089,14.670758955712314,2.06431447748001e-10,1.1521449318013191e-10,0.1070208050515389,0.0
UGC12200,Sb,Courteau97,57.14011962111089,15.479009101883502,1.5075750404067008e-10,6.488984165355198e-11,0.30469495355350096,0.0
UGC12200,Sb,Courteau97,57.14011962111089,16.29405126608974,1.0319550430794298e-10,8.11292116968429e-11,0.11164764507735489,0.0
UGC12200,Sb,Courteau97,57.14011962111089,16.90533288924442,1.3531739896865185e-10,5.996354932272088e-11,0.2174516406683829,0.0
UGC12200,Sb,Courteau97,57.14011962111089,17.72037505345066,1.412781509478562e-10,6.876468051976918e-11,0.08987371562661843,0.0
UGC12296,Scd:,Courteau97,69.43238946451204,0.5060038269216784,1.1539146764912063e-10,8.070454438864798e-12,0.7863233723454374,0.0
UGC12296,Scd:,Courteau97,69.43238946451204,1.668978139771653,1.9025601855968156e-10,2.2695618980269197e-11,0.71142735898705,0.0
UGC12296,Scd:,Courteau97,69.43238946451204,2.712089477128936,1.623650272527817e-10,3.093746336656209e-11,0.6494963898191253,0.0
UGC12296,Scd:,Courteau97,69.43238946451204,3.7552008144862192,1.8302607779650236e-10,2.845406222646267e-11,0.6573265248311677,0.0
UGC12296,Scd:,Courteau97,69.43238946451204,4.889347323103774,1.74041764821105e-10,3.110202639562958e-11,0.6313662815799298,0.0
UGC12296,Scd:,Courteau97,69.43238946451204,6.110735870845757,1.323386501757301e-10,2.3643568663695108e-11,0.6625219490054579,0.0
UGC12296,Scd:,Courteau97,69.43238946451204,7.093157094029525,1.2342412412765517e-10,3.892284675848684e-11,0.505891631178538,0.0
UGC12296,Scd:,Courteau97,69.43238946451204,8.136268431386808,1.0959182669462692e-10,1.719043311530243e-11,0.7115902378658246,0.0
UGC12296,Scd:,Courteau97,69.43238946451204,9.179379768744091,1.4663911334305995e-10,4.681180006763586e-11,0.3576849121206145,0.0
UGC12296,Scd:,Courteau97,69.43238946451204,10.342354081594065,1.2621434857661093e-10,3.830760521465774e-11,0.418391576181458,0.0
UGC12296,Scd:,Courteau97,69.43238946451204,11.354361735437422,1.0618008532678347e-10,3.954266573183168e-11,0.3695978718896936,0.0
UGC12296,Scd:,Courteau97,69.43238946451204,12.517336048287397,1.0462534451374459e-10,3.6031500162802745e-11,0.3499834530786228,0.0
UGC12296,Scd:,Courteau97,69.43238946451204,13.533895460693767,1.0553336148229803e-10,4.254628002765949e-11,0.25555011267127276,0.0
UGC12296,Scd:,Courteau97,69.43238946451204,14.608869107992145,8.975826395402355e-11,2.5655553154209e-11,0.300950695326466,0.0
UGC12296,Scd:,Courteau97,69.43238946451204,15.646670060359247,7.516463152460958e-11,1.527213592486939e-11,0.5699361334961272,0.0
UGC12296,Scd:,Courteau97,69.43238946451204,16.71633332266744,5.5753833750950217e-11,2.5699940410159756e-11,0.31662357601537067,0.0
UGC12296,Scd:,Courteau97,69.43238946451204,17.96806692749618,5.3895542262331046e-11,3.1959652892696844e-11,0.20899295459335182,0.0
UGC12296,Scd:,Courteau97,69.43238946451204,19.21980053232492,5.350995875601052e-11,8.689237019652755e-12,0.6653692382003058,0.0
UGC12296,Scd:,Courteau97,69.43238946451204,20.054289602210748,5.6097556736985915e-11,2.186361514559298e-11,0.25276600843078584,0.0
UGC12296,Scd:,Courteau97,69.43238946451204,21.097400939568033,6.745029349895993e-11,9.318204875453712e-12,0.580038997480034,0.0
UGC12296,Scd:,Courteau97,69.43238946451204,21.723267741982404,8.6307735029528e-11,2.1406082749876927e-11,0.22730145212424227,0.0
UGC12354,Scd:,Courteau97,69.65645504078344,0.17032966950282402,5.839123468726777e-11,5.382392052093515e-12,0.43117600998725386,0.0
UGC12354,Scd:,Courteau97,69.65645504078344,0.4947956948585557,1.1009624797419182e-10,1.46540774990246e-11,0.5581082366110534,0.0
UGC12354,Scd:,Courteau97,69.65645504078344,0.7775360919205875,9.504655428739604e-11,2.0793600779127678e-11,0.5329716986771904,0.0
UGC12354,Scd:,Courteau97,69.65645504078344,1.0602764889826193,1.3048692373600367e-10,2.47965935614657e-11,0.49835933575883257,0.0
UGC12354,Scd:,Courteau97,69.65645504078344,1.3430168860446512,1.9783869205947683e-10,2.669133668024544e-11,0.49834076492843565,0.0
UGC12354,Scd:,Courteau97,69.65645504078344,1.6257572831066829,1.4171539074380532e-10,2.7251239099152302e-11,0.48878403239284895,0.0
UGC12354,Scd:,Courteau97,69.65645504078344,1.9084976801687148,1.295460465372429e-10,2.756372110582695e-11,0.46808875917026393,0.0
UGC12354,Scd:,Courteau97,69.65645504078344,2.2329637055244467,1.6504756482884788e-10,2.78944870528606e-11,0.4538901855304823,0.0
UGC12354,Scd:,Courteau97,69.65645504078344,2.5736230445300943,1.4221185828918314e-10,2.8690435565625614e-11,0.42429553909919604,0.0
UGC12354,Scd:,Courteau97,69.65645504078344,2.8980890698858257,1.0530523174300637e-10,2.806435372380703e-11,0.4214544941457962,0.0
UGC12354,Scd:,Courteau97,69.65645504078344,3.180829466947858,1.0544753368494908e-10,2.737522177528255e-11,0.41361765056796845,0.0
UGC12354,Scd:,Courteau97,69.65645504078344,3.488273949207734,1.1001611138302142e-10,2.663215578917736e-11,0.40341983741584314,0.0
UGC12354,Scd:,Courteau97,69.65645504078344,3.749737417399946,8.500988275559609e-11,2.658837135914533e-11,0.3587840295843961,0.0
UGC12354,Scd:,Courteau97,69.65645504078344,4.032477814461978,9.910416912166337e-11,2.439909544036614e-11,0.3639709309849877,0.0
UGC12354,Scd:,Courteau97,69.65645504078344,4.31521821152401,1.5056179430992559e-10,2.550767032480823e-11,0.35973685510276676,0.0
UGC12354,Scd:,Courteau97,69.65645504078344,4.597958608586041,1.393871125355982e-10,2.7968191704068977e-11,0.2795060818921995,0.0
UGC12354,Scd:,Courteau97,69.65645504078344,4.951384104913581,1.1204153676440548e-10,2.514351274598925e-11,0.2383416066040257,0.0
UGC12354,Scd:,Courteau97,69.65645504078344,5.304809601241121,1.3871652736494165e-10,2.2175432860876853e-11,0.29774658435565876,0.0
UGC12354,Scd:,Courteau97,69.65645504078344,5.516864899037645,1.0151759107455339e-10,2.4858158956764105e-11,0.20351382332134524,0.0
UGC12370,Sc,Courteau97/Mathewson96,81.33252736327367,0.3000145028413518,2.6649263299854692e-11,5.081785007761182e-12,0.5695847530269762,0.0
UGC12370,Sc,Courteau97/Mathewson96,81.33252736327367,0.8922774655349741,6.992216232566713e-11,1.2944337086227621e-11,0.5232616119622006,0.0
UGC12370,Sc,Courteau97/Mathewson96,81.33252736327367,1.5720242212687563,9.020638597315976e-11,1.6671272269966248e-11,0.4551197979994745,0.0
UGC12370,Sc,Courteau97/Mathewson96,81.33252736327367,2.2550817637505154,8.777437953176467e-11,1.5259709000991328e-11,0.4689033408494732,0.0
UGC12370,Sc,Courteau97/Mathewson96,81.33252736327367,2.8492521755993505,1.0197910993099169e-10,1.390892938758831e-11,0.48319685188749467,0.0
UGC12370,Sc,Courteau97/Mathewson96,81.33252736327367,3.4255402516180644,7.625932752734003e-11,1.2811449871434105e-11,0.4700516036652042,0.0
UGC12370,Sc,Courteau97/Mathewson96,81.33252736327367,4.0228674918187775,5.486576897617415e-11,1.0816706844154106e-11,0.5210243863174945,0.0
UGC12370,Sc,Courteau97/Mathewson96,81.33252736327367,4.807248733425449,4.9867197678131296e-11,9.990676295002324e-12,0.5275813401446616,0.0
UGC12370,Sc,Courteau97/Mathewson96,81.33252736327367,5.329222194749473,5.088013973354904e-11,9.49450133932983e-12,0.5145716923513716,0.0
UGC12370,Sc,Courteau97/Mathewson96,81.33252736327367,5.935259665271097,4.535740062516369e-11,9.480153622111183e-12,0.4852495486094874,0.0
UGC12370,Sc,Courteau97/Mathewson96,81.33252736327367,6.66487531670424,4.3744089091330624e-11,1.12170282898415e-11,0.3792071820502673,0.0
UGC12370,Sc,Courteau97/Mathewson96,81.33252736327367,7.241998582960201,5.491420949109348e-11,9.293822959730172e-12,0.3973655528396692,0.0
UGC12370,Sc,Courteau97/Mathewson96,81.33252736327367,7.83198623130439,5.574666887570319e-11,8.04147273194655e-12,0.46397891018174353,0.0
UGC12370,Sc,Courteau97/Mathewson96,81.33252736327367,8.419790531597702,4.7172119116457846e-11,8.51415670805809e-12,0.3956778831209568,0.0
UGC12370,Sc,Courteau97/Mathewson96,81.33252736327367,9.14812614840133,4.813968369572568e-11,8.111095351121743e-12,0.38231187980177195,0.0
UGC12370,Sc,Courteau97/Mathewson96,81.33252736327367,9.499382910333795,4.950254870239519e-11,6.5049455001220595e-12,0.465108607747053,0.0
UGC12370,Sc,Courteau97/Mathewson96,81.33252736327367,11.46157585630136,4.764556217529837e-11,5.5004214149879744e-12,0.44669829604032585,0.0
UGC12370,Sc,Courteau97/Mathewson96,81.33252736327367,12.311344454948731,4.8881250567493955e-11,5.981728329041266e-12,0.3765610685780735,0.0
UGC12494,SABd,Courteau97/Mathewson96,75.82981792008638,0.2088293104650664,2.0897994182743335e-11,1.8365174126961057e-12,0.7072404303338171,0.0
UGC12494,SABd,Courteau97/Mathewson96,75.82981792008638,0.6290773028721455,2.4947019424924225e-11,5.093939955866179e-12,0.6955761272702317,0.0
UGC12494,SABd,Courteau97/Mathewson96,75.82981792008638,1.045266280531579,2.368254112178497e-11,7.909332356686746e-12,0.6516408011287341,0.0
UGC12494,SABd,Courteau97/Mathewson96,75.82981792008638,1.4485390183744213,2.188892238292681e-11,9.973858845579235e-12,0.6048614654103608,0.0
UGC12494,SABd,Courteau97/Mathewson96,75.82981792008638,1.8485313024880243,5.387737851606205e-11,1.1671058887010449e-11,0.5569602151300643,0.0
UGC12494,SABd,Courteau97/Mathewson96,75.82981792008638,2.251703439749836,5.6372609697078727e-11,1.3275588803989283e-11,0.5103975409492,0.0
UGC12494,SABd,Courteau97/Mathewson96,75.82981792008638,2.6664227741385704,7.959498447738846e-11,1.4099396164387626e-11,0.4563683128654374,0.0
UGC12494,SABd,Courteau97/Mathewson96,75.82981792008638,3.122998948537076,5.821757291712043e-11,1.4558682178096103e-11,0.44931140432079114,0.0
UGC12494,SABd,Courteau97/Mathewson96,75.82981792008638,3.5052085490752187,5.1463445139880714e-11,1.375091703868085e-11,0.4306710151433849,0.0
UGC12494,SABd,Courteau97/Mathewson96,75.82981792008638,3.8754772980389305,5.616033410463869e-11,1.2939166018237388e-11,0.4262227074353532,0.0
UGC12494,SABd,Courteau97/Mathewson96,75.82981792008638,4.2901142079902606,5.1002403853567366e-11,1.2058190189037965e-11,0.4164744328030974,0.0
UGC12494,SABd,Courteau97/Mathewson96,75.82981792008638,4.71572659273265,4.25853640106601e-11,1.0968597768201486e-11,0.4262736093760919,0.0
UGC12494,SABd,Courteau97/Mathewson96,75.82981792008638,5.092261445713039,4.112421249672298e-11,1.0182211463270093e-11,0.4544948490289403,0.0
UGC12494,SABd,Courteau97/Mathewson96,75.82981792008638,5.5362336794899765,4.0730744804633124e-11,9.912996053351893e-12,0.44320735051246485,0.0
UGC12494,SABd,Courteau97/Mathewson96,75.82981792008638,6.009603152619203,6.297985592601679e-11,1.0266317814572243e-11,0.40370289067321274,0.0
UGC12494,SABd,Courteau97/Mathewson96,75.82981792008638,6.425087926211427,6.176271739399136e-11,1.048257740560051e-11,0.3498445928067741,0.0
UGC12494,SABd,Courteau97/Mathewson96,75.82981792008638,6.761478773422539,5.252062233807017e-11,8.153317599152375e-12,0.4558799238004736,0.0
UGC12494,SABd,Courteau97/Mathewson96,75.82981792008638,7.2079528999103095,5.6361072742158916e-11,1.0136719944647852e-11,0.3419603082233787,0.0
UGC12494,SABd,Courteau97/Mathewson96,75.82981792008638,7.787937119239812,2.9865291244183954e-11,1.0096321274980575e-11,0.29013039346748476,0.0
UGC12494,SABd,Courteau97/Mathewson96,75.82981792008638,8.23827780718978,3.480685213834745e-11,7.070799590998941e-12,0.4282841483759334,0.0
UGC12543,Scd:,Courteau97,78.86719530946387,0.2183530797760163,2.1062516618857193e-11,2.06307477229591e-12,0.664724566482951,0.0
UGC12543,Scd:,Courteau97,78.86719530946387,0.6550592393280489,5.68755924810701e-11,5.415727688898974e-12,0.6921486260664012,0.0
UGC12543,Scd:,Courteau97,78.86719530946387,1.0917653988800815,4.8011746730820124e-11,8.01658753926548e-12,0.6418168897180387,0.0
UGC12543,Scd:,Courteau97,78.86719530946387,1.5192080944416164,9.471941036473834e-11,9.598099903516205e-12,0.6140569428568434,0.0
UGC12543,Scd:,Courteau97,78.86719530946387,1.9559142539936492,4.325809625158653e-11,1.0171960045281923e-11,0.5960578631077459,0.0
UGC12543,Scd:,Courteau97,78.86719530946387,2.4018838775361795,5.586127379574188e-11,1.0161451692731577e-11,0.5864689312456023,0.0
UGC12543,Scd:,Courteau97,78.86719530946387,2.838590037088212,4.141607458130781e-11,9.832978311049495e-12,0.6051191600480257,0.0
UGC12543,Scd:,Courteau97,78.86719530946387,3.2752961966402445,3.1952976502785814e-11,1.0228712830102647e-11,0.5777505621467601,0.0
UGC12543,Scd:,Courteau97,78.86719530946387,3.712002356192277,3.592525493272954e-11,1.0246962438582361e-11,0.5840159069835311,0.0
UGC12543,Scd:,Courteau97,78.86719530946387,4.1487085157443095,4.7078622380817236e-11,9.578732718768398e-12,0.5918147143203214,0.0
UGC12543,Scd:,Courteau97,78.86719530946387,4.5854146752963425,5.2550989166960866e-11,9.286971183317643e-12,0.5932779890886875,0.0
UGC12543,Scd:,Courteau97,78.86719530946387,5.022120834848375,4.7474187115335614e-11,9.518799490059255e-12,0.5788042637448118,0.0
UGC12543,Scd:,Courteau97,78.86719530946387,5.4588269944004075,7.166860942822803e-11,1.0541778301626823e-11,0.5358242626268014,0.0
UGC12543,Scd:,Courteau97,78.86719530946387,5.8955331539524405,6.759035459486738e-11,1.215923513201903e-11,0.46831159104517284,0.0
UGC12543,Scd:,Courteau97,78.86719530946387,6.332239313504473,6.355715626568072e-11,1.0862595710118846e-11,0.4532722652772602,0.0
UGC12543,Scd:,Courteau97,78.86719530946387,6.7689454730565055,8.241469554096645e-11,8.196953159065842e-12,0.5810639468071849,0.0
UGC12543,Scd:,Courteau97,78.86719530946387,7.2056516326085385,9.853164612060226e-11,1.2059425020625063e-11,0.4283335821788627,0.0
UGC12543,Scd:,Courteau97,78.86719530946387,7.57883689622573,1.0479434004206629e-10,8.878735890855158e-12,0.49489139560466766,0.0
UGC12543,Scd:,Courteau97,78.86719530946387,7.997677803796089,9.31289655003476e-11,1.1061989762479267e-11,0.41771538288106724,0.0
UGC12543,Scd:,Courteau97,78.86719530946387,8.434383963348122,6.286508794231168e-11,1.0995066320572151e-11,0.351146083942705,0.0
UGC12543,Scd:,Courteau97,78.86719530946387,8.761913583012145,2.35734279541527e-11,1.0734942213331563e-11,0.38955291948668364,0.0
UGC12547,SB?,Courteau97,62.64806800677657,0.19362047851065378,1.6217072299403663e-10,5.7364249679625585e-12,0.5459186004858273,0.0
UGC12547,SB?,Courteau97,62.64806800677657,0.6318481615397669,8.968861391212731e-11,1.6828205899702764e-11,0.6211906771129649,0.0
UGC12547,SB?,Courteau97,62.64806800677657,1.0649126318085957,1.109580369030793e-10,2.465757925878707e-11,0.5546431149442554,0.0
UGC12547,SB?,Courteau97,62.64806800677657,1.4979771020774248,1.307466999228493e-10,3.063151185959363e-11,0.5068672733953145,0.0
UGC12547,SB?,Courteau97,62.64806800677657,1.9362047851065378,6.954045241702638e-11,3.4471174686028145e-11,0.42952686187072797,0.0
UGC12547,SB?,Courteau97,62.64806800677657,2.3234457421278454,3.8111489669431814e-11,3.298410719696919e-11,0.4363022773614752,0.0
UGC12547,SB?,Courteau97,62.64806800677657,2.7106866991491527,6.01260940120686e-11,3.313752765477512e-11,0.42498712970618435,0.0
UGC12547,SB?,Courteau97,62.64806800677657,3.1285842319346475,3.5373452750398805e-11,3.03039706570718e-11,0.39750392128416134,0.0
UGC12547,SB?,Courteau97,62.64806800677657,3.6432920039754686,4.882197815382961e-12,2.5518589213155654e-11,0.46045009848058316,0.0
UGC12547,SB?,Courteau97,62.64806800677657,4.030532960996776,2.623158179740752e-11,2.2868911692961197e-11,0.4854695994202301,0.0
UGC12547,SB?,Courteau97,62.64806800677657,4.417773918018083,2.2822464868741248e-11,2.2744646842775514e-11,0.47344422593947405,0.0
UGC12547,SB?,Courteau97,62.64806800677657,4.901825114294718,1.5532020193070007e-11,2.1355372369842874e-11,0.47242685530290296,0.0
UGC12547,SB?,Courteau97,62.64806800677657,6.257168463869295,2.6401532414390467e-11,2.4755870997099208e-11,0.31052675453045175,0.0
UGC12547,SB?,Courteau97,62.64806800677657,6.547599181635276,1.0508471750678908e-11,1.8255117624908236e-11,0.4309843064233077,0.0
UGC12547,SB?,Courteau97,62.64806800677657,6.926234784056109,2.313330238950965e-11,2.425433250785453e-11,0.28290200846998853,0.0
UGC12547,SB?,Courteau97,62.64806800677657,7.322081095677891,3.222496819802365e-11,1.577673943284278e-11,0.42826586832013985,0.0
UGC12547,SB?,Courteau97,62.64806800677657,7.612511813443872,5.543716434565299e-11,2.2853028492801852e-11,0.25589616432039736,0.0
UGC12547,SB?,Courteau97,62.64806800677657,8.26436742442974,1.2406827846249075e-11,2.014473436771614e-11,0.22843798508222285,0.0
UGC12547,SB?,Courteau97,62.64806800677657,8.457987902940392,6.723062212319868e-12,1.9966344782693918e-11,0.25020686403429604,0.0
UGC12555,Scd:,Mathewson96,81.14455200942078,0.27632934332048575,1.1350453757880768e-11,1.6964060308902075e-12,0.685448423294377,0.0
UGC12555,Scd:,Mathewson96,81.14455200942078,0.8289880299614574,4.7833744492852014e-11,4.071761182311229e-12,0.6663837237989749,0.0
UGC12555,Scd:,Mathewson96,81.14455200942078,1.240411718905292,4.071955734737792e-11,5.19021266046219e-12,0.6264600370650374,0.0
UGC12555,Scd:,Mathewson96,81.14455200942078,1.6579760599229147,5.824064104593351e-11,5.91998026905974e-12,0.6076206600913168,0.0
UGC12555,Scd:,Mathewson96,81.14455200942078,2.2106347465638865,3.0675477322717915e-11,6.488438492901267e-12,0.5833216458823611,0.0
UGC12555,Scd:,Mathewson96,81.14455200942078,2.763293433204858,5.316791962226475e-11,7.08187239924805e-12,0.5483094936353786,0.0
UGC12555,Scd:,Mathewson96,81.14455200942078,3.1808577742224813,3.783670575703678e-11,7.224080252489631e-12,0.5273289825335248,0.0
UGC12555,Scd:,Mathewson96,81.14455200942078,3.592281463166316,4.971086014603483e-11,7.214206850256026e-12,0.5103340677887122,0.0
UGC12555,Scd:,Mathewson96,81.14455200942078,4.286175147504424,7.764491952865216e-11,6.643848322266132e-12,0.5229478280417245,0.0
UGC12555,Scd:,Mathewson96,81.14455200942078,4.838833834145396,4.920512372744427e-11,6.713074199021129e-12,0.46867666170664435,0.0
UGC12555,Scd:,Mathewson96,81.14455200942078,5.25025752308923,5.3084969402589675e-11,6.12775803602001e-12,0.5009966394519689,0.0
UGC12555,Scd:,Mathewson96,81.14455200942078,5.661681212033065,4.000415453492484e-11,6.0965789827506755e-12,0.5025008677152416,0.0
UGC12555,Scd:,Mathewson96,81.14455200942078,6.079245553050688,5.757421438731669e-11,6.660858590771181e-12,0.44601071881214216,0.0
UGC12555,Scd:,Mathewson96,81.14455200942078,6.631904239691659,4.564712301047715e-11,6.580919513557584e-12,0.4246134458150013,0.0
UGC12555,Scd:,Mathewson96,81.14455200942078,7.184562926332631,2.4785464083583545e-11,6.357906196450569e-12,0.4089504789409771,0.0
UGC12555,Scd:,Mathewson96,81.14455200942078,7.872315958596951,3.595558958152219e-11,6.0578362589135e-12,0.39244667521284676,0.0
UGC12555,Scd:,Mathewson96,81.14455200942078,8.707444640632197,4.136946357771264e-11,5.8263254848263145e-12,0.3743836387651031,0.0
UGC12555,Scd:,Mathewson96,81.14455200942078,9.26010332727317,3.1369465825331714e-11,4.3551224717602085e-12,0.4721603443192684,0.0
UGC12555,Scd:,Mathewson96,81.14455200942078,9.81276201391414,1.549118615956461e-11,5.2375929456965535e-12,0.371199133842899,0.0
UGC12561,Sdm:,Courteau97,76.60695871391184,0.13015085448331032,3.607050245171642e-11,1.056968098520055e-12,0.43487922596078654,0.0
UGC12561,Sdm:,Courteau97,76.60695871391184,0.3904525634499309,2.3207218123375366e-10,2.8060433805316677e-12,0.6518405810098324,0.0
UGC12561,Sdm:,Courteau97,76.60695871391184,0.7274643972559572,1.9868658237765318e-11,4.608456024627644e-12,0.6037044288409461,0.0
UGC12561,Sdm:,Courteau97,76.60695871391184,1.1062822631081377,9.686679589509912e-11,6.008406642984241e-12,0.5893742109739524,0.0
UGC12561,Sdm:,Courteau97,76.60695871391184,1.668691713087533,4.4317563948428156e-11,7.032874878354334e-12,0.5533398691593165,0.0
UGC12561,Sdm:,Courteau97,76.60695871391184,1.9289934220541536,2.7714613360170473e-11,7.426944603124357e-12,0.518854778030199,0.0
UGC12561,Sdm:,Courteau97,76.60695871391184,2.26600525586018,7.630109987647894e-11,7.725185083131155e-12,0.5202300655953761,0.0
UGC12561,Sdm:,Courteau97,76.60695871391184,2.4310602031367416,4.717358048638682e-11,7.850395653965534e-12,0.514091181337656,0.0
UGC12561,Sdm:,Courteau97,76.60695871391184,3.2119653300366036,1.8898002178433497e-10,7.85813113804706e-12,0.48475311031097135,0.0
UGC12561,Sdm:,Courteau97,76.60695871391184,3.407191611761569,7.722679399104828e-11,7.567387741234737e-12,0.46180225058234203,0.0
UGC12561,Sdm:,Courteau97,76.60695871391184,4.466935084478705,4.935861012472669e-11,6.621319593083909e-12,0.4788783765038941,0.0
UGC12561,Sdm:,Courteau97,76.60695871391184,4.6854307613991715,2.5721342627854072e-11,7.37235562819936e-12,0.43716896906333824,0.0
UGC12561,Sdm:,Courteau97,76.60695871391184,4.922463075170292,4.357151012333977e-11,6.378983750780133e-12,0.46887260383051277,0.0
UGC12561,Sdm:,Courteau97,76.60695871391184,5.1827647841369116,1.0843461175281625e-10,7.168246759459071e-12,0.41852696669320244,0.0
UGC12562,Sdm:,Courteau97,81.96470083696065,0.1170277555571716,1.7512233322959354e-11,5.901499804518725e-13,0.48178176295835146,0.0
UGC12562,Sdm:,Courteau97,81.96470083696065,0.4992829607543694,4.454699778623994e-11,2.071081479030877e-12,0.7087803693246981,0.0
UGC12562,Sdm:,Courteau97,81.96470083696065,0.7925970717281167,1.1034442970073364e-11,3.0699142624820608e-12,0.6843450465252517,0.0
UGC12562,Sdm:,Courteau97,81.96470083696065,1.0532498000145445,2.685854323714483e-11,3.851452123788574e-12,0.6534609523756012,0.0
UGC12562,Sdm:,Courteau97,81.96470083696065,1.321264638014205,6.450498233296848e-11,4.602372524723761e-12,0.6262918396436993,0.0
UGC12562,Sdm:,Courteau97,81.96470083696065,1.6383885778004024,2.644699279802209e-11,5.3705446607741875e-12,0.5925431335427906,0.0
UGC12562,Sdm:,Courteau97,81.96470083696065,1.930505814001406,2.407529790003024e-11,5.906892222091597e-12,0.5619713728735749,0.0
UGC12562,Sdm:,Courteau97,81.96470083696065,2.260570025320473,3.079602464644261e-11,6.247596706187606e-12,0.5332096367322579,0.0
UGC12562,Sdm:,Courteau97,81.96470083696065,2.6000020989180586,4.119811927809363e-11,6.564484225917584e-12,0.5207390081916258,0.0
UGC12562,Sdm:,Courteau97,81.96470083696065,2.865307567061789,2.5702603318805104e-11,6.7096121670459574e-12,0.5046994071566807,0.0
UGC12562,Sdm:,Courteau97,81.96470083696065,3.1579407892759312,2.9089726809767572e-11,6.9112482134824044e-12,0.47747404462140736,0.0
UGC12562,Sdm:,Courteau97,81.96470083696065,3.440616013380845,2.4870223401040887e-11,7.1463402406252485e-12,0.4555915656508395,0.0
UGC12562,Sdm:,Courteau97,81.96470083696065,5.6077572685622865,2.7217770728679605e-11,6.18717356477004e-12,0.36961109547890775,0.0
UGC12564,Sd,Courteau97,74.84351108530865,0.48739687295469425,2.86709577039577e-10,9.928944854821277e-12,0.8106777128659978,0.0
UGC12564,Sd,Courteau97,74.84351108530865,1.2184921823867354,3.8174727143585727e-10,2.286806781302316e-11,0.7619120974293888,0.0
UGC12564,Sd,Courteau97,74.84351108530865,1.949587491818777,3.9155145919102604e-10,3.276176617634267e-11,0.7129368645602171,0.0
UGC12564,Sd,Courteau97,74.84351108530865,4.142873420114901,2.7250311164281894e-10,5.2643984383055236e-11,0.5805926078389464,0.0
UGC12564,Sd,Courteau97,74.84351108530865,5.198899978183404,2.0092045081464472e-10,4.3878765510051003e-11,0.6432540373144663,0.0
UGC12564,Sd,Courteau97,74.84351108530865,6.092460911933678,2.1531160668861043e-10,6.59736482854034e-11,0.4819196047529674,0.0
UGC12564,Sd,Courteau97,74.84351108530865,7.067254657843066,2.29680248246091e-10,2.6436806311499135e-11,0.741945692575408,0.0
UGC12564,Sd,Courteau97,74.84351108530865,8.042048403752455,1.7745589166025948e-10,7.214571081635572e-11,0.3735438272747731,0.0
UGC12564,Sd,Courteau97,74.84351108530865,9.016842149661842,1.761673025637123e-10,6.909628178880957e-11,0.39297591068314913,0.0
UGC12564,Sd,Courteau97,74.84351108530865,9.991635895571232,1.673897611472192e-10,5.945545432450505e-11,0.4165878088691955,0.0
UGC12564,Sd,Courteau97,74.84351108530865,11.047662453639736,1.466485831755321e-10,5.24257802762409e-11,0.42685754946247395,0.0
UGC12564,Sd,Courteau97,74.84351108530865,11.941223387390007,1.3899975407111438e-10,6.851246587192984e-11,0.2949822451878807,0.0
UGC12564,Sd,Courteau97,74.84351108530865,12.916017133299396,1.1883440014892526e-10,6.846838078091195e-11,0.23902922312990535,0.0
UGC12564,Sd,Courteau97,74.84351108530865,13.890810879208786,1.2269044609231682e-10,1.3016647914353171e-11,0.7839207508821202,0.0
UGC12564,Sd,Courteau97,74.84351108530865,14.865604625118173,1.219804079049261e-10,3.916355680920158e-11,0.3883291460123686,0.0
UGC12564,Sd,Courteau97,74.84351108530865,15.840398371027563,1.2272613914213824e-10,6.151625887681737e-11,0.177383624623743,0.0
UGC12564,Sd,Courteau97,74.84351108530865,16.81519211693695,8.364631696530436e-11,2.017573897772304e-11,0.5830738545992971,0.0
UGC12564,Sd,Courteau97,74.84351108530865,17.78998586284634,7.065731172097013e-11,3.914932133093179e-11,0.22602689946028715,0.0
UGC12564,Sd,Courteau97,74.84351108530865,18.764779608755724,6.891287110799929e-11,3.14911792503117e-11,0.17688931602880956,0.0
UGC12564,Sd,Courteau97,74.84351108530865,19.495874918187766,6.979790653955773e-11,3.390393300915236e-11,0.19636341877654775,0.0
UGC12565,S?,Mathewson96,52.37552921537911,0.4865353792451457,1.1346207837440791e-10,3.7879078240566676e-11,0.6559300695957428,0.0
UGC12565,S?,Mathewson96,52.37552921537911,0.5838424550941749,1.5160991704841912e-10,4.508450782261536e-11,0.6488831892607693,0.0
UGC12565,S?,Mathewson96,52.37552921537911,1.6055667515089809,2.022618395421165e-10,9.866458437967269e-11,0.5293491534088827,0.0
UGC12565,S?,Mathewson96,52.37552921537911,2.6759445858483017,2.2940726534518987e-10,1.0801548016053035e-10,0.4420134386091154,0.0
UGC12565,S?,Mathewson96,52.37552921537911,3.7463224201876217,1.8888369745032703e-10,9.863642693493008e-11,0.44584958858641804,0.0
UGC12565,S?,Mathewson96,52.37552921537911,4.816700254526943,1.451317611991107e-10,8.779642121354685e-11,0.3679694214512617,0.0
UGC12565,S?,Mathewson96,52.37552921537911,5.8870780888662635,1.2553840859575238e-10,9.386477953214722e-11,0.2963315696682758,0.0
UGC12565,S?,Mathewson96,52.37552921537911,6.957455923205584,1.386866391765163e-10,6.048510426431057e-11,0.4022659476411929,0.0
UGC12565,S?,Mathewson96,52.37552921537911,8.027833757544904,1.5697246904513402e-10,7.156851986398345e-11,0.2679617939544207,0.0
UGC12565,S?,Mathewson96,52.37552921537911,9.098211591884224,7.117598494333921e-11,4.48672164540159e-11,0.3857545505010494,0.0
UGC12565,S?,Mathewson96,52.37552921537911,10.21724296414806,1.1918774920013213e-10,3.520796123535938e-11,0.3908896145434879,0.0
UGC12571,(R:)SB(r)b,Mathewson96,65.9347790488877,0.19871322812886333,6.470662123349626e-11,1.227308493050923e-11,0.4106846243896358,0.0
UGC12571,(R:)SB(r)b,Mathewson96,65.9347790488877,0.7043279974789712,2.2006314217115957e-10,3.2834977352100067e-11,0.5383855947904457,0.0
UGC12571,(R:)SB(r)b,Mathewson96,65.9347790488877,1.2828042838096623,3.387814417302403e-10,3.827017090190063e-11,0.5312193249145466,0.0
UGC12571,(R:)SB(r)b,Mathewson96,65.9347790488877,1.8612805701403534,2.617841009602416e-10,3.8753909721059385e-11,0.5345004139174704,0.0
UGC12571,(R:)SB(r)b,Mathewson96,65.9347790488877,2.2940338225098778,2.087606853285554e-10,4.162850819192532e-11,0.5010825698648737,0.0
UGC12571,(R:)SB(r)b,Mathewson96,65.9347790488877,2.872510108840569,2.3050254785738856e-10,5.1613431518008456e-11,0.3404513277422678,0.0
UGC12571,(R:)SB(r)b,Mathewson96,65.9347790488877,3.378124878190677,2.0716455066322094e-10,5.6786684262203346e-11,0.305077704517345,0.0
UGC12571,(R:)SB(r)b,Mathewson96,65.9347790488877,3.7755513344484033,2.0583003772874262e-10,5.2372482548097435e-11,0.2610998746824616,0.0
UGC12571,(R:)SB(r)b,Mathewson96,65.9347790488877,4.281166103798512,1.5586696163378165e-10,4.8441180820878484e-11,0.22810275602325164,0.0
UGC12571,(R:)SB(r)b,Mathewson96,65.9347790488877,4.76911747509272,1.4127696387139997e-10,4.30143840976335e-11,0.22329283147373236,0.0
UGC12571,(R:)SB(r)b,Mathewson96,65.9347790488877,5.292395642498727,1.1332658967740186e-10,3.6836681420833335e-11,0.22436924092890398,0.0
UGC12571,(R:)SB(r)b,Mathewson96,65.9347790488877,6.087248555014181,6.944836617934917e-11,2.6738498935771208e-11,0.24638165292543626,0.0
UGC12571,(R:)SB(r)b,Mathewson96,65.9347790488877,6.557536528252491,9.161090384749586e-11,2.407608509421133e-11,0.2584617816683337,0.0
UGC12571,(R:)SB(r)b,Mathewson96,65.9347790488877,7.0278245014908,1.0260876771115848e-10,2.3515651622669877e-11,0.21992649738816825,0.0
UGC12571,(R:)SB(r)b,Mathewson96,65.9347790488877,7.822677414006254,9.094437489744781e-11,1.882004086755591e-11,0.24621970087846146,0.0
UGC12571,(R:)SB(r)b,Mathewson96,65.9347790488877,8.617530326521708,1.417277613877285e-10,1.6077849561438588e-11,0.247213747452762,0.0
UGC12571,(R:)SB(r)b,Mathewson96,65.9347790488877,9.014956782779434,5.209462343651441e-11,1.458598880934886e-11,0.2311214000289712,0.0
UGC12571,(R:)SB(r)b,Mathewson96,65.9347790488877,9.809809695294886,5.649341701434935e-11,1.1835067237538604e-11,0.30196263839654164,0.0
UGC12571,(R:)SB(r)b,Mathewson96,65.9347790488877,10.207236151552614,7.31578269202921e-11,1.360887371915516e-11,0.21641091609153246,0.0
UGC12631,Sb,Courteau97,77.4835397024068,1.2300480204267974,3.4364483016004396e-10,6.260591103658642e-11,0.5920261452610134,0.0
UGC12631,Sb,Courteau97,77.4835397024068,1.872015198571417,4.841768590338805e-10,7.94714994593139e-11,0.5511981098152039,0.0
UGC12631,Sb,Courteau97,77.4835397024068,2.6217550484409213,5.643105228316223e-10,9.007262424728011e-11,0.47058777719146233,0.0
UGC12631,Sb,Courteau97,77.4835397024068,3.1123736009502343,4.3058152366749676e-10,9.36618367481408e-11,0.4560568398851329,0.0
UGC12631,Sb,Courteau97,77.4835397024068,3.8827342147237776,4.01389024064392e-10,9.269748632418434e-11,0.34829620042794224,0.0
UGC12631,Sb,Courteau97,77.4835397024068,4.460504675053936,3.4270544369733563e-10,9.182879745265629e-11,0.359116135071585,0.0
UGC12631,Sb,Courteau97,77.4835397024068,7.156766823261338,1.1377659878076483e-10,5.4170621397451284e-11,0.39389284642139105,0.0
UGC12631,Sb,Courteau97,77.4835397024068,7.9271274370348825,1.5265394697823085e-10,4.5898013381458754e-11,0.4339630328843072,0.0
UGC12631,Sb,Courteau97,77.4835397024068,8.473966751508982,1.4847571816119825e-10,5.337436841913543e-11,0.33288821224207704,0.0
UGC12631,Sb,Courteau97,77.4835397024068,9.05173721183914,1.5480893269735726e-10,2.113264616387741e-11,0.6622359232708003,0.0
UGC12631,Sb,Courteau97,77.4835397024068,9.70401477193578,1.6560296790030567e-10,3.3294542667519756e-11,0.4981754586259259,0.0
UGC12631,Sb,Courteau97,77.4835397024068,10.39986828594284,1.7859550794520577e-10,4.938473435899768e-11,0.32401777690643035,0.0
UGC12631,Sb,Courteau97,77.4835397024068,11.095721799949905,1.495875169736665e-10,2.499447450648062e-11,0.5071772676387917,0.0
UGC12631,Sb,Courteau97,77.4835397024068,11.99447584935237,1.371648049795441e-10,1.6856434235962656e-11,0.6609058074224688,0.0
UGC12631,Sb,Courteau97,77.4835397024068,12.680018981407411,1.147961310625059e-10,4.054283915401741e-11,0.30557665751583474,0.0
UGC12631,Sb,Courteau97,77.4835397024068,13.25778944173757,8.902077676250292e-11,1.4260801912861046e-11,0.6812540613954812,0.0
UGC12631,Sb,Courteau97,77.4835397024068,14.090012347223233,1.1049807045422618e-10,3.3123662857017e-11,0.3217022910776731,0.0
UGC12631,Sb,Courteau97,77.4835397024068,14.475192654110005,1.166095112148214e-10,1.9380038249879273e-11,0.5367193959399459,0.0
UGC12666,Scd:,Courteau97/ShellFlow,67.92757166545937,0.3037742991185723,7.708053240144819e-11,9.016923407459883e-12,0.6444905759925252,0.0
UGC12666,Scd:,Courteau97/ShellFlow,67.92757166545937,0.8928262271834776,1.109121298103214e-10,2.2916866618630787e-11,0.616852470299582,0.0
UGC12666,Scd:,Courteau97/ShellFlow,67.92757166545937,1.4573767689622574,1.2148482654031302e-10,2.991217589863545e-11,0.5694841561340599,0.0
UGC12666,Scd:,Courteau97/ShellFlow,67.92757166545937,2.0219273107410367,1.1125813359392311e-10,3.185740212508941e-11,0.5317987482383332,0.0
UGC12666,Scd:,Courteau97/ShellFlow,67.92757166545937,2.586477852519817,1.0921825766657099e-10,3.43511989602267e-11,0.5144975557512164,0.0
UGC12666,Scd:,Courteau97/ShellFlow,67.92757166545937,3.151028394298596,1.0721147393717997e-10,3.331390906310278e-11,0.5034304432842613,0.0
UGC12666,Scd:,Courteau97/ShellFlow,67.92757166545937,3.76307287054448,8.837822308753485e-11,3.1059032641361245e-11,0.5074303300556696,0.0
UGC12666,Scd:,Courteau97/ShellFlow,67.92757166545937,4.372130306886771,9.030956376423795e-11,2.621407118789439e-11,0.49617757667281875,0.0
UGC12666,Scd:,Courteau97/ShellFlow,67.92757166545937,4.936680848665552,1.0152026126076003e-10,3.351094680876068e-11,0.4263504307912112,0.0
UGC12666,Scd:,Courteau97/ShellFlow,67.92757166545937,5.499672698712821,9.891867189487934e-11,3.361833678604589e-11,0.41102238075392106,0.0
UGC12666,Scd:,Courteau97/ShellFlow,67.92757166545937,6.045594973456477,8.233143852406859e-11,3.241226883250416e-11,0.39321685570396847,0.0
UGC12666,Scd:,Courteau97/ShellFlow,67.92757166545937,6.648314454221511,8.034052057113981e-11,2.868916540209854e-11,0.41264726273903624,0.0
UGC12666,Scd:,Courteau97/ShellFlow,67.92757166545937,7.22099280816873,9.724806405806727e-11,2.98309510711534e-11,0.3683678895601924,0.0
UGC12666,Scd:,Courteau97/ShellFlow,67.92757166545937,7.850653773495262,7.866065013695215e-11,2.8449959011122928e-11,0.3268507424454473,0.0
UGC12666,Scd:,Courteau97/ShellFlow,67.92757166545937,8.452032525925386,8.22089441982954e-11,1.4664391270219743e-11,0.5821783260373876,0.0
UGC12666,Scd:,Courteau97/ShellFlow,67.92757166545937,8.953074616633941,7.663930861657673e-11,2.5660498438440587e-11,0.35905988623192797,0.0
UGC12666,Scd:,Courteau97/ShellFlow,67.92757166545937,9.534166721612166,6.924186776901239e-11,3.157696270408479e-11,0.21403358978048062,0.0
UGC12666,Scd:,Courteau97/ShellFlow,67.92757166545937,10.083813593738636,6.587851154303346e-11,1.840518728836851e-11,0.4194225105481573,0.0
UGC12666,Scd:,Courteau97/ShellFlow,67.92757166545937,10.62089166573744,6.490117259809157e-11,2.8030820815302458e-11,0.19717747885079048,0.0
UGC12666,Scd:,Courteau97/ShellFlow,67.92757166545937,11.602140911933677,7.889810324397033e-11,2.4153373652038615e-11,0.17664950039333055,0.0
UGC12667,Scd: HII,Courteau97,51.2551343071332,0.12775102901607155,3.551214263930762e-11,1.2359589504438637e-11,0.2602009436554782,0.0
UGC12667,Scd: HII,Courteau97,51.2551343071332,0.4471286015562504,9.435648248900591e-11,3.971682933424633e-11,0.5265214950020152,0.0
UGC12667,Scd: HII,Courteau97,51.2551343071332,0.7665061740964294,1.7915797453548484e-10,5.91940091426555e-11,0.5110572973695205,0.0
UGC12667,Scd: HII,Courteau97,51.2551343071332,1.0858837466366082,2.0059392300927249e-10,6.898234968927509e-11,0.49886035523753686,0.0
UGC12667,Scd: HII,Courteau97,51.2551343071332,1.405261319176787,2.3102743331697356e-10,7.020776132188282e-11,0.47753230998109186,0.0
UGC12667,Scd: HII,Courteau97,51.2551343071332,1.724638891716966,1.5504966615417863e-10,6.905182922427436e-11,0.4913356005582679,0.0
UGC12667,Scd: HII,Courteau97,51.2551343071332,2.044016464257145,1.3096238581098918e-10,6.871805885149688e-11,0.4736997494767586,0.0
UGC12667,Scd: HII,Courteau97,51.2551343071332,2.299518522289288,1.1810944672601402e-10,6.896930831770672e-11,0.4672033621881044,0.0
UGC12667,Scd: HII,Courteau97,51.2551343071332,2.6200574678205224,1.0592032992689475e-10,6.78385185227041e-11,0.47630910298279344,0.0
UGC12667,Scd: HII,Courteau97,51.2551343071332,2.9599526298693433,1.0644121708496543e-10,6.444087345005612e-11,0.4715308120127384,0.0
UGC12667,Scd: HII,Courteau97,51.2551343071332,3.2576512399098245,1.1431340944583266e-10,6.308715401152308e-11,0.465745448796884,0.0
UGC12667,Scd: HII,Courteau97,51.2551343071332,3.5770288124500036,1.067043020220738e-10,6.091882909852889e-11,0.4653849428994274,0.0
UGC12667,Scd: HII,Courteau97,51.2551343071332,3.8964063849901827,1.3608877599612348e-10,6.23869012228739e-11,0.447240036127822,0.0
UGC12667,Scd: HII,Courteau97,51.2551343071332,4.215783957530361,1.3068030572854573e-10,6.976310691986175e-11,0.3835978341966856,0.0
UGC12667,Scd: HII,Courteau97,51.2551343071332,4.471286015562504,1.3045275589139627e-10,6.665744705811312e-11,0.284453186750411,0.0
UGC12667,Scd: HII,Courteau97,51.2551343071332,4.790431313504472,1.3483796389053493e-10,5.941094172834862e-11,0.390483058684677,0.0
UGC12667,Scd: HII,Courteau97,51.2551343071332,5.108879787651807,1.3890678925403426e-10,7.196000504951512e-11,0.28993063601399616,0.0
UGC12667,Scd: HII,Courteau97,51.2551343071332,5.428257360191986,1.2500984346436636e-10,6.713885205395404e-11,0.21840504035295652,0.0
UGC12667,Scd: HII,Courteau97,51.2551343071332,5.684920791215184,1.034805245084073e-10,6.314320632609429e-11,0.2784435854436621,0.0
UGC12667,Scd: HII,Courteau97,51.2551343071332,6.069335251254454,1.3882630810085802e-10,6.653104165183086e-11,0.19017318949047,0.0
UGC12701,Scd:,Courteau97,83.07309288472648,0.4667027646959009,1.218691084478234e-10,6.816433763840029e-12,0.744931726875607,0.0
UGC12701,Scd:,Courteau97,83.07309288472648,1.39424349375803,1.0432975979545778e-10,1.6969715033881063e-11,0.6658517029222735,0.0
UGC12701,Scd:,Courteau97,83.07309288472648,2.2331355101447166,1.2164604312938246e-10,2.2421771364316902e-11,0.6184909463620261,0.0
UGC12701,Scd:,Courteau97,83.07309288472648,3.072027526531404,8.816076207403336e-11,2.4879170837053897e-11,0.5568692971951147,0.0
UGC12701,Scd:,Courteau97,83.07309288472648,3.9995682555935326,9.148165811846253e-11,2.402951590926635e-11,0.5689826130908265,0.0
UGC12701,Scd:,Courteau97,83.07309288472648,4.932973784985334,6.691890130592876e-11,2.1355437024266216e-11,0.5625089515122375,0.0
UGC12701,Scd:,Courteau97,83.07309288472648,5.811791557462488,6.10845984508774e-11,2.4809918427375227e-11,0.496909243480726,0.0
UGC12701,Scd:,Courteau97,83.07309288472648,6.793920043439266,5.779666429576706e-11,3.1565294832639654e-11,0.3356944420530166,0.0
UGC12701,Scd:,Courteau97,83.07309288472648,7.601307555490915,6.639181034810175e-11,2.8215515780334944e-11,0.3573948162910861,0.0
UGC12701,Scd:,Courteau97,83.07309288472648,8.593812226666344,6.72934624195415e-11,1.9784338853198805e-11,0.4365108943433997,0.0
UGC12701,Scd:,Courteau97,83.07309288472648,9.399244805274769,7.79594478353332e-11,2.0138943186964482e-11,0.37714442000674187,0.0
UGC12701,Scd:,Courteau97,83.07309288472648,10.326785534336897,6.783870535127461e-11,1.852410880450276e-11,0.34867292255813864,0.0
UGC12701,Scd:,Courteau97,83.07309288472648,11.21586670739098,5.6317134606716267e-11,1.8736515607755076e-11,0.27721748768211907,0.0
UGC12701,Scd:,Courteau97,83.07309288472648,13.871380625893874,4.201694565201583e-11,1.129866245947421e-11,0.36029456235735763,0.0
UGC12701,Scd:,Courteau97,83.07309288472648,14.80185375512084,4.631566596382936e-11,1.1596433938325638e-11,0.314833032731863,0.0
UGC12701,Scd:,Courteau97,83.07309288472648,15.732326884347806,4.5143524920411665e-11,9.442811644170572e-12,0.33498652531389844,0.0
UGC12701,Scd:,Courteau97,83.07309288472648,16.66280001357477,3.409688581046291e-11,1.1187953637112698e-11,0.23431565527152995,0.0
UGC12701,Scd:,Courteau97,83.07309288472648,17.407178516956343,4.3507615386348114e-11,9.342441037523062e-12,0.26414796078912,0.0
UGC12701,Scd:,Courteau97,83.07309288472648,17.965462394492523,5.098945935298898e-11,8.65946636474495e-12,0.27641098814005377,0.0
UGC12810,(R')SAB(r)bc pec:,Courteau97,71.16826440579405,0.6751278597920152,3.02305492263949e-10,4.30738460142701e-11,0.6412390111471776,0.0
UGC12810,(R')SAB(r)bc pec:,Courteau97,71.16826440579405,1.6203068635008364,2.5474603563332214e-10,7.914873799127772e-11,0.5576332078647162,0.0
UGC12810,(R')SAB(r)bc pec:,Courteau97,71.16826440579405,4.590869446585703,2.1416032834938935e-10,6.930007058524087e-11,0.4949962664067809,0.0
UGC12810,(R')SAB(r)bc pec:,Courteau97,71.16826440579405,5.907368773180132,1.2088475992568695e-10,3.670872774550101e-11,0.6906746870486995,0.0
UGC12810,(R')SAB(r)bc pec:,Courteau97,71.16826440579405,7.257624492764162,1.3911194814472226e-10,3.23489367505741e-11,0.6819327977059418,0.0
UGC12810,(R')SAB(r)bc pec:,Courteau97,71.16826440579405,8.607880212348192,1.4826235767686762e-10,3.514240733516327e-11,0.6613852001793893,0.0
UGC12810,(R')SAB(r)bc pec:,Courteau97,71.16826440579405,9.958135931932222,1.436511730531736e-10,8.713474126539006e-11,0.2828475656404983,0.0
UGC12810,(R')SAB(r)bc pec:,Courteau97,71.16826440579405,11.308391651516253,1.325630505702777e-10,4.8993638163869704e-11,0.4486010257769175,0.0
UGC12810,(R')SAB(r)bc pec:,Courteau97,71.16826440579405,12.586312243265425,1.310878871530736e-10,3.88403748178606e-11,0.48444108021000143,0.0
UGC12810,(R')SAB(r)bc pec:,Courteau97,71.16826440579405,13.840121125736308,9.390444193349911e-11,4.190017501256914e-11,0.3709994748187377,0.0
UGC12810,(R')SAB(r)bc pec:,Courteau97,71.16826440579405,15.59545356119555,9.925319133077555e-11,2.5345770481142162e-11,0.4842489372863242,0.0
UGC12810,(R')SAB(r)bc pec:,Courteau97,71.16826440579405,16.709414529852374,1.051668396246583e-10,2.924368469504053e-11,0.35924543146055343,0.0
UGC12810,(R')SAB(r)bc pec:,Courteau97,71.16826440579405,18.059670249436405,9.989780375119418e-11,3.150252163405218e-11,0.27193343009859705,0.0
UGC12810,(R')SAB(r)bc pec:,Courteau97,71.16826440579405,19.072362039124428,1.1018145380608884e-10,3.399352116014838e-11,0.17211959560709925,0.0
UGC12810,(R')SAB(r)bc pec:,Courteau97,71.16826440579405,20.92896365355247,6.250655626239493e-11,2.4188197709612145e-11,0.19003376108086226,0.0
UGC12810,(R')SAB(r)bc pec:,Courteau97,71.16826440579405,21.997916098223158,5.91407532396744e-11,2.3429964957010828e-11,0.23090310452399346,0.0
UGC12810,(R')SAB(r)bc pec:,Courteau97,71.16826440579405,23.12312919787652,7.053610144385009e-11,2.8441665162202414e-11,0.1321431084982722,0.0
UGC12810,(R')SAB(r)bc pec:,Courteau97,71.16826440579405,25.148512777252563,4.548547119057527e-11,1.1095399283363733e-11,0.49422110031131705,0.0
UGC12810,(R')SAB(r)bc pec:,Courteau97,71.16826440579405,26.161204566940583,6.814180954037695e-11,1.9635035208819865e-11,0.1639050480096612,0.0
UGC12816,SAB(rs)cd:,Courteau97,62.29483437356452,0.26769323734031464,9.215066433350968e-11,1.2977429356338545e-11,0.6105133933243213,0.0
UGC12816,SAB(rs)cd:,Courteau97,62.29483437356452,0.7504507017671442,1.8271778873044655e-10,3.2964227853437024e-11,0.5505786337144339,0.0
UGC12816,SAB(rs)cd:,Courteau97,62.29483437356452,1.2332081661939738,1.9093785935053544e-10,4.608068781510374e-11,0.4967875224678468,0.0
UGC12816,SAB(rs)cd:,Courteau97,62.29483437356452,1.7153158897534726,1.7551496626928897e-10,5.292211290358365e-11,0.44255494484269736,0.0
UGC12816,SAB(rs)cd:,Courteau97,62.29483437356452,2.197423613312971,1.3793386134197346e-10,5.250546486266195e-11,0.41528882440453696,0.0
UGC12816,SAB(rs)cd:,Courteau97,62.29483437356452,2.6801810777398005,8.65948167477498e-11,4.8800535753528826e-11,0.4070490138195334,0.0
UGC12816,SAB(rs)cd:,Courteau97,62.29483437356452,3.1629385421666307,7.99781897268754e-11,4.2199664555750096e-11,0.3946178966947406,0.0
UGC12816,SAB(rs)cd:,Courteau97,62.29483437356452,3.6450462657261293,1.049141405832132e-10,3.951939998103286e-11,0.43408015092022867,0.0
UGC12816,SAB(rs)cd:,Courteau97,62.29483437356452,4.1271539892856275,8.089091651852225e-11,3.347339954523203e-11,0.4559550603871026,0.0
UGC12816,SAB(rs)cd:,Courteau97,62.29483437356452,4.609911453712457,1.086898968356218e-10,3.196821998880506e-11,0.4092260137236398,0.0
UGC12816,SAB(rs)cd:,Courteau97,62.29483437356452,5.092668918139287,1.091098246459793e-10,2.986933325097788e-11,0.3988687522151617,0.0
UGC12816,SAB(rs)cd:,Courteau97,62.29483437356452,5.557450218569962,9.194459734030613e-11,2.5918974032423598e-11,0.4521964218508651,0.0
UGC12816,SAB(rs)cd:,Courteau97,62.29483437356452,5.896398371027562,5.1003650910846705e-11,2.9145171640935865e-11,0.4127874425353898,0.0
UGC12816,SAB(rs)cd:,Courteau97,62.29483437356452,6.594869803408237,6.006968379488186e-11,2.2850148890134904e-11,0.46175010321636806,0.0
UGC12816,SAB(rs)cd:,Courteau97,62.29483437356452,7.04968841053984,7.62357285996393e-11,2.771429014265395e-11,0.3605523667184553,0.0
UGC12816,SAB(rs)cd:,Courteau97,62.29483437356452,7.521833440800266,9.001072054818507e-11,2.3967564951026877e-11,0.3390505871450307,0.0
UGC12816,SAB(rs)cd:,Courteau97,62.29483437356452,7.985315259496279,8.772394491562907e-11,1.8622644492900568e-11,0.46547662097769565,0.0
UGC12816,SAB(rs)cd:,Courteau97,62.29483437356452,8.521351475044238,4.2800172844996725e-11,2.3804833004323055e-11,0.33331467447084195,0.0
UGC12816,SAB(rs)cd:,Courteau97,62.29483437356452,8.950180447482607,6.322810779306962e-11,1.4274280374170559e-11,0.5158153676950193,0.0
UGC12816,SAB(rs)cd:,Courteau97,62.29483437356452,9.379009419920976,1.1576816075389444e-10,2.1133610810933133e-11,0.3433070888041994,0.0
UGC12816,SAB(rs)cd:,Courteau97,62.29483437356452,9.700631149249752,2.0210953551865239e-10,1.3913368245383566e-11,0.5002982606011988,0.0
UGC12818,S?,Courteau97,57.62267429059874,0.26489483790269797,3.1460703080487736e-11,1.0676200802647916e-11,0.647133163156565,0.0
UGC12818,S?,Courteau97,57.62267429059874,0.7880477844520397,2.539527214842988e-11,2.7793007173125535e-11,0.6248599791477728,0.0
UGC12818,S?,Courteau97,57.62267429059874,1.3688254090611591,3.6899764427606794e-11,3.83814243202145e-11,0.5836887518948506,0.0
UGC12818,S?,Courteau97,57.62267429059874,1.9496030336702788,5.1749219678050996e-11,4.46254773968012e-11,0.5372860792812129,0.0
UGC12818,S?,Courteau97,57.62267429059874,2.4727559802196204,6.450655067257618e-11,4.732326122324569e-11,0.5116896601370698,0.0
UGC12818,S?,Courteau97,57.62267429059874,3.002545656025016,8.392604797696582e-11,4.509395267124565e-11,0.5115536501725066,0.0
UGC12818,S?,Courteau97,57.62267429059874,3.5800049160061085,6.84380771051777e-11,4.5605292156763316e-11,0.48916782068375414,0.0
UGC12818,S?,Courteau97,57.62267429059874,4.157464175987201,8.845048299001434e-11,4.5084907528197695e-11,0.3880741098297109,0.0
UGC12818,S?,Courteau97,57.62267429059874,4.687253851792597,1.0329324805640917e-10,5.052440012982164e-11,0.3811671104124799,0.0
UGC12818,S?,Courteau97,57.62267429059874,5.210406798341938,1.1304776042608782e-10,4.5855364064608114e-11,0.3954553753588034,0.0
UGC12818,S?,Courteau97,57.62267429059874,5.791184422951058,7.09674904561714e-11,3.946059976120012e-11,0.42212365821312103,0.0
UGC12818,S?,Courteau97,57.62267429059874,6.371962047560177,4.453582996292148e-11,3.6886726010429835e-11,0.415541435579494,0.0
UGC12818,S?,Courteau97,57.62267429059874,6.895114994109518,5.5000039451346546e-11,4.151515276153625e-11,0.33644610681330495,0.0
UGC12818,S?,Courteau97,57.62267429059874,7.4232454876009015,6.495194240458928e-11,3.844653839350867e-11,0.29239903848607335,0.0
UGC12818,S?,Courteau97,57.62267429059874,7.836126624972729,4.076201742408237e-11,2.6681870194654005e-11,0.4638938055273621,0.0
UGC12818,S?,Courteau97,57.62267429059874,8.573186460621045,4.85204201022244e-11,2.7506225336501105e-11,0.40974895683542106,0.0
UGC12818,S?,Courteau97,57.62267429059874,9.099657771798414,6.178547382404754e-11,3.991796585465584e-11,0.21758429735289483,0.0
UGC12818,S?,Courteau97,57.62267429059874,9.626129082975783,6.969833559557476e-11,2.0902421677033326e-11,0.45319186262670424,0.0
UGC12818,S?,Courteau97,57.62267429059874,10.16089630572322,5.35169052940475e-11,3.3093952178133997e-11,0.21219609717352061,0.0
UGC12818,S?,Courteau97,57.62267429059874,10.80095779070613,2.4422324812116544e-11,2.730260774052239e-11,0.15568010421932976,0.0
UGC12818,S?,Courteau97,57.62267429059874,11.011546315177078,3.290704478623124e-11,3.2847734972053205e-11,0.14213274566270306,0.0
UGC12844,Scd:,Courteau97,72.87136407251538,0.5084611010108356,2.332166285579201e-11,6.735921098034848e-12,0.78088506877635,0.0
UGC12844,Scd:,Courteau97,72.87136407251538,1.4245470779498863,3.183702566284502e-11,1.5993486682207427e-11,0.713490235303302,0.0
UGC12844,Scd:,Courteau97,72.87136407251538,2.2784193296002715,9.386518177421483e-11,2.2907169399351144e-11,0.6483503954440443,0.0
UGC12844,Scd:,Courteau97,72.87136407251538,3.220253639735292,1.7718868033283036e-10,2.8603667207022942e-11,0.5882541551189744,0.0
UGC12844,Scd:,Courteau97,72.87136407251538,4.237175841756963,1.6028562834732986e-10,3.4358262468722925e-11,0.49384716424560304,0.0
UGC12844,Scd:,Courteau97,72.87136407251538,5.136598447035501,1.4360631542633202e-10,3.539759603546699e-11,0.454839777522422,0.0
UGC12844,Scd:,Courteau97,72.87136407251538,5.9665505635513005,1.2535698367604866e-10,2.059049744114796e-11,0.6103502193147882,0.0
UGC12844,Scd:,Courteau97,72.87136407251538,6.94896838048142,1.1879882262929192e-10,3.132854640693392e-11,0.45143285521655735,0.0
UGC12844,Scd:,Courteau97,72.87136407251538,7.796403548832813,1.383587082827159e-10,2.2911474425009172e-11,0.5364103354513902,0.0
UGC12844,Scd:,Courteau97,72.87136407251538,8.668148978579335,1.0232540723110075e-10,1.994530534979293e-11,0.5485389048676056,0.0
UGC12844,Scd:,Courteau97,72.87136407251538,9.531848054202118,5.7824660640278735e-11,2.103469849721622e-11,0.48114175316814795,0.0
UGC12844,Scd:,Courteau97,72.87136407251538,11.735179491915739,8.828065858413238e-11,1.587917108971673e-11,0.43763992949218794,0.0
UGC12844,Scd:,Courteau97,72.87136407251538,13.329795680217197,7.04388607296484e-11,2.127469401809186e-11,0.24036643798609006,0.0
UGC12844,Scd:,Courteau97,72.87136407251538,14.409137046356227,5.288741354196717e-11,1.7377236737391646e-11,0.2398907686887386,0.0
UGC12844,Scd:,Courteau97,72.87136407251538,15.27523290831374,4.7461652420894e-11,1.2282996379463373e-11,0.37619679418090013,0.0
UGC12844,Scd:,Courteau97,72.87136407251538,18.51466083872688,7.683835873795791e-11,9.37619603563133e-12,0.3807861800927115,0.0
UGC12859,Sbc,Courteau97,76.4630239077059,0.24977608280609895,8.932986277441113e-11,6.366914413395738e-12,0.6690588739950876,0.0
UGC12859,Sbc,Courteau97,76.4630239077059,1.867811317479941,1.958344846344993e-10,2.467632149980972e-11,0.6162855433453763,0.0
UGC12859,Sbc,Courteau97,76.4630239077059,2.387259939398347,1.0834524115778035e-10,2.615698043680239e-11,0.6137697695716174,0.0
UGC12859,Sbc,Courteau97,76.4630239077059,3.010598285700434,6.796275137537811e-11,2.4657116897163228e-11,0.6172182723473217,0.0
UGC12859,Sbc,Courteau97,76.4630239077059,3.3252057540865714,1.3811092887485658e-10,2.413900466117738e-11,0.6169880764759317,0.0
UGC12859,Sbc,Courteau97,76.4630239077059,3.9456058051535643,1.1544685112828728e-10,2.4700002052077705e-11,0.6215047500252219,0.0
UGC12859,Sbc,Courteau97,76.4630239077059,4.465054427071971,7.467943592557915e-11,2.3842522821562687e-11,0.5895724489877204,0.0
UGC12859,Sbc,Courteau97,76.4630239077059,4.984503048990376,9.517558233570736e-11,2.9548678206857654e-11,0.4966992402215324,0.0
UGC12859,Sbc,Courteau97,76.4630239077059,5.506155392335103,1.24181948727425e-10,3.2600514046240755e-11,0.45799045890651474,0.0
UGC12859,Sbc,Courteau97,76.4630239077059,5.983607380214773,1.5528054110181797e-10,2.5575591758166082e-11,0.5008226163886277,0.0
UGC12859,Sbc,Courteau97,76.4630239077059,6.48315954582697,1.2395020269773855e-10,1.917929812780674e-11,0.6377165740679454,0.0
UGC12859,Sbc,Courteau97,76.4630239077059,7.022504624051583,1.1963739717277236e-10,2.4836126393532357e-11,0.5544867823089018,0.0
UGC12859,Sbc,Courteau97,76.4630239077059,7.5220567896637816,1.2695197249991913e-10,4.207419527554852e-11,0.32439757963050864,0.0
UGC12859,Sbc,Courteau97,76.4630239077059,8.061401867888396,1.2469745328092128e-10,4.311337924113752e-11,0.21591625829955904,0.0
UGC12859,Sbc,Courteau97,76.4630239077059,8.62064340241922,1.0767099976103536e-10,2.6554405550024415e-11,0.4125784487917069,0.0
UGC12859,Sbc,Courteau97,76.4630239077059,9.140092024337624,1.254132310403794e-10,3.618173606057791e-11,0.22755727332764333,0.0
UGC12859,Sbc,Courteau97,76.4630239077059,9.65954064625603,1.0902887126694237e-10,2.7534575715261866e-11,0.2234958450848841,0.0
UGC12859,Sbc,Courteau97,76.4630239077059,9.971209819407074,8.294408629485938e-11,3.182859463355117e-11,0.20368793321525575,0.0
UGC12859,Sbc,Courteau97,76.4630239077059,10.386768716941798,8.313632937596592e-11,2.0951122471465495e-11,0.35413813985267567,0.0
UGC12866,Scd:,Mathewson96,82.00658203468696,0.3259186560977384,2.2613173804401622e-11,1.846776576277384e-12,0.7939592974552413,0.0
UGC12866,Scd:,Mathewson96,82.00658203468696,1.009888793542288,2.5745939715397392e-11,4.868319132233101e-12,0.7524428880395505,0.0
UGC12866,Scd:,Mathewson96,82.00658203468696,1.6938589309868377,5.132889351352357e-11,7.106074425294204e-12,0.7004357813546823,0.0
UGC12866,Scd:,Mathewson96,82.00658203468696,2.3456962431823145,6.976583604660566e-11,8.898910626790864e-12,0.6538444804882555,0.0
UGC12866,Scd:,Mathewson96,82.00658203468696,3.029666380626864,6.431469379913091e-11,9.696935372280098e-12,0.6278355632930076,0.0
UGC12866,Scd:,Mathewson96,82.00658203468696,3.7136365180714135,7.64817011900304e-11,1.0345285118034356e-11,0.5832337206515702,0.0
UGC12866,Scd:,Mathewson96,82.00658203468696,4.3654738302668905,6.763156217437973e-11,1.0957911397231717e-11,0.5784290237288122,0.0
UGC12866,Scd:,Mathewson96,82.00658203468696,5.04944396771144,8.149563019265336e-11,1.3055297946830386e-11,0.468509877871555,0.0
UGC12866,Scd:,Mathewson96,82.00658203468696,5.7334141051559895,9.842364125696584e-11,1.2281764686637882e-11,0.49740725927291124,0.0
UGC12866,Scd:,Mathewson96,82.00658203468696,6.3852514173514665,7.886439300788586e-11,1.0408701516671568e-11,0.5316649180821779,0.0
UGC12866,Scd:,Mathewson96,82.00658203468696,7.069221554796016,6.055574544930784e-11,9.162176982291256e-12,0.5525462232303407,0.0
UGC12866,Scd:,Mathewson96,82.00658203468696,7.753191692240566,7.204761928853868e-11,9.250935313171438e-12,0.5239692641259442,0.0
UGC12866,Scd:,Mathewson96,82.00658203468696,8.405029004436042,4.6922879169191043e-11,1.069792616967783e-11,0.44174874554212923,0.0
UGC12866,Scd:,Mathewson96,82.00658203468696,9.088999141880592,5.569568895754363e-11,1.1954570237720604e-11,0.3662214455567325,0.0
UGC12866,Scd:,Mathewson96,82.00658203468696,9.772969279325142,5.825874576215435e-11,1.0265544812400005e-11,0.3498263893968962,0.0
UGC12866,Scd:,Mathewson96,82.00658203468696,11.108776728965168,3.940413234285751e-11,9.601194789382984e-12,0.36295521159433997,0.0
UGC12866,Scd:,Mathewson96,82.00658203468696,11.792746866409717,2.665967707358214e-11,8.38633929435857e-12,0.3346268023879583,0.0
UGC12866,Scd:,Mathewson96,82.00658203468696,12.444584178605195,2.007578327019327e-12,7.441181623485576e-12,0.4083282460275167,0.0
UGC12866,Scd:,Mathewson96,82.00658203468696,13.454472972147483,3.7320822361566284e-11,8.154718148264887e-12,0.31847200583475793,0.0
VCC1456,SB?,Mathewson96,52.35217113237374,0.15757618500472695,4.744111623395862e-12,3.2062481875360556e-12,0.5559845536488512,0.0
VCC1456,SB?,Mathewson96,52.35217113237374,0.4578100996291179,1.995872426102925e-11,8.974764457747285e-12,0.6591816352172956,0.0
VCC1456,SB?,Mathewson96,52.35217113237374,0.7729624696385717,5.246387142655627e-11,1.3976624383595934e-11,0.6251039195786976,0.0
VCC1456,SB?,Mathewson96,52.35217113237374,1.0731963842629626,6.112847248172769e-11,1.734902910921354e-11,0.6075581035853254,0.0
VCC1456,SB?,Mathewson96,52.35217113237374,1.3883487542724164,2.1345745022991673e-10,1.9348502370380172e-11,0.5757763412931539,0.0
VCC1456,SB?,Mathewson96,52.35217113237374,1.6885826688968075,8.687455899324618e-11,2.11411097136051e-11,0.5520126083170126,0.0
VCC1456,SB?,Mathewson96,52.35217113237374,2.153851996218457,9.556508395617454e-11,2.332314614766188e-11,0.5316468604589468,0.0
VCC1456,SB?,Mathewson96,52.35217113237374,2.619121323540106,1.1229894647596624e-10,2.3728003810767704e-11,0.5155002638343693,0.0
VCC1456,SB?,Mathewson96,52.35217113237374,2.9193552381644974,7.115849766579431e-11,2.2952582138443067e-11,0.5163618534268146,0.0
VCC1456,SB?,Mathewson96,52.35217113237374,3.234507608173951,8.129007762627659e-11,2.22921799806956e-11,0.5138722137126815,0.0
VCC1456,SB?,Mathewson96,52.35217113237374,3.534741522798342,6.273789927108812e-11,2.2431249767843765e-11,0.501929674859302,0.0
VCC1456,SB?,Mathewson96,52.35217113237374,3.849893892807796,8.367705685542819e-11,2.3727168715899144e-11,0.47325125456739137,0.0
VCC1456,SB?,Mathewson96,52.35217113237374,4.150127807432186,4.3874617165230506e-11,2.5875086643772633e-11,0.4125367690302897,0.0
VCC1456,SB?,Mathewson96,52.35217113237374,4.465280177441641,7.85937268859046e-11,2.3952892538329958e-11,0.3855816809867641,0.0
VCC1456,SB?,Mathewson96,52.35217113237374,4.765514092066032,9.817675566325956e-11,2.0941617712480738e-11,0.459816720152548,0.0
VCC1456,SB?,Mathewson96,52.35217113237374,5.080666462075486,5.97936452672718e-11,2.4702492281983764e-11,0.37732163892208087,0.0
VCC1456,SB?,Mathewson96,52.35217113237374,5.380900376699876,7.12751029310122e-11,2.1732394492325546e-11,0.34139394090654174,0.0
VCC1456,SB?,Mathewson96,52.35217113237374,5.696052746709331,6.768266519325182e-11,2.0734910802727674e-11,0.4041957341785185,0.0
VCC1456,SB?,Mathewson96,52.35217113237374,5.996286661333721,6.718457847933513e-11,2.3236960112246737e-11,0.30573090860752977,0.0
VCC1456,SB?,Mathewson96,52.35217113237374,6.611672945967566,6.112157370852047e-11,2.1850097313137837e-11,0.28825784275664756,0.0
WISEAJ011324.26+151427.8,Sc:,SCII,47.37518328335558,0.8950827576176277,2.287528113262038e-10,2.912657028947604e-11,0.7362757222656859,0.0
WISEAJ011324.26+151427.8,Sc:,SCII,47.37518328335558,1.61114896371173,3.184285598376427e-10,4.896812140608682e-11,0.6520888149197447,0.0
WISEAJ011324.26+151427.8,Sc:,SCII,47.37518328335558,2.2591276779870553,3.0956919110158915e-10,6.704897338856181e-11,0.593465371132107,0.0
WISEAJ011324.26+151427.8,Sc:,SCII,47.37518328335558,2.7533357646716596,2.8551456776039176e-10,8.236801297096227e-11,0.5240821594974241,0.0
WISEAJ011324.26+151427.8,Sc:,SCII,47.37518328335558,3.4013144789469854,2.554452533856661e-10,9.145756921170505e-11,0.44464037580865984,0.0
WISEAJ011324.26+151427.8,Sc:,SCII,47.37518328335558,4.117380685041088,2.2952122206363076e-10,8.46317976938924e-11,0.4187716531321485,0.0
WISEAJ011324.26+151427.8,Sc:,SCII,47.37518328335558,4.765359399316413,2.1159091287858666e-10,9.116290775806558e-11,0.3352998225061287,0.0
WISEAJ011324.26+151427.8,Sc:,SCII,47.37518328335558,5.259567486001018,1.9714276950476352e-10,8.526908417630455e-11,0.33250713866751336,0.0
WISEAJ011324.26+151427.8,Sc:,SCII,47.37518328335558,5.907546200276343,1.7612938246800908e-10,6.857974088299816e-11,0.38167786517406244,0.0
WISEAJ011324.26+151427.8,Sc:,SCII,47.37518328335558,6.623612406370445,1.549766886759328e-10,5.445570234619811e-11,0.41284856609657833,0.0
WISEAJ011324.26+151427.8,Sc:,SCII,47.37518328335558,7.271591120645771,1.4083699292350455e-10,5.1881905743183614e-11,0.38436408804240785,0.0
WISEAJ011324.26+151427.8,Sc:,SCII,47.37518328335558,7.765799207330375,1.2444011636239227e-10,6.293398442706448e-11,0.26167165085002725,0.0
WISEAJ011324.26+151427.8,Sc:,SCII,47.37518328335558,8.439023845538507,1.1277566163497614e-10,6.1134812099973e-11,0.2124875070768678,0.0
WISEAJ011324.26+151427.8,Sc:,SCII,47.37518328335558,9.19793161951858,1.0899977155368115e-10,5.5548873931719085e-11,0.18904316580577116,0.0
WISEAJ011324.26+151427.8,Sc:,SCII,47.37518328335558,9.777822841975128,1.0732519995943729e-10,3.371161945645676e-11,0.3703435807499298,0.0
WISEAJ011324.26+151427.8,Sc:,SCII,47.37518328335558,10.272030928659733,1.0372041896190379e-10,4.6054019546890086e-11,0.19159337608734842,0.0
WISEAJ011324.26+151427.8,Sc:,SCII,47.37518328335558,10.920009642935058,9.122608280995167e-11,3.224921101169961e-11,0.25594993322692233,0.0
WISEAJ011324.26+151427.8,Sc:,SCII,47.37518328335558,11.636075849029162,7.974117661297158e-11,3.2241528209437704e-11,0.23517170049315392,0.0
WISEAJ011324.26+151427.8,Sc:,SCII,47.37518328335558,12.377387979056067,7.416085279174438e-11,3.343108406266605e-11,0.16662544432372106,0.0
WISEAJ104117.53+062128.5,Extended Src [SDSS],Mathewson96,71.18288569074187,0.2689920582745497,7.905685925718902e-12,3.569129224217047e-12,0.708020042240511,0.0
WISEAJ104117.53+062128.5,Extended Src [SDSS],Mathewson96,71.18288569074187,0.5466347034155091,7.59049054855711e-12,6.942386379877794e-12,0.7165527053493357,0.0
WISEAJ104117.53+062128.5,Extended Src [SDSS],Mathewson96,71.18288569074187,1.0846188199646085,3.7295970757943026e-11,1.2319792173007084e-11,0.6545461210733059,0.0
WISEAJ104117.53+062128.5,Extended Src [SDSS],Mathewson96,71.18288569074187,1.3622614651055678,8.143890779575825e-11,1.4460377215412784e-11,0.6190682464278934,0.0
WISEAJ104117.53+062128.5,Extended Src [SDSS],Mathewson96,71.18288569074187,1.9002455816546675,1.1210177453423016e-10,1.711498393413096e-11,0.5814283224613136,0.0
WISEAJ104117.53+062128.5,Extended Src [SDSS],Mathewson96,71.18288569074187,2.715872343344726,7.7935705474485e-11,1.9120455608005417e-11,0.5219671348199851,0.0
WISEAJ104117.53+062128.5,Extended Src [SDSS],Mathewson96,71.18288569074187,2.9935149884856855,8.437922270110372e-11,1.9638927186406913e-11,0.5018125729171047,0.0
WISEAJ104117.53+062128.5,Extended Src [SDSS],Mathewson96,71.18288569074187,3.531499105034785,6.43589266621496e-11,1.9684512118134003e-11,0.5063648018162196,0.0
WISEAJ104117.53+062128.5,Extended Src [SDSS],Mathewson96,71.18288569074187,3.809141750175744,7.513834192980716e-11,2.0318500656624957e-11,0.4851604912927282,0.0
WISEAJ104117.53+062128.5,Extended Src [SDSS],Mathewson96,71.18288569074187,4.485947189295324,6.363632708471193e-11,1.889801309837559e-11,0.4519743290757462,0.0
WISEAJ104117.53+062128.5,Extended Src [SDSS],Mathewson96,71.18288569074187,5.301573950985382,5.964092697637343e-11,1.4729127916189263e-11,0.5084124004490895,0.0
WISEAJ104117.53+062128.5,Extended Src [SDSS],Mathewson96,71.18288569074187,5.978379390104961,5.880581036496486e-11,1.824739304334635e-11,0.4041120840571906,0.0
WISEAJ104117.53+062128.5,Extended Src [SDSS],Mathewson96,71.18288569074187,7.07164879693598,7.388162483629549e-11,1.1878198074966659e-11,0.505814453044616,0.0
WISEAJ104117.53+062128.5,Extended Src [SDSS],Mathewson96,71.18288569074187,7.609632913485078,3.3142170867912175e-11,1.1933636569327177e-11,0.5058198412073813,0.0
WISEAJ104117.53+062128.5,Extended Src [SDSS],Mathewson96,71.18288569074187,7.887275558626038,7.736366160824212e-11,1.4401406342159718e-11,0.3759001269620095,0.0
WISEAJ110953.64+222656.7,Sc,SCII,80.05310386286752,0.15715643468353815,1.2261524339729436e-11,1.3356692307513249e-12,0.6891906010322129,0.0
WISEAJ110953.64+222656.7,Sc,SCII,80.05310386286752,0.5070028361573704,3.9399173173146016e-11,5.336798262195539e-12,0.6824905229890019,0.0
WISEAJ110953.64+222656.7,Sc,SCII,80.05310386286752,0.8568492376312026,6.342044669730898e-11,8.373206561736532e-12,0.6497835239313174,0.0
WISEAJ110953.64+222656.7,Sc,SCII,80.05310386286752,1.171162106998279,7.402644282997205e-11,1.0606234696823338e-11,0.6157500271261765,0.0
WISEAJ110953.64+222656.7,Sc,SCII,80.05310386286752,1.5210085084721112,8.061524581476449e-11,1.2876802097105621e-11,0.5748768314417938,0.0
WISEAJ110953.64+222656.7,Sc,SCII,80.05310386286752,1.870854909945943,7.509230594344102e-11,1.4844424686947906e-11,0.5295915324590719,0.0
WISEAJ110953.64+222656.7,Sc,SCII,80.05310386286752,2.1851677793130198,7.270022479011159e-11,1.626841941665636e-11,0.483012659452926,0.0
WISEAJ110953.64+222656.7,Sc,SCII,80.05310386286752,2.5350141807868516,6.366165427004893e-11,1.7115977388743493e-11,0.46259027887060206,0.0
WISEAJ110953.64+222656.7,Sc,SCII,80.05310386286752,2.884860582260684,6.080495895331253e-11,1.7970016128709988e-11,0.3851998933080135,0.0
WISEAJ110953.64+222656.7,Sc,SCII,80.05310386286752,3.1991734516277606,5.743534212885258e-11,1.8743091279505417e-11,0.35918271030447163,0.0
WISEAJ110953.64+222656.7,Sc,SCII,80.05310386286752,3.549019853101593,5.415218868166989e-11,1.915792565669291e-11,0.3299142134749253,0.0
WISEAJ110953.64+222656.7,Sc,SCII,80.05310386286752,3.898866254575425,5.2483593864982245e-11,1.8316709977042683e-11,0.3096366236528506,0.0
WISEAJ110953.64+222656.7,Sc,SCII,80.05310386286752,4.213179123942502,4.757729220493932e-11,1.657979083189789e-11,0.29467551414099785,0.0
WISEAJ110953.64+222656.7,Sc,SCII,80.05310386286752,4.563025525416333,4.9446047628531076e-11,1.5604611723482235e-11,0.3164444150891029,0.0
WISEAJ110953.64+222656.7,Sc,SCII,80.05310386286752,4.9128719268901655,4.971714623803682e-11,1.5904766440416277e-11,0.27705223279905694,0.0
WISEAJ110953.64+222656.7,Sc,SCII,80.05310386286752,5.227184796257242,4.974790913678202e-11,1.5542191043464955e-11,0.23237975077422174,0.0
WISEAJ110953.64+222656.7,Sc,SCII,80.05310386286752,5.577031197731074,4.5675254838809393e-11,1.2458547137270268e-11,0.28259831146097253,0.0
WISEAJ110953.64+222656.7,Sc,SCII,80.05310386286752,5.926877599204906,3.9088525885253544e-11,1.1617556799650438e-11,0.30071399737346777,0.0
WISEAJ110953.64+222656.7,Sc,SCII,80.05310386286752,6.241190468571983,3.785207740118721e-11,1.3309658595578088e-11,0.1419812803579285,0.0
WISEAJ110953.64+222656.7,Sc,SCII,80.05310386286752,6.579192359343563,3.621663680973418e-11,1.3447748993759469e-11,0.13924882395489102,0.0
WISEAJ151202.59+065553.8,Sb,SCII,67.69066919959688,0.41583172132935786,1.1257483078765078e-10,3.0385987816021147e-12,0.7966483019736766,0.0
WISEAJ151202.59+065553.8,Sb,SCII,67.69066919959688,1.2474951639880736,1.497339030869184e-10,8.71299509376263e-12,0.7265634545604372,0.0
WISEAJ151202.59+065553.8,Sb,SCII,67.69066919959688,2.0791586066467893,1.2472825506324584e-10,1.3090776415540022e-11,0.6422938284867755,0.0
WISEAJ151202.59+065553.8,Sb,SCII,67.69066919959688,2.9108220493055046,1.268051173923453e-10,1.6203445215695085e-11,0.6126082174133707,0.0
WISEAJ151202.59+065553.8,Sb,SCII,67.69066919959688,3.7424854919642208,1.1667058381414787e-10,1.9919369432189257e-11,0.5174472005000569,0.0
WISEAJ151202.59+065553.8,Sb,SCII,67.69066919959688,4.5741489346229365,1.0416369738145221e-10,2.241299008860434e-11,0.4556720234290032,0.0
WISEAJ151202.59+065553.8,Sb,SCII,67.69066919959688,5.332952973117107,9.00673706445107e-11,1.683272897626715e-11,0.4936945163994382,0.0
WISEAJ151202.59+065553.8,Sb,SCII,67.69066919959688,5.894503502775556,8.024457185905494e-11,1.6616955346173312e-11,0.4596400425268719,0.0
WISEAJ151202.59+065553.8,Sb,SCII,67.69066919959688,6.653307541269726,7.576008995040255e-11,2.1182184876178186e-11,0.36173680348956605,0.0
WISEAJ151202.59+065553.8,Sb,SCII,67.69066919959688,7.4849709839284415,7.458649100382776e-11,1.7641118565419155e-11,0.4004582840168244,0.0
WISEAJ151202.59+065553.8,Sb,SCII,67.69066919959688,8.316634426587157,6.716905136801949e-11,1.4401568933094916e-11,0.4375248012156284,0.0
WISEAJ151202.59+065553.8,Sb,SCII,67.69066919959688,9.148297869245873,6.141129828248662e-11,1.3762421579961566e-11,0.4127616908336267,0.0
WISEAJ151202.59+065553.8,Sb,SCII,67.69066919959688,9.907101907740044,6.491537271827831e-11,1.486514200903928e-11,0.33896604662255486,0.0
WISEAJ151202.59+065553.8,Sb,SCII,67.69066919959688,10.800962402734347,6.159177264163979e-11,1.4540592268420217e-11,0.29728206559916925,0.0
WISEAJ151202.59+065553.8,Sb,SCII,67.69066919959688,11.64328819722202,5.2961197213481807e-11,1.2326180254885123e-11,0.30078578490867103,0.0
WISEAJ151202.59+065553.8,Sb,SCII,67.69066919959688,12.474951639880736,5.736535712593698e-11,8.176630137546285e-12,0.46182180627568864,0.0
WISEAJ151202.59+065553.8,Sb,SCII,67.69066919959688,13.306615082539452,6.530509235301674e-11,9.612640122562497e-12,0.3558679808238747,0.0
WISEAJ151202.59+065553.8,Sb,SCII,67.69066919959688,14.138278525198167,5.7413194418150166e-11,1.0471456985186182e-11,0.2917216117727908,0.0
WISEAJ151202.59+065553.8,Sb,SCII,67.69066919959688,14.904190798244976,5.2020267902604896e-11,7.703863234630471e-12,0.3786392945591739,0.0
WISEAJ151202.59+065553.8,Sb,SCII,67.69066919959688,15.812267762344558,4.678823535738717e-11,8.779291670069887e-12,0.29610668273181967,0.0
WISEAJ151348.75+070916.2,Sc,SCII,78.72022171327353,0.5627843793178677,1.8003893966454748e-11,2.618645377494466e-12,0.7945384335789915,0.0
WISEAJ151348.75+070916.2,Sc,SCII,78.72022171327353,1.6883531379536032,4.149744709393827e-11,6.193601624412779e-12,0.7113231616098676,0.0
WISEAJ151348.75+070916.2,Sc,SCII,78.72022171327353,2.813921896589339,5.370306426905131e-11,9.328313295786519e-12,0.6365204294621288,0.0
WISEAJ151348.75+070916.2,Sc,SCII,78.72022171327353,3.939490655225074,6.218901952650698e-11,9.212997761706827e-12,0.6294624242506995,0.0
WISEAJ151348.75+070916.2,Sc,SCII,78.72022171327353,5.065059413860809,6.129197811022362e-11,1.156569914934996e-11,0.5511727986248195,0.0
WISEAJ151348.75+070916.2,Sc,SCII,78.72022171327353,6.294160341585546,4.6829501652304257e-11,7.758849156532115e-12,0.6461972015262545,0.0
WISEAJ151348.75+070916.2,Sc,SCII,78.72022171327353,7.503791724238236,3.804852205179105e-11,9.699446148238528e-12,0.5257327032213349,0.0
WISEAJ151348.75+070916.2,Sc,SCII,78.72022171327353,8.713423106890927,3.9152448264503744e-11,1.2093091016862532e-11,0.3966686695859875,0.0
WISEAJ151348.75+070916.2,Sc,SCII,78.72022171327353,9.942524034615664,3.3531387278053246e-11,9.159531393258143e-12,0.4774077840000112,0.0
WISEAJ151348.75+070916.2,Sc,SCII,78.72022171327353,11.068092793251397,2.862888722692944e-11,7.290250833089713e-12,0.5207568781148635,0.0
WISEAJ151348.75+070916.2,Sc,SCII,78.72022171327353,12.193661551887134,3.237743701774397e-11,6.76508267007863e-12,0.5082875424216439,0.0
WISEAJ151348.75+070916.2,Sc,SCII,78.72022171327353,13.31923031052287,3.848875922233258e-11,6.6142750553984815e-12,0.47562164604906765,0.0
WISEAJ151348.75+070916.2,Sc,SCII,78.72022171327353,14.439668271398443,3.2727273562564135e-11,6.84368055499088e-12,0.424216989714515,0.0
WISEAJ151348.75+070916.2,Sc,SCII,78.72022171327353,15.596021816595156,3.8448417148367345e-11,6.944400519759974e-12,0.3801681676737099,0.0
WISEAJ151348.75+070916.2,Sc,SCII,78.72022171327353,16.34640098901898,3.7573130015852396e-11,5.23000184058863e-12,0.4713506383948175,0.0
WISEAJ151348.75+070916.2,Sc,SCII,78.72022171327353,19.347917678714275,1.4414880739140083e-11,4.975428471588153e-12,0.4384114283463303,0.0
WISEAJ151348.75+070916.2,Sc,SCII,78.72022171327353,20.285891644244053,1.3008009337918964e-11,3.477678031610649e-12,0.5547574208266093,0.0
WISEAJ151348.75+070916.2,Sc,SCII,78.72022171327353,21.03627081666788,1.1121756409484489e-11,4.404129471536024e-12,0.4473845387792907,0.0
WISEAJ151348.75+070916.2,Sc,SCII,78.72022171327353,22.34943436840957,8.822212317596966e-12,3.387177318426459e-12,0.5376541503012242,0.0
WISEAJ151348.75+070916.2,Sc,SCII,78.72022171327353,23.09981354083339,9.35411996324737e-12,4.49102407941408e-12,0.4183298474056462,0.0
WISEAJ152051.60+083723.5,Sc,SCII,61.00736647448829,0.2544250978110683,2.1648621346855174e-11,1.8838642073149407e-12,0.7715214948730569,0.0
WISEAJ152051.60+083723.5,Sc,SCII,61.00736647448829,0.7632752934332049,6.613165147091519e-11,5.887253366639061e-12,0.7115469406868504,0.0
WISEAJ152051.60+083723.5,Sc,SCII,61.00736647448829,1.210693788088139,9.877365220927688e-11,8.451072074752224e-12,0.6729346216601123,0.0
WISEAJ152051.60+083723.5,Sc,SCII,61.00736647448829,1.653763135771944,9.72528043593128e-11,1.0512551690592545e-11,0.6266245923221323,0.0
WISEAJ152051.60+083723.5,Sc,SCII,61.00736647448829,2.1626133313940805,9.126759249154883e-11,1.2656617824791906e-11,0.5848957782858301,0.0
WISEAJ152051.60+083723.5,Sc,SCII,61.00736647448829,2.6056826790778853,8.539301289362473e-11,1.4324707747179174e-11,0.5423745679580145,0.0
WISEAJ152051.60+083723.5,Sc,SCII,61.00736647448829,3.0531011737328195,8.931938831529349e-11,1.56739814794616e-11,0.4879013523976112,0.0
WISEAJ152051.60+083723.5,Sc,SCII,61.00736647448829,3.561951369354956,8.947014505257626e-11,1.444519997722061e-11,0.4911773704910792,0.0
WISEAJ152051.60+083723.5,Sc,SCII,61.00736647448829,4.070801564977093,8.311287125346646e-11,1.612150521500319e-11,0.4265506423696276,0.0
WISEAJ152051.60+083723.5,Sc,SCII,61.00736647448829,4.518220059632028,8.285734604819646e-11,1.5921484484811108e-11,0.4155294694389591,0.0
WISEAJ152051.60+083723.5,Sc,SCII,61.00736647448829,4.961289407315832,8.425683199549645e-11,1.5754102100895145e-11,0.39230491991203703,0.0
WISEAJ152051.60+083723.5,Sc,SCII,61.00736647448829,5.4701396029379685,7.840425459527555e-11,1.549633596536328e-11,0.3673276886490382,0.0
WISEAJ152051.60+083723.5,Sc,SCII,61.00736647448829,5.913208950621773,7.603689304764162e-11,1.4467249092617909e-11,0.34089954185708177,0.0
WISEAJ152051.60+083723.5,Sc,SCII,61.00736647448829,6.360627445276708,6.689992007149607e-11,1.0985242177623403e-11,0.427225452031891,0.0
WISEAJ152051.60+083723.5,Sc,SCII,61.00736647448829,6.869477640898844,5.71784613025254e-11,1.0545134354849108e-11,0.4289783651813694,0.0
WISEAJ152051.60+083723.5,Sc,SCII,61.00736647448829,7.316896135553779,5.021445245037762e-11,1.2488275455933701e-11,0.32966736098664323,0.0
WISEAJ152051.60+083723.5,Sc,SCII,61.00736647448829,7.830095478147045,4.885745422024473e-11,1.0990370239605889e-11,0.3081921288823315,0.0
WISEAJ152051.60+083723.5,Sc,SCII,61.00736647448829,8.338945673769182,5.422504360586059e-11,8.487240248546197e-12,0.41824304912818666,0.0
WISEAJ152051.60+083723.5,Sc,SCII,61.00736647448829,8.847795869391318,4.4536440333967634e-11,9.801585897063787e-12,0.32915362619871597,0.0
WISEAJ152051.60+083723.5,Sc,SCII,61.00736647448829,9.22943351610792,5.2076969876338894e-11,6.92873405940318e-12,0.4479923703870139,0.0
WISEAJ152051.60+083723.5,Sc,SCII,61.00736647448829,9.483858613918988,5.617464285508132e-11,8.262664321995114e-12,0.34448531717033837,0.0
WISEAJ232508.27+151758.3,Sc,SCII,48.77236039755158,0.43435795854846926,3.3562407515804845e-11,3.4658460072837744e-12,0.8264133745604039,0.0
WISEAJ232508.27+151758.3,Sc,SCII,48.77236039755158,1.3277738427750712,6.56836753711759e-11,1.208296494721431e-11,0.714327818062283,0.0
WISEAJ232508.27+151758.3,Sc,SCII,48.77236039755158,2.1964897598720095,6.625217234111948e-11,1.692477379204128e-11,0.6530229314588625,0.0
WISEAJ232508.27+151758.3,Sc,SCII,48.77236039755158,3.0899056440986117,6.820332037887418e-11,1.910343179996687e-11,0.5944564901891194,0.0
WISEAJ232508.27+151758.3,Sc,SCII,48.77236039755158,3.9586215611955504,7.802093143440247e-11,1.9646282559337485e-11,0.603051509704633,0.0
WISEAJ232508.27+151758.3,Sc,SCII,48.77236039755158,4.852037445422152,7.753502267291452e-11,1.891173670028785e-11,0.5954956239559284,0.0
WISEAJ232508.27+151758.3,Sc,SCII,48.77236039755158,5.7207533625190905,8.281377437484478e-11,2.4956816613933794e-11,0.47506788550087076,0.0
WISEAJ232508.27+151758.3,Sc,SCII,48.77236039755158,6.614169246745692,8.392178561647984e-11,1.578966771231595e-11,0.5779519080444587,0.0
WISEAJ232508.27+151758.3,Sc,SCII,48.77236039755158,7.48288516384263,6.754608143417034e-11,2.534510830588684e-11,0.3801312678841101,0.0
WISEAJ232508.27+151758.3,Sc,SCII,48.77236039755158,8.376301048069232,6.201539484531414e-11,2.300898132499869e-11,0.39056563242467535,0.0
WISEAJ232508.27+151758.3,Sc,SCII,48.77236039755158,9.24501696516617,5.40554959482581e-11,2.0174884754489323e-11,0.41192076881500567,0.0
WISEAJ232508.27+151758.3,Sc,SCII,48.77236039755158,10.138432849392773,4.5689176523133546e-11,2.003021448779129e-11,0.37515194177885824,0.0
WISEAJ232508.27+151758.3,Sc,SCII,48.77236039755158,11.007148766489712,4.3752860638337554e-11,2.1476092190016143e-11,0.32753460732219564,0.0
WISEAJ232508.27+151758.3,Sc,SCII,48.77236039755158,11.766622552541635,4.4038178685189166e-11,8.183035515741322e-12,0.6425847643645632,0.0
WISEAJ232508.27+151758.3,Sc,SCII,48.77236039755158,12.568367420551233,4.400851030237074e-11,1.2999353928542228e-11,0.4459480771263139,0.0
WISEAJ232508.27+151758.3,Sc,SCII,48.77236039755158,14.74467549996364,4.139985177944226e-11,1.6013703605336214e-11,0.270178979522497,0.0
WISEAJ232508.27+151758.3,Sc,SCII,48.77236039755158,15.449528220493058,4.353566367955229e-11,9.69315099905186e-12,0.44653730689043464,0.0
WISEAJ232508.27+151758.3,Sc,SCII,48.77236039755158,16.330594121154828,4.6066649351760184e-11,1.2126185399533867e-11,0.3225645515597391,0.0
WISEAJ232508.27+151758.3,Sc,SCII,48.77236039755158,17.035446841684244,4.209933739750413e-11,7.581329888641178e-12,0.5006747584018605,0.0
WISEAJ232508.27+151758.3,Sc,SCII,48.77236039755158,17.564086382081307,4.1564079669649176e-11,1.3552982028751286e-11,0.2387879447656338,0.0
WISEAJ234132.26+090432.1,Sbc,SCII,70.01845342807734,0.1928385959808984,6.784327653089608e-11,1.0029796315720177e-11,0.434579637576744,0.0
WISEAJ234132.26+090432.1,Sbc,SCII,70.01845342807734,0.6118539858919353,1.9469334059227915e-10,2.92019038261464e-11,0.49428664688758245,0.0
WISEAJ234132.26+090432.1,Sbc,SCII,70.01845342807734,1.030869375802972,2.446998124798908e-10,3.994050081299142e-11,0.45488655712835185,0.0
WISEAJ234132.26+090432.1,Sbc,SCII,70.01845342807734,1.4165465677647688,2.499373776770542e-10,4.3397179395416864e-11,0.4163155500180087,0.0
WISEAJ234132.26+090432.1,Sbc,SCII,70.01845342807734,1.8355619576758055,2.1221399042799478e-10,4.305635213142637e-11,0.3956126708709195,0.0
WISEAJ234132.26+090432.1,Sbc,SCII,70.01845342807734,2.2545773475868427,1.9262231221933588e-10,4.0654672003471695e-11,0.3848935277928255,0.0
WISEAJ234132.26+090432.1,Sbc,SCII,70.01845342807734,2.6402545395486396,1.8988852058093125e-10,3.8233853916362135e-11,0.3308951588955811,0.0
WISEAJ234132.26+090432.1,Sbc,SCII,70.01845342807734,3.0592699294596764,1.8434177205837392e-10,3.4347425102516994e-11,0.3722614138809545,0.0
WISEAJ234132.26+090432.1,Sbc,SCII,70.01845342807734,3.4782853193707135,1.6010898998243593e-10,2.86604108323998e-11,0.3787104008741605,0.0
WISEAJ234132.26+090432.1,Sbc,SCII,70.01845342807734,3.8639625113325096,1.420791757253688e-10,2.44209478341213e-11,0.3944275392831169,0.0
WISEAJ234132.26+090432.1,Sbc,SCII,70.01845342807734,4.3228530007514605,1.2618841859746786e-10,2.0000586891450476e-11,0.4722405975990821,0.0
WISEAJ234132.26+090432.1,Sbc,SCII,70.01845342807734,4.711798643492595,1.4242315520643435e-10,1.6031313624943296e-11,0.5272265070169816,0.0
WISEAJ234132.26+090432.1,Sbc,SCII,70.01845342807734,5.094207384675054,1.292171679785617e-10,1.1083950782327984e-11,0.6411191016226251,0.0
WISEAJ234132.26+090432.1,Sbc,SCII,70.01845342807734,5.546560972535331,9.413022863447746e-11,8.158784925305856e-12,0.7370941392201213,0.0
WISEAJ234132.26+090432.1,Sbc,SCII,70.01845342807734,5.925701262938453,8.93578079444454e-11,1.4213446009630154e-11,0.6008839726878016,0.0
WISEAJ234132.26+090432.1,Sbc,SCII,70.01845342807734,6.31137845490025,8.21223857838598e-11,2.1495948181465345e-11,0.4138088657603664,0.0
WISEAJ234132.26+090432.1,Sbc,SCII,70.01845342807734,6.715358971226336,6.32074701622233e-11,1.2473565761345934e-11,0.6176426026425844,0.0
WISEAJ234132.26+090432.1,Sbc,SCII,70.01845342807734,7.159214587060337,6.440680640346845e-11,2.10954904720462e-11,0.41784500067091296,0.0
WISEAJ234132.26+090432.1,Sbc,SCII,70.01845342807734,7.541623328242796,5.877336300035391e-11,1.7837281393292258e-11,0.37052372873844736,0.0
WISEAJ234132.26+090432.1,Sbc,SCII,70.01845342807734,7.924032069425255,3.9812735790338536e-11,1.772795019298e-11,0.4421266726450748,0.0
WISEAJ234132.26+090432.1,Sbc,SCII,70.01845342807734,8.153477314134731,3.539976864737147e-11,1.186724727888788e-11,0.5710979924498915,0.0
