Name,Type,survey,inc,Rad,g_obs,g_bar,shared,locked
2MASXJ10590914+0123002,Sc,SCII,55.334029832445985,0.35856675441786057,1.2939293222752978e-11,3.4759727017767833e-12,0.8204549717068129,0.0
2MASXJ10590914+0123002,Sc,SCII,55.334029832445985,1.151244455530507,2.524979942244238e-11,1.2894692136468889e-11,0.7101449335460506,0.0
2MASXJ10590914+0123002,Sc,SCII,55.334029832445985,1.972117149298233,4.767764546197013e-11,2.079568421017477e-11,0.585654637249808,0.0
2MASXJ10590914+0123002,Sc,SCII,55.334029832445985,2.689250658133954,6.830787937980648e-11,2.6092771413237544e-11,0.5399516615861071,0.0
2MASXJ10590914+0123002,Sc,SCII,55.334029832445985,3.4063841669696755,7.727694088786751e-11,2.4409928482587247e-11,0.537321100434005,0.0
2MASXJ10590914+0123002,Sc,SCII,55.334029832445985,4.123517675805396,8.400220919875891e-11,2.3416204294181732e-11,0.525754732830523,0.0
2MASXJ10590914+0123002,Sc,SCII,55.334029832445985,4.840651184641118,8.360968454275466e-11,2.791413184283497e-11,0.4382121090826215,0.0
2MASXJ10590914+0123002,Sc,SCII,55.334029832445985,5.5577846934768385,7.111474424505554e-11,1.8949939036444373e-11,0.5106787882333184,0.0
2MASXJ10590914+0123002,Sc,SCII,55.334029832445985,6.274918202312559,6.595224505099159e-11,2.6823327501149405e-11,0.337569539558688,0.0
2MASXJ10590914+0123002,Sc,SCII,55.334029832445985,6.992051711148281,6.198699744657991e-11,2.6295885600995126e-11,0.33870485475050405,0.0
2MASXJ10590914+0123002,Sc,SCII,55.334029832445985,7.709185219984002,5.6774505816367195e-11,2.5873546063780345e-11,0.31180720249319827,0.0
2MASXJ10590914+0123002,Sc,SCII,55.334029832445985,8.426318728819723,5.428237303541155e-11,2.6238545571906593e-11,0.2591568865869928,0.0
2MASXJ10590914+0123002,Sc,SCII,55.334029832445985,9.143452237655444,4.813717211033636e-11,2.174704254695792e-11,0.24557365070487372,0.0
2MASXJ10590914+0123002,Sc,SCII,55.334029832445985,9.860585746491164,4.694326480642237e-11,9.374968255497138e-12,0.5752391837059672,0.0
2MASXJ10590914+0123002,Sc,SCII,55.334029832445985,10.577719255326887,4.7500830940314336e-11,1.2812194770210206e-11,0.43171354106263954,0.0
2MASXJ10590914+0123002,Sc,SCII,55.334029832445985,11.294852764162608,4.897853370596022e-11,1.9500806063171923e-11,0.2188938167909127,0.0
2MASXJ10590914+0123002,Sc,SCII,55.334029832445985,12.011986272998328,5.3406907676810555e-11,9.108323814246795e-12,0.45860239640154565,0.0
2MASXJ10590914+0123002,Sc,SCII,55.334029832445985,12.832858966766054,5.0311943856587765e-11,1.0454830214431201e-11,0.37896390211762326,0.0
2MASXJ10590914+0123002,Sc,SCII,55.334029832445985,13.51239915206167,5.098079865959097e-11,1.652459950623352e-11,0.15948742525731618,0.0
2MASXJ10590914+0123002,Sc,SCII,55.334029832445985,14.361824383681189,5.120312604021263e-11,6.4661231387210564e-12,0.5048447388805304,0.0
2MASXJ15132872+0659283,Sc,SCII,53.74325519931257,0.40463139553487015,1.3805545686723802e-10,4.9595147522422266e-12,0.837885949762288,0.0
2MASXJ15132872+0659283,Sc,SCII,53.74325519931257,1.2138941866046102,2.144493359060363e-10,1.658063054403228e-11,0.7360860221981721,0.0
2MASXJ15132872+0659283,Sc,SCII,53.74325519931257,2.0231569776743505,2.0523512049582318e-10,2.581912338698026e-11,0.6390904683046676,0.0
2MASXJ15132872+0659283,Sc,SCII,53.74325519931257,2.832419768744091,2.1100531550444536e-10,3.186851477480187e-11,0.6170070807876652,0.0
2MASXJ15132872+0659283,Sc,SCII,53.74325519931257,3.641682559813831,1.8872136079816855e-10,4.162978943099719e-11,0.4987899908645655,0.0
2MASXJ15132872+0659283,Sc,SCII,53.74325519931257,4.450945350883571,1.8270539793734826e-10,4.724080276938573e-11,0.43295534243532774,0.0
2MASXJ15132872+0659283,Sc,SCII,53.74325519931257,5.260208141953312,1.6964258427400799e-10,3.9180709140746794e-11,0.36796004252086034,0.0
2MASXJ15132872+0659283,Sc,SCII,53.74325519931257,6.069470933023052,1.6063177815287887e-10,3.575906977819568e-11,0.4713008760692412,0.0
2MASXJ15132872+0659283,Sc,SCII,53.74325519931257,6.878733724092792,1.6402257861758845e-10,2.325980837373486e-11,0.5697086333943112,0.0
2MASXJ15132872+0659283,Sc,SCII,53.74325519931257,7.687996515162532,1.5633796150345198e-10,3.228695328745462e-11,0.30424128340558454,0.0
2MASXJ15132872+0659283,Sc,SCII,53.74325519931257,8.497259306232273,1.503408435243938e-10,3.709062680448112e-11,0.22498141655305606,0.0
2MASXJ15132872+0659283,Sc,SCII,53.74325519931257,9.306522097302013,1.5208438806623556e-10,3.047671030510027e-11,0.2038626900965256,0.0
2MASXJ15132872+0659283,Sc,SCII,53.74325519931257,10.115784888371753,1.4123185810033663e-10,2.113591179342864e-11,0.4094503935611233,0.0
2MASXJ15132872+0659283,Sc,SCII,53.74325519931257,11.067706184277505,1.0886199289305817e-10,1.8898666037376188e-11,0.3860060872893967,0.0
2MASXJ15132872+0659283,Sc,SCII,53.74325519931257,11.876968975347246,8.812154981358445e-11,2.1809844420946977e-11,0.24542414684089234,0.0
2MASXJ15132872+0659283,Sc,SCII,53.74325519931257,12.686231766416986,9.029148790162978e-11,2.4824175798145088e-11,0.14372822023905618,0.0
2MASXJ15132872+0659283,Sc,SCII,53.74325519931257,13.495494557486726,8.336580831733648e-11,1.1933115558658086e-11,0.4174909904059221,0.0
2MASXJ15132872+0659283,Sc,SCII,53.74325519931257,14.304757348556466,7.192894062596519e-11,1.6614521741297662e-11,0.20000202650566767,0.0
2MASXJ15132872+0659283,Sc,SCII,53.74325519931257,15.114020139626206,7.847835068554993e-11,1.9078164184269704e-11,0.09693396259984798,0.0
2MASXJ15132872+0659283,Sc,SCII,53.74325519931257,15.923282930695947,7.37906857950503e-11,1.2436157279769755e-11,0.22980835172051195,0.0
2MASXJ15582240+1606100,Sc,SCII,83.0499599615665,0.4128578068019295,1.8830943702750098e-11,1.169727260083582e-12,0.819915045266465,0.0
2MASXJ15582240+1606100,Sc,SCII,83.0499599615665,1.191859512762708,3.850887314144909e-11,3.2410460900856313e-12,0.7499358964998962,0.0
2MASXJ15582240+1606100,Sc,SCII,83.0499599615665,1.8729220914842557,6.896946705757572e-11,4.58928450053914e-12,0.6761813141091141,0.0
2MASXJ15582240+1606100,Sc,SCII,83.0499599615665,2.553984670205803,9.190248837624734e-11,6.017483081372526e-12,0.6382628612086576,0.0
2MASXJ15582240+1606100,Sc,SCII,83.0499599615665,3.2350472489273505,9.766589872640934e-11,5.9637708757484444e-12,0.6348117942162804,0.0
2MASXJ15582240+1606100,Sc,SCII,83.0499599615665,3.9161098276488975,9.731680513904935e-11,6.248417005071816e-12,0.6142147655852748,0.0
2MASXJ15582240+1606100,Sc,SCII,83.0499599615665,4.695111533609676,9.452503367490516e-11,6.880396886826054e-12,0.5743630660484396,0.0
2MASXJ15582240+1606100,Sc,SCII,83.0499599615665,5.520827147213535,9.091978953102542e-11,9.459771366345586e-12,0.4244347681785417,0.0
2MASXJ15582240+1606100,Sc,SCII,83.0499599615665,6.299828853174313,7.786995858247267e-11,5.602571089396562e-12,0.5748553938753548,0.0
2MASXJ15582240+1606100,Sc,SCII,83.0499599615665,6.980891431895861,7.319334090393693e-11,4.256721444128628e-12,0.6303790786262015,0.0
2MASXJ15582240+1606100,Sc,SCII,83.0499599615665,7.661954010617409,6.699876676948762e-11,3.5346128061905462e-12,0.6688401792763429,0.0
2MASXJ15582240+1606100,Sc,SCII,83.0499599615665,8.343016589338955,5.7217815844202874e-11,2.885709423928883e-12,0.7159929849600415,0.0
2MASXJ15582240+1606100,Sc,SCII,83.0499599615665,9.803080874021282,6.107310431354355e-11,2.2580968973237103e-11,0.004611635784827773,0.0
2MASXJ15582240+1606100,Sc,SCII,83.0499599615665,10.628796487625142,5.885041272699289e-11,1.1087078425881962e-11,0.010698735322387415,0.0
2MASXJ15582240+1606100,Sc,SCII,83.0499599615665,11.457519642531047,4.43283231267422e-11,7.590054946126991e-12,0.017845294652629698,0.0
2MASXJ15582240+1606100,Sc,SCII,83.0499599615665,12.088860772307466,3.930914982705465e-11,6.148062474021297e-12,0.0244385658674764,0.0
2MASXJ15582240+1606100,Sc,SCII,83.0499599615665,12.706134370187216,3.873410652479933e-11,5.1666166713127505e-12,0.03229338808348384,0.0
2MASXJ15582240+1606100,Sc,SCII,83.0499599615665,13.429884631905555,4.3027898816158774e-11,4.31686995731108e-12,0.04396578524709964,0.0
2MASXJ15582240+1606100,Sc,SCII,83.0499599615665,14.110947210627103,3.599141505654378e-11,3.699103230013232e-12,0.05840112400210563,0.0
2MASXJ15582240+1606100,Sc,SCII,83.0499599615665,14.621744144668265,3.8797358497013666e-11,3.311990370959328e-12,0.07238910978919254,0.0
2MASXiJ2325197+142418,Sc,SCII,60.12031869939683,0.4338945677647687,3.506773870101314e-11,7.40917272240476e-12,0.8067387618730387,0.0
2MASXiJ2325197+142418,Sc,SCII,60.12031869939683,1.2817412696288757,3.589409634845203e-11,2.0439251463073404e-11,0.723216583007359,0.0
2MASXiJ2325197+142418,Sc,SCII,60.12031869939683,2.0587630048723735,1.595698581169284e-10,3.0080212524415856e-11,0.6545367023055865,0.0
2MASXiJ2325197+142418,Sc,SCII,60.12031869939683,2.8357847401158707,1.8110595627299227e-10,4.060675296222923e-11,0.595413438877216,0.0
2MASXiJ2325197+142418,Sc,SCII,60.12031869939683,3.6836314419799776,1.821435324355083e-10,4.5791579657729e-11,0.4771634731017725,0.0
2MASXiJ2325197+142418,Sc,SCII,60.12031869939683,4.460653177223476,1.78072801338918e-10,4.962016523089891e-11,0.400917714731076,0.0
2MASXiJ2325197+142418,Sc,SCII,60.12031869939683,5.318471095920297,1.6259426447391342e-10,4.2386584621502387e-11,0.47887995114255894,0.0
2MASXiJ2325197+142418,Sc,SCII,60.12031869939683,6.176289014617119,1.452040369591879e-10,5.7222336558665974e-11,0.33652301167116,0.0
2MASXiJ2325197+142418,Sc,SCII,60.12031869939683,6.953310749860617,1.2927222527212688e-10,3.914661080033202e-11,0.42454234119797357,0.0
2MASXiJ2325197+142418,Sc,SCII,60.12031869939683,7.801157451724724,1.1174153577048105e-10,3.068108236124214e-11,0.4330435076120534,0.0
2MASXiJ2325197+142418,Sc,SCII,60.12031869939683,8.578179186968221,9.936070927453071e-11,2.705886101649733e-11,0.43476058820242286,0.0
2MASXiJ2325197+142418,Sc,SCII,60.12031869939683,9.355200922211719,9.04587225326537e-11,2.4250089972421825e-11,0.44348730566011024,0.0
2MASXiJ2325197+142418,Sc,SCII,60.12031869939683,10.203047624075825,8.487152660536396e-11,2.5341021641632997e-11,0.36071537883424126,0.0
2MASXiJ2325197+142418,Sc,SCII,60.12031869939683,11.070836759605363,7.536526247827291e-11,2.7384708530221345e-11,0.24810632283095468,0.0
2MASXiJ2325197+142418,Sc,SCII,60.12031869939683,11.91868346146947,7.301958237057335e-11,2.966591490439897e-11,0.15005163807990746,0.0
2MASXiJ2325197+142418,Sc,SCII,60.12031869939683,12.695705196712968,6.810496792313137e-11,2.0078331859766562e-11,0.19276378989232715,0.0
2MASXiJ2325197+142418,Sc,SCII,60.12031869939683,13.472726931956464,6.495750063573094e-11,1.876997551895506e-11,0.2277889763605877,0.0
2MASXiJ2325197+142418,Sc,SCII,60.12031869939683,14.320573633820572,5.2600485112612446e-11,2.1892852656008526e-11,0.11452951752919258,0.0
2MASXiJ2325197+142418,Sc,SCII,60.12031869939683,15.09759536906407,5.2724437658374726e-11,1.2448718412537392e-11,0.3234603233520819,0.0
2MASXiJ2325197+142418,Sc,SCII,60.12031869939683,15.783849704021527,4.797216034055539e-11,1.7834907626969155e-11,0.11120184241599704,0.0
2MASXiJ2325197+142418,Sc,SCII,60.12031869939683,16.359394205027513,4.791054262973982e-11,1.2711972920404795e-11,0.2172176354540731,0.0
AT2017hrr,Sb:,Mathewson96,72.96821237605589,1.328050323612828,1.610679830422215e-10,1.8683009786013873e-10,0.4693600580333984,0.0
AT2017hrr,Sb:,Mathewson96,72.96821237605589,2.1628248127408916,5.731045234307595e-10,2.197522250539468e-10,0.3634561763805667,0.0
AT2017hrr,Sb:,Mathewson96,72.96821237605589,2.921710711948222,2.9537539525403965e-10,2.0697505246560082e-10,0.30495707875272493,0.0
AT2017hrr,Sb:,Mathewson96,72.96821237605589,3.7564852010762855,3.272811275050262e-10,1.5569250058663468e-10,0.2718140959794808,0.0
AT2017hrr,Sb:,Mathewson96,72.96821237605589,4.515371100283616,3.0558461395189907e-10,1.1360194527618345e-10,0.30988838548249875,0.0
AT2017hrr,Sb:,Mathewson96,72.96821237605589,5.426034179332412,2.3799636318011584e-10,7.788209217107841e-11,0.41665338370517246,0.0
AT2017hrr,Sb:,Mathewson96,72.96821237605589,6.260808668460475,2.555294292126101e-10,8.537932128427037e-11,0.37258133392171017,0.0
AT2017hrr,Sb:,Mathewson96,72.96821237605589,7.0196945676678055,1.790514845563257e-10,6.19838729551855e-11,0.46904354281695776,0.0
AT2017hrr,Sb:,Mathewson96,72.96821237605589,7.171471747509273,1.7668388538225902e-10,4.6305646242199996e-11,0.5580757444659449,0.0
AT2017hrr,Sb:,Mathewson96,72.96821237605589,7.930357646716602,1.7647141133153206e-10,4.195770048466242e-11,0.5571326214062421,0.0
AT2017hrr,Sb:,Mathewson96,72.96821237605589,8.765132135844667,1.8864933658781312e-10,4.205069420711372e-11,0.5077260914020986,0.0
AT2017hrr,Sb:,Mathewson96,72.96821237605589,9.599906624972729,1.5992453968781088e-10,3.7342120149336796e-11,0.5327213127940277,0.0
AT2017hrr,Sb:,Mathewson96,72.96821237605589,10.35879252418006,1.335345048403724e-10,4.9829713024666196e-11,0.3766330575707463,0.0
AT2017hrr,Sb:,Mathewson96,72.96821237605589,10.510569704021526,1.6315379290330107e-10,3.877463431145889e-11,0.4730390866926027,0.0
AT2017hrr,Sb:,Mathewson96,72.96821237605589,11.34534419314959,1.4196102163023228e-10,5.205329445501556e-11,0.26808039246597015,0.0
AT2017hrr,Sb:,Mathewson96,72.96821237605589,12.180118682277653,1.2566575306186907e-10,5.976853947403924e-11,0.1305150374751902,0.0
AT2017hrr,Sb:,Mathewson96,72.96821237605589,13.014893171405717,1.1899595307902864e-10,5.088803326838947e-11,0.08374502611121612,0.0
CGCG010-052,SAab,SCII,62.76331399515308,0.4524173805541415,4.725456399051933e-11,1.060967331213816e-11,0.7958808778333961,0.0
CGCG010-052,SAab,SCII,62.76331399515308,1.3090745836666424,1.4435540666572137e-10,2.84002682087205e-11,0.7135525717315779,0.0
CGCG010-052,SAab,SCII,62.76331399515308,2.213909344774925,1.750692869698873e-10,4.003305663856552e-11,0.6735393063098851,0.0
CGCG010-052,SAab,SCII,62.76331399515308,3.0705665478874264,1.7020783148373348e-10,4.4060028597545585e-11,0.6343527250403868,0.0
CGCG010-052,SAab,SCII,62.76331399515308,3.8752823212857246,1.6044907307601092e-10,6.367114239334373e-11,0.526011236756248,0.0
CGCG010-052,SAab,SCII,62.76331399515308,4.756028303396117,1.4754638700533802e-10,6.774145387091034e-11,0.48683648234609594,0.0
CGCG010-052,SAab,SCII,62.76331399515308,5.636774285506508,1.3561146125439701e-10,7.364784109715548e-11,0.39479001008706865,0.0
CGCG010-052,SAab,SCII,62.76331399515308,6.517520267616901,1.3353554360827319e-10,4.1242332075587086e-11,0.5852793642393701,0.0
CGCG010-052,SAab,SCII,62.76331399515308,7.398266249727293,1.2583358160250255e-10,6.171681223082151e-11,0.3138350559213437,0.0
CGCG010-052,SAab,SCII,62.76331399515308,8.279012231837685,1.2067918141048582e-10,7.378175760458246e-11,0.2664749929204104,0.0
CGCG010-052,SAab,SCII,62.76331399515308,9.159758213948077,1.0778469320083351e-10,6.547182280201103e-11,0.2680857571098929,0.0
CGCG010-052,SAab,SCII,62.76331399515308,10.04050419605847,9.802174754764114e-11,6.289019706018105e-11,0.23771657778446112,0.0
CGCG010-052,SAab,SCII,62.76331399515308,10.92125017816886,8.53150761739667e-11,6.182600443080538e-11,0.18455304963270294,0.0
CGCG010-052,SAab,SCII,62.76331399515308,11.801996160279252,8.089182595751034e-11,2.558437594963013e-11,0.47669881285126287,0.0
CGCG010-052,SAab,SCII,62.76331399515308,12.682742142389644,7.396825079243173e-11,3.022203108262378e-11,0.389279543852062,0.0
CGCG010-052,SAab,SCII,62.76331399515308,13.563488124500035,6.43966596058649e-11,4.359309281407391e-11,0.14529213724137108,0.0
CGCG010-052,SAab,SCII,62.76331399515308,14.444234106610429,5.3138122338706704e-11,3.995889103501386e-11,0.0828039034547458,0.0
CGCG010-052,SAab,SCII,62.76331399515308,15.324980088720821,4.751695416728413e-11,2.639215835211713e-11,0.21567276964208826,0.0
CGCG010-052,SAab,SCII,62.76331399515308,16.20572607083121,5.0407618373670904e-11,2.978568100444565e-11,0.10524193220749,0.0
CGCG010-052,SAab,SCII,62.76331399515308,17.114324703657914,4.191707634749991e-11,1.685031781938871e-11,0.32558353932499956,0.0
CGCG049-026,Sbc,SCII,51.88371133793475,0.2472859169838153,8.97347321893913e-12,1.4264601086780399e-12,0.867350791076977,0.0
CGCG049-026,Sbc,SCII,51.88371133793475,0.6744559257912556,1.7711937157048504e-11,9.041825570799997e-12,0.732445984518364,0.0
CGCG049-026,Sbc,SCII,51.88371133793475,1.2289891237000945,9.006077538369355e-11,1.5490037355438506e-11,0.6610382591907109,0.0
CGCG049-026,Sbc,SCII,51.88371133793475,1.6898600450876298,9.593210720629677e-11,2.0005330937345935e-11,0.5882060796759514,0.0
CGCG049-026,Sbc,SCII,51.88371133793475,2.150730966475165,7.292769982091433e-11,2.306790885209764e-11,0.5768262352274388,0.0
CGCG049-026,Sbc,SCII,51.88371133793475,2.7052641643840043,5.7114606652921064e-11,2.494692672265011e-11,0.508419746929078,0.0
CGCG049-026,Sbc,SCII,51.88371133793475,3.132434173191444,6.000482045048863e-11,2.6257698036433135e-11,0.5200699049996511,0.0
CGCG049-026,Sbc,SCII,51.88371133793475,3.627006007159075,6.809796168843387e-11,2.5785748931163106e-11,0.43880839323028237,0.0
CGCG049-026,Sbc,SCII,51.88371133793475,4.054176015966515,8.374280343772173e-11,2.886616914405325e-11,0.42735459768933315,0.0
CGCG049-026,Sbc,SCII,51.88371133793475,4.608709213875354,8.059812980509857e-11,2.6724641531768505e-11,0.45531732889288307,0.0
CGCG049-026,Sbc,SCII,51.88371133793475,5.069580135262889,6.893511268713969e-11,2.693899604244928e-11,0.4226808039364846,0.0
CGCG049-026,Sbc,SCII,51.88371133793475,5.530451056650425,5.6967590258433024e-11,2.8452996008958567e-11,0.3643414234741733,0.0
CGCG049-026,Sbc,SCII,51.88371133793475,6.084984254559264,6.63837525014541e-11,2.6371357172416725e-11,0.35036198081973463,0.0
CGCG049-026,Sbc,SCII,51.88371133793475,6.512154263366704,6.515351982623868e-11,2.6657434145989064e-11,0.28055745099492363,0.0
CGCG049-026,Sbc,SCII,51.88371133793475,7.006726097334334,5.4561975961017175e-11,1.655785200211317e-11,0.4269293484528789,0.0
CGCG049-026,Sbc,SCII,51.88371133793475,7.433896106141774,5.089622460349029e-11,1.918382205860991e-11,0.3878866594151474,0.0
CGCG049-026,Sbc,SCII,51.88371133793475,7.988429304050614,5.112110205968537e-11,2.363732222721889e-11,0.2628374078255245,0.0
CGCG049-026,Sbc,SCII,51.88371133793475,8.449300225438149,6.123954790518393e-11,1.2111304758903288e-11,0.48838542180588396,0.0
CGCG049-026,Sbc,SCII,51.88371133793475,8.883910695464571,4.917800307036498e-11,1.96134336713635e-11,0.2840346613262996,0.0
CGCG049-026,Sbc,SCII,51.88371133793475,9.344781616852107,3.4824734435931306e-11,1.1954247218995538e-11,0.41851328684608224,0.0
CGCG049-026,Sbc,SCII,51.88371133793475,9.65202889777713,3.2274980409335116e-11,2.115129845268526e-11,0.2029477530231362,0.0
CGCG049-153,SD/I,SCII,64.43730572845399,0.29077987055486876,3.5319564099678472e-12,1.343570971210807e-12,0.8097668764756489,0.0
CGCG049-153,SD/I,SCII,64.43730572845399,0.9333536785203501,4.7247450047490725e-12,5.2865497106231096e-12,0.7120311291793782,0.0
CGCG049-153,SD/I,SCII,64.43730572845399,1.5992892880517782,2.2342533293059156e-11,8.486560383061255e-12,0.6066609899817116,0.0
CGCG049-153,SD/I,SCII,64.43730572845399,2.1808490291615157,5.832791112009797e-11,1.0217007557554557e-11,0.5841436561372474,0.0
CGCG049-153,SD/I,SCII,64.43730572845399,2.762408770271253,7.498328951199538e-11,1.030503553544525e-11,0.5678732428942019,0.0
CGCG049-153,SD/I,SCII,64.43730572845399,3.3439685113809907,7.730432124291783e-11,1.0100848032343191e-11,0.5635816354248185,0.0
CGCG049-153,SD/I,SCII,64.43730572845399,3.9255282524907282,8.054159747938801e-11,1.2578206543053515e-11,0.48455226017384495,0.0
CGCG049-153,SD/I,SCII,64.43730572845399,4.507087993600466,7.254643481784295e-11,1.0536197334327256e-11,0.4837613857090318,0.0
CGCG049-153,SD/I,SCII,64.43730572845399,5.088647734710203,6.56779583398437e-11,1.310655056176773e-11,0.36894179825059764,0.0
CGCG049-153,SD/I,SCII,64.43730572845399,5.67020747581994,6.503707083582038e-11,1.3154270552384071e-11,0.3591468544797137,0.0
CGCG049-153,SD/I,SCII,64.43730572845399,6.251767216929679,6.368405712404212e-11,1.2344196441224633e-11,0.3540932189670197,0.0
CGCG049-153,SD/I,SCII,64.43730572845399,6.833326958039416,4.213256542734642e-11,1.2398969437595126e-11,0.31193597791613203,0.0
CGCG049-153,SD/I,SCII,64.43730572845399,7.414886699149154,2.914618583897334e-11,1.0404180617645382e-11,0.3068410141220662,0.0
CGCG049-153,SD/I,SCII,64.43730572845399,7.99644644025889,3.125436191265386e-11,5.251149002453027e-12,0.5697374619920831,0.0
CGCG049-153,SD/I,SCII,64.43730572845399,8.578006181368629,4.076736603652711e-11,6.346376479164519e-12,0.502943936751241,0.0
CGCG049-153,SD/I,SCII,64.43730572845399,9.10633912281127,3.392338406103671e-11,1.0856670235715081e-11,0.26384624459805067,0.0
CGCG049-153,SD/I,SCII,64.43730572845399,9.726835199864253,3.32560677941177e-11,4.689101237778804e-12,0.5283152222231187,0.0
CGCG049-153,SD/I,SCII,64.43730572845399,10.30839494097399,3.305382085491896e-11,7.03513604381762e-12,0.3787981249252555,0.0
CGCG049-153,SD/I,SCII,64.43730572845399,10.889954682083728,3.31586572110056e-11,1.0357945881607412e-11,0.1639890468358069,0.0
CGCG049-153,SD/I,SCII,64.43730572845399,11.616904358470899,3.1904566063914786e-11,4.272938744721283e-12,0.5112236129882307,0.0
CGCG459-017,Sc,SCII,52.50777688108841,0.6566620958475746,2.2919079378330904e-10,2.1620990232286664e-11,0.7444098214932509,0.0
CGCG459-017,Sc,SCII,52.50777688108841,0.9849931437713619,2.830511817106228e-10,3.12750811058392e-11,0.7032916276489527,0.0
CGCG459-017,Sc,SCII,52.50777688108841,1.420663188131772,2.789213905887291e-10,4.311565871334672e-11,0.657698982722416,0.0
CGCG459-017,Sc,SCII,52.50777688108841,1.8626472911061012,2.8022701806877407e-10,5.408902156138527e-11,0.6093621331780412,0.0
CGCG459-017,Sc,SCII,52.50777688108841,2.2983173354665114,2.5239303402153495e-10,6.155828259767257e-11,0.5709319757484463,0.0
CGCG459-017,Sc,SCII,52.50777688108841,2.6266483833902985,2.3234024504181962e-10,6.531194698780025e-11,0.5122020107258324,0.0
CGCG459-017,Sc,SCII,52.50777688108841,3.062318427750709,2.0481161474482036e-10,6.952694042741133e-11,0.5182016709849653,0.0
CGCG459-017,Sc,SCII,52.50777688108841,3.5043025307250377,1.7067806932261178e-10,7.070631738166246e-11,0.439372768742897,0.0
CGCG459-017,Sc,SCII,52.50777688108841,3.9399725750854477,1.5988361769573508e-10,7.880551053130926e-11,0.41208062399606915,0.0
CGCG459-017,Sc,SCII,52.50777688108841,4.268303623009235,1.5316717171462496e-10,7.195014853922107e-11,0.35713447468126425,0.0
CGCG459-017,Sc,SCII,52.50777688108841,4.703973667369645,1.5426290509438868e-10,7.265974172115022e-11,0.3566451017229396,0.0
CGCG459-017,Sc,SCII,52.50777688108841,5.145957770343974,1.47519347133539e-10,6.64204990745742e-11,0.3391365157962112,0.0
CGCG459-017,Sc,SCII,52.50777688108841,5.581627814704384,1.5208740826017567e-10,5.5110893439974475e-11,0.445211804790789,0.0
CGCG459-017,Sc,SCII,52.50777688108841,5.909958862628171,1.515518007212306e-10,7.169715812767597e-11,0.3435765985817614,0.0
CGCG459-017,Sc,SCII,52.50777688108841,6.3456289069885825,1.2522044143496354e-10,7.73122311318058e-11,0.2492422693584125,0.0
CGCG459-017,Sc,SCII,52.50777688108841,6.737100541051559,1.3848305408781141e-10,4.7746627992467456e-11,0.42855065710819884,0.0
CGCG459-017,Sc,SCII,52.50777688108841,7.22959711293724,1.340385063180163e-10,5.879489381719668e-11,0.31230498745390795,0.0
CGCG459-017,Sc,SCII,52.50777688108841,7.557928160861027,1.374054359210995e-10,5.662355903180317e-11,0.1691769056152015,0.0
CGCG459-017,Sc,SCII,52.50777688108841,7.886259208784814,1.4494589123881556e-10,5.900813661901862e-11,0.24390858802369927,0.0
CGCG459-017,Sc,SCII,52.50777688108841,8.214590256708602,1.4092411496293568e-10,4.129087618906903e-11,0.34270182602769705,0.0
IC0004,S?,ShellFlow,45.43832981584723,0.2339024577121664,8.512651852520398e-11,5.936612590685711e-11,0.4453801360365774,0.0
IC0004,S?,ShellFlow,45.43832981584723,0.6994348995709403,3.932601420343879e-10,1.58391576917738e-10,0.4571726675683881,0.0
IC0004,S?,ShellFlow,45.43832981584723,1.167239814995273,3.5982632631594293e-10,2.0916116121886384e-10,0.37430371460456335,0.0
IC0004,S?,ShellFlow,45.43832981584723,1.632772256854047,2.6675263900225527e-10,2.039580022956495e-10,0.32621339195863247,0.0
IC0004,S?,ShellFlow,45.43832981584723,2.0533421860228347,2.0267471530653592e-10,1.763153605815125e-10,0.36837321931242895,0.0
IC0004,S?,ShellFlow,45.43832981584723,2.473912115191623,1.5399435560807354e-10,1.5446383940127772e-10,0.37963445679479746,0.0
IC0004,S?,ShellFlow,45.43832981584723,2.939444557050396,1.7076118741061445e-10,1.3808726801455356e-10,0.36748640633763036,0.0
IC0004,S?,ShellFlow,45.43832981584723,3.4072494724747293,1.4441409706460544e-10,1.1291187994175606e-10,0.4281435497401456,0.0
IC0004,S?,ShellFlow,45.43832981584723,3.8727819143335034,1.272209374827271e-10,1.0510647753097372e-10,0.3625296123468803,0.0
IC0004,S?,ShellFlow,45.43832981584723,4.340586829757836,1.5275823295030956e-10,1.1333902244912819e-10,0.35877100069125006,0.0
IC0004,S?,ShellFlow,45.43832981584723,4.80611927161661,1.2371365264738667e-10,1.163427258307499e-10,0.32927865018896263,0.0
IC0004,S?,ShellFlow,45.43832981584723,5.226689200785398,1.327351553084153e-10,1.125006906911124e-10,0.2874278053461036,0.0
IC0004,S?,ShellFlow,45.43832981584723,5.647259129954185,1.3971279248803572e-10,9.046849623599269e-11,0.30031976832625035,0.0
IC0004,S?,ShellFlow,45.43832981584723,6.112791571812959,1.2892015103178208e-10,8.025339980604484e-11,0.3781192814351964,0.0
IC0004,S?,ShellFlow,45.43832981584723,6.580596487237292,1.268672977416748e-10,9.683568704515319e-11,0.26099120624056765,0.0
IC0004,S?,ShellFlow,45.43832981584723,7.021943317576904,1.2738311946087415e-10,1.1291002946065587e-10,0.12022907596184282,0.0
IC0004,S?,ShellFlow,45.43832981584723,7.513933844520399,1.2170958444808591e-10,8.115084934056659e-11,0.14209408772630455,0.0
IC0004,S?,ShellFlow,45.43832981584723,7.9771938128136135,1.258168800998328e-10,7.969732863683219e-11,0.12936865534267364,0.0
IC0004,S?,ShellFlow,45.43832981584723,8.443862491455167,1.1342241098232724e-10,7.918188821419706e-11,0.04906251161120294,0.0
IC0004,S?,ShellFlow,45.43832981584723,9.003864905825031,1.383842159151884e-10,5.760326913080928e-11,0.10980772004194878,0.0
IC0013,Sbc,Courteau97,77.62375646693317,0.29543188025994804,4.5421923290098085e-11,6.7673301190203256e-12,0.6649145281480577,0.0
IC0013,Sbc,Courteau97,77.62375646693317,0.8615527016217002,1.0596147462129855e-10,1.7196857901357935e-11,0.6187894778637314,0.0
IC0013,Sbc,Courteau97,77.62375646693317,1.400023140135263,1.2831930012911582e-10,2.3003941785322138e-11,0.5680877408918101,0.0
IC0013,Sbc,Courteau97,77.62375646693317,1.9676866867203047,1.3720983768567822e-10,2.7125717630390545e-11,0.4865296657661931,0.0
IC0013,Sbc,Courteau97,77.62375646693317,2.5554649967936216,1.1650800460322527e-10,2.742522427439783e-11,0.48781708410249164,0.0
IC0013,Sbc,Courteau97,77.62375646693317,3.1231285433786633,8.985936807734786e-11,2.594546075701725e-11,0.47413037817778797,0.0
IC0013,Sbc,Courteau97,77.62375646693317,3.661598981892226,7.338635740711684e-11,2.6727013408169225e-11,0.4575307753212826,0.0
IC0013,Sbc,Courteau97,77.62375646693317,4.2277198032539784,8.039775497613154e-11,2.4178471405763142e-11,0.3997174898135387,0.0
IC0013,Sbc,Courteau97,77.62375646693317,4.818583563773874,8.41566067789724e-11,2.8401051148418328e-11,0.3616769988459676,0.0
IC0013,Sbc,Courteau97,77.62375646693317,5.384704385135626,8.60484426353449e-11,2.5484776704562706e-11,0.3718912381296709,0.0
IC0013,Sbc,Courteau97,77.62375646693317,5.923174823649189,7.215278839907316e-11,2.449301303966335e-11,0.34323412581022084,0.0
IC0013,Sbc,Courteau97,77.62375646693317,6.49083837023423,6.532962439784862e-11,2.4175015545901508e-11,0.29680114825435383,0.0
IC0013,Sbc,Courteau97,77.62375646693317,7.078616680307547,6.84539053840866e-11,2.4535051356447525e-11,0.23108500686079178,0.0
IC0013,Sbc,Courteau97,77.62375646693317,7.630207700167261,6.52339823768e-11,2.3435465701704304e-11,0.1653692892366169,0.0
IC0013,Sbc,Courteau97,77.62375646693317,8.182792591084285,5.613235541037757e-11,1.4486990770264228e-11,0.32627088630961404,0.0
IC0013,Sbc,Courteau97,77.62375646693317,8.800630308777544,6.469601119579675e-11,1.4904901824065347e-11,0.2678369740765804,0.0
IC0013,Sbc,Courteau97,77.62375646693317,9.360639564831647,7.220568849879282e-11,1.7119325087698683e-11,0.1532238903267997,0.0
IC0013,Sbc,Courteau97,77.62375646693317,9.735871874045525,6.410971112242809e-11,1.1567539615849428e-11,0.29605369116950303,0.0
IC0013,Sbc,Courteau97,77.62375646693317,10.66171468256854,4.726598887070231e-11,1.0789893610848127e-11,0.2444078937090539,0.0
IC0013,Sbc,Courteau97,77.62375646693317,11.049021783433933,4.9477436887569314e-11,1.1830721297271405e-11,0.07864730953141266,0.0
IC0121,Sbc,Courteau97,50.25541374953781,0.29271487213051167,5.952918625615583e-10,2.825028954321341e-11,0.7485874949272381,0.0
IC0121,Sbc,Courteau97,50.25541374953781,0.8028908874506095,8.725119071393076e-10,8.176607634322902e-11,0.6737246412058148,0.0
IC0121,Sbc,Courteau97,50.25541374953781,1.3883206317116332,6.474766124806021e-10,1.2607092658591058e-10,0.6175930348155738,0.0
IC0121,Sbc,Courteau97,50.25541374953781,1.898496647031731,5.81741837426947e-10,1.5127051754245809e-10,0.5517077704950165,0.0
IC0121,Sbc,Courteau97,50.25541374953781,2.3738124790924298,4.869946854046053e-10,1.6249177833716404e-10,0.5613596924981115,0.0
IC0121,Sbc,Courteau97,50.25541374953781,2.92161535888299,4.262997839928311e-10,1.6477251951307592e-10,0.5485707941820462,0.0
IC0121,Sbc,Courteau97,50.25541374953781,3.469418238673551,3.5112477750696916e-10,1.811956939086652e-10,0.4987626286173059,0.0
IC0121,Sbc,Courteau97,50.25541374953781,4.017221118464111,3.4571614807738093e-10,1.5667681740554004e-10,0.4942834923796469,0.0
IC0121,Sbc,Courteau97,50.25541374953781,4.565023998254672,3.045188002708371e-10,1.9592038252182915e-10,0.4069162408586996,0.0
IC0121,Sbc,Courteau97,50.25541374953781,5.112826878045233,2.603900108959049e-10,1.768403022219523e-10,0.43837623104777,0.0
IC0121,Sbc,Courteau97,50.25541374953781,5.6606297578357925,2.49019852911757e-10,1.6494405094626815e-10,0.4412869746258575,0.0
IC0121,Sbc,Courteau97,50.25541374953781,6.208432637626354,2.427146028487305e-10,1.7265798826266888e-10,0.3930741878539047,0.0
IC0121,Sbc,Courteau97,50.25541374953781,6.756235517416915,2.5634367943825076e-10,1.9331580287551606e-10,0.30635074058636635,0.0
IC0121,Sbc,Courteau97,50.25541374953781,7.254791471650546,2.3653178355278874e-10,1.7167361929783994e-10,0.25102257333174394,0.0
IC0121,Sbc,Courteau97,50.25541374953781,7.886701460257435,2.0201751205456875e-10,1.1764134392263358e-10,0.3624999047921717,0.0
IC0121,Sbc,Courteau97,50.25541374953781,8.47213120451846,2.0247621730908373e-10,1.0309884229660487e-10,0.4373248851546734,0.0
IC0121,Sbc,Courteau97,50.25541374953781,8.982307219838557,2.5389515675676913e-10,1.5173988871457703e-10,0.23876727643353177,0.0
IC0121,Sbc,Courteau97,50.25541374953781,9.530110099629116,2.005845335149527e-10,8.389641545507111e-11,0.4115504681269172,0.0
IC0121,Sbc,Courteau97,50.25541374953781,10.077912979419677,1.5513136673392118e-10,1.0807283335665523e-10,0.30714433515739825,0.0
IC0121,Sbc,Courteau97,50.25541374953781,10.443114899280053,1.7131096521458033e-10,6.721144023020497e-11,0.47433333556794266,0.0
IC0121,Sbc,Courteau97,50.25541374953781,10.808316819140426,1.8340339649366284e-10,1.38189218156389e-10,0.1586819966676387,0.0
IC0221,Sc,Courteau97,52.35217113237374,0.28058231401352624,2.2253618543813162e-10,5.7731950106023654e-11,0.48329295240118986,0.0
IC0221,Sc,Courteau97,52.35217113237374,0.8887940775216349,6.008738575118424e-10,1.5504370187493776e-10,0.4561238675640925,0.0
IC0221,Sc,Courteau97,52.35217113237374,1.4964390080721401,8.283423708267971e-10,1.7910749283998784e-10,0.3922769973322083,0.0
IC0221,Sc,Courteau97,52.35217113237374,2.0088560017453276,6.182125998836186e-10,1.58667234665501e-10,0.3992789172733857,0.0
IC0221,Sc,Courteau97,52.35217113237374,2.6350174755775337,3.602460294500505e-10,1.358044759787679e-10,0.4174915698107291,0.0
IC0221,Sc,Courteau97,52.35217113237374,3.288386931374688,1.6212595860439484e-10,1.0876890504349596e-10,0.43818190603273643,0.0
IC0221,Sc,Courteau97,52.35217113237374,3.789845154534215,1.3869692500590423e-10,1.0526626079622973e-10,0.4357241539217164,0.0
IC0221,Sc,Courteau97,52.35217113237374,4.424244600683586,1.7207117669884914e-10,7.784941858716052e-11,0.48365604296597375,0.0
IC0221,Sc,Courteau97,52.35217113237374,4.956954214238964,2.2454601287833125e-10,9.167379511679623e-11,0.4051549182137902,0.0
IC0221,Sc,Courteau97,52.35217113237374,5.565165977747073,2.0586274464944083e-10,9.493919330860636e-11,0.4095803316126107,0.0
IC0221,Sc,Courteau97,52.35217113237374,6.172810908297578,2.2359970542331083e-10,8.942647498136188e-11,0.4162904385760396,0.0
IC0221,Sc,Courteau97,52.35217113237374,6.733975536324631,1.732112305761224e-10,1.0248434992711005e-10,0.3327122314476315,0.0
IC0221,Sc,Courteau97,52.35217113237374,7.341620466875136,2.0179292980177587e-10,1.1021211705107936e-10,0.25600599158637627,0.0
IC0221,Sc,Courteau97,52.35217113237374,7.905052426732602,1.6576508655534076e-10,7.767319164534097e-11,0.24274564213471006,0.0
IC0221,Sc,Courteau97,52.35217113237374,8.502040897680168,1.9737864033500157e-10,6.364045029739025e-11,0.4006015944414952,0.0
IC0221,Sc,Courteau97,52.35217113237374,9.07216148643735,1.6138634358384143e-10,8.826949508001539e-11,0.19319326483053667,0.0
IC0221,Sc,Courteau97,52.35217113237374,9.539798676459894,1.3262119600246448e-10,6.46105903967893e-11,0.21490981511847945,0.0
IC0221,Sc,Courteau97,52.35217113237374,11.455127240200712,5.3428804416672114e-11,4.329281000066757e-11,0.24835409307302914,0.0
IC0221,Sc,Courteau97,52.35217113237374,11.735709554214239,8.45067606639496e-11,5.90033969503692e-11,0.07851815893909456,0.0
IC0635,S?,Mathewson96,73.00549476752731,0.45641560613773546,2.015260973876918e-10,3.312900075157419e-11,0.6613252327951612,0.0
IC0635,S?,Mathewson96,73.00549476752731,1.3692468184132065,3.1376905896159804e-10,8.013515695369362e-11,0.5754638705065255,0.0
IC0635,S?,Mathewson96,73.00549476752731,2.2820780306886777,3.4488275942953023e-10,1.0140761439094827e-10,0.47339547960065076,0.0
IC0635,S?,Mathewson96,73.00549476752731,3.1949092429641484,2.9463052745489753e-10,1.0949930886531285e-10,0.4297335619522894,0.0
IC0635,S?,Mathewson96,73.00549476752731,4.107740455239619,2.735473697528598e-10,1.0321766151695285e-10,0.32954012065660054,0.0
IC0635,S?,Mathewson96,73.00549476752731,5.020571667515091,2.5520421970971005e-10,9.991719751098006e-11,0.28344265373218636,0.0
IC0635,S?,Mathewson96,73.00549476752731,5.933402879790561,2.0450817310705221e-10,6.998612092538673e-11,0.3504440039230652,0.0
IC0635,S?,Mathewson96,73.00549476752731,6.846234092066032,1.9940072714295665e-10,8.153319217861029e-11,0.2299048850395096,0.0
IC0635,S?,Mathewson96,73.00549476752731,7.759065304341503,1.7785022416495177e-10,5.320426214683712e-11,0.321206104678998,0.0
IC0635,S?,Mathewson96,73.00549476752731,8.641007783676338,2.338792580018336e-10,4.118864806378531e-11,0.3460599344776267,0.0
IC0635,S?,Mathewson96,73.00549476752731,8.702785249557609,1.3403070503784691e-10,4.1662052313596646e-11,0.3176162470765689,0.0
IC0635,S?,Mathewson96,73.00549476752731,9.584727728892444,1.3640229916815773e-10,3.588118889191279e-11,0.30727379455056236,0.0
IC0635,S?,Mathewson96,73.00549476752731,10.52844767410855,1.3321170527240572e-10,2.97135116027872e-11,0.3252333318337925,0.0
IC0635,S?,Mathewson96,73.00549476752731,11.441278886384021,1.6703579435000735e-10,2.6589863421572687e-11,0.3187049263371061,0.0
IC0635,S?,Mathewson96,73.00549476752731,12.354110098659492,8.920579291220685e-11,2.8358900256476733e-11,0.21037131730570266,0.0
IC0677,Sbc,Courteau97,64.05711319515699,0.3442079266962403,3.030839142757806e-10,2.966770541150235e-11,0.591334103707779,0.0
IC0677,Sbc,Courteau97,64.05711319515699,0.8605198167406006,2.261651868769236e-10,6.40517045225431e-11,0.5617330128263358,0.0
IC0677,Sbc,Courteau97,64.05711319515699,1.4628836884590213,2.419995806746942e-10,8.593711284951639e-11,0.506517060073572,0.0
IC0677,Sbc,Courteau97,64.05711319515699,2.0652475601774416,2.1165243598182588e-10,9.012626445016281e-11,0.4614340451122735,0.0
IC0677,Sbc,Courteau97,64.05711319515699,2.581559450221802,2.0551461908126962e-10,9.320455785010789e-11,0.4313909776380114,0.0
IC0677,Sbc,Courteau97,64.05711319515699,3.1839233219402225,1.8747706069455915e-10,9.716779699682065e-11,0.389924930561449,0.0
IC0677,Sbc,Courteau97,64.05711319515699,3.786287193658643,1.4858368818381693e-10,9.822175505794289e-11,0.3078587025843876,0.0
IC0677,Sbc,Courteau97,64.05711319515699,4.388651065377063,1.3823151504358844e-10,7.905301153361608e-11,0.357091307750761,0.0
IC0677,Sbc,Courteau97,64.05711319515699,4.991014937095485,1.237610058007302e-10,7.636182912878507e-11,0.2552753436175824,0.0
IC0677,Sbc,Courteau97,64.05711319515699,5.541747619809469,1.0605062038716348e-10,7.725410960653575e-11,0.2236721285448779,0.0
IC0677,Sbc,Courteau97,64.05711319515699,6.109690698858266,1.3709844239917233e-10,7.466397807433341e-11,0.18524489243755357,0.0
IC0677,Sbc,Courteau97,64.05711319515699,6.712054570576686,1.253117784032931e-10,6.877503732153916e-11,0.14821311363378473,0.0
IC0677,Sbc,Courteau97,64.05711319515699,7.056262497272925,9.594278827775383e-11,5.180041656542692e-11,0.2586891278908764,0.0
IC0677,Sbc,Courteau97,64.05711319515699,10.928601672605629,4.719250303272397e-11,2.9195634425666775e-11,0.05797325964715103,0.0
IC0677,Sbc,Courteau97,64.05711319515699,11.358861580975928,4.064680488663413e-11,2.3294456285050053e-11,0.11318099756218282,0.0
IC0677,Sbc,Courteau97,64.05711319515699,11.70306950767217,4.1708067565381334e-11,2.2008217989866513e-11,0.07107960748895649,0.0
IC0756,(R')SA(s)c: AGN,Mathewson96,66.85168765223474,0.0834657164327443,4.945923474436428e-10,2.3980835174914613e-12,0.0,0.0
IC0756,(R')SA(s)c: AGN,Mathewson96,66.85168765223474,1.2271939495309432,9.04866241814464e-11,6.108537028977508e-11,0.5531414962403218,0.0
IC0756,(R')SA(s)c: AGN,Mathewson96,66.85168765223474,1.7197243158073352,2.2537587478661613e-11,6.896923430105695e-11,0.5182458844561875,0.0
IC0756,(R')SA(s)c: AGN,Mathewson96,66.85168765223474,2.454387899061887,1.0278787460953891e-10,7.11457911548122e-11,0.4769925396908942,0.0
IC0756,(R')SA(s)c: AGN,Mathewson96,66.85168765223474,3.2725171987491817,2.6451129220506324e-10,6.412308058730056e-11,0.47291460051514655,0.0
IC0756,(R')SA(s)c: AGN,Mathewson96,66.85168765223474,4.090646498436477,2.5175017239682615e-10,6.035825246522731e-11,0.44716720671347937,0.0
IC0756,(R')SA(s)c: AGN,Mathewson96,66.85168765223474,4.908775798123774,2.4388350573688195e-10,5.4962446126680785e-11,0.41544949663059044,0.0
IC0756,(R')SA(s)c: AGN,Mathewson96,66.85168765223474,5.810370814243812,1.3804644962068595e-10,3.7373394530958424e-11,0.5561532039785829,0.0
IC0756,(R')SA(s)c: AGN,Mathewson96,66.85168765223474,6.545034397498364,2.413805131089223e-10,4.6330276981692504e-11,0.4026056351079188,0.0
IC0756,(R')SA(s)c: AGN,Mathewson96,66.85168765223474,7.363163697185659,1.7037584362486546e-10,5.2450213863749696e-11,0.3907946898714532,0.0
IC0756,(R')SA(s)c: AGN,Mathewson96,66.85168765223474,8.181292996872955,1.5215333666362542e-10,4.605710709083598e-11,0.4183300264315205,0.0
IC0756,(R')SA(s)c: AGN,Mathewson96,66.85168765223474,8.99942229656025,1.4115493457588308e-10,4.545292100154676e-11,0.3937825357931373,0.0
IC0756,(R')SA(s)c: AGN,Mathewson96,66.85168765223474,9.817551596247545,1.324945622831061e-10,4.997346177901644e-11,0.32724800933810894,0.0
IC0756,(R')SA(s)c: AGN,Mathewson96,66.85168765223474,10.63568089593484,1.545936813566128e-10,5.5951538613890754e-11,0.24070778903480447,0.0
IC0756,(R')SA(s)c: AGN,Mathewson96,66.85168765223474,11.53727591205488,1.0318988165330615e-10,3.065423206242047e-11,0.31642530031821225,0.0
IC0756,(R')SA(s)c: AGN,Mathewson96,66.85168765223474,12.355405211742177,9.536349330493259e-11,2.081695156775118e-11,0.5636372816859471,0.0
IC0756,(R')SA(s)c: AGN,Mathewson96,66.85168765223474,13.173534511429471,8.692063691294895e-11,4.033198961133818e-11,0.2460746378220527,0.0
IC0756,(R')SA(s)c: AGN,Mathewson96,66.85168765223474,13.991663811116767,6.216867647849083e-11,3.3241214490606336e-11,0.1708430723094506,0.0
IC0756,(R')SA(s)c: AGN,Mathewson96,66.85168765223474,14.809793110804062,8.132003950757563e-11,2.5388628271898263e-11,0.34070269221485006,0.0
IC0756,(R')SA(s)c: AGN,Mathewson96,66.85168765223474,15.627922410491358,7.782276694083422e-11,3.954411165810594e-11,0.13074899982483076,0.0
IC0768,Scd:,Mathewson96,65.1110523675367,0.29103499381863135,2.593707955893999e-11,1.143877694966356e-11,0.5694182940056034,0.0
IC0768,Scd:,Mathewson96,65.1110523675367,0.873104981455894,7.632100649739602e-11,3.003720179205109e-11,0.5382844014713883,0.0
IC0768,Scd:,Mathewson96,65.1110523675367,1.4551749690931568,1.432597521944677e-10,3.9291165105365466e-11,0.4558602566612629,0.0
IC0768,Scd:,Mathewson96,65.1110523675367,1.974040387365767,1.0925958048101378e-10,4.077077614280179e-11,0.43783916723425775,0.0
IC0768,Scd:,Mathewson96,65.1110523675367,2.1004495260950717,1.3304494641024192e-10,3.979080416497986e-11,0.4382267456154318,0.0
IC0768,Scd:,Mathewson96,65.1110523675367,2.619314944367682,1.362252889786575e-10,3.632397990498518e-11,0.4314396558478997,0.0
IC0768,Scd:,Mathewson96,65.1110523675367,3.2013849320049452,9.251095057346136e-11,3.302603531079065e-11,0.4385770936860141,0.0
IC0768,Scd:,Mathewson96,65.1110523675367,3.7834549196422076,1.2145431323535654e-10,2.8017606698017654e-11,0.4540945365939454,0.0
IC0768,Scd:,Mathewson96,65.1110523675367,4.36552490727947,9.158165602496446e-11,3.09107256615749e-11,0.4266131593664208,0.0
IC0768,Scd:,Mathewson96,65.1110523675367,4.947594894916733,9.69854177361855e-11,2.268854621620244e-11,0.5089439539803878,0.0
IC0768,Scd:,Mathewson96,65.1110523675367,5.466460313189343,8.870029038031028e-11,2.044324524269996e-11,0.519555464497659,0.0
IC0768,Scd:,Mathewson96,65.1110523675367,5.820699876372627,7.848441524391573e-11,2.8920532711241423e-11,0.3787281043203387,0.0
IC0768,Scd:,Mathewson96,65.1110523675367,6.17493943955591,1.1361218133729093e-10,2.5648398247989503e-11,0.27287651197051516,0.0
IC0768,Scd:,Mathewson96,65.1110523675367,6.630600288463868,5.981323565059586e-11,1.9122951419079466e-11,0.48137336463310376,0.0
IC0768,Scd:,Mathewson96,65.1110523675367,7.275874845465784,9.084393554000666e-11,1.8513568874766737e-11,0.4529121080865572,0.0
IC0768,Scd:,Mathewson96,65.1110523675367,7.794740263738394,8.438393815526591e-11,2.446938734608122e-11,0.29909358319839047,0.0
IC0768,Scd:,Mathewson96,65.1110523675367,8.376810251375657,7.420470009342081e-11,2.7447907521083444e-11,0.19488874907781029,0.0
IC0768,Scd:,Mathewson96,65.1110523675367,8.95888023901292,8.312704140695683e-11,1.526260801462426e-11,0.36795970385699,0.0
IC0768,Scd:,Mathewson96,65.1110523675367,9.540950226650182,6.39181102055727e-11,1.7258278713905083e-11,0.30319881499922074,0.0
IC0768,Scd:,Mathewson96,65.1110523675367,10.123020214287445,7.754759769118561e-11,2.3137348482135957e-11,0.12834794709363762,0.0
IC0797,SB(s)c II.5 HII,SHIVir,51.2551343071332,0.16696967493273218,6.399102611522247e-11,1.4628696997110826e-11,0.10918904170374107,0.0
IC0797,SB(s)c II.5 HII,SHIVir,51.2551343071332,0.43412115482510366,8.505039857401514e-11,3.1648352406234015e-11,0.3394222350383971,0.0
IC0797,SB(s)c II.5 HII,SHIVir,51.2551343071332,0.7346665697040216,7.869620334828351e-11,4.5764284648439125e-11,0.3110831536741477,0.0
IC0797,SB(s)c II.5 HII,SHIVir,51.2551343071332,1.0352119845829395,7.793991589404109e-11,5.1559218629792023e-11,0.24114112185023712,0.0
IC0797,SB(s)c II.5 HII,SHIVir,51.2551343071332,1.3357573994618575,5.902296007829773e-11,4.809916424880209e-11,0.24969760204905786,0.0
IC0797,SB(s)c II.5 HII,SHIVir,51.2551343071332,1.63153225219984,6.007508581235407e-11,4.526469839861606e-11,0.215044556161298,0.0
IC0797,SB(s)c II.5 HII,SHIVir,51.2551343071332,1.925716917557511,6.366791226881869e-11,4.292426195032464e-11,0.19545111989480635,0.0
IC0797,SB(s)c II.5 HII,SHIVir,51.2551343071332,2.2707875790851575,5.166325647121991e-11,3.778547209787235e-11,0.17028631974171315,0.0
IC0800,SB(rs)c pec? HII,SHIVir,45.719776964682154,0.14253508835721038,1.453108153097702e-11,9.679300255792401e-12,0.10250144678204651,0.0
IC0800,SB(rs)c pec? HII,SHIVir,45.719776964682154,0.4457049588312769,2.2586924517162125e-11,2.818590696689204e-11,0.3648901098148911,0.0
IC0800,SB(rs)c pec? HII,SHIVir,45.719776964682154,0.7483092138753544,5.852855671243925e-11,4.1770899331764305e-11,0.2909650886919385,0.0
IC0800,SB(rs)c pec? HII,SHIVir,45.719776964682154,1.050913468919432,7.013201665926647e-11,4.024530637430729e-11,0.32726752422984956,0.0
IC0800,SB(rs)c pec? HII,SHIVir,45.719776964682154,1.340993382299469,9.320347771969196e-11,3.719448592622595e-11,0.33709587354809356,0.0
IC0800,SB(rs)c pec? HII,SHIVir,45.719776964682154,1.6544251327176205,9.235099670284453e-11,3.560608183422506e-11,0.32230564119567073,0.0
IC0800,SB(rs)c pec? HII,SHIVir,45.719776964682154,1.9394953094320413,9.850308683992879e-11,3.430317934042051e-11,0.2723901829387585,0.0
IC0800,SB(rs)c pec? HII,SHIVir,45.719776964682154,2.224565486146462,8.779059314772006e-11,3.3994059826018153e-11,0.2671538406973827,0.0
IC0800,SB(rs)c pec? HII,SHIVir,45.719776964682154,2.5452694349501854,7.898719071397398e-11,3.293604019683754e-11,0.21174824068722894,0.0
IC0800,SB(rs)c pec? HII,SHIVir,45.719776964682154,2.865973383753909,6.94736734189067e-11,3.050215151465952e-11,0.14807803240743347,0.0
IC0800,SB(rs)c pec? HII,SHIVir,45.719776964682154,3.044142244200422,8.556695020627676e-11,2.827451850539827e-11,0.1917531034219858,0.0
IC0842,Sb,Courteau97,63.47546456373416,0.3811105068722275,2.695005042015354e-10,1.6471113408071172e-11,0.7168969543005557,0.0
IC0842,Sb,Courteau97,63.47546456373416,1.1469100230286282,3.2176672888445536e-10,4.305574115351911e-11,0.6455392739841099,0.0
IC0842,Sb,Courteau97,63.47546456373416,1.8475807952876153,2.0081881189707298e-10,5.6550055816159743e-11,0.581279441431758,0.0
IC0842,Sb,Courteau97,63.47546456373416,2.5765217366009745,2.386789376035487e-10,5.913109281752217e-11,0.5674489106797015,0.0
IC0842,Sb,Courteau97,63.47546456373416,3.3054626779143335,1.6179854971856017e-10,6.106237196707872e-11,0.5235929990532096,0.0
IC0842,Sb,Courteau97,63.47546456373416,4.102037314813468,1.7441170830379544e-10,5.602985216201824e-11,0.5515135466571099,0.0
IC0842,Sb,Courteau97,63.47546456373416,4.830978256126827,1.3666643996877718e-10,5.635405172240117e-11,0.501067328865728,0.0
IC0842,Sb,Courteau97,63.47546456373416,5.47510869027707,1.1568592076577564e-10,5.2349845603441227e-11,0.5488022245054974,0.0
IC0842,Sb,Courteau97,63.47546456373416,6.1925984238722025,1.2366638569454104e-10,3.0646057388620015e-11,0.6895092366437778,0.0
IC0842,Sb,Courteau97,63.47546456373416,7.034441116282451,1.3996823078589027e-10,5.687973378694181e-11,0.4112769800048193,0.0
IC0842,Sb,Courteau97,63.47546456373416,7.729565209802923,1.2802511216089365e-10,5.5551369135512147e-11,0.3885869712639758,0.0
IC0842,Sb,Courteau97,63.47546456373416,8.458506151116282,1.2357922225609143e-10,4.26241490036066e-11,0.4202386180499037,0.0
IC0842,Sb,Courteau97,63.47546456373416,9.255080788015416,1.1381931965375627e-10,2.7403111686674515e-11,0.6127874443244957,0.0
IC0842,Sb,Courteau97,63.47546456373416,9.984021729328775,1.0915467866374329e-10,2.2320004956378327e-11,0.7004138366963745,0.0
IC0842,Sb,Courteau97,63.47546456373416,10.628152163479019,1.401971824272541e-10,6.006467074674333e-11,0.32947384414570174,0.0
IC0842,Sb,Courteau97,63.47546456373416,11.357093104792378,1.2976091772822107e-10,7.289404574331052e-11,0.17412301810248831,0.0
IC0842,Sb,Courteau97,63.47546456373416,12.153667741691512,1.1413032501874007e-10,2.6198991642316143e-11,0.5787119079449005,0.0
IC0842,Sb,Courteau97,63.47546456373416,12.941653972801976,9.729053625879578e-11,5.3717552431469355e-11,0.20643022693069943,0.0
IC0842,Sb,Courteau97,63.47546456373416,13.585784406952222,6.944033132637508e-11,3.4398859217331546e-11,0.3063375932791154,0.0
IC0842,Sb,Courteau97,63.47546456373416,14.229914841102463,8.128482556057595e-11,4.424583672099549e-11,0.17699459609538273,0.0
IC0842,Sb,Courteau97,63.47546456373416,14.713012666715148,1.0927484284194869e-10,2.7150602274342596e-11,0.38099477197478177,0.0
IC0871,Sb,Courteau97,62.878515400846716,0.593805003164753,3.741465461953023e-10,1.160431615752467e-10,0.5946113470010074,0.0
IC0871,Sb,Courteau97,62.878515400846716,1.7347768744091339,6.857735073254368e-10,2.3527809375501685e-10,0.428098104614675,0.0
IC0871,Sb,Courteau97,62.878515400846716,2.802331874045524,5.808188068870205e-10,2.2382476183769492e-10,0.36466542954204395,0.0
IC0871,Sb,Courteau97,62.878515400846716,3.869886873681914,4.398553566839433e-10,1.5929746047994264e-10,0.38582432204145395,0.0
IC0871,Sb,Courteau97,62.878515400846716,4.9374418733183045,3.4778030879772395e-10,1.652490263717537e-10,0.291175555219977,0.0
IC0871,Sb,Courteau97,62.878515400846716,6.0049968729546945,3.053577102239202e-10,1.349649118549293e-10,0.27544296665357193,0.0
IC0871,Sb,Courteau97,62.878515400846716,7.072551872591084,2.765159617660303e-10,1.1243858787574956e-10,0.21372704512962282,0.0
IC0871,Sb,Courteau97,62.878515400846716,8.081992135775407,2.121684646237757e-10,8.877462329139269e-11,0.2775135924749178,0.0
IC0871,Sb,Courteau97,62.878515400846716,9.201191841563038,1.6482479482279766e-10,5.3071508621690197e-11,0.4050256604888675,0.0
IC0871,Sb,Courteau97,62.878515400846716,10.331483027866371,2.04696805508157e-10,7.149395406410758e-11,0.15676653046835434,0.0
IC0871,Sb,Courteau97,62.878515400846716,11.349241901437471,2.0136915670753962e-10,6.198996807331486e-11,0.14077441649816833,0.0
IC0871,Sb,Courteau97,62.878515400846716,13.071078715244951,9.588108172881477e-11,4.3153641547053606e-11,0.2294185714534683,0.0
IC0871,Sb,Courteau97,62.878515400846716,13.738300590017696,1.5659808614052232e-10,4.760726080295929e-11,0.11794869165432842,0.0
IC0871,Sb,Courteau97,62.878515400846716,14.805855589654087,1.2163684331155437e-10,2.4235779211319904e-11,0.40841356299485865,0.0
IC0871,Sb,Courteau97,62.878515400846716,15.873410589290476,1.2185803569080109e-10,3.076260463231567e-11,0.21164954857580046,0.0
IC0871,Sb,Courteau97,62.878515400846716,16.80752121397232,1.5179313876488612e-10,3.827397199392968e-11,0.09465515283923952,0.0
IC0871,Sb,Courteau97,62.878515400846716,19.489348773664947,6.41283730160481e-11,1.828679521340007e-11,0.2708015334451212,0.0
IC0871,Sb,Courteau97,62.878515400846716,20.15657064843769,7.613601689817186e-11,2.737109825763161e-11,0.08209345409055734,0.0
IC0871,Sb,Courteau97,62.878515400846716,21.22412564807408,8.465493934739345e-11,1.7203489182901567e-11,0.21293192099039532,0.0
IC0871,Sb,Courteau97,62.878515400846716,21.891347522846825,7.958072252712983e-11,1.0896015306127379e-11,0.4381914254754955,0.0
IC0900,SAB(s)bc,Mathewson96,51.821060399057004,0.4803586648243764,5.833574850656679e-11,3.064034666815833e-11,0.7314678688148047,0.0
IC0900,SAB(s)bc,Mathewson96,51.821060399057004,1.4410759944731293,2.9050356009386294e-10,7.548469502959083e-11,0.6580664050885429,0.0
IC0900,SAB(s)bc,Mathewson96,51.821060399057004,2.401793324121882,2.1933251338189422e-10,8.544888721082112e-11,0.6250325754675167,0.0
IC0900,SAB(s)bc,Mathewson96,51.821060399057004,3.3625106537706344,2.1033679082941626e-10,1.1024752709112172e-10,0.5657376070591276,0.0
IC0900,SAB(s)bc,Mathewson96,51.821060399057004,4.323227983419388,2.1047651419505081e-10,1.0780450916095853e-10,0.495991703485765,0.0
IC0900,SAB(s)bc,Mathewson96,51.821060399057004,5.1524531937071245,1.52142016866959e-10,8.236558883379328e-11,0.5856549258054748,0.0
IC0900,SAB(s)bc,Mathewson96,51.821060399057004,5.764303977892517,1.6167367090673996e-10,1.1155244008432587e-10,0.42187693336847604,0.0
IC0900,SAB(s)bc,Mathewson96,51.821060399057004,6.725021307541271,1.7135293624029291e-10,8.790093417349905e-11,0.5460158792260623,0.0
IC0900,SAB(s)bc,Mathewson96,51.821060399057004,7.685738637190022,1.7239859571957718e-10,1.2539613336897762e-10,0.2662715573751998,0.0
IC0900,SAB(s)bc,Mathewson96,51.821060399057004,8.297589421375415,1.9958901166564634e-10,7.038931268011972e-11,0.5134036652682203,0.0
IC0900,SAB(s)bc,Mathewson96,51.821060399057004,9.126814631663152,1.3210131586039492e-10,5.861511455396665e-11,0.5374347237003771,0.0
IC0900,SAB(s)bc,Mathewson96,51.821060399057004,10.087531961311903,1.5121690495989328e-10,5.1468234993872013e-11,0.5266362260106175,0.0
IC0900,SAB(s)bc,Mathewson96,51.821060399057004,11.048249290960657,1.5143451371420248e-10,4.2621900017166675e-11,0.567225711972124,0.0
IC0900,SAB(s)bc,Mathewson96,51.821060399057004,12.00896662060941,1.1642550381574e-10,4.9411483867130344e-11,0.4636735025523604,0.0
IC0900,SAB(s)bc,Mathewson96,51.821060399057004,12.969683950258164,9.340997016265881e-11,6.054228310172777e-11,0.31205084091801705,0.0
IC0900,SAB(s)bc,Mathewson96,51.821060399057004,14.061893399267932,1.0239501586999176e-10,6.750868866839484e-11,0.20566227637611198,0.0
IC0900,SAB(s)bc,Mathewson96,51.821060399057004,15.022610728916684,1.0514945797119604e-10,7.387153789596965e-11,0.11360931113622658,0.0
IC0900,SAB(s)bc,Mathewson96,51.821060399057004,15.983328058565439,9.527879895066314e-11,3.6393520303890434e-11,0.37625943205266704,0.0
IC0900,SAB(s)bc,Mathewson96,51.821060399057004,16.94404538821419,7.799264298317892e-11,5.3740170388092084e-11,0.13757922998379185,0.0
IC0900,SAB(s)bc,Mathewson96,51.821060399057004,17.904762717862944,8.089300716086112e-11,2.436696896633392e-11,0.4602086273096535,0.0
IC0952,SBbc,Mathewson96,71.40243241348341,0.004993161224638208,3.393457877335131e-11,1.4535055303495005e-13,0.0,0.0
IC0952,SBbc,Mathewson96,71.40243241348341,0.5815564249872736,2.834439501831554e-12,2.140483831441692e-11,0.643695777919051,0.0
IC0952,SBbc,Mathewson96,71.40243241348341,1.1631128499745471,5.2028148400643564e-11,3.599697463006441e-11,0.570156564480753,0.0
IC0952,SBbc,Mathewson96,71.40243241348341,1.7446692749618207,8.829641107410774e-11,3.9634631019959055e-11,0.5443601217527912,0.0
IC0952,SBbc,Mathewson96,71.40243241348341,2.3262256999490942,9.139564115586554e-11,3.904080288213445e-11,0.543699978128701,0.0
IC0952,SBbc,Mathewson96,71.40243241348341,2.9077821249363676,9.296983608468834e-11,4.631659357099285e-11,0.4741512818281851,0.0
IC0952,SBbc,Mathewson96,71.40243241348341,3.4893385499236413,1.0782463624678579e-10,5.277976195448401e-11,0.36927577463564243,0.0
IC0952,SBbc,Mathewson96,71.40243241348341,4.070894974910916,1.1092664073523797e-10,4.755275094625862e-11,0.40466473129798736,0.0
IC0952,SBbc,Mathewson96,71.40243241348341,4.6524513998981885,8.192452214794558e-11,4.809525502192295e-11,0.29548824182918937,0.0
IC0952,SBbc,Mathewson96,71.40243241348341,5.234007824885462,9.26936161444067e-11,4.7513378686795006e-11,0.2944534174466165,0.0
IC0952,SBbc,Mathewson96,71.40243241348341,5.815564249872736,7.66066022814638e-11,4.188647950016153e-11,0.3018835248049186,0.0
IC0952,SBbc,Mathewson96,71.40243241348341,6.39712067486001,6.878728128049137e-11,3.76702769859272e-11,0.2961877488851923,0.0
IC0952,SBbc,Mathewson96,71.40243241348341,6.978677099847283,5.865415964112503e-11,3.6592070945649154e-11,0.2598034341159166,0.0
IC0952,SBbc,Mathewson96,71.40243241348341,7.5602335248345565,5.718683955462362e-11,3.503891723359726e-11,0.21076226123849756,0.0
IC0952,SBbc,Mathewson96,71.40243241348341,8.14178994982183,5.0792172691408686e-11,2.158586492059877e-11,0.35226917246423844,0.0
IC0952,SBbc,Mathewson96,71.40243241348341,8.723346374809104,6.781340676502008e-11,2.1576582902953997e-11,0.35513898351556333,0.0
IC0952,SBbc,Mathewson96,71.40243241348341,9.304902799796377,5.283752998905166e-11,2.8333912058458715e-11,0.19021771969861465,0.0
IC0952,SBbc,Mathewson96,71.40243241348341,9.881466063559012,5.2468863506975266e-11,1.8291999548323035e-11,0.2762830122383472,0.0
IC0984,Sb,Mathewson96,75.92415907675074,0.31240975929023346,4.494903302431968e-10,1.4801967636446743e-11,0.6628993924782222,0.0
IC0984,Sb,Mathewson96,75.92415907675074,0.9372292778707005,1.882916813215425e-10,3.795666442384209e-11,0.6364213232320864,0.0
IC0984,Sb,Mathewson96,75.92415907675074,1.5620487964511671,1.965838855213082e-10,5.1889571557791034e-11,0.5659017128358964,0.0
IC0984,Sb,Mathewson96,75.92415907675074,2.186868315031634,2.160648684479724e-10,5.840457218331304e-11,0.5473044610157333,0.0
IC0984,Sb,Mathewson96,75.92415907675074,2.6475938186313726,2.5999506709073666e-10,5.98042687351515e-11,0.5302984180746233,0.0
IC0984,Sb,Mathewson96,75.92415907675074,3.436507352192568,2.507568069075093e-10,5.870167321090936e-11,0.4909522980074763,0.0
IC0984,Sb,Mathewson96,75.92415907675074,4.061326870773035,2.4878686115996204e-10,4.9292975680224626e-11,0.5164570823437538,0.0
IC0984,Sb,Mathewson96,75.92415907675074,4.686146389353501,1.9361620788227116e-10,5.923980848350907e-11,0.4654394467171044,0.0
IC0984,Sb,Mathewson96,75.92415907675074,5.310965907933969,1.7339342797125227e-10,4.115910807786815e-11,0.566022428773446,0.0
IC0984,Sb,Mathewson96,75.92415907675074,5.935785426514435,2.0756660840130468e-10,3.7099129462216255e-11,0.5520546709254794,0.0
IC0984,Sb,Mathewson96,75.92415907675074,6.560604945094902,1.711565840617677e-10,3.708344839608676e-11,0.5099611844534023,0.0
IC0984,Sb,Mathewson96,75.92415907675074,7.1854244636753695,1.446595365694817e-10,3.14300426840933e-11,0.5602994834934254,0.0
IC0984,Sb,Mathewson96,75.92415907675074,7.810243982255837,1.1813453541966962e-10,2.907687954352437e-11,0.5805163255551132,0.0
IC0984,Sb,Mathewson96,75.92415907675074,8.435063500836304,1.1895559984466659e-10,3.820509313844391e-11,0.4572116003779997,0.0
IC0984,Sb,Mathewson96,75.92415907675074,9.05988301941677,8.727141446149465e-11,5.4996683329486177e-11,0.2804374908484137,0.0
IC0984,Sb,Mathewson96,75.92415907675074,9.684702537997238,1.3851728712435125e-10,3.455215529186724e-11,0.3217327967736129,0.0
IC0984,Sb,Mathewson96,75.92415907675074,10.145428041596976,1.3105158908433673e-10,3.994539988683999e-11,0.34646655311594926,0.0
IC0984,Sb,Mathewson96,75.92415907675074,10.770247560177443,1.0661784589048226e-10,4.982406976591365e-11,0.19668418540009594,0.0
IC0984,Sb,Mathewson96,75.92415907675074,11.39506707875791,6.860201750269333e-11,2.4161351995457488e-11,0.48636524567025036,0.0
IC0984,Sb,Mathewson96,75.92415907675074,12.019886597338377,7.819828760682372e-11,4.490802663685324e-11,0.19884451241875145,0.0
IC0984,Sb,Mathewson96,75.92415907675074,12.644706115918844,7.733731948311264e-11,1.7372398636336602e-11,0.5565060107701945,0.0
IC1048,S,Mathewson96,76.08978280187621,0.16137916111151515,1.2920113778535622e-10,1.8587671285292054e-11,0.2427545156174377,0.0
IC1048,S,Mathewson96,76.08978280187621,0.4387149734564759,5.6616246812742994e-11,4.855269347471391e-11,0.44637586036569465,0.0
IC1048,S,Mathewson96,76.08978280187621,0.7160507858014368,1.0519669952901218e-10,6.968408544944082e-11,0.4083370024797143,0.0
IC1048,S,Mathewson96,76.08978280187621,1.038809108024467,1.3940569063267953e-10,7.674409744396031e-11,0.40497820992067785,0.0
IC1048,S,Mathewson96,76.08978280187621,1.3741232459861505,1.8651190790440144e-10,7.278714123708502e-11,0.4186916863055727,0.0
IC1048,S,Mathewson96,76.08978280187621,1.6451811504617846,2.1809098664585645e-10,6.955745453703305e-11,0.4263830127851986,0.0
IC1048,S,Mathewson96,76.08978280187621,1.9162390549374189,2.2883335693154669e-10,6.546452844614907e-11,0.40255798102459384,0.0
IC1048,S,Mathewson96,76.08978280187621,2.2515531928991024,1.7987819250843343e-10,6.106942240415866e-11,0.43571107394880615,0.0
IC1048,S,Mathewson96,76.08978280187621,2.5743115151221327,1.3224383563209684e-10,6.186995643022452e-11,0.4049209662508635,0.0
IC1048,S,Mathewson96,76.08978280187621,2.8516473274670933,1.279749540663303e-10,6.372400991690672e-11,0.37927945842096017,0.0
IC1048,S,Mathewson96,76.08978280187621,3.128983139812054,1.499468437253878e-10,6.596799664712951e-11,0.336295965580229,0.0
IC1048,S,Mathewson96,76.08978280187621,3.4517414620350846,1.537159424273004e-10,6.820501385699795e-11,0.29280763356327605,0.0
IC1048,S,Mathewson96,76.08978280187621,3.729077274380045,1.6919133626102212e-10,6.434244910026907e-11,0.23752629200209774,0.0
IC1048,S,Mathewson96,76.08978280187621,4.006413086725005,1.515628268800521e-10,6.081618397523103e-11,0.28690097092113803,0.0
IC1048,S,Mathewson96,76.08978280187621,4.329171408948036,1.4488232480784955e-10,6.245240986455544e-11,0.24147248779871136,0.0
IC1048,S,Mathewson96,76.08978280187621,4.651929731171067,1.2843087555839035e-10,6.345290723898937e-11,0.17002217624061003,0.0
IC1048,S,Mathewson96,76.08978280187621,4.980965961263424,1.4220988843948127e-10,5.4828620413681914e-11,0.09873629337811592,0.0
IC1048,S,Mathewson96,76.08978280187621,5.310002191355781,1.1972434355834224e-10,4.911117355868068e-11,0.17014764098540727,0.0
IC1048,S,Mathewson96,76.08978280187621,5.529359678084018,1.9970323791662502e-10,4.961238472757848e-11,0.08950147917236788,0.0
IC1048,S,Mathewson96,76.08978280187621,5.858395908176375,1.6283958654257662e-10,4.1173833896288613e-11,0.14414211015830167,0.0
IC1133,Scd:,Courteau97,73.47690630649483,0.21378763687489397,5.234261662708373e-12,2.5843354253716384e-12,0.7313176631567886,0.0
IC1133,Scd:,Courteau97,73.47690630649483,0.620102261653698,1.5240989354406344e-11,8.11374361489728e-12,0.7119604492920073,0.0
IC1133,Scd:,Courteau97,73.47690630649483,1.0630324485491964,5.0016049686551345e-11,1.4508758472819196e-11,0.6422386907183978,0.0
IC1133,Scd:,Courteau97,73.47690630649483,1.505962635444695,6.945293567347678e-11,2.0395555232608153e-11,0.5705040157312355,0.0
IC1133,Scd:,Courteau97,73.47690630649483,1.9122772602234988,8.052770564205749e-11,2.3178468117923775e-11,0.5226600779169723,0.0
IC1133,Scd:,Courteau97,73.47690630649483,2.339852533973287,8.248507417151756e-11,2.4420232690827052e-11,0.4868986496029498,0.0
IC1133,Scd:,Courteau97,73.47690630649483,2.7461671587520913,7.092856953401019e-11,2.547186992170659e-11,0.4770493765630567,0.0
IC1133,Scd:,Courteau97,73.47690630649483,3.1890973456475895,5.845784164162002e-11,2.604748656092999e-11,0.4105949015202652,0.0
IC1133,Scd:,Courteau97,73.47690630649483,3.6320275325430877,5.841089738190956e-11,2.7306620182615692e-11,0.4008621003880985,0.0
IC1133,Scd:,Courteau97,73.47690630649483,4.0383421573218925,5.041064965059059e-11,2.6171610869676885e-11,0.38649476108719266,0.0
IC1133,Scd:,Courteau97,73.47690630649483,4.46591743107168,8.016130690354612e-11,2.3695549505282614e-11,0.386733743572642,0.0
IC1133,Scd:,Courteau97,73.47690630649483,4.872232055850484,4.333521586088803e-11,2.2673861211919263e-11,0.3698108847169266,0.0
IC1133,Scd:,Courteau97,73.47690630649483,5.315162242745982,4.5290143374235526e-11,2.1693752764081016e-11,0.35122962474107566,0.0
IC1133,Scd:,Courteau97,73.47690630649483,5.758092429641481,5.028437381090956e-11,2.1575727827113698e-11,0.3103083924287291,0.0
IC1133,Scd:,Courteau97,73.47690630649483,6.164407054420285,5.5042554763165795e-11,1.5462000943458828e-11,0.3619391601302354,0.0
IC1133,Scd:,Courteau97,73.47690630649483,6.591982328170073,4.822549738575339e-11,1.3833376949107223e-11,0.45435252217651767,0.0
IC1133,Scd:,Courteau97,73.47690630649483,6.966799695214085,5.1514041205534205e-11,2.0961377055486185e-11,0.24914935236790306,0.0
IC1133,Scd:,Courteau97,73.47690630649483,7.435321404019103,7.040554997355957e-11,1.2936788145645608e-11,0.3753752695324216,0.0
IC1133,Scd:,Courteau97,73.47690630649483,7.878251590914601,5.540750048957035e-11,1.5968986015663266e-11,0.30233089847526845,0.0
IC1133,Scd:,Courteau97,73.47690630649483,8.232595740431,5.3957266132038426e-11,1.4454877599422244e-11,0.2031747140224196,0.0
IC1133,Scd:,Courteau97,73.47690630649483,8.498353852568298,7.825312102333112e-11,1.8750919891078386e-11,0.17288928349305147,0.0
IC1474,Scd:,Courteau97/Mathewson96,61.47112067304459,0.2741618123199856,1.0872714682047144e-10,4.0740773577090794e-11,0.440018133243375,0.0
IC1474,Scd:,Courteau97/Mathewson96,61.47112067304459,0.8222589193513199,2.141913439718406e-10,8.678101240611381e-11,0.4879991913772859,0.0
IC1474,Scd:,Courteau97/Mathewson96,61.47112067304459,1.343022901607156,2.1553047883998752e-10,1.0256550105182773e-10,0.4472047018873158,0.0
IC1474,Scd:,Courteau97/Mathewson96,61.47112067304459,1.8957636196155432,1.6079586369021152e-10,1.1271989428721689e-10,0.4021177572615587,0.0
IC1474,Scd:,Courteau97/Mathewson96,61.47112067304459,2.4425058157655872,1.756560743969768e-10,1.1632766907913879e-10,0.3028598193439017,0.0
IC1474,Scd:,Courteau97/Mathewson96,61.47112067304459,2.8662783138196013,1.9068131119590762e-10,1.085174399823808e-10,0.32288065458692966,0.0
IC1474,Scd:,Courteau97/Mathewson96,61.47112067304459,3.4509127111240394,1.5672431939427238e-10,9.992180722147042e-11,0.2892568362321478,0.0
IC1474,Scd:,Courteau97/Mathewson96,61.47112067304459,3.9785229184371005,1.7267589924914164e-10,9.575529941317538e-11,0.18268370704267978,0.0
IC1474,Scd:,Courteau97/Mathewson96,61.47112067304459,4.513841555927246,1.428853505229463e-10,8.885353532621138e-11,0.17196110126858402,0.0
IC1474,Scd:,Courteau97/Mathewson96,61.47112067304459,5.043464893543096,9.928383743590524e-11,7.334938053277123e-11,0.16399999685576283,0.0
IC1474,Scd:,Courteau97/Mathewson96,61.47112067304459,5.611531505310436,8.375678977713619e-11,5.951894167618334e-11,0.15238911783282258,0.0
IC1474,Scd:,Courteau97/Mathewson96,61.47112067304459,6.091983443143529,1.2997428810126064e-10,5.3646812392466354e-11,0.11729712379891676,0.0
IC1474,Scd:,Courteau97/Mathewson96,61.47112067304459,6.6748321266332145,9.024761296231958e-11,4.5599635303844033e-11,0.09387754226690839,0.0
IC1474,Scd:,Courteau97/Mathewson96,61.47112067304459,7.2915263161467045,6.77008474050542e-11,3.9001977848183754e-11,0.06852118771558315,0.0
IC1474,Scd:,Courteau97/Mathewson96,61.47112067304459,7.812290298402541,9.662966476379683e-11,3.4210824129216147e-11,0.0398046283631337,0.0
IC1474,Scd:,Courteau97/Mathewson96,61.47112067304459,8.223419758078201,7.600442582206795e-11,2.858062415292093e-11,0.07600793508233618,0.0
IC1474,Scd:,Courteau97/Mathewson96,61.47112067304459,9.45680813710518,6.456914703235188e-11,2.2470108752425995e-11,0.023670387607843235,0.0
IC1474,Scd:,Courteau97/Mathewson96,61.47112067304459,10.2790670564565,4.574585387609701e-11,1.7909251620052736e-11,0.020809418500342004,0.0
IC1474,Scd:,Courteau97/Mathewson96,61.47112067304459,10.690196516132161,5.395281671888664e-11,1.659635515436622e-11,0.03325753045986471,0.0
IC1504,Sb HII,ShellFlow,76.72734662198727,0.5991740370666645,6.856346738203355e-11,3.1038330522029034e-11,0.710424532013805,0.0
IC1504,Sb HII,ShellFlow,76.72734662198727,1.7268070831212277,3.4379394302329746e-10,6.818886239633984e-11,0.6023406998661246,0.0
IC1504,Sb HII,ShellFlow,76.72734662198727,2.8544401291757904,2.748393768887741e-10,8.298869481112224e-11,0.5359271131940405,0.0
IC1504,Sb HII,ShellFlow,76.72734662198727,4.052788203309119,2.401040698867636e-10,7.014273026884726e-11,0.5623776068144347,0.0
IC1504,Sb HII,ShellFlow,76.72734662198727,5.1804212493636825,2.0679812676230503e-10,8.369345338582646e-11,0.4785752506633349,0.0
IC1504,Sb HII,ShellFlow,76.72734662198727,6.308054295418246,1.872892823705646e-10,7.948446006113929e-11,0.4678851049708869,0.0
IC1504,Sb HII,ShellFlow,76.72734662198727,7.506402369551576,1.622881608145369e-10,9.957972974975935e-11,0.3198182227627157,0.0
IC1504,Sb HII,ShellFlow,76.72734662198727,8.634035415606139,1.4177127108016637e-10,4.6600971645715776e-11,0.5609370570262284,0.0
IC1504,Sb HII,ShellFlow,76.72734662198727,9.761668461660701,1.238643514372683e-10,5.2972388305813746e-11,0.35562209640445985,0.0
IC1504,Sb HII,ShellFlow,76.72734662198727,10.960016535794031,1.1400193628068998e-10,8.261678073085713e-11,0.21948167701814725,0.0
IC1504,Sb HII,ShellFlow,76.72734662198727,12.087649581848593,1.160410013094636e-10,7.758647105555011e-11,0.19207017279115887,0.0
IC1504,Sb HII,ShellFlow,76.72734662198727,13.215282627903157,1.133530309033832e-10,7.332999345627798e-11,0.1544285079088227,0.0
IC1504,Sb HII,ShellFlow,76.72734662198727,14.413630702036484,1.016203042975113e-10,6.139545065399188e-11,0.12871664857415577,0.0
IC1504,Sb HII,ShellFlow,76.72734662198727,15.541263748091048,9.894033569996831e-11,2.014369764179384e-11,0.5692779181830911,0.0
IC1504,Sb HII,ShellFlow,76.72734662198727,16.66889679414561,9.418428763557882e-11,3.4598100174782744e-11,0.24555346224046948,0.0
IC1504,Sb HII,ShellFlow,76.72734662198727,17.80494035110174,8.237147729012834e-11,4.217383892768653e-11,0.09888197184026405,0.0
IC1504,Sb HII,ShellFlow,76.72734662198727,18.973855915060724,7.647044796905907e-11,2.1073112282348823e-11,0.3396122362001111,0.0
IC1504,Sb HII,ShellFlow,76.72734662198727,20.111045970959687,8.017056277193381e-11,2.6803048131609165e-11,0.1300711602457059,0.0
IC1504,Sb HII,ShellFlow,76.72734662198727,21.040865169563425,9.042224904182991e-11,2.9241409164120924e-11,0.03557728141070361,0.0
IC1504,Sb HII,ShellFlow,76.72734662198727,22.63484093859841,6.709092891254922e-11,1.8575743304042035e-11,0.163066033613565,0.0
IC1504,Sb HII,ShellFlow,76.72734662198727,23.03333488085715,7.214855163294677e-11,1.8699403667298948e-11,0.10313980247866007,0.0
IC1839,Sbc,Courteau97,67.95629713361166,0.4458323758272126,3.0420906036674555e-10,1.4978198313802452e-11,0.696142935759922,0.0
IC1839,Sbc,Courteau97,67.95629713361166,1.0402755435968294,3.209969919122094e-10,3.0859237705903414e-11,0.6395704273752013,0.0
IC1839,Sbc,Courteau97,67.95629713361166,1.6842556420139143,2.258990226491411e-10,4.2614912342694634e-11,0.5699003397241383,0.0
IC1839,Sbc,Courteau97,67.95629713361166,2.229161879136063,1.7839703746794415e-10,4.811349057339687e-11,0.5328604887402798,0.0
IC1839,Sbc,Courteau97,67.95629713361166,2.82360504690568,2.5532856788206425e-10,5.23669658956682e-11,0.5143901717323172,0.0
IC1839,Sbc,Courteau97,67.95629713361166,3.4180482146752964,2.346400151760308e-10,5.470474489838783e-11,0.4772123456770656,0.0
IC1839,Sbc,Courteau97,67.95629713361166,4.22054649116428,1.1601075462600767e-10,4.656070424870313e-11,0.505942702854427,0.0
IC1839,Sbc,Courteau97,67.95629713361166,4.904156134099338,1.394437632210767e-10,5.2344140259998857e-11,0.39315676743514166,0.0
IC1839,Sbc,Courteau97,67.95629713361166,5.498599301868955,1.60760192495405e-10,5.3610328620535384e-11,0.39051362948316065,0.0
IC1839,Sbc,Courteau97,67.95629713361166,6.093042469638572,1.3633696709884602e-10,5.118455607960551e-11,0.3821936713717624,0.0
IC1839,Sbc,Courteau97,67.95629713361166,6.687485637408189,1.7797509505374739e-10,5.293903810619461e-11,0.33013986477674057,0.0
IC1839,Sbc,Courteau97,67.95629713361166,7.281928805177806,1.6971724411956218e-10,5.7077017605413615e-11,0.24753272313951202,0.0
IC1839,Sbc,Courteau97,67.95629713361166,7.876371972947423,1.5742806587141545e-10,5.12696135171283e-11,0.19030156570684734,0.0
IC1839,Sbc,Courteau97,67.95629713361166,8.47081514071704,1.1204611135482915e-10,3.030514792808091e-11,0.3958097967190562,0.0
IC1839,Sbc,Courteau97,67.95629713361166,12.631917315104356,5.082823715051478e-11,2.474575659691243e-11,0.117257649253702,0.0
IC2219,Sc,Courteau97,63.52576331240456,0.2890458163042688,5.4963833492126626e-11,3.005556982608332e-11,0.6159199144238877,0.0
IC2219,Sc,Courteau97,63.52576331240456,0.823705694131336,2.211461773946347e-10,7.664759435066946e-11,0.5778543797012625,0.0
IC2219,Sc,Courteau97,63.52576331240456,1.294394662206385,2.6194780835288377e-10,1.0137051610500522e-10,0.5397187127186728,0.0
IC2219,Sc,Courteau97,63.52576331240456,1.8290545400334524,1.966481029187371e-10,1.0750508568559937e-10,0.5300023900406148,0.0
IC2219,Sc,Courteau97,63.52576331240456,2.4071461726419896,2.586267361355177e-10,1.1283404178503856e-10,0.4926462268715038,0.0
IC2219,Sc,Courteau97,63.52576331240456,2.941806050469057,2.051412192624726e-10,1.2214368056915168e-10,0.446033422229989,0.0
IC2219,Sc,Courteau97,63.52576331240456,3.412495018544106,2.016955358322576e-10,1.0987483959297773e-10,0.45252557172840985,0.0
IC2219,Sc,Courteau97,63.52576331240456,3.947154896371174,2.0439528703832763e-10,1.2421137639211088e-10,0.38417114092929544,0.0
IC2219,Sc,Courteau97,63.52576331240456,4.525246528979711,1.8710739882287857e-10,9.744107587535397e-11,0.433713180227035,0.0
IC2219,Sc,Courteau97,63.52576331240456,5.059906406806778,1.822942595112513e-10,9.002991864029694e-11,0.38754264009308576,0.0
IC2219,Sc,Courteau97,63.52576331240456,5.530595374881827,1.6964357446082858e-10,7.8323463641795e-11,0.4317979044559501,0.0
IC2219,Sc,Courteau97,63.52576331240456,6.065255252708894,1.651536272485095e-10,7.252370968629043e-11,0.43496188686354953,0.0
IC2219,Sc,Courteau97,63.52576331240456,6.643346885317432,1.50617325984653e-10,6.94086666535103e-11,0.41779865184143156,0.0
IC2219,Sc,Courteau97,63.52576331240456,7.1780067631444995,1.7167417453151788e-10,7.963960347119384e-11,0.32008314906063223,0.0
IC2219,Sc,Courteau97,63.52576331240456,7.615533553923352,1.2524560729593318e-10,9.723732742547327e-11,0.17424914461066646,0.0
IC2219,Sc,Courteau97,63.52576331240456,8.203894764017164,1.0198838524487324e-10,6.628382236464196e-11,0.2160315641399295,0.0
IC2219,Sc,Courteau97,63.52576331240456,8.792255974110974,1.7164220093023144e-10,5.7610757246688374e-11,0.2954029574896305,0.0
IC2219,Sc,Courteau97,63.52576331240456,9.262944942186024,1.504311852396745e-10,7.393471986944831e-11,0.13571249750693484,0.0
IC2219,Sc,Courteau97,63.52576331240456,9.733633910261073,1.0597546483546816e-10,4.647563762915564e-11,0.29841159187436084,0.0
IC2219,Sc,Courteau97,63.52576331240456,10.204322878336122,9.649261530932132e-11,6.248166200615995e-11,0.12061306194292704,0.0
IC2219,Sc,Courteau97,63.52576331240456,10.557339604392409,9.101730345123947e-11,4.632164366549089e-11,0.2150086426918653,0.0
IC2387,Scd:,Courteau97,66.12099237927983,0.42719306717087235,8.77293470223834e-11,1.581594985509233e-11,0.7750915728411131,0.0
IC2387,Scd:,Courteau97,66.12099237927983,1.2258583666642424,1.1175857162162965e-10,4.066523233922076e-11,0.7033566870143487,0.0
IC2387,Scd:,Courteau97,66.12099237927983,2.10147148571013,1.1697127245509928e-10,5.975791961989724e-11,0.6491364843783449,0.0
IC2387,Scd:,Courteau97,66.12099237927983,2.9770846047560173,1.520745731779856e-10,7.500707863908122e-11,0.5730070441255732,0.0
IC2387,Scd:,Courteau97,66.12099237927983,3.7757499042493876,1.7627017459446024e-10,6.828311563171922e-11,0.5995753274966974,0.0
IC2387,Scd:,Courteau97,66.12099237927983,4.57043514411073,1.3321500150841822e-10,7.085515444679169e-11,0.5683526110147645,0.0
IC2387,Scd:,Courteau97,66.12099237927983,5.498673496068972,1.0472641685210808e-10,7.080298160060368e-11,0.5335785558038139,0.0
IC2387,Scd:,Courteau97,66.12099237927983,6.409222694107094,1.103343682494542e-10,9.205591098787356e-11,0.381325099008281,0.0
IC2387,Scd:,Courteau97,66.12099237927983,7.180027576176277,9.986781671548685e-11,8.100102618269136e-11,0.41810968881447597,0.0
IC2387,Scd:,Courteau97,66.12099237927983,7.9786928756696485,7.335835856957603e-11,6.628044345596957e-11,0.4614162307135079,0.0
IC2387,Scd:,Courteau97,66.12099237927983,8.833079010011392,1.0263490466121119e-10,5.5810601179825805e-11,0.4894848253746884,0.0
IC2387,Scd:,Courteau97,66.12099237927983,9.631744309504763,1.1079067300724829e-10,6.378439768342444e-11,0.40120496893040364,0.0
IC2387,Scd:,Courteau97,66.12099237927983,10.444207149055824,8.056549115651305e-11,7.981471596185572e-11,0.2736821079126518,0.0
IC2387,Scd:,Courteau97,66.12099237927983,11.382970547596535,6.179657341924966e-11,8.69718074477988e-11,0.1911488716191951,0.0
IC2387,Scd:,Courteau97,66.12099237927983,12.181635847089908,1.0572700478176283e-10,3.4808447291413903e-11,0.48074039708305377,0.0
IC2387,Scd:,Courteau97,66.12099237927983,13.03602198143165,9.974025127637183e-11,4.5712379762719125e-11,0.33578206542654226,0.0
IC2387,Scd:,Courteau97,66.12099237927983,13.83468728092502,9.349072996015621e-11,6.42116998990394e-11,0.13285520761509334,0.0
IC2387,Scd:,Courteau97,66.12099237927983,14.71030039997091,8.404825876094062e-11,2.925507193220334e-11,0.41197397733155705,0.0
IC2387,Scd:,Courteau97,66.12099237927983,15.620407369161029,9.806211892784426e-11,3.854497842643407e-11,0.2090471255614899,0.0
IC2387,Scd:,Courteau97,66.12099237927983,16.32089786439774,6.732341913778951e-11,3.661095824102442e-11,0.07231767840900485,0.0
IC2387,Scd:,Courteau97,66.12099237927983,16.84626573582527,4.3743627176510225e-11,4.065237819638668e-11,0.11367108447245647,0.0
IC2674,Scd:,Courteau97,54.40844718583863,0.16904987386775905,2.1720768663707998e-11,1.263844586277947e-12,0.617856047724172,0.0
IC2674,Scd:,Courteau97,54.40844718583863,0.6068142680532324,9.776238362179237e-11,5.058089439504334e-12,0.6672050812601272,0.0
IC2674,Scd:,Courteau97,54.40844718583863,1.0922656824958183,7.990966503064111e-11,8.24580091313311e-12,0.6015204696024541,0.0
IC2674,Scd:,Courteau97,54.40844718583863,1.5777170969384042,5.169619350107192e-11,1.057388790079083e-11,0.5473113997890245,0.0
IC2674,Scd:,Courteau97,54.40844718583863,2.06316851138099,6.337664058080212e-11,1.2096873390674978e-11,0.4936032964393944,0.0
IC2674,Scd:,Courteau97,54.40844718583863,2.548619925823576,4.598961761101149e-11,1.2843798535654051e-11,0.4586167938213645,0.0
IC2674,Scd:,Courteau97,54.40844718583863,3.034071340266162,6.783544849228703e-11,1.2814563782629828e-11,0.4216059455310216,0.0
IC2674,Scd:,Courteau97,54.40844718583863,3.5195227547087473,6.068256802010978e-11,1.0933149471197116e-11,0.4443372608982328,0.0
IC2674,Scd:,Courteau97,54.40844718583863,3.9572871488942205,3.7149286069104036e-11,1.1029591860572635e-11,0.3556225750497703,0.0
IC2674,Scd:,Courteau97,54.40844718583863,4.468727376433228,4.605383116385514e-11,1.1528070261384085e-11,0.37158489176108034,0.0
IC2674,Scd:,Courteau97,54.40844718583863,4.832815937265168,4.482426734282361e-11,1.0642047317941963e-11,0.34372092484363315,0.0
IC2674,Scd:,Courteau97,54.40844718583863,5.097239851647152,3.161739737719436e-11,8.477633925516676e-12,0.4592288441444612,0.0
IC2674,Scd:,Courteau97,54.40844718583863,5.560993058929046,1.9995174673470303e-11,8.810430001202213e-12,0.4179102482074832,0.0
IC2674,Scd:,Courteau97,54.40844718583863,8.716427252805856,4.9441356753697144e-11,8.052815983153382e-12,0.21117130299482095,0.0
IC2674,Scd:,Courteau97,54.40844718583863,8.959152960027147,3.7474935957160284e-11,5.893074303848325e-12,0.32460735860729195,0.0
IC2674,Scd:,Courteau97,54.40844718583863,9.20187866724844,3.650026417026667e-11,4.2772601535425354e-12,0.4348908895293905,0.0
IC2822,SBbc,Mathewson96,64.77425331746066,0.09652686640971565,1.9243341807168392e-11,1.6971833928914731e-12,0.19776778629054761,0.0
IC2822,SBbc,Mathewson96,64.77425331746066,0.46501994036797323,1.0767944683250066e-11,8.889016628286821e-12,0.6128719029953148,0.0
IC2822,SBbc,Mathewson96,64.77425331746066,0.9300398807359466,3.7106308337601165e-12,1.6604415393236734e-11,0.5248062525263867,0.0
IC2822,SBbc,Mathewson96,64.77425331746066,1.2985329546942042,5.9118606541053065e-12,2.0452375075752527e-11,0.44483629501028826,0.0
IC2822,SBbc,Mathewson96,64.77425331746066,1.4915866875136354,1.1134578423584979e-11,2.157453707669127e-11,0.45543250407477187,0.0
IC2822,SBbc,Mathewson96,64.77425331746066,1.860079761471893,2.1415366281628874e-11,2.2380955632023306e-11,0.41317760500020684,0.0
IC2822,SBbc,Mathewson96,64.77425331746066,2.2285728354301506,3.219733091833331e-11,2.230816723760431e-11,0.39932984674029026,0.0
IC2822,SBbc,Mathewson96,64.77425331746066,2.557609672023853,5.146610271277787e-11,2.2347267435345904e-11,0.36921020409769706,0.0
IC2822,SBbc,Mathewson96,64.77425331746066,2.8866465086175555,3.196670973704831e-11,2.166486832971219e-11,0.3664065622460185,0.0
IC2822,SBbc,Mathewson96,64.77425331746066,3.2551395825758127,3.925966902743972e-11,1.9328947174709327e-11,0.37185788675755194,0.0
IC2822,SBbc,Mathewson96,64.77425331746066,3.6236326565340704,4.3141590702658465e-11,1.722246118703265e-11,0.3699165961620476,0.0
IC2822,SBbc,Mathewson96,64.77425331746066,3.9526694931277726,3.326160253819628e-11,1.6010652027977604e-11,0.38276676305285867,0.0
IC2822,SBbc,Mathewson96,64.77425331746066,4.281706329721476,5.887462182016192e-11,1.5849581604520044e-11,0.3686611364142778,0.0
IC2822,SBbc,Mathewson96,64.77425331746066,4.650199403679732,4.623969486224038e-11,1.604929835519765e-11,0.3309152874618119,0.0
IC2822,SBbc,Mathewson96,64.77425331746066,5.01869247763799,2.5248855507881615e-11,1.636781278347948e-11,0.26738370747676277,0.0
IC2822,SBbc,Mathewson96,64.77425331746066,5.347729314231692,4.6814021636230846e-11,1.2388962065421447e-11,0.33913215130828434,0.0
IC2822,SBbc,Mathewson96,64.77425331746066,5.676766150825395,4.276954681478034e-11,1.3943418219908079e-11,0.2950154452838539,0.0
IC2822,SBbc,Mathewson96,64.77425331746066,6.045259224783653,5.507175409549127e-11,1.4555998072745952e-11,0.2029904340345018,0.0
IC2822,SBbc,Mathewson96,64.77425331746066,6.41375229874191,3.8483275536337165e-11,1.0296775298280061e-11,0.3356185610126599,0.0
IC2822,SBbc,Mathewson96,64.77425331746066,6.606806031561341,3.862980822179942e-11,1.2627572184002325e-11,0.18154314356011986,0.0
IC2822,SBbc,Mathewson96,64.77425331746066,6.878772239109884,3.853732573560652e-11,1.128655824087197e-11,0.25561040840995325,0.0
IC3107,Sbc(s)I-II,Mathewson96,57.578205841139166,0.522166504254236,4.922150440423276e-10,6.852324525234793e-11,0.68433626585562,0.0
IC3107,Sbc(s)I-II,Mathewson96,57.578205841139166,1.5664995127627082,5.496546392565793e-10,1.698760834770254e-10,0.5757725586228983,0.0
IC3107,Sbc(s)I-II,Mathewson96,57.578205841139166,2.6108325212711803,4.525548982264755e-10,2.1421849891400897e-10,0.4586349825620278,0.0
IC3107,Sbc(s)I-II,Mathewson96,57.578205841139166,3.655165529779652,4.00803764406847e-10,2.3023310944537505e-10,0.40046919556202215,0.0
IC3107,Sbc(s)I-II,Mathewson96,57.578205841139166,4.5143667776888945,3.483574348714179e-10,1.9400649100925187e-10,0.40234725425940593,0.0
IC3107,Sbc(s)I-II,Mathewson96,57.578205841139166,5.22166504254236,2.991912466850292e-10,1.9942205426682024e-10,0.29205545104788855,0.0
IC3107,Sbc(s)I-II,Mathewson96,57.578205841139166,6.265998051050832,2.6992078474265425e-10,1.6006517051599536e-10,0.2590525060169228,0.0
IC3107,Sbc(s)I-II,Mathewson96,57.578205841139166,7.310331059559304,2.4875333784121735e-10,1.1136527727293899e-10,0.40392836023038264,0.0
IC3107,Sbc(s)I-II,Mathewson96,57.578205841139166,8.01762932441277,1.8289783004898066e-10,1.0259547388004495e-10,0.38951712657667625,0.0
IC3107,Sbc(s)I-II,Mathewson96,57.578205841139166,9.398997076576247,2.3543333512415924e-10,1.2821029561910057e-10,0.19103116659448163,0.0
IC3107,Sbc(s)I-II,Mathewson96,57.578205841139166,10.106295341429714,2.0241470339760177e-10,1.0209069642191752e-10,0.16595206021819905,0.0
IC3107,Sbc(s)I-II,Mathewson96,57.578205841139166,10.965496589338954,1.7072924561049924e-10,5.819642919281503e-11,0.4006202790702316,0.0
IC3107,Sbc(s)I-II,Mathewson96,57.578205841139166,12.009829597847428,9.630097839434281e-11,4.707428570001938e-11,0.44187886260752307,0.0
IC3107,Sbc(s)I-II,Mathewson96,57.578205841139166,13.054162606355899,9.539411509070185e-11,4.790223299599092e-11,0.3703756146584762,0.0
IC3107,Sbc(s)I-II,Mathewson96,57.578205841139166,14.098495614864373,1.0966464665513093e-10,5.3342543960093365e-11,0.24956515789819936,0.0
IC3107,Sbc(s)I-II,Mathewson96,57.578205841139166,15.142828623372843,1.1018108195825252e-10,6.246326888924729e-11,0.13809585127176238,0.0
IC3107,Sbc(s)I-II,Mathewson96,57.578205841139166,16.187161631881317,8.669514191857351e-11,3.9008849835186445e-11,0.2177906957213511,0.0
IC3107,Sbc(s)I-II,Mathewson96,57.578205841139166,17.23149464038979,1.0704681215658214e-10,3.7209812358679176e-11,0.24131447958468266,0.0
IC3107,Sbc(s)I-II,Mathewson96,57.578205841139166,18.275827648898257,1.062983662783283e-10,4.8779248973016307e-11,0.07402510035391656,0.0
IC3107,Sbc(s)I-II,Mathewson96,57.578205841139166,19.50529241800596,8.871366328300033e-11,2.5489937658312598e-11,0.29929880546509086,0.0
IC3122,Sb,Courteau97,59.682462022868,0.4167940077085303,4.687363757931374e-11,2.47958008092278e-11,0.6353935324471001,0.0
IC3122,Sb,Courteau97,59.682462022868,1.9888231236516132,1.5858011593771728e-10,7.253944231292702e-11,0.4983256873805282,0.0
IC3122,Sb,Courteau97,59.682462022868,2.7040248007175234,1.9061561800097328e-10,7.24649546436649e-11,0.46773326600000487,0.0
IC3122,Sb,Courteau97,59.682462022868,3.4732833975710857,1.5559734117522965e-10,6.829846766736448e-11,0.4401716053237261,0.0
IC3122,Sb,Courteau97,59.682462022868,4.242541994424648,1.9735099502115135e-10,6.50999062025817e-11,0.4311621359126865,0.0
IC3122,Sb,Courteau97,59.682462022868,4.926926175163018,1.4390089330638494e-10,4.8920468138410144e-11,0.4692477390578873,0.0
IC3122,Sb,Courteau97,59.682462022868,5.69618477201658,1.3152793588203578e-10,6.513142444511616e-11,0.3566168071871358,0.0
IC3122,Sb,Courteau97,59.682462022868,6.465443368870143,7.808248171846528e-11,4.5563905442745645e-11,0.43189278106567625,0.0
IC3122,Sb,Courteau97,59.682462022868,7.180645045936053,6.600138436738983e-11,3.753770809569736e-11,0.43942045891619386,0.0
IC3122,Sb,Courteau97,59.682462022868,7.780154810559232,9.864299051544328e-11,3.5375579538014057e-11,0.43579354112793706,0.0
IC3122,Sb,Courteau97,59.682462022868,8.79645858289094,9.778723610523416e-11,3.00705908053641e-11,0.376260579244297,0.0
IC3122,Sb,Courteau97,59.682462022868,9.491115262405158,5.3302959717956196e-11,2.3332362669584545e-11,0.507382860422929,0.0
IC3122,Sb,Courteau97,59.682462022868,9.907909270113688,5.815197855683253e-11,4.5637317756954096e-11,0.20475542886155892,0.0
IC3122,Sb,Courteau97,59.682462022868,12.686535988170558,1.1286261474827161e-10,1.4950894488084612e-11,0.5234661371263032,0.0
IC3122,Sb,Courteau97,59.682462022868,13.24226133178193,1.0670094147877274e-10,3.310300383462249e-11,0.15935078506725978,0.0
IC3122,Sb,Courteau97,59.682462022868,14.075849347198991,7.790753423655422e-11,1.1982288082349086e-11,0.5446480207985667,0.0
IC3122,Sb,Courteau97,59.682462022868,14.770506026713209,5.714415525576973e-11,2.567674077423443e-11,0.1573214750999111,0.0
IC3122,Sb,Courteau97,59.682462022868,15.187300034421739,3.801203012356144e-11,1.77110730012981e-11,0.29792526699058175,0.0
IC3258,IB(s)m pec:;WR HII,SHIVir,42.28009564765724,0.15067995054905098,4.0450573863470055e-11,6.2103816809240294e-12,0.0,0.0
IC3258,IB(s)m pec:;WR HII,SHIVir,42.28009564765724,0.452039851647153,5.999591850000338e-11,1.4026168287695689e-11,0.27539353763755525,0.0
IC3258,IB(s)m pec:;WR HII,SHIVir,42.28009564765724,0.7533997527452548,5.131083354080157e-11,1.608503510295675e-11,0.2709359193721844,0.0
IC3258,IB(s)m pec:;WR HII,SHIVir,42.28009564765724,1.049019465251012,5.68102579928089e-11,1.518354346903571e-11,0.2958911938953191,0.0
IC3258,IB(s)m pec:;WR HII,SHIVir,42.28009564765724,1.2743218675005454,3.902546275799696e-11,1.4249810533366813e-11,0.2945255986000153,0.0
IC3298,SB?,SHIVir,75.93203059283847,0.14078976074467311,1.9847045041856394e-11,2.422626362056987e-12,0.00728102942589706,0.0
IC3298,SB?,SHIVir,75.93203059283847,0.45258930663628505,9.902740119146199e-11,7.26084183272818e-12,0.36147266186785104,0.0
IC3298,SB?,SHIVir,75.93203059283847,0.756922728852043,1.3081781599562365e-10,1.0347538155935555e-11,0.2968634501166348,0.0
IC3298,SB?,SHIVir,75.93203059283847,1.057345324380449,1.3405990639303462e-10,1.0944200921355722e-11,0.2848727480375881,0.0
IC3298,SB?,SHIVir,75.93203059283847,1.3439022616536977,1.3735517439290683e-10,1.0990000695786033e-11,0.23137890761713642,0.0
IC3298,SB?,SHIVir,75.93203059283847,1.6462802705257797,1.2696170715981445e-10,1.0701972383637875e-11,0.17931611560391608,0.0
IC3298,SB?,SHIVir,75.93203059283847,1.9332993964075338,9.600854210070005e-11,1.0051796012938416e-11,0.1578756715653401,0.0
IC3298,SB?,SHIVir,75.93203059283847,2.2366373354665114,7.848219680604082e-11,8.827800763939364e-12,0.10612144818287436,0.0
IC3365,Im HII,SHIVir,67.56868185999564,0.14823649189149882,1.5007373126926655e-11,1.3944758109258175e-12,0.266393424552478,0.0
IC3365,Im HII,SHIVir,67.56868185999564,0.4617684370429626,2.280030824486374e-11,3.5540472729458418e-12,0.5160119057467247,0.0
IC3365,Im HII,SHIVir,67.56868185999564,0.7782415824303688,2.228364756088134e-11,4.481999095105445e-12,0.5070220057936089,0.0
IC3365,Im HII,SHIVir,67.56868185999564,1.0747145662133664,3.9328787943023476e-11,5.5699408613639475e-12,0.48743166752822326,0.0
IC3365,Im HII,SHIVir,67.56868185999564,1.371187549996364,3.8423102455471187e-11,6.162649190002955e-12,0.4310907143128262,0.0
IC3365,Im HII,SHIVir,67.56868185999564,1.652534361137372,3.4151299456727446e-11,6.902161312533241e-12,0.38289335187511686,0.0
IC3365,Im HII,SHIVir,67.56868185999564,1.9595956657697624,3.3023805202391126e-11,7.244323269729621e-12,0.36003925206222115,0.0
IC3365,Im HII,SHIVir,67.56868185999564,2.2860184713839,3.138371617137696e-11,7.478655796480648e-12,0.3136022049963823,0.0
IC3365,Im HII,SHIVir,67.56868185999564,2.5570794851283547,2.7235020378171804e-11,7.400547789967239e-12,0.28945842566994306,0.0
IC3365,Im HII,SHIVir,67.56868185999564,2.853552468911352,2.3028446010371935e-11,6.714380138152607e-12,0.28723531993224943,0.0
IC3365,Im HII,SHIVir,67.56868185999564,3.1651516253363394,2.8803398881889382e-11,6.00723633993609e-12,0.28557571080323996,0.0
IC3365,Im HII,SHIVir,67.56868185999564,3.446498436477347,2.175392671883337e-11,5.620805657152491e-12,0.28049126559689813,0.0
IC3365,Im HII,SHIVir,67.56868185999564,3.700618136862774,2.7515787974317387e-11,5.425465553184818e-12,0.2534179119731633,0.0
IC3365,Im HII,SHIVir,67.56868185999564,5.553574285506509,3.1819576701706555e-11,3.4550107591182436e-12,0.1587416282015772,0.0
IC3365,Im HII,SHIVir,67.56868185999564,5.775929023343757,2.5227974802483264e-11,3.0994143121594375e-12,0.1255994332721302,0.0
IC3392,SAb: HII,SHIVir,67.28177743099941,0.16798778270671222,1.2305186837128084e-10,4.44353762867237e-11,0.0020608860244944517,0.0
IC3392,SAb: HII,SHIVir,67.28177743099941,0.4367682350374518,2.0035769868110002e-10,8.943832477897987e-11,0.2808310516264484,0.0
IC3392,SAb: HII,SHIVir,67.28177743099941,0.7391462439095339,1.6502832257771227e-10,1.0155250422920746e-10,0.3328259255398421,0.0
IC3392,SAb: HII,SHIVir,67.28177743099941,1.0415242527816158,1.5603929598764895e-10,1.0009511866966515e-10,0.3100829614366348,0.0
IC3392,SAb: HII,SHIVir,67.28177743099941,1.343902261653698,1.8228128749764596e-10,9.646122097215688e-11,0.3178653144757238,0.0
IC3392,SAb: HII,SHIVir,67.28177743099941,1.64628027052578,1.6428530699710742e-10,9.942566740315167e-11,0.26160048629118365,0.0
IC3392,SAb: HII,SHIVir,67.28177743099941,1.948658279397862,1.4438610351399994e-10,9.500635222163916e-11,0.25579044146860974,0.0
IC3517,Sdm:,SHIVir,59.638614005497686,0.1702276198094684,3.2439900588432375e-12,1.506709212127528e-12,0.36775418724649894,0.0
IC3517,Sdm:,SHIVir,59.638614005497686,0.4681259544760381,1.189096288377922e-11,3.714782261501356e-12,0.5231276949969667,0.0
IC3517,Sdm:,SHIVir,59.638614005497686,0.7660242891426078,2.061675129232701e-11,5.410856385973438e-12,0.47860673896506695,0.0
IC3517,Sdm:,SHIVir,59.638614005497686,1.0639226238091775,1.6623844440274748e-11,6.687000120768554e-12,0.4102525832809839,0.0
IC3517,Sdm:,SHIVir,59.638614005497686,1.3618209584757472,1.9070206539095685e-11,7.822024359610906e-12,0.361158316043122,0.0
IC3517,Sdm:,SHIVir,59.638614005497686,1.6536397352919787,2.4634213197544914e-11,8.434123176348556e-12,0.30977865940805405,0.0
IC3517,Sdm:,SHIVir,59.638614005497686,1.9576176278088866,1.0162692621647765e-11,7.895767189023831e-12,0.29390766375609206,0.0
IC3517,Sdm:,SHIVir,59.638614005497686,2.255515962475456,1.4938444371228573e-11,7.375363817274066e-12,0.275796813945017,0.0
IC3517,Sdm:,SHIVir,59.638614005497686,2.553414297142026,2.6588243879062914e-11,7.084137616443241e-12,0.21285314292605953,0.0
IC3517,Sdm:,SHIVir,59.638614005497686,2.8513126318085957,2.8446507622260648e-11,6.720826473603949e-12,0.2025934651439581,0.0
IC3517,Sdm:,SHIVir,59.638614005497686,3.064097156570431,2.906038200272615e-11,6.2049661178586284e-12,0.1919578421158914,0.0
IC3576,Sm HII,SHIVir,52.18069115443096,0.15312340920660317,7.96470044412154e-12,1.826038212884126e-12,0.2286905657390592,0.0
IC3576,Sm HII,SHIVir,52.18069115443096,0.44470947567449637,4.939433801182216e-12,4.7018599067427295e-12,0.43864369541749215,0.0
IC3576,Sm HII,SHIVir,52.18069115443096,0.7362955421423896,3.773080395501839e-12,6.737230086159147e-12,0.4348623948925302,0.0
IC3576,Sm HII,SHIVir,52.18069115443096,1.0343974983637554,5.882045860388162e-12,8.107121036385827e-12,0.3690807957880073,0.0
IC3576,Sm HII,SHIVir,52.18069115443096,1.358563013599011,8.12188487964736e-12,8.365144411437069e-12,0.35431406995404546,0.0
IC3576,Sm HII,SHIVir,52.18069115443096,1.632230383244855,8.57838713856439e-12,8.375459531277136e-12,0.33371096253209015,0.0
IC3704,Sbc,Mathewson96,77.6982592408342,0.6066230819576759,5.0225822078288046e-11,1.8927249569907206e-11,0.7548329578916584,0.0
IC3704,Sbc,Mathewson96,77.6982592408342,1.8198692458730275,1.0296693813627427e-10,4.1680624229054096e-11,0.6946995931950585,0.0
IC3704,Sbc,Mathewson96,77.6982592408342,3.0331154097883792,1.2070925687695215e-10,5.485185466211697e-11,0.6103271769379527,0.0
IC3704,Sbc,Mathewson96,77.6982592408342,4.246361573703731,1.5101281353569322e-10,7.149355372507589e-11,0.5352517939309299,0.0
IC3704,Sbc,Mathewson96,77.6982592408342,5.459607737619082,1.6285878045265697e-10,6.422594878909015e-11,0.462757465702678,0.0
IC3704,Sbc,Mathewson96,77.6982592408342,6.672853901534435,1.4261746587396801e-10,8.473077406363905e-11,0.3488909542502495,0.0
IC3704,Sbc,Mathewson96,77.6982592408342,7.886100065449787,1.3889143431145236e-10,4.070568797486256e-11,0.57888948273945,0.0
IC3704,Sbc,Mathewson96,77.6982592408342,9.099346229365139,9.91700588484838e-11,7.538518236798897e-11,0.29627336235297597,0.0
IC3704,Sbc,Mathewson96,77.6982592408342,10.31259239328049,9.840651642174767e-11,4.181430714788968e-11,0.4606231304919147,0.0
IC3704,Sbc,Mathewson96,77.6982592408342,11.525838557195842,9.023909018902655e-11,2.7244542361751656e-11,0.5566031497463069,0.0
IC3704,Sbc,Mathewson96,77.6982592408342,12.73908472111119,9.673663499059737e-11,2.4098415142645224e-11,0.5364275071312753,0.0
IC3704,Sbc,Mathewson96,77.6982592408342,13.952330885026544,8.499124668752682e-11,2.0440511482169496e-11,0.5523505941219121,0.0
IC3704,Sbc,Mathewson96,77.6982592408342,15.165577048941895,8.68308576748785e-11,2.4716374465538748e-11,0.4050477002567139,0.0
IC3704,Sbc,Mathewson96,77.6982592408342,16.253822092938695,7.877103806376065e-11,3.225541438566622e-11,0.2103563727443854,0.0
IC3704,Sbc,Mathewson96,77.6982592408342,16.985446294814924,6.940098710734524e-11,1.5588740225151426e-11,0.5156480020803591,0.0
IC3704,Sbc,Mathewson96,77.6982592408342,18.198692458730275,7.189204996953472e-11,2.1749736425713325e-11,0.2900715454748371,0.0
IC3704,Sbc,Mathewson96,77.6982592408342,19.41193862264563,6.709883224402891e-11,2.704606922846519e-11,0.14131439082216574,0.0
IC3704,Sbc,Mathewson96,77.6982592408342,20.62518478656098,6.501406989356926e-11,1.1756699525539852e-11,0.47650536862285886,0.0
IC3704,Sbc,Mathewson96,77.6982592408342,22.320052912515457,5.650436542271706e-11,1.2586333414960356e-11,0.3792535670398095,0.0
IC3704,Sbc,Mathewson96,77.6982592408342,23.533299076430804,5.365078025630948e-11,1.964580502775187e-11,0.10086077704471359,0.0
IC3742,SBc(s) HII,SHIVir,65.0895581741518,0.18977528906988583,3.750990270036105e-12,2.4350024039970637e-12,0.5713076199925157,0.0
IC3742,SBc(s) HII,SHIVir,65.0895581741518,0.5941773931592854,1.4513413269859834e-11,6.810462375876008e-12,0.6319893435566252,0.0
IC3742,SBc(s) HII,SHIVir,65.0895581741518,0.9963202676169006,2.2585008581812616e-11,1.0271974462054367e-11,0.5664494448062258,0.0
IC3742,SBc(s) HII,SHIVir,65.0895581741518,1.398463142074516,2.3546134760697153e-11,1.274051121928939e-11,0.5385710290836407,0.0
IC3742,SBc(s) HII,SHIVir,65.0895581741518,1.8028652461639154,3.649462895139338e-11,1.542436425970208e-11,0.47352605499154343,0.0
IC3742,SBc(s) HII,SHIVir,65.0895581741518,2.1824158243036873,4.494238450705242e-11,1.757177730943662e-11,0.4052859669667637,0.0
IC3742,SBc(s) HII,SHIVir,65.0895581741518,2.561966402443459,5.1088957631235064e-11,1.7837506740968574e-11,0.35353275620715446,0.0
IC3742,SBc(s) HII,SHIVir,65.0895581741518,2.9663685065328584,5.244678498345259e-11,1.7626454601950395e-11,0.3461746804539705,0.0
IC3742,SBc(s) HII,SHIVir,65.0895581741518,3.3685113809904736,4.156468567035255e-11,1.565220849713775e-11,0.34506608557248175,0.0
IC3742,SBc(s) HII,SHIVir,65.0895581741518,3.7706542554480884,5.227296841386937e-11,1.531337651791914e-11,0.27401851346684236,0.0
IC3742,SBc(s) HII,SHIVir,65.0895581741518,4.188611737328195,5.0973784701749426e-11,1.5641845194209037e-11,0.1732347313407407,0.0
IC3742,SBc(s) HII,SHIVir,65.0895581741518,4.5681623154679665,4.979362454533922e-11,1.4351952609900292e-11,0.18584725051001752,0.0
IC3742,SBc(s) HII,SHIVir,65.0895581741518,4.947712893607738,3.0755222115545487e-11,1.3269693058012393e-11,0.18942794226733126,0.0
IC3742,SBc(s) HII,SHIVir,65.0895581741518,5.347596538433569,4.3723229290046974e-11,1.2757248281614224e-11,0.1374731949713503,0.0
IC3742,SBc(s) HII,SHIVir,65.0895581741518,7.841786051923497,2.499680949565444e-11,5.707416878261925e-12,0.06486870752571901,0.0
IC3742,SBc(s) HII,SHIVir,65.0895581741518,7.93667369645844,1.8570395536769786e-11,5.430826687884342e-12,0.07441019861472065,0.0
IC4483,Sb,Mathewson96,75.16738360769111,0.5296275616318813,8.925839185356959e-11,1.0594323885208263e-11,0.7613950045655101,0.0
IC4483,Sb,Mathewson96,75.16738360769111,1.230982847792888,1.6350302651734647e-10,2.2035471687793647e-11,0.7018944648912113,0.0
IC4483,Sb,Mathewson96,75.16738360769111,2.118510246527525,2.433256113419761e-10,3.008865585355945e-11,0.6654901776812356,0.0
IC4483,Sb,Mathewson96,75.16738360769111,3.1777653697912878,1.9115380021058936e-10,3.3134836454167076e-11,0.631554171873457,0.0
IC4483,Sb,Mathewson96,75.16738360769111,4.23702049305505,1.4609183048331136e-10,3.220142958757019e-11,0.6264642005922267,0.0
IC4483,Sb,Mathewson96,75.16738360769111,5.296275616318813,1.969126068404244e-10,4.956307412879371e-11,0.43642128805084524,0.0
IC4483,Sb,Mathewson96,75.16738360769111,6.3555307395825755,1.966982917252359e-10,4.458030767759345e-11,0.392719966755231,0.0
IC4483,Sb,Mathewson96,75.16738360769111,7.243058138317213,1.913691430658894e-10,4.880459643430119e-11,0.4012091100513301,0.0
IC4483,Sb,Mathewson96,75.16738360769111,7.944413424478219,1.8514891280516708e-10,5.0512704193602384e-11,0.3507851558797503,0.0
IC4483,Sb,Mathewson96,75.16738360769111,9.003668547741983,1.5999531236454617e-10,2.9290883423341876e-11,0.5049663907356421,0.0
IC4483,Sb,Mathewson96,75.16738360769111,9.705023833902988,1.4401828362906918e-10,4.128853125454151e-11,0.31453653037311774,0.0
IC4483,Sb,Mathewson96,75.16738360769111,10.592551232637625,1.4429532374414275e-10,4.103191658194074e-11,0.25241682142591826,0.0
IC4483,Sb,Mathewson96,75.16738360769111,11.651806355901389,1.1104789440374084e-10,3.58231101610029e-11,0.2365869315498775,0.0
IC4483,Sb,Mathewson96,75.16738360769111,12.539333754636026,1.1085158963632102e-10,3.946557707448277e-11,0.15232403084069362,0.0
IC4483,Sb,Mathewson96,75.16738360769111,14.657844001163552,5.683105361949161e-11,1.404057445205475e-11,0.47724191607366284,0.0
IC4483,Sb,Mathewson96,75.16738360769111,15.717099124427316,8.679115203231575e-11,2.0146097367024783e-11,0.23592480025855475,0.0
IC4483,Sb,Mathewson96,75.16738360769111,16.776354247691078,1.0398482367904704e-10,2.5506137676939915e-11,0.10304811538607687,0.0
IC4483,Sb,Mathewson96,75.16738360769111,17.83560937095484,6.358955721383231e-11,1.071622746544867e-11,0.4312956732146659,0.0
IC4483,Sb,Mathewson96,75.16738360769111,18.894864494218602,8.468869624237541e-11,1.6386491752711527e-11,0.13408202823494048,0.0
IC5253,S0/a,Mathewson96,68.43062494525373,0.42013168496836595,3.0408337680100674e-10,2.5763798888938827e-11,0.6631359712626173,0.0
IC5253,S0/a,Mathewson96,68.43062494525373,1.2603950549050977,1.7087727887541106e-10,6.670828173641667e-11,0.5713013097451588,0.0
IC5253,S0/a,Mathewson96,68.43062494525373,2.10065842484183,1.4434002781023888e-10,8.342043550416956e-11,0.4815395446917074,0.0
IC5253,S0/a,Mathewson96,68.43062494525373,2.9409217947785615,1.814473474921681e-10,9.058682543324899e-11,0.44390079137785704,0.0
IC5253,S0/a,Mathewson96,68.43062494525373,3.7811851647152936,1.7709642297324577e-10,8.881564243546164e-11,0.3421911049679246,0.0
IC5253,S0/a,Mathewson96,68.43062494525373,4.621448534652025,1.455755486136074e-10,8.79187385040994e-11,0.28771531013521867,0.0
IC5253,S0/a,Mathewson96,68.43062494525373,5.461711904588757,1.4938105505343874e-10,6.401109079961178e-11,0.3359442809991993,0.0
IC5253,S0/a,Mathewson96,68.43062494525373,6.301975274525489,1.5607727501294683e-10,6.94479752289862e-11,0.254411266182505,0.0
IC5253,S0/a,Mathewson96,68.43062494525373,7.142238644462221,1.0891868706485673e-10,4.675646478072265e-11,0.3429198162975719,0.0
IC5253,S0/a,Mathewson96,68.43062494525373,7.968073249460645,1.0469865705217546e-10,3.6545604710571806e-11,0.36491036509976527,0.0
IC5282,Sd,Courteau97/Mathewson92,59.923421527855815,0.3117704702341994,1.5908617969867179e-10,8.766506726733082e-12,0.7360146229552509,0.0
IC5282,Sd,Courteau97/Mathewson92,59.923421527855815,1.00009522580176,2.181490492113512e-10,2.5442005005501903e-11,0.6733820079768806,0.0
IC5282,Sd,Courteau97/Mathewson92,59.923421527855815,1.632846016047318,1.1489578941681178e-10,3.277124305925807e-11,0.6367078976220625,0.0
IC5282,Sd,Courteau97/Mathewson92,59.923421527855815,2.181973469427332,1.34589439299241e-10,3.189741968332681e-11,0.6511155387085523,0.0
IC5282,Sd,Courteau97/Mathewson92,59.923421527855815,2.8746801193333127,1.20764260925565e-10,3.2292733532214565e-11,0.6604492647767907,0.0
IC5282,Sd,Courteau97/Mathewson92,59.923421527855815,3.4372418834993823,1.699239006691022e-10,3.561671752671092e-11,0.6403475407271209,0.0
IC5282,Sd,Courteau97/Mathewson92,59.923421527855815,4.091298651007199,1.424977896086026e-10,4.6887157336124034e-11,0.547841519542446,0.0
IC5282,Sd,Courteau97/Mathewson92,59.923421527855815,4.72772288560832,1.3833815959348592e-10,3.8475401936056794e-11,0.5594801691742987,0.0
IC5282,Sd,Courteau97/Mathewson92,59.923421527855815,5.36414712020944,1.4049284072055952e-10,5.7338669028807974e-11,0.41356019069164,0.0
IC5282,Sd,Courteau97/Mathewson92,59.923421527855815,6.018203887717257,1.7220689339644702e-10,5.172451900441984e-11,0.4467666716339356,0.0
IC5282,Sd,Courteau97/Mathewson92,59.923421527855815,6.580765651883326,1.6516629884686374e-10,5.548127995590966e-11,0.3922128122522405,0.0
IC5282,Sd,Courteau97/Mathewson92,59.923421527855815,7.273419824012799,1.5265697025280854e-10,5.1139954175031886e-11,0.3935211959602885,0.0
IC5282,Sd,Courteau97/Mathewson92,59.923421527855815,7.858305634305384,1.4267746628538593e-10,5.864794383289628e-11,0.29961962332762426,0.0
IC5282,Sd,Courteau97/Mathewson92,59.923421527855815,8.455350545414879,1.1305266668843079e-10,3.4442795829953526e-11,0.39569863582099885,0.0
IC5282,Sd,Courteau97/Mathewson92,59.923421527855815,9.143675300982439,1.1831212229703055e-10,2.4144945406727733e-11,0.5874536514738185,0.0
IC5282,Sd,Courteau97/Mathewson92,59.923421527855815,9.76721624145084,1.0476381897757954e-10,4.601947832931431e-11,0.2900669827335681,0.0
IC5282,Sd,Courteau97/Mathewson92,59.923421527855815,10.296297184204786,1.2568917305043516e-10,4.629979635827514e-11,0.1500000059906588,0.0
IC5282,Sd,Courteau97/Mathewson92,59.923421527855815,11.145230174775168,9.990176772348006e-11,2.603958997096546e-11,0.4135310707304922,0.0
IC5282,Sd,Courteau97/Mathewson92,59.923421527855815,11.637839062856036,1.034865837053828e-10,4.3998146779411713e-11,0.13696742578704935,0.0
IC5282,Sd,Courteau97/Mathewson92,59.923421527855815,12.607628372724408,1.4596648333596342e-10,4.050120690120519e-11,0.09002068777880187,0.0
IC5309,Sb,Courteau97,65.35462582085884,0.1607646280270526,7.253096995375312e-11,1.493399812455519e-11,0.45419919082856575,0.0
IC5309,Sb,Courteau97,65.35462582085884,0.4822938840811578,1.4432245639303003e-10,4.4579676415048706e-11,0.5824739528811772,0.0
IC5309,Sb,Courteau97,65.35462582085884,0.8038231401352629,1.6444647096904025e-10,6.962511323557964e-11,0.5187206932044919,0.0
IC5309,Sb,Courteau97,65.35462582085884,1.1714382562237897,1.7338734691999792e-10,9.055272004413529e-11,0.46051835356705517,0.0
IC5309,Sb,Courteau97,65.35462582085884,1.5615604202361042,2.4362815947331993e-10,1.0676514848666336e-10,0.3941108331207801,0.0
IC5309,Sb,Courteau97,65.35462582085884,1.9291755363246312,2.1444481576073793e-10,1.132508526133295e-10,0.3319379672497856,0.0
IC5309,Sb,Courteau97,65.35462582085884,2.250704792378736,2.0786799193429625e-10,1.0920875122540988e-10,0.3304756985949345,0.0
IC5309,Sb,Courteau97,65.35462582085884,2.5722340484328416,1.9157766341356844e-10,1.0063041281573155e-10,0.30280203344812956,0.0
IC5309,Sb,Courteau97,65.35462582085884,2.8937633044869466,2.1028912464756182e-10,9.451357804623127e-11,0.28186851973443117,0.0
IC5309,Sb,Courteau97,65.35462582085884,3.215292560541052,1.9847958519761294e-10,8.79880345904958e-11,0.2791282467793664,0.0
IC5309,Sb,Courteau97,65.35462582085884,3.536821816595157,1.621534426451181e-10,8.046455301437116e-11,0.27453842948757856,0.0
IC5309,Sb,Courteau97,65.35462582085884,3.9044369326836845,1.4960702710024675e-10,7.266088243982048e-11,0.27917426676670476,0.0
IC5309,Sb,Courteau97,65.35462582085884,4.294559096695998,1.379308131825145e-10,6.651801086173882e-11,0.27477355151180277,0.0
IC5309,Sb,Courteau97,65.35462582085884,4.6621742127845245,1.5298900416393487e-10,5.993064161368471e-11,0.24570636548894279,0.0
IC5309,Sb,Courteau97,65.35462582085884,4.98370346883863,1.32814445150145e-10,5.0997276783212424e-11,0.3309947984590514,0.0
IC5309,Sb,Courteau97,65.35462582085884,5.305232724892735,1.311868472667376e-10,6.124633108602627e-11,0.22687929017049827,0.0
IC5309,Sb,Courteau97,65.35462582085884,5.637479622815311,1.343826183524892e-10,5.5264004398547306e-11,0.1548398149312061,0.0
IC5309,Sb,Courteau97,65.35462582085884,5.87862656485589,1.1463993245820542e-10,5.4432862182297887e-11,0.19906821427049248,0.0
IC5309,Sb,Courteau97,65.35462582085884,6.200155820909996,8.157193336717835e-11,4.884522522623229e-11,0.1346173402781213,0.0
IC5309,Sb,Courteau97,65.35462582085884,6.602067390977627,1.614348595217354e-10,4.024511418315473e-11,0.2245673968888079,0.0
IC5309,Sb,Courteau97,65.35462582085884,6.843214333018206,9.678529082773325e-11,4.177134065339207e-11,0.13376655648753202,0.0
KUG0145+321,Sc,SCII,69.4829614206923,0.31717020143989527,1.9333769047613257e-11,1.0763301929394961e-12,0.8271508801990122,0.0
KUG0145+321,Sc,SCII,69.4829614206923,1.0284989267204812,6.131367781412755e-11,4.351012447385925e-12,0.7183283296683148,0.0
KUG0145+321,Sc,SCII,69.4829614206923,1.7444361079194242,7.88152158795643e-11,7.0034703058057336e-12,0.6112235201487795,0.0
KUG0145+321,Sc,SCII,69.4829614206923,2.3787765107992147,7.964379126634975e-11,9.189370998822185e-12,0.5614552941427061,0.0
KUG0145+321,Sc,SCII,69.4829614206923,3.094713691998158,5.680155333427697e-11,1.0901283164903696e-11,0.4246879018265037,0.0
KUG0145+321,Sc,SCII,69.4829614206923,3.8060424172787437,3.7299126900842277e-11,1.1814972521870706e-11,0.4029185376646245,0.0
KUG0145+321,Sc,SCII,69.4829614206923,4.5173711425593295,4.104084734098001e-11,1.0312963759567946e-11,0.3519571963297902,0.0
KUG0145+321,Sc,SCII,69.4829614206923,5.233308323758273,4.693640117744022e-11,1.0175653470456875e-11,0.38739843371212496,0.0
KUG0145+321,Sc,SCII,69.4829614206923,5.867648726638063,4.866627832420269e-11,7.853857115475705e-12,0.43327933263034707,0.0
KUG0145+321,Sc,SCII,69.4829614206923,6.5812816798778275,4.66402298971545e-11,7.399352006111224e-12,0.35077248136376465,0.0
KUG0145+321,Sc,SCII,69.4829614206923,7.2949146331175925,4.601590013485408e-11,7.69179011174608e-12,0.21505710624012028,0.0
KUG0145+321,Sc,SCII,69.4829614206923,8.006243358398176,4.390974159467823e-11,6.580682913588069e-12,0.24560000777965707,0.0
KUG0145+321,Sc,SCII,69.4829614206923,8.72218053959712,4.756177657077849e-11,4.9134240647630064e-12,0.38036109441911126,0.0
KUG0145+321,Sc,SCII,69.4829614206923,9.281068772048902,4.635409306188001e-11,6.091472965686486e-12,0.25299404557861915,0.0
KUG0145+321,Sc,SCII,69.4829614206923,10.398845236952464,4.5086854342071504e-11,4.324120418322949e-12,0.3114547446086132,0.0
KUG0145+321,Sc,SCII,69.4829614206923,10.874600539112308,3.6116774277034225e-11,6.21538626798476e-12,0.10931678924664817,0.0
KUG0145+321,Sc,SCII,69.4829614206923,11.508940941992098,3.597468362184223e-11,3.5443281134665713e-12,0.309532371285269,0.0
KUG0145+321,Sc,SCII,69.4829614206923,12.143281344871891,3.8780125888904825e-11,4.87084259921633e-12,0.09952172021988274,0.0
KUG0145+321,Sc,SCII,69.4829614206923,12.777621747751681,4.3610355170386976e-11,3.0921364724653374e-12,0.25258873385833525,0.0
KUG0145+321,Sc,SCII,69.4829614206923,13.41196215063147,5.0665403141148207e-11,3.829175140628235e-12,0.08359657701514492,0.0
KUG0145+321,Sc,SCII,69.4829614206923,13.887717452791314,4.602341797848249e-11,2.899225026902826e-12,0.1771549525319092,0.0
KUG0826+305,Irr HII,SCII,78.52280827886234,0.7246430863209948,5.176235329481874e-11,5.885529380690948e-12,0.8621205055583516,0.0
KUG0826+305,Irr HII,SCII,78.52280827886234,2.049232841829685,1.0927654761777717e-10,1.4231857669814942e-11,0.7989211366942084,0.0
KUG0826+305,Irr HII,SCII,78.52280827886234,3.381667736164643,1.3915167598419877e-10,2.023413110758678e-11,0.7554779109280728,0.0
KUG0826+305,Irr HII,SCII,78.52280827886234,4.830953908806632,1.588661484954303e-10,3.654834862569882e-11,0.6012020744367466,0.0
KUG0826+305,Irr HII,SCII,78.52280827886234,6.16338880314159,1.4491735293243787e-10,1.4444928106735458e-11,0.8085166835682743,0.0
KUG0826+305,Irr HII,SCII,78.52280827886234,7.48797855865028,1.2963955447734824e-10,1.3267047006178706e-11,0.811961221035277,0.0
KUG0826+305,Irr HII,SCII,78.52280827886234,8.93726473129227,1.2785330633090462e-10,1.8866826383832395e-11,0.7357391330114623,0.0
KUG0826+305,Irr HII,SCII,78.52280827886234,10.26185448680096,1.0335441964085046e-10,6.566596933162657e-11,0.2530566415553924,0.0
KUG0826+305,Irr HII,SCII,78.52280827886234,11.594289381135917,8.317500874301911e-11,4.149954972386512e-11,0.3724361850325828,0.0
KUG0826+305,Irr HII,SCII,78.52280827886234,13.043575553777908,7.630302152891843e-11,2.1618472853471345e-11,0.5679500310041579,0.0
KUG0826+305,Irr HII,SCII,78.52280827886234,14.492861726419896,7.330724631501e-11,1.4279043411001289e-11,0.6598537319658287,0.0
KUG0826+305,Irr HII,SCII,78.52280827886234,15.825296620754852,7.261509650917341e-11,1.9418785312100446e-11,0.49482011794191394,0.0
KUG0826+305,Irr HII,SCII,78.52280827886234,17.149886376263545,7.317565840806385e-11,2.4047378797990257e-11,0.3328694011973954,0.0
KUG0826+305,Irr HII,SCII,78.52280827886234,18.474476131772235,7.310443167671896e-11,2.952071788439843e-11,0.1990377975913065,0.0
KUG0826+305,Irr HII,SCII,78.52280827886234,19.80691102610719,7.407143697465338e-11,3.2900682012625785e-11,0.11506930845948334,0.0
KUG0826+305,Irr HII,SCII,78.52280827886234,21.25619719874918,6.824605870701241e-11,1.0370516403908643e-11,0.5483062015217702,0.0
KUG0826+305,Irr HII,SCII,78.52280827886234,22.70548337139117,5.6778907416506046e-11,1.8111111669016782e-11,0.2173049843184484,0.0
KUG0826+305,Irr HII,SCII,78.52280827886234,24.03791826572613,5.252320428243865e-11,2.6807299897355996e-11,0.07789678045970792,0.0
KUG0826+305,Irr HII,SCII,78.52280827886234,25.36250802123482,5.440059364028449e-11,1.2720681799706865e-11,0.27394158064681406,0.0
KUG0826+305,Irr HII,SCII,78.52280827886234,26.536526164884975,4.4162739319983165e-11,2.146344268217123e-11,0.0699474572390095,0.0
KUG0826+305,Irr HII,SCII,78.52280827886234,27.435276279543306,4.211229184164193e-11,1.3497314231469304e-11,0.15447945691009332,0.0
KUG0919+340,Sc,SCII,65.05373352976811,0.2332079179696022,1.2782612728824148e-11,1.0562415594219237e-12,0.7991325406222036,0.0
KUG0919+340,Sc,SCII,65.05373352976811,0.8162277128936077,3.006400464212588e-11,4.7180338838519845e-12,0.7195218889090347,0.0
KUG0919+340,Sc,SCII,65.05373352976811,1.3992475078176132,4.196656508898755e-11,7.575659313553097e-12,0.6317086985237117,0.0
KUG0919+340,Sc,SCII,65.05373352976811,1.8656633437568175,5.1754627357356136e-11,9.627287601666888e-12,0.569639766381046,0.0
KUG0919+340,Sc,SCII,65.05373352976811,2.4486831386808228,5.861448414587087e-11,1.1583915422737347e-11,0.5180446250144265,0.0
KUG0919+340,Sc,SCII,65.05373352976811,3.0317029336048287,6.876310868992996e-11,1.3431516806208282e-11,0.39708961106037594,0.0
KUG0919+340,Sc,SCII,65.05373352976811,3.498118769544033,7.466958495100513e-11,1.3712611503687976e-11,0.4338659878005864,0.0
KUG0919+340,Sc,SCII,65.05373352976811,4.030610182241292,6.785369724298089e-11,1.3861203514672838e-11,0.29941903748103144,0.0
KUG0919+340,Sc,SCII,65.05373352976811,4.598082782633989,6.607665811320118e-11,1.4012635714098977e-11,0.3330325999685781,0.0
KUG0919+340,Sc,SCII,65.05373352976811,5.130574195331248,5.771067077671611e-11,1.2156061267279163e-11,0.34537605424731016,0.0
KUG0919+340,Sc,SCII,65.05373352976811,5.663065608028506,5.140299102289749e-11,1.1299793280068357e-11,0.32168399809580095,0.0
KUG0919+340,Sc,SCII,65.05373352976811,6.230538208421206,4.435829987011833e-11,1.049107355644123e-11,0.29014584392965276,0.0
KUG0919+340,Sc,SCII,65.05373352976811,6.763029621118464,3.722449395215072e-11,1.0782922232154261e-11,0.21428839613727874,0.0
KUG0919+340,Sc,SCII,65.05373352976811,7.295521033815722,2.5301024717028973e-11,1.0795354586076994e-11,0.13916595037501386,0.0
KUG0919+340,Sc,SCII,65.05373352976811,7.8792384592635685,4.67196130411456e-11,8.510432705167678e-12,0.10712056449438097,0.0
KUG0919+340,Sc,SCII,65.05373352976811,8.392993509320533,3.973726550403536e-11,6.762520602096208e-12,0.21860392480388763,0.0
KUG0919+340,Sc,SCII,65.05373352976811,8.92697984456888,4.358283261816759e-11,7.540453130250902e-12,0.10281631901504062,0.0
KUG0919+340,Sc,SCII,65.05373352976811,9.43844268004751,5.793254128988369e-11,5.507368821931207e-12,0.15514473892002523,0.0
KUG0919+340,Sc,SCII,65.05373352976811,10.00850647952876,6.45427059322927e-11,5.532897183617006e-12,0.10707672116805989,0.0
KUG0919+340,Sc,SCII,65.05373352976811,10.474922315467964,6.256397491545475e-11,5.075462286705271e-12,0.041725585858983984,0.0
KUG0919+340,Sc,SCII,65.05373352976811,10.824734192422367,5.686290780172647e-11,5.030286817070118e-12,0.05892902395813567,0.0
KUG0919+341,Sc,SCII,73.25203361130137,0.23983902174387312,3.2268076504645556e-11,2.39703122308101e-12,0.6879963992261015,0.0
KUG0919+341,Sc,SCII,73.25203361130137,0.724793688604465,6.914181794490789e-11,7.561303402771742e-12,0.6282318384597286,0.0
KUG0919+341,Sc,SCII,73.25203361130137,1.2044717320922111,9.910468901631959e-11,1.1567929578627308e-11,0.5813799232641512,0.0
KUG0919+341,Sc,SCII,73.25203361130137,1.689426398952803,9.493644379192538e-11,1.4246359025716944e-11,0.5028920721012611,0.0
KUG0919+341,Sc,SCII,73.25203361130137,2.1691044424405495,7.347115008760945e-11,1.5841949399987597e-11,0.47972187985596537,0.0
KUG0919+341,Sc,SCII,73.25203361130137,2.700971588975347,7.706850308568175e-11,1.6059966897546092e-11,0.4299830545826156,0.0
KUG0919+341,Sc,SCII,73.25203361130137,3.1832879441495163,9.108192957793758e-11,1.6014527006872327e-11,0.4236836469578703,0.0
KUG0919+341,Sc,SCII,73.25203361130137,3.6656042993236855,9.399667703147359e-11,1.5442228957221816e-11,0.3278211983813868,0.0
KUG0919+341,Sc,SCII,73.25203361130137,4.197471445858483,8.59176033644516e-11,1.5354932685455817e-11,0.3641407019579346,0.0
KUG0919+341,Sc,SCII,73.25203361130137,4.677149489346229,6.98162645628211e-11,1.3751710971972927e-11,0.36889380527551213,0.0
KUG0919+341,Sc,SCII,73.25203361130137,5.162104156206821,5.953275969878046e-11,1.2645933987221967e-11,0.35795920537800663,0.0
KUG0919+341,Sc,SCII,73.25203361130137,5.641782199694567,5.244135154181365e-11,1.23468455762288e-11,0.3233693350676466,0.0
KUG0919+341,Sc,SCII,73.25203361130137,6.126736866555159,5.343412655269329e-11,1.303375343676754e-11,0.24875821027366135,0.0
KUG0919+341,Sc,SCII,73.25203361130137,6.606414910042906,5.105079826603113e-11,1.2855809258899868e-11,0.1797872793274588,0.0
KUG0919+341,Sc,SCII,73.25203361130137,7.091369576903498,5.165138098488487e-11,8.955840739881888e-12,0.25666781852481885,0.0
KUG0919+341,Sc,SCII,73.25203361130137,7.565770997018398,5.576148988425698e-11,9.027827031057693e-12,0.24731573445583274,0.0
KUG0919+341,Sc,SCII,73.25203361130137,8.116793385693162,5.284797140497771e-11,9.76785982217199e-12,0.14740650270739508,0.0
KUG0919+341,Sc,SCII,73.25203361130137,8.535680330739583,5.69705841653211e-11,6.666841548079876e-12,0.2577794988980956,0.0
KUG0919+341,Sc,SCII,73.25203361130137,8.998497913606283,4.9621785356779414e-11,7.957498616379113e-12,0.13564814514202858,0.0
KUG0919+341,Sc,SCII,73.25203361130137,9.604691247182023,4.7194272905690824e-11,7.468002449284376e-12,0.07166691888481834,0.0
KUG1114+294,Spiral,SCII,77.13171186259632,0.16674507017671444,3.716755826899098e-12,2.0316180773852368e-13,0.779620511030972,0.0
KUG1114+294,Spiral,SCII,77.13171186259632,0.46868884590211624,1.1204892302676744e-11,1.2132212021966087e-12,0.6972225053243061,0.0
KUG1114+294,Spiral,SCII,77.13171186259632,0.7030332688531744,2.3892362417871917e-11,1.7473580638840953e-12,0.6666352892519367,0.0
KUG1114+294,Spiral,SCII,77.13171186259632,1.0049770445785762,5.989384504455185e-11,2.3191210266890225e-12,0.6405139443609418,0.0
KUG1114+294,Spiral,SCII,77.13171186259632,1.3384671849320051,3.73312025959718e-11,2.805772778942941e-12,0.6089825547196525,0.0
KUG1114+294,Spiral,SCII,77.13171186259632,1.6719573252854338,2.0333144089495535e-11,3.1588215845975644e-12,0.5728777102084356,0.0
KUG1114+294,Spiral,SCII,77.13171186259632,1.9919275950839939,1.969471710752548e-11,3.3962912496856934e-12,0.5599608515722749,0.0
KUG1114+294,Spiral,SCII,77.13171186259632,2.2758448767362376,1.3958230374990007e-11,3.583890565773284e-12,0.5072317652139473,0.0
KUG1114+294,Spiral,SCII,77.13171186259632,2.5777886524616394,1.3926970268446803e-11,3.838891289380614e-12,0.511302252011009,0.0
KUG1114+294,Spiral,SCII,77.13171186259632,2.8121330754126976,1.5953564963134027e-11,3.966435598799776e-12,0.4856485625984628,0.0
KUG1114+294,Spiral,SCII,77.13171186259632,3.0780238629917824,2.613675967544941e-11,4.0121383156070945e-12,0.46448501672624015,0.0
KUG1114+294,Spiral,SCII,77.13171186259632,3.42954049741837,2.1712760542081398e-11,4.231716536734922e-12,0.4417857068580035,0.0
KUG1114+294,Spiral,SCII,77.13171186259632,3.781057131844957,1.8759366695614716e-11,4.449215635296315e-12,0.40460152829148527,0.0
NGC0019,SB(r)bc LINER,ShellFlow,58.9941357419625,0.2501768089593484,1.8227880067978723e-10,4.2332159663796134e-11,0.5088081062357728,0.0
NGC0019,SB(r)bc LINER,ShellFlow,58.9941357419625,0.7132577080939569,3.3011681185319177e-10,9.861329312185864e-11,0.5235888958995849,0.0
NGC0019,SB(r)bc LINER,ShellFlow,58.9941357419625,1.1213722242745985,3.7130323553263627e-10,1.2662925634326604e-10,0.4865395278646446,0.0
NGC0019,SB(r)bc LINER,ShellFlow,58.9941357419625,1.584453123409207,4.646961353570185e-10,1.4470294004630577e-10,0.4161644063062882,0.0
NGC0019,SB(r)bc LINER,ShellFlow,58.9941357419625,2.084806741327904,3.8081654931808054e-10,1.58311045056866e-10,0.3609036751803463,0.0
NGC0019,SB(r)bc LINER,ShellFlow,58.9941357419625,2.547887640462512,3.264736571764797e-10,1.5470555888311708e-10,0.31530652462133574,0.0
NGC0019,SB(r)bc LINER,ShellFlow,58.9941357419625,2.9560021566431534,3.094610463381328e-10,1.4819714550021976e-10,0.3027717831316545,0.0
NGC0019,SB(r)bc LINER,ShellFlow,58.9941357419625,3.419083055777762,2.9002159785150547e-10,1.3385658105939896e-10,0.24523809444494907,0.0
NGC0019,SB(r)bc LINER,ShellFlow,58.9941357419625,3.8821639549123703,2.6448279464186046e-10,1.387021317546863e-10,0.1781858147310087,0.0
NGC0019,SB(r)bc LINER,ShellFlow,58.9941357419625,4.290278471093012,2.5584444113168787e-10,1.2433203796907394e-10,0.15730591320063855,0.0
NGC0019,SB(r)bc LINER,ShellFlow,58.9941357419625,4.753359370227621,2.1868969977034939e-10,1.0244850618371273e-10,0.16544541702830956,0.0
NGC0019,SB(r)bc LINER,ShellFlow,58.9941357419625,5.253712988146318,2.1953518592369685e-10,8.371146263776984e-11,0.17992603109643543,0.0
NGC0019,SB(r)bc LINER,ShellFlow,58.9941357419625,5.649403264732261,1.821602802422809e-10,7.400112742403393e-11,0.15980445880096705,0.0
NGC0019,SB(r)bc LINER,ShellFlow,58.9941357419625,6.124908403461567,1.5824183173911852e-10,5.929342031016465e-11,0.1622155224698233,0.0
NGC0019,SB(r)bc LINER,ShellFlow,58.9941357419625,6.587989302596175,1.5006267583970841e-10,4.813847073031595e-11,0.27217962909971943,0.0
NGC0019,SB(r)bc LINER,ShellFlow,58.9941357419625,7.088342920514872,1.30345755466581e-10,5.173041960899582e-11,0.193772009290795,0.0
NGC0019,SB(r)bc LINER,ShellFlow,58.9941357419625,7.537210876299906,1.2312027690664298e-10,5.566964718385875e-11,0.08814291397716058,0.0
NGC0019,SB(r)bc LINER,ShellFlow,58.9941357419625,7.873197122148693,1.168313971081931e-10,4.5031255347973926e-11,0.15566834794978548,0.0
NGC0019,SB(r)bc LINER,ShellFlow,58.9941357419625,8.358806019925826,8.482163065076918e-11,4.7594943480029477e-11,0.06010558254036653,0.0
NGC0019,SB(r)bc LINER,ShellFlow,58.9941357419625,9.10933644680387,9.045114065589947e-11,3.8189735568328155e-11,0.04503962661074268,0.0
NGC0021,SAB(s)bc:,ShellFlow,68.07122224671934,0.4296301670181563,3.0213181344307237e-10,6.145112570216353e-11,0.49620816011634544,0.0
NGC0021,SAB(s)bc:,ShellFlow,68.07122224671934,1.3189980655952296,5.216975077574591e-10,1.0838825259158273e-10,0.3928627090775764,0.0
NGC0021,SAB(s)bc:,ShellFlow,68.07122224671934,2.143371856592248,4.521951869383719e-10,9.551384384011934e-11,0.41989797423242314,0.0
NGC0021,SAB(s)bc:,ShellFlow,68.07122224671934,2.9677456475892665,3.7189524855257255e-10,8.929238781827622e-11,0.4047870412025907,0.0
NGC0021,SAB(s)bc:,ShellFlow,68.07122224671934,3.834826128259543,2.992887155389251e-10,8.849270754547286e-11,0.31520113841260333,0.0
NGC0021,SAB(s)bc:,ShellFlow,68.07122224671934,4.73866129810945,2.0523384525359831e-10,7.807490849397506e-11,0.2922693722376208,0.0
NGC0021,SAB(s)bc:,ShellFlow,68.07122224671934,5.605741778779725,1.9585663448240666e-10,6.648330146789916e-11,0.25018542531841625,0.0
NGC0021,SAB(s)bc:,ShellFlow,68.07122224671934,6.430115569776744,1.9573894103455817e-10,4.941091736778725e-11,0.3310128623247072,0.0
NGC0021,SAB(s)bc:,ShellFlow,68.07122224671934,7.254489360773762,1.8487042682878625e-10,4.209694437433409e-11,0.2814627176928449,0.0
NGC0021,SAB(s)bc:,ShellFlow,68.07122224671934,8.017035117446005,1.5155401952790492e-10,3.8760827027501845e-11,0.213016521686092,0.0
NGC0021,SAB(s)bc:,ShellFlow,68.07122224671934,8.986800795370728,1.2001407408525068e-10,4.16241419430095e-11,0.09086506037092824,0.0
NGC0021,SAB(s)bc:,ShellFlow,68.07122224671934,9.976499933968439,9.734676720997118e-11,3.550778121360918e-11,0.07185189732249192,0.0
NGC0021,SAB(s)bc:,ShellFlow,68.07122224671934,10.681096593863883,9.655743989037871e-11,2.4348470890588172e-11,0.13906659395781945,0.0
NGC0021,SAB(s)bc:,ShellFlow,68.07122224671934,11.433945006666184,8.766642554431771e-11,2.2337687633824876e-11,0.1162112242073569,0.0
NGC0021,SAB(s)bc:,ShellFlow,68.07122224671934,12.423193555862605,6.406297302499299e-11,1.955357409325282e-11,0.07951115902212856,0.0
NGC0021,SAB(s)bc:,ShellFlow,68.07122224671934,14.264295022422614,6.355856397015833e-11,1.3814302756231642e-11,0.07147766577491763,0.0
NGC0021,SAB(s)bc:,ShellFlow,68.07122224671934,14.978752307953362,6.940119927838254e-11,1.3175168322889092e-11,0.04927059826451616,0.0
NGC0021,SAB(s)bc:,ShellFlow,68.07122224671934,15.638251340750976,7.31647195626731e-11,1.10269274776705e-11,0.09168701484887001,0.0
NGC0021,SAB(s)bc:,ShellFlow,68.07122224671934,16.545062510847696,4.169897245264263e-11,1.0470811028555356e-11,0.04856767537831515,0.0
NGC0021,SAB(s)bc:,ShellFlow,68.07122224671934,17.12212416454561,3.7097753522528476e-11,8.997897888282933e-12,0.09766703413996394,0.0
NGC0200,SB(s)bc,ShellFlow,55.79385172611987,0.37875851453227644,4.271250682430657e-10,9.719211614854968e-11,0.5514987824751846,0.0
NGC0200,SB(s)bc,ShellFlow,55.79385172611987,1.0958073005330253,7.35674378136905e-10,2.13678058912667e-10,0.46255626382470294,0.0
NGC0200,SB(s)bc,ShellFlow,55.79385172611987,1.8784907286742782,8.143396867704398e-10,2.2693918762564601e-10,0.42380330484332934,0.0
NGC0200,SB(s)bc,ShellFlow,55.79385172611987,2.651309601725935,4.810311953952498e-10,1.759801799857129e-10,0.4518814954137142,0.0
NGC0200,SB(s)bc,ShellFlow,55.79385172611987,3.408826630790488,4.1002045783585323e-10,1.601115459570281e-10,0.4764289697371379,0.0
NGC0200,SB(s)bc,ShellFlow,55.79385172611987,4.166343659855041,3.4757251280238967e-10,1.3638698608077453e-10,0.5001878759331927,0.0
NGC0200,SB(s)bc,ShellFlow,55.79385172611987,4.923860688919594,2.5380182198853535e-10,1.5417032674050828e-10,0.4197056952470847,0.0
NGC0200,SB(s)bc,ShellFlow,55.79385172611987,5.681377717984146,1.8908274615973212e-10,1.1071811172592102e-10,0.4843088283126737,0.0
NGC0200,SB(s)bc,ShellFlow,55.79385172611987,6.445695566598523,1.8365462750166578e-10,1.4332274673853598e-10,0.3291142653178845,0.0
NGC0200,SB(s)bc,ShellFlow,55.79385172611987,7.196411776113253,1.499895637808235e-10,1.357874244801987e-10,0.34295916585674313,0.0
NGC0200,SB(s)bc,ShellFlow,55.79385172611987,7.913460562114001,1.5997137615783496e-10,1.353790578550613e-10,0.31271935259063405,0.0
NGC0200,SB(s)bc,ShellFlow,55.79385172611987,8.654632057062518,1.399222796374765e-10,1.411952508498494e-10,0.2549611772439077,0.0
NGC0200,SB(s)bc,ShellFlow,55.79385172611987,9.363112483778957,9.540183213017477e-11,1.1892243330177613e-10,0.21579888906869651,0.0
NGC0200,SB(s)bc,ShellFlow,55.79385172611987,10.317785944941377,1.1676680317746188e-10,1.201086872766258e-10,0.16940192957779168,0.0
NGC0200,SB(s)bc,ShellFlow,55.79385172611987,11.007631452742832,1.1185450353107317e-10,6.099437687539932e-11,0.4580680725585026,0.0
NGC0200,SB(s)bc,ShellFlow,55.79385172611987,11.74151395050057,9.76792095371334e-11,9.193705817357304e-11,0.21707857766572497,0.0
NGC0200,SB(s)bc,ShellFlow,55.79385172611987,12.499030979565124,1.2047162577609849e-10,1.0209050336488499e-10,0.1039943827665189,0.0
NGC0200,SB(s)bc,ShellFlow,55.79385172611987,13.216079765565873,1.1575229993279359e-10,6.065617762692645e-11,0.29327412858579366,0.0
NGC0200,SB(s)bc,ShellFlow,55.79385172611987,13.993662579044758,9.693438016461229e-11,8.580439559157303e-11,0.0796905186133475,0.0
NGC0200,SB(s)bc,ShellFlow,55.79385172611987,14.680276014188868,7.068870553487467e-11,5.187696508878076e-11,0.24107201259448324,0.0
NGC0200,SB(s)bc,ShellFlow,55.79385172611987,15.164884908249098,5.841553526093609e-11,7.452929918210822e-11,0.03595047276972177,0.0
NGC0214,SAB(r)c,ShellFlow,46.28743975896853,0.37145685927218763,4.349660662046639e-10,1.9911783696169274e-10,0.48144912551994257,0.0
NGC0214,SAB(r)c,ShellFlow,46.28743975896853,1.111557917834932,6.756207705412951e-10,4.159621094094339e-10,0.41952186665746355,0.0
NGC0214,SAB(r)c,ShellFlow,46.28743975896853,1.854471636379307,7.100624231169446e-10,4.0095508414800614e-10,0.3911862385496499,0.0
NGC0214,SAB(r)c,ShellFlow,46.28743975896853,2.5945726949420513,6.37020097448809e-10,3.6119251373236996e-10,0.3622419554501086,0.0
NGC0214,SAB(r)c,ShellFlow,46.28743975896853,3.2955883935713763,5.36850096242072e-10,3.397595249649739e-10,0.33410030969190746,0.0
NGC0214,SAB(r)c,ShellFlow,46.28743975896853,3.9966040922007013,4.395377728455694e-10,2.909675893293456e-10,0.31251491889869387,0.0
NGC0214,SAB(r)c,ShellFlow,46.28743975896853,4.736705150763446,3.379368264551068e-10,2.509554170175123e-10,0.29616604955597325,0.0
NGC0214,SAB(r)c,ShellFlow,46.28743975896853,5.479618869307822,2.8730906674659164e-10,1.9923932347765959e-10,0.2535267224423893,0.0
NGC0214,SAB(r)c,ShellFlow,46.28743975896853,6.219719927870566,2.664578342351936e-10,2.1954656471800067e-10,0.18964288513004587,0.0
NGC0214,SAB(r)c,ShellFlow,46.28743975896853,6.9626336464149405,2.428140786351277e-10,1.7291065618023295e-10,0.21489642337072137,0.0
NGC0214,SAB(r)c,ShellFlow,46.28743975896853,7.702734704977685,2.0906863192250385e-10,1.4238433342329375e-10,0.22089412857996862,0.0
NGC0214,SAB(r)c,ShellFlow,46.28743975896853,8.40375040360701,1.940026273278498e-10,1.3416751328014725e-10,0.17537843851946072,0.0
NGC0214,SAB(r)c,ShellFlow,46.28743975896853,9.104766102236335,1.7466217943986672e-10,1.3024472031426136e-10,0.11951504218999684,0.0
NGC0214,SAB(r)c,ShellFlow,46.28743975896853,9.845570325794487,2.0368317493502095e-10,1.1079240746613283e-10,0.0869629954972877,0.0
NGC0214,SAB(r)c,ShellFlow,46.28743975896853,10.587780879343455,1.487167147610231e-10,7.295858731970616e-11,0.23337116281482237,0.0
NGC0214,SAB(r)c,ShellFlow,46.28743975896853,11.346328741861196,1.5902233204218938e-10,7.506152303056956e-11,0.1418282651259088,0.0
NGC0214,SAB(r)c,ShellFlow,46.28743975896853,12.070795656450574,1.3327104354627389e-10,7.974179895129421e-11,0.059491963482603084,0.0
NGC0214,SAB(r)c,ShellFlow,46.28743975896853,12.81370937499495,1.1182648825429283e-10,5.3514331202427895e-11,0.1746077315206779,0.0
NGC0214,SAB(r)c,ShellFlow,46.28743975896853,13.470717558723003,1.3038017933354515e-10,5.980227846357251e-11,0.05293316145059052,0.0
NGC0214,SAB(r)c,ShellFlow,46.28743975896853,14.617845011514314,1.1817401050981382e-10,5.1357956274089056e-11,0.031102899768735745,0.0
NGC0280,SB?,Mathewson96,61.984464795479425,0.6071755217802342,1.6095142903595968e-09,8.813753390373978e-11,0.6712464501005109,0.0
NGC0280,SB?,Mathewson96,61.984464795479425,1.8215265653407022,1.0516981417824518e-09,2.0201019129806856e-10,0.5536332212149779,0.0
NGC0280,SB?,Mathewson96,61.984464795479425,3.0358776089011705,7.888116763686134e-10,2.315442553620624e-10,0.44488699607140536,0.0
NGC0280,SB?,Mathewson96,61.984464795479425,4.131860091144886,6.040333604211498e-10,2.305489722833194e-10,0.36738384973805754,0.0
NGC0280,SB?,Mathewson96,61.984464795479425,4.368597213778392,5.196121704045814e-10,1.9305730153146545e-10,0.45500821654197504,0.0
NGC0280,SB?,Mathewson96,61.984464795479425,5.464579696022107,4.7525985424513e-10,1.7929032942312755e-10,0.3421856089136666,0.0
NGC0280,SB?,Mathewson96,61.984464795479425,6.678930739582576,3.681093981212197e-10,1.7550913651206416e-10,0.3142294408930428,0.0
NGC0280,SB?,Mathewson96,61.984464795479425,7.893281783143044,2.659807434859135e-10,8.621149813401932e-11,0.5411263248269284,0.0
NGC0280,SB?,Mathewson96,61.984464795479425,9.107632826703512,2.3547454696464665e-10,1.3784125591802913e-10,0.31985915356722266,0.0
NGC0280,SB?,Mathewson96,61.984464795479425,10.321983870263981,2.3235983114046798e-10,6.821485200135929e-11,0.5432636029896669,0.0
NGC0280,SB?,Mathewson96,61.984464795479425,11.536334913824447,2.0456526801249783e-10,3.7095353355658924e-11,0.69910873313736,0.0
NGC0280,SB?,Mathewson96,61.984464795479425,12.86905451870167,1.616828802373876e-10,8.156910183127394e-11,0.2243922163526625,0.0
NGC0280,SB?,Mathewson96,61.984464795479425,14.083405562262138,1.5156058462663765e-10,5.5953873027429675e-11,0.42599648271297835,0.0
NGC0280,SB?,Mathewson96,61.984464795479425,15.297756605822606,1.5420400957840393e-10,5.226018587072651e-11,0.3949509444178747,0.0
NGC0280,SB?,Mathewson96,61.984464795479425,16.512107649383072,1.5791801000895698e-10,5.299434078637074e-11,0.3012915258294594,0.0
NGC0280,SB?,Mathewson96,61.984464795479425,17.72645869294354,1.5370624828232086e-10,6.074335758996836e-11,0.1915738023847827,0.0
NGC0280,SB?,Mathewson96,61.984464795479425,18.94080973650401,1.5915314210666368e-10,6.603801053913422e-11,0.11222423056717487,0.0
NGC0280,SB?,Mathewson96,61.984464795479425,20.155160780064477,1.4277656798619894e-10,3.4280138026375254e-11,0.3529287743878775,0.0
NGC0280,SB?,Mathewson96,61.984464795479425,21.36951182362495,1.481862496358511e-10,4.891369792871271e-11,0.13995934824817743,0.0
NGC0338,Sab,Courteau97/ShellFlow,70.22878428237513,0.2942835042299954,5.78608915177772e-10,1.2331865776056172e-10,0.4811307107564439,0.0
NGC0338,Sab,Courteau97/ShellFlow,70.22878428237513,0.8866401730783215,1.265875794266277e-09,2.9623018657309814e-10,0.4405553947130229,0.0
NGC0338,Sab,Courteau97/ShellFlow,70.22878428237513,1.5000739037160933,1.163345821240538e-09,3.652791071130645e-10,0.340466106596638,0.0
NGC0338,Sab,Courteau97/ShellFlow,70.22878428237513,2.1119169127093786,9.468463825706717e-10,3.0614332010285897e-10,0.3469648413802098,0.0
NGC0338,Sab,Courteau97/ShellFlow,70.22878428237513,2.7004839211693694,8.30447928574579e-10,2.546346256446915e-10,0.3529467739241973,0.0
NGC0338,Sab,Courteau97/ShellFlow,70.22878428237513,3.3141983673914623,7.25168160399421e-10,2.2865625476518178e-10,0.3118500764837415,0.0
NGC0338,Sab,Courteau97/ShellFlow,70.22878428237513,3.945808432114028,6.027884361350298e-10,1.9480353287439984e-10,0.34066787687059824,0.0
NGC0338,Sab,Courteau97/ShellFlow,70.22878428237513,4.55928894868252,5.133433429856945e-10,1.9875477113553931e-10,0.26276562264513026,0.0
NGC0338,Sab,Courteau97/ShellFlow,70.22878428237513,5.131129986910042,4.476543666195367e-10,1.677740800603174e-10,0.29052577728711326,0.0
NGC0338,Sab,Courteau97/ShellFlow,70.22878428237513,5.75423760845365,3.728825964669521e-10,1.3022776836179813e-10,0.3298940814015441,0.0
NGC0338,Sab,Courteau97/ShellFlow,70.22878428237513,6.407379998060747,3.3960238602361504e-10,1.0653842696031775e-10,0.34056455559289245,0.0
NGC0338,Sab,Courteau97/ShellFlow,70.22878428237513,6.966659013889899,3.481338319618006e-10,9.992672787428887e-11,0.32853186820189856,0.0
NGC0338,Sab,Courteau97/ShellFlow,70.22878428237513,7.515691910891328,3.4301763160516317e-10,1.0854951690265169e-10,0.24068618330250308,0.0
NGC0338,Sab,Courteau97/ShellFlow,70.22878428237513,8.20794823830994,2.5881244106067697e-10,1.0149877593883801e-10,0.20485927282698846,0.0
NGC0338,Sab,Courteau97/ShellFlow,70.22878428237513,8.808099263270362,2.477629499285821e-10,1.0051598147385373e-10,0.13741826750463754,0.0
NGC0338,Sab,Courteau97/ShellFlow,70.22878428237513,9.388883612100939,2.406367149272619e-10,6.123664928421957e-11,0.3242332321505215,0.0
NGC0338,Sab,Courteau97/ShellFlow,70.22878428237513,9.960256791021258,2.1839938482659396e-10,7.606021150626534e-11,0.17375744751243138,0.0
NGC0338,Sab,Courteau97/ShellFlow,70.22878428237513,10.550965155541133,2.1252271197248856e-10,6.831267367212935e-11,0.09802874385296743,0.0
NGC0338,Sab,Courteau97/ShellFlow,70.22878428237513,11.049491740600683,1.8118765994919357e-10,6.256468564280505e-11,0.16066913629044355,0.0
NGC0338,Sab,Courteau97/ShellFlow,70.22878428237513,11.79005454148789,1.5407150926180644e-10,6.639984526629153e-11,0.07734567750990057,0.0
NGC0338,Sab,Courteau97/ShellFlow,70.22878428237513,12.112877463457203,1.656863060152125e-10,5.4681366615038466e-11,0.1203647478425945,0.0
NGC0444,Sd,Courteau97,81.98562344159107,0.2718774668508957,7.294132981284323e-11,2.175290961477562e-12,0.648669993540822,0.0
NGC0444,Sd,Courteau97,81.98562344159107,0.7871123554650571,6.724818320362155e-11,5.484378411143037e-12,0.6266638986386232,0.0
NGC0444,Sd,Courteau97,81.98562344159107,1.3023472440792185,1.2222334013074883e-10,7.625889834763047e-12,0.5637009229318041,0.0
NGC0444,Sd,Courteau97,81.98562344159107,1.8461021777810098,9.357114272798341e-11,8.770104312895671e-12,0.5435044145151015,0.0
NGC0444,Sd,Courteau97,81.98562344159107,2.3613370663951714,5.71857867771947e-11,8.810525575868212e-12,0.5291178551157952,0.0
NGC0444,Sd,Courteau97,81.98562344159107,2.8765719550093327,7.592828538902416e-11,8.862223803896037e-12,0.5156915017728188,0.0
NGC0444,Sd,Courteau97,81.98562344159107,3.420326888711124,9.013409007462358e-11,8.570467484502906e-12,0.454950323717925,0.0
NGC0444,Sd,Courteau97,81.98562344159107,3.9355617773252853,8.746552572929449e-11,8.706067434507052e-12,0.5023329494840593,0.0
NGC0444,Sd,Courteau97,81.98562344159107,4.438757140733199,5.606246280503933e-11,7.320733088177715e-12,0.5283151116885025,0.0
NGC0444,Sd,Courteau97,81.98562344159107,5.051591689816498,5.4552944760049027e-11,9.070088196575792e-12,0.39126515176934934,0.0
NGC0444,Sd,Courteau97,81.98562344159107,5.544085505442029,4.7777283728795244e-11,8.852547968798498e-12,0.36391184423868483,0.0
NGC0444,Sd,Courteau97,81.98562344159107,6.074837751921073,6.965463029827545e-11,8.448339591825273e-12,0.32806980088977794,0.0
NGC0444,Sd,Courteau97,81.98562344159107,6.625816400746612,5.6227251574476127e-11,6.898116488800709e-12,0.3824254446065349,0.0
NGC0444,Sd,Courteau97,81.98562344159107,7.098083814025647,3.821180093987175e-11,6.433672049390687e-12,0.4527922568424194,0.0
NGC0444,Sd,Courteau97,81.98562344159107,8.672308524955762,4.8377929146381344e-11,4.784149160823838e-12,0.4550448201644316,0.0
NGC0444,Sd,Courteau97,81.98562344159107,9.223287173781301,6.874458687992994e-11,7.084195977297775e-12,0.24603137351430054,0.0
NGC0444,Sd,Courteau97,81.98562344159107,9.794492224953338,7.831633558127748e-11,6.6457969212159505e-12,0.14890815157646511,0.0
NGC0444,Sd,Courteau97,81.98562344159107,10.297099241752115,7.525269037215487e-11,5.476538096847538e-12,0.2644535529859734,0.0
NGC0496,Sbc,Courteau97/ShellFlow,57.88917315631621,0.4069865646134827,6.237470933861911e-11,2.30499624135685e-11,0.7013803662931497,0.0
NGC0496,Sbc,Courteau97/ShellFlow,57.88917315631621,1.254152482225069,9.212228734369478e-11,5.581385079030824e-11,0.6017400886091969,0.0
NGC0496,Sbc,Courteau97/ShellFlow,57.88917315631621,2.101256559522944,1.2257096377716875e-10,6.874694906770319e-11,0.5818350660908487,0.0
NGC0496,Sbc,Courteau97/ShellFlow,57.88917315631621,2.915229688749909,1.2174134345883214e-10,7.285490637136921e-11,0.5253131817816877,0.0
NGC0496,Sbc,Courteau97/ShellFlow,57.88917315631621,3.7292028179768746,1.1334844342863758e-10,8.397111080467135e-11,0.482319226974553,0.0
NGC0496,Sbc,Courteau97/ShellFlow,57.88917315631621,4.576770697627586,1.1339292954300976e-10,7.559987732362892e-11,0.4744745053497464,0.0
NGC0496,Sbc,Courteau97/ShellFlow,57.88917315631621,5.439679191463761,8.575532226705382e-11,7.992864688488581e-11,0.4037701772869986,0.0
NGC0496,Sbc,Courteau97/ShellFlow,57.88917315631621,6.231178988503316,9.075834587381916e-11,5.20695447387587e-11,0.5002283164232737,0.0
NGC0496,Sbc,Courteau97/ShellFlow,57.88917315631621,7.051419071340267,8.064197920036075e-11,8.026767568376105e-11,0.2524277660336033,0.0
NGC0496,Sbc,Courteau97/ShellFlow,57.88917315631621,7.869813782997601,6.606451666914487e-11,7.392801546999942e-11,0.2582798588907504,0.0
NGC0496,Sbc,Courteau97/ShellFlow,57.88917315631621,8.736644920369429,7.190313962810512e-11,6.066505951826579e-11,0.2839656720529622,0.0
NGC0496,Sbc,Courteau97/ShellFlow,57.88917315631621,9.528309156424989,7.952478567143025e-11,6.03558291976779e-11,0.23904988743270814,0.0
NGC0496,Sbc,Courteau97/ShellFlow,57.88917315631621,10.405189344774927,6.345959325530498e-11,5.858859831896063e-11,0.20135391425855279,0.0
NGC0496,Sbc,Courteau97/ShellFlow,57.88917315631621,11.26647914832168,6.155655553741724e-11,4.3526147673491323e-11,0.19570782735727424,0.0
NGC0496,Sbc,Courteau97/ShellFlow,57.88917315631621,12.055868789663784,7.146624515375488e-11,2.3752390343770568e-11,0.49167316712096953,0.0
NGC0496,Sbc,Courteau97/ShellFlow,57.88917315631621,12.884491202094395,6.053872428380691e-11,3.672575510393445e-11,0.25043952595245594,0.0
NGC0496,Sbc,Courteau97/ShellFlow,57.88917315631621,13.729013446294815,6.607085480719394e-11,4.517489932992308e-11,0.1267184715177715,0.0
NGC0496,Sbc,Courteau97/ShellFlow,57.88917315631621,14.5469258035052,6.329734124070802e-11,2.1659921005629794e-11,0.3969882434188137,0.0
NGC0496,Sbc,Courteau97/ShellFlow,57.88917315631621,15.378987224492766,6.046453988191145e-11,3.477042550820697e-11,0.1397699513641994,0.0
NGC0496,Sbc,Courteau97/ShellFlow,57.88917315631621,16.016713398298307,5.809780071523977e-11,1.9511010234996106e-11,0.360512149183045,0.0
NGC0496,Sbc,Courteau97/ShellFlow,57.88917315631621,16.709160004363323,9.773063050293007e-11,3.5489354993649406e-11,0.07572136360821968,0.0
NGC0512,Sab,ShellFlow,74.69001674636216,0.3162442700271149,8.895635268701635e-11,4.5888074237711793e-11,0.5486531364978713,0.0
NGC0512,Sab,ShellFlow,74.69001674636216,0.7848727510726492,1.2201288890639385e-10,9.523872359717532e-11,0.546948181049058,0.0
NGC0512,Sab,ShellFlow,74.69001674636216,1.40842517998691,2.163376654933214e-10,1.231405747509934e-10,0.49724845623326525,0.0
NGC0512,Sab,ShellFlow,74.69001674636216,2.1378564162606355,2.7031183145586e-10,1.2094251828000024e-10,0.4877669522324606,0.0
NGC0512,Sab,ShellFlow,74.69001674636216,2.7714172896516613,4.061206412698882e-10,1.076749248924313e-10,0.5042694496480958,0.0
NGC0512,Sab,ShellFlow,74.69001674636216,3.2711810631954044,4.49808552956868e-10,1.0667395622499576e-10,0.509844510731743,0.0
NGC0512,Sab,ShellFlow,74.69001674636216,3.816377907061305,4.825463031380723e-10,1.14747292939661e-10,0.4329461405375715,0.0
NGC0512,Sab,ShellFlow,74.69001674636216,4.408795043477357,4.923184267519403e-10,9.944775641874727e-11,0.48865787031702457,0.0
NGC0512,Sab,ShellFlow,74.69001674636216,5.0412835835315875,4.676101799251629e-10,1.1630517209152745e-10,0.32035173935531236,0.0
NGC0512,Sab,ShellFlow,74.69001674636216,5.63370071994764,4.201921661603293e-10,1.3208805092450677e-10,0.2706737049089567,0.0
NGC0512,Sab,ShellFlow,74.69001674636216,6.135966604610574,3.9498055065302956e-10,1.193789764960211e-10,0.23528698544487964,0.0
NGC0512,Sab,ShellFlow,74.69001674636216,6.814960548323758,3.1227059857173643e-10,1.1604543304320518e-10,0.21559425309507607,0.0
NGC0512,Sab,ShellFlow,74.69001674636216,7.403803240283823,2.999675757192736e-10,9.739604664693126e-11,0.1903201432950897,0.0
NGC0512,Sab,ShellFlow,74.69001674636216,7.996220376699877,2.810832793115131e-10,6.343822588687161e-11,0.35756982521122294,0.0
NGC0512,Sab,ShellFlow,74.69001674636216,8.588637513115929,2.6972789312701214e-10,6.818162509891932e-11,0.29685097018242956,0.0
NGC0512,Sab,ShellFlow,74.69001674636216,9.177480205075994,2.8571719832840716e-10,8.424646853991744e-11,0.14443547423011652,0.0
NGC0512,Sab,ShellFlow,74.69001674636216,9.573867282379464,2.2290272848810982e-10,5.477495242594763e-11,0.29588021823488053,0.0
NGC0512,Sab,ShellFlow,74.69001674636216,11.845520798487383,2.416858580655404e-10,4.623201980258517e-11,0.04740759577539944,0.0
NGC0658,Sb,Courteau97,62.38859389269488,0.2738136862773616,1.3663322088339086e-10,7.585120624316716e-11,0.40353350090353246,0.0
NGC0658,Sb,Courteau97,62.38859389269488,0.7956085352984429,3.963006422755589e-10,1.647076702191524e-10,0.38872915446119644,0.0
NGC0658,Sb,Courteau97,62.38859389269488,1.2853754804095054,2.7543046012992343e-10,1.8200950115130575e-10,0.3506691495541116,0.0
NGC0658,Sb,Courteau97,62.38859389269488,1.8071703294305865,2.1531236643719107e-10,1.8104224367629802e-10,0.3044482214127845,0.0
NGC0658,Sb,Courteau97,62.38859389269488,2.3547977019853095,2.2861622991832185e-10,1.6283742824118508e-10,0.24380608690118866,0.0
NGC0658,Sb,Courteau97,62.38859389269488,2.876592551006391,2.259293340873048e-10,1.3718299985766756e-10,0.21304883757017118,0.0
NGC0658,Sb,Courteau97,62.38859389269488,3.3663594961174534,1.6410463514707902e-10,1.1938860848593587e-10,0.24742312477170403,0.0
NGC0658,Sb,Courteau97,62.38859389269488,3.8881543451385348,1.515134197661259e-10,1.1354132715171806e-10,0.16490937069477118,0.0
NGC0658,Sb,Courteau97,62.38859389269488,4.381018980437786,1.216902073500548e-10,9.736372259453789e-11,0.1649795109539884,0.0
NGC0658,Sb,Courteau97,62.38859389269488,4.668274429496036,9.022792405915252e-11,8.702608940486257e-11,0.12874770515848102,0.0
NGC0658,Sb,Courteau97,62.38859389269488,5.4897154883281205,9.484749858237327e-11,5.994119266631321e-11,0.18358780586614623,0.0
NGC0658,Sb,Courteau97,62.38859389269488,5.927817386371899,1.0666544779634521e-10,5.364959506229931e-11,0.18139681152396808,0.0
NGC0658,Sb,Courteau97,62.38859389269488,9.815971731510436,1.0068644506007782e-10,2.011421561892367e-11,0.207367603350973,0.0
NGC0658,Sb,Courteau97,62.38859389269488,10.089785417787795,7.991318234561165e-11,2.4860098806242122e-11,0.0893598184466942,0.0
NGC0658,Sb,Courteau97,62.38859389269488,10.363599104065157,7.093650427230713e-11,2.1673895507458126e-11,0.1256758052840152,0.0
NGC0673,SAB(s)c,ShellFlow,50.78060188901272,0.4562816160440857,5.378117013466753e-11,1.332353581561861e-10,0.4937730477433585,0.0
NGC0673,SAB(s)c,ShellFlow,50.78060188901272,1.3618831865157282,1.4496972026309897e-10,2.3033164197458338e-10,0.44189680175564233,0.0
NGC0673,SAB(s)c,ShellFlow,50.78060188901272,2.3232105810486514,1.9599349627482e-10,2.0353521926398804e-10,0.4196730376204394,0.0
NGC0673,SAB(s)c,ShellFlow,50.78060188901272,3.284537975581574,2.1422995224154386e-10,1.7186463689314323e-10,0.4471902309541916,0.0
NGC0673,SAB(s)c,ShellFlow,50.78060188901272,4.190139546053216,1.9914234853278254e-10,1.4757444386154242e-10,0.3779223772052551,0.0
NGC0673,SAB(s)c,ShellFlow,50.78060188901272,5.15146694058614,1.7552445356146798e-10,1.526005251189655e-10,0.35603746627364613,0.0
NGC0673,SAB(s)c,ShellFlow,50.78060188901272,6.0605493418660465,1.349502891098735e-10,8.370362994106354e-11,0.5377691006705803,0.0
NGC0673,SAB(s)c,ShellFlow,50.78060188901272,6.969631743145953,1.0573597398032693e-10,1.3920576310902563e-10,0.3419427897512052,0.0
NGC0673,SAB(s)c,ShellFlow,50.78060188901272,7.929218722274744,1.0524301662792994e-10,9.271050350718664e-11,0.4481487452987322,0.0
NGC0673,SAB(s)c,ShellFlow,50.78060188901272,8.83656070815052,1.0110209089174683e-10,7.839529639580465e-11,0.43514330095396014,0.0
NGC0673,SAB(s)c,ShellFlow,50.78060188901272,9.79788810268344,9.255558209886455e-11,7.058441478341602e-11,0.3817223258224683,0.0
NGC0673,SAB(s)c,ShellFlow,50.78060188901272,10.759215497216365,8.734372250787572e-11,6.037568536980362e-11,0.3823663009934459,0.0
NGC0673,SAB(s)c,ShellFlow,50.78060188901272,11.664817067688007,8.95305591482079e-11,5.790394224133927e-11,0.33984751446432365,0.0
NGC0673,SAB(s)c,ShellFlow,50.78060188901272,12.582352915216557,7.785779429887025e-11,6.609871984792656e-11,0.19637106522554953,0.0
NGC0673,SAB(s)c,ShellFlow,50.78060188901272,13.573539238912494,7.409680658385596e-11,6.717041015604879e-11,0.1227614142971473,0.0
NGC0673,SAB(s)c,ShellFlow,50.78060188901272,14.40946842556905,6.959333473701891e-11,3.9715350737479793e-11,0.2919771697161875,0.0
NGC0673,SAB(s)c,ShellFlow,50.78060188901272,15.419559982546724,8.034528827368128e-11,4.1979058955481546e-11,0.1991904274129181,0.0
NGC0673,SAB(s)c,ShellFlow,50.78060188901272,16.328642383826633,7.737738367579108e-11,4.967980156891863e-11,0.07383523429355666,0.0
NGC0673,SAB(s)c,ShellFlow,50.78060188901272,17.338733940804303,5.266189217140962e-11,2.8364069799425177e-11,0.2788611260400574,0.0
NGC0673,SAB(s)c,ShellFlow,50.78060188901272,18.04579803068868,4.9609703552112544e-11,3.9033148839852614e-11,0.06170600615589513,0.0
NGC0673,SAB(s)c,ShellFlow,50.78060188901272,18.65185296487528,4.7232063503884246e-11,3.061037501331848e-11,0.1252565146310478,0.0
NGC0768,SB(r)bc:,Courteau97,36.73389397945809,0.3560575579957821,6.920690803978961e-10,5.476863854505668e-11,0.6461163030302612,0.0
NGC0768,SB(r)bc:,Courteau97,36.73389397945809,1.171767580539597,1.2841779861102394e-09,1.4709994771307194e-10,0.575659907244085,0.0
NGC0768,SB(r)bc:,Courteau97,36.73389397945809,2.0505932659442947,1.092081614447769e-09,1.9579020339355023e-10,0.47963019929834316,0.0
NGC0768,SB(r)bc:,Courteau97,36.73389397945809,2.9294189513489926,8.787014939280653e-10,2.0150500179596909e-10,0.39621020104837557,0.0
NGC0768,SB(r)bc:,Courteau97,36.73389397945809,3.8082446367536904,5.348415487448065e-10,1.7515423742652172e-10,0.41564172901081803,0.0
NGC0768,SB(r)bc:,Courteau97,36.73389397945809,4.623954659297506,4.077340903355103e-10,1.4068590770819666e-10,0.4410820957229636,0.0
NGC0768,SB(r)bc:,Courteau97,36.73389397945809,5.419425059995636,4.4199049370797276e-10,1.5750120341871456e-10,0.34499312368038204,0.0
NGC0768,SB(r)bc:,Courteau97,36.73389397945809,6.214895460693767,4.397312222375255e-10,9.733331668451508e-11,0.48221365327310345,0.0
NGC0768,SB(r)bc:,Courteau97,36.73389397945809,7.030605483237583,4.976575599953002e-10,1.3121485106066568e-10,0.23927469507320276,0.0
NGC0768,SB(r)bc:,Courteau97,36.73389397945809,7.932067587811795,5.241384100835882e-10,1.392888873603492e-10,0.21714052439787968,0.0
NGC0768,SB(r)bc:,Courteau97,36.73389397945809,8.810893273216493,4.1624940637333646e-10,1.1511571528321046e-10,0.21632691872848842,0.0
NGC0768,SB(r)bc:,Courteau97,36.73389397945809,9.68971895862119,3.8595668538745455e-10,1.0434687298652736e-10,0.17096294134062123,0.0
NGC0768,SB(r)bc:,Courteau97,36.73389397945809,10.422073696458439,4.078638697712626e-10,1.0528684940993365e-10,0.09319736306854055,0.0
NGC0768,SB(r)bc:,Courteau97,36.73389397945809,11.007957486728237,5.2179091734259e-10,6.584355854982252e-11,0.24333699683591856,0.0
NGC0768,SB(r)bc:,Courteau97,36.73389397945809,12.866806966766054,1.4574143846819164e-10,6.011437599535718e-11,0.08827507841168908,0.0
NGC0768,SB(r)bc:,Courteau97,36.73389397945809,13.452690757035851,1.8915957763130942e-10,4.341006841552342e-11,0.2015583934535255,0.0
NGC0768,SB(r)bc:,Courteau97,36.73389397945809,16.528580655952293,1.250849390939916e-10,3.367851640969384e-11,0.03559817004634092,0.0
NGC0803,SA(s)c: sp,Courteau97,72.6112157881275,0.16113054977819793,1.0547716668384743e-10,1.4143476252140274e-11,0.1969266178534587,0.0
NGC0803,SA(s)c: sp,Courteau97,72.6112157881275,1.0856650890844302,1.9199855274638957e-10,4.7210223245141046e-11,0.42249354253730176,0.0
NGC0803,SA(s)c: sp,Courteau97,72.6112157881275,1.5069888050455835,1.796202652921369e-10,5.11840941826712e-11,0.4177466682361136,0.0
NGC0803,SA(s)c: sp,Courteau97,72.6112157881275,1.9493362160327732,1.5285580206806884e-10,4.873357965636678e-11,0.4098908193110782,0.0
NGC0803,SA(s)c: sp,Courteau97,72.6112157881275,2.3337409933822992,1.7865459940044028e-10,4.783700992113816e-11,0.3775674086857301,0.0
NGC0803,SA(s)c: sp,Courteau97,72.6112157881275,2.7579910303382893,1.8328228890572784e-10,4.686138849479952e-11,0.345159756312138,0.0
NGC0803,SA(s)c: sp,Courteau97,72.6112157881275,3.218221514071703,1.8403309243047822e-10,4.706547973059286e-11,0.31888729524788445,0.0
NGC0803,SA(s)c: sp,Courteau97,72.6112157881275,3.6513170213075408,1.6399484256131503e-10,4.138800875995057e-11,0.3053194281059536,0.0
NGC0803,SA(s)c: sp,Courteau97,72.6112157881275,4.043626929677841,1.5700838859595048e-10,3.77854956050262e-11,0.2834552288083278,0.0
NGC0803,SA(s)c: sp,Courteau97,72.6112157881275,4.506046611882772,1.338038624370174e-10,3.4387617750902396e-11,0.22693570958714812,0.0
NGC0803,SA(s)c: sp,Courteau97,72.6112157881275,4.9202952184256725,1.1427306494057144e-10,2.9913186066633386e-11,0.25997033706718387,0.0
NGC0803,SA(s)c: sp,Courteau97,72.6112157881275,5.31200418587739,1.350723221126839e-10,2.7209708315332993e-11,0.28422959001123993,0.0
NGC0803,SA(s)c: sp,Courteau97,72.6112157881275,5.754610236346447,1.1985311803068588e-10,2.70082187900475e-11,0.23700851405125814,0.0
NGC0803,SA(s)c: sp,Courteau97,72.6112157881275,7.48333436404625,6.451258460565369e-11,2.093067750765958e-11,0.14856405101058615,0.0
NGC0803,SA(s)c: sp,Courteau97,72.6112157881275,7.886288765035269,6.484535171672093e-11,1.4370029283978924e-11,0.2704523181511432,0.0
NGC0803,SA(s)c: sp,Courteau97,72.6112157881275,8.249298884444766,7.859004640796567e-11,1.847331288009135e-11,0.12452591803374616,0.0
NGC0803,SA(s)c: sp,Courteau97,72.6112157881275,8.530957280197802,5.885073224759308e-11,1.4351115309743887e-11,0.20618525852244196,0.0
NGC0820,Sb,ShellFlow,54.705220206293674,0.2737817800263877,4.3576472760343146e-10,1.3493378396813223e-10,0.4284846626406423,0.0
NGC0820,Sb,ShellFlow,54.705220206293674,0.8165082061564354,5.787847898579705e-10,3.118473561125363e-10,0.3813509460678846,0.0
NGC0820,Sb,ShellFlow,54.705220206293674,1.3640717662092108,5.637073865278544e-10,3.2237122845690226e-10,0.34306036104777937,0.0
NGC0820,Sb,ShellFlow,54.705220206293674,1.9067981923392583,4.988992548678483e-10,3.060898705209633e-10,0.34242120057257897,0.0
NGC0820,Sb,ShellFlow,54.705220206293674,2.454361752392034,4.1818070432124825e-10,2.8891900157698056e-10,0.28950789124928267,0.0
NGC0820,Sb,ShellFlow,54.705220206293674,2.9970881785220813,3.5057718550320273e-10,2.3932523122834743e-10,0.3035802184060996,0.0
NGC0820,Sb,ShellFlow,54.705220206293674,3.544651738574857,3.1725398666894947e-10,2.1391450276211473e-10,0.2320091131029571,0.0
NGC0820,Sb,ShellFlow,54.705220206293674,4.087378164704904,3.393176297048604e-10,2.1454749148017897e-10,0.22542818191855932,0.0
NGC0820,Sb,ShellFlow,54.705220206293674,4.63494172475768,2.4124442295264563e-10,1.7667366380991277e-10,0.20042569778458838,0.0
NGC0820,Sb,ShellFlow,54.705220206293674,5.177668150887728,1.9470016810530227e-10,1.515817205567157e-10,0.14133001949170293,0.0
NGC0820,Sb,ShellFlow,54.705220206293674,5.722329430586866,2.002321144422767e-10,1.288501612707296e-10,0.1111971801421585,0.0
NGC0820,Sb,ShellFlow,54.705220206293674,6.292305044481613,1.7735025807802698e-10,1.0949171412024106e-10,0.09841998095371297,0.0
NGC0820,Sb,ShellFlow,54.705220206293674,6.738127554359683,1.6394236809863157e-10,9.473266787761604e-11,0.16351629149559435,0.0
NGC0820,Sb,ShellFlow,54.705220206293674,7.242640622500182,1.5282413564318603e-10,9.126239869687532e-11,0.10939662705691913,0.0
NGC0820,Sb,ShellFlow,54.705220206293674,7.990945240346156,9.185975815997074e-11,7.536708010851784e-11,0.09250980128140882,0.0
NGC0820,Sb,ShellFlow,54.705220206293674,9.03383131408625,1.1116704304511255e-10,5.364838233316764e-11,0.11868016924480089,0.0
NGC0820,Sb,ShellFlow,54.705220206293674,9.765205963202677,2.0428800172966179e-10,4.8050397280477605e-11,0.0863424076560816,0.0
NGC0820,Sb,ShellFlow,54.705220206293674,10.8554959493855,1.3642443764196128e-10,3.7996337943565335e-11,0.0842983804632275,0.0
NGC0917,Sab,ShellFlow,59.463104930593914,0.2999896807504909,8.509708381101659e-10,1.1339746052679828e-10,0.5188448111818178,0.0
NGC0917,Sab,ShellFlow,59.463104930593914,0.8580574404770562,1.731445774673543e-09,2.6797954897306804e-10,0.4707101208565582,0.0
NGC0917,Sab,ShellFlow,59.463104930593914,1.3418668850265436,1.8620143155081112e-09,3.253774302671452e-10,0.4195466628660373,0.0
NGC0917,Sab,ShellFlow,59.463104930593914,1.8999346447531087,1.6394930853846221e-09,3.370304023499835e-10,0.3512720887988859,0.0
NGC0917,Sab,ShellFlow,59.463104930593914,2.4999140062540905,1.1422517456432461e-09,3.0500875067117526e-10,0.3413052333985578,0.0
NGC0917,Sab,ShellFlow,59.463104930593914,2.9998968075049084,9.453613639120055e-10,2.6394960179281087e-10,0.35194705679752486,0.0
NGC0917,Sab,ShellFlow,59.463104930593914,3.4903147203839717,8.219914050361674e-10,2.4419657101567565e-10,0.3188219547950858,0.0
NGC0917,Sab,ShellFlow,59.463104930593914,4.109423858628463,6.125707702612526e-10,1.9251652505880073e-10,0.33236157429774893,0.0
NGC0917,Sab,ShellFlow,59.463104930593914,4.636362254381499,6.164079254715707e-10,1.952389897605842e-10,0.29565382375537747,0.0
NGC0917,Sab,ShellFlow,59.463104930593914,5.209386021380263,4.095178359067992e-10,1.7487334420310226e-10,0.32050262896720083,0.0
NGC0917,Sab,ShellFlow,59.463104930593914,5.6093722623809175,4.2830974514121027e-10,1.712472128782587e-10,0.2683335867426203,0.0
NGC0917,Sab,ShellFlow,59.463104930593914,7.509306907134027,2.7092453429395965e-10,1.4348432303566642e-10,0.20183648708868496,0.0
NGC0917,Sab,ShellFlow,59.463104930593914,8.509272509635663,3.238078491533114e-10,9.9558452092403e-11,0.27935612532306275,0.0
NGC0917,Sab,ShellFlow,59.463104930593914,10.10921747363828,2.760587041812756e-10,8.993146284657205e-11,0.1990048090552394,0.0
NGC0917,Sab,ShellFlow,59.463104930593914,10.509203714638936,2.843175836424004e-10,5.6241937575488924e-11,0.3802496167902171,0.0
NGC0917,Sab,ShellFlow,59.463104930593914,10.909189955639588,2.5726556393183265e-10,8.736448629499891e-11,0.15060892800917527,0.0
NGC0918,SAB(rs)c:,Courteau97,60.0838729979721,0.11882740912349232,7.873505714653701e-11,1.3025982463921613e-11,0.04548438368398728,0.0
NGC0918,SAB(rs)c:,Courteau97,60.0838729979721,0.3455162708166679,2.474600460652686e-10,3.2704132884385336e-11,0.44242228506431097,0.0
NGC0918,SAB(rs)c:,Courteau97,60.0838729979721,0.7020238237219112,1.6605686265723726e-10,4.497620280679983e-11,0.4772058874207832,0.0
NGC0918,SAB(rs)c:,Courteau97,60.0838729979721,1.067288946549342,2.409585943671036e-10,4.792504066702673e-11,0.5074319104519784,0.0
NGC0918,SAB(rs)c:,Courteau97,60.0838729979721,1.281548035779216,2.2696388852251247e-10,4.9093400432072345e-11,0.5045988288839026,0.0
NGC0918,SAB(rs)c:,Courteau97,60.0838729979721,1.7203129256054106,1.6660495541101943e-10,5.412675920058134e-11,0.46245820670481763,0.0
NGC0918,SAB(rs)c:,Courteau97,60.0838729979721,2.8720929212420914,1.712891892396639e-10,4.4894898389671425e-11,0.48408052407174496,0.0
NGC0918,SAB(rs)c:,Courteau97,60.0838729979721,3.4753724849101886,1.263062687649781e-10,5.0200609429418725e-11,0.4131697111180315,0.0
NGC0918,SAB(rs)c:,Courteau97,60.0838729979721,3.7678824114609846,1.931026928007538e-10,5.313685994317313e-11,0.368034396237158,0.0
NGC0918,SAB(rs)c:,Courteau97,60.0838729979721,4.001890352701621,1.2107695917970875e-10,5.0630853334754415e-11,0.3160752737465416,0.0
NGC0918,SAB(rs)c:,Courteau97,60.0838729979721,4.762416161733692,1.2871993670863267e-10,4.089340334466977e-11,0.34243997485580785,0.0
NGC0918,SAB(rs)c:,Courteau97,60.0838729979721,4.879420132354011,1.0590633990377264e-10,4.900259672822071e-11,0.25748724633278347,0.0
NGC0931,Sbc Sy1.5,Courteau97,83.80858479532849,0.36241601047196575,2.3237224948757173e-10,3.7665430222109256e-10,0.3837889614445307,0.0
NGC0931,Sbc Sy1.5,Courteau97,83.80858479532849,1.1379895571231184,1.4111987791222238e-10,5.547334995704959e-10,0.40495593171182404,0.0
NGC0931,Sbc Sy1.5,Courteau97,83.80858479532849,1.9508392407824886,2.209387138412021e-10,8.436185267052894e-10,0.03076983846174779,0.0
NGC0931,Sbc Sy1.5,Courteau97,83.80858479532849,2.763688924441859,2.602479574021008e-10,2.836338442524899e-10,0.19885160389866555,0.0
NGC0931,Sbc Sy1.5,Courteau97,83.80858479532849,3.5765386081012296,3.2115263721680715e-10,2.7128115150678494e-10,0.08223779931328913,0.0
NGC0931,Sbc Sy1.5,Courteau97,83.80858479532849,4.389388291760599,3.354965043012434e-10,1.7563414615145397e-10,0.13885956690627616,0.0
NGC0931,Sbc Sy1.5,Courteau97,83.80858479532849,5.078389241800596,3.004599902240874e-10,1.2966574240485607e-10,0.1574450291635393,0.0
NGC0931,Sbc Sy1.5,Courteau97,83.80858479532849,5.5377232084939285,2.916805415505441e-10,1.0928318044017387e-10,0.1763934856952811,0.0
NGC0931,Sbc Sy1.5,Courteau97,83.80858479532849,8.616206646789326,1.1379975069443624e-10,5.631857120171301e-11,0.17509426331523595,0.0
NGC0931,Sbc Sy1.5,Courteau97,83.80858479532849,9.138893625190896,1.0472072579430361e-10,4.45503864382981e-11,0.1818561256138478,0.0
NGC0931,Sbc Sy1.5,Courteau97,83.80858479532849,9.853216074467312,1.1597082397248833e-10,3.394798590451952e-11,0.32227247245424817,0.0
NGC0931,Sbc Sy1.5,Courteau97,83.80858479532849,10.604322024580032,1.153408677285768e-10,3.575123554530096e-11,0.24953302102919234,0.0
NGC0931,Sbc Sy1.5,Courteau97,83.80858479532849,11.379895571231184,1.0539204163953649e-10,4.0603288842260295e-11,0.15930139433072676,0.0
NGC0931,Sbc Sy1.5,Courteau97,83.80858479532849,12.192745254890555,1.1465593907585546e-10,3.053856435405248e-11,0.12467636365014578,0.0
NGC0931,Sbc Sy1.5,Courteau97,83.80858479532849,13.005594938549924,1.0766769926561178e-10,2.5171377243354703e-11,0.27348021007003576,0.0
NGC0931,Sbc Sy1.5,Courteau97,83.80858479532849,13.818444622209295,1.0331596271118422e-10,3.2215826020221995e-11,0.10668623236167353,0.0
NGC0931,Sbc Sy1.5,Courteau97,83.80858479532849,14.570207420551233,1.1058406263608318e-10,1.9053173957941347e-11,0.3039538167580778,0.0
NGC0931,Sbc Sy1.5,Courteau97,83.80858479532849,15.352513661551889,9.29741757684411e-11,2.4764026732165847e-11,0.10110094542558737,0.0
NGC0931,Sbc Sy1.5,Courteau97,83.80858479532849,15.758938503381573,9.883382581483983e-11,2.0102835083482882e-11,0.17138331363327253,0.0
NGC1085,SA(s)bc:,ShellFlow,52.554406186345396,0.5081975856301361,4.0373406873794686e-10,1.7143642298315327e-10,0.5985901898554675,0.0
NGC1085,SA(s)bc:,ShellFlow,52.554406186345396,1.5245927568904079,7.685973059677623e-10,3.918364227803128e-10,0.4134043871041987,0.0
NGC1085,SA(s)bc:,ShellFlow,52.554406186345396,2.590551052683772,6.636880126386381e-10,4.0380222609392726e-10,0.3556468624980818,0.0
NGC1085,SA(s)bc:,ShellFlow,52.554406186345396,3.659022616536979,4.827989629478835e-10,3.3097397630190755e-10,0.29365225664448114,0.0
NGC1085,SA(s)bc:,ShellFlow,52.554406186345396,4.675417787797251,3.843713964957345e-10,2.348477743448885e-10,0.35260137833332383,0.0
NGC1085,SA(s)bc:,ShellFlow,52.554406186345396,5.691812959057524,3.058451601345481e-10,1.7981092116772044e-10,0.36088033450292334,0.0
NGC1085,SA(s)bc:,ShellFlow,52.554406186345396,6.667145765398881,2.5149806794661263e-10,1.8554255545559518e-10,0.2745236767909467,0.0
NGC1085,SA(s)bc:,ShellFlow,52.554406186345396,7.724603301578067,2.2124820038292929e-10,1.3229002415077577e-10,0.2581034247182091,0.0
NGC1085,SA(s)bc:,ShellFlow,52.554406186345396,8.793074865431274,1.986698200740401e-10,1.4723418895034448e-10,0.19207281652894528,0.0
NGC1085,SA(s)bc:,ShellFlow,52.554406186345396,9.833623281943131,2.084526071805425e-10,1.1163130092042193e-10,0.22223309824514553,0.0
NGC1085,SA(s)bc:,ShellFlow,52.554406186345396,10.832333177223475,1.3615582239737015e-10,9.582864269062525e-11,0.20315176187121087,0.0
NGC1085,SA(s)bc:,ShellFlow,52.554406186345396,11.891823503745183,1.3474607465709656e-10,8.155084348887888e-11,0.1899312101117644,0.0
NGC1085,SA(s)bc:,ShellFlow,52.554406186345396,12.908218675005454,1.290357678500389e-10,7.837059235681862e-11,0.14115405741002685,0.0
NGC1085,SA(s)bc:,ShellFlow,52.554406186345396,13.974176970798817,1.2299551435084653e-10,7.542001374020747e-11,0.10367907033220972,0.0
NGC1085,SA(s)bc:,ShellFlow,52.554406186345396,14.99955337939059,1.342375308673364e-10,3.884201363326045e-11,0.3357656079453761,0.0
NGC1085,SA(s)bc:,ShellFlow,52.554406186345396,15.79112193876809,1.4381216223758394e-10,5.0208617671618936e-11,0.15343068223255765,0.0
NGC1085,SA(s)bc:,ShellFlow,52.554406186345396,17.107760243618646,8.159298291492862e-11,4.7957190175617425e-11,0.11459924219941542,0.0
NGC1085,SA(s)bc:,ShellFlow,52.554406186345396,18.07597828376118,8.201233366891826e-11,2.6209305913760417e-11,0.3674757295451702,0.0
NGC1085,SA(s)bc:,ShellFlow,52.554406186345396,19.138992113543257,9.536244766378351e-11,3.425842659968773e-11,0.15858620400326376,0.0
NGC1085,SA(s)bc:,ShellFlow,52.554406186345396,20.08762760671951,8.02963130317045e-11,2.546776633411768e-11,0.23979466998452112,0.0
NGC1085,SA(s)bc:,ShellFlow,52.554406186345396,20.697464709475675,6.363161304451861e-11,3.5433426585048705e-11,0.09257056874176055,0.0
NGC1095,SBc,ShellFlow,55.64330034614811,0.3385637136693089,2.259853032992939e-11,1.523102318801242e-11,0.7020481201699255,0.0
NGC1095,SBc,ShellFlow,55.64330034614811,1.0885785761035562,4.586801008882799e-11,3.9551055529452496e-11,0.6454353656390998,0.0
NGC1095,SBc,ShellFlow,55.64330034614811,1.8385934385378035,1.0548886168301365e-10,5.4001963825682e-11,0.5957313963146793,0.0
NGC1095,SBc,ShellFlow,55.64330034614811,2.5853741182459458,1.4283555578454883e-10,6.316168651024801e-11,0.5223085774132936,0.0
NGC1095,SBc,ShellFlow,55.64330034614811,3.332154797954088,1.46533720598945e-10,6.902451171201483e-11,0.48729007140618147,0.0
NGC1095,SBc,ShellFlow,55.64330034614811,4.0821696603883355,1.3788505537578613e-10,5.9292970150589e-11,0.506312526960432,0.0
NGC1095,SBc,ShellFlow,55.64330034614811,4.832184522822582,1.3419943567634237e-10,6.490428893579066e-11,0.4355401030282642,0.0
NGC1095,SBc,ShellFlow,55.64330034614811,5.578965202530725,1.2049313275399913e-10,4.157860971727757e-11,0.533657407348504,0.0
NGC1095,SBc,ShellFlow,55.64330034614811,6.325745882238868,1.1022607130640237e-10,6.629830642065832e-11,0.3392006897261305,0.0
NGC1095,SBc,ShellFlow,55.64330034614811,7.075760744673115,1.0151058183833914e-10,6.060921079683793e-11,0.35924822381567245,0.0
NGC1095,SBc,ShellFlow,55.64330034614811,7.825775607107363,9.730381062433643e-11,5.615113117327269e-11,0.34934546205552086,0.0
NGC1095,SBc,ShellFlow,55.64330034614811,8.572556286815505,8.524208895727852e-11,5.758265915805664e-11,0.29068733626188004,0.0
NGC1095,SBc,ShellFlow,55.64330034614811,9.319336966523647,8.07784895385189e-11,6.080313612430175e-11,0.21597002252844447,0.0
NGC1095,SBc,ShellFlow,55.64330034614811,10.069351828957894,8.844966090718847e-11,4.965344388427909e-11,0.18037696692434643,0.0
NGC1095,SBc,ShellFlow,55.64330034614811,10.819366691392142,8.33518587933694e-11,2.4908387357619906e-11,0.48867563829046434,0.0
NGC1095,SBc,ShellFlow,55.64330034614811,11.566147371100284,8.256423455110722e-11,3.733829176668052e-11,0.25078423019901575,0.0
NGC1095,SBc,ShellFlow,55.64330034614811,12.312928050808427,7.582557742356066e-11,4.656088288405808e-11,0.11258650209949493,0.0
NGC1095,SBc,ShellFlow,55.64330034614811,13.062942913242674,7.42194662286159e-11,2.2787815815848796e-11,0.3686356850165464,0.0
NGC1095,SBc,ShellFlow,55.64330034614811,13.54728149710324,5.743090025942204e-11,3.9649676888312647e-11,0.08777732178492853,0.0
NGC1095,SBc,ShellFlow,55.64330034614811,14.559738455385062,4.8993931282012875e-11,1.9447261691858062e-11,0.3131841172379185,0.0
NGC1095,SBc,ShellFlow,55.64330034614811,14.908004717232687,7.348249604060245e-11,3.263050584675497e-11,0.06546918551410012,0.0
NGC2486,S(r)b,ShellFlow,57.132681481132686,0.38183131874045523,3.3602609703822644e-10,1.2150363216210243e-10,0.4759791719880085,0.0
NGC2486,S(r)b,ShellFlow,57.132681481132686,1.2539748653431266,9.418525045472897e-10,2.7358048951474924e-10,0.31665074271907,0.0
NGC2486,S(r)b,ShellFlow,57.132681481132686,3.222540867815674,4.5687147035989747e-10,1.6332407941921575e-10,0.26343021815083706,0.0
NGC2486,S(r)b,ShellFlow,57.132681481132686,3.994728923278307,3.9031904376245135e-10,1.2753562125477518e-10,0.2491694741539166,0.0
NGC2486,S(r)b,ShellFlow,57.132681481132686,4.844144415194046,3.2362754084839257e-10,9.884265311549559e-11,0.2648515805526126,0.0
NGC2486,S(r)b,ShellFlow,57.132681481132686,5.674102007126755,2.607848434068766e-10,6.698130781330981e-11,0.39389723235061236,0.0
NGC2486,S(r)b,ShellFlow,57.132681481132686,6.5038869809226,2.5936858697143445e-10,7.626205366785661e-11,0.26946576509655673,0.0
NGC2486,S(r)b,ShellFlow,57.132681481132686,7.411072009308414,2.240447963311851e-10,5.5374625370145294e-11,0.3718797570433346,0.0
NGC2486,S(r)b,ShellFlow,57.132681481132686,8.337456010471966,2.1985751448213246e-10,3.6592520984427415e-11,0.483176412550016,0.0
NGC2486,S(r)b,ShellFlow,57.132681481132686,9.21138327782222,1.9510493767531113e-10,2.962957951181508e-11,0.5200124880483679,0.0
NGC2486,S(r)b,ShellFlow,57.132681481132686,9.852731580491115,1.9209214613467934e-10,4.333725114716644e-11,0.3327948403448286,0.0
NGC2486,S(r)b,ShellFlow,57.132681481132686,10.84997053188859,1.8267064199209727e-10,4.068538167001667e-11,0.29461254131286446,0.0
NGC2486,S(r)b,ShellFlow,57.132681481132686,11.804794969416365,1.6599357336234233e-10,4.313698944381788e-11,0.19936489445096103,0.0
NGC2486,S(r)b,ShellFlow,57.132681481132686,12.66434058866022,1.5001830233892615e-10,4.716287652039875e-11,0.11059102353758649,0.0
NGC2486,S(r)b,ShellFlow,57.132681481132686,13.326671584854434,1.3956969602230308e-10,2.7108865497638895e-11,0.29672329457410673,0.0
NGC2486,S(r)b,ShellFlow,57.132681481132686,14.349050449906674,1.1791894369593177e-10,3.062651405441205e-11,0.15481196234089442,0.0
NGC2486,S(r)b,ShellFlow,57.132681481132686,15.098940397708452,1.3145864172993102e-10,2.5245417257599346e-11,0.1078255252895854,0.0
NGC2486,S(r)b,ShellFlow,57.132681481132686,15.88412915618258,1.6657481894693835e-10,2.4171355505354666e-11,0.15070010881975288,0.0
NGC2486,S(r)b,ShellFlow,57.132681481132686,17.465694885705283,1.1124077422389105e-10,2.124580239419564e-11,0.09391369315727148,0.0
NGC2596,Sb,Courteau97,73.00549476752731,0.40711753293093833,2.2017415928354405e-10,2.068548777067654e-11,0.7082645473017427,0.0
NGC2596,Sb,Courteau97,73.00549476752731,1.2384919782803674,2.4496979426823813e-10,5.3295805526385044e-11,0.6357912450320355,0.0
NGC2596,Sb,Courteau97,73.00549476752731,2.0247005604979567,2.0516690655080852e-10,6.893713927795444e-11,0.5745044977627115,0.0
NGC2596,Sb,Courteau97,73.00549476752731,2.8470340078848255,2.6423178085404035e-10,7.706307414051508e-11,0.528428091304455,0.0
NGC2596,Sb,Courteau97,73.00549476752731,3.6756992461154336,2.6937445019532076e-10,6.863801059144167e-11,0.5055256713028722,0.0
NGC2596,Sb,Courteau97,73.00549476752731,4.447001948778056,1.9663827074650393e-10,5.954350149883899e-11,0.5265337870344425,0.0
NGC2596,Sb,Courteau97,73.00549476752731,5.301512483557814,1.6782286050903407e-10,4.4684035687145976e-11,0.6305062251595157,0.0
NGC2596,Sb,Courteau97,73.00549476752731,6.106959679161381,1.7408999702296603e-10,7.950192669804031e-11,0.4121501923121042,0.0
NGC2596,Sb,Courteau97,73.00549476752731,6.894278954257873,1.8386798372729345e-10,5.81662636225596e-11,0.5158257873615364,0.0
NGC2596,Sb,Courteau97,73.00549476752731,7.703787729632421,1.8915689545726226e-10,4.092813907797869e-11,0.6072516964484608,0.0
NGC2596,Sb,Courteau97,73.00549476752731,8.481421699121181,1.7438645260713183e-10,4.1644395314113975e-11,0.5734145645850537,0.0
NGC2596,Sb,Courteau97,73.00549476752731,9.414246725232104,1.4161602827842636e-10,3.9246164792957083e-11,0.5423063879348646,0.0
NGC2596,Sb,Courteau97,73.00549476752731,10.168574861912141,1.303037386014067e-10,5.271718108526293e-11,0.36890588357087584,0.0
NGC2596,Sb,Courteau97,73.00549476752731,10.96105489849223,1.2721631626604509e-10,5.938638926548805e-11,0.2654696247702062,0.0
NGC2596,Sb,Courteau97,73.00549476752731,11.811316329155858,1.0325825422278468e-10,6.711024865080561e-11,0.17564396739217913,0.0
NGC2596,Sb,Courteau97,73.00549476752731,12.615166416600005,9.829453165716375e-11,2.1746143367261228e-11,0.5940447071041092,0.0
NGC2596,Sb,Courteau97,73.00549476752731,13.437700440816425,9.73604431989144e-11,4.07323204036154e-11,0.28425882316179796,0.0
NGC2596,Sb,Courteau97,73.00549476752731,14.265878173223763,9.687765450417007e-11,5.847466201766726e-11,0.1075551424806544,0.0
NGC2596,Sb,Courteau97,73.00549476752731,15.025383847477759,9.165982255317062e-11,3.0025809735885874e-11,0.3245450388901746,0.0
NGC2596,Sb,Courteau97,73.00549476752731,15.803840718978012,7.060825536894894e-11,4.706735671498024e-11,0.08943702140486377,0.0
NGC2596,Sb,Courteau97,73.00549476752731,16.283451787748767,8.204366645749937e-11,3.3533619743485794e-11,0.16831254661060463,0.0
NGC2919,SAB(r)b:,Courteau97,71.44639424596821,0.22496487195736417,1.2456544604340057e-10,1.639422439113759e-11,0.5161449664098628,0.0
NGC2919,SAB(r)b:,Courteau97,71.44639424596821,0.6541652243473203,9.074371493111058e-11,3.787504092029159e-11,0.5640162408164994,0.0
NGC2919,SAB(r)b:,Courteau97,71.44639424596821,1.1120808813904446,9.453135131915665e-11,4.295773148040076e-11,0.5924526736148054,0.0
NGC2919,SAB(r)b:,Courteau97,71.44639424596821,1.5699965384335686,1.11513612020354e-10,4.155468040795605e-11,0.6054394314019655,0.0
NGC2919,SAB(r)b:,Courteau97,71.44639424596821,1.9991968908235247,1.2657964432904743e-10,4.217671937565034e-11,0.6216156944437886,0.0
NGC2919,SAB(r)b:,Courteau97,71.44639424596821,2.449126634738253,1.3897343135061949e-10,4.530631203154035e-11,0.6050999535352776,0.0
NGC2919,SAB(r)b:,Courteau97,71.44639424596821,2.8783269871282093,1.7155527467313978e-10,5.085657704118903e-11,0.5544903029065882,0.0
NGC2919,SAB(r)b:,Courteau97,71.44639424596821,3.3362426441713335,1.605901048448211e-10,4.8751003288012467e-11,0.5692910117097265,0.0
NGC2919,SAB(r)b:,Courteau97,71.44639424596821,3.7941583012144577,1.6593947813739288e-10,5.974693466313028e-11,0.4503497652651311,0.0
NGC2919,SAB(r)b:,Courteau97,71.44639424596821,4.223358653604413,1.8161435218474287e-10,7.283938446408965e-11,0.37712956143949095,0.0
NGC2919,SAB(r)b:,Courteau97,71.44639424596821,4.673288397519142,1.4294347411987026e-10,8.240939242216397e-11,0.30381804110942,0.0
NGC2919,SAB(r)b:,Courteau97,71.44639424596821,5.1024887499090985,1.484781875089921e-10,8.074067355610596e-11,0.24941345696984496,0.0
NGC2919,SAB(r)b:,Courteau97,71.44639424596821,5.533048406661335,1.2830638699412982e-10,6.722217318972385e-11,0.20951081569251062,0.0
NGC2919,SAB(r)b:,Courteau97,71.44639424596821,5.98323302014399,9.6175819558687e-11,5.3798128518355764e-11,0.33437048807149544,0.0
NGC2919,SAB(r)b:,Courteau97,71.44639424596821,6.460297877390735,7.442063385686835e-11,5.3126589334952046e-11,0.306492141806496,0.0
NGC2919,SAB(r)b:,Courteau97,71.44639424596821,6.929393812813615,7.449506208406746e-11,5.934687556586686e-11,0.204606730173883,0.0
NGC2919,SAB(r)b:,Courteau97,71.44639424596821,7.191059902552543,6.442321999804328e-11,4.243361124428571e-11,0.3201998157724522,0.0
NGC2919,SAB(r)b:,Courteau97,71.44639424596821,7.845225126899862,6.667697423408322e-11,4.275611582885509e-11,0.24112486897643964,0.0
NGC2919,SAB(r)b:,Courteau97,71.44639424596821,8.237724261508255,9.160975659230071e-11,5.0254755373696554e-11,0.10686292581670459,0.0
NGC2919,SAB(r)b:,Courteau97,71.44639424596821,8.630223396116648,9.957469362480263e-11,3.682706410344705e-11,0.2091032178495106,0.0
NGC2919,SAB(r)b:,Courteau97,71.44639424596821,8.891889485855575,8.609504862022676e-11,3.5588558891164776e-11,0.12916606209240022,0.0
NGC2939,Sb-c,Courteau97,76.51893095372124,0.5269527327574831,2.4172120640424214e-10,1.2805563579793214e-11,0.7888136071228359,0.0
NGC2939,Sb-c,Courteau97,76.51893095372124,1.568501561475664,2.4998767385133064e-10,3.220333804990611e-11,0.7271023851820688,0.0
NGC2939,Sb-c,Courteau97,76.51893095372124,2.62240702699063,2.238572176022458e-10,5.479815915576256e-11,0.5926731670455688,0.0
NGC2939,Sb-c,Courteau97,76.51893095372124,3.6639558557088114,2.0894845033650249e-10,8.145285776842667e-11,0.43882839849796823,0.0
NGC2939,Sb-c,Courteau97,76.51893095372124,4.7729792257532795,1.9284482904383074e-10,7.234376549874007e-11,0.3692555222492324,0.0
NGC2939,Sb-c,Courteau97,76.51893095372124,5.820706372869853,1.8366783793700268e-10,7.444134758806923e-11,0.3118717043624845,0.0
NGC2939,Sb-c,Courteau97,76.51893095372124,6.8110938556387834,1.5156152636627416e-10,4.2631333199165394e-11,0.4933239021804491,0.0
NGC2939,Sb-c,Courteau97,76.51893095372124,7.946565298038932,1.7885490564013371e-10,5.6977596833120915e-11,0.3094238603101603,0.0
NGC2939,Sb-c,Courteau97,76.51893095372124,8.984157568176862,1.208608913163853e-10,3.347537302665562e-11,0.46465672234080474,0.0
NGC2939,Sb-c,Courteau97,76.51893095372124,10.042019592272078,1.1388366033820395e-10,2.5688642131948477e-11,0.4990715536748334,0.0
NGC2939,Sb-c,Courteau97,76.51893095372124,11.074544423920686,1.1698267613974287e-10,2.3231837891312282e-11,0.47453685917276645,0.0
NGC2939,Sb-c,Courteau97,76.51893095372124,12.078399423395473,1.1465458266512369e-10,2.1342891569177282e-11,0.46078665730998086,0.0
NGC2939,Sb-c,Courteau97,76.51893095372124,13.240805899207333,8.84563345001357e-11,1.9876743734644257e-11,0.4247920791878784,0.0
NGC2939,Sb-c,Courteau97,76.51893095372124,14.17211891886651,7.799063289129197e-11,2.956739112280715e-11,0.16241056427654085,0.0
NGC2939,Sb-c,Courteau97,76.51893095372124,19.93722042615083,4.698502137434371e-11,1.6084054073758136e-11,0.04245683953032049,0.0
NGC2939,Sb-c,Courteau97,76.51893095372124,20.86853344581001,6.733357021615486e-11,1.279781630023102e-11,0.08697944521954357,0.0
NGC2939,Sb-c,Courteau97,76.51893095372124,21.101361700724798,8.060149041625196e-11,1.1903498440032272e-11,0.11182780283418849,0.0
NGC2964,SAB(r)bc HII,Courteau97,56.19184920798766,0.15325530022059,1.4229332159077001e-09,5.804340300967867e-10,0.0,0.0
NGC2964,SAB(r)bc HII,Courteau97,56.19184920798766,0.4439333139408043,1.82742027290061e-09,1.111235231638191e-09,0.09733809132206503,0.0
NGC2964,SAB(r)bc HII,Courteau97,56.19184920798766,0.7346113276610187,1.2769191783628742e-09,9.713542567969994e-10,0.12876184458659304,0.0
NGC2964,SAB(r)bc HII,Courteau97,56.19184920798766,1.0411219281021986,9.314545711067245e-10,6.880435708384153e-10,0.1783880750700917,0.0
NGC2964,SAB(r)bc HII,Courteau97,56.19184920798766,1.3492882238867479,5.845696837856849e-10,5.080850527482013e-10,0.19551437712554554,0.0
NGC2964,SAB(r)bc HII,Courteau97,56.19184920798766,1.6557988243279278,5.103091386394075e-10,4.018221993967693e-10,0.24752922098904445,0.0
NGC2964,SAB(r)bc HII,Courteau97,56.19184920798766,1.946476838048142,5.190817611077855e-10,3.386871995789332e-10,0.24937839968803138,0.0
NGC2964,SAB(r)bc HII,Courteau97,56.19184920798766,2.237154851768356,3.6796926230243034e-10,2.9473111322196326e-10,0.28195825294504445,0.0
NGC2964,SAB(r)bc HII,Courteau97,56.19184920798766,2.5436654522095363,2.8687867302847843e-10,2.570091322782381e-10,0.2915038210343975,0.0
NGC2964,SAB(r)bc HII,Courteau97,56.19184920798766,2.851831747994085,3.023174185047324e-10,2.3200523703792253e-10,0.2761690536752734,0.0
NGC2964,SAB(r)bc HII,Courteau97,56.19184920798766,3.1583423484352653,2.701831079126347e-10,2.1648068442246362e-10,0.24878501307141795,0.0
NGC2964,SAB(r)bc HII,Courteau97,56.19184920798766,3.44902036215548,2.950222829293156e-10,2.1098073226172208e-10,0.2320949248545286,0.0
NGC2964,SAB(r)bc HII,Courteau97,56.19184920798766,3.7430097665624316,2.902331847921592e-10,2.1208499372600726e-10,0.217046126224288,0.0
NGC3131,SBb:,Mathewson96,75.97929158684794,0.0010476910770125809,5.592052757588801e-09,6.91047113477916e-14,0.0,0.0
NGC3131,SBb:,Mathewson96,75.97929158684794,0.6914761108283034,4.1537322003941583e-10,8.224709048506812e-11,0.5956711871843018,0.0
NGC3131,SBb:,Mathewson96,75.97929158684794,1.3829522216566068,1.0507394818649265e-09,1.3397799168428327e-10,0.49221700467500984,0.0
NGC3131,SBb:,Mathewson96,75.97929158684794,2.0733806414078977,8.670139641676471e-10,1.4109769754887028e-10,0.4427121426035572,0.0
NGC3131,SBb:,Mathewson96,75.97929158684794,2.0754760235619227,8.361687020989383e-10,1.4107062215567616e-10,0.441808894339663,0.0
NGC3131,SBb:,Mathewson96,75.97929158684794,2.7659044433132136,8.710750680585858e-10,1.163389602523528e-10,0.47450175264706523,0.0
NGC3131,SBb:,Mathewson96,75.97929158684794,3.4573805541415172,7.103417308492814e-10,1.0479880847916566e-10,0.48204550403299345,0.0
NGC3131,SBb:,Mathewson96,75.97929158684794,4.147808973892808,7.666383454548046e-10,1.0029719094685718e-10,0.44871800857133903,0.0
NGC3131,SBb:,Mathewson96,75.97929158684794,4.149904356046832,4.832499338204387e-10,1.0075415076915033e-10,0.4482024661562974,0.0
NGC3131,SBb:,Mathewson96,75.97929158684794,4.840332775798124,3.2440196237690295e-10,8.742960457527021e-11,0.5205330437812897,0.0
NGC3131,SBb:,Mathewson96,75.97929158684794,5.531808886626427,3.041046987229915e-10,1.0404717794889821e-10,0.3562465465521726,0.0
NGC3131,SBb:,Mathewson96,75.97929158684794,6.222237306377718,1.9972393680976495e-10,1.1570859583200057e-10,0.33412144765721674,0.0
NGC3131,SBb:,Mathewson96,75.97929158684794,6.224332688531743,2.565906746233353e-10,1.1550806768437385e-10,0.33505077718298143,0.0
NGC3131,SBb:,Mathewson96,75.97929158684794,6.915808799360047,2.4324041136400826e-10,1.0227141665964519e-10,0.34728346632181617,0.0
NGC3131,SBb:,Mathewson96,75.97929158684794,7.606237219111337,2.0205097964949952e-10,9.840825643990595e-11,0.31798970811287813,0.0
NGC3131,SBb:,Mathewson96,75.97929158684794,8.29666563886263,1.6424376827405408e-10,1.037208362769018e-10,0.24600992884365255,0.0
NGC3131,SBb:,Mathewson96,75.97929158684794,8.298761021016654,2.299088863052517e-10,1.0348830085828292e-10,0.24685516529534832,0.0
NGC3131,SBb:,Mathewson96,75.97929158684794,8.98814174969093,2.2983532763844891e-10,1.0157950028008024e-10,0.18082844191929667,0.0
NGC3131,SBb:,Mathewson96,75.97929158684794,9.679617860519235,2.0866327848400612e-10,5.359611861211757e-11,0.38192930859233354,0.0
NGC3131,SBb:,Mathewson96,75.97929158684794,10.371093971347538,1.6631946456828978e-10,5.758524363826673e-11,0.3257400722700803,0.0
NGC3153,Scd:,Courteau97,66.7298741515123,0.3060115696797808,1.5836967541929864e-11,1.1332207147695291e-11,0.6603055433355101,0.0
NGC3153,Scd:,Courteau97,66.7298741515123,0.9516572161454213,2.3743577391510594e-11,3.340317047900598e-11,0.5835524108591704,0.0
NGC3153,Scd:,Courteau97,66.7298741515123,1.5820278452476184,7.394603019764322e-11,4.615330230376526e-11,0.49080379464984214,0.0
NGC3153,Scd:,Courteau97,66.7298741515123,2.171399635840626,8.159296843764805e-11,5.0570414445865995e-11,0.45973479408629586,0.0
NGC3153,Scd:,Courteau97,66.7298741515123,2.8130554476730696,8.441190284334049e-11,4.675979042389952e-11,0.42926844808881687,0.0
NGC3153,Scd:,Courteau97,66.7298741515123,3.448081393560988,1.0337377666025623e-10,4.7455647532470304e-11,0.3795718263001375,0.0
NGC3153,Scd:,Courteau97,66.7298741515123,4.036787702001471,8.224159712829228e-11,4.4229230350673547e-11,0.40212883941292266,0.0
NGC3153,Scd:,Courteau97,66.7298741515123,4.700100278727204,7.021632481833917e-11,4.981594243103542e-11,0.28364097693385454,0.0
NGC3153,Scd:,Courteau97,66.7298741515123,5.292548364551842,6.165364270415329e-11,3.94310940101852e-11,0.33143212459527166,0.0
NGC3153,Scd:,Courteau97,66.7298741515123,5.900778255642014,7.592515582310847e-11,3.058034298257406e-11,0.37812324529386426,0.0
NGC3153,Scd:,Courteau97,66.7298741515123,6.549011162763921,9.700071256185416e-11,2.504551178546032e-11,0.4020485403878192,0.0
NGC3153,Scd:,Courteau97,66.7298741515123,7.19893637020338,5.538295725171769e-11,2.160680560501721e-11,0.41694270916067644,0.0
NGC3153,Scd:,Courteau97,66.7298741515123,7.739926568491989,5.4117256665328885e-11,2.5208323796955957e-11,0.31768317181467576,0.0
NGC3153,Scd:,Courteau97,66.7298741515123,8.409313229583304,9.567588215635378e-11,2.7209713612382113e-11,0.2349373725713229,0.0
NGC3153,Scd:,Courteau97,66.7298741515123,8.966134624390953,7.842387658541976e-11,2.4067132821904166e-11,0.16680720773111185,0.0
NGC3153,Scd:,Courteau97,66.7298741515123,11.05796339110691,5.908156477828014e-11,2.214651260896806e-11,0.11392896943307682,0.0
NGC3153,Scd:,Courteau97,66.7298741515123,11.505567726710785,4.334788301548037e-11,1.476135239014465e-11,0.24586789948503404,0.0
NGC3153,Scd:,Courteau97,66.7298741515123,12.21425942743558,3.5097581568442995e-11,1.838753148978486e-11,0.08521974136964414,0.0
NGC3154,S,ShellFlow,64.41579241190023,0.21323599932126147,6.330334869302488e-11,4.266619533167507e-11,0.6923468030098198,0.0
NGC3154,S,ShellFlow,64.41579241190023,0.7870872300196349,1.670328849973139e-10,1.738944506542452e-10,0.6201976369837111,0.0
NGC3154,S,ShellFlow,64.41579241190023,1.4167570140353427,2.3504104605954294e-10,2.3892282110574463e-10,0.5710663813911776,0.0
NGC3154,S,ShellFlow,64.41579241190023,2.0464267980510504,2.7707075606756686e-10,3.049165098797387e-10,0.5018076561062279,0.0
NGC3154,S,ShellFlow,64.41579241190023,2.6760965820667586,2.91350216519254e-10,3.365391781454908e-10,0.46304721064516047,0.0
NGC3154,S,ShellFlow,64.41579241190023,3.3057663660824663,3.0679415762068166e-10,3.4100624086372627e-10,0.3925536993412908,0.0
NGC3154,S,ShellFlow,64.41579241190023,3.935436150098174,3.0526245891685123e-10,3.1314806723107125e-10,0.4036065372752684,0.0
NGC3154,S,ShellFlow,64.41579241190023,4.565105934113882,2.8835578985333295e-10,3.498749666802204e-10,0.29478467674910497,0.0
NGC3154,S,ShellFlow,64.41579241190023,5.19477571812959,2.6936092849542236e-10,2.88834498441623e-10,0.32801453931241936,0.0
NGC3154,S,ShellFlow,64.41579241190023,5.768626948827962,2.378084259449441e-10,2.514691802977648e-10,0.3149018794302738,0.0
NGC3154,S,ShellFlow,64.41579241190023,6.195098947470487,2.128032164812947e-10,2.729898051288216e-10,0.2292685792478536,0.0
NGC3154,S,ShellFlow,64.41579241190023,6.7689501781688595,1.761312472567435e-10,2.4501567466874623e-10,0.20550179752088696,0.0
NGC3154,S,ShellFlow,64.41579241190023,7.398619962184568,1.450951418268411e-10,2.1868779598257993e-10,0.18728293866387918,0.0
NGC3154,S,ShellFlow,64.41579241190023,8.07741615688556,1.4493450841891303e-10,2.0049643414964277e-10,0.15789153364799588,0.0
NGC3154,S,ShellFlow,64.41579241190023,8.647921316267906,1.3114082656085242e-10,1.32532583186227e-10,0.2502687749135283,0.0
NGC3154,S,ShellFlow,64.41579241190023,9.277591100283615,1.1867826687494372e-10,1.2302415966671438e-10,0.2705804024061532,0.0
NGC3154,S,ShellFlow,64.41579241190023,9.907260884299323,8.938387696653927e-11,1.4453753781057428e-10,0.13788002418497763,0.0
NGC3154,S,ShellFlow,64.41579241190023,10.53693066831503,7.959997330221157e-11,1.1502053699444887e-10,0.08178777418307298,0.0
NGC3154,S,ShellFlow,64.41579241190023,11.009183006326811,7.098330854879827e-11,1.1451274305846297e-10,0.12948648356798326,0.0
NGC3154,S,ShellFlow,64.41579241190023,11.638852790342519,8.674864950570836e-11,1.0614613930941407e-10,0.06513714882010564,0.0
NGC3154,S,ShellFlow,64.41579241190023,11.953687682350374,6.399724907950999e-11,1.0464952551739771e-10,0.08220292098431739,0.0
NGC3306,SB(s)m?,Courteau97,56.04932967236846,0.1832215354034858,2.443994773943676e-10,6.965318303613948e-11,0.40602135067035117,0.0
NGC3306,SB(s)m?,Courteau97,56.04932967236846,0.5990697543451385,4.94134930184385e-10,2.0413415358674248e-10,0.46588091387037533,0.0
NGC3306,SB(s)m?,Courteau97,56.04932967236846,1.0499240642862335,3.890835390689635e-10,3.1677222235021554e-10,0.370750829450578,0.0
NGC3306,SB(s)m?,Courteau97,56.04932967236846,1.4657722832278863,2.349385950436294e-10,3.7084669571456315e-10,0.30204401867373604,0.0
NGC3306,SB(s)m?,Courteau97,56.04932967236846,1.832215354034858,2.168009234880864e-10,3.6274975902609e-10,0.25861588856619105,0.0
NGC3306,SB(s)m?,Courteau97,56.04932967236846,2.2480635729765104,2.6140631362555236e-10,3.160983970479837e-10,0.23776810103147883,0.0
NGC3306,SB(s)m?,Courteau97,56.04932967236846,2.656712263350544,2.6373167619982227e-10,2.756388809276793e-10,0.23144869892104175,0.0
NGC3306,SB(s)m?,Courteau97,56.04932967236846,3.0653609537245776,1.6277387635046545e-10,2.355269499145948e-10,0.18501616759661124,0.0
NGC3306,SB(s)m?,Courteau97,56.04932967236846,3.48120917266623,8.877260293506731e-11,2.2276806080140178e-10,0.16747310297937396,0.0
NGC3306,SB(s)m?,Courteau97,56.04932967236846,3.8476522434732017,1.1666935955523288e-10,2.0344871864579707e-10,0.139637667647934,0.0
NGC3306,SB(s)m?,Courteau97,56.04932967236846,4.245997416915133,1.8696395765766302e-10,1.7750361000007004e-10,0.11981441546956997,0.0
NGC3306,SB(s)m?,Courteau97,56.04932967236846,4.6628802986449465,1.7590500028799903e-10,1.522530630069055e-10,0.10182009699112293,0.0
NGC3306,SB(s)m?,Courteau97,56.04932967236846,5.102396428865779,1.8612037542863105e-10,1.3017359166770698e-10,0.08269225675810715,0.0
NGC3306,SB(s)m?,Courteau97,56.04932967236846,5.46883949967275,8.03447449888041e-11,1.0895158423131428e-10,0.0545631850030351,0.0
NGC3306,SB(s)m?,Courteau97,56.04932967236846,6.006504891603843,3.693828728940779e-11,9.020244873672371e-11,0.0524797096256522,0.0
NGC3306,SB(s)m?,Courteau97,56.04932967236846,6.3633485909873215,5.5121044935731416e-11,8.071091559561361e-11,0.08125443232263702,0.0
NGC3306,SB(s)m?,Courteau97,56.04932967236846,6.807003372360797,9.083492086042704e-11,7.359483488842477e-11,0.052113270449629524,0.0
NGC3306,SB(s)m?,Courteau97,56.04932967236846,7.6674979245145805,7.142667353244589e-11,5.585929931438436e-11,0.05457813637819125,0.0
NGC3306,SB(s)m?,Courteau97,56.04932967236846,7.984040071267543,6.81645583902663e-11,5.034818066676856e-11,0.03917247875898475,0.0
NGC3356,Sbc,Courteau97/Mathewson96,62.619249370484575,0.7818245746603043,3.1143482607429686e-10,8.473886298787143e-11,0.6107072608996043,0.0
NGC3356,Sbc,Courteau97/Mathewson96,62.619249370484575,2.3565055853094132,2.467988357643845e-10,1.6546563041884256e-10,0.4519433121941224,0.0
NGC3356,Sbc,Courteau97/Mathewson96,62.619249370484575,4.0503181976136,1.3903059985007162e-10,1.4523931412664615e-10,0.35686194375373204,0.0
NGC3356,Sbc,Courteau97/Mathewson96,62.619249370484575,5.613967346934208,9.706402561478554e-11,9.00073705583531e-11,0.4604038806570458,0.0
NGC3356,Sbc,Courteau97/Mathewson96,62.619249370484575,7.304373520471239,9.649140794577409e-11,1.0582763716403144e-10,0.2987356349298093,0.0
NGC3356,Sbc,Courteau97/Mathewson96,62.619249370484575,8.648187571004936,9.278625573943285e-11,1.0449988272231779e-10,0.1750568839912994,0.0
NGC3356,Sbc,Courteau97/Mathewson96,62.619249370484575,10.347185366478397,9.993570664066151e-11,6.82610853126271e-11,0.14844358564392685,0.0
NGC3356,Sbc,Courteau97/Mathewson96,62.619249370484575,11.906503546632505,7.807221423013286e-11,5.134556051279151e-11,0.22214351685577896,0.0
NGC3356,Sbc,Courteau97/Mathewson96,62.619249370484575,13.476465545778488,5.978191143215973e-11,3.099264307713783e-11,0.356177469587953,0.0
NGC3356,Sbc,Courteau97/Mathewson96,62.619249370484575,15.077450097366656,5.184481280437405e-11,2.9127432150975905e-11,0.2233231590947273,0.0
NGC3356,Sbc,Courteau97/Mathewson96,62.619249370484575,16.490262763112177,6.901611190446222e-11,1.9237247808494787e-11,0.40208025362311467,0.0
NGC3356,Sbc,Courteau97/Mathewson96,62.619249370484575,17.723232129542094,6.309034893640056e-11,2.2608668040249617e-11,0.2425985678169756,0.0
NGC3356,Sbc,Courteau97/Mathewson96,62.619249370484575,20.507823937168205,6.795648239154539e-11,2.529728332311389e-11,0.07018108089446617,0.0
NGC3356,Sbc,Courteau97/Mathewson96,62.619249370484575,21.543818846629335,6.643349399509537e-11,1.6167081026400732e-11,0.2001819002508864,0.0
NGC3356,Sbc,Courteau97/Mathewson96,62.619249370484575,29.659112304074853,7.179515175711164e-12,1.1941640978947055e-11,0.04649598142824033,0.0
NGC3356,Sbc,Courteau97/Mathewson96,62.619249370484575,31.38577048651007,3.260495276233394e-11,7.992883109555112e-12,0.1226065499480361,0.0
NGC3389,SA(s)c,Courteau97,65.38327864827953,0.20159147080212353,1.1123635057333657e-10,2.3094570381598488e-11,0.4244002208245114,0.0
NGC3389,SA(s)c,Courteau97,65.38327864827953,0.5946115435241074,8.442828250551996e-11,5.6272495683406084e-11,0.49091390205629454,0.0
NGC3389,SA(s)c,Courteau97,65.38327864827953,0.9704116646062106,1.024033986875551e-10,7.29264768077939e-11,0.45571296394205796,0.0
NGC3389,SA(s)c,Courteau97,65.38327864827953,1.3684434101762297,1.398565477632882e-10,7.56914569929684e-11,0.46783334461958714,0.0
NGC3389,SA(s)c,Courteau97,65.38327864827953,1.7666027198021965,1.5808916783038078e-10,8.056508078561478e-11,0.43244045658303437,0.0
NGC3389,SA(s)c,Courteau97,65.38327864827953,2.164655726048207,1.4783846451013396e-10,8.489500194338213e-11,0.38830225432355686,0.0
NGC3389,SA(s)c,Courteau97,65.38327864827953,2.5627937749981826,1.337573226625678e-10,7.658760822410541e-11,0.38129303255067043,0.0
NGC3389,SA(s)c,Courteau97,65.38327864827953,2.9608680419201843,1.0915837979936293e-10,6.578547107095845e-11,0.4262892294360175,0.0
NGC3389,SA(s)c,Courteau97,65.38327864827953,3.358984830194168,1.1082945377559707e-10,6.133008746221397e-11,0.3919080001941655,0.0
NGC3389,SA(s)c,Courteau97,65.38327864827953,3.7649638164497135,1.1015721964641661e-10,5.905773398984862e-11,0.3814257058008851,0.0
NGC3389,SA(s)c,Courteau97,65.38327864827953,4.156138994012557,7.66581918657943e-11,5.631636295338912e-11,0.37843887227788947,0.0
NGC3389,SA(s)c,Courteau97,65.38327864827953,4.569344484037525,7.574993956043149e-11,5.699522564134388e-11,0.34163984647478063,0.0
NGC3389,SA(s)c,Courteau97,65.38327864827953,4.95136694058614,8.23857242360862e-11,4.906051070368983e-11,0.34900749135414,0.0
NGC3389,SA(s)c,Courteau97,65.38327864827953,5.349504989536116,1.0322269987421936e-10,4.2993003395307863e-11,0.4327221392103918,0.0
NGC3389,SA(s)c,Courteau97,65.38327864827953,5.747557995782126,1.0350155669727294e-10,5.043088702032002e-11,0.3529233986980273,0.0
NGC3389,SA(s)c,Courteau97,65.38327864827953,6.145717305408092,9.87007271278725e-11,5.926015360984487e-11,0.22845350359026004,0.0
NGC3389,SA(s)c,Courteau97,65.38327864827953,6.546789540251619,9.427095487594664e-11,3.9952968065438526e-11,0.3365877994883879,0.0
NGC3389,SA(s)c,Courteau97,65.38327864827953,6.920662567086032,9.465708800173166e-11,5.0700122537556235e-11,0.22907260506722812,0.0
NGC3389,SA(s)c,Courteau97,65.38327864827953,7.31376635371973,1.1557041990185621e-10,4.610360498528014e-11,0.1419964568214002,0.0
NGC3389,SA(s)c,Courteau97,65.38327864827953,7.651351074103703,1.1747311241554927e-10,4.2874203710860884e-11,0.20841757227161384,0.0
NGC3389,SA(s)c,Courteau97,65.38327864827953,7.908218840811578,1.0145666254702964e-10,3.345030146523985e-11,0.2720613200210016,0.0
NGC3428,SAB(s)b,Mathewson96,66.99502078263927,0.5563515380699585,3.605194732002235e-10,5.205143121562042e-11,0.6898111483231234,0.0
NGC3428,SAB(s)b,Mathewson96,66.99502078263927,1.6690546142098757,1.440005861119552e-10,1.2579821356992136e-10,0.5795561587425028,0.0
NGC3428,SAB(s)b,Mathewson96,66.99502078263927,2.7817576903497927,3.394296996668677e-10,1.4227883349913535e-10,0.5014667361175783,0.0
NGC3428,SAB(s)b,Mathewson96,66.99502078263927,3.89446076648971,4.6011913258366014e-10,1.5491870491413156e-10,0.45375452483485645,0.0
NGC3428,SAB(s)b,Mathewson96,66.99502078263927,5.007163842629627,2.971623987585192e-10,1.3133000982397606e-10,0.3880737640662768,0.0
NGC3428,SAB(s)b,Mathewson96,66.99502078263927,6.119866918769544,2.928557882677015e-10,1.3835491407772654e-10,0.33943223028830266,0.0
NGC3428,SAB(s)b,Mathewson96,66.99502078263927,7.232569994909461,2.7340498252216583e-10,7.752852684340454e-11,0.5158150416337882,0.0
NGC3428,SAB(s)b,Mathewson96,66.99502078263927,8.345273071049377,2.130443739476628e-10,1.257354947684955e-10,0.28326456832276725,0.0
NGC3428,SAB(s)b,Mathewson96,66.99502078263927,9.457976147189296,2.0547196409134283e-10,7.259793209039633e-11,0.4336720874149139,0.0
NGC3428,SAB(s)b,Mathewson96,66.99502078263927,10.570679223329211,1.9220564115320345e-10,5.32092182975447e-11,0.48195672142229223,0.0
NGC3428,SAB(s)b,Mathewson96,66.99502078263927,11.68338229946913,1.758458175939181e-10,4.9907842651914715e-11,0.4247287656527156,0.0
NGC3428,SAB(s)b,Mathewson96,66.99502078263927,12.796085375609046,1.4565554692646342e-10,4.461705182908761e-11,0.40566839379352027,0.0
NGC3428,SAB(s)b,Mathewson96,66.99502078263927,14.214500812062154,1.5241525600406234e-10,4.136541455836502e-11,0.30660336245134157,0.0
NGC3428,SAB(s)b,Mathewson96,66.99502078263927,15.02149152788888,1.0194118229339822e-10,4.537526145240375e-11,0.2337199114841505,0.0
NGC3428,SAB(s)b,Mathewson96,66.99502078263927,16.1341946040288,1.2234045883946322e-10,4.913622517409792e-11,0.15845757995252654,0.0
NGC3428,SAB(s)b,Mathewson96,66.99502078263927,17.246897680168715,9.417843629389564e-11,3.00272996307041e-11,0.26969944228016135,0.0
NGC3428,SAB(s)b,Mathewson96,66.99502078263927,18.35960075630863,9.627485043020742e-11,2.8350273193167595e-11,0.30459078587847205,0.0
NGC3428,SAB(s)b,Mathewson96,66.99502078263927,19.472303832448553,9.413939129829171e-11,4.0977701715083566e-11,0.11089900136686875,0.0
NGC3428,SAB(s)b,Mathewson96,66.99502078263927,20.890719268901655,7.97091177102536e-11,2.5449887271740524e-11,0.16231605446447714,0.0
NGC3428,SAB(s)b,Mathewson96,66.99502078263927,22.003422345041574,7.022698469623878e-11,2.6809818493398996e-11,0.14348909668657897,0.0
NGC3437,SAB(rs)c: HII,Courteau97,73.06518539075691,0.19460600683586649,4.856378127621582e-11,7.950582440037123e-11,0.26516722382454694,0.0
NGC3437,SAB(rs)c: HII,Courteau97,73.06518539075691,0.5838180205075995,2.9630106768560806e-10,1.87918345668988e-10,0.42595748326527266,0.0
NGC3437,SAB(rs)c: HII,Courteau97,73.06518539075691,0.9730300341793324,3.839284344973721e-10,2.231970173672679e-10,0.39993291192597274,0.0
NGC3437,SAB(rs)c: HII,Courteau97,73.06518539075691,1.3880420866361236,3.2211234411008016e-10,2.288431096663383e-10,0.39976352379292296,0.0
NGC3437,SAB(rs)c: HII,Courteau97,73.06518539075691,1.800105563231765,2.7984155790176405e-10,2.1884943209125245e-10,0.40017571203005536,0.0
NGC3437,SAB(rs)c: HII,Courteau97,73.06518539075691,2.2121690398274065,2.548766256126396e-10,2.038675142502308e-10,0.39775281297455717,0.0
NGC3437,SAB(rs)c: HII,Courteau97,73.06518539075691,2.6271810922841974,2.2172266774183484e-10,2.0183545817047306e-10,0.3675196180814063,0.0
NGC3437,SAB(rs)c: HII,Courteau97,73.06518539075691,3.0163931059559306,2.043213357302646e-10,1.9376641977178482e-10,0.33418733635341985,0.0
NGC3437,SAB(rs)c: HII,Courteau97,73.06518539075691,3.4056051196276633,2.0317461846628636e-10,1.9361297890387746e-10,0.23448180803374988,0.0
NGC3437,SAB(rs)c: HII,Courteau97,73.06518539075691,3.7948171332993965,2.0477843491853943e-10,1.847040917602556e-10,0.2542546110252986,0.0
NGC3437,SAB(rs)c: HII,Courteau97,73.06518539075691,4.184029146971129,1.9303996653510208e-10,1.7836150288740044e-10,0.2190643184108169,0.0
NGC3437,SAB(rs)c: HII,Courteau97,73.06518539075691,4.59904119942792,1.871175380266412e-10,1.6993224502788178e-10,0.17855547387525528,0.0
NGC3437,SAB(rs)c: HII,Courteau97,73.06518539075691,5.011104676023562,1.6563265828258666e-10,1.5129460958248334e-10,0.14029943149445584,0.0
NGC3437,SAB(rs)c: HII,Courteau97,73.06518539075691,5.400316689695295,1.6971248696426254e-10,1.240756957253841e-10,0.18992484958889158,0.0
NGC3437,SAB(rs)c: HII,Courteau97,73.06518539075691,5.802355008363028,1.7648864446764643e-10,1.1363501122060454e-10,0.19013732187197996,0.0
NGC3437,SAB(rs)c: HII,Courteau97,73.06518539075691,6.232920798487383,1.2272738640480033e-10,1.120305427550993e-10,0.12980214616516497,0.0
NGC3437,SAB(rs)c: HII,Courteau97,73.06518539075691,6.627661391898771,1.2411075071521526e-10,9.340209077831136e-11,0.0828931533121875,0.0
NGC3437,SAB(rs)c: HII,Courteau97,73.06518539075691,6.870918900443604,1.4569182928835995e-10,9.477593188050315e-11,0.11137127663476451,0.0
NGC3437,SAB(rs)c: HII,Courteau97,73.06518539075691,7.870486117373282,6.160120981549533e-11,6.393091331797334e-11,0.1453759229942984,0.0
NGC3437,SAB(rs)c: HII,Courteau97,73.06518539075691,8.016440622500182,5.267372908266746e-11,6.571013077125242e-11,0.06329269482407453,0.0
NGC3451,Sd HII,Courteau97,66.2785643874341,0.15180768003404468,8.035943088460634e-11,1.6858606567551418e-11,0.1875433248053654,0.0
NGC3451,Sd HII,Courteau97,66.2785643874341,0.456424244916868,1.7097560811221515e-10,4.199238394223767e-11,0.4017896135488731,0.0
NGC3451,Sd HII,Courteau97,66.2785643874341,0.7600396049849574,1.9268255282540722e-10,5.513582656725021e-11,0.41432774600606187,0.0
NGC3451,Sd HII,Courteau97,66.2785643874341,1.0475105374154607,2.9216218673766014e-10,6.269180329777939e-11,0.36754886412896076,0.0
NGC3451,Sd HII,Courteau97,66.2785643874341,1.3349814698459643,3.3684112593287945e-10,6.995875586925105e-11,0.2775354856990548,0.0
NGC3451,Sd HII,Courteau97,66.2785643874341,1.6385968299140536,2.2561545326979617e-10,7.108187561162534e-11,0.27367832549218524,0.0
NGC3451,Sd HII,Courteau97,66.2785643874341,1.9432133947968768,2.0259246680831488e-10,6.669995210739424e-11,0.22071184467043964,0.0
NGC3451,Sd HII,Courteau97,66.2785643874341,2.246828754864966,1.8236821310998323e-10,5.916043363152757e-11,0.25043708109209556,0.0
NGC3451,Sd HII,Courteau97,66.2785643874341,2.5514453197477898,1.8329707792652802e-10,5.268750330913299e-11,0.22596453653493365,0.0
NGC3451,Sd HII,Courteau97,66.2785643874341,2.857563691852714,1.283554519947161e-10,4.820873519540049e-11,0.18027076460734617,0.0
NGC3451,Sd HII,Courteau97,66.2785643874341,3.16167965432817,1.9519641836406297e-10,4.5235112101210704e-11,0.17646143271759196,0.0
NGC3451,Sd HII,Courteau97,66.2785643874341,3.465795616803627,1.8606359837679904e-10,4.248560990044363e-11,0.13708990452042663,0.0
NGC3451,Sd HII,Courteau97,66.2785643874341,3.73612091678181,2.4154159200939865e-10,3.873906928910976e-11,0.14205445662287616,0.0
NGC3451,Sd HII,Courteau97,66.2785643874341,4.040236879257266,1.6195446456324293e-10,3.5971863027918046e-11,0.12804524518731322,0.0
NGC3451,Sd HII,Courteau97,66.2785643874341,4.344352841732722,4.020812871818823e-11,3.323850420576613e-11,0.0935689249931681,0.0
NGC3451,Sd HII,Courteau97,66.2785643874341,4.513306154219087,5.6591323532832866e-11,2.94752845019048e-11,0.09756967478237674,0.0
NGC3646,SA:(r)bc pec (ring),Courteau97/ShellFlow,59.718993207597514,0.7926549737617286,1.5317080932621895e-09,2.9750074527665176e-10,0.44107573352984014,0.0
NGC3646,SA:(r)bc pec (ring),Courteau97/ShellFlow,59.718993207597514,2.2343755546397968,7.888670489072555e-10,3.466621342985337e-10,0.3265905255822677,0.0
NGC3646,SA:(r)bc pec (ring),Courteau97/ShellFlow,59.718993207597514,3.887245328651422,4.900471731851899e-10,1.7370796180085413e-10,0.47740753196383373,0.0
NGC3646,SA:(r)bc pec (ring),Courteau97/ShellFlow,59.718993207597514,5.486196110643611,3.455864050402706e-10,1.6159617357414616e-10,0.42760540506620887,0.0
NGC3646,SA:(r)bc pec (ring),Courteau97/ShellFlow,59.718993207597514,6.978752308729062,3.0517637349833193e-10,6.850032824150172e-11,0.6798469717290799,0.0
NGC3646,SA:(r)bc pec (ring),Courteau97/ShellFlow,59.718993207597514,8.607703441258144,3.5649814875871586e-10,9.457236495295284e-11,0.45425985896173854,0.0
NGC3646,SA:(r)bc pec (ring),Courteau97/ShellFlow,59.718993207597514,10.089420445631502,2.2143290579664167e-10,1.0446904866457984e-10,0.41882326322474905,0.0
NGC3646,SA:(r)bc pec (ring),Courteau97/ShellFlow,59.718993207597514,11.676406710784669,1.656923468502146e-10,1.288801675773054e-10,0.2340077554647908,0.0
NGC3646,SA:(r)bc pec (ring),Courteau97/ShellFlow,59.718993207597514,13.48015797808644,1.6589480751646386e-10,4.666800990306484e-11,0.5684917027926224,0.0
NGC3646,SA:(r)bc pec (ring),Courteau97/ShellFlow,59.718993207597514,14.82763480062056,1.5784125730969747e-10,3.710738694584061e-11,0.6152959346255849,0.0
NGC3646,SA:(r)bc pec (ring),Courteau97/ShellFlow,59.718993207597514,16.439833787654358,1.1986169448353527e-10,1.5269014969531713e-11,0.8170749232513043,0.0
NGC3646,SA:(r)bc pec (ring),Courteau97/ShellFlow,59.718993207597514,18.018331545782896,1.0182008785275568e-10,2.3762084995574263e-11,0.7027331484455523,0.0
NGC3646,SA:(r)bc pec (ring),Courteau97/ShellFlow,59.718993207597514,19.546401087215692,9.950794955846327e-11,4.202781233998699e-11,0.47490769557076884,0.0
NGC3646,SA:(r)bc pec (ring),Courteau97/ShellFlow,59.718993207597514,21.12180351101738,1.166537148766731e-10,6.009967495220959e-11,0.2957244681716248,0.0
NGC3646,SA:(r)bc pec (ring),Courteau97/ShellFlow,59.718993207597514,22.71430421853617,1.1594544242827531e-10,9.797291745299571e-11,0.12803770466674344,0.0
NGC3646,SA:(r)bc pec (ring),Courteau97/ShellFlow,59.718993207597514,24.270023244237883,1.2272073856770477e-10,6.995930871800277e-12,0.8749474310071192,0.0
NGC3646,SA:(r)bc pec (ring),Courteau97/ShellFlow,59.718993207597514,25.848426247233963,1.3188379904517824e-10,4.7189803716445753e-11,0.22888187345919805,0.0
NGC3646,SA:(r)bc pec (ring),Courteau97/ShellFlow,59.718993207597514,27.133051472796467,1.2130617066593482e-10,4.5710377455895955e-11,0.09934269754797616,0.0
NGC3646,SA:(r)bc pec (ring),Courteau97/ShellFlow,59.718993207597514,29.241922757063552,1.123977413557514e-10,2.3852861138071357e-11,0.428820035734695,0.0
NGC3646,SA:(r)bc pec (ring),Courteau97/ShellFlow,59.718993207597514,30.409579986522186,1.046654927999322e-10,4.887510453281351e-11,0.06906608621005174,0.0
NGC3646,SA:(r)bc pec (ring),Courteau97/ShellFlow,59.718993207597514,31.350665588442048,8.103753674100549e-11,3.3403281872224936e-11,0.14407610716450112,0.0
NGC3692,Sb;LINER HII,Mathewson96,83.20134021370856,0.22680958879758242,9.35712820426108e-11,2.5272795860894263e-11,0.33101395229975583,0.0
NGC3692,Sb;LINER HII,Mathewson96,83.20134021370856,0.735558504836012,8.659027204108429e-11,5.5823527834175524e-11,0.39777837471909294,0.0
NGC3692,Sb;LINER HII,Mathewson96,83.20134021370856,1.2443074208744416,1.4990507353713707e-10,5.2698965277428584e-11,0.4572480751111929,0.0
NGC3692,Sb;LINER HII,Mathewson96,83.20134021370856,1.7653032621869926,2.444586491886761e-10,4.39815725976924e-11,0.506951727883547,0.0
NGC3692,Sb;LINER HII,Mathewson96,83.20134021370856,2.2864229348976646,2.8744753132913907e-10,4.182115023544071e-11,0.5067072848759231,0.0
NGC3692,Sb;LINER HII,Mathewson96,83.20134021370856,2.715374897987217,3.100858285589772e-10,4.4617635973362143e-11,0.4875235623905444,0.0
NGC3692,Sb;LINER HII,Mathewson96,83.20134021370856,3.2364574212784527,3.349559427932398e-10,5.2258724484971724e-11,0.4057864995018032,0.0
NGC3692,Sb;LINER HII,Mathewson96,83.20134021370856,3.757539944569688,3.089013821021269e-10,5.2415633468030543e-11,0.2867859168910434,0.0
NGC3692,Sb;LINER HII,Mathewson96,83.20134021370856,4.186491907659241,2.9067502451266663e-10,5.405028271615401e-11,0.2577868959607776,0.0
NGC3692,Sb;LINER HII,Mathewson96,83.20134021370856,4.707574430950476,2.63379015885539e-10,5.1481634923732636e-11,0.2502465399075362,0.0
NGC3692,Sb;LINER HII,Mathewson96,83.20134021370856,5.228656954241711,2.2383392812338915e-10,4.5817931843676065e-11,0.2366580070158866,0.0
NGC3692,Sb;LINER HII,Mathewson96,83.20134021370856,5.737356337720893,1.761397340040003e-10,4.036881800552729e-11,0.22291758676595907,0.0
NGC3692,Sb;LINER HII,Mathewson96,83.20134021370856,6.178728590041937,1.60750017446539e-10,3.7545259747977286e-11,0.18166009167444833,0.0
NGC3692,Sb;LINER HII,Mathewson96,83.20134021370856,6.699823496472984,1.7551937441307833e-10,3.0377399620302115e-11,0.16537396557760253,0.0
NGC3692,Sb;LINER HII,Mathewson96,83.20134021370856,7.128824992121785,1.5900182712205342e-10,2.4526834134383368e-11,0.28612344212554564,0.0
NGC3692,Sb;LINER HII,Mathewson96,83.20134021370856,7.6498084502945245,1.494096512457566e-10,2.724253765623353e-11,0.18348574913037877,0.0
NGC3692,Sb;LINER HII,Mathewson96,83.20134021370856,8.146124693961651,1.322952667868315e-10,2.5163162363559912e-11,0.12063982117054799,0.0
NGC3692,Sb;LINER HII,Mathewson96,83.20134021370856,8.587608394541004,1.240236983449675e-10,1.9792071146857475e-11,0.22418864637986768,0.0
NGC3692,Sb;LINER HII,Mathewson96,83.20134021370856,9.176055198409813,1.2371243308444062e-10,2.1460722955102197e-11,0.12688068450853865,0.0
NGC3692,Sb;LINER HII,Mathewson96,83.20134021370856,9.61739030131142,1.0866171991273405e-10,1.4818286820763368e-11,0.2494073828630951,0.0
NGC3692,Sb;LINER HII,Mathewson96,83.20134021370856,9.911613703245823,1.0648525484677178e-10,1.9107219668142286e-11,0.09642621754451997,0.0
NGC3701,Sbc,Courteau97,58.71500748081385,0.22320536688240855,2.5829793503478143e-11,1.8980686003722656e-11,0.5238506072356218,0.0
NGC3701,Sbc,Courteau97,58.71500748081385,0.6380517053305214,1.356662392866943e-10,4.951016974274291e-11,0.5466337549930791,0.0
NGC3701,Sbc,Courteau97,58.71500748081385,0.9987876518071414,1.8877268579917052e-10,6.753993762166543e-11,0.5166068875560333,0.0
NGC3701,Sbc,Courteau97,58.71500748081385,1.413633990255254,1.8486550253086663e-10,8.096422047005237e-11,0.47954527104852424,0.0
NGC3701,Sbc,Courteau97,58.71500748081385,1.860044724020071,1.3034399518494236e-10,9.258733331888457e-11,0.41507066499704115,0.0
NGC3701,Sbc,Courteau97,58.71500748081385,2.3064554577848884,1.137155809564469e-10,8.891032265104236e-11,0.4024585884762931,0.0
NGC3701,Sbc,Courteau97,58.71500748081385,2.721301796233001,1.3800480183118857e-10,8.05298015282283e-11,0.4021686329821371,0.0
NGC3701,Sbc,Courteau97,58.71500748081385,3.087674241873318,1.0681848680503616e-10,7.387371693824299e-11,0.4202859234825659,0.0
NGC3701,Sbc,Courteau97,58.71500748081385,3.496884081157734,1.256285394114109e-10,7.013846725329263e-11,0.3800805201579773,0.0
NGC3701,Sbc,Courteau97,58.71500748081385,3.943294814922551,1.0451318042654305e-10,7.877513988066335e-11,0.2844756477188533,0.0
NGC3701,Sbc,Courteau97,58.71500748081385,4.358141153370664,1.0766749724245696e-10,7.858711806458953e-11,0.24850882723673398,0.0
NGC3701,Sbc,Courteau97,58.71500748081385,4.718877099847283,1.1611985917609184e-10,6.666927214241514e-11,0.23118681675779496,0.0
NGC3701,Sbc,Courteau97,58.71500748081385,5.133723438295396,9.703375200114939e-11,5.523640373626745e-11,0.303458184648324,0.0
NGC3701,Sbc,Courteau97,58.71500748081385,6.035563304486946,9.473638802957902e-11,4.738768811893601e-11,0.314972084404367,0.0
NGC3701,Sbc,Courteau97,58.71500748081385,7.746804450585412,8.474464582504082e-11,4.5691723263491326e-11,0.12114256980314812,0.0
NGC3701,Sbc,Courteau97,58.71500748081385,8.044411606428623,4.902244740772242e-11,3.6501134106916124e-11,0.19569168540889423,0.0
NGC3701,Sbc,Courteau97,58.71500748081385,8.267616973311032,3.5818213122858546e-11,3.0550666058019195e-11,0.23731585893269266,0.0
NGC3833,Sc,Courteau97/Mathewson96,61.897781080125256,0.35886472022236765,1.2636402339597055e-10,1.5891298490376535e-11,0.7029792060464105,0.0
NGC3833,Sc,Courteau97/Mathewson96,61.897781080125256,1.07938449890513,1.4676085070028108e-10,4.234547079983068e-11,0.6405074352411422,0.0
NGC3833,Sc,Courteau97/Mathewson96,61.897781080125256,1.7654265860907086,1.238938559790701e-10,5.478003272124923e-11,0.5903975400944512,0.0
NGC3833,Sc,Courteau97/Mathewson96,61.897781080125256,2.5341715763702033,1.665970028601712e-10,5.7978620232228115e-11,0.566411103683141,0.0
NGC3833,Sc,Courteau97/Mathewson96,61.897781080125256,3.3479975434513856,1.6776507357687659e-10,5.979767649236549e-11,0.5305387595179808,0.0
NGC3833,Sc,Courteau97/Mathewson96,61.897781080125256,4.185332353248768,1.3117252600125873e-10,6.030218041487504e-11,0.525003968535672,0.0
NGC3833,Sc,Courteau97/Mathewson96,61.897781080125256,4.97224662610396,1.6333924426041942e-10,6.197452327266464e-11,0.479341341495277,0.0
NGC3833,Sc,Courteau97/Mathewson96,61.897781080125256,5.704540271010593,1.2353524411563578e-10,3.415055417742824e-11,0.6546099962262676,0.0
NGC3833,Sc,Courteau97/Mathewson96,61.897781080125256,6.413177292221173,1.3612121237547899e-10,4.102375517501553e-11,0.5153330413366387,0.0
NGC3833,Sc,Courteau97/Mathewson96,61.897781080125256,7.230164994476593,1.5052388469383667e-10,7.084586067633667e-11,0.3566914297699018,0.0
NGC3833,Sc,Courteau97/Mathewson96,61.897781080125256,8.017118157063324,1.1182621994798805e-10,7.064868639070855e-11,0.3331300268677316,0.0
NGC3833,Sc,Courteau97/Mathewson96,61.897781080125256,8.852450145686374,1.0749542754903433e-10,6.601644568611361e-11,0.31424228151687517,0.0
NGC3833,Sc,Courteau97/Mathewson96,61.897781080125256,9.603799759047828,1.1089583496443337e-10,6.826424752528723e-11,0.25413799068863585,0.0
NGC3833,Sc,Courteau97/Mathewson96,61.897781080125256,10.329696043116057,1.3798396402773964e-10,3.1485410409361364e-11,0.46639752478068275,0.0
NGC3833,Sc,Courteau97/Mathewson96,61.897781080125256,11.112332445501798,1.1554138663886816e-10,2.334236799455489e-11,0.6105655215394705,0.0
NGC3833,Sc,Courteau97/Mathewson96,61.897781080125256,12.062673037209416,9.901885392800888e-11,3.6098719099335545e-11,0.39980975997244966,0.0
NGC3833,Sc,Courteau97/Mathewson96,61.897781080125256,12.757970880501622,8.670630460614656e-11,6.432930501629203e-11,0.13110044760199102,0.0
NGC3833,Sc,Courteau97/Mathewson96,61.897781080125256,13.433151065667952,7.136305568293222e-11,2.93197395536926e-11,0.4062570780435896,0.0
NGC3833,Sc,Courteau97/Mathewson96,61.897781080125256,14.238619629441091,9.542163941728314e-11,4.7876168574381175e-11,0.12215493510849053,0.0
NGC3833,Sc,Courteau97/Mathewson96,61.897781080125256,14.790970486510071,1.155076513464806e-10,2.9033826719523732e-11,0.2978168365068118,0.0
NGC3833,Sc,Courteau97/Mathewson96,61.897781080125256,15.311606767507817,1.0145960609872761e-10,4.455982355713362e-11,0.0629425875440777,0.0
NGC3914,(R')SB(rs)b,Mathewson96,50.83610472148859,0.378574387317286,2.7504997986232226e-10,1.3909454717302553e-10,0.5303181253247718,0.0
NGC3914,(R')SB(rs)b,Mathewson96,50.83610472148859,0.9510247487455457,4.54815609611475e-10,3.01427006144728e-10,0.4616320371093747,0.0
NGC3914,(R')SB(rs)b,Mathewson96,50.83610472148859,1.5142975492691437,5.968438174724638e-10,3.664621582432122e-10,0.398700977987045,0.0
NGC3914,(R')SB(rs)b,Mathewson96,50.83610472148859,2.2714463239037155,4.922673644983933e-10,3.7248570956350273e-10,0.31197403910019184,0.0
NGC3914,(R')SB(rs)b,Mathewson96,50.83610472148859,3.028595098538288,5.726205716050781e-10,3.0988275760365984e-10,0.2857881081230029,0.0
NGC3914,(R')SB(rs)b,Mathewson96,50.83610472148859,3.591867899061886,4.048653735647788e-10,2.5236103910421554e-10,0.31487145079011514,0.0
NGC3914,(R')SB(rs)b,Mathewson96,50.83610472148859,4.164318260490146,3.8472219689651866e-10,2.1597561161730268e-10,0.29020540892186936,0.0
NGC3914,(R')SB(rs)b,Mathewson96,50.83610472148859,4.921467035124717,3.4422730515252373e-10,1.539914511259455e-10,0.35644292141676603,0.0
NGC3914,(R')SB(rs)b,Mathewson96,50.83610472148859,5.67861580975929,3.845432219311787e-10,1.5419389336256604e-10,0.33774097242456574,0.0
NGC3914,(R')SB(rs)b,Mathewson96,50.83610472148859,6.814338971711147,2.421230609406276e-10,1.4521832269153627e-10,0.2954236764989941,0.0
NGC3914,(R')SB(rs)b,Mathewson96,50.83610472148859,7.571487746345719,2.1569470703153762e-10,1.303667500721342e-10,0.3000907943518559,0.0
NGC3914,(R')SB(rs)b,Mathewson96,50.83610472148859,8.134760546869318,1.7100189212945786e-10,1.412803908446996e-10,0.20257006324577617,0.0
NGC3914,(R')SB(rs)b,Mathewson96,50.83610472148859,8.707210908297577,1.926212601466333e-10,7.423926403162129e-11,0.4415230652623189,0.0
NGC3914,(R')SB(rs)b,Mathewson96,50.83610472148859,9.464359682932148,1.8585100473800167e-10,7.63083348610241e-11,0.38818687987678296,0.0
NGC3914,(R')SB(rs)b,Mathewson96,50.83610472148859,10.22150845756672,1.6496116030412569e-10,8.987829066561186e-11,0.2452498696933067,0.0
NGC3914,(R')SB(rs)b,Mathewson96,50.83610472148859,10.79395881899498,1.4634930779004955e-10,1.0655105708570017e-10,0.10804631829041947,0.0
NGC3914,(R')SB(rs)b,Mathewson96,50.83610472148859,11.35723161951858,1.435941263834922e-10,7.081506539130811e-11,0.2538002825125234,0.0
NGC3914,(R')SB(rs)b,Mathewson96,50.83610472148859,12.11438039415315,1.372950855553177e-10,8.638640079914246e-11,0.09740745523419303,0.0
NGC3914,(R')SB(rs)b,Mathewson96,50.83610472148859,12.677653194676749,1.5105837983687204e-10,5.5654112319653e-11,0.24766529755124017,0.0
NGC3914,(R')SB(rs)b,Mathewson96,50.83610472148859,13.065405142898697,1.1629936350500863e-10,7.792916093877569e-11,0.049395837272205395,0.0
NGC3976,SAB(s)b Sy2,Mathewson96,73.29694991915831,0.3648619631703553,4.946641484327941e-10,2.6366994708243375e-10,0.38878902675108734,0.0
NGC3976,SAB(s)b Sy2,Mathewson96,73.29694991915831,1.6549703399348734,5.448463898808806e-10,4.278899403898251e-10,0.27525509890495753,0.0
NGC3976,SAB(s)b Sy2,Mathewson96,73.29694991915831,2.4237987637262743,6.099038427882099e-10,3.105417419419078e-10,0.2775694232122616,0.0
NGC3976,SAB(s)b Sy2,Mathewson96,73.29694991915831,3.335987675562989,4.180555358154215e-10,2.2848089195062763e-10,0.30708437409769135,0.0
NGC3976,SAB(s)b Sy2,Mathewson96,73.29694991915831,4.3393750762368795,3.4788435560336074e-10,1.8369600260398715e-10,0.2666235690038522,0.0
NGC3976,SAB(s)b Sy2,Mathewson96,73.29694991915831,5.2515639880735945,2.9110712249393195e-10,1.5797844197192394e-10,0.2371971150349291,0.0
NGC3976,SAB(s)b Sy2,Mathewson96,73.29694991915831,6.1637528999103095,2.5594385062143276e-10,1.0396040081049804e-10,0.3363407655578962,0.0
NGC3976,SAB(s)b Sy2,Mathewson96,73.29694991915831,7.154082798826752,2.1150596577045724e-10,1.049804455019876e-10,0.2607938638308678,0.0
NGC3976,SAB(s)b Sy2,Mathewson96,73.29694991915831,8.079329212420914,1.9994415464711703e-10,6.904708449965899e-11,0.37958225710041893,0.0
NGC3976,SAB(s)b Sy2,Mathewson96,73.29694991915831,8.99151812425763,1.8025957427617747e-10,5.929707477046114e-11,0.37510914919985644,0.0
NGC3976,SAB(s)b Sy2,Mathewson96,73.29694991915831,9.939513154194845,1.2260498220444523e-10,5.671992489135559e-11,0.29731561691597586,0.0
NGC3976,SAB(s)b Sy2,Mathewson96,73.29694991915831,11.215509907966288,1.1794371278838282e-10,6.220646419295925e-11,0.13026197071536957,0.0
NGC3976,SAB(s)b Sy2,Mathewson96,73.29694991915831,12.214544808054363,9.139150634915971e-11,4.275508519176317e-11,0.16439188600669916,0.0
NGC3976,SAB(s)b Sy2,Mathewson96,73.29694991915831,12.887822242422772,7.446089044998107e-11,3.807022934550003e-11,0.25908082328693427,0.0
NGC3976,SAB(s)b Sy2,Mathewson96,73.29694991915831,14.1388261217366,1.1636173249424364e-10,3.443038379801129e-11,0.2411030845793269,0.0
NGC3976,SAB(s)b Sy2,Mathewson96,73.29694991915831,14.84250305238407,9.143963596163449e-11,3.9188452576167234e-11,0.11366302036235738,0.0
NGC3976,SAB(s)b Sy2,Mathewson96,73.29694991915831,15.754691964220783,7.97700410047427e-11,2.5832536731954572e-11,0.2987297960369994,0.0
NGC3976,SAB(s)b Sy2,Mathewson96,73.29694991915831,16.666880876057498,7.52227802670204e-11,3.7442579610678105e-11,0.0962471131803862,0.0
NGC3976,SAB(s)b Sy2,Mathewson96,73.29694991915831,17.891837759678083,8.419537574382097e-11,2.557325833247214e-11,0.08040328124901952,0.0
NGC3976,SAB(s)b Sy2,Mathewson96,73.29694991915831,18.49778745060965,7.629215741275046e-11,2.916824481912053e-11,0.07552860181576837,0.0
NGC3976,SAB(s)b Sy2,Mathewson96,73.29694991915831,19.10373714154122,7.277307982141901e-11,2.2074041641814408e-11,0.15881110562516565,0.0
NGC4029,Sb:,Mathewson96,49.01614757344018,0.39160447967420553,3.69020472142767e-09,1.1677759158883932e-10,0.5269937037516632,0.0
NGC4029,Sb:,Mathewson96,49.01614757344018,1.1494975938719607,1.7197300166692647e-09,2.7203106332674486e-10,0.44013774911623943,0.0
NGC4029,Sb:,Mathewson96,49.01614757344018,1.9833382435216833,6.847158481319287e-10,3.014133883536341e-10,0.31434342117881275,0.0
NGC4029,Sb:,Mathewson96,49.01614757344018,2.7159155125687824,7.689068435414367e-10,2.5303064320272914e-10,0.34279166580211906,0.0
NGC4029,Sb:,Mathewson96,49.01614757344018,3.5244403170678495,5.818255573615783e-10,2.0857604314033097e-10,0.301072088199238,0.0
NGC4029,Sb:,Mathewson96,49.01614757344018,4.282333431265605,1.8871068935774886e-10,1.8898971780656127e-10,0.2580536186848691,0.0
NGC4029,Sb:,Mathewson96,49.01614757344018,5.116174080915327,2.4191168517145624e-10,1.4477800417733569e-10,0.2724795645828679,0.0
NGC4029,Sb:,Mathewson96,49.01614757344018,5.8993830402637375,2.4514771781697855e-10,1.3194600739163745e-10,0.28651164458243894,0.0
NGC4029,Sb:,Mathewson96,49.01614757344018,6.657276154461492,2.281240289674496e-10,8.997035670106184e-11,0.38561144427080823,0.0
NGC4029,Sb:,Mathewson96,49.01614757344018,7.46580095896056,2.370901888314411e-10,7.570063861306677e-11,0.36758224131189154,0.0
NGC4029,Sb:,Mathewson96,49.01614757344018,8.98158718735607,9.198362349482985e-11,5.37506778061494e-11,0.4271718373760148,0.0
NGC4029,Sb:,Mathewson96,49.01614757344018,9.815427837005792,1.410715772870247e-10,4.842823588457199e-11,0.42679145342952973,0.0
NGC4029,Sb:,Mathewson96,49.01614757344018,10.598636796354205,1.2783951096464876e-10,5.577877257392225e-11,0.31404404568054556,0.0
NGC4029,Sb:,Mathewson96,49.01614757344018,11.331214065401303,1.0805943272349511e-10,7.187945337257626e-11,0.1695825175790819,0.0
NGC4029,Sb:,Mathewson96,49.01614757344018,12.114423024749716,1.191366020060641e-10,4.191638704034287e-11,0.29227539318011037,0.0
NGC4029,Sb:,Mathewson96,49.01614757344018,12.92294782924878,1.249837835918446e-10,4.335093453296118e-11,0.2813591967472773,0.0
NGC4029,Sb:,Mathewson96,49.01614757344018,13.706156788597191,1.204047557733137e-10,6.237007286740265e-11,0.06636398667485317,0.0
NGC4029,Sb:,Mathewson96,49.01614757344018,14.464049902794947,1.0797356802348544e-10,3.669868695171443e-11,0.22668992161080884,0.0
NGC4110,SBb RET,Mathewson96,60.64432415265095,0.42913933822994693,3.5725955952505894e-11,2.646208054126776e-11,0.7898705546481777,0.0
NGC4110,SBb RET,Mathewson96,60.64432415265095,1.409893622282016,4.0552885020398014e-10,1.0150312906958103e-10,0.615851371615895,0.0
NGC4110,SBb RET,Mathewson96,60.64432415265095,2.3089975012726347,3.6513508357814437e-10,1.275467073516713e-10,0.5514259469227929,0.0
NGC4110,SBb RET,Mathewson96,60.64432415265095,2.3906479063340846,4.908452497896685e-10,1.3216476697131591e-10,0.5302206042635943,0.0
NGC4110,SBb RET,Mathewson96,60.64432415265095,3.2897517853247034,3.8455240636855077e-10,1.5052210222623594e-10,0.4795358521920841,0.0
NGC4110,SBb RET,Mathewson96,60.64432415265095,4.2296808668460475,4.3368778736825685e-10,1.6011242721815515e-10,0.33471652179516126,0.0
NGC4110,SBb RET,Mathewson96,60.64432415265095,5.169609948367391,3.311794460134227e-10,1.49217582757371e-10,0.3070708315382128,0.0
NGC4110,SBb RET,Mathewson96,60.64432415265095,6.109539029888735,2.7127178002130523e-10,9.399165092077574e-11,0.4257794165177846,0.0
NGC4110,SBb RET,Mathewson96,60.64432415265095,7.049468111410079,2.3903240359213597e-10,1.1682658656709673e-10,0.30511254701241913,0.0
NGC4110,SBb RET,Mathewson96,60.64432415265095,7.989397192931423,2.1050695505575049e-10,7.044486682926995e-11,0.4505386985990562,0.0
NGC4110,SBb RET,Mathewson96,60.64432415265095,8.929326274452766,1.877189119184252e-10,5.3167480227276444e-11,0.49405287342770465,0.0
NGC4110,SBb RET,Mathewson96,60.64432415265095,9.869255355974111,1.624999641050597e-10,4.867544116513859e-11,0.464849041533017,0.0
NGC4110,SBb RET,Mathewson96,60.64432415265095,10.809184437495455,1.5842105639815304e-10,4.170361623275374e-11,0.49127943626803466,0.0
NGC4110,SBb RET,Mathewson96,60.64432415265095,11.789938721547523,1.5073507896028744e-10,4.179990742577631e-11,0.4369122693299974,0.0
NGC4110,SBb RET,Mathewson96,60.64432415265095,12.729867803068867,1.56252379294921e-10,5.0722006235229495e-11,0.27919337515363446,0.0
NGC4110,SBb RET,Mathewson96,60.64432415265095,13.66979688459021,1.255904312601443e-10,6.072033955623019e-11,0.14640573955595032,0.0
NGC4110,SBb RET,Mathewson96,60.64432415265095,14.609725966111554,7.578774213937915e-11,4.728504913316803e-11,0.09432898052883629,0.0
NGC4110,SBb RET,Mathewson96,60.64432415265095,15.549655047632898,6.53745598319713e-11,3.661170022751992e-11,0.2374566318285189,0.0
NGC4134,Sb,Courteau97,69.65645504078344,0.4567331558916927,1.7281651725158538e-10,5.4855508583990446e-11,0.5550833443731857,0.0
NGC4134,Sb,Courteau97,69.65645504078344,1.2406278037152854,2.786517364557251e-10,1.075108240432633e-10,0.44116971466799654,0.0
NGC4134,Sb,Courteau97,69.65645504078344,2.1129244127699804,2.423394869951168e-10,1.0910688186342163e-10,0.41301478299814953,0.0
NGC4134,Sb,Courteau97,69.65645504078344,2.9852210218246755,2.254597342234859e-10,9.47551720886619e-11,0.352526402241633,0.0
NGC4134,Sb,Courteau97,69.65645504078344,3.8128836105656965,1.864351356493095e-10,7.906164686072788e-11,0.4134369025147904,0.0
NGC4134,Sb,Courteau97,69.65645504078344,4.638814040514225,1.667800726355037e-10,6.662346334103399e-11,0.4229285050696744,0.0
NGC4134,Sb,Courteau97,69.65645504078344,5.511976728965166,1.3834188668375437e-10,6.812927707572602e-11,0.35529957269867407,0.0
NGC4134,Sb,Courteau97,69.65645504078344,6.385139417416108,1.2228160345832792e-10,5.00618309376203e-11,0.35269620074233643,0.0
NGC4134,Sb,Courteau97,69.65645504078344,7.211069847364636,1.2371026498426555e-10,6.851856317828181e-11,0.20780730763001554,0.0
NGC4134,Sb,Courteau97,69.65645504078344,8.038732436105656,1.1251495057285377e-10,5.645386838099937e-11,0.22212534144416574,0.0
NGC4134,Sb,Courteau97,69.65645504078344,8.786910146378963,1.0234567049674517e-10,5.1120394646583887e-11,0.20032258898674893,0.0
NGC4134,Sb,Courteau97,69.65645504078344,9.719810219308727,9.061256292987712e-11,4.3401150113161686e-11,0.20197938952367372,0.0
NGC4134,Sb,Courteau97,69.65645504078344,10.559730482770084,6.922590995005037e-11,4.398621677681581e-11,0.13891894716761333,0.0
NGC4134,Sb,Courteau97,69.65645504078344,11.257516512253655,6.661347262069093e-11,2.230472115379348e-11,0.3763546471637339,0.0
NGC4134,Sb,Courteau97,69.65645504078344,12.268045579230602,6.953840419938047e-11,2.192789153568748e-11,0.30944777784115995,0.0
NGC4134,Sb,Courteau97,69.65645504078344,13.186708367391464,3.964426752486471e-11,2.4813400806973283e-11,0.15550063584866383,0.0
NGC4134,Sb,Courteau97,69.65645504078344,14.013504876736237,5.955577203724819e-11,2.6968580897413532e-11,0.07046370862725825,0.0
NGC4134,Sb,Courteau97,69.65645504078344,14.840301386081013,6.957094904887878e-11,1.6754306306125878e-11,0.21681918840064648,0.0
NGC4134,Sb,Courteau97,69.65645504078344,15.74249982816834,6.716070376086472e-11,1.8464092987262117e-11,0.09221658026445531,0.0
NGC4134,Sb,Courteau97,69.65645504078344,16.410697757461797,7.463619710173144e-11,1.3046754402392475e-11,0.2329517643028472,0.0
NGC4134,Sb,Courteau97,69.65645504078344,16.94543108428478,5.1008314874224e-11,1.81077003275643e-11,0.04771703869181988,0.0
NGC4193,SAB(s)c:?;HII LINER,Courteau97,66.38600614320967,0.29393240233033563,3.3397895776236393e-10,5.976076429674869e-11,0.479256097309639,0.0
NGC4193,SAB(s)c:?;HII LINER,Courteau97,66.38600614320967,0.7089322681986765,8.472621276518298e-11,1.1395874582443991e-10,0.47266439003154564,0.0
NGC4193,SAB(s)c:?;HII LINER,Courteau97,66.38600614320967,2.6162929110610142,2.6156399315036484e-10,1.254761637596241e-10,0.408280455866707,0.0
NGC4193,SAB(s)c:?;HII LINER,Courteau97,66.38600614320967,3.021831267180569,2.4579762447073716e-10,1.2171232265483373e-10,0.40964082445814515,0.0
NGC4193,SAB(s)c:?;HII LINER,Courteau97,66.38600614320967,3.4814414041160644,1.8351526431545213e-10,1.1640111551974313e-10,0.3622299516412291,0.0
NGC4193,SAB(s)c:?;HII LINER,Courteau97,66.38600614320967,4.026583810631955,2.5340450814181124e-10,9.980401517476303e-11,0.41440836452960933,0.0
NGC4193,SAB(s)c:?;HII LINER,Courteau97,66.38600614320967,4.655195667224202,2.0891031273524345e-10,1.0904397113784634e-10,0.29235344945421715,0.0
NGC4193,SAB(s)c:?;HII LINER,Courteau97,66.38600614320967,5.147216319297991,1.7545481615129034e-10,1.0894254290304329e-10,0.25780318928422,0.0
NGC4193,SAB(s)c:?;HII LINER,Courteau97,66.38600614320967,5.6417615169805835,1.548529367622415e-10,1.008798536319656e-10,0.23087636972296113,0.0
NGC4193,SAB(s)c:?;HII LINER,Courteau97,66.38600614320967,6.891411593338667,1.571103027068927e-10,8.162510161101886e-11,0.21667817246085802,0.0
NGC4193,SAB(s)c:?;HII LINER,Courteau97,66.38600614320967,7.220266876590793,1.2582280335318933e-10,5.4064254091389556e-11,0.37043256989454143,0.0
NGC4193,SAB(s)c:?;HII LINER,Courteau97,66.38600614320967,9.456482802705258,1.2503611048971411e-10,4.469790133896238e-11,0.269616735009409,0.0
NGC4193,SAB(s)c:?;HII LINER,Courteau97,66.38600614320967,10.73523158897535,8.954985009018198e-11,3.032484826909321e-11,0.3313864350901466,0.0
NGC4193,SAB(s)c:?;HII LINER,Courteau97,66.38600614320967,10.932544758926625,8.095557416934083e-11,4.681975743188119e-11,0.0965218792803098,0.0
NGC4246,SA(s)c,Courteau97/Mathewson96,58.817904629285366,0.35876960608925407,8.00785658330703e-11,1.411573832311976e-11,0.685066283161419,0.0
NGC4246,SA(s)c,Courteau97/Mathewson96,58.817904629285366,1.0405720020362155,2.285157685458996e-10,3.271362393229976e-11,0.6354670271873327,0.0
NGC4246,SA(s)c,Courteau97/Mathewson96,58.817904629285366,1.7833262533633916,3.0079863906994875e-10,4.166836323148281e-11,0.5975888637790021,0.0
NGC4246,SA(s)c,Courteau97/Mathewson96,58.817904629285366,2.3008766236221776,2.6313199232818594e-10,4.440701791156488e-11,0.5595647190330976,0.0
NGC4246,SA(s)c,Courteau97/Mathewson96,58.817904629285366,3.121716006108646,1.7515575438498602e-10,4.1799692710402967e-11,0.5628150990077254,0.0
NGC4246,SA(s)c,Courteau97/Mathewson96,58.817904629285366,3.642002007126754,2.0839794700005494e-10,3.7798172419483993e-11,0.61016858752378,0.0
NGC4246,SA(s)c,Courteau97/Mathewson96,58.817904629285366,4.505758519703617,1.502292667117421e-10,3.440033802277939e-11,0.5928902746116301,0.0
NGC4246,SA(s)c,Courteau97/Mathewson96,58.817904629285366,5.087240898843721,1.7672367881416986e-10,5.370668928097631e-11,0.4418563213731307,0.0
NGC4246,SA(s)c,Courteau97/Mathewson96,58.817904629285366,5.678693966499406,1.7529083834536275e-10,6.105223435610947e-11,0.3944599795485901,0.0
NGC4246,SA(s)c,Courteau97/Mathewson96,58.817904629285366,6.43459770198531,1.457656670221915e-10,4.141714166048893e-11,0.503373273538403,0.0
NGC4246,SA(s)c,Courteau97/Mathewson96,58.817904629285366,7.016525331491042,1.4436195921110524e-10,4.431713065489828e-11,0.44427419010879077,0.0
NGC4246,SA(s)c,Courteau97/Mathewson96,58.817904629285366,7.694451859501126,1.3033504234529826e-10,4.272272920062168e-11,0.41959043026571413,0.0
NGC4246,SA(s)c,Courteau97/Mathewson96,58.817904629285366,8.484701916224274,1.191443683262729e-10,3.7096517981307695e-11,0.43532444397858866,0.0
NGC4246,SA(s)c,Courteau97/Mathewson96,58.817904629285366,9.116488097738346,1.210347070157313e-10,5.106563675998379e-11,0.27595815364086757,0.0
NGC4246,SA(s)c,Courteau97/Mathewson96,58.817904629285366,9.839916293441284,1.1633037755022906e-10,4.64481951272696e-11,0.22337347379360764,0.0
NGC4246,SA(s)c,Courteau97/Mathewson96,58.817904629285366,10.415092175599348,1.0312361692981431e-10,2.5235898264944692e-11,0.4950888955286413,0.0
NGC4246,SA(s)c,Courteau97/Mathewson96,58.817904629285366,11.087522416309115,1.0149883410055194e-10,4.5661686270016695e-11,0.20613624044243223,0.0
NGC4246,SA(s)c,Courteau97/Mathewson96,58.817904629285366,11.706435022907424,1.0482895122282581e-10,2.016278046188579e-11,0.4943327704427571,0.0
NGC4246,SA(s)c,Courteau97/Mathewson96,58.817904629285366,12.451127208203038,1.1144926273155979e-10,3.012279486336864e-11,0.26819829001351825,0.0
NGC4246,SA(s)c,Courteau97/Mathewson96,58.817904629285366,12.971413209221145,1.0292354082947537e-10,2.3532242314009283e-11,0.2839505134835512,0.0
NGC4246,SA(s)c,Courteau97/Mathewson96,58.817904629285366,13.491699210239254,8.680013926043037e-11,3.016760538745667e-11,0.19634331155247373,0.0
NGC4273,SB(s)c HII,Courteau97/Mathewson96,57.415025559879034,0.2796910798406581,1.3015556264231045e-10,1.8440690936302791e-10,0.40595483080998185,0.0
NGC4273,SB(s)c HII,Courteau97/Mathewson96,57.415025559879034,0.8698457042005339,1.832948867903487e-10,3.70143361744969e-10,0.41766108351097586,0.0
NGC4273,SB(s)c HII,Courteau97/Mathewson96,57.415025559879034,1.5026478365209806,2.2139565533466622e-10,4.092899504376065e-10,0.34086928824726537,0.0
NGC4273,SB(s)c HII,Courteau97/Mathewson96,57.415025559879034,2.1354499688414275,1.958050354020342e-10,4.105832674377526e-10,0.28603258389362635,0.0
NGC4273,SB(s)c HII,Courteau97/Mathewson96,57.415025559879034,2.748155499851759,2.0682472775309747e-10,3.253244222901288e-10,0.27878720357731523,0.0
NGC4273,SB(s)c HII,Courteau97/Mathewson96,57.415025559879034,3.3349169072148293,2.2827456345744497e-10,2.8009853223861105e-10,0.2617998350949643,0.0
NGC4273,SB(s)c HII,Courteau97/Mathewson96,57.415025559879034,3.9214058842527075,2.012026397671868e-10,2.3259791272054766e-10,0.2541434643718647,0.0
NGC4273,SB(s)c HII,Courteau97/Mathewson96,57.415025559879034,4.53014171623882,1.8163455985121721e-10,2.2503290374804323e-10,0.21395231521263022,0.0
NGC4273,SB(s)c HII,Courteau97/Mathewson96,57.415025559879034,5.140745641883388,1.7767464903082267e-10,1.7149259121408651e-10,0.24365347094149095,0.0
NGC4273,SB(s)c HII,Courteau97/Mathewson96,57.415025559879034,5.75345117289372,1.49692759853955e-10,1.405051338878059e-10,0.22419080554628346,0.0
NGC4273,SB(s)c HII,Courteau97/Mathewson96,57.415025559879034,6.371517743517644,1.2112237495791486e-10,1.2481147025944335e-10,0.17752784947292838,0.0
NGC4273,SB(s)c HII,Courteau97/Mathewson96,57.415025559879034,6.916459474354728,1.0098305698681286e-10,1.0485586207836516e-10,0.23037437539134611,0.0
NGC4273,SB(s)c HII,Courteau97/Mathewson96,57.415025559879034,7.609431411533708,1.302042056485864e-10,9.102636045320408e-11,0.21100646745897228,0.0
NGC4273,SB(s)c HII,Courteau97/Mathewson96,57.415025559879034,8.177477828521562,8.652620260385114e-11,9.1009566955786e-11,0.1421008548827158,0.0
NGC4273,SB(s)c HII,Courteau97/Mathewson96,57.415025559879034,8.640225059995638,6.047509546165603e-11,8.74601454183475e-11,0.09310937572260498,0.0
NGC4273,SB(s)c HII,Courteau97/Mathewson96,57.415025559879034,9.418300663224494,5.1357529140236724e-11,6.914268060019356e-11,0.08969503405718647,0.0
NGC4273,SB(s)c HII,Courteau97/Mathewson96,57.415025559879034,10.01502315184004,7.026270074823526e-11,5.4797854937810755e-11,0.19223648708481134,0.0
NGC4273,SB(s)c HII,Courteau97/Mathewson96,57.415025559879034,10.62617402306095,5.956862676226826e-11,6.178180952368631e-11,0.08455263935154823,0.0
NGC4273,SB(s)c HII,Courteau97/Mathewson96,57.415025559879034,11.185556182742268,5.41853113479954e-11,4.4124101725169495e-11,0.18708143353837217,0.0
NGC4273,SB(s)c HII,Courteau97/Mathewson96,57.415025559879034,11.753159900451685,4.035107087734456e-11,4.931946246142315e-11,0.07860079950685861,0.0
NGC4273,SB(s)c HII,Courteau97/Mathewson96,57.415025559879034,12.108267964511674,4.9707198506599994e-11,4.111265293822976e-11,0.12952233827385368,0.0
NGC4312,SA(rs)ab: sp HII,SHIVir,76.52692465118295,0.1525125445422151,1.0775066956685645e-10,3.602523651710786e-11,0.0,0.0
NGC4312,SA(rs)ab: sp HII,SHIVir,76.52692465118295,0.4357501272634718,2.2229830370870116e-10,8.0790100336043e-11,0.2551268525151169,0.0
NGC4312,SA(rs)ab: sp HII,SHIVir,76.52692465118295,0.7407752163479019,2.6307138580463107e-10,1.0358526052576025e-10,0.1897310228343871,0.0
NGC4312,SA(rs)ab: sp HII,SHIVir,76.52692465118295,1.0458003054323322,2.7269785328987947e-10,1.0182866469958392e-10,0.2011515925659623,0.0
NGC4312,SA(rs)ab: sp HII,SHIVir,76.52692465118295,1.3508253945167625,2.5004174449433644e-10,8.418089403282117e-11,0.22089357445425892,0.0
NGC4312,SA(rs)ab: sp HII,SHIVir,76.52692465118295,1.6219588070362558,2.0715380700976322e-10,7.108863285784042e-11,0.2313401957718764,0.0
NGC4312,SA(rs)ab: sp HII,SHIVir,76.52692465118295,2.3094756744964,1.914420162688363e-10,5.341271643152287e-11,0.18948177677387423,0.0
NGC4313,SA(rs)ab: sp LINER,SHIVir,74.33104012193246,0.14864373500109082,8.726806979938604e-11,8.034900077288492e-11,0.0,0.0
NGC4313,SA(rs)ab: sp LINER,SHIVir,74.33104012193246,0.44593120500327255,3.909495444856264e-10,1.5443963553457404e-10,0.2304903098004657,0.0
NGC4313,SA(rs)ab: sp LINER,SHIVir,74.33104012193246,0.7432186750054541,4.2097511042980714e-10,1.426731500433975e-10,0.2713502310482086,0.0
NGC4313,SA(rs)ab: sp LINER,SHIVir,74.33104012193246,1.0405061450076358,3.793422380632528e-10,1.3053755854307995e-10,0.3045027873889663,0.0
NGC4313,SA(rs)ab: sp LINER,SHIVir,74.33104012193246,1.3377936150098175,3.651352132338173e-10,1.1609272087286822e-10,0.2975217321899554,0.0
NGC4313,SA(rs)ab: sp LINER,SHIVir,74.33104012193246,1.6350810850119992,2.8303107356183627e-10,1.03306369084443e-10,0.29314358842425714,0.0
NGC4313,SA(rs)ab: sp LINER,SHIVir,74.33104012193246,1.9323685550141811,2.49005382638753e-10,9.362451654408333e-11,0.32094643266812073,0.0
NGC4313,SA(rs)ab: sp LINER,SHIVir,74.33104012193246,2.2296560250163626,1.859884740990241e-10,8.387222204758495e-11,0.3456204900614092,0.0
NGC4313,SA(rs)ab: sp LINER,SHIVir,74.33104012193246,2.526943495018544,1.6955341222634226e-10,7.665254160448306e-11,0.3506310616106842,0.0
NGC4313,SA(rs)ab: sp LINER,SHIVir,74.33104012193246,2.816621821443289,1.5904213529383443e-10,7.112398854326199e-11,0.34298334695139265,0.0
NGC4313,SA(rs)ab: sp LINER,SHIVir,74.33104012193246,3.150539354713597,1.8390889429194632e-10,6.756483027198043e-11,0.3036196943500927,0.0
NGC4313,SA(rs)ab: sp LINER,SHIVir,74.33104012193246,3.4180980777155603,1.602699935404151e-10,6.355309525194917e-11,0.32564457120187956,0.0
NGC4351,SB(rs)ab pec: HII,SHIVir,51.2551343071332,0.15332703076139917,2.3758422707650753e-11,1.5556912577606027e-11,0.2272712319835869,0.0
NGC4351,SB(rs)ab pec: HII,SHIVir,51.2551343071332,0.40887208203039777,3.3547657885855934e-11,4.02159390334875e-11,0.39337348514850184,0.0
NGC4351,SB(rs)ab pec: HII,SHIVir,51.2551343071332,0.7155261435531961,2.4472351755207528e-11,6.392760919793275e-11,0.3513199574363571,0.0
NGC4351,SB(rs)ab pec: HII,SHIVir,51.2551343071332,1.0221802050759945,4.442407046995946e-11,6.780283567823306e-11,0.3570910488273213,0.0
NGC4351,SB(rs)ab pec: HII,SHIVir,51.2551343071332,1.3288342665987927,3.077565558379018e-11,6.590755601612713e-11,0.35211428416075846,0.0
NGC4351,SB(rs)ab pec: HII,SHIVir,51.2551343071332,1.635488328121591,2.7342939728737298e-11,6.351206266549689e-11,0.3377232209360024,0.0
NGC4351,SB(rs)ab pec: HII,SHIVir,51.2551343071332,1.9421423896443895,2.765199714533076e-11,5.923238105255978e-11,0.32787566762958426,0.0
NGC4351,SB(rs)ab pec: HII,SHIVir,51.2551343071332,2.2487964511671876,3.1032230300559536e-11,5.4157054389868035e-11,0.32479021515317297,0.0
NGC4351,SB(rs)ab pec: HII,SHIVir,51.2551343071332,2.555450512689986,3.325570064357341e-11,5.0451323103672025e-11,0.2753167830329094,0.0
NGC4351,SB(rs)ab pec: HII,SHIVir,51.2551343071332,2.8621045742127844,2.8337491102645745e-11,4.893821710065975e-11,0.2934707329212919,0.0
NGC4351,SB(rs)ab pec: HII,SHIVir,51.2551343071332,3.150748794027101,2.4717779349709778e-11,4.763734368309889e-11,0.267119898908362,0.0
NGC4351,SB(rs)ab pec: HII,SHIVir,51.2551343071332,3.487581509223572,1.7736467015502076e-11,4.517883377934129e-11,0.24876368382468372,0.0
NGC4351,SB(rs)ab pec: HII,SHIVir,51.2551343071332,3.7942355707463697,2.2986494327968865e-11,4.1943471980766455e-11,0.22170046256182174,0.0
NGC4351,SB(rs)ab pec: HII,SHIVir,51.2551343071332,3.9986716117615684,2.4741163111492465e-11,3.663818675117391e-11,0.26322792323273275,0.0
NGC4383,Sa? pec HII,SHIVir,51.89936701577698,0.14925007474203897,4.2173912356419076e-11,2.361166269386204e-10,0.0,0.0
NGC4383,Sa? pec HII,SHIVir,51.89936701577698,0.44939729635824466,2.8633087651864148e-11,5.660219433659204e-10,0.1446081974729537,0.0
NGC4383,Sa? pec HII,SHIVir,51.89936701577698,0.7478974458423225,4.0836167886185676e-11,6.374738089608476e-10,0.11390122962341359,0.0
NGC4383,Sa? pec HII,SHIVir,51.89936701577698,1.0480446674585282,1.23529537648552e-10,5.301402650238543e-10,0.12568441883819245,0.0
NGC4383,Sa? pec HII,SHIVir,51.89936701577698,1.3465448169426064,1.2765443744349169e-10,4.11518042491337e-10,0.10929083008611393,0.0
NGC4383,Sa? pec HII,SHIVir,51.89936701577698,1.6562577267107848,1.0743211050912216e-10,3.2228984974264786e-10,0.11992032136335692,0.0
NGC4383,Sa? pec HII,SHIVir,51.89936701577698,1.9522190460740385,1.0327885749129902e-10,2.6112815101736617e-10,0.10760641573906754,0.0
NGC4383,Sa? pec HII,SHIVir,51.89936701577698,2.2453394096590955,1.224260276494503e-10,2.1534538903100307e-10,0.11130013779799659,0.0
NGC4383,Sa? pec HII,SHIVir,51.89936701577698,2.517305408091533,1.218416660206565e-10,1.81419686482457e-10,0.11039455249184962,0.0
NGC4383,Sa? pec HII,SHIVir,51.89936701577698,2.9096162703318544,1.0105989578402179e-10,1.4346685050602784e-10,0.08216088175967601,0.0
NGC4383,Sa? pec HII,SHIVir,51.89936701577698,3.1291203064019584,1.0136681780968458e-10,1.2616970235173802e-10,0.1034707718159885,0.0
NGC4383,Sa? pec HII,SHIVir,51.89936701577698,3.3087145177320436,1.17643623321766e-10,1.1688669174256363e-10,0.0995322325210742,0.0
NGC4383,Sa? pec HII,SHIVir,51.89936701577698,4.067001187792402,8.790579206121817e-11,8.103734540399522e-11,0.10216999297297197,0.0
NGC4388,SA(s)b: sp;Sy2 Sy1.9,SHIVir,79.8338332120554,0.2046396625699949,3.002786745383757e-11,1.0334688741888478e-10,0.019580093808895978,0.0
NGC4388,SA(s)b: sp;Sy2 Sy1.9,SHIVir,79.8338332120554,0.5320631226819867,1.3483464805604966e-10,1.6895351155318532e-10,0.23756113987699906,0.0
NGC4388,SA(s)b: sp;Sy2 Sy1.9,SHIVir,79.8338332120554,0.8594865827939786,1.1713603948919812e-10,1.5523995253339863e-10,0.28959214267033734,0.0
NGC4388,SA(s)b: sp;Sy2 Sy1.9,SHIVir,79.8338332120554,1.1869100429059705,8.546897619830794e-11,1.2961770692958427e-10,0.3592711661896169,0.0
NGC4388,SA(s)b: sp;Sy2 Sy1.9,SHIVir,79.8338332120554,1.5143335030179623,1.0157951282672847e-10,1.0750011517171005e-10,0.3866104916026962,0.0
NGC4388,SA(s)b: sp;Sy2 Sy1.9,SHIVir,79.8338332120554,1.8826848956439535,1.281873517225641e-10,9.483298479803714e-11,0.4266785993077086,0.0
NGC4388,SA(s)b: sp;Sy2 Sy1.9,SHIVir,79.8338332120554,2.251036288269944,1.5749916736273487e-10,8.99588307891898e-11,0.38684138526376777,0.0
NGC4388,SA(s)b: sp;Sy2 Sy1.9,SHIVir,79.8338332120554,2.5784597483819356,1.8314466336762748e-10,9.030057914292794e-11,0.41149152019613133,0.0
NGC4388,SA(s)b: sp;Sy2 Sy1.9,SHIVir,79.8338332120554,2.9058832084939277,2.0622209318427268e-10,9.616706603183502e-11,0.35121196686990513,0.0
NGC4388,SA(s)b: sp;Sy2 Sy1.9,SHIVir,79.8338332120554,3.2333066686059198,2.1509376504083514e-10,9.019617727155011e-11,0.3314459372987644,0.0
NGC4388,SA(s)b: sp;Sy2 Sy1.9,SHIVir,79.8338332120554,3.6016580612319102,2.0662775497693895e-10,8.352525159468458e-11,0.28580210194540145,0.0
NGC4388,SA(s)b: sp;Sy2 Sy1.9,SHIVir,79.8338332120554,3.970009453857901,2.0573057523197533e-10,8.321779034941126e-11,0.23305881755608984,0.0
NGC4388,SA(s)b: sp;Sy2 Sy1.9,SHIVir,79.8338332120554,4.297432913969893,2.3203013566414148e-10,7.738484095470147e-11,0.27456335312228164,0.0
NGC4388,SA(s)b: sp;Sy2 Sy1.9,SHIVir,79.8338332120554,4.611213729910552,2.3117548835204352e-10,7.795321532177425e-11,0.24977635532332215,0.0
NGC4388,SA(s)b: sp;Sy2 Sy1.9,SHIVir,79.8338332120554,4.9522798341938765,1.9032702945430066e-10,7.687603143730554e-11,0.19425917234736792,0.0
NGC4388,SA(s)b: sp;Sy2 Sy1.9,SHIVir,79.8338332120554,5.320631226819867,1.8219817875101113e-10,6.478056498606427e-11,0.16769634188906568,0.0
NGC4388,SA(s)b: sp;Sy2 Sy1.9,SHIVir,79.8338332120554,5.688982619445858,1.7474594339677596e-10,5.250474861920931e-11,0.2565627545739903,0.0
NGC4388,SA(s)b: sp;Sy2 Sy1.9,SHIVir,79.8338332120554,6.01640607955785,1.667769264992796e-10,5.5322971895553067e-11,0.1960512374656248,0.0
NGC4388,SA(s)b: sp;Sy2 Sy1.9,SHIVir,79.8338332120554,6.3438295396698425,1.623256211040245e-10,4.217031279179646e-11,0.25076711437102095,0.0
NGC4388,SA(s)b: sp;Sy2 Sy1.9,SHIVir,79.8338332120554,6.630325067267836,1.5464967259292076e-10,4.768161857930889e-11,0.19384379786595377,0.0
NGC4388,SA(s)b: sp;Sy2 Sy1.9,SHIVir,79.8338332120554,6.875892662351829,1.4475117430640937e-10,3.6619479162775394e-11,0.28306324115521975,0.0
NGC4390,Sbc(s) II HII,SHIVir,45.86428276047275,0.12159115700676315,7.863242772128432e-11,1.0038548014479168e-11,0.07299555617401257,0.0
NGC4390,Sbc(s) II HII,SHIVir,45.86428276047275,0.46425714493491377,1.0331311281809462e-10,3.27361667791119e-11,0.43709184412036794,0.0
NGC4390,Sbc(s) II HII,SHIVir,45.86428276047275,0.7642872726139397,8.066135190430288e-11,4.3692272929177765e-11,0.40723517353117267,0.0
NGC4390,Sbc(s) II HII,SHIVir,45.86428276047275,1.0677914333503018,1.028131015713232e-10,4.8698416579723755e-11,0.35751533360578996,0.0
NGC4390,Sbc(s) II HII,SHIVir,45.86428276047275,1.34634572031125,7.797030801854081e-11,5.0338005392462203e-11,0.35738687194580865,0.0
NGC4390,Sbc(s) II HII,SHIVir,45.86428276047275,1.6498498810476119,5.356522664173029e-11,4.8465498950656054e-11,0.345256583107419,0.0
NGC4390,Sbc(s) II HII,SHIVir,45.86428276047275,1.9498800087266381,5.7780257304545005e-11,4.4627927954784845e-11,0.3467334350843719,0.0
NGC4390,Sbc(s) II HII,SHIVir,45.86428276047275,2.249910136405664,5.023640457023769e-11,4.063501289865289e-11,0.3459680579794756,0.0
NGC4390,Sbc(s) II HII,SHIVir,45.86428276047275,2.5534142971420257,5.966855450826385e-11,4.01961269442315e-11,0.26906669368826547,0.0
NGC4390,Sbc(s) II HII,SHIVir,45.86428276047275,2.831968584102974,5.2802045950900704e-11,4.098044157514555e-11,0.266394032989095,0.0
NGC4390,Sbc(s) II HII,SHIVir,45.86428276047275,3.135472744839336,5.4281332107046056e-11,4.050165746740156e-11,0.23469856607925724,0.0
NGC4390,Sbc(s) II HII,SHIVir,45.86428276047275,3.4569787132364396,6.492445668879664e-11,3.872114805874361e-11,0.2028015690502095,0.0
NGC4390,Sbc(s) II HII,SHIVir,45.86428276047275,3.7604828739728013,7.194041032971756e-11,3.5336971675698e-11,0.17159847290269511,0.0
NGC4390,Sbc(s) II HII,SHIVir,45.86428276047275,4.033510290160715,4.656938187321281e-11,3.084524611379006e-11,0.19530741480931424,0.0
NGC4390,Sbc(s) II HII,SHIVir,45.86428276047275,4.312064577121664,3.61605708437335e-11,2.9763152022317255e-11,0.18516258110608555,0.0
NGC4390,Sbc(s) II HII,SHIVir,45.86428276047275,4.5143480474147335,8.060913037811709e-11,2.7499194091034802e-11,0.11747298498385075,0.0
NGC4390,Sbc(s) II HII,SHIVir,45.86428276047275,5.049349138244491,6.618841942495639e-11,2.4904411874756063e-11,0.1102388300606233,0.0
NGC4390,Sbc(s) II HII,SHIVir,45.86428276047275,5.2350519962184565,3.426377937559554e-11,2.242805364014693e-11,0.1466208361264815,0.0
NGC4390,Sbc(s) II HII,SHIVir,45.86428276047275,5.575507235837393,3.0840861080348654e-11,2.1371845881705733e-11,0.09391112852308402,0.0
NGC4390,Sbc(s) II HII,SHIVir,45.86428276047275,5.885011999127336,4.170978368140993e-11,1.733984302015509e-11,0.13947150260566524,0.0
NGC4394,(R)SB(r)b LINER,SHIVir,30.415569027626375,0.17613264489855282,1.5608711020279674e-09,4.792968020815925e-10,0.0,0.0
NGC4394,(R)SB(r)b LINER,SHIVir,30.415569027626375,0.48534328816490113,7.817200447963184e-10,8.025863287910773e-10,0.12834568317651218,0.0
NGC4394,(R)SB(r)b LINER,SHIVir,30.415569027626375,0.8454366955130537,4.745623230265553e-10,6.526563441439282e-10,0.17399255458366322,0.0
NGC4394,(R)SB(r)b LINER,SHIVir,30.415569027626375,1.3386081012290016,2.0163847813051393e-10,4.5975131639505686e-10,0.1915495824021517,0.0
NGC4394,(R)SB(r)b LINER,SHIVir,30.415569027626375,2.2192713257217656,5.344037198180304e-10,2.795015403252175e-10,0.17378728301591573,0.0
NGC4394,(R)SB(r)b LINER,SHIVir,30.415569027626375,2.5363100865391606,2.6696529672977765e-10,2.1869956362340133e-10,0.18860320753409981,0.0
NGC4394,(R)SB(r)b LINER,SHIVir,30.415569027626375,2.896403493887313,3.122561602708241e-10,1.7924356106056784e-10,0.2198757167066507,0.0
NGC4394,(R)SB(r)b LINER,SHIVir,30.415569027626375,3.2232274016435167,2.750554186941259e-10,1.5520255383261494e-10,0.23713536974826407,0.0
NGC4394,(R)SB(r)b LINER,SHIVir,30.415569027626375,3.557879426950767,2.2889365817598002e-10,1.3709907402086299e-10,0.24732479690097872,0.0
NGC4394,(R)SB(r)b LINER,SHIVir,30.415569027626375,3.827949482461882,1.55065032978694e-10,1.2877205707794784e-10,0.22037805633228524,0.0
NGC4394,(R)SB(r)b LINER,SHIVir,30.415569027626375,4.267442367827795,1.5004821946030404e-10,1.1685013010369347e-10,0.22271456613303542,0.0
NGC4394,(R)SB(r)b LINER,SHIVir,30.415569027626375,4.579448767362374,8.407496038668077e-11,1.0383651610642544e-10,0.19265371540890003,0.0
NGC4394,(R)SB(r)b LINER,SHIVir,30.415569027626375,5.260494994303445,1.6180451190951566e-10,8.68952062261222e-11,0.23918668103609428,0.0
NGC4394,(R)SB(r)b LINER,SHIVir,30.415569027626375,5.542307226141129,1.0855938269472636e-10,8.160386509923455e-11,0.1778287487922414,0.0
NGC4394,(R)SB(r)b LINER,SHIVir,30.415569027626375,5.882830339611664,1.8495660796127816e-10,6.846162178884736e-11,0.27218685913367713,0.0
NGC4394,(R)SB(r)b LINER,SHIVir,30.415569027626375,6.250192713257218,1.307947372628125e-10,7.57892781277594e-11,0.18659178920335862,0.0
NGC4394,(R)SB(r)b LINER,SHIVir,30.415569027626375,6.622587448185586,1.1043766854601929e-10,5.75556354432458e-11,0.23207675404814154,0.0
NGC4396,SAd: sp HII,SHIVir,75.1364457739635,0.1608610282888517,1.9671774404377416e-11,6.240496980556484e-12,0.17699476148839685,0.0
NGC4396,SAd: sp HII,SHIVir,75.1364457739635,0.4825830848665552,3.059323496791584e-11,1.633237432291544e-11,0.42052316063502687,0.0
NGC4396,SAd: sp HII,SHIVir,75.1364457739635,0.8215750700224557,5.880956921710426e-11,2.1004416934829408e-11,0.38259232220689837,0.0
NGC4396,SAd: sp HII,SHIVir,75.1364457739635,1.1731016807593058,6.776072643175129e-11,2.230583147284588e-11,0.3849322681062441,0.0
NGC4396,SAd: sp HII,SHIVir,75.1364457739635,1.5120936659152062,6.919083983122526e-11,2.1257232738168458e-11,0.396072267956317,0.0
NGC4396,SAd: sp HII,SHIVir,75.1364457739635,1.8338157224929095,8.407072848566e-11,2.087879665441611e-11,0.3808215306224198,0.0
NGC4396,SAd: sp HII,SHIVir,75.1364457739635,2.155537779070613,7.612154490806954e-11,1.930540999480166e-11,0.37500057433602446,0.0
NGC4396,SAd: sp HII,SHIVir,75.1364457739635,2.4772598356483164,7.317945549357666e-11,1.7289415687419712e-11,0.3990648582558004,0.0
NGC4396,SAd: sp HII,SHIVir,75.1364457739635,2.83115409788379,5.805741441516686e-11,1.5776420907875653e-11,0.3676746014742074,0.0
NGC4396,SAd: sp HII,SHIVir,75.1364457739635,3.1850483601192643,4.005513848593069e-11,1.5055873051822103e-11,0.39079883071062527,0.0
NGC4396,SAd: sp HII,SHIVir,75.1364457739635,3.5067704166969675,5.343614056130405e-11,1.4585204184009803e-11,0.38158947783108144,0.0
NGC4396,SAd: sp HII,SHIVir,75.1364457739635,3.80222944824792,4.802368189518299e-11,1.404028607974287e-11,0.34410227260025517,0.0
NGC4396,SAd: sp HII,SHIVir,75.1364457739635,4.153278549438829,4.240114945202995e-11,1.3362925809225403e-11,0.315749394497578,0.0
NGC4396,SAd: sp HII,SHIVir,75.1364457739635,4.46325519760179,4.006447214816465e-11,1.2023427031643765e-11,0.39702354452082184,0.0
NGC4396,SAd: sp HII,SHIVir,75.1364457739635,4.828894868252006,3.4224092242434995e-11,1.2374535431196958e-11,0.3691301235309422,0.0
NGC4396,SAd: sp HII,SHIVir,75.1364457739635,5.190230320911725,5.212530523826556e-11,1.459877487042944e-11,0.2583258315023908,0.0
NGC4396,SAd: sp HII,SHIVir,75.1364457739635,5.502760318730067,5.031709633988358e-11,1.1672678054695447e-11,0.2605346175613552,0.0
NGC4396,SAd: sp HII,SHIVir,75.1364457739635,5.8262332436428865,4.7699446183692474e-11,1.3150210172909112e-11,0.2345849679948828,0.0
NGC4396,SAd: sp HII,SHIVir,75.1364457739635,6.147955300220589,4.726799652367395e-11,1.3170511067692924e-11,0.12537065321473984,0.0
NGC4396,SAd: sp HII,SHIVir,75.1364457739635,6.4535912539694085,4.904069372160131e-11,1.147584223849904e-11,0.19500504104415714,0.0
NGC4396,SAd: sp HII,SHIVir,75.1364457739635,6.662710590744916,5.594318346841537e-11,1.0316297343765334e-11,0.16147835823210255,0.0
NGC4405,SA(rs)0/a: HII,SHIVir,45.292852782016006,0.1578067049669115,6.609959919562252e-11,7.687976644324083e-11,0.0,0.0
NGC4405,SA(rs)0/a: HII,SHIVir,45.292852782016006,0.45872488734826017,1.7544017195907778e-10,1.7792191508369653e-10,0.27109910995589803,0.0
NGC4405,SA(rs)0/a: HII,SHIVir,45.292852782016006,0.7406060704002672,2.595062024824567e-10,2.2565845481534606e-10,0.22703270801625958,0.0
NGC4405,SA(rs)0/a: HII,SHIVir,45.292852782016006,1.0415242527816158,2.331505644620626e-10,2.3275779357434158e-10,0.16944551641582378,0.0
NGC4405,SA(rs)0/a: HII,SHIVir,45.292852782016006,1.3437783649404622,2.1889608976212756e-10,2.014530619887148e-10,0.1676802362611802,0.0
NGC4405,SA(rs)0/a: HII,SHIVir,45.292852782016006,1.5840787336678543,2.3637266238369443e-10,1.7198143785111116e-10,0.1650338143122033,0.0
NGC4407,(R')SB(rs)ab: HII,SHIVir,50.79646367976209,0.15032226612475322,1.3401173264485165e-10,5.1834603740539704e-11,0.0,0.0
NGC4407,(R')SB(rs)ab: HII,SHIVir,50.79646367976209,0.4334496885075025,4.362789720904131e-11,1.3553313473441074e-10,0.16135317300025104,0.0
NGC4407,(R')SB(rs)ab: HII,SHIVir,50.79646367976209,0.7554747533512716,5.022912401479937e-11,1.6199954118170948e-10,0.17375637489067225,0.0
NGC4407,(R')SB(rs)ab: HII,SHIVir,50.79646367976209,1.031533868243926,3.8033482163480025e-11,1.4542194517083813e-10,0.19332460024116907,0.0
NGC4407,(R')SB(rs)ab: HII,SHIVir,50.79646367976209,1.3687053062807555,7.017537113761299e-11,1.1515207187081829e-10,0.18350425560023415,0.0
NGC4407,(R')SB(rs)ab: HII,SHIVir,50.79646367976209,1.6419546591897693,3.97316242643745e-11,9.363132716999213e-11,0.2084428712103152,0.0
NGC4407,(R')SB(rs)ab: HII,SHIVir,50.79646367976209,1.8752527088938986,4.147649880112767e-11,8.063782827794365e-11,0.24407865460032985,0.0
NGC4407,(R')SB(rs)ab: HII,SHIVir,50.79646367976209,2.298034082369767,3.071090777900147e-11,6.446655565446887e-11,0.26656269833107576,0.0
NGC4407,(R')SB(rs)ab: HII,SHIVir,50.79646367976209,2.5967469032555206,6.802781043717631e-11,5.76286365943908e-11,0.257456807272699,0.0
NGC4407,(R')SB(rs)ab: HII,SHIVir,50.79646367976209,2.7626984704142727,4.4941605317656255e-11,5.691215635198517e-11,0.25002308728620953,0.0
NGC4409,SB(r)bc:;HII LINER,Courteau97/Mathewson96,57.71156634580041,0.20618406326812594,3.583183952149813e-11,2.8700125867884438e-11,0.4579259261446203,0.0
NGC4409,SB(r)bc:;HII LINER,Courteau97/Mathewson96,57.71156634580041,0.6238181491593999,5.167598425451432e-11,7.601430858533028e-11,0.5309869861869027,0.0
NGC4409,SB(r)bc:;HII LINER,Courteau97/Mathewson96,57.71156634580041,1.0335076624730322,7.169067736923529e-11,9.714947953475292e-11,0.49753813857284057,0.0
NGC4409,SB(r)bc:;HII LINER,Courteau97/Mathewson96,57.71156634580041,1.427077245983842,8.490024573976347e-11,9.95394404067425e-11,0.5185549525666293,0.0
NGC4409,SB(r)bc:;HII LINER,Courteau97/Mathewson96,57.71156634580041,1.851068160583992,8.284810137512073e-11,9.699868247147614e-11,0.49836806895156693,0.0
NGC4409,SB(r)bc:;HII LINER,Courteau97/Mathewson96,57.71156634580041,2.2663721329357864,6.994165306875939e-11,9.857907748571071e-11,0.5020956894487745,0.0
NGC4409,SB(r)bc:;HII LINER,Courteau97/Mathewson96,57.71156634580041,2.6816761052875813,5.609979414171609e-11,1.072379411739632e-10,0.44859717032404406,0.0
NGC4409,SB(r)bc:;HII LINER,Courteau97/Mathewson96,57.71156634580041,3.1056670198877314,6.672650441542878e-11,1.239839812179803e-10,0.39931830966133175,0.0
NGC4409,SB(r)bc:;HII LINER,Courteau97/Mathewson96,57.71156634580041,3.499236603398541,6.908649889231115e-11,1.2347670141982593e-10,0.36833846526191166,0.0
NGC4409,SB(r)bc:;HII LINER,Courteau97/Mathewson96,57.71156634580041,3.918163763836938,6.518683870752941e-11,1.2429784418435374e-10,0.2935171233293411,0.0
NGC4409,SB(r)bc:;HII LINER,Courteau97/Mathewson96,57.71156634580041,4.33735852902564,7.360313076183521e-11,1.235190296619536e-10,0.21984848352519548,0.0
NGC4409,SB(r)bc:;HII LINER,Courteau97/Mathewson96,57.71156634580041,4.738928329139699,7.437170958052101e-11,1.140508302730462e-10,0.20586783126027744,0.0
NGC4409,SB(r)bc:;HII LINER,Courteau97/Mathewson96,57.71156634580041,5.131561880428898,6.405154168377398e-11,1.0503184911542763e-10,0.18664119830458833,0.0
NGC4409,SB(r)bc:;HII LINER,Courteau97/Mathewson96,57.71156634580041,5.573644345865755,6.049573707548115e-11,9.469029248478054e-11,0.15477209504098546,0.0
NGC4409,SB(r)bc:;HII LINER,Courteau97/Mathewson96,57.71156634580041,5.9548399501015306,6.829351115352081e-11,8.873656222497845e-11,0.10343385620500144,0.0
NGC4409,SB(r)bc:;HII LINER,Courteau97/Mathewson96,57.71156634580041,6.309106426441714,7.442117288117447e-11,6.905683496378676e-11,0.16495427553147862,0.0
NGC4409,SB(r)bc:;HII LINER,Courteau97/Mathewson96,57.71156634580041,6.776080671951131,5.311749718004507e-11,6.567827041361183e-11,0.1244995296469619,0.0
NGC4409,SB(r)bc:;HII LINER,Courteau97/Mathewson96,57.71156634580041,7.7892234164788015,6.283530018655349e-11,5.0199878520762734e-11,0.038797943648582876,0.0
NGC4409,SB(r)bc:;HII LINER,Courteau97/Mathewson96,57.71156634580041,7.951904294960366,8.310026161111859e-11,5.2435791644306924e-11,0.05101441375029058,0.0
NGC4409,SB(r)bc:;HII LINER,Courteau97/Mathewson96,57.71156634580041,8.249222558359392,5.152862765488289e-11,4.450102934412455e-11,0.0857315573732641,0.0
NGC4419,SB(s)a;LINER HII,SHIVir,68.54572599794714,0.17307832157661263,1.6904266276583332e-10,3.6898934988190496e-10,0.0,0.0
NGC4419,SB(s)a;LINER HII,SHIVir,68.54572599794714,0.4500036360991928,5.970789228935321e-10,6.752886717494703e-10,0.1888946956374692,0.0
NGC4419,SB(s)a;LINER HII,SHIVir,68.54572599794714,0.7120936659152061,4.098139102014543e-10,7.127370431350878e-10,0.21926609909248398,0.0
NGC4419,SB(s)a;LINER HII,SHIVir,68.54572599794714,1.0384699294596755,4.339327629418673e-10,6.762679708615758e-10,0.20703061358193073,0.0
NGC4419,SB(s)a;LINER HII,SHIVir,68.54572599794714,1.3500109082975782,5.395021549834131e-10,5.927495236094085e-10,0.2136598046230019,0.0
NGC4419,SB(s)a;LINER HII,SHIVir,68.54572599794714,1.6269362228201585,5.406381120349912e-10,5.015370952895309e-10,0.22193220085861462,0.0
NGC4419,SB(s)a;LINER HII,SHIVir,68.54572599794714,1.9384772016580611,4.335536661652302e-10,4.212146411889311e-10,0.22918535655321007,0.0
NGC4419,SB(s)a;LINER HII,SHIVir,68.54572599794714,2.250018180495964,4.0014581984038144e-10,3.5692948347092573e-10,0.22722526540616655,0.0
NGC4419,SB(s)a;LINER HII,SHIVir,68.54572599794714,2.5269434950185437,4.190171102171219e-10,3.224715924204459e-10,0.19380043159047233,0.0
NGC4419,SB(s)a;LINER HII,SHIVir,68.54572599794714,2.8384844738564468,3.8979290384908734e-10,2.972896576978142e-10,0.20964215223324567,0.0
NGC4419,SB(s)a;LINER HII,SHIVir,68.54572599794714,3.1351901679877825,3.7801058461075133e-10,2.745567045889513e-10,0.1942731621782306,0.0
NGC4419,SB(s)a;LINER HII,SHIVir,68.54572599794714,3.4269507672169297,3.483886818511932e-10,2.5286920838161573e-10,0.17017136895339344,0.0
NGC4419,SB(s)a;LINER HII,SHIVir,68.54572599794714,3.7384917460548324,2.767510385234923e-10,2.271423994839515e-10,0.1482592816519632,0.0
NGC4419,SB(s)a;LINER HII,SHIVir,68.54572599794714,4.050032724892735,1.8162353632908625e-10,1.9759850192969425e-10,0.13747680926010303,0.0
NGC4419,SB(s)a;LINER HII,SHIVir,68.54572599794714,4.292342375099993,1.8023141959780576e-10,1.8485398424613807e-10,0.1682920034760209,0.0
NGC4475,SAbc,Courteau97,52.85691502393363,0.472425801759872,7.483139323155053e-10,4.0133484608389256e-11,0.6224674264595653,0.0
NGC4475,SAbc,Courteau97,52.85691502393363,3.958832779191816,3.6313291885665425e-10,9.490025621283597e-11,0.3983484445275646,0.0
NGC4475,SAbc,Courteau97,52.85691502393363,5.061159649964851,2.8364295864435093e-10,6.441118920903683e-11,0.4590038513295085,0.0
NGC4475,SAbc,Courteau97,52.85691502393363,6.208915749351562,2.422225882141763e-10,5.90746525208143e-11,0.3646832075755589,0.0
NGC4475,SAbc,Courteau97,52.85691502393363,7.146195814769027,1.875963846087849e-10,5.91479131048987e-11,0.4124351415187315,0.0
NGC4475,SAbc,Courteau97,52.85691502393363,8.60864794317989,1.3631846950083027e-10,5.754521835785268e-11,0.3424337870628644,0.0
NGC4475,SAbc,Courteau97,52.85691502393363,9.62794240031028,1.4477447064931232e-10,3.958018084691178e-11,0.4381400548430827,0.0
NGC4475,SAbc,Courteau97,52.85691502393363,10.257843469323442,1.2371098414840267e-10,5.915873668920159e-11,0.24328484180743942,0.0
NGC4475,SAbc,Courteau97,52.85691502393363,17.772754101762295,6.531387956300455e-11,2.4888456182134296e-11,0.15209134555694215,0.0
NGC4475,SAbc,Courteau97,52.85691502393363,20.021310039027465,6.944431235324359e-11,2.8052541267443276e-11,0.11650416741232805,0.0
NGC4475,SAbc,Courteau97,52.85691502393363,20.831910000565614,6.540313351655093e-11,1.5749216825425633e-11,0.3150073223806618,0.0
NGC4475,SAbc,Courteau97,52.85691502393363,21.867111050347855,6.125800007990221e-11,2.6774843956796605e-11,0.06216960606356921,0.0
NGC4475,SAbc,Courteau97,52.85691502393363,22.497012119361013,7.901737677007067e-11,1.8873832988271242e-11,0.1221244797140292,0.0
NGC4480,SAB(s)c;Sy LINER,Courteau97/Mathewson96,61.56519905354812,0.3050184878190677,5.662641541978403e-10,4.575244493506162e-11,0.4518490243161172,0.0
NGC4480,SAB(s)c;Sy LINER,Courteau97/Mathewson96,61.56519905354812,0.7652972036854621,3.5773373184259634e-10,8.434531267705096e-11,0.48358923337084064,0.0
NGC4480,SAB(s)c;Sy LINER,Courteau97/Mathewson96,61.56519905354812,1.228155319613119,2.8234393616619457e-10,8.877013867616382e-11,0.496059686378933,0.0
NGC4480,SAB(s)c;Sy LINER,Courteau97/Mathewson96,61.56519905354812,1.6910134355407762,2.843324918918967e-10,8.876161672274646e-11,0.48070446736067846,0.0
NGC4480,SAB(s)c;Sy LINER,Courteau97/Mathewson96,61.56519905354812,2.1689032832433126,2.937036372741756e-10,8.896422001880469e-11,0.4791972671145888,0.0
NGC4480,SAB(s)c;Sy LINER,Courteau97/Mathewson96,61.56519905354812,2.6317613991709696,2.3600230101389365e-10,8.742845884002576e-11,0.46621892861062997,0.0
NGC4480,SAB(s)c;Sy LINER,Courteau97/Mathewson96,61.56519905354812,3.1396824880614744,2.100762006722979e-10,8.625517260452625e-11,0.4367077589325478,0.0
NGC4480,SAB(s)c;Sy LINER,Courteau97/Mathewson96,61.56519905354812,3.6583980681515174,1.9834264383600006e-10,7.405643864452725e-11,0.4450777092085588,0.0
NGC4480,SAB(s)c;Sy LINER,Courteau97/Mathewson96,61.56519905354812,4.147324074767014,1.8467358783863014e-10,8.222944418218176e-11,0.3773790924751478,0.0
NGC4480,SAB(s)c;Sy LINER,Courteau97/Mathewson96,61.56519905354812,4.62521392246955,1.7757355992298183e-10,7.994597765389061e-11,0.37718316437031707,0.0
NGC4480,SAB(s)c;Sy LINER,Courteau97/Mathewson96,61.56519905354812,5.088072038397208,1.5779884527660864e-10,7.533476222799479e-11,0.3720925749423491,0.0
NGC4480,SAB(s)c;Sy LINER,Courteau97/Mathewson96,61.56519905354812,5.550930154324865,1.5008639088210788e-10,7.465413925199154e-11,0.3355071929660597,0.0
NGC4480,SAB(s)c;Sy LINER,Courteau97/Mathewson96,61.56519905354812,6.028820002027401,1.4314786899894774e-10,6.70530718133392e-11,0.3055284690024612,0.0
NGC4480,SAB(s)c;Sy LINER,Courteau97/Mathewson96,61.56519905354812,6.559418197688187,1.1891547960560816e-10,5.266817184803086e-11,0.3472525988479206,0.0
NGC4480,SAB(s)c;Sy LINER,Courteau97/Mathewson96,61.56519905354812,7.059345507296439,8.503440321533373e-11,4.489621565125499e-11,0.4479311000039859,0.0
NGC4480,SAB(s)c;Sy LINER,Courteau97/Mathewson96,61.56519905354812,7.550869039051706,9.25942858187518e-11,5.7781690105986406e-11,0.30466858813187314,0.0
NGC4480,SAB(s)c;Sy LINER,Courteau97/Mathewson96,61.56519905354812,7.995344297578359,1.0664437182998384e-10,5.012877465696301e-11,0.25201374589415615,0.0
NGC4480,SAB(s)c;Sy LINER,Courteau97/Mathewson96,61.56519905354812,8.475216894609686,9.712462392206669e-11,3.7479134479960565e-11,0.41056246583270994,0.0
NGC4480,SAB(s)c;Sy LINER,Courteau97/Mathewson96,61.56519905354812,8.954112796052543,1.1059657063472948e-10,4.9680841605883294e-11,0.2582863380157741,0.0
NGC4480,SAB(s)c;Sy LINER,Courteau97/Mathewson96,61.56519905354812,9.377364616973312,9.992915086889445e-11,2.7182323858819702e-11,0.4844772333792008,0.0
NGC4480,SAB(s)c;Sy LINER,Courteau97/Mathewson96,61.56519905354812,9.702604247933483,9.433609748043731e-11,3.8823189260458884e-11,0.2747023940842603,0.0
NGC4498,SAB(s)d HII,SHIVir,60.142182508916754,0.18471383899352772,7.951441570334023e-12,1.8414863462963525e-11,0.2699446969207773,0.0
NGC4498,SAB(s)d HII,SHIVir,60.142182508916754,0.5544324049160061,2.192760482628045e-11,4.8846963057769295e-11,0.41896216723886576,0.0
NGC4498,SAB(s)d HII,SHIVir,60.142182508916754,0.907134026616246,1.536406005933965e-11,6.024419053385396e-11,0.3933113196947685,0.0
NGC4498,SAB(s)d HII,SHIVir,60.142182508916754,1.2598356483164859,2.0677455862148753e-11,6.112459541836362e-11,0.3641304113348913,0.0
NGC4498,SAB(s)d HII,SHIVir,60.142182508916754,1.6295542142389643,4.226973509494844e-11,5.8107607419040103e-11,0.38195226553979056,0.0
NGC4498,SAB(s)d HII,SHIVir,60.142182508916754,1.9989818922260199,5.8163591082545175e-11,5.84364712218691e-11,0.3358140971143458,0.0
NGC4498,SAB(s)d HII,SHIVir,60.142182508916754,2.351828957893971,6.643391638894732e-11,6.200921682623701e-11,0.29913561097742086,0.0
NGC4498,SAB(s)d HII,SHIVir,60.142182508916754,2.7046760235619227,6.782476174377561e-11,6.131867711447689e-11,0.19760626733781742,0.0
NGC4498,SAB(s)d HII,SHIVir,60.142182508916754,3.074103701548978,7.37693318749486e-11,5.589065860907904e-11,0.23033142265205636,0.0
NGC4498,SAB(s)d HII,SHIVir,60.142182508916754,3.4304705112355465,7.213495924212246e-11,4.85327626369829e-11,0.23251175247432287,0.0
NGC4498,SAB(s)d HII,SHIVir,60.142182508916754,3.8513199040069814,6.510890965198489e-11,4.102823804184516e-11,0.2247162123751136,0.0
NGC4498,SAB(s)d HII,SHIVir,60.142182508916754,4.136899134608392,6.642873320053439e-11,3.9704054111376144e-11,0.20406938344004494,0.0
NGC4498,SAB(s)d HII,SHIVir,60.142182508916754,4.541536373112258,6.059832826233089e-11,3.599817241730544e-11,0.18030658439313454,0.0
NGC4498,SAB(s)d HII,SHIVir,60.142182508916754,4.8548469202239835,6.381158450219035e-11,3.380942327257767e-11,0.12883011286598853,0.0
NGC4498,SAB(s)d HII,SHIVir,60.142182508916754,5.158024870918479,6.48639525054778e-11,2.7901612145232855e-11,0.17584423015027173,0.0
NGC4498,SAB(s)d HII,SHIVir,60.142182508916754,6.8379026979856015,4.2033610736631476e-11,1.7290726630916288e-11,0.1309629903471506,0.0
NGC4498,SAB(s)d HII,SHIVir,60.142182508916754,7.039488037233656,3.783676458893907e-11,1.761849498830205e-11,0.05649420353290668,0.0
NGC4498,SAB(s)d HII,SHIVir,60.142182508916754,7.24107337648171,5.788242253570259e-11,1.734791262980751e-11,0.07155260513252464,0.0
NGC4502,Scd: HII,SHIVir,61.10164957969226,0.19303323394662208,6.84667905779897e-11,6.451359081946207e-12,0.3963395167550156,0.0
NGC4502,Scd: HII,SHIVir,61.10164957969226,0.5147552905243256,9.51189713401414e-11,1.5185286656357193e-11,0.4824780581573563,0.0
NGC4502,Scd: HII,SHIVir,61.10164957969226,0.8364773471020289,8.028424195739345e-11,2.0102989578094613e-11,0.4572420970120493,0.0
NGC4502,Scd: HII,SHIVir,61.10164957969226,1.1943548347998934,9.597473982252061e-11,2.398104250180874e-11,0.42539589947857753,0.0
NGC4502,Scd: HII,SHIVir,61.10164957969226,1.5081104404528156,8.534373239572884e-11,2.708543878766058e-11,0.3784443759220849,0.0
NGC4502,Scd: HII,SHIVir,61.10164957969226,1.8659879281506797,9.062481287614274e-11,2.848663091628721e-11,0.33228128164651444,0.0
NGC4502,Scd: HII,SHIVir,61.10164957969226,2.187709984728383,8.484208202341144e-11,2.7715946557047327e-11,0.2630753290184038,0.0
NGC4502,Scd: HII,SHIVir,61.10164957969226,2.509432041306087,7.73453308343614e-11,2.6763230339628656e-11,0.27622647352014296,0.0
NGC4502,Scd: HII,SHIVir,61.10164957969226,2.8673095290039514,6.357620817603446e-11,2.430666431164702e-11,0.23836396027757673,0.0
NGC4502,Scd: HII,SHIVir,61.10164957969226,3.1810651346568735,6.77597896552684e-11,2.2398162507181492e-11,0.2070872451832903,0.0
NGC4502,Scd: HII,SHIVir,61.10164957969226,3.5389426223547376,7.272876324004073e-11,2.0681948271606014e-11,0.14935217333993842,0.0
NGC4502,Scd: HII,SHIVir,61.10164957969226,3.8968201100526016,6.743790425610221e-11,1.899546611719387e-11,0.14808949467510907,0.0
NGC4502,Scd: HII,SHIVir,61.10164957969226,4.1823867355101445,6.408694895972068e-11,1.6912973622550598e-11,0.17896359245572335,0.0
NGC4502,Scd: HII,SHIVir,61.10164957969226,4.556197125057571,2.634664802883684e-11,1.565913208791716e-11,0.15366565583971514,0.0
NGC4502,Scd: HII,SHIVir,61.10164957969226,4.813574770319734,3.2118617176838605e-11,1.556646691142429e-11,0.09648929802145689,0.0
NGC4502,Scd: HII,SHIVir,61.10164957969226,6.615218287154874,3.971234969510365e-11,8.150872955775847e-12,0.046586506043035845,0.0
NGC4502,Scd: HII,SHIVir,61.10164957969226,6.7439071097859555,4.057041857959546e-11,7.61990500943266e-12,0.05159578890651604,0.0
NGC4519,SB(rs)d HII,SHIVir,44.525643277001606,0.31072472966153425,3.158439877820109e-11,6.070177857599994e-11,0.30755200532501287,0.0
NGC4519,SB(rs)d HII,SHIVir,44.525643277001606,0.9346246994708924,1.2472614230628588e-10,1.0982549255630642e-10,0.32735902221114616,0.0
NGC4519,SB(rs)d HII,SHIVir,44.525643277001606,1.5560741587939608,1.2323628969977534e-10,9.478567846970394e-11,0.321569860849722,0.0
NGC4519,SB(rs)d HII,SHIVir,44.525643277001606,2.1510581048651005,9.756782200079775e-11,7.791123531097723e-11,0.339330592056589,0.0
NGC4519,SB(rs)d HII,SHIVir,44.525643277001606,2.689571398174409,9.048304262170512e-11,6.612285869510242e-11,0.35788636287088144,0.0
NGC4519,SB(rs)d HII,SHIVir,44.525643277001606,4.054124548517683,4.2703948586589e-11,4.724529372637391e-11,0.34197309926352654,0.0
NGC4519,SB(rs)d HII,SHIVir,44.525643277001606,4.450372094150728,6.075228540734567e-11,4.2624258815085564e-11,0.3501741787926238,0.0
NGC4519,SB(rs)d HII,SHIVir,44.525643277001606,5.271170581533464,4.151759560670006e-11,3.714261899745448e-11,0.3517601845377769,0.0
NGC4519,SB(rs)d HII,SHIVir,44.525643277001606,5.990615955203258,3.727392898918477e-11,2.926752118560001e-11,0.3534137575998404,0.0
NGC4519,SB(rs)d HII,SHIVir,44.525643277001606,6.474738806874652,3.047507355413115e-11,2.703394522768777e-11,0.3836538246822785,0.0
NGC4519,SB(rs)d HII,SHIVir,44.525643277001606,6.870986352507696,1.6235996739915387e-11,3.500460486150382e-11,0.24228347910774684,0.0
NGC4519,SB(rs)d HII,SHIVir,44.525643277001606,7.790172835914963,3.7754986056034987e-11,2.5189365385216096e-11,0.3069440383711996,0.0
NGC4519,SB(rs)d HII,SHIVir,44.525643277001606,12.092289045645163,1.5453249091344386e-11,1.5008603062150403e-11,0.043192663571271696,0.0
NGC4522,SB(s)cd: sp HII,SHIVir,78.98022109815474,0.14905097811068285,5.5327945826806547e-11,8.984160629464329e-12,0.21712472158781243,0.0
NGC4522,SB(s)cd: sp HII,SHIVir,78.98022109815474,0.44715293433204856,8.878018222646417e-11,2.608705621366325e-11,0.4340563301566309,0.0
NGC4522,SB(s)cd: sp HII,SHIVir,78.98022109815474,0.7452548905534142,1.1866015552431443e-10,3.5334461473925577e-11,0.40981034742860917,0.0
NGC4522,SB(s)cd: sp HII,SHIVir,78.98022109815474,1.04335684677478,1.03141752014785e-10,3.551527480963843e-11,0.3946937405366022,0.0
NGC4522,SB(s)cd: sp HII,SHIVir,78.98022109815474,1.3414588029961456,1.0007499456177508e-10,3.695984458661113e-11,0.39623178962254263,0.0
NGC4522,SB(s)cd: sp HII,SHIVir,78.98022109815474,1.6395607592175114,1.1281578739772123e-10,3.503813303842598e-11,0.39746507508787365,0.0
NGC4522,SB(s)cd: sp HII,SHIVir,78.98022109815474,1.937662715438877,9.996533614638786e-11,3.374753885467916e-11,0.4014833624653924,0.0
NGC4522,SB(s)cd: sp HII,SHIVir,78.98022109815474,2.2357646716602426,9.048925590545702e-11,3.653588482835018e-11,0.29992024831465125,0.0
NGC4522,SB(s)cd: sp HII,SHIVir,78.98022109815474,2.5338666278816087,6.413146766822477e-11,3.848411525343254e-11,0.28366051525074076,0.0
NGC4522,SB(s)cd: sp HII,SHIVir,78.98022109815474,2.850501377677583,4.459972257595408e-11,3.412650379001952e-11,0.2965463501303109,0.0
NGC4522,SB(s)cd: sp HII,SHIVir,78.98022109815474,3.1673332848520106,6.472179580812176e-11,2.847919916000675e-11,0.3274453197571941,0.0
NGC4522,SB(s)cd: sp HII,SHIVir,78.98022109815474,3.4654352410733766,6.95595290740017e-11,2.6279166111058525e-11,0.33066629925177965,0.0
NGC4522,SB(s)cd: sp HII,SHIVir,78.98022109815474,3.7635371972947422,6.269241905497723e-11,2.5766351095083376e-11,0.3073460407193752,0.0
NGC4522,SB(s)cd: sp HII,SHIVir,78.98022109815474,3.9693695003999707,5.5449085432812764e-11,2.3809570233101106e-11,0.25303032388422164,0.0
NGC4522,SB(s)cd: sp HII,SHIVir,78.98022109815474,4.677361646425714,4.587155171245266e-11,2.0418064318422766e-11,0.29574191656703885,0.0
NGC4535,SAB(s)c;LINER HII,SHIVir,49.87929651918603,0.3700723668299811,5.511642944661373e-10,3.946001373556659e-10,0.0867406883757124,0.0
NGC4535,SAB(s)c;LINER HII,SHIVir,49.87929651918603,0.8234310231983129,6.073801118399798e-10,3.308247213436329e-10,0.21022943692167725,0.0
NGC4535,SAB(s)c;LINER HII,SHIVir,49.87929651918603,1.9811504617845976,1.1533095646765285e-10,1.186868379796287e-10,0.4515634238475816,0.0
NGC4535,SAB(s)c;LINER HII,SHIVir,49.87929651918603,3.68454657843066,8.512949428757234e-11,1.144730276314047e-10,0.3057138185734413,0.0
NGC4535,SAB(s)c;LINER HII,SHIVir,49.87929651918603,4.257261290087993,1.0803408599002592e-10,9.132451378582678e-11,0.42294282622771734,0.0
NGC4535,SAB(s)c;LINER HII,SHIVir,49.87929651918603,4.689323604747938,1.2853198155896437e-10,7.281385636916821e-11,0.4861972692691788,0.0
NGC4535,SAB(s)c;LINER HII,SHIVir,49.87929651918603,5.301912588175406,1.0360344719442678e-10,5.550416221331852e-11,0.5385246143393365,0.0
NGC4535,SAB(s)c;LINER HII,SHIVir,49.87929651918603,7.247962766344266,9.733739128480849e-11,8.10663324752032e-11,0.28113452515439974,0.0
NGC4535,SAB(s)c;LINER HII,SHIVir,49.87929651918603,7.6995189960210695,9.511596746205737e-11,4.587689513250917e-11,0.5302291679243089,0.0
NGC4535,SAB(s)c;LINER HII,SHIVir,49.87929651918603,8.617758708457567,1.0531950674650108e-10,4.891591919491832e-11,0.4040300367799902,0.0
NGC4535,SAB(s)c;LINER HII,SHIVir,49.87929651918603,14.644782197658351,5.061465680567063e-11,3.47460144347056e-11,0.15504073175400565,0.0
NGC4540,SAB(rs)cd;LINERSy1,SHIVir,39.09331825810646,0.14966184277507089,4.251327693292876e-12,3.177606116338149e-11,0.05793868277722787,0.0
NGC4540,SAB(rs)cd;LINERSy1,SHIVir,39.09331825810646,0.4489855283252127,3.104022981687845e-11,7.749739141622059e-11,0.39111771758543,0.0
NGC4540,SAB(rs)cd;LINERSy1,SHIVir,39.09331825810646,0.7372627445276707,1.1644184140270586e-10,1.0079319367315821e-10,0.3704821230102537,0.0
NGC4540,SAB(rs)cd;LINERSy1,SHIVir,39.09331825810646,1.0216202458003054,1.9472940204488645e-10,1.1339932722238691e-10,0.30718856893762436,0.0
NGC4540,SAB(rs)cd;LINERSy1,SHIVir,39.09331825810646,1.3274767895668191,9.032752280733557e-11,1.2702287747684663e-10,0.2592468993699757,0.0
NGC4540,SAB(rs)cd;LINERSy1,SHIVir,39.09331825810646,1.6320267616900588,8.760386034075163e-11,1.3010473976129955e-10,0.19329631197013353,0.0
NGC4540,SAB(rs)cd;LINERSy1,SHIVir,39.09331825810646,1.9361016168521077,1.2198512431535347e-10,1.2091393918271376e-10,0.1794329040041777,0.0
NGC4540,SAB(rs)cd;LINERSy1,SHIVir,39.09331825810646,2.2306741327903423,1.1770661399825291e-10,1.0778781693586182e-10,0.16575471418931587,0.0
NGC4540,SAB(rs)cd;LINERSy1,SHIVir,39.09331825810646,2.529997818340484,1.1304609740380865e-10,9.105951260415494e-11,0.1698211128246752,0.0
NGC4540,SAB(rs)cd;LINERSy1,SHIVir,39.09331825810646,2.8293215038906263,9.691469623825767e-11,7.549032794130645e-11,0.17483175938484252,0.0
NGC4540,SAB(rs)cd;LINERSy1,SHIVir,39.09331825810646,3.1286451894407676,1.3018263700524159e-10,6.538772754174167e-11,0.16895637486155113,0.0
NGC4540,SAB(rs)cd;LINERSy1,SHIVir,39.09331825810646,3.42796887499091,1.2238562250431813e-10,5.898047819660533e-11,0.15961559998433816,0.0
NGC4540,SAB(rs)cd;LINERSy1,SHIVir,39.09331825810646,3.7073376481710416,1.0129990558384103e-10,5.449753584837076e-11,0.14699599051631515,0.0
NGC4540,SAB(rs)cd;LINERSy1,SHIVir,39.09331825810646,4.026616246091193,1.0982548223881292e-10,4.901765475632087e-11,0.12741724630029733,0.0
NGC4540,SAB(rs)cd;LINERSy1,SHIVir,39.09331825810646,4.325939931641335,1.237369857576623e-10,4.3702374410012694e-11,0.1013870975252524,0.0
NGC4540,SAB(rs)cd;LINERSy1,SHIVir,39.09331825810646,4.625263617191477,1.0960308103291657e-10,3.688712027532406e-11,0.11783272418315248,0.0
NGC4576,SAB(rs)bc:,Mathewson96,55.79385172611987,0.034994350956294086,8.264230007249131e-11,6.826372728834013e-13,0.0,0.0
NGC4576,SAB(rs)bc:,Mathewson96,55.79385172611987,0.7348813700821758,1.0391777315662971e-11,3.375841035988868e-11,0.6694802860134499,0.0
NGC4576,SAB(rs)bc:,Mathewson96,55.79385172611987,1.3997740382517634,2.0169873200738344e-10,5.469613353007202e-11,0.6077904293598564,0.0
NGC4576,SAB(rs)bc:,Mathewson96,55.79385172611987,2.099661057377645,1.462124358507132e-10,6.74325911582673e-11,0.5403008861133605,0.0
NGC4576,SAB(rs)bc:,Mathewson96,55.79385172611987,2.7645537255472328,1.425543745227201e-10,7.34657233438332e-11,0.504907674108795,0.0
NGC4576,SAB(rs)bc:,Mathewson96,55.79385172611987,2.8345424274598208,1.7144716433879256e-10,7.429265165618316e-11,0.4658380974133542,0.0
NGC4576,SAB(rs)bc:,Mathewson96,55.79385172611987,3.4994350956294085,1.7771383698341313e-10,7.162414048469031e-11,0.46852039259245293,0.0
NGC4576,SAB(rs)bc:,Mathewson96,55.79385172611987,4.19932211475529,1.5239280768707527e-10,6.811986668069001e-11,0.43244285340390654,0.0
NGC4576,SAB(rs)bc:,Mathewson96,55.79385172611987,4.899209133881172,9.111535015338751e-11,5.818992224016346e-11,0.5110372227897932,0.0
NGC4576,SAB(rs)bc:,Mathewson96,55.79385172611987,5.564101802050759,8.97913932058702e-11,6.40702821147862e-11,0.34010994679098355,0.0
NGC4576,SAB(rs)bc:,Mathewson96,55.79385172611987,5.634090503963348,1.119048086131972e-10,7.713352919662824e-11,0.3187662360352946,0.0
NGC4576,SAB(rs)bc:,Mathewson96,55.79385172611987,6.298983172132935,1.0410118077495441e-10,8.136400716760156e-11,0.2858754580104452,0.0
NGC4576,SAB(rs)bc:,Mathewson96,55.79385172611987,6.998870191258817,9.75323761963475e-11,6.926062058294072e-11,0.2986378426809369,0.0
NGC4576,SAB(rs)bc:,Mathewson96,55.79385172611987,7.698757210384699,1.0600890823132684e-10,6.209457191037845e-11,0.2883841954517235,0.0
NGC4576,SAB(rs)bc:,Mathewson96,55.79385172611987,8.363649878554286,9.945009019365018e-11,6.249676370079248e-11,0.2372664790395451,0.0
NGC4576,SAB(rs)bc:,Mathewson96,55.79385172611987,8.433638580466875,1.2630192744619322e-10,5.802059438876106e-11,0.2660508522673012,0.0
NGC4576,SAB(rs)bc:,Mathewson96,55.79385172611987,9.098531248636462,1.0734573472907274e-10,6.176302609088663e-11,0.1782113516593078,0.0
NGC4576,SAB(rs)bc:,Mathewson96,55.79385172611987,9.798418267762344,1.1778592570524184e-10,3.2432710086217435e-11,0.3840222790531122,0.0
NGC4576,SAB(rs)bc:,Mathewson96,55.79385172611987,10.463310935931931,1.0048008454181663e-10,3.8985577244179935e-11,0.27997908023443924,0.0
NGC4576,SAB(rs)bc:,Mathewson96,55.79385172611987,11.163197955057813,1.1714827877919298e-10,4.881278879167719e-11,0.11970757392614137,0.0
NGC4588,Sc(s)I-II,Courteau97/Mathewson96,71.8428862194072,0.26094288900201196,1.9020190246009452e-11,3.214883493260094e-12,0.7146507757124912,0.0
NGC4588,Sc(s)I-II,Courteau97/Mathewson96,71.8428862194072,0.8093102551849043,5.94600321561901e-11,9.46240040205772e-12,0.6823672388508089,0.0
NGC4588,Sc(s)I-II,Courteau97/Mathewson96,71.8428862194072,1.2825512437883304,5.993681183947936e-11,1.384993573953225e-11,0.6225534855725507,0.0
NGC4588,Sc(s)I-II,Courteau97/Mathewson96,71.8428862194072,1.752045111870652,8.496003617592705e-11,1.7035786652550847e-11,0.5733985243285971,0.0
NGC4588,Sc(s)I-II,Courteau97/Mathewson96,71.8428862194072,2.3484860010181077,8.56233868093086e-11,1.959150626511202e-11,0.5228913365788542,0.0
NGC4588,Sc(s)I-II,Courteau97/Mathewson96,71.8428862194072,2.9449268901655636,7.064919386919071e-11,1.8080187952926188e-11,0.5180229644782705,0.0
NGC4588,Sc(s)I-II,Courteau97/Mathewson96,71.8428862194072,3.3549800014544395,8.026719898945905e-11,1.9743002146010903e-11,0.46612987858602617,0.0
NGC4588,Sc(s)I-II,Courteau97/Mathewson96,71.8428862194072,3.8158661430683827,1.0398646918674908e-10,1.890684321625554e-11,0.48922574577563127,0.0
NGC4588,Sc(s)I-II,Courteau97/Mathewson96,71.8428862194072,4.395846812872484,8.616651111813481e-11,1.747820424760715e-11,0.41943771653754136,0.0
NGC4588,Sc(s)I-II,Courteau97/Mathewson96,71.8428862194072,4.957914891038228,7.561182545575758e-11,2.1198751377986396e-11,0.3680988774015507,0.0
NGC4588,Sc(s)I-II,Courteau97/Mathewson96,71.8428862194072,5.470594242438934,7.053807688748236e-11,2.0718958368640132e-11,0.35109936203732384,0.0
NGC4588,Sc(s)I-II,Courteau97/Mathewson96,71.8428862194072,5.979523245824547,4.9094634967404317e-11,2.0012477369931086e-11,0.32236776999164846,0.0
NGC4588,Sc(s)I-II,Courteau97/Mathewson96,71.8428862194072,6.416568696216032,3.703079098243057e-11,1.3083795762030656e-11,0.4287746404867073,0.0
NGC4588,Sc(s)I-II,Courteau97/Mathewson96,71.8428862194072,6.998974020879289,5.3838855480037133e-11,1.0755090473126506e-11,0.5088324779479545,0.0
NGC4588,Sc(s)I-II,Courteau97/Mathewson96,71.8428862194072,7.563785468935592,8.078610970897686e-11,1.180610111529403e-11,0.46122215920329473,0.0
NGC4588,Sc(s)I-II,Courteau97/Mathewson96,71.8428862194072,8.051952003490655,6.880166328761959e-11,1.7875140503275277e-11,0.2565843956093789,0.0
NGC4588,Sc(s)I-II,Courteau97/Mathewson96,71.8428862194072,8.532917192083,7.548893800565569e-11,1.0002604892363375e-11,0.42348725607298415,0.0
NGC4588,Sc(s)I-II,Courteau97/Mathewson96,71.8428862194072,9.153334327200445,8.072293359109344e-11,1.101342707548003e-11,0.378317802492293,0.0
NGC4588,Sc(s)I-II,Courteau97/Mathewson96,71.8428862194072,9.600664994061038,8.954051778938432e-11,1.650184293748482e-11,0.15417315160949366,0.0
NGC4588,Sc(s)I-II,Courteau97/Mathewson96,71.8428862194072,10.15982832763678,1.049851835295235e-10,8.956328041986918e-12,0.38564110027914017,0.0
NGC4595,SAB(rs)b? HII,SHIVir,48.24956133825338,0.14660751945313066,2.4782207224980717e-11,2.7124666128510506e-11,0.0,0.0
NGC4595,SAB(rs)b? HII,SHIVir,48.24956133825338,0.439822558359392,1.1281935454066092e-10,6.658983208227365e-11,0.28958947311649985,0.0
NGC4595,SAB(rs)b? HII,SHIVir,48.24956133825338,0.7330375972656533,1.356956780960988e-10,8.6200525780786e-11,0.2485755548066912,0.0
NGC4595,SAB(rs)b? HII,SHIVir,48.24956133825338,1.0262526361719146,1.3522928048911705e-10,8.814362803014706e-11,0.24432550557963004,0.0
NGC4595,SAB(rs)b? HII,SHIVir,48.24956133825338,1.359183574527913,1.083868900873089e-10,8.204298669732445e-11,0.21793456592800428,0.0
NGC4595,SAB(rs)b? HII,SHIVir,48.24956133825338,1.6475892662351825,1.196641312331037e-10,7.399913302907986e-11,0.19920360658736638,0.0
NGC4595,SAB(rs)b? HII,SHIVir,48.24956133825338,1.97012580903207,9.900739895596034e-11,6.493057822136639e-11,0.17318680962960642,0.0
NGC4595,SAB(rs)b? HII,SHIVir,48.24956133825338,2.2633408479383315,8.515411450664475e-11,5.780313820037409e-11,0.15546802230613707,0.0
NGC4595,SAB(rs)b? HII,SHIVir,48.24956133825338,2.556555886844593,8.493002386138651e-11,5.0711279383587755e-11,0.11771495140189692,0.0
NGC4595,SAB(rs)b? HII,SHIVir,48.24956133825338,2.849770925750854,8.825271024142602e-11,4.4792179547271565e-11,0.07932011292866158,0.0
NGC4606,SB(s)a:;Sy LINER,SHIVir,67.87730749353655,0.1740964293505927,4.264373438402177e-11,5.2264445949065885e-11,0.0,0.0
NGC4606,SB(s)a:;Sy LINER,SHIVir,67.87730749353655,0.45265071631154097,1.2255884187446767e-10,9.637258655837656e-11,0.223441913196938,0.0
NGC4606,SB(s)a:;Sy LINER,SHIVir,67.87730749353655,0.7312050032724893,1.4173359050220803e-10,1.1400910738175193e-10,0.21179131897304918,0.0
NGC4606,SB(s)a:;Sy LINER,SHIVir,67.87730749353655,1.044578576103556,1.8138913367882615e-10,1.0026973101451443e-10,0.2554393304627966,0.0
NGC4606,SB(s)a:;Sy LINER,SHIVir,67.87730749353655,1.3231328630645045,1.163809253273833e-10,8.484264734291028e-11,0.28943611888652887,0.0
NGC4606,SB(s)a:;Sy LINER,SHIVir,67.87730749353655,1.7409642935059269,5.937281969290502e-11,6.927877778343142e-11,0.27770683330490226,0.0
NGC4606,SB(s)a:;Sy LINER,SHIVir,67.87730749353655,1.8106028652461639,1.3182273885187292e-10,6.727344715586417e-11,0.31468795784678766,0.0
NGC4632,SAc HII,Mathewson96,70.1707331978424,0.19565510354802482,5.5068786307244245e-11,2.0471972274413678e-11,0.4490307073966722,0.0
NGC4632,SAc HII,Mathewson96,70.1707331978424,0.7333362664533489,9.019548804423884e-11,6.520846010416328e-11,0.5090590384784195,0.0
NGC4632,SAc HII,Mathewson96,70.1707331978424,1.173338026325358,1.0832325430290519e-10,8.210367786316694e-11,0.47637684342869435,0.0
NGC4632,SAc HII,Mathewson96,70.1707331978424,1.6133397861973675,7.890691402008394e-11,8.427889832332068e-11,0.48103144102006906,0.0
NGC4632,SAc HII,Mathewson96,70.1707331978424,2.200008799360047,7.74842617199764e-11,8.424893582236844e-11,0.4632878809558503,0.0
NGC4632,SAc HII,Mathewson96,70.1707331978424,2.6400105592320564,7.357299541217062e-11,8.814402413592443e-11,0.41929920394541426,0.0
NGC4632,SAc HII,Mathewson96,70.1707331978424,3.0800123191040654,5.256671047754058e-11,7.88283688673941e-11,0.3982949533863282,0.0
NGC4632,SAc HII,Mathewson96,70.1707331978424,3.6666813322667444,4.5476462499802075e-11,6.407446968678602e-11,0.46489809546304317,0.0
NGC4632,SAc HII,Mathewson96,70.1707331978424,4.106683092138754,4.492528830335424e-11,6.268377253410711e-11,0.4089118470355614,0.0
NGC4632,SAc HII,Mathewson96,70.1707331978424,4.546684852010763,5.206116729853984e-11,6.335014836645354e-11,0.34770415525094556,0.0
NGC4632,SAc HII,Mathewson96,70.1707331978424,5.133353865173443,4.432404973439843e-11,6.896601840617733e-11,0.3555764087036968,0.0
NGC4632,SAc HII,Mathewson96,70.1707331978424,5.573355625045451,4.439097868657761e-11,6.606890263163081e-11,0.31673392615534685,0.0
NGC4632,SAc HII,Mathewson96,70.1707331978424,6.013357384917461,4.7246702029170196e-11,4.82457406802455e-11,0.3920428740773202,0.0
NGC4632,SAc HII,Mathewson96,70.1707331978424,6.60002639808014,4.329030803240394e-11,4.4539101909787244e-11,0.39837740019351403,0.0
NGC4632,SAc HII,Mathewson96,70.1707331978424,7.04002815795215,4.202721386691494e-11,5.118615075315801e-11,0.35649303604972843,0.0
NGC4632,SAc HII,Mathewson96,70.1707331978424,7.480029917824159,4.775094247631373e-11,6.489841277662184e-11,0.20209840857792039,0.0
NGC4632,SAc HII,Mathewson96,70.1707331978424,8.066698930986838,4.172597958737876e-11,4.7124074295910746e-11,0.17276407139212208,0.0
NGC4632,SAc HII,Mathewson96,70.1707331978424,8.506700690858846,4.1259755091656506e-11,4.292910206317288e-11,0.2935153846896766,0.0
NGC4632,SAc HII,Mathewson96,70.1707331978424,8.897912132127765,3.9182529713455486e-11,4.4605116400187983e-11,0.16073329219254057,0.0
NGC4632,SAc HII,Mathewson96,70.1707331978424,9.387000508084261,5.30350882007132e-11,3.641823092312798e-11,0.2878838332707411,0.0
NGC4632,SAc HII,Mathewson96,70.1707331978424,9.680335014665602,4.441355756294386e-11,2.973681544407015e-11,0.322557065734378,0.0
NGC4633,SAB(s)dm: HII,SHIVir,70.54847924909878,0.21482074030979564,4.260968445926399e-12,3.7715618279308095e-12,0.4601744853432013,0.0
NGC4633,SAB(s)dm: HII,SHIVir,70.54847924909878,0.5585339248054687,1.3802520810795106e-11,9.781743366161612e-12,0.4770401991352917,0.0
NGC4633,SAB(s)dm: HII,SHIVir,70.54847924909878,0.9452112573631009,3.346152027071316e-11,1.3820596163022032e-11,0.4487401397672945,0.0
NGC4633,SAB(s)dm: HII,SHIVir,70.54847924909878,1.331888589920733,4.9081146240968694e-11,1.5037906875308436e-11,0.3932743910116072,0.0
NGC4633,SAB(s)dm: HII,SHIVir,70.54847924909878,1.7185659224783651,5.923287615090021e-11,1.4266046518515554e-11,0.4174673810391919,0.0
NGC4633,SAB(s)dm: HII,SHIVir,70.54847924909878,2.1052432550359974,6.070382686187447e-11,1.345230303020333e-11,0.4068661098057697,0.0
NGC4633,SAB(s)dm: HII,SHIVir,70.54847924909878,2.491920587593629,5.7569674778276144e-11,1.3083494403028341e-11,0.409345743073295,0.0
NGC4633,SAB(s)dm: HII,SHIVir,70.54847924909878,2.8785979201512615,4.126644943379037e-11,1.2784746577945124e-11,0.37134544405005593,0.0
NGC4633,SAB(s)dm: HII,SHIVir,70.54847924909878,3.2652752527088937,4.325154613741311e-11,1.1887469983846233e-11,0.3940739756230566,0.0
NGC4633,SAB(s)dm: HII,SHIVir,70.54847924909878,3.651952585266526,4.212714329447192e-11,1.0849862772094052e-11,0.40141776225238956,0.0
NGC4633,SAB(s)dm: HII,SHIVir,70.54847924909878,4.038629917824158,4.5613139021943616e-11,1.05530942485202e-11,0.3797457812583125,0.0
NGC4633,SAB(s)dm: HII,SHIVir,70.54847924909878,4.42530725038179,4.265005457516009e-11,1.0523352038466402e-11,0.3481989020553738,0.0
NGC4633,SAB(s)dm: HII,SHIVir,70.54847924909878,4.811984582939422,4.2164963899589045e-11,1.0927055138584592e-11,0.2926804376884768,0.0
NGC4633,SAB(s)dm: HII,SHIVir,70.54847924909878,5.192524180059631,4.7298081269810804e-11,1.1497275404146084e-11,0.21099835184633445,0.0
NGC4633,SAB(s)dm: HII,SHIVir,70.54847924909878,5.617562359101156,4.5297371385283264e-11,1.030790599370347e-11,0.1627798318552318,0.0
NGC4633,SAB(s)dm: HII,SHIVir,70.54847924909878,5.972016580612319,5.008928923559489e-11,8.108944169611208e-12,0.2583562164887376,0.0
NGC4633,SAB(s)dm: HII,SHIVir,70.54847924909878,6.330051147795312,2.9347420476018316e-11,9.035789205975193e-12,0.16396795288615035,0.0
NGC4633,SAB(s)dm: HII,SHIVir,70.54847924909878,6.702407097665624,7.026082213548105e-11,7.0854388237458014e-12,0.16538324228520013,0.0
NGC4633,SAB(s)dm: HII,SHIVir,70.54847924909878,7.132048578285215,3.356600573326778e-11,6.5027089545006995e-12,0.20360889747746555,0.0
NGC4633,SAB(s)dm: HII,SHIVir,70.54847924909878,7.518725910842848,3.000772693627019e-11,7.02383682625763e-12,0.10111830428822013,0.0
NGC4633,SAB(s)dm: HII,SHIVir,70.54847924909878,7.7335466511526425,3.8674943970893374e-11,6.2882168500524054e-12,0.13954902538728237,0.0
NGC4639,SAB(rs)bc Sy1.8,SHIVir,50.89949059035887,0.24366409715657042,3.121463302446511e-10,2.9149340295939905e-10,0.07677990931145892,0.0
NGC4639,SAB(rs)bc Sy1.8,SHIVir,50.89949059035887,0.6304996000290889,3.861954443942669e-10,4.322552261209265e-10,0.21228432945043726,0.0
NGC4639,SAB(rs)bc Sy1.8,SHIVir,50.89949059035887,1.5144683692425678,4.510381980355397e-10,2.507248470501769e-10,0.3164458432011044,0.0
NGC4639,SAB(rs)bc Sy1.8,SHIVir,50.89949059035887,2.130792401700929,4.2148161660450574e-10,2.067588129059908e-10,0.33448554730013325,0.0
NGC4639,SAB(rs)bc Sy1.8,SHIVir,50.89949059035887,2.6801687150025453,3.4069585449877437e-10,1.9929440570130078e-10,0.280667201179438,0.0
NGC4639,SAB(rs)bc Sy1.8,SHIVir,50.89949059035887,3.2450003636099196,2.3467418646206056e-10,1.9520549281159813e-10,0.20062321308877604,0.0
NGC4639,SAB(rs)bc Sy1.8,SHIVir,50.89949059035887,3.861916761784914,2.127371078045528e-10,1.6644397651798106e-10,0.14681093132594517,0.0
NGC4639,SAB(rs)bc Sy1.8,SHIVir,50.89949059035887,4.444040433423024,1.8002963103189021e-10,1.2853621280947658e-10,0.09173616786010749,0.0
NGC4639,SAB(rs)bc Sy1.8,SHIVir,50.89949059035887,5.000593258289349,1.494405066849365e-10,1.0487868877045332e-10,0.10313029343374143,0.0
NGC4639,SAB(rs)bc Sy1.8,SHIVir,50.89949059035887,5.522325649043705,1.6378323009348748e-10,8.488407508960868e-11,0.11706398730162794,0.0
NGC4639,SAB(rs)bc Sy1.8,SHIVir,50.89949059035887,7.541996945676678,1.0419252655887831e-10,4.871505833964833e-11,0.12806742830284032,0.0
NGC4639,SAB(rs)bc Sy1.8,SHIVir,50.89949059035887,8.051017777219508,1.2384637904148634e-10,4.8201702553985235e-11,0.06640432639550622,0.0
NGC4639,SAB(rs)bc Sy1.8,SHIVir,50.89949059035887,8.554068794996727,1.0017678355620976e-10,3.629713281704109e-11,0.13397895759274467,0.0
NGC4639,SAB(rs)bc Sy1.8,SHIVir,50.89949059035887,9.253145225801761,6.591437186425056e-11,3.308252436429156e-11,0.09452471902941736,0.0
NGC4639,SAB(rs)bc Sy1.8,SHIVir,50.89949059035887,9.518580466875138,6.551850949072632e-11,3.101330465772931e-11,0.06824383491187952,0.0
NGC4639,SAB(rs)bc Sy1.8,SHIVir,50.89949059035887,11.808232128572469,1.2042228341827958e-10,2.1600099970766653e-11,0.018233265724179198,0.0
NGC4689,SA(rs)bc;Sy LINER,SHIVir,40.827113186475366,0.14416406079557853,3.0713216409915785e-10,5.983434034371924e-11,0.0,0.0
NGC4689,SA(rs)bc;Sy LINER,SHIVir,40.827113186475366,0.45175219579990145,2.7581435128916977e-10,1.399623166871092e-10,0.2996972286944351,0.0
NGC4689,SA(rs)bc;Sy LINER,SHIVir,40.827113186475366,0.773642320962516,2.107962394425632e-10,1.529713415982519e-10,0.34358153207888953,0.0
NGC4689,SA(rs)bc;Sy LINER,SHIVir,40.827113186475366,1.0812304559668389,1.4242678508938996e-10,1.413328234086903e-10,0.3533462894680756,0.0
NGC4689,SA(rs)bc;Sy LINER,SHIVir,40.827113186475366,1.369558577557996,1.3775305575273542e-10,1.3154217704074958e-10,0.3718284837873742,0.0
NGC4689,SA(rs)bc;Sy LINER,SHIVir,40.827113186475366,1.657886699149153,1.236548423119028e-10,1.2144069302030473e-10,0.3784837161581523,0.0
NGC4689,SA(rs)bc;Sy LINER,SHIVir,40.827113186475366,1.965474834153476,1.2293533604453635e-10,1.1125453846068642e-10,0.3577535014216462,0.0
NGC4689,SA(rs)bc;Sy LINER,SHIVir,40.827113186475366,2.2873649593160903,9.707899921749131e-11,1.0296724614277523e-10,0.3904153856546948,0.0
NGC4689,SA(rs)bc;Sy LINER,SHIVir,40.827113186475366,2.594953094320413,1.073384466471742e-10,9.349656835598865e-11,0.37978090976196316,0.0
NGC4689,SA(rs)bc;Sy LINER,SHIVir,40.827113186475366,2.88328121591157,1.3164662911108024e-10,8.716465955488467e-11,0.3667405552749053,0.0
NGC4689,SA(rs)bc;Sy LINER,SHIVir,40.827113186475366,3.1908693509158934,1.1552020587759288e-10,8.113800736400293e-11,0.357819740688378,0.0
NGC4689,SA(rs)bc;Sy LINER,SHIVir,40.827113186475366,3.5127594760785077,1.0830171039741995e-10,7.539518562710993e-11,0.3554102378223279,0.0
NGC4689,SA(rs)bc;Sy LINER,SHIVir,40.827113186475366,3.820347611082831,1.25781499984402e-10,6.846405206937303e-11,0.4001032754222037,0.0
NGC4689,SA(rs)bc;Sy LINER,SHIVir,40.827113186475366,4.108675732673988,1.1464427372222195e-10,6.589070809412435e-11,0.4399801142155161,0.0
NGC4689,SA(rs)bc;Sy LINER,SHIVir,40.827113186475366,4.397003854265145,1.0311624578895177e-10,7.643494692089406e-11,0.36697207165261636,0.0
NGC4689,SA(rs)bc;Sy LINER,SHIVir,40.827113186475366,4.704591989269468,1.0164682524696175e-10,7.416121526370562e-11,0.3062635289261711,0.0
NGC4689,SA(rs)bc;Sy LINER,SHIVir,40.827113186475366,5.026482114432081,9.62888229538703e-11,5.914024754501174e-11,0.40668525231776453,0.0
NGC4689,SA(rs)bc;Sy LINER,SHIVir,40.827113186475366,5.307754587545149,8.997818954711368e-11,7.683163523652081e-11,0.2893460631878638,0.0
NGC4689,SA(rs)bc;Sy LINER,SHIVir,40.827113186475366,5.622398371027562,8.2833266963798e-11,6.215380857329838e-11,0.27209857498068063,0.0
NGC4689,SA(rs)bc;Sy LINER,SHIVir,40.827113186475366,5.903861537342739,1.1787037452768878e-10,6.878039494453902e-11,0.27876063129446343,0.0
NGC4689,SA(rs)bc;Sy LINER,SHIVir,40.827113186475366,6.084066613337213,1.0405409284294175e-10,5.4010057557849923e-11,0.34826664763601356,0.0
NGC4694,SB0 pec HII,SHIVir,57.80779917540529,0.14796244483654777,6.092319761700755e-11,1.05733317839045e-10,0.0,0.0
NGC4694,SB0 pec HII,SHIVir,57.80779917540529,0.44518216856955856,2.2204246103643097e-11,2.5286779248584866e-10,0.17627515838128321,0.0
NGC4694,SB0 pec HII,SHIVir,57.80779917540529,0.6698131045014908,1.081102834311463e-11,2.8844082808897985e-10,0.21669019880440718,0.0
NGC4694,SB0 pec HII,SHIVir,57.80779917540529,1.0202967056941312,1.0919751013100905e-11,2.6474284845089227e-10,0.19769907576593831,0.0
NGC4694,SB0 pec HII,SHIVir,57.80779917540529,1.5339684386590067,5.5819974616786945e-12,2.043220720633297e-10,0.17892833932292365,0.0
NGC4698,SA(s)ab;Sy2 LINER,SHIVir,44.15149196683359,0.2523873011255747,5.3651744415565286e-11,6.418510674312814e-10,0.05762518492606076,0.0
NGC4698,SA(s)ab;Sy2 LINER,SHIVir,44.15149196683359,0.7716259596704654,7.558892089454736e-10,9.193202325379232e-10,0.20208289843741437,0.0
NGC4698,SA(s)ab;Sy2 LINER,SHIVir,44.15149196683359,1.2722080818364725,5.755506915741192e-10,6.815807760541843e-10,0.2237402438122859,0.0
NGC4698,SA(s)ab;Sy2 LINER,SHIVir,44.15149196683359,1.7696458439386227,6.394009930512299e-10,4.96249324818787e-10,0.27083772697358494,0.0
NGC4698,SA(s)ab;Sy2 LINER,SHIVir,44.15149196683359,2.201680916712551,6.290291347658875e-10,3.869631220923236e-10,0.3067092708357279,0.0
NGC4698,SA(s)ab;Sy2 LINER,SHIVir,44.15149196683359,2.6280561413715366,6.564138880670069e-10,3.2069232115762045e-10,0.3326835649420837,0.0
NGC4698,SA(s)ab;Sy2 LINER,SHIVir,44.15149196683359,2.9978328848810993,3.5783501914249657e-10,2.7508604982478056e-10,0.34394920531966083,0.0
NGC4698,SA(s)ab;Sy2 LINER,SHIVir,44.15149196683359,4.939160788306306,3.887076329841242e-10,1.7522030673601233e-10,0.30617710774094425,0.0
NGC4698,SA(s)ab;Sy2 LINER,SHIVir,44.15149196683359,5.229699658206676,4.869272606219429e-10,1.6410890339196807e-10,0.39641122630084485,0.0
NGC4698,SA(s)ab;Sy2 LINER,SHIVir,44.15149196683359,5.784364773471021,4.169352933507925e-10,1.4485006004740283e-10,0.407590662116788,0.0
NGC4698,SA(s)ab;Sy2 LINER,SHIVir,44.15149196683359,6.0616973311031925,3.4145220731959626e-10,1.8128483790347155e-10,0.25680955507476005,0.0
NGC4698,SA(s)ab;Sy2 LINER,SHIVir,44.15149196683359,6.695600319976729,3.5243354594243584e-10,1.834270994386121e-10,0.21767321022762381,0.0
NGC4698,SA(s)ab;Sy2 LINER,SHIVir,44.15149196683359,7.633248491018835,3.015625652195824e-10,1.4520355639213284e-10,0.2525233051892138,0.0
NGC4698,SA(s)ab;Sy2 LINER,SHIVir,44.15149196683359,8.452039851647152,2.8546132974483313e-10,1.3110269961380462e-10,0.18547620730157344,0.0
NGC4698,SA(s)ab;Sy2 LINER,SHIVir,44.15149196683359,9.931146825685405,2.446789600981123e-10,1.0342808923789889e-10,0.10452189481026548,0.0
NGC4712,SA(s)bc HII,ShellFlow,70.27959746199785,0.5010541051559887,1.703860873812331e-10,1.9355274099401477e-11,0.6391932743420807,0.0
NGC4712,SA(s)bc HII,ShellFlow,70.27959746199785,1.4547512908152134,1.5578317664310625e-10,3.838237093765567e-11,0.5559735515265483,0.0
NGC4712,SA(s)bc HII,ShellFlow,70.27959746199785,2.3532599083703,1.3079917524573326e-10,4.2113340097796045e-11,0.5373949780938295,0.0
NGC4712,SA(s)bc HII,ShellFlow,70.27959746199785,3.306957094029525,1.497096245621862e-10,4.217604795310631e-11,0.5275374336540695,0.0
NGC4712,SA(s)bc HII,ShellFlow,70.27959746199785,4.309065304341502,1.58488420155255e-10,4.3280203471840726e-11,0.4832575477461924,0.0
NGC4712,SA(s)bc HII,ShellFlow,70.27959746199785,5.210962693622282,1.385054882900893e-10,4.691022627438226e-11,0.4113937095658272,0.0
NGC4712,SA(s)bc HII,ShellFlow,70.27959746199785,6.161271107555814,1.0651359725560774e-10,4.1408713299276313e-11,0.36708837261260807,0.0
NGC4712,SA(s)bc HII,ShellFlow,70.27959746199785,7.114968293215038,9.126146356747025e-11,2.3438631620826363e-11,0.5776326698195059,0.0
NGC4712,SA(s)bc HII,ShellFlow,70.27959746199785,8.068665478874262,9.538328344028295e-11,2.006518482735973e-11,0.5448864986463687,0.0
NGC4712,SA(s)bc HII,ShellFlow,70.27959746199785,9.018973892807796,8.330654452554959e-11,3.903060033091162e-11,0.2898718826818782,0.0
NGC4712,SA(s)bc HII,ShellFlow,70.27959746199785,9.969282306741327,8.883889393060123e-11,4.1464075322212716e-11,0.25349728776099856,0.0
NGC4712,SA(s)bc HII,ShellFlow,70.27959746199785,10.922979492400552,8.972303707556581e-11,4.157446580982345e-11,0.20030486283848625,0.0
NGC4712,SA(s)bc HII,ShellFlow,70.27959746199785,11.876676678059777,7.967189197008821e-11,2.3965986666639853e-11,0.24867458528806813,0.0
NGC4712,SA(s)bc HII,ShellFlow,70.27959746199785,12.72677427096211,8.818954875217852e-11,1.6791605050858396e-11,0.48617249126459333,0.0
NGC4712,SA(s)bc HII,ShellFlow,70.27959746199785,13.72888248127409,8.51588816087328e-11,2.388896649342763e-11,0.25436856244370226,0.0
NGC4712,SA(s)bc HII,ShellFlow,70.27959746199785,14.730990691586067,7.81698997812491e-11,2.7825157955113256e-11,0.13646010383548124,0.0
NGC4712,SA(s)bc HII,ShellFlow,70.27959746199785,15.632888080866845,6.914228471822457e-11,1.1048894924469554e-11,0.48972210052563814,0.0
NGC4712,SA(s)bc HII,ShellFlow,70.27959746199785,16.524619154970548,6.570092634288312e-11,1.8071962529820253e-11,0.19105274482604834,0.0
NGC4712,SA(s)bc HII,ShellFlow,70.27959746199785,17.626938186313723,6.23148684082111e-11,2.27378377776734e-11,0.07653762454252486,0.0
NGC4712,SA(s)bc HII,ShellFlow,70.27959746199785,18.400822994691293,6.38550089479817e-11,1.3957577856513397e-11,0.19661047992454417,0.0
NGC4712,SA(s)bc HII,ShellFlow,70.27959746199785,18.974701112646354,7.814763789529489e-11,8.560716678297719e-12,0.4283357625797462,0.0
NGC4808,SA(s)cd:;HII LINER,Courteau97,72.73003477929942,0.1529297046158129,1.1781583868093115e-10,3.922125189847862e-11,0.0,0.0
NGC4808,SA(s)cd:;HII LINER,Courteau97,72.73003477929942,0.4543516970886966,3.292658366532136e-10,9.043868865790913e-11,0.2627197855321934,0.0
NGC4808,SA(s)cd:;HII LINER,Courteau97,72.73003477929942,0.750148046445107,2.6921691471659395e-10,1.0009757569066245e-10,0.26269467891663434,0.0
NGC4808,SA(s)cd:;HII LINER,Courteau97,72.73003477929942,1.0564985849513975,3.2195146807381316e-10,9.928143922698926e-11,0.27185492659529925,0.0
NGC4808,SA(s)cd:;HII LINER,Courteau97,72.73003477929942,1.3526674797677052,2.571689418625433e-10,9.59175939394767e-11,0.24620562309922805,0.0
NGC4808,SA(s)cd:;HII LINER,Courteau97,72.73003477929942,1.6489217990206773,2.4828211995739216e-10,9.67993078381512e-11,0.1843564185419759,0.0
NGC4808,SA(s)cd:;HII LINER,Courteau97,72.73003477929942,1.9505055230424204,2.1093593631939618e-10,8.642503819871887e-11,0.1480773970175634,0.0
NGC4808,SA(s)cd:;HII LINER,Courteau97,72.73003477929942,2.2459089896726963,1.949940915849665e-10,7.477815008101884e-11,0.15065661762472532,0.0
NGC4808,SA(s)cd:;HII LINER,Courteau97,72.73003477929942,2.5443184768332,2.2107259468532095e-10,6.669787146597765e-11,0.11587122204548393,0.0
NGC4808,SA(s)cd:;HII LINER,Courteau97,72.73003477929942,2.8379653195646375,2.1021310424097855e-10,5.850252529334678e-11,0.08310503131626286,0.0
NGC4808,SA(s)cd:;HII LINER,Courteau97,72.73003477929942,3.1562905606864953,1.6906473257230088e-10,4.964267533781532e-11,0.052048682111737,0.0
NGC4808,SA(s)cd:;HII LINER,Courteau97,72.73003477929942,3.4561519052057927,1.3419889660739678e-10,4.245070287109746e-11,0.04176899383794978,0.0
NGC4808,SA(s)cd:;HII LINER,Courteau97,72.73003477929942,3.7053353188299596,1.4736228746901666e-10,3.75806772207691e-11,0.0406091425530707,0.0
NGC4808,SA(s)cd:;HII LINER,Courteau97,72.73003477929942,3.9522431900710253,1.0422410878516394e-10,3.299950485133612e-11,0.026286091342122914,0.0
NGC5056,Scd: AGN,Courteau97,58.85463642601167,0.41062067825370274,1.625949126966783e-10,5.802951499769661e-11,0.5821525107855323,0.0
NGC5056,Scd: AGN,Courteau97,58.85463642601167,1.190727801614428,5.226644248722473e-10,1.308116833412301e-10,0.4742500509147149,0.0
NGC5056,Scd: AGN,Courteau97,58.85463642601167,1.905164482583085,3.82974354632264e-10,1.3987749737137893e-10,0.4392390005118499,0.0
NGC5056,Scd: AGN,Courteau97,58.85463642601167,2.7386739437131844,2.476024984206194e-10,1.3079358963087987e-10,0.4152895853084706,0.0
NGC5056,Scd: AGN,Courteau97,58.85463642601167,3.5721834048432837,2.1536481179442494e-10,1.1800558774521353e-10,0.3710634616132667,0.0
NGC5056,Scd: AGN,Courteau97,58.85463642601167,4.286620085811941,2.054928616503468e-10,1.0344738494774074e-10,0.34401451944010714,0.0
NGC5056,Scd: AGN,Courteau97,58.85463642601167,5.1201295469420405,1.9376243174816775e-10,7.745695148658786e-11,0.4062815566520793,0.0
NGC5056,Scd: AGN,Courteau97,58.85463642601167,5.95363900807214,1.3215403259139888e-10,7.690600732870263e-11,0.4082723524794418,0.0
NGC5056,Scd: AGN,Courteau97,58.85463642601167,6.668075689040798,1.3429963149174131e-10,5.672813564770327e-11,0.48677655279353765,0.0
NGC5056,Scd: AGN,Courteau97,58.85463642601167,7.422203296729935,1.4490247832973568e-10,4.729698357198177e-11,0.5067472824532638,0.0
NGC5056,Scd: AGN,Courteau97,58.85463642601167,8.269424168908929,1.2828392211470415e-10,5.011538126081307e-11,0.3876039504200918,0.0
NGC5056,Scd: AGN,Courteau97,58.85463642601167,9.049531292269654,1.540300011485584e-10,4.41381781980432e-11,0.4133999628430657,0.0
NGC5056,Scd: AGN,Courteau97,58.85463642601167,9.644895193076866,1.4791231878182813e-10,5.692813820464073e-11,0.26045258112643394,0.0
NGC5056,Scd: AGN,Courteau97,58.85463642601167,11.566657699561244,8.864123685393364e-11,4.3176352257550006e-11,0.2199781723573957,0.0
NGC5056,Scd: AGN,Courteau97,58.85463642601167,12.042948820207016,7.426752125582203e-11,2.623086592468767e-11,0.41875309041373676,0.0
NGC5056,Scd: AGN,Courteau97,58.85463642601167,14.7816227639202,1.0151015507337353e-10,2.94288746285622e-11,0.12115316008456073,0.0
NGC5056,Scd: AGN,Courteau97,58.85463642601167,15.138841104404527,1.1052351601281556e-10,3.586002797806616e-11,0.12443278819572774,0.0
NGC5056,Scd: AGN,Courteau97,58.85463642601167,15.734205005211743,1.0916153279623528e-10,2.2251464209731207e-11,0.2881879458779744,0.0
NGC5060,SB(s)b,Mathewson96,49.17013494766068,0.01786686253120985,7.6952217414265e-11,2.325574009842991e-12,0.0,0.0
NGC5060,SB(s)b,Mathewson96,49.17013494766068,0.7690519089520762,8.959237364706773e-11,2.179424956223984e-10,0.5795331807825584,0.0
NGC5060,SB(s)b,Mathewson96,49.17013494766068,1.5381038179041524,1.8297798237154692e-10,3.325545015611445e-10,0.4797586255004253,0.0
NGC5060,SB(s)b,Mathewson96,49.17013494766068,2.2892888643250187,1.9395579051790055e-10,3.4110616197168397e-10,0.43640756593662877,0.0
NGC5060,SB(s)b,Mathewson96,49.17013494766068,2.325022589387438,2.6042862125475756e-10,3.402493359529881e-10,0.4199244618728987,0.0
NGC5060,SB(s)b,Mathewson96,49.17013494766068,3.076207635808305,2.395373855648707e-10,3.0264593279561865e-10,0.4246569183574312,0.0
NGC5060,SB(s)b,Mathewson96,49.17013494766068,3.8452595447603803,2.1975672103487842e-10,3.028800612628556e-10,0.368475403505081,0.0
NGC5060,SB(s)b,Mathewson96,49.17013494766068,4.596444591181247,2.2790922090232145e-10,2.9423351781241364e-10,0.2522161103838006,0.0
NGC5060,SB(s)b,Mathewson96,49.17013494766068,4.632178316243667,2.0416802944105397e-10,3.165419654323444e-10,0.26617610743377157,0.0
NGC5060,SB(s)b,Mathewson96,49.17013494766068,5.383363362664534,2.125306135729188e-10,3.051493688578156e-10,0.2382066220386639,0.0
NGC5060,SB(s)b,Mathewson96,49.17013494766068,6.15241527161661,1.5601313649894373e-10,2.4289707173040175e-10,0.1703696099188823,0.0
NGC5060,SB(s)b,Mathewson96,49.17013494766068,6.903600318037476,1.9006605378035421e-10,2.15757745727823e-10,0.18725712861232785,0.0
NGC5060,SB(s)b,Mathewson96,49.17013494766068,7.708385952051972,1.5682407404040684e-10,1.8351416373495432e-10,0.18679949004470695,0.0
NGC5060,SB(s)b,Mathewson96,49.17013494766068,8.477437861004049,1.2080758243105975e-10,1.6861631941320927e-10,0.13482516473314068,0.0
NGC5060,SB(s)b,Mathewson96,49.17013494766068,9.246489769956124,1.6846042348536877e-10,1.47812126239039e-10,0.09752417070440514,0.0
NGC5065,Sd HII,Courteau97,53.04258050356054,0.29706679514217144,8.719309829096492e-11,1.467362680275726e-11,0.7194713250419126,0.0
NGC5065,Sd HII,Courteau97,53.04258050356054,0.8912003854265143,1.4960132139607498e-10,4.03332511689488e-11,0.660288490398826,0.0
NGC5065,Sd HII,Courteau97,53.04258050356054,1.5447473347392915,1.2301972505478794e-10,6.107271037482788e-11,0.5925874495453075,0.0
NGC5065,Sd HII,Courteau97,53.04258050356054,2.1982942840520687,1.1847299941951459e-10,7.309363023882048e-11,0.5271673636965029,0.0
NGC5065,Sd HII,Courteau97,53.04258050356054,2.7924278743364113,1.4694164892469852e-10,7.783719919256371e-11,0.502381406174893,0.0
NGC5065,Sd HII,Courteau97,53.04258050356054,3.386561464620754,1.6931953096655035e-10,8.331893956305805e-11,0.4500013125620725,0.0
NGC5065,Sd HII,Courteau97,53.04258050356054,3.980695054905097,1.2647750930627206e-10,8.769859005851592e-11,0.38294686064602795,0.0
NGC5065,Sd HII,Courteau97,53.04258050356054,4.57482864518944,1.2491288300794667e-10,6.588162153413399e-11,0.44948937659716065,0.0
NGC5065,Sd HII,Courteau97,53.04258050356054,5.228375594502217,9.147353702558061e-11,8.030600903757669e-11,0.30072635536138886,0.0
NGC5065,Sd HII,Courteau97,53.04258050356054,5.881922543814994,1.1211490626847507e-10,7.535566484205622e-11,0.3097248435094462,0.0
NGC5065,Sd HII,Courteau97,53.04258050356054,6.476056134099338,1.0209524430084873e-10,7.007104011349205e-11,0.289696798371458,0.0
NGC5065,Sd HII,Courteau97,53.04258050356054,7.070189724383681,1.2332637638801358e-10,6.87289328975972e-11,0.24412833838143413,0.0
NGC5065,Sd HII,Courteau97,53.04258050356054,7.723736673696457,1.0092007367954187e-10,6.661381227955784e-11,0.19651129073976334,0.0
NGC5065,Sd HII,Courteau97,53.04258050356054,8.258456904952364,9.209001349634192e-11,4.201113032289886e-11,0.29919905946118874,0.0
NGC5065,Sd HII,Courteau97,53.04258050356054,8.912003854265143,1.063966124845247e-10,3.783419967362288e-11,0.338441715554929,0.0
NGC5065,Sd HII,Courteau97,53.04258050356054,9.506137444549486,1.0354839669004795e-10,4.7196427132156205e-11,0.17843192554064996,0.0
NGC5065,Sd HII,Courteau97,53.04258050356054,10.159684393862262,6.709979273042822e-11,4.617396549353042e-11,0.10547297186853802,0.0
NGC5065,Sd HII,Courteau97,53.04258050356054,10.753817984146608,9.601262720468009e-11,3.048188999903764e-11,0.256833372833409,0.0
NGC5065,Sd HII,Courteau97,53.04258050356054,12.298565318885897,8.432912964635665e-11,3.299637390240852e-11,0.07026611555656989,0.0
NGC5115,SBcd:,Mathewson96,66.81585839982084,0.49481089375318166,2.0797979660995357e-11,1.2438770870696331e-11,0.7354568703950766,0.0
NGC5115,SBcd:,Mathewson96,66.81585839982084,1.2965045034300535,3.642736541793462e-11,2.8054739968684863e-11,0.6783414392701002,0.0
NGC5115,SBcd:,Mathewson96,66.81585839982084,1.672360859089036,4.768941697210032e-11,3.443568944763804e-11,0.6273896237427093,0.0
NGC5115,SBcd:,Mathewson96,66.81585839982084,2.4740544687659076,5.401907821060216e-11,4.38343173891694e-11,0.5486545828460848,0.0
NGC5115,SBcd:,Mathewson96,66.81585839982084,3.2757480784427804,5.814119859974534e-11,5.103153034483014e-11,0.47789087313888357,0.0
NGC5115,SBcd:,Mathewson96,66.81585839982084,3.6516044341017624,8.086263357092156e-11,5.294634813194271e-11,0.41419989143423447,0.0
NGC5115,SBcd:,Mathewson96,66.81585839982084,4.453298043778634,8.33903489101665e-11,4.977837303465026e-11,0.3784898783162108,0.0
NGC5115,SBcd:,Mathewson96,66.81585839982084,5.442919831284998,7.850490492319222e-11,4.6311501090728666e-11,0.3694492292615695,0.0
NGC5115,SBcd:,Mathewson96,66.81585839982084,6.24461344096187,5.59557015766744e-11,3.1906782923284905e-11,0.5134525377136212,0.0
NGC5115,SBcd:,Mathewson96,66.81585839982084,6.620469796620852,6.144935068351818e-11,4.417248546816025e-11,0.3518636815172878,0.0
NGC5115,SBcd:,Mathewson96,66.81585839982084,7.422163406297724,6.839197586903516e-11,3.954600459037445e-11,0.38639619331966013,0.0
NGC5115,SBcd:,Mathewson96,66.81585839982084,8.223857015974597,7.331304256528317e-11,3.505979846847748e-11,0.3995659001563648,0.0
NGC5115,SBcd:,Mathewson96,66.81585839982084,8.599713371633579,7.220511056956113e-11,2.051595036061554e-11,0.5423428410152008,0.0
NGC5115,SBcd:,Mathewson96,66.81585839982084,9.401406981310451,6.941072330492901e-11,1.6473849367994684e-11,0.6139913314407353,0.0
NGC5115,SBcd:,Mathewson96,66.81585839982084,10.391028768816813,6.386684889224452e-11,1.748483434465464e-11,0.5381790566256623,0.0
NGC5115,SBcd:,Mathewson96,66.81585839982084,11.192722378493684,7.19587494768105e-11,2.2027284287616256e-11,0.41808596362696093,0.0
NGC5115,SBcd:,Mathewson96,66.81585839982084,12.182344166000048,6.506635878682288e-11,2.4019437792274443e-11,0.3044219726807907,0.0
NGC5115,SBcd:,Mathewson96,66.81585839982084,13.171965953506412,4.9065807541301546e-11,2.7604238608556286e-11,0.17136034690051932,0.0
NGC5115,SBcd:,Mathewson96,66.81585839982084,14.161587741012776,4.2713372912439354e-11,2.936672040553867e-11,0.08885148137513099,0.0
NGC5125,Sb,Mathewson96,52.97299953142239,0.015960181804959638,2.1276940108459002e-07,1.0428316047533892e-12,0.0,0.0
NGC5125,Sb,Mathewson96,52.97299953142239,0.8540854046978401,2.689963091579596e-09,2.9632532293179464e-10,0.5314378068875723,0.0
NGC5125,Sb,Mathewson96,52.97299953142239,1.7081708093956802,1.6048489065640557e-09,4.3001536442133025e-10,0.41133243928262364,0.0
NGC5125,Sb,Mathewson96,52.97299953142239,2.5462960322885606,1.4228363382585462e-09,4.214395309700067e-10,0.34123908350530047,0.0
NGC5125,Sb,Mathewson96,52.97299953142239,2.57821639589848,1.0115166367624717e-09,4.1914080213506965e-10,0.32549650183497864,0.0
NGC5125,Sb,Mathewson96,52.97299953142239,3.4163416187913604,8.821250669385222e-10,3.371354585178401e-10,0.32639754742185106,0.0
NGC5125,Sb,Mathewson96,52.97299953142239,4.270427023489201,7.123161106641631e-10,3.0613717422273976e-10,0.2586424422485462,0.0
NGC5125,Sb,Mathewson96,52.97299953142239,5.108552246382081,5.251862248388106e-10,2.36753287831841e-10,0.2219932459616392,0.0
NGC5125,Sb,Mathewson96,52.97299953142239,5.140472609992001,5.129485897868824e-10,2.463293820831151e-10,0.23742886419647802,0.0
NGC5125,Sb,Mathewson96,52.97299953142239,5.978597832884882,4.6044086415150355e-10,1.7773267446512453e-10,0.3416727874908424,0.0
NGC5125,Sb,Mathewson96,52.97299953142239,6.832683237582721,3.6742192386123395e-10,1.7092856683096746e-10,0.22329482761208588,0.0
NGC5125,Sb,Mathewson96,52.97299953142239,7.670808460475603,2.4245293858051174e-10,1.6808080847546345e-10,0.22286482961254975,0.0
NGC5125,Sb,Mathewson96,52.97299953142239,7.70272882408552,3.564485920336875e-10,1.639396091770357e-10,0.23313985468928294,0.0
NGC5125,Sb,Mathewson96,52.97299953142239,8.540854046978403,2.974124536843219e-10,1.3665594655781534e-10,0.2488836852014185,0.0
NGC5125,Sb,Mathewson96,52.97299953142239,9.39493945167624,2.685220898641841e-10,1.2107945433337588e-10,0.2390280400051169,0.0
NGC5125,Sb,Mathewson96,52.97299953142239,10.233064674569121,2.0206510103745923e-10,1.1587355567553039e-10,0.20488255242658546,0.0
NGC5125,Sb,Mathewson96,52.97299953142239,11.087150079266962,1.9577660824519668e-10,1.083156011928327e-10,0.1750693524541162,0.0
NGC5125,Sb,Mathewson96,52.97299953142239,11.941235483964803,1.472701141717195e-10,4.8303485444742264e-11,0.47470196747944965,0.0
NGC5125,Sb,Mathewson96,52.97299953142239,12.795320888662642,1.3262921355063533e-10,5.806869392490997e-11,0.3604024893991449,0.0
NGC5172,SAB(rs)bc:,Courteau97/Mathewson96,62.46790339045629,0.5506130649545834,8.898663399501121e-10,9.929348410781371e-11,0.5465625526202631,0.0
NGC5172,SAB(rs)bc:,Courteau97/Mathewson96,62.46790339045629,1.3177600303940598,6.834394452680241e-10,1.724601447498601e-10,0.44402311987683746,0.0
NGC5172,SAB(rs)bc:,Courteau97/Mathewson96,62.46790339045629,2.1574661333721186,4.706045301361427e-10,1.665537419386132e-10,0.40666006380666575,0.0
NGC5172,SAB(rs)bc:,Courteau97/Mathewson96,62.46790339045629,3.0261731408624826,3.5065810519728407e-10,1.364206722741653e-10,0.44097617701461045,0.0
NGC5172,SAB(rs)bc:,Courteau97/Mathewson96,62.46790339045629,3.9168283968958097,3.043179479062159e-10,1.176282142592742e-10,0.40497284455707966,0.0
NGC5172,SAB(rs)bc:,Courteau97/Mathewson96,62.46790339045629,4.8486387809102105,2.356928968059153e-10,1.1196566455362443e-10,0.41319439855158935,0.0
NGC5172,SAB(rs)bc:,Courteau97/Mathewson96,62.46790339045629,5.633383792693864,2.1180213675866162e-10,7.052838631963179e-11,0.5283366138025273,0.0
NGC5172,SAB(rs)bc:,Courteau97/Mathewson96,62.46790339045629,6.472398400116354,2.2420796817434115e-10,1.0246514301299522e-10,0.3760152019996442,0.0
NGC5172,SAB(rs)bc:,Courteau97/Mathewson96,62.46790339045629,7.3049206326004565,2.343126693041853e-10,6.590247991773526e-11,0.5146607595792376,0.0
NGC5172,SAB(rs)bc:,Courteau97/Mathewson96,62.46790339045629,8.327219978668218,1.8718602792764655e-10,5.288782476690079e-11,0.4914832600415716,0.0
NGC5172,SAB(rs)bc:,Courteau97/Mathewson96,62.46790339045629,9.094319048311638,1.7386835455261782e-10,3.878096446780016e-11,0.6150712045800512,0.0
NGC5172,SAB(rs)bc:,Courteau97/Mathewson96,62.46790339045629,9.978280866846047,1.5759523456062707e-10,3.3740525492811414e-11,0.636266718305259,0.0
NGC5172,SAB(rs)bc:,Courteau97/Mathewson96,62.46790339045629,10.824650472450488,1.641092105956292e-10,4.3689407575833505e-11,0.5185260938231555,0.0
NGC5172,SAB(rs)bc:,Courteau97/Mathewson96,62.46790339045629,11.660590768463592,1.5660069827920428e-10,6.459967334802041e-11,0.3051713421280801,0.0
NGC5172,SAB(rs)bc:,Courteau97/Mathewson96,62.46790339045629,12.596872091996001,1.5291289256698512e-10,7.765064160041766e-11,0.17807216354686883,0.0
NGC5172,SAB(rs)bc:,Courteau97/Mathewson96,62.46790339045629,13.483346111555523,1.550631773115468e-10,5.094505225249839e-11,0.15996330004442438,0.0
NGC5172,SAB(rs)bc:,Courteau97/Mathewson96,62.46790339045629,14.292395911570067,1.3473110268170473e-10,4.4974827579436816e-11,0.2833914657039072,0.0
NGC5172,SAB(rs)bc:,Courteau97/Mathewson96,62.46790339045629,17.130880395122777,8.35094143984912e-11,3.6975813982033784e-11,0.1777104382148497,0.0
NGC5172,SAB(rs)bc:,Courteau97/Mathewson96,62.46790339045629,17.310669239570455,5.747133774796203e-11,3.2819188659355327e-11,0.2253111007937576,0.0
NGC5185,Sb,Courteau97/Mathewson96,76.50294880867953,1.964122274743655,6.18282121153973e-10,1.0491651792172874e-10,0.503369420189163,0.0
NGC5185,Sb,Courteau97/Mathewson96,76.50294880867953,3.4541460693767725,4.125774300805624e-10,1.0315693753499639e-10,0.4361874847751599,0.0
NGC5185,Sb,Courteau97/Mathewson96,76.50294880867953,4.447495265798851,4.2719049153473665e-10,7.864269938799701e-11,0.41995731328317926,0.0
NGC5185,Sb,Courteau97/Mathewson96,76.50294880867953,5.922468315031634,2.705092296924861e-10,5.590060215660786e-11,0.4712988360215158,0.0
NGC5185,Sb,Courteau97/Mathewson96,76.50294880867953,7.05879959275689,3.373874588447718e-10,3.1332799357558555e-11,0.6809779285016309,0.0
NGC5185,Sb,Courteau97/Mathewson96,76.50294880867953,8.217706988582648,2.2624773832334983e-10,6.176232634561182e-11,0.4380277751564931,0.0
NGC5185,Sb,Courteau97/Mathewson96,76.50294880867953,9.434308908443022,2.3294119605878294e-10,1.9569656065447433e-11,0.7511595914428645,0.0
NGC5185,Sb,Courteau97/Mathewson96,76.50294880867953,10.75923058686641,2.1854958132440475e-10,7.090687469208627e-11,0.29792568997935776,0.0
NGC5185,Sb,Courteau97/Mathewson96,76.50294880867953,12.04210139480765,1.9460521430431644e-10,5.090304877600302e-11,0.3786863558311851,0.0
NGC5185,Sb,Courteau97/Mathewson96,76.50294880867953,13.333455350156353,2.0276445310671037e-10,4.1817203641717826e-11,0.4082320606995339,0.0
NGC5185,Sb,Courteau97/Mathewson96,76.50294880867953,14.256818580466875,1.9994014050680416e-10,6.502663755896533e-11,0.2237728358761983,0.0
NGC5185,Sb,Courteau97/Mathewson96,76.50294880867953,15.897767905364459,1.5585771364823165e-10,4.848343760304008e-11,0.2716043825217247,0.0
NGC5185,Sb,Courteau97/Mathewson96,76.50294880867953,17.091793707124328,1.6261202375176116e-10,5.925950096678642e-11,0.1665436181554379,0.0
NGC5185,Sb,Courteau97/Mathewson96,76.50294880867953,18.23021536615519,1.4429249034617703e-10,1.3007906112243805e-11,0.6933049002059012,0.0
NGC5185,Sb,Courteau97/Mathewson96,76.50294880867953,19.392885448331032,9.216889872395011e-11,3.6151607276794585e-11,0.26148153022300796,0.0
NGC5185,Sb,Courteau97/Mathewson96,76.50294880867953,20.75246944949458,1.4246687281378125e-10,5.6598383069167984e-11,0.0952911604036223,0.0
NGC5185,Sb,Courteau97/Mathewson96,76.50294880867953,22.372933037597264,1.3007517628783154e-10,8.52997224237596e-12,0.7251386334386667,0.0
NGC5185,Sb,Courteau97/Mathewson96,76.50294880867953,23.366282234019344,1.127900800422296e-10,3.13753537807235e-11,0.13042757602370614,0.0
NGC5185,Sb,Courteau97/Mathewson96,76.50294880867953,24.35963143044142,1.1909082121852543e-10,1.6964309085698197e-11,0.3741973147941033,0.0
NGC5185,Sb,Courteau97/Mathewson96,76.50294880867953,25.3529806268635,1.075902317978457e-10,2.7588656624471268e-11,0.11166018596057792,0.0
NGC5235,SB,Mathewson96,65.41909396902642,0.41216666424260057,5.3935397900097516e-11,5.087108491712272e-11,0.610016794733858,0.0
NGC5235,SB,Mathewson96,65.41909396902642,1.1382461212517878,1.5818299673337108e-10,1.175697332801003e-10,0.5292139559366114,0.0
NGC5235,SB,Mathewson96,65.41909396902642,1.3347538642038155,1.0522607254599911e-10,1.285658036002956e-10,0.5152965160306028,0.0
NGC5235,SB,Mathewson96,65.41909396902642,2.060833321213003,2.8847434723199133e-10,1.407382074481765e-10,0.44722594538809085,0.0
NGC5235,SB,Mathewson96,65.41909396902642,2.78691277822219,1.6398556081505602e-10,1.3187810634032903e-10,0.43328251325144435,0.0
NGC5235,SB,Mathewson96,65.41909396902642,2.9834205211742177,2.6674287577689557e-10,1.2314249800630305e-10,0.46127817774554114,0.0
NGC5235,SB,Mathewson96,65.41909396902642,3.709499978183405,2.3122583895278998e-10,1.18245525741437e-10,0.40497171045064895,0.0
NGC5235,SB,Mathewson96,65.41909396902642,4.533833306668606,2.2507851308138276e-10,1.239459627109286e-10,0.34756686732541386,0.0
NGC5235,SB,Mathewson96,65.41909396902642,5.259912763677793,2.3016349592546654e-10,9.322798217448422e-11,0.4405677672152856,0.0
NGC5235,SB,Mathewson96,65.41909396902642,5.456420506629821,2.1442765452964256e-10,1.0917994300184873e-10,0.3085277028163986,0.0
NGC5235,SB,Mathewson96,65.41909396902642,6.1824999636390086,1.8173329173731767e-10,1.0243141799767507e-10,0.33908916997732685,0.0
NGC5235,SB,Mathewson96,65.41909396902642,7.00683329212421,1.7042167475151924e-10,6.479599004526585e-11,0.46952333674193175,0.0
NGC5235,SB,Mathewson96,65.41909396902642,7.831166620609411,1.705810853795428e-10,5.1012724531984495e-11,0.49685994642528675,0.0
NGC5235,SB,Mathewson96,65.41909396902642,8.753753820570624,1.0841001178820633e-10,6.88039002476478e-11,0.24169240348704082,0.0
NGC5235,SB,Mathewson96,65.41909396902642,9.381579406103798,1.5804290954681715e-10,4.311425472446411e-11,0.4977540055449744,0.0
NGC5235,SB,Mathewson96,65.41909396902642,9.578087149055827,1.7825809039276023e-10,5.142618806269087e-11,0.3359546480121845,0.0
NGC5235,SB,Mathewson96,65.41909396902642,10.304166606065014,1.1716350271177788e-10,4.2094270063217314e-11,0.454473945578395,0.0
NGC5235,SB,Mathewson96,65.41909396902642,11.128499934550215,1.4464820541698795e-10,5.4095307293557104e-11,0.2825344979232124,0.0
NGC5235,SB,Mathewson96,65.41909396902642,11.854579391559401,1.0466423381093867e-10,7.154128578273689e-11,0.12041167450252119,0.0
NGC5356,SABbc: sp HII,Mathewson96,76.12931828190811,0.18535121146744882,1.545298817231025e-10,8.987583628461717e-12,0.5096863399304725,0.0
NGC5356,SABbc: sp HII,Mathewson96,76.12931828190811,0.5306597550077167,5.985562261649765e-11,2.205398293206069e-11,0.606768881024459,0.0
NGC5356,SABbc: sp HII,Mathewson96,76.12931828190811,0.9013621779426142,6.03712546989264e-11,2.970848321217209e-11,0.6079948970788234,0.0
NGC5356,SABbc: sp HII,Mathewson96,76.12931828190811,1.246670721482882,4.064892509862707e-11,3.469418902294345e-11,0.5795455078112385,0.0
NGC5356,SABbc: sp HII,Mathewson96,76.12931828190811,1.6173731444177797,4.7705026556331e-11,3.7040946382401376e-11,0.5754304593408557,0.0
NGC5356,SABbc: sp HII,Mathewson96,76.12931828190811,1.9626816879580475,9.737758711037831e-11,3.739896451540977e-11,0.5744474650197976,0.0
NGC5356,SABbc: sp HII,Mathewson96,76.12931828190811,2.386703221583885,7.971758235898686e-11,3.785149972940859e-11,0.5697722395177249,0.0
NGC5356,SABbc: sp HII,Mathewson96,76.12931828190811,2.744708704821467,9.778697891180025e-11,3.716937687206371e-11,0.5448020699417528,0.0
NGC5356,SABbc: sp HII,Mathewson96,76.12931828190811,3.1027141880590503,9.545188735740629e-11,4.127380032845953e-11,0.5166872140969528,0.0
NGC5356,SABbc: sp HII,Mathewson96,76.12931828190811,3.526735721684888,1.1141708506993881e-10,4.2174815937558316e-11,0.51860442497005,0.0
NGC5356,SABbc: sp HII,Mathewson96,76.12931828190811,3.872044265225155,9.116484836702577e-11,4.576367380452668e-11,0.4778420677233788,0.0
NGC5356,SABbc: sp HII,Mathewson96,76.12931828190811,4.242746688160053,9.75243293610685e-11,4.908378207347971e-11,0.43251125734687573,0.0
NGC5356,SABbc: sp HII,Mathewson96,76.12931828190811,4.588055231700321,9.425347011801265e-11,5.496019685120296e-11,0.349180925571834,0.0
NGC5356,SABbc: sp HII,Mathewson96,76.12931828190811,4.958757654635218,9.935040827180542e-11,4.998225022845335e-11,0.3139892241189819,0.0
NGC5356,SABbc: sp HII,Mathewson96,76.12931828190811,5.304066198175486,1.0509623719298439e-10,3.80127664280669e-11,0.4387826684262595,0.0
NGC5356,SABbc: sp HII,Mathewson96,76.12931828190811,5.674768621110384,1.0535113137105171e-10,4.547507049620705e-11,0.35596739460504934,0.0
NGC5356,SABbc: sp HII,Mathewson96,76.12931828190811,6.007380224953336,8.752769630658284e-11,4.733415551482509e-11,0.24660675363353554,0.0
NGC5356,SABbc: sp HII,Mathewson96,76.12931828190811,6.36538570819092,1.1588216604269993e-10,3.5385990603544895e-11,0.39688569823544967,0.0
NGC5356,SABbc: sp HII,Mathewson96,76.12931828190811,6.723391191428503,7.331819319124428e-11,5.036716675124753e-11,0.20574085323519392,0.0
NGC5356,SABbc: sp HII,Mathewson96,76.12931828190811,7.081396674666085,6.905129767258635e-11,3.2108131787817226e-11,0.35672094211089483,0.0
NGC5356,SABbc: sp HII,Mathewson96,76.12931828190811,7.3200669968244725,8.059519461984746e-11,4.657738109537442e-11,0.15300661914447516,0.0
NGC5409,(R')SAB(s)b,Courteau97/Mathewson96,64.39427830905831,0.6959173878263399,2.6203734819983665e-10,1.175414001795922e-10,0.4813269490162268,0.0
NGC5409,(R')SAB(s)b,Courteau97/Mathewson96,64.39427830905831,1.1810712239109884,1.7540739549815179e-10,1.670823787135059e-10,0.42176242340967224,0.0
NGC5409,(R')SAB(s)b,Courteau97/Mathewson96,64.39427830905831,1.9401040580944764,2.1133393724474741e-10,1.7995481965224148e-10,0.3403254214414174,0.0
NGC5409,(R')SAB(s)b,Courteau97/Mathewson96,64.39427830905831,2.868704028313093,9.913789184411532e-11,1.3810080188399175e-10,0.3350725320760099,0.0
NGC5409,(R')SAB(s)b,Courteau97/Mathewson96,64.39427830905831,3.666788716456985,1.6633063842931873e-10,1.1899496147486077e-10,0.33828812137439507,0.0
NGC5409,(R')SAB(s)b,Courteau97/Mathewson96,64.39427830905831,4.454169532397644,1.4693210750132862e-10,1.0400891453746195e-10,0.3245719471544409,0.0
NGC5409,(R')SAB(s)b,Courteau97/Mathewson96,64.39427830905831,5.5340676236879744,8.011887384743832e-11,7.769783177888303e-11,0.32931507400023974,0.0
NGC5409,(R')SAB(s)b,Courteau97/Mathewson96,64.39427830905831,6.233961682301893,9.562104726516765e-11,6.730798354603751e-11,0.2592505743037514,0.0
NGC5409,(R')SAB(s)b,Courteau97/Mathewson96,64.39427830905831,6.988004741473348,8.724624385825567e-11,6.897127591797905e-11,0.20651770611178802,0.0
NGC5409,(R')SAB(s)b,Courteau97/Mathewson96,64.39427830905831,7.676962955421424,8.384842337352662e-11,5.973004068381861e-11,0.20800608895687617,0.0
NGC5409,(R')SAB(s)b,Courteau97/Mathewson96,64.39427830905831,10.931867995054905,6.104175516217814e-11,1.7379108624750405e-11,0.5554082183256065,0.0
NGC5409,(R')SAB(s)b,Courteau97/Mathewson96,64.39427830905831,11.719248810995564,6.245636217384453e-11,2.267214686417653e-11,0.4197362297987452,0.0
NGC5409,(R')SAB(s)b,Courteau97/Mathewson96,64.39427830905831,12.506629626936222,5.515603407460544e-11,3.2016523062357895e-11,0.2645126848524787,0.0
NGC5409,(R')SAB(s)b,Courteau97/Mathewson96,64.39427830905831,14.368109222601992,4.597741362291125e-11,1.0899304932243704e-11,0.6265160237772479,0.0
NGC5409,(R')SAB(s)b,Courteau97/Mathewson96,64.39427830905831,15.02425990255254,3.5878478873991355e-11,3.115791456580099e-11,0.23213362528401466,0.0
NGC5409,(R')SAB(s)b,Courteau97/Mathewson96,64.39427830905831,15.814822055123264,2.2233838860516795e-11,8.901061625186672e-12,0.665310342778749,0.0
NGC5409,(R')SAB(s)b,Courteau97/Mathewson96,64.39427830905831,16.339742599083703,4.4477768570011635e-11,2.576253714017211e-11,0.2256636651071522,0.0
NGC5416,Scd:,Courteau97/Mathewson96,52.50777688108841,0.3090448392116937,5.146917798557852e-10,5.013705844836308e-11,0.6422958767699742,0.0
NGC5416,Scd:,Courteau97/Mathewson96,52.50777688108841,0.9319602274743655,6.268888113072165e-10,1.3504444582118328e-10,0.5547500933990208,0.0
NGC5416,Scd:,Courteau97/Mathewson96,52.50777688108841,1.602277468951753,4.713023578839092e-10,1.861680684351685e-10,0.4915513328481576,0.0
NGC5416,Scd:,Courteau97/Mathewson96,52.50777688108841,2.307128004072431,3.3259157525679307e-10,1.9068238355520326e-10,0.47073185396728,0.0
NGC5416,Scd:,Courteau97/Mathewson96,52.50777688108841,2.951836634749796,3.2286791988584327e-10,1.8237481203560294e-10,0.43352227811219646,0.0
NGC5416,Scd:,Courteau97/Mathewson96,52.50777688108841,3.5882832666715148,2.6492016258122805e-10,1.851526729885103e-10,0.38927478840566193,0.0
NGC5416,Scd:,Courteau97/Mathewson96,52.50777688108841,4.272076561704603,2.2313665099668011e-10,1.636271268706801e-10,0.352530688667144,0.0
NGC5416,Scd:,Courteau97/Mathewson96,52.50777688108841,4.92812655719584,1.5831089552496387e-10,1.6820781877155895e-10,0.3597808243292533,0.0
NGC5416,Scd:,Courteau97/Mathewson96,52.50777688108841,5.578752614355319,1.6862045226549213e-10,1.2498701909532757e-10,0.41388714270264754,0.0
NGC5416,Scd:,Courteau97/Mathewson96,52.50777688108841,6.27342279106974,1.781263513949684e-10,1.275930077909706e-10,0.2644265411369574,0.0
NGC5416,Scd:,Courteau97/Mathewson96,52.50777688108841,6.924773973674641,1.7747921460403734e-10,1.2254384851633262e-10,0.22474726325313182,0.0
NGC5416,Scd:,Courteau97/Mathewson96,52.50777688108841,7.580098843720456,1.57089151284391e-10,9.997064243662951e-11,0.2684647975195436,0.0
NGC5416,Scd:,Courteau97/Mathewson96,52.50777688108841,8.251432066516374,1.208686409066772e-10,7.615070984393179e-11,0.39110840303836014,0.0
NGC5416,Scd:,Courteau97/Mathewson96,52.50777688108841,8.98618959493855,9.64326179008061e-11,7.109066221318218e-11,0.3766316141149599,0.0
NGC5416,Scd:,Courteau97/Mathewson96,52.50777688108841,9.656205506508618,9.516647060252682e-11,8.446960703740828e-11,0.24067204801537145,0.0
NGC5416,Scd:,Courteau97/Mathewson96,52.50777688108841,11.099332039851646,1.1328059232625123e-10,5.933257467001819e-11,0.22427467161575973,0.0
NGC5416,Scd:,Courteau97/Mathewson96,52.50777688108841,11.602601729619664,7.267256303627388e-11,6.956360627879651e-11,0.1563199360212692,0.0
NGC5416,Scd:,Courteau97/Mathewson96,52.50777688108841,12.284821502436186,4.338651148914087e-11,6.039672854496147e-11,0.10121643870169073,0.0
NGC5416,Scd:,Courteau97/Mathewson96,52.50777688108841,12.949752471820231,1.05170127455154e-10,4.9787272558995235e-11,0.1980487241794618,0.0
NGC5418,SB?,Mathewson96,70.16347837742724,0.2944897825612683,3.6478124679697514e-10,8.05446460297815e-11,0.39951693048456827,0.0
NGC5418,SB?,Mathewson96,70.16347837742724,0.7665658279397862,4.2189476663808283e-10,1.7695898632091043e-10,0.3611006311319041,0.0
NGC5418,SB?,Mathewson96,70.16347837742724,1.0003728674278234,3.343491184733136e-10,2.007600486840119e-10,0.33987267951145467,0.0
NGC5418,SB?,Mathewson96,70.16347837742724,1.4724489128063416,2.928077737148595e-10,2.1700312837215447e-10,0.27136664068925076,0.0
NGC5418,SB?,Mathewson96,70.16347837742724,2.1783319976728968,8.735399769180562e-11,1.8338533294123028e-10,0.21749220762764704,0.0
NGC5418,SB?,Mathewson96,70.16347837742724,3.8283671732964875,1.8563960505307347e-10,8.029036493429862e-11,0.33993335878576386,0.0
NGC5418,SB?,Mathewson96,70.16347837742724,4.300443218675006,6.378563724729188e-11,7.447298080325415e-11,0.33529590629892086,0.0
NGC5418,SB?,Mathewson96,70.16347837742724,4.889422783797542,1.023501017148766e-10,6.510891963409038e-11,0.3904732661591684,0.0
NGC5418,SB?,Mathewson96,70.16347837742724,5.595305868664098,6.26657587413008e-11,4.703691636338253e-11,0.4478930393910575,0.0
NGC5418,SB?,Mathewson96,70.16347837742724,6.184285433786634,1.0126813156290466e-10,4.45427361972123e-11,0.42266440003751937,0.0
NGC5418,SB?,Mathewson96,70.16347837742724,6.6563614791651515,8.183512494830068e-11,4.134077774173235e-11,0.4747558349450287,0.0
NGC5418,SB?,Mathewson96,70.16347837742724,6.890168518653189,8.045380154581309e-11,5.3824732984484515e-11,0.27347276404122267,0.0
NGC5418,SB?,Mathewson96,70.16347837742724,7.362244564031707,7.588818958614998e-11,3.672652068009511e-11,0.4814431248240434,0.0
NGC5418,SB?,Mathewson96,70.16347837742724,7.951224129154244,6.612662950833474e-11,4.932130516945071e-11,0.321469335083592,0.0
NGC5418,SB?,Mathewson96,70.16347837742724,8.423300174532761,6.43765565549647e-11,6.305818799172047e-11,0.1469888972948591,0.0
NGC5418,SB?,Mathewson96,70.16347837742724,8.6571072140208,5.899876457507545e-11,5.462027369436704e-11,0.20481374645929,0.0
NGC5418,SB?,Mathewson96,70.16347837742724,9.012279739655298,6.259968035004263e-11,3.6239638292184284e-11,0.3366901803862249,0.0
NGC5491,S? HII,Mathewson96,53.35890783626288,1.0810231284997454,5.314439158295996e-10,1.7332738692430714e-10,0.5651149734259978,0.0
NGC5491,S? HII,Mathewson96,53.35890783626288,1.8313020143989527,5.40952195585431e-10,2.2145263680398207e-10,0.47297347487885816,0.0
NGC5491,S? HII,Mathewson96,53.35890783626288,2.5638228201585336,6.013716204582848e-10,2.2091614466544343e-10,0.47012019951435163,0.0
NGC5491,S? HII,Mathewson96,53.35890783626288,3.296343625918115,5.641685136170135e-10,2.1208586292923903e-10,0.409215359717382,0.0
NGC5491,S? HII,Mathewson96,53.35890783626288,4.028864431677696,4.985747259779296e-10,2.1124687316652608e-10,0.3731220743396392,0.0
NGC5491,S? HII,Mathewson96,53.35890783626288,4.761385237437277,4.715085726150886e-10,1.6205683100755376e-10,0.4196970068777717,0.0
NGC5491,S? HII,Mathewson96,53.35890783626288,5.493906043196858,3.8808862292787976e-10,1.8550745118403866e-10,0.3588667525406962,0.0
NGC5491,S? HII,Mathewson96,53.35890783626288,6.2264268489564385,3.4306781649425144e-10,1.2793806563199955e-10,0.45768274343553467,0.0
NGC5491,S? HII,Mathewson96,53.35890783626288,6.95894765471602,3.2588535640937797e-10,1.1274476922254626e-10,0.4338986369219245,0.0
NGC5491,S? HII,Mathewson96,53.35890783626288,7.691468460475601,3.0179610906954834e-10,1.1078047642976045e-10,0.3681977945298297,0.0
NGC5491,S? HII,Mathewson96,53.35890783626288,8.423989266235182,2.844451948720077e-10,9.741055204330849e-11,0.3830342187905535,0.0
NGC5491,S? HII,Mathewson96,53.35890783626288,9.156510071994763,2.45355276340906e-10,9.541201290303216e-11,0.3394239073621477,0.0
NGC5491,S? HII,Mathewson96,53.35890783626288,9.889030877754344,1.9177815158213294e-10,1.0400782327478789e-10,0.22386851458655693,0.0
NGC5491,S? HII,Mathewson96,53.35890783626288,10.6037936033743,2.5984741814613493e-10,1.1030675812022846e-10,0.13907334951463862,0.0
NGC5491,S? HII,Mathewson96,53.35890783626288,11.33631440913388,1.922749846611303e-10,7.318117773824093e-11,0.1981203596528563,0.0
NGC5491,S? HII,Mathewson96,53.35890783626288,12.068835214893461,1.71064885040108e-10,6.90512030006319e-11,0.22130061945761684,0.0
NGC5491,S? HII,Mathewson96,53.35890783626288,12.80135602065304,1.4740527148836945e-10,8.218281748007687e-11,0.09360344145401392,0.0
NGC5491,S? HII,Mathewson96,53.35890783626288,13.533876826412623,1.341805095905944e-10,4.917265268387445e-11,0.27055577489724786,0.0
NGC5491,S? HII,Mathewson96,53.35890783626288,14.266397632172204,1.4526158092337787e-10,6.038093577762906e-11,0.1015903681750458,0.0
NGC5522,Sb,Mathewson96,78.79791618202167,0.3004125518144135,9.837486665853817e-11,5.3634055245180354e-11,0.5009556812932581,0.0
NGC5522,Sb,Mathewson96,78.79791618202167,1.0570071267544179,3.722706392788672e-10,1.4059341931453188e-10,0.4662076877379981,0.0
NGC5522,Sb,Mathewson96,78.79791618202167,1.8024753108864808,3.1531553693884654e-10,1.6533044153882152e-10,0.36556910543751286,0.0
NGC5522,Sb,Mathewson96,78.79791618202167,2.547943495018544,3.14051049653857e-10,1.4474992955800373e-10,0.3670013239353802,0.0
NGC5522,Sb,Mathewson96,78.79791618202167,3.3045380699585483,2.712264140484391e-10,1.298512388728524e-10,0.3137758345015343,0.0
NGC5522,Sb,Mathewson96,78.79791618202167,4.061132644898552,2.634138210700706e-10,1.190064390597554e-10,0.2849069506511143,0.0
NGC5522,Sb,Mathewson96,78.79791618202167,4.806600829030616,1.7911160481251223e-10,9.89984319677341e-11,0.23069393873987842,0.0
NGC5522,Sb,Mathewson96,78.79791618202167,5.5743217947785615,7.028695902925333e-11,7.419788784000754e-11,0.3203782208192199,0.0
NGC5522,Sb,Mathewson96,78.79791618202167,6.175146898407388,2.77265582351508e-10,5.859535521894281e-11,0.3633441469999613,0.0
NGC5522,Sb,Mathewson96,78.79791618202167,7.0763845538506285,2.138396741696496e-10,6.355502257045112e-11,0.2255906943056597,0.0
NGC5522,Sb,Mathewson96,78.79791618202167,7.81072634717475,1.689514804763813e-10,6.137743626413613e-11,0.2030391877167732,0.0
NGC5522,Sb,Mathewson96,78.79791618202167,8.556194531306813,1.6326946430746988e-10,5.466402802097006e-11,0.18343755660275243,0.0
NGC5522,Sb,Mathewson96,78.79791618202167,9.312789106246818,1.2952970197991002e-10,3.870832023873354e-11,0.21706563557903433,0.0
NGC5522,Sb,Mathewson96,78.79791618202167,10.069383681186823,1.0776680699740823e-10,2.6511183682279293e-11,0.4250719496131612,0.0
NGC5522,Sb,Mathewson96,78.79791618202167,10.814851865318886,1.102140898045865e-10,3.21838352056238e-11,0.28676093614435233,0.0
NGC5522,Sb,Mathewson96,78.79791618202167,11.560320049450949,1.2295444043159974e-10,4.038002405969989e-11,0.14844504757377378,0.0
NGC5522,Sb,Mathewson96,78.79791618202167,12.316914624390954,9.468711342364522e-11,2.0681452303862596e-11,0.3743466811061871,0.0
NGC5522,Sb,Mathewson96,78.79791618202167,12.917739728019779,7.827712419014763e-11,3.038579324581469e-11,0.16477440154218082,0.0
NGC5522,Sb,Mathewson96,78.79791618202167,13.674334302959785,8.338919939456357e-11,2.6615242048343047e-11,0.08272375756613494,0.0
NGC5522,Sb,Mathewson96,78.79791618202167,14.419802487091847,8.889779244922963e-11,2.3360155376455412e-11,0.16293428353811762,0.0
NGC5522,Sb,Mathewson96,78.79791618202167,14.853731728601556,8.340543419333102e-11,1.7009971672152626e-11,0.29937495245442075,0.0
NGC5577,SA(rs)bc: HII,Mathewson96,74.4377229586622,0.1351341507284319,1.1089201798328099e-10,8.877788068240354e-12,0.1275691407343395,0.0
NGC5577,SA(rs)bc: HII,Mathewson96,74.4377229586622,0.4662870695464572,1.947597302207018e-10,2.400937030772664e-11,0.4534227396625536,0.0
NGC5577,SA(rs)bc: HII,Mathewson96,74.4377229586622,0.736555371003321,1.5896393715828892e-10,2.8315205997409365e-11,0.44271961809535787,0.0
NGC5577,SA(rs)bc: HII,Mathewson96,74.4377229586622,1.0677082898213464,1.8801457913572175e-10,2.985621085139109e-11,0.454445231141941,0.0
NGC5577,SA(rs)bc: HII,Mathewson96,74.4377229586622,1.3379765912782104,1.8544789779521518e-10,2.981194624918803e-11,0.4738884382964243,0.0
NGC5577,SA(rs)bc: HII,Mathewson96,74.4377229586622,1.6691295100962356,1.7205643977858607e-10,3.060485586578438e-11,0.45360217351022764,0.0
NGC5577,SA(rs)bc: HII,Mathewson96,74.4377229586622,2.004737400916297,1.417781267506676e-10,3.0487316625384413e-11,0.44449876863625554,0.0
NGC5577,SA(rs)bc: HII,Mathewson96,74.4377229586622,2.205211141007927,2.2501662202071264e-10,2.937983544946639e-11,0.448159492799814,0.0
NGC5577,SA(rs)bc: HII,Mathewson96,74.4377229586622,2.5059217511453715,1.6772460628473095e-10,2.792691671030399e-11,0.4357402461395148,0.0
NGC5577,SA(rs)bc: HII,Mathewson96,74.4377229586622,2.8066323612828157,1.539461842262339e-10,2.819838549729551e-11,0.3859983746909646,0.0
NGC5577,SA(rs)bc: HII,Mathewson96,74.4377229586622,3.1073429714202607,1.353906277532093e-10,2.8263750342346062e-11,0.3454283431505967,0.0
NGC5577,SA(rs)bc: HII,Mathewson96,74.4377229586622,3.4125085535597415,1.2083444144186738e-10,2.7364422302991857e-11,0.3347209120980521,0.0
NGC5577,SA(rs)bc: HII,Mathewson96,74.4377229586622,3.7043092196931133,7.367277678552297e-11,2.5122454639812957e-11,0.37714710559784026,0.0
NGC5577,SA(rs)bc: HII,Mathewson96,74.4377229586622,4.005019829830558,1.121526518088403e-10,2.3959162733015617e-11,0.39844652138981285,0.0
NGC5577,SA(rs)bc: HII,Mathewson96,74.4377229586622,4.305730439968003,1.3391684760046417e-10,2.4885884860858625e-11,0.36410016628841924,0.0
NGC5577,SA(rs)bc: HII,Mathewson96,74.4377229586622,4.606441050105447,1.0059674589432933e-10,2.4405814276650217e-11,0.31170860096727676,0.0
NGC5577,SA(rs)bc: HII,Mathewson96,74.4377229586622,4.907151660242892,8.152821850219079e-11,1.888002429426065e-11,0.408968512562708,0.0
NGC5577,SA(rs)bc: HII,Mathewson96,74.4377229586622,5.207862270380336,9.707232879675424e-11,2.2972683008145655e-11,0.326435847554745,0.0
NGC5577,SA(rs)bc: HII,Mathewson96,74.4377229586622,5.408336010471966,1.0449560342934726e-10,1.7737859684275526e-11,0.39323290925581467,0.0
NGC5599,Sb,Courteau97/Mathewson96,68.3299496823779,0.4171866191549706,1.167854803088974e-10,3.1529141605853035e-11,0.6964762464397277,0.0
NGC5599,Sb,Courteau97/Mathewson96,68.3299496823779,1.2515598574649116,2.867439852359273e-10,7.883098354930391e-11,0.6296987289544748,0.0
NGC5599,Sb,Courteau97/Mathewson96,68.3299496823779,2.0859330957748528,3.849875193508702e-10,1.0324283565738224e-10,0.5486081758351848,0.0
NGC5599,Sb,Courteau97/Mathewson96,68.3299496823779,2.9203063340847937,3.3966962342907923e-10,1.166207149530326e-10,0.5165156629782335,0.0
NGC5599,Sb,Courteau97/Mathewson96,68.3299496823779,3.754679572394735,3.254467056476308e-10,1.157303374702735e-10,0.4411544729980721,0.0
NGC5599,Sb,Courteau97/Mathewson96,68.3299496823779,4.5890528107046755,3.034284467928379e-10,1.2509400248125254e-10,0.38350570617901164,0.0
NGC5599,Sb,Courteau97/Mathewson96,68.3299496823779,5.423426049014617,2.8101172131214736e-10,9.280100054834238e-11,0.44532568149354945,0.0
NGC5599,Sb,Courteau97/Mathewson96,68.3299496823779,6.257799287324557,2.38298706614173e-10,1.165094701615493e-10,0.33735132161711234,0.0
NGC5599,Sb,Courteau97/Mathewson96,68.3299496823779,7.092172525634499,2.1271187656272508e-10,7.502800612608084e-11,0.4566827649527087,0.0
NGC5599,Sb,Courteau97/Mathewson96,68.3299496823779,8.00436441276998,1.8642134153508223e-10,7.394585650077731e-11,0.32212591271756036,0.0
NGC5599,Sb,Courteau97/Mathewson96,68.3299496823779,8.760919002254381,1.7194761009359537e-10,5.7943085005193867e-11,0.4088959765376742,0.0
NGC5599,Sb,Courteau97/Mathewson96,68.3299496823779,9.453280229801468,2.0329780898577922e-10,5.5852926890344475e-11,0.4060808475764675,0.0
NGC5599,Sb,Courteau97/Mathewson96,68.3299496823779,10.473491143916807,1.59302909724982e-10,4.4247367632136337e-11,0.4352961030674194,0.0
NGC5599,Sb,Courteau97/Mathewson96,68.3299496823779,10.979171894407678,1.5615395385831305e-10,7.554089880262849e-11,0.16803735347883483,0.0
NGC5599,Sb,Courteau97/Mathewson96,68.3299496823779,16.732133232492185,7.638949299165507e-11,2.7103296474004416e-11,0.21451396508868473,0.0
NGC5619,SAB(rs)b,Courteau97/Mathewson96,62.979281225280886,0.537342040578867,6.88845441144975e-11,1.202788769806343e-10,0.6683355415462489,0.0
NGC5619,SAB(rs)b,Courteau97/Mathewson96,62.979281225280886,1.9686258395753036,5.140313761211263e-10,3.159215288547e-10,0.5238417486431842,0.0
NGC5619,SAB(rs)b,Courteau97/Mathewson96,62.979281225280886,4.4794786473711,2.0382146685775363e-10,3.3187638567845025e-10,0.3481524411053998,0.0
NGC5619,SAB(rs)b,Courteau97/Mathewson96,62.979281225280886,6.746085073085594,1.5760523384562149e-10,1.7177906786091584e-10,0.4892950858566711,0.0
NGC5619,SAB(rs)b,Courteau97/Mathewson96,62.979281225280886,8.299492063122681,4.6448048810275223e-10,9.148935257851683e-11,0.655520571492438,0.0
NGC5619,SAB(rs)b,Courteau97/Mathewson96,62.979281225280886,10.448860225438148,2.600259899559043e-10,1.9022336330303206e-10,0.29974303509607303,0.0
NGC5619,SAB(rs)b,Courteau97/Mathewson96,62.979281225280886,12.300971494598372,2.243000323317568e-10,3.146490799857916e-11,0.8242472949119596,0.0
NGC5619,SAB(rs)b,Courteau97/Mathewson96,62.979281225280886,14.53121234786965,2.574351166729216e-10,7.951671278190638e-11,0.5424033632869577,0.0
NGC5619,SAB(rs)b,Courteau97/Mathewson96,62.979281225280886,16.366787232346738,2.2987290720371234e-10,7.400876228394863e-12,0.9458320851652648,0.0
NGC5619,SAB(rs)b,Courteau97/Mathewson96,62.979281225280886,18.45312730262974,1.91544335957065e-10,1.5735349145621868e-10,0.19814615639599614,0.0
NGC5619,SAB(rs)b,Courteau97/Mathewson96,62.979281225280886,20.24053485215621,1.9116420294815782e-10,1.1527087798277125e-10,0.21669033902294083,0.0
NGC5619,SAB(rs)b,Courteau97/Mathewson96,62.979281225280886,24.060439713960196,1.8557329747416999e-10,2.649338149032359e-12,0.9705216601206111,0.0
NGC5619,SAB(rs)b,Courteau97/Mathewson96,62.979281225280886,25.7665459236096,1.7128279259599546e-10,5.7214282506185045e-11,0.3946535469758365,0.0
NGC5619,SAB(rs)b,Courteau97/Mathewson96,62.979281225280886,28.102807799028756,1.558391953806402e-10,6.181253555880793e-11,0.29661617619694725,0.0
NGC5619,SAB(rs)b,Courteau97/Mathewson96,62.979281225280886,30.07812779870555,1.708866265398151e-10,9.658808813387845e-11,0.12501351293769736,0.0
NGC5619,SAB(rs)b,Courteau97/Mathewson96,62.979281225280886,31.554228870350556,1.5184802477758358e-10,3.745973462740796e-11,0.4283031070849,0.0
NGC5619,SAB(rs)b,Courteau97/Mathewson96,62.979281225280886,33.67180623372846,1.4119142171263248e-10,5.761251236430782e-11,0.16801228580136116,0.0
NGC5619,SAB(rs)b,Courteau97/Mathewson96,62.979281225280886,35.28383235546506,1.3947642255400135e-10,1.7900368248307125e-11,0.6464908984795059,0.0
NGC5619,SAB(rs)b,Courteau97/Mathewson96,62.979281225280886,38.50788459893826,1.3736958194953107e-10,2.5672042812521033e-11,0.4037079010056133,0.0
NGC5645,SB(s)d,Mathewson96,55.59809533270836,0.1591780306886772,8.074203234936316e-11,2.9961222246345295e-11,0.12203540247237875,0.0
NGC5645,SB(s)d,Mathewson96,55.59809533270836,0.4444265580685042,1.802110492475228e-10,7.40284973810298e-11,0.3572049073240899,0.0
NGC5645,SB(s)d,Mathewson96,55.59809533270836,0.729675085448331,1.4956714292751889e-10,1.0354080448268498e-10,0.3077841956278675,0.0
NGC5645,SB(s)d,Mathewson96,55.59809533270836,1.0480311468256855,1.451119799140179e-10,1.0798393306237553e-10,0.307411519875455,0.0
NGC5645,SB(s)d,Mathewson96,55.59809533270836,1.3332796742055124,1.2836840733810065e-10,1.0301153129190492e-10,0.3022596330557692,0.0
NGC5645,SB(s)d,Mathewson96,55.59809533270836,1.6185282015853393,2.0092218838072374e-10,9.533324766685101e-11,0.2941519471753262,0.0
NGC5645,SB(s)d,Mathewson96,55.59809533270836,1.9368842629626937,1.307358605330516e-10,8.631666616851933e-11,0.2590221307742955,0.0
NGC5645,SB(s)d,Mathewson96,55.59809533270836,2.2221327903425205,1.3374546055631745e-10,7.904778868791535e-11,0.2872362203286641,0.0
NGC5645,SB(s)d,Mathewson96,55.59809533270836,2.444346069376773,8.408883862091692e-11,7.387081987221292e-11,0.2831146961482164,0.0
NGC5645,SB(s)d,Mathewson96,55.59809533270836,3.7445182095847582,7.046299321323952e-11,4.748699275429668e-11,0.2554521830303673,0.0
NGC5645,SB(s)d,Mathewson96,55.59809533270836,4.077838128136136,1.0341070036846524e-10,4.290979472372083e-11,0.2758761072022685,0.0
NGC5645,SB(s)d,Mathewson96,55.59809533270836,4.411158046687514,8.175970728228085e-11,4.1326346350413326e-11,0.26657188171215135,0.0
NGC5645,SB(s)d,Mathewson96,55.59809533270836,4.6333713257217655,1.1419582073124454e-10,4.173560169994471e-11,0.19678054649126156,0.0
NGC5645,SB(s)d,Mathewson96,55.59809533270836,4.966691244273144,1.0556855902596749e-10,3.404171952137689e-11,0.2531315835538364,0.0
NGC5645,SB(s)d,Mathewson96,55.59809533270836,5.300011162824522,8.493684510981027e-11,3.4200299148752303e-11,0.23737685959467725,0.0
NGC5650,SABbc,Mathewson96,49.67849509660455,0.9004452330739583,4.897784393128646e-10,9.282555662014635e-11,0.684274038941601,0.0
NGC5650,SABbc,Mathewson96,49.67849509660455,1.8008904661479166,5.816557734413732e-10,1.6947599342945302e-10,0.5575170270940257,0.0
NGC5650,SABbc,Mathewson96,49.67849509660455,2.7013356992218753,4.8154761785958e-10,1.9783316871570773e-10,0.4675255386491441,0.0
NGC5650,SABbc,Mathewson96,49.67849509660455,3.601780932295833,4.1663391753567823e-10,1.6571308298929687e-10,0.48554529687791365,0.0
NGC5650,SABbc,Mathewson96,49.67849509660455,4.502226165369791,3.3211898014265256e-10,1.8329335153792323e-10,0.3887195991573231,0.0
NGC5650,SABbc,Mathewson96,49.67849509660455,5.402671398443751,2.904168141735735e-10,1.6654125592584672e-10,0.3359520419150108,0.0
NGC5650,SABbc,Mathewson96,49.67849509660455,6.260822991782415,2.4258114476141065e-10,1.3738587420630798e-10,0.42848601405438397,0.0
NGC5650,SABbc,Mathewson96,49.67849509660455,6.345410271253,1.792890044608327e-10,1.1670020480220512e-10,0.4802023034966331,0.0
NGC5650,SABbc,Mathewson96,49.67849509660455,7.203561864591666,1.9374085705294498e-10,1.4320860979950155e-10,0.2735430357550469,0.0
NGC5650,SABbc,Mathewson96,49.67849509660455,8.104007097665626,1.6636051995193553e-10,1.524837505316624e-10,0.25907109552138247,0.0
NGC5650,SABbc,Mathewson96,49.67849509660455,9.004452330739582,1.5606493179238292e-10,1.2766976132600185e-10,0.271992611405514,0.0
NGC5650,SABbc,Mathewson96,49.67849509660455,9.904897563813542,1.5399090200203432e-10,1.1470812699364137e-10,0.2538924665601074,0.0
NGC5650,SABbc,Mathewson96,49.67849509660455,10.805342796887501,1.646503095697573e-10,1.1451679183071894e-10,0.197287686207522,0.0
NGC5650,SABbc,Mathewson96,49.67849509660455,11.705788029961457,1.4177843115797147e-10,1.1314357309526064e-10,0.13933093401226496,0.0
NGC5650,SABbc,Mathewson96,49.67849509660455,12.563939623300124,1.449065870934001e-10,4.83343670242109e-11,0.4498076799612681,0.0
NGC5650,SABbc,Mathewson96,49.67849509660455,12.648526902770707,1.2110378788920196e-10,5.679815269667183e-11,0.33367512678324196,0.0
NGC5661,SBb:,Mathewson96,71.99750561135582,0.17723143044142242,1.3976639922742052e-11,1.2494006707709021e-11,0.30525169910893923,0.0
NGC5661,SBb:,Mathewson96,71.99750561135582,0.43341140717038756,5.136864868925255e-11,2.954541090340821e-11,0.4630481819855269,0.0
NGC5661,SBb:,Mathewson96,71.99750561135582,0.7089257217656897,4.618033861193421e-11,4.3224843437120096e-11,0.4217088358863898,0.0
NGC5661,SBb:,Mathewson96,71.99750561135582,1.0633885826485345,1.1305549356705927e-10,5.027664892283296e-11,0.38358162664670836,0.0
NGC5661,SBb:,Mathewson96,71.99750561135582,1.4178514435313796,1.1295013795927757e-10,5.013841064875577e-11,0.3725957952214855,0.0
NGC5661,SBb:,Mathewson96,71.99750561135582,1.6933657581266817,1.426984107498501e-10,4.940400666092661e-11,0.36765913252124666,0.0
NGC5661,SBb:,Mathewson96,71.99750561135582,1.9495457348556469,1.315571874672356e-10,5.111551847443818e-11,0.3343931912151125,0.0
NGC5661,SBb:,Mathewson96,71.99750561135582,2.205725711584612,1.121236635040782e-10,5.367016823812741e-11,0.290865528001072,0.0
NGC5661,SBb:,Mathewson96,71.99750561135582,2.481240026179914,1.3453454912522603e-10,5.365152682693007e-11,0.24503851516012404,0.0
NGC5661,SBb:,Mathewson96,71.99750561135582,2.8357028870627587,1.3250684480149425e-10,4.703413643422509e-11,0.22470762864627405,0.0
NGC5661,SBb:,Mathewson96,71.99750561135582,3.1901657479456036,1.3720616635004203e-10,4.258564187183896e-11,0.2210903787776347,0.0
NGC5661,SBb:,Mathewson96,71.99750561135582,3.4656800625409065,1.1498132588140028e-10,3.9084532400745996e-11,0.19952843223268746,0.0
NGC5661,SBb:,Mathewson96,71.99750561135582,3.721860039269871,1.2159766788333057e-10,3.4537022913169505e-11,0.18532587193302413,0.0
NGC5661,SBb:,Mathewson96,71.99750561135582,3.9780400159988365,1.537841996922425e-10,3.23596888778329e-11,0.21247613922847378,0.0
NGC5665,SAB(rs)c pec? HII,Mathewson96,55.08446566905312,0.14857511453712458,1.0911732727630477e-11,4.814730038250085e-11,0.1623747734831286,0.0
NGC5665,SAB(rs)c pec? HII,Mathewson96,55.08446566905312,0.4457253436113737,7.083289040413018e-11,1.308383688075205e-10,0.4395341057149962,0.0
NGC5665,SAB(rs)c pec? HII,Mathewson96,55.08446566905312,0.7428755726856229,1.6463570814548824e-10,1.8491586665932338e-10,0.3922925042002272,0.0
NGC5665,SAB(rs)c pec? HII,Mathewson96,55.08446566905312,1.040025801759872,1.79898757771041e-10,2.1577110694732593e-10,0.3743423167985075,0.0
NGC5665,SAB(rs)c pec? HII,Mathewson96,55.08446566905312,1.3371760308341212,2.1478484546317578e-10,2.1543622374875924e-10,0.36710564027918396,0.0
NGC5665,SAB(rs)c pec? HII,Mathewson96,55.08446566905312,1.6343262599083703,2.2475064648035864e-10,2.0579591125733338e-10,0.35816485653414654,0.0
NGC5665,SAB(rs)c pec? HII,Mathewson96,55.08446566905312,1.9314764889826195,2.1481744286578655e-10,2.067222719756533e-10,0.30122328511278884,0.0
NGC5665,SAB(rs)c pec? HII,Mathewson96,55.08446566905312,2.248736885075025,2.09263967832348e-10,1.990089337336725e-10,0.30839227030520255,0.0
NGC5665,SAB(rs)c pec? HII,Mathewson96,55.08446566905312,2.694462228686399,2.368087142094748e-10,1.8979455215850796e-10,0.26620128623966,0.0
NGC5665,SAB(rs)c pec? HII,Mathewson96,55.08446566905312,2.991612457760648,2.2921358517210289e-10,1.8028224256867055e-10,0.24303780148496248,0.0
NGC5665,SAB(rs)c pec? HII,Mathewson96,55.08446566905312,3.288762686834897,1.761372439465003e-10,1.6785446894888997e-10,0.22258365345888936,0.0
NGC5690,Sc? sp HII,Courteau97,74.38435604605557,0.25363977971849977,4.135546928721161e-11,2.970666543299868e-11,0.5825189626320787,0.0
NGC5690,Sc? sp HII,Courteau97,74.38435604605557,0.7864396649940609,7.97974589244932e-11,9.523648726012038e-11,0.5148017482670567,0.0
NGC5690,Sc? sp HII,Courteau97,74.38435604605557,1.3192395502696221,9.147425732045152e-11,1.1321790527132482e-10,0.5123288848790328,0.0
NGC5690,Sc? sp HII,Courteau97,74.38435604605557,1.8265191097066216,1.1684961106505112e-10,1.1181877671662666e-10,0.5072600445580498,0.0
NGC5690,Sc? sp HII,Courteau97,74.38435604605557,2.359318994982183,1.54500186059622e-10,1.2122548567295961e-10,0.47699059483345213,0.0
NGC5690,Sc? sp HII,Courteau97,74.38435604605557,2.8921188802577444,1.4776213838458992e-10,1.416886344765507e-10,0.39369167522399623,0.0
NGC5690,Sc? sp HII,Courteau97,74.38435604605557,3.399398439694744,1.4032655714639483e-10,1.5817792030165887e-10,0.275803055701092,0.0
NGC5690,Sc? sp HII,Courteau97,74.38435604605557,3.932198324970305,1.3242886134386362e-10,1.3884374726295294e-10,0.266021437957973,0.0
NGC5690,Sc? sp HII,Courteau97,74.38435604605557,4.464998210245866,1.2406144510314204e-10,1.2282829592516285e-10,0.19695691738231455,0.0
NGC5690,Sc? sp HII,Courteau97,74.38435604605557,4.972277769682866,1.0219444671916885e-10,1.0692363697687572e-10,0.21159721305872603,0.0
NGC5690,Sc? sp HII,Courteau97,74.38435604605557,5.4892996200911215,1.0669541406155894e-10,9.933098129614214e-11,0.19035181394532644,0.0
NGC5690,Sc? sp HII,Courteau97,74.38435604605557,6.034435908079412,1.1372789726700452e-10,9.364585033390057e-11,0.15025534272202037,0.0
NGC5690,Sc? sp HII,Courteau97,74.38435604605557,6.57292749510059,1.1984934106759625e-10,8.167735376651573e-11,0.11201149150174018,0.0
NGC5690,Sc? sp HII,Courteau97,74.38435604605557,7.081984426829564,8.29896491294448e-11,6.178956667021064e-11,0.18358679899418123,0.0
NGC5690,Sc? sp HII,Courteau97,74.38435604605557,7.641671857157863,8.150815695297862e-11,5.7515568084142854e-11,0.1574761524781622,0.0
NGC5690,Sc? sp HII,Courteau97,74.38435604605557,8.100491824109762,7.45702914899196e-11,5.99986047746823e-11,0.07129607063206085,0.0
NGC5690,Sc? sp HII,Courteau97,74.38435604605557,8.457446538029558,8.629298581755413e-11,4.708478000392109e-11,0.1304088671543568,0.0
NGC5690,Sc? sp HII,Courteau97,74.38435604605557,9.865708716456986,4.9940394772028725e-11,3.771274150043877e-11,0.049154752913566385,0.0
NGC5690,Sc? sp HII,Courteau97,74.38435604605557,10.374581440864906,5.425498808620176e-11,3.032248140291185e-11,0.08909395751341424,0.0
NGC5740,SAB(rs)b NLAGN,Courteau97,62.09277646510774,0.14717918405934116,2.827485771750958e-09,1.6048949129393109e-10,0.0,0.0
NGC5740,SAB(rs)b NLAGN,Courteau97,62.09277646510774,0.45016165030422034,1.6860293827204173e-09,2.979118425436442e-10,0.15841112512786762,0.0
NGC5740,SAB(rs)b NLAGN,Courteau97,62.09277646510774,0.7782260623123515,8.968293950744103e-10,2.42565603503593e-10,0.20003857707420858,0.0
NGC5740,SAB(rs)b NLAGN,Courteau97,62.09277646510774,1.0470956875863575,5.967464250135474e-10,1.9623061180922575e-10,0.22725389109423155,0.0
NGC5740,SAB(rs)b NLAGN,Courteau97,62.09277646510774,1.3563428288851722,6.632850880306924e-10,1.6488717553453274e-10,0.2580681583576582,0.0
NGC5740,SAB(rs)b NLAGN,Courteau97,62.09277646510774,1.6507011970038548,5.572198897253252e-10,1.4651167422825942e-10,0.25335874199251446,0.0
NGC5740,SAB(rs)b NLAGN,Courteau97,62.09277646510774,1.947012191113374,5.253748466113105e-10,1.3429232568585905e-10,0.25015558982141844,0.0
NGC5740,SAB(rs)b NLAGN,Courteau97,62.09277646510774,2.241370559232056,3.778974950951162e-10,1.177969630516117e-10,0.23204206063484423,0.0
NGC5740,SAB(rs)b NLAGN,Courteau97,62.09277646510774,2.550617700530871,3.1547766602838353e-10,1.0586936790142258e-10,0.2439726623255967,0.0
NGC5740,SAB(rs)b NLAGN,Courteau97,62.09277646510774,2.8513221031197733,3.7734818575092157e-10,9.736431246694667e-11,0.23863705893582335,0.0
NGC5740,SAB(rs)b NLAGN,Courteau97,62.09277646510774,3.186258480110538,2.3065160943256892e-10,9.037099805476485e-11,0.2158625722658866,0.0
NGC5740,SAB(rs)b NLAGN,Courteau97,62.09277646510774,3.4697350263011177,3.4684606163569266e-10,8.737196484645945e-11,0.18043521486280578,0.0
NGC5740,SAB(rs)b NLAGN,Courteau97,62.09277646510774,3.7239018427750716,2.3738471716116587e-10,8.443802518732292e-11,0.12470720982555793,0.0
NGC5806,SAB(s)b NLAGN,Courteau97/Mathewson96,61.68816538616377,0.14224043229179292,3.1440240587889935e-09,1.7163393673430015e-10,0.0,0.0
NGC5806,SAB(s)b NLAGN,Courteau97/Mathewson96,61.68816538616377,0.44167059835275385,1.860364508124523e-09,4.02273621445456e-10,0.1812038780382639,0.0
NGC5806,SAB(s)b NLAGN,Courteau97/Mathewson96,61.68816538616377,0.684806615761278,7.427540612269438e-10,4.292808258421613e-10,0.17719444108019486,0.0
NGC5806,SAB(s)b NLAGN,Courteau97/Mathewson96,61.68816538616377,1.0035286141613944,3.584502484141442e-10,3.326273088712957e-10,0.22914557289736118,0.0
NGC5806,SAB(s)b NLAGN,Courteau97/Mathewson96,61.68816538616377,1.4805275233316366,1.3956641360415592e-10,2.2499152418050223e-10,0.2982897507163488,0.0
NGC5806,SAB(s)b NLAGN,Courteau97/Mathewson96,61.68816538616377,1.5722654953579132,9.547306293521431e-11,2.1238692223306928e-10,0.3198502113056009,0.0
NGC5806,SAB(s)b NLAGN,Courteau97/Mathewson96,61.68816538616377,1.953864622694107,1.5304078151970085e-10,1.7383207225540798e-10,0.34926281837479,0.0
NGC5806,SAB(s)b NLAGN,Courteau97/Mathewson96,61.68816538616377,2.2412845714655094,2.2010873273818344e-10,1.5419581311239637e-10,0.36746644958789165,0.0
NGC5806,SAB(s)b NLAGN,Courteau97/Mathewson96,61.68816538616377,2.5757941095193075,1.5269442186040159e-10,1.376861151816475e-10,0.3952419657938899,0.0
NGC5806,SAB(s)b NLAGN,Courteau97/Mathewson96,61.68816538616377,2.9103036475731057,2.0875258566335094e-10,1.2868425400717295e-10,0.3739103309508813,0.0
NGC5806,SAB(s)b NLAGN,Courteau97/Mathewson96,61.68816538616377,3.181320401533087,2.7525678372912347e-10,1.2547864966028982e-10,0.3726075777034626,0.0
NGC5806,SAB(s)b NLAGN,Courteau97/Mathewson96,61.68816538616377,3.477507891581911,2.9446293402568094e-10,1.27524223626349e-10,0.350803900259594,0.0
NGC5806,SAB(s)b NLAGN,Courteau97/Mathewson96,61.68816538616377,3.762762531452258,2.795063214218143e-10,1.3777762201533934e-10,0.3016011678760901,0.0
NGC5806,SAB(s)b NLAGN,Courteau97/Mathewson96,61.68816538616377,4.06743956197125,3.2160460801765765e-10,1.464851644434008e-10,0.22738475648211814,0.0
NGC5806,SAB(s)b NLAGN,Courteau97/Mathewson96,61.68816538616377,4.384267751570929,3.0054432810550693e-10,1.359839216206882e-10,0.1799633032785372,0.0
NGC5806,SAB(s)b NLAGN,Courteau97/Mathewson96,61.68816538616377,4.6849323165183945,2.1494145411729037e-10,1.1279098804440349e-10,0.22226010110525263,0.0
NGC5806,SAB(s)b NLAGN,Courteau97/Mathewson96,61.68816538616377,5.006657641383657,1.960045281827423e-10,1.1062776164697185e-10,0.2038084958823312,0.0
NGC5806,SAB(s)b NLAGN,Courteau97/Mathewson96,61.68816538616377,5.292856986885802,2.1594311930583533e-10,1.0539827060722825e-10,0.14104904180600922,0.0
NGC5806,SAB(s)b NLAGN,Courteau97/Mathewson96,61.68816538616377,5.579056332387948,1.8777052830361782e-10,8.83483258736924e-11,0.21127438927393033,0.0
NGC5806,SAB(s)b NLAGN,Courteau97/Mathewson96,61.68816538616377,5.884118816570916,1.6105664887626348e-10,9.296626669024834e-11,0.1308730188057371,0.0
NGC5806,SAB(s)b NLAGN,Courteau97/Mathewson96,61.68816538616377,6.049406165854605,1.2000250181341595e-10,8.294775762601026e-11,0.17170926341635195,0.0
NGC6016,Scd:,Courteau97,62.741708812889094,0.26260074176423537,1.2636905527887813e-10,1.3174375739313207e-11,0.6676686415057316,0.0
NGC6016,Scd:,Courteau97,62.741708812889094,0.787802225292706,2.5443639886692633e-10,3.830288444813327e-11,0.6405767092653062,0.0
NGC6016,Scd:,Courteau97,62.741708812889094,1.3130037088211768,2.5953765370566336e-10,5.6591463973162856e-11,0.5651268334904711,0.0
NGC6016,Scd:,Courteau97,62.741708812889094,1.8382051923496474,1.976651584344891e-10,6.633367990701754e-11,0.5229598062671846,0.0
NGC6016,Scd:,Courteau97,62.741708812889094,2.3634066758781183,2.0101535660437543e-10,6.877366336622218e-11,0.4872750068809986,0.0
NGC6016,Scd:,Courteau97,62.741708812889094,2.8326397184851206,1.851361703327241e-10,6.920840385811297e-11,0.47579104957617085,0.0
NGC6016,Scd:,Courteau97,62.741708812889094,3.282509272052942,2.3123253702023912e-10,7.82069846852432e-11,0.3991605974878787,0.0
NGC6016,Scd:,Courteau97,62.741708812889094,3.8077107555814127,2.4618532311912717e-10,6.664909655403143e-11,0.418120086484731,0.0
NGC6016,Scd:,Courteau97,62.741708812889094,4.238216820110052,1.4337350451036315e-10,6.047909943387867e-11,0.3985383020025687,0.0
NGC6016,Scd:,Courteau97,62.741708812889094,4.763418303638524,2.1035111912511953e-10,6.213570622838354e-11,0.3591942764928699,0.0
NGC6016,Scd:,Courteau97,62.741708812889094,5.419920158049112,1.9498101230815013e-10,5.408976101319593e-11,0.41649982917681105,0.0
NGC6016,Scd:,Courteau97,62.741708812889094,5.745651179146567,1.2291352533846127e-10,5.6171490776007865e-11,0.3262682186950114,0.0
NGC6016,Scd:,Courteau97,62.741708812889094,6.358386243263117,1.4317480288897155e-10,5.980885357275957e-11,0.28511656642402394,0.0
NGC6016,Scd:,Courteau97,62.741708812889094,6.77165084494865,9.353463620657766e-11,3.546182226056637e-11,0.4872470867850098,0.0
NGC6016,Scd:,Courteau97,62.741708812889094,7.316215817516302,1.0472580776653709e-10,4.127827745821967e-11,0.4055522279268262,0.0
NGC6016,Scd:,Courteau97,62.741708812889094,7.746721882044943,1.2426988329109118e-10,5.740265432342592e-11,0.22367377912970168,0.0
NGC6016,Scd:,Courteau97,62.741708812889094,8.965030171866289,1.2670229225820145e-10,2.9344959046724065e-11,0.42348999552657396,0.0
NGC6016,Scd:,Courteau97,62.741708812889094,9.490231655394759,9.686063053029285e-11,4.54011967684751e-11,0.19096092497811107,0.0
NGC6016,Scd:,Courteau97,62.741708812889094,9.884132768041113,9.491957789757754e-11,2.6835056459984137e-11,0.38952683484080797,0.0
NGC6016,Scd:,Courteau97,62.741708812889094,10.146733509805347,8.123905839496438e-11,3.9328259197553e-11,0.12072841431069178,0.0
NGC6022,(R')SB(s)bc,SCII,45.69424212774855,0.2985452694349502,5.5367672757773095e-11,2.2002471426819438e-11,0.745564396383476,0.0
NGC6022,(R')SB(s)bc,SCII,45.69424212774855,0.8956358083048507,2.5313840821457264e-10,7.447392478453824e-11,0.639101296918688,0.0
NGC6022,(R')SB(s)bc,SCII,45.69424212774855,1.575528005235983,4.714386887038481e-10,1.1355709569824161e-10,0.5609572730083435,0.0
NGC6022,(R')SB(s)bc,SCII,45.69424212774855,2.2390895207621266,3.6602980161540843e-10,1.4212609783651175e-10,0.4832285751597418,0.0
NGC6022,(R')SB(s)bc,SCII,45.69424212774855,2.90265103628827,3.0437704701738816e-10,1.589524554338467e-10,0.3547527235579069,0.0
NGC6022,(R')SB(s)bc,SCII,45.69424212774855,3.544055559595666,2.5207764469357753e-10,1.5620970391644745e-10,0.32389485048369593,0.0
NGC6022,(R')SB(s)bc,SCII,45.69424212774855,4.2134433859355696,1.8414137126869302e-10,1.319442418373385e-10,0.32290194556317037,0.0
NGC6022,(R')SB(s)bc,SCII,45.69424212774855,4.810533924805469,1.898419628391732e-10,1.4269420178206382e-10,0.2568926136543739,0.0
NGC6022,(R')SB(s)bc,SCII,45.69424212774855,5.40762446367537,8.582597085368673e-11,1.1586678206236399e-10,0.28921648153766144,0.0
NGC6022,(R')SB(s)bc,SCII,45.69424212774855,6.00471500254527,1.0063843733538677e-10,9.444139860010602e-11,0.31096171654822546,0.0
NGC6022,(R')SB(s)bc,SCII,45.69424212774855,6.71726856228638,9.995489926748546e-11,7.263479927664643e-11,0.34364501826739163,0.0
NGC6022,(R')SB(s)bc,SCII,45.69424212774855,7.42982212202749,6.860245163981421e-11,6.075668237670466e-11,0.3487786628465477,0.0
NGC6022,(R')SB(s)bc,SCII,45.69424212774855,8.060722274743656,8.663418066669288e-11,5.682841506823405e-11,0.33541868623813476,0.0
NGC6022,(R')SB(s)bc,SCII,45.69424212774855,8.657812813613557,9.142097683046276e-11,6.295111778942515e-11,0.24155802666528417,0.0
NGC6022,(R')SB(s)bc,SCII,45.69424212774855,9.254903352483456,9.387249713226173e-11,6.493343441245558e-11,0.1682813733241705,0.0
NGC6022,(R')SB(s)bc,SCII,45.69424212774855,9.851993891353358,9.339756351899965e-11,3.619856910985085e-11,0.40329017868029715,0.0
NGC6022,(R')SB(s)bc,SCII,45.69424212774855,10.449084430223257,9.478350832026224e-11,5.122775249450266e-11,0.20467040849803902,0.0
NGC6022,(R')SB(s)bc,SCII,45.69424212774855,11.046174969093158,8.921244073189678e-11,3.8790685371408164e-11,0.20376701363405084,0.0
NGC6022,(R')SB(s)bc,SCII,45.69424212774855,11.604777834339322,8.217710124871524e-11,4.0932739550136505e-11,0.215030607897631,0.0
NGC6022,(R')SB(s)bc,SCII,45.69424212774855,12.4234382953967,6.266668270458954e-11,4.61490586265891e-11,0.11737554371265199,0.0
NGC6063,Scd:,Courteau97,59.5362566201827,0.14886700167260564,7.63041752297246e-11,8.417392277054099e-12,0.3660955435386904,0.0
NGC6063,Scd:,Courteau97,59.5362566201827,0.48724136426441716,1.5266034689609212e-10,2.4725703880339855e-11,0.576616412197866,0.0
NGC6063,Scd:,Courteau97,59.5362566201827,0.8256157268562285,2.0220935156164999e-10,3.367405334731688e-11,0.5510475323730814,0.0
NGC6063,Scd:,Courteau97,59.5362566201827,1.12334973020144,1.578339645958965e-10,3.792884694414512e-11,0.5574642236830112,0.0
NGC6063,Scd:,Courteau97,59.5362566201827,1.4617240927932513,2.664100791656432e-10,4.3514001812443546e-11,0.5031817191946538,0.0
NGC6063,Scd:,Courteau97,59.5362566201827,1.7414572346253605,3.959687905894087e-10,4.899154782045186e-11,0.4690982190413316,0.0
NGC6063,Scd:,Courteau97,59.5362566201827,2.0573028361573704,3.34588526717352e-10,5.069565287768659e-11,0.4545327284146723,0.0
NGC6063,Scd:,Courteau97,59.5362566201827,2.4362068213220858,3.0352908512499536e-10,4.7220763495110675e-11,0.45341863515243896,0.0
NGC6063,Scd:,Courteau97,59.5362566201827,2.724921937798463,2.5833520744557784e-10,4.5893261915369315e-11,0.45843630869476143,0.0
NGC6063,Scd:,Courteau97,59.5362566201827,3.045258526652607,1.5437483495366166e-10,4.543486001339022e-11,0.45021567988055405,0.0
NGC6063,Scd:,Courteau97,59.5362566201827,3.397216587884517,1.49689631206435e-10,4.392452336135314e-11,0.43850088336944487,0.0
NGC6063,Scd:,Courteau97,59.5362566201827,3.715215402516181,1.746323241142683e-10,4.4780144270927796e-11,0.41451228753961183,0.0
NGC6063,Scd:,Courteau97,59.5362566201827,4.019741255181441,1.823134121570783e-10,4.774063259099025e-11,0.3655292555325703,0.0
NGC6063,Scd:,Courteau97,59.5362566201827,4.371699316413352,1.5772008012810592e-10,4.8447230439813303e-11,0.3196057007861575,0.0
NGC6063,Scd:,Courteau97,59.5362566201827,4.676225169078613,1.527819126225276e-10,4.161259780709278e-11,0.2781704015508359,0.0
NGC6063,Scd:,Courteau97,59.5362566201827,5.0179400879936,1.6830030567467593e-10,3.607555316325909e-11,0.3837873307132634,0.0
NGC6063,Scd:,Courteau97,59.5362566201827,5.359655006908588,1.5180343506001597e-10,4.2635839804982584e-11,0.2922183103548261,0.0
NGC6063,Scd:,Courteau97,59.5362566201827,5.598784701718663,1.4268201410402053e-10,3.390938550522707e-11,0.3217854268691203,0.0
NGC6063,Scd:,Courteau97,59.5362566201827,5.894328579739655,1.2909235224431496e-10,4.209798439637392e-11,0.23901486495708457,0.0
NGC6063,Scd:,Courteau97,59.5362566201827,6.198854432404916,8.450366879497539e-11,3.421311028593461e-11,0.22147872403798552,0.0
NGC6063,Scd:,Courteau97,59.5362566201827,6.442475114537124,9.89162487907339e-11,4.0918190175045255e-11,0.1777421730978691,0.0
NGC6070,SA(s)cd,Courteau97,64.35841969462976,0.31239282573388605,7.627858295976796e-10,1.0408686738189887e-10,0.3348090726762115,0.0
NGC6070,SA(s)cd,Courteau97,64.35841969462976,0.9059689919232425,4.660266612886298e-10,1.830825427311974e-10,0.32767853864579055,0.0
NGC6070,SA(s)cd,Courteau97,64.35841969462976,1.577275936946051,3.054262482365628e-10,1.2592298441419496e-10,0.4374233774554203,0.0
NGC6070,SA(s)cd,Courteau97,64.35841969462976,2.1893305614679,2.564260626885179e-10,9.753535137689494e-11,0.4840512491103657,0.0
NGC6070,SA(s)cd,Courteau97,64.35841969462976,2.773538546175208,2.628050193326947e-10,9.623148844287612e-11,0.49551343259911823,0.0
NGC6070,SA(s)cd,Courteau97,64.35841969462976,3.4259267579962436,2.4681384582746554e-10,9.512064357519964e-11,0.47646806789713636,0.0
NGC6070,SA(s)cd,Courteau97,64.35841969462976,4.043408755206569,2.5098274085586837e-10,1.0196460006116578e-10,0.4164806780805814,0.0
NGC6070,SA(s)cd,Courteau97,64.35841969462976,4.639837960192427,2.412796980189988e-10,8.705126682199517e-11,0.4363819199312122,0.0
NGC6070,SA(s)cd,Courteau97,64.35841969462976,5.219694754320897,2.0326190725909329e-10,9.886272968764446e-11,0.2534517745611229,0.0
NGC6070,SA(s)cd,Courteau97,64.35841969462976,5.915238474998734,1.7546248750237222e-10,1.0255252437488793e-10,0.23645787942910984,0.0
NGC6070,SA(s)cd,Courteau97,64.35841969462976,6.521784167740607,1.5929878852034332e-10,8.741417621829563e-11,0.24461413400992577,0.0
NGC6070,SA(s)cd,Courteau97,64.35841969462976,7.141442265105106,1.5077653438054653e-10,7.988700897655643e-11,0.22783718479297876,0.0
NGC6070,SA(s)cd,Courteau97,64.35841969462976,7.769418577692666,1.4418629412606177e-10,7.388520858435172e-11,0.19247609914695724,0.0
NGC6070,SA(s)cd,Courteau97,64.35841969462976,8.363726960269556,1.4889108239450666e-10,4.5584059437312634e-11,0.3386060483163789,0.0
NGC6070,SA(s)cd,Courteau97,64.35841969462976,8.973532878847868,1.3738942938960745e-10,4.589343962316056e-11,0.3258236349414864,0.0
NGC6070,SA(s)cd,Courteau97,64.35841969462976,9.486844094135812,1.2959290712310406e-10,6.19021540116055e-11,0.1511327263476419,0.0
NGC6070,SA(s)cd,Courteau97,64.35841969462976,12.135454189513489,8.14936560035078e-11,2.8290869020119208e-11,0.2638830602608876,0.0
NGC6073,Sc:,Courteau97,65.82018736024307,0.23732729508156983,1.4406199661877047e-10,1.8615303761618557e-11,0.5903038477586221,0.0
NGC6073,Sc:,Courteau97,65.82018736024307,0.7053545462390615,2.1396201865411082e-10,4.883574797900668e-11,0.5763167510374214,0.0
NGC6073,Sc:,Courteau97,65.82018736024307,1.1800091364022012,2.3811275333625745e-10,6.993083931080329e-11,0.49279696805011475,0.0
NGC6073,Sc:,Courteau97,65.82018736024307,1.6480363875596928,1.4294397134959638e-10,7.622968964901317e-11,0.4900559938291386,0.0
NGC6073,Sc:,Courteau97,65.82018736024307,2.1226909777228324,1.4172175553262743e-10,7.261393456595412e-11,0.4878058451932177,0.0
NGC6073,Sc:,Courteau97,65.82018736024307,2.5907182288803243,1.7436099227427157e-10,6.807988758350369e-11,0.49542245465703866,0.0
NGC6073,Sc:,Courteau97,65.82018736024307,3.0653728190434637,1.8666232956453247e-10,6.087963192782389e-11,0.4781284535332008,0.0
NGC6073,Sc:,Courteau97,65.82018736024307,3.5334000702009556,1.6921955102643175e-10,5.975589804714484e-11,0.5227218254410739,0.0
NGC6073,Sc:,Courteau97,65.82018736024307,4.008054660364095,1.5541374242211886e-10,5.005293903223528e-11,0.5508009709033962,0.0
NGC6073,Sc:,Courteau97,65.82018736024307,4.476081911521587,1.4114859551596341e-10,5.252229354406633e-11,0.47968249298866805,0.0
NGC6073,Sc:,Courteau97,65.82018736024307,4.950736501684727,1.188577978844327e-10,5.781419044763541e-11,0.39273536606586484,0.0
NGC6073,Sc:,Courteau97,65.82018736024307,5.418763752842219,1.3383183986433087e-10,5.5362096608457416e-11,0.41190753636095656,0.0
NGC6073,Sc:,Courteau97,65.82018736024307,5.893418343005358,1.159765056252955e-10,5.0164880842462216e-11,0.47668539873746635,0.0
NGC6073,Sc:,Courteau97,65.82018736024307,6.361445594162849,1.0668613145244893e-10,6.139737754472733e-11,0.38830953312599636,0.0
NGC6073,Sc:,Courteau97,65.82018736024307,6.815018390420091,9.504897255547499e-11,8.145590104215213e-11,0.2161324666395339,0.0
NGC6073,Sc:,Courteau97,65.82018736024307,7.314068443991953,1.1323324795734668e-10,7.356485989607618e-11,0.14399902942125825,0.0
NGC6073,Sc:,Courteau97,65.82018736024307,7.78540936465227,1.446087041741635e-10,5.11036122743619e-11,0.29615311143170164,0.0
NGC6073,Sc:,Courteau97,65.82018736024307,8.822359390104964,1.2766289266831816e-10,5.4556900830932876e-11,0.0691342009675375,0.0
NGC6073,Sc:,Courteau97,65.82018736024307,9.199432126633216,1.3131855867203053e-10,4.911273572581658e-11,0.11102463676058706,0.0
NGC6073,Sc:,Courteau97,65.82018736024307,9.482236679029405,1.413068381278472e-10,3.9651643755737054e-11,0.17037215471540404,0.0
NGC6106,SA(s)c,Courteau97,60.35339496415912,0.15495785879545462,2.138361030437387e-10,2.877951850847176e-11,0.18384452311827776,0.0
NGC6106,SA(s)c,Courteau97,60.35339496415912,0.4636701100795364,1.3978667704832527e-10,7.10643453715062e-11,0.39015787333716273,0.0
NGC6106,SA(s)c,Courteau97,60.35339496415912,0.7735858276704456,1.3014588581798767e-10,9.628245972266625e-11,0.3844673572036889,0.0
NGC6106,SA(s)c,Courteau97,60.35339496415912,1.0822980789545271,1.411176792806374e-10,1.1100484826131145e-10,0.31950285057357664,0.0
NGC6106,SA(s)c,Courteau97,60.35339496415912,1.3922137965454366,1.7935994272341163e-10,1.1291788807104511e-10,0.30025352976712827,0.0
NGC6106,SA(s)c,Courteau97,60.35339496415912,1.700926047829518,1.485289685734886e-10,1.0323939599065318e-10,0.29597591560165454,0.0
NGC6106,SA(s)c,Courteau97,60.35339496415912,2.027725009090248,1.6434256135493676e-10,9.358118571188888e-11,0.2863588265722106,0.0
NGC6106,SA(s)c,Courteau97,60.35339496415912,2.3370389935277434,1.0416146263151071e-10,8.7766722801003e-11,0.2564960664216426,0.0
NGC6106,SA(s)c,Courteau97,60.35339496415912,2.646352977965239,9.188413809745388e-11,8.501549606399394e-11,0.174404754120167,0.0
NGC6106,SA(s)c,Courteau97,60.35339496415912,2.9737536723793827,1.1008573853243865e-10,7.946910649968266e-11,0.1920824960443265,0.0
NGC6106,SA(s)c,Courteau97,60.35339496415912,3.312010360250856,1.0119514269136502e-10,6.935210959082986e-11,0.1924229372364498,0.0
NGC6106,SA(s)c,Courteau97,60.35339496415912,3.5917799081009596,1.010634304777849e-10,6.128688177990798e-11,0.1853825277763587,0.0
NGC6106,SA(s)c,Courteau97,60.35339496415912,3.9004921593850415,1.275035539477326e-10,5.4218131664927935e-11,0.1649808451605204,0.0
NGC6106,SA(s)c,Courteau97,60.35339496415912,4.210407876975951,1.027750269819799e-10,4.702511356252953e-11,0.17241974653215988,0.0
NGC6106,SA(s)c,Courteau97,60.35339496415912,4.519120128260032,8.973962187165053e-11,4.337960156665807e-11,0.19177195960390628,0.0
NGC6106,SA(s)c,Courteau97,60.35339496415912,4.831442778464597,1.2845336332528574e-10,4.1339925674408275e-11,0.16081012341188924,0.0
NGC6106,SA(s)c,Courteau97,60.35339496415912,5.140756762902092,7.636640908451727e-11,3.5035940161213726e-11,0.134101364065474,0.0
NGC6106,SA(s)c,Courteau97,60.35339496415912,5.450070747339588,4.6616752474591815e-11,3.140108947923341e-11,0.1987392332913763,0.0
NGC6106,SA(s)c,Courteau97,60.35339496415912,5.725016511284028,5.931162988398662e-11,3.1956237018654155e-11,0.1204106198640514,0.0
NGC6106,SA(s)c,Courteau97,60.35339496415912,6.089805663749708,6.710138726033965e-11,2.5784151627309e-11,0.1938913532495558,0.0
NGC7290,SA(r)bc,Courteau97,60.92029704133475,0.19723495386194134,1.9239645655966888e-10,2.055788863552402e-11,0.33584865786963974,0.0
NGC7290,SA(r)bc,Courteau97,60.92029704133475,0.5588787682014733,3.135302584587893e-10,5.024153865326537e-11,0.4423198887107518,0.0
NGC7290,SA(r)bc,Courteau97,60.92029704133475,0.9263836666424259,2.6809901891466615e-10,6.348299945774932e-11,0.4509691232229393,0.0
NGC7290,SA(r)bc,Courteau97,60.92029704133475,1.2938885650833785,2.2774605486940694e-10,6.798415133998745e-11,0.4160542494256874,0.0
NGC7290,SA(r)bc,Courteau97,60.92029704133475,1.662902323328866,1.893560755190586e-10,7.2456048934686e-11,0.38822696127416056,0.0
NGC7290,SA(r)bc,Courteau97,60.92029704133475,2.0426323432408373,1.717466650087373e-10,7.73422367163268e-11,0.33041894742215244,0.0
NGC7290,SA(r)bc,Courteau97,60.92029704133475,2.4116461014863253,2.3084793112094878e-10,7.678503961011211e-11,0.28225652111678223,0.0
NGC7290,SA(r)bc,Courteau97,60.92029704133475,2.779150999927278,2.0372386944480014e-10,6.987042564089837e-11,0.26518930236443333,0.0
NGC7290,SA(r)bc,Courteau97,60.92029704133475,3.14665589836823,1.6695230274533892e-10,6.578571632736125e-11,0.17924828092689635,0.0
NGC7290,SA(r)bc,Courteau97,60.92029704133475,3.5103088038445684,1.4845285626144836e-10,6.294534063926065e-11,0.17392779347586107,0.0
NGC7290,SA(r)bc,Courteau97,60.92029704133475,3.8116311916709087,1.564033629105502e-10,5.674127403151712e-11,0.1190405227231857,0.0
NGC7290,SA(r)bc,Courteau97,60.92029704133475,5.031204555305068,1.8682788967271795e-10,3.499587513350437e-11,0.1355424949729743,0.0
NGC7290,SA(r)bc,Courteau97,60.92029704133475,5.394751758937012,1.1295640579948038e-10,2.998712384387117e-11,0.17829444165707484,0.0
NGC7290,SA(r)bc,Courteau97,60.92029704133475,5.755055322279591,1.5721507712590653e-10,2.966817804727733e-11,0.1307308427274269,0.0
NGC7290,SA(r)bc,Courteau97,60.92029704133475,6.027521106586187,1.8929518129869235e-10,2.4206560105436862e-11,0.17387037368468894,0.0
NGC7290,SA(r)bc,Courteau97,60.92029704133475,6.585470484894027,1.1511935479826136e-10,2.1087907700933146e-11,0.1690291781456363,0.0
NGC7290,SA(r)bc,Courteau97,60.92029704133475,6.8449184595059736,8.814407741437238e-11,2.2891252745990658e-11,0.08146770066176315,0.0
NGC7290,SA(r)bc,Courteau97,60.92029704133475,7.153168083484838,7.350369130491172e-11,1.93732301867278e-11,0.1322475448722618,0.0
NGC7290,SA(r)bc,Courteau97,60.92029704133475,7.40528975589654,7.217746258714935e-11,1.81301568230796e-11,0.08179149429622637,0.0
NGC7311,Sab,ShellFlow,58.32481150605879,0.5444923215281313,5.54770126684218e-10,5.599472597935877e-10,0.39542062497179964,0.0
NGC7311,Sab,ShellFlow,58.32481150605879,1.0881959047826826,9.002131343336748e-10,7.837685557889502e-10,0.31530058403718775,0.0
NGC7311,Sab,ShellFlow,58.32481150605879,1.7231302150146655,1.2706906445383354e-09,7.191443798895078e-10,0.30296296929444155,0.0
NGC7311,Sab,ShellFlow,58.32481150605879,2.267359623784937,1.097026628487592e-09,6.041820194496497e-10,0.3144886026612631,0.0
NGC7311,Sab,ShellFlow,58.32481150605879,2.90242539039585,8.452298593311736e-10,5.107904271614902e-10,0.3101406950189612,0.0
NGC7311,Sab,ShellFlow,58.32481150605879,3.5374911570067633,7.85929722818982e-10,4.3368909345059396e-10,0.3104410819448019,0.0
NGC7311,Sab,ShellFlow,58.32481150605879,4.172425467238746,6.406855552566963e-10,3.674640036082096e-10,0.27706314514118013,0.0
NGC7311,Sab,ShellFlow,58.32481150605879,4.794439493370179,5.334090298927883e-10,3.1382922969981246e-10,0.3284589332816021,0.0
NGC7311,Sab,ShellFlow,58.32481150605879,5.442294087702713,5.145288541266177e-10,2.57324119763105e-10,0.3124458554858187,0.0
NGC7311,Sab,ShellFlow,58.32481150605879,6.077228397934696,4.548847820158277e-10,2.6829319191186974e-10,0.18033856177909488,0.0
NGC7311,Sab,ShellFlow,58.32481150605879,6.802867609628391,4.0388000519142363e-10,2.6986393722766567e-10,0.15898821221416143,0.0
NGC7311,Sab,ShellFlow,58.32481150605879,7.437801919860374,3.659215756484371e-10,2.3251596932171565e-10,0.14037846463256276,0.0
NGC7311,Sab,ShellFlow,58.32481150605879,8.059815945991806,3.6088304364975717e-10,1.7206707433063633e-10,0.15714522938719164,0.0
NGC7311,Sab,ShellFlow,58.32481150605879,8.7079334530822,3.504791751007647e-10,1.3475449594445114e-10,0.2740546957318799,0.0
NGC7311,Sab,ShellFlow,58.32481150605879,9.342867763314183,2.813764332029922e-10,1.42796119732453e-10,0.18380420280877593,0.0
NGC7311,Sab,ShellFlow,58.32481150605879,9.977802073546167,2.617814058687863e-10,1.5417237894817282e-10,0.09333058129382057,0.0
NGC7311,Sab,ShellFlow,58.32481150605879,10.61273638377815,2.6644017654338235e-10,9.862320839202365e-11,0.22952399753731514,0.0
NGC7311,Sab,ShellFlow,58.32481150605879,11.247670694010132,2.3054657347367198e-10,1.1033253616975567e-10,0.11008837247905796,0.0
NGC7311,Sab,ShellFlow,58.32481150605879,12.880358920320946,1.9107372469242162e-10,7.09323205073209e-11,0.1706037221014068,0.0
NGC7339,SAB(s)bc:?,Courteau97/Mathewson96,81.09548946331638,0.14752320423091486,1.6784294180710274e-10,3.540439006586293e-11,0.014335574298155653,0.0
NGC7339,SAB(s)bc:?,Courteau97/Mathewson96,81.09548946331638,0.4453369602712279,3.475053270021704e-10,7.756872102384461e-11,0.3976243390940527,0.0
NGC7339,SAB(s)bc:?,Courteau97/Mathewson96,81.09548946331638,0.7530977796523889,3.8302837336584883e-10,9.184557408030906e-11,0.3978634910070713,0.0
NGC7339,SAB(s)bc:?,Courteau97/Mathewson96,81.09548946331638,1.0533765846747196,4.668809646748883e-10,1.0282201633203849e-10,0.38301672636353973,0.0
NGC7339,SAB(s)bc:?,Courteau97/Mathewson96,81.09548946331638,1.3486910411531199,3.241467694882716e-10,1.1374779967303228e-10,0.30944380942908845,0.0
NGC7339,SAB(s)bc:?,Courteau97/Mathewson96,81.09548946331638,1.6440650638574248,3.1314668685950845e-10,1.1375304357853868e-10,0.2739177056055202,0.0
NGC7339,SAB(s)bc:?,Courteau97/Mathewson96,81.09548946331638,1.9444997338375392,3.1714950486433323e-10,1.0867693610038013e-10,0.2692540521938419,0.0
NGC7339,SAB(s)bc:?,Courteau97/Mathewson96,81.09548946331638,2.249722949264296,2.89789329070803e-10,1.0366373622679684e-10,0.24314168166459907,0.0
NGC7339,SAB(s)bc:?,Courteau97/Mathewson96,81.09548946331638,2.5499184443012295,2.6606730551338704e-10,9.576706446347521e-11,0.23046307201721544,0.0
NGC7339,SAB(s)bc:?,Courteau97/Mathewson96,81.09548946331638,2.854599689803124,2.675581430125795e-10,8.609950895389935e-11,0.2119449185243749,0.0
NGC7339,SAB(s)bc:?,Courteau97/Mathewson96,81.09548946331638,3.1505693747664747,2.727221513027579e-10,7.740126735699307e-11,0.19813038307125136,0.0
NGC7339,SAB(s)bc:?,Courteau97/Mathewson96,81.09548946331638,3.4419989487198133,2.717161466558537e-10,7.153951543963055e-11,0.18441452957522497,0.0
NGC7339,SAB(s)bc:?,Courteau97/Mathewson96,81.09548946331638,3.739335145003808,2.5973577542167493e-10,6.60657443236604e-11,0.16581808695166417,0.0
NGC7339,SAB(s)bc:?,Courteau97/Mathewson96,81.09548946331638,4.00429679215249,2.46954912700041e-10,6.310383778879595e-11,0.11934470077292987,0.0
NGC7357,Sb,Courteau97,55.78632895136367,0.5646866118827721,4.752609733473831e-10,9.940777811747284e-11,0.5809621423474897,0.0
NGC7357,Sb,Courteau97,55.78632895136367,1.6940598356483163,3.9137140960859746e-10,2.1662297155651247e-10,0.43906830400357133,0.0
NGC7357,Sb,Courteau97,55.78632895136367,2.8234330594138606,3.0320355035964137e-10,2.133557733878044e-10,0.331695313886996,0.0
NGC7357,Sb,Courteau97,55.78632895136367,3.9528062831794046,2.45103287154398e-10,1.912236583440068e-10,0.2828704260583041,0.0
NGC7357,Sb,Courteau97,55.78632895136367,5.021169659717056,1.7315879859124385e-10,1.3673067200980274e-10,0.24214038850093111,0.0
NGC7357,Sb,Courteau97,55.78632895136367,5.8835211443531374,1.8289264037939158e-10,1.1407440740083087e-10,0.2602700137273222,0.0
NGC7357,Sb,Courteau97,55.78632895136367,8.63816510741037,1.2638650751950284e-10,5.4108341487971304e-11,0.33174033689188265,0.0
NGC7357,Sb,Courteau97,55.78632895136367,9.60544760599229,1.2347964925472525e-10,3.986954205197874e-11,0.41132938648587547,0.0
NGC7357,Sb,Courteau97,55.78632895136367,10.32349796814777,1.3366059853570794e-10,4.9256670121662044e-11,0.2765770120538431,0.0
NGC7357,Sb,Courteau97,55.78632895136367,14.675435015635225,9.503273042976871e-11,4.169753718057088e-11,0.12270475652099468,0.0
NGC7357,Sb,Courteau97,55.78632895136367,15.414404450003634,8.516640400226802e-11,2.3194110447528687e-11,0.32205273645900545,0.0
NGC7357,Sb,Courteau97,55.78632895136367,16.095279610210167,9.55928158869092e-11,3.71916843012868e-11,0.10497150109178818,0.0
NGC7357,Sb,Courteau97,55.78632895136367,22.170366409715655,7.116260180013813e-11,1.7072377274776195e-11,0.12380111890337415,0.0
NGC7357,Sb,Courteau97,55.78632895136367,22.593881368627734,7.506261420684542e-11,1.385522250712552e-11,0.2133891493449916,0.0
NGC7407,Sbc,Courteau97/ShellFlow,63.1951015279752,0.5497173296487529,1.555703152561492e-10,1.4717691379105835e-11,0.8697623839518919,0.0
NGC7407,Sbc,Courteau97/ShellFlow,63.1951015279752,1.6491519889462585,3.988185463833176e-10,5.104985873058393e-11,0.7562226429395671,0.0
NGC7407,Sbc,Courteau97/ShellFlow,63.1951015279752,2.748586648243764,4.879801188729914e-10,1.1030244352501892e-10,0.5823820874698021,0.0
NGC7407,Sbc,Courteau97/ShellFlow,63.1951015279752,3.812025002399826,3.576216372770569e-10,1.5946003465283414e-10,0.43958578579068536,0.0
NGC7407,Sbc,Courteau97/ShellFlow,63.1951015279752,4.877214308050323,3.8601872855163586e-10,1.4620110088176405e-10,0.3401409626956483,0.0
NGC7407,Sbc,Courteau97/ShellFlow,63.1951015279752,5.974740226619883,3.172211641835265e-10,1.2988871450883795e-10,0.34487219488878007,0.0
NGC7407,Sbc,Courteau97/ShellFlow,63.1951015279752,7.148524154752383,2.5955313568699703e-10,1.2296186244107854e-10,0.2800296425712487,0.0
NGC7407,Sbc,Courteau97/ShellFlow,63.1951015279752,8.196651863282671,2.3999364466167395e-10,9.063816554135738e-11,0.37088019277869066,0.0
NGC7407,Sbc,Courteau97/ShellFlow,63.1951015279752,9.323031397404863,2.0653108637748062e-10,6.002651960169194e-11,0.42455604288845117,0.0
NGC7407,Sbc,Courteau97/ShellFlow,63.1951015279752,10.371333619373138,1.7753592721904024e-10,7.347489746007399e-11,0.22959749544612845,0.0
NGC7407,Sbc,Courteau97/ShellFlow,63.1951015279752,11.411113768453205,1.54278874847502e-10,7.193361694832289e-11,0.18526431560161397,0.0
NGC7407,Sbc,Courteau97/ShellFlow,63.1951015279752,12.61458752236201,1.57166288498035e-10,8.609534145096497e-11,0.10621252853766959,0.0
NGC7407,Sbc,Courteau97/ShellFlow,63.1951015279752,13.635432963420842,1.2915407482353854e-10,3.8267338051405594e-11,0.401667096636327,0.0
NGC7407,Sbc,Courteau97/ShellFlow,63.1951015279752,14.599270681404988,1.2188950665237901e-10,4.939345792382302e-11,0.1831182477303587,0.0
NGC7407,Sbc,Courteau97/ShellFlow,63.1951015279752,15.767114608392117,1.2277339177733621e-10,4.653220036893529e-11,0.1109936429333235,0.0
NGC7407,Sbc,Courteau97/ShellFlow,63.1951015279752,16.890981149007345,1.0849264871759558e-10,4.6505328744247814e-11,0.06047872151619813,0.0
NGC7407,Sbc,Courteau97/ShellFlow,63.1951015279752,18.014847689622574,1.0672447381240193e-10,2.7151790695996796e-11,0.22522797594525598,0.0
NGC7407,Sbc,Courteau97/ShellFlow,63.1951015279752,19.120878956875863,9.159440258916431e-11,2.930415292389288e-11,0.09935344961366886,0.0
NGC7407,Sbc,Courteau97/ShellFlow,63.1951015279752,20.216160196349357,7.168032622959542e-11,2.7852712045191757e-11,0.05657552602603172,0.0
NGC7407,Sbc,Courteau97/ShellFlow,63.1951015279752,21.30857068976802,8.74097100554108e-11,2.178833226407468e-11,0.12910753021401933,0.0
NGC7448,SA(rs)bc,Courteau97,61.75323855539553,0.19001738055414152,3.4580160881481466e-10,8.933105446665502e-11,0.21957223113293986,0.0
NGC7448,SA(rs)bc,Courteau97,61.75323855539553,0.5320486655515964,2.6818295871559753e-10,1.9166510072977638e-10,0.383221854837863,0.0
NGC7448,SA(rs)bc,Courteau97,61.75323855539553,0.9120834266598793,2.974938719951848e-10,2.11571806235047e-10,0.37491541142365287,0.0
NGC7448,SA(rs)bc,Courteau97,61.75323855539553,1.2921181877681625,2.831931737931484e-10,2.1107219965401892e-10,0.38282912602362773,0.0
NGC7448,SA(rs)bc,Courteau97,61.75323855539553,1.6341494727656172,2.2289592771564457e-10,2.1618322240637598e-10,0.32233446566992413,0.0
NGC7448,SA(rs)bc,Courteau97,61.75323855539553,1.976180757763072,2.4383801249508266e-10,2.133271039493583e-10,0.29439650047237015,0.0
NGC7448,SA(rs)bc,Courteau97,61.75323855539553,2.356215518871355,2.3358670169566757e-10,1.9302464439225857e-10,0.30346514923224815,0.0
NGC7448,SA(rs)bc,Courteau97,61.75323855539553,2.736250279979638,2.263762188747523e-10,1.8861105310950402e-10,0.27546205688150865,0.0
NGC7448,SA(rs)bc,Courteau97,61.75323855539553,3.0782815649770927,2.06304548858874e-10,1.7944316809794426e-10,0.24852561987289265,0.0
NGC7448,SA(rs)bc,Courteau97,61.75323855539553,3.4203128499745477,2.419733932718213e-10,1.6241931833487347e-10,0.2293118100838125,0.0
NGC7448,SA(rs)bc,Courteau97,61.75323855539553,3.7718450039997093,2.9172720907509313e-10,1.40724178449828e-10,0.22938786989771368,0.0
NGC7448,SA(rs)bc,Courteau97,61.75323855539553,4.180382372191113,2.4337252748078206e-10,1.1943626532868245e-10,0.2274910814134533,0.0
NGC7448,SA(rs)bc,Courteau97,61.75323855539553,4.522413657188569,2.1783204642144774e-10,1.1209752495420919e-10,0.21777995338331899,0.0
NGC7448,SA(rs)bc,Courteau97,61.75323855539553,4.864444942186023,2.3883953153537543e-10,1.0940807940333483e-10,0.17372453285734676,0.0
NGC7448,SA(rs)bc,Courteau97,61.75323855539553,5.2444797032943065,1.8545994786800412e-10,9.880259615879492e-11,0.1365612309893582,0.0
NGC7448,SA(rs)bc,Courteau97,61.75323855539553,5.624514464402589,1.7809645393671646e-10,7.915719024269711e-11,0.1791857822894947,0.0
NGC7448,SA(rs)bc,Courteau97,61.75323855539553,6.004549225510872,1.3801094080358851e-10,7.743170474667084e-11,0.16382853843394507,0.0
NGC7448,SA(rs)bc,Courteau97,61.75323855539553,6.308577034397499,1.3463087148180168e-10,7.612089308867097e-11,0.07979092587832971,0.0
NGC7448,SA(rs)bc,Courteau97,61.75323855539553,6.688611795505781,1.6226139084386767e-10,6.396952480331517e-11,0.14206355359405554,0.0
NGC7448,SA(rs)bc,Courteau97,61.75323855539553,7.0306430805032365,1.3925134155637194e-10,6.742056876120204e-11,0.056027247932444076,0.0
NGC7448,SA(rs)bc,Courteau97,61.75323855539553,7.220660461057379,2.1874909971030658e-10,6.089658229086915e-11,0.07853812616613995,0.0
NGC7466,Sb Sy2,Courteau97,70.30864141934946,0.5429272052941604,9.652721741456326e-10,6.482029183738744e-11,0.5907589289587226,0.0
NGC7466,Sb Sy2,Courteau97,70.30864141934946,1.5944149516398807,4.759526297654118e-10,1.416135657979573e-10,0.44636394210987496,0.0
NGC7466,Sb Sy2,Courteau97,70.30864141934946,2.5953440477056215,4.924030608534502e-10,1.450545510276638e-10,0.36218920739921523,0.0
NGC7466,Sb Sy2,Courteau97,70.30864141934946,3.664015126172642,3.0241564891808057e-10,1.0424557811284248e-10,0.38240062190212115,0.0
NGC7466,Sb Sy2,Courteau97,70.30864141934946,4.732686204639663,2.6367049465573023e-10,8.751056239164887e-11,0.39164624033293294,0.0
NGC7466,Sb Sy2,Courteau97,70.30864141934946,5.801357283106683,1.6873091581527773e-10,6.253237099203591e-11,0.4573945994133133,0.0
NGC7466,Sb Sy2,Courteau97,70.30864141934946,6.870028361573703,1.6484127227847357e-10,6.924965606873213e-11,0.36124463810606594,0.0
NGC7466,Sb Sy2,Courteau97,70.30864141934946,7.938699440040724,1.623494837002914e-10,3.828671696888193e-11,0.5077461090434242,0.0
NGC7466,Sb Sy2,Courteau97,70.30864141934946,9.091800159988363,1.5202178837488346e-10,6.479489042564155e-11,0.2633624095457932,0.0
NGC7466,Sb Sy2,Courteau97,70.30864141934946,9.859068984073884,1.5806472076427255e-10,6.558975603961797e-11,0.20192241494393476,0.0
NGC7466,Sb Sy2,Courteau97,70.30864141934946,13.41853014326231,8.127998866933745e-11,3.733876708346059e-11,0.23868150108592975,0.0
NGC7466,Sb Sy2,Courteau97,70.30864141934946,14.334533924805468,7.80232715914052e-11,4.2098105138449484e-11,0.14446734093652966,0.0
NGC7466,Sb Sy2,Courteau97,70.30864141934946,17.38787986328267,6.880162661268974e-11,3.631183568563709e-11,0.09506452444212243,0.0
NGC7466,Sb Sy2,Courteau97,70.30864141934946,18.76188553559741,8.604474852546322e-11,1.0537193360418784e-11,0.5544079775371984,0.0
NGC7466,Sb Sy2,Courteau97,70.30864141934946,19.98322391098829,1.0259805055631448e-10,1.9862311762961195e-11,0.15809246158569257,0.0
NGC7466,Sb Sy2,Courteau97,70.30864141934946,21.204562286379172,6.670777415231661e-11,2.2991060216249534e-11,0.05234935784276851,0.0
NGC7489,Sd,Courteau97/ShellFlow,62.712899448204226,0.5800918300891249,1.9922069676159855e-10,3.786251240589015e-11,0.6669842230212961,0.0
NGC7489,Sd,Courteau97/ShellFlow,62.712899448204226,1.7138112791796962,2.4284368939359737e-10,7.152902384116071e-11,0.584670339419747,0.0
NGC7489,Sd,Courteau97/ShellFlow,62.712899448204226,2.8725547604330077,2.374089111286341e-10,8.887540514668191e-11,0.5096991930522826,0.0
NGC7489,Sd,Courteau97/ShellFlow,62.712899448204226,4.030542684168425,2.343230988893557e-10,7.883388352204011e-11,0.5120122707524754,0.0
NGC7489,Sd,Courteau97/ShellFlow,62.712899448204226,5.166268589489788,1.969376019148711e-10,1.0655959075786042e-10,0.33596043834913086,0.0
NGC7489,Sd,Courteau97/ShellFlow,62.712899448204226,6.327965162533634,1.5872861847922522e-10,8.248039130458131e-11,0.34359793912180947,0.0
NGC7489,Sd,Courteau97/ShellFlow,62.712899448204226,7.481642476641429,1.444345644869294e-10,8.389443890662316e-11,0.2366621670182746,0.0
NGC7489,Sd,Courteau97/ShellFlow,62.712899448204226,8.59867661435532,1.2561854238237148e-10,4.758159360371074e-11,0.39842528171107733,0.0
NGC7489,Sd,Courteau97/ShellFlow,62.712899448204226,9.753384285048629,1.2361997574127592e-10,4.58666354338953e-11,0.22055941738804885,0.0
NGC7489,Sd,Courteau97/ShellFlow,62.712899448204226,10.895789440767944,9.815743168628673e-11,5.699583802621107e-11,0.17075785447542344,0.0
NGC7489,Sd,Courteau97/ShellFlow,62.712899448204226,12.03386307731732,8.762507404425403e-11,5.018355298192599e-11,0.16271232346222145,0.0
NGC7489,Sd,Courteau97/ShellFlow,62.712899448204226,13.192434465220712,7.310122907839729e-11,4.5008675060870825e-11,0.14506057071870723,0.0
NGC7489,Sd,Courteau97/ShellFlow,62.712899448204226,14.303087642595692,6.751111509829223e-11,3.009816159615104e-11,0.14415798171398367,0.0
NGC7489,Sd,Courteau97/ShellFlow,62.712899448204226,15.36690657770344,7.147356526838863e-11,1.8839684652675917e-11,0.39959779744388446,0.0
NGC7489,Sd,Courteau97/ShellFlow,62.712899448204226,16.562504592912724,5.458079566078945e-11,2.2201332116612554e-11,0.24074031950826946,0.0
NGC7489,Sd,Courteau97/ShellFlow,62.712899448204226,17.694806726783508,6.44623553397017e-11,2.756819317314309e-11,0.11024355670110379,0.0
NGC7489,Sd,Courteau97/ShellFlow,62.712899448204226,18.88422544461413,5.2525523634452906e-11,1.2003950355410315e-11,0.4267772178423171,0.0
NGC7489,Sd,Courteau97/ShellFlow,62.712899448204226,20.042296498436478,6.68196733085325e-11,1.660966166810249e-11,0.1817969968646,0.0
NGC7489,Sd,Courteau97/ShellFlow,62.712899448204226,21.134041233364847,6.5208595632139e-11,2.133383513308475e-11,0.07176445536387309,0.0
NGC7489,Sd,Courteau97/ShellFlow,62.712899448204226,22.553033124863646,5.728130156223272e-11,1.0812394077742202e-11,0.284257100621165,0.0
NGC7489,Sd,Courteau97/ShellFlow,62.712899448204226,22.933302268925896,5.192544382355588e-11,9.748436586781784e-12,0.3137729171194274,0.0
NGC7536,SBbc,Courteau97/Mathewson92,70.4394114544561,0.43045441422442005,2.8156100993613388e-11,3.604324642270104e-11,0.5811158204982608,0.0
NGC7536,SBbc,Courteau97/Mathewson92,70.4394114544561,1.2676632649746684,3.310275427336636e-11,7.510888704194846e-11,0.4809988126896823,0.0
NGC7536,SBbc,Courteau97/Mathewson92,70.4394114544561,2.0887389983758755,5.13428591563463e-11,6.690678106766785e-11,0.4886139144560356,0.0
NGC7536,SBbc,Courteau97/Mathewson92,70.4394114544561,2.8806894579788134,4.225590505801604e-11,5.720291350374485e-11,0.5542537169590749,0.0
NGC7536,SBbc,Courteau97/Mathewson92,70.4394114544561,3.695546723335946,3.3658641914746754e-11,5.1067692176657425e-11,0.5359916904025281,0.0
NGC7536,SBbc,Courteau97/Mathewson92,70.4394114544561,4.54063537682108,6.175232264398113e-11,7.367991208515733e-11,0.388305334604904,0.0
NGC7536,SBbc,Courteau97/Mathewson92,70.4394114544561,5.347485931932223,8.837468267609398e-11,6.515501243381799e-11,0.4039716039982213,0.0
NGC7536,SBbc,Courteau97/Mathewson92,70.4394114544561,6.1193056875863565,1.1280771481893107e-10,7.939137182881439e-11,0.24847365915902367,0.0
NGC7536,SBbc,Courteau97/Mathewson92,70.4394114544561,6.9267705904217065,1.1562184146831043e-10,5.5937328080583126e-11,0.34081833285996466,0.0
NGC7536,SBbc,Courteau97/Mathewson92,70.4394114544561,7.875424065219499,1.026010923445157e-10,4.008390063750125e-11,0.3783763683692979,0.0
NGC7536,SBbc,Courteau97/Mathewson92,70.4394114544561,8.624793088987467,9.537083589646308e-11,3.6877631468571375e-11,0.36193970471932596,0.0
NGC7536,SBbc,Courteau97/Mathewson92,70.4394114544561,9.473804338270348,1.0220439111049263e-10,3.2854082231123684e-11,0.33729564896057984,0.0
NGC7536,SBbc,Courteau97/Mathewson92,70.4394114544561,10.180180609895038,9.89515674571498e-11,3.853531502206083e-11,0.1859862164311638,0.0
NGC7536,SBbc,Courteau97/Mathewson92,70.4394114544561,11.023583000428252,8.294198660878076e-11,3.807859626522895e-11,0.09694165983453981,0.0
NGC7536,SBbc,Courteau97/Mathewson92,70.4394114544561,11.881398458293942,7.968781919568468e-11,3.390206341907144e-11,0.05991036129091619,0.0
NGC7536,SBbc,Courteau97/Mathewson92,70.4394114544561,12.80227108573922,6.026257613223402e-11,2.3033448023228023e-11,0.113794203475531,0.0
NGC7536,SBbc,Courteau97/Mathewson92,70.4394114544561,14.01725187016702,7.515261174547924e-11,1.7510351410770375e-11,0.16908171601525152,0.0
NGC7536,SBbc,Courteau97/Mathewson92,70.4394114544561,15.473515560080479,6.021401357110181e-11,1.4064360879417357e-11,0.16748977652991426,0.0
NGC7536,SBbc,Courteau97/Mathewson92,70.4394114544561,15.958936790051633,7.051130352041256e-11,1.6844062594052548e-11,0.06421187604414696,0.0
NGC7536,SBbc,Courteau97/Mathewson92,70.4394114544561,16.444358020022786,5.316255955514222e-11,1.3943895771036863e-11,0.11010195058043758,0.0
NGC7541,SB(rs)bc: pec HII,Courteau97,71.5490421741926,0.33335495600319975,1.0247667037213368e-09,1.418738668731441e-10,0.4877382304102324,0.0
NGC7541,SB(rs)bc: pec HII,Courteau97,71.5490421741926,0.954607374009163,6.816392422845216e-10,2.8647762635673254e-10,0.44599294205575146,0.0
NGC7541,SB(rs)bc: pec HII,Courteau97,71.5490421741926,1.5556564613482657,3.729797795877108e-10,2.6224346726053473e-10,0.4738136166571402,0.0
NGC7541,SB(rs)bc: pec HII,Courteau97,71.5490421741926,2.1668072140207983,2.9660299864365795e-10,2.2403205613666e-10,0.4873036397206368,0.0
NGC7541,SB(rs)bc: pec HII,Courteau97,71.5490421741926,2.833517126027198,2.651649421699272e-10,2.1707885543823272e-10,0.4944224064005925,0.0
NGC7541,SB(rs)bc: pec HII,Courteau97,71.5490421741926,3.444667878699731,2.5296215368114753e-10,2.0457945614227546e-10,0.486513570069287,0.0
NGC7541,SB(rs)bc: pec HII,Courteau97,71.5490421741926,4.055818631372264,2.270187156675772e-10,2.0832299048409416e-10,0.46944372710007193,0.0
NGC7541,SB(rs)bc: pec HII,Courteau97,71.5490421741926,4.678666049167716,2.1258230204535232e-10,1.929215832607924e-10,0.3919195437593495,0.0
NGC7541,SB(rs)bc: pec HII,Courteau97,71.5490421741926,5.27812013671733,2.1656603281971047e-10,2.5021652446336034e-10,0.3030330417102409,0.0
NGC7541,SB(rs)bc: pec HII,Courteau97,71.5490421741926,5.9448300487237296,2.176909334143482e-10,2.063979812503087e-10,0.34465978680955317,0.0
NGC7541,SB(rs)bc: pec HII,Courteau97,71.5490421741926,6.555980801396262,2.0041169316068725e-10,1.754783450870899e-10,0.36345466126672804,0.0
NGC7541,SB(rs)bc: pec HII,Courteau97,71.5490421741926,7.172182386735511,1.917008945491434e-10,1.7241280386541543e-10,0.3289153719283756,0.0
NGC7541,SB(rs)bc: pec HII,Courteau97,71.5490421741926,7.778282306741329,1.8256480789507317e-10,1.9324489120132639e-10,0.2347366323006608,0.0
NGC7541,SB(rs)bc: pec HII,Courteau97,71.5490421741926,8.377354981297803,1.9029238475733005e-10,1.6312076234948752e-10,0.19236594439350171,0.0
NGC7541,SB(rs)bc: pec HII,Courteau97,71.5490421741926,9.034774063984157,1.321288395684745e-10,9.54793086048087e-11,0.4254832928894589,0.0
NGC7541,SB(rs)bc: pec HII,Courteau97,71.5490421741926,9.667293724092794,1.319813412808893e-10,1.1583660874066722e-10,0.3037976880658511,0.0
NGC7541,SB(rs)bc: pec HII,Courteau97,71.5490421741926,10.278444476765328,1.3689089498506586e-10,1.5544726479210706e-10,0.13351861715187371,0.0
NGC7541,SB(rs)bc: pec HII,Courteau97,71.5490421741926,10.917374809104793,1.4021155407870983e-10,7.77044383878207e-11,0.38579321326053,0.0
NGC7541,SB(rs)bc: pec HII,Courteau97,71.5490421741926,11.4582595661492,1.2573258271931842e-10,1.277501861623664e-10,0.10524093386901809,0.0
NGC7541,SB(rs)bc: pec HII,Courteau97,71.5490421741926,12.111896734782926,1.2158541879315867e-10,8.080806317060277e-11,0.22437658137123798,0.0
NGC7568,S?,Mathewson92,46.16078094542039,1.0344294087702712,8.308000241717854e-11,5.94943163190441e-11,0.6819236471029604,0.0
NGC7568,S?,Mathewson92,46.16078094542039,2.0688588175405425,2.84949414872218e-10,9.892925100471083e-11,0.5744069590218336,0.0
NGC7568,S?,Mathewson92,46.16078094542039,3.1032882263108137,3.3641899262108355e-10,1.1214593521976437e-10,0.49511215491218064,0.0
NGC7568,S?,Mathewson92,46.16078094542039,4.137717635081085,2.6862729240089566e-10,9.547869281356404e-11,0.5088888487406823,0.0
NGC7568,S?,Mathewson92,46.16078094542039,5.172147043851356,2.412663426676409e-10,1.2394492645459107e-10,0.3325536379063314,0.0
NGC7568,S?,Mathewson92,46.16078094542039,6.206576452621627,1.9352869103768803e-10,1.0745795409280776e-10,0.27103611733037924,0.0
NGC7568,S?,Mathewson92,46.16078094542039,7.162639997091121,1.8652898201788302e-10,8.612718403961935e-11,0.36571139912393436,0.0
NGC7568,S?,Mathewson92,46.16078094542039,7.319371725692677,1.6830861403145734e-10,6.547222914788057e-11,0.45983220993779483,0.0
NGC7568,S?,Mathewson92,46.16078094542039,8.27543527016217,1.5068784878919834e-10,8.454549622786102e-11,0.2205016831456721,0.0
NGC7568,S?,Mathewson92,46.16078094542039,9.231498814631664,1.8334273440337537e-10,9.24602611332884e-11,0.184738896596465,0.0
NGC7568,S?,Mathewson92,46.16078094542039,9.388230543233218,1.3805860118616765e-10,8.080430922480195e-11,0.2334282093580568,0.0
NGC7568,S?,Mathewson92,46.16078094542039,10.344294087702712,1.3193772517571582e-10,7.0328731218635e-11,0.2206667430220082,0.0
NGC7568,S?,Mathewson92,46.16078094542039,11.378723496472984,1.3624256696314308e-10,6.510700913827364e-11,0.1744898547286289,0.0
NGC7568,S?,Mathewson92,46.16078094542039,12.413152905243255,1.017688306769301e-10,6.192036873715635e-11,0.11252386096841857,0.0
NGC7568,S?,Mathewson92,46.16078094542039,13.447582314013527,1.4475074628855864e-10,5.524089644286614e-11,0.07585990911175176,0.0
NGC7568,S?,Mathewson92,46.16078094542039,14.403645858483019,2.2058778836452637e-10,2.986667817864788e-11,0.28016122849112707,0.0
NGC7591,SBbc;Sy;LIRG LINER,Courteau97/Mathewson92,63.33890498946935,0.5326609846556614,2.6899846809777006e-09,2.768387092628356e-10,0.41753091305707823,0.0
NGC7591,SBbc;Sy;LIRG LINER,Courteau97/Mathewson92,63.33890498946935,1.6188012404292675,9.43812957152126e-10,4.118331667869096e-10,0.32080589702027273,0.0
NGC7591,SBbc;Sy;LIRG LINER,Courteau97/Mathewson92,63.33890498946935,2.724400734492037,5.170424687917734e-10,3.1334947241732597e-10,0.23989031081752474,0.0
NGC7591,SBbc;Sy;LIRG LINER,Courteau97/Mathewson92,63.33890498946935,3.602478180011151,3.5746015985051824e-10,2.3358236962649936e-10,0.2493477427672452,0.0
NGC7591,SBbc;Sy;LIRG LINER,Courteau97/Mathewson92,63.33890498946935,4.69847189295324,2.552373654645755e-10,1.650754220441947e-10,0.2973393139821943,0.0
NGC7591,SBbc;Sy;LIRG LINER,Courteau97/Mathewson92,63.33890498946935,5.803994691295179,2.6137301968779175e-10,1.204608581278677e-10,0.27587979333249585,0.0
NGC7591,SBbc;Sy;LIRG LINER,Courteau97/Mathewson92,63.33890498946935,7.15197873972802,1.973142673336677e-10,1.1027798142688909e-10,0.19591431228731532,0.0
NGC7591,SBbc;Sy;LIRG LINER,Courteau97/Mathewson92,63.33890498946935,8.070274552032581,1.599923235164725e-10,9.595793797264066e-11,0.22551290150470457,0.0
NGC7591,SBbc;Sy;LIRG LINER,Courteau97/Mathewson92,63.33890498946935,9.009973583496958,1.4807441852385316e-10,7.501806080188318e-11,0.2608130558942099,0.0
NGC7591,SBbc;Sy;LIRG LINER,Courteau97/Mathewson92,63.33890498946935,10.118883673914626,1.6408812007328288e-10,5.368647051163253e-11,0.32531043041740815,0.0
NGC7591,SBbc;Sy;LIRG LINER,Courteau97/Mathewson92,63.33890498946935,11.289825876905923,1.2761111509978488e-10,4.538068204510473e-11,0.28988517418636917,0.0
NGC7591,SBbc;Sy;LIRG LINER,Courteau97/Mathewson92,63.33890498946935,12.596849126932183,1.0892561115920639e-10,4.974550346633685e-11,0.0786289084039624,0.0
NGC7591,SBbc;Sy;LIRG LINER,Courteau97/Mathewson92,63.33890498946935,13.172136638789908,1.0167504019393709e-10,4.392551180432122e-11,0.13169484201469506,0.0
NGC7591,SBbc;Sy;LIRG LINER,Courteau97/Mathewson92,63.33890498946935,14.220764097156572,8.877267619473729e-11,4.1188081728817134e-11,0.09097783104564154,0.0
NGC7591,SBbc;Sy;LIRG LINER,Courteau97/Mathewson92,63.33890498946935,15.075590058904806,9.170054214683993e-11,2.672591863068072e-11,0.23996023771011257,0.0
NGC7591,SBbc;Sy;LIRG LINER,Courteau97/Mathewson92,63.33890498946935,16.43180969384045,4.735616121302031e-11,2.2617470874675128e-11,0.2424794192148413,0.0
NGC7591,SBbc;Sy;LIRG LINER,Courteau97/Mathewson92,63.33890498946935,20.853900887208205,5.687271051172432e-11,1.895639274872675e-11,0.06773396281210471,0.0
NGC7591,SBbc;Sy;LIRG LINER,Courteau97/Mathewson92,63.33890498946935,21.406662286379174,4.987482030421622e-11,1.6076692600095806e-11,0.11168516487563053,0.0
NGC7593,Sb,Mathewson92,56.0943548296143,0.13487983710275617,2.8456291475785256e-11,1.641371205740256e-11,0.2855826003363318,0.0
NGC7593,Sb,Mathewson92,56.0943548296143,0.4620451167187841,1.041169488662828e-10,5.289929663701689e-11,0.5203557195827468,0.0
NGC7593,Sb,Mathewson92,56.0943548296143,0.7892103963348122,1.4412746315091751e-10,7.435064099590802e-11,0.47891947555026887,0.0
NGC7593,Sb,Mathewson92,56.0943548296143,1.1551127917969604,1.8535788896550725e-10,8.202507005690743e-11,0.4725458151988299,0.0
NGC7593,Sb,Mathewson92,56.0943548296143,1.5210151872591084,2.274466821433336e-10,8.874245370021014e-11,0.45272232280745023,0.0
NGC7593,Sb,Mathewson92,56.0943548296143,1.7133006297723803,1.4861240679936286e-10,9.187436947411625e-11,0.41205598716866115,0.0
NGC7593,Sb,Mathewson92,56.0943548296143,2.0792030252345284,1.6605673576429535e-10,9.852045935470413e-11,0.39223044396920365,0.0
NGC7593,Sb,Mathewson92,56.0943548296143,2.445105420696677,1.6990292600416827e-10,1.0141561903464141e-10,0.35302088040452817,0.0
NGC7593,Sb,Mathewson92,56.0943548296143,2.6373908632099488,1.785398203093044e-10,1.0328774039796326e-10,0.34158899678123694,0.0
NGC7593,Sb,Mathewson92,56.0943548296143,3.0032932586720973,1.534079191512456e-10,1.0025071999851302e-10,0.2718444311300833,0.0
NGC7593,Sb,Mathewson92,56.0943548296143,3.3691956541342454,1.658530323665356e-10,1.0195852865924101e-10,0.21864639079508144,0.0
NGC7593,Sb,Mathewson92,56.0943548296143,3.561481096647517,1.4763215296387173e-10,9.53447186423101e-11,0.24605684182297605,0.0
NGC7593,Sb,Mathewson92,56.0943548296143,3.927383492109665,1.3882221466074326e-10,8.783904238141109e-11,0.21646143415379676,0.0
NGC7593,Sb,Mathewson92,56.0943548296143,4.293285887571813,1.0963913537607336e-10,8.030022431588585e-11,0.1932065497554049,0.0
NGC7593,Sb,Mathewson92,56.0943548296143,4.485571330085086,1.1606129157128581e-10,7.889915228207519e-11,0.12913720885852673,0.0
NGC7593,Sb,Mathewson92,56.0943548296143,4.851473725547233,9.079151740835258e-11,6.580075727389537e-11,0.13948602252251951,0.0
NGC7593,Sb,Mathewson92,56.0943548296143,5.409661563522653,7.531477267649376e-11,5.6728036211954645e-11,0.10427585862690475,0.0
NGC7593,Sb,Mathewson92,56.0943548296143,6.333751796960222,9.487440431689212e-11,3.800220459153911e-11,0.18389338861364649,0.0
NGC7594,Sb,Courteau97,58.35429720691262,2.126598938259036,6.959321870577129e-10,1.1989285803639747e-10,0.5868948012808498,0.0
NGC7594,Sb,Courteau97,58.35429720691262,3.057018194943398,4.0646999378662615e-10,1.441007858621159e-10,0.5174087636259894,0.0
NGC7594,Sb,Courteau97,58.35429720691262,3.8278780888662647,3.2504012496966686e-10,1.27294351738729e-10,0.5134248211128185,0.0
NGC7594,Sb,Courteau97,58.35429720691262,5.103837451821686,3.4762017204061204e-10,9.533372947691533e-11,0.5573776084428722,0.0
NGC7594,Sb,Courteau97,58.35429720691262,6.379796814777108,2.79344785244296e-10,1.2936021482300034e-10,0.37261471906846466,0.0
NGC7594,Sb,Courteau97,58.35429720691262,7.443096283906625,2.495100230154162e-10,6.211387551795303e-11,0.6298653606848168,0.0
NGC7594,Sb,Courteau97,58.35429720691262,8.506395753036143,2.355859165064745e-10,1.3580483183205781e-10,0.2713241546048635,0.0
NGC7594,Sb,Courteau97,58.35429720691262,9.808776496739632,2.1405033196301658e-10,7.28286688989428e-11,0.4754355055012699,0.0
NGC7594,Sb,Courteau97,58.35429720691262,10.659416072043246,1.5021888506218593e-10,8.686346110669003e-11,0.3502526052205529,0.0
NGC7594,Sb,Courteau97,58.35429720691262,12.148035328824573,1.750795197040917e-10,3.847401452004778e-11,0.5896906137551798,0.0
NGC7594,Sb,Courteau97,58.35429720691262,13.21133479795409,1.4154044678757561e-10,3.803429632324784e-11,0.554214549584232,0.0
NGC7594,Sb,Courteau97,58.35429720691262,14.460872780161445,1.0470639934550687e-10,3.598076021412968e-11,0.5276436445016857,0.0
NGC7594,Sb,Courteau97,58.35429720691262,15.524172249290963,1.3367443064430995e-10,5.553052637337659e-11,0.30270850916457676,0.0
NGC7594,Sb,Courteau97,58.35429720691262,16.401233205342642,1.281413658659e-10,5.5638447797068404e-11,0.18486748898872374,0.0
NGC7594,Sb,Courteau97,58.35429720691262,22.78103002011975,9.463420746944814e-11,3.478320173206202e-11,0.1803255340288995,0.0
NGC7631,SA(r)b:,Courteau97/Mathewson92,68.48816951608103,0.19942779849777162,4.768064846630973e-10,3.187357835053094e-11,0.410825583542017,0.0
NGC7631,SA(r)b:,Courteau97/Mathewson92,68.48816951608103,0.7735926696240273,2.630351730421902e-10,9.35107003719755e-11,0.47218027494620823,0.0
NGC7631,SA(r)b:,Courteau97/Mathewson92,68.48816951608103,1.4552109664751653,1.1736683847243128e-10,1.1209634235262181e-10,0.4485129336991269,0.0
NGC7631,SA(r)b:,Courteau97/Mathewson92,68.48816951608103,1.8551104996000292,3.6796552399720423e-10,1.1301078390014842e-10,0.3992004835765201,0.0
NGC7631,SA(r)b:,Courteau97/Mathewson92,68.48816951608103,2.4245116621821445,3.731094036308842e-10,1.100096310656819e-10,0.3893855287229388,0.0
NGC7631,SA(r)b:,Courteau97/Mathewson92,68.48816951608103,2.8946495646107895,2.7435192876527593e-10,1.064625220101341e-10,0.37552293679488913,0.0
NGC7631,SA(r)b:,Courteau97/Mathewson92,68.48816951608103,3.423210559232056,2.7720624953761127e-10,1.0412004059057467e-10,0.33469827108733585,0.0
NGC7631,SA(r)b:,Courteau97/Mathewson92,68.48816951608103,3.9498583375754492,2.306041739338288e-10,8.48456020680505e-11,0.33219312676709495,0.0
NGC7631,SA(r)b:,Courteau97/Mathewson92,68.48816951608103,4.492885113809905,2.2325536381171004e-10,8.801458709154998e-11,0.2816640522218056,0.0
NGC7631,SA(r)b:,Courteau97/Mathewson92,68.48816951608103,5.022262725135142,2.033934881700481e-10,8.025255959550104e-11,0.2872057897058886,0.0
NGC7631,SA(r)b:,Courteau97/Mathewson92,68.48816951608103,5.612956584975638,1.8979416503032697e-10,6.846232055740205e-11,0.2966206201058931,0.0
NGC7631,SA(r)b:,Courteau97/Mathewson92,68.48816951608103,6.072324479674206,1.60839907539937e-10,7.156083775866563e-11,0.22206333275177803,0.0
NGC7631,SA(r)b:,Courteau97/Mathewson92,68.48816951608103,6.567978154316049,1.5812655605698641e-10,6.744647577514869e-11,0.17372195571840404,0.0
NGC7631,SA(r)b:,Courteau97/Mathewson92,68.48816951608103,7.229175200591472,1.6478103469963336e-10,6.038211873363548e-11,0.15174165214774724,0.0
NGC7631,SA(r)b:,Courteau97/Mathewson92,68.48816951608103,7.6965751038712344,1.5811670660741898e-10,4.016599896498678e-11,0.2766782849925902,0.0
NGC7631,SA(r)b:,Courteau97/Mathewson92,68.48816951608103,8.107603956075922,1.3782756194274724e-10,4.7313875917597396e-11,0.17525819923549332,0.0
NGC7631,SA(r)b:,Courteau97/Mathewson92,68.48816951608103,8.731265798850993,1.2853207259994379e-10,4.608593391571245e-11,0.1168416289957636,0.0
NGC7631,SA(r)b:,Courteau97/Mathewson92,68.48816951608103,9.354927641626062,9.971752310411789e-11,2.952824152687022e-11,0.24327576625639982,0.0
NGC7631,SA(r)b:,Courteau97/Mathewson92,68.48816951608103,9.77070220347611,1.1544234226414893e-10,3.686497915510964e-11,0.12077654646515028,0.0
NGC7631,SA(r)b:,Courteau97/Mathewson92,68.48816951608103,10.17618739485613,1.0226207406768098e-10,2.6025039559125803e-11,0.24354976924062338,0.0
NGC7631,SA(r)b:,Courteau97/Mathewson92,68.48816951608103,10.591961956706179,8.011610881932638e-11,3.532810368046991e-11,0.06103706705660353,0.0
NGC7664,Sc: Sbrst,Courteau97/Mathewson96,60.854970109500634,0.1311866584248418,5.649770554116865e-10,4.267827714198784e-11,0.14238057561407125,0.0
NGC7664,Sc: Sbrst,Courteau97/Mathewson96,60.854970109500634,0.6234757363100865,6.026502520464354e-10,1.7446350026120106e-10,0.4678852553293616,0.0
NGC7664,Sc: Sbrst,Courteau97/Mathewson96,60.854970109500634,1.0071531125009088,6.26142902849111e-10,2.194296575198813e-10,0.434357169482878,0.0
NGC7664,Sc: Sbrst,Courteau97/Mathewson96,60.854970109500634,1.3908304886917313,4.55073626701663e-10,2.3317967771088e-10,0.3951138127876552,0.0
NGC7664,Sc: Sbrst,Courteau97/Mathewson96,60.854970109500634,1.7745078648825539,3.495504385486107e-10,2.285716864329025e-10,0.39655019886834486,0.0
NGC7664,Sc: Sbrst,Courteau97/Mathewson96,60.854970109500634,2.1581852410733764,4.1056428856290253e-10,2.2472466567591262e-10,0.3747285961876294,0.0
NGC7664,Sc: Sbrst,Courteau97/Mathewson96,60.854970109500634,2.5418626172641985,3.263588891065979e-10,2.2609101933584062e-10,0.3167810339484125,0.0
NGC7664,Sc: Sbrst,Courteau97/Mathewson96,60.854970109500634,2.925539993455021,3.197183329652218e-10,2.18159872190629e-10,0.3069118816563228,0.0
NGC7664,Sc: Sbrst,Courteau97/Mathewson96,60.854970109500634,3.3092173696458436,2.914953092434377e-10,1.999051427350368e-10,0.26145042611145713,0.0
NGC7664,Sc: Sbrst,Courteau97/Mathewson96,60.854970109500634,3.7219935098053463,2.9886791576061e-10,1.949914165374082e-10,0.20641366734619349,0.0
NGC7664,Sc: Sbrst,Courteau97/Mathewson96,60.854970109500634,4.124531794051341,2.7616290296255047e-10,1.875674962581284e-10,0.17022013358867302,0.0
NGC7664,Sc: Sbrst,Courteau97/Mathewson96,60.854970109500634,4.510679820013089,2.4699563688197896e-10,1.6983743423350754e-10,0.1339001296608476,0.0
NGC7664,Sc: Sbrst,Courteau97/Mathewson96,60.854970109500634,4.954185675950839,2.19350744909464e-10,1.4650769658501326e-10,0.11847794987129398,0.0
NGC7664,Sc: Sbrst,Courteau97/Mathewson96,60.854970109500634,5.396092876154461,2.082591838487672e-10,1.197967318093718e-10,0.11496327108568462,0.0
NGC7664,Sc: Sbrst,Courteau97/Mathewson96,60.854970109500634,5.724698984510217,1.5773189322126795e-10,1.0635705906793324e-10,0.16861863336634533,0.0
NGC7664,Sc: Sbrst,Courteau97/Mathewson96,60.854970109500634,6.144767578503381,1.5442567256406114e-10,1.0139986082777299e-10,0.126314582335336,0.0
NGC7664,Sc: Sbrst,Courteau97/Mathewson96,60.854970109500634,6.5421975463602635,1.72397868194174e-10,8.470423803971172e-11,0.08995516516727813,0.0
NGC7664,Sc: Sbrst,Courteau97/Mathewson96,60.854970109500634,6.884434444040432,1.8891953215199084e-10,7.9059468531527e-11,0.13846689841052587,0.0
NGC7664,Sc: Sbrst,Courteau97/Mathewson96,60.854970109500634,7.275143137226382,9.717347493256386e-11,7.660009222775277e-11,0.07396812138103304,0.0
NGC7664,Sc: Sbrst,Courteau97/Mathewson96,60.854970109500634,7.663664924732746,1.1436017921581862e-10,6.34665553102555e-11,0.13071673559778088,0.0
NGC7664,Sc: Sbrst,Courteau97/Mathewson96,60.854970109500634,7.919449842193294,1.4667518822035473e-10,6.084367876889615e-11,0.06443974677857715,0.0
NGC7677,SAB(r)bc: Sbrst,Mathewson92,53.11210954523824,0.19472471820231255,1.2831914286957446e-10,2.1728283651851722e-10,0.025477307749366303,0.0
NGC7677,SAB(r)bc: Sbrst,Mathewson92,53.11210954523824,0.6780616281644164,1.8670572367303342e-10,5.546645602576053e-10,0.20210455503242056,0.0
NGC7677,SAB(r)bc: Sbrst,Mathewson92,53.11210954523824,1.1683483092138753,3.84750552056809e-10,5.046417544465964e-10,0.14417960267467114,0.0
NGC7677,SAB(r)bc: Sbrst,Mathewson92,53.11210954523824,1.5577977456185004,4.3416866744634893e-10,3.8185504350266455e-10,0.14565858378504284,0.0
NGC7677,SAB(r)bc: Sbrst,Mathewson92,53.11210954523824,2.0480844266679594,3.8658611891763214e-10,2.803447754919593e-10,0.14813191079099128,0.0
NGC7677,SAB(r)bc: Sbrst,Mathewson92,53.11210954523824,2.6392083523622523,4.328864203246563e-10,2.039105940632936e-10,0.1385738746032432,0.0
NGC7677,SAB(r)bc: Sbrst,Mathewson92,53.11210954523824,3.0286577887668775,3.119973941812981e-10,1.640095744744284e-10,0.1324476427133181,0.0
NGC7677,SAB(r)bc: Sbrst,Mathewson92,53.11210954523824,3.418107225171503,3.153369916438762e-10,1.3700229274146092e-10,0.11082942301460373,0.0
NGC7677,SAB(r)bc: Sbrst,Mathewson92,53.11210954523824,6.144253280003878,1.8839786237740352e-10,5.156639571029507e-11,0.13028238499455486,0.0
NGC7677,SAB(r)bc: Sbrst,Mathewson92,53.11210954523824,7.312601589217753,1.6653631099949154e-10,3.7260707893146176e-11,0.08850058010310359,0.0
NGC7677,SAB(r)bc: Sbrst,Mathewson92,53.11210954523824,8.077600919852292,1.1331358604426505e-10,3.406534088416088e-11,0.07533995444671017,0.0
NGC7677,SAB(r)bc: Sbrst,Mathewson92,53.11210954523824,8.654825303371876,9.99111539043798e-11,2.703950992236622e-11,0.15792444120988575,0.0
NGC7677,SAB(r)bc: Sbrst,Mathewson92,53.11210954523824,8.957337037306377,8.310376111409829e-11,2.993015507762289e-11,0.06580339733814987,0.0
NGC7677,SAB(r)bc: Sbrst,Mathewson92,53.11210954523824,9.259848771240879,6.561552570639736e-11,2.6414521030279665e-11,0.09725420233934985,0.0
NGC7750,(R')SB(rs)c pec:,Courteau97,58.50163443961307,0.19074968054271377,1.7883847523434133e-10,2.5585770832858936e-11,0.34078219029065215,0.0
NGC7750,(R')SB(rs)c pec:,Courteau97,58.50163443961307,0.528810995563959,1.606226109301133e-10,5.797607404952333e-11,0.4826402068614365,0.0
NGC7750,(R')SB(rs)c pec:,Courteau97,58.50163443961307,0.8999229978079517,1.811615813337274e-10,6.794342552145924e-11,0.48058867223950497,0.0
NGC7750,(R')SB(rs)c pec:,Courteau97,58.50163443961307,1.2814223588933793,1.0496937547808448e-10,7.040008284379316e-11,0.4962115647286018,0.0
NGC7750,(R')SB(rs)c pec:,Courteau97,58.50163443961307,1.636009017525998,1.689169750301311e-10,6.862615696135094e-11,0.5096300686670628,0.0
NGC7750,(R')SB(rs)c pec:,Courteau97,58.50163443961307,1.9905956761586172,1.7557329986635828e-10,6.524245132063295e-11,0.5209007425549573,0.0
NGC7750,(R')SB(rs)c pec:,Courteau97,58.50163443961307,2.3720950372440446,1.2741653269719228e-10,6.901795113617418e-11,0.47960376226559776,0.0
NGC7750,(R')SB(rs)c pec:,Courteau97,58.50163443961307,2.7266816958766635,1.558738556600138e-10,7.409298482988104e-11,0.4615762439940519,0.0
NGC7750,(R')SB(rs)c pec:,Courteau97,58.50163443961307,3.081268354509283,1.5884579009791224e-10,7.744396105026977e-11,0.4036095019872127,0.0
NGC7750,(R')SB(rs)c pec:,Courteau97,58.50163443961307,3.4627677155947105,1.870009020593127e-10,8.299759408760681e-11,0.2919965827588551,0.0
NGC7750,(R')SB(rs)c pec:,Courteau97,58.50163443961307,3.8173543742273295,1.8038989588685751e-10,8.029652644769452e-11,0.2592191924231549,0.0
NGC7750,(R')SB(rs)c pec:,Courteau97,58.50163443961307,4.128030834121154,1.696181256012395e-10,7.076001374208014e-11,0.3304586383196449,0.0
NGC7750,(R')SB(rs)c pec:,Courteau97,58.50163443961307,4.471757981237728,7.780018974629813e-11,6.695397516939581e-11,0.343211115018054,0.0
NGC7750,(R')SB(rs)c pec:,Courteau97,58.50163443961307,5.043534870191259,9.034711623381121e-11,6.293023282243872e-11,0.24498003118779751,0.0
NGC7750,(R')SB(rs)c pec:,Courteau97,58.50163443961307,5.289762490000727,9.84805802280299e-11,6.711364081661767e-11,0.25225119347469993,0.0
NGC7750,(R')SB(rs)c pec:,Courteau97,58.50163443961307,5.6169642935059265,1.0150404016265459e-10,6.234670664288504e-11,0.1855278797869834,0.0
NGC7750,(R')SB(rs)c pec:,Courteau97,58.50163443961307,5.972259181150462,9.739990623648585e-11,4.967888784493852e-11,0.2950284740503702,0.0
NGC7750,(R')SB(rs)c pec:,Courteau97,58.50163443961307,6.190393716820595,4.233161193695067e-11,5.802823034683911e-11,0.15110578868541713,0.0
NGC7750,(R')SB(rs)c pec:,Courteau97,58.50163443961307,6.790263689913461,1.1694108845494308e-10,5.104872362401685e-11,0.1196060339437098,0.0
NGC7750,(R')SB(rs)c pec:,Courteau97,58.50163443961307,7.117465493418661,9.476835149236492e-11,4.565147754632268e-11,0.18735458653956083,0.0
NGC7753,SAB(rs)bc,ShellFlow,58.16252989682871,0.44746969882709825,4.865661059169433e-10,1.495036709624011e-10,0.5073332491666092,0.0
NGC7753,SAB(rs)bc,ShellFlow,58.16252989682871,1.9653571085739217,4.363312876818642e-10,2.667590269970264e-10,0.36835512482908034,0.0
NGC7753,SAB(rs)bc,ShellFlow,58.16252989682871,2.671657319467675,4.0414026571750975e-10,2.407839108435144e-10,0.390368914787487,0.0
NGC7753,SAB(rs)bc,ShellFlow,58.16252989682871,3.5929184641117007,3.1289177261745947e-10,2.1494920001977403e-10,0.3629516014307658,0.0
NGC7753,SAB(rs)bc,ShellFlow,58.16252989682871,4.65236878045233,2.4929908678650004e-10,1.6778002138382762e-10,0.3278397296348735,0.0
NGC7753,SAB(rs)bc,ShellFlow,58.16252989682871,5.486621928102199,2.0994351071873302e-10,1.1363604847884267e-10,0.46083278420843066,0.0
NGC7753,SAB(rs)bc,ShellFlow,58.16252989682871,6.56607943091742,1.8124769112329723e-10,1.0177259082633443e-10,0.44960356801777646,0.0
NGC7753,SAB(rs)bc,ShellFlow,58.16252989682871,7.5952863258429675,1.7222753520653908e-10,1.2982470724060017e-10,0.27177329490369484,0.0
NGC7753,SAB(rs)bc,ShellFlow,58.16252989682871,8.751980874118246,1.2509326888870778e-10,6.53005160162665e-11,0.5007106002270766,0.0
NGC7753,SAB(rs)bc,ShellFlow,58.16252989682871,9.673242018762272,1.1158537428707921e-10,5.083828011316466e-11,0.5552499917382562,0.0
NGC7753,SAB(rs)bc,ShellFlow,58.16252989682871,10.7326923351029,1.0091515836353428e-10,3.7704357156211615e-11,0.6175904408086003,0.0
NGC7753,SAB(rs)bc,ShellFlow,58.16252989682871,11.528925181545237,9.687663911979306e-11,6.055463387896256e-11,0.403325619090991,0.0
NGC7753,SAB(rs)bc,ShellFlow,58.16252989682871,12.621277681623154,6.707617599181366e-11,6.072034308330055e-11,0.34887139071516,0.0
NGC7753,SAB(rs)bc,ShellFlow,58.16252989682871,13.665373645553048,6.66342812864377e-11,7.388713155172737e-11,0.21846657873332734,0.0
NGC7753,SAB(rs)bc,ShellFlow,58.16252989682871,14.629626976947131,5.2876071723486236e-11,7.454278910788022e-11,0.14497059636006016,0.0
NGC7753,SAB(rs)bc,ShellFlow,58.16252989682871,15.569313344484037,5.1937227864450695e-11,3.349003063553709e-11,0.46840534732503764,0.0
NGC7753,SAB(rs)bc,ShellFlow,58.16252989682871,16.619551049378224,3.605835508361477e-11,5.655253981223868e-11,0.17043721933860811,0.0
NGC7753,SAB(rs)bc,ShellFlow,58.16252989682871,17.872466206094103,2.9021291076259854e-11,6.394971789264356e-11,0.07821333322533806,0.0
NGC7753,SAB(rs)bc,ShellFlow,58.16252989682871,18.793727350738127,1.935184481984301e-11,3.538615589683098e-11,0.24031218563086537,0.0
NGC7753,SAB(rs)bc,ShellFlow,58.16252989682871,19.751838941167914,2.3966524824260325e-11,4.656334822908775e-11,0.07513506530827962,0.0
NGC7782,SA(s)b,Courteau97,53.33579786182446,0.3686943831617441,1.777315991688811e-09,1.4356698358910883e-10,0.5430252052976585,0.0
NGC7782,SA(s)b,Courteau97,53.33579786182446,1.2230127147116572,2.0254139069852685e-09,3.557258579942451e-10,0.44138764902529853,0.0
NGC7782,SA(s)b,Courteau97,53.33579786182446,1.745261932950331,1.5159004337124205e-09,3.7250426846674857e-10,0.367299706576586,0.0
NGC7782,SA(s)b,Courteau97,53.33579786182446,3.2683305621409353,7.802527850815517e-10,2.6386394156403655e-10,0.41539773025450616,0.0
NGC7782,SA(s)b,Courteau97,53.33579786182446,3.864644214966184,8.122765697814902e-10,2.440719441344228e-10,0.4000098175808751,0.0
NGC7782,SA(s)b,Courteau97,53.33579786182446,4.252058180495964,7.490014127377548e-10,2.263059690702017e-10,0.4053267958655531,0.0
NGC7782,SA(s)b,Courteau97,53.33579786182446,5.670676966038833,5.243934351485264e-10,1.9267436889254668e-10,0.39778946387468955,0.0
NGC7782,SA(s)b,Courteau97,53.33579786182446,6.192926184277506,4.5999277638763956e-10,1.9010448679200632e-10,0.3726041548342716,0.0
NGC7782,SA(s)b,Courteau97,53.33579786182446,7.356434139577726,4.0346361390031874e-10,1.5562672089766636e-10,0.3552058777885932,0.0
NGC7782,SA(s)b,Courteau97,53.33579786182446,7.9381881172278375,4.3573740395298793e-10,7.171414404322687e-11,0.6430363697951753,0.0
NGC7782,SA(s)b,Courteau97,53.33579786182446,8.72468187498052,4.3798558976541665e-10,6.282256343416128e-11,0.6687963601468571,0.0
NGC7782,SA(s)b,Courteau97,53.33579786182446,9.504935771943858,3.874390096453061e-10,7.140145805817828e-11,0.6212640573157996,0.0
NGC7782,SA(s)b,Courteau97,53.33579786182446,10.285189668907195,3.584702127542136e-10,1.0955128032064739e-10,0.42577559667788506,0.0
NGC7782,SA(s)b,Courteau97,53.33579786182446,11.102068835721038,4.1643119765531385e-10,1.4364950405923654e-10,0.2619297410245872,0.0
NGC7782,SA(s)b,Courteau97,53.33579786182446,13.02584504690568,2.0679679174408765e-10,1.3417632396741694e-10,0.13334178283142678,0.0
NGC7782,SA(s)b,Courteau97,53.33579786182446,13.75699395243982,2.613667277702586e-10,8.279375503208951e-11,0.32429479124283433,0.0
NGC7782,SA(s)b,Courteau97,53.33579786182446,14.5925927016217,2.494230048365039e-10,1.1709481692776704e-10,0.12796752166987727,0.0
NGC7782,SA(s)b,Courteau97,53.33579786182446,15.428191450803578,2.242925053923022e-10,5.235164961997234e-11,0.4341889698257863,0.0
NGC7782,SA(s)b,Courteau97,53.33579786182446,16.15934035633772,2.3332212814299033e-10,8.88692585387427e-11,0.13146984318526503,0.0
NGC7782,SA(s)b,Courteau97,53.33579786182446,16.57713973092866,2.877145672829067e-10,6.647353817369808e-11,0.22588595216063398,0.0
NGC7819,SB(s)b HII,ShellFlow,54.67482120862015,0.29057337585837917,3.5516049799257503e-10,6.279566869257818e-11,0.36154759838289097,0.0
NGC7819,SB(s)b HII,ShellFlow,54.67482120862015,0.8453616464257147,4.438594642671387e-10,1.423661613315685e-10,0.34682469792929327,0.0
NGC7819,SB(s)b HII,ShellFlow,54.67482120862015,1.3525786342811434,3.3761158300240893e-10,1.611430872209314e-10,0.224984497150806,0.0
NGC7819,SB(s)b HII,ShellFlow,54.67482120862015,1.9073669048484787,2.5361665833881253e-10,1.3046555888810818e-10,0.24400852330527978,0.0
NGC7819,SB(s)b HII,ShellFlow,54.67482120862015,2.4885136565652375,2.2391552949649026e-10,9.733298489853914e-11,0.2677350639555863,0.0
NGC7819,SB(s)b HII,ShellFlow,54.67482120862015,3.0084583253581565,1.5226907186418257e-10,7.813217845927987e-11,0.28281385202881043,0.0
NGC7819,SB(s)b HII,ShellFlow,54.67482120862015,3.510823672460185,1.2494241519270534e-10,6.258409499511768e-11,0.25757982704679616,0.0
NGC7819,SB(s)b HII,ShellFlow,54.67482120862015,4.100003985164715,1.1574266879948738e-10,4.9181130442686544e-11,0.353665454105456,0.0
NGC7819,SB(s)b HII,ShellFlow,54.67482120862015,4.705846498436478,1.0429287101506086e-10,4.536516589600411e-11,0.2964676087896739,0.0
NGC7819,SB(s)b HII,ShellFlow,54.67482120862015,5.241242207839431,8.238897809954386e-11,4.290589395074439e-11,0.30613005616751116,0.0
NGC7819,SB(s)b HII,ShellFlow,54.67482120862015,5.74588635590139,7.711307869137135e-11,3.9631707939362136e-11,0.3006856070108576,0.0
NGC7819,SB(s)b HII,ShellFlow,54.67482120862015,6.25053050396335,8.908741622813559e-11,3.382641826464427e-11,0.29647211743227353,0.0
NGC7819,SB(s)b HII,ShellFlow,54.67482120862015,6.931965500690859,1.0161861053532081e-10,3.640702385626494e-11,0.26162878621258373,0.0
NGC7819,SB(s)b HII,ShellFlow,54.67482120862015,7.406397158606649,6.660014263052161e-11,2.072008370087358e-11,0.4801976522700822,0.0
NGC7819,SB(s)b HII,ShellFlow,54.67482120862015,7.946399476401717,6.062427766538162e-11,2.629677220320823e-11,0.3676520841074845,0.0
NGC7819,SB(s)b HII,ShellFlow,54.67482120862015,8.501187746969054,5.4351402909962477e-11,3.5155901159527026e-11,0.20074701956538113,0.0
NGC7819,SB(s)b HII,ShellFlow,54.67482120862015,9.082334498685812,6.032063967075163e-11,2.3241478562511857e-11,0.2436425183577546,0.0
NGC7819,SB(s)b HII,ShellFlow,54.67482120862015,9.637122769253146,6.483473031164566e-11,2.351588367884907e-11,0.2712527463717343,0.0
NGC7819,SB(s)b HII,ShellFlow,54.67482120862015,10.144339757108575,5.6986187085242414e-11,2.9713528808213976e-11,0.10691756441238788,0.0
NGC7819,SB(s)b HII,ShellFlow,54.67482120862015,10.567020580321433,6.569248547294467e-11,2.218319279735994e-11,0.19977760593329244,0.0
NGC7819,SB(s)b HII,ShellFlow,54.67482120862015,10.994847083121229,4.667219410576684e-11,1.9038234095972045e-11,0.16539448752315283,0.0
NGC7831,Sb: sp,ShellFlow,83.9099523395877,0.37398592102392547,2.1250848044863193e-10,1.8515561530964383e-11,0.6105481976033342,0.0
NGC7831,Sb: sp,ShellFlow,83.9099523395877,1.1219577630717765,4.182113259425263e-10,4.0735328794807365e-11,0.533196030898272,0.0
NGC7831,Sb: sp,ShellFlow,83.9099523395877,1.8699296051196272,4.809311837132e-10,4.5410715792764937e-11,0.5345477424082428,0.0
NGC7831,Sb: sp,ShellFlow,83.9099523395877,2.6676156786981142,4.5298139402044593e-10,4.6789943513819574e-11,0.4895574385838111,0.0
NGC7831,Sb: sp,ShellFlow,83.9099523395877,3.503152018196656,3.597253261137017e-10,4.5683635719967965e-11,0.43732589818406964,0.0
NGC7831,Sb: sp,ShellFlow,83.9099523395877,4.300838091775143,3.1180333484823704e-10,4.827147136277873e-11,0.37736969775863766,0.0
NGC7831,Sb: sp,ShellFlow,83.9099523395877,5.048809933822994,3.0158770547040707e-10,3.6518367496226265e-11,0.4719446156218178,0.0
NGC7831,Sb: sp,ShellFlow,83.9099523395877,5.796781775870845,2.713443084613995e-10,4.9957255860335226e-11,0.2854441922329511,0.0
NGC7831,Sb: sp,ShellFlow,83.9099523395877,6.544753617918696,2.3300351934811187e-10,3.966256398987424e-11,0.3418604387024959,0.0
NGC7831,Sb: sp,ShellFlow,83.9099523395877,7.2927254599665465,2.0966401623251465e-10,3.112963249343912e-11,0.3831713298981228,0.0
NGC7831,Sb: sp,ShellFlow,83.9099523395877,8.090411533545034,2.0027586553326917e-10,2.4593599030893854e-11,0.4218338088159955,0.0
NGC7831,Sb: sp,ShellFlow,83.9099523395877,8.88216562431823,1.7595056220849578e-10,2.3876295980828677e-11,0.3753987333865003,0.0
NGC7831,Sb: sp,ShellFlow,83.9099523395877,9.681899285870117,1.6208944313451446e-10,2.5594914610586774e-11,0.2714372853194936,0.0
NGC7831,Sb: sp,ShellFlow,83.9099523395877,10.471605788669914,1.6682313070025413e-10,2.793035262033707e-11,0.15416284827542012,0.0
NGC7831,Sb: sp,ShellFlow,83.9099523395877,11.23579917325493,1.468788564208394e-10,2.756974067374156e-11,0.08381355393759371,0.0
NGC7831,Sb: sp,ShellFlow,83.9099523395877,11.967549472765615,1.447903037535337e-10,1.6361374440442034e-11,0.2527538570548814,0.0
NGC7831,Sb: sp,ShellFlow,83.9099523395877,12.67767104889341,1.4125580989370691e-10,1.9129394800452137e-11,0.09925283962773193,0.0
NGC7831,Sb: sp,ShellFlow,83.9099523395877,13.478181589411676,1.106750729491955e-10,1.713688242971528e-11,0.05323683697463347,0.0
NGC7831,Sb: sp,ShellFlow,83.9099523395877,14.200353822994687,9.65707405931468e-11,1.3738433264448215e-11,0.10902739213898593,0.0
NGC7831,Sb: sp,ShellFlow,83.9099523395877,15.072987638717182,1.1189786067327087e-10,1.3472676561656061e-11,0.060056897167065866,0.0
NGC7831,Sb: sp,ShellFlow,83.9099523395877,15.446973559741108,1.1905145264408476e-10,1.1616370050996014e-11,0.08728371411177442,0.0
SDSSJ103804.65+014427.5,Extended Src [SDSS],Mathewson96,74.08036104990113,0.6809365573412841,3.356680382237995e-10,2.553577684478416e-13,0.9442701203652792,0.0
SDSSJ103804.65+014427.5,Extended Src [SDSS],Mathewson96,74.08036104990113,2.042809672023852,1.935529145069472e-10,6.069153738326516e-13,0.9283712502267991,0.0
SDSSJ103804.65+014427.5,Extended Src [SDSS],Mathewson96,74.08036104990113,2.8619969849465483,1.3352039677972822e-10,6.132271732579996e-13,0.9319785056306181,0.0
SDSSJ103804.65+014427.5,Extended Src [SDSS],Mathewson96,74.08036104990113,6.809365573412841,1.6412737003268415e-10,4.180850725711091e-12,0.683798864916187,0.0
SDSSJ103804.65+014427.5,Extended Src [SDSS],Mathewson96,74.08036104990113,8.171238688095409,1.4872689489260798e-10,2.989218173492473e-12,0.7363701486037701,0.0
SDSSJ103804.65+014427.5,Extended Src [SDSS],Mathewson96,74.08036104990113,10.894984917460546,9.127779539670117e-11,5.475167467021883e-12,0.5865231738680539,0.0
SDSSJ103804.65+014427.5,Extended Src [SDSS],Mathewson96,74.08036104990113,12.256858032143114,1.280859521575907e-10,8.757431367368068e-12,0.4896491076178549,0.0
SDSSJ103804.65+014427.5,Extended Src [SDSS],Mathewson96,74.08036104990113,13.618731146825684,1.1445759076406392e-10,5.784942836121996e-12,0.5991602984937959,0.0
SDSSJ103804.65+014427.5,Extended Src [SDSS],Mathewson96,74.08036104990113,14.84235350592684,9.594967613888322e-11,5.867999885406767e-12,0.5915426161669425,0.0
SDSSJ103804.65+014427.5,Extended Src [SDSS],Mathewson96,74.08036104990113,16.34247737619082,7.225574733608286e-11,1.4934590795770014e-12,0.8796692164461136,0.0
SDSSJ103804.65+014427.5,Extended Src [SDSS],Mathewson96,74.08036104990113,20.42809672023852,7.925301095115416e-11,3.265554106184615e-11,0.006859362701798445,0.0
SDSSJ103804.65+014427.5,Extended Src [SDSS],Mathewson96,74.08036104990113,21.78996983492109,7.374276673040702e-11,1.7512451372490302e-11,0.013975394356033032,0.0
SDSSJ103804.65+014427.5,Extended Src [SDSS],Mathewson96,74.08036104990113,23.15184294960366,6.33135971268723e-11,1.2192530812828866e-11,0.021892810313496634,0.0
SDSSJ103804.65+014427.5,Extended Src [SDSS],Mathewson96,74.08036104990113,24.651966819867642,6.087533205869583e-11,9.129353480213702e-12,0.032110736774726444,0.0
SDSSJ103804.65+014427.5,Extended Src [SDSS],Mathewson96,74.08036104990113,26.01383993455021,4.0233493612974373e-11,7.380228576757825e-12,0.043183880506244346,0.0
SDSSJ103847.36+054135.9,Extended Src [SDSS],Mathewson96,57.681942278604076,1.111237262744528,8.905480153304983e-11,5.409482676111832e-11,0.6521401445180549,0.0
SDSSJ103847.36+054135.9,Extended Src [SDSS],Mathewson96,57.681942278604076,2.222474525489056,2.1612530630841843e-10,8.13762520222944e-11,0.5554953547258449,0.0
SDSSJ103847.36+054135.9,Extended Src [SDSS],Mathewson96,57.681942278604076,3.3337117882335834,2.2655487429057445e-10,8.049257959861248e-11,0.5157337765956211,0.0
SDSSJ103847.36+054135.9,Extended Src [SDSS],Mathewson96,57.681942278604076,4.444949050978112,2.1972969721356252e-10,7.164135196662214e-11,0.5089359466689543,0.0
SDSSJ103847.36+054135.9,Extended Src [SDSS],Mathewson96,57.681942278604076,5.556186313722639,1.7111731999124362e-10,8.523548702899419e-11,0.36227368585545994,0.0
SDSSJ103847.36+054135.9,Extended Src [SDSS],Mathewson96,57.681942278604076,6.667423576467167,1.6627966475704604e-10,6.832678073143504e-11,0.35097873981178823,0.0
SDSSJ103847.36+054135.9,Extended Src [SDSS],Mathewson96,57.681942278604076,7.719731590429788,1.7235917513847348e-10,5.512250306323974e-11,0.46743444189321354,0.0
SDSSJ103847.36+054135.9,Extended Src [SDSS],Mathewson96,57.681942278604076,7.837590087993601,1.4643448345364372e-10,4.0981360132171416e-11,0.5675538806939029,0.0
SDSSJ103847.36+054135.9,Extended Src [SDSS],Mathewson96,57.681942278604076,8.889898101956224,1.2167780472435197e-10,6.63415530025017e-11,0.24519933050790713,0.0
SDSSJ103847.36+054135.9,Extended Src [SDSS],Mathewson96,57.681942278604076,10.001135364700751,1.157144705232939e-10,6.989278439462119e-11,0.23038161348528882,0.0
SDSSJ103847.36+054135.9,Extended Src [SDSS],Mathewson96,57.681942278604076,11.05344337866337,1.1698039025712889e-10,6.057610538249979e-11,0.2180225348385097,0.0
SDSSJ103847.36+054135.9,Extended Src [SDSS],Mathewson96,57.681942278604076,12.223609890189806,7.586346848669957e-11,4.88081288406699e-11,0.2244448064417527,0.0
SDSSJ103847.36+054135.9,Extended Src [SDSS],Mathewson96,57.681942278604076,13.334847152934334,6.687925736685655e-11,4.562693786170955e-11,0.19087305764809998,0.0
SDSSJ103847.36+054135.9,Extended Src [SDSS],Mathewson96,57.681942278604076,14.387155166896955,5.453526077505918e-11,4.4874762694025625e-11,0.14450440189203204,0.0
SDSSJ103847.36+054135.9,Extended Src [SDSS],Mathewson96,57.681942278604076,15.49839242964148,5.11357672620488e-11,1.4453030676943495e-11,0.5789420028982318,0.0
SDSSJ110925.00+222900.8,Scd:,SCII,83.30759852864418,0.30680835721038474,8.10114713597234e-12,4.5855140573534e-13,0.7984915478387298,0.0
SDSSJ110925.00+222900.8,Scd:,SCII,83.30759852864418,0.8181556192276926,1.3462912897119386e-11,1.2170748327425844e-12,0.7548047855579505,0.0
SDSSJ110925.00+222900.8,Scd:,SCII,83.30759852864418,1.3295028812450005,1.5484477591092568e-11,1.835457049622542e-12,0.7067526399321427,0.0
SDSSJ110925.00+222900.8,Scd:,SCII,83.30759852864418,1.900463618936805,1.7998079042133254e-11,2.3627362595152916e-12,0.6741019803231862,0.0
SDSSJ110925.00+222900.8,Scd:,SCII,83.30759852864418,2.3948533820085816,1.83577608709765e-11,2.6861187770409906e-12,0.6214533812375973,0.0
SDSSJ110925.00+222900.8,Scd:,SCII,83.30759852864418,2.965814119700385,2.1083195784767394e-11,3.1937970364100537e-12,0.588002428992699,0.0
SDSSJ110925.00+222900.8,Scd:,SCII,83.30759852864418,3.4771613817176936,2.1006233820201034e-11,2.9377360402222123e-12,0.5967374818139586,0.0
SDSSJ110925.00+222900.8,Scd:,SCII,83.30759852864418,3.9885086437350012,2.1068531177404256e-11,3.925450796693705e-12,0.5120368692989359,0.0
SDSSJ110925.00+222900.8,Scd:,SCII,83.30759852864418,4.602125358155771,2.1534966309127608e-11,2.883207498601915e-12,0.5917295788249199,0.0
SDSSJ110925.00+222900.8,Scd:,SCII,83.30759852864418,5.113472620173079,2.0974412750451116e-11,3.07705676791715e-12,0.5313384323758077,0.0
SDSSJ110925.00+222900.8,Scd:,SCII,83.30759852864418,5.624819882190387,1.9793595140079668e-11,2.991339267101436e-12,0.5210756330118238,0.0
SDSSJ110925.00+222900.8,Scd:,SCII,83.30759852864418,6.195780619882191,1.929232191221591e-11,3.0539054283565734e-12,0.4811278168705981,0.0
SDSSJ110925.00+222900.8,Scd:,SCII,83.30759852864418,6.690170382953967,1.967184467675165e-11,3.1617585622517174e-12,0.4790925379438684,0.0
SDSSJ110925.00+222900.8,Scd:,SCII,83.30759852864418,7.261131120645772,2.188452440098031e-11,3.74490422016905e-12,0.36700968571047327,0.0
SDSSJ110925.00+222900.8,Scd:,SCII,83.30759852864418,7.772478382663079,2.4988448050360024e-11,4.4067894253365726e-12,0.24978054684124962,0.0
SDSSJ110925.00+222900.8,Scd:,SCII,83.30759852864418,8.28382564468039,2.7287456495014934e-11,2.561403369894803e-12,0.3905109950913502,0.0
SDSSJ110925.00+222900.8,Scd:,SCII,83.30759852864418,8.897442359101158,2.7379664889898222e-11,2.196178113158156e-12,0.467700917864604,0.0
SDSSJ110925.00+222900.8,Scd:,SCII,83.30759852864418,9.408789621118466,2.734169192009831e-11,3.720891190672692e-12,0.21739651234477256,0.0
SDSSJ110925.00+222900.8,Scd:,SCII,83.30759852864418,9.920136883135774,2.712879040702422e-11,1.6955546616584118e-12,0.5084882139382872,0.0
SDSSJ110925.00+222900.8,Scd:,SCII,83.30759852864418,10.400307987297895,2.7429144261557744e-11,3.3523266424562754e-12,0.18966691855300916,0.0
SDSSJ110925.00+222900.8,Scd:,SCII,83.30759852864418,10.747033481201369,2.830643962543442e-11,2.142257144733922e-12,0.35373035521925567,0.0
SDSSJ111023.34+044946.3,Extended Src [SDSS],Mathewson96,54.5074667852549,0.33523089763168745,1.3719208911846343e-10,2.2882922586537277e-11,0.7859064141975828,0.0
SDSSJ111023.34+044946.3,Extended Src [SDSS],Mathewson96,54.5074667852549,1.2002842266017018,2.2068952244465245e-10,8.099439489130009e-11,0.7113564343412019,0.0
SDSSJ111023.34+044946.3,Extended Src [SDSS],Mathewson96,54.5074667852549,2.065337555571716,3.748755630429304e-10,1.1512913473976796e-10,0.6283148577397341,0.0
SDSSJ111023.34+044946.3,Extended Src [SDSS],Mathewson96,54.5074667852549,3.000710566504254,2.726259044946543e-10,1.3740664963964144e-10,0.5776406170108279,0.0
SDSSJ111023.34+044946.3,Extended Src [SDSS],Mathewson96,54.5074667852549,3.9360835774367926,2.9068602096017803e-10,1.3122645105104063e-10,0.594171700150628,0.0
SDSSJ111023.34+044946.3,Extended Src [SDSS],Mathewson96,54.5074667852549,4.801136906406807,2.3813276593948263e-10,1.1092120191892502e-10,0.6177774548656493,0.0
SDSSJ111023.34+044946.3,Extended Src [SDSS],Mathewson96,54.5074667852549,5.666190235376821,1.990737565760359e-10,1.51285776853303e-10,0.5081774156323848,0.0
SDSSJ111023.34+044946.3,Extended Src [SDSS],Mathewson96,54.5074667852549,6.336652030640196,2.6893445003633204e-10,1.0592138933019516e-10,0.5995101093759105,0.0
SDSSJ111023.34+044946.3,Extended Src [SDSS],Mathewson96,54.5074667852549,7.2017053596102105,2.2898245457027543e-10,1.523132544054553e-10,0.3491005059226085,0.0
SDSSJ111023.34+044946.3,Extended Src [SDSS],Mathewson96,54.5074667852549,8.066758688580226,2.0198411532107668e-10,2.0291770868627097e-10,0.27522042016282827,0.0
SDSSJ111023.34+044946.3,Extended Src [SDSS],Mathewson96,54.5074667852549,9.002131699512763,1.6171372202918892e-10,1.7489441954351825e-10,0.28354672997548375,0.0
SDSSJ111023.34+044946.3,Extended Src [SDSS],Mathewson96,54.5074667852549,9.937504710445301,1.6654741715862983e-10,1.5761807391039337e-10,0.2546443900754888,0.0
SDSSJ111023.34+044946.3,Extended Src [SDSS],Mathewson96,54.5074667852549,10.802558039415317,1.4309585554278327e-10,1.6288108375148771e-10,0.1750541659697575,0.0
SDSSJ111023.34+044946.3,Extended Src [SDSS],Mathewson96,54.5074667852549,11.66761136838533,1.4311426571057362e-10,1.461006756702897e-10,0.12457137430140647,0.0
SDSSJ111023.34+044946.3,Extended Src [SDSS],Mathewson96,54.5074667852549,12.338073163648705,1.1207811760663281e-10,8.777915954145474e-11,0.31271740253033636,0.0
SDSSJ111023.34+044946.3,Extended Src [SDSS],Mathewson96,54.5074667852549,13.203126492618718,1.2320228577063862e-10,1.0345241698392622e-10,0.16730618083764667,0.0
SDSSJ111023.34+044946.3,Extended Src [SDSS],Mathewson96,54.5074667852549,14.738641616852108,1.134822408869494e-10,7.430507662206771e-11,0.20319884319970324,0.0
SDSSJ111023.34+044946.3,Extended Src [SDSS],Mathewson96,54.5074667852549,15.93892584345381,9.710351656280361e-11,7.490336771128853e-11,0.12756387946956438,0.0
SDSSJ111023.34+044946.3,Extended Src [SDSS],Mathewson96,54.5074667852549,17.139210070055512,8.764319798601449e-11,7.823800012601463e-11,0.0677930730434238,0.0
SDSSJ140232.36+090443.7,Extended Src [SDSS],Mathewson96,73.5520290170889,0.07447096938404481,3.476102967422991e-11,1.0015372776972756e-13,0.0,0.0
SDSSJ140232.36+090443.7,Extended Src [SDSS],Mathewson96,73.5520290170889,0.756166766053378,6.915374162449612e-11,1.5866098374413076e-11,0.7713900752340548,0.0
SDSSJ140232.36+090443.7,Extended Src [SDSS],Mathewson96,73.5520290170889,1.4378625627227113,4.7878880235381404e-11,3.147332265376307e-11,0.6543336764985737,0.0
SDSSJ140232.36+090443.7,Extended Src [SDSS],Mathewson96,73.5520290170889,1.586804501490801,4.187024013501956e-11,3.539362532054921e-11,0.6239565090753039,0.0
SDSSJ140232.36+090443.7,Extended Src [SDSS],Mathewson96,73.5520290170889,2.268500298160134,1.0704873528176425e-10,4.901889221505803e-11,0.5488978879859238,0.0
SDSSJ140232.36+090443.7,Extended Src [SDSS],Mathewson96,73.5520290170889,3.024667064213512,1.2096132360408926e-10,5.112448660497045e-11,0.5169856837544531,0.0
SDSSJ140232.36+090443.7,Extended Src [SDSS],Mathewson96,73.5520290170889,3.7808338302668902,7.357242185978398e-11,5.779578407526866e-11,0.43795524051669865,0.0
SDSSJ140232.36+090443.7,Extended Src [SDSS],Mathewson96,73.5520290170889,4.537000596320268,8.039280446500308e-11,6.040112613195076e-11,0.34446425115702295,0.0
SDSSJ140232.36+090443.7,Extended Src [SDSS],Mathewson96,73.5520290170889,5.367638331757691,6.261734775648629e-11,4.884291647417261e-11,0.4072544014633385,0.0
SDSSJ140232.36+090443.7,Extended Src [SDSS],Mathewson96,73.5520290170889,6.049334128427024,1.3892412041508334e-10,5.599680306314768e-11,0.23526502572532962,0.0
SDSSJ140232.36+090443.7,Extended Src [SDSS],Mathewson96,73.5520290170889,6.731029925096357,8.666743268385167e-11,5.568484271123671e-11,0.21479835735219746,0.0
SDSSJ140232.36+090443.7,Extended Src [SDSS],Mathewson96,73.5520290170889,6.879971863864447,1.144947962041629e-10,5.06391877437499e-11,0.2624609946196603,0.0
SDSSJ140232.36+090443.7,Extended Src [SDSS],Mathewson96,73.5520290170889,7.5616676605337805,1.1048413860802036e-10,4.4484090402637556e-11,0.2542569665870503,0.0
SDSSJ140232.36+090443.7,Extended Src [SDSS],Mathewson96,73.5520290170889,8.317834426587158,8.160589875537271e-11,3.896939479870972e-11,0.24912080802896938,0.0
SDSSJ140232.36+090443.7,Extended Src [SDSS],Mathewson96,73.5520290170889,9.074001192640537,9.002987615465008e-11,3.792453939722122e-11,0.20532412441431278,0.0
SDSSJ140232.36+090443.7,Extended Src [SDSS],Mathewson96,73.5520290170889,9.75569698930987,9.671671140206076e-11,3.309038181939065e-11,0.15844551529232587,0.0
SDSSJ140232.36+090443.7,Extended Src [SDSS],Mathewson96,73.5520290170889,10.511863755363246,1.2426495260477864e-10,1.8625676163005003e-11,0.405893670860646,0.0
SDSSJ143712.96+083834.3,Extended Src [SDSS],Mathewson96,70.06919684188172,0.9829070758490293,3.2271858956171405e-11,1.7318162605141387e-11,0.6608149461049391,0.0
SDSSJ143712.96+083834.3,Extended Src [SDSS],Mathewson96,70.06919684188172,1.9658141516980585,4.233727782348823e-11,2.7154003435193723e-11,0.5635894154632944,0.0
SDSSJ143712.96+083834.3,Extended Src [SDSS],Mathewson96,70.06919684188172,2.9487212275470878,8.762009509122327e-11,2.8043588513177353e-11,0.5235955054458516,0.0
SDSSJ143712.96+083834.3,Extended Src [SDSS],Mathewson96,70.06919684188172,3.931628303396117,1.1096542730842954e-10,2.698091209027016e-11,0.49985213453509386,0.0
SDSSJ143712.96+083834.3,Extended Src [SDSS],Mathewson96,70.06919684188172,4.914535379245146,1.0559696479771172e-10,3.4468192816529345e-11,0.3276558474658203,0.0
SDSSJ143712.96+083834.3,Extended Src [SDSS],Mathewson96,70.06919684188172,5.8974424550941755,7.72382665440152e-11,2.819293361239321e-11,0.29808912014319777,0.0
SDSSJ143712.96+083834.3,Extended Src [SDSS],Mathewson96,70.06919684188172,6.880349530943205,6.342578155241556e-11,2.0576416264212936e-11,0.4292339755111954,0.0
SDSSJ143712.96+083834.3,Extended Src [SDSS],Mathewson96,70.06919684188172,7.863256606792234,6.790591212788774e-11,2.3551668629770992e-11,0.22527297563535287,0.0
SDSSJ143712.96+083834.3,Extended Src [SDSS],Mathewson96,70.06919684188172,8.854602783797542,6.744280694780793e-11,2.3665792002980647e-11,0.2188662607182248,0.0
SDSSJ143712.96+083834.3,Extended Src [SDSS],Mathewson96,70.06919684188172,9.829070758490293,6.498837933001567e-11,1.881666539881773e-11,0.2411994650104628,0.0
SDSSJ143712.96+083834.3,Extended Src [SDSS],Mathewson96,70.06919684188172,10.803538733183043,6.593769101199009e-11,1.646148078318832e-11,0.2334282406764137,0.0
SDSSJ143712.96+083834.3,Extended Src [SDSS],Mathewson96,70.06919684188172,10.8204169354956,5.5282633639663404e-11,1.6150940293378623e-11,0.23992208036848214,0.0
SDSSJ145311.77+165524.4,Sab AGN,SCII,74.07278148074705,0.3982105621409352,3.1015425348618544e-10,1.003344928119923e-11,0.7948007804862042,0.0
SDSSJ145311.77+165524.4,Sab AGN,SCII,74.07278148074705,1.303714152376797,4.956194093656093e-10,3.3386156377416837e-11,0.6785895802317817,0.0
SDSSJ145311.77+165524.4,Sab AGN,SCII,74.07278148074705,2.28018090689162,4.00772879821248e-10,4.910931647123865e-11,0.6026685657955769,0.0
SDSSJ145311.77+165524.4,Sab AGN,SCII,74.07278148074705,3.1856844971274816,2.917329774896226e-10,5.919846460162158e-11,0.4856397905193616,0.0
SDSSJ145311.77+165524.4,Sab AGN,SCII,74.07278148074705,3.982105621409352,2.2177840657507088e-10,7.255742033158607e-11,0.412473360471937,0.0
SDSSJ145311.77+165524.4,Sab AGN,SCII,74.07278148074705,4.778526745691222,1.6710611566232382e-10,7.272809382057893e-11,0.3412724804069118,0.0
SDSSJ145311.77+165524.4,Sab AGN,SCII,74.07278148074705,5.684030335927085,1.3812069515752774e-10,5.64557832220697e-11,0.30096175922500046,0.0
SDSSJ145311.77+165524.4,Sab AGN,SCII,74.07278148074705,6.660497090441908,1.2194077339988175e-10,4.166769324771278e-11,0.4522638540626386,0.0
SDSSJ145311.77+165524.4,Sab AGN,SCII,74.07278148074705,7.566000680677769,1.0513084241781433e-10,4.3235704196124794e-11,0.2663811616190553,0.0
SDSSJ145311.77+165524.4,Sab AGN,SCII,74.07278148074705,8.36242180495964,1.0012578702189623e-10,4.432700078065377e-11,0.22611711834357615,0.0
SDSSJ145311.77+165524.4,Sab AGN,SCII,74.07278148074705,9.267925395195501,9.490993029385597e-11,4.610483210431053e-11,0.19876318284668046,0.0
SDSSJ145311.77+165524.4,Sab AGN,SCII,74.07278148074705,10.154369334593849,9.54989510899477e-11,3.9602787823302535e-11,0.18700062542975876,0.0
SDSSJ145311.77+165524.4,Sab AGN,SCII,74.07278148074705,10.95079045887572,8.841717215068228e-11,1.8435994595390728e-11,0.49799750856902547,0.0
SDSSJ145311.77+165524.4,Sab AGN,SCII,74.07278148074705,11.89441335078661,7.1110708230261e-11,1.896379363745333e-11,0.44155429374279964,0.0
SDSSJ145311.77+165524.4,Sab AGN,SCII,74.07278148074705,12.69083447506848,5.7998005744088574e-11,2.7695561786576848e-11,0.21823022267535888,0.0
SDSSJ145311.77+165524.4,Sab AGN,SCII,74.07278148074705,13.68636088042082,5.054398433937743e-11,3.026800665022777e-11,0.13667430442988912,0.0
SDSSJ145311.77+165524.4,Sab AGN,SCII,74.07278148074705,14.48278200470269,5.4856413974863386e-11,1.3961810993952208e-11,0.42395001757485073,0.0
SDSSJ145311.77+165524.4,Sab AGN,SCII,74.07278148074705,17.07115065861877,3.69965685643189e-11,1.5401522504599667e-11,0.22358076315596367,0.0
SDSSJ145311.77+165524.4,Sab AGN,SCII,74.07278148074705,17.66846650183017,3.445179746628159e-11,8.228796379637625e-12,0.5080444894465194,0.0
UGC00014,Sc+,Courteau97/ShellFlow/Mathewson96,56.10185731341425,0.6931611007199476,4.0964416271253907e-10,7.658776934139617e-11,0.6259246906578567,0.0
UGC00014,Sc+,Courteau97/ShellFlow/Mathewson96,56.10185731341425,2.0803813931454336,3.7054361067187885e-10,1.5478706332808468e-10,0.4390472950329007,0.0
UGC00014,Sc+,Courteau97/ShellFlow/Mathewson96,56.10185731341425,3.5328003764920988,2.8099560550670683e-10,1.2487488875676638e-10,0.4025328646054193,0.0
UGC00014,Sc+,Courteau97/ShellFlow/Mathewson96,56.10185731341425,4.9220566434441135,2.1620934472728682e-10,8.79668660918098e-11,0.48591997548316374,0.0
UGC00014,Sc+,Courteau97/ShellFlow/Mathewson96,56.10185731341425,6.307404970402152,1.5943215005337357e-10,1.0560235791981746e-10,0.32675212967611533,0.0
UGC00014,Sc+,Courteau97/ShellFlow/Mathewson96,56.10185731341425,7.694490662289496,1.6420204222126734e-10,1.0694008927894388e-10,0.2533998340637925,0.0
UGC00014,Sc+,Courteau97/ShellFlow/Mathewson96,56.10185731341425,9.0902869318595,1.2959297852937917e-10,7.57318268353655e-11,0.19760198759241887,0.0
UGC00014,Sc+,Courteau97/ShellFlow/Mathewson96,56.10185731341425,10.428117310013816,1.138611224273846e-10,6.089451019966981e-11,0.26700820474220044,0.0
UGC00014,Sc+,Courteau97/ShellFlow/Mathewson96,56.10185731341425,11.932507370892507,9.16601363462995e-11,3.0061907791658957e-11,0.47498498091392144,0.0
UGC00014,Sc+,Courteau97/ShellFlow/Mathewson96,56.10185731341425,13.459990472838339,6.196741700074828e-11,5.349273741916274e-11,0.15008611612129083,0.0
UGC00014,Sc+,Courteau97/ShellFlow/Mathewson96,56.10185731341425,14.482701197003854,3.160911594874425e-11,2.0902461640100724e-11,0.49205307484522404,0.0
UGC00014,Sc+,Courteau97/ShellFlow/Mathewson96,56.10185731341425,16.14968927350738,6.430435660596631e-11,3.6861271651151085e-11,0.1549438140629552,0.0
UGC00014,Sc+,Courteau97/ShellFlow/Mathewson96,56.10185731341425,17.70076253363392,4.560342396168313e-11,2.7318393832038688e-11,0.16758946692530183,0.0
UGC00014,Sc+,Courteau97/ShellFlow/Mathewson96,56.10185731341425,18.99055239618937,7.181548545288356e-11,1.4000777619396886e-11,0.49583915452933514,0.0
UGC00014,Sc+,Courteau97/ShellFlow/Mathewson96,56.10185731341425,22.049943451385353,2.2890557524343234e-11,2.3502218665571067e-11,0.16743587895290277,0.0
UGC00014,Sc+,Courteau97/ShellFlow/Mathewson96,56.10185731341425,23.361111046469347,4.345237023653931e-11,4.805333884267853e-12,0.755241250603489,0.0
UGC00014,Sc+,Courteau97/ShellFlow/Mathewson96,56.10185731341425,24.34448674278234,4.808064478896474e-11,2.0194346385841778e-11,0.1390178965372629,0.0
UGC00014,Sc+,Courteau97/ShellFlow/Mathewson96,56.10185731341425,25.879170407970328,3.2204297544577156e-11,1.4918669284507582e-11,0.09654916748281162,0.0
UGC00014,Sc+,Courteau97/ShellFlow/Mathewson96,56.10185731341425,26.851857238019054,2.836137362536455e-11,1.6340523110226625e-11,0.11865783855598011,0.0
UGC00014,Sc+,Courteau97/ShellFlow/Mathewson96,56.10185731341425,27.950197629263325,3.030160177824399e-11,9.645240272576485e-12,0.3493389605822567,0.0
UGC00041,SBcd:,Mathewson96,73.46939865731451,0.8321366009744745,9.705268326037538e-11,5.705605422086633e-12,0.7368349144795572,0.0
UGC00041,SBcd:,Mathewson96,73.46939865731451,1.664273201948949,6.891215437880669e-11,9.873336919033999e-12,0.6593911650036448,0.0
UGC00041,SBcd:,Mathewson96,73.46939865731451,2.4964098029234236,5.4693650358661385e-11,1.2776340778314085e-11,0.5850371121515491,0.0
UGC00041,SBcd:,Mathewson96,73.46939865731451,3.328546403897898,3.320839888792605e-11,1.4609056412462985e-11,0.5242512298269861,0.0
UGC00041,SBcd:,Mathewson96,73.46939865731451,4.160683004872372,4.544140418458054e-11,1.8174919376783777e-11,0.39345469462789273,0.0
UGC00041,SBcd:,Mathewson96,73.46939865731451,4.992819605846847,9.580827626361687e-11,1.5993357103991547e-11,0.3612917975132114,0.0
UGC00041,SBcd:,Mathewson96,73.46939865731451,5.824956206821321,6.699652850806226e-11,1.2637704761701508e-11,0.4668003167858336,0.0
UGC00041,SBcd:,Mathewson96,73.46939865731451,6.657092807795796,4.4667411778055174e-11,1.4905569866814533e-11,0.2682707242038176,0.0
UGC00041,SBcd:,Mathewson96,73.46939865731451,7.489229408770271,7.352697965337343e-11,1.5903200438872536e-11,0.24937141208003877,0.0
UGC00041,SBcd:,Mathewson96,73.46939865731451,8.321366009744745,6.393445332804612e-11,1.3680146344719843e-11,0.24763626876849754,0.0
UGC00041,SBcd:,Mathewson96,73.46939865731451,9.985639211693695,3.4354727389515775e-11,1.2085581516851379e-11,0.1560772949672005,0.0
UGC00041,SBcd:,Mathewson96,73.46939865731451,10.817775812668168,3.0793901568238456e-11,1.1376463647393103e-11,0.09801552710276486,0.0
UGC00041,SBcd:,Mathewson96,73.46939865731451,11.649912413642642,5.1952496021803775e-11,6.39877261389337e-12,0.2613962259100951,0.0
UGC00111,Scd:,Courteau97,71.59306479829453,0.28150400698131045,5.4666803180400647e-11,4.545960442518536e-12,0.7084482953396972,0.0
UGC00111,Scd:,Courteau97,71.59306479829453,0.9049074260781034,8.248829285329305e-11,1.4140628495628464e-11,0.6411745958930606,0.0
UGC00111,Scd:,Courteau97,71.59306479829453,1.5482720383972075,8.118942198853863e-11,2.064358198231231e-11,0.5892840148701441,0.0
UGC00111,Scd:,Courteau97,71.59306479829453,2.1112800523598283,8.131421890343853e-11,2.3149413308684385e-11,0.5414075714133636,0.0
UGC00111,Scd:,Courteau97,71.59306479829453,2.6742880663224495,7.549612082612163e-11,2.514754596800589e-11,0.5276783789314811,0.0
UGC00111,Scd:,Courteau97,71.59306479829453,3.23729608028507,8.834540496602286e-11,2.666682888774769e-11,0.49138222314707647,0.0
UGC00111,Scd:,Courteau97,71.59306479829453,3.800304094247691,9.17365967946915e-11,2.628309740465923e-11,0.42553669118156284,0.0
UGC00111,Scd:,Courteau97,71.59306479829453,4.363312108210312,7.582814687483064e-11,2.750342770202737e-11,0.43421736238441977,0.0
UGC00111,Scd:,Courteau97,71.59306479829453,4.926320122172933,6.239889640770438e-11,2.340233467045174e-11,0.4436396770914761,0.0
UGC00111,Scd:,Courteau97,71.59306479829453,5.489328136135553,8.041875648783032e-11,2.2878006602548985e-11,0.37617980731528833,0.0
UGC00111,Scd:,Courteau97,71.59306479829453,6.052336150098174,7.012101068357778e-11,2.0435230221022616e-11,0.36553907362755933,0.0
UGC00111,Scd:,Courteau97,71.59306479829453,6.6153441640607955,5.855375357358027e-11,1.6851148776417213e-11,0.4227672214719679,0.0
UGC00111,Scd:,Courteau97,71.59306479829453,7.178352178023416,6.549600728965457e-11,1.6075093802346733e-11,0.41893280952190676,0.0
UGC00111,Scd:,Courteau97,71.59306479829453,7.741360191986036,5.683275354542366e-11,1.8855825167009214e-11,0.3101550403685976,0.0
UGC00111,Scd:,Courteau97,71.59306479829453,8.304368205948657,5.3565782853666435e-11,2.1485334004534542e-11,0.20444912083882383,0.0
UGC00111,Scd:,Courteau97,71.59306479829453,8.81363454585121,4.0706083758451114e-11,1.1350372555624975e-11,0.433841044076171,0.0
UGC00111,Scd:,Courteau97,71.59306479829453,9.550663218675005,4.7189986921162113e-11,1.1981140101791435e-11,0.3638595724087534,0.0
UGC00111,Scd:,Courteau97,71.59306479829453,9.97291922914697,3.750112624274309e-11,1.7192210420145545e-11,0.16153811095636433,0.0
UGC00111,Scd:,Courteau97,71.59306479829453,10.53592724310959,3.890969787367516e-11,9.76383455544388e-12,0.38272650298162264,0.0
UGC00111,Scd:,Courteau97,71.59306479829453,11.098935257072213,3.087446723697843e-11,1.497069389359074e-11,0.1591464947599566,0.0
UGC00111,Scd:,Courteau97,71.59306479829453,11.521191267544179,2.2073858642028946e-11,9.590613350656135e-12,0.3184995069460769,0.0
UGC00166,Scd:,Courteau97,67.71219997744367,0.2949414639974236,3.472640126989549e-11,7.191539940703377e-12,0.6089382949182173,0.0
UGC00166,Scd:,Courteau97,67.71219997744367,0.8235032288560833,4.816493068323689e-11,1.772554959951037e-11,0.5724081272995204,0.0
UGC00166,Scd:,Courteau97,67.71219997744367,1.3744494400407246,5.4106446053706043e-11,2.3266845020540292e-11,0.5125569690066826,0.0
UGC00166,Scd:,Courteau97,67.71219997744367,1.9290615903258985,1.456304749808363e-10,2.4586993832105043e-11,0.49013990696735005,0.0
UGC00166,Scd:,Courteau97,67.71219997744367,2.518944518320746,1.1114977215235564e-10,2.4732286445023143e-11,0.43414137251435836,0.0
UGC00166,Scd:,Courteau97,67.71219997744367,3.0793888444476765,1.325023411844825e-10,2.4040671656071664e-11,0.424946620861301,0.0
UGC00166,Scd:,Courteau97,67.71219997744367,3.5926203185222896,1.539585741755745e-10,2.2580701915438088e-11,0.448078172700974,0.0
UGC00166,Scd:,Courteau97,67.71219997744367,4.153064644649221,1.1901109037635475e-10,2.747577662347827e-11,0.3057758186097802,0.0
UGC00166,Scd:,Courteau97,67.71219997744367,4.742947572644068,1.0575179348839388e-10,2.2752661141154352e-11,0.3500233717564429,0.0
UGC00166,Scd:,Courteau97,67.71219997744367,5.2424780622015374,6.990050018927983e-11,1.9221410336754322e-11,0.36856456606977195,0.0
UGC00166,Scd:,Courteau97,67.71219997744367,5.976036179186969,7.07712839368115e-11,1.7380984068863285e-11,0.2515679558814856,0.0
UGC00166,Scd:,Courteau97,67.71219997744367,6.14711333721184,7.984047991162556e-11,2.0152706989059785e-11,0.2629408341777086,0.0
UGC00166,Scd:,Courteau97,67.71219997744367,6.911776392019974,8.337617186559911e-11,1.574217738512604e-11,0.3097734187535439,0.0
UGC00166,Scd:,Courteau97,67.71219997744367,7.367982146752964,5.966784018725727e-11,1.788204703645484e-11,0.19809788841884013,0.0
UGC00166,Scd:,Courteau97,67.71219997744367,10.85173518289579,6.515548014095733e-11,1.054942320444592e-11,0.1187998062533204,0.0
UGC00166,Scd:,Courteau97,67.71219997744367,11.108350919933097,5.809695379510933e-11,8.668180404273967e-12,0.17278818345559854,0.0
UGC00179,Scd:,Courteau97,62.65527221515132,0.22918717184204784,1.2365242856190961e-11,8.248431605656731e-12,0.4448606584290773,0.0
UGC00179,Scd:,Courteau97,62.65527221515132,0.6111657915787942,4.5941880662574286e-11,2.0081956140827753e-11,0.5003684072718132,0.0
UGC00179,Scd:,Courteau97,62.65527221515132,0.9931444113155407,1.1837747564349382e-10,2.8538527836073856e-11,0.42854813875453696,0.0
UGC00179,Scd:,Courteau97,62.65527221515132,1.4515187549996362,1.6054551406874255e-10,3.476822633385704e-11,0.34495751193723695,0.0
UGC00179,Scd:,Courteau97,62.65527221515132,1.8334973747363827,1.852506529860232e-10,3.383355870993359e-11,0.29975259030351625,0.0
UGC00179,Scd:,Courteau97,62.65527221515132,2.215475994473129,9.643695235883033e-11,3.017308470328602e-11,0.298176070586787,0.0
UGC00179,Scd:,Courteau97,62.65527221515132,2.6738503381572247,1.0970232491714187e-10,2.7233202474062844e-11,0.2807850223454513,0.0
UGC00179,Scd:,Courteau97,62.65527221515132,3.0558289578939712,1.0720262861363804e-10,2.644774238550031e-11,0.23496678516020467,0.0
UGC00179,Scd:,Courteau97,62.65527221515132,3.4378075776307178,1.2543493720360265e-10,2.3982071429663063e-11,0.23513935102757952,0.0
UGC00179,Scd:,Courteau97,62.65527221515132,3.8961819213148132,1.0242999082279017e-10,1.924996116286184e-11,0.25305232784952947,0.0
UGC00179,Scd:,Courteau97,62.65527221515132,4.2540071455005295,8.178149455245457e-11,1.7515942085372773e-11,0.24881895803350246,0.0
UGC00179,Scd:,Courteau97,62.65527221515132,4.660139160788305,1.3720966283060753e-10,1.597302888796598e-11,0.23401008228902212,0.0
UGC00179,Scd:,Courteau97,62.65527221515132,5.122449041766659,1.2085604002773128e-10,1.4353073053156698e-11,0.21609663226870143,0.0
UGC00179,Scd:,Courteau97,62.65527221515132,5.420160862967541,4.52712980365807e-11,1.4707463906262523e-11,0.13388744435641672,0.0
UGC00179,Scd:,Courteau97,62.65527221515132,8.10188227571328,4.9689380880884056e-11,6.973401656295818e-12,0.09477551320188614,0.0
UGC00210,Sb,Courteau97/Mathewson96,67.96347885673188,0.16641702373160738,7.360323122804535e-11,5.472049359503868e-12,0.4155522792468942,0.0
UGC00210,Sb,Courteau97/Mathewson96,67.96347885673188,0.5235235255617773,1.2917629810739687e-10,1.646309800258054e-11,0.5181529421335429,0.0
UGC00210,Sb,Courteau97/Mathewson96,67.96347885673188,0.9134125719687919,1.40704220827851e-10,2.49135854442463e-11,0.4618497725014997,0.0
UGC00210,Sb,Courteau97/Mathewson96,67.96347885673188,1.3302596804388254,1.2926776464483535e-10,2.9045971308723372e-11,0.41146329575989393,0.0
UGC00210,Sb,Courteau97/Mathewson96,67.96347885673188,1.6490991055195985,1.1782028314108225e-10,3.0425815286003396e-11,0.3759056644815193,0.0
UGC00210,Sb,Courteau97/Mathewson96,67.96347885673188,1.967938530600372,9.878523174925721e-11,3.088043138255228e-11,0.340298610299995,0.0
UGC00210,Sb,Courteau97/Mathewson96,67.96347885673188,2.384785639070405,1.4454731438914996e-10,2.946053559584825e-11,0.3102921293856361,0.0
UGC00210,Sb,Courteau97/Mathewson96,67.96347885673188,2.77467468547742,1.3283477532883373e-10,2.6150541139925727e-11,0.2870928898553801,0.0
UGC00210,Sb,Courteau97/Mathewson96,67.96347885673188,3.1105626201730785,1.227927845499479e-10,2.4378252476362232e-11,0.26801112986224906,0.0
UGC00210,Sb,Courteau97/Mathewson96,67.96347885673188,3.4527566336993676,7.024999274378486e-11,2.3067049757645458e-11,0.2564977938896485,0.0
UGC00210,Sb,Courteau97/Mathewson96,67.96347885673188,3.8217217366009746,1.3065582989777966e-10,2.1904103440460858e-11,0.23641977370786307,0.0
UGC00210,Sb,Courteau97/Mathewson96,67.96347885673188,4.188188204494218,1.296280796325309e-10,2.0278963752595826e-11,0.2127694868625539,0.0
UGC00210,Sb,Courteau97/Mathewson96,67.96347885673188,4.644748311831867,1.1076270414236645e-10,1.874980844724744e-11,0.19499583021520253,0.0
UGC00210,Sb,Courteau97/Mathewson96,67.96347885673188,4.992748677187114,6.10537581588679e-11,1.591513241790951e-11,0.14895488728847897,0.0
UGC00210,Sb,Courteau97/Mathewson96,67.96347885673188,5.244872847792888,6.91236541903649e-11,1.501813229203697e-11,0.22120027285588786,0.0
UGC00210,Sb,Courteau97/Mathewson96,67.96347885673188,5.654054076067196,7.018215425399403e-11,1.438178425575109e-11,0.1801793251757031,0.0
UGC00210,Sb,Courteau97/Mathewson96,67.96347885673188,6.08802335005939,8.282999429994822e-11,1.2655914197619069e-11,0.1425824330814503,0.0
UGC00210,Sb,Courteau97/Mathewson96,67.96347885673188,6.4660707929120305,1.0076665683636367e-10,9.996443509426382e-12,0.2452259373932617,0.0
UGC00210,Sb,Courteau97/Mathewson96,67.96347885673188,6.7383030262041546,7.752269955004102e-11,1.196775981155312e-11,0.10789758488466271,0.0
UGC00210,Sb,Courteau97/Mathewson96,67.96347885673188,7.100644763289943,5.880014466922685e-11,9.307541282158652e-12,0.19674948897724956,0.0
UGC00210,Sb,Courteau97/Mathewson96,67.96347885673188,7.336230349792743,9.288094102023099e-11,1.0063929537471437e-11,0.06412404474593152,0.0
UGC00228,Sbc,Mathewson96,55.51517158605127,0.014628237946331175,9.754039502949803e-11,5.979884925459366e-13,0.0,0.0
UGC00228,Sbc,Mathewson96,55.51517158605127,0.7426643880445059,1.354053361762636e-11,6.384979766751794e-11,0.5454158469424469,0.0
UGC00228,Sbc,Mathewson96,55.51517158605127,1.4853287760890117,1.2340973537675546e-11,9.824028790381995e-11,0.43087694231873913,0.0
UGC00228,Sbc,Mathewson96,55.51517158605127,2.227993164133517,1.0391516664098173e-10,1.0009277277771184e-10,0.36321991317505264,0.0
UGC00228,Sbc,Mathewson96,55.51517158605127,2.9706575521780234,1.4468493923271176e-10,8.389890114443665e-11,0.36104478546985985,0.0
UGC00228,Sbc,Mathewson96,55.51517158605127,3.7133219402225293,1.3065507680596203e-10,7.963011962900768e-11,0.30347794847807297,0.0
UGC00228,Sbc,Mathewson96,55.51517158605127,4.470614566213366,1.2426704345525778e-10,6.876023156125669e-11,0.2687906627387127,0.0
UGC00228,Sbc,Mathewson96,55.51517158605127,5.1986507163115405,1.2943686432150263e-10,5.316423437683562e-11,0.34787558088692605,0.0
UGC00228,Sbc,Mathewson96,55.51517158605127,5.941315104356047,1.1997974055471465e-10,5.0497778064792886e-11,0.24148007441902952,0.0
UGC00228,Sbc,Mathewson96,55.51517158605127,6.683979492400552,1.0267102318860029e-10,4.832743712075506e-11,0.25528096718015275,0.0
UGC00228,Sbc,Mathewson96,55.51517158605127,7.426643880445058,7.284259185031858e-11,4.1096851217530765e-11,0.2767274821464351,0.0
UGC00228,Sbc,Mathewson96,55.51517158605127,8.169308268489564,8.954947340166362e-11,3.962461466063498e-11,0.23877474054737907,0.0
UGC00228,Sbc,Mathewson96,55.51517158605127,8.91197265653407,8.518610409857377e-11,4.0647768854077425e-11,0.16379106841585803,0.0
UGC00228,Sbc,Mathewson96,55.51517158605127,9.654637044578575,7.22361188055331e-11,3.829105092372217e-11,0.10051322141291177,0.0
UGC00228,Sbc,Mathewson96,55.51517158605127,10.411929670569412,9.762558403207477e-11,2.3742876214124606e-11,0.20832449943828096,0.0
UGC00228,Sbc,Mathewson96,55.51517158605127,11.154594058613919,6.78764492258614e-11,2.2584953981223767e-11,0.1777609937239703,0.0
UGC00228,Sbc,Mathewson96,55.51517158605127,11.897258446658425,3.7083191648829683e-11,2.314177947205384e-11,0.0944285605424179,0.0
UGC00228,Sbc,Mathewson96,55.51517158605127,12.63992283470293,4.729880849556336e-11,1.6932244279927768e-11,0.13716483120938852,0.0
UGC00229,Sb,Courteau97,61.63754022860625,0.19796697840157082,1.965754360153478e-10,2.803877231326088e-12,0.742368002915356,0.0
UGC00229,Sb,Courteau97,61.63754022860625,0.7356880954112428,2.1653942442589612e-11,1.3631864863092734e-11,0.6878735497137187,0.0
UGC00229,Sb,Courteau97,61.63754022860625,1.3242385717402372,3.0358598641245013e-11,2.3669643581527886e-11,0.5937778253957658,0.0
UGC00229,Sb,Courteau97,61.63754022860625,1.9127890480692313,7.821964220420701e-11,3.1168166005310934e-11,0.517956635015111,0.0
UGC00229,Sb,Courteau97,61.63754022860625,2.5013395243982255,8.837322037919246e-11,3.520681307204699e-11,0.4477562161938009,0.0
UGC00229,Sb,Courteau97,61.63754022860625,3.08989000072722,8.17928632670545e-11,3.5901009347623164e-11,0.4171366094314146,0.0
UGC00229,Sb,Courteau97,61.63754022860625,3.6784404770562142,1.1279929328060965e-10,3.6131434916613535e-11,0.3559556591319019,0.0
UGC00229,Sb,Courteau97,61.63754022860625,4.266990953385209,9.224925934358823e-11,2.9320112202434776e-11,0.3885400107277508,0.0
UGC00229,Sb,Courteau97,61.63754022860625,4.8555414297142026,5.734331259822333e-11,3.3071116708980497e-11,0.2616638884295694,0.0
UGC00229,Sb,Courteau97,61.63754022860625,5.393262546723875,3.9644290922457705e-11,3.2133967102112124e-11,0.2403272980014867,0.0
UGC00229,Sb,Courteau97,61.63754022860625,5.789196503527016,4.6118906266103357e-11,2.5229230188251665e-11,0.2359153606602294,0.0
UGC00229,Sb,Courteau97,61.63754022860625,6.2760882612173665,5.4345986103129927e-11,2.0789516648971973e-11,0.3295975065665074,0.0
UGC00229,Sb,Courteau97,61.63754022860625,6.9101176379899645,3.5738731084372986e-11,1.86142827666992e-11,0.3089138329136487,0.0
UGC00229,Sb,Courteau97,61.63754022860625,7.498668114318958,5.09038478353789e-11,1.7290442954487062e-11,0.29120200500585297,0.0
UGC00229,Sb,Courteau97,61.63754022860625,8.087218590647954,1.1110517639014622e-10,1.8097033497440255e-11,0.20751915184550657,0.0
UGC00229,Sb,Courteau97,61.63754022860625,8.675769066976947,6.978294134998915e-11,1.841451125146163e-11,0.13733821364296864,0.0
UGC00229,Sb,Courteau97,61.63754022860625,9.264319543305941,2.5782544845085617e-11,1.160195577490257e-11,0.27189228397357895,0.0
UGC00229,Sb,Courteau97,61.63754022860625,9.852870019634935,3.779622964221185e-11,1.2343675265430466e-11,0.20589352855053364,0.0
UGC00229,Sb,Courteau97,61.63754022860625,10.452121413715364,3.955206125076317e-11,1.3816320804041704e-11,0.10606237537316236,0.0
UGC00229,Sb,Courteau97,61.63754022860625,10.893534270962112,1.6199806934603015e-11,1.0159103353213063e-11,0.20313793592165094,0.0
UGC00229,Sb,Courteau97,61.63754022860625,11.187809509126609,2.149301092009117e-11,8.165491692983513e-12,0.28144533730400256,0.0
UGC00279,SB?,ShellFlow,82.21821240644772,0.459328443922693,1.0165699316924232e-10,3.271207709824272e-12,0.8888239753009164,0.0
UGC00279,SB?,ShellFlow,82.21821240644772,1.333106828594284,2.2390719111157908e-10,1.1002695179878083e-11,0.8248688695122703,0.0
UGC00279,SB?,ShellFlow,82.21821240644772,2.2662816086102824,2.696642467339971e-10,2.3802723692744734e-11,0.703953492116717,0.0
UGC00279,SB?,ShellFlow,82.21821240644772,3.1994563886262815,2.479440733942594e-10,4.1253955599123417e-11,0.5496732690383621,0.0
UGC00279,SB?,ShellFlow,82.21821240644772,4.1326311686422805,2.2090666388458662e-10,3.954657258704541e-11,0.49141231515638917,0.0
UGC00279,SB?,ShellFlow,82.21821240644772,5.065805948658279,2.089539764024248e-10,4.6431864939581764e-11,0.39289683327312613,0.0
UGC00279,SB?,ShellFlow,82.21821240644772,5.998980728674278,1.885758237383559e-10,3.13428448376742e-11,0.518657739308689,0.0
UGC00279,SB?,ShellFlow,82.21821240644772,6.932155508690276,1.6387935154487405e-10,4.5714577960172865e-11,0.3444610598532846,0.0
UGC00279,SB?,ShellFlow,82.21821240644772,7.865330288706275,1.3710288266186463e-10,2.6828601889989984e-11,0.5000294886004727,0.0
UGC00279,SB?,ShellFlow,82.21821240644772,8.798505068722273,1.2297269717457465e-10,1.9813422540578003e-11,0.5486055684612174,0.0
UGC00279,SB?,ShellFlow,82.21821240644772,9.672283453393865,1.1395130984931752e-10,1.7286386862582728e-11,0.5616532169222876,0.0
UGC00279,SB?,ShellFlow,82.21821240644772,10.59094034123925,1.0702206477041722e-10,1.6990002881340653e-11,0.5298463187592093,0.0
UGC00279,SB?,ShellFlow,82.21821240644772,11.523452707924271,1.0385839317847107e-10,1.986624069168993e-11,0.40946545931760087,0.0
UGC00279,SB?,ShellFlow,82.21821240644772,12.39789350592684,1.1173276203014089e-10,2.6508060935698837e-11,0.2117769066930386,0.0
UGC00279,SB?,ShellFlow,82.21821240644772,13.33106828594284,9.962908341232657e-11,2.971007111563711e-11,0.11098895385782057,0.0
UGC00279,SB?,ShellFlow,82.21821240644772,14.269523972236362,1.0263479582554121e-10,1.391674651995706e-11,0.3619333467173308,0.0
UGC00279,SB?,ShellFlow,82.21821240644772,15.271994546820835,9.274502288040069e-11,1.6711095750092367e-11,0.1911254232501822,0.0
UGC00279,SB?,ShellFlow,82.21821240644772,16.13851398540712,9.179043261372859e-11,2.0013225781951777e-11,0.0607788475476231,0.0
UGC00279,SB?,ShellFlow,82.21821240644772,18.412716953433687,4.505303275080143e-11,1.2076412050371538e-11,0.09318764098278061,0.0
UGC00299,Sc,Courteau97,59.54356998116305,1.6448875960536207,2.629487256025109e-10,4.4348908329078805e-11,0.4533448705558464,0.0
UGC00299,Sc,Courteau97,59.54356998116305,2.522819746442683,2.0097803242349472e-10,3.7457699786597214e-11,0.43923411614811053,0.0
UGC00299,Sc,Courteau97,59.54356998116305,3.0244952609507187,1.8792851817142067e-10,3.438436975822709e-11,0.4565947001672676,0.0
UGC00299,Sc,Courteau97,59.54356998116305,3.6371474801832595,1.657599373594129e-10,3.134569130688253e-11,0.470502599322273,0.0
UGC00299,Sc,Courteau97,59.54356998116305,4.389660751945313,1.5865863002295816e-10,2.6227563034168687e-11,0.5046149799388338,0.0
UGC00299,Sc,Courteau97,59.54356998116305,5.0633754959235295,2.1588639540305997e-10,3.4753498881446885e-11,0.363035593507852,0.0
UGC00299,Sc,Courteau97,59.54356998116305,5.71378006448016,2.0321408789998916e-10,2.9045277812715133e-11,0.412954102776825,0.0
UGC00299,Sc,Courteau97,59.54356998116305,6.661642741133978,1.9177285269379667e-10,3.273950795740748e-11,0.24787566803668715,0.0
UGC00299,Sc,Courteau97,59.54356998116305,7.14887608173951,1.1674994627739785e-10,2.0241399445709593e-11,0.4280609604844471,0.0
UGC00299,Sc,Courteau97,59.54356998116305,8.639460451361114,1.4620326185056207e-10,1.6507961136017498e-11,0.40102377946748885,0.0
UGC00299,Sc,Courteau97,59.54356998116305,9.14113596586915,1.3098808915744892e-10,2.2743043872022603e-11,0.22536326971133605,0.0
UGC00299,Sc,Courteau97,59.54356998116305,9.893649237631204,1.2466757206144922e-10,2.341933763868931e-11,0.14929008668880955,0.0
UGC00299,Sc,Courteau97,59.54356998116305,11.051303493079292,9.40488998183435e-11,1.7319099841363123e-11,0.17035635431549845,0.0
UGC00299,Sc,Courteau97,59.54356998116305,11.42756012896032,1.0892902355346437e-10,1.193118617873516e-11,0.31553529661390184,0.0
UGC00299,Sc,Courteau97,59.54356998116305,13.434262186992461,1.1376779039008857e-10,1.168962822415675e-11,0.15570196899909597,0.0
UGC00310,Scd:,Courteau97,78.72022171327353,0.1625862555450513,1.6581766932558748e-11,9.331907797228396e-13,0.6269154650617792,0.0
UGC00310,Scd:,Courteau97,78.72022171327353,0.48775876663515383,2.4788784071734342e-11,2.846326675280186e-12,0.7079902175809041,0.0
UGC00310,Scd:,Courteau97,78.72022171327353,0.8587510406515889,4.703850098795018e-11,4.883470581132774e-12,0.6574040369034291,0.0
UGC00310,Scd:,Courteau97,78.72022171327353,1.2548702814340775,3.019928319657958e-11,6.730772430165461e-12,0.6011606885623464,0.0
UGC00310,Scd:,Courteau97,78.72022171327353,1.6258625554505128,3.3636016430405855e-11,8.014767957724249e-12,0.535748097725404,0.0
UGC00310,Scd:,Courteau97,78.72022171327353,1.9510350665406153,4.8608660695909294e-11,8.939280333541595e-12,0.5032941336165508,0.0
UGC00310,Scd:,Courteau97,78.72022171327353,2.276207577630718,5.625785278716365e-11,9.787340788822771e-12,0.4814233667888682,0.0
UGC00310,Scd:,Courteau97,78.72022171327353,2.6013800887208203,4.950161114198657e-11,9.647811799611941e-12,0.45096914199122085,0.0
UGC00310,Scd:,Courteau97,78.72022171327353,2.972372362737256,2.970692740858543e-11,1.0170653209987512e-11,0.42102084579502824,0.0
UGC00310,Scd:,Courteau97,78.72022171327353,3.3684916035197445,4.924636256402692e-11,9.326214524170701e-12,0.44245982874205697,0.0
UGC00310,Scd:,Courteau97,78.72022171327353,3.7394838775361796,4.0939584856601374e-11,8.491038103695335e-12,0.4524341119569579,0.0
UGC00310,Scd:,Courteau97,78.72022171327353,4.064656388626282,4.2221517555130655e-11,8.548545325460567e-12,0.43425110788482313,0.0
UGC00310,Scd:,Courteau97,78.72022171327353,4.389828899716385,4.7307861295414523e-11,9.095915519514576e-12,0.3808057373733153,0.0
UGC00310,Scd:,Courteau97,78.72022171327353,4.715001410806487,4.218199604096253e-11,8.294379713038246e-12,0.34047941843723173,0.0
UGC00310,Scd:,Courteau97,78.72022171327353,5.1066864809832015,2.7004540873952717e-11,6.924966239778266e-12,0.40430433512632624,0.0
UGC00310,Scd:,Courteau97,78.72022171327353,5.51315211984583,4.0655132167370393e-11,6.837803363826397e-12,0.4177694175003355,0.0
UGC00310,Scd:,Courteau97,78.72022171327353,5.838324630935933,4.686693553272348e-11,8.796509836900817e-12,0.2800771676027158,0.0
UGC00310,Scd:,Courteau97,78.72022171327353,6.163497142026035,5.098888182378865e-11,5.854680859290707e-12,0.401124284901996,0.0
UGC00310,Scd:,Courteau97,78.72022171327353,6.488669653116138,2.4422774529030702e-11,7.242066550660815e-12,0.3128298590716031,0.0
UGC00310,Scd:,Courteau97,78.72022171327353,6.813842164206239,7.909870613571032e-11,5.040832213238912e-12,0.396775516839343,0.0
UGC00310,Scd:,Courteau97,78.72022171327353,7.057721547523816,6.579580352155849e-11,7.236006953429153e-12,0.26682463102006765,0.0
UGC00321,SBcd?,Mathewson96,80.72775651080363,0.025541234334472643,1.9409765360208347e-13,1.4434084749488216e-13,0.0,0.0
UGC00321,SBcd?,Mathewson96,80.72775651080363,0.4726321867500546,2.0123676587032742e-11,2.9446977258547462e-12,0.5908621959500518,0.0
UGC00321,SBcd?,Mathewson96,80.72775651080363,0.9197231391656364,6.72578745441338e-11,4.811916819187516e-12,0.5442980535814141,0.0
UGC00321,SBcd?,Mathewson96,80.72775651080363,0.9708056078345817,3.422561995941138e-11,4.939460163197775e-12,0.5230242288044334,0.0
UGC00321,SBcd?,Mathewson96,80.72775651080363,1.4178965602501634,6.169083369249867e-11,5.6829016659454335e-12,0.49428239360207943,0.0
UGC00321,SBcd?,Mathewson96,80.72775651080363,1.890528747000218,6.625554792772493e-11,5.978127516675546e-12,0.4688449132993443,0.0
UGC00321,SBcd?,Mathewson96,80.72775651080363,2.3631609337502724,4.586996563763078e-11,6.018803718355982e-12,0.4552989422008701,0.0
UGC00321,SBcd?,Mathewson96,80.72775651080363,2.8357931205003273,6.238290776755542e-11,5.822147719257127e-12,0.4297179426166393,0.0
UGC00321,SBcd?,Mathewson96,80.72775651080363,3.3084253072503818,6.723432958025306e-11,5.2495783952856645e-12,0.46604206827952066,0.0
UGC00321,SBcd?,Mathewson96,80.72775651080363,3.781057494000436,6.253537317879692e-11,5.5858522197949144e-12,0.3791196963205663,0.0
UGC00321,SBcd?,Mathewson96,80.72775651080363,4.25368968075049,5.200407216703152e-11,6.380438349429319e-12,0.33019486737709175,0.0
UGC00321,SBcd?,Mathewson96,80.72775651080363,4.726321867500546,4.353367697702516e-11,6.242653417156694e-12,0.30098192230798776,0.0
UGC00321,SBcd?,Mathewson96,80.72775651080363,5.198954054250599,5.240890384498681e-11,5.848802479725309e-12,0.2736314834666757,0.0
UGC00321,SBcd?,Mathewson96,80.72775651080363,5.671586241000654,4.5590478671467054e-11,5.500483269437199e-12,0.24025094720131324,0.0
UGC00321,SBcd?,Mathewson96,80.72775651080363,6.169759662085182,2.990323021786826e-11,5.094603639922669e-12,0.2041557395927048,0.0
UGC00346,Sbc,Courteau97,67.38217547049527,0.20961257986432155,2.250204638301618e-11,4.332047254315718e-12,0.7081891412300692,0.0
UGC00346,Sbc,Courteau97,67.38217547049527,0.6282177368918624,5.952578332735597e-11,1.304505678398664e-11,0.6974264362096464,0.0
UGC00346,Sbc,Courteau97,67.38217547049527,1.0426895425787215,7.327819718164262e-11,1.9512437491100668e-11,0.6742081915018631,0.0
UGC00346,Sbc,Courteau97,67.38217547049527,1.4612946996062626,1.3026949183112645e-10,2.5886004037466345e-11,0.6094225627024884,0.0
UGC00346,Sbc,Courteau97,67.38217547049527,1.8805198593349055,1.503250301757769e-10,3.1927530202897067e-11,0.5639540181338234,0.0
UGC00346,Sbc,Courteau97,67.38217547049527,2.2991250163624466,1.294225502700314e-10,3.3054542307345584e-11,0.5491827417863459,0.0
UGC00346,Sbc,Courteau97,67.38217547049527,2.7135968220493054,1.1076592828110431e-10,3.224519190639151e-11,0.5443455981185406,0.0
UGC00346,Sbc,Courteau97,67.38217547049527,3.1322019790768465,1.1378799112065439e-10,2.8888563714053942e-11,0.5683735966320618,0.0
UGC00346,Sbc,Courteau97,67.38217547049527,3.5514271388054897,9.47837351894079e-11,3.30593187561809e-11,0.486060006586115,0.0
UGC00346,Sbc,Courteau97,67.38217547049527,3.9700322958330303,1.0477795844731217e-10,3.685414324447961e-11,0.45759500291462163,0.0
UGC00346,Sbc,Courteau97,67.38217547049527,4.384504101519889,9.94269464977219e-11,3.7581383624838345e-11,0.4387331607608966,0.0
UGC00346,Sbc,Courteau97,67.38217547049527,4.803109258547431,1.0066330997204346e-10,3.7723072792726384e-11,0.4127151701639978,0.0
UGC00346,Sbc,Courteau97,67.38217547049527,5.222334418276074,1.0767031571291021e-10,3.54787352909648e-11,0.3834661855485239,0.0
UGC00346,Sbc,Courteau97,67.38217547049527,5.6094744382226756,9.542359112919986e-11,2.4634350446490527e-11,0.5276090648409809,0.0
UGC00346,Sbc,Courteau97,67.38217547049527,5.996614458169276,1.0962158777612e-10,3.243112936022244e-11,0.4361163019778048,0.0
UGC00346,Sbc,Courteau97,67.38217547049527,6.444928077957967,1.0214003009093526e-10,4.161213345644172e-11,0.29589576219158636,0.0
UGC00346,Sbc,Courteau97,67.38217547049527,6.905211194337382,8.853498769439157e-11,3.2740836698667434e-11,0.22412743856341885,0.0
UGC00346,Sbc,Courteau97,67.38217547049527,7.280381717693259,1.0658964969967554e-10,3.037472308031396e-11,0.3656186102963784,0.0
UGC00346,Sbc,Courteau97,67.38217547049527,7.649403880929872,9.50710810826471e-11,3.6155794629490446e-11,0.2004055418345121,0.0
UGC00346,Sbc,Courteau97,67.38217547049527,7.990336477347102,8.905310037913569e-11,2.938795467165838e-11,0.3152885565471645,0.0
UGC00346,Sbc,Courteau97,67.38217547049527,8.319454577848884,5.956862194072161e-11,2.558124499751613e-11,0.2596200319647289,0.0
UGC00484,(R')SB(s)b HII,ShellFlow,80.0806969440106,0.37749004780797085,4.003368191882667e-10,2.394438269560467e-11,0.545291904121616,0.0
UGC00484,(R')SB(s)b HII,ShellFlow,80.0806969440106,1.1877165878845175,4.532959856371953e-10,5.2122159893594875e-11,0.46866110622696266,0.0
UGC00484,(R')SB(s)b HII,ShellFlow,80.0806969440106,2.0365227419958685,1.0280057619034018e-10,4.643309981612335e-11,0.49354468031848525,0.0
UGC00484,(R')SB(s)b HII,ShellFlow,80.0806969440106,2.8844545705766853,1.0765813165092164e-10,3.34914465978766e-11,0.5525204953609701,0.0
UGC00484,(R')SB(s)b HII,ShellFlow,80.0806969440106,3.694681110653232,7.651634579924149e-11,3.004783885001146e-11,0.6119736950804173,0.0
UGC00484,(R')SB(s)b HII,ShellFlow,80.0806969440106,4.449661206269173,1.5123455119837753e-10,3.3914818623451984e-11,0.5683379036265093,0.0
UGC00484,(R')SB(s)b HII,ShellFlow,80.0806969440106,5.25988774634572,1.839276976919978e-10,4.6284890883481704e-11,0.41528247842863436,0.0
UGC00484,(R')SB(s)b HII,ShellFlow,80.0806969440106,6.108256737691804,1.9636076748595327e-10,2.95217320415091e-11,0.5470015285128312,0.0
UGC00484,(R')SB(s)b HII,ShellFlow,80.0806969440106,6.956625729037889,1.8579686689965834e-10,4.6687797529013606e-11,0.2966526656262395,0.0
UGC00484,(R')SB(s)b HII,ShellFlow,80.0806969440106,7.766852269114434,1.793658482959191e-10,4.5190591966312017e-11,0.2895179515499046,0.0
UGC00484,(R')SB(s)b HII,ShellFlow,80.0806969440106,8.521832364730377,1.6358161417229777e-10,4.316590270572905e-11,0.25752648602422074,0.0
UGC00484,(R')SB(s)b HII,ShellFlow,80.0806969440106,9.332058904806924,1.5545894367666165e-10,4.1590445966761396e-11,0.21647520056869637,0.0
UGC00484,(R')SB(s)b HII,ShellFlow,80.0806969440106,10.218570347422546,1.396500571418416e-10,3.787920689169938e-11,0.18881968799855756,0.0
UGC00484,(R')SB(s)b HII,ShellFlow,80.0806969440106,11.029234050264357,1.3416086634973584e-10,2.0391326885600618e-11,0.3318444449984111,0.0
UGC00484,(R')SB(s)b HII,ShellFlow,80.0806969440106,11.8534888312192,1.2276386615328245e-10,1.596960081864083e-11,0.4506797560406282,0.0
UGC00484,(R')SB(s)b HII,ShellFlow,80.0806969440106,12.471024172787434,1.180608059490925e-10,2.681883534209901e-11,0.19692179233917453,0.0
UGC00484,(R')SB(s)b HII,ShellFlow,80.0806969440106,13.371082196591763,1.0733936385225553e-10,1.5678855146277026e-11,0.2903431734639369,0.0
UGC00484,(R')SB(s)b HII,ShellFlow,80.0806969440106,14.333501488861415,6.598390043450652e-11,1.1464647610135615e-11,0.4571701094299401,0.0
UGC00484,(R')SB(s)b HII,ShellFlow,80.0806969440106,15.097033581072893,6.672614097697513e-11,1.932028754279043e-11,0.20716570859759223,0.0
UGC00484,(R')SB(s)b HII,ShellFlow,80.0806969440106,15.88884463966257,6.590040820698798e-11,7.60161607520507e-12,0.5633687087908096,0.0
UGC00484,(R')SB(s)b HII,ShellFlow,80.0806969440106,16.28475016895741,6.640911237828762e-11,1.7185065330341507e-11,0.18485003278121692,0.0
UGC00533,Scd:,Courteau97,70.9929513612151,0.2537864518944077,1.7476974160280427e-11,2.3492701604803e-12,0.7142527815433015,0.0
UGC00533,Scd:,Courteau97,70.9929513612151,0.8423387390007999,5.21671025796517e-11,7.54360237993209e-12,0.6846694993870777,0.0
UGC00533,Scd:,Courteau97,70.9929513612151,1.4020898480110535,5.7284261587359374e-11,1.1278027769455035e-11,0.6144854814086231,0.0
UGC00533,Scd:,Courteau97,70.9929513612151,1.8952621627517996,8.225930027968257e-11,1.315351807436431e-11,0.5710087959797395,0.0
UGC00533,Scd:,Courteau97,70.9929513612151,2.4217238746273,1.126154247964746e-10,1.3977091261142743e-11,0.5629538453028955,0.0
UGC00533,Scd:,Courteau97,70.9929513612151,2.9481855865028,5.973115374786846e-11,1.4071977690118317e-11,0.5551400796327914,0.0
UGC00533,Scd:,Courteau97,70.9929513612151,3.4746472983783,4.863767328796139e-11,1.480817319906756e-11,0.5042153035543575,0.0
UGC00533,Scd:,Courteau97,70.9929513612151,4.0011090102538,8.329181485620288e-11,1.3440342065033804e-11,0.5482677692443101,0.0
UGC00533,Scd:,Courteau97,70.9929513612151,4.527570722129299,1.0722704826853174e-10,1.332195599801937e-11,0.4845549655238201,0.0
UGC00533,Scd:,Courteau97,70.9929513612151,5.059456584975638,9.094486833985374e-11,1.7394601621847877e-11,0.3469797586493134,0.0
UGC00533,Scd:,Courteau97,70.9929513612151,5.691210639226238,1.0176886656682182e-10,2.0560295271223624e-11,0.2886316504650051,0.0
UGC00533,Scd:,Courteau97,70.9929513612151,8.428811540978838,1.6706058158403377e-11,1.1834227502949738e-11,0.2688939508713498,0.0
UGC00533,Scd:,Courteau97,70.9929513612151,8.955273252854337,4.727172708973783e-11,1.1216768090919736e-11,0.18696335341837242,0.0
UGC00533,Scd:,Courteau97,70.9929513612151,9.371018471383898,7.821199408029144e-11,9.451785817702491e-12,0.29789497353945693,0.0
UGC00533,Scd:,Courteau97,70.9929513612151,9.898565013453567,4.86571063402854e-11,1.1383042528553623e-11,0.1534125343450036,0.0
UGC00533,Scd:,Courteau97,70.9929513612151,10.534658388480837,3.468238557288021e-11,6.1558111501262445e-12,0.40977617805636324,0.0
UGC00540,Sb,Courteau97,53.66650817888356,0.12020485879814802,4.892711982548354e-11,1.2149966603752909e-11,0.2751245266324327,0.0
UGC00540,Sb,Courteau97,53.66650817888356,0.4302343102319832,5.0214220072518026e-11,4.5247394547441255e-11,0.581590827470443,0.0
UGC00540,Sb,Courteau97,53.66650817888356,0.7744217584175697,7.818601803003019e-11,7.481318777426362e-11,0.5291484641992358,0.0
UGC00540,Sb,Courteau97,53.66650817888356,1.084451209851405,7.819806500188009e-11,9.345886217749269e-11,0.4929145572183259,0.0
UGC00540,Sb,Courteau97,53.66650817888356,1.3248609274477008,1.0063994927486001e-10,1.0177243930525855e-10,0.46622129038787186,0.0
UGC00540,Sb,Courteau97,53.66650817888356,1.634890378881536,1.0682916672263343e-10,1.0528926964347148e-10,0.4476802491194279,0.0
UGC00540,Sb,Courteau97,53.66650817888356,1.9790778270671225,1.0280546759408404e-10,1.0138259523893968e-10,0.44778811962981724,0.0
UGC00540,Sb,Courteau97,53.66650817888356,2.2891072785009574,1.155437325812642e-10,9.895906669234866e-11,0.412211557899311,0.0
UGC00540,Sb,Courteau97,53.66650817888356,2.5295169960972537,9.745039524249558e-11,1.0087432581361311e-10,0.38162129214424284,0.0
UGC00540,Sb,Courteau97,53.66650817888356,2.839546447531089,8.543967685719535e-11,1.0486469245043435e-10,0.3667025583674344,0.0
UGC00540,Sb,Courteau97,53.66650817888356,3.1837338957166756,1.0727927611073116e-10,1.0444877063867347e-10,0.35731448586378073,0.0
UGC00540,Sb,Courteau97,53.66650817888356,3.493763347150511,1.041620265786722e-10,1.0444828344139555e-10,0.32750799541989195,0.0
UGC00540,Sb,Courteau97,53.66650817888356,3.7341730647468068,1.3833088461365102e-10,9.987147866108846e-11,0.2398157535882233,0.0
UGC00540,Sb,Courteau97,53.66650817888356,4.044202516180642,1.3327132958129405e-10,9.587365644099709e-11,0.27055213102452347,0.0
UGC00540,Sb,Courteau97,53.66650817888356,4.388389964366229,1.374110458710154e-10,9.935702307894936e-11,0.23495732828397023,0.0
UGC00540,Sb,Courteau97,53.66650817888356,4.6629576787142755,9.954426123082003e-11,1.0835371001679439e-10,0.14643617742755913,0.0
UGC00540,Sb,Courteau97,53.66650817888356,4.921098264853466,9.806509772096129e-11,9.060372128793202e-11,0.13869423982657417,0.0
UGC00556,S?;HII LINER,Courteau97,60.520734529971556,0.15957175478147043,1.359379080248261e-10,1.0745070255145212e-10,0.24013863976519362,0.0
UGC00556,S?;HII LINER,Courteau97,60.520734529971556,0.4787152643444113,3.4849421955922444e-10,3.039702178112629e-10,0.43757284364209637,0.0
UGC00556,S?;HII LINER,Courteau97,60.520734529971556,0.7813835083162782,5.522513074153475e-10,4.4644974732073337e-10,0.3712083467761081,0.0
UGC00556,S?;HII LINER,Courteau97,60.520734529971556,1.0569038303707783,7.348683651511592e-10,5.30234348344267e-10,0.3074655616522513,0.0
UGC00556,S?;HII LINER,Courteau97,60.520734529971556,1.3563599156424986,7.417957532622887e-10,5.602964447109857e-10,0.2675482716486361,0.0
UGC00556,S?;HII LINER,Courteau97,60.520734529971556,1.655816000914219,7.383779971590073e-10,5.368607291296874e-10,0.23656861507810573,0.0
UGC00556,S?;HII LINER,Courteau97,60.520734529971556,1.931336322968719,6.309500877935333e-10,4.996589898546443e-10,0.18641376370706506,0.0
UGC00556,S?;HII LINER,Courteau97,60.520734529971556,2.234004566940586,5.770935831551164e-10,4.5712513247159796e-10,0.1844257205745418,0.0
UGC00556,S?;HII LINER,Courteau97,60.520734529971556,2.5531480765035273,5.011050133210929e-10,4.000773870749259e-10,0.15025336152830487,0.0
UGC00556,S?;HII LINER,Courteau97,60.520734529971556,2.8650383244854916,4.785659521102059e-10,3.4903848541051753e-10,0.10818318909253523,0.0
UGC00556,S?;HII LINER,Courteau97,60.520734529971556,3.159665809904734,4.480717244469577e-10,3.0477502647249504e-10,0.11743840899301991,0.0
UGC00556,S?;HII LINER,Courteau97,60.520734529971556,3.4501347586842166,4.4066364094635556e-10,2.6397896775698765e-10,0.10170371708920195,0.0
UGC00556,S?;HII LINER,Courteau97,60.520734529971556,3.7692782682471577,4.3676653468687533e-10,2.2602763540281427e-10,0.11026530666853425,0.0
UGC00556,S?;HII LINER,Courteau97,60.520734529971556,4.06472778997891,4.3946175971313757e-10,1.9873668082615033e-10,0.12779846147283433,0.0
UGC00556,S?;HII LINER,Courteau97,60.520734529971556,4.322798837030033,4.29395167802523e-10,1.859774562624547e-10,0.1061764014330609,0.0
UGC00556,S?;HII LINER,Courteau97,60.520734529971556,4.620327627081667,3.3627730559393795e-10,1.6067243467631426e-10,0.08567005358946854,0.0
UGC00556,S?;HII LINER,Courteau97,60.520734529971556,4.908282111846411,2.563241542685007e-10,1.400555841054698e-10,0.12546930455218047,0.0
UGC00556,S?;HII LINER,Courteau97,60.520734529971556,5.230326926041743,2.114756773322261e-10,1.3183846373456208e-10,0.09735246923837958,0.0
UGC00556,S?;HII LINER,Courteau97,60.520734529971556,5.549470435604683,2.0806600836405316e-10,1.1202002166841408e-10,0.08822709636495253,0.0
UGC00556,S?;HII LINER,Courteau97,60.520734529971556,5.7888280677768895,1.64994744911855e-10,1.0918672093535157e-10,0.09583229040950723,0.0
UGC00565,Scd:,Courteau97,77.60722599020404,0.18535547960148352,1.2803061872875412e-11,1.7606100641165447e-12,0.6430049685280269,0.0
UGC00565,Scd:,Courteau97,77.60722599020404,0.6035848435750127,4.76605848933444e-11,5.679547882516248e-12,0.6901478424663218,0.0
UGC00565,Scd:,Courteau97,77.60722599020404,1.0194551378081593,5.703158527674972e-11,8.881589470522874e-12,0.6280034240079292,0.0
UGC00565,Scd:,Courteau97,77.60722599020404,1.435325432041306,5.964168215433001e-11,1.1120325183082626e-11,0.5938427696175613,0.0
UGC00565,Scd:,Courteau97,77.60722599020404,1.8535547960148353,5.54705566191205e-11,1.264974299888942e-11,0.53709506548515,0.0
UGC00565,Scd:,Courteau97,77.60722599020404,2.2717841599883646,5.659769534655218e-11,1.3378856886246388e-11,0.49553054619219655,0.0
UGC00565,Scd:,Courteau97,77.60722599020404,2.6876544542215113,5.851765837292657e-11,1.3272161475639467e-11,0.5138789738208266,0.0
UGC00565,Scd:,Courteau97,77.60722599020404,3.103524748454658,7.356073606971632e-11,1.4391055817958256e-11,0.48359716132999586,0.0
UGC00565,Scd:,Courteau97,77.60722599020404,3.521754112428187,4.91152475770671e-11,1.283834636035799e-11,0.5119773815990395,0.0
UGC00565,Scd:,Courteau97,77.60722599020404,3.9399834764017156,3.8182904137846935e-11,1.1569424098700547e-11,0.5148916082147112,0.0
UGC00565,Scd:,Courteau97,77.60722599020404,4.355853770634862,4.727903461666343e-11,1.0928158324006146e-11,0.5089429497962982,0.0
UGC00565,Scd:,Courteau97,77.60722599020404,4.7717240648680095,5.376051644702032e-11,1.023239968693136e-11,0.5254902029867473,0.0
UGC00565,Scd:,Courteau97,77.60722599020404,5.189953428841539,7.456785421371715e-11,1.0309567102826237e-11,0.5219411114456246,0.0
UGC00565,Scd:,Courteau97,77.60722599020404,5.608182792815068,6.427332639973309e-11,1.2726185314605464e-11,0.42874579254420203,0.0
UGC00565,Scd:,Courteau97,77.60722599020404,5.879138802996146,5.008877007580678e-11,1.1619190430888595e-11,0.34555900098402514,0.0
UGC00565,Scd:,Courteau97,77.60722599020404,6.435205241800596,4.104159238738998e-11,1.0277082544841745e-11,0.39454856843829983,0.0
UGC00565,Scd:,Courteau97,77.60722599020404,6.8985939408043055,5.1611818037203766e-11,1.0038190109316964e-11,0.4346418461758874,0.0
UGC00565,Scd:,Courteau97,77.60722599020404,7.269304900007271,6.003489613695028e-11,1.5017135852253068e-11,0.22195548074650637,0.0
UGC00565,Scd:,Courteau97,77.60722599020404,7.640015859210239,5.822331595924239e-11,8.906022028999228e-12,0.4228888630762229,0.0
UGC00565,Scd:,Courteau97,77.60722599020404,8.010726818413206,8.532246118788453e-11,1.4362793114174728e-11,0.17858495359924142,0.0
UGC00565,Scd:,Courteau97,77.60722599020404,8.28876003781543,7.432207051357788e-11,1.0391970002825843e-11,0.29615650736135307,0.0
UGC00633,Sb,Courteau97,81.51296746326979,0.3175220402879791,1.2627518988634332e-10,1.2512833331009206e-11,0.5905691212884432,0.0
UGC00633,Sb,Courteau97,81.51296746326979,1.161584822437156,2.960176356392759e-10,3.473345644636919e-11,0.5201467299839552,0.0
UGC00633,Sb,Courteau97,81.51296746326979,1.8605327098635254,2.0969610454742692e-10,3.994761533069311e-11,0.46355181250169,0.0
UGC00633,Sb,Courteau97,81.51296746326979,2.5960921532979424,2.097211466415276e-10,3.942877572484868e-11,0.4314665624791768,0.0
UGC00633,Sb,Courteau97,81.51296746326979,3.3468667888395998,1.9804115983346923e-10,3.913059121999536e-11,0.3823846972583084,0.0
UGC00633,Sb,Courteau97,81.51296746326979,4.093837626354448,1.8778921353554626e-10,3.64487011125722e-11,0.3567423910940153,0.0
UGC00633,Sb,Courteau97,81.51296746326979,4.840808463869295,1.9200063489304365e-10,3.3440943226217824e-11,0.29727985311275634,0.0
UGC00633,Sb,Courteau97,81.51296746326979,5.591583099410953,1.7332943217070456e-10,2.3164473478793795e-11,0.4137725506453725,0.0
UGC00633,Sb,Courteau97,81.51296746326979,6.353769129033041,1.441145068384668e-10,2.4234143654032757e-11,0.21945225241419555,0.0
UGC00633,Sb,Courteau97,81.51296746326979,8.051213998497081,1.4130186190647717e-10,2.1148320546371172e-11,0.23804562908793966,0.0
UGC00633,Sb,Courteau97,81.51296746326979,8.624636551038714,1.1244816832367385e-10,2.306041939500829e-11,0.13437582171338336,0.0
UGC00633,Sb,Courteau97,81.51296746326979,9.253404364870434,1.1361489222575804e-10,1.5034487393971463e-11,0.2084073435292422,0.0
UGC00633,Sb,Courteau97,81.51296746326979,9.821881979977213,7.727866529500195e-11,1.4256471586947914e-11,0.2213909898645481,0.0
UGC00633,Sb,Courteau97,81.51296746326979,14.61466749375803,6.627487160957405e-11,5.637427345999754e-12,0.31504078274597014,0.0
UGC00673,SAc?,Courteau97,73.51445711913881,0.3407806865924902,1.716073765110194e-11,3.1545199274168486e-12,0.7219114905385319,0.0
UGC00673,SAc?,Courteau97,73.51445711913881,1.0319930753157345,5.466886702690812e-11,8.984360179488297e-12,0.6606068249388864,0.0
UGC00673,SAc?,Courteau97,73.51445711913881,1.7135544485007148,5.540863055965512e-11,1.2928734074118175e-11,0.5729144330646405,0.0
UGC00673,SAc?,Courteau97,73.51445711913881,2.404766837223959,6.639417967529225e-11,1.46900470447735e-11,0.557430045943645,0.0
UGC00673,SAc?,Courteau97,73.51445711913881,3.086328210408939,9.523598174571821e-11,1.5690601698107916e-11,0.4997237265657799,0.0
UGC00673,SAc?,Courteau97,73.51445711913881,3.777540599132183,8.067412285731898e-11,1.7330763623275258e-11,0.4490030980137321,0.0
UGC00673,SAc?,Courteau97,73.51445711913881,4.392876038106319,8.317281992891673e-11,1.4344712851829503e-11,0.47928225467584656,0.0
UGC00673,SAc?,Courteau97,73.51445711913881,5.159965376578673,8.875315523211017e-11,1.5321783259285502e-11,0.4318102522772019,0.0
UGC00673,SAc?,Courteau97,73.51445711913881,5.9836296337236075,6.554379170831238e-11,1.4082782430775996e-11,0.34287144523071006,0.0
UGC00673,SAc?,Courteau97,73.51445711913881,6.523088122948633,6.846059763694004e-11,1.10931912369249e-11,0.40808477755705813,0.0
UGC00673,SAc?,Courteau97,73.51445711913881,7.204649496133614,6.968578710553235e-11,1.1867713099188583e-11,0.30281830672496346,0.0
UGC00673,SAc?,Courteau97,73.51445711913881,7.980946125291897,4.920406128321271e-11,1.3769833902776557e-11,0.2266105658392348,0.0
UGC00673,SAc?,Courteau97,73.51445711913881,8.567772242503574,6.218143585135677e-11,7.969727547174023e-12,0.4741739027781125,0.0
UGC00673,SAc?,Courteau97,73.51445711913881,9.964673543257458,4.8344761096976206e-11,1.1228965946742007e-11,0.2220254310531399,0.0
UGC00673,SAc?,Courteau97,73.51445711913881,10.543457147520582,4.824349442357467e-11,8.081697473050503e-12,0.23387900596458475,0.0
UGC00673,SAc?,Courteau97,73.51445711913881,11.313319766320026,6.516488858550746e-11,6.560957755441212e-12,0.35361556496475444,0.0
UGC00673,SAc?,Courteau97,73.51445711913881,11.999706647274134,5.304730071927462e-11,8.795676460413015e-12,0.16750636837402547,0.0
UGC00673,SAc?,Courteau97,73.51445711913881,12.71022106707391,3.957340947272725e-11,5.1360891822795574e-12,0.3341786327319355,0.0
UGC00673,SAc?,Courteau97,73.51445711913881,13.39660794802802,4.109855356315228e-11,6.298316751560539e-12,0.20917885173162643,0.0
UGC00679,Sdm?,Courteau97,83.96112745355057,0.21795060722856519,1.347182125013853e-11,2.133616687535987e-13,0.7140413284646041,0.0
UGC00679,Sdm?,Courteau97,83.96112745355057,0.5789227547087484,8.211648924315176e-12,5.697127709564953e-13,0.7125490612087055,0.0
UGC00679,Sdm?,Courteau97,83.96112745355057,0.9926734055705039,1.883531712675611e-12,8.913757986486199e-13,0.683950424980034,0.0
UGC00679,Sdm?,Courteau97,83.96112745355057,1.353645553050687,3.621041578515463e-12,1.0969732656453226e-12,0.6468909010769512,0.0
UGC00679,Sdm?,Courteau97,83.96112745355057,1.7612706159552034,2.410828569285645e-11,1.2812213889129084e-12,0.6274972658553055,0.0
UGC00679,Sdm?,Courteau97,83.96112745355057,2.165832884881099,6.366973090946479e-11,1.4098581549958257e-12,0.5952006550991367,0.0
UGC00679,Sdm?,Courteau97,83.96112745355057,2.5642695658497563,5.5586428276360046e-11,1.4186376143640244e-12,0.606070435354149,0.0
UGC00679,Sdm?,Courteau97,83.96112745355057,3.015484750199985,5.467307615623748e-11,1.5232944937350048e-12,0.5774434473281281,0.0
UGC00679,Sdm?,Courteau97,83.96112745355057,3.3764568976801685,4.969146477132927e-11,1.4733630313113705e-12,0.5917276106356059,0.0
UGC00679,Sdm?,Courteau97,83.96112745355057,3.7374290451603516,6.332403360561081e-11,1.415279206925652e-12,0.6016332181170188,0.0
UGC00679,Sdm?,Courteau97,83.96112745355057,5.557603752454367,8.787833753800767e-12,1.5664693085015823e-12,0.5191147848517508,0.0
UGC00679,Sdm?,Courteau97,83.96112745355057,6.550277158024871,2.296782547782091e-11,2.2073838010970697e-12,0.31538521081560367,0.0
UGC00679,Sdm?,Courteau97,83.96112745355057,7.0014923423751,4.506035228204609e-11,2.157387229090218e-12,0.22477453967396582,0.0
UGC00679,Sdm?,Courteau97,83.96112745355057,7.272221452985237,6.176154884695354e-11,1.9162314302842105e-12,0.3063128795983243,0.0
UGC00679,Sdm?,Courteau97,83.96112745355057,7.63319360046542,3.890767698905672e-11,1.6686311158635056e-12,0.2161765314773344,0.0
UGC00679,Sdm?,Courteau97,83.96112745355057,7.903922711075557,3.642662649812525e-11,1.9422267530902414e-12,0.2340020195567313,0.0
UGC00732,SA(r)d,Courteau97,59.280080120357596,0.3059939287532335,4.1348794132786993e-11,1.582878584909955e-11,0.6148061670143615,0.0
UGC00732,SA(r)d,Courteau97,59.280080120357596,0.8875514508035781,8.761153324312111e-11,4.0247992312949316e-11,0.5541332903678144,0.0
UGC00732,SA(r)d,Courteau97,59.280080120357596,1.4901899207330378,1.314581165640314e-10,5.658436933891185e-11,0.4725728362622443,0.0
UGC00732,SA(r)d,Courteau97,59.280080120357596,2.0966263610580387,1.9201033295767541e-10,5.326457088912975e-11,0.4731164108800197,0.0
UGC00732,SA(r)d,Courteau97,59.280080120357596,2.661160158049112,1.735600935438645e-10,5.362304924862056e-11,0.4378618229177025,0.0
UGC00732,SA(r)d,Courteau97,59.280080120357596,3.290493089428207,1.46164178454058e-10,5.6975522991362626e-11,0.3920275044783361,0.0
UGC00732,SA(r)d,Courteau97,59.280080120357596,3.9201411599817537,1.3007965474371902e-10,5.743157279113925e-11,0.31468495064393015,0.0
UGC00732,SA(r)d,Courteau97,59.280080120357596,4.422549072133598,1.2969268998391403e-10,5.1673848980315596e-11,0.3319161191745894,0.0
UGC00732,SA(r)d,Courteau97,59.280080120357596,5.057429539669843,1.4145477417726684e-10,3.935829256087439e-11,0.3470078880135869,0.0
UGC00732,SA(r)d,Courteau97,59.280080120357596,5.690549574576395,1.1785530735581353e-10,4.2873331296225824e-11,0.23467911299708988,0.0
UGC00732,SA(r)d,Courteau97,59.280080120357596,6.207750010908299,7.49901580554785e-11,3.602818887539005e-11,0.20324907202118156,0.0
UGC00732,SA(r)d,Courteau97,59.280080120357596,6.881912576539889,1.0134632425205046e-10,3.625813380881468e-11,0.1887608345416389,0.0
UGC00732,SA(r)d,Courteau97,59.280080120357596,7.457045916660607,8.128855693132322e-11,2.6060625678993013e-11,0.2778307706448705,0.0
UGC00732,SA(r)d,Courteau97,59.280080120357596,7.951707925241801,8.695086107499547e-11,2.6453967912374993e-11,0.273522441630081,0.0
UGC00732,SA(r)d,Courteau97,59.280080120357596,9.24398283761181,1.2048682112653018e-10,2.7912558371380385e-11,0.11363100723203264,0.0
UGC00732,SA(r)d,Courteau97,59.280080120357596,11.640371754781473,1.2328751209793617e-10,1.5678220952604795e-11,0.11975002111688426,0.0
UGC00890,SB(s)bc:,Courteau97/ShellFlow,76.56691952848153,0.4485594280224596,4.541811022719273e-11,1.5824015703291776e-11,0.6118490732162378,0.0
UGC00890,SB(s)bc:,Courteau97/ShellFlow,76.56691952848153,1.3238494504103404,9.408189138485339e-11,3.4159591419658275e-11,0.5509510368530525,0.0
UGC00890,SB(s)bc:,Courteau97/ShellFlow,76.56691952848153,2.1974058812947574,1.0805907667578239e-10,3.8274143635455315e-11,0.4993205157073105,0.0
UGC00890,SB(s)bc:,Courteau97/ShellFlow,76.56691952848153,3.0952030992323367,1.254418558466295e-10,4.0426402568163157e-11,0.44732933013735987,0.0
UGC00890,SB(s)bc:,Courteau97/ShellFlow,76.56691952848153,3.9703341817564786,1.0200893920185353e-10,3.3890265233446114e-11,0.4282526770547513,0.0
UGC00890,SB(s)bc:,Courteau97/ShellFlow,76.56691952848153,4.843400684607308,9.675340840864403e-11,3.112430516196354e-11,0.37425327636019246,0.0
UGC00890,SB(s)bc:,Courteau97/ShellFlow,76.56691952848153,5.742525132334873,9.202976882121131e-11,2.2733562058151708e-11,0.5071286434807522,0.0
UGC00890,SB(s)bc:,Courteau97/ShellFlow,76.56691952848153,6.615417948324296,8.096825715289185e-11,3.380808302232053e-11,0.3017055047352802,0.0
UGC00890,SB(s)bc:,Courteau97/ShellFlow,76.56691952848153,7.4788938906403954,9.162884348831537e-11,2.4541137981393672e-11,0.38841566578561526,0.0
UGC00890,SB(s)bc:,Courteau97/ShellFlow,76.56691952848153,8.397978291275786,7.737228406068234e-11,1.6402094338011605e-11,0.4883408899012305,0.0
UGC00890,SB(s)bc:,Courteau97/ShellFlow,76.56691952848153,9.24093879839042,7.448188143882342e-11,1.4106330923047409e-11,0.49992739417580434,0.0
UGC00890,SB(s)bc:,Courteau97/ShellFlow,76.56691952848153,10.07904496254818,6.67778575460925e-11,1.514076188641424e-11,0.4238392908865344,0.0
UGC00890,SB(s)bc:,Courteau97/ShellFlow,76.56691952848153,11.006959973820086,7.405123621910847e-11,1.6434545987986477e-11,0.3240314897083371,0.0
UGC00890,SB(s)bc:,Courteau97/ShellFlow,76.56691952848153,11.904884999070774,6.486258826335119e-11,1.848172520363876e-11,0.2097768198598741,0.0
UGC00890,SB(s)bc:,Courteau97/ShellFlow,76.56691952848153,12.738645837474445,6.717730198487392e-11,2.0667957463771287e-11,0.1066194639754223,0.0
UGC00890,SB(s)bc:,Courteau97/ShellFlow,76.56691952848153,13.64798094253078,6.904362618767486e-11,9.36291804038912e-12,0.402840670846959,0.0
UGC00890,SB(s)bc:,Courteau97/ShellFlow,76.56691952848153,14.403879271810537,5.295057005479048e-11,1.4449941842065951e-11,0.1260867933857206,0.0
UGC00890,SB(s)bc:,Courteau97/ShellFlow,76.56691952848153,16.30386770416697,5.849448321460607e-11,9.25320138510972e-12,0.17903690987601506,0.0
UGC00890,SB(s)bc:,Courteau97/ShellFlow,76.56691952848153,17.304857038276005,5.309843880617893e-11,1.0029542835863979e-11,0.06788499762712809,0.0
UGC00899,Sbc,Courteau97,62.1144331639063,0.3735763508108501,1.1509411599374914e-10,1.3022696243816044e-11,0.7491092074226372,0.0
UGC00899,Sbc,Courteau97,62.1144331639063,1.0048826486962563,2.8074733155936086e-10,3.2820463293067123e-11,0.6989975643267012,0.0
UGC00899,Sbc,Courteau97,62.1144331639063,1.6810935786488255,2.3142806482309097e-10,4.930161888775577e-11,0.6249448980886307,0.0
UGC00899,Sbc,Courteau97,62.1144331639063,2.4282462802705256,1.9620827030224167e-10,6.062559738619043e-11,0.5701796434002703,0.0
UGC00899,Sbc,Courteau97,62.1144331639063,3.1753989818922257,1.8425447816747297e-10,7.038992134567539e-11,0.49128198860528616,0.0
UGC00899,Sbc,Courteau97,62.1144331639063,3.9225516835139262,1.760394433018461e-10,7.701469234563134e-11,0.4452075940683113,0.0
UGC00899,Sbc,Courteau97,62.1144331639063,4.669704385135626,1.1230429317995469e-10,8.305372342187324e-11,0.34700787663335125,0.0
UGC00899,Sbc,Courteau97,62.1144331639063,5.416857086757327,1.095066559798268e-10,5.548483848964574e-11,0.45580479933045726,0.0
UGC00899,Sbc,Courteau97,62.1144331639063,6.164009788379027,1.2972644936213803e-10,6.784421425692924e-11,0.29555586051482596,0.0
UGC00899,Sbc,Courteau97,62.1144331639063,6.911162490000727,9.811147943610562e-11,6.402933789551356e-11,0.3077716481456287,0.0
UGC00899,Sbc,Courteau97,62.1144331639063,7.658315191622427,1.2227182003514822e-10,5.6461034542013496e-11,0.3138264252806799,0.0
UGC00899,Sbc,Courteau97,62.1144331639063,8.40546789324413,1.45686044240872e-10,5.454876661523958e-11,0.2772087359731384,0.0
UGC00899,Sbc,Courteau97,62.1144331639063,8.939795279858435,1.5981235616073234e-10,4.47925354872156e-11,0.2195373330735552,0.0
UGC00899,Sbc,Courteau97,62.1144331639063,9.87373615688556,1.4850966275899295e-10,4.719802343097413e-11,0.1729756449956654,0.0
UGC00899,Sbc,Courteau97,62.1144331639063,10.62088885850726,1.080412264981766e-10,2.4638678169994674e-11,0.4592142483689049,0.0
UGC00899,Sbc,Courteau97,62.1144331639063,11.368041560128962,8.942418090823756e-11,3.38895693083352e-11,0.25703598366520203,0.0
UGC00899,Sbc,Courteau97,62.1144331639063,11.928406086345236,8.32834300550643e-11,3.678559968060042e-11,0.11879260951821285,0.0
UGC00899,Sbc,Courteau97,62.1144331639063,13.848362119603424,7.300437692456274e-11,2.3821684767770783e-11,0.21503580662704852,0.0
UGC00899,Sbc,Courteau97,62.1144331639063,14.221938470414273,7.44955244187013e-11,1.751997900986366e-11,0.3465719670542802,0.0
UGC00899,Sbc,Courteau97,62.1144331639063,14.595514821225123,8.450077474676332e-11,2.9567953225891376e-11,0.0868987162017566,0.0
UGC00987,SAB0/a Sy2,Courteau97,78.46304096718451,0.3345797109974494,2.0637445597300103e-10,6.925905691749339e-11,0.4438704498822633,0.0
UGC00987,SAB0/a Sy2,Courteau97,78.46304096718451,0.9430535747703198,6.315086989652837e-10,1.4106744264989455e-10,0.34151743584614713,0.0
UGC00987,SAB0/a Sy2,Courteau97,78.46304096718451,1.6680437103294845,4.869711410663055e-10,1.4471916903274017e-10,0.2812240650033476,0.0
UGC00987,SAB0/a Sy2,Courteau97,78.46304096718451,2.328049727292561,4.6060258831362595e-10,1.1686080449197433e-10,0.31766331079819077,0.0
UGC00987,SAB0/a Sy2,Courteau97,78.46304096718451,3.0039351319904006,4.027491835883755e-10,1.0366377923620383e-10,0.2641163377056624,0.0
UGC00987,SAB0/a Sy2,Courteau97,78.46304096718451,3.4472431348023176,3.826455333987603e-10,9.137919289851954e-11,0.2731780873496651,0.0
UGC00987,SAB0/a Sy2,Courteau97,78.46304096718451,5.138185529100914,2.1329888517356214e-10,5.4598096719510464e-11,0.24234064123001095,0.0
UGC00987,SAB0/a Sy2,Courteau97,78.46304096718451,5.414365504569365,3.204086179822192e-10,5.877093517990664e-11,0.1811990405415804,0.0
UGC00987,SAB0/a Sy2,Courteau97,78.46304096718451,6.901768536591279,9.154402492289142e-11,3.329774259456767e-11,0.23414679972672248,0.0
UGC00987,SAB0/a Sy2,Courteau97,78.46304096718451,7.8175136101616856,1.315535116794354e-10,3.5364603481744466e-11,0.11884125343811221,0.0
UGC00987,SAB0/a Sy2,Courteau97,78.46304096718451,10.8068842081788,6.630838894900771e-11,1.6934244257165047e-11,0.16923754334953808,0.0
UGC00987,SAB0/a Sy2,Courteau97,78.46304096718451,13.210032313771121,4.9751880552749456e-11,1.1851909070751322e-11,0.14228700953905754,0.0
UGC00987,SAB0/a Sy2,Courteau97,78.46304096718451,13.360229070370641,4.3582687338823764e-11,1.0878105188328642e-11,0.178569374045599,0.0
UGC01083,Sb,Courteau97,66.50061835138442,0.21540095265798853,9.244747982263992e-11,2.2046220397538327e-11,0.47340675548053945,0.0
UGC01083,Sb,Courteau97,66.50061835138442,0.6258098683732093,2.4784706104640417e-10,5.801626797540809e-11,0.49209036576984144,0.0
UGC01083,Sb,Courteau97,66.50061835138442,1.0935740673405572,3.670883186182034e-10,8.18205267924427e-11,0.43157193936048777,0.0
UGC01083,Sb,Courteau97,66.50061835138442,1.514179477856156,4.0339545706743474e-10,9.094930125731433e-11,0.36562891869686054,0.0
UGC01083,Sb,Courteau97,66.50061835138442,1.934784888371755,3.4803049017101395e-10,9.125362515425471e-11,0.34587458325460846,0.0
UGC01083,Sb,Courteau97,66.50061835138442,2.4025490873391027,3.085394903481061e-10,8.533978815993436e-11,0.3159808239952664,0.0
UGC01083,Sb,Courteau97,66.50061835138442,2.812958003054324,2.1752595260186345e-10,8.025823666123378e-11,0.2879269303264728,0.0
UGC01083,Sb,Courteau97,66.50061835138442,3.2807222020216713,1.7021903232796216e-10,6.956991314161704e-11,0.2534415582204894,0.0
UGC01083,Sb,Courteau97,66.50061835138442,3.7013276125372703,2.286677892970547e-10,6.643269174691256e-11,0.22687333858813433,0.0
UGC01083,Sb,Courteau97,66.50061835138442,4.121933023052869,2.2337450877246674e-10,6.059251163678482e-11,0.22206023885935566,0.0
UGC01083,Sb,Courteau97,66.50061835138442,4.542538433568469,1.5732474118611605e-10,5.48400192970173e-11,0.20839156301832043,0.0
UGC01083,Sb,Courteau97,66.50061835138442,4.963143844084067,1.0326254917475442e-10,5.0038568319020734e-11,0.18217382268295054,0.0
UGC01083,Sb,Courteau97,66.50061835138442,5.430908043051415,1.3956797073519923e-10,4.476020674135265e-11,0.15816516290441054,0.0
UGC01083,Sb,Courteau97,66.50061835138442,5.841316958766636,1.0491319867548366e-10,3.540456111244958e-11,0.18127342291567908,0.0
UGC01083,Sb,Courteau97,66.50061835138442,6.275305268707731,1.1424874307648091e-10,3.1541666676671785e-11,0.22240806538705732,0.0
UGC01083,Sb,Courteau97,66.50061835138442,6.763250030300828,7.312303699183784e-11,3.130262194794666e-11,0.16327041894763672,0.0
UGC01083,Sb,Courteau97,66.50061835138442,7.166861282815795,9.83931892735701e-11,2.905209003329321e-11,0.10223939577887055,0.0
UGC01083,Sb,Courteau97,66.50061835138442,7.6384491673332855,7.619072992117564e-11,2.249514257462811e-11,0.20004506655824889,0.0
UGC01083,Sb,Courteau97,66.50061835138442,8.059054577848883,8.226048782115518e-11,2.5154233096984793e-11,0.09843246896341569,0.0
UGC01083,Sb,Courteau97,66.50061835138442,8.428677514362594,5.1244899289361414e-11,1.9080877546301166e-11,0.17785825853281578,0.0
UGC01083,Sb,Courteau97,66.50061835138442,8.681040760671952,4.328659291992567e-11,2.1351349968476883e-11,0.06796823585659682,0.0
UGC01118,SA(s)dm:,Courteau97,80.19149416875719,0.2914691843017477,1.6428774404051817e-11,2.85386206001238e-12,0.5862227541973611,0.0
UGC01118,SA(s)dm:,Courteau97,80.19149416875719,0.8430313286306449,1.8823227458448955e-11,6.6885884135223175e-12,0.5544470142870359,0.0
UGC01118,SA(s)dm:,Courteau97,80.19149416875719,1.3945934729595422,6.034525300663904e-11,7.311463832743951e-12,0.5518302337829293,0.0
UGC01118,SA(s)dm:,Courteau97,80.19149416875719,1.935696875863573,3.722411500539964e-11,6.874285298698087e-12,0.5751364980283303,0.0
UGC01118,SA(s)dm:,Courteau97,80.19149416875719,2.4963203514895884,3.1593845574632265e-11,6.395048215863341e-12,0.5898195844857481,0.0
UGC01118,SA(s)dm:,Courteau97,80.19149416875719,3.0478824958184854,3.8721083897784505e-11,5.851007692985528e-12,0.6024395174524219,0.0
UGC01118,SA(s)dm:,Courteau97,80.19149416875719,3.54532993295033,5.5050926699056576e-11,6.438557022584399e-12,0.59411022211224,0.0
UGC01118,SA(s)dm:,Courteau97,80.19149416875719,4.150308079412405,5.711569328430174e-11,6.774702307267842e-12,0.5324208676194008,0.0
UGC01118,SA(s)dm:,Courteau97,80.19149416875719,4.7011715186774286,4.4271536329808595e-11,7.701165603872151e-12,0.520793607060031,0.0
UGC01118,SA(s)dm:,Courteau97,80.19149416875719,5.252733663006326,5.355560813803959e-11,6.857564302613994e-12,0.5500463000899066,0.0
UGC01118,SA(s)dm:,Courteau97,80.19149416875719,5.776120525634498,5.1696330342736284e-11,7.685586593593079e-12,0.4892803575120679,0.0
UGC01118,SA(s)dm:,Courteau97,80.19149416875719,6.364919282961239,4.950339613083897e-11,7.989525224855227e-12,0.4366762272394117,0.0
UGC01118,SA(s)dm:,Courteau97,80.19149416875719,6.90602268586527,4.608979211948751e-11,8.602390495435934e-12,0.36839241996171146,0.0
UGC01118,SA(s)dm:,Courteau97,80.19149416875719,7.4575848301941665,4.492784385204764e-11,9.531667716915628e-12,0.28189769515331115,0.0
UGC01118,SA(s)dm:,Courteau97,80.19149416875719,7.981454547928981,5.789107912570327e-11,5.255951140614236e-12,0.443517022905533,0.0
UGC01118,SA(s)dm:,Courteau97,80.19149416875719,8.459593395389426,5.535741452285154e-11,6.760153174018122e-12,0.3706939212468892,0.0
UGC01118,SA(s)dm:,Courteau97,80.19149416875719,9.237776160279251,2.810535578283189e-11,7.238553104518829e-12,0.27943151504922376,0.0
UGC01118,SA(s)dm:,Courteau97,80.19149416875719,9.497170415242527,3.200732183336796e-11,4.638358790564545e-12,0.4504464325565206,0.0
UGC01118,SA(s)dm:,Courteau97,80.19149416875719,11.05353594502218,5.3465684531153086e-11,6.8433426269248764e-12,0.1518768230202477,0.0
UGC01152,Sb,Courteau97,58.472179090237866,0.3131749603665188,1.3333748441829003e-10,1.9804564202864695e-11,0.6331379320851726,0.0
UGC01152,Sb,Courteau97,58.472179090237866,0.9412705083266673,1.7885670886432134e-10,5.4978040777742386e-11,0.5742325797084545,0.0
UGC01152,Sb,Courteau97,58.472179090237866,1.541341662424551,2.3257267344325279e-10,7.576144855566512e-11,0.49082907524583996,0.0
UGC01152,Sb,Courteau97,58.472179090237866,2.141412816522435,2.2404080044793289e-10,8.098205994123725e-11,0.44568970006641656,0.0
UGC01152,Sb,Courteau97,58.472179090237866,2.7695083644825833,1.900158722400218e-10,7.97655605846594e-11,0.41243803798552825,0.0
UGC01152,Sb,Courteau97,58.472179090237866,3.4270012185295613,1.840407837103936e-10,7.623335785941464e-11,0.3324720925406575,0.0
UGC01152,Sb,Courteau97,58.472179090237866,4.052679173878263,1.9362659363372708e-10,6.599196815519742e-11,0.38966007959432314,0.0
UGC01152,Sb,Courteau97,58.472179090237866,4.60170252636172,1.5940209006487365e-10,6.988032495316402e-11,0.2794426802022927,0.0
UGC01152,Sb,Courteau97,58.472179090237866,5.224096141371537,1.4818474800522938e-10,6.562844769089393e-11,0.296106743787552,0.0
UGC01152,Sb,Courteau97,58.472179090237866,5.885122711075558,1.170401685621658e-10,4.9395316916596584e-11,0.34951014823251175,0.0
UGC01152,Sb,Courteau97,58.472179090237866,6.5165207970329435,9.120055644933525e-11,4.196628195057138e-11,0.3544014425604304,0.0
UGC01152,Sb,Courteau97,58.472179090237866,7.146220434877463,9.432086851376034e-11,3.8345838563740807e-11,0.33555456107147036,0.0
UGC01152,Sb,Courteau97,58.472179090237866,7.7175662482728535,1.0231779427387443e-10,4.148938082680878e-11,0.2454917923985129,0.0
UGC01152,Sb,Courteau97,58.472179090237866,8.365989254599667,1.1475728138022602e-10,4.197991316538998e-11,0.17643526162090026,0.0
UGC01152,Sb,Courteau97,58.472179090237866,8.996838883353938,9.163006222973632e-11,3.824079498945609e-11,0.12624284931704904,0.0
UGC01152,Sb,Courteau97,58.472179090237866,9.644425302887063,7.611057649015583e-11,2.3487509010640232e-11,0.3124582763153711,0.0
UGC01152,Sb,Courteau97,58.472179090237866,10.204106417278743,6.150659762274125e-11,2.9834284465485304e-11,0.14897656777851737,0.0
UGC01152,Sb,Courteau97,58.472179090237866,10.813382216566069,7.708246961617657e-11,2.6396169917927637e-11,0.08115744036511478,0.0
UGC01152,Sb,Courteau97,58.472179090237866,11.449918108064868,6.082477039849421e-11,2.1689918775680043e-11,0.17036819534143097,0.0
UGC01152,Sb,Courteau97,58.472179090237866,12.074479940367972,4.7225155714288795e-11,2.4588997313196725e-11,0.06314498823142614,0.0
UGC01152,Sb,Courteau97,58.472179090237866,12.394849715657044,4.605131538533343e-11,2.0696035818734025e-11,0.09599697518847371,0.0
UGC01235,Sbc,Courteau97,54.55313586491825,0.1447740397062032,7.534949160870493e-11,5.515702594489545e-12,0.4726959369679589,0.0
UGC01235,Sbc,Courteau97,54.55313586491825,0.4905075267253291,2.5227090097422135e-10,1.8818491398431763e-11,0.6169193475493506,0.0
UGC01235,Sbc,Courteau97,54.55313586491825,0.8829135481055923,1.7923152747132373e-10,2.8592434854762492e-11,0.5823788626358593,0.0
UGC01235,Sbc,Courteau97,54.55313586491825,1.2286470351247185,2.0301245880708373e-10,3.445468397879265e-11,0.5299262057981345,0.0
UGC01235,Sbc,Courteau97,54.55313586491825,1.5181951145371249,1.8059358224724003e-10,3.813884460291931e-11,0.5293540692428497,0.0
UGC01235,Sbc,Courteau97,54.55313586491825,1.910601135917388,9.583612611056065e-11,4.074155748287678e-11,0.49972715382276794,0.0
UGC01235,Sbc,Courteau97,54.55313586491825,2.2563346229365138,6.97973663929153e-11,4.308765294878452e-11,0.47502273126644984,0.0
UGC01235,Sbc,Courteau97,54.55313586491825,2.6020681099556398,6.232267562302814e-11,4.4952480991843335e-11,0.4155823055339081,0.0
UGC01235,Sbc,Courteau97,54.55313586491825,2.943045160351975,8.010294946151169e-11,4.659172754258464e-11,0.3898457794783354,0.0
UGC01235,Sbc,Courteau97,54.55313586491825,3.2840222107483097,8.83598793551992e-11,4.4609352613307335e-11,0.39453908366452817,0.0
UGC01235,Sbc,Courteau97,54.55313586491825,3.6297556977674352,1.1129491572724374e-10,4.3558173089230326e-11,0.3820228705446911,0.0
UGC01235,Sbc,Courteau97,54.55313586491825,3.975489184786561,1.1728880890126508e-10,4.342442790565242e-11,0.3524583092253309,0.0
UGC01235,Sbc,Courteau97,54.55313586491825,4.3164662351828955,6.993581771349579e-11,4.139548718479492e-11,0.3228492783682785,0.0
UGC01235,Sbc,Courteau97,54.55313586491825,4.657443285579231,7.587178770365713e-11,3.456675936851211e-11,0.33493439863877345,0.0
UGC01235,Sbc,Courteau97,54.55313586491825,5.003176772598357,7.122012779545828e-11,3.112729902470795e-11,0.41138933837896696,0.0
UGC01235,Sbc,Courteau97,54.55313586491825,5.348910259617483,9.873127283625016e-11,3.859665551761087e-11,0.30046304847757616,0.0
UGC01235,Sbc,Courteau97,54.55313586491825,5.633701902407098,5.497991274488277e-11,3.1776018789507545e-11,0.28157834713680663,0.0
UGC01235,Sbc,Courteau97,54.55313586491825,6.030864360410152,9.440160322548932e-11,3.111336494115821e-11,0.32165534673526525,0.0
UGC01235,Sbc,Courteau97,54.55313586491825,6.418513945167625,8.405867251427191e-11,3.849802295264359e-11,0.176617401158069,0.0
UGC01235,Sbc,Courteau97,54.55313586491825,6.712818461202822,7.590122172186012e-11,2.7454608020333463e-11,0.28179769923927384,0.0
UGC01235,Sbc,Courteau97,54.55313586491825,6.909021471892954,7.082168571683043e-11,3.356965230807273e-11,0.11489214023304731,0.0
UGC01498,S,ShellFlow,54.057290486438184,0.18200491600610866,5.555449147431201e-11,1.747524012123578e-11,0.5124118821122249,0.0
UGC01498,S,ShellFlow,54.057290486438184,0.546014748018326,4.3555660526492755e-11,4.864770017013059e-11,0.5641382363581088,0.0
UGC01498,S,ShellFlow,54.057290486438184,0.9100245800305433,7.961884742392963e-11,6.909844463751811e-11,0.5459300044085517,0.0
UGC01498,S,ShellFlow,54.057290486438184,1.2740344120427607,1.5790281213867307e-10,8.420891731341575e-11,0.48960213011639664,0.0
UGC01498,S,ShellFlow,54.057290486438184,1.6380442440549778,1.8626173494620859e-10,9.647053240495812e-11,0.4462896126724161,0.0
UGC01498,S,ShellFlow,54.057290486438184,2.0020540760671954,2.0609172147854496e-10,1.0366219054207036e-10,0.40237556783985895,0.0
UGC01498,S,ShellFlow,54.057290486438184,2.3660639080794126,2.0516959481403872e-10,1.0225374034324115e-10,0.36813529402926104,0.0
UGC01498,S,ShellFlow,54.057290486438184,2.7300737400916297,2.0037726491236433e-10,9.775434677551283e-11,0.36403167626864885,0.0
UGC01498,S,ShellFlow,54.057290486438184,3.0940835721038473,1.8890710477142872e-10,9.607380814019539e-11,0.29288074963301286,0.0
UGC01498,S,ShellFlow,54.057290486438184,3.4580934041160645,1.7745447292547838e-10,9.596629853673064e-11,0.259089496055936,0.0
UGC01498,S,ShellFlow,54.057290486438184,3.822103236128282,1.6963618593345914e-10,9.236214881895318e-11,0.23334685643307748,0.0
UGC01498,S,ShellFlow,54.057290486438184,4.186113068140499,1.5313710924189427e-10,8.659129761782381e-11,0.1957888971815772,0.0
UGC01498,S,ShellFlow,54.057290486438184,4.549243649350754,1.481085589610933e-10,7.706109825485836e-11,0.17247190778447932,0.0
UGC01498,S,ShellFlow,54.057290486438184,5.002497437762102,1.4633049875491782e-10,6.997287228452477e-11,0.14545359769370367,0.0
UGC01498,S,ShellFlow,54.057290486438184,5.277263313375189,1.1540177033737458e-10,6.909663365758398e-11,0.16442258890865577,0.0
UGC01498,S,ShellFlow,54.057290486438184,5.730517101786537,1.349152422866562e-10,6.345115032119713e-11,0.1185694282197218,0.0
UGC01498,S,ShellFlow,54.057290486438184,6.0087999806074714,8.117466637038326e-11,5.177350581600681e-11,0.13984081360176276,0.0
UGC01498,S,ShellFlow,54.057290486438184,7.2775588878384605,1.377787345290584e-10,3.494308693111471e-11,0.1248690766222061,0.0
UGC01531,Sb,Courteau97,76.27991884610285,0.3304207693985892,4.996174812402486e-10,1.1791640013769748e-11,0.7057271805114268,0.0
UGC01531,Sb,Courteau97,76.27991884610285,1.0595158913695166,1.9865750977444796e-11,3.45030965830051e-11,0.6196789881325488,0.0
UGC01531,Sb,Courteau97,76.27991884610285,1.8913084585363489,1.1970946894911205e-10,4.5462073193209285e-11,0.5543103272438777,0.0
UGC01531,Sb,Courteau97,76.27991884610285,2.6433661551887138,1.1122221358082393e-10,4.9007846410193384e-11,0.5586804961328579,0.0
UGC01531,Sb,Courteau97,76.27991884610285,3.26465732916394,1.23630944084938e-10,4.662517495137742e-11,0.5482119332462329,0.0
UGC01531,Sb,Courteau97,76.27991884610285,4.056265390638257,1.629426744237825e-10,4.847776982025764e-11,0.475096473645141,0.0
UGC01531,Sb,Courteau97,76.27991884610285,4.865095383123652,1.6220042249445977e-10,4.139981879558563e-11,0.4980046468182738,0.0
UGC01531,Sb,Courteau97,76.27991884610285,5.617153079776017,1.30189169644203e-10,5.011359026438151e-11,0.45973113036303875,0.0
UGC01531,Sb,Courteau97,76.27991884610285,6.369210776428381,1.1029846595791086e-10,3.120437436174299e-11,0.587075770175847,0.0
UGC01531,Sb,Courteau97,76.27991884610285,7.178040768913776,1.2307784049044973e-10,4.3424420203141176e-11,0.306251337009325,0.0
UGC01531,Sb,Courteau97,76.27991884610285,7.8618448823923925,1.194524244672921e-10,3.56105993078967e-11,0.3946891249288374,0.0
UGC01531,Sb,Courteau97,76.27991884610285,8.551389639541368,1.1499733863936315e-10,2.5267251524344976e-11,0.5525988723519369,0.0
UGC01531,Sb,Courteau97,76.27991884610285,9.342997701015685,1.2237252404445796e-10,2.4412407996525195e-11,0.5344491211741998,0.0
UGC01531,Sb,Courteau97,76.27991884610285,10.15182769350108,9.77172765470015e-11,2.9128491153424305e-11,0.4167260356093211,0.0
UGC01531,Sb,Courteau97,76.27991884610285,10.903885390153444,1.0419593712250462e-10,3.998211282418241e-11,0.22690733038377228,0.0
UGC01531,Sb,Courteau97,76.27991884610285,12.681649257023732,7.58750479649843e-11,2.3491699682126963e-11,0.26130913319298243,0.0
UGC01531,Sb,Courteau97,76.27991884610285,13.012070026422322,6.69876390357088e-11,3.499046394139137e-11,0.1337154517777552,0.0
UGC01531,Sb,Courteau97,76.27991884610285,14.00333233461809,8.625290482850747e-11,2.426804505743536e-11,0.11862666841825123,0.0
UGC01531,Sb,Courteau97,76.27991884610285,14.498963488715972,8.163004276139935e-11,2.5501961991647276e-11,0.15380842351016652,0.0
UGC01531,Sb,Courteau97,76.27991884610285,14.994594642813857,7.294111454383599e-11,1.6733442099078647e-11,0.3221968786406999,0.0
UGC01536,Sbc,Courteau97,67.40369182691398,0.3158659879281507,4.050357871287672e-11,7.951529310598306e-12,0.7588066488114423,0.0
UGC01536,Sbc,Courteau97,67.40369182691398,0.8839461813686279,1.0701121577778003e-10,2.1230219236021203e-11,0.7196503560613613,0.0
UGC01536,Sbc,Courteau97,67.40369182691398,1.3271157341284272,1.4513834876662764e-10,2.8865218303119e-11,0.6754996806539277,0.0
UGC01536,Sbc,Courteau97,67.40369182691398,1.895195927568904,1.9636140442736322e-10,3.673753616647683e-11,0.6408093191469335,0.0
UGC01536,Sbc,Courteau97,67.40369182691398,2.463276121009381,2.1297793803809638e-10,4.443100206876064e-11,0.5889639980761231,0.0
UGC01536,Sbc,Courteau97,67.40369182691398,2.9064456737691806,2.0592751857217756e-10,4.635853110995571e-11,0.5236968702095617,0.0
UGC01536,Sbc,Courteau97,67.40369182691398,3.4745258672096577,2.0280733003411742e-10,4.563135544968044e-11,0.5363912882721973,0.0
UGC01536,Sbc,Courteau97,67.40369182691398,4.106257843065959,2.1150919451193848e-10,4.653132339801742e-11,0.545058835130141,0.0
UGC01536,Sbc,Courteau97,67.40369182691398,4.674338036506436,1.7708925909472394e-10,5.099201867918629e-11,0.4058035687160511,0.0
UGC01536,Sbc,Courteau97,67.40369182691398,5.117507589266235,1.7298014871224967e-10,4.7023299990880794e-11,0.4349724541123163,0.0
UGC01536,Sbc,Courteau97,67.40369182691398,5.685587782706712,1.7823675760712403e-10,5.1951238757286846e-11,0.35230368456005273,0.0
UGC01536,Sbc,Courteau97,67.40369182691398,6.317319758563014,1.3729340247125866e-10,5.7608288857825505e-11,0.3120614678920964,0.0
UGC01536,Sbc,Courteau97,67.40369182691398,6.791118740455239,1.3512673295934257e-10,3.5058203126317526e-11,0.4708559361651157,0.0
UGC01536,Sbc,Courteau97,67.40369182691398,7.264917722347466,1.264505505384897e-10,3.907740214014613e-11,0.44513934334234717,0.0
UGC01536,Sbc,Courteau97,67.40369182691398,7.896649698203767,1.316653290551359e-10,4.465598637241495e-11,0.34680409745037666,0.0
UGC01536,Sbc,Courteau97,67.40369182691398,8.464729891644245,1.0558026510614696e-10,5.351771660012734e-11,0.22162121246556163,0.0
UGC01536,Sbc,Courteau97,67.40369182691398,8.907899444404043,9.673313247338763e-11,2.7744496249096882e-11,0.46961569277485676,0.0
UGC01536,Sbc,Courteau97,67.40369182691398,9.475979637844521,1.0070851403197932e-10,4.2120642165698094e-11,0.2502364262578618,0.0
UGC01536,Sbc,Courteau97,67.40369182691398,10.044059831284999,9.459957275135532e-11,3.22957892043165e-11,0.20220609115457303,0.0
UGC01536,Sbc,Courteau97,67.40369182691398,10.54848824230965,5.845937648115787e-11,3.15020333017095e-11,0.2896096637216465,0.0
UGC01536,Sbc,Courteau97,67.40369182691398,10.864354230237801,6.873506312309867e-11,2.007142125684196e-11,0.46632112518529073,0.0
UGC01622,Scd:,Courteau97,65.26866400775137,0.30782977238019055,1.1564248446389444e-11,1.031716616609392e-11,0.7630239230451593,0.0
UGC01622,Scd:,Courteau97,65.26866400775137,0.9234893171405716,7.477707582961332e-11,2.986708281338942e-11,0.7220087330363655,0.0
UGC01622,Scd:,Courteau97,65.26866400775137,1.5774462022694646,1.8529115256859863e-10,4.7484592306626155e-11,0.631612713601597,0.0
UGC01622,Scd:,Courteau97,65.26866400775137,2.2317658497563815,2.613639820702101e-10,6.068381002720315e-11,0.5866278708550077,0.0
UGC01622,Scd:,Courteau97,65.26866400775137,2.8474253945167627,2.0746279331071711e-10,6.960689630614961e-11,0.5112331358062908,0.0
UGC01622,Scd:,Courteau97,65.26866400775137,3.4975473632894043,1.5362638058148698e-10,7.585433437012663e-11,0.47055812933502017,0.0
UGC01622,Scd:,Courteau97,65.26866400775137,4.155701927132572,1.7833133881305477e-10,6.823948564645347e-11,0.4405020765426621,0.0
UGC01622,Scd:,Courteau97,65.26866400775137,4.771361471892954,1.7433735294985226e-10,6.957785793746615e-11,0.4642399075138066,0.0
UGC01622,Scd:,Courteau97,65.26866400775137,5.3870210166533345,1.7222214043014464e-10,5.268674906241101e-11,0.5225694388124092,0.0
UGC01622,Scd:,Courteau97,65.26866400775137,6.002680561413715,1.7334448164800025e-10,4.9680090969549424e-11,0.4837451445786721,0.0
UGC01622,Scd:,Courteau97,65.26866400775137,6.618340106174097,1.1522575134020237e-10,4.535613633270405e-11,0.47743414106062054,0.0
UGC01622,Scd:,Courteau97,65.26866400775137,7.233999650934478,1.0146914976692416e-10,3.6261233025623044e-11,0.5521872723633247,0.0
UGC01622,Scd:,Courteau97,65.26866400775137,7.816344285264102,1.0696504114913297e-10,4.127206684891213e-11,0.4943187646630211,0.0
UGC01622,Scd:,Courteau97,65.26866400775137,8.438888911513507,9.213684776684231e-11,5.394100736061614e-11,0.35297149201928724,0.0
UGC01622,Scd:,Courteau97,65.26866400775137,9.054548456273887,9.74632485861684e-11,6.503225077965397e-11,0.23198092913655322,0.0
UGC01622,Scd:,Courteau97,65.26866400775137,9.670208001034268,1.0281132718903299e-10,2.6265416686329232e-11,0.5544611944338133,0.0
UGC01622,Scd:,Courteau97,65.26866400775137,10.330098641876551,1.1699460469868712e-10,3.922847938295202e-11,0.37181155416707135,0.0
UGC01622,Scd:,Courteau97,65.26866400775137,11.060650207742468,1.3105337999162406e-10,5.5028773595123227e-11,0.18556477733842017,0.0
UGC01622,Scd:,Courteau97,65.26866400775137,11.619796559442142,9.804634308454153e-11,2.5225381417102892e-11,0.47868753953559123,0.0
UGC01622,Scd:,Courteau97,65.26866400775137,12.122429718081111,9.256216371045461e-11,5.017560357586261e-11,0.14755748109633338,0.0
UGC01622,Scd:,Courteau97,65.26866400775137,12.584174376651397,1.1858240776905855e-10,3.1129045810922e-11,0.3081446125352857,0.0
UGC01706,Scd:,Courteau97,70.3522182021376,0.19539603519744017,2.125243988658732e-11,5.473559384100536e-12,0.6057268181189808,0.0
UGC01706,Scd:,Courteau97,70.3522182021376,0.5586198531015927,7.359223740160942e-11,1.4755997431084144e-11,0.6522301699658013,0.0
UGC01706,Scd:,Courteau97,70.3522182021376,0.8778311977310741,7.850220933808197e-11,2.0957725615478116e-11,0.6309929251073926,0.0
UGC01706,Scd:,Courteau97,70.3522182021376,1.1970425423605557,9.200666620323934e-11,2.51466957657265e-11,0.5981240941023972,0.0
UGC01706,Scd:,Courteau97,70.3522182021376,1.5602663602647078,6.028074702754979e-11,2.7393358902993643e-11,0.5967593504929858,0.0
UGC01706,Scd:,Courteau97,70.3522182021376,1.9510584306595884,8.8158655124538e-11,2.8060048489208883e-11,0.5730942446122481,0.0
UGC01706,Scd:,Courteau97,70.3522182021376,2.3142822485637407,8.665349628011097e-11,2.799766233870596e-11,0.5907993797819249,0.0
UGC01706,Scd:,Courteau97,70.3522182021376,2.633493593193222,9.952199237599558e-11,3.053932061959079e-11,0.5660445800406876,0.0
UGC01706,Scd:,Courteau97,70.3522182021376,2.9527049378227037,1.1266501849851267e-10,3.2979620181046875e-11,0.5497536476326808,0.0
UGC01706,Scd:,Courteau97,70.3522182021376,3.3159287557268557,1.1846776675764974e-10,3.294405713618718e-11,0.5472938475569132,0.0
UGC01706,Scd:,Courteau97,70.3522182021376,3.7067208261217366,1.2089479275666456e-10,3.2209086261912304e-11,0.5344631720934472,0.0
UGC01706,Scd:,Courteau97,70.3522182021376,4.069944644025889,1.0456885169371356e-10,3.368521123543806e-11,0.5092020934495447,0.0
UGC01706,Scd:,Courteau97,70.3522182021376,4.38915598865537,1.0955374941155704e-10,4.083056938047771e-11,0.4331837668199899,0.0
UGC01706,Scd:,Courteau97,70.3522182021376,4.708367333284851,7.614456869223034e-11,4.7367985296382064e-11,0.32928650190161535,0.0
UGC01706,Scd:,Courteau97,70.3522182021376,5.027578677914333,8.672990449519212e-11,3.7303370157395555e-11,0.35891578410278635,0.0
UGC01706,Scd:,Courteau97,70.3522182021376,5.433041572734104,8.471589018652673e-11,3.581846813178767e-11,0.3911945491218899,0.0
UGC01706,Scd:,Courteau97,70.3522182021376,5.781594566213366,8.324178199747761e-11,4.5617699195360386e-11,0.25885675328064495,0.0
UGC01706,Scd:,Courteau97,70.3522182021376,6.144818384117519,9.604962777697563e-11,3.882418316277806e-11,0.16406210412378355,0.0
UGC01706,Scd:,Courteau97,70.3522182021376,6.4640297287470005,1.1451073477433189e-10,3.6820994632864604e-11,0.27344684300423705,0.0
UGC01706,Scd:,Courteau97,70.3522182021376,6.827253546651153,8.012154969047062e-11,4.071172178327671e-11,0.1391378761919325,0.0
UGC01792,SAB(r)c,ShellFlow,55.86153414703626,0.30612912224565486,2.405659229506801e-10,3.7061764324393853e-11,0.4935095879539342,0.0
UGC01792,SAB(r)c,ShellFlow,55.86153414703626,0.8721210006544978,2.1113207204700095e-10,8.323718453484726e-11,0.4608393176277045,0.0
UGC01792,SAB(r)c,ShellFlow,55.86153414703626,1.9775787075849032,3.749805963768205e-10,9.624484237627548e-11,0.41935980419326807,0.0
UGC01792,SAB(r)c,ShellFlow,55.86153414703626,2.7013560300260995,3.503255792171327e-10,7.969029385329625e-11,0.43061998423844977,0.0
UGC01792,SAB(r)c,ShellFlow,55.86153414703626,3.4584108646643883,2.784368698597698e-10,8.174549477896113e-11,0.38678380699517145,0.0
UGC01792,SAB(r)c,ShellFlow,55.86153414703626,4.197387545148231,2.5036763134158286e-10,7.761051069494185e-11,0.3491197824369842,0.0
UGC01792,SAB(r)c,ShellFlow,55.86153414703626,4.993352638457464,2.3092019061617677e-10,7.04553373950464e-11,0.2998378727468988,0.0
UGC01792,SAB(r)c,ShellFlow,55.86153414703626,5.808356708603011,1.882266213838674e-10,4.549154827470392e-11,0.42243136801976017,0.0
UGC01792,SAB(r)c,ShellFlow,55.86153414703626,6.464490890262526,1.9786089069791106e-10,4.301304298466031e-11,0.3629462367861186,0.0
UGC01792,SAB(r)c,ShellFlow,55.86153414703626,7.500549048069232,1.435057811795137e-10,4.9391296760025646e-11,0.2633112637198061,0.0
UGC01792,SAB(r)c,ShellFlow,55.86153414703626,8.035182611688848,1.5116883838440693e-10,5.4458375348243455e-11,0.15385149670213824,0.0
UGC01792,SAB(r)c,ShellFlow,55.86153414703626,8.638701653697913,1.3287321623282852e-10,3.5103417213990075e-11,0.24240608308525055,0.0
UGC01792,SAB(r)c,ShellFlow,55.86153414703626,9.857820399970912,1.4418117104148207e-10,3.600368480646981e-11,0.1646599387130929,0.0
UGC01792,SAB(r)c,ShellFlow,55.86153414703626,10.419442677138633,9.515372817487191e-11,2.2575598927027464e-11,0.31185665811980157,0.0
UGC01792,SAB(r)c,ShellFlow,55.86153414703626,11.134000997745618,9.797852023497142e-11,2.3739402893586353e-11,0.2494923602509665,0.0
UGC01792,SAB(r)c,ShellFlow,55.86153414703626,11.779416804596028,1.1360997994790756e-10,3.0385247887812726e-11,0.1028142259637839,0.0
UGC01792,SAB(r)c,ShellFlow,55.86153414703626,13.464283636099193,9.967947477701343e-11,1.8633227826710948e-11,0.17295875229771573,0.0
UGC01792,SAB(r)c,ShellFlow,55.86153414703626,14.351055652679806,8.052101370787e-11,2.091285625179846e-11,0.06335873128140113,0.0
UGC01792,SAB(r)c,ShellFlow,55.86153414703626,14.971796064286234,1.1994427996457536e-10,1.4939680059366295e-11,0.15651755402249867,0.0
UGC01792,SAB(r)c,ShellFlow,55.86153414703626,15.41518207257654,1.0596717068318503e-10,1.5860565212316426e-11,0.03334289447246286,0.0
UGC01812,Scd:,Courteau97,70.30864141934946,0.1531210239255327,1.4873766509270093e-11,3.5299058526491044e-12,0.5149793243648633,0.0
UGC01812,Scd:,Courteau97,70.30864141934946,0.4593630717765981,5.500279854706967e-11,1.0445173432003444e-11,0.6480344167536233,0.0
UGC01812,Scd:,Courteau97,70.30864141934946,0.7656051196276634,9.584867483555095e-11,1.6283898798636583e-11,0.601080213397344,0.0
UGC01812,Scd:,Courteau97,70.30864141934946,1.0718471674787287,1.1255488809036981e-10,2.172624369316097e-11,0.5587832425564768,0.0
UGC01812,Scd:,Courteau97,70.30864141934946,1.3780892153297941,1.139905079101569e-10,2.62056748724812e-11,0.4915059074464432,0.0
UGC01812,Scd:,Courteau97,70.30864141934946,1.6438856593863882,1.2898410404940134e-10,2.8012238882111953e-11,0.4763885854640625,0.0
UGC01812,Scd:,Courteau97,70.30864141934946,1.9140127990691587,9.978655345156686e-11,2.837198404733175e-11,0.4695140207222826,0.0
UGC01812,Scd:,Courteau97,70.30864141934946,2.2202548469202243,7.682475260062515e-11,2.7608542050989427e-11,0.4523142390650987,0.0
UGC01812,Scd:,Courteau97,70.30864141934946,2.5264968947712894,9.675923326270548e-11,2.7188200022478165e-11,0.4488109817231483,0.0
UGC01812,Scd:,Courteau97,70.30864141934946,2.832738942622355,1.1091091490705893e-10,2.626494224342379e-11,0.4576908670637894,0.0
UGC01812,Scd:,Courteau97,70.30864141934946,3.1389809904734203,1.1269403475154867e-10,2.573763145092886e-11,0.4536164184430705,0.0
UGC01812,Scd:,Courteau97,70.30864141934946,3.4601484714647017,8.923981582965499e-11,2.5727914381172225e-11,0.43884775607555454,0.0
UGC01812,Scd:,Courteau97,70.30864141934946,3.7514650861755507,7.754045055423978e-11,2.6851033863888964e-11,0.39655446106336206,0.0
UGC01812,Scd:,Courteau97,70.30864141934946,4.057707134026616,7.989222153392442e-11,2.611529997827776e-11,0.3567445024516379,0.0
UGC01812,Scd:,Courteau97,70.30864141934946,4.363949181877682,8.40462438737476e-11,2.221575498734641e-11,0.4015769036139318,0.0
UGC01812,Scd:,Courteau97,70.30864141934946,4.670191229728747,1.0886796389525591e-10,2.3537961137238982e-11,0.3986769896770141,0.0
UGC01812,Scd:,Courteau97,70.30864141934946,4.976433277579813,1.1097600226597445e-10,2.8692484698846987e-11,0.2717204699796444,0.0
UGC01812,Scd:,Courteau97,70.30864141934946,5.267749892290662,7.658054195109528e-11,2.1719457713321596e-11,0.3437995064241176,0.0
UGC01848,Sb,Courteau97,67.35348838713614,0.4500152716166097,3.961916508791022e-10,1.7303261632356423e-11,0.7633187342765871,0.0
UGC01848,Sb,Courteau97,67.35348838713614,1.350045814849829,3.8625509229120883e-10,4.7190956183443466e-11,0.6799941160364398,0.0
UGC01848,Sb,Courteau97,67.35348838713614,2.2500763580830485,3.43451226373278e-10,6.667461983633812e-11,0.6018364230491922,0.0
UGC01848,Sb,Courteau97,67.35348838713614,3.150106901316268,3.261377028937625e-10,8.094309325158998e-11,0.5148937901956796,0.0
UGC01848,Sb,Courteau97,67.35348838713614,4.155277376190822,2.5900136109712144e-10,8.503576153765584e-11,0.4293464282172614,0.0
UGC01848,Sb,Courteau97,67.35348838713614,5.175175623591011,2.3232662549608466e-10,9.142672092678543e-11,0.40127214438851305,0.0
UGC01848,Sb,Courteau97,67.35348838713614,6.0752061668242305,1.8604540616664483e-10,7.799877354254974e-11,0.3209086050084115,0.0
UGC01848,Sb,Courteau97,67.35348838713614,6.97523671005745,1.6620115723295773e-10,7.481479253731486e-11,0.3662175651578832,0.0
UGC01848,Sb,Courteau97,67.35348838713614,7.875267253290669,1.6994788645127156e-10,4.5296525805895154e-11,0.5052584013640458,0.0
UGC01848,Sb,Courteau97,67.35348838713614,8.775297796523889,1.709086621121207e-10,3.898061587526742e-11,0.4931900927948224,0.0
UGC01848,Sb,Courteau97,67.35348838713614,9.62555392335103,1.2151567272205293e-10,3.4037679083834236e-11,0.5065543832030132,0.0
UGC01848,Sb,Courteau97,67.35348838713614,14.324804305141445,7.570543322239478e-11,3.0253474323764205e-11,0.1593708296726625,0.0
UGC01848,Sb,Courteau97,67.35348838713614,14.774819576758054,7.849900789394982e-11,3.453926180881623e-11,0.180499244180097,0.0
UGC01848,Sb,Courteau97,67.35348838713614,16.7998882990328,8.623004282724037e-11,1.9157584948805023e-11,0.3405965266953485,0.0
UGC01848,Sb,Courteau97,67.35348838713614,17.699918842266015,8.179953808331292e-11,2.92722950973311e-11,0.12857444618650038,0.0
UGC01848,Sb,Courteau97,67.35348838713614,18.374941749690933,8.266052134198394e-11,1.8102990025068285e-11,0.2865632667349233,0.0
UGC01938,Sbc,Mathewson96,73.91383083379898,0.815763071776598,3.946737915424248e-10,3.534502764026693e-11,0.6793176103549275,0.0
UGC01938,Sbc,Mathewson96,73.91383083379898,1.631526143553196,3.030970847497618e-10,5.6083804902018984e-11,0.6058489457835455,0.0
UGC01938,Sbc,Mathewson96,73.91383083379898,2.4472892153297945,2.6944437271872914e-10,6.954220336683577e-11,0.5254091282210409,0.0
UGC01938,Sbc,Mathewson96,73.91383083379898,3.263052287106392,2.1523987124830632e-10,6.948997313976247e-11,0.4972360107305045,0.0
UGC01938,Sbc,Mathewson96,73.91383083379898,4.07881535888299,2.0566794774306992e-10,7.887054600364677e-11,0.3997302230166656,0.0
UGC01938,Sbc,Mathewson96,73.91383083379898,4.894578430659588,1.9928557725706053e-10,7.112085434141185e-11,0.3592227624071905,0.0
UGC01938,Sbc,Mathewson96,73.91383083379898,5.7103415024361865,1.865010260671481e-10,5.443613189138531e-11,0.4770095466235769,0.0
UGC01938,Sbc,Mathewson96,73.91383083379898,6.526104574212785,1.8082172674666438e-10,6.542839677883225e-11,0.2777293668918688,0.0
UGC01938,Sbc,Mathewson96,73.91383083379898,7.3187955591108524,1.5689624496672973e-10,7.31099848570937e-11,0.2416763448771958,0.0
UGC01938,Sbc,Mathewson96,73.91383083379898,7.364939732867913,1.3062373668469885e-10,7.033277604358336e-11,0.25900978383302514,0.0
UGC01938,Sbc,Mathewson96,73.91383083379898,8.157630717765981,1.3131503065958307e-10,6.18254629672125e-11,0.24675580629189026,0.0
UGC01938,Sbc,Mathewson96,73.91383083379898,8.973393789542579,1.206721176292453e-10,5.559702919686101e-11,0.21744855608759484,0.0
UGC01938,Sbc,Mathewson96,73.91383083379898,9.789156861319176,1.200012695081669e-10,5.27989599658214e-11,0.1688984624221893,0.0
UGC01938,Sbc,Mathewson96,73.91383083379898,10.604919933095776,1.2600554370564183e-10,4.984762249186081e-11,0.11637752305308058,0.0
UGC01938,Sbc,Mathewson96,73.91383083379898,11.420683004872373,7.959606515450543e-11,2.7172363961700674e-11,0.3026403386197983,0.0
UGC01938,Sbc,Mathewson96,73.91383083379898,12.23644607664897,9.816077067157399e-11,2.911653190281974e-11,0.20901913687613027,0.0
UGC01938,Sbc,Mathewson96,73.91383083379898,13.052209148425568,9.272357776977538e-11,3.172618613459548e-11,0.10256811072832198,0.0
UGC01938,Sbc,Mathewson96,73.91383083379898,13.844900133323637,8.887917345779194e-11,2.0319958885944892e-11,0.2333254335608202,0.0
UGC01938,Sbc,Mathewson96,73.91383083379898,14.660663205100237,8.383713589733861e-11,2.2412772802579344e-11,0.12278145205590657,0.0
UGC01995,SB(r)c pec:,Courteau97,58.472179090237866,0.3649827699318838,2.1918321272872868e-10,1.3692179874906912e-11,0.7134655410490075,0.0
UGC01995,SB(r)c pec:,Courteau97,58.472179090237866,1.0615842338739,2.662299278126874e-10,3.6184513665800136e-11,0.6314717685846447,0.0
UGC01995,SB(r)c pec:,Courteau97,58.472179090237866,1.8198586866409716,2.330275431216267e-10,4.9020574850163565e-11,0.586318010911448,0.0
UGC01995,SB(r)c pec:,Courteau97,58.472179090237866,2.578133139408043,1.3541092443687176e-10,5.357968603860862e-11,0.5480485524505007,0.0
UGC01995,SB(r)c pec:,Courteau97,58.472179090237866,3.1847527016217003,1.828836174950856e-10,5.56988551824903e-11,0.5329140799272066,0.0
UGC01995,SB(r)c pec:,Courteau97,58.472179090237866,3.9430271543887714,1.591345679808807e-10,4.9425263046594564e-11,0.5501882645512538,0.0
UGC01995,SB(r)c pec:,Courteau97,58.472179090237866,4.701301607155843,1.2926883606383434e-10,5.389509362953173e-11,0.5005418698302444,0.0
UGC01995,SB(r)c pec:,Courteau97,58.472179090237866,5.3079211693695,1.3020516769817336e-10,4.138596861457774e-11,0.5581738723257795,0.0
UGC01995,SB(r)c pec:,Courteau97,58.472179090237866,6.066195622136572,1.4112338965879134e-10,6.472741308381219e-11,0.3260054991517734,0.0
UGC01995,SB(r)c pec:,Courteau97,58.472179090237866,6.819414911885197,1.6736355089951758e-10,6.228444562356184e-11,0.331752715918995,0.0
UGC01995,SB(r)c pec:,Courteau97,58.472179090237866,7.426034474098854,1.4852558197098263e-10,6.695366456330717e-11,0.25127011080126094,0.0
UGC01995,SB(r)c pec:,Courteau97,58.472179090237866,8.184308926865926,1.2827211443359818e-10,6.233016459801182e-11,0.21965358259412246,0.0
UGC01995,SB(r)c pec:,Courteau97,58.472179090237866,8.947638542651443,9.818385499888024e-11,5.743574656015571e-11,0.18410299056725932,0.0
UGC01995,SB(r)c pec:,Courteau97,58.472179090237866,9.559313267883548,1.187373223279914e-10,3.0304293710611495e-11,0.38378182653139375,0.0
UGC01995,SB(r)c pec:,Courteau97,58.472179090237866,12.514056052165904,7.706053577703525e-11,2.2164528945010815e-11,0.31614110095009895,0.0
UGC01995,SB(r)c pec:,Courteau97,58.472179090237866,13.188920315128598,5.709924504840365e-11,3.011726581688416e-11,0.12887486015555857,0.0
UGC01995,SB(r)c pec:,Courteau97,58.472179090237866,14.011900854531792,5.629086043778558e-11,1.6192802219995783e-11,0.35036689490400086,0.0
UGC02020,Scd:,Mathewson96,81.13472631752856,0.3193111773689186,4.64740035941027e-12,2.4669122395718072e-12,0.6539143873799125,0.0
UGC02020,Scd:,Mathewson96,81.13472631752856,0.9579335321067559,1.996065056608534e-11,6.3605134650511e-12,0.6214120231298527,0.0
UGC02020,Scd:,Mathewson96,81.13472631752856,1.7859923496472982,5.646371125392059e-11,9.784442278084748e-12,0.5193134065703053,0.0
UGC02020,Scd:,Mathewson96,81.13472631752856,2.684364133517562,5.4604778086566425e-11,1.1233467342649191e-11,0.44679834177082217,0.0
UGC02020,Scd:,Mathewson96,81.13472631752856,3.512422951058105,4.642341725460549e-11,1.1041587308744419e-11,0.3796525287211603,0.0
UGC02020,Scd:,Mathewson96,81.13472631752856,4.151045305795941,4.8701559502500124e-11,9.443862691339358e-12,0.3793586811222714,0.0
UGC02020,Scd:,Mathewson96,81.13472631752856,4.789667660533779,3.72541850016488e-11,1.0542242331111685e-11,0.32313287867658996,0.0
UGC02020,Scd:,Mathewson96,81.13472631752856,5.617726478074321,3.8354363356808086e-11,9.065712602966936e-12,0.23921782904148955,0.0
UGC02020,Scd:,Mathewson96,81.13472631752856,6.516098261944585,4.002593589728348e-11,6.834835768947372e-12,0.3389049785124743,0.0
UGC02020,Scd:,Mathewson96,81.13472631752856,7.344157079485128,4.658768231238777e-11,5.2442924591481215e-12,0.35295427474142377,0.0
UGC02020,Scd:,Mathewson96,81.13472631752856,8.053092400552687,4.233865773598341e-11,4.712032735254459e-12,0.345653412071386,0.0
UGC02020,Scd:,Mathewson96,81.13472631752856,8.621401788960803,1.9873646539933336e-11,5.383002609052758e-12,0.2384067008517602,0.0
UGC02020,Scd:,Mathewson96,81.13472631752856,9.26002414369864,3.592340703152927e-11,5.834527866585279e-12,0.14198355773892146,0.0
UGC02020,Scd:,Mathewson96,81.13472631752856,10.088082961239182,3.771662754592873e-11,5.295172879194833e-12,0.10261765881994242,0.0
UGC02020,Scd:,Mathewson96,81.13472631752856,10.986454745109446,2.8967401287651554e-11,4.261737234167968e-12,0.0856200279112628,0.0
UGC02020,Scd:,Mathewson96,81.13472631752856,11.814513562649989,2.096914750729339e-11,2.6731476958185544e-12,0.2526391577724554,0.0
UGC02020,Scd:,Mathewson96,81.13472631752856,12.523448883717547,2.378130109483692e-11,3.0293963586023475e-12,0.12174481792413704,0.0
UGC02020,Scd:,Mathewson96,81.13472631752856,13.162071238455384,4.1240874676223865e-11,2.4248382742870877e-12,0.13636626687333855,0.0
UGC02020,Scd:,Mathewson96,81.13472631752856,13.80069359319322,2.7177232598669886e-11,2.441650164668466e-12,0.12262446669332522,0.0
UGC02020,Scd:,Mathewson96,81.13472631752856,14.439315947931059,1.4652937522945294e-11,1.858628846041289e-12,0.20200208886209797,0.0
UGC02020,Scd:,Mathewson96,81.13472631752856,15.077938302668896,3.5923281104293547e-11,2.2136582897345265e-12,0.08076927481152586,0.0
UGC02134,Sb,Courteau97,66.08518165467851,0.1907292348192859,2.2916357676192065e-10,2.979451714738871e-11,0.43769897079602565,0.0
UGC02134,Sb,Courteau97,66.08518165467851,0.6314587157297651,5.884087082445538e-10,8.874341500518761e-11,0.518884880887239,0.0
UGC02134,Sb,Courteau97,66.08518165467851,1.105052752527089,6.090581796391613e-10,1.2289267807121403e-10,0.46344563519077264,0.0
UGC02134,Sb,Courteau97,66.08518165467851,1.578646789324413,5.028946628889865e-10,1.3505263215380452e-10,0.39399283683584974,0.0
UGC02134,Sb,Courteau97,66.08518165467851,2.05094920602138,2.96603520026595e-10,1.296370370073315e-10,0.3977833494286481,0.0
UGC02134,Sb,Courteau97,66.08518165467851,2.495553547232929,2.464467760768499e-10,1.1354182434673804e-10,0.4110677171405299,0.0
UGC02134,Sb,Courteau97,66.08518165467851,2.9929707992146026,3.4581479397573433e-10,1.0044308955219439e-10,0.4290548663577229,0.0
UGC02134,Sb,Courteau97,66.08518165467851,3.387632496545706,2.3571934567997443e-10,8.951108222139379e-11,0.41389727015805855,0.0
UGC02134,Sb,Courteau97,66.08518165467851,3.7822941938768095,1.8351643046144704e-10,8.299001277600614e-11,0.41683423647356604,0.0
UGC02134,Sb,Courteau97,66.08518165467851,4.219651111191913,1.7747193268135075e-10,8.082386859930273e-11,0.4281465803852628,0.0
UGC02134,Sb,Courteau97,66.08518165467851,4.772177487455458,1.3565778890020227e-10,7.351092488492675e-11,0.4664262167283831,0.0
UGC02134,Sb,Courteau97,66.08518165467851,5.2095344047705625,1.203745250363364e-10,7.989708677696438e-11,0.4136141383884996,0.0
UGC02134,Sb,Courteau97,66.08518165467851,5.683128441567885,1.314781906175206e-10,8.604738124797243e-11,0.35340318165476003,0.0
UGC02134,Sb,Courteau97,66.08518165467851,6.0777901388989894,1.183729580197455e-10,7.11685307847266e-11,0.283894751617483,0.0
UGC02134,Sb,Courteau97,66.08518165467851,6.465993735728311,1.274740572455133e-10,5.84991886751509e-11,0.4634154222173961,0.0
UGC02134,Sb,Courteau97,66.08518165467851,6.946045873027416,1.1814786790861723e-10,7.971551793255858e-11,0.3028408208124685,0.0
UGC02134,Sb,Courteau97,66.08518165467851,7.419639909824741,9.863989173531524e-11,7.999509101490909e-11,0.21262194005579366,0.0
UGC02134,Sb,Courteau97,66.08518165467851,7.850538726638063,1.28885003529299e-10,5.1714898048816644e-11,0.4082678075050719,0.0
UGC02134,Sb,Courteau97,66.08518165467851,8.360369882917608,1.3377424225904908e-10,7.343993165483782e-11,0.21293392633591174,0.0
UGC02134,Sb,Courteau97,66.08518165467851,8.689015441786053,4.809177336905632e-11,4.5619370878631975e-11,0.388611114892159,0.0
UGC02134,Sb,Courteau97,66.08518165467851,9.004744799650934,5.824857167555418e-11,7.259902293841432e-11,0.1337833502094952,0.0
UGC02151,SAc,Courteau97,68.39466550012922,0.7355860024725475,1.4008741598741384e-10,3.385509001908573e-11,0.7275977483446082,0.0
UGC02151,SAc,Courteau97,68.39466550012922,1.9181174163333572,2.337282751263414e-10,7.045786327463716e-11,0.6187191739025696,0.0
UGC02151,SAc,Courteau97,68.39466550012922,3.1179896408988435,3.5962273789274245e-10,7.772838918309398e-11,0.5776475077284905,0.0
UGC02151,SAc,Courteau97,68.39466550012922,4.265839433350301,3.080177088157377e-10,8.750955422631321e-11,0.4741017987712085,0.0
UGC02151,SAc,Courteau97,68.39466550012922,5.5378718056868586,2.465093179036693e-10,5.7064423594200936e-11,0.6079201463685688,0.0
UGC02151,SAc,Courteau97,68.39466550012922,6.809904178023416,2.2305492682795026e-10,5.85568793162848e-11,0.5050030428249682,0.0
UGC02151,SAc,Courteau97,68.39466550012922,7.957753970474874,1.9866231659047627e-10,5.7895908678093836e-11,0.5338908426503385,0.0
UGC02151,SAc,Courteau97,68.39466550012922,9.229786342811432,1.7277841803221041e-10,9.265924512947639e-11,0.27112163165635234,0.0
UGC02151,SAc,Courteau97,68.39466550012922,10.501818715147987,1.2829266130518587e-10,5.737800212380559e-11,0.4192963356976961,0.0
UGC02151,SAc,Courteau97,68.39466550012922,11.637921506799506,1.0706841562844385e-10,4.43337829067454e-11,0.4747542781714041,0.0
UGC02151,SAc,Courteau97,68.39466550012922,13.022389458221218,9.961268722129699e-11,2.281222315043146e-11,0.6640430454339098,0.0
UGC02151,SAc,Courteau97,68.39466550012922,14.406857409642933,1.0629192957099105e-10,1.4020087735690692e-11,0.7609839782362221,0.0
UGC02151,SAc,Courteau97,68.39466550012922,16.38287075849029,9.584336534550031e-11,6.71577452943077e-11,0.17603756215159233,0.0
UGC02151,SAc,Courteau97,68.39466550012922,17.637282629626934,1.1423669753342366e-10,6.798514533330073e-12,0.8470725979953018,0.0
UGC02151,SAc,Courteau97,68.39466550012922,24.328877728165224,5.431885112405112e-11,3.092148549335128e-11,0.16181246127493878,0.0
UGC02176,Sb,Courteau97,73.47690630649483,0.3642651879863282,1.4469909419673856e-10,1.8500888109987033e-11,0.6501690320444153,0.0
UGC02176,Sb,Courteau97,73.47690630649483,1.0927955639589848,2.461051908223033e-10,4.646397965552004e-11,0.5948440291395929,0.0
UGC02176,Sb,Courteau97,73.47690630649483,1.821325939931641,2.786196355438058e-10,6.222111669003657e-11,0.5040010304969423,0.0
UGC02176,Sb,Courteau97,73.47690630649483,2.549856315904298,2.2191716951117615e-10,7.148113955423505e-11,0.45771428901888106,0.0
UGC02176,Sb,Courteau97,73.47690630649483,3.2783866918769538,2.1376064351703013e-10,7.006015126453107e-11,0.3842980293926142,0.0
UGC02176,Sb,Courteau97,73.47690630649483,4.006917067849611,1.996614842300914e-10,7.36353758379945e-11,0.31608510395317263,0.0
UGC02176,Sb,Courteau97,73.47690630649483,4.735447443822268,1.565362101581375e-10,6.19293968191952e-11,0.30440168498518805,0.0
UGC02176,Sb,Courteau97,73.47690630649483,5.463977819794924,1.4176411159525684e-10,6.589286459518475e-11,0.22693277941663104,0.0
UGC02176,Sb,Courteau97,73.47690630649483,6.19250819576758,1.1223420644162588e-10,4.456615595132821e-11,0.30358510573942254,0.0
UGC02176,Sb,Courteau97,73.47690630649483,6.921038571740237,9.669785336040246e-11,3.4634014868216375e-11,0.3197078833666166,0.0
UGC02176,Sb,Courteau97,73.47690630649483,7.646404623857658,9.600749994174997e-11,3.016151210672176e-11,0.3032359269895656,0.0
UGC02176,Sb,Courteau97,73.47690630649483,8.378099323685548,1.2570897746760315e-10,2.562477073386201e-11,0.3299656736818604,0.0
UGC02176,Sb,Courteau97,73.47690630649483,8.98520797032943,9.886188570923265e-11,2.7617710164222413e-11,0.2545804858498659,0.0
UGC02176,Sb,Courteau97,73.47690630649483,10.09382515356459,7.384578333536276e-11,1.972892029495252e-11,0.3085098666512064,0.0
UGC02176,Sb,Courteau97,73.47690630649483,10.518286083727244,7.878586165328146e-11,2.7835950889119637e-11,0.11735666272393727,0.0
UGC02176,Sb,Courteau97,73.47690630649483,11.186620717523574,7.905699249993694e-11,1.6646865565287952e-11,0.2841001658838183,0.0
UGC02176,Sb,Courteau97,73.47690630649483,11.793729364167453,6.115129389440744e-11,2.0881631288283666e-11,0.12224219594983123,0.0
UGC02176,Sb,Courteau97,73.47690630649483,12.279416281482558,6.576064392037572e-11,1.504500493681744e-11,0.23645876127544835,0.0
UGC02176,Sb,Courteau97,73.47690630649483,14.069098982861851,6.284696362657491e-11,1.517518269368473e-11,0.0945241547002675,0.0
UGC02176,Sb,Courteau97,73.47690630649483,14.43336417084818,6.41705499504349e-11,1.2457487265046244e-11,0.15303258328416283,0.0
UGC02405,Scd:,Courteau97,70.67219511390253,0.36480664271689334,1.169004614058061e-10,1.4795053103809907e-11,0.6892581175313853,0.0
UGC02405,Scd:,Courteau97,70.67219511390253,1.2132647225656317,2.970121944317784e-10,4.202172528569801e-11,0.6053690843230436,0.0
UGC02405,Scd:,Courteau97,70.67219511390253,1.9715551741691513,3.178113599535629e-10,5.120017095172865e-11,0.556986913761158,0.0
UGC02405,Scd:,Courteau97,70.67219511390253,2.7298456257726706,2.503538679534904e-10,4.928930930291864e-11,0.5414795264730708,0.0
UGC02405,Scd:,Courteau97,70.67219511390253,3.4881360773761907,1.8307046882325043e-10,5.1279333696844005e-11,0.52110926646304,0.0
UGC02405,Scd:,Courteau97,70.67219511390253,4.24642652897971,1.8016972875819228e-10,4.716555528648537e-11,0.5318303660476934,0.0
UGC02405,Scd:,Courteau97,70.67219511390253,5.004716980583231,1.5860498618409731e-10,4.75244837499942e-11,0.4760445256271281,0.0
UGC02405,Scd:,Courteau97,70.67219511390253,5.76300743218675,1.4407874636563675e-10,3.3571734900693407e-11,0.6114565769704573,0.0
UGC02405,Scd:,Courteau97,70.67219511390253,6.52129788379027,1.4432771223308854e-10,2.829292441959253e-11,0.6063750643446381,0.0
UGC02405,Scd:,Courteau97,70.67219511390253,7.27958833539379,1.376270191469971e-10,4.856187594594108e-11,0.3553017098868633,0.0
UGC02405,Scd:,Courteau97,70.67219511390253,8.189536877318014,1.3690153627490282e-10,5.824116075863083e-11,0.3185091777359142,0.0
UGC02405,Scd:,Courteau97,70.67219511390253,8.947827328921534,1.3731224794194262e-10,6.145902200694784e-11,0.25242423566461253,0.0
UGC02405,Scd:,Courteau97,70.67219511390253,9.706117780525053,1.2000662632935257e-10,5.1859169352277076e-11,0.214142035306848,0.0
UGC02405,Scd:,Courteau97,70.67219511390253,10.516339638814147,9.818552589709837e-11,2.4250750694470786e-11,0.5095543624155867,0.0
UGC02405,Scd:,Courteau97,70.67219511390253,11.222698683732093,1.0673827357825664e-10,3.307882855364424e-11,0.3529727858697969,0.0
UGC02405,Scd:,Courteau97,70.67219511390253,11.980989135335612,9.831792500494955e-11,4.28365901322292e-11,0.20058261852986378,0.0
UGC02405,Scd:,Courteau97,70.67219511390253,12.739279586939132,1.0936139163426129e-10,1.7312043227651714e-11,0.5230254049294554,0.0
UGC02405,Scd:,Courteau97,70.67219511390253,13.497570038542651,8.301833393277672e-11,2.775211496763823e-11,0.28755929385125867,0.0
UGC02405,Scd:,Courteau97,70.67219511390253,14.255860490146171,8.336430799303173e-11,3.866866963927714e-11,0.1133183451288469,0.0
UGC02405,Scd:,Courteau97,70.67219511390253,14.962219535064117,8.852879810971096e-11,2.291539360634987e-11,0.2814029140475024,0.0
UGC02405,Scd:,Courteau97,70.67219511390253,15.464989082975785,8.334792814070864e-11,1.6364598474275466e-11,0.3907174342646096,0.0
UGC04154,Sd,Courteau97,67.00935561260901,0.4414913969893099,6.284267144606267e-11,5.901546993339823e-12,0.7281389082574398,0.0
UGC04154,Sd,Courteau97,67.00935561260901,0.9156858604222724,2.6976820244294316e-11,1.1176751223061397e-11,0.6910273994199245,0.0
UGC04154,Sd,Courteau97,67.00935561260901,1.349001490800669,5.220530264807629e-11,1.515035848880239e-11,0.6439776682046583,0.0
UGC04154,Sd,Courteau97,67.00935561260901,1.7169109882917608,6.951748879138035e-11,1.7206242067135697e-11,0.6063256112462212,0.0
UGC04154,Sd,Courteau97,67.00935561260901,2.060293185950113,1.363236966637126e-10,1.8549167937169594e-11,0.5926984586557296,0.0
UGC04154,Sd,Courteau97,67.00935561260901,2.5017845829394227,9.005099899669818e-11,1.9667729990539868e-11,0.5714391220243804,0.0
UGC04154,Sd,Courteau97,67.00935561260901,2.8696940804305138,9.932062912994376e-11,2.1513103108672853e-11,0.5390424102034367,0.0
UGC04154,Sd,Courteau97,67.00935561260901,3.2376035779216057,1.3052721913645256e-10,2.1681961746458526e-11,0.5428659120222102,0.0
UGC04154,Sd,Courteau97,67.00935561260901,3.6055130754126976,1.3620023500269396e-10,2.0819149950561905e-11,0.5473747843090336,0.0
UGC04154,Sd,Courteau97,67.00935561260901,4.047004472402007,8.746030241030922e-11,1.976413229041176e-11,0.5325562486999947,0.0
UGC04154,Sd,Courteau97,67.00935561260901,4.349507837005794,1.0025845791036384e-10,2.297152945585068e-11,0.4899592654102999,0.0
UGC04154,Sd,Courteau97,67.00935561260901,4.7337688677187115,8.552895932551924e-11,2.5931991967571506e-11,0.42354823579602,0.0
UGC04154,Sd,Courteau97,67.00935561260901,5.2243148643735005,8.376690453481197e-11,2.54962128907426e-11,0.3994594704002634,0.0
UGC04154,Sd,Courteau97,67.00935561260901,5.5922243618645915,8.415319905230914e-11,2.8393379952924018e-11,0.29556962093320155,0.0
UGC04154,Sd,Courteau97,67.00935561260901,5.9601338593556825,4.277847291014203e-11,1.884531193463649e-11,0.43378418222070636,0.0
UGC04154,Sd,Courteau97,67.00935561260901,6.303516057014035,6.324884232070099e-11,2.521382911878621e-11,0.3134125666370463,0.0
UGC04154,Sd,Courteau97,67.00935561260901,6.671425554505127,9.635745153895466e-11,2.183478434381984e-11,0.25065575932071504,0.0
UGC04154,Sd,Courteau97,67.00935561260901,7.039335051996218,6.739400031249618e-11,1.8844396694241774e-11,0.37018192913806175,0.0
UGC04154,Sd,Courteau97,67.00935561260901,7.40724454948731,4.8339930228215457e-11,2.283638566487076e-11,0.21979461985264967,0.0
UGC04154,Sd,Courteau97,67.00935561260901,7.652517547814704,3.74417882208178e-11,1.9685752435044995e-11,0.3014199779245505,0.0
UGC04232,Sbc,Courteau97,75.39229377985123,0.27851271199670324,8.134022623306593e-12,3.192875441118329e-12,0.6475219480514594,0.0
UGC04232,Sbc,Courteau97,75.39229377985123,0.8100785251981674,1.1649742921533705e-11,7.959338749706201e-12,0.6246092437112236,0.0
UGC04232,Sbc,Courteau97,75.39229377985123,1.27298053959712,2.1248264492448627e-11,1.0963350743723222e-11,0.5820263536604967,0.0
UGC04232,Sbc,Courteau97,75.39229377985123,1.804546352798584,2.034448964956198e-11,1.2401069357107944e-11,0.5595383951845603,0.0
UGC04232,Sbc,Courteau97,75.39229377985123,2.361571776791991,1.995219043961047e-11,1.2487052416008124e-11,0.5414606333205647,0.0
UGC04232,Sbc,Courteau97,75.39229377985123,2.893137589993455,2.6062056906278656e-11,1.3176320694372177e-11,0.5161027749716454,0.0
UGC04232,Sbc,Courteau97,75.39229377985123,3.395900611187873,3.5302323662967167e-11,1.2007964441393837e-11,0.5044086501079167,0.0
UGC04232,Sbc,Courteau97,75.39229377985123,3.8588026255868257,2.7038757706025337e-11,1.3587109440305251e-11,0.4709901112963491,0.0
UGC04232,Sbc,Courteau97,75.39229377985123,4.401426653576709,3.369161623502652e-11,1.1000045250047139e-11,0.5371328630361921,0.0
UGC04232,Sbc,Courteau97,75.39229377985123,4.9800541715754,3.659870985399258e-11,9.969385316614022e-12,0.501128565270428,0.0
UGC04232,Sbc,Courteau97,75.39229377985123,5.401809340250002,5.7291006532545485e-11,8.462785436184975e-12,0.5773557455727922,0.0
UGC04232,Sbc,Courteau97,75.39229377985123,5.941861690382113,3.417531735119591e-11,7.381863073716471e-12,0.6056367464710265,0.0
UGC04232,Sbc,Courteau97,75.39229377985123,6.527689906382565,3.4221804000741606e-11,6.698594687769084e-12,0.6226695955054703,0.0
UGC04232,Sbc,Courteau97,75.39229377985123,7.05925571958403,4.894469846338367e-11,8.909727218191097e-12,0.519196143553093,0.0
UGC04232,Sbc,Courteau97,75.39229377985123,7.522157733982983,3.3649544151467494e-11,1.4450160307356518e-11,0.30022801084471473,0.0
UGC04232,Sbc,Courteau97,75.39229377985123,8.053723547184447,4.08557504561294e-11,8.044042700949892e-12,0.4393601317437298,0.0
UGC04232,Sbc,Courteau97,75.39229377985123,8.675555253193707,2.8221253721350324e-11,6.887439240813815e-12,0.5341972464295335,0.0
UGC04232,Sbc,Courteau97,75.39229377985123,9.13845726759266,2.6427208777111894e-11,1.3474467999060653e-11,0.23375781830252043,0.0
UGC04232,Sbc,Courteau97,75.39229377985123,9.601359281991613,3.827720759167061e-11,5.987756771393919e-12,0.5324916694942129,0.0
UGC04232,Sbc,Courteau97,75.39229377985123,10.179986799990303,3.359982618536963e-11,1.075988897967719e-11,0.2499779853126656,0.0
UGC04301,Sbc,Courteau97,68.93456775843754,0.34069632075243017,2.342585391536123e-11,1.1313638231314033e-11,0.7165878152548255,0.0
UGC04301,Sbc,Courteau97,68.93456775843754,0.9866919419193756,7.931983963510413e-11,2.9350828764671905e-11,0.6540866980060216,0.0
UGC04301,Sbc,Courteau97,68.93456775843754,1.721180113931108,2.2229673376778937e-10,4.2784713211882204e-11,0.5839834329298569,0.0
UGC04301,Sbc,Courteau97,68.93456775843754,2.3892988728092504,2.0636457625486136e-10,4.423931878913368e-11,0.556672252398792,0.0
UGC04301,Sbc,Courteau97,68.93456775843754,3.052993004145153,1.4501611972505125e-10,4.540190763666163e-11,0.550334303424471,0.0
UGC04301,Sbc,Courteau97,68.93456775843754,3.7919058036991253,1.4051789780013164e-10,3.880131629799426e-11,0.5878719057727518,0.0
UGC04301,Sbc,Courteau97,68.93456775843754,4.437901424866071,1.7632121572122255e-10,4.9109218851884025e-11,0.4859023786910206,0.0
UGC04301,Sbc,Courteau97,68.93456775843754,5.176814224420043,1.5456471472567826e-10,3.3612774791526375e-11,0.5674245176687417,0.0
UGC04301,Sbc,Courteau97,68.93456775843754,5.840508355755945,1.2107619061664158e-10,5.383577354727087e-11,0.37948387989834614,0.0
UGC04301,Sbc,Courteau97,68.93456775843754,6.504202487091848,1.2834229455874627e-10,5.904276928113543e-11,0.34116678190586835,0.0
UGC04301,Sbc,Courteau97,68.93456775843754,7.167896618427751,1.0222310439843855e-10,6.02595733145986e-11,0.29435394274232196,0.0
UGC04301,Sbc,Courteau97,68.93456775843754,7.831590749763653,1.0196572270835146e-10,5.999155899847652e-11,0.23947109082818946,0.0
UGC04301,Sbc,Courteau97,68.93456775843754,8.570503549317625,1.0002336862150721e-10,5.550246432568922e-11,0.2048730606436686,0.0
UGC04301,Sbc,Courteau97,68.93456775843754,9.216499170484571,1.0577437644329702e-10,2.8854865429523213e-11,0.40615459750972793,0.0
UGC04301,Sbc,Courteau97,68.93456775843754,9.97753510774974,1.5298648650667271e-10,2.494640115638231e-11,0.4543120867975305,0.0
UGC04301,Sbc,Courteau97,68.93456775843754,10.641229239085643,1.192568099491982e-10,3.602086179637161e-11,0.24516679100557187,0.0
UGC04301,Sbc,Courteau97,68.93456775843754,11.304923370421546,1.2936484232642555e-10,3.8142306786439276e-11,0.12665957653842047,0.0
UGC04301,Sbc,Courteau97,68.93456775843754,11.968617501757448,1.1941891173916194e-10,2.5216364827089467e-11,0.30156159584979514,0.0
UGC04301,Sbc,Courteau97,68.93456775843754,12.687619477371342,7.332038014943381e-11,3.372308374764383e-11,0.11807266346923759,0.0
UGC04301,Sbc,Courteau97,68.93456775843754,13.296005764429253,7.003815145083721e-11,1.953498822407402e-11,0.31368189797133694,0.0
UGC04301,Sbc,Courteau97,68.93456775843754,13.694222243230797,5.832529260740995e-11,2.917310080835495e-11,0.07724245423042753,0.0
UGC04746,Sbc,Courteau97,65.24000886917071,0.4062659733837539,9.387926938266329e-11,8.284957047881794e-12,0.7384966763485105,0.0
UGC04746,Sbc,Courteau97,65.24000886917071,1.1487067805008122,1.8138029778500444e-10,2.106671588546815e-11,0.667476351225941,0.0
UGC04746,Sbc,Courteau97,65.24000886917071,1.8959078757908518,1.4972518314045434e-10,3.1867126693281013e-11,0.5924932998279541,0.0
UGC04746,Sbc,Courteau97,65.24000886917071,2.7084398225583595,1.5372743195086903e-10,3.510057478040983e-11,0.532014199558311,0.0
UGC04746,Sbc,Courteau97,65.24000886917071,3.5209717693258678,1.4335739400738509e-10,3.415692996684054e-11,0.5472668893998288,0.0
UGC04746,Sbc,Courteau97,65.24000886917071,4.268172864615908,1.2142247050577043e-10,3.231217753544776e-11,0.5417906228722822,0.0
UGC04746,Sbc,Courteau97,65.24000886917071,4.940522532082516,1.4891355081783277e-10,4.0971452348987035e-11,0.40441490546020925,0.0
UGC04746,Sbc,Courteau97,65.24000886917071,5.743533902504061,1.4501699253619042e-10,2.4739802459773188e-11,0.5673504588868079,0.0
UGC04746,Sbc,Courteau97,65.24000886917071,6.556065849271569,7.449438294007747e-11,4.0836943915676845e-11,0.31714395214853486,0.0
UGC04746,Sbc,Courteau97,65.24000886917071,7.256977245776066,9.322598176599723e-11,4.189560675063924e-11,0.2857503647570791,0.0
UGC04746,Sbc,Courteau97,65.24000886917071,8.125319467675078,6.715127430746075e-11,3.486737442090096e-11,0.3190997470316077,0.0
UGC04746,Sbc,Courteau97,65.24000886917071,8.842235281312874,6.322337678875911e-11,3.7078906900190745e-11,0.24586371582126484,0.0
UGC04746,Sbc,Courteau97,65.24000886917071,9.69457308607859,8.69211546176499e-11,3.557150522044662e-11,0.20557726870187337,0.0
UGC04746,Sbc,Courteau97,65.24000886917071,10.507105032846097,8.567262941246613e-11,3.108969703351699e-11,0.16585619272248056,0.0
UGC04746,Sbc,Courteau97,65.24000886917071,11.319636979613605,5.7468841882911777e-11,1.4002654039251299e-11,0.48135499591740233,0.0
UGC04746,Sbc,Courteau97,65.24000886917071,11.861324944125277,3.8924598893273976e-11,2.477373398052219e-11,0.19875769702201893,0.0
UGC04746,Sbc,Courteau97,65.24000886917071,13.000511148280125,7.259625749400912e-11,2.2593494773340422e-11,0.16512992433029733,0.0
UGC04746,Sbc,Courteau97,65.24000886917071,13.75723281991613,1.0660522577865195e-10,1.0727876265865597e-11,0.4435308371817805,0.0
UGC04746,Sbc,Courteau97,65.24000886917071,14.2989207844278,7.082104324896638e-11,1.9742429746312435e-11,0.13838350815920142,0.0
UGC04746,Sbc,Courteau97,65.24000886917071,15.101932154849345,6.4340936278625e-11,9.359941173989973e-12,0.43365328506523754,0.0
UGC04746,Sbc,Courteau97,65.24000886917071,15.493917263714156,8.697292437919687e-11,1.976696025048052e-11,0.08076109594905974,0.0
UGC04895,Sb,Courteau97,70.9418668053613,0.3100254526943495,1.528239097214845e-10,2.4222442538468628e-11,0.7004209163221379,0.0
UGC04895,Sb,Courteau97,70.9418668053613,0.9300763580830484,3.313337068153274e-10,6.842984616803335e-11,0.6510560383162921,0.0
UGC04895,Sb,Courteau97,70.9418668053613,1.5501272634717473,3.906086968330243e-10,9.841355073612619e-11,0.5771457685314663,0.0
UGC04895,Sb,Courteau97,70.9418668053613,2.1701781688604465,3.4487251023760017e-10,1.2005308725979095e-10,0.512171001128241,0.0
UGC04895,Sb,Courteau97,70.9418668053613,2.705833256571239,3.398412814023448e-10,1.3216259543984506e-10,0.4704053887210194,0.0
UGC04895,Sb,Courteau97,70.9418668053613,3.2552672532906697,3.434890661228879e-10,1.3765767102736954e-10,0.4249313767335032,0.0
UGC04895,Sb,Courteau97,70.9418668053613,3.875318158679369,2.8619066241600557e-10,1.4043645547008523e-10,0.3564505967056069,0.0
UGC04895,Sb,Courteau97,70.9418668053613,4.495369064068068,2.944118658704147e-10,1.1026801026627931e-10,0.4025753671966644,0.0
UGC04895,Sb,Courteau97,70.9418668053613,5.115419969456767,2.747644420653058e-10,1.2463754850272421e-10,0.2745435185355835,0.0
UGC04895,Sb,Courteau97,70.9418668053613,5.735470874845466,2.4385328834977697e-10,1.194842540857924e-10,0.26928462457142754,0.0
UGC04895,Sb,Courteau97,70.9418668053613,6.355521780234165,2.13873501500713e-10,1.0214656707041286e-10,0.28010408599718684,0.0
UGC04895,Sb,Courteau97,70.9418668053613,6.975572685622863,2.0356734818493967e-10,9.470580908919948e-11,0.2563410258133241,0.0
UGC04895,Sb,Courteau97,70.9418668053613,7.595623591011563,2.0060904984224247e-10,9.297537449241148e-11,0.2058400603910578,0.0
UGC04895,Sb,Courteau97,70.9418668053613,8.215674496400261,2.1350989643282692e-10,8.096762078883905e-11,0.16939831688602988,0.0
UGC04895,Sb,Courteau97,70.9418668053613,8.83572540178896,1.8765215509741148e-10,4.9142363972376903e-11,0.3653459605698813,0.0
UGC04895,Sb,Courteau97,70.9418668053613,9.45577630717766,1.5580450345916435e-10,5.585145224512872e-11,0.26366022329856514,0.0
UGC04895,Sb,Courteau97,70.9418668053613,10.075827212566358,1.616070776090737e-10,6.559944925253771e-11,0.1458982872076558,0.0
UGC04895,Sb,Courteau97,70.9418668053613,10.540865391607882,1.330406174608403e-10,4.1213376190680644e-11,0.3138654322264254,0.0
UGC04895,Sb,Courteau97,70.9418668053613,11.527779749351563,1.3211714211727182e-10,3.8678341459743683e-11,0.26045836464019095,0.0
UGC04895,Sb,Courteau97,70.9418668053613,12.034154655419,8.21090155860637e-11,4.931416060460178e-11,0.1007429660233051,0.0
UGC04895,Sb,Courteau97,70.9418668053613,12.147830654740261,1.2236238535874762e-10,5.0267004210272724e-11,0.10689594719918495,0.0
UGC04900,Sbc,Courteau97,59.49968489285791,0.2708926187186387,9.166610412434464e-12,5.4615158822938395e-12,0.7053453054464937,0.0
UGC04900,Sbc,Courteau97,59.49968489285791,0.8753115131505588,7.624076511856061e-11,1.5808556716736286e-11,0.6654123191309292,0.0
UGC04900,Sbc,Courteau97,59.49968489285791,1.4899094029525126,1.3633676974216377e-10,2.3199580981194102e-11,0.6222590578998273,0.0
UGC04900,Sbc,Courteau97,59.49968489285791,2.03169464038979,9.243713949649577e-11,2.8952181181437867e-11,0.5476170861766516,0.0
UGC04900,Sbc,Courteau97,59.49968489285791,2.5734798778270673,8.774586560706437e-11,3.3584063479988264e-11,0.5114396288601856,0.0
UGC04900,Sbc,Courteau97,59.49968489285791,3.1152651152643447,6.701938650240073e-11,3.4486815739249903e-11,0.48209992919804756,0.0
UGC04900,Sbc,Courteau97,59.49968489285791,3.6570503527016225,8.501847926804656e-11,3.236522689424169e-11,0.4375285681376761,0.0
UGC04900,Sbc,Courteau97,59.49968489285791,4.198835590138899,7.694360429397063e-11,3.2942889757071135e-11,0.45234607180841463,0.0
UGC04900,Sbc,Courteau97,59.49968489285791,4.740620827576177,6.221578117726471e-11,2.7488525117553026e-11,0.4725079793676601,0.0
UGC04900,Sbc,Courteau97,59.49968489285791,5.355218717378131,7.036319332376919e-11,2.995799906271185e-11,0.331697835495436,0.0
UGC04900,Sbc,Courteau97,59.49968489285791,5.9596376118100505,5.5906662987599894e-11,3.0962909987847555e-11,0.3120115703304326,0.0
UGC04900,Sbc,Courteau97,59.49968489285791,6.425217198425973,2.636354160405992e-11,2.095635899955934e-11,0.41293136466544783,0.0
UGC04900,Sbc,Courteau97,59.49968489285791,7.132069074491553,4.1124697638508095e-11,2.1936507142675118e-11,0.32195842688640136,0.0
UGC04900,Sbc,Courteau97,59.49968489285791,7.7204396334812015,5.31496668040238e-11,1.3745361874506974e-11,0.5272114052550382,0.0
UGC04900,Sbc,Courteau97,59.49968489285791,8.26222487091848,6.421979851746971e-11,1.6252700781109706e-11,0.44951852023771016,0.0
UGC04900,Sbc,Courteau97,59.49968489285791,8.772953227320842,2.828528230835499e-11,2.1185205711208334e-11,0.3088111496604842,0.0
UGC04900,Sbc,Courteau97,59.49968489285791,10.387090154413013,1.6058132908577264e-11,8.324716127408851e-12,0.5501219070695391,0.0
UGC04900,Sbc,Courteau97,59.49968489285791,10.92887539185029,3.7247545158752663e-11,9.33645531821907e-12,0.5309261819040966,0.0
UGC04900,Sbc,Courteau97,59.49968489285791,11.33521431992825,4.943785549226324e-11,3.4227108677167488e-12,0.7917831518459839,0.0
UGC05185,Spiral,Courteau97,70.96375756000262,0.3874694204057887,7.543971331822575e-11,1.3351792879007882e-11,0.7903038462289289,0.0
UGC05185,Spiral,Courteau97,70.96375756000262,1.0320776379899643,1.963291149534409e-12,3.3590892447446604e-11,0.7268837568428637,0.0
UGC05185,Spiral,Courteau97,70.96375756000262,2.648881855865028,2.2197388492863145e-10,5.859733382017251e-11,0.6377240747604632,0.0
UGC05185,Spiral,Courteau97,70.96375756000262,3.423820696676605,2.400248995222869e-10,6.370151540395728e-11,0.6371610102090461,0.0
UGC05185,Spiral,Courteau97,70.96375756000262,4.4558983346665695,2.488551136639547e-10,8.057373707777083e-11,0.5457161685170986,0.0
UGC05185,Spiral,Courteau97,70.96375756000262,5.52813189440768,2.6458198727168274e-10,5.844339330954822e-11,0.6289799197250967,0.0
UGC05185,Spiral,Courteau97,70.96375756000262,6.483420138171769,2.524163262567191e-10,9.144142971133512e-11,0.44558056734011997,0.0
UGC05185,Spiral,Courteau97,70.96375756000262,7.465478996436621,2.2611687893996685e-10,3.3553864382860324e-11,0.7338129390687793,0.0
UGC05185,Spiral,Courteau97,70.96375756000262,8.420767240200712,1.9379442985697085e-10,6.165031735775397e-11,0.40509379842166254,0.0
UGC05185,Spiral,Courteau97,70.96375756000262,9.493000799941822,1.8015058804924232e-10,9.224313080590148e-11,0.3514864641914386,0.0
UGC05185,Spiral,Courteau97,70.96375756000262,10.461674350956294,1.6235716698349304e-10,8.595030709779099e-11,0.34905507178793876,0.0
UGC05185,Spiral,Courteau97,70.96375756000262,11.558917300559958,1.4972338486349487e-10,7.614869512530815e-11,0.3636233556980414,0.0
UGC05185,Spiral,Courteau97,70.96375756000262,12.464186764598937,1.6193018506631088e-10,9.429755264136154e-11,0.2509037702080247,0.0
UGC05185,Spiral,Courteau97,70.96375756000262,13.475716781809808,1.4020586163456352e-10,1.4310737886836898e-11,0.8049583055120959,0.0
UGC05185,Spiral,Courteau97,70.96375756000262,14.079229757835792,1.2652960624788214e-10,6.31867400486682e-11,0.3551132624858811,0.0
UGC05185,Spiral,Courteau97,70.96375756000262,15.56218090320704,1.2087247983276228e-10,5.445800251577859e-11,0.36126378934138087,0.0
UGC05185,Spiral,Courteau97,70.96375756000262,16.377275665769762,1.211496173001868e-10,3.021665991461236e-11,0.4970955158173095,0.0
UGC05185,Spiral,Courteau97,70.96375756000262,17.372719831284996,9.75044509351348e-11,3.652345647212098e-11,0.4602190585732661,0.0
UGC05185,Spiral,Courteau97,70.96375756000262,18.34139338229947,1.0960527412449708e-10,8.031546104623135e-11,0.1449050702829676,0.0
UGC05185,Spiral,Courteau97,70.96375756000262,19.31006693331394,1.3792824658778401e-10,2.5303696198541746e-11,0.546439423041331,0.0
UGC05185,Spiral,Courteau97,70.96375756000262,19.891271063922623,1.2740200383975797e-10,5.4767529339026524e-11,0.11201375421684578,0.0
UGC05359,SABb,Courteau97,73.09504879588401,1.0172175851453227,3.6850302316825084e-11,1.656688892562475e-11,0.7596798590912508,0.0
UGC05359,SABb,Courteau97,73.09504879588401,1.831461499721232,1.8373108560654184e-10,2.669803552690427e-11,0.6846721324939394,0.0
UGC05359,SABb,Courteau97,73.09504879588401,2.9071749690931568,2.194545851717596e-10,3.6133404133411595e-11,0.6218452074440397,0.0
UGC05359,SABb,Courteau97,73.09504879588401,4.0700449567304195,2.1508072332299418e-10,4.696726462868352e-11,0.5529997440986707,0.0
UGC05359,SABb,Courteau97,73.09504879588401,5.111929481007441,2.0733456865659102e-10,3.4740119332905034e-11,0.6108992041404001,0.0
UGC05359,SABb,Courteau97,73.09504879588401,6.379731844633521,2.1808402905634013e-10,5.5604087795959715e-11,0.35150424161457006,0.0
UGC05359,SABb,Courteau97,73.09504879588401,7.6068141817564765,1.5093424016749858e-10,3.132724569943242e-11,0.4983916725208326,0.0
UGC05359,SABb,Courteau97,73.09504879588401,8.76968416939374,1.3182412605760094e-10,4.0959176801664665e-11,0.4049223980469617,0.0
UGC05359,SABb,Courteau97,73.09504879588401,10.030047297408672,1.2577519234733593e-10,1.508748905731675e-11,0.6948704229305267,0.0
UGC05359,SABb,Courteau97,73.09504879588401,11.047264882553995,1.1910574580676976e-10,1.219241618116736e-11,0.7250351813042423,0.0
UGC05359,SABb,Courteau97,73.09504879588401,12.210134870191256,1.179589585958376e-10,1.0190475180260159e-11,0.7385028409379383,0.0
UGC05359,SABb,Courteau97,73.09504879588401,13.25201939446828,1.0923647284082119e-10,1.237991816198912e-11,0.6744977948716636,0.0
UGC05359,SABb,Courteau97,73.09504879588401,14.48771558335151,1.1955713861084728e-10,1.634881835373099e-11,0.540901462960594,0.0
UGC05359,SABb,Courteau97,73.09504879588401,15.650585570988774,9.877597481573619e-11,2.4871620875434296e-11,0.305207475827247,0.0
UGC05359,SABb,Courteau97,73.09504879588401,16.813455558626035,8.518903249354769e-11,3.258327382458496e-11,0.1529283658241603,0.0
UGC05359,SABb,Courteau97,73.09504879588401,19.2355140581291,9.092644017253381e-11,1.571294277606562e-11,0.31481203637282335,0.0
UGC05359,SABb,Courteau97,73.09504879588401,22.72412402104089,6.024147000854878e-11,1.5066796541123693e-11,0.16688014246989494,0.0
UGC05359,SABb,Courteau97,73.09504879588401,23.11174735025331,4.466487227934683e-11,1.2301427132387713e-11,0.24148366854059455,0.0
UGC05396,Scd:,Courteau97,74.88195664276769,0.3607163260853757,1.2450894851261464e-11,5.677270472862865e-12,0.7323569884462539,0.0
UGC05396,Scd:,Courteau97,74.88195664276769,1.082148978256127,1.4559100696579906e-11,1.39560524037986e-11,0.7028884557888617,0.0
UGC05396,Scd:,Courteau97,74.88195664276769,1.7472515859695055,3.4719736705847744e-11,1.7071053831169038e-11,0.6866118192600901,0.0
UGC05396,Scd:,Courteau97,74.88195664276769,2.404775507235838,5.851261377424533e-11,1.842365800681081e-11,0.6616250059903411,0.0
UGC05396,Scd:,Courteau97,74.88195664276769,3.1262081594065894,5.591508368390704e-11,1.8495418110037025e-11,0.6844135706513885,0.0
UGC05396,Scd:,Courteau97,74.88195664276769,3.7837320806729218,9.326353041320115e-11,1.96949678880539e-11,0.6701701129106326,0.0
UGC05396,Scd:,Courteau97,74.88195664276769,4.4488346883863,8.861898600412981e-11,2.970217152395094e-11,0.5388413860241783,0.0
UGC05396,Scd:,Courteau97,74.88195664276769,5.170267340557051,8.094413087583389e-11,2.2303507695744255e-11,0.5736910935078984,0.0
UGC05396,Scd:,Courteau97,74.88195664276769,5.891699992727802,9.30806751950993e-11,3.6750177559087635e-11,0.4119215097798576,0.0
UGC05396,Scd:,Courteau97,74.88195664276769,6.556802600441182,8.466132196055196e-11,3.355298367684592e-11,0.4284433223306954,0.0
UGC05396,Scd:,Courteau97,74.88195664276769,7.214326521707513,8.276765379350691e-11,3.3585673505174516e-11,0.3988681198832943,0.0
UGC05396,Scd:,Courteau97,74.88195664276769,7.935759173878265,1.0024381606896593e-10,3.384461308036699e-11,0.3596327249103175,0.0
UGC05396,Scd:,Courteau97,74.88195664276769,8.557539386468864,1.0381612396034984e-10,4.05100097691311e-11,0.23594352819803643,0.0
UGC05396,Scd:,Courteau97,74.88195664276769,9.258385702857977,8.913688024895126e-11,2.7404462954235375e-11,0.20212242424439714,0.0
UGC05396,Scd:,Courteau97,74.88195664276769,9.979818355028728,7.849043317490503e-11,1.6926900535840777e-11,0.505959538229622,0.0
UGC05396,Scd:,Courteau97,74.88195664276769,10.680664671417839,8.313052269702967e-11,2.664461944574111e-11,0.24835175839706267,0.0
UGC05396,Scd:,Courteau97,74.88195664276769,11.38151098780695,9.2306407889086e-11,3.091205279199083e-11,0.128584925617192,0.0
UGC05396,Scd:,Courteau97,74.88195664276769,12.102943639977703,6.362173427483253e-11,1.481941235201093e-11,0.3939854980822207,0.0
UGC05396,Scd:,Courteau97,74.88195664276769,12.944615067510245,7.252526924948872e-11,1.8649122008299076e-11,0.20574357200328225,0.0
UGC05396,Scd:,Courteau97,74.88195664276769,13.425570168957412,7.85645839652303e-11,1.234578342780756e-11,0.36654156024247303,0.0
UGC05396,Scd:,Courteau97,74.88195664276769,13.78628649504279,7.401896379157324e-11,2.1296015460207382e-11,0.1065388230769491,0.0
UGC05424,Scd:,Courteau97,74.20176689392983,0.33623211564411476,7.285502266115953e-12,1.9896130712975446e-12,0.8067945561547493,0.0
UGC05424,Scd:,Courteau97,74.20176689392983,1.217886214335927,6.979130983103385e-11,7.065290617081346e-12,0.7116188501253372,0.0
UGC05424,Scd:,Courteau97,74.20176689392983,2.0995403130277395,1.2616652597597706e-10,1.0355908069476086e-11,0.6607863120738241,0.0
UGC05424,Scd:,Courteau97,74.20176689392983,2.772004544315969,7.493805578015571e-11,1.1563957514588755e-11,0.6421796915592556,0.0
UGC05424,Scd:,Courteau97,74.20176689392983,3.653658643007781,5.792806816784042e-11,1.3815689083405573e-11,0.5903371339938555,0.0
UGC05424,Scd:,Courteau97,74.20176689392983,4.384390371609337,8.107974534892394e-11,1.7167837552777334e-11,0.49901166645152484,0.0
UGC05424,Scd:,Courteau97,74.20176689392983,5.115122100210893,8.568071134159342e-11,1.691325463649013e-11,0.40032194958369266,0.0
UGC05424,Scd:,Courteau97,74.20176689392983,6.089431071679635,6.101443320830231e-11,1.1309006848938252e-11,0.5346656744340599,0.0
UGC05424,Scd:,Courteau97,74.20176689392983,6.820162800281191,7.60518296511687e-11,1.554186189506955e-11,0.33860492690968474,0.0
UGC05424,Scd:,Courteau97,74.20176689392983,7.4582396561058175,8.375097162048943e-11,1.2543807676872134e-11,0.3545418983361336,0.0
UGC05424,Scd:,Courteau97,74.20176689392983,8.490816124887886,1.3097340518283815e-10,1.6028671563289037e-11,0.3089348413710303,0.0
UGC05424,Scd:,Courteau97,74.20176689392983,9.221547853489442,5.497138632653698e-11,1.7401029170920972e-11,0.2272041729026792,0.0
UGC05424,Scd:,Courteau97,74.20176689392983,9.952279582090998,3.3763908997584306e-11,1.1785331081466203e-11,0.22684805071340455,0.0
UGC05424,Scd:,Courteau97,74.20176689392983,10.92658855355974,3.7181420949841746e-11,9.667608102969966e-12,0.24880142989083376,0.0
UGC05424,Scd:,Courteau97,74.20176689392983,11.482517790221316,4.7295644548504156e-11,9.931549998779527e-12,0.306073422077256,0.0
UGC05424,Scd:,Courteau97,74.20176689392983,12.422439386226454,7.447353657350226e-11,1.0980094298385077e-11,0.20982533029074682,0.0
UGC05424,Scd:,Courteau97,74.20176689392983,13.11878373936441,1.0311033700009019e-10,4.8122214542557226e-12,0.5156187706314529,0.0
UGC05424,Scd:,Courteau97,74.20176689392983,14.823824439434707,4.386305453891537e-11,1.0072303228925209e-11,0.12861500179260069,0.0
UGC05424,Scd:,Courteau97,74.20176689392983,15.554556168036264,2.7280703222510907e-11,5.19484943257965e-12,0.3572317762375559,0.0
UGC05424,Scd:,Courteau97,74.20176689392983,16.041710653770632,1.8389395114289022e-11,6.807491922038618e-12,0.12252528850631114,0.0
UGC05573,Scd:,Courteau97,57.28879082700657,0.8746252820400943,3.679558193999845e-10,2.9067174879781464e-11,0.7156010066424229,0.0
UGC05573,Scd:,Courteau97,57.28879082700657,1.6797134867282382,2.989942779583621e-10,4.9658748068658215e-11,0.6357035349634077,0.0
UGC05573,Scd:,Courteau97,57.28879082700657,2.918555284083236,2.8430302589946904e-10,6.314052826301916e-11,0.5555755717186913,0.0
UGC05573,Scd:,Courteau97,57.28879082700657,3.9289065840666137,2.069755930138811e-10,6.714058397012936e-11,0.5206479465620817,0.0
UGC05573,Scd:,Courteau97,57.28879082700657,5.216858334554691,1.8632950839095453e-10,7.542661989147216e-11,0.4264124702021883,0.0
UGC05573,Scd:,Courteau97,57.28879082700657,6.391638513562651,1.4420443414479077e-10,5.7913247199209575e-11,0.4826726089106787,0.0
UGC05573,Scd:,Courteau97,57.28879082700657,7.425580037815433,1.59736246631967e-10,4.807987008723212e-11,0.3933533257538271,0.0
UGC05573,Scd:,Courteau97,57.28879082700657,8.71937006950144,1.4472161131991696e-10,3.0769155232457124e-11,0.6257313432824442,0.0
UGC05573,Scd:,Courteau97,57.28879082700657,9.868112604659055,1.3352022246768963e-10,3.9607287335675376e-11,0.3876466838361057,0.0
UGC05573,Scd:,Courteau97,57.28879082700657,11.040453449986854,1.0904809798043373e-10,6.724823973713378e-11,0.233902414444324,0.0
UGC05573,Scd:,Courteau97,57.28879082700657,12.219308922987421,9.75203361049444e-11,6.219263637097032e-11,0.22236636930353781,0.0
UGC05573,Scd:,Courteau97,57.28879082700657,13.30488278882197,8.427590084499019e-11,6.303978169718558e-11,0.16224765855092596,0.0
UGC05573,Scd:,Courteau97,57.28879082700657,14.490419871645699,7.062125331269145e-11,3.901626109405185e-11,0.1692649386539133,0.0
UGC05573,Scd:,Courteau97,57.28879082700657,15.535612274743656,8.190673144760789e-11,2.2752704645701234e-11,0.46362312497592917,0.0
UGC05573,Scd:,Courteau97,57.28879082700657,16.743244581775873,7.672593316864631e-11,3.0426848252739215e-11,0.24513466939858283,0.0
UGC05573,Scd:,Courteau97,57.28879082700657,17.533331614670452,6.88612786794504e-11,3.019053484014961e-11,0.12244064559891021,0.0
UGC05573,Scd:,Courteau97,57.28879082700657,21.569786156643158,5.533519979478589e-11,2.775322827750664e-11,0.06765655542855448,0.0
UGC05573,Scd:,Courteau97,57.28879082700657,22.438240070540328,5.401711388121823e-11,1.8148070964247717e-11,0.16463648708015832,0.0
UGC05573,Scd:,Courteau97,57.28879082700657,23.167695785033818,3.808902098095106e-11,1.138974999996474e-11,0.395552015987838,0.0
UGC05607,Sb,Courteau97,73.59714339950204,0.8678575230892298,6.875260620841081e-10,5.2710452783732906e-11,0.6006998227303192,0.0
UGC05607,Sb,Courteau97,73.59714339950204,3.4981575885390157,3.4323298431145245e-10,7.872295239424525e-11,0.38117449565095907,0.0
UGC05607,Sb,Courteau97,73.59714339950204,4.748585155019029,2.2757797443640329e-10,6.69883015070003e-11,0.3852851443726408,0.0
UGC05607,Sb,Courteau97,73.59714339950204,6.1468000533294544,1.5162882851183718e-10,4.814919442838892e-11,0.33984806682835444,0.0
UGC05607,Sb,Courteau97,73.59714339950204,7.471121285724674,1.4312869124330466e-10,4.8349123131941755e-11,0.3044860086756146,0.0
UGC05607,Sb,Courteau97,73.59714339950204,8.795442518119893,1.292024491400771e-10,2.4985994085618134e-11,0.5655118276556222,0.0
UGC05607,Sb,Courteau97,73.59714339950204,10.206759130245072,1.1892259416821367e-10,4.7529066858231894e-11,0.2381613058492951,0.0
UGC05607,Sb,Courteau97,73.59714339950204,11.140649290960656,1.373026401335157e-10,4.954553815163686e-11,0.1608912781649274,0.0
UGC05607,Sb,Courteau97,73.59714339950204,17.49864897098393,4.8601413601241495e-11,1.3231082666040152e-11,0.2744483352161337,0.0
UGC05607,Sb,Courteau97,73.59714339950204,17.96559405134172,5.162724881261666e-11,1.998595214935278e-11,0.10826179561091046,0.0
UGC05607,Sb,Courteau97,73.59714339950204,26.394188582648535,3.321090349490272e-11,8.980958824787823e-12,0.051986637023615,0.0
UGC05607,Sb,Courteau97,73.59714339950204,27.172430383244855,5.449550438270269e-11,7.398540897242095e-12,0.09289038711239059,0.0
UGC05654,Sbc,Courteau97,57.533722344792096,0.38205975419969457,1.880382714824498e-10,4.838980189958919e-12,0.7902140332129213,0.0
UGC05654,Sbc,Courteau97,57.533722344792096,1.409508641795748,2.0785368076725806e-10,1.689943242733855e-11,0.6622797456686793,0.0
UGC05654,Sbc,Courteau97,57.533722344792096,2.255213826873197,1.3258061798414779e-10,2.3890934968686565e-11,0.5804761744226822,0.0
UGC05654,Sbc,Courteau97,57.533722344792096,3.100919011950646,1.6327202722520016e-10,2.983486111011597e-11,0.5204145823914865,0.0
UGC05654,Sbc,Courteau97,57.533722344792096,3.96519654619058,1.260500754029749e-10,2.4376324326051684e-11,0.544091701307429,0.0
UGC05654,Sbc,Courteau97,57.533722344792096,7.348017286500376,1.0795013192964338e-10,2.9003135520071635e-11,0.3223507047021812,0.0
UGC05654,Sbc,Courteau97,57.533722344792096,7.911820743218676,1.0399672584852397e-10,2.5457694147584174e-11,0.2893748081657372,0.0
UGC05654,Sbc,Courteau97,57.533722344792096,8.45705185077449,6.573224470015866e-11,1.2789466730648128e-11,0.5800434858598075,0.0
UGC05654,Sbc,Courteau97,57.533722344792096,14.640317525513296,5.0260740247290604e-11,1.2975758843941273e-11,0.22697704086989084,0.0
UGC05654,Sbc,Courteau97,57.533722344792096,15.486022710590746,4.0572451429300794e-11,1.6107723198455522e-11,0.10518458046798987,0.0
UGC05654,Sbc,Courteau97,57.533722344792096,16.331727895668195,3.3236714500574606e-11,8.924928998795606e-12,0.2948910500099867,0.0
UGC05654,Sbc,Courteau97,57.533722344792096,18.624086420866362,6.044746594599876e-11,1.1077251206591177e-11,0.07416768663068074,0.0
UGC05696,Sb,Courteau97,57.28879082700657,0.45377499818195044,4.245760961123169e-10,3.3761999457374416e-11,0.7525874163167988,0.0
UGC05696,Sb,Courteau97,57.28879082700657,1.5875249557607933,7.04170516026325e-10,9.902444790740118e-11,0.6363798833836589,0.0
UGC05696,Sb,Courteau97,57.28879082700657,2.6472500020200553,5.800772430617649e-10,1.3679067554680157e-10,0.5600596685221975,0.0
UGC05696,Sb,Courteau97,57.28879082700657,3.8570874845465783,4.771907957059183e-10,1.5653514903427415e-10,0.4695671874116552,0.0
UGC05696,Sb,Courteau97,57.28879082700657,4.7648666602024905,3.968674996652003e-10,1.5864895355654922e-10,0.4493322888938938,0.0
UGC05696,Sb,Courteau97,57.28879082700657,5.672875015150413,4.4154211426490777e-10,1.6947621852788523e-10,0.35667609232044295,0.0
UGC05696,Sb,Courteau97,57.28879082700657,7.0331687028822145,2.3639920224824334e-10,1.3614818001537858e-10,0.37483298759395295,0.0
UGC05696,Sb,Courteau97,57.28879082700657,8.243349954346755,2.7024284877685663e-10,1.3353802280923771e-10,0.27567270374437813,0.0
UGC05696,Sb,Courteau97,57.28879082700657,9.000099976567363,2.6057766743896425e-10,1.0580076998027008e-10,0.28911275007619913,0.0
UGC05696,Sb,Courteau97,57.28879082700657,10.21062499696992,1.7841781378833297e-10,9.834444572644497e-11,0.33370806623154414,0.0
UGC05696,Sb,Courteau97,57.28879082700657,11.345062492424795,1.3664552600488127e-10,7.605470267923653e-11,0.38907822260706043,0.0
UGC05696,Sb,Courteau97,57.28879082700657,12.252612488788696,1.406070064856398e-10,9.591735308945162e-11,0.26830527567460744,0.0
UGC05696,Sb,Courteau97,57.28879082700657,13.38704998424357,1.600205505750887e-10,9.859147660129017e-11,0.22372325029681683,0.0
UGC05696,Sb,Courteau97,57.28879082700657,14.294599980607472,1.292384838552007e-10,1.7228787209361926e-11,0.7806600016114623,0.0
UGC05696,Sb,Courteau97,57.28879082700657,19.965412382129784,8.438535220553513e-11,5.221980277381631e-11,0.1988556946034028,0.0
UGC05696,Sb,Courteau97,57.28879082700657,21.553624875766612,9.168492758230768e-11,6.069575220513556e-11,0.10206688231688871,0.0
UGC05715,Sbc,Courteau97,50.38304722247262,0.37309606574067344,1.8977971880881194e-11,4.9458600106888986e-11,0.7031675643772848,0.0
UGC05715,Sbc,Courteau97,50.38304722247262,1.1192881972220203,1.1035175758556472e-10,1.319237388441092e-10,0.634083715487056,0.0
UGC05715,Sbc,Courteau97,50.38304722247262,2.052028361573704,3.511910222759969e-10,1.88826354271989e-10,0.5444281507962987,0.0
UGC05715,Sbc,Courteau97,50.38304722247262,2.8909292124209154,3.98430433153063e-10,2.258035906283457e-10,0.45442998768741594,0.0
UGC05715,Sbc,Courteau97,50.38304722247262,3.730960657406734,3.4710339087166667e-10,2.0365963368886067e-10,0.41951006604615004,0.0
UGC05715,Sbc,Courteau97,50.38304722247262,4.477152788888081,3.45525745276867e-10,1.80510387973047e-10,0.4350155115973707,0.0
UGC05715,Sbc,Courteau97,50.38304722247262,5.317184233873901,2.9578246304107946e-10,1.800176842882797e-10,0.3901305829054868,0.0
UGC05715,Sbc,Courteau97,50.38304722247262,6.156085084721112,2.5834366785352553e-10,1.8825635919058278e-10,0.2595155722544215,0.0
UGC05715,Sbc,Courteau97,50.38304722247262,6.902277216202458,2.138556510716313e-10,1.7630552901048907e-10,0.26316916802267826,0.0
UGC05715,Sbc,Courteau97,50.38304722247262,7.7411780670496695,1.8028936429530774e-10,1.308892451971327e-10,0.3224416231918426,0.0
UGC05715,Sbc,Courteau97,50.38304722247262,8.613243012629384,1.3266455742381607e-10,9.858756666998406e-11,0.3766368641506214,0.0
UGC05715,Sbc,Courteau97,50.38304722247262,9.423502145298526,1.730607962986981e-10,9.261313837961353e-11,0.3468286869640279,0.0
UGC05715,Sbc,Courteau97,50.38304722247262,10.167433088502653,1.4899222757175954e-10,1.0891899928035981e-10,0.2274629084042799,0.0
UGC05715,Sbc,Courteau97,50.38304722247262,11.006333939349865,1.32847017273343e-10,1.168801713191851e-10,0.14585637295114093,0.0
UGC05715,Sbc,Courteau97,50.38304722247262,11.845234790197077,1.3354314375275012e-10,7.15515140291143e-11,0.20596584691407163,0.0
UGC05715,Sbc,Courteau97,50.38304722247262,12.653232734589002,1.2786006190034876e-10,6.195496055035702e-11,0.2916172508768978,0.0
UGC05715,Sbc,Courteau97,50.38304722247262,13.521905897752891,1.0492871191541998e-10,7.36675911530942e-11,0.14656859734068003,0.0
UGC05715,Sbc,Courteau97,50.38304722247262,14.268098029234238,1.0580429439295127e-10,4.4016864443956196e-11,0.32587011228125173,0.0
UGC05715,Sbc,Courteau97,50.38304722247262,15.014290160715586,8.020874603361247e-11,5.6408710337300744e-11,0.15865248838100335,0.0
UGC05715,Sbc,Courteau97,50.38304722247262,15.573934259326595,7.426537528405602e-11,3.5885519788074515e-11,0.3609657742645211,0.0
UGC05715,Sbc,Courteau97,50.38304722247262,16.320126390807943,7.077987775243121e-11,5.436109658869918e-11,0.09859029520411378,0.0
UGC05788,Sb,Courteau97,57.81519883984667,0.2386063922623809,2.9337524456136834e-10,8.930947339713317e-12,0.7885065400659301,0.0
UGC05788,Sb,Courteau97,57.81519883984667,0.7803832593993163,3.860603304916879e-10,4.017091616699124e-11,0.6859152807977362,0.0
UGC05788,Sb,Courteau97,57.81519883984667,2.285007097665624,3.7136581963401065e-10,8.129527504589478e-11,0.5370932562778211,0.0
UGC05788,Sb,Courteau97,57.81519883984667,2.9643335321067554,3.955908766412161e-10,8.556552209615749e-11,0.5231535017869644,0.0
UGC05788,Sb,Courteau97,57.81519883984667,3.5790958839357137,2.8800703068691774e-10,8.489767751167027e-11,0.5056722673910867,0.0
UGC05788,Sb,Courteau97,57.81519883984667,4.294915060722856,2.6427268550686193e-10,8.867829893575789e-11,0.4583394053280623,0.0
UGC05788,Sb,Courteau97,57.81519883984667,5.010734237509999,2.8569242928402265e-10,8.27034555547695e-11,0.3793011327739853,0.0
UGC05788,Sb,Courteau97,57.81519883984667,5.625496589338957,1.9679163839468662e-10,8.799708529325419e-11,0.37316311719191664,0.0
UGC05788,Sb,Courteau97,57.81519883984667,6.442372591084284,1.0282470073113782e-10,5.1873653012938694e-11,0.5441500357999043,0.0
UGC05788,Sb,Courteau97,57.81519883984667,6.919585375609046,1.3205953813510257e-10,7.23487153983093e-11,0.40003231285197643,0.0
UGC05788,Sb,Courteau97,57.81519883984667,7.5343477274380035,2.177330166437134e-10,7.962965637348754e-11,0.32817517184619677,0.0
UGC05788,Sb,Courteau97,57.81519883984667,8.213674161879135,2.202439497364231e-10,8.430367848707826e-11,0.260363727259952,0.0
UGC05788,Sb,Courteau97,57.81519883984667,8.763872431095919,1.7305936007183496e-10,3.877943432632867e-11,0.5151811605735181,0.0
UGC05788,Sb,Courteau97,57.81519883984667,9.479691607883062,1.2825148955210126e-10,3.888097341455655e-11,0.5031141439427702,0.0
UGC05788,Sb,Courteau97,57.81519883984667,10.195510784670205,6.149478294490478e-11,5.413561177655399e-11,0.3187690673227293,0.0
UGC05788,Sb,Courteau97,57.81519883984667,10.911329961457348,1.0189154359204443e-10,6.879039314346313e-11,0.1775284340793893,0.0
UGC05788,Sb,Courteau97,57.81519883984667,11.55416365355247,9.328785228758611e-11,2.943070368797435e-11,0.49224423699673014,0.0
UGC05788,Sb,Courteau97,57.81519883984667,12.168926005381426,1.1437567698232777e-10,5.1956435705689925e-11,0.20392029781062831,0.0
UGC05788,Sb,Courteau97,57.81519883984667,12.710702872518361,1.266547235745951e-10,2.6022530917506416e-11,0.4733793549862267,0.0
UGC05788,Sb,Courteau97,57.81519883984667,13.187915657043122,1.3519247690405853e-10,5.144458236838062e-11,0.15689433655856622,0.0
UGC05869,SAB(rs)b:,Mathewson96,55.60563077841138,0.46847040942476903,1.9783973099869908e-11,2.6600010465896303e-11,0.6068980062206635,0.0
UGC05869,SAB(rs)b:,Mathewson96,55.60563077841138,1.4054112282743072,3.2291600887110874e-11,6.170157369950937e-11,0.5011913062191772,0.0
UGC05869,SAB(rs)b:,Mathewson96,55.60563077841138,2.3423520471238453,1.4332834352656032e-10,6.243616241387031e-11,0.44804539141939986,0.0
UGC05869,SAB(rs)b:,Mathewson96,55.60563077841138,3.52772414369864,1.7956567060767087e-10,5.2657660822162026e-11,0.4648668368086609,0.0
UGC05869,SAB(rs)b:,Mathewson96,55.60563077841138,4.216233684822922,1.202855246502704e-10,4.912444777200093e-11,0.4284021799327842,0.0
UGC05869,SAB(rs)b:,Mathewson96,55.60563077841138,5.15317450367246,1.6544874244839043e-10,5.6512405512419693e-11,0.3464369037524154,0.0
UGC05869,SAB(rs)b:,Mathewson96,55.60563077841138,6.090115322521998,4.447038230112516e-11,3.946890622645026e-11,0.4275811572143124,0.0
UGC05869,SAB(rs)b:,Mathewson96,55.60563077841138,7.027056141371537,4.594038774306258e-11,5.1954350379521286e-11,0.26839609645565504,0.0
UGC05869,SAB(rs)b:,Mathewson96,55.60563077841138,8.21242823794633,6.038725050399758e-11,3.517102864796294e-11,0.21652366838490514,0.0
UGC05869,SAB(rs)b:,Mathewson96,55.60563077841138,9.14936905679587,8.73796664360186e-11,3.9600081795312387e-11,0.20325597508360996,0.0
UGC05869,SAB(rs)b:,Mathewson96,55.60563077841138,9.837878597920152,6.496337893077967e-11,1.958003059182985e-11,0.4509302521756943,0.0
UGC05869,SAB(rs)b:,Mathewson96,55.60563077841138,10.77481941676969,3.80117170315339e-11,1.6184301795027838e-11,0.4915255489039548,0.0
UGC05869,SAB(rs)b:,Mathewson96,55.60563077841138,11.463328957893971,7.461347404994685e-11,2.2770069355045752e-11,0.3065459857311564,0.0
UGC05869,SAB(rs)b:,Mathewson96,55.60563077841138,12.400269776743508,1.998572833442502e-11,2.5532973175867945e-11,0.21419409455633137,0.0
UGC05869,SAB(rs)b:,Mathewson96,55.60563077841138,13.83407315104356,2.5851617160456744e-11,1.9135887564147245e-11,0.25374220192962005,0.0
UGC05869,SAB(rs)b:,Mathewson96,55.60563077841138,14.771013969893097,6.457274414548728e-11,2.4937609779211617e-11,0.11873527024448396,0.0
UGC05869,SAB(rs)b:,Mathewson96,55.60563077841138,15.45952351101738,2.251047206702611e-11,1.403087345895052e-11,0.2999367064649607,0.0
UGC05869,SAB(rs)b:,Mathewson96,55.60563077841138,16.396464329866916,4.015197877220234e-11,1.9018203625852434e-11,0.12383882929022987,0.0
UGC05869,SAB(rs)b:,Mathewson96,55.60563077841138,17.0849738709912,3.026320511769561e-11,1.1462090446613411e-11,0.2981283173266844,0.0
UGC05869,SAB(rs)b:,Mathewson96,55.60563077841138,18.490385099265506,3.639980387958951e-11,1.2026440110432994e-11,0.18439194366248143,0.0
UGC05897,SAc,Courteau97,74.95123273150598,0.367712345930397,1.012407548502991e-10,1.2313434550860306e-11,0.548649785191826,0.0
UGC05897,SAc,Courteau97,74.95123273150598,1.0755111628245217,2.2891435006278676e-10,2.772090850910154e-11,0.4966386570107747,0.0
UGC05897,SAc,Courteau97,74.95123273150598,1.7235593595617287,1.7781910406063364e-10,2.9575365726234485e-11,0.4650965997182979,0.0
UGC05897,SAc,Courteau97,74.95123273150598,2.560068041758579,1.0750417713385171e-10,2.4784911737114695e-11,0.4954788896806084,0.0
UGC05897,SAc,Courteau97,74.95123273150598,3.1920689290822137,1.308495041921141e-10,2.2066741110676078e-11,0.5179803121727966,0.0
UGC05897,SAc,Courteau97,74.95123273150598,4.03869203558529,1.3419310868783634e-10,2.2872439944093897e-11,0.42536890663380017,0.0
UGC05897,SAc,Courteau97,74.95123273150598,4.660548372239594,1.1168435744338e-10,1.9521346880644164e-11,0.5022105206729289,0.0
UGC05897,SAc,Courteau97,74.95123273150598,5.159220018584507,9.162179706785361e-11,1.715491865364304e-11,0.5255800300400605,0.0
UGC05897,SAc,Courteau97,74.95123273150598,6.301440991443046,7.756506747375212e-11,1.2879826724728783e-11,0.5766541052622703,0.0
UGC05897,SAc,Courteau97,74.95123273150598,6.8391965728553075,7.781688134979817e-11,1.5171224267077414e-11,0.5035861188510555,0.0
UGC05897,SAc,Courteau97,74.95123273150598,7.59753738491746,6.47189309242994e-11,1.2105796069119158e-11,0.550560070077089,0.0
UGC05897,SAc,Courteau97,74.95123273150598,8.097333748818267,6.730004104935899e-11,1.994200008322433e-11,0.33448515894219866,0.0
UGC05897,SAc,Courteau97,74.95123273150598,9.976104131093495,4.1479848969162066e-11,1.3639258346988365e-11,0.3847281854040469,0.0
UGC05897,SAc,Courteau97,74.95123273150598,10.69311157297651,9.272581753669544e-11,1.8649365998399248e-11,0.2192885282753449,0.0
UGC05897,SAc,Courteau97,74.95123273150598,11.113615349186725,8.246351559710449e-11,9.914116574354594e-12,0.4531693509809518,0.0
UGC05897,SAc,Courteau97,74.95123273150598,11.802996916103071,5.176207409782574e-11,1.6091162906373002e-11,0.21441232234071025,0.0
UGC05897,SAc,Courteau97,74.95123273150598,14.31252296269362,2.7605331689005324e-11,1.273531223420209e-11,0.16320264130630155,0.0
UGC05929,Sbc,Courteau97,64.48033004557276,0.34628783522814505,4.667609695866919e-11,5.108189667551363e-12,0.7717881979852466,0.0
UGC05929,Sbc,Courteau97,64.48033004557276,1.0406765309997654,6.543222932765868e-11,1.5199896598331772e-11,0.681592289645327,0.0
UGC05929,Sbc,Courteau97,64.48033004557276,1.7332522014560554,1.2833474408385565e-10,2.3304477203064484e-11,0.6172955943001288,0.0
UGC05929,Sbc,Courteau97,64.48033004557276,2.542768004751169,1.0003616130842331e-10,2.9906191706611725e-11,0.535988759286956,0.0
UGC05929,Sbc,Courteau97,64.48033004557276,3.3522838080462827,7.555560683458192e-11,3.212557974849062e-11,0.47296456238595086,0.0
UGC05929,Sbc,Courteau97,64.48033004557276,4.043952965844907,7.781096129882243e-11,3.2222740713153014e-11,0.43039863639814235,0.0
UGC05929,Sbc,Courteau97,64.48033004557276,4.739248174274194,6.208983782861959e-11,2.3612310753757986e-11,0.5256355188733537,0.0
UGC05929,Sbc,Courteau97,64.48033004557276,5.431823844730483,4.8892321833424425e-11,3.442433027036278e-11,0.34679138223586403,0.0
UGC05929,Sbc,Courteau97,64.48033004557276,6.126212540502103,3.093479802602897e-11,2.8686927367542622e-11,0.3937693029673137,0.0
UGC05929,Sbc,Courteau97,64.48033004557276,6.7036611034349,3.445860920838898e-11,2.8520488820327795e-11,0.35369972777018155,0.0
UGC05929,Sbc,Courteau97,64.48033004557276,7.5140834193876795,5.335790440024865e-11,1.9744418292130755e-11,0.4477284296972949,0.0
UGC05929,Sbc,Courteau97,64.48033004557276,8.207565602501635,5.4162116146084417e-11,1.999072272571597e-11,0.3997059578941299,0.0
UGC05929,Sbc,Courteau97,64.48033004557276,9.015268380481418,3.458081475325612e-11,1.845880687823685e-11,0.38388106934347543,0.0
UGC05929,Sbc,Courteau97,64.48033004557276,9.8229711584612,1.4459018179303393e-11,1.9387697100606594e-11,0.31775648312563676,0.0
UGC05929,Sbc,Courteau97,64.48033004557276,12.134578435507718,3.39280458457635e-11,1.0936744559729708e-11,0.43872809149646447,0.0
UGC05929,Sbc,Courteau97,64.48033004557276,12.596899890917022,6.451522774745953e-11,1.5406573366042427e-11,0.19107028327696404,0.0
UGC05929,Sbc,Courteau97,64.48033004557276,13.290382074030978,8.874929093181508e-11,1.1052207096181884e-11,0.37521135998638766,0.0
UGC05929,Sbc,Courteau97,64.48033004557276,13.983864257144933,6.640072204039632e-11,1.8773990255696284e-11,0.13366671655297918,0.0
UGC05929,Sbc,Courteau97,64.48033004557276,14.446185712554236,4.5204078995181756e-11,1.2738786547523793e-11,0.24679912545781355,0.0
UGC05974,Scd:,Courteau97,67.75526490047194,0.1587022519574334,4.5298898878212155e-11,3.501676580864106e-12,0.0,0.0
UGC05974,Scd:,Courteau97,67.75526490047194,0.48720083387874824,8.438785304277064e-11,9.731388454729861e-12,0.2518830944699397,0.0
UGC05974,Scd:,Courteau97,67.75526490047194,0.731589917270086,6.101335578012884e-11,1.2095504106814912e-11,0.20735001775796016,0.0
UGC05974,Scd:,Courteau97,67.75526490047194,1.0216956504173433,4.894185184953989e-11,1.2223512937276191e-11,0.21006275747857184,0.0
UGC05974,Scd:,Courteau97,67.75526490047194,1.3004536882166147,2.53580573113239e-11,1.0994065223889823e-11,0.17817433549423806,0.0
UGC05974,Scd:,Courteau97,67.75526490047194,1.6326151310207744,1.4146966665890559e-10,9.090312275230082e-12,0.20687913208542832,0.0
UGC05974,Scd:,Courteau97,67.75526490047194,3.5154094005284464,3.782226078231259e-11,4.140991977014139e-12,0.13388890426449804,0.0
UGC05974,Scd:,Courteau97,67.75526490047194,3.631454294233147,4.582078194437353e-11,3.856918896625091e-12,0.12594488779662844,0.0
UGC06292,SB(s)b,SCII,64.79575511931607,0.7352571071194822,1.5631179809336058e-10,2.330153393970701e-11,0.754145599032577,0.0
UGC06292,SB(s)b,SCII,64.79575511931607,2.196056519525853,1.719488566511072e-10,5.5630979603122435e-11,0.6503046861653342,0.0
UGC06292,SB(s)b,SCII,64.79575511931607,3.5594522609264785,1.5646817576046887e-10,7.077215777541507e-11,0.5753123935102973,0.0
UGC06292,SB(s)b,SCII,64.79575511931607,4.922848002327103,1.4715304848922908e-10,7.01677203575733e-11,0.4595771313123456,0.0
UGC06292,SB(s)b,SCII,64.79575511931607,6.383647414733474,1.4056020684881964e-10,4.584326887841153e-11,0.614337525008503,0.0
UGC06292,SB(s)b,SCII,64.79575511931607,7.854161628972439,1.3031806575163026e-10,3.236916926713888e-11,0.6584100008829809,0.0
UGC06292,SB(s)b,SCII,64.79575511931607,9.212699969456766,1.1364096083703252e-10,5.330116336451538e-11,0.46067619875837024,0.0
UGC06292,SB(s)b,SCII,64.79575511931607,10.744570826848957,8.56345990428315e-11,7.83986983453526e-11,0.22011231524885017,0.0
UGC06292,SB(s)b,SCII,64.79575511931607,12.04175252418006,6.262626042349514e-11,5.984663180738179e-11,0.2664677056994508,0.0
UGC06292,SB(s)b,SCII,64.79575511931607,13.50255193658643,5.1169598531026e-11,3.7916477588280575e-11,0.37684925184934864,0.0
UGC06292,SB(s)b,SCII,64.79575511931607,14.71741347102029,4.1386621554412106e-11,3.9994680309470565e-11,0.297110521266308,0.0
UGC06292,SB(s)b,SCII,64.79575511931607,16.229343419387682,5.090757459942935e-11,3.1794431790847906e-11,0.3303283511256739,0.0
UGC06292,SB(s)b,SCII,64.79575511931607,17.617111382929725,4.892086830798129e-11,3.5172125378842664e-11,0.2552683493732276,0.0
UGC06292,SB(s)b,SCII,64.79575511931607,19.14122744236783,3.593820741791093e-11,4.099744077154858e-11,0.18207809905840258,0.0
UGC06292,SB(s)b,SCII,64.79575511931607,20.606884255690495,3.264150310285691e-11,8.733351140715152e-12,0.6901775201922291,0.0
UGC06292,SB(s)b,SCII,64.79575511931607,22.07254106901316,2.917220856352138e-11,1.6412496309854902e-11,0.44074942087844193,0.0
UGC06292,SB(s)b,SCII,64.79575511931607,23.328818337575445,3.094159361125872e-11,2.9270600596114665e-11,0.1531040250444202,0.0
UGC06292,SB(s)b,SCII,64.79575511931607,24.794475150898116,2.8642044459497403e-11,4.5521505711883975e-12,0.7955999625312438,0.0
UGC06292,SB(s)b,SCII,64.79575511931607,26.26013196422078,1.8853147198389705e-11,1.7461217707132212e-11,0.2428522493778601,0.0
UGC06292,SB(s)b,SCII,64.79575511931607,27.72578877754345,2.2670280236489862e-11,2.945807873832536e-11,0.07731761867065286,0.0
UGC06325,Scd?,Courteau97,73.22210524865349,0.5698603322355777,1.0220573268157827e-10,9.937080822387873e-12,0.7745737467383644,0.0
UGC06325,Scd?,Courteau97,73.22210524865349,1.6610439968002328,1.367232771431554e-10,2.4879169425625294e-11,0.6716240492636647,0.0
UGC06325,Scd?,Courteau97,73.22210524865349,2.657670394880373,1.0877025529385774e-10,3.047267002780587e-11,0.6341174121498877,0.0
UGC06325,Scd?,Courteau97,73.22210524865349,3.8204011926405355,9.189729526646813e-11,3.817206444104794e-11,0.550532697688033,0.0
UGC06325,Scd?,Courteau97,73.22210524865349,4.983131990400698,1.0401534708118267e-10,4.0461504610077345e-11,0.46879113645598774,0.0
UGC06325,Scd?,Courteau97,73.22210524865349,5.979758388480838,9.509242645206629e-11,3.632037740667064e-11,0.4388034594754857,0.0
UGC06325,Scd?,Courteau97,73.22210524865349,7.142489186241001,9.323692461429383e-11,2.2257800552783667e-11,0.6026715942343388,0.0
UGC06325,Scd?,Courteau97,73.22210524865349,8.305219984001164,1.0247315814246637e-10,3.378869651653596e-11,0.45347071987788184,0.0
UGC06325,Scd?,Courteau97,73.22210524865349,9.220052548905535,8.517123176592928e-11,2.7219366522623723e-11,0.4979382817317509,0.0
UGC06325,Scd?,Courteau97,73.22210524865349,10.299731146825685,1.0668337390907934e-10,1.7197131017227604e-11,0.6183556588233848,0.0
UGC06325,Scd?,Courteau97,73.22210524865349,11.429492737982693,1.2412766666684884e-10,1.4354309719618497e-11,0.6320894736361282,0.0
UGC06325,Scd?,Courteau97,73.22210524865349,12.460346709330231,1.1820390105728788e-10,2.0264792363659326e-11,0.4470207403137734,0.0
UGC06325,Scd?,Courteau97,73.22210524865349,13.618044040433423,8.05925165725546e-11,2.2590128639971687e-11,0.298427323677159,0.0
UGC06325,Scd?,Courteau97,73.22210524865349,16.10961003563377,8.172522814213642e-11,1.9357293256250146e-11,0.17459606603282798,0.0
UGC06325,Scd?,Courteau97,73.22210524865349,16.94013203403389,6.00928741912892e-11,1.1659502468545878e-11,0.36543227127591066,0.0
UGC06325,Scd?,Courteau97,73.22210524865349,18.105379565122536,4.979792752665076e-11,1.2570626799130809e-11,0.27365283171165306,0.0
UGC06325,Scd?,Courteau97,73.22210524865349,19.104522696531163,6.326580232828184e-11,1.7625511977753364e-11,0.1008526719282089,0.0
UGC06325,Scd?,Courteau97,73.22210524865349,20.1011490946113,4.224746132330126e-11,9.484608861656447e-12,0.3211787218370938,0.0
UGC06325,Scd?,Courteau97,73.22210524865349,21.596088691731513,4.8917050111090874e-11,1.1373415840045031e-11,0.13597595519298603,0.0
UGC06325,Scd?,Courteau97,73.22210524865349,21.928297491091556,5.0458202190197375e-11,9.79168985684963e-12,0.1943711839750941,0.0
UGC06338,Scd:,Courteau97,64.22930958918727,0.34365564686204636,4.696873123943771e-11,7.155395641055415e-12,0.7957616706032702,0.0
UGC06338,Scd:,Courteau97,64.22930958918727,1.030966940586139,5.922411128487377e-12,1.9535574413559344e-11,0.758244076795996,0.0
UGC06338,Scd:,Courteau97,64.22930958918727,1.7182782343102316,3.2954883089223974e-11,2.674162531206774e-11,0.7222980460518954,0.0
UGC06338,Scd:,Courteau97,64.22930958918727,2.4055895280343247,6.926279700261672e-11,2.993793117213631e-11,0.7089854956042924,0.0
UGC06338,Scd:,Courteau97,64.22930958918727,3.1626733318788935,7.51734920276523e-11,3.071140464327569e-11,0.6793938439388205,0.0
UGC06338,Scd:,Courteau97,64.22930958918727,3.7104396053620334,1.2279805710709723e-10,2.7167296814519303e-11,0.7479770348644899,0.0
UGC06338,Scd:,Courteau97,64.22930958918727,4.295695585775579,1.6502249883974582e-10,4.4607696823117446e-11,0.6174462587238566,0.0
UGC06338,Scd:,Courteau97,64.22930958918727,4.983006879499672,2.0779601501552706e-10,2.6232140223454688e-11,0.7542802113584447,0.0
UGC06338,Scd:,Courteau97,64.22930958918727,5.568262859913218,1.856453550271382e-10,3.667429967743297e-11,0.6282692185813586,0.0
UGC06338,Scd:,Courteau97,64.22930958918727,6.185801643516834,1.690970907884569e-10,5.939674216135139e-11,0.43600653782988025,0.0
UGC06338,Scd:,Courteau97,64.22930958918727,6.873112937240927,1.503095142925038e-10,8.40759234445355e-11,0.322688668518059,0.0
UGC06338,Scd:,Courteau97,64.22930958918727,7.560424230965021,1.5662898361140186e-10,8.459094095263671e-11,0.28047424823733397,0.0
UGC06338,Scd:,Courteau97,64.22930958918727,8.247735524689112,1.651547716198422e-10,6.84358247930018e-11,0.2724956909669823,0.0
UGC06338,Scd:,Courteau97,64.22930958918727,8.890267446246332,1.4415885848868122e-10,3.329645428424957e-11,0.5813720752357443,0.0
UGC06338,Scd:,Courteau97,64.22930958918727,9.659847819067704,1.2814510159267364e-10,3.766527725457937e-11,0.5063078555746573,0.0
UGC06338,Scd:,Courteau97,64.22930958918727,10.347159112791797,1.3313769848450258e-10,5.861449219482865e-11,0.27489963686315916,0.0
UGC06338,Scd:,Courteau97,64.22930958918727,11.034470406515888,1.2762864560593724e-10,6.567286388927523e-11,0.1586907301624354,0.0
UGC06338,Scd:,Courteau97,64.22930958918727,11.72178170023998,1.1088086507331243e-10,3.18123441032579e-11,0.4461065545783936,0.0
UGC06338,Scd:,Courteau97,64.22930958918727,12.409092993964073,9.342682596880408e-11,5.2653918636329844e-11,0.17580243125456432,0.0
UGC06338,Scd:,Courteau97,64.22930958918727,13.096404287688166,7.530067397774974e-11,2.4201155911279392e-11,0.4671285552601001,0.0
UGC06533,Sc(f),Mathewson96,77.41778083420937,0.3185029743291397,7.25803737635095e-11,2.6287349639886002e-11,0.6309940763766725,0.0
UGC06533,Sc(f),Mathewson96,77.41778083420937,0.391672576539888,4.120546247444033e-11,3.215740269593222e-11,0.6269753953047768,0.0
UGC06533,Sc(f),Mathewson96,77.41778083420937,1.0652633263035416,1.8575611582064172e-10,6.934436163288594e-11,0.5912587797703198,0.0
UGC06533,Sc(f),Mathewson96,77.41778083420937,1.775438877172569,2.3017444747827775e-10,9.003300934146491e-11,0.5128334336454495,0.0
UGC06533,Sc(f),Mathewson96,77.41778083420937,2.485614428041597,2.489276233403276e-10,1.0048765143766837e-10,0.48232025924804534,0.0
UGC06533,Sc(f),Mathewson96,77.41778083420937,3.195789978910625,2.1311648205839575e-10,1.044124272346525e-10,0.3948769427858551,0.0
UGC06533,Sc(f),Mathewson96,77.41778083420937,3.9059655297796523,1.8584538463762114e-10,1.0896676418127533e-10,0.33379613973687894,0.0
UGC06533,Sc(f),Mathewson96,77.41778083420937,4.61614108064868,1.9151094410993793e-10,8.58693409135251e-11,0.3576162722702086,0.0
UGC06533,Sc(f),Mathewson96,77.41778083420937,5.326316631517708,1.7199705903897565e-10,9.489015649550672e-11,0.29348386235786306,0.0
UGC06533,Sc(f),Mathewson96,77.41778083420937,5.999907381281362,1.3990055861711104e-10,7.212642219148349e-11,0.3458253863338136,0.0
UGC06533,Sc(f),Mathewson96,77.41778083420937,6.0730769834921094,1.6376956149926576e-10,6.579538562400074e-11,0.3682043259646769,0.0
UGC06533,Sc(f),Mathewson96,77.41778083420937,6.710082932150389,1.2949716057486277e-10,5.966308574530804e-11,0.34212683135034544,0.0
UGC06544,Sbc,Courteau97,65.30448206435129,0.30235337066395174,1.346657576839997e-10,9.217071752588534e-12,0.748014398605971,0.0
UGC06544,Sbc,Courteau97,65.30448206435129,0.9070601119918552,1.9382251991800594e-10,2.6706495024450254e-11,0.7057473074767261,0.0
UGC06544,Sbc,Courteau97,65.30448206435129,1.5117668533197586,2.670357518063815e-10,3.786584099777285e-11,0.6526790654247484,0.0
UGC06544,Sbc,Courteau97,65.30448206435129,2.038289288698196,2.2479268028386916e-10,4.105977440087309e-11,0.6376310882875263,0.0
UGC06544,Sbc,Courteau97,65.30448206435129,2.5700036506435895,1.7740067587227394e-10,4.334207022496884e-11,0.629717085730474,0.0
UGC06544,Sbc,Courteau97,65.30448206435129,3.174710391971493,2.086838296172277e-10,4.8106506775193185e-11,0.607477850339973,0.0
UGC06544,Sbc,Courteau97,65.30448206435129,3.779417133299397,2.4089193192357387e-10,5.3868520755969134e-11,0.5541405876704201,0.0
UGC06544,Sbc,Courteau97,65.30448206435129,4.3841238746273,2.4752769700748157e-10,3.9950682533832693e-11,0.6370075341988749,0.0
UGC06544,Sbc,Courteau97,65.30448206435129,4.988830615955203,2.521121606358218e-10,6.407990568397838e-11,0.44586062946934113,0.0
UGC06544,Sbc,Courteau97,65.30448206435129,5.5935373572831075,2.12391840143805e-10,7.251736664966225e-11,0.41205250903472834,0.0
UGC06544,Sbc,Courteau97,65.30448206435129,6.19824409861101,1.993153221841084e-10,7.045158177135781e-11,0.3941414578308505,0.0
UGC06544,Sbc,Courteau97,65.30448206435129,6.802950839938914,1.656019344746749e-10,7.119127855189924e-11,0.34781678734605737,0.0
UGC06544,Sbc,Courteau97,65.30448206435129,7.334665201884309,1.2844191319406597e-10,7.187255549221447e-11,0.28365770234251914,0.0
UGC06544,Sbc,Courteau97,65.30448206435129,7.861187637262745,1.3878326899511465e-10,3.591381183783562e-11,0.5163984329095586,0.0
UGC06544,Sbc,Courteau97,65.30448206435129,8.465894378590649,1.7223791186464862e-10,3.574205099528413e-11,0.5204289741564673,0.0
UGC06544,Sbc,Courteau97,65.30448206435129,9.070601119918553,1.5026559871547514e-10,5.527938955421336e-11,0.31525493643015295,0.0
UGC06544,Sbc,Courteau97,65.30448206435129,9.591931628730032,1.3571634582409298e-10,3.8405647182155266e-11,0.33638270826280936,0.0
UGC06544,Sbc,Courteau97,65.30448206435129,10.196638370057936,1.5989944018048194e-10,3.793486075606593e-11,0.4007018168703304,0.0
UGC06544,Sbc,Courteau97,65.30448206435129,10.884721343902262,1.5696691149179256e-10,5.4302876708626995e-11,0.20290640238269206,0.0
UGC06544,Sbc,Courteau97,65.30448206435129,11.411243779280701,1.4686632261036297e-10,2.5191719970996876e-11,0.49321509187613005,0.0
UGC06544,Sbc,Courteau97,65.30448206435129,11.723981003078563,1.2334716145720258e-10,4.9613121862089776e-11,0.14850409238362205,0.0
UGC06568,SB(s)m,Mathewson96,53.23558944023504,0.1283613312971178,3.3323476031578755e-11,2.0571160487253916e-12,0.8165597349101987,0.0
UGC06568,SB(s)m,Mathewson96,53.23558944023504,0.7216568491988462,1.527296969863006e-11,3.026639536057374e-11,0.718733841931471,0.0
UGC06568,SB(s)m,Mathewson96,53.23558944023504,0.9783795117930817,3.544231035918961e-14,3.958021513402061e-11,0.6851179118514426,0.0
UGC06568,SB(s)m,Mathewson96,53.23558944023504,1.700036360991928,3.0117736051942173e-11,5.932131647590016e-11,0.6258278395217354,0.0
UGC06568,SB(s)m,Mathewson96,53.23558944023504,2.550054541487892,1.1238674476028193e-10,7.797118220519097e-11,0.529847546978864,0.0
UGC06568,SB(s)m,Mathewson96,53.23558944023504,3.2717113906867383,1.1825134212246638e-10,9.06786446706499e-11,0.469660867936418,0.0
UGC06568,SB(s)m,Mathewson96,53.23558944023504,3.5284340532809733,1.1552264474733143e-10,9.020278536276079e-11,0.4415413042786781,0.0
UGC06568,SB(s)m,Mathewson96,53.23558944023504,4.121729571182702,1.2433367247947074e-10,7.056478372446158e-11,0.49930016393221016,0.0
UGC06568,SB(s)m,Mathewson96,53.23558944023504,4.378452233776938,9.990184911381278e-11,8.311172900750603e-11,0.45318454576281175,0.0
UGC06568,SB(s)m,Mathewson96,53.23558944023504,4.971747751678666,1.1253551200218898e-10,6.245076336511215e-11,0.5139244893602751,0.0
UGC06568,SB(s)m,Mathewson96,53.23558944023504,5.228470414272902,1.1947644597320993e-10,8.946479955197064e-11,0.37438075623552025,0.0
UGC06568,SB(s)m,Mathewson96,53.23558944023504,5.950127263471748,1.0684535125012137e-10,6.399521900676835e-11,0.47195322629737285,0.0
UGC06568,SB(s)m,Mathewson96,53.23558944023504,6.800145443967711,9.404614296485822e-11,8.544558687436528e-11,0.20116276340347194,0.0
UGC06568,SB(s)m,Mathewson96,53.23558944023504,7.521802293166558,1.1067236918396672e-10,8.839316952972117e-11,0.1450902660798733,0.0
UGC06568,SB(s)m,Mathewson96,53.23558944023504,7.778524955760793,8.576517635425599e-11,7.876032073729151e-11,0.2066117558658008,0.0
UGC06568,SB(s)m,Mathewson96,53.23558944023504,8.371820473662522,9.916221704252235e-11,8.058937678061969e-11,0.116201993083234,0.0
UGC06568,SB(s)m,Mathewson96,53.23558944023504,8.628543136256758,8.445302409704421e-11,6.401897462790191e-11,0.18494645157635317,0.0
UGC06568,SB(s)m,Mathewson96,53.23558944023504,9.221838654158487,6.503123240565711e-11,6.615834390773653e-11,0.09543957822160508,0.0
UGC06568,SB(s)m,Mathewson96,53.23558944023504,9.478561316752721,8.691518366246869e-11,5.4207610723382825e-11,0.14802882338324783,0.0
UGC06607,Sd,Courteau97,61.311819354121376,0.21460621627517998,1.021039549978857e-11,3.1190481840953217e-12,0.6595799978920814,0.0
UGC06607,Sd,Courteau97,61.311819354121376,0.6026505708675732,3.8690825560179366e-11,8.56732204164603e-12,0.6396951642877828,0.0
UGC06607,Sd,Courteau97,61.311819354121376,0.9906949254599663,8.077201894645509e-11,1.3209249621828487e-11,0.6024778562269484,0.0
UGC06607,Sd,Courteau97,61.311819354121376,1.4199073580103263,9.060977154894066e-11,1.690797884812061e-11,0.5266784389424923,0.0
UGC06607,Sd,Courteau97,61.311819354121376,1.8079517126027196,6.887392842206488e-11,1.869217504775505e-11,0.5139057482912688,0.0
UGC06607,Sd,Courteau97,61.311819354121376,2.195996067195113,9.364711554596317e-11,1.9045023273321785e-11,0.499667476716507,0.0
UGC06607,Sd,Courteau97,61.311819354121376,2.5827881608610284,7.919234060000867e-11,1.9394626953463606e-11,0.4672843453387602,0.0
UGC06607,Sd,Courteau97,61.311819354121376,2.9471178241582425,9.157207448468708e-11,1.9250177800628322e-11,0.46900547545131593,0.0
UGC06607,Sd,Courteau97,61.311819354121376,3.397540426150825,5.917864661209326e-11,1.943452796438385e-11,0.3711074551396925,0.0
UGC06607,Sd,Courteau97,61.311819354121376,3.7419121809322955,5.1848938381933214e-11,1.9438842502624082e-11,0.3353476092735335,0.0
UGC06607,Sd,Courteau97,61.311819354121376,4.172376874409133,6.933373385611632e-11,2.100738608631732e-11,0.32833241616573167,0.0
UGC06607,Sd,Courteau97,61.311819354121376,4.602841567885971,6.517484720699952e-11,2.1062523338635547e-11,0.2931888246421572,0.0
UGC06607,Sd,Courteau97,61.311819354121376,4.9534746272998325,8.4515977142642e-11,1.7436732411247634e-11,0.28643942026127606,0.0
UGC06607,Sd,Courteau97,61.311819354121376,5.337762199112792,7.450504849752123e-11,1.5198793897136545e-11,0.36974281852880053,0.0
UGC06607,Sd,Courteau97,61.311819354121376,6.066421525707221,7.059392621801851e-11,1.600566478332992e-11,0.23225807629652104,0.0
UGC06607,Sd,Courteau97,61.311819354121376,7.9604661770053085,7.29924042234558e-11,9.198618989791454e-12,0.3063788963432013,0.0
UGC06734,Sb,Mathewson96,78.03175962097458,0.37770565049814564,3.7146684556708916e-11,2.9568122605202814e-11,0.61293044230394,0.0
UGC06734,Sb,Mathewson96,78.03175962097458,0.9763118784088431,3.920249847938861e-11,6.40075468161435e-11,0.5551035481300933,0.0
UGC06734,Sb,Mathewson96,78.03175962097458,1.5108226019925826,1.3323821471988682e-10,8.542737311350341e-11,0.5025389116834978,0.0
UGC06734,Sb,Mathewson96,78.03175962097458,2.0453333255763217,1.360698229930165e-10,9.125614126225016e-11,0.46066340670993816,0.0
UGC06734,Sb,Mathewson96,78.03175962097458,2.6439395534870194,4.5414571219867725e-11,9.142676331882875e-11,0.4417778780386093,0.0
UGC06734,Sb,Mathewson96,78.03175962097458,3.399350854483311,1.5113599599983583e-10,8.394952930896085e-11,0.387572615519025,0.0
UGC06734,Sb,Mathewson96,78.03175962097458,3.997957082394008,1.5332323609458146e-10,7.316359719185496e-11,0.43517112967061033,0.0
UGC06734,Sb,Mathewson96,78.03175962097458,4.311567228565195,1.2970064455563478e-10,7.739392204859194e-11,0.4063230305249342,0.0
UGC06734,Sb,Mathewson96,78.03175962097458,4.910173456475893,1.6928830460850957e-10,6.914646137845941e-11,0.35708512335859677,0.0
UGC06734,Sb,Mathewson96,78.03175962097458,5.508779684386591,1.6734882667699036e-10,7.991572528749128e-11,0.22565325140956322,0.0
UGC06734,Sb,Mathewson96,78.03175962097458,6.264190985382882,1.188824039597999e-10,7.253485138855527e-11,0.2370820057571722,0.0
UGC06734,Sb,Mathewson96,78.03175962097458,7.019602286379174,1.3295723726330224e-10,5.4297556696120624e-11,0.27210580191178557,0.0
UGC06734,Sb,Mathewson96,78.03175962097458,7.3332124325503605,1.6789476822526872e-10,5.960315635528018e-11,0.14612199691210823,0.0
UGC06734,Sb,Mathewson96,78.03175962097458,7.931818660461059,1.0670624297331399e-10,4.186871778082304e-11,0.2509269108046308,0.0
UGC06734,Sb,Mathewson96,78.03175962097458,8.530424888371757,8.729952997074798e-11,3.8595659515530464e-11,0.2549870306671109,0.0
UGC06734,Sb,Mathewson96,78.03175962097458,9.285836189368046,8.736471781628607e-11,3.626420370333327e-11,0.2044345598313679,0.0
UGC06734,Sb,Mathewson96,78.03175962097458,9.599446335539236,7.213018346436054e-11,2.946745228047868e-11,0.25177465497001295,0.0
UGC06734,Sb,Mathewson96,78.03175962097458,10.354857636535526,1.160358993342868e-10,2.7069658148791025e-11,0.24158315464629132,0.0
UGC06734,Sb,Mathewson96,78.03175962097458,10.953463864446224,6.938620664960327e-11,3.212358297091973e-11,0.11319186542100429,0.0
UGC06734,Sb,Mathewson96,78.03175962097458,11.55207009235692,8.26707772016338e-11,2.048065532537352e-11,0.27133285595673834,0.0
UGC06734,Sb,Mathewson96,78.03175962097458,11.865680238528109,6.921878442933307e-11,2.9065688434289327e-11,0.08005455870088167,0.0
UGC06736,SBcd? sp,Mathewson96,81.18392136502656,0.3925264926187187,1.3045615813063701e-11,4.156829819190806e-12,0.7180944232736435,0.0
UGC06736,SBcd? sp,Mathewson96,81.18392136502656,0.9472179705718372,3.498034275507054e-11,9.121706338960873e-12,0.6860411146017562,0.0
UGC06736,SBcd? sp,Mathewson96,81.18392136502656,1.5701059704748745,3.9799185360896377e-11,1.3132719572632612e-11,0.623647555108654,0.0
UGC06736,SBcd? sp,Mathewson96,81.18392136502656,2.3551589557123123,6.22523047176582e-11,1.6183042516513628e-11,0.555939109514209,0.0
UGC06736,SBcd? sp,Mathewson96,81.18392136502656,3.1402119409497495,7.189050300818026e-11,1.8060783638287225e-11,0.4974995355822701,0.0
UGC06736,SBcd? sp,Mathewson96,81.18392136502656,3.7630999408527868,8.514360603582552e-11,1.781978997496691e-11,0.4879000973637401,0.0
UGC06736,SBcd? sp,Mathewson96,81.18392136502656,4.317791418805905,8.315101760763954e-11,2.046313856528156e-11,0.3759860723870414,0.0
UGC06736,SBcd? sp,Mathewson96,81.18392136502656,5.102844404043343,7.769639683970162e-11,1.5180222647574377e-11,0.4355183904012669,0.0
UGC06736,SBcd? sp,Mathewson96,81.18392136502656,5.657535881996462,6.338731300164473e-11,1.5635040453702737e-11,0.3497131391235827,0.0
UGC06736,SBcd? sp,Mathewson96,81.18392136502656,6.280423881899498,6.709006082265199e-11,1.7054694888250405e-11,0.2756775873593179,0.0
UGC06736,SBcd? sp,Mathewson96,81.18392136502656,7.065476867136937,5.754243894252089e-11,1.786275075411826e-11,0.2625721362488724,0.0
UGC06736,SBcd? sp,Mathewson96,81.18392136502656,7.850529852374374,6.457589223901245e-11,1.5319497672644597e-11,0.2679677333356207,0.0
UGC06736,SBcd? sp,Mathewson96,81.18392136502656,8.47341785227741,5.1016392470779655e-11,1.5769677626530195e-11,0.19597092337805494,0.0
UGC06736,SBcd? sp,Mathewson96,81.18392136502656,9.028109330230528,6.569399214912283e-11,8.143290225771886e-12,0.43147979067359055,0.0
UGC06736,SBcd? sp,Mathewson96,81.18392136502656,9.813162315467967,5.403132606298288e-11,8.036165794334655e-12,0.3920207443930071,0.0
UGC06736,SBcd? sp,Mathewson96,81.18392136502656,10.367853793421085,6.763822176770652e-11,1.2003565330019036e-11,0.17137377733582698,0.0
UGC06736,SBcd? sp,Mathewson96,81.18392136502656,10.990741793324123,7.087233737763837e-11,6.795267735895136e-12,0.34816258236561853,0.0
UGC06736,SBcd? sp,Mathewson96,81.18392136502656,11.775794778561561,4.8742376967376365e-11,7.116937581675472e-12,0.28632124642838686,0.0
UGC06736,SBcd? sp,Mathewson96,81.18392136502656,12.560847763798998,4.2763822541986934e-11,8.78451533286446e-12,0.1354842798434623,0.0
UGC06736,SBcd? sp,Mathewson96,81.18392136502656,13.508065734370836,4.4886982819028155e-11,8.037824855110702e-12,0.09191559841025349,0.0
UGC07464,Sb(f),Mathewson96,80.27504873293822,0.5333084139335322,4.721793958941515e-11,1.3848233155512054e-11,0.731587849301531,0.0
UGC07464,Sb(f),Mathewson96,80.27504873293822,1.4393940222529273,1.8460480920902096e-10,3.083789507633276e-11,0.6668117776283584,0.0
UGC07464,Sb(f),Mathewson96,80.27504873293822,1.7604564613482656,1.2472790483172656e-10,3.424418253417344e-11,0.6478931638528423,0.0
UGC07464,Sb(f),Mathewson96,80.27504873293822,2.6665420696676607,1.3661525169492213e-10,3.8726790462914976e-11,0.5991381630353916,0.0
UGC07464,Sb(f),Mathewson96,80.27504873293822,3.733158897534725,2.07441636954502e-10,4.4508612275100016e-11,0.5680702742398909,0.0
UGC07464,Sb(f),Mathewson96,80.27504873293822,4.799775725401789,2.238163522901108e-10,4.23005835167051e-11,0.5017432594783698,0.0
UGC07464,Sb(f),Mathewson96,80.27504873293822,5.7058613337211845,2.041331751249692e-10,3.037760117116566e-11,0.6249166398542079,0.0
UGC07464,Sb(f),Mathewson96,80.27504873293822,6.026923772816524,1.9291181180063329e-10,5.048430433031296e-11,0.4683077613792505,0.0
UGC07464,Sb(f),Mathewson96,80.27504873293822,6.933009381135918,1.7096836234444052e-10,2.8819321325124363e-11,0.596826730638568,0.0
UGC07464,Sb(f),Mathewson96,80.27504873293822,7.999626209002981,1.491634034637173e-10,5.144774732286577e-11,0.36866063785519915,0.0
UGC07464,Sb(f),Mathewson96,80.27504873293822,8.905711817322377,1.4393872867601122e-10,4.010607594760998e-11,0.4220866433359203,0.0
UGC07464,Sb(f),Mathewson96,80.27504873293822,9.59955145080358,1.5444176017385366e-10,5.297430366315762e-11,0.27626173649775926,0.0
UGC07464,Sb(f),Mathewson96,80.27504873293822,10.29339108428478,1.5048561335805093e-10,3.790970386391246e-11,0.25646218942003235,0.0
UGC07464,Sb(f),Mathewson96,80.27504873293822,11.199476692604176,1.3913338054904137e-10,1.8453282168093265e-11,0.5894051191536187,0.0
UGC07464,Sb(f),Mathewson96,80.27504873293822,12.266093520471241,1.202865060279146e-10,1.5889101244524888e-11,0.6087589127188058,0.0
UGC07464,Sb(f),Mathewson96,80.27504873293822,13.172179128790635,1.2619380793234214e-10,2.6687200652795837e-11,0.34630902910336697,0.0
UGC07464,Sb(f),Mathewson96,80.27504873293822,13.493241567885972,1.3025362658618883e-10,1.56023406377354e-11,0.5605196805778973,0.0
UGC07464,Sb(f),Mathewson96,80.27504873293822,14.399327176205368,1.0475553441264003e-10,2.6224628704799264e-11,0.2718817974374862,0.0
UGC07464,Sb(f),Mathewson96,80.27504873293822,15.465944004072432,1.2475682293412615e-10,3.14123904210748e-11,0.14354845119390164,0.0
UGC07464,Sb(f),Mathewson96,80.27504873293822,16.693092051487167,8.680223291519606e-11,3.062159552469759e-11,0.09184429805956323,0.0
UGC07516,Scd:,Mathewson96,60.38978603355719,0.35304792378736094,9.283318687716648e-12,7.218191376827393e-12,0.6837322418288169,0.0
UGC07516,Scd:,Mathewson96,60.38978603355719,0.937181761326449,3.955528820233876e-11,1.683215138768719e-11,0.6558878710438965,0.0
UGC07516,Scd:,Mathewson96,60.38978603355719,1.1811057813977164,3.5154718263889265e-11,1.9956271090053057e-11,0.6211941754170958,0.0
UGC07516,Scd:,Mathewson96,60.38978603355719,1.7652396189368045,1.0207267554944528e-10,2.453187057071315e-11,0.5686471472386136,0.0
UGC07516,Scd:,Mathewson96,60.38978603355719,2.3493734564758926,7.325150315961967e-11,2.8844264363906672e-11,0.5081629734005461,0.0
UGC07516,Scd:,Mathewson96,60.38978603355719,2.8243833902988875,1.0307423089820317e-10,3.1311936858316976e-11,0.47060516741579317,0.0
UGC07516,Scd:,Mathewson96,60.38978603355719,3.2993933241218825,1.0248031720795984e-10,3.231291766072627e-11,0.45441052524671804,0.0
UGC07516,Scd:,Mathewson96,60.38978603355719,3.88352716166097,5.6381530086761315e-11,2.9501108156994545e-11,0.42880032670249135,0.0
UGC07516,Scd:,Mathewson96,60.38978603355719,4.467660999200058,8.967771774899356e-11,2.3575784264163173e-11,0.514131601772703,0.0
UGC07516,Scd:,Mathewson96,60.38978603355719,4.942670933023052,6.779282226738942e-11,2.1590311857165676e-11,0.5239864604275254,0.0
UGC07516,Scd:,Mathewson96,60.38978603355719,5.417680866846048,5.61161087244945e-11,2.1376013120760108e-11,0.5099751220801538,0.0
UGC07516,Scd:,Mathewson96,60.38978603355719,6.001814704385136,6.378729335981726e-11,1.8541677541694598e-11,0.5319510917880957,0.0
UGC07516,Scd:,Mathewson96,60.38978603355719,6.585948541924224,4.616609759064481e-11,1.847187895545032e-11,0.5083893745559881,0.0
UGC07516,Scd:,Mathewson96,60.38978603355719,6.829872561995492,4.08427762483804e-11,2.5034291509673692e-11,0.2918099178366493,0.0
UGC07516,Scd:,Mathewson96,60.38978603355719,7.41400639953458,5.5024830308624554e-11,1.716876092228389e-11,0.4444117900132239,0.0
UGC07516,Scd:,Mathewson96,60.38978603355719,8.120102247109301,4.4589907248847764e-11,1.5356837317070273e-11,0.4646782352073154,0.0
UGC07516,Scd:,Mathewson96,60.38978603355719,8.70423608464839,4.6366679827628634e-11,1.9236208129493885e-11,0.3445772645079048,0.0
UGC07516,Scd:,Mathewson96,60.38978603355719,8.948160104719657,3.850924953957897e-11,1.4429907753609951e-11,0.42695506142489376,0.0
UGC07516,Scd:,Mathewson96,60.38978603355719,9.532293942258745,3.4483178895258804e-11,1.896353771007493e-11,0.2750766510483973,0.0
UGC07516,Scd:,Mathewson96,60.38978603355719,10.116427779797833,3.0632580105196376e-11,2.3049143000477196e-11,0.13565744354694698,0.0
UGC07516,Scd:,Mathewson96,60.38978603355719,10.3603517998691,4.2912918900226685e-11,1.9212009777033596e-11,0.19332854924785384,0.0
UGC07644,Scd(f),Mathewson96,82.21821240644772,0.5417135626499892,2.2626965862185267e-11,5.713092238367481e-12,0.7065631560917929,0.0
UGC07644,Scd(f),Mathewson96,82.21821240644772,1.3542839066249728,9.109204811930033e-11,1.083813395908732e-11,0.6311764725427135,0.0
UGC07644,Scd(f),Mathewson96,82.21821240644772,2.1668542505999566,1.1617009448468532e-10,1.2402953637121255e-11,0.6128169880165615,0.0
UGC07644,Scd(f),Mathewson96,82.21821240644772,2.9794245945749402,1.189973520323595e-10,1.5007721345233472e-11,0.5504829102923384,0.0
UGC07644,Scd(f),Mathewson96,82.21821240644772,3.7919949385499234,9.505239456174112e-11,1.4133958956002568e-11,0.5657083987457985,0.0
UGC07644,Scd(f),Mathewson96,82.21821240644772,4.6045652825249075,9.448789244069178e-11,1.277549937512475e-11,0.5720871485691686,0.0
UGC07644,Scd(f),Mathewson96,82.21821240644772,5.417135626499891,8.994582151472148e-11,1.65676613531847e-11,0.45813758221393347,0.0
UGC07644,Scd(f),Mathewson96,82.21821240644772,6.229705970474875,9.084044918015808e-11,1.041918408823554e-11,0.5601290338643533,0.0
UGC07644,Scd(f),Mathewson96,82.21821240644772,7.042276314449858,8.940330230176113e-11,1.8431080279734393e-11,0.30560875672972443,0.0
UGC07644,Scd(f),Mathewson96,82.21821240644772,7.854846658424841,8.115656380487798e-11,1.8193993756159756e-11,0.2941928782556315,0.0
UGC07644,Scd(f),Mathewson96,82.21821240644772,8.667417002399825,7.453264203517783e-11,1.7420898699230914e-11,0.26043424686401034,0.0
UGC07644,Scd(f),Mathewson96,82.21821240644772,9.47998734637481,9.801689894088166e-11,1.6746266934431956e-11,0.21797437016788138,0.0
UGC07644,Scd(f),Mathewson96,82.21821240644772,10.201360120880098,5.8049599960443445e-11,1.283261572121444e-11,0.18155181008610394,0.0
UGC07644,Scd(f),Mathewson96,82.21821240644772,11.914962451215668,6.340394454094917e-11,8.425778290122487e-12,0.3278657487061629,0.0
UGC07644,Scd(f),Mathewson96,82.21821240644772,12.730268722274744,6.236967760451164e-11,1.0857729852899363e-11,0.1500808786801765,0.0
UGC07644,Scd(f),Mathewson96,82.21821240644772,13.453465448169426,5.972785869562805e-11,6.109470512850459e-12,0.34098162010599364,0.0
UGC07644,Scd(f),Mathewson96,82.21821240644772,14.3581453373088,5.7459118434140765e-11,6.925110679394247e-12,0.22028113707630567,0.0
UGC07644,Scd(f),Mathewson96,82.21821240644772,15.170715681283784,5.569882203079143e-11,9.01232769510418e-12,0.06766400786472172,0.0
UGC07644,Scd(f),Mathewson96,82.21821240644772,16.25414280658376,5.797822020850174e-11,4.595784093832991e-12,0.28746560191605325,0.0
UGC07978,Scd:,Courteau97,55.73365543831798,0.17948166678786998,2.1407275584565674e-11,1.6872618361163066e-12,0.8966822693594566,0.0
UGC07978,Scd:,Courteau97,55.73365543831798,0.5384450003636099,1.2588513287252405e-11,1.8438695952935514e-11,0.7262715267900441,0.0
UGC07978,Scd:,Courteau97,55.73365543831798,0.8974083339393498,1.6527901771951705e-11,2.8744946353968276e-11,0.708268658170628,0.0
UGC07978,Scd:,Courteau97,55.73365543831798,1.3375916541019237,3.747266673086829e-11,3.879183910328487e-11,0.6664029473337223,0.0
UGC07978,Scd:,Courteau97,55.73365543831798,1.7948166678786999,2.173360788456702e-11,4.651212051922134e-11,0.6317722670976185,0.0
UGC07978,Scd:,Courteau97,55.73365543831798,2.1537800014544395,2.771364445988035e-11,5.1853107790424575e-11,0.6084088691068591,0.0
UGC07978,Scd:,Courteau97,55.73365543831798,2.5127433350301795,8.286859617828408e-11,5.778325578895274e-11,0.5652790023857085,0.0
UGC07978,Scd:,Courteau97,55.73365543831798,2.8717066686059196,9.558604929569952e-11,6.01439204021886e-11,0.5583475817127015,0.0
UGC07978,Scd:,Courteau97,55.73365543831798,3.2306700021816592,5.8144806609675895e-11,5.888201508575167e-11,0.5404725140932191,0.0
UGC07978,Scd:,Courteau97,55.73365543831798,3.5896333357573997,4.788703823891075e-11,5.7808398313371234e-11,0.517834181129252,0.0
UGC07978,Scd:,Courteau97,55.73365543831798,4.012774962305771,5.41867728342777e-11,6.089811644142641e-11,0.4748458569546803,0.0
UGC07978,Scd:,Courteau97,55.73365543831798,4.307560002908879,4.888615365696225e-12,4.878148884009347e-11,0.5685963625540005,0.0
UGC07978,Scd:,Courteau97,55.73365543831798,4.7307016294572515,7.962696891143424e-15,4.435891410885779e-11,0.5915486800066507,0.0
UGC07978,Scd:,Courteau97,55.73365543831798,5.123748350261395,8.890926368560343e-12,4.789387668623286e-11,0.5720991574371196,0.0
UGC07978,Scd:,Courteau97,55.73365543831798,5.448628296608732,3.896691071175038e-12,7.110620269199896e-11,0.4067656661868062,0.0
UGC07978,Scd:,Courteau97,55.73365543831798,5.807591630184472,1.799274326705118e-11,4.752766497071794e-11,0.49468045383624676,0.0
UGC07978,Scd:,Courteau97,55.73365543831798,6.166554963760211,1.9660124860375755e-11,5.921625114103562e-11,0.4579579308921255,0.0
UGC07978,Scd:,Courteau97,55.73365543831798,6.5255182973359505,2.739457055468966e-11,7.730411577535011e-11,0.2857147380506035,0.0
UGC07978,Scd:,Courteau97,55.73365543831798,6.884481630911691,7.41910763740432e-12,4.832364807522844e-11,0.48308789295916815,0.0
UGC07978,Scd:,Courteau97,55.73365543831798,7.602408298063171,3.337536107924621e-11,4.189025524352464e-11,0.4858463343869327,0.0
UGC08161,Sb HII,Courteau97,72.27794795246119,0.42615380699585487,2.0371919412279887e-11,4.1351354704559886e-11,0.6061722810228555,0.0
UGC08161,Sb HII,Courteau97,72.27794795246119,1.3159113009962913,7.756077877848864e-11,1.1992844735497004e-10,0.42490216150517934,0.0
UGC08161,Sb HII,Courteau97,72.27794795246119,2.085570903934259,2.0416837205309468e-10,1.3167027886648758e-10,0.358065834974011,0.0
UGC08161,Sb HII,Courteau97,72.27794795246119,2.795827248927351,2.0132892705012554e-10,1.1990612905224153e-10,0.3132833102220319,0.0
UGC08161,Sb HII,Courteau97,72.27794795246119,3.5997082939422587,1.5120788335723582e-10,1.0156787487896957e-10,0.2883440264859651,0.0
UGC08161,Sb HII,Courteau97,72.27794795246119,5.4431463529925095,1.7900915416027527e-10,5.679490230864076e-11,0.3259078248265333,0.0
UGC08161,Sb HII,Courteau97,72.27794795246119,6.295453966984219,1.572848277034747e-10,5.921544005938445e-11,0.21336798701846627,0.0
UGC08161,Sb HII,Courteau97,72.27794795246119,7.147761580975929,1.193769409523587e-10,4.2388885867041165e-11,0.2925256621131412,0.0
UGC08161,Sb HII,Courteau97,72.27794795246119,8.002651945313069,7.998823199103083e-11,2.975866022941052e-11,0.37599608584748434,0.0
UGC08161,Sb HII,Courteau97,72.27794795246119,8.741318544105884,9.573817196090842e-11,2.699545108280642e-11,0.37084576441902944,0.0
UGC08161,Sb HII,Courteau97,72.27794795246119,9.70726717329649,7.885444825902723e-11,2.085668345761904e-11,0.42522351141688786,0.0
UGC08161,Sb HII,Courteau97,72.27794795246119,10.307326170217925,6.584104682906777e-11,3.138975065909032e-11,0.20410348098110273,0.0
UGC08161,Sb HII,Courteau97,72.27794795246119,11.693402188931714,3.9137653285016643e-11,2.016925134014869e-11,0.29481588040170903,0.0
UGC08161,Sb HII,Courteau97,72.27794795246119,11.97750472692895,5.496976453670601e-11,1.966451704838579e-11,0.2327835353968956,0.0
UGC08161,Sb HII,Courteau97,72.27794795246119,14.159928768816815,8.227606182068288e-11,1.5468943246689373e-11,0.19616343324435837,0.0
UGC08161,Sb HII,Courteau97,72.27794795246119,14.728133844811289,6.112244206771762e-11,1.868076303184492e-11,0.07847203227052237,0.0
UGC08161,Sb HII,Courteau97,72.27794795246119,16.71685161079194,8.28973716336416e-11,1.261050839263226e-11,0.1188137975636877,0.0
UGC08255,Scd:,Mathewson96,47.84671493970561,0.23955489782561268,5.9458385863195325e-12,1.317100872394503e-11,0.46458603997644227,0.0
UGC08255,Scd:,Mathewson96,47.84671493970561,0.6845462686350084,8.378267509894577e-12,3.181404101252471e-11,0.48879552194214265,0.0
UGC08255,Scd:,Mathewson96,47.84671493970561,0.7527831183186678,1.5265827495933788e-11,3.3673034304927026e-11,0.4832693986728429,0.0
UGC08255,Scd:,Mathewson96,47.84671493970561,1.1977744891280637,6.002411540188987e-11,4.024540578446691e-11,0.4633284491892541,0.0
UGC08255,Scd:,Mathewson96,47.84671493970561,1.6768842847792889,1.3099482299858615e-10,4.251955320339348e-11,0.45864028406413504,0.0
UGC08255,Scd:,Mathewson96,47.84671493970561,2.1559940804305144,9.148435209120454e-11,4.461638705562648e-11,0.40273327087594346,0.0
UGC08255,Scd:,Mathewson96,47.84671493970561,2.6351038760817396,1.1012603947776737e-10,4.25374426731949e-11,0.38922682557083116,0.0
UGC08255,Scd:,Mathewson96,47.84671493970561,3.1142136717329647,1.2117146090709112e-10,3.770269330838214e-11,0.3786577644901804,0.0
UGC08255,Scd:,Mathewson96,47.84671493970561,3.5933234673841903,8.174109892963268e-11,3.945467373348829e-11,0.35906351279763304,0.0
UGC08255,Scd:,Mathewson96,47.84671493970561,4.038314838193586,5.117079596452857e-11,3.499710742893154e-11,0.3666858364273775,0.0
UGC08255,Scd:,Mathewson96,47.84671493970561,4.1065516878772454,1.1119396845171772e-10,3.312829889869205e-11,0.3638945150172257,0.0
UGC08255,Scd:,Mathewson96,47.84671493970561,4.551543058686642,7.816982063096914e-11,2.9865871352800374e-11,0.3476748034906831,0.0
UGC08255,Scd:,Mathewson96,47.84671493970561,4.996534429496037,1.2464069399028305e-10,2.6467682096366008e-11,0.3632557901896276,0.0
UGC08255,Scd:,Mathewson96,47.84671493970561,5.475644225147263,9.120618003481901e-11,2.369510043801974e-11,0.3778031873299458,0.0
UGC08255,Scd:,Mathewson96,47.84671493970561,5.954754020798488,7.569615504600036e-11,2.296283169497137e-11,0.36460491498091013,0.0
UGC08255,Scd:,Mathewson96,47.84671493970561,6.433863816449713,6.703398239775663e-11,2.514918293589516e-11,0.2832427411001231,0.0
UGC08255,Scd:,Mathewson96,47.84671493970561,6.912973612100938,6.146816758482979e-11,2.7353620056401937e-11,0.18659325662571938,0.0
UGC08255,Scd:,Mathewson96,47.84671493970561,7.392083407752164,4.888583323291538e-11,1.9057752108580763e-11,0.24263516877118307,0.0
UGC08306,Sb,Mathewson96,83.96112745355057,0.5480282646110587,3.532334532316615e-11,1.3736677701382814e-11,0.7205837963403601,0.0
UGC08306,Sb,Mathewson96,83.96112745355057,1.61954621482074,1.791656258697882e-10,3.0902955483463943e-11,0.6203076225473959,0.0
UGC08306,Sb,Mathewson96,83.96112745355057,2.4293193222311107,1.0035170662213935e-10,3.6498258234635874e-11,0.5619519779521034,0.0
UGC08306,Sb,Mathewson96,83.96112745355057,3.239092429641481,1.1465302450994377e-10,3.5344281259045206e-11,0.5540093797692923,0.0
UGC08306,Sb,Mathewson96,83.96112745355057,4.048865537051851,1.6123230621615232e-10,4.027569263658227e-11,0.47561870598805767,0.0
UGC08306,Sb,Mathewson96,83.96112745355057,4.858638644462221,1.8069193836403117e-10,3.639631318943431e-11,0.45495933929398724,0.0
UGC08306,Sb,Mathewson96,83.96112745355057,5.668411751872592,2.0146514176782708e-10,2.7448075545664225e-11,0.5840207415725818,0.0
UGC08306,Sb,Mathewson96,83.96112745355057,6.478184859282962,1.940993683334937e-10,3.7155298727201596e-11,0.37436992299606936,0.0
UGC08306,Sb,Mathewson96,83.96112745355057,7.287957966693332,1.9017125960566553e-10,4.355977093943058e-11,0.3436706982471421,0.0
UGC08306,Sb,Mathewson96,83.96112745355057,8.359475916903014,1.6511569339894038e-10,1.9847730610308515e-11,0.5916119366604169,0.0
UGC08306,Sb,Mathewson96,83.96112745355057,9.455532446125131,1.321569910854266e-10,3.034299346930713e-11,0.2631537486097288,0.0
UGC08306,Sb,Mathewson96,83.96112745355057,10.527050396334811,1.4787940448419901e-10,4.040007483343894e-11,0.18764140983185965,0.0
UGC08306,Sb,Mathewson96,83.96112745355057,11.336823503745183,1.4567104763946608e-10,1.5818030492661994e-11,0.5105338384659276,0.0
UGC08306,Sb,Mathewson96,83.96112745355057,12.17113519016799,1.3845866322237936e-10,1.9789490215972354e-11,0.3911626189094493,0.0
UGC08306,Sb,Mathewson96,83.96112745355057,12.956369718565924,1.2309709506182855e-10,2.9975355475247635e-11,0.15557560621531505,0.0
UGC08306,Sb,Mathewson96,83.96112745355057,13.766142825976292,1.2861207557567942e-10,1.618809296308725e-11,0.3292712789946941,0.0
UGC08306,Sb,Mathewson96,83.96112745355057,14.551377354374226,1.055715420999252e-10,2.028842116630754e-11,0.18561636773830895,0.0
UGC08306,Sb,Mathewson96,83.96112745355057,15.361150461784598,1.333295635718148e-10,2.4104341674927863e-11,0.06941095515240286,0.0
UGC08306,Sb,Mathewson96,83.96112745355057,16.17092356919497,9.871544252825641e-11,1.5318027342914418e-11,0.18829323444170043,0.0
UGC08306,Sb,Mathewson96,83.96112745355057,16.98069667660534,9.035372507753849e-11,1.9050275653264152e-11,0.06001027967174188,0.0
UGC08306,Sb,Mathewson96,83.96112745355057,17.79046978401571,7.834683661901574e-11,1.2752883094184434e-11,0.15476144061158217,0.0
UGC08451,SAc,Courteau97,61.99168704835389,0.3738770009453858,4.311646934901116e-11,1.1301892129886368e-11,0.6965141627103045,0.0
UGC08451,SAc,Courteau97,61.99168704835389,0.7097556134099339,3.546015365181458e-11,2.0103120419769095e-11,0.6481575163290807,0.0
UGC08451,SAc,Courteau97,61.99168704835389,2.0061113489928006,3.609893235538115e-11,3.409604828328346e-11,0.5734255316751562,0.0
UGC08451,SAc,Courteau97,61.99168704835389,2.2483510755581415,2.437874106599987e-10,3.429497954851332e-11,0.5536689015897887,0.0
UGC08451,SAc,Courteau97,61.99168704835389,3.4996968152619203,2.2403860534065583e-10,2.9447068618692686e-11,0.6184688972970442,0.0
UGC08451,SAc,Courteau97,61.99168704835389,3.902524969335564,1.9587443475687849e-10,2.711673802416573e-11,0.6313857858325553,0.0
UGC08451,SAc,Courteau97,61.99168704835389,4.5989076379899645,1.6709437380884067e-10,3.737271915837285e-11,0.5244464551203609,0.0
UGC08451,SAc,Courteau97,61.99168704835389,5.061758544105883,1.4608658839703109e-10,3.8609181094461934e-11,0.4974965152975352,0.0
UGC08451,SAc,Courteau97,61.99168704835389,5.6071372002036215,1.1951479030030518e-10,3.363839142844973e-11,0.5276980112175633,0.0
UGC08451,SAc,Courteau97,61.99168704835389,6.172566791651517,1.5519192784476894e-10,3.12935713168771e-11,0.5360595997504048,0.0
UGC08451,SAc,Courteau97,61.99168704835389,6.729931419013682,1.238125014814219e-10,3.788833898061865e-11,0.44775396987590976,0.0
UGC08451,SAc,Courteau97,61.99168704835389,7.277854610054334,1.2665449260806582e-10,4.591071144088353e-11,0.3389323027482161,0.0
UGC08451,SAc,Courteau97,61.99168704835389,7.786585353792452,1.2817635327161786e-10,2.3985858925373206e-11,0.5083224396112551,0.0
UGC08451,SAc,Courteau97,61.99168704835389,8.290125686859138,1.1315392497814276e-10,2.6238036473764495e-11,0.5185105976813008,0.0
UGC08451,SAc,Courteau97,61.99168704835389,8.827839895280343,1.2681271587059754e-10,4.442303341705236e-11,0.284981563608999,0.0
UGC08451,SAc,Courteau97,61.99168704835389,9.33765160739825,1.2431582314069315e-10,1.5291018645919868e-11,0.6489121322095671,0.0
UGC08451,SAc,Courteau97,61.99168704835389,9.91981858424842,1.1325915946238336e-10,3.2872216117297085e-11,0.3462964733627453,0.0
UGC08451,SAc,Courteau97,61.99168704835389,10.329454782924879,1.1997661740583018e-10,1.738845120530694e-11,0.5522400125146952,0.0
UGC08451,SAc,Courteau97,61.99168704835389,10.73895527307105,1.718830951713491e-10,4.0000213422733177e-11,0.21329175677666276,0.0
UGC08787,Sbc: sp LLIRG,Mathewson96,84.07752369631591,0.28478200858119407,1.5076672764820748e-11,4.740853124394401e-12,0.6423787921011344,0.0
UGC08787,Sbc: sp LLIRG,Mathewson96,84.07752369631591,0.6242191501224154,3.3906102005276696e-11,9.878313134277815e-12,0.6526374896225049,0.0
UGC08787,Sbc: sp LLIRG,Mathewson96,84.07752369631591,1.1391280343247765,5.275779033417e-11,1.530863110967198e-11,0.5931776398029998,0.0
UGC08787,Sbc: sp LLIRG,Mathewson96,84.07752369631591,1.7086920514871646,6.943178030729784e-11,1.7987111879820965e-11,0.5507047608551163,0.0
UGC08787,Sbc: sp LLIRG,Mathewson96,84.07752369631591,2.2782560686495525,7.648598120984588e-11,1.931489267004547e-11,0.5217289692858963,0.0
UGC08787,Sbc: sp LLIRG,Mathewson96,84.07752369631591,2.847820085811941,7.626623806219607e-11,1.9535795330213092e-11,0.5066886967714429,0.0
UGC08787,Sbc: sp LLIRG,Mathewson96,84.07752369631591,3.4173841029743293,7.762110487436376e-11,2.0001114964586003e-11,0.4596450612757844,0.0
UGC08787,Sbc: sp LLIRG,Mathewson96,84.07752369631591,3.9869481201367174,8.716257769940126e-11,1.9485975008232413e-11,0.4817574816606386,0.0
UGC08787,Sbc: sp LLIRG,Mathewson96,84.07752369631591,4.556512137299106,9.129132655599966e-11,2.272901984417887e-11,0.32944165547292825,0.0
UGC08787,Sbc: sp LLIRG,Mathewson96,84.07752369631591,5.126076154461494,8.491707525120406e-11,2.4786090472601566e-11,0.29651082706850806,0.0
UGC08787,Sbc: sp LLIRG,Mathewson96,84.07752369631591,5.695640171623882,9.31372067065956e-11,2.1370457139345064e-11,0.3108272972722983,0.0
UGC08787,Sbc: sp LLIRG,Mathewson96,84.07752369631591,6.265204188786271,9.956357239775632e-11,1.911300910697367e-11,0.3086417561744209,0.0
UGC08787,Sbc: sp LLIRG,Mathewson96,84.07752369631591,6.8347682059486585,9.660999599426759e-11,1.8862605473455895e-11,0.26762181988412,0.0
UGC08787,Sbc: sp LLIRG,Mathewson96,84.07752369631591,7.404332223111047,9.366012092584684e-11,1.8412070405783256e-11,0.20943567345759342,0.0
UGC08787,Sbc: sp LLIRG,Mathewson96,84.07752369631591,7.919241107313408,8.078640086403276e-11,1.0588887118007455e-11,0.41386959087312086,0.0
UGC08787,Sbc: sp LLIRG,Mathewson96,84.07752369631591,8.488805124475796,7.967844937013337e-11,1.3024826595254665e-11,0.293787387127269,0.0
UGC08787,Sbc: sp LLIRG,Mathewson96,84.07752369631591,9.058369141638185,6.731934072102448e-11,1.6588286381609042e-11,0.12993805988146723,0.0
UGC08787,Sbc: sp LLIRG,Mathewson96,84.07752369631591,9.627933158800573,9.51066581914706e-11,1.0010310070221563e-11,0.2669561081012318,0.0
UGC08787,Sbc: sp LLIRG,Mathewson96,84.07752369631591,10.197497175962962,6.468175253074695e-11,1.1753826159264912e-11,0.13843485753302529,0.0
UGC08787,Sbc: sp LLIRG,Mathewson96,84.07752369631591,10.767061193125349,6.705043490703356e-11,1.1074966555791366e-11,0.07244233638681472,0.0
UGC08902,Sb:,Courteau97,70.30864141934946,0.5705103549871697,1.6508185883361754e-09,1.17717058360376e-10,0.6288486477960513,0.0
UGC08902,Sb:,Courteau97,70.30864141934946,2.1905963173587377,5.921900039840741e-10,2.765958392224812e-10,0.439325154646555,0.0
UGC08902,Sb:,Courteau97,70.30864141934946,2.929343116864228,8.050369984486646e-10,2.6339790503729924e-10,0.40636622666143335,0.0
UGC08902,Sb:,Courteau97,70.30864141934946,4.068532106755872,6.097491355048962e-10,2.6037047649760574e-10,0.31261880538596,0.0
UGC08902,Sb:,Courteau97,70.30864141934946,5.22014861290088,3.902398159882478e-10,1.6028827151759696e-10,0.4011048027086056,0.0
UGC08902,Sb:,Courteau97,70.30864141934946,6.421869708384844,3.095922984831431e-10,1.4112391473056413e-10,0.2919406738527102,0.0
UGC08902,Sb:,Courteau97,70.30864141934946,7.561058698276489,2.8316509945556203e-10,9.23286778939238e-11,0.48862502362021726,0.0
UGC08902,Sb:,Courteau97,70.30864141934946,8.700247688168133,2.36444377230495e-10,1.4101740048403564e-10,0.24501869487453493,0.0
UGC08902,Sb:,Courteau97,70.30864141934946,9.789463596829322,2.1046121523259626e-10,1.0817085557391385e-10,0.3039503083802863,0.0
UGC08902,Sb:,Courteau97,70.30864141934946,10.978625667951421,2.0628105277980518e-10,7.147012731424442e-11,0.41112914853177734,0.0
UGC08902,Sb:,Courteau97,70.30864141934946,12.293377982692167,1.7610424996075592e-10,4.0693129242450625e-11,0.5770211720423092,0.0
UGC08902,Sb:,Courteau97,70.30864141934946,13.344785310159262,1.8241994101442863e-10,5.033657334820866e-11,0.446671736735633,0.0
UGC08902,Sb:,Courteau97,70.30864141934946,14.56626080222737,1.713910292181513e-10,5.645537996392328e-11,0.3327472646645577,0.0
UGC08902,Sb:,Courteau97,70.30864141934946,15.585683479019707,1.4971854800285718e-10,7.850844087205802e-11,0.1456098912750657,0.0
UGC08902,Sb:,Courteau97,70.30864141934946,16.68739265798851,1.3200872198465804e-10,5.567938085906561e-11,0.10656961385548597,0.0
UGC08902,Sb:,Courteau97,70.30864141934946,18.464724744382227,2.0551130916367872e-10,6.069885629307793e-11,0.07926009375683676,0.0
UGC08902,Sb:,Courteau97,70.30864141934946,22.858739419678567,1.112834235952622e-10,3.466711166513438e-11,0.08090184895697564,0.0
UGC08902,Sb:,Courteau97,70.30864141934946,23.346963272489273,1.1517189738053155e-10,2.920175204950019e-11,0.12180511158746153,0.0
UGC08927,Sbc,Courteau97,69.3818307801806,0.35632364838112784,2.1770669112426437e-10,3.4975014152978007e-12,0.749735058933962,0.0
UGC08927,Sbc,Courteau97,69.3818307801806,0.9750113624059665,1.5480013924804505e-10,8.595139718443356e-12,0.7163953423104958,0.0
UGC08927,Sbc,Courteau97,69.3818307801806,1.4731417041184884,9.875132269000929e-11,1.1311465615044488e-11,0.6714344828138608,0.0
UGC08927,Sbc,Courteau97,69.3818307801806,2.25806560298645,1.0905643310192897e-10,1.4056005380704934e-11,0.6504691120854175,0.0
UGC08927,Sbc,Courteau97,69.3818307801806,2.8020193104339888,8.027285005977909e-11,1.4309047550665058e-11,0.6439253481170518,0.0
UGC08927,Sbc,Courteau97,69.3818307801806,3.4561586977916763,1.3694684235756032e-10,1.4406201123406085e-11,0.6200394689621439,0.0
UGC08927,Sbc,Courteau97,69.3818307801806,4.102419935519841,1.3958021666732844e-10,1.4874224728201035e-11,0.6290748044787774,0.0
UGC08927,Sbc,Courteau97,69.3818307801806,4.72050878627009,1.0409891731853632e-10,2.2830473514220613e-11,0.4337513370424456,0.0
UGC08927,Sbc,Courteau97,69.3818307801806,5.294983870263981,7.242294668966393e-11,2.53906090842357e-11,0.400619942002842,0.0
UGC08927,Sbc,Courteau97,69.3818307801806,5.9092627115603715,7.653720638900469e-11,2.07179049892936e-11,0.44744706243823945,0.0
UGC08927,Sbc,Courteau97,69.3818307801806,6.628140251424139,2.340698701185252e-11,1.3053898082759612e-11,0.5767150016876369,0.0
UGC08927,Sbc,Courteau97,69.3818307801806,7.28446961982563,4.1647580601191107e-11,1.1860730486525609e-11,0.5869498123873522,0.0
UGC08927,Sbc,Courteau97,69.3818307801806,7.846946787869974,6.677823586350242e-11,1.7328861534595904e-11,0.4305170211557266,0.0
UGC08927,Sbc,Courteau97,69.3818307801806,8.46069904249388,5.70049818298767e-11,2.2241608908985893e-11,0.30070257538567335,0.0
UGC08927,Sbc,Courteau97,69.3818307801806,9.020842708813097,5.14493970447672e-11,8.901774028083292e-12,0.5922758607013556,0.0
UGC08927,Sbc,Courteau97,69.3818307801806,9.743154419799774,4.826295970018019e-11,9.044646272068425e-12,0.5927548287935794,0.0
UGC08927,Sbc,Courteau97,69.3818307801806,10.426188960156432,6.271832633551453e-11,1.646018597245083e-11,0.3286281312463265,0.0
UGC08927,Sbc,Courteau97,69.3818307801806,11.744803288972923,7.377540559294989e-11,1.02035947213963e-11,0.4559432193720291,0.0
UGC08927,Sbc,Courteau97,69.3818307801806,12.148974047948029,6.562291106279968e-11,1.560453670908788e-11,0.14638070974310322,0.0
UGC08927,Sbc,Courteau97,69.3818307801806,12.578297064455919,4.579059127955012e-11,1.6307182692222498e-11,0.18937321953263056,0.0
UGC08948,SBb,Courteau97,67.93475281997128,0.22027156812837853,6.492178215935772e-11,1.0096883941038982e-11,0.6994789441095989,0.0
UGC08948,SBb,Courteau97,67.93475281997128,0.6512376796839018,1.4109351371274145e-10,3.0499390382970324e-11,0.6781413760843549,0.0
UGC08948,SBb,Courteau97,67.93475281997128,1.139665939446828,2.6946043570791264e-10,4.7527747882952814e-11,0.6295764848883997,0.0
UGC08948,SBb,Courteau97,67.93475281997128,1.6280941992097544,2.0503093701012702e-10,6.147636949189021e-11,0.578016565236528,0.0
UGC08948,SBb,Courteau97,67.93475281997128,2.116522458972681,1.8032096760255936e-10,7.022902782879974e-11,0.495435848007901,0.0
UGC08948,SBb,Courteau97,67.93475281997128,2.604950718735607,2.2285724726413812e-10,7.743608695947925e-11,0.48233704640232966,0.0
UGC08948,SBb,Courteau97,67.93475281997128,3.0933789784985333,2.8877139960236136e-10,7.800997902099462e-11,0.4087828241633582,0.0
UGC08948,SBb,Courteau97,67.93475281997128,3.58180723826146,2.05312126074909e-10,7.762317805868437e-11,0.44568026474458994,0.0
UGC08948,SBb,Courteau97,67.93475281997128,4.0702354980243864,1.1829217724323116e-10,6.98433632025747e-11,0.4144479139631625,0.0
UGC08948,SBb,Courteau97,67.93475281997128,4.558663757787312,9.069963865008895e-11,7.624743636006947e-11,0.3272993231034188,0.0
UGC08948,SBb,Courteau97,67.93475281997128,4.884282597629263,7.883221032478215e-11,6.206289883345137e-11,0.42362716669736106,0.0
UGC08948,SBb,Courteau97,67.93475281997128,5.37271085739219,1.0385229257348338e-10,5.849848082693762e-11,0.4090849105458807,0.0
UGC08948,SBb,Courteau97,67.93475281997128,5.8611391171551155,9.480501910398548e-11,5.6824158585512294e-11,0.388961579727032,0.0
UGC08948,SBb,Courteau97,67.93475281997128,6.349567376918042,9.98107067233855e-11,5.93406929403937e-11,0.32902488279749265,0.0
UGC08948,SBb,Courteau97,67.93475281997128,6.837995636680969,1.1696780257419409e-10,6.32372335524747e-11,0.2532642548263351,0.0
UGC08948,SBb,Courteau97,67.93475281997128,7.326423896443895,1.7408129847204025e-10,5.1309704537109186e-11,0.22216431241937562,0.0
UGC08948,SBb,Courteau97,67.93475281997128,7.814852156206821,1.9507170800270815e-10,3.776275167195767e-11,0.39524715694900353,0.0
UGC08948,SBb,Courteau97,67.93475281997128,8.303280415969748,1.5609161612243367e-10,5.0409672189693545e-11,0.2333262609947124,0.0
UGC08948,SBb,Courteau97,67.93475281997128,8.78213165103144,1.3695974285934093e-10,3.22686954635069e-11,0.34491515804434814,0.0
UGC08948,SBb,Courteau97,67.93475281997128,9.117327515574624,1.425216679792816e-10,4.59726076301104e-11,0.21154481106502326,0.0
UGC08948,SBb,Courteau97,67.93475281997128,9.433369330715342,1.5225530454804043e-10,3.0199207750468966e-11,0.3709550861511051,0.0
UGC08951,Scd:,Mathewson96,80.49986135843537,0.12881822994691294,4.0392109570629396e-10,2.8264094116519623e-13,0.6865552558526892,0.0
UGC08951,Scd:,Mathewson96,80.49986135843537,0.7350435022907424,6.435684972306097e-11,2.394836787916538e-12,0.7203467030802029,0.0
UGC08951,Scd:,Mathewson96,80.49986135843537,1.341268774634572,3.5758964966622433e-11,3.920945264838383e-12,0.6519347107856666,0.0
UGC08951,Scd:,Mathewson96,80.49986135843537,1.5989052345283978,5.483276940611441e-11,4.440740641597883e-12,0.6312987000439678,0.0
UGC08951,Scd:,Mathewson96,80.49986135843537,2.0763122769253144,7.339129467521871e-11,5.200771169268085e-12,0.5873569313528657,0.0
UGC08951,Scd:,Mathewson96,80.49986135843537,2.3339487368191403,6.102173108116903e-11,5.45892284708148e-12,0.5772785782984706,0.0
UGC08951,Scd:,Mathewson96,80.49986135843537,2.94017400916297,4.751567296363077e-11,5.413293058242607e-12,0.5539004627735359,0.0
UGC08951,Scd:,Mathewson96,80.49986135843537,3.5463992815067993,6.557554678853366e-11,5.201886200226721e-12,0.5577499366204071,0.0
UGC08951,Scd:,Mathewson96,80.49986135843537,3.804035741400625,6.652735028815123e-11,5.7100504395576e-12,0.536119075621623,0.0
UGC08951,Scd:,Mathewson96,80.49986135843537,4.281442783797542,5.237129458504217e-11,4.870210989062598e-12,0.5635914870359887,0.0
UGC08951,Scd:,Mathewson96,80.49986135843537,4.539079243691368,6.906420971451508e-11,6.584862127170122e-12,0.45637265819209527,0.0
UGC08951,Scd:,Mathewson96,80.49986135843537,5.145304516035197,6.337326137293879e-11,5.041217150023366e-12,0.5282758809198977,0.0
UGC08951,Scd:,Mathewson96,80.49986135843537,5.751529788379027,5.4386166562839276e-11,4.3321539745010176e-12,0.5329551659813166,0.0
UGC08951,Scd:,Mathewson96,80.49986135843537,6.0091662482728525,5.3730557003935586e-11,7.035134553172273e-12,0.35085699588136793,0.0
UGC08951,Scd:,Mathewson96,80.49986135843537,6.486573290669768,5.009590282603665e-11,6.314464155038639e-12,0.313853106709915,0.0
UGC08951,Scd:,Mathewson96,80.49986135843537,6.744209750563595,4.047706064048748e-11,5.547946426698164e-12,0.41202030615488805,0.0
UGC08951,Scd:,Mathewson96,80.49986135843537,7.3504350229074245,4.557893934893343e-11,6.1428403081777974e-12,0.3322870274284,0.0
UGC08951,Scd:,Mathewson96,80.49986135843537,8.21429675514508,2.5441973594835013e-11,4.79613438619752e-12,0.3742784638932209,0.0
UGC08951,Scd:,Mathewson96,80.49986135843537,8.949340257435821,4.5486313303968454e-11,5.303462237396594e-12,0.26948253101660996,0.0
UGC09019,Sbc,Courteau97,65.5623483605404,0.35296706437511616,1.3926461062757863e-10,5.28778675733858e-12,0.8345189031003905,0.0
UGC09019,Sbc,Courteau97,65.5623483605404,1.1702524907279472,2.4431513161250584e-10,1.9462751220237327e-11,0.7553972185554364,0.0
UGC09019,Sbc,Courteau97,65.5623483605404,1.987537917080778,3.251554933960043e-10,3.057251975737043e-11,0.6682500186488016,0.0
UGC09019,Sbc,Courteau97,65.5623483605404,2.808605977747073,2.914789400193951e-10,3.861561311987298e-11,0.6336178329301466,0.0
UGC09019,Sbc,Courteau97,65.5623483605404,3.6296740384133686,2.241015094718722e-10,4.8775118870514296e-11,0.5402228610535404,0.0
UGC09019,Sbc,Courteau97,65.5623483605404,4.446959464766199,2.0464288210490137e-10,5.336217800871281e-11,0.5013200432522558,0.0
UGC09019,Sbc,Courteau97,65.5623483605404,5.26424489111903,2.377488019152808e-10,5.363263800574065e-11,0.4293767647014289,0.0
UGC09019,Sbc,Courteau97,65.5623483605404,6.085312951785325,2.1231057205319956e-10,3.813568109725851e-11,0.5662857282016087,0.0
UGC09019,Sbc,Courteau97,65.5623483605404,6.906381012451621,1.843263000294568e-10,3.631788098996826e-11,0.48150189121825737,0.0
UGC09019,Sbc,Courteau97,65.5623483605404,7.686549339603585,1.8089718298273245e-10,5.353800175975432e-11,0.2981892180715952,0.0
UGC09019,Sbc,Courteau97,65.5623483605404,8.659868431386808,1.4582377406020206e-10,5.564140722516716e-11,0.2898099084256151,0.0
UGC09019,Sbc,Courteau97,65.5623483605404,9.250668628220978,1.2027613713522876e-10,3.9710900938121566e-11,0.2490113380604303,0.0
UGC09019,Sbc,Courteau97,65.5623483605404,10.186870620803337,1.2179956961650866e-10,3.782474044743582e-11,0.25616945040622263,0.0
UGC09019,Sbc,Courteau97,65.5623483605404,10.889022115240104,1.3267397177900834e-10,2.169900806255909e-11,0.5464670378264502,0.0
UGC09019,Sbc,Courteau97,65.5623483605404,11.93657540542506,1.0574036953061539e-10,2.2322633089132034e-11,0.48698371410496427,0.0
UGC09019,Sbc,Courteau97,65.5623483605404,12.750078197464426,1.0953050130511607e-10,3.6632309184874365e-11,0.23060528786573303,0.0
UGC09019,Sbc,Courteau97,65.5623483605404,13.452229691901195,9.929959277383654e-11,1.697477432065953e-11,0.4971827593651693,0.0
UGC09019,Sbc,Courteau97,65.5623483605404,14.154381186337964,7.241410176471826e-11,2.8778001506127098e-11,0.23985593438091654,0.0
UGC09019,Sbc,Courteau97,65.5623483605404,15.090583178920323,8.294893426522852e-11,3.635098818168067e-11,0.11302661725183817,0.0
UGC09019,Sbc,Courteau97,65.5623483605404,15.79273467335709,9.792680855824332e-11,2.0639355180355897e-11,0.28465864193605056,0.0
UGC09019,Sbc,Courteau97,65.5623483605404,16.26083566964827,1.1116403487142402e-10,1.311082924229755e-11,0.4726495505227609,0.0
UGC09023,Scd:,Courteau97/Mathewson96,67.81269195561256,0.24235807698834022,2.7146707609560076e-11,2.069476388580098e-12,0.6877165180311279,0.0
UGC09023,Scd:,Courteau97/Mathewson96,67.81269195561256,0.916334892815876,2.3209542344956485e-11,7.857641087459586e-12,0.629484788771596,0.0
UGC09023,Scd:,Courteau97/Mathewson96,67.81269195561256,1.7076481710421059,4.367827282486405e-11,1.1611158393573906e-11,0.5653466267277378,0.0
UGC09023,Scd:,Courteau97/Mathewson96,67.81269195561256,2.4332442052699195,2.8940546848942152e-11,1.3031432019535328e-11,0.4758345866716531,0.0
UGC09023,Scd:,Courteau97/Mathewson96,67.81269195561256,3.0292001793808936,2.903377335143332e-11,1.3786395442618046e-11,0.4752985036856352,0.0
UGC09023,Scd:,Courteau97/Mathewson96,67.81269195561256,3.61768427346698,4.815864273207743e-11,1.3671980647421588e-11,0.4325935140040525,0.0
UGC09023,Scd:,Courteau97/Mathewson96,67.81269195561256,4.271326691392141,5.537664318740323e-11,1.1021275651081014e-11,0.4602704359226763,0.0
UGC09023,Scd:,Courteau97/Mathewson96,67.81269195561256,4.96210788306305,4.744052894191752e-11,1.1727082796889304e-11,0.4468259491928032,0.0
UGC09023,Scd:,Courteau97/Mathewson96,67.81269195561256,5.678922987419097,2.957430046744434e-11,8.449415650908368e-12,0.49341595937539345,0.0
UGC09023,Scd:,Courteau97/Mathewson96,67.81269195561256,6.3555840908539984,8.310882155085455e-11,1.0843437294989885e-11,0.3312171701331656,0.0
UGC09023,Scd:,Courteau97/Mathewson96,67.81269195561256,6.895309755250122,6.712854643476243e-11,7.39420968007917e-12,0.4724338189217324,0.0
UGC09023,Scd:,Courteau97/Mathewson96,67.81269195561256,7.686623033476354,4.577971498651926e-11,9.869908040031205e-12,0.28517149547883364,0.0
UGC09023,Scd:,Courteau97/Mathewson96,67.81269195561256,8.477936311702583,3.874365622575461e-11,1.0030826909100283e-11,0.2529400024619037,0.0
UGC09023,Scd:,Courteau97/Mathewson96,67.81269195561256,9.014352580418393,3.5616799466728185e-11,5.3645025710307806e-12,0.5332261828869538,0.0
UGC09023,Scd:,Courteau97/Mathewson96,67.81269195561256,9.536795845150657,2.346957308850497e-11,1.0246334132793984e-11,0.24311715211884588,0.0
UGC09023,Scd:,Courteau97/Mathewson96,67.81269195561256,10.97770672435944,3.375576314479787e-11,5.041068463839666e-12,0.4436641245077607,0.0
UGC09023,Scd:,Courteau97/Mathewson96,67.81269195561256,12.438032724892734,4.1567703798408056e-11,7.942294310289382e-12,0.09004551901424263,0.0
UGC09023,Scd:,Courteau97/Mathewson96,67.81269195561256,13.311713184495673,2.8390395405545426e-11,4.402625666714401e-12,0.29441874929793965,0.0
UGC09054,SB?,Mathewson96,62.69849370722547,0.2284024361864592,1.2480463889951334e-11,1.1117699352526214e-11,0.6454639874553535,0.0
UGC09054,SB?,Mathewson96,62.69849370722547,0.6297319540397063,1.806414641743611e-13,3.162535784572223e-11,0.6071655871428308,0.0
UGC09054,SB?,Mathewson96,62.69849370722547,1.0865368264126247,2.7921495709048947e-12,4.7526136327756884e-11,0.5647692070766805,0.0
UGC09054,SB?,Mathewson96,62.69849370722547,1.4878663442658715,2.529904106284166e-11,5.5944316949982896e-11,0.5089223672763223,0.0
UGC09054,SB?,Mathewson96,62.69849370722547,1.94467121663879,9.866984769463365e-11,6.219847396974789e-11,0.48244267739813335,0.0
UGC09054,SB?,Mathewson96,62.69849370722547,2.346000734492037,1.3590487587931428e-10,6.592560952352055e-11,0.45064038859149347,0.0
UGC09054,SB?,Mathewson96,62.69849370722547,2.8028056068649554,2.3953807785703e-10,6.726466200286725e-11,0.43312660865876135,0.0
UGC09054,SB?,Mathewson96,62.69849370722547,3.2041351247182024,1.2471801756928588e-10,7.042190609319918e-11,0.3622046801480103,0.0
UGC09054,SB?,Mathewson96,62.69849370722547,3.6609399970911203,1.2810370953673722e-10,6.988980953323457e-11,0.3629060065524052,0.0
UGC09054,SB?,Mathewson96,62.69849370722547,4.062269514944368,9.001070968859169e-11,6.576137471106872e-11,0.3480852583430486,0.0
UGC09054,SB?,Mathewson96,62.69849370722547,4.519074387317286,1.7370650912087713e-10,5.937428073113082e-11,0.33409992935682886,0.0
UGC09054,SB?,Mathewson96,62.69849370722547,4.9204039051705335,1.6096067733655027e-10,5.790263364447981e-11,0.3025143306728031,0.0
UGC09054,SB?,Mathewson96,62.69849370722547,5.778538295396698,1.4199515599911698e-10,5.533788708370589e-11,0.20560854237859114,0.0
UGC09054,SB?,Mathewson96,62.69849370722547,6.636672685622864,1.065611044007321e-10,3.62922614397364e-11,0.30029826809498694,0.0
UGC09121,Sbc,Courteau97/Mathewson96,73.47690630649483,0.2673579994182242,4.882396878862725e-10,1.2400428687649176e-11,0.6354835653081221,0.0
UGC09121,Sbc,Courteau97/Mathewson96,73.47690630649483,0.8510753036142826,3.3664095230655957e-10,3.425100814438826e-11,0.6022075430544063,0.0
UGC09121,Sbc,Courteau97/Mathewson96,73.47690630649483,1.4373716238818997,2.9574521506070433e-10,4.7857850960094064e-11,0.5453385061073307,0.0
UGC09121,Sbc,Courteau97/Mathewson96,73.47690630649483,2.0425807286742783,2.785281424828432e-10,5.857206185899622e-11,0.4550194067579596,0.0
UGC09121,Sbc,Courteau97/Mathewson96,73.47690630649483,2.6898400764619717,2.5461275885597727e-10,6.059281714477678e-11,0.4177662063285113,0.0
UGC09121,Sbc,Courteau97/Mathewson96,73.47690630649483,3.2757925279200473,2.202082874355566e-10,5.570923315564482e-11,0.4007721319377401,0.0
UGC09121,Sbc,Courteau97/Mathewson96,73.47690630649483,3.8802647709776954,1.9946246243966285e-10,5.401716179843517e-11,0.3776980291963,0.0
UGC09121,Sbc,Courteau97/Mathewson96,73.47690630649483,4.401245667078758,1.6824049867471677e-10,4.508501998436023e-11,0.37672919874317223,0.0
UGC09121,Sbc,Courteau97/Mathewson96,73.47690630649483,4.970918386610845,1.6896583649032768e-10,4.925324296556235e-11,0.26830886949906246,0.0
UGC09121,Sbc,Courteau97/Mathewson96,73.47690630649483,5.575390629668492,1.4396069742228412e-10,4.769295291243506e-11,0.2639370204749314,0.0
UGC09121,Sbc,Courteau97/Mathewson96,73.47690630649483,6.161343081126568,1.3307282240537454e-10,4.2547510781032246e-11,0.25878204132659394,0.0
UGC09121,Sbc,Courteau97/Mathewson96,73.47690630649483,6.839845366466855,1.362392701401015e-10,3.525746657554081e-11,0.27811531858344135,0.0
UGC09121,Sbc,Courteau97/Mathewson96,73.47690630649483,7.416562484182968,1.1156170798402004e-10,3.526007512219798e-11,0.2252295954914495,0.0
UGC09121,Sbc,Courteau97/Mathewson96,73.47690630649483,8.03910257697622,1.589843818831445e-10,3.2317199468125416e-11,0.19084782760383853,0.0
UGC09121,Sbc,Courteau97/Mathewson96,73.47690630649483,8.605546204639664,1.232702786217935e-10,1.8358605940943778e-11,0.40520554972187517,0.0
UGC09121,Sbc,Courteau97/Mathewson96,73.47690630649483,9.095948976219912,9.115818208897618e-11,2.5524550555034106e-11,0.2360277236564364,0.0
UGC09121,Sbc,Courteau97/Mathewson96,73.47690630649483,9.499891666787871,8.693164742720529e-11,1.6516415886292173e-11,0.3798617658636005,0.0
UGC09121,Sbc,Courteau97/Mathewson96,73.47690630649483,10.140347324558215,8.444672935308098e-11,1.999465607583859e-11,0.25754279429249444,0.0
UGC09121,Sbc,Courteau97/Mathewson96,73.47690630649483,11.793324692022399,3.864468656890561e-11,2.0660239490976512e-11,0.09625082972383361,0.0
UGC09195,Sb,Courteau97,69.10037878196766,4.839411983613313,5.330195945540533e-10,9.7005203821783e-11,0.459630727705682,0.0
UGC09195,Sb,Courteau97,69.10037878196766,6.0636403888202075,4.812255732183825e-10,5.4195045275264234e-11,0.5981231385886762,0.0
UGC09195,Sb,Courteau97,69.10037878196766,7.287868794027101,3.196198588633773e-10,4.743867263475562e-11,0.6093327411761099,0.0
UGC09195,Sb,Courteau97,69.10037878196766,8.512097199233995,3.145657078557162e-10,7.888109945848657e-11,0.38023596208469357,0.0
UGC09195,Sb,Courteau97,69.10037878196766,9.73632560444089,2.563769519729096e-10,2.7601766714056816e-11,0.7000745918446927,0.0
UGC09195,Sb,Courteau97,69.10037878196766,10.960554009647783,1.7402904131251949e-10,3.6533651418438234e-11,0.5103437890016805,0.0
UGC09195,Sb,Courteau97,69.10037878196766,11.993728587981481,2.277251574949714e-10,1.776839740957342e-11,0.747869669662997,0.0
UGC09195,Sb,Courteau97,69.10037878196766,14.136128297093546,1.643376392143269e-10,2.797288584589888e-11,0.5829280643958443,0.0
UGC09195,Sb,Courteau97,69.10037878196766,15.054299600998714,1.5027212525024718e-10,5.79353319364702e-11,0.2834041661104719,0.0
UGC09195,Sb,Courteau97,69.10037878196766,16.469581833078806,1.7112940357507008e-10,6.123945682313168e-11,0.2302677616951336,0.0
UGC09195,Sb,Courteau97,69.10037878196766,17.6938102382857,1.5509485896955437e-10,2.924595980466156e-11,0.3553758209987168,0.0
UGC09195,Sb,Courteau97,69.10037878196766,19.25284656340145,1.1404610541141035e-10,1.6549893401735615e-12,0.9617866393389528,0.0
UGC09195,Sb,Courteau97,69.10037878196766,20.534576605822608,1.2876096397678243e-10,3.1150957269708714e-11,0.3371964926923507,0.0
UGC09195,Sb,Courteau97,69.10037878196766,21.787555829636634,1.2233828510340101e-10,5.181746722076138e-11,0.12397206700157945,0.0
UGC09195,Sb,Courteau97,69.10037878196766,23.508895163018448,1.3788179599494535e-10,1.4555997490811935e-11,0.5401238325675639,0.0
UGC09195,Sb,Courteau97,69.10037878196766,24.73312356822534,1.0172060698549106e-10,2.60510676702269e-11,0.2376481925318244,0.0
UGC09195,Sb,Courteau97,69.10037878196766,25.34523777082879,1.3092672431525345e-10,1.5383686553970296e-11,0.4774385805061479,0.0
UGC09195,Sb,Courteau97,69.10037878196766,26.569466176035682,9.370667758349356e-11,3.189659174755428e-11,0.11057895308627214,0.0
UGC09215,SB(s)d,Mathewson96,65.13254612975682,0.11546040287979055,6.413987082658575e-11,9.917949573908076e-12,0.0,0.0
UGC09215,SB(s)d,Mathewson96,65.13254612975682,0.41157551693210187,1.653879139057295e-11,3.26409383019512e-11,0.3499025136102411,0.0
UGC09215,SB(s)d,Mathewson96,65.13254612975682,0.7430285118658037,3.9688970908260127e-11,4.8289815008566514e-11,0.2999761608505659,0.0
UGC09215,SB(s)d,Mathewson96,65.13254612975682,1.0391436259181148,7.071795483067014e-11,5.1299454102439535e-11,0.2809686056632303,0.0
UGC09215,SB(s)d,Mathewson96,65.13254612975682,1.3352587399704265,8.793924833989458e-11,4.822942761304619e-11,0.2557732687777184,0.0
UGC09215,SB(s)d,Mathewson96,65.13254612975682,1.666711734904128,8.144533618495956e-11,4.168783880830562e-11,0.24018121128228737,0.0
UGC09215,SB(s)d,Mathewson96,65.13254612975682,1.9628268489564396,2.1388390730897295e-10,3.525411544147554e-11,0.2800021252132535,0.0
UGC09215,SB(s)d,Mathewson96,65.13254612975682,2.2589419630087506,9.171521251948337e-11,3.0577010108472225e-11,0.29810511396976963,0.0
UGC09215,SB(s)d,Mathewson96,65.13254612975682,2.5903949579424523,8.261894244574162e-11,2.6053980570205065e-11,0.324466661918112,0.0
UGC09215,SB(s)d,Mathewson96,65.13254612975682,2.886510071994764,9.430649711102409e-11,2.2913382540345398e-11,0.3351950219273726,0.0
UGC09215,SB(s)d,Mathewson96,65.13254612975682,3.1174308777543454,8.281278978695204e-11,2.1472179149503948e-11,0.3522735937668029,0.0
UGC09215,SB(s)d,Mathewson96,65.13254612975682,3.413545991806656,7.570713090884416e-11,2.0139859107674485e-11,0.3534190583740735,0.0
UGC09215,SB(s)d,Mathewson96,65.13254612975682,3.744998986740358,5.689018651372838e-11,1.9515558309804665e-11,0.3372524768316962,0.0
UGC09215,SB(s)d,Mathewson96,65.13254612975682,4.07645198167406,4.079965391953469e-11,1.944096029481828e-11,0.3032011721573135,0.0
UGC09215,SB(s)d,Mathewson96,65.13254612975682,4.337229214844981,6.851400246261831e-11,1.7606990133632077e-11,0.23484171479338298,0.0
UGC09215,SB(s)d,Mathewson96,65.13254612975682,4.698538637190023,6.218807687953717e-11,1.5116478455865046e-11,0.3144586818487049,0.0
UGC09215,SB(s)d,Mathewson96,65.13254612975682,4.929459442949604,1.0594384854102944e-10,1.7166902706743893e-11,0.2669319968451247,0.0
UGC09215,SB(s)d,Mathewson96,65.13254612975682,5.275840651588975,4.83346507341569e-11,1.5397258973679298e-11,0.22530194704610834,0.0
UGC09246,S?,Mathewson96,74.08036104990113,0.24584620173078325,1.8914962931449967e-11,3.784915885818932e-12,0.7228465281752774,0.0
UGC09246,S?,Mathewson96,74.08036104990113,0.6506095614864374,9.659635874340862e-11,1.0585141857463962e-11,0.691630980664618,0.0
UGC09246,S?,Mathewson96,74.08036104990113,1.344683644825831,1.548050668965628e-10,1.928633756283664e-11,0.6247368712340455,0.0
UGC09246,S?,Mathewson96,74.08036104990113,2.0387577281652245,1.9729348771231516e-10,2.584742971641544e-11,0.5279515776688142,0.0
UGC09246,S?,Mathewson96,74.08036104990113,2.4435210879208786,1.9300558838911657e-10,2.8555214806606788e-11,0.49424735299530864,0.0
UGC09246,S?,Mathewson96,74.08036104990113,2.935213491382445,1.813960288476811e-10,3.033131037169181e-11,0.45996526818531475,0.0
UGC09246,S?,Mathewson96,74.08036104990113,3.585823052868882,1.3475788440264508e-10,2.7194742743162488e-11,0.44981230617094603,0.0
UGC09246,S?,Mathewson96,74.08036104990113,4.23643261435532,1.6127916168890645e-10,2.6098035128854072e-11,0.4470353521462592,0.0
UGC09246,S?,Mathewson96,74.08036104990113,4.728125017816886,1.5697430350133883e-10,2.1625897829267745e-11,0.4820015927322384,0.0
UGC09246,S?,Mathewson96,74.08036104990113,5.132888377572541,1.2921845131172907e-10,2.255263017735775e-11,0.4505692234805542,0.0
UGC09246,S?,Mathewson96,74.08036104990113,5.826962460911934,1.0230026987419176e-10,1.7531833238836584e-11,0.46810589867049984,0.0
UGC09246,S?,Mathewson96,74.08036104990113,6.521036544251328,1.0695275098710028e-10,2.182362689716147e-11,0.31005479649213086,0.0
UGC09246,S?,Mathewson96,74.08036104990113,6.925799904006983,1.08647733517457e-10,1.5124363386280942e-11,0.4986249608407849,0.0
UGC09246,S?,Mathewson96,74.08036104990113,7.417492307468548,9.089512209106851e-11,2.1147459579047958e-11,0.33816966275210864,0.0
UGC09246,S?,Mathewson96,74.08036104990113,8.313948070685768,8.910357956067977e-11,1.4794653725105635e-11,0.42871929520892277,0.0
UGC09246,S?,Mathewson96,74.08036104990113,9.21040383390299,8.954240742738625e-11,1.2029398851726172e-11,0.4592108791155724,0.0
UGC09246,S?,Mathewson96,74.08036104990113,10.106859597120211,8.335201849999148e-11,1.172883363517719e-11,0.41404690890372176,0.0
UGC09246,S?,Mathewson96,74.08036104990113,11.003315360337432,7.491400909917509e-11,1.2858704648126404e-11,0.3117102749237612,0.0
UGC09309,Sbc,Courteau97,66.3645172889224,0.4433597556541342,1.8334195283526946e-10,1.763212956587345e-11,0.7537309880737123,0.0
UGC09309,Sbc,Courteau97,66.3645172889224,1.5517591447894699,2.1533742678522834e-10,5.210794950290858e-11,0.6401943698787721,0.0
UGC09309,Sbc,Courteau97,66.3645172889224,2.6601585339248053,1.5065437085692351e-10,6.893149276151681e-11,0.5882133477310342,0.0
UGC09309,Sbc,Courteau97,66.3645172889224,3.5468780452330737,1.4562933229229742e-10,7.5798083236736e-11,0.5437437043747223,0.0
UGC09309,Sbc,Courteau97,66.3645172889224,4.65527743436841,1.382771489215496e-10,8.860404093763451e-11,0.4450671415833239,0.0
UGC09309,Sbc,Courteau97,66.3645172889224,5.763676823503745,1.1388385566612111e-10,6.905244921470753e-11,0.47929501613511855,0.0
UGC09309,Sbc,Courteau97,66.3645172889224,6.650396334812013,1.1217544113002475e-10,8.829770321886762e-11,0.27856532099606485,0.0
UGC09309,Sbc,Courteau97,66.3645172889224,7.681006239546216,8.804085604996867e-11,5.638604942646472e-11,0.42968298696063123,0.0
UGC09309,Sbc,Courteau97,66.3645172889224,8.959225850241195,7.822552417308544e-11,7.398640985576884e-11,0.22680336789386665,0.0
UGC09309,Sbc,Courteau97,66.3645172889224,9.808326958039416,8.753366661225513e-11,6.94353131663264e-11,0.19575777494764032,0.0
UGC09309,Sbc,Courteau97,66.3645172889224,10.961868431386808,7.133884273409662e-11,5.360063517312356e-11,0.22966913058266414,0.0
UGC09309,Sbc,Courteau97,66.3645172889224,12.026469250721158,5.3457404632831726e-11,4.9271800691068805e-11,0.20108611128723228,0.0
UGC09309,Sbc,Courteau97,66.3645172889224,12.913188762029428,7.997989573509263e-11,4.852725162168263e-11,0.13275011476912188,0.0
UGC09309,Sbc,Courteau97,66.3645172889224,13.888042818704093,7.418425430298311e-11,2.0054812174916462e-11,0.4906970526342109,0.0
UGC09309,Sbc,Courteau97,66.3645172889224,15.128644025889026,5.22620162136231e-11,2.2371328648858865e-11,0.3655503540641822,0.0
UGC09309,Sbc,Courteau97,66.3645172889224,16.015363537197295,3.11094395025618e-11,3.396557857397668e-11,0.10967137441266592,0.0
UGC09309,Sbc,Courteau97,66.3645172889224,17.12376292633263,4.4904044801388426e-11,2.937342492839726e-11,0.058550175924062406,0.0
UGC09309,Sbc,Courteau97,66.3645172889224,18.232162315467967,4.0597636585279345e-11,2.0330438796027307e-11,0.17751641695796025,0.0
UGC09309,Sbc,Courteau97,66.3645172889224,19.118881826776235,4.32194026964502e-11,2.4768982968541478e-11,0.04822829605128933,0.0
UGC09309,Sbc,Courteau97,66.3645172889224,20.22728121591157,4.41826977489744e-11,1.5822456683558318e-11,0.17107775431477948,0.0
UGC09338,Sb,Mathewson96,70.23604224488676,0.1677817128451264,6.8491921792943565e-12,1.543871889531544e-12,0.8536791132060645,0.0
UGC09338,Sb,Mathewson96,70.23604224488676,1.022177819794924,1.832517087552357e-11,2.4463461589740738e-11,0.6687135538443516,0.0
UGC09338,Sb,Mathewson96,70.23604224488676,1.8765739267447215,7.133937348065548e-11,3.6068848082159254e-11,0.5889162991819712,0.0
UGC09338,Sb,Mathewson96,70.23604224488676,2.2121373524349743,9.606701041493204e-11,3.9478803297785715e-11,0.5661666474436177,0.0
UGC09338,Sb,Mathewson96,70.23604224488676,3.0665334593847717,8.817799899307413e-11,3.889830364507694e-11,0.5402563688143824,0.0
UGC09338,Sb,Mathewson96,70.23604224488676,3.9209295663345696,1.3090225271842222e-10,4.5005847074562786e-11,0.47688960109036055,0.0
UGC09338,Sb,Mathewson96,70.23604224488676,4.599800189077158,1.1057093327065011e-10,4.10922902942211e-11,0.41835245205262517,0.0
UGC09338,Sb,Mathewson96,70.23604224488676,5.2786708118197465,1.1767808125994016e-10,4.047823954937224e-11,0.4585076143774883,0.0
UGC09338,Sb,Mathewson96,70.23604224488676,6.1330669187695435,1.026705946310898e-10,3.763163861717867e-11,0.3646012015174604,0.0
UGC09338,Sb,Mathewson96,70.23604224488676,6.987463025719341,8.381613981742827e-11,3.995380802545022e-11,0.37791221405478076,0.0
UGC09338,Sb,Mathewson96,70.23604224488676,7.323026451409595,1.1006371631294593e-10,2.401769868653574e-11,0.5165962365195093,0.0
UGC09338,Sb,Mathewson96,70.23604224488676,8.177422558359392,1.0356798449514857e-10,3.685959717003867e-11,0.25909975617771686,0.0
UGC09338,Sb,Mathewson96,70.23604224488676,9.03181866530919,8.874443186993452e-11,3.9397302789948536e-11,0.2088470387213189,0.0
UGC09338,Sb,Mathewson96,70.23604224488676,9.367382090999442,7.797013851938861e-11,3.2256290373808306e-11,0.3113304552018671,0.0
UGC09338,Sb,Mathewson96,70.23604224488676,10.053996485104115,8.494233107872407e-11,3.8522764128974e-11,0.1890874369608591,0.0
UGC09338,Sb,Mathewson96,70.23604224488676,11.076174304899036,7.438676781002888e-11,3.3593261261293327e-11,0.17718536296479345,0.0
UGC09338,Sb,Mathewson96,70.23604224488676,12.09835212469396,8.165887370058131e-11,3.10653227507768e-11,0.14426983838225446,0.0
UGC09338,Sb,Mathewson96,70.23604224488676,13.120529944488885,6.91227193215304e-11,1.9823883951829537e-11,0.12523305728151093,0.0
UGC09338,Sb,Mathewson96,70.23604224488676,14.14270776428381,5.920612048006497e-11,1.2087551231394902e-11,0.431562186785934,0.0
UGC09410,-,Courteau97,70.7377385614239,0.3284884299323686,7.038861716108148e-11,6.071234218271311e-12,0.7130801863624521,0.0
UGC09410,-,Courteau97,70.7377385614239,1.0806273925290282,2.4136971861979586e-10,1.8029161815148316e-11,0.6505065310079576,0.0
UGC09410,-,Courteau97,70.7377385614239,1.8757684768622886,1.939163873580886e-10,2.6060176701055353e-11,0.536637310754277,0.0
UGC09410,-,Courteau97,70.7377385614239,2.627907439458949,1.354696421006911e-10,2.7604153159536612e-11,0.5424843145013128,0.0
UGC09410,-,Courteau97,70.7377385614239,3.2848842993236858,1.1349725605993034e-10,2.757805204472095e-11,0.49163368443628586,0.0
UGC09410,-,Courteau97,70.7377385614239,3.9418611591884227,1.2461672573660273e-10,2.6153642659564113e-11,0.5001581993067741,0.0
UGC09410,-,Courteau97,70.7377385614239,4.694000121785082,1.2700307598818286e-10,2.847355851088251e-11,0.44836861334338046,0.0
UGC09410,-,Courteau97,70.7377385614239,5.584303308850266,9.815957912735676e-11,3.005739754530088e-11,0.3585441371420734,0.0
UGC09410,-,Courteau97,70.7377385614239,6.241280168715003,1.2139796280859473e-10,2.2660780952935906e-11,0.4233776213967796,0.0
UGC09410,-,Courteau97,70.7377385614239,6.89825702857974,7.902338105620388e-11,1.9996408309891594e-11,0.4259574991212452,0.0
UGC09410,-,Courteau97,70.7377385614239,7.702555972171722,6.73576028587365e-11,1.545897868373649e-11,0.46179154573968945,0.0
UGC09410,-,Courteau97,70.7377385614239,8.589806539483996,6.999522081930752e-11,1.580165569013702e-11,0.33496334179781667,0.0
UGC09410,-,Courteau97,70.7377385614239,9.19767603810632,7.480865640690357e-11,1.446489401079849e-11,0.39117159869226775,0.0
UGC09410,-,Courteau97,70.7377385614239,9.673486551765933,7.973717187129655e-11,2.1328758009781016e-11,0.188138659108658,0.0
UGC09410,-,Courteau97,70.7377385614239,13.303781412260928,6.230927243080151e-11,1.0664690848846642e-11,0.25524681261420806,0.0
UGC09410,-,Courteau97,70.7377385614239,14.634657263229341,3.985624401796346e-11,9.667447953895682e-12,0.2064885503578649,0.0
UGC09479,Sb,Courteau97,74.40722129831447,0.48969206603156135,1.1173214630232492e-10,1.2546278442375644e-11,0.7248867377827116,0.0
UGC09479,Sb,Courteau97,74.40722129831447,1.4690761980946843,1.9662951414708803e-10,3.191679539413599e-11,0.63826500758205,0.0
UGC09479,Sb,Courteau97,74.40722129831447,2.448460330157807,2.2297599797219535e-10,4.169380100956345e-11,0.5476195208056486,0.0
UGC09479,Sb,Courteau97,74.40722129831447,3.3606725606380143,1.783549544372656e-10,4.8947080181466997e-11,0.4803591984618168,0.0
UGC09479,Sb,Courteau97,74.40722129831447,4.147939118512594,1.8361928199062212e-10,4.946846848205161e-11,0.46114696924320775,0.0
UGC09479,Sb,Courteau97,74.40722129831447,5.060151348992801,1.5562628924627662e-10,4.6545937948549984e-11,0.4415360356890719,0.0
UGC09479,Sb,Courteau97,74.40722129831447,6.039535481055924,1.2884935637954884e-10,4.933518047507911e-11,0.35148910822058516,0.0
UGC09479,Sb,Courteau97,74.40722129831447,7.018919613119046,1.3785155754208662e-10,2.7725520668274237e-11,0.4817863075008327,0.0
UGC09479,Sb,Courteau97,74.40722129831447,7.911989335563475,1.5439628003849032e-10,4.481750408379899e-11,0.25589599197750096,0.0
UGC09479,Sb,Courteau97,74.40722129831447,8.96828974668509,1.1813665027688908e-10,3.268386962743042e-11,0.3418779279856325,0.0
UGC09479,Sb,Courteau97,74.40722129831447,9.947673878748214,1.1098266461327698e-10,2.6824315345227713e-11,0.3610166464267711,0.0
UGC09479,Sb,Courteau97,74.40722129831447,10.869284239788623,1.1065798276892049e-10,2.680421488683464e-11,0.2985663577007815,0.0
UGC09479,Sb,Courteau97,74.40722129831447,11.656550797663202,8.534981240930219e-11,3.243942350422373e-11,0.17961013609442816,0.0
UGC09479,Sb,Courteau97,74.40722129831447,12.578161158703608,9.114617088428666e-11,2.157744513368282e-11,0.18432780158950887,0.0
UGC09479,Sb,Courteau97,74.40722129831447,13.557545290766733,9.034095392827401e-11,1.1770350446511019e-11,0.5021129691221845,0.0
UGC09479,Sb,Courteau97,74.40722129831447,14.529410918381695,7.565291799018993e-11,1.686159849637995e-11,0.27910619721234103,0.0
UGC09479,Sb,Courteau97,74.40722129831447,15.506915424332776,7.933733817294388e-11,2.2119239330905617e-11,0.14032772955029799,0.0
UGC09479,Sb,Courteau97,74.40722129831447,16.169236309601725,9.441951496331018e-11,1.2296268415796439e-11,0.3419240010839403,0.0
UGC09479,Sb,Courteau97,74.40722129831447,17.45628555789882,5.368790360892914e-11,1.484103156156592e-11,0.18026924798811042,0.0
UGC09479,Sb,Courteau97,74.40722129831447,18.272439001284756,7.061764144844577e-11,7.450126427858307e-12,0.47238935445470986,0.0
UGC09479,Sb,Courteau97,74.40722129831447,18.762131067316314,5.709385965213359e-11,1.6519196830581384e-11,0.09316408856190625,0.0
UGC09701,Scd:,Courteau97,57.02850129916206,0.42840596320267604,1.4517656982732842e-11,5.977629454220427e-12,0.816546373755662,0.0
UGC09701,Scd:,Courteau97,57.02850129916206,1.2852178896080282,9.192740319601112e-11,1.7627878569898495e-11,0.7437952492324817,0.0
UGC09701,Scd:,Courteau97,57.02850129916206,2.1420298160133804,1.2537040052224893e-10,2.684549577980634e-11,0.669792622935371,0.0
UGC09701,Scd:,Courteau97,57.02850129916206,2.9988417424187324,9.04016043624485e-11,3.4255068573859506e-11,0.5920751567441055,0.0
UGC09701,Scd:,Courteau97,57.02850129916206,3.7574232105947836,1.1953844789505282e-10,3.179763486542084e-11,0.6254953902739775,0.0
UGC09701,Scd:,Courteau97,57.02850129916206,4.498262613628098,1.04878838346472e-10,3.670813543259869e-11,0.5722073011347872,0.0
UGC09701,Scd:,Courteau97,57.02850129916206,5.355074540033451,1.1733419416956192e-10,4.461325493243993e-11,0.4760234777447235,0.0
UGC09701,Scd:,Courteau97,57.02850129916206,6.211886466438803,8.464286006626967e-11,2.2649879159826512e-11,0.6808661591967081,0.0
UGC09701,Scd:,Courteau97,57.02850129916206,7.068698392844155,8.097550996756697e-11,5.4075180154766066e-11,0.31979779312697937,0.0
UGC09701,Scd:,Courteau97,57.02850129916206,7.80953779587747,9.056499931632515e-11,5.999137855665816e-11,0.2525657573978211,0.0
UGC09701,Scd:,Courteau97,57.02850129916206,8.648607657140083,7.895690332038253e-11,5.598299070733079e-11,0.23132429229836904,0.0
UGC09701,Scd:,Courteau97,57.02850129916206,9.505419583545436,5.6197776554251374e-11,4.80051890167034e-11,0.2318957492927283,0.0
UGC09701,Scd:,Courteau97,57.02850129916206,10.379973575093526,5.6713776954385325e-11,4.479682883265063e-11,0.20293306566306044,0.0
UGC09701,Scd:,Courteau97,57.02850129916206,11.138555043269577,6.812356423470608e-11,1.6275732503687125e-11,0.5696190880839306,0.0
UGC09701,Scd:,Courteau97,57.02850129916206,11.99536696967493,6.489548679756161e-11,2.1294010096115705e-11,0.4321311026376549,0.0
UGC09701,Scd:,Courteau97,57.02850129916206,12.852178896080282,6.782998986258865e-11,3.0886853322704556e-11,0.2168388720088533,0.0
UGC09701,Scd:,Courteau97,57.02850129916206,13.66441929298071,5.504380144130587e-11,2.7790010949637327e-11,0.13432671463188117,0.0
UGC09701,Scd:,Courteau97,57.02850129916206,14.64629114197755,7.746549799870062e-11,1.5967981875510668e-11,0.39973716614742827,0.0
UGC09701,Scd:,Courteau97,57.02850129916206,15.5031030683829,8.56516580553975e-11,2.4257287605185738e-11,0.14290219332469634,0.0
UGC09701,Scd:,Courteau97,57.02850129916206,16.145712013186916,6.965894191573248e-11,1.4039743792597863e-11,0.36084000497374696,0.0
UGC09701,Scd:,Courteau97,57.02850129916206,16.57411797638959,5.09879929287635e-11,2.3056293577091842e-11,0.08285642935302046,0.0
UGC09718,Sb,Courteau97,58.94275619205368,0.612512148643735,4.1500342154891214e-10,5.3540923482374264e-11,0.7260966953240778,0.0
UGC09718,Sb,Courteau97,58.94275619205368,1.7860427459821104,2.8805247214772803e-10,1.3211094779150675e-10,0.5818967414827945,0.0
UGC09718,Sb,Courteau97,58.94275619205368,3.061787564540761,3.519833766227179e-10,1.7076526118623614e-10,0.5074448922377985,0.0
UGC09718,Sb,Courteau97,58.94275619205368,4.337532383099411,3.0802543150896043e-10,1.9923468283939501e-10,0.3482486500546025,0.0
UGC09718,Sb,Courteau97,58.94275619205368,5.358128237946332,2.5394777322680146e-10,1.7972882678705557e-10,0.3341176020105262,0.0
UGC09718,Sb,Courteau97,58.94275619205368,6.633873056504982,1.8808325874714685e-10,1.2011188986807284e-10,0.3902765213656063,0.0
UGC09718,Sb,Courteau97,58.94275619205368,7.909617875063632,1.4673718018553863e-10,1.130272626227051e-10,0.3210494913703767,0.0
UGC09718,Sb,Courteau97,58.94275619205368,9.0155211107071,1.2879086018262802e-10,6.139741438394958e-11,0.49488703055687366,0.0
UGC09718,Sb,Courteau97,58.94275619205368,10.078770655952297,1.1842719441186783e-10,7.968401025874927e-11,0.20352178595669457,0.0
UGC09718,Sb,Courteau97,58.94275619205368,11.481703367027855,1.3594474773300062e-10,8.233042710235552e-11,0.22499660362513882,0.0
UGC09718,Sb,Courteau97,58.94275619205368,12.416991841078227,1.206456624123814e-10,8.810925162452653e-11,0.15315065047899104,0.0
UGC09718,Sb,Courteau97,58.94275619205368,13.778044040433423,1.0029036475810885e-10,7.24346936362427e-11,0.1494658456155227,0.0
UGC09718,Sb,Courteau97,58.94275619205368,14.799413073958258,1.1374804669775116e-10,5.823907083915502e-11,0.10984290560834038,0.0
UGC09718,Sb,Courteau97,58.94275619205368,16.07515789251691,4.9686220908297027e-11,3.0053154528280915e-11,0.39951394880763746,0.0
UGC09718,Sb,Courteau97,58.94275619205368,16.8406047836521,5.218495798015188e-11,4.4474134880074507e-11,0.1513198540076553,0.0
UGC09718,Sb,Courteau97,58.94275619205368,19.902392348192862,9.243756107001175e-11,4.1732971633139114e-11,0.08749142865624544,0.0
UGC09718,Sb,Courteau97,58.94275619205368,20.922988203039782,5.6086443132098565e-11,2.362309579888164e-11,0.25526497089309297,0.0
UGC09718,Sb,Courteau97,58.94275619205368,22.198733021598432,4.5576804577187234e-11,3.0441008886309803e-11,0.09344789403694834,0.0
UGC09718,Sb,Courteau97,58.94275619205368,23.219328876445353,3.864155053308686e-11,1.8838634494266986e-11,0.2676858702033605,0.0
UGC09718,Sb,Courteau97,58.94275619205368,23.984775767580544,2.7683876999764836e-11,3.0559797029837524e-11,0.055550318334589566,0.0
UGC09757,Sbc,Courteau97,71.25602016639507,3.6730711570067633,1.7687539182904655e-10,7.429532052604014e-11,0.6053419144218082,0.0
UGC09757,Sbc,Courteau97,71.25602016639507,4.923478359392045,4.908721347113907e-10,6.946489560294644e-11,0.5989142934296965,0.0
UGC09757,Sbc,Courteau97,71.25602016639507,8.729864990182532,2.2913180280135268e-10,4.7724599118048376e-11,0.6113596303112011,0.0
UGC09757,Sbc,Courteau97,71.25602016639507,9.735707254454223,2.576720093088875e-10,2.5048042204848355e-11,0.76133374304001,0.0
UGC09757,Sbc,Courteau97,71.25602016639507,10.872106741327904,2.3642930391337914e-10,1.492473312188494e-11,0.8329052650393891,0.0
UGC09757,Sbc,Courteau97,71.25602016639507,12.008506228201586,2.3290609869315454e-10,1.8398960748802823e-11,0.7723701568886091,0.0
UGC09757,Sbc,Courteau97,71.25602016639507,13.267188184132065,2.175067347458851e-10,3.255700007007549e-11,0.5520701351153354,0.0
UGC09757,Sbc,Courteau97,71.25602016639507,14.025707259108431,2.052030834244447e-10,3.9608040221932124e-11,0.5408818847148331,0.0
UGC09757,Sbc,Courteau97,71.25602016639507,16.31505573994619,1.6249083800989934e-10,9.222278499819197e-11,0.17736089056350549,0.0
UGC09757,Sbc,Courteau97,71.25602016639507,17.818302633990257,1.5588176601269203e-10,8.276787853133306e-11,0.14495398072396948,0.0
UGC09757,Sbc,Courteau97,71.25602016639507,19.588180475601774,1.6868149321024724e-10,7.149991590419777e-11,0.1324706701319841,0.0
UGC09757,Sbc,Courteau97,71.25602016639507,21.610898008872084,1.1916053979909376e-10,6.65609144509791e-11,0.11593519552071403,0.0
UGC09757,Sbc,Courteau97,71.25602016639507,22.46289115167382,1.191457758048996e-10,3.4555840609737536e-11,0.2854682757265777,0.0
UGC10011,Sbc,Courteau97,72.21883507042578,0.6175321116040046,1.7220810900724872e-10,7.415538860487647e-12,0.7774846322790396,0.0
UGC10011,Sbc,Courteau97,72.21883507042578,1.3851187549996364,1.713718884672093e-10,1.4696535862980635e-11,0.7248434734203182,0.0
UGC10011,Sbc,Courteau97,72.21883507042578,2.014193522895305,1.5213152315394002e-10,1.9323138371247186e-11,0.676940477509338,0.0
UGC10011,Sbc,Courteau97,72.21883507042578,2.8568074321867503,1.878024003771328e-10,2.1137259909860367e-11,0.6416683214764699,0.0
UGC10011,Sbc,Courteau97,72.21883507042578,3.7225066540615233,1.605385763955318e-10,2.1163820801962063e-11,0.6586504943529585,0.0
UGC10011,Sbc,Courteau97,72.21883507042578,4.657461813686278,1.5669349834960698e-10,2.2489805720754584e-11,0.5686199138511765,0.0
UGC10011,Sbc,Courteau97,72.21883507042578,5.523161035561051,1.2760709158329785e-10,1.6496413627877456e-11,0.6987838077405102,0.0
UGC10011,Sbc,Courteau97,72.21883507042578,6.284976350810851,1.187705161039181e-10,3.40477595499406e-11,0.42493345026873025,0.0
UGC10011,Sbc,Courteau97,72.21883507042578,7.046791666060651,1.2247347761703572e-10,3.5660907071720995e-11,0.42312881170500877,0.0
UGC10011,Sbc,Courteau97,72.21883507042578,7.912490887935424,1.2044511196840013e-10,2.5569490052751726e-11,0.5187945964989055,0.0
UGC10011,Sbc,Courteau97,72.21883507042578,8.7608761253727,1.0511067450153505e-10,2.226478613391007e-11,0.5331821879494995,0.0
UGC10011,Sbc,Courteau97,72.21883507042578,9.522691440622502,8.822961614204325e-11,2.8621947507685872e-11,0.39818823074292586,0.0
UGC10011,Sbc,Courteau97,72.21883507042578,10.717356366809687,1.5247671567566209e-10,1.484639885284834e-11,0.5909243151819371,0.0
UGC10011,Sbc,Courteau97,72.21883507042578,11.28871785324704,9.348511484702123e-11,3.4154816981428485e-11,0.24167534136879434,0.0
UGC10011,Sbc,Courteau97,72.21883507042578,12.050533168496838,1.438455053270202e-10,1.3120181879621293e-11,0.543144257035463,0.0
UGC10011,Sbc,Courteau97,72.21883507042578,12.81234848374664,1.479133096677841e-10,1.8457626211952407e-11,0.4109915975558531,0.0
UGC10011,Sbc,Courteau97,72.21883507042578,13.764617627808889,1.0560403667879155e-10,2.66817692108882e-11,0.20878392899221515,0.0
UGC10011,Sbc,Courteau97,72.21883507042578,14.716886771871138,1.0427289001347484e-10,2.472104507665113e-11,0.12563568117954899,0.0
UGC10011,Sbc,Courteau97,72.21883507042578,16.327087324558214,6.589379786801575e-11,2.6389624211215598e-11,0.08059226746206248,0.0
UGC10011,Sbc,Courteau97,72.21883507042578,16.707994982183116,7.419037453559133e-11,2.0209597872284478e-11,0.12970147935537443,0.0
UGC10026,Scd:,Courteau97,70.1707331978424,0.15178672419783612,2.7333065457884558e-11,2.299924334213821e-12,0.5712738439491813,0.0
UGC10026,Scd:,Courteau97,70.1707331978424,0.5649205148716456,1.2850898782697238e-11,9.363112696842195e-12,0.6488417962228791,0.0
UGC10026,Scd:,Courteau97,70.1707331978424,1.0168569267689622,8.474790131260703e-11,1.4560204243485613e-11,0.5993695383438435,0.0
UGC10026,Scd:,Courteau97,70.1707331978424,1.4687933386662788,9.691482968175312e-11,1.7839449588498544e-11,0.5630775745692327,0.0
UGC10026,Scd:,Courteau97,70.1707331978424,1.9207297505635954,6.80353283224445e-11,2.0037591733644833e-11,0.523646747684166,0.0
UGC10026,Scd:,Courteau97,70.1707331978424,2.372666162460912,4.879162430663141e-11,2.0168612279292955e-11,0.5161669946798413,0.0
UGC10026,Scd:,Courteau97,70.1707331978424,2.7116184713838996,3.88638404896989e-11,1.9471757525552422e-11,0.49980688922948246,0.0
UGC10026,Scd:,Courteau97,70.1707331978424,3.0505707803068867,4.956360568792097e-11,2.0124351609219725e-11,0.46339548758203375,0.0
UGC10026,Scd:,Courteau97,70.1707331978424,3.4990834315080117,8.720839020719152e-11,1.9838770538959115e-11,0.4860247514415932,0.0
UGC10026,Scd:,Courteau97,70.1707331978424,3.95444360410152,7.933794170954438e-11,1.6973765609723614e-11,0.5089041129368014,0.0
UGC10026,Scd:,Courteau97,70.1707331978424,4.406380015998836,7.251544938649487e-11,1.7183060871557102e-11,0.45652346748516687,0.0
UGC10026,Scd:,Courteau97,70.1707331978424,4.858316427896153,7.16900971963903e-11,1.753024404311425e-11,0.4143092262365872,0.0
UGC10026,Scd:,Courteau97,70.1707331978424,5.31025283979347,7.02396501089158e-11,1.6850359637381432e-11,0.42380532146832084,0.0
UGC10026,Scd:,Courteau97,70.1707331978424,5.649205148716456,7.302627839589663e-11,2.1311539020464715e-11,0.3330725215201293,0.0
UGC10026,Scd:,Courteau97,70.1707331978424,5.988157457639444,5.889746239730155e-11,2.250407027865023e-11,0.2135864414582586,0.0
UGC10026,Scd:,Courteau97,70.1707331978424,6.4035737554440475,3.75377105602839e-11,1.622775915332378e-11,0.3488388986229033,0.0
UGC10026,Scd:,Courteau97,70.1707331978424,6.7824699391559395,5.625524581181184e-11,1.9950529208368433e-11,0.22839462455297724,0.0
UGC10026,Scd:,Courteau97,70.1707331978424,7.460374557001915,7.40747016851245e-11,1.72851842184837e-11,0.21432139444690573,0.0
UGC10026,Scd:,Courteau97,70.1707331978424,7.799326865924902,6.902995820701847e-11,1.2037202424813734e-11,0.3183138474661452,0.0
UGC10026,Scd:,Courteau97,70.1707331978424,8.13827917484789,6.549008822982376e-11,1.6262519723311608e-11,0.1705327592423815,0.0
UGC10026,Scd:,Courteau97,70.1707331978424,8.364247380796549,3.802485425535794e-11,1.2604543794341483e-11,0.26023549779196886,0.0
UGC10077,Sbc,Courteau97,59.51431456962083,0.27466001632204523,1.4581010463440534e-11,6.095791159088408e-12,0.7973444232492691,0.0
UGC10077,Sbc,Courteau97,59.51431456962083,0.9823461566431533,8.503463598074376e-11,2.5736578499152265e-11,0.7259824419911788,0.0
UGC10077,Sbc,Courteau97,59.51431456962083,1.7682230819576759,1.3273775539769526e-10,3.921189974021991e-11,0.6659425882318769,0.0
UGC10077,Sbc,Courteau97,59.51431456962083,2.5541000072721984,1.2802049495363464e-10,5.394401348287653e-11,0.5846392772021297,0.0
UGC10077,Sbc,Courteau97,59.51431456962083,3.3399769325867212,1.641757897710055e-10,6.2937563680437e-11,0.503369672015984,0.0
UGC10077,Sbc,Courteau97,59.51431456962083,4.047663072907829,1.4988906977007135e-10,6.57135953541454e-11,0.46272277250993055,0.0
UGC10077,Sbc,Courteau97,59.51431456962083,4.715261551887135,1.4680901682200007e-10,4.976089745887203e-11,0.5381878650402664,0.0
UGC10077,Sbc,Courteau97,59.51431456962083,5.304669245873027,1.2567658681193987e-10,6.23421051696582e-11,0.3631961997250155,0.0
UGC10077,Sbc,Courteau97,59.51431456962083,6.052443047535937,1.1495975742246089e-10,6.635509123151305e-11,0.3689624933057272,0.0
UGC10077,Sbc,Courteau97,59.51431456962083,6.83831997285046,1.345252435790708e-10,4.1522009840640876e-11,0.49933324940713186,0.0
UGC10077,Sbc,Courteau97,59.51431456962083,7.662300021816595,8.728551905309813e-11,3.131306387689687e-11,0.5371047267767504,0.0
UGC10077,Sbc,Courteau97,59.51431456962083,8.395388244572112,8.808465942078441e-11,2.6250582047225705e-11,0.5808075578982725,0.0
UGC10077,Sbc,Courteau97,59.51431456962083,9.075687764768624,1.2969719224839232e-10,3.246254699655069e-11,0.48249380337290415,0.0
UGC10077,Sbc,Courteau97,59.51431456962083,9.626992335102901,7.56101888168172e-11,5.439290857314696e-11,0.24064722101915106,0.0
UGC10077,Sbc,Courteau97,59.51431456962083,10.37476613676581,7.169706415881642e-11,4.402305136585038e-11,0.21029953208488478,0.0
UGC10077,Sbc,Courteau97,59.51431456962083,11.160643062080334,6.819619035505047e-11,2.0383456981344483e-11,0.5495937779578107,0.0
UGC10077,Sbc,Courteau97,59.51431456962083,13.518273838023902,8.165208194391941e-11,1.527297540945649e-11,0.5451169888772338,0.0
UGC10077,Sbc,Courteau97,59.51431456962083,14.107681532009794,9.490990589477489e-11,3.371113043522289e-11,0.1789634858161557,0.0
UGC10077,Sbc,Courteau97,59.51431456962083,14.500619994667057,9.640302623374735e-11,2.2825934560946392e-11,0.3116197025626707,0.0
UGC10337,Sb,Courteau97,77.11544251911691,3.706471702906456,3.4989073070387255e-10,3.3653341361832185e-11,0.6766459600326953,0.0
UGC10337,Sb,Courteau97,77.11544251911691,4.262807782221899,3.9588009434416074e-10,4.340799331961022e-11,0.573139534523675,0.0
UGC10337,Sb,Courteau97,77.11544251911691,5.105596924890311,3.402720811656576e-10,3.900853707509802e-11,0.5457064401487562,0.0
UGC10337,Sb,Courteau97,77.11544251911691,5.955127162953805,3.014589872039227e-10,3.4324141016572716e-11,0.653297682902445,0.0
UGC10337,Sb,Courteau97,77.11544251911691,6.696038783280408,3.173464199874326e-10,2.5396505856756368e-11,0.7006098519373228,0.0
UGC10337,Sb,Courteau97,77.11544251911691,7.438950986756519,2.6273678003869307e-10,3.259506975073159e-11,0.5732463092528816,0.0
UGC10337,Sb,Courteau97,77.11544251911691,8.23005114957296,2.3237399226920546e-10,4.2542746097217185e-11,0.3888199592054062,0.0
UGC10337,Sb,Courteau97,77.11544251911691,9.03899999335806,2.185251789270577e-10,3.771983049310692e-11,0.42603233082676484,0.0
UGC10337,Sb,Courteau97,77.11544251911691,9.79475072174145,2.0638405629142496e-10,1.7565834046852676e-11,0.7333602949794049,0.0
UGC10337,Sb,Courteau97,77.11544251911691,10.617094774440647,1.7849058051604696e-10,2.7134983529921978e-11,0.588303713932337,0.0
UGC10337,Sb,Courteau97,77.11544251911691,11.439073503260369,1.647542041941837e-10,4.3148248815139814e-11,0.3750342641872415,0.0
UGC10337,Sb,Courteau97,77.11544251911691,12.31280644833911,1.6294672342044222e-10,5.798552420944903e-11,0.2285067131567608,0.0
UGC10337,Sb,Courteau97,77.11544251911691,13.047803301093255,1.7362148140651573e-10,1.3017917558379994e-11,0.730921779376122,0.0
UGC10337,Sb,Courteau97,77.11544251911691,13.805415441624447,1.6374849628707488e-10,3.827445002172507e-11,0.3161218266959473,0.0
UGC10337,Sb,Courteau97,77.11544251911691,14.552207036773083,1.2301621695749123e-10,2.2949437739621626e-11,0.4245693677861491,0.0
UGC10337,Sb,Courteau97,77.11544251911691,15.417711496376024,1.5038343310018335e-10,2.7889902531352154e-11,0.37276705877841393,0.0
UGC10337,Sb,Courteau97,77.11544251911691,15.762159725595716,1.5071600634265102e-10,1.3735323865239225e-11,0.6449051515434951,0.0
UGC11846,Sbc,Courteau97,55.09203673826382,0.32385004726928956,1.901060421672096e-10,2.2743620542338448e-11,0.7191194073152077,0.0
UGC11846,Sbc,Courteau97,55.09203673826382,0.9715501418078686,4.477911163886723e-10,6.235122227557459e-11,0.6737496105824393,0.0
UGC11846,Sbc,Courteau97,55.09203673826382,1.6192502363464476,4.36442121971846e-10,9.459654521624427e-11,0.587220806412737,0.0
UGC11846,Sbc,Courteau97,55.09203673826382,2.2276957797008703,3.864949665045129e-10,1.0899087950713359e-10,0.5169813858528636,0.0
UGC11846,Sbc,Courteau97,55.09203673826382,2.784900114277403,3.5784482483745323e-10,1.2041630315620543e-10,0.503263688464772,0.0
UGC11846,Sbc,Courteau97,55.09203673826382,3.40042549632754,3.2978727636727337e-10,1.3111624348493649e-10,0.453506609446472,0.0
UGC11846,Sbc,Courteau97,55.09203673826382,4.048125590866119,2.774201109107314e-10,1.4432314488141893e-10,0.35723450576594623,0.0
UGC11846,Sbc,Courteau97,55.09203673826382,4.6958256854046985,2.254514876707404e-10,1.1562166574649295e-10,0.3911696419163127,0.0
UGC11846,Sbc,Courteau97,55.09203673826382,5.311351067454835,2.1249026537490601e-10,1.2128444539310724e-10,0.2682694770358178,0.0
UGC11846,Sbc,Courteau97,55.09203673826382,5.991225874481856,2.298475192381445e-10,1.1018574842589769e-10,0.2982651844487005,0.0
UGC11846,Sbc,Courteau97,55.09203673826382,6.638925969020436,1.9048191748329598e-10,9.404557382417359e-11,0.3204802451232414,0.0
UGC11846,Sbc,Courteau97,55.09203673826382,7.286626063559014,1.657876309292873e-10,8.726399652662408e-11,0.3100073847103397,0.0
UGC11846,Sbc,Courteau97,55.09203673826382,7.934326158097593,1.420182345558364e-10,9.132469853636032e-11,0.2484804027177958,0.0
UGC11846,Sbc,Courteau97,55.09203673826382,8.582026252636172,1.39242578835816e-10,8.232333726823794e-11,0.20475699228639518,0.0
UGC11846,Sbc,Courteau97,55.09203673826382,9.22972634717475,1.2831107018122695e-10,4.308104834806436e-11,0.46874301890911935,0.0
UGC11846,Sbc,Courteau97,55.09203673826382,9.929029820457503,1.325810808012695e-10,5.2538064738880996e-11,0.34607006922215144,0.0
UGC11846,Sbc,Courteau97,55.09203673826382,10.525126536251909,1.1252905932017095e-10,7.380561097601282e-11,0.1599756396038171,0.0
UGC11846,Sbc,Courteau97,55.09203673826382,11.186916210769088,1.0908421042906304e-10,3.4664695778983444e-11,0.4350840420863282,0.0
UGC11846,Sbc,Courteau97,55.09203673826382,11.788352012840624,1.2991821952495256e-10,5.5368862791742774e-11,0.17835080566202116,0.0
UGC11846,Sbc,Courteau97,55.09203673826382,12.42602817734468,1.024264785198905e-10,3.9342519016722287e-11,0.22288068755862156,0.0
UGC11957,Sbc,Courteau97,67.40369182691398,0.37988969400205236,1.0017035671588245e-10,9.116229208662832e-12,0.7093765027567003,0.0
UGC11957,Sbc,Courteau97,67.40369182691398,1.1565262197227406,2.4418062008736335e-10,2.4691527690773958e-11,0.6352832726176795,0.0
UGC11957,Sbc,Courteau97,67.40369182691398,1.9191822523883784,2.3648244517671626e-10,3.468081532784068e-11,0.540911298084248,0.0
UGC11957,Sbc,Courteau97,67.40369182691398,2.6958187781090666,1.802149549135977e-10,3.9253644669820755e-11,0.5034784104734128,0.0
UGC11957,Sbc,Courteau97,67.40369182691398,3.4555981661131714,1.6103648904582772e-10,3.785525358378123e-11,0.421665588003871,0.0
UGC11957,Sbc,Courteau97,67.40369182691398,4.23223469183386,1.3821337765449313e-10,4.010127585335812e-11,0.3868707204447416,0.0
UGC11957,Sbc,Courteau97,67.40369182691398,4.994890724499498,1.1106542027512831e-10,3.0045879287198616e-11,0.45255858930284215,0.0
UGC11957,Sbc,Courteau97,67.40369182691398,5.771527250220186,1.1988620612017237e-10,3.303409281659884e-11,0.39878263755428367,0.0
UGC11957,Sbc,Courteau97,67.40369182691398,6.53130663822429,1.2844068271474512e-10,2.0181389945275808e-11,0.5505286661857447,0.0
UGC11957,Sbc,Courteau97,67.40369182691398,7.307943163944979,1.1156997304500006e-10,1.5759543769370908e-11,0.5894909442949553,0.0
UGC11957,Sbc,Courteau97,67.40369182691398,8.034641138341453,7.930756225534754e-11,1.4121587490094944e-11,0.6037599893107864,0.0
UGC11957,Sbc,Courteau97,67.40369182691398,8.847235722331305,6.970251844601705e-11,1.3562686087236152e-11,0.5854200252602285,0.0
UGC11957,Sbc,Courteau97,67.40369182691398,9.622055852422855,5.574739712957127e-11,1.4894213289284233e-11,0.5256100077694721,0.0
UGC11957,Sbc,Courteau97,67.40369182691398,10.533352224242277,6.407090462995406e-11,1.4724996044732542e-11,0.4825316644777986,0.0
UGC11957,Sbc,Courteau97,67.40369182691398,11.146307668721736,6.495703615568111e-11,2.6000018742234907e-11,0.21790246775242,0.0
UGC11957,Sbc,Courteau97,67.40369182691398,11.922944194442424,5.152408022745841e-11,1.3963688556735625e-11,0.3556565674339612,0.0
UGC11957,Sbc,Courteau97,67.40369182691398,12.6402643072423,5.5493387233870116e-11,1.5408020124687883e-11,0.34272617455387844,0.0
UGC11957,Sbc,Courteau97,67.40369182691398,13.490865120500326,3.530249659800242e-11,2.1401852249975424e-11,0.16129183372104866,0.0
UGC11957,Sbc,Courteau97,67.40369182691398,14.296866434925944,5.846030654780237e-11,8.071851035376752e-12,0.5322505708661405,0.0
UGC11957,Sbc,Courteau97,67.40369182691398,14.971101602307709,5.6118108498410436e-11,1.6902156700403114e-11,0.15402381819511266,0.0
UGC12021,Sb,Mathewson96,68.14307006288514,0.07612511477953118,1.4376291346557503e-12,2.3746914074126654e-12,0.0,0.0
UGC12021,Sb,Mathewson96,68.14307006288514,0.48002460911933675,1.184462411236794e-10,1.5284140235033978e-11,0.5674120848156439,0.0
UGC12021,Sb,Mathewson96,68.14307006288514,0.8839241034591423,1.325177869633498e-10,2.4137931488181626e-11,0.5072344794014915,0.0
UGC12021,Sb,Mathewson96,68.14307006288514,1.0361743330182047,1.1160566873304282e-10,2.639532235333596e-11,0.5005212633720748,0.0
UGC12021,Sb,Mathewson96,68.14307006288514,1.363948712578479,1.0350429123871621e-10,3.014363568156671e-11,0.4625917222934073,0.0
UGC12021,Sb,Mathewson96,68.14307006288514,1.5161989421375413,1.1478566769986042e-10,3.176193274487935e-11,0.4404322056181981,0.0
UGC12021,Sb,Mathewson96,68.14307006288514,1.920098436477347,1.2480363480049376e-10,3.4320036177934116e-11,0.3723771224557597,0.0
UGC12021,Sb,Mathewson96,68.14307006288514,2.3239979308171526,1.2690754640178005e-10,3.461393463222597e-11,0.3329134736196408,0.0
UGC12021,Sb,Mathewson96,68.14307006288514,2.476248160376215,1.0541459315120364e-10,3.471098051795911e-11,0.33673230423107847,0.0
UGC12021,Sb,Mathewson96,68.14307006288514,2.880147654716021,1.066827075437104e-10,3.3053907634908824e-11,0.2785309992814262,0.0
UGC12021,Sb,Mathewson96,68.14307006288514,3.284047149055826,9.204013436503374e-11,3.0981033332247285e-11,0.2818967680997511,0.0
UGC12021,Sb,Mathewson96,68.14307006288514,3.4362973786148885,8.637971693361766e-11,2.8660421114964636e-11,0.25284147903910237,0.0
UGC12021,Sb,Mathewson96,68.14307006288514,3.7640717581751626,1.0362585229552384e-10,2.5967543119510495e-11,0.2588399924334626,0.0
UGC12021,Sb,Mathewson96,68.14307006288514,3.916321987734225,6.074999296503395e-11,2.7082306755783463e-11,0.2397973349419785,0.0
UGC12021,Sb,Mathewson96,68.14307006288514,4.320221482074031,7.037934672833335e-11,2.4069543784189104e-11,0.23869862260797614,0.0
UGC12021,Sb,Mathewson96,68.14307006288514,4.876371205972899,7.599639247510395e-11,1.9040100769619055e-11,0.2798577621094497,0.0
UGC12072,S?,Mathewson96,84.24889300067174,0.4661142607810341,3.2143037537714574e-11,3.722667974328589e-12,0.7146202800466337,0.0
UGC12072,S?,Mathewson96,84.24889300067174,1.3983427823431023,3.8368367953863924e-11,9.054075215364677e-12,0.6449500862629172,0.0
UGC12072,S?,Mathewson96,84.24889300067174,2.3305713039051703,8.840406095757701e-11,1.2563794860776218e-11,0.5418610502544294,0.0
UGC12072,S?,Mathewson96,84.24889300067174,3.262799825467239,9.196546063027907e-11,1.4674793299683174e-11,0.49352246391524063,0.0
UGC12072,S?,Mathewson96,84.24889300067174,4.180432849974547,7.89345964539713e-11,1.45580311286172e-11,0.3756242762832397,0.0
UGC12072,S?,Mathewson96,84.24889300067174,5.127256868591376,8.524425895931589e-11,1.6463712686711807e-11,0.2979907101885386,0.0
UGC12072,S?,Mathewson96,84.24889300067174,6.044889893098684,9.217369632764336e-11,1.1397382214119616e-11,0.38139409704109584,0.0
UGC12072,S?,Mathewson96,84.24889300067174,6.977118414660753,7.597646786186739e-11,1.4020748591602927e-11,0.23251635637476678,0.0
UGC12072,S?,Mathewson96,84.24889300067174,7.90934693622282,1.2060423139142726e-10,9.454977990721088e-12,0.30542666573298344,0.0
UGC12072,S?,Mathewson96,84.24889300067174,8.841575457784888,1.0026950845951317e-10,6.978306320218828e-12,0.33998590696604924,0.0
UGC12072,S?,Mathewson96,84.24889300067174,9.773803979346956,6.497679517005462e-11,6.155262893422997e-12,0.30112538330797206,0.0
UGC12093,Scd:,Courteau97,62.56160336980008,0.365494975880542,1.7527845877273547e-10,9.670581949981223e-12,0.7362152253057497,0.0
UGC12093,Scd:,Courteau97,62.56160336980008,1.0319552024268364,2.239904016437851e-10,2.5897385012850417e-11,0.666611857000391,0.0
UGC12093,Scd:,Courteau97,62.56160336980008,1.6940708690277069,2.098601426727073e-10,3.6253600210964087e-11,0.5935634411527034,0.0
UGC12093,Scd:,Courteau97,62.56160336980008,2.571821790415242,2.92294639124712e-10,4.151511144593323e-11,0.5759840061309921,0.0
UGC12093,Scd:,Courteau97,62.56160336980008,3.1692421496618426,2.265859077275389e-10,3.81547740018594e-11,0.5967385514482593,0.0
UGC12093,Scd:,Courteau97,62.56160336980008,3.939447471456621,1.8176892790819635e-10,3.1940402683917655e-11,0.6213467231764778,0.0
UGC12093,Scd:,Courteau97,62.56160336980008,4.6554453403388845,1.9440340726095876e-10,3.483624190038622e-11,0.6055715178407722,0.0
UGC12093,Scd:,Courteau97,62.56160336980008,5.327605337793615,1.7883110622997756e-10,3.386740910438234e-11,0.5296963806995473,0.0
UGC12093,Scd:,Courteau97,62.56160336980008,6.0264723544954295,1.8015035049011964e-10,5.299637109211929e-11,0.41713318948525085,0.0
UGC12093,Scd:,Courteau97,62.56160336980008,6.759780456209246,1.6951072808954476e-10,4.635792340832602e-11,0.4522292809877096,0.0
UGC12093,Scd:,Courteau97,62.56160336980008,7.40226675441786,1.520591481998329e-10,5.2267215839366255e-11,0.3685090146867134,0.0
UGC12093,Scd:,Courteau97,62.56160336980008,8.043318007417641,1.3669969176520776e-10,5.806842271680939e-11,0.2780059175334775,0.0
UGC12093,Scd:,Courteau97,62.56160336980008,8.941733579812375,1.3226291182725343e-10,4.6857964118608175e-11,0.3045083522833797,0.0
UGC12093,Scd:,Courteau97,62.56160336980008,9.575482660461057,1.1436945923924728e-10,4.934236101369599e-11,0.2123450302514181,0.0
UGC12093,Scd:,Courteau97,62.56160336980008,10.327358039415314,1.2691247360037984e-10,2.1040605811475354e-11,0.5234680507418855,0.0
UGC12093,Scd:,Courteau97,62.56160336980008,10.939473813540832,1.11772156426204e-10,3.3094519788144024e-11,0.3183873151850557,0.0
UGC12093,Scd:,Courteau97,62.56160336980008,12.775324389498945,9.85142985911023e-11,3.9396676325841276e-11,0.13270705267457275,0.0
UGC12093,Scd:,Courteau97,62.56160336980008,13.179924347320194,9.472004345267771e-11,2.8652974099412198e-11,0.22641160598070792,0.0
UGC12093,Scd:,Courteau97,62.56160336980008,13.916549611228273,7.92407789631342e-11,2.7355983450253598e-11,0.13103605996529757,0.0
UGC12134,Sbc,Courteau97,74.19417163689764,0.783692352763955,4.106527914783307e-10,2.3273539799336287e-11,0.6592297563887035,0.0
UGC12134,Sbc,Courteau97,74.19417163689764,1.876736950039997,3.2315276351871187e-10,4.112703142591046e-11,0.549100851885725,0.0
UGC12134,Sbc,Courteau97,74.19417163689764,3.0316519962184567,2.44222922358859e-10,4.6591627591777405e-11,0.47513136140007484,0.0
UGC12134,Sbc,Courteau97,74.19417163689764,4.186567042396916,2.1494462917333152e-10,3.69502032456772e-11,0.48217828633387894,0.0
UGC12134,Sbc,Courteau97,74.19417163689764,5.341482088575376,1.9534004925559908e-10,4.048646975127368e-11,0.40225412621425766,0.0
UGC12134,Sbc,Courteau97,74.19417163689764,6.496397134753836,1.5259078179824572e-10,3.9067233067851105e-11,0.35878850351123365,0.0
UGC12134,Sbc,Courteau97,74.19417163689764,7.60319072067486,1.1454748477880226e-10,3.173973694773015e-11,0.2746782756954285,0.0
UGC12134,Sbc,Courteau97,74.19417163689764,8.51749846556614,9.680011169947746e-11,3.575136615026298e-11,0.24946878262089114,0.0
UGC12134,Sbc,Courteau97,74.19417163689764,10.0477609017526,1.7174800580794394e-10,1.64764616828856e-11,0.4355234803222526,0.0
UGC12134,Sbc,Courteau97,74.19417163689764,11.16417877972511,1.0385941556756617e-10,2.445694715261874e-11,0.2025268552925647,0.0
UGC12134,Sbc,Courteau97,74.19417163689764,12.367215286161006,6.0897865843095e-11,2.7096313088100112e-11,0.1564868094006128,0.0
UGC12134,Sbc,Courteau97,74.19417163689764,13.5702517925969,3.6367665252172655e-11,2.3494256695171588e-11,0.13938845209437098,0.0
UGC12134,Sbc,Courteau97,74.19417163689764,16.45753940804305,4.276725797913054e-11,1.7752633419540415e-11,0.12346904274069428,0.0
UGC12134,Sbc,Courteau97,74.19417163689764,17.323725692676895,4.822486956955834e-11,9.299257745818688e-12,0.3356171450971401,0.0
UGC12134,Sbc,Courteau97,74.19417163689764,18.33427635808305,5.439290702639283e-11,1.3189028879248948e-11,0.15274391101600843,0.0
UGC12134,Sbc,Courteau97,74.19417163689764,20.49974206966766,4.6970012483907315e-11,9.549735067009411e-12,0.18487345546570377,0.0
UGC12134,Sbc,Courteau97,74.19417163689764,22.95393654279689,3.871630084231215e-11,6.496526783851759e-12,0.2583264618621338,0.0
UGC12134,Sbc,Courteau97,74.19417163689764,23.675758446658424,3.942982451247142e-11,3.0230553344738005e-12,0.6034454408967266,0.0
UGC12172,Scd:,Courteau97,62.72730448246378,0.37351642518119893,1.0269002200870093e-10,1.0624002914297726e-11,0.7724031962056118,0.0
UGC12172,Scd:,Courteau97,62.72730448246378,1.2216097156570431,1.4573207960030517e-10,3.120161082405285e-11,0.7118231135245732,0.0
UGC12172,Scd:,Courteau97,62.72730448246378,2.1378170023998253,2.2015607820300554e-10,4.66543829774332e-11,0.6347441677252874,0.0
UGC12172,Scd:,Courteau97,62.72730448246378,2.98591029287567,2.51668064874488e-10,5.430659373826455e-11,0.5927739398731103,0.0
UGC12172,Scd:,Courteau97,62.72730448246378,3.7329431432380673,2.5214158891078586e-10,6.069036146618353e-11,0.4822049859931711,0.0
UGC12172,Scd:,Courteau97,62.72730448246378,4.581036433713912,2.206857786924316e-10,7.371039485651541e-11,0.4073988305042399,0.0
UGC12172,Scd:,Courteau97,62.72730448246378,5.497243720456694,2.1366503139632467e-10,6.456211845234015e-11,0.37466162195430314,0.0
UGC12172,Scd:,Courteau97,62.72730448246378,6.345337010932538,1.7284391807017218e-10,5.668864024272314e-11,0.45339790497812404,0.0
UGC12172,Scd:,Courteau97,62.72730448246378,7.092369861294936,1.6894217323116927e-10,4.2947320434582943e-11,0.511522328869315,0.0
UGC12172,Scd:,Courteau97,62.72730448246378,7.940463151770781,1.5910190497079309e-10,3.75969599101256e-11,0.4811230439922348,0.0
UGC12172,Scd:,Courteau97,62.72730448246378,8.856670438513563,1.57330883382106e-10,5.124376811758953e-11,0.24241848706734948,0.0
UGC12172,Scd:,Courteau97,62.72730448246378,9.620176510799215,1.2927551443486506e-10,2.875395201276769e-11,0.4916966920951177,0.0
UGC12172,Scd:,Courteau97,62.72730448246378,10.451796579351804,1.3307450468488994e-10,2.5152078728622145e-11,0.5251868938496383,0.0
UGC12172,Scd:,Courteau97,62.72730448246378,11.26472231740722,1.310754998697323e-10,3.447975004454786e-11,0.3443444195112992,0.0
UGC12172,Scd:,Courteau97,62.72730448246378,12.02822838969287,1.190064691634475e-10,4.7474716888996066e-11,0.17353693155616456,0.0
UGC12172,Scd:,Courteau97,62.72730448246378,13.249838105349912,1.0546899910252052e-10,4.173722412412186e-11,0.15020869416180016,0.0
UGC12172,Scd:,Courteau97,62.72730448246378,13.860642963178435,9.721510489709414e-11,2.1893526835769172e-11,0.38771659970343514,0.0
UGC12172,Scd:,Courteau97,62.72730448246378,14.471447821006958,9.262696252104248e-11,3.8106859595024613e-11,0.11775516303635603,0.0
UGC12172,Scd:,Courteau97,62.72730448246378,16.76196603786391,8.513637656782903e-11,1.758500168287629e-11,0.303042184391738,0.0
UGC12200,Sb,Courteau97,57.14011962111089,0.40752108210311977,1.283600686027604e-10,3.948949498413481e-11,0.7586283662831447,0.0
UGC12200,Sb,Courteau97,57.14011962111089,1.2225632463093594,7.9660094839221e-10,1.1210797462663139e-10,0.6772311885127213,0.0
UGC12200,Sb,Courteau97,57.14011962111089,2.241365951567159,7.093456632143054e-10,1.6991078201180388e-10,0.580656456756964,0.0
UGC12200,Sb,Courteau97,57.14011962111089,3.2601686568249586,4.370022647956314e-10,1.8289062488242483e-10,0.5454014479936021,0.0
UGC12200,Sb,Courteau97,57.14011962111089,4.075210821031198,3.334982380207225e-10,1.7060067360263877e-10,0.5056196511830983,0.0
UGC12200,Sb,Courteau97,57.14011962111089,4.890252985237438,3.910950606089963e-10,1.6024017352720061e-10,0.5126484410304549,0.0
UGC12200,Sb,Courteau97,57.14011962111089,5.7052951494436766,3.494142556993037e-10,2.030669787694465e-10,0.3951898221331209,0.0
UGC12200,Sb,Courteau97,57.14011962111089,6.520337313649916,2.9818879182057274e-10,1.1786727560774075e-10,0.5409195158476557,0.0
UGC12200,Sb,Courteau97,57.14011962111089,7.539140018907716,2.6418785634077323e-10,1.940207596630609e-10,0.30025206185778613,0.0
UGC12200,Sb,Courteau97,57.14011962111089,8.557942724165517,2.3257744833572652e-10,1.1160740895334487e-10,0.4596848266233757,0.0
UGC12200,Sb,Courteau97,57.14011962111089,9.372984888371757,2.1855632629635741e-10,1.0302232462921338e-10,0.44620593025244115,0.0
UGC12200,Sb,Courteau97,57.14011962111089,10.188027052577995,2.476620026462092e-10,1.1405180126224165e-10,0.3653935813755534,0.0
UGC12200,Sb,Courteau97,57.14011962111089,11.003069216784235,2.4932948906190006e-10,1.4330336720943396e-10,0.24205123482659321,0.0
UGC12200,Sb,Courteau97,57.14011962111089,11.818111380990475,2.56217679841685e-10,1.186083225746372e-10,0.1824324794754193,0.0
UGC12200,Sb,Courteau97,57.14011962111089,12.835555682641262,2.0806972415130489e-10,5.0752485149179845e-11,0.5666528048916452,0.0
UGC12200,Sb,Courteau97,57.14011962111089,13.855716791506072,2.1256851163225547e-10,7.764030739937578e-11,0.32232275745110633,0.0
UGC12200,Sb,Courteau97,57.14011962111089,14.670758955712314,2.06431447748001e-10,1.1242079868684529e-10,0.08537893612724719,0.0
UGC12200,Sb,Courteau97,57.14011962111089,15.479009101883502,1.5075750404067008e-10,6.226772208616699e-11,0.2862791065649259,0.0
UGC12200,Sb,Courteau97,57.14011962111089,16.29405126608974,1.0319550430794298e-10,7.834431301036987e-11,0.08202591318190701,0.0
UGC12200,Sb,Courteau97,57.14011962111089,16.90533288924442,1.3531739896865185e-10,5.72096028265002e-11,0.1920731416789288,0.0
UGC12200,Sb,Courteau97,57.14011962111089,17.72037505345066,1.412781509478562e-10,6.619837394771706e-11,0.05749768655617321,0.0
UGC12296,Scd:,Courteau97,69.43238946451204,0.5060038269216784,1.1539146764912063e-10,7.418236753601493e-12,0.793641703932703,0.0
UGC12296,Scd:,Courteau97,69.43238946451204,1.668978139771653,1.9025601855968156e-10,2.115691466042538e-11,0.7045802189539302,0.0
UGC12296,Scd:,Courteau97,69.43238946451204,2.712089477128936,1.623650272527817e-10,2.9065164762025573e-11,0.6381748464984167,0.0
UGC12296,Scd:,Courteau97,69.43238946451204,3.7552008144862192,1.8302607779650236e-10,2.6360368944361712e-11,0.6471201063675494,0.0
UGC12296,Scd:,Courteau97,69.43238946451204,4.889347323103774,1.74041764821105e-10,2.926899249681175e-11,0.6170233731325524,0.0
UGC12296,Scd:,Courteau97,69.43238946451204,6.110735870845757,1.323386501757301e-10,2.0917654069920973e-11,0.6600932034942706,0.0
UGC12296,Scd:,Courteau97,69.43238946451204,7.093157094029525,1.2342412412765517e-10,3.612864530357053e-11,0.4882819566071905,0.0
UGC12296,Scd:,Courteau97,69.43238946451204,8.136268431386808,1.0959182669462692e-10,1.4292857774753194e-11,0.7223702624526546,0.0
UGC12296,Scd:,Courteau97,69.43238946451204,9.179379768744091,1.4663911334305995e-10,4.38563872029001e-11,0.32395060161209605,0.0
UGC12296,Scd:,Courteau97,69.43238946451204,10.342354081594065,1.2621434857661093e-10,3.576378908237954e-11,0.3854695484505603,0.0
UGC12296,Scd:,Courteau97,69.43238946451204,11.354361735437422,1.0618008532678347e-10,3.6900002694335637e-11,0.33161050895574234,0.0
UGC12296,Scd:,Courteau97,69.43238946451204,12.517336048287397,1.0462534451374459e-10,3.3364290693472976e-11,0.31504271425754143,0.0
UGC12296,Scd:,Courteau97,69.43238946451204,13.533895460693767,1.0553336148229803e-10,3.9932718324353063e-11,0.21048204155700084,0.0
UGC12296,Scd:,Courteau97,69.43238946451204,14.608869107992145,8.975826395402355e-11,2.2884406889899424e-11,0.24437339903299,0.0
UGC12296,Scd:,Courteau97,69.43238946451204,15.646670060359247,7.516463152460958e-11,1.2504002110467099e-11,0.572847784438277,0.0
UGC12296,Scd:,Courteau97,69.43238946451204,16.71633332266744,5.5753833750950217e-11,2.2878353571388423e-11,0.2713459520335967,0.0
UGC12296,Scd:,Courteau97,69.43238946451204,17.96806692749618,5.3895542262331046e-11,2.9500902456880214e-11,0.14907221009656227,0.0
UGC12296,Scd:,Courteau97,69.43238946451204,19.21980053232492,5.350995875601052e-11,6.102353560133592e-12,0.698201077560367,0.0
UGC12296,Scd:,Courteau97,69.43238946451204,20.054289602210748,5.6097556736985915e-11,1.9435290107254233e-11,0.19110480994096762,0.0
UGC12296,Scd:,Courteau97,69.43238946451204,21.097400939568033,6.745029349895993e-11,6.905923020607103e-12,0.5983222669181306,0.0
UGC12296,Scd:,Courteau97,69.43238946451204,21.723267741982404,8.6307735029528e-11,1.9099576465239788e-11,0.1579806332646507,0.0
UGC12354,Scd:,Courteau97,69.65645504078344,0.17032966950282402,5.839123468726777e-11,4.837640823554646e-12,0.4411386010479375,0.0
UGC12354,Scd:,Courteau97,69.65645504078344,0.4947956948585557,1.1009624797419182e-10,1.3434430997345023e-11,0.5390063481379089,0.0
UGC12354,Scd:,Courteau97,69.65645504078344,0.7775360919205875,9.504655428739604e-11,1.9114317109292082e-11,0.5152880991045619,0.0
UGC12354,Scd:,Courteau97,69.65645504078344,1.0602764889826193,1.3048692373600367e-10,2.275062178021225e-11,0.4737090431172951,0.0
UGC12354,Scd:,Courteau97,69.65645504078344,1.3430168860446512,1.9783869205947683e-10,2.4352855294936623e-11,0.4766005035100027,0.0
UGC12354,Scd:,Courteau97,69.65645504078344,1.6257572831066829,1.4171539074380532e-10,2.4679717121759546e-11,0.4679895162534101,0.0
UGC12354,Scd:,Courteau97,69.65645504078344,1.9084976801687148,1.295460465372429e-10,2.4804725312893776e-11,0.44689425773939534,0.0
UGC12354,Scd:,Courteau97,69.65645504078344,2.2329637055244467,1.6504756482884788e-10,2.496593155531582e-11,0.42997920816067253,0.0
UGC12354,Scd:,Courteau97,69.65645504078344,2.5736230445300943,1.4221185828918314e-10,2.5627603718281263e-11,0.39713389847108643,0.0
UGC12354,Scd:,Courteau97,69.65645504078344,2.8980890698858257,1.0530523174300637e-10,2.4909008099355808e-11,0.3973833105317284,0.0
UGC12354,Scd:,Courteau97,69.65645504078344,3.180829466947858,1.0544753368494908e-10,2.4159836325884442e-11,0.38800234172365133,0.0
UGC12354,Scd:,Courteau97,69.65645504078344,3.488273949207734,1.1001611138302142e-10,2.337278497962828e-11,0.3772596494432545,0.0
UGC12354,Scd:,Courteau97,69.65645504078344,3.749737417399946,8.500988275559609e-11,2.330537620376842e-11,0.32408829075680895,0.0
UGC12354,Scd:,Courteau97,69.65645504078344,4.032477814461978,9.910416912166337e-11,2.1102458376244912e-11,0.33202881986535043,0.0
UGC12354,Scd:,Courteau97,69.65645504078344,4.31521821152401,1.5056179430992559e-10,2.2208170540531078e-11,0.3286858469877293,0.0
UGC12354,Scd:,Courteau97,69.65645504078344,4.597958608586041,1.393871125355982e-10,2.4676403486736127e-11,0.23376213152741654,0.0
UGC12354,Scd:,Courteau97,69.65645504078344,4.951384104913581,1.1204153676440548e-10,2.187199093420877e-11,0.1772783717250206,0.0
UGC12354,Scd:,Courteau97,69.65645504078344,5.304809601241121,1.3871652736494165e-10,1.8935151176027324e-11,0.2533709941081937,0.0
UGC12354,Scd:,Courteau97,69.65645504078344,5.516864899037645,1.0151759107455339e-10,2.1641495586732863e-11,0.14033510753941383,0.0
UGC12370,Sc,Courteau97/Mathewson96,81.33252736327367,0.3000145028413518,2.6649263299854692e-11,4.5798695045815725e-12,0.541181779181202,0.0
UGC12370,Sc,Courteau97/Mathewson96,81.33252736327367,0.8922774655349741,6.992216232566713e-11,1.1711939035026248e-11,0.45476104833698044,0.0
UGC12370,Sc,Courteau97/Mathewson96,81.33252736327367,1.5720242212687563,9.020638597315976e-11,1.4962199716409692e-11,0.36909946933531307,0.0
UGC12370,Sc,Courteau97/Mathewson96,81.33252736327367,2.2550817637505154,8.777437953176467e-11,1.323808806360536e-11,0.3811277377326748,0.0
UGC12370,Sc,Courteau97/Mathewson96,81.33252736327367,2.8492521755993505,1.0197910993099169e-10,1.1642019451215458e-11,0.3845193148220826,0.0
UGC12370,Sc,Courteau97/Mathewson96,81.33252736327367,3.4255402516180644,7.625932752734003e-11,1.0378408106783641e-11,0.37436005790290533,0.0
UGC12370,Sc,Courteau97/Mathewson96,81.33252736327367,4.0228674918187775,5.486576897617415e-11,8.171295910704571e-12,0.43010550391663904,0.0
UGC12370,Sc,Courteau97/Mathewson96,81.33252736327367,4.807248733425449,4.9867197678131296e-11,7.282096564775434e-12,0.44780267651300315,0.0
UGC12370,Sc,Courteau97/Mathewson96,81.33252736327367,5.329222194749473,5.088013973354904e-11,6.659277804387919e-12,0.44135493307050744,0.0
UGC12370,Sc,Courteau97/Mathewson96,81.33252736327367,5.935259665271097,4.535740062516369e-11,6.561568411204465e-12,0.3705121943218674,0.0
UGC12370,Sc,Courteau97/Mathewson96,81.33252736327367,6.66487531670424,4.3744089091330624e-11,8.269830112101348e-12,0.1965430507053066,0.0
UGC12370,Sc,Courteau97/Mathewson96,81.33252736327367,7.241998582960201,5.491420949109348e-11,6.289024724686258e-12,0.2198683979079965,0.0
UGC12370,Sc,Courteau97/Mathewson96,81.33252736327367,7.83198623130439,5.574666887570319e-11,5.026444597688331e-12,0.33269529698583467,0.0
UGC12370,Sc,Courteau97/Mathewson96,81.33252736327367,8.419790531597702,4.7172119116457846e-11,5.506391994881841e-12,0.23176107696673975,0.0
UGC12370,Sc,Courteau97/Mathewson96,81.33252736327367,9.14812614840133,4.813968369572568e-11,5.093423234512706e-12,0.19314623397745517,0.0
UGC12370,Sc,Courteau97/Mathewson96,81.33252736327367,9.499382910333795,4.950254870239519e-11,3.514834020775828e-12,0.3303981459897555,0.0
UGC12370,Sc,Courteau97/Mathewson96,81.33252736327367,11.46157585630136,4.764556217529837e-11,2.6339827260881282e-12,0.310869153708248,0.0
UGC12370,Sc,Courteau97/Mathewson96,81.33252736327367,12.311344454948731,4.8881250567493955e-11,3.1104920527343404e-12,0.14332023847198372,0.0
UGC12494,SABd,Courteau97/Mathewson96,75.82981792008638,0.2088293104650664,2.0897994182743335e-11,1.2305980524430205e-12,0.7005472527378523,0.0
UGC12494,SABd,Courteau97/Mathewson96,75.82981792008638,0.6290773028721455,2.4947019424924225e-11,3.74440354343702e-12,0.6840798660667173,0.0
UGC12494,SABd,Courteau97/Mathewson96,75.82981792008638,1.045266280531579,2.368254112178497e-11,6.013610306219272e-12,0.6363941696239626,0.0
UGC12494,SABd,Courteau97/Mathewson96,75.82981792008638,1.4485390183744213,2.188892238292681e-11,7.686856069649877e-12,0.5827161956753089,0.0
UGC12494,SABd,Courteau97/Mathewson96,75.82981792008638,1.8485313024880243,5.387737851606205e-11,9.092382048604853e-12,0.5315201141434855,0.0
UGC12494,SABd,Courteau97/Mathewson96,75.82981792008638,2.251703439749836,5.6372609697078727e-11,1.0475288456822548e-11,0.4731772128397837,0.0
UGC12494,SABd,Courteau97/Mathewson96,75.82981792008638,2.6664227741385704,7.959498447738846e-11,1.1129745851559011e-11,0.402046634800167,0.0
UGC12494,SABd,Courteau97/Mathewson96,75.82981792008638,3.122998948537076,5.821757291712043e-11,1.1454568445041731e-11,0.39715132024932676,0.0
UGC12494,SABd,Courteau97/Mathewson96,75.82981792008638,3.5052085490752187,5.1463445139880714e-11,1.0573610900148313e-11,0.3761418719982823,0.0
UGC12494,SABd,Courteau97/Mathewson96,75.82981792008638,3.8754772980389305,5.616033410463869e-11,9.71378674900079e-12,0.36589555372911337,0.0
UGC12494,SABd,Courteau97/Mathewson96,75.82981792008638,4.2901142079902606,5.1002403853567366e-11,8.802949754494434e-12,0.3523107495312237,0.0
UGC12494,SABd,Courteau97/Mathewson96,75.82981792008638,4.71572659273265,4.25853640106601e-11,7.704724813442181e-12,0.37115023241738904,0.0
UGC12494,SABd,Courteau97/Mathewson96,75.82981792008638,5.092261445713039,4.112421249672298e-11,6.923753863742844e-12,0.42007299132111064,0.0
UGC12494,SABd,Courteau97/Mathewson96,75.82981792008638,5.5362336794899765,4.0730744804633124e-11,6.679152447619782e-12,0.4102184427135258,0.0
UGC12494,SABd,Courteau97/Mathewson96,75.82981792008638,6.009603152619203,6.297985592601679e-11,7.0705746964305744e-12,0.35749632891258487,0.0
UGC12494,SABd,Courteau97/Mathewson96,75.82981792008638,6.425087926211427,6.176271739399136e-11,7.331055037188445e-12,0.2761082560872865,0.0
UGC12494,SABd,Courteau97/Mathewson96,75.82981792008638,6.761478773422539,5.252062233807017e-11,5.0435352113459055e-12,0.44776835923554614,0.0
UGC12494,SABd,Courteau97/Mathewson96,75.82981792008638,7.2079528999103095,5.6361072742158916e-11,7.088579209687706e-12,0.27811463884262927,0.0
UGC12494,SABd,Courteau97/Mathewson96,75.82981792008638,7.787937119239812,2.9865291244183954e-11,7.134781576960402e-12,0.20556971548546113,0.0
UGC12494,SABd,Courteau97/Mathewson96,75.82981792008638,8.23827780718978,3.480685213834745e-11,4.180697882847375e-12,0.42639728966901,0.0
UGC12543,Scd:,Courteau97,78.86719530946387,0.2183530797760163,2.1062516618857193e-11,1.531087277163235e-12,0.6356619796757583,0.0
UGC12543,Scd:,Courteau97,78.86719530946387,0.6550592393280489,5.68755924810701e-11,4.427809418042677e-12,0.6543401913937141,0.0
UGC12543,Scd:,Courteau97,78.86719530946387,1.0917653988800815,4.8011746730820124e-11,6.6082623672221165e-12,0.5920445333283275,0.0
UGC12543,Scd:,Courteau97,78.86719530946387,1.5192080944416164,9.471941036473834e-11,7.851383511142534e-12,0.5616125371274007,0.0
UGC12543,Scd:,Courteau97,78.86719530946387,1.9559142539936492,4.325809625158653e-11,8.159798513006018e-12,0.5404652943443113,0.0
UGC12543,Scd:,Courteau97,78.86719530946387,2.4018838775361795,5.586127379574188e-11,7.92818942717577e-12,0.5290719394623293,0.0
UGC12543,Scd:,Courteau97,78.86719530946387,2.838590037088212,4.141607458130781e-11,7.428625224757227e-12,0.563595793893148,0.0
UGC12543,Scd:,Courteau97,78.86719530946387,3.2752961966402445,3.1952976502785814e-11,7.689206955134068e-12,0.5282157948239473,0.0
UGC12543,Scd:,Courteau97,78.86719530946387,3.712002356192277,3.592525493272954e-11,7.600934514984635e-12,0.5455717595617143,0.0
UGC12543,Scd:,Courteau97,78.86719530946387,4.1487085157443095,4.7078622380817236e-11,6.84853146264176e-12,0.5681972680053289,0.0
UGC12543,Scd:,Courteau97,78.86719530946387,4.5854146752963425,5.2550989166960866e-11,6.489630552501622e-12,0.5716725738532167,0.0
UGC12543,Scd:,Courteau97,78.86719530946387,5.022120834848375,4.7474187115335614e-11,6.667026551680158e-12,0.5520527318963391,0.0
UGC12543,Scd:,Courteau97,78.86719530946387,5.4588269944004075,7.166860942822803e-11,7.644964131325535e-12,0.49023610169297216,0.0
UGC12543,Scd:,Courteau97,78.86719530946387,5.8955331539524405,6.759035459486738e-11,9.224446736811464e-12,0.3926372385416469,0.0
UGC12543,Scd:,Courteau97,78.86719530946387,6.332239313504473,6.355715626568072e-11,7.895489067158594e-12,0.3552003943640384,0.0
UGC12543,Scd:,Courteau97,78.86719530946387,6.7689454730565055,8.241469554096645e-11,5.2025502492468165e-12,0.5672683100281257,0.0
UGC12543,Scd:,Courteau97,78.86719530946387,7.2056516326085385,9.853164612060226e-11,9.042713817513058e-12,0.3375716620885192,0.0
UGC12543,Scd:,Courteau97,78.86719530946387,7.57883689622573,1.0479434004206629e-10,5.793504383771255e-12,0.43374741543382966,0.0
UGC12543,Scd:,Courteau97,78.86719530946387,7.997677803796089,9.31289655003476e-11,7.98516754440853e-12,0.3276831633091257,0.0
UGC12543,Scd:,Courteau97,78.86719530946387,8.434383963348122,6.286508794231168e-11,7.934113436606527e-12,0.20796780696374842,0.0
UGC12543,Scd:,Courteau97,78.86719530946387,8.761913583012145,2.35734279541527e-11,7.712454305438425e-12,0.27507005134146806,0.0
UGC12547,SB?,Courteau97,62.64806800677657,0.19362047851065378,1.6217072299403663e-10,5.215875550820387e-12,0.5389748912543021,0.0
UGC12547,SB?,Courteau97,62.64806800677657,0.6318481615397669,8.968861391212731e-11,1.5655973260709618e-11,0.6046079243843069,0.0
UGC12547,SB?,Courteau97,62.64806800677657,1.0649126318085957,1.109580369030793e-10,2.30162096188967e-11,0.5355880784485735,0.0
UGC12547,SB?,Courteau97,62.64806800677657,1.4979771020774248,1.307466999228493e-10,2.8585327269518613e-11,0.48182520122756495,0.0
UGC12547,SB?,Courteau97,62.64806800677657,1.9362047851065378,6.954045241702638e-11,3.214478781206215e-11,0.3979943433278628,0.0
UGC12547,SB?,Courteau97,62.64806800677657,2.3234457421278454,3.8111489669431814e-11,3.0432754091457204e-11,0.4024234657282252,0.0
UGC12547,SB?,Courteau97,62.64806800677657,2.7106866991491527,6.01260940120686e-11,3.0423225648737964e-11,0.3900281511639707,0.0
UGC12547,SB?,Courteau97,62.64806800677657,3.1285842319346475,3.5373452750398805e-11,2.7458409292438158e-11,0.3578244332035589,0.0
UGC12547,SB?,Courteau97,62.64806800677657,3.6432920039754686,4.882197815382961e-12,2.2540444158843058e-11,0.4333092078553584,0.0
UGC12547,SB?,Courteau97,62.64806800677657,4.030532960996776,2.623158179740752e-11,1.980585064352467e-11,0.46153757013483504,0.0
UGC12547,SB?,Courteau97,62.64806800677657,4.417773918018083,2.2822464868741248e-11,1.96332941495249e-11,0.44825430660751,0.0
UGC12547,SB?,Courteau97,62.64806800677657,4.901825114294718,1.5532020193070007e-11,1.819491844678078e-11,0.44909387264051315,0.0
UGC12547,SB?,Courteau97,62.64806800677657,6.257168463869295,2.6401532414390467e-11,2.1572125592519407e-11,0.2560117059634621,0.0
UGC12547,SB?,Courteau97,62.64806800677657,6.547599181635276,1.0508471750678908e-11,1.5088382825357406e-11,0.4073789932428373,0.0
UGC12547,SB?,Courteau97,62.64806800677657,6.926234784056109,2.313330238950965e-11,2.109900338978836e-11,0.22498726001857625,0.0
UGC12547,SB?,Courteau97,62.64806800677657,7.322081095677891,3.222496819802365e-11,1.2652063051021187e-11,0.4014937026515057,0.0
UGC12547,SB?,Courteau97,62.64806800677657,7.612511813443872,5.543716434565299e-11,1.9744886276276228e-11,0.1911546173746593,0.0
UGC12547,SB?,Courteau97,62.64806800677657,8.26436742442974,1.2406827846249075e-11,1.709857707847278e-11,0.15155968884758345,0.0
UGC12547,SB?,Courteau97,62.64806800677657,8.457987902940392,6.723062212319868e-12,1.6936662167153502e-11,0.1824032355984309,0.0
UGC12555,Scd:,Mathewson96,81.14455200942078,0.27632934332048575,1.1350453757880768e-11,1.025674418577041e-12,0.608512324085848,0.0
UGC12555,Scd:,Mathewson96,81.14455200942078,0.8289880299614574,4.7833744492852014e-11,2.6704527592010028e-12,0.6000312743197129,0.0
UGC12555,Scd:,Mathewson96,81.14455200942078,1.240411718905292,4.071955734737792e-11,3.3967193128595224e-12,0.5549870955961613,0.0
UGC12555,Scd:,Mathewson96,81.14455200942078,1.6579760599229147,5.824064104593351e-11,3.772123540820783e-12,0.5273019455209266,0.0
UGC12555,Scd:,Mathewson96,81.14455200942078,2.2106347465638865,3.0675477322717915e-11,4.007967874017852e-12,0.4981710567394623,0.0
UGC12555,Scd:,Mathewson96,81.14455200942078,2.763293433204858,5.316791962226475e-11,4.3711814235406236e-12,0.44994152945376914,0.0
UGC12555,Scd:,Mathewson96,81.14455200942078,3.1808577742224813,3.783670575703678e-11,4.371327334732203e-12,0.44275755691432217,0.0
UGC12555,Scd:,Mathewson96,81.14455200942078,3.592281463166316,4.971086014603483e-11,4.248297764012659e-12,0.38706653560050613,0.0
UGC12555,Scd:,Mathewson96,81.14455200942078,4.286175147504424,7.764491952865216e-11,3.557067820631367e-12,0.4311959483828811,0.0
UGC12555,Scd:,Mathewson96,81.14455200942078,4.838833834145396,4.920512372744427e-11,3.5785689139450106e-12,0.30719515247205276,0.0
UGC12555,Scd:,Mathewson96,81.14455200942078,5.25025752308923,5.3084969402589675e-11,2.9619603673782838e-12,0.4118167937865632,0.0
UGC12555,Scd:,Mathewson96,81.14455200942078,5.661681212033065,4.000415453492484e-11,2.91558722013034e-12,0.4217417464469016,0.0
UGC12555,Scd:,Mathewson96,81.14455200942078,6.079245553050688,5.757421438731669e-11,3.489512817185147e-12,0.316454094576991,0.0
UGC12555,Scd:,Mathewson96,81.14455200942078,6.631904239691659,4.564712301047715e-11,3.416018682548687e-12,0.2774104919992931,0.0
UGC12555,Scd:,Mathewson96,81.14455200942078,7.184562926332631,2.4785464083583545e-11,3.2170074759667524e-12,0.23643710732186843,0.0
UGC12555,Scd:,Mathewson96,81.14455200942078,7.872315958596951,3.595558958152219e-11,2.9681088509558453e-12,0.20511800834403812,0.0
UGC12555,Scd:,Mathewson96,81.14455200942078,8.707444640632197,4.136946357771264e-11,2.818108929238202e-12,0.1914727243283644,0.0
UGC12555,Scd:,Mathewson96,81.14455200942078,9.26010332727317,3.1369465825331714e-11,1.406051113320648e-12,0.46253553249835033,0.0
UGC12555,Scd:,Mathewson96,81.14455200942078,9.81276201391414,1.549118615956461e-11,2.3583467386352635e-12,0.19478387062516522,0.0
UGC12561,Sdm:,Courteau97,76.60695871391184,0.13015085448331032,3.607050245171642e-11,6.23311649605303e-13,0.36559746755824557,0.0
UGC12561,Sdm:,Courteau97,76.60695871391184,0.3904525634499309,2.3207218123375366e-10,1.838726499800667e-12,0.6049409862429166,0.0
UGC12561,Sdm:,Courteau97,76.60695871391184,0.7274643972559572,1.9868658237765318e-11,3.091231430035137e-12,0.5554606356848205,0.0
UGC12561,Sdm:,Courteau97,76.60695871391184,1.1062822631081377,9.686679589509912e-11,4.0182205413085166e-12,0.5314038626949672,0.0
UGC12561,Sdm:,Courteau97,76.60695871391184,1.668691713087533,4.4317563948428156e-11,4.542802280101089e-12,0.49318985525741216,0.0
UGC12561,Sdm:,Courteau97,76.60695871391184,1.9289934220541536,2.7714613360170473e-11,4.766470347492509e-12,0.43116366873886974,0.0
UGC12561,Sdm:,Courteau97,76.60695871391184,2.26600525586018,7.630109987647894e-11,4.8840882060826846e-12,0.4385186747807427,0.0
UGC12561,Sdm:,Courteau97,76.60695871391184,2.4310602031367416,4.717358048638682e-11,4.9390124605275315e-12,0.435848755803614,0.0
UGC12561,Sdm:,Courteau97,76.60695871391184,3.2119653300366036,1.8898002178433497e-10,4.710489890926927e-12,0.40018012330238245,0.0
UGC12561,Sdm:,Courteau97,76.60695871391184,3.407191611761569,7.722679399104828e-11,4.385424827973915e-12,0.3564300189323461,0.0
UGC12561,Sdm:,Courteau97,76.60695871391184,4.466935084478705,4.935861012472669e-11,3.3498605717736834e-12,0.42151864993172644,0.0
UGC12561,Sdm:,Courteau97,76.60695871391184,4.6854307613991715,2.5721342627854072e-11,4.09876581532028e-12,0.3449952995099931,0.0
UGC12561,Sdm:,Courteau97,76.60695871391184,4.922463075170292,4.357151012333977e-11,3.111145959825116e-12,0.41631447470349026,0.0
UGC12561,Sdm:,Courteau97,76.60695871391184,5.1827647841369116,1.0843461175281625e-10,3.91197442306244e-12,0.33218192582499007,0.0
UGC12562,Sdm:,Courteau97,81.96470083696065,0.1170277555571716,1.7512233322959354e-11,1.7803762099370677e-13,0.5859684877831699,0.0
UGC12562,Sdm:,Courteau97,81.96470083696065,0.4992829607543694,4.454699778623994e-11,8.084154390701633e-13,0.7513404791001579,0.0
UGC12562,Sdm:,Courteau97,81.96470083696065,0.7925970717281167,1.1034442970073364e-11,1.3203810214808573e-12,0.6873319999863512,0.0
UGC12562,Sdm:,Courteau97,81.96470083696065,1.0532498000145445,2.685854323714483e-11,1.7604579339634218e-12,0.6448852119909695,0.0
UGC12562,Sdm:,Courteau97,81.96470083696065,1.321264638014205,6.450498233296848e-11,2.2296100328721214e-12,0.6136584425511389,0.0
UGC12562,Sdm:,Courteau97,81.96470083696065,1.6383885778004024,2.644699279802209e-11,2.7332845670099212e-12,0.5588929247379872,0.0
UGC12562,Sdm:,Courteau97,81.96470083696065,1.930505814001406,2.407529790003024e-11,3.0812101040148762e-12,0.5205620236757025,0.0
UGC12562,Sdm:,Courteau97,81.96470083696065,2.260570025320473,3.079602464644261e-11,3.2569240634063005e-12,0.47023861758334984,0.0
UGC12562,Sdm:,Courteau97,81.96470083696065,2.6000020989180586,4.119811927809363e-11,3.4487301750913317e-12,0.4642788024880375,0.0
UGC12562,Sdm:,Courteau97,81.96470083696065,2.865307567061789,2.5702603318805104e-11,3.5223703106214973e-12,0.4447965747415408,0.0
UGC12562,Sdm:,Courteau97,81.96470083696065,3.1579407892759312,2.9089726809767572e-11,3.666627935850488e-12,0.4134331685059104,0.0
UGC12562,Sdm:,Courteau97,81.96470083696065,3.440616013380845,2.4870223401040887e-11,3.8643448693957504e-12,0.36463023453350857,0.0
UGC12562,Sdm:,Courteau97,81.96470083696065,5.6077572685622865,2.7217770728679605e-11,2.9991134959310745e-12,0.23636610403886474,0.0
UGC12564,Sd,Courteau97,74.84351108530865,0.48739687295469425,2.86709577039577e-10,9.688444643140309e-12,0.8077135921988701,0.0
UGC12564,Sd,Courteau97,74.84351108530865,1.2184921823867354,3.8174727143585727e-10,2.2200321199852012e-11,0.7574861949213326,0.0
UGC12564,Sd,Courteau97,74.84351108530865,1.949587491818777,3.9155145919102604e-10,3.16345928598066e-11,0.7084207711969753,0.0
UGC12564,Sd,Courteau97,74.84351108530865,4.142873420114901,2.7250311164281894e-10,5.046539881064821e-11,0.571449994009996,0.0
UGC12564,Sd,Courteau97,74.84351108530865,5.198899978183404,2.0092045081464472e-10,4.1638499928296577e-11,0.6389537844684857,0.0
UGC12564,Sd,Courteau97,74.84351108530865,6.092460911933678,2.1531160668861043e-10,6.36962644549654e-11,0.46439365339003236,0.0
UGC12564,Sd,Courteau97,74.84351108530865,7.067254657843066,2.29680248246091e-10,2.362068961316697e-11,0.748879964508058,0.0
UGC12564,Sd,Courteau97,74.84351108530865,8.042048403752455,1.7745589166025948e-10,6.971013919748516e-11,0.35323107481792243,0.0
UGC12564,Sd,Courteau97,74.84351108530865,9.016842149661842,1.761673025637123e-10,6.680306343596192e-11,0.3697701347969479,0.0
UGC12564,Sd,Courteau97,74.84351108530865,9.991635895571232,1.673897611472192e-10,5.6644059930181926e-11,0.3967191985366763,0.0
UGC12564,Sd,Courteau97,74.84351108530865,11.047662453639736,1.466485831755321e-10,4.952229345050036e-11,0.4080899853608818,0.0
UGC12564,Sd,Courteau97,74.84351108530865,11.941223387390007,1.3899975407111438e-10,6.605958050827565e-11,0.26719145452178444,0.0
UGC12564,Sd,Courteau97,74.84351108530865,12.916017133299396,1.1883440014892526e-10,6.588397597668725e-11,0.20360798390953436,0.0
UGC12564,Sd,Courteau97,74.84351108530865,13.890810879208786,1.2269044609231682e-10,1.0084736749457413e-11,0.8100795543042728,0.0
UGC12564,Sd,Courteau97,74.84351108530865,14.865604625118173,1.219804079049261e-10,3.6455104302169194e-11,0.36752051879295555,0.0
UGC12564,Sd,Courteau97,74.84351108530865,15.840398371027563,1.2272613914213824e-10,5.907932421099767e-11,0.13602422927685942,0.0
UGC12564,Sd,Courteau97,74.84351108530865,16.81519211693695,8.364631696530436e-11,1.749224067471587e-11,0.582858980163614,0.0
UGC12564,Sd,Courteau97,74.84351108530865,17.78998586284634,7.065731172097013e-11,3.635429042895637e-11,0.1821458985724204,0.0
UGC12564,Sd,Courteau97,74.84351108530865,18.764779608755724,6.891287110799929e-11,2.9029700271017307e-11,0.1109403700013367,0.0
UGC12564,Sd,Courteau97,74.84351108530865,19.495874918187766,6.979790653955773e-11,3.142119348845057e-11,0.14538219121891094,0.0
UGC12565,S?,Mathewson96,52.37552921537911,0.4865353792451457,1.1346207837440791e-10,3.712687056806697e-11,0.6524302576409313,0.0
UGC12565,S?,Mathewson96,52.37552921537911,0.5838424550941749,1.5160991704841912e-10,4.4103753906358564e-11,0.6437943488004426,0.0
UGC12565,S?,Mathewson96,52.37552921537911,1.6055667515089809,2.022618395421165e-10,9.689175587424816e-11,0.5234589883233192,0.0
UGC12565,S?,Mathewson96,52.37552921537911,2.6759445858483017,2.2940726534518987e-10,1.0569168968563326e-10,0.4323432172236998,0.0
UGC12565,S?,Mathewson96,52.37552921537911,3.7463224201876217,1.8888369745032703e-10,9.59718828931044e-11,0.43629879471289196,0.0
UGC12565,S?,Mathewson96,52.37552921537911,4.816700254526943,1.451317611991107e-10,8.492575922833434e-11,0.35249162150963664,0.0
UGC12565,S?,Mathewson96,52.37552921537911,5.8870780888662635,1.2553840859575238e-10,9.087994560819217e-11,0.27764458424787225,0.0
UGC12565,S?,Mathewson96,52.37552921537911,6.957455923205584,1.386866391765163e-10,5.7451147563492076e-11,0.38804531285744237,0.0
UGC12565,S?,Mathewson96,52.37552921537911,8.027833757544904,1.5697246904513402e-10,6.853235458246222e-11,0.24513789556302684,0.0
UGC12565,S?,Mathewson96,52.37552921537911,9.098211591884224,7.117598494333921e-11,4.186298100565113e-11,0.36979264598982403,0.0
UGC12565,S?,Mathewson96,52.37552921537911,10.21724296414806,1.1918774920013213e-10,3.226033268279572e-11,0.37596978116850827,0.0
UGC12571,(R:)SB(r)b,Mathewson96,65.9347790488877,0.19871322812886333,6.470662123349626e-11,1.1757158001279216e-11,0.3931549054761155,0.0
UGC12571,(R:)SB(r)b,Mathewson96,65.9347790488877,0.7043279974789712,2.2006314217115957e-10,3.1631694099212987e-11,0.5213532224194553,0.0
UGC12571,(R:)SB(r)b,Mathewson96,65.9347790488877,1.2828042838096623,3.387814417302403e-10,3.6505061091534964e-11,0.5142520952531057,0.0
UGC12571,(R:)SB(r)b,Mathewson96,65.9347790488877,1.8612805701403534,2.617841009602416e-10,3.657694609862214e-11,0.5197234396253777,0.0
UGC12571,(R:)SB(r)b,Mathewson96,65.9347790488877,2.2940338225098778,2.087606853285554e-10,3.918137405375434e-11,0.4834203616570368,0.0
UGC12571,(R:)SB(r)b,Mathewson96,65.9347790488877,2.872510108840569,2.3050254785738856e-10,4.8920404800772605e-11,0.3051564943005461,0.0
UGC12571,(R:)SB(r)b,Mathewson96,65.9347790488877,3.378124878190677,2.0716455066322094e-10,5.394038054493081e-11,0.27026624817106126,0.0
UGC12571,(R:)SB(r)b,Mathewson96,65.9347790488877,3.7755513344484033,2.0583003772874262e-10,4.942581532525018e-11,0.21567712208105128,0.0
UGC12571,(R:)SB(r)b,Mathewson96,65.9347790488877,4.281166103798512,1.5586696163378165e-10,4.5410512435177135e-11,0.17556527434242905,0.0
UGC12571,(R:)SB(r)b,Mathewson96,65.9347790488877,4.76911747509272,1.4127696387139997e-10,3.9940504603895246e-11,0.16509915279275278,0.0
UGC12571,(R:)SB(r)b,Mathewson96,65.9347790488877,5.292395642498727,1.1332658967740186e-10,3.371743639456491e-11,0.15782506314243955,0.0
UGC12571,(R:)SB(r)b,Mathewson96,65.9347790488877,6.087248555014181,6.944836617934917e-11,2.3583243347889818e-11,0.16952190509045179,0.0
UGC12571,(R:)SB(r)b,Mathewson96,65.9347790488877,6.557536528252491,9.161090384749586e-11,2.0930740557688623e-11,0.17803154144494288,0.0
UGC12571,(R:)SB(r)b,Mathewson96,65.9347790488877,7.0278245014908,1.0260876771115848e-10,2.0368054354249398e-11,0.12767032802957612,0.0
UGC12571,(R:)SB(r)b,Mathewson96,65.9347790488877,7.822677414006254,9.094437489744781e-11,1.5726479630256057e-11,0.1490504939436622,0.0
UGC12571,(R:)SB(r)b,Mathewson96,65.9347790488877,8.617530326521708,1.417277613877285e-10,1.3043097272463643e-11,0.15039380567630356,0.0
UGC12571,(R:)SB(r)b,Mathewson96,65.9347790488877,9.014956782779434,5.209462343651441e-11,1.1579058213986341e-11,0.1115752395060414,0.0
UGC12571,(R:)SB(r)b,Mathewson96,65.9347790488877,9.809809695294886,5.649341701434935e-11,8.91444261137405e-12,0.2111119777368515,0.0
UGC12571,(R:)SB(r)b,Mathewson96,65.9347790488877,10.207236151552614,7.31578269202921e-11,1.0736922504057417e-11,0.09846690164266216,0.0
UGC12631,Sb,Courteau97,77.4835397024068,1.2300480204267974,3.4364483016004396e-10,6.144842536751184e-11,0.5842636029967476,0.0
UGC12631,Sb,Courteau97,77.4835397024068,1.872015198571417,4.841768590338805e-10,7.84740058306057e-11,0.5417472957123418,0.0
UGC12631,Sb,Courteau97,77.4835397024068,2.6217550484409213,5.643105228316223e-10,8.83379664053792e-11,0.4580934274908571,0.0
UGC12631,Sb,Courteau97,77.4835397024068,3.1123736009502343,4.3058152366749676e-10,9.181444285695181e-11,0.44058456825991804,0.0
UGC12631,Sb,Courteau97,77.4835397024068,3.8827342147237776,4.01389024064392e-10,9.109738728548983e-11,0.32197607609346196,0.0
UGC12631,Sb,Courteau97,77.4835397024068,4.460504675053936,3.4270544369733563e-10,8.940626242893786e-11,0.3366366579969712,0.0
UGC12631,Sb,Courteau97,77.4835397024068,7.156766823261338,1.1377659878076483e-10,5.146730092756348e-11,0.3676945306288331,0.0
UGC12631,Sb,Courteau97,77.4835397024068,7.9271274370348825,1.5265394697823085e-10,4.303557540816394e-11,0.40842284483899793,0.0
UGC12631,Sb,Courteau97,77.4835397024068,8.473966751508982,1.4847571816119825e-10,5.0975179013600714e-11,0.29683932990492623,0.0
UGC12631,Sb,Courteau97,77.4835397024068,9.05173721183914,1.5480893269735726e-10,1.857400814786085e-11,0.6594456613846744,0.0
UGC12631,Sb,Courteau97,77.4835397024068,9.70401477193578,1.6560296790030567e-10,3.0494709455213415e-11,0.47720013522893523,0.0
UGC12631,Sb,Courteau97,77.4835397024068,10.39986828594284,1.7859550794520577e-10,4.6569434920012375e-11,0.2855903082829438,0.0
UGC12631,Sb,Courteau97,77.4835397024068,11.095721799949905,1.495875169736665e-10,2.2171106033070414e-11,0.48440367913397564,0.0
UGC12631,Sb,Courteau97,77.4835397024068,11.99447584935237,1.371648049795441e-10,1.4099548408352572e-11,0.6704628254923537,0.0
UGC12631,Sb,Courteau97,77.4835397024068,12.680018981407411,1.147961310625059e-10,3.782902318207412e-11,0.26881298376018675,0.0
UGC12631,Sb,Courteau97,77.4835397024068,13.25778944173757,8.902077676250292e-11,1.171853802603217e-11,0.6894334531765101,0.0
UGC12631,Sb,Courteau97,77.4835397024068,14.090012347223233,1.1049807045422618e-10,3.03373728455908e-11,0.2821610737311982,0.0
UGC12631,Sb,Courteau97,77.4835397024068,14.475192654110005,1.166095112148214e-10,1.6483913299153954e-11,0.5303822206688775,0.0
UGC12666,Scd:,Courteau97/ShellFlow,67.92757166545937,0.3037742991185723,7.708053240144819e-11,8.314365975976205e-12,0.6288638713553012,0.0
UGC12666,Scd:,Courteau97/ShellFlow,67.92757166545937,0.8928262271834776,1.109121298103214e-10,2.1502617067118975e-11,0.6030508032992664,0.0
UGC12666,Scd:,Courteau97/ShellFlow,67.92757166545937,1.4573767689622574,1.2148482654031302e-10,2.799648448721467e-11,0.5536131248379774,0.0
UGC12666,Scd:,Courteau97/ShellFlow,67.92757166545937,2.0219273107410367,1.1125813359392311e-10,2.957212825995977e-11,0.513376984890031,0.0
UGC12666,Scd:,Courteau97/ShellFlow,67.92757166545937,2.586477852519817,1.0921825766657099e-10,3.178448945368808e-11,0.4978356162591392,0.0
UGC12666,Scd:,Courteau97/ShellFlow,67.92757166545937,3.151028394298596,1.0721147393717997e-10,3.053230657324295e-11,0.4879882721432368,0.0
UGC12666,Scd:,Courteau97/ShellFlow,67.92757166545937,3.76307287054448,8.837822308753485e-11,2.8110207240126965e-11,0.49068530826511725,0.0
UGC12666,Scd:,Courteau97/ShellFlow,67.92757166545937,4.372130306886771,9.030956376423795e-11,2.318001036508094e-11,0.47811383258791107,0.0
UGC12666,Scd:,Courteau97/ShellFlow,67.92757166545937,4.936680848665552,1.0152026126076003e-10,3.040853621294285e-11,0.40421884665048463,0.0
UGC12666,Scd:,Courteau97/ShellFlow,67.92757166545937,5.499672698712821,9.891867189487934e-11,3.047219473229689e-11,0.38813072381812525,0.0
UGC12666,Scd:,Courteau97/ShellFlow,67.92757166545937,6.045594973456477,8.233143852406859e-11,2.925139140196831e-11,0.3684993207890733,0.0
UGC12666,Scd:,Courteau97/ShellFlow,67.92757166545937,6.648314454221511,8.034052057113981e-11,2.5531411637882735e-11,0.3903283681097844,0.0
UGC12666,Scd:,Courteau97/ShellFlow,67.92757166545937,7.22099280816873,9.724806405806727e-11,2.6703347922473747e-11,0.3409493595150201,0.0
UGC12666,Scd:,Courteau97/ShellFlow,67.92757166545937,7.850653773495262,7.866065013695215e-11,2.5351774462582202e-11,0.29372617681676605,0.0
UGC12666,Scd:,Courteau97/ShellFlow,67.92757166545937,8.452032525925386,8.22089441982954e-11,1.1611812529395699e-11,0.5981975074024871,0.0
UGC12666,Scd:,Courteau97/ShellFlow,67.92757166545937,8.953074616633941,7.663930861657673e-11,2.2650526270038298e-11,0.33557184938344803,0.0
UGC12666,Scd:,Courteau97/ShellFlow,67.92757166545937,9.534166721612166,6.924186776901239e-11,2.862830177008717e-11,0.16873005281392006,0.0
UGC12666,Scd:,Courteau97/ShellFlow,67.92757166545937,10.083813593738636,6.587851154303346e-11,1.5518198255126824e-11,0.4075549743721686,0.0
UGC12666,Scd:,Courteau97/ShellFlow,67.92757166545937,10.62089166573744,6.490117259809157e-11,2.5204992551026556e-11,0.14921138045726612,0.0
UGC12666,Scd:,Courteau97/ShellFlow,67.92757166545937,11.602140911933677,7.889810324397033e-11,2.1451325269931297e-11,0.12477221487822589,0.0
UGC12667,Scd: HII,Courteau97,51.2551343071332,0.12775102901607155,3.551214263930762e-11,1.1933607510580686e-11,0.24339061263777279,0.0
UGC12667,Scd: HII,Courteau97,51.2551343071332,0.4471286015562504,9.435648248900591e-11,3.867902011171033e-11,0.5191525699423124,0.0
UGC12667,Scd: HII,Courteau97,51.2551343071332,0.7665061740964294,1.7915797453548484e-10,5.766235283171836e-11,0.5045064125394575,0.0
UGC12667,Scd: HII,Courteau97,51.2551343071332,1.0858837466366082,2.0059392300927249e-10,6.705917263661013e-11,0.4896570444192618,0.0
UGC12667,Scd: HII,Courteau97,51.2551343071332,1.405261319176787,2.3102743331697356e-10,6.797858229493855e-11,0.46749886402645036,0.0
UGC12667,Scd: HII,Courteau97,51.2551343071332,1.724638891716966,1.5504966615417863e-10,6.657662122266783e-11,0.4833199895466744,0.0
UGC12667,Scd: HII,Courteau97,51.2551343071332,2.044016464257145,1.3096238581098918e-10,6.604131315207237e-11,0.46410691429937534,0.0
UGC12667,Scd: HII,Courteau97,51.2551343071332,2.299518522289288,1.1810944672601402e-10,6.616536063114073e-11,0.45886373333808866,0.0
UGC12667,Scd: HII,Courteau97,51.2551343071332,2.6200574678205224,1.0592032992689475e-10,6.489996425372067e-11,0.4681962109173436,0.0
UGC12667,Scd: HII,Courteau97,51.2551343071332,2.9599526298693433,1.0644121708496543e-10,6.139723367131589e-11,0.4637527949537546,0.0
UGC12667,Scd: HII,Courteau97,51.2551343071332,3.2576512399098245,1.1431340944583266e-10,5.997102326069418e-11,0.4584057532078523,0.0
UGC12667,Scd: HII,Courteau97,51.2551343071332,3.5770288124500036,1.067043020220738e-10,5.774194266358404e-11,0.4583811367546817,0.0
UGC12667,Scd: HII,Courteau97,51.2551343071332,3.8964063849901827,1.3608877599612348e-10,5.916813066074402e-11,0.4395609273123036,0.0
UGC12667,Scd: HII,Courteau97,51.2551343071332,4.215783957530361,1.3068030572854573e-10,6.652049966742392e-11,0.3726771505343702,0.0
UGC12667,Scd: HII,Courteau97,51.2551343071332,4.471286015562504,1.3045275589139627e-10,6.340163798272082e-11,0.26357239646313607,0.0
UGC12667,Scd: HII,Courteau97,51.2551343071332,4.790431313504472,1.3483796389053493e-10,5.615246783641096e-11,0.38025777973589336,0.0
UGC12667,Scd: HII,Courteau97,51.2551343071332,5.108879787651807,1.3890678925403426e-10,6.870539451579664e-11,0.27475628566681215,0.0
UGC12667,Scd: HII,Courteau97,51.2551343071332,5.428257360191986,1.2500984346436636e-10,6.389655806999393e-11,0.1941950796391203,0.0
UGC12667,Scd: HII,Courteau97,51.2551343071332,5.684920791215184,1.034805245084073e-10,5.991752963963037e-11,0.26085500640622095,0.0
UGC12667,Scd: HII,Courteau97,51.2551343071332,6.069335251254454,1.3882630810085802e-10,6.333873044764545e-11,0.1660864378347321,0.0
UGC12701,Scd:,Courteau97,83.07309288472648,0.4667027646959009,1.218691084478234e-10,6.136218769116955e-12,0.7540023732774199,0.0
UGC12701,Scd:,Courteau97,83.07309288472648,1.39424349375803,1.0432975979545778e-10,1.592806383464428e-11,0.6505046810205144,0.0
UGC12701,Scd:,Courteau97,83.07309288472648,2.2331355101447166,1.2164604312938246e-10,2.100078353882485e-11,0.5914448059877018,0.0
UGC12701,Scd:,Courteau97,83.07309288472648,3.072027526531404,8.816076207403336e-11,2.2675110298796553e-11,0.5280527655664278,0.0
UGC12701,Scd:,Courteau97,83.07309288472648,3.9995682555935326,9.148165811846253e-11,2.159763067125609e-11,0.5453498399421617,0.0
UGC12701,Scd:,Courteau97,83.07309288472648,4.932973784985334,6.691890130592876e-11,1.8770432396131474e-11,0.5373812916626675,0.0
UGC12701,Scd:,Courteau97,83.07309288472648,5.811791557462488,6.10845984508774e-11,2.2402213991249806e-11,0.4623003466173864,0.0
UGC12701,Scd:,Courteau97,83.07309288472648,6.793920043439266,5.779666429576706e-11,2.885944844512436e-11,0.27221403670413197,0.0
UGC12701,Scd:,Courteau97,83.07309288472648,7.601307555490915,6.639181034810175e-11,2.5657550487521567e-11,0.283804024945148,0.0
UGC12701,Scd:,Courteau97,83.07309288472648,8.593812226666344,6.72934624195415e-11,1.7230931455557062e-11,0.3717861840345953,0.0
UGC12701,Scd:,Courteau97,83.07309288472648,9.399244805274769,7.79594478353332e-11,1.716800284980606e-11,0.2983686102444173,0.0
UGC12701,Scd:,Courteau97,83.07309288472648,10.326785534336897,6.783870535127461e-11,1.5525616668079165e-11,0.25527933798652913,0.0
UGC12701,Scd:,Courteau97,83.07309288472648,11.21586670739098,5.6317134606716267e-11,1.583092888808802e-11,0.16007620325509775,0.0
UGC12701,Scd:,Courteau97,83.07309288472648,13.871380625893874,4.201694565201583e-11,8.522196124545321e-12,0.22285773771483017,0.0
UGC12701,Scd:,Courteau97,83.07309288472648,14.80185375512084,4.631566596382936e-11,8.811417817736401e-12,0.15707596760210746,0.0
UGC12701,Scd:,Courteau97,83.07309288472648,15.732326884347806,4.5143524920411665e-11,6.663125117836152e-12,0.16310434490993853,0.0
UGC12701,Scd:,Courteau97,83.07309288472648,16.66280001357477,3.409688581046291e-11,8.428099647252444e-12,0.021719590659635135,0.0
UGC12701,Scd:,Courteau97,83.07309288472648,17.407178516956343,4.3507615386348114e-11,6.821304964844318e-12,0.03176744909193197,0.0
UGC12701,Scd:,Courteau97,83.07309288472648,17.965462394492523,5.098945935298898e-11,6.04917971675361e-12,0.041412667147495134,0.0
UGC12810,(R')SAB(r)bc pec:,Courteau97,71.16826440579405,0.6751278597920152,3.02305492263949e-10,4.2218669476894495e-11,0.6338157546041548,0.0
UGC12810,(R')SAB(r)bc pec:,Courteau97,71.16826440579405,1.6203068635008364,2.5474603563332214e-10,7.76531983968826e-11,0.5497119751253431,0.0
UGC12810,(R')SAB(r)bc pec:,Courteau97,71.16826440579405,4.590869446585703,2.1416032834938935e-10,6.729310776689481e-11,0.47793325260978264,0.0
UGC12810,(R')SAB(r)bc pec:,Courteau97,71.16826440579405,5.907368773180132,1.2088475992568695e-10,3.4008992125222996e-11,0.6912809358285968,0.0
UGC12810,(R')SAB(r)bc pec:,Courteau97,71.16826440579405,7.257624492764162,1.3911194814472226e-10,2.963437269847623e-11,0.6837514039605559,0.0
UGC12810,(R')SAB(r)bc pec:,Courteau97,71.16826440579405,8.607880212348192,1.4826235767686762e-10,3.267453008680989e-11,0.661027896781474,0.0
UGC12810,(R')SAB(r)bc pec:,Courteau97,71.16826440579405,9.958135931932222,1.436511730531736e-10,8.476797353927678e-11,0.2563411817333255,0.0
UGC12810,(R')SAB(r)bc pec:,Courteau97,71.16826440579405,11.308391651516253,1.325630505702777e-10,4.6452356072862283e-11,0.42884360852284176,0.0
UGC12810,(R')SAB(r)bc pec:,Courteau97,71.16826440579405,12.586312243265425,1.310878871530736e-10,3.586916374054864e-11,0.4725502335018305,0.0
UGC12810,(R')SAB(r)bc pec:,Courteau97,71.16826440579405,13.840121125736308,9.390444193349911e-11,3.942370550789811e-11,0.34176981235873594,0.0
UGC12810,(R')SAB(r)bc pec:,Courteau97,71.16826440579405,15.59545356119555,9.925319133077555e-11,2.2880517557039675e-11,0.4650938175486933,0.0
UGC12810,(R')SAB(r)bc pec:,Courteau97,71.16826440579405,16.709414529852374,1.051668396246583e-10,2.667619743313305e-11,0.3280621610276568,0.0
UGC12810,(R')SAB(r)bc pec:,Courteau97,71.16826440579405,18.059670249436405,9.989780375119418e-11,2.9084464419797253e-11,0.22276098903683048,0.0
UGC12810,(R')SAB(r)bc pec:,Courteau97,71.16826440579405,19.072362039124428,1.1018145380608884e-10,3.156389138919286e-11,0.10592801359897477,0.0
UGC12810,(R')SAB(r)bc pec:,Courteau97,71.16826440579405,20.92896365355247,6.250655626239493e-11,2.1786960141848198e-11,0.11914416371221903,0.0
UGC12810,(R')SAB(r)bc pec:,Courteau97,71.16826440579405,21.997916098223158,5.91407532396744e-11,2.1043446160121152e-11,0.1768577912556587,0.0
UGC12810,(R')SAB(r)bc pec:,Courteau97,71.16826440579405,23.12312919787652,7.053610144385009e-11,2.595224741682423e-11,0.06851056133795008,0.0
UGC12810,(R')SAB(r)bc pec:,Courteau97,71.16826440579405,25.148512777252563,4.548547119057527e-11,8.896711368849258e-12,0.4931228442396689,0.0
UGC12810,(R')SAB(r)bc pec:,Courteau97,71.16826440579405,26.161204566940583,6.814180954037695e-11,1.7525340031681245e-11,0.08656203499504202,0.0
UGC12816,SAB(rs)cd:,Courteau97,62.29483437356452,0.26769323734031464,9.215066433350968e-11,1.241908879656989e-11,0.5969704675397908,0.0
UGC12816,SAB(rs)cd:,Courteau97,62.29483437356452,0.7504507017671442,1.8271778873044655e-10,3.186581369466815e-11,0.5326089619558009,0.0
UGC12816,SAB(rs)cd:,Courteau97,62.29483437356452,1.2332081661939738,1.9093785935053544e-10,4.495539572306955e-11,0.4795644199037867,0.0
UGC12816,SAB(rs)cd:,Courteau97,62.29483437356452,1.7153158897534726,1.7551496626928897e-10,5.157412938054209e-11,0.4147437825005319,0.0
UGC12816,SAB(rs)cd:,Courteau97,62.29483437356452,2.197423613312971,1.3793386134197346e-10,5.061519346545709e-11,0.38359398097873443,0.0
UGC12816,SAB(rs)cd:,Courteau97,62.29483437356452,2.6801810777398005,8.65948167477498e-11,4.6736155314469856e-11,0.3739865507257761,0.0
UGC12816,SAB(rs)cd:,Courteau97,62.29483437356452,3.1629385421666307,7.99781897268754e-11,4.023766222493665e-11,0.35233357087235023,0.0
UGC12816,SAB(rs)cd:,Courteau97,62.29483437356452,3.6450462657261293,1.049141405832132e-10,3.730005585918784e-11,0.3944619714277618,0.0
UGC12816,SAB(rs)cd:,Courteau97,62.29483437356452,4.1271539892856275,8.089091651852225e-11,3.091252379335015e-11,0.41859123437996787,0.0
UGC12816,SAB(rs)cd:,Courteau97,62.29483437356452,4.609911453712457,1.086898968356218e-10,2.946667412856586e-11,0.36703253629278265,0.0
UGC12816,SAB(rs)cd:,Courteau97,62.29483437356452,5.092668918139287,1.091098246459793e-10,2.7434665306133623e-11,0.34049362983446635,0.0
UGC12816,SAB(rs)cd:,Courteau97,62.29483437356452,5.557450218569962,9.194459734030613e-11,2.3165586290480092e-11,0.40496932170741456,0.0
UGC12816,SAB(rs)cd:,Courteau97,62.29483437356452,5.896398371027562,5.1003650910846705e-11,2.6527623900955047e-11,0.3596622628679068,0.0
UGC12816,SAB(rs)cd:,Courteau97,62.29483437356452,6.594869803408237,6.006968379488186e-11,1.9982529535563213e-11,0.4212782709468982,0.0
UGC12816,SAB(rs)cd:,Courteau97,62.29483437356452,7.04968841053984,7.62357285996393e-11,2.50273088502366e-11,0.2946155809521819,0.0
UGC12816,SAB(rs)cd:,Courteau97,62.29483437356452,7.521833440800266,9.001072054818507e-11,2.1057064621472563e-11,0.254242782472501,0.0
UGC12816,SAB(rs)cd:,Courteau97,62.29483437356452,7.985315259496279,8.772394491562907e-11,1.5686093497894098e-11,0.4242390572823226,0.0
UGC12816,SAB(rs)cd:,Courteau97,62.29483437356452,8.521351475044238,4.2800172844996725e-11,2.091080369778057e-11,0.26689039103468254,0.0
UGC12816,SAB(rs)cd:,Courteau97,62.29483437356452,8.950180447482607,6.322810779306962e-11,1.1393314771110843e-11,0.4788704981624884,0.0
UGC12816,SAB(rs)cd:,Courteau97,62.29483437356452,9.379009419920976,1.1576816075389444e-10,1.8175219488541644e-11,0.27159029318685307,0.0
UGC12816,SAB(rs)cd:,Courteau97,62.29483437356452,9.700631149249752,2.0210953551865239e-10,1.0893666556983883e-11,0.46827598525392367,0.0
UGC12818,S?,Courteau97,57.62267429059874,0.26489483790269797,3.1460703080487736e-11,1.0057737906250553e-11,0.6523200377007747,0.0
UGC12818,S?,Courteau97,57.62267429059874,0.7880477844520397,2.539527214842988e-11,2.6549319255718556e-11,0.6163782102964377,0.0
UGC12818,S?,Courteau97,57.62267429059874,1.3688254090611591,3.6899764427606794e-11,3.657670818960478e-11,0.5746531686046099,0.0
UGC12818,S?,Courteau97,57.62267429059874,1.9496030336702788,5.1749219678050996e-11,4.240356403820063e-11,0.5243729708319828,0.0
UGC12818,S?,Courteau97,57.62267429059874,2.4727559802196204,6.450655067257618e-11,4.485097332351271e-11,0.49879443328660394,0.0
UGC12818,S?,Courteau97,57.62267429059874,3.002545656025016,8.392604797696582e-11,4.241597467213355e-11,0.498445062409419,0.0
UGC12818,S?,Courteau97,57.62267429059874,3.5800049160061085,6.84380771051777e-11,4.2758255402220893e-11,0.47586402615947476,0.0
UGC12818,S?,Courteau97,57.62267429059874,4.157464175987201,8.845048299001434e-11,4.210978482372233e-11,0.3632232410390729,0.0
UGC12818,S?,Courteau97,57.62267429059874,4.687253851792597,1.0329324805640917e-10,4.748120363388102e-11,0.3589026439148071,0.0
UGC12818,S?,Courteau97,57.62267429059874,5.210406798341938,1.1304776042608782e-10,4.2757813855919847e-11,0.37399270654567945,0.0
UGC12818,S?,Courteau97,57.62267429059874,5.791184422951058,7.09674904561714e-11,3.633699259663754e-11,0.40425451273262386,0.0
UGC12818,S?,Courteau97,57.62267429059874,6.371962047560177,4.453582996292148e-11,3.3749810594924995e-11,0.39853238090476645,0.0
UGC12818,S?,Courteau97,57.62267429059874,6.895114994109518,5.5000039451346546e-11,3.838760086470681e-11,0.310332621194228,0.0
UGC12818,S?,Courteau97,57.62267429059874,7.4232454876009015,6.495194240458928e-11,3.5330467924320025e-11,0.25768000223178616,0.0
UGC12818,S?,Courteau97,57.62267429059874,7.836126624972729,4.076201742408237e-11,2.3593934564608524e-11,0.45485680082561364,0.0
UGC12818,S?,Courteau97,57.62267429059874,8.573186460621045,4.85204201022244e-11,2.4468605823836415e-11,0.39438386907451756,0.0
UGC12818,S?,Courteau97,57.62267429059874,9.099657771798414,6.178547382404754e-11,3.692043516738276e-11,0.1793453727991664,0.0
UGC12818,S?,Courteau97,57.62267429059874,9.626129082975783,6.969833559557476e-11,1.7946597548274054e-11,0.4460607114422082,0.0
UGC12818,S?,Courteau97,57.62267429059874,10.16089630572322,5.35169052940475e-11,3.018921275600852e-11,0.17078739938148768,0.0
UGC12818,S?,Courteau97,57.62267429059874,10.80095779070613,2.4422324812116544e-11,2.44812443242045e-11,0.09462779581379348,0.0
UGC12818,S?,Courteau97,57.62267429059874,11.011546315177078,3.290704478623124e-11,3.004700214722416e-11,0.09283067858244527,0.0
UGC12844,Scd:,Courteau97,72.87136407251538,0.5084611010108356,2.332166285579201e-11,5.784631102496325e-12,0.7811908816432857,0.0
UGC12844,Scd:,Courteau97,72.87136407251538,1.4245470779498863,3.183702566284502e-11,1.4586194734288758e-11,0.7028390957925865,0.0
UGC12844,Scd:,Courteau97,72.87136407251538,2.2784193296002715,9.386518177421483e-11,2.1005203486406056e-11,0.634054885271431,0.0
UGC12844,Scd:,Courteau97,72.87136407251538,3.220253639735292,1.7718868033283036e-10,2.6651896926974627e-11,0.566347573594903,0.0
UGC12844,Scd:,Courteau97,72.87136407251538,4.237175841756963,1.6028562834732986e-10,3.1864671499333414e-11,0.46691850948886554,0.0
UGC12844,Scd:,Courteau97,72.87136407251538,5.136598447035501,1.4360631542633202e-10,3.2678238039461945e-11,0.4226331993599033,0.0
UGC12844,Scd:,Courteau97,72.87136407251538,5.9665505635513005,1.2535698367604866e-10,1.784672490414458e-11,0.60212896192298,0.0
UGC12844,Scd:,Courteau97,72.87136407251538,6.94896838048142,1.1879882262929192e-10,2.853202938015152e-11,0.41648309439223524,0.0
UGC12844,Scd:,Courteau97,72.87136407251538,7.796403548832813,1.383587082827159e-10,1.9992913399362766e-11,0.5167159000327134,0.0
UGC12844,Scd:,Courteau97,72.87136407251538,8.668148978579335,1.0232540723110075e-10,1.6998215770459978e-11,0.5322046054990044,0.0
UGC12844,Scd:,Courteau97,72.87136407251538,9.531848054202118,5.7824660640278735e-11,1.80600108116031e-11,0.45150642228304116,0.0
UGC12844,Scd:,Courteau97,72.87136407251538,11.735179491915739,8.828065858413238e-11,1.3031662139265844e-11,0.39959777736369184,0.0
UGC12844,Scd:,Courteau97,72.87136407251538,13.329795680217197,7.04388607296484e-11,1.843965192078146e-11,0.14149807900637068,0.0
UGC12844,Scd:,Courteau97,72.87136407251538,14.409137046356227,5.288741354196717e-11,1.4521290556503826e-11,0.13199121765063554,0.0
UGC12844,Scd:,Courteau97,72.87136407251538,15.27523290831374,4.7461652420894e-11,9.479558353161686e-12,0.3133698836871271,0.0
UGC12844,Scd:,Courteau97,72.87136407251538,18.51466083872688,7.683835873795791e-11,6.79520188705526e-12,0.321058699863167,0.0
UGC12859,Sbc,Courteau97,76.4630239077059,0.24977608280609895,8.932986277441113e-11,5.7309857154045695e-12,0.6560640785940177,0.0
UGC12859,Sbc,Courteau97,76.4630239077059,1.867811317479941,1.958344846344993e-10,2.2338509118810002e-11,0.6103672607672455,0.0
UGC12859,Sbc,Courteau97,76.4630239077059,2.387259939398347,1.0834524115778035e-10,2.35309703227025e-11,0.6090400181318129,0.0
UGC12859,Sbc,Courteau97,76.4630239077059,3.010598285700434,6.796275137537811e-11,2.1800369169115042e-11,0.6167003381076014,0.0
UGC12859,Sbc,Courteau97,76.4630239077059,3.3252057540865714,1.3811092887485658e-10,2.1193689191768455e-11,0.6175015228559343,0.0
UGC12859,Sbc,Courteau97,76.4630239077059,3.9456058051535643,1.1544685112828728e-10,2.162126009940842e-11,0.6247733350983172,0.0
UGC12859,Sbc,Courteau97,76.4630239077059,4.465054427071971,7.467943592557915e-11,2.0701822836110837e-11,0.5912671618715758,0.0
UGC12859,Sbc,Courteau97,76.4630239077059,4.984503048990376,9.517558233570736e-11,2.636953058305942e-11,0.4881873515283126,0.0
UGC12859,Sbc,Courteau97,76.4630239077059,5.506155392335103,1.24181948727425e-10,2.940199594774194e-11,0.446520384029714,0.0
UGC12859,Sbc,Courteau97,76.4630239077059,5.983607380214773,1.5528054110181797e-10,2.2383864793639876e-11,0.496732202346562,0.0
UGC12859,Sbc,Courteau97,76.4630239077059,6.48315954582697,1.2395020269773855e-10,1.6004689280937072e-11,0.655171391554211,0.0
UGC12859,Sbc,Courteau97,76.4630239077059,7.022504624051583,1.1963739717277236e-10,2.16896397936099e-11,0.5601575373172725,0.0
UGC12859,Sbc,Courteau97,76.4630239077059,7.5220567896637816,1.2695197249991913e-10,3.896878532394922e-11,0.30494679209377085,0.0
UGC12859,Sbc,Courteau97,76.4630239077059,8.061401867888396,1.2469745328092128e-10,4.006588919347465e-11,0.18276901743713747,0.0
UGC12859,Sbc,Courteau97,76.4630239077059,8.62064340241922,1.0767099976103536e-10,2.3567500381435e-11,0.40512684961433115,0.0
UGC12859,Sbc,Courteau97,76.4630239077059,9.140092024337624,1.254132310403794e-10,3.325486221611734e-11,0.19667659604530854,0.0
UGC12859,Sbc,Courteau97,76.4630239077059,9.65954064625603,1.0902887126694237e-10,2.4674190201237914e-11,0.18340091857306165,0.0
UGC12859,Sbc,Courteau97,76.4630239077059,9.971209819407074,8.294408629485938e-11,2.9009727655225954e-11,0.16817409240363151,0.0
UGC12859,Sbc,Courteau97,76.4630239077059,10.386768716941798,8.313632937596592e-11,1.8194076758842487e-11,0.3391055096043496,0.0
UGC12866,Scd:,Mathewson96,82.00658203468696,0.3259186560977384,2.2613173804401622e-11,1.1689148025676606e-12,0.7986419994153813,0.0
UGC12866,Scd:,Mathewson96,82.00658203468696,1.009888793542288,2.5745939715397392e-11,3.4770777349773373e-12,0.7458761555385743,0.0
UGC12866,Scd:,Mathewson96,82.00658203468696,1.6938589309868377,5.132889351352357e-11,5.220430486691169e-12,0.6840173558446979,0.0
UGC12866,Scd:,Mathewson96,82.00658203468696,2.3456962431823145,6.976583604660566e-11,6.66404552759861e-12,0.6286973370358458,0.0
UGC12866,Scd:,Mathewson96,82.00658203468696,3.029666380626864,6.431469379913091e-11,7.235065194261169e-12,0.6003475127855467,0.0
UGC12866,Scd:,Mathewson96,82.00658203468696,3.7136365180714135,7.64817011900304e-11,7.6973992795294e-12,0.545749765445797,0.0
UGC12866,Scd:,Mathewson96,82.00658203468696,4.3654738302668905,6.763156217437973e-11,8.16345159147951e-12,0.5502585780706463,0.0
UGC12866,Scd:,Mathewson96,82.00658203468696,5.04944396771144,8.149563019265336e-11,1.012139159602865e-11,0.40510088818130024,0.0
UGC12866,Scd:,Mathewson96,82.00658203468696,5.7334141051559895,9.842364125696584e-11,9.242825775633396e-12,0.4472319422049418,0.0
UGC12866,Scd:,Mathewson96,82.00658203468696,6.3852514173514665,7.886439300788586e-11,7.328618575821942e-12,0.5005008443517774,0.0
UGC12866,Scd:,Mathewson96,82.00658203468696,7.069221554796016,6.055574544930784e-11,6.070757130682379e-12,0.5354244964322594,0.0
UGC12866,Scd:,Mathewson96,82.00658203468696,7.753191692240566,7.204761928853868e-11,6.190043028273135e-12,0.49588968709398756,0.0
UGC12866,Scd:,Mathewson96,82.00658203468696,8.405029004436042,4.6922879169191043e-11,7.655138189368247e-12,0.37528709182753833,0.0
UGC12866,Scd:,Mathewson96,82.00658203468696,9.088999141880592,5.569568895754363e-11,8.95095991852924e-12,0.27161050685223903,0.0
UGC12866,Scd:,Mathewson96,82.00658203468696,9.772969279325142,5.825874576215435e-11,7.283122853833329e-12,0.23945583031174014,0.0
UGC12866,Scd:,Mathewson96,82.00658203468696,11.108776728965168,3.940413234285751e-11,6.689132563407133e-12,0.2740003657469989,0.0
UGC12866,Scd:,Mathewson96,82.00658203468696,11.792746866409717,2.665967707358214e-11,5.531571137198963e-12,0.20134691415689057,0.0
UGC12866,Scd:,Mathewson96,82.00658203468696,12.444584178605195,2.007578327019327e-12,4.6479126984183354e-12,0.34746842985734067,0.0
UGC12866,Scd:,Mathewson96,82.00658203468696,13.454472972147483,3.7320822361566284e-11,5.465459201680184e-12,0.21403340501849566,0.0
VCC1456,SB?,Mathewson96,52.35217113237374,0.15757618500472695,4.744111623395862e-12,2.6947462953098034e-12,0.5243774423785341,0.0
VCC1456,SB?,Mathewson96,52.35217113237374,0.4578100996291179,1.995872426102925e-11,8.146288905383762e-12,0.6521115914382858,0.0
VCC1456,SB?,Mathewson96,52.35217113237374,0.7729624696385717,5.246387142655627e-11,1.2769140784620037e-11,0.6023500944046506,0.0
VCC1456,SB?,Mathewson96,52.35217113237374,1.0731963842629626,6.112847248172769e-11,1.5819568036617327e-11,0.5848394432520961,0.0
VCC1456,SB?,Mathewson96,52.35217113237374,1.3883487542724164,2.1345745022991673e-10,1.759375866945007e-11,0.5502597448536549,0.0
VCC1456,SB?,Mathewson96,52.35217113237374,1.6885826688968075,8.687455899324618e-11,1.9114605276450234e-11,0.5222070499412194,0.0
VCC1456,SB?,Mathewson96,52.35217113237374,2.153851996218457,9.556508395617454e-11,2.1071212776680373e-11,0.5027588725988796,0.0
VCC1456,SB?,Mathewson96,52.35217113237374,2.619121323540106,1.1229894647596624e-10,2.122000614684529e-11,0.4857162645873693,0.0
VCC1456,SB?,Mathewson96,52.35217113237374,2.9193552381644974,7.115849766579431e-11,2.0361683887093873e-11,0.4865174750725431,0.0
VCC1456,SB?,Mathewson96,52.35217113237374,3.234507608173951,8.129007762627659e-11,1.9555544300359337e-11,0.48407968341964275,0.0
VCC1456,SB?,Mathewson96,52.35217113237374,3.534741522798342,6.273789927108812e-11,1.9650557983229863e-11,0.4736602934096814,0.0
VCC1456,SB?,Mathewson96,52.35217113237374,3.849893892807796,8.367705685542819e-11,2.085066871686816e-11,0.4377958192678674,0.0
VCC1456,SB?,Mathewson96,52.35217113237374,4.150127807432186,4.3874617165230506e-11,2.2936434849228517e-11,0.3679148311424498,0.0
VCC1456,SB?,Mathewson96,52.35217113237374,4.465280177441641,7.85937268859046e-11,2.0984456455470126e-11,0.32741477293160454,0.0
VCC1456,SB?,Mathewson96,52.35217113237374,4.765514092066032,9.817675566325956e-11,1.789633232235216e-11,0.4226567406824895,0.0
VCC1456,SB?,Mathewson96,52.35217113237374,5.080666462075486,5.97936452672718e-11,2.1655879185430783e-11,0.3268397569129534,0.0
VCC1456,SB?,Mathewson96,52.35217113237374,5.380900376699876,7.12751029310122e-11,1.863905497527537e-11,0.2648718499133995,0.0
VCC1456,SB?,Mathewson96,52.35217113237374,5.696052746709331,6.768266519325182e-11,1.7624111974853433e-11,0.35682673389942,0.0
VCC1456,SB?,Mathewson96,52.35217113237374,5.996286661333721,6.718457847933513e-11,2.0131025166497363e-11,0.22788367474149365,0.0
VCC1456,SB?,Mathewson96,52.35217113237374,6.611672945967566,6.112157370852047e-11,1.873756672995873e-11,0.2069004948127972,0.0
WISEAJ011324.26+151427.8,Sc:,SCII,47.37518328335558,0.8950827576176277,2.287528113262038e-10,2.8077831285223944e-11,0.7322757714409501,0.0
WISEAJ011324.26+151427.8,Sc:,SCII,47.37518328335558,1.61114896371173,3.184285598376427e-10,4.7946663474335063e-11,0.6434584974996339,0.0
WISEAJ011324.26+151427.8,Sc:,SCII,47.37518328335558,2.2591276779870553,3.0956919110158915e-10,6.566761034839203e-11,0.584795643743335,0.0
WISEAJ011324.26+151427.8,Sc:,SCII,47.37518328335558,2.7533357646716596,2.8551456776039176e-10,8.044222579225678e-11,0.5126865542350971,0.0
WISEAJ011324.26+151427.8,Sc:,SCII,47.37518328335558,3.4013144789469854,2.554452533856661e-10,8.948869912527582e-11,0.4282936440684764,0.0
WISEAJ011324.26+151427.8,Sc:,SCII,47.37518328335558,4.117380685041088,2.2952122206363076e-10,8.25957057932653e-11,0.4012404553505669,0.0
WISEAJ011324.26+151427.8,Sc:,SCII,47.37518328335558,4.765359399316413,2.1159091287858666e-10,8.883961955362058e-11,0.314548942058069,0.0
WISEAJ011324.26+151427.8,Sc:,SCII,47.37518328335558,5.259567486001018,1.9714276950476352e-10,8.291158632581361e-11,0.3055105835206892,0.0
WISEAJ011324.26+151427.8,Sc:,SCII,47.37518328335558,5.907546200276343,1.7612938246800908e-10,6.622142854712046e-11,0.35545196933034134,0.0
WISEAJ011324.26+151427.8,Sc:,SCII,47.37518328335558,6.623612406370445,1.549766886759328e-10,5.181013010540625e-11,0.3921432378173967,0.0
WISEAJ011324.26+151427.8,Sc:,SCII,47.37518328335558,7.271591120645771,1.4083699292350455e-10,4.904751232177153e-11,0.35760478897002235,0.0
WISEAJ011324.26+151427.8,Sc:,SCII,47.37518328335558,7.765799207330375,1.2444011636239227e-10,6.038093475819359e-11,0.21936146189932834,0.0
WISEAJ011324.26+151427.8,Sc:,SCII,47.37518328335558,8.439023845538507,1.1277566163497614e-10,5.847379366217061e-11,0.16653354896755293,0.0
WISEAJ011324.26+151427.8,Sc:,SCII,47.37518328335558,9.19793161951858,1.0899977155368115e-10,5.2596515174764415e-11,0.13248452731951665,0.0
WISEAJ011324.26+151427.8,Sc:,SCII,47.37518328335558,9.777822841975128,1.0732519995943729e-10,3.0710372750524866e-11,0.33088832276715013,0.0
WISEAJ011324.26+151427.8,Sc:,SCII,47.37518328335558,10.272030928659733,1.0372041896190379e-10,4.336041197316474e-11,0.1291411001541008,0.0
WISEAJ011324.26+151427.8,Sc:,SCII,47.37518328335558,10.920009642935058,9.122608280995167e-11,2.9465253144540224e-11,0.19169587400513288,0.0
WISEAJ011324.26+151427.8,Sc:,SCII,47.37518328335558,11.636075849029162,7.974117661297158e-11,2.925557945057262e-11,0.16321839094139148,0.0
WISEAJ011324.26+151427.8,Sc:,SCII,47.37518328335558,12.377387979056067,7.416085279174438e-11,3.0732406298769514e-11,0.07559625536956457,0.0
WISEAJ104117.53+062128.5,Extended Src [SDSS],Mathewson96,71.18288569074187,0.2689920582745497,7.905685925718902e-12,3.0900912538096212e-12,0.690894835529817,0.0
WISEAJ104117.53+062128.5,Extended Src [SDSS],Mathewson96,71.18288569074187,0.5466347034155091,7.59049054855711e-12,6.299316288092647e-12,0.6952820370718064,0.0
WISEAJ104117.53+062128.5,Extended Src [SDSS],Mathewson96,71.18288569074187,1.0846188199646085,3.7295970757943026e-11,1.1262363204040479e-11,0.6259206534122991,0.0
WISEAJ104117.53+062128.5,Extended Src [SDSS],Mathewson96,71.18288569074187,1.3622614651055678,8.143890779575825e-11,1.320094172794519e-11,0.5871409630441976,0.0
WISEAJ104117.53+062128.5,Extended Src [SDSS],Mathewson96,71.18288569074187,1.9002455816546675,1.1210177453423016e-10,1.549060198318573e-11,0.5481291364183832,0.0
WISEAJ104117.53+062128.5,Extended Src [SDSS],Mathewson96,71.18288569074187,2.715872343344726,7.7935705474485e-11,1.699202862682659e-11,0.4754371763000104,0.0
WISEAJ104117.53+062128.5,Extended Src [SDSS],Mathewson96,71.18288569074187,2.9935149884856855,8.437922270110372e-11,1.735539993180394e-11,0.4498083582868911,0.0
WISEAJ104117.53+062128.5,Extended Src [SDSS],Mathewson96,71.18288569074187,3.531499105034785,6.43589266621496e-11,1.719999090852556e-11,0.45773161397728657,0.0
WISEAJ104117.53+062128.5,Extended Src [SDSS],Mathewson96,71.18288569074187,3.809141750175744,7.513834192980716e-11,1.7759820848146802e-11,0.4305413128400467,0.0
WISEAJ104117.53+062128.5,Extended Src [SDSS],Mathewson96,71.18288569074187,4.485947189295324,6.363632708471193e-11,1.6357708671882206e-11,0.387866978411531,0.0
WISEAJ104117.53+062128.5,Extended Src [SDSS],Mathewson96,71.18288569074187,5.301573950985382,5.964092697637343e-11,1.1941196729767733e-11,0.4570528047952974,0.0
WISEAJ104117.53+062128.5,Extended Src [SDSS],Mathewson96,71.18288569074187,5.978379390104961,5.880581036496486e-11,1.551404394521368e-11,0.314901962819388,0.0
WISEAJ104117.53+062128.5,Extended Src [SDSS],Mathewson96,71.18288569074187,7.07164879693598,7.388162483629549e-11,8.99503847489214e-12,0.45757268076145086,0.0
WISEAJ104117.53+062128.5,Extended Src [SDSS],Mathewson96,71.18288569074187,7.609632913485078,3.3142170867912175e-11,8.976444677064143e-12,0.4623958469611111,0.0
WISEAJ104117.53+062128.5,Extended Src [SDSS],Mathewson96,71.18288569074187,7.887275558626038,7.736366160824212e-11,1.1398538088483706e-11,0.26842679271535475,0.0
WISEAJ110953.64+222656.7,Sc,SCII,80.05310386286752,0.15715643468353815,1.2261524339729436e-11,7.735601456826012e-13,0.7233784400753629,0.0
WISEAJ110953.64+222656.7,Sc,SCII,80.05310386286752,0.5070028361573704,3.9399173173146016e-11,3.912237139377028e-12,0.6915097159836701,0.0
WISEAJ110953.64+222656.7,Sc,SCII,80.05310386286752,0.8568492376312026,6.342044669730898e-11,6.3373190490757995e-12,0.6595896144527335,0.0
WISEAJ110953.64+222656.7,Sc,SCII,80.05310386286752,1.171162106998279,7.402644282997205e-11,8.171285986739765e-12,0.6150955175045474,0.0
WISEAJ110953.64+222656.7,Sc,SCII,80.05310386286752,1.5210085084721112,8.061524581476449e-11,1.0117159197021085e-11,0.5705004123989403,0.0
WISEAJ110953.64+222656.7,Sc,SCII,80.05310386286752,1.870854909945943,7.509230594344102e-11,1.1853553524620365e-11,0.5215833847817413,0.0
WISEAJ110953.64+222656.7,Sc,SCII,80.05310386286752,2.1851677793130198,7.270022479011159e-11,1.3130464878928e-11,0.4674454434064123,0.0
WISEAJ110953.64+222656.7,Sc,SCII,80.05310386286752,2.5350141807868516,6.366165427004893e-11,1.3867018119531926e-11,0.4429864205846541,0.0
WISEAJ110953.64+222656.7,Sc,SCII,80.05310386286752,2.884860582260684,6.080495895331253e-11,1.465408107559545e-11,0.34788106934895674,0.0
WISEAJ110953.64+222656.7,Sc,SCII,80.05310386286752,3.1991734516277606,5.743534212885258e-11,1.5396711744035844e-11,0.32006050604018443,0.0
WISEAJ110953.64+222656.7,Sc,SCII,80.05310386286752,3.549019853101593,5.415218868166989e-11,1.5804218055184568e-11,0.28354753846741115,0.0
WISEAJ110953.64+222656.7,Sc,SCII,80.05310386286752,3.898866254575425,5.2483593864982245e-11,1.4978291367706296e-11,0.2607186648493493,0.0
WISEAJ110953.64+222656.7,Sc,SCII,80.05310386286752,4.213179123942502,4.757729220493932e-11,1.3270386787849261e-11,0.2393120041735082,0.0
WISEAJ110953.64+222656.7,Sc,SCII,80.05310386286752,4.563025525416333,4.9446047628531076e-11,1.2341117506501877e-11,0.2708820751111541,0.0
WISEAJ110953.64+222656.7,Sc,SCII,80.05310386286752,4.9128719268901655,4.971714623803682e-11,1.269872384784393e-11,0.22387501681202682,0.0
WISEAJ110953.64+222656.7,Sc,SCII,80.05310386286752,5.227184796257242,4.974790913678202e-11,1.2395334335839087e-11,0.16405320915309599,0.0
WISEAJ110953.64+222656.7,Sc,SCII,80.05310386286752,5.577031197731074,4.5675254838809393e-11,9.384097257938902e-12,0.22673418141157783,0.0
WISEAJ110953.64+222656.7,Sc,SCII,80.05310386286752,5.926877599204906,3.9088525885253544e-11,8.620863373002758e-12,0.25869106544464243,0.0
WISEAJ110953.64+222656.7,Sc,SCII,80.05310386286752,6.241190468571983,3.785207740118721e-11,1.0386037965908604e-11,0.032561321127305067,0.0
WISEAJ110953.64+222656.7,Sc,SCII,80.05310386286752,6.579192359343563,3.621663680973418e-11,1.0605079954444132e-11,0.03907554249438596,0.0
WISEAJ151202.59+065553.8,Sb,SCII,67.69066919959688,0.41583172132935786,1.1257483078765078e-10,2.430974158631788e-12,0.8151396543835204,0.0
WISEAJ151202.59+065553.8,Sb,SCII,67.69066919959688,1.2474951639880736,1.497339030869184e-10,7.72650068343905e-12,0.7077313401432902,0.0
WISEAJ151202.59+065553.8,Sb,SCII,67.69066919959688,2.0791586066467893,1.2472825506324584e-10,1.1661597359833899e-11,0.6053978503523713,0.0
WISEAJ151202.59+065553.8,Sb,SCII,67.69066919959688,2.9108220493055046,1.268051173923453e-10,1.4333145382474042e-11,0.5775058038404302,0.0
WISEAJ151202.59+065553.8,Sb,SCII,67.69066919959688,3.7424854919642208,1.1667058381414787e-10,1.764672423552081e-11,0.46438055972403436,0.0
WISEAJ151202.59+065553.8,Sb,SCII,67.69066919959688,4.5741489346229365,1.0416369738145221e-10,1.9829398584164383e-11,0.3938820719652352,0.0
WISEAJ151202.59+065553.8,Sb,SCII,67.69066919959688,5.332952973117107,9.00673706445107e-11,1.4264420652060077e-11,0.4438192615179694,0.0
WISEAJ151202.59+065553.8,Sb,SCII,67.69066919959688,5.894503502775556,8.024457185905494e-11,1.4024569252090421e-11,0.3918842177851785,0.0
WISEAJ151202.59+065553.8,Sb,SCII,67.69066919959688,6.653307541269726,7.576008995040255e-11,1.850343371630697e-11,0.2601343020145823,0.0
WISEAJ151202.59+065553.8,Sb,SCII,67.69066919959688,7.4849709839284415,7.458649100382776e-11,1.47862371667801e-11,0.3065969342829465,0.0
WISEAJ151202.59+065553.8,Sb,SCII,67.69066919959688,8.316634426587157,6.716905136801949e-11,1.1426569233394992e-11,0.3544486588320764,0.0
WISEAJ151202.59+065553.8,Sb,SCII,67.69066919959688,9.148297869245873,6.141129828248662e-11,1.075183439534379e-11,0.3211924380236867,0.0
WISEAJ151202.59+065553.8,Sb,SCII,67.69066919959688,9.907101907740044,6.491537271827831e-11,1.2079461173676962e-11,0.21374626400570937,0.0
WISEAJ151202.59+065553.8,Sb,SCII,67.69066919959688,10.800962402734347,6.159177264163979e-11,1.1693107857080738e-11,0.15949183551580542,0.0
WISEAJ151202.59+065553.8,Sb,SCII,67.69066919959688,11.64328819722202,5.2961197213481807e-11,9.536437872728492e-12,0.13058637973497836,0.0
WISEAJ151202.59+065553.8,Sb,SCII,67.69066919959688,12.474951639880736,5.736535712593698e-11,5.4303837289349736e-12,0.3710178155569895,0.0
WISEAJ151202.59+065553.8,Sb,SCII,67.69066919959688,13.306615082539452,6.530509235301674e-11,6.8648454960954846e-12,0.19190764027098844,0.0
WISEAJ151202.59+065553.8,Sb,SCII,67.69066919959688,14.138278525198167,5.7413194418150166e-11,7.6990512056868e-12,0.09675720071729406,0.0
WISEAJ151202.59+065553.8,Sb,SCII,67.69066919959688,14.904190798244976,5.2020267902604896e-11,4.8833670655790634e-12,0.24206084483941973,0.0
WISEAJ151202.59+065553.8,Sb,SCII,67.69066919959688,15.812267762344558,4.678823535738717e-11,6.014309513512808e-12,0.09806105048823414,0.0
WISEAJ151348.75+070916.2,Sc,SCII,78.72022171327353,0.5627843793178677,1.8003893966454748e-11,1.7365263101276559e-12,0.8016001363037937,0.0
WISEAJ151348.75+070916.2,Sc,SCII,78.72022171327353,1.6883531379536032,4.149744709393827e-11,4.669444404916945e-12,0.6881151142033457,0.0
WISEAJ151348.75+070916.2,Sc,SCII,78.72022171327353,2.813921896589339,5.370306426905131e-11,7.283305597307333e-12,0.5952437568750195,0.0
WISEAJ151348.75+070916.2,Sc,SCII,78.72022171327353,3.939490655225074,6.218901952650698e-11,6.8477178526505955e-12,0.5873183478433693,0.0
WISEAJ151348.75+070916.2,Sc,SCII,78.72022171327353,5.065059413860809,6.129197811022362e-11,9.040886696777577e-12,0.47578598728349025,0.0
WISEAJ151348.75+070916.2,Sc,SCII,78.72022171327353,6.294160341585546,4.6829501652304257e-11,5.814157618496011e-12,0.5794775617014162,0.0
WISEAJ151348.75+070916.2,Sc,SCII,78.72022171327353,7.503791724238236,3.804852205179105e-11,7.381150883578203e-12,0.43504221824572237,0.0
WISEAJ151348.75+070916.2,Sc,SCII,78.72022171327353,8.713423106890927,3.9152448264503744e-11,9.188021013685278e-12,0.22374481047879322,0.0
WISEAJ151348.75+070916.2,Sc,SCII,78.72022171327353,9.942524034615664,3.3531387278053246e-11,6.7636163896206675e-12,0.30293733982295645,0.0
WISEAJ151348.75+070916.2,Sc,SCII,78.72022171327353,11.068092793251397,2.862888722692944e-11,4.933165331739061e-12,0.35954732434316794,0.0
WISEAJ151348.75+070916.2,Sc,SCII,78.72022171327353,12.193661551887134,3.237743701774397e-11,4.410596069386459e-12,0.32903927763857027,0.0
WISEAJ151348.75+070916.2,Sc,SCII,78.72022171327353,13.31923031052287,3.848875922233258e-11,4.221974780629097e-12,0.2662515318150906,0.0
WISEAJ151348.75+070916.2,Sc,SCII,78.72022171327353,14.439668271398443,3.2727273562564135e-11,4.394981762684533e-12,0.1745320165147499,0.0
WISEAJ151348.75+070916.2,Sc,SCII,78.72022171327353,15.596021816595156,3.8448417148367345e-11,4.271321313308042e-12,0.13252305787695173,0.0
WISEAJ151348.75+070916.2,Sc,SCII,78.72022171327353,16.34640098901898,3.7573130015852396e-11,2.5017962872185554e-12,0.3122720634355346,0.0
WISEAJ151348.75+070916.2,Sc,SCII,78.72022171327353,19.347917678714275,1.4414880739140083e-11,2.2285350357123364e-12,0.232770342690596,0.0
WISEAJ151348.75+070916.2,Sc,SCII,78.72022171327353,20.285891644244053,1.3008009337918964e-11,1.15765412437379e-12,0.5006751731777135,0.0
WISEAJ151348.75+070916.2,Sc,SCII,78.72022171327353,21.03627081666788,1.1121756409484489e-11,2.08474138791311e-12,0.21790134687727597,0.0
WISEAJ151348.75+070916.2,Sc,SCII,78.72022171327353,22.34943436840957,8.822212317596966e-12,8.916971394829335e-13,0.5428796409718984,0.0
WISEAJ151348.75+070916.2,Sc,SCII,78.72022171327353,23.09981354083339,9.35411996324737e-12,2.0739688235054474e-12,0.17379805008864468,0.0
WISEAJ152051.60+083723.5,Sc,SCII,61.00736647448829,0.2544250978110683,2.1648621346855174e-11,1.222760966053553e-12,0.7853771696897516,0.0
WISEAJ152051.60+083723.5,Sc,SCII,61.00736647448829,0.7632752934332049,6.613165147091519e-11,4.469388537567267e-12,0.7046785267649479,0.0
WISEAJ152051.60+083723.5,Sc,SCII,61.00736647448829,1.210693788088139,9.877365220927688e-11,6.534961329216886e-12,0.6621648716850554,0.0
WISEAJ152051.60+083723.5,Sc,SCII,61.00736647448829,1.653763135771944,9.72528043593128e-11,8.230531038409385e-12,0.6091653960748912,0.0
WISEAJ152051.60+083723.5,Sc,SCII,61.00736647448829,2.1626133313940805,9.126759249154883e-11,1.0062550252973322e-11,0.5625247452665928,0.0
WISEAJ152051.60+083723.5,Sc,SCII,61.00736647448829,2.6056826790778853,8.539301289362473e-11,1.152664085243832e-11,0.5130435615797635,0.0
WISEAJ152051.60+083723.5,Sc,SCII,61.00736647448829,3.0531011737328195,8.931938831529349e-11,1.272522580034485e-11,0.446231510694086,0.0
WISEAJ152051.60+083723.5,Sc,SCII,61.00736647448829,3.561951369354956,8.947014505257626e-11,1.1373753218474e-11,0.4523982463041797,0.0
WISEAJ152051.60+083723.5,Sc,SCII,61.00736647448829,4.070801564977093,8.311287125346646e-11,1.2974954925637281e-11,0.37244547785105153,0.0
WISEAJ152051.60+083723.5,Sc,SCII,61.00736647448829,4.518220059632028,8.285734604819646e-11,1.272904960864422e-11,0.3605519515209811,0.0
WISEAJ152051.60+083723.5,Sc,SCII,61.00736647448829,4.961289407315832,8.425683199549645e-11,1.2536549976485997e-11,0.3312039966401916,0.0
WISEAJ152051.60+083723.5,Sc,SCII,61.00736647448829,5.4701396029379685,7.840425459527555e-11,1.2279827003188982e-11,0.30111228271773594,0.0
WISEAJ152051.60+083723.5,Sc,SCII,61.00736647448829,5.913208950621773,7.603689304764162e-11,1.1259894685409869e-11,0.2589670387251371,0.0
WISEAJ152051.60+083723.5,Sc,SCII,61.00736647448829,6.360627445276708,6.689992007149607e-11,7.7994709526415e-12,0.38246979896636374,0.0
WISEAJ152051.60+083723.5,Sc,SCII,61.00736647448829,6.869477640898844,5.71784613025254e-11,7.402080520999195e-12,0.39275394386429896,0.0
WISEAJ152051.60+083723.5,Sc,SCII,61.00736647448829,7.316896135553779,5.021445245037762e-11,9.385917559102019e-12,0.2519536930135634,0.0
WISEAJ152051.60+083723.5,Sc,SCII,61.00736647448829,7.830095478147045,4.885745422024473e-11,7.945989121166801e-12,0.21427501159380358,0.0
WISEAJ152051.60+083723.5,Sc,SCII,61.00736647448829,8.338945673769182,5.422504360586059e-11,5.502045933677662e-12,0.390906578276251,0.0
WISEAJ152051.60+083723.5,Sc,SCII,61.00736647448829,8.847795869391318,4.4536440333967634e-11,6.883611719203416e-12,0.2560415684775973,0.0
WISEAJ152051.60+083723.5,Sc,SCII,61.00736647448829,9.22943351610792,5.2076969876338894e-11,4.066941898418944e-12,0.4517422863702689,0.0
WISEAJ152051.60+083723.5,Sc,SCII,61.00736647448829,9.483858613918988,5.617464285508132e-11,5.4350757447351726e-12,0.27868524958290997,0.0
WISEAJ232508.27+151758.3,Sc,SCII,48.77236039755158,0.43435795854846926,3.3562407515804845e-11,3.4370006701437143e-12,0.8046525267555675,0.0
WISEAJ232508.27+151758.3,Sc,SCII,48.77236039755158,1.3277738427750712,6.56836753711759e-11,1.0553892823482625e-11,0.705343469916741,0.0
WISEAJ232508.27+151758.3,Sc,SCII,48.77236039755158,2.1964897598720095,6.625217234111948e-11,1.598880066552283e-11,0.6193700235871873,0.0
WISEAJ232508.27+151758.3,Sc,SCII,48.77236039755158,3.0899056440986117,6.820332037887418e-11,1.6933231429318688e-11,0.5670109524532542,0.0
WISEAJ232508.27+151758.3,Sc,SCII,48.77236039755158,3.9586215611955504,7.802093143440247e-11,1.8088520001603132e-11,0.5655375022759773,0.0
WISEAJ232508.27+151758.3,Sc,SCII,48.77236039755158,4.852037445422152,7.753502267291452e-11,1.6372139872439568e-11,0.5737046503520993,0.0
WISEAJ232508.27+151758.3,Sc,SCII,48.77236039755158,5.7207533625190905,8.281377437484478e-11,2.2984102670724835e-11,0.41630909226133844,0.0
WISEAJ232508.27+151758.3,Sc,SCII,48.77236039755158,6.614169246745692,8.392178561647984e-11,1.3041610029253562e-11,0.5524403289236272,0.0
WISEAJ232508.27+151758.3,Sc,SCII,48.77236039755158,7.48288516384263,6.754608143417034e-11,2.309004598954398e-11,0.29500115217340994,0.0
WISEAJ232508.27+151758.3,Sc,SCII,48.77236039755158,8.376301048069232,6.201539484531414e-11,2.0156967470407115e-11,0.32257723039025216,0.0
WISEAJ232508.27+151758.3,Sc,SCII,48.77236039755158,9.24501696516617,5.40554959482581e-11,1.7730537466820936e-11,0.32772094351547654,0.0
WISEAJ232508.27+151758.3,Sc,SCII,48.77236039755158,10.138432849392773,4.5689176523133546e-11,1.7145309195712833e-11,0.298183004907091,0.0
WISEAJ232508.27+151758.3,Sc,SCII,48.77236039755158,11.007148766489712,4.3752860638337554e-11,1.891114107292568e-11,0.2218408663767728,0.0
WISEAJ232508.27+151758.3,Sc,SCII,48.77236039755158,11.766622552541635,4.4038178685189166e-11,5.747349023347695e-12,0.6322488832088121,0.0
WISEAJ232508.27+151758.3,Sc,SCII,48.77236039755158,12.568367420551233,4.400851030237074e-11,1.0321045414996058e-11,0.38431490159245724,0.0
WISEAJ232508.27+151758.3,Sc,SCII,48.77236039755158,14.74467549996364,4.139985177944226e-11,1.3150773641541017e-11,0.13913803406955214,0.0
WISEAJ232508.27+151758.3,Sc,SCII,48.77236039755158,15.449528220493058,4.353566367955229e-11,6.8613191034088105e-12,0.37769283014418625,0.0
WISEAJ232508.27+151758.3,Sc,SCII,48.77236039755158,16.330594121154828,4.6066649351760184e-11,9.591808522194197e-12,0.1645209308995908,0.0
WISEAJ232508.27+151758.3,Sc,SCII,48.77236039755158,17.035446841684244,4.209933739750413e-11,5.052565403519048e-12,0.4330480906442613,0.0
WISEAJ232508.27+151758.3,Sc,SCII,48.77236039755158,17.564086382081307,4.1564079669649176e-11,1.0829800223717203e-11,0.08522716838996686,0.0
WISEAJ234132.26+090432.1,Sbc,SCII,70.01845342807734,0.1928385959808984,6.784327653089608e-11,9.513113588156737e-12,0.41940484541621864,0.0
WISEAJ234132.26+090432.1,Sbc,SCII,70.01845342807734,0.6118539858919353,1.9469334059227915e-10,2.8077135621371735e-11,0.4703545593507997,0.0
WISEAJ234132.26+090432.1,Sbc,SCII,70.01845342807734,1.030869375802972,2.446998124798908e-10,3.833758311666049e-11,0.4298381665290926,0.0
WISEAJ234132.26+090432.1,Sbc,SCII,70.01845342807734,1.4165465677647688,2.499373776770542e-10,4.146109640774473e-11,0.3879856641002605,0.0
WISEAJ234132.26+090432.1,Sbc,SCII,70.01845342807734,1.8355619576758055,2.1221399042799478e-10,4.079909131613787e-11,0.36225048666898374,0.0
WISEAJ234132.26+090432.1,Sbc,SCII,70.01845342807734,2.2545773475868427,1.9262231221933588e-10,3.817186671099416e-11,0.34781401768718606,0.0
WISEAJ234132.26+090432.1,Sbc,SCII,70.01845342807734,2.6402545395486396,1.8988852058093125e-10,3.558594933865669e-11,0.2822598814230326,0.0
WISEAJ234132.26+090432.1,Sbc,SCII,70.01845342807734,3.0592699294596764,1.8434177205837392e-10,3.1528215932513853e-11,0.328253081358813,0.0
WISEAJ234132.26+090432.1,Sbc,SCII,70.01845342807734,3.4782853193707135,1.6010898998243593e-10,2.5740906959423892e-11,0.32904357185669497,0.0
WISEAJ234132.26+090432.1,Sbc,SCII,70.01845342807734,3.8639625113325096,1.420791757253688e-10,2.1420613313219507e-11,0.34592601099737513,0.0
WISEAJ234132.26+090432.1,Sbc,SCII,70.01845342807734,4.3228530007514605,1.2618841859746786e-10,1.6918363866818985e-11,0.44031681207273143,0.0
WISEAJ234132.26+090432.1,Sbc,SCII,70.01845342807734,4.711798643492595,1.4242315520643435e-10,1.2915132958199564e-11,0.5115851805936273,0.0
WISEAJ234132.26+090432.1,Sbc,SCII,70.01845342807734,5.094207384675054,1.292171679785617e-10,7.933343035577645e-12,0.6649336982842439,0.0
WISEAJ234132.26+090432.1,Sbc,SCII,70.01845342807734,5.546560972535331,9.413022863447746e-11,4.989970965994876e-12,0.7901332601471275,0.0
WISEAJ234132.26+090432.1,Sbc,SCII,70.01845342807734,5.925701262938453,8.93578079444454e-11,1.1044735024460816e-11,0.6134803564891158,0.0
WISEAJ234132.26+090432.1,Sbc,SCII,70.01845342807734,6.31137845490025,8.21223857838598e-11,1.83250218021894e-11,0.3875004967490487,0.0
WISEAJ234132.26+090432.1,Sbc,SCII,70.01845342807734,6.715358971226336,6.32074701622233e-11,9.30853991305163e-12,0.6397670667795339,0.0
WISEAJ234132.26+090432.1,Sbc,SCII,70.01845342807734,7.159214587060337,6.440680640346845e-11,1.7963159854518667e-11,0.3966130250406806,0.0
WISEAJ234132.26+090432.1,Sbc,SCII,70.01845342807734,7.541623328242796,5.877336300035391e-11,1.4722676220243645e-11,0.3301998882872287,0.0
WISEAJ234132.26+090432.1,Sbc,SCII,70.01845342807734,7.924032069425255,3.9812735790338536e-11,1.4641212573929913e-11,0.426549610866702,0.0
WISEAJ234132.26+090432.1,Sbc,SCII,70.01845342807734,8.153477314134731,3.539976864737147e-11,8.809794653430514e-12,0.5909616588076185,0.0
