/*--------------------------------*- C++ -*----------------------------------*\
| =========                 |                                                 |
| \\      /  F ield         | OpenFOAM: The Open Source CFD Toolbox           |
|  \\    /   O peration     | Version:  2312                                  |
|   \\  /    A nd           | Website:  www.openfoam.com                      |
|    \\/     M anipulation  |                                                 |
\*---------------------------------------------------------------------------*/
FoamFile
{
    version     2.0;
    format      ascii;
    arch        "LSB;label=32;scalar=64";
    class       volVectorField;
    location    "3.498410831";
    object      U;
}
// * * * * * * * * * * * * * * * * * * * * * * * * * * * * * * * * * * * * * //

dimensions      [0 1 -1 0 0 0 0];

internalField   nonuniform List<vector> 
20000
(
(1.5 -3.84528e-14 0)
(1.5 -8.62036e-14 0)
(1.5 -4.45586e-14 0)
(1.5 5.38011e-14 0)
(1.5 5.54228e-14 0)
(1.5 2.87604e-14 0)
(1.5 9.62009e-14 0)
(1.5 2.95887e-14 0)
(1.5 -4.32808e-14 0)
(1.5 -2.08718e-14 0)
(1.5 -1.77889e-14 0)
(1.5 -1.06918e-13 0)
(1.5 -7.92328e-14 0)
(1.5 -1.05304e-13 0)
(1.5 -1.0519e-13 0)
(1.5 -1.60169e-13 0)
(1.5 -1.93157e-13 0)
(1.5 -1.45939e-13 0)
(1.5 -7.99764e-14 0)
(1.5 -8.09163e-14 0)
(1.5 -1.22167e-13 0)
(1.5 -8.61972e-14 0)
(1.5 -4.38489e-14 0)
(1.5 -1.34674e-14 0)
(1.5 -7.48607e-14 0)
(1.5 -1.20677e-13 0)
(1.5 -1.53291e-13 0)
(1.5 -1.59866e-13 0)
(1.5 -1.23771e-13 0)
(1.5 -6.41778e-14 0)
(1.5 -7.88105e-14 0)
(1.5 -1.21309e-13 0)
(1.5 -1.8015e-13 0)
(1.5 -1.81251e-13 0)
(1.5 -1.51632e-13 0)
(1.5 -9.33817e-14 0)
(1.5 -1.53361e-13 0)
(1.5 -1.48595e-13 0)
(1.5 -1.10672e-13 0)
(1.5 -7.18356e-14 0)
(1.5 8.44801e-15 0)
(1.5 -1.41149e-14 0)
(1.5 1.58057e-14 0)
(1.5 -4.28499e-14 0)
(1.5 -5.23091e-14 0)
(1.5 -7.85777e-14 0)
(1.5 -9.96313e-14 0)
(1.5 -1.0694e-13 0)
(1.5 -6.74756e-14 0)
(1.5 -6.97734e-14 0)
(1.5 -8.67976e-14 0)
(1.5 -6.00904e-14 0)
(1.5 -1.02461e-13 0)
(1.5 -4.87979e-14 0)
(1.5 -3.26703e-14 0)
(1.5 -4.76834e-14 0)
(1.5 -1.48226e-13 0)
(1.5 -2.03343e-13 0)
(1.5 -2.22495e-13 0)
(1.5 -1.67616e-13 0)
(1.5 -1.86563e-13 0)
(1.5 -1.41232e-13 0)
(1.5 -1.45018e-13 0)
(1.5 -9.46425e-14 0)
(1.5 -1.25146e-13 0)
(1.5 -1.48264e-13 0)
(1.5 -1.74835e-13 0)
(1.5 -1.49937e-13 0)
(1.5 -6.48116e-14 0)
(1.5 -1.10462e-13 0)
(1.5 -2.13783e-13 0)
(1.5 -2.10277e-13 0)
(1.5 -1.51051e-13 0)
(1.5 -1.72908e-13 0)
(1.5 -1.80692e-13 0)
(1.5 -2.0207e-13 0)
(1.5 -2.00172e-13 0)
(1.5 -1.60673e-13 0)
(1.5 -2.07604e-13 0)
(1.5 -1.78077e-13 0)
(1.5 -2.03201e-13 0)
(1.5 -2.38943e-13 0)
(1.5 -2.3437e-13 0)
(1.5 -2.00466e-13 0)
(1.5 -1.56573e-13 0)
(1.5 -1.82138e-13 0)
(1.5 -1.23551e-13 0)
(1.5 -6.41859e-14 0)
(1.5 -6.19935e-14 0)
(1.5 -1.31044e-14 0)
(1.5 9.66075e-14 0)
(1.5 1.46946e-13 0)
(1.5 -2.41042e-15 0)
(1.5 -1.43826e-13 0)
(1.5 -2.18495e-13 0)
(1.5 -2.02321e-13 0)
(1.5 -1.17703e-13 0)
(1.5 -1.71312e-14 0)
(1.5 8.56889e-15 0)
(1.5 4.1712e-14 0)
(1.5 3.45966e-14 0)
(1.5 -7.97461e-14 0)
(1.5 -7.97978e-14 0)
(1.5 -4.41926e-14 0)
(1.5 5.23409e-14 0)
(1.5 7.81253e-14 0)
(1.5 6.9543e-14 0)
(1.5 -3.25152e-14 0)
(1.5 -1.75825e-13 0)
(1.5 -1.53266e-13 0)
(1.5 -2.3353e-13 0)
(1.5 -2.87273e-13 0)
(1.5 -1.90924e-13 0)
(1.5 -1.0958e-13 0)
(1.5 -2.37076e-14 0)
(1.5 8.88107e-14 0)
(1.5 8.17254e-14 0)
(1.5 4.32087e-14 0)
(1.5 -1.10214e-14 0)
(1.5 -5.83852e-14 0)
(1.5 -4.12835e-14 0)
(1.5 9.87813e-15 0)
(1.5 -3.85191e-14 0)
(1.5 -5.20545e-14 0)
(1.5 -4.90128e-14 0)
(1.5 -1.86675e-14 0)
(1.5 -1.09636e-13 0)
(1.5 -5.22329e-14 0)
(1.5 5.96852e-14 0)
(1.5 8.68818e-14 0)
(1.5 1.32381e-14 0)
(1.5 -1.64644e-14 0)
(1.5 -3.77521e-15 0)
(1.5 -1.88005e-14 0)
(1.5 -2.03371e-14 0)
(1.5 8.90297e-15 0)
(1.5 5.59018e-14 0)
(1.5 1.25043e-13 0)
(1.5 1.23144e-13 0)
(1.5 1.16735e-13 0)
(1.5 2.3312e-14 0)
(1.5 -3.68227e-14 0)
(1.5 -6.38852e-15 0)
(1.5 2.08805e-14 0)
(1.5 -8.76015e-14 0)
(1.5 -1.7601e-13 0)
(1.5 -1.50252e-13 0)
(1.5 -4.0314e-14 0)
(1.5 -6.82042e-14 0)
(1.5 -7.41364e-14 0)
(1.5 -8.82948e-14 0)
(1.5 -1.71741e-13 0)
(1.5 -2.59545e-13 0)
(1.5 -2.88686e-13 0)
(1.5 -2.70961e-13 0)
(1.5 -2.76682e-13 0)
(1.5 -2.11269e-13 0)
(1.5 -1.19854e-13 0)
(1.5 -2.84501e-14 0)
(1.5 -3.81664e-14 0)
(1.5 -8.34899e-14 0)
(1.5 -7.24377e-14 0)
(1.5 -1.0249e-14 0)
(1.5 6.77176e-14 0)
(1.5 1.24935e-13 0)
(1.5 9.98674e-14 0)
(1.5 1.49944e-13 0)
(1.5 1.50254e-14 0)
(1.5 -4.00617e-14 0)
(1.5 -5.79654e-14 0)
(1.5 -2.07501e-14 0)
(1.5 2.65963e-15 0)
(1.5 -1.63887e-14 0)
(1.5 -1.03595e-13 0)
(1.5 -1.8536e-13 0)
(1.5 -1.5239e-13 0)
(1.5 -5.88899e-14 0)
(1.5 1.80707e-14 0)
(1.5 -5.60056e-14 0)
(1.5 -8.26882e-14 0)
(1.5 -2.22131e-14 0)
(1.5 1.77337e-14 0)
(1.5 -1.53285e-14 0)
(1.5 -5.14523e-14 0)
(1.5 -7.0682e-14 0)
(1.5 -6.23908e-14 0)
(1.5 -1.08735e-13 0)
(1.5 -1.16688e-13 0)
(1.5 -7.51368e-14 0)
(1.5 -9.34493e-14 0)
(1.5 -1.0303e-13 0)
(1.5 -4.12506e-14 0)
(1.5 -2.04428e-14 0)
(1.5 -4.02271e-14 0)
(1.5 -4.78858e-14 0)
(1.5 -2.38591e-14 0)
(1.5 5.27879e-14 0)
(1.5 7.31995e-14 0)
(1.5 4.60739e-15 0)
(1.5 -6.18129e-14 0)
(1.5 -8.27504e-14 0)
(1.5 -1.56119e-13 0)
(1.5 -2.5293e-15 0)
(1.5 9.60028e-14 0)
(1.5 4.10236e-14 0)
(1.5 -4.87518e-15 0)
(1.5 7.29262e-14 0)
(1.5 -1.03127e-14 0)
(1.5 -5.59101e-14 0)
(1.5 -6.98301e-15 0)
(1.5 -3.38239e-14 0)
(1.5 -1.26539e-13 0)
(1.5 -1.39666e-13 0)
(1.5 -1.61943e-13 0)
(1.5 -6.09325e-14 0)
(1.5 -1.12456e-13 0)
(1.5 -1.97123e-13 0)
(1.5 -1.328e-13 0)
(1.5 -1.01593e-13 0)
(1.5 -4.45215e-14 0)
(1.5 -5.64966e-14 0)
(1.5 1.37238e-14 0)
(1.5 1.15819e-13 0)
(1.5 1.30215e-13 0)
(1.5 4.6221e-14 0)
(1.5 -2.28438e-14 0)
(1.5 -9.31609e-14 0)
(1.5 -5.26506e-14 0)
(1.5 -4.18531e-14 0)
(1.5 -1.11922e-14 0)
(1.5 -6.80657e-14 0)
(1.5 -9.02157e-14 0)
(1.5 -1.41417e-13 0)
(1.5 -1.3688e-13 0)
(1.5 -9.08708e-14 0)
(1.5 -2.79627e-14 0)
(1.5 -3.79716e-14 0)
(1.5 -3.85392e-14 0)
(1.5 1.23034e-14 0)
(1.5 7.76363e-14 0)
(1.5 1.60076e-13 0)
(1.5 6.67217e-14 0)
(1.5 2.68292e-14 0)
(1.5 -9.1429e-14 0)
(1.5 -3.20465e-14 0)
(1.5 -2.12167e-14 0)
(1.5 -1.10429e-14 0)
(1.5 -4.70037e-15 0)
(1.5 4.21779e-14 0)
(1.5 3.48557e-14 0)
(1.5 2.04846e-16 0)
(1.5 2.7567e-14 0)
(1.5 -2.92421e-14 0)
(1.5 1.15856e-14 0)
(1.5 3.7101e-15 0)
(1.5 3.48591e-14 0)
(1.5 -7.89641e-14 0)
(1.5 -1.08745e-13 0)
(1.5 -9.93359e-14 0)
(1.5 -1.20287e-13 0)
(1.5 -1.17362e-13 0)
(1.5 -2.80831e-14 0)
(1.5 -5.2568e-14 0)
(1.5 8.36869e-15 0)
(1.5 8.14545e-15 0)
(1.5 -6.12952e-14 0)
(1.5 -8.99328e-14 0)
(1.5 -1.55442e-14 0)
(1.5 6.99093e-14 0)
(1.5 -3.53945e-14 0)
(1.5 -2.14218e-13 0)
(1.5 -2.25874e-13 0)
(1.5 -8.06973e-14 0)
(1.5 -1.25428e-13 0)
(1.5 -1.48123e-13 0)
(1.5 -2.45784e-13 0)
(1.5 -2.06463e-13 0)
(1.5 -7.34788e-14 0)
(1.5 -1.03743e-13 0)
(1.5 -8.77553e-14 0)
(1.5 -2.21363e-13 0)
(1.5 -2.71205e-13 0)
(1.5 -2.18416e-13 0)
(1.5 -1.77643e-13 0)
(1.5 -1.55244e-13 0)
(1.5 -1.74547e-13 0)
(1.5 -1.68468e-13 0)
(1.5 -7.31144e-14 0)
(1.5 -2.58201e-14 0)
(1.5 4.54602e-14 0)
(1.5 2.24371e-13 0)
(1.5 2.81126e-13 0)
(1.5 5.34988e-14 0)
(1.5 -1.2144e-13 0)
(1.5 -1.70648e-13 0)
(1.5 -1.19328e-13 0)
(1.5 -1.02798e-13 0)
(1.5 -3.1512e-14 0)
(1.5 5.31053e-16 0)
(1.5 7.50865e-14 0)
(1.5 6.87707e-14 0)
(1.5 -8.59528e-14 0)
(1.5 -1.02396e-13 0)
(1.5 -5.68495e-14 0)
(1.5 8.68549e-14 0)
(1.5 9.31334e-14 0)
(1.5 7.61366e-14 0)
(1.5 1.62189e-15 0)
(1.5 -1.5888e-13 0)
(1.5 -1.81422e-13 0)
(1.5 -2.5922e-13 0)
(1.5 -3.12198e-13 0)
(1.5 -1.98581e-13 0)
(1.5 -1.16256e-13 0)
(1.5 -5.63382e-14 0)
(1.5 1.32523e-13 0)
(1.5 1.20991e-13 0)
(1.5 9.61138e-14 0)
(1.5 -3.65169e-14 0)
(1.5 -9.67655e-14 0)
(1.5 -4.24665e-14 0)
(1.5 1.53092e-14 0)
(1.5 -2.00625e-14 0)
(1.5 4.50526e-14 0)
(1.5 9.19332e-15 0)
(1.5 3.35845e-14 0)
(1.5 -8.17014e-14 0)
(1.5 3.83259e-14 0)
(1.5 1.04276e-13 0)
(1.5 6.63217e-14 0)
(1.5 4.64909e-14 0)
(1.5 -3.49488e-14 0)
(1.5 6.06276e-14 0)
(1.5 1.56447e-14 0)
(1.5 5.12025e-14 0)
(1.5 1.0684e-13 0)
(1.5 1.99519e-13 0)
(1.5 2.46653e-13 0)
(1.5 1.60651e-13 0)
(1.5 1.1025e-13 0)
(1.5 -2.52243e-14 0)
(1.5 -1.38195e-13 0)
(1.5 -9.91517e-14 0)
(1.5 -8.75001e-14 0)
(1.5 -1.61421e-13 0)
(1.5 -1.99953e-13 0)
(1.5 -1.05987e-13 0)
(1.5 -6.15979e-14 0)
(1.5 -1.23124e-13 0)
(1.5 -1.40312e-13 0)
(1.5 -1.38752e-13 0)
(1.5 -2.1979e-13 0)
(1.5 -3.26514e-13 0)
(1.5 -4.07714e-13 0)
(1.5 -3.68488e-13 0)
(1.5 -2.57252e-13 0)
(1.5 -1.30209e-13 0)
(1.5 -2.45068e-14 0)
(1.5 -2.04313e-14 0)
(1.5 -3.743e-15 0)
(1.5 -2.76624e-14 0)
(1.5 -4.43221e-14 0)
(1.5 2.63888e-14 0)
(1.5 7.86895e-14 0)
(1.5 1.40559e-13 0)
(1.5 1.24477e-13 0)
(1.5 1.06265e-13 0)
(1.5 -1.15804e-14 0)
(1.5 -6.23188e-14 0)
(1.5 -8.19255e-14 0)
(1.5 -2.22666e-14 0)
(1.5 -3.32918e-14 0)
(1.5 -2.7889e-14 0)
(1.5 -1.16585e-13 0)
(1.5 -1.61232e-13 0)
(1.5 -1.71738e-13 0)
(1.5 -9.96081e-14 0)
(1.5 5.50148e-14 0)
(1.5 4.34407e-14 0)
(1.5 6.74192e-14 0)
(1.5 1.51625e-13 0)
(1.5 1.72444e-13 0)
(1.5 1.75516e-13 0)
(1.5 1.15754e-13 0)
(1.5 6.0128e-14 0)
(1.5 1.309e-14 0)
(1.5 -7.94402e-14 0)
(1.5 -9.9382e-14 0)
(1.5 -1.16982e-13 0)
(1.5 -6.20965e-14 0)
(1.5 4.05903e-15 0)
(1.5 7.48841e-14 0)
(1.5 4.52962e-14 0)
(1.5 -2.90234e-14 0)
(1.5 -7.14853e-14 0)
(1.5 -2.87181e-14 0)
(1.5 -3.42459e-14 0)
(1.5 -2.1896e-14 0)
(1.5 -1.40124e-13 0)
(1.5 -1.86102e-13 0)
(1.5 3.72249e-16 0)
(1.5 -6.56323e-14 0)
(1.5 -2.08351e-14 0)
(1.5 5.96958e-15 0)
(1.5 -6.07617e-14 0)
(1.5 -8.29394e-14 0)
(1.5 -3.93867e-14 0)
(1.5 -4.66548e-14 0)
(1.5 2.22152e-15 0)
(1.5 -1.46464e-14 0)
(1.5 -9.78833e-14 0)
(1.5 -1.31565e-13 0)
(1.5 -1.38651e-13 0)
(1.5 -8.71938e-14 0)
(1.5 1.09038e-13 0)
(1.5 1.2219e-13 0)
(1.5 1.42366e-14 0)
(1.5 -3.43831e-14 0)
(1.5 -6.39398e-14 0)
(1.5 1.47785e-14 0)
(1.5 6.19394e-14 0)
(1.5 1.27101e-13 0)
(1.5 2.23478e-13 0)
(1.5 2.08188e-13 0)
(1.5 1.20053e-13 0)
(1.5 3.95928e-14 0)
(1.5 -6.47033e-14 0)
(1.5 8.08968e-15 0)
(1.5 -1.72238e-14 0)
(1.5 -2.70101e-14 0)
(1.5 -1.04697e-13 0)
(1.5 -5.69764e-14 0)
(1.5 -9.88769e-14 0)
(1.5 -9.06237e-14 0)
(1.5 -5.79623e-14 0)
(1.5 -6.07083e-15 0)
(1.5 4.07965e-14 0)
(1.5 4.9106e-14 0)
(1.5 1.27034e-13 0)
(1.5 2.63732e-13 0)
(1.5 2.79278e-13 0)
(1.5 1.48284e-13 0)
(1.5 2.05776e-16 0)
(1.5 -1.0577e-13 0)
(1.5 -5.55458e-14 0)
(1.5 -3.75812e-14 0)
(1.5 -1.38643e-14 0)
(1.5 2.20043e-14 0)
(1.5 5.49186e-14 0)
(1.5 4.65227e-14 0)
(1.5 6.83334e-14 0)
(1.5 4.45384e-14 0)
(1.5 -6.36487e-15 0)
(1.5 7.31304e-16 0)
(1.5 -4.0168e-16 0)
(1.5 8.37633e-14 0)
(1.5 3.6435e-14 0)
(1.5 -3.4738e-14 0)
(1.5 -2.15484e-14 0)
(1.5 -1.53193e-13 0)
(1.5 -7.82463e-14 0)
(1.5 1.47274e-15 0)
(1.5 -4.37639e-14 0)
(1.5 1.56448e-14 0)
(1.5 1.15132e-13 0)
(1.5 2.17192e-14 0)
(1.5 -1.78973e-14 0)
(1.5 3.56029e-14 0)
(1.5 3.73334e-14 0)
(1.5 -3.02915e-14 0)
(1.5 -8.80883e-14 0)
(1.5 -1.06642e-13 0)
(1.5 2.0927e-14 0)
(1.5 -1.61539e-14 0)
(1.5 -6.29887e-14 0)
(1.5 -2.046e-13 0)
(1.5 -1.18191e-13 0)
(1.5 3.01383e-14 0)
(1.5 3.62905e-14 0)
(1.5 1.21148e-14 0)
(1.5 -1.11462e-13 0)
(1.5 -1.62495e-13 0)
(1.5 -1.08391e-13 0)
(1.5 -8.21712e-14 0)
(1.5 -5.76152e-14 0)
(1.5 -8.01772e-14 0)
(1.5 -1.41903e-13 0)
(1.5 -4.03968e-14 0)
(1.5 5.14113e-14 0)
(1.5 1.58935e-13 0)
(1.5 3.38949e-13 0)
(1.5 3.24919e-13 0)
(1.5 1.4944e-13 0)
(1.5 -8.07403e-15 0)
(1.5 -1.26447e-13 0)
(1.5 -7.77033e-14 0)
(1.5 -1.7453e-13 0)
(1.5 -1.02218e-13 0)
(1.5 2.22975e-14 0)
(1.5 1.79268e-13 0)
(1.5 1.78125e-13 0)
(1.5 -1.12088e-14 0)
(1.5 -1.52911e-13 0)
(1.5 -1.76063e-13 0)
(1.5 -1.17052e-13 0)
(1.5 -5.58615e-14 0)
(1.5 -3.3824e-14 0)
(1.5 3.78101e-14 0)
(1.5 -3.00462e-14 0)
(1.5 -7.98e-14 0)
(1.5 -8.21145e-14 0)
(1.5 -1.56116e-13 0)
(1.5 -2.09953e-13 0)
(1.5 -2.27367e-13 0)
(1.5 -1.97018e-13 0)
(1.5 9.48765e-15 0)
(1.5 5.72494e-14 0)
(1.5 1.88499e-14 0)
(1.5 -1.47467e-13 0)
(1.5 -1.57946e-13 0)
(1.5 -9.33558e-14 0)
(1.5 -6.05284e-14 0)
(1.5 -1.50602e-14 0)
(1.5 5.58553e-14 0)
(1.5 7.62905e-14 0)
(1.5 1.15647e-13 0)
(1.5 8.19732e-14 0)
(1.5 1.79491e-13 0)
(1.5 1.81158e-13 0)
(1.5 9.55986e-14 0)
(1.5 1.58317e-13 0)
(1.5 6.86275e-14 0)
(1.5 1.93192e-13 0)
(1.5 9.72841e-14 0)
(1.5 1.09431e-13 0)
(1.5 1.89696e-13 0)
(1.5 2.61233e-13 0)
(1.5 3.26597e-13 0)
(1.5 2.48975e-13 0)
(1.5 2.10678e-13 0)
(1.5 5.2764e-15 0)
(1.5 -1.59216e-13 0)
(1.5 -1.37381e-13 0)
(1.5 -1.71749e-13 0)
(1.5 -1.35232e-13 0)
(1.5 -5.23603e-14 0)
(1.5 6.96765e-14 0)
(1.5 -3.9735e-14 0)
(1.5 -1.94733e-13 0)
(1.5 -2.33939e-13 0)
(1.5 -1.83801e-13 0)
(1.5 -1.98626e-13 0)
(1.5 -2.65909e-13 0)
(1.5 -4.18423e-13 0)
(1.5 -3.54059e-13 0)
(1.5 -1.05302e-13 0)
(1.5 -8.12099e-15 0)
(1.5 5.13646e-14 0)
(1.5 4.89321e-14 0)
(1.5 1.02315e-13 0)
(1.5 1.11231e-13 0)
(1.5 8.24691e-14 0)
(1.5 1.19138e-13 0)
(1.5 1.69369e-13 0)
(1.5 1.80677e-13 0)
(1.5 1.61488e-13 0)
(1.5 3.08937e-14 0)
(1.5 -3.14837e-14 0)
(1.5 -1.58603e-13 0)
(1.5 -2.07627e-13 0)
(1.5 -1.79508e-13 0)
(1.5 -1.64148e-13 0)
(1.5 -1.08545e-13 0)
(1.5 -1.23605e-13 0)
(1.5 -4.39882e-14 0)
(1.5 -3.36742e-14 0)
(1.5 -5.73523e-15 0)
(1.5 1.60599e-13 0)
(1.5 1.78564e-13 0)
(1.5 3.3666e-13 0)
(1.5 4.19417e-13 0)
(1.5 4.50543e-13 0)
(1.5 5.38581e-13 0)
(1.5 4.7603e-13 0)
(1.5 2.87747e-13 0)
(1.5 1.24235e-13 0)
(1.5 -4.71743e-14 0)
(1.5 -2.90567e-14 0)
(1.5 -6.78048e-14 0)
(1.5 2.16755e-14 0)
(1.5 1.21919e-13 0)
(1.5 7.46025e-14 0)
(1.5 3.59132e-14 0)
(1.5 -8.14549e-14 0)
(1.5 -9.28661e-14 0)
(1.5 -4.61159e-14 0)
(1.5 -1.2898e-13 0)
(1.5 -1.19032e-13 0)
(1.5 -2.08247e-13 0)
(1.5 -3.14988e-13 0)
(1.5 8.06893e-14 0)
(1.5 9.91443e-14 0)
(1.5 -1.7965e-14 0)
(1.5 -5.44486e-14 0)
(1.5 -1.06269e-13 0)
(1.5 -1.48738e-13 0)
(1.5 -1.37697e-13 0)
(1.5 -9.92238e-14 0)
(1.5 -4.2877e-14 0)
(1.5 -5.2246e-14 0)
(1.5 -8.58098e-14 0)
(1.5 -2.09248e-14 0)
(1.5 7.45882e-14 0)
(1.5 1.74784e-13 0)
(1.5 2.67717e-13 0)
(1.5 2.13491e-13 0)
(1.5 1.49205e-13 0)
(1.5 9.24253e-14 0)
(1.5 9.13625e-14 0)
(1.5 1.42009e-13 0)
(1.5 6.24565e-14 0)
(1.5 4.65087e-14 0)
(1.5 6.45964e-14 0)
(1.5 4.52706e-14 0)
(1.5 2.66384e-14 0)
(1.5 -4.60071e-14 0)
(1.5 -8.4373e-14 0)
(1.5 -4.51173e-14 0)
(1.5 -2.98457e-14 0)
(1.5 -1.30442e-14 0)
(1.5 -4.45952e-14 0)
(1.5 7.23149e-15 0)
(1.5 -2.12278e-14 0)
(1.5 -2.21951e-14 0)
(1.5 -2.00633e-14 0)
(1.5 5.47139e-14 0)
(1.5 9.83066e-14 0)
(1.5 1.63524e-13 0)
(1.5 2.60677e-13 0)
(1.5 3.78766e-13 0)
(1.5 3.64493e-13 0)
(1.5 2.86742e-13 0)
(1.5 7.52766e-14 0)
(1.5 6.71907e-14 0)
(1.5 1.38206e-14 0)
(1.5 -2.6411e-14 0)
(1.5 -3.10168e-14 0)
(1.5 5.85663e-14 0)
(1.5 4.41714e-14 0)
(1.5 2.55883e-14 0)
(1.5 1.03681e-13 0)
(1.5 5.39701e-14 0)
(1.5 4.71863e-14 0)
(1.5 2.88542e-14 0)
(1.5 3.6968e-14 0)
(1.5 1.06152e-13 0)
(1.5 1.16071e-13 0)
(1.5 -6.13851e-14 0)
(1.5 -4.88716e-14 0)
(1.5 -6.34006e-14 0)
(1.5 4.3479e-14 0)
(1.5 5.48321e-14 0)
(1.5 7.88093e-15 0)
(1.5 6.37411e-14 0)
(1.5 1.93331e-13 0)
(1.5 1.39023e-13 0)
(1.5 9.21465e-14 0)
(1.5 4.79386e-14 0)
(1.5 -3.37449e-14 0)
(1.5 5.95544e-15 0)
(1.5 6.28382e-14 0)
(1.5 5.57749e-14 0)
(1.5 4.51219e-14 0)
(1.5 1.76438e-15 0)
(1.5 -1.7828e-13 0)
(1.5 -2.18743e-13 0)
(1.5 -1.85921e-13 0)
(1.5 -5.3177e-14 0)
(1.5 1.2662e-14 0)
(1.5 -3.79612e-14 0)
(1.5 -3.63138e-14 0)
(1.5 -8.99876e-14 0)
(1.5 -9.91896e-14 0)
(1.5 -7.90881e-14 0)
(1.5 5.55272e-15 0)
(1.5 -2.71901e-14 0)
(1.5 -7.5202e-15 0)
(1.5 7.42685e-14 0)
(1.5 1.38909e-13 0)
(1.5 2.1329e-13 0)
(1.5 2.47002e-13 0)
(1.5 1.91288e-13 0)
(1.5 1.16935e-13 0)
(1.5 -4.90815e-14 0)
(1.5 -1.84035e-13 0)
(1.5 -1.91196e-13 0)
(1.5 -2.18723e-13 0)
(1.5 -1.0907e-13 0)
(1.5 -9.69252e-15 0)
(1.5 6.43694e-14 0)
(1.5 1.23249e-13 0)
(1.5 1.52906e-14 0)
(1.5 -1.49853e-13 0)
(1.5 -2.2196e-13 0)
(1.5 -2.39921e-13 0)
(1.5 -1.54587e-13 0)
(1.5 -7.49933e-14 0)
(1.5 -7.90253e-14 0)
(1.5 -9.47921e-14 0)
(1.5 -1.19831e-13 0)
(1.5 -1.43646e-13 0)
(1.5 -2.63403e-13 0)
(1.5 -4.13833e-13 0)
(1.5 -4.36226e-13 0)
(1.5 -3.55298e-13 0)
(1.5 -2.19179e-13 0)
(1.5 -2.21629e-13 0)
(1.5 -3.14569e-13 0)
(1.5 -2.86902e-13 0)
(1.5 -1.77539e-13 0)
(1.5 -1.78546e-13 0)
(1.5 -1.14145e-13 0)
(1.5 -1.92032e-14 0)
(1.5 -4.69155e-14 0)
(1.5 1.18318e-13 0)
(1.5 1.94466e-13 0)
(1.5 1.92987e-13 0)
(1.5 1.95626e-13 0)
(1.5 3.07865e-13 0)
(1.5 2.6837e-13 0)
(1.5 2.58866e-13 0)
(1.5 2.37153e-13 0)
(1.5 2.72512e-13 0)
(1.5 2.05109e-13 0)
(1.5 1.51885e-13 0)
(1.5 1.87448e-13 0)
(1.5 2.1721e-13 0)
(1.5 2.80596e-13 0)
(1.5 2.36556e-13 0)
(1.5 1.94601e-13 0)
(1.5 -1.09053e-14 0)
(1.5 -1.36316e-13 0)
(1.5 -1.21185e-13 0)
(1.5 -1.82375e-13 0)
(1.5 -2.10451e-13 0)
(1.5 -1.30257e-13 0)
(1.5 -1.10162e-14 0)
(1.5 -8.01554e-14 0)
(1.5 -2.47199e-13 0)
(1.5 -3.10461e-13 0)
(1.5 -3.21885e-13 0)
(1.5 -2.64731e-13 0)
(1.5 -2.1384e-13 0)
(1.5 -3.06606e-13 0)
(1.5 -2.26395e-13 0)
(1.5 -8.43881e-14 0)
(1.5 -1.11619e-13 0)
(1.5 -8.36073e-14 0)
(1.5 2.94828e-14 0)
(1.5 7.86516e-14 0)
(1.5 9.87573e-14 0)
(1.5 1.23998e-13 0)
(1.5 1.9307e-13 0)
(1.5 2.3635e-13 0)
(1.5 2.47321e-13 0)
(1.5 2.43668e-13 0)
(1.5 1.0308e-13 0)
(1.5 -1.6293e-15 0)
(1.5 -2.5464e-13 0)
(1.5 -3.38284e-13 0)
(1.5 -3.74768e-13 0)
(1.5 -3.56149e-13 0)
(1.5 -2.69175e-13 0)
(1.5 -1.63643e-13 0)
(1.5 -3.83358e-14 0)
(1.5 3.1845e-14 0)
(1.5 7.53398e-14 0)
(1.5 1.6189e-13 0)
(1.5 1.05784e-13 0)
(1.5 2.51361e-13 0)
(1.5 3.44409e-13 0)
(1.5 4.75177e-13 0)
(1.5 5.99341e-13 0)
(1.5 5.36099e-13 0)
(1.5 3.37498e-13 0)
(1.5 1.80031e-13 0)
(1.5 -2.01045e-14 0)
(1.5 -9.60619e-14 0)
(1.5 -9.99497e-14 0)
(1.5 -7.78568e-14 0)
(1.5 2.98709e-14 0)
(1.5 -1.33456e-13 0)
(1.5 -1.24182e-13 0)
(1.5 -2.37953e-13 0)
(1.5 -1.98048e-13 0)
(1.5 -9.06813e-14 0)
(1.5 -1.2592e-13 0)
(1.5 -4.48282e-14 0)
(1.5 -3.60353e-14 0)
(1.5 -1.83516e-13 0)
(1.5 -5.90964e-14 0)
(1.5 -3.0395e-14 0)
(1.5 -1.37503e-14 0)
(1.5 -3.17477e-14 0)
(1.5 -9.50792e-14 0)
(1.5 -1.45429e-13 0)
(1.5 -1.68238e-13 0)
(1.5 -1.65106e-13 0)
(1.5 -1.64161e-13 0)
(1.5 -1.32263e-13 0)
(1.5 -9.94629e-14 0)
(1.5 1.17201e-13 0)
(1.5 2.40237e-13 0)
(1.5 2.69763e-13 0)
(1.5 3.32972e-13 0)
(1.5 2.30828e-13 0)
(1.5 2.33803e-13 0)
(1.5 1.79896e-13 0)
(1.5 1.67179e-13 0)
(1.5 1.97523e-13 0)
(1.5 2.03564e-14 0)
(1.5 -8.89338e-14 0)
(1.5 -1.26531e-13 0)
(1.5 -1.30815e-13 0)
(1.5 -9.36675e-14 0)
(1.5 -1.3122e-13 0)
(1.5 -9.48518e-14 0)
(1.5 -1.17349e-13 0)
(1.5 -8.49105e-14 0)
(1.5 -5.81935e-14 0)
(1.5 -3.73008e-14 0)
(1.5 5.51045e-15 0)
(1.5 2.47356e-14 0)
(1.5 4.05118e-14 0)
(1.5 4.11151e-14 0)
(1.5 1.07518e-13 0)
(1.5 1.4869e-13 0)
(1.5 3.101e-13 0)
(1.5 3.70755e-13 0)
(1.5 3.9418e-13 0)
(1.5 3.62673e-13 0)
(1.5 3.51504e-13 0)
(1.5 1.91541e-13 0)
(1.5 1.75092e-13 0)
(1.5 6.18256e-14 0)
(1.5 3.39424e-14 0)
(1.5 9.00114e-14 0)
(1.5 2.41667e-13 0)
(1.5 1.8868e-13 0)
(1.5 1.33407e-13 0)
(1.5 1.75446e-13 0)
(1.5 1.25256e-13 0)
(1.5 1.73285e-13 0)
(1.5 1.66246e-13 0)
(1.5 9.68508e-14 0)
(1.5 8.3896e-14 0)
(1.5 1.07662e-13 0)
(1.5 -2.8471e-14 0)
(1.5 6.75909e-14 0)
(1.5 1.60027e-13 0)
(1.5 2.76402e-13 0)
(1.5 2.22227e-13 0)
(1.5 1.77005e-13 0)
(1.5 1.70174e-13 0)
(1.5 2.08835e-13 0)
(1.5 2.09767e-13 0)
(1.5 2.12829e-13 0)
(1.5 1.29821e-13 0)
(1.5 2.51247e-15 0)
(1.5 1.27897e-13 0)
(1.5 2.05159e-13 0)
(1.5 1.57155e-13 0)
(1.5 7.44972e-14 0)
(1.5 -1.9666e-14 0)
(1.5 -2.28777e-13 0)
(1.5 -2.01571e-13 0)
(1.5 -2.67197e-13 0)
(1.5 -1.96654e-13 0)
(1.5 -1.12131e-13 0)
(1.5 -1.04447e-13 0)
(1.5 -6.31929e-14 0)
(1.5 -9.26884e-14 0)
(1.5 -1.44336e-13 0)
(1.5 -1.18033e-13 0)
(1.5 4.79264e-14 0)
(1.5 5.86075e-14 0)
(1.5 1.12965e-13 0)
(1.5 9.15746e-14 0)
(1.5 7.97986e-14 0)
(1.5 8.12389e-14 0)
(1.5 -1.12927e-14 0)
(1.5 -1.48357e-14 0)
(1.5 -1.1006e-14 0)
(1.5 -2.8975e-14 0)
(1.5 -6.59457e-14 0)
(1.5 -1.81914e-13 0)
(1.5 -1.25935e-13 0)
(1.5 -6.3517e-14 0)
(1.5 -2.38128e-14 0)
(1.5 -1.38829e-14 0)
(1.5 5.73115e-14 0)
(1.5 1.40001e-13 0)
(1.5 1.09073e-13 0)
(1.5 4.25639e-14 0)
(1.5 -4.58017e-14 0)
(1.5 -6.85373e-14 0)
(1.5 -3.552e-14 0)
(1.5 -2.45012e-13 0)
(1.5 -2.62469e-13 0)
(1.5 -3.23551e-13 0)
(1.5 -4.27421e-13 0)
(1.5 -4.9832e-13 0)
(1.5 -6.06973e-13 0)
(1.5 -6.10407e-13 0)
(1.5 -5.32226e-13 0)
(1.5 -4.44953e-13 0)
(1.5 -4.65031e-13 0)
(1.5 -5.05496e-13 0)
(1.5 -2.48006e-13 0)
(1.5 -8.03206e-14 0)
(1.5 -1.29465e-13 0)
(1.5 -5.68566e-14 0)
(1.5 9.0348e-14 0)
(1.5 1.0099e-13 0)
(1.5 2.42822e-13 0)
(1.5 2.51867e-13 0)
(1.5 2.2004e-13 0)
(1.5 1.63041e-13 0)
(1.5 2.47451e-13 0)
(1.5 2.79189e-13 0)
(1.5 2.79815e-13 0)
(1.5 2.83254e-13 0)
(1.5 2.23173e-13 0)
(1.5 2.23098e-13 0)
(1.5 1.97043e-13 0)
(1.5 1.80167e-13 0)
(1.5 1.32316e-13 0)
(1.5 1.32883e-13 0)
(1.5 9.61935e-14 0)
(1.5 1.06609e-14 0)
(1.5 -9.78528e-14 0)
(1.5 -1.47337e-13 0)
(1.5 -2.43024e-13 0)
(1.5 -3.11069e-13 0)
(1.5 -3.75599e-13 0)
(1.5 -3.52859e-13 0)
(1.5 -2.32609e-13 0)
(1.5 -2.24306e-13 0)
(1.5 -2.6284e-13 0)
(1.5 -2.45835e-13 0)
(1.5 -3.5221e-13 0)
(1.5 -2.72467e-13 0)
(1.5 -2.07137e-13 0)
(1.5 -2.13872e-13 0)
(1.5 -2.50853e-13 0)
(1.5 -2.37782e-13 0)
(1.5 -2.95838e-13 0)
(1.5 -2.39907e-13 0)
(1.5 -8.4393e-14 0)
(1.5 3.59402e-14 0)
(1.5 1.11997e-13 0)
(1.5 1.59028e-13 0)
(1.5 2.40245e-13 0)
(1.5 2.24642e-13 0)
(1.5 1.72521e-13 0)
(1.5 2.40175e-13 0)
(1.5 7.87354e-14 0)
(1.5 -5.24752e-14 0)
(1.5 -2.15023e-13 0)
(1.5 -2.84887e-13 0)
(1.5 -3.11481e-13 0)
(1.5 -3.79788e-13 0)
(1.5 -2.60694e-13 0)
(1.5 -5.29205e-14 0)
(1.5 3.77651e-14 0)
(1.5 7.91284e-14 0)
(1.5 2.00858e-14 0)
(1.5 -2.48013e-15 0)
(1.5 -3.7446e-14 0)
(1.5 -1.58637e-14 0)
(1.5 7.91085e-14 0)
(1.5 2.43564e-13 0)
(1.5 3.63141e-13 0)
(1.5 3.50901e-13 0)
(1.5 3.60756e-13 0)
(1.5 2.51289e-13 0)
(1.5 1.38971e-13 0)
(1.5 -3.30623e-14 0)
(1.5 -6.59055e-14 0)
(1.5 -7.3215e-14 0)
(1.5 1.39649e-14 0)
(1.5 -1.4739e-13 0)
(1.5 -2.53427e-13 0)
(1.5 -3.26883e-13 0)
(1.5 -2.43669e-13 0)
(1.5 -9.9435e-14 0)
(1.5 -9.0395e-14 0)
(1.5 2.71876e-14 0)
(1.5 1.06742e-13 0)
(1.5 7.72776e-14 0)
(1.5 -1.20712e-13 0)
(1.5 -1.17033e-13 0)
(1.5 -9.13317e-14 0)
(1.5 -4.10898e-14 0)
(1.5 -4.79611e-14 0)
(1.5 -3.13714e-14 0)
(1.5 -6.15701e-14 0)
(1.5 -7.944e-14 0)
(1.5 -9.18129e-14 0)
(1.5 -9.18005e-14 0)
(1.5 -1.01894e-13 0)
(1.5 1.16468e-13 0)
(1.5 2.14512e-13 0)
(1.5 2.03686e-13 0)
(1.5 2.46966e-13 0)
(1.5 2.80306e-13 0)
(1.5 4.03945e-13 0)
(1.5 3.06364e-13 0)
(1.5 1.99498e-13 0)
(1.5 1.05028e-13 0)
(1.5 -1.76762e-14 0)
(1.5 -1.51628e-13 0)
(1.5 -2.34052e-13 0)
(1.5 -2.17947e-13 0)
(1.5 -2.0457e-13 0)
(1.5 -2.53142e-13 0)
(1.5 -2.42546e-13 0)
(1.5 -2.74076e-13 0)
(1.5 -2.59665e-13 0)
(1.5 -1.89887e-13 0)
(1.5 -2.1447e-13 0)
(1.5 -1.59134e-13 0)
(1.5 -1.03238e-13 0)
(1.5 -2.91316e-14 0)
(1.5 4.61176e-14 0)
(1.5 3.93742e-14 0)
(1.5 4.46229e-14 0)
(1.5 2.67105e-13 0)
(1.5 2.7789e-13 0)
(1.5 2.54849e-13 0)
(1.5 2.12599e-13 0)
(1.5 2.4877e-13 0)
(1.5 1.72021e-13 0)
(1.5 6.45038e-14 0)
(1.5 -1.54768e-14 0)
(1.5 4.27645e-14 0)
(1.5 1.21026e-13 0)
(1.5 2.63493e-13 0)
(1.5 2.30588e-13 0)
(1.5 1.20069e-13 0)
(1.5 9.06554e-14 0)
(1.5 6.58742e-14 0)
(1.5 1.23298e-13 0)
(1.5 1.01475e-13 0)
(1.5 5.80968e-14 0)
(1.5 -6.22581e-14 0)
(1.5 -7.33599e-14 0)
(1.5 -5.31783e-14 0)
(1.5 1.986e-14 0)
(1.5 9.78152e-14 0)
(1.5 1.76965e-13 0)
(1.5 9.04964e-14 0)
(1.5 9.13568e-14 0)
(1.5 8.09238e-14 0)
(1.5 4.27047e-14 0)
(1.5 6.93304e-14 0)
(1.5 1.13735e-13 0)
(1.5 8.74697e-14 0)
(1.5 -5.11658e-14 0)
(1.5 9.3687e-14 0)
(1.5 2.25513e-13 0)
(1.5 1.97889e-13 0)
(1.5 1.22179e-13 0)
(1.5 9.97114e-15 0)
(1.5 -7.04001e-14 0)
(1.5 -3.11365e-14 0)
(1.5 -7.10721e-14 0)
(1.5 -1.92998e-13 0)
(1.5 -2.51256e-13 0)
(1.5 -1.927e-13 0)
(1.5 -8.01642e-14 0)
(1.5 -4.5751e-14 0)
(1.5 -7.35379e-14 0)
(1.5 -3.90507e-14 0)
(1.5 1.8339e-13 0)
(1.5 2.61354e-13 0)
(1.5 2.59757e-13 0)
(1.5 1.59513e-13 0)
(1.5 3.57107e-14 0)
(1.5 -1.78618e-15 0)
(1.5 -5.16865e-14 0)
(1.5 -5.24235e-14 0)
(1.5 -1.74404e-14 0)
(1.5 4.06929e-14 0)
(1.5 2.84699e-14 0)
(1.5 -8.29639e-14 0)
(1.5 1.68473e-14 0)
(1.5 4.70538e-14 0)
(1.5 1.74949e-13 0)
(1.5 2.92098e-13 0)
(1.5 2.54274e-13 0)
(1.5 3.14964e-13 0)
(1.5 2.58472e-13 0)
(1.5 1.40826e-13 0)
(1.5 6.57238e-14 0)
(1.5 -6.73667e-15 0)
(1.5 -4.21576e-14 0)
(1.5 -2.24717e-13 0)
(1.5 -2.26145e-13 0)
(1.5 -2.79732e-13 0)
(1.5 -3.74443e-13 0)
(1.5 -3.49165e-13 0)
(1.5 -4.65144e-13 0)
(1.5 -5.54985e-13 0)
(1.5 -5.13244e-13 0)
(1.5 -4.39781e-13 0)
(1.5 -3.79737e-13 0)
(1.5 -3.62143e-13 0)
(1.5 -1.42677e-13 0)
(1.5 -1.50894e-14 0)
(1.5 -7.86214e-15 0)
(1.5 3.59416e-14 0)
(1.5 1.46943e-13 0)
(1.5 2.5115e-13 0)
(1.5 2.80791e-13 0)
(1.5 2.48245e-13 0)
(1.5 2.5507e-13 0)
(1.5 1.97763e-13 0)
(1.5 1.51244e-13 0)
(1.5 2.14067e-13 0)
(1.5 2.56639e-13 0)
(1.5 2.13717e-13 0)
(1.5 1.46024e-13 0)
(1.5 1.96174e-13 0)
(1.5 2.54487e-13 0)
(1.5 2.0638e-13 0)
(1.5 1.21222e-13 0)
(1.5 9.03224e-14 0)
(1.5 8.21563e-14 0)
(1.5 8.60417e-14 0)
(1.5 3.19772e-14 0)
(1.5 -1.6875e-14 0)
(1.5 -2.95656e-13 0)
(1.5 -4.69064e-13 0)
(1.5 -4.77122e-13 0)
(1.5 -4.30826e-13 0)
(1.5 -3.99029e-13 0)
(1.5 -2.97436e-13 0)
(1.5 -2.52499e-13 0)
(1.5 -1.96099e-13 0)
(1.5 -1.98161e-13 0)
(1.5 -1.07565e-13 0)
(1.5 -1.80411e-13 0)
(1.5 -1.11238e-13 0)
(1.5 -1.37935e-13 0)
(1.5 -1.37822e-13 0)
(1.5 -1.6259e-13 0)
(1.5 -1.27813e-13 0)
(1.5 -5.90606e-14 0)
(1.5 8.40274e-14 0)
(1.5 1.79552e-13 0)
(1.5 2.15064e-13 0)
(1.5 2.52161e-13 0)
(1.5 1.96278e-13 0)
(1.5 5.85876e-14 0)
(1.5 9.19172e-14 0)
(1.5 -1.75512e-14 0)
(1.5 -1.21057e-13 0)
(1.5 -7.23271e-14 0)
(1.5 -7.16365e-14 0)
(1.5 -8.83783e-16 0)
(1.5 -7.08444e-14 0)
(1.5 -7.71942e-14 0)
(1.5 6.29598e-14 0)
(1.5 1.91663e-13 0)
(1.5 1.61231e-13 0)
(1.5 4.2608e-14 0)
(1.5 -3.4853e-14 0)
(1.5 -5.87083e-14 0)
(1.5 -9.73148e-14 0)
(1.5 -3.99039e-14 0)
(1.5 2.8006e-14 0)
(1.5 1.21922e-13 0)
(1.5 2.81312e-13 0)
(1.5 3.73804e-13 0)
(1.5 2.21272e-13 0)
(1.5 2.09605e-13 0)
(1.5 1.01499e-13 0)
(1.5 -6.76022e-15 0)
(1.5 6.98698e-15 0)
(1.5 -3.3149e-15 0)
(1.5 -5.96193e-14 0)
(1.5 -2.65954e-13 0)
(1.5 -3.03422e-13 0)
(1.5 -2.55122e-13 0)
(1.5 -1.54442e-13 0)
(1.5 -5.97736e-14 0)
(1.5 -2.42388e-14 0)
(1.5 4.68186e-14 0)
(1.5 1.45886e-13 0)
(1.5 -6.48688e-14 0)
(1.5 -3.93879e-14 0)
(1.5 -2.36501e-14 0)
(1.5 2.78267e-14 0)
(1.5 7.60656e-14 0)
(1.5 7.50956e-14 0)
(1.5 7.31945e-15 0)
(1.5 -5.47958e-14 0)
(1.5 -1.36419e-14 0)
(1.5 4.81864e-14 0)
(1.5 4.67376e-14 0)
(1.5 9.41168e-14 0)
(1.5 1.3992e-13 0)
(1.5 1.42437e-13 0)
(1.5 1.45503e-13 0)
(1.5 2.67379e-13 0)
(1.5 4.96525e-13 0)
(1.5 4.88968e-13 0)
(1.5 3.49892e-13 0)
(1.5 8.84022e-14 0)
(1.5 2.01837e-14 0)
(1.5 -3.49406e-14 0)
(1.5 -7.18141e-14 0)
(1.5 -7.34041e-14 0)
(1.5 -9.19956e-14 0)
(1.5 -1.27105e-13 0)
(1.5 -1.75466e-13 0)
(1.5 -1.5044e-13 0)
(1.5 -1.78668e-13 0)
(1.5 -1.1211e-13 0)
(1.5 -1.87615e-13 0)
(1.5 -1.36855e-13 0)
(1.5 -6.94895e-14 0)
(1.5 1.94369e-14 0)
(1.5 1.24537e-13 0)
(1.5 5.70728e-14 0)
(1.5 5.14789e-14 0)
(1.5 1.99575e-13 0)
(1.5 2.314e-13 0)
(1.5 1.66871e-13 0)
(1.5 1.87673e-13 0)
(1.5 2.58134e-13 0)
(1.5 2.3946e-13 0)
(1.5 1.83736e-13 0)
(1.5 1.67975e-13 0)
(1.5 2.32299e-13 0)
(1.5 2.06052e-13 0)
(1.5 3.06382e-13 0)
(1.5 2.64327e-13 0)
(1.5 1.17057e-13 0)
(1.5 7.07822e-14 0)
(1.5 4.4802e-14 0)
(1.5 8.33536e-14 0)
(1.5 4.11657e-14 0)
(1.5 5.07939e-14 0)
(1.5 -5.41903e-14 0)
(1.5 -6.73921e-14 0)
(1.5 9.72961e-14 0)
(1.5 5.09805e-14 0)
(1.5 6.8576e-14 0)
(1.5 1.13935e-13 0)
(1.5 4.09182e-14 0)
(1.5 1.52994e-13 0)
(1.5 1.66007e-13 0)
(1.5 1.19797e-13 0)
(1.5 1.88301e-13 0)
(1.5 1.72739e-13 0)
(1.5 1.63233e-13 0)
(1.5 9.68458e-14 0)
(1.5 1.28262e-13 0)
(1.5 2.2948e-13 0)
(1.5 2.43911e-13 0)
(1.5 1.96597e-13 0)
(1.5 2.84506e-14 0)
(1.5 -5.06265e-14 0)
(1.5 -1.94653e-14 0)
(1.5 3.75241e-14 0)
(1.5 -2.77099e-14 0)
(1.5 -1.39504e-13 0)
(1.5 -1.59217e-13 0)
(1.5 -5.28314e-14 0)
(1.5 -3.43259e-14 0)
(1.5 -2.31767e-14 0)
(1.5 2.67897e-14 0)
(1.5 1.97583e-13 0)
(1.5 3.62543e-13 0)
(1.5 3.14228e-13 0)
(1.5 2.19385e-13 0)
(1.5 1.0844e-13 0)
(1.5 7.24288e-14 0)
(1.5 1.44512e-13 0)
(1.5 1.03975e-13 0)
(1.5 1.40386e-13 0)
(1.5 5.75109e-14 0)
(1.5 9.77535e-14 0)
(1.5 1.96872e-13 0)
(1.5 3.13245e-13 0)
(1.5 3.57111e-13 0)
(1.5 3.86349e-13 0)
(1.5 4.5532e-13 0)
(1.5 3.64616e-13 0)
(1.5 3.21064e-13 0)
(1.5 1.85374e-13 0)
(1.5 9.61014e-15 0)
(1.5 -4.36383e-14 0)
(1.5 -1.0398e-13 0)
(1.5 -9.41484e-14 0)
(1.5 -1.27815e-13 0)
(1.5 -1.03173e-13 0)
(1.5 -9.34328e-14 0)
(1.5 -1.25401e-13 0)
(1.5 -8.8649e-14 0)
(1.5 -1.99265e-13 0)
(1.5 -3.48566e-13 0)
(1.5 -3.94844e-13 0)
(1.5 -3.70102e-13 0)
(1.5 -3.25043e-13 0)
(1.5 -2.46305e-13 0)
(1.5 -2.21417e-13 0)
(1.5 -2.22715e-13 0)
(1.5 -1.54048e-13 0)
(1.5 -1.68414e-14 0)
(1.5 6.01226e-14 0)
(1.5 2.77711e-13 0)
(1.5 2.72539e-13 0)
(1.5 3.24922e-13 0)
(1.5 4.18031e-13 0)
(1.5 3.33503e-13 0)
(1.5 2.21916e-13 0)
(1.5 2.32406e-13 0)
(1.5 2.4603e-13 0)
(1.5 3.23817e-13 0)
(1.5 2.47747e-13 0)
(1.5 3.07989e-13 0)
(1.5 2.99014e-13 0)
(1.5 2.02959e-13 0)
(1.5 2.7048e-13 0)
(1.5 2.48958e-13 0)
(1.5 2.32346e-13 0)
(1.5 1.76605e-13 0)
(1.5 1.0129e-13 0)
(1.5 3.77852e-14 0)
(1.5 -1.9496e-13 0)
(1.5 -4.41113e-13 0)
(1.5 -5.45597e-13 0)
(1.5 -5.65632e-13 0)
(1.5 -5.94169e-13 0)
(1.5 -4.19256e-13 0)
(1.5 -3.01126e-13 0)
(1.5 -2.18432e-13 0)
(1.5 -1.14141e-13 0)
(1.5 -5.9407e-14 0)
(1.5 -2.16032e-13 0)
(1.5 -8.91715e-14 0)
(1.5 4.95901e-14 0)
(1.5 1.12942e-13 0)
(1.5 1.07339e-13 0)
(1.5 9.80626e-14 0)
(1.5 -1.07218e-14 0)
(1.5 -4.18664e-14 0)
(1.5 -6.21393e-15 0)
(1.5 3.26289e-14 0)
(1.5 1.62163e-13 0)
(1.5 1.03617e-13 0)
(1.5 4.29378e-14 0)
(1.5 -7.59845e-14 0)
(1.5 -7.37604e-14 0)
(1.5 -3.09693e-14 0)
(1.5 1.05553e-13 0)
(1.5 1.51943e-13 0)
(1.5 1.90606e-13 0)
(1.5 1.94083e-13 0)
(1.5 7.86038e-14 0)
(1.5 1.23088e-13 0)
(1.5 2.30493e-13 0)
(1.5 1.46938e-13 0)
(1.5 6.56026e-14 0)
(1.5 -3.79579e-14 0)
(1.5 1.39979e-14 0)
(1.5 -4.55743e-14 0)
(1.5 -5.83298e-14 0)
(1.5 -8.85736e-14 0)
(1.5 -3.0882e-14 0)
(1.5 1.43557e-13 0)
(1.5 2.45299e-13 0)
(1.5 2.08275e-13 0)
(1.5 2.23126e-13 0)
(1.5 1.31512e-13 0)
(1.5 2.96344e-14 0)
(1.5 1.60749e-16 0)
(1.5 -1.22045e-13 0)
(1.5 -1.05785e-13 0)
(1.5 -2.11909e-13 0)
(1.5 -2.33361e-13 0)
(1.5 -2.75048e-13 0)
(1.5 -2.23322e-13 0)
(1.5 -5.56815e-14 0)
(1.5 -7.22279e-14 0)
(1.5 1.77599e-14 0)
(1.5 1.98134e-13 0)
(1.5 1.93637e-14 0)
(1.5 -5.71669e-15 0)
(1.5 5.78962e-15 0)
(1.5 4.4587e-14 0)
(1.5 1.47232e-13 0)
(1.5 1.33626e-13 0)
(1.5 4.6371e-15 0)
(1.5 -1.28064e-13 0)
(1.5 -1.34883e-13 0)
(1.5 -7.78689e-15 0)
(1.5 1.07402e-13 0)
(1.5 5.84799e-14 0)
(1.5 3.15759e-14 0)
(1.5 2.10671e-14 0)
(1.5 9.98545e-14 0)
(1.5 2.7817e-13 0)
(1.5 4.58223e-13 0)
(1.5 4.60974e-13 0)
(1.5 3.32154e-13 0)
(1.5 1.09218e-13 0)
(1.5 1.26474e-13 0)
(1.5 1.13418e-13 0)
(1.5 1.21164e-13 0)
(1.5 7.80751e-14 0)
(1.5 3.83808e-14 0)
(1.5 4.61199e-14 0)
(1.5 -4.52464e-14 0)
(1.5 7.71017e-14 0)
(1.5 -3.40291e-15 0)
(1.5 -1.59638e-14 0)
(1.5 -5.8408e-14 0)
(1.5 -3.30134e-14 0)
(1.5 3.28338e-14 0)
(1.5 8.75102e-14 0)
(1.5 1.29534e-13 0)
(1.5 6.33862e-14 0)
(1.5 5.98667e-14 0)
(1.5 1.17466e-13 0)
(1.5 1.3731e-13 0)
(1.5 1.08023e-13 0)
(1.5 1.60906e-13 0)
(1.5 1.55692e-13 0)
(1.5 2.33286e-13 0)
(1.5 2.64535e-13 0)
(1.5 3.42896e-13 0)
(1.5 3.55485e-13 0)
(1.5 3.04579e-13 0)
(1.5 3.14503e-13 0)
(1.5 2.63378e-13 0)
(1.5 1.15951e-13 0)
(1.5 8.45015e-14 0)
(1.5 3.6493e-14 0)
(1.5 1.60163e-15 0)
(1.5 -2.12333e-14 0)
(1.5 2.03324e-16 0)
(1.5 -4.9929e-16 0)
(1.5 -1.85571e-14 0)
(1.5 1.35984e-13 0)
(1.5 8.18804e-14 0)
(1.5 1.40374e-14 0)
(1.5 5.18345e-14 0)
(1.5 1.09231e-13 0)
(1.5 2.36088e-13 0)
(1.5 2.28805e-13 0)
(1.5 1.92974e-13 0)
(1.5 2.88974e-13 0)
(1.5 1.96752e-13 0)
(1.5 1.51474e-13 0)
(1.5 1.85828e-13 0)
(1.5 1.36992e-13 0)
(1.5 2.30079e-13 0)
(1.5 2.36809e-13 0)
(1.5 2.62766e-13 0)
(1.5 8.49844e-14 0)
(1.5 5.46063e-15 0)
(1.5 -8.26697e-14 0)
(1.5 -1.05942e-13 0)
(1.5 -8.39721e-14 0)
(1.5 -8.41742e-14 0)
(1.5 -8.10851e-14 0)
(1.5 -1.0128e-13 0)
(1.5 -1.37878e-13 0)
(1.5 -1.36773e-13 0)
(1.5 -8.98593e-14 0)
(1.5 -1.96692e-14 0)
(1.5 1.8205e-13 0)
(1.5 1.21833e-13 0)
(1.5 1.10138e-13 0)
(1.5 9.38778e-14 0)
(1.5 6.42541e-14 0)
(1.5 1.9009e-13 0)
(1.5 1.73814e-13 0)
(1.5 2.51346e-13 0)
(1.5 1.62149e-13 0)
(1.5 1.68377e-13 0)
(1.5 3.19617e-13 0)
(1.5 4.38528e-13 0)
(1.5 5.33159e-13 0)
(1.5 5.30784e-13 0)
(1.5 5.14651e-13 0)
(1.5 3.899e-13 0)
(1.5 2.80409e-13 0)
(1.5 9.24175e-14 0)
(1.5 -7.55559e-14 0)
(1.5 -2.09118e-13 0)
(1.5 -2.67694e-13 0)
(1.5 -2.8042e-13 0)
(1.5 -2.19195e-13 0)
(1.5 -1.60401e-13 0)
(1.5 -1.16266e-13 0)
(1.5 -1.89507e-14 0)
(1.5 -4.08788e-14 0)
(1.5 -1.09577e-13 0)
(1.5 -2.44892e-13 0)
(1.5 -3.71985e-13 0)
(1.5 -4.51106e-13 0)
(1.5 -4.36756e-13 0)
(1.5 -2.85064e-13 0)
(1.5 -3.53981e-13 0)
(1.5 -4.29741e-13 0)
(1.5 -3.45457e-13 0)
(1.5 -1.22223e-13 0)
(1.5 -1.15634e-14 0)
(1.5 2.11928e-13 0)
(1.5 2.29983e-13 0)
(1.5 3.96749e-13 0)
(1.5 5.7851e-13 0)
(1.5 5.34839e-13 0)
(1.5 4.33362e-13 0)
(1.5 4.16594e-13 0)
(1.5 3.58666e-13 0)
(1.5 4.24945e-13 0)
(1.5 3.39822e-13 0)
(1.5 3.48821e-13 0)
(1.5 2.84717e-13 0)
(1.5 1.7605e-13 0)
(1.5 2.14212e-13 0)
(1.5 2.45477e-13 0)
(1.5 2.58033e-13 0)
(1.5 1.07334e-13 0)
(1.5 1.26926e-14 0)
(1.5 -5.4779e-14 0)
(1.5 -1.35868e-13 0)
(1.5 -3.05481e-13 0)
(1.5 -4.80669e-13 0)
(1.5 -5.90583e-13 0)
(1.5 -5.43405e-13 0)
(1.5 -4.34315e-13 0)
(1.5 -3.19091e-13 0)
(1.5 -2.23105e-13 0)
(1.5 -1.69619e-13 0)
(1.5 -1.47273e-13 0)
(1.5 -1.88173e-13 0)
(1.5 -1.10384e-13 0)
(1.5 -3.65856e-14 0)
(1.5 5.42452e-14 0)
(1.5 1.10263e-13 0)
(1.5 1.17339e-13 0)
(1.5 1.63863e-14 0)
(1.5 -1.38829e-13 0)
(1.5 -1.41101e-13 0)
(1.5 -3.13155e-14 0)
(1.5 1.20758e-13 0)
(1.5 1.40283e-13 0)
(1.5 4.5427e-14 0)
(1.5 -1.06237e-13 0)
(1.5 -7.99998e-14 0)
(1.5 2.83149e-14 0)
(1.5 7.39898e-14 0)
(1.5 1.18826e-13 0)
(1.5 8.06538e-14 0)
(1.5 1.38826e-13 0)
(1.5 8.88574e-14 0)
(1.5 9.73673e-14 0)
(1.5 1.19272e-13 0)
(1.5 1.26553e-13 0)
(1.5 1.30959e-13 0)
(1.5 1.69485e-14 0)
(1.5 4.95106e-14 0)
(1.5 1.27263e-13 0)
(1.5 6.70654e-14 0)
(1.5 -1.34147e-14 0)
(1.5 -9.51219e-15 0)
(1.5 3.82491e-14 0)
(1.5 1.97333e-13 0)
(1.5 3.24545e-13 0)
(1.5 3.31909e-13 0)
(1.5 3.0104e-13 0)
(1.5 2.17873e-13 0)
(1.5 6.28538e-14 0)
(1.5 -1.82784e-13 0)
(1.5 -2.37392e-13 0)
(1.5 -2.00007e-13 0)
(1.5 -2.07136e-13 0)
(1.5 -1.74032e-13 0)
(1.5 -1.82711e-13 0)
(1.5 -8.92987e-14 0)
(1.5 -7.32057e-14 0)
(1.5 1.02367e-14 0)
(1.5 1.6301e-13 0)
(1.5 2.12793e-14 0)
(1.5 -5.55621e-14 0)
(1.5 -1.43675e-13 0)
(1.5 -1.39626e-13 0)
(1.5 -1.60706e-14 0)
(1.5 7.8919e-14 0)
(1.5 -1.59315e-14 0)
(1.5 -7.28048e-14 0)
(1.5 -1.72159e-13 0)
(1.5 -9.248e-14 0)
(1.5 4.54551e-14 0)
(1.5 9.50636e-14 0)
(1.5 3.9496e-14 0)
(1.5 -3.1431e-15 0)
(1.5 7.91453e-15 0)
(1.5 2.05357e-13 0)
(1.5 2.99471e-13 0)
(1.5 3.00607e-13 0)
(1.5 2.07823e-13 0)
(1.5 2.06205e-13 0)
(1.5 2.77367e-13 0)
(1.5 2.49339e-13 0)
(1.5 2.57484e-13 0)
(1.5 1.57641e-13 0)
(1.5 1.23399e-13 0)
(1.5 7.72897e-14 0)
(1.5 4.275e-14 0)
(1.5 2.11402e-13 0)
(1.5 1.56051e-13 0)
(1.5 9.64245e-14 0)
(1.5 1.02259e-13 0)
(1.5 1.14253e-13 0)
(1.5 1.70509e-13 0)
(1.5 1.7639e-13 0)
(1.5 1.12621e-13 0)
(1.5 1.09048e-13 0)
(1.5 1.19158e-13 0)
(1.5 1.16139e-13 0)
(1.5 1.07037e-13 0)
(1.5 9.01127e-14 0)
(1.5 1.57915e-13 0)
(1.5 1.40303e-13 0)
(1.5 2.6733e-13 0)
(1.5 3.54453e-13 0)
(1.5 4.73142e-13 0)
(1.5 4.63891e-13 0)
(1.5 4.62912e-13 0)
(1.5 3.64854e-13 0)
(1.5 3.13374e-13 0)
(1.5 2.50442e-13 0)
(1.5 2.0771e-13 0)
(1.5 1.71592e-13 0)
(1.5 9.79405e-14 0)
(1.5 -2.71019e-14 0)
(1.5 1.97537e-14 0)
(1.5 9.09191e-14 0)
(1.5 5.94353e-14 0)
(1.5 1.41675e-13 0)
(1.5 1.36999e-13 0)
(1.5 5.70888e-14 0)
(1.5 1.05597e-14 0)
(1.5 1.32433e-13 0)
(1.5 2.02369e-13 0)
(1.5 2.2466e-13 0)
(1.5 2.53682e-13 0)
(1.5 2.67578e-13 0)
(1.5 2.37917e-13 0)
(1.5 1.55712e-13 0)
(1.5 2.28024e-13 0)
(1.5 2.14743e-13 0)
(1.5 3.12881e-13 0)
(1.5 3.1993e-13 0)
(1.5 3.4679e-13 0)
(1.5 2.13667e-13 0)
(1.5 1.28366e-13 0)
(1.5 -3.19435e-14 0)
(1.5 -2.02853e-13 0)
(1.5 -1.96775e-13 0)
(1.5 -1.30547e-13 0)
(1.5 -5.75935e-14 0)
(1.5 -1.71011e-13 0)
(1.5 -2.29043e-13 0)
(1.5 -1.24129e-13 0)
(1.5 -1.53431e-13 0)
(1.5 -1.73034e-13 0)
(1.5 -4.34598e-14 0)
(1.5 4.62998e-14 0)
(1.5 1.92301e-13 0)
(1.5 1.89444e-13 0)
(1.5 3.759e-14 0)
(1.5 1.16097e-13 0)
(1.5 1.21596e-13 0)
(1.5 1.98842e-13 0)
(1.5 1.70943e-13 0)
(1.5 1.36379e-13 0)
(1.5 3.26942e-13 0)
(1.5 4.93482e-13 0)
(1.5 6.08634e-13 0)
(1.5 5.67847e-13 0)
(1.5 4.64352e-13 0)
(1.5 3.4012e-13 0)
(1.5 2.45966e-13 0)
(1.5 5.23174e-14 0)
(1.5 -1.56168e-13 0)
(1.5 -2.83404e-13 0)
(1.5 -3.55374e-13 0)
(1.5 -4.14273e-13 0)
(1.5 -3.05412e-13 0)
(1.5 -2.88201e-13 0)
(1.5 -2.21926e-13 0)
(1.5 -1.18134e-13 0)
(1.5 -2.21154e-13 0)
(1.5 -1.75397e-13 0)
(1.5 -2.26809e-13 0)
(1.5 -4.27164e-13 0)
(1.5 -6.13477e-13 0)
(1.5 -5.63485e-13 0)
(1.5 -3.35726e-13 0)
(1.5 -4.14959e-13 0)
(1.5 -4.34814e-13 0)
(1.5 -3.32151e-13 0)
(1.5 -1.30559e-13 0)
(1.5 -4.52046e-14 0)
(1.5 7.79624e-15 0)
(1.5 1.1094e-13 0)
(1.5 3.59063e-13 0)
(1.5 5.01379e-13 0)
(1.5 6.33807e-13 0)
(1.5 6.46299e-13 0)
(1.5 5.75793e-13 0)
(1.5 4.42638e-13 0)
(1.5 3.59562e-13 0)
(1.5 3.0509e-13 0)
(1.5 2.84426e-13 0)
(1.5 2.97224e-13 0)
(1.5 2.79037e-13 0)
(1.5 2.17063e-13 0)
(1.5 1.99985e-13 0)
(1.5 1.16456e-13 0)
(1.5 7.19034e-15 0)
(1.5 -6.14406e-14 0)
(1.5 -1.42903e-13 0)
(1.5 -2.08065e-13 0)
(1.5 -2.6863e-13 0)
(1.5 -4.29553e-13 0)
(1.5 -4.98849e-13 0)
(1.5 -4.15191e-13 0)
(1.5 -3.49478e-13 0)
(1.5 -2.84e-13 0)
(1.5 -2.201e-13 0)
(1.5 -1.99226e-13 0)
(1.5 -1.40547e-13 0)
(1.5 -6.09765e-14 0)
(1.5 -7.72011e-14 0)
(1.5 -7.9145e-14 0)
(1.5 -4.71242e-14 0)
(1.5 6.00926e-15 0)
(1.5 5.32193e-14 0)
(1.5 1.12394e-13 0)
(1.5 -8.56534e-14 0)
(1.5 -1.28943e-13 0)
(1.5 -3.00766e-16 0)
(1.5 4.65462e-14 0)
(1.5 1.38811e-13 0)
(1.5 6.25146e-14 0)
(1.5 4.46409e-14 0)
(1.5 6.12814e-14 0)
(1.5 1.14959e-13 0)
(1.5 5.55893e-14 0)
(1.5 -1.49625e-14 0)
(1.5 -4.73893e-14 0)
(1.5 -1.75887e-14 0)
(1.5 -4.36936e-14 0)
(1.5 -7.29631e-14 0)
(1.5 -4.5598e-14 0)
(1.5 7.29e-14 0)
(1.5 1.47156e-13 0)
(1.5 1.45482e-13 0)
(1.5 1.17467e-13 0)
(1.5 1.84883e-13 0)
(1.5 1.95073e-13 0)
(1.5 2.37868e-13 0)
(1.5 2.38478e-13 0)
(1.5 1.67362e-13 0)
(1.5 2.01328e-13 0)
(1.5 3.28159e-13 0)
(1.5 3.18175e-13 0)
(1.5 2.96176e-13 0)
(1.5 2.88342e-13 0)
(1.5 7.39948e-14 0)
(1.5 -1.10598e-13 0)
(1.5 -2.19808e-13 0)
(1.5 -2.11465e-13 0)
(1.5 -2.11895e-13 0)
(1.5 -1.8886e-13 0)
(1.5 -2.41642e-13 0)
(1.5 -2.15873e-13 0)
(1.5 -1.11175e-13 0)
(1.5 -3.81437e-15 0)
(1.5 7.99136e-14 0)
(1.5 -3.50155e-14 0)
(1.5 -4.16804e-14 0)
(1.5 -1.20986e-13 0)
(1.5 -1.82753e-13 0)
(1.5 -1.65435e-13 0)
(1.5 -6.76803e-14 0)
(1.5 -7.35568e-14 0)
(1.5 -5.7291e-14 0)
(1.5 -1.90805e-13 0)
(1.5 -1.94673e-13 0)
(1.5 -1.53994e-13 0)
(1.5 -2.03807e-14 0)
(1.5 -1.74458e-14 0)
(1.5 -4.88839e-14 0)
(1.5 -1.07854e-13 0)
(1.5 -3.12014e-14 0)
(1.5 6.6345e-14 0)
(1.5 1.72484e-13 0)
(1.5 1.98499e-13 0)
(1.5 2.91585e-13 0)
(1.5 3.53421e-13 0)
(1.5 3.61748e-13 0)
(1.5 3.48434e-13 0)
(1.5 2.12575e-13 0)
(1.5 1.80522e-13 0)
(1.5 1.0007e-13 0)
(1.5 1.27617e-13 0)
(1.5 2.12222e-13 0)
(1.5 2.16433e-13 0)
(1.5 1.95723e-13 0)
(1.5 2.38551e-13 0)
(1.5 2.3776e-13 0)
(1.5 2.93197e-13 0)
(1.5 2.80132e-13 0)
(1.5 1.77824e-13 0)
(1.5 1.62111e-13 0)
(1.5 1.62696e-13 0)
(1.5 1.21597e-13 0)
(1.5 1.46694e-13 0)
(1.5 7.21895e-14 0)
(1.5 1.81945e-13 0)
(1.5 2.99818e-13 0)
(1.5 3.88189e-13 0)
(1.5 5.19904e-13 0)
(1.5 5.75662e-13 0)
(1.5 5.61951e-13 0)
(1.5 4.80718e-13 0)
(1.5 3.81985e-13 0)
(1.5 3.75473e-13 0)
(1.5 3.94084e-13 0)
(1.5 3.85166e-13 0)
(1.5 3.13488e-13 0)
(1.5 2.16796e-13 0)
(1.5 9.05121e-14 0)
(1.5 6.25449e-14 0)
(1.5 1.38251e-13 0)
(1.5 1.54684e-13 0)
(1.5 1.43785e-13 0)
(1.5 1.82292e-13 0)
(1.5 1.60701e-13 0)
(1.5 4.10449e-14 0)
(1.5 1.04208e-13 0)
(1.5 1.68301e-13 0)
(1.5 2.1462e-13 0)
(1.5 2.68948e-13 0)
(1.5 2.38062e-13 0)
(1.5 2.68305e-13 0)
(1.5 1.80533e-13 0)
(1.5 2.58893e-13 0)
(1.5 2.59128e-13 0)
(1.5 3.24554e-13 0)
(1.5 4.00904e-13 0)
(1.5 3.02693e-13 0)
(1.5 2.58144e-13 0)
(1.5 2.2587e-13 0)
(1.5 5.61778e-14 0)
(1.5 -1.22964e-13 0)
(1.5 -1.74234e-13 0)
(1.5 -1.56918e-13 0)
(1.5 -5.56844e-14 0)
(1.5 -1.21513e-13 0)
(1.5 -1.76647e-13 0)
(1.5 -6.92458e-16 0)
(1.5 -5.63025e-14 0)
(1.5 -5.91708e-14 0)
(1.5 -3.41338e-14 0)
(1.5 1.30327e-13 0)
(1.5 2.70248e-13 0)
(1.5 2.20478e-13 0)
(1.5 1.27839e-13 0)
(1.5 1.29135e-13 0)
(1.5 1.78043e-13 0)
(1.5 1.60006e-13 0)
(1.5 1.7308e-13 0)
(1.5 2.09955e-13 0)
(1.5 3.89199e-13 0)
(1.5 5.56127e-13 0)
(1.5 6.58422e-13 0)
(1.5 5.53917e-13 0)
(1.5 3.40121e-13 0)
(1.5 2.52924e-13 0)
(1.5 1.45246e-13 0)
(1.5 1.51195e-14 0)
(1.5 -1.99116e-13 0)
(1.5 -3.01478e-13 0)
(1.5 -4.18251e-13 0)
(1.5 -4.50001e-13 0)
(1.5 -3.18111e-13 0)
(1.5 -3.37566e-13 0)
(1.5 -2.83874e-13 0)
(1.5 -2.29119e-13 0)
(1.5 -2.92344e-13 0)
(1.5 -2.02112e-13 0)
(1.5 -2.02729e-13 0)
(1.5 -3.91555e-13 0)
(1.5 -6.03558e-13 0)
(1.5 -6.0146e-13 0)
(1.5 -4.28875e-13 0)
(1.5 -4.23635e-13 0)
(1.5 -3.92536e-13 0)
(1.5 -2.85997e-13 0)
(1.5 -1.87217e-13 0)
(1.5 -1.55005e-13 0)
(1.5 -2.11683e-13 0)
(1.5 -2.31238e-14 0)
(1.5 2.13946e-13 0)
(1.5 3.08437e-13 0)
(1.5 4.92997e-13 0)
(1.5 5.37369e-13 0)
(1.5 3.95753e-13 0)
(1.5 2.79608e-13 0)
(1.5 2.37305e-13 0)
(1.5 2.11003e-13 0)
(1.5 2.32506e-13 0)
(1.5 2.34627e-13 0)
(1.5 3.30205e-13 0)
(1.5 3.42629e-13 0)
(1.5 2.11829e-13 0)
(1.5 1.78556e-14 0)
(1.5 -1.02636e-13 0)
(1.5 -1.49275e-13 0)
(1.5 -1.94071e-13 0)
(1.5 -2.59549e-13 0)
(1.5 -2.16625e-13 0)
(1.5 -2.46981e-13 0)
(1.5 -2.59024e-13 0)
(1.5 -2.54847e-13 0)
(1.5 -2.56373e-13 0)
(1.5 -2.1906e-13 0)
(1.5 -2.32325e-13 0)
(1.5 -1.57217e-13 0)
(1.5 -1.05587e-13 0)
(1.5 -4.89036e-14 0)
(1.5 -1.15055e-13 0)
(1.5 -8.58474e-14 0)
(1.5 -2.22815e-14 0)
(1.5 3.4738e-14 0)
(1.5 1.74358e-14 0)
(1.5 1.17792e-13 0)
(1.5 -4.05321e-14 0)
(1.5 -1.14841e-13 0)
(1.5 -4.22474e-14 0)
(1.5 -1.02737e-13 0)
(1.5 -6.06359e-14 0)
(1.5 4.8472e-14 0)
(1.5 1.14451e-13 0)
(1.5 2.07245e-13 0)
(1.5 2.05789e-13 0)
(1.5 8.35349e-14 0)
(1.5 -3.10072e-14 0)
(1.5 -5.57769e-14 0)
(1.5 -6.39078e-14 0)
(1.5 -1.41297e-13 0)
(1.5 -1.59714e-13 0)
(1.5 -1.2911e-13 0)
(1.5 4.73209e-14 0)
(1.5 1.05191e-13 0)
(1.5 8.35682e-14 0)
(1.5 1.50956e-13 0)
(1.5 1.60465e-13 0)
(1.5 2.16676e-13 0)
(1.5 3.46023e-13 0)
(1.5 2.71211e-13 0)
(1.5 1.70847e-13 0)
(1.5 8.90218e-14 0)
(1.5 8.38773e-14 0)
(1.5 8.75784e-14 0)
(1.5 4.30978e-14 0)
(1.5 1.10761e-13 0)
(1.5 -2.91285e-14 0)
(1.5 -1.40216e-13 0)
(1.5 -1.25683e-13 0)
(1.5 -1.7813e-13 0)
(1.5 -1.57777e-13 0)
(1.5 -1.79944e-13 0)
(1.5 -2.37939e-13 0)
(1.5 -2.10411e-13 0)
(1.5 -1.34242e-13 0)
(1.5 3.72855e-14 0)
(1.5 1.04034e-13 0)
(1.5 -4.73203e-14 0)
(1.5 4.7483e-14 0)
(1.5 5.36224e-14 0)
(1.5 -4.72245e-14 0)
(1.5 -1.7946e-13 0)
(1.5 -2.02631e-13 0)
(1.5 -1.75205e-13 0)
(1.5 -1.47663e-13 0)
(1.5 -2.17089e-13 0)
(1.5 -2.75332e-13 0)
(1.5 -2.81067e-13 0)
(1.5 -2.86762e-13 0)
(1.5 -2.47738e-13 0)
(1.5 -1.61954e-13 0)
(1.5 -1.99233e-13 0)
(1.5 -2.54913e-13 0)
(1.5 -1.72478e-13 0)
(1.5 -3.59424e-14 0)
(1.5 9.06456e-14 0)
(1.5 1.83817e-13 0)
(1.5 2.18798e-13 0)
(1.5 2.64378e-13 0)
(1.5 2.09876e-13 0)
(1.5 8.59758e-14 0)
(1.5 1.15848e-13 0)
(1.5 1.52674e-13 0)
(1.5 1.61164e-13 0)
(1.5 1.18568e-13 0)
(1.5 1.32488e-13 0)
(1.5 1.38872e-13 0)
(1.5 1.51992e-13 0)
(1.5 1.3697e-13 0)
(1.5 2.81312e-13 0)
(1.5 2.58636e-13 0)
(1.5 2.01588e-13 0)
(1.5 1.39722e-13 0)
(1.5 1.29986e-13 0)
(1.5 8.61145e-14 0)
(1.5 8.44267e-14 0)
(1.5 1.02868e-13 0)
(1.5 1.81996e-13 0)
(1.5 3.47143e-13 0)
(1.5 3.8717e-13 0)
(1.5 5.38735e-13 0)
(1.5 5.93272e-13 0)
(1.5 5.23938e-13 0)
(1.5 3.83925e-13 0)
(1.5 3.29051e-13 0)
(1.5 3.13854e-13 0)
(1.5 3.65108e-13 0)
(1.5 3.54482e-13 0)
(1.5 2.72545e-13 0)
(1.5 1.60105e-13 0)
(1.5 1.38284e-13 0)
(1.5 6.85474e-14 0)
(1.5 8.2913e-14 0)
(1.5 1.32563e-13 0)
(1.5 1.02766e-14 0)
(1.5 5.38986e-14 0)
(1.5 1.00952e-13 0)
(1.5 -1.67089e-14 0)
(1.5 2.90211e-14 0)
(1.5 7.42151e-14 0)
(1.5 9.35997e-14 0)
(1.5 6.06895e-14 0)
(1.5 3.90637e-14 0)
(1.5 6.25185e-14 0)
(1.5 8.29236e-14 0)
(1.5 1.25667e-13 0)
(1.5 7.80173e-14 0)
(1.5 8.30112e-14 0)
(1.5 1.26451e-13 0)
(1.5 8.75547e-14 0)
(1.5 1.58583e-13 0)
(1.5 2.62579e-13 0)
(1.5 1.73431e-13 0)
(1.5 8.02713e-14 0)
(1.5 -3.21574e-14 0)
(1.5 -7.04601e-14 0)
(1.5 -4.20014e-14 0)
(1.5 -6.35879e-15 0)
(1.5 1.91118e-15 0)
(1.5 1.04186e-13 0)
(1.5 1.15504e-13 0)
(1.5 1.25402e-13 0)
(1.5 8.00636e-14 0)
(1.5 1.15886e-13 0)
(1.5 1.87829e-13 0)
(1.5 2.09531e-13 0)
(1.5 2.73508e-13 0)
(1.5 2.41503e-13 0)
(1.5 3.52542e-13 0)
(1.5 2.67324e-13 0)
(1.5 3.03251e-13 0)
(1.5 4.14153e-13 0)
(1.5 3.78347e-13 0)
(1.5 3.78122e-13 0)
(1.5 4.35303e-13 0)
(1.5 4.02625e-13 0)
(1.5 2.7455e-13 0)
(1.5 2.47734e-13 0)
(1.5 5.86123e-14 0)
(1.5 -7.54726e-14 0)
(1.5 -1.86157e-13 0)
(1.5 -2.97082e-13 0)
(1.5 -4.11613e-13 0)
(1.5 -4.11865e-13 0)
(1.5 -3.53042e-13 0)
(1.5 -3.68414e-13 0)
(1.5 -3.04959e-13 0)
(1.5 -2.63226e-13 0)
(1.5 -2.33945e-13 0)
(1.5 -1.91722e-13 0)
(1.5 -2.12996e-13 0)
(1.5 -2.52854e-13 0)
(1.5 -3.34307e-13 0)
(1.5 -4.74507e-13 0)
(1.5 -4.80831e-13 0)
(1.5 -3.86755e-13 0)
(1.5 -3.3606e-13 0)
(1.5 -3.10355e-13 0)
(1.5 -3.07455e-13 0)
(1.5 -2.20421e-13 0)
(1.5 -2.94973e-13 0)
(1.5 -2.04531e-13 0)
(1.5 -1.37222e-13 0)
(1.5 -8.22919e-15 0)
(1.5 1.74547e-13 0)
(1.5 1.50374e-13 0)
(1.5 7.7865e-14 0)
(1.5 5.88004e-14 0)
(1.5 4.94104e-14 0)
(1.5 1.44622e-13 0)
(1.5 2.55919e-13 0)
(1.5 2.2938e-13 0)
(1.5 2.79986e-13 0)
(1.5 2.20025e-13 0)
(1.5 5.61425e-14 0)
(1.5 -9.57906e-14 0)
(1.5 -1.81861e-13 0)
(1.5 -2.60001e-13 0)
(1.5 -3.45075e-13 0)
(1.5 -3.49284e-13 0)
(1.5 -2.29171e-13 0)
(1.5 -4.39018e-14 0)
(1.5 -2.05382e-14 0)
(1.5 -7.84902e-14 0)
(1.5 -1.76479e-13 0)
(1.5 -2.00467e-13 0)
(1.5 -2.79433e-13 0)
(1.5 -2.26253e-13 0)
(1.5 -1.9275e-13 0)
(1.5 -1.6232e-13 0)
(1.5 -2.07449e-13 0)
(1.5 -1.8297e-13 0)
(1.5 -6.45126e-14 0)
(1.5 3.21324e-14 0)
(1.5 -3.86335e-15 0)
(1.5 -2.20772e-14 0)
(1.5 -6.21113e-14 0)
(1.5 -6.88543e-14 0)
(1.5 -2.70218e-14 0)
(1.5 -1.51762e-13 0)
(1.5 -2.15304e-13 0)
(1.5 -5.28939e-14 0)
(1.5 7.40888e-14 0)
(1.5 2.00063e-13 0)
(1.5 1.60115e-13 0)
(1.5 1.01106e-13 0)
(1.5 5.90711e-14 0)
(1.5 9.70723e-14 0)
(1.5 6.99655e-14 0)
(1.5 -5.60776e-14 0)
(1.5 -8.44677e-14 0)
(1.5 -1.14161e-13 0)
(1.5 1.68539e-14 0)
(1.5 4.9789e-14 0)
(1.5 1.7143e-14 0)
(1.5 1.1685e-13 0)
(1.5 2.09633e-13 0)
(1.5 2.53309e-13 0)
(1.5 3.28771e-13 0)
(1.5 1.10624e-13 0)
(1.5 7.28513e-14 0)
(1.5 5.92708e-14 0)
(1.5 -1.48715e-14 0)
(1.5 6.83934e-15 0)
(1.5 -7.83998e-14 0)
(1.5 -1.40795e-13 0)
(1.5 -1.75211e-13 0)
(1.5 -2.93674e-13 0)
(1.5 -1.96874e-13 0)
(1.5 -1.95577e-13 0)
(1.5 -1.07362e-13 0)
(1.5 -1.56879e-14 0)
(1.5 -5.44662e-14 0)
(1.5 -2.0367e-15 0)
(1.5 6.27735e-14 0)
(1.5 5.34044e-14 0)
(1.5 1.02744e-13 0)
(1.5 -7.0576e-14 0)
(1.5 1.12178e-14 0)
(1.5 1.2689e-13 0)
(1.5 3.3901e-14 0)
(1.5 -1.81336e-13 0)
(1.5 -3.20993e-13 0)
(1.5 -3.08891e-13 0)
(1.5 -2.30204e-13 0)
(1.5 -2.0838e-13 0)
(1.5 -2.90478e-13 0)
(1.5 -3.23468e-13 0)
(1.5 -4.46926e-13 0)
(1.5 -3.53007e-13 0)
(1.5 -2.19695e-13 0)
(1.5 -2.76405e-13 0)
(1.5 -3.51701e-13 0)
(1.5 -3.94956e-13 0)
(1.5 -3.09527e-13 0)
(1.5 -1.62489e-13 0)
(1.5 -4.87294e-14 0)
(1.5 3.86387e-14 0)
(1.5 4.77747e-14 0)
(1.5 3.27008e-14 0)
(1.5 4.9027e-14 0)
(1.5 8.64625e-14 0)
(1.5 2.1366e-13 0)
(1.5 2.57018e-13 0)
(1.5 1.24408e-13 0)
(1.5 1.19884e-13 0)
(1.5 6.91448e-14 0)
(1.5 6.09181e-14 0)
(1.5 2.37052e-14 0)
(1.5 1.97063e-13 0)
(1.5 1.70639e-13 0)
(1.5 1.21286e-13 0)
(1.5 1.55884e-13 0)
(1.5 1.47713e-13 0)
(1.5 7.82466e-14 0)
(1.5 6.50846e-14 0)
(1.5 1.89957e-13 0)
(1.5 2.07052e-13 0)
(1.5 3.02916e-13 0)
(1.5 3.83955e-13 0)
(1.5 5.01482e-13 0)
(1.5 5.25842e-13 0)
(1.5 4.5922e-13 0)
(1.5 4.02729e-13 0)
(1.5 4.11223e-13 0)
(1.5 3.26673e-13 0)
(1.5 3.43153e-13 0)
(1.5 2.84903e-13 0)
(1.5 2.33255e-13 0)
(1.5 1.79003e-13 0)
(1.5 1.63056e-13 0)
(1.5 1.31645e-13 0)
(1.5 9.04486e-14 0)
(1.5 8.78824e-14 0)
(1.5 -2.15485e-14 0)
(1.5 -3.78497e-14 0)
(1.5 9.33368e-14 0)
(1.5 8.18732e-14 0)
(1.5 3.44916e-14 0)
(1.5 2.09314e-14 0)
(1.5 -2.55976e-15 0)
(1.5 -4.86992e-14 0)
(1.5 -6.62855e-14 0)
(1.5 -5.33542e-14 0)
(1.5 7.39323e-14 0)
(1.5 4.62717e-14 0)
(1.5 -4.66268e-14 0)
(1.5 -1.65648e-13 0)
(1.5 -1.9851e-13 0)
(1.5 -1.09482e-13 0)
(1.5 -2.87573e-14 0)
(1.5 8.00435e-14 0)
(1.5 1.61745e-13 0)
(1.5 1.77714e-13 0)
(1.5 1.79095e-13 0)
(1.5 1.0743e-13 0)
(1.5 2.67096e-14 0)
(1.5 9.86726e-14 0)
(1.5 1.37783e-13 0)
(1.5 1.80471e-13 0)
(1.5 2.55868e-13 0)
(1.5 2.06811e-13 0)
(1.5 1.75113e-13 0)
(1.5 1.63332e-13 0)
(1.5 1.93449e-13 0)
(1.5 3.01078e-13 0)
(1.5 3.81577e-13 0)
(1.5 3.71601e-13 0)
(1.5 3.83877e-13 0)
(1.5 3.63847e-13 0)
(1.5 3.91521e-13 0)
(1.5 4.99382e-13 0)
(1.5 4.20132e-13 0)
(1.5 2.90769e-13 0)
(1.5 2.15792e-13 0)
(1.5 1.38544e-13 0)
(1.5 8.43112e-14 0)
(1.5 -1.46174e-14 0)
(1.5 -1.82698e-13 0)
(1.5 -2.54525e-13 0)
(1.5 -2.88962e-13 0)
(1.5 -3.28273e-13 0)
(1.5 -3.48476e-13 0)
(1.5 -2.7052e-13 0)
(1.5 -3.4566e-13 0)
(1.5 -3.73401e-13 0)
(1.5 -3.17314e-13 0)
(1.5 -3.5657e-13 0)
(1.5 -2.71283e-13 0)
(1.5 -2.2068e-13 0)
(1.5 -2.46261e-13 0)
(1.5 -1.9553e-13 0)
(1.5 -1.72454e-13 0)
(1.5 -2.9147e-13 0)
(1.5 -4.4604e-13 0)
(1.5 -3.94025e-13 0)
(1.5 -3.12802e-13 0)
(1.5 -3.32146e-13 0)
(1.5 -3.69368e-13 0)
(1.5 -2.78766e-13 0)
(1.5 -3.34699e-13 0)
(1.5 -2.99707e-13 0)
(1.5 -3.70379e-13 0)
(1.5 -2.86422e-13 0)
(1.5 -2.11141e-13 0)
(1.5 -2.77765e-13 0)
(1.5 -2.44723e-13 0)
(1.5 -8.05269e-14 0)
(1.5 -3.90377e-14 0)
(1.5 8.38103e-14 0)
(1.5 2.54482e-13 0)
(1.5 3.06218e-13 0)
(1.5 2.00504e-13 0)
(1.5 5.58808e-15 0)
(1.5 -1.45531e-13 0)
(1.5 -2.11236e-13 0)
(1.5 -1.69941e-13 0)
(1.5 -2.23725e-13 0)
(1.5 -3.7482e-13 0)
(1.5 -3.07114e-13 0)
(1.5 -1.467e-13 0)
(1.5 4.67564e-14 0)
(1.5 7.14826e-14 0)
(1.5 -1.57028e-14 0)
(1.5 -8.92156e-14 0)
(1.5 -1.16247e-13 0)
(1.5 -1.56862e-13 0)
(1.5 -1.61463e-13 0)
(1.5 -9.48776e-14 0)
(1.5 -8.20407e-14 0)
(1.5 -1.51318e-13 0)
(1.5 -1.17689e-13 0)
(1.5 -4.1242e-14 0)
(1.5 1.73799e-14 0)
(1.5 4.30757e-14 0)
(1.5 -6.59518e-14 0)
(1.5 -5.61889e-14 0)
(1.5 -7.79842e-14 0)
(1.5 -1.07585e-13 0)
(1.5 -1.5594e-13 0)
(1.5 -2.17155e-13 0)
(1.5 -1.13164e-13 0)
(1.5 1.62728e-15 0)
(1.5 9.1974e-14 0)
(1.5 1.32079e-13 0)
(1.5 1.84965e-13 0)
(1.5 1.97022e-13 0)
(1.5 2.34275e-13 0)
(1.5 1.45721e-13 0)
(1.5 1.44555e-13 0)
(1.5 9.32703e-14 0)
(1.5 4.52325e-14 0)
(1.5 9.34806e-14 0)
(1.5 1.234e-13 0)
(1.5 1.85132e-13 0)
(1.5 2.42875e-13 0)
(1.5 3.04657e-13 0)
(1.5 3.15548e-13 0)
(1.5 2.31073e-13 0)
(1.5 1.31843e-13 0)
(1.5 1.30408e-13 0)
(1.5 1.62411e-13 0)
(1.5 1.25986e-13 0)
(1.5 6.60547e-14 0)
(1.5 8.78055e-15 0)
(1.5 -1.31507e-13 0)
(1.5 -7.43965e-14 0)
(1.5 -1.12277e-13 0)
(1.5 -9.40117e-14 0)
(1.5 -3.96578e-14 0)
(1.5 2.26523e-15 0)
(1.5 8.19807e-14 0)
(1.5 1.22179e-13 0)
(1.5 2.29328e-13 0)
(1.5 3.45018e-13 0)
(1.5 2.08676e-13 0)
(1.5 1.89924e-13 0)
(1.5 2.12679e-14 0)
(1.5 1.30166e-15 0)
(1.5 1.02578e-13 0)
(1.5 4.81824e-14 0)
(1.5 -1.00985e-13 0)
(1.5 -2.8916e-13 0)
(1.5 -3.32903e-13 0)
(1.5 -2.48252e-13 0)
(1.5 -2.38012e-13 0)
(1.5 -3.31145e-13 0)
(1.5 -4.22041e-13 0)
(1.5 -4.49058e-13 0)
(1.5 -3.66535e-13 0)
(1.5 -3.05366e-13 0)
(1.5 -3.45028e-13 0)
(1.5 -3.87122e-13 0)
(1.5 -4.91623e-13 0)
(1.5 -4.03308e-13 0)
(1.5 -3.27012e-13 0)
(1.5 -2.19123e-13 0)
(1.5 -5.00823e-14 0)
(1.5 -3.65813e-14 0)
(1.5 1.93766e-14 0)
(1.5 1.3314e-13 0)
(1.5 7.55077e-14 0)
(1.5 1.38712e-13 0)
(1.5 1.90301e-13 0)
(1.5 8.88226e-14 0)
(1.5 6.75602e-14 0)
(1.5 2.3504e-15 0)
(1.5 4.58125e-14 0)
(1.5 6.94688e-15 0)
(1.5 8.4032e-14 0)
(1.5 7.31843e-14 0)
(1.5 5.84283e-14 0)
(1.5 1.72833e-13 0)
(1.5 1.37919e-13 0)
(1.5 7.09068e-14 0)
(1.5 9.62476e-14 0)
(1.5 1.76632e-13 0)
(1.5 1.52248e-13 0)
(1.5 1.79766e-13 0)
(1.5 2.6098e-13 0)
(1.5 3.2895e-13 0)
(1.5 2.93603e-13 0)
(1.5 3.45135e-13 0)
(1.5 3.47073e-13 0)
(1.5 3.70612e-13 0)
(1.5 3.39217e-13 0)
(1.5 3.06448e-13 0)
(1.5 2.27159e-13 0)
(1.5 2.17709e-13 0)
(1.5 2.10428e-13 0)
(1.5 1.89766e-13 0)
(1.5 1.64893e-13 0)
(1.5 7.1966e-14 0)
(1.5 -5.67179e-15 0)
(1.5 -2.30628e-14 0)
(1.5 -6.08576e-14 0)
(1.5 5.4201e-14 0)
(1.5 1.2175e-13 0)
(1.5 1.1103e-16 0)
(1.5 -6.89432e-14 0)
(1.5 -1.28521e-13 0)
(1.5 -1.19783e-13 0)
(1.5 -6.11682e-14 0)
(1.5 -8.41752e-14 0)
(1.5 -8.9276e-15 0)
(1.5 -1.08468e-13 0)
(1.5 -1.70526e-13 0)
(1.5 -2.54409e-13 0)
(1.5 -2.35657e-13 0)
(1.5 -1.60779e-13 0)
(1.5 -6.34893e-14 0)
(1.5 1.8268e-14 0)
(1.5 1.36328e-13 0)
(1.5 2.07682e-13 0)
(1.5 2.11782e-13 0)
(1.5 1.35452e-13 0)
(1.5 1.06149e-13 0)
(1.5 2.00304e-13 0)
(1.5 2.77617e-13 0)
(1.5 2.6891e-13 0)
(1.5 3.28447e-13 0)
(1.5 2.58072e-13 0)
(1.5 3.2054e-13 0)
(1.5 3.13322e-13 0)
(1.5 2.02388e-13 0)
(1.5 2.27912e-13 0)
(1.5 3.03766e-13 0)
(1.5 3.46525e-13 0)
(1.5 3.54537e-13 0)
(1.5 4.291e-13 0)
(1.5 5.16501e-13 0)
(1.5 5.64269e-13 0)
(1.5 4.67304e-13 0)
(1.5 3.12903e-13 0)
(1.5 1.54123e-13 0)
(1.5 6.75526e-14 0)
(1.5 -5.08334e-14 0)
(1.5 -2.83345e-13 0)
(1.5 -4.12298e-13 0)
(1.5 -3.98661e-13 0)
(1.5 -3.85919e-13 0)
(1.5 -3.63493e-13 0)
(1.5 -3.16419e-13 0)
(1.5 -2.87228e-13 0)
(1.5 -3.98461e-13 0)
(1.5 -4.23171e-13 0)
(1.5 -4.26269e-13 0)
(1.5 -4.51825e-13 0)
(1.5 -4.27972e-13 0)
(1.5 -3.93171e-13 0)
(1.5 -3.31301e-13 0)
(1.5 -2.79488e-13 0)
(1.5 -2.35285e-13 0)
(1.5 -2.67399e-13 0)
(1.5 -4.30906e-13 0)
(1.5 -4.07768e-13 0)
(1.5 -3.48073e-13 0)
(1.5 -3.42096e-13 0)
(1.5 -4.04807e-13 0)
(1.5 -3.56906e-13 0)
(1.5 -3.33966e-13 0)
(1.5 -2.96817e-13 0)
(1.5 -3.20657e-13 0)
(1.5 -3.5428e-13 0)
(1.5 -4.5985e-13 0)
(1.5 -4.60927e-13 0)
(1.5 -3.52412e-13 0)
(1.5 -1.64236e-13 0)
(1.5 -6.17533e-14 0)
(1.5 -3.09182e-14 0)
(1.5 1.22273e-13 0)
(1.5 1.91806e-13 0)
(1.5 3.50525e-14 0)
(1.5 -1.12349e-13 0)
(1.5 -2.6156e-13 0)
(1.5 -3.0782e-13 0)
(1.5 -2.00845e-13 0)
(1.5 -9.53312e-14 0)
(1.5 -1.76756e-13 0)
(1.5 -1.01241e-13 0)
(1.5 -4.82931e-14 0)
(1.5 1.07196e-13 0)
(1.5 1.95671e-13 0)
(1.5 1.33525e-13 0)
(1.5 1.12384e-13 0)
(1.5 7.53387e-14 0)
(1.5 -4.01849e-14 0)
(1.5 -6.38278e-14 0)
(1.5 1.27428e-14 0)
(1.5 5.77276e-14 0)
(1.5 -6.88297e-14 0)
(1.5 -1.03233e-13 0)
(1.5 -8.39531e-14 0)
(1.5 -3.79672e-14 0)
(1.5 -3.05584e-14 0)
(1.5 -1.42678e-13 0)
(1.5 -8.22364e-14 0)
(1.5 -1.59115e-13 0)
(1.5 -2.17809e-13 0)
(1.5 -2.12524e-13 0)
(1.5 -1.99151e-13 0)
(1.5 -1.17126e-13 0)
(1.5 -5.00124e-14 0)
(1.5 3.30868e-14 0)
(1.5 1.63665e-13 0)
(1.5 2.33894e-13 0)
(1.5 2.83029e-13 0)
(1.5 2.40102e-13 0)
(1.5 1.28201e-13 0)
(1.5 2.74358e-13 0)
(1.5 2.40773e-13 0)
(1.5 2.61716e-13 0)
(1.5 2.64363e-13 0)
(1.5 3.1669e-13 0)
(1.5 3.25959e-13 0)
(1.5 3.02355e-13 0)
(1.5 2.21772e-13 0)
(1.5 2.20002e-13 0)
(1.5 1.11892e-13 0)
(1.5 1.37815e-13 0)
(1.5 1.58722e-13 0)
(1.5 2.09202e-13 0)
(1.5 2.35698e-13 0)
(1.5 1.4878e-13 0)
(1.5 1.52305e-13 0)
(1.5 3.88118e-14 0)
(1.5 3.48035e-14 0)
(1.5 1.02192e-13 0)
(1.5 9.61516e-14 0)
(1.5 1.58803e-13 0)
(1.5 1.43422e-13 0)
(1.5 1.40086e-13 0)
(1.5 2.14529e-13 0)
(1.5 3.5057e-13 0)
(1.5 4.05681e-13 0)
(1.5 3.87041e-13 0)
(1.5 3.2421e-13 0)
(1.5 7.03182e-14 0)
(1.5 -1.92182e-15 0)
(1.5 2.04163e-14 0)
(1.5 -8.82549e-15 0)
(1.5 -1.00744e-13 0)
(1.5 -2.71031e-13 0)
(1.5 -3.877e-13 0)
(1.5 -3.38145e-13 0)
(1.5 -2.80835e-13 0)
(1.5 -3.1418e-13 0)
(1.5 -3.68574e-13 0)
(1.5 -3.53507e-13 0)
(1.5 -3.64857e-13 0)
(1.5 -3.25519e-13 0)
(1.5 -3.22975e-13 0)
(1.5 -3.78205e-13 0)
(1.5 -4.16953e-13 0)
(1.5 -2.76784e-13 0)
(1.5 -2.28804e-13 0)
(1.5 -1.8623e-13 0)
(1.5 -7.42251e-14 0)
(1.5 3.4209e-14 0)
(1.5 1.26711e-13 0)
(1.5 2.04954e-13 0)
(1.5 1.01717e-13 0)
(1.5 1.06871e-13 0)
(1.5 1.2712e-13 0)
(1.5 8.70203e-14 0)
(1.5 8.38901e-14 0)
(1.5 -4.49181e-15 0)
(1.5 2.40821e-14 0)
(1.5 7.45029e-14 0)
(1.5 6.17639e-14 0)
(1.5 4.96406e-14 0)
(1.5 4.84733e-14 0)
(1.5 1.45588e-13 0)
(1.5 8.35553e-14 0)
(1.5 1.08667e-13 0)
(1.5 1.71194e-13 0)
(1.5 1.68788e-13 0)
(1.5 1.20975e-13 0)
(1.5 1.40064e-13 0)
(1.5 2.26227e-13 0)
(1.5 2.82706e-13 0)
(1.5 2.39799e-13 0)
(1.5 2.49575e-13 0)
(1.5 2.83872e-13 0)
(1.5 2.38213e-13 0)
(1.5 2.70364e-13 0)
(1.5 2.9422e-13 0)
(1.5 2.50152e-13 0)
(1.5 2.25101e-13 0)
(1.5 2.4058e-13 0)
(1.5 2.43332e-13 0)
(1.5 2.309e-13 0)
(1.5 1.06405e-13 0)
(1.5 2.76947e-14 0)
(1.5 7.89926e-14 0)
(1.5 9.27263e-14 0)
(1.5 3.37276e-14 0)
(1.5 4.88546e-14 0)
(1.5 -2.08406e-14 0)
(1.5 -6.24584e-14 0)
(1.5 -1.27918e-13 0)
(1.5 -9.77133e-14 0)
(1.5 -3.65505e-14 0)
(1.5 -6.16828e-14 0)
(1.5 -1.42397e-13 0)
(1.5 -1.81599e-13 0)
(1.5 -1.85026e-13 0)
(1.5 -1.83722e-13 0)
(1.5 -1.59062e-13 0)
(1.5 -1.37105e-13 0)
(1.5 -1.64719e-14 0)
(1.5 2.20491e-14 0)
(1.5 1.2575e-13 0)
(1.5 2.27037e-13 0)
(1.5 2.04648e-13 0)
(1.5 1.67929e-13 0)
(1.5 1.73723e-13 0)
(1.5 2.92705e-13 0)
(1.5 4.19019e-13 0)
(1.5 4.30758e-13 0)
(1.5 4.7086e-13 0)
(1.5 4.01947e-13 0)
(1.5 4.04984e-13 0)
(1.5 3.80508e-13 0)
(1.5 2.43254e-13 0)
(1.5 2.10835e-13 0)
(1.5 2.70129e-13 0)
(1.5 3.83722e-13 0)
(1.5 4.86183e-13 0)
(1.5 5.64385e-13 0)
(1.5 7.47896e-13 0)
(1.5 7.58641e-13 0)
(1.5 6.54498e-13 0)
(1.5 4.36421e-13 0)
(1.5 2.76116e-13 0)
(1.5 8.89508e-14 0)
(1.5 -1.36911e-13 0)
(1.5 -3.17687e-13 0)
(1.5 -4.38213e-13 0)
(1.5 -4.29992e-13 0)
(1.5 -3.51769e-13 0)
(1.5 -2.82044e-13 0)
(1.5 -2.17344e-13 0)
(1.5 -3.34915e-13 0)
(1.5 -4.26745e-13 0)
(1.5 -4.27377e-13 0)
(1.5 -3.89478e-13 0)
(1.5 -3.89755e-13 0)
(1.5 -4.41964e-13 0)
(1.5 -4.45227e-13 0)
(1.5 -3.71375e-13 0)
(1.5 -3.2193e-13 0)
(1.5 -2.25982e-13 0)
(1.5 -2.47827e-13 0)
(1.5 -3.21222e-13 0)
(1.5 -3.69908e-13 0)
(1.5 -3.4886e-13 0)
(1.5 -3.3017e-13 0)
(1.5 -4.11813e-13 0)
(1.5 -3.37439e-13 0)
(1.5 -2.6224e-13 0)
(1.5 -2.40324e-13 0)
(1.5 -3.18293e-13 0)
(1.5 -4.54643e-13 0)
(1.5 -5.37233e-13 0)
(1.5 -4.9284e-13 0)
(1.5 -3.75115e-13 0)
(1.5 -3.02489e-13 0)
(1.5 -1.85924e-13 0)
(1.5 -2.02597e-13 0)
(1.5 -1.82211e-13 0)
(1.5 -1.72536e-13 0)
(1.5 -1.86517e-13 0)
(1.5 -2.48836e-13 0)
(1.5 -2.75474e-13 0)
(1.5 -3.05074e-13 0)
(1.5 -2.33875e-13 0)
(1.5 -2.22946e-14 0)
(1.5 7.78983e-14 0)
(1.5 5.91938e-14 0)
(1.5 3.13051e-14 0)
(1.5 1.51375e-13 0)
(1.5 3.0639e-13 0)
(1.5 3.31597e-13 0)
(1.5 3.35552e-13 0)
(1.5 2.3931e-13 0)
(1.5 8.79223e-14 0)
(1.5 2.04002e-14 0)
(1.5 -5.48732e-15 0)
(1.5 6.51965e-14 0)
(1.5 7.59439e-14 0)
(1.5 3.58508e-15 0)
(1.5 -9.33148e-14 0)
(1.5 -1.03053e-13 0)
(1.5 -1.3756e-13 0)
(1.5 -1.90779e-13 0)
(1.5 -1.57228e-13 0)
(1.5 -2.09304e-13 0)
(1.5 -2.69078e-13 0)
(1.5 -2.88799e-13 0)
(1.5 -2.27637e-13 0)
(1.5 -1.36637e-13 0)
(1.5 -2.47294e-14 0)
(1.5 6.41979e-14 0)
(1.5 1.29168e-13 0)
(1.5 2.47353e-13 0)
(1.5 3.15427e-13 0)
(1.5 3.29558e-13 0)
(1.5 2.99863e-13 0)
(1.5 3.19801e-13 0)
(1.5 3.01287e-13 0)
(1.5 3.50788e-13 0)
(1.5 3.1767e-13 0)
(1.5 3.81717e-13 0)
(1.5 4.04047e-13 0)
(1.5 3.07735e-13 0)
(1.5 1.65327e-13 0)
(1.5 1.79411e-13 0)
(1.5 2.06632e-13 0)
(1.5 1.52251e-13 0)
(1.5 6.53875e-14 0)
(1.5 8.60528e-14 0)
(1.5 2.50125e-13 0)
(1.5 2.43521e-13 0)
(1.5 2.12833e-13 0)
(1.5 2.27696e-13 0)
(1.5 1.38108e-13 0)
(1.5 1.4468e-13 0)
(1.5 1.38409e-13 0)
(1.5 1.452e-13 0)
(1.5 1.60585e-13 0)
(1.5 1.65184e-13 0)
(1.5 2.61061e-13 0)
(1.5 3.80896e-13 0)
(1.5 3.92538e-13 0)
(1.5 4.48297e-13 0)
(1.5 3.98327e-13 0)
(1.5 2.4389e-14 0)
(1.5 1.5928e-14 0)
(1.5 1.12686e-14 0)
(1.5 -1.84081e-15 0)
(1.5 -1.18588e-13 0)
(1.5 -3.09632e-13 0)
(1.5 -4.03346e-13 0)
(1.5 -3.86845e-13 0)
(1.5 -3.5877e-13 0)
(1.5 -3.37432e-13 0)
(1.5 -3.29106e-13 0)
(1.5 -3.10438e-13 0)
(1.5 -2.81254e-13 0)
(1.5 -2.87008e-13 0)
(1.5 -3.03265e-13 0)
(1.5 -3.49762e-13 0)
(1.5 -3.18009e-13 0)
(1.5 -2.31036e-13 0)
(1.5 -1.83445e-13 0)
(1.5 -1.19817e-13 0)
(1.5 -1.44693e-14 0)
(1.5 9.58049e-14 0)
(1.5 1.17274e-13 0)
(1.5 1.79229e-13 0)
(1.5 1.27867e-13 0)
(1.5 1.49031e-13 0)
(1.5 1.87865e-13 0)
(1.5 1.00142e-13 0)
(1.5 1.3746e-13 0)
(1.5 5.33307e-14 0)
(1.5 2.36841e-14 0)
(1.5 6.4551e-14 0)
(1.5 1.01025e-13 0)
(1.5 1.03882e-13 0)
(1.5 5.98961e-15 0)
(1.5 5.40027e-14 0)
(1.5 4.74904e-14 0)
(1.5 1.52152e-13 0)
(1.5 2.18964e-13 0)
(1.5 1.7241e-13 0)
(1.5 1.78341e-13 0)
(1.5 2.48322e-13 0)
(1.5 2.70285e-13 0)
(1.5 2.5242e-13 0)
(1.5 2.17856e-13 0)
(1.5 1.91605e-13 0)
(1.5 1.59557e-13 0)
(1.5 9.33129e-14 0)
(1.5 1.57372e-13 0)
(1.5 1.86723e-13 0)
(1.5 1.91922e-13 0)
(1.5 1.98691e-13 0)
(1.5 2.29985e-13 0)
(1.5 2.61416e-13 0)
(1.5 2.85892e-13 0)
(1.5 2.03812e-13 0)
(1.5 1.4903e-13 0)
(1.5 1.54399e-13 0)
(1.5 2.12207e-13 0)
(1.5 1.07782e-13 0)
(1.5 5.75546e-14 0)
(1.5 7.74845e-14 0)
(1.5 8.54593e-14 0)
(1.5 -1.29076e-14 0)
(1.5 -7.17636e-14 0)
(1.5 -1.15691e-13 0)
(1.5 -6.51446e-14 0)
(1.5 -1.48754e-13 0)
(1.5 -9.94223e-14 0)
(1.5 -6.97519e-14 0)
(1.5 -4.09886e-14 0)
(1.5 -7.66585e-14 0)
(1.5 -1.50056e-13 0)
(1.5 -4.0934e-14 0)
(1.5 -8.51006e-14 0)
(1.5 5.19218e-15 0)
(1.5 1.51883e-13 0)
(1.5 2.34601e-13 0)
(1.5 2.60778e-13 0)
(1.5 2.66103e-13 0)
(1.5 3.37186e-13 0)
(1.5 4.61349e-13 0)
(1.5 4.62517e-13 0)
(1.5 4.40109e-13 0)
(1.5 4.68088e-13 0)
(1.5 4.48405e-13 0)
(1.5 4.45213e-13 0)
(1.5 4.07046e-13 0)
(1.5 3.35922e-13 0)
(1.5 3.73375e-13 0)
(1.5 4.82164e-13 0)
(1.5 5.68633e-13 0)
(1.5 6.67231e-13 0)
(1.5 8.31264e-13 0)
(1.5 7.85485e-13 0)
(1.5 7.018e-13 0)
(1.5 4.82401e-13 0)
(1.5 3.36259e-13 0)
(1.5 7.39916e-14 0)
(1.5 -1.50768e-13 0)
(1.5 -2.53576e-13 0)
(1.5 -3.32097e-13 0)
(1.5 -3.29622e-13 0)
(1.5 -2.83092e-13 0)
(1.5 -2.6153e-13 0)
(1.5 -2.19051e-13 0)
(1.5 -2.94279e-13 0)
(1.5 -3.64254e-13 0)
(1.5 -3.54952e-13 0)
(1.5 -3.57013e-13 0)
(1.5 -4.05881e-13 0)
(1.5 -4.32847e-13 0)
(1.5 -3.6904e-13 0)
(1.5 -3.11618e-13 0)
(1.5 -2.22737e-13 0)
(1.5 -1.62861e-13 0)
(1.5 -1.66269e-13 0)
(1.5 -2.75257e-13 0)
(1.5 -4.068e-13 0)
(1.5 -3.9257e-13 0)
(1.5 -4.18291e-13 0)
(1.5 -4.51246e-13 0)
(1.5 -3.33295e-13 0)
(1.5 -3.18304e-13 0)
(1.5 -2.67962e-13 0)
(1.5 -3.78395e-13 0)
(1.5 -4.89294e-13 0)
(1.5 -5.82891e-13 0)
(1.5 -5.48738e-13 0)
(1.5 -5.03824e-13 0)
(1.5 -4.15326e-13 0)
(1.5 -3.51411e-13 0)
(1.5 -4.24749e-13 0)
(1.5 -4.74897e-13 0)
(1.5 -4.47093e-13 0)
(1.5 -3.6242e-13 0)
(1.5 -3.54757e-13 0)
(1.5 -3.03447e-13 0)
(1.5 -1.97357e-13 0)
(1.5 -1.63119e-13 0)
(1.5 1.66032e-14 0)
(1.5 2.33411e-13 0)
(1.5 1.67165e-13 0)
(1.5 1.68325e-13 0)
(1.5 2.74015e-13 0)
(1.5 4.92982e-13 0)
(1.5 5.47612e-13 0)
(1.5 5.06175e-13 0)
(1.5 3.89971e-13 0)
(1.5 3.2805e-13 0)
(1.5 2.47114e-13 0)
(1.5 1.45929e-13 0)
(1.5 1.30427e-13 0)
(1.5 3.05569e-13 0)
(1.5 2.23152e-13 0)
(1.5 1.85107e-14 0)
(1.5 -7.52998e-14 0)
(1.5 -1.75387e-13 0)
(1.5 -1.45131e-13 0)
(1.5 -2.00576e-13 0)
(1.5 -2.14028e-13 0)
(1.5 -2.41786e-13 0)
(1.5 -3.04602e-13 0)
(1.5 -2.32553e-13 0)
(1.5 -1.82942e-13 0)
(1.5 -2.17884e-14 0)
(1.5 8.81682e-14 0)
(1.5 6.13491e-14 0)
(1.5 1.69512e-13 0)
(1.5 3.00498e-13 0)
(1.5 3.95607e-13 0)
(1.5 4.85786e-13 0)
(1.5 4.54019e-13 0)
(1.5 4.44224e-13 0)
(1.5 4.32713e-13 0)
(1.5 4.14658e-13 0)
(1.5 4.23033e-13 0)
(1.5 4.52674e-13 0)
(1.5 4.29291e-13 0)
(1.5 4.4362e-13 0)
(1.5 3.90604e-13 0)
(1.5 2.95765e-13 0)
(1.5 1.78323e-13 0)
(1.5 2.60311e-14 0)
(1.5 1.88495e-14 0)
(1.5 1.6559e-13 0)
(1.5 2.41041e-13 0)
(1.5 1.97858e-13 0)
(1.5 2.34338e-13 0)
(1.5 1.95279e-13 0)
(1.5 1.76716e-13 0)
(1.5 1.56127e-13 0)
(1.5 9.89158e-14 0)
(1.5 1.08312e-13 0)
(1.5 7.04242e-14 0)
(1.5 1.80431e-13 0)
(1.5 1.99719e-13 0)
(1.5 2.32413e-13 0)
(1.5 2.61174e-13 0)
(1.5 2.57642e-13 0)
(1.5 2.10922e-14 0)
(1.5 2.91795e-14 0)
(1.5 3.14322e-15 0)
(1.5 -1.91927e-14 0)
(1.5 -7.71688e-14 0)
(1.5 -1.79001e-13 0)
(1.5 -2.81189e-13 0)
(1.5 -3.47668e-13 0)
(1.5 -4.15337e-13 0)
(1.5 -3.62025e-13 0)
(1.5 -3.40613e-13 0)
(1.5 -3.27833e-13 0)
(1.5 -2.40189e-13 0)
(1.5 -2.71093e-13 0)
(1.5 -2.80293e-13 0)
(1.5 -2.87963e-13 0)
(1.5 -2.21059e-13 0)
(1.5 -2.619e-13 0)
(1.5 -2.1463e-13 0)
(1.5 -6.51767e-14 0)
(1.5 4.19933e-14 0)
(1.5 1.54374e-13 0)
(1.5 1.31034e-13 0)
(1.5 1.72519e-13 0)
(1.5 1.64067e-13 0)
(1.5 1.99214e-13 0)
(1.5 2.38566e-13 0)
(1.5 1.60368e-13 0)
(1.5 1.5487e-13 0)
(1.5 1.16891e-13 0)
(1.5 7.80178e-14 0)
(1.5 8.88486e-14 0)
(1.5 1.36952e-13 0)
(1.5 1.55635e-13 0)
(1.5 1.04065e-13 0)
(1.5 5.84278e-14 0)
(1.5 1.07865e-13 0)
(1.5 1.667e-13 0)
(1.5 2.04312e-13 0)
(1.5 2.52175e-13 0)
(1.5 2.67118e-13 0)
(1.5 2.76625e-13 0)
(1.5 2.06163e-13 0)
(1.5 1.26752e-13 0)
(1.5 1.27014e-13 0)
(1.5 1.26059e-13 0)
(1.5 4.86013e-14 0)
(1.5 4.16903e-14 0)
(1.5 9.87332e-14 0)
(1.5 7.67872e-14 0)
(1.5 9.24725e-14 0)
(1.5 1.49737e-13 0)
(1.5 1.90171e-13 0)
(1.5 2.27648e-13 0)
(1.5 2.18539e-13 0)
(1.5 1.43291e-13 0)
(1.5 7.80394e-14 0)
(1.5 3.48206e-14 0)
(1.5 9.06014e-14 0)
(1.5 7.10071e-14 0)
(1.5 4.74439e-14 0)
(1.5 9.92615e-14 0)
(1.5 1.3274e-13 0)
(1.5 3.86108e-14 0)
(1.5 -8.00245e-14 0)
(1.5 -1.3448e-13 0)
(1.5 -7.09905e-14 0)
(1.5 -1.18791e-13 0)
(1.5 -9.49855e-14 0)
(1.5 -5.01645e-14 0)
(1.5 1.7046e-15 0)
(1.5 -3.72992e-14 0)
(1.5 -1.52639e-13 0)
(1.5 -3.40565e-14 0)
(1.5 -7.15592e-14 0)
(1.5 -5.11174e-14 0)
(1.5 6.81982e-15 0)
(1.5 1.58815e-13 0)
(1.5 2.56181e-13 0)
(1.5 2.64547e-13 0)
(1.5 2.96538e-13 0)
(1.5 4.30389e-13 0)
(1.5 3.52091e-13 0)
(1.5 3.03634e-13 0)
(1.5 3.62629e-13 0)
(1.5 3.76167e-13 0)
(1.5 4.17014e-13 0)
(1.5 4.50812e-13 0)
(1.5 3.8145e-13 0)
(1.5 3.80747e-13 0)
(1.5 3.80068e-13 0)
(1.5 4.87968e-13 0)
(1.5 6.35573e-13 0)
(1.5 6.97195e-13 0)
(1.5 6.10391e-13 0)
(1.5 4.74459e-13 0)
(1.5 2.89334e-13 0)
(1.5 1.43917e-13 0)
(1.5 2.39547e-14 0)
(1.5 -9.60428e-14 0)
(1.5 -1.81737e-13 0)
(1.5 -2.2517e-13 0)
(1.5 -1.98818e-13 0)
(1.5 -2.13482e-13 0)
(1.5 -2.47752e-13 0)
(1.5 -2.81716e-13 0)
(1.5 -2.91442e-13 0)
(1.5 -2.9478e-13 0)
(1.5 -3.43507e-13 0)
(1.5 -3.93001e-13 0)
(1.5 -4.76075e-13 0)
(1.5 -4.811e-13 0)
(1.5 -3.36698e-13 0)
(1.5 -2.70554e-13 0)
(1.5 -2.11661e-13 0)
(1.5 -1.60162e-13 0)
(1.5 -1.34904e-13 0)
(1.5 -2.65198e-13 0)
(1.5 -3.31666e-13 0)
(1.5 -3.79547e-13 0)
(1.5 -4.12769e-13 0)
(1.5 -3.86505e-13 0)
(1.5 -3.4679e-13 0)
(1.5 -4.18732e-13 0)
(1.5 -3.77247e-13 0)
(1.5 -3.55928e-13 0)
(1.5 -3.18876e-13 0)
(1.5 -4.05233e-13 0)
(1.5 -4.16994e-13 0)
(1.5 -3.7677e-13 0)
(1.5 -3.55081e-13 0)
(1.5 -3.7889e-13 0)
(1.5 -4.58586e-13 0)
(1.5 -4.54622e-13 0)
(1.5 -4.11452e-13 0)
(1.5 -3.8113e-13 0)
(1.5 -3.58299e-13 0)
(1.5 -3.29011e-13 0)
(1.5 -1.06823e-13 0)
(1.5 -8.35863e-14 0)
(1.5 -3.4987e-14 0)
(1.5 1.28296e-13 0)
(1.5 1.39147e-13 0)
(1.5 2.25267e-13 0)
(1.5 3.52896e-13 0)
(1.5 5.84947e-13 0)
(1.5 6.94319e-13 0)
(1.5 6.3289e-13 0)
(1.5 5.28693e-13 0)
(1.5 5.03934e-13 0)
(1.5 4.51057e-13 0)
(1.5 3.2855e-13 0)
(1.5 2.10602e-13 0)
(1.5 2.76123e-13 0)
(1.5 1.56816e-13 0)
(1.5 -8.7535e-15 0)
(1.5 -1.05696e-13 0)
(1.5 -2.22184e-13 0)
(1.5 -1.76923e-13 0)
(1.5 -2.59854e-13 0)
(1.5 -2.22803e-13 0)
(1.5 -1.79694e-13 0)
(1.5 -2.25685e-13 0)
(1.5 -1.65185e-13 0)
(1.5 -9.59753e-14 0)
(1.5 2.71477e-14 0)
(1.5 1.10048e-13 0)
(1.5 8.3444e-14 0)
(1.5 1.32615e-13 0)
(1.5 2.91344e-13 0)
(1.5 4.06018e-13 0)
(1.5 5.56421e-13 0)
(1.5 5.34012e-13 0)
(1.5 5.50265e-13 0)
(1.5 5.0087e-13 0)
(1.5 4.77692e-13 0)
(1.5 4.58841e-13 0)
(1.5 4.21482e-13 0)
(1.5 4.53385e-13 0)
(1.5 4.75619e-13 0)
(1.5 4.19947e-13 0)
(1.5 2.79051e-13 0)
(1.5 2.06069e-13 0)
(1.5 1.57472e-13 0)
(1.5 7.9319e-14 0)
(1.5 3.84276e-14 0)
(1.5 1.69538e-13 0)
(1.5 1.43696e-13 0)
(1.5 1.1532e-13 0)
(1.5 1.30468e-13 0)
(1.5 1.85674e-13 0)
(1.5 1.36948e-13 0)
(1.5 5.4592e-14 0)
(1.5 3.08941e-14 0)
(1.5 -8.06365e-14 0)
(1.5 -7.32299e-14 0)
(1.5 -1.70352e-13 0)
(1.5 -1.32123e-13 0)
(1.5 -4.96742e-14 0)
(1.5 5.76118e-14 0)
(1.5 2.69535e-15 0)
(1.5 -2.46992e-15 0)
(1.5 1.86266e-14 0)
(1.5 -4.83419e-15 0)
(1.5 -1.12585e-14 0)
(1.5 -3.4844e-14 0)
(1.5 -1.38459e-13 0)
(1.5 -2.76468e-13 0)
(1.5 -3.36279e-13 0)
(1.5 -3.43325e-13 0)
(1.5 -2.94836e-13 0)
(1.5 -3.29543e-13 0)
(1.5 -2.62822e-13 0)
(1.5 -2.20908e-13 0)
(1.5 -2.0948e-13 0)
(1.5 -2.15674e-13 0)
(1.5 -2.35547e-13 0)
(1.5 -1.88844e-13 0)
(1.5 -5.95743e-14 0)
(1.5 8.33605e-14 0)
(1.5 1.24896e-13 0)
(1.5 1.89294e-13 0)
(1.5 2.24678e-13 0)
(1.5 2.7826e-13 0)
(1.5 2.81141e-13 0)
(1.5 2.6492e-13 0)
(1.5 2.76806e-13 0)
(1.5 2.48605e-13 0)
(1.5 2.28385e-13 0)
(1.5 2.17307e-13 0)
(1.5 1.74602e-13 0)
(1.5 1.75174e-13 0)
(1.5 1.01871e-13 0)
(1.5 1.71879e-13 0)
(1.5 2.6898e-13 0)
(1.5 2.31141e-13 0)
(1.5 2.63828e-13 0)
(1.5 2.31857e-13 0)
(1.5 2.19188e-13 0)
(1.5 3.51902e-13 0)
(1.5 3.56705e-13 0)
(1.5 2.74425e-13 0)
(1.5 1.87257e-13 0)
(1.5 1.12165e-13 0)
(1.5 1.15669e-13 0)
(1.5 7.21331e-14 0)
(1.5 4.18203e-14 0)
(1.5 5.43617e-14 0)
(1.5 1.09336e-13 0)
(1.5 1.39863e-13 0)
(1.5 1.45993e-13 0)
(1.5 1.86324e-13 0)
(1.5 2.29655e-13 0)
(1.5 2.94092e-13 0)
(1.5 2.21631e-13 0)
(1.5 9.64591e-14 0)
(1.5 -6.74499e-15 0)
(1.5 -6.7952e-14 0)
(1.5 -5.9411e-15 0)
(1.5 2.05911e-14 0)
(1.5 2.19021e-14 0)
(1.5 4.10217e-14 0)
(1.5 9.23978e-14 0)
(1.5 5.55683e-14 0)
(1.5 3.76058e-14 0)
(1.5 2.5801e-14 0)
(1.5 -3.01661e-14 0)
(1.5 -9.35262e-14 0)
(1.5 -8.18728e-14 0)
(1.5 -1.17246e-13 0)
(1.5 -1.55422e-13 0)
(1.5 -1.37486e-13 0)
(1.5 -1.07734e-13 0)
(1.5 -6.03701e-14 0)
(1.5 -9.18821e-14 0)
(1.5 -1.09558e-13 0)
(1.5 -1.05391e-13 0)
(1.5 2.79099e-14 0)
(1.5 1.02039e-13 0)
(1.5 1.05566e-13 0)
(1.5 7.77172e-14 0)
(1.5 1.32468e-13 0)
(1.5 1.75218e-13 0)
(1.5 1.91828e-13 0)
(1.5 1.90278e-13 0)
(1.5 1.95049e-13 0)
(1.5 2.43034e-13 0)
(1.5 3.17853e-13 0)
(1.5 3.72417e-13 0)
(1.5 3.70229e-13 0)
(1.5 3.41577e-13 0)
(1.5 4.6127e-13 0)
(1.5 5.70549e-13 0)
(1.5 5.54347e-13 0)
(1.5 4.81665e-13 0)
(1.5 3.6497e-13 0)
(1.5 2.61862e-13 0)
(1.5 1.51934e-14 0)
(1.5 -1.01323e-13 0)
(1.5 -1.89703e-13 0)
(1.5 -2.75562e-13 0)
(1.5 -2.85919e-13 0)
(1.5 -2.73149e-13 0)
(1.5 -2.69454e-13 0)
(1.5 -2.08825e-13 0)
(1.5 -2.19903e-13 0)
(1.5 -1.86895e-13 0)
(1.5 -1.91412e-13 0)
(1.5 -3.18591e-13 0)
(1.5 -4.05168e-13 0)
(1.5 -4.35621e-13 0)
(1.5 -3.69213e-13 0)
(1.5 -3.27114e-13 0)
(1.5 -3.06766e-13 0)
(1.5 -2.11222e-13 0)
(1.5 -1.77896e-13 0)
(1.5 -1.39797e-13 0)
(1.5 -2.45729e-13 0)
(1.5 -2.09633e-13 0)
(1.5 -2.12829e-13 0)
(1.5 -2.04215e-13 0)
(1.5 -1.68716e-13 0)
(1.5 -2.98682e-13 0)
(1.5 -3.30068e-13 0)
(1.5 -2.90677e-13 0)
(1.5 -2.23842e-13 0)
(1.5 -1.30468e-13 0)
(1.5 -1.72265e-13 0)
(1.5 -2.35304e-13 0)
(1.5 -2.39212e-13 0)
(1.5 -2.77941e-13 0)
(1.5 -3.02055e-13 0)
(1.5 -3.08059e-13 0)
(1.5 -3.52616e-13 0)
(1.5 -3.08712e-13 0)
(1.5 -3.10756e-13 0)
(1.5 -3.06871e-13 0)
(1.5 -3.12229e-13 0)
(1.5 -1.72628e-13 0)
(1.5 -8.2642e-14 0)
(1.5 -5.9473e-14 0)
(1.5 8.0526e-15 0)
(1.5 1.02895e-13 0)
(1.5 2.23544e-13 0)
(1.5 3.44405e-13 0)
(1.5 4.45207e-13 0)
(1.5 6.27232e-13 0)
(1.5 6.75233e-13 0)
(1.5 6.06908e-13 0)
(1.5 6.27571e-13 0)
(1.5 5.97767e-13 0)
(1.5 4.90078e-13 0)
(1.5 3.30666e-13 0)
(1.5 1.94211e-13 0)
(1.5 2.99308e-14 0)
(1.5 -9.09957e-14 0)
(1.5 -1.92235e-13 0)
(1.5 -2.31574e-13 0)
(1.5 -2.15672e-13 0)
(1.5 -2.92044e-13 0)
(1.5 -2.84956e-13 0)
(1.5 -2.30428e-13 0)
(1.5 -1.89297e-13 0)
(1.5 -1.1891e-13 0)
(1.5 -1.1956e-13 0)
(1.5 -5.03846e-14 0)
(1.5 6.60054e-14 0)
(1.5 1.07407e-13 0)
(1.5 8.89974e-14 0)
(1.5 2.63214e-13 0)
(1.5 3.98859e-13 0)
(1.5 4.96153e-13 0)
(1.5 5.26019e-13 0)
(1.5 5.0631e-13 0)
(1.5 4.73425e-13 0)
(1.5 4.7842e-13 0)
(1.5 5.19186e-13 0)
(1.5 5.07146e-13 0)
(1.5 5.06809e-13 0)
(1.5 4.39419e-13 0)
(1.5 3.97654e-13 0)
(1.5 2.51558e-13 0)
(1.5 2.36371e-13 0)
(1.5 2.66071e-13 0)
(1.5 1.72334e-13 0)
(1.5 3.41451e-14 0)
(1.5 1.01086e-13 0)
(1.5 1.70704e-13 0)
(1.5 1.4233e-13 0)
(1.5 2.17955e-13 0)
(1.5 2.45401e-13 0)
(1.5 1.10458e-13 0)
(1.5 6.88422e-14 0)
(1.5 1.93935e-14 0)
(1.5 -1.84999e-13 0)
(1.5 -2.45958e-13 0)
(1.5 -3.7039e-13 0)
(1.5 -3.50655e-13 0)
(1.5 -2.18287e-13 0)
(1.5 -7.3085e-14 0)
(1.5 2.70857e-14 0)
(1.5 4.63427e-14 0)
(1.5 6.87769e-14 0)
(1.5 7.97042e-14 0)
(1.5 2.70832e-14 0)
(1.5 4.30904e-14 0)
(1.5 8.06488e-14 0)
(1.5 -8.02823e-14 0)
(1.5 -1.84407e-13 0)
(1.5 -3.422e-13 0)
(1.5 -3.1298e-13 0)
(1.5 -3.4891e-13 0)
(1.5 -2.94299e-13 0)
(1.5 -2.06361e-13 0)
(1.5 -1.6454e-13 0)
(1.5 -1.39061e-13 0)
(1.5 -1.76615e-13 0)
(1.5 1.67844e-14 0)
(1.5 1.76564e-13 0)
(1.5 2.27044e-13 0)
(1.5 2.39818e-13 0)
(1.5 2.12449e-13 0)
(1.5 2.35386e-13 0)
(1.5 2.72611e-13 0)
(1.5 2.80266e-13 0)
(1.5 2.18992e-13 0)
(1.5 1.98729e-13 0)
(1.5 1.99369e-13 0)
(1.5 2.05587e-13 0)
(1.5 2.40393e-13 0)
(1.5 2.48089e-13 0)
(1.5 1.64632e-13 0)
(1.5 7.45964e-14 0)
(1.5 1.20409e-13 0)
(1.5 2.79695e-13 0)
(1.5 3.69065e-13 0)
(1.5 4.44733e-13 0)
(1.5 3.7762e-13 0)
(1.5 3.08451e-13 0)
(1.5 3.26271e-13 0)
(1.5 3.00454e-13 0)
(1.5 2.32472e-13 0)
(1.5 2.00517e-13 0)
(1.5 1.62185e-13 0)
(1.5 1.54551e-13 0)
(1.5 1.24769e-13 0)
(1.5 5.42216e-14 0)
(1.5 2.98608e-14 0)
(1.5 5.75628e-14 0)
(1.5 1.21687e-13 0)
(1.5 9.67171e-14 0)
(1.5 1.24747e-13 0)
(1.5 2.20974e-13 0)
(1.5 2.91628e-13 0)
(1.5 2.73158e-13 0)
(1.5 1.43427e-13 0)
(1.5 9.94108e-14 0)
(1.5 2.73071e-14 0)
(1.5 3.32463e-14 0)
(1.5 8.23918e-14 0)
(1.5 5.31761e-14 0)
(1.5 -4.13385e-16 0)
(1.5 5.34099e-15 0)
(1.5 6.27461e-14 0)
(1.5 1.15099e-13 0)
(1.5 6.18324e-14 0)
(1.5 -5.47298e-14 0)
(1.5 -7.96818e-14 0)
(1.5 -9.92089e-14 0)
(1.5 -1.79571e-13 0)
(1.5 -2.33106e-13 0)
(1.5 -1.87959e-13 0)
(1.5 -6.23783e-14 0)
(1.5 -6.77658e-14 0)
(1.5 -7.38756e-14 0)
(1.5 -3.61806e-14 0)
(1.5 1.10706e-14 0)
(1.5 2.34199e-14 0)
(1.5 6.31317e-14 0)
(1.5 5.60798e-14 0)
(1.5 2.66175e-14 0)
(1.5 -7.38306e-15 0)
(1.5 1.03839e-13 0)
(1.5 1.22943e-13 0)
(1.5 1.92086e-13 0)
(1.5 2.30934e-13 0)
(1.5 2.62993e-13 0)
(1.5 2.66109e-13 0)
(1.5 3.54452e-13 0)
(1.5 3.00287e-13 0)
(1.5 3.33237e-13 0)
(1.5 3.94624e-13 0)
(1.5 4.83162e-13 0)
(1.5 5.48374e-13 0)
(1.5 4.63631e-13 0)
(1.5 3.69088e-13 0)
(1.5 2.80646e-13 0)
(1.5 -2.16568e-14 0)
(1.5 -1.63301e-13 0)
(1.5 -2.52668e-13 0)
(1.5 -3.26335e-13 0)
(1.5 -2.81407e-13 0)
(1.5 -1.95765e-13 0)
(1.5 -1.6789e-13 0)
(1.5 -1.66309e-13 0)
(1.5 -1.99283e-13 0)
(1.5 -2.09737e-13 0)
(1.5 -2.73524e-13 0)
(1.5 -3.77406e-13 0)
(1.5 -4.49166e-13 0)
(1.5 -4.0324e-13 0)
(1.5 -3.48798e-13 0)
(1.5 -4.09926e-13 0)
(1.5 -3.95174e-13 0)
(1.5 -3.03608e-13 0)
(1.5 -3.98793e-13 0)
(1.5 -3.11584e-13 0)
(1.5 -3.12367e-13 0)
(1.5 -2.3199e-13 0)
(1.5 -1.62114e-13 0)
(1.5 -2.01403e-13 0)
(1.5 -1.68392e-13 0)
(1.5 -2.40857e-13 0)
(1.5 -2.0158e-13 0)
(1.5 -1.61404e-13 0)
(1.5 -1.64491e-13 0)
(1.5 -1.3251e-13 0)
(1.5 -2.94925e-13 0)
(1.5 -3.33845e-13 0)
(1.5 -3.70597e-13 0)
(1.5 -3.46076e-13 0)
(1.5 -3.35384e-13 0)
(1.5 -3.39581e-13 0)
(1.5 -4.44043e-13 0)
(1.5 -3.84297e-13 0)
(1.5 -3.90949e-13 0)
(1.5 -3.77846e-13 0)
(1.5 -4.04747e-13 0)
(1.5 -4.01896e-13 0)
(1.5 -2.61838e-13 0)
(1.5 -1.99722e-13 0)
(1.5 -9.12664e-14 0)
(1.5 9.90405e-14 0)
(1.5 2.40919e-13 0)
(1.5 3.4461e-13 0)
(1.5 3.68439e-13 0)
(1.5 4.90283e-13 0)
(1.5 5.77022e-13 0)
(1.5 5.75312e-13 0)
(1.5 6.21296e-13 0)
(1.5 5.94509e-13 0)
(1.5 5.07914e-13 0)
(1.5 2.82098e-13 0)
(1.5 8.29691e-14 0)
(1.5 -1.55951e-13 0)
(1.5 -3.33838e-13 0)
(1.5 -4.24176e-13 0)
(1.5 -4.17283e-13 0)
(1.5 -3.75016e-13 0)
(1.5 -3.61628e-13 0)
(1.5 -3.57889e-13 0)
(1.5 -3.41836e-13 0)
(1.5 -2.22275e-13 0)
(1.5 -1.9173e-13 0)
(1.5 -3.1047e-13 0)
(1.5 -2.50029e-13 0)
(1.5 -1.29922e-13 0)
(1.5 -4.18878e-14 0)
(1.5 -2.20667e-14 0)
(1.5 1.22617e-13 0)
(1.5 2.52863e-13 0)
(1.5 2.96357e-13 0)
(1.5 3.51637e-13 0)
(1.5 3.32583e-13 0)
(1.5 4.02987e-13 0)
(1.5 5.04537e-13 0)
(1.5 5.39493e-13 0)
(1.5 5.03827e-13 0)
(1.5 4.16467e-13 0)
(1.5 3.18669e-13 0)
(1.5 1.72196e-13 0)
(1.5 8.05912e-14 0)
(1.5 1.49774e-13 0)
(1.5 2.81243e-13 0)
(1.5 2.75712e-13 0)
(1.5 2.15774e-13 0)
(1.5 2.17663e-13 0)
(1.5 2.74347e-13 0)
(1.5 2.36424e-13 0)
(1.5 2.8232e-13 0)
(1.5 2.29357e-13 0)
(1.5 1.14738e-13 0)
(1.5 1.30516e-13 0)
(1.5 1.19927e-13 0)
(1.5 -8.07167e-14 0)
(1.5 -2.05946e-13 0)
(1.5 -2.9219e-13 0)
(1.5 -3.42045e-13 0)
(1.5 -2.64399e-13 0)
(1.5 -1.91899e-13 0)
(1.5 4.83982e-14 0)
(1.5 8.16362e-14 0)
(1.5 3.78159e-14 0)
(1.5 4.98576e-14 0)
(1.5 -4.93707e-15 0)
(1.5 4.9601e-14 0)
(1.5 1.63741e-13 0)
(1.5 4.38938e-14 0)
(1.5 -1.03484e-13 0)
(1.5 -2.61225e-13 0)
(1.5 -2.84561e-13 0)
(1.5 -2.86038e-13 0)
(1.5 -2.58878e-13 0)
(1.5 -1.91644e-13 0)
(1.5 -1.50202e-13 0)
(1.5 -8.74063e-14 0)
(1.5 -2.11429e-15 0)
(1.5 1.16968e-13 0)
(1.5 2.46837e-13 0)
(1.5 3.04044e-13 0)
(1.5 3.23274e-13 0)
(1.5 2.77439e-13 0)
(1.5 2.42221e-13 0)
(1.5 2.07988e-13 0)
(1.5 2.01013e-13 0)
(1.5 1.89262e-13 0)
(1.5 1.78521e-13 0)
(1.5 1.84609e-13 0)
(1.5 1.91632e-13 0)
(1.5 2.4449e-13 0)
(1.5 2.57119e-13 0)
(1.5 1.54828e-13 0)
(1.5 1.28043e-13 0)
(1.5 1.49402e-13 0)
(1.5 2.83488e-13 0)
(1.5 3.73023e-13 0)
(1.5 4.54392e-13 0)
(1.5 4.34549e-13 0)
(1.5 3.37335e-13 0)
(1.5 2.50683e-13 0)
(1.5 1.32823e-13 0)
(1.5 1.21106e-13 0)
(1.5 1.5296e-13 0)
(1.5 1.41979e-13 0)
(1.5 7.39621e-14 0)
(1.5 8.0291e-14 0)
(1.5 4.8696e-14 0)
(1.5 3.03709e-14 0)
(1.5 3.35222e-14 0)
(1.5 4.98731e-14 0)
(1.5 4.74205e-14 0)
(1.5 9.34995e-14 0)
(1.5 1.57243e-13 0)
(1.5 1.25815e-13 0)
(1.5 1.09169e-13 0)
(1.5 8.37614e-14 0)
(1.5 1.19786e-13 0)
(1.5 1.39564e-13 0)
(1.5 9.85799e-14 0)
(1.5 9.18542e-14 0)
(1.5 9.90966e-14 0)
(1.5 3.82637e-14 0)
(1.5 -3.61937e-14 0)
(1.5 8.29325e-14 0)
(1.5 1.25752e-13 0)
(1.5 3.6412e-14 0)
(1.5 -4.30564e-14 0)
(1.5 -6.89652e-14 0)
(1.5 -9.64689e-14 0)
(1.5 -1.09601e-13 0)
(1.5 -1.19444e-13 0)
(1.5 -9.39804e-14 0)
(1.5 -6.90749e-14 0)
(1.5 -1.85661e-14 0)
(1.5 8.04403e-14 0)
(1.5 1.11423e-13 0)
(1.5 1.30465e-13 0)
(1.5 1.02496e-13 0)
(1.5 1.65904e-13 0)
(1.5 1.47254e-13 0)
(1.5 1.78202e-13 0)
(1.5 1.68213e-13 0)
(1.5 1.71743e-13 0)
(1.5 1.85573e-13 0)
(1.5 2.84591e-13 0)
(1.5 3.17111e-13 0)
(1.5 3.59437e-13 0)
(1.5 3.30783e-13 0)
(1.5 3.34692e-13 0)
(1.5 2.8764e-13 0)
(1.5 3.57741e-13 0)
(1.5 3.32869e-13 0)
(1.5 3.59901e-13 0)
(1.5 4.01865e-13 0)
(1.5 3.60694e-13 0)
(1.5 3.14113e-13 0)
(1.5 1.32675e-13 0)
(1.5 -6.87319e-14 0)
(1.5 -1.68206e-13 0)
(1.5 -1.94061e-13 0)
(1.5 -2.19803e-13 0)
(1.5 -1.72703e-13 0)
(1.5 -8.9957e-14 0)
(1.5 -1.76211e-14 0)
(1.5 -6.45118e-14 0)
(1.5 -1.77388e-13 0)
(1.5 -2.79549e-13 0)
(1.5 -3.47555e-13 0)
(1.5 -3.47153e-13 0)
(1.5 -3.28326e-13 0)
(1.5 -2.5541e-13 0)
(1.5 -2.54569e-13 0)
(1.5 -3.4353e-13 0)
(1.5 -3.58077e-13 0)
(1.5 -4.22421e-13 0)
(1.5 -4.54e-13 0)
(1.5 -3.44155e-13 0)
(1.5 -2.46257e-13 0)
(1.5 -1.81277e-13 0)
(1.5 -1.13546e-13 0)
(1.5 -1.20403e-13 0)
(1.5 -1.83174e-13 0)
(1.5 -2.39349e-13 0)
(1.5 -2.33963e-13 0)
(1.5 -1.93848e-13 0)
(1.5 -2.43327e-13 0)
(1.5 -3.29035e-13 0)
(1.5 -4.70126e-13 0)
(1.5 -5.03603e-13 0)
(1.5 -4.87432e-13 0)
(1.5 -4.95969e-13 0)
(1.5 -5.48918e-13 0)
(1.5 -5.38085e-13 0)
(1.5 -5.90723e-13 0)
(1.5 -5.62328e-13 0)
(1.5 -5.7576e-13 0)
(1.5 -5.12302e-13 0)
(1.5 -4.14671e-13 0)
(1.5 -4.24275e-13 0)
(1.5 -2.9837e-13 0)
(1.5 -2.04572e-13 0)
(1.5 -2.08637e-14 0)
(1.5 2.47765e-13 0)
(1.5 4.0778e-13 0)
(1.5 4.0979e-13 0)
(1.5 3.79761e-13 0)
(1.5 3.83357e-13 0)
(1.5 4.84825e-13 0)
(1.5 5.53907e-13 0)
(1.5 4.865e-13 0)
(1.5 4.12918e-13 0)
(1.5 2.88424e-13 0)
(1.5 1.14098e-13 0)
(1.5 -1.92126e-14 0)
(1.5 -1.75337e-13 0)
(1.5 -4.6449e-13 0)
(1.5 -5.34512e-13 0)
(1.5 -5.40452e-13 0)
(1.5 -5.27956e-13 0)
(1.5 -4.33474e-13 0)
(1.5 -3.34323e-13 0)
(1.5 -3.29181e-13 0)
(1.5 -2.67634e-13 0)
(1.5 -2.63051e-13 0)
(1.5 -2.36971e-13 0)
(1.5 -1.78754e-13 0)
(1.5 -1.49842e-13 0)
(1.5 -7.6281e-14 0)
(1.5 -6.1234e-15 0)
(1.5 3.55759e-14 0)
(1.5 1.23888e-13 0)
(1.5 2.05216e-13 0)
(1.5 2.20733e-13 0)
(1.5 3.37878e-13 0)
(1.5 4.15391e-13 0)
(1.5 4.7205e-13 0)
(1.5 5.13648e-13 0)
(1.5 4.6139e-13 0)
(1.5 3.34286e-13 0)
(1.5 2.09464e-13 0)
(1.5 1.12252e-13 0)
(1.5 1.87933e-13 0)
(1.5 2.88914e-13 0)
(1.5 3.87487e-13 0)
(1.5 3.4151e-13 0)
(1.5 3.43009e-13 0)
(1.5 3.57193e-13 0)
(1.5 3.45108e-13 0)
(1.5 2.70227e-13 0)
(1.5 2.47041e-13 0)
(1.5 1.81424e-13 0)
(1.5 1.81814e-13 0)
(1.5 1.3835e-13 0)
(1.5 1.34835e-13 0)
(1.5 9.621e-14 0)
(1.5 -1.40877e-14 0)
(1.5 -9.53672e-14 0)
(1.5 -1.68059e-13 0)
(1.5 -1.65776e-13 0)
(1.5 -1.60154e-13 0)
(1.5 3.47694e-14 0)
(1.5 2.8008e-15 0)
(1.5 -2.58895e-14 0)
(1.5 8.71481e-16 0)
(1.5 8.34189e-14 0)
(1.5 7.75732e-14 0)
(1.5 5.42872e-14 0)
(1.5 1.75282e-14 0)
(1.5 -1.12716e-13 0)
(1.5 -1.49989e-13 0)
(1.5 -1.89776e-13 0)
(1.5 -1.42724e-13 0)
(1.5 -2.02564e-13 0)
(1.5 -2.04285e-13 0)
(1.5 -1.93908e-13 0)
(1.5 -1.13137e-13 0)
(1.5 5.21392e-14 0)
(1.5 1.61615e-13 0)
(1.5 2.34526e-13 0)
(1.5 2.60335e-13 0)
(1.5 2.81281e-13 0)
(1.5 2.57566e-13 0)
(1.5 2.29677e-13 0)
(1.5 2.08278e-13 0)
(1.5 1.89227e-13 0)
(1.5 2.35663e-13 0)
(1.5 2.78719e-13 0)
(1.5 3.08258e-13 0)
(1.5 2.73088e-13 0)
(1.5 2.46868e-13 0)
(1.5 1.82133e-13 0)
(1.5 1.70918e-13 0)
(1.5 1.84072e-13 0)
(1.5 1.84692e-13 0)
(1.5 3.10663e-13 0)
(1.5 3.11487e-13 0)
(1.5 2.89491e-13 0)
(1.5 2.88714e-13 0)
(1.5 1.82825e-13 0)
(1.5 9.38331e-14 0)
(1.5 4.94726e-14 0)
(1.5 4.79193e-14 0)
(1.5 7.24042e-14 0)
(1.5 2.08808e-14 0)
(1.5 -2.1339e-14 0)
(1.5 -2.85886e-14 0)
(1.5 4.56656e-14 0)
(1.5 7.75689e-15 0)
(1.5 2.69829e-14 0)
(1.5 6.97203e-14 0)
(1.5 1.27502e-13 0)
(1.5 1.28077e-13 0)
(1.5 9.20425e-14 0)
(1.5 5.74144e-14 0)
(1.5 6.70342e-15 0)
(1.5 6.8348e-14 0)
(1.5 9.20597e-14 0)
(1.5 1.37266e-13 0)
(1.5 8.55466e-14 0)
(1.5 3.1391e-14 0)
(1.5 6.60495e-14 0)
(1.5 6.50679e-14 0)
(1.5 -1.35373e-14 0)
(1.5 7.74098e-14 0)
(1.5 9.15601e-14 0)
(1.5 2.79419e-14 0)
(1.5 2.03593e-14 0)
(1.5 -2.71755e-14 0)
(1.5 -4.69304e-14 0)
(1.5 -2.26243e-14 0)
(1.5 -2.8071e-14 0)
(1.5 6.13678e-15 0)
(1.5 -1.03931e-14 0)
(1.5 6.05137e-14 0)
(1.5 1.21614e-13 0)
(1.5 1.11467e-13 0)
(1.5 1.56968e-13 0)
(1.5 1.78118e-13 0)
(1.5 2.38579e-13 0)
(1.5 2.40568e-13 0)
(1.5 2.80676e-13 0)
(1.5 2.81545e-13 0)
(1.5 2.41164e-13 0)
(1.5 2.19685e-13 0)
(1.5 2.45947e-13 0)
(1.5 2.66893e-13 0)
(1.5 3.27722e-13 0)
(1.5 3.38229e-13 0)
(1.5 3.26954e-13 0)
(1.5 3.51584e-13 0)
(1.5 3.36068e-13 0)
(1.5 2.85626e-13 0)
(1.5 2.28373e-13 0)
(1.5 1.57665e-13 0)
(1.5 1.70233e-13 0)
(1.5 8.20912e-14 0)
(1.5 -8.99279e-14 0)
(1.5 -1.43495e-13 0)
(1.5 -2.00164e-13 0)
(1.5 -1.53253e-13 0)
(1.5 -2.02281e-14 0)
(1.5 -2.57362e-14 0)
(1.5 -5.0085e-14 0)
(1.5 1.8797e-14 0)
(1.5 5.61666e-14 0)
(1.5 -5.81669e-14 0)
(1.5 -1.63282e-13 0)
(1.5 -2.02289e-13 0)
(1.5 -1.23336e-13 0)
(1.5 -3.07529e-14 0)
(1.5 -4.43407e-14 0)
(1.5 -1.23253e-13 0)
(1.5 -1.81697e-13 0)
(1.5 -2.27276e-13 0)
(1.5 -3.20548e-13 0)
(1.5 -2.81009e-13 0)
(1.5 -2.65063e-13 0)
(1.5 -1.12585e-13 0)
(1.5 -9.04243e-14 0)
(1.5 -4.49966e-14 0)
(1.5 7.77171e-15 0)
(1.5 -1.34575e-13 0)
(1.5 -1.86633e-13 0)
(1.5 -1.34608e-13 0)
(1.5 -1.53539e-13 0)
(1.5 -2.10694e-13 0)
(1.5 -4.24362e-13 0)
(1.5 -3.82342e-13 0)
(1.5 -4.40343e-13 0)
(1.5 -4.5962e-13 0)
(1.5 -5.07319e-13 0)
(1.5 -5.66437e-13 0)
(1.5 -5.62046e-13 0)
(1.5 -5.95703e-13 0)
(1.5 -6.51269e-13 0)
(1.5 -5.35559e-13 0)
(1.5 -4.41206e-13 0)
(1.5 -3.55642e-13 0)
(1.5 -2.91077e-13 0)
(1.5 -2.35798e-13 0)
(1.5 -1.62986e-14 0)
(1.5 2.19088e-13 0)
(1.5 4.91211e-13 0)
(1.5 6.64595e-13 0)
(1.5 6.20942e-13 0)
(1.5 5.53094e-13 0)
(1.5 4.59984e-13 0)
(1.5 4.97203e-13 0)
(1.5 5.78715e-13 0)
(1.5 4.76131e-13 0)
(1.5 3.5898e-13 0)
(1.5 2.33854e-13 0)
(1.5 1.63735e-13 0)
(1.5 7.05961e-14 0)
(1.5 -4.10081e-14 0)
(1.5 -3.43548e-13 0)
(1.5 -4.51877e-13 0)
(1.5 -4.6156e-13 0)
(1.5 -4.99064e-13 0)
(1.5 -4.00078e-13 0)
(1.5 -3.10868e-13 0)
(1.5 -3.43e-13 0)
(1.5 -3.45656e-13 0)
(1.5 -3.28363e-13 0)
(1.5 -1.48825e-13 0)
(1.5 -1.06678e-13 0)
(1.5 -1.1739e-13 0)
(1.5 -5.62865e-14 0)
(1.5 9.26714e-14 0)
(1.5 1.0794e-13 0)
(1.5 1.26313e-13 0)
(1.5 2.50234e-13 0)
(1.5 3.32939e-13 0)
(1.5 4.95224e-13 0)
(1.5 4.70403e-13 0)
(1.5 3.76583e-13 0)
(1.5 4.31612e-13 0)
(1.5 5.20487e-13 0)
(1.5 5.05609e-13 0)
(1.5 4.30672e-13 0)
(1.5 4.97461e-13 0)
(1.5 5.51977e-13 0)
(1.5 5.56457e-13 0)
(1.5 5.65908e-13 0)
(1.5 4.58854e-13 0)
(1.5 4.20059e-13 0)
(1.5 4.03878e-13 0)
(1.5 4.27093e-13 0)
(1.5 3.07497e-13 0)
(1.5 2.13473e-13 0)
(1.5 2.26237e-13 0)
(1.5 3.04683e-13 0)
(1.5 2.21101e-13 0)
(1.5 1.23802e-13 0)
(1.5 2.34397e-13 0)
(1.5 2.14752e-13 0)
(1.5 9.23026e-14 0)
(1.5 3.00769e-14 0)
(1.5 -5.66776e-14 0)
(1.5 -9.72084e-14 0)
(1.5 4.50304e-14 0)
(1.5 -5.26267e-15 0)
(1.5 -6.22303e-14 0)
(1.5 -3.89309e-14 0)
(1.5 1.12773e-13 0)
(1.5 8.83607e-14 0)
(1.5 -3.5832e-14 0)
(1.5 -1.02672e-14 0)
(1.5 -9.20769e-14 0)
(1.5 -8.85323e-14 0)
(1.5 -1.54735e-13 0)
(1.5 -1.13459e-13 0)
(1.5 -2.0219e-13 0)
(1.5 -2.70604e-13 0)
(1.5 -2.3075e-13 0)
(1.5 -1.28584e-13 0)
(1.5 6.84953e-14 0)
(1.5 2.0077e-13 0)
(1.5 2.50457e-13 0)
(1.5 1.8728e-13 0)
(1.5 1.48661e-13 0)
(1.5 2.12157e-13 0)
(1.5 2.1827e-13 0)
(1.5 1.88181e-13 0)
(1.5 1.83838e-13 0)
(1.5 2.157e-13 0)
(1.5 2.69333e-13 0)
(1.5 3.28438e-13 0)
(1.5 2.78304e-13 0)
(1.5 2.29402e-13 0)
(1.5 1.75353e-13 0)
(1.5 2.24426e-13 0)
(1.5 2.40814e-13 0)
(1.5 1.56769e-13 0)
(1.5 2.51527e-13 0)
(1.5 2.01008e-13 0)
(1.5 1.50239e-13 0)
(1.5 1.15801e-13 0)
(1.5 5.82492e-14 0)
(1.5 1.44394e-14 0)
(1.5 4.9069e-14 0)
(1.5 -2.55651e-14 0)
(1.5 -3.05204e-14 0)
(1.5 -9.43159e-14 0)
(1.5 -6.83265e-14 0)
(1.5 -1.08175e-13 0)
(1.5 5.4913e-15 0)
(1.5 5.76956e-15 0)
(1.5 1.11989e-14 0)
(1.5 5.9203e-14 0)
(1.5 1.04756e-13 0)
(1.5 5.44561e-14 0)
(1.5 1.26124e-14 0)
(1.5 8.4291e-14 0)
(1.5 8.33377e-14 0)
(1.5 1.35413e-13 0)
(1.5 1.3564e-13 0)
(1.5 8.01595e-14 0)
(1.5 -1.09735e-15 0)
(1.5 2.15797e-14 0)
(1.5 1.94935e-14 0)
(1.5 -1.13738e-14 0)
(1.5 -6.65531e-14 0)
(1.5 -1.66806e-14 0)
(1.5 -4.0128e-14 0)
(1.5 -6.37386e-14 0)
(1.5 -2.86427e-14 0)
(1.5 -4.63377e-14 0)
(1.5 -8.00938e-14 0)
(1.5 -5.51496e-14 0)
(1.5 -6.31229e-14 0)
(1.5 -4.38951e-14 0)
(1.5 -9.05506e-15 0)
(1.5 1.56934e-14 0)
(1.5 1.81521e-14 0)
(1.5 5.69288e-14 0)
(1.5 1.23369e-13 0)
(1.5 1.43584e-13 0)
(1.5 1.5846e-13 0)
(1.5 1.57807e-13 0)
(1.5 2.00809e-13 0)
(1.5 1.88905e-13 0)
(1.5 1.50967e-13 0)
(1.5 1.4045e-13 0)
(1.5 1.94581e-13 0)
(1.5 2.69006e-13 0)
(1.5 2.98383e-13 0)
(1.5 2.66908e-13 0)
(1.5 2.30525e-13 0)
(1.5 2.50321e-13 0)
(1.5 1.82847e-13 0)
(1.5 1.78906e-13 0)
(1.5 1.27216e-13 0)
(1.5 7.04648e-14 0)
(1.5 -1.05558e-14 0)
(1.5 -1.78318e-13 0)
(1.5 -2.37453e-13 0)
(1.5 -1.5619e-13 0)
(1.5 -1.57083e-13 0)
(1.5 -1.36442e-13 0)
(1.5 5.78545e-14 0)
(1.5 4.34781e-14 0)
(1.5 5.21095e-14 0)
(1.5 3.85898e-14 0)
(1.5 8.04457e-14 0)
(1.5 1.3977e-14 0)
(1.5 -9.29995e-14 0)
(1.5 -1.13767e-13 0)
(1.5 -2.48468e-14 0)
(1.5 2.30016e-14 0)
(1.5 -5.76194e-15 0)
(1.5 -1.52729e-13 0)
(1.5 -2.08494e-13 0)
(1.5 -2.28619e-13 0)
(1.5 -2.93586e-13 0)
(1.5 -2.67307e-13 0)
(1.5 -3.0808e-13 0)
(1.5 -1.93996e-13 0)
(1.5 -1.53871e-13 0)
(1.5 -1.23096e-13 0)
(1.5 -5.98901e-14 0)
(1.5 -1.30908e-13 0)
(1.5 -1.26219e-13 0)
(1.5 3.3604e-15 0)
(1.5 -8.50476e-14 0)
(1.5 -1.88832e-13 0)
(1.5 -3.39122e-13 0)
(1.5 -2.75381e-13 0)
(1.5 -3.01623e-13 0)
(1.5 -3.15959e-13 0)
(1.5 -2.91677e-13 0)
(1.5 -3.43366e-13 0)
(1.5 -4.32623e-13 0)
(1.5 -5.11085e-13 0)
(1.5 -5.44024e-13 0)
(1.5 -3.02852e-13 0)
(1.5 -2.88869e-13 0)
(1.5 -3.43269e-13 0)
(1.5 -2.53579e-13 0)
(1.5 -1.92678e-13 0)
(1.5 9.55497e-14 0)
(1.5 3.42901e-13 0)
(1.5 6.08577e-13 0)
(1.5 8.26668e-13 0)
(1.5 7.96141e-13 0)
(1.5 7.34342e-13 0)
(1.5 6.36265e-13 0)
(1.5 6.11427e-13 0)
(1.5 6.30465e-13 0)
(1.5 5.79917e-13 0)
(1.5 4.74747e-13 0)
(1.5 3.38474e-13 0)
(1.5 2.10325e-13 0)
(1.5 8.61922e-14 0)
(1.5 -3.70949e-14 0)
(1.5 -2.05937e-13 0)
(1.5 -3.26501e-13 0)
(1.5 -3.86864e-13 0)
(1.5 -4.42613e-13 0)
(1.5 -3.36603e-13 0)
(1.5 -2.56255e-13 0)
(1.5 -3.60999e-13 0)
(1.5 -3.73639e-13 0)
(1.5 -3.088e-13 0)
(1.5 -5.03602e-14 0)
(1.5 -2.22954e-14 0)
(1.5 -4.47178e-14 0)
(1.5 8.06893e-15 0)
(1.5 1.73565e-13 0)
(1.5 2.10548e-13 0)
(1.5 2.27622e-13 0)
(1.5 3.47637e-13 0)
(1.5 4.2448e-13 0)
(1.5 5.0141e-13 0)
(1.5 5.31231e-13 0)
(1.5 4.33761e-13 0)
(1.5 4.62161e-13 0)
(1.5 6.16151e-13 0)
(1.5 5.80868e-13 0)
(1.5 5.93081e-13 0)
(1.5 6.78543e-13 0)
(1.5 6.77911e-13 0)
(1.5 7.26485e-13 0)
(1.5 7.00374e-13 0)
(1.5 5.7975e-13 0)
(1.5 4.3263e-13 0)
(1.5 4.07153e-13 0)
(1.5 4.28899e-13 0)
(1.5 4.11318e-13 0)
(1.5 3.44646e-13 0)
(1.5 3.81302e-13 0)
(1.5 3.96607e-13 0)
(1.5 3.41195e-13 0)
(1.5 1.10798e-13 0)
(1.5 2.91985e-13 0)
(1.5 3.29462e-13 0)
(1.5 3.14042e-13 0)
(1.5 2.48947e-13 0)
(1.5 1.52221e-13 0)
(1.5 8.33196e-14 0)
(1.5 1.36806e-15 0)
(1.5 2.38879e-14 0)
(1.5 -2.64065e-14 0)
(1.5 -2.19265e-14 0)
(1.5 1.26777e-14 0)
(1.5 9.05745e-15 0)
(1.5 -1.04294e-14 0)
(1.5 4.36564e-14 0)
(1.5 1.71888e-14 0)
(1.5 -6.66195e-14 0)
(1.5 -1.73023e-13 0)
(1.5 -1.61155e-13 0)
(1.5 -2.23975e-13 0)
(1.5 -2.87801e-13 0)
(1.5 -1.64762e-13 0)
(1.5 -7.95756e-14 0)
(1.5 8.37617e-14 0)
(1.5 2.98443e-14 0)
(1.5 2.1332e-14 0)
(1.5 7.14738e-14 0)
(1.5 1.29196e-13 0)
(1.5 1.65433e-13 0)
(1.5 1.98237e-13 0)
(1.5 1.63402e-13 0)
(1.5 1.81048e-13 0)
(1.5 2.07865e-13 0)
(1.5 2.09958e-13 0)
(1.5 2.87839e-13 0)
(1.5 2.60521e-13 0)
(1.5 2.54333e-13 0)
(1.5 2.78141e-13 0)
(1.5 2.84019e-13 0)
(1.5 2.52879e-13 0)
(1.5 2.28307e-13 0)
(1.5 2.12179e-13 0)
(1.5 1.59875e-13 0)
(1.5 1.56645e-13 0)
(1.5 6.36003e-14 0)
(1.5 6.74526e-14 0)
(1.5 9.14504e-14 0)
(1.5 3.57976e-14 0)
(1.5 -3.61944e-14 0)
(1.5 -8.52086e-14 0)
(1.5 -8.96927e-14 0)
(1.5 -8.39593e-14 0)
(1.5 -1.25094e-13 0)
(1.5 -5.24686e-14 0)
(1.5 1.96146e-14 0)
(1.5 2.75221e-14 0)
(1.5 4.89704e-14 0)
(1.5 6.07225e-14 0)
(1.5 7.99179e-14 0)
(1.5 2.7405e-14 0)
(1.5 4.19518e-14 0)
(1.5 9.00231e-14 0)
(1.5 1.60973e-13 0)
(1.5 1.40705e-13 0)
(1.5 7.64323e-14 0)
(1.5 1.6676e-14 0)
(1.5 2.45798e-14 0)
(1.5 -6.27313e-15 0)
(1.5 -4.24649e-15 0)
(1.5 -4.86973e-14 0)
(1.5 -2.63246e-14 0)
(1.5 -9.26233e-14 0)
(1.5 -9.32957e-14 0)
(1.5 -7.86251e-14 0)
(1.5 -7.12002e-14 0)
(1.5 -7.00855e-14 0)
(1.5 -8.839e-14 0)
(1.5 -1.63689e-13 0)
(1.5 -1.81505e-13 0)
(1.5 -1.16921e-13 0)
(1.5 -1.46126e-13 0)
(1.5 -8.23787e-14 0)
(1.5 1.40351e-14 0)
(1.5 6.96167e-14 0)
(1.5 3.5182e-14 0)
(1.5 1.36503e-14 0)
(1.5 7.96484e-14 0)
(1.5 5.35929e-14 0)
(1.5 4.53311e-14 0)
(1.5 5.76305e-15 0)
(1.5 3.70865e-14 0)
(1.5 1.16974e-13 0)
(1.5 1.7209e-13 0)
(1.5 2.02646e-13 0)
(1.5 1.65118e-13 0)
(1.5 1.38673e-13 0)
(1.5 1.5753e-13 0)
(1.5 1.35638e-13 0)
(1.5 6.44975e-14 0)
(1.5 1.46239e-14 0)
(1.5 4.97208e-14 0)
(1.5 -7.26373e-14 0)
(1.5 -2.14078e-13 0)
(1.5 -2.80103e-13 0)
(1.5 -1.65812e-13 0)
(1.5 -1.37027e-13 0)
(1.5 -1.3071e-13 0)
(1.5 -5.88991e-14 0)
(1.5 5.45346e-14 0)
(1.5 1.59072e-13 0)
(1.5 1.08328e-13 0)
(1.5 5.5959e-14 0)
(1.5 5.28148e-14 0)
(1.5 2.3911e-14 0)
(1.5 -4.04006e-17 0)
(1.5 2.77047e-14 0)
(1.5 -8.85422e-14 0)
(1.5 -8.94449e-14 0)
(1.5 -1.72984e-13 0)
(1.5 -2.20192e-13 0)
(1.5 -2.22248e-13 0)
(1.5 -2.79518e-13 0)
(1.5 -2.32766e-13 0)
(1.5 -3.04653e-13 0)
(1.5 -3.01373e-13 0)
(1.5 -2.30553e-13 0)
(1.5 -2.58429e-13 0)
(1.5 -2.50701e-13 0)
(1.5 -1.85066e-13 0)
(1.5 -1.79205e-13 0)
(1.5 -9.77217e-14 0)
(1.5 -1.93087e-13 0)
(1.5 -3.00407e-13 0)
(1.5 -2.83288e-13 0)
(1.5 -2.71711e-13 0)
(1.5 -2.77307e-13 0)
(1.5 -2.17219e-13 0)
(1.5 -1.85605e-13 0)
(1.5 -1.95204e-13 0)
(1.5 -2.45938e-13 0)
(1.5 -3.49217e-13 0)
(1.5 -3.39585e-13 0)
(1.5 -2.40557e-13 0)
(1.5 -2.33297e-13 0)
(1.5 -2.18137e-13 0)
(1.5 -1.3831e-13 0)
(1.5 1.0292e-14 0)
(1.5 2.25249e-13 0)
(1.5 4.20632e-13 0)
(1.5 7.12924e-13 0)
(1.5 8.21116e-13 0)
(1.5 8.19904e-13 0)
(1.5 7.69191e-13 0)
(1.5 7.48052e-13 0)
(1.5 8.39761e-13 0)
(1.5 7.81697e-13 0)
(1.5 6.81029e-13 0)
(1.5 5.56602e-13 0)
(1.5 3.44245e-13 0)
(1.5 1.53715e-13 0)
(1.5 -1.278e-14 0)
(1.5 -8.83949e-14 0)
(1.5 -1.65037e-13 0)
(1.5 -2.43943e-13 0)
(1.5 -3.48915e-13 0)
(1.5 -3.45955e-13 0)
(1.5 -2.48751e-13 0)
(1.5 -1.92595e-13 0)
(1.5 -1.95344e-13 0)
(1.5 -1.95131e-13 0)
(1.5 -1.09616e-13 0)
(1.5 5.53429e-14 0)
(1.5 1.23176e-13 0)
(1.5 7.89049e-14 0)
(1.5 1.47409e-13 0)
(1.5 1.60974e-13 0)
(1.5 2.25453e-13 0)
(1.5 2.73243e-13 0)
(1.5 3.55895e-13 0)
(1.5 4.92444e-13 0)
(1.5 4.90679e-13 0)
(1.5 5.88539e-13 0)
(1.5 6.25634e-13 0)
(1.5 6.35067e-13 0)
(1.5 6.90123e-13 0)
(1.5 5.91825e-13 0)
(1.5 6.76718e-13 0)
(1.5 7.08891e-13 0)
(1.5 7.50065e-13 0)
(1.5 8.26108e-13 0)
(1.5 6.72239e-13 0)
(1.5 6.1729e-13 0)
(1.5 4.88313e-13 0)
(1.5 4.67943e-13 0)
(1.5 4.24029e-13 0)
(1.5 5.22461e-13 0)
(1.5 5.03169e-13 0)
(1.5 4.72981e-13 0)
(1.5 4.08995e-13 0)
(1.5 3.8118e-13 0)
(1.5 2.31806e-13 0)
(1.5 3.00344e-13 0)
(1.5 3.65456e-13 0)
(1.5 4.81715e-13 0)
(1.5 4.67945e-13 0)
(1.5 4.19907e-13 0)
(1.5 3.84816e-13 0)
(1.5 -3.26113e-14 0)
(1.5 -3.90292e-14 0)
(1.5 -5.80584e-14 0)
(1.5 -5.13349e-14 0)
(1.5 -7.34948e-14 0)
(1.5 -7.65196e-14 0)
(1.5 -3.07095e-14 0)
(1.5 -2.67672e-14 0)
(1.5 -4.24391e-14 0)
(1.5 -7.92057e-14 0)
(1.5 -8.65735e-14 0)
(1.5 -1.36258e-13 0)
(1.5 -2.11066e-13 0)
(1.5 -1.9814e-13 0)
(1.5 -1.46939e-13 0)
(1.5 -1.22703e-13 0)
(1.5 -4.03916e-14 0)
(1.5 -1.80685e-13 0)
(1.5 -1.95791e-13 0)
(1.5 -4.25204e-14 0)
(1.5 9.08654e-14 0)
(1.5 1.14964e-13 0)
(1.5 1.45289e-13 0)
(1.5 1.77326e-13 0)
(1.5 2.67044e-13 0)
(1.5 3.30654e-13 0)
(1.5 2.73495e-13 0)
(1.5 2.69957e-13 0)
(1.5 2.54209e-13 0)
(1.5 2.68843e-13 0)
(1.5 3.46713e-13 0)
(1.5 2.49965e-13 0)
(1.5 1.56351e-13 0)
(1.5 1.37334e-13 0)
(1.5 7.73908e-14 0)
(1.5 1.20569e-13 0)
(1.5 1.13415e-13 0)
(1.5 1.73016e-14 0)
(1.5 1.7916e-14 0)
(1.5 4.24104e-14 0)
(1.5 -3.28954e-14 0)
(1.5 -5.68231e-14 0)
(1.5 -8.95236e-14 0)
(1.5 -4.77821e-14 0)
(1.5 -1.34245e-14 0)
(1.5 -1.9912e-15 0)
(1.5 -1.01832e-14 0)
(1.5 3.82834e-14 0)
(1.5 5.26176e-14 0)
(1.5 3.19573e-14 0)
(1.5 6.30082e-14 0)
(1.5 7.3684e-14 0)
(1.5 8.43651e-14 0)
(1.5 1.62029e-14 0)
(1.5 8.16492e-14 0)
(1.5 1.527e-13 0)
(1.5 1.46281e-13 0)
(1.5 1.12736e-13 0)
(1.5 5.23579e-14 0)
(1.5 -3.6993e-14 0)
(1.5 -6.72078e-14 0)
(1.5 -1.63054e-14 0)
(1.5 -3.68035e-14 0)
(1.5 -3.34192e-14 0)
(1.5 -4.98803e-14 0)
(1.5 -6.41634e-14 0)
(1.5 -1.00809e-13 0)
(1.5 -6.02155e-14 0)
(1.5 -6.34638e-14 0)
(1.5 -5.54319e-14 0)
(1.5 -5.38251e-14 0)
(1.5 -4.27742e-14 0)
(1.5 -8.24097e-14 0)
(1.5 -1.04247e-13 0)
(1.5 1.17584e-14 0)
(1.5 1.31714e-13 0)
(1.5 1.91155e-13 0)
(1.5 9.12076e-14 0)
(1.5 7.51165e-14 0)
(1.5 1.75162e-13 0)
(1.5 1.9426e-13 0)
(1.5 1.86757e-13 0)
(1.5 9.34092e-14 0)
(1.5 7.31711e-14 0)
(1.5 1.13498e-13 0)
(1.5 1.31953e-13 0)
(1.5 1.64549e-13 0)
(1.5 1.33973e-13 0)
(1.5 1.78286e-13 0)
(1.5 2.29029e-13 0)
(1.5 1.60752e-13 0)
(1.5 3.73098e-14 0)
(1.5 -1.89591e-14 0)
(1.5 3.67421e-14 0)
(1.5 -2.82035e-14 0)
(1.5 -2.13459e-13 0)
(1.5 -3.3371e-13 0)
(1.5 -2.82123e-13 0)
(1.5 -2.00142e-13 0)
(1.5 -1.15335e-13 0)
(1.5 -8.40963e-14 0)
(1.5 1.5143e-13 0)
(1.5 3.16076e-13 0)
(1.5 3.17734e-13 0)
(1.5 2.3474e-13 0)
(1.5 1.92318e-13 0)
(1.5 1.70107e-13 0)
(1.5 1.14057e-13 0)
(1.5 7.40988e-14 0)
(1.5 -5.00356e-14 0)
(1.5 -1.08966e-13 0)
(1.5 -1.14491e-13 0)
(1.5 -1.35093e-13 0)
(1.5 -1.61282e-13 0)
(1.5 -1.86187e-13 0)
(1.5 -2.27073e-13 0)
(1.5 -3.3747e-13 0)
(1.5 -3.6952e-13 0)
(1.5 -3.35019e-13 0)
(1.5 -4.05949e-13 0)
(1.5 -4.11751e-13 0)
(1.5 -3.05379e-13 0)
(1.5 -2.22705e-13 0)
(1.5 -2.41588e-13 0)
(1.5 -3.00842e-13 0)
(1.5 -3.52942e-13 0)
(1.5 -2.89038e-13 0)
(1.5 -2.74328e-13 0)
(1.5 -2.52888e-13 0)
(1.5 -2.26972e-13 0)
(1.5 -2.67015e-13 0)
(1.5 -1.99577e-13 0)
(1.5 -1.91019e-13 0)
(1.5 -2.47447e-13 0)
(1.5 -2.88932e-13 0)
(1.5 -4.14806e-13 0)
(1.5 -3.0099e-13 0)
(1.5 -1.63191e-13 0)
(1.5 -9.13612e-14 0)
(1.5 6.1511e-14 0)
(1.5 2.26489e-13 0)
(1.5 4.05173e-13 0)
(1.5 6.62912e-13 0)
(1.5 7.21848e-13 0)
(1.5 8.10621e-13 0)
(1.5 7.77693e-13 0)
(1.5 7.90488e-13 0)
(1.5 8.8672e-13 0)
(1.5 7.75706e-13 0)
(1.5 6.4473e-13 0)
(1.5 5.50763e-13 0)
(1.5 3.60644e-13 0)
(1.5 1.42446e-13 0)
(1.5 -6.58592e-14 0)
(1.5 -1.93804e-13 0)
(1.5 -2.61366e-13 0)
(1.5 -3.0537e-13 0)
(1.5 -4.03977e-13 0)
(1.5 -3.41058e-13 0)
(1.5 -2.66271e-13 0)
(1.5 -2.34737e-13 0)
(1.5 -3.4026e-14 0)
(1.5 1.67629e-14 0)
(1.5 -3.29593e-14 0)
(1.5 -8.6788e-14 0)
(1.5 -2.39182e-14 0)
(1.5 -3.78537e-14 0)
(1.5 4.7811e-14 0)
(1.5 -4.39568e-14 0)
(1.5 2.91981e-14 0)
(1.5 5.44273e-14 0)
(1.5 1.25249e-13 0)
(1.5 2.79108e-13 0)
(1.5 3.4581e-13 0)
(1.5 4.58496e-13 0)
(1.5 5.77013e-13 0)
(1.5 6.72085e-13 0)
(1.5 6.08054e-13 0)
(1.5 5.63608e-13 0)
(1.5 7.21018e-13 0)
(1.5 7.33806e-13 0)
(1.5 7.71152e-13 0)
(1.5 6.77472e-13 0)
(1.5 4.78468e-13 0)
(1.5 5.60504e-13 0)
(1.5 6.07598e-13 0)
(1.5 5.60766e-13 0)
(1.5 4.70873e-13 0)
(1.5 4.35389e-13 0)
(1.5 4.0539e-13 0)
(1.5 3.98725e-13 0)
(1.5 3.6374e-13 0)
(1.5 2.81945e-13 0)
(1.5 3.68131e-13 0)
(1.5 3.80082e-13 0)
(1.5 3.68767e-13 0)
(1.5 3.77108e-13 0)
(1.5 3.80253e-13 0)
(1.5 4.39546e-13 0)
(1.5 5.21199e-13 0)
(1.5 -6.48415e-15 0)
(1.5 -9.97881e-14 0)
(1.5 -1.22188e-13 0)
(1.5 -9.12386e-14 0)
(1.5 -9.12671e-14 0)
(1.5 -1.92261e-14 0)
(1.5 3.77983e-14 0)
(1.5 -7.37248e-15 0)
(1.5 -2.96308e-14 0)
(1.5 5.52568e-15 0)
(1.5 3.92649e-14 0)
(1.5 6.84129e-15 0)
(1.5 -3.85556e-14 0)
(1.5 -2.24831e-15 0)
(1.5 -1.32049e-13 0)
(1.5 -1.8636e-13 0)
(1.5 -2.2518e-13 0)
(1.5 -2.21124e-13 0)
(1.5 -1.46098e-13 0)
(1.5 -4.86187e-15 0)
(1.5 6.60624e-14 0)
(1.5 1.36069e-13 0)
(1.5 1.67538e-13 0)
(1.5 2.2648e-13 0)
(1.5 3.64243e-13 0)
(1.5 3.86939e-13 0)
(1.5 3.16387e-13 0)
(1.5 2.38313e-13 0)
(1.5 2.60715e-13 0)
(1.5 3.28187e-13 0)
(1.5 3.46442e-13 0)
(1.5 2.47098e-13 0)
(1.5 1.22575e-13 0)
(1.5 9.05635e-14 0)
(1.5 3.00673e-14 0)
(1.5 6.12711e-14 0)
(1.5 2.17174e-15 0)
(1.5 -2.70696e-14 0)
(1.5 -9.84113e-14 0)
(1.5 -1.8503e-13 0)
(1.5 -1.28873e-13 0)
(1.5 -1.01221e-13 0)
(1.5 -4.89509e-14 0)
(1.5 4.35988e-14 0)
(1.5 5.25923e-14 0)
(1.5 8.62768e-14 0)
(1.5 6.9834e-14 0)
(1.5 1.04787e-13 0)
(1.5 1.36546e-13 0)
(1.5 4.50391e-14 0)
(1.5 3.05326e-14 0)
(1.5 5.45593e-14 0)
(1.5 1.12367e-13 0)
(1.5 7.93729e-14 0)
(1.5 1.26735e-13 0)
(1.5 1.7648e-13 0)
(1.5 1.93587e-13 0)
(1.5 1.62802e-13 0)
(1.5 9.77637e-14 0)
(1.5 8.321e-15 0)
(1.5 -4.60865e-14 0)
(1.5 -4.86468e-14 0)
(1.5 -9.30581e-15 0)
(1.5 -4.3969e-14 0)
(1.5 -1.89547e-14 0)
(1.5 -2.66444e-14 0)
(1.5 -8.00463e-14 0)
(1.5 -5.04742e-14 0)
(1.5 -3.483e-14 0)
(1.5 3.24558e-14 0)
(1.5 1.19861e-13 0)
(1.5 1.43365e-13 0)
(1.5 7.00693e-14 0)
(1.5 2.81021e-14 0)
(1.5 1.23713e-13 0)
(1.5 2.40179e-13 0)
(1.5 3.31173e-13 0)
(1.5 3.09167e-13 0)
(1.5 2.85007e-13 0)
(1.5 2.90629e-13 0)
(1.5 3.96843e-13 0)
(1.5 3.61732e-13 0)
(1.5 2.85082e-13 0)
(1.5 2.05397e-13 0)
(1.5 2.16979e-13 0)
(1.5 2.61586e-13 0)
(1.5 2.7949e-13 0)
(1.5 2.62257e-13 0)
(1.5 2.89193e-13 0)
(1.5 3.00406e-13 0)
(1.5 2.51499e-13 0)
(1.5 1.3923e-13 0)
(1.5 4.15889e-14 0)
(1.5 -6.71889e-14 0)
(1.5 -8.10942e-14 0)
(1.5 -1.29359e-13 0)
(1.5 -1.93536e-13 0)
(1.5 -2.23972e-13 0)
(1.5 -2.15396e-13 0)
(1.5 -5.43313e-14 0)
(1.5 4.21111e-14 0)
(1.5 2.22231e-13 0)
(1.5 3.36215e-13 0)
(1.5 3.81106e-13 0)
(1.5 3.39277e-13 0)
(1.5 2.47215e-13 0)
(1.5 1.83866e-13 0)
(1.5 9.01119e-14 0)
(1.5 -3.94149e-14 0)
(1.5 -5.64323e-14 0)
(1.5 -8.17732e-14 0)
(1.5 -5.47265e-14 0)
(1.5 -8.94288e-14 0)
(1.5 -1.46077e-13 0)
(1.5 -1.5888e-13 0)
(1.5 -2.83049e-13 0)
(1.5 -3.40937e-13 0)
(1.5 -4.15331e-13 0)
(1.5 -4.76572e-13 0)
(1.5 -4.45629e-13 0)
(1.5 -3.83217e-13 0)
(1.5 -3.292e-13 0)
(1.5 -2.53291e-13 0)
(1.5 -3.80361e-13 0)
(1.5 -4.18161e-13 0)
(1.5 -4.04715e-13 0)
(1.5 -3.96325e-13 0)
(1.5 -3.62839e-13 0)
(1.5 -2.72044e-13 0)
(1.5 -2.78777e-13 0)
(1.5 -2.79578e-13 0)
(1.5 -2.26391e-13 0)
(1.5 -3.19898e-13 0)
(1.5 -2.38339e-13 0)
(1.5 -2.31308e-13 0)
(1.5 -3.22965e-13 0)
(1.5 -2.2392e-13 0)
(1.5 -1.02854e-13 0)
(1.5 -5.91132e-14 0)
(1.5 2.44876e-14 0)
(1.5 1.47893e-13 0)
(1.5 3.09936e-13 0)
(1.5 4.57727e-13 0)
(1.5 5.24316e-13 0)
(1.5 6.13026e-13 0)
(1.5 6.72678e-13 0)
(1.5 6.91225e-13 0)
(1.5 6.52598e-13 0)
(1.5 5.7384e-13 0)
(1.5 4.71471e-13 0)
(1.5 4.3986e-13 0)
(1.5 3.48844e-13 0)
(1.5 1.16846e-13 0)
(1.5 -9.09023e-14 0)
(1.5 -2.40378e-13 0)
(1.5 -2.29117e-13 0)
(1.5 -2.60596e-13 0)
(1.5 -3.14511e-13 0)
(1.5 -2.42342e-13 0)
(1.5 -1.74801e-13 0)
(1.5 -1.0457e-13 0)
(1.5 1.05141e-13 0)
(1.5 1.627e-13 0)
(1.5 1.35301e-13 0)
(1.5 8.50087e-14 0)
(1.5 4.52017e-14 0)
(1.5 3.43025e-14 0)
(1.5 3.96335e-14 0)
(1.5 -1.9234e-14 0)
(1.5 -8.1604e-14 0)
(1.5 -1.97057e-14 0)
(1.5 9.32613e-14 0)
(1.5 1.719e-13 0)
(1.5 3.68362e-13 0)
(1.5 4.25532e-13 0)
(1.5 5.75558e-13 0)
(1.5 6.92459e-13 0)
(1.5 5.62547e-13 0)
(1.5 6.19407e-13 0)
(1.5 7.15762e-13 0)
(1.5 7.53442e-13 0)
(1.5 7.69494e-13 0)
(1.5 6.53908e-13 0)
(1.5 5.12152e-13 0)
(1.5 5.4028e-13 0)
(1.5 5.64784e-13 0)
(1.5 4.91059e-13 0)
(1.5 3.39666e-13 0)
(1.5 2.53259e-13 0)
(1.5 3.54513e-13 0)
(1.5 4.49772e-13 0)
(1.5 4.4154e-13 0)
(1.5 3.36435e-13 0)
(1.5 4.90867e-13 0)
(1.5 5.50692e-13 0)
(1.5 5.11905e-13 0)
(1.5 4.3439e-13 0)
(1.5 4.13542e-13 0)
(1.5 4.63143e-13 0)
(1.5 5.19253e-13 0)
(1.5 -2.38242e-14 0)
(1.5 -8.17302e-14 0)
(1.5 -1.11569e-13 0)
(1.5 -7.98713e-14 0)
(1.5 -3.79183e-14 0)
(1.5 1.05068e-13 0)
(1.5 1.74072e-13 0)
(1.5 1.8179e-13 0)
(1.5 1.83388e-13 0)
(1.5 1.73572e-13 0)
(1.5 1.71446e-13 0)
(1.5 1.78399e-13 0)
(1.5 2.08909e-13 0)
(1.5 1.51091e-13 0)
(1.5 1.10769e-14 0)
(1.5 -8.42131e-14 0)
(1.5 -2.07251e-13 0)
(1.5 -1.20009e-13 0)
(1.5 -8.32603e-14 0)
(1.5 1.28079e-14 0)
(1.5 1.03644e-13 0)
(1.5 1.61534e-13 0)
(1.5 2.55084e-13 0)
(1.5 2.96906e-13 0)
(1.5 4.02059e-13 0)
(1.5 3.83104e-13 0)
(1.5 3.42526e-13 0)
(1.5 3.35114e-13 0)
(1.5 3.2778e-13 0)
(1.5 3.86702e-13 0)
(1.5 2.84745e-13 0)
(1.5 2.5356e-13 0)
(1.5 2.19354e-13 0)
(1.5 1.56611e-13 0)
(1.5 6.38693e-14 0)
(1.5 1.07999e-14 0)
(1.5 -9.69858e-14 0)
(1.5 -1.20064e-13 0)
(1.5 -2.36457e-13 0)
(1.5 -3.20515e-13 0)
(1.5 -2.01942e-13 0)
(1.5 -1.05598e-13 0)
(1.5 -5.82323e-14 0)
(1.5 5.90772e-14 0)
(1.5 8.73943e-14 0)
(1.5 5.51867e-14 0)
(1.5 8.15995e-15 0)
(1.5 6.58367e-14 0)
(1.5 8.08468e-14 0)
(1.5 -1.92225e-14 0)
(1.5 -7.81502e-14 0)
(1.5 8.0795e-16 0)
(1.5 5.1267e-14 0)
(1.5 8.12965e-14 0)
(1.5 1.05055e-13 0)
(1.5 1.79752e-13 0)
(1.5 2.27035e-13 0)
(1.5 1.74727e-13 0)
(1.5 1.49625e-13 0)
(1.5 1.06545e-13 0)
(1.5 5.87011e-14 0)
(1.5 -1.28863e-14 0)
(1.5 -1.58121e-14 0)
(1.5 -7.72305e-14 0)
(1.5 -7.80877e-14 0)
(1.5 -4.5385e-14 0)
(1.5 -7.0633e-14 0)
(1.5 -3.52238e-14 0)
(1.5 -1.96509e-14 0)
(1.5 2.52886e-14 0)
(1.5 7.43145e-14 0)
(1.5 5.09203e-14 0)
(1.5 8.46323e-14 0)
(1.5 8.24314e-14 0)
(1.5 1.56298e-13 0)
(1.5 2.30853e-13 0)
(1.5 3.28857e-13 0)
(1.5 4.0385e-13 0)
(1.5 3.92326e-13 0)
(1.5 4.22287e-13 0)
(1.5 4.31776e-13 0)
(1.5 4.162e-13 0)
(1.5 4.60302e-13 0)
(1.5 3.99443e-13 0)
(1.5 2.46151e-13 0)
(1.5 2.08018e-13 0)
(1.5 1.94448e-13 0)
(1.5 3.28224e-13 0)
(1.5 3.3289e-13 0)
(1.5 2.8238e-13 0)
(1.5 4.02374e-13 0)
(1.5 3.74835e-13 0)
(1.5 2.65657e-13 0)
(1.5 2.1504e-14 0)
(1.5 1.08366e-14 0)
(1.5 8.95404e-14 0)
(1.5 3.96856e-14 0)
(1.5 1.05451e-14 0)
(1.5 -3.05157e-14 0)
(1.5 3.21657e-14 0)
(1.5 2.00991e-13 0)
(1.5 2.37144e-13 0)
(1.5 2.60837e-13 0)
(1.5 3.12046e-13 0)
(1.5 2.86111e-13 0)
(1.5 1.94888e-13 0)
(1.5 1.54211e-13 0)
(1.5 1.75974e-13 0)
(1.5 2.8617e-14 0)
(1.5 5.78244e-15 0)
(1.5 4.44567e-14 0)
(1.5 3.32575e-14 0)
(1.5 -7.99784e-15 0)
(1.5 -8.79394e-14 0)
(1.5 -1.56208e-13 0)
(1.5 -2.2448e-13 0)
(1.5 -2.42066e-13 0)
(1.5 -3.30166e-13 0)
(1.5 -4.69841e-13 0)
(1.5 -3.76959e-13 0)
(1.5 -3.08739e-13 0)
(1.5 -3.27136e-13 0)
(1.5 -3.32758e-13 0)
(1.5 -4.52237e-13 0)
(1.5 -5.03414e-13 0)
(1.5 -3.94374e-13 0)
(1.5 -4.1053e-13 0)
(1.5 -3.63255e-13 0)
(1.5 -3.7109e-13 0)
(1.5 -4.02481e-13 0)
(1.5 -3.7958e-13 0)
(1.5 -3.69295e-13 0)
(1.5 -4.09668e-13 0)
(1.5 -2.96362e-13 0)
(1.5 -2.58876e-13 0)
(1.5 -1.6857e-13 0)
(1.5 -5.50582e-14 0)
(1.5 -4.59761e-14 0)
(1.5 -2.81724e-14 0)
(1.5 -4.04887e-14 0)
(1.5 1.3341e-14 0)
(1.5 9.27454e-14 0)
(1.5 2.11411e-13 0)
(1.5 2.06518e-13 0)
(1.5 2.28788e-13 0)
(1.5 3.51278e-13 0)
(1.5 3.44294e-13 0)
(1.5 3.21812e-13 0)
(1.5 3.25699e-13 0)
(1.5 3.06597e-13 0)
(1.5 2.8086e-13 0)
(1.5 2.26873e-13 0)
(1.5 1.36165e-13 0)
(1.5 -9.23463e-15 0)
(1.5 -1.25082e-13 0)
(1.5 -6.41528e-14 0)
(1.5 -4.44386e-14 0)
(1.5 -6.51242e-15 0)
(1.5 1.03237e-14 0)
(1.5 5.1964e-14 0)
(1.5 9.2633e-14 0)
(1.5 1.68339e-13 0)
(1.5 3.00435e-13 0)
(1.5 3.94665e-13 0)
(1.5 3.93728e-13 0)
(1.5 3.04793e-13 0)
(1.5 2.81849e-13 0)
(1.5 1.55278e-13 0)
(1.5 1.5698e-13 0)
(1.5 7.40184e-14 0)
(1.5 1.81654e-13 0)
(1.5 2.70048e-13 0)
(1.5 3.35144e-13 0)
(1.5 4.87771e-13 0)
(1.5 5.59214e-13 0)
(1.5 6.72262e-13 0)
(1.5 6.35121e-13 0)
(1.5 6.15411e-13 0)
(1.5 7.45003e-13 0)
(1.5 7.33256e-13 0)
(1.5 7.83845e-13 0)
(1.5 7.92595e-13 0)
(1.5 7.61709e-13 0)
(1.5 7.40256e-13 0)
(1.5 6.2215e-13 0)
(1.5 5.01853e-13 0)
(1.5 3.84155e-13 0)
(1.5 2.67681e-13 0)
(1.5 2.57005e-13 0)
(1.5 3.8588e-13 0)
(1.5 4.52542e-13 0)
(1.5 4.70814e-13 0)
(1.5 4.91566e-13 0)
(1.5 5.84638e-13 0)
(1.5 6.12759e-13 0)
(1.5 7.23649e-13 0)
(1.5 6.59559e-13 0)
(1.5 6.13788e-13 0)
(1.5 5.11133e-13 0)
(1.5 4.77951e-13 0)
(1.5 -1.86359e-14 0)
(1.5 -1.62405e-14 0)
(1.5 -8.15911e-14 0)
(1.5 -1.18634e-13 0)
(1.5 -1.99513e-14 0)
(1.5 1.32337e-13 0)
(1.5 1.74859e-13 0)
(1.5 2.51626e-13 0)
(1.5 2.85555e-13 0)
(1.5 3.15698e-13 0)
(1.5 2.84618e-13 0)
(1.5 2.26542e-13 0)
(1.5 2.55466e-13 0)
(1.5 1.79928e-13 0)
(1.5 9.46434e-14 0)
(1.5 2.37325e-16 0)
(1.5 -9.50481e-14 0)
(1.5 -4.29768e-14 0)
(1.5 -5.83986e-14 0)
(1.5 -3.78474e-14 0)
(1.5 7.72858e-14 0)
(1.5 1.22006e-13 0)
(1.5 2.53336e-13 0)
(1.5 3.06636e-13 0)
(1.5 3.73913e-13 0)
(1.5 4.25334e-13 0)
(1.5 3.88893e-13 0)
(1.5 3.95845e-13 0)
(1.5 3.73346e-13 0)
(1.5 3.72096e-13 0)
(1.5 2.62844e-13 0)
(1.5 2.0926e-13 0)
(1.5 2.16667e-13 0)
(1.5 1.48452e-13 0)
(1.5 5.2295e-14 0)
(1.5 -2.15751e-14 0)
(1.5 -1.50683e-13 0)
(1.5 -1.62682e-13 0)
(1.5 -2.81605e-13 0)
(1.5 -2.42043e-13 0)
(1.5 -2.14814e-13 0)
(1.5 -1.56794e-13 0)
(1.5 -1.49956e-13 0)
(1.5 -8.36297e-14 0)
(1.5 3.00639e-14 0)
(1.5 -4.03425e-15 0)
(1.5 -5.78431e-14 0)
(1.5 -8.68954e-14 0)
(1.5 -1.07817e-13 0)
(1.5 -1.57375e-13 0)
(1.5 -1.85111e-13 0)
(1.5 -1.51729e-13 0)
(1.5 -1.31014e-13 0)
(1.5 -4.82678e-14 0)
(1.5 -3.0353e-14 0)
(1.5 9.12212e-14 0)
(1.5 1.71534e-13 0)
(1.5 1.1762e-13 0)
(1.5 1.06521e-13 0)
(1.5 1.23726e-13 0)
(1.5 1.37361e-13 0)
(1.5 4.73007e-14 0)
(1.5 -1.82998e-15 0)
(1.5 -4.62192e-14 0)
(1.5 -7.11634e-14 0)
(1.5 -4.56761e-14 0)
(1.5 -7.48694e-14 0)
(1.5 -2.32389e-14 0)
(1.5 -4.22788e-14 0)
(1.5 -5.46411e-14 0)
(1.5 -6.16377e-15 0)
(1.5 -3.78159e-14 0)
(1.5 5.74453e-14 0)
(1.5 1.14403e-13 0)
(1.5 2.04722e-13 0)
(1.5 2.36251e-13 0)
(1.5 3.0929e-13 0)
(1.5 4.30391e-13 0)
(1.5 4.50277e-13 0)
(1.5 5.00588e-13 0)
(1.5 4.72033e-13 0)
(1.5 4.68368e-13 0)
(1.5 4.97914e-13 0)
(1.5 4.61698e-13 0)
(1.5 2.73266e-13 0)
(1.5 1.60286e-13 0)
(1.5 8.71202e-14 0)
(1.5 2.81835e-13 0)
(1.5 3.2676e-13 0)
(1.5 2.99848e-13 0)
(1.5 4.77577e-13 0)
(1.5 5.34214e-13 0)
(1.5 4.87021e-13 0)
(1.5 2.79709e-13 0)
(1.5 2.18466e-13 0)
(1.5 2.45965e-13 0)
(1.5 1.88676e-13 0)
(1.5 1.64089e-13 0)
(1.5 1.61773e-13 0)
(1.5 1.1594e-13 0)
(1.5 2.17535e-13 0)
(1.5 1.9749e-13 0)
(1.5 1.88597e-13 0)
(1.5 1.96885e-13 0)
(1.5 1.71575e-13 0)
(1.5 1.73555e-13 0)
(1.5 1.31568e-13 0)
(1.5 1.97938e-13 0)
(1.5 1.42424e-13 0)
(1.5 7.0638e-14 0)
(1.5 1.17418e-13 0)
(1.5 9.99572e-14 0)
(1.5 4.03227e-14 0)
(1.5 -7.24467e-14 0)
(1.5 -2.09463e-13 0)
(1.5 -2.63774e-13 0)
(1.5 -3.14466e-13 0)
(1.5 -3.50638e-13 0)
(1.5 -4.03036e-13 0)
(1.5 -3.46414e-13 0)
(1.5 -2.89654e-13 0)
(1.5 -3.00007e-13 0)
(1.5 -3.59882e-13 0)
(1.5 -4.66345e-13 0)
(1.5 -4.73698e-13 0)
(1.5 -3.56874e-13 0)
(1.5 -3.77104e-13 0)
(1.5 -3.09394e-13 0)
(1.5 -3.20853e-13 0)
(1.5 -3.81604e-13 0)
(1.5 -4.11462e-13 0)
(1.5 -3.82052e-13 0)
(1.5 -3.0345e-13 0)
(1.5 -2.41057e-13 0)
(1.5 -2.07253e-13 0)
(1.5 -6.26892e-14 0)
(1.5 8.91138e-14 0)
(1.5 1.27414e-14 0)
(1.5 -1.77753e-14 0)
(1.5 -7.71085e-14 0)
(1.5 -1.12795e-13 0)
(1.5 -1.05253e-13 0)
(1.5 1.15234e-14 0)
(1.5 3.92942e-14 0)
(1.5 6.7783e-14 0)
(1.5 9.39576e-14 0)
(1.5 7.06702e-14 0)
(1.5 1.136e-13 0)
(1.5 1.58138e-13 0)
(1.5 1.50476e-13 0)
(1.5 1.66934e-13 0)
(1.5 1.49735e-13 0)
(1.5 1.47759e-13 0)
(1.5 1.21488e-13 0)
(1.5 1.33838e-13 0)
(1.5 1.78405e-13 0)
(1.5 1.80491e-13 0)
(1.5 2.4593e-13 0)
(1.5 2.15419e-13 0)
(1.5 1.68979e-13 0)
(1.5 1.43759e-13 0)
(1.5 1.10172e-13 0)
(1.5 2.54638e-13 0)
(1.5 3.81855e-13 0)
(1.5 3.9113e-13 0)
(1.5 4.07762e-13 0)
(1.5 3.94413e-13 0)
(1.5 1.98582e-13 0)
(1.5 1.99011e-13 0)
(1.5 2.71611e-13 0)
(1.5 3.69002e-13 0)
(1.5 4.26335e-13 0)
(1.5 5.04518e-13 0)
(1.5 5.51096e-13 0)
(1.5 6.62328e-13 0)
(1.5 6.26757e-13 0)
(1.5 6.0437e-13 0)
(1.5 6.90136e-13 0)
(1.5 7.63133e-13 0)
(1.5 7.46868e-13 0)
(1.5 7.80662e-13 0)
(1.5 7.07581e-13 0)
(1.5 7.2803e-13 0)
(1.5 8.14576e-13 0)
(1.5 7.32891e-13 0)
(1.5 6.24094e-13 0)
(1.5 4.92334e-13 0)
(1.5 4.9538e-13 0)
(1.5 5.27146e-13 0)
(1.5 4.48857e-13 0)
(1.5 3.71088e-13 0)
(1.5 3.73388e-13 0)
(1.5 5.70575e-13 0)
(1.5 6.78037e-13 0)
(1.5 6.8244e-13 0)
(1.5 8.15102e-13 0)
(1.5 8.63707e-13 0)
(1.5 8.48335e-13 0)
(1.5 6.8545e-13 0)
(1.5 5.79804e-13 0)
(1.5 -1.83809e-14 0)
(1.5 -4.44967e-14 0)
(1.5 -6.1502e-14 0)
(1.5 -1.116e-13 0)
(1.5 -7.08245e-14 0)
(1.5 3.76222e-14 0)
(1.5 7.52104e-14 0)
(1.5 1.49368e-13 0)
(1.5 2.353e-13 0)
(1.5 3.11611e-13 0)
(1.5 2.28318e-13 0)
(1.5 1.69357e-13 0)
(1.5 1.43593e-13 0)
(1.5 1.13605e-13 0)
(1.5 8.30513e-14 0)
(1.5 3.73119e-14 0)
(1.5 -1.84906e-14 0)
(1.5 -3.20127e-14 0)
(1.5 -2.89462e-14 0)
(1.5 1.27511e-14 0)
(1.5 5.00266e-14 0)
(1.5 7.68247e-14 0)
(1.5 1.71596e-13 0)
(1.5 2.58871e-13 0)
(1.5 3.02643e-13 0)
(1.5 3.62024e-13 0)
(1.5 3.35282e-13 0)
(1.5 3.8044e-13 0)
(1.5 3.81246e-13 0)
(1.5 3.4309e-13 0)
(1.5 2.92119e-13 0)
(1.5 2.29536e-13 0)
(1.5 1.81283e-13 0)
(1.5 1.52511e-13 0)
(1.5 5.67143e-14 0)
(1.5 -4.43559e-14 0)
(1.5 -1.06085e-13 0)
(1.5 -8.42628e-14 0)
(1.5 -1.49917e-13 0)
(1.5 -1.68482e-13 0)
(1.5 -1.78414e-13 0)
(1.5 -1.82623e-13 0)
(1.5 -1.83317e-13 0)
(1.5 -1.85588e-13 0)
(1.5 -1.10345e-13 0)
(1.5 -3.12944e-14 0)
(1.5 -3.18062e-15 0)
(1.5 -9.8961e-14 0)
(1.5 -1.74892e-13 0)
(1.5 -1.55461e-13 0)
(1.5 -1.66046e-13 0)
(1.5 -1.86241e-13 0)
(1.5 -1.99484e-13 0)
(1.5 -1.10921e-13 0)
(1.5 -6.29387e-14 0)
(1.5 7.76195e-15 0)
(1.5 4.78092e-14 0)
(1.5 4.40136e-14 0)
(1.5 6.06922e-14 0)
(1.5 8.02501e-14 0)
(1.5 1.45488e-13 0)
(1.5 1.28123e-13 0)
(1.5 1.05107e-13 0)
(1.5 7.35112e-14 0)
(1.5 4.98327e-14 0)
(1.5 1.13816e-14 0)
(1.5 3.60005e-14 0)
(1.5 3.78098e-14 0)
(1.5 5.30864e-14 0)
(1.5 -1.13055e-14 0)
(1.5 -4.63279e-14 0)
(1.5 -2.19829e-14 0)
(1.5 7.17651e-14 0)
(1.5 1.19265e-13 0)
(1.5 1.72349e-13 0)
(1.5 2.2547e-13 0)
(1.5 2.4129e-13 0)
(1.5 3.87501e-13 0)
(1.5 4.61256e-13 0)
(1.5 4.33922e-13 0)
(1.5 3.98925e-13 0)
(1.5 3.54067e-13 0)
(1.5 3.89408e-13 0)
(1.5 3.72777e-13 0)
(1.5 2.8749e-13 0)
(1.5 1.91872e-13 0)
(1.5 1.72264e-13 0)
(1.5 2.62749e-13 0)
(1.5 3.28467e-13 0)
(1.5 3.5177e-13 0)
(1.5 4.31619e-13 0)
(1.5 4.67073e-13 0)
(1.5 4.79253e-13 0)
(1.5 4.36177e-13 0)
(1.5 4.12283e-13 0)
(1.5 4.28702e-13 0)
(1.5 4.15995e-13 0)
(1.5 3.20425e-13 0)
(1.5 2.2891e-13 0)
(1.5 1.94242e-13 0)
(1.5 2.1767e-13 0)
(1.5 2.48918e-13 0)
(1.5 2.35006e-13 0)
(1.5 1.36427e-13 0)
(1.5 1.55739e-13 0)
(1.5 1.94579e-13 0)
(1.5 1.40173e-13 0)
(1.5 1.5994e-13 0)
(1.5 1.39458e-13 0)
(1.5 1.08604e-13 0)
(1.5 1.03169e-13 0)
(1.5 4.52945e-14 0)
(1.5 -8.82167e-15 0)
(1.5 -1.0119e-13 0)
(1.5 -1.95289e-13 0)
(1.5 -3.24795e-13 0)
(1.5 -4.55003e-13 0)
(1.5 -4.36889e-13 0)
(1.5 -3.586e-13 0)
(1.5 -2.66301e-13 0)
(1.5 -2.08721e-13 0)
(1.5 -2.44577e-13 0)
(1.5 -3.01351e-13 0)
(1.5 -4.22697e-13 0)
(1.5 -3.99629e-13 0)
(1.5 -3.80697e-13 0)
(1.5 -4.33164e-13 0)
(1.5 -3.01282e-13 0)
(1.5 -2.54923e-13 0)
(1.5 -2.83489e-13 0)
(1.5 -2.4248e-13 0)
(1.5 -1.80765e-13 0)
(1.5 -5.76048e-14 0)
(1.5 -4.5441e-14 0)
(1.5 2.75816e-14 0)
(1.5 1.32875e-13 0)
(1.5 1.77904e-13 0)
(1.5 1.90286e-13 0)
(1.5 1.40625e-13 0)
(1.5 7.20287e-14 0)
(1.5 -3.95467e-14 0)
(1.5 -7.9074e-14 0)
(1.5 -1.20255e-13 0)
(1.5 -4.52428e-14 0)
(1.5 3.97149e-15 0)
(1.5 -4.23524e-14 0)
(1.5 -3.70263e-14 0)
(1.5 -6.24862e-14 0)
(1.5 7.27686e-15 0)
(1.5 4.57119e-14 0)
(1.5 8.34968e-14 0)
(1.5 1.71159e-13 0)
(1.5 1.73311e-13 0)
(1.5 2.61734e-13 0)
(1.5 4.01179e-13 0)
(1.5 4.82576e-13 0)
(1.5 4.32263e-13 0)
(1.5 3.76814e-13 0)
(1.5 3.32264e-13 0)
(1.5 2.25691e-13 0)
(1.5 1.25881e-13 0)
(1.5 4.96682e-14 0)
(1.5 1.24094e-13 0)
(1.5 2.80948e-13 0)
(1.5 3.57338e-13 0)
(1.5 4.17617e-13 0)
(1.5 3.60632e-13 0)
(1.5 2.65199e-13 0)
(1.5 3.20295e-13 0)
(1.5 4.32692e-13 0)
(1.5 4.94679e-13 0)
(1.5 5.39669e-13 0)
(1.5 6.17603e-13 0)
(1.5 6.01316e-13 0)
(1.5 6.22875e-13 0)
(1.5 5.19743e-13 0)
(1.5 5.32907e-13 0)
(1.5 5.81332e-13 0)
(1.5 6.16823e-13 0)
(1.5 6.42132e-13 0)
(1.5 6.80401e-13 0)
(1.5 6.38991e-13 0)
(1.5 6.71203e-13 0)
(1.5 7.64742e-13 0)
(1.5 7.81608e-13 0)
(1.5 7.53465e-13 0)
(1.5 6.71407e-13 0)
(1.5 7.06731e-13 0)
(1.5 7.45581e-13 0)
(1.5 6.14431e-13 0)
(1.5 4.68896e-13 0)
(1.5 4.24901e-13 0)
(1.5 6.91917e-13 0)
(1.5 7.9156e-13 0)
(1.5 7.91462e-13 0)
(1.5 8.33524e-13 0)
(1.5 9.67626e-13 0)
(1.5 1.00039e-12 0)
(1.5 8.6197e-13 0)
(1.5 7.01178e-13 0)
(1.5 -3.18236e-15 0)
(1.5 -7.69673e-14 0)
(1.5 -9.71674e-14 0)
(1.5 -1.29843e-13 0)
(1.5 -1.30135e-13 0)
(1.5 -6.17716e-14 0)
(1.5 1.11756e-14 0)
(1.5 7.68482e-14 0)
(1.5 1.74728e-13 0)
(1.5 2.2645e-13 0)
(1.5 2.33498e-13 0)
(1.5 1.56213e-13 0)
(1.5 1.02547e-13 0)
(1.5 9.32694e-14 0)
(1.5 1.25691e-13 0)
(1.5 1.30729e-13 0)
(1.5 9.92594e-14 0)
(1.5 5.12256e-14 0)
(1.5 6.67526e-14 0)
(1.5 1.1259e-13 0)
(1.5 5.2907e-14 0)
(1.5 7.05392e-14 0)
(1.5 9.73238e-14 0)
(1.5 1.83675e-13 0)
(1.5 2.00595e-13 0)
(1.5 2.08967e-13 0)
(1.5 2.38403e-13 0)
(1.5 3.0169e-13 0)
(1.5 3.663e-13 0)
(1.5 3.1553e-13 0)
(1.5 2.9197e-13 0)
(1.5 2.28011e-13 0)
(1.5 1.56189e-13 0)
(1.5 8.37103e-14 0)
(1.5 2.51048e-14 0)
(1.5 -4.04232e-14 0)
(1.5 -5.9683e-14 0)
(1.5 -8.60132e-14 0)
(1.5 -4.95371e-14 0)
(1.5 -1.59139e-13 0)
(1.5 -1.85774e-13 0)
(1.5 -2.42269e-13 0)
(1.5 -2.05708e-13 0)
(1.5 -2.41939e-13 0)
(1.5 -2.75377e-13 0)
(1.5 -2.01539e-13 0)
(1.5 -1.42591e-13 0)
(1.5 -1.22628e-13 0)
(1.5 -1.22628e-13 0)
(1.5 -9.35341e-14 0)
(1.5 -8.19781e-14 0)
(1.5 -1.2561e-13 0)
(1.5 -1.43895e-13 0)
(1.5 -1.23412e-13 0)
(1.5 -8.81203e-14 0)
(1.5 -1.1751e-13 0)
(1.5 -1.0509e-13 0)
(1.5 -4.5655e-14 0)
(1.5 -7.02634e-15 0)
(1.5 -1.77667e-14 0)
(1.5 2.55077e-14 0)
(1.5 5.73954e-14 0)
(1.5 4.64024e-14 0)
(1.5 2.21874e-14 0)
(1.5 6.36502e-14 0)
(1.5 5.14545e-14 0)
(1.5 6.41069e-14 0)
(1.5 4.07574e-14 0)
(1.5 5.93393e-14 0)
(1.5 7.29624e-14 0)
(1.5 1.24823e-14 0)
(1.5 7.99282e-14 0)
(1.5 1.2506e-13 0)
(1.5 1.70367e-13 0)
(1.5 1.87204e-13 0)
(1.5 2.54373e-13 0)
(1.5 2.52206e-13 0)
(1.5 3.00664e-13 0)
(1.5 3.60267e-13 0)
(1.5 3.37501e-13 0)
(1.5 3.15775e-13 0)
(1.5 2.93083e-13 0)
(1.5 3.67255e-13 0)
(1.5 3.74902e-13 0)
(1.5 2.72245e-13 0)
(1.5 2.80268e-13 0)
(1.5 2.95127e-13 0)
(1.5 3.05337e-13 0)
(1.5 3.39631e-13 0)
(1.5 3.87892e-13 0)
(1.5 3.14152e-13 0)
(1.5 3.37093e-13 0)
(1.5 3.69477e-13 0)
(1.5 4.6496e-13 0)
(1.5 4.73911e-13 0)
(1.5 4.58022e-13 0)
(1.5 4.50458e-13 0)
(1.5 3.39133e-13 0)
(1.5 2.88439e-13 0)
(1.5 3.48093e-13 0)
(1.5 3.04731e-13 0)
(1.5 2.75245e-13 0)
(1.5 2.18686e-13 0)
(1.5 1.62892e-13 0)
(1.5 2.61887e-13 0)
(1.5 3.04151e-13 0)
(1.5 2.73734e-13 0)
(1.5 2.40396e-13 0)
(1.5 1.4009e-13 0)
(1.5 1.35578e-13 0)
(1.5 6.52005e-14 0)
(1.5 -2.29843e-14 0)
(1.5 -9.01074e-14 0)
(1.5 -1.33371e-13 0)
(1.5 -1.52049e-13 0)
(1.5 -2.90561e-13 0)
(1.5 -4.13563e-13 0)
(1.5 -3.82713e-13 0)
(1.5 -3.31163e-13 0)
(1.5 -2.67483e-13 0)
(1.5 -2.64549e-13 0)
(1.5 -3.22114e-13 0)
(1.5 -3.41476e-13 0)
(1.5 -3.29734e-13 0)
(1.5 -3.2086e-13 0)
(1.5 -3.28749e-13 0)
(1.5 -3.83932e-13 0)
(1.5 -3.19227e-13 0)
(1.5 -2.8885e-13 0)
(1.5 -2.40176e-13 0)
(1.5 -1.65764e-13 0)
(1.5 -1.63585e-13 0)
(1.5 1.16842e-14 0)
(1.5 1.57648e-14 0)
(1.5 7.00786e-14 0)
(1.5 1.52438e-13 0)
(1.5 1.46783e-13 0)
(1.5 1.93802e-13 0)
(1.5 1.57363e-13 0)
(1.5 1.35336e-13 0)
(1.5 6.82159e-14 0)
(1.5 -8.99297e-14 0)
(1.5 -3.12232e-13 0)
(1.5 -2.57407e-13 0)
(1.5 -1.80576e-13 0)
(1.5 -1.66205e-13 0)
(1.5 -1.06351e-13 0)
(1.5 -2.46924e-13 0)
(1.5 -2.31256e-13 0)
(1.5 -1.08322e-13 0)
(1.5 -6.95045e-14 0)
(1.5 8.63223e-14 0)
(1.5 2.45813e-13 0)
(1.5 3.7894e-13 0)
(1.5 5.12481e-13 0)
(1.5 5.82341e-13 0)
(1.5 5.70898e-13 0)
(1.5 4.47201e-13 0)
(1.5 2.94546e-13 0)
(1.5 2.11767e-13 0)
(1.5 1.06567e-13 0)
(1.5 5.87189e-14 0)
(1.5 1.18257e-13 0)
(1.5 2.01365e-13 0)
(1.5 3.0741e-13 0)
(1.5 3.12744e-13 0)
(1.5 2.84032e-13 0)
(1.5 3.76867e-13 0)
(1.5 4.95753e-13 0)
(1.5 5.06983e-13 0)
(1.5 4.58308e-13 0)
(1.5 4.57284e-13 0)
(1.5 5.31005e-13 0)
(1.5 4.99381e-13 0)
(1.5 5.26294e-13 0)
(1.5 4.85198e-13 0)
(1.5 4.53806e-13 0)
(1.5 5.24674e-13 0)
(1.5 4.8427e-13 0)
(1.5 4.83272e-13 0)
(1.5 5.83837e-13 0)
(1.5 6.34382e-13 0)
(1.5 6.89202e-13 0)
(1.5 7.86511e-13 0)
(1.5 8.30673e-13 0)
(1.5 7.90789e-13 0)
(1.5 7.24191e-13 0)
(1.5 7.93166e-13 0)
(1.5 7.65502e-13 0)
(1.5 7.08292e-13 0)
(1.5 6.63065e-13 0)
(1.5 5.86428e-13 0)
(1.5 6.50787e-13 0)
(1.5 6.9353e-13 0)
(1.5 7.15174e-13 0)
(1.5 6.94325e-13 0)
(1.5 7.50986e-13 0)
(1.5 8.30413e-13 0)
(1.5 7.7828e-13 0)
(1.5 7.04881e-13 0)
(1.5 2.85062e-14 0)
(1.5 -2.90492e-14 0)
(1.5 -7.708e-14 0)
(1.5 -1.5645e-13 0)
(1.5 -1.69698e-13 0)
(1.5 -7.66153e-14 0)
(1.5 1.10212e-14 0)
(1.5 9.87567e-14 0)
(1.5 1.0896e-13 0)
(1.5 1.88552e-13 0)
(1.5 2.36829e-13 0)
(1.5 1.74754e-13 0)
(1.5 1.71864e-13 0)
(1.5 2.10931e-13 0)
(1.5 2.47903e-13 0)
(1.5 2.64164e-13 0)
(1.5 2.20326e-13 0)
(1.5 1.95698e-13 0)
(1.5 2.04217e-13 0)
(1.5 1.45687e-13 0)
(1.5 9.28064e-14 0)
(1.5 6.02147e-14 0)
(1.5 7.78258e-14 0)
(1.5 1.56303e-13 0)
(1.5 1.78868e-13 0)
(1.5 1.72897e-13 0)
(1.5 2.04093e-13 0)
(1.5 2.15197e-13 0)
(1.5 2.72891e-13 0)
(1.5 2.90234e-13 0)
(1.5 2.89684e-13 0)
(1.5 2.76154e-13 0)
(1.5 1.91214e-13 0)
(1.5 1.22836e-13 0)
(1.5 8.83e-14 0)
(1.5 4.90692e-14 0)
(1.5 6.47752e-14 0)
(1.5 -1.86011e-14 0)
(1.5 4.44054e-15 0)
(1.5 -8.83029e-14 0)
(1.5 -1.48112e-13 0)
(1.5 -1.87976e-13 0)
(1.5 -1.21124e-13 0)
(1.5 -1.7394e-13 0)
(1.5 -2.69226e-13 0)
(1.5 -2.72989e-13 0)
(1.5 -2.45711e-13 0)
(1.5 -1.71165e-13 0)
(1.5 -4.11684e-14 0)
(1.5 -3.685e-14 0)
(1.5 2.4199e-15 0)
(1.5 -4.80049e-14 0)
(1.5 -8.64625e-14 0)
(1.5 -1.39455e-13 0)
(1.5 -1.26436e-13 0)
(1.5 -1.63234e-13 0)
(1.5 -1.59746e-13 0)
(1.5 -5.27052e-14 0)
(1.5 2.29119e-14 0)
(1.5 -6.84987e-15 0)
(1.5 -3.37726e-14 0)
(1.5 -1.89224e-14 0)
(1.5 2.80687e-14 0)
(1.5 4.92064e-14 0)
(1.5 1.02889e-13 0)
(1.5 1.36729e-13 0)
(1.5 1.34528e-13 0)
(1.5 7.12507e-14 0)
(1.5 6.37396e-14 0)
(1.5 9.69931e-14 0)
(1.5 1.08788e-13 0)
(1.5 1.62995e-13 0)
(1.5 1.61507e-13 0)
(1.5 2.34692e-13 0)
(1.5 2.87391e-13 0)
(1.5 3.15782e-13 0)
(1.5 3.92223e-13 0)
(1.5 3.68196e-13 0)
(1.5 3.44782e-13 0)
(1.5 3.94116e-13 0)
(1.5 4.48055e-13 0)
(1.5 3.98962e-13 0)
(1.5 3.60402e-13 0)
(1.5 3.70569e-13 0)
(1.5 3.59887e-13 0)
(1.5 4.30069e-13 0)
(1.5 4.57953e-13 0)
(1.5 4.02588e-13 0)
(1.5 3.83444e-13 0)
(1.5 4.10503e-13 0)
(1.5 2.61727e-13 0)
(1.5 1.93255e-13 0)
(1.5 2.10537e-13 0)
(1.5 3.15164e-13 0)
(1.5 3.19688e-13 0)
(1.5 3.05455e-13 0)
(1.5 3.51296e-13 0)
(1.5 2.98966e-13 0)
(1.5 3.11672e-13 0)
(1.5 3.94141e-13 0)
(1.5 3.51732e-13 0)
(1.5 2.32694e-13 0)
(1.5 1.34163e-13 0)
(1.5 1.31545e-13 0)
(1.5 2.45735e-13 0)
(1.5 3.69231e-13 0)
(1.5 3.50128e-13 0)
(1.5 2.27038e-13 0)
(1.5 1.64323e-13 0)
(1.5 1.123e-13 0)
(1.5 3.04528e-14 0)
(1.5 -5.18589e-14 0)
(1.5 -1.47459e-13 0)
(1.5 -2.14926e-13 0)
(1.5 -1.99288e-13 0)
(1.5 -2.32702e-13 0)
(1.5 -2.65735e-13 0)
(1.5 -2.59569e-13 0)
(1.5 -2.54904e-13 0)
(1.5 -2.84671e-13 0)
(1.5 -3.08297e-13 0)
(1.5 -3.21762e-13 0)
(1.5 -3.99202e-13 0)
(1.5 -3.69942e-13 0)
(1.5 -3.76111e-13 0)
(1.5 -3.97845e-13 0)
(1.5 -4.01768e-13 0)
(1.5 -4.4029e-13 0)
(1.5 -4.01978e-13 0)
(1.5 -3.17065e-13 0)
(1.5 -2.67071e-13 0)
(1.5 -2.87961e-13 0)
(1.5 -8.26853e-14 0)
(1.5 3.56062e-14 0)
(1.5 2.07751e-14 0)
(1.5 9.53212e-15 0)
(1.5 -5.09866e-14 0)
(1.5 5.01331e-14 0)
(1.5 7.74424e-14 0)
(1.5 6.30717e-14 0)
(1.5 3.30538e-14 0)
(1.5 -1.79254e-13 0)
(1.5 -4.541e-13 0)
(1.5 -4.53206e-13 0)
(1.5 -3.2721e-13 0)
(1.5 -1.70675e-13 0)
(1.5 -1.71267e-13 0)
(1.5 -2.7084e-13 0)
(1.5 -2.60703e-13 0)
(1.5 -2.29906e-13 0)
(1.5 -1.69418e-13 0)
(1.5 -3.77796e-14 0)
(1.5 2.5351e-13 0)
(1.5 3.90283e-13 0)
(1.5 3.71579e-13 0)
(1.5 3.55423e-13 0)
(1.5 3.18655e-13 0)
(1.5 2.48581e-13 0)
(1.5 9.21529e-14 0)
(1.5 6.75793e-14 0)
(1.5 4.04097e-14 0)
(1.5 -2.37992e-14 0)
(1.5 3.2412e-14 0)
(1.5 1.0626e-13 0)
(1.5 1.99993e-13 0)
(1.5 2.97192e-13 0)
(1.5 3.8079e-13 0)
(1.5 5.09962e-13 0)
(1.5 5.75914e-13 0)
(1.5 4.82579e-13 0)
(1.5 3.89988e-13 0)
(1.5 3.08483e-13 0)
(1.5 3.31196e-13 0)
(1.5 2.7258e-13 0)
(1.5 2.98883e-13 0)
(1.5 3.23667e-13 0)
(1.5 3.08859e-13 0)
(1.5 4.02937e-13 0)
(1.5 4.21439e-13 0)
(1.5 4.13174e-13 0)
(1.5 4.47202e-13 0)
(1.5 5.1208e-13 0)
(1.5 5.90106e-13 0)
(1.5 6.71385e-13 0)
(1.5 7.2628e-13 0)
(1.5 6.98871e-13 0)
(1.5 6.43128e-13 0)
(1.5 7.37824e-13 0)
(1.5 7.11723e-13 0)
(1.5 5.82946e-13 0)
(1.5 5.60063e-13 0)
(1.5 5.35249e-13 0)
(1.5 4.93813e-13 0)
(1.5 4.78333e-13 0)
(1.5 4.99329e-13 0)
(1.5 4.94975e-13 0)
(1.5 4.87061e-13 0)
(1.5 5.58878e-13 0)
(1.5 6.24701e-13 0)
(1.5 6.39327e-13 0)
(1.5 6.86123e-15 0)
(1.5 4.7008e-14 0)
(1.5 -3.18237e-14 0)
(1.5 -1.84349e-13 0)
(1.5 -1.83465e-13 0)
(1.5 -1.23355e-13 0)
(1.5 -5.14338e-14 0)
(1.5 1.25588e-14 0)
(1.5 2.93116e-14 0)
(1.5 1.41476e-13 0)
(1.5 1.88732e-13 0)
(1.5 1.70873e-13 0)
(1.5 1.93667e-13 0)
(1.5 2.2376e-13 0)
(1.5 2.17965e-13 0)
(1.5 2.60133e-13 0)
(1.5 3.02069e-13 0)
(1.5 2.22716e-13 0)
(1.5 1.6439e-13 0)
(1.5 5.9926e-14 0)
(1.5 5.18922e-14 0)
(1.5 2.55025e-14 0)
(1.5 3.49253e-14 0)
(1.5 1.35058e-13 0)
(1.5 1.45154e-13 0)
(1.5 1.15676e-13 0)
(1.5 1.55893e-13 0)
(1.5 1.63146e-13 0)
(1.5 1.40828e-13 0)
(1.5 1.98805e-13 0)
(1.5 2.38286e-13 0)
(1.5 3.06262e-13 0)
(1.5 3.02188e-13 0)
(1.5 2.34282e-13 0)
(1.5 1.52082e-13 0)
(1.5 6.54833e-14 0)
(1.5 1.0147e-13 0)
(1.5 1.81145e-14 0)
(1.5 -3.89153e-14 0)
(1.5 -6.16845e-14 0)
(1.5 -1.02759e-13 0)
(1.5 -1.00928e-13 0)
(1.5 -9.73975e-14 0)
(1.5 -1.25099e-13 0)
(1.5 -2.15946e-13 0)
(1.5 -2.48614e-13 0)
(1.5 -2.05273e-13 0)
(1.5 -1.45748e-13 0)
(1.5 -4.57653e-14 0)
(1.5 -2.41848e-14 0)
(1.5 -1.51725e-14 0)
(1.5 -2.17175e-14 0)
(1.5 -1.49637e-14 0)
(1.5 -3.67986e-14 0)
(1.5 -7.1108e-14 0)
(1.5 -1.13756e-13 0)
(1.5 -8.45979e-14 0)
(1.5 -4.56811e-14 0)
(1.5 3.8564e-14 0)
(1.5 4.92109e-14 0)
(1.5 2.46154e-14 0)
(1.5 6.55405e-14 0)
(1.5 7.81296e-14 0)
(1.5 9.82962e-14 0)
(1.5 1.0624e-13 0)
(1.5 1.43483e-13 0)
(1.5 1.74281e-13 0)
(1.5 1.53068e-13 0)
(1.5 1.39852e-13 0)
(1.5 8.97982e-14 0)
(1.5 1.03598e-13 0)
(1.5 7.32505e-14 0)
(1.5 6.8142e-14 0)
(1.5 1.17563e-13 0)
(1.5 2.34984e-13 0)
(1.5 3.10872e-13 0)
(1.5 3.92807e-13 0)
(1.5 4.34385e-13 0)
(1.5 4.33291e-13 0)
(1.5 4.63921e-13 0)
(1.5 4.47772e-13 0)
(1.5 4.2551e-13 0)
(1.5 3.38118e-13 0)
(1.5 3.44709e-13 0)
(1.5 4.35172e-13 0)
(1.5 4.83991e-13 0)
(1.5 4.993e-13 0)
(1.5 3.87351e-13 0)
(1.5 3.57096e-13 0)
(1.5 3.37842e-13 0)
(1.5 2.50443e-13 0)
(1.5 1.06623e-13 0)
(1.5 1.07441e-13 0)
(1.5 1.69033e-13 0)
(1.5 1.85413e-13 0)
(1.5 2.30223e-13 0)
(1.5 3.60208e-13 0)
(1.5 3.70481e-13 0)
(1.5 2.95024e-13 0)
(1.5 3.34094e-13 0)
(1.5 3.94629e-13 0)
(1.5 3.55722e-13 0)
(1.5 2.40591e-13 0)
(1.5 2.45819e-13 0)
(1.5 2.91639e-13 0)
(1.5 3.43825e-13 0)
(1.5 3.65004e-13 0)
(1.5 2.54625e-13 0)
(1.5 2.26804e-13 0)
(1.5 9.24258e-14 0)
(1.5 2.52943e-14 0)
(1.5 -3.10456e-14 0)
(1.5 -1.32244e-13 0)
(1.5 -2.4511e-13 0)
(1.5 -2.7096e-13 0)
(1.5 -1.80489e-13 0)
(1.5 -1.30048e-13 0)
(1.5 -1.06401e-13 0)
(1.5 -1.23387e-13 0)
(1.5 -1.85611e-13 0)
(1.5 -1.60637e-13 0)
(1.5 -1.6349e-13 0)
(1.5 -2.88312e-13 0)
(1.5 -3.09115e-13 0)
(1.5 -3.52176e-13 0)
(1.5 -3.87891e-13 0)
(1.5 -3.94962e-13 0)
(1.5 -4.60564e-13 0)
(1.5 -4.72046e-13 0)
(1.5 -4.62313e-13 0)
(1.5 -4.13505e-13 0)
(1.5 -3.74625e-13 0)
(1.5 -1.87212e-13 0)
(1.5 -5.5986e-14 0)
(1.5 -1.0382e-13 0)
(1.5 -1.97206e-13 0)
(1.5 -2.64866e-13 0)
(1.5 -1.15942e-13 0)
(1.5 -3.23415e-14 0)
(1.5 -7.52931e-14 0)
(1.5 -2.14386e-13 0)
(1.5 -4.21266e-13 0)
(1.5 -5.77142e-13 0)
(1.5 -6.2631e-13 0)
(1.5 -4.89831e-13 0)
(1.5 -3.7288e-13 0)
(1.5 -4.14299e-13 0)
(1.5 -4.22633e-13 0)
(1.5 -3.07301e-13 0)
(1.5 -2.48625e-13 0)
(1.5 -2.05443e-13 0)
(1.5 -1.57089e-13 0)
(1.5 2.32535e-14 0)
(1.5 1.36248e-13 0)
(1.5 1.1988e-13 0)
(1.5 7.7265e-14 0)
(1.5 -1.92108e-14 0)
(1.5 -1.18216e-13 0)
(1.5 -1.24963e-13 0)
(1.5 -6.77389e-14 0)
(1.5 -5.53414e-14 0)
(1.5 -1.37797e-13 0)
(1.5 -1.0672e-13 0)
(1.5 1.48189e-14 0)
(1.5 6.1576e-14 0)
(1.5 1.93537e-13 0)
(1.5 3.92687e-13 0)
(1.5 5.65583e-13 0)
(1.5 5.68295e-13 0)
(1.5 5.11234e-13 0)
(1.5 3.6639e-13 0)
(1.5 1.75531e-13 0)
(1.5 1.35312e-13 0)
(1.5 6.0268e-14 0)
(1.5 5.03134e-14 0)
(1.5 1.05994e-13 0)
(1.5 1.13787e-13 0)
(1.5 1.80615e-13 0)
(1.5 3.37241e-13 0)
(1.5 4.33096e-13 0)
(1.5 3.98708e-13 0)
(1.5 4.41925e-13 0)
(1.5 4.73387e-13 0)
(1.5 4.85421e-13 0)
(1.5 5.03055e-13 0)
(1.5 5.56424e-13 0)
(1.5 5.34054e-13 0)
(1.5 5.12931e-13 0)
(1.5 5.38185e-13 0)
(1.5 4.29819e-13 0)
(1.5 3.22742e-13 0)
(1.5 2.94008e-13 0)
(1.5 3.03493e-13 0)
(1.5 3.08278e-13 0)
(1.5 3.31407e-13 0)
(1.5 3.0678e-13 0)
(1.5 3.42101e-13 0)
(1.5 3.64557e-13 0)
(1.5 5.22037e-13 0)
(1.5 5.24098e-13 0)
(1.5 -5.21032e-14 0)
(1.5 -6.44714e-14 0)
(1.5 -1.61632e-13 0)
(1.5 -2.42793e-13 0)
(1.5 -2.41037e-13 0)
(1.5 -1.68398e-13 0)
(1.5 -9.75499e-14 0)
(1.5 -5.90966e-14 0)
(1.5 4.96717e-14 0)
(1.5 1.04872e-13 0)
(1.5 1.42912e-13 0)
(1.5 1.74712e-13 0)
(1.5 1.64207e-13 0)
(1.5 1.25978e-13 0)
(1.5 1.21399e-13 0)
(1.5 1.94531e-13 0)
(1.5 2.69406e-13 0)
(1.5 2.16237e-13 0)
(1.5 1.11924e-13 0)
(1.5 1.05728e-14 0)
(1.5 -7.05702e-16 0)
(1.5 9.0074e-15 0)
(1.5 -4.79989e-14 0)
(1.5 6.53184e-15 0)
(1.5 4.46245e-14 0)
(1.5 4.16076e-14 0)
(1.5 1.1589e-13 0)
(1.5 1.47057e-13 0)
(1.5 1.1354e-13 0)
(1.5 1.17077e-13 0)
(1.5 1.68321e-13 0)
(1.5 2.22945e-13 0)
(1.5 2.44595e-13 0)
(1.5 2.01196e-13 0)
(1.5 1.2357e-13 0)
(1.5 -5.86091e-15 0)
(1.5 -3.33961e-14 0)
(1.5 -6.53333e-14 0)
(1.5 -6.59569e-14 0)
(1.5 -4.13434e-14 0)
(1.5 -1.13024e-13 0)
(1.5 -1.97565e-13 0)
(1.5 -2.36945e-13 0)
(1.5 -2.43025e-13 0)
(1.5 -2.68232e-13 0)
(1.5 -2.98999e-13 0)
(1.5 -2.06038e-13 0)
(1.5 -1.59536e-13 0)
(1.5 -1.58935e-13 0)
(1.5 -6.76333e-14 0)
(1.5 -1.24729e-13 0)
(1.5 -7.89632e-14 0)
(1.5 -4.3353e-14 0)
(1.5 -2.11557e-14 0)
(1.5 -1.20286e-13 0)
(1.5 -1.67751e-13 0)
(1.5 -1.02001e-13 0)
(1.5 -1.07133e-13 0)
(1.5 -1.18218e-13 0)
(1.5 -3.99403e-14 0)
(1.5 -5.04892e-15 0)
(1.5 8.9919e-14 0)
(1.5 9.40902e-14 0)
(1.5 7.03883e-14 0)
(1.5 5.31308e-14 0)
(1.5 9.42665e-14 0)
(1.5 1.47423e-13 0)
(1.5 1.48187e-13 0)
(1.5 8.90105e-14 0)
(1.5 4.12272e-14 0)
(1.5 5.54238e-14 0)
(1.5 2.98862e-14 0)
(1.5 4.9555e-14 0)
(1.5 4.22702e-14 0)
(1.5 1.44277e-13 0)
(1.5 2.6865e-13 0)
(1.5 3.2723e-13 0)
(1.5 3.84322e-13 0)
(1.5 3.78521e-13 0)
(1.5 3.88963e-13 0)
(1.5 3.57506e-13 0)
(1.5 3.96105e-13 0)
(1.5 3.62645e-13 0)
(1.5 3.73972e-13 0)
(1.5 4.35573e-13 0)
(1.5 4.9071e-13 0)
(1.5 4.14373e-13 0)
(1.5 2.95621e-13 0)
(1.5 3.04374e-13 0)
(1.5 2.94848e-13 0)
(1.5 2.3967e-13 0)
(1.5 1.19398e-13 0)
(1.5 3.49505e-14 0)
(1.5 3.38507e-14 0)
(1.5 1.08586e-13 0)
(1.5 1.9186e-13 0)
(1.5 2.7198e-13 0)
(1.5 3.10383e-13 0)
(1.5 3.1191e-13 0)
(1.5 3.79617e-13 0)
(1.5 4.05007e-13 0)
(1.5 3.50375e-13 0)
(1.5 2.64989e-13 0)
(1.5 3.41382e-13 0)
(1.5 3.55855e-13 0)
(1.5 2.78792e-13 0)
(1.5 3.35104e-13 0)
(1.5 2.50926e-13 0)
(1.5 1.63081e-13 0)
(1.5 2.21207e-14 0)
(1.5 -6.7743e-14 0)
(1.5 -7.59598e-14 0)
(1.5 -1.2067e-13 0)
(1.5 -1.46223e-13 0)
(1.5 -1.9983e-13 0)
(1.5 -1.85372e-13 0)
(1.5 -8.9524e-14 0)
(1.5 -4.12312e-14 0)
(1.5 -1.05742e-13 0)
(1.5 -1.89012e-13 0)
(1.5 -1.66683e-13 0)
(1.5 -1.28758e-13 0)
(1.5 -1.96411e-13 0)
(1.5 -2.19953e-13 0)
(1.5 -2.42747e-13 0)
(1.5 -2.55476e-13 0)
(1.5 -2.68935e-13 0)
(1.5 -3.43392e-13 0)
(1.5 -3.37926e-13 0)
(1.5 -3.40777e-13 0)
(1.5 -4.55952e-13 0)
(1.5 -4.23622e-13 0)
(1.5 -3.14635e-13 0)
(1.5 -2.69009e-13 0)
(1.5 -3.1574e-13 0)
(1.5 -3.83412e-13 0)
(1.5 -4.24316e-13 0)
(1.5 -3.88924e-13 0)
(1.5 -3.19515e-13 0)
(1.5 -3.32206e-13 0)
(1.5 -4.80797e-13 0)
(1.5 -6.15206e-13 0)
(1.5 -6.63053e-13 0)
(1.5 -6.9887e-13 0)
(1.5 -6.52262e-13 0)
(1.5 -6.89268e-13 0)
(1.5 -6.54405e-13 0)
(1.5 -5.81901e-13 0)
(1.5 -4.77242e-13 0)
(1.5 -3.88225e-13 0)
(1.5 -3.65816e-13 0)
(1.5 -3.69236e-13 0)
(1.5 -3.5216e-13 0)
(1.5 -2.91808e-13 0)
(1.5 -1.30112e-13 0)
(1.5 -1.16767e-13 0)
(1.5 -1.59972e-13 0)
(1.5 -2.82195e-13 0)
(1.5 -2.55442e-13 0)
(1.5 -1.90116e-13 0)
(1.5 -1.53475e-13 0)
(1.5 -1.0725e-13 0)
(1.5 -8.59044e-14 0)
(1.5 -3.96548e-14 0)
(1.5 5.11876e-14 0)
(1.5 1.27392e-13 0)
(1.5 2.8741e-13 0)
(1.5 4.86527e-13 0)
(1.5 4.63417e-13 0)
(1.5 4.93483e-13 0)
(1.5 3.08576e-13 0)
(1.5 9.07154e-14 0)
(1.5 1.23638e-14 0)
(1.5 -2.01785e-14 0)
(1.5 -1.47843e-14 0)
(1.5 -3.44445e-14 0)
(1.5 -4.99194e-14 0)
(1.5 3.8166e-14 0)
(1.5 1.87897e-13 0)
(1.5 2.82304e-13 0)
(1.5 3.02382e-13 0)
(1.5 3.74849e-13 0)
(1.5 4.59885e-13 0)
(1.5 4.64557e-13 0)
(1.5 4.13486e-13 0)
(1.5 4.36811e-13 0)
(1.5 4.13582e-13 0)
(1.5 3.33066e-13 0)
(1.5 3.45246e-13 0)
(1.5 3.13423e-13 0)
(1.5 2.39817e-13 0)
(1.5 1.90928e-13 0)
(1.5 2.30823e-13 0)
(1.5 3.52067e-13 0)
(1.5 3.24947e-13 0)
(1.5 1.61713e-13 0)
(1.5 2.03157e-13 0)
(1.5 2.86601e-13 0)
(1.5 3.84595e-13 0)
(1.5 3.8542e-13 0)
(1.5 -7.50007e-14 0)
(1.5 -2.07636e-13 0)
(1.5 -2.27318e-13 0)
(1.5 -1.68297e-13 0)
(1.5 -2.03148e-13 0)
(1.5 -1.71656e-13 0)
(1.5 -1.18476e-13 0)
(1.5 -6.96596e-14 0)
(1.5 1.81084e-14 0)
(1.5 2.54665e-14 0)
(1.5 9.65071e-15 0)
(1.5 8.14002e-14 0)
(1.5 7.68673e-14 0)
(1.5 1.20608e-13 0)
(1.5 1.53278e-13 0)
(1.5 1.96596e-13 0)
(1.5 1.54338e-13 0)
(1.5 2.24922e-13 0)
(1.5 1.44365e-13 0)
(1.5 5.39891e-14 0)
(1.5 -9.81547e-15 0)
(1.5 -2.16556e-14 0)
(1.5 -4.23678e-14 0)
(1.5 -6.14039e-14 0)
(1.5 1.97458e-15 0)
(1.5 8.30331e-14 0)
(1.5 9.41894e-14 0)
(1.5 9.27797e-14 0)
(1.5 9.85329e-14 0)
(1.5 8.91642e-14 0)
(1.5 8.44742e-14 0)
(1.5 1.1774e-13 0)
(1.5 1.37368e-13 0)
(1.5 1.42692e-13 0)
(1.5 4.1065e-14 0)
(1.5 -2.11136e-14 0)
(1.5 -7.87885e-14 0)
(1.5 -1.10776e-13 0)
(1.5 -8.06421e-14 0)
(1.5 -5.73525e-14 0)
(1.5 -1.44916e-13 0)
(1.5 -2.23722e-13 0)
(1.5 -2.74076e-13 0)
(1.5 -2.82454e-13 0)
(1.5 -2.34863e-13 0)
(1.5 -2.38406e-13 0)
(1.5 -1.89384e-13 0)
(1.5 -1.4362e-13 0)
(1.5 -2.01095e-13 0)
(1.5 -1.45491e-13 0)
(1.5 -1.82243e-13 0)
(1.5 -1.66918e-13 0)
(1.5 -1.3101e-13 0)
(1.5 -1.12297e-13 0)
(1.5 -1.76199e-13 0)
(1.5 -1.68349e-13 0)
(1.5 -1.78853e-13 0)
(1.5 -1.41441e-13 0)
(1.5 -1.76335e-13 0)
(1.5 -9.82849e-14 0)
(1.5 -6.05756e-14 0)
(1.5 4.35244e-15 0)
(1.5 2.26342e-14 0)
(1.5 1.47727e-15 0)
(1.5 -2.90459e-14 0)
(1.5 -1.15012e-14 0)
(1.5 5.53864e-14 0)
(1.5 8.52036e-14 0)
(1.5 1.33924e-14 0)
(1.5 -3.96729e-14 0)
(1.5 1.54215e-14 0)
(1.5 8.85897e-14 0)
(1.5 1.11039e-13 0)
(1.5 8.86298e-14 0)
(1.5 1.29947e-13 0)
(1.5 2.16893e-13 0)
(1.5 2.56627e-13 0)
(1.5 2.66943e-13 0)
(1.5 2.49395e-13 0)
(1.5 2.99169e-13 0)
(1.5 3.08259e-13 0)
(1.5 3.29039e-13 0)
(1.5 3.84722e-13 0)
(1.5 4.00249e-13 0)
(1.5 4.34902e-13 0)
(1.5 4.43129e-13 0)
(1.5 3.85386e-13 0)
(1.5 3.01522e-13 0)
(1.5 2.88371e-13 0)
(1.5 2.63987e-13 0)
(1.5 2.32032e-13 0)
(1.5 1.55369e-13 0)
(1.5 6.3386e-14 0)
(1.5 1.22173e-14 0)
(1.5 1.21754e-13 0)
(1.5 1.74145e-13 0)
(1.5 1.95481e-13 0)
(1.5 2.59205e-13 0)
(1.5 3.60291e-13 0)
(1.5 3.7089e-13 0)
(1.5 3.10097e-13 0)
(1.5 1.84009e-13 0)
(1.5 1.63493e-13 0)
(1.5 2.07087e-13 0)
(1.5 2.43462e-13 0)
(1.5 1.92563e-13 0)
(1.5 1.47262e-13 0)
(1.5 1.64687e-13 0)
(1.5 3.85101e-14 0)
(1.5 -8.68221e-14 0)
(1.5 -1.83054e-13 0)
(1.5 -1.65273e-13 0)
(1.5 -1.07885e-13 0)
(1.5 -6.8448e-14 0)
(1.5 -1.2373e-13 0)
(1.5 -1.90235e-13 0)
(1.5 -1.33798e-13 0)
(1.5 -1.05358e-13 0)
(1.5 -1.76648e-13 0)
(1.5 -2.6478e-13 0)
(1.5 -3.08734e-13 0)
(1.5 -3.34976e-13 0)
(1.5 -2.9421e-13 0)
(1.5 -3.35745e-13 0)
(1.5 -2.98952e-13 0)
(1.5 -2.78266e-13 0)
(1.5 -2.71008e-13 0)
(1.5 -2.27122e-13 0)
(1.5 -2.80974e-13 0)
(1.5 -2.7275e-13 0)
(1.5 -3.93986e-13 0)
(1.5 -4.19859e-13 0)
(1.5 -2.95631e-13 0)
(1.5 -2.76948e-13 0)
(1.5 -3.45372e-13 0)
(1.5 -4.51487e-13 0)
(1.5 -5.54648e-13 0)
(1.5 -5.9872e-13 0)
(1.5 -5.51068e-13 0)
(1.5 -5.08892e-13 0)
(1.5 -5.27975e-13 0)
(1.5 -4.9287e-13 0)
(1.5 -5.17605e-13 0)
(1.5 -6.09613e-13 0)
(1.5 -6.69408e-13 0)
(1.5 -7.17765e-13 0)
(1.5 -6.40969e-13 0)
(1.5 -4.71666e-13 0)
(1.5 -4.73036e-13 0)
(1.5 -4.10111e-13 0)
(1.5 -3.7659e-13 0)
(1.5 -3.52801e-13 0)
(1.5 -3.85749e-13 0)
(1.5 -3.87664e-13 0)
(1.5 -2.88254e-13 0)
(1.5 -1.97944e-13 0)
(1.5 -1.11768e-13 0)
(1.5 -1.59255e-13 0)
(1.5 -2.07933e-13 0)
(1.5 -2.20228e-13 0)
(1.5 -1.02761e-13 0)
(1.5 1.04161e-13 0)
(1.5 1.67594e-13 0)
(1.5 1.71128e-13 0)
(1.5 2.19169e-13 0)
(1.5 2.90292e-13 0)
(1.5 3.978e-13 0)
(1.5 5.33311e-13 0)
(1.5 4.74099e-13 0)
(1.5 4.82896e-13 0)
(1.5 4.1897e-13 0)
(1.5 2.90938e-13 0)
(1.5 2.02104e-13 0)
(1.5 1.06971e-13 0)
(1.5 8.7347e-15 0)
(1.5 -6.77637e-14 0)
(1.5 -1.47239e-13 0)
(1.5 -3.59026e-14 0)
(1.5 2.56062e-14 0)
(1.5 7.47644e-14 0)
(1.5 1.54386e-13 0)
(1.5 2.88708e-13 0)
(1.5 4.30331e-13 0)
(1.5 3.98766e-13 0)
(1.5 3.18384e-13 0)
(1.5 2.79998e-13 0)
(1.5 3.16533e-13 0)
(1.5 2.87691e-13 0)
(1.5 1.79042e-13 0)
(1.5 1.27705e-13 0)
(1.5 1.13026e-13 0)
(1.5 1.63991e-13 0)
(1.5 2.40392e-13 0)
(1.5 2.73346e-13 0)
(1.5 1.59591e-13 0)
(1.5 -2.6676e-14 0)
(1.5 -2.81206e-14 0)
(1.5 1.49347e-13 0)
(1.5 1.71146e-13 0)
(1.5 1.97839e-13 0)
(1.5 -1.87847e-14 0)
(1.5 -1.0252e-13 0)
(1.5 -1.03037e-13 0)
(1.5 -7.21611e-14 0)
(1.5 -5.23908e-14 0)
(1.5 -5.53652e-14 0)
(1.5 -5.27519e-14 0)
(1.5 -2.88883e-14 0)
(1.5 -2.80373e-14 0)
(1.5 1.60804e-14 0)
(1.5 3.05232e-14 0)
(1.5 7.1418e-14 0)
(1.5 6.83935e-14 0)
(1.5 1.15464e-13 0)
(1.5 1.88617e-13 0)
(1.5 1.83528e-13 0)
(1.5 1.29437e-13 0)
(1.5 1.34392e-13 0)
(1.5 9.87952e-14 0)
(1.5 7.98327e-14 0)
(1.5 -1.06923e-14 0)
(1.5 -3.31047e-14 0)
(1.5 4.07931e-15 0)
(1.5 -5.3803e-14 0)
(1.5 -2.22497e-14 0)
(1.5 2.05078e-14 0)
(1.5 1.08049e-14 0)
(1.5 1.5984e-14 0)
(1.5 2.00377e-14 0)
(1.5 5.83543e-15 0)
(1.5 1.90869e-14 0)
(1.5 3.3596e-14 0)
(1.5 3.25383e-14 0)
(1.5 3.06491e-14 0)
(1.5 -3.12261e-14 0)
(1.5 -6.79905e-15 0)
(1.5 -7.32713e-14 0)
(1.5 -1.01773e-13 0)
(1.5 -8.10813e-14 0)
(1.5 -1.05439e-13 0)
(1.5 -1.56783e-13 0)
(1.5 -1.52857e-13 0)
(1.5 -1.68572e-13 0)
(1.5 -1.66192e-13 0)
(1.5 -1.36132e-13 0)
(1.5 -1.28215e-13 0)
(1.5 -1.16565e-13 0)
(1.5 -9.79124e-14 0)
(1.5 -1.21904e-13 0)
(1.5 -1.71924e-13 0)
(1.5 -1.85084e-13 0)
(1.5 -1.61104e-13 0)
(1.5 -1.20742e-13 0)
(1.5 -1.75649e-13 0)
(1.5 -1.74704e-13 0)
(1.5 -1.13681e-13 0)
(1.5 -1.08875e-13 0)
(1.5 -8.84052e-14 0)
(1.5 -1.12783e-13 0)
(1.5 -5.34059e-14 0)
(1.5 -3.32282e-14 0)
(1.5 2.0598e-14 0)
(1.5 -1.3358e-14 0)
(1.5 -3.89765e-14 0)
(1.5 -8.97752e-14 0)
(1.5 -4.58769e-14 0)
(1.5 -7.15334e-14 0)
(1.5 -6.14267e-14 0)
(1.5 -4.92137e-14 0)
(1.5 -1.03907e-13 0)
(1.5 -3.55066e-14 0)
(1.5 3.26254e-14 0)
(1.5 7.45572e-14 0)
(1.5 9.09177e-14 0)
(1.5 9.57569e-14 0)
(1.5 1.89871e-13 0)
(1.5 2.33104e-13 0)
(1.5 2.59627e-13 0)
(1.5 2.89283e-13 0)
(1.5 2.74694e-13 0)
(1.5 2.88e-13 0)
(1.5 3.36661e-13 0)
(1.5 4.29044e-13 0)
(1.5 4.56603e-13 0)
(1.5 4.35801e-13 0)
(1.5 3.53106e-13 0)
(1.5 3.25227e-13 0)
(1.5 3.60304e-13 0)
(1.5 3.40284e-13 0)
(1.5 2.34642e-13 0)
(1.5 1.63723e-13 0)
(1.5 9.39206e-14 0)
(1.5 3.97605e-14 0)
(1.5 -1.80789e-14 0)
(1.5 9.68068e-15 0)
(1.5 6.45724e-14 0)
(1.5 1.11299e-13 0)
(1.5 2.0879e-13 0)
(1.5 3.28042e-13 0)
(1.5 3.17173e-13 0)
(1.5 2.13447e-13 0)
(1.5 1.47533e-13 0)
(1.5 1.45098e-13 0)
(1.5 1.57712e-13 0)
(1.5 1.4969e-13 0)
(1.5 1.56931e-13 0)
(1.5 4.97556e-14 0)
(1.5 1.05266e-13 0)
(1.5 3.52678e-14 0)
(1.5 -8.01028e-14 0)
(1.5 -1.61863e-13 0)
(1.5 -1.4147e-13 0)
(1.5 -7.69266e-14 0)
(1.5 -6.82051e-14 0)
(1.5 -9.25603e-14 0)
(1.5 -3.16776e-14 0)
(1.5 9.49232e-15 0)
(1.5 4.94584e-14 0)
(1.5 -5.04339e-14 0)
(1.5 -1.11166e-13 0)
(1.5 -1.46999e-13 0)
(1.5 -2.83614e-13 0)
(1.5 -2.63851e-13 0)
(1.5 -2.72532e-13 0)
(1.5 -2.66615e-13 0)
(1.5 -2.6115e-13 0)
(1.5 -2.48691e-13 0)
(1.5 -1.64884e-13 0)
(1.5 -2.19026e-13 0)
(1.5 -2.26619e-13 0)
(1.5 -2.81373e-13 0)
(1.5 -2.98589e-13 0)
(1.5 -2.25131e-13 0)
(1.5 -2.15735e-13 0)
(1.5 -2.72545e-13 0)
(1.5 -3.79153e-13 0)
(1.5 -4.25498e-13 0)
(1.5 -4.62422e-13 0)
(1.5 -4.16696e-13 0)
(1.5 -4.14421e-13 0)
(1.5 -4.35811e-13 0)
(1.5 -3.25286e-13 0)
(1.5 -3.82551e-13 0)
(1.5 -4.94883e-13 0)
(1.5 -6.17854e-13 0)
(1.5 -6.51573e-13 0)
(1.5 -5.95868e-13 0)
(1.5 -4.36402e-13 0)
(1.5 -3.81931e-13 0)
(1.5 -2.48372e-13 0)
(1.5 -2.10301e-13 0)
(1.5 -1.35322e-13 0)
(1.5 -1.62719e-13 0)
(1.5 -2.08843e-13 0)
(1.5 -2.09535e-13 0)
(1.5 -7.44382e-14 0)
(1.5 6.53757e-14 0)
(1.5 7.52207e-14 0)
(1.5 3.48854e-14 0)
(1.5 -3.34944e-14 0)
(1.5 6.70839e-14 0)
(1.5 2.26291e-13 0)
(1.5 3.08085e-13 0)
(1.5 2.82166e-13 0)
(1.5 2.47059e-13 0)
(1.5 3.18778e-13 0)
(1.5 4.23704e-13 0)
(1.5 5.06372e-13 0)
(1.5 4.8044e-13 0)
(1.5 4.39241e-13 0)
(1.5 4.77903e-13 0)
(1.5 4.31625e-13 0)
(1.5 3.91854e-13 0)
(1.5 2.75992e-13 0)
(1.5 1.4838e-13 0)
(1.5 4.63536e-14 0)
(1.5 -1.4795e-14 0)
(1.5 8.7683e-14 0)
(1.5 7.2771e-14 0)
(1.5 1.05922e-13 0)
(1.5 1.66591e-13 0)
(1.5 2.44257e-13 0)
(1.5 3.79299e-13 0)
(1.5 4.12512e-13 0)
(1.5 3.40589e-13 0)
(1.5 2.91022e-13 0)
(1.5 3.43204e-13 0)
(1.5 3.51195e-13 0)
(1.5 1.91971e-13 0)
(1.5 1.54565e-13 0)
(1.5 1.23317e-13 0)
(1.5 1.26309e-13 0)
(1.5 2.03092e-13 0)
(1.5 1.8716e-13 0)
(1.5 8.10208e-14 0)
(1.5 -2.87231e-14 0)
(1.5 -4.92364e-14 0)
(1.5 7.06361e-14 0)
(1.5 6.11532e-14 0)
(1.5 7.07562e-14 0)
(1.5 3.49917e-14 0)
(1.5 2.87694e-14 0)
(1.5 2.9599e-14 0)
(1.5 5.17262e-14 0)
(1.5 1.10755e-13 0)
(1.5 4.94239e-14 0)
(1.5 -3.05214e-14 0)
(1.5 -5.34219e-14 0)
(1.5 2.60136e-14 0)
(1.5 9.23229e-14 0)
(1.5 9.91063e-14 0)
(1.5 1.19047e-13 0)
(1.5 6.48984e-14 0)
(1.5 4.20711e-14 0)
(1.5 8.8628e-14 0)
(1.5 7.75899e-14 0)
(1.5 1.18547e-13 0)
(1.5 9.00592e-14 0)
(1.5 1.01629e-13 0)
(1.5 1.12295e-13 0)
(1.5 5.40021e-14 0)
(1.5 2.65111e-14 0)
(1.5 -3.81613e-15 0)
(1.5 -7.5088e-14 0)
(1.5 -2.42668e-14 0)
(1.5 -5.73244e-14 0)
(1.5 -4.83654e-14 0)
(1.5 -3.18272e-14 0)
(1.5 -2.8888e-14 0)
(1.5 -6.08373e-15 0)
(1.5 6.94094e-15 0)
(1.5 -8.40319e-15 0)
(1.5 -3.38903e-14 0)
(1.5 -1.75667e-14 0)
(1.5 5.09506e-15 0)
(1.5 -2.79386e-14 0)
(1.5 -1.20617e-14 0)
(1.5 -4.27846e-15 0)
(1.5 -2.9534e-14 0)
(1.5 -8.219e-14 0)
(1.5 -5.77174e-14 0)
(1.5 -8.92649e-14 0)
(1.5 -1.17966e-13 0)
(1.5 -9.50733e-14 0)
(1.5 -6.74717e-14 0)
(1.5 -7.47438e-15 0)
(1.5 -4.12083e-14 0)
(1.5 -9.75772e-14 0)
(1.5 -1.24832e-13 0)
(1.5 -1.92439e-13 0)
(1.5 -1.88881e-13 0)
(1.5 -1.70744e-13 0)
(1.5 -1.49126e-13 0)
(1.5 -1.87613e-13 0)
(1.5 -1.83027e-13 0)
(1.5 -1.55878e-13 0)
(1.5 -6.80683e-14 0)
(1.5 -6.76006e-14 0)
(1.5 -5.34584e-14 0)
(1.5 -2.68905e-14 0)
(1.5 -1.52732e-14 0)
(1.5 1.97757e-14 0)
(1.5 1.09564e-14 0)
(1.5 1.22413e-14 0)
(1.5 -5.96093e-14 0)
(1.5 -4.46812e-14 0)
(1.5 -5.33371e-14 0)
(1.5 -1.11013e-13 0)
(1.5 -9.60561e-14 0)
(1.5 -7.31517e-14 0)
(1.5 -5.04118e-14 0)
(1.5 2.08064e-14 0)
(1.5 8.64762e-14 0)
(1.5 1.40198e-13 0)
(1.5 1.31121e-13 0)
(1.5 2.111e-13 0)
(1.5 2.16203e-13 0)
(1.5 2.27703e-13 0)
(1.5 2.7494e-13 0)
(1.5 3.09959e-13 0)
(1.5 4.02251e-13 0)
(1.5 4.39729e-13 0)
(1.5 4.58797e-13 0)
(1.5 5.06974e-13 0)
(1.5 4.67779e-13 0)
(1.5 3.79104e-13 0)
(1.5 3.21423e-13 0)
(1.5 3.98869e-13 0)
(1.5 3.62246e-13 0)
(1.5 2.44462e-13 0)
(1.5 1.15397e-13 0)
(1.5 -4.21302e-15 0)
(1.5 -1.01636e-13 0)
(1.5 -1.55472e-13 0)
(1.5 -1.31958e-13 0)
(1.5 -4.95445e-14 0)
(1.5 6.65602e-15 0)
(1.5 1.38844e-13 0)
(1.5 2.52068e-13 0)
(1.5 2.82035e-13 0)
(1.5 2.89562e-13 0)
(1.5 2.45902e-13 0)
(1.5 2.25918e-13 0)
(1.5 2.1985e-13 0)
(1.5 1.62024e-13 0)
(1.5 1.23813e-13 0)
(1.5 2.83613e-14 0)
(1.5 -8.66556e-15 0)
(1.5 -1.38705e-15 0)
(1.5 -1.71901e-14 0)
(1.5 2.47552e-15 0)
(1.5 1.28487e-14 0)
(1.5 -1.06583e-14 0)
(1.5 -8.09808e-14 0)
(1.5 -7.38338e-14 0)
(1.5 4.98019e-14 0)
(1.5 9.8212e-14 0)
(1.5 1.24264e-13 0)
(1.5 1.05219e-13 0)
(1.5 5.57707e-14 0)
(1.5 3.79386e-14 0)
(1.5 -9.31255e-14 0)
(1.5 -1.34401e-13 0)
(1.5 -1.40359e-13 0)
(1.5 -1.91475e-13 0)
(1.5 -1.88666e-13 0)
(1.5 -1.79893e-13 0)
(1.5 -1.70139e-13 0)
(1.5 -1.37889e-13 0)
(1.5 -1.40053e-13 0)
(1.5 -1.62236e-13 0)
(1.5 -2.02428e-13 0)
(1.5 -2.74752e-13 0)
(1.5 -2.82615e-13 0)
(1.5 -2.61421e-13 0)
(1.5 -2.81014e-13 0)
(1.5 -2.77289e-13 0)
(1.5 -3.47441e-13 0)
(1.5 -3.74907e-13 0)
(1.5 -3.93702e-13 0)
(1.5 -3.80797e-13 0)
(1.5 -3.82847e-13 0)
(1.5 -5.17217e-13 0)
(1.5 -5.65391e-13 0)
(1.5 -6.55255e-13 0)
(1.5 -6.28337e-13 0)
(1.5 -5.43499e-13 0)
(1.5 -4.61182e-13 0)
(1.5 -2.98832e-13 0)
(1.5 -1.84853e-13 0)
(1.5 -1.00282e-13 0)
(1.5 -5.65678e-14 0)
(1.5 -4.10667e-14 0)
(1.5 -7.30031e-14 0)
(1.5 -6.15067e-14 0)
(1.5 1.36824e-13 0)
(1.5 2.66011e-13 0)
(1.5 3.24742e-13 0)
(1.5 2.74308e-13 0)
(1.5 2.0461e-13 0)
(1.5 1.94797e-13 0)
(1.5 1.97086e-13 0)
(1.5 2.08718e-13 0)
(1.5 1.95014e-13 0)
(1.5 1.60622e-13 0)
(1.5 2.27141e-13 0)
(1.5 2.19943e-13 0)
(1.5 1.70946e-13 0)
(1.5 1.9444e-13 0)
(1.5 1.29769e-13 0)
(1.5 1.54231e-13 0)
(1.5 1.71311e-13 0)
(1.5 1.98183e-13 0)
(1.5 1.875e-13 0)
(1.5 1.43569e-13 0)
(1.5 5.87171e-14 0)
(1.5 -1.44028e-14 0)
(1.5 2.51437e-14 0)
(1.5 5.49122e-14 0)
(1.5 1.49911e-13 0)
(1.5 2.51884e-13 0)
(1.5 2.7619e-13 0)
(1.5 3.5263e-13 0)
(1.5 4.03995e-13 0)
(1.5 3.69283e-13 0)
(1.5 3.62478e-13 0)
(1.5 3.52846e-13 0)
(1.5 3.41046e-13 0)
(1.5 2.3445e-13 0)
(1.5 2.12053e-13 0)
(1.5 2.19583e-13 0)
(1.5 1.73604e-13 0)
(1.5 2.27661e-13 0)
(1.5 2.16117e-13 0)
(1.5 1.6638e-13 0)
(1.5 1.24537e-13 0)
(1.5 4.29063e-14 0)
(1.5 3.47029e-14 0)
(1.5 -3.57902e-15 0)
(1.5 5.34709e-15 0)
(1.5 4.36943e-14 0)
(1.5 7.14979e-14 0)
(1.5 1.38619e-13 0)
(1.5 1.42644e-13 0)
(1.5 1.74099e-13 0)
(1.5 8.36367e-14 0)
(1.5 3.26277e-14 0)
(1.5 7.47309e-14 0)
(1.5 2.03407e-13 0)
(1.5 2.012e-13 0)
(1.5 2.00643e-13 0)
(1.5 1.58612e-13 0)
(1.5 4.8182e-14 0)
(1.5 2.28397e-14 0)
(1.5 3.80379e-14 0)
(1.5 2.22582e-14 0)
(1.5 6.98924e-14 0)
(1.5 5.27552e-14 0)
(1.5 8.63688e-14 0)
(1.5 1.08748e-13 0)
(1.5 1.17913e-13 0)
(1.5 1.27633e-13 0)
(1.5 4.85154e-14 0)
(1.5 2.87047e-14 0)
(1.5 3.24071e-14 0)
(1.5 -3.68543e-14 0)
(1.5 -4.14648e-14 0)
(1.5 -2.31294e-14 0)
(1.5 -5.30604e-15 0)
(1.5 2.19131e-14 0)
(1.5 4.60338e-15 0)
(1.5 3.39325e-14 0)
(1.5 6.6345e-14 0)
(1.5 2.801e-14 0)
(1.5 2.28568e-14 0)
(1.5 -2.40931e-14 0)
(1.5 4.9798e-14 0)
(1.5 5.55404e-14 0)
(1.5 -3.98536e-14 0)
(1.5 -6.60502e-14 0)
(1.5 -1.0782e-14 0)
(1.5 -3.97509e-14 0)
(1.5 -1.07955e-13 0)
(1.5 -1.06713e-13 0)
(1.5 -9.56245e-14 0)
(1.5 -4.41786e-14 0)
(1.5 -1.39573e-13 0)
(1.5 -2.02835e-13 0)
(1.5 -2.368e-13 0)
(1.5 -2.12415e-13 0)
(1.5 -1.57247e-13 0)
(1.5 -1.36749e-13 0)
(1.5 -1.5005e-13 0)
(1.5 -1.24616e-13 0)
(1.5 -1.17209e-13 0)
(1.5 -1.48376e-13 0)
(1.5 -1.11904e-13 0)
(1.5 -8.37472e-14 0)
(1.5 -1.97425e-14 0)
(1.5 -3.90387e-14 0)
(1.5 -3.86722e-14 0)
(1.5 -5.08366e-14 0)
(1.5 -2.23905e-14 0)
(1.5 -9.80727e-15 0)
(1.5 -3.19573e-14 0)
(1.5 -7.75005e-14 0)
(1.5 -9.61301e-14 0)
(1.5 -8.21061e-14 0)
(1.5 -3.69554e-14 0)
(1.5 5.60475e-14 0)
(1.5 8.38771e-14 0)
(1.5 1.35461e-13 0)
(1.5 1.63122e-13 0)
(1.5 1.77857e-13 0)
(1.5 1.80822e-13 0)
(1.5 2.16954e-13 0)
(1.5 2.27072e-13 0)
(1.5 1.96431e-13 0)
(1.5 2.55104e-13 0)
(1.5 3.21249e-13 0)
(1.5 4.30954e-13 0)
(1.5 4.49303e-13 0)
(1.5 4.44582e-13 0)
(1.5 4.768e-13 0)
(1.5 5.01129e-13 0)
(1.5 4.71506e-13 0)
(1.5 4.29381e-13 0)
(1.5 4.26961e-13 0)
(1.5 3.66578e-13 0)
(1.5 2.74197e-13 0)
(1.5 2.0965e-13 0)
(1.5 1.40031e-13 0)
(1.5 3.65994e-14 0)
(1.5 -6.14784e-14 0)
(1.5 -1.00288e-13 0)
(1.5 -7.7226e-14 0)
(1.5 -3.18271e-14 0)
(1.5 1.48516e-13 0)
(1.5 2.17001e-13 0)
(1.5 2.29459e-13 0)
(1.5 3.2467e-13 0)
(1.5 3.21449e-13 0)
(1.5 2.97989e-13 0)
(1.5 2.6549e-13 0)
(1.5 1.77919e-13 0)
(1.5 1.21143e-13 0)
(1.5 7.28314e-14 0)
(1.5 4.17304e-14 0)
(1.5 3.15792e-14 0)
(1.5 9.59638e-14 0)
(1.5 1.35069e-13 0)
(1.5 4.08621e-14 0)
(1.5 -2.57483e-14 0)
(1.5 -6.42223e-14 0)
(1.5 -3.17571e-14 0)
(1.5 -3.55074e-14 0)
(1.5 -3.73943e-14 0)
(1.5 -1.27943e-14 0)
(1.5 2.71645e-14 0)
(1.5 -5.54939e-16 0)
(1.5 -6.67565e-14 0)
(1.5 -1.22081e-13 0)
(1.5 -8.66978e-14 0)
(1.5 -1.44023e-13 0)
(1.5 -2.05876e-13 0)
(1.5 -2.15049e-13 0)
(1.5 -1.91705e-13 0)
(1.5 -2.35986e-13 0)
(1.5 -2.22678e-13 0)
(1.5 -2.5452e-13 0)
(1.5 -1.76989e-13 0)
(1.5 -2.40403e-13 0)
(1.5 -4.09624e-13 0)
(1.5 -4.27398e-13 0)
(1.5 -3.6865e-13 0)
(1.5 -2.27793e-13 0)
(1.5 -2.00331e-13 0)
(1.5 -3.40968e-13 0)
(1.5 -4.63746e-13 0)
(1.5 -4.92214e-13 0)
(1.5 -4.17648e-13 0)
(1.5 -4.92341e-13 0)
(1.5 -6.66101e-13 0)
(1.5 -7.16198e-13 0)
(1.5 -6.89571e-13 0)
(1.5 -6.01648e-13 0)
(1.5 -4.96374e-13 0)
(1.5 -4.7409e-13 0)
(1.5 -3.34582e-13 0)
(1.5 -3.24104e-13 0)
(1.5 -2.33702e-13 0)
(1.5 -2.3125e-13 0)
(1.5 -1.50301e-13 0)
(1.5 -9.11791e-14 0)
(1.5 -3.92065e-14 0)
(1.5 1.35795e-13 0)
(1.5 3.14047e-13 0)
(1.5 5.03585e-13 0)
(1.5 5.337e-13 0)
(1.5 5.29541e-13 0)
(1.5 4.95191e-13 0)
(1.5 4.32152e-13 0)
(1.5 3.43e-13 0)
(1.5 2.76705e-13 0)
(1.5 1.77834e-13 0)
(1.5 1.47832e-13 0)
(1.5 7.38806e-14 0)
(1.5 3.36354e-14 0)
(1.5 -1.30236e-14 0)
(1.5 -9.68968e-14 0)
(1.5 -1.09286e-13 0)
(1.5 -7.95124e-14 0)
(1.5 -4.94642e-16 0)
(1.5 1.50721e-13 0)
(1.5 1.35337e-13 0)
(1.5 5.66092e-14 0)
(1.5 7.71415e-15 0)
(1.5 3.32491e-14 0)
(1.5 8.93892e-14 0)
(1.5 1.76982e-13 0)
(1.5 3.1581e-13 0)
(1.5 3.48206e-13 0)
(1.5 4.17027e-13 0)
(1.5 3.72182e-13 0)
(1.5 3.64612e-13 0)
(1.5 3.3396e-13 0)
(1.5 2.8801e-13 0)
(1.5 3.00172e-13 0)
(1.5 3.00089e-13 0)
(1.5 2.71661e-13 0)
(1.5 2.64226e-13 0)
(1.5 2.93299e-13 0)
(1.5 2.81554e-13 0)
(1.5 1.70959e-13 0)
(1.5 1.33936e-13 0)
(1.5 1.24677e-13 0)
(1.5 5.48599e-14 0)
(1.5 2.82516e-14 0)
(1.5 3.2005e-14 0)
(1.5 3.44455e-14 0)
(1.5 1.18997e-15 0)
(1.5 8.19044e-14 0)
(1.5 1.88225e-13 0)
(1.5 1.62963e-13 0)
(1.5 1.85e-13 0)
(1.5 2.06378e-13 0)
(1.5 2.11237e-13 0)
(1.5 2.8318e-13 0)
(1.5 2.88541e-13 0)
(1.5 2.26535e-13 0)
(1.5 1.91707e-13 0)
(1.5 1.32473e-13 0)
(1.5 9.78511e-14 0)
(1.5 7.00035e-15 0)
(1.5 -2.71219e-16 0)
(1.5 3.6148e-14 0)
(1.5 4.70018e-15 0)
(1.5 9.2033e-16 0)
(1.5 7.10571e-14 0)
(1.5 7.63068e-14 0)
(1.5 1.2703e-13 0)
(1.5 1.70883e-13 0)
(1.5 1.76704e-13 0)
(1.5 1.33997e-13 0)
(1.5 6.74094e-14 0)
(1.5 -1.07448e-15 0)
(1.5 -3.44233e-15 0)
(1.5 -1.02384e-14 0)
(1.5 -2.17432e-14 0)
(1.5 -2.09468e-14 0)
(1.5 5.21505e-14 0)
(1.5 1.0954e-13 0)
(1.5 8.67695e-14 0)
(1.5 2.73057e-14 0)
(1.5 2.16482e-14 0)
(1.5 2.66976e-14 0)
(1.5 3.86298e-14 0)
(1.5 7.19723e-14 0)
(1.5 2.27048e-14 0)
(1.5 1.54109e-14 0)
(1.5 1.41726e-14 0)
(1.5 2.1109e-15 0)
(1.5 -5.42234e-14 0)
(1.5 -1.10882e-13 0)
(1.5 -1.28432e-13 0)
(1.5 -1.86387e-13 0)
(1.5 -2.54427e-13 0)
(1.5 -2.78758e-13 0)
(1.5 -2.60232e-13 0)
(1.5 -1.41477e-13 0)
(1.5 -6.41942e-14 0)
(1.5 -6.41776e-15 0)
(1.5 -1.69699e-14 0)
(1.5 -3.35893e-14 0)
(1.5 -4.77709e-14 0)
(1.5 -5.98933e-14 0)
(1.5 -7.82763e-14 0)
(1.5 -4.64194e-14 0)
(1.5 -2.54267e-14 0)
(1.5 -2.78737e-14 0)
(1.5 -1.33129e-14 0)
(1.5 -4.7484e-14 0)
(1.5 -6.82923e-15 0)
(1.5 2.27783e-14 0)
(1.5 4.48562e-14 0)
(1.5 2.53596e-14 0)
(1.5 -4.897e-14 0)
(1.5 -1.8969e-14 0)
(1.5 8.96268e-14 0)
(1.5 1.85772e-13 0)
(1.5 2.10185e-13 0)
(1.5 1.57038e-13 0)
(1.5 1.59409e-13 0)
(1.5 1.82123e-13 0)
(1.5 1.86306e-13 0)
(1.5 1.63216e-13 0)
(1.5 1.82734e-13 0)
(1.5 2.46259e-13 0)
(1.5 2.76781e-13 0)
(1.5 2.62477e-13 0)
(1.5 3.35004e-13 0)
(1.5 3.91245e-13 0)
(1.5 4.50439e-13 0)
(1.5 4.63681e-13 0)
(1.5 4.82261e-13 0)
(1.5 4.54443e-13 0)
(1.5 4.07272e-13 0)
(1.5 4.10967e-13 0)
(1.5 4.23168e-13 0)
(1.5 3.54812e-13 0)
(1.5 3.6467e-13 0)
(1.5 3.65685e-13 0)
(1.5 3.07573e-13 0)
(1.5 1.82818e-13 0)
(1.5 6.28955e-14 0)
(1.5 3.35135e-14 0)
(1.5 4.11876e-14 0)
(1.5 1.27257e-13 0)
(1.5 1.45838e-13 0)
(1.5 1.42565e-13 0)
(1.5 2.16666e-13 0)
(1.5 3.0751e-13 0)
(1.5 3.41731e-13 0)
(1.5 3.17513e-13 0)
(1.5 2.14379e-13 0)
(1.5 2.04741e-13 0)
(1.5 1.92609e-13 0)
(1.5 2.33537e-13 0)
(1.5 2.37887e-13 0)
(1.5 2.3031e-13 0)
(1.5 1.47634e-13 0)
(1.5 -5.02633e-15 0)
(1.5 4.71236e-16 0)
(1.5 6.4631e-14 0)
(1.5 1.14898e-13 0)
(1.5 8.304e-14 0)
(1.5 -1.89974e-14 0)
(1.5 -6.72078e-14 0)
(1.5 -1.04297e-13 0)
(1.5 -1.18493e-13 0)
(1.5 -1.46812e-13 0)
(1.5 -6.46934e-14 0)
(1.5 2.31232e-15 0)
(1.5 -7.4558e-14 0)
(1.5 -1.51814e-13 0)
(1.5 -2.03608e-13 0)
(1.5 -1.49589e-13 0)
(1.5 -1.76274e-13 0)
(1.5 -2.54533e-13 0)
(1.5 -3.30034e-13 0)
(1.5 -3.16521e-13 0)
(1.5 -4.00547e-13 0)
(1.5 -5.83189e-13 0)
(1.5 -5.67295e-13 0)
(1.5 -5.0139e-13 0)
(1.5 -3.68868e-13 0)
(1.5 -2.69837e-13 0)
(1.5 -3.55239e-13 0)
(1.5 -4.51477e-13 0)
(1.5 -5.34807e-13 0)
(1.5 -4.56361e-13 0)
(1.5 -4.1844e-13 0)
(1.5 -6.20065e-13 0)
(1.5 -6.86532e-13 0)
(1.5 -6.446e-13 0)
(1.5 -6.54404e-13 0)
(1.5 -6.13812e-13 0)
(1.5 -6.02944e-13 0)
(1.5 -5.71041e-13 0)
(1.5 -5.94905e-13 0)
(1.5 -6.2539e-13 0)
(1.5 -5.74046e-13 0)
(1.5 -4.55319e-13 0)
(1.5 -2.55019e-13 0)
(1.5 -1.06648e-13 0)
(1.5 -2.50785e-14 0)
(1.5 2.38345e-13 0)
(1.5 4.96012e-13 0)
(1.5 6.03786e-13 0)
(1.5 5.6503e-13 0)
(1.5 4.77772e-13 0)
(1.5 4.43017e-13 0)
(1.5 4.2106e-13 0)
(1.5 2.67248e-13 0)
(1.5 1.079e-13 0)
(1.5 -4.81467e-14 0)
(1.5 -6.10614e-14 0)
(1.5 1.41791e-14 0)
(1.5 -4.44346e-14 0)
(1.5 -1.42315e-13 0)
(1.5 -1.76953e-13 0)
(1.5 -1.7484e-13 0)
(1.5 -9.23704e-14 0)
(1.5 1.08247e-13 0)
(1.5 1.12532e-13 0)
(1.5 9.11961e-14 0)
(1.5 1.75787e-13 0)
(1.5 2.14882e-13 0)
(1.5 2.31697e-13 0)
(1.5 2.59722e-13 0)
(1.5 2.13174e-13 0)
(1.5 2.8927e-13 0)
(1.5 3.91945e-13 0)
(1.5 4.14165e-13 0)
(1.5 4.14362e-13 0)
(1.5 3.04789e-13 0)
(1.5 2.57826e-13 0)
(1.5 3.35513e-13 0)
(1.5 3.69556e-13 0)
(1.5 3.69822e-13 0)
(1.5 3.01006e-13 0)
(1.5 2.76279e-13 0)
(1.5 2.01226e-13 0)
(1.5 1.23e-13 0)
(1.5 7.36884e-14 0)
(1.5 5.19019e-14 0)
(1.5 3.90596e-14 0)
(1.5 6.18936e-14 0)
(1.5 1.07865e-13 0)
(1.5 6.67967e-14 0)
(1.5 -2.32951e-15 0)
(1.5 7.50917e-14 0)
(1.5 1.45125e-13 0)
(1.5 1.05393e-13 0)
(1.5 9.13641e-14 0)
(1.5 1.45849e-13 0)
(1.5 1.97542e-13 0)
(1.5 2.06182e-13 0)
(1.5 1.38275e-13 0)
(1.5 7.80753e-14 0)
(1.5 9.17733e-15 0)
(1.5 -5.06901e-14 0)
(1.5 -5.47776e-14 0)
(1.5 -5.01014e-14 0)
(1.5 -1.14245e-14 0)
(1.5 -1.56712e-14 0)
(1.5 -7.09111e-14 0)
(1.5 1.54421e-14 0)
(1.5 8.50016e-14 0)
(1.5 4.92825e-14 0)
(1.5 6.83207e-14 0)
(1.5 5.0683e-14 0)
(1.5 1.0034e-13 0)
(1.5 3.45044e-14 0)
(1.5 -5.36547e-14 0)
(1.5 -5.48397e-14 0)
(1.5 -8.57425e-14 0)
(1.5 -1.0774e-13 0)
(1.5 -9.74548e-14 0)
(1.5 -6.17541e-14 0)
(1.5 1.27872e-14 0)
(1.5 4.97037e-14 0)
(1.5 -6.5726e-15 0)
(1.5 2.13201e-14 0)
(1.5 1.65997e-14 0)
(1.5 1.32914e-14 0)
(1.5 1.16363e-14 0)
(1.5 5.76477e-14 0)
(1.5 1.11991e-13 0)
(1.5 1.05927e-13 0)
(1.5 9.86032e-15 0)
(1.5 -3.33435e-14 0)
(1.5 -8.49471e-14 0)
(1.5 -1.30183e-13 0)
(1.5 -1.42785e-13 0)
(1.5 -2.21337e-13 0)
(1.5 -2.02739e-13 0)
(1.5 -2.1652e-13 0)
(1.5 -1.8087e-13 0)
(1.5 -8.3256e-14 0)
(1.5 -2.00094e-14 0)
(1.5 -1.13945e-15 0)
(1.5 -9.74063e-15 0)
(1.5 -1.73743e-15 0)
(1.5 -1.65599e-14 0)
(1.5 -2.30769e-14 0)
(1.5 -4.67097e-14 0)
(1.5 -2.10496e-14 0)
(1.5 -5.8562e-14 0)
(1.5 -4.37976e-14 0)
(1.5 -2.20924e-14 0)
(1.5 -3.27031e-14 0)
(1.5 1.17564e-15 0)
(1.5 4.69539e-14 0)
(1.5 5.63092e-14 0)
(1.5 2.72207e-14 0)
(1.5 -6.46488e-15 0)
(1.5 -2.28977e-15 0)
(1.5 9.6608e-14 0)
(1.5 1.67355e-13 0)
(1.5 1.73411e-13 0)
(1.5 1.27936e-13 0)
(1.5 1.33854e-13 0)
(1.5 1.90796e-13 0)
(1.5 1.41304e-13 0)
(1.5 7.51204e-14 0)
(1.5 8.55028e-14 0)
(1.5 2.14492e-13 0)
(1.5 2.28851e-13 0)
(1.5 2.05734e-13 0)
(1.5 2.46966e-13 0)
(1.5 3.73966e-13 0)
(1.5 4.73813e-13 0)
(1.5 4.26505e-13 0)
(1.5 3.93266e-13 0)
(1.5 3.93517e-13 0)
(1.5 3.27329e-13 0)
(1.5 3.73043e-13 0)
(1.5 3.87755e-13 0)
(1.5 3.60002e-13 0)
(1.5 4.00329e-13 0)
(1.5 3.89339e-13 0)
(1.5 3.8991e-13 0)
(1.5 3.16975e-13 0)
(1.5 2.08331e-13 0)
(1.5 1.68215e-13 0)
(1.5 1.29447e-13 0)
(1.5 7.56779e-14 0)
(1.5 6.35788e-14 0)
(1.5 9.129e-14 0)
(1.5 1.47876e-13 0)
(1.5 2.36434e-13 0)
(1.5 2.6635e-13 0)
(1.5 1.925e-13 0)
(1.5 1.3576e-13 0)
(1.5 1.53594e-13 0)
(1.5 1.66605e-13 0)
(1.5 2.5842e-13 0)
(1.5 3.22012e-13 0)
(1.5 2.84408e-13 0)
(1.5 1.96596e-13 0)
(1.5 1.31073e-13 0)
(1.5 1.0171e-13 0)
(1.5 1.26918e-13 0)
(1.5 1.5531e-13 0)
(1.5 1.53497e-13 0)
(1.5 6.16771e-14 0)
(1.5 -1.60669e-14 0)
(1.5 4.41556e-15 0)
(1.5 -3.33553e-14 0)
(1.5 -6.53419e-14 0)
(1.5 1.63086e-14 0)
(1.5 -5.82843e-14 0)
(1.5 -9.22396e-14 0)
(1.5 -9.26962e-14 0)
(1.5 -9.87752e-14 0)
(1.5 -8.50976e-14 0)
(1.5 -9.951e-14 0)
(1.5 -2.09442e-13 0)
(1.5 -3.13395e-13 0)
(1.5 -3.81594e-13 0)
(1.5 -4.86758e-13 0)
(1.5 -5.78153e-13 0)
(1.5 -5.88778e-13 0)
(1.5 -5.08112e-13 0)
(1.5 -4.5301e-13 0)
(1.5 -4.10285e-13 0)
(1.5 -5.57716e-13 0)
(1.5 -5.88854e-13 0)
(1.5 -5.43697e-13 0)
(1.5 -4.67853e-13 0)
(1.5 -3.75703e-13 0)
(1.5 -5.83466e-13 0)
(1.5 -6.62156e-13 0)
(1.5 -6.64367e-13 0)
(1.5 -7.02634e-13 0)
(1.5 -6.63362e-13 0)
(1.5 -6.42816e-13 0)
(1.5 -6.96436e-13 0)
(1.5 -7.08594e-13 0)
(1.5 -7.71975e-13 0)
(1.5 -6.90365e-13 0)
(1.5 -6.77052e-13 0)
(1.5 -4.9167e-13 0)
(1.5 -2.70812e-13 0)
(1.5 -1.60265e-13 0)
(1.5 4.41146e-14 0)
(1.5 2.09653e-13 0)
(1.5 2.71871e-13 0)
(1.5 2.8275e-13 0)
(1.5 1.59754e-13 0)
(1.5 1.07269e-13 0)
(1.5 1.52818e-13 0)
(1.5 7.52547e-14 0)
(1.5 -4.10494e-14 0)
(1.5 -1.96115e-13 0)
(1.5 -1.99398e-13 0)
(1.5 -1.76441e-13 0)
(1.5 -1.63464e-13 0)
(1.5 -2.0675e-13 0)
(1.5 -2.6822e-13 0)
(1.5 -2.64456e-13 0)
(1.5 -1.99155e-13 0)
(1.5 -6.44293e-14 0)
(1.5 -1.45746e-14 0)
(1.5 9.25049e-14 0)
(1.5 1.90309e-13 0)
(1.5 2.028e-13 0)
(1.5 2.1726e-13 0)
(1.5 2.19915e-13 0)
(1.5 1.66317e-13 0)
(1.5 2.42666e-13 0)
(1.5 2.45536e-13 0)
(1.5 3.03485e-13 0)
(1.5 2.91692e-13 0)
(1.5 2.59096e-13 0)
(1.5 2.19039e-13 0)
(1.5 2.39875e-13 0)
(1.5 2.13097e-13 0)
(1.5 2.40498e-13 0)
(1.5 1.65323e-13 0)
(1.5 9.55255e-14 0)
(1.5 4.25613e-14 0)
(1.5 -1.53441e-15 0)
(1.5 2.02316e-15 0)
(1.5 1.83583e-14 0)
(1.5 7.07196e-15 0)
(1.5 -1.51652e-14 0)
(1.5 -4.49129e-14 0)
(1.5 -7.88384e-14 0)
(1.5 -3.44734e-14 0)
(1.5 1.24369e-15 0)
(1.5 -1.75324e-14 0)
(1.5 1.45874e-14 0)
(1.5 1.8612e-14 0)
(1.5 1.12487e-13 0)
(1.5 2.38427e-13 0)
(1.5 2.28668e-13 0)
(1.5 1.94349e-13 0)
(1.5 1.27913e-13 0)
(1.5 2.63579e-14 0)
(1.5 -4.51647e-14 0)
(1.5 -7.37832e-14 0)
(1.5 -4.99975e-14 0)
(1.5 2.77149e-14 0)
(1.5 -1.83098e-14 0)
(1.5 -5.94769e-14 0)
(1.5 2.27178e-14 0)
(1.5 8.71952e-14 0)
(1.5 1.11655e-13 0)
(1.5 2.14353e-14 0)
(1.5 -1.59529e-14 0)
(1.5 5.73625e-16 0)
(1.5 -4.51061e-14 0)
(1.5 -7.79717e-14 0)
(1.5 -8.46852e-14 0)
(1.5 -7.67381e-14 0)
(1.5 -6.30739e-14 0)
(1.5 -6.28664e-14 0)
(1.5 -4.54906e-14 0)
(1.5 -8.52648e-14 0)
(1.5 -6.69751e-14 0)
(1.5 -7.18913e-14 0)
(1.5 -1.49987e-14 0)
(1.5 -4.8091e-15 0)
(1.5 -2.09271e-14 0)
(1.5 -1.23836e-14 0)
(1.5 6.03146e-16 0)
(1.5 6.41732e-14 0)
(1.5 8.10952e-14 0)
(1.5 1.25735e-14 0)
(1.5 -3.77267e-14 0)
(1.5 -8.20909e-14 0)
(1.5 -8.85427e-14 0)
(1.5 -1.38058e-13 0)
(1.5 -1.69097e-13 0)
(1.5 -1.13994e-13 0)
(1.5 -1.28185e-13 0)
(1.5 -8.64361e-14 0)
(1.5 -9.58173e-14 0)
(1.5 -7.96991e-14 0)
(1.5 -4.15082e-14 0)
(1.5 -3.93687e-14 0)
(1.5 -3.47109e-15 0)
(1.5 2.83755e-14 0)
(1.5 -4.05183e-15 0)
(1.5 -3.61584e-14 0)
(1.5 -3.90294e-14 0)
(1.5 -6.64683e-14 0)
(1.5 -8.49866e-14 0)
(1.5 -8.4317e-14 0)
(1.5 -1.86639e-14 0)
(1.5 6.439e-15 0)
(1.5 -2.94247e-14 0)
(1.5 -2.26454e-14 0)
(1.5 -7.44003e-14 0)
(1.5 -9.56988e-14 0)
(1.5 -5.35594e-14 0)
(1.5 2.12272e-14 0)
(1.5 6.69526e-14 0)
(1.5 1.00529e-13 0)
(1.5 9.71855e-14 0)
(1.5 1.76561e-13 0)
(1.5 2.41299e-13 0)
(1.5 1.85797e-13 0)
(1.5 1.21903e-13 0)
(1.5 1.62224e-13 0)
(1.5 2.11633e-13 0)
(1.5 2.43349e-13 0)
(1.5 2.61189e-13 0)
(1.5 2.10778e-13 0)
(1.5 2.76027e-13 0)
(1.5 3.14995e-13 0)
(1.5 3.0693e-13 0)
(1.5 2.94757e-13 0)
(1.5 3.10515e-13 0)
(1.5 2.81525e-13 0)
(1.5 2.81187e-13 0)
(1.5 3.14157e-13 0)
(1.5 3.56576e-13 0)
(1.5 3.78763e-13 0)
(1.5 3.81259e-13 0)
(1.5 3.6163e-13 0)
(1.5 3.08607e-13 0)
(1.5 2.47165e-13 0)
(1.5 1.63929e-13 0)
(1.5 6.43032e-14 0)
(1.5 6.30293e-14 0)
(1.5 2.93025e-14 0)
(1.5 6.56983e-14 0)
(1.5 9.17939e-14 0)
(1.5 1.43836e-13 0)
(1.5 1.73626e-13 0)
(1.5 1.33191e-13 0)
(1.5 1.5774e-13 0)
(1.5 1.54883e-13 0)
(1.5 1.34611e-13 0)
(1.5 1.72212e-13 0)
(1.5 2.25093e-13 0)
(1.5 2.66735e-13 0)
(1.5 2.84124e-13 0)
(1.5 2.9894e-13 0)
(1.5 1.99405e-13 0)
(1.5 1.67813e-13 0)
(1.5 1.5989e-13 0)
(1.5 1.0358e-13 0)
(1.5 8.72462e-14 0)
(1.5 1.01947e-13 0)
(1.5 1.37437e-13 0)
(1.5 1.01753e-13 0)
(1.5 7.36417e-14 0)
(1.5 4.77823e-14 0)
(1.5 -1.00883e-13 0)
(1.5 -8.20804e-14 0)
(1.5 -3.21545e-14 0)
(1.5 -9.20357e-17 0)
(1.5 -6.99175e-14 0)
(1.5 -1.3099e-13 0)
(1.5 -1.4106e-13 0)
(1.5 -2.12753e-13 0)
(1.5 -3.31629e-13 0)
(1.5 -4.14611e-13 0)
(1.5 -4.32435e-13 0)
(1.5 -4.92271e-13 0)
(1.5 -4.24839e-13 0)
(1.5 -3.0743e-13 0)
(1.5 -3.17176e-13 0)
(1.5 -4.97532e-13 0)
(1.5 -5.29965e-13 0)
(1.5 -4.46363e-13 0)
(1.5 -3.74453e-13 0)
(1.5 -3.85399e-13 0)
(1.5 -6.01508e-13 0)
(1.5 -7.08766e-13 0)
(1.5 -7.43056e-13 0)
(1.5 -6.98731e-13 0)
(1.5 -6.95888e-13 0)
(1.5 -7.21788e-13 0)
(1.5 -8.06251e-13 0)
(1.5 -8.01216e-13 0)
(1.5 -7.00563e-13 0)
(1.5 -6.98911e-13 0)
(1.5 -8.02746e-13 0)
(1.5 -7.37121e-13 0)
(1.5 -5.53047e-13 0)
(1.5 -4.18204e-13 0)
(1.5 -3.67249e-13 0)
(1.5 -2.45568e-13 0)
(1.5 -9.84068e-14 0)
(1.5 4.0572e-14 0)
(1.5 -3.56448e-14 0)
(1.5 -1.06017e-13 0)
(1.5 -1.39798e-13 0)
(1.5 -1.02095e-13 0)
(1.5 -1.09827e-13 0)
(1.5 -1.99573e-13 0)
(1.5 -3.06199e-13 0)
(1.5 -3.94453e-13 0)
(1.5 -3.49762e-13 0)
(1.5 -3.24913e-13 0)
(1.5 -3.67951e-13 0)
(1.5 -3.1766e-13 0)
(1.5 -2.66781e-13 0)
(1.5 -2.0693e-13 0)
(1.5 -8.50031e-14 0)
(1.5 1.34397e-14 0)
(1.5 1.06711e-13 0)
(1.5 1.86145e-13 0)
(1.5 3.03903e-13 0)
(1.5 2.51392e-13 0)
(1.5 2.16516e-13 0)
(1.5 1.74712e-13 0)
(1.5 1.28378e-13 0)
(1.5 1.56692e-13 0)
(1.5 1.53172e-13 0)
(1.5 2.136e-13 0)
(1.5 1.49872e-13 0)
(1.5 1.11763e-13 0)
(1.5 1.19837e-13 0)
(1.5 8.67461e-14 0)
(1.5 4.5892e-14 0)
(1.5 -2.44195e-15 0)
(1.5 -3.98455e-14 0)
(1.5 -1.68352e-14 0)
(1.5 4.86111e-14 0)
(1.5 1.19958e-13 0)
(1.5 6.10401e-14 0)
(1.5 -5.36159e-14 0)
(1.5 -1.77084e-13 0)
(1.5 -1.84033e-13 0)
(1.5 -1.60359e-15 0)
(1.5 2.15095e-14 0)
(1.5 -5.70916e-14 0)
(1.5 1.52091e-14 0)
(1.5 3.9468e-14 0)
(1.5 1.58855e-13 0)
(1.5 2.27823e-13 0)
(1.5 2.24305e-13 0)
(1.5 2.45933e-13 0)
(1.5 2.09044e-13 0)
(1.5 9.4731e-14 0)
(1.5 5.8096e-16 0)
(1.5 -2.06993e-14 0)
(1.5 1.37576e-15 0)
(1.5 -2.16038e-14 0)
(1.5 -1.13482e-14 0)
(1.5 4.92717e-15 0)
(1.5 -6.47623e-16 0)
(1.5 2.31785e-14 0)
(1.5 4.79354e-14 0)
(1.5 -1.11097e-14 0)
(1.5 4.80085e-14 0)
(1.5 2.04374e-14 0)
(1.5 -4.88933e-15 0)
(1.5 -2.64642e-14 0)
(1.5 -4.16746e-14 0)
(1.5 -5.53513e-14 0)
(1.5 -3.71419e-14 0)
(1.5 1.68762e-14 0)
(1.5 -2.05871e-14 0)
(1.5 -1.08633e-13 0)
(1.5 -1.0736e-13 0)
(1.5 -9.90775e-14 0)
(1.5 -8.62861e-14 0)
(1.5 -4.05169e-14 0)
(1.5 -2.39512e-14 0)
(1.5 3.05644e-14 0)
(1.5 1.02556e-15 0)
(1.5 1.64562e-14 0)
(1.5 2.20434e-14 0)
(1.5 1.34166e-14 0)
(1.5 -2.04953e-14 0)
(1.5 -3.5481e-14 0)
(1.5 -5.98434e-14 0)
(1.5 -6.91286e-14 0)
(1.5 -7.84596e-14 0)
(1.5 -5.88642e-14 0)
(1.5 -7.66899e-14 0)
(1.5 -9.16e-14 0)
(1.5 -1.23148e-13 0)
(1.5 -1.11335e-13 0)
(1.5 -1.03007e-13 0)
(1.5 -7.27841e-14 0)
(1.5 -5.24659e-14 0)
(1.5 2.23895e-17 0)
(1.5 -2.29512e-14 0)
(1.5 -8.52929e-14 0)
(1.5 -9.98633e-14 0)
(1.5 -1.03033e-13 0)
(1.5 -1.20989e-13 0)
(1.5 -1.02486e-13 0)
(1.5 -7.56187e-14 0)
(1.5 -6.51074e-14 0)
(1.5 -8.10513e-14 0)
(1.5 -4.9781e-14 0)
(1.5 -5.96497e-14 0)
(1.5 -6.88183e-14 0)
(1.5 -3.27668e-14 0)
(1.5 -2.59572e-14 0)
(1.5 -3.41359e-14 0)
(1.5 5.82642e-15 0)
(1.5 6.12906e-14 0)
(1.5 1.63125e-13 0)
(1.5 1.76017e-13 0)
(1.5 2.15183e-13 0)
(1.5 1.83676e-13 0)
(1.5 1.5338e-13 0)
(1.5 1.50019e-13 0)
(1.5 2.19947e-13 0)
(1.5 2.64803e-13 0)
(1.5 1.43716e-13 0)
(1.5 1.81262e-13 0)
(1.5 1.91939e-13 0)
(1.5 2.56434e-13 0)
(1.5 2.40998e-13 0)
(1.5 2.48876e-13 0)
(1.5 2.76751e-13 0)
(1.5 2.11226e-13 0)
(1.5 2.61992e-13 0)
(1.5 3.61258e-13 0)
(1.5 3.6942e-13 0)
(1.5 3.77246e-13 0)
(1.5 2.85618e-13 0)
(1.5 2.28043e-13 0)
(1.5 2.26815e-13 0)
(1.5 1.06126e-13 0)
(1.5 5.22996e-14 0)
(1.5 8.31237e-14 0)
(1.5 8.94279e-15 0)
(1.5 6.54879e-16 0)
(1.5 1.29229e-14 0)
(1.5 1.20078e-14 0)
(1.5 7.40676e-14 0)
(1.5 1.48693e-13 0)
(1.5 1.89194e-13 0)
(1.5 2.04051e-13 0)
(1.5 1.32535e-13 0)
(1.5 5.796e-14 0)
(1.5 4.87232e-14 0)
(1.5 1.16071e-13 0)
(1.5 1.59103e-13 0)
(1.5 2.33351e-13 0)
(1.5 2.36797e-13 0)
(1.5 2.0506e-13 0)
(1.5 1.60393e-13 0)
(1.5 9.13514e-14 0)
(1.5 3.65263e-14 0)
(1.5 4.27527e-14 0)
(1.5 3.48874e-15 0)
(1.5 2.12866e-14 0)
(1.5 4.31473e-14 0)
(1.5 5.4505e-14 0)
(1.5 3.03739e-14 0)
(1.5 -5.38903e-14 0)
(1.5 -6.71794e-14 0)
(1.5 -2.41116e-14 0)
(1.5 -1.35375e-13 0)
(1.5 -1.98544e-13 0)
(1.5 -1.61121e-13 0)
(1.5 -1.78352e-13 0)
(1.5 -3.49822e-13 0)
(1.5 -3.90489e-13 0)
(1.5 -4.37841e-13 0)
(1.5 -5.00685e-13 0)
(1.5 -5.07002e-13 0)
(1.5 -3.96069e-13 0)
(1.5 -3.69014e-13 0)
(1.5 -4.06911e-13 0)
(1.5 -4.40101e-13 0)
(1.5 -3.84011e-13 0)
(1.5 -3.18536e-13 0)
(1.5 -4.17543e-13 0)
(1.5 -5.61778e-13 0)
(1.5 -6.93738e-13 0)
(1.5 -7.96025e-13 0)
(1.5 -7.41564e-13 0)
(1.5 -7.9776e-13 0)
(1.5 -9.41276e-13 0)
(1.5 -1.01075e-12 0)
(1.5 -9.83245e-13 0)
(1.5 -7.84237e-13 0)
(1.5 -7.11921e-13 0)
(1.5 -8.18564e-13 0)
(1.5 -8.10522e-13 0)
(1.5 -7.31987e-13 0)
(1.5 -6.81999e-13 0)
(1.5 -6.61019e-13 0)
(1.5 -5.69662e-13 0)
(1.5 -3.43048e-13 0)
(1.5 -1.72689e-13 0)
(1.5 -1.71862e-13 0)
(1.5 -2.28473e-13 0)
(1.5 -3.65266e-13 0)
(1.5 -3.61914e-13 0)
(1.5 -3.79527e-13 0)
(1.5 -4.26601e-13 0)
(1.5 -5.68537e-13 0)
(1.5 -6.9035e-13 0)
(1.5 -6.65384e-13 0)
(1.5 -5.75538e-13 0)
(1.5 -5.24013e-13 0)
(1.5 -4.42e-13 0)
(1.5 -4.17262e-13 0)
(1.5 -4.11754e-13 0)
(1.5 -2.71909e-13 0)
(1.5 -1.77403e-13 0)
(1.5 -3.93692e-14 0)
(1.5 1.40606e-13 0)
(1.5 2.9236e-13 0)
(1.5 2.089e-13 0)
(1.5 1.18015e-13 0)
(1.5 3.6682e-14 0)
(1.5 5.65995e-14 0)
(1.5 1.20341e-13 0)
(1.5 1.63248e-13 0)
(1.5 1.53797e-13 0)
(1.5 8.41884e-14 0)
(1.5 6.44658e-14 0)
(1.5 1.30388e-13 0)
(1.5 9.96436e-14 0)
(1.5 6.04686e-14 0)
(1.5 -8.37584e-15 0)
(1.5 -2.90815e-14 0)
(1.5 2.92345e-14 0)
(1.5 4.34434e-14 0)
(1.5 1.00255e-13 0)
(1.5 5.78773e-14 0)
(1.5 -3.80971e-14 0)
(1.5 -1.20411e-13 0)
(1.5 -1.28913e-13 0)
(1.5 6.09639e-14 0)
(1.5 1.09523e-13 0)
(1.5 1.41727e-13 0)
(1.5 1.42108e-13 0)
(1.5 1.22261e-13 0)
(1.5 1.54889e-13 0)
(1.5 1.10231e-13 0)
(1.5 1.19436e-13 0)
(1.5 1.17908e-13 0)
(1.5 8.72286e-14 0)
(1.5 6.58938e-14 0)
(1.5 5.30729e-15 0)
(1.5 -1.30228e-15 0)
(1.5 4.82415e-14 0)
(1.5 -5.70843e-14 0)
(1.5 -1.06204e-13 0)
(1.5 -9.82292e-14 0)
(1.5 -1.00192e-13 0)
(1.5 -5.97856e-14 0)
(1.5 -1.56698e-14 0)
(1.5 5.48805e-14 0)
(1.5 1.11446e-13 0)
(1.5 4.64198e-14 0)
(1.5 7.22193e-14 0)
(1.5 5.6088e-14 0)
(1.5 2.52436e-14 0)
(1.5 -5.87855e-14 0)
(1.5 -4.3755e-14 0)
(1.5 4.76911e-14 0)
(1.5 3.85757e-15 0)
(1.5 -2.79607e-14 0)
(1.5 -1.04077e-13 0)
(1.5 -9.68081e-14 0)
(1.5 -1.29354e-13 0)
(1.5 -6.27487e-14 0)
(1.5 2.32685e-14 0)
(1.5 5.46089e-14 0)
(1.5 3.78234e-14 0)
(1.5 7.21911e-14 0)
(1.5 4.9505e-14 0)
(1.5 2.1174e-15 0)
(1.5 5.53652e-14 0)
(1.5 1.71423e-14 0)
(1.5 -4.14068e-15 0)
(1.5 7.31009e-16 0)
(1.5 1.26831e-14 0)
(1.5 1.67085e-14 0)
(1.5 -1.20206e-14 0)
(1.5 -7.04189e-14 0)
(1.5 -7.85008e-14 0)
(1.5 -5.60284e-14 0)
(1.5 -8.93458e-14 0)
(1.5 -8.70204e-14 0)
(1.5 -5.02561e-14 0)
(1.5 1.19342e-14 0)
(1.5 -8.40545e-15 0)
(1.5 -7.19933e-14 0)
(1.5 -3.90615e-14 0)
(1.5 -4.14874e-14 0)
(1.5 -7.59708e-14 0)
(1.5 -4.3183e-14 0)
(1.5 -3.76448e-14 0)
(1.5 -2.29402e-14 0)
(1.5 6.99018e-15 0)
(1.5 1.19307e-14 0)
(1.5 4.63351e-14 0)
(1.5 2.76112e-14 0)
(1.5 3.96054e-14 0)
(1.5 3.91144e-14 0)
(1.5 -1.05355e-14 0)
(1.5 -3.1234e-15 0)
(1.5 7.9015e-14 0)
(1.5 1.32297e-13 0)
(1.5 1.17538e-13 0)
(1.5 1.61857e-13 0)
(1.5 2.19381e-13 0)
(1.5 1.60107e-13 0)
(1.5 1.40101e-13 0)
(1.5 1.66025e-13 0)
(1.5 1.33523e-13 0)
(1.5 4.91511e-14 0)
(1.5 1.29304e-13 0)
(1.5 1.61934e-13 0)
(1.5 2.22574e-13 0)
(1.5 2.66677e-13 0)
(1.5 2.56871e-13 0)
(1.5 2.84204e-13 0)
(1.5 2.54985e-13 0)
(1.5 2.87667e-13 0)
(1.5 3.94155e-13 0)
(1.5 3.93005e-13 0)
(1.5 3.6116e-13 0)
(1.5 2.64825e-13 0)
(1.5 1.93805e-13 0)
(1.5 1.69854e-13 0)
(1.5 1.27597e-13 0)
(1.5 1.41814e-13 0)
(1.5 8.45398e-14 0)
(1.5 5.04545e-14 0)
(1.5 9.31207e-15 0)
(1.5 -4.6805e-14 0)
(1.5 -9.99961e-14 0)
(1.5 -6.13705e-14 0)
(1.5 3.91713e-15 0)
(1.5 7.75402e-15 0)
(1.5 3.43546e-14 0)
(1.5 1.0121e-13 0)
(1.5 2.15759e-14 0)
(1.5 2.16412e-14 0)
(1.5 3.37106e-14 0)
(1.5 -1.66328e-14 0)
(1.5 -6.47395e-15 0)
(1.5 7.10121e-14 0)
(1.5 7.03884e-14 0)
(1.5 9.28874e-14 0)
(1.5 6.29729e-14 0)
(1.5 3.09447e-14 0)
(1.5 -4.51889e-14 0)
(1.5 -3.93966e-14 0)
(1.5 -2.39764e-14 0)
(1.5 -8.66991e-14 0)
(1.5 -5.82873e-14 0)
(1.5 3.03294e-14 0)
(1.5 -1.82725e-14 0)
(1.5 -5.51952e-14 0)
(1.5 -5.04024e-14 0)
(1.5 -1.17438e-13 0)
(1.5 -1.43464e-13 0)
(1.5 -1.61673e-13 0)
(1.5 -2.15117e-13 0)
(1.5 -3.11714e-13 0)
(1.5 -3.20475e-13 0)
(1.5 -4.6131e-13 0)
(1.5 -5.43643e-13 0)
(1.5 -6.04942e-13 0)
(1.5 -5.69056e-13 0)
(1.5 -4.58349e-13 0)
(1.5 -3.83642e-13 0)
(1.5 -4.04525e-13 0)
(1.5 -3.44936e-13 0)
(1.5 -3.50395e-13 0)
(1.5 -4.39297e-13 0)
(1.5 -4.66332e-13 0)
(1.5 -5.71498e-13 0)
(1.5 -7.34883e-13 0)
(1.5 -6.92702e-13 0)
(1.5 -7.61033e-13 0)
(1.5 -9.63643e-13 0)
(1.5 -1.02839e-12 0)
(1.5 -9.71764e-13 0)
(1.5 -7.78536e-13 0)
(1.5 -6.14565e-13 0)
(1.5 -6.31929e-13 0)
(1.5 -6.34253e-13 0)
(1.5 -6.36857e-13 0)
(1.5 -6.08679e-13 0)
(1.5 -5.88103e-13 0)
(1.5 -6.10035e-13 0)
(1.5 -4.89145e-13 0)
(1.5 -4.05776e-13 0)
(1.5 -3.68399e-13 0)
(1.5 -3.97394e-13 0)
(1.5 -5.30945e-13 0)
(1.5 -5.86221e-13 0)
(1.5 -6.48221e-13 0)
(1.5 -7.13619e-13 0)
(1.5 -8.27364e-13 0)
(1.5 -1.00928e-12 0)
(1.5 -9.85354e-13 0)
(1.5 -8.2539e-13 0)
(1.5 -7.2884e-13 0)
(1.5 -6.58729e-13 0)
(1.5 -6.78905e-13 0)
(1.5 -6.46777e-13 0)
(1.5 -4.78393e-13 0)
(1.5 -2.62948e-13 0)
(1.5 -1.50311e-13 0)
(1.5 2.40947e-14 0)
(1.5 1.24695e-13 0)
(1.5 1.28583e-13 0)
(1.5 8.25868e-14 0)
(1.5 2.52239e-14 0)
(1.5 8.1188e-14 0)
(1.5 1.56095e-13 0)
(1.5 1.43778e-13 0)
(1.5 6.56016e-14 0)
(1.5 5.1417e-14 0)
(1.5 8.98586e-14 0)
(1.5 1.67507e-13 0)
(1.5 1.46711e-13 0)
(1.5 8.81725e-14 0)
(1.5 8.39559e-14 0)
(1.5 1.45271e-13 0)
(1.5 8.80873e-14 0)
(1.5 2.35026e-14 0)
(1.5 2.78357e-14 0)
(1.5 3.44542e-14 0)
(1.5 1.55893e-14 0)
(1.5 -1.00045e-14 0)
(1.5 -1.57219e-14 0)
(1.5 5.0235e-14 0)
(1.5 1.0515e-13 0)
(1.5 2.15065e-13 0)
(1.5 2.20822e-13 0)
(1.5 2.29183e-13 0)
(1.5 1.50819e-13 0)
(1.5 7.76245e-14 0)
(1.5 3.89162e-14 0)
(1.5 1.27652e-14 0)
(1.5 -5.55816e-14 0)
(1.5 -6.86238e-14 0)
(1.5 -6.86203e-14 0)
(1.5 -3.1627e-14 0)
(1.5 -2.68643e-14 0)
(1.5 -1.05339e-13 0)
(1.5 -1.81738e-13 0)
(1.5 -2.00634e-13 0)
(1.5 -1.68872e-13 0)
(1.5 -6.24855e-14 0)
(1.5 1.66322e-14 0)
(1.5 7.64645e-14 0)
(1.5 4.06491e-14 0)
(1.5 5.93024e-14 0)
(1.5 8.87604e-14 0)
(1.5 8.38736e-14 0)
(1.5 5.49198e-14 0)
(1.5 1.74554e-14 0)
(1.5 1.53643e-14 0)
(1.5 8.43505e-15 0)
(1.5 -3.70878e-14 0)
(1.5 -4.71305e-15 0)
(1.5 -7.99063e-14 0)
(1.5 -8.01905e-14 0)
(1.5 -8.9282e-14 0)
(1.5 -3.05366e-14 0)
(1.5 4.107e-15 0)
(1.5 -4.37588e-14 0)
(1.5 -3.95669e-14 0)
(1.5 9.47791e-15 0)
(1.5 5.92619e-15 0)
(1.5 6.2804e-14 0)
(1.5 8.13326e-14 0)
(1.5 4.91998e-14 0)
(1.5 3.5688e-14 0)
(1.5 4.46697e-14 0)
(1.5 5.53188e-14 0)
(1.5 1.87682e-14 0)
(1.5 8.68257e-15 0)
(1.5 -3.04608e-14 0)
(1.5 -5.43833e-14 0)
(1.5 -7.55416e-14 0)
(1.5 -9.32077e-14 0)
(1.5 -4.20127e-14 0)
(1.5 -5.39072e-14 0)
(1.5 -6.23634e-15 0)
(1.5 1.14551e-15 0)
(1.5 -1.97091e-14 0)
(1.5 1.41371e-14 0)
(1.5 1.00491e-14 0)
(1.5 -5.24201e-14 0)
(1.5 -4.04837e-14 0)
(1.5 -3.39043e-14 0)
(1.5 -2.83006e-14 0)
(1.5 -8.57566e-15 0)
(1.5 -1.59717e-14 0)
(1.5 5.4463e-14 0)
(1.5 1.01694e-13 0)
(1.5 1.28944e-13 0)
(1.5 9.17136e-14 0)
(1.5 9.70154e-14 0)
(1.5 3.95175e-14 0)
(1.5 9.49137e-14 0)
(1.5 1.30748e-13 0)
(1.5 1.13573e-13 0)
(1.5 1.31545e-13 0)
(1.5 2.04286e-13 0)
(1.5 1.75958e-13 0)
(1.5 1.46474e-13 0)
(1.5 9.58122e-14 0)
(1.5 1.93834e-14 0)
(1.5 4.68298e-14 0)
(1.5 6.43575e-14 0)
(1.5 1.11966e-13 0)
(1.5 1.67635e-13 0)
(1.5 2.50528e-13 0)
(1.5 2.29941e-13 0)
(1.5 2.50791e-13 0)
(1.5 2.76645e-13 0)
(1.5 2.92248e-13 0)
(1.5 3.49305e-13 0)
(1.5 3.46401e-13 0)
(1.5 3.58186e-13 0)
(1.5 3.33392e-13 0)
(1.5 2.42612e-13 0)
(1.5 1.95877e-13 0)
(1.5 1.8373e-13 0)
(1.5 1.06585e-13 0)
(1.5 1.1391e-14 0)
(1.5 3.17843e-14 0)
(1.5 7.07194e-15 0)
(1.5 -7.82126e-14 0)
(1.5 -8.7643e-14 0)
(1.5 -6.3019e-14 0)
(1.5 -6.01533e-14 0)
(1.5 -3.83237e-14 0)
(1.5 1.12389e-14 0)
(1.5 1.19098e-13 0)
(1.5 9.28229e-14 0)
(1.5 7.55287e-14 0)
(1.5 4.09195e-14 0)
(1.5 -1.60655e-14 0)
(1.5 2.44968e-14 0)
(1.5 1.15145e-13 0)
(1.5 1.23774e-13 0)
(1.5 7.36412e-14 0)
(1.5 5.75145e-14 0)
(1.5 1.34814e-13 0)
(1.5 5.94719e-14 0)
(1.5 7.82344e-14 0)
(1.5 2.23068e-14 0)
(1.5 -7.61026e-14 0)
(1.5 -5.88611e-14 0)
(1.5 -4.72173e-14 0)
(1.5 2.01081e-14 0)
(1.5 -4.02147e-14 0)
(1.5 -7.40537e-14 0)
(1.5 -1.48162e-14 0)
(1.5 4.12463e-14 0)
(1.5 -2.59141e-14 0)
(1.5 -1.29015e-13 0)
(1.5 -1.1947e-13 0)
(1.5 -1.02135e-13 0)
(1.5 -3.15946e-13 0)
(1.5 -4.51641e-13 0)
(1.5 -4.81914e-13 0)
(1.5 -4.44825e-13 0)
(1.5 -3.14996e-13 0)
(1.5 -2.36416e-13 0)
(1.5 -2.47413e-13 0)
(1.5 -3.31309e-13 0)
(1.5 -4.07795e-13 0)
(1.5 -4.15189e-13 0)
(1.5 -3.57227e-13 0)
(1.5 -4.03249e-13 0)
(1.5 -5.39504e-13 0)
(1.5 -6.00611e-13 0)
(1.5 -6.57517e-13 0)
(1.5 -8.31348e-13 0)
(1.5 -8.57835e-13 0)
(1.5 -7.9752e-13 0)
(1.5 -6.58688e-13 0)
(1.5 -5.79056e-13 0)
(1.5 -5.67191e-13 0)
(1.5 -5.26807e-13 0)
(1.5 -5.5389e-13 0)
(1.5 -5.16552e-13 0)
(1.5 -5.00484e-13 0)
(1.5 -5.46816e-13 0)
(1.5 -4.91853e-13 0)
(1.5 -5.01554e-13 0)
(1.5 -4.93066e-13 0)
(1.5 -5.31705e-13 0)
(1.5 -6.36801e-13 0)
(1.5 -6.09439e-13 0)
(1.5 -6.46211e-13 0)
(1.5 -7.01174e-13 0)
(1.5 -7.79279e-13 0)
(1.5 -1.03185e-12 0)
(1.5 -1.02916e-12 0)
(1.5 -9.59578e-13 0)
(1.5 -8.93353e-13 0)
(1.5 -8.05726e-13 0)
(1.5 -8.7688e-13 0)
(1.5 -7.64818e-13 0)
(1.5 -5.41987e-13 0)
(1.5 -2.33066e-13 0)
(1.5 -1.11335e-13 0)
(1.5 -1.76858e-14 0)
(1.5 8.60965e-14 0)
(1.5 2.65761e-13 0)
(1.5 2.86067e-13 0)
(1.5 2.24433e-13 0)
(1.5 1.99477e-13 0)
(1.5 1.96689e-13 0)
(1.5 1.44078e-13 0)
(1.5 7.31385e-14 0)
(1.5 9.97179e-15 0)
(1.5 5.41308e-14 0)
(1.5 1.27323e-13 0)
(1.5 8.13103e-14 0)
(1.5 6.18851e-14 0)
(1.5 7.83583e-14 0)
(1.5 1.61326e-13 0)
(1.5 1.64977e-13 0)
(1.5 1.09708e-13 0)
(1.5 4.95376e-14 0)
(1.5 9.93108e-16 0)
(1.5 1.88225e-14 0)
(1.5 4.68493e-14 0)
(1.5 1.79861e-14 0)
(1.5 5.06055e-16 0)
(1.5 2.10439e-14 0)
(1.5 9.95277e-14 0)
(1.5 1.1567e-13 0)
(1.5 1.11117e-13 0)
(1.5 1.81979e-14 0)
(1.5 4.87509e-14 0)
(1.5 2.55181e-14 0)
(1.5 -4.14109e-14 0)
(1.5 -8.46466e-14 0)
(1.5 -1.07408e-13 0)
(1.5 -9.76232e-14 0)
(1.5 -9.33861e-14 0)
(1.5 -8.14869e-14 0)
(1.5 -1.17318e-13 0)
(1.5 -1.48892e-13 0)
(1.5 -1.27951e-13 0)
(1.5 -1.47715e-13 0)
(1.5 -4.97007e-14 0)
(1.5 1.72424e-14 0)
(1.5 5.66906e-14 0)
(1.5 4.37298e-14 0)
(1.5 5.22284e-14 0)
(1.5 1.52166e-14 0)
(1.5 -2.33261e-14 0)
(1.5 3.36815e-15 0)
(1.5 1.65123e-14 0)
(1.5 -2.82637e-14 0)
(1.5 -4.16729e-14 0)
(1.5 -3.61624e-14 0)
(1.5 -1.84682e-14 0)
(1.5 -1.71303e-14 0)
(1.5 -3.54727e-14 0)
(1.5 1.15662e-14 0)
(1.5 -1.09267e-14 0)
(1.5 -5.11153e-14 0)
(1.5 -3.40385e-14 0)
(1.5 -5.78632e-14 0)
(1.5 -2.13801e-14 0)
(1.5 -1.25736e-14 0)
(1.5 5.40497e-14 0)
(1.5 1.12154e-14 0)
(1.5 3.11493e-14 0)
(1.5 -1.50028e-14 0)
(1.5 6.98969e-14 0)
(1.5 1.16889e-13 0)
(1.5 8.40383e-15 0)
(1.5 2.29829e-15 0)
(1.5 -1.55957e-14 0)
(1.5 -5.88365e-14 0)
(1.5 -1.03713e-13 0)
(1.5 -1.34756e-13 0)
(1.5 -8.30433e-14 0)
(1.5 -1.23664e-13 0)
(1.5 -1.47582e-13 0)
(1.5 -1.0706e-13 0)
(1.5 -1.08389e-13 0)
(1.5 -7.561e-14 0)
(1.5 -5.23361e-14 0)
(1.5 -5.76149e-14 0)
(1.5 -6.30541e-14 0)
(1.5 -1.11512e-13 0)
(1.5 -1.37377e-13 0)
(1.5 -8.17886e-14 0)
(1.5 -3.50538e-14 0)
(1.5 4.51272e-14 0)
(1.5 1.84918e-13 0)
(1.5 1.92459e-13 0)
(1.5 1.36798e-13 0)
(1.5 1.62428e-13 0)
(1.5 9.17608e-14 0)
(1.5 1.12547e-13 0)
(1.5 9.5723e-14 0)
(1.5 9.25839e-14 0)
(1.5 1.35294e-13 0)
(1.5 1.04635e-13 0)
(1.5 1.19428e-13 0)
(1.5 1.34888e-13 0)
(1.5 9.5808e-14 0)
(1.5 7.32378e-14 0)
(1.5 8.39042e-14 0)
(1.5 4.3875e-14 0)
(1.5 8.96759e-14 0)
(1.5 1.05182e-13 0)
(1.5 1.42963e-13 0)
(1.5 1.67134e-13 0)
(1.5 2.76643e-13 0)
(1.5 2.81021e-13 0)
(1.5 2.41964e-13 0)
(1.5 2.27814e-13 0)
(1.5 2.56504e-13 0)
(1.5 3.21689e-13 0)
(1.5 3.77392e-13 0)
(1.5 3.10846e-13 0)
(1.5 2.17712e-13 0)
(1.5 9.24975e-14 0)
(1.5 -5.33942e-14 0)
(1.5 -9.20554e-14 0)
(1.5 -6.90052e-14 0)
(1.5 -7.02166e-14 0)
(1.5 -9.62795e-14 0)
(1.5 -7.75212e-14 0)
(1.5 -8.30936e-14 0)
(1.5 -1.61685e-13 0)
(1.5 -5.70381e-14 0)
(1.5 1.4346e-15 0)
(1.5 2.94321e-14 0)
(1.5 8.15525e-14 0)
(1.5 1.04368e-13 0)
(1.5 4.71889e-14 0)
(1.5 1.08528e-14 0)
(1.5 1.39804e-13 0)
(1.5 2.15105e-13 0)
(1.5 2.25614e-13 0)
(1.5 1.46276e-13 0)
(1.5 1.27462e-13 0)
(1.5 1.61179e-13 0)
(1.5 1.00934e-13 0)
(1.5 3.59961e-14 0)
(1.5 -1.43899e-14 0)
(1.5 -2.0885e-14 0)
(1.5 6.71528e-15 0)
(1.5 -3.83993e-14 0)
(1.5 -3.19204e-14 0)
(1.5 -5.13906e-14 0)
(1.5 -9.96258e-14 0)
(1.5 2.52627e-14 0)
(1.5 7.33447e-14 0)
(1.5 1.18907e-14 0)
(1.5 -4.76133e-14 0)
(1.5 -5.45818e-15 0)
(1.5 5.42751e-15 0)
(1.5 -1.69177e-13 0)
(1.5 -3.09676e-13 0)
(1.5 -3.40259e-13 0)
(1.5 -3.10273e-13 0)
(1.5 -2.85272e-13 0)
(1.5 -2.48351e-13 0)
(1.5 -2.18621e-13 0)
(1.5 -3.06118e-13 0)
(1.5 -3.94574e-13 0)
(1.5 -3.58724e-13 0)
(1.5 -3.07529e-13 0)
(1.5 -4.05818e-13 0)
(1.5 -4.65509e-13 0)
(1.5 -5.34937e-13 0)
(1.5 -5.77672e-13 0)
(1.5 -6.99561e-13 0)
(1.5 -6.71625e-13 0)
(1.5 -6.356e-13 0)
(1.5 -6.37128e-13 0)
(1.5 -5.74929e-13 0)
(1.5 -5.56639e-13 0)
(1.5 -5.52153e-13 0)
(1.5 -5.65987e-13 0)
(1.5 -5.3668e-13 0)
(1.5 -4.94316e-13 0)
(1.5 -4.60585e-13 0)
(1.5 -4.94145e-13 0)
(1.5 -5.49058e-13 0)
(1.5 -5.41262e-13 0)
(1.5 -5.61881e-13 0)
(1.5 -6.65279e-13 0)
(1.5 -6.84518e-13 0)
(1.5 -6.76789e-13 0)
(1.5 -6.32766e-13 0)
(1.5 -5.78551e-13 0)
(1.5 -7.60754e-13 0)
(1.5 -8.47636e-13 0)
(1.5 -9.09821e-13 0)
(1.5 -8.76584e-13 0)
(1.5 -8.2877e-13 0)
(1.5 -8.66602e-13 0)
(1.5 -7.54087e-13 0)
(1.5 -5.6522e-13 0)
(1.5 -3.4865e-13 0)
(1.5 -1.56812e-13 0)
(1.5 -5.67406e-14 0)
(1.5 4.74843e-14 0)
(1.5 2.48949e-13 0)
(1.5 3.38491e-13 0)
(1.5 2.78653e-13 0)
(1.5 1.50288e-13 0)
(1.5 1.24724e-13 0)
(1.5 9.28894e-14 0)
(1.5 1.84571e-15 0)
(1.5 -1.13858e-13 0)
(1.5 -1.07151e-13 0)
(1.5 -3.72649e-14 0)
(1.5 2.79182e-14 0)
(1.5 5.31998e-14 0)
(1.5 -1.40032e-14 0)
(1.5 -2.12424e-14 0)
(1.5 1.05996e-13 0)
(1.5 1.06166e-13 0)
(1.5 4.47331e-14 0)
(1.5 1.98777e-14 0)
(1.5 1.28863e-14 0)
(1.5 3.70004e-14 0)
(1.5 -4.5213e-15 0)
(1.5 -3.5014e-14 0)
(1.5 -3.64333e-14 0)
(1.5 -2.75443e-14 0)
(1.5 2.67758e-14 0)
(1.5 4.90935e-14 0)
(1.5 5.93566e-14 0)
(1.5 1.05169e-13 0)
(1.5 1.41774e-13 0)
(1.5 7.42449e-14 0)
(1.5 3.07848e-14 0)
(1.5 5.1863e-14 0)
(1.5 3.68152e-14 0)
(1.5 6.31136e-15 0)
(1.5 -3.47002e-14 0)
(1.5 -1.02823e-13 0)
(1.5 -1.08903e-13 0)
(1.5 -1.25253e-13 0)
(1.5 -1.70863e-13 0)
(1.5 -1.14064e-13 0)
(1.5 -5.03572e-14 0)
(1.5 5.28419e-15 0)
(1.5 3.78217e-14 0)
(1.5 2.90841e-14 0)
(1.5 -2.24805e-14 0)
(1.5 -4.78072e-14 0)
(1.5 -1.08473e-14 0)
(1.5 1.95796e-14 0)
(1.5 2.0844e-14 0)
(1.5 5.31847e-14 0)
(1.5 1.27161e-13 0)
(1.5 9.40433e-14 0)
(1.5 1.45535e-14 0)
(1.5 -3.18854e-14 0)
(1.5 3.70523e-14 0)
(1.5 -5.01049e-15 0)
(1.5 1.36305e-14 0)
(1.5 4.47924e-14 0)
(1.5 3.09539e-14 0)
(1.5 1.37936e-14 0)
(1.5 1.05301e-14 0)
(1.5 -3.62405e-14 0)
(1.5 -2.29256e-14 0)
(1.5 6.75063e-14 0)
(1.5 1.64669e-14 0)
(1.5 4.478e-14 0)
(1.5 4.16081e-14 0)
(1.5 3.08694e-15 0)
(1.5 3.14437e-14 0)
(1.5 6.58402e-14 0)
(1.5 1.38598e-15 0)
(1.5 -5.14453e-14 0)
(1.5 -4.73849e-14 0)
(1.5 -5.99149e-14 0)
(1.5 -1.04406e-13 0)
(1.5 -1.49202e-13 0)
(1.5 -1.45092e-13 0)
(1.5 -1.10202e-13 0)
(1.5 -9.77171e-14 0)
(1.5 -9.3123e-14 0)
(1.5 9.55798e-15 0)
(1.5 1.61373e-14 0)
(1.5 -2.38721e-14 0)
(1.5 -5.27958e-14 0)
(1.5 -1.56684e-14 0)
(1.5 3.95463e-14 0)
(1.5 1.11616e-13 0)
(1.5 2.23898e-13 0)
(1.5 2.24259e-13 0)
(1.5 2.18315e-13 0)
(1.5 2.22152e-13 0)
(1.5 2.02735e-13 0)
(1.5 1.55325e-13 0)
(1.5 1.16599e-13 0)
(1.5 1.28692e-13 0)
(1.5 1.54264e-13 0)
(1.5 1.22232e-13 0)
(1.5 1.92273e-13 0)
(1.5 2.34966e-13 0)
(1.5 1.96631e-13 0)
(1.5 1.85657e-13 0)
(1.5 1.62365e-13 0)
(1.5 1.02047e-13 0)
(1.5 4.34484e-14 0)
(1.5 1.30092e-14 0)
(1.5 5.94323e-14 0)
(1.5 1.04961e-13 0)
(1.5 2.21233e-13 0)
(1.5 2.09315e-13 0)
(1.5 1.48939e-13 0)
(1.5 1.30162e-13 0)
(1.5 1.35054e-13 0)
(1.5 1.35841e-13 0)
(1.5 2.3149e-13 0)
(1.5 2.12175e-13 0)
(1.5 1.08477e-13 0)
(1.5 -8.26609e-15 0)
(1.5 -1.13008e-13 0)
(1.5 -1.3499e-13 0)
(1.5 -1.37653e-13 0)
(1.5 -1.42845e-13 0)
(1.5 -1.70792e-13 0)
(1.5 -1.64155e-13 0)
(1.5 -1.32393e-13 0)
(1.5 -1.81919e-13 0)
(1.5 -9.3101e-14 0)
(1.5 -3.81162e-14 0)
(1.5 4.72116e-14 0)
(1.5 1.24691e-13 0)
(1.5 1.43784e-13 0)
(1.5 8.71787e-14 0)
(1.5 1.11969e-13 0)
(1.5 1.0613e-13 0)
(1.5 9.94824e-14 0)
(1.5 1.18641e-13 0)
(1.5 2.04262e-13 0)
(1.5 1.74716e-13 0)
(1.5 1.38797e-13 0)
(1.5 1.19145e-13 0)
(1.5 6.23939e-14 0)
(1.5 5.31344e-14 0)
(1.5 7.02552e-14 0)
(1.5 1.33699e-14 0)
(1.5 -2.89182e-15 0)
(1.5 -5.57488e-14 0)
(1.5 -3.96593e-14 0)
(1.5 -3.39706e-14 0)
(1.5 2.99349e-14 0)
(1.5 7.80082e-15 0)
(1.5 -2.80009e-14 0)
(1.5 -5.95138e-15 0)
(1.5 2.0391e-14 0)
(1.5 -8.80208e-15 0)
(1.5 -5.23656e-14 0)
(1.5 -9.08556e-14 0)
(1.5 -1.49603e-13 0)
(1.5 -2.15299e-13 0)
(1.5 -2.446e-13 0)
(1.5 -2.5027e-13 0)
(1.5 -2.36293e-13 0)
(1.5 -2.51211e-13 0)
(1.5 -3.42451e-13 0)
(1.5 -3.47702e-13 0)
(1.5 -3.69753e-13 0)
(1.5 -4.49143e-13 0)
(1.5 -4.4842e-13 0)
(1.5 -4.12094e-13 0)
(1.5 -4.13671e-13 0)
(1.5 -4.73464e-13 0)
(1.5 -5.03916e-13 0)
(1.5 -5.05814e-13 0)
(1.5 -5.53726e-13 0)
(1.5 -4.75577e-13 0)
(1.5 -4.59795e-13 0)
(1.5 -5.09051e-13 0)
(1.5 -4.26957e-13 0)
(1.5 -3.97272e-13 0)
(1.5 -3.95068e-13 0)
(1.5 -2.96244e-13 0)
(1.5 -3.88511e-13 0)
(1.5 -4.86002e-13 0)
(1.5 -5.33071e-13 0)
(1.5 -5.07678e-13 0)
(1.5 -5.11849e-13 0)
(1.5 -6.57126e-13 0)
(1.5 -6.59789e-13 0)
(1.5 -5.04599e-13 0)
(1.5 -4.26096e-13 0)
(1.5 -6.10155e-13 0)
(1.5 -7.78935e-13 0)
(1.5 -8.3696e-13 0)
(1.5 -7.83312e-13 0)
(1.5 -6.79394e-13 0)
(1.5 -6.82212e-13 0)
(1.5 -5.98459e-13 0)
(1.5 -4.73503e-13 0)
(1.5 -3.62833e-13 0)
(1.5 -1.99251e-13 0)
(1.5 -1.80616e-13 0)
(1.5 -5.90662e-14 0)
(1.5 1.13427e-13 0)
(1.5 2.34582e-13 0)
(1.5 1.86799e-13 0)
(1.5 6.56442e-14 0)
(1.5 3.72839e-14 0)
(1.5 -2.31261e-14 0)
(1.5 -9.02803e-14 0)
(1.5 -1.30637e-13 0)
(1.5 -1.70856e-13 0)
(1.5 -1.30475e-13 0)
(1.5 1.44244e-14 0)
(1.5 3.20638e-14 0)
(1.5 -2.5094e-14 0)
(1.5 -3.54774e-14 0)
(1.5 3.60613e-14 0)
(1.5 1.94465e-14 0)
(1.5 -2.86176e-14 0)
(1.5 1.40152e-14 0)
(1.5 -1.02749e-14 0)
(1.5 -5.4171e-15 0)
(1.5 -7.23777e-14 0)
(1.5 -3.30663e-14 0)
(1.5 -1.83026e-14 0)
(1.5 -5.9525e-14 0)
(1.5 -1.17558e-14 0)
(1.5 4.27997e-14 0)
(1.5 1.05544e-13 0)
(1.5 8.77563e-14 0)
(1.5 8.53319e-14 0)
(1.5 9.52628e-14 0)
(1.5 1.24521e-13 0)
(1.5 1.83225e-13 0)
(1.5 1.39886e-13 0)
(1.5 9.4688e-14 0)
(1.5 -1.31994e-14 0)
(1.5 -5.8502e-14 0)
(1.5 -9.80938e-14 0)
(1.5 -1.19667e-13 0)
(1.5 -1.22019e-13 0)
(1.5 -1.83715e-13 0)
(1.5 -1.44081e-13 0)
(1.5 -1.02297e-13 0)
(1.5 -1.34538e-13 0)
(1.5 -1.46244e-13 0)
(1.5 -1.46688e-13 0)
(1.5 -1.07891e-13 0)
(1.5 -7.62921e-14 0)
(1.5 -1.83624e-14 0)
(1.5 5.38629e-14 0)
(1.5 9.48071e-14 0)
(1.5 1.33272e-13 0)
(1.5 9.28049e-14 0)
(1.5 2.03822e-14 0)
(1.5 1.75491e-14 0)
(1.5 2.45582e-14 0)
(1.5 2.24813e-14 0)
(1.5 3.49482e-14 0)
(1.5 2.38119e-14 0)
(1.5 1.62677e-15 0)
(1.5 -6.00675e-14 0)
(1.5 -6.64479e-14 0)
(1.5 -7.01741e-14 0)
(1.5 -8.38676e-15 0)
(1.5 6.62887e-14 0)
(1.5 5.30515e-14 0)
(1.5 -1.76855e-14 0)
(1.5 -6.56661e-14 0)
(1.5 -5.16185e-15 0)
(1.5 4.52247e-14 0)
(1.5 6.17223e-14 0)
(1.5 7.23534e-15 0)
(1.5 -6.08717e-14 0)
(1.5 -2.23017e-14 0)
(1.5 -5.49949e-14 0)
(1.5 -9.35143e-14 0)
(1.5 -7.54793e-14 0)
(1.5 -7.2063e-14 0)
(1.5 -7.38878e-14 0)
(1.5 -1.19311e-13 0)
(1.5 -1.16433e-13 0)
(1.5 -1.05606e-14 0)
(1.5 1.55907e-14 0)
(1.5 3.20357e-14 0)
(1.5 1.10981e-14 0)
(1.5 -3.30313e-14 0)
(1.5 3.38534e-14 0)
(1.5 5.84247e-14 0)
(1.5 1.23411e-13 0)
(1.5 1.42236e-13 0)
(1.5 1.54198e-13 0)
(1.5 1.90772e-13 0)
(1.5 1.91843e-13 0)
(1.5 1.88397e-13 0)
(1.5 1.2433e-13 0)
(1.5 9.92973e-14 0)
(1.5 9.45609e-14 0)
(1.5 1.43536e-13 0)
(1.5 2.25151e-13 0)
(1.5 2.38803e-13 0)
(1.5 2.22649e-13 0)
(1.5 1.69227e-13 0)
(1.5 1.55635e-13 0)
(1.5 1.08421e-13 0)
(1.5 4.41932e-14 0)
(1.5 -2.08281e-15 0)
(1.5 1.91102e-14 0)
(1.5 1.1235e-13 0)
(1.5 1.60076e-13 0)
(1.5 1.01869e-13 0)
(1.5 2.97899e-15 0)
(1.5 -2.33742e-14 0)
(1.5 -1.62011e-14 0)
(1.5 -5.2869e-14 0)
(1.5 -3.95873e-15 0)
(1.5 -3.63446e-15 0)
(1.5 -9.79483e-14 0)
(1.5 -1.36814e-13 0)
(1.5 -1.69922e-13 0)
(1.5 -2.14536e-13 0)
(1.5 -2.09043e-13 0)
(1.5 -2.21051e-13 0)
(1.5 -2.07699e-13 0)
(1.5 -1.79995e-13 0)
(1.5 -1.13222e-13 0)
(1.5 -8.16894e-14 0)
(1.5 -1.16771e-13 0)
(1.5 1.02791e-14 0)
(1.5 1.26766e-13 0)
(1.5 1.7057e-13 0)
(1.5 1.92208e-13 0)
(1.5 1.69032e-13 0)
(1.5 1.81466e-13 0)
(1.5 2.22598e-14 0)
(1.5 -4.76963e-14 0)
(1.5 -1.20854e-14 0)
(1.5 1.12554e-13 0)
(1.5 1.12559e-13 0)
(1.5 5.19384e-14 0)
(1.5 8.72136e-14 0)
(1.5 7.75935e-14 0)
(1.5 8.08202e-14 0)
(1.5 7.7415e-14 0)
(1.5 -1.54853e-14 0)
(1.5 -3.24922e-14 0)
(1.5 -4.48223e-14 0)
(1.5 4.90509e-15 0)
(1.5 7.45483e-14 0)
(1.5 7.40855e-14 0)
(1.5 5.85008e-14 0)
(1.5 6.04669e-14 0)
(1.5 7.11135e-14 0)
(1.5 6.93663e-14 0)
(1.5 6.62525e-14 0)
(1.5 9.9851e-14 0)
(1.5 7.71623e-14 0)
(1.5 2.50154e-14 0)
(1.5 -1.23297e-13 0)
(1.5 -1.98782e-13 0)
(1.5 -2.63167e-13 0)
(1.5 -2.62309e-13 0)
(1.5 -2.21071e-13 0)
(1.5 -3.32605e-13 0)
(1.5 -3.86564e-13 0)
(1.5 -4.18431e-13 0)
(1.5 -4.30722e-13 0)
(1.5 -4.26516e-13 0)
(1.5 -4.06598e-13 0)
(1.5 -3.74661e-13 0)
(1.5 -3.69244e-13 0)
(1.5 -4.33343e-13 0)
(1.5 -4.714e-13 0)
(1.5 -5.27085e-13 0)
(1.5 -5.06734e-13 0)
(1.5 -5.217e-13 0)
(1.5 -5.10448e-13 0)
(1.5 -3.23771e-13 0)
(1.5 -2.71932e-13 0)
(1.5 -2.94396e-13 0)
(1.5 -2.45751e-13 0)
(1.5 -2.84151e-13 0)
(1.5 -4.22836e-13 0)
(1.5 -4.99571e-13 0)
(1.5 -5.10381e-13 0)
(1.5 -4.97633e-13 0)
(1.5 -6.13445e-13 0)
(1.5 -5.69167e-13 0)
(1.5 -3.93138e-13 0)
(1.5 -4.04961e-13 0)
(1.5 -5.31003e-13 0)
(1.5 -7.12193e-13 0)
(1.5 -7.65988e-13 0)
(1.5 -6.91933e-13 0)
(1.5 -5.47336e-13 0)
(1.5 -5.19766e-13 0)
(1.5 -4.67251e-13 0)
(1.5 -3.9584e-13 0)
(1.5 -3.20253e-13 0)
(1.5 -2.13588e-13 0)
(1.5 -2.23925e-13 0)
(1.5 -1.05048e-13 0)
(1.5 2.73814e-14 0)
(1.5 1.16042e-13 0)
(1.5 8.66516e-14 0)
(1.5 1.33249e-14 0)
(1.5 -1.29515e-13 0)
(1.5 -1.79915e-13 0)
(1.5 -1.84838e-13 0)
(1.5 -1.77312e-13 0)
(1.5 -2.70323e-13 0)
(1.5 -3.06179e-13 0)
(1.5 -1.79019e-13 0)
(1.5 -1.5854e-13 0)
(1.5 -8.648e-14 0)
(1.5 -6.98429e-14 0)
(1.5 -6.56001e-14 0)
(1.5 -6.84814e-14 0)
(1.5 -1.24679e-13 0)
(1.5 -1.52346e-13 0)
(1.5 -1.59533e-13 0)
(1.5 -1.43154e-13 0)
(1.5 -1.48969e-13 0)
(1.5 9.88798e-16 0)
(1.5 -1.37541e-14 0)
(1.5 -4.34342e-14 0)
(1.5 -3.36811e-14 0)
(1.5 -2.11207e-14 0)
(1.5 5.91233e-15 0)
(1.5 -2.974e-14 0)
(1.5 -9.66506e-14 0)
(1.5 -5.25726e-14 0)
(1.5 3.28448e-14 0)
(1.5 1.08595e-13 0)
(1.5 1.40944e-13 0)
(1.5 1.45937e-13 0)
(1.5 8.75244e-14 0)
(1.5 8.12283e-14 0)
(1.5 1.70863e-17 0)
(1.5 -4.08557e-14 0)
(1.5 -5.2776e-14 0)
(1.5 -1.19757e-13 0)
(1.5 -1.12963e-13 0)
(1.5 -1.59609e-13 0)
(1.5 -2.62273e-13 0)
(1.5 -3.05554e-13 0)
(1.5 -2.96225e-13 0)
(1.5 -2.29094e-13 0)
(1.5 -1.74363e-13 0)
(1.5 -4.4371e-14 0)
(1.5 2.34013e-16 0)
(1.5 1.92791e-14 0)
(1.5 3.28544e-14 0)
(1.5 1.47387e-14 0)
(1.5 4.49004e-14 0)
(1.5 6.74255e-14 0)
(1.5 3.72508e-14 0)
(1.5 4.49894e-14 0)
(1.5 4.4912e-14 0)
(1.5 -1.78326e-15 0)
(1.5 -2.70888e-14 0)
(1.5 -4.85987e-14 0)
(1.5 -1.00198e-14 0)
(1.5 1.31202e-14 0)
(1.5 8.42988e-14 0)
(1.5 6.42559e-14 0)
(1.5 1.00067e-13 0)
(1.5 3.85782e-14 0)
(1.5 8.16603e-15 0)
(1.5 2.91194e-14 0)
(1.5 6.35106e-14 0)
(1.5 2.05395e-14 0)
(1.5 -5.73608e-15 0)
(1.5 -3.24995e-14 0)
(1.5 -2.50655e-14 0)
(1.5 -8.98556e-14 0)
(1.5 -8.34253e-14 0)
(1.5 -3.95043e-14 0)
(1.5 -4.24684e-14 0)
(1.5 -7.97383e-14 0)
(1.5 -1.2432e-13 0)
(1.5 -9.30942e-14 0)
(1.5 -2.27237e-14 0)
(1.5 1.05715e-14 0)
(1.5 -3.25651e-14 0)
(1.5 2.08283e-14 0)
(1.5 -2.01989e-14 0)
(1.5 -3.35077e-15 0)
(1.5 3.02592e-14 0)
(1.5 4.2225e-14 0)
(1.5 6.8227e-14 0)
(1.5 7.30902e-14 0)
(1.5 9.29818e-14 0)
(1.5 8.71574e-14 0)
(1.5 1.32349e-13 0)
(1.5 1.00858e-13 0)
(1.5 1.04883e-13 0)
(1.5 1.20106e-13 0)
(1.5 1.6202e-13 0)
(1.5 1.10135e-13 0)
(1.5 7.14887e-14 0)
(1.5 7.75545e-14 0)
(1.5 8.15892e-14 0)
(1.5 9.44149e-14 0)
(1.5 9.29257e-14 0)
(1.5 9.00249e-14 0)
(1.5 8.65681e-14 0)
(1.5 8.22863e-14 0)
(1.5 1.47882e-13 0)
(1.5 1.15887e-13 0)
(1.5 9.80075e-14 0)
(1.5 6.52208e-14 0)
(1.5 4.15403e-14 0)
(1.5 4.54446e-14 0)
(1.5 1.40435e-14 0)
(1.5 -6.46509e-14 0)
(1.5 -8.41658e-14 0)
(1.5 -1.59286e-13 0)
(1.5 -1.67478e-13 0)
(1.5 -1.59882e-13 0)
(1.5 -2.35381e-13 0)
(1.5 -2.05589e-13 0)
(1.5 -1.78465e-13 0)
(1.5 -5.01494e-14 0)
(1.5 8.89803e-15 0)
(1.5 1.87788e-14 0)
(1.5 4.61584e-14 0)
(1.5 -2.52276e-14 0)
(1.5 6.64429e-15 0)
(1.5 5.30732e-14 0)
(1.5 5.7007e-14 0)
(1.5 1.26043e-13 0)
(1.5 1.52738e-13 0)
(1.5 7.08092e-14 0)
(1.5 -5.58597e-15 0)
(1.5 -5.86547e-14 0)
(1.5 -4.38722e-14 0)
(1.5 -2.85244e-14 0)
(1.5 5.25317e-14 0)
(1.5 7.65519e-15 0)
(1.5 4.42973e-14 0)
(1.5 4.50655e-14 0)
(1.5 5.06235e-14 0)
(1.5 5.04679e-14 0)
(1.5 3.30288e-15 0)
(1.5 -1.16242e-14 0)
(1.5 3.27171e-14 0)
(1.5 7.56157e-14 0)
(1.5 1.06521e-13 0)
(1.5 7.39166e-14 0)
(1.5 2.02837e-14 0)
(1.5 -1.45195e-14 0)
(1.5 -2.22013e-14 0)
(1.5 5.75879e-14 0)
(1.5 1.32978e-13 0)
(1.5 1.85437e-13 0)
(1.5 1.44587e-13 0)
(1.5 1.30732e-13 0)
(1.5 3.54501e-14 0)
(1.5 -1.06801e-13 0)
(1.5 -1.60666e-13 0)
(1.5 -2.0245e-13 0)
(1.5 -2.19588e-13 0)
(1.5 -2.98302e-13 0)
(1.5 -3.55085e-13 0)
(1.5 -3.89683e-13 0)
(1.5 -3.98831e-13 0)
(1.5 -4.08807e-13 0)
(1.5 -4.5453e-13 0)
(1.5 -3.86821e-13 0)
(1.5 -3.81692e-13 0)
(1.5 -4.63682e-13 0)
(1.5 -4.49357e-13 0)
(1.5 -4.34388e-13 0)
(1.5 -4.73784e-13 0)
(1.5 -4.68713e-13 0)
(1.5 -4.31535e-13 0)
(1.5 -3.59056e-13 0)
(1.5 -2.46625e-13 0)
(1.5 -2.96234e-13 0)
(1.5 -4.24751e-13 0)
(1.5 -4.79326e-13 0)
(1.5 -5.56188e-13 0)
(1.5 -5.42352e-13 0)
(1.5 -5.31838e-13 0)
(1.5 -6.02229e-13 0)
(1.5 -5.83747e-13 0)
(1.5 -4.62373e-13 0)
(1.5 -4.35127e-13 0)
(1.5 -4.71398e-13 0)
(1.5 -5.00697e-13 0)
(1.5 -5.81121e-13 0)
(1.5 -6.401e-13 0)
(1.5 -5.77029e-13 0)
(1.5 -4.56084e-13 0)
(1.5 -4.3353e-13 0)
(1.5 -3.63923e-13 0)
(1.5 -2.85126e-13 0)
(1.5 -2.43383e-13 0)
(1.5 -1.6282e-13 0)
(1.5 -1.23624e-13 0)
(1.5 -1.40816e-13 0)
(1.5 -9.8044e-14 0)
(1.5 -5.75482e-14 0)
(1.5 -8.56796e-14 0)
(1.5 -1.85257e-13 0)
(1.5 -3.93687e-13 0)
(1.5 -4.62703e-13 0)
(1.5 -4.21628e-13 0)
(1.5 -3.96335e-13 0)
(1.5 -4.32632e-13 0)
(1.5 -5.02655e-13 0)
(1.5 -4.53432e-13 0)
(1.5 -3.4422e-13 0)
(1.5 -2.06743e-13 0)
(1.5 -1.71563e-13 0)
(1.5 -1.68439e-13 0)
(1.5 -8.15255e-14 0)
(1.5 -1.12267e-13 0)
(1.5 -1.47599e-13 0)
(1.5 -9.64273e-14 0)
(1.5 -1.25957e-13 0)
(1.5 -1.55117e-13 0)
(1.5 -1.29566e-14 0)
(1.5 -9.074e-14 0)
(1.5 -1.46106e-13 0)
(1.5 -1.50592e-13 0)
(1.5 -1.34901e-13 0)
(1.5 -1.21217e-13 0)
(1.5 -1.45996e-13 0)
(1.5 -2.13812e-13 0)
(1.5 -1.70082e-13 0)
(1.5 -1.10671e-13 0)
(1.5 -9.06438e-14 0)
(1.5 7.35145e-14 0)
(1.5 1.75958e-13 0)
(1.5 1.51488e-13 0)
(1.5 1.10184e-13 0)
(1.5 8.04688e-14 0)
(1.5 1.05825e-14 0)
(1.5 -3.62616e-14 0)
(1.5 -9.45768e-14 0)
(1.5 -1.34372e-13 0)
(1.5 -2.19563e-13 0)
(1.5 -3.09231e-13 0)
(1.5 -3.07209e-13 0)
(1.5 -3.23126e-13 0)
(1.5 -3.05003e-13 0)
(1.5 -2.33918e-13 0)
(1.5 -1.07187e-13 0)
(1.5 -1.29441e-14 0)
(1.5 1.69155e-14 0)
(1.5 -1.30658e-14 0)
(1.5 1.11949e-14 0)
(1.5 1.11804e-13 0)
(1.5 1.16759e-13 0)
(1.5 7.25122e-14 0)
(1.5 2.84957e-14 0)
(1.5 3.02323e-14 0)
(1.5 -2.17951e-14 0)
(1.5 8.679e-15 0)
(1.5 6.55403e-14 0)
(1.5 7.60082e-14 0)
(1.5 5.29393e-14 0)
(1.5 6.84313e-14 0)
(1.5 3.91987e-14 0)
(1.5 8.59422e-14 0)
(1.5 3.46533e-14 0)
(1.5 2.38717e-14 0)
(1.5 -1.18907e-14 0)
(1.5 9.25935e-15 0)
(1.5 -5.20227e-15 0)
(1.5 -1.2699e-14 0)
(1.5 -1.42269e-14 0)
(1.5 -5.4628e-14 0)
(1.5 -8.77421e-14 0)
(1.5 -6.27819e-14 0)
(1.5 -4.25897e-14 0)
(1.5 -4.94823e-14 0)
(1.5 -1.99605e-14 0)
(1.5 -5.02126e-14 0)
(1.5 -3.37569e-14 0)
(1.5 3.47254e-14 0)
(1.5 6.03083e-14 0)
(1.5 -9.61864e-15 0)
(1.5 3.77024e-14 0)
(1.5 5.85454e-14 0)
(1.5 3.35596e-14 0)
(1.5 2.56397e-14 0)
(1.5 4.14447e-15 0)
(1.5 7.33532e-14 0)
(1.5 7.48135e-14 0)
(1.5 1.59542e-14 0)
(1.5 -1.88353e-14 0)
(1.5 -2.32808e-14 0)
(1.5 7.3871e-14 0)
(1.5 1.14067e-13 0)
(1.5 1.45507e-13 0)
(1.5 1.42774e-13 0)
(1.5 1.13015e-14 0)
(1.5 -5.88941e-14 0)
(1.5 -6.07796e-14 0)
(1.5 7.01272e-15 0)
(1.5 7.68071e-14 0)
(1.5 8.28e-14 0)
(1.5 8.38583e-14 0)
(1.5 8.23043e-14 0)
(1.5 9.01792e-14 0)
(1.5 7.81834e-14 0)
(1.5 1.46438e-14 0)
(1.5 4.76305e-14 0)
(1.5 8.05752e-14 0)
(1.5 1.05866e-13 0)
(1.5 1.14002e-13 0)
(1.5 1.05691e-13 0)
(1.5 -3.75524e-14 0)
(1.5 -1.50461e-13 0)
(1.5 -1.75741e-13 0)
(1.5 -1.89028e-13 0)
(1.5 -1.7727e-13 0)
(1.5 -2.10993e-13 0)
(1.5 -2.19409e-13 0)
(1.5 -1.68151e-13 0)
(1.5 -3.01652e-14 0)
(1.5 4.04072e-14 0)
(1.5 4.24931e-14 0)
(1.5 7.89561e-14 0)
(1.5 7.23501e-14 0)
(1.5 2.79264e-14 0)
(1.5 -1.89208e-15 0)
(1.5 -7.33913e-14 0)
(1.5 -6.13182e-14 0)
(1.5 5.03795e-14 0)
(1.5 2.85875e-14 0)
(1.5 6.98727e-14 0)
(1.5 1.09625e-13 0)
(1.5 1.58518e-13 0)
(1.5 1.09998e-13 0)
(1.5 1.4036e-13 0)
(1.5 1.70221e-13 0)
(1.5 1.70403e-13 0)
(1.5 1.94306e-13 0)
(1.5 2.01879e-13 0)
(1.5 1.53134e-13 0)
(1.5 6.68706e-14 0)
(1.5 1.14515e-13 0)
(1.5 1.45945e-13 0)
(1.5 1.57638e-13 0)
(1.5 1.50286e-13 0)
(1.5 8.14633e-14 0)
(1.5 1.20803e-14 0)
(1.5 -8.03214e-14 0)
(1.5 -1.05925e-13 0)
(1.5 6.00911e-14 0)
(1.5 1.25709e-13 0)
(1.5 1.15553e-13 0)
(1.5 1.28617e-13 0)
(1.5 1.23024e-13 0)
(1.5 9.13543e-14 0)
(1.5 3.06226e-14 0)
(1.5 2.36837e-14 0)
(1.5 -7.9167e-14 0)
(1.5 -2.3668e-13 0)
(1.5 -2.40673e-13 0)
(1.5 -3.01869e-13 0)
(1.5 -3.20003e-13 0)
(1.5 -3.15607e-13 0)
(1.5 -3.2423e-13 0)
(1.5 -3.77061e-13 0)
(1.5 -3.81716e-13 0)
(1.5 -4.05701e-13 0)
(1.5 -4.79942e-13 0)
(1.5 -4.35081e-13 0)
(1.5 -3.57704e-13 0)
(1.5 -3.92244e-13 0)
(1.5 -3.96902e-13 0)
(1.5 -4.18464e-13 0)
(1.5 -4.59843e-13 0)
(1.5 -3.20045e-13 0)
(1.5 -3.62238e-13 0)
(1.5 -5.29407e-13 0)
(1.5 -6.09065e-13 0)
(1.5 -5.86327e-13 0)
(1.5 -5.08436e-13 0)
(1.5 -4.19031e-13 0)
(1.5 -5.75478e-13 0)
(1.5 -5.45871e-13 0)
(1.5 -4.66561e-13 0)
(1.5 -5.16608e-13 0)
(1.5 -5.45724e-13 0)
(1.5 -5.83456e-13 0)
(1.5 -5.86785e-13 0)
(1.5 -5.55417e-13 0)
(1.5 -4.28745e-13 0)
(1.5 -3.3957e-13 0)
(1.5 -2.25141e-13 0)
(1.5 -1.13509e-13 0)
(1.5 -7.6415e-14 0)
(1.5 -8.32948e-14 0)
(1.5 -9.21629e-14 0)
(1.5 -1.08193e-13 0)
(1.5 -2.06633e-13 0)
(1.5 -2.78522e-13 0)
(1.5 -2.4514e-13 0)
(1.5 -2.63187e-13 0)
(1.5 -3.68092e-13 0)
(1.5 -4.73456e-13 0)
(1.5 -5.35175e-13 0)
(1.5 -5.63941e-13 0)
(1.5 -5.89025e-13 0)
(1.5 -5.79724e-13 0)
(1.5 -6.23127e-13 0)
(1.5 -6.16954e-13 0)
(1.5 -4.12692e-13 0)
(1.5 -2.52525e-13 0)
(1.5 -1.89722e-13 0)
(1.5 -2.29794e-13 0)
(1.5 -1.69862e-13 0)
(1.5 -1.17416e-13 0)
(1.5 -1.24839e-13 0)
(1.5 -7.80919e-14 0)
(1.5 -1.56496e-13 0)
(1.5 -2.607e-13 0)
(1.5 -6.97855e-14 0)
(1.5 -1.2603e-13 0)
(1.5 -1.51074e-13 0)
(1.5 -1.17612e-13 0)
(1.5 -1.01727e-13 0)
(1.5 -1.23578e-13 0)
(1.5 -1.81814e-13 0)
(1.5 -2.26024e-13 0)
(1.5 -2.24101e-13 0)
(1.5 -2.02841e-13 0)
(1.5 -1.90266e-13 0)
(1.5 -3.29715e-14 0)
(1.5 1.1053e-13 0)
(1.5 1.50698e-13 0)
(1.5 9.62201e-14 0)
(1.5 8.30921e-14 0)
(1.5 4.25746e-14 0)
(1.5 -2.40727e-14 0)
(1.5 -7.21052e-14 0)
(1.5 -1.08682e-13 0)
(1.5 -1.75587e-13 0)
(1.5 -2.26555e-13 0)
(1.5 -2.38416e-13 0)
(1.5 -2.49293e-13 0)
(1.5 -2.27824e-13 0)
(1.5 -1.38359e-13 0)
(1.5 -1.1302e-13 0)
(1.5 -5.93407e-14 0)
(1.5 -3.90842e-14 0)
(1.5 -6.52092e-14 0)
(1.5 2.89092e-15 0)
(1.5 1.249e-13 0)
(1.5 1.42353e-13 0)
(1.5 5.98679e-14 0)
(1.5 3.04364e-14 0)
(1.5 4.08365e-15 0)
(1.5 3.07915e-14 0)
(1.5 3.76988e-14 0)
(1.5 5.96609e-14 0)
(1.5 5.65607e-14 0)
(1.5 2.49895e-14 0)
(1.5 -8.1775e-15 0)
(1.5 -1.68222e-14 0)
(1.5 1.23881e-14 0)
(1.5 -1.05687e-14 0)
(1.5 4.39172e-14 0)
(1.5 -1.39985e-15 0)
(1.5 -5.02882e-15 0)
(1.5 -1.62094e-15 0)
(1.5 -2.9315e-14 0)
(1.5 -4.63228e-14 0)
(1.5 -9.9474e-14 0)
(1.5 -9.66079e-14 0)
(1.5 -8.00124e-14 0)
(1.5 -7.56663e-14 0)
(1.5 -3.82936e-14 0)
(1.5 9.87766e-15 0)
(1.5 -7.72809e-15 0)
(1.5 8.00397e-15 0)
(1.5 5.60796e-14 0)
(1.5 4.83764e-14 0)
(1.5 5.59796e-14 0)
(1.5 3.31235e-14 0)
(1.5 9.32041e-14 0)
(1.5 7.3378e-14 0)
(1.5 1.19306e-14 0)
(1.5 -1.23632e-16 0)
(1.5 1.3516e-14 0)
(1.5 1.80711e-14 0)
(1.5 -4.44089e-14 0)
(1.5 -7.71676e-14 0)
(1.5 -9.10811e-14 0)
(1.5 1.77794e-14 0)
(1.5 6.0227e-14 0)
(1.5 6.28907e-14 0)
(1.5 5.34874e-15 0)
(1.5 -3.36375e-14 0)
(1.5 -1.79097e-14 0)
(1.5 -1.64915e-14 0)
(1.5 -2.7512e-14 0)
(1.5 1.59801e-14 0)
(1.5 6.44779e-14 0)
(1.5 5.78712e-14 0)
(1.5 4.01138e-14 0)
(1.5 3.9453e-14 0)
(1.5 2.63325e-14 0)
(1.5 4.71857e-14 0)
(1.5 1.4784e-14 0)
(1.5 1.60946e-14 0)
(1.5 9.55172e-14 0)
(1.5 1.38939e-13 0)
(1.5 1.08627e-13 0)
(1.5 -1.08425e-14 0)
(1.5 -1.54044e-13 0)
(1.5 -2.26974e-13 0)
(1.5 -2.69326e-13 0)
(1.5 -2.11905e-13 0)
(1.5 -1.56722e-13 0)
(1.5 -1.77149e-13 0)
(1.5 -1.82807e-13 0)
(1.5 -1.34667e-13 0)
(1.5 -3.50098e-14 0)
(1.5 8.74369e-15 0)
(1.5 3.15797e-14 0)
(1.5 5.72979e-14 0)
(1.5 -8.64173e-15 0)
(1.5 -6.83643e-14 0)
(1.5 -1.43687e-13 0)
(1.5 -1.46824e-13 0)
(1.5 -3.53409e-14 0)
(1.5 3.793e-14 0)
(1.5 1.11005e-13 0)
(1.5 2.50892e-13 0)
(1.5 2.87328e-13 0)
(1.5 2.71452e-13 0)
(1.5 1.96201e-13 0)
(1.5 1.94728e-13 0)
(1.5 2.36667e-13 0)
(1.5 2.68858e-13 0)
(1.5 2.41179e-13 0)
(1.5 1.52491e-13 0)
(1.5 1.31684e-13 0)
(1.5 2.01925e-13 0)
(1.5 2.51098e-13 0)
(1.5 2.7572e-13 0)
(1.5 1.90255e-13 0)
(1.5 9.4029e-14 0)
(1.5 6.54676e-14 0)
(1.5 2.79624e-14 0)
(1.5 -7.37142e-15 0)
(1.5 1.06876e-13 0)
(1.5 1.61862e-13 0)
(1.5 1.15355e-13 0)
(1.5 1.17832e-13 0)
(1.5 1.15496e-13 0)
(1.5 6.31781e-14 0)
(1.5 4.42931e-14 0)
(1.5 4.47224e-14 0)
(1.5 -9.85346e-15 0)
(1.5 -1.45505e-13 0)
(1.5 -1.27108e-13 0)
(1.5 -2.03826e-13 0)
(1.5 -2.56572e-13 0)
(1.5 -2.24928e-13 0)
(1.5 -2.26392e-13 0)
(1.5 -3.27054e-13 0)
(1.5 -4.29854e-13 0)
(1.5 -4.48201e-13 0)
(1.5 -4.79956e-13 0)
(1.5 -4.8351e-13 0)
(1.5 -4.66122e-13 0)
(1.5 -4.50272e-13 0)
(1.5 -4.17221e-13 0)
(1.5 -4.20794e-13 0)
(1.5 -4.1933e-13 0)
(1.5 -4.03266e-13 0)
(1.5 -3.96e-13 0)
(1.5 -4.80626e-13 0)
(1.5 -5.13224e-13 0)
(1.5 -5.10382e-13 0)
(1.5 -4.41686e-13 0)
(1.5 -3.32253e-13 0)
(1.5 -5.02071e-13 0)
(1.5 -5.54412e-13 0)
(1.5 -5.26187e-13 0)
(1.5 -5.4919e-13 0)
(1.5 -5.15771e-13 0)
(1.5 -4.79811e-13 0)
(1.5 -4.30883e-13 0)
(1.5 -3.47678e-13 0)
(1.5 -3.12486e-13 0)
(1.5 -2.43943e-13 0)
(1.5 5.01381e-14 0)
(1.5 1.11188e-13 0)
(1.5 8.42459e-14 0)
(1.5 -1.999e-14 0)
(1.5 -1.55927e-13 0)
(1.5 -1.52883e-13 0)
(1.5 -2.037e-13 0)
(1.5 -3.29743e-13 0)
(1.5 -3.51857e-13 0)
(1.5 -3.47198e-13 0)
(1.5 -4.16291e-13 0)
(1.5 -4.7244e-13 0)
(1.5 -4.51346e-13 0)
(1.5 -4.73423e-13 0)
(1.5 -5.37824e-13 0)
(1.5 -5.77181e-13 0)
(1.5 -6.25175e-13 0)
(1.5 -6.86587e-13 0)
(1.5 -5.41859e-13 0)
(1.5 -4.11452e-13 0)
(1.5 -3.68658e-13 0)
(1.5 -3.35809e-13 0)
(1.5 -2.21622e-13 0)
(1.5 -9.89486e-14 0)
(1.5 -1.19245e-13 0)
(1.5 -1.98101e-13 0)
(1.5 -2.74193e-13 0)
(1.5 -3.24472e-13 0)
(1.5 -1.60862e-14 0)
(1.5 -8.50577e-15 0)
(1.5 -1.25208e-16 0)
(1.5 4.62381e-14 0)
(1.5 -1.87454e-15 0)
(1.5 -1.25083e-13 0)
(1.5 -2.02016e-13 0)
(1.5 -2.13433e-13 0)
(1.5 -2.14931e-13 0)
(1.5 -2.45826e-13 0)
(1.5 -1.47153e-13 0)
(1.5 -4.29413e-14 0)
(1.5 3.63525e-14 0)
(1.5 1.3085e-13 0)
(1.5 1.25285e-13 0)
(1.5 1.01847e-13 0)
(1.5 9.81305e-14 0)
(1.5 4.1783e-14 0)
(1.5 -3.17053e-14 0)
(1.5 -6.02355e-14 0)
(1.5 -1.16987e-13 0)
(1.5 -1.16591e-13 0)
(1.5 -1.63476e-13 0)
(1.5 -1.6133e-13 0)
(1.5 -7.00012e-14 0)
(1.5 -3.80947e-14 0)
(1.5 -5.78145e-14 0)
(1.5 -5.2797e-14 0)
(1.5 -5.25618e-14 0)
(1.5 -3.48127e-14 0)
(1.5 3.23872e-15 0)
(1.5 5.46778e-14 0)
(1.5 7.53036e-14 0)
(1.5 2.54545e-14 0)
(1.5 5.66511e-14 0)
(1.5 3.10018e-14 0)
(1.5 3.0118e-14 0)
(1.5 2.57222e-14 0)
(1.5 3.26379e-14 0)
(1.5 5.50926e-14 0)
(1.5 2.18344e-14 0)
(1.5 -1.56545e-14 0)
(1.5 -6.0836e-14 0)
(1.5 -1.3239e-14 0)
(1.5 -1.43342e-14 0)
(1.5 -3.25247e-15 0)
(1.5 -5.67086e-15 0)
(1.5 7.87077e-16 0)
(1.5 -1.18035e-14 0)
(1.5 -1.39655e-14 0)
(1.5 -5.34655e-14 0)
(1.5 -9.97834e-14 0)
(1.5 -1.22923e-13 0)
(1.5 -9.46736e-14 0)
(1.5 -3.21063e-14 0)
(1.5 1.38661e-14 0)
(1.5 4.09425e-15 0)
(1.5 -5.67521e-15 0)
(1.5 3.60299e-14 0)
(1.5 4.89246e-14 0)
(1.5 4.71016e-14 0)
(1.5 5.31888e-14 0)
(1.5 1.95467e-14 0)
(1.5 5.40997e-14 0)
(1.5 5.40356e-14 0)
(1.5 1.83577e-14 0)
(1.5 -2.42129e-14 0)
(1.5 -5.55288e-14 0)
(1.5 1.29446e-14 0)
(1.5 1.36975e-14 0)
(1.5 -4.00751e-15 0)
(1.5 -8.35547e-14 0)
(1.5 -4.22979e-14 0)
(1.5 2.24132e-14 0)
(1.5 -9.37393e-15 0)
(1.5 -5.27463e-14 0)
(1.5 -4.23537e-14 0)
(1.5 2.72649e-14 0)
(1.5 6.44006e-14 0)
(1.5 6.5545e-15 0)
(1.5 -3.5422e-15 0)
(1.5 3.6357e-14 0)
(1.5 1.15532e-15 0)
(1.5 4.25079e-14 0)
(1.5 4.46575e-14 0)
(1.5 6.3273e-14 0)
(1.5 8.11611e-14 0)
(1.5 1.19709e-13 0)
(1.5 1.22252e-13 0)
(1.5 1.66655e-13 0)
(1.5 1.69195e-13 0)
(1.5 6.40919e-14 0)
(1.5 -2.64512e-14 0)
(1.5 -1.25296e-13 0)
(1.5 -1.9345e-13 0)
(1.5 -2.17005e-13 0)
(1.5 -1.45686e-13 0)
(1.5 -1.3201e-13 0)
(1.5 -1.12932e-13 0)
(1.5 -1.64641e-13 0)
(1.5 -2.08952e-13 0)
(1.5 -9.2415e-14 0)
(1.5 1.21341e-14 0)
(1.5 1.63684e-14 0)
(1.5 1.26429e-14 0)
(1.5 -1.49984e-13 0)
(1.5 -2.19556e-13 0)
(1.5 -1.76306e-13 0)
(1.5 -1.11366e-13 0)
(1.5 -5.86534e-14 0)
(1.5 3.06813e-14 0)
(1.5 1.76629e-13 0)
(1.5 3.03245e-13 0)
(1.5 1.963e-13 0)
(1.5 1.05241e-13 0)
(1.5 3.49255e-14 0)
(1.5 3.67353e-14 0)
(1.5 1.39029e-13 0)
(1.5 1.59667e-13 0)
(1.5 1.29664e-13 0)
(1.5 1.07796e-13 0)
(1.5 1.33666e-13 0)
(1.5 1.22963e-13 0)
(1.5 1.85422e-13 0)
(1.5 1.7318e-13 0)
(1.5 1.32381e-13 0)
(1.5 9.4986e-14 0)
(1.5 1.09075e-13 0)
(1.5 9.74623e-14 0)
(1.5 7.64854e-14 0)
(1.5 1.09984e-13 0)
(1.5 1.65372e-13 0)
(1.5 1.94365e-13 0)
(1.5 1.98598e-13 0)
(1.5 1.54113e-13 0)
(1.5 1.07168e-13 0)
(1.5 7.10982e-14 0)
(1.5 7.88587e-14 0)
(1.5 4.72872e-14 0)
(1.5 -2.1023e-14 0)
(1.5 -2.76756e-14 0)
(1.5 -7.95421e-14 0)
(1.5 -2.22595e-13 0)
(1.5 -2.35628e-13 0)
(1.5 -2.29276e-13 0)
(1.5 -3.13161e-13 0)
(1.5 -3.52007e-13 0)
(1.5 -3.69369e-13 0)
(1.5 -4.17248e-13 0)
(1.5 -4.9183e-13 0)
(1.5 -4.86339e-13 0)
(1.5 -4.17442e-13 0)
(1.5 -3.9822e-13 0)
(1.5 -4.25042e-13 0)
(1.5 -4.53728e-13 0)
(1.5 -5.13902e-13 0)
(1.5 -4.2191e-13 0)
(1.5 -4.32913e-13 0)
(1.5 -4.2887e-13 0)
(1.5 -4.10591e-13 0)
(1.5 -3.70131e-13 0)
(1.5 -3.44714e-13 0)
(1.5 -3.77415e-13 0)
(1.5 -4.23177e-13 0)
(1.5 -4.66014e-13 0)
(1.5 -5.01832e-13 0)
(1.5 -4.91639e-13 0)
(1.5 -3.98814e-13 0)
(1.5 -3.13804e-13 0)
(1.5 -1.94872e-13 0)
(1.5 -1.97758e-13 0)
(1.5 -1.63781e-13 0)
(1.5 5.46158e-14 0)
(1.5 1.13695e-13 0)
(1.5 1.4131e-13 0)
(1.5 3.91475e-14 0)
(1.5 -8.83794e-14 0)
(1.5 -1.45679e-13 0)
(1.5 -2.17153e-13 0)
(1.5 -3.20918e-13 0)
(1.5 -3.88956e-13 0)
(1.5 -3.82007e-13 0)
(1.5 -5.07194e-13 0)
(1.5 -5.48434e-13 0)
(1.5 -5.27628e-13 0)
(1.5 -4.59336e-13 0)
(1.5 -4.7778e-13 0)
(1.5 -6.06033e-13 0)
(1.5 -6.90285e-13 0)
(1.5 -7.55982e-13 0)
(1.5 -6.98408e-13 0)
(1.5 -5.97274e-13 0)
(1.5 -6.2275e-13 0)
(1.5 -5.04701e-13 0)
(1.5 -2.8573e-13 0)
(1.5 -1.4153e-13 0)
(1.5 -8.23759e-14 0)
(1.5 -2.10007e-13 0)
(1.5 -2.95133e-13 0)
(1.5 -2.98096e-13 0)
(1.5 2.49458e-14 0)
(1.5 6.3594e-14 0)
(1.5 9.20947e-14 0)
(1.5 9.60309e-14 0)
(1.5 -2.13911e-14 0)
(1.5 -1.57427e-13 0)
(1.5 -1.76579e-13 0)
(1.5 -1.61039e-13 0)
(1.5 -1.8679e-13 0)
(1.5 -1.87151e-13 0)
(1.5 -9.1497e-14 0)
(1.5 -9.84464e-15 0)
(1.5 1.74522e-14 0)
(1.5 1.26632e-14 0)
(1.5 6.23092e-14 0)
(1.5 7.95625e-14 0)
(1.5 6.84196e-14 0)
(1.5 1.05345e-13 0)
(1.5 -1.35162e-14 0)
(1.5 -1.10073e-13 0)
(1.5 -1.24825e-13 0)
(1.5 -8.98251e-14 0)
(1.5 -1.2517e-13 0)
(1.5 -1.15694e-13 0)
(1.5 -3.78407e-14 0)
(1.5 -6.41225e-14 0)
(1.5 -7.88846e-14 0)
(1.5 -5.5881e-14 0)
(1.5 -7.47718e-15 0)
(1.5 2.73284e-14 0)
(1.5 -3.82736e-15 0)
(1.5 6.10983e-15 0)
(1.5 1.32153e-14 0)
(1.5 4.67756e-14 0)
(1.5 6.88195e-14 0)
(1.5 7.87021e-14 0)
(1.5 1.9091e-14 0)
(1.5 2.31908e-14 0)
(1.5 5.17054e-14 0)
(1.5 4.37313e-14 0)
(1.5 1.15188e-14 0)
(1.5 -7.92562e-14 0)
(1.5 -1.24637e-13 0)
(1.5 -7.25053e-14 0)
(1.5 -6.58827e-14 0)
(1.5 -6.08483e-14 0)
(1.5 -2.88155e-14 0)
(1.5 -4.77568e-14 0)
(1.5 -3.07085e-14 0)
(1.5 -9.99371e-15 0)
(1.5 -3.04119e-14 0)
(1.5 -3.89822e-14 0)
(1.5 -9.4124e-14 0)
(1.5 -9.09716e-14 0)
(1.5 -1.28539e-14 0)
(1.5 9.38168e-15 0)
(1.5 1.62786e-15 0)
(1.5 1.05824e-14 0)
(1.5 2.54775e-14 0)
(1.5 4.08487e-14 0)
(1.5 2.59844e-14 0)
(1.5 7.23983e-14 0)
(1.5 4.4706e-14 0)
(1.5 2.09905e-14 0)
(1.5 4.94248e-14 0)
(1.5 1.31967e-14 0)
(1.5 -9.74631e-15 0)
(1.5 -1.37935e-14 0)
(1.5 4.89251e-14 0)
(1.5 4.33188e-14 0)
(1.5 4.26773e-14 0)
(1.5 -2.02493e-14 0)
(1.5 -5.30616e-14 0)
(1.5 -3.80113e-15 0)
(1.5 -5.84623e-14 0)
(1.5 -1.38314e-14 0)
(1.5 2.30523e-14 0)
(1.5 1.98531e-14 0)
(1.5 5.14193e-14 0)
(1.5 1.48896e-14 0)
(1.5 2.76147e-14 0)
(1.5 -6.42378e-14 0)
(1.5 -8.35961e-14 0)
(1.5 1.64607e-14 0)
(1.5 6.3087e-14 0)
(1.5 6.79289e-14 0)
(1.5 6.35442e-14 0)
(1.5 1.29036e-13 0)
(1.5 1.59853e-13 0)
(1.5 1.58426e-13 0)
(1.5 1.68343e-13 0)
(1.5 8.08187e-14 0)
(1.5 4.46087e-14 0)
(1.5 -8.72046e-15 0)
(1.5 -5.48913e-14 0)
(1.5 -8.81821e-14 0)
(1.5 -1.33487e-13 0)
(1.5 -2.22235e-13 0)
(1.5 -1.98007e-13 0)
(1.5 -1.95322e-13 0)
(1.5 -2.58923e-13 0)
(1.5 -1.76272e-13 0)
(1.5 -8.84143e-14 0)
(1.5 -1.08908e-13 0)
(1.5 -1.67762e-13 0)
(1.5 -2.43797e-13 0)
(1.5 -2.78642e-13 0)
(1.5 -1.61521e-13 0)
(1.5 -4.15111e-14 0)
(1.5 -7.47667e-15 0)
(1.5 5.10927e-14 0)
(1.5 1.91022e-13 0)
(1.5 2.1391e-13 0)
(1.5 1.34659e-13 0)
(1.5 6.38231e-14 0)
(1.5 2.22948e-14 0)
(1.5 5.17388e-14 0)
(1.5 1.05319e-13 0)
(1.5 9.73365e-14 0)
(1.5 8.71026e-14 0)
(1.5 8.0423e-14 0)
(1.5 7.95646e-14 0)
(1.5 4.54746e-14 0)
(1.5 9.10613e-14 0)
(1.5 1.2002e-13 0)
(1.5 2.02391e-13 0)
(1.5 2.45792e-13 0)
(1.5 2.27783e-13 0)
(1.5 1.89847e-13 0)
(1.5 1.72785e-13 0)
(1.5 1.423e-13 0)
(1.5 1.16332e-13 0)
(1.5 2.3888e-13 0)
(1.5 3.16323e-13 0)
(1.5 2.09274e-13 0)
(1.5 1.16594e-13 0)
(1.5 1.30419e-13 0)
(1.5 1.3794e-13 0)
(1.5 1.43935e-13 0)
(1.5 1.55597e-13 0)
(1.5 9.15496e-14 0)
(1.5 5.012e-14 0)
(1.5 -7.93583e-14 0)
(1.5 -1.28084e-13 0)
(1.5 -1.02559e-13 0)
(1.5 -1.06177e-13 0)
(1.5 -1.36705e-13 0)
(1.5 -2.40496e-13 0)
(1.5 -3.08039e-13 0)
(1.5 -4.00936e-13 0)
(1.5 -4.4763e-13 0)
(1.5 -4.29127e-13 0)
(1.5 -4.63458e-13 0)
(1.5 -4.59718e-13 0)
(1.5 -4.70657e-13 0)
(1.5 -4.76442e-13 0)
(1.5 -3.25545e-13 0)
(1.5 -2.70059e-13 0)
(1.5 -2.85745e-13 0)
(1.5 -2.55485e-13 0)
(1.5 -2.26307e-13 0)
(1.5 -2.53869e-13 0)
(1.5 -2.18459e-13 0)
(1.5 -2.64378e-13 0)
(1.5 -3.81527e-13 0)
(1.5 -4.38459e-13 0)
(1.5 -4.65032e-13 0)
(1.5 -3.98834e-13 0)
(1.5 -2.85041e-13 0)
(1.5 -1.66941e-13 0)
(1.5 -7.55653e-14 0)
(1.5 -1.1227e-13 0)
(1.5 -6.44924e-15 0)
(1.5 4.5406e-14 0)
(1.5 9.24665e-14 0)
(1.5 8.06738e-14 0)
(1.5 1.41226e-14 0)
(1.5 -5.08887e-14 0)
(1.5 -2.21075e-13 0)
(1.5 -3.47532e-13 0)
(1.5 -4.32894e-13 0)
(1.5 -4.05118e-13 0)
(1.5 -5.3338e-13 0)
(1.5 -5.96545e-13 0)
(1.5 -6.15363e-13 0)
(1.5 -5.49745e-13 0)
(1.5 -4.95692e-13 0)
(1.5 -7.65986e-13 0)
(1.5 -8.02815e-13 0)
(1.5 -7.40531e-13 0)
(1.5 -6.944e-13 0)
(1.5 -6.18853e-13 0)
(1.5 -7.25283e-13 0)
(1.5 -6.519e-13 0)
(1.5 -4.47071e-13 0)
(1.5 -2.68521e-13 0)
(1.5 -1.48161e-13 0)
(1.5 -2.52136e-13 0)
(1.5 -3.53935e-13 0)
(1.5 -3.28696e-13 0)
(1.5 2.79576e-14 0)
(1.5 5.90337e-14 0)
(1.5 1.39079e-13 0)
(1.5 1.0825e-13 0)
(1.5 5.14008e-16 0)
(1.5 -6.68384e-14 0)
(1.5 -1.24436e-13 0)
(1.5 -1.14239e-13 0)
(1.5 -1.62251e-13 0)
(1.5 -1.37387e-13 0)
(1.5 -1.29981e-13 0)
(1.5 -9.12787e-14 0)
(1.5 -5.75581e-14 0)
(1.5 -4.40155e-14 0)
(1.5 -1.02075e-14 0)
(1.5 3.41931e-14 0)
(1.5 -1.19832e-14 0)
(1.5 6.57824e-14 0)
(1.5 5.73119e-14 0)
(1.5 -3.2605e-14 0)
(1.5 -4.468e-14 0)
(1.5 -2.5177e-14 0)
(1.5 -2.75859e-14 0)
(1.5 -2.60005e-14 0)
(1.5 -6.00893e-14 0)
(1.5 -4.53401e-14 0)
(1.5 -4.36486e-14 0)
(1.5 -7.92356e-14 0)
(1.5 -5.77557e-14 0)
(1.5 -9.27102e-15 0)
(1.5 -3.17411e-14 0)
(1.5 -3.61357e-14 0)
(1.5 -2.53606e-14 0)
(1.5 4.00112e-14 0)
(1.5 4.91119e-14 0)
(1.5 8.03178e-14 0)
(1.5 7.34668e-14 0)
(1.5 4.70716e-14 0)
(1.5 5.28061e-15 0)
(1.5 7.24947e-15 0)
(1.5 2.53327e-14 0)
(1.5 -7.23124e-14 0)
(1.5 -7.75385e-14 0)
(1.5 -4.5019e-14 0)
(1.5 -2.38369e-15 0)
(1.5 4.42375e-14 0)
(1.5 8.08044e-14 0)
(1.5 2.03933e-14 0)
(1.5 5.63793e-15 0)
(1.5 1.70551e-14 0)
(1.5 2.81218e-14 0)
(1.5 2.55445e-14 0)
(1.5 -1.53888e-14 0)
(1.5 -3.5253e-14 0)
(1.5 -3.75916e-14 0)
(1.5 -4.63578e-14 0)
(1.5 2.40717e-14 0)
(1.5 2.44605e-14 0)
(1.5 -1.01594e-14 0)
(1.5 2.70553e-15 0)
(1.5 -5.34994e-15 0)
(1.5 2.63154e-14 0)
(1.5 8.57226e-14 0)
(1.5 1.80019e-14 0)
(1.5 -1.44508e-14 0)
(1.5 2.65697e-14 0)
(1.5 6.51546e-14 0)
(1.5 3.73229e-14 0)
(1.5 -3.05009e-14 0)
(1.5 -3.87005e-14 0)
(1.5 4.08728e-14 0)
(1.5 6.03866e-14 0)
(1.5 -5.53808e-14 0)
(1.5 -6.14314e-14 0)
(1.5 -5.73445e-14 0)
(1.5 -3.05605e-14 0)
(1.5 6.66741e-14 0)
(1.5 6.71137e-14 0)
(1.5 4.70504e-14 0)
(1.5 1.85111e-15 0)
(1.5 5.49942e-15 0)
(1.5 -9.08859e-14 0)
(1.5 -9.78843e-14 0)
(1.5 -5.22843e-14 0)
(1.5 3.80202e-14 0)
(1.5 8.26741e-14 0)
(1.5 8.0204e-14 0)
(1.5 7.72387e-14 0)
(1.5 9.17443e-14 0)
(1.5 7.37909e-14 0)
(1.5 1.1029e-13 0)
(1.5 1.6607e-13 0)
(1.5 1.87379e-13 0)
(1.5 1.74921e-13 0)
(1.5 1.15466e-13 0)
(1.5 3.49677e-14 0)
(1.5 -1.30897e-13 0)
(1.5 -2.26648e-13 0)
(1.5 -2.29274e-13 0)
(1.5 -1.88034e-13 0)
(1.5 -1.80905e-13 0)
(1.5 -1.74927e-13 0)
(1.5 -1.93058e-13 0)
(1.5 -1.6952e-13 0)
(1.5 -2.4118e-13 0)
(1.5 -2.09717e-13 0)
(1.5 -1.3525e-13 0)
(1.5 -3.60646e-14 0)
(1.5 1.83905e-14 0)
(1.5 -6.69669e-15 0)
(1.5 5.79532e-14 0)
(1.5 1.14736e-13 0)
(1.5 4.43529e-14 0)
(1.5 5.63648e-14 0)
(1.5 3.48122e-14 0)
(1.5 5.2868e-14 0)
(1.5 1.03657e-13 0)
(1.5 1.42013e-13 0)
(1.5 1.44886e-13 0)
(1.5 9.26159e-14 0)
(1.5 7.95632e-14 0)
(1.5 9.61565e-14 0)
(1.5 1.20404e-13 0)
(1.5 1.13929e-13 0)
(1.5 1.71324e-13 0)
(1.5 1.81839e-13 0)
(1.5 2.56248e-13 0)
(1.5 2.66952e-13 0)
(1.5 3.10065e-13 0)
(1.5 3.09702e-13 0)
(1.5 1.67098e-13 0)
(1.5 1.40586e-13 0)
(1.5 3.67725e-13 0)
(1.5 4.13239e-13 0)
(1.5 3.34847e-13 0)
(1.5 2.6765e-13 0)
(1.5 2.55701e-13 0)
(1.5 2.18241e-13 0)
(1.5 2.8756e-13 0)
(1.5 3.36811e-13 0)
(1.5 2.19031e-13 0)
(1.5 1.49943e-13 0)
(1.5 1.26547e-13 0)
(1.5 1.1728e-13 0)
(1.5 6.96709e-14 0)
(1.5 2.82628e-15 0)
(1.5 -1.06957e-13 0)
(1.5 -2.30969e-13 0)
(1.5 -2.65683e-13 0)
(1.5 -2.80467e-13 0)
(1.5 -4.08984e-13 0)
(1.5 -4.13701e-13 0)
(1.5 -3.92211e-13 0)
(1.5 -3.09446e-13 0)
(1.5 -2.69282e-13 0)
(1.5 -2.82247e-13 0)
(1.5 -2.06631e-13 0)
(1.5 -1.84353e-13 0)
(1.5 -1.9523e-13 0)
(1.5 -1.4585e-13 0)
(1.5 -6.23197e-14 0)
(1.5 -5.67917e-14 0)
(1.5 -9.85018e-14 0)
(1.5 -1.1715e-13 0)
(1.5 -2.29944e-13 0)
(1.5 -3.33017e-13 0)
(1.5 -3.73014e-13 0)
(1.5 -3.51657e-13 0)
(1.5 -2.7555e-13 0)
(1.5 -2.41797e-13 0)
(1.5 -1.73085e-13 0)
(1.5 -1.36709e-13 0)
(1.5 -6.85026e-14 0)
(1.5 -4.81e-14 0)
(1.5 -1.68995e-14 0)
(1.5 3.43357e-15 0)
(1.5 -4.13851e-14 0)
(1.5 -8.96882e-14 0)
(1.5 -2.44788e-13 0)
(1.5 -3.22993e-13 0)
(1.5 -4.29718e-13 0)
(1.5 -4.9277e-13 0)
(1.5 -5.32968e-13 0)
(1.5 -6.26453e-13 0)
(1.5 -6.01562e-13 0)
(1.5 -5.56691e-13 0)
(1.5 -4.92783e-13 0)
(1.5 -7.56476e-13 0)
(1.5 -7.36886e-13 0)
(1.5 -6.574e-13 0)
(1.5 -5.89191e-13 0)
(1.5 -6.33555e-13 0)
(1.5 -8.15395e-13 0)
(1.5 -7.71579e-13 0)
(1.5 -6.05631e-13 0)
(1.5 -3.80507e-13 0)
(1.5 -2.58928e-13 0)
(1.5 -4.3094e-13 0)
(1.5 -4.61006e-13 0)
(1.5 -4.33556e-13 0)
(1.5 4.30611e-14 0)
(1.5 4.59423e-14 0)
(1.5 1.20995e-13 0)
(1.5 5.44833e-14 0)
(1.5 1.36452e-14 0)
(1.5 1.50249e-14 0)
(1.5 -1.86562e-14 0)
(1.5 -3.77308e-14 0)
(1.5 -3.62026e-14 0)
(1.5 -2.23397e-14 0)
(1.5 -6.98754e-14 0)
(1.5 -1.34382e-13 0)
(1.5 -9.9088e-14 0)
(1.5 -1.46172e-14 0)
(1.5 -1.43129e-14 0)
(1.5 3.01025e-15 0)
(1.5 8.10264e-15 0)
(1.5 2.91867e-14 0)
(1.5 6.77395e-14 0)
(1.5 1.11579e-13 0)
(1.5 6.09595e-14 0)
(1.5 4.32685e-14 0)
(1.5 7.86035e-14 0)
(1.5 5.73195e-14 0)
(1.5 3.82247e-15 0)
(1.5 5.37616e-16 0)
(1.5 -2.09911e-14 0)
(1.5 -2.64153e-14 0)
(1.5 -8.12915e-14 0)
(1.5 -9.95942e-14 0)
(1.5 -9.05769e-14 0)
(1.5 -8.17507e-14 0)
(1.5 -5.36326e-14 0)
(1.5 3.19045e-14 0)
(1.5 2.02104e-14 0)
(1.5 2.21273e-14 0)
(1.5 3.42867e-14 0)
(1.5 1.86103e-14 0)
(1.5 9.07192e-16 0)
(1.5 1.53431e-14 0)
(1.5 3.49026e-14 0)
(1.5 1.29931e-14 0)
(1.5 -1.58514e-14 0)
(1.5 2.2454e-14 0)
(1.5 6.1361e-14 0)
(1.5 7.30399e-14 0)
(1.5 6.87347e-14 0)
(1.5 6.62392e-14 0)
(1.5 3.41598e-14 0)
(1.5 4.3182e-14 0)
(1.5 8.63754e-14 0)
(1.5 3.70712e-14 0)
(1.5 4.83137e-14 0)
(1.5 4.73945e-14 0)
(1.5 -2.26874e-14 0)
(1.5 -3.86324e-14 0)
(1.5 4.98348e-15 0)
(1.5 -1.15077e-14 0)
(1.5 -1.50513e-14 0)
(1.5 -5.97283e-14 0)
(1.5 -4.83676e-14 0)
(1.5 -3.95547e-14 0)
(1.5 2.81887e-14 0)
(1.5 -6.46308e-15 0)
(1.5 -5.01458e-14 0)
(1.5 4.09906e-14 0)
(1.5 6.20834e-14 0)
(1.5 6.92574e-14 0)
(1.5 -1.18469e-14 0)
(1.5 -1.98116e-14 0)
(1.5 4.6683e-14 0)
(1.5 2.77114e-14 0)
(1.5 -2.70546e-14 0)
(1.5 -6.61994e-14 0)
(1.5 -1.09067e-14 0)
(1.5 -2.79497e-14 0)
(1.5 -4.75939e-15 0)
(1.5 3.75255e-14 0)
(1.5 5.83751e-14 0)
(1.5 4.43102e-14 0)
(1.5 -4.24244e-14 0)
(1.5 -6.12996e-14 0)
(1.5 -4.85021e-14 0)
(1.5 -5.19248e-14 0)
(1.5 4.41098e-14 0)
(1.5 3.74313e-14 0)
(1.5 3.73401e-14 0)
(1.5 4.43543e-14 0)
(1.5 2.58261e-14 0)
(1.5 2.81023e-14 0)
(1.5 4.61168e-14 0)
(1.5 1.26185e-13 0)
(1.5 2.2342e-13 0)
(1.5 2.88761e-13 0)
(1.5 2.66629e-13 0)
(1.5 1.28349e-13 0)
(1.5 -4.71464e-14 0)
(1.5 -9.69839e-14 0)
(1.5 -1.5706e-13 0)
(1.5 -1.90849e-13 0)
(1.5 -1.94878e-13 0)
(1.5 -2.37063e-13 0)
(1.5 -2.38786e-13 0)
(1.5 -1.28308e-13 0)
(1.5 -1.22618e-13 0)
(1.5 -9.45007e-14 0)
(1.5 -4.11972e-14 0)
(1.5 1.33495e-14 0)
(1.5 -1.23053e-14 0)
(1.5 -5.90571e-14 0)
(1.5 -1.07825e-14 0)
(1.5 1.31139e-14 0)
(1.5 -3.81457e-14 0)
(1.5 4.16501e-15 0)
(1.5 -1.51741e-14 0)
(1.5 4.44796e-14 0)
(1.5 1.00773e-13 0)
(1.5 1.08776e-13 0)
(1.5 9.20317e-14 0)
(1.5 1.99504e-14 0)
(1.5 2.64084e-14 0)
(1.5 7.95048e-14 0)
(1.5 1.35093e-13 0)
(1.5 1.41559e-13 0)
(1.5 1.17418e-13 0)
(1.5 8.03757e-14 0)
(1.5 1.4524e-13 0)
(1.5 2.07953e-13 0)
(1.5 2.72834e-13 0)
(1.5 2.72921e-13 0)
(1.5 1.15361e-13 0)
(1.5 1.43859e-13 0)
(1.5 4.29296e-13 0)
(1.5 4.41357e-13 0)
(1.5 4.01459e-13 0)
(1.5 3.99737e-13 0)
(1.5 3.3312e-13 0)
(1.5 2.61775e-13 0)
(1.5 2.63112e-13 0)
(1.5 2.49279e-13 0)
(1.5 2.0378e-13 0)
(1.5 1.69621e-13 0)
(1.5 1.83569e-13 0)
(1.5 1.641e-13 0)
(1.5 3.9528e-14 0)
(1.5 -5.99067e-14 0)
(1.5 -1.65513e-13 0)
(1.5 -2.23947e-13 0)
(1.5 -2.304e-13 0)
(1.5 -2.58315e-13 0)
(1.5 -3.28253e-13 0)
(1.5 -2.87349e-13 0)
(1.5 -1.99879e-13 0)
(1.5 -1.7813e-13 0)
(1.5 -1.77941e-13 0)
(1.5 -2.54025e-13 0)
(1.5 -2.7723e-13 0)
(1.5 -2.66703e-13 0)
(1.5 -2.15973e-13 0)
(1.5 -9.06904e-14 0)
(1.5 -8.33594e-15 0)
(1.5 3.7618e-15 0)
(1.5 -2.50508e-14 0)
(1.5 -8.20917e-14 0)
(1.5 -2.16107e-13 0)
(1.5 -3.05015e-13 0)
(1.5 -2.86387e-13 0)
(1.5 -2.78784e-13 0)
(1.5 -3.02768e-13 0)
(1.5 -3.90209e-13 0)
(1.5 -3.7758e-13 0)
(1.5 -2.60233e-13 0)
(1.5 -2.43281e-13 0)
(1.5 -2.08808e-13 0)
(1.5 -2.16271e-13 0)
(1.5 -1.63434e-13 0)
(1.5 -1.53273e-13 0)
(1.5 -2.40604e-13 0)
(1.5 -2.95948e-13 0)
(1.5 -3.51622e-13 0)
(1.5 -4.74383e-13 0)
(1.5 -6.2325e-13 0)
(1.5 -6.15579e-13 0)
(1.5 -5.67813e-13 0)
(1.5 -5.10337e-13 0)
(1.5 -4.84207e-13 0)
(1.5 -4.52363e-13 0)
(1.5 -6.07802e-13 0)
(1.5 -5.91724e-13 0)
(1.5 -5.48726e-13 0)
(1.5 -4.65362e-13 0)
(1.5 -5.5564e-13 0)
(1.5 -7.91135e-13 0)
(1.5 -7.72938e-13 0)
(1.5 -6.80529e-13 0)
(1.5 -5.88714e-13 0)
(1.5 -5.31508e-13 0)
(1.5 -6.5619e-13 0)
(1.5 -6.09649e-13 0)
(1.5 -5.1905e-13 0)
(1.5 4.05632e-14 0)
(1.5 3.59035e-14 0)
(1.5 4.44222e-14 0)
(1.5 -6.52847e-14 0)
(1.5 -6.12655e-14 0)
(1.5 -7.62023e-15 0)
(1.5 5.46765e-14 0)
(1.5 6.71515e-14 0)
(1.5 1.92605e-14 0)
(1.5 6.9375e-15 0)
(1.5 5.27083e-16 0)
(1.5 -1.04485e-13 0)
(1.5 -5.74158e-14 0)
(1.5 4.8555e-16 0)
(1.5 2.93383e-14 0)
(1.5 1.77331e-14 0)
(1.5 2.64994e-14 0)
(1.5 -2.549e-15 0)
(1.5 3.09231e-14 0)
(1.5 1.0972e-13 0)
(1.5 7.36879e-14 0)
(1.5 5.6744e-14 0)
(1.5 5.04878e-14 0)
(1.5 5.24322e-14 0)
(1.5 3.6733e-15 0)
(1.5 2.9476e-14 0)
(1.5 -1.34622e-14 0)
(1.5 2.53322e-15 0)
(1.5 -4.61903e-14 0)
(1.5 -7.38657e-14 0)
(1.5 -9.07635e-14 0)
(1.5 -1.23624e-13 0)
(1.5 -1.16361e-13 0)
(1.5 -4.22826e-14 0)
(1.5 -3.55549e-14 0)
(1.5 -2.06675e-14 0)
(1.5 -1.50476e-14 0)
(1.5 -2.75346e-14 0)
(1.5 -2.1702e-14 0)
(1.5 -1.14248e-14 0)
(1.5 -1.26463e-14 0)
(1.5 6.73833e-15 0)
(1.5 1.60294e-14 0)
(1.5 2.16154e-14 0)
(1.5 6.84116e-14 0)
(1.5 7.92554e-14 0)
(1.5 3.17554e-14 0)
(1.5 4.24839e-14 0)
(1.5 7.44108e-14 0)
(1.5 8.2014e-14 0)
(1.5 1.09687e-13 0)
(1.5 1.06785e-13 0)
(1.5 1.32865e-13 0)
(1.5 1.24976e-13 0)
(1.5 6.02159e-14 0)
(1.5 1.13878e-14 0)
(1.5 -4.53257e-14 0)
(1.5 -2.07624e-14 0)
(1.5 -2.09703e-14 0)
(1.5 -8.09311e-14 0)
(1.5 -7.84779e-14 0)
(1.5 -3.88869e-14 0)
(1.5 -8.27607e-14 0)
(1.5 -2.68477e-14 0)
(1.5 -2.46568e-14 0)
(1.5 4.4773e-14 0)
(1.5 6.18236e-14 0)
(1.5 9.99887e-14 0)
(1.5 7.32714e-14 0)
(1.5 2.27927e-14 0)
(1.5 1.28318e-16 0)
(1.5 -2.57448e-14 0)
(1.5 3.13744e-15 0)
(1.5 -1.16192e-14 0)
(1.5 6.28077e-14 0)
(1.5 4.80548e-14 0)
(1.5 -1.97648e-14 0)
(1.5 -5.56467e-14 0)
(1.5 -7.61792e-14 0)
(1.5 -2.04415e-14 0)
(1.5 -3.9028e-14 0)
(1.5 -5.96728e-15 0)
(1.5 7.61163e-14 0)
(1.5 6.68778e-14 0)
(1.5 4.6374e-14 0)
(1.5 -4.87923e-14 0)
(1.5 -2.27039e-14 0)
(1.5 -4.30046e-14 0)
(1.5 -3.21898e-14 0)
(1.5 2.09428e-14 0)
(1.5 1.52787e-14 0)
(1.5 -1.34827e-14 0)
(1.5 8.22616e-14 0)
(1.5 2.05344e-13 0)
(1.5 2.80553e-13 0)
(1.5 2.33962e-13 0)
(1.5 1.52915e-13 0)
(1.5 1.04945e-13 0)
(1.5 -7.36434e-15 0)
(1.5 -9.97005e-14 0)
(1.5 -1.8099e-13 0)
(1.5 -2.56939e-13 0)
(1.5 -1.93946e-13 0)
(1.5 -1.3931e-13 0)
(1.5 -6.48281e-14 0)
(1.5 -1.84002e-14 0)
(1.5 -8.82195e-14 0)
(1.5 -1.36126e-13 0)
(1.5 -1.80559e-13 0)
(1.5 -1.44989e-13 0)
(1.5 -8.16086e-14 0)
(1.5 -9.86709e-14 0)
(1.5 -3.94491e-14 0)
(1.5 6.9724e-14 0)
(1.5 1.50852e-13 0)
(1.5 1.42081e-13 0)
(1.5 6.64114e-14 0)
(1.5 -3.58673e-15 0)
(1.5 -3.24565e-14 0)
(1.5 -2.67319e-14 0)
(1.5 4.39829e-14 0)
(1.5 8.61641e-14 0)
(1.5 6.47444e-14 0)
(1.5 8.6242e-14 0)
(1.5 6.89125e-14 0)
(1.5 8.54635e-14 0)
(1.5 6.7254e-14 0)
(1.5 3.91729e-14 0)
(1.5 4.29789e-14 0)
(1.5 8.27365e-14 0)
(1.5 1.1622e-13 0)
(1.5 1.67048e-13 0)
(1.5 3.94591e-13 0)
(1.5 4.2241e-13 0)
(1.5 3.60685e-13 0)
(1.5 4.04141e-13 0)
(1.5 3.79823e-13 0)
(1.5 2.87518e-13 0)
(1.5 2.02249e-13 0)
(1.5 1.65831e-13 0)
(1.5 1.69682e-13 0)
(1.5 1.4259e-13 0)
(1.5 1.26185e-13 0)
(1.5 6.92029e-14 0)
(1.5 -3.57749e-14 0)
(1.5 -6.7667e-14 0)
(1.5 -6.19016e-14 0)
(1.5 -1.02099e-13 0)
(1.5 -1.54173e-13 0)
(1.5 -2.23056e-13 0)
(1.5 -2.25643e-13 0)
(1.5 -2.35244e-13 0)
(1.5 -1.39724e-13 0)
(1.5 -1.28048e-13 0)
(1.5 -1.93069e-13 0)
(1.5 -3.33686e-13 0)
(1.5 -4.05429e-13 0)
(1.5 -3.90028e-13 0)
(1.5 -2.85683e-13 0)
(1.5 -1.20109e-13 0)
(1.5 -4.39708e-14 0)
(1.5 -8.36473e-14 0)
(1.5 -1.36215e-13 0)
(1.5 -2.21004e-13 0)
(1.5 -2.53525e-13 0)
(1.5 -2.98607e-13 0)
(1.5 -2.63709e-13 0)
(1.5 -2.75824e-13 0)
(1.5 -3.42349e-13 0)
(1.5 -3.98646e-13 0)
(1.5 -3.82498e-13 0)
(1.5 -2.73528e-13 0)
(1.5 -2.84866e-13 0)
(1.5 -2.78445e-13 0)
(1.5 -3.64034e-13 0)
(1.5 -3.26939e-13 0)
(1.5 -2.33877e-13 0)
(1.5 -2.70124e-13 0)
(1.5 -3.34586e-13 0)
(1.5 -4.40094e-13 0)
(1.5 -5.24412e-13 0)
(1.5 -5.78421e-13 0)
(1.5 -6.4917e-13 0)
(1.5 -5.0755e-13 0)
(1.5 -3.89961e-13 0)
(1.5 -3.37309e-13 0)
(1.5 -2.51608e-13 0)
(1.5 -2.93717e-13 0)
(1.5 -3.02101e-13 0)
(1.5 -2.4774e-13 0)
(1.5 -2.24925e-13 0)
(1.5 -3.16912e-13 0)
(1.5 -5.01382e-13 0)
(1.5 -5.55718e-13 0)
(1.5 -6.68679e-13 0)
(1.5 -7.049e-13 0)
(1.5 -6.30654e-13 0)
(1.5 -6.71355e-13 0)
(1.5 -5.89947e-13 0)
(1.5 -4.13053e-13 0)
(1.5 -9.17281e-15 0)
(1.5 2.45648e-15 0)
(1.5 -2.25688e-14 0)
(1.5 -8.13962e-14 0)
(1.5 -5.06035e-14 0)
(1.5 1.10306e-14 0)
(1.5 -1.04347e-14 0)
(1.5 8.21292e-15 0)
(1.5 -8.9659e-14 0)
(1.5 -1.34072e-13 0)
(1.5 -1.07787e-13 0)
(1.5 -6.30238e-14 0)
(1.5 -5.44927e-14 0)
(1.5 -3.74887e-14 0)
(1.5 8.40073e-15 0)
(1.5 5.05243e-15 0)
(1.5 -1.06216e-14 0)
(1.5 -3.94472e-15 0)
(1.5 5.48134e-14 0)
(1.5 2.51825e-14 0)
(1.5 5.37596e-14 0)
(1.5 7.01943e-14 0)
(1.5 3.35345e-14 0)
(1.5 2.57775e-14 0)
(1.5 3.13167e-15 0)
(1.5 1.62177e-14 0)
(1.5 2.46206e-14 0)
(1.5 3.19825e-14 0)
(1.5 2.71426e-14 0)
(1.5 4.64925e-14 0)
(1.5 1.52953e-14 0)
(1.5 -7.70549e-14 0)
(1.5 -7.92808e-14 0)
(1.5 -9.92114e-14 0)
(1.5 -3.58663e-14 0)
(1.5 -4.5244e-14 0)
(1.5 -5.94166e-14 0)
(1.5 -5.47478e-14 0)
(1.5 -5.32827e-14 0)
(1.5 -1.61776e-14 0)
(1.5 -5.69784e-15 0)
(1.5 1.86281e-14 0)
(1.5 5.11998e-14 0)
(1.5 -2.28892e-17 0)
(1.5 2.08122e-14 0)
(1.5 2.16267e-14 0)
(1.5 5.30541e-14 0)
(1.5 4.72876e-14 0)
(1.5 9.4515e-14 0)
(1.5 1.26983e-13 0)
(1.5 1.20409e-13 0)
(1.5 1.3784e-13 0)
(1.5 1.47933e-13 0)
(1.5 1.60745e-13 0)
(1.5 8.93945e-14 0)
(1.5 3.8792e-14 0)
(1.5 -4.98843e-14 0)
(1.5 -5.32668e-14 0)
(1.5 -4.5117e-14 0)
(1.5 -4.74557e-14 0)
(1.5 -2.75739e-14 0)
(1.5 -1.9348e-15 0)
(1.5 -7.95554e-14 0)
(1.5 -8.87923e-14 0)
(1.5 -3.32029e-14 0)
(1.5 -2.50722e-14 0)
(1.5 -5.06516e-15 0)
(1.5 5.38435e-14 0)
(1.5 1.09942e-13 0)
(1.5 6.60898e-14 0)
(1.5 -4.52259e-14 0)
(1.5 -2.54807e-14 0)
(1.5 2.65739e-14 0)
(1.5 1.69386e-14 0)
(1.5 7.22876e-14 0)
(1.5 8.78753e-14 0)
(1.5 2.58494e-14 0)
(1.5 -6.99752e-14 0)
(1.5 -1.25247e-13 0)
(1.5 -4.8336e-14 0)
(1.5 -5.18101e-14 0)
(1.5 -2.7377e-14 0)
(1.5 5.42913e-14 0)
(1.5 3.03917e-14 0)
(1.5 -4.48864e-14 0)
(1.5 -8.80713e-14 0)
(1.5 -8.88479e-14 0)
(1.5 -1.19792e-13 0)
(1.5 -3.90347e-14 0)
(1.5 -1.63331e-14 0)
(1.5 -9.22246e-14 0)
(1.5 -1.14564e-13 0)
(1.5 -7.752e-14 0)
(1.5 -1.0565e-14 0)
(1.5 6.51332e-14 0)
(1.5 1.41178e-13 0)
(1.5 1.52293e-13 0)
(1.5 9.42255e-14 0)
(1.5 7.50203e-15 0)
(1.5 -2.79129e-14 0)
(1.5 -4.97752e-14 0)
(1.5 -1.79599e-13 0)
(1.5 -2.02984e-13 0)
(1.5 -2.04328e-13 0)
(1.5 -1.04541e-13 0)
(1.5 -3.51174e-15 0)
(1.5 -8.2221e-14 0)
(1.5 -1.85365e-13 0)
(1.5 -2.29686e-13 0)
(1.5 -1.77824e-13 0)
(1.5 -1.18169e-13 0)
(1.5 -1.06424e-13 0)
(1.5 4.12533e-15 0)
(1.5 9.45068e-14 0)
(1.5 1.46881e-13 0)
(1.5 1.44224e-13 0)
(1.5 4.36041e-14 0)
(1.5 -1.27287e-13 0)
(1.5 -9.28644e-14 0)
(1.5 4.31814e-14 0)
(1.5 1.93656e-13 0)
(1.5 2.04848e-13 0)
(1.5 1.75946e-13 0)
(1.5 1.59148e-13 0)
(1.5 1.80143e-13 0)
(1.5 2.1101e-13 0)
(1.5 1.44042e-13 0)
(1.5 9.20186e-14 0)
(1.5 4.10889e-14 0)
(1.5 5.45663e-14 0)
(1.5 1.86524e-13 0)
(1.5 2.34769e-13 0)
(1.5 2.74548e-13 0)
(1.5 3.08274e-13 0)
(1.5 3.21515e-13 0)
(1.5 3.97102e-13 0)
(1.5 4.55331e-13 0)
(1.5 4.05355e-13 0)
(1.5 3.33965e-13 0)
(1.5 2.99586e-13 0)
(1.5 2.45091e-13 0)
(1.5 1.99838e-13 0)
(1.5 1.29982e-13 0)
(1.5 4.67393e-15 0)
(1.5 -4.42731e-14 0)
(1.5 4.82344e-14 0)
(1.5 6.31897e-14 0)
(1.5 3.8254e-14 0)
(1.5 -1.47083e-14 0)
(1.5 -9.33683e-14 0)
(1.5 -9.81211e-14 0)
(1.5 -1.99259e-13 0)
(1.5 -1.89931e-13 0)
(1.5 -1.79228e-13 0)
(1.5 -3.01747e-13 0)
(1.5 -4.03681e-13 0)
(1.5 -4.55626e-13 0)
(1.5 -3.50668e-13 0)
(1.5 -2.6958e-13 0)
(1.5 -2.28626e-13 0)
(1.5 -2.01454e-13 0)
(1.5 -2.54704e-13 0)
(1.5 -3.33467e-13 0)
(1.5 -2.76073e-13 0)
(1.5 -1.34527e-13 0)
(1.5 -1.43387e-13 0)
(1.5 -1.99455e-13 0)
(1.5 -2.40575e-13 0)
(1.5 -2.9841e-13 0)
(1.5 -2.38114e-13 0)
(1.5 -1.30286e-13 0)
(1.5 -1.12896e-13 0)
(1.5 -1.70565e-13 0)
(1.5 -2.37487e-13 0)
(1.5 -3.34374e-13 0)
(1.5 -3.19582e-13 0)
(1.5 -2.66163e-13 0)
(1.5 -2.95713e-13 0)
(1.5 -4.14554e-13 0)
(1.5 -5.29777e-13 0)
(1.5 -4.9457e-13 0)
(1.5 -4.28558e-13 0)
(1.5 -5.76561e-13 0)
(1.5 -4.82469e-13 0)
(1.5 -2.99515e-13 0)
(1.5 -1.83602e-13 0)
(1.5 -9.26558e-15 0)
(1.5 4.91233e-14 0)
(1.5 2.09428e-14 0)
(1.5 7.07599e-14 0)
(1.5 7.44956e-14 0)
(1.5 -6.83729e-15 0)
(1.5 -1.71486e-13 0)
(1.5 -3.37316e-13 0)
(1.5 -5.51525e-13 0)
(1.5 -5.76372e-13 0)
(1.5 -4.55533e-13 0)
(1.5 -5.05689e-13 0)
(1.5 -3.85496e-13 0)
(1.5 -1.77478e-13 0)
(1.5 -1.67586e-14 0)
(1.5 9.90771e-15 0)
(1.5 4.86887e-14 0)
(1.5 8.50072e-14 0)
(1.5 8.78131e-14 0)
(1.5 6.74657e-14 0)
(1.5 3.85931e-14 0)
(1.5 -8.61462e-15 0)
(1.5 -4.93399e-14 0)
(1.5 -8.32904e-14 0)
(1.5 -6.45581e-14 0)
(1.5 -5.25134e-14 0)
(1.5 -1.21432e-13 0)
(1.5 -7.02272e-14 0)
(1.5 -4.28713e-14 0)
(1.5 4.21911e-16 0)
(1.5 -2.51474e-15 0)
(1.5 -6.88465e-15 0)
(1.5 6.34109e-14 0)
(1.5 4.15057e-14 0)
(1.5 9.37312e-14 0)
(1.5 1.20992e-13 0)
(1.5 1.13063e-13 0)
(1.5 9.24763e-14 0)
(1.5 6.23061e-14 0)
(1.5 4.48533e-14 0)
(1.5 7.10742e-14 0)
(1.5 7.97382e-14 0)
(1.5 8.40481e-14 0)
(1.5 7.60983e-14 0)
(1.5 4.22209e-14 0)
(1.5 -5.42252e-14 0)
(1.5 -4.8802e-14 0)
(1.5 -1.07339e-13 0)
(1.5 5.30309e-15 0)
(1.5 -8.5974e-15 0)
(1.5 -3.74398e-14 0)
(1.5 -2.62093e-14 0)
(1.5 -2.0811e-14 0)
(1.5 -2.0209e-14 0)
(1.5 -6.11059e-15 0)
(1.5 4.5117e-14 0)
(1.5 3.22648e-14 0)
(1.5 -7.82793e-15 0)
(1.5 -6.34563e-15 0)
(1.5 -1.84667e-14 0)
(1.5 3.59184e-14 0)
(1.5 6.25476e-14 0)
(1.5 9.55396e-14 0)
(1.5 1.23952e-13 0)
(1.5 1.41988e-13 0)
(1.5 1.50977e-13 0)
(1.5 1.84883e-13 0)
(1.5 1.51284e-13 0)
(1.5 6.41137e-14 0)
(1.5 5.94959e-14 0)
(1.5 -2.36354e-14 0)
(1.5 -6.31382e-14 0)
(1.5 -3.42539e-14 0)
(1.5 -3.11875e-14 0)
(1.5 -6.32857e-15 0)
(1.5 6.94685e-15 0)
(1.5 -5.27928e-14 0)
(1.5 -1.17598e-13 0)
(1.5 -2.67162e-14 0)
(1.5 -1.07568e-14 0)
(1.5 1.07961e-14 0)
(1.5 1.03e-14 0)
(1.5 7.65356e-14 0)
(1.5 5.21844e-14 0)
(1.5 -5.29444e-14 0)
(1.5 -4.51981e-14 0)
(1.5 -2.55473e-14 0)
(1.5 -1.64553e-14 0)
(1.5 6.64904e-15 0)
(1.5 5.0609e-15 0)
(1.5 -3.88816e-14 0)
(1.5 -7.53e-14 0)
(1.5 -6.29241e-14 0)
(1.5 -4.93172e-14 0)
(1.5 -9.72469e-14 0)
(1.5 -5.81811e-14 0)
(1.5 -2.01481e-14 0)
(1.5 -3.87066e-14 0)
(1.5 -6.77459e-14 0)
(1.5 -7.28711e-14 0)
(1.5 -9.21681e-14 0)
(1.5 -1.05978e-13 0)
(1.5 3.27707e-14 0)
(1.5 -1.91084e-14 0)
(1.5 -1.71144e-13 0)
(1.5 -1.8096e-13 0)
(1.5 -1.87985e-13 0)
(1.5 -1.12426e-13 0)
(1.5 -6.43008e-14 0)
(1.5 1.10897e-14 0)
(1.5 6.62852e-14 0)
(1.5 4.5862e-14 0)
(1.5 1.5081e-14 0)
(1.5 6.44812e-15 0)
(1.5 -1.11587e-14 0)
(1.5 -1.00125e-13 0)
(1.5 -1.62707e-13 0)
(1.5 -1.3931e-13 0)
(1.5 -1.29053e-13 0)
(1.5 -1.02716e-13 0)
(1.5 -1.04419e-13 0)
(1.5 -1.81504e-13 0)
(1.5 -2.03115e-13 0)
(1.5 -1.82329e-13 0)
(1.5 -2.04729e-13 0)
(1.5 -1.67526e-13 0)
(1.5 -9.48285e-14 0)
(1.5 -5.65946e-14 0)
(1.5 -9.42592e-14 0)
(1.5 -4.02596e-14 0)
(1.5 -3.02507e-14 0)
(1.5 -1.24754e-13 0)
(1.5 -7.71533e-14 0)
(1.5 1.08179e-13 0)
(1.5 2.13843e-13 0)
(1.5 2.26403e-13 0)
(1.5 2.51009e-13 0)
(1.5 2.45425e-13 0)
(1.5 2.29427e-13 0)
(1.5 2.42155e-13 0)
(1.5 2.36671e-13 0)
(1.5 2.45347e-13 0)
(1.5 1.86985e-13 0)
(1.5 1.50316e-13 0)
(1.5 1.40337e-13 0)
(1.5 1.19937e-13 0)
(1.5 6.03551e-14 0)
(1.5 1.29034e-13 0)
(1.5 2.75965e-13 0)
(1.5 3.88731e-13 0)
(1.5 4.62872e-13 0)
(1.5 4.78018e-13 0)
(1.5 4.52219e-13 0)
(1.5 4.04858e-13 0)
(1.5 3.4684e-13 0)
(1.5 3.06912e-13 0)
(1.5 2.1293e-13 0)
(1.5 1.27287e-13 0)
(1.5 8.82696e-14 0)
(1.5 1.06258e-13 0)
(1.5 1.23064e-13 0)
(1.5 2.02385e-13 0)
(1.5 2.0817e-13 0)
(1.5 4.05111e-14 0)
(1.5 -7.27327e-14 0)
(1.5 -2.02636e-13 0)
(1.5 -2.5607e-13 0)
(1.5 -2.25927e-13 0)
(1.5 -3.1439e-13 0)
(1.5 -3.70774e-13 0)
(1.5 -3.89227e-13 0)
(1.5 -2.52336e-13 0)
(1.5 -1.84072e-13 0)
(1.5 -2.0877e-13 0)
(1.5 -3.02192e-13 0)
(1.5 -3.20783e-13 0)
(1.5 -3.25441e-13 0)
(1.5 -2.01547e-13 0)
(1.5 -8.24103e-14 0)
(1.5 -6.75307e-14 0)
(1.5 -5.92777e-14 0)
(1.5 -4.28091e-14 0)
(1.5 -2.73443e-14 0)
(1.5 3.02964e-14 0)
(1.5 4.31146e-14 0)
(1.5 2.45643e-14 0)
(1.5 -7.35845e-14 0)
(1.5 -1.73394e-13 0)
(1.5 -2.36193e-13 0)
(1.5 -2.49524e-13 0)
(1.5 -3.29046e-13 0)
(1.5 -4.27905e-13 0)
(1.5 -4.49569e-13 0)
(1.5 -4.60554e-13 0)
(1.5 -3.36745e-13 0)
(1.5 -2.13022e-13 0)
(1.5 -2.86837e-13 0)
(1.5 -2.23749e-13 0)
(1.5 -1.25082e-13 0)
(1.5 1.60583e-14 0)
(1.5 1.50432e-13 0)
(1.5 2.3812e-13 0)
(1.5 2.27497e-13 0)
(1.5 2.64186e-13 0)
(1.5 2.22176e-13 0)
(1.5 1.82538e-13 0)
(1.5 -1.56169e-14 0)
(1.5 -2.10541e-13 0)
(1.5 -3.35847e-13 0)
(1.5 -3.309e-13 0)
(1.5 -2.80059e-13 0)
(1.5 -2.7543e-13 0)
(1.5 -1.35135e-13 0)
(1.5 3.72643e-14 0)
(1.5 1.15183e-14 0)
(1.5 5.89386e-14 0)
(1.5 1.31196e-13 0)
(1.5 2.26828e-13 0)
(1.5 2.29262e-13 0)
(1.5 1.08218e-13 0)
(1.5 1.23533e-13 0)
(1.5 1.03318e-13 0)
(1.5 1.16256e-13 0)
(1.5 1.28575e-13 0)
(1.5 7.11775e-14 0)
(1.5 8.30362e-15 0)
(1.5 -7.84042e-14 0)
(1.5 -4.64002e-14 0)
(1.5 -4.9046e-14 0)
(1.5 -4.96751e-15 0)
(1.5 2.6232e-14 0)
(1.5 5.01107e-14 0)
(1.5 4.15905e-14 0)
(1.5 1.2839e-14 0)
(1.5 5.24216e-14 0)
(1.5 1.44982e-13 0)
(1.5 1.59612e-13 0)
(1.5 1.65935e-13 0)
(1.5 1.21933e-13 0)
(1.5 8.22569e-14 0)
(1.5 5.66452e-14 0)
(1.5 5.9662e-14 0)
(1.5 4.18554e-14 0)
(1.5 4.18146e-14 0)
(1.5 2.55197e-14 0)
(1.5 -3.04739e-14 0)
(1.5 -5.99581e-14 0)
(1.5 -9.03261e-14 0)
(1.5 -6.07019e-14 0)
(1.5 -1.73858e-14 0)
(1.5 2.87837e-14 0)
(1.5 5.41868e-14 0)
(1.5 1.11701e-14 0)
(1.5 -2.80396e-14 0)
(1.5 -3.18676e-14 0)
(1.5 2.42828e-14 0)
(1.5 3.6528e-14 0)
(1.5 9.1428e-14 0)
(1.5 1.16719e-13 0)
(1.5 8.53002e-14 0)
(1.5 7.65962e-14 0)
(1.5 5.16312e-14 0)
(1.5 6.76718e-14 0)
(1.5 1.1633e-13 0)
(1.5 1.45836e-13 0)
(1.5 1.36739e-13 0)
(1.5 1.55458e-13 0)
(1.5 1.09115e-13 0)
(1.5 9.0138e-14 0)
(1.5 5.49367e-14 0)
(1.5 -1.46083e-15 0)
(1.5 5.63476e-16 0)
(1.5 1.41718e-14 0)
(1.5 -3.51485e-14 0)
(1.5 -2.84142e-14 0)
(1.5 -4.54053e-14 0)
(1.5 -5.62822e-14 0)
(1.5 -5.26023e-14 0)
(1.5 2.14248e-14 0)
(1.5 6.39374e-14 0)
(1.5 5.72194e-14 0)
(1.5 -9.6724e-15 0)
(1.5 -3.83847e-15 0)
(1.5 8.09682e-15 0)
(1.5 -9.83181e-15 0)
(1.5 -2.92222e-14 0)
(1.5 -3.62414e-14 0)
(1.5 -3.56257e-14 0)
(1.5 -8.37105e-14 0)
(1.5 -1.31847e-13 0)
(1.5 -1.41463e-13 0)
(1.5 -1.44735e-13 0)
(1.5 -8.59573e-14 0)
(1.5 -1.08112e-13 0)
(1.5 -5.75396e-14 0)
(1.5 7.07926e-15 0)
(1.5 -4.95805e-14 0)
(1.5 -3.87273e-14 0)
(1.5 -5.40256e-14 0)
(1.5 -1.59696e-14 0)
(1.5 -1.09345e-14 0)
(1.5 1.28525e-14 0)
(1.5 7.90041e-14 0)
(1.5 -1.58154e-14 0)
(1.5 -1.97695e-13 0)
(1.5 -2.90298e-13 0)
(1.5 -3.02033e-13 0)
(1.5 -2.2446e-13 0)
(1.5 -6.0616e-14 0)
(1.5 7.13859e-14 0)
(1.5 1.66596e-13 0)
(1.5 1.98921e-13 0)
(1.5 1.61234e-13 0)
(1.5 1.10851e-13 0)
(1.5 5.24256e-14 0)
(1.5 1.79711e-14 0)
(1.5 -5.53124e-14 0)
(1.5 -9.49581e-14 0)
(1.5 -1.45675e-13 0)
(1.5 -2.00552e-13 0)
(1.5 -2.16859e-13 0)
(1.5 -2.19606e-13 0)
(1.5 -1.972e-13 0)
(1.5 -2.06324e-13 0)
(1.5 -2.21884e-13 0)
(1.5 -2.65519e-13 0)
(1.5 -2.67799e-13 0)
(1.5 -2.55289e-13 0)
(1.5 -2.44547e-13 0)
(1.5 -1.38549e-13 0)
(1.5 -7.94576e-14 0)
(1.5 -6.19579e-14 0)
(1.5 -6.27942e-14 0)
(1.5 5.88152e-14 0)
(1.5 1.37134e-13 0)
(1.5 1.94312e-13 0)
(1.5 2.47896e-13 0)
(1.5 2.09475e-13 0)
(1.5 1.99257e-13 0)
(1.5 2.03005e-13 0)
(1.5 2.03827e-13 0)
(1.5 1.73057e-13 0)
(1.5 1.7003e-13 0)
(1.5 1.63194e-13 0)
(1.5 8.65736e-14 0)
(1.5 -2.89863e-15 0)
(1.5 -1.09402e-13 0)
(1.5 -1.05747e-14 0)
(1.5 2.13638e-13 0)
(1.5 3.50144e-13 0)
(1.5 4.69064e-13 0)
(1.5 5.50593e-13 0)
(1.5 5.64085e-13 0)
(1.5 5.54556e-13 0)
(1.5 4.89319e-13 0)
(1.5 4.5786e-13 0)
(1.5 4.24743e-13 0)
(1.5 3.97722e-13 0)
(1.5 3.20801e-13 0)
(1.5 1.41031e-13 0)
(1.5 1.04742e-13 0)
(1.5 2.70496e-13 0)
(1.5 3.05906e-13 0)
(1.5 1.32596e-13 0)
(1.5 -1.0994e-13 0)
(1.5 -2.44857e-13 0)
(1.5 -2.42945e-13 0)
(1.5 -1.77899e-13 0)
(1.5 -1.56636e-13 0)
(1.5 -1.86206e-13 0)
(1.5 -2.09121e-13 0)
(1.5 -1.48667e-13 0)
(1.5 -1.08652e-13 0)
(1.5 -1.02159e-13 0)
(1.5 -1.86546e-13 0)
(1.5 -2.25635e-13 0)
(1.5 -1.48767e-13 0)
(1.5 -5.87194e-14 0)
(1.5 -5.95597e-14 0)
(1.5 -5.48629e-14 0)
(1.5 4.57755e-14 0)
(1.5 1.19934e-13 0)
(1.5 2.22679e-13 0)
(1.5 2.83492e-13 0)
(1.5 1.7118e-13 0)
(1.5 7.23858e-14 0)
(1.5 -3.59766e-14 0)
(1.5 -1.5196e-13 0)
(1.5 -1.21621e-13 0)
(1.5 -1.62356e-13 0)
(1.5 -2.16294e-13 0)
(1.5 -3.48714e-13 0)
(1.5 -3.12339e-13 0)
(1.5 -2.28342e-13 0)
(1.5 -1.65811e-13 0)
(1.5 -8.3576e-14 0)
(1.5 -3.3107e-14 0)
(1.5 4.17411e-15 0)
(1.5 7.94714e-14 0)
(1.5 2.34246e-13 0)
(1.5 3.12656e-13 0)
(1.5 3.63214e-13 0)
(1.5 3.56338e-13 0)
(1.5 3.27721e-13 0)
(1.5 2.94308e-13 0)
(1.5 2.91958e-13 0)
(1.5 1.34034e-13 0)
(1.5 3.03167e-14 0)
(1.5 -9.38732e-15 0)
(1.5 9.39844e-15 0)
(1.5 -2.53899e-14 0)
(1.5 8.50257e-14 0)
(1.5 2.20502e-13 0)
(1.5 3.21985e-13 0)
(1.5 2.79782e-14 0)
(1.5 6.20335e-14 0)
(1.5 9.52741e-14 0)
(1.5 1.64745e-13 0)
(1.5 2.10091e-13 0)
(1.5 8.7946e-14 0)
(1.5 5.88952e-14 0)
(1.5 1.14025e-13 0)
(1.5 1.64395e-13 0)
(1.5 1.43574e-13 0)
(1.5 7.73521e-14 0)
(1.5 5.48159e-14 0)
(1.5 -9.32755e-15 0)
(1.5 -7.02424e-14 0)
(1.5 -6.1947e-14 0)
(1.5 -2.61378e-14 0)
(1.5 4.87696e-14 0)
(1.5 7.56881e-14 0)
(1.5 5.78937e-14 0)
(1.5 -1.66189e-14 0)
(1.5 1.75242e-14 0)
(1.5 7.9085e-14 0)
(1.5 1.69685e-13 0)
(1.5 2.06891e-13 0)
(1.5 1.87618e-13 0)
(1.5 9.88569e-14 0)
(1.5 4.28619e-14 0)
(1.5 2.63039e-14 0)
(1.5 1.47602e-14 0)
(1.5 3.19482e-14 0)
(1.5 7.4128e-14 0)
(1.5 8.20531e-14 0)
(1.5 1.31133e-14 0)
(1.5 4.11131e-15 0)
(1.5 -8.51731e-14 0)
(1.5 -8.44085e-14 0)
(1.5 -1.43104e-14 0)
(1.5 7.04368e-14 0)
(1.5 6.63605e-14 0)
(1.5 3.31437e-14 0)
(1.5 8.89031e-15 0)
(1.5 -1.52002e-15 0)
(1.5 7.39935e-14 0)
(1.5 1.40771e-13 0)
(1.5 1.64647e-13 0)
(1.5 1.3866e-13 0)
(1.5 8.85018e-14 0)
(1.5 3.79418e-14 0)
(1.5 2.44958e-14 0)
(1.5 1.16275e-13 0)
(1.5 1.85229e-13 0)
(1.5 1.28865e-13 0)
(1.5 7.84998e-14 0)
(1.5 7.03539e-14 0)
(1.5 6.42958e-14 0)
(1.5 2.28472e-14 0)
(1.5 2.46474e-14 0)
(1.5 4.01682e-14 0)
(1.5 7.5284e-14 0)
(1.5 5.69613e-15 0)
(1.5 1.81267e-15 0)
(1.5 -1.09463e-15 0)
(1.5 5.21248e-15 0)
(1.5 4.53366e-14 0)
(1.5 7.03696e-14 0)
(1.5 8.52128e-14 0)
(1.5 3.40327e-14 0)
(1.5 -2.3422e-14 0)
(1.5 -4.60631e-14 0)
(1.5 2.80908e-15 0)
(1.5 3.97194e-14 0)
(1.5 5.73447e-14 0)
(1.5 7.17351e-14 0)
(1.5 1.94271e-14 0)
(1.5 -8.73803e-14 0)
(1.5 -9.2047e-14 0)
(1.5 -1.27666e-13 0)
(1.5 -1.53451e-13 0)
(1.5 -1.42417e-13 0)
(1.5 -8.46164e-14 0)
(1.5 4.61273e-15 0)
(1.5 8.71176e-15 0)
(1.5 -6.21658e-14 0)
(1.5 -4.9399e-14 0)
(1.5 -1.53908e-14 0)
(1.5 2.90084e-14 0)
(1.5 7.70579e-14 0)
(1.5 1.28343e-13 0)
(1.5 7.56967e-14 0)
(1.5 -3.76973e-14 0)
(1.5 -1.48445e-13 0)
(1.5 -2.45706e-13 0)
(1.5 -2.5334e-13 0)
(1.5 -2.35821e-13 0)
(1.5 -1.10519e-13 0)
(1.5 3.63893e-14 0)
(1.5 1.48037e-13 0)
(1.5 1.77722e-13 0)
(1.5 1.16099e-13 0)
(1.5 6.59044e-14 0)
(1.5 5.2016e-14 0)
(1.5 4.38514e-14 0)
(1.5 -2.75876e-14 0)
(1.5 -7.32209e-14 0)
(1.5 -7.48756e-14 0)
(1.5 -1.25779e-13 0)
(1.5 -1.71068e-13 0)
(1.5 -1.41993e-13 0)
(1.5 -9.12313e-14 0)
(1.5 -1.24915e-13 0)
(1.5 -1.63189e-13 0)
(1.5 -2.07098e-13 0)
(1.5 -1.80713e-13 0)
(1.5 -2.08267e-13 0)
(1.5 -1.85104e-13 0)
(1.5 -1.19448e-13 0)
(1.5 -8.57923e-14 0)
(1.5 -4.46351e-14 0)
(1.5 -1.49915e-14 0)
(1.5 1.26238e-14 0)
(1.5 4.24799e-14 0)
(1.5 1.67522e-13 0)
(1.5 2.34481e-13 0)
(1.5 1.68573e-13 0)
(1.5 1.7121e-13 0)
(1.5 1.86364e-13 0)
(1.5 1.34404e-13 0)
(1.5 8.70982e-14 0)
(1.5 1.26993e-13 0)
(1.5 1.65503e-13 0)
(1.5 1.78906e-13 0)
(1.5 8.89309e-14 0)
(1.5 -9.94542e-14 0)
(1.5 -2.5593e-14 0)
(1.5 2.25103e-13 0)
(1.5 3.42412e-13 0)
(1.5 4.79587e-13 0)
(1.5 6.59398e-13 0)
(1.5 6.96519e-13 0)
(1.5 7.04386e-13 0)
(1.5 7.06273e-13 0)
(1.5 6.70759e-13 0)
(1.5 5.95197e-13 0)
(1.5 4.85899e-13 0)
(1.5 3.64593e-13 0)
(1.5 2.21255e-13 0)
(1.5 1.16955e-13 0)
(1.5 1.84326e-13 0)
(1.5 2.08042e-13 0)
(1.5 1.35361e-13 0)
(1.5 -1.9042e-14 0)
(1.5 -1.21198e-13 0)
(1.5 -1.42688e-13 0)
(1.5 -1.32685e-13 0)
(1.5 -7.66387e-14 0)
(1.5 -4.01749e-14 0)
(1.5 -4.10543e-14 0)
(1.5 -6.28267e-14 0)
(1.5 -8.34102e-14 0)
(1.5 -4.54421e-14 0)
(1.5 -2.72905e-14 0)
(1.5 -5.64128e-14 0)
(1.5 2.90839e-14 0)
(1.5 8.26852e-14 0)
(1.5 6.64176e-14 0)
(1.5 6.5009e-14 0)
(1.5 8.05495e-14 0)
(1.5 1.65085e-13 0)
(1.5 3.16211e-13 0)
(1.5 4.08228e-13 0)
(1.5 3.19745e-13 0)
(1.5 1.92389e-13 0)
(1.5 3.63972e-14 0)
(1.5 -9.49472e-14 0)
(1.5 -1.91692e-14 0)
(1.5 -3.5316e-14 0)
(1.5 -5.6814e-14 0)
(1.5 -7.96364e-14 0)
(1.5 -5.12623e-14 0)
(1.5 -1.21043e-14 0)
(1.5 -1.51402e-14 0)
(1.5 4.91595e-14 0)
(1.5 1.18386e-13 0)
(1.5 1.1788e-13 0)
(1.5 2.50034e-13 0)
(1.5 4.15117e-13 0)
(1.5 4.28606e-13 0)
(1.5 4.31202e-13 0)
(1.5 4.44319e-13 0)
(1.5 3.57673e-13 0)
(1.5 3.82504e-13 0)
(1.5 3.97296e-13 0)
(1.5 3.15488e-13 0)
(1.5 2.15089e-13 0)
(1.5 2.2497e-13 0)
(1.5 2.57748e-13 0)
(1.5 2.80385e-13 0)
(1.5 4.8094e-13 0)
(1.5 5.51625e-13 0)
(1.5 5.41849e-13 0)
(1.5 4.99303e-14 0)
(1.5 7.25317e-14 0)
(1.5 7.56612e-14 0)
(1.5 7.16651e-14 0)
(1.5 4.69922e-14 0)
(1.5 9.43404e-15 0)
(1.5 -1.10194e-14 0)
(1.5 3.23935e-14 0)
(1.5 1.39747e-13 0)
(1.5 7.85996e-14 0)
(1.5 3.74706e-14 0)
(1.5 -3.4808e-14 0)
(1.5 -1.51913e-13 0)
(1.5 -1.85332e-13 0)
(1.5 -9.9489e-14 0)
(1.5 -5.76269e-14 0)
(1.5 4.90562e-14 0)
(1.5 8.22466e-14 0)
(1.5 8.60551e-14 0)
(1.5 5.34774e-14 0)
(1.5 5.55042e-14 0)
(1.5 3.26978e-14 0)
(1.5 1.11319e-13 0)
(1.5 1.4707e-13 0)
(1.5 1.35445e-13 0)
(1.5 7.15014e-14 0)
(1.5 6.91416e-14 0)
(1.5 4.09104e-14 0)
(1.5 1.73596e-14 0)
(1.5 2.44095e-14 0)
(1.5 5.62001e-14 0)
(1.5 6.91509e-14 0)
(1.5 1.64487e-14 0)
(1.5 2.3346e-14 0)
(1.5 -4.90815e-14 0)
(1.5 -5.69291e-14 0)
(1.5 -2.94149e-14 0)
(1.5 1.23036e-14 0)
(1.5 1.1203e-14 0)
(1.5 3.55058e-14 0)
(1.5 3.07912e-14 0)
(1.5 2.24774e-14 0)
(1.5 8.12935e-14 0)
(1.5 4.07243e-14 0)
(1.5 3.21794e-14 0)
(1.5 8.99304e-14 0)
(1.5 8.73025e-14 0)
(1.5 5.72893e-14 0)
(1.5 5.00674e-14 0)
(1.5 7.39911e-14 0)
(1.5 1.10776e-13 0)
(1.5 1.13542e-13 0)
(1.5 9.68312e-14 0)
(1.5 7.31224e-14 0)
(1.5 2.90099e-14 0)
(1.5 1.20361e-14 0)
(1.5 2.13101e-14 0)
(1.5 4.97464e-14 0)
(1.5 5.65309e-14 0)
(1.5 4.34125e-14 0)
(1.5 4.50797e-14 0)
(1.5 3.64425e-14 0)
(1.5 2.44453e-14 0)
(1.5 4.45569e-14 0)
(1.5 6.1146e-14 0)
(1.5 -5.69921e-16 0)
(1.5 -5.76837e-14 0)
(1.5 -8.19315e-14 0)
(1.5 -1.14053e-13 0)
(1.5 -3.02611e-14 0)
(1.5 1.70484e-14 0)
(1.5 3.5805e-14 0)
(1.5 1.19017e-14 0)
(1.5 -2.25185e-14 0)
(1.5 -4.81163e-14 0)
(1.5 -3.54834e-14 0)
(1.5 -9.48452e-14 0)
(1.5 -1.26505e-13 0)
(1.5 -1.97351e-13 0)
(1.5 -1.06125e-13 0)
(1.5 -6.6629e-14 0)
(1.5 -5.85525e-14 0)
(1.5 -2.96039e-14 0)
(1.5 -2.54282e-14 0)
(1.5 3.95076e-14 0)
(1.5 2.56458e-14 0)
(1.5 5.62902e-14 0)
(1.5 5.3709e-14 0)
(1.5 -1.8121e-15 0)
(1.5 -8.63887e-14 0)
(1.5 -1.1208e-13 0)
(1.5 -1.46177e-13 0)
(1.5 -2.09429e-13 0)
(1.5 -2.05722e-13 0)
(1.5 -1.92712e-13 0)
(1.5 -1.2234e-13 0)
(1.5 -5.74977e-14 0)
(1.5 -2.85793e-14 0)
(1.5 -7.0256e-14 0)
(1.5 -8.25206e-14 0)
(1.5 -8.02741e-14 0)
(1.5 -7.16844e-14 0)
(1.5 -7.15838e-14 0)
(1.5 -5.62606e-14 0)
(1.5 -4.91309e-14 0)
(1.5 -7.89418e-14 0)
(1.5 -8.5361e-14 0)
(1.5 -1.07214e-13 0)
(1.5 -1.51155e-13 0)
(1.5 -2.26135e-13 0)
(1.5 -2.55659e-13 0)
(1.5 -1.91756e-13 0)
(1.5 -1.28878e-13 0)
(1.5 -1.62891e-13 0)
(1.5 -1.55985e-13 0)
(1.5 -7.91366e-14 0)
(1.5 -3.37393e-14 0)
(1.5 3.37199e-14 0)
(1.5 5.47714e-14 0)
(1.5 -2.11387e-14 0)
(1.5 -1.05837e-14 0)
(1.5 7.5835e-14 0)
(1.5 1.00101e-13 0)
(1.5 1.60602e-13 0)
(1.5 1.58653e-13 0)
(1.5 1.16818e-13 0)
(1.5 1.01304e-13 0)
(1.5 1.13727e-13 0)
(1.5 1.1975e-13 0)
(1.5 1.71828e-13 0)
(1.5 2.1497e-13 0)
(1.5 1.50246e-13 0)
(1.5 5.8828e-14 0)
(1.5 1.01563e-13 0)
(1.5 2.56835e-13 0)
(1.5 3.39745e-13 0)
(1.5 4.29501e-13 0)
(1.5 6.88365e-13 0)
(1.5 7.93807e-13 0)
(1.5 7.72676e-13 0)
(1.5 8.11143e-13 0)
(1.5 7.15454e-13 0)
(1.5 5.31181e-13 0)
(1.5 2.92005e-13 0)
(1.5 1.52249e-13 0)
(1.5 1.13546e-13 0)
(1.5 4.97943e-14 0)
(1.5 5.15695e-14 0)
(1.5 4.6547e-14 0)
(1.5 6.3167e-14 0)
(1.5 8.15064e-14 0)
(1.5 4.949e-14 0)
(1.5 -1.30815e-15 0)
(1.5 -9.20285e-14 0)
(1.5 -8.60982e-14 0)
(1.5 -2.05229e-15 0)
(1.5 -5.33245e-15 0)
(1.5 -1.56535e-13 0)
(1.5 -1.87635e-13 0)
(1.5 -1.36305e-13 0)
(1.5 -2.40224e-15 0)
(1.5 3.37621e-14 0)
(1.5 1.14117e-13 0)
(1.5 1.03488e-13 0)
(1.5 6.80543e-14 0)
(1.5 9.08318e-14 0)
(1.5 7.32891e-14 0)
(1.5 2.13549e-13 0)
(1.5 4.09124e-13 0)
(1.5 4.99542e-13 0)
(1.5 4.75717e-13 0)
(1.5 4.45278e-13 0)
(1.5 2.47865e-13 0)
(1.5 9.30149e-14 0)
(1.5 3.5013e-14 0)
(1.5 5.4006e-14 0)
(1.5 9.11438e-14 0)
(1.5 1.21834e-13 0)
(1.5 2.00072e-13 0)
(1.5 2.25115e-13 0)
(1.5 2.42651e-13 0)
(1.5 3.45282e-13 0)
(1.5 4.43115e-13 0)
(1.5 4.54437e-13 0)
(1.5 5.15633e-13 0)
(1.5 5.88886e-13 0)
(1.5 5.41807e-13 0)
(1.5 5.38173e-13 0)
(1.5 5.10259e-13 0)
(1.5 4.76778e-13 0)
(1.5 4.47817e-13 0)
(1.5 4.62463e-13 0)
(1.5 4.7228e-13 0)
(1.5 3.2536e-13 0)
(1.5 3.10138e-13 0)
(1.5 3.89509e-13 0)
(1.5 5.59635e-13 0)
(1.5 7.69692e-13 0)
(1.5 7.83418e-13 0)
(1.5 6.75238e-13 0)
(1.5 6.23322e-15 0)
(1.5 -5.70528e-15 0)
(1.5 -2.34373e-14 0)
(1.5 -3.76263e-15 0)
(1.5 -2.80968e-14 0)
(1.5 5.62593e-14 0)
(1.5 1.28629e-14 0)
(1.5 6.84056e-15 0)
(1.5 8.13855e-14 0)
(1.5 3.63956e-14 0)
(1.5 -5.60981e-14 0)
(1.5 -1.95497e-13 0)
(1.5 -2.51723e-13 0)
(1.5 -2.17512e-13 0)
(1.5 -1.31534e-13 0)
(1.5 -6.75928e-14 0)
(1.5 1.65095e-15 0)
(1.5 8.71762e-14 0)
(1.5 9.32692e-14 0)
(1.5 1.03354e-13 0)
(1.5 5.95936e-14 0)
(1.5 -1.09505e-14 0)
(1.5 -8.15198e-15 0)
(1.5 3.13828e-14 0)
(1.5 8.68312e-14 0)
(1.5 1.44674e-14 0)
(1.5 -4.12657e-15 0)
(1.5 -2.11268e-14 0)
(1.5 -7.54473e-14 0)
(1.5 -6.21106e-14 0)
(1.5 -3.45288e-14 0)
(1.5 -2.31979e-14 0)
(1.5 -9.64628e-15 0)
(1.5 -2.17339e-14 0)
(1.5 -1.34527e-14 0)
(1.5 3.15419e-14 0)
(1.5 1.62026e-14 0)
(1.5 -5.39609e-15 0)
(1.5 -1.17429e-14 0)
(1.5 3.46479e-14 0)
(1.5 1.03201e-14 0)
(1.5 8.04947e-14 0)
(1.5 1.11998e-13 0)
(1.5 5.48554e-14 0)
(1.5 -1.89531e-16 0)
(1.5 7.39567e-14 0)
(1.5 1.55491e-13 0)
(1.5 1.37318e-13 0)
(1.5 1.4007e-13 0)
(1.5 9.85981e-14 0)
(1.5 7.81201e-14 0)
(1.5 1.19466e-13 0)
(1.5 1.55538e-13 0)
(1.5 1.09026e-13 0)
(1.5 7.66884e-14 0)
(1.5 2.64149e-14 0)
(1.5 7.21693e-14 0)
(1.5 7.69816e-14 0)
(1.5 3.72034e-14 0)
(1.5 7.70135e-14 0)
(1.5 3.82334e-14 0)
(1.5 -8.14524e-15 0)
(1.5 -1.27733e-14 0)
(1.5 6.95072e-15 0)
(1.5 8.16435e-15 0)
(1.5 -7.47918e-14 0)
(1.5 -1.07753e-13 0)
(1.5 -1.04015e-13 0)
(1.5 -1.17132e-13 0)
(1.5 -5.17736e-14 0)
(1.5 -1.70751e-14 0)
(1.5 -5.65129e-14 0)
(1.5 -8.78318e-14 0)
(1.5 -1.06731e-13 0)
(1.5 -9.36137e-14 0)
(1.5 -1.0431e-13 0)
(1.5 -1.1327e-13 0)
(1.5 -1.61167e-13 0)
(1.5 -2.20596e-13 0)
(1.5 -2.0357e-13 0)
(1.5 -2.15792e-13 0)
(1.5 -1.73517e-13 0)
(1.5 -1.39277e-13 0)
(1.5 -1.55443e-13 0)
(1.5 -1.77417e-13 0)
(1.5 -1.58378e-13 0)
(1.5 -1.34258e-13 0)
(1.5 -1.28881e-13 0)
(1.5 -1.69718e-13 0)
(1.5 -1.56381e-13 0)
(1.5 -1.29813e-13 0)
(1.5 -9.59317e-14 0)
(1.5 -1.48008e-13 0)
(1.5 -1.37481e-13 0)
(1.5 -1.28481e-13 0)
(1.5 -1.04435e-13 0)
(1.5 -1.04146e-13 0)
(1.5 -6.27488e-14 0)
(1.5 -6.6326e-14 0)
(1.5 -7.05842e-14 0)
(1.5 -1.10023e-13 0)
(1.5 -1.09014e-13 0)
(1.5 -7.83779e-14 0)
(1.5 -2.04186e-14 0)
(1.5 -1.24501e-14 0)
(1.5 -1.72633e-14 0)
(1.5 -3.53985e-14 0)
(1.5 -1.16362e-13 0)
(1.5 -2.55009e-13 0)
(1.5 -3.20893e-13 0)
(1.5 -2.69607e-13 0)
(1.5 -1.76956e-13 0)
(1.5 -1.82754e-13 0)
(1.5 -1.57306e-13 0)
(1.5 -1.28032e-13 0)
(1.5 -4.75149e-14 0)
(1.5 5.59869e-14 0)
(1.5 1.50123e-13 0)
(1.5 1.35818e-13 0)
(1.5 -1.7001e-14 0)
(1.5 -3.5629e-14 0)
(1.5 4.62231e-14 0)
(1.5 6.85261e-14 0)
(1.5 1.69032e-13 0)
(1.5 1.52857e-13 0)
(1.5 1.11524e-13 0)
(1.5 1.30884e-13 0)
(1.5 1.15408e-13 0)
(1.5 1.21875e-13 0)
(1.5 1.00323e-13 0)
(1.5 4.58996e-14 0)
(1.5 9.42741e-14 0)
(1.5 2.15445e-13 0)
(1.5 3.1043e-13 0)
(1.5 3.95126e-13 0)
(1.5 4.33455e-13 0)
(1.5 4.7245e-13 0)
(1.5 7.85626e-13 0)
(1.5 8.9242e-13 0)
(1.5 8.239e-13 0)
(1.5 7.36042e-13 0)
(1.5 6.10828e-13 0)
(1.5 4.29913e-13 0)
(1.5 2.38124e-13 0)
(1.5 1.27918e-13 0)
(1.5 6.52001e-14 0)
(1.5 3.99179e-14 0)
(1.5 4.50043e-14 0)
(1.5 -4.7118e-15 0)
(1.5 6.35705e-14 0)
(1.5 1.4666e-13 0)
(1.5 1.91986e-13 0)
(1.5 2.35737e-13 0)
(1.5 1.20832e-13 0)
(1.5 8.48368e-14 0)
(1.5 9.5911e-14 0)
(1.5 4.67814e-14 0)
(1.5 -7.52955e-14 0)
(1.5 -6.11884e-14 0)
(1.5 -4.48243e-14 0)
(1.5 3.64827e-14 0)
(1.5 7.19952e-14 0)
(1.5 9.3176e-14 0)
(1.5 6.35609e-14 0)
(1.5 4.05928e-14 0)
(1.5 1.55924e-13 0)
(1.5 2.5223e-13 0)
(1.5 4.10903e-13 0)
(1.5 5.50373e-13 0)
(1.5 5.68889e-13 0)
(1.5 6.24834e-13 0)
(1.5 6.26144e-13 0)
(1.5 3.82926e-13 0)
(1.5 2.35337e-13 0)
(1.5 1.46064e-13 0)
(1.5 1.48851e-13 0)
(1.5 2.39643e-13 0)
(1.5 2.71303e-13 0)
(1.5 2.92122e-13 0)
(1.5 2.68879e-13 0)
(1.5 3.28686e-13 0)
(1.5 4.37792e-13 0)
(1.5 7.04822e-13 0)
(1.5 7.80675e-13 0)
(1.5 7.49287e-13 0)
(1.5 7.04524e-13 0)
(1.5 6.75421e-13 0)
(1.5 6.42348e-13 0)
(1.5 6.47203e-13 0)
(1.5 7.15985e-13 0)
(1.5 6.06643e-13 0)
(1.5 5.40341e-13 0)
(1.5 5.89613e-13 0)
(1.5 4.74073e-13 0)
(1.5 4.49732e-13 0)
(1.5 4.56472e-13 0)
(1.5 5.31476e-13 0)
(1.5 7.96977e-13 0)
(1.5 8.2809e-13 0)
(1.5 6.92966e-13 0)
(1.5 -6.26133e-14 0)
(1.5 -9.76912e-14 0)
(1.5 -1.44918e-13 0)
(1.5 -1.45874e-13 0)
(1.5 -1.23953e-13 0)
(1.5 -1.55963e-14 0)
(1.5 1.86573e-14 0)
(1.5 5.28256e-14 0)
(1.5 6.92884e-14 0)
(1.5 5.47845e-14 0)
(1.5 -3.28651e-14 0)
(1.5 -1.68211e-13 0)
(1.5 -1.98712e-13 0)
(1.5 -1.74834e-13 0)
(1.5 -9.85732e-14 0)
(1.5 -1.81219e-15 0)
(1.5 -3.74545e-16 0)
(1.5 3.46813e-14 0)
(1.5 4.86942e-14 0)
(1.5 1.01293e-13 0)
(1.5 1.00139e-13 0)
(1.5 -1.10905e-14 0)
(1.5 -8.36501e-14 0)
(1.5 -4.34739e-14 0)
(1.5 3.87205e-14 0)
(1.5 5.03385e-16 0)
(1.5 -8.99423e-14 0)
(1.5 -1.14443e-13 0)
(1.5 -1.37272e-13 0)
(1.5 -1.55135e-13 0)
(1.5 -8.39825e-14 0)
(1.5 -4.05132e-14 0)
(1.5 1.40904e-14 0)
(1.5 2.18374e-14 0)
(1.5 4.22142e-14 0)
(1.5 6.90982e-14 0)
(1.5 6.89579e-14 0)
(1.5 6.9517e-14 0)
(1.5 7.92182e-14 0)
(1.5 6.60035e-14 0)
(1.5 5.45807e-14 0)
(1.5 9.07979e-14 0)
(1.5 1.05025e-13 0)
(1.5 1.06254e-13 0)
(1.5 7.2764e-14 0)
(1.5 9.97561e-14 0)
(1.5 9.63706e-14 0)
(1.5 1.57421e-13 0)
(1.5 1.247e-13 0)
(1.5 1.12705e-13 0)
(1.5 1.45324e-13 0)
(1.5 1.52175e-13 0)
(1.5 1.15307e-13 0)
(1.5 7.7705e-14 0)
(1.5 8.98217e-14 0)
(1.5 4.9726e-14 0)
(1.5 1.13709e-13 0)
(1.5 7.45227e-14 0)
(1.5 6.68788e-14 0)
(1.5 6.69233e-14 0)
(1.5 1.72769e-14 0)
(1.5 3.69148e-15 0)
(1.5 2.22846e-14 0)
(1.5 6.01817e-15 0)
(1.5 -6.36563e-14 0)
(1.5 -4.87764e-14 0)
(1.5 -1.22897e-14 0)
(1.5 -2.25692e-14 0)
(1.5 -5.14736e-14 0)
(1.5 -4.83848e-14 0)
(1.5 -7.81452e-15 0)
(1.5 -2.92951e-14 0)
(1.5 -8.23171e-14 0)
(1.5 -1.00136e-13 0)
(1.5 -1.22425e-13 0)
(1.5 -9.9708e-14 0)
(1.5 -6.43253e-14 0)
(1.5 -1.29212e-13 0)
(1.5 -1.53017e-13 0)
(1.5 -2.15682e-13 0)
(1.5 -2.67503e-13 0)
(1.5 -2.88127e-13 0)
(1.5 -2.97703e-13 0)
(1.5 -3.08925e-13 0)
(1.5 -3.69038e-13 0)
(1.5 -3.0405e-13 0)
(1.5 -2.20194e-13 0)
(1.5 -2.02408e-13 0)
(1.5 -3.05833e-13 0)
(1.5 -2.90691e-13 0)
(1.5 -2.01408e-13 0)
(1.5 -8.85172e-14 0)
(1.5 -2.35632e-14 0)
(1.5 -9.4431e-15 0)
(1.5 -3.3096e-14 0)
(1.5 -5.97501e-14 0)
(1.5 -1.25737e-13 0)
(1.5 -1.22145e-13 0)
(1.5 -3.64489e-14 0)
(1.5 -1.6654e-14 0)
(1.5 -4.01891e-14 0)
(1.5 -5.14954e-14 0)
(1.5 -3.57019e-14 0)
(1.5 -1.02154e-14 0)
(1.5 -3.34333e-14 0)
(1.5 -5.17013e-14 0)
(1.5 -8.2718e-14 0)
(1.5 -1.36148e-13 0)
(1.5 -2.0089e-13 0)
(1.5 -2.16211e-13 0)
(1.5 -1.6968e-13 0)
(1.5 -1.32391e-13 0)
(1.5 -1.75311e-13 0)
(1.5 -1.17308e-13 0)
(1.5 -6.41877e-14 0)
(1.5 -1.02697e-13 0)
(1.5 -3.18419e-14 0)
(1.5 6.44154e-14 0)
(1.5 8.74197e-14 0)
(1.5 -9.93376e-15 0)
(1.5 -5.45471e-14 0)
(1.5 -2.71855e-14 0)
(1.5 -1.05624e-14 0)
(1.5 2.84322e-14 0)
(1.5 1.31081e-14 0)
(1.5 -1.32977e-14 0)
(1.5 7.42026e-15 0)
(1.5 7.79792e-14 0)
(1.5 1.97984e-13 0)
(1.5 2.49741e-13 0)
(1.5 1.68576e-13 0)
(1.5 2.34933e-13 0)
(1.5 4.69525e-13 0)
(1.5 5.52283e-13 0)
(1.5 5.57399e-13 0)
(1.5 5.48083e-13 0)
(1.5 5.32616e-13 0)
(1.5 8.51239e-13 0)
(1.5 9.40885e-13 0)
(1.5 8.98694e-13 0)
(1.5 7.0398e-13 0)
(1.5 5.0118e-13 0)
(1.5 3.59212e-13 0)
(1.5 2.86117e-13 0)
(1.5 1.72849e-13 0)
(1.5 7.71932e-14 0)
(1.5 3.97448e-14 0)
(1.5 5.76077e-14 0)
(1.5 3.4077e-14 0)
(1.5 1.15329e-13 0)
(1.5 1.92874e-13 0)
(1.5 1.99209e-13 0)
(1.5 2.95633e-13 0)
(1.5 2.7523e-13 0)
(1.5 2.3714e-13 0)
(1.5 2.02895e-13 0)
(1.5 1.1832e-13 0)
(1.5 6.05282e-14 0)
(1.5 5.50839e-14 0)
(1.5 7.94084e-14 0)
(1.5 1.10201e-13 0)
(1.5 1.34801e-13 0)
(1.5 6.53429e-14 0)
(1.5 7.07594e-14 0)
(1.5 1.92238e-13 0)
(1.5 3.85329e-13 0)
(1.5 5.75514e-13 0)
(1.5 6.8178e-13 0)
(1.5 6.96241e-13 0)
(1.5 7.64424e-13 0)
(1.5 8.4427e-13 0)
(1.5 7.9547e-13 0)
(1.5 5.69531e-13 0)
(1.5 4.35637e-13 0)
(1.5 3.29068e-13 0)
(1.5 3.13751e-13 0)
(1.5 3.34382e-13 0)
(1.5 4.3615e-13 0)
(1.5 4.53513e-13 0)
(1.5 4.28877e-13 0)
(1.5 4.8471e-13 0)
(1.5 5.62463e-13 0)
(1.5 8.7039e-13 0)
(1.5 9.62195e-13 0)
(1.5 8.74835e-13 0)
(1.5 7.34179e-13 0)
(1.5 7.12745e-13 0)
(1.5 7.44623e-13 0)
(1.5 7.5477e-13 0)
(1.5 7.89857e-13 0)
(1.5 6.64593e-13 0)
(1.5 6.04005e-13 0)
(1.5 6.53844e-13 0)
(1.5 5.90501e-13 0)
(1.5 5.33891e-13 0)
(1.5 4.53399e-13 0)
(1.5 3.81737e-13 0)
(1.5 6.04103e-13 0)
(1.5 6.75186e-13 0)
(1.5 5.96459e-13 0)
(1.5 -3.53611e-14 0)
(1.5 -8.17842e-14 0)
(1.5 -1.89867e-13 0)
(1.5 -3.03567e-13 0)
(1.5 -3.32494e-13 0)
(1.5 -2.51041e-13 0)
(1.5 -9.79982e-14 0)
(1.5 -1.59757e-14 0)
(1.5 1.12786e-14 0)
(1.5 9.84803e-15 0)
(1.5 -6.91655e-14 0)
(1.5 -1.08847e-13 0)
(1.5 -1.30494e-13 0)
(1.5 -1.39243e-13 0)
(1.5 -4.11932e-14 0)
(1.5 6.47116e-14 0)
(1.5 6.37698e-14 0)
(1.5 3.07881e-14 0)
(1.5 -6.04539e-15 0)
(1.5 -1.49134e-14 0)
(1.5 3.52108e-14 0)
(1.5 1.9182e-14 0)
(1.5 -4.33643e-14 0)
(1.5 -3.03993e-14 0)
(1.5 -4.58257e-14 0)
(1.5 -2.49413e-14 0)
(1.5 -7.90069e-14 0)
(1.5 -1.50745e-13 0)
(1.5 -1.70116e-13 0)
(1.5 -2.11342e-13 0)
(1.5 -2.06443e-13 0)
(1.5 -1.08596e-13 0)
(1.5 -4.52867e-14 0)
(1.5 -7.27223e-15 0)
(1.5 -1.10351e-14 0)
(1.5 -1.13543e-14 0)
(1.5 2.14753e-14 0)
(1.5 5.60325e-14 0)
(1.5 5.12865e-14 0)
(1.5 5.19875e-14 0)
(1.5 9.07509e-14 0)
(1.5 2.71584e-14 0)
(1.5 5.15378e-14 0)
(1.5 6.36154e-14 0)
(1.5 9.93055e-14 0)
(1.5 6.38289e-14 0)
(1.5 2.99815e-14 0)
(1.5 7.58207e-14 0)
(1.5 1.63767e-14 0)
(1.5 -4.61035e-15 0)
(1.5 5.11786e-14 0)
(1.5 7.96707e-14 0)
(1.5 3.82158e-14 0)
(1.5 3.53839e-14 0)
(1.5 3.20919e-14 0)
(1.5 6.45832e-14 0)
(1.5 7.30718e-14 0)
(1.5 6.54971e-14 0)
(1.5 2.79024e-14 0)
(1.5 1.57648e-14 0)
(1.5 9.66276e-15 0)
(1.5 -1.56683e-15 0)
(1.5 9.68945e-15 0)
(1.5 -4.15707e-14 0)
(1.5 -1.11179e-13 0)
(1.5 -1.01664e-13 0)
(1.5 -3.35279e-14 0)
(1.5 -2.18549e-14 0)
(1.5 -8.2526e-14 0)
(1.5 -1.05353e-13 0)
(1.5 -9.48846e-14 0)
(1.5 -8.23322e-14 0)
(1.5 -1.27204e-13 0)
(1.5 -1.2719e-13 0)
(1.5 -1.32791e-13 0)
(1.5 -1.17495e-13 0)
(1.5 -7.27946e-14 0)
(1.5 -9.12783e-14 0)
(1.5 -1.15481e-13 0)
(1.5 -1.65296e-13 0)
(1.5 -2.24892e-13 0)
(1.5 -3.49913e-13 0)
(1.5 -3.51823e-13 0)
(1.5 -3.3201e-13 0)
(1.5 -3.09413e-13 0)
(1.5 -2.1247e-13 0)
(1.5 -1.61653e-13 0)
(1.5 -1.63037e-13 0)
(1.5 -2.83445e-13 0)
(1.5 -2.88307e-13 0)
(1.5 -1.74931e-13 0)
(1.5 -7.383e-14 0)
(1.5 -4.68263e-14 0)
(1.5 -5.36332e-14 0)
(1.5 -9.09709e-14 0)
(1.5 -1.55604e-13 0)
(1.5 -1.81502e-13 0)
(1.5 -1.93964e-13 0)
(1.5 -1.0272e-13 0)
(1.5 -9.145e-14 0)
(1.5 -4.51134e-14 0)
(1.5 -5.97004e-14 0)
(1.5 -1.00874e-13 0)
(1.5 -1.01552e-13 0)
(1.5 -1.38272e-13 0)
(1.5 -1.78527e-13 0)
(1.5 -2.47128e-13 0)
(1.5 -2.34312e-13 0)
(1.5 -2.28043e-13 0)
(1.5 -1.97749e-13 0)
(1.5 -1.84061e-13 0)
(1.5 -1.6643e-13 0)
(1.5 -1.5321e-13 0)
(1.5 -1.40098e-13 0)
(1.5 -5.20133e-14 0)
(1.5 -1.23154e-13 0)
(1.5 -1.37346e-13 0)
(1.5 -8.45922e-14 0)
(1.5 -6.3695e-14 0)
(1.5 6.19908e-15 0)
(1.5 1.78169e-14 0)
(1.5 -4.58919e-14 0)
(1.5 -2.69669e-14 0)
(1.5 -1.8791e-14 0)
(1.5 1.75885e-14 0)
(1.5 -2.3942e-14 0)
(1.5 -5.569e-14 0)
(1.5 6.26856e-14 0)
(1.5 2.59614e-13 0)
(1.5 3.88684e-13 0)
(1.5 4.22897e-13 0)
(1.5 4.34884e-13 0)
(1.5 6.32162e-13 0)
(1.5 6.64521e-13 0)
(1.5 6.19016e-13 0)
(1.5 5.3169e-13 0)
(1.5 4.6964e-13 0)
(1.5 7.03016e-13 0)
(1.5 7.73097e-13 0)
(1.5 7.63668e-13 0)
(1.5 6.3501e-13 0)
(1.5 4.31187e-13 0)
(1.5 3.97783e-13 0)
(1.5 3.3847e-13 0)
(1.5 2.93409e-13 0)
(1.5 2.28628e-13 0)
(1.5 9.19197e-14 0)
(1.5 3.17285e-14 0)
(1.5 4.31667e-14 0)
(1.5 8.51004e-14 0)
(1.5 1.04268e-13 0)
(1.5 9.57945e-14 0)
(1.5 2.18905e-13 0)
(1.5 3.05981e-13 0)
(1.5 2.75779e-13 0)
(1.5 2.2117e-13 0)
(1.5 1.06734e-13 0)
(1.5 3.54411e-14 0)
(1.5 8.42857e-15 0)
(1.5 5.62753e-14 0)
(1.5 1.58239e-13 0)
(1.5 2.25677e-13 0)
(1.5 2.69014e-13 0)
(1.5 2.63842e-13 0)
(1.5 3.85424e-13 0)
(1.5 5.74904e-13 0)
(1.5 7.65869e-13 0)
(1.5 8.88541e-13 0)
(1.5 8.9442e-13 0)
(1.5 9.29949e-13 0)
(1.5 1.01079e-12 0)
(1.5 9.03716e-13 0)
(1.5 8.57764e-13 0)
(1.5 7.32223e-13 0)
(1.5 5.17854e-13 0)
(1.5 4.31961e-13 0)
(1.5 4.08687e-13 0)
(1.5 5.23219e-13 0)
(1.5 5.81905e-13 0)
(1.5 6.98253e-13 0)
(1.5 8.01888e-13 0)
(1.5 8.18736e-13 0)
(1.5 1.01042e-12 0)
(1.5 1.05243e-12 0)
(1.5 9.49153e-13 0)
(1.5 8.5863e-13 0)
(1.5 8.46753e-13 0)
(1.5 9.52701e-13 0)
(1.5 8.5481e-13 0)
(1.5 7.14268e-13 0)
(1.5 6.62574e-13 0)
(1.5 7.21658e-13 0)
(1.5 8.18382e-13 0)
(1.5 7.64972e-13 0)
(1.5 6.08786e-13 0)
(1.5 4.69747e-13 0)
(1.5 3.81051e-13 0)
(1.5 4.8203e-13 0)
(1.5 5.27978e-13 0)
(1.5 4.88239e-13 0)
(1.5 8.89184e-15 0)
(1.5 -1.11859e-13 0)
(1.5 -2.24098e-13 0)
(1.5 -3.32296e-13 0)
(1.5 -3.59161e-13 0)
(1.5 -3.42326e-13 0)
(1.5 -2.2947e-13 0)
(1.5 -1.20153e-13 0)
(1.5 -1.10508e-13 0)
(1.5 -6.15067e-14 0)
(1.5 -6.57752e-14 0)
(1.5 2.40718e-14 0)
(1.5 6.5278e-14 0)
(1.5 -6.77099e-14 0)
(1.5 -5.54508e-14 0)
(1.5 -2.10943e-14 0)
(1.5 -2.66171e-14 0)
(1.5 -4.96744e-14 0)
(1.5 -2.23713e-14 0)
(1.5 1.29967e-14 0)
(1.5 2.61818e-14 0)
(1.5 3.59954e-15 0)
(1.5 2.87107e-14 0)
(1.5 5.8624e-14 0)
(1.5 1.37676e-14 0)
(1.5 -1.79616e-15 0)
(1.5 -3.60626e-14 0)
(1.5 -8.17465e-14 0)
(1.5 -1.49345e-13 0)
(1.5 -1.72656e-13 0)
(1.5 -2.09443e-13 0)
(1.5 -9.73828e-14 0)
(1.5 -8.20728e-14 0)
(1.5 -2.43367e-14 0)
(1.5 7.85482e-15 0)
(1.5 -5.10035e-14 0)
(1.5 -4.55429e-14 0)
(1.5 9.96807e-15 0)
(1.5 2.00338e-14 0)
(1.5 5.85455e-14 0)
(1.5 9.83129e-14 0)
(1.5 2.30111e-14 0)
(1.5 5.57284e-14 0)
(1.5 9.10193e-14 0)
(1.5 1.4959e-13 0)
(1.5 1.02355e-13 0)
(1.5 1.01846e-13 0)
(1.5 7.57872e-14 0)
(1.5 6.305e-14 0)
(1.5 -1.99888e-14 0)
(1.5 -2.44235e-14 0)
(1.5 6.78713e-15 0)
(1.5 6.9273e-14 0)
(1.5 9.23789e-14 0)
(1.5 5.41429e-14 0)
(1.5 1.11801e-13 0)
(1.5 1.08953e-13 0)
(1.5 1.3235e-13 0)
(1.5 5.8779e-14 0)
(1.5 6.17642e-14 0)
(1.5 3.54468e-14 0)
(1.5 1.66318e-14 0)
(1.5 -1.72714e-14 0)
(1.5 -1.65878e-14 0)
(1.5 -6.46651e-14 0)
(1.5 -6.55966e-14 0)
(1.5 -2.76358e-14 0)
(1.5 -3.13175e-14 0)
(1.5 -1.00095e-13 0)
(1.5 -1.25484e-13 0)
(1.5 -1.19077e-13 0)
(1.5 -1.45952e-13 0)
(1.5 -1.05333e-13 0)
(1.5 -8.8806e-14 0)
(1.5 -7.71338e-14 0)
(1.5 -1.04232e-13 0)
(1.5 -4.66509e-14 0)
(1.5 -4.44463e-14 0)
(1.5 -1.22716e-13 0)
(1.5 -1.47511e-13 0)
(1.5 -1.87249e-13 0)
(1.5 -2.28658e-13 0)
(1.5 -2.40357e-13 0)
(1.5 -2.74457e-13 0)
(1.5 -2.35307e-13 0)
(1.5 -1.62165e-13 0)
(1.5 -1.73459e-13 0)
(1.5 -1.78563e-13 0)
(1.5 -1.86323e-13 0)
(1.5 -1.67987e-13 0)
(1.5 -1.02825e-13 0)
(1.5 -5.82074e-14 0)
(1.5 -7.48176e-14 0)
(1.5 -1.2522e-13 0)
(1.5 -1.99109e-13 0)
(1.5 -1.76176e-13 0)
(1.5 -8.7821e-14 0)
(1.5 -2.44455e-14 0)
(1.5 -9.9591e-15 0)
(1.5 -9.70792e-14 0)
(1.5 -7.76264e-14 0)
(1.5 -5.4805e-14 0)
(1.5 -7.7768e-14 0)
(1.5 -7.72215e-14 0)
(1.5 -5.54922e-14 0)
(1.5 -1.02185e-13 0)
(1.5 -2.02893e-13 0)
(1.5 -2.17614e-13 0)
(1.5 -1.69695e-13 0)
(1.5 -8.71964e-14 0)
(1.5 -1.39882e-13 0)
(1.5 -1.50777e-13 0)
(1.5 -1.16116e-13 0)
(1.5 -1.04147e-13 0)
(1.5 -3.23808e-14 0)
(1.5 -9.49955e-14 0)
(1.5 -1.14679e-13 0)
(1.5 -9.98894e-14 0)
(1.5 -8.97738e-15 0)
(1.5 1.59131e-13 0)
(1.5 2.02054e-13 0)
(1.5 1.48071e-13 0)
(1.5 1.75867e-13 0)
(1.5 1.81569e-13 0)
(1.5 1.7834e-13 0)
(1.5 1.56539e-13 0)
(1.5 9.96558e-14 0)
(1.5 1.37053e-13 0)
(1.5 2.51144e-13 0)
(1.5 3.40628e-13 0)
(1.5 3.952e-13 0)
(1.5 4.21785e-13 0)
(1.5 5.243e-13 0)
(1.5 5.34987e-13 0)
(1.5 5.18596e-13 0)
(1.5 4.29132e-13 0)
(1.5 3.48793e-13 0)
(1.5 4.19289e-13 0)
(1.5 4.31836e-13 0)
(1.5 4.79835e-13 0)
(1.5 5.38397e-13 0)
(1.5 4.67618e-13 0)
(1.5 5.51453e-13 0)
(1.5 5.0955e-13 0)
(1.5 5.49954e-13 0)
(1.5 5.05763e-13 0)
(1.5 3.50821e-13 0)
(1.5 2.22614e-13 0)
(1.5 1.69341e-13 0)
(1.5 1.49194e-13 0)
(1.5 1.0475e-13 0)
(1.5 1.54914e-13 0)
(1.5 3.57372e-13 0)
(1.5 4.30329e-13 0)
(1.5 4.3499e-13 0)
(1.5 3.85434e-13 0)
(1.5 2.93597e-13 0)
(1.5 1.68675e-13 0)
(1.5 1.32775e-13 0)
(1.5 1.92052e-13 0)
(1.5 2.93957e-13 0)
(1.5 3.88535e-13 0)
(1.5 5.86075e-13 0)
(1.5 5.64634e-13 0)
(1.5 6.12712e-13 0)
(1.5 7.0078e-13 0)
(1.5 8.17027e-13 0)
(1.5 1.0429e-12 0)
(1.5 1.09758e-12 0)
(1.5 1.05297e-12 0)
(1.5 1.1203e-12 0)
(1.5 1.08453e-12 0)
(1.5 1.19146e-12 0)
(1.5 1.11613e-12 0)
(1.5 8.43441e-13 0)
(1.5 5.50965e-13 0)
(1.5 4.19035e-13 0)
(1.5 4.48529e-13 0)
(1.5 5.32485e-13 0)
(1.5 7.3037e-13 0)
(1.5 8.17395e-13 0)
(1.5 8.25612e-13 0)
(1.5 8.9832e-13 0)
(1.5 9.50704e-13 0)
(1.5 9.10553e-13 0)
(1.5 8.47642e-13 0)
(1.5 8.41774e-13 0)
(1.5 9.02635e-13 0)
(1.5 8.55853e-13 0)
(1.5 7.30558e-13 0)
(1.5 7.45693e-13 0)
(1.5 7.72146e-13 0)
(1.5 8.56427e-13 0)
(1.5 8.30691e-13 0)
(1.5 6.46643e-13 0)
(1.5 4.84064e-13 0)
(1.5 3.95409e-13 0)
(1.5 3.60484e-13 0)
(1.5 3.39418e-13 0)
(1.5 3.08446e-13 0)
(1.5 1.10399e-14 0)
(1.5 -8.08292e-14 0)
(1.5 -1.25087e-13 0)
(1.5 -2.00743e-13 0)
(1.5 -2.16384e-13 0)
(1.5 -2.19252e-13 0)
(1.5 -2.04865e-13 0)
(1.5 -1.49145e-13 0)
(1.5 -1.92706e-13 0)
(1.5 -9.63084e-14 0)
(1.5 1.11886e-14 0)
(1.5 1.57071e-13 0)
(1.5 1.81824e-13 0)
(1.5 4.84658e-14 0)
(1.5 -6.55603e-14 0)
(1.5 -1.01877e-13 0)
(1.5 -1.16618e-13 0)
(1.5 -1.06269e-13 0)
(1.5 -3.5921e-14 0)
(1.5 6.51783e-14 0)
(1.5 9.40538e-14 0)
(1.5 6.51673e-14 0)
(1.5 4.77381e-14 0)
(1.5 7.44918e-14 0)
(1.5 8.66512e-14 0)
(1.5 2.87605e-14 0)
(1.5 -7.55405e-15 0)
(1.5 1.48131e-14 0)
(1.5 -4.56603e-14 0)
(1.5 -3.26054e-14 0)
(1.5 -2.94279e-14 0)
(1.5 -1.48384e-15 0)
(1.5 -9.35571e-15 0)
(1.5 4.70016e-14 0)
(1.5 6.65005e-14 0)
(1.5 7.59005e-15 0)
(1.5 -4.75277e-14 0)
(1.5 -3.3075e-14 0)
(1.5 2.19381e-14 0)
(1.5 8.99935e-15 0)
(1.5 5.07961e-14 0)
(1.5 5.85426e-14 0)
(1.5 5.70503e-14 0)
(1.5 8.71176e-14 0)
(1.5 9.77329e-14 0)
(1.5 7.59311e-14 0)
(1.5 6.89205e-14 0)
(1.5 7.10371e-14 0)
(1.5 8.15188e-14 0)
(1.5 2.97091e-14 0)
(1.5 -3.32248e-14 0)
(1.5 -3.34206e-14 0)
(1.5 -8.76335e-15 0)
(1.5 3.66224e-14 0)
(1.5 6.39629e-14 0)
(1.5 9.53891e-14 0)
(1.5 7.8433e-14 0)
(1.5 8.37559e-14 0)
(1.5 1.05709e-13 0)
(1.5 7.74373e-14 0)
(1.5 6.27899e-14 0)
(1.5 7.54405e-14 0)
(1.5 1.43736e-14 0)
(1.5 5.98705e-15 0)
(1.5 -1.04799e-14 0)
(1.5 -1.20527e-14 0)
(1.5 9.92957e-16 0)
(1.5 -4.92821e-14 0)
(1.5 -4.24684e-14 0)
(1.5 -8.72092e-14 0)
(1.5 -7.56653e-14 0)
(1.5 -8.57411e-14 0)
(1.5 -8.83983e-14 0)
(1.5 -6.72549e-14 0)
(1.5 -1.06045e-13 0)
(1.5 -1.01755e-13 0)
(1.5 -7.64491e-14 0)
(1.5 -7.5525e-14 0)
(1.5 -1.31285e-13 0)
(1.5 -1.86499e-13 0)
(1.5 -1.76172e-13 0)
(1.5 -9.91364e-14 0)
(1.5 -1.20479e-13 0)
(1.5 -1.93011e-13 0)
(1.5 -2.07435e-13 0)
(1.5 -2.47632e-13 0)
(1.5 -2.51654e-13 0)
(1.5 -2.26484e-13 0)
(1.5 -1.30387e-13 0)
(1.5 -1.88859e-13 0)
(1.5 -1.99488e-13 0)
(1.5 -1.28078e-13 0)
(1.5 -9.45506e-15 0)
(1.5 -7.22255e-14 0)
(1.5 -1.73305e-13 0)
(1.5 -1.32724e-13 0)
(1.5 -2.37744e-14 0)
(1.5 4.63568e-14 0)
(1.5 5.05129e-14 0)
(1.5 5.31614e-15 0)
(1.5 -6.19381e-14 0)
(1.5 -4.03354e-14 0)
(1.5 -2.83465e-14 0)
(1.5 -7.82278e-14 0)
(1.5 -7.20182e-14 0)
(1.5 -6.60889e-14 0)
(1.5 -9.05935e-14 0)
(1.5 -1.6118e-13 0)
(1.5 -1.08731e-13 0)
(1.5 -2.72791e-14 0)
(1.5 -3.51787e-14 0)
(1.5 -8.99923e-14 0)
(1.5 -1.24385e-13 0)
(1.5 -5.55535e-14 0)
(1.5 -4.39154e-14 0)
(1.5 -4.17793e-14 0)
(1.5 -1.01173e-14 0)
(1.5 5.06578e-15 0)
(1.5 1.0357e-13 0)
(1.5 2.31943e-13 0)
(1.5 2.98262e-13 0)
(1.5 2.92132e-13 0)
(1.5 2.50282e-13 0)
(1.5 2.60592e-13 0)
(1.5 2.38913e-13 0)
(1.5 2.93042e-13 0)
(1.5 2.85736e-13 0)
(1.5 2.4656e-13 0)
(1.5 2.07522e-13 0)
(1.5 2.31287e-13 0)
(1.5 2.41102e-13 0)
(1.5 2.93947e-13 0)
(1.5 2.96042e-13 0)
(1.5 2.81171e-13 0)
(1.5 2.15745e-13 0)
(1.5 1.15472e-13 0)
(1.5 9.33899e-14 0)
(1.5 1.43434e-13 0)
(1.5 2.07389e-13 0)
(1.5 2.7953e-13 0)
(1.5 3.3693e-13 0)
(1.5 4.06483e-13 0)
(1.5 6.09195e-13 0)
(1.5 6.53749e-13 0)
(1.5 6.42328e-13 0)
(1.5 5.52207e-13 0)
(1.5 4.57139e-13 0)
(1.5 3.56077e-13 0)
(1.5 2.69295e-13 0)
(1.5 1.89405e-13 0)
(1.5 1.32294e-13 0)
(1.5 2.56127e-13 0)
(1.5 4.8804e-13 0)
(1.5 5.34158e-13 0)
(1.5 4.94541e-13 0)
(1.5 4.31441e-13 0)
(1.5 4.15729e-13 0)
(1.5 4.07113e-13 0)
(1.5 3.50472e-13 0)
(1.5 3.70884e-13 0)
(1.5 3.4247e-13 0)
(1.5 3.78477e-13 0)
(1.5 5.69984e-13 0)
(1.5 7.01523e-13 0)
(1.5 7.04447e-13 0)
(1.5 7.42147e-13 0)
(1.5 8.49062e-13 0)
(1.5 1.12419e-12 0)
(1.5 1.22948e-12 0)
(1.5 1.23919e-12 0)
(1.5 1.22035e-12 0)
(1.5 1.27076e-12 0)
(1.5 1.48723e-12 0)
(1.5 1.40894e-12 0)
(1.5 1.10456e-12 0)
(1.5 7.35682e-13 0)
(1.5 5.15141e-13 0)
(1.5 4.71834e-13 0)
(1.5 5.24553e-13 0)
(1.5 6.09256e-13 0)
(1.5 6.69769e-13 0)
(1.5 7.55871e-13 0)
(1.5 7.66321e-13 0)
(1.5 7.89482e-13 0)
(1.5 7.75189e-13 0)
(1.5 7.07717e-13 0)
(1.5 6.81472e-13 0)
(1.5 7.76835e-13 0)
(1.5 7.54693e-13 0)
(1.5 7.02276e-13 0)
(1.5 6.8489e-13 0)
(1.5 6.74989e-13 0)
(1.5 7.9999e-13 0)
(1.5 8.07628e-13 0)
(1.5 6.63166e-13 0)
(1.5 4.44906e-13 0)
(1.5 3.25384e-13 0)
(1.5 1.49108e-13 0)
(1.5 8.61255e-14 0)
(1.5 1.1739e-13 0)
(1.5 -1.42806e-14 0)
(1.5 4.0201e-14 0)
(1.5 5.51285e-14 0)
(1.5 -1.2426e-14 0)
(1.5 -3.58899e-14 0)
(1.5 -4.84823e-14 0)
(1.5 -1.46984e-13 0)
(1.5 -2.09398e-13 0)
(1.5 -2.12446e-13 0)
(1.5 -1.57221e-13 0)
(1.5 -8.61148e-14 0)
(1.5 -2.35183e-14 0)
(1.5 1.3948e-14 0)
(1.5 4.69863e-16 0)
(1.5 -1.23766e-13 0)
(1.5 -1.36089e-13 0)
(1.5 -1.27561e-13 0)
(1.5 -1.65942e-13 0)
(1.5 -1.38349e-13 0)
(1.5 -9.69917e-14 0)
(1.5 -4.22981e-14 0)
(1.5 7.81747e-14 0)
(1.5 6.79972e-14 0)
(1.5 2.44287e-14 0)
(1.5 1.58108e-14 0)
(1.5 -1.431e-14 0)
(1.5 -1.86954e-14 0)
(1.5 -2.72539e-14 0)
(1.5 -2.97022e-14 0)
(1.5 -2.80496e-14 0)
(1.5 -2.0444e-14 0)
(1.5 -3.49463e-14 0)
(1.5 -1.40133e-14 0)
(1.5 2.50925e-15 0)
(1.5 2.42645e-14 0)
(1.5 8.45215e-15 0)
(1.5 -5.19623e-15 0)
(1.5 -7.79248e-14 0)
(1.5 -3.06018e-14 0)
(1.5 -6.44625e-14 0)
(1.5 -5.32833e-15 0)
(1.5 5.07641e-14 0)
(1.5 1.14123e-14 0)
(1.5 3.27467e-14 0)
(1.5 5.40739e-14 0)
(1.5 1.07839e-14 0)
(1.5 -1.86874e-14 0)
(1.5 3.48065e-14 0)
(1.5 4.21124e-14 0)
(1.5 6.49907e-14 0)
(1.5 -8.54997e-16 0)
(1.5 -8.87892e-15 0)
(1.5 -1.78121e-14 0)
(1.5 -1.21926e-14 0)
(1.5 2.83013e-14 0)
(1.5 2.57466e-14 0)
(1.5 1.97162e-14 0)
(1.5 2.87471e-14 0)
(1.5 1.12522e-13 0)
(1.5 1.12132e-13 0)
(1.5 6.16991e-14 0)
(1.5 4.03323e-14 0)
(1.5 1.1115e-14 0)
(1.5 -1.77616e-15 0)
(1.5 -1.71839e-15 0)
(1.5 -1.86744e-14 0)
(1.5 -4.45013e-14 0)
(1.5 -7.88637e-14 0)
(1.5 -1.83289e-14 0)
(1.5 -7.63392e-14 0)
(1.5 -1.21365e-13 0)
(1.5 -1.61307e-13 0)
(1.5 -2.16783e-13 0)
(1.5 -1.85847e-13 0)
(1.5 -1.74552e-13 0)
(1.5 -1.83948e-13 0)
(1.5 -1.92691e-13 0)
(1.5 -1.58281e-13 0)
(1.5 -1.44578e-13 0)
(1.5 -2.15287e-13 0)
(1.5 -1.94865e-13 0)
(1.5 -2.20789e-13 0)
(1.5 -2.07947e-13 0)
(1.5 -2.12204e-13 0)
(1.5 -2.57082e-13 0)
(1.5 -3.53479e-13 0)
(1.5 -3.57772e-13 0)
(1.5 -3.14948e-13 0)
(1.5 -2.33277e-13 0)
(1.5 -2.55178e-13 0)
(1.5 -3.12591e-13 0)
(1.5 -2.46022e-13 0)
(1.5 -1.18176e-13 0)
(1.5 -1.25398e-13 0)
(1.5 -1.21145e-13 0)
(1.5 -1.48762e-13 0)
(1.5 -1.11009e-13 0)
(1.5 -1.53409e-13 0)
(1.5 -1.24126e-13 0)
(1.5 -7.73012e-14 0)
(1.5 -1.8874e-13 0)
(1.5 -2.17407e-13 0)
(1.5 -2.39078e-13 0)
(1.5 -2.99469e-13 0)
(1.5 -2.79605e-13 0)
(1.5 -2.48193e-13 0)
(1.5 -1.9766e-13 0)
(1.5 -1.81971e-13 0)
(1.5 -1.66411e-13 0)
(1.5 -1.26065e-13 0)
(1.5 -8.62466e-14 0)
(1.5 -1.57883e-13 0)
(1.5 -1.89448e-13 0)
(1.5 -1.00707e-13 0)
(1.5 -7.57655e-14 0)
(1.5 4.14896e-15 0)
(1.5 3.75017e-14 0)
(1.5 6.94269e-14 0)
(1.5 1.10631e-13 0)
(1.5 1.91049e-13 0)
(1.5 1.89338e-13 0)
(1.5 2.11032e-13 0)
(1.5 1.78738e-13 0)
(1.5 1.74755e-13 0)
(1.5 1.89495e-13 0)
(1.5 2.71543e-13 0)
(1.5 2.83363e-13 0)
(1.5 1.99679e-13 0)
(1.5 1.0195e-13 0)
(1.5 6.113e-14 0)
(1.5 1.1043e-13 0)
(1.5 1.93149e-13 0)
(1.5 1.1256e-13 0)
(1.5 7.97495e-14 0)
(1.5 -2.95885e-14 0)
(1.5 -1.1924e-13 0)
(1.5 -7.45639e-14 0)
(1.5 -6.03403e-14 0)
(1.5 4.85712e-14 0)
(1.5 1.19795e-13 0)
(1.5 1.6584e-13 0)
(1.5 2.90723e-13 0)
(1.5 5.42694e-13 0)
(1.5 6.80157e-13 0)
(1.5 6.32295e-13 0)
(1.5 5.25729e-13 0)
(1.5 5.03087e-13 0)
(1.5 4.0402e-13 0)
(1.5 3.15207e-13 0)
(1.5 1.92509e-13 0)
(1.5 1.71821e-13 0)
(1.5 2.81488e-13 0)
(1.5 3.18437e-13 0)
(1.5 4.07675e-13 0)
(1.5 3.97672e-13 0)
(1.5 3.3931e-13 0)
(1.5 3.84307e-13 0)
(1.5 5.57257e-13 0)
(1.5 5.3361e-13 0)
(1.5 4.7243e-13 0)
(1.5 3.5906e-13 0)
(1.5 2.93367e-13 0)
(1.5 4.32657e-13 0)
(1.5 6.50703e-13 0)
(1.5 6.51609e-13 0)
(1.5 6.72593e-13 0)
(1.5 7.79857e-13 0)
(1.5 1.01901e-12 0)
(1.5 1.18669e-12 0)
(1.5 1.1884e-12 0)
(1.5 1.13865e-12 0)
(1.5 1.17613e-12 0)
(1.5 1.35345e-12 0)
(1.5 1.21608e-12 0)
(1.5 9.67142e-13 0)
(1.5 7.46469e-13 0)
(1.5 6.03796e-13 0)
(1.5 5.47665e-13 0)
(1.5 5.24433e-13 0)
(1.5 5.08683e-13 0)
(1.5 5.10807e-13 0)
(1.5 6.04241e-13 0)
(1.5 6.57442e-13 0)
(1.5 6.61425e-13 0)
(1.5 5.99576e-13 0)
(1.5 5.47709e-13 0)
(1.5 5.34249e-13 0)
(1.5 6.8784e-13 0)
(1.5 6.86998e-13 0)
(1.5 6.21116e-13 0)
(1.5 5.23997e-13 0)
(1.5 5.36987e-13 0)
(1.5 7.16788e-13 0)
(1.5 7.15264e-13 0)
(1.5 6.03479e-13 0)
(1.5 3.71134e-13 0)
(1.5 1.88038e-13 0)
(1.5 1.12341e-14 0)
(1.5 -6.13536e-14 0)
(1.5 -3.34387e-14 0)
(1.5 2.91066e-15 0)
(1.5 2.81995e-14 0)
(1.5 6.42187e-14 0)
(1.5 8.21548e-14 0)
(1.5 5.30497e-14 0)
(1.5 -2.77869e-14 0)
(1.5 -1.31398e-13 0)
(1.5 -2.31758e-13 0)
(1.5 -2.44276e-13 0)
(1.5 -2.26055e-13 0)
(1.5 -1.92328e-13 0)
(1.5 -2.26104e-13 0)
(1.5 -1.83519e-13 0)
(1.5 -1.52812e-13 0)
(1.5 -1.62654e-13 0)
(1.5 -2.22974e-13 0)
(1.5 -1.90433e-13 0)
(1.5 -2.10529e-13 0)
(1.5 -2.18999e-13 0)
(1.5 -2.34558e-13 0)
(1.5 -2.16996e-13 0)
(1.5 -5.64982e-14 0)
(1.5 -6.09896e-15 0)
(1.5 -8.32254e-14 0)
(1.5 -1.42762e-13 0)
(1.5 -9.39845e-14 0)
(1.5 -5.98364e-14 0)
(1.5 -1.20621e-13 0)
(1.5 -9.02654e-14 0)
(1.5 -1.11864e-13 0)
(1.5 -1.14924e-13 0)
(1.5 -1.06751e-13 0)
(1.5 -9.64109e-14 0)
(1.5 -1.1284e-13 0)
(1.5 -5.93861e-14 0)
(1.5 -1.19257e-14 0)
(1.5 1.12983e-14 0)
(1.5 -3.94354e-14 0)
(1.5 -4.09897e-14 0)
(1.5 -4.18484e-14 0)
(1.5 -2.39118e-14 0)
(1.5 -6.20592e-15 0)
(1.5 -4.45555e-14 0)
(1.5 -1.51667e-14 0)
(1.5 -7.00114e-15 0)
(1.5 -2.79377e-14 0)
(1.5 -3.98491e-14 0)
(1.5 5.60169e-15 0)
(1.5 1.64994e-14 0)
(1.5 2.70838e-14 0)
(1.5 -3.67049e-14 0)
(1.5 -3.55418e-14 0)
(1.5 -2.05477e-14 0)
(1.5 -3.1035e-14 0)
(1.5 -3.54865e-14 0)
(1.5 -2.42785e-14 0)
(1.5 1.9481e-14 0)
(1.5 9.2565e-14 0)
(1.5 8.53667e-14 0)
(1.5 9.26746e-14 0)
(1.5 3.68852e-14 0)
(1.5 -8.80983e-15 0)
(1.5 5.96713e-15 0)
(1.5 -1.10968e-14 0)
(1.5 -4.29489e-14 0)
(1.5 -9.15696e-14 0)
(1.5 -1.73055e-13 0)
(1.5 -1.2808e-13 0)
(1.5 -1.33331e-13 0)
(1.5 -1.77613e-13 0)
(1.5 -2.59856e-13 0)
(1.5 -2.93685e-13 0)
(1.5 -2.8302e-13 0)
(1.5 -2.86865e-13 0)
(1.5 -2.15573e-13 0)
(1.5 -2.63509e-13 0)
(1.5 -2.57822e-13 0)
(1.5 -2.22972e-13 0)
(1.5 -2.39533e-13 0)
(1.5 -2.74518e-13 0)
(1.5 -3.03587e-13 0)
(1.5 -3.99927e-13 0)
(1.5 -3.55505e-13 0)
(1.5 -2.84353e-13 0)
(1.5 -3.13693e-13 0)
(1.5 -3.7252e-13 0)
(1.5 -3.82369e-13 0)
(1.5 -3.82301e-13 0)
(1.5 -4.38185e-13 0)
(1.5 -4.07882e-13 0)
(1.5 -3.97732e-13 0)
(1.5 -3.16315e-13 0)
(1.5 -2.54637e-13 0)
(1.5 -2.54886e-13 0)
(1.5 -2.4737e-13 0)
(1.5 -2.23521e-13 0)
(1.5 -2.20902e-13 0)
(1.5 -2.68975e-13 0)
(1.5 -2.27338e-13 0)
(1.5 -1.47824e-13 0)
(1.5 -2.62161e-13 0)
(1.5 -3.69202e-13 0)
(1.5 -4.46609e-13 0)
(1.5 -5.54974e-13 0)
(1.5 -5.35708e-13 0)
(1.5 -4.21847e-13 0)
(1.5 -3.28399e-13 0)
(1.5 -1.87843e-13 0)
(1.5 -1.97272e-13 0)
(1.5 -2.10601e-13 0)
(1.5 -2.11582e-13 0)
(1.5 -2.16675e-13 0)
(1.5 -1.9673e-13 0)
(1.5 -1.28919e-13 0)
(1.5 -9.41841e-15 0)
(1.5 6.78659e-14 0)
(1.5 6.42798e-14 0)
(1.5 9.4424e-14 0)
(1.5 1.47538e-13 0)
(1.5 1.6137e-13 0)
(1.5 1.18538e-13 0)
(1.5 1.51139e-13 0)
(1.5 1.51345e-13 0)
(1.5 1.14241e-13 0)
(1.5 9.57763e-14 0)
(1.5 1.23786e-13 0)
(1.5 1.18187e-13 0)
(1.5 5.23832e-14 0)
(1.5 -3.72843e-14 0)
(1.5 -5.73832e-14 0)
(1.5 -2.60077e-15 0)
(1.5 -2.22887e-14 0)
(1.5 -1.23446e-13 0)
(1.5 -1.36039e-13 0)
(1.5 -1.28061e-13 0)
(1.5 -8.02341e-14 0)
(1.5 -3.48703e-14 0)
(1.5 -1.64263e-13 0)
(1.5 -1.54438e-13 0)
(1.5 -2.07483e-14 0)
(1.5 1.36452e-13 0)
(1.5 3.05591e-13 0)
(1.5 4.83145e-13 0)
(1.5 6.1319e-13 0)
(1.5 5.91309e-13 0)
(1.5 5.58304e-13 0)
(1.5 5.45791e-13 0)
(1.5 4.40098e-13 0)
(1.5 3.10551e-13 0)
(1.5 2.44786e-13 0)
(1.5 2.87746e-13 0)
(1.5 2.97897e-13 0)
(1.5 1.82347e-13 0)
(1.5 1.80986e-13 0)
(1.5 2.19081e-13 0)
(1.5 3.05427e-13 0)
(1.5 3.82146e-13 0)
(1.5 4.97546e-13 0)
(1.5 4.60406e-13 0)
(1.5 3.09248e-13 0)
(1.5 2.86266e-13 0)
(1.5 2.93736e-13 0)
(1.5 4.93098e-13 0)
(1.5 6.70015e-13 0)
(1.5 7.55209e-13 0)
(1.5 7.52624e-13 0)
(1.5 8.2038e-13 0)
(1.5 1.07926e-12 0)
(1.5 1.20741e-12 0)
(1.5 1.22166e-12 0)
(1.5 1.13865e-12 0)
(1.5 1.05807e-12 0)
(1.5 1.04291e-12 0)
(1.5 9.15642e-13 0)
(1.5 8.10458e-13 0)
(1.5 7.31152e-13 0)
(1.5 5.97726e-13 0)
(1.5 4.78182e-13 0)
(1.5 4.43946e-13 0)
(1.5 4.63522e-13 0)
(1.5 4.14729e-13 0)
(1.5 4.10032e-13 0)
(1.5 4.91659e-13 0)
(1.5 4.31344e-13 0)
(1.5 3.95438e-13 0)
(1.5 3.30341e-13 0)
(1.5 2.78612e-13 0)
(1.5 3.68361e-13 0)
(1.5 4.06273e-13 0)
(1.5 3.44449e-13 0)
(1.5 2.45589e-13 0)
(1.5 1.9214e-13 0)
(1.5 3.7099e-13 0)
(1.5 4.52104e-13 0)
(1.5 4.35727e-13 0)
(1.5 3.17561e-13 0)
(1.5 1.14424e-13 0)
(1.5 -8.3985e-15 0)
(1.5 -6.30203e-14 0)
(1.5 -7.64387e-14 0)
(1.5 2.45109e-14 0)
(1.5 3.76694e-14 0)
(1.5 3.76273e-14 0)
(1.5 3.83278e-14 0)
(1.5 -4.62318e-14 0)
(1.5 -1.16424e-13 0)
(1.5 -1.7e-13 0)
(1.5 -2.22486e-13 0)
(1.5 -2.44612e-13 0)
(1.5 -2.20698e-13 0)
(1.5 -1.38941e-13 0)
(1.5 -1.56152e-13 0)
(1.5 -1.1478e-13 0)
(1.5 -5.47179e-14 0)
(1.5 -6.56662e-14 0)
(1.5 -1.68302e-13 0)
(1.5 -1.32952e-13 0)
(1.5 -8.32064e-14 0)
(1.5 -1.31612e-13 0)
(1.5 -1.78723e-13 0)
(1.5 -1.52848e-13 0)
(1.5 -8.0374e-14 0)
(1.5 -6.76742e-14 0)
(1.5 -9.24437e-14 0)
(1.5 -1.45053e-13 0)
(1.5 -9.06801e-14 0)
(1.5 -2.95853e-14 0)
(1.5 -9.00335e-14 0)
(1.5 -8.92934e-14 0)
(1.5 -1.20696e-13 0)
(1.5 -1.36674e-13 0)
(1.5 -1.37415e-13 0)
(1.5 -8.15017e-14 0)
(1.5 -1.52285e-13 0)
(1.5 -1.09659e-13 0)
(1.5 -3.04087e-14 0)
(1.5 1.77309e-14 0)
(1.5 4.2137e-14 0)
(1.5 6.41636e-14 0)
(1.5 6.12364e-14 0)
(1.5 1.70537e-14 0)
(1.5 -1.53305e-14 0)
(1.5 -3.28136e-14 0)
(1.5 -6.41626e-14 0)
(1.5 -1.00229e-13 0)
(1.5 -2.39788e-14 0)
(1.5 -1.72694e-14 0)
(1.5 -4.89453e-14 0)
(1.5 -3.2542e-14 0)
(1.5 -4.77745e-14 0)
(1.5 -8.02212e-14 0)
(1.5 -7.2167e-14 0)
(1.5 -6.87491e-14 0)
(1.5 -8.01705e-14 0)
(1.5 -8.70112e-14 0)
(1.5 -7.72902e-14 0)
(1.5 -1.86591e-14 0)
(1.5 1.06635e-13 0)
(1.5 3.31453e-14 0)
(1.5 4.5975e-15 0)
(1.5 5.50804e-14 0)
(1.5 3.51862e-14 0)
(1.5 4.87933e-14 0)
(1.5 3.38866e-14 0)
(1.5 -3.78747e-14 0)
(1.5 -1.33359e-13 0)
(1.5 -1.98464e-13 0)
(1.5 -1.66872e-13 0)
(1.5 -2.21031e-13 0)
(1.5 -2.87751e-13 0)
(1.5 -3.42753e-13 0)
(1.5 -3.23177e-13 0)
(1.5 -2.97683e-13 0)
(1.5 -2.71548e-13 0)
(1.5 -2.80393e-13 0)
(1.5 -3.25099e-13 0)
(1.5 -3.10348e-13 0)
(1.5 -3.20332e-13 0)
(1.5 -4.02427e-13 0)
(1.5 -3.91605e-13 0)
(1.5 -4.37095e-13 0)
(1.5 -4.84332e-13 0)
(1.5 -4.30005e-13 0)
(1.5 -3.3762e-13 0)
(1.5 -3.04812e-13 0)
(1.5 -3.14779e-13 0)
(1.5 -3.57945e-13 0)
(1.5 -3.69836e-13 0)
(1.5 -4.9894e-13 0)
(1.5 -5.3199e-13 0)
(1.5 -4.66462e-13 0)
(1.5 -4.01117e-13 0)
(1.5 -3.93969e-13 0)
(1.5 -3.27687e-13 0)
(1.5 -2.93021e-13 0)
(1.5 -2.61391e-13 0)
(1.5 -2.75561e-13 0)
(1.5 -2.10732e-13 0)
(1.5 -1.98058e-13 0)
(1.5 -1.22292e-13 0)
(1.5 -1.86873e-13 0)
(1.5 -3.20889e-13 0)
(1.5 -4.01333e-13 0)
(1.5 -5.17563e-13 0)
(1.5 -5.86058e-13 0)
(1.5 -4.56775e-13 0)
(1.5 -3.20613e-13 0)
(1.5 -2.08832e-13 0)
(1.5 -1.98405e-13 0)
(1.5 -1.86465e-13 0)
(1.5 -1.10375e-13 0)
(1.5 -7.82219e-14 0)
(1.5 -5.41336e-14 0)
(1.5 -3.89264e-14 0)
(1.5 3.85504e-14 0)
(1.5 1.27263e-13 0)
(1.5 1.20196e-13 0)
(1.5 1.14477e-13 0)
(1.5 1.49008e-13 0)
(1.5 9.61916e-14 0)
(1.5 1.36037e-13 0)
(1.5 1.39999e-13 0)
(1.5 1.10861e-13 0)
(1.5 1.21153e-13 0)
(1.5 1.10275e-13 0)
(1.5 4.89043e-14 0)
(1.5 -3.50802e-14 0)
(1.5 -3.52803e-14 0)
(1.5 3.5886e-15 0)
(1.5 6.31647e-14 0)
(1.5 4.02142e-14 0)
(1.5 -1.40241e-13 0)
(1.5 -3.46527e-13 0)
(1.5 -3.54319e-13 0)
(1.5 -2.59896e-13 0)
(1.5 -1.58078e-13 0)
(1.5 -1.14686e-13 0)
(1.5 -2.28834e-13 0)
(1.5 -2.49302e-13 0)
(1.5 -1.06643e-13 0)
(1.5 5.10033e-14 0)
(1.5 2.18254e-13 0)
(1.5 3.71811e-13 0)
(1.5 4.80851e-13 0)
(1.5 4.90635e-13 0)
(1.5 5.8108e-13 0)
(1.5 5.56863e-13 0)
(1.5 4.83546e-13 0)
(1.5 3.54885e-13 0)
(1.5 3.01909e-13 0)
(1.5 3.71908e-13 0)
(1.5 3.83815e-13 0)
(1.5 2.96552e-13 0)
(1.5 2.13114e-13 0)
(1.5 2.24368e-13 0)
(1.5 4.26425e-13 0)
(1.5 4.58262e-13 0)
(1.5 4.79497e-13 0)
(1.5 4.40958e-13 0)
(1.5 2.80705e-13 0)
(1.5 2.63673e-13 0)
(1.5 4.09482e-13 0)
(1.5 6.33531e-13 0)
(1.5 7.41333e-13 0)
(1.5 8.20177e-13 0)
(1.5 8.2482e-13 0)
(1.5 9.1868e-13 0)
(1.5 1.19293e-12 0)
(1.5 1.20126e-12 0)
(1.5 1.22115e-12 0)
(1.5 1.10578e-12 0)
(1.5 9.32145e-13 0)
(1.5 8.41948e-13 0)
(1.5 7.67674e-13 0)
(1.5 7.79428e-13 0)
(1.5 7.42916e-13 0)
(1.5 5.56538e-13 0)
(1.5 3.65561e-13 0)
(1.5 2.66799e-13 0)
(1.5 2.58336e-13 0)
(1.5 3.11587e-13 0)
(1.5 2.20918e-13 0)
(1.5 2.31431e-13 0)
(1.5 1.41126e-13 0)
(1.5 1.26112e-13 0)
(1.5 1.12037e-13 0)
(1.5 4.12438e-14 0)
(1.5 1.29547e-13 0)
(1.5 1.9811e-13 0)
(1.5 1.57576e-13 0)
(1.5 1.07588e-13 0)
(1.5 7.79532e-15 0)
(1.5 1.43213e-13 0)
(1.5 2.72951e-13 0)
(1.5 3.28773e-13 0)
(1.5 2.51492e-13 0)
(1.5 3.76211e-14 0)
(1.5 -2.09731e-14 0)
(1.5 -8.03697e-14 0)
(1.5 -7.78094e-14 0)
(1.5 -2.89302e-15 0)
(1.5 -5.10951e-15 0)
(1.5 -2.05113e-14 0)
(1.5 -3.55477e-14 0)
(1.5 -9.56604e-14 0)
(1.5 -7.99875e-14 0)
(1.5 -1.08461e-13 0)
(1.5 -1.5036e-13 0)
(1.5 -1.97818e-13 0)
(1.5 -1.56822e-13 0)
(1.5 -1.12822e-13 0)
(1.5 -5.52012e-14 0)
(1.5 -1.46394e-14 0)
(1.5 2.38524e-15 0)
(1.5 -3.17039e-14 0)
(1.5 -2.4142e-14 0)
(1.5 1.57418e-14 0)
(1.5 2.45704e-14 0)
(1.5 -3.60683e-14 0)
(1.5 -6.44675e-14 0)
(1.5 -6.15047e-14 0)
(1.5 -2.71657e-14 0)
(1.5 1.38985e-14 0)
(1.5 1.04838e-14 0)
(1.5 -1.00247e-14 0)
(1.5 1.33527e-14 0)
(1.5 3.48528e-14 0)
(1.5 5.45859e-14 0)
(1.5 1.43104e-14 0)
(1.5 -5.07063e-14 0)
(1.5 -4.9325e-14 0)
(1.5 -1.08954e-13 0)
(1.5 -3.13831e-14 0)
(1.5 -8.67929e-14 0)
(1.5 -4.41401e-14 0)
(1.5 1.43238e-14 0)
(1.5 8.64085e-14 0)
(1.5 1.12256e-13 0)
(1.5 1.25081e-13 0)
(1.5 1.33759e-13 0)
(1.5 6.83811e-14 0)
(1.5 6.51262e-14 0)
(1.5 6.18263e-14 0)
(1.5 -1.04425e-15 0)
(1.5 -6.17401e-14 0)
(1.5 2.95235e-15 0)
(1.5 -1.80805e-15 0)
(1.5 -5.43886e-14 0)
(1.5 -1.916e-14 0)
(1.5 -8.68672e-15 0)
(1.5 1.52727e-14 0)
(1.5 1.4243e-14 0)
(1.5 -1.00088e-15 0)
(1.5 -4.47782e-14 0)
(1.5 -6.47636e-14 0)
(1.5 -4.36546e-14 0)
(1.5 7.1006e-15 0)
(1.5 4.56387e-14 0)
(1.5 2.99526e-14 0)
(1.5 4.5193e-14 0)
(1.5 9.61983e-14 0)
(1.5 9.56225e-14 0)
(1.5 9.95389e-14 0)
(1.5 7.44909e-14 0)
(1.5 8.55974e-15 0)
(1.5 -3.64644e-14 0)
(1.5 -7.04042e-14 0)
(1.5 -1.61998e-13 0)
(1.5 -2.49236e-13 0)
(1.5 -2.80528e-13 0)
(1.5 -2.54195e-13 0)
(1.5 -2.89766e-13 0)
(1.5 -2.97205e-13 0)
(1.5 -2.34585e-13 0)
(1.5 -2.51334e-13 0)
(1.5 -2.44436e-13 0)
(1.5 -2.53878e-13 0)
(1.5 -2.76775e-13 0)
(1.5 -3.11045e-13 0)
(1.5 -2.81602e-13 0)
(1.5 -3.60886e-13 0)
(1.5 -4.03798e-13 0)
(1.5 -4.18162e-13 0)
(1.5 -3.72574e-13 0)
(1.5 -3.53603e-13 0)
(1.5 -3.7153e-13 0)
(1.5 -3.91089e-13 0)
(1.5 -4.2816e-13 0)
(1.5 -5.0663e-13 0)
(1.5 -5.2922e-13 0)
(1.5 -4.41572e-13 0)
(1.5 -4.65578e-13 0)
(1.5 -4.61004e-13 0)
(1.5 -3.07095e-13 0)
(1.5 -1.74962e-13 0)
(1.5 -1.91948e-13 0)
(1.5 -2.38053e-13 0)
(1.5 -1.79774e-13 0)
(1.5 -1.644e-13 0)
(1.5 -1.57918e-13 0)
(1.5 -1.97003e-13 0)
(1.5 -2.25257e-13 0)
(1.5 -2.52884e-13 0)
(1.5 -3.32018e-13 0)
(1.5 -4.44698e-13 0)
(1.5 -4.13014e-13 0)
(1.5 -2.25022e-13 0)
(1.5 -1.52383e-13 0)
(1.5 -7.13002e-14 0)
(1.5 -4.86747e-14 0)
(1.5 4.72131e-14 0)
(1.5 4.81515e-14 0)
(1.5 1.07721e-15 0)
(1.5 -3.70776e-14 0)
(1.5 -2.70919e-14 0)
(1.5 6.29079e-14 0)
(1.5 1.16405e-13 0)
(1.5 9.34382e-14 0)
(1.5 7.77685e-14 0)
(1.5 3.92187e-14 0)
(1.5 9.84559e-14 0)
(1.5 5.90561e-14 0)
(1.5 7.16591e-14 0)
(1.5 1.43997e-13 0)
(1.5 2.30941e-13 0)
(1.5 1.39731e-13 0)
(1.5 -1.5243e-14 0)
(1.5 6.3912e-15 0)
(1.5 1.34714e-13 0)
(1.5 1.92861e-13 0)
(1.5 5.09596e-14 0)
(1.5 -1.69499e-13 0)
(1.5 -4.36546e-13 0)
(1.5 -5.00761e-13 0)
(1.5 -4.87324e-13 0)
(1.5 -3.97829e-13 0)
(1.5 -3.6861e-13 0)
(1.5 -4.43806e-13 0)
(1.5 -3.64335e-13 0)
(1.5 -2.18851e-13 0)
(1.5 -1.05738e-13 0)
(1.5 4.8401e-14 0)
(1.5 2.19802e-13 0)
(1.5 4.30547e-13 0)
(1.5 5.07251e-13 0)
(1.5 5.20492e-13 0)
(1.5 4.78547e-13 0)
(1.5 4.66456e-13 0)
(1.5 4.64033e-13 0)
(1.5 5.0669e-13 0)
(1.5 5.02173e-13 0)
(1.5 4.34745e-13 0)
(1.5 3.44112e-13 0)
(1.5 3.25503e-13 0)
(1.5 3.63555e-13 0)
(1.5 5.20182e-13 0)
(1.5 5.38516e-13 0)
(1.5 6.11781e-13 0)
(1.5 6.07077e-13 0)
(1.5 5.5235e-13 0)
(1.5 5.23798e-13 0)
(1.5 6.29289e-13 0)
(1.5 7.24334e-13 0)
(1.5 7.21243e-13 0)
(1.5 7.64353e-13 0)
(1.5 7.8232e-13 0)
(1.5 8.67804e-13 0)
(1.5 1.00982e-12 0)
(1.5 9.86039e-13 0)
(1.5 1.00877e-12 0)
(1.5 9.83033e-13 0)
(1.5 9.1291e-13 0)
(1.5 8.34951e-13 0)
(1.5 7.83814e-13 0)
(1.5 7.62624e-13 0)
(1.5 6.83224e-13 0)
(1.5 5.07398e-13 0)
(1.5 3.58541e-13 0)
(1.5 2.47318e-13 0)
(1.5 1.15142e-13 0)
(1.5 7.84044e-14 0)
(1.5 -1.40668e-14 0)
(1.5 -7.80596e-14 0)
(1.5 -2.30519e-14 0)
(1.5 -1.01213e-14 0)
(1.5 -1.63016e-14 0)
(1.5 -1.03666e-13 0)
(1.5 8.0212e-15 0)
(1.5 1.35618e-13 0)
(1.5 1.0296e-13 0)
(1.5 6.84751e-14 0)
(1.5 2.78595e-14 0)
(1.5 8.96649e-14 0)
(1.5 1.86582e-13 0)
(1.5 2.52762e-13 0)
(1.5 1.34606e-13 0)
(1.5 -4.20338e-14 0)
(1.5 -8.28172e-14 0)
(1.5 -1.07828e-13 0)
(1.5 -7.71766e-14 0)
(1.5 -3.60385e-14 0)
(1.5 -2.1325e-14 0)
(1.5 -2.52342e-14 0)
(1.5 6.29375e-15 0)
(1.5 -2.49826e-14 0)
(1.5 -5.95459e-14 0)
(1.5 -1.00877e-13 0)
(1.5 -1.69028e-13 0)
(1.5 -2.22041e-13 0)
(1.5 -2.31764e-13 0)
(1.5 -2.15384e-13 0)
(1.5 -1.51392e-13 0)
(1.5 -1.2373e-13 0)
(1.5 -7.13806e-14 0)
(1.5 -8.47097e-14 0)
(1.5 -7.61516e-14 0)
(1.5 -4.84834e-14 0)
(1.5 -4.84722e-14 0)
(1.5 -2.15428e-14 0)
(1.5 -4.69714e-15 0)
(1.5 -1.61301e-14 0)
(1.5 -1.85951e-14 0)
(1.5 7.35588e-15 0)
(1.5 4.90529e-14 0)
(1.5 5.63815e-14 0)
(1.5 6.96499e-14 0)
(1.5 4.80504e-14 0)
(1.5 5.21977e-14 0)
(1.5 7.96994e-14 0)
(1.5 8.76046e-15 0)
(1.5 -5.67559e-14 0)
(1.5 -1.66257e-13 0)
(1.5 -1.56359e-13 0)
(1.5 -8.59041e-14 0)
(1.5 -4.46286e-14 0)
(1.5 1.01567e-14 0)
(1.5 -2.90377e-15 0)
(1.5 2.99576e-14 0)
(1.5 -7.12828e-16 0)
(1.5 2.71744e-14 0)
(1.5 3.47752e-14 0)
(1.5 5.58837e-14 0)
(1.5 6.46669e-14 0)
(1.5 1.79976e-14 0)
(1.5 -3.56722e-14 0)
(1.5 -1.09726e-13 0)
(1.5 -1.00633e-13 0)
(1.5 -9.95327e-14 0)
(1.5 -7.99331e-14 0)
(1.5 -6.34158e-14 0)
(1.5 -1.21275e-14 0)
(1.5 -5.35523e-14 0)
(1.5 -8.71484e-14 0)
(1.5 -7.23858e-14 0)
(1.5 -7.36712e-14 0)
(1.5 -3.71032e-14 0)
(1.5 2.202e-14 0)
(1.5 -2.93351e-14 0)
(1.5 1.41038e-14 0)
(1.5 3.17726e-14 0)
(1.5 5.24268e-14 0)
(1.5 4.7188e-14 0)
(1.5 3.84077e-14 0)
(1.5 -3.57489e-14 0)
(1.5 -3.34024e-14 0)
(1.5 -4.38916e-14 0)
(1.5 -1.07567e-13 0)
(1.5 -2.0088e-13 0)
(1.5 -2.31163e-13 0)
(1.5 -2.2141e-13 0)
(1.5 -1.95865e-13 0)
(1.5 -2.24408e-13 0)
(1.5 -2.24855e-13 0)
(1.5 -2.11872e-13 0)
(1.5 -1.82877e-13 0)
(1.5 -1.86758e-13 0)
(1.5 -2.38498e-13 0)
(1.5 -3.14279e-13 0)
(1.5 -2.58477e-13 0)
(1.5 -2.10823e-13 0)
(1.5 -2.16867e-13 0)
(1.5 -2.50917e-13 0)
(1.5 -3.68508e-13 0)
(1.5 -4.65178e-13 0)
(1.5 -5.02489e-13 0)
(1.5 -5.11553e-13 0)
(1.5 -4.44026e-13 0)
(1.5 -5.42758e-13 0)
(1.5 -5.06343e-13 0)
(1.5 -4.64943e-13 0)
(1.5 -3.76705e-13 0)
(1.5 -3.94219e-13 0)
(1.5 -4.00933e-13 0)
(1.5 -3.00191e-13 0)
(1.5 -2.06808e-13 0)
(1.5 -2.13243e-13 0)
(1.5 -2.60428e-13 0)
(1.5 -2.55082e-13 0)
(1.5 -1.86834e-13 0)
(1.5 -2.38505e-13 0)
(1.5 -2.41826e-13 0)
(1.5 -2.25138e-13 0)
(1.5 -2.53924e-13 0)
(1.5 -3.15357e-13 0)
(1.5 -3.81147e-13 0)
(1.5 -3.8306e-13 0)
(1.5 -2.58417e-13 0)
(1.5 -2.36119e-13 0)
(1.5 -1.08611e-13 0)
(1.5 6.50447e-16 0)
(1.5 2.55388e-14 0)
(1.5 2.0938e-14 0)
(1.5 -3.65648e-14 0)
(1.5 -5.70288e-14 0)
(1.5 -8.90892e-14 0)
(1.5 -8.41537e-14 0)
(1.5 -9.44441e-15 0)
(1.5 -6.53745e-15 0)
(1.5 -9.56429e-14 0)
(1.5 -1.07584e-13 0)
(1.5 -1.00132e-13 0)
(1.5 -1.05976e-13 0)
(1.5 1.20732e-14 0)
(1.5 8.47473e-14 0)
(1.5 1.64987e-13 0)
(1.5 1.52061e-13 0)
(1.5 9.26766e-14 0)
(1.5 4.52577e-14 0)
(1.5 6.17939e-14 0)
(1.5 7.50732e-14 0)
(1.5 -4.10528e-14 0)
(1.5 -1.85443e-13 0)
(1.5 -4.60463e-13 0)
(1.5 -5.4499e-13 0)
(1.5 -5.80743e-13 0)
(1.5 -4.71064e-13 0)
(1.5 -4.49251e-13 0)
(1.5 -5.20996e-13 0)
(1.5 -4.01004e-13 0)
(1.5 -2.96714e-13 0)
(1.5 -1.68492e-13 0)
(1.5 6.23252e-14 0)
(1.5 2.35843e-13 0)
(1.5 4.33336e-13 0)
(1.5 5.69364e-13 0)
(1.5 5.00765e-13 0)
(1.5 4.06013e-13 0)
(1.5 3.08496e-13 0)
(1.5 4.51979e-13 0)
(1.5 5.56586e-13 0)
(1.5 5.03112e-13 0)
(1.5 4.06618e-13 0)
(1.5 2.44443e-13 0)
(1.5 2.86181e-13 0)
(1.5 3.5835e-13 0)
(1.5 4.0503e-13 0)
(1.5 4.97352e-13 0)
(1.5 5.5244e-13 0)
(1.5 6.12544e-13 0)
(1.5 6.81814e-13 0)
(1.5 6.68945e-13 0)
(1.5 6.16001e-13 0)
(1.5 5.95653e-13 0)
(1.5 6.05872e-13 0)
(1.5 6.85232e-13 0)
(1.5 7.40655e-13 0)
(1.5 7.01686e-13 0)
(1.5 7.41242e-13 0)
(1.5 8.4781e-13 0)
(1.5 9.0157e-13 0)
(1.5 9.5432e-13 0)
(1.5 9.02211e-13 0)
(1.5 8.41595e-13 0)
(1.5 8.1801e-13 0)
(1.5 7.62705e-13 0)
(1.5 6.22004e-13 0)
(1.5 4.68406e-13 0)
(1.5 4.22841e-13 0)
(1.5 3.37728e-13 0)
(1.5 1.83702e-13 0)
(1.5 5.87792e-14 0)
(1.5 -3.44605e-14 0)
(1.5 -7.1122e-14 0)
(1.5 -1.17974e-14 0)
(1.5 -4.67109e-14 0)
(1.5 -9.84509e-14 0)
(1.5 -1.35638e-13 0)
(1.5 -1.1452e-13 0)
(1.5 -4.31805e-14 0)
(1.5 -3.15975e-14 0)
(1.5 -4.75555e-14 0)
(1.5 -2.06811e-14 0)
(1.5 -8.08092e-15 0)
(1.5 4.25586e-15 0)
(1.5 -4.91998e-14 0)
(1.5 -1.07726e-13 0)
(1.5 -1.4838e-13 0)
(1.5 -1.83135e-13 0)
(1.5 -1.83618e-13 0)
(1.5 -1.33282e-13 0)
(1.5 -3.28846e-14 0)
(1.5 6.66586e-14 0)
(1.5 6.96287e-14 0)
(1.5 7.73329e-14 0)
(1.5 1.79335e-14 0)
(1.5 -7.25997e-14 0)
(1.5 -1.61438e-13 0)
(1.5 -2.02906e-13 0)
(1.5 -1.57211e-13 0)
(1.5 -1.65197e-13 0)
(1.5 -1.48627e-13 0)
(1.5 -1.17951e-13 0)
(1.5 -9.3464e-14 0)
(1.5 -6.46867e-14 0)
(1.5 -7.88187e-14 0)
(1.5 -1.38329e-13 0)
(1.5 -1.53094e-13 0)
(1.5 -1.21364e-13 0)
(1.5 6.16299e-15 0)
(1.5 7.05883e-14 0)
(1.5 5.57945e-14 0)
(1.5 1.77021e-14 0)
(1.5 -4.14762e-14 0)
(1.5 -1.68383e-14 0)
(1.5 9.0695e-14 0)
(1.5 1.03419e-13 0)
(1.5 6.36219e-14 0)
(1.5 2.18469e-14 0)
(1.5 5.28485e-14 0)
(1.5 2.83035e-14 0)
(1.5 -9.6154e-14 0)
(1.5 -1.5348e-13 0)
(1.5 -2.09986e-13 0)
(1.5 -1.24522e-13 0)
(1.5 -9.42837e-14 0)
(1.5 -6.16003e-14 0)
(1.5 -7.16377e-14 0)
(1.5 -1.2252e-15 0)
(1.5 -6.13204e-14 0)
(1.5 -2.52437e-14 0)
(1.5 6.73641e-14 0)
(1.5 3.667e-14 0)
(1.5 7.4031e-14 0)
(1.5 9.07698e-15 0)
(1.5 1.23193e-14 0)
(1.5 -1.41791e-13 0)
(1.5 -1.53288e-13 0)
(1.5 -1.23468e-13 0)
(1.5 -1.17996e-13 0)
(1.5 -1.17148e-13 0)
(1.5 -1.01851e-13 0)
(1.5 -1.68987e-13 0)
(1.5 -1.5926e-13 0)
(1.5 -8.8919e-14 0)
(1.5 -2.66913e-14 0)
(1.5 -1.4492e-14 0)
(1.5 6.08974e-16 0)
(1.5 -1.63289e-14 0)
(1.5 4.12613e-15 0)
(1.5 2.27013e-14 0)
(1.5 7.43391e-14 0)
(1.5 5.50931e-14 0)
(1.5 1.74236e-14 0)
(1.5 -3.3336e-14 0)
(1.5 1.35558e-14 0)
(1.5 -2.90095e-14 0)
(1.5 -1.64401e-13 0)
(1.5 -2.02345e-13 0)
(1.5 -1.70663e-13 0)
(1.5 -9.31507e-14 0)
(1.5 -1.20039e-13 0)
(1.5 -1.20107e-13 0)
(1.5 -1.28441e-13 0)
(1.5 -1.43066e-13 0)
(1.5 -1.28985e-13 0)
(1.5 -1.76052e-13 0)
(1.5 -2.58219e-13 0)
(1.5 -3.6721e-13 0)
(1.5 -3.17335e-13 0)
(1.5 -2.65767e-13 0)
(1.5 -1.88005e-13 0)
(1.5 -1.76149e-13 0)
(1.5 -3.16519e-13 0)
(1.5 -4.7213e-13 0)
(1.5 -5.36635e-13 0)
(1.5 -5.1386e-13 0)
(1.5 -4.43645e-13 0)
(1.5 -5.13749e-13 0)
(1.5 -4.62533e-13 0)
(1.5 -3.45643e-13 0)
(1.5 -3.19247e-13 0)
(1.5 -3.50227e-13 0)
(1.5 -3.44953e-13 0)
(1.5 -3.49176e-13 0)
(1.5 -2.72651e-13 0)
(1.5 -2.31677e-13 0)
(1.5 -2.43427e-13 0)
(1.5 -2.64152e-13 0)
(1.5 -2.86028e-13 0)
(1.5 -2.98027e-13 0)
(1.5 -2.31984e-13 0)
(1.5 -2.27349e-13 0)
(1.5 -2.73687e-13 0)
(1.5 -2.96016e-13 0)
(1.5 -2.91234e-13 0)
(1.5 -3.83609e-13 0)
(1.5 -3.75764e-13 0)
(1.5 -3.65288e-13 0)
(1.5 -2.34591e-13 0)
(1.5 -4.6587e-14 0)
(1.5 1.00262e-14 0)
(1.5 4.30917e-14 0)
(1.5 4.74519e-14 0)
(1.5 4.18273e-14 0)
(1.5 -8.65722e-16 0)
(1.5 -4.44807e-14 0)
(1.5 -8.89487e-14 0)
(1.5 -1.029e-13 0)
(1.5 -1.59254e-13 0)
(1.5 -1.36509e-13 0)
(1.5 -1.16042e-13 0)
(1.5 -1.04978e-13 0)
(1.5 1.22604e-14 0)
(1.5 3.65778e-14 0)
(1.5 -9.24328e-15 0)
(1.5 -1.00771e-13 0)
(1.5 -5.39574e-14 0)
(1.5 -6.21659e-14 0)
(1.5 -7.43393e-14 0)
(1.5 -3.93601e-14 0)
(1.5 -7.79625e-14 0)
(1.5 -8.53121e-14 0)
(1.5 -2.52485e-13 0)
(1.5 -3.42642e-13 0)
(1.5 -3.98282e-13 0)
(1.5 -2.74209e-13 0)
(1.5 -2.25834e-13 0)
(1.5 -2.38465e-13 0)
(1.5 -1.54863e-13 0)
(1.5 -1.76167e-13 0)
(1.5 -3.50235e-14 0)
(1.5 1.68767e-13 0)
(1.5 2.90901e-13 0)
(1.5 4.02327e-13 0)
(1.5 5.48688e-13 0)
(1.5 5.51804e-13 0)
(1.5 4.96105e-13 0)
(1.5 3.99779e-13 0)
(1.5 5.54733e-13 0)
(1.5 5.96252e-13 0)
(1.5 5.43563e-13 0)
(1.5 5.23301e-13 0)
(1.5 3.6523e-13 0)
(1.5 3.86333e-13 0)
(1.5 4.86014e-13 0)
(1.5 4.94931e-13 0)
(1.5 5.07912e-13 0)
(1.5 4.86697e-13 0)
(1.5 6.13833e-13 0)
(1.5 7.2038e-13 0)
(1.5 7.14989e-13 0)
(1.5 5.99275e-13 0)
(1.5 5.42708e-13 0)
(1.5 6.19212e-13 0)
(1.5 7.36952e-13 0)
(1.5 7.19639e-13 0)
(1.5 6.11588e-13 0)
(1.5 6.08329e-13 0)
(1.5 7.34188e-13 0)
(1.5 8.22832e-13 0)
(1.5 8.80178e-13 0)
(1.5 8.43231e-13 0)
(1.5 7.68011e-13 0)
(1.5 7.34535e-13 0)
(1.5 7.21736e-13 0)
(1.5 5.98002e-13 0)
(1.5 5.19649e-13 0)
(1.5 5.77937e-13 0)
(1.5 5.19167e-13 0)
(1.5 3.68716e-13 0)
(1.5 1.86334e-13 0)
(1.5 5.53954e-14 0)
(1.5 7.22826e-14 0)
(1.5 1.4323e-14 0)
(1.5 -3.21339e-14 0)
(1.5 -1.18171e-13 0)
(1.5 -1.11312e-13 0)
(1.5 -9.18132e-14 0)
(1.5 -8.31745e-14 0)
(1.5 -4.45188e-14 0)
(1.5 -1.02463e-14 0)
(1.5 -3.30286e-15 0)
(1.5 -1.13776e-13 0)
(1.5 -2.02509e-13 0)
(1.5 -2.61606e-13 0)
(1.5 -1.79439e-13 0)
(1.5 -8.5269e-14 0)
(1.5 -7.23546e-14 0)
(1.5 -9.92736e-14 0)
(1.5 -9.4837e-14 0)
(1.5 3.08219e-14 0)
(1.5 3.52793e-14 0)
(1.5 5.84756e-14 0)
(1.5 1.17328e-13 0)
(1.5 5.68796e-14 0)
(1.5 -5.20077e-14 0)
(1.5 -5.32401e-14 0)
(1.5 -2.94683e-14 0)
(1.5 -7.47838e-14 0)
(1.5 -9.59869e-14 0)
(1.5 -4.91231e-14 0)
(1.5 -1.62058e-14 0)
(1.5 -1.13855e-14 0)
(1.5 -8.81837e-14 0)
(1.5 -5.07971e-14 0)
(1.5 -6.38668e-14 0)
(1.5 -8.26757e-14 0)
(1.5 -8.30661e-14 0)
(1.5 -4.61752e-15 0)
(1.5 3.15876e-14 0)
(1.5 4.33915e-14 0)
(1.5 6.35737e-14 0)
(1.5 4.57041e-15 0)
(1.5 -3.70363e-14 0)
(1.5 4.84818e-14 0)
(1.5 9.30284e-14 0)
(1.5 7.61666e-14 0)
(1.5 5.79298e-15 0)
(1.5 1.27286e-14 0)
(1.5 5.42043e-14 0)
(1.5 9.35709e-15 0)
(1.5 -1.85035e-14 0)
(1.5 -5.80359e-14 0)
(1.5 -1.18685e-13 0)
(1.5 -1.06373e-13 0)
(1.5 -3.68879e-14 0)
(1.5 -1.26664e-14 0)
(1.5 2.39542e-14 0)
(1.5 -2.14108e-14 0)
(1.5 -3.78009e-14 0)
(1.5 4.10541e-14 0)
(1.5 4.05696e-14 0)
(1.5 6.35253e-14 0)
(1.5 7.23775e-14 0)
(1.5 1.61742e-14 0)
(1.5 -9.68728e-14 0)
(1.5 -1.33419e-13 0)
(1.5 -1.32018e-13 0)
(1.5 -9.10141e-14 0)
(1.5 -1.19709e-13 0)
(1.5 -1.58373e-13 0)
(1.5 -1.74567e-13 0)
(1.5 -1.76279e-13 0)
(1.5 -1.13615e-13 0)
(1.5 -1.90636e-14 0)
(1.5 8.22299e-14 0)
(1.5 8.73504e-14 0)
(1.5 5.43041e-14 0)
(1.5 5.98864e-14 0)
(1.5 5.95363e-14 0)
(1.5 4.25502e-14 0)
(1.5 -1.11221e-14 0)
(1.5 1.55739e-14 0)
(1.5 -7.84426e-15 0)
(1.5 3.66058e-16 0)
(1.5 -6.32985e-14 0)
(1.5 -1.47868e-13 0)
(1.5 -1.53411e-13 0)
(1.5 -9.60804e-14 0)
(1.5 -5.65316e-15 0)
(1.5 -3.64257e-14 0)
(1.5 -5.24583e-14 0)
(1.5 -8.37747e-14 0)
(1.5 -6.67589e-14 0)
(1.5 -1.16948e-13 0)
(1.5 -1.76709e-13 0)
(1.5 -2.87878e-13 0)
(1.5 -3.32333e-13 0)
(1.5 -2.67421e-13 0)
(1.5 -2.23065e-13 0)
(1.5 -1.63273e-13 0)
(1.5 -1.67047e-13 0)
(1.5 -3.38448e-13 0)
(1.5 -4.62814e-13 0)
(1.5 -5.14854e-13 0)
(1.5 -4.75295e-13 0)
(1.5 -4.31879e-13 0)
(1.5 -3.88542e-13 0)
(1.5 -3.87123e-13 0)
(1.5 -3.25674e-13 0)
(1.5 -3.4441e-13 0)
(1.5 -3.81846e-13 0)
(1.5 -3.10337e-13 0)
(1.5 -3.21433e-13 0)
(1.5 -2.73664e-13 0)
(1.5 -2.48677e-13 0)
(1.5 -2.60557e-13 0)
(1.5 -3.10661e-13 0)
(1.5 -3.65763e-13 0)
(1.5 -3.13521e-13 0)
(1.5 -3.11431e-13 0)
(1.5 -2.58016e-13 0)
(1.5 -2.24114e-13 0)
(1.5 -1.47404e-13 0)
(1.5 -1.65439e-13 0)
(1.5 -3.05602e-13 0)
(1.5 -3.47707e-13 0)
(1.5 -3.05634e-13 0)
(1.5 -1.86072e-13 0)
(1.5 -8.78645e-14 0)
(1.5 -1.50646e-14 0)
(1.5 1.0562e-13 0)
(1.5 1.3037e-13 0)
(1.5 1.0089e-13 0)
(1.5 6.28539e-14 0)
(1.5 5.48239e-14 0)
(1.5 -4.27238e-15 0)
(1.5 -5.0105e-14 0)
(1.5 4.11047e-15 0)
(1.5 -2.28944e-14 0)
(1.5 -8.47853e-14 0)
(1.5 -1.03886e-13 0)
(1.5 -4.60725e-14 0)
(1.5 -4.60394e-14 0)
(1.5 -1.20092e-13 0)
(1.5 -2.4993e-13 0)
(1.5 -1.73397e-13 0)
(1.5 -1.56358e-13 0)
(1.5 -1.11393e-13 0)
(1.5 -6.73081e-14 0)
(1.5 -7.00888e-14 0)
(1.5 3.76698e-14 0)
(1.5 4.44832e-14 0)
(1.5 -7.25948e-14 0)
(1.5 -1.12069e-13 0)
(1.5 -1.14853e-13 0)
(1.5 -8.4511e-14 0)
(1.5 -7.66915e-14 0)
(1.5 -1.05328e-13 0)
(1.5 -9.5857e-14 0)
(1.5 2.40916e-14 0)
(1.5 2.20984e-13 0)
(1.5 2.86319e-13 0)
(1.5 3.44091e-13 0)
(1.5 4.31165e-13 0)
(1.5 5.06152e-13 0)
(1.5 5.62629e-13 0)
(1.5 5.79208e-13 0)
(1.5 6.38973e-13 0)
(1.5 7.12042e-13 0)
(1.5 6.72903e-13 0)
(1.5 6.43523e-13 0)
(1.5 6.07997e-13 0)
(1.5 5.26894e-13 0)
(1.5 5.52145e-13 0)
(1.5 5.7018e-13 0)
(1.5 5.57458e-13 0)
(1.5 5.58864e-13 0)
(1.5 7.08294e-13 0)
(1.5 7.97273e-13 0)
(1.5 7.67295e-13 0)
(1.5 7.23876e-13 0)
(1.5 6.54084e-13 0)
(1.5 7.23426e-13 0)
(1.5 8.13995e-13 0)
(1.5 8.22154e-13 0)
(1.5 7.34502e-13 0)
(1.5 6.91158e-13 0)
(1.5 6.65805e-13 0)
(1.5 7.06055e-13 0)
(1.5 7.14613e-13 0)
(1.5 7.17523e-13 0)
(1.5 5.96933e-13 0)
(1.5 6.02582e-13 0)
(1.5 6.22759e-13 0)
(1.5 5.89657e-13 0)
(1.5 5.98684e-13 0)
(1.5 6.1954e-13 0)
(1.5 5.9703e-13 0)
(1.5 4.55512e-13 0)
(1.5 2.55745e-13 0)
(1.5 7.21898e-14 0)
(1.5 -2.73518e-17 0)
(1.5 -1.05284e-13 0)
(1.5 -1.36614e-13 0)
(1.5 -1.4906e-13 0)
(1.5 -1.7904e-13 0)
(1.5 -1.22104e-13 0)
(1.5 -1.04941e-13 0)
(1.5 -6.16504e-14 0)
(1.5 -2.51785e-14 0)
(1.5 -7.87389e-14 0)
(1.5 -1.99923e-13 0)
(1.5 -2.86828e-13 0)
(1.5 -2.83207e-13 0)
(1.5 -1.68511e-13 0)
(1.5 -2.21292e-14 0)
(1.5 -1.60388e-15 0)
(1.5 4.72166e-14 0)
(1.5 4.58272e-14 0)
(1.5 3.17324e-14 0)
(1.5 -3.30078e-14 0)
(1.5 1.30635e-14 0)
(1.5 8.47549e-14 0)
(1.5 2.53797e-14 0)
(1.5 -7.49253e-14 0)
(1.5 -2.26398e-14 0)
(1.5 5.19233e-14 0)
(1.5 -5.64388e-14 0)
(1.5 -9.37724e-14 0)
(1.5 -2.52468e-14 0)
(1.5 3.59875e-14 0)
(1.5 2.28167e-14 0)
(1.5 -6.39245e-14 0)
(1.5 -8.00494e-14 0)
(1.5 -9.63457e-14 0)
(1.5 -9.75693e-14 0)
(1.5 -5.59648e-14 0)
(1.5 -5.20866e-14 0)
(1.5 -1.07233e-13 0)
(1.5 -5.52709e-14 0)
(1.5 -2.10833e-14 0)
(1.5 -3.24463e-14 0)
(1.5 -1.06067e-14 0)
(1.5 -4.54917e-14 0)
(1.5 -1.31256e-14 0)
(1.5 2.36439e-14 0)
(1.5 -8.1005e-14 0)
(1.5 -6.33308e-14 0)
(1.5 2.92992e-15 0)
(1.5 2.73183e-14 0)
(1.5 -6.61241e-15 0)
(1.5 1.15448e-14 0)
(1.5 -6.80309e-14 0)
(1.5 -1.36825e-13 0)
(1.5 -5.9144e-14 0)
(1.5 -3.47666e-14 0)
(1.5 -4.29679e-14 0)
(1.5 -3.34816e-14 0)
(1.5 -7.9136e-14 0)
(1.5 -3.76232e-14 0)
(1.5 2.17914e-15 0)
(1.5 -6.49305e-14 0)
(1.5 2.17175e-14 0)
(1.5 -4.1736e-14 0)
(1.5 -7.79905e-14 0)
(1.5 -1.0079e-13 0)
(1.5 -1.24146e-13 0)
(1.5 -1.16573e-13 0)
(1.5 -1.37341e-13 0)
(1.5 -1.7852e-13 0)
(1.5 -1.27585e-13 0)
(1.5 -1.49179e-13 0)
(1.5 -8.29139e-14 0)
(1.5 1.98904e-14 0)
(1.5 9.95012e-14 0)
(1.5 1.4608e-13 0)
(1.5 7.96075e-14 0)
(1.5 9.37097e-14 0)
(1.5 1.92647e-14 0)
(1.5 -5.11631e-14 0)
(1.5 -9.43434e-14 0)
(1.5 -1.08036e-13 0)
(1.5 -1.37505e-13 0)
(1.5 -1.59243e-13 0)
(1.5 -1.83247e-13 0)
(1.5 -1.23824e-13 0)
(1.5 -7.12467e-14 0)
(1.5 -2.92673e-14 0)
(1.5 -4.37855e-14 0)
(1.5 -1.72629e-14 0)
(1.5 -3.9976e-14 0)
(1.5 -1.48744e-13 0)
(1.5 -1.53744e-13 0)
(1.5 -1.93874e-13 0)
(1.5 -2.46114e-13 0)
(1.5 -3.29715e-13 0)
(1.5 -3.16225e-13 0)
(1.5 -2.35917e-13 0)
(1.5 -2.24913e-13 0)
(1.5 -1.78138e-13 0)
(1.5 -2.21114e-13 0)
(1.5 -4.53742e-13 0)
(1.5 -5.36235e-13 0)
(1.5 -5.20862e-13 0)
(1.5 -4.44631e-13 0)
(1.5 -4.07117e-13 0)
(1.5 -2.9912e-13 0)
(1.5 -2.83579e-13 0)
(1.5 -2.9895e-13 0)
(1.5 -4.23251e-13 0)
(1.5 -4.52517e-13 0)
(1.5 -4.31483e-13 0)
(1.5 -3.99583e-13 0)
(1.5 -3.60432e-13 0)
(1.5 -4.13822e-13 0)
(1.5 -4.85174e-13 0)
(1.5 -4.83956e-13 0)
(1.5 -4.47312e-13 0)
(1.5 -4.15949e-13 0)
(1.5 -4.75057e-13 0)
(1.5 -3.89327e-13 0)
(1.5 -2.70123e-13 0)
(1.5 -1.19989e-13 0)
(1.5 -1.0156e-13 0)
(1.5 -1.34624e-13 0)
(1.5 -1.65715e-13 0)
(1.5 -1.5047e-13 0)
(1.5 -8.84886e-14 0)
(1.5 1.6826e-14 0)
(1.5 -3.60928e-14 0)
(1.5 3.44117e-14 0)
(1.5 1.17641e-13 0)
(1.5 1.17712e-13 0)
(1.5 1.01314e-13 0)
(1.5 1.16855e-13 0)
(1.5 1.44461e-13 0)
(1.5 5.9091e-14 0)
(1.5 3.75356e-14 0)
(1.5 -8.67329e-14 0)
(1.5 -2.18443e-13 0)
(1.5 -1.81915e-13 0)
(1.5 -1.54702e-13 0)
(1.5 -1.15347e-13 0)
(1.5 -9.52223e-14 0)
(1.5 -1.45766e-13 0)
(1.5 -7.57593e-14 0)
(1.5 -1.31072e-13 0)
(1.5 -1.2321e-13 0)
(1.5 -8.98271e-14 0)
(1.5 -1.60593e-14 0)
(1.5 8.71902e-14 0)
(1.5 1.46276e-13 0)
(1.5 7.75961e-14 0)
(1.5 1.07149e-13 0)
(1.5 -1.09315e-14 0)
(1.5 -1.59973e-14 0)
(1.5 -9.66148e-14 0)
(1.5 -2.13159e-13 0)
(1.5 -1.59913e-13 0)
(1.5 -5.53834e-14 0)
(1.5 1.44789e-13 0)
(1.5 2.74982e-13 0)
(1.5 2.8041e-13 0)
(1.5 2.7147e-13 0)
(1.5 3.00579e-13 0)
(1.5 3.60942e-13 0)
(1.5 5.66155e-13 0)
(1.5 6.24655e-13 0)
(1.5 7.50442e-13 0)
(1.5 8.03139e-13 0)
(1.5 7.43126e-13 0)
(1.5 7.39003e-13 0)
(1.5 6.01754e-13 0)
(1.5 5.18361e-13 0)
(1.5 4.94521e-13 0)
(1.5 5.89255e-13 0)
(1.5 6.85164e-13 0)
(1.5 8.82085e-13 0)
(1.5 9.58414e-13 0)
(1.5 9.10137e-13 0)
(1.5 8.64198e-13 0)
(1.5 7.70097e-13 0)
(1.5 7.62136e-13 0)
(1.5 7.78431e-13 0)
(1.5 8.5204e-13 0)
(1.5 7.58301e-13 0)
(1.5 5.74342e-13 0)
(1.5 4.83634e-13 0)
(1.5 4.70583e-13 0)
(1.5 5.06256e-13 0)
(1.5 4.37778e-13 0)
(1.5 2.60522e-13 0)
(1.5 3.78314e-13 0)
(1.5 4.84756e-13 0)
(1.5 5.65226e-13 0)
(1.5 6.38178e-13 0)
(1.5 5.59696e-13 0)
(1.5 4.93865e-13 0)
(1.5 4.3248e-13 0)
(1.5 3.30668e-13 0)
(1.5 1.79598e-13 0)
(1.5 -5.73562e-14 0)
(1.5 -1.85399e-13 0)
(1.5 -3.43637e-13 0)
(1.5 -3.29762e-13 0)
(1.5 -2.8103e-13 0)
(1.5 -1.99697e-13 0)
(1.5 -9.60327e-14 0)
(1.5 -5.50741e-14 0)
(1.5 -7.49117e-14 0)
(1.5 -1.45684e-13 0)
(1.5 -1.63357e-13 0)
(1.5 -1.79563e-13 0)
(1.5 -2.12275e-13 0)
(1.5 -9.46922e-14 0)
(1.5 4.34761e-14 0)
(1.5 4.31261e-14 0)
(1.5 1.51777e-13 0)
(1.5 2.09871e-13 0)
(1.5 -2.08662e-14 0)
(1.5 -1.52794e-13 0)
(1.5 -1.15296e-13 0)
(1.5 -4.29588e-14 0)
(1.5 4.79214e-15 0)
(1.5 -2.24929e-14 0)
(1.5 -3.4699e-14 0)
(1.5 -3.46798e-14 0)
(1.5 -5.58508e-14 0)
(1.5 -8.03957e-14 0)
(1.5 -4.68083e-14 0)
(1.5 -2.19275e-14 0)
(1.5 3.143e-14 0)
(1.5 2.35309e-14 0)
(1.5 -5.70657e-14 0)
(1.5 -1.22185e-13 0)
(1.5 -2.00236e-13 0)
(1.5 -1.63724e-13 0)
(1.5 -1.98434e-13 0)
(1.5 -2.24486e-13 0)
(1.5 -1.55882e-13 0)
(1.5 -1.8078e-13 0)
(1.5 -1.54822e-13 0)
(1.5 -1.2896e-13 0)
(1.5 -1.698e-13 0)
(1.5 -1.09498e-13 0)
(1.5 -5.69832e-14 0)
(1.5 -1.17769e-13 0)
(1.5 -9.57953e-14 0)
(1.5 -5.79335e-14 0)
(1.5 -2.54323e-14 0)
(1.5 -5.20648e-14 0)
(1.5 -3.22945e-14 0)
(1.5 -2.36357e-14 0)
(1.5 -9.02505e-14 0)
(1.5 -6.40766e-14 0)
(1.5 -6.56133e-14 0)
(1.5 -2.43284e-14 0)
(1.5 -8.69271e-15 0)
(1.5 -7.31039e-14 0)
(1.5 -3.2858e-14 0)
(1.5 -1.84039e-16 0)
(1.5 -7.25422e-14 0)
(1.5 -5.86706e-14 0)
(1.5 -6.27736e-14 0)
(1.5 -4.05029e-14 0)
(1.5 -4.9874e-15 0)
(1.5 -6.89448e-14 0)
(1.5 -1.42162e-13 0)
(1.5 -1.25655e-13 0)
(1.5 -1.5075e-13 0)
(1.5 -1.01982e-13 0)
(1.5 -6.70241e-14 0)
(1.5 -3.06645e-15 0)
(1.5 7.35168e-14 0)
(1.5 4.44045e-14 0)
(1.5 5.06318e-14 0)
(1.5 5.58641e-14 0)
(1.5 1.64106e-14 0)
(1.5 -4.31747e-14 0)
(1.5 -3.22041e-14 0)
(1.5 -3.97703e-14 0)
(1.5 -1.44882e-13 0)
(1.5 -1.65679e-13 0)
(1.5 -1.31241e-13 0)
(1.5 -1.6654e-13 0)
(1.5 -1.39967e-13 0)
(1.5 -3.6011e-14 0)
(1.5 -5.96295e-14 0)
(1.5 -7.16242e-14 0)
(1.5 -3.60328e-14 0)
(1.5 -1.66467e-14 0)
(1.5 -1.5702e-13 0)
(1.5 -2.83179e-13 0)
(1.5 -3.27402e-13 0)
(1.5 -3.26601e-13 0)
(1.5 -3.07703e-13 0)
(1.5 -2.4741e-13 0)
(1.5 -2.43633e-13 0)
(1.5 -2.86211e-13 0)
(1.5 -2.80101e-13 0)
(1.5 -2.98714e-13 0)
(1.5 -4.45481e-13 0)
(1.5 -4.17947e-13 0)
(1.5 -3.56893e-13 0)
(1.5 -2.85834e-13 0)
(1.5 -2.86808e-13 0)
(1.5 -2.96919e-13 0)
(1.5 -2.70858e-13 0)
(1.5 -2.37725e-13 0)
(1.5 -3.5206e-13 0)
(1.5 -4.35054e-13 0)
(1.5 -4.76082e-13 0)
(1.5 -4.7612e-13 0)
(1.5 -4.98341e-13 0)
(1.5 -5.44287e-13 0)
(1.5 -5.92253e-13 0)
(1.5 -5.81773e-13 0)
(1.5 -5.57788e-13 0)
(1.5 -5.36826e-13 0)
(1.5 -4.74434e-13 0)
(1.5 -4.01104e-13 0)
(1.5 -3.40941e-13 0)
(1.5 -2.35212e-13 0)
(1.5 -1.63804e-13 0)
(1.5 -1.30293e-13 0)
(1.5 -5.87115e-14 0)
(1.5 -2.57321e-14 0)
(1.5 -6.75686e-15 0)
(1.5 1.18904e-13 0)
(1.5 1.41006e-13 0)
(1.5 1.30112e-13 0)
(1.5 1.36073e-13 0)
(1.5 1.16444e-13 0)
(1.5 9.79815e-14 0)
(1.5 7.87946e-14 0)
(1.5 1.51405e-13 0)
(1.5 9.20079e-14 0)
(1.5 3.35074e-16 0)
(1.5 -7.69496e-14 0)
(1.5 -1.15795e-13 0)
(1.5 -1.045e-13 0)
(1.5 -1.49564e-13 0)
(1.5 -1.42519e-13 0)
(1.5 -1.00936e-13 0)
(1.5 -7.98859e-14 0)
(1.5 -3.91924e-14 0)
(1.5 -6.6808e-15 0)
(1.5 -2.31936e-14 0)
(1.5 -5.84741e-14 0)
(1.5 3.33222e-14 0)
(1.5 7.62554e-14 0)
(1.5 1.32833e-13 0)
(1.5 1.77552e-13 0)
(1.5 2.2967e-13 0)
(1.5 1.62514e-13 0)
(1.5 1.35244e-13 0)
(1.5 -1.06866e-14 0)
(1.5 -9.70264e-14 0)
(1.5 -9.46405e-14 0)
(1.5 -3.10397e-14 0)
(1.5 3.78895e-14 0)
(1.5 1.77099e-13 0)
(1.5 2.85842e-13 0)
(1.5 2.31034e-13 0)
(1.5 1.6495e-13 0)
(1.5 2.08348e-13 0)
(1.5 5.23872e-13 0)
(1.5 5.8461e-13 0)
(1.5 7.20569e-13 0)
(1.5 7.94001e-13 0)
(1.5 7.66437e-13 0)
(1.5 7.55641e-13 0)
(1.5 6.52744e-13 0)
(1.5 5.27743e-13 0)
(1.5 5.2401e-13 0)
(1.5 6.66657e-13 0)
(1.5 8.45171e-13 0)
(1.5 1.05969e-12 0)
(1.5 1.17077e-12 0)
(1.5 1.13952e-12 0)
(1.5 1.09965e-12 0)
(1.5 1.02441e-12 0)
(1.5 9.67673e-13 0)
(1.5 8.59142e-13 0)
(1.5 7.23365e-13 0)
(1.5 6.01322e-13 0)
(1.5 3.63818e-13 0)
(1.5 3.08231e-13 0)
(1.5 2.66098e-13 0)
(1.5 2.71778e-13 0)
(1.5 2.33508e-13 0)
(1.5 1.01004e-13 0)
(1.5 1.48981e-13 0)
(1.5 2.70745e-13 0)
(1.5 3.68525e-13 0)
(1.5 4.85192e-13 0)
(1.5 4.33547e-13 0)
(1.5 3.89697e-13 0)
(1.5 4.00994e-13 0)
(1.5 3.15568e-13 0)
(1.5 2.10461e-13 0)
(1.5 -4.56014e-14 0)
(1.5 -1.65713e-13 0)
(1.5 -3.10725e-13 0)
(1.5 -3.77889e-13 0)
(1.5 -3.32157e-13 0)
(1.5 -3.45093e-13 0)
(1.5 -2.25394e-13 0)
(1.5 -9.10453e-14 0)
(1.5 -2.72078e-14 0)
(1.5 -2.53564e-14 0)
(1.5 -1.10921e-13 0)
(1.5 -4.44799e-14 0)
(1.5 -1.80889e-16 0)
(1.5 1.42909e-13 0)
(1.5 2.86982e-13 0)
(1.5 3.00283e-13 0)
(1.5 4.24273e-13 0)
(1.5 4.65531e-13 0)
(1.5 -4.42282e-14 0)
(1.5 -1.19706e-13 0)
(1.5 -7.18968e-14 0)
(1.5 -1.03598e-14 0)
(1.5 9.77701e-14 0)
(1.5 1.37207e-13 0)
(1.5 3.36858e-14 0)
(1.5 -4.57322e-14 0)
(1.5 2.61397e-14 0)
(1.5 5.19579e-14 0)
(1.5 4.86798e-14 0)
(1.5 -2.66924e-15 0)
(1.5 -1.48395e-14 0)
(1.5 -2.68029e-14 0)
(1.5 -6.38764e-14 0)
(1.5 -1.09952e-13 0)
(1.5 -2.21364e-13 0)
(1.5 -2.76594e-13 0)
(1.5 -3.58746e-13 0)
(1.5 -2.97135e-13 0)
(1.5 -2.28483e-13 0)
(1.5 -1.99896e-13 0)
(1.5 -1.04045e-13 0)
(1.5 -1.54297e-13 0)
(1.5 -1.78923e-13 0)
(1.5 -1.45832e-13 0)
(1.5 -8.74526e-14 0)
(1.5 -1.41754e-14 0)
(1.5 -9.33008e-15 0)
(1.5 -5.06817e-14 0)
(1.5 -3.89511e-14 0)
(1.5 -1.32166e-14 0)
(1.5 6.08831e-15 0)
(1.5 8.20727e-14 0)
(1.5 3.30356e-14 0)
(1.5 -5.48427e-15 0)
(1.5 3.28616e-15 0)
(1.5 -1.10171e-15 0)
(1.5 1.51964e-14 0)
(1.5 -3.21751e-14 0)
(1.5 -3.02291e-14 0)
(1.5 1.08363e-14 0)
(1.5 8.49341e-15 0)
(1.5 -7.79444e-14 0)
(1.5 -9.10618e-14 0)
(1.5 -3.56664e-14 0)
(1.5 -9.17609e-15 0)
(1.5 -7.17232e-14 0)
(1.5 -1.33359e-13 0)
(1.5 -9.18424e-14 0)
(1.5 -9.28247e-14 0)
(1.5 -7.01891e-14 0)
(1.5 -9.83954e-15 0)
(1.5 1.82041e-14 0)
(1.5 4.41172e-14 0)
(1.5 7.61206e-15 0)
(1.5 -3.18292e-14 0)
(1.5 -4.05323e-14 0)
(1.5 -7.67428e-14 0)
(1.5 -8.45202e-14 0)
(1.5 -8.12204e-14 0)
(1.5 -4.84799e-14 0)
(1.5 -5.80442e-14 0)
(1.5 -4.38219e-14 0)
(1.5 -4.50931e-14 0)
(1.5 -1.05833e-13 0)
(1.5 -1.15214e-13 0)
(1.5 -3.31571e-14 0)
(1.5 -7.9805e-15 0)
(1.5 -3.3188e-14 0)
(1.5 -3.54881e-14 0)
(1.5 -8.18649e-15 0)
(1.5 -3.84448e-14 0)
(1.5 -1.95129e-13 0)
(1.5 -2.78699e-13 0)
(1.5 -2.82939e-13 0)
(1.5 -2.3185e-13 0)
(1.5 -1.50518e-13 0)
(1.5 -1.70099e-13 0)
(1.5 -2.72529e-13 0)
(1.5 -3.4284e-13 0)
(1.5 -3.85023e-13 0)
(1.5 -3.50903e-13 0)
(1.5 -2.03426e-13 0)
(1.5 -1.57306e-13 0)
(1.5 -1.75074e-13 0)
(1.5 -2.37351e-13 0)
(1.5 -3.38769e-13 0)
(1.5 -2.90857e-13 0)
(1.5 -1.94802e-13 0)
(1.5 -1.19496e-13 0)
(1.5 -2.05009e-13 0)
(1.5 -2.76025e-13 0)
(1.5 -3.26315e-13 0)
(1.5 -4.28581e-13 0)
(1.5 -4.64708e-13 0)
(1.5 -4.80712e-13 0)
(1.5 -5.44931e-13 0)
(1.5 -5.60083e-13 0)
(1.5 -5.98385e-13 0)
(1.5 -4.08795e-13 0)
(1.5 -2.91145e-13 0)
(1.5 -2.13269e-13 0)
(1.5 -1.63189e-13 0)
(1.5 -1.11265e-13 0)
(1.5 -9.24508e-14 0)
(1.5 -4.14865e-14 0)
(1.5 1.20251e-13 0)
(1.5 1.96478e-13 0)
(1.5 2.13009e-13 0)
(1.5 2.79926e-13 0)
(1.5 2.154e-13 0)
(1.5 1.50277e-13 0)
(1.5 1.39906e-13 0)
(1.5 8.69256e-14 0)
(1.5 1.16145e-15 0)
(1.5 7.11482e-14 0)
(1.5 8.44567e-14 0)
(1.5 4.51538e-14 0)
(1.5 1.02574e-13 0)
(1.5 9.63605e-14 0)
(1.5 7.37343e-15 0)
(1.5 -1.28896e-13 0)
(1.5 -1.95367e-13 0)
(1.5 -1.60425e-13 0)
(1.5 -1.4164e-14 0)
(1.5 8.074e-14 0)
(1.5 1.9718e-13 0)
(1.5 1.22962e-13 0)
(1.5 4.10248e-14 0)
(1.5 1.24965e-13 0)
(1.5 2.19781e-13 0)
(1.5 1.7092e-13 0)
(1.5 2.21374e-13 0)
(1.5 2.46987e-13 0)
(1.5 2.72628e-13 0)
(1.5 2.26276e-13 0)
(1.5 6.765e-14 0)
(1.5 6.10943e-14 0)
(1.5 -1.31465e-15 0)
(1.5 -8.67806e-15 0)
(1.5 -3.05137e-14 0)
(1.5 3.54537e-14 0)
(1.5 1.47432e-13 0)
(1.5 1.881e-13 0)
(1.5 2.35352e-13 0)
(1.5 3.26186e-13 0)
(1.5 5.0249e-13 0)
(1.5 5.30136e-13 0)
(1.5 6.13607e-13 0)
(1.5 7.29752e-13 0)
(1.5 7.81851e-13 0)
(1.5 7.39587e-13 0)
(1.5 7.18828e-13 0)
(1.5 5.68322e-13 0)
(1.5 6.25741e-13 0)
(1.5 7.41641e-13 0)
(1.5 9.29852e-13 0)
(1.5 1.02491e-12 0)
(1.5 1.10783e-12 0)
(1.5 1.09311e-12 0)
(1.5 1.07555e-12 0)
(1.5 1.08647e-12 0)
(1.5 1.05745e-12 0)
(1.5 8.65021e-13 0)
(1.5 6.11406e-13 0)
(1.5 4.5374e-13 0)
(1.5 2.62491e-13 0)
(1.5 1.50933e-13 0)
(1.5 3.09878e-14 0)
(1.5 -6.18409e-14 0)
(1.5 9.2942e-15 0)
(1.5 1.12787e-13 0)
(1.5 1.69089e-13 0)
(1.5 1.59139e-13 0)
(1.5 1.81979e-13 0)
(1.5 2.59202e-13 0)
(1.5 3.12633e-13 0)
(1.5 3.30395e-13 0)
(1.5 3.41531e-13 0)
(1.5 2.56122e-13 0)
(1.5 2.06111e-13 0)
(1.5 4.45626e-14 0)
(1.5 -1.27712e-13 0)
(1.5 -2.23343e-13 0)
(1.5 -3.09411e-13 0)
(1.5 -2.86288e-13 0)
(1.5 -3.75126e-13 0)
(1.5 -3.65682e-13 0)
(1.5 -2.61402e-13 0)
(1.5 -1.28676e-13 0)
(1.5 -8.01228e-14 0)
(1.5 -1.25669e-13 0)
(1.5 -3.37519e-14 0)
(1.5 3.05724e-14 0)
(1.5 1.17414e-13 0)
(1.5 2.63208e-13 0)
(1.5 4.6786e-13 0)
(1.5 6.30055e-13 0)
(1.5 6.1441e-13 0)
(1.5 8.97909e-15 0)
(1.5 6.96277e-14 0)
(1.5 7.01186e-14 0)
(1.5 3.77372e-14 0)
(1.5 1.07583e-13 0)
(1.5 1.53118e-13 0)
(1.5 9.19257e-14 0)
(1.5 4.02659e-14 0)
(1.5 6.90717e-14 0)
(1.5 1.48697e-13 0)
(1.5 1.33049e-13 0)
(1.5 5.11345e-14 0)
(1.5 -6.73245e-14 0)
(1.5 -1.3551e-13 0)
(1.5 -1.83249e-13 0)
(1.5 -1.82679e-13 0)
(1.5 -1.9641e-13 0)
(1.5 -2.33484e-13 0)
(1.5 -3.33316e-13 0)
(1.5 -3.42838e-13 0)
(1.5 -2.93756e-13 0)
(1.5 -2.22372e-13 0)
(1.5 -1.33867e-13 0)
(1.5 -1.59963e-13 0)
(1.5 -1.91938e-13 0)
(1.5 -2.34266e-13 0)
(1.5 -1.95676e-13 0)
(1.5 -5.44171e-14 0)
(1.5 -9.67599e-14 0)
(1.5 -1.47287e-13 0)
(1.5 -1.32079e-13 0)
(1.5 -3.48107e-14 0)
(1.5 -5.47345e-15 0)
(1.5 6.13458e-14 0)
(1.5 4.75816e-14 0)
(1.5 -4.05603e-14 0)
(1.5 7.76251e-15 0)
(1.5 -7.47984e-14 0)
(1.5 -7.99287e-14 0)
(1.5 -5.67173e-14 0)
(1.5 -7.52009e-14 0)
(1.5 -9.15012e-14 0)
(1.5 -9.04508e-14 0)
(1.5 -1.83577e-13 0)
(1.5 -1.57177e-13 0)
(1.5 -1.29843e-13 0)
(1.5 -1.6912e-13 0)
(1.5 -1.87165e-13 0)
(1.5 -2.0617e-13 0)
(1.5 -1.44617e-13 0)
(1.5 -7.75617e-14 0)
(1.5 -7.28281e-14 0)
(1.5 -1.7625e-14 0)
(1.5 6.91204e-15 0)
(1.5 -5.06209e-14 0)
(1.5 -7.83626e-14 0)
(1.5 -1.02496e-13 0)
(1.5 -1.65843e-13 0)
(1.5 -1.68334e-13 0)
(1.5 -1.69158e-13 0)
(1.5 -2.1276e-13 0)
(1.5 -1.18099e-13 0)
(1.5 -9.58398e-14 0)
(1.5 -8.57996e-14 0)
(1.5 -1.5934e-13 0)
(1.5 -1.34574e-13 0)
(1.5 -1.1598e-13 0)
(1.5 -9.90552e-14 0)
(1.5 -3.70012e-15 0)
(1.5 -1.11892e-14 0)
(1.5 7.91012e-14 0)
(1.5 5.96205e-14 0)
(1.5 7.2992e-14 0)
(1.5 -1.16251e-14 0)
(1.5 -4.8067e-14 0)
(1.5 -7.95547e-14 0)
(1.5 -6.65403e-14 0)
(1.5 -8.14466e-14 0)
(1.5 -1.47392e-13 0)
(1.5 -2.14666e-13 0)
(1.5 -2.58513e-13 0)
(1.5 -3.3561e-13 0)
(1.5 -2.07196e-13 0)
(1.5 -1.09038e-13 0)
(1.5 -8.68405e-14 0)
(1.5 -1.11971e-13 0)
(1.5 -1.75903e-13 0)
(1.5 -1.88099e-13 0)
(1.5 -1.69971e-13 0)
(1.5 -1.59477e-13 0)
(1.5 -6.35471e-14 0)
(1.5 -1.00853e-13 0)
(1.5 -2.01334e-13 0)
(1.5 -2.67103e-13 0)
(1.5 -3.50497e-13 0)
(1.5 -4.4469e-13 0)
(1.5 -4.83494e-13 0)
(1.5 -4.90846e-13 0)
(1.5 -4.8213e-13 0)
(1.5 -5.04126e-13 0)
(1.5 -3.83534e-13 0)
(1.5 -2.9438e-13 0)
(1.5 -1.39942e-13 0)
(1.5 -6.33954e-14 0)
(1.5 2.10487e-14 0)
(1.5 6.21278e-14 0)
(1.5 5.06682e-14 0)
(1.5 1.82986e-13 0)
(1.5 2.49857e-13 0)
(1.5 2.26639e-13 0)
(1.5 1.77576e-13 0)
(1.5 1.29963e-13 0)
(1.5 1.62432e-13 0)
(1.5 2.01361e-13 0)
(1.5 2.15343e-13 0)
(1.5 1.08711e-13 0)
(1.5 1.07999e-13 0)
(1.5 1.53775e-13 0)
(1.5 7.33227e-14 0)
(1.5 1.02058e-13 0)
(1.5 6.16224e-14 0)
(1.5 -3.53976e-14 0)
(1.5 -1.00625e-13 0)
(1.5 -1.25528e-13 0)
(1.5 -8.74326e-15 0)
(1.5 1.61786e-13 0)
(1.5 2.49131e-13 0)
(1.5 2.61651e-13 0)
(1.5 2.26806e-13 0)
(1.5 2.03822e-13 0)
(1.5 2.56779e-13 0)
(1.5 3.42434e-13 0)
(1.5 2.45971e-13 0)
(1.5 2.52796e-13 0)
(1.5 2.21818e-13 0)
(1.5 2.3329e-13 0)
(1.5 1.79615e-13 0)
(1.5 1.95249e-14 0)
(1.5 3.05028e-14 0)
(1.5 -6.88129e-14 0)
(1.5 -1.43128e-13 0)
(1.5 -2.27633e-13 0)
(1.5 -2.36954e-13 0)
(1.5 -1.80342e-13 0)
(1.5 2.05249e-15 0)
(1.5 2.1927e-13 0)
(1.5 4.26048e-13 0)
(1.5 4.49311e-13 0)
(1.5 5.15183e-13 0)
(1.5 5.52802e-13 0)
(1.5 6.88961e-13 0)
(1.5 7.56794e-13 0)
(1.5 7.33021e-13 0)
(1.5 7.33149e-13 0)
(1.5 6.989e-13 0)
(1.5 6.97437e-13 0)
(1.5 7.33288e-13 0)
(1.5 9.40358e-13 0)
(1.5 9.22583e-13 0)
(1.5 8.86954e-13 0)
(1.5 9.06296e-13 0)
(1.5 9.29736e-13 0)
(1.5 1.00058e-12 0)
(1.5 9.153e-13 0)
(1.5 7.41227e-13 0)
(1.5 5.18997e-13 0)
(1.5 3.43937e-13 0)
(1.5 1.93682e-13 0)
(1.5 3.3348e-14 0)
(1.5 -9.29355e-14 0)
(1.5 -2.08794e-13 0)
(1.5 -1.37355e-13 0)
(1.5 6.02419e-14 0)
(1.5 1.39413e-13 0)
(1.5 1.20612e-13 0)
(1.5 1.30777e-13 0)
(1.5 1.20562e-13 0)
(1.5 2.02899e-13 0)
(1.5 2.13149e-13 0)
(1.5 1.72548e-13 0)
(1.5 1.35546e-13 0)
(1.5 1.0482e-13 0)
(1.5 -2.85411e-14 0)
(1.5 -1.76067e-13 0)
(1.5 -1.86829e-13 0)
(1.5 -1.93305e-13 0)
(1.5 -1.73201e-13 0)
(1.5 -1.64941e-13 0)
(1.5 -2.30634e-13 0)
(1.5 -2.50454e-13 0)
(1.5 -1.30892e-13 0)
(1.5 -5.28222e-14 0)
(1.5 2.04464e-14 0)
(1.5 2.61259e-14 0)
(1.5 4.14958e-14 0)
(1.5 6.03199e-14 0)
(1.5 1.31057e-13 0)
(1.5 4.23153e-13 0)
(1.5 5.20986e-13 0)
(1.5 5.11684e-13 0)
(1.5 4.10195e-14 0)
(1.5 9.23501e-14 0)
(1.5 -5.17997e-15 0)
(1.5 -2.07782e-14 0)
(1.5 2.52337e-14 0)
(1.5 -3.70131e-14 0)
(1.5 1.27758e-14 0)
(1.5 1.49691e-14 0)
(1.5 5.81161e-14 0)
(1.5 1.04486e-13 0)
(1.5 6.20525e-14 0)
(1.5 2.38944e-15 0)
(1.5 -1.36429e-13 0)
(1.5 -1.58847e-13 0)
(1.5 -2.07389e-13 0)
(1.5 -1.90829e-13 0)
(1.5 -1.20153e-13 0)
(1.5 -1.81856e-13 0)
(1.5 -2.00175e-13 0)
(1.5 -2.77574e-13 0)
(1.5 -2.57799e-13 0)
(1.5 -2.35482e-13 0)
(1.5 -2.77469e-13 0)
(1.5 -2.47627e-13 0)
(1.5 -2.80023e-13 0)
(1.5 -2.67895e-13 0)
(1.5 -2.63133e-13 0)
(1.5 -2.47996e-13 0)
(1.5 -2.53938e-13 0)
(1.5 -2.35206e-13 0)
(1.5 -2.07917e-13 0)
(1.5 -1.40488e-13 0)
(1.5 -1.51509e-13 0)
(1.5 -1.15217e-13 0)
(1.5 -1.69246e-14 0)
(1.5 -6.35598e-14 0)
(1.5 -7.64227e-14 0)
(1.5 -1.02611e-13 0)
(1.5 -1.05338e-13 0)
(1.5 -6.04699e-14 0)
(1.5 -8.10652e-14 0)
(1.5 -1.69905e-13 0)
(1.5 -1.89016e-13 0)
(1.5 -2.26234e-13 0)
(1.5 -1.99219e-13 0)
(1.5 -2.11833e-13 0)
(1.5 -2.51664e-13 0)
(1.5 -2.3512e-13 0)
(1.5 -2.11141e-13 0)
(1.5 -2.44406e-13 0)
(1.5 -1.59598e-13 0)
(1.5 -1.21685e-13 0)
(1.5 -2.50207e-14 0)
(1.5 -1.05499e-14 0)
(1.5 -7.11018e-14 0)
(1.5 -1.12837e-13 0)
(1.5 -1.64919e-13 0)
(1.5 -2.08405e-13 0)
(1.5 -2.32167e-13 0)
(1.5 -2.1758e-13 0)
(1.5 -2.22648e-13 0)
(1.5 -2.02675e-13 0)
(1.5 -1.94259e-13 0)
(1.5 -1.74355e-13 0)
(1.5 -1.99786e-13 0)
(1.5 -1.39039e-13 0)
(1.5 -8.11928e-14 0)
(1.5 -9.92756e-14 0)
(1.5 -6.79926e-14 0)
(1.5 2.27515e-14 0)
(1.5 1.55168e-13 0)
(1.5 1.76531e-13 0)
(1.5 1.47515e-13 0)
(1.5 9.11293e-14 0)
(1.5 2.10507e-14 0)
(1.5 -2.17672e-15 0)
(1.5 3.30663e-14 0)
(1.5 -1.21699e-13 0)
(1.5 -2.05043e-13 0)
(1.5 -1.87269e-13 0)
(1.5 -1.16253e-13 0)
(1.5 -1.15817e-13 0)
(1.5 -3.54324e-14 0)
(1.5 -4.03729e-14 0)
(1.5 -3.63549e-14 0)
(1.5 -3.24966e-14 0)
(1.5 -6.71017e-14 0)
(1.5 -3.91814e-14 0)
(1.5 -7.37401e-14 0)
(1.5 -1.5156e-13 0)
(1.5 -2.49387e-13 0)
(1.5 -3.45754e-13 0)
(1.5 -4.59906e-13 0)
(1.5 -4.95594e-13 0)
(1.5 -5.59729e-13 0)
(1.5 -7.30977e-13 0)
(1.5 -7.50128e-13 0)
(1.5 -6.48057e-13 0)
(1.5 -5.47663e-13 0)
(1.5 -4.15292e-13 0)
(1.5 -3.72221e-13 0)
(1.5 -2.7829e-13 0)
(1.5 -1.86946e-13 0)
(1.5 -9.38227e-14 0)
(1.5 6.68236e-14 0)
(1.5 2.18152e-13 0)
(1.5 2.30349e-13 0)
(1.5 1.47787e-13 0)
(1.5 1.50584e-13 0)
(1.5 1.36885e-13 0)
(1.5 8.80442e-14 0)
(1.5 1.46388e-13 0)
(1.5 1.70195e-13 0)
(1.5 1.65134e-13 0)
(1.5 2.05042e-13 0)
(1.5 1.92193e-13 0)
(1.5 1.89067e-13 0)
(1.5 2.02423e-13 0)
(1.5 1.46283e-13 0)
(1.5 1.2545e-13 0)
(1.5 4.03791e-14 0)
(1.5 -5.28738e-14 0)
(1.5 -7.18743e-14 0)
(1.5 -3.48932e-14 0)
(1.5 7.60214e-14 0)
(1.5 1.59933e-13 0)
(1.5 1.77369e-13 0)
(1.5 8.74435e-14 0)
(1.5 1.66942e-13 0)
(1.5 2.45962e-13 0)
(1.5 2.83135e-13 0)
(1.5 2.77366e-13 0)
(1.5 3.08094e-13 0)
(1.5 3.68065e-13 0)
(1.5 2.68662e-13 0)
(1.5 2.21662e-13 0)
(1.5 1.74977e-13 0)
(1.5 1.1123e-13 0)
(1.5 1.06453e-13 0)
(1.5 6.33686e-14 0)
(1.5 -4.62527e-14 0)
(1.5 -1.92194e-13 0)
(1.5 -3.37032e-13 0)
(1.5 -2.97831e-13 0)
(1.5 -1.13084e-13 0)
(1.5 1.25417e-13 0)
(1.5 3.4852e-13 0)
(1.5 3.74377e-13 0)
(1.5 5.19224e-13 0)
(1.5 5.46896e-13 0)
(1.5 5.96967e-13 0)
(1.5 6.8379e-13 0)
(1.5 7.54472e-13 0)
(1.5 7.61749e-13 0)
(1.5 8.19784e-13 0)
(1.5 7.97053e-13 0)
(1.5 8.2626e-13 0)
(1.5 9.69407e-13 0)
(1.5 9.04195e-13 0)
(1.5 8.25647e-13 0)
(1.5 8.21563e-13 0)
(1.5 8.72583e-13 0)
(1.5 9.53594e-13 0)
(1.5 7.90364e-13 0)
(1.5 6.33681e-13 0)
(1.5 4.55763e-13 0)
(1.5 2.53973e-13 0)
(1.5 8.74818e-14 0)
(1.5 1.53245e-14 0)
(1.5 -6.77983e-14 0)
(1.5 -1.44892e-13 0)
(1.5 -9.99949e-14 0)
(1.5 -3.70051e-14 0)
(1.5 -4.06347e-14 0)
(1.5 2.836e-14 0)
(1.5 9.785e-14 0)
(1.5 5.35338e-14 0)
(1.5 5.38529e-14 0)
(1.5 5.70943e-14 0)
(1.5 -9.09982e-15 0)
(1.5 -6.90139e-14 0)
(1.5 -9.9116e-14 0)
(1.5 -1.11311e-13 0)
(1.5 -1.69139e-13 0)
(1.5 -9.70398e-14 0)
(1.5 -1.1649e-15 0)
(1.5 -2.70185e-14 0)
(1.5 -3.47114e-14 0)
(1.5 -6.31975e-14 0)
(1.5 -1.46019e-14 0)
(1.5 8.19307e-14 0)
(1.5 1.8889e-13 0)
(1.5 1.8654e-13 0)
(1.5 1.3204e-13 0)
(1.5 1.72253e-13 0)
(1.5 2.90616e-13 0)
(1.5 3.42303e-13 0)
(1.5 3.94416e-13 0)
(1.5 4.45938e-13 0)
(1.5 5.00718e-13 0)
(1.5 3.2305e-14 0)
(1.5 1.16367e-13 0)
(1.5 3.08403e-14 0)
(1.5 -1.13692e-14 0)
(1.5 -2.56816e-14 0)
(1.5 -7.89322e-14 0)
(1.5 -8.11313e-14 0)
(1.5 -7.65289e-14 0)
(1.5 -1.50234e-14 0)
(1.5 2.20862e-15 0)
(1.5 -4.50317e-14 0)
(1.5 -1.02323e-14 0)
(1.5 -1.30282e-13 0)
(1.5 -1.9109e-13 0)
(1.5 -1.5706e-13 0)
(1.5 -8.3434e-14 0)
(1.5 8.50229e-15 0)
(1.5 -1.22795e-13 0)
(1.5 -1.49675e-13 0)
(1.5 -2.04002e-13 0)
(1.5 -2.40041e-13 0)
(1.5 -2.02044e-13 0)
(1.5 -3.16768e-13 0)
(1.5 -2.45456e-13 0)
(1.5 -2.87382e-13 0)
(1.5 -2.36073e-13 0)
(1.5 -2.15774e-13 0)
(1.5 -2.86042e-13 0)
(1.5 -2.24314e-13 0)
(1.5 -1.49962e-13 0)
(1.5 -1.24582e-13 0)
(1.5 -1.22295e-13 0)
(1.5 -1.52063e-13 0)
(1.5 -9.04922e-14 0)
(1.5 2.20347e-14 0)
(1.5 1.33141e-14 0)
(1.5 -8.4121e-14 0)
(1.5 -1.07147e-13 0)
(1.5 -4.5177e-14 0)
(1.5 6.19731e-15 0)
(1.5 -1.08065e-13 0)
(1.5 -1.85407e-13 0)
(1.5 -2.03446e-13 0)
(1.5 -1.82048e-13 0)
(1.5 -1.61702e-13 0)
(1.5 -1.68711e-13 0)
(1.5 -1.40158e-13 0)
(1.5 -1.14226e-13 0)
(1.5 -8.43107e-14 0)
(1.5 -1.88527e-13 0)
(1.5 -1.79294e-13 0)
(1.5 -8.41814e-14 0)
(1.5 7.17256e-15 0)
(1.5 3.37636e-14 0)
(1.5 -2.20262e-14 0)
(1.5 -6.34315e-14 0)
(1.5 -1.22067e-13 0)
(1.5 -1.47336e-13 0)
(1.5 -1.801e-13 0)
(1.5 -1.36595e-13 0)
(1.5 -1.22992e-13 0)
(1.5 -1.24266e-13 0)
(1.5 -1.41031e-13 0)
(1.5 -1.10215e-13 0)
(1.5 -1.16435e-13 0)
(1.5 -1.05253e-13 0)
(1.5 -1.02826e-14 0)
(1.5 -2.0678e-14 0)
(1.5 -1.24509e-14 0)
(1.5 6.32672e-14 0)
(1.5 1.23477e-13 0)
(1.5 2.19528e-13 0)
(1.5 1.25166e-13 0)
(1.5 8.48608e-14 0)
(1.5 1.47661e-14 0)
(1.5 -1.45932e-14 0)
(1.5 -3.54158e-14 0)
(1.5 -2.11295e-13 0)
(1.5 -2.08067e-13 0)
(1.5 -1.32787e-13 0)
(1.5 -7.75687e-14 0)
(1.5 -3.97539e-14 0)
(1.5 -8.01422e-14 0)
(1.5 -9.89434e-14 0)
(1.5 -4.6722e-14 0)
(1.5 2.00517e-14 0)
(1.5 2.62483e-14 0)
(1.5 2.49968e-14 0)
(1.5 -4.30413e-14 0)
(1.5 -1.66008e-13 0)
(1.5 -3.74614e-13 0)
(1.5 -4.55526e-13 0)
(1.5 -5.37732e-13 0)
(1.5 -5.76556e-13 0)
(1.5 -6.63758e-13 0)
(1.5 -8.21602e-13 0)
(1.5 -8.16511e-13 0)
(1.5 -7.33493e-13 0)
(1.5 -5.93578e-13 0)
(1.5 -4.53674e-13 0)
(1.5 -3.65597e-13 0)
(1.5 -2.06805e-13 0)
(1.5 -1.4845e-13 0)
(1.5 -9.41594e-14 0)
(1.5 5.8601e-14 0)
(1.5 2.45844e-13 0)
(1.5 2.67597e-13 0)
(1.5 1.68491e-13 0)
(1.5 1.54004e-13 0)
(1.5 8.55375e-14 0)
(1.5 6.41651e-14 0)
(1.5 9.35225e-14 0)
(1.5 1.16179e-13 0)
(1.5 1.63743e-13 0)
(1.5 1.98349e-13 0)
(1.5 2.43304e-13 0)
(1.5 2.32858e-13 0)
(1.5 1.98503e-13 0)
(1.5 2.5978e-13 0)
(1.5 2.65915e-13 0)
(1.5 1.58785e-13 0)
(1.5 8.77008e-14 0)
(1.5 3.74778e-14 0)
(1.5 2.50507e-14 0)
(1.5 4.87469e-14 0)
(1.5 3.76905e-14 0)
(1.5 4.80358e-14 0)
(1.5 -2.19198e-14 0)
(1.5 6.52448e-14 0)
(1.5 1.67028e-13 0)
(1.5 2.83103e-13 0)
(1.5 2.99041e-13 0)
(1.5 3.98225e-13 0)
(1.5 4.69991e-13 0)
(1.5 3.61794e-13 0)
(1.5 2.68003e-13 0)
(1.5 2.0696e-13 0)
(1.5 2.41866e-13 0)
(1.5 2.33416e-13 0)
(1.5 1.98282e-13 0)
(1.5 1.53718e-13 0)
(1.5 9.73695e-14 0)
(1.5 -1.32326e-13 0)
(1.5 -1.64092e-13 0)
(1.5 -7.58598e-15 0)
(1.5 1.49754e-13 0)
(1.5 3.17393e-13 0)
(1.5 4.23179e-13 0)
(1.5 5.88031e-13 0)
(1.5 6.34485e-13 0)
(1.5 6.75952e-13 0)
(1.5 8.03258e-13 0)
(1.5 8.75743e-13 0)
(1.5 9.09189e-13 0)
(1.5 9.45122e-13 0)
(1.5 8.93075e-13 0)
(1.5 9.19483e-13 0)
(1.5 9.09279e-13 0)
(1.5 8.75708e-13 0)
(1.5 8.63912e-13 0)
(1.5 7.8841e-13 0)
(1.5 7.68278e-13 0)
(1.5 6.8011e-13 0)
(1.5 5.86324e-13 0)
(1.5 4.91881e-13 0)
(1.5 4.04767e-13 0)
(1.5 1.82062e-13 0)
(1.5 -1.93505e-14 0)
(1.5 -8.85859e-14 0)
(1.5 -1.2991e-13 0)
(1.5 -1.65521e-13 0)
(1.5 -1.63218e-13 0)
(1.5 -1.74546e-13 0)
(1.5 -1.52518e-13 0)
(1.5 -6.56269e-14 0)
(1.5 5.8616e-14 0)
(1.5 3.71439e-14 0)
(1.5 8.73492e-15 0)
(1.5 -4.36281e-14 0)
(1.5 -1.60692e-13 0)
(1.5 -2.74564e-13 0)
(1.5 -2.52318e-13 0)
(1.5 -1.3005e-13 0)
(1.5 -1.06507e-13 0)
(1.5 5.95121e-15 0)
(1.5 1.13985e-13 0)
(1.5 7.31183e-14 0)
(1.5 9.33207e-15 0)
(1.5 1.13067e-13 0)
(1.5 2.0957e-13 0)
(1.5 1.66365e-13 0)
(1.5 2.11888e-13 0)
(1.5 1.76661e-13 0)
(1.5 1.31776e-13 0)
(1.5 2.49679e-13 0)
(1.5 3.80634e-13 0)
(1.5 4.73079e-13 0)
(1.5 4.00556e-13 0)
(1.5 4.37053e-13 0)
(1.5 5.04098e-13 0)
(1.5 2.22855e-14 0)
(1.5 1.4837e-13 0)
(1.5 1.4409e-13 0)
(1.5 9.94671e-14 0)
(1.5 2.62184e-14 0)
(1.5 4.82366e-14 0)
(1.5 -4.72395e-15 0)
(1.5 -7.48663e-14 0)
(1.5 -1.18058e-13 0)
(1.5 -1.4777e-13 0)
(1.5 -1.23157e-13 0)
(1.5 -9.14663e-14 0)
(1.5 -9.35936e-14 0)
(1.5 -1.37514e-13 0)
(1.5 -5.33108e-14 0)
(1.5 1.4208e-14 0)
(1.5 1.37001e-14 0)
(1.5 -4.56377e-14 0)
(1.5 -1.45695e-13 0)
(1.5 -1.47833e-13 0)
(1.5 -1.66167e-13 0)
(1.5 -1.82784e-13 0)
(1.5 -2.12169e-13 0)
(1.5 -1.63501e-13 0)
(1.5 -2.14825e-13 0)
(1.5 -2.91974e-13 0)
(1.5 -3.2096e-13 0)
(1.5 -3.28304e-13 0)
(1.5 -2.58782e-13 0)
(1.5 -1.27233e-13 0)
(1.5 -7.161e-14 0)
(1.5 -1.14751e-13 0)
(1.5 -5.33977e-14 0)
(1.5 -4.21772e-14 0)
(1.5 6.7819e-15 0)
(1.5 -1.02955e-14 0)
(1.5 -5.58603e-14 0)
(1.5 -9.96933e-14 0)
(1.5 -4.94616e-14 0)
(1.5 2.34226e-14 0)
(1.5 -1.01921e-13 0)
(1.5 -1.78505e-13 0)
(1.5 -2.40743e-13 0)
(1.5 -2.22317e-13 0)
(1.5 -1.99977e-13 0)
(1.5 -1.67265e-13 0)
(1.5 -1.31299e-13 0)
(1.5 -1.33718e-13 0)
(1.5 -1.33166e-13 0)
(1.5 -1.31091e-13 0)
(1.5 -1.2962e-13 0)
(1.5 -9.19683e-14 0)
(1.5 -7.96913e-14 0)
(1.5 -6.85894e-14 0)
(1.5 -9.81588e-14 0)
(1.5 -9.64872e-14 0)
(1.5 -7.44072e-14 0)
(1.5 -6.61189e-14 0)
(1.5 -8.62318e-14 0)
(1.5 -8.82679e-14 0)
(1.5 -6.97699e-14 0)
(1.5 -5.67074e-14 0)
(1.5 -1.17532e-13 0)
(1.5 -1.44537e-13 0)
(1.5 -9.31884e-14 0)
(1.5 -8.02169e-14 0)
(1.5 -3.76595e-14 0)
(1.5 -3.7278e-14 0)
(1.5 5.41271e-14 0)
(1.5 1.22883e-13 0)
(1.5 9.66707e-14 0)
(1.5 1.31903e-13 0)
(1.5 9.68218e-14 0)
(1.5 1.03031e-13 0)
(1.5 7.65077e-14 0)
(1.5 -4.03689e-14 0)
(1.5 -8.98969e-14 0)
(1.5 -1.72923e-13 0)
(1.5 -1.76102e-13 0)
(1.5 -1.08478e-13 0)
(1.5 -1.21993e-13 0)
(1.5 -6.85244e-14 0)
(1.5 -9.34202e-14 0)
(1.5 -1.41354e-13 0)
(1.5 -9.96508e-14 0)
(1.5 1.05079e-14 0)
(1.5 4.16975e-14 0)
(1.5 7.58101e-14 0)
(1.5 -4.63059e-15 0)
(1.5 -1.83084e-13 0)
(1.5 -3.06777e-13 0)
(1.5 -2.9193e-13 0)
(1.5 -3.53569e-13 0)
(1.5 -4.76432e-13 0)
(1.5 -5.45128e-13 0)
(1.5 -6.14076e-13 0)
(1.5 -5.77124e-13 0)
(1.5 -5.37302e-13 0)
(1.5 -4.67383e-13 0)
(1.5 -3.85647e-13 0)
(1.5 -2.70978e-13 0)
(1.5 -1.91983e-13 0)
(1.5 -9.48001e-14 0)
(1.5 -7.1499e-14 0)
(1.5 2.01162e-14 0)
(1.5 1.0201e-13 0)
(1.5 1.96126e-13 0)
(1.5 2.02177e-13 0)
(1.5 1.89484e-13 0)
(1.5 1.23984e-13 0)
(1.5 1.48302e-13 0)
(1.5 1.29657e-13 0)
(1.5 1.39815e-13 0)
(1.5 1.56458e-13 0)
(1.5 1.51617e-13 0)
(1.5 1.87697e-13 0)
(1.5 1.09963e-13 0)
(1.5 1.18823e-13 0)
(1.5 2.59126e-13 0)
(1.5 2.29768e-13 0)
(1.5 1.54193e-13 0)
(1.5 8.82341e-14 0)
(1.5 1.08775e-13 0)
(1.5 1.4874e-14 0)
(1.5 -1.06022e-14 0)
(1.5 -1.50024e-15 0)
(1.5 3.54425e-14 0)
(1.5 1.04673e-13 0)
(1.5 2.32803e-13 0)
(1.5 3.76654e-13 0)
(1.5 5.01552e-13 0)
(1.5 5.33746e-13 0)
(1.5 5.66232e-13 0)
(1.5 4.90461e-13 0)
(1.5 4.01177e-13 0)
(1.5 2.37476e-13 0)
(1.5 1.66244e-13 0)
(1.5 2.00971e-13 0)
(1.5 1.52551e-13 0)
(1.5 1.9916e-13 0)
(1.5 2.12669e-13 0)
(1.5 1.66212e-13 0)
(1.5 7.15032e-14 0)
(1.5 -5.63141e-14 0)
(1.5 -7.96041e-15 0)
(1.5 6.96e-14 0)
(1.5 2.86879e-13 0)
(1.5 4.69158e-13 0)
(1.5 6.11584e-13 0)
(1.5 7.35575e-13 0)
(1.5 7.84071e-13 0)
(1.5 8.28836e-13 0)
(1.5 9.09516e-13 0)
(1.5 9.67194e-13 0)
(1.5 1.06701e-12 0)
(1.5 9.77947e-13 0)
(1.5 9.15101e-13 0)
(1.5 7.36925e-13 0)
(1.5 6.91713e-13 0)
(1.5 7.19445e-13 0)
(1.5 6.54138e-13 0)
(1.5 5.82989e-13 0)
(1.5 3.73637e-13 0)
(1.5 2.7433e-13 0)
(1.5 2.43751e-13 0)
(1.5 1.97537e-13 0)
(1.5 6.18298e-14 0)
(1.5 -2.38576e-14 0)
(1.5 -9.44575e-14 0)
(1.5 -1.45507e-13 0)
(1.5 -1.69022e-13 0)
(1.5 -3.16517e-13 0)
(1.5 -3.43308e-13 0)
(1.5 -3.13462e-13 0)
(1.5 -2.47461e-13 0)
(1.5 -1.4784e-13 0)
(1.5 -8.22214e-14 0)
(1.5 -1.05729e-13 0)
(1.5 -2.28799e-13 0)
(1.5 -3.31677e-13 0)
(1.5 -4.30378e-13 0)
(1.5 -4.36056e-13 0)
(1.5 -3.14968e-13 0)
(1.5 -1.85903e-13 0)
(1.5 -2.35666e-14 0)
(1.5 4.05183e-14 0)
(1.5 5.22012e-14 0)
(1.5 1.10743e-14 0)
(1.5 1.52607e-13 0)
(1.5 2.21838e-13 0)
(1.5 1.06279e-13 0)
(1.5 8.6292e-14 0)
(1.5 9.0363e-14 0)
(1.5 1.25072e-13 0)
(1.5 2.43712e-13 0)
(1.5 2.85813e-13 0)
(1.5 3.55928e-13 0)
(1.5 3.76074e-13 0)
(1.5 3.26401e-13 0)
(1.5 3.45793e-13 0)
(1.5 3.38506e-15 0)
(1.5 9.94029e-14 0)
(1.5 1.45061e-13 0)
(1.5 9.85959e-14 0)
(1.5 9.17441e-14 0)
(1.5 1.71844e-13 0)
(1.5 1.58198e-13 0)
(1.5 4.79916e-14 0)
(1.5 -1.1126e-14 0)
(1.5 -7.81535e-14 0)
(1.5 -1.10394e-13 0)
(1.5 -1.87748e-13 0)
(1.5 -1.05687e-13 0)
(1.5 -4.08265e-14 0)
(1.5 5.1748e-14 0)
(1.5 9.91234e-14 0)
(1.5 1.78937e-14 0)
(1.5 4.86606e-14 0)
(1.5 -2.52142e-14 0)
(1.5 -5.39487e-14 0)
(1.5 -7.14346e-14 0)
(1.5 -1.46122e-13 0)
(1.5 -4.67401e-14 0)
(1.5 -9.38053e-14 0)
(1.5 -1.7246e-13 0)
(1.5 -3.19798e-13 0)
(1.5 -3.85925e-13 0)
(1.5 -3.17757e-13 0)
(1.5 -3.32726e-13 0)
(1.5 -2.17274e-13 0)
(1.5 -1.52973e-13 0)
(1.5 -1.94408e-13 0)
(1.5 -1.00675e-13 0)
(1.5 -1.12841e-13 0)
(1.5 -1.22781e-13 0)
(1.5 -1.66632e-13 0)
(1.5 -1.25972e-13 0)
(1.5 -7.00347e-14 0)
(1.5 -1.0414e-13 0)
(1.5 -3.02775e-14 0)
(1.5 -4.27585e-14 0)
(1.5 -1.28785e-13 0)
(1.5 -1.96962e-13 0)
(1.5 -1.85349e-13 0)
(1.5 -1.90493e-13 0)
(1.5 -1.54071e-13 0)
(1.5 -1.67758e-13 0)
(1.5 -1.72405e-13 0)
(1.5 -1.9386e-13 0)
(1.5 -1.19754e-13 0)
(1.5 -6.23263e-14 0)
(1.5 -6.07368e-14 0)
(1.5 -1.13362e-13 0)
(1.5 -1.75405e-13 0)
(1.5 -1.42463e-13 0)
(1.5 -1.48237e-13 0)
(1.5 -1.17677e-13 0)
(1.5 -7.11322e-14 0)
(1.5 -5.27641e-14 0)
(1.5 -5.37382e-14 0)
(1.5 -3.85532e-14 0)
(1.5 -1.41972e-13 0)
(1.5 -1.74086e-13 0)
(1.5 -2.02073e-13 0)
(1.5 -1.33137e-13 0)
(1.5 -4.23403e-14 0)
(1.5 -6.57609e-15 0)
(1.5 1.37375e-14 0)
(1.5 9.27603e-14 0)
(1.5 1.05385e-13 0)
(1.5 1.06084e-15 0)
(1.5 -1.32795e-14 0)
(1.5 1.21941e-13 0)
(1.5 1.25533e-13 0)
(1.5 6.67077e-14 0)
(1.5 -9.01113e-14 0)
(1.5 -1.31658e-13 0)
(1.5 -3.18376e-14 0)
(1.5 -7.92196e-14 0)
(1.5 -1.24865e-13 0)
(1.5 -2.33393e-13 0)
(1.5 -2.19757e-13 0)
(1.5 -6.81435e-14 0)
(1.5 -4.32824e-14 0)
(1.5 -9.08526e-14 0)
(1.5 -5.76476e-14 0)
(1.5 -1.05643e-13 0)
(1.5 -1.43677e-14 0)
(1.5 -2.19643e-14 0)
(1.5 -1.2134e-13 0)
(1.5 -1.31632e-13 0)
(1.5 -1.47819e-13 0)
(1.5 -2.19646e-13 0)
(1.5 -3.51774e-13 0)
(1.5 -3.64433e-13 0)
(1.5 -3.42716e-13 0)
(1.5 -2.83744e-13 0)
(1.5 -2.48281e-13 0)
(1.5 -2.81139e-13 0)
(1.5 -2.35671e-13 0)
(1.5 -1.36058e-13 0)
(1.5 -1.33314e-13 0)
(1.5 -7.96644e-14 0)
(1.5 -1.08766e-14 0)
(1.5 7.89231e-15 0)
(1.5 4.04049e-14 0)
(1.5 1.67739e-13 0)
(1.5 2.12143e-13 0)
(1.5 1.98863e-13 0)
(1.5 1.81176e-13 0)
(1.5 2.62594e-13 0)
(1.5 2.62142e-13 0)
(1.5 2.23696e-13 0)
(1.5 1.83212e-13 0)
(1.5 1.27823e-13 0)
(1.5 1.06303e-13 0)
(1.5 8.6524e-14 0)
(1.5 1.59689e-13 0)
(1.5 2.47698e-13 0)
(1.5 2.08059e-13 0)
(1.5 2.01204e-13 0)
(1.5 1.36948e-13 0)
(1.5 6.72079e-14 0)
(1.5 -3.77677e-14 0)
(1.5 -6.41868e-14 0)
(1.5 4.52272e-14 0)
(1.5 1.28152e-13 0)
(1.5 2.3585e-13 0)
(1.5 3.7443e-13 0)
(1.5 5.1742e-13 0)
(1.5 6.02589e-13 0)
(1.5 6.4027e-13 0)
(1.5 7.09485e-13 0)
(1.5 5.23722e-13 0)
(1.5 4.66817e-13 0)
(1.5 3.06523e-13 0)
(1.5 1.60576e-13 0)
(1.5 2.00043e-13 0)
(1.5 1.44706e-13 0)
(1.5 1.5074e-13 0)
(1.5 1.53988e-13 0)
(1.5 4.60532e-14 0)
(1.5 1.0528e-13 0)
(1.5 1.66194e-14 0)
(1.5 -9.37033e-14 0)
(1.5 -3.01634e-14 0)
(1.5 9.67534e-14 0)
(1.5 3.4521e-13 0)
(1.5 4.99861e-13 0)
(1.5 6.90598e-13 0)
(1.5 7.13907e-13 0)
(1.5 6.54119e-13 0)
(1.5 7.91724e-13 0)
(1.5 9.19402e-13 0)
(1.5 9.40381e-13 0)
(1.5 8.67688e-13 0)
(1.5 7.70405e-13 0)
(1.5 5.55926e-13 0)
(1.5 4.60542e-13 0)
(1.5 3.71819e-13 0)
(1.5 3.41528e-13 0)
(1.5 2.78262e-13 0)
(1.5 1.85732e-13 0)
(1.5 5.60643e-14 0)
(1.5 3.06769e-14 0)
(1.5 -3.0994e-15 0)
(1.5 -1.88518e-14 0)
(1.5 -6.29126e-14 0)
(1.5 -1.63884e-13 0)
(1.5 -2.65236e-13 0)
(1.5 -3.21445e-13 0)
(1.5 -4.345e-13 0)
(1.5 -4.83476e-13 0)
(1.5 -5.20745e-13 0)
(1.5 -4.92137e-13 0)
(1.5 -3.75973e-13 0)
(1.5 -2.24716e-13 0)
(1.5 -2.18202e-13 0)
(1.5 -2.76384e-13 0)
(1.5 -3.59721e-13 0)
(1.5 -4.27395e-13 0)
(1.5 -4.70688e-13 0)
(1.5 -3.79513e-13 0)
(1.5 -2.21092e-13 0)
(1.5 -4.97748e-14 0)
(1.5 4.2682e-15 0)
(1.5 4.01192e-14 0)
(1.5 1.01532e-13 0)
(1.5 8.97351e-14 0)
(1.5 5.89328e-14 0)
(1.5 -2.02918e-14 0)
(1.5 -8.62168e-14 0)
(1.5 -2.11321e-15 0)
(1.5 1.33529e-13 0)
(1.5 2.33623e-13 0)
(1.5 2.63866e-13 0)
(1.5 2.70393e-13 0)
(1.5 3.2233e-13 0)
(1.5 2.58143e-13 0)
(1.5 2.73451e-13 0)
(1.5 4.46899e-15 0)
(1.5 2.83888e-14 0)
(1.5 4.16795e-14 0)
(1.5 2.55803e-14 0)
(1.5 1.2694e-13 0)
(1.5 1.62302e-13 0)
(1.5 1.76453e-13 0)
(1.5 1.33867e-13 0)
(1.5 6.02639e-14 0)
(1.5 -2.86413e-14 0)
(1.5 -1.05771e-13 0)
(1.5 -1.72572e-13 0)
(1.5 -3.23608e-14 0)
(1.5 3.61531e-14 0)
(1.5 1.174e-13 0)
(1.5 9.93894e-14 0)
(1.5 4.61506e-14 0)
(1.5 4.84228e-14 0)
(1.5 2.7515e-14 0)
(1.5 -3.2319e-15 0)
(1.5 -9.60358e-14 0)
(1.5 -1.16824e-13 0)
(1.5 -7.77422e-14 0)
(1.5 -1.66356e-13 0)
(1.5 -2.58817e-13 0)
(1.5 -3.23755e-13 0)
(1.5 -3.08095e-13 0)
(1.5 -2.78097e-13 0)
(1.5 -3.23842e-13 0)
(1.5 -2.89527e-13 0)
(1.5 -2.55567e-13 0)
(1.5 -2.32283e-13 0)
(1.5 -2.0168e-13 0)
(1.5 -2.23203e-13 0)
(1.5 -2.78625e-13 0)
(1.5 -2.62926e-13 0)
(1.5 -2.51673e-13 0)
(1.5 -1.38734e-13 0)
(1.5 -2.28864e-13 0)
(1.5 -1.78751e-13 0)
(1.5 -1.58427e-13 0)
(1.5 -1.53783e-13 0)
(1.5 -1.05904e-13 0)
(1.5 -9.95428e-14 0)
(1.5 -7.71785e-14 0)
(1.5 -7.9634e-14 0)
(1.5 -8.85297e-14 0)
(1.5 -8.87179e-14 0)
(1.5 -7.67633e-14 0)
(1.5 -5.15901e-14 0)
(1.5 4.45341e-14 0)
(1.5 7.12463e-14 0)
(1.5 4.89632e-15 0)
(1.5 -1.2872e-14 0)
(1.5 -7.93359e-14 0)
(1.5 -9.5091e-14 0)
(1.5 -1.21673e-13 0)
(1.5 -3.5031e-14 0)
(1.5 6.01887e-15 0)
(1.5 5.57249e-14 0)
(1.5 2.60738e-14 0)
(1.5 -1.69884e-13 0)
(1.5 -2.11592e-13 0)
(1.5 -1.42968e-13 0)
(1.5 -1.39313e-13 0)
(1.5 -5.19116e-14 0)
(1.5 3.31201e-14 0)
(1.5 6.30056e-14 0)
(1.5 9.72798e-14 0)
(1.5 7.97617e-14 0)
(1.5 5.43605e-14 0)
(1.5 1.03185e-13 0)
(1.5 2.07943e-13 0)
(1.5 1.84568e-13 0)
(1.5 9.0825e-14 0)
(1.5 4.52138e-14 0)
(1.5 -3.14959e-14 0)
(1.5 9.93846e-14 0)
(1.5 3.08268e-14 0)
(1.5 -2.46623e-14 0)
(1.5 -1.10913e-13 0)
(1.5 -1.28919e-13 0)
(1.5 -2.17252e-14 0)
(1.5 -3.09796e-14 0)
(1.5 -1.29113e-13 0)
(1.5 -2.1751e-13 0)
(1.5 -3.28567e-13 0)
(1.5 -2.90937e-13 0)
(1.5 -2.42296e-13 0)
(1.5 -2.19404e-13 0)
(1.5 -1.5899e-13 0)
(1.5 -1.68298e-13 0)
(1.5 -2.76595e-13 0)
(1.5 -3.36854e-13 0)
(1.5 -3.67302e-13 0)
(1.5 -2.69046e-13 0)
(1.5 -2.1567e-13 0)
(1.5 -1.56592e-13 0)
(1.5 -1.53826e-13 0)
(1.5 -9.19666e-14 0)
(1.5 2.36915e-14 0)
(1.5 3.31904e-14 0)
(1.5 1.62723e-15 0)
(1.5 5.41895e-14 0)
(1.5 6.89856e-14 0)
(1.5 1.03941e-13 0)
(1.5 1.39969e-13 0)
(1.5 1.89787e-13 0)
(1.5 1.9458e-13 0)
(1.5 2.24464e-13 0)
(1.5 2.53073e-13 0)
(1.5 2.66104e-13 0)
(1.5 2.86513e-13 0)
(1.5 2.82461e-13 0)
(1.5 2.33992e-13 0)
(1.5 2.0056e-13 0)
(1.5 2.50986e-13 0)
(1.5 2.141e-13 0)
(1.5 1.51874e-13 0)
(1.5 1.4675e-13 0)
(1.5 1.90974e-13 0)
(1.5 1.16661e-13 0)
(1.5 -6.618e-14 0)
(1.5 -6.45108e-14 0)
(1.5 -5.18999e-14 0)
(1.5 9.74209e-14 0)
(1.5 2.246e-13 0)
(1.5 3.46818e-13 0)
(1.5 4.60121e-13 0)
(1.5 4.80538e-13 0)
(1.5 5.3333e-13 0)
(1.5 5.6388e-13 0)
(1.5 6.42275e-13 0)
(1.5 5.72846e-13 0)
(1.5 4.67999e-13 0)
(1.5 3.51747e-13 0)
(1.5 2.14732e-13 0)
(1.5 2.33796e-13 0)
(1.5 1.80247e-13 0)
(1.5 6.5403e-16 0)
(1.5 -6.0242e-14 0)
(1.5 -1.28443e-13 0)
(1.5 -8.21569e-14 0)
(1.5 -3.41272e-14 0)
(1.5 -1.07805e-13 0)
(1.5 -1.99431e-15 0)
(1.5 4.426e-14 0)
(1.5 2.40568e-13 0)
(1.5 3.65018e-13 0)
(1.5 5.14375e-13 0)
(1.5 6.29365e-13 0)
(1.5 5.92355e-13 0)
(1.5 7.12794e-13 0)
(1.5 8.69433e-13 0)
(1.5 8.5928e-13 0)
(1.5 8.55445e-13 0)
(1.5 6.96245e-13 0)
(1.5 5.27518e-13 0)
(1.5 4.44813e-13 0)
(1.5 2.85154e-13 0)
(1.5 2.73733e-13 0)
(1.5 2.0441e-13 0)
(1.5 1.454e-13 0)
(1.5 5.12568e-14 0)
(1.5 -5.16001e-14 0)
(1.5 -4.49218e-14 0)
(1.5 5.60157e-14 0)
(1.5 -1.53863e-14 0)
(1.5 -1.91787e-13 0)
(1.5 -3.0702e-13 0)
(1.5 -3.69497e-13 0)
(1.5 -3.47608e-13 0)
(1.5 -4.46045e-13 0)
(1.5 -4.41359e-13 0)
(1.5 -4.49159e-13 0)
(1.5 -3.3429e-13 0)
(1.5 -2.75352e-13 0)
(1.5 -2.38659e-13 0)
(1.5 -1.94538e-13 0)
(1.5 -2.39737e-13 0)
(1.5 -2.42304e-13 0)
(1.5 -2.56878e-13 0)
(1.5 -3.43926e-13 0)
(1.5 -2.24149e-13 0)
(1.5 -5.44192e-14 0)
(1.5 1.23214e-13 0)
(1.5 2.01584e-13 0)
(1.5 2.64477e-13 0)
(1.5 1.56418e-13 0)
(1.5 5.04103e-14 0)
(1.5 4.13059e-15 0)
(1.5 -7.55585e-14 0)
(1.5 -4.13318e-14 0)
(1.5 1.14945e-13 0)
(1.5 2.75302e-13 0)
(1.5 3.34447e-13 0)
(1.5 2.9201e-13 0)
(1.5 2.88165e-13 0)
(1.5 3.26593e-13 0)
(1.5 3.57735e-13 0)
(1.5 -2.74962e-14 0)
(1.5 -6.2847e-14 0)
(1.5 -6.86559e-14 0)
(1.5 2.93206e-14 0)
(1.5 1.06655e-13 0)
(1.5 8.04556e-14 0)
(1.5 9.68799e-14 0)
(1.5 7.83778e-14 0)
(1.5 1.28111e-15 0)
(1.5 -7.65351e-14 0)
(1.5 -5.00613e-14 0)
(1.5 -4.44283e-14 0)
(1.5 5.09342e-14 0)
(1.5 1.24308e-13 0)
(1.5 1.22378e-13 0)
(1.5 4.14092e-14 0)
(1.5 2.43259e-14 0)
(1.5 2.79e-14 0)
(1.5 3.62702e-14 0)
(1.5 6.81073e-14 0)
(1.5 -1.61789e-14 0)
(1.5 -7.47859e-14 0)
(1.5 -1.06856e-13 0)
(1.5 -2.03203e-13 0)
(1.5 -2.81492e-13 0)
(1.5 -2.56821e-13 0)
(1.5 -2.62996e-13 0)
(1.5 -2.84337e-13 0)
(1.5 -3.12233e-13 0)
(1.5 -3.38781e-13 0)
(1.5 -2.87326e-13 0)
(1.5 -2.44364e-13 0)
(1.5 -2.67726e-13 0)
(1.5 -2.71762e-13 0)
(1.5 -3.08724e-13 0)
(1.5 -2.48821e-13 0)
(1.5 -2.44825e-13 0)
(1.5 -2.16581e-13 0)
(1.5 -2.90483e-13 0)
(1.5 -2.71535e-13 0)
(1.5 -2.26565e-13 0)
(1.5 -1.74297e-13 0)
(1.5 -7.28342e-14 0)
(1.5 -5.50206e-14 0)
(1.5 1.60325e-14 0)
(1.5 2.44132e-14 0)
(1.5 3.70427e-14 0)
(1.5 3.23602e-14 0)
(1.5 2.92572e-14 0)
(1.5 6.37435e-14 0)
(1.5 9.5147e-14 0)
(1.5 4.99344e-14 0)
(1.5 5.98403e-14 0)
(1.5 3.44926e-14 0)
(1.5 -4.96027e-14 0)
(1.5 -1.06085e-14 0)
(1.5 -1.79557e-14 0)
(1.5 5.72633e-14 0)
(1.5 5.45027e-14 0)
(1.5 3.95781e-14 0)
(1.5 2.10113e-14 0)
(1.5 -8.94968e-14 0)
(1.5 -1.00204e-13 0)
(1.5 -6.51093e-16 0)
(1.5 -2.00801e-14 0)
(1.5 -3.76715e-15 0)
(1.5 4.94679e-14 0)
(1.5 6.96955e-14 0)
(1.5 7.66781e-14 0)
(1.5 1.3902e-13 0)
(1.5 2.26351e-13 0)
(1.5 2.86947e-13 0)
(1.5 2.91555e-13 0)
(1.5 2.30837e-13 0)
(1.5 1.30109e-13 0)
(1.5 1.25939e-13 0)
(1.5 8.96366e-14 0)
(1.5 8.53742e-14 0)
(1.5 2.99325e-14 0)
(1.5 4.19366e-14 0)
(1.5 7.53565e-14 0)
(1.5 1.00085e-13 0)
(1.5 8.15186e-14 0)
(1.5 -3.67858e-14 0)
(1.5 -1.86881e-13 0)
(1.5 -4.22562e-13 0)
(1.5 -4.87094e-13 0)
(1.5 -5.10817e-13 0)
(1.5 -4.66088e-13 0)
(1.5 -3.58118e-13 0)
(1.5 -2.48035e-13 0)
(1.5 -2.37059e-13 0)
(1.5 -3.34843e-13 0)
(1.5 -3.0639e-13 0)
(1.5 -3.90858e-13 0)
(1.5 -3.11618e-13 0)
(1.5 -2.83801e-13 0)
(1.5 -2.75499e-13 0)
(1.5 -1.6465e-13 0)
(1.5 -5.05768e-14 0)
(1.5 1.01979e-13 0)
(1.5 2.10862e-13 0)
(1.5 1.9245e-13 0)
(1.5 1.47674e-13 0)
(1.5 2.37916e-13 0)
(1.5 2.75518e-13 0)
(1.5 2.30979e-13 0)
(1.5 2.88457e-13 0)
(1.5 2.85302e-13 0)
(1.5 2.60698e-13 0)
(1.5 1.85869e-13 0)
(1.5 2.06112e-13 0)
(1.5 3.32898e-13 0)
(1.5 2.64283e-13 0)
(1.5 2.66541e-13 0)
(1.5 3.09948e-13 0)
(1.5 2.96515e-13 0)
(1.5 1.82162e-13 0)
(1.5 5.30587e-14 0)
(1.5 -1.96626e-15 0)
(1.5 9.41662e-15 0)
(1.5 -4.9407e-15 0)
(1.5 -9.64142e-14 0)
(1.5 -5.3105e-14 0)
(1.5 -4.72735e-14 0)
(1.5 8.88825e-14 0)
(1.5 1.90994e-13 0)
(1.5 3.81512e-13 0)
(1.5 5.09854e-13 0)
(1.5 4.60039e-13 0)
(1.5 3.92866e-13 0)
(1.5 4.12683e-13 0)
(1.5 4.72326e-13 0)
(1.5 4.58965e-13 0)
(1.5 3.02645e-13 0)
(1.5 2.325e-13 0)
(1.5 2.46017e-13 0)
(1.5 2.83892e-13 0)
(1.5 1.22696e-13 0)
(1.5 -9.46391e-14 0)
(1.5 -2.11959e-13 0)
(1.5 -2.5189e-13 0)
(1.5 -1.96213e-13 0)
(1.5 -1.13123e-13 0)
(1.5 -2.45779e-14 0)
(1.5 -3.73409e-15 0)
(1.5 5.66929e-14 0)
(1.5 1.69583e-13 0)
(1.5 2.14529e-13 0)
(1.5 2.91327e-13 0)
(1.5 4.58924e-13 0)
(1.5 5.50124e-13 0)
(1.5 7.09566e-13 0)
(1.5 8.04608e-13 0)
(1.5 8.49676e-13 0)
(1.5 8.03945e-13 0)
(1.5 6.482e-13 0)
(1.5 6.13653e-13 0)
(1.5 5.22466e-13 0)
(1.5 3.68993e-13 0)
(1.5 3.82508e-13 0)
(1.5 2.73741e-13 0)
(1.5 1.43194e-13 0)
(1.5 1.65197e-14 0)
(1.5 -9.54189e-14 0)
(1.5 -8.41396e-14 0)
(1.5 -2.49932e-14 0)
(1.5 -1.20222e-13 0)
(1.5 -1.48604e-13 0)
(1.5 -1.62243e-13 0)
(1.5 -2.41855e-13 0)
(1.5 -2.65818e-13 0)
(1.5 -3.07553e-13 0)
(1.5 -2.88637e-13 0)
(1.5 -2.98605e-13 0)
(1.5 -2.8807e-13 0)
(1.5 -3.43807e-13 0)
(1.5 -3.26429e-13 0)
(1.5 -2.83433e-13 0)
(1.5 -2.53429e-13 0)
(1.5 -1.60582e-13 0)
(1.5 -8.39691e-14 0)
(1.5 -2.65114e-13 0)
(1.5 -2.23244e-13 0)
(1.5 -7.5269e-14 0)
(1.5 1.24563e-13 0)
(1.5 2.17395e-13 0)
(1.5 2.58791e-13 0)
(1.5 2.12112e-13 0)
(1.5 8.25591e-14 0)
(1.5 4.47009e-14 0)
(1.5 5.3065e-14 0)
(1.5 7.29912e-14 0)
(1.5 1.63615e-13 0)
(1.5 2.79336e-13 0)
(1.5 3.13326e-13 0)
(1.5 3.2812e-13 0)
(1.5 3.15115e-13 0)
(1.5 3.56655e-13 0)
(1.5 3.51452e-13 0)
(1.5 -4.12858e-14 0)
(1.5 -5.89947e-14 0)
(1.5 -1.84736e-14 0)
(1.5 8.03688e-14 0)
(1.5 7.88618e-14 0)
(1.5 8.61835e-14 0)
(1.5 2.67977e-14 0)
(1.5 5.51546e-14 0)
(1.5 2.29707e-14 0)
(1.5 -8.3061e-14 0)
(1.5 -2.6071e-14 0)
(1.5 4.13212e-14 0)
(1.5 8.47028e-14 0)
(1.5 1.2077e-13 0)
(1.5 3.16571e-14 0)
(1.5 -1.47299e-14 0)
(1.5 -7.0506e-15 0)
(1.5 2.00795e-15 0)
(1.5 -7.28839e-15 0)
(1.5 4.41412e-14 0)
(1.5 2.57658e-14 0)
(1.5 -3.55686e-14 0)
(1.5 -1.03744e-13 0)
(1.5 -1.93856e-13 0)
(1.5 -1.9011e-13 0)
(1.5 -1.5335e-13 0)
(1.5 -2.10043e-13 0)
(1.5 -2.22733e-13 0)
(1.5 -2.57061e-13 0)
(1.5 -3.09929e-13 0)
(1.5 -3.34686e-13 0)
(1.5 -3.61804e-13 0)
(1.5 -3.69139e-13 0)
(1.5 -3.26611e-13 0)
(1.5 -3.20766e-13 0)
(1.5 -3.12847e-13 0)
(1.5 -2.62466e-13 0)
(1.5 -3.10155e-13 0)
(1.5 -3.06666e-13 0)
(1.5 -3.39304e-13 0)
(1.5 -2.70667e-13 0)
(1.5 -2.38673e-13 0)
(1.5 -1.84644e-13 0)
(1.5 -9.20107e-14 0)
(1.5 -5.1129e-15 0)
(1.5 3.18083e-14 0)
(1.5 7.41606e-14 0)
(1.5 1.01651e-13 0)
(1.5 5.61024e-14 0)
(1.5 7.85947e-14 0)
(1.5 3.91902e-14 0)
(1.5 -2.83798e-14 0)
(1.5 1.27358e-14 0)
(1.5 -6.2266e-14 0)
(1.5 -9.18895e-14 0)
(1.5 -4.7297e-14 0)
(1.5 8.75429e-15 0)
(1.5 -9.5262e-15 0)
(1.5 -4.95602e-14 0)
(1.5 -1.08088e-13 0)
(1.5 -9.15005e-14 0)
(1.5 -1.3701e-14 0)
(1.5 6.21786e-14 0)
(1.5 1.23318e-13 0)
(1.5 1.24528e-13 0)
(1.5 1.21314e-13 0)
(1.5 1.11425e-13 0)
(1.5 1.107e-13 0)
(1.5 8.82476e-14 0)
(1.5 1.16323e-13 0)
(1.5 2.01154e-13 0)
(1.5 2.24491e-13 0)
(1.5 2.36886e-13 0)
(1.5 1.95736e-13 0)
(1.5 1.11572e-13 0)
(1.5 5.3269e-14 0)
(1.5 -2.23266e-14 0)
(1.5 -1.0865e-13 0)
(1.5 -5.47866e-14 0)
(1.5 -5.96856e-14 0)
(1.5 -2.46433e-14 0)
(1.5 -2.21022e-14 0)
(1.5 -6.06013e-14 0)
(1.5 -1.69625e-13 0)
(1.5 -3.15055e-13 0)
(1.5 -4.53194e-13 0)
(1.5 -4.60329e-13 0)
(1.5 -5.13675e-13 0)
(1.5 -5.01023e-13 0)
(1.5 -4.09911e-13 0)
(1.5 -3.22008e-13 0)
(1.5 -3.55621e-13 0)
(1.5 -3.3628e-13 0)
(1.5 -2.61791e-13 0)
(1.5 -2.73618e-13 0)
(1.5 -1.86453e-13 0)
(1.5 -1.70602e-13 0)
(1.5 -2.34045e-13 0)
(1.5 -1.65408e-13 0)
(1.5 -6.14776e-14 0)
(1.5 8.31333e-14 0)
(1.5 2.57052e-13 0)
(1.5 3.04334e-13 0)
(1.5 2.92713e-13 0)
(1.5 3.00273e-13 0)
(1.5 3.18826e-13 0)
(1.5 3.41519e-13 0)
(1.5 4.52895e-13 0)
(1.5 4.01955e-13 0)
(1.5 2.54283e-13 0)
(1.5 1.97116e-13 0)
(1.5 2.44894e-13 0)
(1.5 3.10984e-13 0)
(1.5 2.73512e-13 0)
(1.5 2.77823e-13 0)
(1.5 2.8437e-13 0)
(1.5 2.32e-13 0)
(1.5 1.71541e-13 0)
(1.5 4.27114e-14 0)
(1.5 -1.01929e-13 0)
(1.5 -7.96137e-14 0)
(1.5 6.95953e-14 0)
(1.5 6.5988e-14 0)
(1.5 5.3419e-14 0)
(1.5 2.19771e-14 0)
(1.5 3.2789e-14 0)
(1.5 1.61243e-13 0)
(1.5 3.44649e-13 0)
(1.5 4.43971e-13 0)
(1.5 4.19835e-13 0)
(1.5 3.2008e-13 0)
(1.5 3.51715e-13 0)
(1.5 3.94917e-13 0)
(1.5 3.17157e-13 0)
(1.5 2.06009e-13 0)
(1.5 1.44956e-13 0)
(1.5 1.13207e-13 0)
(1.5 1.19041e-13 0)
(1.5 -6.3119e-14 0)
(1.5 -1.58727e-13 0)
(1.5 -2.17185e-13 0)
(1.5 -2.83446e-13 0)
(1.5 -2.43223e-13 0)
(1.5 -1.80277e-13 0)
(1.5 -1.22515e-13 0)
(1.5 -1.0978e-13 0)
(1.5 -3.51132e-14 0)
(1.5 2.88155e-16 0)
(1.5 1.00616e-13 0)
(1.5 1.93155e-13 0)
(1.5 2.7225e-13 0)
(1.5 4.14301e-13 0)
(1.5 6.3951e-13 0)
(1.5 6.77817e-13 0)
(1.5 6.77654e-13 0)
(1.5 5.84046e-13 0)
(1.5 4.77652e-13 0)
(1.5 4.9527e-13 0)
(1.5 4.3871e-13 0)
(1.5 2.69123e-13 0)
(1.5 2.27835e-13 0)
(1.5 1.81947e-13 0)
(1.5 9.18721e-14 0)
(1.5 -9.19077e-15 0)
(1.5 9.06008e-15 0)
(1.5 -1.00282e-13 0)
(1.5 -1.51209e-13 0)
(1.5 -2.27568e-13 0)
(1.5 -1.6911e-13 0)
(1.5 -1.28737e-13 0)
(1.5 -1.97575e-13 0)
(1.5 -2.78595e-13 0)
(1.5 -1.97568e-13 0)
(1.5 -2.52616e-13 0)
(1.5 -2.60467e-13 0)
(1.5 -3.5146e-13 0)
(1.5 -3.63717e-13 0)
(1.5 -4.16515e-13 0)
(1.5 -4.26622e-13 0)
(1.5 -4.32936e-13 0)
(1.5 -3.01881e-13 0)
(1.5 -1.77541e-13 0)
(1.5 -2.97333e-13 0)
(1.5 -2.82588e-13 0)
(1.5 -2.34683e-13 0)
(1.5 -1.38042e-13 0)
(1.5 -3.36223e-14 0)
(1.5 1.03996e-13 0)
(1.5 1.12772e-13 0)
(1.5 3.84719e-14 0)
(1.5 7.02522e-14 0)
(1.5 1.55867e-13 0)
(1.5 2.76062e-13 0)
(1.5 3.1454e-13 0)
(1.5 2.9096e-13 0)
(1.5 2.13297e-13 0)
(1.5 2.33846e-13 0)
(1.5 2.80747e-13 0)
(1.5 2.81682e-13 0)
(1.5 2.34088e-13 0)
(1.5 -5.89197e-14 0)
(1.5 -1.50531e-13 0)
(1.5 -1.08722e-13 0)
(1.5 4.92668e-15 0)
(1.5 -4.26156e-15 0)
(1.5 -1.02632e-14 0)
(1.5 -5.60447e-14 0)
(1.5 3.56794e-14 0)
(1.5 7.7998e-14 0)
(1.5 -3.49444e-14 0)
(1.5 -6.87706e-14 0)
(1.5 1.45802e-14 0)
(1.5 6.53394e-14 0)
(1.5 5.62601e-14 0)
(1.5 8.17806e-15 0)
(1.5 -7.47801e-15 0)
(1.5 -5.73549e-14 0)
(1.5 -1.05307e-13 0)
(1.5 -9.31869e-14 0)
(1.5 -7.45196e-14 0)
(1.5 -1.12525e-13 0)
(1.5 -1.12657e-13 0)
(1.5 -1.98108e-13 0)
(1.5 -2.27221e-13 0)
(1.5 -1.48872e-13 0)
(1.5 -1.88322e-13 0)
(1.5 -2.51539e-13 0)
(1.5 -2.73752e-13 0)
(1.5 -2.28015e-13 0)
(1.5 -3.10794e-13 0)
(1.5 -3.98247e-13 0)
(1.5 -4.11082e-13 0)
(1.5 -3.7868e-13 0)
(1.5 -4.08382e-13 0)
(1.5 -4.15076e-13 0)
(1.5 -3.66692e-13 0)
(1.5 -3.30589e-13 0)
(1.5 -3.76905e-13 0)
(1.5 -3.03305e-13 0)
(1.5 -3.51079e-13 0)
(1.5 -3.32949e-13 0)
(1.5 -2.57058e-13 0)
(1.5 -1.95114e-13 0)
(1.5 -1.08658e-13 0)
(1.5 -8.69341e-14 0)
(1.5 -6.41427e-14 0)
(1.5 -4.27157e-14 0)
(1.5 -6.68193e-16 0)
(1.5 1.15869e-14 0)
(1.5 4.47501e-15 0)
(1.5 -3.49562e-14 0)
(1.5 -5.43316e-14 0)
(1.5 -5.09722e-14 0)
(1.5 -6.07269e-14 0)
(1.5 -8.15026e-14 0)
(1.5 -1.39524e-13 0)
(1.5 -9.04815e-14 0)
(1.5 -1.04874e-13 0)
(1.5 -1.04134e-13 0)
(1.5 -1.51167e-13 0)
(1.5 -1.52036e-13 0)
(1.5 3.59402e-14 0)
(1.5 1.00877e-13 0)
(1.5 1.27166e-13 0)
(1.5 1.98403e-13 0)
(1.5 1.92374e-13 0)
(1.5 1.48885e-13 0)
(1.5 1.11461e-13 0)
(1.5 8.98398e-14 0)
(1.5 1.10374e-13 0)
(1.5 1.50598e-13 0)
(1.5 1.14628e-13 0)
(1.5 1.09814e-13 0)
(1.5 8.77051e-14 0)
(1.5 1.58622e-14 0)
(1.5 -5.97168e-14 0)
(1.5 -1.36886e-13 0)
(1.5 -1.9425e-13 0)
(1.5 -9.5237e-14 0)
(1.5 -1.50224e-13 0)
(1.5 -1.09892e-13 0)
(1.5 -1.64206e-13 0)
(1.5 -2.71906e-13 0)
(1.5 -3.46505e-13 0)
(1.5 -4.4057e-13 0)
(1.5 -4.84948e-13 0)
(1.5 -4.55203e-13 0)
(1.5 -5.33841e-13 0)
(1.5 -5.05435e-13 0)
(1.5 -3.96564e-13 0)
(1.5 -3.65056e-13 0)
(1.5 -4.01349e-13 0)
(1.5 -2.92609e-13 0)
(1.5 -2.82386e-13 0)
(1.5 -1.93316e-13 0)
(1.5 -1.14669e-13 0)
(1.5 -7.28312e-14 0)
(1.5 -9.42327e-14 0)
(1.5 -1.319e-13 0)
(1.5 -4.75305e-14 0)
(1.5 8.78422e-15 0)
(1.5 2.1103e-13 0)
(1.5 3.35698e-13 0)
(1.5 4.85497e-13 0)
(1.5 4.54244e-13 0)
(1.5 4.35084e-13 0)
(1.5 4.59818e-13 0)
(1.5 5.20647e-13 0)
(1.5 4.44005e-13 0)
(1.5 3.53594e-13 0)
(1.5 3.70541e-13 0)
(1.5 4.36731e-13 0)
(1.5 4.3789e-13 0)
(1.5 4.36715e-13 0)
(1.5 3.77541e-13 0)
(1.5 3.26978e-13 0)
(1.5 2.31026e-13 0)
(1.5 1.77275e-13 0)
(1.5 6.53204e-14 0)
(1.5 -6.95992e-14 0)
(1.5 -7.3405e-14 0)
(1.5 8.33642e-14 0)
(1.5 1.76826e-13 0)
(1.5 1.41997e-13 0)
(1.5 1.01694e-13 0)
(1.5 2.79389e-14 0)
(1.5 1.78462e-13 0)
(1.5 2.38647e-13 0)
(1.5 2.64357e-13 0)
(1.5 2.91975e-13 0)
(1.5 3.22944e-13 0)
(1.5 3.2981e-13 0)
(1.5 3.57384e-13 0)
(1.5 2.71276e-13 0)
(1.5 2.14874e-13 0)
(1.5 1.16504e-13 0)
(1.5 -3.4751e-14 0)
(1.5 -1.23717e-13 0)
(1.5 -1.51262e-13 0)
(1.5 -1.56706e-13 0)
(1.5 -2.10616e-13 0)
(1.5 -2.21558e-13 0)
(1.5 -2.51734e-13 0)
(1.5 -2.72065e-13 0)
(1.5 -2.69344e-13 0)
(1.5 -1.55291e-13 0)
(1.5 -5.36955e-14 0)
(1.5 -2.31313e-14 0)
(1.5 1.15649e-13 0)
(1.5 2.14265e-13 0)
(1.5 2.68483e-13 0)
(1.5 3.42899e-13 0)
(1.5 5.05054e-13 0)
(1.5 5.17519e-13 0)
(1.5 4.84229e-13 0)
(1.5 4.63511e-13 0)
(1.5 4.22533e-13 0)
(1.5 3.25033e-13 0)
(1.5 2.44739e-13 0)
(1.5 1.43848e-13 0)
(1.5 4.65313e-14 0)
(1.5 7.81436e-14 0)
(1.5 1.60614e-14 0)
(1.5 -2.03159e-14 0)
(1.5 -2.87523e-14 0)
(1.5 -1.03529e-13 0)
(1.5 -1.56958e-13 0)
(1.5 -1.37106e-13 0)
(1.5 -1.59367e-13 0)
(1.5 -1.67467e-13 0)
(1.5 -1.47213e-13 0)
(1.5 -1.7507e-13 0)
(1.5 -2.0512e-13 0)
(1.5 -2.59475e-13 0)
(1.5 -2.6711e-13 0)
(1.5 -3.47929e-13 0)
(1.5 -3.28497e-13 0)
(1.5 -4.13216e-13 0)
(1.5 -4.96783e-13 0)
(1.5 -5.17641e-13 0)
(1.5 -4.44948e-13 0)
(1.5 -4.22215e-13 0)
(1.5 -4.50532e-13 0)
(1.5 -4.09746e-13 0)
(1.5 -4.63139e-13 0)
(1.5 -3.96214e-13 0)
(1.5 -1.94743e-13 0)
(1.5 -6.54369e-14 0)
(1.5 -2.16206e-14 0)
(1.5 3.07569e-14 0)
(1.5 1.12336e-13 0)
(1.5 2.35887e-13 0)
(1.5 3.67824e-13 0)
(1.5 4.23729e-13 0)
(1.5 3.17763e-13 0)
(1.5 3.02577e-13 0)
(1.5 3.08992e-13 0)
(1.5 3.19398e-13 0)
(1.5 2.72322e-13 0)
(1.5 1.90711e-13 0)
(1.5 -1.05659e-13 0)
(1.5 -2.16563e-13 0)
(1.5 -1.99404e-13 0)
(1.5 -5.82409e-14 0)
(1.5 -4.86255e-14 0)
(1.5 -8.33364e-14 0)
(1.5 -2.03391e-14 0)
(1.5 4.83054e-14 0)
(1.5 1.93349e-13 0)
(1.5 1.85804e-13 0)
(1.5 1.01667e-13 0)
(1.5 1.32139e-13 0)
(1.5 5.2264e-14 0)
(1.5 4.90901e-14 0)
(1.5 4.14901e-14 0)
(1.5 3.66702e-15 0)
(1.5 -7.6855e-14 0)
(1.5 -1.53855e-13 0)
(1.5 -9.75053e-14 0)
(1.5 -1.46954e-13 0)
(1.5 -1.86063e-13 0)
(1.5 -2.49363e-13 0)
(1.5 -2.73395e-13 0)
(1.5 -2.58504e-13 0)
(1.5 -2.45911e-13 0)
(1.5 -3.02555e-13 0)
(1.5 -3.37886e-13 0)
(1.5 -3.30155e-13 0)
(1.5 -2.85876e-13 0)
(1.5 -3.92825e-13 0)
(1.5 -4.28827e-13 0)
(1.5 -3.54839e-13 0)
(1.5 -3.19814e-13 0)
(1.5 -3.91648e-13 0)
(1.5 -4.04579e-13 0)
(1.5 -3.07777e-13 0)
(1.5 -2.99492e-13 0)
(1.5 -3.00205e-13 0)
(1.5 -1.85513e-13 0)
(1.5 -2.15417e-13 0)
(1.5 -1.91589e-13 0)
(1.5 -1.14278e-13 0)
(1.5 -5.91648e-14 0)
(1.5 -7.1566e-14 0)
(1.5 -6.91338e-14 0)
(1.5 -5.95669e-14 0)
(1.5 -7.89014e-14 0)
(1.5 -6.40234e-14 0)
(1.5 -2.74029e-14 0)
(1.5 -5.80584e-15 0)
(1.5 -8.55535e-15 0)
(1.5 -5.21596e-14 0)
(1.5 -1.24853e-13 0)
(1.5 -7.73147e-14 0)
(1.5 -3.89775e-14 0)
(1.5 -1.24706e-13 0)
(1.5 -1.37832e-13 0)
(1.5 -1.56834e-13 0)
(1.5 -6.81198e-14 0)
(1.5 -6.78981e-14 0)
(1.5 -9.18835e-14 0)
(1.5 2.35623e-14 0)
(1.5 5.41151e-14 0)
(1.5 7.12609e-14 0)
(1.5 1.63509e-13 0)
(1.5 2.25231e-13 0)
(1.5 1.91889e-13 0)
(1.5 1.35737e-13 0)
(1.5 8.14553e-14 0)
(1.5 1.01771e-13 0)
(1.5 6.27262e-14 0)
(1.5 -1.19727e-14 0)
(1.5 -5.4721e-14 0)
(1.5 -7.15891e-14 0)
(1.5 -9.28043e-14 0)
(1.5 -1.44635e-13 0)
(1.5 -1.46094e-13 0)
(1.5 -1.11773e-13 0)
(1.5 -1.08206e-13 0)
(1.5 -1.77253e-13 0)
(1.5 -2.07777e-13 0)
(1.5 -3.20601e-13 0)
(1.5 -4.20589e-13 0)
(1.5 -4.37695e-13 0)
(1.5 -4.57046e-13 0)
(1.5 -5.35538e-13 0)
(1.5 -5.52466e-13 0)
(1.5 -5.59135e-13 0)
(1.5 -4.39989e-13 0)
(1.5 -2.61154e-13 0)
(1.5 -2.71496e-13 0)
(1.5 -2.93092e-13 0)
(1.5 -2.29312e-13 0)
(1.5 -2.79891e-13 0)
(1.5 -2.07445e-13 0)
(1.5 -2.1726e-13 0)
(1.5 -1.62081e-13 0)
(1.5 -1.39242e-13 0)
(1.5 -1.71566e-13 0)
(1.5 -6.41379e-14 0)
(1.5 -8.51434e-14 0)
(1.5 2.37358e-14 0)
(1.5 1.8396e-13 0)
(1.5 3.73932e-13 0)
(1.5 4.41066e-13 0)
(1.5 4.59072e-13 0)
(1.5 5.02491e-13 0)
(1.5 4.56392e-13 0)
(1.5 4.14079e-13 0)
(1.5 4.73377e-13 0)
(1.5 5.48066e-13 0)
(1.5 6.53747e-13 0)
(1.5 6.08703e-13 0)
(1.5 5.15791e-13 0)
(1.5 4.53242e-13 0)
(1.5 3.67967e-13 0)
(1.5 2.05322e-13 0)
(1.5 1.02463e-13 0)
(1.5 -4.02347e-14 0)
(1.5 -2.89426e-14 0)
(1.5 -5.00454e-14 0)
(1.5 1.90589e-14 0)
(1.5 1.26548e-13 0)
(1.5 1.15256e-13 0)
(1.5 6.43271e-14 0)
(1.5 2.3033e-14 0)
(1.5 9.16567e-14 0)
(1.5 6.41444e-14 0)
(1.5 2.79715e-14 0)
(1.5 5.99265e-14 0)
(1.5 1.6029e-13 0)
(1.5 1.94541e-13 0)
(1.5 2.16633e-13 0)
(1.5 1.34377e-13 0)
(1.5 1.61783e-13 0)
(1.5 1.10744e-13 0)
(1.5 -1.60831e-14 0)
(1.5 -9.23684e-14 0)
(1.5 -1.22585e-13 0)
(1.5 -1.05609e-13 0)
(1.5 -1.52113e-13 0)
(1.5 -9.19118e-14 0)
(1.5 -1.21789e-13 0)
(1.5 -1.5103e-13 0)
(1.5 -1.01104e-13 0)
(1.5 -3.66313e-15 0)
(1.5 4.60819e-14 0)
(1.5 1.0462e-13 0)
(1.5 1.15821e-13 0)
(1.5 1.66894e-13 0)
(1.5 2.39995e-13 0)
(1.5 2.72759e-13 0)
(1.5 3.56844e-13 0)
(1.5 3.79092e-13 0)
(1.5 2.71042e-13 0)
(1.5 2.48239e-13 0)
(1.5 2.78278e-13 0)
(1.5 2.61472e-13 0)
(1.5 1.92838e-13 0)
(1.5 1.71255e-13 0)
(1.5 6.30087e-14 0)
(1.5 2.44775e-14 0)
(1.5 -5.12709e-14 0)
(1.5 -7.10517e-14 0)
(1.5 -1.51998e-13 0)
(1.5 -8.29063e-14 0)
(1.5 -8.40481e-14 0)
(1.5 -2.51021e-14 0)
(1.5 -1.19746e-13 0)
(1.5 -2.44982e-13 0)
(1.5 -2.80535e-13 0)
(1.5 -3.19322e-13 0)
(1.5 -4.2114e-13 0)
(1.5 -4.38483e-13 0)
(1.5 -3.59215e-13 0)
(1.5 -3.69638e-13 0)
(1.5 -3.75081e-13 0)
(1.5 -5.0451e-13 0)
(1.5 -5.48494e-13 0)
(1.5 -4.81192e-13 0)
(1.5 -4.37724e-13 0)
(1.5 -5.38861e-13 0)
(1.5 -4.99812e-13 0)
(1.5 -4.86072e-13 0)
(1.5 -5.55625e-13 0)
(1.5 -5.2062e-13 0)
(1.5 -3.86916e-13 0)
(1.5 -3.65909e-13 0)
(1.5 -2.8366e-13 0)
(1.5 -1.02874e-13 0)
(1.5 3.35259e-14 0)
(1.5 1.84625e-13 0)
(1.5 3.19866e-13 0)
(1.5 4.01515e-13 0)
(1.5 3.65006e-13 0)
(1.5 4.91229e-13 0)
(1.5 4.80777e-13 0)
(1.5 3.54993e-13 0)
(1.5 1.88429e-13 0)
(1.5 9.75276e-14 0)
(1.5 -6.55446e-14 0)
(1.5 -1.24068e-13 0)
(1.5 -1.55685e-13 0)
(1.5 -9.55803e-14 0)
(1.5 -1.15056e-13 0)
(1.5 -9.10012e-14 0)
(1.5 8.62826e-14 0)
(1.5 1.45086e-13 0)
(1.5 2.83437e-13 0)
(1.5 3.6167e-13 0)
(1.5 3.34092e-13 0)
(1.5 3.10137e-13 0)
(1.5 1.81081e-13 0)
(1.5 1.34542e-13 0)
(1.5 1.15089e-13 0)
(1.5 7.22291e-14 0)
(1.5 7.12224e-14 0)
(1.5 -6.7729e-14 0)
(1.5 -1.50741e-13 0)
(1.5 -2.32463e-13 0)
(1.5 -2.3009e-13 0)
(1.5 -2.6803e-13 0)
(1.5 -3.46054e-13 0)
(1.5 -3.49849e-13 0)
(1.5 -3.60539e-13 0)
(1.5 -3.63124e-13 0)
(1.5 -3.37357e-13 0)
(1.5 -3.63751e-13 0)
(1.5 -4.23199e-13 0)
(1.5 -4.58325e-13 0)
(1.5 -4.61309e-13 0)
(1.5 -4.31819e-13 0)
(1.5 -3.71724e-13 0)
(1.5 -3.65656e-13 0)
(1.5 -3.29306e-13 0)
(1.5 -2.95273e-13 0)
(1.5 -2.60689e-13 0)
(1.5 -1.96044e-13 0)
(1.5 -9.86599e-14 0)
(1.5 -5.51227e-14 0)
(1.5 -5.72023e-14 0)
(1.5 -3.78424e-14 0)
(1.5 -1.97549e-14 0)
(1.5 -9.11808e-14 0)
(1.5 -1.13062e-13 0)
(1.5 -9.37592e-14 0)
(1.5 -7.14002e-14 0)
(1.5 -3.30457e-14 0)
(1.5 -6.45693e-17 0)
(1.5 -1.15337e-14 0)
(1.5 -1.29094e-14 0)
(1.5 -3.42214e-14 0)
(1.5 -1.34276e-13 0)
(1.5 -9.82311e-14 0)
(1.5 -3.53838e-14 0)
(1.5 -5.51109e-14 0)
(1.5 -1.60706e-13 0)
(1.5 -2.10525e-13 0)
(1.5 -1.41391e-13 0)
(1.5 -1.18671e-13 0)
(1.5 -9.86016e-14 0)
(1.5 -9.06732e-14 0)
(1.5 2.82113e-16 0)
(1.5 6.20596e-15 0)
(1.5 6.18426e-14 0)
(1.5 1.36889e-13 0)
(1.5 1.47853e-13 0)
(1.5 1.47276e-13 0)
(1.5 4.96289e-14 0)
(1.5 4.41432e-14 0)
(1.5 1.71809e-14 0)
(1.5 -2.89588e-14 0)
(1.5 -1.13061e-13 0)
(1.5 -8.76639e-14 0)
(1.5 -2.56358e-14 0)
(1.5 1.25615e-14 0)
(1.5 -1.22e-14 0)
(1.5 -1.32212e-14 0)
(1.5 -9.07414e-14 0)
(1.5 -1.185e-13 0)
(1.5 -2.20136e-13 0)
(1.5 -3.84595e-13 0)
(1.5 -4.67271e-13 0)
(1.5 -4.59489e-13 0)
(1.5 -4.58124e-13 0)
(1.5 -4.91444e-13 0)
(1.5 -5.60671e-13 0)
(1.5 -5.49557e-13 0)
(1.5 -4.39537e-13 0)
(1.5 -3.44364e-13 0)
(1.5 -3.47414e-13 0)
(1.5 -3.52682e-13 0)
(1.5 -3.52321e-13 0)
(1.5 -3.27656e-13 0)
(1.5 -2.45298e-13 0)
(1.5 -2.63167e-13 0)
(1.5 -2.05874e-13 0)
(1.5 -2.36812e-13 0)
(1.5 -1.72476e-13 0)
(1.5 -1.01321e-13 0)
(1.5 -1.56769e-13 0)
(1.5 -2.14732e-13 0)
(1.5 -5.43622e-14 0)
(1.5 8.00078e-14 0)
(1.5 2.08369e-13 0)
(1.5 3.44444e-13 0)
(1.5 4.79123e-13 0)
(1.5 3.90228e-13 0)
(1.5 3.6968e-13 0)
(1.5 4.88339e-13 0)
(1.5 5.54106e-13 0)
(1.5 6.58328e-13 0)
(1.5 5.06393e-13 0)
(1.5 4.15232e-13 0)
(1.5 3.17604e-13 0)
(1.5 1.82723e-13 0)
(1.5 9.86734e-14 0)
(1.5 -1.09597e-14 0)
(1.5 -1.11035e-13 0)
(1.5 2.78161e-15 0)
(1.5 5.05889e-14 0)
(1.5 6.06405e-14 0)
(1.5 9.79421e-14 0)
(1.5 1.29508e-13 0)
(1.5 4.05123e-14 0)
(1.5 -1.73158e-15 0)
(1.5 -5.60327e-14 0)
(1.5 -8.97124e-14 0)
(1.5 -1.66175e-13 0)
(1.5 -1.42426e-13 0)
(1.5 -5.69246e-14 0)
(1.5 -4.16413e-14 0)
(1.5 -6.17802e-14 0)
(1.5 1.10595e-14 0)
(1.5 9.60192e-14 0)
(1.5 1.04325e-13 0)
(1.5 5.7102e-14 0)
(1.5 -8.09613e-14 0)
(1.5 -2.08188e-13 0)
(1.5 -1.42061e-13 0)
(1.5 -9.82261e-14 0)
(1.5 -3.76128e-14 0)
(1.5 -1.24476e-14 0)
(1.5 2.13549e-14 0)
(1.5 7.33519e-14 0)
(1.5 1.25087e-13 0)
(1.5 1.39711e-13 0)
(1.5 1.99281e-13 0)
(1.5 1.03014e-13 0)
(1.5 9.38546e-14 0)
(1.5 1.74121e-13 0)
(1.5 2.19711e-13 0)
(1.5 2.20166e-13 0)
(1.5 3.05494e-13 0)
(1.5 2.39581e-13 0)
(1.5 1.34336e-13 0)
(1.5 1.33427e-13 0)
(1.5 2.44549e-13 0)
(1.5 2.218e-13 0)
(1.5 2.52488e-13 0)
(1.5 2.52301e-13 0)
(1.5 1.2187e-13 0)
(1.5 4.22139e-14 0)
(1.5 -2.54213e-15 0)
(1.5 -4.68114e-14 0)
(1.5 6.45751e-15 0)
(1.5 1.03871e-13 0)
(1.5 1.29938e-13 0)
(1.5 -3.2231e-14 0)
(1.5 -2.46134e-13 0)
(1.5 -3.30364e-13 0)
(1.5 -3.99359e-13 0)
(1.5 -4.31624e-13 0)
(1.5 -3.65255e-13 0)
(1.5 -2.68092e-13 0)
(1.5 -2.62509e-13 0)
(1.5 -2.61377e-13 0)
(1.5 -4.32933e-13 0)
(1.5 -4.12069e-13 0)
(1.5 -3.38076e-13 0)
(1.5 -3.19925e-13 0)
(1.5 -3.64998e-13 0)
(1.5 -3.92511e-13 0)
(1.5 -4.47148e-13 0)
(1.5 -4.49908e-13 0)
(1.5 -4.04132e-13 0)
(1.5 -4.15648e-13 0)
(1.5 -4.83749e-13 0)
(1.5 -3.72036e-13 0)
(1.5 -1.73326e-13 0)
(1.5 2.06083e-14 0)
(1.5 1.51036e-13 0)
(1.5 2.85376e-13 0)
(1.5 4.19021e-13 0)
(1.5 5.65007e-13 0)
(1.5 6.66663e-13 0)
(1.5 6.55048e-13 0)
(1.5 5.16408e-13 0)
(1.5 2.73897e-13 0)
(1.5 1.27931e-13 0)
(1.5 -6.52506e-14 0)
(1.5 -1.39373e-13 0)
(1.5 -2.46774e-13 0)
(1.5 -3.19136e-13 0)
(1.5 -3.11274e-13 0)
(1.5 -2.21965e-13 0)
(1.5 6.51446e-14 0)
(1.5 1.96818e-13 0)
(1.5 2.67358e-13 0)
(1.5 2.7976e-13 0)
(1.5 2.94171e-13 0)
(1.5 2.63432e-13 0)
(1.5 2.55428e-13 0)
(1.5 2.35423e-13 0)
(1.5 2.02875e-13 0)
(1.5 1.54709e-13 0)
(1.5 9.14426e-14 0)
(1.5 -3.87347e-14 0)
(1.5 -2.34357e-13 0)
(1.5 -2.97325e-13 0)
(1.5 -3.05551e-13 0)
(1.5 -3.00403e-13 0)
(1.5 -4.55392e-13 0)
(1.5 -4.65334e-13 0)
(1.5 -3.70758e-13 0)
(1.5 -3.36028e-13 0)
(1.5 -2.8999e-13 0)
(1.5 -3.73539e-13 0)
(1.5 -4.07609e-13 0)
(1.5 -3.64865e-13 0)
(1.5 -3.9219e-13 0)
(1.5 -4.22175e-13 0)
(1.5 -4.37495e-13 0)
(1.5 -3.69486e-13 0)
(1.5 -2.80188e-13 0)
(1.5 -2.38323e-13 0)
(1.5 -1.54842e-13 0)
(1.5 -7.4662e-14 0)
(1.5 -3.39222e-14 0)
(1.5 1.77448e-14 0)
(1.5 1.23542e-14 0)
(1.5 -7.16959e-16 0)
(1.5 6.79368e-15 0)
(1.5 -7.62426e-14 0)
(1.5 -1.43709e-13 0)
(1.5 -1.24163e-13 0)
(1.5 -4.39486e-14 0)
(1.5 4.42003e-14 0)
(1.5 7.27761e-14 0)
(1.5 2.76243e-14 0)
(1.5 -1.43587e-14 0)
(1.5 9.29222e-16 0)
(1.5 -3.90133e-14 0)
(1.5 -2.78762e-14 0)
(1.5 -1.40834e-14 0)
(1.5 -1.22883e-14 0)
(1.5 -1.11338e-13 0)
(1.5 -1.57983e-13 0)
(1.5 -1.90733e-13 0)
(1.5 -1.70977e-13 0)
(1.5 -1.22443e-13 0)
(1.5 -1.16984e-13 0)
(1.5 2.9011e-14 0)
(1.5 2.51299e-14 0)
(1.5 4.4095e-14 0)
(1.5 1.14945e-13 0)
(1.5 1.29881e-13 0)
(1.5 1.72801e-13 0)
(1.5 7.33613e-14 0)
(1.5 5.83043e-15 0)
(1.5 2.04743e-14 0)
(1.5 3.11765e-14 0)
(1.5 -1.1544e-13 0)
(1.5 -5.62887e-14 0)
(1.5 4.51548e-14 0)
(1.5 1.386e-13 0)
(1.5 1.26499e-13 0)
(1.5 3.17308e-14 0)
(1.5 -2.41246e-14 0)
(1.5 -1.01488e-13 0)
(1.5 -2.17575e-13 0)
(1.5 -2.90786e-13 0)
(1.5 -4.2107e-13 0)
(1.5 -4.73464e-13 0)
(1.5 -4.86584e-13 0)
(1.5 -4.30603e-13 0)
(1.5 -4.79206e-13 0)
(1.5 -4.82418e-13 0)
(1.5 -4.55539e-13 0)
(1.5 -4.90692e-13 0)
(1.5 -5.21089e-13 0)
(1.5 -5.02073e-13 0)
(1.5 -4.41991e-13 0)
(1.5 -3.47551e-13 0)
(1.5 -2.75337e-13 0)
(1.5 -2.35298e-13 0)
(1.5 -1.94378e-13 0)
(1.5 -1.914e-13 0)
(1.5 -8.69783e-14 0)
(1.5 -5.15801e-14 0)
(1.5 -1.0165e-13 0)
(1.5 -1.46768e-13 0)
(1.5 -1.3604e-13 0)
(1.5 -1.18802e-14 0)
(1.5 2.06509e-13 0)
(1.5 3.88015e-13 0)
(1.5 5.0789e-13 0)
(1.5 4.18889e-13 0)
(1.5 3.50567e-13 0)
(1.5 4.29204e-13 0)
(1.5 5.48216e-13 0)
(1.5 5.39464e-13 0)
(1.5 3.75744e-13 0)
(1.5 2.92299e-13 0)
(1.5 2.41246e-13 0)
(1.5 1.32039e-13 0)
(1.5 5.28331e-14 0)
(1.5 -3.10899e-14 0)
(1.5 -2.07444e-14 0)
(1.5 6.83256e-14 0)
(1.5 1.35114e-13 0)
(1.5 6.65249e-14 0)
(1.5 6.7034e-14 0)
(1.5 1.71761e-13 0)
(1.5 1.99711e-13 0)
(1.5 2.07465e-13 0)
(1.5 1.33689e-13 0)
(1.5 -7.62431e-15 0)
(1.5 -1.36141e-13 0)
(1.5 -1.50563e-13 0)
(1.5 -1.11171e-13 0)
(1.5 -1.53397e-13 0)
(1.5 -1.0392e-13 0)
(1.5 6.73901e-14 0)
(1.5 1.45509e-13 0)
(1.5 1.4801e-13 0)
(1.5 1.52008e-13 0)
(1.5 2.06523e-14 0)
(1.5 -1.12157e-13 0)
(1.5 -1.38769e-13 0)
(1.5 -1.2511e-13 0)
(1.5 -8.81332e-14 0)
(1.5 -4.06281e-14 0)
(1.5 -7.39429e-15 0)
(1.5 8.42316e-14 0)
(1.5 1.01714e-13 0)
(1.5 1.05057e-13 0)
(1.5 1.78523e-13 0)
(1.5 1.43748e-13 0)
(1.5 1.09208e-13 0)
(1.5 1.11776e-13 0)
(1.5 1.1844e-13 0)
(1.5 4.70537e-14 0)
(1.5 7.10558e-14 0)
(1.5 1.48857e-13 0)
(1.5 9.17039e-14 0)
(1.5 1.12999e-13 0)
(1.5 1.68576e-13 0)
(1.5 1.11874e-13 0)
(1.5 1.83346e-13 0)
(1.5 2.22868e-13 0)
(1.5 1.60551e-13 0)
(1.5 3.82746e-14 0)
(1.5 2.16021e-14 0)
(1.5 1.36436e-14 0)
(1.5 2.72545e-14 0)
(1.5 7.40828e-14 0)
(1.5 5.38116e-14 0)
(1.5 -2.02529e-14 0)
(1.5 -7.93707e-14 0)
(1.5 -1.54953e-13 0)
(1.5 -2.58405e-13 0)
(1.5 -3.41102e-13 0)
(1.5 -3.29122e-13 0)
(1.5 -3.15442e-13 0)
(1.5 -2.31434e-13 0)
(1.5 -2.06009e-13 0)
(1.5 -2.43074e-13 0)
(1.5 -2.66664e-13 0)
(1.5 -2.73418e-13 0)
(1.5 -3.32307e-13 0)
(1.5 -3.20459e-13 0)
(1.5 -3.63274e-13 0)
(1.5 -4.15631e-13 0)
(1.5 -3.58905e-13 0)
(1.5 -3.552e-13 0)
(1.5 -4.24988e-13 0)
(1.5 -4.71059e-13 0)
(1.5 -3.61161e-13 0)
(1.5 -1.81178e-13 0)
(1.5 9.35403e-15 0)
(1.5 2.0289e-13 0)
(1.5 3.66993e-13 0)
(1.5 4.72686e-13 0)
(1.5 6.55991e-13 0)
(1.5 6.80172e-13 0)
(1.5 6.2353e-13 0)
(1.5 4.76193e-13 0)
(1.5 2.88328e-13 0)
(1.5 1.57756e-13 0)
(1.5 -7.62254e-14 0)
(1.5 -8.1715e-14 0)
(1.5 -1.73706e-13 0)
(1.5 -2.98623e-13 0)
(1.5 -2.81783e-13 0)
(1.5 -2.18308e-13 0)
(1.5 -6.62014e-14 0)
(1.5 6.24366e-14 0)
(1.5 1.56438e-13 0)
(1.5 1.74794e-13 0)
(1.5 1.74121e-13 0)
(1.5 1.70933e-13 0)
(1.5 2.1088e-13 0)
(1.5 1.66334e-13 0)
(1.5 1.13028e-13 0)
(1.5 5.37029e-14 0)
(1.5 -5.20854e-14 0)
(1.5 -1.09358e-13 0)
(1.5 -2.11576e-13 0)
(1.5 -2.85432e-13 0)
(1.5 -3.34781e-13 0)
(1.5 -4.05e-13 0)
(1.5 -5.18403e-13 0)
(1.5 -5.3269e-13 0)
(1.5 -4.33805e-13 0)
(1.5 -4.07066e-13 0)
(1.5 -3.33453e-13 0)
(1.5 -3.33265e-13 0)
(1.5 -3.4899e-13 0)
(1.5 -3.04908e-13 0)
(1.5 -3.19495e-13 0)
(1.5 -3.00749e-13 0)
(1.5 -3.92212e-13 0)
(1.5 -3.53484e-13 0)
(1.5 -3.16398e-13 0)
(1.5 -2.30242e-13 0)
(1.5 -1.7232e-13 0)
(1.5 -8.62154e-14 0)
(1.5 2.22049e-14 0)
(1.5 1.11657e-14 0)
(1.5 5.55857e-16 0)
(1.5 2.22726e-14 0)
(1.5 1.56036e-14 0)
(1.5 -4.37916e-14 0)
(1.5 -9.04928e-14 0)
(1.5 -3.86205e-14 0)
(1.5 -6.36978e-15 0)
(1.5 6.84427e-14 0)
(1.5 1.16028e-13 0)
(1.5 1.35013e-13 0)
(1.5 9.44829e-14 0)
(1.5 9.49448e-14 0)
(1.5 8.02646e-14 0)
(1.5 5.22476e-14 0)
(1.5 5.5171e-15 0)
(1.5 2.80697e-14 0)
(1.5 1.98486e-14 0)
(1.5 -1.04493e-13 0)
(1.5 -1.49063e-13 0)
(1.5 -8.32339e-14 0)
(1.5 -8.66961e-14 0)
(1.5 -3.91805e-14 0)
(1.5 9.72581e-14 0)
(1.5 1.37003e-13 0)
(1.5 1.67593e-13 0)
(1.5 2.70379e-13 0)
(1.5 2.67913e-13 0)
(1.5 2.36633e-13 0)
(1.5 1.57505e-13 0)
(1.5 5.64403e-14 0)
(1.5 -5.03999e-16 0)
(1.5 -1.57581e-14 0)
(1.5 -1.2291e-13 0)
(1.5 -1.21742e-13 0)
(1.5 -5.3763e-14 0)
(1.5 1.76044e-14 0)
(1.5 5.20563e-14 0)
(1.5 8.3541e-15 0)
(1.5 -6.60714e-14 0)
(1.5 -1.94123e-13 0)
(1.5 -3.71862e-13 0)
(1.5 -3.95373e-13 0)
(1.5 -4.91918e-13 0)
(1.5 -5.47424e-13 0)
(1.5 -5.04738e-13 0)
(1.5 -4.24241e-13 0)
(1.5 -4.47176e-13 0)
(1.5 -3.67072e-13 0)
(1.5 -4.24515e-13 0)
(1.5 -5.49249e-13 0)
(1.5 -5.97261e-13 0)
(1.5 -5.62713e-13 0)
(1.5 -4.6818e-13 0)
(1.5 -4.02817e-13 0)
(1.5 -3.47589e-13 0)
(1.5 -2.26046e-13 0)
(1.5 -1.17138e-13 0)
(1.5 2.81055e-14 0)
(1.5 9.67187e-14 0)
(1.5 1.28907e-13 0)
(1.5 1.77106e-13 0)
(1.5 2.00975e-13 0)
(1.5 1.26068e-13 0)
(1.5 1.86654e-13 0)
(1.5 3.48086e-13 0)
(1.5 4.07633e-13 0)
(1.5 4.27164e-13 0)
(1.5 3.53008e-13 0)
(1.5 3.10489e-13 0)
(1.5 3.66433e-13 0)
(1.5 5.04094e-13 0)
(1.5 5.04842e-13 0)
(1.5 3.94599e-13 0)
(1.5 2.87445e-13 0)
(1.5 2.16279e-13 0)
(1.5 1.19225e-13 0)
(1.5 5.47856e-14 0)
(1.5 -1.72779e-14 0)
(1.5 5.78755e-14 0)
(1.5 5.99794e-14 0)
(1.5 8.22639e-14 0)
(1.5 5.80018e-14 0)
(1.5 3.56766e-14 0)
(1.5 1.73813e-13 0)
(1.5 3.91847e-13 0)
(1.5 4.2508e-13 0)
(1.5 3.93723e-13 0)
(1.5 2.67539e-13 0)
(1.5 1.12606e-13 0)
(1.5 -6.95221e-16 0)
(1.5 -1.15075e-13 0)
(1.5 -1.3943e-13 0)
(1.5 -3.68156e-14 0)
(1.5 8.92599e-14 0)
(1.5 1.09009e-13 0)
(1.5 8.87453e-14 0)
(1.5 1.20153e-13 0)
(1.5 9.7817e-14 0)
(1.5 2.49999e-15 0)
(1.5 -1.4643e-13 0)
(1.5 -2.04078e-13 0)
(1.5 -1.86767e-13 0)
(1.5 -1.35555e-13 0)
(1.5 -1.45719e-13 0)
(1.5 -1.01116e-13 0)
(1.5 -1.45798e-13 0)
(1.5 -9.84402e-14 0)
(1.5 -1.68772e-15 0)
(1.5 5.53595e-14 0)
(1.5 4.9613e-14 0)
(1.5 -6.9003e-14 0)
(1.5 -1.24302e-13 0)
(1.5 -2.09957e-13 0)
(1.5 -2.91845e-13 0)
(1.5 -1.56393e-13 0)
(1.5 -6.55778e-14 0)
(1.5 -4.51921e-14 0)
(1.5 -4.90541e-14 0)
(1.5 -9.42525e-14 0)
(1.5 -9.2695e-14 0)
(1.5 -1.23184e-13 0)
(1.5 -1.02203e-13 0)
(1.5 -1.0688e-13 0)
(1.5 -1.37879e-14 0)
(1.5 5.18364e-14 0)
(1.5 6.67525e-14 0)
(1.5 -6.77808e-16 0)
(1.5 -1.06264e-13 0)
(1.5 -1.57866e-13 0)
(1.5 -1.66506e-13 0)
(1.5 -2.09578e-13 0)
(1.5 -2.78804e-13 0)
(1.5 -3.81183e-13 0)
(1.5 -4.58388e-13 0)
(1.5 -4.83988e-13 0)
(1.5 -4.28714e-13 0)
(1.5 -4.07461e-13 0)
(1.5 -3.0974e-13 0)
(1.5 -3.41194e-13 0)
(1.5 -4.01075e-13 0)
(1.5 -4.52392e-13 0)
(1.5 -4.98925e-13 0)
(1.5 -5.07632e-13 0)
(1.5 -5.95512e-13 0)
(1.5 -6.05541e-13 0)
(1.5 -6.41722e-13 0)
(1.5 -5.84739e-13 0)
(1.5 -5.32152e-13 0)
(1.5 -4.43699e-13 0)
(1.5 -2.10781e-13 0)
(1.5 -8.13994e-16 0)
(1.5 2.31213e-13 0)
(1.5 3.44449e-13 0)
(1.5 3.82867e-13 0)
(1.5 4.22592e-13 0)
(1.5 3.66243e-13 0)
(1.5 2.49055e-13 0)
(1.5 8.98718e-14 0)
(1.5 5.14019e-15 0)
(1.5 -8.29711e-14 0)
(1.5 3.968e-14 0)
(1.5 7.70788e-14 0)
(1.5 2.49483e-14 0)
(1.5 -1.0674e-13 0)
(1.5 -1.37944e-13 0)
(1.5 -7.48135e-14 0)
(1.5 -6.25682e-14 0)
(1.5 -3.14418e-14 0)
(1.5 1.25395e-13 0)
(1.5 2.7397e-13 0)
(1.5 2.12523e-13 0)
(1.5 1.55696e-13 0)
(1.5 1.2004e-13 0)
(1.5 6.47271e-14 0)
(1.5 5.92441e-14 0)
(1.5 1.5864e-14 0)
(1.5 -2.83093e-14 0)
(1.5 -7.33081e-14 0)
(1.5 -1.18453e-13 0)
(1.5 -2.20393e-13 0)
(1.5 -3.3308e-13 0)
(1.5 -4.39074e-13 0)
(1.5 -4.55117e-13 0)
(1.5 -5.22538e-13 0)
(1.5 -5.33596e-13 0)
(1.5 -5.20486e-13 0)
(1.5 -4.28221e-13 0)
(1.5 -3.70216e-13 0)
(1.5 -3.95156e-13 0)
(1.5 -3.86863e-13 0)
(1.5 -3.02365e-13 0)
(1.5 -1.82103e-13 0)
(1.5 -2.49612e-13 0)
(1.5 -2.57302e-13 0)
(1.5 -2.8139e-13 0)
(1.5 -2.82913e-13 0)
(1.5 -2.17614e-13 0)
(1.5 -1.69362e-13 0)
(1.5 -4.41533e-14 0)
(1.5 -3.31175e-14 0)
(1.5 -4.85413e-14 0)
(1.5 1.03707e-14 0)
(1.5 -3.99831e-14 0)
(1.5 -3.11577e-14 0)
(1.5 -4.20781e-14 0)
(1.5 1.50105e-14 0)
(1.5 -5.11172e-15 0)
(1.5 3.88772e-15 0)
(1.5 8.38016e-14 0)
(1.5 1.12524e-13 0)
(1.5 4.9373e-14 0)
(1.5 7.07605e-14 0)
(1.5 5.3286e-14 0)
(1.5 -3.61533e-14 0)
(1.5 -5.41946e-14 0)
(1.5 -4.29401e-14 0)
(1.5 -3.75276e-14 0)
(1.5 -1.38613e-13 0)
(1.5 -8.16262e-14 0)
(1.5 1.71572e-14 0)
(1.5 -2.22239e-14 0)
(1.5 4.57146e-14 0)
(1.5 8.79738e-14 0)
(1.5 2.04178e-13 0)
(1.5 2.73413e-13 0)
(1.5 3.0561e-13 0)
(1.5 3.20165e-13 0)
(1.5 2.53631e-13 0)
(1.5 2.08294e-13 0)
(1.5 1.55251e-13 0)
(1.5 2.42121e-15 0)
(1.5 -1.19577e-13 0)
(1.5 -6.13659e-14 0)
(1.5 -1.1188e-13 0)
(1.5 -1.1572e-13 0)
(1.5 -1.04766e-13 0)
(1.5 -1.41338e-13 0)
(1.5 -1.21682e-13 0)
(1.5 -2.23784e-13 0)
(1.5 -3.32988e-13 0)
(1.5 -4.80122e-13 0)
(1.5 -5.72216e-13 0)
(1.5 -5.61309e-13 0)
(1.5 -5.40191e-13 0)
(1.5 -4.45221e-13 0)
(1.5 -4.3516e-13 0)
(1.5 -4.3091e-13 0)
(1.5 -3.83169e-13 0)
(1.5 -4.4071e-13 0)
(1.5 -5.66759e-13 0)
(1.5 -5.70141e-13 0)
(1.5 -5.02188e-13 0)
(1.5 -4.35023e-13 0)
(1.5 -3.67819e-13 0)
(1.5 -2.89868e-13 0)
(1.5 -1.45529e-13 0)
(1.5 1.87341e-14 0)
(1.5 2.24743e-13 0)
(1.5 2.77813e-13 0)
(1.5 3.00564e-13 0)
(1.5 4.32175e-13 0)
(1.5 4.48695e-13 0)
(1.5 4.35794e-13 0)
(1.5 4.39173e-13 0)
(1.5 4.09896e-13 0)
(1.5 3.31189e-13 0)
(1.5 2.65652e-13 0)
(1.5 2.66885e-13 0)
(1.5 3.38895e-13 0)
(1.5 3.92177e-13 0)
(1.5 3.66977e-13 0)
(1.5 3.72719e-13 0)
(1.5 3.92151e-13 0)
(1.5 3.38091e-13 0)
(1.5 1.49846e-13 0)
(1.5 5.86692e-14 0)
(1.5 1.48866e-13 0)
(1.5 1.29929e-13 0)
(1.5 1.41248e-13 0)
(1.5 4.61335e-14 0)
(1.5 4.98818e-14 0)
(1.5 1.09325e-13 0)
(1.5 1.51147e-13 0)
(1.5 2.47251e-13 0)
(1.5 3.42172e-13 0)
(1.5 3.28438e-13 0)
(1.5 3.33702e-13 0)
(1.5 3.4031e-13 0)
(1.5 2.29061e-13 0)
(1.5 3.47243e-14 0)
(1.5 -1.55139e-13 0)
(1.5 -2.25847e-13 0)
(1.5 -2.50659e-13 0)
(1.5 -1.94364e-13 0)
(1.5 -1.28475e-13 0)
(1.5 -1.23268e-13 0)
(1.5 -5.96501e-14 0)
(1.5 -7.47999e-14 0)
(1.5 -1.10256e-13 0)
(1.5 -1.85147e-13 0)
(1.5 -1.88172e-13 0)
(1.5 -2.24187e-13 0)
(1.5 -2.6077e-13 0)
(1.5 -2.74385e-13 0)
(1.5 -2.93509e-13 0)
(1.5 -2.87174e-13 0)
(1.5 -1.80988e-13 0)
(1.5 -1.27854e-13 0)
(1.5 -5.80816e-14 0)
(1.5 -6.34639e-14 0)
(1.5 -2.49875e-13 0)
(1.5 -2.85889e-13 0)
(1.5 -3.38547e-13 0)
(1.5 -4.14843e-13 0)
(1.5 -3.48739e-13 0)
(1.5 -2.76101e-13 0)
(1.5 -2.57086e-13 0)
(1.5 -2.94469e-13 0)
(1.5 -3.19089e-13 0)
(1.5 -3.08104e-13 0)
(1.5 -2.76797e-13 0)
(1.5 -2.14208e-13 0)
(1.5 -7.04394e-14 0)
(1.5 1.38931e-14 0)
(1.5 6.23398e-14 0)
(1.5 8.18365e-14 0)
(1.5 2.09247e-14 0)
(1.5 -1.4049e-13 0)
(1.5 -3.16111e-13 0)
(1.5 -4.03353e-13 0)
(1.5 -4.07734e-13 0)
(1.5 -4.17236e-13 0)
(1.5 -4.54665e-13 0)
(1.5 -5.17717e-13 0)
(1.5 -5.5833e-13 0)
(1.5 -5.64634e-13 0)
(1.5 -5.57506e-13 0)
(1.5 -5.1307e-13 0)
(1.5 -5.18986e-13 0)
(1.5 -5.11297e-13 0)
(1.5 -5.36467e-13 0)
(1.5 -6.07052e-13 0)
(1.5 -6.37781e-13 0)
(1.5 -6.70882e-13 0)
(1.5 -7.04751e-13 0)
(1.5 -7.43211e-13 0)
(1.5 -6.65052e-13 0)
(1.5 -6.22609e-13 0)
(1.5 -5.17434e-13 0)
(1.5 -2.77637e-13 0)
(1.5 -4.94167e-14 0)
(1.5 1.59221e-13 0)
(1.5 2.43543e-13 0)
(1.5 2.91044e-13 0)
(1.5 2.30776e-13 0)
(1.5 8.38335e-14 0)
(1.5 -2.2477e-14 0)
(1.5 -1.07615e-13 0)
(1.5 -1.89603e-13 0)
(1.5 -2.80813e-13 0)
(1.5 6.19424e-14 0)
(1.5 7.13575e-14 0)
(1.5 1.12347e-13 0)
(1.5 -2.78742e-14 0)
(1.5 -5.80009e-14 0)
(1.5 4.95238e-14 0)
(1.5 7.22329e-14 0)
(1.5 8.52294e-14 0)
(1.5 2.55509e-13 0)
(1.5 4.16344e-13 0)
(1.5 3.41227e-13 0)
(1.5 1.93318e-13 0)
(1.5 9.98017e-14 0)
(1.5 1.14829e-13 0)
(1.5 1.24821e-13 0)
(1.5 1.14914e-13 0)
(1.5 2.37416e-14 0)
(1.5 5.44002e-15 0)
(1.5 -2.0704e-14 0)
(1.5 -1.04127e-13 0)
(1.5 -2.24479e-13 0)
(1.5 -3.52135e-13 0)
(1.5 -3.65801e-13 0)
(1.5 -3.85756e-13 0)
(1.5 -4.80598e-13 0)
(1.5 -4.67043e-13 0)
(1.5 -4.25514e-13 0)
(1.5 -3.39184e-13 0)
(1.5 -3.30958e-13 0)
(1.5 -3.19988e-13 0)
(1.5 -2.24551e-13 0)
(1.5 -1.25614e-13 0)
(1.5 -1.28108e-13 0)
(1.5 -1.34448e-13 0)
(1.5 -1.57026e-13 0)
(1.5 -1.9719e-13 0)
(1.5 -1.03591e-13 0)
(1.5 -1.05859e-13 0)
(1.5 -6.20826e-14 0)
(1.5 -5.42445e-14 0)
(1.5 2.12382e-14 0)
(1.5 6.80441e-14 0)
(1.5 -1.47196e-14 0)
(1.5 1.87117e-14 0)
(1.5 3.98207e-14 0)
(1.5 2.45348e-14 0)
(1.5 5.24023e-14 0)
(1.5 6.08196e-14 0)
(1.5 8.40465e-14 0)
(1.5 6.49282e-14 0)
(1.5 -4.65689e-14 0)
(1.5 -3.68426e-14 0)
(1.5 -1.20632e-13 0)
(1.5 -2.12839e-13 0)
(1.5 -1.20392e-13 0)
(1.5 -1.03818e-13 0)
(1.5 -6.20642e-14 0)
(1.5 -2.3587e-14 0)
(1.5 8.46389e-14 0)
(1.5 1.18702e-13 0)
(1.5 1.07963e-13 0)
(1.5 1.5535e-13 0)
(1.5 1.31156e-13 0)
(1.5 2.1837e-13 0)
(1.5 2.85047e-13 0)
(1.5 2.88555e-13 0)
(1.5 3.15066e-13 0)
(1.5 2.69654e-13 0)
(1.5 2.51598e-13 0)
(1.5 1.43158e-13 0)
(1.5 5.94436e-15 0)
(1.5 -1.16743e-13 0)
(1.5 -3.29989e-14 0)
(1.5 -8.48153e-14 0)
(1.5 -1.04467e-13 0)
(1.5 -1.26524e-13 0)
(1.5 -2.27467e-13 0)
(1.5 -2.52872e-13 0)
(1.5 -3.20595e-13 0)
(1.5 -4.09878e-13 0)
(1.5 -5.16735e-13 0)
(1.5 -6.11975e-13 0)
(1.5 -5.34836e-13 0)
(1.5 -4.93563e-13 0)
(1.5 -3.93839e-13 0)
(1.5 -3.40967e-13 0)
(1.5 -3.36621e-13 0)
(1.5 -3.84881e-13 0)
(1.5 -4.41904e-13 0)
(1.5 -4.47163e-13 0)
(1.5 -4.09107e-13 0)
(1.5 -3.12192e-13 0)
(1.5 -2.18096e-13 0)
(1.5 -1.43511e-13 0)
(1.5 -9.32545e-14 0)
(1.5 -2.66324e-14 0)
(1.5 1.0593e-13 0)
(1.5 3.23574e-13 0)
(1.5 3.61119e-13 0)
(1.5 3.88556e-13 0)
(1.5 5.60575e-13 0)
(1.5 6.04537e-13 0)
(1.5 6.25368e-13 0)
(1.5 5.79403e-13 0)
(1.5 4.72689e-13 0)
(1.5 3.84877e-13 0)
(1.5 3.5268e-13 0)
(1.5 4.40934e-13 0)
(1.5 5.77162e-13 0)
(1.5 5.87529e-13 0)
(1.5 3.99557e-13 0)
(1.5 2.8401e-13 0)
(1.5 3.08242e-13 0)
(1.5 2.24839e-13 0)
(1.5 9.86444e-14 0)
(1.5 3.52535e-14 0)
(1.5 7.9669e-14 0)
(1.5 1.13544e-13 0)
(1.5 1.33697e-13 0)
(1.5 7.51179e-14 0)
(1.5 1.11198e-13 0)
(1.5 1.81631e-13 0)
(1.5 2.78283e-13 0)
(1.5 3.0231e-13 0)
(1.5 2.31325e-13 0)
(1.5 2.41067e-13 0)
(1.5 2.57027e-13 0)
(1.5 2.7655e-13 0)
(1.5 2.3166e-13 0)
(1.5 6.47801e-14 0)
(1.5 -6.40332e-14 0)
(1.5 -2.64799e-13 0)
(1.5 -4.17969e-13 0)
(1.5 -4.37611e-13 0)
(1.5 -3.06082e-13 0)
(1.5 -2.71667e-13 0)
(1.5 -2.00555e-13 0)
(1.5 -2.0464e-13 0)
(1.5 -1.69239e-13 0)
(1.5 -8.58379e-14 0)
(1.5 -7.41722e-14 0)
(1.5 -2.38859e-13 0)
(1.5 -3.73263e-13 0)
(1.5 -2.94961e-13 0)
(1.5 -2.55244e-13 0)
(1.5 -1.20212e-13 0)
(1.5 -9.96321e-14 0)
(1.5 -1.67118e-13 0)
(1.5 -1.51904e-13 0)
(1.5 -1.68427e-13 0)
(1.5 -2.76309e-13 0)
(1.5 -2.26461e-13 0)
(1.5 -2.44409e-13 0)
(1.5 -3.23751e-13 0)
(1.5 -3.75066e-13 0)
(1.5 -3.27783e-13 0)
(1.5 -2.27195e-13 0)
(1.5 -2.74298e-13 0)
(1.5 -3.72532e-13 0)
(1.5 -3.38319e-13 0)
(1.5 -2.54624e-13 0)
(1.5 -1.74454e-13 0)
(1.5 -7.78098e-14 0)
(1.5 -9.89842e-15 0)
(1.5 3.18562e-14 0)
(1.5 6.24805e-14 0)
(1.5 3.99592e-14 0)
(1.5 -1.04516e-13 0)
(1.5 -2.77171e-13 0)
(1.5 -3.80463e-13 0)
(1.5 -4.50895e-13 0)
(1.5 -5.56584e-13 0)
(1.5 -5.94309e-13 0)
(1.5 -6.50199e-13 0)
(1.5 -6.47169e-13 0)
(1.5 -5.92342e-13 0)
(1.5 -6.28804e-13 0)
(1.5 -6.85331e-13 0)
(1.5 -7.42268e-13 0)
(1.5 -6.20266e-13 0)
(1.5 -5.34542e-13 0)
(1.5 -5.48847e-13 0)
(1.5 -6.12905e-13 0)
(1.5 -6.40169e-13 0)
(1.5 -6.76038e-13 0)
(1.5 -7.6172e-13 0)
(1.5 -7.62915e-13 0)
(1.5 -7.52986e-13 0)
(1.5 -6.44976e-13 0)
(1.5 -4.18853e-13 0)
(1.5 -1.41337e-13 0)
(1.5 7.55689e-14 0)
(1.5 1.05052e-13 0)
(1.5 4.45882e-14 0)
(1.5 -4.16552e-14 0)
(1.5 -1.5705e-13 0)
(1.5 -2.15304e-13 0)
(1.5 -2.95967e-13 0)
(1.5 -4.41864e-13 0)
(1.5 -5.18325e-13 0)
(1.5 2.73829e-14 0)
(1.5 3.27333e-14 0)
(1.5 8.55077e-14 0)
(1.5 8.48048e-14 0)
(1.5 1.25011e-13 0)
(1.5 1.27381e-13 0)
(1.5 7.34507e-14 0)
(1.5 1.28418e-13 0)
(1.5 2.48215e-13 0)
(1.5 3.80823e-13 0)
(1.5 3.92034e-13 0)
(1.5 2.73376e-13 0)
(1.5 1.66285e-13 0)
(1.5 1.07239e-13 0)
(1.5 7.59862e-14 0)
(1.5 4.60382e-14 0)
(1.5 -4.21619e-14 0)
(1.5 -6.39709e-14 0)
(1.5 -1.05592e-13 0)
(1.5 -1.36524e-13 0)
(1.5 -2.17985e-13 0)
(1.5 -3.21202e-13 0)
(1.5 -3.48138e-13 0)
(1.5 -3.61447e-13 0)
(1.5 -4.57735e-13 0)
(1.5 -4.80257e-13 0)
(1.5 -4.712e-13 0)
(1.5 -3.50981e-13 0)
(1.5 -2.99131e-13 0)
(1.5 -2.77497e-13 0)
(1.5 -2.4194e-13 0)
(1.5 -2.00517e-13 0)
(1.5 -1.43517e-13 0)
(1.5 -1.55744e-13 0)
(1.5 -1.49704e-13 0)
(1.5 -1.19965e-13 0)
(1.5 -7.18823e-14 0)
(1.5 -3.15611e-14 0)
(1.5 -3.57487e-14 0)
(1.5 -7.56369e-14 0)
(1.5 -4.76873e-15 0)
(1.5 5.14967e-14 0)
(1.5 1.91849e-14 0)
(1.5 2.6589e-14 0)
(1.5 9.413e-14 0)
(1.5 8.97554e-14 0)
(1.5 1.21215e-13 0)
(1.5 1.21423e-13 0)
(1.5 5.60498e-14 0)
(1.5 9.66332e-15 0)
(1.5 -8.07723e-14 0)
(1.5 -1.51412e-13 0)
(1.5 -2.1815e-13 0)
(1.5 -2.56547e-13 0)
(1.5 -1.13896e-13 0)
(1.5 -4.44738e-14 0)
(1.5 2.14373e-14 0)
(1.5 1.35934e-13 0)
(1.5 1.48217e-13 0)
(1.5 7.34119e-14 0)
(1.5 1.31294e-13 0)
(1.5 1.57927e-13 0)
(1.5 1.78488e-13 0)
(1.5 1.6593e-13 0)
(1.5 2.60836e-13 0)
(1.5 2.32361e-13 0)
(1.5 2.36622e-13 0)
(1.5 2.06221e-13 0)
(1.5 1.80594e-13 0)
(1.5 6.93161e-14 0)
(1.5 3.03758e-14 0)
(1.5 -2.02782e-14 0)
(1.5 -9.70401e-14 0)
(1.5 -1.51129e-13 0)
(1.5 -2.07523e-13 0)
(1.5 -3.1256e-13 0)
(1.5 -3.85196e-13 0)
(1.5 -4.4591e-13 0)
(1.5 -4.61122e-13 0)
(1.5 -4.39594e-13 0)
(1.5 -4.9654e-13 0)
(1.5 -5.36712e-13 0)
(1.5 -4.8992e-13 0)
(1.5 -4.41115e-13 0)
(1.5 -3.75657e-13 0)
(1.5 -3.22068e-13 0)
(1.5 -3.11711e-13 0)
(1.5 -4.15622e-13 0)
(1.5 -4.67654e-13 0)
(1.5 -4.67565e-13 0)
(1.5 -4.00709e-13 0)
(1.5 -3.03694e-13 0)
(1.5 -2.06188e-13 0)
(1.5 -1.99345e-14 0)
(1.5 7.96429e-14 0)
(1.5 1.91882e-13 0)
(1.5 3.26109e-13 0)
(1.5 4.44624e-13 0)
(1.5 4.78433e-13 0)
(1.5 4.45874e-13 0)
(1.5 4.78115e-13 0)
(1.5 5.98007e-13 0)
(1.5 6.31806e-13 0)
(1.5 5.86367e-13 0)
(1.5 4.86719e-13 0)
(1.5 4.12638e-13 0)
(1.5 4.53169e-13 0)
(1.5 5.98737e-13 0)
(1.5 7.20466e-13 0)
(1.5 6.95449e-13 0)
(1.5 4.8626e-13 0)
(1.5 3.12883e-13 0)
(1.5 1.88132e-13 0)
(1.5 9.39998e-14 0)
(1.5 6.35721e-14 0)
(1.5 -1.48507e-14 0)
(1.5 -2.11598e-14 0)
(1.5 1.2085e-13 0)
(1.5 2.49698e-13 0)
(1.5 2.47363e-13 0)
(1.5 2.26689e-13 0)
(1.5 3.31535e-13 0)
(1.5 4.38564e-13 0)
(1.5 3.56642e-13 0)
(1.5 2.51183e-13 0)
(1.5 1.91645e-13 0)
(1.5 1.71181e-13 0)
(1.5 1.58635e-13 0)
(1.5 1.16977e-13 0)
(1.5 7.84491e-14 0)
(1.5 1.45623e-14 0)
(1.5 -1.86572e-13 0)
(1.5 -3.38124e-13 0)
(1.5 -3.61409e-13 0)
(1.5 -3.04564e-13 0)
(1.5 -3.13253e-13 0)
(1.5 -2.83035e-13 0)
(1.5 -2.53659e-13 0)
(1.5 -1.83957e-13 0)
(1.5 -6.74751e-14 0)
(1.5 -1.04722e-13 0)
(1.5 -2.61527e-13 0)
(1.5 -3.58943e-13 0)
(1.5 -2.91355e-13 0)
(1.5 -1.6255e-13 0)
(1.5 -5.02425e-15 0)
(1.5 -2.82332e-14 0)
(1.5 -8.30297e-14 0)
(1.5 -1.9247e-13 0)
(1.5 -2.52475e-13 0)
(1.5 -2.21275e-13 0)
(1.5 -1.27834e-13 0)
(1.5 -9.81089e-14 0)
(1.5 -1.57596e-13 0)
(1.5 -2.30637e-13 0)
(1.5 -2.696e-13 0)
(1.5 -1.6434e-13 0)
(1.5 -1.58781e-13 0)
(1.5 -2.84171e-13 0)
(1.5 -1.99627e-13 0)
(1.5 -1.18192e-13 0)
(1.5 -1.06144e-13 0)
(1.5 -3.07113e-14 0)
(1.5 2.43371e-14 0)
(1.5 3.58278e-14 0)
(1.5 5.34703e-14 0)
(1.5 -1.60321e-14 0)
(1.5 -1.34774e-13 0)
(1.5 -2.31814e-13 0)
(1.5 -3.04309e-13 0)
(1.5 -3.38148e-13 0)
(1.5 -4.41735e-13 0)
(1.5 -5.25875e-13 0)
(1.5 -5.38486e-13 0)
(1.5 -4.98666e-13 0)
(1.5 -5.037e-13 0)
(1.5 -5.43113e-13 0)
(1.5 -6.10144e-13 0)
(1.5 -6.73866e-13 0)
(1.5 -5.88567e-13 0)
(1.5 -5.07798e-13 0)
(1.5 -4.30795e-13 0)
(1.5 -4.16396e-13 0)
(1.5 -5.33283e-13 0)
(1.5 -6.57306e-13 0)
(1.5 -6.86699e-13 0)
(1.5 -6.62003e-13 0)
(1.5 -6.36953e-13 0)
(1.5 -5.00058e-13 0)
(1.5 -3.16723e-13 0)
(1.5 -1.16785e-13 0)
(1.5 1.34445e-14 0)
(1.5 -5.77468e-14 0)
(1.5 -1.63871e-13 0)
(1.5 -2.66143e-13 0)
(1.5 -3.78689e-13 0)
(1.5 -4.03853e-13 0)
(1.5 -5.33511e-13 0)
(1.5 -6.4571e-13 0)
(1.5 -7.08524e-13 0)
(1.5 -2.25669e-15 0)
(1.5 7.45929e-15 0)
(1.5 -2.57355e-14 0)
(1.5 7.98586e-14 0)
(1.5 2.33464e-13 0)
(1.5 1.38336e-13 0)
(1.5 8.67424e-16 0)
(1.5 4.65558e-14 0)
(1.5 1.78148e-14 0)
(1.5 6.25504e-14 0)
(1.5 1.38874e-13 0)
(1.5 2.00214e-13 0)
(1.5 2.14883e-13 0)
(1.5 1.1896e-13 0)
(1.5 4.05189e-14 0)
(1.5 -8.77201e-14 0)
(1.5 -1.37753e-13 0)
(1.5 -1.76046e-13 0)
(1.5 -2.62486e-13 0)
(1.5 -3.01883e-13 0)
(1.5 -3.91544e-13 0)
(1.5 -4.18514e-13 0)
(1.5 -3.4677e-13 0)
(1.5 -3.95618e-13 0)
(1.5 -4.37822e-13 0)
(1.5 -4.96662e-13 0)
(1.5 -5.31778e-13 0)
(1.5 -4.46521e-13 0)
(1.5 -3.60452e-13 0)
(1.5 -3.35612e-13 0)
(1.5 -2.54218e-13 0)
(1.5 -2.45107e-13 0)
(1.5 -2.05289e-13 0)
(1.5 -2.21211e-13 0)
(1.5 -2.40975e-13 0)
(1.5 -1.86031e-13 0)
(1.5 -1.42335e-13 0)
(1.5 -2.96251e-14 0)
(1.5 -1.05703e-13 0)
(1.5 -1.51499e-13 0)
(1.5 -1.20844e-13 0)
(1.5 -9.54314e-14 0)
(1.5 -7.26708e-14 0)
(1.5 -7.65318e-14 0)
(1.5 -8.38708e-15 0)
(1.5 7.02072e-14 0)
(1.5 1.48132e-13 0)
(1.5 5.75606e-14 0)
(1.5 6.20246e-15 0)
(1.5 -8.42831e-14 0)
(1.5 -1.43044e-13 0)
(1.5 -1.76004e-13 0)
(1.5 -1.60323e-13 0)
(1.5 -1.33287e-13 0)
(1.5 -6.411e-14 0)
(1.5 3.10187e-14 0)
(1.5 2.98026e-14 0)
(1.5 1.55633e-13 0)
(1.5 4.64121e-14 0)
(1.5 -5.12887e-14 0)
(1.5 6.8153e-14 0)
(1.5 8.38987e-14 0)
(1.5 1.57522e-13 0)
(1.5 1.66146e-13 0)
(1.5 2.48445e-13 0)
(1.5 1.8897e-13 0)
(1.5 1.14538e-13 0)
(1.5 8.81272e-14 0)
(1.5 8.58102e-14 0)
(1.5 8.31696e-14 0)
(1.5 -1.73434e-14 0)
(1.5 -1.73094e-13 0)
(1.5 -2.721e-13 0)
(1.5 -3.26173e-13 0)
(1.5 -4.5204e-13 0)
(1.5 -5.70579e-13 0)
(1.5 -6.11435e-13 0)
(1.5 -5.9004e-13 0)
(1.5 -5.6696e-13 0)
(1.5 -5.66427e-13 0)
(1.5 -5.22353e-13 0)
(1.5 -4.45623e-13 0)
(1.5 -4.25751e-13 0)
(1.5 -3.68029e-13 0)
(1.5 -3.76037e-13 0)
(1.5 -3.43199e-13 0)
(1.5 -3.4996e-13 0)
(1.5 -4.55656e-13 0)
(1.5 -4.71141e-13 0)
(1.5 -5.45541e-13 0)
(1.5 -5.14429e-13 0)
(1.5 -3.67579e-13 0)
(1.5 -1.58352e-13 0)
(1.5 1.35272e-13 0)
(1.5 2.6579e-13 0)
(1.5 4.43712e-13 0)
(1.5 5.77087e-13 0)
(1.5 6.11888e-13 0)
(1.5 7.55399e-13 0)
(1.5 6.63377e-13 0)
(1.5 5.0985e-13 0)
(1.5 5.73184e-13 0)
(1.5 5.6658e-13 0)
(1.5 5.37372e-13 0)
(1.5 4.17065e-13 0)
(1.5 3.93437e-13 0)
(1.5 4.77306e-13 0)
(1.5 6.58283e-13 0)
(1.5 7.43528e-13 0)
(1.5 6.79762e-13 0)
(1.5 5.49937e-13 0)
(1.5 3.62498e-13 0)
(1.5 1.71952e-13 0)
(1.5 1.36648e-13 0)
(1.5 1.28782e-13 0)
(1.5 9.37507e-14 0)
(1.5 7.22733e-14 0)
(1.5 2.78843e-13 0)
(1.5 4.17822e-13 0)
(1.5 4.4802e-13 0)
(1.5 3.70798e-13 0)
(1.5 4.73891e-13 0)
(1.5 5.59122e-13 0)
(1.5 4.21187e-13 0)
(1.5 3.4629e-13 0)
(1.5 2.05199e-13 0)
(1.5 1.83869e-13 0)
(1.5 1.34765e-13 0)
(1.5 7.33551e-14 0)
(1.5 1.57712e-13 0)
(1.5 7.52199e-14 0)
(1.5 -7.39621e-15 0)
(1.5 -7.98569e-14 0)
(1.5 -1.42564e-13 0)
(1.5 -1.56089e-13 0)
(1.5 -1.68525e-13 0)
(1.5 -1.89871e-13 0)
(1.5 -1.20278e-13 0)
(1.5 -9.81812e-14 0)
(1.5 -1.07031e-13 0)
(1.5 -1.59314e-13 0)
(1.5 -2.25702e-13 0)
(1.5 -2.45859e-13 0)
(1.5 -2.1384e-13 0)
(1.5 -1.3045e-13 0)
(1.5 -8.01382e-14 0)
(1.5 -1.5419e-13 0)
(1.5 -1.26456e-13 0)
(1.5 -2.17086e-13 0)
(1.5 -2.58375e-13 0)
(1.5 -2.37635e-13 0)
(1.5 -2.80131e-13 0)
(1.5 -2.49774e-13 0)
(1.5 -1.85041e-13 0)
(1.5 -1.62768e-13 0)
(1.5 -2.81944e-13 0)
(1.5 -2.94558e-13 0)
(1.5 -3.48169e-13 0)
(1.5 -3.18317e-13 0)
(1.5 -2.11821e-13 0)
(1.5 -1.95415e-13 0)
(1.5 -1.91354e-13 0)
(1.5 -4.47549e-14 0)
(1.5 -3.44827e-14 0)
(1.5 -5.74963e-14 0)
(1.5 -1.10774e-13 0)
(1.5 -2.13661e-13 0)
(1.5 -2.77217e-13 0)
(1.5 -2.70065e-13 0)
(1.5 -2.86632e-13 0)
(1.5 -2.56558e-13 0)
(1.5 -2.26125e-13 0)
(1.5 -2.82214e-13 0)
(1.5 -3.48764e-13 0)
(1.5 -4.44649e-13 0)
(1.5 -5.5412e-13 0)
(1.5 -5.35588e-13 0)
(1.5 -5.82854e-13 0)
(1.5 -5.56171e-13 0)
(1.5 -5.91664e-13 0)
(1.5 -6.28559e-13 0)
(1.5 -4.77898e-13 0)
(1.5 -2.73431e-13 0)
(1.5 -2.84158e-13 0)
(1.5 -3.48291e-13 0)
(1.5 -2.88499e-13 0)
(1.5 -3.15957e-13 0)
(1.5 -2.80173e-13 0)
(1.5 -1.75464e-13 0)
(1.5 -1.35895e-13 0)
(1.5 -9.46928e-14 0)
(1.5 -9.5686e-14 0)
(1.5 -1.44132e-13 0)
(1.5 -2.63751e-13 0)
(1.5 -3.79562e-13 0)
(1.5 -4.77231e-13 0)
(1.5 -6.26044e-13 0)
(1.5 -7.39511e-13 0)
(1.5 -6.64949e-13 0)
(1.5 -6.45991e-13 0)
(1.5 1.14243e-15 0)
(1.5 7.94683e-14 0)
(1.5 6.45388e-15 0)
(1.5 5.89968e-14 0)
(1.5 1.64404e-13 0)
(1.5 9.47572e-14 0)
(1.5 -3.87713e-14 0)
(1.5 -2.27431e-14 0)
(1.5 -1.16188e-13 0)
(1.5 -8.33298e-14 0)
(1.5 -1.7642e-14 0)
(1.5 1.53716e-13 0)
(1.5 2.14887e-13 0)
(1.5 1.38987e-13 0)
(1.5 8.39776e-14 0)
(1.5 -5.12118e-14 0)
(1.5 -1.39958e-13 0)
(1.5 -1.51291e-13 0)
(1.5 -2.85658e-13 0)
(1.5 -3.53345e-13 0)
(1.5 -4.30997e-13 0)
(1.5 -4.56116e-13 0)
(1.5 -3.10407e-13 0)
(1.5 -3.38584e-13 0)
(1.5 -3.86345e-13 0)
(1.5 -4.21796e-13 0)
(1.5 -4.89595e-13 0)
(1.5 -4.54739e-13 0)
(1.5 -3.73969e-13 0)
(1.5 -3.66634e-13 0)
(1.5 -1.84379e-13 0)
(1.5 -2.14771e-13 0)
(1.5 -2.79153e-13 0)
(1.5 -2.61658e-13 0)
(1.5 -2.99513e-13 0)
(1.5 -2.46809e-13 0)
(1.5 -2.07701e-13 0)
(1.5 -7.6709e-14 0)
(1.5 -1.36264e-13 0)
(1.5 -2.0197e-13 0)
(1.5 -1.77856e-13 0)
(1.5 -1.62572e-13 0)
(1.5 -1.42143e-13 0)
(1.5 -1.35829e-13 0)
(1.5 -1.08396e-13 0)
(1.5 -3.24926e-14 0)
(1.5 9.22979e-14 0)
(1.5 -1.97404e-15 0)
(1.5 -7.86492e-14 0)
(1.5 -1.52079e-13 0)
(1.5 -1.56748e-13 0)
(1.5 -1.6776e-13 0)
(1.5 -1.47627e-13 0)
(1.5 -4.2433e-14 0)
(1.5 -1.68695e-14 0)
(1.5 8.49755e-14 0)
(1.5 4.11472e-14 0)
(1.5 1.2531e-13 0)
(1.5 5.04682e-15 0)
(1.5 -8.18611e-14 0)
(1.5 3.27799e-15 0)
(1.5 1.16531e-13 0)
(1.5 2.61897e-13 0)
(1.5 2.9496e-13 0)
(1.5 2.60856e-13 0)
(1.5 2.24439e-13 0)
(1.5 8.97207e-14 0)
(1.5 4.08613e-14 0)
(1.5 1.11379e-13 0)
(1.5 1.43672e-13 0)
(1.5 -5.57118e-14 0)
(1.5 -3.24161e-13 0)
(1.5 -3.81722e-13 0)
(1.5 -4.90506e-13 0)
(1.5 -6.37813e-13 0)
(1.5 -6.84493e-13 0)
(1.5 -6.86886e-13 0)
(1.5 -6.18566e-13 0)
(1.5 -5.58953e-13 0)
(1.5 -6.39322e-13 0)
(1.5 -5.84842e-13 0)
(1.5 -5.34123e-13 0)
(1.5 -4.61136e-13 0)
(1.5 -3.25502e-13 0)
(1.5 -3.51284e-13 0)
(1.5 -3.50366e-13 0)
(1.5 -4.15752e-13 0)
(1.5 -4.32559e-13 0)
(1.5 -4.36197e-13 0)
(1.5 -4.33536e-13 0)
(1.5 -4.38712e-13 0)
(1.5 -2.8741e-13 0)
(1.5 -1.06763e-14 0)
(1.5 1.78923e-13 0)
(1.5 2.77602e-13 0)
(1.5 4.40842e-13 0)
(1.5 5.98241e-13 0)
(1.5 6.78815e-13 0)
(1.5 8.66862e-13 0)
(1.5 8.52667e-13 0)
(1.5 7.25227e-13 0)
(1.5 6.9167e-13 0)
(1.5 6.63197e-13 0)
(1.5 5.77883e-13 0)
(1.5 4.83584e-13 0)
(1.5 5.4718e-13 0)
(1.5 5.61152e-13 0)
(1.5 6.33353e-13 0)
(1.5 6.98009e-13 0)
(1.5 6.93506e-13 0)
(1.5 5.78345e-13 0)
(1.5 3.98877e-13 0)
(1.5 2.42253e-13 0)
(1.5 3.11653e-13 0)
(1.5 3.05296e-13 0)
(1.5 3.27335e-13 0)
(1.5 3.27318e-13 0)
(1.5 4.63073e-13 0)
(1.5 5.19e-13 0)
(1.5 5.573e-13 0)
(1.5 4.91965e-13 0)
(1.5 4.5541e-13 0)
(1.5 4.29176e-13 0)
(1.5 3.81379e-13 0)
(1.5 3.63439e-13 0)
(1.5 3.22114e-13 0)
(1.5 2.8982e-13 0)
(1.5 1.81342e-13 0)
(1.5 1.23099e-13 0)
(1.5 1.56965e-13 0)
(1.5 6.57766e-14 0)
(1.5 8.4266e-14 0)
(1.5 8.39301e-14 0)
(1.5 -8.72423e-14 0)
(1.5 -2.10184e-13 0)
(1.5 -1.46518e-13 0)
(1.5 -1.13686e-13 0)
(1.5 -2.13231e-14 0)
(1.5 -4.726e-14 0)
(1.5 -1.5962e-13 0)
(1.5 -2.48906e-13 0)
(1.5 -2.08487e-13 0)
(1.5 -1.24337e-13 0)
(1.5 -1.04859e-13 0)
(1.5 -1.00536e-13 0)
(1.5 -1.72344e-13 0)
(1.5 -2.56966e-13 0)
(1.5 -3.06709e-13 0)
(1.5 -4.28383e-13 0)
(1.5 -4.6963e-13 0)
(1.5 -4.13888e-13 0)
(1.5 -4.69375e-13 0)
(1.5 -4.49009e-13 0)
(1.5 -3.14011e-13 0)
(1.5 -1.65517e-13 0)
(1.5 -2.05668e-13 0)
(1.5 -3.97493e-13 0)
(1.5 -4.90056e-13 0)
(1.5 -3.7623e-13 0)
(1.5 -3.06598e-13 0)
(1.5 -3.72696e-13 0)
(1.5 -3.32994e-13 0)
(1.5 -1.98594e-13 0)
(1.5 -1.6129e-13 0)
(1.5 -1.84552e-13 0)
(1.5 -3.4932e-13 0)
(1.5 -3.50427e-13 0)
(1.5 -2.98181e-13 0)
(1.5 -2.88593e-13 0)
(1.5 -2.96472e-13 0)
(1.5 -2.32826e-13 0)
(1.5 -1.70876e-13 0)
(1.5 -2.15913e-13 0)
(1.5 -3.51432e-13 0)
(1.5 -6.16853e-13 0)
(1.5 -7.59493e-13 0)
(1.5 -8.28577e-13 0)
(1.5 -8.27483e-13 0)
(1.5 -7.33789e-13 0)
(1.5 -8.47878e-13 0)
(1.5 -8.13944e-13 0)
(1.5 -6.40905e-13 0)
(1.5 -3.2573e-13 0)
(1.5 -1.58702e-13 0)
(1.5 -7.81746e-14 0)
(1.5 5.88875e-14 0)
(1.5 1.48881e-14 0)
(1.5 7.94992e-14 0)
(1.5 -2.83045e-14 0)
(1.5 -1.69731e-13 0)
(1.5 -2.0008e-13 0)
(1.5 -2.97274e-13 0)
(1.5 -3.77845e-13 0)
(1.5 -5.59753e-13 0)
(1.5 -6.36233e-13 0)
(1.5 -6.68646e-13 0)
(1.5 -8.55849e-13 0)
(1.5 -8.70016e-13 0)
(1.5 -6.65456e-13 0)
(1.5 -5.98685e-13 0)
(1.5 7.24914e-14 0)
(1.5 2.02692e-13 0)
(1.5 1.64784e-13 0)
(1.5 1.96279e-13 0)
(1.5 1.33331e-13 0)
(1.5 8.14636e-14 0)
(1.5 7.88574e-15 0)
(1.5 -1.99173e-14 0)
(1.5 -7.22412e-14 0)
(1.5 -6.25569e-14 0)
(1.5 -5.76054e-14 0)
(1.5 1.52758e-13 0)
(1.5 1.4615e-13 0)
(1.5 7.58607e-14 0)
(1.5 8.23602e-14 0)
(1.5 2.30342e-14 0)
(1.5 -6.84553e-14 0)
(1.5 -1.53519e-13 0)
(1.5 -2.81872e-13 0)
(1.5 -3.23261e-13 0)
(1.5 -4.28559e-13 0)
(1.5 -4.78013e-13 0)
(1.5 -3.38431e-13 0)
(1.5 -3.49015e-13 0)
(1.5 -4.1262e-13 0)
(1.5 -4.81325e-13 0)
(1.5 -5.00139e-13 0)
(1.5 -4.71669e-13 0)
(1.5 -3.7728e-13 0)
(1.5 -3.51472e-13 0)
(1.5 -2.6161e-13 0)
(1.5 -2.9297e-13 0)
(1.5 -3.92961e-13 0)
(1.5 -3.52764e-13 0)
(1.5 -3.06448e-13 0)
(1.5 -2.7506e-13 0)
(1.5 -2.82382e-13 0)
(1.5 -2.47266e-13 0)
(1.5 -2.38419e-13 0)
(1.5 -2.61824e-13 0)
(1.5 -2.63932e-13 0)
(1.5 -2.52211e-13 0)
(1.5 -2.65694e-13 0)
(1.5 -2.23097e-13 0)
(1.5 -2.0046e-13 0)
(1.5 -1.53907e-13 0)
(1.5 -9.81187e-14 0)
(1.5 -1.22183e-13 0)
(1.5 -1.8509e-13 0)
(1.5 -1.96465e-13 0)
(1.5 -1.2559e-13 0)
(1.5 -1.49118e-13 0)
(1.5 -1.45456e-13 0)
(1.5 -5.35213e-14 0)
(1.5 -1.56091e-14 0)
(1.5 4.59515e-14 0)
(1.5 4.08921e-14 0)
(1.5 1.50543e-14 0)
(1.5 -1.78967e-14 0)
(1.5 -5.17597e-14 0)
(1.5 -7.00273e-14 0)
(1.5 2.82282e-14 0)
(1.5 1.72741e-13 0)
(1.5 1.78377e-13 0)
(1.5 1.56581e-13 0)
(1.5 1.80232e-13 0)
(1.5 1.20368e-13 0)
(1.5 8.0659e-14 0)
(1.5 8.52085e-14 0)
(1.5 9.46948e-14 0)
(1.5 -3.44522e-14 0)
(1.5 -2.49842e-13 0)
(1.5 -3.08323e-13 0)
(1.5 -4.23521e-13 0)
(1.5 -5.54743e-13 0)
(1.5 -5.70057e-13 0)
(1.5 -6.15428e-13 0)
(1.5 -6.33761e-13 0)
(1.5 -6.40333e-13 0)
(1.5 -6.17621e-13 0)
(1.5 -5.45077e-13 0)
(1.5 -5.76592e-13 0)
(1.5 -4.85829e-13 0)
(1.5 -3.72283e-13 0)
(1.5 -3.42931e-13 0)
(1.5 -4.2754e-13 0)
(1.5 -5.08281e-13 0)
(1.5 -4.53352e-13 0)
(1.5 -3.51487e-13 0)
(1.5 -2.61595e-13 0)
(1.5 -2.30423e-13 0)
(1.5 -1.26296e-13 0)
(1.5 1.89469e-14 0)
(1.5 1.00605e-13 0)
(1.5 2.38112e-13 0)
(1.5 3.21283e-13 0)
(1.5 5.46658e-13 0)
(1.5 6.6211e-13 0)
(1.5 7.56224e-13 0)
(1.5 8.03959e-13 0)
(1.5 7.31649e-13 0)
(1.5 6.72898e-13 0)
(1.5 6.32391e-13 0)
(1.5 5.67691e-13 0)
(1.5 5.41725e-13 0)
(1.5 5.38257e-13 0)
(1.5 5.68176e-13 0)
(1.5 5.6186e-13 0)
(1.5 6.33837e-13 0)
(1.5 6.14088e-13 0)
(1.5 4.37488e-13 0)
(1.5 2.92434e-13 0)
(1.5 1.70398e-13 0)
(1.5 2.54645e-13 0)
(1.5 4.07523e-13 0)
(1.5 5.54435e-13 0)
(1.5 6.73799e-13 0)
(1.5 5.84814e-13 0)
(1.5 5.59296e-13 0)
(1.5 5.28885e-13 0)
(1.5 4.2143e-13 0)
(1.5 2.48298e-13 0)
(1.5 1.08528e-13 0)
(1.5 2.43454e-13 0)
(1.5 2.66471e-13 0)
(1.5 2.81415e-13 0)
(1.5 2.4391e-13 0)
(1.5 1.11802e-13 0)
(1.5 1.13785e-13 0)
(1.5 2.80756e-14 0)
(1.5 -4.46292e-14 0)
(1.5 -1.75507e-14 0)
(1.5 -5.11839e-15 0)
(1.5 -1.7561e-13 0)
(1.5 -3.97183e-13 0)
(1.5 -3.01785e-13 0)
(1.5 -1.94412e-13 0)
(1.5 -1.21662e-13 0)
(1.5 -1.62192e-13 0)
(1.5 -2.62715e-13 0)
(1.5 -3.35055e-13 0)
(1.5 -2.55738e-13 0)
(1.5 -1.18773e-13 0)
(1.5 -1.08512e-13 0)
(1.5 -1.16988e-13 0)
(1.5 -2.37985e-13 0)
(1.5 -2.74603e-13 0)
(1.5 -4.12518e-13 0)
(1.5 -4.93223e-13 0)
(1.5 -5.97625e-13 0)
(1.5 -5.11917e-13 0)
(1.5 -4.65335e-13 0)
(1.5 -3.95257e-13 0)
(1.5 -2.05261e-13 0)
(1.5 -4.82776e-14 0)
(1.5 -3.4617e-14 0)
(1.5 -2.51143e-13 0)
(1.5 -3.38683e-13 0)
(1.5 -3.28663e-13 0)
(1.5 -2.59154e-13 0)
(1.5 -2.4738e-13 0)
(1.5 -1.52625e-13 0)
(1.5 -1.47061e-13 0)
(1.5 -1.49585e-13 0)
(1.5 -2.00536e-13 0)
(1.5 -3.85887e-13 0)
(1.5 -3.4762e-13 0)
(1.5 -2.33727e-13 0)
(1.5 -2.4693e-13 0)
(1.5 -2.21308e-13 0)
(1.5 -1.74882e-13 0)
(1.5 -2.09359e-13 0)
(1.5 -2.35184e-13 0)
(1.5 -3.24763e-13 0)
(1.5 -6.00693e-13 0)
(1.5 -7.15569e-13 0)
(1.5 -8.8226e-13 0)
(1.5 -8.47027e-13 0)
(1.5 -8.01919e-13 0)
(1.5 -9.18666e-13 0)
(1.5 -7.98938e-13 0)
(1.5 -6.8076e-13 0)
(1.5 -4.20415e-13 0)
(1.5 -2.02696e-13 0)
(1.5 -2.61425e-14 0)
(1.5 1.08275e-13 0)
(1.5 9.7926e-14 0)
(1.5 1.39955e-13 0)
(1.5 -8.12053e-14 0)
(1.5 -2.48767e-13 0)
(1.5 -2.91506e-13 0)
(1.5 -4.3519e-13 0)
(1.5 -5.31203e-13 0)
(1.5 -6.63833e-13 0)
(1.5 -6.85061e-13 0)
(1.5 -7.44414e-13 0)
(1.5 -8.42702e-13 0)
(1.5 -7.78866e-13 0)
(1.5 -6.33302e-13 0)
(1.5 -5.95781e-13 0)
(1.5 9.00259e-14 0)
(1.5 1.88669e-13 0)
(1.5 1.96528e-13 0)
(1.5 2.15715e-13 0)
(1.5 1.48507e-13 0)
(1.5 1.47706e-13 0)
(1.5 1.3287e-13 0)
(1.5 3.34393e-14 0)
(1.5 -1.36807e-15 0)
(1.5 -7.46686e-14 0)
(1.5 -3.48463e-14 0)
(1.5 1.49251e-13 0)
(1.5 1.61968e-13 0)
(1.5 1.84116e-13 0)
(1.5 1.70201e-13 0)
(1.5 8.77948e-14 0)
(1.5 -2.27221e-14 0)
(1.5 -1.52375e-13 0)
(1.5 -1.59983e-13 0)
(1.5 -1.88952e-13 0)
(1.5 -3.11479e-13 0)
(1.5 -3.73076e-13 0)
(1.5 -3.04961e-13 0)
(1.5 -2.27439e-13 0)
(1.5 -2.35114e-13 0)
(1.5 -3.38384e-13 0)
(1.5 -3.93091e-13 0)
(1.5 -3.70903e-13 0)
(1.5 -3.4393e-13 0)
(1.5 -3.03353e-13 0)
(1.5 -3.1539e-13 0)
(1.5 -3.22632e-13 0)
(1.5 -3.27923e-13 0)
(1.5 -2.55379e-13 0)
(1.5 -1.44655e-13 0)
(1.5 -1.85536e-13 0)
(1.5 -2.62953e-13 0)
(1.5 -2.93814e-13 0)
(1.5 -3.38552e-13 0)
(1.5 -2.51785e-13 0)
(1.5 -2.27041e-13 0)
(1.5 -2.87931e-13 0)
(1.5 -2.84045e-13 0)
(1.5 -2.63499e-13 0)
(1.5 -2.15074e-13 0)
(1.5 -1.62534e-13 0)
(1.5 -1.77881e-13 0)
(1.5 -9.41771e-14 0)
(1.5 -4.54227e-14 0)
(1.5 -1.01654e-14 0)
(1.5 1.04884e-13 0)
(1.5 9.22163e-14 0)
(1.5 7.65051e-14 0)
(1.5 7.57792e-14 0)
(1.5 8.23191e-14 0)
(1.5 5.22486e-14 0)
(1.5 1.42953e-13 0)
(1.5 9.46616e-14 0)
(1.5 1.0214e-13 0)
(1.5 1.34686e-13 0)
(1.5 8.01019e-14 0)
(1.5 8.54182e-14 0)
(1.5 1.50683e-13 0)
(1.5 9.71112e-14 0)
(1.5 1.24946e-13 0)
(1.5 2.23296e-13 0)
(1.5 3.00231e-13 0)
(1.5 2.57903e-13 0)
(1.5 1.68739e-13 0)
(1.5 1.45555e-13 0)
(1.5 3.28422e-14 0)
(1.5 -8.3993e-14 0)
(1.5 -1.85642e-13 0)
(1.5 -2.99829e-13 0)
(1.5 -3.92513e-13 0)
(1.5 -4.02187e-13 0)
(1.5 -4.75062e-13 0)
(1.5 -5.5936e-13 0)
(1.5 -5.64945e-13 0)
(1.5 -4.68706e-13 0)
(1.5 -4.21943e-13 0)
(1.5 -4.69176e-13 0)
(1.5 -3.81465e-13 0)
(1.5 -3.7187e-13 0)
(1.5 -3.48219e-13 0)
(1.5 -4.7609e-13 0)
(1.5 -5.35196e-13 0)
(1.5 -5.19511e-13 0)
(1.5 -2.77813e-13 0)
(1.5 -9.60545e-14 0)
(1.5 3.41648e-14 0)
(1.5 1.02515e-13 0)
(1.5 1.24293e-13 0)
(1.5 1.89115e-13 0)
(1.5 2.72156e-13 0)
(1.5 3.1102e-13 0)
(1.5 5.48219e-13 0)
(1.5 6.75408e-13 0)
(1.5 6.87023e-13 0)
(1.5 6.7566e-13 0)
(1.5 6.52863e-13 0)
(1.5 6.20832e-13 0)
(1.5 6.12529e-13 0)
(1.5 5.57595e-13 0)
(1.5 5.66298e-13 0)
(1.5 5.09083e-13 0)
(1.5 6.21029e-13 0)
(1.5 6.33838e-13 0)
(1.5 6.76696e-13 0)
(1.5 5.53903e-13 0)
(1.5 3.40582e-13 0)
(1.5 2.05685e-13 0)
(1.5 1.95318e-13 0)
(1.5 1.25255e-13 0)
(1.5 2.97993e-13 0)
(1.5 5.00469e-13 0)
(1.5 5.69299e-13 0)
(1.5 4.15477e-13 0)
(1.5 4.22644e-13 0)
(1.5 4.16144e-13 0)
(1.5 2.78646e-13 0)
(1.5 1.53466e-13 0)
(1.5 5.9745e-14 0)
(1.5 1.78924e-13 0)
(1.5 2.05471e-13 0)
(1.5 1.53745e-13 0)
(1.5 8.00655e-14 0)
(1.5 -4.43489e-15 0)
(1.5 1.6735e-14 0)
(1.5 -5.65694e-14 0)
(1.5 -4.7434e-14 0)
(1.5 -1.59724e-14 0)
(1.5 -3.79264e-14 0)
(1.5 -1.56578e-13 0)
(1.5 -3.4641e-13 0)
(1.5 -3.22307e-13 0)
(1.5 -2.84351e-13 0)
(1.5 -2.20759e-13 0)
(1.5 -2.10476e-13 0)
(1.5 -3.04188e-13 0)
(1.5 -3.40331e-13 0)
(1.5 -3.50128e-13 0)
(1.5 -2.48262e-13 0)
(1.5 -1.98489e-13 0)
(1.5 -1.99067e-13 0)
(1.5 -2.85106e-13 0)
(1.5 -3.26083e-13 0)
(1.5 -4.54314e-13 0)
(1.5 -4.63591e-13 0)
(1.5 -5.96992e-13 0)
(1.5 -5.65211e-13 0)
(1.5 -5.41438e-13 0)
(1.5 -4.11483e-13 0)
(1.5 -2.54387e-13 0)
(1.5 -1.33633e-13 0)
(1.5 -3.36554e-15 0)
(1.5 -5.02701e-14 0)
(1.5 -1.39219e-13 0)
(1.5 -1.26673e-13 0)
(1.5 -5.74689e-14 0)
(1.5 -1.0717e-14 0)
(1.5 4.72909e-14 0)
(1.5 -5.30072e-14 0)
(1.5 -2.13334e-13 0)
(1.5 -2.55573e-13 0)
(1.5 -3.21746e-13 0)
(1.5 -3.67698e-13 0)
(1.5 -2.37215e-13 0)
(1.5 -1.7139e-13 0)
(1.5 -1.21101e-13 0)
(1.5 -1.9147e-13 0)
(1.5 -2.23533e-13 0)
(1.5 -1.71106e-13 0)
(1.5 -2.48406e-13 0)
(1.5 -3.79717e-13 0)
(1.5 -5.17037e-13 0)
(1.5 -6.50175e-13 0)
(1.5 -6.93936e-13 0)
(1.5 -7.49471e-13 0)
(1.5 -7.06379e-13 0)
(1.5 -5.90866e-13 0)
(1.5 -4.8628e-13 0)
(1.5 -3.60453e-13 0)
(1.5 -2.11254e-13 0)
(1.5 -1.26126e-14 0)
(1.5 7.92448e-14 0)
(1.5 9.38628e-14 0)
(1.5 7.08831e-14 0)
(1.5 -6.68311e-14 0)
(1.5 -1.50107e-13 0)
(1.5 -1.87615e-13 0)
(1.5 -4.01591e-13 0)
(1.5 -4.81487e-13 0)
(1.5 -5.81768e-13 0)
(1.5 -6.55509e-13 0)
(1.5 -7.15876e-13 0)
(1.5 -6.85657e-13 0)
(1.5 -5.9127e-13 0)
(1.5 -5.66907e-13 0)
(1.5 -5.72377e-13 0)
(1.5 1.63115e-14 0)
(1.5 7.60443e-14 0)
(1.5 5.38482e-14 0)
(1.5 6.34672e-14 0)
(1.5 9.86815e-14 0)
(1.5 1.58906e-13 0)
(1.5 1.64122e-13 0)
(1.5 3.43477e-14 0)
(1.5 4.81026e-14 0)
(1.5 2.15992e-14 0)
(1.5 1.34573e-13 0)
(1.5 2.18885e-13 0)
(1.5 2.78139e-13 0)
(1.5 3.18061e-13 0)
(1.5 2.86475e-13 0)
(1.5 2.14167e-13 0)
(1.5 6.05943e-14 0)
(1.5 -5.3051e-14 0)
(1.5 -7.4857e-14 0)
(1.5 -1.29981e-13 0)
(1.5 -2.06714e-13 0)
(1.5 -1.9954e-13 0)
(1.5 -2.01215e-13 0)
(1.5 -8.90675e-14 0)
(1.5 -6.53412e-14 0)
(1.5 -1.76748e-13 0)
(1.5 -2.23246e-13 0)
(1.5 -2.48162e-13 0)
(1.5 -2.97977e-13 0)
(1.5 -3.3574e-13 0)
(1.5 -3.24038e-13 0)
(1.5 -2.75372e-13 0)
(1.5 -2.73084e-13 0)
(1.5 -1.61173e-13 0)
(1.5 -1.63001e-13 0)
(1.5 -2.35642e-13 0)
(1.5 -2.8921e-13 0)
(1.5 -2.76063e-13 0)
(1.5 -3.14584e-13 0)
(1.5 -2.08529e-13 0)
(1.5 -1.73403e-13 0)
(1.5 -2.40447e-13 0)
(1.5 -2.03317e-13 0)
(1.5 -1.78375e-13 0)
(1.5 -1.13895e-13 0)
(1.5 -4.42866e-14 0)
(1.5 -3.72692e-14 0)
(1.5 5.88407e-14 0)
(1.5 1.18456e-13 0)
(1.5 1.67133e-13 0)
(1.5 2.4693e-13 0)
(1.5 2.64149e-13 0)
(1.5 2.53221e-13 0)
(1.5 2.29694e-13 0)
(1.5 1.98655e-13 0)
(1.5 1.2414e-13 0)
(1.5 1.8028e-13 0)
(1.5 2.30471e-13 0)
(1.5 2.43348e-13 0)
(1.5 2.1866e-13 0)
(1.5 1.87986e-13 0)
(1.5 2.36632e-13 0)
(1.5 2.46935e-13 0)
(1.5 1.60731e-13 0)
(1.5 1.34546e-13 0)
(1.5 2.19911e-13 0)
(1.5 3.50687e-13 0)
(1.5 2.7603e-13 0)
(1.5 2.08888e-13 0)
(1.5 1.53064e-13 0)
(1.5 1.15565e-13 0)
(1.5 8.96843e-14 0)
(1.5 -3.2682e-14 0)
(1.5 -1.22871e-13 0)
(1.5 -1.69027e-13 0)
(1.5 -3.0053e-13 0)
(1.5 -3.70903e-13 0)
(1.5 -4.75952e-13 0)
(1.5 -4.37165e-13 0)
(1.5 -3.4516e-13 0)
(1.5 -3.80931e-13 0)
(1.5 -3.84143e-13 0)
(1.5 -3.92418e-13 0)
(1.5 -3.57808e-13 0)
(1.5 -4.37412e-13 0)
(1.5 -5.69757e-13 0)
(1.5 -4.83949e-13 0)
(1.5 -4.7191e-13 0)
(1.5 -2.68041e-13 0)
(1.5 -9.63744e-14 0)
(1.5 3.89879e-14 0)
(1.5 2.08222e-13 0)
(1.5 1.71935e-13 0)
(1.5 2.14362e-13 0)
(1.5 2.39815e-13 0)
(1.5 3.3002e-13 0)
(1.5 4.82886e-13 0)
(1.5 5.60457e-13 0)
(1.5 5.56963e-13 0)
(1.5 5.29221e-13 0)
(1.5 6.00329e-13 0)
(1.5 5.97915e-13 0)
(1.5 6.00286e-13 0)
(1.5 6.26668e-13 0)
(1.5 6.71216e-13 0)
(1.5 6.4124e-13 0)
(1.5 6.69766e-13 0)
(1.5 6.59365e-13 0)
(1.5 6.1076e-13 0)
(1.5 4.92799e-13 0)
(1.5 3.16007e-13 0)
(1.5 1.83481e-13 0)
(1.5 2.10762e-13 0)
(1.5 1.60414e-13 0)
(1.5 2.46517e-13 0)
(1.5 2.61843e-13 0)
(1.5 1.53043e-13 0)
(1.5 1.24112e-13 0)
(1.5 1.40079e-13 0)
(1.5 2.86055e-13 0)
(1.5 2.8949e-13 0)
(1.5 1.95634e-13 0)
(1.5 1.20393e-13 0)
(1.5 9.93311e-14 0)
(1.5 8.06754e-14 0)
(1.5 2.45235e-14 0)
(1.5 -6.30815e-16 0)
(1.5 1.24757e-14 0)
(1.5 -3.33654e-14 0)
(1.5 -5.6067e-14 0)
(1.5 -3.96696e-15 0)
(1.5 1.94906e-14 0)
(1.5 -2.82716e-14 0)
(1.5 -9.29336e-14 0)
(1.5 -1.94191e-13 0)
(1.5 -2.62492e-13 0)
(1.5 -2.9557e-13 0)
(1.5 -2.64619e-13 0)
(1.5 -1.88741e-13 0)
(1.5 -2.189e-13 0)
(1.5 -2.46418e-13 0)
(1.5 -3.02607e-13 0)
(1.5 -1.93307e-13 0)
(1.5 -1.97913e-13 0)
(1.5 -3.02103e-13 0)
(1.5 -3.7812e-13 0)
(1.5 -4.17501e-13 0)
(1.5 -4.3146e-13 0)
(1.5 -4.67654e-13 0)
(1.5 -5.41146e-13 0)
(1.5 -5.73176e-13 0)
(1.5 -5.46385e-13 0)
(1.5 -4.2443e-13 0)
(1.5 -4.29371e-13 0)
(1.5 -3.82781e-13 0)
(1.5 -1.49498e-13 0)
(1.5 -5.78027e-14 0)
(1.5 1.99149e-14 0)
(1.5 1.4337e-13 0)
(1.5 1.82597e-13 0)
(1.5 2.02397e-13 0)
(1.5 1.1143e-13 0)
(1.5 -6.1471e-15 0)
(1.5 -2.04524e-13 0)
(1.5 -2.76967e-13 0)
(1.5 -2.45895e-13 0)
(1.5 -3.36021e-13 0)
(1.5 -2.54793e-13 0)
(1.5 -1.82865e-13 0)
(1.5 -1.43533e-13 0)
(1.5 -2.21308e-13 0)
(1.5 -1.84269e-13 0)
(1.5 -1.6477e-13 0)
(1.5 -1.82e-13 0)
(1.5 -1.46596e-13 0)
(1.5 -2.86319e-13 0)
(1.5 -3.67457e-13 0)
(1.5 -4.76336e-13 0)
(1.5 -5.99696e-13 0)
(1.5 -4.51552e-13 0)
(1.5 -3.8288e-13 0)
(1.5 -2.61969e-13 0)
(1.5 -2.04168e-13 0)
(1.5 -1.49042e-13 0)
(1.5 -6.92768e-14 0)
(1.5 -3.23197e-14 0)
(1.5 6.45863e-14 0)
(1.5 4.60331e-14 0)
(1.5 -2.1423e-15 0)
(1.5 -4.28515e-14 0)
(1.5 -1.37694e-13 0)
(1.5 -3.45071e-13 0)
(1.5 -4.65186e-13 0)
(1.5 -5.28881e-13 0)
(1.5 -6.55492e-13 0)
(1.5 -6.04031e-13 0)
(1.5 -5.15121e-13 0)
(1.5 -5.24103e-13 0)
(1.5 -5.84343e-13 0)
(1.5 -5.96107e-13 0)
(1.5 -7.30673e-14 0)
(1.5 -4.16116e-14 0)
(1.5 2.02201e-15 0)
(1.5 -4.52384e-14 0)
(1.5 -3.7003e-15 0)
(1.5 8.69992e-14 0)
(1.5 1.16512e-13 0)
(1.5 6.92402e-14 0)
(1.5 7.58194e-14 0)
(1.5 1.52956e-13 0)
(1.5 2.69243e-13 0)
(1.5 3.43412e-13 0)
(1.5 4.31845e-13 0)
(1.5 4.37124e-13 0)
(1.5 3.62445e-13 0)
(1.5 2.35367e-13 0)
(1.5 3.57005e-14 0)
(1.5 -8.48617e-14 0)
(1.5 -1.44385e-13 0)
(1.5 -1.58251e-13 0)
(1.5 -1.72537e-13 0)
(1.5 -6.47163e-14 0)
(1.5 -8.24972e-14 0)
(1.5 -6.07951e-14 0)
(1.5 -6.93559e-14 0)
(1.5 -1.68193e-13 0)
(1.5 -1.71564e-13 0)
(1.5 -1.66785e-13 0)
(1.5 -2.26712e-13 0)
(1.5 -2.95753e-13 0)
(1.5 -3.6953e-13 0)
(1.5 -2.90558e-13 0)
(1.5 -2.38814e-13 0)
(1.5 -1.58734e-13 0)
(1.5 -2.72828e-13 0)
(1.5 -3.35398e-13 0)
(1.5 -3.02894e-13 0)
(1.5 -2.80271e-13 0)
(1.5 -2.67246e-13 0)
(1.5 -1.90845e-13 0)
(1.5 -1.43656e-13 0)
(1.5 -9.98793e-14 0)
(1.5 -3.6413e-14 0)
(1.5 8.47913e-14 0)
(1.5 6.74736e-14 0)
(1.5 1.20907e-13 0)
(1.5 1.13955e-13 0)
(1.5 8.25117e-14 0)
(1.5 1.43537e-13 0)
(1.5 1.81792e-13 0)
(1.5 1.95284e-13 0)
(1.5 2.87618e-13 0)
(1.5 3.27425e-13 0)
(1.5 3.06e-13 0)
(1.5 2.24937e-13 0)
(1.5 2.27667e-13 0)
(1.5 2.15498e-13 0)
(1.5 2.33483e-13 0)
(1.5 2.46937e-13 0)
(1.5 2.0656e-13 0)
(1.5 2.40348e-13 0)
(1.5 2.53343e-13 0)
(1.5 2.23364e-13 0)
(1.5 2.34442e-13 0)
(1.5 1.81065e-13 0)
(1.5 1.96474e-13 0)
(1.5 2.67617e-13 0)
(1.5 2.37731e-13 0)
(1.5 1.52558e-13 0)
(1.5 8.67072e-14 0)
(1.5 1.22499e-13 0)
(1.5 7.4206e-14 0)
(1.5 2.43092e-14 0)
(1.5 -4.06316e-14 0)
(1.5 -1.45914e-13 0)
(1.5 -3.17516e-13 0)
(1.5 -4.14962e-13 0)
(1.5 -3.86919e-13 0)
(1.5 -3.23854e-13 0)
(1.5 -3.06972e-13 0)
(1.5 -3.66922e-13 0)
(1.5 -3.6956e-13 0)
(1.5 -5.2337e-13 0)
(1.5 -4.92844e-13 0)
(1.5 -5.519e-13 0)
(1.5 -6.07768e-13 0)
(1.5 -4.90646e-13 0)
(1.5 -3.18759e-13 0)
(1.5 -2.23896e-13 0)
(1.5 -1.91266e-13 0)
(1.5 -1.26106e-13 0)
(1.5 1.66473e-13 0)
(1.5 1.78785e-13 0)
(1.5 2.15652e-13 0)
(1.5 2.6295e-13 0)
(1.5 2.99622e-13 0)
(1.5 3.7181e-13 0)
(1.5 4.00539e-13 0)
(1.5 3.90475e-13 0)
(1.5 3.39166e-13 0)
(1.5 4.36209e-13 0)
(1.5 5.19717e-13 0)
(1.5 5.923e-13 0)
(1.5 6.75579e-13 0)
(1.5 6.64179e-13 0)
(1.5 5.73008e-13 0)
(1.5 5.12793e-13 0)
(1.5 4.17906e-13 0)
(1.5 3.19162e-13 0)
(1.5 2.02292e-13 0)
(1.5 1.41253e-13 0)
(1.5 1.36019e-13 0)
(1.5 1.25322e-13 0)
(1.5 1.36087e-13 0)
(1.5 1.30479e-13 0)
(1.5 8.27225e-14 0)
(1.5 -1.25618e-13 0)
(1.5 -1.50133e-13 0)
(1.5 -6.38177e-14 0)
(1.5 1.09923e-13 0)
(1.5 1.35338e-13 0)
(1.5 7.59003e-14 0)
(1.5 4.4795e-14 0)
(1.5 -1.88727e-14 0)
(1.5 -3.5881e-14 0)
(1.5 -2.70594e-14 0)
(1.5 1.43795e-14 0)
(1.5 8.21973e-14 0)
(1.5 1.75245e-14 0)
(1.5 -3.40771e-14 0)
(1.5 -2.96381e-14 0)
(1.5 1.92451e-14 0)
(1.5 -1.685e-15 0)
(1.5 -5.19132e-14 0)
(1.5 -1.22996e-13 0)
(1.5 -2.52869e-13 0)
(1.5 -2.94633e-13 0)
(1.5 -2.81945e-13 0)
(1.5 -2.3992e-13 0)
(1.5 -1.79574e-13 0)
(1.5 -2.42736e-13 0)
(1.5 -2.54884e-13 0)
(1.5 -1.73736e-13 0)
(1.5 -2.13393e-13 0)
(1.5 -3.67195e-13 0)
(1.5 -5.05947e-13 0)
(1.5 -4.9848e-13 0)
(1.5 -3.56927e-13 0)
(1.5 -2.91954e-13 0)
(1.5 -1.71045e-13 0)
(1.5 -3.04271e-13 0)
(1.5 -3.26917e-13 0)
(1.5 -3.68421e-13 0)
(1.5 -4.846e-13 0)
(1.5 -5.36798e-13 0)
(1.5 -3.66022e-13 0)
(1.5 -1.44993e-13 0)
(1.5 8.92184e-14 0)
(1.5 2.52906e-13 0)
(1.5 2.44319e-13 0)
(1.5 2.18855e-13 0)
(1.5 6.89496e-14 0)
(1.5 -2.32428e-14 0)
(1.5 -1.08834e-13 0)
(1.5 -1.54222e-13 0)
(1.5 -1.41089e-13 0)
(1.5 -1.89247e-13 0)
(1.5 -1.98745e-13 0)
(1.5 -1.65766e-13 0)
(1.5 -1.66015e-13 0)
(1.5 -2.96953e-13 0)
(1.5 -2.71206e-13 0)
(1.5 -2.56283e-13 0)
(1.5 -2.32545e-13 0)
(1.5 -2.01497e-13 0)
(1.5 -2.75063e-13 0)
(1.5 -3.1504e-13 0)
(1.5 -3.19189e-13 0)
(1.5 -3.49039e-13 0)
(1.5 -2.01894e-13 0)
(1.5 -2.06534e-13 0)
(1.5 -2.10555e-13 0)
(1.5 -1.70782e-13 0)
(1.5 -1.1952e-13 0)
(1.5 -1.15012e-13 0)
(1.5 -1.56282e-13 0)
(1.5 -7.85166e-14 0)
(1.5 -3.8089e-14 0)
(1.5 9.29227e-15 0)
(1.5 -4.32797e-14 0)
(1.5 -2.19585e-13 0)
(1.5 -3.11777e-13 0)
(1.5 -3.48302e-13 0)
(1.5 -3.28031e-13 0)
(1.5 -4.31042e-13 0)
(1.5 -3.35486e-13 0)
(1.5 -3.64776e-13 0)
(1.5 -5.18671e-13 0)
(1.5 -7.10436e-13 0)
(1.5 -7.27989e-13 0)
(1.5 -9.26362e-15 0)
(1.5 -6.67331e-14 0)
(1.5 -1.714e-14 0)
(1.5 -1.0855e-13 0)
(1.5 -1.27068e-13 0)
(1.5 -7.98076e-14 0)
(1.5 2.05762e-14 0)
(1.5 1.34216e-13 0)
(1.5 1.79261e-13 0)
(1.5 3.74301e-13 0)
(1.5 5.29379e-13 0)
(1.5 4.99797e-13 0)
(1.5 4.94468e-13 0)
(1.5 5.44359e-13 0)
(1.5 4.19358e-13 0)
(1.5 1.62433e-13 0)
(1.5 -5.28895e-14 0)
(1.5 -1.4825e-13 0)
(1.5 -1.69621e-13 0)
(1.5 -1.61708e-13 0)
(1.5 -1.36925e-13 0)
(1.5 -5.90087e-14 0)
(1.5 -5.20477e-14 0)
(1.5 -8.38734e-14 0)
(1.5 -1.44697e-13 0)
(1.5 -1.38995e-13 0)
(1.5 -1.89703e-13 0)
(1.5 -1.16928e-13 0)
(1.5 -1.54467e-13 0)
(1.5 -2.26045e-13 0)
(1.5 -4.07096e-13 0)
(1.5 -2.98369e-13 0)
(1.5 -1.36722e-13 0)
(1.5 -1.25165e-13 0)
(1.5 -1.54042e-13 0)
(1.5 -2.72379e-13 0)
(1.5 -2.60492e-13 0)
(1.5 -2.66034e-13 0)
(1.5 -2.6382e-13 0)
(1.5 -2.67778e-13 0)
(1.5 -1.47735e-13 0)
(1.5 3.33689e-14 0)
(1.5 1.58044e-13 0)
(1.5 2.38401e-13 0)
(1.5 2.32231e-13 0)
(1.5 2.17849e-13 0)
(1.5 1.54902e-13 0)
(1.5 8.16714e-14 0)
(1.5 1.05107e-13 0)
(1.5 1.57834e-13 0)
(1.5 1.64067e-13 0)
(1.5 2.17051e-13 0)
(1.5 2.95207e-13 0)
(1.5 2.66422e-13 0)
(1.5 2.29024e-13 0)
(1.5 2.49986e-13 0)
(1.5 2.53493e-13 0)
(1.5 1.70936e-13 0)
(1.5 2.06056e-13 0)
(1.5 2.61607e-13 0)
(1.5 3.1209e-13 0)
(1.5 2.32662e-13 0)
(1.5 2.2688e-13 0)
(1.5 3.18259e-13 0)
(1.5 2.79833e-13 0)
(1.5 1.77973e-13 0)
(1.5 1.83105e-13 0)
(1.5 2.08755e-13 0)
(1.5 2.03072e-13 0)
(1.5 1.39905e-13 0)
(1.5 7.58563e-14 0)
(1.5 4.98856e-15 0)
(1.5 -1.92908e-15 0)
(1.5 -1.30394e-13 0)
(1.5 -2.81333e-13 0)
(1.5 -3.5439e-13 0)
(1.5 -4.52112e-13 0)
(1.5 -3.26748e-13 0)
(1.5 -1.89682e-13 0)
(1.5 -2.79706e-13 0)
(1.5 -3.67813e-13 0)
(1.5 -4.58055e-13 0)
(1.5 -5.75775e-13 0)
(1.5 -5.17275e-13 0)
(1.5 -4.52848e-13 0)
(1.5 -4.55917e-13 0)
(1.5 -4.29805e-13 0)
(1.5 -2.43207e-13 0)
(1.5 -2.07959e-13 0)
(1.5 -2.08626e-13 0)
(1.5 -1.00322e-13 0)
(1.5 1.05759e-13 0)
(1.5 1.32865e-13 0)
(1.5 1.77742e-13 0)
(1.5 1.83576e-13 0)
(1.5 2.43608e-13 0)
(1.5 3.52794e-13 0)
(1.5 3.95807e-13 0)
(1.5 3.79281e-13 0)
(1.5 3.83298e-13 0)
(1.5 4.22835e-13 0)
(1.5 5.00832e-13 0)
(1.5 5.96067e-13 0)
(1.5 5.93901e-13 0)
(1.5 5.48347e-13 0)
(1.5 4.34913e-13 0)
(1.5 3.45116e-13 0)
(1.5 2.82069e-13 0)
(1.5 2.23135e-13 0)
(1.5 8.83918e-14 0)
(1.5 9.37391e-14 0)
(1.5 2.09577e-13 0)
(1.5 1.78192e-13 0)
(1.5 1.50064e-13 0)
(1.5 4.05504e-15 0)
(1.5 1.70771e-14 0)
(1.5 -1.32085e-13 0)
(1.5 -1.45732e-13 0)
(1.5 -3.75158e-14 0)
(1.5 4.1091e-14 0)
(1.5 4.55737e-14 0)
(1.5 2.04546e-14 0)
(1.5 8.7764e-15 0)
(1.5 -3.66351e-14 0)
(1.5 -5.3832e-14 0)
(1.5 9.85055e-15 0)
(1.5 2.62893e-14 0)
(1.5 1.06359e-13 0)
(1.5 5.33542e-14 0)
(1.5 -5.26582e-14 0)
(1.5 -4.69019e-14 0)
(1.5 2.84238e-14 0)
(1.5 3.37271e-14 0)
(1.5 -4.76419e-14 0)
(1.5 -1.15687e-13 0)
(1.5 -2.1687e-13 0)
(1.5 -2.23548e-13 0)
(1.5 -2.38434e-13 0)
(1.5 -2.41397e-13 0)
(1.5 -2.28099e-13 0)
(1.5 -3.11669e-13 0)
(1.5 -2.37049e-13 0)
(1.5 -2.22344e-13 0)
(1.5 -2.41185e-13 0)
(1.5 -3.89919e-13 0)
(1.5 -4.96953e-13 0)
(1.5 -4.45752e-13 0)
(1.5 -2.49247e-13 0)
(1.5 -1.25725e-13 0)
(1.5 2.55155e-14 0)
(1.5 -1.19446e-13 0)
(1.5 -2.30594e-13 0)
(1.5 -3.2974e-13 0)
(1.5 -4.19662e-13 0)
(1.5 -4.0566e-13 0)
(1.5 -3.525e-13 0)
(1.5 -9.06525e-14 0)
(1.5 1.17191e-13 0)
(1.5 2.89498e-13 0)
(1.5 2.5769e-13 0)
(1.5 2.15118e-13 0)
(1.5 8.38157e-14 0)
(1.5 -1.3952e-14 0)
(1.5 -5.1601e-14 0)
(1.5 -7.47194e-14 0)
(1.5 -4.63991e-14 0)
(1.5 -3.50602e-14 0)
(1.5 -5.41826e-14 0)
(1.5 -1.52836e-14 0)
(1.5 -8.85498e-14 0)
(1.5 -2.1513e-13 0)
(1.5 -1.96277e-13 0)
(1.5 -2.22982e-13 0)
(1.5 -3.14506e-13 0)
(1.5 -3.12401e-13 0)
(1.5 -3.2297e-13 0)
(1.5 -3.43035e-13 0)
(1.5 -2.89652e-13 0)
(1.5 -1.46608e-13 0)
(1.5 -4.12983e-14 0)
(1.5 -9.35604e-14 0)
(1.5 -2.03531e-13 0)
(1.5 -1.90744e-13 0)
(1.5 -6.60527e-14 0)
(1.5 -1.20227e-13 0)
(1.5 -1.15447e-13 0)
(1.5 -1.1296e-13 0)
(1.5 -9.11264e-14 0)
(1.5 1.18474e-14 0)
(1.5 -8.03885e-14 0)
(1.5 -2.41379e-13 0)
(1.5 -2.29583e-13 0)
(1.5 -1.93513e-13 0)
(1.5 -1.26469e-13 0)
(1.5 -1.92787e-13 0)
(1.5 -2.2511e-13 0)
(1.5 -3.09673e-13 0)
(1.5 -5.06403e-13 0)
(1.5 -6.93191e-13 0)
(1.5 -7.80938e-13 0)
(1.5 -9.4395e-15 0)
(1.5 -1.47012e-13 0)
(1.5 -1.69686e-13 0)
(1.5 -2.04875e-13 0)
(1.5 -1.50264e-13 0)
(1.5 -1.16996e-13 0)
(1.5 4.57316e-14 0)
(1.5 1.97972e-13 0)
(1.5 3.17114e-13 0)
(1.5 4.21662e-13 0)
(1.5 5.63435e-13 0)
(1.5 4.59296e-13 0)
(1.5 3.78654e-13 0)
(1.5 3.97254e-13 0)
(1.5 2.18845e-13 0)
(1.5 1.36462e-13 0)
(1.5 1.93655e-14 0)
(1.5 -5.68983e-14 0)
(1.5 -1.20452e-13 0)
(1.5 -1.96368e-13 0)
(1.5 -1.20985e-13 0)
(1.5 -1.36516e-13 0)
(1.5 -1.38468e-13 0)
(1.5 -1.66197e-13 0)
(1.5 -2.57774e-13 0)
(1.5 -2.10605e-13 0)
(1.5 -2.52795e-13 0)
(1.5 -1.79691e-13 0)
(1.5 -1.31879e-13 0)
(1.5 -2.11672e-13 0)
(1.5 -3.45012e-13 0)
(1.5 -2.64607e-13 0)
(1.5 -1.00132e-13 0)
(1.5 -1.00485e-13 0)
(1.5 -1.14221e-13 0)
(1.5 -2.72371e-13 0)
(1.5 -3.22858e-13 0)
(1.5 -3.02637e-13 0)
(1.5 -2.75353e-13 0)
(1.5 -3.30951e-13 0)
(1.5 -2.46965e-13 0)
(1.5 -8.60857e-14 0)
(1.5 1.61726e-14 0)
(1.5 3.93752e-14 0)
(1.5 1.05418e-13 0)
(1.5 6.58267e-14 0)
(1.5 4.43221e-14 0)
(1.5 2.06337e-14 0)
(1.5 3.39356e-14 0)
(1.5 1.2301e-13 0)
(1.5 7.55283e-14 0)
(1.5 9.79572e-14 0)
(1.5 1.22327e-13 0)
(1.5 1.3805e-13 0)
(1.5 1.48437e-13 0)
(1.5 1.12943e-13 0)
(1.5 8.22251e-14 0)
(1.5 -1.79587e-14 0)
(1.5 4.43825e-14 0)
(1.5 1.16808e-13 0)
(1.5 1.52205e-13 0)
(1.5 6.71954e-14 0)
(1.5 1.05658e-13 0)
(1.5 1.92568e-13 0)
(1.5 1.41927e-13 0)
(1.5 7.21498e-14 0)
(1.5 1.73089e-14 0)
(1.5 4.13264e-14 0)
(1.5 8.80917e-14 0)
(1.5 5.20073e-14 0)
(1.5 4.95717e-14 0)
(1.5 -7.19448e-15 0)
(1.5 1.85135e-16 0)
(1.5 -7.19266e-14 0)
(1.5 -9.52312e-14 0)
(1.5 -1.3042e-13 0)
(1.5 -2.43952e-13 0)
(1.5 -2.77005e-13 0)
(1.5 -2.61401e-13 0)
(1.5 -2.75254e-13 0)
(1.5 -3.57466e-13 0)
(1.5 -4.40131e-13 0)
(1.5 -4.44769e-13 0)
(1.5 -4.22291e-13 0)
(1.5 -2.93141e-13 0)
(1.5 -2.65745e-13 0)
(1.5 -2.73533e-13 0)
(1.5 -1.86012e-13 0)
(1.5 -2.59872e-13 0)
(1.5 -3.16413e-13 0)
(1.5 -1.72538e-13 0)
(1.5 -5.80903e-14 0)
(1.5 1.53173e-14 0)
(1.5 2.95822e-14 0)
(1.5 2.06501e-14 0)
(1.5 2.41363e-13 0)
(1.5 3.50017e-13 0)
(1.5 4.53622e-13 0)
(1.5 4.34004e-13 0)
(1.5 5.01292e-13 0)
(1.5 5.08471e-13 0)
(1.5 4.68911e-13 0)
(1.5 4.17391e-13 0)
(1.5 3.63041e-13 0)
(1.5 3.56815e-13 0)
(1.5 3.99493e-13 0)
(1.5 3.17075e-13 0)
(1.5 2.87216e-13 0)
(1.5 2.47063e-13 0)
(1.5 1.40378e-13 0)
(1.5 1.46792e-13 0)
(1.5 2.01154e-13 0)
(1.5 1.99546e-13 0)
(1.5 2.21618e-13 0)
(1.5 1.05118e-13 0)
(1.5 7.38392e-14 0)
(1.5 7.11545e-14 0)
(1.5 7.71417e-14 0)
(1.5 1.21756e-13 0)
(1.5 9.75231e-14 0)
(1.5 9.24561e-14 0)
(1.5 6.6027e-14 0)
(1.5 3.37536e-14 0)
(1.5 6.16465e-14 0)
(1.5 -1.18852e-14 0)
(1.5 -1.97901e-14 0)
(1.5 -1.18278e-14 0)
(1.5 6.3567e-14 0)
(1.5 -3.14348e-14 0)
(1.5 -1.31623e-13 0)
(1.5 -1.19501e-13 0)
(1.5 -8.62342e-14 0)
(1.5 -3.55146e-14 0)
(1.5 -3.00754e-14 0)
(1.5 -5.43556e-14 0)
(1.5 -5.632e-14 0)
(1.5 -1.03256e-13 0)
(1.5 -2.05134e-13 0)
(1.5 -1.77786e-13 0)
(1.5 -1.89842e-13 0)
(1.5 -2.49189e-13 0)
(1.5 -2.93314e-13 0)
(1.5 -2.97813e-13 0)
(1.5 -3.63621e-13 0)
(1.5 -4.27985e-13 0)
(1.5 -4.11751e-13 0)
(1.5 -3.72554e-13 0)
(1.5 -2.12836e-13 0)
(1.5 -8.77419e-14 0)
(1.5 -7.69478e-14 0)
(1.5 -1.49599e-13 0)
(1.5 -2.10956e-13 0)
(1.5 -2.03763e-13 0)
(1.5 -2.33981e-13 0)
(1.5 -1.92203e-13 0)
(1.5 -2.33673e-13 0)
(1.5 -1.01927e-13 0)
(1.5 9.05628e-14 0)
(1.5 2.7805e-13 0)
(1.5 2.78164e-13 0)
(1.5 3.10499e-13 0)
(1.5 2.02753e-13 0)
(1.5 4.2602e-14 0)
(1.5 -1.42742e-14 0)
(1.5 -1.03375e-13 0)
(1.5 -5.82783e-14 0)
(1.5 -9.89226e-16 0)
(1.5 9.83756e-15 0)
(1.5 1.30735e-13 0)
(1.5 3.80932e-14 0)
(1.5 1.75042e-14 0)
(1.5 7.2199e-15 0)
(1.5 -8.39381e-14 0)
(1.5 -2.10996e-13 0)
(1.5 -2.61557e-13 0)
(1.5 -2.22282e-13 0)
(1.5 -1.83925e-13 0)
(1.5 -1.35811e-13 0)
(1.5 4.21274e-14 0)
(1.5 1.53104e-14 0)
(1.5 -5.23952e-14 0)
(1.5 -1.40504e-13 0)
(1.5 -1.26629e-13 0)
(1.5 -1.2749e-14 0)
(1.5 -1.24794e-13 0)
(1.5 -4.84169e-14 0)
(1.5 -4.05403e-14 0)
(1.5 -6.71468e-14 0)
(1.5 6.35428e-14 0)
(1.5 -8.51246e-15 0)
(1.5 -1.6673e-13 0)
(1.5 -3.88806e-14 0)
(1.5 -7.7729e-14 0)
(1.5 -3.40279e-14 0)
(1.5 -9.56671e-14 0)
(1.5 -2.3411e-13 0)
(1.5 -2.54189e-13 0)
(1.5 -4.629e-13 0)
(1.5 -5.30021e-13 0)
(1.5 -6.89732e-13 0)
(1.5 -7.94943e-14 0)
(1.5 -1.87472e-13 0)
(1.5 -2.4607e-13 0)
(1.5 -2.4142e-13 0)
(1.5 -1.30785e-13 0)
(1.5 -1.66165e-14 0)
(1.5 1.18959e-13 0)
(1.5 2.21418e-13 0)
(1.5 2.74022e-13 0)
(1.5 2.94052e-13 0)
(1.5 3.89947e-13 0)
(1.5 4.03446e-13 0)
(1.5 3.06542e-13 0)
(1.5 1.65576e-13 0)
(1.5 9.26227e-15 0)
(1.5 8.13586e-14 0)
(1.5 5.54407e-14 0)
(1.5 5.42956e-14 0)
(1.5 3.06425e-14 0)
(1.5 -1.43794e-14 0)
(1.5 8.22116e-14 0)
(1.5 6.28974e-14 0)
(1.5 -8.80213e-15 0)
(1.5 -5.35846e-14 0)
(1.5 -1.01148e-13 0)
(1.5 -6.76102e-14 0)
(1.5 -6.10989e-14 0)
(1.5 -8.20033e-14 0)
(1.5 -3.91327e-14 0)
(1.5 -7.98961e-14 0)
(1.5 -9.03407e-14 0)
(1.5 -1.21039e-13 0)
(1.5 -4.83616e-14 0)
(1.5 -2.01315e-14 0)
(1.5 -5.15925e-14 0)
(1.5 -1.28894e-13 0)
(1.5 -1.82471e-13 0)
(1.5 -1.38498e-13 0)
(1.5 -1.03302e-13 0)
(1.5 -1.60432e-13 0)
(1.5 -1.64741e-13 0)
(1.5 -9.09847e-14 0)
(1.5 -7.85683e-14 0)
(1.5 -4.88426e-14 0)
(1.5 2.7292e-14 0)
(1.5 3.72661e-14 0)
(1.5 4.38291e-14 0)
(1.5 8.46081e-14 0)
(1.5 1.2072e-13 0)
(1.5 1.67266e-13 0)
(1.5 1.54005e-13 0)
(1.5 1.64316e-13 0)
(1.5 1.46738e-13 0)
(1.5 1.79609e-13 0)
(1.5 1.60434e-13 0)
(1.5 1.22044e-13 0)
(1.5 6.65075e-14 0)
(1.5 -3.3034e-14 0)
(1.5 -5.61123e-15 0)
(1.5 3.64091e-14 0)
(1.5 5.7533e-14 0)
(1.5 4.99674e-14 0)
(1.5 8.53274e-14 0)
(1.5 1.41551e-13 0)
(1.5 6.64758e-14 0)
(1.5 1.35529e-13 0)
(1.5 7.78054e-14 0)
(1.5 8.96952e-14 0)
(1.5 8.88295e-14 0)
(1.5 4.44501e-14 0)
(1.5 8.36338e-14 0)
(1.5 3.55374e-14 0)
(1.5 7.35778e-14 0)
(1.5 5.1184e-14 0)
(1.5 3.54452e-14 0)
(1.5 7.46664e-15 0)
(1.5 -6.21731e-14 0)
(1.5 -1.46241e-13 0)
(1.5 -2.09052e-13 0)
(1.5 -1.56222e-13 0)
(1.5 -1.91472e-13 0)
(1.5 -2.81709e-13 0)
(1.5 -2.5181e-13 0)
(1.5 -3.48452e-13 0)
(1.5 -2.66011e-13 0)
(1.5 -1.71798e-13 0)
(1.5 -1.8156e-13 0)
(1.5 -2.03086e-13 0)
(1.5 -3.78826e-13 0)
(1.5 -4.08846e-13 0)
(1.5 -3.40021e-13 0)
(1.5 -2.85625e-13 0)
(1.5 -1.76971e-13 0)
(1.5 -1.63797e-13 0)
(1.5 -7.30099e-14 0)
(1.5 1.24519e-13 0)
(1.5 1.89603e-13 0)
(1.5 2.95159e-13 0)
(1.5 3.52288e-13 0)
(1.5 3.50101e-13 0)
(1.5 3.76555e-13 0)
(1.5 3.70874e-13 0)
(1.5 3.41131e-13 0)
(1.5 2.9553e-13 0)
(1.5 2.53661e-13 0)
(1.5 4.27782e-13 0)
(1.5 3.46492e-13 0)
(1.5 2.09917e-13 0)
(1.5 5.01008e-14 0)
(1.5 -5.45037e-14 0)
(1.5 2.03331e-14 0)
(1.5 4.93165e-14 0)
(1.5 1.30631e-13 0)
(1.5 1.9933e-13 0)
(1.5 2.00285e-13 0)
(1.5 6.78696e-14 0)
(1.5 1.01211e-13 0)
(1.5 9.64056e-14 0)
(1.5 1.05225e-13 0)
(1.5 1.74362e-14 0)
(1.5 -3.61945e-14 0)
(1.5 4.19038e-15 0)
(1.5 5.2768e-14 0)
(1.5 7.92233e-14 0)
(1.5 4.1116e-14 0)
(1.5 -5.03573e-14 0)
(1.5 -1.19907e-13 0)
(1.5 -7.88633e-14 0)
(1.5 -1.04719e-13 0)
(1.5 -9.55374e-14 0)
(1.5 -7.62537e-14 0)
(1.5 -6.17898e-14 0)
(1.5 -1.74359e-14 0)
(1.5 1.12744e-14 0)
(1.5 1.14262e-14 0)
(1.5 -4.55403e-16 0)
(1.5 -1.11673e-13 0)
(1.5 -1.72517e-13 0)
(1.5 -2.07634e-13 0)
(1.5 -2.06933e-13 0)
(1.5 -2.33366e-13 0)
(1.5 -3.15825e-13 0)
(1.5 -3.92639e-13 0)
(1.5 -4.91577e-13 0)
(1.5 -3.96831e-13 0)
(1.5 -2.37592e-13 0)
(1.5 -1.7325e-13 0)
(1.5 -1.99327e-13 0)
(1.5 -1.20125e-13 0)
(1.5 -4.69334e-14 0)
(1.5 2.14969e-14 0)
(1.5 4.42379e-14 0)
(1.5 5.33421e-14 0)
(1.5 -4.10027e-14 0)
(1.5 -1.77248e-13 0)
(1.5 -2.55602e-13 0)
(1.5 -2.21171e-13 0)
(1.5 -9.22895e-14 0)
(1.5 5.5848e-14 0)
(1.5 2.03108e-13 0)
(1.5 2.17141e-13 0)
(1.5 1.20719e-13 0)
(1.5 -7.16665e-14 0)
(1.5 -1.10176e-13 0)
(1.5 -1.81428e-13 0)
(1.5 -2.02093e-13 0)
(1.5 -8.98404e-14 0)
(1.5 -4.34929e-14 0)
(1.5 7.66805e-14 0)
(1.5 6.35478e-14 0)
(1.5 8.48565e-14 0)
(1.5 6.46079e-14 0)
(1.5 -1.70208e-14 0)
(1.5 -8.02814e-14 0)
(1.5 -2.22975e-13 0)
(1.5 -1.98502e-13 0)
(1.5 -6.45619e-14 0)
(1.5 -5.28512e-14 0)
(1.5 3.14064e-14 0)
(1.5 5.27404e-15 0)
(1.5 -7.77139e-14 0)
(1.5 -6.71529e-14 0)
(1.5 -4.43163e-14 0)
(1.5 -2.88883e-14 0)
(1.5 -2.99597e-14 0)
(1.5 3.86362e-14 0)
(1.5 9.77545e-14 0)
(1.5 3.017e-14 0)
(1.5 1.10574e-13 0)
(1.5 1.19016e-13 0)
(1.5 8.07089e-14 0)
(1.5 1.45051e-13 0)
(1.5 2.93296e-14 0)
(1.5 6.4864e-15 0)
(1.5 4.52694e-14 0)
(1.5 -6.60685e-14 0)
(1.5 -1.85748e-13 0)
(1.5 -3.69194e-13 0)
(1.5 -4.40046e-13 0)
(1.5 -5.48829e-13 0)
(1.5 -4.60109e-14 0)
(1.5 -7.54564e-14 0)
(1.5 -2.14065e-13 0)
(1.5 -2.56913e-13 0)
(1.5 -2.45627e-13 0)
(1.5 -1.14264e-13 0)
(1.5 -3.54071e-14 0)
(1.5 8.74422e-14 0)
(1.5 1.33748e-13 0)
(1.5 2.33524e-13 0)
(1.5 2.87567e-13 0)
(1.5 2.87002e-13 0)
(1.5 2.15223e-13 0)
(1.5 5.86593e-14 0)
(1.5 2.15086e-14 0)
(1.5 7.42764e-14 0)
(1.5 6.30434e-14 0)
(1.5 1.09087e-13 0)
(1.5 1.73948e-13 0)
(1.5 1.69668e-13 0)
(1.5 2.06964e-13 0)
(1.5 1.80602e-13 0)
(1.5 7.68369e-14 0)
(1.5 2.45684e-14 0)
(1.5 4.82319e-16 0)
(1.5 9.39045e-15 0)
(1.5 7.6935e-14 0)
(1.5 -2.64772e-14 0)
(1.5 -5.04814e-16 0)
(1.5 -1.67624e-14 0)
(1.5 6.28883e-14 0)
(1.5 -8.03073e-14 0)
(1.5 -1.16773e-13 0)
(1.5 -7.29638e-14 0)
(1.5 -7.88753e-14 0)
(1.5 -7.22548e-14 0)
(1.5 -1.26677e-13 0)
(1.5 -7.7338e-14 0)
(1.5 2.27722e-15 0)
(1.5 4.78294e-16 0)
(1.5 -2.68461e-14 0)
(1.5 -2.94815e-14 0)
(1.5 -6.55724e-14 0)
(1.5 -9.47033e-14 0)
(1.5 -3.93717e-14 0)
(1.5 3.48324e-14 0)
(1.5 5.48468e-14 0)
(1.5 1.29387e-13 0)
(1.5 1.36716e-13 0)
(1.5 1.22685e-13 0)
(1.5 1.68802e-13 0)
(1.5 1.43515e-13 0)
(1.5 1.47686e-13 0)
(1.5 1.40623e-13 0)
(1.5 1.16136e-13 0)
(1.5 8.83235e-14 0)
(1.5 4.47547e-14 0)
(1.5 -7.50436e-16 0)
(1.5 -1.91333e-14 0)
(1.5 3.22931e-14 0)
(1.5 -1.30024e-15 0)
(1.5 5.87073e-14 0)
(1.5 8.67179e-14 0)
(1.5 7.45267e-14 0)
(1.5 1.04658e-14 0)
(1.5 8.33866e-14 0)
(1.5 9.7725e-14 0)
(1.5 1.20112e-13 0)
(1.5 1.04433e-13 0)
(1.5 7.75634e-14 0)
(1.5 4.11414e-14 0)
(1.5 1.27487e-13 0)
(1.5 1.37477e-13 0)
(1.5 1.63296e-13 0)
(1.5 1.13856e-13 0)
(1.5 5.32881e-14 0)
(1.5 4.91691e-14 0)
(1.5 -3.15258e-14 0)
(1.5 -8.58919e-14 0)
(1.5 -6.08662e-14 0)
(1.5 -2.87698e-14 0)
(1.5 -1.47318e-13 0)
(1.5 -1.94811e-13 0)
(1.5 -2.67255e-13 0)
(1.5 -2.38409e-13 0)
(1.5 -1.61881e-13 0)
(1.5 -7.92978e-14 0)
(1.5 -2.2615e-13 0)
(1.5 -4.60009e-13 0)
(1.5 -3.56431e-13 0)
(1.5 -3.66238e-13 0)
(1.5 -3.97048e-13 0)
(1.5 -2.94284e-13 0)
(1.5 -2.62143e-13 0)
(1.5 -1.26391e-13 0)
(1.5 -2.7682e-14 0)
(1.5 4.22122e-14 0)
(1.5 1.36857e-13 0)
(1.5 2.51991e-13 0)
(1.5 2.64504e-13 0)
(1.5 2.42697e-13 0)
(1.5 2.57402e-13 0)
(1.5 3.04797e-13 0)
(1.5 3.92632e-13 0)
(1.5 3.70835e-13 0)
(1.5 4.46322e-13 0)
(1.5 2.99987e-13 0)
(1.5 1.43816e-13 0)
(1.5 -1.11342e-13 0)
(1.5 -1.81233e-13 0)
(1.5 -5.62792e-14 0)
(1.5 3.74636e-14 0)
(1.5 1.06705e-13 0)
(1.5 1.6084e-13 0)
(1.5 2.40822e-13 0)
(1.5 1.13006e-13 0)
(1.5 7.90261e-14 0)
(1.5 9.72069e-14 0)
(1.5 -1.10591e-14 0)
(1.5 -6.05224e-14 0)
(1.5 -3.08763e-14 0)
(1.5 -2.91876e-14 0)
(1.5 -2.41191e-14 0)
(1.5 -4.67155e-14 0)
(1.5 3.75072e-14 0)
(1.5 -2.99459e-14 0)
(1.5 -2.02323e-13 0)
(1.5 -2.32415e-13 0)
(1.5 -1.17196e-13 0)
(1.5 4.1513e-14 0)
(1.5 -2.04732e-14 0)
(1.5 -5.67866e-15 0)
(1.5 -4.88442e-15 0)
(1.5 -2.54939e-14 0)
(1.5 9.45608e-15 0)
(1.5 -4.88292e-14 0)
(1.5 -1.18918e-13 0)
(1.5 -1.22844e-13 0)
(1.5 -1.83877e-13 0)
(1.5 -1.25985e-13 0)
(1.5 -1.1706e-13 0)
(1.5 -8.30918e-14 0)
(1.5 -2.58556e-13 0)
(1.5 -3.15133e-13 0)
(1.5 -2.05976e-13 0)
(1.5 -1.37956e-14 0)
(1.5 1.4108e-14 0)
(1.5 -1.63603e-13 0)
(1.5 -1.98283e-13 0)
(1.5 -4.87155e-14 0)
(1.5 1.9003e-13 0)
(1.5 2.39739e-13 0)
(1.5 1.32733e-13 0)
(1.5 -5.98489e-15 0)
(1.5 -1.78809e-13 0)
(1.5 -2.55215e-13 0)
(1.5 -1.97188e-13 0)
(1.5 -1.1757e-13 0)
(1.5 -5.03513e-14 0)
(1.5 6.72344e-14 0)
(1.5 7.17658e-14 0)
(1.5 -2.93023e-14 0)
(1.5 -1.80168e-13 0)
(1.5 -1.85747e-13 0)
(1.5 -1.88298e-13 0)
(1.5 -1.87132e-13 0)
(1.5 -4.74019e-14 0)
(1.5 2.93252e-14 0)
(1.5 4.06257e-14 0)
(1.5 1.06104e-13 0)
(1.5 2.04003e-13 0)
(1.5 2.18607e-13 0)
(1.5 7.01548e-14 0)
(1.5 -2.75123e-14 0)
(1.5 -1.12479e-13 0)
(1.5 -9.958e-14 0)
(1.5 2.52413e-14 0)
(1.5 -8.04227e-14 0)
(1.5 -6.41598e-14 0)
(1.5 -3.30153e-15 0)
(1.5 -2.02314e-15 0)
(1.5 3.16292e-14 0)
(1.5 -4.64931e-14 0)
(1.5 -9.60782e-14 0)
(1.5 -1.72355e-14 0)
(1.5 2.90549e-15 0)
(1.5 1.45517e-13 0)
(1.5 1.03864e-13 0)
(1.5 4.93283e-14 0)
(1.5 1.02256e-13 0)
(1.5 1.64415e-13 0)
(1.5 1.76624e-13 0)
(1.5 9.42254e-14 0)
(1.5 1.77283e-14 0)
(1.5 8.15597e-14 0)
(1.5 1.32348e-14 0)
(1.5 -2.21813e-13 0)
(1.5 -3.81035e-13 0)
(1.5 -4.71453e-13 0)
(1.5 -5.12495e-13 0)
(1.5 -4.11702e-15 0)
(1.5 7.67635e-15 0)
(1.5 -1.30467e-13 0)
(1.5 -2.19985e-13 0)
(1.5 -2.23468e-13 0)
(1.5 -1.58762e-13 0)
(1.5 -1.37274e-13 0)
(1.5 -2.95386e-14 0)
(1.5 1.21734e-13 0)
(1.5 2.22764e-13 0)
(1.5 2.11349e-13 0)
(1.5 1.34168e-13 0)
(1.5 1.20599e-13 0)
(1.5 8.67792e-14 0)
(1.5 8.69013e-14 0)
(1.5 1.2501e-13 0)
(1.5 9.75544e-14 0)
(1.5 8.02043e-14 0)
(1.5 1.80668e-13 0)
(1.5 2.45497e-13 0)
(1.5 2.50688e-13 0)
(1.5 1.65903e-13 0)
(1.5 7.43814e-14 0)
(1.5 3.23198e-14 0)
(1.5 2.51617e-14 0)
(1.5 2.73835e-14 0)
(1.5 1.17778e-13 0)
(1.5 4.10902e-14 0)
(1.5 9.02769e-14 0)
(1.5 7.18878e-14 0)
(1.5 6.15168e-14 0)
(1.5 -7.30871e-14 0)
(1.5 -1.001e-13 0)
(1.5 -6.16063e-14 0)
(1.5 -3.29113e-14 0)
(1.5 3.91285e-15 0)
(1.5 -8.18579e-14 0)
(1.5 -9.93246e-14 0)
(1.5 3.94872e-14 0)
(1.5 1.19226e-13 0)
(1.5 1.33488e-13 0)
(1.5 7.56219e-14 0)
(1.5 4.52271e-14 0)
(1.5 -1.42179e-14 0)
(1.5 -3.50946e-14 0)
(1.5 -1.07456e-15 0)
(1.5 1.05469e-14 0)
(1.5 8.97529e-14 0)
(1.5 1.13503e-13 0)
(1.5 1.23606e-13 0)
(1.5 1.38928e-13 0)
(1.5 8.764e-14 0)
(1.5 1.041e-13 0)
(1.5 1.05889e-13 0)
(1.5 7.67021e-14 0)
(1.5 6.33892e-14 0)
(1.5 2.02558e-14 0)
(1.5 3.40457e-14 0)
(1.5 2.65698e-15 0)
(1.5 3.86227e-15 0)
(1.5 2.67414e-14 0)
(1.5 9.9413e-14 0)
(1.5 1.08586e-13 0)
(1.5 1.06981e-13 0)
(1.5 6.26697e-14 0)
(1.5 3.12544e-14 0)
(1.5 9.41457e-14 0)
(1.5 1.34464e-13 0)
(1.5 9.30363e-14 0)
(1.5 9.26776e-14 0)
(1.5 1.36778e-14 0)
(1.5 1.02559e-13 0)
(1.5 8.75308e-14 0)
(1.5 1.8567e-13 0)
(1.5 1.76992e-13 0)
(1.5 3.62927e-14 0)
(1.5 2.6186e-14 0)
(1.5 1.69864e-15 0)
(1.5 -2.49286e-14 0)
(1.5 1.74275e-14 0)
(1.5 3.18041e-14 0)
(1.5 -6.27359e-14 0)
(1.5 -1.80633e-13 0)
(1.5 -1.64187e-13 0)
(1.5 -1.43486e-13 0)
(1.5 -1.25747e-13 0)
(1.5 -3.9932e-14 0)
(1.5 -1.63057e-13 0)
(1.5 -3.23766e-13 0)
(1.5 -2.07316e-13 0)
(1.5 -2.2739e-13 0)
(1.5 -2.8639e-13 0)
(1.5 -2.03139e-13 0)
(1.5 -1.7607e-13 0)
(1.5 -8.64743e-14 0)
(1.5 -4.32732e-14 0)
(1.5 -2.38447e-15 0)
(1.5 1.009e-13 0)
(1.5 2.0529e-13 0)
(1.5 2.57032e-13 0)
(1.5 2.07749e-13 0)
(1.5 2.45847e-13 0)
(1.5 2.94013e-13 0)
(1.5 3.47589e-13 0)
(1.5 3.0864e-13 0)
(1.5 2.28214e-13 0)
(1.5 1.45235e-13 0)
(1.5 7.88558e-14 0)
(1.5 -7.92406e-14 0)
(1.5 -2.87101e-14 0)
(1.5 1.64835e-14 0)
(1.5 7.15187e-14 0)
(1.5 1.22974e-13 0)
(1.5 2.30362e-13 0)
(1.5 2.40151e-13 0)
(1.5 1.28634e-13 0)
(1.5 6.96798e-14 0)
(1.5 1.35544e-13 0)
(1.5 -3.81027e-14 0)
(1.5 -3.70432e-14 0)
(1.5 1.93203e-14 0)
(1.5 1.58438e-15 0)
(1.5 2.19956e-15 0)
(1.5 -1.00196e-13 0)
(1.5 2.5221e-15 0)
(1.5 -1.47658e-15 0)
(1.5 -1.05306e-13 0)
(1.5 -2.15028e-13 0)
(1.5 -1.54253e-13 0)
(1.5 -3.58661e-15 0)
(1.5 -6.66164e-14 0)
(1.5 -1.66348e-14 0)
(1.5 6.39959e-15 0)
(1.5 -4.06892e-15 0)
(1.5 6.72211e-14 0)
(1.5 -6.45046e-15 0)
(1.5 -6.02415e-14 0)
(1.5 -7.92585e-14 0)
(1.5 -1.19435e-13 0)
(1.5 -7.79314e-14 0)
(1.5 -3.2603e-14 0)
(1.5 -1.46969e-14 0)
(1.5 -1.6023e-13 0)
(1.5 -2.16936e-13 0)
(1.5 -9.42339e-14 0)
(1.5 4.50528e-14 0)
(1.5 3.66983e-14 0)
(1.5 -9.14127e-14 0)
(1.5 -1.76383e-13 0)
(1.5 -1.46074e-13 0)
(1.5 3.86935e-14 0)
(1.5 8.03018e-14 0)
(1.5 2.22583e-14 0)
(1.5 -1.00645e-14 0)
(1.5 -1.1841e-13 0)
(1.5 -2.21914e-13 0)
(1.5 -1.59473e-13 0)
(1.5 7.12327e-16 0)
(1.5 5.07062e-14 0)
(1.5 9.58949e-14 0)
(1.5 9.14731e-14 0)
(1.5 -3.72132e-14 0)
(1.5 -1.2906e-13 0)
(1.5 -2.10867e-13 0)
(1.5 -2.27324e-13 0)
(1.5 -1.48501e-13 0)
(1.5 -1.01865e-13 0)
(1.5 -2.0027e-15 0)
(1.5 1.39272e-14 0)
(1.5 1.19544e-13 0)
(1.5 2.41723e-13 0)
(1.5 2.43589e-13 0)
(1.5 1.32659e-13 0)
(1.5 5.42128e-14 0)
(1.5 3.65849e-14 0)
(1.5 -3.60998e-14 0)
(1.5 -4.53426e-14 0)
(1.5 -1.50305e-13 0)
(1.5 -1.30064e-13 0)
(1.5 -3.00557e-14 0)
(1.5 6.04774e-14 0)
(1.5 4.56545e-14 0)
(1.5 -1.46506e-13 0)
(1.5 -1.67932e-13 0)
(1.5 -6.90367e-14 0)
(1.5 -1.32037e-14 0)
(1.5 1.20145e-13 0)
(1.5 1.35175e-13 0)
(1.5 2.32541e-14 0)
(1.5 4.78781e-14 0)
(1.5 6.65859e-14 0)
(1.5 1.35962e-13 0)
(1.5 1.64694e-13 0)
(1.5 1.16596e-13 0)
(1.5 3.74148e-14 0)
(1.5 -3.98756e-14 0)
(1.5 -1.59737e-13 0)
(1.5 -3.0581e-13 0)
(1.5 -3.92532e-13 0)
(1.5 -3.90755e-13 0)
(1.5 7.32649e-15 0)
(1.5 1.41455e-14 0)
(1.5 -5.07858e-14 0)
(1.5 -1.18727e-13 0)
(1.5 -1.0529e-13 0)
(1.5 -8.52129e-14 0)
(1.5 -9.53893e-14 0)
(1.5 -6.68149e-14 0)
(1.5 7.44004e-14 0)
(1.5 1.47742e-13 0)
(1.5 1.42056e-13 0)
(1.5 9.83178e-14 0)
(1.5 1.00136e-13 0)
(1.5 1.04079e-13 0)
(1.5 1.0071e-13 0)
(1.5 1.19301e-13 0)
(1.5 1.03258e-13 0)
(1.5 7.07057e-14 0)
(1.5 1.43087e-13 0)
(1.5 2.44669e-13 0)
(1.5 2.50957e-13 0)
(1.5 1.88796e-13 0)
(1.5 1.25142e-13 0)
(1.5 9.93415e-14 0)
(1.5 1.12368e-13 0)
(1.5 1.28569e-13 0)
(1.5 1.73998e-13 0)
(1.5 1.36168e-13 0)
(1.5 1.64715e-13 0)
(1.5 1.6623e-13 0)
(1.5 7.52998e-14 0)
(1.5 6.29022e-15 0)
(1.5 1.09043e-14 0)
(1.5 3.63938e-14 0)
(1.5 8.81777e-14 0)
(1.5 1.22453e-13 0)
(1.5 5.89257e-14 0)
(1.5 -2.8669e-15 0)
(1.5 9.39099e-14 0)
(1.5 1.62912e-13 0)
(1.5 2.15194e-13 0)
(1.5 1.81376e-13 0)
(1.5 1.51554e-13 0)
(1.5 1.20049e-13 0)
(1.5 7.16083e-14 0)
(1.5 4.71576e-14 0)
(1.5 3.61933e-14 0)
(1.5 8.95839e-14 0)
(1.5 1.30221e-13 0)
(1.5 1.53172e-13 0)
(1.5 1.57032e-13 0)
(1.5 1.05628e-13 0)
(1.5 1.12609e-13 0)
(1.5 1.31744e-13 0)
(1.5 1.11793e-13 0)
(1.5 1.12711e-13 0)
(1.5 9.14919e-14 0)
(1.5 1.06139e-13 0)
(1.5 8.36428e-14 0)
(1.5 4.16963e-14 0)
(1.5 1.02772e-13 0)
(1.5 1.58433e-13 0)
(1.5 1.68227e-13 0)
(1.5 2.05818e-13 0)
(1.5 1.79009e-13 0)
(1.5 1.11941e-13 0)
(1.5 1.47844e-13 0)
(1.5 1.75481e-13 0)
(1.5 1.56194e-13 0)
(1.5 1.47366e-13 0)
(1.5 7.16566e-14 0)
(1.5 5.51996e-14 0)
(1.5 6.48684e-14 0)
(1.5 1.13183e-13 0)
(1.5 1.1186e-13 0)
(1.5 -5.29777e-15 0)
(1.5 -5.24672e-14 0)
(1.5 -1.36342e-14 0)
(1.5 1.62981e-15 0)
(1.5 4.08705e-14 0)
(1.5 2.16176e-14 0)
(1.5 -2.32914e-14 0)
(1.5 -1.0331e-13 0)
(1.5 -7.09907e-14 0)
(1.5 -7.73474e-14 0)
(1.5 -8.00573e-14 0)
(1.5 -5.21053e-14 0)
(1.5 -9.92416e-14 0)
(1.5 -1.50495e-13 0)
(1.5 -1.03396e-13 0)
(1.5 -1.11383e-13 0)
(1.5 -1.46158e-13 0)
(1.5 -1.19359e-13 0)
(1.5 -8.82439e-14 0)
(1.5 -4.3784e-14 0)
(1.5 -5.17826e-14 0)
(1.5 -3.50553e-14 0)
(1.5 2.08322e-14 0)
(1.5 1.12855e-13 0)
(1.5 1.56794e-13 0)
(1.5 1.71225e-13 0)
(1.5 2.47474e-13 0)
(1.5 3.10825e-13 0)
(1.5 2.75299e-13 0)
(1.5 1.88981e-13 0)
(1.5 8.93728e-14 0)
(1.5 7.6941e-14 0)
(1.5 5.5332e-14 0)
(1.5 1.18729e-15 0)
(1.5 6.03247e-14 0)
(1.5 5.33075e-14 0)
(1.5 5.33268e-14 0)
(1.5 9.71328e-14 0)
(1.5 2.07872e-13 0)
(1.5 1.72868e-13 0)
(1.5 7.39138e-14 0)
(1.5 2.31977e-14 0)
(1.5 6.28318e-14 0)
(1.5 -4.95916e-14 0)
(1.5 -4.93945e-14 0)
(1.5 -2.37465e-14 0)
(1.5 1.72728e-14 0)
(1.5 7.08678e-14 0)
(1.5 -3.70143e-14 0)
(1.5 -8.57452e-15 0)
(1.5 1.65818e-14 0)
(1.5 1.23715e-14 0)
(1.5 -8.06773e-14 0)
(1.5 -1.02601e-13 0)
(1.5 -4.88008e-14 0)
(1.5 -2.50439e-14 0)
(1.5 2.05736e-14 0)
(1.5 5.27773e-14 0)
(1.5 5.96203e-14 0)
(1.5 1.14827e-13 0)
(1.5 4.56778e-14 0)
(1.5 -3.02047e-15 0)
(1.5 -2.60965e-14 0)
(1.5 -8.86641e-14 0)
(1.5 -1.2961e-13 0)
(1.5 -8.56101e-14 0)
(1.5 -7.62975e-14 0)
(1.5 -1.3464e-13 0)
(1.5 -1.90937e-13 0)
(1.5 -1.10699e-13 0)
(1.5 -1.71456e-14 0)
(1.5 -2.71474e-17 0)
(1.5 -4.07318e-14 0)
(1.5 -9.49459e-14 0)
(1.5 -1.38512e-13 0)
(1.5 -9.61762e-14 0)
(1.5 -7.24967e-14 0)
(1.5 -2.40454e-14 0)
(1.5 1.72542e-14 0)
(1.5 -6.98298e-14 0)
(1.5 -1.64626e-13 0)
(1.5 -1.41377e-13 0)
(1.5 -2.83106e-15 0)
(1.5 5.63592e-14 0)
(1.5 1.1181e-13 0)
(1.5 8.36074e-14 0)
(1.5 -1.48412e-14 0)
(1.5 -7.08303e-14 0)
(1.5 -1.87668e-13 0)
(1.5 -2.19054e-13 0)
(1.5 -1.56054e-13 0)
(1.5 -1.78675e-13 0)
(1.5 -1.13329e-13 0)
(1.5 -5.81058e-14 0)
(1.5 3.61381e-14 0)
(1.5 1.19843e-13 0)
(1.5 1.1453e-13 0)
(1.5 9.74781e-14 0)
(1.5 8.56378e-14 0)
(1.5 7.8565e-14 0)
(1.5 -2.11078e-14 0)
(1.5 -9.86244e-14 0)
(1.5 -1.57516e-13 0)
(1.5 -1.70905e-13 0)
(1.5 -1.02141e-13 0)
(1.5 -2.21492e-14 0)
(1.5 -1.94583e-14 0)
(1.5 -1.69296e-13 0)
(1.5 -1.80767e-13 0)
(1.5 -7.87698e-14 0)
(1.5 8.75717e-15 0)
(1.5 9.64038e-14 0)
(1.5 1.27307e-13 0)
(1.5 4.47986e-14 0)
(1.5 2.52849e-14 0)
(1.5 4.67072e-14 0)
(1.5 9.29797e-14 0)
(1.5 1.5442e-13 0)
(1.5 1.52468e-13 0)
(1.5 5.24489e-14 0)
(1.5 -1.40851e-14 0)
(1.5 -4.04908e-14 0)
(1.5 -1.41657e-13 0)
(1.5 -2.19563e-13 0)
(1.5 -2.02858e-13 0)
)
;

boundaryField
{
    inlet
    {
        type            fixedValue;
        value           uniform (1.5 0 0);
    }
    outlet
    {
        type            zeroGradient;
    }
    walls
    {
        type            symmetry;
    }
    frontAndBack
    {
        type            empty;
    }
}


// ************************************************************************* //
