/*--------------------------------*- C++ -*----------------------------------*\
| =========                 |                                                 |
| \\      /  F ield         | OpenFOAM: The Open Source CFD Toolbox           |
|  \\    /   O peration     | Version:  2312                                  |
|   \\  /    A nd           | Website:  www.openfoam.com                      |
|    \\/     M anipulation  |                                                 |
\*---------------------------------------------------------------------------*/
FoamFile
{
    version     2.0;
    format      ascii;
    arch        "LSB;label=32;scalar=64";
    class       volVectorField;
    location    "2.0022546";
    object      U;
}
// * * * * * * * * * * * * * * * * * * * * * * * * * * * * * * * * * * * * * //

dimensions      [0 1 -1 0 0 0 0];

internalField   nonuniform List<vector> 
20000
(
(1.5 -5.67479e-14 0)
(1.5 -5.59793e-14 0)
(1.5 -2.47965e-14 0)
(1.5 7.93426e-14 0)
(1.5 4.48947e-14 0)
(1.5 2.02793e-14 0)
(1.5 6.34274e-14 0)
(1.5 -6.73783e-15 0)
(1.5 -5.70674e-14 0)
(1.5 -5.7341e-14 0)
(1.5 -4.06417e-14 0)
(1.5 -8.25392e-14 0)
(1.5 -5.94067e-14 0)
(1.5 -1.01593e-13 0)
(1.5 -1.42196e-13 0)
(1.5 -2.19645e-13 0)
(1.5 -2.90035e-13 0)
(1.5 -1.88831e-13 0)
(1.5 -1.1594e-13 0)
(1.5 -8.06274e-14 0)
(1.5 -1.20221e-13 0)
(1.5 -8.06741e-14 0)
(1.5 -2.57214e-15 0)
(1.5 1.57403e-15 0)
(1.5 -5.24575e-15 0)
(1.5 -6.1582e-14 0)
(1.5 -1.27565e-13 0)
(1.5 -1.22792e-13 0)
(1.5 -1.37926e-13 0)
(1.5 -1.14495e-13 0)
(1.5 -1.32062e-13 0)
(1.5 -1.57154e-13 0)
(1.5 -2.54887e-13 0)
(1.5 -2.72564e-13 0)
(1.5 -1.77091e-13 0)
(1.5 -1.49568e-13 0)
(1.5 -1.66924e-13 0)
(1.5 -1.61406e-13 0)
(1.5 -9.29062e-14 0)
(1.5 -7.94916e-14 0)
(1.5 -3.13142e-14 0)
(1.5 -3.52791e-14 0)
(1.5 -3.4101e-14 0)
(1.5 -9.72925e-14 0)
(1.5 -1.09123e-13 0)
(1.5 -7.39083e-14 0)
(1.5 -6.19692e-14 0)
(1.5 -1.15604e-13 0)
(1.5 -6.23978e-14 0)
(1.5 -8.53489e-14 0)
(1.5 -6.05653e-14 0)
(1.5 -5.95599e-14 0)
(1.5 -1.02597e-13 0)
(1.5 -8.53061e-14 0)
(1.5 -7.56231e-14 0)
(1.5 -9.83675e-14 0)
(1.5 -1.50563e-13 0)
(1.5 -1.89775e-13 0)
(1.5 -2.11735e-13 0)
(1.5 -1.58698e-13 0)
(1.5 -1.81992e-13 0)
(1.5 -1.48577e-13 0)
(1.5 -1.77673e-13 0)
(1.5 -1.16373e-13 0)
(1.5 -1.14377e-13 0)
(1.5 -9.17799e-14 0)
(1.5 -1.11086e-13 0)
(1.5 -4.27701e-14 0)
(1.5 -1.93733e-14 0)
(1.5 -8.11527e-14 0)
(1.5 -1.52792e-13 0)
(1.5 -1.43362e-13 0)
(1.5 -1.74588e-13 0)
(1.5 -1.80695e-13 0)
(1.5 -1.95572e-13 0)
(1.5 -2.6605e-13 0)
(1.5 -2.78332e-13 0)
(1.5 -2.34661e-13 0)
(1.5 -2.51721e-13 0)
(1.5 -2.36956e-13 0)
(1.5 -2.22081e-13 0)
(1.5 -2.70581e-13 0)
(1.5 -2.66432e-13 0)
(1.5 -1.87488e-13 0)
(1.5 -1.38477e-13 0)
(1.5 -1.88137e-13 0)
(1.5 -1.35804e-13 0)
(1.5 -7.0549e-14 0)
(1.5 -5.72064e-14 0)
(1.5 2.49116e-14 0)
(1.5 1.17753e-13 0)
(1.5 9.59168e-14 0)
(1.5 -7.51757e-14 0)
(1.5 -2.22152e-13 0)
(1.5 -2.80645e-13 0)
(1.5 -2.70053e-13 0)
(1.5 -1.96126e-13 0)
(1.5 -1.29054e-13 0)
(1.5 -7.01631e-14 0)
(1.5 -1.83432e-14 0)
(1.5 2.25028e-14 0)
(1.5 -1.20303e-13 0)
(1.5 -9.29582e-14 0)
(1.5 -9.36525e-14 0)
(1.5 -1.14758e-14 0)
(1.5 2.30473e-14 0)
(1.5 2.71239e-14 0)
(1.5 -6.83847e-14 0)
(1.5 -1.88612e-13 0)
(1.5 -2.02095e-13 0)
(1.5 -2.87336e-13 0)
(1.5 -3.05404e-13 0)
(1.5 -2.07087e-13 0)
(1.5 -1.49579e-13 0)
(1.5 -8.0213e-14 0)
(1.5 2.58293e-14 0)
(1.5 1.55736e-14 0)
(1.5 -9.80623e-15 0)
(1.5 -2.6653e-14 0)
(1.5 -1.85342e-14 0)
(1.5 -1.37425e-14 0)
(1.5 1.31265e-14 0)
(1.5 -3.50961e-14 0)
(1.5 -6.31994e-14 0)
(1.5 -1.03155e-13 0)
(1.5 -4.39512e-14 0)
(1.5 -5.51597e-14 0)
(1.5 -1.68102e-14 0)
(1.5 7.35182e-14 0)
(1.5 5.62678e-14 0)
(1.5 -1.44834e-14 0)
(1.5 -9.59421e-14 0)
(1.5 -1.25923e-14 0)
(1.5 -3.79571e-14 0)
(1.5 -4.45487e-14 0)
(1.5 6.38203e-14 0)
(1.5 1.19055e-13 0)
(1.5 1.22355e-13 0)
(1.5 1.27111e-13 0)
(1.5 4.55445e-14 0)
(1.5 -7.58164e-14 0)
(1.5 -8.55294e-14 0)
(1.5 -7.24674e-14 0)
(1.5 -3.06297e-14 0)
(1.5 -5.89992e-14 0)
(1.5 -1.27989e-13 0)
(1.5 -1.08894e-13 0)
(1.5 -3.42516e-14 0)
(1.5 -4.61317e-14 0)
(1.5 -7.43719e-14 0)
(1.5 -7.07663e-14 0)
(1.5 -1.64784e-13 0)
(1.5 -2.86058e-13 0)
(1.5 -2.65324e-13 0)
(1.5 -2.8787e-13 0)
(1.5 -2.55775e-13 0)
(1.5 -2.18128e-13 0)
(1.5 -1.13096e-13 0)
(1.5 -1.53565e-14 0)
(1.5 -4.69222e-14 0)
(1.5 -7.98437e-14 0)
(1.5 -7.07805e-14 0)
(1.5 -2.3686e-14 0)
(1.5 2.12831e-14 0)
(1.5 1.07011e-13 0)
(1.5 4.11076e-14 0)
(1.5 2.37662e-14 0)
(1.5 -9.48426e-14 0)
(1.5 -1.33802e-13 0)
(1.5 -8.74711e-14 0)
(1.5 -3.30319e-14 0)
(1.5 -5.11926e-14 0)
(1.5 -5.61639e-14 0)
(1.5 -1.38428e-13 0)
(1.5 -2.17583e-13 0)
(1.5 -2.08772e-13 0)
(1.5 -1.17113e-13 0)
(1.5 -4.56589e-14 0)
(1.5 -5.77625e-14 0)
(1.5 -7.16758e-14 0)
(1.5 -1.39874e-14 0)
(1.5 3.21631e-14 0)
(1.5 -1.30659e-14 0)
(1.5 -7.92261e-14 0)
(1.5 -5.65534e-14 0)
(1.5 -1.16738e-13 0)
(1.5 -1.14231e-13 0)
(1.5 -1.31795e-13 0)
(1.5 -9.02285e-14 0)
(1.5 -1.29574e-13 0)
(1.5 -9.75527e-14 0)
(1.5 -5.44196e-14 0)
(1.5 -5.14947e-14 0)
(1.5 -2.99365e-14 0)
(1.5 3.3768e-14 0)
(1.5 9.16456e-14 0)
(1.5 1.44114e-13 0)
(1.5 1.65433e-13 0)
(1.5 8.06915e-14 0)
(1.5 -4.34633e-14 0)
(1.5 -8.65264e-14 0)
(1.5 -9.76222e-14 0)
(1.5 1.76993e-14 0)
(1.5 1.3004e-13 0)
(1.5 2.25569e-14 0)
(1.5 -2.65386e-14 0)
(1.5 5.01613e-14 0)
(1.5 -2.52444e-14 0)
(1.5 -6.83116e-14 0)
(1.5 -3.26228e-14 0)
(1.5 -7.4546e-14 0)
(1.5 -1.35472e-13 0)
(1.5 -1.06185e-13 0)
(1.5 -1.51209e-13 0)
(1.5 -1.6115e-13 0)
(1.5 -2.56231e-13 0)
(1.5 -3.39943e-13 0)
(1.5 -2.3819e-13 0)
(1.5 -1.56531e-13 0)
(1.5 -6.74298e-14 0)
(1.5 -8.04067e-14 0)
(1.5 -1.14397e-14 0)
(1.5 1.26085e-13 0)
(1.5 1.13887e-13 0)
(1.5 7.31216e-14 0)
(1.5 2.98273e-14 0)
(1.5 -9.52948e-14 0)
(1.5 -4.67943e-15 0)
(1.5 -2.44389e-14 0)
(1.5 -3.3292e-14 0)
(1.5 -1.21591e-13 0)
(1.5 -1.72048e-13 0)
(1.5 -2.48736e-13 0)
(1.5 -2.44645e-13 0)
(1.5 -1.47377e-13 0)
(1.5 -9.97639e-14 0)
(1.5 -7.07615e-14 0)
(1.5 -5.45676e-14 0)
(1.5 1.31997e-14 0)
(1.5 6.55269e-14 0)
(1.5 9.12729e-14 0)
(1.5 4.35666e-14 0)
(1.5 8.64668e-15 0)
(1.5 -1.31676e-13 0)
(1.5 -1.12862e-13 0)
(1.5 -5.52645e-14 0)
(1.5 7.99956e-16 0)
(1.5 -2.83578e-14 0)
(1.5 -1.46283e-14 0)
(1.5 -2.39461e-14 0)
(1.5 8.95935e-16 0)
(1.5 1.10662e-14 0)
(1.5 -2.08166e-14 0)
(1.5 8.11737e-17 0)
(1.5 -1.38467e-14 0)
(1.5 2.82611e-14 0)
(1.5 -6.48173e-14 0)
(1.5 -1.13626e-13 0)
(1.5 -1.19574e-13 0)
(1.5 -1.1528e-13 0)
(1.5 -9.66364e-14 0)
(1.5 -4.86202e-14 0)
(1.5 -1.09486e-13 0)
(1.5 -4.00755e-14 0)
(1.5 1.99316e-14 0)
(1.5 1.43113e-14 0)
(1.5 -1.19836e-14 0)
(1.5 1.21587e-13 0)
(1.5 1.35721e-13 0)
(1.5 -1.32565e-14 0)
(1.5 -1.59766e-13 0)
(1.5 -1.54526e-13 0)
(1.5 -9.45011e-14 0)
(1.5 -1.37248e-13 0)
(1.5 -2.21094e-13 0)
(1.5 -3.43487e-13 0)
(1.5 -2.97569e-13 0)
(1.5 -1.74371e-13 0)
(1.5 -1.79448e-13 0)
(1.5 -1.43836e-13 0)
(1.5 -2.02554e-13 0)
(1.5 -2.79425e-13 0)
(1.5 -2.38227e-13 0)
(1.5 -1.56087e-13 0)
(1.5 -1.11895e-13 0)
(1.5 -1.56672e-13 0)
(1.5 -1.49191e-13 0)
(1.5 -4.16013e-14 0)
(1.5 -2.49478e-14 0)
(1.5 5.36934e-14 0)
(1.5 1.99503e-13 0)
(1.5 1.97571e-13 0)
(1.5 -4.09463e-14 0)
(1.5 -2.20734e-13 0)
(1.5 -2.31435e-13 0)
(1.5 -1.96571e-13 0)
(1.5 -1.7663e-13 0)
(1.5 -1.10738e-13 0)
(1.5 -6.25345e-14 0)
(1.5 1.97978e-15 0)
(1.5 3.7847e-14 0)
(1.5 -1.33802e-13 0)
(1.5 -1.13614e-13 0)
(1.5 -9.84691e-14 0)
(1.5 7.82778e-16 0)
(1.5 2.26334e-14 0)
(1.5 1.50258e-14 0)
(1.5 -5.14612e-14 0)
(1.5 -2.07797e-13 0)
(1.5 -2.42841e-13 0)
(1.5 -3.09676e-13 0)
(1.5 -3.25847e-13 0)
(1.5 -2.15647e-13 0)
(1.5 -1.73485e-13 0)
(1.5 -1.35703e-13 0)
(1.5 3.85914e-14 0)
(1.5 5.40461e-14 0)
(1.5 7.34553e-15 0)
(1.5 -5.81537e-14 0)
(1.5 -4.24631e-14 0)
(1.5 7.14847e-15 0)
(1.5 4.4249e-14 0)
(1.5 -1.95921e-14 0)
(1.5 2.08734e-14 0)
(1.5 -4.91316e-14 0)
(1.5 -5.20192e-15 0)
(1.5 -4.54095e-14 0)
(1.5 6.03174e-14 0)
(1.5 1.18225e-13 0)
(1.5 6.79156e-14 0)
(1.5 1.99394e-14 0)
(1.5 -6.31039e-14 0)
(1.5 6.34536e-14 0)
(1.5 2.49606e-14 0)
(1.5 5.51837e-15 0)
(1.5 1.25393e-13 0)
(1.5 2.18487e-13 0)
(1.5 2.38459e-13 0)
(1.5 1.55545e-13 0)
(1.5 5.98721e-14 0)
(1.5 -1.31011e-13 0)
(1.5 -2.11691e-13 0)
(1.5 -2.05114e-13 0)
(1.5 -1.36461e-13 0)
(1.5 -1.70873e-13 0)
(1.5 -1.68394e-13 0)
(1.5 -8.21173e-14 0)
(1.5 -7.26154e-14 0)
(1.5 -1.18159e-13 0)
(1.5 -1.31411e-13 0)
(1.5 -1.01325e-13 0)
(1.5 -2.22072e-13 0)
(1.5 -3.50536e-13 0)
(1.5 -3.85671e-13 0)
(1.5 -3.86044e-13 0)
(1.5 -2.10715e-13 0)
(1.5 -1.06829e-13 0)
(1.5 -3.68728e-14 0)
(1.5 -2.07542e-14 0)
(1.5 -2.17042e-14 0)
(1.5 -3.18465e-14 0)
(1.5 -6.59171e-14 0)
(1.5 -4.26754e-15 0)
(1.5 2.1517e-14 0)
(1.5 8.15075e-14 0)
(1.5 4.56264e-14 0)
(1.5 -8.88134e-15 0)
(1.5 -1.19302e-13 0)
(1.5 -1.65819e-13 0)
(1.5 -1.68995e-13 0)
(1.5 -9.78353e-14 0)
(1.5 -1.4332e-13 0)
(1.5 -9.20172e-14 0)
(1.5 -1.97677e-13 0)
(1.5 -2.46294e-13 0)
(1.5 -2.53725e-13 0)
(1.5 -1.91729e-13 0)
(1.5 -3.84419e-14 0)
(1.5 3.41758e-15 0)
(1.5 3.8464e-14 0)
(1.5 1.2005e-13 0)
(1.5 1.41827e-13 0)
(1.5 1.52737e-13 0)
(1.5 8.72016e-14 0)
(1.5 6.89568e-14 0)
(1.5 -4.28383e-14 0)
(1.5 -7.67527e-14 0)
(1.5 -1.04803e-13 0)
(1.5 -1.26363e-13 0)
(1.5 -7.21634e-14 0)
(1.5 3.98301e-15 0)
(1.5 4.89312e-14 0)
(1.5 5.33346e-14 0)
(1.5 2.14452e-14 0)
(1.5 6.79617e-14 0)
(1.5 9.72851e-14 0)
(1.5 6.99116e-14 0)
(1.5 7.57457e-14 0)
(1.5 -5.9565e-14 0)
(1.5 -1.71627e-13 0)
(1.5 1.91177e-14 0)
(1.5 -5.41645e-14 0)
(1.5 -3.76241e-16 0)
(1.5 3.87e-14 0)
(1.5 -2.8417e-14 0)
(1.5 -6.49613e-14 0)
(1.5 -4.58794e-15 0)
(1.5 -2.18612e-14 0)
(1.5 -2.25824e-14 0)
(1.5 -4.04382e-14 0)
(1.5 -1.12686e-13 0)
(1.5 -1.59123e-13 0)
(1.5 -1.30857e-13 0)
(1.5 -1.55336e-13 0)
(1.5 -9.90145e-14 0)
(1.5 -1.2006e-13 0)
(1.5 -1.97427e-13 0)
(1.5 -2.12784e-13 0)
(1.5 -1.60416e-13 0)
(1.5 -6.24461e-14 0)
(1.5 -2.26689e-15 0)
(1.5 7.41614e-14 0)
(1.5 1.66334e-13 0)
(1.5 1.62712e-13 0)
(1.5 8.13913e-14 0)
(1.5 4.05397e-14 0)
(1.5 -5.72431e-14 0)
(1.5 4.48957e-15 0)
(1.5 2.1566e-15 0)
(1.5 -3.75858e-14 0)
(1.5 -1.23457e-13 0)
(1.5 -1.45512e-13 0)
(1.5 -1.55214e-13 0)
(1.5 -1.51682e-13 0)
(1.5 -1.52269e-13 0)
(1.5 -6.0107e-14 0)
(1.5 1.60131e-14 0)
(1.5 4.24949e-14 0)
(1.5 1.04933e-13 0)
(1.5 2.41243e-13 0)
(1.5 2.39152e-13 0)
(1.5 1.15702e-13 0)
(1.5 4.42377e-16 0)
(1.5 -1.11981e-13 0)
(1.5 -1.22079e-13 0)
(1.5 -8.14812e-14 0)
(1.5 -3.44143e-14 0)
(1.5 2.45568e-14 0)
(1.5 -1.42258e-14 0)
(1.5 1.17088e-14 0)
(1.5 2.33708e-14 0)
(1.5 1.05873e-14 0)
(1.5 7.58384e-15 0)
(1.5 2.4456e-15 0)
(1.5 4.83027e-14 0)
(1.5 1.31054e-13 0)
(1.5 6.96232e-14 0)
(1.5 -3.88255e-14 0)
(1.5 -3.57895e-14 0)
(1.5 -1.21657e-13 0)
(1.5 -2.36878e-14 0)
(1.5 3.18133e-14 0)
(1.5 -2.95242e-14 0)
(1.5 2.21429e-14 0)
(1.5 1.78257e-13 0)
(1.5 1.37856e-13 0)
(1.5 8.42593e-14 0)
(1.5 1.48922e-13 0)
(1.5 1.44576e-13 0)
(1.5 2.98139e-14 0)
(1.5 -5.12532e-14 0)
(1.5 -6.01436e-14 0)
(1.5 4.36524e-14 0)
(1.5 1.16481e-15 0)
(1.5 -1.26604e-13 0)
(1.5 -2.49723e-13 0)
(1.5 -1.80101e-13 0)
(1.5 -5.39255e-14 0)
(1.5 -4.62902e-14 0)
(1.5 -3.54966e-14 0)
(1.5 -1.13387e-13 0)
(1.5 -1.64295e-13 0)
(1.5 -1.2049e-13 0)
(1.5 -1.17226e-13 0)
(1.5 -7.41996e-14 0)
(1.5 -1.11323e-13 0)
(1.5 -1.4378e-13 0)
(1.5 -1.09757e-14 0)
(1.5 5.09639e-14 0)
(1.5 9.08649e-14 0)
(1.5 2.71382e-13 0)
(1.5 2.56901e-13 0)
(1.5 9.26832e-14 0)
(1.5 -7.45373e-14 0)
(1.5 -1.50278e-13 0)
(1.5 -1.46059e-13 0)
(1.5 -2.36269e-13 0)
(1.5 -1.61167e-13 0)
(1.5 -3.80697e-14 0)
(1.5 6.68889e-14 0)
(1.5 8.47552e-14 0)
(1.5 -8.41864e-14 0)
(1.5 -2.32102e-13 0)
(1.5 -2.37384e-13 0)
(1.5 -2.07865e-13 0)
(1.5 -1.42095e-13 0)
(1.5 -1.0725e-13 0)
(1.5 -6.52429e-14 0)
(1.5 -1.16737e-13 0)
(1.5 -1.08611e-13 0)
(1.5 -7.66083e-14 0)
(1.5 -1.50277e-13 0)
(1.5 -2.33045e-13 0)
(1.5 -2.72381e-13 0)
(1.5 -2.62487e-13 0)
(1.5 -8.86289e-14 0)
(1.5 -6.91596e-15 0)
(1.5 -2.85017e-14 0)
(1.5 -1.67716e-13 0)
(1.5 -1.52698e-13 0)
(1.5 -9.08135e-14 0)
(1.5 -5.00977e-14 0)
(1.5 -2.81107e-14 0)
(1.5 1.44881e-14 0)
(1.5 3.20331e-14 0)
(1.5 6.90844e-14 0)
(1.5 4.10454e-14 0)
(1.5 1.44202e-13 0)
(1.5 1.65796e-13 0)
(1.5 1.02289e-13 0)
(1.5 1.33319e-13 0)
(1.5 8.58392e-14 0)
(1.5 1.72297e-13 0)
(1.5 8.20246e-14 0)
(1.5 3.50893e-14 0)
(1.5 6.70949e-14 0)
(1.5 1.64217e-13 0)
(1.5 2.38882e-13 0)
(1.5 1.4427e-13 0)
(1.5 1.24062e-13 0)
(1.5 -8.03887e-14 0)
(1.5 -2.04439e-13 0)
(1.5 -2.05483e-13 0)
(1.5 -1.69724e-13 0)
(1.5 -1.41295e-13 0)
(1.5 -3.70267e-14 0)
(1.5 8.01482e-14 0)
(1.5 -4.10442e-14 0)
(1.5 -1.61904e-13 0)
(1.5 -1.69353e-13 0)
(1.5 -1.80356e-13 0)
(1.5 -2.01091e-13 0)
(1.5 -2.65434e-13 0)
(1.5 -4.08924e-13 0)
(1.5 -3.39964e-13 0)
(1.5 -4.7109e-14 0)
(1.5 4.0265e-14 0)
(1.5 3.19261e-14 0)
(1.5 1.3302e-14 0)
(1.5 3.8173e-14 0)
(1.5 7.06844e-14 0)
(1.5 4.5988e-14 0)
(1.5 8.37567e-14 0)
(1.5 1.34209e-13 0)
(1.5 1.25354e-13 0)
(1.5 1.3288e-13 0)
(1.5 2.6099e-14 0)
(1.5 -8.27827e-14 0)
(1.5 -2.50153e-13 0)
(1.5 -3.46217e-13 0)
(1.5 -3.15854e-13 0)
(1.5 -3.24622e-13 0)
(1.5 -2.44477e-13 0)
(1.5 -2.59152e-13 0)
(1.5 -1.75271e-13 0)
(1.5 -1.5668e-13 0)
(1.5 -1.1254e-13 0)
(1.5 5.60932e-14 0)
(1.5 9.21416e-14 0)
(1.5 2.4929e-13 0)
(1.5 3.27123e-13 0)
(1.5 3.4103e-13 0)
(1.5 4.37416e-13 0)
(1.5 3.95954e-13 0)
(1.5 2.29793e-13 0)
(1.5 7.5783e-14 0)
(1.5 -8.89942e-14 0)
(1.5 -9.45962e-14 0)
(1.5 -1.29669e-13 0)
(1.5 1.32261e-16 0)
(1.5 9.06069e-14 0)
(1.5 5.72484e-14 0)
(1.5 1.49697e-14 0)
(1.5 -8.91153e-14 0)
(1.5 -1.3397e-14 0)
(1.5 2.62181e-14 0)
(1.5 -5.27166e-14 0)
(1.5 -6.09012e-14 0)
(1.5 -1.68917e-13 0)
(1.5 -3.15352e-13 0)
(1.5 7.99305e-14 0)
(1.5 4.38095e-14 0)
(1.5 -1.90285e-14 0)
(1.5 -5.62889e-14 0)
(1.5 -8.70703e-14 0)
(1.5 -1.36667e-13 0)
(1.5 -1.25196e-13 0)
(1.5 -9.38658e-14 0)
(1.5 -3.77462e-14 0)
(1.5 -6.91723e-14 0)
(1.5 -1.04448e-13 0)
(1.5 -5.81154e-14 0)
(1.5 5.13274e-14 0)
(1.5 8.32975e-14 0)
(1.5 7.00326e-14 0)
(1.5 -3.25575e-14 0)
(1.5 -9.54094e-14 0)
(1.5 -1.17083e-13 0)
(1.5 -4.43397e-14 0)
(1.5 1.15802e-14 0)
(1.5 -1.42638e-14 0)
(1.5 1.63793e-14 0)
(1.5 2.32501e-14 0)
(1.5 -9.50772e-15 0)
(1.5 -1.88015e-14 0)
(1.5 -9.26903e-14 0)
(1.5 -5.61917e-14 0)
(1.5 -7.42714e-14 0)
(1.5 -5.05542e-14 0)
(1.5 -5.96194e-14 0)
(1.5 -9.03914e-14 0)
(1.5 -5.95298e-14 0)
(1.5 -6.46332e-14 0)
(1.5 -7.26885e-14 0)
(1.5 -1.10388e-13 0)
(1.5 -1.04666e-16 0)
(1.5 8.61871e-14 0)
(1.5 1.63319e-13 0)
(1.5 2.53731e-13 0)
(1.5 3.60078e-13 0)
(1.5 3.53364e-13 0)
(1.5 2.22761e-13 0)
(1.5 3.55921e-14 0)
(1.5 4.73334e-14 0)
(1.5 -1.14071e-14 0)
(1.5 -4.93548e-15 0)
(1.5 -5.47815e-15 0)
(1.5 8.13719e-14 0)
(1.5 4.19595e-14 0)
(1.5 3.23993e-14 0)
(1.5 8.74429e-14 0)
(1.5 2.47564e-14 0)
(1.5 5.03542e-14 0)
(1.5 3.84197e-14 0)
(1.5 9.58371e-14 0)
(1.5 1.43754e-13 0)
(1.5 1.77185e-13 0)
(1.5 7.99204e-15 0)
(1.5 4.71835e-14 0)
(1.5 2.76092e-14 0)
(1.5 1.19954e-13 0)
(1.5 1.47114e-13 0)
(1.5 1.28593e-13 0)
(1.5 1.66272e-13 0)
(1.5 3.12359e-13 0)
(1.5 2.83611e-13 0)
(1.5 2.65154e-13 0)
(1.5 1.83389e-13 0)
(1.5 1.46368e-13 0)
(1.5 1.40154e-13 0)
(1.5 1.51186e-13 0)
(1.5 1.10424e-13 0)
(1.5 9.36663e-14 0)
(1.5 3.25734e-14 0)
(1.5 -1.18371e-13 0)
(1.5 -1.92541e-13 0)
(1.5 -2.0113e-13 0)
(1.5 -6.08401e-14 0)
(1.5 -1.62253e-15 0)
(1.5 -1.3702e-14 0)
(1.5 1.67386e-15 0)
(1.5 -5.36707e-14 0)
(1.5 -7.53022e-14 0)
(1.5 -1.11686e-13 0)
(1.5 -2.03099e-14 0)
(1.5 -5.17965e-14 0)
(1.5 -1.45532e-14 0)
(1.5 3.49511e-14 0)
(1.5 1.40848e-13 0)
(1.5 1.75027e-13 0)
(1.5 2.60912e-13 0)
(1.5 2.3252e-13 0)
(1.5 1.22075e-13 0)
(1.5 -3.83778e-14 0)
(1.5 -1.80025e-13 0)
(1.5 -2.00407e-13 0)
(1.5 -2.3601e-13 0)
(1.5 -2.05882e-13 0)
(1.5 -1.17239e-13 0)
(1.5 -5.11161e-14 0)
(1.5 -2.97336e-14 0)
(1.5 -9.64514e-14 0)
(1.5 -3.07837e-13 0)
(1.5 -3.54779e-13 0)
(1.5 -3.61052e-13 0)
(1.5 -2.35865e-13 0)
(1.5 -1.4999e-13 0)
(1.5 -1.66617e-13 0)
(1.5 -1.68779e-13 0)
(1.5 -1.2131e-13 0)
(1.5 -1.50017e-13 0)
(1.5 -2.5309e-13 0)
(1.5 -4.37205e-13 0)
(1.5 -4.58483e-13 0)
(1.5 -4.14976e-13 0)
(1.5 -2.9008e-13 0)
(1.5 -2.77946e-13 0)
(1.5 -3.24013e-13 0)
(1.5 -3.20418e-13 0)
(1.5 -2.6553e-13 0)
(1.5 -2.44687e-13 0)
(1.5 -1.58116e-13 0)
(1.5 -3.77068e-14 0)
(1.5 -8.0529e-14 0)
(1.5 7.91764e-14 0)
(1.5 1.8213e-13 0)
(1.5 1.39323e-13 0)
(1.5 1.38691e-13 0)
(1.5 2.38233e-13 0)
(1.5 2.15846e-13 0)
(1.5 2.49436e-13 0)
(1.5 2.21303e-13 0)
(1.5 2.65225e-13 0)
(1.5 1.88601e-13 0)
(1.5 9.01764e-14 0)
(1.5 5.81384e-14 0)
(1.5 8.54278e-14 0)
(1.5 1.55864e-13 0)
(1.5 9.26527e-14 0)
(1.5 5.37954e-14 0)
(1.5 -8.37423e-14 0)
(1.5 -1.57277e-13 0)
(1.5 -1.07744e-13 0)
(1.5 -1.45196e-13 0)
(1.5 -1.50116e-13 0)
(1.5 -8.27722e-14 0)
(1.5 3.27705e-14 0)
(1.5 -3.43735e-14 0)
(1.5 -1.64903e-13 0)
(1.5 -2.45411e-13 0)
(1.5 -3.11048e-13 0)
(1.5 -2.30735e-13 0)
(1.5 -1.70015e-13 0)
(1.5 -3.2161e-13 0)
(1.5 -2.21095e-13 0)
(1.5 -8.33508e-14 0)
(1.5 -1.15981e-13 0)
(1.5 -1.06823e-13 0)
(1.5 -1.84736e-14 0)
(1.5 3.12132e-14 0)
(1.5 5.32582e-14 0)
(1.5 9.00539e-14 0)
(1.5 1.4648e-13 0)
(1.5 1.85953e-13 0)
(1.5 1.97991e-13 0)
(1.5 2.02909e-13 0)
(1.5 3.63316e-14 0)
(1.5 -8.5327e-14 0)
(1.5 -3.67026e-13 0)
(1.5 -4.90705e-13 0)
(1.5 -5.30071e-13 0)
(1.5 -5.23785e-13 0)
(1.5 -4.46393e-13 0)
(1.5 -3.22438e-13 0)
(1.5 -1.99187e-13 0)
(1.5 -1.4995e-13 0)
(1.5 -5.64149e-14 0)
(1.5 2.77653e-14 0)
(1.5 -1.60016e-14 0)
(1.5 1.29579e-13 0)
(1.5 2.18994e-13 0)
(1.5 3.26259e-13 0)
(1.5 4.28435e-13 0)
(1.5 3.75253e-13 0)
(1.5 1.96285e-13 0)
(1.5 7.09496e-14 0)
(1.5 -1.30538e-13 0)
(1.5 -1.80625e-13 0)
(1.5 -1.85902e-13 0)
(1.5 -1.23546e-13 0)
(1.5 -4.04702e-14 0)
(1.5 -1.59223e-13 0)
(1.5 -2.20871e-13 0)
(1.5 -3.2872e-13 0)
(1.5 -2.27754e-13 0)
(1.5 -9.3209e-14 0)
(1.5 -1.27029e-13 0)
(1.5 -6.26082e-14 0)
(1.5 -6.23469e-14 0)
(1.5 -2.37951e-13 0)
(1.5 -4.5572e-14 0)
(1.5 -4.50959e-14 0)
(1.5 -2.49219e-14 0)
(1.5 -4.86065e-14 0)
(1.5 -1.18099e-13 0)
(1.5 -1.88979e-13 0)
(1.5 -2.03749e-13 0)
(1.5 -1.59392e-13 0)
(1.5 -1.24852e-13 0)
(1.5 -1.3832e-13 0)
(1.5 -1.65821e-13 0)
(1.5 3.22749e-14 0)
(1.5 1.65582e-13 0)
(1.5 2.33734e-13 0)
(1.5 1.53097e-13 0)
(1.5 -4.46877e-14 0)
(1.5 -2.2863e-14 0)
(1.5 -4.13226e-14 0)
(1.5 -5.76746e-15 0)
(1.5 2.86034e-14 0)
(1.5 -9.19276e-14 0)
(1.5 -1.20193e-13 0)
(1.5 -1.31228e-13 0)
(1.5 -1.85479e-13 0)
(1.5 -1.12225e-13 0)
(1.5 -1.50385e-13 0)
(1.5 -6.90606e-14 0)
(1.5 -7.00538e-14 0)
(1.5 -6.25921e-14 0)
(1.5 -5.96362e-14 0)
(1.5 -1.03397e-13 0)
(1.5 -5.7684e-14 0)
(1.5 -4.05548e-14 0)
(1.5 -1.35913e-14 0)
(1.5 -1.62097e-14 0)
(1.5 4.34514e-14 0)
(1.5 9.69684e-14 0)
(1.5 2.86667e-13 0)
(1.5 3.55301e-13 0)
(1.5 3.75677e-13 0)
(1.5 3.75837e-13 0)
(1.5 3.45439e-13 0)
(1.5 1.55224e-13 0)
(1.5 1.715e-13 0)
(1.5 8.26954e-14 0)
(1.5 6.21145e-14 0)
(1.5 1.03836e-13 0)
(1.5 2.24689e-13 0)
(1.5 1.62663e-13 0)
(1.5 1.00158e-13 0)
(1.5 1.7752e-13 0)
(1.5 1.11577e-13 0)
(1.5 1.62843e-13 0)
(1.5 1.95164e-13 0)
(1.5 1.42748e-13 0)
(1.5 1.54287e-13 0)
(1.5 1.8684e-13 0)
(1.5 9.71651e-14 0)
(1.5 1.95978e-13 0)
(1.5 2.44612e-13 0)
(1.5 3.53225e-13 0)
(1.5 2.93051e-13 0)
(1.5 2.97816e-13 0)
(1.5 2.94298e-13 0)
(1.5 3.51474e-13 0)
(1.5 3.66526e-13 0)
(1.5 3.91138e-13 0)
(1.5 2.88121e-13 0)
(1.5 1.70066e-13 0)
(1.5 2.81611e-13 0)
(1.5 3.39729e-13 0)
(1.5 2.74436e-13 0)
(1.5 1.51131e-13 0)
(1.5 1.78767e-14 0)
(1.5 -1.15368e-13 0)
(1.5 -1.15331e-13 0)
(1.5 -2.13489e-13 0)
(1.5 -1.37692e-13 0)
(1.5 -5.97165e-14 0)
(1.5 -3.70172e-14 0)
(1.5 5.38261e-14 0)
(1.5 1.86753e-14 0)
(1.5 -6.23078e-14 0)
(1.5 -4.48812e-14 0)
(1.5 8.08363e-14 0)
(1.5 1.42698e-13 0)
(1.5 1.73414e-13 0)
(1.5 1.1726e-13 0)
(1.5 1.65204e-13 0)
(1.5 1.2126e-13 0)
(1.5 6.06792e-14 0)
(1.5 9.55442e-14 0)
(1.5 5.81908e-14 0)
(1.5 2.53379e-14 0)
(1.5 -9.56298e-14 0)
(1.5 -2.05424e-13 0)
(1.5 -1.65646e-13 0)
(1.5 -1.86012e-13 0)
(1.5 -1.8811e-13 0)
(1.5 -1.79514e-13 0)
(1.5 -1.53084e-13 0)
(1.5 -3.83992e-14 0)
(1.5 -4.29383e-14 0)
(1.5 -1.20518e-13 0)
(1.5 -1.57026e-13 0)
(1.5 -1.38023e-13 0)
(1.5 -9.81971e-14 0)
(1.5 -2.4448e-13 0)
(1.5 -2.70192e-13 0)
(1.5 -2.87813e-13 0)
(1.5 -4.3406e-13 0)
(1.5 -4.66965e-13 0)
(1.5 -5.59249e-13 0)
(1.5 -5.70489e-13 0)
(1.5 -5.28918e-13 0)
(1.5 -4.53205e-13 0)
(1.5 -4.81077e-13 0)
(1.5 -5.23956e-13 0)
(1.5 -3.14985e-13 0)
(1.5 -1.51837e-13 0)
(1.5 -1.8711e-13 0)
(1.5 -8.41081e-14 0)
(1.5 6.09654e-14 0)
(1.5 1.00933e-13 0)
(1.5 2.21528e-13 0)
(1.5 2.40224e-13 0)
(1.5 1.8775e-13 0)
(1.5 1.25733e-13 0)
(1.5 2.03755e-13 0)
(1.5 2.70338e-13 0)
(1.5 3.10871e-13 0)
(1.5 2.51781e-13 0)
(1.5 2.02305e-13 0)
(1.5 2.06475e-13 0)
(1.5 1.56601e-13 0)
(1.5 1.23087e-13 0)
(1.5 6.29422e-14 0)
(1.5 7.79518e-14 0)
(1.5 2.76916e-15 0)
(1.5 -7.73096e-14 0)
(1.5 -1.57684e-13 0)
(1.5 -1.71474e-13 0)
(1.5 -2.20215e-13 0)
(1.5 -2.90121e-13 0)
(1.5 -3.20637e-13 0)
(1.5 -2.86344e-13 0)
(1.5 -1.60721e-13 0)
(1.5 -1.41295e-13 0)
(1.5 -1.87458e-13 0)
(1.5 -2.41312e-13 0)
(1.5 -3.14602e-13 0)
(1.5 -2.68044e-13 0)
(1.5 -1.96042e-13 0)
(1.5 -2.53212e-13 0)
(1.5 -2.73969e-13 0)
(1.5 -2.90838e-13 0)
(1.5 -3.31951e-13 0)
(1.5 -2.56717e-13 0)
(1.5 -1.00836e-13 0)
(1.5 3.283e-14 0)
(1.5 1.01144e-13 0)
(1.5 9.78332e-14 0)
(1.5 1.74682e-13 0)
(1.5 1.54792e-13 0)
(1.5 8.9966e-14 0)
(1.5 1.10774e-13 0)
(1.5 -1.07367e-13 0)
(1.5 -2.30248e-13 0)
(1.5 -3.82526e-13 0)
(1.5 -4.76997e-13 0)
(1.5 -4.96611e-13 0)
(1.5 -5.49258e-13 0)
(1.5 -4.63079e-13 0)
(1.5 -2.6558e-13 0)
(1.5 -1.89577e-13 0)
(1.5 -1.48517e-13 0)
(1.5 -2.18214e-13 0)
(1.5 -2.06684e-13 0)
(1.5 -2.12126e-13 0)
(1.5 -1.91335e-13 0)
(1.5 -9.00507e-14 0)
(1.5 5.13183e-14 0)
(1.5 1.35281e-13 0)
(1.5 1.14124e-13 0)
(1.5 1.26865e-13 0)
(1.5 3.29483e-14 0)
(1.5 -3.35872e-14 0)
(1.5 -1.13872e-13 0)
(1.5 -1.50602e-13 0)
(1.5 -1.15284e-13 0)
(1.5 -7.33494e-14 0)
(1.5 -2.37328e-13 0)
(1.5 -3.61337e-13 0)
(1.5 -4.12115e-13 0)
(1.5 -3.34719e-13 0)
(1.5 -1.7859e-13 0)
(1.5 -1.55108e-13 0)
(1.5 -3.95004e-14 0)
(1.5 3.88157e-14 0)
(1.5 1.58045e-15 0)
(1.5 -1.00787e-13 0)
(1.5 -1.15707e-13 0)
(1.5 -6.81221e-14 0)
(1.5 -1.88183e-14 0)
(1.5 -7.90358e-14 0)
(1.5 -8.07658e-14 0)
(1.5 -9.16851e-14 0)
(1.5 -9.30361e-14 0)
(1.5 -1.03222e-13 0)
(1.5 -1.22545e-13 0)
(1.5 -1.184e-13 0)
(1.5 4.47566e-14 0)
(1.5 1.08482e-13 0)
(1.5 1.51096e-13 0)
(1.5 1.12403e-13 0)
(1.5 6.84071e-14 0)
(1.5 1.57141e-13 0)
(1.5 1.01545e-13 0)
(1.5 -4.77891e-15 0)
(1.5 -5.48264e-14 0)
(1.5 -1.49953e-13 0)
(1.5 -2.27465e-13 0)
(1.5 -2.46514e-13 0)
(1.5 -2.28536e-13 0)
(1.5 -1.99967e-13 0)
(1.5 -2.09758e-13 0)
(1.5 -2.08139e-13 0)
(1.5 -2.27365e-13 0)
(1.5 -2.41402e-13 0)
(1.5 -2.16299e-13 0)
(1.5 -2.83346e-13 0)
(1.5 -1.95822e-13 0)
(1.5 -1.54913e-13 0)
(1.5 -9.61535e-14 0)
(1.5 -2.91744e-14 0)
(1.5 -6.61428e-14 0)
(1.5 -4.36894e-14 0)
(1.5 1.59689e-13 0)
(1.5 2.28317e-13 0)
(1.5 2.21819e-13 0)
(1.5 1.99627e-13 0)
(1.5 2.54147e-13 0)
(1.5 1.53723e-13 0)
(1.5 6.21251e-14 0)
(1.5 -3.84333e-14 0)
(1.5 -1.89701e-14 0)
(1.5 3.02613e-14 0)
(1.5 1.75907e-13 0)
(1.5 1.13982e-13 0)
(1.5 4.45509e-14 0)
(1.5 5.1067e-14 0)
(1.5 6.61098e-14 0)
(1.5 1.22923e-13 0)
(1.5 1.6322e-13 0)
(1.5 1.18841e-13 0)
(1.5 8.4308e-14 0)
(1.5 6.0885e-14 0)
(1.5 8.94457e-14 0)
(1.5 1.79623e-13 0)
(1.5 2.27439e-13 0)
(1.5 3.17876e-13 0)
(1.5 1.89794e-13 0)
(1.5 2.09906e-13 0)
(1.5 2.15263e-13 0)
(1.5 2.0646e-13 0)
(1.5 2.46244e-13 0)
(1.5 2.29643e-13 0)
(1.5 2.29097e-13 0)
(1.5 9.009e-14 0)
(1.5 2.18137e-13 0)
(1.5 3.52386e-13 0)
(1.5 3.39444e-13 0)
(1.5 2.03333e-13 0)
(1.5 8.52018e-14 0)
(1.5 2.89549e-14 0)
(1.5 9.98416e-14 0)
(1.5 4.82744e-14 0)
(1.5 -9.78081e-14 0)
(1.5 -1.31689e-13 0)
(1.5 -1.10432e-13 0)
(1.5 2.28182e-14 0)
(1.5 6.90374e-14 0)
(1.5 2.48028e-14 0)
(1.5 6.63885e-14 0)
(1.5 2.63975e-13 0)
(1.5 3.55573e-13 0)
(1.5 3.3611e-13 0)
(1.5 2.39621e-13 0)
(1.5 1.26988e-13 0)
(1.5 8.82319e-14 0)
(1.5 7.27243e-15 0)
(1.5 -6.42795e-15 0)
(1.5 3.53795e-14 0)
(1.5 4.20312e-14 0)
(1.5 -2.70444e-14 0)
(1.5 -1.74127e-13 0)
(1.5 -1.74764e-13 0)
(1.5 -1.8046e-13 0)
(1.5 -8.55427e-14 0)
(1.5 1.83357e-14 0)
(1.5 2.17152e-14 0)
(1.5 9.34212e-14 0)
(1.5 1.12635e-13 0)
(1.5 4.02246e-15 0)
(1.5 1.4178e-14 0)
(1.5 -6.0374e-14 0)
(1.5 -9.30444e-14 0)
(1.5 -2.06336e-13 0)
(1.5 -1.98195e-13 0)
(1.5 -2.47505e-13 0)
(1.5 -3.21839e-13 0)
(1.5 -3.0468e-13 0)
(1.5 -3.80753e-13 0)
(1.5 -4.64626e-13 0)
(1.5 -4.0598e-13 0)
(1.5 -3.78238e-13 0)
(1.5 -3.4722e-13 0)
(1.5 -3.2368e-13 0)
(1.5 -1.41604e-13 0)
(1.5 1.43234e-14 0)
(1.5 -8.72165e-15 0)
(1.5 4.04198e-14 0)
(1.5 1.17758e-13 0)
(1.5 2.52305e-13 0)
(1.5 2.38045e-13 0)
(1.5 1.95699e-13 0)
(1.5 2.60172e-13 0)
(1.5 2.03293e-13 0)
(1.5 1.82115e-13 0)
(1.5 2.80856e-13 0)
(1.5 3.16811e-13 0)
(1.5 2.00234e-13 0)
(1.5 1.11904e-13 0)
(1.5 1.40739e-13 0)
(1.5 1.59687e-13 0)
(1.5 1.23214e-13 0)
(1.5 4.74421e-14 0)
(1.5 5.07881e-15 0)
(1.5 -1.70484e-14 0)
(1.5 1.32795e-15 0)
(1.5 -2.00036e-14 0)
(1.5 -2.06051e-14 0)
(1.5 -2.84911e-13 0)
(1.5 -4.22797e-13 0)
(1.5 -3.86166e-13 0)
(1.5 -3.16732e-13 0)
(1.5 -3.05617e-13 0)
(1.5 -1.95661e-13 0)
(1.5 -1.59451e-13 0)
(1.5 -1.55383e-13 0)
(1.5 -1.86148e-13 0)
(1.5 -1.34964e-13 0)
(1.5 -2.23536e-13 0)
(1.5 -1.47754e-13 0)
(1.5 -2.29954e-13 0)
(1.5 -2.2197e-13 0)
(1.5 -2.39108e-13 0)
(1.5 -1.78373e-13 0)
(1.5 -7.58259e-14 0)
(1.5 5.35538e-14 0)
(1.5 1.4389e-13 0)
(1.5 1.45487e-13 0)
(1.5 1.48177e-13 0)
(1.5 9.5426e-14 0)
(1.5 -4.23587e-14 0)
(1.5 -5.36751e-14 0)
(1.5 -1.90971e-13 0)
(1.5 -2.99844e-13 0)
(1.5 -2.51666e-13 0)
(1.5 -2.63793e-13 0)
(1.5 -2.12598e-13 0)
(1.5 -2.77392e-13 0)
(1.5 -2.89732e-13 0)
(1.5 -1.45144e-13 0)
(1.5 -5.0473e-14 0)
(1.5 -6.65264e-14 0)
(1.5 -2.21334e-13 0)
(1.5 -2.65692e-13 0)
(1.5 -2.54512e-13 0)
(1.5 -2.6205e-13 0)
(1.5 -2.29197e-13 0)
(1.5 -1.61375e-13 0)
(1.5 -8.68944e-14 0)
(1.5 4.01768e-14 0)
(1.5 1.3705e-13 0)
(1.5 1.1232e-14 0)
(1.5 3.97561e-14 0)
(1.5 -4.62191e-14 0)
(1.5 -1.21454e-13 0)
(1.5 -9.6508e-14 0)
(1.5 -1.127e-13 0)
(1.5 -1.84308e-13 0)
(1.5 -3.73165e-13 0)
(1.5 -4.04325e-13 0)
(1.5 -3.49543e-13 0)
(1.5 -2.7674e-13 0)
(1.5 -1.76763e-13 0)
(1.5 -1.3684e-13 0)
(1.5 -5.48489e-14 0)
(1.5 4.34864e-14 0)
(1.5 -8.73868e-14 0)
(1.5 -7.56542e-14 0)
(1.5 -3.55578e-14 0)
(1.5 3.68249e-14 0)
(1.5 2.34721e-14 0)
(1.5 4.27913e-14 0)
(1.5 6.60725e-15 0)
(1.5 -5.53569e-14 0)
(1.5 -6.06595e-14 0)
(1.5 2.21517e-14 0)
(1.5 7.91154e-14 0)
(1.5 1.12891e-13 0)
(1.5 9.50511e-14 0)
(1.5 9.64484e-14 0)
(1.5 1.27872e-13 0)
(1.5 1.75222e-13 0)
(1.5 2.52604e-13 0)
(1.5 2.445e-13 0)
(1.5 7.1155e-14 0)
(1.5 -9.65644e-14 0)
(1.5 -1.06367e-13 0)
(1.5 -1.33779e-13 0)
(1.5 -1.00949e-13 0)
(1.5 -6.17078e-14 0)
(1.5 -1.34401e-13 0)
(1.5 -1.14305e-13 0)
(1.5 -2.22654e-13 0)
(1.5 -1.97366e-13 0)
(1.5 -2.2692e-13 0)
(1.5 -1.67592e-13 0)
(1.5 -2.52839e-13 0)
(1.5 -1.66739e-13 0)
(1.5 -1.23179e-13 0)
(1.5 -6.37362e-14 0)
(1.5 4.00057e-14 0)
(1.5 -5.51336e-14 0)
(1.5 -2.17395e-14 0)
(1.5 8.15372e-14 0)
(1.5 1.56281e-13 0)
(1.5 1.53273e-13 0)
(1.5 1.42042e-13 0)
(1.5 1.66334e-13 0)
(1.5 2.07206e-13 0)
(1.5 1.11355e-13 0)
(1.5 5.43667e-14 0)
(1.5 1.03848e-13 0)
(1.5 1.06121e-13 0)
(1.5 1.90773e-13 0)
(1.5 1.48643e-13 0)
(1.5 3.84947e-14 0)
(1.5 7.14162e-15 0)
(1.5 1.6182e-14 0)
(1.5 7.88064e-14 0)
(1.5 1.2744e-13 0)
(1.5 1.19185e-13 0)
(1.5 4.96867e-14 0)
(1.5 7.05777e-14 0)
(1.5 2.36538e-13 0)
(1.5 2.17076e-13 0)
(1.5 2.22622e-13 0)
(1.5 2.70153e-13 0)
(1.5 1.97965e-13 0)
(1.5 2.85528e-13 0)
(1.5 2.75633e-13 0)
(1.5 2.23078e-13 0)
(1.5 3.06182e-13 0)
(1.5 2.82925e-13 0)
(1.5 3.19024e-13 0)
(1.5 2.28392e-13 0)
(1.5 2.46789e-13 0)
(1.5 3.27094e-13 0)
(1.5 3.21784e-13 0)
(1.5 3.156e-13 0)
(1.5 1.92252e-13 0)
(1.5 9.53696e-14 0)
(1.5 1.41267e-13 0)
(1.5 2.22701e-13 0)
(1.5 1.39275e-13 0)
(1.5 3.43134e-14 0)
(1.5 -2.46067e-15 0)
(1.5 7.80932e-14 0)
(1.5 1.14359e-13 0)
(1.5 1.1225e-13 0)
(1.5 1.49787e-13 0)
(1.5 3.26843e-13 0)
(1.5 4.5672e-13 0)
(1.5 3.97181e-13 0)
(1.5 2.90756e-13 0)
(1.5 1.60587e-13 0)
(1.5 2.01128e-13 0)
(1.5 1.91078e-13 0)
(1.5 8.14191e-14 0)
(1.5 1.60883e-13 0)
(1.5 2.47661e-14 0)
(1.5 -1.59429e-14 0)
(1.5 2.86136e-14 0)
(1.5 3.2186e-14 0)
(1.5 4.93066e-14 0)
(1.5 2.72589e-14 0)
(1.5 1.12894e-13 0)
(1.5 6.68007e-14 0)
(1.5 6.52423e-14 0)
(1.5 -2.44348e-14 0)
(1.5 -1.13543e-13 0)
(1.5 -9.83711e-14 0)
(1.5 -1.19005e-13 0)
(1.5 -8.38961e-14 0)
(1.5 -9.86412e-14 0)
(1.5 -5.52921e-14 0)
(1.5 -9.74683e-14 0)
(1.5 -8.81011e-14 0)
(1.5 -2.5713e-14 0)
(1.5 -1.09152e-13 0)
(1.5 -2.54e-13 0)
(1.5 -2.43085e-13 0)
(1.5 -2.56251e-13 0)
(1.5 -2.40372e-13 0)
(1.5 -1.59985e-13 0)
(1.5 -1.1639e-13 0)
(1.5 -1.2479e-13 0)
(1.5 -8.98407e-14 0)
(1.5 2.10186e-14 0)
(1.5 8.29137e-14 0)
(1.5 2.41701e-13 0)
(1.5 2.32246e-13 0)
(1.5 2.84589e-13 0)
(1.5 4.31749e-13 0)
(1.5 3.70555e-13 0)
(1.5 2.5526e-13 0)
(1.5 2.75234e-13 0)
(1.5 2.54205e-13 0)
(1.5 3.09276e-13 0)
(1.5 2.30809e-13 0)
(1.5 2.42252e-13 0)
(1.5 2.55698e-13 0)
(1.5 1.37986e-13 0)
(1.5 1.7508e-13 0)
(1.5 1.27002e-13 0)
(1.5 1.25547e-13 0)
(1.5 1.07886e-13 0)
(1.5 4.87408e-14 0)
(1.5 1.42291e-14 0)
(1.5 -1.96038e-13 0)
(1.5 -3.66528e-13 0)
(1.5 -4.12577e-13 0)
(1.5 -4.4245e-13 0)
(1.5 -5.04542e-13 0)
(1.5 -3.35839e-13 0)
(1.5 -1.97899e-13 0)
(1.5 -1.52872e-13 0)
(1.5 -1.11135e-13 0)
(1.5 -9.29098e-14 0)
(1.5 -2.41572e-13 0)
(1.5 -1.27151e-13 0)
(1.5 -8.89065e-14 0)
(1.5 -1.10192e-14 0)
(1.5 -4.46565e-14 0)
(1.5 -4.14885e-14 0)
(1.5 -9.29855e-14 0)
(1.5 -9.34588e-14 0)
(1.5 -8.55745e-14 0)
(1.5 -3.13151e-14 0)
(1.5 5.5977e-14 0)
(1.5 -6.60291e-15 0)
(1.5 -1.05923e-13 0)
(1.5 -2.16173e-13 0)
(1.5 -2.19801e-13 0)
(1.5 -1.75415e-13 0)
(1.5 -1.83238e-14 0)
(1.5 1.12858e-14 0)
(1.5 -2.0345e-14 0)
(1.5 -4.91514e-15 0)
(1.5 -1.25661e-13 0)
(1.5 -6.57798e-14 0)
(1.5 1.41295e-14 0)
(1.5 -8.30408e-14 0)
(1.5 -1.88568e-13 0)
(1.5 -2.40367e-13 0)
(1.5 -2.0409e-13 0)
(1.5 -2.2149e-13 0)
(1.5 -2.57429e-13 0)
(1.5 -2.50313e-13 0)
(1.5 -1.92031e-13 0)
(1.5 -5.43576e-14 0)
(1.5 2.80421e-14 0)
(1.5 2.36126e-14 0)
(1.5 4.43784e-14 0)
(1.5 -7.83049e-14 0)
(1.5 -1.5614e-13 0)
(1.5 -1.79138e-13 0)
(1.5 -2.4917e-13 0)
(1.5 -2.04094e-13 0)
(1.5 -2.87015e-13 0)
(1.5 -2.99525e-13 0)
(1.5 -3.51761e-13 0)
(1.5 -3.19557e-13 0)
(1.5 -1.69608e-13 0)
(1.5 -2.2781e-13 0)
(1.5 -1.59947e-13 0)
(1.5 -1.86295e-14 0)
(1.5 -8.66532e-15 0)
(1.5 -3.43602e-14 0)
(1.5 -1.47099e-14 0)
(1.5 1.44553e-14 0)
(1.5 1.40109e-13 0)
(1.5 1.44606e-13 0)
(1.5 2.77086e-14 0)
(1.5 -1.04219e-13 0)
(1.5 -1.61107e-13 0)
(1.5 -2.31174e-14 0)
(1.5 1.08595e-13 0)
(1.5 7.493e-14 0)
(1.5 -6.10533e-15 0)
(1.5 -4.70594e-14 0)
(1.5 7.37107e-14 0)
(1.5 1.34434e-13 0)
(1.5 1.39945e-13 0)
(1.5 1.23477e-13 0)
(1.5 -1.48133e-14 0)
(1.5 -1.28224e-13 0)
(1.5 -6.67482e-14 0)
(1.5 -3.46121e-14 0)
(1.5 1.07575e-14 0)
(1.5 1.54881e-14 0)
(1.5 -6.59517e-14 0)
(1.5 -2.22777e-14 0)
(1.5 -1.32349e-13 0)
(1.5 -4.05449e-14 0)
(1.5 -1.13741e-13 0)
(1.5 -1.12338e-13 0)
(1.5 -1.30448e-13 0)
(1.5 -1.00426e-13 0)
(1.5 -4.52116e-14 0)
(1.5 6.50098e-15 0)
(1.5 3.56902e-14 0)
(1.5 6.46543e-17 0)
(1.5 -1.74355e-14 0)
(1.5 -1.0638e-15 0)
(1.5 6.04359e-14 0)
(1.5 8.69012e-14 0)
(1.5 1.04838e-13 0)
(1.5 7.17212e-14 0)
(1.5 1.64748e-13 0)
(1.5 1.70446e-13 0)
(1.5 2.09732e-13 0)
(1.5 2.46323e-13 0)
(1.5 2.74543e-13 0)
(1.5 2.90335e-13 0)
(1.5 2.46073e-13 0)
(1.5 1.19738e-13 0)
(1.5 5.14333e-14 0)
(1.5 -3.06801e-16 0)
(1.5 -1.14492e-14 0)
(1.5 2.16679e-14 0)
(1.5 6.56896e-14 0)
(1.5 1.8427e-14 0)
(1.5 6.67529e-14 0)
(1.5 2.86728e-13 0)
(1.5 2.1854e-13 0)
(1.5 1.26679e-13 0)
(1.5 1.56358e-13 0)
(1.5 2.29715e-13 0)
(1.5 3.58861e-13 0)
(1.5 3.30962e-13 0)
(1.5 2.93759e-13 0)
(1.5 3.9058e-13 0)
(1.5 3.46737e-13 0)
(1.5 2.95564e-13 0)
(1.5 3.10264e-13 0)
(1.5 2.89728e-13 0)
(1.5 3.53527e-13 0)
(1.5 3.23092e-13 0)
(1.5 4.04877e-13 0)
(1.5 2.80358e-13 0)
(1.5 2.02759e-13 0)
(1.5 1.08823e-13 0)
(1.5 1.28466e-13 0)
(1.5 1.77395e-13 0)
(1.5 1.51055e-13 0)
(1.5 1.25176e-13 0)
(1.5 7.70223e-14 0)
(1.5 6.68011e-14 0)
(1.5 5.67968e-14 0)
(1.5 6.76509e-14 0)
(1.5 1.36199e-13 0)
(1.5 2.9497e-13 0)
(1.5 2.5015e-13 0)
(1.5 2.39743e-13 0)
(1.5 2.0077e-13 0)
(1.5 1.56408e-13 0)
(1.5 2.59254e-13 0)
(1.5 1.7019e-13 0)
(1.5 2.43639e-13 0)
(1.5 1.15449e-13 0)
(1.5 -1.42165e-14 0)
(1.5 8.17284e-14 0)
(1.5 1.09529e-13 0)
(1.5 1.74702e-13 0)
(1.5 8.01532e-14 0)
(1.5 4.21882e-14 0)
(1.5 -2.90625e-14 0)
(1.5 -1.59742e-14 0)
(1.5 -1.40017e-13 0)
(1.5 -1.91926e-13 0)
(1.5 -2.6527e-13 0)
(1.5 -2.5301e-13 0)
(1.5 -2.18833e-13 0)
(1.5 -1.65129e-13 0)
(1.5 -7.56489e-14 0)
(1.5 -9.5926e-14 0)
(1.5 1.77512e-14 0)
(1.5 6.80195e-14 0)
(1.5 1.72275e-14 0)
(1.5 -1.45042e-13 0)
(1.5 -2.72202e-13 0)
(1.5 -3.16069e-13 0)
(1.5 -3.30735e-13 0)
(1.5 -1.99469e-13 0)
(1.5 -2.45144e-13 0)
(1.5 -3.417e-13 0)
(1.5 -2.71037e-13 0)
(1.5 -7.67804e-14 0)
(1.5 3.6349e-14 0)
(1.5 2.2656e-13 0)
(1.5 2.42418e-13 0)
(1.5 4.11405e-13 0)
(1.5 5.79312e-13 0)
(1.5 5.78843e-13 0)
(1.5 4.51891e-13 0)
(1.5 3.89143e-13 0)
(1.5 2.91144e-13 0)
(1.5 3.73734e-13 0)
(1.5 2.87233e-13 0)
(1.5 2.49192e-13 0)
(1.5 2.24429e-13 0)
(1.5 1.23399e-13 0)
(1.5 1.71208e-13 0)
(1.5 1.6665e-13 0)
(1.5 1.76694e-13 0)
(1.5 8.01912e-14 0)
(1.5 -1.53582e-14 0)
(1.5 -7.08883e-14 0)
(1.5 -1.28842e-13 0)
(1.5 -2.59836e-13 0)
(1.5 -3.56981e-13 0)
(1.5 -4.88755e-13 0)
(1.5 -4.19552e-13 0)
(1.5 -3.3676e-13 0)
(1.5 -2.64002e-13 0)
(1.5 -2.03366e-13 0)
(1.5 -1.88318e-13 0)
(1.5 -1.97585e-13 0)
(1.5 -2.43176e-13 0)
(1.5 -1.88653e-13 0)
(1.5 -1.52379e-13 0)
(1.5 -9.11741e-14 0)
(1.5 -7.09808e-14 0)
(1.5 -3.80695e-14 0)
(1.5 -1.26954e-13 0)
(1.5 -2.59313e-13 0)
(1.5 -2.78763e-13 0)
(1.5 -1.57229e-13 0)
(1.5 -1.65279e-14 0)
(1.5 -1.60853e-15 0)
(1.5 -9.0922e-14 0)
(1.5 -2.18286e-13 0)
(1.5 -1.87036e-13 0)
(1.5 -8.56278e-14 0)
(1.5 -1.40248e-14 0)
(1.5 -6.10925e-16 0)
(1.5 -7.8983e-14 0)
(1.5 -1.82691e-14 0)
(1.5 -8.15377e-14 0)
(1.5 -8.38405e-14 0)
(1.5 -7.68601e-14 0)
(1.5 -7.78328e-14 0)
(1.5 -9.36314e-14 0)
(1.5 -1.58872e-13 0)
(1.5 -1.56999e-13 0)
(1.5 -8.88473e-14 0)
(1.5 -1.19602e-13 0)
(1.5 -2.00877e-13 0)
(1.5 -2.0997e-13 0)
(1.5 -1.97724e-13 0)
(1.5 -5.12914e-14 0)
(1.5 1.18248e-13 0)
(1.5 1.05805e-13 0)
(1.5 4.42597e-14 0)
(1.5 -1.42052e-14 0)
(1.5 -1.35844e-13 0)
(1.5 -3.31454e-13 0)
(1.5 -3.24672e-13 0)
(1.5 -3.04551e-13 0)
(1.5 -2.99924e-13 0)
(1.5 -3.03902e-13 0)
(1.5 -2.87549e-13 0)
(1.5 -2.408e-13 0)
(1.5 -2.72982e-13 0)
(1.5 -2.68865e-13 0)
(1.5 -1.66112e-13 0)
(1.5 1.32785e-14 0)
(1.5 -7.03954e-14 0)
(1.5 -1.20327e-13 0)
(1.5 -1.66398e-13 0)
(1.5 2.68255e-14 0)
(1.5 1.2393e-13 0)
(1.5 1.87442e-14 0)
(1.5 -7.59514e-14 0)
(1.5 -1.65671e-13 0)
(1.5 -1.00978e-13 0)
(1.5 1.64849e-14 0)
(1.5 3.68635e-14 0)
(1.5 1.9945e-14 0)
(1.5 5.63642e-15 0)
(1.5 1.05876e-13 0)
(1.5 1.02294e-13 0)
(1.5 -6.04604e-15 0)
(1.5 -9.11193e-15 0)
(1.5 -4.84248e-14 0)
(1.5 2.52349e-14 0)
(1.5 4.16824e-14 0)
(1.5 5.30734e-14 0)
(1.5 5.14797e-14 0)
(1.5 2.59993e-15 0)
(1.5 -4.63584e-14 0)
(1.5 -4.48379e-14 0)
(1.5 -4.04226e-14 0)
(1.5 9.18789e-14 0)
(1.5 6.55007e-14 0)
(1.5 -1.97672e-14 0)
(1.5 1.20746e-14 0)
(1.5 -1.13255e-14 0)
(1.5 6.46615e-14 0)
(1.5 1.02066e-13 0)
(1.5 3.40017e-14 0)
(1.5 5.74328e-14 0)
(1.5 1.9496e-14 0)
(1.5 2.73931e-14 0)
(1.5 5.8404e-14 0)
(1.5 4.21975e-14 0)
(1.5 1.0081e-13 0)
(1.5 1.08643e-13 0)
(1.5 2.13873e-13 0)
(1.5 3.00682e-13 0)
(1.5 4.28013e-13 0)
(1.5 4.57306e-13 0)
(1.5 4.49887e-13 0)
(1.5 3.7791e-13 0)
(1.5 3.59127e-13 0)
(1.5 2.88907e-13 0)
(1.5 1.94161e-13 0)
(1.5 1.49005e-13 0)
(1.5 9.25391e-14 0)
(1.5 5.61207e-15 0)
(1.5 6.8435e-14 0)
(1.5 1.61123e-13 0)
(1.5 1.36331e-13 0)
(1.5 2.70318e-13 0)
(1.5 2.35623e-13 0)
(1.5 1.31182e-13 0)
(1.5 9.94127e-14 0)
(1.5 2.19747e-13 0)
(1.5 3.28674e-13 0)
(1.5 3.61519e-13 0)
(1.5 3.85836e-13 0)
(1.5 3.94998e-13 0)
(1.5 3.7792e-13 0)
(1.5 2.65708e-13 0)
(1.5 3.6518e-13 0)
(1.5 3.36235e-13 0)
(1.5 4.31916e-13 0)
(1.5 4.57921e-13 0)
(1.5 4.78895e-13 0)
(1.5 3.646e-13 0)
(1.5 2.95507e-13 0)
(1.5 1.85719e-13 0)
(1.5 3.80831e-14 0)
(1.5 6.93267e-14 0)
(1.5 1.16105e-13 0)
(1.5 1.65463e-13 0)
(1.5 8.26541e-15 0)
(1.5 -2.80635e-14 0)
(1.5 8.64296e-14 0)
(1.5 1.69139e-14 0)
(1.5 2.69487e-15 0)
(1.5 8.39406e-14 0)
(1.5 1.48082e-13 0)
(1.5 2.99655e-13 0)
(1.5 2.51581e-13 0)
(1.5 9.63126e-14 0)
(1.5 1.64331e-13 0)
(1.5 1.52072e-13 0)
(1.5 1.53008e-13 0)
(1.5 8.7145e-14 0)
(1.5 2.53683e-15 0)
(1.5 9.93225e-14 0)
(1.5 6.4543e-14 0)
(1.5 1.00776e-13 0)
(1.5 -1.70856e-14 0)
(1.5 -5.9112e-14 0)
(1.5 -1.07568e-13 0)
(1.5 -9.63739e-14 0)
(1.5 -1.91387e-13 0)
(1.5 -2.43934e-13 0)
(1.5 -3.36295e-13 0)
(1.5 -3.3961e-13 0)
(1.5 -3.71796e-13 0)
(1.5 -2.50659e-13 0)
(1.5 -1.85949e-13 0)
(1.5 -1.36856e-13 0)
(1.5 2.10846e-14 0)
(1.5 -6.74751e-14 0)
(1.5 -7.28543e-14 0)
(1.5 -1.50778e-13 0)
(1.5 -3.58027e-13 0)
(1.5 -4.99376e-13 0)
(1.5 -4.646e-13 0)
(1.5 -2.488e-13 0)
(1.5 -3.11967e-13 0)
(1.5 -3.73998e-13 0)
(1.5 -2.58932e-13 0)
(1.5 -7.05556e-14 0)
(1.5 2.63219e-14 0)
(1.5 1.10411e-13 0)
(1.5 1.55354e-13 0)
(1.5 3.97448e-13 0)
(1.5 5.33156e-13 0)
(1.5 6.57925e-13 0)
(1.5 6.23215e-13 0)
(1.5 5.21257e-13 0)
(1.5 3.55191e-13 0)
(1.5 2.65516e-13 0)
(1.5 2.29948e-13 0)
(1.5 2.13637e-13 0)
(1.5 1.57847e-13 0)
(1.5 1.89946e-13 0)
(1.5 1.65197e-13 0)
(1.5 1.36806e-13 0)
(1.5 4.64353e-14 0)
(1.5 -4.88421e-14 0)
(1.5 -3.56239e-14 0)
(1.5 -1.14136e-13 0)
(1.5 -1.60111e-13 0)
(1.5 -2.12121e-13 0)
(1.5 -3.26537e-13 0)
(1.5 -3.58847e-13 0)
(1.5 -2.50364e-13 0)
(1.5 -2.2129e-13 0)
(1.5 -2.95938e-13 0)
(1.5 -3.11254e-13 0)
(1.5 -3.27311e-13 0)
(1.5 -2.81702e-13 0)
(1.5 -2.28897e-13 0)
(1.5 -2.63832e-13 0)
(1.5 -2.82014e-13 0)
(1.5 -2.61206e-13 0)
(1.5 -1.9008e-13 0)
(1.5 -1.362e-13 0)
(1.5 -7.02648e-14 0)
(1.5 -2.64912e-13 0)
(1.5 -3.36364e-13 0)
(1.5 -1.92591e-13 0)
(1.5 -1.1883e-13 0)
(1.5 -5.3319e-14 0)
(1.5 -7.77859e-14 0)
(1.5 -7.68318e-14 0)
(1.5 -3.32626e-14 0)
(1.5 -3.5118e-15 0)
(1.5 -5.93981e-14 0)
(1.5 -1.43901e-13 0)
(1.5 -1.61669e-13 0)
(1.5 -1.55579e-13 0)
(1.5 -2.02026e-13 0)
(1.5 -2.63495e-13 0)
(1.5 -2.42689e-13 0)
(1.5 -9.1434e-14 0)
(1.5 -1.74319e-14 0)
(1.5 -4.16299e-14 0)
(1.5 -5.58765e-14 0)
(1.5 -2.11299e-14 0)
(1.5 -2.26355e-14 0)
(1.5 -4.00834e-15 0)
(1.5 -9.53555e-15 0)
(1.5 -1.2251e-13 0)
(1.5 -8.29515e-14 0)
(1.5 7.17696e-14 0)
(1.5 3.34634e-14 0)
(1.5 4.3759e-14 0)
(1.5 3.81325e-14 0)
(1.5 -1.32899e-13 0)
(1.5 -2.77366e-13 0)
(1.5 -3.18377e-13 0)
(1.5 -3.14645e-13 0)
(1.5 -3.50895e-13 0)
(1.5 -3.2874e-13 0)
(1.5 -3.95004e-13 0)
(1.5 -4.25093e-13 0)
(1.5 -3.70836e-13 0)
(1.5 -3.09336e-13 0)
(1.5 -2.65471e-13 0)
(1.5 -8.76109e-15 0)
(1.5 4.37009e-15 0)
(1.5 -6.98258e-14 0)
(1.5 -1.79643e-13 0)
(1.5 -1.57229e-13 0)
(1.5 -4.47118e-14 0)
(1.5 -5.21415e-14 0)
(1.5 -6.54324e-14 0)
(1.5 -1.81813e-13 0)
(1.5 -2.04061e-13 0)
(1.5 -1.37722e-13 0)
(1.5 1.1587e-14 0)
(1.5 2.90477e-14 0)
(1.5 7.61191e-14 0)
(1.5 1.34662e-13 0)
(1.5 7.95014e-14 0)
(1.5 2.59372e-14 0)
(1.5 1.0762e-13 0)
(1.5 7.42809e-14 0)
(1.5 1.62542e-13 0)
(1.5 1.22642e-13 0)
(1.5 7.17083e-14 0)
(1.5 1.02815e-13 0)
(1.5 2.12607e-14 0)
(1.5 8.49067e-15 0)
(1.5 -5.81779e-14 0)
(1.5 3.21795e-14 0)
(1.5 1.30599e-13 0)
(1.5 1.37696e-13 0)
(1.5 1.1587e-13 0)
(1.5 1.54782e-13 0)
(1.5 8.78823e-14 0)
(1.5 1.57296e-13 0)
(1.5 1.57548e-13 0)
(1.5 1.0399e-13 0)
(1.5 8.37647e-14 0)
(1.5 4.57633e-14 0)
(1.5 8.38751e-14 0)
(1.5 8.93219e-14 0)
(1.5 2.67545e-14 0)
(1.5 1.27871e-13 0)
(1.5 2.37488e-13 0)
(1.5 3.16039e-13 0)
(1.5 4.7196e-13 0)
(1.5 5.74886e-13 0)
(1.5 5.7531e-13 0)
(1.5 4.83961e-13 0)
(1.5 3.75941e-13 0)
(1.5 4.07825e-13 0)
(1.5 3.91294e-13 0)
(1.5 3.8381e-13 0)
(1.5 3.3603e-13 0)
(1.5 2.83046e-13 0)
(1.5 1.23399e-13 0)
(1.5 9.64394e-14 0)
(1.5 2.10276e-13 0)
(1.5 2.30228e-13 0)
(1.5 2.71521e-13 0)
(1.5 2.93941e-13 0)
(1.5 2.82255e-13 0)
(1.5 1.50979e-13 0)
(1.5 2.20602e-13 0)
(1.5 2.72444e-13 0)
(1.5 3.38681e-13 0)
(1.5 3.6304e-13 0)
(1.5 3.55102e-13 0)
(1.5 3.85674e-13 0)
(1.5 3.05196e-13 0)
(1.5 3.66454e-13 0)
(1.5 3.82706e-13 0)
(1.5 4.71232e-13 0)
(1.5 5.73192e-13 0)
(1.5 4.65804e-13 0)
(1.5 4.20695e-13 0)
(1.5 3.59627e-13 0)
(1.5 2.52907e-13 0)
(1.5 9.02218e-14 0)
(1.5 6.21457e-14 0)
(1.5 7.54459e-14 0)
(1.5 1.47939e-13 0)
(1.5 5.61246e-14 0)
(1.5 1.32216e-14 0)
(1.5 2.37667e-13 0)
(1.5 1.60699e-13 0)
(1.5 6.96488e-14 0)
(1.5 6.15068e-14 0)
(1.5 1.84905e-13 0)
(1.5 3.36854e-13 0)
(1.5 2.80203e-13 0)
(1.5 1.867e-13 0)
(1.5 1.49256e-13 0)
(1.5 1.71259e-13 0)
(1.5 9.31025e-14 0)
(1.5 1.74575e-14 0)
(1.5 5.83829e-14 0)
(1.5 1.47523e-13 0)
(1.5 8.24095e-14 0)
(1.5 2.36102e-14 0)
(1.5 -7.77044e-14 0)
(1.5 -1.12979e-13 0)
(1.5 -1.47662e-13 0)
(1.5 -2.43009e-13 0)
(1.5 -2.20222e-13 0)
(1.5 -2.83834e-13 0)
(1.5 -3.4111e-13 0)
(1.5 -4.1498e-13 0)
(1.5 -3.74168e-13 0)
(1.5 -2.07817e-13 0)
(1.5 -1.73172e-13 0)
(1.5 -9.20339e-14 0)
(1.5 -1.89645e-14 0)
(1.5 -1.31011e-13 0)
(1.5 -1.23929e-13 0)
(1.5 -1.55403e-13 0)
(1.5 -3.44937e-13 0)
(1.5 -5.68965e-13 0)
(1.5 -5.50812e-13 0)
(1.5 -3.86952e-13 0)
(1.5 -3.6387e-13 0)
(1.5 -3.51771e-13 0)
(1.5 -2.03418e-13 0)
(1.5 -7.08359e-14 0)
(1.5 -7.9236e-15 0)
(1.5 -7.01529e-14 0)
(1.5 7.1581e-14 0)
(1.5 2.61075e-13 0)
(1.5 3.16903e-13 0)
(1.5 4.59046e-13 0)
(1.5 4.93756e-13 0)
(1.5 3.62376e-13 0)
(1.5 2.25145e-13 0)
(1.5 1.70052e-13 0)
(1.5 1.50616e-13 0)
(1.5 1.80196e-13 0)
(1.5 1.24368e-13 0)
(1.5 2.27261e-13 0)
(1.5 2.0552e-13 0)
(1.5 8.02924e-14 0)
(1.5 -9.78985e-14 0)
(1.5 -2.00444e-13 0)
(1.5 -1.69933e-13 0)
(1.5 -1.68402e-13 0)
(1.5 -2.04956e-13 0)
(1.5 -1.76697e-13 0)
(1.5 -2.09483e-13 0)
(1.5 -1.82216e-13 0)
(1.5 -1.67372e-13 0)
(1.5 -2.02833e-13 0)
(1.5 -3.07735e-13 0)
(1.5 -4.22531e-13 0)
(1.5 -3.8304e-13 0)
(1.5 -3.26675e-13 0)
(1.5 -3.06008e-13 0)
(1.5 -3.94905e-13 0)
(1.5 -3.6352e-13 0)
(1.5 -2.97854e-13 0)
(1.5 -2.14847e-13 0)
(1.5 -2.28534e-13 0)
(1.5 -1.09779e-13 0)
(1.5 -2.17005e-13 0)
(1.5 -3.07596e-13 0)
(1.5 -2.60813e-13 0)
(1.5 -2.85312e-13 0)
(1.5 -2.45279e-13 0)
(1.5 -1.25925e-13 0)
(1.5 -2.81186e-14 0)
(1.5 9.02306e-14 0)
(1.5 7.30367e-14 0)
(1.5 -6.54944e-14 0)
(1.5 -1.58414e-13 0)
(1.5 -1.58048e-13 0)
(1.5 -2.03779e-13 0)
(1.5 -3.28753e-13 0)
(1.5 -3.76965e-13 0)
(1.5 -3.39437e-13 0)
(1.5 -1.60354e-13 0)
(1.5 -1.22865e-13 0)
(1.5 -1.60759e-13 0)
(1.5 -6.49032e-14 0)
(1.5 -9.11033e-14 0)
(1.5 -7.28025e-14 0)
(1.5 6.13715e-14 0)
(1.5 2.57887e-14 0)
(1.5 -8.9438e-14 0)
(1.5 -1.86593e-13 0)
(1.5 -1.79293e-13 0)
(1.5 -1.7641e-13 0)
(1.5 -1.7221e-13 0)
(1.5 -9.14572e-14 0)
(1.5 -2.15915e-13 0)
(1.5 -2.97972e-13 0)
(1.5 -2.58307e-13 0)
(1.5 -2.75103e-13 0)
(1.5 -2.92382e-13 0)
(1.5 -2.95132e-13 0)
(1.5 -3.93474e-13 0)
(1.5 -4.12916e-13 0)
(1.5 -4.46532e-13 0)
(1.5 -3.15402e-13 0)
(1.5 -2.83288e-13 0)
(1.5 -1.80668e-14 0)
(1.5 1.23755e-13 0)
(1.5 6.71758e-14 0)
(1.5 -3.95864e-14 0)
(1.5 -1.81546e-13 0)
(1.5 -2.15955e-13 0)
(1.5 -1.83423e-13 0)
(1.5 -1.50914e-13 0)
(1.5 -2.44539e-13 0)
(1.5 -2.79383e-13 0)
(1.5 -2.61271e-13 0)
(1.5 -2.13703e-13 0)
(1.5 -1.84118e-13 0)
(1.5 -4.95335e-14 0)
(1.5 4.76696e-14 0)
(1.5 1.02303e-13 0)
(1.5 1.60427e-13 0)
(1.5 1.4633e-13 0)
(1.5 6.33008e-14 0)
(1.5 7.70474e-14 0)
(1.5 9.08512e-14 0)
(1.5 8.44608e-15 0)
(1.5 -5.68143e-17 0)
(1.5 -4.78577e-14 0)
(1.5 2.98065e-14 0)
(1.5 1.79849e-14 0)
(1.5 7.34512e-14 0)
(1.5 7.51156e-14 0)
(1.5 2.50395e-14 0)
(1.5 6.12354e-14 0)
(1.5 7.62712e-14 0)
(1.5 3.0505e-14 0)
(1.5 1.83709e-13 0)
(1.5 1.65648e-13 0)
(1.5 1.17992e-13 0)
(1.5 5.39586e-14 0)
(1.5 4.60988e-14 0)
(1.5 3.39324e-14 0)
(1.5 1.02212e-14 0)
(1.5 1.5324e-14 0)
(1.5 8.50467e-14 0)
(1.5 2.73335e-13 0)
(1.5 3.03686e-13 0)
(1.5 4.583e-13 0)
(1.5 5.36392e-13 0)
(1.5 4.69284e-13 0)
(1.5 3.73115e-13 0)
(1.5 3.28796e-13 0)
(1.5 3.15282e-13 0)
(1.5 3.76656e-13 0)
(1.5 3.95021e-13 0)
(1.5 3.22307e-13 0)
(1.5 2.34309e-13 0)
(1.5 1.56212e-13 0)
(1.5 1.07837e-13 0)
(1.5 1.59792e-13 0)
(1.5 2.42677e-13 0)
(1.5 2.27591e-13 0)
(1.5 2.47589e-13 0)
(1.5 2.93819e-13 0)
(1.5 1.45826e-13 0)
(1.5 1.25924e-13 0)
(1.5 1.58299e-13 0)
(1.5 2.09122e-13 0)
(1.5 1.62852e-13 0)
(1.5 1.30931e-13 0)
(1.5 1.83725e-13 0)
(1.5 2.27036e-13 0)
(1.5 2.40183e-13 0)
(1.5 2.62586e-13 0)
(1.5 2.84501e-13 0)
(1.5 3.34434e-13 0)
(1.5 2.43239e-13 0)
(1.5 2.56566e-13 0)
(1.5 3.57797e-13 0)
(1.5 2.85974e-13 0)
(1.5 2.26722e-13 0)
(1.5 1.4547e-13 0)
(1.5 1.00998e-13 0)
(1.5 1.57072e-13 0)
(1.5 1.78284e-13 0)
(1.5 1.47472e-13 0)
(1.5 2.91077e-13 0)
(1.5 3.12759e-13 0)
(1.5 2.63837e-13 0)
(1.5 1.7187e-13 0)
(1.5 2.32839e-13 0)
(1.5 2.74954e-13 0)
(1.5 3.15867e-13 0)
(1.5 3.51673e-13 0)
(1.5 2.64982e-13 0)
(1.5 2.96122e-13 0)
(1.5 1.65305e-13 0)
(1.5 1.19931e-13 0)
(1.5 1.8889e-13 0)
(1.5 7.48652e-14 0)
(1.5 6.98648e-15 0)
(1.5 -6.62779e-14 0)
(1.5 -2.42753e-14 0)
(1.5 -1.20186e-13 0)
(1.5 -1.39308e-13 0)
(1.5 -2.56556e-13 0)
(1.5 -2.04634e-13 0)
(1.5 -2.14432e-13 0)
(1.5 -2.32931e-13 0)
(1.5 -3.33863e-13 0)
(1.5 -2.65222e-13 0)
(1.5 -1.58412e-13 0)
(1.5 -1.55372e-13 0)
(1.5 -6.66421e-14 0)
(1.5 -4.37045e-14 0)
(1.5 -5.16917e-14 0)
(1.5 -6.0573e-14 0)
(1.5 -1.03153e-13 0)
(1.5 -1.91837e-13 0)
(1.5 -2.80737e-13 0)
(1.5 -4.27292e-13 0)
(1.5 -4.76519e-13 0)
(1.5 -3.80806e-13 0)
(1.5 -3.16104e-13 0)
(1.5 -2.18395e-13 0)
(1.5 -1.80863e-13 0)
(1.5 -9.83933e-14 0)
(1.5 -1.881e-13 0)
(1.5 -1.01355e-13 0)
(1.5 -7.07644e-14 0)
(1.5 -9.48748e-15 0)
(1.5 1.3512e-13 0)
(1.5 1.39492e-13 0)
(1.5 7.52764e-14 0)
(1.5 5.33438e-14 0)
(1.5 3.02197e-14 0)
(1.5 5.39474e-14 0)
(1.5 1.903e-13 0)
(1.5 1.64471e-13 0)
(1.5 1.81027e-13 0)
(1.5 8.18311e-14 0)
(1.5 -1.32814e-13 0)
(1.5 -2.57236e-13 0)
(1.5 -2.54659e-13 0)
(1.5 -3.21536e-13 0)
(1.5 -3.59727e-13 0)
(1.5 -3.34344e-13 0)
(1.5 -2.53086e-13 0)
(1.5 -8.16348e-14 0)
(1.5 -5.99716e-14 0)
(1.5 -1.08754e-13 0)
(1.5 -2.29695e-13 0)
(1.5 -2.84509e-13 0)
(1.5 -3.89223e-13 0)
(1.5 -3.847e-13 0)
(1.5 -3.80371e-13 0)
(1.5 -4.18681e-13 0)
(1.5 -4.77524e-13 0)
(1.5 -4.33757e-13 0)
(1.5 -3.36848e-13 0)
(1.5 -2.22198e-13 0)
(1.5 -2.17064e-13 0)
(1.5 -2.59733e-13 0)
(1.5 -2.38276e-13 0)
(1.5 -2.01564e-13 0)
(1.5 -1.9998e-13 0)
(1.5 -3.19476e-13 0)
(1.5 -3.36631e-13 0)
(1.5 -1.81004e-13 0)
(1.5 -5.628e-14 0)
(1.5 7.84092e-14 0)
(1.5 2.53669e-14 0)
(1.5 -7.79872e-14 0)
(1.5 -9.85407e-14 0)
(1.5 -5.59669e-14 0)
(1.5 -9.1003e-14 0)
(1.5 -2.38107e-13 0)
(1.5 -2.9202e-13 0)
(1.5 -3.32327e-13 0)
(1.5 -2.48332e-13 0)
(1.5 -2.01857e-13 0)
(1.5 -1.98418e-13 0)
(1.5 -1.10478e-13 0)
(1.5 -3.37884e-14 0)
(1.5 -9.89049e-15 0)
(1.5 2.5174e-14 0)
(1.5 -1.61941e-13 0)
(1.5 -2.03688e-13 0)
(1.5 -2.29363e-13 0)
(1.5 -2.80024e-13 0)
(1.5 -2.57158e-13 0)
(1.5 -3.11072e-13 0)
(1.5 -2.85915e-13 0)
(1.5 -3.26132e-13 0)
(1.5 -4.32201e-13 0)
(1.5 -3.26959e-13 0)
(1.5 -3.37715e-13 0)
(1.5 -2.13479e-13 0)
(1.5 -1.09546e-13 0)
(1.5 -1.60087e-13 0)
(1.5 -1.96215e-13 0)
(1.5 -3.27873e-13 0)
(1.5 -3.86783e-13 0)
(1.5 -3.69202e-13 0)
(1.5 -6.71681e-14 0)
(1.5 5.29575e-14 0)
(1.5 1.08967e-13 0)
(1.5 1.97372e-14 0)
(1.5 -1.75851e-13 0)
(1.5 -3.47742e-13 0)
(1.5 -2.8912e-13 0)
(1.5 -2.16611e-13 0)
(1.5 -2.32484e-13 0)
(1.5 -2.83628e-13 0)
(1.5 -3.43214e-13 0)
(1.5 -4.3284e-13 0)
(1.5 -2.88143e-13 0)
(1.5 -1.318e-13 0)
(1.5 -1.42981e-14 0)
(1.5 1.01864e-13 0)
(1.5 1.53087e-13 0)
(1.5 1.22415e-13 0)
(1.5 1.48084e-13 0)
(1.5 7.86494e-14 0)
(1.5 1.7357e-13 0)
(1.5 9.37477e-14 0)
(1.5 -2.75017e-14 0)
(1.5 1.42019e-15 0)
(1.5 5.79717e-14 0)
(1.5 1.5035e-13 0)
(1.5 1.75897e-13 0)
(1.5 9.58881e-14 0)
(1.5 5.63571e-14 0)
(1.5 1.28406e-14 0)
(1.5 -7.24102e-15 0)
(1.5 -4.08803e-14 0)
(1.5 1.44821e-13 0)
(1.5 1.46404e-13 0)
(1.5 8.18892e-14 0)
(1.5 8.24047e-14 0)
(1.5 1.02618e-13 0)
(1.5 3.30237e-14 0)
(1.5 3.27341e-14 0)
(1.5 8.04709e-14 0)
(1.5 1.06843e-13 0)
(1.5 2.37448e-13 0)
(1.5 3.09106e-13 0)
(1.5 4.17245e-13 0)
(1.5 4.74974e-13 0)
(1.5 4.27525e-13 0)
(1.5 3.60117e-13 0)
(1.5 3.73245e-13 0)
(1.5 3.16935e-13 0)
(1.5 3.57855e-13 0)
(1.5 3.21749e-13 0)
(1.5 2.58382e-13 0)
(1.5 2.33769e-13 0)
(1.5 2.35944e-13 0)
(1.5 2.37889e-13 0)
(1.5 2.04277e-13 0)
(1.5 2.17548e-13 0)
(1.5 1.62884e-13 0)
(1.5 1.34142e-13 0)
(1.5 2.43421e-13 0)
(1.5 2.1751e-13 0)
(1.5 1.47707e-13 0)
(1.5 1.44495e-13 0)
(1.5 1.19108e-13 0)
(1.5 7.93129e-14 0)
(1.5 3.09464e-14 0)
(1.5 4.93906e-14 0)
(1.5 1.94965e-13 0)
(1.5 1.74089e-13 0)
(1.5 9.83782e-14 0)
(1.5 -1.78166e-14 0)
(1.5 -4.52798e-14 0)
(1.5 5.18709e-15 0)
(1.5 3.38814e-14 0)
(1.5 1.63628e-13 0)
(1.5 2.4526e-13 0)
(1.5 3.05034e-13 0)
(1.5 3.08089e-13 0)
(1.5 2.16539e-13 0)
(1.5 1.84843e-13 0)
(1.5 2.41919e-13 0)
(1.5 2.33025e-13 0)
(1.5 2.51272e-13 0)
(1.5 3.80605e-13 0)
(1.5 3.49228e-13 0)
(1.5 2.8271e-13 0)
(1.5 3.13531e-13 0)
(1.5 2.87356e-13 0)
(1.5 4.1701e-13 0)
(1.5 4.77643e-13 0)
(1.5 4.21721e-13 0)
(1.5 3.42805e-13 0)
(1.5 2.16376e-13 0)
(1.5 1.95174e-13 0)
(1.5 2.06756e-13 0)
(1.5 4.32625e-14 0)
(1.5 -1.16924e-15 0)
(1.5 -4.60326e-14 0)
(1.5 -5.70566e-14 0)
(1.5 -1.34417e-13 0)
(1.5 -1.3446e-13 0)
(1.5 -1.59227e-13 0)
(1.5 -1.36822e-13 0)
(1.5 -1.63285e-13 0)
(1.5 -1.46716e-13 0)
(1.5 -1.53728e-13 0)
(1.5 -8.21329e-14 0)
(1.5 -9.50568e-14 0)
(1.5 -1.42463e-13 0)
(1.5 -9.07233e-14 0)
(1.5 -1.3317e-13 0)
(1.5 -7.77947e-14 0)
(1.5 -3.14121e-14 0)
(1.5 -5.22819e-14 0)
(1.5 -1.74472e-14 0)
(1.5 -1.78057e-14 0)
(1.5 -1.64575e-13 0)
(1.5 -3.68943e-13 0)
(1.5 -3.30053e-13 0)
(1.5 -2.26862e-13 0)
(1.5 -2.18815e-13 0)
(1.5 -2.08027e-13 0)
(1.5 -1.55162e-13 0)
(1.5 -2.19637e-13 0)
(1.5 -1.86994e-13 0)
(1.5 -2.76321e-13 0)
(1.5 -2.16807e-13 0)
(1.5 -1.92892e-13 0)
(1.5 -2.55947e-13 0)
(1.5 -2.25636e-13 0)
(1.5 -8.01516e-14 0)
(1.5 -5.82561e-14 0)
(1.5 1.73503e-14 0)
(1.5 2.02078e-13 0)
(1.5 2.6861e-13 0)
(1.5 1.30428e-13 0)
(1.5 -3.68298e-14 0)
(1.5 -2.16473e-13 0)
(1.5 -2.76207e-13 0)
(1.5 -1.85741e-13 0)
(1.5 -2.55402e-13 0)
(1.5 -4.29644e-13 0)
(1.5 -3.26515e-13 0)
(1.5 -2.03496e-13 0)
(1.5 -3.62704e-14 0)
(1.5 -2.70006e-14 0)
(1.5 -1.17531e-13 0)
(1.5 -2.48988e-13 0)
(1.5 -2.07195e-13 0)
(1.5 -2.45728e-13 0)
(1.5 -2.93309e-13 0)
(1.5 -3.06454e-13 0)
(1.5 -3.60168e-13 0)
(1.5 -4.40728e-13 0)
(1.5 -3.87947e-13 0)
(1.5 -3.17279e-13 0)
(1.5 -2.18232e-13 0)
(1.5 -1.79445e-13 0)
(1.5 -2.89136e-13 0)
(1.5 -2.55901e-13 0)
(1.5 -2.15463e-13 0)
(1.5 -2.20807e-13 0)
(1.5 -2.51234e-13 0)
(1.5 -2.80867e-13 0)
(1.5 -1.87523e-13 0)
(1.5 -7.72163e-14 0)
(1.5 -2.31937e-14 0)
(1.5 -1.75169e-14 0)
(1.5 -3.12491e-14 0)
(1.5 -1.28588e-14 0)
(1.5 4.87674e-14 0)
(1.5 -3.41753e-14 0)
(1.5 -3.41905e-14 0)
(1.5 -6.98116e-14 0)
(1.5 -1.4395e-13 0)
(1.5 -1.32113e-13 0)
(1.5 -6.77458e-14 0)
(1.5 -2.03285e-15 0)
(1.5 1.81291e-14 0)
(1.5 7.2661e-14 0)
(1.5 9.80689e-14 0)
(1.5 -2.25751e-14 0)
(1.5 -1.51776e-13 0)
(1.5 -1.57031e-13 0)
(1.5 -1.20151e-13 0)
(1.5 -1.95526e-13 0)
(1.5 -2.44206e-13 0)
(1.5 -2.74085e-13 0)
(1.5 -3.32719e-13 0)
(1.5 -3.17554e-13 0)
(1.5 -3.32829e-13 0)
(1.5 -2.92523e-13 0)
(1.5 -2.50843e-13 0)
(1.5 -1.46916e-13 0)
(1.5 -7.29615e-14 0)
(1.5 1.9337e-15 0)
(1.5 4.714e-15 0)
(1.5 -9.72771e-15 0)
(1.5 -2.22027e-13 0)
(1.5 -2.38202e-13 0)
(1.5 1.60088e-14 0)
(1.5 3.84571e-15 0)
(1.5 9.83384e-14 0)
(1.5 3.69386e-14 0)
(1.5 -1.52818e-13 0)
(1.5 -3.42034e-13 0)
(1.5 -3.47981e-13 0)
(1.5 -2.80381e-13 0)
(1.5 -2.3873e-13 0)
(1.5 -3.34006e-13 0)
(1.5 -4.01691e-13 0)
(1.5 -4.38108e-13 0)
(1.5 -2.9678e-13 0)
(1.5 -1.95137e-13 0)
(1.5 -1.2613e-13 0)
(1.5 2.9209e-15 0)
(1.5 9.63031e-14 0)
(1.5 1.39612e-13 0)
(1.5 1.5773e-13 0)
(1.5 5.46937e-14 0)
(1.5 1.50858e-13 0)
(1.5 1.25508e-13 0)
(1.5 2.65252e-14 0)
(1.5 7.89602e-14 0)
(1.5 3.23619e-14 0)
(1.5 7.06206e-14 0)
(1.5 1.17569e-13 0)
(1.5 -2.41896e-14 0)
(1.5 6.21551e-15 0)
(1.5 -6.05043e-14 0)
(1.5 -1.34861e-14 0)
(1.5 -2.10131e-14 0)
(1.5 4.76406e-14 0)
(1.5 3.24821e-15 0)
(1.5 -9.57862e-15 0)
(1.5 9.89266e-14 0)
(1.5 3.9475e-14 0)
(1.5 -5.17846e-16 0)
(1.5 3.32156e-14 0)
(1.5 1.17986e-13 0)
(1.5 9.75123e-14 0)
(1.5 1.16323e-13 0)
(1.5 2.21614e-13 0)
(1.5 2.77341e-13 0)
(1.5 2.57423e-13 0)
(1.5 2.98412e-13 0)
(1.5 2.99347e-13 0)
(1.5 3.3292e-13 0)
(1.5 3.10868e-13 0)
(1.5 2.822e-13 0)
(1.5 2.31668e-13 0)
(1.5 2.32445e-13 0)
(1.5 2.60212e-13 0)
(1.5 2.6551e-13 0)
(1.5 2.47584e-13 0)
(1.5 1.55319e-13 0)
(1.5 8.91944e-14 0)
(1.5 6.15172e-15 0)
(1.5 -1.05947e-15 0)
(1.5 1.44315e-13 0)
(1.5 1.98725e-13 0)
(1.5 1.25306e-13 0)
(1.5 5.12082e-14 0)
(1.5 -3.18262e-14 0)
(1.5 2.96206e-14 0)
(1.5 9.77755e-14 0)
(1.5 4.53978e-14 0)
(1.5 1.0826e-13 0)
(1.5 3.22947e-14 0)
(1.5 -4.01197e-14 0)
(1.5 -1.2758e-13 0)
(1.5 -1.34905e-13 0)
(1.5 -6.7017e-14 0)
(1.5 4.51185e-14 0)
(1.5 1.43262e-13 0)
(1.5 3.02316e-13 0)
(1.5 3.94186e-13 0)
(1.5 3.61885e-13 0)
(1.5 2.62329e-13 0)
(1.5 1.98108e-13 0)
(1.5 2.89105e-13 0)
(1.5 3.82734e-13 0)
(1.5 3.37779e-13 0)
(1.5 4.22789e-13 0)
(1.5 3.21932e-13 0)
(1.5 4.20211e-13 0)
(1.5 4.06861e-13 0)
(1.5 3.29243e-13 0)
(1.5 3.58076e-13 0)
(1.5 3.98292e-13 0)
(1.5 3.83413e-13 0)
(1.5 2.97041e-13 0)
(1.5 2.62883e-13 0)
(1.5 2.42614e-13 0)
(1.5 1.83791e-13 0)
(1.5 -1.57831e-14 0)
(1.5 -1.39725e-13 0)
(1.5 -1.70339e-13 0)
(1.5 -1.59893e-13 0)
(1.5 -1.33359e-13 0)
(1.5 -1.61796e-13 0)
(1.5 -1.62349e-13 0)
(1.5 -1.37446e-13 0)
(1.5 -1.14845e-13 0)
(1.5 -1.14511e-13 0)
(1.5 -4.66057e-14 0)
(1.5 -1.2289e-14 0)
(1.5 -1.28668e-13 0)
(1.5 -1.41903e-13 0)
(1.5 -1.55861e-13 0)
(1.5 -1.91249e-13 0)
(1.5 -1.84859e-13 0)
(1.5 -1.45763e-13 0)
(1.5 -9.31333e-14 0)
(1.5 -3.75312e-14 0)
(1.5 -1.42401e-14 0)
(1.5 -4.88175e-14 0)
(1.5 -2.15314e-13 0)
(1.5 -2.20831e-13 0)
(1.5 -1.08063e-13 0)
(1.5 -1.33658e-13 0)
(1.5 -1.73065e-13 0)
(1.5 -1.92312e-13 0)
(1.5 -2.03631e-13 0)
(1.5 -1.6723e-13 0)
(1.5 -2.27133e-13 0)
(1.5 -2.74035e-13 0)
(1.5 -3.93721e-13 0)
(1.5 -4.02589e-13 0)
(1.5 -3.01908e-13 0)
(1.5 -1.24056e-13 0)
(1.5 -3.78064e-14 0)
(1.5 -2.49351e-14 0)
(1.5 6.51526e-14 0)
(1.5 1.52003e-13 0)
(1.5 1.28323e-14 0)
(1.5 -1.13997e-13 0)
(1.5 -2.00561e-13 0)
(1.5 -2.87401e-13 0)
(1.5 -2.32779e-13 0)
(1.5 -1.54765e-13 0)
(1.5 -2.62509e-13 0)
(1.5 -1.67721e-13 0)
(1.5 -1.06651e-13 0)
(1.5 -2.2325e-14 0)
(1.5 3.65089e-14 0)
(1.5 -5.32106e-14 0)
(1.5 -1.32029e-13 0)
(1.5 -1.36761e-13 0)
(1.5 -2.56297e-13 0)
(1.5 -2.78867e-13 0)
(1.5 -2.44306e-13 0)
(1.5 -2.46871e-13 0)
(1.5 -3.88092e-13 0)
(1.5 -4.13543e-13 0)
(1.5 -3.93573e-13 0)
(1.5 -2.73265e-13 0)
(1.5 -2.33172e-13 0)
(1.5 -3.25671e-13 0)
(1.5 -2.88264e-13 0)
(1.5 -3.17402e-13 0)
(1.5 -3.32923e-13 0)
(1.5 -2.85143e-13 0)
(1.5 -2.66377e-13 0)
(1.5 -1.84674e-13 0)
(1.5 -9.33334e-14 0)
(1.5 -1.08141e-13 0)
(1.5 -7.62538e-15 0)
(1.5 1.73402e-14 0)
(1.5 7.14942e-14 0)
(1.5 5.3578e-14 0)
(1.5 -7.28934e-14 0)
(1.5 1.01115e-13 0)
(1.5 9.17312e-14 0)
(1.5 8.36144e-14 0)
(1.5 8.10846e-14 0)
(1.5 1.2659e-13 0)
(1.5 4.97877e-14 0)
(1.5 1.99787e-14 0)
(1.5 -4.41459e-14 0)
(1.5 -5.21576e-15 0)
(1.5 -1.0914e-13 0)
(1.5 -1.218e-13 0)
(1.5 -8.59405e-14 0)
(1.5 -4.90335e-14 0)
(1.5 -7.84194e-14 0)
(1.5 -1.33997e-13 0)
(1.5 -9.22336e-14 0)
(1.5 -2.30633e-13 0)
(1.5 -2.54541e-13 0)
(1.5 -2.18301e-13 0)
(1.5 -2.45695e-13 0)
(1.5 -1.42318e-13 0)
(1.5 -1.42973e-13 0)
(1.5 -9.9293e-14 0)
(1.5 1.01498e-15 0)
(1.5 5.8857e-14 0)
(1.5 1.22034e-13 0)
(1.5 1.46818e-14 0)
(1.5 -4.76507e-14 0)
(1.5 7.93273e-14 0)
(1.5 3.90975e-15 0)
(1.5 1.49543e-14 0)
(1.5 -3.38347e-14 0)
(1.5 -1.53846e-13 0)
(1.5 -3.0623e-13 0)
(1.5 -4.39744e-13 0)
(1.5 -3.8073e-13 0)
(1.5 -2.94311e-13 0)
(1.5 -3.22407e-13 0)
(1.5 -3.37346e-13 0)
(1.5 -3.01624e-13 0)
(1.5 -2.64855e-13 0)
(1.5 -1.76869e-13 0)
(1.5 -1.72249e-13 0)
(1.5 -3.23573e-14 0)
(1.5 6.83006e-14 0)
(1.5 1.40549e-13 0)
(1.5 1.08201e-13 0)
(1.5 5.4315e-14 0)
(1.5 6.98056e-14 0)
(1.5 1.26549e-13 0)
(1.5 1.36305e-13 0)
(1.5 1.25319e-13 0)
(1.5 1.14035e-14 0)
(1.5 -9.99749e-15 0)
(1.5 2.23765e-16 0)
(1.5 -9.02171e-14 0)
(1.5 -4.45953e-14 0)
(1.5 -9.27432e-14 0)
(1.5 -3.85049e-14 0)
(1.5 6.52812e-14 0)
(1.5 4.59534e-14 0)
(1.5 -2.32931e-14 0)
(1.5 -3.22757e-14 0)
(1.5 9.79206e-14 0)
(1.5 4.51247e-14 0)
(1.5 5.92608e-14 0)
(1.5 1.26411e-13 0)
(1.5 1.54262e-13 0)
(1.5 1.34289e-13 0)
(1.5 1.48867e-13 0)
(1.5 2.3807e-13 0)
(1.5 2.50828e-13 0)
(1.5 1.70928e-13 0)
(1.5 1.69877e-13 0)
(1.5 2.21475e-13 0)
(1.5 2.24431e-13 0)
(1.5 2.40068e-13 0)
(1.5 2.52549e-13 0)
(1.5 2.45632e-13 0)
(1.5 2.57246e-13 0)
(1.5 2.70392e-13 0)
(1.5 2.78716e-13 0)
(1.5 2.82944e-13 0)
(1.5 1.95605e-13 0)
(1.5 8.74168e-14 0)
(1.5 2.93826e-14 0)
(1.5 9.11988e-14 0)
(1.5 9.15448e-14 0)
(1.5 1.28984e-13 0)
(1.5 9.93899e-14 0)
(1.5 5.81529e-14 0)
(1.5 -1.46372e-14 0)
(1.5 4.0821e-14 0)
(1.5 1.07909e-13 0)
(1.5 5.2636e-14 0)
(1.5 -1.58816e-14 0)
(1.5 -2.76603e-14 0)
(1.5 -4.392e-14 0)
(1.5 -3.70245e-14 0)
(1.5 -3.585e-14 0)
(1.5 -1.36101e-14 0)
(1.5 1.17936e-13 0)
(1.5 1.59166e-13 0)
(1.5 2.98108e-13 0)
(1.5 3.68003e-13 0)
(1.5 3.38864e-13 0)
(1.5 2.90025e-13 0)
(1.5 2.59679e-13 0)
(1.5 3.47731e-13 0)
(1.5 4.80735e-13 0)
(1.5 5.06409e-13 0)
(1.5 5.15261e-13 0)
(1.5 4.26318e-13 0)
(1.5 4.70408e-13 0)
(1.5 4.12994e-13 0)
(1.5 3.55991e-13 0)
(1.5 3.0183e-13 0)
(1.5 3.44392e-13 0)
(1.5 3.23762e-13 0)
(1.5 3.19341e-13 0)
(1.5 3.75082e-13 0)
(1.5 3.52414e-13 0)
(1.5 2.34057e-13 0)
(1.5 -2.82209e-14 0)
(1.5 -2.99306e-13 0)
(1.5 -2.88956e-13 0)
(1.5 -3.05035e-13 0)
(1.5 -2.86318e-13 0)
(1.5 -3.09811e-13 0)
(1.5 -3.13963e-13 0)
(1.5 -2.55857e-13 0)
(1.5 -9.10294e-14 0)
(1.5 -2.87994e-14 0)
(1.5 6.51957e-14 0)
(1.5 -4.4195e-15 0)
(1.5 -1.48733e-13 0)
(1.5 -1.1732e-13 0)
(1.5 -8.40857e-14 0)
(1.5 -9.74096e-14 0)
(1.5 -1.83146e-13 0)
(1.5 -1.74414e-13 0)
(1.5 -1.08301e-13 0)
(1.5 -6.63131e-14 0)
(1.5 9.77736e-15 0)
(1.5 -2.39692e-14 0)
(1.5 -4.01993e-14 0)
(1.5 -1.08984e-13 0)
(1.5 -6.9027e-14 0)
(1.5 -8.5662e-14 0)
(1.5 -1.99988e-13 0)
(1.5 -1.58907e-13 0)
(1.5 -1.24821e-13 0)
(1.5 -1.06423e-13 0)
(1.5 -1.95983e-13 0)
(1.5 -3.55867e-13 0)
(1.5 -4.52064e-13 0)
(1.5 -4.09223e-13 0)
(1.5 -3.24628e-13 0)
(1.5 -2.44886e-13 0)
(1.5 -1.94728e-13 0)
(1.5 -2.16324e-13 0)
(1.5 -2.02041e-13 0)
(1.5 -1.66038e-13 0)
(1.5 -1.591e-13 0)
(1.5 -2.30916e-13 0)
(1.5 -2.27517e-13 0)
(1.5 -2.3866e-13 0)
(1.5 -2.32619e-13 0)
(1.5 -5.74575e-14 0)
(1.5 8.49766e-15 0)
(1.5 -5.35464e-14 0)
(1.5 -8.71545e-14 0)
(1.5 -2.66988e-14 0)
(1.5 7.8146e-14 0)
(1.5 3.27186e-14 0)
(1.5 4.90579e-14 0)
(1.5 -6.35912e-14 0)
(1.5 -1.91279e-13 0)
(1.5 -2.77083e-13 0)
(1.5 -3.0363e-13 0)
(1.5 -2.59735e-13 0)
(1.5 -2.46164e-13 0)
(1.5 -3.60404e-13 0)
(1.5 -3.91013e-13 0)
(1.5 -3.43985e-13 0)
(1.5 -3.18778e-13 0)
(1.5 -3.48992e-13 0)
(1.5 -3.51858e-13 0)
(1.5 -3.47926e-13 0)
(1.5 -3.90001e-13 0)
(1.5 -3.64105e-13 0)
(1.5 -3.02705e-13 0)
(1.5 -2.05311e-13 0)
(1.5 -9.69145e-14 0)
(1.5 -5.38812e-14 0)
(1.5 -3.86465e-14 0)
(1.5 9.14911e-14 0)
(1.5 1.68625e-13 0)
(1.5 1.21638e-13 0)
(1.5 8.4774e-14 0)
(1.5 1.12021e-13 0)
(1.5 9.35612e-14 0)
(1.5 1.46457e-13 0)
(1.5 1.06037e-13 0)
(1.5 1.49283e-13 0)
(1.5 9.02097e-14 0)
(1.5 2.24368e-14 0)
(1.5 -5.9741e-14 0)
(1.5 -5.51324e-14 0)
(1.5 -5.66395e-14 0)
(1.5 -1.51994e-13 0)
(1.5 -2.40457e-13 0)
(1.5 -2.07678e-13 0)
(1.5 -4.20223e-14 0)
(1.5 -2.48286e-14 0)
(1.5 -2.54199e-14 0)
(1.5 -9.33302e-14 0)
(1.5 -1.56642e-13 0)
(1.5 -1.71416e-13 0)
(1.5 -1.98632e-13 0)
(1.5 -1.63047e-13 0)
(1.5 -1.45831e-13 0)
(1.5 -1.38557e-13 0)
(1.5 -4.27073e-14 0)
(1.5 6.20824e-14 0)
(1.5 7.92464e-14 0)
(1.5 8.55137e-14 0)
(1.5 -1.1831e-15 0)
(1.5 3.61812e-14 0)
(1.5 2.78896e-14 0)
(1.5 2.89565e-14 0)
(1.5 -6.42607e-15 0)
(1.5 -1.02462e-13 0)
(1.5 -2.83292e-13 0)
(1.5 -4.16153e-13 0)
(1.5 -3.81942e-13 0)
(1.5 -3.45274e-13 0)
(1.5 -3.2652e-13 0)
(1.5 -3.18936e-13 0)
(1.5 -2.34008e-13 0)
(1.5 -1.7953e-13 0)
(1.5 -1.48004e-13 0)
(1.5 -1.40479e-13 0)
(1.5 -4.827e-14 0)
(1.5 5.12174e-14 0)
(1.5 8.65036e-14 0)
(1.5 1.34832e-13 0)
(1.5 1.32301e-13 0)
(1.5 1.41325e-13 0)
(1.5 2.00823e-13 0)
(1.5 1.90203e-13 0)
(1.5 1.66662e-13 0)
(1.5 6.64581e-14 0)
(1.5 5.59514e-14 0)
(1.5 4.84577e-14 0)
(1.5 2.25452e-14 0)
(1.5 2.73624e-14 0)
(1.5 -1.96609e-14 0)
(1.5 -7.75198e-14 0)
(1.5 -2.54643e-15 0)
(1.5 1.71095e-14 0)
(1.5 2.42719e-14 0)
(1.5 -2.27285e-14 0)
(1.5 8.39144e-14 0)
(1.5 1.26065e-13 0)
(1.5 2.09007e-13 0)
(1.5 2.61295e-13 0)
(1.5 2.02254e-13 0)
(1.5 2.30012e-13 0)
(1.5 2.79885e-13 0)
(1.5 3.03524e-13 0)
(1.5 2.70197e-13 0)
(1.5 2.11512e-13 0)
(1.5 1.56768e-13 0)
(1.5 1.36994e-13 0)
(1.5 8.75852e-14 0)
(1.5 1.39674e-13 0)
(1.5 1.819e-13 0)
(1.5 1.87687e-13 0)
(1.5 2.53434e-13 0)
(1.5 2.95125e-13 0)
(1.5 3.07606e-13 0)
(1.5 3.16744e-13 0)
(1.5 2.36094e-13 0)
(1.5 1.72534e-13 0)
(1.5 1.1493e-13 0)
(1.5 1.91992e-13 0)
(1.5 1.3354e-13 0)
(1.5 1.25276e-13 0)
(1.5 2.06397e-13 0)
(1.5 2.22256e-13 0)
(1.5 1.35412e-13 0)
(1.5 6.42961e-14 0)
(1.5 2.52877e-14 0)
(1.5 4.15947e-14 0)
(1.5 -2.50359e-14 0)
(1.5 4.10856e-14 0)
(1.5 4.99748e-14 0)
(1.5 9.70931e-14 0)
(1.5 3.88258e-14 0)
(1.5 -1.78369e-14 0)
(1.5 8.56275e-14 0)
(1.5 5.5768e-14 0)
(1.5 1.10059e-13 0)
(1.5 2.14879e-13 0)
(1.5 3.35226e-13 0)
(1.5 3.60516e-13 0)
(1.5 3.31263e-13 0)
(1.5 4.32208e-13 0)
(1.5 5.41972e-13 0)
(1.5 5.32828e-13 0)
(1.5 4.77676e-13 0)
(1.5 5.03192e-13 0)
(1.5 4.40374e-13 0)
(1.5 4.65358e-13 0)
(1.5 4.40518e-13 0)
(1.5 3.87729e-13 0)
(1.5 3.75315e-13 0)
(1.5 3.95193e-13 0)
(1.5 3.58215e-13 0)
(1.5 3.71917e-13 0)
(1.5 3.54467e-13 0)
(1.5 2.78536e-13 0)
(1.5 8.02733e-14 0)
(1.5 -1.42791e-13 0)
(1.5 -1.40363e-13 0)
(1.5 -2.78734e-13 0)
(1.5 -3.25102e-13 0)
(1.5 -3.46743e-13 0)
(1.5 -3.38068e-13 0)
(1.5 -1.99888e-13 0)
(1.5 -9.55723e-14 0)
(1.5 5.86688e-15 0)
(1.5 7.63205e-14 0)
(1.5 1.8376e-14 0)
(1.5 -6.11575e-14 0)
(1.5 -9.21655e-14 0)
(1.5 -5.18697e-14 0)
(1.5 -1.2556e-13 0)
(1.5 -1.98198e-13 0)
(1.5 -1.14847e-13 0)
(1.5 -6.43566e-14 0)
(1.5 1.17011e-14 0)
(1.5 7.44937e-14 0)
(1.5 7.07324e-14 0)
(1.5 -4.3839e-14 0)
(1.5 -1.65715e-13 0)
(1.5 -1.93602e-13 0)
(1.5 -2.20389e-13 0)
(1.5 -2.8578e-13 0)
(1.5 -1.56238e-13 0)
(1.5 -1.27593e-13 0)
(1.5 -8.62886e-14 0)
(1.5 -2.1282e-13 0)
(1.5 -3.63999e-13 0)
(1.5 -4.65001e-13 0)
(1.5 -4.73927e-13 0)
(1.5 -4.51025e-13 0)
(1.5 -3.75076e-13 0)
(1.5 -3.59705e-13 0)
(1.5 -4.21513e-13 0)
(1.5 -4.3091e-13 0)
(1.5 -4.14847e-13 0)
(1.5 -3.27624e-13 0)
(1.5 -3.12664e-13 0)
(1.5 -2.39508e-13 0)
(1.5 -9.42033e-14 0)
(1.5 -9.36542e-14 0)
(1.5 3.69703e-14 0)
(1.5 2.06684e-13 0)
(1.5 5.31507e-14 0)
(1.5 -7.01103e-15 0)
(1.5 6.50248e-14 0)
(1.5 1.97313e-13 0)
(1.5 2.28239e-13 0)
(1.5 1.55802e-13 0)
(1.5 3.96226e-14 0)
(1.5 -1.53535e-14 0)
(1.5 -1.51287e-13 0)
(1.5 -2.25123e-13 0)
(1.5 -2.22896e-13 0)
(1.5 -4.22994e-14 0)
(1.5 -1.32825e-13 0)
(1.5 -3.01021e-13 0)
(1.5 -3.63311e-13 0)
(1.5 -4.111e-13 0)
(1.5 -3.56633e-13 0)
(1.5 -3.62722e-13 0)
(1.5 -2.97859e-13 0)
(1.5 -3.13412e-13 0)
(1.5 -3.58919e-13 0)
(1.5 -2.97942e-13 0)
(1.5 -2.19223e-13 0)
(1.5 -7.71453e-14 0)
(1.5 4.89311e-14 0)
(1.5 -1.92516e-14 0)
(1.5 9.4678e-14 0)
(1.5 1.86323e-13 0)
(1.5 2.05753e-13 0)
(1.5 2.91707e-13 0)
(1.5 2.35711e-13 0)
(1.5 2.01864e-13 0)
(1.5 2.18685e-13 0)
(1.5 1.5392e-13 0)
(1.5 1.3405e-13 0)
(1.5 1.52102e-13 0)
(1.5 1.35031e-13 0)
(1.5 1.66389e-13 0)
(1.5 7.63484e-14 0)
(1.5 -4.18907e-14 0)
(1.5 -1.83823e-13 0)
(1.5 -3.06488e-13 0)
(1.5 -2.84538e-13 0)
(1.5 -1.29483e-13 0)
(1.5 -5.6158e-14 0)
(1.5 -1.59313e-13 0)
(1.5 -9.33334e-14 0)
(1.5 -1.60785e-13 0)
(1.5 -1.61202e-13 0)
(1.5 -1.40028e-13 0)
(1.5 -2.03415e-13 0)
(1.5 -2.30492e-13 0)
(1.5 -2.90554e-13 0)
(1.5 -2.12987e-13 0)
(1.5 -1.54138e-13 0)
(1.5 -1.23614e-13 0)
(1.5 -1.35188e-13 0)
(1.5 -1.09609e-13 0)
(1.5 1.86635e-14 0)
(1.5 5.87802e-14 0)
(1.5 3.7652e-14 0)
(1.5 1.96752e-14 0)
(1.5 -1.99158e-14 0)
(1.5 -1.21782e-13 0)
(1.5 -2.49654e-13 0)
(1.5 -3.11718e-13 0)
(1.5 -3.58398e-13 0)
(1.5 -3.17892e-13 0)
(1.5 -3.25301e-13 0)
(1.5 -2.63542e-13 0)
(1.5 -1.63628e-13 0)
(1.5 -1.83319e-13 0)
(1.5 -1.46041e-13 0)
(1.5 -9.06517e-14 0)
(1.5 5.19306e-14 0)
(1.5 2.50023e-14 0)
(1.5 7.729e-14 0)
(1.5 1.39851e-13 0)
(1.5 1.97759e-13 0)
(1.5 2.71463e-13 0)
(1.5 2.20331e-13 0)
(1.5 2.08212e-13 0)
(1.5 1.17286e-13 0)
(1.5 9.86579e-14 0)
(1.5 1.52308e-13 0)
(1.5 1.18759e-13 0)
(1.5 1.00352e-13 0)
(1.5 3.44769e-14 0)
(1.5 -7.31748e-14 0)
(1.5 -2.01421e-14 0)
(1.5 9.21996e-15 0)
(1.5 7.52455e-14 0)
(1.5 5.50941e-14 0)
(1.5 8.90442e-14 0)
(1.5 1.71609e-13 0)
(1.5 2.78212e-13 0)
(1.5 2.46013e-13 0)
(1.5 2.87424e-13 0)
(1.5 2.92916e-13 0)
(1.5 2.93867e-13 0)
(1.5 2.36472e-13 0)
(1.5 1.5628e-13 0)
(1.5 1.48646e-13 0)
(1.5 8.39409e-14 0)
(1.5 2.03117e-14 0)
(1.5 1.56037e-15 0)
(1.5 7.18908e-14 0)
(1.5 1.38104e-13 0)
(1.5 1.28762e-13 0)
(1.5 1.98145e-13 0)
(1.5 2.4783e-13 0)
(1.5 2.81078e-13 0)
(1.5 2.12254e-13 0)
(1.5 1.48358e-13 0)
(1.5 1.14191e-13 0)
(1.5 6.63856e-14 0)
(1.5 8.15386e-14 0)
(1.5 9.14252e-14 0)
(1.5 1.10652e-13 0)
(1.5 2.24514e-13 0)
(1.5 2.25953e-13 0)
(1.5 1.42285e-13 0)
(1.5 4.48405e-14 0)
(1.5 9.52506e-15 0)
(1.5 7.84683e-14 0)
(1.5 3.96099e-14 0)
(1.5 2.0538e-14 0)
(1.5 5.80169e-14 0)
(1.5 1.13128e-13 0)
(1.5 4.27419e-14 0)
(1.5 -5.97659e-14 0)
(1.5 4.27618e-14 0)
(1.5 3.30453e-14 0)
(1.5 2.32858e-14 0)
(1.5 1.10626e-13 0)
(1.5 2.60228e-13 0)
(1.5 3.61234e-13 0)
(1.5 3.59593e-13 0)
(1.5 4.43854e-13 0)
(1.5 5.42682e-13 0)
(1.5 4.10054e-13 0)
(1.5 3.56964e-13 0)
(1.5 3.93174e-13 0)
(1.5 3.62911e-13 0)
(1.5 4.21644e-13 0)
(1.5 4.26516e-13 0)
(1.5 4.15046e-13 0)
(1.5 3.04757e-13 0)
(1.5 3.29458e-13 0)
(1.5 3.92848e-13 0)
(1.5 4.14828e-13 0)
(1.5 4.29151e-13 0)
(1.5 4.43084e-13 0)
(1.5 3.25288e-13 0)
(1.5 1.63905e-13 0)
(1.5 2.66281e-14 0)
(1.5 -1.07322e-13 0)
(1.5 -1.94161e-13 0)
(1.5 -2.90029e-13 0)
(1.5 -2.85863e-13 0)
(1.5 -9.84935e-14 0)
(1.5 -2.96103e-14 0)
(1.5 2.71269e-16 0)
(1.5 2.21993e-14 0)
(1.5 2.25734e-14 0)
(1.5 1.07845e-14 0)
(1.5 -9.51321e-14 0)
(1.5 -1.26687e-13 0)
(1.5 -2.03139e-13 0)
(1.5 -2.18442e-13 0)
(1.5 -1.08775e-13 0)
(1.5 -4.88439e-14 0)
(1.5 2.21043e-14 0)
(1.5 8.21629e-14 0)
(1.5 1.42368e-13 0)
(1.5 -4.90042e-14 0)
(1.5 -1.20526e-13 0)
(1.5 -2.04314e-13 0)
(1.5 -2.49338e-13 0)
(1.5 -2.41793e-13 0)
(1.5 -2.05499e-13 0)
(1.5 -2.50583e-13 0)
(1.5 -2.06719e-13 0)
(1.5 -2.371e-13 0)
(1.5 -2.0099e-13 0)
(1.5 -3.0512e-13 0)
(1.5 -3.50316e-13 0)
(1.5 -3.41897e-13 0)
(1.5 -3.10114e-13 0)
(1.5 -3.32878e-13 0)
(1.5 -4.12787e-13 0)
(1.5 -4.13159e-13 0)
(1.5 -3.52e-13 0)
(1.5 -3.09639e-13 0)
(1.5 -2.73409e-13 0)
(1.5 -2.04164e-13 0)
(1.5 -3.54956e-14 0)
(1.5 -4.3815e-14 0)
(1.5 -1.53306e-14 0)
(1.5 1.0269e-13 0)
(1.5 4.12253e-14 0)
(1.5 3.11248e-14 0)
(1.5 7.55141e-14 0)
(1.5 2.27034e-13 0)
(1.5 3.5651e-13 0)
(1.5 2.55673e-13 0)
(1.5 1.24761e-13 0)
(1.5 9.3522e-14 0)
(1.5 3.16591e-14 0)
(1.5 -6.08902e-14 0)
(1.5 -1.39085e-13 0)
(1.5 -4.24692e-14 0)
(1.5 -1.25104e-13 0)
(1.5 -3.04276e-13 0)
(1.5 -3.66473e-13 0)
(1.5 -4.23929e-13 0)
(1.5 -3.22445e-13 0)
(1.5 -3.32878e-13 0)
(1.5 -2.57527e-13 0)
(1.5 -1.98331e-13 0)
(1.5 -2.35133e-13 0)
(1.5 -1.88878e-13 0)
(1.5 -1.18954e-13 0)
(1.5 3.67902e-14 0)
(1.5 1.36888e-13 0)
(1.5 7.7295e-14 0)
(1.5 4.30357e-14 0)
(1.5 1.33689e-13 0)
(1.5 2.0125e-13 0)
(1.5 3.56767e-13 0)
(1.5 3.20337e-13 0)
(1.5 2.98689e-13 0)
(1.5 2.5898e-13 0)
(1.5 1.84359e-13 0)
(1.5 1.49851e-13 0)
(1.5 1.33633e-13 0)
(1.5 1.14607e-13 0)
(1.5 1.10242e-13 0)
(1.5 3.82257e-14 0)
(1.5 -9.15954e-14 0)
(1.5 -1.59557e-13 0)
(1.5 -1.68952e-13 0)
(1.5 -2.20941e-13 0)
(1.5 -2.98971e-13 0)
(1.5 -1.96686e-13 0)
(1.5 -2.71759e-13 0)
(1.5 -2.36779e-13 0)
(1.5 -2.35896e-13 0)
(1.5 -1.64405e-13 0)
(1.5 -1.88197e-13 0)
(1.5 -2.77043e-13 0)
(1.5 -3.49836e-13 0)
(1.5 -4.39645e-13 0)
(1.5 -4.99381e-13 0)
(1.5 -5.42273e-13 0)
(1.5 -4.21099e-13 0)
(1.5 -3.34061e-13 0)
(1.5 -2.54728e-13 0)
(1.5 2.85595e-14 0)
(1.5 6.27791e-14 0)
(1.5 9.05208e-14 0)
(1.5 1.01919e-13 0)
(1.5 1.03572e-13 0)
(1.5 5.41226e-14 0)
(1.5 -1.01803e-13 0)
(1.5 -2.48944e-13 0)
(1.5 -2.81031e-13 0)
(1.5 -2.86092e-13 0)
(1.5 -2.28821e-13 0)
(1.5 -2.69395e-13 0)
(1.5 -1.90921e-13 0)
(1.5 -1.71268e-13 0)
(1.5 -1.50446e-13 0)
(1.5 -9.93927e-14 0)
(1.5 -6.15566e-14 0)
(1.5 7.86798e-14 0)
(1.5 1.9674e-13 0)
(1.5 2.56236e-13 0)
(1.5 2.85771e-13 0)
(1.5 2.65158e-13 0)
(1.5 2.42446e-13 0)
(1.5 2.61815e-13 0)
(1.5 1.78426e-13 0)
(1.5 1.26615e-13 0)
(1.5 1.49537e-13 0)
(1.5 1.39838e-13 0)
(1.5 1.60922e-13 0)
(1.5 1.18318e-13 0)
(1.5 6.50986e-14 0)
(1.5 6.11181e-14 0)
(1.5 1.02434e-14 0)
(1.5 9.75075e-14 0)
(1.5 1.98128e-13 0)
(1.5 1.56722e-13 0)
(1.5 2.62702e-13 0)
(1.5 3.10134e-13 0)
(1.5 2.88501e-13 0)
(1.5 4.22586e-13 0)
(1.5 3.79866e-13 0)
(1.5 3.22856e-13 0)
(1.5 2.02409e-13 0)
(1.5 1.28225e-13 0)
(1.5 1.17895e-13 0)
(1.5 6.72044e-14 0)
(1.5 3.43552e-14 0)
(1.5 3.73034e-14 0)
(1.5 1.20753e-13 0)
(1.5 1.82762e-13 0)
(1.5 1.93909e-13 0)
(1.5 2.2735e-13 0)
(1.5 2.55541e-13 0)
(1.5 3.03423e-13 0)
(1.5 2.55659e-13 0)
(1.5 1.40467e-13 0)
(1.5 7.8147e-14 0)
(1.5 9.08654e-15 0)
(1.5 4.62185e-14 0)
(1.5 6.36395e-14 0)
(1.5 8.64903e-14 0)
(1.5 1.15135e-13 0)
(1.5 1.61552e-13 0)
(1.5 1.40107e-13 0)
(1.5 9.0452e-14 0)
(1.5 1.07308e-13 0)
(1.5 9.02184e-14 0)
(1.5 3.01551e-14 0)
(1.5 2.38129e-14 0)
(1.5 -1.10461e-14 0)
(1.5 -5.40841e-14 0)
(1.5 -5.64504e-14 0)
(1.5 -4.19431e-14 0)
(1.5 -4.9911e-15 0)
(1.5 -4.28541e-14 0)
(1.5 -3.63375e-14 0)
(1.5 1.21299e-14 0)
(1.5 1.02219e-13 0)
(1.5 2.00186e-13 0)
(1.5 2.16754e-13 0)
(1.5 1.83934e-13 0)
(1.5 2.2253e-13 0)
(1.5 2.17945e-13 0)
(1.5 2.32988e-13 0)
(1.5 2.34008e-13 0)
(1.5 2.45224e-13 0)
(1.5 2.73811e-13 0)
(1.5 3.0559e-13 0)
(1.5 3.74358e-13 0)
(1.5 2.98307e-13 0)
(1.5 3.1806e-13 0)
(1.5 5.52621e-13 0)
(1.5 6.34943e-13 0)
(1.5 6.58851e-13 0)
(1.5 6.05626e-13 0)
(1.5 5.32339e-13 0)
(1.5 3.93713e-13 0)
(1.5 2.05684e-13 0)
(1.5 1.56747e-14 0)
(1.5 -1.01071e-13 0)
(1.5 -1.5055e-13 0)
(1.5 -1.45566e-13 0)
(1.5 -1.09699e-13 0)
(1.5 -4.35695e-14 0)
(1.5 6.46137e-14 0)
(1.5 8.57527e-14 0)
(1.5 1.14513e-13 0)
(1.5 1.15428e-13 0)
(1.5 -9.02594e-15 0)
(1.5 -1.08861e-13 0)
(1.5 -1.52057e-13 0)
(1.5 -1.23067e-13 0)
(1.5 -9.22765e-14 0)
(1.5 -4.05986e-14 0)
(1.5 2.66665e-14 0)
(1.5 5.55037e-14 0)
(1.5 1.10358e-13 0)
(1.5 -1.12237e-14 0)
(1.5 6.58132e-15 0)
(1.5 -1.3508e-14 0)
(1.5 -6.466e-14 0)
(1.5 -1.41093e-14 0)
(1.5 -1.239e-13 0)
(1.5 -1.79666e-13 0)
(1.5 -1.68174e-13 0)
(1.5 -1.37967e-13 0)
(1.5 -3.55591e-15 0)
(1.5 -9.96589e-14 0)
(1.5 -1.58088e-13 0)
(1.5 -1.67658e-13 0)
(1.5 -2.02779e-13 0)
(1.5 -2.15092e-13 0)
(1.5 -2.2472e-13 0)
(1.5 -2.93401e-13 0)
(1.5 -2.26069e-13 0)
(1.5 -2.14363e-13 0)
(1.5 -1.99019e-13 0)
(1.5 -1.91752e-13 0)
(1.5 -8.87824e-14 0)
(1.5 -4.3064e-14 0)
(1.5 -5.89023e-14 0)
(1.5 -4.10133e-14 0)
(1.5 3.22589e-15 0)
(1.5 1.46288e-14 0)
(1.5 1.87338e-14 0)
(1.5 6.97116e-14 0)
(1.5 2.09832e-13 0)
(1.5 2.52287e-13 0)
(1.5 1.64833e-13 0)
(1.5 1.98069e-13 0)
(1.5 2.13005e-13 0)
(1.5 1.15789e-13 0)
(1.5 -3.34364e-14 0)
(1.5 -1.27337e-13 0)
(1.5 -2.2885e-13 0)
(1.5 -2.84371e-13 0)
(1.5 -3.35084e-13 0)
(1.5 -3.18739e-13 0)
(1.5 -2.06382e-13 0)
(1.5 -2.9053e-13 0)
(1.5 -2.92763e-13 0)
(1.5 -2.30505e-13 0)
(1.5 -1.79091e-13 0)
(1.5 -1.12382e-13 0)
(1.5 -1.15469e-13 0)
(1.5 -2.61678e-14 0)
(1.5 6.71135e-14 0)
(1.5 7.10009e-14 0)
(1.5 -2.43232e-14 0)
(1.5 8.10149e-14 0)
(1.5 1.86846e-13 0)
(1.5 2.68922e-13 0)
(1.5 2.70245e-13 0)
(1.5 2.1443e-13 0)
(1.5 1.93958e-13 0)
(1.5 1.921e-13 0)
(1.5 1.89845e-13 0)
(1.5 1.69788e-13 0)
(1.5 1.16161e-13 0)
(1.5 4.34693e-14 0)
(1.5 -2.59699e-14 0)
(1.5 -1.66517e-13 0)
(1.5 -1.71053e-13 0)
(1.5 -8.51792e-14 0)
(1.5 -1.91246e-13 0)
(1.5 -3.65744e-13 0)
(1.5 -3.10759e-13 0)
(1.5 -2.40236e-13 0)
(1.5 -2.80278e-13 0)
(1.5 -1.43574e-13 0)
(1.5 -1.01065e-13 0)
(1.5 -2.30554e-13 0)
(1.5 -2.78816e-13 0)
(1.5 -3.62056e-13 0)
(1.5 -5.26013e-13 0)
(1.5 -5.82009e-13 0)
(1.5 -6.255e-13 0)
(1.5 -5.23867e-13 0)
(1.5 -2.93476e-13 0)
(1.5 -2.25094e-13 0)
(1.5 2.3979e-14 0)
(1.5 6.34625e-14 0)
(1.5 1.33086e-13 0)
(1.5 1.9223e-13 0)
(1.5 1.17721e-13 0)
(1.5 8.15271e-14 0)
(1.5 9.32667e-14 0)
(1.5 -6.22198e-14 0)
(1.5 -1.42577e-13 0)
(1.5 -3.05618e-13 0)
(1.5 -2.2303e-13 0)
(1.5 -2.57911e-13 0)
(1.5 -2.14241e-13 0)
(1.5 -1.49255e-13 0)
(1.5 -1.29335e-13 0)
(1.5 -7.84007e-14 0)
(1.5 -6.1401e-14 0)
(1.5 1.77773e-13 0)
(1.5 3.64512e-13 0)
(1.5 4.00012e-13 0)
(1.5 3.4964e-13 0)
(1.5 2.48511e-13 0)
(1.5 2.27592e-13 0)
(1.5 2.11138e-13 0)
(1.5 1.85109e-13 0)
(1.5 1.28651e-13 0)
(1.5 4.14279e-14 0)
(1.5 4.00575e-14 0)
(1.5 7.01063e-14 0)
(1.5 1.21521e-13 0)
(1.5 1.72775e-13 0)
(1.5 5.66822e-14 0)
(1.5 1.016e-14 0)
(1.5 4.96564e-14 0)
(1.5 2.23887e-13 0)
(1.5 2.59971e-13 0)
(1.5 3.58098e-13 0)
(1.5 3.50523e-13 0)
(1.5 3.55568e-13 0)
(1.5 3.8251e-13 0)
(1.5 3.06128e-13 0)
(1.5 2.68309e-13 0)
(1.5 2.03318e-13 0)
(1.5 1.77008e-13 0)
(1.5 1.52453e-13 0)
(1.5 1.44067e-13 0)
(1.5 8.34711e-14 0)
(1.5 4.97317e-14 0)
(1.5 8.88579e-14 0)
(1.5 1.0472e-13 0)
(1.5 1.3676e-13 0)
(1.5 1.6567e-13 0)
(1.5 2.33854e-13 0)
(1.5 2.88023e-13 0)
(1.5 2.86447e-13 0)
(1.5 1.69782e-13 0)
(1.5 1.57694e-13 0)
(1.5 6.8621e-14 0)
(1.5 7.77333e-14 0)
(1.5 1.08906e-13 0)
(1.5 8.78396e-14 0)
(1.5 4.81002e-14 0)
(1.5 1.37803e-13 0)
(1.5 1.8897e-13 0)
(1.5 1.84998e-13 0)
(1.5 1.29037e-13 0)
(1.5 4.21211e-14 0)
(1.5 -2.29649e-14 0)
(1.5 -6.78174e-15 0)
(1.5 -7.04652e-14 0)
(1.5 -1.32985e-13 0)
(1.5 -7.32851e-14 0)
(1.5 3.36316e-14 0)
(1.5 1.78388e-14 0)
(1.5 -9.78578e-15 0)
(1.5 6.74703e-14 0)
(1.5 1.07061e-13 0)
(1.5 9.11892e-14 0)
(1.5 1.32663e-13 0)
(1.5 1.35591e-13 0)
(1.5 8.5198e-14 0)
(1.5 7.53953e-14 0)
(1.5 1.83968e-13 0)
(1.5 1.84266e-13 0)
(1.5 2.68317e-13 0)
(1.5 3.32781e-13 0)
(1.5 3.13945e-13 0)
(1.5 2.899e-13 0)
(1.5 3.01798e-13 0)
(1.5 3.23862e-13 0)
(1.5 3.30644e-13 0)
(1.5 4.86976e-13 0)
(1.5 6.11597e-13 0)
(1.5 6.9692e-13 0)
(1.5 5.61376e-13 0)
(1.5 4.28533e-13 0)
(1.5 3.82378e-13 0)
(1.5 2.24243e-13 0)
(1.5 1.12425e-13 0)
(1.5 -9.51726e-15 0)
(1.5 -1.5215e-14 0)
(1.5 4.31484e-14 0)
(1.5 6.94247e-15 0)
(1.5 3.06914e-14 0)
(1.5 1.10526e-13 0)
(1.5 7.05674e-14 0)
(1.5 5.87665e-14 0)
(1.5 3.97572e-14 0)
(1.5 -3.61032e-14 0)
(1.5 -1.29605e-13 0)
(1.5 -1.88951e-13 0)
(1.5 -1.17911e-13 0)
(1.5 -1.50023e-13 0)
(1.5 -8.64404e-14 0)
(1.5 -2.55096e-14 0)
(1.5 -1.22608e-13 0)
(1.5 -8.69662e-14 0)
(1.5 -9.00919e-14 0)
(1.5 -9.31593e-15 0)
(1.5 3.84233e-14 0)
(1.5 -1.90411e-14 0)
(1.5 2.53778e-14 0)
(1.5 -4.17103e-14 0)
(1.5 -3.12992e-14 0)
(1.5 -2.09996e-14 0)
(1.5 -2.38522e-14 0)
(1.5 -2.76669e-14 0)
(1.5 -1.97735e-13 0)
(1.5 -2.51596e-13 0)
(1.5 -2.38779e-13 0)
(1.5 -2.12014e-13 0)
(1.5 -2.24519e-13 0)
(1.5 -2.42669e-13 0)
(1.5 -3.56828e-13 0)
(1.5 -2.93959e-13 0)
(1.5 -2.92624e-13 0)
(1.5 -2.88508e-13 0)
(1.5 -3.13316e-13 0)
(1.5 -2.89628e-13 0)
(1.5 -1.57085e-13 0)
(1.5 -1.40211e-13 0)
(1.5 -9.72705e-14 0)
(1.5 6.1064e-16 0)
(1.5 3.47239e-14 0)
(1.5 1.47319e-14 0)
(1.5 9.84617e-17 0)
(1.5 3.85351e-14 0)
(1.5 1.26287e-13 0)
(1.5 9.47546e-14 0)
(1.5 1.92057e-13 0)
(1.5 2.16776e-13 0)
(1.5 1.25994e-13 0)
(1.5 -9.82959e-14 0)
(1.5 -2.62974e-13 0)
(1.5 -4.13375e-13 0)
(1.5 -4.82985e-13 0)
(1.5 -5.07714e-13 0)
(1.5 -4.44446e-13 0)
(1.5 -3.39824e-13 0)
(1.5 -3.48507e-13 0)
(1.5 -3.72483e-13 0)
(1.5 -3.1938e-13 0)
(1.5 -2.27395e-13 0)
(1.5 -1.63153e-13 0)
(1.5 -2.80384e-13 0)
(1.5 -2.39863e-13 0)
(1.5 -1.69698e-13 0)
(1.5 -6.17746e-14 0)
(1.5 -5.80231e-14 0)
(1.5 2.08736e-14 0)
(1.5 1.17592e-13 0)
(1.5 1.03005e-13 0)
(1.5 1.04655e-13 0)
(1.5 8.24693e-14 0)
(1.5 1.1215e-13 0)
(1.5 2.23798e-13 0)
(1.5 1.87002e-13 0)
(1.5 8.68314e-14 0)
(1.5 -1.02649e-14 0)
(1.5 -1.22178e-13 0)
(1.5 -2.97879e-13 0)
(1.5 -3.78356e-13 0)
(1.5 -2.7799e-13 0)
(1.5 -1.54554e-13 0)
(1.5 -1.70247e-13 0)
(1.5 -2.31488e-13 0)
(1.5 -2.22942e-13 0)
(1.5 -1.3957e-13 0)
(1.5 -2.02815e-13 0)
(1.5 -1.06352e-13 0)
(1.5 -1.57221e-13 0)
(1.5 -2.66606e-13 0)
(1.5 -2.46737e-13 0)
(1.5 -2.8332e-13 0)
(1.5 -4.7592e-13 0)
(1.5 -4.79938e-13 0)
(1.5 -4.70646e-13 0)
(1.5 -4.77661e-13 0)
(1.5 -2.98696e-13 0)
(1.5 -2.01257e-13 0)
(1.5 3.71432e-14 0)
(1.5 6.65416e-14 0)
(1.5 7.50061e-14 0)
(1.5 7.75284e-14 0)
(1.5 5.3815e-16 0)
(1.5 5.65381e-14 0)
(1.5 1.77181e-13 0)
(1.5 8.1805e-14 0)
(1.5 -8.54541e-14 0)
(1.5 -2.47027e-13 0)
(1.5 -2.63949e-13 0)
(1.5 -2.36615e-13 0)
(1.5 -2.04929e-13 0)
(1.5 -1.18074e-13 0)
(1.5 -9.59245e-14 0)
(1.5 -3.85559e-14 0)
(1.5 9.76634e-14 0)
(1.5 2.25329e-13 0)
(1.5 3.55173e-13 0)
(1.5 4.15902e-13 0)
(1.5 3.7072e-13 0)
(1.5 3.00011e-13 0)
(1.5 2.5722e-13 0)
(1.5 1.72601e-13 0)
(1.5 1.47317e-13 0)
(1.5 1.38532e-13 0)
(1.5 8.5706e-14 0)
(1.5 5.76989e-14 0)
(1.5 5.24888e-15 0)
(1.5 9.28059e-14 0)
(1.5 1.71096e-13 0)
(1.5 9.26038e-14 0)
(1.5 8.52644e-14 0)
(1.5 1.13694e-13 0)
(1.5 2.44067e-13 0)
(1.5 3.04256e-13 0)
(1.5 3.35638e-13 0)
(1.5 2.8168e-13 0)
(1.5 2.51507e-13 0)
(1.5 1.50844e-13 0)
(1.5 6.64929e-14 0)
(1.5 5.71865e-14 0)
(1.5 6.61409e-14 0)
(1.5 9.2879e-14 0)
(1.5 8.09527e-14 0)
(1.5 9.37862e-14 0)
(1.5 4.68274e-14 0)
(1.5 4.31846e-14 0)
(1.5 4.54986e-14 0)
(1.5 4.13618e-14 0)
(1.5 3.07401e-14 0)
(1.5 8.0521e-14 0)
(1.5 1.50798e-13 0)
(1.5 1.33346e-13 0)
(1.5 1.08424e-13 0)
(1.5 9.78652e-14 0)
(1.5 1.36033e-13 0)
(1.5 1.2371e-13 0)
(1.5 8.83387e-14 0)
(1.5 7.79476e-14 0)
(1.5 7.13042e-14 0)
(1.5 7.54246e-14 0)
(1.5 8.57325e-14 0)
(1.5 2.20859e-13 0)
(1.5 2.62318e-13 0)
(1.5 1.34451e-13 0)
(1.5 5.78683e-14 0)
(1.5 1.68613e-14 0)
(1.5 -5.5039e-15 0)
(1.5 -1.09158e-14 0)
(1.5 -4.42156e-14 0)
(1.5 9.06458e-15 0)
(1.5 5.65905e-14 0)
(1.5 9.85816e-14 0)
(1.5 1.63714e-13 0)
(1.5 2.26398e-13 0)
(1.5 2.10397e-13 0)
(1.5 1.79676e-13 0)
(1.5 2.16794e-13 0)
(1.5 2.2368e-13 0)
(1.5 2.28568e-13 0)
(1.5 1.8125e-13 0)
(1.5 2.04636e-13 0)
(1.5 2.0046e-13 0)
(1.5 3.02252e-13 0)
(1.5 3.59003e-13 0)
(1.5 3.78967e-13 0)
(1.5 3.61177e-13 0)
(1.5 3.21666e-13 0)
(1.5 3.37012e-13 0)
(1.5 3.37104e-13 0)
(1.5 3.12562e-13 0)
(1.5 3.62724e-13 0)
(1.5 4.67989e-13 0)
(1.5 3.56939e-13 0)
(1.5 2.01186e-13 0)
(1.5 2.19769e-13 0)
(1.5 1.3663e-13 0)
(1.5 1.67358e-13 0)
(1.5 9.89242e-14 0)
(1.5 8.59606e-14 0)
(1.5 1.16854e-13 0)
(1.5 9.8238e-14 0)
(1.5 1.35381e-13 0)
(1.5 1.16437e-13 0)
(1.5 4.02851e-14 0)
(1.5 -5.01798e-14 0)
(1.5 -6.05428e-14 0)
(1.5 -6.86743e-14 0)
(1.5 -9.09717e-14 0)
(1.5 -9.71444e-14 0)
(1.5 -5.33266e-14 0)
(1.5 -1.15522e-13 0)
(1.5 -1.10324e-13 0)
(1.5 -9.9124e-14 0)
(1.5 -1.71125e-13 0)
(1.5 -1.15676e-13 0)
(1.5 -2.08893e-14 0)
(1.5 2.55526e-14 0)
(1.5 7.90555e-14 0)
(1.5 1.05228e-13 0)
(1.5 1.2015e-14 0)
(1.5 -6.75793e-14 0)
(1.5 -7.84374e-14 0)
(1.5 -3.45157e-14 0)
(1.5 -3.51608e-14 0)
(1.5 -2.04238e-13 0)
(1.5 -3.52607e-13 0)
(1.5 -4.02265e-13 0)
(1.5 -3.8027e-13 0)
(1.5 -3.85488e-13 0)
(1.5 -4.74339e-13 0)
(1.5 -4.64235e-13 0)
(1.5 -5.21933e-13 0)
(1.5 -4.81614e-13 0)
(1.5 -4.95446e-13 0)
(1.5 -4.59825e-13 0)
(1.5 -3.72299e-13 0)
(1.5 -3.41745e-13 0)
(1.5 -2.01747e-13 0)
(1.5 -1.20519e-13 0)
(1.5 -5.6323e-15 0)
(1.5 1.30443e-13 0)
(1.5 1.58748e-13 0)
(1.5 6.90552e-14 0)
(1.5 7.47661e-15 0)
(1.5 -5.29311e-14 0)
(1.5 2.99383e-14 0)
(1.5 7.65109e-14 0)
(1.5 3.85294e-14 0)
(1.5 5.69609e-15 0)
(1.5 -7.7652e-14 0)
(1.5 -2.25781e-13 0)
(1.5 -2.9144e-13 0)
(1.5 -3.81836e-13 0)
(1.5 -5.86117e-13 0)
(1.5 -6.60626e-13 0)
(1.5 -6.24345e-13 0)
(1.5 -5.67577e-13 0)
(1.5 -4.12381e-13 0)
(1.5 -3.28021e-13 0)
(1.5 -3.17173e-13 0)
(1.5 -2.55417e-13 0)
(1.5 -2.34908e-13 0)
(1.5 -2.585e-13 0)
(1.5 -2.38914e-13 0)
(1.5 -1.88161e-13 0)
(1.5 -8.10109e-14 0)
(1.5 -6.11254e-15 0)
(1.5 -5.82483e-15 0)
(1.5 3.55106e-16 0)
(1.5 -7.08223e-16 0)
(1.5 -3.81772e-14 0)
(1.5 6.44162e-14 0)
(1.5 7.77074e-14 0)
(1.5 1.10718e-13 0)
(1.5 1.29433e-13 0)
(1.5 1.7335e-14 0)
(1.5 -1.05497e-13 0)
(1.5 -2.5248e-13 0)
(1.5 -3.58525e-13 0)
(1.5 -2.74519e-13 0)
(1.5 -1.42625e-13 0)
(1.5 -8.39944e-14 0)
(1.5 -1.55044e-13 0)
(1.5 -1.47773e-13 0)
(1.5 -1.28503e-13 0)
(1.5 -9.71427e-14 0)
(1.5 -1.70087e-13 0)
(1.5 -1.83997e-13 0)
(1.5 -2.4348e-13 0)
(1.5 -2.37115e-13 0)
(1.5 -2.44837e-13 0)
(1.5 -2.23714e-13 0)
(1.5 -2.99587e-13 0)
(1.5 -2.94143e-13 0)
(1.5 -3.16544e-13 0)
(1.5 -3.16257e-13 0)
(1.5 -2.32205e-13 0)
(1.5 -1.9436e-13 0)
(1.5 6.80641e-14 0)
(1.5 2.59774e-14 0)
(1.5 1.06845e-14 0)
(1.5 -7.63259e-15 0)
(1.5 6.32851e-14 0)
(1.5 1.04039e-13 0)
(1.5 6.2019e-14 0)
(1.5 2.52802e-14 0)
(1.5 -1.1693e-13 0)
(1.5 -1.71116e-13 0)
(1.5 -2.30955e-13 0)
(1.5 -1.65535e-13 0)
(1.5 -1.53122e-13 0)
(1.5 -1.057e-13 0)
(1.5 -1.03282e-13 0)
(1.5 -3.27944e-14 0)
(1.5 1.59079e-13 0)
(1.5 2.69368e-13 0)
(1.5 3.41107e-13 0)
(1.5 3.24275e-13 0)
(1.5 3.27955e-13 0)
(1.5 2.91626e-13 0)
(1.5 2.48416e-13 0)
(1.5 2.07202e-13 0)
(1.5 1.45769e-13 0)
(1.5 1.66642e-13 0)
(1.5 2.13628e-13 0)
(1.5 2.0354e-13 0)
(1.5 1.24123e-13 0)
(1.5 1.12489e-13 0)
(1.5 1.0466e-13 0)
(1.5 9.79004e-14 0)
(1.5 1.61678e-13 0)
(1.5 1.58611e-13 0)
(1.5 2.88973e-13 0)
(1.5 2.84521e-13 0)
(1.5 2.4135e-13 0)
(1.5 1.40988e-13 0)
(1.5 3.58382e-14 0)
(1.5 -9.78961e-15 0)
(1.5 -1.7811e-14 0)
(1.5 -5.77422e-14 0)
(1.5 -6.16716e-16 0)
(1.5 -1.34868e-14 0)
(1.5 1.157e-14 0)
(1.5 2.2453e-14 0)
(1.5 4.59299e-14 0)
(1.5 1.88146e-14 0)
(1.5 -7.42588e-15 0)
(1.5 3.04311e-14 0)
(1.5 3.55126e-14 0)
(1.5 5.30785e-14 0)
(1.5 3.47367e-14 0)
(1.5 1.71036e-14 0)
(1.5 5.70027e-15 0)
(1.5 6.07903e-14 0)
(1.5 5.66562e-14 0)
(1.5 9.03404e-14 0)
(1.5 5.33649e-14 0)
(1.5 3.21532e-14 0)
(1.5 4.48701e-14 0)
(1.5 6.96962e-14 0)
(1.5 3.66863e-14 0)
(1.5 1.53846e-13 0)
(1.5 1.63625e-13 0)
(1.5 1.38001e-13 0)
(1.5 1.15229e-13 0)
(1.5 6.48944e-14 0)
(1.5 5.03958e-14 0)
(1.5 7.65548e-14 0)
(1.5 6.65275e-14 0)
(1.5 9.51448e-14 0)
(1.5 1.02869e-13 0)
(1.5 1.72035e-13 0)
(1.5 1.98708e-13 0)
(1.5 2.00055e-13 0)
(1.5 2.1566e-13 0)
(1.5 2.42809e-13 0)
(1.5 3.04927e-13 0)
(1.5 3.1081e-13 0)
(1.5 3.31814e-13 0)
(1.5 2.64768e-13 0)
(1.5 2.18227e-13 0)
(1.5 2.06527e-13 0)
(1.5 2.48878e-13 0)
(1.5 2.89726e-13 0)
(1.5 3.98264e-13 0)
(1.5 3.60533e-13 0)
(1.5 3.44134e-13 0)
(1.5 3.64038e-13 0)
(1.5 3.67206e-13 0)
(1.5 3.57007e-13 0)
(1.5 2.58257e-13 0)
(1.5 2.75524e-13 0)
(1.5 2.38251e-13 0)
(1.5 2.18899e-13 0)
(1.5 1.87303e-13 0)
(1.5 1.95505e-13 0)
(1.5 2.03548e-13 0)
(1.5 2.245e-13 0)
(1.5 3.28836e-13 0)
(1.5 2.54058e-13 0)
(1.5 1.69938e-13 0)
(1.5 1.64421e-13 0)
(1.5 1.75068e-13 0)
(1.5 8.97378e-14 0)
(1.5 -2.52034e-14 0)
(1.5 -1.49099e-14 0)
(1.5 4.62585e-14 0)
(1.5 1.19106e-13 0)
(1.5 1.78733e-13 0)
(1.5 7.37213e-14 0)
(1.5 3.59418e-14 0)
(1.5 -1.42933e-14 0)
(1.5 -4.01021e-14 0)
(1.5 -3.38447e-14 0)
(1.5 -1.74301e-14 0)
(1.5 1.51637e-13 0)
(1.5 1.20766e-13 0)
(1.5 1.52063e-13 0)
(1.5 2.29419e-13 0)
(1.5 4.19252e-14 0)
(1.5 -1.37803e-14 0)
(1.5 1.9812e-14 0)
(1.5 2.85124e-14 0)
(1.5 -3.39635e-14 0)
(1.5 -2.35191e-13 0)
(1.5 -2.35356e-13 0)
(1.5 -3.23707e-13 0)
(1.5 -3.68737e-13 0)
(1.5 -4.03927e-13 0)
(1.5 -4.84478e-13 0)
(1.5 -5.02579e-13 0)
(1.5 -5.21345e-13 0)
(1.5 -5.8417e-13 0)
(1.5 -4.80694e-13 0)
(1.5 -4.07997e-13 0)
(1.5 -3.04729e-13 0)
(1.5 -2.35574e-13 0)
(1.5 -1.90288e-13 0)
(1.5 -7.53377e-15 0)
(1.5 1.73002e-13 0)
(1.5 2.7237e-13 0)
(1.5 3.02113e-13 0)
(1.5 2.48038e-13 0)
(1.5 1.46799e-13 0)
(1.5 5.12009e-14 0)
(1.5 7.2962e-15 0)
(1.5 8.75559e-14 0)
(1.5 1.23752e-15 0)
(1.5 -7.36394e-14 0)
(1.5 -1.37574e-13 0)
(1.5 -1.50243e-13 0)
(1.5 -1.64403e-13 0)
(1.5 -1.95942e-13 0)
(1.5 -4.46293e-13 0)
(1.5 -5.79703e-13 0)
(1.5 -5.5818e-13 0)
(1.5 -5.72591e-13 0)
(1.5 -4.16349e-13 0)
(1.5 -3.04727e-13 0)
(1.5 -3.56811e-13 0)
(1.5 -3.21553e-13 0)
(1.5 -3.29263e-13 0)
(1.5 -1.74778e-13 0)
(1.5 -1.80603e-13 0)
(1.5 -1.71533e-13 0)
(1.5 -8.90128e-14 0)
(1.5 5.97689e-14 0)
(1.5 3.85633e-14 0)
(1.5 4.38105e-15 0)
(1.5 4.91054e-14 0)
(1.5 6.46281e-14 0)
(1.5 1.4296e-13 0)
(1.5 8.4114e-14 0)
(1.5 -1.65263e-14 0)
(1.5 2.07402e-14 0)
(1.5 7.27168e-14 0)
(1.5 5.47729e-14 0)
(1.5 -4.31663e-14 0)
(1.5 1.75462e-14 0)
(1.5 6.12967e-14 0)
(1.5 5.48871e-14 0)
(1.5 9.39367e-14 0)
(1.5 -9.35371e-14 0)
(1.5 -1.24282e-13 0)
(1.5 -1.01928e-13 0)
(1.5 -5.95191e-14 0)
(1.5 -1.5226e-13 0)
(1.5 -2.42175e-13 0)
(1.5 -1.91517e-13 0)
(1.5 -1.36092e-13 0)
(1.5 -2.03641e-13 0)
(1.5 -2.29565e-13 0)
(1.5 -1.13179e-13 0)
(1.5 -7.61617e-14 0)
(1.5 -1.47416e-13 0)
(1.5 -1.41668e-13 0)
(1.5 -1.39485e-13 0)
(1.5 -1.51989e-13 0)
(1.5 4.12433e-14 0)
(1.5 2.18108e-14 0)
(1.5 -4.10698e-14 0)
(1.5 -3.87528e-14 0)
(1.5 1.01648e-13 0)
(1.5 9.30755e-14 0)
(1.5 -1.90687e-14 0)
(1.5 -2.06546e-14 0)
(1.5 -1.05655e-13 0)
(1.5 -8.39872e-14 0)
(1.5 -1.279e-13 0)
(1.5 -6.41085e-14 0)
(1.5 -1.37631e-13 0)
(1.5 -2.11496e-13 0)
(1.5 -1.52885e-13 0)
(1.5 -6.54689e-14 0)
(1.5 1.33184e-13 0)
(1.5 2.50358e-13 0)
(1.5 2.94868e-13 0)
(1.5 2.12861e-13 0)
(1.5 1.91565e-13 0)
(1.5 2.44119e-13 0)
(1.5 2.03451e-13 0)
(1.5 1.63534e-13 0)
(1.5 1.1247e-13 0)
(1.5 9.53834e-14 0)
(1.5 1.57824e-13 0)
(1.5 2.15149e-13 0)
(1.5 1.71919e-13 0)
(1.5 1.09715e-13 0)
(1.5 6.34044e-14 0)
(1.5 1.42848e-13 0)
(1.5 2.05356e-13 0)
(1.5 1.35514e-13 0)
(1.5 2.10609e-13 0)
(1.5 1.76881e-13 0)
(1.5 1.12656e-13 0)
(1.5 -1.30178e-14 0)
(1.5 -7.42632e-14 0)
(1.5 -7.55369e-14 0)
(1.5 -4.42972e-14 0)
(1.5 -1.1747e-13 0)
(1.5 -8.25498e-14 0)
(1.5 -7.70408e-14 0)
(1.5 -4.88129e-14 0)
(1.5 -6.89282e-14 0)
(1.5 1.75581e-14 0)
(1.5 -2.08493e-14 0)
(1.5 -4.92184e-14 0)
(1.5 -1.4937e-14 0)
(1.5 4.21481e-14 0)
(1.5 -5.7214e-15 0)
(1.5 -4.26534e-14 0)
(1.5 4.44873e-14 0)
(1.5 5.89012e-14 0)
(1.5 1.23323e-13 0)
(1.5 1.00325e-13 0)
(1.5 3.16532e-14 0)
(1.5 -3.20224e-14 0)
(1.5 2.38356e-14 0)
(1.5 5.4952e-14 0)
(1.5 3.1523e-14 0)
(1.5 -3.61277e-14 0)
(1.5 -3.92917e-15 0)
(1.5 -6.76637e-15 0)
(1.5 2.36428e-14 0)
(1.5 3.48193e-14 0)
(1.5 1.44431e-14 0)
(1.5 7.52315e-15 0)
(1.5 6.43992e-14 0)
(1.5 7.08731e-14 0)
(1.5 6.41854e-14 0)
(1.5 6.73161e-14 0)
(1.5 8.64884e-14 0)
(1.5 7.87815e-14 0)
(1.5 7.79481e-14 0)
(1.5 1.53365e-13 0)
(1.5 2.02246e-13 0)
(1.5 2.53069e-13 0)
(1.5 2.49783e-13 0)
(1.5 2.78724e-13 0)
(1.5 2.2206e-13 0)
(1.5 1.48752e-13 0)
(1.5 1.48005e-13 0)
(1.5 2.3265e-13 0)
(1.5 2.89961e-13 0)
(1.5 3.3346e-13 0)
(1.5 2.48047e-13 0)
(1.5 2.14853e-13 0)
(1.5 2.3378e-13 0)
(1.5 2.70506e-13 0)
(1.5 2.96702e-13 0)
(1.5 1.72943e-13 0)
(1.5 1.63198e-13 0)
(1.5 2.142e-13 0)
(1.5 2.66918e-13 0)
(1.5 1.8599e-13 0)
(1.5 1.86668e-13 0)
(1.5 2.17736e-13 0)
(1.5 2.41464e-13 0)
(1.5 3.65792e-13 0)
(1.5 3.17344e-13 0)
(1.5 2.75002e-13 0)
(1.5 2.07456e-13 0)
(1.5 1.77495e-13 0)
(1.5 1.05657e-13 0)
(1.5 -1.55678e-14 0)
(1.5 -3.78505e-14 0)
(1.5 5.82624e-14 0)
(1.5 1.14288e-13 0)
(1.5 2.01905e-13 0)
(1.5 2.73537e-14 0)
(1.5 -4.97405e-15 0)
(1.5 -3.45942e-15 0)
(1.5 -7.00941e-14 0)
(1.5 -7.06672e-14 0)
(1.5 -7.72864e-14 0)
(1.5 7.33748e-14 0)
(1.5 1.07265e-13 0)
(1.5 8.16551e-14 0)
(1.5 1.44338e-13 0)
(1.5 5.59829e-14 0)
(1.5 5.94021e-14 0)
(1.5 1.91729e-13 0)
(1.5 1.4259e-13 0)
(1.5 -1.36565e-14 0)
(1.5 -1.30998e-13 0)
(1.5 -7.76686e-14 0)
(1.5 -1.15064e-13 0)
(1.5 -1.63258e-13 0)
(1.5 -1.75501e-13 0)
(1.5 -2.15525e-13 0)
(1.5 -3.38016e-13 0)
(1.5 -3.75823e-13 0)
(1.5 -4.59535e-13 0)
(1.5 -2.71517e-13 0)
(1.5 -2.73081e-13 0)
(1.5 -2.75433e-13 0)
(1.5 -1.83728e-13 0)
(1.5 -1.30896e-13 0)
(1.5 1.01066e-13 0)
(1.5 2.82719e-13 0)
(1.5 3.14196e-13 0)
(1.5 3.68986e-13 0)
(1.5 3.46374e-13 0)
(1.5 2.97677e-13 0)
(1.5 2.61191e-13 0)
(1.5 1.58208e-13 0)
(1.5 1.53301e-13 0)
(1.5 1.10852e-13 0)
(1.5 3.53477e-14 0)
(1.5 -3.43588e-14 0)
(1.5 -5.64552e-14 0)
(1.5 -1.08844e-13 0)
(1.5 -1.70488e-13 0)
(1.5 -3.16732e-13 0)
(1.5 -4.03805e-13 0)
(1.5 -4.22526e-13 0)
(1.5 -4.86551e-13 0)
(1.5 -3.96336e-13 0)
(1.5 -3.01635e-13 0)
(1.5 -3.46999e-13 0)
(1.5 -3.8694e-13 0)
(1.5 -3.47921e-13 0)
(1.5 -1.17241e-13 0)
(1.5 -1.128e-13 0)
(1.5 -1.33948e-13 0)
(1.5 -8.00796e-14 0)
(1.5 6.74794e-14 0)
(1.5 8.58507e-14 0)
(1.5 1.03169e-13 0)
(1.5 1.47142e-13 0)
(1.5 1.74579e-13 0)
(1.5 1.83515e-13 0)
(1.5 1.27032e-13 0)
(1.5 1.20855e-14 0)
(1.5 2.38472e-14 0)
(1.5 1.3464e-13 0)
(1.5 1.01196e-13 0)
(1.5 9.03506e-14 0)
(1.5 1.78943e-13 0)
(1.5 1.9949e-13 0)
(1.5 1.96403e-13 0)
(1.5 1.34159e-13 0)
(1.5 -2.70163e-14 0)
(1.5 -1.22507e-13 0)
(1.5 -1.23541e-13 0)
(1.5 -8.01571e-14 0)
(1.5 -7.23437e-14 0)
(1.5 -1.64667e-13 0)
(1.5 -1.05985e-13 0)
(1.5 -1.03876e-13 0)
(1.5 -1.25213e-13 0)
(1.5 -2.52408e-13 0)
(1.5 -3.82334e-14 0)
(1.5 2.4396e-14 0)
(1.5 4.72513e-14 0)
(1.5 4.78281e-14 0)
(1.5 -1.94349e-14 0)
(1.5 -3.36866e-14 0)
(1.5 -1.13826e-14 0)
(1.5 5.23258e-14 0)
(1.5 -8.98641e-15 0)
(1.5 -9.54712e-15 0)
(1.5 9.59593e-15 0)
(1.5 8.04e-15 0)
(1.5 6.53682e-15 0)
(1.5 2.72053e-14 0)
(1.5 2.22927e-14 0)
(1.5 -4.75807e-14 0)
(1.5 -1.3756e-13 0)
(1.5 -1.32141e-13 0)
(1.5 -2.30039e-13 0)
(1.5 -2.88349e-13 0)
(1.5 -1.35249e-13 0)
(1.5 -3.64459e-14 0)
(1.5 8.5505e-14 0)
(1.5 4.30223e-14 0)
(1.5 6.48053e-14 0)
(1.5 1.28782e-13 0)
(1.5 1.74427e-13 0)
(1.5 2.01264e-13 0)
(1.5 1.72738e-13 0)
(1.5 1.02719e-13 0)
(1.5 8.06521e-14 0)
(1.5 7.40148e-14 0)
(1.5 7.97725e-14 0)
(1.5 1.49414e-13 0)
(1.5 1.56456e-13 0)
(1.5 1.61437e-13 0)
(1.5 1.62452e-13 0)
(1.5 2.1469e-13 0)
(1.5 1.68546e-13 0)
(1.5 1.4947e-13 0)
(1.5 1.30512e-13 0)
(1.5 9.27013e-14 0)
(1.5 8.48883e-14 0)
(1.5 -1.5928e-14 0)
(1.5 -1.05041e-14 0)
(1.5 1.30675e-14 0)
(1.5 -3.67422e-14 0)
(1.5 -8.28851e-14 0)
(1.5 -1.33038e-13 0)
(1.5 -1.08607e-13 0)
(1.5 -1.18431e-13 0)
(1.5 -1.21428e-13 0)
(1.5 -6.41763e-14 0)
(1.5 -3.61416e-14 0)
(1.5 1.61414e-14 0)
(1.5 2.31737e-14 0)
(1.5 5.95025e-14 0)
(1.5 4.4121e-14 0)
(1.5 2.87317e-14 0)
(1.5 5.39833e-14 0)
(1.5 7.97961e-14 0)
(1.5 1.2515e-13 0)
(1.5 1.1729e-13 0)
(1.5 3.14876e-14 0)
(1.5 -1.01664e-14 0)
(1.5 2.50858e-14 0)
(1.5 7.14097e-14 0)
(1.5 6.69616e-14 0)
(1.5 -1.97986e-14 0)
(1.5 -3.79201e-14 0)
(1.5 -2.84904e-14 0)
(1.5 -1.59097e-14 0)
(1.5 -2.05417e-14 0)
(1.5 -5.80442e-15 0)
(1.5 1.32509e-14 0)
(1.5 5.27064e-15 0)
(1.5 -7.07149e-14 0)
(1.5 -1.12839e-13 0)
(1.5 -1.04917e-13 0)
(1.5 -1.28061e-13 0)
(1.5 -6.82614e-14 0)
(1.5 -5.46473e-15 0)
(1.5 7.64301e-14 0)
(1.5 9.23498e-14 0)
(1.5 6.87217e-14 0)
(1.5 9.87504e-14 0)
(1.5 6.19998e-14 0)
(1.5 6.75481e-14 0)
(1.5 3.2571e-14 0)
(1.5 5.25085e-14 0)
(1.5 1.22276e-13 0)
(1.5 1.86556e-13 0)
(1.5 1.62055e-13 0)
(1.5 1.43686e-13 0)
(1.5 1.26452e-13 0)
(1.5 1.60061e-13 0)
(1.5 2.18306e-13 0)
(1.5 1.46479e-13 0)
(1.5 1.2605e-13 0)
(1.5 2.15711e-13 0)
(1.5 2.77601e-13 0)
(1.5 2.57244e-13 0)
(1.5 2.49173e-13 0)
(1.5 2.65156e-13 0)
(1.5 2.65347e-13 0)
(1.5 2.23103e-13 0)
(1.5 2.49122e-13 0)
(1.5 2.73211e-13 0)
(1.5 3.17604e-13 0)
(1.5 2.62329e-13 0)
(1.5 1.5213e-13 0)
(1.5 1.26325e-13 0)
(1.5 9.06069e-14 0)
(1.5 3.8849e-14 0)
(1.5 6.95587e-14 0)
(1.5 1.2422e-14 0)
(1.5 5.65482e-14 0)
(1.5 2.29716e-14 0)
(1.5 -5.48308e-14 0)
(1.5 -6.48896e-14 0)
(1.5 -1.15771e-13 0)
(1.5 -7.1057e-14 0)
(1.5 -1.23972e-13 0)
(1.5 -9.47659e-14 0)
(1.5 -2.56445e-15 0)
(1.5 -3.90023e-14 0)
(1.5 -3.73214e-14 0)
(1.5 2.47699e-14 0)
(1.5 1.52673e-14 0)
(1.5 1.3465e-13 0)
(1.5 5.14252e-14 0)
(1.5 -5.98186e-14 0)
(1.5 -9.98413e-14 0)
(1.5 -8.36869e-14 0)
(1.5 -7.62756e-14 0)
(1.5 -3.97625e-14 0)
(1.5 -6.45107e-14 0)
(1.5 -1.25531e-15 0)
(1.5 -8.50549e-14 0)
(1.5 -1.89018e-13 0)
(1.5 -2.36408e-13 0)
(1.5 -1.92214e-13 0)
(1.5 -1.90165e-13 0)
(1.5 -1.2811e-13 0)
(1.5 -4.18779e-14 0)
(1.5 9.19441e-14 0)
(1.5 2.64019e-13 0)
(1.5 3.58123e-13 0)
(1.5 3.20826e-13 0)
(1.5 3.34055e-13 0)
(1.5 3.13864e-13 0)
(1.5 3.48687e-13 0)
(1.5 3.65435e-13 0)
(1.5 4.52179e-13 0)
(1.5 4.03684e-13 0)
(1.5 2.64922e-13 0)
(1.5 1.42581e-13 0)
(1.5 1.42019e-14 0)
(1.5 -5.51268e-14 0)
(1.5 -1.7154e-13 0)
(1.5 -2.23133e-13 0)
(1.5 -2.75778e-13 0)
(1.5 -2.51663e-13 0)
(1.5 -3.45064e-13 0)
(1.5 -3.49828e-13 0)
(1.5 -2.88987e-13 0)
(1.5 -2.49533e-13 0)
(1.5 -2.05373e-13 0)
(1.5 -2.481e-13 0)
(1.5 -2.10884e-13 0)
(1.5 -1.06733e-13 0)
(1.5 -3.95836e-14 0)
(1.5 -6.59504e-14 0)
(1.5 -1.20065e-14 0)
(1.5 5.43481e-15 0)
(1.5 7.12233e-14 0)
(1.5 1.13251e-13 0)
(1.5 1.1759e-13 0)
(1.5 2.14339e-13 0)
(1.5 1.78375e-13 0)
(1.5 2.12289e-13 0)
(1.5 1.50551e-13 0)
(1.5 1.45618e-13 0)
(1.5 1.65796e-13 0)
(1.5 3.57936e-14 0)
(1.5 8.49298e-14 0)
(1.5 1.06395e-13 0)
(1.5 1.86694e-13 0)
(1.5 2.54177e-13 0)
(1.5 2.86625e-14 0)
(1.5 5.41807e-15 0)
(1.5 -8.13749e-14 0)
(1.5 -1.01797e-13 0)
(1.5 -9.47123e-14 0)
(1.5 2.67334e-15 0)
(1.5 -9.79197e-15 0)
(1.5 -3.44144e-14 0)
(1.5 -3.52818e-14 0)
(1.5 -2.46384e-14 0)
(1.5 -1.00749e-13 0)
(1.5 3.28417e-14 0)
(1.5 8.43856e-14 0)
(1.5 2.04192e-13 0)
(1.5 2.51902e-13 0)
(1.5 2.12332e-13 0)
(1.5 2.38069e-13 0)
(1.5 -2.97302e-14 0)
(1.5 -4.90692e-14 0)
(1.5 -9.58354e-14 0)
(1.5 -3.99256e-14 0)
(1.5 -4.81091e-14 0)
(1.5 -5.34961e-14 0)
(1.5 4.61126e-16 0)
(1.5 -1.1867e-14 0)
(1.5 2.99266e-14 0)
(1.5 -3.15956e-14 0)
(1.5 -6.23703e-14 0)
(1.5 -1.41216e-13 0)
(1.5 -2.0337e-13 0)
(1.5 -1.65768e-13 0)
(1.5 -1.06491e-13 0)
(1.5 -9.05323e-14 0)
(1.5 -8.45881e-14 0)
(1.5 -1.97188e-13 0)
(1.5 -1.39163e-13 0)
(1.5 5.0592e-14 0)
(1.5 1.88805e-13 0)
(1.5 1.76782e-13 0)
(1.5 1.68989e-13 0)
(1.5 1.53077e-13 0)
(1.5 2.16078e-13 0)
(1.5 2.37193e-13 0)
(1.5 1.7684e-13 0)
(1.5 1.25794e-13 0)
(1.5 1.56544e-13 0)
(1.5 2.15615e-13 0)
(1.5 2.90523e-13 0)
(1.5 1.82145e-13 0)
(1.5 4.68742e-14 0)
(1.5 5.82319e-14 0)
(1.5 9.2777e-15 0)
(1.5 6.32016e-14 0)
(1.5 9.27698e-14 0)
(1.5 4.40646e-14 0)
(1.5 3.55428e-14 0)
(1.5 5.12687e-14 0)
(1.5 -3.622e-14 0)
(1.5 -7.28172e-14 0)
(1.5 -8.47115e-14 0)
(1.5 -9.21933e-14 0)
(1.5 -5.70794e-14 0)
(1.5 -3.87423e-14 0)
(1.5 -2.29571e-14 0)
(1.5 3.81142e-14 0)
(1.5 9.16562e-14 0)
(1.5 6.81946e-14 0)
(1.5 9.80767e-14 0)
(1.5 9.35928e-14 0)
(1.5 9.50037e-14 0)
(1.5 2.47147e-14 0)
(1.5 9.31589e-14 0)
(1.5 1.05864e-13 0)
(1.5 9.90368e-14 0)
(1.5 1.22906e-13 0)
(1.5 1.12506e-13 0)
(1.5 1.51947e-14 0)
(1.5 2.9985e-14 0)
(1.5 2.33963e-14 0)
(1.5 7.45723e-15 0)
(1.5 -1.45494e-14 0)
(1.5 -5.23302e-15 0)
(1.5 5.54608e-16 0)
(1.5 -4.67675e-14 0)
(1.5 -2.57279e-14 0)
(1.5 -4.10847e-14 0)
(1.5 -4.11399e-14 0)
(1.5 -4.52532e-14 0)
(1.5 -2.96176e-14 0)
(1.5 -7.02098e-14 0)
(1.5 -1.005e-13 0)
(1.5 1.30364e-14 0)
(1.5 1.25729e-13 0)
(1.5 2.07688e-13 0)
(1.5 1.13564e-13 0)
(1.5 8.59293e-14 0)
(1.5 1.33452e-13 0)
(1.5 1.29779e-13 0)
(1.5 1.36358e-13 0)
(1.5 9.70066e-14 0)
(1.5 4.92031e-14 0)
(1.5 4.78959e-14 0)
(1.5 9.53528e-14 0)
(1.5 9.94097e-14 0)
(1.5 1.15532e-13 0)
(1.5 1.10505e-13 0)
(1.5 2.00446e-13 0)
(1.5 1.86962e-13 0)
(1.5 1.26795e-13 0)
(1.5 1.16716e-13 0)
(1.5 2.24281e-13 0)
(1.5 2.74508e-13 0)
(1.5 2.21106e-13 0)
(1.5 2.32746e-13 0)
(1.5 2.70954e-13 0)
(1.5 2.35399e-13 0)
(1.5 2.28224e-13 0)
(1.5 1.99301e-13 0)
(1.5 2.82761e-13 0)
(1.5 3.84619e-13 0)
(1.5 3.70709e-13 0)
(1.5 2.83605e-13 0)
(1.5 2.16419e-13 0)
(1.5 2.38163e-13 0)
(1.5 1.98636e-13 0)
(1.5 1.91348e-13 0)
(1.5 1.1906e-13 0)
(1.5 3.82702e-14 0)
(1.5 8.96635e-14 0)
(1.5 1.03607e-14 0)
(1.5 -6.35957e-14 0)
(1.5 -8.01267e-14 0)
(1.5 -6.73051e-14 0)
(1.5 -1.83572e-13 0)
(1.5 -2.22784e-13 0)
(1.5 -2.23059e-13 0)
(1.5 -2.0273e-13 0)
(1.5 -2.04125e-13 0)
(1.5 -6.90567e-14 0)
(1.5 4.13936e-14 0)
(1.5 2.16854e-14 0)
(1.5 -6.13668e-14 0)
(1.5 -1.56965e-13 0)
(1.5 -1.14364e-13 0)
(1.5 -1.13318e-13 0)
(1.5 -1.03689e-13 0)
(1.5 -9.31676e-14 0)
(1.5 -1.25745e-13 0)
(1.5 2.47251e-15 0)
(1.5 -6.81791e-15 0)
(1.5 -1.16126e-13 0)
(1.5 -1.64525e-13 0)
(1.5 -2.99053e-13 0)
(1.5 -2.09723e-13 0)
(1.5 -9.74589e-14 0)
(1.5 8.21028e-15 0)
(1.5 1.47362e-13 0)
(1.5 2.89929e-13 0)
(1.5 3.20864e-13 0)
(1.5 1.97939e-13 0)
(1.5 1.92354e-13 0)
(1.5 3.38878e-13 0)
(1.5 3.82754e-13 0)
(1.5 4.22512e-13 0)
(1.5 5.79223e-13 0)
(1.5 4.73525e-13 0)
(1.5 2.92109e-13 0)
(1.5 1.6614e-13 0)
(1.5 3.63595e-14 0)
(1.5 -1.12335e-13 0)
(1.5 -2.66076e-13 0)
(1.5 -3.29045e-13 0)
(1.5 -3.36858e-13 0)
(1.5 -3.33418e-13 0)
(1.5 -4.52537e-13 0)
(1.5 -3.7111e-13 0)
(1.5 -3.12137e-13 0)
(1.5 -3.30804e-13 0)
(1.5 -1.71019e-13 0)
(1.5 -1.55589e-13 0)
(1.5 -2.31825e-13 0)
(1.5 -2.4753e-13 0)
(1.5 -1.23181e-13 0)
(1.5 -1.61903e-13 0)
(1.5 -9.59456e-14 0)
(1.5 -1.78237e-13 0)
(1.5 -1.18711e-13 0)
(1.5 -1.31807e-13 0)
(1.5 -1.06614e-13 0)
(1.5 -3.63356e-14 0)
(1.5 -2.09759e-14 0)
(1.5 4.91113e-14 0)
(1.5 9.33385e-14 0)
(1.5 1.31493e-13 0)
(1.5 4.30043e-14 0)
(1.5 -6.93681e-14 0)
(1.5 3.64389e-14 0)
(1.5 6.94976e-14 0)
(1.5 8.91142e-14 0)
(1.5 -1.56204e-14 0)
(1.5 -2.36931e-13 0)
(1.5 -7.63068e-14 0)
(1.5 -3.45554e-14 0)
(1.5 -4.15866e-14 0)
(1.5 -1.08153e-13 0)
(1.5 -9.01853e-14 0)
(1.5 -7.84907e-14 0)
(1.5 -4.79273e-14 0)
(1.5 -3.26876e-15 0)
(1.5 -5.60629e-14 0)
(1.5 5.86973e-14 0)
(1.5 9.25031e-14 0)
(1.5 8.00161e-14 0)
(1.5 9.35716e-14 0)
(1.5 1.34801e-13 0)
(1.5 1.98551e-13 0)
(1.5 3.54143e-13 0)
(1.5 -2.08499e-14 0)
(1.5 -1.70588e-13 0)
(1.5 -2.04377e-13 0)
(1.5 -1.21312e-13 0)
(1.5 -5.01677e-14 0)
(1.5 1.14093e-15 0)
(1.5 6.50973e-14 0)
(1.5 1.84053e-14 0)
(1.5 2.90544e-14 0)
(1.5 7.60678e-14 0)
(1.5 1.0869e-13 0)
(1.5 3.88639e-14 0)
(1.5 7.62581e-15 0)
(1.5 4.2469e-14 0)
(1.5 -5.38034e-14 0)
(1.5 -1.12353e-13 0)
(1.5 -1.77592e-13 0)
(1.5 -1.65933e-13 0)
(1.5 -9.82799e-14 0)
(1.5 1.0108e-13 0)
(1.5 1.81701e-13 0)
(1.5 2.14035e-13 0)
(1.5 2.29059e-13 0)
(1.5 2.52713e-13 0)
(1.5 3.72455e-13 0)
(1.5 3.63531e-13 0)
(1.5 2.84544e-13 0)
(1.5 1.87814e-13 0)
(1.5 2.22177e-13 0)
(1.5 2.95329e-13 0)
(1.5 3.28612e-13 0)
(1.5 1.7026e-13 0)
(1.5 4.24847e-14 0)
(1.5 2.66912e-14 0)
(1.5 -3.14616e-14 0)
(1.5 4.55662e-14 0)
(1.5 2.79574e-14 0)
(1.5 3.382e-14 0)
(1.5 -2.63069e-14 0)
(1.5 -1.18529e-13 0)
(1.5 -8.61945e-14 0)
(1.5 -7.81203e-14 0)
(1.5 -3.94813e-14 0)
(1.5 3.89949e-14 0)
(1.5 8.56771e-14 0)
(1.5 8.823e-14 0)
(1.5 1.05478e-13 0)
(1.5 1.4516e-13 0)
(1.5 1.92912e-13 0)
(1.5 1.24176e-13 0)
(1.5 1.04876e-13 0)
(1.5 1.40594e-13 0)
(1.5 1.57634e-13 0)
(1.5 1.10626e-13 0)
(1.5 1.66182e-13 0)
(1.5 1.91199e-13 0)
(1.5 1.94202e-13 0)
(1.5 2.25964e-13 0)
(1.5 2.02372e-13 0)
(1.5 7.96952e-14 0)
(1.5 3.41949e-14 0)
(1.5 -2.55385e-14 0)
(1.5 -3.55703e-14 0)
(1.5 -5.6535e-14 0)
(1.5 -3.53079e-14 0)
(1.5 -5.23887e-14 0)
(1.5 -7.88695e-14 0)
(1.5 -2.711e-14 0)
(1.5 -4.43896e-14 0)
(1.5 9.3485e-15 0)
(1.5 1.43538e-13 0)
(1.5 1.94589e-13 0)
(1.5 1.41669e-13 0)
(1.5 6.64123e-14 0)
(1.5 1.63392e-13 0)
(1.5 2.58792e-13 0)
(1.5 3.59894e-13 0)
(1.5 2.90785e-13 0)
(1.5 2.56428e-13 0)
(1.5 2.70434e-13 0)
(1.5 3.58375e-13 0)
(1.5 2.96709e-13 0)
(1.5 2.05632e-13 0)
(1.5 9.90472e-14 0)
(1.5 1.03118e-13 0)
(1.5 1.37323e-13 0)
(1.5 1.60604e-13 0)
(1.5 1.67909e-13 0)
(1.5 1.61621e-13 0)
(1.5 2.0366e-13 0)
(1.5 1.93247e-13 0)
(1.5 1.56705e-13 0)
(1.5 1.12833e-13 0)
(1.5 9.81644e-14 0)
(1.5 1.44012e-13 0)
(1.5 2.28136e-13 0)
(1.5 2.35916e-13 0)
(1.5 2.37866e-13 0)
(1.5 1.89207e-13 0)
(1.5 2.38174e-13 0)
(1.5 2.23425e-13 0)
(1.5 3.15257e-13 0)
(1.5 3.95844e-13 0)
(1.5 4.13625e-13 0)
(1.5 3.85141e-13 0)
(1.5 2.9334e-13 0)
(1.5 2.75489e-13 0)
(1.5 1.99979e-13 0)
(1.5 1.28028e-13 0)
(1.5 1.53804e-13 0)
(1.5 1.12456e-13 0)
(1.5 1.22885e-13 0)
(1.5 8.68272e-14 0)
(1.5 1.29243e-14 0)
(1.5 -3.22279e-14 0)
(1.5 -1.15068e-13 0)
(1.5 -1.97232e-13 0)
(1.5 -2.82777e-13 0)
(1.5 -3.55579e-13 0)
(1.5 -2.57619e-13 0)
(1.5 -1.57779e-13 0)
(1.5 -5.85361e-14 0)
(1.5 1.63246e-14 0)
(1.5 -1.1191e-13 0)
(1.5 -1.92657e-13 0)
(1.5 -2.47115e-13 0)
(1.5 -2.10874e-13 0)
(1.5 -1.48724e-13 0)
(1.5 -9.44273e-14 0)
(1.5 -1.0774e-13 0)
(1.5 -1.01636e-13 0)
(1.5 -7.36232e-14 0)
(1.5 -1.47406e-13 0)
(1.5 -1.30539e-13 0)
(1.5 -8.09421e-14 0)
(1.5 -1.84046e-13 0)
(1.5 -9.87812e-14 0)
(1.5 -5.09646e-14 0)
(1.5 -1.04649e-15 0)
(1.5 5.59119e-14 0)
(1.5 1.36048e-13 0)
(1.5 1.40187e-13 0)
(1.5 1.18812e-13 0)
(1.5 1.4819e-13 0)
(1.5 3.39856e-13 0)
(1.5 4.24455e-13 0)
(1.5 4.71369e-13 0)
(1.5 4.9243e-13 0)
(1.5 4.04053e-13 0)
(1.5 2.70531e-13 0)
(1.5 2.19307e-13 0)
(1.5 1.33446e-13 0)
(1.5 -1.27623e-13 0)
(1.5 -3.2514e-13 0)
(1.5 -4.2904e-13 0)
(1.5 -3.68693e-13 0)
(1.5 -4.16845e-13 0)
(1.5 -4.53522e-13 0)
(1.5 -3.59149e-13 0)
(1.5 -2.85116e-13 0)
(1.5 -2.99285e-13 0)
(1.5 -1.51393e-13 0)
(1.5 -1.25484e-13 0)
(1.5 -1.53842e-13 0)
(1.5 -1.0649e-13 0)
(1.5 -6.42399e-14 0)
(1.5 -1.01395e-13 0)
(1.5 -1.40253e-13 0)
(1.5 -2.11669e-13 0)
(1.5 -2.73348e-13 0)
(1.5 -2.2546e-13 0)
(1.5 -1.38206e-13 0)
(1.5 -1.40812e-13 0)
(1.5 -5.76488e-14 0)
(1.5 -5.80885e-14 0)
(1.5 1.00493e-14 0)
(1.5 3.88329e-14 0)
(1.5 -1.24061e-13 0)
(1.5 -1.15454e-13 0)
(1.5 -1.43095e-14 0)
(1.5 7.69818e-14 0)
(1.5 9.17115e-14 0)
(1.5 -1.43652e-13 0)
(1.5 -2.65709e-13 0)
(1.5 -1.76395e-13 0)
(1.5 -9.66741e-14 0)
(1.5 -1.2087e-13 0)
(1.5 -2.4205e-13 0)
(1.5 -2.67861e-13 0)
(1.5 -1.66688e-13 0)
(1.5 -4.78349e-14 0)
(1.5 -8.257e-15 0)
(1.5 -6.53117e-14 0)
(1.5 9.58277e-14 0)
(1.5 1.54316e-13 0)
(1.5 1.35156e-13 0)
(1.5 1.10296e-13 0)
(1.5 1.10788e-13 0)
(1.5 2.03134e-13 0)
(1.5 3.15914e-13 0)
(1.5 -2.07002e-14 0)
(1.5 -1.30658e-13 0)
(1.5 -1.71231e-13 0)
(1.5 -1.56668e-13 0)
(1.5 -5.15477e-14 0)
(1.5 7.96486e-14 0)
(1.5 1.59459e-13 0)
(1.5 2.11324e-13 0)
(1.5 1.93775e-13 0)
(1.5 2.34932e-13 0)
(1.5 2.21935e-13 0)
(1.5 2.31774e-13 0)
(1.5 2.20969e-13 0)
(1.5 1.68041e-13 0)
(1.5 7.32589e-14 0)
(1.5 -1.1138e-15 0)
(1.5 -1.13939e-13 0)
(1.5 -1.28203e-14 0)
(1.5 -1.36053e-15 0)
(1.5 1.29592e-13 0)
(1.5 1.71595e-13 0)
(1.5 2.08711e-13 0)
(1.5 2.76644e-13 0)
(1.5 3.10284e-13 0)
(1.5 4.14177e-13 0)
(1.5 4.31391e-13 0)
(1.5 3.65876e-13 0)
(1.5 3.24892e-13 0)
(1.5 3.01117e-13 0)
(1.5 3.5871e-13 0)
(1.5 2.7343e-13 0)
(1.5 1.87437e-13 0)
(1.5 1.43857e-13 0)
(1.5 7.36927e-14 0)
(1.5 7.36189e-15 0)
(1.5 2.66849e-14 0)
(1.5 -8.31254e-14 0)
(1.5 -7.12288e-14 0)
(1.5 -1.89853e-13 0)
(1.5 -2.43661e-13 0)
(1.5 -1.17484e-13 0)
(1.5 -3.29374e-14 0)
(1.5 8.44325e-15 0)
(1.5 1.22562e-13 0)
(1.5 1.20302e-13 0)
(1.5 1.16356e-13 0)
(1.5 8.0595e-14 0)
(1.5 1.05586e-13 0)
(1.5 1.41958e-13 0)
(1.5 8.33107e-14 0)
(1.5 -4.05342e-15 0)
(1.5 7.06558e-14 0)
(1.5 1.10234e-13 0)
(1.5 1.4551e-13 0)
(1.5 1.4164e-13 0)
(1.5 2.18577e-13 0)
(1.5 2.62518e-13 0)
(1.5 2.17111e-13 0)
(1.5 2.21208e-13 0)
(1.5 1.68422e-13 0)
(1.5 9.3507e-14 0)
(1.5 -5.82804e-15 0)
(1.5 -9.27694e-14 0)
(1.5 -1.40398e-13 0)
(1.5 -1.17221e-13 0)
(1.5 -1.01913e-13 0)
(1.5 -8.84071e-14 0)
(1.5 -2.99736e-14 0)
(1.5 -4.398e-14 0)
(1.5 -5.29014e-15 0)
(1.5 1.1417e-13 0)
(1.5 9.3695e-14 0)
(1.5 1.46079e-13 0)
(1.5 1.31952e-13 0)
(1.5 1.94836e-13 0)
(1.5 2.37228e-13 0)
(1.5 3.14804e-13 0)
(1.5 4.03639e-13 0)
(1.5 3.63936e-13 0)
(1.5 3.72205e-13 0)
(1.5 3.61309e-13 0)
(1.5 3.46121e-13 0)
(1.5 3.31696e-13 0)
(1.5 2.80547e-13 0)
(1.5 1.59216e-13 0)
(1.5 9.54012e-14 0)
(1.5 3.33832e-14 0)
(1.5 1.53265e-13 0)
(1.5 1.99716e-13 0)
(1.5 1.96495e-13 0)
(1.5 3.48281e-13 0)
(1.5 3.39187e-13 0)
(1.5 3.78605e-13 0)
(1.5 2.44724e-13 0)
(1.5 2.15401e-13 0)
(1.5 3.5255e-13 0)
(1.5 3.52853e-13 0)
(1.5 3.24491e-13 0)
(1.5 3.07327e-13 0)
(1.5 2.72416e-13 0)
(1.5 2.98878e-13 0)
(1.5 2.88379e-13 0)
(1.5 3.11528e-13 0)
(1.5 3.28664e-13 0)
(1.5 3.12751e-13 0)
(1.5 2.81365e-13 0)
(1.5 2.39314e-13 0)
(1.5 2.56186e-13 0)
(1.5 1.54146e-13 0)
(1.5 1.61412e-13 0)
(1.5 2.14662e-13 0)
(1.5 1.84584e-13 0)
(1.5 1.58179e-13 0)
(1.5 8.11157e-14 0)
(1.5 1.66147e-14 0)
(1.5 -3.87647e-14 0)
(1.5 -5.66462e-14 0)
(1.5 -1.22483e-13 0)
(1.5 -2.30698e-13 0)
(1.5 -1.48081e-13 0)
(1.5 -6.35371e-14 0)
(1.5 -4.20969e-14 0)
(1.5 -1.02045e-13 0)
(1.5 -2.02883e-13 0)
(1.5 -2.72023e-13 0)
(1.5 -1.4965e-13 0)
(1.5 -1.86619e-13 0)
(1.5 -1.2154e-13 0)
(1.5 -1.57028e-13 0)
(1.5 -2.04163e-13 0)
(1.5 -1.91328e-13 0)
(1.5 -2.39294e-13 0)
(1.5 -2.58362e-13 0)
(1.5 -1.843e-13 0)
(1.5 -9.86425e-14 0)
(1.5 -2.02799e-14 0)
(1.5 7.6354e-14 0)
(1.5 5.71702e-14 0)
(1.5 -3.94015e-15 0)
(1.5 -4.41552e-14 0)
(1.5 -4.63473e-14 0)
(1.5 -9.42331e-14 0)
(1.5 2.33901e-14 0)
(1.5 1.3588e-13 0)
(1.5 1.85704e-13 0)
(1.5 2.94893e-13 0)
(1.5 3.24079e-13 0)
(1.5 2.86901e-13 0)
(1.5 2.57927e-13 0)
(1.5 2.21368e-13 0)
(1.5 2.1777e-13 0)
(1.5 9.12248e-14 0)
(1.5 -9.79961e-14 0)
(1.5 -2.86117e-13 0)
(1.5 -4.40437e-13 0)
(1.5 -3.61238e-13 0)
(1.5 -3.54709e-13 0)
(1.5 -2.92494e-13 0)
(1.5 -2.53089e-13 0)
(1.5 -1.63392e-13 0)
(1.5 -1.76169e-13 0)
(1.5 -1.60015e-13 0)
(1.5 -5.66216e-14 0)
(1.5 5.94337e-14 0)
(1.5 1.24126e-13 0)
(1.5 9.74616e-14 0)
(1.5 9.17442e-14 0)
(1.5 -6.40032e-14 0)
(1.5 -9.77892e-14 0)
(1.5 -1.48813e-13 0)
(1.5 -4.30976e-14 0)
(1.5 -1.29153e-15 0)
(1.5 2.64612e-15 0)
(1.5 3.36089e-14 0)
(1.5 -1.33475e-14 0)
(1.5 -6.17401e-15 0)
(1.5 -1.22035e-13 0)
(1.5 -1.63875e-13 0)
(1.5 -5.92017e-14 0)
(1.5 -8.17201e-14 0)
(1.5 3.4202e-14 0)
(1.5 7.32568e-14 0)
(1.5 -5.45026e-16 0)
(1.5 -7.91226e-15 0)
(1.5 -9.98218e-14 0)
(1.5 -1.3088e-13 0)
(1.5 -2.11541e-13 0)
(1.5 -2.54889e-13 0)
(1.5 -2.713e-13 0)
(1.5 -1.56457e-13 0)
(1.5 -5.60729e-14 0)
(1.5 2.69898e-14 0)
(1.5 7.26322e-14 0)
(1.5 1.78254e-13 0)
(1.5 2.26265e-13 0)
(1.5 3.21873e-13 0)
(1.5 3.5904e-13 0)
(1.5 3.67751e-13 0)
(1.5 3.19983e-13 0)
(1.5 2.77519e-13 0)
(1.5 -1.44224e-14 0)
(1.5 -7.6723e-14 0)
(1.5 -1.44484e-13 0)
(1.5 -1.62184e-13 0)
(1.5 -8.31128e-14 0)
(1.5 9.23519e-14 0)
(1.5 1.49155e-13 0)
(1.5 3.00837e-13 0)
(1.5 2.96936e-13 0)
(1.5 3.62495e-13 0)
(1.5 3.15768e-13 0)
(1.5 2.98612e-13 0)
(1.5 2.91446e-13 0)
(1.5 2.07923e-13 0)
(1.5 1.5315e-13 0)
(1.5 7.1968e-14 0)
(1.5 -3.54701e-14 0)
(1.5 2.55996e-14 0)
(1.5 2.586e-14 0)
(1.5 4.48784e-14 0)
(1.5 1.36338e-13 0)
(1.5 1.77166e-13 0)
(1.5 2.67798e-13 0)
(1.5 3.27884e-13 0)
(1.5 3.83137e-13 0)
(1.5 4.52851e-13 0)
(1.5 4.14746e-13 0)
(1.5 4.00147e-13 0)
(1.5 3.3099e-13 0)
(1.5 3.31558e-13 0)
(1.5 2.00013e-13 0)
(1.5 1.73377e-13 0)
(1.5 1.44291e-13 0)
(1.5 8.97977e-14 0)
(1.5 2.71746e-14 0)
(1.5 -4.08253e-14 0)
(1.5 -1.48113e-13 0)
(1.5 -1.75931e-13 0)
(1.5 -2.95786e-13 0)
(1.5 -2.38159e-13 0)
(1.5 -1.45035e-13 0)
(1.5 -9.84264e-14 0)
(1.5 -4.11052e-14 0)
(1.5 4.93034e-14 0)
(1.5 8.86977e-14 0)
(1.5 8.13939e-14 0)
(1.5 2.9048e-14 0)
(1.5 7.87291e-15 0)
(1.5 -3.78262e-14 0)
(1.5 -6.96662e-14 0)
(1.5 -1.14883e-13 0)
(1.5 -1.39674e-13 0)
(1.5 -1.10662e-13 0)
(1.5 -2.75278e-14 0)
(1.5 -1.63143e-14 0)
(1.5 8.20062e-14 0)
(1.5 1.5417e-13 0)
(1.5 1.12488e-13 0)
(1.5 1.15845e-13 0)
(1.5 1.59328e-13 0)
(1.5 1.28164e-13 0)
(1.5 3.2097e-14 0)
(1.5 -4.85455e-14 0)
(1.5 -6.98454e-14 0)
(1.5 -1.05007e-13 0)
(1.5 -9.00736e-14 0)
(1.5 -8.03791e-14 0)
(1.5 -3.03452e-14 0)
(1.5 -8.96747e-14 0)
(1.5 -8.8616e-14 0)
(1.5 -2.6622e-14 0)
(1.5 -4.29611e-14 0)
(1.5 6.71431e-14 0)
(1.5 1.32541e-13 0)
(1.5 2.12104e-13 0)
(1.5 2.24766e-13 0)
(1.5 2.18146e-13 0)
(1.5 3.65831e-13 0)
(1.5 3.67035e-13 0)
(1.5 3.82597e-13 0)
(1.5 3.25857e-13 0)
(1.5 3.34681e-13 0)
(1.5 3.29209e-13 0)
(1.5 3.42447e-13 0)
(1.5 1.95995e-13 0)
(1.5 5.63679e-14 0)
(1.5 -2.55112e-14 0)
(1.5 1.45181e-13 0)
(1.5 1.68574e-13 0)
(1.5 1.81354e-13 0)
(1.5 4.08804e-13 0)
(1.5 5.14983e-13 0)
(1.5 6.12059e-13 0)
(1.5 4.445e-13 0)
(1.5 3.80108e-13 0)
(1.5 4.25073e-13 0)
(1.5 3.9404e-13 0)
(1.5 3.5885e-13 0)
(1.5 3.35161e-13 0)
(1.5 2.63127e-13 0)
(1.5 2.67043e-13 0)
(1.5 2.24588e-13 0)
(1.5 2.16211e-13 0)
(1.5 2.01609e-13 0)
(1.5 1.95495e-13 0)
(1.5 2.28142e-13 0)
(1.5 1.89667e-13 0)
(1.5 2.67911e-13 0)
(1.5 2.2331e-13 0)
(1.5 1.22797e-13 0)
(1.5 1.80703e-13 0)
(1.5 1.6765e-13 0)
(1.5 1.57994e-13 0)
(1.5 5.6819e-14 0)
(1.5 -6.85702e-14 0)
(1.5 -9.19617e-14 0)
(1.5 -9.45203e-14 0)
(1.5 -1.10972e-13 0)
(1.5 -1.36895e-13 0)
(1.5 -7.0426e-14 0)
(1.5 -2.80673e-14 0)
(1.5 -4.99072e-14 0)
(1.5 -1.48897e-13 0)
(1.5 -2.46237e-13 0)
(1.5 -2.45263e-13 0)
(1.5 -7.21846e-14 0)
(1.5 -1.0275e-13 0)
(1.5 -7.37117e-14 0)
(1.5 -1.14067e-13 0)
(1.5 -1.73123e-13 0)
(1.5 -2.3369e-13 0)
(1.5 -2.66449e-13 0)
(1.5 -1.77063e-13 0)
(1.5 -1.3699e-13 0)
(1.5 -7.59216e-14 0)
(1.5 6.92562e-14 0)
(1.5 1.80936e-13 0)
(1.5 1.29061e-13 0)
(1.5 4.34089e-14 0)
(1.5 -2.57963e-14 0)
(1.5 -7.14156e-14 0)
(1.5 -7.95413e-14 0)
(1.5 9.10464e-14 0)
(1.5 1.9976e-13 0)
(1.5 1.94222e-13 0)
(1.5 1.66146e-13 0)
(1.5 1.26229e-13 0)
(1.5 1.09455e-13 0)
(1.5 9.38793e-14 0)
(1.5 5.38351e-14 0)
(1.5 6.05949e-14 0)
(1.5 -4.93139e-14 0)
(1.5 -1.41277e-13 0)
(1.5 -1.90129e-13 0)
(1.5 -2.74605e-13 0)
(1.5 -2.59509e-13 0)
(1.5 -2.64739e-13 0)
(1.5 -1.71586e-13 0)
(1.5 -1.57931e-13 0)
(1.5 -1.4004e-13 0)
(1.5 -1.81458e-13 0)
(1.5 -2.29362e-13 0)
(1.5 -9.70246e-14 0)
(1.5 1.07814e-13 0)
(1.5 2.0909e-13 0)
(1.5 2.05886e-13 0)
(1.5 1.88437e-13 0)
(1.5 6.81419e-15 0)
(1.5 -2.89349e-14 0)
(1.5 -2.01529e-14 0)
(1.5 3.73044e-14 0)
(1.5 4.96303e-14 0)
(1.5 9.42511e-14 0)
(1.5 4.23859e-14 0)
(1.5 -2.80614e-14 0)
(1.5 -6.2384e-14 0)
(1.5 -1.90504e-13 0)
(1.5 -1.18497e-13 0)
(1.5 -6.25088e-14 0)
(1.5 -1.10328e-13 0)
(1.5 -1.74378e-14 0)
(1.5 -3.71341e-14 0)
(1.5 5.08678e-14 0)
(1.5 1.43078e-13 0)
(1.5 6.44787e-14 0)
(1.5 -3.17446e-14 0)
(1.5 -9.69329e-14 0)
(1.5 -5.84432e-14 0)
(1.5 -4.20584e-14 0)
(1.5 -1.03e-13 0)
(1.5 -1.12112e-13 0)
(1.5 -2.86956e-14 0)
(1.5 1.83882e-13 0)
(1.5 3.3127e-13 0)
(1.5 3.09268e-13 0)
(1.5 4.28934e-13 0)
(1.5 5.57088e-13 0)
(1.5 5.69273e-13 0)
(1.5 4.64042e-13 0)
(1.5 3.82151e-13 0)
(1.5 -1.20433e-14 0)
(1.5 -6.9535e-14 0)
(1.5 -8.72938e-14 0)
(1.5 -1.29271e-13 0)
(1.5 -1.23276e-13 0)
(1.5 5.8723e-15 0)
(1.5 7.52427e-14 0)
(1.5 1.52473e-13 0)
(1.5 2.37294e-13 0)
(1.5 3.19509e-13 0)
(1.5 2.60792e-13 0)
(1.5 2.21322e-13 0)
(1.5 2.09589e-13 0)
(1.5 1.64304e-13 0)
(1.5 1.57107e-13 0)
(1.5 1.32161e-13 0)
(1.5 7.88978e-14 0)
(1.5 3.99624e-14 0)
(1.5 4.52693e-14 0)
(1.5 5.9606e-14 0)
(1.5 9.92575e-14 0)
(1.5 1.26089e-13 0)
(1.5 2.17131e-13 0)
(1.5 2.94186e-13 0)
(1.5 3.39565e-13 0)
(1.5 3.82174e-13 0)
(1.5 3.43533e-13 0)
(1.5 3.6455e-13 0)
(1.5 3.56337e-13 0)
(1.5 2.55e-13 0)
(1.5 1.48799e-13 0)
(1.5 1.92809e-13 0)
(1.5 1.52246e-13 0)
(1.5 1.26343e-13 0)
(1.5 3.54336e-14 0)
(1.5 -9.52271e-14 0)
(1.5 -1.34462e-13 0)
(1.5 -1.30229e-13 0)
(1.5 -1.5735e-13 0)
(1.5 -1.76183e-13 0)
(1.5 -1.51999e-13 0)
(1.5 -1.3271e-13 0)
(1.5 -7.78197e-14 0)
(1.5 -2.88728e-14 0)
(1.5 5.2778e-14 0)
(1.5 8.51582e-14 0)
(1.5 1.06165e-13 0)
(1.5 1.49653e-14 0)
(1.5 -4.67114e-14 0)
(1.5 -5.66975e-14 0)
(1.5 -7.95796e-14 0)
(1.5 -1.65687e-13 0)
(1.5 -2.08674e-13 0)
(1.5 -1.4239e-13 0)
(1.5 -9.4038e-14 0)
(1.5 -4.74556e-14 0)
(1.5 -2.50676e-14 0)
(1.5 -5.40953e-15 0)
(1.5 3.08347e-14 0)
(1.5 8.12647e-14 0)
(1.5 1.25641e-13 0)
(1.5 1.3199e-13 0)
(1.5 1.11323e-13 0)
(1.5 9.14392e-14 0)
(1.5 3.46662e-14 0)
(1.5 1.3226e-14 0)
(1.5 3.43518e-14 0)
(1.5 5.26029e-14 0)
(1.5 3.84461e-14 0)
(1.5 -1.52436e-14 0)
(1.5 -8.16853e-14 0)
(1.5 -2.5479e-14 0)
(1.5 6.85893e-14 0)
(1.5 9.51262e-14 0)
(1.5 1.30247e-13 0)
(1.5 1.45717e-13 0)
(1.5 1.38439e-13 0)
(1.5 2.59899e-13 0)
(1.5 2.97371e-13 0)
(1.5 2.48392e-13 0)
(1.5 2.12938e-13 0)
(1.5 1.62722e-13 0)
(1.5 1.84928e-13 0)
(1.5 2.15915e-13 0)
(1.5 1.51851e-13 0)
(1.5 9.76855e-14 0)
(1.5 1.06653e-13 0)
(1.5 1.94806e-13 0)
(1.5 2.0282e-13 0)
(1.5 2.24519e-13 0)
(1.5 2.96922e-13 0)
(1.5 4.36234e-13 0)
(1.5 5.28746e-13 0)
(1.5 4.77556e-13 0)
(1.5 4.49914e-13 0)
(1.5 4.93418e-13 0)
(1.5 4.92222e-13 0)
(1.5 4.27379e-13 0)
(1.5 3.16247e-13 0)
(1.5 3.09939e-13 0)
(1.5 3.05418e-13 0)
(1.5 3.17008e-13 0)
(1.5 2.43085e-13 0)
(1.5 1.64107e-13 0)
(1.5 2.04486e-13 0)
(1.5 2.44506e-13 0)
(1.5 1.78132e-13 0)
(1.5 1.98468e-13 0)
(1.5 2.07169e-13 0)
(1.5 1.47763e-13 0)
(1.5 1.27065e-13 0)
(1.5 8.57689e-14 0)
(1.5 1.02214e-13 0)
(1.5 4.45346e-14 0)
(1.5 -6.25791e-14 0)
(1.5 -1.64079e-13 0)
(1.5 -2.42942e-13 0)
(1.5 -2.32441e-13 0)
(1.5 -1.35791e-13 0)
(1.5 -4.47799e-14 0)
(1.5 1.83905e-14 0)
(1.5 -3.75539e-14 0)
(1.5 -8.49551e-14 0)
(1.5 -1.89379e-13 0)
(1.5 -2.14331e-13 0)
(1.5 -1.8989e-13 0)
(1.5 -2.24298e-13 0)
(1.5 -1.28918e-13 0)
(1.5 -6.99264e-14 0)
(1.5 -1.12159e-13 0)
(1.5 -1.11921e-13 0)
(1.5 -9.41034e-14 0)
(1.5 5.34174e-15 0)
(1.5 4.37887e-15 0)
(1.5 7.10652e-14 0)
(1.5 1.98327e-13 0)
(1.5 2.64549e-13 0)
(1.5 3.01716e-13 0)
(1.5 2.41911e-13 0)
(1.5 1.49382e-13 0)
(1.5 8.8373e-14 0)
(1.5 1.5037e-13 0)
(1.5 3.09292e-13 0)
(1.5 3.49455e-13 0)
(1.5 2.78931e-13 0)
(1.5 1.56789e-13 0)
(1.5 6.30258e-14 0)
(1.5 -1.11988e-14 0)
(1.5 -2.48412e-14 0)
(1.5 -3.11219e-14 0)
(1.5 -6.19612e-14 0)
(1.5 -1.01103e-13 0)
(1.5 -1.55499e-13 0)
(1.5 -1.1635e-13 0)
(1.5 -1.38683e-13 0)
(1.5 -1.0107e-13 0)
(1.5 -1.51386e-13 0)
(1.5 -1.44365e-13 0)
(1.5 -1.2195e-13 0)
(1.5 -1.46621e-13 0)
(1.5 -1.36083e-13 0)
(1.5 -1.26352e-13 0)
(1.5 -1.91188e-14 0)
(1.5 2.22848e-13 0)
(1.5 3.41001e-13 0)
(1.5 3.55853e-13 0)
(1.5 2.31988e-13 0)
(1.5 1.11447e-13 0)
(1.5 1.39925e-13 0)
(1.5 7.31657e-14 0)
(1.5 9.98387e-14 0)
(1.5 1.00074e-13 0)
(1.5 1.42304e-13 0)
(1.5 -2.4775e-14 0)
(1.5 -8.49085e-14 0)
(1.5 -1.62407e-13 0)
(1.5 -1.79714e-13 0)
(1.5 -1.28796e-13 0)
(1.5 -6.283e-14 0)
(1.5 -1.32704e-14 0)
(1.5 -1.07129e-14 0)
(1.5 -5.30904e-14 0)
(1.5 -3.65847e-15 0)
(1.5 6.61406e-14 0)
(1.5 9.46422e-14 0)
(1.5 5.35265e-14 0)
(1.5 4.60585e-14 0)
(1.5 5.49949e-14 0)
(1.5 1.24865e-13 0)
(1.5 4.2946e-14 0)
(1.5 6.19587e-15 0)
(1.5 2.7084e-14 0)
(1.5 2.97442e-13 0)
(1.5 4.64225e-13 0)
(1.5 4.88983e-13 0)
(1.5 5.57375e-13 0)
(1.5 7.32697e-13 0)
(1.5 7.32248e-13 0)
(1.5 6.47968e-13 0)
(1.5 5.57722e-13 0)
(1.5 -8.15025e-15 0)
(1.5 -6.37097e-14 0)
(1.5 -1.04688e-13 0)
(1.5 -1.56215e-13 0)
(1.5 -1.52163e-13 0)
(1.5 -6.59587e-14 0)
(1.5 3.90619e-14 0)
(1.5 5.70445e-14 0)
(1.5 1.64774e-13 0)
(1.5 2.37088e-13 0)
(1.5 2.67505e-13 0)
(1.5 1.8712e-13 0)
(1.5 1.41369e-13 0)
(1.5 1.36432e-13 0)
(1.5 1.42482e-13 0)
(1.5 1.78522e-13 0)
(1.5 1.65044e-13 0)
(1.5 9.62472e-14 0)
(1.5 1.15012e-13 0)
(1.5 1.36333e-13 0)
(1.5 5.82968e-14 0)
(1.5 7.16244e-14 0)
(1.5 9.86606e-14 0)
(1.5 1.73772e-13 0)
(1.5 2.16537e-13 0)
(1.5 2.39346e-13 0)
(1.5 2.23287e-13 0)
(1.5 2.95226e-13 0)
(1.5 3.41646e-13 0)
(1.5 2.38995e-13 0)
(1.5 1.75721e-13 0)
(1.5 1.86859e-13 0)
(1.5 1.46718e-13 0)
(1.5 1.06057e-13 0)
(1.5 1.05374e-14 0)
(1.5 -8.667e-14 0)
(1.5 -8.66127e-14 0)
(1.5 -9.10926e-14 0)
(1.5 -4.36044e-14 0)
(1.5 -1.19347e-13 0)
(1.5 -1.7921e-13 0)
(1.5 -1.58709e-13 0)
(1.5 -1.24241e-13 0)
(1.5 -1.05815e-13 0)
(1.5 -8.38947e-14 0)
(1.5 -4.5355e-14 0)
(1.5 -1.43158e-15 0)
(1.5 2.67561e-14 0)
(1.5 4.51061e-14 0)
(1.5 4.98862e-14 0)
(1.5 6.77797e-15 0)
(1.5 -6.02718e-14 0)
(1.5 -1.26191e-13 0)
(1.5 -1.38076e-13 0)
(1.5 -1.16045e-13 0)
(1.5 -1.03782e-13 0)
(1.5 -1.17945e-13 0)
(1.5 -7.55613e-14 0)
(1.5 -1.5611e-14 0)
(1.5 -4.6627e-14 0)
(1.5 -3.36967e-14 0)
(1.5 3.09828e-14 0)
(1.5 5.72774e-14 0)
(1.5 3.026e-14 0)
(1.5 6.58129e-14 0)
(1.5 6.49115e-14 0)
(1.5 5.87412e-14 0)
(1.5 1.96544e-14 0)
(1.5 3.78743e-14 0)
(1.5 6.70411e-14 0)
(1.5 -2.38761e-14 0)
(1.5 7.07595e-14 0)
(1.5 9.86977e-14 0)
(1.5 1.15045e-13 0)
(1.5 1.36773e-13 0)
(1.5 1.56118e-13 0)
(1.5 1.58934e-13 0)
(1.5 1.62458e-13 0)
(1.5 2.04159e-13 0)
(1.5 1.78057e-13 0)
(1.5 1.4772e-13 0)
(1.5 1.34806e-13 0)
(1.5 2.16334e-13 0)
(1.5 1.99188e-13 0)
(1.5 1.09374e-13 0)
(1.5 1.55843e-13 0)
(1.5 2.07479e-13 0)
(1.5 2.19815e-13 0)
(1.5 2.31348e-13 0)
(1.5 2.82894e-13 0)
(1.5 2.03586e-13 0)
(1.5 2.60323e-13 0)
(1.5 3.13667e-13 0)
(1.5 3.71591e-13 0)
(1.5 3.80743e-13 0)
(1.5 4.09823e-13 0)
(1.5 4.55435e-13 0)
(1.5 3.87315e-13 0)
(1.5 3.49431e-13 0)
(1.5 4.21453e-13 0)
(1.5 4.13482e-13 0)
(1.5 3.55626e-13 0)
(1.5 2.39506e-13 0)
(1.5 2.04539e-13 0)
(1.5 2.92311e-13 0)
(1.5 3.27646e-13 0)
(1.5 3.04049e-13 0)
(1.5 2.8017e-13 0)
(1.5 2.35157e-13 0)
(1.5 2.26207e-13 0)
(1.5 1.12658e-13 0)
(1.5 3.99991e-14 0)
(1.5 -1.86061e-14 0)
(1.5 -2.91307e-14 0)
(1.5 4.79566e-15 0)
(1.5 -9.21749e-14 0)
(1.5 -2.13109e-13 0)
(1.5 -1.85309e-13 0)
(1.5 -1.23977e-13 0)
(1.5 -9.09314e-14 0)
(1.5 -8.77926e-14 0)
(1.5 -1.71241e-13 0)
(1.5 -1.31139e-13 0)
(1.5 -1.54534e-13 0)
(1.5 -1.62589e-13 0)
(1.5 -1.86075e-13 0)
(1.5 -2.72221e-13 0)
(1.5 -1.95919e-13 0)
(1.5 -1.37836e-13 0)
(1.5 -1.05314e-13 0)
(1.5 -7.81931e-14 0)
(1.5 -8.79273e-14 0)
(1.5 4.99869e-14 0)
(1.5 6.61715e-14 0)
(1.5 6.47607e-14 0)
(1.5 1.81815e-13 0)
(1.5 2.45443e-13 0)
(1.5 3.06826e-13 0)
(1.5 2.58248e-13 0)
(1.5 2.353e-13 0)
(1.5 1.74157e-13 0)
(1.5 1.55092e-13 0)
(1.5 1.91404e-13 0)
(1.5 2.4706e-13 0)
(1.5 1.4815e-13 0)
(1.5 4.74809e-14 0)
(1.5 2.66716e-15 0)
(1.5 -1.79253e-13 0)
(1.5 -2.18483e-13 0)
(1.5 -1.55459e-13 0)
(1.5 -1.82422e-13 0)
(1.5 -1.78206e-13 0)
(1.5 -7.03856e-14 0)
(1.5 -5.80174e-14 0)
(1.5 -1.07158e-13 0)
(1.5 -7.10406e-14 0)
(1.5 -8.90429e-14 0)
(1.5 -2.04589e-13 0)
(1.5 -2.55681e-13 0)
(1.5 -2.83375e-13 0)
(1.5 -1.75083e-13 0)
(1.5 -4.13388e-14 0)
(1.5 1.15291e-14 0)
(1.5 1.81222e-13 0)
(1.5 2.79916e-13 0)
(1.5 2.89714e-13 0)
(1.5 1.74844e-13 0)
(1.5 2.0819e-13 0)
(1.5 2.66213e-13 0)
(1.5 2.25141e-13 0)
(1.5 1.34708e-13 0)
(1.5 4.35775e-14 0)
(1.5 1.13756e-14 0)
(1.5 -2.28954e-13 0)
(1.5 -2.40734e-13 0)
(1.5 -3.07714e-13 0)
(1.5 -2.39389e-13 0)
(1.5 -1.74621e-13 0)
(1.5 -9.34645e-14 0)
(1.5 -8.59137e-14 0)
(1.5 -1.19771e-13 0)
(1.5 -1.10453e-13 0)
(1.5 -1.00296e-13 0)
(1.5 -6.84188e-14 0)
(1.5 4.89492e-15 0)
(1.5 2.26752e-14 0)
(1.5 2.39218e-14 0)
(1.5 2.53893e-14 0)
(1.5 7.17527e-14 0)
(1.5 1.20612e-13 0)
(1.5 2.206e-13 0)
(1.5 2.2511e-13 0)
(1.5 3.68076e-13 0)
(1.5 4.70273e-13 0)
(1.5 5.73663e-13 0)
(1.5 6.20419e-13 0)
(1.5 6.53241e-13 0)
(1.5 7.1167e-13 0)
(1.5 6.74057e-13 0)
(1.5 6.33446e-13 0)
(1.5 6.58271e-15 0)
(1.5 -7.88937e-14 0)
(1.5 -1.24768e-13 0)
(1.5 -1.8693e-13 0)
(1.5 -2.16583e-13 0)
(1.5 -1.26813e-13 0)
(1.5 -3.39265e-14 0)
(1.5 4.1675e-14 0)
(1.5 8.73888e-14 0)
(1.5 1.64091e-13 0)
(1.5 2.86955e-13 0)
(1.5 2.02424e-13 0)
(1.5 1.84125e-13 0)
(1.5 2.22963e-13 0)
(1.5 2.40001e-13 0)
(1.5 2.71887e-13 0)
(1.5 2.76696e-13 0)
(1.5 2.57473e-13 0)
(1.5 2.55152e-13 0)
(1.5 1.6343e-13 0)
(1.5 1.09995e-13 0)
(1.5 8.78277e-14 0)
(1.5 1.00001e-13 0)
(1.5 1.58178e-13 0)
(1.5 1.61413e-13 0)
(1.5 1.71945e-13 0)
(1.5 1.92087e-13 0)
(1.5 2.34918e-13 0)
(1.5 2.74601e-13 0)
(1.5 2.73072e-13 0)
(1.5 2.78744e-13 0)
(1.5 2.15522e-13 0)
(1.5 1.77279e-13 0)
(1.5 1.35915e-13 0)
(1.5 9.92679e-14 0)
(1.5 3.25031e-14 0)
(1.5 4.41281e-14 0)
(1.5 1.79713e-14 0)
(1.5 5.53643e-14 0)
(1.5 7.35506e-15 0)
(1.5 -8.53536e-14 0)
(1.5 -1.13385e-13 0)
(1.5 -6.59531e-14 0)
(1.5 -8.34132e-14 0)
(1.5 -1.42806e-13 0)
(1.5 -1.06446e-13 0)
(1.5 -1.1398e-13 0)
(1.5 2.13025e-17 0)
(1.5 6.90034e-14 0)
(1.5 9.89004e-14 0)
(1.5 9.35267e-14 0)
(1.5 3.70911e-14 0)
(1.5 -8.23255e-15 0)
(1.5 -7.33297e-14 0)
(1.5 -3.88262e-14 0)
(1.5 -6.29766e-14 0)
(1.5 -8.33976e-14 0)
(1.5 -4.91171e-14 0)
(1.5 -3.6075e-14 0)
(1.5 -7.75205e-14 0)
(1.5 -1.26986e-13 0)
(1.5 -6.85011e-14 0)
(1.5 -3.77621e-15 0)
(1.5 3.23373e-14 0)
(1.5 1.03538e-13 0)
(1.5 8.67523e-14 0)
(1.5 8.92951e-14 0)
(1.5 -6.28054e-15 0)
(1.5 1.29856e-14 0)
(1.5 9.36494e-14 0)
(1.5 8.90526e-14 0)
(1.5 1.34961e-13 0)
(1.5 1.21444e-13 0)
(1.5 1.91513e-13 0)
(1.5 2.65568e-13 0)
(1.5 3.07114e-13 0)
(1.5 3.51207e-13 0)
(1.5 2.73497e-13 0)
(1.5 2.30957e-13 0)
(1.5 2.5502e-13 0)
(1.5 2.79756e-13 0)
(1.5 2.51877e-13 0)
(1.5 2.59846e-13 0)
(1.5 2.28694e-13 0)
(1.5 2.12751e-13 0)
(1.5 2.71447e-13 0)
(1.5 3.27807e-13 0)
(1.5 2.6432e-13 0)
(1.5 2.28956e-13 0)
(1.5 2.54885e-13 0)
(1.5 1.64821e-13 0)
(1.5 5.48101e-14 0)
(1.5 5.35268e-14 0)
(1.5 7.06564e-14 0)
(1.5 9.38052e-14 0)
(1.5 1.21547e-13 0)
(1.5 2.34119e-13 0)
(1.5 2.38393e-13 0)
(1.5 3.06551e-13 0)
(1.5 4.21935e-13 0)
(1.5 4.55629e-13 0)
(1.5 3.29188e-13 0)
(1.5 1.9221e-13 0)
(1.5 1.72829e-13 0)
(1.5 2.80217e-13 0)
(1.5 3.5372e-13 0)
(1.5 3.46918e-13 0)
(1.5 2.46055e-13 0)
(1.5 1.96426e-13 0)
(1.5 1.8656e-13 0)
(1.5 1.08086e-13 0)
(1.5 5.2156e-14 0)
(1.5 -5.09926e-14 0)
(1.5 -1.16723e-13 0)
(1.5 -6.73687e-14 0)
(1.5 -4.72078e-14 0)
(1.5 -9.20379e-14 0)
(1.5 -5.26059e-14 0)
(1.5 -6.50783e-14 0)
(1.5 -9.83796e-14 0)
(1.5 -1.25034e-13 0)
(1.5 -1.68353e-13 0)
(1.5 -2.23434e-13 0)
(1.5 -1.99874e-13 0)
(1.5 -1.7424e-13 0)
(1.5 -2.21472e-13 0)
(1.5 -2.48894e-13 0)
(1.5 -2.99715e-13 0)
(1.5 -2.74729e-13 0)
(1.5 -1.84304e-13 0)
(1.5 -1.4973e-13 0)
(1.5 -1.59041e-13 0)
(1.5 -3.45255e-14 0)
(1.5 8.31903e-14 0)
(1.5 4.91918e-14 0)
(1.5 6.22321e-14 0)
(1.5 7.32552e-14 0)
(1.5 1.76033e-13 0)
(1.5 1.95638e-13 0)
(1.5 1.76591e-13 0)
(1.5 1.16135e-13 0)
(1.5 2.45582e-14 0)
(1.5 -1.99787e-14 0)
(1.5 -4.78335e-15 0)
(1.5 -3.5756e-15 0)
(1.5 3.2837e-14 0)
(1.5 -6.11712e-14 0)
(1.5 -2.29994e-13 0)
(1.5 -2.79905e-13 0)
(1.5 -2.71565e-13 0)
(1.5 -2.8303e-13 0)
(1.5 -2.5046e-13 0)
(1.5 -4.58174e-14 0)
(1.5 -4.41275e-14 0)
(1.5 -5.38125e-14 0)
(1.5 -9.76731e-14 0)
(1.5 -6.83483e-14 0)
(1.5 -1.63176e-13 0)
(1.5 -2.72535e-13 0)
(1.5 -2.82122e-13 0)
(1.5 -1.87522e-13 0)
(1.5 -7.39942e-14 0)
(1.5 -1.1011e-14 0)
(1.5 4.96167e-14 0)
(1.5 1.48342e-13 0)
(1.5 1.9318e-13 0)
(1.5 1.73884e-13 0)
(1.5 3.06803e-13 0)
(1.5 3.67782e-13 0)
(1.5 3.69487e-13 0)
(1.5 1.53569e-13 0)
(1.5 -8.99975e-14 0)
(1.5 -2.29513e-13 0)
(1.5 -3.32864e-13 0)
(1.5 -2.99716e-13 0)
(1.5 -2.91442e-13 0)
(1.5 -2.94347e-13 0)
(1.5 -2.04277e-13 0)
(1.5 -1.39765e-13 0)
(1.5 -1.71679e-13 0)
(1.5 -2.00286e-13 0)
(1.5 -1.32882e-13 0)
(1.5 -6.57003e-14 0)
(1.5 1.77359e-15 0)
(1.5 3.87251e-14 0)
(1.5 6.96731e-14 0)
(1.5 6.88898e-14 0)
(1.5 8.18844e-14 0)
(1.5 1.39034e-13 0)
(1.5 2.57401e-13 0)
(1.5 3.4703e-13 0)
(1.5 3.80022e-13 0)
(1.5 4.75084e-13 0)
(1.5 4.53881e-13 0)
(1.5 4.90639e-13 0)
(1.5 4.83121e-13 0)
(1.5 3.89778e-13 0)
(1.5 4.8065e-13 0)
(1.5 5.6924e-13 0)
(1.5 6.07028e-13 0)
(1.5 -4.59965e-14 0)
(1.5 -6.55709e-14 0)
(1.5 -9.33308e-14 0)
(1.5 -2.11317e-13 0)
(1.5 -2.51087e-13 0)
(1.5 -2.3436e-13 0)
(1.5 -1.6386e-13 0)
(1.5 -6.10619e-14 0)
(1.5 1.38013e-14 0)
(1.5 8.57688e-14 0)
(1.5 1.47277e-13 0)
(1.5 1.57555e-13 0)
(1.5 2.15195e-13 0)
(1.5 2.5248e-13 0)
(1.5 2.57832e-13 0)
(1.5 3.03325e-13 0)
(1.5 3.77406e-13 0)
(1.5 3.37706e-13 0)
(1.5 2.6777e-13 0)
(1.5 1.45177e-13 0)
(1.5 1.30045e-13 0)
(1.5 1.04815e-13 0)
(1.5 1.51414e-13 0)
(1.5 1.95289e-13 0)
(1.5 1.76326e-13 0)
(1.5 1.07981e-13 0)
(1.5 1.29198e-13 0)
(1.5 1.16395e-13 0)
(1.5 1.42462e-13 0)
(1.5 2.05892e-13 0)
(1.5 2.71642e-13 0)
(1.5 2.9977e-13 0)
(1.5 2.98033e-13 0)
(1.5 2.01319e-13 0)
(1.5 1.39548e-13 0)
(1.5 7.64928e-14 0)
(1.5 6.2452e-14 0)
(1.5 3.1427e-14 0)
(1.5 5.90397e-14 0)
(1.5 6.16958e-14 0)
(1.5 1.42506e-14 0)
(1.5 -2.71116e-14 0)
(1.5 -1.08694e-14 0)
(1.5 -5.39474e-14 0)
(1.5 -1.12769e-13 0)
(1.5 -1.00439e-13 0)
(1.5 -9.4435e-14 0)
(1.5 -3.58711e-14 0)
(1.5 6.13473e-15 0)
(1.5 2.7044e-14 0)
(1.5 4.39778e-14 0)
(1.5 5.95372e-14 0)
(1.5 6.14691e-14 0)
(1.5 5.33077e-14 0)
(1.5 1.52435e-14 0)
(1.5 -3.47688e-14 0)
(1.5 -2.57592e-14 0)
(1.5 -5.27135e-14 0)
(1.5 -4.18135e-14 0)
(1.5 -3.11811e-14 0)
(1.5 -4.47339e-14 0)
(1.5 1.10503e-14 0)
(1.5 3.56981e-14 0)
(1.5 8.22517e-14 0)
(1.5 1.09828e-13 0)
(1.5 9.99903e-14 0)
(1.5 9.69789e-14 0)
(1.5 6.05918e-14 0)
(1.5 9.93027e-14 0)
(1.5 7.21633e-14 0)
(1.5 6.6797e-14 0)
(1.5 3.65977e-14 0)
(1.5 5.011e-14 0)
(1.5 1.10459e-13 0)
(1.5 2.35584e-13 0)
(1.5 3.08192e-13 0)
(1.5 3.9791e-13 0)
(1.5 4.09486e-13 0)
(1.5 3.10761e-13 0)
(1.5 2.54343e-13 0)
(1.5 2.70917e-13 0)
(1.5 2.36973e-13 0)
(1.5 2.23117e-13 0)
(1.5 2.37977e-13 0)
(1.5 2.89105e-13 0)
(1.5 3.0831e-13 0)
(1.5 3.28641e-13 0)
(1.5 2.33085e-13 0)
(1.5 2.32716e-13 0)
(1.5 1.80002e-13 0)
(1.5 1.20197e-13 0)
(1.5 -4.35348e-14 0)
(1.5 -1.09828e-13 0)
(1.5 -1.05855e-13 0)
(1.5 -1.28448e-14 0)
(1.5 7.83264e-14 0)
(1.5 2.36358e-13 0)
(1.5 2.89374e-13 0)
(1.5 2.60918e-13 0)
(1.5 3.3531e-13 0)
(1.5 4.35956e-13 0)
(1.5 4.14895e-13 0)
(1.5 3.13756e-13 0)
(1.5 2.71331e-13 0)
(1.5 2.84555e-13 0)
(1.5 3.19664e-13 0)
(1.5 3.10943e-13 0)
(1.5 1.85379e-13 0)
(1.5 1.62105e-13 0)
(1.5 9.68798e-14 0)
(1.5 4.72291e-14 0)
(1.5 1.81798e-14 0)
(1.5 -4.26385e-14 0)
(1.5 -1.3788e-13 0)
(1.5 -1.44412e-13 0)
(1.5 -4.47972e-14 0)
(1.5 1.45859e-14 0)
(1.5 5.70255e-14 0)
(1.5 2.23848e-14 0)
(1.5 -5.11277e-15 0)
(1.5 2.98654e-14 0)
(1.5 7.00192e-14 0)
(1.5 -6.33253e-14 0)
(1.5 -8.95095e-14 0)
(1.5 -1.40413e-13 0)
(1.5 -2.07028e-13 0)
(1.5 -2.02136e-13 0)
(1.5 -2.89442e-13 0)
(1.5 -3.32346e-13 0)
(1.5 -3.46546e-13 0)
(1.5 -2.70606e-13 0)
(1.5 -2.36287e-13 0)
(1.5 -1.45156e-13 0)
(1.5 -5.85945e-14 0)
(1.5 -8.7277e-14 0)
(1.5 -1.44694e-13 0)
(1.5 -1.61725e-13 0)
(1.5 -4.15393e-14 0)
(1.5 5.64563e-14 0)
(1.5 3.47746e-15 0)
(1.5 -1.12485e-13 0)
(1.5 -2.3544e-13 0)
(1.5 -2.50079e-13 0)
(1.5 -2.52343e-13 0)
(1.5 -1.40897e-13 0)
(1.5 -8.01196e-14 0)
(1.5 -2.40919e-13 0)
(1.5 -3.85133e-13 0)
(1.5 -3.45542e-13 0)
(1.5 -3.30064e-13 0)
(1.5 -3.74231e-13 0)
(1.5 -3.33492e-13 0)
(1.5 -2.54148e-13 0)
(1.5 -2.48926e-13 0)
(1.5 -1.36422e-13 0)
(1.5 -7.23654e-14 0)
(1.5 -3.54145e-14 0)
(1.5 -9.06416e-14 0)
(1.5 -2.02242e-13 0)
(1.5 -1.95032e-13 0)
(1.5 -1.58895e-13 0)
(1.5 -1.20699e-13 0)
(1.5 -5.39304e-15 0)
(1.5 -2.20319e-14 0)
(1.5 -1.88977e-14 0)
(1.5 1.69639e-14 0)
(1.5 2.12772e-13 0)
(1.5 4.00679e-13 0)
(1.5 4.65743e-13 0)
(1.5 4.45226e-13 0)
(1.5 2.31999e-13 0)
(1.5 -1.08264e-14 0)
(1.5 -2.40886e-13 0)
(1.5 -2.55315e-13 0)
(1.5 -2.52158e-13 0)
(1.5 -2.6932e-13 0)
(1.5 -3.32947e-13 0)
(1.5 -2.07899e-13 0)
(1.5 -7.53396e-14 0)
(1.5 -4.65332e-14 0)
(1.5 -1.27745e-13 0)
(1.5 -1.21889e-13 0)
(1.5 -1.1244e-14 0)
(1.5 7.49928e-14 0)
(1.5 1.50097e-13 0)
(1.5 1.86624e-13 0)
(1.5 1.74224e-13 0)
(1.5 1.80836e-13 0)
(1.5 2.87696e-13 0)
(1.5 3.82124e-13 0)
(1.5 3.5502e-13 0)
(1.5 4.04014e-13 0)
(1.5 4.75076e-13 0)
(1.5 4.44288e-13 0)
(1.5 4.41062e-13 0)
(1.5 3.28103e-13 0)
(1.5 2.74598e-13 0)
(1.5 3.35212e-13 0)
(1.5 4.98356e-13 0)
(1.5 5.61117e-13 0)
(1.5 -8.46068e-14 0)
(1.5 -6.12578e-14 0)
(1.5 -1.72023e-13 0)
(1.5 -2.56709e-13 0)
(1.5 -2.47147e-13 0)
(1.5 -2.19415e-13 0)
(1.5 -1.42008e-13 0)
(1.5 -4.64302e-14 0)
(1.5 4.38357e-14 0)
(1.5 9.19867e-14 0)
(1.5 8.71327e-14 0)
(1.5 1.46123e-13 0)
(1.5 1.72422e-13 0)
(1.5 1.75664e-13 0)
(1.5 1.92215e-13 0)
(1.5 2.88041e-13 0)
(1.5 3.56094e-13 0)
(1.5 2.68285e-13 0)
(1.5 1.86898e-13 0)
(1.5 1.54426e-13 0)
(1.5 9.89544e-14 0)
(1.5 1.06875e-13 0)
(1.5 8.43223e-14 0)
(1.5 1.0141e-13 0)
(1.5 1.09328e-13 0)
(1.5 5.26709e-14 0)
(1.5 1.07305e-13 0)
(1.5 1.04559e-13 0)
(1.5 1.05012e-13 0)
(1.5 1.44043e-13 0)
(1.5 2.00773e-13 0)
(1.5 2.90462e-13 0)
(1.5 2.75576e-13 0)
(1.5 2.0167e-13 0)
(1.5 1.33374e-13 0)
(1.5 1.22723e-14 0)
(1.5 -6.90855e-15 0)
(1.5 -2.23906e-14 0)
(1.5 -2.20728e-14 0)
(1.5 3.73036e-14 0)
(1.5 1.07662e-14 0)
(1.5 -6.37607e-14 0)
(1.5 -9.74187e-14 0)
(1.5 -1.55811e-13 0)
(1.5 -1.64218e-13 0)
(1.5 -1.71959e-13 0)
(1.5 -1.01564e-13 0)
(1.5 -7.2428e-14 0)
(1.5 -7.37766e-14 0)
(1.5 -5.49727e-14 0)
(1.5 -7.18531e-14 0)
(1.5 -2.17261e-14 0)
(1.5 9.5343e-15 0)
(1.5 3.65167e-14 0)
(1.5 -1.01332e-13 0)
(1.5 -1.41304e-13 0)
(1.5 -8.98044e-14 0)
(1.5 -9.79975e-14 0)
(1.5 -1.57125e-13 0)
(1.5 -9.04194e-14 0)
(1.5 -3.29415e-14 0)
(1.5 3.59392e-14 0)
(1.5 2.9009e-14 0)
(1.5 -2.43834e-15 0)
(1.5 -1.87164e-14 0)
(1.5 5.17667e-14 0)
(1.5 5.31844e-14 0)
(1.5 9.12749e-14 0)
(1.5 8.03209e-14 0)
(1.5 -8.93535e-15 0)
(1.5 2.43082e-14 0)
(1.5 4.81828e-15 0)
(1.5 3.97582e-14 0)
(1.5 3.17844e-14 0)
(1.5 1.0811e-13 0)
(1.5 2.29234e-13 0)
(1.5 2.72484e-13 0)
(1.5 3.21136e-13 0)
(1.5 2.77244e-13 0)
(1.5 2.63229e-13 0)
(1.5 2.54406e-13 0)
(1.5 2.5709e-13 0)
(1.5 2.52613e-13 0)
(1.5 2.63336e-13 0)
(1.5 3.00349e-13 0)
(1.5 3.04126e-13 0)
(1.5 2.21415e-13 0)
(1.5 1.3051e-13 0)
(1.5 2.13447e-13 0)
(1.5 2.18026e-13 0)
(1.5 1.54694e-13 0)
(1.5 7.10068e-15 0)
(1.5 -7.51538e-14 0)
(1.5 -5.54771e-15 0)
(1.5 1.56608e-13 0)
(1.5 2.94377e-13 0)
(1.5 3.82027e-13 0)
(1.5 3.78303e-13 0)
(1.5 3.46992e-13 0)
(1.5 3.44565e-13 0)
(1.5 3.78636e-13 0)
(1.5 3.89384e-13 0)
(1.5 3.10348e-13 0)
(1.5 3.63014e-13 0)
(1.5 3.01126e-13 0)
(1.5 2.19601e-13 0)
(1.5 2.82986e-13 0)
(1.5 2.08875e-13 0)
(1.5 1.16692e-13 0)
(1.5 -3.14148e-14 0)
(1.5 -1.09186e-13 0)
(1.5 -9.18279e-14 0)
(1.5 -6.85409e-14 0)
(1.5 -7.77171e-14 0)
(1.5 -9.83397e-14 0)
(1.5 -8.6272e-14 0)
(1.5 3.02512e-14 0)
(1.5 5.73126e-14 0)
(1.5 4.83973e-14 0)
(1.5 2.46854e-14 0)
(1.5 4.98197e-14 0)
(1.5 1.02545e-13 0)
(1.5 5.54132e-14 0)
(1.5 -2.24513e-14 0)
(1.5 -4.95472e-14 0)
(1.5 -7.1444e-14 0)
(1.5 -1.28618e-13 0)
(1.5 -1.57025e-13 0)
(1.5 -1.58539e-13 0)
(1.5 -2.24753e-13 0)
(1.5 -3.26944e-13 0)
(1.5 -3.09228e-13 0)
(1.5 -2.35687e-13 0)
(1.5 -2.44065e-13 0)
(1.5 -2.93405e-13 0)
(1.5 -3.51003e-13 0)
(1.5 -3.65171e-13 0)
(1.5 -3.41128e-13 0)
(1.5 -2.30771e-13 0)
(1.5 -2.62443e-13 0)
(1.5 -3.84615e-13 0)
(1.5 -4.66347e-13 0)
(1.5 -4.36862e-13 0)
(1.5 -3.91511e-13 0)
(1.5 -2.9068e-13 0)
(1.5 -3.76337e-13 0)
(1.5 -4.71022e-13 0)
(1.5 -5.5199e-13 0)
(1.5 -5.01943e-13 0)
(1.5 -4.75582e-13 0)
(1.5 -5.19498e-13 0)
(1.5 -4.81257e-13 0)
(1.5 -5.42993e-13 0)
(1.5 -4.64101e-13 0)
(1.5 -2.27672e-13 0)
(1.5 -8.63237e-14 0)
(1.5 -6.4903e-14 0)
(1.5 -1.62783e-13 0)
(1.5 -1.78352e-13 0)
(1.5 -1.49019e-13 0)
(1.5 -1.46268e-13 0)
(1.5 -1.47686e-13 0)
(1.5 -2.44827e-14 0)
(1.5 -5.35097e-14 0)
(1.5 -8.63097e-14 0)
(1.5 -8.89062e-14 0)
(1.5 1.22694e-13 0)
(1.5 3.06437e-13 0)
(1.5 2.91919e-13 0)
(1.5 3.16342e-13 0)
(1.5 1.96324e-13 0)
(1.5 6.59806e-14 0)
(1.5 -1.0122e-13 0)
(1.5 -1.10056e-13 0)
(1.5 -1.29558e-13 0)
(1.5 -1.54478e-13 0)
(1.5 -1.9513e-13 0)
(1.5 -5.14713e-14 0)
(1.5 4.2855e-14 0)
(1.5 4.68613e-14 0)
(1.5 -4.8829e-14 0)
(1.5 -9.07568e-14 0)
(1.5 1.60479e-14 0)
(1.5 1.19361e-13 0)
(1.5 1.98511e-13 0)
(1.5 1.83731e-13 0)
(1.5 1.14316e-13 0)
(1.5 3.93175e-14 0)
(1.5 8.86236e-14 0)
(1.5 1.74188e-13 0)
(1.5 2.43403e-13 0)
(1.5 3.10274e-13 0)
(1.5 3.54926e-13 0)
(1.5 4.24128e-13 0)
(1.5 4.09553e-13 0)
(1.5 1.7959e-13 0)
(1.5 1.25183e-13 0)
(1.5 2.53894e-13 0)
(1.5 4.16918e-13 0)
(1.5 4.94632e-13 0)
(1.5 -4.35444e-14 0)
(1.5 -9.90679e-14 0)
(1.5 -1.74824e-13 0)
(1.5 -1.57944e-13 0)
(1.5 -1.69343e-13 0)
(1.5 -1.22567e-13 0)
(1.5 -6.31724e-14 0)
(1.5 -1.39841e-14 0)
(1.5 1.32141e-14 0)
(1.5 2.76849e-14 0)
(1.5 2.5539e-14 0)
(1.5 9.11597e-14 0)
(1.5 8.49056e-14 0)
(1.5 1.08968e-13 0)
(1.5 2.32991e-13 0)
(1.5 3.04259e-13 0)
(1.5 2.3681e-13 0)
(1.5 2.20134e-13 0)
(1.5 1.66247e-13 0)
(1.5 1.16794e-13 0)
(1.5 9.91448e-14 0)
(1.5 8.51538e-14 0)
(1.5 4.30369e-14 0)
(1.5 3.69025e-14 0)
(1.5 7.6683e-14 0)
(1.5 1.13348e-13 0)
(1.5 1.15798e-13 0)
(1.5 1.15756e-13 0)
(1.5 1.05873e-13 0)
(1.5 9.18459e-14 0)
(1.5 1.05939e-13 0)
(1.5 1.64271e-13 0)
(1.5 1.8123e-13 0)
(1.5 1.76171e-13 0)
(1.5 1.03151e-13 0)
(1.5 1.48124e-15 0)
(1.5 -3.66535e-14 0)
(1.5 -5.04054e-14 0)
(1.5 -6.50084e-14 0)
(1.5 -3.13554e-14 0)
(1.5 -5.51986e-14 0)
(1.5 -1.14346e-13 0)
(1.5 -1.54546e-13 0)
(1.5 -2.10983e-13 0)
(1.5 -1.83104e-13 0)
(1.5 -1.42355e-13 0)
(1.5 -7.73888e-14 0)
(1.5 -9.01769e-14 0)
(1.5 -1.03472e-13 0)
(1.5 -1.13267e-13 0)
(1.5 -1.36154e-13 0)
(1.5 -1.13957e-13 0)
(1.5 -8.23751e-14 0)
(1.5 -1.03692e-13 0)
(1.5 -1.81995e-13 0)
(1.5 -2.1488e-13 0)
(1.5 -1.8489e-13 0)
(1.5 -1.48986e-13 0)
(1.5 -1.90816e-13 0)
(1.5 -1.3524e-13 0)
(1.5 -4.42287e-14 0)
(1.5 -1.50499e-14 0)
(1.5 -4.59783e-14 0)
(1.5 -1.08928e-13 0)
(1.5 -1.53754e-13 0)
(1.5 -6.8144e-14 0)
(1.5 6.88098e-15 0)
(1.5 5.33992e-14 0)
(1.5 -2.76812e-14 0)
(1.5 -1.09889e-13 0)
(1.5 -2.97203e-17 0)
(1.5 6.56929e-14 0)
(1.5 8.20074e-14 0)
(1.5 6.20775e-14 0)
(1.5 4.70857e-14 0)
(1.5 1.34097e-13 0)
(1.5 1.45061e-13 0)
(1.5 1.40153e-13 0)
(1.5 1.8696e-13 0)
(1.5 2.874e-13 0)
(1.5 2.7672e-13 0)
(1.5 3.24409e-13 0)
(1.5 2.96172e-13 0)
(1.5 2.6971e-13 0)
(1.5 2.84019e-13 0)
(1.5 2.93912e-13 0)
(1.5 2.22828e-13 0)
(1.5 1.36024e-13 0)
(1.5 1.68437e-13 0)
(1.5 1.79237e-13 0)
(1.5 1.36557e-13 0)
(1.5 6.13763e-14 0)
(1.5 4.4192e-14 0)
(1.5 1.27679e-13 0)
(1.5 2.46687e-13 0)
(1.5 3.59865e-13 0)
(1.5 3.45191e-13 0)
(1.5 3.28279e-13 0)
(1.5 4.11674e-13 0)
(1.5 4.01293e-13 0)
(1.5 3.71598e-13 0)
(1.5 2.8322e-13 0)
(1.5 2.01532e-13 0)
(1.5 2.26188e-13 0)
(1.5 2.10683e-13 0)
(1.5 1.26241e-13 0)
(1.5 1.38802e-13 0)
(1.5 1.23281e-13 0)
(1.5 -9.85831e-16 0)
(1.5 -1.43278e-13 0)
(1.5 -1.82064e-13 0)
(1.5 -1.63343e-13 0)
(1.5 -7.46057e-14 0)
(1.5 -4.23046e-14 0)
(1.5 -1.14123e-13 0)
(1.5 -1.42098e-13 0)
(1.5 -4.58566e-14 0)
(1.5 -8.45988e-15 0)
(1.5 -2.01518e-14 0)
(1.5 -4.94042e-14 0)
(1.5 -9.57883e-14 0)
(1.5 -9.80346e-14 0)
(1.5 -8.01494e-14 0)
(1.5 -1.36297e-13 0)
(1.5 -1.46384e-13 0)
(1.5 -1.08868e-13 0)
(1.5 -1.54989e-13 0)
(1.5 -1.10394e-13 0)
(1.5 -1.28222e-13 0)
(1.5 -1.82893e-13 0)
(1.5 -3.18233e-13 0)
(1.5 -3.043e-13 0)
(1.5 -1.9455e-13 0)
(1.5 -2.10345e-13 0)
(1.5 -3.30693e-13 0)
(1.5 -4.64859e-13 0)
(1.5 -5.33012e-13 0)
(1.5 -5.67266e-13 0)
(1.5 -4.42709e-13 0)
(1.5 -3.96599e-13 0)
(1.5 -3.87001e-13 0)
(1.5 -3.61152e-13 0)
(1.5 -3.08422e-13 0)
(1.5 -3.54929e-13 0)
(1.5 -3.58893e-13 0)
(1.5 -4.269e-13 0)
(1.5 -5.14691e-13 0)
(1.5 -5.60524e-13 0)
(1.5 -5.97291e-13 0)
(1.5 -5.61885e-13 0)
(1.5 -5.65514e-13 0)
(1.5 -4.98345e-13 0)
(1.5 -4.94273e-13 0)
(1.5 -3.69416e-13 0)
(1.5 -1.87047e-13 0)
(1.5 -1.00103e-13 0)
(1.5 -6.57664e-14 0)
(1.5 -1.57281e-13 0)
(1.5 -1.05802e-13 0)
(1.5 -4.46346e-14 0)
(1.5 -2.70211e-14 0)
(1.5 -7.47249e-14 0)
(1.5 4.99926e-14 0)
(1.5 6.88556e-14 0)
(1.5 1.34744e-14 0)
(1.5 5.9846e-14 0)
(1.5 1.49719e-13 0)
(1.5 2.60296e-13 0)
(1.5 2.0551e-13 0)
(1.5 1.96367e-13 0)
(1.5 2.10665e-13 0)
(1.5 1.50304e-13 0)
(1.5 5.82676e-14 0)
(1.5 2.98163e-14 0)
(1.5 -2.71757e-14 0)
(1.5 -1.76571e-14 0)
(1.5 -5.9834e-15 0)
(1.5 1.12742e-13 0)
(1.5 1.02544e-13 0)
(1.5 6.28796e-14 0)
(1.5 7.3772e-15 0)
(1.5 -6.69141e-14 0)
(1.5 -6.01407e-15 0)
(1.5 4.72313e-14 0)
(1.5 1.84456e-14 0)
(1.5 7.50264e-15 0)
(1.5 -5.09914e-14 0)
(1.5 -8.46409e-14 0)
(1.5 -1.35653e-13 0)
(1.5 -4.79896e-14 0)
(1.5 6.7531e-14 0)
(1.5 1.98138e-13 0)
(1.5 2.61908e-13 0)
(1.5 2.5772e-13 0)
(1.5 2.21934e-13 0)
(1.5 1.35291e-13 0)
(1.5 1.35295e-13 0)
(1.5 3.3356e-13 0)
(1.5 3.93084e-13 0)
(1.5 4.36826e-13 0)
(1.5 1.11963e-14 0)
(1.5 -7.03873e-14 0)
(1.5 -7.11957e-14 0)
(1.5 -4.36071e-14 0)
(1.5 -5.47586e-15 0)
(1.5 3.12997e-14 0)
(1.5 2.57092e-15 0)
(1.5 -3.9476e-15 0)
(1.5 3.30929e-15 0)
(1.5 2.5599e-14 0)
(1.5 1.17685e-14 0)
(1.5 8.23916e-14 0)
(1.5 7.28853e-14 0)
(1.5 1.05983e-13 0)
(1.5 1.69338e-13 0)
(1.5 1.54115e-13 0)
(1.5 1.07651e-13 0)
(1.5 1.27493e-13 0)
(1.5 1.19772e-13 0)
(1.5 9.33594e-14 0)
(1.5 4.5448e-14 0)
(1.5 2.67163e-14 0)
(1.5 5.71361e-14 0)
(1.5 1.30508e-14 0)
(1.5 6.4757e-14 0)
(1.5 9.79517e-14 0)
(1.5 3.93916e-14 0)
(1.5 9.08732e-14 0)
(1.5 7.56293e-14 0)
(1.5 1.76698e-14 0)
(1.5 6.83728e-14 0)
(1.5 8.1847e-14 0)
(1.5 7.70732e-14 0)
(1.5 8.10235e-14 0)
(1.5 7.02934e-15 0)
(1.5 -2.36555e-15 0)
(1.5 -5.28832e-14 0)
(1.5 -1.07909e-13 0)
(1.5 -8.67968e-14 0)
(1.5 -1.25538e-13 0)
(1.5 -1.13548e-13 0)
(1.5 -7.8584e-14 0)
(1.5 -1.00854e-13 0)
(1.5 -1.12172e-13 0)
(1.5 -7.42871e-14 0)
(1.5 -3.97071e-14 0)
(1.5 -1.63596e-14 0)
(1.5 -3.5941e-14 0)
(1.5 -7.7612e-14 0)
(1.5 -1.28424e-13 0)
(1.5 -1.39199e-13 0)
(1.5 -1.16699e-13 0)
(1.5 -8.46614e-14 0)
(1.5 -1.67405e-13 0)
(1.5 -1.75813e-13 0)
(1.5 -1.54445e-13 0)
(1.5 -1.36871e-13 0)
(1.5 -1.12988e-13 0)
(1.5 -9.78425e-14 0)
(1.5 -2.44102e-14 0)
(1.5 1.55235e-14 0)
(1.5 1.43444e-14 0)
(1.5 -5.40895e-14 0)
(1.5 -8.20398e-14 0)
(1.5 -1.39929e-13 0)
(1.5 -1.09378e-13 0)
(1.5 -6.70802e-14 0)
(1.5 -4.37538e-14 0)
(1.5 -8.09777e-14 0)
(1.5 -1.25729e-13 0)
(1.5 -6.6692e-14 0)
(1.5 1.34775e-14 0)
(1.5 6.91676e-14 0)
(1.5 8.2114e-14 0)
(1.5 3.27688e-14 0)
(1.5 8.61261e-14 0)
(1.5 1.25458e-13 0)
(1.5 1.4001e-13 0)
(1.5 1.9112e-13 0)
(1.5 2.52489e-13 0)
(1.5 2.63856e-13 0)
(1.5 3.23304e-13 0)
(1.5 3.39005e-13 0)
(1.5 2.91964e-13 0)
(1.5 2.79028e-13 0)
(1.5 2.159e-13 0)
(1.5 1.71198e-13 0)
(1.5 1.83408e-13 0)
(1.5 1.6047e-13 0)
(1.5 6.02067e-14 0)
(1.5 1.40404e-14 0)
(1.5 -2.77267e-14 0)
(1.5 -7.19649e-15 0)
(1.5 3.1048e-14 0)
(1.5 9.02009e-14 0)
(1.5 1.46505e-13 0)
(1.5 1.83717e-13 0)
(1.5 2.71245e-13 0)
(1.5 3.58414e-13 0)
(1.5 4.07774e-13 0)
(1.5 3.35031e-13 0)
(1.5 2.33577e-13 0)
(1.5 2.08038e-13 0)
(1.5 1.33339e-13 0)
(1.5 1.55064e-13 0)
(1.5 1.28294e-13 0)
(1.5 2.12164e-14 0)
(1.5 2.66823e-14 0)
(1.5 -5.43641e-14 0)
(1.5 -1.66386e-13 0)
(1.5 -1.90253e-13 0)
(1.5 -1.65047e-13 0)
(1.5 -1.00565e-13 0)
(1.5 -6.49377e-14 0)
(1.5 -5.92672e-14 0)
(1.5 -1.62006e-14 0)
(1.5 3.92601e-14 0)
(1.5 1.16081e-13 0)
(1.5 6.38548e-14 0)
(1.5 2.59781e-14 0)
(1.5 -7.15081e-15 0)
(1.5 -8.33163e-14 0)
(1.5 -9.90067e-14 0)
(1.5 -1.13283e-13 0)
(1.5 -1.38211e-13 0)
(1.5 -1.254e-13 0)
(1.5 -1.08224e-13 0)
(1.5 -9.60803e-14 0)
(1.5 -1.39116e-13 0)
(1.5 -1.4762e-13 0)
(1.5 -2.09486e-13 0)
(1.5 -2.58114e-13 0)
(1.5 -2.26258e-13 0)
(1.5 -2.41514e-13 0)
(1.5 -3.6211e-13 0)
(1.5 -4.68228e-13 0)
(1.5 -5.0377e-13 0)
(1.5 -4.81971e-13 0)
(1.5 -3.87907e-13 0)
(1.5 -3.07561e-13 0)
(1.5 -2.84775e-13 0)
(1.5 -2.01256e-13 0)
(1.5 -2.13575e-13 0)
(1.5 -3.00231e-13 0)
(1.5 -3.77383e-13 0)
(1.5 -4.04747e-13 0)
(1.5 -4.45203e-13 0)
(1.5 -4.80117e-13 0)
(1.5 -5.26008e-13 0)
(1.5 -4.79781e-13 0)
(1.5 -4.58756e-13 0)
(1.5 -3.48065e-13 0)
(1.5 -1.98178e-13 0)
(1.5 -1.4954e-13 0)
(1.5 -1.08912e-13 0)
(1.5 -4.81344e-14 0)
(1.5 1.71342e-14 0)
(1.5 -6.86162e-15 0)
(1.5 -8.4976e-16 0)
(1.5 3.4157e-14 0)
(1.5 8.10698e-14 0)
(1.5 1.4096e-13 0)
(1.5 1.97033e-13 0)
(1.5 2.13028e-13 0)
(1.5 1.73062e-13 0)
(1.5 2.59788e-13 0)
(1.5 3.94088e-13 0)
(1.5 4.01025e-13 0)
(1.5 3.34438e-13 0)
(1.5 3.03369e-13 0)
(1.5 3.71965e-13 0)
(1.5 3.45172e-13 0)
(1.5 3.44782e-13 0)
(1.5 2.63858e-13 0)
(1.5 1.60745e-13 0)
(1.5 1.29369e-13 0)
(1.5 1.61354e-13 0)
(1.5 2.00401e-13 0)
(1.5 1.74806e-13 0)
(1.5 1.3809e-13 0)
(1.5 8.90494e-14 0)
(1.5 7.10216e-15 0)
(1.5 3.06654e-14 0)
(1.5 -8.39842e-15 0)
(1.5 -1.10378e-13 0)
(1.5 -1.81852e-13 0)
(1.5 -2.2401e-13 0)
(1.5 -7.73988e-14 0)
(1.5 -8.95403e-14 0)
(1.5 3.60201e-15 0)
(1.5 3.8877e-14 0)
(1.5 1.49828e-13 0)
(1.5 2.05652e-13 0)
(1.5 1.74346e-13 0)
(1.5 1.68485e-13 0)
(1.5 2.38643e-13 0)
(1.5 3.35397e-13 0)
(1.5 4.80323e-13 0)
(1.5 4.31618e-13 0)
(1.5 4.08166e-13 0)
(1.5 7.20822e-14 0)
(1.5 5.3971e-14 0)
(1.5 4.72142e-14 0)
(1.5 9.02871e-14 0)
(1.5 1.65971e-13 0)
(1.5 1.3638e-13 0)
(1.5 2.69929e-14 0)
(1.5 -2.91013e-14 0)
(1.5 3.22753e-14 0)
(1.5 9.68914e-14 0)
(1.5 9.94775e-14 0)
(1.5 1.0234e-13 0)
(1.5 6.56243e-14 0)
(1.5 7.3003e-14 0)
(1.5 2.77357e-14 0)
(1.5 -2.74345e-14 0)
(1.5 5.39678e-17 0)
(1.5 7.28076e-14 0)
(1.5 8.74607e-14 0)
(1.5 1.26401e-13 0)
(1.5 6.29835e-14 0)
(1.5 9.36662e-14 0)
(1.5 6.44497e-14 0)
(1.5 2.25472e-14 0)
(1.5 8.51207e-14 0)
(1.5 7.57916e-14 0)
(1.5 4.78569e-14 0)
(1.5 7.52919e-14 0)
(1.5 4.71743e-14 0)
(1.5 4.94163e-14 0)
(1.5 9.90537e-14 0)
(1.5 5.66206e-14 0)
(1.5 2.93463e-14 0)
(1.5 6.31259e-14 0)
(1.5 1.95279e-14 0)
(1.5 -1.5665e-14 0)
(1.5 -5.44871e-15 0)
(1.5 -2.7783e-14 0)
(1.5 -2.01134e-14 0)
(1.5 -1.05605e-13 0)
(1.5 -4.98159e-14 0)
(1.5 -3.81549e-14 0)
(1.5 -6.61679e-14 0)
(1.5 -3.84549e-14 0)
(1.5 2.0826e-14 0)
(1.5 5.3733e-14 0)
(1.5 8.29696e-15 0)
(1.5 -6.01082e-15 0)
(1.5 -9.54469e-14 0)
(1.5 -1.20488e-13 0)
(1.5 -1.23433e-13 0)
(1.5 -9.7636e-14 0)
(1.5 -1.07929e-13 0)
(1.5 -1.63168e-13 0)
(1.5 -1.47452e-13 0)
(1.5 -1.2944e-13 0)
(1.5 -7.98943e-14 0)
(1.5 -6.81298e-14 0)
(1.5 -2.0488e-14 0)
(1.5 3.28318e-14 0)
(1.5 7.09891e-15 0)
(1.5 3.86009e-14 0)
(1.5 2.80684e-14 0)
(1.5 1.6898e-14 0)
(1.5 -4.96755e-14 0)
(1.5 -9.58158e-14 0)
(1.5 -9.48519e-14 0)
(1.5 -1.23465e-13 0)
(1.5 -8.58251e-14 0)
(1.5 -5.76123e-14 0)
(1.5 -5.99658e-14 0)
(1.5 -2.71544e-14 0)
(1.5 5.65503e-14 0)
(1.5 9.51875e-14 0)
(1.5 7.87757e-14 0)
(1.5 1.55829e-13 0)
(1.5 1.46759e-13 0)
(1.5 1.61498e-13 0)
(1.5 2.34643e-13 0)
(1.5 2.80316e-13 0)
(1.5 3.45104e-13 0)
(1.5 3.20862e-13 0)
(1.5 3.24392e-13 0)
(1.5 3.27272e-13 0)
(1.5 3.12615e-13 0)
(1.5 2.2772e-13 0)
(1.5 1.64542e-13 0)
(1.5 2.34775e-13 0)
(1.5 1.93e-13 0)
(1.5 6.80326e-14 0)
(1.5 -4.32548e-14 0)
(1.5 -1.42468e-13 0)
(1.5 -1.68713e-13 0)
(1.5 -1.63369e-13 0)
(1.5 -1.25121e-13 0)
(1.5 -7.09418e-14 0)
(1.5 2.69091e-14 0)
(1.5 1.92312e-13 0)
(1.5 2.90694e-13 0)
(1.5 3.31296e-13 0)
(1.5 3.29184e-13 0)
(1.5 2.93415e-13 0)
(1.5 2.67847e-13 0)
(1.5 1.86105e-13 0)
(1.5 1.42162e-13 0)
(1.5 1.10847e-13 0)
(1.5 -3.81565e-14 0)
(1.5 -5.74137e-14 0)
(1.5 -6.68189e-14 0)
(1.5 -9.03184e-14 0)
(1.5 -6.13234e-14 0)
(1.5 -9.67361e-15 0)
(1.5 -2.03561e-14 0)
(1.5 -4.93112e-14 0)
(1.5 -2.39873e-14 0)
(1.5 6.31505e-14 0)
(1.5 1.25439e-13 0)
(1.5 1.69923e-13 0)
(1.5 1.48557e-13 0)
(1.5 8.81527e-14 0)
(1.5 7.56272e-14 0)
(1.5 -3.02663e-14 0)
(1.5 -4.64861e-14 0)
(1.5 -7.12813e-14 0)
(1.5 -7.10802e-14 0)
(1.5 -9.16212e-14 0)
(1.5 -3.61302e-14 0)
(1.5 -6.62226e-14 0)
(1.5 -5.54782e-14 0)
(1.5 -5.91513e-14 0)
(1.5 -1.00734e-13 0)
(1.5 -1.89776e-13 0)
(1.5 -3.42525e-13 0)
(1.5 -4.20558e-13 0)
(1.5 -4.67653e-13 0)
(1.5 -4.31034e-13 0)
(1.5 -4.2753e-13 0)
(1.5 -3.8658e-13 0)
(1.5 -3.6821e-13 0)
(1.5 -3.2422e-13 0)
(1.5 -3.11273e-13 0)
(1.5 -2.97998e-13 0)
(1.5 -3.76014e-13 0)
(1.5 -4.10202e-13 0)
(1.5 -4.49956e-13 0)
(1.5 -4.19227e-13 0)
(1.5 -3.62157e-13 0)
(1.5 -3.36075e-13 0)
(1.5 -3.58439e-13 0)
(1.5 -4.14397e-13 0)
(1.5 -3.81015e-13 0)
(1.5 -2.92741e-13 0)
(1.5 -8.96224e-14 0)
(1.5 -1.90374e-14 0)
(1.5 7.96008e-15 0)
(1.5 7.55815e-14 0)
(1.5 1.45943e-13 0)
(1.5 2.06882e-13 0)
(1.5 1.90348e-13 0)
(1.5 2.03363e-13 0)
(1.5 2.71984e-13 0)
(1.5 3.36701e-13 0)
(1.5 2.89985e-13 0)
(1.5 2.84727e-13 0)
(1.5 2.97932e-13 0)
(1.5 3.66662e-13 0)
(1.5 4.38534e-13 0)
(1.5 3.71528e-13 0)
(1.5 3.2591e-13 0)
(1.5 3.10814e-13 0)
(1.5 3.45624e-13 0)
(1.5 3.96247e-13 0)
(1.5 5.45672e-13 0)
(1.5 4.83339e-13 0)
(1.5 3.91114e-13 0)
(1.5 3.34172e-13 0)
(1.5 2.74537e-13 0)
(1.5 2.29218e-13 0)
(1.5 1.92e-13 0)
(1.5 2.05158e-13 0)
(1.5 2.124e-13 0)
(1.5 1.5209e-13 0)
(1.5 2.59961e-14 0)
(1.5 -1.16546e-13 0)
(1.5 -2.3518e-13 0)
(1.5 -2.89382e-13 0)
(1.5 -2.63306e-13 0)
(1.5 -1.34206e-13 0)
(1.5 -4.64367e-14 0)
(1.5 1.55288e-14 0)
(1.5 1.68135e-13 0)
(1.5 1.98906e-13 0)
(1.5 2.65708e-13 0)
(1.5 2.77056e-13 0)
(1.5 2.71545e-13 0)
(1.5 2.85228e-13 0)
(1.5 3.2876e-13 0)
(1.5 3.55779e-13 0)
(1.5 2.83658e-13 0)
(1.5 2.37349e-13 0)
(1.5 3.69142e-14 0)
(1.5 9.60906e-14 0)
(1.5 1.63071e-13 0)
(1.5 1.99144e-13 0)
(1.5 2.05372e-13 0)
(1.5 1.36918e-13 0)
(1.5 5.00286e-14 0)
(1.5 5.53204e-14 0)
(1.5 1.69155e-13 0)
(1.5 1.80058e-13 0)
(1.5 1.95433e-13 0)
(1.5 1.30332e-13 0)
(1.5 5.62144e-14 0)
(1.5 2.58815e-14 0)
(1.5 1.04854e-14 0)
(1.5 -3.34603e-14 0)
(1.5 2.48474e-14 0)
(1.5 4.38494e-14 0)
(1.5 9.93821e-14 0)
(1.5 1.31088e-13 0)
(1.5 1.73069e-13 0)
(1.5 2.55586e-13 0)
(1.5 1.37686e-13 0)
(1.5 1.07572e-13 0)
(1.5 1.13502e-13 0)
(1.5 5.82339e-14 0)
(1.5 5.53882e-14 0)
(1.5 5.4873e-14 0)
(1.5 5.53839e-14 0)
(1.5 1.02535e-13 0)
(1.5 8.10814e-14 0)
(1.5 8.29751e-14 0)
(1.5 1.08013e-13 0)
(1.5 6.89962e-14 0)
(1.5 4.37626e-14 0)
(1.5 -1.11709e-14 0)
(1.5 2.9779e-14 0)
(1.5 6.00597e-14 0)
(1.5 2.55011e-14 0)
(1.5 -2.74599e-14 0)
(1.5 2.36576e-14 0)
(1.5 -3.57682e-14 0)
(1.5 -7.50439e-14 0)
(1.5 -4.51434e-14 0)
(1.5 -3.44545e-14 0)
(1.5 -2.38207e-14 0)
(1.5 -1.04635e-13 0)
(1.5 -1.6905e-13 0)
(1.5 -1.85002e-13 0)
(1.5 -1.40726e-13 0)
(1.5 -9.3105e-14 0)
(1.5 -5.79895e-14 0)
(1.5 -1.0788e-13 0)
(1.5 -1.26702e-13 0)
(1.5 -1.04468e-13 0)
(1.5 -1.28037e-13 0)
(1.5 -9.41523e-14 0)
(1.5 -6.67988e-14 0)
(1.5 3.60025e-15 0)
(1.5 -2.44405e-14 0)
(1.5 -3.01131e-14 0)
(1.5 -2.92802e-14 0)
(1.5 -6.60858e-15 0)
(1.5 4.70217e-15 0)
(1.5 -3.18058e-14 0)
(1.5 -1.05093e-13 0)
(1.5 -1.28749e-13 0)
(1.5 -1.41772e-13 0)
(1.5 -8.2458e-14 0)
(1.5 -1.10448e-14 0)
(1.5 4.1627e-14 0)
(1.5 8.42902e-14 0)
(1.5 7.95894e-14 0)
(1.5 1.06808e-13 0)
(1.5 1.53663e-13 0)
(1.5 2.09088e-13 0)
(1.5 1.72642e-13 0)
(1.5 1.38056e-13 0)
(1.5 2.31703e-13 0)
(1.5 2.93607e-13 0)
(1.5 3.60289e-13 0)
(1.5 3.4858e-13 0)
(1.5 3.16553e-13 0)
(1.5 3.49798e-13 0)
(1.5 3.33817e-13 0)
(1.5 3.01561e-13 0)
(1.5 2.80361e-13 0)
(1.5 2.68574e-13 0)
(1.5 2.0647e-13 0)
(1.5 1.44246e-13 0)
(1.5 5.18042e-14 0)
(1.5 -5.58985e-15 0)
(1.5 -7.23315e-14 0)
(1.5 -1.3382e-13 0)
(1.5 -1.48598e-13 0)
(1.5 -1.14947e-13 0)
(1.5 -3.44792e-14 0)
(1.5 1.40566e-13 0)
(1.5 2.30814e-13 0)
(1.5 2.28222e-13 0)
(1.5 3.02598e-13 0)
(1.5 2.93779e-13 0)
(1.5 2.78626e-13 0)
(1.5 2.33773e-13 0)
(1.5 1.08697e-13 0)
(1.5 8.42036e-14 0)
(1.5 4.9112e-14 0)
(1.5 7.81009e-15 0)
(1.5 -1.82473e-14 0)
(1.5 6.35038e-14 0)
(1.5 8.3893e-14 0)
(1.5 2.62168e-14 0)
(1.5 -2.19761e-14 0)
(1.5 -5.71123e-14 0)
(1.5 -5.23792e-14 0)
(1.5 8.95576e-16 0)
(1.5 1.29469e-14 0)
(1.5 8.41932e-15 0)
(1.5 4.11847e-15 0)
(1.5 -3.92182e-14 0)
(1.5 -1.03908e-13 0)
(1.5 -1.3393e-13 0)
(1.5 -6.36041e-14 0)
(1.5 -1.14123e-13 0)
(1.5 -1.23633e-13 0)
(1.5 -1.51638e-13 0)
(1.5 -1.12673e-13 0)
(1.5 -1.41608e-13 0)
(1.5 -1.5248e-13 0)
(1.5 -1.53463e-13 0)
(1.5 -1.16555e-13 0)
(1.5 -2.23264e-13 0)
(1.5 -4.15187e-13 0)
(1.5 -4.27446e-13 0)
(1.5 -3.84822e-13 0)
(1.5 -3.09722e-13 0)
(1.5 -3.01215e-13 0)
(1.5 -3.58031e-13 0)
(1.5 -4.09358e-13 0)
(1.5 -4.32131e-13 0)
(1.5 -3.43574e-13 0)
(1.5 -3.77269e-13 0)
(1.5 -5.04694e-13 0)
(1.5 -5.37618e-13 0)
(1.5 -5.02493e-13 0)
(1.5 -3.91556e-13 0)
(1.5 -3.16277e-13 0)
(1.5 -2.094e-13 0)
(1.5 -1.52746e-13 0)
(1.5 -2.622e-13 0)
(1.5 -2.31897e-13 0)
(1.5 -2.1501e-13 0)
(1.5 -7.48802e-14 0)
(1.5 7.22637e-14 0)
(1.5 1.78869e-13 0)
(1.5 2.87442e-13 0)
(1.5 3.93005e-13 0)
(1.5 5.46944e-13 0)
(1.5 5.68642e-13 0)
(1.5 5.56655e-13 0)
(1.5 5.63546e-13 0)
(1.5 5.04606e-13 0)
(1.5 4.05856e-13 0)
(1.5 3.45083e-13 0)
(1.5 3.03444e-13 0)
(1.5 2.64509e-13 0)
(1.5 2.49876e-13 0)
(1.5 2.86497e-13 0)
(1.5 2.58366e-13 0)
(1.5 1.89354e-13 0)
(1.5 1.76459e-13 0)
(1.5 2.759e-13 0)
(1.5 4.55482e-13 0)
(1.5 5.35422e-13 0)
(1.5 4.71451e-13 0)
(1.5 3.81885e-13 0)
(1.5 3.07686e-13 0)
(1.5 2.40356e-13 0)
(1.5 1.86482e-13 0)
(1.5 2.17983e-13 0)
(1.5 2.57555e-13 0)
(1.5 1.96551e-13 0)
(1.5 -5.4529e-14 0)
(1.5 -2.54058e-13 0)
(1.5 -3.96137e-13 0)
(1.5 -3.74292e-13 0)
(1.5 -2.45819e-13 0)
(1.5 -1.62652e-13 0)
(1.5 9.78892e-15 0)
(1.5 2.48229e-14 0)
(1.5 1.72543e-13 0)
(1.5 2.48785e-13 0)
(1.5 3.18405e-13 0)
(1.5 2.79752e-13 0)
(1.5 2.45335e-13 0)
(1.5 2.2036e-13 0)
(1.5 2.00033e-13 0)
(1.5 1.9227e-13 0)
(1.5 1.89799e-13 0)
(1.5 1.22369e-13 0)
(1.5 -4.63245e-15 0)
(1.5 9.67242e-14 0)
(1.5 2.42891e-13 0)
(1.5 2.07627e-13 0)
(1.5 2.20227e-13 0)
(1.5 1.87668e-13 0)
(1.5 2.12214e-13 0)
(1.5 2.88707e-13 0)
(1.5 2.89689e-13 0)
(1.5 2.20593e-13 0)
(1.5 1.8972e-13 0)
(1.5 1.3313e-13 0)
(1.5 8.33866e-14 0)
(1.5 7.78597e-15 0)
(1.5 -1.98333e-14 0)
(1.5 -6.28587e-15 0)
(1.5 8.00209e-15 0)
(1.5 -1.07459e-14 0)
(1.5 7.63773e-14 0)
(1.5 7.41189e-14 0)
(1.5 1.4234e-13 0)
(1.5 1.91035e-13 0)
(1.5 1.97158e-13 0)
(1.5 1.68291e-13 0)
(1.5 1.06462e-13 0)
(1.5 7.63978e-15 0)
(1.5 6.67924e-14 0)
(1.5 7.88866e-14 0)
(1.5 4.2025e-14 0)
(1.5 7.85898e-14 0)
(1.5 1.05032e-13 0)
(1.5 1.50294e-13 0)
(1.5 1.17703e-13 0)
(1.5 4.06111e-14 0)
(1.5 3.1884e-14 0)
(1.5 4.63597e-14 0)
(1.5 5.96927e-14 0)
(1.5 1.31831e-13 0)
(1.5 7.21033e-14 0)
(1.5 3.30232e-14 0)
(1.5 5.34508e-14 0)
(1.5 4.08179e-14 0)
(1.5 -1.34731e-15 0)
(1.5 -2.32009e-14 0)
(1.5 -8.19961e-14 0)
(1.5 -1.63274e-13 0)
(1.5 -2.0224e-13 0)
(1.5 -2.469e-13 0)
(1.5 -1.63279e-13 0)
(1.5 -6.21946e-14 0)
(1.5 2.11555e-15 0)
(1.5 3.12391e-14 0)
(1.5 1.9862e-14 0)
(1.5 -2.09861e-14 0)
(1.5 -4.76144e-14 0)
(1.5 -4.96808e-14 0)
(1.5 -5.04464e-14 0)
(1.5 -1.96668e-14 0)
(1.5 -2.09448e-14 0)
(1.5 -3.10339e-14 0)
(1.5 -2.57274e-14 0)
(1.5 -6.79863e-14 0)
(1.5 -2.39609e-14 0)
(1.5 1.63984e-14 0)
(1.5 2.39987e-14 0)
(1.5 -2.88396e-15 0)
(1.5 -4.01267e-14 0)
(1.5 -3.41009e-14 0)
(1.5 3.23575e-14 0)
(1.5 1.03738e-13 0)
(1.5 1.38087e-13 0)
(1.5 9.61948e-14 0)
(1.5 4.59838e-14 0)
(1.5 8.02083e-14 0)
(1.5 1.37242e-13 0)
(1.5 1.50804e-13 0)
(1.5 1.38941e-13 0)
(1.5 1.99376e-13 0)
(1.5 2.12746e-13 0)
(1.5 2.44696e-13 0)
(1.5 3.01802e-13 0)
(1.5 3.44976e-13 0)
(1.5 3.71896e-13 0)
(1.5 4.03316e-13 0)
(1.5 3.59685e-13 0)
(1.5 3.07944e-13 0)
(1.5 2.25587e-13 0)
(1.5 2.1329e-13 0)
(1.5 2.28872e-13 0)
(1.5 1.75931e-13 0)
(1.5 1.79947e-13 0)
(1.5 1.82407e-13 0)
(1.5 1.33126e-13 0)
(1.5 4.12387e-14 0)
(1.5 -2.31662e-14 0)
(1.5 -6.53537e-15 0)
(1.5 1.24055e-14 0)
(1.5 7.00028e-14 0)
(1.5 9.7942e-14 0)
(1.5 1.0418e-13 0)
(1.5 1.46046e-13 0)
(1.5 2.22387e-13 0)
(1.5 2.49387e-13 0)
(1.5 2.38321e-13 0)
(1.5 1.61809e-13 0)
(1.5 1.61848e-13 0)
(1.5 1.79617e-13 0)
(1.5 1.94947e-13 0)
(1.5 1.27436e-13 0)
(1.5 1.20659e-13 0)
(1.5 5.5498e-14 0)
(1.5 -3.33253e-14 0)
(1.5 -2.84713e-14 0)
(1.5 1.89614e-14 0)
(1.5 8.49679e-14 0)
(1.5 9.72489e-14 0)
(1.5 -3.05484e-14 0)
(1.5 -9.91555e-14 0)
(1.5 -9.86891e-14 0)
(1.5 -1.21348e-13 0)
(1.5 -1.30375e-13 0)
(1.5 -7.91333e-14 0)
(1.5 1.07923e-14 0)
(1.5 -3.08273e-14 0)
(1.5 -1.13628e-13 0)
(1.5 -1.5625e-13 0)
(1.5 -1.26634e-13 0)
(1.5 -1.22469e-13 0)
(1.5 -2.13271e-13 0)
(1.5 -2.3257e-13 0)
(1.5 -1.90377e-13 0)
(1.5 -3.11531e-13 0)
(1.5 -3.92114e-13 0)
(1.5 -3.22574e-13 0)
(1.5 -2.36823e-13 0)
(1.5 -1.47612e-13 0)
(1.5 -8.48826e-14 0)
(1.5 -2.30244e-13 0)
(1.5 -3.21602e-13 0)
(1.5 -3.94765e-13 0)
(1.5 -3.46428e-13 0)
(1.5 -2.76565e-13 0)
(1.5 -4.85745e-13 0)
(1.5 -5.42962e-13 0)
(1.5 -5.18112e-13 0)
(1.5 -5.25452e-13 0)
(1.5 -4.04141e-13 0)
(1.5 -2.49909e-13 0)
(1.5 -1.49332e-13 0)
(1.5 -1.51996e-13 0)
(1.5 -1.4482e-13 0)
(1.5 -1.13163e-13 0)
(1.5 -1.63289e-14 0)
(1.5 1.67236e-13 0)
(1.5 3.1604e-13 0)
(1.5 3.41629e-13 0)
(1.5 4.25281e-13 0)
(1.5 6.0912e-13 0)
(1.5 6.57374e-13 0)
(1.5 6.08521e-13 0)
(1.5 5.235e-13 0)
(1.5 4.7486e-13 0)
(1.5 4.53297e-13 0)
(1.5 3.39361e-13 0)
(1.5 2.18614e-13 0)
(1.5 6.41247e-14 0)
(1.5 9.35585e-14 0)
(1.5 2.05679e-13 0)
(1.5 2.06585e-13 0)
(1.5 1.20806e-13 0)
(1.5 9.56305e-14 0)
(1.5 1.30089e-13 0)
(1.5 2.35558e-13 0)
(1.5 4.26021e-13 0)
(1.5 4.18536e-13 0)
(1.5 3.96775e-13 0)
(1.5 4.14398e-13 0)
(1.5 3.79683e-13 0)
(1.5 2.91855e-13 0)
(1.5 2.47669e-13 0)
(1.5 1.89818e-13 0)
(1.5 1.34093e-13 0)
(1.5 -1.15643e-13 0)
(1.5 -2.81737e-13 0)
(1.5 -3.76261e-13 0)
(1.5 -3.90958e-13 0)
(1.5 -2.44186e-13 0)
(1.5 -5.25708e-14 0)
(1.5 1.45696e-13 0)
(1.5 2.58413e-13 0)
(1.5 1.85189e-13 0)
(1.5 1.77855e-13 0)
(1.5 2.45867e-13 0)
(1.5 2.14547e-13 0)
(1.5 9.85988e-14 0)
(1.5 5.19709e-14 0)
(1.5 4.49192e-14 0)
(1.5 8.84451e-14 0)
(1.5 1.3953e-13 0)
(1.5 4.89002e-14 0)
(1.5 -5.62225e-15 0)
(1.5 7.61683e-14 0)
(1.5 1.77868e-13 0)
(1.5 1.39736e-13 0)
(1.5 1.10678e-13 0)
(1.5 1.25207e-13 0)
(1.5 2.34182e-13 0)
(1.5 2.87365e-13 0)
(1.5 1.65911e-13 0)
(1.5 9.87251e-14 0)
(1.5 2.19446e-14 0)
(1.5 -1.13367e-14 0)
(1.5 -1.208e-14 0)
(1.5 -1.61743e-14 0)
(1.5 -3.48809e-14 0)
(1.5 -5.22985e-14 0)
(1.5 -1.18282e-13 0)
(1.5 -3.48439e-14 0)
(1.5 2.66107e-15 0)
(1.5 -5.34965e-15 0)
(1.5 7.85611e-15 0)
(1.5 -3.49511e-14 0)
(1.5 9.30607e-14 0)
(1.5 6.37407e-14 0)
(1.5 -1.61847e-14 0)
(1.5 -5.58383e-14 0)
(1.5 5.60474e-15 0)
(1.5 -1.56829e-14 0)
(1.5 -2.37539e-14 0)
(1.5 3.43645e-14 0)
(1.5 6.66323e-14 0)
(1.5 9.74222e-14 0)
(1.5 3.28705e-14 0)
(1.5 4.14471e-14 0)
(1.5 5.27182e-14 0)
(1.5 4.47599e-14 0)
(1.5 5.61125e-14 0)
(1.5 8.07299e-14 0)
(1.5 6.9687e-14 0)
(1.5 6.30796e-14 0)
(1.5 -8.46458e-15 0)
(1.5 -2.98356e-15 0)
(1.5 -5.22316e-14 0)
(1.5 -7.62579e-14 0)
(1.5 -1.13079e-13 0)
(1.5 -2.056e-13 0)
(1.5 -1.77229e-13 0)
(1.5 -1.53681e-13 0)
(1.5 -1.20221e-13 0)
(1.5 -3.68059e-14 0)
(1.5 2.74307e-14 0)
(1.5 1.07848e-14 0)
(1.5 1.10167e-14 0)
(1.5 -2.53131e-15 0)
(1.5 -2.97344e-14 0)
(1.5 -6.50189e-14 0)
(1.5 -7.50239e-14 0)
(1.5 -4.11013e-14 0)
(1.5 -9.04726e-14 0)
(1.5 -5.60076e-14 0)
(1.5 -3.63903e-14 0)
(1.5 -3.48188e-14 0)
(1.5 -1.00589e-14 0)
(1.5 -6.68807e-15 0)
(1.5 1.45016e-14 0)
(1.5 -8.45569e-15 0)
(1.5 -8.78679e-15 0)
(1.5 7.62879e-16 0)
(1.5 9.00827e-14 0)
(1.5 1.35392e-13 0)
(1.5 9.61854e-14 0)
(1.5 4.17583e-15 0)
(1.5 2.69337e-14 0)
(1.5 9.28758e-14 0)
(1.5 9.7161e-14 0)
(1.5 4.36083e-14 0)
(1.5 3.63034e-14 0)
(1.5 1.51224e-13 0)
(1.5 1.65688e-13 0)
(1.5 1.69209e-13 0)
(1.5 2.26682e-13 0)
(1.5 3.30872e-13 0)
(1.5 4.19457e-13 0)
(1.5 3.81273e-13 0)
(1.5 3.47938e-13 0)
(1.5 3.13424e-13 0)
(1.5 1.85659e-13 0)
(1.5 2.19879e-13 0)
(1.5 2.16188e-13 0)
(1.5 1.84705e-13 0)
(1.5 2.22436e-13 0)
(1.5 2.36478e-13 0)
(1.5 2.26501e-13 0)
(1.5 2.02912e-13 0)
(1.5 1.123e-13 0)
(1.5 9.0564e-14 0)
(1.5 3.22368e-14 0)
(1.5 -3.55026e-14 0)
(1.5 -4.24836e-14 0)
(1.5 1.42006e-14 0)
(1.5 4.5001e-14 0)
(1.5 1.48892e-13 0)
(1.5 1.56623e-13 0)
(1.5 1.39472e-13 0)
(1.5 1.13744e-13 0)
(1.5 1.29756e-13 0)
(1.5 1.38655e-13 0)
(1.5 2.13901e-13 0)
(1.5 2.138e-13 0)
(1.5 1.49469e-13 0)
(1.5 9.27829e-14 0)
(1.5 8.74904e-14 0)
(1.5 4.93706e-14 0)
(1.5 8.4534e-14 0)
(1.5 1.26946e-13 0)
(1.5 9.49384e-14 0)
(1.5 2.52323e-14 0)
(1.5 -1.32284e-14 0)
(1.5 2.2113e-14 0)
(1.5 -2.55152e-15 0)
(1.5 1.42998e-14 0)
(1.5 1.05451e-14 0)
(1.5 -5.63203e-14 0)
(1.5 -9.0714e-14 0)
(1.5 -1.09007e-13 0)
(1.5 -6.20238e-14 0)
(1.5 -5.66468e-14 0)
(1.5 -5.87591e-14 0)
(1.5 -1.6119e-13 0)
(1.5 -2.42364e-13 0)
(1.5 -2.2071e-13 0)
(1.5 -2.94973e-13 0)
(1.5 -2.93364e-13 0)
(1.5 -2.83871e-13 0)
(1.5 -1.81391e-13 0)
(1.5 -5.52261e-14 0)
(1.5 -6.70713e-14 0)
(1.5 -3.28903e-13 0)
(1.5 -4.19051e-13 0)
(1.5 -3.79933e-13 0)
(1.5 -3.57952e-13 0)
(1.5 -2.56759e-13 0)
(1.5 -4.70286e-13 0)
(1.5 -5.5811e-13 0)
(1.5 -5.63791e-13 0)
(1.5 -5.97818e-13 0)
(1.5 -4.93541e-13 0)
(1.5 -4.08724e-13 0)
(1.5 -3.74583e-13 0)
(1.5 -2.36724e-13 0)
(1.5 -1.33533e-13 0)
(1.5 -2.73024e-14 0)
(1.5 -5.22262e-14 0)
(1.5 1.49988e-14 0)
(1.5 1.72313e-13 0)
(1.5 2.73851e-13 0)
(1.5 3.60735e-13 0)
(1.5 4.27635e-13 0)
(1.5 4.20982e-13 0)
(1.5 3.4696e-13 0)
(1.5 2.1751e-13 0)
(1.5 1.79114e-13 0)
(1.5 2.16983e-13 0)
(1.5 1.66744e-13 0)
(1.5 3.13246e-14 0)
(1.5 -9.80704e-14 0)
(1.5 -8.55801e-14 0)
(1.5 -1.42342e-14 0)
(1.5 1.32403e-14 0)
(1.5 1.28785e-14 0)
(1.5 2.63646e-14 0)
(1.5 4.81648e-14 0)
(1.5 1.08989e-13 0)
(1.5 2.8469e-13 0)
(1.5 3.15497e-13 0)
(1.5 3.64641e-13 0)
(1.5 3.77569e-13 0)
(1.5 3.53822e-13 0)
(1.5 2.72153e-13 0)
(1.5 1.73747e-13 0)
(1.5 1.13802e-13 0)
(1.5 7.11606e-14 0)
(1.5 -1.79625e-13 0)
(1.5 -3.81626e-13 0)
(1.5 -4.44468e-13 0)
(1.5 -3.79922e-13 0)
(1.5 -2.25434e-13 0)
(1.5 7.15063e-14 0)
(1.5 1.82698e-13 0)
(1.5 3.28362e-13 0)
(1.5 2.29019e-13 0)
(1.5 9.75585e-14 0)
(1.5 9.26942e-14 0)
(1.5 2.93528e-14 0)
(1.5 -8.37489e-14 0)
(1.5 -1.08919e-13 0)
(1.5 -9.46223e-14 0)
(1.5 -1.22696e-13 0)
(1.5 -1.7975e-13 0)
(1.5 -2.30472e-13 0)
(1.5 -5.81335e-14 0)
(1.5 -8.87985e-15 0)
(1.5 6.41901e-15 0)
(1.5 3.67555e-14 0)
(1.5 3.52869e-14 0)
(1.5 1.18178e-13 0)
(1.5 2.44376e-13 0)
(1.5 2.8541e-13 0)
(1.5 2.21587e-13 0)
(1.5 1.70414e-13 0)
(1.5 5.95305e-14 0)
(1.5 3.24276e-14 0)
(1.5 -1.99859e-14 0)
(1.5 -3.00876e-14 0)
(1.5 -1.2958e-14 0)
(1.5 -9.01891e-14 0)
(1.5 -1.19651e-13 0)
(1.5 -2.54681e-14 0)
(1.5 1.55921e-14 0)
(1.5 1.99331e-14 0)
(1.5 -4.13492e-14 0)
(1.5 -7.69199e-14 0)
(1.5 4.47981e-15 0)
(1.5 -3.53982e-14 0)
(1.5 -6.48965e-14 0)
(1.5 -6.05473e-14 0)
(1.5 -5.77082e-14 0)
(1.5 -6.91868e-14 0)
(1.5 -2.2809e-14 0)
(1.5 -1.28531e-14 0)
(1.5 -4.49446e-14 0)
(1.5 -3.44769e-14 0)
(1.5 -3.78347e-14 0)
(1.5 7.74659e-15 0)
(1.5 2.94202e-14 0)
(1.5 -3.87188e-15 0)
(1.5 -1.92771e-14 0)
(1.5 -8.42333e-14 0)
(1.5 -2.8451e-14 0)
(1.5 5.73681e-14 0)
(1.5 -2.13251e-14 0)
(1.5 -7.21256e-14 0)
(1.5 -1.09092e-13 0)
(1.5 -9.81217e-14 0)
(1.5 -1.22951e-13 0)
(1.5 -1.39823e-13 0)
(1.5 -6.76793e-14 0)
(1.5 -7.8169e-14 0)
(1.5 -9.60749e-14 0)
(1.5 -1.20563e-13 0)
(1.5 -9.41411e-14 0)
(1.5 -8.05794e-14 0)
(1.5 -7.82464e-14 0)
(1.5 -2.14846e-14 0)
(1.5 -1.2698e-14 0)
(1.5 -5.76452e-14 0)
(1.5 -7.95839e-14 0)
(1.5 -8.67193e-14 0)
(1.5 -1.07354e-13 0)
(1.5 -9.87568e-14 0)
(1.5 -7.47369e-14 0)
(1.5 -2.73846e-14 0)
(1.5 -1.51887e-14 0)
(1.5 -3.66543e-14 0)
(1.5 -4.93074e-14 0)
(1.5 -7.75544e-14 0)
(1.5 -9.28268e-14 0)
(1.5 -6.02467e-14 0)
(1.5 2.1304e-14 0)
(1.5 3.3573e-14 0)
(1.5 5.16493e-15 0)
(1.5 6.23486e-16 0)
(1.5 8.29254e-14 0)
(1.5 1.53571e-13 0)
(1.5 1.21038e-13 0)
(1.5 5.85311e-14 0)
(1.5 1.02031e-13 0)
(1.5 1.07726e-13 0)
(1.5 1.60341e-13 0)
(1.5 1.72576e-13 0)
(1.5 1.31845e-13 0)
(1.5 2.01509e-13 0)
(1.5 2.82911e-13 0)
(1.5 2.68479e-13 0)
(1.5 2.70677e-13 0)
(1.5 2.45401e-13 0)
(1.5 1.97697e-13 0)
(1.5 1.84032e-13 0)
(1.5 1.44977e-13 0)
(1.5 1.57509e-13 0)
(1.5 2.16921e-13 0)
(1.5 2.37987e-13 0)
(1.5 2.08142e-13 0)
(1.5 1.92613e-13 0)
(1.5 1.32224e-13 0)
(1.5 4.86739e-14 0)
(1.5 -4.56925e-14 0)
(1.5 -4.07333e-14 0)
(1.5 -4.30314e-14 0)
(1.5 -5.99894e-15 0)
(1.5 1.19888e-14 0)
(1.5 4.32473e-14 0)
(1.5 1.16932e-13 0)
(1.5 1.17793e-13 0)
(1.5 1.1989e-13 0)
(1.5 1.14907e-13 0)
(1.5 9.09083e-14 0)
(1.5 1.01084e-13 0)
(1.5 1.65094e-13 0)
(1.5 1.7955e-13 0)
(1.5 2.35028e-13 0)
(1.5 2.02647e-13 0)
(1.5 1.14178e-13 0)
(1.5 1.16547e-13 0)
(1.5 1.02375e-13 0)
(1.5 4.00626e-14 0)
(1.5 8.20841e-14 0)
(1.5 1.34059e-13 0)
(1.5 1.4735e-13 0)
(1.5 1.46902e-13 0)
(1.5 1.25803e-13 0)
(1.5 1.04773e-13 0)
(1.5 -8.83873e-14 0)
(1.5 -1.03887e-13 0)
(1.5 -5.65026e-14 0)
(1.5 2.74635e-15 0)
(1.5 -5.05171e-14 0)
(1.5 -1.08752e-13 0)
(1.5 -9.66485e-14 0)
(1.5 -1.49803e-13 0)
(1.5 -2.37012e-13 0)
(1.5 -2.69614e-13 0)
(1.5 -2.25365e-13 0)
(1.5 -2.23751e-13 0)
(1.5 -1.21013e-13 0)
(1.5 -9.91835e-15 0)
(1.5 -4.99382e-14 0)
(1.5 -2.95672e-13 0)
(1.5 -4.01402e-13 0)
(1.5 -3.55187e-13 0)
(1.5 -2.93607e-13 0)
(1.5 -3.03704e-13 0)
(1.5 -5.19509e-13 0)
(1.5 -5.91256e-13 0)
(1.5 -6.04604e-13 0)
(1.5 -5.49617e-13 0)
(1.5 -4.68778e-13 0)
(1.5 -4.33105e-13 0)
(1.5 -3.72177e-13 0)
(1.5 -2.08401e-13 0)
(1.5 -2.39357e-14 0)
(1.5 2.4565e-14 0)
(1.5 -1.67669e-13 0)
(1.5 -1.84422e-13 0)
(1.5 -1.02578e-13 0)
(1.5 4.10911e-14 0)
(1.5 1.28594e-13 0)
(1.5 1.49714e-13 0)
(1.5 1.50266e-13 0)
(1.5 1.61146e-13 0)
(1.5 3.8103e-14 0)
(1.5 -1.61617e-14 0)
(1.5 -3.99264e-14 0)
(1.5 6.37927e-15 0)
(1.5 -7.86992e-14 0)
(1.5 -1.17393e-13 0)
(1.5 -2.19554e-13 0)
(1.5 -2.87692e-13 0)
(1.5 -2.37999e-13 0)
(1.5 -1.67992e-13 0)
(1.5 -1.73593e-13 0)
(1.5 -6.30508e-14 0)
(1.5 2.04086e-14 0)
(1.5 1.35662e-13 0)
(1.5 2.81935e-13 0)
(1.5 2.87973e-13 0)
(1.5 2.94485e-13 0)
(1.5 2.99209e-13 0)
(1.5 2.6399e-13 0)
(1.5 1.80615e-13 0)
(1.5 1.56857e-13 0)
(1.5 4.36884e-14 0)
(1.5 -2.0125e-13 0)
(1.5 -4.18792e-13 0)
(1.5 -4.69965e-13 0)
(1.5 -2.90919e-13 0)
(1.5 -1.40852e-13 0)
(1.5 1.28388e-13 0)
(1.5 1.72158e-13 0)
(1.5 1.61136e-13 0)
(1.5 1.6012e-13 0)
(1.5 6.05702e-14 0)
(1.5 -8.5176e-14 0)
(1.5 -1.55711e-13 0)
(1.5 -1.51428e-13 0)
(1.5 -1.73007e-13 0)
(1.5 -2.59116e-13 0)
(1.5 -3.78732e-13 0)
(1.5 -5.28228e-13 0)
(1.5 -5.71181e-13 0)
(1.5 2.74636e-14 0)
(1.5 4.45158e-14 0)
(1.5 6.5506e-15 0)
(1.5 5.82431e-14 0)
(1.5 9.03265e-14 0)
(1.5 1.88531e-13 0)
(1.5 2.37642e-13 0)
(1.5 2.26215e-13 0)
(1.5 2.31455e-13 0)
(1.5 1.9375e-13 0)
(1.5 1.54774e-13 0)
(1.5 6.40618e-14 0)
(1.5 -2.52298e-14 0)
(1.5 -2.49109e-14 0)
(1.5 -2.51653e-14 0)
(1.5 -4.67025e-14 0)
(1.5 -2.89674e-14 0)
(1.5 2.73299e-14 0)
(1.5 1.05271e-14 0)
(1.5 -1.01337e-14 0)
(1.5 -2.44858e-14 0)
(1.5 1.5793e-14 0)
(1.5 -2.63406e-14 0)
(1.5 -1.83836e-14 0)
(1.5 -3.32294e-14 0)
(1.5 -3.70379e-14 0)
(1.5 -8.41946e-14 0)
(1.5 -8.53349e-14 0)
(1.5 -2.44456e-14 0)
(1.5 -6.23825e-14 0)
(1.5 -1.15779e-13 0)
(1.5 -1.39636e-13 0)
(1.5 -1.13992e-13 0)
(1.5 -9.85956e-14 0)
(1.5 -4.56411e-14 0)
(1.5 1.68306e-14 0)
(1.5 -6.93661e-15 0)
(1.5 -7.32276e-14 0)
(1.5 -5.18401e-14 0)
(1.5 1.56441e-14 0)
(1.5 5.08505e-15 0)
(1.5 -2.64318e-14 0)
(1.5 -4.96574e-14 0)
(1.5 -6.44644e-14 0)
(1.5 -8.62051e-14 0)
(1.5 -4.64083e-14 0)
(1.5 -2.38989e-14 0)
(1.5 -5.97645e-14 0)
(1.5 -1.12249e-13 0)
(1.5 -1.72916e-13 0)
(1.5 -1.80744e-13 0)
(1.5 -1.4397e-13 0)
(1.5 -1.05625e-13 0)
(1.5 -3.39535e-14 0)
(1.5 1.07711e-14 0)
(1.5 3.25655e-14 0)
(1.5 -4.31144e-14 0)
(1.5 -6.62303e-14 0)
(1.5 -7.32066e-14 0)
(1.5 -1.29979e-13 0)
(1.5 -1.21773e-13 0)
(1.5 -1.20262e-13 0)
(1.5 -7.78649e-14 0)
(1.5 -6.56947e-14 0)
(1.5 -7.48839e-14 0)
(1.5 -5.29536e-14 0)
(1.5 -7.26066e-14 0)
(1.5 -5.39953e-14 0)
(1.5 -8.82966e-15 0)
(1.5 -1.23757e-14 0)
(1.5 -2.85433e-14 0)
(1.5 2.24887e-14 0)
(1.5 6.0898e-14 0)
(1.5 9.51051e-14 0)
(1.5 1.30592e-13 0)
(1.5 1.30074e-13 0)
(1.5 1.45359e-13 0)
(1.5 1.02235e-13 0)
(1.5 1.48098e-13 0)
(1.5 1.57733e-13 0)
(1.5 4.43829e-14 0)
(1.5 9.68432e-14 0)
(1.5 1.40687e-13 0)
(1.5 2.05383e-13 0)
(1.5 1.96201e-13 0)
(1.5 1.95357e-13 0)
(1.5 2.19716e-13 0)
(1.5 1.26701e-13 0)
(1.5 9.66823e-14 0)
(1.5 1.42199e-13 0)
(1.5 2.12819e-13 0)
(1.5 2.05172e-13 0)
(1.5 1.25027e-13 0)
(1.5 1.02966e-13 0)
(1.5 9.55962e-14 0)
(1.5 2.66358e-14 0)
(1.5 -2.55097e-14 0)
(1.5 1.12946e-14 0)
(1.5 -5.44392e-14 0)
(1.5 -6.78171e-14 0)
(1.5 -5.58597e-14 0)
(1.5 -7.40961e-14 0)
(1.5 2.73588e-14 0)
(1.5 9.76196e-14 0)
(1.5 1.39471e-13 0)
(1.5 1.33922e-13 0)
(1.5 6.28408e-14 0)
(1.5 -3.48839e-14 0)
(1.5 -2.09824e-14 0)
(1.5 3.83425e-14 0)
(1.5 7.19982e-14 0)
(1.5 6.36424e-14 0)
(1.5 8.15647e-14 0)
(1.5 9.23507e-14 0)
(1.5 7.65779e-14 0)
(1.5 4.50382e-14 0)
(1.5 4.10563e-14 0)
(1.5 1.05154e-13 0)
(1.5 8.54771e-14 0)
(1.5 8.21287e-14 0)
(1.5 1.04088e-13 0)
(1.5 1.2413e-13 0)
(1.5 5.27184e-14 0)
(1.5 2.56494e-15 0)
(1.5 -2.62767e-15 0)
(1.5 -1.23886e-14 0)
(1.5 -1.08127e-13 0)
(1.5 -1.68833e-13 0)
(1.5 -1.09477e-13 0)
(1.5 -1.36989e-13 0)
(1.5 -2.98081e-13 0)
(1.5 -2.5924e-13 0)
(1.5 -2.68004e-13 0)
(1.5 -2.94882e-13 0)
(1.5 -2.78669e-13 0)
(1.5 -1.8491e-13 0)
(1.5 -1.44541e-13 0)
(1.5 -2.33114e-13 0)
(1.5 -3.21261e-13 0)
(1.5 -3.08219e-13 0)
(1.5 -2.38576e-13 0)
(1.5 -3.56979e-13 0)
(1.5 -5.02548e-13 0)
(1.5 -5.85882e-13 0)
(1.5 -6.42891e-13 0)
(1.5 -5.95265e-13 0)
(1.5 -5.23667e-13 0)
(1.5 -5.19655e-13 0)
(1.5 -4.14278e-13 0)
(1.5 -2.79171e-13 0)
(1.5 -9.98553e-14 0)
(1.5 -4.20921e-14 0)
(1.5 -1.91398e-13 0)
(1.5 -2.22858e-13 0)
(1.5 -2.4237e-13 0)
(1.5 -2.62382e-13 0)
(1.5 -2.55511e-13 0)
(1.5 -2.06398e-13 0)
(1.5 -9.99886e-14 0)
(1.5 -1.96811e-14 0)
(1.5 -2.16917e-14 0)
(1.5 -1.15308e-13 0)
(1.5 -2.43526e-13 0)
(1.5 -2.44795e-13 0)
(1.5 -3.09987e-13 0)
(1.5 -3.14808e-13 0)
(1.5 -4.66927e-13 0)
(1.5 -6.17833e-13 0)
(1.5 -5.45415e-13 0)
(1.5 -4.47323e-13 0)
(1.5 -4.07242e-13 0)
(1.5 -2.48969e-13 0)
(1.5 -1.49286e-13 0)
(1.5 -9.20516e-14 0)
(1.5 9.00794e-14 0)
(1.5 1.38338e-13 0)
(1.5 1.85217e-13 0)
(1.5 2.3502e-13 0)
(1.5 1.75042e-13 0)
(1.5 4.58775e-14 0)
(1.5 -3.74265e-14 0)
(1.5 -1.54427e-13 0)
(1.5 -3.10489e-13 0)
(1.5 -4.10228e-13 0)
(1.5 -4.27476e-13 0)
(1.5 -3.07698e-13 0)
(1.5 -1.89948e-13 0)
(1.5 -1.7891e-14 0)
(1.5 7.42075e-14 0)
(1.5 3.73662e-14 0)
(1.5 2.43704e-14 0)
(1.5 -1.01048e-13 0)
(1.5 -3.42356e-13 0)
(1.5 -4.04956e-13 0)
(1.5 -4.19733e-13 0)
(1.5 -4.15767e-13 0)
(1.5 -4.70866e-13 0)
(1.5 -5.75502e-13 0)
(1.5 -6.92386e-13 0)
(1.5 -6.98963e-13 0)
(1.5 8.67447e-14 0)
(1.5 1.60941e-13 0)
(1.5 1.92215e-13 0)
(1.5 2.33193e-13 0)
(1.5 1.82201e-13 0)
(1.5 1.93758e-13 0)
(1.5 1.19125e-13 0)
(1.5 8.75134e-14 0)
(1.5 6.79179e-14 0)
(1.5 2.659e-14 0)
(1.5 2.74071e-14 0)
(1.5 -5.96113e-14 0)
(1.5 -6.68308e-14 0)
(1.5 -2.43476e-14 0)
(1.5 -9.1528e-14 0)
(1.5 -1.14589e-13 0)
(1.5 -9.49552e-14 0)
(1.5 -8.67806e-14 0)
(1.5 -5.63407e-14 0)
(1.5 -4.9808e-14 0)
(1.5 1.71969e-16 0)
(1.5 5.36845e-14 0)
(1.5 -3.13475e-14 0)
(1.5 -4.27642e-15 0)
(1.5 -5.24438e-15 0)
(1.5 -4.52142e-15 0)
(1.5 -9.72277e-14 0)
(1.5 -7.82424e-14 0)
(1.5 -4.05025e-14 0)
(1.5 -8.54644e-14 0)
(1.5 -1.0632e-13 0)
(1.5 -1.86414e-13 0)
(1.5 -1.9886e-13 0)
(1.5 -1.8311e-13 0)
(1.5 -6.96711e-14 0)
(1.5 3.8627e-14 0)
(1.5 4.38095e-14 0)
(1.5 4.2683e-14 0)
(1.5 6.03334e-14 0)
(1.5 2.30376e-14 0)
(1.5 -2.50343e-14 0)
(1.5 2.90669e-14 0)
(1.5 -8.38378e-16 0)
(1.5 -2.72191e-14 0)
(1.5 -4.0313e-14 0)
(1.5 -5.18969e-14 0)
(1.5 -4.55696e-14 0)
(1.5 -4.56101e-14 0)
(1.5 -1.20735e-13 0)
(1.5 -1.28806e-13 0)
(1.5 -1.42204e-13 0)
(1.5 -1.1759e-13 0)
(1.5 -9.51756e-14 0)
(1.5 -4.07935e-14 0)
(1.5 3.37506e-14 0)
(1.5 4.9246e-14 0)
(1.5 -5.6829e-14 0)
(1.5 1.69948e-14 0)
(1.5 -5.30162e-15 0)
(1.5 -6.93731e-14 0)
(1.5 -6.62639e-14 0)
(1.5 -8.69807e-14 0)
(1.5 -5.42703e-14 0)
(1.5 -5.10541e-14 0)
(1.5 -3.07522e-14 0)
(1.5 1.58074e-16 0)
(1.5 1.48114e-14 0)
(1.5 3.10522e-14 0)
(1.5 3.15626e-14 0)
(1.5 -1.08321e-14 0)
(1.5 -1.97732e-14 0)
(1.5 3.11121e-14 0)
(1.5 8.6478e-14 0)
(1.5 1.20262e-13 0)
(1.5 1.43574e-13 0)
(1.5 2.01514e-13 0)
(1.5 1.47129e-13 0)
(1.5 1.31633e-13 0)
(1.5 1.04969e-13 0)
(1.5 5.03474e-14 0)
(1.5 -1.33977e-14 0)
(1.5 5.01422e-14 0)
(1.5 7.70103e-14 0)
(1.5 1.14855e-13 0)
(1.5 1.19553e-13 0)
(1.5 1.36247e-13 0)
(1.5 1.85117e-13 0)
(1.5 1.37874e-13 0)
(1.5 1.41508e-13 0)
(1.5 2.14539e-13 0)
(1.5 2.07127e-13 0)
(1.5 1.89995e-13 0)
(1.5 1.31367e-13 0)
(1.5 6.95789e-14 0)
(1.5 5.64069e-14 0)
(1.5 3.0389e-14 0)
(1.5 2.91337e-14 0)
(1.5 2.51912e-14 0)
(1.5 -2.3339e-14 0)
(1.5 -6.51664e-14 0)
(1.5 -1.13596e-13 0)
(1.5 -1.54017e-13 0)
(1.5 -1.02255e-13 0)
(1.5 -4.1325e-14 0)
(1.5 -4.39884e-14 0)
(1.5 -1.33388e-14 0)
(1.5 1.742e-14 0)
(1.5 -3.78564e-14 0)
(1.5 -3.41681e-14 0)
(1.5 -2.50887e-14 0)
(1.5 -1.50443e-13 0)
(1.5 -1.50476e-13 0)
(1.5 -6.69436e-14 0)
(1.5 -2.6887e-14 0)
(1.5 2.96251e-14 0)
(1.5 2.69296e-14 0)
(1.5 3.2636e-14 0)
(1.5 9.38423e-15 0)
(1.5 1.99249e-14 0)
(1.5 1.3519e-14 0)
(1.5 -3.8921e-14 0)
(1.5 -3.38763e-14 0)
(1.5 6.42114e-14 0)
(1.5 6.01157e-14 0)
(1.5 5.8505e-15 0)
(1.5 -1.54384e-14 0)
(1.5 -1.05126e-13 0)
(1.5 -1.36337e-13 0)
(1.5 -1.40586e-13 0)
(1.5 -1.82034e-13 0)
(1.5 -2.58443e-13 0)
(1.5 -2.0177e-13 0)
(1.5 -3.31804e-13 0)
(1.5 -4.00232e-13 0)
(1.5 -4.48412e-13 0)
(1.5 -3.99213e-13 0)
(1.5 -3.38678e-13 0)
(1.5 -2.63516e-13 0)
(1.5 -2.75788e-13 0)
(1.5 -2.234e-13 0)
(1.5 -1.86782e-13 0)
(1.5 -2.97441e-13 0)
(1.5 -3.66902e-13 0)
(1.5 -4.86009e-13 0)
(1.5 -6.04627e-13 0)
(1.5 -5.62999e-13 0)
(1.5 -5.27895e-13 0)
(1.5 -5.53811e-13 0)
(1.5 -4.88927e-13 0)
(1.5 -3.69489e-13 0)
(1.5 -1.47026e-13 0)
(1.5 -3.82342e-14 0)
(1.5 -6.47424e-14 0)
(1.5 -1.31689e-13 0)
(1.5 -1.56636e-13 0)
(1.5 -1.97868e-13 0)
(1.5 -2.48136e-13 0)
(1.5 -2.85937e-13 0)
(1.5 -2.19426e-13 0)
(1.5 -2.10953e-13 0)
(1.5 -1.40738e-13 0)
(1.5 -2.29941e-13 0)
(1.5 -3.78621e-13 0)
(1.5 -4.76825e-13 0)
(1.5 -5.18195e-13 0)
(1.5 -5.84562e-13 0)
(1.5 -7.32666e-13 0)
(1.5 -9.1347e-13 0)
(1.5 -8.55441e-13 0)
(1.5 -6.81505e-13 0)
(1.5 -5.33257e-13 0)
(1.5 -4.42541e-13 0)
(1.5 -3.95442e-13 0)
(1.5 -3.30991e-13 0)
(1.5 -1.14929e-13 0)
(1.5 7.4201e-14 0)
(1.5 6.64801e-14 0)
(1.5 1.33393e-14 0)
(1.5 -5.65238e-14 0)
(1.5 -1.70417e-13 0)
(1.5 -2.45335e-13 0)
(1.5 -2.61845e-13 0)
(1.5 -3.55936e-13 0)
(1.5 -3.69926e-13 0)
(1.5 -3.60404e-13 0)
(1.5 -3.99364e-13 0)
(1.5 -3.68005e-13 0)
(1.5 -2.17724e-13 0)
(1.5 -6.78688e-14 0)
(1.5 -6.13569e-14 0)
(1.5 -1.11753e-13 0)
(1.5 -2.39258e-13 0)
(1.5 -5.57967e-13 0)
(1.5 -6.73877e-13 0)
(1.5 -7.23839e-13 0)
(1.5 -6.61034e-13 0)
(1.5 -6.24862e-13 0)
(1.5 -6.90604e-13 0)
(1.5 -7.52507e-13 0)
(1.5 -7.1875e-13 0)
(1.5 4.35277e-14 0)
(1.5 1.74492e-13 0)
(1.5 2.4928e-13 0)
(1.5 2.68638e-13 0)
(1.5 2.61563e-13 0)
(1.5 1.91472e-13 0)
(1.5 8.30081e-14 0)
(1.5 2.73452e-14 0)
(1.5 -1.96133e-14 0)
(1.5 -1.03465e-13 0)
(1.5 -1.76862e-13 0)
(1.5 -2.10428e-13 0)
(1.5 -1.34408e-13 0)
(1.5 -1.19193e-13 0)
(1.5 -1.92545e-13 0)
(1.5 -2.36589e-13 0)
(1.5 -2.14183e-13 0)
(1.5 -1.99817e-13 0)
(1.5 -7.1099e-14 0)
(1.5 -2.99875e-14 0)
(1.5 -9.06332e-15 0)
(1.5 1.19947e-14 0)
(1.5 1.51229e-14 0)
(1.5 2.39056e-14 0)
(1.5 2.53085e-14 0)
(1.5 1.44541e-14 0)
(1.5 -2.66964e-14 0)
(1.5 -5.34064e-14 0)
(1.5 -8.98547e-14 0)
(1.5 -1.28116e-13 0)
(1.5 -1.27989e-13 0)
(1.5 -2.22943e-13 0)
(1.5 -2.2935e-13 0)
(1.5 -1.55024e-13 0)
(1.5 -8.14237e-14 0)
(1.5 -2.3936e-14 0)
(1.5 -3.27664e-14 0)
(1.5 5.18546e-15 0)
(1.5 1.09203e-15 0)
(1.5 -9.14834e-15 0)
(1.5 5.57055e-15 0)
(1.5 1.89776e-14 0)
(1.5 1.18972e-14 0)
(1.5 -1.03535e-15 0)
(1.5 1.05928e-14 0)
(1.5 -4.24738e-14 0)
(1.5 -7.02557e-14 0)
(1.5 -3.91282e-14 0)
(1.5 -7.21519e-14 0)
(1.5 -8.3478e-14 0)
(1.5 -9.38559e-14 0)
(1.5 -1.00713e-13 0)
(1.5 -5.72206e-14 0)
(1.5 -4.35692e-14 0)
(1.5 2.27919e-14 0)
(1.5 4.36697e-14 0)
(1.5 7.1897e-15 0)
(1.5 3.89551e-14 0)
(1.5 2.01362e-14 0)
(1.5 -2.81176e-14 0)
(1.5 -4.33459e-14 0)
(1.5 -4.86733e-14 0)
(1.5 -5.20431e-14 0)
(1.5 -5.72595e-14 0)
(1.5 -5.78923e-16 0)
(1.5 3.19031e-14 0)
(1.5 6.9518e-14 0)
(1.5 8.40498e-14 0)
(1.5 4.95101e-14 0)
(1.5 3.68796e-15 0)
(1.5 -1.94631e-14 0)
(1.5 5.73457e-14 0)
(1.5 1.0939e-13 0)
(1.5 9.49975e-14 0)
(1.5 8.92406e-14 0)
(1.5 1.50213e-13 0)
(1.5 1.30557e-13 0)
(1.5 1.05055e-13 0)
(1.5 1.9693e-14 0)
(1.5 -1.78396e-14 0)
(1.5 -3.05848e-15 0)
(1.5 -1.71476e-14 0)
(1.5 3.08132e-14 0)
(1.5 2.96294e-14 0)
(1.5 5.97356e-14 0)
(1.5 8.74582e-14 0)
(1.5 1.32925e-13 0)
(1.5 1.28198e-13 0)
(1.5 1.77277e-13 0)
(1.5 2.03963e-13 0)
(1.5 1.65702e-13 0)
(1.5 1.92403e-13 0)
(1.5 1.81982e-13 0)
(1.5 7.35865e-14 0)
(1.5 3.26474e-14 0)
(1.5 8.84386e-15 0)
(1.5 -2.30147e-14 0)
(1.5 -4.77759e-14 0)
(1.5 -1.0128e-14 0)
(1.5 -6.04601e-14 0)
(1.5 -1.6406e-13 0)
(1.5 -1.46258e-13 0)
(1.5 -1.09813e-13 0)
(1.5 -1.24248e-13 0)
(1.5 -1.02107e-13 0)
(1.5 -6.29186e-14 0)
(1.5 1.23864e-14 0)
(1.5 1.58296e-14 0)
(1.5 8.98566e-15 0)
(1.5 -3.00848e-14 0)
(1.5 -1.14724e-13 0)
(1.5 -8.48671e-14 0)
(1.5 6.26787e-16 0)
(1.5 4.59606e-14 0)
(1.5 6.52842e-14 0)
(1.5 6.28591e-14 0)
(1.5 1.08261e-13 0)
(1.5 4.51321e-15 0)
(1.5 2.79972e-14 0)
(1.5 -1.16046e-14 0)
(1.5 -9.98586e-14 0)
(1.5 -5.71748e-14 0)
(1.5 -7.80043e-15 0)
(1.5 5.78999e-14 0)
(1.5 -3.57149e-14 0)
(1.5 -6.48059e-14 0)
(1.5 -3.29271e-14 0)
(1.5 8.48612e-15 0)
(1.5 -2.61464e-14 0)
(1.5 -7.64584e-14 0)
(1.5 -7.58978e-14 0)
(1.5 -2.86299e-14 0)
(1.5 -2.08356e-13 0)
(1.5 -3.25571e-13 0)
(1.5 -3.55422e-13 0)
(1.5 -3.14158e-13 0)
(1.5 -2.21245e-13 0)
(1.5 -1.14569e-13 0)
(1.5 -1.26551e-13 0)
(1.5 -1.34623e-13 0)
(1.5 -2.36404e-13 0)
(1.5 -2.36749e-13 0)
(1.5 -1.80854e-13 0)
(1.5 -2.37203e-13 0)
(1.5 -3.74891e-13 0)
(1.5 -4.09197e-13 0)
(1.5 -3.96026e-13 0)
(1.5 -4.36122e-13 0)
(1.5 -3.67859e-13 0)
(1.5 -2.67835e-13 0)
(1.5 -7.33085e-14 0)
(1.5 -1.03926e-14 0)
(1.5 -1.79967e-14 0)
(1.5 -1.01704e-14 0)
(1.5 -9.05771e-14 0)
(1.5 -1.0562e-13 0)
(1.5 -1.33519e-13 0)
(1.5 -2.06895e-13 0)
(1.5 -2.37641e-13 0)
(1.5 -2.59453e-13 0)
(1.5 -2.72162e-13 0)
(1.5 -3.54226e-13 0)
(1.5 -5.20874e-13 0)
(1.5 -5.33916e-13 0)
(1.5 -5.22918e-13 0)
(1.5 -5.92461e-13 0)
(1.5 -6.68855e-13 0)
(1.5 -8.87755e-13 0)
(1.5 -8.69444e-13 0)
(1.5 -8.00505e-13 0)
(1.5 -6.49048e-13 0)
(1.5 -5.55696e-13 0)
(1.5 -5.70871e-13 0)
(1.5 -4.5172e-13 0)
(1.5 -2.00704e-13 0)
(1.5 7.35967e-14 0)
(1.5 1.03118e-13 0)
(1.5 -9.9146e-14 0)
(1.5 -1.76951e-13 0)
(1.5 -2.18736e-13 0)
(1.5 -2.54301e-13 0)
(1.5 -2.54499e-13 0)
(1.5 -3.70861e-13 0)
(1.5 -3.55206e-13 0)
(1.5 -2.91465e-13 0)
(1.5 -2.70304e-13 0)
(1.5 -2.33655e-13 0)
(1.5 -1.28221e-13 0)
(1.5 -1.73448e-14 0)
(1.5 -7.1205e-14 0)
(1.5 -1.52161e-13 0)
(1.5 -2.63192e-13 0)
(1.5 -6.32756e-13 0)
(1.5 -7.20096e-13 0)
(1.5 -7.10888e-13 0)
(1.5 -7.25102e-13 0)
(1.5 -7.34014e-13 0)
(1.5 -8.02305e-13 0)
(1.5 -8.42002e-13 0)
(1.5 -8.63815e-13 0)
(1.5 6.91712e-14 0)
(1.5 1.50255e-13 0)
(1.5 1.33651e-13 0)
(1.5 9.4307e-14 0)
(1.5 1.10127e-13 0)
(1.5 4.46037e-14 0)
(1.5 3.83265e-14 0)
(1.5 -1.55202e-14 0)
(1.5 -3.97272e-14 0)
(1.5 -1.09386e-13 0)
(1.5 -1.77188e-13 0)
(1.5 -2.25509e-13 0)
(1.5 -1.89976e-13 0)
(1.5 -1.57675e-13 0)
(1.5 -1.77652e-13 0)
(1.5 -1.85175e-13 0)
(1.5 -1.40702e-13 0)
(1.5 -1.50197e-13 0)
(1.5 -9.33966e-14 0)
(1.5 1.65954e-14 0)
(1.5 4.47341e-14 0)
(1.5 5.3295e-14 0)
(1.5 4.57472e-14 0)
(1.5 2.31245e-15 0)
(1.5 -6.20594e-14 0)
(1.5 -3.64979e-14 0)
(1.5 -2.03629e-14 0)
(1.5 -8.36396e-14 0)
(1.5 -1.04639e-13 0)
(1.5 -9.76725e-14 0)
(1.5 -1.04864e-13 0)
(1.5 -1.2035e-13 0)
(1.5 -1.10577e-13 0)
(1.5 -3.77408e-14 0)
(1.5 -5.40796e-14 0)
(1.5 -4.93612e-14 0)
(1.5 -2.51608e-14 0)
(1.5 -3.04402e-14 0)
(1.5 -3.04815e-14 0)
(1.5 -1.74552e-14 0)
(1.5 1.84387e-15 0)
(1.5 -7.85825e-14 0)
(1.5 -3.00509e-14 0)
(1.5 -7.09248e-14 0)
(1.5 2.53639e-14 0)
(1.5 4.0839e-14 0)
(1.5 -5.36326e-14 0)
(1.5 -4.52306e-14 0)
(1.5 -1.94995e-14 0)
(1.5 -3.32356e-14 0)
(1.5 -2.13899e-14 0)
(1.5 -5.59345e-14 0)
(1.5 -2.38316e-14 0)
(1.5 -4.615e-14 0)
(1.5 -6.12847e-14 0)
(1.5 -4.58694e-14 0)
(1.5 -1.70791e-14 0)
(1.5 -2.14752e-14 0)
(1.5 -5.457e-14 0)
(1.5 -5.94799e-14 0)
(1.5 -8.562e-14 0)
(1.5 -1.07182e-13 0)
(1.5 -1.25383e-13 0)
(1.5 -7.48519e-14 0)
(1.5 -5.69381e-14 0)
(1.5 3.92289e-15 0)
(1.5 6.4375e-14 0)
(1.5 8.37702e-14 0)
(1.5 7.19396e-14 0)
(1.5 6.25894e-14 0)
(1.5 3.54993e-14 0)
(1.5 9.09417e-14 0)
(1.5 6.86447e-14 0)
(1.5 1.48623e-14 0)
(1.5 7.1225e-14 0)
(1.5 5.05203e-14 0)
(1.5 6.57558e-14 0)
(1.5 4.64707e-14 0)
(1.5 1.69282e-14 0)
(1.5 4.66312e-14 0)
(1.5 7.27674e-14 0)
(1.5 -2.8909e-15 0)
(1.5 8.24201e-15 0)
(1.5 2.61608e-15 0)
(1.5 3.40251e-14 0)
(1.5 9.26982e-14 0)
(1.5 1.63135e-13 0)
(1.5 1.45259e-13 0)
(1.5 1.44472e-13 0)
(1.5 1.77701e-13 0)
(1.5 1.45126e-13 0)
(1.5 1.87436e-13 0)
(1.5 2.05398e-13 0)
(1.5 1.43219e-13 0)
(1.5 6.75501e-14 0)
(1.5 -2.5733e-14 0)
(1.5 -1.01348e-13 0)
(1.5 -1.42704e-13 0)
(1.5 -1.09348e-13 0)
(1.5 -1.28658e-13 0)
(1.5 -1.82383e-13 0)
(1.5 -1.62187e-13 0)
(1.5 -1.42145e-13 0)
(1.5 -2.26909e-13 0)
(1.5 -1.61995e-13 0)
(1.5 -1.06075e-13 0)
(1.5 -6.17482e-14 0)
(1.5 -2.06892e-15 0)
(1.5 1.10228e-14 0)
(1.5 -5.16713e-14 0)
(1.5 -4.76074e-14 0)
(1.5 3.98899e-14 0)
(1.5 9.41974e-14 0)
(1.5 1.14897e-13 0)
(1.5 1.01263e-13 0)
(1.5 1.17741e-13 0)
(1.5 1.10243e-13 0)
(1.5 4.83616e-14 0)
(1.5 9.91742e-15 0)
(1.5 -5.44419e-14 0)
(1.5 -4.97929e-14 0)
(1.5 -5.14004e-15 0)
(1.5 -2.46169e-14 0)
(1.5 6.44033e-15 0)
(1.5 -7.35355e-15 0)
(1.5 -4.13632e-14 0)
(1.5 5.6715e-14 0)
(1.5 9.83397e-14 0)
(1.5 1.78337e-14 0)
(1.5 1.20276e-14 0)
(1.5 3.32669e-14 0)
(1.5 5.14905e-14 0)
(1.5 -9.46725e-14 0)
(1.5 -2.28584e-13 0)
(1.5 -2.42588e-13 0)
(1.5 -2.49654e-13 0)
(1.5 -1.55983e-13 0)
(1.5 -9.10751e-14 0)
(1.5 -7.74082e-14 0)
(1.5 -1.29103e-13 0)
(1.5 -2.45386e-13 0)
(1.5 -1.73839e-13 0)
(1.5 -8.60782e-14 0)
(1.5 -1.50515e-13 0)
(1.5 -2.36009e-13 0)
(1.5 -2.62107e-13 0)
(1.5 -2.823e-13 0)
(1.5 -3.40894e-13 0)
(1.5 -2.77955e-13 0)
(1.5 -2.01942e-13 0)
(1.5 -1.29593e-13 0)
(1.5 -3.73967e-14 0)
(1.5 -3.75769e-14 0)
(1.5 -3.55637e-14 0)
(1.5 -1.0871e-13 0)
(1.5 -1.00867e-13 0)
(1.5 -6.77901e-14 0)
(1.5 -1.15733e-13 0)
(1.5 -2.04701e-13 0)
(1.5 -2.49513e-13 0)
(1.5 -3.22282e-13 0)
(1.5 -4.01159e-13 0)
(1.5 -5.80086e-13 0)
(1.5 -6.21801e-13 0)
(1.5 -5.8833e-13 0)
(1.5 -5.29075e-13 0)
(1.5 -4.42183e-13 0)
(1.5 -5.76904e-13 0)
(1.5 -6.18919e-13 0)
(1.5 -7.29694e-13 0)
(1.5 -6.81535e-13 0)
(1.5 -6.57363e-13 0)
(1.5 -6.19531e-13 0)
(1.5 -4.41439e-13 0)
(1.5 -2.46433e-13 0)
(1.5 -4.98775e-14 0)
(1.5 9.75448e-14 0)
(1.5 -4.22353e-14 0)
(1.5 -9.27941e-14 0)
(1.5 -8.20768e-14 0)
(1.5 -1.22638e-13 0)
(1.5 -1.57962e-13 0)
(1.5 -2.78268e-13 0)
(1.5 -2.36076e-13 0)
(1.5 -2.08529e-13 0)
(1.5 -1.79278e-13 0)
(1.5 -1.32574e-13 0)
(1.5 -1.29765e-13 0)
(1.5 -8.99498e-14 0)
(1.5 -9.03331e-14 0)
(1.5 -1.73525e-13 0)
(1.5 -2.73055e-13 0)
(1.5 -5.37315e-13 0)
(1.5 -5.32431e-13 0)
(1.5 -5.08198e-13 0)
(1.5 -6.06551e-13 0)
(1.5 -6.8617e-13 0)
(1.5 -8.20477e-13 0)
(1.5 -8.98919e-13 0)
(1.5 -9.5221e-13 0)
(1.5 8.57056e-15 0)
(1.5 8.28057e-15 0)
(1.5 -2.75741e-14 0)
(1.5 -1.10132e-14 0)
(1.5 3.19031e-14 0)
(1.5 4.74777e-14 0)
(1.5 9.684e-14 0)
(1.5 1.01138e-13 0)
(1.5 3.92112e-14 0)
(1.5 1.88994e-15 0)
(1.5 -1.74939e-14 0)
(1.5 -4.44305e-14 0)
(1.5 -4.58653e-14 0)
(1.5 -5.79625e-14 0)
(1.5 -9.33241e-14 0)
(1.5 -1.03392e-13 0)
(1.5 -1.36555e-13 0)
(1.5 -1.94401e-13 0)
(1.5 -1.80272e-13 0)
(1.5 -5.5508e-14 0)
(1.5 5.78335e-15 0)
(1.5 2.68086e-14 0)
(1.5 1.80507e-14 0)
(1.5 -3.24979e-14 0)
(1.5 -7.04821e-14 0)
(1.5 -1.9768e-14 0)
(1.5 -2.01368e-14 0)
(1.5 1.34411e-15 0)
(1.5 2.24956e-14 0)
(1.5 7.20038e-14 0)
(1.5 4.16994e-14 0)
(1.5 1.4899e-14 0)
(1.5 -1.36252e-14 0)
(1.5 2.62579e-14 0)
(1.5 -1.35907e-14 0)
(1.5 9.87607e-15 0)
(1.5 3.62624e-14 0)
(1.5 1.12026e-14 0)
(1.5 2.04082e-14 0)
(1.5 -2.00838e-14 0)
(1.5 -9.64394e-14 0)
(1.5 -9.11051e-14 0)
(1.5 -2.95347e-14 0)
(1.5 -7.17168e-14 0)
(1.5 6.28694e-15 0)
(1.5 2.9884e-14 0)
(1.5 -1.01651e-14 0)
(1.5 1.6185e-14 0)
(1.5 7.49198e-14 0)
(1.5 4.05495e-14 0)
(1.5 1.88621e-14 0)
(1.5 3.90288e-14 0)
(1.5 5.54498e-14 0)
(1.5 3.74642e-14 0)
(1.5 -5.04468e-14 0)
(1.5 -1.02335e-13 0)
(1.5 -4.76214e-14 0)
(1.5 -6.99646e-14 0)
(1.5 -9.6386e-14 0)
(1.5 -2.99982e-14 0)
(1.5 -3.45504e-14 0)
(1.5 -3.09014e-14 0)
(1.5 -3.58202e-14 0)
(1.5 -3.04897e-14 0)
(1.5 -3.68303e-14 0)
(1.5 2.29368e-14 0)
(1.5 8.75851e-14 0)
(1.5 1.17176e-13 0)
(1.5 9.93285e-14 0)
(1.5 1.2498e-13 0)
(1.5 1.22942e-13 0)
(1.5 7.88813e-14 0)
(1.5 1.04111e-13 0)
(1.5 9.189e-14 0)
(1.5 1.07806e-13 0)
(1.5 5.5394e-14 0)
(1.5 7.89824e-14 0)
(1.5 1.26993e-13 0)
(1.5 1.34643e-13 0)
(1.5 1.24852e-13 0)
(1.5 1.31373e-13 0)
(1.5 5.37665e-14 0)
(1.5 -3.68454e-14 0)
(1.5 -2.8929e-14 0)
(1.5 9.8365e-15 0)
(1.5 3.99731e-14 0)
(1.5 1.13116e-13 0)
(1.5 1.1553e-13 0)
(1.5 5.91725e-14 0)
(1.5 7.69798e-14 0)
(1.5 3.45848e-14 0)
(1.5 2.14674e-14 0)
(1.5 9.16393e-14 0)
(1.5 1.07584e-13 0)
(1.5 4.17471e-14 0)
(1.5 -3.38643e-14 0)
(1.5 -9.2005e-14 0)
(1.5 -1.4916e-13 0)
(1.5 -1.56203e-13 0)
(1.5 -1.59975e-13 0)
(1.5 -1.8568e-13 0)
(1.5 -1.6575e-13 0)
(1.5 -1.50464e-13 0)
(1.5 -2.1244e-13 0)
(1.5 -1.59885e-13 0)
(1.5 -1.0352e-13 0)
(1.5 -2.59087e-14 0)
(1.5 5.0893e-14 0)
(1.5 6.99093e-14 0)
(1.5 2.36131e-14 0)
(1.5 7.96374e-14 0)
(1.5 6.45325e-14 0)
(1.5 3.98256e-14 0)
(1.5 4.0205e-14 0)
(1.5 1.01444e-13 0)
(1.5 1.15233e-13 0)
(1.5 1.03977e-13 0)
(1.5 1.15264e-13 0)
(1.5 6.34877e-14 0)
(1.5 5.13678e-14 0)
(1.5 6.29717e-14 0)
(1.5 7.27264e-15 0)
(1.5 -1.47415e-14 0)
(1.5 -2.31966e-14 0)
(1.5 3.77961e-14 0)
(1.5 3.61734e-14 0)
(1.5 8.77328e-14 0)
(1.5 5.97393e-14 0)
(1.5 -3.09207e-14 0)
(1.5 2.19939e-14 0)
(1.5 6.41494e-14 0)
(1.5 2.04193e-14 0)
(1.5 -1.13802e-14 0)
(1.5 -6.43487e-14 0)
(1.5 -7.75823e-14 0)
(1.5 -1.16955e-13 0)
(1.5 -8.00663e-14 0)
(1.5 -7.33316e-14 0)
(1.5 -4.80592e-14 0)
(1.5 -9.08866e-14 0)
(1.5 -1.21061e-13 0)
(1.5 -1.27107e-13 0)
(1.5 -1.33916e-13 0)
(1.5 -2.32503e-13 0)
(1.5 -2.47758e-13 0)
(1.5 -1.62377e-13 0)
(1.5 -1.32535e-13 0)
(1.5 -1.8433e-13 0)
(1.5 -1.8449e-13 0)
(1.5 -1.79069e-13 0)
(1.5 -1.55661e-13 0)
(1.5 -3.84398e-14 0)
(1.5 -4.34304e-14 0)
(1.5 -1.01578e-13 0)
(1.5 6.03829e-15 0)
(1.5 2.73519e-14 0)
(1.5 2.08046e-14 0)
(1.5 -1.18422e-14 0)
(1.5 -8.9127e-14 0)
(1.5 -1.94707e-13 0)
(1.5 -3.41917e-13 0)
(1.5 -3.51728e-13 0)
(1.5 -4.28365e-13 0)
(1.5 -5.3233e-13 0)
(1.5 -5.43827e-13 0)
(1.5 -3.73785e-13 0)
(1.5 -2.65957e-13 0)
(1.5 -4.2713e-13 0)
(1.5 -5.40736e-13 0)
(1.5 -6.01772e-13 0)
(1.5 -5.69385e-13 0)
(1.5 -4.97673e-13 0)
(1.5 -4.47824e-13 0)
(1.5 -2.80281e-13 0)
(1.5 -1.20454e-13 0)
(1.5 -3.21718e-14 0)
(1.5 7.45982e-14 0)
(1.5 1.78128e-15 0)
(1.5 -3.69147e-15 0)
(1.5 4.75274e-15 0)
(1.5 -5.20401e-14 0)
(1.5 -1.30704e-13 0)
(1.5 -1.81286e-13 0)
(1.5 -1.55446e-13 0)
(1.5 -1.63215e-13 0)
(1.5 -1.50296e-13 0)
(1.5 -1.66679e-13 0)
(1.5 -2.59553e-13 0)
(1.5 -2.9387e-13 0)
(1.5 -2.53581e-13 0)
(1.5 -2.87349e-13 0)
(1.5 -3.68264e-13 0)
(1.5 -4.64667e-13 0)
(1.5 -4.14666e-13 0)
(1.5 -3.96763e-13 0)
(1.5 -4.40925e-13 0)
(1.5 -4.88193e-13 0)
(1.5 -7.33972e-13 0)
(1.5 -7.87374e-13 0)
(1.5 -8.35476e-13 0)
(1.5 -8.23614e-14 0)
(1.5 -1.49304e-13 0)
(1.5 -1.1216e-13 0)
(1.5 -6.89464e-14 0)
(1.5 -3.02003e-14 0)
(1.5 4.08269e-14 0)
(1.5 4.30312e-14 0)
(1.5 5.69105e-14 0)
(1.5 6.4443e-14 0)
(1.5 8.78791e-14 0)
(1.5 1.1788e-13 0)
(1.5 1.04311e-13 0)
(1.5 9.30993e-14 0)
(1.5 -3.57731e-14 0)
(1.5 -6.0499e-14 0)
(1.5 -7.10956e-14 0)
(1.5 -1.5282e-13 0)
(1.5 -1.8713e-13 0)
(1.5 -2.0327e-13 0)
(1.5 -1.39837e-13 0)
(1.5 -1.09088e-13 0)
(1.5 -1.78005e-13 0)
(1.5 -1.90731e-13 0)
(1.5 -1.68052e-13 0)
(1.5 -8.9633e-14 0)
(1.5 -2.96753e-14 0)
(1.5 -1.798e-15 0)
(1.5 7.50803e-14 0)
(1.5 1.22252e-13 0)
(1.5 1.57331e-13 0)
(1.5 1.0156e-13 0)
(1.5 4.33086e-14 0)
(1.5 2.74269e-14 0)
(1.5 1.32492e-14 0)
(1.5 4.51903e-15 0)
(1.5 -1.76059e-14 0)
(1.5 -3.32412e-14 0)
(1.5 -2.85681e-14 0)
(1.5 -6.10672e-14 0)
(1.5 -1.08036e-13 0)
(1.5 -1.1807e-13 0)
(1.5 -5.24937e-14 0)
(1.5 -3.42234e-14 0)
(1.5 -2.3606e-14 0)
(1.5 -5.68457e-14 0)
(1.5 -5.42901e-14 0)
(1.5 -9.31149e-15 0)
(1.5 5.67321e-14 0)
(1.5 5.94592e-14 0)
(1.5 4.01271e-14 0)
(1.5 -2.87597e-15 0)
(1.5 1.0001e-14 0)
(1.5 2.63972e-14 0)
(1.5 -9.66571e-15 0)
(1.5 -4.68808e-14 0)
(1.5 -5.10765e-14 0)
(1.5 -4.83226e-14 0)
(1.5 -1.29804e-13 0)
(1.5 -9.2263e-14 0)
(1.5 -1.91887e-14 0)
(1.5 1.63004e-14 0)
(1.5 4.58293e-14 0)
(1.5 5.36214e-14 0)
(1.5 -1.81328e-14 0)
(1.5 3.16408e-15 0)
(1.5 2.7297e-14 0)
(1.5 8.20044e-14 0)
(1.5 8.52407e-14 0)
(1.5 6.20961e-14 0)
(1.5 1.29888e-13 0)
(1.5 1.1796e-13 0)
(1.5 1.11477e-13 0)
(1.5 9.41077e-14 0)
(1.5 1.07466e-13 0)
(1.5 6.19128e-14 0)
(1.5 2.5882e-14 0)
(1.5 9.03906e-14 0)
(1.5 1.5326e-13 0)
(1.5 1.77451e-13 0)
(1.5 9.01922e-14 0)
(1.5 5.20112e-14 0)
(1.5 -5.06196e-15 0)
(1.5 -7.12261e-14 0)
(1.5 -7.41863e-14 0)
(1.5 -3.14958e-14 0)
(1.5 -1.66575e-15 0)
(1.5 2.77439e-14 0)
(1.5 8.54644e-15 0)
(1.5 -8.27067e-14 0)
(1.5 -1.21363e-13 0)
(1.5 -1.20059e-13 0)
(1.5 -1.6423e-13 0)
(1.5 -9.00392e-14 0)
(1.5 -5.53067e-14 0)
(1.5 -1.03805e-13 0)
(1.5 -1.23787e-13 0)
(1.5 -1.33577e-13 0)
(1.5 -1.54685e-13 0)
(1.5 -1.74203e-13 0)
(1.5 -1.67574e-13 0)
(1.5 -1.5467e-13 0)
(1.5 -1.2267e-13 0)
(1.5 -1.13778e-13 0)
(1.5 -7.78091e-14 0)
(1.5 -1.07363e-13 0)
(1.5 -5.148e-14 0)
(1.5 5.84382e-14 0)
(1.5 1.00762e-13 0)
(1.5 1.11561e-13 0)
(1.5 1.31637e-13 0)
(1.5 1.4543e-13 0)
(1.5 1.76013e-15 0)
(1.5 -4.5712e-14 0)
(1.5 -2.46565e-14 0)
(1.5 5.72155e-14 0)
(1.5 3.91273e-14 0)
(1.5 3.6047e-14 0)
(1.5 5.15406e-14 0)
(1.5 5.39929e-14 0)
(1.5 6.53069e-14 0)
(1.5 8.06934e-14 0)
(1.5 8.49231e-15 0)
(1.5 -8.02684e-15 0)
(1.5 -4.4097e-15 0)
(1.5 6.71438e-14 0)
(1.5 8.12855e-14 0)
(1.5 1.12139e-13 0)
(1.5 1.07097e-13 0)
(1.5 1.06072e-13 0)
(1.5 1.13294e-13 0)
(1.5 9.87097e-14 0)
(1.5 8.88181e-14 0)
(1.5 1.371e-13 0)
(1.5 1.52775e-13 0)
(1.5 1.22475e-13 0)
(1.5 2.13632e-14 0)
(1.5 -3.45225e-14 0)
(1.5 -9.09944e-14 0)
(1.5 -5.87818e-14 0)
(1.5 -2.29614e-14 0)
(1.5 -1.00592e-13 0)
(1.5 -1.87088e-13 0)
(1.5 -2.13702e-13 0)
(1.5 -2.58595e-13 0)
(1.5 -2.72881e-13 0)
(1.5 -2.31252e-13 0)
(1.5 -1.76252e-13 0)
(1.5 -1.60989e-13 0)
(1.5 -1.98483e-13 0)
(1.5 -2.12927e-13 0)
(1.5 -2.30202e-13 0)
(1.5 -1.85231e-13 0)
(1.5 -1.56663e-13 0)
(1.5 -1.46136e-13 0)
(1.5 3.09639e-14 0)
(1.5 7.62513e-14 0)
(1.5 6.34369e-14 0)
(1.5 2.58804e-14 0)
(1.5 -2.31285e-14 0)
(1.5 -1.58519e-13 0)
(1.5 -2.92717e-13 0)
(1.5 -3.06223e-13 0)
(1.5 -3.62017e-13 0)
(1.5 -4.15389e-13 0)
(1.5 -4.03933e-13 0)
(1.5 -2.40411e-13 0)
(1.5 -2.47282e-13 0)
(1.5 -4.0307e-13 0)
(1.5 -5.49727e-13 0)
(1.5 -5.34904e-13 0)
(1.5 -4.7043e-13 0)
(1.5 -2.61395e-13 0)
(1.5 -2.34545e-13 0)
(1.5 -1.50987e-13 0)
(1.5 -5.64544e-14 0)
(1.5 3.51634e-15 0)
(1.5 9.44281e-14 0)
(1.5 -2.735e-15 0)
(1.5 -9.97376e-14 0)
(1.5 -1.46139e-13 0)
(1.5 -2.15086e-13 0)
(1.5 -2.65533e-13 0)
(1.5 -1.67462e-13 0)
(1.5 -1.73494e-13 0)
(1.5 -1.66199e-13 0)
(1.5 -1.06393e-13 0)
(1.5 -1.7789e-13 0)
(1.5 -4.42634e-13 0)
(1.5 -5.67873e-13 0)
(1.5 -5.59179e-13 0)
(1.5 -5.17175e-13 0)
(1.5 -4.37511e-13 0)
(1.5 -3.88341e-13 0)
(1.5 -3.26696e-13 0)
(1.5 -3.40768e-13 0)
(1.5 -3.16983e-13 0)
(1.5 -3.76437e-13 0)
(1.5 -6.83378e-13 0)
(1.5 -7.05118e-13 0)
(1.5 -6.82294e-13 0)
(1.5 -5.82685e-14 0)
(1.5 -1.35052e-13 0)
(1.5 -1.18576e-13 0)
(1.5 -1.13834e-13 0)
(1.5 -9.18745e-14 0)
(1.5 -5.81683e-14 0)
(1.5 -9.00191e-14 0)
(1.5 -1.30649e-13 0)
(1.5 -6.49998e-14 0)
(1.5 1.00126e-14 0)
(1.5 7.34657e-14 0)
(1.5 9.52756e-14 0)
(1.5 1.21728e-13 0)
(1.5 6.19652e-14 0)
(1.5 5.45716e-14 0)
(1.5 2.23464e-14 0)
(1.5 -3.8246e-14 0)
(1.5 -8.96014e-14 0)
(1.5 -1.1354e-13 0)
(1.5 -1.04368e-13 0)
(1.5 -1.66732e-13 0)
(1.5 -3.04029e-13 0)
(1.5 -3.45595e-13 0)
(1.5 -3.36696e-13 0)
(1.5 -2.43344e-13 0)
(1.5 -1.217e-13 0)
(1.5 3.70459e-15 0)
(1.5 4.46799e-14 0)
(1.5 9.74295e-14 0)
(1.5 8.4796e-14 0)
(1.5 4.2962e-14 0)
(1.5 5.91909e-14 0)
(1.5 8.6859e-14 0)
(1.5 -1.165e-15 0)
(1.5 9.49192e-15 0)
(1.5 -6.8499e-15 0)
(1.5 -4.98883e-14 0)
(1.5 -8.42938e-14 0)
(1.5 -8.49921e-14 0)
(1.5 -1.09066e-13 0)
(1.5 -7.58494e-14 0)
(1.5 -1.4449e-14 0)
(1.5 -1.87005e-14 0)
(1.5 4.35753e-14 0)
(1.5 -1.05107e-14 0)
(1.5 -2.80581e-14 0)
(1.5 5.08035e-14 0)
(1.5 4.12606e-14 0)
(1.5 -5.63425e-15 0)
(1.5 1.92205e-14 0)
(1.5 -1.95806e-15 0)
(1.5 -2.57056e-14 0)
(1.5 -6.09323e-14 0)
(1.5 -1.03731e-13 0)
(1.5 -5.13221e-14 0)
(1.5 -2.97532e-14 0)
(1.5 -8.41345e-14 0)
(1.5 -1.31547e-13 0)
(1.5 -7.76675e-14 0)
(1.5 1.22422e-14 0)
(1.5 3.26377e-14 0)
(1.5 -1.90763e-15 0)
(1.5 4.15767e-14 0)
(1.5 -4.20918e-15 0)
(1.5 -1.14486e-14 0)
(1.5 3.93686e-15 0)
(1.5 1.50397e-14 0)
(1.5 3.3707e-14 0)
(1.5 3.19929e-14 0)
(1.5 7.08167e-14 0)
(1.5 6.12629e-14 0)
(1.5 1.0722e-13 0)
(1.5 6.04437e-14 0)
(1.5 8.85686e-14 0)
(1.5 9.96641e-14 0)
(1.5 5.6234e-14 0)
(1.5 2.81835e-14 0)
(1.5 4.15844e-14 0)
(1.5 5.66893e-14 0)
(1.5 8.48986e-15 0)
(1.5 1.1788e-14 0)
(1.5 1.70211e-14 0)
(1.5 -1.86304e-14 0)
(1.5 -4.10573e-14 0)
(1.5 -5.25414e-14 0)
(1.5 -3.19788e-14 0)
(1.5 -3.55304e-14 0)
(1.5 -1.48155e-14 0)
(1.5 -3.66475e-14 0)
(1.5 -6.52735e-14 0)
(1.5 -4.24273e-14 0)
(1.5 -3.19279e-14 0)
(1.5 -1.03014e-13 0)
(1.5 -1.42058e-13 0)
(1.5 -1.38411e-13 0)
(1.5 -1.34526e-13 0)
(1.5 -1.44174e-13 0)
(1.5 -1.72865e-13 0)
(1.5 -1.68284e-13 0)
(1.5 -1.1893e-13 0)
(1.5 -1.51346e-14 0)
(1.5 4.9621e-15 0)
(1.5 6.4623e-15 0)
(1.5 5.45248e-14 0)
(1.5 -9.61959e-15 0)
(1.5 -4.17321e-14 0)
(1.5 -1.03001e-14 0)
(1.5 1.44196e-14 0)
(1.5 5.21276e-14 0)
(1.5 8.92264e-14 0)
(1.5 2.33381e-14 0)
(1.5 -5.62036e-14 0)
(1.5 -7.39613e-14 0)
(1.5 -5.92779e-14 0)
(1.5 -1.86782e-14 0)
(1.5 6.47978e-15 0)
(1.5 1.07797e-14 0)
(1.5 1.40397e-14 0)
(1.5 3.07034e-14 0)
(1.5 3.19182e-14 0)
(1.5 2.53308e-14 0)
(1.5 2.50576e-14 0)
(1.5 2.69291e-14 0)
(1.5 1.96611e-14 0)
(1.5 5.35858e-14 0)
(1.5 9.50997e-14 0)
(1.5 8.71054e-14 0)
(1.5 8.95509e-14 0)
(1.5 9.71477e-14 0)
(1.5 3.86918e-14 0)
(1.5 7.38497e-14 0)
(1.5 1.55547e-13 0)
(1.5 2.05992e-13 0)
(1.5 2.52624e-13 0)
(1.5 2.50781e-13 0)
(1.5 1.56806e-13 0)
(1.5 2.37949e-14 0)
(1.5 -2.66383e-14 0)
(1.5 -3.68963e-14 0)
(1.5 -6.35185e-14 0)
(1.5 -1.41826e-13 0)
(1.5 -2.09274e-13 0)
(1.5 -2.44704e-13 0)
(1.5 -2.51306e-13 0)
(1.5 -2.54566e-13 0)
(1.5 -3.2576e-13 0)
(1.5 -2.71202e-13 0)
(1.5 -2.55845e-13 0)
(1.5 -3.36804e-13 0)
(1.5 -2.49698e-13 0)
(1.5 -1.84741e-13 0)
(1.5 -1.76346e-13 0)
(1.5 -1.2834e-13 0)
(1.5 -8.39483e-14 0)
(1.5 -2.05315e-14 0)
(1.5 7.47687e-14 0)
(1.5 2.81811e-14 0)
(1.5 -6.00777e-14 0)
(1.5 -1.51105e-13 0)
(1.5 -2.37095e-13 0)
(1.5 -2.71737e-13 0)
(1.5 -2.74163e-13 0)
(1.5 -3.47377e-13 0)
(1.5 -3.71458e-13 0)
(1.5 -3.02185e-13 0)
(1.5 -2.92925e-13 0)
(1.5 -3.41862e-13 0)
(1.5 -3.53309e-13 0)
(1.5 -4.17189e-13 0)
(1.5 -4.40564e-13 0)
(1.5 -3.76219e-13 0)
(1.5 -1.95729e-13 0)
(1.5 -1.41468e-13 0)
(1.5 -6.36038e-14 0)
(1.5 1.51662e-14 0)
(1.5 4.27427e-14 0)
(1.5 1.23166e-13 0)
(1.5 -1.37504e-15 0)
(1.5 -1.71375e-13 0)
(1.5 -2.35247e-13 0)
(1.5 -2.79838e-13 0)
(1.5 -2.44406e-13 0)
(1.5 -7.55132e-14 0)
(1.5 -3.11533e-14 0)
(1.5 -1.12081e-14 0)
(1.5 -2.54255e-14 0)
(1.5 -1.04448e-13 0)
(1.5 -4.9452e-13 0)
(1.5 -6.28472e-13 0)
(1.5 -6.54769e-13 0)
(1.5 -6.17378e-13 0)
(1.5 -4.11511e-13 0)
(1.5 -1.65856e-13 0)
(1.5 -1.46389e-13 0)
(1.5 -1.92562e-13 0)
(1.5 -1.58963e-13 0)
(1.5 -3.02056e-13 0)
(1.5 -5.92619e-13 0)
(1.5 -6.77029e-13 0)
(1.5 -6.27449e-13 0)
(1.5 -3.99797e-14 0)
(1.5 -1.35307e-13 0)
(1.5 -2.20584e-13 0)
(1.5 -2.03754e-13 0)
(1.5 -1.52282e-13 0)
(1.5 -1.25338e-13 0)
(1.5 -1.8564e-13 0)
(1.5 -2.49132e-13 0)
(1.5 -2.01861e-13 0)
(1.5 -1.25137e-13 0)
(1.5 -8.47868e-14 0)
(1.5 8.65859e-14 0)
(1.5 1.55999e-13 0)
(1.5 2.00014e-13 0)
(1.5 1.22732e-13 0)
(1.5 6.72409e-14 0)
(1.5 1.88067e-14 0)
(1.5 -1.82847e-14 0)
(1.5 -7.33207e-14 0)
(1.5 -1.45337e-13 0)
(1.5 -2.37906e-13 0)
(1.5 -3.37327e-13 0)
(1.5 -3.26975e-13 0)
(1.5 -3.43816e-13 0)
(1.5 -3.25217e-13 0)
(1.5 -2.22135e-13 0)
(1.5 -1.2e-13 0)
(1.5 -3.85391e-14 0)
(1.5 2.42494e-14 0)
(1.5 -2.47321e-15 0)
(1.5 -3.15833e-15 0)
(1.5 8.60492e-14 0)
(1.5 8.7647e-14 0)
(1.5 -1.77467e-15 0)
(1.5 -1.2593e-14 0)
(1.5 -2.21239e-14 0)
(1.5 -6.1354e-14 0)
(1.5 -7.51943e-14 0)
(1.5 -5.28427e-14 0)
(1.5 -3.65905e-14 0)
(1.5 -6.3274e-14 0)
(1.5 1.64282e-14 0)
(1.5 2.05412e-14 0)
(1.5 6.45476e-15 0)
(1.5 -2.93635e-14 0)
(1.5 -3.2421e-14 0)
(1.5 2.94045e-14 0)
(1.5 -6.80628e-16 0)
(1.5 -7.12001e-15 0)
(1.5 -4.18429e-14 0)
(1.5 -4.8238e-14 0)
(1.5 -7.05647e-14 0)
(1.5 -1.21005e-13 0)
(1.5 -1.47134e-13 0)
(1.5 -9.06605e-14 0)
(1.5 -3.86471e-14 0)
(1.5 -4.37766e-14 0)
(1.5 -7.21986e-14 0)
(1.5 -5.19891e-14 0)
(1.5 3.31498e-14 0)
(1.5 3.81882e-14 0)
(1.5 -1.61827e-14 0)
(1.5 2.81577e-15 0)
(1.5 2.20023e-14 0)
(1.5 4.28727e-14 0)
(1.5 2.6026e-14 0)
(1.5 -2.07735e-14 0)
(1.5 3.99423e-14 0)
(1.5 6.08969e-14 0)
(1.5 4.37416e-15 0)
(1.5 -1.63288e-14 0)
(1.5 1.85504e-15 0)
(1.5 6.71154e-14 0)
(1.5 9.73005e-14 0)
(1.5 1.346e-13 0)
(1.5 1.24895e-13 0)
(1.5 7.79805e-15 0)
(1.5 -2.93984e-14 0)
(1.5 -4.48399e-14 0)
(1.5 -4.62375e-15 0)
(1.5 5.98891e-14 0)
(1.5 6.4551e-14 0)
(1.5 1.21456e-14 0)
(1.5 1.26723e-14 0)
(1.5 -1.67182e-14 0)
(1.5 -5.22866e-14 0)
(1.5 -6.64354e-14 0)
(1.5 -1.41926e-14 0)
(1.5 -5.40876e-15 0)
(1.5 -1.01812e-14 0)
(1.5 3.35649e-14 0)
(1.5 7.20692e-14 0)
(1.5 -4.56682e-14 0)
(1.5 -1.53203e-13 0)
(1.5 -1.422e-13 0)
(1.5 -1.64168e-13 0)
(1.5 -1.70657e-13 0)
(1.5 -2.3405e-13 0)
(1.5 -2.10589e-13 0)
(1.5 -1.27035e-13 0)
(1.5 -1.24129e-14 0)
(1.5 3.27525e-14 0)
(1.5 3.86332e-14 0)
(1.5 5.95897e-14 0)
(1.5 8.25858e-14 0)
(1.5 4.76413e-14 0)
(1.5 -2.07523e-14 0)
(1.5 -8.39425e-14 0)
(1.5 -8.05857e-14 0)
(1.5 1.43141e-14 0)
(1.5 4.64373e-16 0)
(1.5 2.29714e-14 0)
(1.5 4.67445e-14 0)
(1.5 1.05959e-13 0)
(1.5 8.34761e-14 0)
(1.5 1.29683e-13 0)
(1.5 1.64805e-13 0)
(1.5 1.7272e-13 0)
(1.5 1.86916e-13 0)
(1.5 2.07191e-13 0)
(1.5 1.29487e-13 0)
(1.5 7.33867e-14 0)
(1.5 1.03397e-13 0)
(1.5 1.17749e-13 0)
(1.5 1.15784e-13 0)
(1.5 1.71014e-13 0)
(1.5 1.3039e-13 0)
(1.5 6.41489e-14 0)
(1.5 2.49694e-15 0)
(1.5 -5.83556e-14 0)
(1.5 9.34021e-14 0)
(1.5 1.82571e-13 0)
(1.5 1.55354e-13 0)
(1.5 1.94653e-13 0)
(1.5 2.34611e-13 0)
(1.5 2.10578e-13 0)
(1.5 1.69269e-13 0)
(1.5 1.03434e-13 0)
(1.5 5.62744e-15 0)
(1.5 -1.3435e-13 0)
(1.5 -1.44466e-13 0)
(1.5 -1.99961e-13 0)
(1.5 -2.26521e-13 0)
(1.5 -2.12375e-13 0)
(1.5 -1.9094e-13 0)
(1.5 -2.32636e-13 0)
(1.5 -2.4259e-13 0)
(1.5 -2.91452e-13 0)
(1.5 -3.90509e-13 0)
(1.5 -2.57133e-13 0)
(1.5 -9.37251e-14 0)
(1.5 -8.73386e-14 0)
(1.5 -8.66144e-14 0)
(1.5 -1.05141e-13 0)
(1.5 -1.38956e-13 0)
(1.5 -3.5475e-14 0)
(1.5 -8.10495e-14 0)
(1.5 -1.82424e-13 0)
(1.5 -2.47342e-13 0)
(1.5 -2.68581e-13 0)
(1.5 -2.47026e-13 0)
(1.5 -1.90913e-13 0)
(1.5 -2.90921e-13 0)
(1.5 -3.43367e-13 0)
(1.5 -3.03959e-13 0)
(1.5 -3.77165e-13 0)
(1.5 -4.11777e-13 0)
(1.5 -3.99043e-13 0)
(1.5 -4.24801e-13 0)
(1.5 -4.12275e-13 0)
(1.5 -2.81212e-13 0)
(1.5 -1.58111e-13 0)
(1.5 -2.42976e-14 0)
(1.5 8.14504e-14 0)
(1.5 1.01208e-13 0)
(1.5 9.17769e-14 0)
(1.5 1.00243e-13 0)
(1.5 3.10715e-14 0)
(1.5 -1.0622e-13 0)
(1.5 -1.82226e-13 0)
(1.5 -1.43451e-13 0)
(1.5 -7.03433e-14 0)
(1.5 2.57569e-14 0)
(1.5 1.2894e-13 0)
(1.5 1.54436e-13 0)
(1.5 8.66498e-14 0)
(1.5 -3.83618e-14 0)
(1.5 -4.10702e-13 0)
(1.5 -5.6144e-13 0)
(1.5 -6.31836e-13 0)
(1.5 -6.11243e-13 0)
(1.5 -4.55759e-13 0)
(1.5 -1.41861e-13 0)
(1.5 -1.36489e-13 0)
(1.5 -1.75133e-13 0)
(1.5 -1.72707e-13 0)
(1.5 -2.57451e-13 0)
(1.5 -4.41831e-13 0)
(1.5 -5.30674e-13 0)
(1.5 -5.37911e-13 0)
(1.5 -4.55956e-14 0)
(1.5 -1.42114e-13 0)
(1.5 -2.12051e-13 0)
(1.5 -1.55045e-13 0)
(1.5 -1.40488e-13 0)
(1.5 -1.68102e-13 0)
(1.5 -2.28048e-13 0)
(1.5 -2.62629e-13 0)
(1.5 -2.13217e-13 0)
(1.5 -1.69881e-13 0)
(1.5 -1.4307e-13 0)
(1.5 2.0669e-14 0)
(1.5 1.14224e-13 0)
(1.5 1.94364e-13 0)
(1.5 1.35418e-13 0)
(1.5 9.38846e-14 0)
(1.5 7.11938e-14 0)
(1.5 1.65057e-14 0)
(1.5 -6.06539e-14 0)
(1.5 -1.23246e-13 0)
(1.5 -1.83546e-13 0)
(1.5 -2.14387e-13 0)
(1.5 -2.12442e-13 0)
(1.5 -2.47442e-13 0)
(1.5 -2.50057e-13 0)
(1.5 -2.1784e-13 0)
(1.5 -1.87041e-13 0)
(1.5 -1.07872e-13 0)
(1.5 -5.58986e-14 0)
(1.5 -3.88675e-14 0)
(1.5 1.64878e-14 0)
(1.5 9.93437e-14 0)
(1.5 8.20199e-14 0)
(1.5 2.75348e-14 0)
(1.5 -2.82765e-14 0)
(1.5 -7.58951e-14 0)
(1.5 -3.27504e-14 0)
(1.5 -2.06748e-14 0)
(1.5 -3.41384e-14 0)
(1.5 6.15139e-15 0)
(1.5 -1.20807e-14 0)
(1.5 -1.33851e-14 0)
(1.5 -3.38207e-14 0)
(1.5 -5.29856e-14 0)
(1.5 -6.69169e-14 0)
(1.5 -5.33727e-15 0)
(1.5 6.67701e-15 0)
(1.5 1.1922e-14 0)
(1.5 1.74787e-14 0)
(1.5 -4.99926e-14 0)
(1.5 -7.61417e-14 0)
(1.5 -7.4902e-14 0)
(1.5 -1.13387e-13 0)
(1.5 -1.11439e-13 0)
(1.5 -6.78339e-14 0)
(1.5 7.60426e-15 0)
(1.5 2.95068e-14 0)
(1.5 -1.5449e-14 0)
(1.5 -4.71528e-15 0)
(1.5 2.55577e-14 0)
(1.5 3.48962e-14 0)
(1.5 3.90457e-14 0)
(1.5 5.77207e-15 0)
(1.5 7.39675e-14 0)
(1.5 1.0698e-13 0)
(1.5 4.34605e-14 0)
(1.5 -3.77213e-15 0)
(1.5 -1.95057e-15 0)
(1.5 6.68338e-15 0)
(1.5 -3.94796e-14 0)
(1.5 -4.61315e-14 0)
(1.5 -7.39354e-14 0)
(1.5 -7.33488e-15 0)
(1.5 4.60874e-14 0)
(1.5 4.96421e-14 0)
(1.5 2.14695e-14 0)
(1.5 -1.25976e-14 0)
(1.5 -1.28018e-14 0)
(1.5 -1.69031e-14 0)
(1.5 -1.94113e-14 0)
(1.5 -6.0721e-16 0)
(1.5 1.24139e-14 0)
(1.5 1.72926e-14 0)
(1.5 1.90949e-14 0)
(1.5 4.09429e-15 0)
(1.5 -4.65099e-14 0)
(1.5 -5.9975e-15 0)
(1.5 -2.73174e-14 0)
(1.5 -2.63963e-14 0)
(1.5 4.57131e-14 0)
(1.5 7.12811e-14 0)
(1.5 9.62263e-15 0)
(1.5 -5.30765e-14 0)
(1.5 -1.55028e-13 0)
(1.5 -2.56822e-13 0)
(1.5 -2.83025e-13 0)
(1.5 -2.11458e-13 0)
(1.5 -1.86003e-13 0)
(1.5 -1.90451e-13 0)
(1.5 -1.82159e-13 0)
(1.5 -1.46691e-13 0)
(1.5 -6.41918e-14 0)
(1.5 -2.8565e-14 0)
(1.5 1.51404e-14 0)
(1.5 6.13637e-14 0)
(1.5 4.23666e-14 0)
(1.5 -5.45043e-14 0)
(1.5 -1.05984e-13 0)
(1.5 -9.06732e-14 0)
(1.5 -5.02362e-15 0)
(1.5 3.33292e-14 0)
(1.5 1.08996e-13 0)
(1.5 1.97994e-13 0)
(1.5 2.43538e-13 0)
(1.5 1.97886e-13 0)
(1.5 1.77661e-13 0)
(1.5 1.51902e-13 0)
(1.5 2.32141e-13 0)
(1.5 2.46519e-13 0)
(1.5 2.2229e-13 0)
(1.5 1.44562e-13 0)
(1.5 8.44596e-14 0)
(1.5 1.34772e-13 0)
(1.5 2.35625e-13 0)
(1.5 2.57062e-13 0)
(1.5 2.49904e-13 0)
(1.5 1.80194e-13 0)
(1.5 1.00935e-13 0)
(1.5 4.53253e-14 0)
(1.5 1.50405e-14 0)
(1.5 1.49652e-13 0)
(1.5 2.24076e-13 0)
(1.5 2.04085e-13 0)
(1.5 2.22943e-13 0)
(1.5 2.12904e-13 0)
(1.5 1.59039e-13 0)
(1.5 1.29975e-13 0)
(1.5 8.38318e-14 0)
(1.5 -8.37372e-16 0)
(1.5 -1.08913e-13 0)
(1.5 -1.14652e-13 0)
(1.5 -1.6296e-13 0)
(1.5 -2.3776e-13 0)
(1.5 -1.79066e-13 0)
(1.5 -1.56486e-13 0)
(1.5 -1.71176e-13 0)
(1.5 -2.61118e-13 0)
(1.5 -3.11019e-13 0)
(1.5 -3.51326e-13 0)
(1.5 -3.07964e-13 0)
(1.5 -2.62183e-13 0)
(1.5 -2.08604e-13 0)
(1.5 -1.51907e-13 0)
(1.5 -1.43165e-13 0)
(1.5 -1.59519e-13 0)
(1.5 -1.57119e-13 0)
(1.5 -1.3472e-13 0)
(1.5 -2.2889e-13 0)
(1.5 -2.56024e-13 0)
(1.5 -2.88451e-13 0)
(1.5 -2.1704e-13 0)
(1.5 -1.54416e-13 0)
(1.5 -2.59456e-13 0)
(1.5 -3.69076e-13 0)
(1.5 -3.75952e-13 0)
(1.5 -3.97146e-13 0)
(1.5 -3.60029e-13 0)
(1.5 -3.56589e-13 0)
(1.5 -3.56812e-13 0)
(1.5 -2.81137e-13 0)
(1.5 -2.3415e-13 0)
(1.5 -1.53218e-13 0)
(1.5 1.39517e-13 0)
(1.5 2.12467e-13 0)
(1.5 1.79843e-13 0)
(1.5 8.91625e-14 0)
(1.5 5.45865e-15 0)
(1.5 1.17515e-13 0)
(1.5 3.16855e-14 0)
(1.5 -6.50329e-14 0)
(1.5 3.57636e-14 0)
(1.5 1.52249e-13 0)
(1.5 1.82911e-13 0)
(1.5 2.2134e-13 0)
(1.5 2.21615e-13 0)
(1.5 1.23938e-13 0)
(1.5 -1.2089e-14 0)
(1.5 -2.87649e-13 0)
(1.5 -5.517e-13 0)
(1.5 -6.27555e-13 0)
(1.5 -5.47617e-13 0)
(1.5 -4.25855e-13 0)
(1.5 -1.85022e-13 0)
(1.5 -1.29408e-13 0)
(1.5 -1.5656e-13 0)
(1.5 -2.05486e-13 0)
(1.5 -1.79633e-13 0)
(1.5 -2.4277e-13 0)
(1.5 -3.36545e-13 0)
(1.5 -3.4733e-13 0)
(1.5 -1.11392e-14 0)
(1.5 -5.65334e-14 0)
(1.5 -3.69957e-14 0)
(1.5 -1.46605e-14 0)
(1.5 -1.05168e-13 0)
(1.5 -2.03779e-13 0)
(1.5 -2.07463e-13 0)
(1.5 -1.8094e-13 0)
(1.5 -1.58064e-13 0)
(1.5 -1.90002e-13 0)
(1.5 -8.21992e-14 0)
(1.5 3.51612e-15 0)
(1.5 1.01988e-13 0)
(1.5 1.74651e-13 0)
(1.5 1.99604e-13 0)
(1.5 1.88828e-13 0)
(1.5 1.85253e-13 0)
(1.5 6.01887e-14 0)
(1.5 -1.93671e-14 0)
(1.5 -5.97714e-14 0)
(1.5 -7.68176e-14 0)
(1.5 -6.05117e-14 0)
(1.5 -1.30088e-13 0)
(1.5 -1.53422e-13 0)
(1.5 -9.93989e-14 0)
(1.5 -1.13035e-13 0)
(1.5 -9.92056e-14 0)
(1.5 -8.30349e-14 0)
(1.5 -8.69219e-14 0)
(1.5 -3.13697e-14 0)
(1.5 2.82607e-14 0)
(1.5 7.84666e-14 0)
(1.5 5.67346e-14 0)
(1.5 3.02956e-14 0)
(1.5 -1.6892e-14 0)
(1.5 -2.21756e-14 0)
(1.5 -1.10536e-14 0)
(1.5 -1.49054e-15 0)
(1.5 1.70327e-15 0)
(1.5 1.88285e-14 0)
(1.5 2.94823e-14 0)
(1.5 -4.0572e-14 0)
(1.5 -6.02085e-14 0)
(1.5 -1.09481e-14 0)
(1.5 -1.69185e-14 0)
(1.5 1.43591e-14 0)
(1.5 -2.58383e-15 0)
(1.5 3.7036e-15 0)
(1.5 -4.64537e-15 0)
(1.5 -2.27622e-14 0)
(1.5 -4.30514e-14 0)
(1.5 -4.82006e-14 0)
(1.5 -5.12286e-14 0)
(1.5 -2.72087e-14 0)
(1.5 3.5587e-14 0)
(1.5 4.08639e-14 0)
(1.5 3.94859e-14 0)
(1.5 4.39478e-15 0)
(1.5 4.03231e-14 0)
(1.5 4.20346e-14 0)
(1.5 3.84909e-14 0)
(1.5 3.63453e-14 0)
(1.5 1.05964e-14 0)
(1.5 6.83352e-14 0)
(1.5 9.69756e-14 0)
(1.5 5.36963e-14 0)
(1.5 1.18138e-14 0)
(1.5 -6.37668e-14 0)
(1.5 -3.57767e-14 0)
(1.5 5.51043e-15 0)
(1.5 -1.68348e-14 0)
(1.5 -8.86917e-14 0)
(1.5 -8.47853e-14 0)
(1.5 -1.90038e-14 0)
(1.5 -7.03046e-14 0)
(1.5 -1.03899e-13 0)
(1.5 -7.47226e-14 0)
(1.5 -2.57083e-14 0)
(1.5 3.60823e-14 0)
(1.5 -2.16867e-14 0)
(1.5 -6.04874e-14 0)
(1.5 -3.15753e-14 0)
(1.5 -2.6328e-14 0)
(1.5 -2.59404e-14 0)
(1.5 -2.28806e-14 0)
(1.5 2.71567e-15 0)
(1.5 8.77417e-15 0)
(1.5 1.51737e-14 0)
(1.5 4.4279e-14 0)
(1.5 1.40964e-13 0)
(1.5 1.08602e-13 0)
(1.5 -3.48479e-14 0)
(1.5 -9.23562e-14 0)
(1.5 -1.6596e-13 0)
(1.5 -2.78239e-13 0)
(1.5 -2.42384e-13 0)
(1.5 -1.52887e-13 0)
(1.5 -1.01944e-13 0)
(1.5 -1.20192e-13 0)
(1.5 -1.99794e-13 0)
(1.5 -2.44175e-13 0)
(1.5 -1.29341e-13 0)
(1.5 -2.06814e-14 0)
(1.5 3.47959e-14 0)
(1.5 1.89412e-14 0)
(1.5 -9.70767e-14 0)
(1.5 -1.97276e-13 0)
(1.5 -1.54468e-13 0)
(1.5 -5.57179e-14 0)
(1.5 -5.33281e-14 0)
(1.5 1.93151e-14 0)
(1.5 1.75395e-13 0)
(1.5 2.87146e-13 0)
(1.5 1.97607e-13 0)
(1.5 9.8377e-14 0)
(1.5 3.17441e-14 0)
(1.5 1.74552e-14 0)
(1.5 1.41668e-13 0)
(1.5 1.58107e-13 0)
(1.5 1.01144e-13 0)
(1.5 4.9745e-14 0)
(1.5 2.80979e-14 0)
(1.5 6.57723e-14 0)
(1.5 1.38966e-13 0)
(1.5 1.83022e-13 0)
(1.5 1.54855e-13 0)
(1.5 1.18863e-13 0)
(1.5 1.43381e-13 0)
(1.5 1.05638e-13 0)
(1.5 8.68789e-14 0)
(1.5 1.5674e-13 0)
(1.5 2.17709e-13 0)
(1.5 3.03983e-13 0)
(1.5 3.13188e-13 0)
(1.5 2.19741e-13 0)
(1.5 1.80669e-13 0)
(1.5 1.04624e-13 0)
(1.5 1.40211e-13 0)
(1.5 6.10131e-14 0)
(1.5 -3.73856e-14 0)
(1.5 -5.84745e-14 0)
(1.5 -1.12277e-13 0)
(1.5 -2.37278e-13 0)
(1.5 -2.4197e-13 0)
(1.5 -2.27199e-13 0)
(1.5 -2.48581e-13 0)
(1.5 -2.65131e-13 0)
(1.5 -2.83146e-13 0)
(1.5 -2.86105e-13 0)
(1.5 -3.30754e-13 0)
(1.5 -2.94979e-13 0)
(1.5 -2.10783e-13 0)
(1.5 -1.60314e-13 0)
(1.5 -1.37855e-13 0)
(1.5 -1.35536e-13 0)
(1.5 -1.96615e-13 0)
(1.5 -1.21393e-13 0)
(1.5 -1.60743e-13 0)
(1.5 -2.1205e-13 0)
(1.5 -2.54935e-13 0)
(1.5 -2.2798e-13 0)
(1.5 -2.05355e-13 0)
(1.5 -2.40643e-13 0)
(1.5 -3.20462e-13 0)
(1.5 -3.78451e-13 0)
(1.5 -4.03949e-13 0)
(1.5 -3.54609e-13 0)
(1.5 -2.83342e-13 0)
(1.5 -2.44694e-13 0)
(1.5 -1.27794e-13 0)
(1.5 -1.09306e-13 0)
(1.5 -1.20988e-13 0)
(1.5 9.65747e-14 0)
(1.5 2.05069e-13 0)
(1.5 2.38298e-13 0)
(1.5 1.47753e-13 0)
(1.5 1.89041e-14 0)
(1.5 1.57648e-13 0)
(1.5 1.2245e-13 0)
(1.5 3.85005e-14 0)
(1.5 6.71112e-14 0)
(1.5 1.6867e-13 0)
(1.5 1.90674e-13 0)
(1.5 2.2696e-13 0)
(1.5 1.83883e-13 0)
(1.5 7.77994e-14 0)
(1.5 -7.03374e-15 0)
(1.5 -1.84181e-13 0)
(1.5 -4.09901e-13 0)
(1.5 -5.1342e-13 0)
(1.5 -4.92529e-13 0)
(1.5 -3.79491e-13 0)
(1.5 -2.85536e-13 0)
(1.5 -2.67338e-13 0)
(1.5 -2.05926e-13 0)
(1.5 -1.96232e-13 0)
(1.5 -1.34374e-13 0)
(1.5 -1.0904e-13 0)
(1.5 -1.70842e-13 0)
(1.5 -2.1025e-13 0)
(1.5 9.56523e-15 0)
(1.5 3.49347e-14 0)
(1.5 6.7427e-14 0)
(1.5 4.24424e-14 0)
(1.5 -9.8394e-14 0)
(1.5 -1.72439e-13 0)
(1.5 -1.13483e-13 0)
(1.5 -7.34433e-14 0)
(1.5 -1.11286e-13 0)
(1.5 -1.36494e-13 0)
(1.5 -1.77552e-14 0)
(1.5 7.57719e-14 0)
(1.5 1.11971e-13 0)
(1.5 8.86541e-14 0)
(1.5 1.20397e-13 0)
(1.5 1.4718e-13 0)
(1.5 1.44118e-13 0)
(1.5 1.39405e-13 0)
(1.5 5.85035e-14 0)
(1.5 -3.82229e-14 0)
(1.5 -5.47864e-14 0)
(1.5 -4.53071e-14 0)
(1.5 -1.09084e-13 0)
(1.5 -9.70838e-14 0)
(1.5 -3.03286e-14 0)
(1.5 -3.57467e-14 0)
(1.5 -2.32065e-14 0)
(1.5 -4.2934e-14 0)
(1.5 -3.09708e-14 0)
(1.5 2.29253e-14 0)
(1.5 2.19156e-14 0)
(1.5 2.50793e-14 0)
(1.5 1.28876e-14 0)
(1.5 1.0162e-14 0)
(1.5 9.85147e-15 0)
(1.5 4.24004e-14 0)
(1.5 -1.84247e-14 0)
(1.5 -8.66712e-15 0)
(1.5 2.40584e-14 0)
(1.5 2.43247e-14 0)
(1.5 3.43322e-14 0)
(1.5 -4.0619e-14 0)
(1.5 -5.07822e-14 0)
(1.5 -1.96683e-14 0)
(1.5 -5.33927e-15 0)
(1.5 -2.31587e-14 0)
(1.5 -3.47749e-14 0)
(1.5 -3.11357e-14 0)
(1.5 -1.93202e-14 0)
(1.5 -1.58664e-14 0)
(1.5 -7.05393e-16 0)
(1.5 -4.5483e-14 0)
(1.5 -5.47912e-14 0)
(1.5 -2.52602e-14 0)
(1.5 8.59577e-15 0)
(1.5 -1.76145e-14 0)
(1.5 2.00835e-15 0)
(1.5 2.42846e-14 0)
(1.5 6.20001e-14 0)
(1.5 5.22844e-14 0)
(1.5 4.12862e-14 0)
(1.5 3.4554e-14 0)
(1.5 2.58981e-14 0)
(1.5 4.06449e-14 0)
(1.5 8.371e-14 0)
(1.5 8.88644e-14 0)
(1.5 4.82981e-14 0)
(1.5 1.64257e-16 0)
(1.5 1.52517e-15 0)
(1.5 -3.16322e-14 0)
(1.5 -4.17932e-14 0)
(1.5 -8.02058e-14 0)
(1.5 -8.20956e-14 0)
(1.5 -6.41485e-14 0)
(1.5 -1.32142e-13 0)
(1.5 -7.66497e-14 0)
(1.5 -4.8486e-14 0)
(1.5 -4.90788e-14 0)
(1.5 -2.25014e-14 0)
(1.5 -4.04791e-14 0)
(1.5 -5.88738e-14 0)
(1.5 -1.00578e-13 0)
(1.5 -1.20888e-13 0)
(1.5 -5.35287e-14 0)
(1.5 -5.87439e-16 0)
(1.5 3.35112e-14 0)
(1.5 -7.00706e-15 0)
(1.5 5.7009e-14 0)
(1.5 9.97575e-14 0)
(1.5 1.0941e-13 0)
(1.5 1.02392e-13 0)
(1.5 7.77721e-15 0)
(1.5 -2.48959e-14 0)
(1.5 -6.54837e-14 0)
(1.5 -1.39714e-13 0)
(1.5 -1.35891e-13 0)
(1.5 -1.4892e-13 0)
(1.5 -1.9148e-13 0)
(1.5 -1.92989e-13 0)
(1.5 -2.07691e-13 0)
(1.5 -2.73039e-13 0)
(1.5 -2.16206e-13 0)
(1.5 -1.00831e-13 0)
(1.5 -7.77887e-14 0)
(1.5 -1.54433e-13 0)
(1.5 -2.16909e-13 0)
(1.5 -2.34497e-13 0)
(1.5 -1.22577e-13 0)
(1.5 -5.17849e-15 0)
(1.5 -2.05567e-14 0)
(1.5 3.3074e-14 0)
(1.5 1.94261e-13 0)
(1.5 2.31248e-13 0)
(1.5 1.65271e-13 0)
(1.5 5.8136e-14 0)
(1.5 3.112e-15 0)
(1.5 2.92224e-14 0)
(1.5 5.09319e-14 0)
(1.5 5.56737e-14 0)
(1.5 4.21071e-14 0)
(1.5 3.77345e-14 0)
(1.5 -1.74462e-15 0)
(1.5 -4.51132e-15 0)
(1.5 5.63509e-14 0)
(1.5 1.15455e-13 0)
(1.5 1.62944e-13 0)
(1.5 2.15993e-13 0)
(1.5 2.32904e-13 0)
(1.5 1.89563e-13 0)
(1.5 1.792e-13 0)
(1.5 1.52709e-13 0)
(1.5 1.46668e-13 0)
(1.5 3.15093e-13 0)
(1.5 3.28514e-13 0)
(1.5 1.98876e-13 0)
(1.5 1.46265e-13 0)
(1.5 1.09814e-13 0)
(1.5 1.62499e-13 0)
(1.5 1.79364e-13 0)
(1.5 1.53697e-13 0)
(1.5 7.28094e-14 0)
(1.5 -2.21993e-15 0)
(1.5 -1.19828e-13 0)
(1.5 -1.83154e-13 0)
(1.5 -1.30245e-13 0)
(1.5 -1.02975e-13 0)
(1.5 -1.18905e-13 0)
(1.5 -1.66721e-13 0)
(1.5 -1.90444e-13 0)
(1.5 -2.52334e-13 0)
(1.5 -2.57216e-13 0)
(1.5 -1.9708e-13 0)
(1.5 -2.12431e-13 0)
(1.5 -2.23173e-13 0)
(1.5 -2.28307e-13 0)
(1.5 -2.13676e-13 0)
(1.5 -7.03364e-14 0)
(1.5 -4.74488e-14 0)
(1.5 -9.86172e-14 0)
(1.5 -1.51048e-13 0)
(1.5 -1.47168e-13 0)
(1.5 -1.38489e-13 0)
(1.5 -1.52963e-13 0)
(1.5 -1.97602e-13 0)
(1.5 -2.67004e-13 0)
(1.5 -3.16274e-13 0)
(1.5 -3.5834e-13 0)
(1.5 -2.92284e-13 0)
(1.5 -1.99566e-13 0)
(1.5 -6.95873e-14 0)
(1.5 1.03214e-14 0)
(1.5 -5.82831e-14 0)
(1.5 6.5175e-15 0)
(1.5 6.60231e-14 0)
(1.5 1.147e-13 0)
(1.5 9.44422e-14 0)
(1.5 6.43204e-14 0)
(1.5 1.37095e-13 0)
(1.5 1.32675e-13 0)
(1.5 1.1451e-13 0)
(1.5 1.11847e-14 0)
(1.5 2.11522e-14 0)
(1.5 4.02661e-14 0)
(1.5 9.99355e-14 0)
(1.5 1.14222e-13 0)
(1.5 7.96338e-14 0)
(1.5 -7.15421e-15 0)
(1.5 -2.06846e-13 0)
(1.5 -3.11802e-13 0)
(1.5 -3.75451e-13 0)
(1.5 -4.46634e-13 0)
(1.5 -4.48438e-13 0)
(1.5 -5.32531e-13 0)
(1.5 -4.63216e-13 0)
(1.5 -3.10261e-13 0)
(1.5 -2.46007e-13 0)
(1.5 -2.40073e-13 0)
(1.5 -1.72646e-13 0)
(1.5 -1.23293e-13 0)
(1.5 -1.46892e-13 0)
(1.5 1.02487e-14 0)
(1.5 9.3686e-14 0)
(1.5 1.4788e-13 0)
(1.5 7.45166e-14 0)
(1.5 -2.27943e-14 0)
(1.5 -7.75986e-14 0)
(1.5 -3.249e-14 0)
(1.5 -1.28489e-14 0)
(1.5 -8.58271e-14 0)
(1.5 -7.8867e-14 0)
(1.5 -7.25308e-14 0)
(1.5 -3.18667e-14 0)
(1.5 1.70049e-14 0)
(1.5 2.00256e-15 0)
(1.5 3.49268e-14 0)
(1.5 3.86524e-14 0)
(1.5 2.11614e-14 0)
(1.5 1.09154e-13 0)
(1.5 1.19409e-13 0)
(1.5 3.84246e-14 0)
(1.5 -1.15382e-14 0)
(1.5 -9.09491e-15 0)
(1.5 7.47967e-15 0)
(1.5 -1.9342e-14 0)
(1.5 -1.86798e-14 0)
(1.5 -1.46444e-14 0)
(1.5 2.35363e-14 0)
(1.5 -3.03518e-14 0)
(1.5 -5.4385e-14 0)
(1.5 -2.74424e-14 0)
(1.5 -3.56418e-14 0)
(1.5 -7.22237e-14 0)
(1.5 -4.86633e-14 0)
(1.5 -6.33764e-15 0)
(1.5 3.4507e-15 0)
(1.5 3.39549e-14 0)
(1.5 4.55518e-14 0)
(1.5 7.09415e-15 0)
(1.5 -3.94379e-15 0)
(1.5 1.29908e-14 0)
(1.5 4.05664e-14 0)
(1.5 -1.61597e-14 0)
(1.5 -2.32608e-14 0)
(1.5 2.61108e-14 0)
(1.5 4.05944e-14 0)
(1.5 3.94384e-14 0)
(1.5 2.85624e-14 0)
(1.5 9.34479e-15 0)
(1.5 2.0787e-14 0)
(1.5 2.90994e-14 0)
(1.5 5.15035e-14 0)
(1.5 1.60197e-14 0)
(1.5 -2.67141e-14 0)
(1.5 -2.33362e-14 0)
(1.5 -6.68938e-14 0)
(1.5 -8.45923e-14 0)
(1.5 -3.20023e-16 0)
(1.5 6.73726e-14 0)
(1.5 2.99807e-14 0)
(1.5 7.10263e-15 0)
(1.5 -1.9209e-16 0)
(1.5 7.96192e-15 0)
(1.5 4.88931e-14 0)
(1.5 3.39501e-14 0)
(1.5 2.54913e-14 0)
(1.5 6.56189e-14 0)
(1.5 9.23934e-14 0)
(1.5 6.41854e-14 0)
(1.5 -1.14855e-15 0)
(1.5 -7.5135e-14 0)
(1.5 -1.2137e-14 0)
(1.5 -1.61816e-15 0)
(1.5 -4.90802e-14 0)
(1.5 -8.33722e-14 0)
(1.5 -9.06043e-14 0)
(1.5 -5.55092e-14 0)
(1.5 7.49023e-15 0)
(1.5 -2.77251e-15 0)
(1.5 -6.24599e-14 0)
(1.5 -7.55234e-14 0)
(1.5 -5.14235e-14 0)
(1.5 -9.22139e-14 0)
(1.5 -1.11748e-13 0)
(1.5 -8.23028e-14 0)
(1.5 4.4961e-14 0)
(1.5 9.1366e-14 0)
(1.5 4.7874e-14 0)
(1.5 7.98678e-14 0)
(1.5 7.059e-14 0)
(1.5 2.36409e-14 0)
(1.5 6.78779e-14 0)
(1.5 9.03255e-14 0)
(1.5 1.12695e-13 0)
(1.5 1.19549e-13 0)
(1.5 5.87641e-14 0)
(1.5 -2.26158e-14 0)
(1.5 -1.53992e-13 0)
(1.5 -2.5121e-13 0)
(1.5 -2.54002e-13 0)
(1.5 -2.1055e-13 0)
(1.5 -2.13966e-13 0)
(1.5 -1.93754e-13 0)
(1.5 -1.87734e-13 0)
(1.5 -1.76176e-13 0)
(1.5 -2.05848e-13 0)
(1.5 -1.81591e-13 0)
(1.5 -1.00762e-13 0)
(1.5 -9.64115e-16 0)
(1.5 5.58294e-14 0)
(1.5 4.74125e-14 0)
(1.5 3.84678e-14 0)
(1.5 1.31418e-13 0)
(1.5 6.79181e-14 0)
(1.5 6.43595e-14 0)
(1.5 2.17933e-14 0)
(1.5 -8.39468e-16 0)
(1.5 4.33229e-14 0)
(1.5 4.57858e-14 0)
(1.5 4.56609e-14 0)
(1.5 3.0355e-14 0)
(1.5 3.35963e-14 0)
(1.5 6.14952e-14 0)
(1.5 8.06284e-14 0)
(1.5 8.57775e-14 0)
(1.5 1.0584e-13 0)
(1.5 1.14121e-13 0)
(1.5 1.94368e-13 0)
(1.5 2.15433e-13 0)
(1.5 2.44754e-13 0)
(1.5 2.48041e-13 0)
(1.5 1.26221e-13 0)
(1.5 9.30144e-14 0)
(1.5 3.29733e-13 0)
(1.5 3.47867e-13 0)
(1.5 2.70532e-13 0)
(1.5 2.13001e-13 0)
(1.5 2.09545e-13 0)
(1.5 1.91682e-13 0)
(1.5 2.81703e-13 0)
(1.5 2.84291e-13 0)
(1.5 1.60284e-13 0)
(1.5 5.91833e-14 0)
(1.5 3.61614e-14 0)
(1.5 4.13192e-14 0)
(1.5 3.96072e-14 0)
(1.5 -3.29019e-14 0)
(1.5 -9.95524e-14 0)
(1.5 -1.75058e-13 0)
(1.5 -1.65057e-13 0)
(1.5 -1.80617e-13 0)
(1.5 -2.88153e-13 0)
(1.5 -2.36371e-13 0)
(1.5 -2.14364e-13 0)
(1.5 -1.67882e-13 0)
(1.5 -1.47479e-13 0)
(1.5 -1.26411e-13 0)
(1.5 -5.90421e-14 0)
(1.5 -5.62578e-14 0)
(1.5 -7.84552e-14 0)
(1.5 -6.49298e-14 0)
(1.5 1.86019e-14 0)
(1.5 3.96795e-14 0)
(1.5 1.43837e-14 0)
(1.5 -2.10165e-15 0)
(1.5 -9.83734e-14 0)
(1.5 -2.08319e-13 0)
(1.5 -3.11599e-13 0)
(1.5 -2.86845e-13 0)
(1.5 -1.83044e-13 0)
(1.5 -1.5846e-13 0)
(1.5 -1.49457e-13 0)
(1.5 -1.28405e-13 0)
(1.5 -1.08012e-13 0)
(1.5 -1.40912e-13 0)
(1.5 -1.40299e-13 0)
(1.5 -1.01184e-13 0)
(1.5 -9.05785e-14 0)
(1.5 -6.63979e-14 0)
(1.5 -3.69834e-14 0)
(1.5 6.34319e-15 0)
(1.5 -4.64078e-14 0)
(1.5 -4.97403e-14 0)
(1.5 -3.54345e-14 0)
(1.5 -1.6309e-14 0)
(1.5 5.72767e-14 0)
(1.5 8.65159e-14 0)
(1.5 -1.52398e-14 0)
(1.5 -2.26769e-13 0)
(1.5 -3.02465e-13 0)
(1.5 -3.0921e-13 0)
(1.5 -3.66157e-13 0)
(1.5 -5.1166e-13 0)
(1.5 -6.78207e-13 0)
(1.5 -5.28381e-13 0)
(1.5 -3.59517e-13 0)
(1.5 -2.9843e-13 0)
(1.5 -2.67605e-13 0)
(1.5 -2.53265e-13 0)
(1.5 -1.804e-13 0)
(1.5 -1.25176e-13 0)
(1.5 2.46053e-14 0)
(1.5 7.85943e-14 0)
(1.5 1.35764e-13 0)
(1.5 6.9866e-14 0)
(1.5 -1.73659e-14 0)
(1.5 -3.69343e-14 0)
(1.5 -3.42952e-14 0)
(1.5 -2.05543e-14 0)
(1.5 3.9265e-15 0)
(1.5 3.52568e-14 0)
(1.5 -4.26142e-14 0)
(1.5 -1.22824e-13 0)
(1.5 -7.94204e-14 0)
(1.5 -8.53568e-15 0)
(1.5 5.33124e-15 0)
(1.5 -6.04878e-15 0)
(1.5 -9.03453e-15 0)
(1.5 4.3232e-14 0)
(1.5 5.11042e-14 0)
(1.5 9.11702e-14 0)
(1.5 6.25741e-14 0)
(1.5 3.85327e-14 0)
(1.5 7.16202e-14 0)
(1.5 6.85756e-14 0)
(1.5 1.4753e-14 0)
(1.5 1.0408e-14 0)
(1.5 -1.81229e-14 0)
(1.5 -1.41446e-14 0)
(1.5 -8.37975e-14 0)
(1.5 -1.71109e-13 0)
(1.5 -1.31824e-13 0)
(1.5 -1.1922e-13 0)
(1.5 -5.1916e-14 0)
(1.5 6.72236e-14 0)
(1.5 6.35082e-14 0)
(1.5 2.88486e-15 0)
(1.5 3.89445e-14 0)
(1.5 3.69383e-14 0)
(1.5 2.02386e-14 0)
(1.5 2.53084e-14 0)
(1.5 3.10668e-14 0)
(1.5 4.91973e-15 0)
(1.5 -2.37556e-14 0)
(1.5 1.54164e-14 0)
(1.5 2.01711e-14 0)
(1.5 4.87426e-14 0)
(1.5 1.44518e-14 0)
(1.5 -3.34305e-15 0)
(1.5 -1.06089e-14 0)
(1.5 -8.10892e-16 0)
(1.5 2.55079e-14 0)
(1.5 9.79933e-15 0)
(1.5 4.23665e-15 0)
(1.5 -1.95127e-14 0)
(1.5 -8.68887e-14 0)
(1.5 -8.83002e-14 0)
(1.5 -4.34789e-14 0)
(1.5 1.52178e-14 0)
(1.5 -4.00943e-14 0)
(1.5 -6.45906e-14 0)
(1.5 -4.22108e-14 0)
(1.5 -2.80073e-14 0)
(1.5 4.81818e-15 0)
(1.5 -1.72623e-14 0)
(1.5 -6.4182e-14 0)
(1.5 2.97327e-14 0)
(1.5 9.58188e-14 0)
(1.5 7.83408e-14 0)
(1.5 3.96568e-14 0)
(1.5 -5.31933e-15 0)
(1.5 3.54728e-14 0)
(1.5 2.96665e-14 0)
(1.5 -4.50412e-14 0)
(1.5 -7.27859e-14 0)
(1.5 -1.63193e-14 0)
(1.5 -4.28705e-14 0)
(1.5 -2.75088e-14 0)
(1.5 -2.86635e-14 0)
(1.5 -2.61024e-14 0)
(1.5 -7.29271e-14 0)
(1.5 -9.55864e-14 0)
(1.5 -8.73388e-14 0)
(1.5 -5.3541e-14 0)
(1.5 -5.97627e-14 0)
(1.5 8.19818e-14 0)
(1.5 8.23455e-14 0)
(1.5 6.27626e-14 0)
(1.5 3.77629e-14 0)
(1.5 -1.18985e-15 0)
(1.5 1.08431e-14 0)
(1.5 2.23001e-14 0)
(1.5 8.52845e-14 0)
(1.5 1.59853e-13 0)
(1.5 2.18292e-13 0)
(1.5 2.04484e-13 0)
(1.5 7.55607e-14 0)
(1.5 -8.57356e-14 0)
(1.5 -1.73107e-13 0)
(1.5 -1.92977e-13 0)
(1.5 -2.29345e-13 0)
(1.5 -2.06156e-13 0)
(1.5 -2.22485e-13 0)
(1.5 -2.23584e-13 0)
(1.5 -1.40173e-13 0)
(1.5 -8.95783e-14 0)
(1.5 -9.27886e-14 0)
(1.5 -3.6311e-14 0)
(1.5 -1.49786e-14 0)
(1.5 -2.30609e-14 0)
(1.5 -2.8395e-14 0)
(1.5 5.68212e-15 0)
(1.5 3.87818e-14 0)
(1.5 -2.47566e-14 0)
(1.5 -2.07371e-14 0)
(1.5 -1.44678e-14 0)
(1.5 9.70628e-15 0)
(1.5 2.13974e-14 0)
(1.5 7.62953e-15 0)
(1.5 9.51079e-15 0)
(1.5 -3.72423e-14 0)
(1.5 -5.4911e-14 0)
(1.5 2.58625e-14 0)
(1.5 1.06987e-13 0)
(1.5 7.32523e-14 0)
(1.5 4.46266e-14 0)
(1.5 -3.75812e-15 0)
(1.5 1.19053e-14 0)
(1.5 1.16667e-13 0)
(1.5 1.79857e-13 0)
(1.5 1.96779e-13 0)
(1.5 2.79625e-14 0)
(1.5 3.71765e-14 0)
(1.5 3.14193e-13 0)
(1.5 3.44896e-13 0)
(1.5 3.37572e-13 0)
(1.5 3.29084e-13 0)
(1.5 2.98103e-13 0)
(1.5 2.18125e-13 0)
(1.5 1.79905e-13 0)
(1.5 1.36511e-13 0)
(1.5 9.64907e-14 0)
(1.5 3.59466e-14 0)
(1.5 5.74284e-14 0)
(1.5 8.72736e-14 0)
(1.5 -1.55259e-14 0)
(1.5 -1.46219e-13 0)
(1.5 -2.08544e-13 0)
(1.5 -2.58167e-13 0)
(1.5 -2.2527e-13 0)
(1.5 -2.3501e-13 0)
(1.5 -2.7267e-13 0)
(1.5 -2.26448e-13 0)
(1.5 -1.39747e-13 0)
(1.5 -8.88645e-14 0)
(1.5 -7.37726e-14 0)
(1.5 -1.45647e-13 0)
(1.5 -1.84976e-13 0)
(1.5 -1.8773e-13 0)
(1.5 -1.52038e-13 0)
(1.5 -4.1277e-14 0)
(1.5 5.74058e-14 0)
(1.5 4.6223e-14 0)
(1.5 3.10204e-14 0)
(1.5 7.10658e-15 0)
(1.5 -1.49027e-13 0)
(1.5 -2.85556e-13 0)
(1.5 -2.95407e-13 0)
(1.5 -2.52947e-13 0)
(1.5 -2.60917e-13 0)
(1.5 -3.41757e-13 0)
(1.5 -3.84127e-13 0)
(1.5 -3.54155e-13 0)
(1.5 -4.02392e-13 0)
(1.5 -4.40777e-13 0)
(1.5 -4.48165e-13 0)
(1.5 -3.43935e-13 0)
(1.5 -2.90542e-13 0)
(1.5 -3.88873e-13 0)
(1.5 -3.33679e-13 0)
(1.5 -2.36964e-13 0)
(1.5 -1.18871e-13 0)
(1.5 -1.12919e-13 0)
(1.5 -1.09091e-13 0)
(1.5 -6.19289e-14 0)
(1.5 1.54417e-15 0)
(1.5 -5.27225e-14 0)
(1.5 -1.13972e-13 0)
(1.5 -1.83645e-13 0)
(1.5 -2.54591e-13 0)
(1.5 -3.1111e-13 0)
(1.5 -3.0718e-13 0)
(1.5 -4.45191e-13 0)
(1.5 -6.30173e-13 0)
(1.5 -5.21594e-13 0)
(1.5 -3.36726e-13 0)
(1.5 -2.36295e-13 0)
(1.5 -1.5527e-13 0)
(1.5 -1.5946e-13 0)
(1.5 -1.38317e-13 0)
(1.5 -1.24895e-13 0)
(1.5 4.54894e-14 0)
(1.5 4.10032e-14 0)
(1.5 5.25081e-14 0)
(1.5 -2.53139e-14 0)
(1.5 -6.75241e-14 0)
(1.5 -3.61723e-14 0)
(1.5 -1.79378e-14 0)
(1.5 9.89408e-15 0)
(1.5 4.28898e-14 0)
(1.5 6.62734e-14 0)
(1.5 2.48465e-14 0)
(1.5 -8.69865e-14 0)
(1.5 -1.05637e-13 0)
(1.5 -4.31943e-14 0)
(1.5 -3.50104e-14 0)
(1.5 -2.61445e-14 0)
(1.5 -3.79518e-16 0)
(1.5 -1.23517e-14 0)
(1.5 -6.97154e-16 0)
(1.5 6.88676e-14 0)
(1.5 7.45599e-14 0)
(1.5 4.92253e-14 0)
(1.5 3.64929e-14 0)
(1.5 6.70464e-14 0)
(1.5 -4.41656e-15 0)
(1.5 3.06398e-14 0)
(1.5 -4.29844e-14 0)
(1.5 -3.93021e-14 0)
(1.5 -4.91488e-14 0)
(1.5 -1.32859e-13 0)
(1.5 -1.06921e-13 0)
(1.5 -1.14598e-13 0)
(1.5 -3.78245e-14 0)
(1.5 5.08645e-14 0)
(1.5 8.59282e-14 0)
(1.5 2.57483e-14 0)
(1.5 -6.32949e-15 0)
(1.5 2.05688e-14 0)
(1.5 9.60586e-15 0)
(1.5 6.26843e-15 0)
(1.5 -1.40192e-14 0)
(1.5 -2.80156e-14 0)
(1.5 -2.25596e-14 0)
(1.5 -2.93993e-14 0)
(1.5 2.44862e-14 0)
(1.5 4.56507e-14 0)
(1.5 1.91879e-15 0)
(1.5 -4.49005e-14 0)
(1.5 -4.62586e-14 0)
(1.5 -3.04546e-14 0)
(1.5 -3.26913e-14 0)
(1.5 -4.01243e-14 0)
(1.5 -1.42671e-14 0)
(1.5 2.11813e-15 0)
(1.5 -2.99733e-16 0)
(1.5 -3.21413e-14 0)
(1.5 -9.03291e-14 0)
(1.5 -6.78636e-14 0)
(1.5 -6.19522e-14 0)
(1.5 -1.07517e-13 0)
(1.5 -6.38617e-14 0)
(1.5 -1.61867e-14 0)
(1.5 -3.86934e-14 0)
(1.5 -3.43232e-14 0)
(1.5 -7.11197e-14 0)
(1.5 4.83064e-15 0)
(1.5 4.03004e-14 0)
(1.5 9.55779e-14 0)
(1.5 9.82492e-14 0)
(1.5 7.32974e-14 0)
(1.5 1.64343e-14 0)
(1.5 -8.17373e-15 0)
(1.5 -1.0707e-14 0)
(1.5 -5.20412e-14 0)
(1.5 3.9904e-14 0)
(1.5 1.39876e-14 0)
(1.5 -5.08418e-14 0)
(1.5 -7.17313e-14 0)
(1.5 -6.57425e-14 0)
(1.5 -8.5932e-14 0)
(1.5 -6.39266e-14 0)
(1.5 -1.02309e-14 0)
(1.5 1.03721e-13 0)
(1.5 1.21315e-13 0)
(1.5 9.71047e-14 0)
(1.5 1.74678e-14 0)
(1.5 6.02176e-14 0)
(1.5 -1.68329e-14 0)
(1.5 3.96098e-15 0)
(1.5 4.58352e-14 0)
(1.5 9.20189e-15 0)
(1.5 -2.86551e-15 0)
(1.5 5.69517e-14 0)
(1.5 1.25496e-13 0)
(1.5 2.03464e-13 0)
(1.5 1.67911e-13 0)
(1.5 4.95792e-14 0)
(1.5 9.94464e-15 0)
(1.5 -4.48778e-14 0)
(1.5 -1.45813e-13 0)
(1.5 -1.62736e-13 0)
(1.5 -2.05701e-13 0)
(1.5 -1.63411e-13 0)
(1.5 -8.92682e-14 0)
(1.5 -4.19714e-14 0)
(1.5 -5.34826e-14 0)
(1.5 -8.46996e-14 0)
(1.5 -1.38552e-13 0)
(1.5 -1.75117e-13 0)
(1.5 -1.38767e-13 0)
(1.5 -5.48797e-14 0)
(1.5 -8.99019e-14 0)
(1.5 -4.99414e-14 0)
(1.5 2.0154e-14 0)
(1.5 1.01941e-13 0)
(1.5 8.65237e-14 0)
(1.5 -1.36909e-14 0)
(1.5 -1.23012e-13 0)
(1.5 -1.08464e-13 0)
(1.5 -8.96078e-14 0)
(1.5 -2.65179e-14 0)
(1.5 6.98324e-15 0)
(1.5 8.5162e-15 0)
(1.5 -7.84402e-15 0)
(1.5 -1.49744e-14 0)
(1.5 4.46296e-15 0)
(1.5 -9.18547e-15 0)
(1.5 -4.33487e-14 0)
(1.5 -1.56927e-14 0)
(1.5 4.44294e-14 0)
(1.5 1.23807e-14 0)
(1.5 3.61527e-14 0)
(1.5 2.23137e-13 0)
(1.5 2.636e-13 0)
(1.5 3.07901e-13 0)
(1.5 3.52212e-13 0)
(1.5 3.15378e-13 0)
(1.5 1.77412e-13 0)
(1.5 4.58316e-14 0)
(1.5 6.53766e-15 0)
(1.5 1.92072e-14 0)
(1.5 1.80552e-14 0)
(1.5 3.50189e-15 0)
(1.5 -6.44267e-14 0)
(1.5 -1.5466e-13 0)
(1.5 -1.72063e-13 0)
(1.5 -1.47821e-13 0)
(1.5 -1.545e-13 0)
(1.5 -1.70252e-13 0)
(1.5 -2.31699e-13 0)
(1.5 -2.51154e-13 0)
(1.5 -2.56549e-13 0)
(1.5 -1.41994e-13 0)
(1.5 -7.61902e-14 0)
(1.5 -1.46866e-13 0)
(1.5 -2.7074e-13 0)
(1.5 -3.68838e-13 0)
(1.5 -3.34765e-13 0)
(1.5 -2.42091e-13 0)
(1.5 -9.5229e-14 0)
(1.5 -2.45937e-14 0)
(1.5 -6.60342e-14 0)
(1.5 -1.42293e-13 0)
(1.5 -1.85036e-13 0)
(1.5 -2.40414e-13 0)
(1.5 -3.29268e-13 0)
(1.5 -3.04502e-13 0)
(1.5 -3.23607e-13 0)
(1.5 -3.70897e-13 0)
(1.5 -4.00202e-13 0)
(1.5 -4.2346e-13 0)
(1.5 -4.69284e-13 0)
(1.5 -5.84837e-13 0)
(1.5 -6.06537e-13 0)
(1.5 -6.35942e-13 0)
(1.5 -5.42252e-13 0)
(1.5 -4.77338e-13 0)
(1.5 -6.03725e-13 0)
(1.5 -4.80147e-13 0)
(1.5 -3.41407e-13 0)
(1.5 -1.61412e-13 0)
(1.5 -1.20709e-13 0)
(1.5 -9.07259e-14 0)
(1.5 7.33836e-15 0)
(1.5 1.15666e-14 0)
(1.5 -3.74304e-14 0)
(1.5 -3.62851e-14 0)
(1.5 -6.91356e-15 0)
(1.5 -1.03163e-13 0)
(1.5 -1.63651e-13 0)
(1.5 -1.61438e-13 0)
(1.5 -2.63981e-13 0)
(1.5 -3.83938e-13 0)
(1.5 -3.86864e-13 0)
(1.5 -3.71144e-13 0)
(1.5 -2.48511e-13 0)
(1.5 -1.0393e-13 0)
(1.5 -3.29043e-14 0)
(1.5 -4.87023e-14 0)
(1.5 -3.38592e-14 0)
(1.5 2.46572e-14 0)
(1.5 3.43891e-14 0)
(1.5 2.86648e-16 0)
(1.5 -8.99815e-14 0)
(1.5 -3.99582e-14 0)
(1.5 9.88849e-15 0)
(1.5 6.24261e-15 0)
(1.5 -4.00871e-14 0)
(1.5 -1.06312e-13 0)
(1.5 -1.06963e-13 0)
(1.5 -9.71186e-14 0)
(1.5 -7.27639e-14 0)
(1.5 -1.07628e-13 0)
(1.5 -1.3068e-13 0)
(1.5 -1.08627e-13 0)
(1.5 -5.63443e-14 0)
(1.5 -3.10584e-14 0)
(1.5 -1.23124e-14 0)
(1.5 6.60095e-14 0)
(1.5 4.88701e-14 0)
(1.5 6.14069e-14 0)
(1.5 7.98316e-14 0)
(1.5 4.33011e-14 0)
(1.5 3.80551e-14 0)
(1.5 2.25186e-15 0)
(1.5 4.89745e-15 0)
(1.5 -2.16654e-14 0)
(1.5 2.71841e-15 0)
(1.5 -3.89212e-15 0)
(1.5 2.95016e-14 0)
(1.5 1.48825e-14 0)
(1.5 -4.76651e-14 0)
(1.5 -1.6565e-14 0)
(1.5 -3.73248e-14 0)
(1.5 1.59791e-14 0)
(1.5 2.76359e-14 0)
(1.5 -4.23277e-14 0)
(1.5 -3.69505e-14 0)
(1.5 -1.70118e-14 0)
(1.5 -2.14419e-14 0)
(1.5 -7.0178e-15 0)
(1.5 -6.56007e-15 0)
(1.5 4.92885e-16 0)
(1.5 -3.38652e-14 0)
(1.5 -2.74613e-14 0)
(1.5 -2.56612e-14 0)
(1.5 -2.08025e-14 0)
(1.5 -3.35825e-14 0)
(1.5 -7.89372e-15 0)
(1.5 1.08748e-14 0)
(1.5 -6.93024e-15 0)
(1.5 -1.01802e-14 0)
(1.5 2.28096e-14 0)
(1.5 2.49792e-14 0)
(1.5 2.89979e-14 0)
(1.5 -1.47109e-14 0)
(1.5 -9.34053e-14 0)
(1.5 -9.68217e-14 0)
(1.5 -7.11615e-14 0)
(1.5 -8.64444e-14 0)
(1.5 -5.92871e-14 0)
(1.5 3.21899e-14 0)
(1.5 -4.63388e-15 0)
(1.5 -1.55769e-14 0)
(1.5 -3.49986e-14 0)
(1.5 -6.92446e-14 0)
(1.5 -5.51884e-14 0)
(1.5 6.63961e-14 0)
(1.5 1.52266e-13 0)
(1.5 1.52476e-13 0)
(1.5 5.30247e-14 0)
(1.5 5.39589e-14 0)
(1.5 7.53849e-14 0)
(1.5 4.02376e-14 0)
(1.5 8.73801e-14 0)
(1.5 7.89334e-14 0)
(1.5 -9.18569e-15 0)
(1.5 -8.91098e-14 0)
(1.5 -1.35447e-13 0)
(1.5 -6.77173e-14 0)
(1.5 -3.44277e-14 0)
(1.5 -6.89806e-15 0)
(1.5 1.07432e-13 0)
(1.5 1.3494e-13 0)
(1.5 4.3162e-14 0)
(1.5 -6.28516e-15 0)
(1.5 -3.61398e-15 0)
(1.5 -4.85464e-14 0)
(1.5 2.80274e-15 0)
(1.5 7.58209e-15 0)
(1.5 -6.18157e-14 0)
(1.5 -1.16491e-13 0)
(1.5 -9.85205e-14 0)
(1.5 -5.3776e-14 0)
(1.5 3.86454e-14 0)
(1.5 8.16076e-14 0)
(1.5 4.50859e-14 0)
(1.5 3.98161e-14 0)
(1.5 -9.77582e-15 0)
(1.5 -1.98626e-14 0)
(1.5 -1.36692e-14 0)
(1.5 -7.44764e-14 0)
(1.5 -7.45609e-14 0)
(1.5 -9.71704e-14 0)
(1.5 -6.90607e-14 0)
(1.5 -1.82603e-15 0)
(1.5 -6.3985e-15 0)
(1.5 -1.14388e-13 0)
(1.5 -1.67748e-13 0)
(1.5 -1.12886e-13 0)
(1.5 -6.57472e-14 0)
(1.5 -1.01697e-13 0)
(1.5 9.70046e-15 0)
(1.5 6.93892e-14 0)
(1.5 1.02348e-13 0)
(1.5 1.09878e-13 0)
(1.5 -7.02213e-15 0)
(1.5 -1.69401e-13 0)
(1.5 -1.49661e-13 0)
(1.5 -7.62478e-15 0)
(1.5 1.22552e-13 0)
(1.5 1.11102e-13 0)
(1.5 6.43559e-14 0)
(1.5 6.74837e-14 0)
(1.5 7.06787e-14 0)
(1.5 1.16087e-13 0)
(1.5 1.26285e-13 0)
(1.5 3.4814e-14 0)
(1.5 2.43092e-16 0)
(1.5 -1.15176e-14 0)
(1.5 6.90342e-14 0)
(1.5 7.19045e-14 0)
(1.5 5.03385e-14 0)
(1.5 1.03796e-13 0)
(1.5 2.08387e-13 0)
(1.5 2.75369e-13 0)
(1.5 3.57061e-13 0)
(1.5 2.87197e-13 0)
(1.5 1.84017e-13 0)
(1.5 1.02735e-13 0)
(1.5 7.2889e-14 0)
(1.5 5.12324e-14 0)
(1.5 -7.24893e-15 0)
(1.5 -1.53256e-13 0)
(1.5 -1.95541e-13 0)
(1.5 -9.44204e-14 0)
(1.5 -4.58352e-14 0)
(1.5 -4.6964e-14 0)
(1.5 -7.28606e-14 0)
(1.5 -1.41134e-13 0)
(1.5 -1.63143e-13 0)
(1.5 -2.24366e-13 0)
(1.5 -1.9813e-13 0)
(1.5 -1.53844e-13 0)
(1.5 -2.74437e-13 0)
(1.5 -3.90055e-13 0)
(1.5 -4.52933e-13 0)
(1.5 -3.01465e-13 0)
(1.5 -2.00155e-13 0)
(1.5 -1.94177e-13 0)
(1.5 -2.36783e-13 0)
(1.5 -2.4654e-13 0)
(1.5 -3.15362e-13 0)
(1.5 -2.85761e-13 0)
(1.5 -2.01852e-13 0)
(1.5 -2.214e-13 0)
(1.5 -2.53473e-13 0)
(1.5 -3.44343e-13 0)
(1.5 -3.86968e-13 0)
(1.5 -3.49643e-13 0)
(1.5 -3.07921e-13 0)
(1.5 -3.68113e-13 0)
(1.5 -5.75082e-13 0)
(1.5 -6.21959e-13 0)
(1.5 -6.53014e-13 0)
(1.5 -5.83036e-13 0)
(1.5 -5.54797e-13 0)
(1.5 -6.33839e-13 0)
(1.5 -4.89774e-13 0)
(1.5 -3.29779e-13 0)
(1.5 -1.7789e-13 0)
(1.5 -7.55543e-14 0)
(1.5 -3.8764e-14 0)
(1.5 2.68257e-14 0)
(1.5 2.02644e-14 0)
(1.5 3.76527e-14 0)
(1.5 7.95602e-14 0)
(1.5 8.59813e-14 0)
(1.5 1.65316e-14 0)
(1.5 1.29723e-14 0)
(1.5 -1.8679e-15 0)
(1.5 -7.75378e-14 0)
(1.5 -1.79099e-13 0)
(1.5 -2.92793e-13 0)
(1.5 -4.07418e-13 0)
(1.5 -3.18155e-13 0)
(1.5 -1.55471e-13 0)
(1.5 -5.27054e-14 0)
(1.5 1.30168e-14 0)
(1.5 1.1468e-13 0)
(1.5 -1.59278e-14 0)
(1.5 5.5883e-14 0)
(1.5 6.45615e-14 0)
(1.5 7.05404e-14 0)
(1.5 1.37396e-13 0)
(1.5 1.04523e-13 0)
(1.5 7.78573e-14 0)
(1.5 -6.20746e-14 0)
(1.5 -1.60756e-13 0)
(1.5 -1.36022e-13 0)
(1.5 -1.22684e-13 0)
(1.5 -7.89491e-14 0)
(1.5 -1.12179e-13 0)
(1.5 -1.33226e-13 0)
(1.5 -1.01876e-13 0)
(1.5 -7.50487e-14 0)
(1.5 -7.00729e-14 0)
(1.5 -2.79782e-14 0)
(1.5 3.5322e-14 0)
(1.5 5.88037e-14 0)
(1.5 7.39462e-14 0)
(1.5 1.27728e-13 0)
(1.5 1.27972e-13 0)
(1.5 7.92276e-14 0)
(1.5 6.99832e-14 0)
(1.5 3.68612e-14 0)
(1.5 2.357e-14 0)
(1.5 1.14062e-13 0)
(1.5 7.49907e-14 0)
(1.5 7.35943e-14 0)
(1.5 4.70403e-14 0)
(1.5 -7.78752e-15 0)
(1.5 -5.59835e-14 0)
(1.5 -1.09865e-13 0)
(1.5 -3.32276e-14 0)
(1.5 1.93796e-14 0)
(1.5 -2.07947e-14 0)
(1.5 -3.71037e-15 0)
(1.5 -2.05452e-14 0)
(1.5 -2.90353e-14 0)
(1.5 -2.55661e-16 0)
(1.5 2.39105e-14 0)
(1.5 4.05145e-16 0)
(1.5 -2.3195e-14 0)
(1.5 -5.39851e-14 0)
(1.5 -5.93813e-14 0)
(1.5 -4.13285e-14 0)
(1.5 1.23777e-14 0)
(1.5 5.1316e-14 0)
(1.5 6.64044e-14 0)
(1.5 6.94025e-14 0)
(1.5 7.64228e-14 0)
(1.5 9.91631e-14 0)
(1.5 6.77383e-14 0)
(1.5 4.16173e-14 0)
(1.5 1.31275e-14 0)
(1.5 -5.79741e-14 0)
(1.5 -7.40084e-14 0)
(1.5 -3.46357e-14 0)
(1.5 -4.80898e-14 0)
(1.5 -4.20373e-14 0)
(1.5 1.30203e-14 0)
(1.5 -1.266e-14 0)
(1.5 -5.69917e-14 0)
(1.5 -2.61901e-14 0)
(1.5 -4.63352e-14 0)
(1.5 -2.65057e-14 0)
(1.5 1.32292e-14 0)
(1.5 1.16785e-13 0)
(1.5 1.22452e-13 0)
(1.5 9.62544e-14 0)
(1.5 5.66918e-14 0)
(1.5 6.6672e-14 0)
(1.5 6.69106e-14 0)
(1.5 4.18963e-14 0)
(1.5 6.16545e-14 0)
(1.5 -2.06332e-14 0)
(1.5 -9.4462e-14 0)
(1.5 -1.06687e-13 0)
(1.5 -4.31147e-14 0)
(1.5 -7.98259e-14 0)
(1.5 -4.91696e-14 0)
(1.5 8.36035e-15 0)
(1.5 4.02422e-14 0)
(1.5 4.98218e-15 0)
(1.5 1.56567e-14 0)
(1.5 -2.2001e-14 0)
(1.5 -1.25322e-15 0)
(1.5 9.83129e-14 0)
(1.5 3.00035e-14 0)
(1.5 -1.51322e-13 0)
(1.5 -1.93452e-13 0)
(1.5 -1.95728e-13 0)
(1.5 -1.34067e-13 0)
(1.5 -7.75131e-14 0)
(1.5 -3.5911e-14 0)
(1.5 4.04177e-14 0)
(1.5 5.08106e-14 0)
(1.5 3.45261e-14 0)
(1.5 2.34613e-14 0)
(1.5 1.88875e-14 0)
(1.5 -1.85292e-14 0)
(1.5 -4.55375e-14 0)
(1.5 -5.852e-14 0)
(1.5 -8.50633e-14 0)
(1.5 -3.75562e-14 0)
(1.5 -6.7197e-15 0)
(1.5 -8.18469e-14 0)
(1.5 -1.62238e-13 0)
(1.5 -1.30313e-13 0)
(1.5 -1.45651e-13 0)
(1.5 -1.04302e-13 0)
(1.5 -4.47465e-14 0)
(1.5 -4.76226e-14 0)
(1.5 -9.34853e-14 0)
(1.5 -3.69079e-14 0)
(1.5 -5.69655e-14 0)
(1.5 -1.12711e-13 0)
(1.5 -1.19956e-13 0)
(1.5 2.60564e-14 0)
(1.5 1.18556e-13 0)
(1.5 1.29848e-13 0)
(1.5 1.16682e-13 0)
(1.5 1.31723e-13 0)
(1.5 1.38326e-13 0)
(1.5 1.42557e-13 0)
(1.5 1.53722e-13 0)
(1.5 1.39853e-13 0)
(1.5 1.06579e-13 0)
(1.5 3.23081e-14 0)
(1.5 2.48247e-14 0)
(1.5 -4.89395e-15 0)
(1.5 -8.93667e-14 0)
(1.5 -1.92394e-14 0)
(1.5 1.178e-13 0)
(1.5 2.66258e-13 0)
(1.5 3.58058e-13 0)
(1.5 3.43046e-13 0)
(1.5 2.75599e-13 0)
(1.5 1.91833e-13 0)
(1.5 1.0577e-13 0)
(1.5 5.6425e-14 0)
(1.5 8.47302e-16 0)
(1.5 -3.19262e-14 0)
(1.5 -4.29877e-14 0)
(1.5 -3.77282e-14 0)
(1.5 2.30015e-14 0)
(1.5 8.32528e-14 0)
(1.5 5.05175e-14 0)
(1.5 -2.0239e-14 0)
(1.5 -1.23853e-13 0)
(1.5 -2.19712e-13 0)
(1.5 -2.51343e-13 0)
(1.5 -2.41175e-13 0)
(1.5 -2.80639e-13 0)
(1.5 -3.52232e-13 0)
(1.5 -3.46581e-13 0)
(1.5 -1.84021e-13 0)
(1.5 -1.34506e-13 0)
(1.5 -1.91137e-13 0)
(1.5 -3.08419e-13 0)
(1.5 -3.28004e-13 0)
(1.5 -3.26835e-13 0)
(1.5 -2.30191e-13 0)
(1.5 -1.73242e-13 0)
(1.5 -1.51688e-13 0)
(1.5 -1.51362e-13 0)
(1.5 -1.75442e-13 0)
(1.5 -1.78605e-13 0)
(1.5 -1.8703e-13 0)
(1.5 -2.20734e-13 0)
(1.5 -2.08698e-13 0)
(1.5 -3.98196e-13 0)
(1.5 -5.24487e-13 0)
(1.5 -5.55684e-13 0)
(1.5 -5.77082e-13 0)
(1.5 -5.35937e-13 0)
(1.5 -5.75785e-13 0)
(1.5 -4.42387e-13 0)
(1.5 -2.79676e-13 0)
(1.5 -1.49906e-13 0)
(1.5 -8.83584e-15 0)
(1.5 4.25823e-14 0)
(1.5 4.89085e-14 0)
(1.5 2.30477e-14 0)
(1.5 3.27115e-14 0)
(1.5 6.47641e-14 0)
(1.5 1.22547e-13 0)
(1.5 1.09059e-13 0)
(1.5 1.28382e-13 0)
(1.5 8.90233e-14 0)
(1.5 1.67308e-14 0)
(1.5 -1.43445e-13 0)
(1.5 -2.95494e-13 0)
(1.5 -3.17731e-13 0)
(1.5 -2.27682e-13 0)
(1.5 -1.27141e-13 0)
(1.5 -9.46827e-14 0)
(1.5 3.18793e-14 0)
(1.5 1.64932e-13 0)
(1.5 1.80007e-15 0)
(1.5 8.5453e-14 0)
(1.5 1.81873e-13 0)
(1.5 2.50975e-13 0)
(1.5 3.0065e-13 0)
(1.5 1.81727e-13 0)
(1.5 1.13108e-13 0)
(1.5 5.04225e-14 0)
(1.5 2.46616e-14 0)
(1.5 1.66685e-14 0)
(1.5 -1.55828e-14 0)
(1.5 -6.50964e-15 0)
(1.5 -5.86353e-14 0)
(1.5 -5.94651e-14 0)
(1.5 -5.04018e-14 0)
(1.5 -6.69433e-14 0)
(1.5 -5.43252e-14 0)
(1.5 -2.74643e-14 0)
(1.5 -1.86742e-14 0)
(1.5 -3.27551e-15 0)
(1.5 6.02203e-14 0)
(1.5 1.399e-13 0)
(1.5 1.6932e-13 0)
(1.5 1.43332e-13 0)
(1.5 1.40697e-13 0)
(1.5 6.60752e-14 0)
(1.5 6.56869e-14 0)
(1.5 9.16438e-14 0)
(1.5 8.88627e-14 0)
(1.5 9.31145e-14 0)
(1.5 7.28439e-14 0)
(1.5 3.22309e-14 0)
(1.5 -7.69308e-14 0)
(1.5 -1.2854e-13 0)
(1.5 -1.02103e-13 0)
(1.5 -9.32047e-15 0)
(1.5 6.18132e-14 0)
(1.5 5.85031e-14 0)
(1.5 -9.94559e-15 0)
(1.5 -1.08624e-14 0)
(1.5 -3.54424e-14 0)
(1.5 -1.01943e-14 0)
(1.5 -4.63232e-15 0)
(1.5 3.49908e-14 0)
(1.5 7.50696e-14 0)
(1.5 5.69474e-14 0)
(1.5 3.99059e-14 0)
(1.5 2.81998e-14 0)
(1.5 3.47342e-14 0)
(1.5 8.75297e-14 0)
(1.5 1.22656e-13 0)
(1.5 9.6125e-14 0)
(1.5 7.34736e-14 0)
(1.5 8.27282e-14 0)
(1.5 6.1811e-14 0)
(1.5 4.00917e-14 0)
(1.5 -2.18604e-14 0)
(1.5 -4.11917e-14 0)
(1.5 -5.91805e-15 0)
(1.5 -4.49014e-14 0)
(1.5 -4.72146e-14 0)
(1.5 -4.26862e-14 0)
(1.5 -2.33566e-14 0)
(1.5 -4.94265e-14 0)
(1.5 -5.75531e-15 0)
(1.5 5.68595e-14 0)
(1.5 4.92092e-14 0)
(1.5 8.31088e-15 0)
(1.5 3.16749e-14 0)
(1.5 6.4705e-14 0)
(1.5 8.21532e-14 0)
(1.5 3.6335e-14 0)
(1.5 7.45775e-14 0)
(1.5 4.28105e-14 0)
(1.5 -2.37801e-14 0)
(1.5 -2.92537e-14 0)
(1.5 -2.47504e-14 0)
(1.5 -5.87032e-14 0)
(1.5 -5.34567e-15 0)
(1.5 2.68797e-14 0)
(1.5 -1.28073e-15 0)
(1.5 5.46783e-14 0)
(1.5 -1.71788e-14 0)
(1.5 -5.3727e-15 0)
(1.5 -7.47849e-15 0)
(1.5 3.60944e-14 0)
(1.5 2.54494e-14 0)
(1.5 9.51852e-14 0)
(1.5 1.55913e-13 0)
(1.5 -3.07564e-15 0)
(1.5 -1.90387e-13 0)
(1.5 -2.69972e-13 0)
(1.5 -2.94562e-13 0)
(1.5 -2.01142e-13 0)
(1.5 -9.35183e-14 0)
(1.5 2.19524e-14 0)
(1.5 1.3597e-13 0)
(1.5 1.72149e-13 0)
(1.5 1.63693e-13 0)
(1.5 9.9659e-14 0)
(1.5 9.82271e-14 0)
(1.5 1.04811e-13 0)
(1.5 3.48485e-14 0)
(1.5 -2.6723e-14 0)
(1.5 -8.15853e-14 0)
(1.5 -1.13512e-13 0)
(1.5 -1.38225e-13 0)
(1.5 -1.30202e-13 0)
(1.5 -1.36936e-13 0)
(1.5 -1.48005e-13 0)
(1.5 -1.71112e-13 0)
(1.5 -2.12917e-13 0)
(1.5 -2.17495e-13 0)
(1.5 -2.20782e-13 0)
(1.5 -2.19851e-13 0)
(1.5 -1.49584e-13 0)
(1.5 -8.31541e-14 0)
(1.5 -5.18452e-14 0)
(1.5 -9.2862e-14 0)
(1.5 -1.35694e-14 0)
(1.5 6.59592e-14 0)
(1.5 1.33043e-13 0)
(1.5 1.66043e-13 0)
(1.5 1.18004e-13 0)
(1.5 1.29392e-13 0)
(1.5 1.1885e-13 0)
(1.5 6.05443e-14 0)
(1.5 1.67852e-14 0)
(1.5 2.11969e-14 0)
(1.5 1.09896e-14 0)
(1.5 -4.40078e-14 0)
(1.5 -1.05711e-13 0)
(1.5 -1.81572e-13 0)
(1.5 -1.03942e-13 0)
(1.5 6.67889e-14 0)
(1.5 2.12577e-13 0)
(1.5 3.03382e-13 0)
(1.5 3.33205e-13 0)
(1.5 2.65858e-13 0)
(1.5 2.33549e-13 0)
(1.5 1.37569e-13 0)
(1.5 1.04886e-13 0)
(1.5 8.87394e-14 0)
(1.5 1.29961e-13 0)
(1.5 1.2351e-13 0)
(1.5 -7.814e-15 0)
(1.5 8.55014e-15 0)
(1.5 1.55366e-13 0)
(1.5 1.66101e-13 0)
(1.5 8.86448e-14 0)
(1.5 -1.50004e-13 0)
(1.5 -3.0018e-13 0)
(1.5 -2.56702e-13 0)
(1.5 -1.6843e-13 0)
(1.5 -1.33607e-13 0)
(1.5 -1.71696e-13 0)
(1.5 -1.68378e-13 0)
(1.5 -6.4509e-14 0)
(1.5 -8.46729e-14 0)
(1.5 -7.99943e-14 0)
(1.5 -1.78798e-13 0)
(1.5 -2.6686e-13 0)
(1.5 -2.17231e-13 0)
(1.5 -1.49432e-13 0)
(1.5 -1.52684e-13 0)
(1.5 -1.76737e-13 0)
(1.5 -1.06753e-13 0)
(1.5 -3.95326e-14 0)
(1.5 -2.38636e-15 0)
(1.5 -2.38706e-14 0)
(1.5 -1.21215e-13 0)
(1.5 -1.5963e-13 0)
(1.5 -2.96271e-13 0)
(1.5 -4.72681e-13 0)
(1.5 -4.91821e-13 0)
(1.5 -5.23255e-13 0)
(1.5 -4.60172e-13 0)
(1.5 -4.15425e-13 0)
(1.5 -2.86306e-13 0)
(1.5 -1.68183e-13 0)
(1.5 -1.01202e-13 0)
(1.5 -2.19939e-14 0)
(1.5 7.2713e-14 0)
(1.5 2.99355e-14 0)
(1.5 1.3398e-14 0)
(1.5 7.83555e-14 0)
(1.5 6.93594e-14 0)
(1.5 1.32128e-13 0)
(1.5 1.76293e-13 0)
(1.5 1.37789e-13 0)
(1.5 9.627e-14 0)
(1.5 6.29896e-14 0)
(1.5 -4.48809e-14 0)
(1.5 -1.24617e-13 0)
(1.5 -9.52731e-14 0)
(1.5 -3.15041e-14 0)
(1.5 1.94277e-15 0)
(1.5 5.1145e-14 0)
(1.5 1.81302e-13 0)
(1.5 2.64139e-13 0)
(1.5 3.00713e-14 0)
(1.5 7.06382e-14 0)
(1.5 1.51219e-13 0)
(1.5 2.28436e-13 0)
(1.5 2.75708e-13 0)
(1.5 1.53278e-13 0)
(1.5 4.87137e-14 0)
(1.5 1.17435e-13 0)
(1.5 1.52916e-13 0)
(1.5 8.25739e-14 0)
(1.5 7.32922e-14 0)
(1.5 1.87794e-14 0)
(1.5 -6.384e-14 0)
(1.5 -5.63093e-14 0)
(1.5 -5.86512e-14 0)
(1.5 -2.61133e-14 0)
(1.5 7.33747e-15 0)
(1.5 1.41077e-14 0)
(1.5 2.51611e-14 0)
(1.5 -4.26149e-14 0)
(1.5 1.8384e-14 0)
(1.5 7.10099e-14 0)
(1.5 1.44523e-13 0)
(1.5 2.0344e-13 0)
(1.5 1.87397e-13 0)
(1.5 1.34263e-13 0)
(1.5 1.15635e-13 0)
(1.5 9.46307e-14 0)
(1.5 1.44004e-13 0)
(1.5 1.31348e-13 0)
(1.5 1.22986e-13 0)
(1.5 1.09934e-13 0)
(1.5 3.16927e-14 0)
(1.5 1.67705e-14 0)
(1.5 -6.4613e-14 0)
(1.5 -6.36575e-14 0)
(1.5 3.79806e-14 0)
(1.5 5.90852e-14 0)
(1.5 8.56158e-14 0)
(1.5 4.52281e-14 0)
(1.5 -5.77771e-15 0)
(1.5 -1.73295e-14 0)
(1.5 2.81637e-14 0)
(1.5 6.50738e-14 0)
(1.5 1.15124e-13 0)
(1.5 9.51716e-14 0)
(1.5 7.25345e-14 0)
(1.5 4.5597e-14 0)
(1.5 3.61811e-14 0)
(1.5 1.07352e-13 0)
(1.5 1.64516e-13 0)
(1.5 1.19576e-13 0)
(1.5 5.9437e-14 0)
(1.5 7.51043e-14 0)
(1.5 7.62144e-14 0)
(1.5 4.27589e-14 0)
(1.5 2.53027e-15 0)
(1.5 8.78908e-15 0)
(1.5 3.14111e-14 0)
(1.5 -2.76698e-15 0)
(1.5 2.73693e-14 0)
(1.5 3.63663e-14 0)
(1.5 1.54863e-14 0)
(1.5 3.46418e-14 0)
(1.5 3.79218e-14 0)
(1.5 6.50688e-14 0)
(1.5 3.81335e-14 0)
(1.5 -1.92654e-14 0)
(1.5 -3.79892e-14 0)
(1.5 4.19445e-14 0)
(1.5 7.85833e-14 0)
(1.5 1.11322e-13 0)
(1.5 1.16013e-13 0)
(1.5 5.18426e-14 0)
(1.5 -9.61583e-15 0)
(1.5 4.36457e-15 0)
(1.5 1.78786e-14 0)
(1.5 -1.56626e-14 0)
(1.5 1.81395e-14 0)
(1.5 7.5469e-14 0)
(1.5 9.24554e-14 0)
(1.5 1.07969e-13 0)
(1.5 8.16454e-15 0)
(1.5 -1.04483e-14 0)
(1.5 1.07073e-14 0)
(1.5 5.59032e-14 0)
(1.5 7.39047e-14 0)
(1.5 1.22264e-13 0)
(1.5 9.87705e-14 0)
(1.5 -3.79031e-14 0)
(1.5 -1.10018e-13 0)
(1.5 -1.54699e-13 0)
(1.5 -2.0933e-13 0)
(1.5 -2.02572e-13 0)
(1.5 -1.28802e-13 0)
(1.5 -1.3909e-14 0)
(1.5 5.74957e-14 0)
(1.5 1.37771e-13 0)
(1.5 1.0964e-13 0)
(1.5 1.04542e-13 0)
(1.5 1.49606e-13 0)
(1.5 1.30719e-13 0)
(1.5 7.00161e-14 0)
(1.5 1.29839e-15 0)
(1.5 -5.52436e-15 0)
(1.5 -5.34564e-14 0)
(1.5 -1.04266e-13 0)
(1.5 -3.98214e-14 0)
(1.5 -4.92761e-15 0)
(1.5 -3.18333e-14 0)
(1.5 -5.82251e-14 0)
(1.5 -1.35711e-13 0)
(1.5 -1.08242e-13 0)
(1.5 -1.35151e-13 0)
(1.5 -1.54191e-13 0)
(1.5 -1.11501e-13 0)
(1.5 -7.84144e-14 0)
(1.5 -4.4633e-14 0)
(1.5 -4.40279e-14 0)
(1.5 -3.97961e-14 0)
(1.5 1.48708e-14 0)
(1.5 1.18983e-13 0)
(1.5 1.60969e-13 0)
(1.5 8.27119e-14 0)
(1.5 9.23081e-14 0)
(1.5 7.08658e-14 0)
(1.5 -4.09498e-15 0)
(1.5 -4.39455e-14 0)
(1.5 -1.15323e-14 0)
(1.5 3.11271e-14 0)
(1.5 4.50033e-14 0)
(1.5 -1.19837e-14 0)
(1.5 -1.83301e-13 0)
(1.5 -1.06752e-13 0)
(1.5 8.25337e-14 0)
(1.5 1.65376e-13 0)
(1.5 2.43149e-13 0)
(1.5 3.16619e-13 0)
(1.5 2.78421e-13 0)
(1.5 2.45132e-13 0)
(1.5 2.48861e-13 0)
(1.5 2.51111e-13 0)
(1.5 1.97791e-13 0)
(1.5 1.29168e-13 0)
(1.5 7.89945e-14 0)
(1.5 3.57217e-14 0)
(1.5 -3.7921e-14 0)
(1.5 3.84571e-14 0)
(1.5 1.13515e-13 0)
(1.5 4.79997e-14 0)
(1.5 -7.46338e-14 0)
(1.5 -2.00338e-13 0)
(1.5 -1.60417e-13 0)
(1.5 -9.70761e-14 0)
(1.5 -4.72863e-14 0)
(1.5 -2.64544e-14 0)
(1.5 -5.97562e-15 0)
(1.5 -2.02748e-14 0)
(1.5 -5.83166e-14 0)
(1.5 -2.20263e-14 0)
(1.5 -7.27296e-14 0)
(1.5 -1.53492e-13 0)
(1.5 -8.91459e-14 0)
(1.5 -4.61457e-14 0)
(1.5 -3.74214e-14 0)
(1.5 -8.13042e-14 0)
(1.5 -3.14648e-14 0)
(1.5 5.54477e-15 0)
(1.5 5.19906e-14 0)
(1.5 1.11251e-13 0)
(1.5 1.30015e-14 0)
(1.5 -1.18017e-13 0)
(1.5 -3.28768e-13 0)
(1.5 -4.84939e-13 0)
(1.5 -4.42978e-13 0)
(1.5 -4.25379e-13 0)
(1.5 -3.93933e-13 0)
(1.5 -2.88557e-13 0)
(1.5 -1.23797e-13 0)
(1.5 -3.84004e-14 0)
(1.5 -1.04951e-14 0)
(1.5 -3.17006e-14 0)
(1.5 2.81955e-14 0)
(1.5 -2.16769e-14 0)
(1.5 6.53175e-14 0)
(1.5 1.46814e-13 0)
(1.5 1.12804e-13 0)
(1.5 8.26128e-14 0)
(1.5 1.62004e-13 0)
(1.5 9.09093e-14 0)
(1.5 8.41675e-14 0)
(1.5 1.38693e-13 0)
(1.5 8.50997e-14 0)
(1.5 1.73209e-14 0)
(1.5 1.01069e-13 0)
(1.5 1.5448e-13 0)
(1.5 1.45645e-13 0)
(1.5 2.42125e-13 0)
(1.5 3.34572e-13 0)
(1.5 3.02012e-13 0)
(1.5 1.60186e-14 0)
(1.5 -7.46748e-15 0)
(1.5 4.64824e-14 0)
(1.5 1.03118e-13 0)
(1.5 7.72873e-14 0)
(1.5 2.83446e-14 0)
(1.5 -1.92201e-15 0)
(1.5 8.03477e-14 0)
(1.5 1.47409e-13 0)
(1.5 1.26343e-13 0)
(1.5 1.20062e-13 0)
(1.5 -1.76083e-14 0)
(1.5 -1.2323e-13 0)
(1.5 -1.43336e-13 0)
(1.5 -5.65021e-14 0)
(1.5 -5.68936e-15 0)
(1.5 5.78323e-14 0)
(1.5 5.197e-14 0)
(1.5 4.38614e-14 0)
(1.5 1.26746e-14 0)
(1.5 -3.61802e-14 0)
(1.5 -2.14091e-14 0)
(1.5 3.6505e-14 0)
(1.5 1.09404e-13 0)
(1.5 6.71495e-14 0)
(1.5 1.02915e-13 0)
(1.5 1.16289e-13 0)
(1.5 7.91022e-14 0)
(1.5 8.98375e-14 0)
(1.5 6.46971e-14 0)
(1.5 5.01098e-14 0)
(1.5 5.889e-14 0)
(1.5 3.63346e-14 0)
(1.5 2.38532e-14 0)
(1.5 -3.93591e-14 0)
(1.5 -6.48449e-14 0)
(1.5 -5.42241e-14 0)
(1.5 -7.05469e-15 0)
(1.5 3.34695e-14 0)
(1.5 2.17928e-14 0)
(1.5 3.22388e-14 0)
(1.5 4.01919e-14 0)
(1.5 8.40891e-14 0)
(1.5 6.45348e-14 0)
(1.5 6.85444e-14 0)
(1.5 7.22312e-14 0)
(1.5 8.14524e-14 0)
(1.5 8.09498e-14 0)
(1.5 7.16742e-14 0)
(1.5 8.62929e-14 0)
(1.5 1.1399e-13 0)
(1.5 1.22812e-13 0)
(1.5 1.05593e-13 0)
(1.5 1.05971e-13 0)
(1.5 9.13638e-14 0)
(1.5 4.16443e-14 0)
(1.5 4.38669e-14 0)
(1.5 7.35077e-14 0)
(1.5 4.70973e-14 0)
(1.5 4.8272e-14 0)
(1.5 1.09755e-13 0)
(1.5 4.31561e-14 0)
(1.5 -4.91055e-15 0)
(1.5 1.93588e-14 0)
(1.5 7.93108e-14 0)
(1.5 6.53912e-15 0)
(1.5 -2.45835e-14 0)
(1.5 -6.27328e-14 0)
(1.5 -1.23115e-13 0)
(1.5 -6.92706e-15 0)
(1.5 3.41313e-14 0)
(1.5 6.99448e-14 0)
(1.5 3.79397e-14 0)
(1.5 5.17528e-15 0)
(1.5 -2.61003e-14 0)
(1.5 -7.63238e-15 0)
(1.5 -2.0316e-14 0)
(1.5 4.93622e-15 0)
(1.5 -5.82787e-14 0)
(1.5 1.51758e-14 0)
(1.5 5.05893e-14 0)
(1.5 4.65143e-14 0)
(1.5 4.61161e-14 0)
(1.5 3.55692e-14 0)
(1.5 2.06473e-14 0)
(1.5 5.66786e-14 0)
(1.5 8.66566e-14 0)
(1.5 7.28613e-14 0)
(1.5 4.98947e-14 0)
(1.5 -6.49454e-15 0)
(1.5 -3.16223e-14 0)
(1.5 -2.56938e-14 0)
(1.5 -1.11796e-13 0)
(1.5 -1.88555e-13 0)
(1.5 -1.95336e-13 0)
(1.5 -1.7242e-13 0)
(1.5 -1.31567e-13 0)
(1.5 -5.14885e-14 0)
(1.5 -6.21189e-14 0)
(1.5 -6.97169e-16 0)
(1.5 3.96981e-14 0)
(1.5 1.7903e-14 0)
(1.5 1.51376e-14 0)
(1.5 3.47501e-14 0)
(1.5 3.71317e-14 0)
(1.5 -1.33469e-14 0)
(1.5 1.22313e-14 0)
(1.5 -1.32312e-15 0)
(1.5 -4.56867e-14 0)
(1.5 -1.26136e-13 0)
(1.5 -1.10715e-13 0)
(1.5 -8.18137e-14 0)
(1.5 -2.62476e-14 0)
(1.5 -7.25401e-14 0)
(1.5 -1.16386e-13 0)
(1.5 -6.86911e-14 0)
(1.5 -5.64698e-14 0)
(1.5 -3.01189e-14 0)
(1.5 -2.59929e-14 0)
(1.5 -1.1177e-13 0)
(1.5 -6.49273e-14 0)
(1.5 1.57828e-14 0)
(1.5 8.61304e-15 0)
(1.5 2.73252e-14 0)
(1.5 2.88802e-14 0)
(1.5 4.12884e-14 0)
(1.5 6.15367e-14 0)
(1.5 7.83973e-14 0)
(1.5 4.94116e-14 0)
(1.5 8.25686e-14 0)
(1.5 1.41762e-13 0)
(1.5 1.15046e-13 0)
(1.5 -3.1278e-14 0)
(1.5 1.2278e-14 0)
(1.5 1.23051e-13 0)
(1.5 1.82919e-13 0)
(1.5 1.86982e-13 0)
(1.5 2.33136e-13 0)
(1.5 2.66971e-13 0)
(1.5 2.5923e-13 0)
(1.5 3.13848e-13 0)
(1.5 3.0296e-13 0)
(1.5 1.60371e-13 0)
(1.5 -2.52927e-14 0)
(1.5 -1.11402e-13 0)
(1.5 -4.78025e-14 0)
(1.5 -8.3297e-14 0)
(1.5 -8.58192e-14 0)
(1.5 -3.64744e-14 0)
(1.5 -7.60382e-15 0)
(1.5 2.44697e-14 0)
(1.5 7.10383e-15 0)
(1.5 -3.79226e-14 0)
(1.5 -8.11715e-14 0)
(1.5 -6.59175e-14 0)
(1.5 5.05753e-14 0)
(1.5 2.76144e-14 0)
(1.5 -1.70538e-13 0)
(1.5 -1.91199e-13 0)
(1.5 -1.51921e-13 0)
(1.5 -8.10567e-14 0)
(1.5 -8.10031e-14 0)
(1.5 1.23386e-14 0)
(1.5 8.60823e-15 0)
(1.5 -2.18351e-14 0)
(1.5 1.768e-14 0)
(1.5 -1.29996e-14 0)
(1.5 6.15215e-14 0)
(1.5 1.40366e-13 0)
(1.5 1.84141e-13 0)
(1.5 8.93247e-14 0)
(1.5 -2.46392e-14 0)
(1.5 -2.25165e-13 0)
(1.5 -3.62141e-13 0)
(1.5 -4.09129e-13 0)
(1.5 -3.73705e-13 0)
(1.5 -3.24693e-13 0)
(1.5 -2.24996e-13 0)
(1.5 -3.03982e-14 0)
(1.5 3.65879e-14 0)
(1.5 8.36266e-14 0)
(1.5 9.9043e-14 0)
(1.5 1.24734e-13 0)
(1.5 1.31443e-13 0)
(1.5 1.57939e-13 0)
(1.5 2.24464e-13 0)
(1.5 1.71966e-13 0)
(1.5 1.31172e-13 0)
(1.5 1.37512e-13 0)
(1.5 1.13351e-13 0)
(1.5 9.19954e-14 0)
(1.5 1.30226e-13 0)
(1.5 1.75013e-13 0)
(1.5 6.55579e-14 0)
(1.5 1.27379e-13 0)
(1.5 2.14297e-13 0)
(1.5 2.85458e-13 0)
(1.5 4.07811e-13 0)
(1.5 4.02273e-13 0)
(1.5 3.13274e-13 0)
(1.5 -2.13594e-14 0)
(1.5 -6.31195e-14 0)
(1.5 -8.51509e-14 0)
(1.5 -5.99575e-14 0)
(1.5 -6.03172e-14 0)
(1.5 8.04934e-15 0)
(1.5 -5.36484e-15 0)
(1.5 5.28982e-14 0)
(1.5 1.10526e-13 0)
(1.5 9.1494e-14 0)
(1.5 2.53718e-15 0)
(1.5 -9.90942e-14 0)
(1.5 -1.48367e-13 0)
(1.5 -1.7043e-13 0)
(1.5 -8.39462e-14 0)
(1.5 -3.58595e-14 0)
(1.5 6.98393e-15 0)
(1.5 1.02322e-13 0)
(1.5 9.09112e-14 0)
(1.5 7.57403e-14 0)
(1.5 -1.79222e-14 0)
(1.5 -7.00606e-14 0)
(1.5 -8.35382e-14 0)
(1.5 -2.59875e-14 0)
(1.5 -3.22962e-15 0)
(1.5 -1.56093e-14 0)
(1.5 -1.87589e-14 0)
(1.5 -8.35549e-14 0)
(1.5 -1.37454e-13 0)
(1.5 -9.83738e-14 0)
(1.5 -7.6329e-14 0)
(1.5 -6.48309e-14 0)
(1.5 -5.08414e-14 0)
(1.5 -7.4037e-14 0)
(1.5 -5.28002e-14 0)
(1.5 5.91689e-15 0)
(1.5 -5.75283e-14 0)
(1.5 -3.72518e-14 0)
(1.5 -3.62228e-14 0)
(1.5 -8.32601e-15 0)
(1.5 2.20814e-14 0)
(1.5 1.13607e-13 0)
(1.5 1.43552e-13 0)
(1.5 1.33146e-13 0)
(1.5 4.59926e-14 0)
(1.5 1.04047e-13 0)
(1.5 1.42397e-13 0)
(1.5 1.34723e-13 0)
(1.5 1.4434e-13 0)
(1.5 1.07873e-13 0)
(1.5 8.08578e-14 0)
(1.5 1.36936e-13 0)
(1.5 1.53958e-13 0)
(1.5 1.59475e-13 0)
(1.5 1.03121e-13 0)
(1.5 6.4228e-14 0)
(1.5 1.51829e-13 0)
(1.5 1.39979e-13 0)
(1.5 7.67284e-14 0)
(1.5 1.21755e-13 0)
(1.5 7.27837e-14 0)
(1.5 -2.82261e-14 0)
(1.5 1.75072e-15 0)
(1.5 1.11247e-14 0)
(1.5 6.7235e-14 0)
(1.5 6.60054e-15 0)
(1.5 -1.67761e-14 0)
(1.5 -4.02646e-15 0)
(1.5 -5.74649e-14 0)
(1.5 -5.15256e-15 0)
(1.5 -2.45603e-14 0)
(1.5 -4.37794e-14 0)
(1.5 -6.06655e-14 0)
(1.5 -4.4535e-14 0)
(1.5 -5.39381e-14 0)
(1.5 -6.48796e-14 0)
(1.5 -7.10875e-14 0)
(1.5 -6.94587e-14 0)
(1.5 -1.07188e-13 0)
(1.5 -7.33229e-14 0)
(1.5 -8.13838e-14 0)
(1.5 -1.08507e-13 0)
(1.5 -8.56513e-14 0)
(1.5 -1.20547e-13 0)
(1.5 -1.52226e-13 0)
(1.5 -1.3269e-13 0)
(1.5 -8.18328e-14 0)
(1.5 -7.33649e-14 0)
(1.5 -1.05957e-13 0)
(1.5 -6.55796e-14 0)
(1.5 -1.42513e-14 0)
(1.5 1.84696e-15 0)
(1.5 -6.92423e-14 0)
(1.5 -1.14183e-13 0)
(1.5 -1.37021e-13 0)
(1.5 -1.45045e-13 0)
(1.5 -1.06952e-13 0)
(1.5 -9.03999e-14 0)
(1.5 -4.22604e-14 0)
(1.5 5.32532e-14 0)
(1.5 2.79855e-14 0)
(1.5 4.05161e-14 0)
(1.5 4.85816e-14 0)
(1.5 1.24559e-13 0)
(1.5 1.18679e-13 0)
(1.5 8.71924e-14 0)
(1.5 8.94058e-14 0)
(1.5 -3.97153e-14 0)
(1.5 -1.73615e-13 0)
(1.5 -2.43851e-13 0)
(1.5 -1.71779e-13 0)
(1.5 -1.13716e-13 0)
(1.5 -8.81116e-14 0)
(1.5 -6.05809e-14 0)
(1.5 -7.20812e-14 0)
(1.5 -3.66127e-14 0)
(1.5 2.15943e-14 0)
(1.5 5.66152e-14 0)
(1.5 3.05054e-14 0)
(1.5 -1.16319e-13 0)
(1.5 -1.00203e-13 0)
(1.5 -1.96844e-14 0)
(1.5 1.5719e-14 0)
(1.5 7.08623e-14 0)
(1.5 2.92009e-14 0)
(1.5 5.23799e-14 0)
(1.5 1.10618e-13 0)
(1.5 1.30602e-13 0)
(1.5 1.09794e-13 0)
(1.5 5.63065e-14 0)
(1.5 7.49404e-15 0)
(1.5 5.40973e-14 0)
(1.5 1.5193e-13 0)
(1.5 1.98963e-13 0)
(1.5 2.61113e-13 0)
(1.5 2.54516e-13 0)
(1.5 1.94173e-13 0)
(1.5 2.27169e-13 0)
(1.5 2.22619e-13 0)
(1.5 2.29289e-13 0)
(1.5 2.20243e-13 0)
(1.5 1.90545e-13 0)
(1.5 6.77273e-14 0)
(1.5 -1.54851e-14 0)
(1.5 -9.24777e-14 0)
(1.5 -7.08633e-14 0)
(1.5 -8.10294e-14 0)
(1.5 -8.82745e-14 0)
(1.5 -8.77709e-14 0)
(1.5 2.11148e-14 0)
(1.5 9.93734e-14 0)
(1.5 1.93776e-13 0)
(1.5 1.75489e-13 0)
(1.5 9.78998e-14 0)
(1.5 5.44515e-14 0)
(1.5 1.29129e-13 0)
(1.5 3.1184e-14 0)
(1.5 -1.32126e-13 0)
(1.5 -1.2532e-13 0)
(1.5 -9.57065e-14 0)
(1.5 -1.24551e-14 0)
(1.5 7.20822e-15 0)
(1.5 3.19883e-14 0)
(1.5 -1.20474e-14 0)
(1.5 -1.98027e-14 0)
(1.5 9.97279e-14 0)
(1.5 1.13283e-13 0)
(1.5 1.83418e-13 0)
(1.5 1.97055e-13 0)
(1.5 1.42765e-13 0)
(1.5 1.44417e-13 0)
(1.5 7.09549e-14 0)
(1.5 -7.83097e-14 0)
(1.5 -2.32838e-13 0)
(1.5 -3.31518e-13 0)
(1.5 -2.8134e-13 0)
(1.5 -2.02021e-13 0)
(1.5 -1.03211e-13 0)
(1.5 -4.65748e-14 0)
(1.5 -4.07427e-14 0)
(1.5 -2.24886e-14 0)
(1.5 4.94667e-14 0)
(1.5 1.93453e-13 0)
(1.5 2.58381e-13 0)
(1.5 2.19041e-13 0)
(1.5 2.1476e-13 0)
(1.5 1.94766e-13 0)
(1.5 1.49497e-13 0)
(1.5 1.64633e-13 0)
(1.5 2.644e-13 0)
(1.5 2.29876e-13 0)
(1.5 1.66902e-13 0)
(1.5 2.71211e-13 0)
(1.5 1.948e-13 0)
(1.5 1.92065e-13 0)
(1.5 2.57958e-13 0)
(1.5 3.79801e-13 0)
(1.5 6.16457e-13 0)
(1.5 5.95293e-13 0)
(1.5 4.89337e-13 0)
(1.5 -5.4277e-14 0)
(1.5 -9.94836e-14 0)
(1.5 -1.90218e-13 0)
(1.5 -2.18856e-13 0)
(1.5 -1.83706e-13 0)
(1.5 -8.97571e-14 0)
(1.5 -3.52983e-14 0)
(1.5 5.9499e-14 0)
(1.5 9.34348e-14 0)
(1.5 5.93664e-14 0)
(1.5 -3.51631e-14 0)
(1.5 -1.50546e-13 0)
(1.5 -1.92422e-13 0)
(1.5 -1.67531e-13 0)
(1.5 -7.16044e-14 0)
(1.5 1.74838e-15 0)
(1.5 -2.87338e-15 0)
(1.5 8.32962e-14 0)
(1.5 8.05182e-14 0)
(1.5 7.73562e-14 0)
(1.5 6.77609e-14 0)
(1.5 -4.73427e-14 0)
(1.5 -1.31476e-13 0)
(1.5 -9.55469e-14 0)
(1.5 -1.63084e-14 0)
(1.5 -6.1068e-14 0)
(1.5 -1.30382e-13 0)
(1.5 -1.79445e-13 0)
(1.5 -1.9892e-13 0)
(1.5 -1.75843e-13 0)
(1.5 -1.34503e-13 0)
(1.5 -9.02781e-14 0)
(1.5 -3.69365e-14 0)
(1.5 1.17673e-14 0)
(1.5 6.88108e-14 0)
(1.5 7.72274e-14 0)
(1.5 6.33845e-14 0)
(1.5 6.22644e-14 0)
(1.5 6.33021e-14 0)
(1.5 5.31779e-14 0)
(1.5 5.04658e-14 0)
(1.5 1.26702e-13 0)
(1.5 1.66714e-13 0)
(1.5 1.60525e-13 0)
(1.5 9.83109e-14 0)
(1.5 1.22692e-13 0)
(1.5 1.32334e-13 0)
(1.5 1.48397e-13 0)
(1.5 1.39182e-13 0)
(1.5 1.07141e-13 0)
(1.5 1.17377e-13 0)
(1.5 1.49845e-13 0)
(1.5 1.05033e-13 0)
(1.5 1.01021e-13 0)
(1.5 9.87777e-14 0)
(1.5 1.07299e-13 0)
(1.5 1.8721e-13 0)
(1.5 1.31141e-13 0)
(1.5 1.55159e-13 0)
(1.5 1.66914e-13 0)
(1.5 7.70007e-14 0)
(1.5 2.95929e-14 0)
(1.5 7.24965e-14 0)
(1.5 6.96918e-14 0)
(1.5 1.44834e-15 0)
(1.5 3.50291e-14 0)
(1.5 7.71126e-14 0)
(1.5 8.648e-14 0)
(1.5 5.11295e-14 0)
(1.5 1.01777e-14 0)
(1.5 2.66849e-15 0)
(1.5 -2.56359e-14 0)
(1.5 -8.48758e-14 0)
(1.5 -5.14809e-14 0)
(1.5 -8.11312e-14 0)
(1.5 -5.83359e-14 0)
(1.5 -3.23616e-14 0)
(1.5 -1.13972e-13 0)
(1.5 -6.51728e-14 0)
(1.5 -1.03508e-13 0)
(1.5 -1.7803e-13 0)
(1.5 -2.39366e-13 0)
(1.5 -2.48118e-13 0)
(1.5 -2.67815e-13 0)
(1.5 -2.47245e-13 0)
(1.5 -2.57891e-13 0)
(1.5 -1.43765e-13 0)
(1.5 -1.31701e-13 0)
(1.5 -2.34418e-13 0)
(1.5 -2.03232e-13 0)
(1.5 -9.14828e-14 0)
(1.5 -7.01112e-15 0)
(1.5 8.14569e-15 0)
(1.5 -1.38614e-14 0)
(1.5 -3.56135e-14 0)
(1.5 -4.7656e-14 0)
(1.5 -6.7946e-14 0)
(1.5 -7.7014e-14 0)
(1.5 4.15664e-15 0)
(1.5 6.82732e-14 0)
(1.5 4.72662e-14 0)
(1.5 5.20204e-14 0)
(1.5 8.80944e-14 0)
(1.5 1.54125e-13 0)
(1.5 1.124e-13 0)
(1.5 8.11964e-14 0)
(1.5 -1.79082e-14 0)
(1.5 -8.51787e-14 0)
(1.5 -1.59884e-13 0)
(1.5 -1.51353e-13 0)
(1.5 -1.33894e-13 0)
(1.5 -6.73556e-14 0)
(1.5 -8.8e-14 0)
(1.5 -3.66782e-14 0)
(1.5 -9.36823e-15 0)
(1.5 -4.91492e-14 0)
(1.5 -1.1899e-14 0)
(1.5 6.7262e-14 0)
(1.5 8.03643e-14 0)
(1.5 -2.68017e-14 0)
(1.5 -8.95449e-14 0)
(1.5 -5.9243e-14 0)
(1.5 -4.30941e-14 0)
(1.5 -3.64543e-16 0)
(1.5 -3.64924e-14 0)
(1.5 -1.1277e-13 0)
(1.5 -4.58227e-14 0)
(1.5 4.67111e-14 0)
(1.5 1.90444e-13 0)
(1.5 1.8675e-13 0)
(1.5 1.08912e-13 0)
(1.5 1.5882e-13 0)
(1.5 3.90692e-13 0)
(1.5 4.55658e-13 0)
(1.5 4.32682e-13 0)
(1.5 3.78924e-13 0)
(1.5 2.01828e-13 0)
(1.5 1.42757e-13 0)
(1.5 1.20529e-13 0)
(1.5 1.6249e-13 0)
(1.5 8.48574e-14 0)
(1.5 1.90943e-14 0)
(1.5 -2.33197e-14 0)
(1.5 2.82571e-15 0)
(1.5 -3.69642e-15 0)
(1.5 -5.96698e-14 0)
(1.5 -6.41482e-14 0)
(1.5 -5.97338e-14 0)
(1.5 -7.04868e-14 0)
(1.5 2.72462e-14 0)
(1.5 1.3752e-13 0)
(1.5 1.78629e-13 0)
(1.5 2.67319e-13 0)
(1.5 2.53949e-13 0)
(1.5 2.29742e-13 0)
(1.5 1.81723e-13 0)
(1.5 6.74321e-14 0)
(1.5 3.59206e-15 0)
(1.5 1.25012e-14 0)
(1.5 2.74895e-14 0)
(1.5 8.08447e-14 0)
(1.5 1.31145e-13 0)
(1.5 4.20179e-14 0)
(1.5 2.56119e-14 0)
(1.5 1.3738e-13 0)
(1.5 2.65036e-13 0)
(1.5 3.93053e-13 0)
(1.5 3.78895e-13 0)
(1.5 3.19985e-13 0)
(1.5 3.03103e-13 0)
(1.5 3.19384e-13 0)
(1.5 2.13837e-13 0)
(1.5 2.3495e-14 0)
(1.5 -1.47568e-13 0)
(1.5 -2.20186e-13 0)
(1.5 -1.77962e-13 0)
(1.5 -1.05095e-13 0)
(1.5 3.77926e-14 0)
(1.5 7.42951e-14 0)
(1.5 7.40033e-14 0)
(1.5 2.42974e-14 0)
(1.5 8.98188e-14 0)
(1.5 2.81576e-13 0)
(1.5 3.32774e-13 0)
(1.5 3.02936e-13 0)
(1.5 1.92237e-13 0)
(1.5 1.69745e-13 0)
(1.5 1.97022e-13 0)
(1.5 2.10819e-13 0)
(1.5 3.11306e-13 0)
(1.5 2.58353e-13 0)
(1.5 2.47793e-13 0)
(1.5 3.45314e-13 0)
(1.5 3.32931e-13 0)
(1.5 3.03352e-13 0)
(1.5 3.06155e-13 0)
(1.5 3.95044e-13 0)
(1.5 7.38725e-13 0)
(1.5 7.47312e-13 0)
(1.5 6.45098e-13 0)
(1.5 -3.17688e-14 0)
(1.5 -1.21864e-13 0)
(1.5 -2.23348e-13 0)
(1.5 -3.23352e-13 0)
(1.5 -3.79114e-13 0)
(1.5 -2.61568e-13 0)
(1.5 -1.04225e-13 0)
(1.5 -2.55767e-14 0)
(1.5 2.22727e-14 0)
(1.5 6.66803e-15 0)
(1.5 -1.01698e-13 0)
(1.5 -1.55176e-13 0)
(1.5 -1.42924e-13 0)
(1.5 -1.08841e-13 0)
(1.5 2.05178e-14 0)
(1.5 1.02763e-13 0)
(1.5 1.00336e-13 0)
(1.5 8.32813e-14 0)
(1.5 3.03007e-14 0)
(1.5 1.09876e-14 0)
(1.5 4.23093e-14 0)
(1.5 -1.51304e-14 0)
(1.5 -7.31393e-14 0)
(1.5 -1.0513e-13 0)
(1.5 -7.23824e-14 0)
(1.5 -1.13323e-13 0)
(1.5 -1.29315e-13 0)
(1.5 -1.79998e-13 0)
(1.5 -1.99622e-13 0)
(1.5 -2.05915e-13 0)
(1.5 -1.80525e-13 0)
(1.5 -9.08976e-14 0)
(1.5 2.06467e-14 0)
(1.5 7.73954e-14 0)
(1.5 5.41854e-14 0)
(1.5 1.00871e-14 0)
(1.5 7.59229e-14 0)
(1.5 6.828e-14 0)
(1.5 5.95302e-14 0)
(1.5 6.07536e-14 0)
(1.5 7.35749e-14 0)
(1.5 6.08253e-14 0)
(1.5 1.02694e-13 0)
(1.5 6.2331e-14 0)
(1.5 9.00237e-14 0)
(1.5 4.95388e-14 0)
(1.5 5.51119e-14 0)
(1.5 5.72755e-14 0)
(1.5 6.156e-14 0)
(1.5 3.23872e-15 0)
(1.5 6.75015e-14 0)
(1.5 6.37857e-14 0)
(1.5 3.69551e-14 0)
(1.5 4.8519e-14 0)
(1.5 3.57849e-14 0)
(1.5 1.13698e-13 0)
(1.5 1.24167e-13 0)
(1.5 1.07498e-13 0)
(1.5 1.33959e-13 0)
(1.5 8.72399e-14 0)
(1.5 8.36817e-14 0)
(1.5 7.46605e-14 0)
(1.5 4.728e-14 0)
(1.5 2.20413e-14 0)
(1.5 -5.73092e-14 0)
(1.5 -1.56245e-14 0)
(1.5 5.00055e-14 0)
(1.5 6.62557e-14 0)
(1.5 1.47527e-14 0)
(1.5 -5.8845e-14 0)
(1.5 -4.39546e-14 0)
(1.5 -6.19177e-14 0)
(1.5 -9.47722e-14 0)
(1.5 -4.23172e-14 0)
(1.5 -6.63398e-14 0)
(1.5 -8.33927e-14 0)
(1.5 -2.55907e-14 0)
(1.5 -4.80385e-14 0)
(1.5 -6.86775e-14 0)
(1.5 -9.91179e-14 0)
(1.5 -1.75708e-13 0)
(1.5 -2.60856e-13 0)
(1.5 -2.502e-13 0)
(1.5 -2.14474e-13 0)
(1.5 -2.0049e-13 0)
(1.5 -1.45232e-13 0)
(1.5 -5.75014e-14 0)
(1.5 -4.52895e-14 0)
(1.5 -1.39055e-13 0)
(1.5 -1.67217e-13 0)
(1.5 -8.83804e-14 0)
(1.5 -4.79922e-14 0)
(1.5 -4.38894e-14 0)
(1.5 -5.81101e-14 0)
(1.5 -9.98275e-14 0)
(1.5 -9.7973e-14 0)
(1.5 -9.51804e-14 0)
(1.5 -8.18202e-14 0)
(1.5 -3.20011e-14 0)
(1.5 -3.6718e-14 0)
(1.5 2.05516e-14 0)
(1.5 3.32121e-15 0)
(1.5 -1.08711e-14 0)
(1.5 2.28762e-14 0)
(1.5 -9.93053e-15 0)
(1.5 -5.6989e-14 0)
(1.5 -1.71719e-13 0)
(1.5 -1.62242e-13 0)
(1.5 -1.16304e-13 0)
(1.5 -9.77595e-14 0)
(1.5 -1.2286e-13 0)
(1.5 -5.56706e-14 0)
(1.5 -7.60733e-14 0)
(1.5 -8.31555e-14 0)
(1.5 1.72037e-14 0)
(1.5 -4.73811e-14 0)
(1.5 -8.85431e-14 0)
(1.5 -2.12394e-14 0)
(1.5 -1.854e-14 0)
(1.5 3.57639e-14 0)
(1.5 1.14769e-14 0)
(1.5 -4.46623e-14 0)
(1.5 -8.61603e-14 0)
(1.5 -6.54296e-14 0)
(1.5 -3.06897e-14 0)
(1.5 -8.25317e-14 0)
(1.5 -1.13469e-13 0)
(1.5 -7.22063e-15 0)
(1.5 1.7316e-13 0)
(1.5 3.01465e-13 0)
(1.5 3.37679e-13 0)
(1.5 3.2996e-13 0)
(1.5 5.18459e-13 0)
(1.5 5.71431e-13 0)
(1.5 4.91061e-13 0)
(1.5 3.59631e-13 0)
(1.5 1.36013e-13 0)
(1.5 1.18614e-13 0)
(1.5 1.02078e-13 0)
(1.5 1.15161e-13 0)
(1.5 5.68211e-14 0)
(1.5 -1.51444e-14 0)
(1.5 1.28185e-14 0)
(1.5 1.77662e-14 0)
(1.5 8.92798e-14 0)
(1.5 7.15128e-14 0)
(1.5 1.18549e-14 0)
(1.5 9.12635e-15 0)
(1.5 8.77186e-15 0)
(1.5 1.81127e-14 0)
(1.5 2.26803e-14 0)
(1.5 6.52181e-14 0)
(1.5 2.1584e-13 0)
(1.5 2.50715e-13 0)
(1.5 2.42971e-13 0)
(1.5 1.28382e-13 0)
(1.5 2.3253e-14 0)
(1.5 -1.01315e-14 0)
(1.5 7.14328e-15 0)
(1.5 1.36776e-14 0)
(1.5 1.07187e-13 0)
(1.5 1.8375e-13 0)
(1.5 2.28221e-13 0)
(1.5 2.27976e-13 0)
(1.5 3.17166e-13 0)
(1.5 4.12538e-13 0)
(1.5 5.15542e-13 0)
(1.5 5.52163e-13 0)
(1.5 4.95943e-13 0)
(1.5 4.356e-13 0)
(1.5 3.91378e-13 0)
(1.5 2.34651e-13 0)
(1.5 9.18935e-14 0)
(1.5 -1.66464e-14 0)
(1.5 -1.42313e-13 0)
(1.5 -1.16384e-13 0)
(1.5 -5.70593e-14 0)
(1.5 4.37497e-14 0)
(1.5 9.6303e-14 0)
(1.5 1.59867e-13 0)
(1.5 1.46006e-13 0)
(1.5 2.11823e-13 0)
(1.5 3.3398e-13 0)
(1.5 3.49293e-13 0)
(1.5 3.00239e-13 0)
(1.5 2.4891e-13 0)
(1.5 2.1583e-13 0)
(1.5 3.05681e-13 0)
(1.5 2.77324e-13 0)
(1.5 2.27045e-13 0)
(1.5 2.15843e-13 0)
(1.5 3.47718e-13 0)
(1.5 4.65268e-13 0)
(1.5 4.80464e-13 0)
(1.5 3.51977e-13 0)
(1.5 2.81367e-13 0)
(1.5 3.42505e-13 0)
(1.5 6.27828e-13 0)
(1.5 6.90421e-13 0)
(1.5 6.27282e-13 0)
(1.5 5.82371e-15 0)
(1.5 -1.09533e-13 0)
(1.5 -2.26357e-13 0)
(1.5 -2.99722e-13 0)
(1.5 -3.32855e-13 0)
(1.5 -2.93332e-13 0)
(1.5 -1.9605e-13 0)
(1.5 -1.17245e-13 0)
(1.5 -1.00368e-13 0)
(1.5 -5.91397e-14 0)
(1.5 -6.24087e-14 0)
(1.5 4.78161e-14 0)
(1.5 1.2948e-13 0)
(1.5 5.51632e-14 0)
(1.5 1.67378e-15 0)
(1.5 3.04145e-14 0)
(1.5 5.04902e-14 0)
(1.5 2.32754e-14 0)
(1.5 2.16757e-14 0)
(1.5 5.61442e-14 0)
(1.5 4.99254e-14 0)
(1.5 3.28689e-14 0)
(1.5 5.43928e-14 0)
(1.5 2.0803e-14 0)
(1.5 2.98956e-15 0)
(1.5 -2.71842e-14 0)
(1.5 -4.69563e-14 0)
(1.5 -8.09594e-14 0)
(1.5 -1.53842e-13 0)
(1.5 -1.65757e-13 0)
(1.5 -1.34865e-13 0)
(1.5 -1.34445e-14 0)
(1.5 4.63245e-14 0)
(1.5 1.05135e-13 0)
(1.5 5.18277e-14 0)
(1.5 -4.20104e-14 0)
(1.5 -1.55992e-14 0)
(1.5 2.3199e-14 0)
(1.5 4.04216e-14 0)
(1.5 7.82504e-14 0)
(1.5 1.30712e-13 0)
(1.5 6.45071e-14 0)
(1.5 7.22111e-14 0)
(1.5 5.9831e-14 0)
(1.5 1.10891e-13 0)
(1.5 8.10657e-14 0)
(1.5 6.12854e-14 0)
(1.5 7.49836e-14 0)
(1.5 9.22597e-14 0)
(1.5 2.8918e-14 0)
(1.5 2.85635e-14 0)
(1.5 4.27374e-14 0)
(1.5 1.26242e-13 0)
(1.5 1.25207e-13 0)
(1.5 6.01303e-14 0)
(1.5 1.40666e-13 0)
(1.5 1.59713e-13 0)
(1.5 1.97337e-13 0)
(1.5 1.32283e-13 0)
(1.5 8.81641e-14 0)
(1.5 8.8855e-14 0)
(1.5 9.78689e-14 0)
(1.5 2.25663e-14 0)
(1.5 1.72863e-14 0)
(1.5 1.82288e-15 0)
(1.5 5.70213e-15 0)
(1.5 4.33614e-14 0)
(1.5 2.77619e-14 0)
(1.5 6.66672e-15 0)
(1.5 -3.07913e-14 0)
(1.5 -2.46197e-14 0)
(1.5 -7.6247e-14 0)
(1.5 -4.83173e-14 0)
(1.5 -1.67238e-14 0)
(1.5 -2.69586e-14 0)
(1.5 -5.26054e-14 0)
(1.5 1.11107e-14 0)
(1.5 7.72076e-14 0)
(1.5 -2.48809e-14 0)
(1.5 -8.62721e-14 0)
(1.5 -1.16315e-13 0)
(1.5 -1.18457e-13 0)
(1.5 -8.90768e-14 0)
(1.5 -1.36265e-13 0)
(1.5 -1.50862e-13 0)
(1.5 -8.14234e-14 0)
(1.5 -5.50802e-14 0)
(1.5 -4.2385e-15 0)
(1.5 -1.04924e-14 0)
(1.5 -1.12388e-14 0)
(1.5 1.59653e-14 0)
(1.5 -6.30154e-15 0)
(1.5 -7.02753e-14 0)
(1.5 -9.62632e-14 0)
(1.5 -1.81067e-13 0)
(1.5 -9.94791e-14 0)
(1.5 1.30194e-14 0)
(1.5 9.33609e-14 0)
(1.5 7.53909e-14 0)
(1.5 -5.48388e-15 0)
(1.5 1.80181e-14 0)
(1.5 1.75558e-14 0)
(1.5 -1.53929e-14 0)
(1.5 -1.43837e-14 0)
(1.5 1.34897e-14 0)
(1.5 -3.91738e-15 0)
(1.5 -1.13164e-13 0)
(1.5 -1.15651e-13 0)
(1.5 -2.6013e-14 0)
(1.5 4.1648e-14 0)
(1.5 -2.98896e-14 0)
(1.5 -3.23143e-14 0)
(1.5 -4.67709e-14 0)
(1.5 -4.10434e-14 0)
(1.5 3.01409e-14 0)
(1.5 -3.48569e-14 0)
(1.5 -8.52692e-14 0)
(1.5 -8.71143e-14 0)
(1.5 -1.00434e-14 0)
(1.5 1.56383e-13 0)
(1.5 1.84817e-13 0)
(1.5 1.21893e-13 0)
(1.5 1.01172e-13 0)
(1.5 9.51315e-14 0)
(1.5 7.10125e-14 0)
(1.5 9.33329e-14 0)
(1.5 -1.13404e-14 0)
(1.5 3.89546e-14 0)
(1.5 1.20151e-13 0)
(1.5 2.36504e-13 0)
(1.5 3.15698e-13 0)
(1.5 2.97046e-13 0)
(1.5 3.94675e-13 0)
(1.5 4.19862e-13 0)
(1.5 3.91839e-13 0)
(1.5 2.3683e-13 0)
(1.5 7.37683e-14 0)
(1.5 1.79809e-13 0)
(1.5 1.94628e-13 0)
(1.5 1.39321e-13 0)
(1.5 1.32542e-13 0)
(1.5 8.99554e-14 0)
(1.5 1.8342e-13 0)
(1.5 2.1536e-13 0)
(1.5 2.94637e-13 0)
(1.5 3.40017e-13 0)
(1.5 2.4472e-13 0)
(1.5 1.97789e-13 0)
(1.5 2.07677e-13 0)
(1.5 1.35672e-13 0)
(1.5 7.89257e-14 0)
(1.5 8.53628e-14 0)
(1.5 2.56103e-13 0)
(1.5 2.78827e-13 0)
(1.5 2.79789e-13 0)
(1.5 2.19015e-13 0)
(1.5 1.71952e-13 0)
(1.5 7.62667e-14 0)
(1.5 2.39778e-14 0)
(1.5 8.75627e-14 0)
(1.5 1.8301e-13 0)
(1.5 2.1682e-13 0)
(1.5 3.96237e-13 0)
(1.5 4.2313e-13 0)
(1.5 4.61473e-13 0)
(1.5 5.10446e-13 0)
(1.5 5.10781e-13 0)
(1.5 6.60063e-13 0)
(1.5 6.26664e-13 0)
(1.5 4.84009e-13 0)
(1.5 3.89171e-13 0)
(1.5 3.25292e-13 0)
(1.5 3.22396e-13 0)
(1.5 2.76032e-13 0)
(1.5 9.56451e-14 0)
(1.5 -3.28569e-14 0)
(1.5 -4.94438e-15 0)
(1.5 9.17558e-14 0)
(1.5 1.10945e-13 0)
(1.5 1.67393e-13 0)
(1.5 2.47143e-13 0)
(1.5 2.58159e-13 0)
(1.5 2.82092e-13 0)
(1.5 3.42544e-13 0)
(1.5 3.32266e-13 0)
(1.5 3.28381e-13 0)
(1.5 3.39481e-13 0)
(1.5 4.05765e-13 0)
(1.5 4.11678e-13 0)
(1.5 3.24406e-13 0)
(1.5 3.69851e-13 0)
(1.5 4.17796e-13 0)
(1.5 4.76528e-13 0)
(1.5 5.18935e-13 0)
(1.5 3.86653e-13 0)
(1.5 3.00361e-13 0)
(1.5 3.0197e-13 0)
(1.5 3.75754e-13 0)
(1.5 4.12612e-13 0)
(1.5 4.05514e-13 0)
(1.5 2.77593e-15 0)
(1.5 -6.74199e-14 0)
(1.5 -1.17414e-13 0)
(1.5 -1.75393e-13 0)
(1.5 -1.90306e-13 0)
(1.5 -2.12465e-13 0)
(1.5 -2.10559e-13 0)
(1.5 -1.43941e-13 0)
(1.5 -1.73533e-13 0)
(1.5 -6.54249e-14 0)
(1.5 9.09042e-14 0)
(1.5 2.27178e-13 0)
(1.5 2.30136e-13 0)
(1.5 1.01353e-13 0)
(1.5 -5.42817e-14 0)
(1.5 -6.0882e-14 0)
(1.5 -5.8035e-14 0)
(1.5 -5.28567e-14 0)
(1.5 1.45251e-14 0)
(1.5 9.62113e-14 0)
(1.5 1.09127e-13 0)
(1.5 9.12345e-14 0)
(1.5 7.59071e-14 0)
(1.5 8.91308e-14 0)
(1.5 6.83501e-14 0)
(1.5 5.57245e-14 0)
(1.5 1.99946e-15 0)
(1.5 1.70388e-14 0)
(1.5 -2.38523e-14 0)
(1.5 -5.62728e-15 0)
(1.5 3.66774e-14 0)
(1.5 7.29831e-14 0)
(1.5 6.73148e-14 0)
(1.5 1.00432e-13 0)
(1.5 9.23781e-14 0)
(1.5 8.77053e-15 0)
(1.5 -4.49073e-14 0)
(1.5 1.41575e-15 0)
(1.5 8.02825e-14 0)
(1.5 1.1084e-13 0)
(1.5 1.72444e-13 0)
(1.5 1.21304e-13 0)
(1.5 6.5735e-14 0)
(1.5 8.48138e-14 0)
(1.5 1.00691e-13 0)
(1.5 6.37366e-14 0)
(1.5 4.89754e-14 0)
(1.5 8.93311e-14 0)
(1.5 4.00262e-14 0)
(1.5 4.41873e-14 0)
(1.5 -3.27538e-14 0)
(1.5 2.87507e-14 0)
(1.5 1.13501e-13 0)
(1.5 6.21256e-14 0)
(1.5 8.4344e-14 0)
(1.5 1.05261e-13 0)
(1.5 1.50579e-13 0)
(1.5 1.82328e-13 0)
(1.5 1.47427e-13 0)
(1.5 1.51941e-13 0)
(1.5 1.35791e-13 0)
(1.5 1.51517e-13 0)
(1.5 9.63619e-14 0)
(1.5 7.23519e-14 0)
(1.5 6.66121e-14 0)
(1.5 4.18187e-14 0)
(1.5 5.13189e-14 0)
(1.5 1.92778e-14 0)
(1.5 4.31394e-14 0)
(1.5 1.21865e-14 0)
(1.5 4.15807e-14 0)
(1.5 1.02988e-14 0)
(1.5 -2.95258e-15 0)
(1.5 -5.87325e-14 0)
(1.5 -8.46903e-14 0)
(1.5 -5.76658e-14 0)
(1.5 3.5114e-14 0)
(1.5 4.21624e-14 0)
(1.5 -8.71543e-15 0)
(1.5 -9.71923e-14 0)
(1.5 -6.61807e-14 0)
(1.5 1.14917e-14 0)
(1.5 1.83211e-14 0)
(1.5 -4.22775e-14 0)
(1.5 -5.38335e-14 0)
(1.5 -9.97347e-14 0)
(1.5 -8.5766e-14 0)
(1.5 -3.29352e-14 0)
(1.5 5.67838e-14 0)
(1.5 1.22115e-14 0)
(1.5 -2.94954e-14 0)
(1.5 -2.55737e-14 0)
(1.5 4.03035e-15 0)
(1.5 -3.82937e-14 0)
(1.5 -1.3034e-13 0)
(1.5 -7.96463e-14 0)
(1.5 7.76517e-14 0)
(1.5 1.56999e-13 0)
(1.5 1.68134e-13 0)
(1.5 1.25418e-13 0)
(1.5 6.20269e-14 0)
(1.5 5.62751e-15 0)
(1.5 -1.91441e-14 0)
(1.5 -5.67104e-14 0)
(1.5 -6.04577e-14 0)
(1.5 -8.9596e-14 0)
(1.5 -1.10907e-13 0)
(1.5 -1.2469e-13 0)
(1.5 -3.85512e-14 0)
(1.5 7.40581e-14 0)
(1.5 8.74362e-14 0)
(1.5 8.05143e-15 0)
(1.5 -6.15872e-14 0)
(1.5 2.43232e-15 0)
(1.5 -1.54121e-15 0)
(1.5 -1.80767e-15 0)
(1.5 3.88342e-14 0)
(1.5 1.98096e-14 0)
(1.5 1.27722e-13 0)
(1.5 2.46874e-13 0)
(1.5 2.56137e-13 0)
(1.5 2.39907e-13 0)
(1.5 2.00511e-13 0)
(1.5 1.69796e-13 0)
(1.5 1.10505e-13 0)
(1.5 1.62063e-13 0)
(1.5 1.44037e-13 0)
(1.5 1.20577e-13 0)
(1.5 9.20203e-14 0)
(1.5 1.09122e-13 0)
(1.5 1.73036e-13 0)
(1.5 2.21323e-13 0)
(1.5 1.80629e-13 0)
(1.5 1.18494e-13 0)
(1.5 3.4272e-14 0)
(1.5 -1.00205e-13 0)
(1.5 -7.4224e-14 0)
(1.5 1.02722e-13 0)
(1.5 2.27952e-13 0)
(1.5 1.92646e-13 0)
(1.5 1.40731e-13 0)
(1.5 1.56603e-13 0)
(1.5 2.46874e-13 0)
(1.5 3.79515e-13 0)
(1.5 4.1184e-13 0)
(1.5 3.88309e-13 0)
(1.5 3.57096e-13 0)
(1.5 3.00299e-13 0)
(1.5 2.41849e-13 0)
(1.5 1.29925e-13 0)
(1.5 1.12571e-13 0)
(1.5 1.38323e-13 0)
(1.5 2.89901e-13 0)
(1.5 3.39448e-13 0)
(1.5 3.29925e-13 0)
(1.5 2.67074e-13 0)
(1.5 3.14368e-13 0)
(1.5 2.78474e-13 0)
(1.5 2.13536e-13 0)
(1.5 2.27182e-13 0)
(1.5 1.78076e-13 0)
(1.5 1.65127e-13 0)
(1.5 3.25442e-13 0)
(1.5 4.32966e-13 0)
(1.5 4.52371e-13 0)
(1.5 4.70931e-13 0)
(1.5 4.69175e-13 0)
(1.5 6.64663e-13 0)
(1.5 6.83968e-13 0)
(1.5 5.03894e-13 0)
(1.5 3.75057e-13 0)
(1.5 3.68558e-13 0)
(1.5 4.10238e-13 0)
(1.5 3.66185e-13 0)
(1.5 2.13312e-13 0)
(1.5 6.18408e-14 0)
(1.5 1.06031e-13 0)
(1.5 2.09491e-13 0)
(1.5 2.4535e-13 0)
(1.5 3.146e-13 0)
(1.5 3.88685e-13 0)
(1.5 3.29453e-13 0)
(1.5 2.54535e-13 0)
(1.5 2.82371e-13 0)
(1.5 2.65574e-13 0)
(1.5 2.41203e-13 0)
(1.5 2.70651e-13 0)
(1.5 3.79938e-13 0)
(1.5 4.35107e-13 0)
(1.5 4.10765e-13 0)
(1.5 4.39232e-13 0)
(1.5 3.91725e-13 0)
(1.5 3.87216e-13 0)
(1.5 4.42162e-13 0)
(1.5 3.75774e-13 0)
(1.5 2.14817e-13 0)
(1.5 1.23289e-13 0)
(1.5 -2.41561e-14 0)
(1.5 2.5163e-14 0)
(1.5 9.68933e-14 0)
(1.5 1.37825e-14 0)
(1.5 3.96367e-14 0)
(1.5 7.72443e-14 0)
(1.5 -1.70332e-14 0)
(1.5 -3.77445e-14 0)
(1.5 -3.22363e-14 0)
(1.5 -1.15477e-13 0)
(1.5 -1.5854e-13 0)
(1.5 -1.52803e-13 0)
(1.5 -8.76026e-14 0)
(1.5 8.78892e-15 0)
(1.5 4.42724e-14 0)
(1.5 3.24827e-14 0)
(1.5 2.92044e-15 0)
(1.5 -8.50207e-14 0)
(1.5 -8.09639e-14 0)
(1.5 -1.04049e-13 0)
(1.5 -1.43739e-13 0)
(1.5 -7.29904e-14 0)
(1.5 -4.34306e-14 0)
(1.5 2.60022e-14 0)
(1.5 7.26433e-14 0)
(1.5 5.0102e-14 0)
(1.5 3.99114e-14 0)
(1.5 1.85546e-14 0)
(1.5 3.50034e-15 0)
(1.5 2.62676e-15 0)
(1.5 -4.49477e-15 0)
(1.5 -2.66959e-15 0)
(1.5 9.1906e-15 0)
(1.5 4.18422e-14 0)
(1.5 -4.45188e-15 0)
(1.5 -2.62771e-15 0)
(1.5 -4.11123e-14 0)
(1.5 2.31412e-14 0)
(1.5 2.72012e-14 0)
(1.5 -1.81433e-14 0)
(1.5 -5.37542e-14 0)
(1.5 9.07598e-15 0)
(1.5 3.10268e-14 0)
(1.5 6.67809e-14 0)
(1.5 8.20732e-14 0)
(1.5 3.11146e-14 0)
(1.5 3.7362e-14 0)
(1.5 2.46546e-14 0)
(1.5 -2.60799e-14 0)
(1.5 -2.99516e-14 0)
(1.5 1.66872e-14 0)
(1.5 -2.67419e-14 0)
(1.5 4.91587e-14 0)
(1.5 -3.91755e-14 0)
(1.5 -5.36994e-16 0)
(1.5 3.6417e-14 0)
(1.5 5.39557e-15 0)
(1.5 5.79115e-14 0)
(1.5 5.78357e-14 0)
(1.5 1.13779e-13 0)
(1.5 1.44896e-13 0)
(1.5 1.96903e-13 0)
(1.5 2.1295e-13 0)
(1.5 1.7867e-13 0)
(1.5 1.33736e-13 0)
(1.5 1.11471e-13 0)
(1.5 8.36876e-14 0)
(1.5 7.70054e-14 0)
(1.5 2.79674e-14 0)
(1.5 -1.01545e-14 0)
(1.5 -1.11107e-14 0)
(1.5 3.3581e-14 0)
(1.5 -1.74978e-14 0)
(1.5 -4.23943e-14 0)
(1.5 -6.5853e-14 0)
(1.5 -1.22138e-13 0)
(1.5 -1.45995e-13 0)
(1.5 -9.55653e-14 0)
(1.5 -1.00184e-13 0)
(1.5 -6.28871e-14 0)
(1.5 -7.85527e-14 0)
(1.5 -6.24139e-14 0)
(1.5 -7.90175e-14 0)
(1.5 -5.74431e-14 0)
(1.5 -6.36772e-14 0)
(1.5 -8.62597e-14 0)
(1.5 -8.64319e-14 0)
(1.5 -1.19171e-13 0)
(1.5 -1.74253e-13 0)
(1.5 -1.60456e-13 0)
(1.5 -1.34364e-13 0)
(1.5 -1.63799e-14 0)
(1.5 -4.09915e-14 0)
(1.5 -1.15403e-13 0)
(1.5 -1.54811e-13 0)
(1.5 -1.03625e-13 0)
(1.5 -1.10142e-13 0)
(1.5 -7.04651e-14 0)
(1.5 -8.5525e-14 0)
(1.5 -7.37404e-16 0)
(1.5 -2.17171e-14 0)
(1.5 4.67656e-14 0)
(1.5 8.9355e-14 0)
(1.5 2.01361e-15 0)
(1.5 -5.58927e-14 0)
(1.5 -1.11704e-13 0)
(1.5 -1.92119e-13 0)
(1.5 -1.58272e-13 0)
(1.5 -1.66278e-13 0)
(1.5 -9.40958e-14 0)
(1.5 -1.20641e-13 0)
(1.5 -1.25547e-13 0)
(1.5 -6.26686e-14 0)
(1.5 2.56012e-14 0)
(1.5 -5.67453e-14 0)
(1.5 -1.20944e-13 0)
(1.5 -6.84121e-14 0)
(1.5 -4.58609e-14 0)
(1.5 8.79898e-15 0)
(1.5 5.85222e-14 0)
(1.5 6.4729e-14 0)
(1.5 1.46279e-13 0)
(1.5 1.92337e-13 0)
(1.5 1.6199e-13 0)
(1.5 1.66492e-13 0)
(1.5 1.44049e-13 0)
(1.5 6.67792e-14 0)
(1.5 9.365e-14 0)
(1.5 1.66162e-13 0)
(1.5 1.83793e-13 0)
(1.5 7.46431e-14 0)
(1.5 -8.19303e-16 0)
(1.5 -1.75955e-14 0)
(1.5 1.47921e-14 0)
(1.5 9.32846e-14 0)
(1.5 -1.97614e-14 0)
(1.5 -1.42708e-13 0)
(1.5 -2.86331e-13 0)
(1.5 -3.62487e-13 0)
(1.5 -2.32219e-13 0)
(1.5 -8.41753e-14 0)
(1.5 7.39533e-14 0)
(1.5 9.9567e-14 0)
(1.5 6.78006e-14 0)
(1.5 7.07889e-14 0)
(1.5 2.08223e-13 0)
(1.5 3.95095e-13 0)
(1.5 4.25762e-13 0)
(1.5 3.55847e-13 0)
(1.5 4.0109e-13 0)
(1.5 3.85825e-13 0)
(1.5 2.65077e-13 0)
(1.5 1.24493e-13 0)
(1.5 7.95711e-14 0)
(1.5 1.67744e-13 0)
(1.5 2.04508e-13 0)
(1.5 2.68903e-13 0)
(1.5 2.50476e-13 0)
(1.5 1.93761e-13 0)
(1.5 2.77233e-13 0)
(1.5 4.1079e-13 0)
(1.5 3.66427e-13 0)
(1.5 2.9918e-13 0)
(1.5 1.96245e-13 0)
(1.5 1.40368e-13 0)
(1.5 2.52185e-13 0)
(1.5 3.99425e-13 0)
(1.5 4.20218e-13 0)
(1.5 3.55372e-13 0)
(1.5 3.89117e-13 0)
(1.5 4.95252e-13 0)
(1.5 5.60731e-13 0)
(1.5 4.65231e-13 0)
(1.5 3.50256e-13 0)
(1.5 2.98468e-13 0)
(1.5 3.49061e-13 0)
(1.5 3.40538e-13 0)
(1.5 2.35663e-13 0)
(1.5 1.53271e-13 0)
(1.5 1.43487e-13 0)
(1.5 2.52238e-13 0)
(1.5 3.36916e-13 0)
(1.5 4.73508e-13 0)
(1.5 4.57217e-13 0)
(1.5 3.88215e-13 0)
(1.5 2.92911e-13 0)
(1.5 2.38303e-13 0)
(1.5 2.4086e-13 0)
(1.5 1.78762e-13 0)
(1.5 1.98407e-13 0)
(1.5 2.82324e-13 0)
(1.5 3.6969e-13 0)
(1.5 3.95031e-13 0)
(1.5 4.05871e-13 0)
(1.5 3.69539e-13 0)
(1.5 3.89569e-13 0)
(1.5 4.00625e-13 0)
(1.5 3.38596e-13 0)
(1.5 1.06613e-13 0)
(1.5 -6.63979e-14 0)
(1.5 -2.45321e-13 0)
(1.5 -1.8575e-13 0)
(1.5 -1.2213e-13 0)
(1.5 2.24054e-14 0)
(1.5 4.94938e-15 0)
(1.5 2.18713e-14 0)
(1.5 6.9049e-14 0)
(1.5 5.10807e-14 0)
(1.5 2.26439e-14 0)
(1.5 -4.98711e-14 0)
(1.5 -1.91925e-13 0)
(1.5 -1.76541e-13 0)
(1.5 -1.47421e-13 0)
(1.5 -1.277e-13 0)
(1.5 -1.54101e-13 0)
(1.5 -1.43621e-13 0)
(1.5 -9.13914e-14 0)
(1.5 -9.03847e-14 0)
(1.5 -1.42834e-13 0)
(1.5 -1.40589e-13 0)
(1.5 -1.79376e-13 0)
(1.5 -1.9438e-13 0)
(1.5 -1.76242e-13 0)
(1.5 -1.26153e-13 0)
(1.5 -3.54039e-14 0)
(1.5 -1.46078e-14 0)
(1.5 -3.77693e-14 0)
(1.5 -7.88737e-14 0)
(1.5 -6.93719e-14 0)
(1.5 -1.62754e-14 0)
(1.5 -6.79027e-14 0)
(1.5 -4.97661e-14 0)
(1.5 -8.19763e-14 0)
(1.5 -1.05251e-13 0)
(1.5 -1.19942e-13 0)
(1.5 -9.25411e-14 0)
(1.5 -1.50452e-13 0)
(1.5 -8.5964e-14 0)
(1.5 -2.53292e-14 0)
(1.5 8.20097e-15 0)
(1.5 -1.90927e-14 0)
(1.5 -1.12685e-14 0)
(1.5 8.65528e-15 0)
(1.5 -1.31821e-14 0)
(1.5 1.85098e-14 0)
(1.5 -1.35742e-14 0)
(1.5 -4.70535e-15 0)
(1.5 -2.14165e-14 0)
(1.5 -4.6737e-15 0)
(1.5 -4.19035e-14 0)
(1.5 1.99282e-16 0)
(1.5 7.48295e-15 0)
(1.5 3.68559e-14 0)
(1.5 1.98044e-14 0)
(1.5 -6.67763e-15 0)
(1.5 9.19322e-15 0)
(1.5 4.58873e-14 0)
(1.5 5.55654e-14 0)
(1.5 8.28179e-14 0)
(1.5 1.29085e-13 0)
(1.5 1.87846e-13 0)
(1.5 2.08107e-13 0)
(1.5 2.13725e-13 0)
(1.5 1.72861e-13 0)
(1.5 9.33116e-14 0)
(1.5 7.15372e-14 0)
(1.5 3.28943e-14 0)
(1.5 1.48471e-14 0)
(1.5 -5.50764e-15 0)
(1.5 -5.28653e-14 0)
(1.5 -4.97448e-14 0)
(1.5 -3.42307e-14 0)
(1.5 -5.94561e-14 0)
(1.5 -1.37829e-13 0)
(1.5 -1.68025e-13 0)
(1.5 -1.87365e-13 0)
(1.5 -1.9499e-13 0)
(1.5 -1.22674e-13 0)
(1.5 -1.74578e-13 0)
(1.5 -1.8655e-13 0)
(1.5 -1.19058e-13 0)
(1.5 -1.64902e-13 0)
(1.5 -1.63657e-13 0)
(1.5 -1.43211e-13 0)
(1.5 -2.17522e-13 0)
(1.5 -2.42319e-13 0)
(1.5 -2.14535e-13 0)
(1.5 -2.11496e-13 0)
(1.5 -2.3202e-13 0)
(1.5 -2.4905e-13 0)
(1.5 -2.67006e-13 0)
(1.5 -2.37596e-13 0)
(1.5 -1.94928e-13 0)
(1.5 -2.49714e-13 0)
(1.5 -2.90927e-13 0)
(1.5 -3.16753e-13 0)
(1.5 -2.83144e-13 0)
(1.5 -1.66258e-13 0)
(1.5 -1.17382e-13 0)
(1.5 -1.17105e-13 0)
(1.5 -1.40783e-13 0)
(1.5 -7.49788e-14 0)
(1.5 -2.162e-14 0)
(1.5 -8.33132e-14 0)
(1.5 -1.42565e-13 0)
(1.5 -2.13657e-13 0)
(1.5 -3.69907e-13 0)
(1.5 -2.88019e-13 0)
(1.5 -1.31841e-13 0)
(1.5 -5.80538e-14 0)
(1.5 4.0786e-15 0)
(1.5 -6.96636e-14 0)
(1.5 -1.21597e-13 0)
(1.5 -1.06222e-13 0)
(1.5 -9.96543e-14 0)
(1.5 -1.02999e-13 0)
(1.5 -7.3435e-14 0)
(1.5 2.137e-14 0)
(1.5 8.84694e-14 0)
(1.5 7.68178e-14 0)
(1.5 8.91981e-14 0)
(1.5 9.33661e-14 0)
(1.5 7.13938e-14 0)
(1.5 6.49019e-14 0)
(1.5 7.29534e-14 0)
(1.5 6.70713e-14 0)
(1.5 1.09233e-14 0)
(1.5 2.95328e-14 0)
(1.5 4.86265e-14 0)
(1.5 2.92702e-14 0)
(1.5 -7.24523e-14 0)
(1.5 -1.18441e-13 0)
(1.5 -1.00578e-13 0)
(1.5 -9.09891e-14 0)
(1.5 -1.00459e-13 0)
(1.5 -2.5914e-13 0)
(1.5 -3.31121e-13 0)
(1.5 -3.63966e-13 0)
(1.5 -3.55793e-13 0)
(1.5 -3.32923e-13 0)
(1.5 -3.01842e-13 0)
(1.5 -1.87846e-13 0)
(1.5 -8.17193e-14 0)
(1.5 1.38784e-15 0)
(1.5 3.38509e-14 0)
(1.5 1.88149e-13 0)
(1.5 3.10993e-13 0)
(1.5 3.4212e-13 0)
(1.5 4.00736e-13 0)
(1.5 4.31739e-13 0)
(1.5 3.85992e-13 0)
(1.5 2.36752e-13 0)
(1.5 1.84029e-13 0)
(1.5 1.71826e-13 0)
(1.5 1.99391e-13 0)
(1.5 1.36835e-13 0)
(1.5 9.85824e-14 0)
(1.5 9.30047e-14 0)
(1.5 1.3868e-13 0)
(1.5 2.12573e-13 0)
(1.5 3.08973e-13 0)
(1.5 1.9896e-13 0)
(1.5 8.98815e-14 0)
(1.5 9.54716e-14 0)
(1.5 1.38641e-13 0)
(1.5 3.2169e-13 0)
(1.5 4.81025e-13 0)
(1.5 5.39663e-13 0)
(1.5 4.73562e-13 0)
(1.5 4.49766e-13 0)
(1.5 4.36697e-13 0)
(1.5 4.65595e-13 0)
(1.5 5.35927e-13 0)
(1.5 4.7284e-13 0)
(1.5 3.57493e-13 0)
(1.5 3.77031e-13 0)
(1.5 3.74113e-13 0)
(1.5 3.28827e-13 0)
(1.5 2.39204e-13 0)
(1.5 1.61575e-13 0)
(1.5 2.92578e-13 0)
(1.5 3.7177e-13 0)
(1.5 3.9633e-13 0)
(1.5 3.81515e-13 0)
(1.5 2.97459e-13 0)
(1.5 2.55616e-13 0)
(1.5 2.066e-13 0)
(1.5 3.41315e-13 0)
(1.5 3.32154e-13 0)
(1.5 3.18656e-13 0)
(1.5 3.27184e-13 0)
(1.5 3.55285e-13 0)
(1.5 3.56136e-13 0)
(1.5 3.44006e-13 0)
(1.5 2.80463e-13 0)
(1.5 3.67659e-13 0)
(1.5 4.00646e-13 0)
(1.5 3.59099e-13 0)
(1.5 2.12413e-13 0)
(1.5 -3.23921e-14 0)
(1.5 -1.58508e-13 0)
(1.5 -1.80777e-13 0)
(1.5 -1.34558e-13 0)
(1.5 -2.31437e-15 0)
(1.5 -2.19354e-14 0)
(1.5 -2.16361e-14 0)
(1.5 4.39449e-15 0)
(1.5 -6.83136e-14 0)
(1.5 -1.46933e-13 0)
(1.5 -1.79689e-13 0)
(1.5 -2.33771e-13 0)
(1.5 -2.12641e-13 0)
(1.5 -1.76618e-13 0)
(1.5 -1.37236e-13 0)
(1.5 -1.606e-13 0)
(1.5 -1.07031e-13 0)
(1.5 -5.16096e-14 0)
(1.5 -5.83458e-14 0)
(1.5 -1.37244e-13 0)
(1.5 -9.97202e-14 0)
(1.5 -6.14592e-14 0)
(1.5 -1.42982e-13 0)
(1.5 -1.53793e-13 0)
(1.5 -1.2729e-13 0)
(1.5 -7.79985e-14 0)
(1.5 -2.05571e-14 0)
(1.5 -3.02059e-14 0)
(1.5 -7.37538e-14 0)
(1.5 -5.8842e-14 0)
(1.5 1.13226e-14 0)
(1.5 -3.5099e-14 0)
(1.5 -3.53227e-14 0)
(1.5 -1.24153e-13 0)
(1.5 -1.668e-13 0)
(1.5 -1.46155e-13 0)
(1.5 -1.25188e-13 0)
(1.5 -1.43569e-13 0)
(1.5 -1.08762e-13 0)
(1.5 -2.85432e-14 0)
(1.5 5.79772e-14 0)
(1.5 9.90586e-14 0)
(1.5 1.29843e-13 0)
(1.5 1.0193e-13 0)
(1.5 3.71033e-14 0)
(1.5 4.94296e-14 0)
(1.5 3.22009e-14 0)
(1.5 2.26866e-15 0)
(1.5 -3.8092e-14 0)
(1.5 4.67864e-14 0)
(1.5 2.22556e-14 0)
(1.5 -1.5225e-14 0)
(1.5 2.19867e-15 0)
(1.5 -1.50438e-14 0)
(1.5 3.89464e-14 0)
(1.5 3.31352e-14 0)
(1.5 9.88306e-15 0)
(1.5 3.72577e-14 0)
(1.5 4.26959e-14 0)
(1.5 6.20859e-14 0)
(1.5 7.95052e-14 0)
(1.5 1.39629e-13 0)
(1.5 1.20763e-13 0)
(1.5 1.33539e-13 0)
(1.5 1.09306e-13 0)
(1.5 8.76965e-14 0)
(1.5 8.35228e-14 0)
(1.5 5.1824e-14 0)
(1.5 -1.88822e-14 0)
(1.5 -5.89752e-14 0)
(1.5 -8.47435e-14 0)
(1.5 -5.49592e-14 0)
(1.5 -7.83707e-14 0)
(1.5 -1.01474e-13 0)
(1.5 -1.54889e-13 0)
(1.5 -1.27284e-13 0)
(1.5 -1.45351e-13 0)
(1.5 -2.14543e-13 0)
(1.5 -2.20075e-13 0)
(1.5 -2.28469e-13 0)
(1.5 -2.75498e-13 0)
(1.5 -2.40975e-13 0)
(1.5 -3.35454e-13 0)
(1.5 -3.33582e-13 0)
(1.5 -2.64564e-13 0)
(1.5 -2.97583e-13 0)
(1.5 -3.21438e-13 0)
(1.5 -2.80864e-13 0)
(1.5 -2.18481e-13 0)
(1.5 -2.0008e-13 0)
(1.5 -2.98473e-13 0)
(1.5 -3.12763e-13 0)
(1.5 -3.95556e-13 0)
(1.5 -3.92289e-13 0)
(1.5 -3.5228e-13 0)
(1.5 -2.8032e-13 0)
(1.5 -2.55446e-13 0)
(1.5 -2.02557e-13 0)
(1.5 -1.05357e-13 0)
(1.5 -9.21471e-14 0)
(1.5 -1.47888e-13 0)
(1.5 -8.12908e-14 0)
(1.5 -3.35546e-14 0)
(1.5 -1.71457e-14 0)
(1.5 -7.04203e-14 0)
(1.5 -1.58215e-13 0)
(1.5 -2.43767e-13 0)
(1.5 -3.40792e-13 0)
(1.5 -3.97608e-13 0)
(1.5 -2.08836e-13 0)
(1.5 -1.0459e-13 0)
(1.5 4.45489e-15 0)
(1.5 -1.52428e-14 0)
(1.5 -8.70152e-14 0)
(1.5 -3.2028e-14 0)
(1.5 2.01965e-14 0)
(1.5 2.49921e-14 0)
(1.5 2.57016e-14 0)
(1.5 9.72389e-14 0)
(1.5 1.92367e-13 0)
(1.5 1.79241e-13 0)
(1.5 1.68e-13 0)
(1.5 1.05382e-13 0)
(1.5 4.28813e-14 0)
(1.5 6.81028e-14 0)
(1.5 6.7582e-14 0)
(1.5 1.24975e-14 0)
(1.5 2.36871e-14 0)
(1.5 4.62321e-14 0)
(1.5 -2.09039e-14 0)
(1.5 -1.22382e-13 0)
(1.5 -1.05409e-13 0)
(1.5 -6.34646e-14 0)
(1.5 -1.3475e-14 0)
(1.5 -4.65323e-14 0)
(1.5 -2.04635e-13 0)
(1.5 -4.83818e-13 0)
(1.5 -5.23491e-13 0)
(1.5 -5.04136e-13 0)
(1.5 -4.90591e-13 0)
(1.5 -4.5099e-13 0)
(1.5 -4.20517e-13 0)
(1.5 -3.33631e-13 0)
(1.5 -2.0321e-13 0)
(1.5 -3.29296e-14 0)
(1.5 1.94679e-13 0)
(1.5 4.40266e-13 0)
(1.5 4.71893e-13 0)
(1.5 4.50586e-13 0)
(1.5 5.09277e-13 0)
(1.5 4.732e-13 0)
(1.5 3.8622e-13 0)
(1.5 2.57794e-13 0)
(1.5 2.33694e-13 0)
(1.5 2.73668e-13 0)
(1.5 2.71799e-13 0)
(1.5 1.84675e-13 0)
(1.5 7.23444e-14 0)
(1.5 4.16878e-14 0)
(1.5 2.25846e-13 0)
(1.5 2.34502e-13 0)
(1.5 2.5447e-13 0)
(1.5 1.80949e-13 0)
(1.5 5.10302e-14 0)
(1.5 6.93931e-14 0)
(1.5 2.28315e-13 0)
(1.5 4.56649e-13 0)
(1.5 5.58904e-13 0)
(1.5 5.78806e-13 0)
(1.5 5.70532e-13 0)
(1.5 4.90795e-13 0)
(1.5 5.32451e-13 0)
(1.5 5.45065e-13 0)
(1.5 6.05267e-13 0)
(1.5 5.5993e-13 0)
(1.5 4.88196e-13 0)
(1.5 4.42004e-13 0)
(1.5 3.92925e-13 0)
(1.5 3.48657e-13 0)
(1.5 2.46483e-13 0)
(1.5 1.50266e-13 0)
(1.5 2.3359e-13 0)
(1.5 2.92925e-13 0)
(1.5 2.58912e-13 0)
(1.5 2.93797e-13 0)
(1.5 2.37108e-13 0)
(1.5 2.09094e-13 0)
(1.5 2.09112e-13 0)
(1.5 2.84502e-13 0)
(1.5 3.98548e-13 0)
(1.5 3.99441e-13 0)
(1.5 4.36567e-13 0)
(1.5 3.915e-13 0)
(1.5 3.28576e-13 0)
(1.5 3.00464e-13 0)
(1.5 3.0782e-13 0)
(1.5 4.45831e-13 0)
(1.5 4.55883e-13 0)
(1.5 3.64126e-13 0)
(1.5 2.38383e-13 0)
(1.5 -9.59793e-15 0)
(1.5 -1.09095e-13 0)
(1.5 -1.27002e-13 0)
(1.5 -1.0513e-13 0)
(1.5 -3.65507e-14 0)
(1.5 -2.34752e-14 0)
(1.5 -3.1959e-14 0)
(1.5 -6.18082e-14 0)
(1.5 -1.09256e-13 0)
(1.5 -1.78395e-13 0)
(1.5 -2.14726e-13 0)
(1.5 -1.86611e-13 0)
(1.5 -2.25163e-13 0)
(1.5 -1.93897e-13 0)
(1.5 -1.83077e-13 0)
(1.5 -1.23975e-13 0)
(1.5 -5.42392e-14 0)
(1.5 -4.07437e-14 0)
(1.5 -7.38783e-14 0)
(1.5 -6.57248e-14 0)
(1.5 -1.40861e-14 0)
(1.5 4.21261e-15 0)
(1.5 -4.12404e-14 0)
(1.5 -8.25788e-14 0)
(1.5 -6.08998e-14 0)
(1.5 5.44322e-15 0)
(1.5 1.00259e-13 0)
(1.5 8.42965e-14 0)
(1.5 4.69732e-14 0)
(1.5 4.94555e-14 0)
(1.5 7.88977e-14 0)
(1.5 8.06966e-14 0)
(1.5 8.93648e-14 0)
(1.5 -2.7122e-14 0)
(1.5 -5.79989e-14 0)
(1.5 -1.00806e-13 0)
(1.5 -8.02375e-14 0)
(1.5 -7.96558e-14 0)
(1.5 -6.51388e-15 0)
(1.5 9.20974e-14 0)
(1.5 1.46808e-13 0)
(1.5 1.78817e-13 0)
(1.5 1.65663e-13 0)
(1.5 1.46169e-13 0)
(1.5 7.67655e-14 0)
(1.5 9.69085e-14 0)
(1.5 1.27107e-13 0)
(1.5 7.29754e-14 0)
(1.5 3.44287e-14 0)
(1.5 5.41884e-14 0)
(1.5 4.04604e-14 0)
(1.5 -3.77546e-14 0)
(1.5 2.68607e-15 0)
(1.5 1.11748e-14 0)
(1.5 9.46377e-14 0)
(1.5 1.29731e-13 0)
(1.5 1.14082e-13 0)
(1.5 7.53768e-14 0)
(1.5 6.26869e-14 0)
(1.5 8.00669e-14 0)
(1.5 9.9409e-14 0)
(1.5 1.20033e-13 0)
(1.5 9.69003e-14 0)
(1.5 9.60298e-14 0)
(1.5 1.19749e-13 0)
(1.5 1.35222e-13 0)
(1.5 1.64403e-13 0)
(1.5 1.48005e-13 0)
(1.5 9.45381e-14 0)
(1.5 3.2894e-14 0)
(1.5 -1.55957e-14 0)
(1.5 -5.67612e-14 0)
(1.5 -1.35229e-13 0)
(1.5 -1.62851e-13 0)
(1.5 -1.22647e-13 0)
(1.5 -1.23777e-13 0)
(1.5 -1.70348e-13 0)
(1.5 -1.79815e-13 0)
(1.5 -1.98268e-13 0)
(1.5 -1.48485e-13 0)
(1.5 -1.87295e-13 0)
(1.5 -2.14716e-13 0)
(1.5 -2.30608e-13 0)
(1.5 -1.87652e-13 0)
(1.5 -2.09481e-13 0)
(1.5 -2.2331e-13 0)
(1.5 -2.44334e-13 0)
(1.5 -2.4129e-13 0)
(1.5 -2.585e-13 0)
(1.5 -2.77102e-13 0)
(1.5 -3.07498e-13 0)
(1.5 -3.36473e-13 0)
(1.5 -4.1881e-13 0)
(1.5 -4.29626e-13 0)
(1.5 -2.80613e-13 0)
(1.5 -1.60592e-13 0)
(1.5 -6.66688e-14 0)
(1.5 6.05629e-14 0)
(1.5 1.18215e-13 0)
(1.5 5.24701e-14 0)
(1.5 -6.99024e-14 0)
(1.5 -6.79286e-14 0)
(1.5 -6.7684e-14 0)
(1.5 -7.04412e-14 0)
(1.5 -1.14478e-13 0)
(1.5 -1.19583e-13 0)
(1.5 -1.49844e-13 0)
(1.5 -1.88205e-13 0)
(1.5 -2.82269e-13 0)
(1.5 -2.27369e-13 0)
(1.5 -6.73693e-14 0)
(1.5 -7.08604e-15 0)
(1.5 6.53554e-14 0)
(1.5 5.69979e-14 0)
(1.5 9.64883e-14 0)
(1.5 9.36313e-14 0)
(1.5 2.49712e-14 0)
(1.5 2.70188e-15 0)
(1.5 3.05816e-14 0)
(1.5 1.03248e-13 0)
(1.5 1.6585e-13 0)
(1.5 1.11426e-13 0)
(1.5 1.03319e-13 0)
(1.5 3.53295e-14 0)
(1.5 4.4886e-14 0)
(1.5 3.42525e-14 0)
(1.5 2.33759e-14 0)
(1.5 6.02196e-14 0)
(1.5 1.31754e-13 0)
(1.5 8.21088e-14 0)
(1.5 -7.81758e-14 0)
(1.5 -3.4653e-14 0)
(1.5 4.9679e-14 0)
(1.5 7.36272e-14 0)
(1.5 -3.3893e-14 0)
(1.5 -2.54723e-13 0)
(1.5 -4.92671e-13 0)
(1.5 -5.33122e-13 0)
(1.5 -5.25468e-13 0)
(1.5 -4.77109e-13 0)
(1.5 -3.76867e-13 0)
(1.5 -2.94011e-13 0)
(1.5 -2.31181e-13 0)
(1.5 -8.47733e-14 0)
(1.5 1.05833e-13 0)
(1.5 3.20215e-13 0)
(1.5 5.74689e-13 0)
(1.5 6.72952e-13 0)
(1.5 6.41922e-13 0)
(1.5 5.19444e-13 0)
(1.5 3.964e-13 0)
(1.5 3.71253e-13 0)
(1.5 3.98618e-13 0)
(1.5 3.95868e-13 0)
(1.5 3.81792e-13 0)
(1.5 2.83977e-13 0)
(1.5 1.56494e-13 0)
(1.5 1.28486e-13 0)
(1.5 1.14879e-13 0)
(1.5 2.90974e-13 0)
(1.5 2.62711e-13 0)
(1.5 3.41375e-13 0)
(1.5 3.6812e-13 0)
(1.5 3.0364e-13 0)
(1.5 3.45694e-13 0)
(1.5 4.11026e-13 0)
(1.5 4.89847e-13 0)
(1.5 4.85626e-13 0)
(1.5 5.18528e-13 0)
(1.5 5.37335e-13 0)
(1.5 4.88714e-13 0)
(1.5 6.04691e-13 0)
(1.5 6.37729e-13 0)
(1.5 6.77028e-13 0)
(1.5 6.20495e-13 0)
(1.5 6.24592e-13 0)
(1.5 5.66387e-13 0)
(1.5 4.9193e-13 0)
(1.5 4.39418e-13 0)
(1.5 3.88717e-13 0)
(1.5 3.02179e-13 0)
(1.5 3.88661e-13 0)
(1.5 4.44263e-13 0)
(1.5 4.51626e-13 0)
(1.5 4.3983e-13 0)
(1.5 4.13236e-13 0)
(1.5 3.74616e-13 0)
(1.5 3.59097e-13 0)
(1.5 3.5174e-13 0)
(1.5 4.39702e-13 0)
(1.5 4.57369e-13 0)
(1.5 4.82289e-13 0)
(1.5 4.53786e-13 0)
(1.5 3.84743e-13 0)
(1.5 3.548e-13 0)
(1.5 3.76264e-13 0)
(1.5 5.15579e-13 0)
(1.5 4.57375e-13 0)
(1.5 2.73016e-13 0)
(1.5 6.39366e-14 0)
(1.5 -1.0939e-13 0)
(1.5 -1.20287e-13 0)
(1.5 -1.28139e-13 0)
(1.5 -1.24716e-13 0)
(1.5 -2.00515e-14 0)
(1.5 1.01378e-14 0)
(1.5 -3.06077e-14 0)
(1.5 1.42335e-14 0)
(1.5 -2.30579e-14 0)
(1.5 -9.03929e-14 0)
(1.5 -1.17388e-13 0)
(1.5 -1.90598e-13 0)
(1.5 -2.55826e-13 0)
(1.5 -2.61766e-13 0)
(1.5 -2.57273e-13 0)
(1.5 -1.84061e-13 0)
(1.5 -1.703e-13 0)
(1.5 -1.12147e-13 0)
(1.5 -7.62737e-14 0)
(1.5 -8.12392e-14 0)
(1.5 -7.78488e-14 0)
(1.5 -6.79322e-14 0)
(1.5 -2.2544e-14 0)
(1.5 -2.38831e-14 0)
(1.5 -3.92742e-14 0)
(1.5 1.27201e-14 0)
(1.5 2.23735e-14 0)
(1.5 9.64973e-14 0)
(1.5 1.05778e-13 0)
(1.5 1.11738e-13 0)
(1.5 7.19057e-14 0)
(1.5 4.81976e-14 0)
(1.5 1.2318e-13 0)
(1.5 8.27315e-14 0)
(1.5 -6.82844e-15 0)
(1.5 -1.1125e-13 0)
(1.5 -1.04761e-13 0)
(1.5 -8.63933e-14 0)
(1.5 -2.1612e-14 0)
(1.5 4.16088e-14 0)
(1.5 5.54272e-14 0)
(1.5 7.58453e-14 0)
(1.5 3.93739e-15 0)
(1.5 3.31214e-14 0)
(1.5 3.19436e-14 0)
(1.5 3.44478e-14 0)
(1.5 5.93987e-14 0)
(1.5 4.28471e-14 0)
(1.5 4.28254e-14 0)
(1.5 -3.67887e-14 0)
(1.5 -5.57013e-14 0)
(1.5 -8.20724e-14 0)
(1.5 -4.56733e-14 0)
(1.5 -1.24181e-14 0)
(1.5 3.76893e-14 0)
(1.5 1.02867e-14 0)
(1.5 2.48412e-14 0)
(1.5 2.59406e-14 0)
(1.5 3.54881e-14 0)
(1.5 3.78751e-14 0)
(1.5 7.16572e-14 0)
(1.5 5.71828e-14 0)
(1.5 4.58637e-14 0)
(1.5 3.92732e-14 0)
(1.5 6.18419e-14 0)
(1.5 5.43029e-14 0)
(1.5 8.4487e-14 0)
(1.5 6.46304e-14 0)
(1.5 5.09848e-14 0)
(1.5 1.68948e-14 0)
(1.5 -7.4724e-15 0)
(1.5 -1.05038e-13 0)
(1.5 -1.85598e-13 0)
(1.5 -1.68254e-13 0)
(1.5 -1.21972e-13 0)
(1.5 -1.31693e-13 0)
(1.5 -1.28692e-13 0)
(1.5 -7.4463e-14 0)
(1.5 -7.99284e-14 0)
(1.5 -1.10785e-13 0)
(1.5 -1.34795e-13 0)
(1.5 -1.99262e-13 0)
(1.5 -1.36034e-13 0)
(1.5 -5.60274e-14 0)
(1.5 -1.3743e-13 0)
(1.5 -1.50426e-13 0)
(1.5 -2.26162e-13 0)
(1.5 -2.82233e-13 0)
(1.5 -3.55203e-13 0)
(1.5 -4.30412e-13 0)
(1.5 -3.16302e-13 0)
(1.5 -3.75976e-13 0)
(1.5 -3.71453e-13 0)
(1.5 -3.4145e-13 0)
(1.5 -1.92938e-13 0)
(1.5 -7.65774e-14 0)
(1.5 4.61169e-15 0)
(1.5 8.19609e-14 0)
(1.5 9.76321e-14 0)
(1.5 4.60165e-14 0)
(1.5 -6.41607e-14 0)
(1.5 -1.41052e-13 0)
(1.5 -1.59443e-13 0)
(1.5 -1.71146e-13 0)
(1.5 -1.57208e-13 0)
(1.5 -1.4466e-13 0)
(1.5 -1.49799e-13 0)
(1.5 -2.12115e-13 0)
(1.5 -2.336e-13 0)
(1.5 -2.54411e-13 0)
(1.5 -1.71053e-13 0)
(1.5 -1.24326e-13 0)
(1.5 -1.77962e-14 0)
(1.5 9.21941e-14 0)
(1.5 7.33318e-14 0)
(1.5 7.40476e-14 0)
(1.5 1.71929e-14 0)
(1.5 -1.39387e-14 0)
(1.5 -3.73469e-14 0)
(1.5 -7.32935e-14 0)
(1.5 -6.72113e-15 0)
(1.5 -2.78237e-14 0)
(1.5 -9.24016e-14 0)
(1.5 -1.49447e-13 0)
(1.5 -1.56234e-13 0)
(1.5 -1.25879e-13 0)
(1.5 -2.39696e-14 0)
(1.5 4.40642e-14 0)
(1.5 8.70485e-14 0)
(1.5 7.58688e-14 0)
(1.5 1.71596e-14 0)
(1.5 -2.55091e-14 0)
(1.5 -1.64008e-14 0)
(1.5 -5.3211e-15 0)
(1.5 -9.33932e-14 0)
(1.5 -2.34942e-13 0)
(1.5 -4.2707e-13 0)
(1.5 -4.92406e-13 0)
(1.5 -4.73162e-13 0)
(1.5 -3.21237e-13 0)
(1.5 -1.82396e-13 0)
(1.5 -1.32952e-13 0)
(1.5 -6.98852e-14 0)
(1.5 5.07341e-14 0)
(1.5 2.23996e-13 0)
(1.5 3.86763e-13 0)
(1.5 4.53342e-13 0)
(1.5 5.85924e-13 0)
(1.5 6.06828e-13 0)
(1.5 4.49049e-13 0)
(1.5 3.04294e-13 0)
(1.5 2.25798e-13 0)
(1.5 3.82082e-13 0)
(1.5 4.50038e-13 0)
(1.5 3.86175e-13 0)
(1.5 2.55197e-13 0)
(1.5 4.40079e-14 0)
(1.5 8.28626e-14 0)
(1.5 1.50927e-13 0)
(1.5 1.77479e-13 0)
(1.5 2.02899e-13 0)
(1.5 2.7137e-13 0)
(1.5 3.69567e-13 0)
(1.5 4.39092e-13 0)
(1.5 4.5339e-13 0)
(1.5 4.01105e-13 0)
(1.5 3.82015e-13 0)
(1.5 4.01357e-13 0)
(1.5 4.97263e-13 0)
(1.5 5.18756e-13 0)
(1.5 5.0163e-13 0)
(1.5 5.4602e-13 0)
(1.5 5.83695e-13 0)
(1.5 6.17757e-13 0)
(1.5 6.40705e-13 0)
(1.5 6.03062e-13 0)
(1.5 5.222e-13 0)
(1.5 4.89803e-13 0)
(1.5 5.12687e-13 0)
(1.5 4.82101e-13 0)
(1.5 4.05381e-13 0)
(1.5 4.98498e-13 0)
(1.5 5.08197e-13 0)
(1.5 4.64094e-13 0)
(1.5 4.25988e-13 0)
(1.5 3.9093e-13 0)
(1.5 3.9681e-13 0)
(1.5 2.861e-13 0)
(1.5 3.05361e-13 0)
(1.5 3.22117e-13 0)
(1.5 3.82563e-13 0)
(1.5 4.50111e-13 0)
(1.5 4.30332e-13 0)
(1.5 3.89741e-13 0)
(1.5 3.31588e-13 0)
(1.5 3.05572e-13 0)
(1.5 3.73393e-13 0)
(1.5 2.98416e-13 0)
(1.5 1.58882e-13 0)
(1.5 3.86065e-14 0)
(1.5 -3.14365e-14 0)
(1.5 -2.81048e-14 0)
(1.5 -2.34987e-14 0)
(1.5 5.02436e-14 0)
(1.5 1.19988e-14 0)
(1.5 7.3501e-14 0)
(1.5 8.04906e-14 0)
(1.5 6.38322e-14 0)
(1.5 -9.22698e-15 0)
(1.5 -8.65106e-14 0)
(1.5 -1.65135e-13 0)
(1.5 -2.23195e-13 0)
(1.5 -1.95749e-13 0)
(1.5 -1.90453e-13 0)
(1.5 -1.52198e-13 0)
(1.5 -1.3703e-13 0)
(1.5 -1.08653e-13 0)
(1.5 -7.52214e-14 0)
(1.5 -3.37384e-14 0)
(1.5 -9.5425e-14 0)
(1.5 -1.33768e-13 0)
(1.5 -1.46189e-13 0)
(1.5 -2.86372e-15 0)
(1.5 6.27536e-14 0)
(1.5 2.98073e-14 0)
(1.5 2.9965e-14 0)
(1.5 -2.75345e-14 0)
(1.5 5.92574e-15 0)
(1.5 1.07675e-13 0)
(1.5 1.1966e-13 0)
(1.5 4.68496e-14 0)
(1.5 8.18795e-15 0)
(1.5 2.15161e-14 0)
(1.5 4.89321e-14 0)
(1.5 -4.42935e-14 0)
(1.5 -1.15615e-13 0)
(1.5 -1.42816e-13 0)
(1.5 -5.76619e-14 0)
(1.5 1.26922e-15 0)
(1.5 2.25114e-14 0)
(1.5 2.28414e-15 0)
(1.5 3.44178e-14 0)
(1.5 -3.80997e-14 0)
(1.5 -4.25748e-15 0)
(1.5 7.85938e-14 0)
(1.5 4.799e-14 0)
(1.5 6.63317e-14 0)
(1.5 3.2674e-14 0)
(1.5 6.24982e-14 0)
(1.5 -6.18271e-14 0)
(1.5 -8.65651e-14 0)
(1.5 -6.63212e-14 0)
(1.5 -7.67025e-14 0)
(1.5 -1.97702e-14 0)
(1.5 -4.28408e-14 0)
(1.5 -1.26056e-13 0)
(1.5 -8.57003e-14 0)
(1.5 -2.68548e-14 0)
(1.5 1.67134e-14 0)
(1.5 1.49161e-14 0)
(1.5 6.93043e-15 0)
(1.5 6.90161e-15 0)
(1.5 3.32993e-14 0)
(1.5 6.15684e-14 0)
(1.5 5.9885e-14 0)
(1.5 3.42239e-14 0)
(1.5 -7.42493e-15 0)
(1.5 4.57439e-15 0)
(1.5 3.85432e-14 0)
(1.5 8.22501e-15 0)
(1.5 -7.44969e-14 0)
(1.5 -1.05893e-13 0)
(1.5 -1.21595e-13 0)
(1.5 -5.55957e-14 0)
(1.5 -8.24912e-14 0)
(1.5 -7.08292e-14 0)
(1.5 -1.9671e-14 0)
(1.5 -2.01988e-16 0)
(1.5 2.23205e-14 0)
(1.5 -6.18707e-14 0)
(1.5 -1.45594e-13 0)
(1.5 -2.49925e-13 0)
(1.5 -1.86782e-13 0)
(1.5 -1.40539e-13 0)
(1.5 -1.33466e-13 0)
(1.5 -1.35617e-13 0)
(1.5 -2.34458e-13 0)
(1.5 -3.53894e-13 0)
(1.5 -4.06972e-13 0)
(1.5 -4.40038e-13 0)
(1.5 -3.47923e-13 0)
(1.5 -3.44938e-13 0)
(1.5 -3.32429e-13 0)
(1.5 -2.04865e-13 0)
(1.5 -1.40859e-13 0)
(1.5 -6.41012e-14 0)
(1.5 9.18637e-15 0)
(1.5 -1.40576e-14 0)
(1.5 4.59552e-14 0)
(1.5 5.21978e-14 0)
(1.5 -4.19478e-15 0)
(1.5 -6.26122e-14 0)
(1.5 -1.10555e-13 0)
(1.5 -1.10717e-13 0)
(1.5 -8.85888e-14 0)
(1.5 -1.17022e-13 0)
(1.5 -1.61218e-13 0)
(1.5 -2.06749e-13 0)
(1.5 -2.1471e-13 0)
(1.5 -2.94884e-13 0)
(1.5 -3.09733e-13 0)
(1.5 -2.93308e-13 0)
(1.5 -1.94986e-13 0)
(1.5 7.47289e-16 0)
(1.5 7.35641e-14 0)
(1.5 9.08544e-14 0)
(1.5 9.10524e-14 0)
(1.5 6.95617e-14 0)
(1.5 2.10997e-14 0)
(1.5 -7.59067e-14 0)
(1.5 -1.14621e-13 0)
(1.5 -9.9226e-14 0)
(1.5 -1.70231e-13 0)
(1.5 -1.6416e-13 0)
(1.5 -1.88295e-13 0)
(1.5 -2.00278e-13 0)
(1.5 -8.78161e-14 0)
(1.5 1.51439e-15 0)
(1.5 -6.14773e-14 0)
(1.5 -1.55181e-13 0)
(1.5 -1.26566e-13 0)
(1.5 -8.76624e-14 0)
(1.5 -1.26884e-13 0)
(1.5 -1.11651e-13 0)
(1.5 -1.30595e-13 0)
(1.5 -1.54378e-13 0)
(1.5 -2.65947e-13 0)
(1.5 -3.59695e-13 0)
(1.5 -3.80355e-13 0)
(1.5 -1.70507e-13 0)
(1.5 -4.50913e-14 0)
(1.5 -1.9541e-14 0)
(1.5 4.65047e-14 0)
(1.5 7.58088e-14 0)
(1.5 2.39237e-13 0)
(1.5 3.82962e-13 0)
(1.5 4.20891e-13 0)
(1.5 5.0773e-13 0)
(1.5 5.63421e-13 0)
(1.5 4.79067e-13 0)
(1.5 4.11506e-13 0)
(1.5 3.49221e-13 0)
(1.5 4.46532e-13 0)
(1.5 4.82104e-13 0)
(1.5 4.16189e-13 0)
(1.5 3.4666e-13 0)
(1.5 1.47971e-13 0)
(1.5 1.53355e-13 0)
(1.5 2.46997e-13 0)
(1.5 2.37927e-13 0)
(1.5 2.74443e-13 0)
(1.5 2.42875e-13 0)
(1.5 3.58148e-13 0)
(1.5 4.8631e-13 0)
(1.5 4.84372e-13 0)
(1.5 4.16075e-13 0)
(1.5 3.82465e-13 0)
(1.5 4.74815e-13 0)
(1.5 5.87913e-13 0)
(1.5 6.01987e-13 0)
(1.5 5.92156e-13 0)
(1.5 5.59296e-13 0)
(1.5 6.02795e-13 0)
(1.5 6.01795e-13 0)
(1.5 6.54357e-13 0)
(1.5 6.06652e-13 0)
(1.5 5.60185e-13 0)
(1.5 6.22108e-13 0)
(1.5 6.5616e-13 0)
(1.5 5.85594e-13 0)
(1.5 4.86563e-13 0)
(1.5 5.06323e-13 0)
(1.5 4.93062e-13 0)
(1.5 4.40547e-13 0)
(1.5 4.27221e-13 0)
(1.5 3.76398e-13 0)
(1.5 3.09695e-13 0)
(1.5 1.97591e-13 0)
(1.5 2.0083e-13 0)
(1.5 2.04044e-13 0)
(1.5 2.63747e-13 0)
(1.5 3.4458e-13 0)
(1.5 3.49388e-13 0)
(1.5 3.44314e-13 0)
(1.5 3.00223e-13 0)
(1.5 2.20801e-13 0)
(1.5 1.55123e-13 0)
(1.5 7.29681e-14 0)
(1.5 9.00524e-14 0)
(1.5 1.42919e-13 0)
(1.5 1.9377e-13 0)
(1.5 1.55543e-13 0)
(1.5 1.56963e-13 0)
(1.5 2.347e-13 0)
(1.5 4.5108e-14 0)
(1.5 4.64503e-14 0)
(1.5 7.03619e-14 0)
(1.5 7.84729e-14 0)
(1.5 7.20304e-15 0)
(1.5 -9.39575e-14 0)
(1.5 -1.50056e-13 0)
(1.5 -1.112e-13 0)
(1.5 -1.58499e-13 0)
(1.5 -1.88604e-13 0)
(1.5 -5.94128e-14 0)
(1.5 -4.05817e-14 0)
(1.5 -1.17143e-14 0)
(1.5 -4.61685e-14 0)
(1.5 1.00219e-15 0)
(1.5 -2.92529e-14 0)
(1.5 -1.51294e-14 0)
(1.5 -5.10046e-14 0)
(1.5 2.82463e-14 0)
(1.5 7.7259e-14 0)
(1.5 1.01121e-13 0)
(1.5 1.2808e-13 0)
(1.5 9.37703e-14 0)
(1.5 3.96693e-14 0)
(1.5 8.78394e-14 0)
(1.5 9.52549e-14 0)
(1.5 6.93031e-14 0)
(1.5 9.51514e-15 0)
(1.5 -3.47235e-14 0)
(1.5 3.90824e-14 0)
(1.5 4.13398e-14 0)
(1.5 3.01763e-14 0)
(1.5 1.88949e-14 0)
(1.5 2.82294e-14 0)
(1.5 5.8541e-14 0)
(1.5 1.32182e-13 0)
(1.5 1.24895e-13 0)
(1.5 1.26032e-13 0)
(1.5 7.31698e-14 0)
(1.5 2.79773e-14 0)
(1.5 8.52707e-14 0)
(1.5 7.11274e-14 0)
(1.5 1.02278e-13 0)
(1.5 9.41685e-14 0)
(1.5 4.6939e-14 0)
(1.5 -3.9101e-14 0)
(1.5 -5.65852e-14 0)
(1.5 -5.89501e-14 0)
(1.5 -2.14678e-14 0)
(1.5 -2.05214e-14 0)
(1.5 -9.22658e-14 0)
(1.5 -9.59928e-14 0)
(1.5 -8.68923e-14 0)
(1.5 -4.94078e-14 0)
(1.5 -1.17736e-14 0)
(1.5 7.86476e-14 0)
(1.5 8.26726e-14 0)
(1.5 3.93705e-14 0)
(1.5 7.89923e-14 0)
(1.5 7.34228e-14 0)
(1.5 5.25595e-14 0)
(1.5 5.91735e-14 0)
(1.5 5.88572e-14 0)
(1.5 2.72346e-14 0)
(1.5 4.36615e-14 0)
(1.5 -2.38796e-14 0)
(1.5 -1.07601e-13 0)
(1.5 -9.24893e-14 0)
(1.5 -4.75903e-14 0)
(1.5 1.82504e-14 0)
(1.5 3.73539e-15 0)
(1.5 3.27549e-14 0)
(1.5 9.20887e-15 0)
(1.5 2.44707e-14 0)
(1.5 2.56411e-14 0)
(1.5 -5.69612e-14 0)
(1.5 -1.76109e-13 0)
(1.5 -2.18049e-13 0)
(1.5 -1.52331e-13 0)
(1.5 -1.58578e-13 0)
(1.5 -8.3885e-14 0)
(1.5 -8.24437e-14 0)
(1.5 -2.16609e-13 0)
(1.5 -3.49006e-13 0)
(1.5 -3.98155e-13 0)
(1.5 -3.49305e-13 0)
(1.5 -3.53553e-13 0)
(1.5 -3.23976e-13 0)
(1.5 -2.70062e-13 0)
(1.5 -1.59228e-13 0)
(1.5 -1.87937e-13 0)
(1.5 -1.91647e-13 0)
(1.5 -6.8914e-14 0)
(1.5 -3.66838e-14 0)
(1.5 4.26064e-14 0)
(1.5 3.12482e-14 0)
(1.5 1.79117e-14 0)
(1.5 -4.09671e-14 0)
(1.5 -1.0134e-13 0)
(1.5 -8.56226e-14 0)
(1.5 -1.46275e-13 0)
(1.5 -1.1357e-13 0)
(1.5 -1.31399e-13 0)
(1.5 -8.13875e-14 0)
(1.5 -1.05792e-13 0)
(1.5 -2.04107e-13 0)
(1.5 -2.78093e-13 0)
(1.5 -3.10367e-13 0)
(1.5 -2.03236e-13 0)
(1.5 -8.17481e-14 0)
(1.5 3.06784e-14 0)
(1.5 1.06785e-13 0)
(1.5 1.45356e-13 0)
(1.5 1.05681e-13 0)
(1.5 3.59971e-14 0)
(1.5 -2.32434e-14 0)
(1.5 -8.27208e-14 0)
(1.5 -5.06371e-14 0)
(1.5 -5.21408e-14 0)
(1.5 -4.55686e-14 0)
(1.5 -1.39093e-13 0)
(1.5 -1.985e-13 0)
(1.5 -1.39915e-13 0)
(1.5 -9.53797e-14 0)
(1.5 -1.61846e-13 0)
(1.5 -3.09647e-13 0)
(1.5 -2.46973e-13 0)
(1.5 -2.12258e-13 0)
(1.5 -1.89213e-13 0)
(1.5 -1.37746e-13 0)
(1.5 -1.12271e-13 0)
(1.5 -4.04072e-14 0)
(1.5 -1.42837e-15 0)
(1.5 -5.05624e-14 0)
(1.5 -9.22343e-14 0)
(1.5 -5.65822e-14 0)
(1.5 9.02095e-15 0)
(1.5 7.74626e-14 0)
(1.5 9.42292e-14 0)
(1.5 1.51645e-13 0)
(1.5 2.65186e-13 0)
(1.5 3.86909e-13 0)
(1.5 4.46089e-13 0)
(1.5 4.72233e-13 0)
(1.5 5.0948e-13 0)
(1.5 5.03996e-13 0)
(1.5 4.86175e-13 0)
(1.5 5.1901e-13 0)
(1.5 5.19664e-13 0)
(1.5 5.50961e-13 0)
(1.5 4.90284e-13 0)
(1.5 4.04171e-13 0)
(1.5 3.3912e-13 0)
(1.5 2.53772e-13 0)
(1.5 2.57753e-13 0)
(1.5 2.88909e-13 0)
(1.5 2.84136e-13 0)
(1.5 2.85882e-13 0)
(1.5 4.60539e-13 0)
(1.5 5.81439e-13 0)
(1.5 5.58598e-13 0)
(1.5 5.66313e-13 0)
(1.5 4.9499e-13 0)
(1.5 5.53839e-13 0)
(1.5 6.42195e-13 0)
(1.5 7.52596e-13 0)
(1.5 7.75838e-13 0)
(1.5 6.83981e-13 0)
(1.5 6.60748e-13 0)
(1.5 6.68081e-13 0)
(1.5 7.6378e-13 0)
(1.5 7.74905e-13 0)
(1.5 8.0531e-13 0)
(1.5 8.41535e-13 0)
(1.5 8.227e-13 0)
(1.5 7.68963e-13 0)
(1.5 6.9264e-13 0)
(1.5 6.36861e-13 0)
(1.5 5.81996e-13 0)
(1.5 5.59942e-13 0)
(1.5 5.41487e-13 0)
(1.5 4.59622e-13 0)
(1.5 3.25362e-13 0)
(1.5 2.61114e-13 0)
(1.5 2.05969e-13 0)
(1.5 1.98743e-13 0)
(1.5 1.78854e-13 0)
(1.5 1.21006e-13 0)
(1.5 1.82295e-13 0)
(1.5 2.41807e-13 0)
(1.5 2.11295e-13 0)
(1.5 1.0087e-13 0)
(1.5 2.31598e-14 0)
(1.5 9.54806e-15 0)
(1.5 8.73212e-14 0)
(1.5 2.31098e-13 0)
(1.5 3.6388e-13 0)
(1.5 3.32614e-13 0)
(1.5 3.22253e-13 0)
(1.5 3.43557e-13 0)
(1.5 4.86066e-14 0)
(1.5 3.17785e-14 0)
(1.5 -1.31763e-14 0)
(1.5 6.41679e-14 0)
(1.5 2.79787e-14 0)
(1.5 -6.1481e-14 0)
(1.5 -7.00066e-14 0)
(1.5 -4.33655e-14 0)
(1.5 -1.34499e-13 0)
(1.5 -1.55844e-13 0)
(1.5 -5.07341e-14 0)
(1.5 3.88039e-14 0)
(1.5 6.21124e-14 0)
(1.5 2.35228e-14 0)
(1.5 2.27494e-14 0)
(1.5 -1.89232e-15 0)
(1.5 -1.27507e-15 0)
(1.5 6.53381e-14 0)
(1.5 1.30807e-14 0)
(1.5 -5.77433e-14 0)
(1.5 2.64614e-14 0)
(1.5 7.03838e-14 0)
(1.5 1.28424e-13 0)
(1.5 1.14292e-13 0)
(1.5 4.70826e-14 0)
(1.5 2.69492e-14 0)
(1.5 6.0222e-14 0)
(1.5 -2.60489e-14 0)
(1.5 -6.781e-14 0)
(1.5 4.38005e-14 0)
(1.5 6.46323e-14 0)
(1.5 7.60607e-14 0)
(1.5 1.07724e-13 0)
(1.5 7.07822e-14 0)
(1.5 2.90097e-14 0)
(1.5 9.2361e-14 0)
(1.5 1.01347e-13 0)
(1.5 5.81702e-14 0)
(1.5 6.1877e-14 0)
(1.5 -1.6297e-14 0)
(1.5 1.39589e-14 0)
(1.5 3.73818e-15 0)
(1.5 -3.67977e-14 0)
(1.5 1.19978e-14 0)
(1.5 -5.33582e-14 0)
(1.5 -5.17638e-14 0)
(1.5 -5.77305e-14 0)
(1.5 -4.45691e-14 0)
(1.5 -4.81123e-16 0)
(1.5 -3.56002e-14 0)
(1.5 -1.11735e-13 0)
(1.5 -5.48514e-14 0)
(1.5 -9.67895e-14 0)
(1.5 -5.88165e-14 0)
(1.5 4.77596e-14 0)
(1.5 1.46926e-13 0)
(1.5 1.48673e-13 0)
(1.5 5.7669e-14 0)
(1.5 9.17191e-14 0)
(1.5 1.01825e-14 0)
(1.5 -1.95449e-14 0)
(1.5 -2.444e-14 0)
(1.5 -2.30744e-14 0)
(1.5 -7.9876e-14 0)
(1.5 -8.67475e-14 0)
(1.5 -1.30396e-13 0)
(1.5 -1.04517e-13 0)
(1.5 -7.42143e-14 0)
(1.5 -6.77881e-15 0)
(1.5 7.69453e-15 0)
(1.5 4.82415e-14 0)
(1.5 5.06039e-14 0)
(1.5 -8.30018e-14 0)
(1.5 -1.00804e-13 0)
(1.5 -1.24201e-13 0)
(1.5 -1.78565e-13 0)
(1.5 -2.35247e-13 0)
(1.5 -2.53595e-13 0)
(1.5 -1.69033e-13 0)
(1.5 -1.94281e-13 0)
(1.5 -1.28184e-13 0)
(1.5 -1.34277e-13 0)
(1.5 -2.99027e-13 0)
(1.5 -3.8425e-13 0)
(1.5 -4.01564e-13 0)
(1.5 -2.81457e-13 0)
(1.5 -2.41875e-13 0)
(1.5 -2.09618e-13 0)
(1.5 -1.96956e-13 0)
(1.5 -1.73169e-13 0)
(1.5 -2.93658e-13 0)
(1.5 -3.06336e-13 0)
(1.5 -2.34245e-13 0)
(1.5 -1.69342e-13 0)
(1.5 -1.21066e-13 0)
(1.5 -2.01728e-13 0)
(1.5 -2.10243e-13 0)
(1.5 -2.02235e-13 0)
(1.5 -2.14626e-13 0)
(1.5 -2.12698e-13 0)
(1.5 -2.98592e-13 0)
(1.5 -2.26871e-13 0)
(1.5 -1.34305e-13 0)
(1.5 -4.54159e-14 0)
(1.5 -2.91424e-14 0)
(1.5 -3.59371e-14 0)
(1.5 -1.05599e-13 0)
(1.5 -1.7736e-13 0)
(1.5 -8.43128e-14 0)
(1.5 -1.86918e-14 0)
(1.5 -5.50365e-14 0)
(1.5 1.29249e-14 0)
(1.5 9.63126e-14 0)
(1.5 6.71524e-14 0)
(1.5 5.3506e-15 0)
(1.5 2.40007e-14 0)
(1.5 4.50833e-14 0)
(1.5 -5.51358e-14 0)
(1.5 -7.10818e-14 0)
(1.5 -1.22761e-13 0)
(1.5 -2.2838e-13 0)
(1.5 -2.19563e-13 0)
(1.5 -1.77434e-13 0)
(1.5 -1.54773e-13 0)
(1.5 -1.13542e-13 0)
(1.5 -1.93293e-13 0)
(1.5 -1.23321e-13 0)
(1.5 -2.25029e-13 0)
(1.5 -1.76536e-13 0)
(1.5 -8.84334e-14 0)
(1.5 -4.75504e-14 0)
(1.5 1.91678e-14 0)
(1.5 1.04762e-13 0)
(1.5 8.15142e-14 0)
(1.5 1.20103e-13 0)
(1.5 1.37925e-14 0)
(1.5 2.18667e-14 0)
(1.5 6.885e-14 0)
(1.5 9.52815e-14 0)
(1.5 1.67637e-13 0)
(1.5 2.06784e-13 0)
(1.5 3.53338e-13 0)
(1.5 4.66101e-13 0)
(1.5 4.44379e-13 0)
(1.5 3.98307e-13 0)
(1.5 3.49987e-13 0)
(1.5 3.4696e-13 0)
(1.5 4.8315e-13 0)
(1.5 5.25255e-13 0)
(1.5 6.15727e-13 0)
(1.5 5.8701e-13 0)
(1.5 4.54654e-13 0)
(1.5 4.53144e-13 0)
(1.5 3.48694e-13 0)
(1.5 2.27139e-13 0)
(1.5 1.97622e-13 0)
(1.5 2.57541e-13 0)
(1.5 3.46764e-13 0)
(1.5 5.67878e-13 0)
(1.5 6.63502e-13 0)
(1.5 6.29227e-13 0)
(1.5 6.59904e-13 0)
(1.5 6.09351e-13 0)
(1.5 5.96044e-13 0)
(1.5 6.09984e-13 0)
(1.5 7.73017e-13 0)
(1.5 8.68163e-13 0)
(1.5 8.26598e-13 0)
(1.5 7.93382e-13 0)
(1.5 8.74315e-13 0)
(1.5 1.00635e-12 0)
(1.5 1.0066e-12 0)
(1.5 1.00953e-12 0)
(1.5 9.79577e-13 0)
(1.5 9.24166e-13 0)
(1.5 8.1884e-13 0)
(1.5 7.91346e-13 0)
(1.5 6.44606e-13 0)
(1.5 5.18229e-13 0)
(1.5 5.27671e-13 0)
(1.5 5.01499e-13 0)
(1.5 4.20756e-13 0)
(1.5 3.91364e-13 0)
(1.5 3.53382e-13 0)
(1.5 1.93294e-13 0)
(1.5 1.56655e-13 0)
(1.5 1.09378e-13 0)
(1.5 3.48815e-16 0)
(1.5 4.52707e-14 0)
(1.5 1.36228e-13 0)
(1.5 1.19996e-13 0)
(1.5 9.55115e-14 0)
(1.5 6.77811e-14 0)
(1.5 1.40115e-13 0)
(1.5 1.84473e-13 0)
(1.5 3.75042e-13 0)
(1.5 5.441e-13 0)
(1.5 5.768e-13 0)
(1.5 6.13719e-13 0)
(1.5 5.72647e-13 0)
(1.5 -2.87395e-14 0)
(1.5 -1.14852e-13 0)
(1.5 -1.35496e-13 0)
(1.5 -4.34613e-14 0)
(1.5 1.88272e-14 0)
(1.5 -1.75417e-14 0)
(1.5 -3.21348e-14 0)
(1.5 -7.31827e-14 0)
(1.5 -1.12873e-13 0)
(1.5 -8.29077e-14 0)
(1.5 -7.97036e-14 0)
(1.5 2.75742e-14 0)
(1.5 8.31031e-14 0)
(1.5 8.52448e-14 0)
(1.5 6.52327e-15 0)
(1.5 -3.71163e-14 0)
(1.5 -1.25779e-13 0)
(1.5 -8.5667e-14 0)
(1.5 -1.56417e-13 0)
(1.5 -2.11403e-13 0)
(1.5 -1.36726e-13 0)
(1.5 -1.3156e-13 0)
(1.5 -2.94496e-14 0)
(1.5 -3.60881e-14 0)
(1.5 -7.68043e-14 0)
(1.5 -2.2729e-14 0)
(1.5 1.19472e-14 0)
(1.5 -2.58395e-14 0)
(1.5 -2.76375e-14 0)
(1.5 1.71373e-14 0)
(1.5 2.09505e-14 0)
(1.5 4.35767e-14 0)
(1.5 6.05102e-14 0)
(1.5 7.20221e-14 0)
(1.5 2.68866e-14 0)
(1.5 2.05531e-14 0)
(1.5 -8.92754e-15 0)
(1.5 3.18525e-15 0)
(1.5 1.11415e-14 0)
(1.5 -2.43831e-14 0)
(1.5 -2.02861e-14 0)
(1.5 -2.8097e-14 0)
(1.5 -9.72912e-14 0)
(1.5 -6.83318e-14 0)
(1.5 -7.13312e-14 0)
(1.5 -3.13681e-14 0)
(1.5 2.28283e-14 0)
(1.5 2.53896e-14 0)
(1.5 -3.73023e-14 0)
(1.5 -2.91917e-14 0)
(1.5 -5.59423e-14 0)
(1.5 -3.82863e-14 0)
(1.5 -2.92733e-14 0)
(1.5 6.39019e-15 0)
(1.5 1.19504e-13 0)
(1.5 1.16885e-13 0)
(1.5 9.43867e-14 0)
(1.5 9.86846e-14 0)
(1.5 5.37143e-14 0)
(1.5 -1.03933e-14 0)
(1.5 7.72709e-15 0)
(1.5 -1.36929e-14 0)
(1.5 -8.51017e-14 0)
(1.5 -1.09293e-13 0)
(1.5 -1.10979e-13 0)
(1.5 -9.84133e-14 0)
(1.5 -1.05289e-13 0)
(1.5 -2.60887e-14 0)
(1.5 -8.3547e-15 0)
(1.5 -1.28664e-14 0)
(1.5 6.11195e-15 0)
(1.5 -2.80173e-15 0)
(1.5 -1.49302e-13 0)
(1.5 -2.60621e-13 0)
(1.5 -2.86081e-13 0)
(1.5 -2.52205e-13 0)
(1.5 -2.29607e-13 0)
(1.5 -2.20887e-13 0)
(1.5 -2.11996e-13 0)
(1.5 -2.6946e-13 0)
(1.5 -2.35971e-13 0)
(1.5 -2.51207e-13 0)
(1.5 -3.53907e-13 0)
(1.5 -2.66556e-13 0)
(1.5 -2.22651e-13 0)
(1.5 -1.36275e-13 0)
(1.5 -1.15167e-13 0)
(1.5 -1.4344e-13 0)
(1.5 -1.82201e-13 0)
(1.5 -1.51809e-13 0)
(1.5 -2.41257e-13 0)
(1.5 -2.96524e-13 0)
(1.5 -3.06681e-13 0)
(1.5 -2.75785e-13 0)
(1.5 -2.89792e-13 0)
(1.5 -3.00388e-13 0)
(1.5 -3.29829e-13 0)
(1.5 -3.05658e-13 0)
(1.5 -2.85581e-13 0)
(1.5 -3.1963e-13 0)
(1.5 -2.91592e-13 0)
(1.5 -2.76088e-13 0)
(1.5 -2.00939e-13 0)
(1.5 -1.62767e-13 0)
(1.5 -1.16042e-13 0)
(1.5 -9.84667e-14 0)
(1.5 -4.54514e-14 0)
(1.5 -3.77114e-14 0)
(1.5 -1.48828e-14 0)
(1.5 7.68696e-14 0)
(1.5 4.30262e-14 0)
(1.5 2.42593e-14 0)
(1.5 2.91097e-15 0)
(1.5 -2.11499e-14 0)
(1.5 -6.27915e-14 0)
(1.5 -5.85374e-14 0)
(1.5 1.33976e-14 0)
(1.5 -1.04319e-13 0)
(1.5 -1.44112e-13 0)
(1.5 -2.09927e-13 0)
(1.5 -2.21839e-13 0)
(1.5 -1.84382e-13 0)
(1.5 -1.8874e-13 0)
(1.5 -1.74376e-13 0)
(1.5 -1.28201e-13 0)
(1.5 -1.14756e-13 0)
(1.5 -2.9432e-14 0)
(1.5 -3.32636e-14 0)
(1.5 -1.70753e-14 0)
(1.5 -3.67808e-14 0)
(1.5 -1.98573e-14 0)
(1.5 5.57875e-14 0)
(1.5 1.04936e-13 0)
(1.5 1.60249e-13 0)
(1.5 2.36296e-13 0)
(1.5 1.82244e-13 0)
(1.5 1.61187e-13 0)
(1.5 1.07315e-13 0)
(1.5 1.5034e-13 0)
(1.5 1.94866e-13 0)
(1.5 2.40359e-13 0)
(1.5 2.77094e-13 0)
(1.5 4.07891e-13 0)
(1.5 4.6875e-13 0)
(1.5 3.3652e-13 0)
(1.5 1.91689e-13 0)
(1.5 2.31917e-13 0)
(1.5 4.59318e-13 0)
(1.5 5.05538e-13 0)
(1.5 6.05351e-13 0)
(1.5 6.145e-13 0)
(1.5 5.50928e-13 0)
(1.5 5.27473e-13 0)
(1.5 4.5177e-13 0)
(1.5 2.91022e-13 0)
(1.5 2.30876e-13 0)
(1.5 3.52587e-13 0)
(1.5 4.65164e-13 0)
(1.5 6.54779e-13 0)
(1.5 7.75555e-13 0)
(1.5 8.22609e-13 0)
(1.5 8.39555e-13 0)
(1.5 8.29582e-13 0)
(1.5 8.10581e-13 0)
(1.5 7.35087e-13 0)
(1.5 7.58711e-13 0)
(1.5 8.13107e-13 0)
(1.5 9.302e-13 0)
(1.5 9.51626e-13 0)
(1.5 9.86082e-13 0)
(1.5 1.00322e-12 0)
(1.5 9.76386e-13 0)
(1.5 9.56343e-13 0)
(1.5 8.42968e-13 0)
(1.5 7.77859e-13 0)
(1.5 6.49154e-13 0)
(1.5 5.96143e-13 0)
(1.5 3.83636e-13 0)
(1.5 2.8734e-13 0)
(1.5 3.47622e-13 0)
(1.5 3.32219e-13 0)
(1.5 2.92825e-13 0)
(1.5 3.6476e-13 0)
(1.5 3.90227e-13 0)
(1.5 2.48251e-13 0)
(1.5 1.47603e-13 0)
(1.5 1.16192e-13 0)
(1.5 5.13804e-14 0)
(1.5 5.35528e-14 0)
(1.5 1.2539e-13 0)
(1.5 1.38982e-13 0)
(1.5 1.27854e-13 0)
(1.5 2.51095e-14 0)
(1.5 1.2154e-13 0)
(1.5 2.26968e-13 0)
(1.5 4.4216e-13 0)
(1.5 6.42418e-13 0)
(1.5 7.05864e-13 0)
(1.5 7.86877e-13 0)
(1.5 7.57583e-13 0)
(1.5 -7.60575e-14 0)
(1.5 -1.4484e-13 0)
(1.5 -8.20011e-14 0)
(1.5 -3.70723e-14 0)
(1.5 8.14971e-14 0)
(1.5 1.18095e-13 0)
(1.5 2.72289e-14 0)
(1.5 -3.70144e-14 0)
(1.5 -2.86072e-15 0)
(1.5 4.37521e-14 0)
(1.5 5.82567e-14 0)
(1.5 4.71204e-14 0)
(1.5 2.40271e-14 0)
(1.5 -5.58862e-15 0)
(1.5 -2.55699e-14 0)
(1.5 -8.7305e-14 0)
(1.5 -1.73282e-13 0)
(1.5 -2.55487e-13 0)
(1.5 -3.27675e-13 0)
(1.5 -2.69611e-13 0)
(1.5 -2.09989e-13 0)
(1.5 -1.69707e-13 0)
(1.5 -1.24431e-13 0)
(1.5 -1.35505e-13 0)
(1.5 -1.27228e-13 0)
(1.5 -5.52623e-14 0)
(1.5 6.94079e-15 0)
(1.5 5.68107e-14 0)
(1.5 5.95338e-14 0)
(1.5 1.24674e-14 0)
(1.5 4.79346e-14 0)
(1.5 1.20875e-13 0)
(1.5 1.26327e-13 0)
(1.5 1.41741e-13 0)
(1.5 8.0239e-14 0)
(1.5 1.00032e-14 0)
(1.5 -4.33777e-15 0)
(1.5 1.81586e-14 0)
(1.5 5.67181e-15 0)
(1.5 -2.73556e-14 0)
(1.5 -5.12271e-14 0)
(1.5 -3.13842e-14 0)
(1.5 -6.15125e-14 0)
(1.5 -1.16938e-13 0)
(1.5 -8.71305e-14 0)
(1.5 -2.81266e-14 0)
(1.5 1.1732e-14 0)
(1.5 -1.02052e-14 0)
(1.5 -5.00111e-14 0)
(1.5 -2.34943e-14 0)
(1.5 -2.47974e-14 0)
(1.5 1.0417e-14 0)
(1.5 3.28544e-14 0)
(1.5 5.22458e-14 0)
(1.5 5.73623e-14 0)
(1.5 1.63166e-14 0)
(1.5 5.25771e-15 0)
(1.5 5.83787e-14 0)
(1.5 7.4964e-15 0)
(1.5 3.07441e-15 0)
(1.5 2.42443e-15 0)
(1.5 3.78307e-14 0)
(1.5 -7.82757e-15 0)
(1.5 -3.29469e-14 0)
(1.5 -8.39675e-14 0)
(1.5 -1.39269e-13 0)
(1.5 -1.20878e-13 0)
(1.5 -4.88147e-14 0)
(1.5 -1.98135e-14 0)
(1.5 -1.54342e-14 0)
(1.5 -3.54937e-14 0)
(1.5 -4.88464e-14 0)
(1.5 -6.70376e-14 0)
(1.5 -1.80767e-13 0)
(1.5 -2.68712e-13 0)
(1.5 -2.49801e-13 0)
(1.5 -2.22514e-13 0)
(1.5 -1.29506e-13 0)
(1.5 -1.3955e-13 0)
(1.5 -2.10828e-13 0)
(1.5 -2.72401e-13 0)
(1.5 -3.42345e-13 0)
(1.5 -3.36643e-13 0)
(1.5 -1.07021e-13 0)
(1.5 -1.54909e-14 0)
(1.5 -3.72845e-14 0)
(1.5 -1.31191e-13 0)
(1.5 -2.55716e-13 0)
(1.5 -2.21762e-13 0)
(1.5 -1.3468e-13 0)
(1.5 -4.19319e-14 0)
(1.5 -1.14877e-13 0)
(1.5 -1.71759e-13 0)
(1.5 -1.85716e-13 0)
(1.5 -2.6003e-13 0)
(1.5 -2.41988e-13 0)
(1.5 -2.66397e-13 0)
(1.5 -2.98802e-13 0)
(1.5 -3.30386e-13 0)
(1.5 -3.85402e-13 0)
(1.5 -2.48001e-13 0)
(1.5 -2.23239e-13 0)
(1.5 -1.68893e-13 0)
(1.5 -1.2775e-13 0)
(1.5 -1.23905e-13 0)
(1.5 -1.47684e-13 0)
(1.5 -6.91456e-14 0)
(1.5 8.82234e-14 0)
(1.5 1.1774e-13 0)
(1.5 1.29058e-13 0)
(1.5 1.53378e-13 0)
(1.5 3.70769e-14 0)
(1.5 -5.20935e-14 0)
(1.5 -4.10774e-14 0)
(1.5 -8.81301e-14 0)
(1.5 -1.54293e-13 0)
(1.5 -1.28718e-13 0)
(1.5 -1.24071e-13 0)
(1.5 -1.22418e-13 0)
(1.5 -1.09329e-13 0)
(1.5 -9.55988e-14 0)
(1.5 -1.39932e-13 0)
(1.5 -2.28712e-13 0)
(1.5 -2.54809e-13 0)
(1.5 -2.23695e-13 0)
(1.5 -7.80427e-14 0)
(1.5 5.38532e-14 0)
(1.5 1.96311e-13 0)
(1.5 1.47668e-13 0)
(1.5 5.825e-14 0)
(1.5 9.38222e-14 0)
(1.5 2.1903e-13 0)
(1.5 1.54191e-13 0)
(1.5 2.04668e-13 0)
(1.5 2.14862e-13 0)
(1.5 2.20083e-13 0)
(1.5 2.3285e-13 0)
(1.5 1.06158e-13 0)
(1.5 1.37794e-13 0)
(1.5 1.70712e-13 0)
(1.5 2.1198e-13 0)
(1.5 1.99914e-13 0)
(1.5 2.552e-13 0)
(1.5 3.03047e-13 0)
(1.5 2.81201e-13 0)
(1.5 2.76903e-13 0)
(1.5 3.7093e-13 0)
(1.5 5.12719e-13 0)
(1.5 5.13919e-13 0)
(1.5 5.40925e-13 0)
(1.5 6.3468e-13 0)
(1.5 6.40181e-13 0)
(1.5 5.56463e-13 0)
(1.5 4.73291e-13 0)
(1.5 3.38629e-13 0)
(1.5 3.18271e-13 0)
(1.5 4.03486e-13 0)
(1.5 5.05559e-13 0)
(1.5 5.5052e-13 0)
(1.5 6.98316e-13 0)
(1.5 7.62733e-13 0)
(1.5 8.30926e-13 0)
(1.5 8.60858e-13 0)
(1.5 8.84423e-13 0)
(1.5 7.7204e-13 0)
(1.5 6.21947e-13 0)
(1.5 5.97407e-13 0)
(1.5 6.99649e-13 0)
(1.5 6.82237e-13 0)
(1.5 6.34673e-13 0)
(1.5 5.61778e-13 0)
(1.5 6.20337e-13 0)
(1.5 7.36927e-13 0)
(1.5 6.59624e-13 0)
(1.5 5.16889e-13 0)
(1.5 3.91053e-13 0)
(1.5 2.47964e-13 0)
(1.5 1.16813e-13 0)
(1.5 8.15937e-14 0)
(1.5 1.27022e-13 0)
(1.5 1.5506e-13 0)
(1.5 1.62412e-13 0)
(1.5 2.76966e-13 0)
(1.5 3.08932e-13 0)
(1.5 2.68967e-13 0)
(1.5 1.70093e-13 0)
(1.5 1.65875e-13 0)
(1.5 1.28559e-13 0)
(1.5 4.94997e-14 0)
(1.5 -5.15901e-14 0)
(1.5 -1.28607e-13 0)
(1.5 -1.19693e-13 0)
(1.5 -1.53083e-13 0)
(1.5 -4.18256e-14 0)
(1.5 1.28897e-13 0)
(1.5 2.76474e-13 0)
(1.5 4.96411e-13 0)
(1.5 7.08679e-13 0)
(1.5 7.66164e-13 0)
(1.5 7.89387e-13 0)
(1.5 -2.06174e-14 0)
(1.5 3.32057e-14 0)
(1.5 6.52672e-14 0)
(1.5 4.88008e-14 0)
(1.5 7.99676e-14 0)
(1.5 1.47919e-13 0)
(1.5 9.73644e-14 0)
(1.5 6.16057e-14 0)
(1.5 8.51885e-14 0)
(1.5 1.26276e-13 0)
(1.5 1.38859e-13 0)
(1.5 4.87019e-14 0)
(1.5 -2.86461e-14 0)
(1.5 -8.89929e-14 0)
(1.5 -8.72166e-14 0)
(1.5 -8.87893e-14 0)
(1.5 -9.97448e-14 0)
(1.5 -1.70908e-13 0)
(1.5 -2.20807e-13 0)
(1.5 -2.6781e-13 0)
(1.5 -2.25605e-13 0)
(1.5 -1.66173e-13 0)
(1.5 -1.26345e-13 0)
(1.5 -1.23954e-13 0)
(1.5 -1.42172e-13 0)
(1.5 -1.60631e-13 0)
(1.5 -1.27109e-13 0)
(1.5 -1.73092e-14 0)
(1.5 -3.63926e-14 0)
(1.5 -1.05529e-13 0)
(1.5 -6.57546e-14 0)
(1.5 -4.1692e-15 0)
(1.5 4.62223e-14 0)
(1.5 1.04991e-13 0)
(1.5 6.56547e-14 0)
(1.5 -1.91392e-14 0)
(1.5 -1.1203e-14 0)
(1.5 -6.49352e-14 0)
(1.5 -7.11749e-14 0)
(1.5 -6.9003e-14 0)
(1.5 -8.18531e-14 0)
(1.5 -9.43748e-14 0)
(1.5 -1.22652e-13 0)
(1.5 -2.35773e-13 0)
(1.5 -1.92335e-13 0)
(1.5 -1.6499e-13 0)
(1.5 -1.71161e-13 0)
(1.5 -1.59408e-13 0)
(1.5 -1.364e-13 0)
(1.5 -9.94154e-14 0)
(1.5 -2.48338e-14 0)
(1.5 -7.03619e-15 0)
(1.5 6.20955e-16 0)
(1.5 2.28655e-14 0)
(1.5 -3.79642e-14 0)
(1.5 -8.23499e-14 0)
(1.5 -8.7207e-14 0)
(1.5 -1.02289e-13 0)
(1.5 -1.18044e-13 0)
(1.5 -1.1716e-13 0)
(1.5 -1.39174e-13 0)
(1.5 -8.20729e-14 0)
(1.5 -9.87158e-14 0)
(1.5 -1.34633e-13 0)
(1.5 -2.05867e-13 0)
(1.5 -2.33342e-13 0)
(1.5 -1.87651e-13 0)
(1.5 -1.86623e-13 0)
(1.5 -8.86167e-14 0)
(1.5 -4.83019e-14 0)
(1.5 1.99896e-14 0)
(1.5 -1.64502e-14 0)
(1.5 3.09227e-14 0)
(1.5 -1.76219e-14 0)
(1.5 -9.02231e-14 0)
(1.5 -1.52881e-13 0)
(1.5 -1.36106e-13 0)
(1.5 -1.11032e-13 0)
(1.5 -1.64614e-13 0)
(1.5 -1.79231e-13 0)
(1.5 -2.01213e-13 0)
(1.5 -2.92576e-13 0)
(1.5 -1.6979e-13 0)
(1.5 -7.07852e-14 0)
(1.5 1.07639e-14 0)
(1.5 -4.5805e-14 0)
(1.5 -1.15348e-13 0)
(1.5 -1.67555e-13 0)
(1.5 -1.37506e-13 0)
(1.5 -1.02689e-13 0)
(1.5 3.42541e-14 0)
(1.5 -1.5675e-14 0)
(1.5 -1.0129e-13 0)
(1.5 -1.53065e-13 0)
(1.5 -2.34427e-13 0)
(1.5 -3.1164e-13 0)
(1.5 -3.27685e-13 0)
(1.5 -3.43662e-13 0)
(1.5 -3.52003e-13 0)
(1.5 -3.72111e-13 0)
(1.5 -2.92429e-13 0)
(1.5 -2.13523e-13 0)
(1.5 -9.93294e-14 0)
(1.5 -2.19159e-14 0)
(1.5 3.98621e-15 0)
(1.5 2.10473e-14 0)
(1.5 -4.78663e-15 0)
(1.5 8.80264e-14 0)
(1.5 1.31968e-13 0)
(1.5 7.8495e-14 0)
(1.5 4.47847e-14 0)
(1.5 -7.06673e-14 0)
(1.5 -7.70354e-14 0)
(1.5 -1.88833e-14 0)
(1.5 -8.45191e-15 0)
(1.5 -7.53844e-14 0)
(1.5 -8.32313e-14 0)
(1.5 -7.574e-14 0)
(1.5 -1.10565e-13 0)
(1.5 -9.83047e-14 0)
(1.5 -1.21218e-13 0)
(1.5 -2.2998e-13 0)
(1.5 -2.44953e-13 0)
(1.5 -2.13211e-13 0)
(1.5 -9.92535e-14 0)
(1.5 8.50935e-14 0)
(1.5 1.48481e-13 0)
(1.5 1.97955e-13 0)
(1.5 1.68916e-13 0)
(1.5 1.55886e-13 0)
(1.5 2.27072e-13 0)
(1.5 2.80093e-13 0)
(1.5 2.20229e-13 0)
(1.5 2.22629e-13 0)
(1.5 1.80665e-13 0)
(1.5 1.49113e-13 0)
(1.5 1.34864e-13 0)
(1.5 1.67972e-14 0)
(1.5 5.87809e-14 0)
(1.5 3.44888e-14 0)
(1.5 -4.11534e-14 0)
(1.5 -9.22479e-14 0)
(1.5 -7.96335e-14 0)
(1.5 -2.90118e-14 0)
(1.5 1.35364e-13 0)
(1.5 3.67178e-13 0)
(1.5 5.08661e-13 0)
(1.5 5.22348e-13 0)
(1.5 5.67099e-13 0)
(1.5 5.08297e-13 0)
(1.5 6.01961e-13 0)
(1.5 6.27415e-13 0)
(1.5 5.93316e-13 0)
(1.5 4.92241e-13 0)
(1.5 4.3259e-13 0)
(1.5 3.85767e-13 0)
(1.5 3.9239e-13 0)
(1.5 4.39663e-13 0)
(1.5 3.85737e-13 0)
(1.5 4.39608e-13 0)
(1.5 5.25658e-13 0)
(1.5 6.37268e-13 0)
(1.5 7.49769e-13 0)
(1.5 7.21525e-13 0)
(1.5 6.39249e-13 0)
(1.5 4.433e-13 0)
(1.5 3.95975e-13 0)
(1.5 4.11157e-13 0)
(1.5 3.78762e-13 0)
(1.5 3.29058e-13 0)
(1.5 2.65021e-13 0)
(1.5 3.55095e-13 0)
(1.5 4.72716e-13 0)
(1.5 5.66395e-13 0)
(1.5 5.06097e-13 0)
(1.5 4.02168e-13 0)
(1.5 2.25908e-13 0)
(1.5 1.954e-13 0)
(1.5 1.40525e-13 0)
(1.5 8.76555e-14 0)
(1.5 8.26886e-14 0)
(1.5 1.46462e-13 0)
(1.5 2.56792e-13 0)
(1.5 2.57983e-13 0)
(1.5 2.54967e-13 0)
(1.5 2.34301e-13 0)
(1.5 2.0057e-13 0)
(1.5 1.13786e-13 0)
(1.5 -3.29283e-14 0)
(1.5 -2.62781e-13 0)
(1.5 -3.38166e-13 0)
(1.5 -2.82931e-13 0)
(1.5 -2.21071e-13 0)
(1.5 -1.23488e-13 0)
(1.5 7.11093e-14 0)
(1.5 2.00413e-13 0)
(1.5 3.56257e-13 0)
(1.5 6.63404e-13 0)
(1.5 7.78764e-13 0)
(1.5 7.80866e-13 0)
(1.5 2.28466e-14 0)
(1.5 7.78162e-14 0)
(1.5 4.60799e-14 0)
(1.5 3.26314e-14 0)
(1.5 -1.96453e-16 0)
(1.5 -3.78126e-14 0)
(1.5 1.90744e-15 0)
(1.5 4.29871e-14 0)
(1.5 7.88453e-14 0)
(1.5 8.63447e-14 0)
(1.5 2.79552e-14 0)
(1.5 -1.93764e-14 0)
(1.5 -1.37349e-13 0)
(1.5 -1.32852e-13 0)
(1.5 -1.87585e-13 0)
(1.5 -1.17662e-13 0)
(1.5 -6.10372e-14 0)
(1.5 -1.16732e-13 0)
(1.5 -1.05397e-13 0)
(1.5 -2.21004e-13 0)
(1.5 -2.49686e-13 0)
(1.5 -2.25478e-13 0)
(1.5 -2.39175e-13 0)
(1.5 -2.01251e-13 0)
(1.5 -1.99225e-13 0)
(1.5 -1.67991e-13 0)
(1.5 -2.0036e-13 0)
(1.5 -1.91221e-13 0)
(1.5 -1.62853e-13 0)
(1.5 -1.31123e-13 0)
(1.5 -1.39972e-13 0)
(1.5 -1.42572e-13 0)
(1.5 -1.28364e-13 0)
(1.5 -7.90456e-14 0)
(1.5 -2.70728e-14 0)
(1.5 -3.09572e-14 0)
(1.5 -2.75488e-14 0)
(1.5 -6.33349e-14 0)
(1.5 -7.13e-14 0)
(1.5 -4.98819e-14 0)
(1.5 -1.00201e-13 0)
(1.5 -1.42202e-13 0)
(1.5 -1.82866e-13 0)
(1.5 -2.23198e-13 0)
(1.5 -2.24475e-13 0)
(1.5 -2.26766e-13 0)
(1.5 -2.03661e-13 0)
(1.5 -2.08806e-13 0)
(1.5 -2.22055e-13 0)
(1.5 -2.47106e-13 0)
(1.5 -1.30109e-13 0)
(1.5 -1.20429e-13 0)
(1.5 -3.92367e-14 0)
(1.5 -4.66624e-14 0)
(1.5 -6.25992e-14 0)
(1.5 -1.13768e-13 0)
(1.5 -1.41411e-13 0)
(1.5 -1.78191e-13 0)
(1.5 -2.24728e-13 0)
(1.5 -2.20046e-13 0)
(1.5 -2.07049e-13 0)
(1.5 -2.03208e-13 0)
(1.5 -1.95002e-13 0)
(1.5 -2.01086e-13 0)
(1.5 -2.44389e-13 0)
(1.5 -2.10835e-13 0)
(1.5 -1.72311e-13 0)
(1.5 -1.92162e-13 0)
(1.5 -1.17077e-13 0)
(1.5 -3.90143e-14 0)
(1.5 5.82969e-14 0)
(1.5 8.53723e-14 0)
(1.5 6.0955e-14 0)
(1.5 4.36217e-14 0)
(1.5 -4.11697e-14 0)
(1.5 -1.00009e-13 0)
(1.5 -6.84786e-14 0)
(1.5 -2.0171e-13 0)
(1.5 -2.61502e-13 0)
(1.5 -2.14094e-13 0)
(1.5 -1.31464e-13 0)
(1.5 -8.24029e-14 0)
(1.5 4.14249e-14 0)
(1.5 5.66323e-14 0)
(1.5 9.18252e-14 0)
(1.5 3.10075e-14 0)
(1.5 -1.042e-14 0)
(1.5 3.37191e-14 0)
(1.5 3.42852e-14 0)
(1.5 -3.97408e-14 0)
(1.5 -1.28733e-13 0)
(1.5 -2.1755e-13 0)
(1.5 -3.17541e-13 0)
(1.5 -3.52035e-13 0)
(1.5 -4.36227e-13 0)
(1.5 -5.98948e-13 0)
(1.5 -6.12905e-13 0)
(1.5 -5.61189e-13 0)
(1.5 -4.26163e-13 0)
(1.5 -3.1835e-13 0)
(1.5 -2.76589e-13 0)
(1.5 -1.65227e-13 0)
(1.5 -1.40657e-13 0)
(1.5 -5.67821e-14 0)
(1.5 3.51852e-14 0)
(1.5 1.44752e-13 0)
(1.5 1.15688e-13 0)
(1.5 2.80128e-14 0)
(1.5 4.87156e-15 0)
(1.5 -3.78287e-14 0)
(1.5 -9.45419e-14 0)
(1.5 -6.35095e-14 0)
(1.5 -8.49494e-14 0)
(1.5 -7.27355e-14 0)
(1.5 -3.20668e-14 0)
(1.5 -3.00846e-14 0)
(1.5 -5.73961e-14 0)
(1.5 -5.17108e-14 0)
(1.5 -1.23251e-13 0)
(1.5 -1.1116e-13 0)
(1.5 -1.60756e-13 0)
(1.5 -2.69275e-13 0)
(1.5 -2.54124e-13 0)
(1.5 -1.4673e-13 0)
(1.5 -2.14276e-14 0)
(1.5 1.02776e-13 0)
(1.5 9.91825e-14 0)
(1.5 2.63418e-14 0)
(1.5 9.98364e-14 0)
(1.5 1.45044e-13 0)
(1.5 2.13614e-13 0)
(1.5 2.25304e-13 0)
(1.5 2.45286e-13 0)
(1.5 3.18701e-13 0)
(1.5 2.16248e-13 0)
(1.5 1.65165e-13 0)
(1.5 1.47205e-13 0)
(1.5 1.07391e-13 0)
(1.5 1.76863e-13 0)
(1.5 1.41951e-13 0)
(1.5 3.25791e-14 0)
(1.5 -5.22865e-14 0)
(1.5 -1.46905e-13 0)
(1.5 -9.10213e-14 0)
(1.5 9.27249e-14 0)
(1.5 3.20556e-13 0)
(1.5 4.41181e-13 0)
(1.5 4.34384e-13 0)
(1.5 5.75254e-13 0)
(1.5 5.14236e-13 0)
(1.5 5.08793e-13 0)
(1.5 5.40329e-13 0)
(1.5 5.87318e-13 0)
(1.5 5.39805e-13 0)
(1.5 5.47949e-13 0)
(1.5 5.30644e-13 0)
(1.5 4.39807e-13 0)
(1.5 4.05324e-13 0)
(1.5 4.07918e-13 0)
(1.5 3.86834e-13 0)
(1.5 4.62896e-13 0)
(1.5 5.67326e-13 0)
(1.5 6.89507e-13 0)
(1.5 5.94857e-13 0)
(1.5 5.27591e-13 0)
(1.5 3.79608e-13 0)
(1.5 2.47543e-13 0)
(1.5 1.74255e-13 0)
(1.5 2.30212e-13 0)
(1.5 2.05462e-13 0)
(1.5 1.98792e-13 0)
(1.5 2.68462e-13 0)
(1.5 3.26891e-13 0)
(1.5 3.94739e-13 0)
(1.5 4.70957e-13 0)
(1.5 4.34185e-13 0)
(1.5 3.08336e-13 0)
(1.5 2.61037e-13 0)
(1.5 2.03104e-13 0)
(1.5 6.50909e-14 0)
(1.5 -1.24051e-14 0)
(1.5 1.1874e-13 0)
(1.5 2.27157e-13 0)
(1.5 2.28188e-13 0)
(1.5 2.61444e-13 0)
(1.5 3.32788e-13 0)
(1.5 2.88792e-13 0)
(1.5 1.65542e-13 0)
(1.5 -2.01724e-14 0)
(1.5 -2.25344e-13 0)
(1.5 -2.21782e-13 0)
(1.5 -1.11064e-13 0)
(1.5 -9.34593e-14 0)
(1.5 3.67949e-14 0)
(1.5 2.31193e-13 0)
(1.5 4.77891e-13 0)
(1.5 5.83748e-13 0)
(1.5 6.92246e-13 0)
(1.5 8.72289e-13 0)
(1.5 9.05078e-13 0)
(1.5 2.92769e-14 0)
(1.5 1.1663e-13 0)
(1.5 5.67278e-14 0)
(1.5 -1.09446e-14 0)
(1.5 -4.50991e-14 0)
(1.5 -8.37954e-14 0)
(1.5 -8.04441e-14 0)
(1.5 -6.71104e-14 0)
(1.5 1.16365e-14 0)
(1.5 2.47338e-15 0)
(1.5 -6.96955e-14 0)
(1.5 -4.61232e-14 0)
(1.5 -1.60476e-13 0)
(1.5 -1.9002e-13 0)
(1.5 -2.13241e-13 0)
(1.5 -1.59403e-13 0)
(1.5 -5.80414e-14 0)
(1.5 -1.02829e-13 0)
(1.5 -1.30117e-13 0)
(1.5 -1.52318e-13 0)
(1.5 -2.17278e-13 0)
(1.5 -1.92027e-13 0)
(1.5 -2.74277e-13 0)
(1.5 -2.20314e-13 0)
(1.5 -1.90064e-13 0)
(1.5 -1.36405e-13 0)
(1.5 -1.34053e-13 0)
(1.5 -1.97159e-13 0)
(1.5 -1.38274e-13 0)
(1.5 -4.60174e-14 0)
(1.5 -3.40736e-14 0)
(1.5 -7.81233e-14 0)
(1.5 -9.20901e-14 0)
(1.5 -7.3953e-14 0)
(1.5 2.96291e-14 0)
(1.5 6.05916e-14 0)
(1.5 1.20327e-14 0)
(1.5 -4.27763e-14 0)
(1.5 -3.02102e-14 0)
(1.5 1.09043e-15 0)
(1.5 -9.8055e-14 0)
(1.5 -1.63459e-13 0)
(1.5 -2.0064e-13 0)
(1.5 -1.4837e-13 0)
(1.5 -1.52518e-13 0)
(1.5 -1.48723e-13 0)
(1.5 -1.01447e-13 0)
(1.5 -1.12638e-13 0)
(1.5 -1.59931e-13 0)
(1.5 -2.2883e-13 0)
(1.5 -2.09589e-13 0)
(1.5 -1.32541e-13 0)
(1.5 -5.26416e-14 0)
(1.5 -2.79167e-14 0)
(1.5 -5.84674e-14 0)
(1.5 -7.28356e-14 0)
(1.5 -8.66854e-14 0)
(1.5 -1.29163e-13 0)
(1.5 -1.45907e-13 0)
(1.5 -1.23601e-13 0)
(1.5 -1.3676e-13 0)
(1.5 -1.57429e-13 0)
(1.5 -1.77169e-13 0)
(1.5 -1.43673e-13 0)
(1.5 -1.44504e-13 0)
(1.5 -1.32015e-13 0)
(1.5 -9.74617e-14 0)
(1.5 -1.06841e-13 0)
(1.5 -4.21726e-14 0)
(1.5 -3.39723e-14 0)
(1.5 4.01856e-15 0)
(1.5 7.87797e-14 0)
(1.5 -4.30036e-15 0)
(1.5 -3.00501e-14 0)
(1.5 -7.40535e-14 0)
(1.5 -1.01435e-13 0)
(1.5 -1.18729e-13 0)
(1.5 -2.82776e-13 0)
(1.5 -2.43175e-13 0)
(1.5 -1.67387e-13 0)
(1.5 -1.11709e-13 0)
(1.5 -5.87905e-15 0)
(1.5 -1.32934e-14 0)
(1.5 2.03364e-14 0)
(1.5 8.04314e-14 0)
(1.5 1.44485e-13 0)
(1.5 1.61744e-13 0)
(1.5 1.54345e-13 0)
(1.5 9.43224e-14 0)
(1.5 -4.70359e-14 0)
(1.5 -2.5188e-13 0)
(1.5 -3.03418e-13 0)
(1.5 -3.66333e-13 0)
(1.5 -3.92951e-13 0)
(1.5 -4.75739e-13 0)
(1.5 -6.234e-13 0)
(1.5 -6.44818e-13 0)
(1.5 -5.71072e-13 0)
(1.5 -4.451e-13 0)
(1.5 -3.20914e-13 0)
(1.5 -2.74728e-13 0)
(1.5 -1.38002e-13 0)
(1.5 -1.20557e-13 0)
(1.5 -1.04296e-13 0)
(1.5 -3.91283e-14 0)
(1.5 6.81371e-14 0)
(1.5 6.00189e-14 0)
(1.5 -2.8688e-15 0)
(1.5 -2.4431e-14 0)
(1.5 -7.92005e-14 0)
(1.5 -1.24618e-13 0)
(1.5 -9.93813e-14 0)
(1.5 -1.20238e-13 0)
(1.5 -1.02883e-13 0)
(1.5 -6.99132e-14 0)
(1.5 -1.57224e-14 0)
(1.5 -5.14071e-14 0)
(1.5 -3.82592e-14 0)
(1.5 2.83506e-14 0)
(1.5 7.88439e-14 0)
(1.5 -1.90151e-14 0)
(1.5 -9.47817e-14 0)
(1.5 -1.30217e-13 0)
(1.5 -1.24836e-13 0)
(1.5 -1.08947e-13 0)
(1.5 -6.50944e-14 0)
(1.5 -2.21988e-14 0)
(1.5 -7.54264e-14 0)
(1.5 -7.62347e-15 0)
(1.5 8.06858e-14 0)
(1.5 1.88416e-13 0)
(1.5 2.5296e-13 0)
(1.5 3.02315e-13 0)
(1.5 3.48022e-13 0)
(1.5 2.37842e-13 0)
(1.5 1.83414e-13 0)
(1.5 1.68045e-13 0)
(1.5 2.58432e-13 0)
(1.5 2.8023e-13 0)
(1.5 2.88646e-13 0)
(1.5 2.73813e-13 0)
(1.5 2.50673e-13 0)
(1.5 6.43764e-14 0)
(1.5 2.82148e-14 0)
(1.5 1.52573e-13 0)
(1.5 2.97367e-13 0)
(1.5 4.22312e-13 0)
(1.5 4.88875e-13 0)
(1.5 6.27828e-13 0)
(1.5 6.20288e-13 0)
(1.5 6.06757e-13 0)
(1.5 6.12151e-13 0)
(1.5 6.6088e-13 0)
(1.5 6.92205e-13 0)
(1.5 6.74838e-13 0)
(1.5 6.05214e-13 0)
(1.5 5.59871e-13 0)
(1.5 5.29466e-13 0)
(1.5 5.67695e-13 0)
(1.5 5.6049e-13 0)
(1.5 5.45649e-13 0)
(1.5 5.29388e-13 0)
(1.5 4.47165e-13 0)
(1.5 3.9579e-13 0)
(1.5 3.73196e-13 0)
(1.5 3.23422e-13 0)
(1.5 1.28999e-13 0)
(1.5 -5.17307e-14 0)
(1.5 -7.27121e-15 0)
(1.5 3.20559e-14 0)
(1.5 9.24547e-14 0)
(1.5 1.18e-13 0)
(1.5 2.35158e-13 0)
(1.5 2.82129e-13 0)
(1.5 3.58052e-13 0)
(1.5 3.56744e-13 0)
(1.5 2.70188e-13 0)
(1.5 1.77009e-13 0)
(1.5 4.7065e-14 0)
(1.5 -1.02506e-13 0)
(1.5 -1.79777e-13 0)
(1.5 -1.00278e-13 0)
(1.5 -4.5294e-15 0)
(1.5 1.07859e-13 0)
(1.5 2.37566e-13 0)
(1.5 3.27281e-13 0)
(1.5 2.66404e-13 0)
(1.5 1.36902e-13 0)
(1.5 1.93623e-14 0)
(1.5 -1.33878e-13 0)
(1.5 -1.62569e-13 0)
(1.5 2.6978e-14 0)
(1.5 7.43485e-14 0)
(1.5 1.70162e-13 0)
(1.5 3.26532e-13 0)
(1.5 5.0756e-13 0)
(1.5 6.46657e-13 0)
(1.5 7.1002e-13 0)
(1.5 7.95668e-13 0)
(1.5 8.79176e-13 0)
(1.5 3.03701e-14 0)
(1.5 1.61835e-13 0)
(1.5 1.40661e-13 0)
(1.5 9.45413e-14 0)
(1.5 6.97141e-14 0)
(1.5 7.47992e-14 0)
(1.5 5.21439e-14 0)
(1.5 -4.54324e-14 0)
(1.5 -6.69552e-14 0)
(1.5 -1.15725e-13 0)
(1.5 -1.24354e-13 0)
(1.5 -1.17032e-13 0)
(1.5 -1.32764e-13 0)
(1.5 -1.70427e-13 0)
(1.5 -1.27674e-13 0)
(1.5 -8.70553e-14 0)
(1.5 -4.50512e-14 0)
(1.5 -3.68442e-14 0)
(1.5 -9.54107e-14 0)
(1.5 -7.3018e-14 0)
(1.5 -7.92204e-14 0)
(1.5 -1.51796e-13 0)
(1.5 -1.70676e-13 0)
(1.5 -1.1724e-13 0)
(1.5 -1.4135e-13 0)
(1.5 -2.19679e-13 0)
(1.5 -2.2965e-13 0)
(1.5 -2.17051e-13 0)
(1.5 -1.53386e-13 0)
(1.5 -8.86988e-14 0)
(1.5 5.46057e-15 0)
(1.5 -5.06236e-14 0)
(1.5 -2.21697e-14 0)
(1.5 -1.16223e-14 0)
(1.5 7.21368e-14 0)
(1.5 6.09262e-14 0)
(1.5 1.4254e-14 0)
(1.5 -8.32405e-14 0)
(1.5 -3.93943e-14 0)
(1.5 3.51327e-14 0)
(1.5 -4.18745e-14 0)
(1.5 -1.31698e-13 0)
(1.5 -1.87568e-13 0)
(1.5 -2.10194e-13 0)
(1.5 -1.76635e-13 0)
(1.5 -1.42931e-13 0)
(1.5 -1.32606e-13 0)
(1.5 -1.44672e-13 0)
(1.5 -1.74491e-13 0)
(1.5 -1.79819e-13 0)
(1.5 -1.90235e-13 0)
(1.5 -1.54909e-13 0)
(1.5 -1.70011e-13 0)
(1.5 -8.69857e-14 0)
(1.5 -1.21406e-13 0)
(1.5 -1.18925e-13 0)
(1.5 -8.95825e-14 0)
(1.5 -1.03781e-13 0)
(1.5 -9.13217e-14 0)
(1.5 -1.08039e-13 0)
(1.5 -1.37261e-13 0)
(1.5 -1.78157e-13 0)
(1.5 -2.31114e-13 0)
(1.5 -2.13998e-13 0)
(1.5 -1.4442e-13 0)
(1.5 -1.15028e-13 0)
(1.5 -1.27928e-13 0)
(1.5 -1.03806e-13 0)
(1.5 -4.9059e-14 0)
(1.5 -3.40648e-14 0)
(1.5 -5.03886e-14 0)
(1.5 -1.75902e-14 0)
(1.5 -4.0706e-14 0)
(1.5 -6.48542e-14 0)
(1.5 -3.63989e-14 0)
(1.5 -1.12684e-13 0)
(1.5 -1.60175e-13 0)
(1.5 -2.29068e-13 0)
(1.5 -2.50308e-13 0)
(1.5 -1.74842e-13 0)
(1.5 -1.4344e-13 0)
(1.5 -6.99207e-14 0)
(1.5 -7.59233e-14 0)
(1.5 -6.78794e-14 0)
(1.5 -7.1913e-15 0)
(1.5 1.5403e-13 0)
(1.5 1.93712e-13 0)
(1.5 1.99135e-13 0)
(1.5 1.15478e-13 0)
(1.5 -8.38202e-14 0)
(1.5 -2.00469e-13 0)
(1.5 -1.53883e-13 0)
(1.5 -1.93378e-13 0)
(1.5 -3.10477e-13 0)
(1.5 -3.67378e-13 0)
(1.5 -4.1315e-13 0)
(1.5 -3.92614e-13 0)
(1.5 -3.50943e-13 0)
(1.5 -3.17597e-13 0)
(1.5 -2.96199e-13 0)
(1.5 -2.63474e-13 0)
(1.5 -1.86008e-13 0)
(1.5 -1.08995e-13 0)
(1.5 -1.65953e-13 0)
(1.5 -1.58024e-13 0)
(1.5 -1.17551e-13 0)
(1.5 -5.32491e-14 0)
(1.5 -4.00008e-14 0)
(1.5 -2.41822e-14 0)
(1.5 -4.21315e-14 0)
(1.5 -3.37708e-14 0)
(1.5 -6.48801e-14 0)
(1.5 -4.44875e-14 0)
(1.5 -1.006e-13 0)
(1.5 -1.16731e-13 0)
(1.5 -8.34944e-14 0)
(1.5 -1.05719e-13 0)
(1.5 -4.98034e-14 0)
(1.5 1.12905e-13 0)
(1.5 8.91729e-14 0)
(1.5 -1.39779e-14 0)
(1.5 -3.477e-14 0)
(1.5 -1.99608e-14 0)
(1.5 -1.23465e-13 0)
(1.5 -1.39201e-13 0)
(1.5 -1.28387e-13 0)
(1.5 -3.0271e-14 0)
(1.5 6.67894e-14 0)
(1.5 1.53118e-13 0)
(1.5 3.39375e-13 0)
(1.5 4.45141e-13 0)
(1.5 4.3913e-13 0)
(1.5 4.60917e-13 0)
(1.5 4.16735e-13 0)
(1.5 3.09601e-13 0)
(1.5 1.6404e-13 0)
(1.5 1.14687e-13 0)
(1.5 2.43376e-13 0)
(1.5 1.90272e-13 0)
(1.5 2.59966e-13 0)
(1.5 3.17034e-13 0)
(1.5 2.85122e-13 0)
(1.5 2.20083e-13 0)
(1.5 1.14595e-13 0)
(1.5 1.48677e-13 0)
(1.5 2.46969e-13 0)
(1.5 4.27201e-13 0)
(1.5 5.79562e-13 0)
(1.5 6.75418e-13 0)
(1.5 7.09792e-13 0)
(1.5 6.76595e-13 0)
(1.5 6.45827e-13 0)
(1.5 7.28015e-13 0)
(1.5 7.73602e-13 0)
(1.5 7.38834e-13 0)
(1.5 5.37719e-13 0)
(1.5 5.01773e-13 0)
(1.5 5.17669e-13 0)
(1.5 5.31037e-13 0)
(1.5 5.71047e-13 0)
(1.5 4.87538e-13 0)
(1.5 3.75971e-13 0)
(1.5 1.16558e-13 0)
(1.5 7.19607e-14 0)
(1.5 1.24036e-13 0)
(1.5 8.97184e-14 0)
(1.5 -6.34526e-14 0)
(1.5 -1.72852e-13 0)
(1.5 -1.7595e-13 0)
(1.5 -9.97342e-14 0)
(1.5 1.04658e-14 0)
(1.5 -4.56054e-14 0)
(1.5 1.91382e-14 0)
(1.5 6.07287e-14 0)
(1.5 1.11694e-13 0)
(1.5 1.08327e-13 0)
(1.5 1.21408e-13 0)
(1.5 6.0416e-14 0)
(1.5 -1.26124e-13 0)
(1.5 -2.30385e-13 0)
(1.5 -3.12603e-13 0)
(1.5 -3.08683e-13 0)
(1.5 -2.4782e-13 0)
(1.5 -7.38398e-14 0)
(1.5 8.71367e-14 0)
(1.5 7.8692e-14 0)
(1.5 -2.98614e-15 0)
(1.5 -5.15399e-14 0)
(1.5 -6.44459e-14 0)
(1.5 -7.41202e-14 0)
(1.5 -1.03947e-13 0)
(1.5 2.64436e-14 0)
(1.5 7.86659e-14 0)
(1.5 1.32955e-13 0)
(1.5 2.52416e-13 0)
(1.5 3.11209e-13 0)
(1.5 4.21514e-13 0)
(1.5 5.74172e-13 0)
(1.5 5.58755e-13 0)
(1.5 6.10497e-13 0)
(1.5 3.40797e-14 0)
(1.5 1.23459e-13 0)
(1.5 1.6712e-13 0)
(1.5 1.44801e-13 0)
(1.5 1.69758e-13 0)
(1.5 2.18449e-13 0)
(1.5 2.04123e-13 0)
(1.5 8.96301e-14 0)
(1.5 2.27492e-14 0)
(1.5 -6.36809e-14 0)
(1.5 -1.14315e-13 0)
(1.5 -1.87121e-13 0)
(1.5 -1.38336e-13 0)
(1.5 -1.11439e-13 0)
(1.5 -1.4204e-14 0)
(1.5 5.77466e-14 0)
(1.5 -1.37932e-14 0)
(1.5 2.32568e-14 0)
(1.5 -1.03693e-14 0)
(1.5 -1.5527e-14 0)
(1.5 -8.76074e-15 0)
(1.5 -1.15585e-13 0)
(1.5 -4.56112e-14 0)
(1.5 -7.61104e-14 0)
(1.5 -1.43985e-13 0)
(1.5 -2.51971e-13 0)
(1.5 -2.98589e-13 0)
(1.5 -2.30278e-13 0)
(1.5 -2.5638e-13 0)
(1.5 -1.71779e-13 0)
(1.5 -1.36149e-13 0)
(1.5 -1.6536e-13 0)
(1.5 -8.91955e-14 0)
(1.5 -7.0196e-14 0)
(1.5 -5.53913e-14 0)
(1.5 -1.14901e-13 0)
(1.5 -1.22508e-13 0)
(1.5 -5.24128e-14 0)
(1.5 -7.71919e-14 0)
(1.5 -4.27871e-14 0)
(1.5 -6.23266e-14 0)
(1.5 -1.22005e-13 0)
(1.5 -1.47852e-13 0)
(1.5 -1.70538e-13 0)
(1.5 -1.56606e-13 0)
(1.5 -1.31603e-13 0)
(1.5 -1.70229e-13 0)
(1.5 -1.73832e-13 0)
(1.5 -1.61997e-13 0)
(1.5 -1.60614e-13 0)
(1.5 -1.24359e-13 0)
(1.5 -1.06664e-13 0)
(1.5 -1.5022e-13 0)
(1.5 -1.40572e-13 0)
(1.5 -1.45936e-13 0)
(1.5 -1.41532e-13 0)
(1.5 -1.63593e-13 0)
(1.5 -1.06605e-13 0)
(1.5 -1.04014e-13 0)
(1.5 -1.01663e-13 0)
(1.5 -1.4148e-13 0)
(1.5 -2.64357e-13 0)
(1.5 -3.13009e-13 0)
(1.5 -2.84968e-13 0)
(1.5 -2.11089e-13 0)
(1.5 -1.20809e-13 0)
(1.5 -6.60892e-14 0)
(1.5 -3.96048e-14 0)
(1.5 -3.84502e-14 0)
(1.5 -3.08138e-14 0)
(1.5 -1.58321e-13 0)
(1.5 -1.9627e-13 0)
(1.5 -5.1303e-14 0)
(1.5 -5.443e-14 0)
(1.5 -7.85603e-14 0)
(1.5 -1.83944e-13 0)
(1.5 -2.15482e-13 0)
(1.5 -1.02634e-13 0)
(1.5 -1.67181e-13 0)
(1.5 -1.52412e-13 0)
(1.5 -2.28272e-13 0)
(1.5 -2.1119e-13 0)
(1.5 -4.26021e-14 0)
(1.5 1.81041e-14 0)
(1.5 4.45591e-14 0)
(1.5 9.89459e-14 0)
(1.5 7.76002e-15 0)
(1.5 7.73705e-14 0)
(1.5 6.33885e-14 0)
(1.5 -5.57533e-14 0)
(1.5 -3.40194e-14 0)
(1.5 -2.31901e-14 0)
(1.5 -7.74376e-14 0)
(1.5 -1.96489e-13 0)
(1.5 -2.3364e-13 0)
(1.5 -2.20792e-13 0)
(1.5 -1.65979e-13 0)
(1.5 -1.48141e-13 0)
(1.5 -1.66412e-13 0)
(1.5 -1.80591e-13 0)
(1.5 -1.15705e-13 0)
(1.5 -1.61539e-13 0)
(1.5 -1.77027e-13 0)
(1.5 -1.59576e-13 0)
(1.5 -1.66568e-13 0)
(1.5 -1.60372e-13 0)
(1.5 -2.45941e-14 0)
(1.5 -1.78718e-14 0)
(1.5 -4.8235e-14 0)
(1.5 -6.24342e-14 0)
(1.5 3.97739e-14 0)
(1.5 6.1943e-14 0)
(1.5 6.66702e-14 0)
(1.5 -2.59062e-14 0)
(1.5 -1.03263e-13 0)
(1.5 -1.08152e-13 0)
(1.5 -9.85629e-14 0)
(1.5 -6.44145e-15 0)
(1.5 1.07225e-13 0)
(1.5 7.13835e-14 0)
(1.5 6.6067e-14 0)
(1.5 1.3881e-14 0)
(1.5 -6.42101e-14 0)
(1.5 -1.25463e-13 0)
(1.5 -1.08745e-13 0)
(1.5 -1.72501e-14 0)
(1.5 8.84101e-14 0)
(1.5 2.45282e-13 0)
(1.5 3.90892e-13 0)
(1.5 5.63741e-13 0)
(1.5 6.38473e-13 0)
(1.5 6.04918e-13 0)
(1.5 6.21903e-13 0)
(1.5 4.97678e-13 0)
(1.5 4.14531e-13 0)
(1.5 2.41913e-13 0)
(1.5 1.2881e-13 0)
(1.5 2.17321e-13 0)
(1.5 2.0642e-13 0)
(1.5 1.87655e-13 0)
(1.5 2.18282e-13 0)
(1.5 1.59905e-13 0)
(1.5 2.32864e-13 0)
(1.5 1.50984e-13 0)
(1.5 6.5571e-14 0)
(1.5 1.53618e-13 0)
(1.5 2.77197e-13 0)
(1.5 5.32236e-13 0)
(1.5 6.12994e-13 0)
(1.5 7.62414e-13 0)
(1.5 7.29223e-13 0)
(1.5 6.8743e-13 0)
(1.5 7.39886e-13 0)
(1.5 7.70293e-13 0)
(1.5 6.2601e-13 0)
(1.5 4.35617e-13 0)
(1.5 3.07675e-13 0)
(1.5 3.06978e-13 0)
(1.5 3.04782e-13 0)
(1.5 2.57538e-13 0)
(1.5 1.70333e-13 0)
(1.5 3.77067e-14 0)
(1.5 -1.64901e-13 0)
(1.5 -2.01841e-13 0)
(1.5 -1.604e-13 0)
(1.5 -2.42163e-13 0)
(1.5 -3.1137e-13 0)
(1.5 -3.66048e-13 0)
(1.5 -3.6968e-13 0)
(1.5 -3.25419e-13 0)
(1.5 -2.53962e-13 0)
(1.5 -2.22748e-13 0)
(1.5 -2.21137e-13 0)
(1.5 -2.61073e-13 0)
(1.5 -3.07669e-13 0)
(1.5 -2.48224e-13 0)
(1.5 -1.01187e-13 0)
(1.5 -7.19073e-14 0)
(1.5 -1.33205e-13 0)
(1.5 -2.15437e-13 0)
(1.5 -2.90355e-13 0)
(1.5 -3.2356e-13 0)
(1.5 -2.41103e-13 0)
(1.5 -1.30193e-13 0)
(1.5 -7.25722e-14 0)
(1.5 -1.93673e-13 0)
(1.5 -2.93802e-13 0)
(1.5 -1.96205e-13 0)
(1.5 -1.24821e-13 0)
(1.5 -3.30383e-14 0)
(1.5 -5.32847e-15 0)
(1.5 -1.37344e-14 0)
(1.5 9.41262e-14 0)
(1.5 1.88757e-13 0)
(1.5 2.73147e-13 0)
(1.5 2.91984e-13 0)
(1.5 2.71422e-13 0)
(1.5 4.21254e-13 0)
(1.5 3.60201e-13 0)
(1.5 3.90122e-13 0)
(1.5 2.99485e-14 0)
(1.5 4.19637e-14 0)
(1.5 7.79945e-14 0)
(1.5 7.22378e-14 0)
(1.5 1.75603e-13 0)
(1.5 1.84266e-13 0)
(1.5 1.89433e-13 0)
(1.5 1.28208e-13 0)
(1.5 7.34852e-14 0)
(1.5 -3.84813e-14 0)
(1.5 -1.38733e-13 0)
(1.5 -2.08736e-13 0)
(1.5 -9.91774e-14 0)
(1.5 -3.83738e-14 0)
(1.5 6.97979e-14 0)
(1.5 1.07925e-13 0)
(1.5 6.81119e-14 0)
(1.5 5.83987e-14 0)
(1.5 7.87913e-15 0)
(1.5 -9.83019e-15 0)
(1.5 -6.52323e-14 0)
(1.5 -6.93334e-14 0)
(1.5 -2.84304e-14 0)
(1.5 -5.3236e-14 0)
(1.5 -1.82637e-13 0)
(1.5 -2.33252e-13 0)
(1.5 -2.63203e-13 0)
(1.5 -2.76539e-13 0)
(1.5 -3.14625e-13 0)
(1.5 -2.54881e-13 0)
(1.5 -2.63729e-13 0)
(1.5 -2.33188e-13 0)
(1.5 -2.1453e-13 0)
(1.5 -2.05317e-13 0)
(1.5 -2.33928e-13 0)
(1.5 -2.45024e-13 0)
(1.5 -2.54661e-13 0)
(1.5 -1.44497e-13 0)
(1.5 -2.23423e-13 0)
(1.5 -2.31335e-13 0)
(1.5 -2.05396e-13 0)
(1.5 -1.91817e-13 0)
(1.5 -1.19822e-13 0)
(1.5 -7.89706e-14 0)
(1.5 -4.9724e-14 0)
(1.5 -5.44453e-14 0)
(1.5 -8.06309e-14 0)
(1.5 -1.05265e-13 0)
(1.5 -4.57194e-14 0)
(1.5 -6.15108e-14 0)
(1.5 -1.10727e-14 0)
(1.5 2.01511e-14 0)
(1.5 -3.78079e-15 0)
(1.5 -4.97803e-14 0)
(1.5 -1.20154e-13 0)
(1.5 -1.04637e-13 0)
(1.5 -1.80812e-13 0)
(1.5 -9.93011e-14 0)
(1.5 -1.0195e-13 0)
(1.5 -7.29844e-14 0)
(1.5 -1.02083e-13 0)
(1.5 -2.72826e-13 0)
(1.5 -3.55077e-13 0)
(1.5 -2.57872e-13 0)
(1.5 -2.26817e-13 0)
(1.5 -1.3386e-13 0)
(1.5 -1.47927e-14 0)
(1.5 7.41701e-15 0)
(1.5 -8.75385e-15 0)
(1.5 -5.45346e-14 0)
(1.5 -1.1402e-13 0)
(1.5 -1.00312e-13 0)
(1.5 -5.01232e-15 0)
(1.5 9.27695e-15 0)
(1.5 -7.96942e-14 0)
(1.5 -9.59894e-14 0)
(1.5 -1.4684e-13 0)
(1.5 2.26789e-14 0)
(1.5 9.38931e-15 0)
(1.5 -2.13032e-15 0)
(1.5 -9.25393e-14 0)
(1.5 -1.06511e-13 0)
(1.5 -7.92409e-15 0)
(1.5 -4.38291e-15 0)
(1.5 -2.48332e-14 0)
(1.5 -1.08881e-13 0)
(1.5 -2.4899e-13 0)
(1.5 -1.9369e-13 0)
(1.5 -1.72956e-13 0)
(1.5 -1.51309e-13 0)
(1.5 -4.01746e-14 0)
(1.5 -9.66167e-14 0)
(1.5 -1.51154e-13 0)
(1.5 -2.19834e-13 0)
(1.5 -2.64449e-13 0)
(1.5 -1.74275e-13 0)
(1.5 -1.31719e-13 0)
(1.5 -1.00598e-13 0)
(1.5 -1.28336e-13 0)
(1.5 -7.80748e-14 0)
(1.5 3.98218e-14 0)
(1.5 -3.47738e-14 0)
(1.5 -1.55028e-13 0)
(1.5 -9.54834e-14 0)
(1.5 -7.3453e-14 0)
(1.5 -9.04368e-14 0)
(1.5 -2.6892e-14 0)
(1.5 -1.83647e-14 0)
(1.5 -6.9087e-14 0)
(1.5 -5.41427e-14 0)
(1.5 1.7952e-14 0)
(1.5 2.88668e-14 0)
(1.5 5.08999e-14 0)
(1.5 -1.36589e-14 0)
(1.5 -6.02146e-14 0)
(1.5 -7.66912e-14 0)
(1.5 -2.11706e-14 0)
(1.5 1.49007e-14 0)
(1.5 -1.0554e-14 0)
(1.5 1.74706e-14 0)
(1.5 1.24015e-13 0)
(1.5 3.40646e-14 0)
(1.5 -1.43845e-13 0)
(1.5 -1.10414e-13 0)
(1.5 -8.16157e-14 0)
(1.5 7.67788e-14 0)
(1.5 1.77176e-13 0)
(1.5 3.16774e-13 0)
(1.5 5.11455e-13 0)
(1.5 5.29682e-13 0)
(1.5 5.61025e-13 0)
(1.5 5.61247e-13 0)
(1.5 6.15151e-13 0)
(1.5 5.36381e-13 0)
(1.5 4.14029e-13 0)
(1.5 3.1839e-13 0)
(1.5 1.88445e-13 0)
(1.5 2.16996e-13 0)
(1.5 2.10111e-13 0)
(1.5 7.05191e-14 0)
(1.5 1.74056e-14 0)
(1.5 2.92075e-15 0)
(1.5 7.16166e-14 0)
(1.5 6.66249e-14 0)
(1.5 3.86214e-14 0)
(1.5 1.75515e-13 0)
(1.5 2.40729e-13 0)
(1.5 4.30412e-13 0)
(1.5 5.04098e-13 0)
(1.5 7.18543e-13 0)
(1.5 8.32953e-13 0)
(1.5 8.12102e-13 0)
(1.5 7.83155e-13 0)
(1.5 7.4061e-13 0)
(1.5 5.25249e-13 0)
(1.5 4.44304e-13 0)
(1.5 2.03367e-13 0)
(1.5 1.8622e-13 0)
(1.5 1.74098e-13 0)
(1.5 5.98736e-14 0)
(1.5 2.28226e-14 0)
(1.5 -1.20468e-13 0)
(1.5 -2.5325e-13 0)
(1.5 -2.88901e-13 0)
(1.5 -3.36491e-13 0)
(1.5 -4.03431e-13 0)
(1.5 -3.40591e-13 0)
(1.5 -3.95344e-13 0)
(1.5 -4.69912e-13 0)
(1.5 -4.58251e-13 0)
(1.5 -4.11506e-13 0)
(1.5 -2.93492e-13 0)
(1.5 -3.56981e-13 0)
(1.5 -3.53801e-13 0)
(1.5 -3.83961e-13 0)
(1.5 -2.34024e-13 0)
(1.5 -1.12441e-13 0)
(1.5 -9.60022e-14 0)
(1.5 -7.16024e-14 0)
(1.5 -9.31862e-14 0)
(1.5 -9.97538e-14 0)
(1.5 -1.72479e-13 0)
(1.5 -1.73448e-13 0)
(1.5 -1.63491e-13 0)
(1.5 -2.55396e-13 0)
(1.5 -4.07036e-13 0)
(1.5 -4.88783e-13 0)
(1.5 -3.30395e-13 0)
(1.5 -1.85018e-13 0)
(1.5 -1.16873e-13 0)
(1.5 1.42253e-14 0)
(1.5 -2.67646e-14 0)
(1.5 1.43962e-13 0)
(1.5 2.83059e-13 0)
(1.5 3.7915e-13 0)
(1.5 3.87931e-13 0)
(1.5 2.87116e-13 0)
(1.5 2.8215e-13 0)
(1.5 3.27092e-13 0)
(1.5 3.70669e-13 0)
(1.5 -2.16067e-14 0)
(1.5 -5.80639e-14 0)
(1.5 -1.27733e-14 0)
(1.5 8.31434e-14 0)
(1.5 1.31911e-13 0)
(1.5 1.0645e-13 0)
(1.5 9.85779e-14 0)
(1.5 8.97317e-14 0)
(1.5 -1.14882e-14 0)
(1.5 -9.46784e-14 0)
(1.5 -1.15077e-13 0)
(1.5 -1.34453e-13 0)
(1.5 -9.92918e-15 0)
(1.5 8.78174e-14 0)
(1.5 1.0672e-13 0)
(1.5 3.86701e-14 0)
(1.5 4.88267e-14 0)
(1.5 2.54345e-14 0)
(1.5 2.75134e-15 0)
(1.5 2.31491e-14 0)
(1.5 -5.3858e-14 0)
(1.5 -6.94584e-14 0)
(1.5 -1.20828e-13 0)
(1.5 -1.18776e-13 0)
(1.5 -2.11783e-13 0)
(1.5 -2.12806e-13 0)
(1.5 -2.50463e-13 0)
(1.5 -2.66892e-13 0)
(1.5 -2.86605e-13 0)
(1.5 -3.02955e-13 0)
(1.5 -2.41056e-13 0)
(1.5 -2.06812e-13 0)
(1.5 -2.48642e-13 0)
(1.5 -2.66023e-13 0)
(1.5 -3.1346e-13 0)
(1.5 -2.63559e-13 0)
(1.5 -2.2265e-13 0)
(1.5 -2.52389e-13 0)
(1.5 -3.33237e-13 0)
(1.5 -3.23569e-13 0)
(1.5 -2.34345e-13 0)
(1.5 -1.943e-13 0)
(1.5 -1.06838e-13 0)
(1.5 -3.55929e-14 0)
(1.5 1.07569e-14 0)
(1.5 2.69135e-14 0)
(1.5 1.51199e-14 0)
(1.5 -3.89845e-14 0)
(1.5 -2.11969e-14 0)
(1.5 1.45603e-14 0)
(1.5 4.81773e-14 0)
(1.5 -7.13424e-15 0)
(1.5 3.06809e-14 0)
(1.5 -2.87839e-14 0)
(1.5 -1.00959e-13 0)
(1.5 -8.05002e-14 0)
(1.5 -1.07829e-13 0)
(1.5 -9.48277e-14 0)
(1.5 -1.34981e-13 0)
(1.5 -1.26058e-13 0)
(1.5 -1.02708e-13 0)
(1.5 -1.67094e-13 0)
(1.5 -2.18071e-13 0)
(1.5 -1.38704e-13 0)
(1.5 -1.21114e-13 0)
(1.5 -1.03401e-13 0)
(1.5 -3.647e-14 0)
(1.5 -2.47994e-14 0)
(1.5 -4.15497e-14 0)
(1.5 -1.454e-14 0)
(1.5 6.20498e-14 0)
(1.5 1.2062e-13 0)
(1.5 9.9962e-14 0)
(1.5 7.42954e-14 0)
(1.5 -4.54184e-14 0)
(1.5 -1.04983e-14 0)
(1.5 -3.38678e-14 0)
(1.5 1.30398e-14 0)
(1.5 3.76072e-14 0)
(1.5 4.2083e-14 0)
(1.5 8.18011e-14 0)
(1.5 9.55466e-14 0)
(1.5 9.11499e-14 0)
(1.5 4.90851e-15 0)
(1.5 -1.84831e-13 0)
(1.5 -3.6566e-13 0)
(1.5 -4.00218e-13 0)
(1.5 -3.70754e-13 0)
(1.5 -3.58099e-13 0)
(1.5 -2.73701e-13 0)
(1.5 -2.01537e-13 0)
(1.5 -2.26475e-13 0)
(1.5 -2.61108e-13 0)
(1.5 -2.82467e-13 0)
(1.5 -3.24444e-13 0)
(1.5 -2.10686e-13 0)
(1.5 -1.99898e-13 0)
(1.5 -2.12204e-13 0)
(1.5 -1.95509e-13 0)
(1.5 -6.67662e-14 0)
(1.5 7.7301e-14 0)
(1.5 1.01877e-13 0)
(1.5 1.89633e-14 0)
(1.5 -2.38237e-14 0)
(1.5 7.75524e-14 0)
(1.5 7.98267e-14 0)
(1.5 1.46838e-14 0)
(1.5 6.17738e-14 0)
(1.5 1.63761e-14 0)
(1.5 2.81556e-14 0)
(1.5 -4.07154e-14 0)
(1.5 -3.54771e-14 0)
(1.5 4.65545e-14 0)
(1.5 -2.60559e-14 0)
(1.5 -6.59691e-15 0)
(1.5 2.9307e-15 0)
(1.5 2.203e-14 0)
(1.5 -5.06741e-14 0)
(1.5 -1.65507e-13 0)
(1.5 -1.78945e-13 0)
(1.5 -1.11857e-13 0)
(1.5 -1.05524e-13 0)
(1.5 -1.64625e-13 0)
(1.5 -1.0203e-13 0)
(1.5 -4.90145e-14 0)
(1.5 9.76192e-14 0)
(1.5 1.84972e-13 0)
(1.5 3.54296e-13 0)
(1.5 5.77577e-13 0)
(1.5 5.28165e-13 0)
(1.5 4.35234e-13 0)
(1.5 4.06337e-13 0)
(1.5 4.92669e-13 0)
(1.5 4.48351e-13 0)
(1.5 3.51374e-13 0)
(1.5 3.45326e-13 0)
(1.5 3.0682e-13 0)
(1.5 2.93111e-13 0)
(1.5 1.65282e-13 0)
(1.5 3.82804e-14 0)
(1.5 -5.86626e-14 0)
(1.5 -6.35219e-14 0)
(1.5 1.7741e-14 0)
(1.5 9.71923e-14 0)
(1.5 1.64397e-13 0)
(1.5 1.76047e-13 0)
(1.5 2.31877e-13 0)
(1.5 3.01569e-13 0)
(1.5 3.29275e-13 0)
(1.5 4.73555e-13 0)
(1.5 6.76899e-13 0)
(1.5 7.64403e-13 0)
(1.5 8.58745e-13 0)
(1.5 7.74792e-13 0)
(1.5 6.52395e-13 0)
(1.5 6.12087e-13 0)
(1.5 3.71594e-13 0)
(1.5 3.57578e-13 0)
(1.5 2.06632e-13 0)
(1.5 2.75329e-14 0)
(1.5 5.61703e-14 0)
(1.5 -8.00744e-15 0)
(1.5 -1.11047e-13 0)
(1.5 -2.40502e-13 0)
(1.5 -3.6992e-13 0)
(1.5 -3.60612e-13 0)
(1.5 -2.20255e-13 0)
(1.5 -2.38544e-13 0)
(1.5 -3.43417e-13 0)
(1.5 -3.57086e-13 0)
(1.5 -3.22148e-13 0)
(1.5 -3.29248e-13 0)
(1.5 -4.44928e-13 0)
(1.5 -4.45414e-13 0)
(1.5 -3.66199e-13 0)
(1.5 -1.86273e-13 0)
(1.5 -1.58055e-13 0)
(1.5 -2.89452e-13 0)
(1.5 -2.55734e-13 0)
(1.5 -1.51391e-13 0)
(1.5 -2.99203e-14 0)
(1.5 -7.40972e-14 0)
(1.5 -1.41679e-13 0)
(1.5 -1.4076e-13 0)
(1.5 -2.65179e-13 0)
(1.5 -3.91439e-13 0)
(1.5 -4.29219e-13 0)
(1.5 -2.59237e-13 0)
(1.5 -1.46232e-13 0)
(1.5 -6.10042e-14 0)
(1.5 1.10309e-13 0)
(1.5 1.30444e-13 0)
(1.5 2.50201e-13 0)
(1.5 3.52504e-13 0)
(1.5 3.92666e-13 0)
(1.5 3.66214e-13 0)
(1.5 3.17305e-13 0)
(1.5 1.74456e-13 0)
(1.5 2.7811e-13 0)
(1.5 2.91526e-13 0)
(1.5 -2.31103e-14 0)
(1.5 -6.09449e-14 0)
(1.5 -3.13209e-14 0)
(1.5 1.00291e-13 0)
(1.5 1.11488e-13 0)
(1.5 1.63718e-13 0)
(1.5 8.82722e-14 0)
(1.5 9.98279e-14 0)
(1.5 -1.39218e-15 0)
(1.5 -1.16476e-13 0)
(1.5 -8.84359e-14 0)
(1.5 -5.10582e-14 0)
(1.5 2.84839e-14 0)
(1.5 7.89356e-14 0)
(1.5 1.71138e-15 0)
(1.5 -5.25717e-14 0)
(1.5 -5.08297e-14 0)
(1.5 -9.32006e-14 0)
(1.5 -8.67473e-14 0)
(1.5 -2.40278e-14 0)
(1.5 -6.92362e-14 0)
(1.5 -1.10949e-13 0)
(1.5 -2.1434e-13 0)
(1.5 -2.7925e-13 0)
(1.5 -2.223e-13 0)
(1.5 -2.18263e-13 0)
(1.5 -2.13303e-13 0)
(1.5 -1.84112e-13 0)
(1.5 -2.03392e-13 0)
(1.5 -2.76436e-13 0)
(1.5 -2.87376e-13 0)
(1.5 -2.92566e-13 0)
(1.5 -3.04995e-13 0)
(1.5 -2.8284e-13 0)
(1.5 -3.43938e-13 0)
(1.5 -2.9238e-13 0)
(1.5 -2.28171e-13 0)
(1.5 -2.81811e-13 0)
(1.5 -3.34041e-13 0)
(1.5 -3.55629e-13 0)
(1.5 -2.95198e-13 0)
(1.5 -2.67459e-13 0)
(1.5 -2.17208e-13 0)
(1.5 -8.19979e-14 0)
(1.5 -3.79436e-14 0)
(1.5 -3.7131e-14 0)
(1.5 9.75037e-15 0)
(1.5 3.99683e-14 0)
(1.5 -3.46996e-14 0)
(1.5 2.11899e-16 0)
(1.5 -5.47513e-15 0)
(1.5 -6.0782e-14 0)
(1.5 -2.70765e-14 0)
(1.5 -8.88172e-14 0)
(1.5 -1.54767e-13 0)
(1.5 -1.48177e-13 0)
(1.5 -9.70139e-14 0)
(1.5 -1.53275e-13 0)
(1.5 -2.07384e-13 0)
(1.5 -2.01304e-13 0)
(1.5 -1.97389e-13 0)
(1.5 -1.0568e-13 0)
(1.5 -5.92416e-14 0)
(1.5 -3.59078e-14 0)
(1.5 1.41679e-15 0)
(1.5 -1.58777e-14 0)
(1.5 -1.25713e-14 0)
(1.5 -3.8443e-14 0)
(1.5 -5.1943e-14 0)
(1.5 -2.37713e-14 0)
(1.5 1.6189e-14 0)
(1.5 4.28526e-14 0)
(1.5 7.66744e-14 0)
(1.5 5.13951e-14 0)
(1.5 -1.76405e-14 0)
(1.5 -5.22734e-15 0)
(1.5 -5.15381e-14 0)
(1.5 -1.21069e-13 0)
(1.5 -2.99819e-14 0)
(1.5 -5.33127e-14 0)
(1.5 6.57627e-15 0)
(1.5 2.64895e-16 0)
(1.5 -2.22605e-14 0)
(1.5 -1.13949e-13 0)
(1.5 -3.09664e-13 0)
(1.5 -4.00601e-13 0)
(1.5 -3.52036e-13 0)
(1.5 -3.88408e-13 0)
(1.5 -3.6456e-13 0)
(1.5 -3.28092e-13 0)
(1.5 -2.53988e-13 0)
(1.5 -2.62909e-13 0)
(1.5 -2.60154e-13 0)
(1.5 -2.04674e-13 0)
(1.5 -2.06024e-13 0)
(1.5 -1.17785e-13 0)
(1.5 -9.30907e-14 0)
(1.5 -1.63824e-13 0)
(1.5 -1.37303e-13 0)
(1.5 -5.61017e-14 0)
(1.5 4.84491e-14 0)
(1.5 1.02593e-13 0)
(1.5 9.81528e-14 0)
(1.5 8.73966e-14 0)
(1.5 9.59576e-14 0)
(1.5 1.08943e-13 0)
(1.5 8.90973e-14 0)
(1.5 2.08881e-13 0)
(1.5 1.69731e-13 0)
(1.5 3.05842e-14 0)
(1.5 -3.63376e-14 0)
(1.5 2.45976e-14 0)
(1.5 8.31946e-14 0)
(1.5 6.32148e-14 0)
(1.5 3.7983e-14 0)
(1.5 4.8185e-14 0)
(1.5 1.65222e-14 0)
(1.5 -8.38726e-14 0)
(1.5 -2.0856e-13 0)
(1.5 -3.13588e-13 0)
(1.5 -2.66721e-13 0)
(1.5 -1.06148e-13 0)
(1.5 -6.48493e-14 0)
(1.5 -1.93534e-14 0)
(1.5 1.32724e-15 0)
(1.5 1.92456e-14 0)
(1.5 1.60388e-13 0)
(1.5 3.36202e-13 0)
(1.5 4.75998e-13 0)
(1.5 4.39732e-13 0)
(1.5 3.8138e-13 0)
(1.5 3.91793e-13 0)
(1.5 4.35485e-13 0)
(1.5 3.25545e-13 0)
(1.5 2.95947e-13 0)
(1.5 2.70471e-13 0)
(1.5 2.59001e-13 0)
(1.5 2.48968e-13 0)
(1.5 8.88384e-14 0)
(1.5 1.8746e-15 0)
(1.5 -4.58094e-14 0)
(1.5 -1.08879e-13 0)
(1.5 -5.16501e-14 0)
(1.5 4.54191e-14 0)
(1.5 7.64084e-14 0)
(1.5 4.85424e-14 0)
(1.5 1.31973e-13 0)
(1.5 1.57378e-13 0)
(1.5 2.83936e-13 0)
(1.5 3.90817e-13 0)
(1.5 4.70066e-13 0)
(1.5 6.57319e-13 0)
(1.5 8.96915e-13 0)
(1.5 8.69825e-13 0)
(1.5 8.44994e-13 0)
(1.5 7.79678e-13 0)
(1.5 7.08593e-13 0)
(1.5 6.47279e-13 0)
(1.5 3.73103e-13 0)
(1.5 1.06866e-13 0)
(1.5 1.03118e-13 0)
(1.5 1.52567e-13 0)
(1.5 1.46023e-13 0)
(1.5 -5.49688e-14 0)
(1.5 -2.13368e-13 0)
(1.5 -1.91298e-13 0)
(1.5 -1.69715e-13 0)
(1.5 -2.44625e-13 0)
(1.5 -2.79659e-13 0)
(1.5 -2.62942e-13 0)
(1.5 -2.96745e-13 0)
(1.5 -4.19322e-13 0)
(1.5 -5.41552e-13 0)
(1.5 -5.89888e-13 0)
(1.5 -4.88919e-13 0)
(1.5 -3.4689e-13 0)
(1.5 -3.18359e-13 0)
(1.5 -4.93865e-13 0)
(1.5 -4.60128e-13 0)
(1.5 -3.47358e-13 0)
(1.5 -1.82009e-13 0)
(1.5 -1.42983e-13 0)
(1.5 -1.33526e-13 0)
(1.5 -8.2621e-14 0)
(1.5 -1.55857e-13 0)
(1.5 -2.44611e-13 0)
(1.5 -2.41913e-13 0)
(1.5 -1.47342e-13 0)
(1.5 -5.5405e-14 0)
(1.5 1.53425e-13 0)
(1.5 2.90399e-13 0)
(1.5 4.1259e-13 0)
(1.5 5.77659e-13 0)
(1.5 5.15581e-13 0)
(1.5 3.97284e-13 0)
(1.5 2.65198e-13 0)
(1.5 1.95211e-13 0)
(1.5 1.50264e-13 0)
(1.5 1.66793e-13 0)
(1.5 1.28647e-13 0)
(1.5 -3.60292e-14 0)
(1.5 -1.45344e-13 0)
(1.5 -1.56826e-13 0)
(1.5 -3.36564e-14 0)
(1.5 2.90058e-14 0)
(1.5 4.51848e-14 0)
(1.5 -3.39879e-15 0)
(1.5 2.38287e-17 0)
(1.5 2.63833e-14 0)
(1.5 -8.37913e-14 0)
(1.5 -1.10722e-13 0)
(1.5 -3.35003e-14 0)
(1.5 -1.26381e-14 0)
(1.5 -2.4678e-14 0)
(1.5 -1.00051e-13 0)
(1.5 -8.61574e-14 0)
(1.5 -1.28068e-13 0)
(1.5 -1.82648e-13 0)
(1.5 -1.65791e-13 0)
(1.5 -1.32887e-13 0)
(1.5 -1.52897e-13 0)
(1.5 -1.83256e-13 0)
(1.5 -2.53097e-13 0)
(1.5 -2.91128e-13 0)
(1.5 -1.88086e-13 0)
(1.5 -2.50579e-13 0)
(1.5 -2.32294e-13 0)
(1.5 -2.39252e-13 0)
(1.5 -1.93851e-13 0)
(1.5 -2.8136e-13 0)
(1.5 -3.31645e-13 0)
(1.5 -3.28111e-13 0)
(1.5 -2.79865e-13 0)
(1.5 -3.08259e-13 0)
(1.5 -3.44216e-13 0)
(1.5 -2.79876e-13 0)
(1.5 -2.98538e-13 0)
(1.5 -3.1224e-13 0)
(1.5 -2.88078e-13 0)
(1.5 -3.29128e-13 0)
(1.5 -3.56934e-13 0)
(1.5 -3.00235e-13 0)
(1.5 -2.42813e-13 0)
(1.5 -1.40576e-13 0)
(1.5 -1.07885e-13 0)
(1.5 -1.25962e-13 0)
(1.5 -9.23084e-14 0)
(1.5 -7.00093e-14 0)
(1.5 -1.02909e-13 0)
(1.5 -9.63662e-14 0)
(1.5 -1.27635e-13 0)
(1.5 -1.15031e-13 0)
(1.5 -1.2111e-13 0)
(1.5 -1.469e-13 0)
(1.5 -1.78639e-13 0)
(1.5 -2.43089e-13 0)
(1.5 -1.96848e-13 0)
(1.5 -2.07433e-13 0)
(1.5 -1.88198e-13 0)
(1.5 -2.17091e-13 0)
(1.5 -2.34429e-13 0)
(1.5 -1.11174e-13 0)
(1.5 -3.06466e-14 0)
(1.5 -3.63656e-14 0)
(1.5 4.79609e-14 0)
(1.5 7.60408e-14 0)
(1.5 -3.45473e-15 0)
(1.5 -6.02158e-14 0)
(1.5 -7.32259e-14 0)
(1.5 -7.44615e-14 0)
(1.5 -1.03297e-13 0)
(1.5 -1.09824e-13 0)
(1.5 -8.18013e-14 0)
(1.5 -5.18731e-14 0)
(1.5 -5.93468e-14 0)
(1.5 -6.9411e-14 0)
(1.5 -1.02566e-13 0)
(1.5 -1.89615e-13 0)
(1.5 -1.33767e-13 0)
(1.5 -1.68785e-13 0)
(1.5 -1.17444e-13 0)
(1.5 -1.33159e-13 0)
(1.5 -2.4269e-13 0)
(1.5 -3.50092e-13 0)
(1.5 -4.13301e-13 0)
(1.5 -4.31232e-13 0)
(1.5 -3.76071e-13 0)
(1.5 -4.41575e-13 0)
(1.5 -3.5923e-13 0)
(1.5 -2.43895e-13 0)
(1.5 -1.65614e-13 0)
(1.5 -1.92632e-13 0)
(1.5 -1.56289e-13 0)
(1.5 -1.37557e-13 0)
(1.5 -9.95603e-14 0)
(1.5 -5.98135e-14 0)
(1.5 -1.18729e-14 0)
(1.5 -5.83656e-14 0)
(1.5 -9.96038e-14 0)
(1.5 -7.06091e-14 0)
(1.5 -6.86726e-14 0)
(1.5 -3.88521e-14 0)
(1.5 4.8921e-14 0)
(1.5 2.05401e-13 0)
(1.5 1.36906e-13 0)
(1.5 1.05332e-13 0)
(1.5 1.62341e-13 0)
(1.5 2.39381e-13 0)
(1.5 2.05483e-13 0)
(1.5 9.07787e-14 0)
(1.5 8.1598e-14 0)
(1.5 1.69942e-13 0)
(1.5 1.98727e-13 0)
(1.5 1.85178e-13 0)
(1.5 8.22546e-14 0)
(1.5 4.75079e-14 0)
(1.5 -2.43967e-14 0)
(1.5 -5.78826e-14 0)
(1.5 -1.52505e-13 0)
(1.5 -2.6197e-13 0)
(1.5 -2.53992e-13 0)
(1.5 -4.92916e-14 0)
(1.5 6.08595e-14 0)
(1.5 2.65666e-14 0)
(1.5 -1.13325e-14 0)
(1.5 -3.77102e-14 0)
(1.5 1.37159e-13 0)
(1.5 1.86526e-13 0)
(1.5 2.30542e-13 0)
(1.5 2.55722e-13 0)
(1.5 3.34968e-13 0)
(1.5 4.04781e-13 0)
(1.5 4.59909e-13 0)
(1.5 3.61302e-13 0)
(1.5 2.94766e-13 0)
(1.5 1.89948e-13 0)
(1.5 1.10359e-13 0)
(1.5 3.12218e-14 0)
(1.5 -2.60313e-14 0)
(1.5 -5.84451e-14 0)
(1.5 -8.9495e-14 0)
(1.5 -1.09285e-13 0)
(1.5 -1.34915e-13 0)
(1.5 -1.20431e-13 0)
(1.5 -9.47345e-14 0)
(1.5 9.36299e-15 0)
(1.5 1.24486e-13 0)
(1.5 1.60573e-13 0)
(1.5 3.57766e-13 0)
(1.5 4.51651e-13 0)
(1.5 4.77255e-13 0)
(1.5 6.01972e-13 0)
(1.5 7.79094e-13 0)
(1.5 8.21364e-13 0)
(1.5 8.81088e-13 0)
(1.5 7.96361e-13 0)
(1.5 8.44764e-13 0)
(1.5 7.43513e-13 0)
(1.5 6.01062e-13 0)
(1.5 3.78124e-13 0)
(1.5 2.48878e-13 0)
(1.5 2.96462e-13 0)
(1.5 3.01873e-13 0)
(1.5 1.462e-13 0)
(1.5 -3.73756e-14 0)
(1.5 -6.81319e-14 0)
(1.5 -9.05949e-14 0)
(1.5 -1.35791e-13 0)
(1.5 -8.82045e-14 0)
(1.5 -4.48246e-14 0)
(1.5 -1.41821e-13 0)
(1.5 -2.88568e-13 0)
(1.5 -3.89349e-13 0)
(1.5 -4.23833e-13 0)
(1.5 -3.97049e-13 0)
(1.5 -3.3687e-13 0)
(1.5 -3.02244e-13 0)
(1.5 -3.81531e-13 0)
(1.5 -3.50564e-13 0)
(1.5 -3.12792e-13 0)
(1.5 -2.27576e-13 0)
(1.5 -1.40473e-13 0)
(1.5 -8.78147e-14 0)
(1.5 -2.78401e-14 0)
(1.5 -8.63976e-14 0)
(1.5 -1.16418e-13 0)
(1.5 -6.85961e-14 0)
(1.5 -1.06578e-13 0)
(1.5 1.06777e-14 0)
(1.5 2.32936e-13 0)
(1.5 3.31458e-13 0)
(1.5 4.83519e-13 0)
(1.5 6.35033e-13 0)
(1.5 6.03731e-13 0)
(1.5 4.00158e-13 0)
(1.5 2.93557e-13 0)
(1.5 2.2626e-13 0)
(1.5 1.71908e-13 0)
(1.5 6.62769e-14 0)
(1.5 1.3743e-14 0)
(1.5 -1.08374e-13 0)
(1.5 -1.88987e-13 0)
(1.5 -1.68293e-13 0)
(1.5 -6.17997e-14 0)
(1.5 -6.14993e-14 0)
(1.5 -1.02987e-13 0)
(1.5 -5.12053e-14 0)
(1.5 -7.75015e-15 0)
(1.5 1.52393e-13 0)
(1.5 1.51297e-13 0)
(1.5 8.35592e-14 0)
(1.5 6.57181e-14 0)
(1.5 -1.00174e-15 0)
(1.5 -3.28092e-14 0)
(1.5 -1.69186e-14 0)
(1.5 -8.12032e-14 0)
(1.5 -1.63561e-13 0)
(1.5 -2.15974e-13 0)
(1.5 -1.8599e-13 0)
(1.5 -2.06658e-13 0)
(1.5 -1.81205e-13 0)
(1.5 -2.52235e-13 0)
(1.5 -2.92158e-13 0)
(1.5 -2.70005e-13 0)
(1.5 -2.41296e-13 0)
(1.5 -2.65794e-13 0)
(1.5 -2.63703e-13 0)
(1.5 -2.59012e-13 0)
(1.5 -2.23638e-13 0)
(1.5 -3.01117e-13 0)
(1.5 -2.88691e-13 0)
(1.5 -2.26751e-13 0)
(1.5 -1.86741e-13 0)
(1.5 -2.5553e-13 0)
(1.5 -2.82659e-13 0)
(1.5 -2.72308e-13 0)
(1.5 -3.07346e-13 0)
(1.5 -2.90688e-13 0)
(1.5 -1.59112e-13 0)
(1.5 -1.7037e-13 0)
(1.5 -1.95895e-13 0)
(1.5 -1.53967e-13 0)
(1.5 -7.81208e-14 0)
(1.5 -8.44708e-14 0)
(1.5 -1.01701e-13 0)
(1.5 -1.45231e-13 0)
(1.5 -1.71403e-13 0)
(1.5 -1.68461e-13 0)
(1.5 -1.34192e-13 0)
(1.5 -9.42717e-14 0)
(1.5 -1.06217e-13 0)
(1.5 -1.34493e-13 0)
(1.5 -1.79396e-13 0)
(1.5 -1.96992e-13 0)
(1.5 -1.66553e-13 0)
(1.5 -2.42392e-13 0)
(1.5 -2.62301e-13 0)
(1.5 -2.83395e-13 0)
(1.5 -1.89257e-13 0)
(1.5 -2.14837e-13 0)
(1.5 -2.49798e-13 0)
(1.5 -1.82262e-13 0)
(1.5 -9.02335e-14 0)
(1.5 -6.28723e-14 0)
(1.5 6.33744e-15 0)
(1.5 1.15302e-13 0)
(1.5 5.42309e-14 0)
(1.5 -2.941e-15 0)
(1.5 -6.26389e-14 0)
(1.5 -1.15116e-13 0)
(1.5 -1.91459e-13 0)
(1.5 -2.30448e-13 0)
(1.5 -2.3849e-13 0)
(1.5 -2.19658e-13 0)
(1.5 -2.06037e-13 0)
(1.5 -2.40684e-13 0)
(1.5 -1.9701e-13 0)
(1.5 -1.73528e-13 0)
(1.5 -2.0227e-13 0)
(1.5 -2.36545e-13 0)
(1.5 -2.29221e-13 0)
(1.5 -2.81938e-13 0)
(1.5 -3.71715e-13 0)
(1.5 -4.54856e-13 0)
(1.5 -4.5507e-13 0)
(1.5 -4.7692e-13 0)
(1.5 -4.96832e-13 0)
(1.5 -4.66735e-13 0)
(1.5 -3.1345e-13 0)
(1.5 -7.53908e-14 0)
(1.5 -6.87699e-14 0)
(1.5 -1.06044e-13 0)
(1.5 -1.05987e-13 0)
(1.5 -1.41313e-13 0)
(1.5 -4.29279e-14 0)
(1.5 -8.93003e-14 0)
(1.5 -8.82818e-14 0)
(1.5 -1.19422e-13 0)
(1.5 -1.84132e-13 0)
(1.5 -1.21165e-13 0)
(1.5 -1.76562e-13 0)
(1.5 -1.48772e-13 0)
(1.5 2.43845e-14 0)
(1.5 2.19079e-13 0)
(1.5 2.4491e-13 0)
(1.5 2.1018e-13 0)
(1.5 2.2119e-13 0)
(1.5 1.9849e-13 0)
(1.5 1.76692e-13 0)
(1.5 2.08715e-13 0)
(1.5 2.57503e-13 0)
(1.5 3.52435e-13 0)
(1.5 3.301e-13 0)
(1.5 2.14803e-13 0)
(1.5 1.33599e-13 0)
(1.5 8.45449e-14 0)
(1.5 -4.79397e-14 0)
(1.5 -1.16999e-13 0)
(1.5 -1.97775e-13 0)
(1.5 -1.79966e-13 0)
(1.5 -2.06382e-13 0)
(1.5 -6.68054e-14 0)
(1.5 5.54342e-14 0)
(1.5 -1.61735e-14 0)
(1.5 -6.53242e-14 0)
(1.5 -8.27619e-14 0)
(1.5 4.33019e-14 0)
(1.5 2.90432e-16 0)
(1.5 -6.36094e-15 0)
(1.5 9.02411e-14 0)
(1.5 1.96461e-13 0)
(1.5 2.87907e-13 0)
(1.5 3.29872e-13 0)
(1.5 2.48249e-13 0)
(1.5 2.76596e-13 0)
(1.5 2.16228e-13 0)
(1.5 1.16834e-13 0)
(1.5 7.07765e-15 0)
(1.5 -5.46607e-14 0)
(1.5 -2.62578e-14 0)
(1.5 3.92786e-15 0)
(1.5 6.32269e-14 0)
(1.5 9.43523e-15 0)
(1.5 -8.41161e-15 0)
(1.5 3.31155e-14 0)
(1.5 1.68487e-13 0)
(1.5 2.20216e-13 0)
(1.5 3.12765e-13 0)
(1.5 3.28142e-13 0)
(1.5 3.64821e-13 0)
(1.5 4.63153e-13 0)
(1.5 5.04659e-13 0)
(1.5 5.57175e-13 0)
(1.5 6.61682e-13 0)
(1.5 6.73142e-13 0)
(1.5 6.23651e-13 0)
(1.5 6.6619e-13 0)
(1.5 6.40996e-13 0)
(1.5 6.40218e-13 0)
(1.5 5.29866e-13 0)
(1.5 3.35338e-13 0)
(1.5 2.70169e-13 0)
(1.5 2.44254e-13 0)
(1.5 2.07248e-13 0)
(1.5 5.87407e-14 0)
(1.5 4.03719e-14 0)
(1.5 7.75554e-14 0)
(1.5 1.09172e-13 0)
(1.5 5.03963e-14 0)
(1.5 -4.13609e-14 0)
(1.5 -1.36873e-13 0)
(1.5 -2.43669e-13 0)
(1.5 -2.45548e-13 0)
(1.5 -2.40694e-13 0)
(1.5 -2.02135e-13 0)
(1.5 -2.49684e-13 0)
(1.5 -2.08661e-13 0)
(1.5 -1.83232e-13 0)
(1.5 -1.56324e-13 0)
(1.5 -1.45493e-13 0)
(1.5 -1.11722e-13 0)
(1.5 -6.81195e-14 0)
(1.5 -4.70708e-14 0)
(1.5 -2.49115e-14 0)
(1.5 -3.32813e-14 0)
(1.5 4.14183e-14 0)
(1.5 1.52793e-13 0)
(1.5 1.19479e-13 0)
(1.5 1.43354e-13 0)
(1.5 2.09073e-13 0)
(1.5 2.70899e-13 0)
(1.5 3.6673e-13 0)
(1.5 4.09196e-13 0)
(1.5 4.66042e-13 0)
(1.5 3.66192e-13 0)
(1.5 3.67471e-13 0)
(1.5 3.099e-13 0)
(1.5 1.28397e-13 0)
(1.5 -7.93208e-14 0)
(1.5 -1.62874e-13 0)
(1.5 -7.75122e-14 0)
(1.5 -1.17655e-13 0)
(1.5 -1.17559e-13 0)
(1.5 -6.67851e-14 0)
(1.5 -9.77113e-14 0)
(1.5 -9.62747e-14 0)
(1.5 5.46824e-14 0)
(1.5 1.36068e-13 0)
(1.5 2.74418e-13 0)
(1.5 3.60917e-13 0)
(1.5 3.47997e-13 0)
(1.5 3.19604e-13 0)
(1.5 2.07756e-13 0)
(1.5 1.03295e-13 0)
(1.5 9.36735e-14 0)
(1.5 1.14663e-14 0)
(1.5 -2.01443e-14 0)
(1.5 -1.27321e-13 0)
(1.5 -2.5604e-13 0)
(1.5 -2.92322e-13 0)
(1.5 -2.44278e-13 0)
(1.5 -2.9021e-13 0)
(1.5 -3.66128e-13 0)
(1.5 -3.60911e-13 0)
(1.5 -3.32678e-13 0)
(1.5 -2.89443e-13 0)
(1.5 -2.42474e-13 0)
(1.5 -2.51436e-13 0)
(1.5 -2.70077e-13 0)
(1.5 -2.82916e-13 0)
(1.5 -2.99723e-13 0)
(1.5 -2.95866e-13 0)
(1.5 -2.61927e-13 0)
(1.5 -2.40854e-13 0)
(1.5 -2.5238e-13 0)
(1.5 -2.85456e-13 0)
(1.5 -2.30601e-13 0)
(1.5 -2.01838e-13 0)
(1.5 -8.11221e-14 0)
(1.5 -5.44722e-14 0)
(1.5 -5.95986e-14 0)
(1.5 -2.77602e-14 0)
(1.5 -4.9947e-15 0)
(1.5 -1.26119e-13 0)
(1.5 -1.86523e-13 0)
(1.5 -1.93287e-13 0)
(1.5 -1.84286e-13 0)
(1.5 -1.13509e-13 0)
(1.5 -5.44304e-14 0)
(1.5 -4.93074e-14 0)
(1.5 -8.38151e-14 0)
(1.5 -1.13823e-13 0)
(1.5 -1.93959e-13 0)
(1.5 -2.05774e-13 0)
(1.5 -1.88392e-13 0)
(1.5 -2.20148e-13 0)
(1.5 -3.21107e-13 0)
(1.5 -3.71058e-13 0)
(1.5 -3.24355e-13 0)
(1.5 -3.15565e-13 0)
(1.5 -3.0845e-13 0)
(1.5 -2.91795e-13 0)
(1.5 -1.5511e-13 0)
(1.5 -1.12415e-13 0)
(1.5 -7.3046e-14 0)
(1.5 3.51882e-15 0)
(1.5 1.68021e-15 0)
(1.5 3.85821e-15 0)
(1.5 -1.27485e-13 0)
(1.5 -1.50758e-13 0)
(1.5 -1.24003e-13 0)
(1.5 -1.61489e-13 0)
(1.5 -2.35785e-13 0)
(1.5 -2.38077e-13 0)
(1.5 -1.57073e-13 0)
(1.5 -1.36034e-13 0)
(1.5 -8.0498e-14 0)
(1.5 -6.56295e-14 0)
(1.5 -1.38496e-13 0)
(1.5 -1.7184e-13 0)
(1.5 -2.44196e-13 0)
(1.5 -3.78004e-13 0)
(1.5 -4.65684e-13 0)
(1.5 -4.88929e-13 0)
(1.5 -4.70006e-13 0)
(1.5 -4.21246e-13 0)
(1.5 -4.64078e-13 0)
(1.5 -4.32815e-13 0)
(1.5 -2.97733e-13 0)
(1.5 -1.69547e-13 0)
(1.5 -1.8927e-13 0)
(1.5 -2.27497e-13 0)
(1.5 -2.67003e-13 0)
(1.5 -2.20392e-13 0)
(1.5 -1.31817e-13 0)
(1.5 -1.80166e-13 0)
(1.5 -1.89729e-13 0)
(1.5 -2.18207e-13 0)
(1.5 -1.75874e-13 0)
(1.5 -1.27673e-13 0)
(1.5 -1.9604e-13 0)
(1.5 -1.66176e-13 0)
(1.5 -2.45893e-14 0)
(1.5 7.37463e-14 0)
(1.5 1.56423e-13 0)
(1.5 2.43287e-13 0)
(1.5 2.82984e-13 0)
(1.5 1.60621e-13 0)
(1.5 1.26931e-13 0)
(1.5 2.08938e-13 0)
(1.5 2.53262e-13 0)
(1.5 3.22627e-13 0)
(1.5 1.98596e-13 0)
(1.5 1.41313e-13 0)
(1.5 8.34199e-14 0)
(1.5 -5.6597e-15 0)
(1.5 -7.62794e-14 0)
(1.5 -1.86212e-13 0)
(1.5 -2.53678e-13 0)
(1.5 -1.73259e-13 0)
(1.5 -1.207e-13 0)
(1.5 -8.33121e-14 0)
(1.5 5.31149e-15 0)
(1.5 4.21778e-14 0)
(1.5 -2.72629e-14 0)
(1.5 -6.33256e-14 0)
(1.5 -7.57557e-14 0)
(1.5 -1.17793e-13 0)
(1.5 -1.87866e-13 0)
(1.5 -1.09231e-13 0)
(1.5 1.84172e-14 0)
(1.5 8.5113e-14 0)
(1.5 6.04481e-14 0)
(1.5 1.18443e-13 0)
(1.5 2.03157e-13 0)
(1.5 2.13693e-13 0)
(1.5 1.60422e-13 0)
(1.5 4.72511e-14 0)
(1.5 -8.17676e-14 0)
(1.5 -1.80762e-14 0)
(1.5 5.47725e-14 0)
(1.5 1.25135e-13 0)
(1.5 1.6706e-13 0)
(1.5 1.9145e-13 0)
(1.5 2.47651e-13 0)
(1.5 2.88777e-13 0)
(1.5 3.18462e-13 0)
(1.5 3.82222e-13 0)
(1.5 2.97572e-13 0)
(1.5 2.93345e-13 0)
(1.5 3.77451e-13 0)
(1.5 4.29915e-13 0)
(1.5 3.88091e-13 0)
(1.5 5.11213e-13 0)
(1.5 5.31324e-13 0)
(1.5 4.67045e-13 0)
(1.5 4.58601e-13 0)
(1.5 5.09408e-13 0)
(1.5 4.58289e-13 0)
(1.5 5.14677e-13 0)
(1.5 4.4706e-13 0)
(1.5 2.99763e-13 0)
(1.5 2.1388e-13 0)
(1.5 1.59266e-13 0)
(1.5 1.74764e-13 0)
(1.5 1.63074e-13 0)
(1.5 1.99013e-13 0)
(1.5 2.57144e-13 0)
(1.5 6.52391e-14 0)
(1.5 -1.50305e-13 0)
(1.5 -2.44574e-13 0)
(1.5 -2.63405e-13 0)
(1.5 -2.34972e-13 0)
(1.5 -1.47475e-13 0)
(1.5 -1.12748e-13 0)
(1.5 -1.80332e-13 0)
(1.5 -9.2696e-14 0)
(1.5 -2.84541e-14 0)
(1.5 -6.6726e-14 0)
(1.5 -6.93389e-14 0)
(1.5 -6.5026e-14 0)
(1.5 -5.89972e-14 0)
(1.5 -5.68547e-14 0)
(1.5 -1.25599e-13 0)
(1.5 -9.71879e-14 0)
(1.5 7.65885e-14 0)
(1.5 2.0242e-13 0)
(1.5 2.44698e-13 0)
(1.5 2.55602e-13 0)
(1.5 2.19468e-13 0)
(1.5 2.07803e-13 0)
(1.5 2.7802e-13 0)
(1.5 3.66819e-13 0)
(1.5 4.41391e-13 0)
(1.5 4.92848e-13 0)
(1.5 5.0421e-13 0)
(1.5 4.3072e-13 0)
(1.5 3.01826e-13 0)
(1.5 4.98761e-14 0)
(1.5 -1.30891e-13 0)
(1.5 -7.77765e-14 0)
(1.5 -1.6613e-13 0)
(1.5 -2.48827e-13 0)
(1.5 -2.90541e-13 0)
(1.5 -2.85613e-13 0)
(1.5 -2.18358e-13 0)
(1.5 5.87833e-14 0)
(1.5 1.9253e-13 0)
(1.5 2.60566e-13 0)
(1.5 2.98014e-13 0)
(1.5 3.24854e-13 0)
(1.5 3.61516e-13 0)
(1.5 3.08052e-13 0)
(1.5 2.30686e-13 0)
(1.5 1.48443e-13 0)
(1.5 1.00428e-13 0)
(1.5 4.58832e-14 0)
(1.5 -7.26537e-14 0)
(1.5 -2.50807e-13 0)
(1.5 -2.71208e-13 0)
(1.5 -3.08035e-13 0)
(1.5 -2.69499e-13 0)
(1.5 -3.98439e-13 0)
(1.5 -4.05411e-13 0)
(1.5 -3.11656e-13 0)
(1.5 -2.30124e-13 0)
(1.5 -1.85789e-13 0)
(1.5 -2.28579e-13 0)
(1.5 -2.60062e-13 0)
(1.5 -2.27112e-13 0)
(1.5 -2.70773e-13 0)
(1.5 -2.91088e-13 0)
(1.5 -3.3674e-13 0)
(1.5 -2.7384e-13 0)
(1.5 -2.27776e-13 0)
(1.5 -2.0246e-13 0)
(1.5 -1.15817e-13 0)
(1.5 -4.5188e-14 0)
(1.5 -2.13249e-15 0)
(1.5 2.21622e-14 0)
(1.5 3.90441e-14 0)
(1.5 1.34102e-14 0)
(1.5 -3.47898e-14 0)
(1.5 -1.54547e-13 0)
(1.5 -2.33588e-13 0)
(1.5 -1.89076e-13 0)
(1.5 -1.44544e-13 0)
(1.5 -5.91163e-14 0)
(1.5 -1.9218e-14 0)
(1.5 -3.25609e-14 0)
(1.5 -7.02296e-14 0)
(1.5 -8.86773e-14 0)
(1.5 -1.63374e-13 0)
(1.5 -1.51214e-13 0)
(1.5 -1.70295e-13 0)
(1.5 -2.10717e-13 0)
(1.5 -2.80342e-13 0)
(1.5 -3.16382e-13 0)
(1.5 -3.55973e-13 0)
(1.5 -3.46775e-13 0)
(1.5 -2.87874e-13 0)
(1.5 -2.6682e-13 0)
(1.5 -9.63466e-14 0)
(1.5 -5.85976e-14 0)
(1.5 -4.57201e-14 0)
(1.5 -9.80063e-15 0)
(1.5 -5.80162e-14 0)
(1.5 -4.84009e-14 0)
(1.5 -1.65517e-13 0)
(1.5 -1.49839e-13 0)
(1.5 -4.52765e-14 0)
(1.5 -4.04957e-14 0)
(1.5 -2.47561e-13 0)
(1.5 -1.9168e-13 0)
(1.5 -6.12962e-14 0)
(1.5 3.16317e-14 0)
(1.5 7.82385e-14 0)
(1.5 2.0008e-14 0)
(1.5 -6.85962e-14 0)
(1.5 -1.35528e-13 0)
(1.5 -2.69099e-13 0)
(1.5 -3.39343e-13 0)
(1.5 -4.71087e-13 0)
(1.5 -5.10713e-13 0)
(1.5 -4.69234e-13 0)
(1.5 -3.78469e-13 0)
(1.5 -3.7477e-13 0)
(1.5 -3.63941e-13 0)
(1.5 -3.3843e-13 0)
(1.5 -3.62787e-13 0)
(1.5 -4.22439e-13 0)
(1.5 -3.91491e-13 0)
(1.5 -3.42995e-13 0)
(1.5 -2.80775e-13 0)
(1.5 -2.62957e-13 0)
(1.5 -2.70157e-13 0)
(1.5 -2.52296e-13 0)
(1.5 -2.59561e-13 0)
(1.5 -1.33781e-13 0)
(1.5 -1.12555e-13 0)
(1.5 -1.84423e-13 0)
(1.5 -1.01755e-13 0)
(1.5 -6.75575e-14 0)
(1.5 -5.54441e-14 0)
(1.5 1.09894e-13 0)
(1.5 2.86682e-13 0)
(1.5 3.50479e-13 0)
(1.5 1.7949e-13 0)
(1.5 6.92019e-14 0)
(1.5 1.37303e-13 0)
(1.5 1.84918e-13 0)
(1.5 2.30403e-13 0)
(1.5 7.35898e-14 0)
(1.5 7.35488e-14 0)
(1.5 6.88633e-14 0)
(1.5 -7.04109e-14 0)
(1.5 -1.32263e-13 0)
(1.5 -1.87817e-13 0)
(1.5 -1.97574e-13 0)
(1.5 -1.22549e-13 0)
(1.5 -1.6513e-14 0)
(1.5 -5.73855e-14 0)
(1.5 -4.98435e-14 0)
(1.5 1.08483e-13 0)
(1.5 1.53972e-13 0)
(1.5 1.97378e-13 0)
(1.5 1.03034e-13 0)
(1.5 -1.52701e-14 0)
(1.5 -1.55773e-13 0)
(1.5 -1.85409e-13 0)
(1.5 -1.5327e-13 0)
(1.5 -1.58396e-13 0)
(1.5 -8.26716e-14 0)
(1.5 1.2418e-13 0)
(1.5 2.08364e-13 0)
(1.5 2.30575e-13 0)
(1.5 2.17914e-13 0)
(1.5 1.50246e-13 0)
(1.5 5.04258e-14 0)
(1.5 -5.1145e-15 0)
(1.5 -9.8983e-15 0)
(1.5 1.25729e-14 0)
(1.5 1.4211e-13 0)
(1.5 1.90002e-13 0)
(1.5 2.79732e-13 0)
(1.5 2.55013e-13 0)
(1.5 2.6067e-13 0)
(1.5 3.19907e-13 0)
(1.5 2.79005e-13 0)
(1.5 3.13342e-13 0)
(1.5 3.14131e-13 0)
(1.5 3.36985e-13 0)
(1.5 2.50453e-13 0)
(1.5 2.43864e-13 0)
(1.5 3.94382e-13 0)
(1.5 3.79665e-13 0)
(1.5 3.98273e-13 0)
(1.5 4.01697e-13 0)
(1.5 3.05478e-13 0)
(1.5 4.08775e-13 0)
(1.5 3.89714e-13 0)
(1.5 2.7643e-13 0)
(1.5 1.24176e-13 0)
(1.5 6.95223e-14 0)
(1.5 1.44213e-13 0)
(1.5 1.2941e-13 0)
(1.5 1.01845e-13 0)
(1.5 1.30266e-13 0)
(1.5 6.02304e-14 0)
(1.5 -6.73123e-14 0)
(1.5 -1.70205e-13 0)
(1.5 -1.75078e-13 0)
(1.5 -1.36727e-13 0)
(1.5 -4.89936e-14 0)
(1.5 -8.38233e-14 0)
(1.5 -5.40782e-14 0)
(1.5 -4.06587e-14 0)
(1.5 6.45393e-16 0)
(1.5 -3.05282e-14 0)
(1.5 -2.75331e-14 0)
(1.5 -3.42317e-14 0)
(1.5 -2.68235e-14 0)
(1.5 -8.66755e-14 0)
(1.5 -1.77887e-13 0)
(1.5 -1.3538e-13 0)
(1.5 5.31638e-14 0)
(1.5 1.76816e-13 0)
(1.5 2.65137e-13 0)
(1.5 2.99438e-13 0)
(1.5 2.9005e-13 0)
(1.5 2.45591e-13 0)
(1.5 3.30253e-13 0)
(1.5 4.62777e-13 0)
(1.5 5.0051e-13 0)
(1.5 5.8913e-13 0)
(1.5 5.1967e-13 0)
(1.5 4.05933e-13 0)
(1.5 2.93101e-13 0)
(1.5 1.27711e-13 0)
(1.5 -5.19044e-14 0)
(1.5 -8.65821e-14 0)
(1.5 -9.97911e-14 0)
(1.5 -1.95732e-13 0)
(1.5 -2.97339e-13 0)
(1.5 -3.11004e-13 0)
(1.5 -2.45426e-13 0)
(1.5 -6.47533e-14 0)
(1.5 8.09186e-14 0)
(1.5 2.0054e-13 0)
(1.5 2.14354e-13 0)
(1.5 2.03118e-13 0)
(1.5 1.79239e-13 0)
(1.5 1.95334e-13 0)
(1.5 1.67548e-13 0)
(1.5 8.16233e-14 0)
(1.5 5.0649e-14 0)
(1.5 -3.41724e-14 0)
(1.5 -1.07209e-13 0)
(1.5 -1.39175e-13 0)
(1.5 -2.32536e-13 0)
(1.5 -2.74861e-13 0)
(1.5 -2.95413e-13 0)
(1.5 -4.09384e-13 0)
(1.5 -4.23458e-13 0)
(1.5 -3.46833e-13 0)
(1.5 -2.74915e-13 0)
(1.5 -2.37925e-13 0)
(1.5 -2.41815e-13 0)
(1.5 -2.88917e-13 0)
(1.5 -2.46772e-13 0)
(1.5 -2.43605e-13 0)
(1.5 -1.86574e-13 0)
(1.5 -2.73902e-13 0)
(1.5 -2.78855e-13 0)
(1.5 -2.75955e-13 0)
(1.5 -2.03029e-13 0)
(1.5 -1.09347e-13 0)
(1.5 -1.14795e-14 0)
(1.5 6.99536e-14 0)
(1.5 6.21134e-14 0)
(1.5 4.30515e-14 0)
(1.5 7.24382e-15 0)
(1.5 -2.66181e-14 0)
(1.5 -7.99544e-14 0)
(1.5 -1.59824e-13 0)
(1.5 -1.31132e-13 0)
(1.5 -1.35653e-13 0)
(1.5 -6.15889e-14 0)
(1.5 -1.58471e-14 0)
(1.5 1.38219e-14 0)
(1.5 1.79321e-14 0)
(1.5 -5.50881e-14 0)
(1.5 -8.60832e-14 0)
(1.5 -1.0113e-13 0)
(1.5 -1.42775e-13 0)
(1.5 -1.5401e-13 0)
(1.5 -1.39068e-13 0)
(1.5 -2.57363e-13 0)
(1.5 -2.90606e-13 0)
(1.5 -2.52094e-13 0)
(1.5 -2.41429e-13 0)
(1.5 -1.9593e-13 0)
(1.5 -4.44486e-14 0)
(1.5 6.60276e-15 0)
(1.5 5.06299e-14 0)
(1.5 1.09821e-13 0)
(1.5 6.02305e-14 0)
(1.5 4.86744e-16 0)
(1.5 -6.9474e-14 0)
(1.5 -6.36871e-14 0)
(1.5 -7.48555e-14 0)
(1.5 -1.15983e-13 0)
(1.5 -2.43711e-13 0)
(1.5 -2.38734e-13 0)
(1.5 -1.94298e-13 0)
(1.5 -1.28574e-13 0)
(1.5 -7.68343e-14 0)
(1.5 -5.09165e-14 0)
(1.5 -1.26915e-13 0)
(1.5 -2.59686e-13 0)
(1.5 -4.25634e-13 0)
(1.5 -4.80373e-13 0)
(1.5 -5.29671e-13 0)
(1.5 -5.52508e-13 0)
(1.5 -4.6565e-13 0)
(1.5 -4.04895e-13 0)
(1.5 -3.37304e-13 0)
(1.5 -2.34276e-13 0)
(1.5 -3.27405e-13 0)
(1.5 -4.48436e-13 0)
(1.5 -5.21091e-13 0)
(1.5 -4.468e-13 0)
(1.5 -4.0131e-13 0)
(1.5 -3.79992e-13 0)
(1.5 -3.91038e-13 0)
(1.5 -3.05837e-13 0)
(1.5 -1.78712e-13 0)
(1.5 -1.02535e-13 0)
(1.5 -2.55369e-14 0)
(1.5 2.96719e-14 0)
(1.5 7.22013e-14 0)
(1.5 1.50536e-13 0)
(1.5 1.29899e-13 0)
(1.5 1.33135e-13 0)
(1.5 2.56436e-13 0)
(1.5 3.00723e-13 0)
(1.5 3.03988e-13 0)
(1.5 1.82984e-13 0)
(1.5 1.03115e-13 0)
(1.5 1.34946e-13 0)
(1.5 2.03144e-13 0)
(1.5 2.5232e-13 0)
(1.5 1.4907e-13 0)
(1.5 9.38478e-14 0)
(1.5 5.57572e-14 0)
(1.5 -4.66668e-14 0)
(1.5 -1.16169e-13 0)
(1.5 -1.97344e-13 0)
(1.5 -1.31162e-13 0)
(1.5 -4.88457e-14 0)
(1.5 7.68208e-15 0)
(1.5 -2.55933e-14 0)
(1.5 -3.15735e-14 0)
(1.5 1.20173e-13 0)
(1.5 3.42239e-13 0)
(1.5 4.0687e-13 0)
(1.5 3.4119e-13 0)
(1.5 2.59101e-13 0)
(1.5 9.00398e-14 0)
(1.5 -8.10717e-14 0)
(1.5 -2.31708e-13 0)
(1.5 -2.3183e-13 0)
(1.5 -8.29189e-14 0)
(1.5 6.59215e-14 0)
(1.5 9.46025e-14 0)
(1.5 1.20017e-13 0)
(1.5 1.5871e-13 0)
(1.5 1.63177e-13 0)
(1.5 9.6652e-14 0)
(1.5 -5.82262e-14 0)
(1.5 -1.10686e-13 0)
(1.5 -8.90239e-14 0)
(1.5 1.0906e-14 0)
(1.5 8.552e-15 0)
(1.5 6.74557e-14 0)
(1.5 4.94169e-14 0)
(1.5 6.79146e-14 0)
(1.5 1.8975e-13 0)
(1.5 2.26914e-13 0)
(1.5 2.51946e-13 0)
(1.5 1.65891e-13 0)
(1.5 1.03535e-13 0)
(1.5 5.30084e-14 0)
(1.5 -1.05981e-14 0)
(1.5 1.18293e-13 0)
(1.5 1.96467e-13 0)
(1.5 2.10044e-13 0)
(1.5 1.56442e-13 0)
(1.5 1.19049e-13 0)
(1.5 1.05786e-13 0)
(1.5 2.37701e-14 0)
(1.5 -6.54241e-15 0)
(1.5 -2.29543e-14 0)
(1.5 2.13595e-14 0)
(1.5 5.70315e-14 0)
(1.5 5.75531e-14 0)
(1.5 -4.71332e-14 0)
(1.5 -1.33367e-13 0)
(1.5 -1.33726e-13 0)
(1.5 -2.30529e-13 0)
(1.5 -2.86361e-13 0)
(1.5 -2.23811e-13 0)
(1.5 -1.44134e-13 0)
(1.5 -1.36149e-13 0)
(1.5 -1.6065e-13 0)
(1.5 -1.07758e-13 0)
(1.5 -1.43548e-13 0)
(1.5 -8.66736e-14 0)
(1.5 -7.59564e-14 0)
(1.5 -4.45581e-14 0)
(1.5 -5.45844e-14 0)
(1.5 -5.63926e-14 0)
(1.5 -1.63499e-13 0)
(1.5 -2.4788e-13 0)
(1.5 -1.68976e-13 0)
(1.5 1.56685e-14 0)
(1.5 1.41886e-13 0)
(1.5 2.42923e-13 0)
(1.5 2.06208e-13 0)
(1.5 1.72495e-13 0)
(1.5 2.51599e-13 0)
(1.5 3.83094e-13 0)
(1.5 4.4069e-13 0)
(1.5 3.88427e-13 0)
(1.5 3.7162e-13 0)
(1.5 2.42218e-13 0)
(1.5 9.50366e-14 0)
(1.5 -6.90516e-14 0)
(1.5 -1.12328e-13 0)
(1.5 -2.05707e-13 0)
(1.5 2.59077e-14 0)
(1.5 2.40713e-14 0)
(1.5 -3.59962e-15 0)
(1.5 -1.17786e-13 0)
(1.5 -1.69942e-13 0)
(1.5 -1.00674e-13 0)
(1.5 -6.65843e-14 0)
(1.5 -3.84005e-15 0)
(1.5 1.85067e-13 0)
(1.5 3.35619e-13 0)
(1.5 2.39534e-13 0)
(1.5 1.3e-13 0)
(1.5 9.66315e-14 0)
(1.5 6.96177e-14 0)
(1.5 2.35039e-14 0)
(1.5 2.04997e-14 0)
(1.5 -4.20602e-14 0)
(1.5 -5.0875e-14 0)
(1.5 -5.60136e-14 0)
(1.5 -1.83424e-13 0)
(1.5 -2.25635e-13 0)
(1.5 -3.491e-13 0)
(1.5 -3.53779e-13 0)
(1.5 -4.28675e-13 0)
(1.5 -4.42119e-13 0)
(1.5 -4.11425e-13 0)
(1.5 -4.09319e-13 0)
(1.5 -3.10967e-13 0)
(1.5 -3.61549e-13 0)
(1.5 -3.41138e-13 0)
(1.5 -2.47714e-13 0)
(1.5 -1.30828e-13 0)
(1.5 -1.49944e-13 0)
(1.5 -1.87811e-13 0)
(1.5 -2.33704e-13 0)
(1.5 -2.27306e-13 0)
(1.5 -1.23432e-13 0)
(1.5 -8.07978e-14 0)
(1.5 -1.3424e-15 0)
(1.5 3.70197e-15 0)
(1.5 -1.25178e-14 0)
(1.5 4.05357e-14 0)
(1.5 -8.54844e-15 0)
(1.5 -1.81481e-14 0)
(1.5 -9.22633e-14 0)
(1.5 -4.03066e-14 0)
(1.5 -7.63863e-14 0)
(1.5 -8.55009e-14 0)
(1.5 -3.12679e-15 0)
(1.5 -1.34071e-14 0)
(1.5 -8.50448e-14 0)
(1.5 -8.97703e-14 0)
(1.5 -1.17847e-13 0)
(1.5 -2.12671e-13 0)
(1.5 -2.18172e-13 0)
(1.5 -2.01381e-13 0)
(1.5 -2.00001e-13 0)
(1.5 -2.75174e-13 0)
(1.5 -2.17452e-13 0)
(1.5 -1.08052e-13 0)
(1.5 -1.54657e-13 0)
(1.5 -1.00392e-13 0)
(1.5 -5.9814e-14 0)
(1.5 1.06576e-14 0)
(1.5 1.07765e-13 0)
(1.5 1.22003e-13 0)
(1.5 1.2122e-13 0)
(1.5 6.46354e-14 0)
(1.5 1.45163e-14 0)
(1.5 -1.32863e-14 0)
(1.5 -1.4229e-13 0)
(1.5 -2.88874e-13 0)
(1.5 -2.08923e-13 0)
(1.5 -2.69789e-13 0)
(1.5 -3.0344e-13 0)
(1.5 -2.91356e-13 0)
(1.5 -3.06718e-13 0)
(1.5 -2.51467e-13 0)
(1.5 -3.29987e-13 0)
(1.5 -4.55939e-13 0)
(1.5 -5.53003e-13 0)
(1.5 -6.23096e-13 0)
(1.5 -5.93804e-13 0)
(1.5 -5.3462e-13 0)
(1.5 -4.15756e-13 0)
(1.5 -3.64888e-13 0)
(1.5 -2.96172e-13 0)
(1.5 -2.30672e-13 0)
(1.5 -3.32851e-13 0)
(1.5 -4.42334e-13 0)
(1.5 -4.53223e-13 0)
(1.5 -4.3169e-13 0)
(1.5 -4.14262e-13 0)
(1.5 -3.84179e-13 0)
(1.5 -3.40322e-13 0)
(1.5 -2.31308e-13 0)
(1.5 -4.51352e-14 0)
(1.5 1.35076e-13 0)
(1.5 1.67947e-13 0)
(1.5 1.92401e-13 0)
(1.5 3.09021e-13 0)
(1.5 3.19015e-13 0)
(1.5 3.38147e-13 0)
(1.5 3.33812e-13 0)
(1.5 3.04563e-13 0)
(1.5 2.16095e-13 0)
(1.5 1.49592e-13 0)
(1.5 1.23925e-13 0)
(1.5 1.64507e-13 0)
(1.5 1.48358e-13 0)
(1.5 1.04932e-13 0)
(1.5 1.11619e-13 0)
(1.5 1.63617e-13 0)
(1.5 1.43967e-13 0)
(1.5 1.26701e-14 0)
(1.5 -4.23734e-14 0)
(1.5 4.64875e-14 0)
(1.5 4.54221e-14 0)
(1.5 2.61587e-14 0)
(1.5 3.70177e-15 0)
(1.5 -1.10873e-15 0)
(1.5 3.37408e-14 0)
(1.5 1.50197e-13 0)
(1.5 2.42842e-13 0)
(1.5 3.44374e-13 0)
(1.5 3.00738e-13 0)
(1.5 3.07663e-13 0)
(1.5 3.17072e-13 0)
(1.5 2.00834e-13 0)
(1.5 1.01034e-14 0)
(1.5 -1.57315e-13 0)
(1.5 -2.07104e-13 0)
(1.5 -1.97685e-13 0)
(1.5 -1.56636e-13 0)
(1.5 -1.24328e-13 0)
(1.5 -1.00582e-13 0)
(1.5 -1.83346e-14 0)
(1.5 -1.08705e-14 0)
(1.5 -4.53602e-14 0)
(1.5 -1.01612e-13 0)
(1.5 -1.11014e-13 0)
(1.5 -6.05389e-14 0)
(1.5 -9.95328e-14 0)
(1.5 -1.46629e-13 0)
(1.5 -1.31505e-13 0)
(1.5 -7.42761e-14 0)
(1.5 3.18777e-14 0)
(1.5 1.20286e-13 0)
(1.5 1.72908e-13 0)
(1.5 1.56093e-13 0)
(1.5 3.63079e-14 0)
(1.5 -2.20806e-14 0)
(1.5 -6.5302e-14 0)
(1.5 -8.19239e-14 0)
(1.5 -5.12128e-14 0)
(1.5 2.78925e-14 0)
(1.5 1.47764e-14 0)
(1.5 -8.55846e-14 0)
(1.5 -1.43217e-13 0)
(1.5 -1.83805e-13 0)
(1.5 -1.4082e-13 0)
(1.5 -9.98456e-14 0)
(1.5 -3.03044e-14 0)
(1.5 -2.24327e-14 0)
(1.5 -1.385e-14 0)
(1.5 -1.57819e-14 0)
(1.5 -9.18948e-14 0)
(1.5 -2.66785e-13 0)
(1.5 -3.72805e-13 0)
(1.5 -4.6828e-13 0)
(1.5 -4.39613e-13 0)
(1.5 -3.49062e-13 0)
(1.5 -1.94906e-13 0)
(1.5 -1.63005e-13 0)
(1.5 -1.42186e-13 0)
(1.5 -1.23456e-13 0)
(1.5 -1.57042e-13 0)
(1.5 -1.73189e-13 0)
(1.5 -2.31497e-13 0)
(1.5 -1.82228e-13 0)
(1.5 -1.73883e-13 0)
(1.5 -1.68317e-13 0)
(1.5 -2.20417e-13 0)
(1.5 -2.9066e-13 0)
(1.5 -2.27481e-13 0)
(1.5 -1.62262e-13 0)
(1.5 -1.85003e-14 0)
(1.5 6.36306e-14 0)
(1.5 7.9283e-14 0)
(1.5 1.4425e-13 0)
(1.5 3.01969e-13 0)
(1.5 4.10894e-13 0)
(1.5 4.03791e-13 0)
(1.5 3.52929e-13 0)
(1.5 2.35184e-13 0)
(1.5 6.62934e-14 0)
(1.5 -7.54741e-14 0)
(1.5 -2.12095e-13 0)
(1.5 -3.10858e-13 0)
(1.5 -3.7239e-13 0)
(1.5 4.38336e-14 0)
(1.5 2.47729e-14 0)
(1.5 8.01991e-14 0)
(1.5 -4.45703e-14 0)
(1.5 -9.84132e-14 0)
(1.5 7.14497e-15 0)
(1.5 5.065e-14 0)
(1.5 8.92084e-14 0)
(1.5 2.6189e-13 0)
(1.5 4.49054e-13 0)
(1.5 3.79942e-13 0)
(1.5 2.29274e-13 0)
(1.5 7.46562e-14 0)
(1.5 5.88304e-14 0)
(1.5 8.0367e-14 0)
(1.5 7.16205e-14 0)
(1.5 -6.89307e-15 0)
(1.5 -2.98323e-14 0)
(1.5 -8.22724e-14 0)
(1.5 -1.09891e-13 0)
(1.5 -1.91543e-13 0)
(1.5 -2.86272e-13 0)
(1.5 -2.70138e-13 0)
(1.5 -3.14683e-13 0)
(1.5 -3.75059e-13 0)
(1.5 -3.81455e-13 0)
(1.5 -3.90717e-13 0)
(1.5 -2.38473e-13 0)
(1.5 -2.17515e-13 0)
(1.5 -2.3859e-13 0)
(1.5 -1.28515e-13 0)
(1.5 -3.91723e-14 0)
(1.5 -6.76487e-14 0)
(1.5 -8.74938e-14 0)
(1.5 -1.08689e-13 0)
(1.5 -9.58017e-14 0)
(1.5 -5.03356e-14 0)
(1.5 -6.8361e-14 0)
(1.5 -3.43353e-14 0)
(1.5 -3.09009e-14 0)
(1.5 4.43197e-14 0)
(1.5 1.19175e-13 0)
(1.5 2.15158e-14 0)
(1.5 2.93857e-14 0)
(1.5 -5.1613e-15 0)
(1.5 2.70039e-15 0)
(1.5 2.32772e-14 0)
(1.5 -4.80208e-15 0)
(1.5 4.58068e-15 0)
(1.5 -2.83536e-14 0)
(1.5 -1.37972e-13 0)
(1.5 -1.24058e-13 0)
(1.5 -2.39335e-13 0)
(1.5 -3.35761e-13 0)
(1.5 -2.31097e-13 0)
(1.5 -2.5202e-13 0)
(1.5 -2.10689e-13 0)
(1.5 -1.53662e-13 0)
(1.5 -2.07323e-14 0)
(1.5 1.33645e-14 0)
(1.5 3.76692e-14 0)
(1.5 1.15883e-13 0)
(1.5 4.38285e-14 0)
(1.5 7.95508e-14 0)
(1.5 1.1626e-13 0)
(1.5 1.02871e-13 0)
(1.5 1.61758e-13 0)
(1.5 1.36682e-13 0)
(1.5 1.02523e-13 0)
(1.5 -2.77684e-14 0)
(1.5 -1.6017e-13 0)
(1.5 -2.85904e-13 0)
(1.5 -1.79191e-13 0)
(1.5 -2.37349e-13 0)
(1.5 -2.76264e-13 0)
(1.5 -3.11406e-13 0)
(1.5 -3.53915e-13 0)
(1.5 -4.01072e-13 0)
(1.5 -4.92174e-13 0)
(1.5 -5.39793e-13 0)
(1.5 -5.85116e-13 0)
(1.5 -6.39607e-13 0)
(1.5 -5.71054e-13 0)
(1.5 -4.63735e-13 0)
(1.5 -3.45186e-13 0)
(1.5 -2.8329e-13 0)
(1.5 -2.91194e-13 0)
(1.5 -3.2913e-13 0)
(1.5 -3.36335e-13 0)
(1.5 -3.55054e-13 0)
(1.5 -3.24259e-13 0)
(1.5 -2.8581e-13 0)
(1.5 -2.30228e-13 0)
(1.5 -1.80383e-13 0)
(1.5 -1.25161e-13 0)
(1.5 -1.02068e-13 0)
(1.5 2.70512e-14 0)
(1.5 2.34004e-13 0)
(1.5 2.50208e-13 0)
(1.5 2.41253e-13 0)
(1.5 3.86329e-13 0)
(1.5 4.07904e-13 0)
(1.5 4.30639e-13 0)
(1.5 3.82581e-13 0)
(1.5 3.06432e-13 0)
(1.5 2.60362e-13 0)
(1.5 2.51091e-13 0)
(1.5 3.08107e-13 0)
(1.5 3.99873e-13 0)
(1.5 3.7396e-13 0)
(1.5 1.6875e-13 0)
(1.5 2.95043e-14 0)
(1.5 1.10066e-13 0)
(1.5 9.48326e-14 0)
(1.5 1.2024e-14 0)
(1.5 -7.29704e-14 0)
(1.5 2.08926e-15 0)
(1.5 8.32405e-14 0)
(1.5 1.07574e-13 0)
(1.5 7.32339e-14 0)
(1.5 1.11737e-13 0)
(1.5 1.97574e-13 0)
(1.5 3.36599e-13 0)
(1.5 3.40384e-13 0)
(1.5 2.82228e-13 0)
(1.5 2.32984e-13 0)
(1.5 2.47349e-13 0)
(1.5 2.80057e-13 0)
(1.5 2.1946e-13 0)
(1.5 5.80231e-14 0)
(1.5 -3.46923e-14 0)
(1.5 -2.14809e-13 0)
(1.5 -3.35918e-13 0)
(1.5 -3.40045e-13 0)
(1.5 -1.84097e-13 0)
(1.5 -1.80757e-13 0)
(1.5 -1.10529e-13 0)
(1.5 -1.14078e-13 0)
(1.5 -6.04316e-14 0)
(1.5 8.54773e-15 0)
(1.5 5.09942e-14 0)
(1.5 -4.86387e-14 0)
(1.5 -1.92129e-13 0)
(1.5 -1.58263e-13 0)
(1.5 -1.02338e-13 0)
(1.5 4.68148e-14 0)
(1.5 9.87189e-14 0)
(1.5 7.11188e-14 0)
(1.5 8.21025e-14 0)
(1.5 3.87226e-14 0)
(1.5 -3.18946e-14 0)
(1.5 8.96953e-15 0)
(1.5 3.31503e-15 0)
(1.5 -8.2499e-14 0)
(1.5 -1.54323e-13 0)
(1.5 -7.82418e-14 0)
(1.5 -4.63103e-15 0)
(1.5 -7.53272e-14 0)
(1.5 -2.27523e-13 0)
(1.5 -2.40326e-13 0)
(1.5 -1.40673e-13 0)
(1.5 -8.04432e-14 0)
(1.5 -1.5136e-13 0)
(1.5 -1.78788e-13 0)
(1.5 -1.48121e-13 0)
(1.5 -1.39454e-13 0)
(1.5 -1.23441e-13 0)
(1.5 -2.7951e-13 0)
(1.5 -4.47488e-13 0)
(1.5 -3.98811e-13 0)
(1.5 -2.94061e-13 0)
(1.5 -3.14071e-13 0)
(1.5 -1.66602e-13 0)
(1.5 -8.67336e-14 0)
(1.5 1.86581e-14 0)
(1.5 -3.97241e-14 0)
(1.5 -4.59097e-14 0)
(1.5 -1.11687e-13 0)
(1.5 -1.75948e-13 0)
(1.5 -1.47104e-13 0)
(1.5 -1.78651e-13 0)
(1.5 -1.89797e-13 0)
(1.5 -2.2284e-13 0)
(1.5 -2.2733e-13 0)
(1.5 -1.47015e-13 0)
(1.5 -2.32352e-13 0)
(1.5 -1.39787e-13 0)
(1.5 -8.24774e-15 0)
(1.5 1.22342e-13 0)
(1.5 3.98355e-13 0)
(1.5 5.71509e-13 0)
(1.5 5.42472e-13 0)
(1.5 4.04139e-13 0)
(1.5 2.60922e-13 0)
(1.5 1.03844e-13 0)
(1.5 -4.72155e-14 0)
(1.5 -1.83669e-13 0)
(1.5 -3.21436e-13 0)
(1.5 -4.9057e-13 0)
(1.5 -5.2606e-13 0)
(1.5 4.85038e-15 0)
(1.5 5.00729e-14 0)
(1.5 7.6341e-14 0)
(1.5 6.41399e-14 0)
(1.5 7.20009e-14 0)
(1.5 7.0127e-14 0)
(1.5 3.13853e-14 0)
(1.5 1.02922e-13 0)
(1.5 1.95307e-13 0)
(1.5 3.44697e-13 0)
(1.5 4.05177e-13 0)
(1.5 2.90161e-13 0)
(1.5 1.48548e-13 0)
(1.5 3.64172e-14 0)
(1.5 6.24081e-14 0)
(1.5 7.27552e-15 0)
(1.5 -5.7719e-14 0)
(1.5 -1.32163e-13 0)
(1.5 -2.04883e-13 0)
(1.5 -1.97331e-13 0)
(1.5 -2.20115e-13 0)
(1.5 -2.84868e-13 0)
(1.5 -2.7465e-13 0)
(1.5 -2.93442e-13 0)
(1.5 -3.77079e-13 0)
(1.5 -4.07567e-13 0)
(1.5 -3.53423e-13 0)
(1.5 -2.31732e-13 0)
(1.5 -1.48319e-13 0)
(1.5 -1.53124e-13 0)
(1.5 -1.146e-13 0)
(1.5 -7.92438e-14 0)
(1.5 -7.74631e-14 0)
(1.5 -1.2826e-13 0)
(1.5 -7.45e-14 0)
(1.5 -2.57231e-14 0)
(1.5 -2.20886e-14 0)
(1.5 -2.15719e-14 0)
(1.5 -3.33022e-14 0)
(1.5 -4.69067e-14 0)
(1.5 2.85272e-14 0)
(1.5 6.19156e-14 0)
(1.5 -5.89131e-15 0)
(1.5 -1.59856e-14 0)
(1.5 5.3991e-14 0)
(1.5 5.64321e-14 0)
(1.5 8.46802e-14 0)
(1.5 4.38639e-14 0)
(1.5 -6.80446e-14 0)
(1.5 -1.12227e-13 0)
(1.5 -1.72907e-13 0)
(1.5 -2.13961e-13 0)
(1.5 -3.02339e-13 0)
(1.5 -3.27348e-13 0)
(1.5 -2.04688e-13 0)
(1.5 -1.86202e-13 0)
(1.5 -9.08324e-14 0)
(1.5 1.84363e-14 0)
(1.5 8.09985e-14 0)
(1.5 1.68315e-14 0)
(1.5 1.04787e-13 0)
(1.5 1.83794e-13 0)
(1.5 1.39513e-13 0)
(1.5 1.14468e-13 0)
(1.5 1.49312e-13 0)
(1.5 1.33675e-13 0)
(1.5 1.77495e-13 0)
(1.5 1.47826e-13 0)
(1.5 8.48552e-14 0)
(1.5 -5.14326e-14 0)
(1.5 -9.65115e-14 0)
(1.5 -1.82042e-13 0)
(1.5 -2.27274e-13 0)
(1.5 -2.63969e-13 0)
(1.5 -3.23127e-13 0)
(1.5 -4.28851e-13 0)
(1.5 -4.97638e-13 0)
(1.5 -5.50819e-13 0)
(1.5 -5.56477e-13 0)
(1.5 -5.12183e-13 0)
(1.5 -5.34534e-13 0)
(1.5 -5.48531e-13 0)
(1.5 -4.77422e-13 0)
(1.5 -4.10134e-13 0)
(1.5 -3.68501e-13 0)
(1.5 -3.35556e-13 0)
(1.5 -3.44474e-13 0)
(1.5 -4.49638e-13 0)
(1.5 -4.52513e-13 0)
(1.5 -4.50328e-13 0)
(1.5 -3.79311e-13 0)
(1.5 -3.08783e-13 0)
(1.5 -2.12898e-13 0)
(1.5 -3.94468e-14 0)
(1.5 5.13369e-14 0)
(1.5 1.36287e-13 0)
(1.5 2.25977e-13 0)
(1.5 3.37352e-13 0)
(1.5 3.4487e-13 0)
(1.5 2.73347e-13 0)
(1.5 3.2616e-13 0)
(1.5 4.46401e-13 0)
(1.5 4.51416e-13 0)
(1.5 3.65817e-13 0)
(1.5 2.84511e-13 0)
(1.5 2.43623e-13 0)
(1.5 3.26997e-13 0)
(1.5 4.59467e-13 0)
(1.5 5.60376e-13 0)
(1.5 5.43399e-13 0)
(1.5 2.85987e-13 0)
(1.5 8.7889e-14 0)
(1.5 6.47722e-15 0)
(1.5 -1.06436e-14 0)
(1.5 -3.25859e-14 0)
(1.5 -1.13122e-13 0)
(1.5 -9.95492e-14 0)
(1.5 5.24445e-14 0)
(1.5 2.72917e-13 0)
(1.5 2.94055e-13 0)
(1.5 2.89886e-13 0)
(1.5 4.08017e-13 0)
(1.5 4.86282e-13 0)
(1.5 4.18874e-13 0)
(1.5 3.22293e-13 0)
(1.5 2.40397e-13 0)
(1.5 2.20383e-13 0)
(1.5 1.81823e-13 0)
(1.5 1.07102e-13 0)
(1.5 3.59412e-14 0)
(1.5 -4.26849e-15 0)
(1.5 -1.87779e-13 0)
(1.5 -3.06788e-13 0)
(1.5 -3.06912e-13 0)
(1.5 -1.81318e-13 0)
(1.5 -1.84915e-13 0)
(1.5 -1.60202e-13 0)
(1.5 -1.7594e-13 0)
(1.5 -1.08609e-13 0)
(1.5 1.79187e-14 0)
(1.5 4.39704e-14 0)
(1.5 -1.21766e-13 0)
(1.5 -2.4533e-13 0)
(1.5 -1.70092e-13 0)
(1.5 -1.53625e-14 0)
(1.5 1.41807e-13 0)
(1.5 1.31327e-13 0)
(1.5 1.01531e-13 0)
(1.5 4.60637e-15 0)
(1.5 -5.98613e-14 0)
(1.5 -5.76968e-14 0)
(1.5 5.31482e-15 0)
(1.5 1.00067e-13 0)
(1.5 8.19696e-15 0)
(1.5 -7.02153e-14 0)
(1.5 -8.44897e-14 0)
(1.5 1.7886e-14 0)
(1.5 1.43477e-14 0)
(1.5 -1.11675e-13 0)
(1.5 -7.93512e-14 0)
(1.5 -1.81922e-14 0)
(1.5 -5.01969e-14 0)
(1.5 -1.37024e-13 0)
(1.5 -1.55046e-13 0)
(1.5 -1.77482e-13 0)
(1.5 -1.71068e-13 0)
(1.5 -2.09481e-13 0)
(1.5 -2.36291e-13 0)
(1.5 -3.29597e-13 0)
(1.5 -2.5527e-13 0)
(1.5 -1.46991e-13 0)
(1.5 -1.44815e-13 0)
(1.5 -1.16836e-13 0)
(1.5 -6.03251e-14 0)
(1.5 1.61935e-14 0)
(1.5 -2.82651e-14 0)
(1.5 2.99597e-14 0)
(1.5 3.7544e-14 0)
(1.5 2.83009e-14 0)
(1.5 -1.80705e-14 0)
(1.5 -1.33884e-13 0)
(1.5 -1.42543e-13 0)
(1.5 -1.53454e-13 0)
(1.5 -1.19566e-13 0)
(1.5 -6.89036e-14 0)
(1.5 -7.51884e-14 0)
(1.5 -4.25892e-14 0)
(1.5 7.20596e-14 0)
(1.5 2.90737e-13 0)
(1.5 5.53127e-13 0)
(1.5 6.53717e-13 0)
(1.5 5.70263e-13 0)
(1.5 3.25636e-13 0)
(1.5 1.24503e-13 0)
(1.5 -4.588e-14 0)
(1.5 -1.87498e-13 0)
(1.5 -2.78852e-13 0)
(1.5 -4.56977e-13 0)
(1.5 -5.72821e-13 0)
(1.5 -5.85921e-13 0)
(1.5 -1.83263e-14 0)
(1.5 1.80151e-14 0)
(1.5 -3.65007e-14 0)
(1.5 6.10872e-14 0)
(1.5 2.05732e-13 0)
(1.5 1.03056e-13 0)
(1.5 -2.48639e-14 0)
(1.5 1.04619e-14 0)
(1.5 -5.74472e-14 0)
(1.5 -1.03344e-14 0)
(1.5 1.08521e-13 0)
(1.5 1.46069e-13 0)
(1.5 1.75934e-13 0)
(1.5 5.38638e-14 0)
(1.5 -2.94537e-14 0)
(1.5 -1.36901e-13 0)
(1.5 -1.85777e-13 0)
(1.5 -2.12697e-13 0)
(1.5 -2.85242e-13 0)
(1.5 -3.23601e-13 0)
(1.5 -3.94095e-13 0)
(1.5 -3.83006e-13 0)
(1.5 -2.71342e-13 0)
(1.5 -2.96572e-13 0)
(1.5 -4.09137e-13 0)
(1.5 -4.60289e-13 0)
(1.5 -4.00328e-13 0)
(1.5 -3.52867e-13 0)
(1.5 -2.6571e-13 0)
(1.5 -2.26835e-13 0)
(1.5 -1.65965e-13 0)
(1.5 -1.57307e-13 0)
(1.5 -1.06257e-13 0)
(1.5 -1.39556e-13 0)
(1.5 -1.28659e-13 0)
(1.5 -1.25293e-13 0)
(1.5 -1.06933e-13 0)
(1.5 -2.65127e-15 0)
(1.5 -5.8307e-14 0)
(1.5 -8.84762e-14 0)
(1.5 -7.7569e-14 0)
(1.5 -1.08344e-13 0)
(1.5 -6.18525e-14 0)
(1.5 -1.01659e-13 0)
(1.5 -9.53599e-15 0)
(1.5 5.05735e-14 0)
(1.5 1.27099e-13 0)
(1.5 1.55332e-14 0)
(1.5 -8.16915e-14 0)
(1.5 -2.20207e-13 0)
(1.5 -2.78903e-13 0)
(1.5 -2.73035e-13 0)
(1.5 -2.74768e-13 0)
(1.5 -2.25484e-13 0)
(1.5 -1.9019e-13 0)
(1.5 -7.24404e-14 0)
(1.5 -6.53389e-14 0)
(1.5 1.05176e-13 0)
(1.5 2.02993e-14 0)
(1.5 -6.37407e-14 0)
(1.5 1.97519e-14 0)
(1.5 4.16195e-14 0)
(1.5 1.02348e-13 0)
(1.5 1.07161e-13 0)
(1.5 1.87354e-13 0)
(1.5 1.55915e-13 0)
(1.5 9.18095e-14 0)
(1.5 6.14234e-14 0)
(1.5 2.5297e-14 0)
(1.5 -4.74532e-14 0)
(1.5 -1.29899e-13 0)
(1.5 -2.4984e-13 0)
(1.5 -3.52573e-13 0)
(1.5 -3.98016e-13 0)
(1.5 -4.89962e-13 0)
(1.5 -5.71222e-13 0)
(1.5 -6.67432e-13 0)
(1.5 -6.48994e-13 0)
(1.5 -5.9101e-13 0)
(1.5 -5.74909e-13 0)
(1.5 -5.2527e-13 0)
(1.5 -4.16524e-13 0)
(1.5 -4.08686e-13 0)
(1.5 -3.53379e-13 0)
(1.5 -4.05928e-13 0)
(1.5 -3.80743e-13 0)
(1.5 -4.1331e-13 0)
(1.5 -4.97533e-13 0)
(1.5 -5.34869e-13 0)
(1.5 -5.77228e-13 0)
(1.5 -5.63401e-13 0)
(1.5 -4.02817e-13 0)
(1.5 -1.34846e-13 0)
(1.5 1.18954e-13 0)
(1.5 2.34448e-13 0)
(1.5 3.90449e-13 0)
(1.5 4.42203e-13 0)
(1.5 4.70693e-13 0)
(1.5 6.03828e-13 0)
(1.5 4.74308e-13 0)
(1.5 3.4079e-13 0)
(1.5 4.28546e-13 0)
(1.5 4.205e-13 0)
(1.5 3.58677e-13 0)
(1.5 2.45395e-13 0)
(1.5 2.0154e-13 0)
(1.5 2.77861e-13 0)
(1.5 4.73406e-13 0)
(1.5 5.41095e-13 0)
(1.5 4.92006e-13 0)
(1.5 3.8029e-13 0)
(1.5 2.15068e-13 0)
(1.5 -5.34986e-15 0)
(1.5 3.16876e-15 0)
(1.5 3.08421e-14 0)
(1.5 -1.52748e-15 0)
(1.5 -8.85332e-15 0)
(1.5 2.15642e-13 0)
(1.5 3.95578e-13 0)
(1.5 4.88823e-13 0)
(1.5 4.32407e-13 0)
(1.5 5.62549e-13 0)
(1.5 5.90333e-13 0)
(1.5 4.78138e-13 0)
(1.5 4.18882e-13 0)
(1.5 3.13029e-13 0)
(1.5 2.79853e-13 0)
(1.5 1.50646e-13 0)
(1.5 6.17324e-14 0)
(1.5 6.48634e-14 0)
(1.5 3.4998e-15 0)
(1.5 -3.25196e-14 0)
(1.5 -9.37643e-14 0)
(1.5 -1.25804e-13 0)
(1.5 -8.05125e-14 0)
(1.5 -1.76782e-14 0)
(1.5 -4.02125e-14 0)
(1.5 -2.48819e-14 0)
(1.5 -2.19665e-14 0)
(1.5 2.49738e-14 0)
(1.5 -1.23131e-14 0)
(1.5 -9.13776e-14 0)
(1.5 -1.54519e-13 0)
(1.5 -1.05372e-13 0)
(1.5 -7.08261e-15 0)
(1.5 3.47248e-14 0)
(1.5 1.9286e-15 0)
(1.5 1.89264e-14 0)
(1.5 -9.29392e-14 0)
(1.5 -1.21611e-13 0)
(1.5 -1.22663e-13 0)
(1.5 -1.58524e-13 0)
(1.5 -7.33761e-14 0)
(1.5 1.22381e-14 0)
(1.5 6.55867e-14 0)
(1.5 -2.40864e-14 0)
(1.5 -6.55867e-14 0)
(1.5 -1.69797e-13 0)
(1.5 -1.70857e-13 0)
(1.5 -8.68824e-14 0)
(1.5 -7.76044e-14 0)
(1.5 -1.30205e-13 0)
(1.5 -5.93383e-15 0)
(1.5 7.91102e-14 0)
(1.5 -5.10833e-15 0)
(1.5 -1.40912e-13 0)
(1.5 -2.81793e-13 0)
(1.5 -2.30111e-13 0)
(1.5 -1.42884e-13 0)
(1.5 -1.84298e-13 0)
(1.5 -1.28528e-13 0)
(1.5 -6.09226e-14 0)
(1.5 -6.28629e-14 0)
(1.5 -1.20887e-14 0)
(1.5 3.99932e-14 0)
(1.5 6.4863e-14 0)
(1.5 4.89819e-14 0)
(1.5 5.06606e-14 0)
(1.5 6.83199e-14 0)
(1.5 -5.22753e-14 0)
(1.5 -8.23665e-14 0)
(1.5 -4.91486e-14 0)
(1.5 -1.60996e-14 0)
(1.5 6.96302e-14 0)
(1.5 1.02148e-13 0)
(1.5 2.56072e-13 0)
(1.5 2.3831e-13 0)
(1.5 2.87455e-13 0)
(1.5 4.40665e-13 0)
(1.5 5.18666e-13 0)
(1.5 5.08514e-13 0)
(1.5 4.06608e-13 0)
(1.5 2.20972e-13 0)
(1.5 5.77139e-14 0)
(1.5 -1.27649e-13 0)
(1.5 -2.98211e-13 0)
(1.5 -4.27054e-13 0)
(1.5 -5.29601e-13 0)
(1.5 -5.17963e-13 0)
(1.5 -5.10145e-13 0)
(1.5 -1.33418e-14 0)
(1.5 5.70596e-14 0)
(1.5 -1.45834e-14 0)
(1.5 1.73289e-14 0)
(1.5 1.58682e-13 0)
(1.5 7.17804e-14 0)
(1.5 -5.91843e-14 0)
(1.5 -5.75413e-14 0)
(1.5 -1.60354e-13 0)
(1.5 -1.36251e-13 0)
(1.5 -9.48289e-14 0)
(1.5 2.33832e-14 0)
(1.5 1.12496e-13 0)
(1.5 3.93177e-14 0)
(1.5 -3.61911e-14 0)
(1.5 -1.33445e-13 0)
(1.5 -2.13204e-13 0)
(1.5 -1.87204e-13 0)
(1.5 -2.91134e-13 0)
(1.5 -3.45397e-13 0)
(1.5 -4.52653e-13 0)
(1.5 -3.76341e-13 0)
(1.5 -2.25477e-13 0)
(1.5 -2.46199e-13 0)
(1.5 -3.63085e-13 0)
(1.5 -4.00374e-13 0)
(1.5 -3.52243e-13 0)
(1.5 -3.36076e-13 0)
(1.5 -2.34211e-13 0)
(1.5 -2.20979e-13 0)
(1.5 -1.01207e-13 0)
(1.5 -1.05376e-13 0)
(1.5 -1.28827e-13 0)
(1.5 -8.47684e-14 0)
(1.5 -1.83977e-13 0)
(1.5 -1.69015e-13 0)
(1.5 -1.78442e-13 0)
(1.5 -1.09196e-14 0)
(1.5 -6.67667e-14 0)
(1.5 -1.34045e-13 0)
(1.5 -1.38638e-13 0)
(1.5 -1.61177e-13 0)
(1.5 -1.22473e-13 0)
(1.5 -1.57839e-13 0)
(1.5 -1.15971e-13 0)
(1.5 -5.4582e-14 0)
(1.5 6.12077e-14 0)
(1.5 -3.75726e-14 0)
(1.5 -1.22029e-13 0)
(1.5 -2.67351e-13 0)
(1.5 -2.90691e-13 0)
(1.5 -3.02227e-13 0)
(1.5 -2.57394e-13 0)
(1.5 -1.23433e-13 0)
(1.5 -6.27359e-14 0)
(1.5 6.54877e-14 0)
(1.5 -2.63908e-14 0)
(1.5 6.46933e-14 0)
(1.5 -4.83005e-14 0)
(1.5 -1.25611e-13 0)
(1.5 -6.14574e-14 0)
(1.5 -1.3215e-14 0)
(1.5 1.42625e-13 0)
(1.5 1.58233e-13 0)
(1.5 1.63549e-13 0)
(1.5 1.30179e-13 0)
(1.5 3.65591e-14 0)
(1.5 -1.721e-14 0)
(1.5 2.86195e-14 0)
(1.5 3.11468e-14 0)
(1.5 -1.80012e-13 0)
(1.5 -3.80964e-13 0)
(1.5 -4.19755e-13 0)
(1.5 -5.07863e-13 0)
(1.5 -6.30648e-13 0)
(1.5 -6.55668e-13 0)
(1.5 -7.03042e-13 0)
(1.5 -6.35451e-13 0)
(1.5 -5.70289e-13 0)
(1.5 -6.08455e-13 0)
(1.5 -5.46582e-13 0)
(1.5 -4.82435e-13 0)
(1.5 -4.48122e-13 0)
(1.5 -3.35587e-13 0)
(1.5 -3.92236e-13 0)
(1.5 -4.09844e-13 0)
(1.5 -4.65095e-13 0)
(1.5 -4.69078e-13 0)
(1.5 -4.56531e-13 0)
(1.5 -4.57779e-13 0)
(1.5 -5.00264e-13 0)
(1.5 -3.14296e-13 0)
(1.5 -1.7555e-14 0)
(1.5 1.68673e-13 0)
(1.5 2.22466e-13 0)
(1.5 3.69416e-13 0)
(1.5 4.59345e-13 0)
(1.5 4.78366e-13 0)
(1.5 6.51892e-13 0)
(1.5 6.21982e-13 0)
(1.5 5.05902e-13 0)
(1.5 5.02559e-13 0)
(1.5 4.62183e-13 0)
(1.5 4.03584e-13 0)
(1.5 3.27145e-13 0)
(1.5 3.40854e-13 0)
(1.5 3.65531e-13 0)
(1.5 4.88175e-13 0)
(1.5 5.55813e-13 0)
(1.5 5.70687e-13 0)
(1.5 5.04665e-13 0)
(1.5 3.13422e-13 0)
(1.5 1.10671e-13 0)
(1.5 1.70255e-13 0)
(1.5 2.18645e-13 0)
(1.5 2.61737e-13 0)
(1.5 2.97045e-13 0)
(1.5 4.12698e-13 0)
(1.5 4.63706e-13 0)
(1.5 4.98868e-13 0)
(1.5 4.66597e-13 0)
(1.5 4.91641e-13 0)
(1.5 4.82265e-13 0)
(1.5 4.44104e-13 0)
(1.5 4.44537e-13 0)
(1.5 4.10903e-13 0)
(1.5 3.43214e-13 0)
(1.5 2.15319e-13 0)
(1.5 1.09686e-13 0)
(1.5 7.33567e-14 0)
(1.5 -5.18506e-15 0)
(1.5 9.16751e-14 0)
(1.5 1.22941e-13 0)
(1.5 -1.04587e-14 0)
(1.5 -1.01299e-13 0)
(1.5 3.57809e-14 0)
(1.5 4.8993e-14 0)
(1.5 1.24743e-13 0)
(1.5 1.03089e-13 0)
(1.5 8.14605e-17 0)
(1.5 -1.00894e-13 0)
(1.5 -9.98646e-14 0)
(1.5 -4.19823e-14 0)
(1.5 1.10264e-14 0)
(1.5 1.81333e-14 0)
(1.5 -3.87814e-14 0)
(1.5 -1.29345e-13 0)
(1.5 -2.06401e-13 0)
(1.5 -3.27606e-13 0)
(1.5 -3.55338e-13 0)
(1.5 -3.09422e-13 0)
(1.5 -3.3665e-13 0)
(1.5 -2.78785e-13 0)
(1.5 -7.6415e-14 0)
(1.5 1.31582e-13 0)
(1.5 6.26294e-14 0)
(1.5 -1.28902e-13 0)
(1.5 -2.64715e-13 0)
(1.5 -1.97608e-13 0)
(1.5 -1.23086e-13 0)
(1.5 -2.48411e-13 0)
(1.5 -2.30848e-13 0)
(1.5 1.30531e-15 0)
(1.5 1.25174e-13 0)
(1.5 9.21187e-14 0)
(1.5 -1.09189e-13 0)
(1.5 -1.6127e-13 0)
(1.5 -7.98726e-14 0)
(1.5 -2.55971e-14 0)
(1.5 -8.33404e-14 0)
(1.5 1.08822e-14 0)
(1.5 6.16682e-14 0)
(1.5 1.87825e-14 0)
(1.5 -9.13247e-15 0)
(1.5 -5.41492e-14 0)
(1.5 -4.33985e-14 0)
(1.5 -1.46336e-13 0)
(1.5 -8.83915e-14 0)
(1.5 4.59486e-15 0)
(1.5 -1.58711e-13 0)
(1.5 -1.09107e-13 0)
(1.5 -1.52491e-15 0)
(1.5 1.61784e-13 0)
(1.5 2.87463e-13 0)
(1.5 3.728e-13 0)
(1.5 5.22519e-13 0)
(1.5 4.2788e-13 0)
(1.5 4.83136e-13 0)
(1.5 4.31187e-13 0)
(1.5 3.25527e-13 0)
(1.5 2.87327e-13 0)
(1.5 1.28328e-13 0)
(1.5 -2.67211e-14 0)
(1.5 -2.302e-13 0)
(1.5 -3.68024e-13 0)
(1.5 -4.84056e-13 0)
(1.5 -6.3238e-13 0)
(1.5 -6.05873e-13 0)
(1.5 -4.55669e-13 0)
(1.5 -4.53269e-13 0)
(1.5 7.12427e-14 0)
(1.5 2.28975e-13 0)
(1.5 1.98147e-13 0)
(1.5 1.68182e-13 0)
(1.5 1.31265e-13 0)
(1.5 1.05966e-13 0)
(1.5 2.55945e-14 0)
(1.5 -1.08148e-14 0)
(1.5 -5.02639e-14 0)
(1.5 -9.25184e-14 0)
(1.5 -1.78086e-13 0)
(1.5 -2.36981e-14 0)
(1.5 -6.74905e-15 0)
(1.5 -2.5283e-14 0)
(1.5 -1.14383e-14 0)
(1.5 -7.73825e-14 0)
(1.5 -1.65336e-13 0)
(1.5 -2.17861e-13 0)
(1.5 -3.16416e-13 0)
(1.5 -3.66338e-13 0)
(1.5 -4.71548e-13 0)
(1.5 -4.86111e-13 0)
(1.5 -3.04715e-13 0)
(1.5 -3.01672e-13 0)
(1.5 -3.3947e-13 0)
(1.5 -3.73529e-13 0)
(1.5 -3.4819e-13 0)
(1.5 -3.14526e-13 0)
(1.5 -1.98894e-13 0)
(1.5 -1.6259e-13 0)
(1.5 -1.10024e-13 0)
(1.5 -1.1094e-13 0)
(1.5 -2.03882e-13 0)
(1.5 -1.80795e-13 0)
(1.5 -1.91018e-13 0)
(1.5 -1.91735e-13 0)
(1.5 -2.30322e-13 0)
(1.5 -1.62319e-13 0)
(1.5 -1.79237e-13 0)
(1.5 -2.1579e-13 0)
(1.5 -2.10904e-13 0)
(1.5 -2.16857e-13 0)
(1.5 -2.66286e-13 0)
(1.5 -2.44644e-13 0)
(1.5 -2.0445e-13 0)
(1.5 -1.3067e-13 0)
(1.5 -1.16689e-13 0)
(1.5 -1.3842e-13 0)
(1.5 -2.20729e-13 0)
(1.5 -2.89346e-13 0)
(1.5 -2.57798e-13 0)
(1.5 -2.93691e-13 0)
(1.5 -2.56805e-13 0)
(1.5 -1.01039e-13 0)
(1.5 -1.32334e-14 0)
(1.5 6.44795e-14 0)
(1.5 9.1128e-15 0)
(1.5 -6.72136e-14 0)
(1.5 -1.00254e-13 0)
(1.5 -1.14063e-13 0)
(1.5 -1.45877e-13 0)
(1.5 -5.89229e-14 0)
(1.5 9.269e-14 0)
(1.5 1.00131e-13 0)
(1.5 7.80646e-14 0)
(1.5 6.16679e-14 0)
(1.5 6.36012e-15 0)
(1.5 -5.5305e-14 0)
(1.5 -1.54612e-14 0)
(1.5 7.98713e-16 0)
(1.5 -1.82967e-13 0)
(1.5 -3.71142e-13 0)
(1.5 -3.84257e-13 0)
(1.5 -4.30212e-13 0)
(1.5 -5.52724e-13 0)
(1.5 -5.8468e-13 0)
(1.5 -6.52106e-13 0)
(1.5 -6.23729e-13 0)
(1.5 -5.95389e-13 0)
(1.5 -5.87218e-13 0)
(1.5 -4.99232e-13 0)
(1.5 -5.51871e-13 0)
(1.5 -4.2875e-13 0)
(1.5 -3.68492e-13 0)
(1.5 -3.55806e-13 0)
(1.5 -4.45649e-13 0)
(1.5 -5.01461e-13 0)
(1.5 -4.44787e-13 0)
(1.5 -3.62795e-13 0)
(1.5 -2.95692e-13 0)
(1.5 -2.99502e-13 0)
(1.5 -1.98601e-13 0)
(1.5 -4.67655e-14 0)
(1.5 6.08895e-14 0)
(1.5 1.60466e-13 0)
(1.5 2.55672e-13 0)
(1.5 4.44739e-13 0)
(1.5 5.24614e-13 0)
(1.5 5.72613e-13 0)
(1.5 6.2286e-13 0)
(1.5 5.45968e-13 0)
(1.5 4.87962e-13 0)
(1.5 4.37475e-13 0)
(1.5 3.70123e-13 0)
(1.5 3.47527e-13 0)
(1.5 3.06916e-13 0)
(1.5 3.67466e-13 0)
(1.5 4.10986e-13 0)
(1.5 5.26211e-13 0)
(1.5 5.28586e-13 0)
(1.5 3.80503e-13 0)
(1.5 2.35327e-13 0)
(1.5 1.14123e-13 0)
(1.5 1.40548e-13 0)
(1.5 3.02128e-13 0)
(1.5 4.93383e-13 0)
(1.5 6.17219e-13 0)
(1.5 5.12041e-13 0)
(1.5 4.83862e-13 0)
(1.5 4.33722e-13 0)
(1.5 3.68018e-13 0)
(1.5 2.45995e-13 0)
(1.5 1.65135e-13 0)
(1.5 3.42327e-13 0)
(1.5 3.21444e-13 0)
(1.5 3.04758e-13 0)
(1.5 2.74439e-13 0)
(1.5 1.53422e-13 0)
(1.5 1.34079e-13 0)
(1.5 7.95948e-14 0)
(1.5 -7.5967e-15 0)
(1.5 4.88237e-14 0)
(1.5 8.6501e-14 0)
(1.5 -7.54279e-14 0)
(1.5 -2.5298e-13 0)
(1.5 -1.39698e-13 0)
(1.5 -2.56e-14 0)
(1.5 5.8049e-14 0)
(1.5 2.50389e-14 0)
(1.5 -9.04088e-14 0)
(1.5 -1.73921e-13 0)
(1.5 -1.38177e-13 0)
(1.5 2.10403e-14 0)
(1.5 8.60732e-14 0)
(1.5 4.16485e-14 0)
(1.5 -6.96854e-14 0)
(1.5 -1.56835e-13 0)
(1.5 -3.56248e-13 0)
(1.5 -4.22783e-13 0)
(1.5 -4.89535e-13 0)
(1.5 -3.95656e-13 0)
(1.5 -3.54863e-13 0)
(1.5 -2.63846e-13 0)
(1.5 -1.22278e-14 0)
(1.5 1.96581e-13 0)
(1.5 2.04752e-13 0)
(1.5 -2.03422e-14 0)
(1.5 -8.70321e-14 0)
(1.5 -8.39224e-14 0)
(1.5 -3.42696e-14 0)
(1.5 -1.10285e-13 0)
(1.5 -5.5009e-14 0)
(1.5 7.4667e-14 0)
(1.5 8.90263e-14 0)
(1.5 6.31174e-14 0)
(1.5 -5.22067e-14 0)
(1.5 -2.23693e-14 0)
(1.5 8.0429e-14 0)
(1.5 3.80943e-14 0)
(1.5 9.27875e-14 0)
(1.5 1.45576e-13 0)
(1.5 1.23029e-13 0)
(1.5 1.05078e-13 0)
(1.5 2.16871e-15 0)
(1.5 -1.98463e-13 0)
(1.5 -1.93532e-13 0)
(1.5 -2.81612e-13 0)
(1.5 -1.76944e-13 0)
(1.5 -9.48509e-14 0)
(1.5 -2.49441e-13 0)
(1.5 -1.72019e-13 0)
(1.5 -4.89856e-14 0)
(1.5 2.49515e-13 0)
(1.5 3.25924e-13 0)
(1.5 4.13241e-13 0)
(1.5 4.50449e-13 0)
(1.5 3.88915e-13 0)
(1.5 4.0214e-13 0)
(1.5 2.24927e-13 0)
(1.5 9.86008e-14 0)
(1.5 2.84481e-14 0)
(1.5 -1.06353e-13 0)
(1.5 -2.17655e-13 0)
(1.5 -3.76794e-13 0)
(1.5 -4.28793e-13 0)
(1.5 -4.70077e-13 0)
(1.5 -5.83726e-13 0)
(1.5 -5.16546e-13 0)
(1.5 -3.54038e-13 0)
(1.5 -3.58965e-13 0)
(1.5 1.27579e-13 0)
(1.5 2.55151e-13 0)
(1.5 2.33412e-13 0)
(1.5 2.57635e-13 0)
(1.5 1.76636e-13 0)
(1.5 2.11529e-13 0)
(1.5 1.84862e-13 0)
(1.5 5.88575e-14 0)
(1.5 2.83863e-14 0)
(1.5 -1.23951e-13 0)
(1.5 -1.57351e-13 0)
(1.5 -3.32496e-14 0)
(1.5 -2.84687e-14 0)
(1.5 3.79591e-14 0)
(1.5 3.31293e-14 0)
(1.5 -5.82322e-14 0)
(1.5 -1.78855e-13 0)
(1.5 -2.65577e-13 0)
(1.5 -2.7704e-13 0)
(1.5 -2.89072e-13 0)
(1.5 -4.1681e-13 0)
(1.5 -4.8208e-13 0)
(1.5 -3.61383e-13 0)
(1.5 -2.68415e-13 0)
(1.5 -1.85185e-13 0)
(1.5 -2.30094e-13 0)
(1.5 -2.80859e-13 0)
(1.5 -2.3029e-13 0)
(1.5 -2.02041e-13 0)
(1.5 -1.34465e-13 0)
(1.5 -1.34769e-13 0)
(1.5 -1.70796e-13 0)
(1.5 -1.95683e-13 0)
(1.5 -1.64217e-13 0)
(1.5 -7.49536e-14 0)
(1.5 -1.51258e-13 0)
(1.5 -2.08931e-13 0)
(1.5 -2.45788e-13 0)
(1.5 -2.66009e-13 0)
(1.5 -2.16929e-13 0)
(1.5 -1.99052e-13 0)
(1.5 -2.51506e-13 0)
(1.5 -2.71655e-13 0)
(1.5 -2.64942e-13 0)
(1.5 -1.81925e-13 0)
(1.5 -1.60766e-13 0)
(1.5 -1.79009e-13 0)
(1.5 -7.19147e-14 0)
(1.5 -4.8997e-14 0)
(1.5 1.10418e-14 0)
(1.5 7.72044e-14 0)
(1.5 2.85293e-14 0)
(1.5 -3.11475e-15 0)
(1.5 -1.54638e-15 0)
(1.5 4.91022e-14 0)
(1.5 3.80296e-14 0)
(1.5 1.33913e-13 0)
(1.5 7.27426e-14 0)
(1.5 9.12952e-14 0)
(1.5 9.81678e-14 0)
(1.5 6.66387e-14 0)
(1.5 7.48344e-14 0)
(1.5 1.39855e-13 0)
(1.5 6.16754e-14 0)
(1.5 7.44153e-14 0)
(1.5 1.48736e-13 0)
(1.5 1.73969e-13 0)
(1.5 1.01785e-13 0)
(1.5 4.87397e-14 0)
(1.5 4.28706e-14 0)
(1.5 -5.9781e-14 0)
(1.5 -1.59863e-13 0)
(1.5 -2.01366e-13 0)
(1.5 -2.93395e-13 0)
(1.5 -3.53845e-13 0)
(1.5 -4.09703e-13 0)
(1.5 -4.77266e-13 0)
(1.5 -5.55306e-13 0)
(1.5 -5.26046e-13 0)
(1.5 -4.45536e-13 0)
(1.5 -4.03652e-13 0)
(1.5 -4.53926e-13 0)
(1.5 -3.25809e-13 0)
(1.5 -3.24028e-13 0)
(1.5 -3.28307e-13 0)
(1.5 -4.81463e-13 0)
(1.5 -5.25398e-13 0)
(1.5 -4.71564e-13 0)
(1.5 -2.75329e-13 0)
(1.5 -1.32434e-13 0)
(1.5 -3.86769e-14 0)
(1.5 1.39781e-14 0)
(1.5 1.70088e-14 0)
(1.5 6.27044e-14 0)
(1.5 1.79034e-13 0)
(1.5 2.52151e-13 0)
(1.5 5.134e-13 0)
(1.5 6.32131e-13 0)
(1.5 5.97089e-13 0)
(1.5 5.87141e-13 0)
(1.5 5.07243e-13 0)
(1.5 4.24907e-13 0)
(1.5 3.74793e-13 0)
(1.5 3.49857e-13 0)
(1.5 3.67121e-13 0)
(1.5 3.10823e-13 0)
(1.5 4.10736e-13 0)
(1.5 4.346e-13 0)
(1.5 5.24837e-13 0)
(1.5 4.30521e-13 0)
(1.5 3.03962e-13 0)
(1.5 1.83937e-13 0)
(1.5 1.86979e-13 0)
(1.5 8.49362e-14 0)
(1.5 2.70128e-13 0)
(1.5 4.49925e-13 0)
(1.5 4.76082e-13 0)
(1.5 3.28711e-13 0)
(1.5 3.42622e-13 0)
(1.5 3.80014e-13 0)
(1.5 2.99491e-13 0)
(1.5 1.72713e-13 0)
(1.5 1.04117e-13 0)
(1.5 2.2636e-13 0)
(1.5 2.08129e-13 0)
(1.5 1.57729e-13 0)
(1.5 8.49719e-14 0)
(1.5 2.87216e-14 0)
(1.5 8.76594e-14 0)
(1.5 1.04748e-13 0)
(1.5 7.00539e-14 0)
(1.5 4.24463e-14 0)
(1.5 2.44197e-14 0)
(1.5 -6.40523e-14 0)
(1.5 -2.16447e-13 0)
(1.5 -2.27657e-13 0)
(1.5 -1.47157e-13 0)
(1.5 -1.03434e-13 0)
(1.5 -6.53274e-14 0)
(1.5 -1.34058e-13 0)
(1.5 -1.78067e-13 0)
(1.5 -2.03639e-13 0)
(1.5 -6.3387e-14 0)
(1.5 -4.64496e-15 0)
(1.5 -4.82407e-14 0)
(1.5 -1.29761e-13 0)
(1.5 -1.9261e-13 0)
(1.5 -3.77448e-13 0)
(1.5 -3.69525e-13 0)
(1.5 -4.58598e-13 0)
(1.5 -4.32189e-13 0)
(1.5 -4.1568e-13 0)
(1.5 -2.74206e-13 0)
(1.5 -9.94611e-14 0)
(1.5 2.13361e-14 0)
(1.5 1.80828e-13 0)
(1.5 1.15927e-13 0)
(1.5 5.50142e-14 0)
(1.5 4.15838e-14 0)
(1.5 9.00573e-14 0)
(1.5 1.01314e-13 0)
(1.5 1.16146e-13 0)
(1.5 9.03425e-14 0)
(1.5 -2.27766e-14 0)
(1.5 -5.85997e-14 0)
(1.5 -5.72117e-14 0)
(1.5 -8.70725e-14 0)
(1.5 2.34037e-14 0)
(1.5 4.96109e-14 0)
(1.5 1.59145e-13 0)
(1.5 6.70533e-14 0)
(1.5 1.62593e-14 0)
(1.5 6.46673e-14 0)
(1.5 1.22087e-14 0)
(1.5 -1.13175e-13 0)
(1.5 -2.07159e-13 0)
(1.5 -2.56759e-13 0)
(1.5 -1.99913e-13 0)
(1.5 -2.07475e-13 0)
(1.5 -1.65061e-13 0)
(1.5 -9.4221e-14 0)
(1.5 -1.30047e-14 0)
(1.5 2.14509e-13 0)
(1.5 2.68309e-13 0)
(1.5 3.54693e-13 0)
(1.5 3.80127e-13 0)
(1.5 3.48863e-13 0)
(1.5 2.66748e-13 0)
(1.5 1.05169e-13 0)
(1.5 5.03031e-14 0)
(1.5 -4.58939e-15 0)
(1.5 -1.70008e-13 0)
(1.5 -2.35377e-13 0)
(1.5 -3.03275e-13 0)
(1.5 -4.01369e-13 0)
(1.5 -4.09311e-13 0)
(1.5 -4.00638e-13 0)
(1.5 -3.21196e-13 0)
(1.5 -2.86805e-13 0)
(1.5 -2.6616e-13 0)
(1.5 6.34669e-14 0)
(1.5 9.29018e-14 0)
(1.5 8.7726e-14 0)
(1.5 1.04498e-13 0)
(1.5 1.66398e-13 0)
(1.5 1.92634e-13 0)
(1.5 1.83578e-13 0)
(1.5 5.35919e-14 0)
(1.5 5.08705e-14 0)
(1.5 -5.406e-15 0)
(1.5 2.6017e-14 0)
(1.5 3.89291e-14 0)
(1.5 5.25958e-14 0)
(1.5 5.62243e-14 0)
(1.5 6.56611e-14 0)
(1.5 -1.44901e-14 0)
(1.5 -1.24369e-13 0)
(1.5 -2.34939e-13 0)
(1.5 -2.00829e-13 0)
(1.5 -2.02764e-13 0)
(1.5 -2.82575e-13 0)
(1.5 -3.04542e-13 0)
(1.5 -3.01986e-13 0)
(1.5 -1.4328e-13 0)
(1.5 -5.51736e-14 0)
(1.5 -1.28081e-13 0)
(1.5 -1.80439e-13 0)
(1.5 -1.57469e-13 0)
(1.5 -2.03612e-13 0)
(1.5 -2.11331e-13 0)
(1.5 -1.89043e-13 0)
(1.5 -1.78148e-13 0)
(1.5 -1.80058e-13 0)
(1.5 -1.05034e-13 0)
(1.5 -9.88034e-14 0)
(1.5 -1.90647e-13 0)
(1.5 -2.40628e-13 0)
(1.5 -2.51851e-13 0)
(1.5 -2.68074e-13 0)
(1.5 -1.9138e-13 0)
(1.5 -1.91472e-13 0)
(1.5 -2.0971e-13 0)
(1.5 -2.05726e-13 0)
(1.5 -2.10179e-13 0)
(1.5 -1.45404e-13 0)
(1.5 -1.20818e-13 0)
(1.5 -8.72772e-14 0)
(1.5 4.3173e-14 0)
(1.5 1.29291e-13 0)
(1.5 2.30189e-13 0)
(1.5 2.79237e-13 0)
(1.5 2.77908e-13 0)
(1.5 2.07908e-13 0)
(1.5 1.4644e-13 0)
(1.5 1.16605e-13 0)
(1.5 6.24878e-14 0)
(1.5 1.85832e-13 0)
(1.5 2.52388e-13 0)
(1.5 2.49158e-13 0)
(1.5 1.97087e-13 0)
(1.5 2.31418e-13 0)
(1.5 2.0268e-13 0)
(1.5 1.9801e-13 0)
(1.5 1.04542e-13 0)
(1.5 7.51845e-14 0)
(1.5 1.94628e-13 0)
(1.5 2.87091e-13 0)
(1.5 1.96694e-13 0)
(1.5 7.79577e-14 0)
(1.5 3.50396e-14 0)
(1.5 5.79229e-14 0)
(1.5 1.79462e-14 0)
(1.5 -7.12965e-14 0)
(1.5 -1.8106e-13 0)
(1.5 -1.99324e-13 0)
(1.5 -3.16064e-13 0)
(1.5 -3.65272e-13 0)
(1.5 -4.89495e-13 0)
(1.5 -3.92005e-13 0)
(1.5 -2.98022e-13 0)
(1.5 -3.31206e-13 0)
(1.5 -3.02646e-13 0)
(1.5 -3.55267e-13 0)
(1.5 -3.11186e-13 0)
(1.5 -3.78361e-13 0)
(1.5 -5.44917e-13 0)
(1.5 -4.93238e-13 0)
(1.5 -4.52281e-13 0)
(1.5 -2.66298e-13 0)
(1.5 -1.3044e-13 0)
(1.5 5.47459e-15 0)
(1.5 1.32025e-13 0)
(1.5 7.60057e-14 0)
(1.5 7.60436e-14 0)
(1.5 1.25017e-13 0)
(1.5 2.61247e-13 0)
(1.5 4.78969e-13 0)
(1.5 5.4443e-13 0)
(1.5 4.92801e-13 0)
(1.5 4.1459e-13 0)
(1.5 4.34154e-13 0)
(1.5 3.93849e-13 0)
(1.5 3.62241e-13 0)
(1.5 4.17996e-13 0)
(1.5 4.73635e-13 0)
(1.5 4.85976e-13 0)
(1.5 4.76528e-13 0)
(1.5 4.70316e-13 0)
(1.5 4.56845e-13 0)
(1.5 3.62207e-13 0)
(1.5 2.76125e-13 0)
(1.5 1.35541e-13 0)
(1.5 1.8758e-13 0)
(1.5 1.38841e-13 0)
(1.5 1.93452e-13 0)
(1.5 2.38993e-13 0)
(1.5 1.12292e-13 0)
(1.5 9.10187e-14 0)
(1.5 1.23087e-13 0)
(1.5 2.59499e-13 0)
(1.5 2.77839e-13 0)
(1.5 1.85688e-13 0)
(1.5 1.44732e-13 0)
(1.5 8.49405e-14 0)
(1.5 8.48722e-14 0)
(1.5 2.79165e-14 0)
(1.5 -1.2437e-14 0)
(1.5 7.64301e-14 0)
(1.5 6.65809e-14 0)
(1.5 1.18434e-13 0)
(1.5 1.3492e-13 0)
(1.5 7.10315e-14 0)
(1.5 5.07847e-14 0)
(1.5 3.27275e-14 0)
(1.5 -1.21897e-13 0)
(1.5 -2.01941e-13 0)
(1.5 -2.13294e-13 0)
(1.5 -1.78874e-13 0)
(1.5 -8.46629e-14 0)
(1.5 -1.22853e-13 0)
(1.5 -1.42497e-13 0)
(1.5 -2.02147e-13 0)
(1.5 -1.08069e-13 0)
(1.5 -1.33899e-13 0)
(1.5 -2.03478e-13 0)
(1.5 -2.6031e-13 0)
(1.5 -3.15192e-13 0)
(1.5 -3.57689e-13 0)
(1.5 -3.53856e-13 0)
(1.5 -4.22559e-13 0)
(1.5 -4.71644e-13 0)
(1.5 -4.47094e-13 0)
(1.5 -3.20113e-13 0)
(1.5 -3.21419e-13 0)
(1.5 -2.84088e-13 0)
(1.5 -4.99218e-14 0)
(1.5 8.24316e-14 0)
(1.5 1.689e-13 0)
(1.5 2.4405e-13 0)
(1.5 2.68419e-13 0)
(1.5 2.76166e-13 0)
(1.5 1.94122e-13 0)
(1.5 5.89899e-14 0)
(1.5 -1.02556e-13 0)
(1.5 -1.38581e-13 0)
(1.5 -4.66932e-14 0)
(1.5 -1.05788e-13 0)
(1.5 -6.1876e-14 0)
(1.5 2.75196e-14 0)
(1.5 8.54939e-14 0)
(1.5 8.30284e-15 0)
(1.5 -3.53067e-14 0)
(1.5 -7.82267e-14 0)
(1.5 -6.00892e-14 0)
(1.5 -2.31148e-14 0)
(1.5 -1.18946e-13 0)
(1.5 -1.3785e-13 0)
(1.5 -1.96009e-13 0)
(1.5 -2.49729e-13 0)
(1.5 -4.17079e-14 0)
(1.5 -4.09316e-15 0)
(1.5 1.30062e-13 0)
(1.5 2.09374e-13 0)
(1.5 2.57564e-13 0)
(1.5 2.72324e-13 0)
(1.5 2.80485e-13 0)
(1.5 3.17395e-13 0)
(1.5 2.42226e-13 0)
(1.5 1.33612e-13 0)
(1.5 4.71846e-14 0)
(1.5 9.53017e-15 0)
(1.5 -1.82159e-13 0)
(1.5 -2.91553e-13 0)
(1.5 -3.39426e-13 0)
(1.5 -4.05257e-13 0)
(1.5 -3.48744e-13 0)
(1.5 -2.67978e-13 0)
(1.5 -2.55976e-13 0)
(1.5 -3.14078e-13 0)
(1.5 -2.81888e-13 0)
(1.5 -3.85553e-14 0)
(1.5 -2.91859e-14 0)
(1.5 7.73183e-14 0)
(1.5 -1.39392e-14 0)
(1.5 7.64517e-14 0)
(1.5 1.31154e-13 0)
(1.5 1.4317e-13 0)
(1.5 7.16777e-14 0)
(1.5 7.69998e-14 0)
(1.5 1.02733e-13 0)
(1.5 1.09129e-13 0)
(1.5 7.47118e-14 0)
(1.5 1.32941e-13 0)
(1.5 1.29949e-13 0)
(1.5 2.59526e-14 0)
(1.5 -4.96874e-14 0)
(1.5 -1.54581e-13 0)
(1.5 -2.24769e-13 0)
(1.5 -2.08419e-13 0)
(1.5 -1.89423e-13 0)
(1.5 -1.88202e-13 0)
(1.5 -1.36549e-13 0)
(1.5 -1.46693e-13 0)
(1.5 -8.07697e-14 0)
(1.5 -7.16872e-14 0)
(1.5 -1.06346e-13 0)
(1.5 -1.03255e-13 0)
(1.5 -1.15439e-13 0)
(1.5 -1.90109e-13 0)
(1.5 -2.26966e-13 0)
(1.5 -2.65002e-13 0)
(1.5 -1.82462e-13 0)
(1.5 -1.38005e-13 0)
(1.5 -9.21423e-14 0)
(1.5 -1.94909e-13 0)
(1.5 -2.7458e-13 0)
(1.5 -2.65121e-13 0)
(1.5 -2.80714e-13 0)
(1.5 -2.52753e-13 0)
(1.5 -2.19159e-13 0)
(1.5 -1.95906e-13 0)
(1.5 -1.113e-13 0)
(1.5 -5.75524e-14 0)
(1.5 5.58139e-14 0)
(1.5 2.11097e-14 0)
(1.5 4.78718e-14 0)
(1.5 8.30604e-14 0)
(1.5 9.49306e-14 0)
(1.5 1.82861e-13 0)
(1.5 2.06235e-13 0)
(1.5 2.08078e-13 0)
(1.5 2.6905e-13 0)
(1.5 3.07298e-13 0)
(1.5 3.02209e-13 0)
(1.5 1.61594e-13 0)
(1.5 1.52439e-13 0)
(1.5 1.93884e-13 0)
(1.5 2.29533e-13 0)
(1.5 2.13807e-13 0)
(1.5 2.03989e-13 0)
(1.5 2.20963e-13 0)
(1.5 1.86468e-13 0)
(1.5 1.48163e-13 0)
(1.5 1.83817e-13 0)
(1.5 1.35357e-13 0)
(1.5 1.18776e-13 0)
(1.5 1.73365e-13 0)
(1.5 1.2081e-13 0)
(1.5 4.95049e-14 0)
(1.5 2.54475e-14 0)
(1.5 5.3699e-14 0)
(1.5 1.33694e-14 0)
(1.5 -9.54692e-14 0)
(1.5 -1.51499e-13 0)
(1.5 -2.48383e-13 0)
(1.5 -3.77147e-13 0)
(1.5 -4.25028e-13 0)
(1.5 -3.87107e-13 0)
(1.5 -2.47186e-13 0)
(1.5 -2.56944e-13 0)
(1.5 -3.16465e-13 0)
(1.5 -3.11156e-13 0)
(1.5 -5.24681e-13 0)
(1.5 -4.82331e-13 0)
(1.5 -4.86065e-13 0)
(1.5 -5.47938e-13 0)
(1.5 -4.46401e-13 0)
(1.5 -2.93176e-13 0)
(1.5 -2.07648e-13 0)
(1.5 -1.91119e-13 0)
(1.5 -1.2929e-13 0)
(1.5 1.02283e-13 0)
(1.5 9.298e-14 0)
(1.5 1.39919e-13 0)
(1.5 1.76959e-13 0)
(1.5 2.31323e-13 0)
(1.5 3.12794e-13 0)
(1.5 3.32655e-13 0)
(1.5 2.95758e-13 0)
(1.5 1.8858e-13 0)
(1.5 2.5515e-13 0)
(1.5 3.14837e-13 0)
(1.5 3.97844e-13 0)
(1.5 4.99644e-13 0)
(1.5 4.92701e-13 0)
(1.5 4.59512e-13 0)
(1.5 3.88543e-13 0)
(1.5 2.76097e-13 0)
(1.5 1.91848e-13 0)
(1.5 8.15492e-14 0)
(1.5 3.31027e-14 0)
(1.5 8.33678e-14 0)
(1.5 8.11016e-14 0)
(1.5 1.3048e-13 0)
(1.5 8.7918e-14 0)
(1.5 7.92116e-14 0)
(1.5 -1.01104e-13 0)
(1.5 -1.17052e-13 0)
(1.5 -2.53094e-14 0)
(1.5 1.00957e-13 0)
(1.5 1.10059e-13 0)
(1.5 6.16657e-14 0)
(1.5 3.58974e-14 0)
(1.5 -2.10203e-14 0)
(1.5 -2.32191e-14 0)
(1.5 -7.80527e-15 0)
(1.5 6.22392e-14 0)
(1.5 1.82108e-13 0)
(1.5 1.2852e-13 0)
(1.5 8.13357e-14 0)
(1.5 1.19944e-13 0)
(1.5 1.58076e-13 0)
(1.5 1.44307e-13 0)
(1.5 7.63334e-14 0)
(1.5 -3.20436e-14 0)
(1.5 -1.9996e-13 0)
(1.5 -2.68736e-13 0)
(1.5 -2.11331e-13 0)
(1.5 -1.47245e-13 0)
(1.5 -1.16621e-13 0)
(1.5 -1.87994e-13 0)
(1.5 -1.90376e-13 0)
(1.5 -1.19115e-13 0)
(1.5 -1.74858e-13 0)
(1.5 -3.19952e-13 0)
(1.5 -4.71232e-13 0)
(1.5 -4.51752e-13 0)
(1.5 -3.24754e-13 0)
(1.5 -2.57177e-13 0)
(1.5 -1.71859e-13 0)
(1.5 -3.01718e-13 0)
(1.5 -2.74081e-13 0)
(1.5 -3.26758e-13 0)
(1.5 -4.24566e-13 0)
(1.5 -4.54989e-13 0)
(1.5 -3.04779e-13 0)
(1.5 -5.88906e-14 0)
(1.5 1.83691e-13 0)
(1.5 3.2553e-13 0)
(1.5 3.15271e-13 0)
(1.5 2.95226e-13 0)
(1.5 1.56002e-13 0)
(1.5 7.86626e-14 0)
(1.5 -1.12292e-16 0)
(1.5 8.2275e-15 0)
(1.5 3.1011e-14 0)
(1.5 -1.70072e-14 0)
(1.5 -4.7302e-14 0)
(1.5 2.50786e-14 0)
(1.5 -1.06947e-14 0)
(1.5 -1.70225e-13 0)
(1.5 -1.74603e-13 0)
(1.5 -1.96595e-13 0)
(1.5 -2.09893e-13 0)
(1.5 -1.42936e-13 0)
(1.5 -1.5009e-13 0)
(1.5 -1.5025e-13 0)
(1.5 -1.64553e-13 0)
(1.5 -1.14954e-13 0)
(1.5 1.00924e-13 0)
(1.5 8.93513e-14 0)
(1.5 1.31656e-13 0)
(1.5 1.47782e-13 0)
(1.5 2.34154e-13 0)
(1.5 2.03112e-13 0)
(1.5 1.56235e-13 0)
(1.5 1.79232e-13 0)
(1.5 2.02508e-13 0)
(1.5 1.94125e-13 0)
(1.5 7.23841e-14 0)
(1.5 -5.86967e-14 0)
(1.5 -1.58619e-13 0)
(1.5 -1.96331e-13 0)
(1.5 -1.83027e-13 0)
(1.5 -2.20031e-13 0)
(1.5 -1.41556e-13 0)
(1.5 -1.78641e-13 0)
(1.5 -2.89147e-13 0)
(1.5 -4.27435e-13 0)
(1.5 -4.36832e-13 0)
(1.5 -7.9951e-15 0)
(1.5 -5.78143e-14 0)
(1.5 1.1939e-14 0)
(1.5 -7.90399e-14 0)
(1.5 -8.74211e-14 0)
(1.5 -1.70193e-14 0)
(1.5 1.8276e-14 0)
(1.5 1.07147e-13 0)
(1.5 1.70283e-13 0)
(1.5 2.69011e-13 0)
(1.5 2.24904e-13 0)
(1.5 1.12651e-13 0)
(1.5 1.87838e-13 0)
(1.5 2.08046e-13 0)
(1.5 1.78721e-14 0)
(1.5 -1.01477e-13 0)
(1.5 -2.44602e-13 0)
(1.5 -2.50565e-13 0)
(1.5 -2.64316e-13 0)
(1.5 -2.37051e-13 0)
(1.5 -1.76062e-13 0)
(1.5 -7.05896e-14 0)
(1.5 -6.24442e-14 0)
(1.5 -1.02728e-13 0)
(1.5 -1.38937e-13 0)
(1.5 -6.9344e-14 0)
(1.5 -1.39196e-13 0)
(1.5 -9.6152e-14 0)
(1.5 -1.35859e-13 0)
(1.5 -2.07414e-13 0)
(1.5 -3.33191e-13 0)
(1.5 -2.1679e-13 0)
(1.5 -7.55199e-14 0)
(1.5 -4.48234e-14 0)
(1.5 -1.2571e-13 0)
(1.5 -2.2797e-13 0)
(1.5 -2.0487e-13 0)
(1.5 -2.46066e-13 0)
(1.5 -2.58367e-13 0)
(1.5 -3.06516e-13 0)
(1.5 -2.00121e-13 0)
(1.5 -3.47647e-14 0)
(1.5 1.0351e-13 0)
(1.5 2.42392e-13 0)
(1.5 2.40818e-13 0)
(1.5 1.87586e-13 0)
(1.5 1.54002e-13 0)
(1.5 9.18315e-14 0)
(1.5 1.39296e-13 0)
(1.5 1.50221e-13 0)
(1.5 1.61298e-13 0)
(1.5 2.03552e-13 0)
(1.5 3.27945e-13 0)
(1.5 2.91003e-13 0)
(1.5 1.9979e-13 0)
(1.5 2.12788e-13 0)
(1.5 2.03493e-13 0)
(1.5 1.42192e-13 0)
(1.5 1.87969e-13 0)
(1.5 2.52634e-13 0)
(1.5 2.21651e-13 0)
(1.5 1.76294e-13 0)
(1.5 1.56057e-13 0)
(1.5 2.4675e-13 0)
(1.5 2.16098e-13 0)
(1.5 9.19005e-14 0)
(1.5 6.66801e-14 0)
(1.5 8.29145e-14 0)
(1.5 9.73525e-14 0)
(1.5 8.17489e-14 0)
(1.5 2.4536e-14 0)
(1.5 -2.8735e-14 0)
(1.5 -9.31216e-14 0)
(1.5 -1.97931e-13 0)
(1.5 -3.15206e-13 0)
(1.5 -3.82928e-13 0)
(1.5 -4.68788e-13 0)
(1.5 -3.09252e-13 0)
(1.5 -1.90169e-13 0)
(1.5 -2.57276e-13 0)
(1.5 -3.45174e-13 0)
(1.5 -4.80421e-13 0)
(1.5 -5.90615e-13 0)
(1.5 -5.48121e-13 0)
(1.5 -4.51172e-13 0)
(1.5 -4.3203e-13 0)
(1.5 -4.06364e-13 0)
(1.5 -2.2191e-13 0)
(1.5 -1.88749e-13 0)
(1.5 -1.7943e-13 0)
(1.5 -1.23916e-13 0)
(1.5 8.99107e-14 0)
(1.5 9.99264e-14 0)
(1.5 1.12763e-13 0)
(1.5 1.005e-13 0)
(1.5 1.54517e-13 0)
(1.5 2.22399e-13 0)
(1.5 2.47604e-13 0)
(1.5 2.33661e-13 0)
(1.5 2.23132e-13 0)
(1.5 2.32315e-13 0)
(1.5 2.76167e-13 0)
(1.5 3.75887e-13 0)
(1.5 4.30029e-13 0)
(1.5 4.011e-13 0)
(1.5 3.2309e-13 0)
(1.5 2.46113e-13 0)
(1.5 1.83791e-13 0)
(1.5 1.24962e-13 0)
(1.5 3.50688e-15 0)
(1.5 6.30438e-15 0)
(1.5 1.55541e-13 0)
(1.5 1.48796e-13 0)
(1.5 1.53283e-13 0)
(1.5 4.11141e-14 0)
(1.5 3.84268e-14 0)
(1.5 -8.01382e-14 0)
(1.5 -8.17154e-14 0)
(1.5 3.04276e-14 0)
(1.5 9.23133e-14 0)
(1.5 7.86657e-14 0)
(1.5 6.22775e-14 0)
(1.5 -8.28624e-15 0)
(1.5 -1.1809e-14 0)
(1.5 -4.60008e-14 0)
(1.5 2.8218e-14 0)
(1.5 7.92768e-14 0)
(1.5 1.44383e-13 0)
(1.5 1.06775e-13 0)
(1.5 5.2544e-14 0)
(1.5 7.39996e-14 0)
(1.5 1.81548e-13 0)
(1.5 1.59746e-13 0)
(1.5 6.23492e-14 0)
(1.5 -1.52702e-14 0)
(1.5 -1.56429e-13 0)
(1.5 -2.08419e-13 0)
(1.5 -1.9508e-13 0)
(1.5 -1.70425e-13 0)
(1.5 -1.41161e-13 0)
(1.5 -2.59337e-13 0)
(1.5 -2.08383e-13 0)
(1.5 -1.79615e-13 0)
(1.5 -2.00283e-13 0)
(1.5 -3.30573e-13 0)
(1.5 -4.55784e-13 0)
(1.5 -4.37895e-13 0)
(1.5 -2.26523e-13 0)
(1.5 -1.13135e-13 0)
(1.5 1.35305e-14 0)
(1.5 -1.16094e-13 0)
(1.5 -1.73317e-13 0)
(1.5 -2.70193e-13 0)
(1.5 -3.92436e-13 0)
(1.5 -3.35151e-13 0)
(1.5 -2.55686e-13 0)
(1.5 -2.44601e-14 0)
(1.5 1.71906e-13 0)
(1.5 3.4081e-13 0)
(1.5 2.80776e-13 0)
(1.5 2.47591e-13 0)
(1.5 1.40246e-13 0)
(1.5 8.2588e-14 0)
(1.5 5.8709e-14 0)
(1.5 7.54495e-14 0)
(1.5 1.12494e-13 0)
(1.5 9.91123e-14 0)
(1.5 9.63893e-14 0)
(1.5 1.32414e-13 0)
(1.5 2.17391e-15 0)
(1.5 -1.77307e-13 0)
(1.5 -1.46678e-13 0)
(1.5 -1.60455e-13 0)
(1.5 -2.87774e-13 0)
(1.5 -2.66077e-13 0)
(1.5 -2.57764e-13 0)
(1.5 -2.34712e-13 0)
(1.5 -1.46128e-13 0)
(1.5 7.28232e-15 0)
(1.5 1.7893e-13 0)
(1.5 1.60699e-13 0)
(1.5 8.03027e-14 0)
(1.5 1.01143e-13 0)
(1.5 2.27638e-13 0)
(1.5 1.70687e-13 0)
(1.5 1.5502e-13 0)
(1.5 1.15358e-13 0)
(1.5 1.49162e-13 0)
(1.5 2.15618e-13 0)
(1.5 1.1231e-13 0)
(1.5 -7.15331e-14 0)
(1.5 -5.34045e-14 0)
(1.5 2.67608e-15 0)
(1.5 3.39166e-14 0)
(1.5 -7.91728e-14 0)
(1.5 -9.66768e-14 0)
(1.5 -1.61376e-13 0)
(1.5 -3.39636e-13 0)
(1.5 -5.01595e-13 0)
(1.5 -5.9228e-13 0)
(1.5 -3.40765e-14 0)
(1.5 -1.53237e-13 0)
(1.5 -2.01762e-13 0)
(1.5 -2.06948e-13 0)
(1.5 -1.7853e-13 0)
(1.5 -9.05872e-14 0)
(1.5 4.52639e-14 0)
(1.5 2.02524e-13 0)
(1.5 3.02829e-13 0)
(1.5 3.8522e-13 0)
(1.5 2.75821e-13 0)
(1.5 2.14616e-13 0)
(1.5 1.80219e-13 0)
(1.5 8.5983e-14 0)
(1.5 1.07684e-14 0)
(1.5 -1.82847e-14 0)
(1.5 -1.07161e-13 0)
(1.5 -1.78838e-13 0)
(1.5 -2.26934e-13 0)
(1.5 -3.14899e-13 0)
(1.5 -2.37291e-13 0)
(1.5 -1.7564e-13 0)
(1.5 -1.69242e-13 0)
(1.5 -1.43549e-13 0)
(1.5 -1.64325e-13 0)
(1.5 -1.32631e-13 0)
(1.5 -2.11804e-13 0)
(1.5 -1.52523e-13 0)
(1.5 -1.18833e-13 0)
(1.5 -2.103e-13 0)
(1.5 -3.50673e-13 0)
(1.5 -2.7096e-13 0)
(1.5 -1.27322e-13 0)
(1.5 -8.15698e-14 0)
(1.5 -1.15919e-13 0)
(1.5 -2.42256e-13 0)
(1.5 -2.73688e-13 0)
(1.5 -3.11706e-13 0)
(1.5 -3.23913e-13 0)
(1.5 -3.86168e-13 0)
(1.5 -2.80488e-13 0)
(1.5 -1.21519e-13 0)
(1.5 -5.71596e-15 0)
(1.5 4.36444e-14 0)
(1.5 8.9843e-14 0)
(1.5 6.59026e-14 0)
(1.5 2.47391e-14 0)
(1.5 -1.18089e-14 0)
(1.5 3.96242e-14 0)
(1.5 1.06527e-13 0)
(1.5 1.03095e-13 0)
(1.5 1.39674e-13 0)
(1.5 1.69863e-13 0)
(1.5 1.27622e-13 0)
(1.5 1.27925e-13 0)
(1.5 1.16874e-13 0)
(1.5 9.53535e-14 0)
(1.5 -3.80455e-14 0)
(1.5 1.53365e-14 0)
(1.5 5.53843e-14 0)
(1.5 7.87195e-14 0)
(1.5 3.55625e-14 0)
(1.5 7.29188e-14 0)
(1.5 1.44949e-13 0)
(1.5 1.08352e-13 0)
(1.5 5.42849e-14 0)
(1.5 -1.49755e-14 0)
(1.5 7.78476e-15 0)
(1.5 2.87276e-14 0)
(1.5 -2.27668e-14 0)
(1.5 -8.3139e-15 0)
(1.5 -5.51932e-14 0)
(1.5 -4.08479e-14 0)
(1.5 -1.12916e-13 0)
(1.5 -1.21153e-13 0)
(1.5 -1.1936e-13 0)
(1.5 -2.57968e-13 0)
(1.5 -2.93138e-13 0)
(1.5 -2.84102e-13 0)
(1.5 -2.84015e-13 0)
(1.5 -3.56834e-13 0)
(1.5 -4.89678e-13 0)
(1.5 -4.63484e-13 0)
(1.5 -4.65649e-13 0)
(1.5 -3.41127e-13 0)
(1.5 -2.62743e-13 0)
(1.5 -2.85226e-13 0)
(1.5 -2.39619e-13 0)
(1.5 -2.83121e-13 0)
(1.5 -3.13685e-13 0)
(1.5 -1.75996e-13 0)
(1.5 -7.26413e-14 0)
(1.5 1.47876e-14 0)
(1.5 -9.9004e-15 0)
(1.5 -1.77803e-14 0)
(1.5 1.50448e-13 0)
(1.5 2.03501e-13 0)
(1.5 2.86421e-13 0)
(1.5 2.74705e-13 0)
(1.5 3.31789e-13 0)
(1.5 3.28794e-13 0)
(1.5 2.86215e-13 0)
(1.5 2.58607e-13 0)
(1.5 2.15102e-13 0)
(1.5 1.81527e-13 0)
(1.5 2.09223e-13 0)
(1.5 1.69052e-13 0)
(1.5 2.06565e-13 0)
(1.5 1.50509e-13 0)
(1.5 6.4436e-14 0)
(1.5 8.41179e-14 0)
(1.5 1.58863e-13 0)
(1.5 1.66044e-13 0)
(1.5 1.92086e-13 0)
(1.5 1.11033e-13 0)
(1.5 9.78224e-14 0)
(1.5 9.13606e-14 0)
(1.5 1.20972e-13 0)
(1.5 1.85746e-13 0)
(1.5 1.78256e-13 0)
(1.5 1.46309e-13 0)
(1.5 1.22548e-13 0)
(1.5 6.3399e-14 0)
(1.5 1.01912e-13 0)
(1.5 4.756e-14 0)
(1.5 3.6637e-14 0)
(1.5 2.81738e-14 0)
(1.5 6.75058e-14 0)
(1.5 -1.30028e-14 0)
(1.5 -5.04046e-14 0)
(1.5 -3.76691e-14 0)
(1.5 3.37401e-14 0)
(1.5 6.90741e-14 0)
(1.5 5.96138e-14 0)
(1.5 3.30166e-15 0)
(1.5 4.19614e-14 0)
(1.5 -1.25486e-14 0)
(1.5 -1.02701e-13 0)
(1.5 -1.12871e-13 0)
(1.5 -1.03059e-13 0)
(1.5 -1.97824e-13 0)
(1.5 -2.45342e-13 0)
(1.5 -2.68061e-13 0)
(1.5 -3.05044e-13 0)
(1.5 -3.63037e-13 0)
(1.5 -3.37636e-13 0)
(1.5 -3.61525e-13 0)
(1.5 -2.05472e-13 0)
(1.5 -8.17485e-14 0)
(1.5 -5.29227e-14 0)
(1.5 -7.91296e-14 0)
(1.5 -1.52244e-13 0)
(1.5 -1.34319e-13 0)
(1.5 -1.72536e-13 0)
(1.5 -1.06456e-13 0)
(1.5 -1.14172e-13 0)
(1.5 -3.29682e-14 0)
(1.5 1.31948e-13 0)
(1.5 3.37404e-13 0)
(1.5 3.0336e-13 0)
(1.5 3.35465e-13 0)
(1.5 2.7185e-13 0)
(1.5 1.53376e-13 0)
(1.5 1.0302e-13 0)
(1.5 4.30474e-14 0)
(1.5 8.88322e-14 0)
(1.5 1.62221e-13 0)
(1.5 1.96862e-13 0)
(1.5 2.8914e-13 0)
(1.5 1.49966e-13 0)
(1.5 1.10076e-13 0)
(1.5 7.40465e-14 0)
(1.5 -3.74052e-14 0)
(1.5 -1.80467e-13 0)
(1.5 -2.3347e-13 0)
(1.5 -1.88411e-13 0)
(1.5 -1.18218e-13 0)
(1.5 -6.57142e-14 0)
(1.5 1.31104e-13 0)
(1.5 1.66661e-13 0)
(1.5 1.34067e-13 0)
(1.5 7.56507e-14 0)
(1.5 1.16997e-13 0)
(1.5 2.37814e-13 0)
(1.5 1.25973e-13 0)
(1.5 1.49834e-13 0)
(1.5 1.63127e-13 0)
(1.5 1.11624e-13 0)
(1.5 2.3587e-13 0)
(1.5 1.72761e-13 0)
(1.5 2.48501e-15 0)
(1.5 1.01051e-13 0)
(1.5 5.48339e-14 0)
(1.5 5.72527e-14 0)
(1.5 -1.92549e-14 0)
(1.5 -1.38982e-13 0)
(1.5 -1.33562e-13 0)
(1.5 -3.35439e-13 0)
(1.5 -4.36445e-13 0)
(1.5 -5.88273e-13 0)
(1.5 -1.10812e-13 0)
(1.5 -2.19806e-13 0)
(1.5 -3.18236e-13 0)
(1.5 -2.70477e-13 0)
(1.5 -1.79172e-13 0)
(1.5 -7.64163e-14 0)
(1.5 1.02193e-13 0)
(1.5 2.21456e-13 0)
(1.5 2.72804e-13 0)
(1.5 2.54114e-13 0)
(1.5 2.58253e-13 0)
(1.5 2.13603e-13 0)
(1.5 1.51785e-13 0)
(1.5 3.01581e-14 0)
(1.5 2.27556e-14 0)
(1.5 6.35031e-14 0)
(1.5 1.90445e-14 0)
(1.5 -1.23116e-14 0)
(1.5 -2.07722e-14 0)
(1.5 -1.05372e-13 0)
(1.5 -2.03022e-14 0)
(1.5 9.60934e-15 0)
(1.5 -4.94345e-14 0)
(1.5 -5.1005e-14 0)
(1.5 -6.0531e-14 0)
(1.5 -2.82762e-14 0)
(1.5 6.12162e-15 0)
(1.5 -5.23284e-14 0)
(1.5 -5.4e-14 0)
(1.5 -9.03454e-14 0)
(1.5 -1.26986e-13 0)
(1.5 -1.53627e-13 0)
(1.5 -8.14329e-14 0)
(1.5 -3.90336e-14 0)
(1.5 -2.91852e-14 0)
(1.5 -1.12405e-13 0)
(1.5 -2.05532e-13 0)
(1.5 -2.16947e-13 0)
(1.5 -1.41692e-13 0)
(1.5 -1.90149e-13 0)
(1.5 -1.46149e-13 0)
(1.5 -7.6419e-14 0)
(1.5 -5.51203e-14 0)
(1.5 -5.22105e-14 0)
(1.5 -2.86234e-14 0)
(1.5 8.41993e-15 0)
(1.5 2.03829e-14 0)
(1.5 6.73442e-14 0)
(1.5 1.21689e-13 0)
(1.5 2.22033e-13 0)
(1.5 2.15523e-13 0)
(1.5 2.2544e-13 0)
(1.5 1.67216e-13 0)
(1.5 1.50088e-13 0)
(1.5 1.66171e-13 0)
(1.5 1.37854e-13 0)
(1.5 7.77439e-14 0)
(1.5 -5.91798e-14 0)
(1.5 -5.44808e-14 0)
(1.5 -2.35573e-14 0)
(1.5 2.08994e-14 0)
(1.5 1.31325e-14 0)
(1.5 3.14592e-14 0)
(1.5 8.50524e-14 0)
(1.5 4.94926e-14 0)
(1.5 1.21341e-13 0)
(1.5 8.57532e-14 0)
(1.5 8.67353e-14 0)
(1.5 6.59628e-14 0)
(1.5 8.92771e-15 0)
(1.5 3.28993e-14 0)
(1.5 -9.48042e-15 0)
(1.5 3.66201e-14 0)
(1.5 4.05485e-14 0)
(1.5 4.06718e-14 0)
(1.5 5.86178e-14 0)
(1.5 -3.06722e-14 0)
(1.5 -1.31358e-13 0)
(1.5 -1.80499e-13 0)
(1.5 -1.4928e-13 0)
(1.5 -2.31754e-13 0)
(1.5 -2.88629e-13 0)
(1.5 -2.44153e-13 0)
(1.5 -3.38176e-13 0)
(1.5 -2.82344e-13 0)
(1.5 -1.57355e-13 0)
(1.5 -1.78944e-13 0)
(1.5 -2.53262e-13 0)
(1.5 -3.85738e-13 0)
(1.5 -4.13056e-13 0)
(1.5 -3.03159e-13 0)
(1.5 -2.86205e-13 0)
(1.5 -1.86785e-13 0)
(1.5 -1.27915e-13 0)
(1.5 -4.72486e-14 0)
(1.5 4.40856e-14 0)
(1.5 8.85424e-14 0)
(1.5 1.76525e-13 0)
(1.5 2.05534e-13 0)
(1.5 2.00524e-13 0)
(1.5 2.27085e-13 0)
(1.5 2.51878e-13 0)
(1.5 2.4336e-13 0)
(1.5 1.76034e-13 0)
(1.5 1.12425e-13 0)
(1.5 2.60578e-13 0)
(1.5 2.27651e-13 0)
(1.5 1.49008e-13 0)
(1.5 2.84821e-14 0)
(1.5 -5.67944e-14 0)
(1.5 -2.41111e-14 0)
(1.5 3.87482e-14 0)
(1.5 1.15159e-13 0)
(1.5 1.9898e-13 0)
(1.5 1.84055e-13 0)
(1.5 9.11245e-14 0)
(1.5 1.14091e-13 0)
(1.5 1.38e-13 0)
(1.5 1.40708e-13 0)
(1.5 8.17578e-14 0)
(1.5 5.32768e-14 0)
(1.5 7.32922e-14 0)
(1.5 1.10871e-13 0)
(1.5 1.61959e-13 0)
(1.5 1.73927e-13 0)
(1.5 3.66073e-14 0)
(1.5 -6.18756e-14 0)
(1.5 -6.37259e-14 0)
(1.5 -1.04601e-13 0)
(1.5 -1.15242e-13 0)
(1.5 -6.77261e-14 0)
(1.5 -2.92088e-14 0)
(1.5 3.82392e-14 0)
(1.5 4.53786e-14 0)
(1.5 3.06078e-14 0)
(1.5 5.9294e-14 0)
(1.5 -3.13921e-14 0)
(1.5 -8.12711e-14 0)
(1.5 -1.5748e-13 0)
(1.5 -1.24498e-13 0)
(1.5 -1.47816e-13 0)
(1.5 -2.21759e-13 0)
(1.5 -3.53667e-13 0)
(1.5 -4.34568e-13 0)
(1.5 -3.68301e-13 0)
(1.5 -2.23843e-13 0)
(1.5 -1.45672e-13 0)
(1.5 -1.9607e-13 0)
(1.5 -1.18502e-13 0)
(1.5 -2.52554e-14 0)
(1.5 7.84277e-14 0)
(1.5 7.96754e-14 0)
(1.5 4.96989e-14 0)
(1.5 2.29856e-14 0)
(1.5 -5.48232e-14 0)
(1.5 -1.75767e-13 0)
(1.5 -1.75944e-13 0)
(1.5 -5.99082e-14 0)
(1.5 1.02442e-13 0)
(1.5 2.50827e-13 0)
(1.5 2.98862e-13 0)
(1.5 2.21036e-13 0)
(1.5 6.61469e-14 0)
(1.5 2.22793e-14 0)
(1.5 -5.28349e-14 0)
(1.5 -7.29081e-14 0)
(1.5 3.57675e-14 0)
(1.5 1.17641e-13 0)
(1.5 2.20194e-13 0)
(1.5 2.14433e-13 0)
(1.5 2.01478e-13 0)
(1.5 1.92862e-13 0)
(1.5 7.20292e-14 0)
(1.5 3.34166e-15 0)
(1.5 -1.49791e-13 0)
(1.5 -1.01933e-13 0)
(1.5 2.73711e-14 0)
(1.5 2.35663e-14 0)
(1.5 1.05546e-13 0)
(1.5 9.76556e-14 0)
(1.5 7.41552e-14 0)
(1.5 8.74546e-14 0)
(1.5 9.49582e-14 0)
(1.5 1.5281e-13 0)
(1.5 1.58134e-13 0)
(1.5 2.28747e-13 0)
(1.5 2.88923e-13 0)
(1.5 1.73214e-13 0)
(1.5 2.78653e-13 0)
(1.5 2.98714e-13 0)
(1.5 2.24187e-13 0)
(1.5 2.64283e-13 0)
(1.5 9.57229e-14 0)
(1.5 4.70635e-14 0)
(1.5 9.97545e-14 0)
(1.5 -2.72181e-14 0)
(1.5 -1.45015e-13 0)
(1.5 -3.29821e-13 0)
(1.5 -3.83892e-13 0)
(1.5 -4.59864e-13 0)
(1.5 -6.6187e-14 0)
(1.5 -1.35117e-13 0)
(1.5 -2.84411e-13 0)
(1.5 -2.93094e-13 0)
(1.5 -2.59581e-13 0)
(1.5 -1.86123e-13 0)
(1.5 -8.38926e-14 0)
(1.5 4.17638e-14 0)
(1.5 1.22751e-13 0)
(1.5 1.55731e-13 0)
(1.5 3.25916e-13 0)
(1.5 1.45807e-13 0)
(1.5 4.04018e-14 0)
(1.5 4.32679e-14 0)
(1.5 5.01981e-14 0)
(1.5 9.77395e-14 0)
(1.5 7.56242e-14 0)
(1.5 1.26421e-13 0)
(1.5 1.4854e-13 0)
(1.5 1.47827e-13 0)
(1.5 1.99024e-13 0)
(1.5 1.69993e-13 0)
(1.5 7.6865e-14 0)
(1.5 1.47679e-14 0)
(1.5 -1.51164e-14 0)
(1.5 -2.09033e-15 0)
(1.5 7.07932e-14 0)
(1.5 -4.40543e-14 0)
(1.5 -1.60659e-14 0)
(1.5 -2.92807e-14 0)
(1.5 3.26688e-14 0)
(1.5 -6.07902e-14 0)
(1.5 -8.51726e-14 0)
(1.5 -3.91519e-14 0)
(1.5 -2.99963e-14 0)
(1.5 -4.88544e-14 0)
(1.5 -1.2524e-13 0)
(1.5 -6.79697e-14 0)
(1.5 4.8427e-14 0)
(1.5 3.33947e-14 0)
(1.5 -5.04964e-15 0)
(1.5 -2.67889e-14 0)
(1.5 -2.25677e-14 0)
(1.5 -7.53279e-14 0)
(1.5 -8.32578e-14 0)
(1.5 -2.55771e-14 0)
(1.5 -2.15444e-14 0)
(1.5 8.13081e-14 0)
(1.5 8.37208e-14 0)
(1.5 1.64374e-13 0)
(1.5 2.32153e-13 0)
(1.5 2.16834e-13 0)
(1.5 1.67898e-13 0)
(1.5 1.43134e-13 0)
(1.5 1.36327e-13 0)
(1.5 1.02748e-13 0)
(1.5 1.00946e-14 0)
(1.5 -2.73114e-14 0)
(1.5 -4.84154e-14 0)
(1.5 -2.3079e-14 0)
(1.5 -2.86223e-14 0)
(1.5 2.39901e-15 0)
(1.5 8.78481e-15 0)
(1.5 7.91836e-15 0)
(1.5 -3.07683e-14 0)
(1.5 7.10115e-14 0)
(1.5 7.39964e-14 0)
(1.5 1.10851e-13 0)
(1.5 7.32633e-14 0)
(1.5 2.4136e-14 0)
(1.5 8.46102e-15 0)
(1.5 9.69808e-14 0)
(1.5 1.0586e-13 0)
(1.5 1.36751e-13 0)
(1.5 1.36565e-13 0)
(1.5 6.65429e-14 0)
(1.5 5.05178e-14 0)
(1.5 -4.09272e-14 0)
(1.5 -1.33583e-13 0)
(1.5 -7.78205e-14 0)
(1.5 -7.839e-14 0)
(1.5 -1.49951e-13 0)
(1.5 -1.323e-13 0)
(1.5 -2.01016e-13 0)
(1.5 -2.186e-13 0)
(1.5 -1.41974e-13 0)
(1.5 -1.05289e-13 0)
(1.5 -2.3149e-13 0)
(1.5 -4.63994e-13 0)
(1.5 -3.7181e-13 0)
(1.5 -3.55302e-13 0)
(1.5 -3.5005e-13 0)
(1.5 -2.97146e-13 0)
(1.5 -2.29804e-13 0)
(1.5 -1.37712e-13 0)
(1.5 -8.5266e-14 0)
(1.5 -2.99494e-14 0)
(1.5 4.82302e-14 0)
(1.5 1.67931e-13 0)
(1.5 1.8983e-13 0)
(1.5 1.84929e-13 0)
(1.5 1.78887e-13 0)
(1.5 2.3248e-13 0)
(1.5 2.4875e-13 0)
(1.5 2.64495e-13 0)
(1.5 3.71181e-13 0)
(1.5 2.58821e-13 0)
(1.5 1.0437e-13 0)
(1.5 -6.08118e-14 0)
(1.5 -1.29387e-13 0)
(1.5 -6.86834e-14 0)
(1.5 2.33292e-14 0)
(1.5 1.19002e-13 0)
(1.5 2.22724e-13 0)
(1.5 2.54298e-13 0)
(1.5 1.00944e-13 0)
(1.5 7.65042e-14 0)
(1.5 8.88796e-14 0)
(1.5 -2.79108e-14 0)
(1.5 -3.64771e-14 0)
(1.5 3.62545e-14 0)
(1.5 4.37804e-14 0)
(1.5 4.25331e-14 0)
(1.5 1.4748e-14 0)
(1.5 8.0393e-14 0)
(1.5 9.30749e-15 0)
(1.5 -1.71025e-13 0)
(1.5 -2.32656e-13 0)
(1.5 -1.5963e-13 0)
(1.5 -5.5073e-14 0)
(1.5 -7.90887e-14 0)
(1.5 -5.17893e-14 0)
(1.5 -3.99019e-15 0)
(1.5 -1.74817e-14 0)
(1.5 -1.85366e-15 0)
(1.5 -6.39449e-14 0)
(1.5 -1.23976e-13 0)
(1.5 -9.07537e-14 0)
(1.5 -1.34894e-13 0)
(1.5 -7.50268e-14 0)
(1.5 -1.49161e-14 0)
(1.5 -3.68512e-14 0)
(1.5 -2.16819e-13 0)
(1.5 -3.09591e-13 0)
(1.5 -1.68705e-13 0)
(1.5 -3.45573e-14 0)
(1.5 4.82845e-15 0)
(1.5 -1.57222e-13 0)
(1.5 -1.7692e-13 0)
(1.5 -4.16002e-14 0)
(1.5 1.8403e-13 0)
(1.5 2.49123e-13 0)
(1.5 1.1224e-13 0)
(1.5 4.3893e-14 0)
(1.5 -9.52657e-14 0)
(1.5 -1.98103e-13 0)
(1.5 -1.37695e-13 0)
(1.5 -5.32034e-14 0)
(1.5 -1.68532e-14 0)
(1.5 1.29508e-13 0)
(1.5 1.22448e-13 0)
(1.5 1.45328e-14 0)
(1.5 -1.1672e-13 0)
(1.5 -1.27069e-13 0)
(1.5 -1.5041e-13 0)
(1.5 -1.2767e-13 0)
(1.5 1.84581e-14 0)
(1.5 9.21604e-14 0)
(1.5 1.34137e-13 0)
(1.5 2.15616e-13 0)
(1.5 2.87385e-13 0)
(1.5 3.41084e-13 0)
(1.5 1.87646e-13 0)
(1.5 7.45837e-14 0)
(1.5 -2.55114e-14 0)
(1.5 -2.31421e-14 0)
(1.5 3.45645e-14 0)
(1.5 -4.90705e-14 0)
(1.5 -4.74047e-14 0)
(1.5 1.2871e-14 0)
(1.5 8.08966e-14 0)
(1.5 9.77482e-14 0)
(1.5 4.66246e-14 0)
(1.5 2.16683e-14 0)
(1.5 1.31534e-13 0)
(1.5 1.7405e-13 0)
(1.5 3.0467e-13 0)
(1.5 2.45763e-13 0)
(1.5 2.19104e-13 0)
(1.5 2.7519e-13 0)
(1.5 3.03237e-13 0)
(1.5 3.16727e-13 0)
(1.5 1.88433e-13 0)
(1.5 6.91682e-14 0)
(1.5 1.47523e-13 0)
(1.5 3.62857e-14 0)
(1.5 -2.09421e-13 0)
(1.5 -3.98798e-13 0)
(1.5 -4.49828e-13 0)
(1.5 -4.4001e-13 0)
(1.5 -6.04271e-14 0)
(1.5 -4.82352e-14 0)
(1.5 -1.66254e-13 0)
(1.5 -2.16813e-13 0)
(1.5 -2.15924e-13 0)
(1.5 -1.80246e-13 0)
(1.5 -1.92847e-13 0)
(1.5 -1.10373e-13 0)
(1.5 4.38573e-14 0)
(1.5 2.19271e-13 0)
(1.5 3.71909e-13 0)
(1.5 2.1237e-13 0)
(1.5 7.02323e-14 0)
(1.5 9.90725e-14 0)
(1.5 1.00203e-13 0)
(1.5 1.40083e-13 0)
(1.5 1.21721e-13 0)
(1.5 1.36187e-13 0)
(1.5 1.63391e-13 0)
(1.5 2.12739e-13 0)
(1.5 2.29364e-13 0)
(1.5 1.90788e-13 0)
(1.5 1.006e-13 0)
(1.5 6.709e-14 0)
(1.5 6.99575e-14 0)
(1.5 2.98164e-14 0)
(1.5 7.29552e-14 0)
(1.5 7.5563e-15 0)
(1.5 7.82212e-14 0)
(1.5 3.84034e-14 0)
(1.5 4.32319e-14 0)
(1.5 -4.90562e-14 0)
(1.5 -1.12966e-13 0)
(1.5 -3.37078e-14 0)
(1.5 3.86133e-15 0)
(1.5 1.51503e-15 0)
(1.5 -3.16374e-14 0)
(1.5 -1.23954e-14 0)
(1.5 5.79422e-14 0)
(1.5 1.14408e-13 0)
(1.5 8.84283e-14 0)
(1.5 5.52972e-14 0)
(1.5 4.76871e-14 0)
(1.5 1.00069e-14 0)
(1.5 -5.08843e-14 0)
(1.5 -6.30782e-14 0)
(1.5 -7.61068e-14 0)
(1.5 7.50768e-15 0)
(1.5 1.58959e-14 0)
(1.5 6.97848e-14 0)
(1.5 1.61356e-13 0)
(1.5 1.5557e-13 0)
(1.5 1.67171e-13 0)
(1.5 1.28751e-13 0)
(1.5 9.09161e-14 0)
(1.5 3.1089e-14 0)
(1.5 -1.64632e-14 0)
(1.5 -3.03661e-15 0)
(1.5 -3.29568e-14 0)
(1.5 -4.77348e-14 0)
(1.5 -4.34622e-14 0)
(1.5 2.06085e-14 0)
(1.5 6.34235e-14 0)
(1.5 5.42655e-14 0)
(1.5 1.5145e-15 0)
(1.5 -2.76544e-14 0)
(1.5 -5.61403e-15 0)
(1.5 9.10669e-14 0)
(1.5 9.61341e-14 0)
(1.5 4.78318e-14 0)
(1.5 -3.99587e-14 0)
(1.5 5.53609e-14 0)
(1.5 4.87293e-14 0)
(1.5 1.15121e-13 0)
(1.5 9.03531e-14 0)
(1.5 -1.33418e-14 0)
(1.5 1.26441e-14 0)
(1.5 -3.0115e-14 0)
(1.5 -9.37187e-14 0)
(1.5 -3.60782e-14 0)
(1.5 -2.86848e-15 0)
(1.5 -6.42646e-14 0)
(1.5 -1.09517e-13 0)
(1.5 -1.28737e-13 0)
(1.5 -1.64747e-13 0)
(1.5 -1.55084e-13 0)
(1.5 -5.33597e-14 0)
(1.5 -1.92178e-13 0)
(1.5 -3.718e-13 0)
(1.5 -2.5728e-13 0)
(1.5 -2.74089e-13 0)
(1.5 -2.63934e-13 0)
(1.5 -1.73059e-13 0)
(1.5 -1.79867e-13 0)
(1.5 -1.0994e-13 0)
(1.5 -5.14476e-14 0)
(1.5 -2.32343e-14 0)
(1.5 3.71993e-14 0)
(1.5 1.83271e-13 0)
(1.5 2.31262e-13 0)
(1.5 2.00182e-13 0)
(1.5 2.19849e-13 0)
(1.5 2.57802e-13 0)
(1.5 2.32764e-13 0)
(1.5 2.18587e-13 0)
(1.5 2.23649e-13 0)
(1.5 1.8108e-13 0)
(1.5 6.58903e-14 0)
(1.5 -4.79411e-14 0)
(1.5 -2.32493e-14 0)
(1.5 1.45113e-14 0)
(1.5 4.51286e-14 0)
(1.5 9.71066e-14 0)
(1.5 2.22615e-13 0)
(1.5 2.35239e-13 0)
(1.5 8.81684e-14 0)
(1.5 9.91428e-15 0)
(1.5 6.77057e-14 0)
(1.5 -6.98875e-14 0)
(1.5 -4.59982e-14 0)
(1.5 5.41907e-14 0)
(1.5 7.893e-14 0)
(1.5 8.02449e-14 0)
(1.5 -8.05001e-14 0)
(1.5 -2.92059e-14 0)
(1.5 -4.57768e-15 0)
(1.5 -9.44634e-14 0)
(1.5 -1.94348e-13 0)
(1.5 -1.61933e-13 0)
(1.5 -3.16388e-14 0)
(1.5 -6.97812e-14 0)
(1.5 -6.39141e-14 0)
(1.5 1.83565e-14 0)
(1.5 9.18261e-15 0)
(1.5 4.69307e-14 0)
(1.5 -5.01034e-14 0)
(1.5 -1.06459e-13 0)
(1.5 -8.70639e-14 0)
(1.5 -9.30271e-14 0)
(1.5 -5.9711e-14 0)
(1.5 2.29749e-14 0)
(1.5 5.40825e-15 0)
(1.5 -1.04455e-13 0)
(1.5 -2.13894e-13 0)
(1.5 -6.80353e-14 0)
(1.5 4.0433e-14 0)
(1.5 -1.25438e-14 0)
(1.5 -8.8808e-14 0)
(1.5 -1.8982e-13 0)
(1.5 -1.27109e-13 0)
(1.5 2.36313e-14 0)
(1.5 1.04536e-13 0)
(1.5 2.28646e-14 0)
(1.5 2.47815e-14 0)
(1.5 -1.24036e-13 0)
(1.5 -2.17163e-13 0)
(1.5 -1.01892e-13 0)
(1.5 4.6971e-14 0)
(1.5 8.32954e-14 0)
(1.5 1.11934e-13 0)
(1.5 7.95542e-14 0)
(1.5 -5.31915e-14 0)
(1.5 -1.13565e-13 0)
(1.5 -1.8495e-13 0)
(1.5 -1.8558e-13 0)
(1.5 -9.59135e-14 0)
(1.5 -3.12375e-14 0)
(1.5 1.85987e-14 0)
(1.5 4.5742e-14 0)
(1.5 1.4204e-13 0)
(1.5 2.60303e-13 0)
(1.5 2.54482e-13 0)
(1.5 1.39419e-13 0)
(1.5 3.36985e-14 0)
(1.5 2.76622e-14 0)
(1.5 -7.92338e-14 0)
(1.5 -1.50628e-13 0)
(1.5 -2.3369e-13 0)
(1.5 -1.72081e-13 0)
(1.5 -9.51955e-14 0)
(1.5 1.54227e-14 0)
(1.5 -1.30487e-15 0)
(1.5 -8.64502e-14 0)
(1.5 -1.30878e-13 0)
(1.5 5.45635e-15 0)
(1.5 5.75023e-14 0)
(1.5 2.17295e-13 0)
(1.5 2.23165e-13 0)
(1.5 1.04855e-13 0)
(1.5 1.5866e-13 0)
(1.5 1.99506e-13 0)
(1.5 2.33108e-13 0)
(1.5 2.01312e-13 0)
(1.5 1.5749e-13 0)
(1.5 7.77305e-14 0)
(1.5 -2.67424e-14 0)
(1.5 -1.2656e-13 0)
(1.5 -2.79095e-13 0)
(1.5 -3.76998e-13 0)
(1.5 -3.78386e-13 0)
(1.5 -4.99309e-14 0)
(1.5 -2.8492e-14 0)
(1.5 -7.99947e-14 0)
(1.5 -1.08262e-13 0)
(1.5 -1.07903e-13 0)
(1.5 -1.08833e-13 0)
(1.5 -1.72612e-13 0)
(1.5 -1.5253e-13 0)
(1.5 -2.60925e-14 0)
(1.5 1.60119e-13 0)
(1.5 2.67323e-13 0)
(1.5 2.27638e-13 0)
(1.5 1.6899e-13 0)
(1.5 1.53003e-13 0)
(1.5 1.34775e-13 0)
(1.5 1.36364e-13 0)
(1.5 1.17168e-13 0)
(1.5 9.85271e-14 0)
(1.5 1.3131e-13 0)
(1.5 1.85375e-13 0)
(1.5 2.0851e-13 0)
(1.5 2.20455e-13 0)
(1.5 1.48529e-13 0)
(1.5 1.13089e-13 0)
(1.5 1.47486e-13 0)
(1.5 1.30156e-13 0)
(1.5 1.48506e-13 0)
(1.5 1.17805e-13 0)
(1.5 1.48684e-13 0)
(1.5 1.14988e-13 0)
(1.5 6.75544e-14 0)
(1.5 4.399e-15 0)
(1.5 -3.74719e-14 0)
(1.5 2.23077e-14 0)
(1.5 9.60587e-14 0)
(1.5 1.03143e-13 0)
(1.5 8.08984e-14 0)
(1.5 4.15215e-14 0)
(1.5 5.21136e-14 0)
(1.5 1.05132e-13 0)
(1.5 1.40973e-13 0)
(1.5 1.47511e-13 0)
(1.5 1.16776e-13 0)
(1.5 1.26614e-13 0)
(1.5 6.92985e-14 0)
(1.5 -2.94215e-16 0)
(1.5 -1.70765e-14 0)
(1.5 2.69838e-14 0)
(1.5 5.68144e-14 0)
(1.5 9.00673e-14 0)
(1.5 1.40637e-13 0)
(1.5 1.47139e-13 0)
(1.5 1.79219e-13 0)
(1.5 1.52172e-13 0)
(1.5 1.26392e-13 0)
(1.5 7.38597e-14 0)
(1.5 5.44812e-14 0)
(1.5 5.88646e-14 0)
(1.5 3.37769e-14 0)
(1.5 1.3984e-15 0)
(1.5 9.88391e-15 0)
(1.5 7.95653e-14 0)
(1.5 1.18398e-13 0)
(1.5 1.44855e-13 0)
(1.5 1.02431e-13 0)
(1.5 1.88511e-14 0)
(1.5 3.21649e-14 0)
(1.5 1.22849e-13 0)
(1.5 1.68737e-13 0)
(1.5 1.32322e-13 0)
(1.5 1.64375e-14 0)
(1.5 -2.86208e-15 0)
(1.5 -2.09951e-15 0)
(1.5 5.13592e-14 0)
(1.5 -7.09808e-16 0)
(1.5 -5.61736e-14 0)
(1.5 -3.95398e-14 0)
(1.5 2.14595e-15 0)
(1.5 1.14518e-14 0)
(1.5 3.72023e-14 0)
(1.5 2.20241e-14 0)
(1.5 -5.80061e-15 0)
(1.5 -6.9598e-14 0)
(1.5 -7.44207e-14 0)
(1.5 -1.07849e-13 0)
(1.5 -1.23248e-13 0)
(1.5 -5.53381e-14 0)
(1.5 -1.34298e-13 0)
(1.5 -1.98174e-13 0)
(1.5 -1.5012e-13 0)
(1.5 -1.72125e-13 0)
(1.5 -1.55552e-13 0)
(1.5 -6.15219e-14 0)
(1.5 -7.99068e-14 0)
(1.5 -3.92958e-14 0)
(1.5 -2.87761e-14 0)
(1.5 -1.78492e-15 0)
(1.5 1.36918e-14 0)
(1.5 1.10112e-13 0)
(1.5 1.46657e-13 0)
(1.5 1.52867e-13 0)
(1.5 2.46037e-13 0)
(1.5 2.75233e-13 0)
(1.5 2.13435e-13 0)
(1.5 1.31354e-13 0)
(1.5 1.04283e-13 0)
(1.5 1.16642e-13 0)
(1.5 5.59184e-14 0)
(1.5 9.10436e-15 0)
(1.5 5.62492e-14 0)
(1.5 6.08974e-14 0)
(1.5 2.37811e-14 0)
(1.5 5.91991e-14 0)
(1.5 1.41685e-13 0)
(1.5 1.3003e-13 0)
(1.5 5.21589e-14 0)
(1.5 -2.66177e-14 0)
(1.5 2.39458e-14 0)
(1.5 -6.49153e-14 0)
(1.5 -4.82726e-14 0)
(1.5 2.26577e-14 0)
(1.5 8.8231e-14 0)
(1.5 1.27251e-13 0)
(1.5 -1.68812e-14 0)
(1.5 -8.59836e-15 0)
(1.5 7.95327e-15 0)
(1.5 2.66798e-14 0)
(1.5 -4.41425e-14 0)
(1.5 -6.66716e-14 0)
(1.5 -1.77655e-15 0)
(1.5 2.17373e-15 0)
(1.5 -1.90147e-14 0)
(1.5 5.79786e-14 0)
(1.5 6.34323e-14 0)
(1.5 8.23399e-14 0)
(1.5 -2.68648e-15 0)
(1.5 -5.5504e-14 0)
(1.5 -6.32402e-14 0)
(1.5 -1.04074e-13 0)
(1.5 -1.1304e-13 0)
(1.5 -5.67064e-14 0)
(1.5 -4.16017e-14 0)
(1.5 -9.06267e-14 0)
(1.5 -1.8178e-13 0)
(1.5 -9.84319e-14 0)
(1.5 -1.0332e-14 0)
(1.5 -1.66333e-14 0)
(1.5 -3.56705e-14 0)
(1.5 -1.17317e-13 0)
(1.5 -1.10664e-13 0)
(1.5 -8.55849e-14 0)
(1.5 -3.85771e-14 0)
(1.5 -2.80515e-14 0)
(1.5 1.20782e-14 0)
(1.5 -9.65335e-14 0)
(1.5 -1.89951e-13 0)
(1.5 -1.34169e-13 0)
(1.5 -1.24667e-14 0)
(1.5 7.01893e-14 0)
(1.5 8.96732e-14 0)
(1.5 7.75049e-14 0)
(1.5 -1.15967e-14 0)
(1.5 -6.32483e-14 0)
(1.5 -1.59206e-13 0)
(1.5 -1.72465e-13 0)
(1.5 -1.02711e-13 0)
(1.5 -1.36337e-13 0)
(1.5 -8.79662e-14 0)
(1.5 -6.26118e-14 0)
(1.5 2.23008e-14 0)
(1.5 9.24915e-14 0)
(1.5 6.59351e-14 0)
(1.5 4.06075e-14 0)
(1.5 1.76914e-14 0)
(1.5 1.78715e-14 0)
(1.5 -1.02459e-13 0)
(1.5 -1.82811e-13 0)
(1.5 -2.41519e-13 0)
(1.5 -2.26116e-13 0)
(1.5 -1.83456e-13 0)
(1.5 -8.74053e-14 0)
(1.5 -7.08139e-14 0)
(1.5 -1.4528e-13 0)
(1.5 -1.76785e-13 0)
(1.5 -5.1273e-14 0)
(1.5 4.42905e-14 0)
(1.5 1.43924e-13 0)
(1.5 1.67813e-13 0)
(1.5 6.4871e-14 0)
(1.5 8.76581e-14 0)
(1.5 1.27515e-13 0)
(1.5 1.3497e-13 0)
(1.5 1.36771e-13 0)
(1.5 1.57297e-13 0)
(1.5 2.67847e-14 0)
(1.5 -4.04905e-14 0)
(1.5 -3.3722e-14 0)
(1.5 -1.03686e-13 0)
(1.5 -2.04854e-13 0)
(1.5 -2.13265e-13 0)
)
;

boundaryField
{
    inlet
    {
        type            fixedValue;
        value           uniform (1.5 0 0);
    }
    outlet
    {
        type            zeroGradient;
    }
    walls
    {
        type            symmetry;
    }
    frontAndBack
    {
        type            empty;
    }
}


// ************************************************************************* //
