/*--------------------------------*- C++ -*----------------------------------*\
| =========                 |                                                 |
| \\      /  F ield         | OpenFOAM: The Open Source CFD Toolbox           |
|  \\    /   O peration     | Version:  2312                                  |
|   \\  /    A nd           | Website:  www.openfoam.com                      |
|    \\/     M anipulation  |                                                 |
\*---------------------------------------------------------------------------*/
FoamFile
{
    version     2.0;
    format      ascii;
    arch        "LSB;label=32;scalar=64";
    class       volVectorField;
    location    "2.99969209";
    object      U;
}
// * * * * * * * * * * * * * * * * * * * * * * * * * * * * * * * * * * * * * //

dimensions      [0 1 -1 0 0 0 0];

internalField   nonuniform List<vector> 
20000
(
(1.5 -4.0611e-14 0)
(1.5 -9.91152e-14 0)
(1.5 -9.38243e-14 0)
(1.5 4.78054e-15 0)
(1.5 1.0463e-15 0)
(1.5 -1.35076e-14 0)
(1.5 1.74248e-14 0)
(1.5 -3.42933e-14 0)
(1.5 -5.0387e-14 0)
(1.5 -4.25586e-15 0)
(1.5 -1.28256e-15 0)
(1.5 -1.14795e-13 0)
(1.5 -7.35366e-14 0)
(1.5 -7.0864e-14 0)
(1.5 -1.03007e-13 0)
(1.5 -1.79677e-13 0)
(1.5 -2.21955e-13 0)
(1.5 -1.88079e-13 0)
(1.5 -1.06745e-13 0)
(1.5 -7.28515e-14 0)
(1.5 -6.86995e-14 0)
(1.5 -2.28472e-14 0)
(1.5 -1.40365e-15 0)
(1.5 2.72397e-14 0)
(1.5 1.65348e-14 0)
(1.5 -6.49694e-14 0)
(1.5 -1.09496e-13 0)
(1.5 -1.29626e-13 0)
(1.5 -9.25339e-14 0)
(1.5 -7.15626e-14 0)
(1.5 -4.52405e-14 0)
(1.5 -7.10348e-14 0)
(1.5 -2.11248e-13 0)
(1.5 -3.23159e-13 0)
(1.5 -2.70149e-13 0)
(1.5 -2.13842e-13 0)
(1.5 -1.91485e-13 0)
(1.5 -1.25594e-13 0)
(1.5 -8.80834e-14 0)
(1.5 -7.44814e-14 0)
(1.5 -5.10687e-14 0)
(1.5 -5.32852e-14 0)
(1.5 -4.11812e-14 0)
(1.5 -9.97594e-14 0)
(1.5 -1.14276e-13 0)
(1.5 -7.34275e-14 0)
(1.5 -6.13326e-14 0)
(1.5 -7.91751e-14 0)
(1.5 -9.61692e-14 0)
(1.5 -7.54495e-14 0)
(1.5 -3.67776e-14 0)
(1.5 -4.15755e-14 0)
(1.5 -1.20974e-13 0)
(1.5 -1.13048e-13 0)
(1.5 -8.5794e-14 0)
(1.5 -1.19488e-13 0)
(1.5 -2.05222e-13 0)
(1.5 -2.40393e-13 0)
(1.5 -2.44545e-13 0)
(1.5 -1.61669e-13 0)
(1.5 -1.05195e-13 0)
(1.5 -1.04857e-13 0)
(1.5 -1.20968e-13 0)
(1.5 -8.57395e-14 0)
(1.5 -1.44878e-13 0)
(1.5 -1.49365e-13 0)
(1.5 -1.67036e-13 0)
(1.5 -1.42622e-13 0)
(1.5 -7.56705e-14 0)
(1.5 -1.35926e-13 0)
(1.5 -2.2294e-13 0)
(1.5 -2.3026e-13 0)
(1.5 -2.01223e-13 0)
(1.5 -1.83937e-13 0)
(1.5 -1.56378e-13 0)
(1.5 -2.0779e-13 0)
(1.5 -2.52159e-13 0)
(1.5 -2.12532e-13 0)
(1.5 -2.1314e-13 0)
(1.5 -1.83967e-13 0)
(1.5 -2.13123e-13 0)
(1.5 -2.76579e-13 0)
(1.5 -2.75046e-13 0)
(1.5 -1.83928e-13 0)
(1.5 -1.15063e-13 0)
(1.5 -1.73745e-13 0)
(1.5 -1.16457e-13 0)
(1.5 -5.45163e-14 0)
(1.5 -2.01445e-14 0)
(1.5 2.95208e-14 0)
(1.5 1.21078e-13 0)
(1.5 1.01638e-13 0)
(1.5 -5.49274e-14 0)
(1.5 -2.18847e-13 0)
(1.5 -3.01077e-13 0)
(1.5 -2.70022e-13 0)
(1.5 -1.60605e-13 0)
(1.5 -8.43976e-14 0)
(1.5 -5.80677e-14 0)
(1.5 3.95682e-14 0)
(1.5 7.979e-14 0)
(1.5 -2.77101e-14 0)
(1.5 -3.26697e-14 0)
(1.5 -4.40303e-14 0)
(1.5 9.7767e-16 0)
(1.5 3.34421e-14 0)
(1.5 -2.06498e-14 0)
(1.5 -1.17171e-13 0)
(1.5 -2.17478e-13 0)
(1.5 -1.83761e-13 0)
(1.5 -2.84573e-13 0)
(1.5 -2.87432e-13 0)
(1.5 -1.87505e-13 0)
(1.5 -1.26593e-13 0)
(1.5 -4.26892e-14 0)
(1.5 2.87187e-14 0)
(1.5 -4.02538e-15 0)
(1.5 -2.70765e-14 0)
(1.5 -5.96887e-14 0)
(1.5 -6.28931e-14 0)
(1.5 1.34422e-15 0)
(1.5 1.26602e-14 0)
(1.5 -3.55792e-14 0)
(1.5 -4.25007e-14 0)
(1.5 -6.098e-14 0)
(1.5 5.9337e-15 0)
(1.5 -8.31452e-14 0)
(1.5 -1.79644e-14 0)
(1.5 7.7043e-14 0)
(1.5 8.73107e-14 0)
(1.5 9.00256e-15 0)
(1.5 -5.42872e-14 0)
(1.5 8.36524e-15 0)
(1.5 3.67965e-15 0)
(1.5 -3.37342e-14 0)
(1.5 5.00047e-14 0)
(1.5 5.67051e-14 0)
(1.5 7.98298e-14 0)
(1.5 1.07239e-13 0)
(1.5 8.4154e-14 0)
(1.5 -1.73273e-14 0)
(1.5 -7.10499e-14 0)
(1.5 -4.51351e-14 0)
(1.5 -2.15817e-14 0)
(1.5 -3.42796e-14 0)
(1.5 -1.17886e-13 0)
(1.5 -8.00097e-14 0)
(1.5 -1.06768e-14 0)
(1.5 -2.06714e-14 0)
(1.5 -4.0958e-14 0)
(1.5 -3.97813e-14 0)
(1.5 -1.60489e-13 0)
(1.5 -2.73707e-13 0)
(1.5 -3.01533e-13 0)
(1.5 -2.85451e-13 0)
(1.5 -2.76896e-13 0)
(1.5 -1.94327e-13 0)
(1.5 -9.70909e-14 0)
(1.5 -6.01831e-14 0)
(1.5 -7.95478e-14 0)
(1.5 -6.5579e-14 0)
(1.5 -7.61965e-14 0)
(1.5 -4.82208e-14 0)
(1.5 -2.00077e-14 0)
(1.5 4.11785e-14 0)
(1.5 4.86905e-14 0)
(1.5 5.96253e-14 0)
(1.5 -3.36627e-14 0)
(1.5 -8.27948e-14 0)
(1.5 -3.79223e-14 0)
(1.5 3.77708e-14 0)
(1.5 1.64502e-14 0)
(1.5 1.36568e-14 0)
(1.5 -1.01654e-13 0)
(1.5 -1.3279e-13 0)
(1.5 -1.24265e-13 0)
(1.5 -8.11759e-14 0)
(1.5 -5.57013e-14 0)
(1.5 -6.77404e-14 0)
(1.5 -8.2542e-14 0)
(1.5 -3.94671e-14 0)
(1.5 -2.08591e-14 0)
(1.5 -5.96272e-14 0)
(1.5 -8.75275e-14 0)
(1.5 -4.37134e-14 0)
(1.5 -4.30266e-14 0)
(1.5 -1.03894e-13 0)
(1.5 -1.57681e-13 0)
(1.5 -1.6182e-13 0)
(1.5 -1.43626e-13 0)
(1.5 -1.08697e-13 0)
(1.5 -7.61902e-14 0)
(1.5 -9.5884e-14 0)
(1.5 -6.29819e-14 0)
(1.5 1.69456e-15 0)
(1.5 8.21753e-14 0)
(1.5 1.52797e-13 0)
(1.5 1.86756e-13 0)
(1.5 1.41545e-13 0)
(1.5 4.73218e-14 0)
(1.5 -5.97682e-14 0)
(1.5 -1.1205e-13 0)
(1.5 -2.66439e-14 0)
(1.5 7.0923e-14 0)
(1.5 3.87779e-16 0)
(1.5 -1.35979e-14 0)
(1.5 4.66799e-14 0)
(1.5 -4.81201e-14 0)
(1.5 -2.37961e-14 0)
(1.5 7.44859e-15 0)
(1.5 -1.43936e-14 0)
(1.5 -1.22066e-13 0)
(1.5 -1.05233e-13 0)
(1.5 -9.82501e-14 0)
(1.5 -1.10701e-13 0)
(1.5 -1.98934e-13 0)
(1.5 -2.69294e-13 0)
(1.5 -2.51575e-13 0)
(1.5 -1.66726e-13 0)
(1.5 -7.55097e-14 0)
(1.5 -3.61054e-14 0)
(1.5 6.08435e-14 0)
(1.5 1.66184e-13 0)
(1.5 1.92589e-13 0)
(1.5 1.3022e-13 0)
(1.5 4.30351e-14 0)
(1.5 -4.15562e-14 0)
(1.5 -2.63801e-14 0)
(1.5 6.5887e-15 0)
(1.5 2.32189e-14 0)
(1.5 -4.42339e-14 0)
(1.5 -6.45974e-14 0)
(1.5 -1.73557e-13 0)
(1.5 -2.48467e-13 0)
(1.5 -1.88779e-13 0)
(1.5 -1.32628e-13 0)
(1.5 -8.35688e-14 0)
(1.5 -1.02471e-14 0)
(1.5 -5.8833e-15 0)
(1.5 6.76982e-14 0)
(1.5 9.87603e-14 0)
(1.5 4.04038e-14 0)
(1.5 8.09081e-16 0)
(1.5 -1.36529e-13 0)
(1.5 -1.16453e-13 0)
(1.5 -4.25327e-14 0)
(1.5 -2.32316e-14 0)
(1.5 -2.88296e-14 0)
(1.5 -2.36292e-14 0)
(1.5 -3.42772e-15 0)
(1.5 2.64478e-14 0)
(1.5 2.29932e-14 0)
(1.5 -7.05032e-14 0)
(1.5 -4.80885e-14 0)
(1.5 -1.74495e-14 0)
(1.5 -4.21105e-15 0)
(1.5 -1.57741e-13 0)
(1.5 -1.88425e-13 0)
(1.5 -1.99523e-13 0)
(1.5 -1.70344e-13 0)
(1.5 -9.80197e-14 0)
(1.5 -5.89745e-14 0)
(1.5 -9.37884e-14 0)
(1.5 3.27169e-15 0)
(1.5 -2.03278e-14 0)
(1.5 -4.7306e-14 0)
(1.5 -6.46363e-14 0)
(1.5 3.18626e-14 0)
(1.5 3.9688e-14 0)
(1.5 -8.04938e-14 0)
(1.5 -2.32345e-13 0)
(1.5 -2.41693e-13 0)
(1.5 -1.17749e-13 0)
(1.5 -1.36142e-13 0)
(1.5 -1.34225e-13 0)
(1.5 -2.60265e-13 0)
(1.5 -2.51699e-13 0)
(1.5 -1.4182e-13 0)
(1.5 -1.4837e-13 0)
(1.5 -1.35007e-13 0)
(1.5 -2.52064e-13 0)
(1.5 -3.02687e-13 0)
(1.5 -2.14187e-13 0)
(1.5 -1.06409e-13 0)
(1.5 -7.36831e-14 0)
(1.5 -1.33431e-13 0)
(1.5 -1.42749e-13 0)
(1.5 -2.01237e-14 0)
(1.5 2.4476e-14 0)
(1.5 7.48739e-14 0)
(1.5 2.50418e-13 0)
(1.5 2.69242e-13 0)
(1.5 2.34759e-14 0)
(1.5 -1.70406e-13 0)
(1.5 -2.46492e-13 0)
(1.5 -1.73664e-13 0)
(1.5 -1.34104e-13 0)
(1.5 -9.64544e-14 0)
(1.5 -6.18646e-14 0)
(1.5 6.86632e-14 0)
(1.5 1.03173e-13 0)
(1.5 -6.04467e-14 0)
(1.5 -6.66919e-14 0)
(1.5 -7.77929e-14 0)
(1.5 2.34013e-14 0)
(1.5 2.56111e-14 0)
(1.5 -2.75813e-14 0)
(1.5 -7.92065e-14 0)
(1.5 -2.53404e-13 0)
(1.5 -2.18125e-13 0)
(1.5 -2.7779e-13 0)
(1.5 -3.11659e-13 0)
(1.5 -2.07653e-13 0)
(1.5 -1.63351e-13 0)
(1.5 -9.77174e-14 0)
(1.5 3.28104e-14 0)
(1.5 3.79836e-14 0)
(1.5 4.18505e-15 0)
(1.5 -5.79248e-14 0)
(1.5 -5.52541e-14 0)
(1.5 4.95701e-14 0)
(1.5 5.9061e-14 0)
(1.5 8.06645e-15 0)
(1.5 6.0765e-14 0)
(1.5 1.28517e-14 0)
(1.5 6.61726e-14 0)
(1.5 -4.53932e-14 0)
(1.5 6.12748e-14 0)
(1.5 1.12939e-13 0)
(1.5 7.92173e-14 0)
(1.5 4.98015e-14 0)
(1.5 -1.90048e-14 0)
(1.5 1.28273e-13 0)
(1.5 7.78893e-14 0)
(1.5 5.56618e-14 0)
(1.5 1.35669e-13 0)
(1.5 1.8664e-13 0)
(1.5 2.09331e-13 0)
(1.5 1.80968e-13 0)
(1.5 1.1013e-13 0)
(1.5 -5.34131e-14 0)
(1.5 -1.66769e-13 0)
(1.5 -1.53457e-13 0)
(1.5 -9.77781e-14 0)
(1.5 -7.91436e-14 0)
(1.5 -1.12328e-13 0)
(1.5 -4.09427e-14 0)
(1.5 -3.6136e-14 0)
(1.5 -5.99351e-14 0)
(1.5 -7.85547e-14 0)
(1.5 -4.60443e-14 0)
(1.5 -1.8454e-13 0)
(1.5 -3.2942e-13 0)
(1.5 -3.9324e-13 0)
(1.5 -3.60801e-13 0)
(1.5 -2.20575e-13 0)
(1.5 -8.78131e-14 0)
(1.5 -1.27615e-14 0)
(1.5 -4.44242e-14 0)
(1.5 -1.99815e-14 0)
(1.5 1.56033e-14 0)
(1.5 -7.42939e-14 0)
(1.5 -2.72197e-14 0)
(1.5 -4.5188e-14 0)
(1.5 2.33938e-14 0)
(1.5 5.63799e-14 0)
(1.5 4.92366e-14 0)
(1.5 -5.89235e-14 0)
(1.5 -1.00303e-13 0)
(1.5 -9.44507e-14 0)
(1.5 -9.19116e-15 0)
(1.5 -2.76752e-14 0)
(1.5 -4.1394e-16 0)
(1.5 -1.30245e-13 0)
(1.5 -1.44751e-13 0)
(1.5 -1.53855e-13 0)
(1.5 -1.31913e-13 0)
(1.5 -5.47752e-15 0)
(1.5 1.79088e-14 0)
(1.5 4.772e-14 0)
(1.5 1.13956e-13 0)
(1.5 1.40697e-13 0)
(1.5 1.24302e-13 0)
(1.5 9.78957e-14 0)
(1.5 9.3174e-14 0)
(1.5 3.07679e-14 0)
(1.5 -8.29371e-14 0)
(1.5 -1.34882e-13 0)
(1.5 -1.86354e-13 0)
(1.5 -8.59175e-14 0)
(1.5 2.08767e-14 0)
(1.5 6.25971e-14 0)
(1.5 1.97437e-14 0)
(1.5 -3.34168e-14 0)
(1.5 2.38132e-14 0)
(1.5 6.15323e-14 0)
(1.5 8.74891e-14 0)
(1.5 9.77177e-14 0)
(1.5 2.9727e-14 0)
(1.5 -3.91413e-14 0)
(1.5 1.66501e-14 0)
(1.5 -5.56761e-15 0)
(1.5 1.31032e-14 0)
(1.5 3.02121e-14 0)
(1.5 -4.83189e-15 0)
(1.5 -5.41963e-15 0)
(1.5 3.68119e-14 0)
(1.5 -3.05548e-14 0)
(1.5 5.24484e-14 0)
(1.5 1.33741e-14 0)
(1.5 -6.86172e-14 0)
(1.5 -7.57153e-14 0)
(1.5 -8.65455e-14 0)
(1.5 -8.3415e-14 0)
(1.5 -3.69957e-14 0)
(1.5 -3.30031e-14 0)
(1.5 -1.41097e-13 0)
(1.5 -1.76785e-13 0)
(1.5 -1.89257e-13 0)
(1.5 -5.21407e-14 0)
(1.5 3.63123e-14 0)
(1.5 9.34597e-14 0)
(1.5 2.31538e-13 0)
(1.5 2.33343e-13 0)
(1.5 1.3789e-13 0)
(1.5 8.3817e-14 0)
(1.5 1.03348e-14 0)
(1.5 2.80727e-14 0)
(1.5 9.65513e-15 0)
(1.5 5.92153e-15 0)
(1.5 -1.02572e-13 0)
(1.5 -5.72339e-14 0)
(1.5 -1.10974e-13 0)
(1.5 -1.17245e-13 0)
(1.5 -8.82762e-14 0)
(1.5 7.65593e-16 0)
(1.5 6.30354e-14 0)
(1.5 7.01407e-14 0)
(1.5 1.03206e-13 0)
(1.5 2.4937e-13 0)
(1.5 2.53368e-13 0)
(1.5 1.09557e-13 0)
(1.5 -9.67057e-15 0)
(1.5 -1.08951e-13 0)
(1.5 -1.06747e-13 0)
(1.5 -8.2199e-14 0)
(1.5 -3.84814e-14 0)
(1.5 -1.13796e-14 0)
(1.5 -1.04115e-14 0)
(1.5 -8.81976e-15 0)
(1.5 2.56994e-14 0)
(1.5 1.28125e-14 0)
(1.5 -5.1065e-14 0)
(1.5 -2.05315e-14 0)
(1.5 -2.84415e-16 0)
(1.5 5.37237e-14 0)
(1.5 -1.18635e-14 0)
(1.5 -9.96554e-14 0)
(1.5 -1.24347e-13 0)
(1.5 -1.98616e-13 0)
(1.5 -1.19597e-13 0)
(1.5 -1.65251e-14 0)
(1.5 -3.9357e-14 0)
(1.5 3.47803e-14 0)
(1.5 1.19004e-13 0)
(1.5 4.688e-14 0)
(1.5 1.46997e-14 0)
(1.5 9.5513e-14 0)
(1.5 4.50564e-14 0)
(1.5 -7.56427e-14 0)
(1.5 -1.5818e-13 0)
(1.5 -1.28977e-13 0)
(1.5 -1.19298e-14 0)
(1.5 -3.18193e-14 0)
(1.5 -5.97343e-14 0)
(1.5 -1.97574e-13 0)
(1.5 -1.40584e-13 0)
(1.5 -2.12856e-14 0)
(1.5 -1.37029e-15 0)
(1.5 -4.05157e-14 0)
(1.5 -1.36321e-13 0)
(1.5 -1.68254e-13 0)
(1.5 -9.73458e-14 0)
(1.5 -7.66867e-14 0)
(1.5 -4.40887e-14 0)
(1.5 -5.51149e-14 0)
(1.5 -1.27185e-13 0)
(1.5 1.85807e-14 0)
(1.5 7.23638e-14 0)
(1.5 1.31241e-13 0)
(1.5 3.27821e-13 0)
(1.5 3.22231e-13 0)
(1.5 1.30509e-13 0)
(1.5 -3.4442e-14 0)
(1.5 -1.71191e-13 0)
(1.5 -1.15308e-13 0)
(1.5 -2.23304e-13 0)
(1.5 -1.63039e-13 0)
(1.5 -2.81529e-14 0)
(1.5 9.52817e-14 0)
(1.5 1.27763e-13 0)
(1.5 -8.34473e-14 0)
(1.5 -2.22345e-13 0)
(1.5 -2.32244e-13 0)
(1.5 -1.70155e-13 0)
(1.5 -1.14242e-13 0)
(1.5 -7.49812e-14 0)
(1.5 -1.97285e-14 0)
(1.5 -1.3039e-13 0)
(1.5 -1.01625e-13 0)
(1.5 -7.71763e-14 0)
(1.5 -1.73292e-13 0)
(1.5 -2.23331e-13 0)
(1.5 -2.45935e-13 0)
(1.5 -2.23516e-13 0)
(1.5 -5.61211e-14 0)
(1.5 -1.03938e-14 0)
(1.5 -3.69482e-14 0)
(1.5 -1.25289e-13 0)
(1.5 -1.33372e-13 0)
(1.5 -2.57728e-14 0)
(1.5 3.27249e-14 0)
(1.5 5.04188e-14 0)
(1.5 8.42295e-14 0)
(1.5 1.09257e-13 0)
(1.5 1.09391e-13 0)
(1.5 6.55982e-14 0)
(1.5 1.59819e-13 0)
(1.5 1.90695e-13 0)
(1.5 1.34038e-13 0)
(1.5 1.87972e-13 0)
(1.5 1.61761e-13 0)
(1.5 2.68832e-13 0)
(1.5 1.68462e-13 0)
(1.5 1.30586e-13 0)
(1.5 1.83425e-13 0)
(1.5 2.29105e-13 0)
(1.5 2.97206e-13 0)
(1.5 2.4644e-13 0)
(1.5 1.98363e-13 0)
(1.5 9.16534e-15 0)
(1.5 -1.39751e-13 0)
(1.5 -1.36676e-13 0)
(1.5 -8.61756e-14 0)
(1.5 -3.91363e-14 0)
(1.5 5.88723e-14 0)
(1.5 1.44075e-13 0)
(1.5 -3.46079e-15 0)
(1.5 -1.02805e-13 0)
(1.5 -1.3735e-13 0)
(1.5 -1.21743e-13 0)
(1.5 -1.51504e-13 0)
(1.5 -2.30062e-13 0)
(1.5 -3.69023e-13 0)
(1.5 -3.05553e-13 0)
(1.5 -4.26388e-14 0)
(1.5 4.01172e-14 0)
(1.5 4.53456e-14 0)
(1.5 2.79909e-14 0)
(1.5 1.03927e-13 0)
(1.5 1.30431e-13 0)
(1.5 3.98433e-14 0)
(1.5 8.81487e-14 0)
(1.5 6.99278e-14 0)
(1.5 8.89353e-14 0)
(1.5 1.06333e-13 0)
(1.5 7.03254e-14 0)
(1.5 -4.27459e-14 0)
(1.5 -1.73312e-13 0)
(1.5 -2.4913e-13 0)
(1.5 -2.11355e-13 0)
(1.5 -1.87989e-13 0)
(1.5 -1.33466e-13 0)
(1.5 -1.23492e-13 0)
(1.5 -5.86934e-14 0)
(1.5 -8.03663e-14 0)
(1.5 -5.82863e-14 0)
(1.5 1.22869e-13 0)
(1.5 1.31179e-13 0)
(1.5 2.76217e-13 0)
(1.5 3.63761e-13 0)
(1.5 4.25355e-13 0)
(1.5 4.89462e-13 0)
(1.5 4.49017e-13 0)
(1.5 3.06938e-13 0)
(1.5 1.3466e-13 0)
(1.5 -4.03083e-14 0)
(1.5 -1.0902e-13 0)
(1.5 -1.11101e-13 0)
(1.5 3.23982e-14 0)
(1.5 1.56106e-13 0)
(1.5 1.33431e-13 0)
(1.5 7.30103e-14 0)
(1.5 -6.09755e-14 0)
(1.5 -1.87802e-14 0)
(1.5 6.44471e-15 0)
(1.5 -6.16774e-14 0)
(1.5 -5.28731e-14 0)
(1.5 -1.18976e-13 0)
(1.5 -1.60452e-13 0)
(1.5 5.61028e-14 0)
(1.5 5.0877e-14 0)
(1.5 2.46006e-15 0)
(1.5 -3.28199e-14 0)
(1.5 -7.10796e-14 0)
(1.5 -1.05806e-13 0)
(1.5 -1.01609e-13 0)
(1.5 -7.11327e-14 0)
(1.5 -3.7955e-15 0)
(1.5 -1.80876e-14 0)
(1.5 -6.16062e-14 0)
(1.5 1.3206e-14 0)
(1.5 8.45475e-14 0)
(1.5 1.3212e-13 0)
(1.5 1.32719e-13 0)
(1.5 4.8719e-14 0)
(1.5 -2.5162e-14 0)
(1.5 -4.91835e-14 0)
(1.5 -6.11728e-14 0)
(1.5 2.66561e-14 0)
(1.5 1.80557e-14 0)
(1.5 1.9312e-15 0)
(1.5 5.26623e-14 0)
(1.5 1.96479e-14 0)
(1.5 1.94573e-14 0)
(1.5 -3.46597e-14 0)
(1.5 -3.64553e-14 0)
(1.5 -4.08705e-15 0)
(1.5 -1.33107e-14 0)
(1.5 -3.99699e-15 0)
(1.5 -5.35563e-14 0)
(1.5 3.39337e-15 0)
(1.5 -3.24152e-14 0)
(1.5 -1.54943e-14 0)
(1.5 -3.21094e-14 0)
(1.5 7.34386e-14 0)
(1.5 1.34474e-13 0)
(1.5 1.63063e-13 0)
(1.5 2.88914e-13 0)
(1.5 3.76293e-13 0)
(1.5 3.47469e-13 0)
(1.5 2.18263e-13 0)
(1.5 4.43992e-14 0)
(1.5 6.87373e-14 0)
(1.5 4.81076e-15 0)
(1.5 -2.27712e-14 0)
(1.5 -2.97479e-14 0)
(1.5 6.59196e-14 0)
(1.5 4.18101e-14 0)
(1.5 5.38636e-14 0)
(1.5 1.2053e-13 0)
(1.5 4.55284e-14 0)
(1.5 2.14215e-14 0)
(1.5 1.0774e-15 0)
(1.5 1.0175e-14 0)
(1.5 5.27947e-14 0)
(1.5 1.18631e-13 0)
(1.5 -1.73897e-14 0)
(1.5 5.6944e-15 0)
(1.5 -1.97771e-14 0)
(1.5 5.78704e-14 0)
(1.5 1.19872e-13 0)
(1.5 1.32608e-13 0)
(1.5 1.08527e-13 0)
(1.5 2.20943e-13 0)
(1.5 1.61544e-13 0)
(1.5 1.12029e-13 0)
(1.5 5.78891e-14 0)
(1.5 4.72939e-15 0)
(1.5 -1.72079e-14 0)
(1.5 3.75474e-15 0)
(1.5 2.05858e-14 0)
(1.5 2.28863e-14 0)
(1.5 3.55551e-15 0)
(1.5 -9.18895e-14 0)
(1.5 -1.88281e-13 0)
(1.5 -2.01777e-13 0)
(1.5 -6.17364e-14 0)
(1.5 1.60044e-14 0)
(1.5 -1.00205e-14 0)
(1.5 8.9801e-15 0)
(1.5 -5.43114e-14 0)
(1.5 -1.0307e-13 0)
(1.5 -1.26896e-13 0)
(1.5 -6.35247e-14 0)
(1.5 -4.6352e-14 0)
(1.5 -1.75251e-14 0)
(1.5 6.45028e-14 0)
(1.5 1.2168e-13 0)
(1.5 1.68277e-13 0)
(1.5 2.47082e-13 0)
(1.5 2.04155e-13 0)
(1.5 1.12562e-13 0)
(1.5 -4.36397e-14 0)
(1.5 -1.92034e-13 0)
(1.5 -2.11196e-13 0)
(1.5 -2.65854e-13 0)
(1.5 -1.68354e-13 0)
(1.5 -6.8495e-14 0)
(1.5 -3.37824e-14 0)
(1.5 -3.5071e-15 0)
(1.5 -1.31766e-13 0)
(1.5 -2.97476e-13 0)
(1.5 -3.51013e-13 0)
(1.5 -3.37383e-13 0)
(1.5 -2.33996e-13 0)
(1.5 -1.50755e-13 0)
(1.5 -1.81238e-13 0)
(1.5 -1.79597e-13 0)
(1.5 -1.56192e-13 0)
(1.5 -1.95161e-13 0)
(1.5 -2.67998e-13 0)
(1.5 -3.99242e-13 0)
(1.5 -3.9353e-13 0)
(1.5 -3.37202e-13 0)
(1.5 -2.04257e-13 0)
(1.5 -2.315e-13 0)
(1.5 -2.89245e-13 0)
(1.5 -2.70147e-13 0)
(1.5 -1.94193e-13 0)
(1.5 -1.23969e-13 0)
(1.5 1.35879e-15 0)
(1.5 7.25416e-14 0)
(1.5 3.37756e-16 0)
(1.5 1.66656e-13 0)
(1.5 1.78428e-13 0)
(1.5 1.54114e-13 0)
(1.5 1.62376e-13 0)
(1.5 2.728e-13 0)
(1.5 2.6544e-13 0)
(1.5 3.15302e-13 0)
(1.5 3.13959e-13 0)
(1.5 3.2891e-13 0)
(1.5 2.63616e-13 0)
(1.5 1.70023e-13 0)
(1.5 2.01153e-13 0)
(1.5 1.95791e-13 0)
(1.5 2.50585e-13 0)
(1.5 1.88322e-13 0)
(1.5 1.91819e-13 0)
(1.5 4.14983e-14 0)
(1.5 -7.2447e-14 0)
(1.5 -5.57346e-14 0)
(1.5 -9.15165e-14 0)
(1.5 -1.13518e-13 0)
(1.5 -3.32915e-14 0)
(1.5 6.91378e-14 0)
(1.5 7.88541e-15 0)
(1.5 -1.59458e-13 0)
(1.5 -2.48393e-13 0)
(1.5 -2.8012e-13 0)
(1.5 -2.13466e-13 0)
(1.5 -1.26885e-13 0)
(1.5 -2.55257e-13 0)
(1.5 -1.95459e-13 0)
(1.5 -6.10333e-14 0)
(1.5 -9.49996e-14 0)
(1.5 -8.72166e-14 0)
(1.5 5.22017e-15 0)
(1.5 7.18834e-14 0)
(1.5 8.58849e-14 0)
(1.5 1.21904e-13 0)
(1.5 1.73216e-13 0)
(1.5 1.77218e-13 0)
(1.5 1.99019e-13 0)
(1.5 2.06057e-13 0)
(1.5 7.7393e-14 0)
(1.5 -5.09553e-14 0)
(1.5 -3.06349e-13 0)
(1.5 -3.86355e-13 0)
(1.5 -4.16085e-13 0)
(1.5 -3.90959e-13 0)
(1.5 -2.989e-13 0)
(1.5 -1.71782e-13 0)
(1.5 -7.00421e-14 0)
(1.5 -3.52259e-14 0)
(1.5 -2.58914e-14 0)
(1.5 5.14254e-14 0)
(1.5 9.57928e-15 0)
(1.5 1.86388e-13 0)
(1.5 3.16593e-13 0)
(1.5 4.5421e-13 0)
(1.5 5.38586e-13 0)
(1.5 4.86302e-13 0)
(1.5 3.522e-13 0)
(1.5 1.69429e-13 0)
(1.5 -2.24924e-14 0)
(1.5 -1.43967e-13 0)
(1.5 -1.02496e-13 0)
(1.5 -3.01244e-14 0)
(1.5 7.44624e-14 0)
(1.5 -4.44203e-14 0)
(1.5 -1.03751e-13 0)
(1.5 -2.20632e-13 0)
(1.5 -1.70035e-13 0)
(1.5 -4.3526e-14 0)
(1.5 -9.93112e-14 0)
(1.5 -3.89228e-14 0)
(1.5 -2.68913e-14 0)
(1.5 -1.31711e-13 0)
(1.5 -6.35575e-14 0)
(1.5 -7.38834e-14 0)
(1.5 -2.03499e-14 0)
(1.5 -3.28848e-14 0)
(1.5 -1.11647e-13 0)
(1.5 -1.48658e-13 0)
(1.5 -1.68618e-13 0)
(1.5 -1.16793e-13 0)
(1.5 -1.54515e-13 0)
(1.5 -1.46137e-13 0)
(1.5 -1.32919e-13 0)
(1.5 7.47402e-14 0)
(1.5 1.92324e-13 0)
(1.5 2.5045e-13 0)
(1.5 2.37469e-13 0)
(1.5 6.04916e-14 0)
(1.5 5.3708e-14 0)
(1.5 -2.4266e-15 0)
(1.5 -5.94754e-15 0)
(1.5 2.76629e-14 0)
(1.5 -1.03507e-13 0)
(1.5 -1.5445e-13 0)
(1.5 -1.65833e-13 0)
(1.5 -1.50782e-13 0)
(1.5 -8.24323e-14 0)
(1.5 -1.20701e-13 0)
(1.5 -9.42703e-14 0)
(1.5 -5.9661e-14 0)
(1.5 -5.90535e-14 0)
(1.5 -1.6139e-14 0)
(1.5 -2.24544e-14 0)
(1.5 9.94202e-15 0)
(1.5 4.35104e-14 0)
(1.5 8.34508e-14 0)
(1.5 5.45359e-14 0)
(1.5 9.97593e-14 0)
(1.5 1.45576e-13 0)
(1.5 3.14252e-13 0)
(1.5 4.03781e-13 0)
(1.5 4.136e-13 0)
(1.5 3.66757e-13 0)
(1.5 3.32208e-13 0)
(1.5 1.30134e-13 0)
(1.5 1.57549e-13 0)
(1.5 3.36323e-14 0)
(1.5 1.27954e-14 0)
(1.5 5.17709e-14 0)
(1.5 2.21086e-13 0)
(1.5 2.16798e-13 0)
(1.5 2.03803e-13 0)
(1.5 2.18935e-13 0)
(1.5 1.20324e-13 0)
(1.5 1.473e-13 0)
(1.5 1.21631e-13 0)
(1.5 7.8618e-14 0)
(1.5 9.38412e-14 0)
(1.5 1.49382e-13 0)
(1.5 6.70114e-14 0)
(1.5 1.84277e-13 0)
(1.5 2.25563e-13 0)
(1.5 3.06612e-13 0)
(1.5 2.45911e-13 0)
(1.5 2.51129e-13 0)
(1.5 2.33682e-13 0)
(1.5 2.77187e-13 0)
(1.5 2.62722e-13 0)
(1.5 2.30411e-13 0)
(1.5 1.52805e-13 0)
(1.5 4.99213e-14 0)
(1.5 1.70438e-13 0)
(1.5 2.40467e-13 0)
(1.5 2.03776e-13 0)
(1.5 1.18864e-13 0)
(1.5 2.79665e-14 0)
(1.5 -1.31145e-13 0)
(1.5 -1.4622e-13 0)
(1.5 -2.30991e-13 0)
(1.5 -1.46546e-13 0)
(1.5 -8.55642e-14 0)
(1.5 -7.21157e-14 0)
(1.5 -1.90804e-14 0)
(1.5 -7.42051e-14 0)
(1.5 -1.56495e-13 0)
(1.5 -1.19444e-13 0)
(1.5 2.58407e-14 0)
(1.5 7.01226e-14 0)
(1.5 1.22679e-13 0)
(1.5 3.1161e-14 0)
(1.5 5.56972e-14 0)
(1.5 4.53447e-14 0)
(1.5 9.10032e-16 0)
(1.5 8.37091e-15 0)
(1.5 8.29499e-15 0)
(1.5 7.57173e-15 0)
(1.5 -6.50083e-14 0)
(1.5 -2.03949e-13 0)
(1.5 -1.70635e-13 0)
(1.5 -1.61932e-13 0)
(1.5 -1.60474e-13 0)
(1.5 -1.56929e-13 0)
(1.5 -1.33296e-13 0)
(1.5 -5.24827e-14 0)
(1.5 -7.80992e-14 0)
(1.5 -1.3955e-13 0)
(1.5 -1.93503e-13 0)
(1.5 -2.28524e-13 0)
(1.5 -2.12183e-13 0)
(1.5 -3.57634e-13 0)
(1.5 -3.29392e-13 0)
(1.5 -3.65331e-13 0)
(1.5 -4.90927e-13 0)
(1.5 -4.99217e-13 0)
(1.5 -5.57238e-13 0)
(1.5 -5.31638e-13 0)
(1.5 -4.88086e-13 0)
(1.5 -3.82163e-13 0)
(1.5 -4.12134e-13 0)
(1.5 -4.66025e-13 0)
(1.5 -2.45362e-13 0)
(1.5 -5.43649e-14 0)
(1.5 -7.61667e-14 0)
(1.5 3.90107e-14 0)
(1.5 1.35763e-13 0)
(1.5 1.88501e-13 0)
(1.5 2.96989e-13 0)
(1.5 2.8388e-13 0)
(1.5 2.46563e-13 0)
(1.5 1.74908e-13 0)
(1.5 2.23417e-13 0)
(1.5 2.87486e-13 0)
(1.5 3.74723e-13 0)
(1.5 3.51524e-13 0)
(1.5 2.86268e-13 0)
(1.5 2.82097e-13 0)
(1.5 2.36684e-13 0)
(1.5 2.44335e-13 0)
(1.5 1.86737e-13 0)
(1.5 1.56406e-13 0)
(1.5 7.01028e-14 0)
(1.5 3.13614e-14 0)
(1.5 -4.26497e-14 0)
(1.5 -9.87053e-14 0)
(1.5 -1.73653e-13 0)
(1.5 -2.64423e-13 0)
(1.5 -3.40904e-13 0)
(1.5 -3.21334e-13 0)
(1.5 -1.79268e-13 0)
(1.5 -1.49546e-13 0)
(1.5 -2.07174e-13 0)
(1.5 -2.00812e-13 0)
(1.5 -2.89878e-13 0)
(1.5 -2.32075e-13 0)
(1.5 -1.42012e-13 0)
(1.5 -1.81668e-13 0)
(1.5 -2.49709e-13 0)
(1.5 -2.43688e-13 0)
(1.5 -3.01695e-13 0)
(1.5 -2.40696e-13 0)
(1.5 -4.66272e-14 0)
(1.5 5.32899e-14 0)
(1.5 1.427e-13 0)
(1.5 1.77766e-13 0)
(1.5 2.31246e-13 0)
(1.5 2.40997e-13 0)
(1.5 1.78163e-13 0)
(1.5 1.72297e-13 0)
(1.5 -3.31285e-14 0)
(1.5 -1.39684e-13 0)
(1.5 -2.73196e-13 0)
(1.5 -3.63455e-13 0)
(1.5 -3.88619e-13 0)
(1.5 -4.20377e-13 0)
(1.5 -2.99622e-13 0)
(1.5 -1.41979e-13 0)
(1.5 -6.9812e-14 0)
(1.5 6.9214e-15 0)
(1.5 -1.08714e-13 0)
(1.5 -1.48808e-13 0)
(1.5 -1.62099e-13 0)
(1.5 -8.63967e-14 0)
(1.5 7.60265e-14 0)
(1.5 2.21516e-13 0)
(1.5 2.8693e-13 0)
(1.5 3.06871e-13 0)
(1.5 3.21452e-13 0)
(1.5 1.81891e-13 0)
(1.5 7.74389e-14 0)
(1.5 1.68715e-14 0)
(1.5 2.27887e-15 0)
(1.5 6.82289e-16 0)
(1.5 6.5871e-14 0)
(1.5 -1.01005e-13 0)
(1.5 -2.28786e-13 0)
(1.5 -3.25247e-13 0)
(1.5 -2.8134e-13 0)
(1.5 -1.11012e-13 0)
(1.5 -8.77386e-14 0)
(1.5 1.71743e-14 0)
(1.5 1.19849e-13 0)
(1.5 2.79476e-14 0)
(1.5 -1.01756e-13 0)
(1.5 -1.21359e-13 0)
(1.5 -9.26414e-14 0)
(1.5 -3.55397e-14 0)
(1.5 -3.6847e-14 0)
(1.5 -3.76116e-14 0)
(1.5 -5.67908e-14 0)
(1.5 -8.26545e-14 0)
(1.5 -1.58258e-13 0)
(1.5 -1.54685e-13 0)
(1.5 -1.49059e-13 0)
(1.5 4.5682e-14 0)
(1.5 1.30907e-13 0)
(1.5 1.82502e-13 0)
(1.5 2.51684e-13 0)
(1.5 2.39652e-13 0)
(1.5 2.40399e-13 0)
(1.5 1.06463e-13 0)
(1.5 -2.31294e-14 0)
(1.5 -6.02431e-14 0)
(1.5 -1.71867e-13 0)
(1.5 -2.5036e-13 0)
(1.5 -2.97259e-13 0)
(1.5 -2.3567e-13 0)
(1.5 -2.33627e-13 0)
(1.5 -2.238e-13 0)
(1.5 -2.42316e-13 0)
(1.5 -2.53506e-13 0)
(1.5 -2.57988e-13 0)
(1.5 -1.84021e-13 0)
(1.5 -1.79327e-13 0)
(1.5 -1.19237e-13 0)
(1.5 -7.38011e-14 0)
(1.5 -2.29553e-14 0)
(1.5 3.50203e-14 0)
(1.5 3.93285e-14 0)
(1.5 3.79266e-14 0)
(1.5 2.19639e-13 0)
(1.5 2.53462e-13 0)
(1.5 2.51501e-13 0)
(1.5 2.43297e-13 0)
(1.5 2.70355e-13 0)
(1.5 1.3738e-13 0)
(1.5 4.80416e-14 0)
(1.5 -6.23824e-14 0)
(1.5 -3.82621e-14 0)
(1.5 4.12248e-14 0)
(1.5 2.20614e-13 0)
(1.5 2.13753e-13 0)
(1.5 1.22252e-13 0)
(1.5 7.04621e-14 0)
(1.5 3.29199e-14 0)
(1.5 1.11474e-13 0)
(1.5 1.05086e-13 0)
(1.5 8.32352e-14 0)
(1.5 2.97481e-14 0)
(1.5 3.6948e-15 0)
(1.5 3.52333e-14 0)
(1.5 1.43901e-13 0)
(1.5 1.84884e-13 0)
(1.5 2.50174e-13 0)
(1.5 1.12216e-13 0)
(1.5 1.21635e-13 0)
(1.5 1.38131e-13 0)
(1.5 1.32321e-13 0)
(1.5 1.80828e-13 0)
(1.5 1.75882e-13 0)
(1.5 1.59545e-13 0)
(1.5 1.65015e-14 0)
(1.5 1.83671e-13 0)
(1.5 3.38187e-13 0)
(1.5 3.18824e-13 0)
(1.5 1.8931e-13 0)
(1.5 9.16681e-14 0)
(1.5 -4.26723e-14 0)
(1.5 9.89283e-15 0)
(1.5 -2.27559e-14 0)
(1.5 -1.08971e-13 0)
(1.5 -1.97283e-13 0)
(1.5 -1.97955e-13 0)
(1.5 -9.59774e-14 0)
(1.5 -8.83101e-14 0)
(1.5 -1.0623e-13 0)
(1.5 -4.47402e-14 0)
(1.5 2.00717e-13 0)
(1.5 2.56299e-13 0)
(1.5 2.20999e-13 0)
(1.5 4.87198e-14 0)
(1.5 -4.12042e-14 0)
(1.5 -3.81187e-14 0)
(1.5 -7.0177e-14 0)
(1.5 -5.94304e-14 0)
(1.5 -2.08888e-14 0)
(1.5 -6.80643e-15 0)
(1.5 -6.12778e-15 0)
(1.5 -1.50263e-13 0)
(1.5 -1.05119e-13 0)
(1.5 -1.16976e-13 0)
(1.5 -7.66812e-14 0)
(1.5 4.03349e-14 0)
(1.5 2.13193e-14 0)
(1.5 1.07697e-13 0)
(1.5 5.09048e-14 0)
(1.5 -3.80337e-14 0)
(1.5 -8.80894e-14 0)
(1.5 -1.71254e-13 0)
(1.5 -1.90257e-13 0)
(1.5 -3.14458e-13 0)
(1.5 -2.75555e-13 0)
(1.5 -3.09561e-13 0)
(1.5 -3.71571e-13 0)
(1.5 -3.52582e-13 0)
(1.5 -4.34995e-13 0)
(1.5 -4.8519e-13 0)
(1.5 -4.33374e-13 0)
(1.5 -3.49062e-13 0)
(1.5 -3.17439e-13 0)
(1.5 -3.01286e-13 0)
(1.5 -9.19988e-14 0)
(1.5 5.57581e-14 0)
(1.5 5.85756e-14 0)
(1.5 9.52778e-14 0)
(1.5 1.65244e-13 0)
(1.5 3.19667e-13 0)
(1.5 2.78681e-13 0)
(1.5 2.76312e-13 0)
(1.5 3.01752e-13 0)
(1.5 2.5878e-13 0)
(1.5 2.40279e-13 0)
(1.5 3.11212e-13 0)
(1.5 3.38458e-13 0)
(1.5 2.77715e-13 0)
(1.5 1.8431e-13 0)
(1.5 2.39924e-13 0)
(1.5 2.90383e-13 0)
(1.5 2.58921e-13 0)
(1.5 1.94407e-13 0)
(1.5 1.40202e-13 0)
(1.5 1.05477e-13 0)
(1.5 9.0269e-14 0)
(1.5 2.91213e-14 0)
(1.5 -4.08533e-15 0)
(1.5 -2.44641e-13 0)
(1.5 -4.29735e-13 0)
(1.5 -4.27195e-13 0)
(1.5 -3.93164e-13 0)
(1.5 -3.4052e-13 0)
(1.5 -2.44594e-13 0)
(1.5 -1.89939e-13 0)
(1.5 -1.26998e-13 0)
(1.5 -1.57803e-13 0)
(1.5 -7.73909e-14 0)
(1.5 -1.71687e-13 0)
(1.5 -9.72612e-14 0)
(1.5 -1.8617e-13 0)
(1.5 -1.59332e-13 0)
(1.5 -1.74297e-13 0)
(1.5 -1.32482e-13 0)
(1.5 -3.44503e-14 0)
(1.5 9.24038e-14 0)
(1.5 1.96603e-13 0)
(1.5 1.93037e-13 0)
(1.5 2.10689e-13 0)
(1.5 2.17903e-13 0)
(1.5 8.43368e-14 0)
(1.5 3.55634e-14 0)
(1.5 -9.85481e-14 0)
(1.5 -1.76073e-13 0)
(1.5 -1.07357e-13 0)
(1.5 -1.26848e-13 0)
(1.5 -7.31873e-14 0)
(1.5 -1.44885e-13 0)
(1.5 -1.47582e-13 0)
(1.5 -5.15393e-14 0)
(1.5 7.27819e-14 0)
(1.5 1.01709e-13 0)
(1.5 -5.349e-14 0)
(1.5 -1.37576e-13 0)
(1.5 -1.10648e-13 0)
(1.5 -1.31149e-13 0)
(1.5 -7.68795e-14 0)
(1.5 -5.62685e-17 0)
(1.5 9.33819e-14 0)
(1.5 2.38226e-13 0)
(1.5 2.99854e-13 0)
(1.5 1.65857e-13 0)
(1.5 1.69429e-13 0)
(1.5 1.36057e-13 0)
(1.5 6.5398e-14 0)
(1.5 4.80593e-14 0)
(1.5 4.27893e-14 0)
(1.5 -5.79846e-14 0)
(1.5 -2.51329e-13 0)
(1.5 -3.14305e-13 0)
(1.5 -2.95054e-13 0)
(1.5 -1.82374e-13 0)
(1.5 -6.44398e-14 0)
(1.5 -3.28709e-14 0)
(1.5 6.66576e-14 0)
(1.5 1.15073e-13 0)
(1.5 -6.59946e-14 0)
(1.5 -6.37237e-14 0)
(1.5 -2.51361e-14 0)
(1.5 2.85973e-14 0)
(1.5 7.36654e-14 0)
(1.5 7.243e-14 0)
(1.5 1.82747e-14 0)
(1.5 -9.81266e-14 0)
(1.5 -1.0759e-13 0)
(1.5 -2.19047e-14 0)
(1.5 2.44616e-14 0)
(1.5 6.08322e-14 0)
(1.5 6.5805e-14 0)
(1.5 1.22362e-13 0)
(1.5 2.94946e-13 0)
(1.5 3.67957e-13 0)
(1.5 3.98677e-13 0)
(1.5 3.08061e-13 0)
(1.5 9.40635e-14 0)
(1.5 -9.78393e-14 0)
(1.5 -1.19597e-13 0)
(1.5 -1.21549e-13 0)
(1.5 -9.95501e-14 0)
(1.5 -6.98549e-14 0)
(1.5 -1.57399e-13 0)
(1.5 -1.27977e-13 0)
(1.5 -2.17448e-13 0)
(1.5 -2.01384e-13 0)
(1.5 -2.41656e-13 0)
(1.5 -1.71528e-13 0)
(1.5 -2.11113e-13 0)
(1.5 -1.47862e-13 0)
(1.5 -7.4989e-14 0)
(1.5 -5.02961e-15 0)
(1.5 8.465e-14 0)
(1.5 3.02668e-14 0)
(1.5 3.47424e-14 0)
(1.5 1.13503e-13 0)
(1.5 1.52681e-13 0)
(1.5 1.37854e-13 0)
(1.5 2.04595e-13 0)
(1.5 2.75372e-13 0)
(1.5 2.56899e-13 0)
(1.5 1.56749e-13 0)
(1.5 1.37632e-13 0)
(1.5 1.68342e-13 0)
(1.5 1.69012e-13 0)
(1.5 2.75827e-13 0)
(1.5 2.43516e-13 0)
(1.5 1.2572e-13 0)
(1.5 8.74523e-14 0)
(1.5 5.05183e-14 0)
(1.5 1.02205e-13 0)
(1.5 7.74884e-14 0)
(1.5 9.96335e-14 0)
(1.5 3.12938e-14 0)
(1.5 9.21755e-15 0)
(1.5 1.78944e-13 0)
(1.5 1.6031e-13 0)
(1.5 1.65174e-13 0)
(1.5 2.34138e-13 0)
(1.5 1.41981e-13 0)
(1.5 2.03539e-13 0)
(1.5 2.08891e-13 0)
(1.5 1.38629e-13 0)
(1.5 2.36234e-13 0)
(1.5 2.64678e-13 0)
(1.5 2.50594e-13 0)
(1.5 1.55159e-13 0)
(1.5 1.98755e-13 0)
(1.5 3.36471e-13 0)
(1.5 3.16444e-13 0)
(1.5 2.85432e-13 0)
(1.5 9.82083e-14 0)
(1.5 -1.37198e-14 0)
(1.5 1.05614e-14 0)
(1.5 5.22558e-14 0)
(1.5 -2.85123e-14 0)
(1.5 -1.55455e-13 0)
(1.5 -2.0202e-13 0)
(1.5 -1.16331e-13 0)
(1.5 -8.31608e-14 0)
(1.5 -3.44098e-14 0)
(1.5 2.00814e-14 0)
(1.5 1.91468e-13 0)
(1.5 3.021e-13 0)
(1.5 2.38755e-13 0)
(1.5 1.26374e-13 0)
(1.5 -1.05625e-15 0)
(1.5 3.59397e-14 0)
(1.5 1.14471e-13 0)
(1.5 8.02195e-14 0)
(1.5 1.24601e-13 0)
(1.5 -2.10681e-14 0)
(1.5 4.53573e-15 0)
(1.5 4.28874e-14 0)
(1.5 6.53541e-14 0)
(1.5 8.53187e-14 0)
(1.5 6.74927e-14 0)
(1.5 1.47418e-13 0)
(1.5 1.00444e-13 0)
(1.5 9.50563e-14 0)
(1.5 -3.4149e-14 0)
(1.5 -1.66463e-13 0)
(1.5 -1.95205e-13 0)
(1.5 -2.21758e-13 0)
(1.5 -1.51202e-13 0)
(1.5 -1.91691e-13 0)
(1.5 -1.50134e-13 0)
(1.5 -1.51944e-13 0)
(1.5 -1.20182e-13 0)
(1.5 -6.31325e-14 0)
(1.5 -1.60739e-13 0)
(1.5 -3.06822e-13 0)
(1.5 -2.99515e-13 0)
(1.5 -2.96178e-13 0)
(1.5 -2.60369e-13 0)
(1.5 -1.89845e-13 0)
(1.5 -1.54958e-13 0)
(1.5 -1.48995e-13 0)
(1.5 -7.77684e-14 0)
(1.5 8.66514e-15 0)
(1.5 1.30044e-13 0)
(1.5 2.92209e-13 0)
(1.5 2.80279e-13 0)
(1.5 3.35377e-13 0)
(1.5 4.28858e-13 0)
(1.5 4.25624e-13 0)
(1.5 3.38087e-13 0)
(1.5 3.22e-13 0)
(1.5 2.95742e-13 0)
(1.5 3.46135e-13 0)
(1.5 2.89607e-13 0)
(1.5 3.47511e-13 0)
(1.5 3.51583e-13 0)
(1.5 2.22244e-13 0)
(1.5 2.94319e-13 0)
(1.5 2.70241e-13 0)
(1.5 2.73197e-13 0)
(1.5 2.0739e-13 0)
(1.5 9.19058e-14 0)
(1.5 4.78777e-14 0)
(1.5 -1.94061e-13 0)
(1.5 -4.17927e-13 0)
(1.5 -4.57699e-13 0)
(1.5 -4.95961e-13 0)
(1.5 -5.41416e-13 0)
(1.5 -3.88288e-13 0)
(1.5 -2.50858e-13 0)
(1.5 -1.79385e-13 0)
(1.5 -9.89632e-14 0)
(1.5 -2.31904e-14 0)
(1.5 -1.87577e-13 0)
(1.5 -6.3019e-14 0)
(1.5 2.15933e-14 0)
(1.5 1.14675e-13 0)
(1.5 8.755e-14 0)
(1.5 8.30031e-14 0)
(1.5 -2.84588e-14 0)
(1.5 -4.40065e-14 0)
(1.5 -3.27794e-14 0)
(1.5 4.61399e-16 0)
(1.5 1.42874e-13 0)
(1.5 1.07607e-13 0)
(1.5 3.85731e-14 0)
(1.5 -5.50293e-14 0)
(1.5 -1.18086e-13 0)
(1.5 -8.3668e-14 0)
(1.5 5.81419e-14 0)
(1.5 1.19947e-13 0)
(1.5 1.44921e-13 0)
(1.5 1.53886e-13 0)
(1.5 1.22391e-14 0)
(1.5 7.98314e-14 0)
(1.5 1.81633e-13 0)
(1.5 1.04676e-13 0)
(1.5 -4.37532e-15 0)
(1.5 -7.73699e-14 0)
(1.5 -1.70312e-15 0)
(1.5 -5.19084e-14 0)
(1.5 -1.07528e-13 0)
(1.5 -1.01536e-13 0)
(1.5 -1.61627e-14 0)
(1.5 1.55744e-13 0)
(1.5 2.06609e-13 0)
(1.5 2.26113e-13 0)
(1.5 2.45631e-13 0)
(1.5 1.20665e-13 0)
(1.5 6.80744e-15 0)
(1.5 3.7744e-15 0)
(1.5 -7.94018e-14 0)
(1.5 -8.51264e-14 0)
(1.5 -1.76391e-13 0)
(1.5 -1.86069e-13 0)
(1.5 -2.20427e-13 0)
(1.5 -1.9055e-13 0)
(1.5 -7.0077e-15 0)
(1.5 -2.74144e-14 0)
(1.5 -4.80951e-16 0)
(1.5 1.52765e-13 0)
(1.5 1.00505e-14 0)
(1.5 -4.22879e-15 0)
(1.5 3.15918e-14 0)
(1.5 6.05362e-14 0)
(1.5 1.37755e-13 0)
(1.5 1.30492e-13 0)
(1.5 2.1137e-15 0)
(1.5 -1.43009e-13 0)
(1.5 -1.55154e-13 0)
(1.5 -2.28753e-15 0)
(1.5 9.69039e-14 0)
(1.5 7.90318e-14 0)
(1.5 3.09783e-14 0)
(1.5 -3.95581e-15 0)
(1.5 2.10191e-13 0)
(1.5 3.03893e-13 0)
(1.5 3.20359e-13 0)
(1.5 2.68152e-13 0)
(1.5 4.26753e-14 0)
(1.5 -1.2943e-13 0)
(1.5 -6.85139e-14 0)
(1.5 -9.09497e-15 0)
(1.5 5.66255e-14 0)
(1.5 3.76967e-14 0)
(1.5 -1.51528e-14 0)
(1.5 1.77621e-14 0)
(1.5 -5.80943e-14 0)
(1.5 1.25731e-14 0)
(1.5 -5.91891e-14 0)
(1.5 -6.21289e-14 0)
(1.5 -8.29709e-14 0)
(1.5 -6.00132e-14 0)
(1.5 2.22905e-14 0)
(1.5 6.70657e-14 0)
(1.5 9.06204e-14 0)
(1.5 -2.97793e-15 0)
(1.5 1.21916e-14 0)
(1.5 3.8406e-14 0)
(1.5 7.84163e-14 0)
(1.5 8.09268e-14 0)
(1.5 1.43676e-13 0)
(1.5 1.67382e-13 0)
(1.5 2.59426e-13 0)
(1.5 2.72039e-13 0)
(1.5 3.07166e-13 0)
(1.5 2.99267e-13 0)
(1.5 3.21337e-13 0)
(1.5 3.25718e-13 0)
(1.5 3.08986e-13 0)
(1.5 1.82749e-13 0)
(1.5 1.49851e-13 0)
(1.5 9.67625e-14 0)
(1.5 3.47853e-14 0)
(1.5 2.8014e-14 0)
(1.5 7.39231e-14 0)
(1.5 4.72149e-14 0)
(1.5 4.51803e-14 0)
(1.5 2.29295e-13 0)
(1.5 1.59435e-13 0)
(1.5 1.18443e-13 0)
(1.5 1.58254e-13 0)
(1.5 1.96565e-13 0)
(1.5 2.89051e-13 0)
(1.5 2.89219e-13 0)
(1.5 2.14173e-13 0)
(1.5 3.12884e-13 0)
(1.5 3.01684e-13 0)
(1.5 2.28503e-13 0)
(1.5 2.55709e-13 0)
(1.5 2.04256e-13 0)
(1.5 2.87426e-13 0)
(1.5 2.64902e-13 0)
(1.5 2.94607e-13 0)
(1.5 9.88105e-14 0)
(1.5 3.88109e-14 0)
(1.5 -3.57912e-14 0)
(1.5 -7.82352e-14 0)
(1.5 -1.00916e-13 0)
(1.5 -9.65211e-14 0)
(1.5 -1.13501e-13 0)
(1.5 -1.50645e-13 0)
(1.5 -1.18796e-13 0)
(1.5 -8.18315e-14 0)
(1.5 -5.01677e-14 0)
(1.5 1.37818e-14 0)
(1.5 1.84204e-13 0)
(1.5 1.48964e-13 0)
(1.5 1.3123e-13 0)
(1.5 9.27151e-14 0)
(1.5 5.48262e-14 0)
(1.5 1.70381e-13 0)
(1.5 1.33583e-13 0)
(1.5 2.19711e-13 0)
(1.5 1.03428e-13 0)
(1.5 4.38803e-14 0)
(1.5 1.46028e-13 0)
(1.5 1.29672e-13 0)
(1.5 1.80987e-13 0)
(1.5 1.62843e-13 0)
(1.5 1.3248e-13 0)
(1.5 6.20459e-14 0)
(1.5 1.92073e-14 0)
(1.5 -1.58e-13 0)
(1.5 -2.54637e-13 0)
(1.5 -3.8488e-13 0)
(1.5 -4.09151e-13 0)
(1.5 -3.37817e-13 0)
(1.5 -2.51877e-13 0)
(1.5 -1.79056e-13 0)
(1.5 -1.6654e-13 0)
(1.5 -3.20915e-14 0)
(1.5 -3.31298e-16 0)
(1.5 -2.51498e-14 0)
(1.5 -2.10757e-13 0)
(1.5 -3.16922e-13 0)
(1.5 -3.97969e-13 0)
(1.5 -3.86002e-13 0)
(1.5 -2.4981e-13 0)
(1.5 -2.89164e-13 0)
(1.5 -3.5624e-13 0)
(1.5 -2.76872e-13 0)
(1.5 -6.53849e-14 0)
(1.5 7.37981e-14 0)
(1.5 2.5116e-13 0)
(1.5 2.96908e-13 0)
(1.5 4.48126e-13 0)
(1.5 6.11903e-13 0)
(1.5 6.11859e-13 0)
(1.5 4.91698e-13 0)
(1.5 4.17013e-13 0)
(1.5 3.65297e-13 0)
(1.5 4.28151e-13 0)
(1.5 3.78158e-13 0)
(1.5 3.49538e-13 0)
(1.5 2.78973e-13 0)
(1.5 1.83516e-13 0)
(1.5 2.49589e-13 0)
(1.5 2.64101e-13 0)
(1.5 3.11417e-13 0)
(1.5 1.94077e-13 0)
(1.5 7.01603e-14 0)
(1.5 -2.12674e-14 0)
(1.5 -1.48842e-13 0)
(1.5 -3.08941e-13 0)
(1.5 -4.53472e-13 0)
(1.5 -5.31382e-13 0)
(1.5 -4.82744e-13 0)
(1.5 -4.21394e-13 0)
(1.5 -2.88833e-13 0)
(1.5 -1.83709e-13 0)
(1.5 -1.44214e-13 0)
(1.5 -1.40166e-13 0)
(1.5 -1.47649e-13 0)
(1.5 -8.08335e-14 0)
(1.5 6.50014e-15 0)
(1.5 8.82621e-14 0)
(1.5 9.41464e-14 0)
(1.5 1.14971e-13 0)
(1.5 4.01434e-15 0)
(1.5 -1.20471e-13 0)
(1.5 -1.69942e-13 0)
(1.5 -3.35765e-14 0)
(1.5 1.6505e-13 0)
(1.5 1.73739e-13 0)
(1.5 6.32186e-14 0)
(1.5 -4.41524e-14 0)
(1.5 -5.62325e-14 0)
(1.5 4.79727e-14 0)
(1.5 9.74478e-14 0)
(1.5 1.29754e-13 0)
(1.5 1.00769e-13 0)
(1.5 1.54092e-13 0)
(1.5 6.01196e-14 0)
(1.5 9.73285e-14 0)
(1.5 9.94688e-14 0)
(1.5 6.46714e-14 0)
(1.5 9.13671e-14 0)
(1.5 7.40073e-16 0)
(1.5 1.34762e-14 0)
(1.5 6.71317e-14 0)
(1.5 3.23958e-14 0)
(1.5 -3.32641e-14 0)
(1.5 -1.56853e-14 0)
(1.5 1.38247e-14 0)
(1.5 1.5703e-13 0)
(1.5 3.44244e-13 0)
(1.5 3.37187e-13 0)
(1.5 2.24237e-13 0)
(1.5 1.42009e-13 0)
(1.5 3.94245e-14 0)
(1.5 -1.71396e-13 0)
(1.5 -1.81724e-13 0)
(1.5 -1.63542e-13 0)
(1.5 -1.54612e-13 0)
(1.5 -1.06329e-13 0)
(1.5 -1.11143e-13 0)
(1.5 -6.39899e-14 0)
(1.5 -3.60721e-14 0)
(1.5 -5.15094e-14 0)
(1.5 9.94389e-14 0)
(1.5 3.02521e-14 0)
(1.5 -4.69635e-14 0)
(1.5 -1.18321e-13 0)
(1.5 -1.46997e-13 0)
(1.5 -2.64498e-14 0)
(1.5 3.49245e-14 0)
(1.5 -4.02306e-14 0)
(1.5 -7.49817e-14 0)
(1.5 -1.23617e-13 0)
(1.5 -4.30276e-14 0)
(1.5 2.72256e-14 0)
(1.5 5.00649e-14 0)
(1.5 2.64419e-14 0)
(1.5 -5.38077e-14 0)
(1.5 2.14489e-14 0)
(1.5 1.31819e-13 0)
(1.5 7.65578e-14 0)
(1.5 7.59918e-14 0)
(1.5 -1.12978e-14 0)
(1.5 4.67894e-14 0)
(1.5 6.21864e-14 0)
(1.5 8.33608e-14 0)
(1.5 1.38305e-13 0)
(1.5 3.86498e-14 0)
(1.5 2.52486e-14 0)
(1.5 3.04615e-14 0)
(1.5 4.81725e-14 0)
(1.5 1.80229e-13 0)
(1.5 1.75313e-13 0)
(1.5 8.10649e-14 0)
(1.5 1.03622e-13 0)
(1.5 1.03342e-13 0)
(1.5 1.53981e-13 0)
(1.5 1.60062e-13 0)
(1.5 1.06321e-13 0)
(1.5 6.52515e-14 0)
(1.5 4.47761e-14 0)
(1.5 3.53908e-14 0)
(1.5 6.51203e-14 0)
(1.5 6.01353e-14 0)
(1.5 1.22548e-13 0)
(1.5 1.46279e-13 0)
(1.5 3.13685e-13 0)
(1.5 3.76907e-13 0)
(1.5 4.75047e-13 0)
(1.5 4.62785e-13 0)
(1.5 4.39957e-13 0)
(1.5 3.596e-13 0)
(1.5 3.55287e-13 0)
(1.5 2.98944e-13 0)
(1.5 2.44351e-13 0)
(1.5 2.03205e-13 0)
(1.5 1.11411e-13 0)
(1.5 4.54893e-14 0)
(1.5 1.33554e-13 0)
(1.5 2.01272e-13 0)
(1.5 1.37905e-13 0)
(1.5 2.26856e-13 0)
(1.5 1.85418e-13 0)
(1.5 1.19197e-13 0)
(1.5 6.14225e-14 0)
(1.5 1.65872e-13 0)
(1.5 2.62923e-13 0)
(1.5 2.65078e-13 0)
(1.5 2.93923e-13 0)
(1.5 3.24583e-13 0)
(1.5 2.95018e-13 0)
(1.5 2.01007e-13 0)
(1.5 2.95644e-13 0)
(1.5 2.87051e-13 0)
(1.5 3.75704e-13 0)
(1.5 3.70047e-13 0)
(1.5 3.25382e-13 0)
(1.5 2.34638e-13 0)
(1.5 1.66924e-13 0)
(1.5 3.39985e-17 0)
(1.5 -1.4215e-13 0)
(1.5 -1.4375e-13 0)
(1.5 -5.91993e-14 0)
(1.5 -3.2003e-14 0)
(1.5 -1.49561e-13 0)
(1.5 -1.56501e-13 0)
(1.5 -5.29933e-14 0)
(1.5 -8.13532e-14 0)
(1.5 -9.70548e-14 0)
(1.5 1.11556e-14 0)
(1.5 1.00449e-13 0)
(1.5 2.54058e-13 0)
(1.5 2.23122e-13 0)
(1.5 4.64192e-14 0)
(1.5 9.77201e-14 0)
(1.5 1.09596e-13 0)
(1.5 1.93478e-13 0)
(1.5 1.65037e-13 0)
(1.5 8.13068e-14 0)
(1.5 2.33487e-13 0)
(1.5 1.62295e-13 0)
(1.5 1.9652e-13 0)
(1.5 1.21841e-13 0)
(1.5 3.60668e-14 0)
(1.5 -3.737e-14 0)
(1.5 -9.39119e-14 0)
(1.5 -2.11056e-13 0)
(1.5 -3.39652e-13 0)
(1.5 -4.37968e-13 0)
(1.5 -4.65425e-13 0)
(1.5 -4.9121e-13 0)
(1.5 -3.21259e-13 0)
(1.5 -2.55885e-13 0)
(1.5 -2.12156e-13 0)
(1.5 -7.48359e-14 0)
(1.5 -1.66225e-13 0)
(1.5 -1.07406e-13 0)
(1.5 -1.7455e-13 0)
(1.5 -3.60829e-13 0)
(1.5 -5.2285e-13 0)
(1.5 -4.77206e-13 0)
(1.5 -2.4615e-13 0)
(1.5 -3.15318e-13 0)
(1.5 -3.58586e-13 0)
(1.5 -2.53215e-13 0)
(1.5 -5.10919e-14 0)
(1.5 7.72908e-15 0)
(1.5 7.15794e-14 0)
(1.5 1.58142e-13 0)
(1.5 4.33089e-13 0)
(1.5 5.96414e-13 0)
(1.5 6.8017e-13 0)
(1.5 6.59139e-13 0)
(1.5 5.56743e-13 0)
(1.5 3.97516e-13 0)
(1.5 3.52748e-13 0)
(1.5 3.24242e-13 0)
(1.5 3.17393e-13 0)
(1.5 2.71752e-13 0)
(1.5 2.75662e-13 0)
(1.5 2.39296e-13 0)
(1.5 2.3236e-13 0)
(1.5 1.82011e-13 0)
(1.5 9.10703e-14 0)
(1.5 4.21983e-14 0)
(1.5 -8.27685e-14 0)
(1.5 -1.61062e-13 0)
(1.5 -2.55893e-13 0)
(1.5 -4.05416e-13 0)
(1.5 -4.11012e-13 0)
(1.5 -3.32803e-13 0)
(1.5 -2.86634e-13 0)
(1.5 -2.41064e-13 0)
(1.5 -1.80171e-13 0)
(1.5 -1.54179e-13 0)
(1.5 -1.45032e-13 0)
(1.5 -6.24617e-14 0)
(1.5 -7.1239e-14 0)
(1.5 -7.30586e-14 0)
(1.5 -4.88558e-14 0)
(1.5 -2.03757e-14 0)
(1.5 2.04329e-14 0)
(1.5 8.68144e-14 0)
(1.5 -6.62407e-14 0)
(1.5 -1.47912e-13 0)
(1.5 9.7785e-15 0)
(1.5 7.32985e-14 0)
(1.5 1.35548e-13 0)
(1.5 4.81722e-14 0)
(1.5 6.23999e-14 0)
(1.5 1.38096e-13 0)
(1.5 1.89259e-13 0)
(1.5 1.24183e-13 0)
(1.5 3.82834e-14 0)
(1.5 -1.87299e-15 0)
(1.5 1.2402e-14 0)
(1.5 -5.64218e-14 0)
(1.5 -1.27591e-13 0)
(1.5 -1.09387e-13 0)
(1.5 1.57928e-14 0)
(1.5 1.47824e-13 0)
(1.5 1.27096e-13 0)
(1.5 5.1833e-14 0)
(1.5 8.53142e-14 0)
(1.5 1.18143e-13 0)
(1.5 1.67031e-13 0)
(1.5 1.95436e-13 0)
(1.5 5.74871e-14 0)
(1.5 1.27103e-13 0)
(1.5 2.71917e-13 0)
(1.5 2.51272e-13 0)
(1.5 2.43725e-13 0)
(1.5 2.5092e-13 0)
(1.5 3.41942e-14 0)
(1.5 -1.35284e-13 0)
(1.5 -1.95704e-13 0)
(1.5 -1.88369e-13 0)
(1.5 -1.88598e-13 0)
(1.5 -1.26609e-13 0)
(1.5 -1.82785e-13 0)
(1.5 -1.99253e-13 0)
(1.5 -1.18811e-13 0)
(1.5 -1.04757e-14 0)
(1.5 7.17883e-14 0)
(1.5 -3.43719e-14 0)
(1.5 -4.02269e-14 0)
(1.5 -1.38784e-13 0)
(1.5 -2.46981e-13 0)
(1.5 -2.13473e-13 0)
(1.5 -1.03299e-13 0)
(1.5 -7.19795e-14 0)
(1.5 -2.26556e-14 0)
(1.5 -1.14797e-13 0)
(1.5 -1.47157e-13 0)
(1.5 -1.39262e-13 0)
(1.5 -4.84462e-14 0)
(1.5 -2.7767e-14 0)
(1.5 -4.49286e-14 0)
(1.5 -7.75475e-14 0)
(1.5 -2.3439e-14 0)
(1.5 -6.81263e-14 0)
(1.5 4.65156e-14 0)
(1.5 1.05428e-13 0)
(1.5 2.26685e-13 0)
(1.5 2.04667e-13 0)
(1.5 1.67088e-13 0)
(1.5 2.28538e-13 0)
(1.5 1.2196e-13 0)
(1.5 9.10724e-14 0)
(1.5 3.54836e-14 0)
(1.5 1.06468e-13 0)
(1.5 2.03616e-13 0)
(1.5 2.34552e-13 0)
(1.5 1.97877e-13 0)
(1.5 2.27504e-13 0)
(1.5 1.98913e-13 0)
(1.5 2.5142e-13 0)
(1.5 2.51716e-13 0)
(1.5 1.87633e-13 0)
(1.5 1.48407e-13 0)
(1.5 9.53786e-14 0)
(1.5 8.52502e-14 0)
(1.5 8.97768e-14 0)
(1.5 3.10388e-14 0)
(1.5 1.58068e-13 0)
(1.5 2.69415e-13 0)
(1.5 3.88345e-13 0)
(1.5 4.92351e-13 0)
(1.5 5.83519e-13 0)
(1.5 6.12832e-13 0)
(1.5 4.98894e-13 0)
(1.5 4.22776e-13 0)
(1.5 3.9632e-13 0)
(1.5 3.98791e-13 0)
(1.5 4.11907e-13 0)
(1.5 3.55444e-13 0)
(1.5 2.63061e-13 0)
(1.5 1.51067e-13 0)
(1.5 1.4488e-13 0)
(1.5 2.33939e-13 0)
(1.5 2.49138e-13 0)
(1.5 2.65014e-13 0)
(1.5 2.54419e-13 0)
(1.5 2.16325e-13 0)
(1.5 5.53063e-14 0)
(1.5 1.34401e-13 0)
(1.5 2.46513e-13 0)
(1.5 2.66925e-13 0)
(1.5 3.14137e-13 0)
(1.5 2.80062e-13 0)
(1.5 2.77213e-13 0)
(1.5 2.20674e-13 0)
(1.5 3.11943e-13 0)
(1.5 3.45117e-13 0)
(1.5 4.34951e-13 0)
(1.5 4.60971e-13 0)
(1.5 3.71501e-13 0)
(1.5 3.38582e-13 0)
(1.5 2.74465e-13 0)
(1.5 9.29771e-14 0)
(1.5 -6.64925e-14 0)
(1.5 -8.74641e-14 0)
(1.5 -6.02553e-14 0)
(1.5 3.67918e-15 0)
(1.5 -5.21324e-14 0)
(1.5 -9.21603e-14 0)
(1.5 9.8967e-14 0)
(1.5 4.45149e-14 0)
(1.5 -2.18447e-14 0)
(1.5 3.85915e-16 0)
(1.5 1.30733e-13 0)
(1.5 2.96742e-13 0)
(1.5 2.66913e-13 0)
(1.5 1.43296e-13 0)
(1.5 1.38681e-13 0)
(1.5 1.73339e-13 0)
(1.5 1.6828e-13 0)
(1.5 1.92935e-13 0)
(1.5 2.29992e-13 0)
(1.5 3.44652e-13 0)
(1.5 2.50068e-13 0)
(1.5 1.99795e-13 0)
(1.5 9.57374e-14 0)
(1.5 -3.5352e-14 0)
(1.5 -1.18935e-13 0)
(1.5 -2.4589e-13 0)
(1.5 -2.48943e-13 0)
(1.5 -3.63624e-13 0)
(1.5 -3.66657e-13 0)
(1.5 -4.28773e-13 0)
(1.5 -4.54835e-13 0)
(1.5 -3.19848e-13 0)
(1.5 -2.85902e-13 0)
(1.5 -2.03474e-13 0)
(1.5 -1.58851e-13 0)
(1.5 -2.42917e-13 0)
(1.5 -1.77398e-13 0)
(1.5 -1.33196e-13 0)
(1.5 -3.08542e-13 0)
(1.5 -5.19486e-13 0)
(1.5 -5.12303e-13 0)
(1.5 -3.63803e-13 0)
(1.5 -3.97637e-13 0)
(1.5 -3.8262e-13 0)
(1.5 -2.76483e-13 0)
(1.5 -1.76193e-13 0)
(1.5 -1.01445e-13 0)
(1.5 -1.39218e-13 0)
(1.5 -4.8669e-15 0)
(1.5 2.2802e-13 0)
(1.5 3.44539e-13 0)
(1.5 4.90596e-13 0)
(1.5 4.90286e-13 0)
(1.5 3.87547e-13 0)
(1.5 2.5255e-13 0)
(1.5 2.09062e-13 0)
(1.5 2.25349e-13 0)
(1.5 2.97785e-13 0)
(1.5 2.70877e-13 0)
(1.5 3.52268e-13 0)
(1.5 3.22936e-13 0)
(1.5 2.41023e-13 0)
(1.5 6.21865e-14 0)
(1.5 -5.84099e-14 0)
(1.5 -7.05128e-14 0)
(1.5 -1.35185e-13 0)
(1.5 -2.03958e-13 0)
(1.5 -1.72251e-13 0)
(1.5 -2.09694e-13 0)
(1.5 -1.98071e-13 0)
(1.5 -1.99141e-13 0)
(1.5 -1.95514e-13 0)
(1.5 -1.83331e-13 0)
(1.5 -1.87409e-13 0)
(1.5 -1.14536e-13 0)
(1.5 -1.06237e-13 0)
(1.5 -9.44846e-14 0)
(1.5 -1.59105e-13 0)
(1.5 -1.12134e-13 0)
(1.5 -6.70598e-14 0)
(1.5 -3.70233e-14 0)
(1.5 -2.02084e-14 0)
(1.5 1.08771e-13 0)
(1.5 -3.62541e-14 0)
(1.5 -1.19059e-13 0)
(1.5 -6.38325e-14 0)
(1.5 -1.29048e-13 0)
(1.5 -1.13854e-13 0)
(1.5 -2.32104e-14 0)
(1.5 9.21418e-14 0)
(1.5 2.37285e-13 0)
(1.5 2.32212e-13 0)
(1.5 1.00705e-13 0)
(1.5 -2.46895e-14 0)
(1.5 -6.44037e-14 0)
(1.5 -8.02569e-14 0)
(1.5 -1.80253e-13 0)
(1.5 -2.30069e-13 0)
(1.5 -2.11153e-13 0)
(1.5 -2.8326e-14 0)
(1.5 3.08604e-14 0)
(1.5 2.98393e-14 0)
(1.5 4.46271e-14 0)
(1.5 3.11913e-14 0)
(1.5 1.01279e-13 0)
(1.5 2.41292e-13 0)
(1.5 1.7743e-13 0)
(1.5 9.26579e-14 0)
(1.5 3.87415e-14 0)
(1.5 1.5672e-14 0)
(1.5 2.66348e-14 0)
(1.5 3.56023e-15 0)
(1.5 9.70423e-14 0)
(1.5 -3.59714e-14 0)
(1.5 -1.51699e-13 0)
(1.5 -1.22386e-13 0)
(1.5 -1.58924e-13 0)
(1.5 -1.65016e-13 0)
(1.5 -1.55759e-13 0)
(1.5 -2.25263e-13 0)
(1.5 -1.59984e-13 0)
(1.5 -1.01822e-13 0)
(1.5 6.83247e-14 0)
(1.5 9.29459e-14 0)
(1.5 -5.69906e-14 0)
(1.5 8.14755e-14 0)
(1.5 5.24799e-14 0)
(1.5 -4.93245e-14 0)
(1.5 -1.78666e-13 0)
(1.5 -1.72751e-13 0)
(1.5 -1.45444e-13 0)
(1.5 -1.07129e-13 0)
(1.5 -1.82143e-13 0)
(1.5 -2.78574e-13 0)
(1.5 -3.02413e-13 0)
(1.5 -2.65699e-13 0)
(1.5 -2.28537e-13 0)
(1.5 -7.58631e-14 0)
(1.5 -9.91983e-14 0)
(1.5 -9.58042e-14 0)
(1.5 -4.78797e-14 0)
(1.5 4.31199e-14 0)
(1.5 7.40288e-14 0)
(1.5 1.12511e-13 0)
(1.5 1.89564e-13 0)
(1.5 1.77987e-13 0)
(1.5 1.59342e-13 0)
(1.5 8.1938e-14 0)
(1.5 1.24044e-13 0)
(1.5 1.14581e-13 0)
(1.5 1.44009e-13 0)
(1.5 1.18605e-13 0)
(1.5 1.22388e-13 0)
(1.5 1.56598e-13 0)
(1.5 1.23853e-13 0)
(1.5 1.0714e-13 0)
(1.5 2.27691e-13 0)
(1.5 2.32978e-13 0)
(1.5 1.92947e-13 0)
(1.5 1.37906e-13 0)
(1.5 1.1588e-13 0)
(1.5 8.15892e-14 0)
(1.5 2.64853e-14 0)
(1.5 3.42235e-14 0)
(1.5 1.57369e-13 0)
(1.5 3.20561e-13 0)
(1.5 3.44339e-13 0)
(1.5 4.87995e-13 0)
(1.5 5.38263e-13 0)
(1.5 5.1984e-13 0)
(1.5 4.33447e-13 0)
(1.5 4.15877e-13 0)
(1.5 3.78344e-13 0)
(1.5 3.64543e-13 0)
(1.5 4.05564e-13 0)
(1.5 3.37353e-13 0)
(1.5 2.67288e-13 0)
(1.5 1.97925e-13 0)
(1.5 1.03371e-13 0)
(1.5 1.3712e-13 0)
(1.5 2.5737e-13 0)
(1.5 2.3582e-13 0)
(1.5 2.26506e-13 0)
(1.5 2.17244e-13 0)
(1.5 1.46986e-14 0)
(1.5 5.33973e-14 0)
(1.5 1.14674e-13 0)
(1.5 1.1967e-13 0)
(1.5 1.1127e-13 0)
(1.5 8.4085e-14 0)
(1.5 1.03675e-13 0)
(1.5 1.48014e-13 0)
(1.5 1.78171e-13 0)
(1.5 1.77036e-13 0)
(1.5 1.9163e-13 0)
(1.5 2.3656e-13 0)
(1.5 1.92168e-13 0)
(1.5 2.18836e-13 0)
(1.5 2.64669e-13 0)
(1.5 2.0368e-13 0)
(1.5 1.15583e-13 0)
(1.5 4.31812e-14 0)
(1.5 -9.01513e-15 0)
(1.5 2.58145e-14 0)
(1.5 5.16162e-14 0)
(1.5 9.27573e-14 0)
(1.5 2.25493e-13 0)
(1.5 2.30638e-13 0)
(1.5 2.06222e-13 0)
(1.5 1.44285e-13 0)
(1.5 1.61086e-13 0)
(1.5 2.3452e-13 0)
(1.5 2.83942e-13 0)
(1.5 3.274e-13 0)
(1.5 2.57242e-13 0)
(1.5 3.01298e-13 0)
(1.5 2.32205e-13 0)
(1.5 2.80284e-13 0)
(1.5 4.05224e-13 0)
(1.5 3.29146e-13 0)
(1.5 2.45659e-13 0)
(1.5 1.68539e-13 0)
(1.5 1.7649e-13 0)
(1.5 2.56423e-15 0)
(1.5 -1.02811e-13 0)
(1.5 -2.48995e-13 0)
(1.5 -2.52055e-13 0)
(1.5 -2.8115e-13 0)
(1.5 -2.89197e-13 0)
(1.5 -3.68008e-13 0)
(1.5 -3.60442e-13 0)
(1.5 -3.16968e-13 0)
(1.5 -3.24748e-13 0)
(1.5 -2.29122e-13 0)
(1.5 -2.06837e-13 0)
(1.5 -2.02808e-13 0)
(1.5 -1.78383e-13 0)
(1.5 -1.51172e-13 0)
(1.5 -1.8306e-13 0)
(1.5 -2.92327e-13 0)
(1.5 -4.18652e-13 0)
(1.5 -4.49175e-13 0)
(1.5 -4.1999e-13 0)
(1.5 -3.69239e-13 0)
(1.5 -3.29366e-13 0)
(1.5 -2.86012e-13 0)
(1.5 -1.68754e-13 0)
(1.5 -2.40632e-13 0)
(1.5 -1.6412e-13 0)
(1.5 -1.28209e-13 0)
(1.5 2.38105e-15 0)
(1.5 1.31503e-13 0)
(1.5 1.03152e-13 0)
(1.5 6.67251e-14 0)
(1.5 7.24504e-14 0)
(1.5 4.35183e-14 0)
(1.5 1.66185e-13 0)
(1.5 3.14653e-13 0)
(1.5 3.00825e-13 0)
(1.5 3.34866e-13 0)
(1.5 2.41537e-13 0)
(1.5 7.40735e-14 0)
(1.5 -7.99068e-14 0)
(1.5 -1.6566e-13 0)
(1.5 -2.61706e-13 0)
(1.5 -3.15665e-13 0)
(1.5 -3.05156e-13 0)
(1.5 -1.9437e-13 0)
(1.5 -1.53633e-14 0)
(1.5 -8.6836e-15 0)
(1.5 -4.21232e-14 0)
(1.5 -1.43619e-13 0)
(1.5 -1.78294e-13 0)
(1.5 -2.48735e-13 0)
(1.5 -2.144e-13 0)
(1.5 -1.70686e-13 0)
(1.5 -1.85395e-13 0)
(1.5 -2.37149e-13 0)
(1.5 -1.69719e-13 0)
(1.5 -1.19778e-13 0)
(1.5 -2.27199e-15 0)
(1.5 1.42079e-14 0)
(1.5 -2.01164e-14 0)
(1.5 -6.10582e-14 0)
(1.5 -7.44716e-14 0)
(1.5 -6.36424e-14 0)
(1.5 -2.01099e-13 0)
(1.5 -2.31171e-13 0)
(1.5 -5.73903e-14 0)
(1.5 6.34226e-14 0)
(1.5 2.1055e-13 0)
(1.5 1.67518e-13 0)
(1.5 7.99288e-14 0)
(1.5 6.55647e-14 0)
(1.5 8.3899e-14 0)
(1.5 2.62172e-14 0)
(1.5 -9.77979e-14 0)
(1.5 -1.24074e-13 0)
(1.5 -1.70523e-13 0)
(1.5 -8.6592e-14 0)
(1.5 -5.06612e-14 0)
(1.5 -4.68111e-14 0)
(1.5 2.52757e-14 0)
(1.5 1.29545e-13 0)
(1.5 1.73125e-13 0)
(1.5 2.4241e-13 0)
(1.5 2.70716e-14 0)
(1.5 1.10879e-15 0)
(1.5 -1.19288e-14 0)
(1.5 -9.83002e-14 0)
(1.5 -5.76448e-14 0)
(1.5 -1.46753e-13 0)
(1.5 -1.39603e-13 0)
(1.5 -1.45583e-13 0)
(1.5 -2.50638e-13 0)
(1.5 -1.40677e-13 0)
(1.5 -1.73331e-13 0)
(1.5 -1.1072e-13 0)
(1.5 -4.51085e-14 0)
(1.5 -7.0286e-14 0)
(1.5 -4.74825e-15 0)
(1.5 4.45259e-14 0)
(1.5 3.11234e-14 0)
(1.5 9.21148e-14 0)
(1.5 -5.79182e-14 0)
(1.5 3.64073e-14 0)
(1.5 1.18431e-13 0)
(1.5 6.53023e-14 0)
(1.5 -1.14292e-13 0)
(1.5 -2.62089e-13 0)
(1.5 -2.84157e-13 0)
(1.5 -2.60389e-13 0)
(1.5 -2.57813e-13 0)
(1.5 -3.525e-13 0)
(1.5 -3.76828e-13 0)
(1.5 -4.61938e-13 0)
(1.5 -3.61091e-13 0)
(1.5 -1.56257e-13 0)
(1.5 -1.46841e-13 0)
(1.5 -1.87512e-13 0)
(1.5 -1.03725e-13 0)
(1.5 -5.79718e-15 0)
(1.5 9.61435e-14 0)
(1.5 9.95268e-14 0)
(1.5 2.31199e-13 0)
(1.5 2.09236e-13 0)
(1.5 1.25987e-13 0)
(1.5 1.17065e-13 0)
(1.5 1.43931e-13 0)
(1.5 2.41632e-13 0)
(1.5 2.58322e-13 0)
(1.5 1.36485e-13 0)
(1.5 1.08996e-13 0)
(1.5 7.03448e-14 0)
(1.5 3.00871e-14 0)
(1.5 -8.98656e-15 0)
(1.5 1.84063e-13 0)
(1.5 1.86371e-13 0)
(1.5 1.44729e-13 0)
(1.5 1.71665e-13 0)
(1.5 1.68863e-13 0)
(1.5 6.99484e-14 0)
(1.5 4.67775e-14 0)
(1.5 1.35796e-13 0)
(1.5 1.75639e-13 0)
(1.5 3.03049e-13 0)
(1.5 3.45821e-13 0)
(1.5 4.5131e-13 0)
(1.5 5.00379e-13 0)
(1.5 4.57076e-13 0)
(1.5 4.05922e-13 0)
(1.5 4.25503e-13 0)
(1.5 3.68724e-13 0)
(1.5 3.6417e-13 0)
(1.5 3.28098e-13 0)
(1.5 2.80513e-13 0)
(1.5 2.63702e-13 0)
(1.5 2.35495e-13 0)
(1.5 1.95313e-13 0)
(1.5 1.78143e-13 0)
(1.5 2.34301e-13 0)
(1.5 1.84305e-13 0)
(1.5 1.29344e-13 0)
(1.5 1.71418e-13 0)
(1.5 1.30869e-13 0)
(1.5 9.70153e-14 0)
(1.5 3.96982e-14 0)
(1.5 1.14696e-16 0)
(1.5 -2.89996e-14 0)
(1.5 -2.45636e-14 0)
(1.5 2.33681e-14 0)
(1.5 1.43421e-13 0)
(1.5 9.63567e-14 0)
(1.5 3.19017e-14 0)
(1.5 -9.29841e-14 0)
(1.5 -9.48216e-14 0)
(1.5 -3.00545e-14 0)
(1.5 3.4983e-14 0)
(1.5 1.39392e-13 0)
(1.5 2.22882e-13 0)
(1.5 2.66166e-13 0)
(1.5 2.44031e-13 0)
(1.5 1.48954e-13 0)
(1.5 9.34122e-14 0)
(1.5 1.64276e-13 0)
(1.5 2.05643e-13 0)
(1.5 2.07192e-13 0)
(1.5 3.00931e-13 0)
(1.5 3.2199e-13 0)
(1.5 2.54606e-13 0)
(1.5 2.56401e-13 0)
(1.5 2.55251e-13 0)
(1.5 3.39068e-13 0)
(1.5 4.53165e-13 0)
(1.5 3.7705e-13 0)
(1.5 3.53391e-13 0)
(1.5 2.97451e-13 0)
(1.5 3.4158e-13 0)
(1.5 4.38028e-13 0)
(1.5 3.274e-13 0)
(1.5 3.0208e-13 0)
(1.5 2.26093e-13 0)
(1.5 1.34822e-13 0)
(1.5 1.1775e-14 0)
(1.5 -6.84524e-14 0)
(1.5 -1.41465e-13 0)
(1.5 -1.9122e-13 0)
(1.5 -2.33372e-13 0)
(1.5 -2.54438e-13 0)
(1.5 -2.75064e-13 0)
(1.5 -1.7345e-13 0)
(1.5 -2.31825e-13 0)
(1.5 -2.90773e-13 0)
(1.5 -2.3889e-13 0)
(1.5 -2.82679e-13 0)
(1.5 -2.274e-13 0)
(1.5 -1.65389e-13 0)
(1.5 -1.73827e-13 0)
(1.5 -1.2555e-13 0)
(1.5 -1.4887e-13 0)
(1.5 -2.46733e-13 0)
(1.5 -4.07488e-13 0)
(1.5 -3.56754e-13 0)
(1.5 -2.87719e-13 0)
(1.5 -3.05865e-13 0)
(1.5 -3.30426e-13 0)
(1.5 -2.57876e-13 0)
(1.5 -2.83363e-13 0)
(1.5 -2.40477e-13 0)
(1.5 -3.07858e-13 0)
(1.5 -2.19169e-13 0)
(1.5 -2.01617e-13 0)
(1.5 -2.59869e-13 0)
(1.5 -2.40335e-13 0)
(1.5 -6.4403e-14 0)
(1.5 9.05395e-15 0)
(1.5 1.11905e-13 0)
(1.5 3.16492e-13 0)
(1.5 3.72393e-13 0)
(1.5 2.51332e-13 0)
(1.5 7.45355e-14 0)
(1.5 -7.75193e-14 0)
(1.5 -1.40304e-13 0)
(1.5 -1.23846e-13 0)
(1.5 -2.24391e-13 0)
(1.5 -3.47429e-13 0)
(1.5 -2.33878e-13 0)
(1.5 -1.07856e-13 0)
(1.5 9.8805e-14 0)
(1.5 1.2849e-13 0)
(1.5 5.30548e-14 0)
(1.5 -8.23739e-14 0)
(1.5 -1.01322e-13 0)
(1.5 -1.74408e-13 0)
(1.5 -1.85957e-13 0)
(1.5 -1.25819e-13 0)
(1.5 -1.38991e-13 0)
(1.5 -1.95297e-13 0)
(1.5 -1.59707e-13 0)
(1.5 -9.71549e-14 0)
(1.5 8.41397e-15 0)
(1.5 1.66325e-14 0)
(1.5 -1.08032e-13 0)
(1.5 -8.57263e-14 0)
(1.5 -5.3607e-14 0)
(1.5 -5.0648e-14 0)
(1.5 -1.30964e-13 0)
(1.5 -1.75209e-13 0)
(1.5 -7.26418e-14 0)
(1.5 3.58804e-14 0)
(1.5 1.52565e-13 0)
(1.5 1.84272e-13 0)
(1.5 1.90527e-13 0)
(1.5 2.35192e-13 0)
(1.5 2.52158e-13 0)
(1.5 1.24308e-13 0)
(1.5 1.19836e-13 0)
(1.5 9.11865e-14 0)
(1.5 4.41735e-14 0)
(1.5 3.81388e-14 0)
(1.5 1.02721e-13 0)
(1.5 1.4043e-13 0)
(1.5 1.91161e-13 0)
(1.5 2.66292e-13 0)
(1.5 2.84196e-13 0)
(1.5 1.89655e-13 0)
(1.5 6.36089e-14 0)
(1.5 4.5459e-14 0)
(1.5 4.68708e-14 0)
(1.5 -8.53003e-15 0)
(1.5 -4.49852e-14 0)
(1.5 -6.30202e-14 0)
(1.5 -1.96079e-13 0)
(1.5 -1.34404e-13 0)
(1.5 -1.01147e-13 0)
(1.5 -8.74582e-14 0)
(1.5 -5.13204e-14 0)
(1.5 -4.40235e-15 0)
(1.5 2.91094e-14 0)
(1.5 9.84878e-14 0)
(1.5 1.89868e-13 0)
(1.5 2.77816e-13 0)
(1.5 1.56269e-13 0)
(1.5 2.07876e-13 0)
(1.5 1.86213e-14 0)
(1.5 -5.97133e-15 0)
(1.5 8.01191e-14 0)
(1.5 5.8383e-14 0)
(1.5 -1.25941e-13 0)
(1.5 -3.00136e-13 0)
(1.5 -3.43524e-13 0)
(1.5 -2.95172e-13 0)
(1.5 -2.83503e-13 0)
(1.5 -3.82422e-13 0)
(1.5 -3.95676e-13 0)
(1.5 -4.28435e-13 0)
(1.5 -3.33367e-13 0)
(1.5 -2.48555e-13 0)
(1.5 -2.61711e-13 0)
(1.5 -2.42182e-13 0)
(1.5 -1.2696e-13 0)
(1.5 -2.78368e-15 0)
(1.5 9.15177e-14 0)
(1.5 9.60591e-14 0)
(1.5 2.23142e-13 0)
(1.5 2.13478e-13 0)
(1.5 1.50602e-13 0)
(1.5 2.0093e-13 0)
(1.5 1.23636e-13 0)
(1.5 1.88064e-13 0)
(1.5 2.22892e-13 0)
(1.5 1.02282e-13 0)
(1.5 1.01676e-13 0)
(1.5 3.84804e-15 0)
(1.5 6.39215e-14 0)
(1.5 1.3147e-14 0)
(1.5 1.0324e-13 0)
(1.5 6.59683e-14 0)
(1.5 4.05104e-14 0)
(1.5 1.66576e-13 0)
(1.5 9.98454e-14 0)
(1.5 5.22766e-14 0)
(1.5 9.83384e-14 0)
(1.5 1.64185e-13 0)
(1.5 1.21199e-13 0)
(1.5 1.56139e-13 0)
(1.5 2.94913e-13 0)
(1.5 3.49633e-13 0)
(1.5 3.33852e-13 0)
(1.5 3.82616e-13 0)
(1.5 3.81338e-13 0)
(1.5 3.75715e-13 0)
(1.5 3.44809e-13 0)
(1.5 3.36993e-13 0)
(1.5 2.41491e-13 0)
(1.5 2.68834e-13 0)
(1.5 2.69881e-13 0)
(1.5 2.14261e-13 0)
(1.5 1.98566e-13 0)
(1.5 1.5983e-13 0)
(1.5 8.62876e-14 0)
(1.5 9.25473e-15 0)
(1.5 -2.24857e-14 0)
(1.5 8.89806e-14 0)
(1.5 1.82963e-13 0)
(1.5 7.04929e-14 0)
(1.5 -1.73423e-14 0)
(1.5 -9.07783e-14 0)
(1.5 -7.84277e-14 0)
(1.5 5.38817e-15 0)
(1.5 8.16914e-15 0)
(1.5 4.80239e-14 0)
(1.5 -4.10262e-14 0)
(1.5 -1.09018e-13 0)
(1.5 -1.85905e-13 0)
(1.5 -1.75238e-13 0)
(1.5 -9.28151e-14 0)
(1.5 7.84741e-15 0)
(1.5 1.55055e-13 0)
(1.5 2.75527e-13 0)
(1.5 3.26367e-13 0)
(1.5 2.99758e-13 0)
(1.5 1.98759e-13 0)
(1.5 1.66534e-13 0)
(1.5 2.72214e-13 0)
(1.5 3.13681e-13 0)
(1.5 2.81411e-13 0)
(1.5 3.5876e-13 0)
(1.5 3.26456e-13 0)
(1.5 4.10942e-13 0)
(1.5 4.00687e-13 0)
(1.5 2.87525e-13 0)
(1.5 3.02945e-13 0)
(1.5 3.97079e-13 0)
(1.5 3.97896e-13 0)
(1.5 3.91662e-13 0)
(1.5 3.96128e-13 0)
(1.5 4.62021e-13 0)
(1.5 4.9925e-13 0)
(1.5 3.73839e-13 0)
(1.5 3.4463e-13 0)
(1.5 2.27199e-13 0)
(1.5 9.18889e-14 0)
(1.5 4.15874e-14 0)
(1.5 -5.83408e-14 0)
(1.5 -1.32101e-13 0)
(1.5 -1.8407e-13 0)
(1.5 -2.03797e-13 0)
(1.5 -2.30154e-13 0)
(1.5 -1.72767e-13 0)
(1.5 -1.15832e-13 0)
(1.5 -2.35715e-13 0)
(1.5 -2.72911e-13 0)
(1.5 -3.04413e-13 0)
(1.5 -3.48301e-13 0)
(1.5 -3.40579e-13 0)
(1.5 -3.10037e-13 0)
(1.5 -2.53008e-13 0)
(1.5 -2.18708e-13 0)
(1.5 -1.78866e-13 0)
(1.5 -1.89922e-13 0)
(1.5 -3.63245e-13 0)
(1.5 -3.06984e-13 0)
(1.5 -2.32206e-13 0)
(1.5 -2.42271e-13 0)
(1.5 -3.43678e-13 0)
(1.5 -3.08426e-13 0)
(1.5 -2.86417e-13 0)
(1.5 -2.10692e-13 0)
(1.5 -2.16379e-13 0)
(1.5 -2.93677e-13 0)
(1.5 -4.07694e-13 0)
(1.5 -4.25036e-13 0)
(1.5 -3.25798e-13 0)
(1.5 -1.12252e-13 0)
(1.5 3.24379e-14 0)
(1.5 2.41097e-14 0)
(1.5 1.48131e-13 0)
(1.5 2.26041e-13 0)
(1.5 8.21295e-14 0)
(1.5 -5.97336e-14 0)
(1.5 -1.61068e-13 0)
(1.5 -1.85538e-13 0)
(1.5 -1.19425e-13 0)
(1.5 -3.61444e-14 0)
(1.5 -9.87672e-14 0)
(1.5 -6.57675e-15 0)
(1.5 4.69357e-14 0)
(1.5 1.71958e-13 0)
(1.5 2.64754e-13 0)
(1.5 1.7033e-13 0)
(1.5 1.20163e-13 0)
(1.5 5.78478e-14 0)
(1.5 -8.94382e-14 0)
(1.5 -1.48259e-13 0)
(1.5 -9.85109e-14 0)
(1.5 -5.8212e-14 0)
(1.5 -1.6325e-13 0)
(1.5 -2.05979e-13 0)
(1.5 -1.84373e-13 0)
(1.5 -9.08177e-14 0)
(1.5 -8.02149e-14 0)
(1.5 -1.87362e-13 0)
(1.5 -1.15367e-13 0)
(1.5 -1.47754e-13 0)
(1.5 -1.81731e-13 0)
(1.5 -1.66901e-13 0)
(1.5 -1.63243e-13 0)
(1.5 -7.44475e-14 0)
(1.5 2.09922e-14 0)
(1.5 7.51702e-14 0)
(1.5 1.91732e-13 0)
(1.5 2.72119e-13 0)
(1.5 3.18298e-13 0)
(1.5 2.86025e-13 0)
(1.5 1.38724e-13 0)
(1.5 2.70721e-13 0)
(1.5 2.40028e-13 0)
(1.5 2.57455e-13 0)
(1.5 2.52981e-13 0)
(1.5 2.96892e-13 0)
(1.5 2.65027e-13 0)
(1.5 2.40251e-13 0)
(1.5 1.83067e-13 0)
(1.5 2.09626e-13 0)
(1.5 6.3865e-14 0)
(1.5 5.86858e-14 0)
(1.5 1.02499e-13 0)
(1.5 1.15049e-13 0)
(1.5 1.37529e-13 0)
(1.5 4.38941e-14 0)
(1.5 7.70067e-14 0)
(1.5 -9.03235e-14 0)
(1.5 -9.89609e-14 0)
(1.5 9.16478e-16 0)
(1.5 -1.14879e-14 0)
(1.5 8.01074e-14 0)
(1.5 7.12784e-14 0)
(1.5 6.39001e-14 0)
(1.5 1.36142e-13 0)
(1.5 2.69128e-13 0)
(1.5 3.51357e-13 0)
(1.5 3.53621e-13 0)
(1.5 3.19415e-13 0)
(1.5 7.46112e-14 0)
(1.5 1.20525e-14 0)
(1.5 2.36627e-14 0)
(1.5 -2.99219e-14 0)
(1.5 -1.62439e-13 0)
(1.5 -2.90689e-13 0)
(1.5 -3.80572e-13 0)
(1.5 -3.35955e-13 0)
(1.5 -2.94376e-13 0)
(1.5 -3.21108e-13 0)
(1.5 -3.42196e-13 0)
(1.5 -3.23175e-13 0)
(1.5 -3.24355e-13 0)
(1.5 -2.75168e-13 0)
(1.5 -3.16388e-13 0)
(1.5 -2.03649e-13 0)
(1.5 -7.74124e-14 0)
(1.5 4.94076e-14 0)
(1.5 8.1735e-14 0)
(1.5 6.72908e-14 0)
(1.5 1.32889e-13 0)
(1.5 2.17048e-13 0)
(1.5 2.00869e-13 0)
(1.5 2.3485e-13 0)
(1.5 1.4607e-13 0)
(1.5 1.00366e-13 0)
(1.5 1.12363e-13 0)
(1.5 6.47515e-14 0)
(1.5 8.47985e-14 0)
(1.5 1.20571e-14 0)
(1.5 7.84947e-14 0)
(1.5 9.52294e-14 0)
(1.5 4.70054e-14 0)
(1.5 1.62375e-14 0)
(1.5 -3.20983e-15 0)
(1.5 1.43231e-13 0)
(1.5 8.2343e-14 0)
(1.5 1.43102e-13 0)
(1.5 1.88958e-13 0)
(1.5 1.91747e-13 0)
(1.5 1.32776e-13 0)
(1.5 1.66229e-13 0)
(1.5 2.78797e-13 0)
(1.5 3.5693e-13 0)
(1.5 2.82579e-13 0)
(1.5 2.69568e-13 0)
(1.5 3.21481e-13 0)
(1.5 2.55188e-13 0)
(1.5 2.74191e-13 0)
(1.5 3.18515e-13 0)
(1.5 2.40989e-13 0)
(1.5 2.81299e-13 0)
(1.5 2.60013e-13 0)
(1.5 1.89964e-13 0)
(1.5 1.94449e-13 0)
(1.5 1.3261e-13 0)
(1.5 6.12573e-14 0)
(1.5 1.00205e-14 0)
(1.5 5.21036e-14 0)
(1.5 5.6696e-14 0)
(1.5 8.72322e-14 0)
(1.5 2.41395e-14 0)
(1.5 -1.26933e-14 0)
(1.5 -5.59938e-14 0)
(1.5 -2.49292e-14 0)
(1.5 2.95891e-14 0)
(1.5 -3.16704e-15 0)
(1.5 -6.49689e-14 0)
(1.5 -6.39835e-14 0)
(1.5 -1.00986e-13 0)
(1.5 -7.1677e-14 0)
(1.5 -4.81344e-14 0)
(1.5 -6.72192e-14 0)
(1.5 4.36537e-14 0)
(1.5 1.0478e-13 0)
(1.5 2.26317e-13 0)
(1.5 2.92316e-13 0)
(1.5 2.69329e-13 0)
(1.5 2.16129e-13 0)
(1.5 2.12096e-13 0)
(1.5 3.02374e-13 0)
(1.5 4.47338e-13 0)
(1.5 4.83264e-13 0)
(1.5 5.40791e-13 0)
(1.5 4.6065e-13 0)
(1.5 5.04555e-13 0)
(1.5 4.55591e-13 0)
(1.5 3.5133e-13 0)
(1.5 3.10371e-13 0)
(1.5 3.55232e-13 0)
(1.5 4.29094e-13 0)
(1.5 4.93061e-13 0)
(1.5 5.77389e-13 0)
(1.5 7.30934e-13 0)
(1.5 7.21658e-13 0)
(1.5 6.21195e-13 0)
(1.5 4.48619e-13 0)
(1.5 3.11059e-13 0)
(1.5 1.16395e-13 0)
(1.5 -4.46528e-14 0)
(1.5 -1.86767e-13 0)
(1.5 -2.93811e-13 0)
(1.5 -2.84252e-13 0)
(1.5 -2.05281e-13 0)
(1.5 -1.63594e-13 0)
(1.5 -7.04661e-14 0)
(1.5 -1.68076e-13 0)
(1.5 -2.38598e-13 0)
(1.5 -2.30148e-13 0)
(1.5 -2.74492e-13 0)
(1.5 -2.62093e-13 0)
(1.5 -3.5002e-13 0)
(1.5 -3.79898e-13 0)
(1.5 -3.16982e-13 0)
(1.5 -2.57785e-13 0)
(1.5 -1.08242e-13 0)
(1.5 -1.65442e-13 0)
(1.5 -2.19861e-13 0)
(1.5 -2.57067e-13 0)
(1.5 -2.13595e-13 0)
(1.5 -2.27763e-13 0)
(1.5 -3.29579e-13 0)
(1.5 -2.20091e-13 0)
(1.5 -1.98676e-13 0)
(1.5 -1.52043e-13 0)
(1.5 -2.00761e-13 0)
(1.5 -3.85571e-13 0)
(1.5 -4.81259e-13 0)
(1.5 -4.4074e-13 0)
(1.5 -3.30786e-13 0)
(1.5 -2.29589e-13 0)
(1.5 -1.1647e-13 0)
(1.5 -1.36878e-13 0)
(1.5 -1.79826e-13 0)
(1.5 -1.74788e-13 0)
(1.5 -1.72255e-13 0)
(1.5 -2.24831e-13 0)
(1.5 -2.33856e-13 0)
(1.5 -2.0713e-13 0)
(1.5 -1.43965e-13 0)
(1.5 8.34452e-14 0)
(1.5 1.61711e-13 0)
(1.5 1.39711e-13 0)
(1.5 1.41139e-13 0)
(1.5 1.91345e-13 0)
(1.5 3.29692e-13 0)
(1.5 2.99556e-13 0)
(1.5 3.25556e-13 0)
(1.5 2.07789e-13 0)
(1.5 3.27999e-14 0)
(1.5 -1.02258e-13 0)
(1.5 -1.07445e-13 0)
(1.5 -4.00697e-14 0)
(1.5 -1.04873e-14 0)
(1.5 -1.01234e-13 0)
(1.5 -1.97197e-13 0)
(1.5 -1.43096e-13 0)
(1.5 -1.656e-13 0)
(1.5 -2.27037e-13 0)
(1.5 -1.98585e-13 0)
(1.5 -2.11989e-13 0)
(1.5 -2.84079e-13 0)
(1.5 -2.84914e-13 0)
(1.5 -2.25515e-13 0)
(1.5 -9.63162e-14 0)
(1.5 6.95439e-15 0)
(1.5 7.21362e-14 0)
(1.5 1.1391e-13 0)
(1.5 2.65329e-13 0)
(1.5 3.43845e-13 0)
(1.5 3.3033e-13 0)
(1.5 2.99169e-13 0)
(1.5 2.85351e-13 0)
(1.5 2.59053e-13 0)
(1.5 2.81646e-13 0)
(1.5 2.58087e-13 0)
(1.5 3.17724e-13 0)
(1.5 3.04824e-13 0)
(1.5 2.05607e-13 0)
(1.5 1.43879e-13 0)
(1.5 1.69377e-13 0)
(1.5 1.34331e-13 0)
(1.5 6.22843e-14 0)
(1.5 -1.70828e-14 0)
(1.5 4.86146e-15 0)
(1.5 1.71224e-13 0)
(1.5 1.54446e-13 0)
(1.5 1.22838e-13 0)
(1.5 4.76391e-14 0)
(1.5 -2.69576e-14 0)
(1.5 -2.85923e-14 0)
(1.5 -5.77383e-14 0)
(1.5 7.60155e-15 0)
(1.5 6.17123e-14 0)
(1.5 5.69092e-14 0)
(1.5 1.23894e-13 0)
(1.5 2.40888e-13 0)
(1.5 3.01837e-13 0)
(1.5 3.59728e-13 0)
(1.5 3.01866e-13 0)
(1.5 4.21112e-14 0)
(1.5 2.28917e-14 0)
(1.5 4.96545e-14 0)
(1.5 9.58846e-15 0)
(1.5 -4.01624e-14 0)
(1.5 -2.49094e-13 0)
(1.5 -3.74952e-13 0)
(1.5 -3.54447e-13 0)
(1.5 -3.35533e-13 0)
(1.5 -3.01191e-13 0)
(1.5 -3.44026e-13 0)
(1.5 -3.06626e-13 0)
(1.5 -2.44914e-13 0)
(1.5 -2.60001e-13 0)
(1.5 -2.83854e-13 0)
(1.5 -2.16908e-13 0)
(1.5 -8.26117e-14 0)
(1.5 2.27806e-14 0)
(1.5 9.60726e-14 0)
(1.5 1.02374e-13 0)
(1.5 1.40707e-13 0)
(1.5 2.36381e-13 0)
(1.5 2.29334e-13 0)
(1.5 2.30532e-13 0)
(1.5 1.56125e-13 0)
(1.5 1.0384e-13 0)
(1.5 1.35424e-13 0)
(1.5 1.25051e-13 0)
(1.5 1.09414e-13 0)
(1.5 6.01624e-14 0)
(1.5 1.99688e-14 0)
(1.5 4.67678e-14 0)
(1.5 5.89508e-14 0)
(1.5 7.59408e-14 0)
(1.5 2.4835e-14 0)
(1.5 1.21743e-13 0)
(1.5 1.54371e-13 0)
(1.5 2.64507e-13 0)
(1.5 2.87991e-13 0)
(1.5 2.45453e-13 0)
(1.5 2.68621e-13 0)
(1.5 3.11928e-13 0)
(1.5 2.95512e-13 0)
(1.5 3.16123e-13 0)
(1.5 2.93154e-13 0)
(1.5 2.02188e-13 0)
(1.5 1.81881e-13 0)
(1.5 1.19773e-13 0)
(1.5 1.78273e-13 0)
(1.5 1.77759e-13 0)
(1.5 1.62427e-13 0)
(1.5 1.88026e-13 0)
(1.5 1.87803e-13 0)
(1.5 2.30421e-13 0)
(1.5 2.47602e-13 0)
(1.5 1.84672e-13 0)
(1.5 1.56542e-13 0)
(1.5 1.00465e-13 0)
(1.5 1.74404e-13 0)
(1.5 1.21179e-13 0)
(1.5 7.08546e-14 0)
(1.5 1.11585e-13 0)
(1.5 1.25843e-13 0)
(1.5 8.92683e-14 0)
(1.5 4.60817e-14 0)
(1.5 6.46905e-15 0)
(1.5 2.9131e-14 0)
(1.5 -1.76489e-14 0)
(1.5 6.6817e-14 0)
(1.5 4.878e-14 0)
(1.5 5.43094e-14 0)
(1.5 1.70418e-14 0)
(1.5 -7.38453e-14 0)
(1.5 -1.22668e-16 0)
(1.5 -6.63478e-14 0)
(1.5 1.15898e-14 0)
(1.5 1.62701e-13 0)
(1.5 2.62101e-13 0)
(1.5 2.60303e-13 0)
(1.5 2.6947e-13 0)
(1.5 3.741e-13 0)
(1.5 5.13788e-13 0)
(1.5 4.80514e-13 0)
(1.5 5.21997e-13 0)
(1.5 5.85236e-13 0)
(1.5 5.6479e-13 0)
(1.5 5.51405e-13 0)
(1.5 5.23392e-13 0)
(1.5 4.26767e-13 0)
(1.5 4.24868e-13 0)
(1.5 5.06333e-13 0)
(1.5 5.35715e-13 0)
(1.5 6.51693e-13 0)
(1.5 7.92478e-13 0)
(1.5 6.98029e-13 0)
(1.5 6.23562e-13 0)
(1.5 4.55284e-13 0)
(1.5 3.70906e-13 0)
(1.5 1.07126e-13 0)
(1.5 -1.22871e-13 0)
(1.5 -2.81602e-13 0)
(1.5 -3.60427e-13 0)
(1.5 -2.6412e-13 0)
(1.5 -1.97783e-13 0)
(1.5 -1.44156e-13 0)
(1.5 -1.01318e-13 0)
(1.5 -1.84245e-13 0)
(1.5 -1.94603e-13 0)
(1.5 -2.07324e-13 0)
(1.5 -1.88077e-13 0)
(1.5 -2.41558e-13 0)
(1.5 -3.1631e-13 0)
(1.5 -2.66906e-13 0)
(1.5 -2.26521e-13 0)
(1.5 -1.4963e-13 0)
(1.5 -7.96872e-14 0)
(1.5 -1.42117e-13 0)
(1.5 -2.41102e-13 0)
(1.5 -3.0798e-13 0)
(1.5 -3.05158e-13 0)
(1.5 -3.31288e-13 0)
(1.5 -3.66067e-13 0)
(1.5 -2.39963e-13 0)
(1.5 -2.29388e-13 0)
(1.5 -1.81859e-13 0)
(1.5 -3.0321e-13 0)
(1.5 -4.58068e-13 0)
(1.5 -5.32511e-13 0)
(1.5 -5.12161e-13 0)
(1.5 -4.638e-13 0)
(1.5 -3.71732e-13 0)
(1.5 -3.28175e-13 0)
(1.5 -3.70702e-13 0)
(1.5 -4.66731e-13 0)
(1.5 -4.40995e-13 0)
(1.5 -3.19895e-13 0)
(1.5 -2.85961e-13 0)
(1.5 -2.41722e-13 0)
(1.5 -1.28509e-13 0)
(1.5 -7.52471e-14 0)
(1.5 1.16842e-13 0)
(1.5 2.60135e-13 0)
(1.5 1.80859e-13 0)
(1.5 2.02675e-13 0)
(1.5 2.68562e-13 0)
(1.5 4.44524e-13 0)
(1.5 4.84138e-13 0)
(1.5 4.23583e-13 0)
(1.5 3.27928e-13 0)
(1.5 2.60506e-13 0)
(1.5 1.81455e-13 0)
(1.5 9.20478e-14 0)
(1.5 7.23128e-14 0)
(1.5 2.38961e-13 0)
(1.5 1.2045e-13 0)
(1.5 -7.52955e-14 0)
(1.5 -1.42947e-13 0)
(1.5 -2.54172e-13 0)
(1.5 -2.43522e-13 0)
(1.5 -2.73402e-13 0)
(1.5 -2.21012e-13 0)
(1.5 -2.53308e-13 0)
(1.5 -2.89685e-13 0)
(1.5 -2.19826e-13 0)
(1.5 -1.57679e-13 0)
(1.5 -2.13678e-14 0)
(1.5 9.604e-14 0)
(1.5 6.94186e-14 0)
(1.5 1.74302e-13 0)
(1.5 2.89009e-13 0)
(1.5 3.42479e-13 0)
(1.5 4.4412e-13 0)
(1.5 3.9349e-13 0)
(1.5 3.76197e-13 0)
(1.5 3.27229e-13 0)
(1.5 2.80534e-13 0)
(1.5 2.93424e-13 0)
(1.5 3.02104e-13 0)
(1.5 2.95109e-13 0)
(1.5 3.53198e-13 0)
(1.5 3.40729e-13 0)
(1.5 2.4697e-13 0)
(1.5 9.76598e-14 0)
(1.5 -6.01159e-14 0)
(1.5 -8.2479e-14 0)
(1.5 2.97181e-14 0)
(1.5 1.03617e-13 0)
(1.5 -1.1922e-14 0)
(1.5 1.70439e-14 0)
(1.5 -5.26066e-14 0)
(1.5 -7.62881e-14 0)
(1.5 -1.01241e-13 0)
(1.5 -1.32127e-13 0)
(1.5 -8.8158e-14 0)
(1.5 -1.05874e-13 0)
(1.5 3.40113e-15 0)
(1.5 4.31506e-14 0)
(1.5 7.36628e-14 0)
(1.5 1.1513e-13 0)
(1.5 1.38274e-13 0)
(1.5 2.6819e-14 0)
(1.5 4.74406e-14 0)
(1.5 4.97648e-14 0)
(1.5 4.46551e-14 0)
(1.5 3.6942e-14 0)
(1.5 -1.02764e-13 0)
(1.5 -2.39897e-13 0)
(1.5 -2.9027e-13 0)
(1.5 -3.68238e-13 0)
(1.5 -3.32083e-13 0)
(1.5 -3.46192e-13 0)
(1.5 -2.82515e-13 0)
(1.5 -1.99001e-13 0)
(1.5 -2.66568e-13 0)
(1.5 -2.62612e-13 0)
(1.5 -2.55769e-13 0)
(1.5 -9.35204e-14 0)
(1.5 -6.97639e-14 0)
(1.5 3.84026e-14 0)
(1.5 1.13952e-13 0)
(1.5 1.7645e-13 0)
(1.5 2.95115e-13 0)
(1.5 2.75621e-13 0)
(1.5 2.53431e-13 0)
(1.5 1.62297e-13 0)
(1.5 1.33336e-13 0)
(1.5 1.87204e-13 0)
(1.5 1.63721e-13 0)
(1.5 1.52883e-13 0)
(1.5 1.2099e-13 0)
(1.5 5.58392e-14 0)
(1.5 9.76782e-14 0)
(1.5 1.04892e-13 0)
(1.5 1.28105e-13 0)
(1.5 1.20402e-13 0)
(1.5 1.30664e-13 0)
(1.5 2.04586e-13 0)
(1.5 3.26312e-13 0)
(1.5 3.11133e-13 0)
(1.5 3.35042e-13 0)
(1.5 3.22373e-13 0)
(1.5 2.88664e-13 0)
(1.5 2.38188e-13 0)
(1.5 1.59516e-13 0)
(1.5 1.98958e-13 0)
(1.5 1.47354e-13 0)
(1.5 7.81769e-14 0)
(1.5 6.3937e-14 0)
(1.5 1.26514e-13 0)
(1.5 7.60461e-14 0)
(1.5 9.42134e-14 0)
(1.5 1.41107e-13 0)
(1.5 1.91253e-13 0)
(1.5 2.87961e-13 0)
(1.5 2.13099e-13 0)
(1.5 1.45858e-13 0)
(1.5 1.087e-13 0)
(1.5 4.10587e-14 0)
(1.5 6.83098e-14 0)
(1.5 7.35229e-14 0)
(1.5 4.47662e-14 0)
(1.5 1.16335e-13 0)
(1.5 1.60234e-13 0)
(1.5 9.75747e-14 0)
(1.5 4.35145e-14 0)
(1.5 -2.26134e-14 0)
(1.5 1.81057e-14 0)
(1.5 -3.91032e-15 0)
(1.5 6.31665e-15 0)
(1.5 7.50008e-15 0)
(1.5 2.86473e-14 0)
(1.5 -1.59137e-14 0)
(1.5 -1.03419e-13 0)
(1.5 -4.49964e-14 0)
(1.5 -9.10269e-14 0)
(1.5 -4.8241e-14 0)
(1.5 2.99195e-14 0)
(1.5 1.58946e-13 0)
(1.5 2.43789e-13 0)
(1.5 2.68773e-13 0)
(1.5 3.62481e-13 0)
(1.5 4.28841e-13 0)
(1.5 3.23876e-13 0)
(1.5 3.08468e-13 0)
(1.5 3.88915e-13 0)
(1.5 3.99256e-13 0)
(1.5 4.74593e-13 0)
(1.5 4.85027e-13 0)
(1.5 4.37695e-13 0)
(1.5 4.08554e-13 0)
(1.5 3.85604e-13 0)
(1.5 4.37524e-13 0)
(1.5 5.58922e-13 0)
(1.5 6.02885e-13 0)
(1.5 5.04977e-13 0)
(1.5 3.74116e-13 0)
(1.5 2.76332e-13 0)
(1.5 1.82443e-13 0)
(1.5 2.44259e-14 0)
(1.5 -1.72669e-13 0)
(1.5 -3.2495e-13 0)
(1.5 -3.65342e-13 0)
(1.5 -2.25614e-13 0)
(1.5 -1.75788e-13 0)
(1.5 -1.57303e-13 0)
(1.5 -1.5312e-13 0)
(1.5 -1.91733e-13 0)
(1.5 -1.86087e-13 0)
(1.5 -2.52313e-13 0)
(1.5 -2.13431e-13 0)
(1.5 -3.06382e-13 0)
(1.5 -3.37142e-13 0)
(1.5 -2.56079e-13 0)
(1.5 -2.10483e-13 0)
(1.5 -1.68527e-13 0)
(1.5 -1.31921e-13 0)
(1.5 -8.85408e-14 0)
(1.5 -2.37114e-13 0)
(1.5 -2.8422e-13 0)
(1.5 -3.36156e-13 0)
(1.5 -3.63786e-13 0)
(1.5 -3.06073e-13 0)
(1.5 -3.08699e-13 0)
(1.5 -3.32093e-13 0)
(1.5 -2.77911e-13 0)
(1.5 -3.1783e-13 0)
(1.5 -2.90071e-13 0)
(1.5 -3.55932e-13 0)
(1.5 -3.81815e-13 0)
(1.5 -3.74643e-13 0)
(1.5 -3.42479e-13 0)
(1.5 -3.80445e-13 0)
(1.5 -4.20097e-13 0)
(1.5 -4.26608e-13 0)
(1.5 -3.36969e-13 0)
(1.5 -2.59712e-13 0)
(1.5 -2.16801e-13 0)
(1.5 -2.07007e-13 0)
(1.5 -5.02106e-14 0)
(1.5 -2.25045e-14 0)
(1.5 2.56136e-14 0)
(1.5 1.72153e-13 0)
(1.5 1.73499e-13 0)
(1.5 2.13472e-13 0)
(1.5 3.0873e-13 0)
(1.5 4.86939e-13 0)
(1.5 6.08563e-13 0)
(1.5 5.44458e-13 0)
(1.5 4.36004e-13 0)
(1.5 4.24176e-13 0)
(1.5 4.09811e-13 0)
(1.5 3.27896e-13 0)
(1.5 2.4767e-13 0)
(1.5 2.84383e-13 0)
(1.5 1.51024e-13 0)
(1.5 -1.64339e-14 0)
(1.5 -1.68011e-13 0)
(1.5 -2.94788e-13 0)
(1.5 -2.44149e-13 0)
(1.5 -2.74385e-13 0)
(1.5 -2.19903e-13 0)
(1.5 -1.73011e-13 0)
(1.5 -1.91657e-13 0)
(1.5 -1.10771e-13 0)
(1.5 -6.21518e-14 0)
(1.5 7.53881e-14 0)
(1.5 1.5233e-13 0)
(1.5 1.27732e-13 0)
(1.5 1.24865e-13 0)
(1.5 2.39492e-13 0)
(1.5 3.23683e-13 0)
(1.5 4.68551e-13 0)
(1.5 4.44752e-13 0)
(1.5 4.12029e-13 0)
(1.5 3.60263e-13 0)
(1.5 3.2691e-13 0)
(1.5 3.17318e-13 0)
(1.5 3.07264e-13 0)
(1.5 3.39603e-13 0)
(1.5 3.52431e-13 0)
(1.5 2.69003e-13 0)
(1.5 1.47004e-13 0)
(1.5 3.55997e-14 0)
(1.5 1.19877e-14 0)
(1.5 -7.80677e-14 0)
(1.5 -1.91097e-13 0)
(1.5 -9.65795e-14 0)
(1.5 -1.19901e-13 0)
(1.5 -9.8096e-14 0)
(1.5 -1.27925e-13 0)
(1.5 -1.17506e-13 0)
(1.5 -1.38919e-13 0)
(1.5 -2.09968e-13 0)
(1.5 -2.4008e-13 0)
(1.5 -3.06495e-13 0)
(1.5 -2.74379e-13 0)
(1.5 -3.28648e-13 0)
(1.5 -2.89653e-13 0)
(1.5 -2.04797e-13 0)
(1.5 -7.55345e-14 0)
(1.5 2.37327e-14 0)
(1.5 4.06939e-14 0)
(1.5 4.54161e-14 0)
(1.5 9.29388e-14 0)
(1.5 5.46681e-14 0)
(1.5 3.32426e-15 0)
(1.5 -1.08426e-13 0)
(1.5 -2.12929e-13 0)
(1.5 -2.95721e-13 0)
(1.5 -2.89703e-13 0)
(1.5 -2.62594e-13 0)
(1.5 -2.94923e-13 0)
(1.5 -2.88282e-13 0)
(1.5 -2.79106e-13 0)
(1.5 -2.63836e-13 0)
(1.5 -2.53433e-13 0)
(1.5 -2.00328e-13 0)
(1.5 -6.65463e-14 0)
(1.5 1.22286e-13 0)
(1.5 2.1978e-13 0)
(1.5 2.86336e-13 0)
(1.5 3.26075e-13 0)
(1.5 2.99073e-13 0)
(1.5 3.13083e-13 0)
(1.5 2.8076e-13 0)
(1.5 2.26903e-13 0)
(1.5 2.18041e-13 0)
(1.5 1.7632e-13 0)
(1.5 2.01302e-13 0)
(1.5 2.25517e-13 0)
(1.5 2.08971e-13 0)
(1.5 1.96425e-13 0)
(1.5 9.03974e-14 0)
(1.5 1.50424e-13 0)
(1.5 2.42392e-13 0)
(1.5 2.09626e-13 0)
(1.5 2.95458e-13 0)
(1.5 3.83259e-13 0)
(1.5 3.75264e-13 0)
(1.5 4.79184e-13 0)
(1.5 3.98892e-13 0)
(1.5 3.1612e-13 0)
(1.5 2.58192e-13 0)
(1.5 1.60233e-13 0)
(1.5 1.7672e-13 0)
(1.5 1.53477e-13 0)
(1.5 7.41574e-14 0)
(1.5 6.4607e-14 0)
(1.5 1.5032e-13 0)
(1.5 1.74169e-13 0)
(1.5 1.88563e-13 0)
(1.5 2.26625e-13 0)
(1.5 2.47274e-13 0)
(1.5 3.01427e-13 0)
(1.5 2.43227e-13 0)
(1.5 1.12787e-13 0)
(1.5 6.02716e-14 0)
(1.5 -3.22602e-14 0)
(1.5 -1.22695e-14 0)
(1.5 -6.73207e-15 0)
(1.5 2.79494e-14 0)
(1.5 5.636e-14 0)
(1.5 1.01754e-13 0)
(1.5 9.54181e-14 0)
(1.5 8.02149e-14 0)
(1.5 1.89233e-14 0)
(1.5 -2.04397e-14 0)
(1.5 -5.80445e-14 0)
(1.5 -8.81929e-14 0)
(1.5 -1.1489e-13 0)
(1.5 -1.59651e-13 0)
(1.5 -1.64759e-13 0)
(1.5 -1.14903e-13 0)
(1.5 -6.29e-14 0)
(1.5 -8.63128e-14 0)
(1.5 -9.58298e-14 0)
(1.5 -6.53701e-14 0)
(1.5 3.4776e-14 0)
(1.5 1.26635e-13 0)
(1.5 1.28523e-13 0)
(1.5 1.24976e-13 0)
(1.5 1.28196e-13 0)
(1.5 1.63503e-13 0)
(1.5 1.41949e-13 0)
(1.5 1.13723e-13 0)
(1.5 1.37914e-13 0)
(1.5 2.1138e-13 0)
(1.5 2.78752e-13 0)
(1.5 3.6932e-13 0)
(1.5 3.4992e-13 0)
(1.5 3.0222e-13 0)
(1.5 4.17995e-13 0)
(1.5 4.7383e-13 0)
(1.5 4.61678e-13 0)
(1.5 4.54398e-13 0)
(1.5 3.39119e-13 0)
(1.5 2.89858e-13 0)
(1.5 9.22938e-14 0)
(1.5 -8.54545e-14 0)
(1.5 -1.56414e-13 0)
(1.5 -2.6765e-13 0)
(1.5 -2.87129e-13 0)
(1.5 -2.78642e-13 0)
(1.5 -2.56566e-13 0)
(1.5 -1.7183e-13 0)
(1.5 -1.54373e-13 0)
(1.5 -1.26771e-13 0)
(1.5 -1.10215e-13 0)
(1.5 -2.48009e-13 0)
(1.5 -2.96782e-13 0)
(1.5 -3.1894e-13 0)
(1.5 -2.72124e-13 0)
(1.5 -2.57945e-13 0)
(1.5 -2.47675e-13 0)
(1.5 -1.76923e-13 0)
(1.5 -1.2486e-13 0)
(1.5 -7.91365e-14 0)
(1.5 -1.56024e-13 0)
(1.5 -1.85511e-13 0)
(1.5 -1.79134e-13 0)
(1.5 -1.9695e-13 0)
(1.5 -1.3541e-13 0)
(1.5 -2.53445e-13 0)
(1.5 -2.60266e-13 0)
(1.5 -2.33016e-13 0)
(1.5 -2.07687e-13 0)
(1.5 -8.7641e-14 0)
(1.5 -1.2598e-13 0)
(1.5 -1.83509e-13 0)
(1.5 -2.12567e-13 0)
(1.5 -2.59505e-13 0)
(1.5 -2.75207e-13 0)
(1.5 -2.71723e-13 0)
(1.5 -2.88621e-13 0)
(1.5 -2.01408e-13 0)
(1.5 -2.08309e-13 0)
(1.5 -1.86821e-13 0)
(1.5 -2.01553e-13 0)
(1.5 -1.09536e-13 0)
(1.5 -1.20569e-14 0)
(1.5 -1.24579e-14 0)
(1.5 6.73921e-14 0)
(1.5 1.4173e-13 0)
(1.5 2.26125e-13 0)
(1.5 3.09834e-13 0)
(1.5 4.09355e-13 0)
(1.5 5.58651e-13 0)
(1.5 6.2744e-13 0)
(1.5 5.33162e-13 0)
(1.5 5.50605e-13 0)
(1.5 5.70127e-13 0)
(1.5 4.7489e-13 0)
(1.5 3.54223e-13 0)
(1.5 2.18124e-13 0)
(1.5 7.87516e-14 0)
(1.5 -1.33318e-14 0)
(1.5 -1.41579e-13 0)
(1.5 -2.09433e-13 0)
(1.5 -1.60667e-13 0)
(1.5 -2.27922e-13 0)
(1.5 -2.23599e-13 0)
(1.5 -2.01408e-13 0)
(1.5 -1.67451e-13 0)
(1.5 -1.18154e-13 0)
(1.5 -1.06997e-13 0)
(1.5 1.40151e-15 0)
(1.5 1.1904e-13 0)
(1.5 1.26781e-13 0)
(1.5 6.12743e-14 0)
(1.5 1.78243e-13 0)
(1.5 3.1533e-13 0)
(1.5 4.0232e-13 0)
(1.5 4.3041e-13 0)
(1.5 3.50102e-13 0)
(1.5 3.32283e-13 0)
(1.5 3.4109e-13 0)
(1.5 3.78048e-13 0)
(1.5 3.6547e-13 0)
(1.5 3.77555e-13 0)
(1.5 2.89209e-13 0)
(1.5 1.46871e-13 0)
(1.5 1.94687e-14 0)
(1.5 1.28542e-14 0)
(1.5 6.96043e-14 0)
(1.5 -1.3808e-14 0)
(1.5 -2.10116e-13 0)
(1.5 -1.60406e-13 0)
(1.5 -8.84785e-14 0)
(1.5 -1.15315e-13 0)
(1.5 -1.10565e-14 0)
(1.5 -5.02771e-14 0)
(1.5 -1.66659e-13 0)
(1.5 -1.95506e-13 0)
(1.5 -2.69712e-13 0)
(1.5 -4.3196e-13 0)
(1.5 -4.69513e-13 0)
(1.5 -5.56728e-13 0)
(1.5 -5.40067e-13 0)
(1.5 -4.16265e-13 0)
(1.5 -2.89366e-13 0)
(1.5 1.69045e-14 0)
(1.5 4.69518e-14 0)
(1.5 1.17077e-13 0)
(1.5 1.75554e-13 0)
(1.5 8.30464e-14 0)
(1.5 3.40279e-14 0)
(1.5 5.81759e-14 0)
(1.5 -7.13919e-14 0)
(1.5 -1.44456e-13 0)
(1.5 -2.96813e-13 0)
(1.5 -2.58146e-13 0)
(1.5 -3.25855e-13 0)
(1.5 -2.99023e-13 0)
(1.5 -2.45164e-13 0)
(1.5 -2.2167e-13 0)
(1.5 -1.62643e-13 0)
(1.5 -1.29623e-13 0)
(1.5 8.85734e-14 0)
(1.5 2.8371e-13 0)
(1.5 3.66314e-13 0)
(1.5 3.64482e-13 0)
(1.5 3.05416e-13 0)
(1.5 2.93127e-13 0)
(1.5 3.05491e-13 0)
(1.5 3.15767e-13 0)
(1.5 2.85325e-13 0)
(1.5 2.19013e-13 0)
(1.5 1.96189e-13 0)
(1.5 1.89475e-13 0)
(1.5 2.59478e-13 0)
(1.5 2.89342e-13 0)
(1.5 1.80573e-13 0)
(1.5 8.41835e-14 0)
(1.5 1.37137e-13 0)
(1.5 2.62065e-13 0)
(1.5 3.13989e-13 0)
(1.5 4.05807e-13 0)
(1.5 4.06424e-13 0)
(1.5 4.09633e-13 0)
(1.5 4.43023e-13 0)
(1.5 3.72342e-13 0)
(1.5 3.07194e-13 0)
(1.5 2.40685e-13 0)
(1.5 2.12456e-13 0)
(1.5 2.0094e-13 0)
(1.5 2.09298e-13 0)
(1.5 1.09494e-13 0)
(1.5 3.76501e-14 0)
(1.5 8.11217e-14 0)
(1.5 1.05953e-13 0)
(1.5 1.0949e-13 0)
(1.5 1.41659e-13 0)
(1.5 2.34813e-13 0)
(1.5 2.678e-13 0)
(1.5 2.48539e-13 0)
(1.5 1.11328e-13 0)
(1.5 8.57176e-14 0)
(1.5 -1.3818e-15 0)
(1.5 -1.27827e-14 0)
(1.5 2.27592e-14 0)
(1.5 6.09488e-14 0)
(1.5 3.62589e-14 0)
(1.5 7.13603e-14 0)
(1.5 1.20199e-13 0)
(1.5 1.08941e-13 0)
(1.5 1.59403e-14 0)
(1.5 -8.82569e-14 0)
(1.5 -1.25724e-13 0)
(1.5 -1.35437e-13 0)
(1.5 -1.57934e-13 0)
(1.5 -2.12543e-13 0)
(1.5 -1.83748e-13 0)
(1.5 -5.06322e-14 0)
(1.5 -5.10266e-14 0)
(1.5 -5.65194e-14 0)
(1.5 -2.9202e-14 0)
(1.5 1.9189e-14 0)
(1.5 6.23621e-14 0)
(1.5 8.45866e-14 0)
(1.5 7.15737e-14 0)
(1.5 2.8939e-14 0)
(1.5 1.02927e-14 0)
(1.5 1.36074e-13 0)
(1.5 1.26867e-13 0)
(1.5 1.54965e-13 0)
(1.5 2.09297e-13 0)
(1.5 2.17472e-13 0)
(1.5 2.37791e-13 0)
(1.5 3.01152e-13 0)
(1.5 2.81153e-13 0)
(1.5 3.0475e-13 0)
(1.5 3.73315e-13 0)
(1.5 4.35772e-13 0)
(1.5 4.93475e-13 0)
(1.5 4.80159e-13 0)
(1.5 4.0516e-13 0)
(1.5 3.56208e-13 0)
(1.5 1.25211e-13 0)
(1.5 -3.77003e-14 0)
(1.5 -1.00641e-13 0)
(1.5 -1.8905e-13 0)
(1.5 -1.48017e-13 0)
(1.5 -1.77282e-13 0)
(1.5 -1.90906e-13 0)
(1.5 -1.6811e-13 0)
(1.5 -1.98336e-13 0)
(1.5 -1.73662e-13 0)
(1.5 -1.78865e-13 0)
(1.5 -3.06797e-13 0)
(1.5 -3.89348e-13 0)
(1.5 -3.85736e-13 0)
(1.5 -2.69651e-13 0)
(1.5 -2.88118e-13 0)
(1.5 -2.86245e-13 0)
(1.5 -2.16246e-13 0)
(1.5 -2.92137e-13 0)
(1.5 -2.36782e-13 0)
(1.5 -2.21945e-13 0)
(1.5 -1.46673e-13 0)
(1.5 -1.08526e-13 0)
(1.5 -1.44216e-13 0)
(1.5 -1.29486e-13 0)
(1.5 -1.97014e-13 0)
(1.5 -1.70175e-13 0)
(1.5 -1.57767e-13 0)
(1.5 -1.27863e-13 0)
(1.5 -1.2156e-13 0)
(1.5 -2.1968e-13 0)
(1.5 -2.59345e-13 0)
(1.5 -2.6479e-13 0)
(1.5 -2.42284e-13 0)
(1.5 -2.07622e-13 0)
(1.5 -2.75966e-13 0)
(1.5 -3.61046e-13 0)
(1.5 -2.72056e-13 0)
(1.5 -3.11704e-13 0)
(1.5 -2.97481e-13 0)
(1.5 -3.03079e-13 0)
(1.5 -2.94907e-13 0)
(1.5 -1.46929e-13 0)
(1.5 -1.26331e-13 0)
(1.5 -5.91865e-14 0)
(1.5 1.24399e-13 0)
(1.5 2.54121e-13 0)
(1.5 3.64816e-13 0)
(1.5 3.44742e-13 0)
(1.5 4.20428e-13 0)
(1.5 5.2661e-13 0)
(1.5 5.23252e-13 0)
(1.5 5.4947e-13 0)
(1.5 6.03089e-13 0)
(1.5 4.96237e-13 0)
(1.5 2.80041e-13 0)
(1.5 6.45093e-14 0)
(1.5 -1.3924e-13 0)
(1.5 -3.0704e-13 0)
(1.5 -3.53719e-13 0)
(1.5 -3.62026e-13 0)
(1.5 -3.24482e-13 0)
(1.5 -3.25245e-13 0)
(1.5 -3.4314e-13 0)
(1.5 -3.29028e-13 0)
(1.5 -2.37189e-13 0)
(1.5 -2.27748e-13 0)
(1.5 -3.11789e-13 0)
(1.5 -2.64362e-13 0)
(1.5 -1.43997e-13 0)
(1.5 -5.81569e-14 0)
(1.5 -1.39556e-14 0)
(1.5 8.15809e-14 0)
(1.5 2.27523e-13 0)
(1.5 2.58411e-13 0)
(1.5 3.09595e-13 0)
(1.5 2.67149e-13 0)
(1.5 2.9096e-13 0)
(1.5 4.01848e-13 0)
(1.5 3.87056e-13 0)
(1.5 2.88975e-13 0)
(1.5 2.26465e-13 0)
(1.5 1.24381e-13 0)
(1.5 -4.26245e-14 0)
(1.5 -1.36389e-13 0)
(1.5 -4.47245e-14 0)
(1.5 4.1516e-14 0)
(1.5 -9.37509e-15 0)
(1.5 -6.46514e-14 0)
(1.5 -3.14039e-14 0)
(1.5 4.81789e-16 0)
(1.5 -3.76644e-14 0)
(1.5 3.82586e-14 0)
(1.5 -4.44606e-14 0)
(1.5 -1.78602e-13 0)
(1.5 -1.86894e-13 0)
(1.5 -2.11038e-13 0)
(1.5 -3.78668e-13 0)
(1.5 -4.43485e-13 0)
(1.5 -5.29361e-13 0)
(1.5 -5.99962e-13 0)
(1.5 -5.07903e-13 0)
(1.5 -4.24561e-13 0)
(1.5 3.62844e-14 0)
(1.5 8.24485e-14 0)
(1.5 8.92456e-14 0)
(1.5 8.64572e-14 0)
(1.5 1.74298e-14 0)
(1.5 6.02274e-14 0)
(1.5 1.46314e-13 0)
(1.5 2.27548e-14 0)
(1.5 -1.01703e-13 0)
(1.5 -2.75267e-13 0)
(1.5 -2.59995e-13 0)
(1.5 -2.57853e-13 0)
(1.5 -2.2684e-13 0)
(1.5 -1.65889e-13 0)
(1.5 -1.61555e-13 0)
(1.5 -8.55281e-14 0)
(1.5 4.48798e-14 0)
(1.5 1.65306e-13 0)
(1.5 3.19719e-13 0)
(1.5 3.99204e-13 0)
(1.5 4.03758e-13 0)
(1.5 3.24736e-13 0)
(1.5 2.98151e-13 0)
(1.5 2.74424e-13 0)
(1.5 2.65906e-13 0)
(1.5 2.96034e-13 0)
(1.5 2.56789e-13 0)
(1.5 2.11535e-13 0)
(1.5 1.59257e-13 0)
(1.5 2.01819e-13 0)
(1.5 2.1791e-13 0)
(1.5 1.24636e-13 0)
(1.5 1.17485e-13 0)
(1.5 1.59221e-13 0)
(1.5 2.68095e-13 0)
(1.5 3.47976e-13 0)
(1.5 3.81595e-13 0)
(1.5 3.22926e-13 0)
(1.5 2.70067e-13 0)
(1.5 1.93811e-13 0)
(1.5 1.08299e-13 0)
(1.5 8.99626e-14 0)
(1.5 9.47923e-14 0)
(1.5 1.23687e-13 0)
(1.5 1.02159e-13 0)
(1.5 1.22849e-13 0)
(1.5 4.19348e-14 0)
(1.5 1.6515e-14 0)
(1.5 1.38879e-15 0)
(1.5 8.33644e-15 0)
(1.5 3.8057e-14 0)
(1.5 8.06634e-14 0)
(1.5 1.87969e-13 0)
(1.5 1.54319e-13 0)
(1.5 1.01119e-13 0)
(1.5 3.07822e-14 0)
(1.5 1.90301e-14 0)
(1.5 3.42517e-14 0)
(1.5 1.7192e-14 0)
(1.5 3.28526e-14 0)
(1.5 3.83705e-14 0)
(1.5 1.97909e-14 0)
(1.5 1.99165e-14 0)
(1.5 1.03612e-13 0)
(1.5 1.29632e-13 0)
(1.5 1.25685e-14 0)
(1.5 -9.72335e-14 0)
(1.5 -1.01281e-13 0)
(1.5 -1.00411e-13 0)
(1.5 -6.59679e-14 0)
(1.5 -7.81163e-14 0)
(1.5 -5.45069e-14 0)
(1.5 -2.13226e-14 0)
(1.5 1.92414e-14 0)
(1.5 8.22227e-14 0)
(1.5 1.6115e-13 0)
(1.5 2.20663e-13 0)
(1.5 1.60136e-13 0)
(1.5 1.90448e-13 0)
(1.5 1.84975e-13 0)
(1.5 1.75702e-13 0)
(1.5 1.73487e-13 0)
(1.5 1.99788e-13 0)
(1.5 1.64009e-13 0)
(1.5 2.30658e-13 0)
(1.5 2.73511e-13 0)
(1.5 2.89221e-13 0)
(1.5 3.0764e-13 0)
(1.5 2.91731e-13 0)
(1.5 3.09543e-13 0)
(1.5 3.61355e-13 0)
(1.5 3.21531e-13 0)
(1.5 3.42622e-13 0)
(1.5 4.13871e-13 0)
(1.5 3.84926e-13 0)
(1.5 3.53028e-13 0)
(1.5 2.40467e-13 0)
(1.5 8.24114e-14 0)
(1.5 5.34398e-14 0)
(1.5 -3.02486e-14 0)
(1.5 -4.81606e-14 0)
(1.5 -2.38044e-14 0)
(1.5 -4.84702e-14 0)
(1.5 -2.72809e-14 0)
(1.5 -9.06202e-14 0)
(1.5 -1.82128e-13 0)
(1.5 -2.59423e-13 0)
(1.5 -2.81013e-13 0)
(1.5 -2.74683e-13 0)
(1.5 -2.70514e-13 0)
(1.5 -2.47937e-13 0)
(1.5 -2.04117e-13 0)
(1.5 -2.79211e-13 0)
(1.5 -3.0147e-13 0)
(1.5 -3.16904e-13 0)
(1.5 -3.54318e-13 0)
(1.5 -2.27281e-13 0)
(1.5 -1.43554e-13 0)
(1.5 -7.01791e-14 0)
(1.5 -6.08114e-14 0)
(1.5 -7.52955e-14 0)
(1.5 -1.59315e-13 0)
(1.5 -2.10669e-13 0)
(1.5 -2.27088e-13 0)
(1.5 -1.95886e-13 0)
(1.5 -1.76465e-13 0)
(1.5 -2.71422e-13 0)
(1.5 -3.90007e-13 0)
(1.5 -3.94126e-13 0)
(1.5 -3.79975e-13 0)
(1.5 -4.01818e-13 0)
(1.5 -4.49194e-13 0)
(1.5 -4.60528e-13 0)
(1.5 -4.99184e-13 0)
(1.5 -4.86378e-13 0)
(1.5 -4.8843e-13 0)
(1.5 -4.52871e-13 0)
(1.5 -3.5005e-13 0)
(1.5 -3.00561e-13 0)
(1.5 -1.82872e-13 0)
(1.5 -1.22297e-13 0)
(1.5 4.44299e-14 0)
(1.5 3.06462e-13 0)
(1.5 4.23954e-13 0)
(1.5 4.26427e-13 0)
(1.5 3.48975e-13 0)
(1.5 3.20436e-13 0)
(1.5 4.01248e-13 0)
(1.5 5.2422e-13 0)
(1.5 4.82599e-13 0)
(1.5 4.05971e-13 0)
(1.5 3.30282e-13 0)
(1.5 1.36166e-13 0)
(1.5 -3.4156e-14 0)
(1.5 -2.02596e-13 0)
(1.5 -4.91235e-13 0)
(1.5 -5.63351e-13 0)
(1.5 -5.52589e-13 0)
(1.5 -5.34497e-13 0)
(1.5 -4.35556e-13 0)
(1.5 -3.61822e-13 0)
(1.5 -3.2732e-13 0)
(1.5 -2.91718e-13 0)
(1.5 -2.70503e-13 0)
(1.5 -2.93633e-13 0)
(1.5 -2.58244e-13 0)
(1.5 -1.91143e-13 0)
(1.5 -8.63094e-14 0)
(1.5 1.01048e-14 0)
(1.5 4.27792e-14 0)
(1.5 1.11452e-13 0)
(1.5 1.58467e-13 0)
(1.5 1.52904e-13 0)
(1.5 2.53224e-13 0)
(1.5 3.26707e-13 0)
(1.5 3.86412e-13 0)
(1.5 3.79859e-13 0)
(1.5 3.09259e-13 0)
(1.5 1.33188e-13 0)
(1.5 -7.23111e-15 0)
(1.5 -8.48297e-14 0)
(1.5 -4.0288e-14 0)
(1.5 4.54257e-14 0)
(1.5 8.75547e-14 0)
(1.5 6.52258e-15 0)
(1.5 -3.1678e-15 0)
(1.5 2.27184e-14 0)
(1.5 7.82208e-14 0)
(1.5 3.69664e-14 0)
(1.5 -1.1625e-14 0)
(1.5 -7.99898e-14 0)
(1.5 -1.06836e-13 0)
(1.5 -1.78297e-13 0)
(1.5 -1.55905e-13 0)
(1.5 -2.181e-13 0)
(1.5 -2.53104e-13 0)
(1.5 -3.3967e-13 0)
(1.5 -4.13871e-13 0)
(1.5 -4.11662e-13 0)
(1.5 -4.05516e-13 0)
(1.5 4.49562e-14 0)
(1.5 1.50141e-14 0)
(1.5 -1.06216e-14 0)
(1.5 -4.68858e-15 0)
(1.5 4.33704e-14 0)
(1.5 5.08175e-14 0)
(1.5 2.22565e-14 0)
(1.5 2.25257e-14 0)
(1.5 -1.14727e-13 0)
(1.5 -1.76711e-13 0)
(1.5 -1.84881e-13 0)
(1.5 -1.26243e-13 0)
(1.5 -1.6245e-13 0)
(1.5 -1.6784e-13 0)
(1.5 -1.98572e-13 0)
(1.5 -1.01964e-13 0)
(1.5 8.81889e-14 0)
(1.5 2.12975e-13 0)
(1.5 2.91647e-13 0)
(1.5 2.85324e-13 0)
(1.5 3.4992e-13 0)
(1.5 3.19049e-13 0)
(1.5 2.71342e-13 0)
(1.5 2.71369e-13 0)
(1.5 2.11945e-13 0)
(1.5 2.42863e-13 0)
(1.5 2.98721e-13 0)
(1.5 2.72936e-13 0)
(1.5 2.36626e-13 0)
(1.5 1.50923e-13 0)
(1.5 9.23542e-14 0)
(1.5 7.501e-14 0)
(1.5 1.37707e-13 0)
(1.5 1.57725e-13 0)
(1.5 2.75705e-13 0)
(1.5 2.91909e-13 0)
(1.5 2.55733e-13 0)
(1.5 1.5648e-13 0)
(1.5 8.29668e-14 0)
(1.5 -2.02859e-14 0)
(1.5 -6.06726e-14 0)
(1.5 -4.09105e-14 0)
(1.5 2.391e-14 0)
(1.5 -1.3923e-14 0)
(1.5 -2.80131e-14 0)
(1.5 -3.63813e-14 0)
(1.5 -2.2415e-14 0)
(1.5 -8.73857e-16 0)
(1.5 -1.80011e-14 0)
(1.5 3.8971e-14 0)
(1.5 7.85076e-14 0)
(1.5 6.97946e-14 0)
(1.5 6.56012e-14 0)
(1.5 6.11858e-14 0)
(1.5 3.58954e-14 0)
(1.5 4.90464e-14 0)
(1.5 -4.96033e-15 0)
(1.5 3.92979e-14 0)
(1.5 3.07149e-14 0)
(1.5 9.97445e-16 0)
(1.5 1.60303e-14 0)
(1.5 3.49162e-14 0)
(1.5 -1.67114e-14 0)
(1.5 5.49752e-14 0)
(1.5 8.66045e-14 0)
(1.5 4.61976e-14 0)
(1.5 1.74325e-14 0)
(1.5 -1.08885e-15 0)
(1.5 4.84728e-15 0)
(1.5 3.18924e-14 0)
(1.5 2.37686e-15 0)
(1.5 4.83118e-14 0)
(1.5 1.58377e-14 0)
(1.5 7.8643e-14 0)
(1.5 1.48435e-13 0)
(1.5 2.09929e-13 0)
(1.5 2.7426e-13 0)
(1.5 2.57609e-13 0)
(1.5 3.2524e-13 0)
(1.5 3.31214e-13 0)
(1.5 3.50768e-13 0)
(1.5 3.39048e-13 0)
(1.5 2.74693e-13 0)
(1.5 1.83244e-13 0)
(1.5 2.20913e-13 0)
(1.5 2.58872e-13 0)
(1.5 3.08799e-13 0)
(1.5 3.54468e-13 0)
(1.5 3.62493e-13 0)
(1.5 4.00063e-13 0)
(1.5 3.61839e-13 0)
(1.5 3.21778e-13 0)
(1.5 2.57328e-13 0)
(1.5 1.95829e-13 0)
(1.5 1.62048e-13 0)
(1.5 1.03413e-13 0)
(1.5 -3.97538e-14 0)
(1.5 -3.40022e-14 0)
(1.5 2.56003e-14 0)
(1.5 7.79814e-14 0)
(1.5 2.28162e-13 0)
(1.5 1.63515e-13 0)
(1.5 7.6499e-14 0)
(1.5 1.02204e-13 0)
(1.5 6.49383e-14 0)
(1.5 -5.53271e-14 0)
(1.5 -1.64978e-13 0)
(1.5 -2.05072e-13 0)
(1.5 -7.75796e-14 0)
(1.5 3.08182e-14 0)
(1.5 2.56857e-14 0)
(1.5 -1.12724e-13 0)
(1.5 -1.52981e-13 0)
(1.5 -2.06759e-13 0)
(1.5 -2.79213e-13 0)
(1.5 -2.55517e-13 0)
(1.5 -1.83343e-13 0)
(1.5 -2.99714e-14 0)
(1.5 -1.00065e-14 0)
(1.5 1.41083e-14 0)
(1.5 3.50983e-14 0)
(1.5 -1.23396e-13 0)
(1.5 -1.66178e-13 0)
(1.5 -1.44329e-13 0)
(1.5 -1.40772e-13 0)
(1.5 -1.89593e-13 0)
(1.5 -3.42732e-13 0)
(1.5 -3.21943e-13 0)
(1.5 -3.59186e-13 0)
(1.5 -3.86862e-13 0)
(1.5 -4.41682e-13 0)
(1.5 -5.38396e-13 0)
(1.5 -5.28524e-13 0)
(1.5 -5.39953e-13 0)
(1.5 -6.2007e-13 0)
(1.5 -5.09154e-13 0)
(1.5 -4.74502e-13 0)
(1.5 -3.58845e-13 0)
(1.5 -2.5721e-13 0)
(1.5 -1.95743e-13 0)
(1.5 1.83438e-14 0)
(1.5 2.79274e-13 0)
(1.5 5.03454e-13 0)
(1.5 6.35477e-13 0)
(1.5 5.85146e-13 0)
(1.5 5.2296e-13 0)
(1.5 4.43122e-13 0)
(1.5 4.19002e-13 0)
(1.5 5.13981e-13 0)
(1.5 4.52379e-13 0)
(1.5 3.22692e-13 0)
(1.5 2.41653e-13 0)
(1.5 1.51547e-13 0)
(1.5 7.11665e-14 0)
(1.5 -6.97987e-14 0)
(1.5 -3.61507e-13 0)
(1.5 -5.10978e-13 0)
(1.5 -4.76275e-13 0)
(1.5 -4.9003e-13 0)
(1.5 -4.4398e-13 0)
(1.5 -3.56503e-13 0)
(1.5 -3.92012e-13 0)
(1.5 -3.82755e-13 0)
(1.5 -3.32127e-13 0)
(1.5 -2.18733e-13 0)
(1.5 -1.72285e-13 0)
(1.5 -1.62347e-13 0)
(1.5 -6.79144e-14 0)
(1.5 4.93187e-14 0)
(1.5 8.03628e-14 0)
(1.5 1.2574e-13 0)
(1.5 2.07887e-13 0)
(1.5 2.27958e-13 0)
(1.5 3.86328e-13 0)
(1.5 4.17417e-13 0)
(1.5 3.42842e-13 0)
(1.5 3.57921e-13 0)
(1.5 4.17417e-13 0)
(1.5 3.48779e-13 0)
(1.5 1.73904e-13 0)
(1.5 2.05264e-13 0)
(1.5 2.40731e-13 0)
(1.5 2.64928e-13 0)
(1.5 2.42285e-13 0)
(1.5 1.11626e-13 0)
(1.5 6.94604e-14 0)
(1.5 3.82474e-14 0)
(1.5 1.46124e-13 0)
(1.5 4.75368e-14 0)
(1.5 -8.53738e-14 0)
(1.5 -5.67257e-14 0)
(1.5 3.17835e-14 0)
(1.5 -6.43956e-14 0)
(1.5 -1.51209e-13 0)
(1.5 -8.43321e-14 0)
(1.5 -7.8042e-14 0)
(1.5 -1.63196e-13 0)
(1.5 -1.99754e-13 0)
(1.5 -2.66618e-13 0)
(1.5 -3.46962e-13 0)
(1.5 4.02511e-14 0)
(1.5 -1.25271e-14 0)
(1.5 -8.73525e-14 0)
(1.5 -6.884e-14 0)
(1.5 9.56607e-14 0)
(1.5 6.2728e-14 0)
(1.5 -7.15283e-14 0)
(1.5 -2.85228e-14 0)
(1.5 -7.78483e-14 0)
(1.5 -7.14093e-14 0)
(1.5 -1.4629e-13 0)
(1.5 -1.26625e-13 0)
(1.5 -1.75277e-13 0)
(1.5 -2.48115e-13 0)
(1.5 -2.23443e-13 0)
(1.5 -9.63395e-14 0)
(1.5 1.22993e-13 0)
(1.5 2.57808e-13 0)
(1.5 2.90895e-13 0)
(1.5 2.09723e-13 0)
(1.5 1.94023e-13 0)
(1.5 2.58094e-13 0)
(1.5 2.44597e-13 0)
(1.5 2.21657e-13 0)
(1.5 1.68218e-13 0)
(1.5 1.69038e-13 0)
(1.5 2.36226e-13 0)
(1.5 3.09881e-13 0)
(1.5 2.96312e-13 0)
(1.5 1.89366e-13 0)
(1.5 1.00842e-13 0)
(1.5 1.42483e-13 0)
(1.5 2.0576e-13 0)
(1.5 1.30337e-13 0)
(1.5 2.28703e-13 0)
(1.5 1.62459e-13 0)
(1.5 1.29715e-13 0)
(1.5 8.55673e-15 0)
(1.5 -4.04577e-14 0)
(1.5 -6.74821e-14 0)
(1.5 -2.52108e-14 0)
(1.5 -8.47472e-14 0)
(1.5 -6.41497e-14 0)
(1.5 -9.8191e-14 0)
(1.5 -8.54395e-14 0)
(1.5 -1.13854e-13 0)
(1.5 2.12381e-14 0)
(1.5 -8.52031e-15 0)
(1.5 -4.16254e-14 0)
(1.5 1.31193e-14 0)
(1.5 2.26948e-14 0)
(1.5 -7.66286e-15 0)
(1.5 -2.67884e-14 0)
(1.5 5.06761e-14 0)
(1.5 6.41514e-14 0)
(1.5 1.0209e-13 0)
(1.5 7.43902e-14 0)
(1.5 1.59454e-14 0)
(1.5 -5.2805e-14 0)
(1.5 -3.04937e-14 0)
(1.5 -7.91188e-15 0)
(1.5 1.37851e-14 0)
(1.5 -6.76247e-14 0)
(1.5 -3.91223e-14 0)
(1.5 -5.0228e-14 0)
(1.5 -2.43113e-14 0)
(1.5 3.0031e-14 0)
(1.5 4.56025e-15 0)
(1.5 -3.92564e-14 0)
(1.5 -5.36103e-15 0)
(1.5 -1.12472e-14 0)
(1.5 1.03237e-14 0)
(1.5 -4.41098e-15 0)
(1.5 4.89182e-14 0)
(1.5 6.95109e-14 0)
(1.5 1.10687e-13 0)
(1.5 1.25573e-13 0)
(1.5 1.90586e-13 0)
(1.5 2.66476e-13 0)
(1.5 2.78343e-13 0)
(1.5 2.92574e-13 0)
(1.5 2.58137e-13 0)
(1.5 2.17794e-13 0)
(1.5 1.41657e-13 0)
(1.5 1.65907e-13 0)
(1.5 2.49664e-13 0)
(1.5 3.18953e-13 0)
(1.5 2.47897e-13 0)
(1.5 2.5603e-13 0)
(1.5 2.95557e-13 0)
(1.5 2.62213e-13 0)
(1.5 2.11561e-13 0)
(1.5 1.66279e-13 0)
(1.5 7.0493e-14 0)
(1.5 -9.06081e-15 0)
(1.5 -1.62181e-13 0)
(1.5 -2.68884e-13 0)
(1.5 -1.58402e-13 0)
(1.5 -5.82491e-17 0)
(1.5 9.06853e-14 0)
(1.5 2.65828e-13 0)
(1.5 2.38808e-13 0)
(1.5 2.0409e-13 0)
(1.5 1.92148e-13 0)
(1.5 1.58251e-13 0)
(1.5 6.97696e-14 0)
(1.5 -6.07433e-14 0)
(1.5 -1.18311e-13 0)
(1.5 6.01491e-15 0)
(1.5 2.7211e-14 0)
(1.5 2.57156e-14 0)
(1.5 -1.55733e-13 0)
(1.5 -1.75535e-13 0)
(1.5 -1.87481e-13 0)
(1.5 -2.48247e-13 0)
(1.5 -2.22438e-13 0)
(1.5 -2.26887e-13 0)
(1.5 -1.0353e-13 0)
(1.5 -9.14201e-14 0)
(1.5 -7.88078e-14 0)
(1.5 -1.82457e-14 0)
(1.5 -8.43338e-14 0)
(1.5 -9.4605e-14 0)
(1.5 1.62711e-14 0)
(1.5 -5.18552e-14 0)
(1.5 -1.4782e-13 0)
(1.5 -2.27581e-13 0)
(1.5 -1.91351e-13 0)
(1.5 -2.09727e-13 0)
(1.5 -2.09326e-13 0)
(1.5 -2.13615e-13 0)
(1.5 -2.8975e-13 0)
(1.5 -4.06976e-13 0)
(1.5 -4.95714e-13 0)
(1.5 -5.37258e-13 0)
(1.5 -3.24326e-13 0)
(1.5 -3.45179e-13 0)
(1.5 -3.47368e-13 0)
(1.5 -2.41636e-13 0)
(1.5 -1.70445e-13 0)
(1.5 1.24378e-13 0)
(1.5 4.0202e-13 0)
(1.5 6.03004e-13 0)
(1.5 7.81942e-13 0)
(1.5 7.51718e-13 0)
(1.5 6.86503e-13 0)
(1.5 6.33049e-13 0)
(1.5 5.75192e-13 0)
(1.5 5.57365e-13 0)
(1.5 5.17905e-13 0)
(1.5 4.21887e-13 0)
(1.5 2.81976e-13 0)
(1.5 1.69868e-13 0)
(1.5 6.54846e-14 0)
(1.5 -9.70102e-14 0)
(1.5 -2.54178e-13 0)
(1.5 -3.72969e-13 0)
(1.5 -4.16492e-13 0)
(1.5 -4.51894e-13 0)
(1.5 -4.07114e-13 0)
(1.5 -3.24087e-13 0)
(1.5 -3.97852e-13 0)
(1.5 -4.43319e-13 0)
(1.5 -3.74851e-13 0)
(1.5 -9.83055e-14 0)
(1.5 -8.35573e-14 0)
(1.5 -1.49621e-13 0)
(1.5 -5.73986e-14 0)
(1.5 7.85794e-14 0)
(1.5 1.29598e-13 0)
(1.5 1.67162e-13 0)
(1.5 2.92195e-13 0)
(1.5 3.80081e-13 0)
(1.5 4.65166e-13 0)
(1.5 4.88001e-13 0)
(1.5 3.98964e-13 0)
(1.5 3.70669e-13 0)
(1.5 4.61854e-13 0)
(1.5 4.44013e-13 0)
(1.5 3.44207e-13 0)
(1.5 3.84384e-13 0)
(1.5 3.84519e-13 0)
(1.5 4.20174e-13 0)
(1.5 3.77799e-13 0)
(1.5 1.94429e-13 0)
(1.5 8.26482e-14 0)
(1.5 4.87823e-14 0)
(1.5 1.22049e-13 0)
(1.5 1.06415e-13 0)
(1.5 1.68699e-14 0)
(1.5 6.74824e-14 0)
(1.5 1.09267e-13 0)
(1.5 4.73362e-14 0)
(1.5 -1.63302e-13 0)
(1.5 -2.03915e-14 0)
(1.5 1.26558e-14 0)
(1.5 2.42933e-14 0)
(1.5 1.86413e-14 0)
(1.5 -5.37768e-14 0)
(1.5 -1.44297e-13 0)
(1.5 1.58633e-14 0)
(1.5 4.92478e-14 0)
(1.5 -3.15279e-14 0)
(1.5 -6.17758e-14 0)
(1.5 -7.42725e-16 0)
(1.5 3.02629e-14 0)
(1.5 -7.11766e-16 0)
(1.5 1.6361e-14 0)
(1.5 -2.63837e-15 0)
(1.5 -3.09158e-14 0)
(1.5 -1.4592e-13 0)
(1.5 -1.9349e-13 0)
(1.5 -2.64261e-13 0)
(1.5 -3.12325e-13 0)
(1.5 -1.70268e-13 0)
(1.5 -5.82348e-14 0)
(1.5 7.53401e-14 0)
(1.5 3.55711e-14 0)
(1.5 4.31494e-14 0)
(1.5 1.04073e-13 0)
(1.5 1.54771e-13 0)
(1.5 2.09693e-13 0)
(1.5 2.14365e-13 0)
(1.5 1.38457e-13 0)
(1.5 1.56102e-13 0)
(1.5 1.90558e-13 0)
(1.5 1.70667e-13 0)
(1.5 2.41095e-13 0)
(1.5 2.35549e-13 0)
(1.5 2.33113e-13 0)
(1.5 2.14356e-13 0)
(1.5 2.27729e-13 0)
(1.5 2.17783e-13 0)
(1.5 1.78306e-13 0)
(1.5 1.78899e-13 0)
(1.5 1.04357e-13 0)
(1.5 9.92987e-14 0)
(1.5 -1.58863e-14 0)
(1.5 -6.19795e-14 0)
(1.5 1.83834e-15 0)
(1.5 5.36668e-15 0)
(1.5 -5.02304e-14 0)
(1.5 -1.14435e-13 0)
(1.5 -1.16407e-13 0)
(1.5 -9.87101e-14 0)
(1.5 -1.37281e-13 0)
(1.5 -5.83708e-14 0)
(1.5 -3.21542e-14 0)
(1.5 -2.36725e-14 0)
(1.5 1.69741e-14 0)
(1.5 2.11547e-14 0)
(1.5 2.50459e-14 0)
(1.5 2.50752e-14 0)
(1.5 1.64605e-14 0)
(1.5 6.84206e-14 0)
(1.5 1.11687e-13 0)
(1.5 8.69909e-14 0)
(1.5 -1.22115e-14 0)
(1.5 -6.14344e-14 0)
(1.5 -6.08073e-14 0)
(1.5 -3.75027e-14 0)
(1.5 -1.18531e-14 0)
(1.5 -8.88716e-14 0)
(1.5 -8.34279e-14 0)
(1.5 -8.52097e-14 0)
(1.5 -4.76983e-14 0)
(1.5 -2.71869e-14 0)
(1.5 -3.99851e-14 0)
(1.5 -7.22843e-14 0)
(1.5 -9.08689e-14 0)
(1.5 -1.40631e-13 0)
(1.5 -1.81138e-13 0)
(1.5 -1.21652e-13 0)
(1.5 -1.18146e-13 0)
(1.5 -6.34832e-14 0)
(1.5 -3.14502e-14 0)
(1.5 -6.49159e-15 0)
(1.5 2.65181e-14 0)
(1.5 6.87546e-14 0)
(1.5 1.3148e-13 0)
(1.5 8.35275e-14 0)
(1.5 9.17786e-14 0)
(1.5 7.88384e-14 0)
(1.5 8.98355e-14 0)
(1.5 7.18218e-14 0)
(1.5 1.49956e-13 0)
(1.5 1.7902e-13 0)
(1.5 1.22168e-13 0)
(1.5 7.61936e-14 0)
(1.5 1.29063e-13 0)
(1.5 1.71453e-13 0)
(1.5 5.88304e-14 0)
(1.5 2.56138e-14 0)
(1.5 3.07647e-14 0)
(1.5 -7.69218e-14 0)
(1.5 -1.92334e-13 0)
(1.5 -1.94161e-13 0)
(1.5 -8.9758e-14 0)
(1.5 3.84812e-14 0)
(1.5 1.06387e-13 0)
(1.5 1.66513e-13 0)
(1.5 2.85116e-13 0)
(1.5 3.29523e-13 0)
(1.5 2.63947e-13 0)
(1.5 2.15154e-13 0)
(1.5 1.57634e-13 0)
(1.5 8.4672e-14 0)
(1.5 3.04575e-14 0)
(1.5 5.67536e-14 0)
(1.5 -8.57715e-14 0)
(1.5 -1.17063e-13 0)
(1.5 -1.64163e-13 0)
(1.5 -2.14833e-13 0)
(1.5 -1.86112e-13 0)
(1.5 -2.07127e-13 0)
(1.5 -1.93555e-13 0)
(1.5 -2.83081e-13 0)
(1.5 -2.84608e-13 0)
(1.5 -2.48734e-13 0)
(1.5 -2.41337e-13 0)
(1.5 -1.91831e-13 0)
(1.5 -1.44287e-13 0)
(1.5 -1.50267e-13 0)
(1.5 -2.98824e-14 0)
(1.5 -1.06868e-13 0)
(1.5 -1.88601e-13 0)
(1.5 -1.8417e-13 0)
(1.5 -2.22266e-13 0)
(1.5 -2.24348e-13 0)
(1.5 -1.41376e-13 0)
(1.5 -1.3121e-13 0)
(1.5 -1.3212e-13 0)
(1.5 -2.06664e-13 0)
(1.5 -3.13598e-13 0)
(1.5 -3.09329e-13 0)
(1.5 -2.28187e-13 0)
(1.5 -1.97985e-13 0)
(1.5 -1.7307e-13 0)
(1.5 -7.73053e-14 0)
(1.5 4.40095e-14 0)
(1.5 2.78651e-13 0)
(1.5 4.63059e-13 0)
(1.5 6.93222e-13 0)
(1.5 8.0508e-13 0)
(1.5 7.88039e-13 0)
(1.5 7.55333e-13 0)
(1.5 7.1845e-13 0)
(1.5 8.25501e-13 0)
(1.5 7.56518e-13 0)
(1.5 6.31016e-13 0)
(1.5 4.74887e-13 0)
(1.5 2.65928e-13 0)
(1.5 7.3193e-14 0)
(1.5 -8.11574e-14 0)
(1.5 -1.68775e-13 0)
(1.5 -2.54145e-13 0)
(1.5 -3.03255e-13 0)
(1.5 -4.34268e-13 0)
(1.5 -3.95091e-13 0)
(1.5 -2.96741e-13 0)
(1.5 -2.88961e-13 0)
(1.5 -2.9139e-13 0)
(1.5 -3.25218e-13 0)
(1.5 -2.57259e-13 0)
(1.5 -5.68015e-14 0)
(1.5 6.8263e-15 0)
(1.5 -7.57729e-14 0)
(1.5 2.22968e-14 0)
(1.5 5.98402e-14 0)
(1.5 1.28668e-13 0)
(1.5 1.60651e-13 0)
(1.5 2.50491e-13 0)
(1.5 4.30677e-13 0)
(1.5 4.47758e-13 0)
(1.5 5.12395e-13 0)
(1.5 4.83809e-13 0)
(1.5 4.76589e-13 0)
(1.5 5.23852e-13 0)
(1.5 3.96087e-13 0)
(1.5 4.43528e-13 0)
(1.5 4.43052e-13 0)
(1.5 4.94669e-13 0)
(1.5 5.42235e-13 0)
(1.5 3.91649e-13 0)
(1.5 3.46878e-13 0)
(1.5 2.16876e-13 0)
(1.5 1.95937e-13 0)
(1.5 1.35711e-13 0)
(1.5 2.18178e-13 0)
(1.5 2.00394e-13 0)
(1.5 1.82105e-13 0)
(1.5 1.50298e-13 0)
(1.5 1.5345e-13 0)
(1.5 3.3199e-14 0)
(1.5 1.27127e-13 0)
(1.5 1.52026e-13 0)
(1.5 2.44533e-13 0)
(1.5 2.61646e-13 0)
(1.5 2.20879e-13 0)
(1.5 2.24134e-13 0)
(1.5 -1.79313e-14 0)
(1.5 -4.65636e-14 0)
(1.5 -8.14778e-14 0)
(1.5 -7.02735e-14 0)
(1.5 -1.29162e-13 0)
(1.5 -7.43796e-14 0)
(1.5 1.02277e-14 0)
(1.5 -3.29958e-15 0)
(1.5 -3.37343e-14 0)
(1.5 -5.47992e-14 0)
(1.5 -5.56152e-14 0)
(1.5 -1.38328e-13 0)
(1.5 -2.32276e-13 0)
(1.5 -1.85936e-13 0)
(1.5 -1.08848e-13 0)
(1.5 -9.23698e-14 0)
(1.5 -8.60424e-14 0)
(1.5 -2.3014e-13 0)
(1.5 -2.16322e-13 0)
(1.5 -2.7296e-14 0)
(1.5 1.12389e-13 0)
(1.5 1.50071e-13 0)
(1.5 1.77386e-13 0)
(1.5 1.65216e-13 0)
(1.5 2.5773e-13 0)
(1.5 2.65595e-13 0)
(1.5 2.02037e-13 0)
(1.5 1.54947e-13 0)
(1.5 1.50081e-13 0)
(1.5 2.27596e-13 0)
(1.5 2.91283e-13 0)
(1.5 2.20992e-13 0)
(1.5 1.29168e-13 0)
(1.5 1.15531e-13 0)
(1.5 6.7485e-14 0)
(1.5 9.97263e-14 0)
(1.5 1.03422e-13 0)
(1.5 8.82133e-16 0)
(1.5 -2.54963e-14 0)
(1.5 -2.12609e-14 0)
(1.5 -5.98406e-14 0)
(1.5 -4.48116e-14 0)
(1.5 -8.931e-14 0)
(1.5 -6.04748e-14 0)
(1.5 -6.32456e-14 0)
(1.5 -7.43087e-14 0)
(1.5 -6.75373e-14 0)
(1.5 1.6867e-14 0)
(1.5 5.67397e-14 0)
(1.5 7.87087e-14 0)
(1.5 9.22568e-14 0)
(1.5 1.08797e-13 0)
(1.5 9.82274e-14 0)
(1.5 3.5296e-14 0)
(1.5 6.99897e-14 0)
(1.5 1.16525e-13 0)
(1.5 1.01452e-13 0)
(1.5 7.94884e-14 0)
(1.5 3.00696e-14 0)
(1.5 -6.81329e-14 0)
(1.5 -3.53729e-14 0)
(1.5 -6.32204e-15 0)
(1.5 -2.60267e-14 0)
(1.5 -4.98273e-14 0)
(1.5 -1.68259e-14 0)
(1.5 1.1357e-14 0)
(1.5 -3.97419e-14 0)
(1.5 -6.30592e-14 0)
(1.5 -5.77021e-14 0)
(1.5 -9.71531e-14 0)
(1.5 -8.56805e-14 0)
(1.5 -7.94554e-14 0)
(1.5 -6.28572e-14 0)
(1.5 -9.36384e-14 0)
(1.5 2.42095e-14 0)
(1.5 8.10471e-14 0)
(1.5 1.58744e-13 0)
(1.5 7.61441e-14 0)
(1.5 5.57932e-14 0)
(1.5 1.5102e-13 0)
(1.5 1.81357e-13 0)
(1.5 2.07201e-13 0)
(1.5 1.4473e-13 0)
(1.5 1.38814e-13 0)
(1.5 1.19811e-13 0)
(1.5 1.17708e-13 0)
(1.5 1.26025e-13 0)
(1.5 1.34686e-13 0)
(1.5 1.30813e-13 0)
(1.5 1.84008e-13 0)
(1.5 1.41188e-13 0)
(1.5 5.16222e-14 0)
(1.5 -3.62329e-14 0)
(1.5 -9.05296e-15 0)
(1.5 -5.33877e-14 0)
(1.5 -1.36929e-13 0)
(1.5 -1.2638e-13 0)
(1.5 -5.00344e-14 0)
(1.5 1.02038e-14 0)
(1.5 1.03927e-13 0)
(1.5 1.7449e-13 0)
(1.5 3.45538e-13 0)
(1.5 4.42785e-13 0)
(1.5 3.89156e-13 0)
(1.5 3.46027e-13 0)
(1.5 2.8507e-13 0)
(1.5 2.48578e-13 0)
(1.5 1.79806e-13 0)
(1.5 1.40709e-13 0)
(1.5 -1.90945e-18 0)
(1.5 -8.75212e-14 0)
(1.5 -5.76398e-14 0)
(1.5 -1.09289e-13 0)
(1.5 -1.49094e-13 0)
(1.5 -1.86558e-13 0)
(1.5 -2.43739e-13 0)
(1.5 -3.82455e-13 0)
(1.5 -4.35983e-13 0)
(1.5 -3.94192e-13 0)
(1.5 -3.74735e-13 0)
(1.5 -3.47101e-13 0)
(1.5 -2.35133e-13 0)
(1.5 -1.59983e-13 0)
(1.5 -1.32899e-13 0)
(1.5 -1.96479e-13 0)
(1.5 -2.69442e-13 0)
(1.5 -2.34646e-13 0)
(1.5 -2.04396e-13 0)
(1.5 -1.9726e-13 0)
(1.5 -1.85992e-13 0)
(1.5 -1.86144e-13 0)
(1.5 -1.16052e-13 0)
(1.5 -1.26385e-13 0)
(1.5 -1.83323e-13 0)
(1.5 -2.22262e-13 0)
(1.5 -3.70223e-13 0)
(1.5 -2.52005e-13 0)
(1.5 -1.30467e-13 0)
(1.5 -3.89742e-14 0)
(1.5 1.08272e-13 0)
(1.5 2.66602e-13 0)
(1.5 3.87003e-13 0)
(1.5 6.45519e-13 0)
(1.5 6.77632e-13 0)
(1.5 7.52368e-13 0)
(1.5 7.17133e-13 0)
(1.5 7.18891e-13 0)
(1.5 8.67592e-13 0)
(1.5 7.41354e-13 0)
(1.5 5.88971e-13 0)
(1.5 4.85618e-13 0)
(1.5 2.65143e-13 0)
(1.5 5.83218e-15 0)
(1.5 -1.96331e-13 0)
(1.5 -2.55472e-13 0)
(1.5 -3.30449e-13 0)
(1.5 -3.77644e-13 0)
(1.5 -4.9166e-13 0)
(1.5 -4.4803e-13 0)
(1.5 -3.65825e-13 0)
(1.5 -3.74966e-13 0)
(1.5 -2.05697e-13 0)
(1.5 -1.89087e-13 0)
(1.5 -2.47972e-13 0)
(1.5 -2.71616e-13 0)
(1.5 -1.50536e-13 0)
(1.5 -1.71821e-13 0)
(1.5 -8.72388e-14 0)
(1.5 -1.40976e-13 0)
(1.5 -3.93878e-14 0)
(1.5 -1.33371e-14 0)
(1.5 4.49739e-14 0)
(1.5 1.65931e-13 0)
(1.5 2.63381e-13 0)
(1.5 3.79819e-13 0)
(1.5 4.4585e-13 0)
(1.5 5.31074e-13 0)
(1.5 4.61859e-13 0)
(1.5 3.43734e-13 0)
(1.5 4.91394e-13 0)
(1.5 4.50405e-13 0)
(1.5 4.7676e-13 0)
(1.5 3.68743e-13 0)
(1.5 1.85248e-13 0)
(1.5 3.54408e-13 0)
(1.5 4.13797e-13 0)
(1.5 3.79964e-13 0)
(1.5 2.26428e-13 0)
(1.5 1.95124e-13 0)
(1.5 1.89056e-13 0)
(1.5 2.04162e-13 0)
(1.5 1.95771e-13 0)
(1.5 1.6292e-13 0)
(1.5 2.28778e-13 0)
(1.5 2.55889e-13 0)
(1.5 2.39536e-13 0)
(1.5 2.52582e-13 0)
(1.5 2.47757e-13 0)
(1.5 2.82651e-13 0)
(1.5 3.87675e-13 0)
(1.5 -1.0642e-14 0)
(1.5 -1.22492e-13 0)
(1.5 -1.48884e-13 0)
(1.5 -9.59152e-14 0)
(1.5 -6.11898e-14 0)
(1.5 4.87361e-15 0)
(1.5 8.99995e-14 0)
(1.5 3.22255e-14 0)
(1.5 2.10109e-14 0)
(1.5 3.93345e-14 0)
(1.5 4.94202e-14 0)
(1.5 -2.98032e-15 0)
(1.5 -1.72819e-14 0)
(1.5 3.76566e-14 0)
(1.5 -2.50151e-14 0)
(1.5 -9.68358e-14 0)
(1.5 -1.728e-13 0)
(1.5 -1.86878e-13 0)
(1.5 -1.16419e-13 0)
(1.5 4.97257e-14 0)
(1.5 8.74407e-14 0)
(1.5 1.24375e-13 0)
(1.5 1.62105e-13 0)
(1.5 2.20351e-13 0)
(1.5 3.76134e-13 0)
(1.5 3.28716e-13 0)
(1.5 2.44601e-13 0)
(1.5 1.70957e-13 0)
(1.5 1.64964e-13 0)
(1.5 2.52954e-13 0)
(1.5 2.97866e-13 0)
(1.5 1.95629e-13 0)
(1.5 1.25725e-13 0)
(1.5 6.20966e-14 0)
(1.5 1.1011e-14 0)
(1.5 3.40646e-14 0)
(1.5 -8.03481e-15 0)
(1.5 -2.00195e-14 0)
(1.5 -5.87771e-14 0)
(1.5 -1.61209e-13 0)
(1.5 -1.00702e-13 0)
(1.5 -4.92978e-14 0)
(1.5 -4.7934e-14 0)
(1.5 4.78743e-14 0)
(1.5 3.31634e-15 0)
(1.5 2.07453e-14 0)
(1.5 7.2262e-14 0)
(1.5 1.37266e-13 0)
(1.5 1.49379e-13 0)
(1.5 1.05299e-13 0)
(1.5 8.72589e-14 0)
(1.5 1.27031e-13 0)
(1.5 1.27778e-13 0)
(1.5 9.60606e-14 0)
(1.5 1.15508e-13 0)
(1.5 1.629e-13 0)
(1.5 1.56792e-13 0)
(1.5 1.95185e-13 0)
(1.5 1.09913e-13 0)
(1.5 3.57229e-14 0)
(1.5 2.89047e-14 0)
(1.5 1.00755e-14 0)
(1.5 2.74958e-14 0)
(1.5 -5.39691e-15 0)
(1.5 1.98043e-14 0)
(1.5 1.50889e-14 0)
(1.5 -1.41593e-14 0)
(1.5 -3.07309e-15 0)
(1.5 1.62881e-14 0)
(1.5 4.20264e-14 0)
(1.5 1.35323e-13 0)
(1.5 1.96934e-13 0)
(1.5 1.28481e-13 0)
(1.5 1.15571e-13 0)
(1.5 2.01934e-13 0)
(1.5 2.69218e-13 0)
(1.5 3.73463e-13 0)
(1.5 3.27224e-13 0)
(1.5 2.77058e-13 0)
(1.5 2.94289e-13 0)
(1.5 4.18859e-13 0)
(1.5 3.86254e-13 0)
(1.5 2.89099e-13 0)
(1.5 2.15501e-13 0)
(1.5 2.35227e-13 0)
(1.5 2.08651e-13 0)
(1.5 2.09802e-13 0)
(1.5 2.38699e-13 0)
(1.5 2.69591e-13 0)
(1.5 2.62258e-13 0)
(1.5 2.24087e-13 0)
(1.5 1.6856e-13 0)
(1.5 1.90699e-14 0)
(1.5 -7.29461e-14 0)
(1.5 -4.68749e-14 0)
(1.5 -5.78085e-14 0)
(1.5 -6.43695e-14 0)
(1.5 -3.11284e-14 0)
(1.5 -5.60175e-15 0)
(1.5 1.09556e-13 0)
(1.5 2.16121e-13 0)
(1.5 3.2197e-13 0)
(1.5 4.15175e-13 0)
(1.5 4.18777e-13 0)
(1.5 3.84969e-13 0)
(1.5 3.29658e-13 0)
(1.5 2.57821e-13 0)
(1.5 1.55581e-13 0)
(1.5 3.01594e-14 0)
(1.5 2.2569e-14 0)
(1.5 2.82835e-14 0)
(1.5 3.80278e-14 0)
(1.5 -3.5457e-14 0)
(1.5 -1.30704e-13 0)
(1.5 -1.71808e-13 0)
(1.5 -2.70753e-13 0)
(1.5 -3.54566e-13 0)
(1.5 -4.16954e-13 0)
(1.5 -4.26268e-13 0)
(1.5 -3.55244e-13 0)
(1.5 -2.83097e-13 0)
(1.5 -2.10019e-13 0)
(1.5 -1.55565e-13 0)
(1.5 -2.54627e-13 0)
(1.5 -3.00963e-13 0)
(1.5 -3.20485e-13 0)
(1.5 -3.16593e-13 0)
(1.5 -2.35009e-13 0)
(1.5 -1.37286e-13 0)
(1.5 -1.63016e-13 0)
(1.5 -1.5354e-13 0)
(1.5 -1.15885e-13 0)
(1.5 -2.02498e-13 0)
(1.5 -1.9445e-13 0)
(1.5 -2.00837e-13 0)
(1.5 -2.7636e-13 0)
(1.5 -1.84365e-13 0)
(1.5 -1.39685e-13 0)
(1.5 -8.3083e-14 0)
(1.5 2.123e-14 0)
(1.5 1.02884e-13 0)
(1.5 2.63355e-13 0)
(1.5 4.63174e-13 0)
(1.5 4.82219e-13 0)
(1.5 5.68761e-13 0)
(1.5 5.71366e-13 0)
(1.5 5.59794e-13 0)
(1.5 5.58377e-13 0)
(1.5 4.71897e-13 0)
(1.5 3.68126e-13 0)
(1.5 3.4165e-13 0)
(1.5 2.13222e-13 0)
(1.5 -4.43219e-14 0)
(1.5 -2.51486e-13 0)
(1.5 -3.34552e-13 0)
(1.5 -3.34649e-13 0)
(1.5 -3.74787e-13 0)
(1.5 -4.25665e-13 0)
(1.5 -3.95939e-13 0)
(1.5 -3.36132e-13 0)
(1.5 -2.99737e-13 0)
(1.5 -1.28838e-13 0)
(1.5 -7.84894e-14 0)
(1.5 -1.45977e-13 0)
(1.5 -1.53052e-13 0)
(1.5 -1.22043e-13 0)
(1.5 -1.01495e-13 0)
(1.5 -9.96934e-14 0)
(1.5 -1.44167e-13 0)
(1.5 -1.46922e-13 0)
(1.5 -6.54838e-14 0)
(1.5 4.97473e-14 0)
(1.5 1.20135e-13 0)
(1.5 3.22175e-13 0)
(1.5 3.90271e-13 0)
(1.5 4.85713e-13 0)
(1.5 5.43271e-13 0)
(1.5 3.76489e-13 0)
(1.5 3.78089e-13 0)
(1.5 4.70404e-13 0)
(1.5 4.97249e-13 0)
(1.5 5.06812e-13 0)
(1.5 3.25249e-13 0)
(1.5 2.13466e-13 0)
(1.5 3.20204e-13 0)
(1.5 4.18895e-13 0)
(1.5 3.45027e-13 0)
(1.5 1.46072e-13 0)
(1.5 6.32536e-14 0)
(1.5 1.86434e-13 0)
(1.5 2.7972e-13 0)
(1.5 3.09208e-13 0)
(1.5 2.1811e-13 0)
(1.5 3.19062e-13 0)
(1.5 3.39517e-13 0)
(1.5 3.47322e-13 0)
(1.5 3.13164e-13 0)
(1.5 2.98828e-13 0)
(1.5 3.62322e-13 0)
(1.5 3.89388e-13 0)
(1.5 -1.61112e-14 0)
(1.5 -5.25313e-14 0)
(1.5 -7.37635e-14 0)
(1.5 -9.64769e-14 0)
(1.5 -1.87106e-15 0)
(1.5 1.04838e-13 0)
(1.5 1.84732e-13 0)
(1.5 1.89482e-13 0)
(1.5 1.74836e-13 0)
(1.5 2.05045e-13 0)
(1.5 1.97934e-13 0)
(1.5 1.95456e-13 0)
(1.5 2.07781e-13 0)
(1.5 1.35226e-13 0)
(1.5 6.31738e-14 0)
(1.5 -3.3817e-14 0)
(1.5 -1.47892e-13 0)
(1.5 -3.81376e-14 0)
(1.5 -2.62845e-14 0)
(1.5 7.79342e-14 0)
(1.5 1.24074e-13 0)
(1.5 1.38644e-13 0)
(1.5 2.10812e-13 0)
(1.5 2.62153e-13 0)
(1.5 3.87778e-13 0)
(1.5 3.82024e-13 0)
(1.5 3.12383e-13 0)
(1.5 2.73762e-13 0)
(1.5 2.4421e-13 0)
(1.5 2.86888e-13 0)
(1.5 2.38445e-13 0)
(1.5 1.93445e-13 0)
(1.5 1.75425e-13 0)
(1.5 1.04882e-13 0)
(1.5 2.35009e-14 0)
(1.5 -3.48728e-14 0)
(1.5 -1.54643e-13 0)
(1.5 -1.47765e-13 0)
(1.5 -2.33797e-13 0)
(1.5 -2.8379e-13 0)
(1.5 -1.78267e-13 0)
(1.5 -1.08068e-13 0)
(1.5 -7.83411e-14 0)
(1.5 1.20942e-14 0)
(1.5 1.44778e-14 0)
(1.5 2.0134e-14 0)
(1.5 1.0611e-14 0)
(1.5 5.55735e-14 0)
(1.5 5.60017e-14 0)
(1.5 -1.02858e-14 0)
(1.5 -3.92587e-14 0)
(1.5 -2.11944e-14 0)
(1.5 2.59715e-14 0)
(1.5 7.75793e-14 0)
(1.5 1.15099e-13 0)
(1.5 1.85924e-13 0)
(1.5 2.22677e-13 0)
(1.5 1.93653e-13 0)
(1.5 1.65484e-13 0)
(1.5 1.64404e-13 0)
(1.5 1.15156e-13 0)
(1.5 3.6698e-15 0)
(1.5 -2.88774e-14 0)
(1.5 -7.3893e-14 0)
(1.5 -7.80579e-14 0)
(1.5 -8.49415e-14 0)
(1.5 -5.69583e-14 0)
(1.5 -1.73031e-14 0)
(1.5 1.68577e-14 0)
(1.5 5.09945e-14 0)
(1.5 1.14001e-13 0)
(1.5 1.32002e-13 0)
(1.5 1.74073e-13 0)
(1.5 1.70889e-13 0)
(1.5 2.35778e-13 0)
(1.5 2.85857e-13 0)
(1.5 3.74198e-13 0)
(1.5 4.66355e-13 0)
(1.5 4.38875e-13 0)
(1.5 4.58283e-13 0)
(1.5 4.35232e-13 0)
(1.5 4.09895e-13 0)
(1.5 4.38978e-13 0)
(1.5 3.86227e-13 0)
(1.5 2.6917e-13 0)
(1.5 1.86101e-13 0)
(1.5 1.29171e-13 0)
(1.5 2.5584e-13 0)
(1.5 2.95001e-13 0)
(1.5 2.26792e-13 0)
(1.5 3.51508e-13 0)
(1.5 3.70312e-13 0)
(1.5 2.92197e-13 0)
(1.5 9.66598e-14 0)
(1.5 8.20249e-14 0)
(1.5 1.29484e-13 0)
(1.5 5.90847e-14 0)
(1.5 7.31229e-14 0)
(1.5 9.78369e-14 0)
(1.5 1.60532e-13 0)
(1.5 2.74229e-13 0)
(1.5 2.87478e-13 0)
(1.5 3.15737e-13 0)
(1.5 3.34861e-13 0)
(1.5 2.83069e-13 0)
(1.5 2.39457e-13 0)
(1.5 1.82302e-13 0)
(1.5 1.97515e-13 0)
(1.5 7.66597e-14 0)
(1.5 8.66671e-14 0)
(1.5 1.52122e-13 0)
(1.5 1.16516e-13 0)
(1.5 1.50345e-14 0)
(1.5 -5.80924e-14 0)
(1.5 -1.03175e-13 0)
(1.5 -1.70946e-13 0)
(1.5 -2.43945e-13 0)
(1.5 -3.13096e-13 0)
(1.5 -3.73079e-13 0)
(1.5 -2.711e-13 0)
(1.5 -1.74864e-13 0)
(1.5 -1.97702e-13 0)
(1.5 -2.02441e-13 0)
(1.5 -3.35024e-13 0)
(1.5 -3.8369e-13 0)
(1.5 -2.69391e-13 0)
(1.5 -2.81077e-13 0)
(1.5 -2.37346e-13 0)
(1.5 -2.0899e-13 0)
(1.5 -2.4432e-13 0)
(1.5 -2.46164e-13 0)
(1.5 -2.78467e-13 0)
(1.5 -3.27127e-13 0)
(1.5 -2.80639e-13 0)
(1.5 -2.43131e-13 0)
(1.5 -1.26436e-13 0)
(1.5 -2.91593e-14 0)
(1.5 -7.36152e-14 0)
(1.5 -1.11049e-13 0)
(1.5 -1.41067e-13 0)
(1.5 -7.63589e-14 0)
(1.5 8.33029e-15 0)
(1.5 1.6302e-13 0)
(1.5 2.01931e-13 0)
(1.5 2.16967e-13 0)
(1.5 2.90797e-13 0)
(1.5 2.51393e-13 0)
(1.5 2.08483e-13 0)
(1.5 2.01769e-13 0)
(1.5 1.70537e-13 0)
(1.5 1.27369e-13 0)
(1.5 4.23545e-14 0)
(1.5 -7.51837e-14 0)
(1.5 -2.07775e-13 0)
(1.5 -3.20373e-13 0)
(1.5 -2.34048e-13 0)
(1.5 -2.21147e-13 0)
(1.5 -2.0599e-13 0)
(1.5 -1.61275e-13 0)
(1.5 -1.06448e-13 0)
(1.5 -1.02504e-13 0)
(1.5 -1.12859e-13 0)
(1.5 2.0962e-15 0)
(1.5 8.5938e-14 0)
(1.5 1.07353e-13 0)
(1.5 4.50168e-14 0)
(1.5 7.71172e-14 0)
(1.5 -1.29148e-14 0)
(1.5 1.41523e-14 0)
(1.5 -2.72967e-14 0)
(1.5 9.87318e-14 0)
(1.5 2.19577e-13 0)
(1.5 3.12926e-13 0)
(1.5 4.33615e-13 0)
(1.5 4.75537e-13 0)
(1.5 5.55867e-13 0)
(1.5 4.53382e-13 0)
(1.5 4.14561e-13 0)
(1.5 4.75933e-13 0)
(1.5 4.5141e-13 0)
(1.5 5.49567e-13 0)
(1.5 5.5505e-13 0)
(1.5 5.45084e-13 0)
(1.5 5.55065e-13 0)
(1.5 4.28391e-13 0)
(1.5 3.60371e-13 0)
(1.5 2.16644e-13 0)
(1.5 1.11403e-13 0)
(1.5 7.70995e-14 0)
(1.5 1.85766e-13 0)
(1.5 2.69026e-13 0)
(1.5 3.22472e-13 0)
(1.5 3.30795e-13 0)
(1.5 4.15326e-13 0)
(1.5 4.8169e-13 0)
(1.5 5.74125e-13 0)
(1.5 5.80304e-13 0)
(1.5 5.69142e-13 0)
(1.5 5.04522e-13 0)
(1.5 4.60312e-13 0)
(1.5 -2.4214e-14 0)
(1.5 1.46916e-15 0)
(1.5 -3.80757e-14 0)
(1.5 -5.89483e-14 0)
(1.5 7.21686e-16 0)
(1.5 1.14041e-13 0)
(1.5 1.51217e-13 0)
(1.5 2.33453e-13 0)
(1.5 2.6678e-13 0)
(1.5 3.33959e-13 0)
(1.5 3.25691e-13 0)
(1.5 3.21432e-13 0)
(1.5 2.80571e-13 0)
(1.5 1.79382e-13 0)
(1.5 1.25245e-13 0)
(1.5 1.2779e-14 0)
(1.5 -8.89697e-14 0)
(1.5 2.31052e-16 0)
(1.5 -2.41254e-14 0)
(1.5 6.10731e-15 0)
(1.5 1.05881e-13 0)
(1.5 1.06777e-13 0)
(1.5 2.37592e-13 0)
(1.5 2.8939e-13 0)
(1.5 3.56681e-13 0)
(1.5 4.26016e-13 0)
(1.5 3.62484e-13 0)
(1.5 3.48988e-13 0)
(1.5 3.13313e-13 0)
(1.5 3.1536e-13 0)
(1.5 2.3506e-13 0)
(1.5 2.05308e-13 0)
(1.5 1.47479e-13 0)
(1.5 1.23791e-13 0)
(1.5 4.39622e-14 0)
(1.5 -4.65456e-14 0)
(1.5 -1.83231e-13 0)
(1.5 -1.91997e-13 0)
(1.5 -3.2498e-13 0)
(1.5 -2.85961e-13 0)
(1.5 -2.51011e-13 0)
(1.5 -2.17094e-13 0)
(1.5 -1.81704e-13 0)
(1.5 -1.25747e-13 0)
(1.5 -2.94355e-14 0)
(1.5 -3.50431e-14 0)
(1.5 -9.95884e-14 0)
(1.5 -1.33411e-13 0)
(1.5 -1.43471e-13 0)
(1.5 -1.45152e-13 0)
(1.5 -1.63502e-13 0)
(1.5 -1.90566e-13 0)
(1.5 -1.76091e-13 0)
(1.5 -8.26679e-14 0)
(1.5 -5.0366e-14 0)
(1.5 6.97037e-14 0)
(1.5 1.57894e-13 0)
(1.5 8.42721e-14 0)
(1.5 1.22975e-13 0)
(1.5 1.62275e-13 0)
(1.5 1.38619e-13 0)
(1.5 -9.4651e-16 0)
(1.5 -7.41393e-14 0)
(1.5 -5.69173e-14 0)
(1.5 -1.15948e-13 0)
(1.5 -1.02567e-13 0)
(1.5 -8.46766e-14 0)
(1.5 -5.26112e-14 0)
(1.5 -3.43401e-14 0)
(1.5 -5.00962e-14 0)
(1.5 -3.55641e-14 0)
(1.5 -3.53227e-14 0)
(1.5 9.29178e-14 0)
(1.5 1.23785e-13 0)
(1.5 2.45894e-13 0)
(1.5 2.92354e-13 0)
(1.5 3.17124e-13 0)
(1.5 4.44016e-13 0)
(1.5 4.68338e-13 0)
(1.5 5.02651e-13 0)
(1.5 4.30586e-13 0)
(1.5 3.96863e-13 0)
(1.5 4.36571e-13 0)
(1.5 4.50586e-13 0)
(1.5 2.78367e-13 0)
(1.5 1.40408e-13 0)
(1.5 8.25323e-14 0)
(1.5 2.26983e-13 0)
(1.5 2.72844e-13 0)
(1.5 2.28469e-13 0)
(1.5 4.34199e-13 0)
(1.5 5.26953e-13 0)
(1.5 5.63598e-13 0)
(1.5 3.35135e-13 0)
(1.5 2.5231e-13 0)
(1.5 2.82008e-13 0)
(1.5 1.94472e-13 0)
(1.5 1.74795e-13 0)
(1.5 1.73541e-13 0)
(1.5 1.66002e-13 0)
(1.5 2.38256e-13 0)
(1.5 2.15463e-13 0)
(1.5 2.24971e-13 0)
(1.5 2.24773e-13 0)
(1.5 1.64262e-13 0)
(1.5 1.75031e-13 0)
(1.5 1.49107e-13 0)
(1.5 2.08898e-13 0)
(1.5 1.54877e-13 0)
(1.5 1.03236e-13 0)
(1.5 1.54147e-13 0)
(1.5 1.0282e-13 0)
(1.5 2.68266e-14 0)
(1.5 -4.67652e-14 0)
(1.5 -1.63917e-13 0)
(1.5 -2.00172e-13 0)
(1.5 -2.61907e-13 0)
(1.5 -3.14674e-13 0)
(1.5 -3.48052e-13 0)
(1.5 -2.49067e-13 0)
(1.5 -2.11472e-13 0)
(1.5 -1.94735e-13 0)
(1.5 -2.41952e-13 0)
(1.5 -3.4792e-13 0)
(1.5 -3.63208e-13 0)
(1.5 -2.23105e-13 0)
(1.5 -2.1267e-13 0)
(1.5 -1.59845e-13 0)
(1.5 -1.91972e-13 0)
(1.5 -2.30604e-13 0)
(1.5 -2.81694e-13 0)
(1.5 -3.42211e-13 0)
(1.5 -2.69039e-13 0)
(1.5 -2.47156e-13 0)
(1.5 -2.05589e-13 0)
(1.5 -7.41609e-14 0)
(1.5 2.19827e-14 0)
(1.5 -3.0694e-14 0)
(1.5 -9.21893e-14 0)
(1.5 -1.53945e-13 0)
(1.5 -1.70909e-13 0)
(1.5 -1.67243e-13 0)
(1.5 -1.02641e-13 0)
(1.5 -8.90161e-15 0)
(1.5 7.94968e-15 0)
(1.5 3.63961e-14 0)
(1.5 -8.56236e-16 0)
(1.5 1.43534e-14 0)
(1.5 2.54432e-14 0)
(1.5 2.65406e-14 0)
(1.5 2.48007e-14 0)
(1.5 4.14067e-16 0)
(1.5 -3.33541e-14 0)
(1.5 -6.05445e-14 0)
(1.5 -8.76278e-14 0)
(1.5 -2.5672e-14 0)
(1.5 -4.65069e-15 0)
(1.5 5.16185e-14 0)
(1.5 4.35406e-14 0)
(1.5 5.47691e-14 0)
(1.5 4.61262e-14 0)
(1.5 -2.8807e-14 0)
(1.5 4.74988e-14 0)
(1.5 1.95525e-13 0)
(1.5 2.09338e-13 0)
(1.5 1.54428e-13 0)
(1.5 2.02293e-13 0)
(1.5 3.78098e-14 0)
(1.5 7.64986e-14 0)
(1.5 9.22209e-14 0)
(1.5 2.01432e-13 0)
(1.5 2.97037e-13 0)
(1.5 4.13273e-13 0)
(1.5 4.44836e-13 0)
(1.5 4.97614e-13 0)
(1.5 4.81154e-13 0)
(1.5 3.91961e-13 0)
(1.5 4.70564e-13 0)
(1.5 4.78001e-13 0)
(1.5 4.15244e-13 0)
(1.5 5.14846e-13 0)
(1.5 5.32787e-13 0)
(1.5 6.49492e-13 0)
(1.5 7.18331e-13 0)
(1.5 5.54337e-13 0)
(1.5 4.28957e-13 0)
(1.5 3.00536e-13 0)
(1.5 3.16499e-13 0)
(1.5 2.98369e-13 0)
(1.5 1.94911e-13 0)
(1.5 1.43402e-13 0)
(1.5 1.71746e-13 0)
(1.5 3.66036e-13 0)
(1.5 5.25817e-13 0)
(1.5 5.96983e-13 0)
(1.5 6.85644e-13 0)
(1.5 8.35306e-13 0)
(1.5 8.60234e-13 0)
(1.5 7.2031e-13 0)
(1.5 5.96878e-13 0)
(1.5 -3.7452e-14 0)
(1.5 -4.57647e-14 0)
(1.5 -3.3317e-14 0)
(1.5 -4.95137e-14 0)
(1.5 -4.5174e-14 0)
(1.5 3.20151e-14 0)
(1.5 4.64861e-14 0)
(1.5 1.37257e-13 0)
(1.5 2.73121e-13 0)
(1.5 3.36018e-13 0)
(1.5 2.69243e-13 0)
(1.5 2.44955e-13 0)
(1.5 2.26086e-13 0)
(1.5 1.53783e-13 0)
(1.5 1.24088e-13 0)
(1.5 5.45636e-14 0)
(1.5 -3.47555e-15 0)
(1.5 -3.82247e-14 0)
(1.5 5.26318e-15 0)
(1.5 5.60018e-14 0)
(1.5 8.02794e-14 0)
(1.5 7.93222e-14 0)
(1.5 1.78985e-13 0)
(1.5 2.79629e-13 0)
(1.5 3.0785e-13 0)
(1.5 3.87081e-13 0)
(1.5 3.59129e-13 0)
(1.5 3.98785e-13 0)
(1.5 3.73119e-13 0)
(1.5 3.30819e-13 0)
(1.5 2.813e-13 0)
(1.5 2.71032e-13 0)
(1.5 1.80387e-13 0)
(1.5 1.55292e-13 0)
(1.5 3.27135e-14 0)
(1.5 -8.5135e-14 0)
(1.5 -1.64445e-13 0)
(1.5 -1.21087e-13 0)
(1.5 -1.64338e-13 0)
(1.5 -1.97027e-13 0)
(1.5 -2.21844e-13 0)
(1.5 -2.12879e-13 0)
(1.5 -2.08773e-13 0)
(1.5 -1.85273e-13 0)
(1.5 -9.32464e-14 0)
(1.5 -7.34396e-14 0)
(1.5 -5.78129e-14 0)
(1.5 -1.1178e-13 0)
(1.5 -1.30827e-13 0)
(1.5 -1.21168e-13 0)
(1.5 -1.23097e-13 0)
(1.5 -1.58561e-13 0)
(1.5 -2.03997e-13 0)
(1.5 -1.7259e-13 0)
(1.5 -1.08041e-13 0)
(1.5 -3.17938e-14 0)
(1.5 -9.47094e-15 0)
(1.5 -2.49919e-14 0)
(1.5 3.90831e-14 0)
(1.5 8.84306e-14 0)
(1.5 9.99801e-14 0)
(1.5 6.23401e-14 0)
(1.5 4.14204e-14 0)
(1.5 4.89936e-14 0)
(1.5 -1.4314e-14 0)
(1.5 -1.61321e-14 0)
(1.5 2.74969e-15 0)
(1.5 3.55046e-14 0)
(1.5 3.39421e-14 0)
(1.5 -1.4953e-14 0)
(1.5 -6.23037e-14 0)
(1.5 -3.38079e-14 0)
(1.5 5.05257e-14 0)
(1.5 8.39895e-14 0)
(1.5 1.47941e-13 0)
(1.5 2.38682e-13 0)
(1.5 2.16839e-13 0)
(1.5 3.63451e-13 0)
(1.5 4.32673e-13 0)
(1.5 3.92795e-13 0)
(1.5 3.57844e-13 0)
(1.5 2.89496e-13 0)
(1.5 2.81089e-13 0)
(1.5 3.07012e-13 0)
(1.5 2.27693e-13 0)
(1.5 1.76553e-13 0)
(1.5 1.95273e-13 0)
(1.5 2.45429e-13 0)
(1.5 2.70992e-13 0)
(1.5 3.00155e-13 0)
(1.5 3.77463e-13 0)
(1.5 4.90575e-13 0)
(1.5 5.45217e-13 0)
(1.5 4.54313e-13 0)
(1.5 3.92785e-13 0)
(1.5 4.35939e-13 0)
(1.5 4.3572e-13 0)
(1.5 3.88579e-13 0)
(1.5 2.64489e-13 0)
(1.5 2.20727e-13 0)
(1.5 2.38566e-13 0)
(1.5 2.59984e-13 0)
(1.5 2.48872e-13 0)
(1.5 1.82635e-13 0)
(1.5 2.0413e-13 0)
(1.5 2.10867e-13 0)
(1.5 1.88538e-13 0)
(1.5 1.87271e-13 0)
(1.5 1.57344e-13 0)
(1.5 1.32477e-13 0)
(1.5 7.12934e-14 0)
(1.5 1.78732e-14 0)
(1.5 1.20907e-14 0)
(1.5 -7.36297e-14 0)
(1.5 -1.71421e-13 0)
(1.5 -2.58445e-13 0)
(1.5 -3.43751e-13 0)
(1.5 -3.33392e-13 0)
(1.5 -2.6534e-13 0)
(1.5 -1.8635e-13 0)
(1.5 -1.68455e-13 0)
(1.5 -2.06122e-13 0)
(1.5 -2.29846e-13 0)
(1.5 -3.05324e-13 0)
(1.5 -3.09723e-13 0)
(1.5 -3.20236e-13 0)
(1.5 -3.38654e-13 0)
(1.5 -1.89747e-13 0)
(1.5 -1.87446e-13 0)
(1.5 -1.88167e-13 0)
(1.5 -1.70798e-13 0)
(1.5 -1.9098e-13 0)
(1.5 -9.97124e-14 0)
(1.5 -1.17573e-13 0)
(1.5 -7.32573e-14 0)
(1.5 1.55224e-14 0)
(1.5 5.52553e-14 0)
(1.5 1.10919e-13 0)
(1.5 1.08932e-13 0)
(1.5 5.58659e-14 0)
(1.5 -3.04659e-14 0)
(1.5 -9.53872e-14 0)
(1.5 -1.87803e-13 0)
(1.5 -8.8716e-14 0)
(1.5 -5.6388e-14 0)
(1.5 -9.01926e-14 0)
(1.5 -1.36488e-13 0)
(1.5 -1.66956e-13 0)
(1.5 -1.42109e-13 0)
(1.5 -1.1202e-13 0)
(1.5 -6.40901e-14 0)
(1.5 -2.25078e-15 0)
(1.5 4.22539e-14 0)
(1.5 9.18511e-14 0)
(1.5 1.76029e-13 0)
(1.5 2.51241e-13 0)
(1.5 2.7226e-13 0)
(1.5 2.41772e-13 0)
(1.5 1.91311e-13 0)
(1.5 1.23299e-13 0)
(1.5 5.08648e-14 0)
(1.5 5.45862e-14 0)
(1.5 1.56432e-13 0)
(1.5 3.2516e-13 0)
(1.5 3.85891e-13 0)
(1.5 3.87847e-13 0)
(1.5 3.4591e-13 0)
(1.5 2.35249e-13 0)
(1.5 2.70098e-13 0)
(1.5 2.32733e-13 0)
(1.5 3.05425e-13 0)
(1.5 3.4657e-13 0)
(1.5 4.67676e-13 0)
(1.5 4.59003e-13 0)
(1.5 4.68201e-13 0)
(1.5 4.07384e-13 0)
(1.5 3.87796e-13 0)
(1.5 3.93167e-13 0)
(1.5 4.24391e-13 0)
(1.5 4.51686e-13 0)
(1.5 5.30361e-13 0)
(1.5 5.77519e-13 0)
(1.5 6.25037e-13 0)
(1.5 6.56969e-13 0)
(1.5 6.68023e-13 0)
(1.5 5.91869e-13 0)
(1.5 5.32253e-13 0)
(1.5 4.78269e-13 0)
(1.5 4.70179e-13 0)
(1.5 3.08877e-13 0)
(1.5 2.43245e-13 0)
(1.5 2.22826e-13 0)
(1.5 4.32038e-13 0)
(1.5 6.36764e-13 0)
(1.5 6.92324e-13 0)
(1.5 7.67168e-13 0)
(1.5 9.38486e-13 0)
(1.5 9.46941e-13 0)
(1.5 8.44389e-13 0)
(1.5 6.95299e-13 0)
(1.5 -8.28988e-15 0)
(1.5 -8.35816e-14 0)
(1.5 -1.03858e-13 0)
(1.5 -1.59674e-13 0)
(1.5 -1.42625e-13 0)
(1.5 -4.23591e-14 0)
(1.5 4.96153e-14 0)
(1.5 1.066e-13 0)
(1.5 2.09628e-13 0)
(1.5 2.5451e-13 0)
(1.5 2.59262e-13 0)
(1.5 1.70752e-13 0)
(1.5 1.41843e-13 0)
(1.5 1.31943e-13 0)
(1.5 1.23925e-13 0)
(1.5 1.31918e-13 0)
(1.5 1.18221e-13 0)
(1.5 3.42032e-14 0)
(1.5 6.54707e-14 0)
(1.5 1.05538e-13 0)
(1.5 5.56495e-14 0)
(1.5 7.5068e-14 0)
(1.5 1.0099e-13 0)
(1.5 1.86003e-13 0)
(1.5 2.14281e-13 0)
(1.5 2.25333e-13 0)
(1.5 2.7629e-13 0)
(1.5 3.55407e-13 0)
(1.5 3.9771e-13 0)
(1.5 2.94252e-13 0)
(1.5 2.6449e-13 0)
(1.5 2.65141e-13 0)
(1.5 1.84857e-13 0)
(1.5 7.75129e-14 0)
(1.5 -2.36188e-14 0)
(1.5 -8.39353e-14 0)
(1.5 -8.75074e-14 0)
(1.5 -1.05041e-13 0)
(1.5 -3.94086e-14 0)
(1.5 -1.29554e-13 0)
(1.5 -2.01538e-13 0)
(1.5 -2.20819e-13 0)
(1.5 -1.7804e-13 0)
(1.5 -1.95835e-13 0)
(1.5 -1.96571e-13 0)
(1.5 -1.59229e-13 0)
(1.5 -1.16481e-13 0)
(1.5 -9.56493e-14 0)
(1.5 -5.61772e-14 0)
(1.5 -7.60133e-14 0)
(1.5 -4.70691e-14 0)
(1.5 -7.92013e-14 0)
(1.5 -1.29178e-13 0)
(1.5 -1.17576e-13 0)
(1.5 -7.82337e-14 0)
(1.5 -9.9249e-14 0)
(1.5 -1.23166e-13 0)
(1.5 -7.12838e-14 0)
(1.5 -1.66416e-14 0)
(1.5 -1.85291e-14 0)
(1.5 -3.13509e-15 0)
(1.5 1.6793e-14 0)
(1.5 2.62865e-14 0)
(1.5 9.35691e-15 0)
(1.5 3.95418e-14 0)
(1.5 5.90026e-14 0)
(1.5 2.96721e-14 0)
(1.5 2.58364e-14 0)
(1.5 -2.13032e-14 0)
(1.5 3.40957e-14 0)
(1.5 2.3356e-14 0)
(1.5 8.89747e-14 0)
(1.5 9.29694e-14 0)
(1.5 1.24034e-13 0)
(1.5 1.25918e-13 0)
(1.5 1.95226e-13 0)
(1.5 2.36039e-13 0)
(1.5 2.95914e-13 0)
(1.5 3.38339e-13 0)
(1.5 3.18862e-13 0)
(1.5 3.16688e-13 0)
(1.5 2.58136e-13 0)
(1.5 2.94919e-13 0)
(1.5 2.6777e-13 0)
(1.5 2.3607e-13 0)
(1.5 2.99229e-13 0)
(1.5 3.42116e-13 0)
(1.5 3.07816e-13 0)
(1.5 3.06025e-13 0)
(1.5 3.84412e-13 0)
(1.5 3.1047e-13 0)
(1.5 3.61693e-13 0)
(1.5 3.74125e-13 0)
(1.5 3.96617e-13 0)
(1.5 3.73527e-13 0)
(1.5 3.76603e-13 0)
(1.5 3.95167e-13 0)
(1.5 3.67324e-13 0)
(1.5 3.30196e-13 0)
(1.5 3.87468e-13 0)
(1.5 3.59593e-13 0)
(1.5 3.2749e-13 0)
(1.5 2.39493e-13 0)
(1.5 2.04516e-13 0)
(1.5 2.90957e-13 0)
(1.5 3.26394e-13 0)
(1.5 3.07174e-13 0)
(1.5 2.80246e-13 0)
(1.5 2.03045e-13 0)
(1.5 1.64973e-13 0)
(1.5 5.28139e-14 0)
(1.5 -6.31732e-15 0)
(1.5 -3.36766e-14 0)
(1.5 -8.53152e-14 0)
(1.5 -1.08867e-13 0)
(1.5 -2.15326e-13 0)
(1.5 -3.36598e-13 0)
(1.5 -2.90685e-13 0)
(1.5 -2.43116e-13 0)
(1.5 -2.66394e-13 0)
(1.5 -2.30114e-13 0)
(1.5 -3.07239e-13 0)
(1.5 -2.83791e-13 0)
(1.5 -2.86954e-13 0)
(1.5 -2.72638e-13 0)
(1.5 -3.10659e-13 0)
(1.5 -3.65893e-13 0)
(1.5 -2.82181e-13 0)
(1.5 -2.52365e-13 0)
(1.5 -2.06603e-13 0)
(1.5 -1.68437e-13 0)
(1.5 -2.02756e-13 0)
(1.5 -1.2056e-13 0)
(1.5 -1.08545e-13 0)
(1.5 -9.97907e-14 0)
(1.5 -1.13128e-14 0)
(1.5 4.06955e-14 0)
(1.5 1.29552e-13 0)
(1.5 1.09115e-13 0)
(1.5 1.08511e-13 0)
(1.5 6.56508e-14 0)
(1.5 -1.28862e-13 0)
(1.5 -3.43692e-13 0)
(1.5 -2.7558e-13 0)
(1.5 -2.273e-13 0)
(1.5 -2.09287e-13 0)
(1.5 -1.65046e-13 0)
(1.5 -3.13897e-13 0)
(1.5 -3.33984e-13 0)
(1.5 -2.49871e-13 0)
(1.5 -2.33487e-13 0)
(1.5 -1.28578e-13 0)
(1.5 5.41011e-14 0)
(1.5 1.51488e-13 0)
(1.5 2.59431e-13 0)
(1.5 3.50767e-13 0)
(1.5 3.83623e-13 0)
(1.5 3.09373e-13 0)
(1.5 1.70205e-13 0)
(1.5 8.87629e-14 0)
(1.5 3.30115e-14 0)
(1.5 1.10167e-13 0)
(1.5 2.38817e-13 0)
(1.5 3.28565e-13 0)
(1.5 4.15749e-13 0)
(1.5 4.14495e-13 0)
(1.5 3.9074e-13 0)
(1.5 4.20222e-13 0)
(1.5 4.12071e-13 0)
(1.5 3.75256e-13 0)
(1.5 3.44246e-13 0)
(1.5 2.84869e-13 0)
(1.5 3.54167e-13 0)
(1.5 3.28926e-13 0)
(1.5 4.03579e-13 0)
(1.5 3.7882e-13 0)
(1.5 3.75308e-13 0)
(1.5 4.1599e-13 0)
(1.5 4.65446e-13 0)
(1.5 4.77671e-13 0)
(1.5 5.51283e-13 0)
(1.5 5.6901e-13 0)
(1.5 6.34008e-13 0)
(1.5 7.15221e-13 0)
(1.5 7.71946e-13 0)
(1.5 7.04978e-13 0)
(1.5 6.03092e-13 0)
(1.5 5.09619e-13 0)
(1.5 4.81582e-13 0)
(1.5 4.06728e-13 0)
(1.5 4.60674e-13 0)
(1.5 4.11197e-13 0)
(1.5 4.72984e-13 0)
(1.5 6.39009e-13 0)
(1.5 7.05477e-13 0)
(1.5 7.87743e-13 0)
(1.5 7.76043e-13 0)
(1.5 8.29589e-13 0)
(1.5 7.92708e-13 0)
(1.5 7.25432e-13 0)
(1.5 2.13243e-14 0)
(1.5 -8.08167e-14 0)
(1.5 -1.35409e-13 0)
(1.5 -2.04699e-13 0)
(1.5 -2.08313e-13 0)
(1.5 -8.28447e-14 0)
(1.5 5.94178e-14 0)
(1.5 1.16371e-13 0)
(1.5 1.13803e-13 0)
(1.5 1.80496e-13 0)
(1.5 2.57848e-13 0)
(1.5 1.75542e-13 0)
(1.5 1.45833e-13 0)
(1.5 1.89968e-13 0)
(1.5 2.01013e-13 0)
(1.5 2.20655e-13 0)
(1.5 2.39798e-13 0)
(1.5 2.12591e-13 0)
(1.5 1.90532e-13 0)
(1.5 1.17025e-13 0)
(1.5 5.88737e-14 0)
(1.5 5.0331e-14 0)
(1.5 8.22843e-14 0)
(1.5 1.48433e-13 0)
(1.5 1.72201e-13 0)
(1.5 1.8169e-13 0)
(1.5 2.04817e-13 0)
(1.5 2.25967e-13 0)
(1.5 3.03613e-13 0)
(1.5 2.66851e-13 0)
(1.5 2.63251e-13 0)
(1.5 2.35932e-13 0)
(1.5 1.75832e-13 0)
(1.5 7.67156e-14 0)
(1.5 7.03577e-14 0)
(1.5 4.38468e-14 0)
(1.5 7.67861e-14 0)
(1.5 1.15708e-14 0)
(1.5 2.47694e-14 0)
(1.5 -4.52497e-14 0)
(1.5 -1.22952e-13 0)
(1.5 -1.62745e-13 0)
(1.5 -1.29697e-13 0)
(1.5 -1.59456e-13 0)
(1.5 -2.30976e-13 0)
(1.5 -1.80162e-13 0)
(1.5 -1.64771e-13 0)
(1.5 -9.21412e-14 0)
(1.5 -2.65703e-14 0)
(1.5 -1.61701e-14 0)
(1.5 -1.33388e-14 0)
(1.5 -6.89829e-14 0)
(1.5 -5.93727e-14 0)
(1.5 -6.83613e-14 0)
(1.5 -4.14456e-14 0)
(1.5 -8.78347e-14 0)
(1.5 -1.10479e-13 0)
(1.5 -2.35261e-14 0)
(1.5 -1.56097e-14 0)
(1.5 -4.39759e-14 0)
(1.5 -6.08737e-14 0)
(1.5 -2.68442e-14 0)
(1.5 9.01504e-15 0)
(1.5 4.62215e-14 0)
(1.5 1.23307e-13 0)
(1.5 1.43323e-13 0)
(1.5 7.35406e-14 0)
(1.5 1.47053e-14 0)
(1.5 -3.08853e-14 0)
(1.5 3.38825e-14 0)
(1.5 8.90911e-14 0)
(1.5 1.34227e-13 0)
(1.5 9.76265e-14 0)
(1.5 1.60219e-13 0)
(1.5 2.17025e-13 0)
(1.5 2.49103e-13 0)
(1.5 3.6865e-13 0)
(1.5 3.45026e-13 0)
(1.5 3.47457e-13 0)
(1.5 3.9202e-13 0)
(1.5 4.25251e-13 0)
(1.5 3.64908e-13 0)
(1.5 3.30959e-13 0)
(1.5 3.07915e-13 0)
(1.5 3.40139e-13 0)
(1.5 4.51366e-13 0)
(1.5 4.85358e-13 0)
(1.5 4.26121e-13 0)
(1.5 3.95776e-13 0)
(1.5 4.16721e-13 0)
(1.5 3.08006e-13 0)
(1.5 1.96448e-13 0)
(1.5 1.73796e-13 0)
(1.5 1.51616e-13 0)
(1.5 1.23874e-13 0)
(1.5 1.16735e-13 0)
(1.5 2.00501e-13 0)
(1.5 2.21725e-13 0)
(1.5 2.9734e-13 0)
(1.5 4.11161e-13 0)
(1.5 4.02251e-13 0)
(1.5 2.94409e-13 0)
(1.5 1.98731e-13 0)
(1.5 2.17031e-13 0)
(1.5 3.11579e-13 0)
(1.5 4.18443e-13 0)
(1.5 3.62964e-13 0)
(1.5 2.46476e-13 0)
(1.5 1.82148e-13 0)
(1.5 1.22935e-13 0)
(1.5 7.26555e-14 0)
(1.5 6.53672e-15 0)
(1.5 -1.04487e-13 0)
(1.5 -1.53101e-13 0)
(1.5 -1.26192e-13 0)
(1.5 -1.70426e-13 0)
(1.5 -2.08527e-13 0)
(1.5 -1.89991e-13 0)
(1.5 -2.30305e-13 0)
(1.5 -3.19448e-13 0)
(1.5 -3.12815e-13 0)
(1.5 -3.19249e-13 0)
(1.5 -3.90972e-13 0)
(1.5 -3.52466e-13 0)
(1.5 -3.19638e-13 0)
(1.5 -3.51514e-13 0)
(1.5 -3.82141e-13 0)
(1.5 -4.50874e-13 0)
(1.5 -3.88082e-13 0)
(1.5 -3.0098e-13 0)
(1.5 -2.32366e-13 0)
(1.5 -2.37428e-13 0)
(1.5 -1.36662e-13 0)
(1.5 -3.17101e-14 0)
(1.5 -7.71128e-14 0)
(1.5 -1.17827e-13 0)
(1.5 -1.45728e-13 0)
(1.5 -1.48283e-14 0)
(1.5 1.77782e-14 0)
(1.5 4.41232e-14 0)
(1.5 -6.88291e-15 0)
(1.5 -1.70173e-13 0)
(1.5 -3.973e-13 0)
(1.5 -4.10588e-13 0)
(1.5 -3.35373e-13 0)
(1.5 -2.10965e-13 0)
(1.5 -1.67103e-13 0)
(1.5 -3.17847e-13 0)
(1.5 -3.49306e-13 0)
(1.5 -3.39078e-13 0)
(1.5 -3.51061e-13 0)
(1.5 -2.61116e-13 0)
(1.5 3.18867e-14 0)
(1.5 1.65654e-13 0)
(1.5 2.00639e-13 0)
(1.5 1.67538e-13 0)
(1.5 1.08551e-13 0)
(1.5 8.6351e-14 0)
(1.5 -7.70392e-14 0)
(1.5 -1.00922e-13 0)
(1.5 -3.35432e-14 0)
(1.5 -1.31548e-14 0)
(1.5 9.82965e-14 0)
(1.5 1.78526e-13 0)
(1.5 2.70977e-13 0)
(1.5 3.56697e-13 0)
(1.5 4.14553e-13 0)
(1.5 5.49861e-13 0)
(1.5 5.72109e-13 0)
(1.5 5.24275e-13 0)
(1.5 3.86911e-13 0)
(1.5 2.46123e-13 0)
(1.5 1.96256e-13 0)
(1.5 1.95043e-13 0)
(1.5 1.9363e-13 0)
(1.5 2.03236e-13 0)
(1.5 1.91289e-13 0)
(1.5 3.113e-13 0)
(1.5 3.90968e-13 0)
(1.5 3.90676e-13 0)
(1.5 3.92685e-13 0)
(1.5 4.25411e-13 0)
(1.5 5.47799e-13 0)
(1.5 6.50688e-13 0)
(1.5 6.79318e-13 0)
(1.5 6.69245e-13 0)
(1.5 5.8828e-13 0)
(1.5 5.33247e-13 0)
(1.5 5.07162e-13 0)
(1.5 5.22692e-13 0)
(1.5 5.51595e-13 0)
(1.5 5.14116e-13 0)
(1.5 5.98231e-13 0)
(1.5 5.82518e-13 0)
(1.5 6.17241e-13 0)
(1.5 6.41185e-13 0)
(1.5 5.70708e-13 0)
(1.5 6.66879e-13 0)
(1.5 7.0626e-13 0)
(1.5 7.10142e-13 0)
(1.5 -2.95744e-14 0)
(1.5 -6.70364e-14 0)
(1.5 -1.32269e-13 0)
(1.5 -2.47017e-13 0)
(1.5 -2.60415e-13 0)
(1.5 -2.08787e-13 0)
(1.5 -1.11354e-13 0)
(1.5 -3.8454e-14 0)
(1.5 1.6243e-16 0)
(1.5 1.09025e-13 0)
(1.5 1.78768e-13 0)
(1.5 1.77835e-13 0)
(1.5 1.7836e-13 0)
(1.5 2.22396e-13 0)
(1.5 2.27033e-13 0)
(1.5 2.65132e-13 0)
(1.5 3.19643e-13 0)
(1.5 2.70097e-13 0)
(1.5 1.81509e-13 0)
(1.5 6.74394e-14 0)
(1.5 5.6819e-14 0)
(1.5 4.06265e-14 0)
(1.5 6.39828e-14 0)
(1.5 1.19649e-13 0)
(1.5 1.52633e-13 0)
(1.5 1.53049e-13 0)
(1.5 1.72175e-13 0)
(1.5 1.21873e-13 0)
(1.5 1.2467e-13 0)
(1.5 1.9355e-13 0)
(1.5 2.03803e-13 0)
(1.5 2.5019e-13 0)
(1.5 2.35636e-13 0)
(1.5 1.70828e-13 0)
(1.5 1.2467e-13 0)
(1.5 5.63681e-14 0)
(1.5 6.35795e-14 0)
(1.5 -8.57957e-15 0)
(1.5 -1.81379e-14 0)
(1.5 -1.35858e-14 0)
(1.5 -4.4291e-14 0)
(1.5 -9.33807e-14 0)
(1.5 -1.05461e-13 0)
(1.5 -1.37888e-13 0)
(1.5 -2.04053e-13 0)
(1.5 -1.96805e-13 0)
(1.5 -1.52801e-13 0)
(1.5 -6.48379e-14 0)
(1.5 -4.22405e-14 0)
(1.5 -1.41608e-14 0)
(1.5 -1.94225e-14 0)
(1.5 -2.3989e-14 0)
(1.5 2.86644e-14 0)
(1.5 1.51789e-14 0)
(1.5 1.38299e-14 0)
(1.5 -4.36628e-14 0)
(1.5 -4.13766e-14 0)
(1.5 -2.82098e-14 0)
(1.5 -1.42606e-14 0)
(1.5 -9.39218e-15 0)
(1.5 -4.27586e-15 0)
(1.5 7.71216e-14 0)
(1.5 8.49615e-14 0)
(1.5 1.10576e-13 0)
(1.5 1.44161e-13 0)
(1.5 1.31639e-13 0)
(1.5 8.69756e-14 0)
(1.5 6.00277e-14 0)
(1.5 8.66886e-14 0)
(1.5 5.24201e-14 0)
(1.5 5.1906e-14 0)
(1.5 2.50088e-14 0)
(1.5 2.27366e-14 0)
(1.5 7.93543e-14 0)
(1.5 1.71802e-13 0)
(1.5 2.4677e-13 0)
(1.5 3.50106e-13 0)
(1.5 3.77697e-13 0)
(1.5 4.04325e-13 0)
(1.5 4.28058e-13 0)
(1.5 3.95721e-13 0)
(1.5 3.63787e-13 0)
(1.5 2.92397e-13 0)
(1.5 3.16579e-13 0)
(1.5 4.09525e-13 0)
(1.5 4.68106e-13 0)
(1.5 4.98483e-13 0)
(1.5 4.39855e-13 0)
(1.5 4.19156e-13 0)
(1.5 3.57486e-13 0)
(1.5 2.84864e-13 0)
(1.5 1.02175e-13 0)
(1.5 -2.65256e-14 0)
(1.5 -1.23484e-14 0)
(1.5 7.23557e-14 0)
(1.5 1.50855e-13 0)
(1.5 2.99485e-13 0)
(1.5 3.06145e-13 0)
(1.5 2.97626e-13 0)
(1.5 3.40294e-13 0)
(1.5 4.13782e-13 0)
(1.5 3.63192e-13 0)
(1.5 2.87355e-13 0)
(1.5 3.06197e-13 0)
(1.5 3.95351e-13 0)
(1.5 4.07552e-13 0)
(1.5 3.34343e-13 0)
(1.5 2.00667e-13 0)
(1.5 1.88734e-13 0)
(1.5 8.72507e-14 0)
(1.5 2.60936e-14 0)
(1.5 1.60695e-14 0)
(1.5 -9.79831e-14 0)
(1.5 -1.90394e-13 0)
(1.5 -2.11005e-13 0)
(1.5 -1.22915e-13 0)
(1.5 -4.84674e-14 0)
(1.5 -2.20698e-14 0)
(1.5 -8.36773e-14 0)
(1.5 -1.72212e-13 0)
(1.5 -1.67938e-13 0)
(1.5 -1.3264e-13 0)
(1.5 -2.30831e-13 0)
(1.5 -2.74755e-13 0)
(1.5 -3.02128e-13 0)
(1.5 -3.65419e-13 0)
(1.5 -3.71785e-13 0)
(1.5 -4.44292e-13 0)
(1.5 -4.47885e-13 0)
(1.5 -4.4701e-13 0)
(1.5 -3.78939e-13 0)
(1.5 -2.65176e-13 0)
(1.5 -1.49428e-13 0)
(1.5 -9.53556e-14 0)
(1.5 -1.94321e-13 0)
(1.5 -3.57897e-13 0)
(1.5 -4.0621e-13 0)
(1.5 -2.31895e-13 0)
(1.5 -1.1394e-13 0)
(1.5 -1.00697e-13 0)
(1.5 -2.18687e-13 0)
(1.5 -3.4321e-13 0)
(1.5 -4.75042e-13 0)
(1.5 -5.27289e-13 0)
(1.5 -4.10151e-13 0)
(1.5 -3.41519e-13 0)
(1.5 -3.93317e-13 0)
(1.5 -4.88623e-13 0)
(1.5 -3.98821e-13 0)
(1.5 -3.66263e-13 0)
(1.5 -3.86759e-13 0)
(1.5 -3.61586e-13 0)
(1.5 -1.70615e-13 0)
(1.5 -7.31154e-14 0)
(1.5 -1.71901e-14 0)
(1.5 -6.29951e-14 0)
(1.5 -1.7827e-13 0)
(1.5 -2.57466e-13 0)
(1.5 -2.94968e-13 0)
(1.5 -2.02702e-13 0)
(1.5 -1.16648e-13 0)
(1.5 -1.59301e-13 0)
(1.5 -6.50737e-14 0)
(1.5 6.00614e-14 0)
(1.5 1.019e-13 0)
(1.5 2.70399e-13 0)
(1.5 4.13863e-13 0)
(1.5 6.23377e-13 0)
(1.5 6.90562e-13 0)
(1.5 6.45774e-13 0)
(1.5 4.22314e-13 0)
(1.5 2.16533e-13 0)
(1.5 6.62595e-14 0)
(1.5 7.89005e-15 0)
(1.5 -2.64549e-14 0)
(1.5 1.492e-14 0)
(1.5 1.34754e-14 0)
(1.5 8.43136e-14 0)
(1.5 2.32169e-13 0)
(1.5 3.37271e-13 0)
(1.5 3.03212e-13 0)
(1.5 3.44055e-13 0)
(1.5 4.13244e-13 0)
(1.5 4.15824e-13 0)
(1.5 4.71468e-13 0)
(1.5 4.99495e-13 0)
(1.5 4.77789e-13 0)
(1.5 4.68395e-13 0)
(1.5 4.89538e-13 0)
(1.5 5.52106e-13 0)
(1.5 4.95572e-13 0)
(1.5 4.95505e-13 0)
(1.5 6.04656e-13 0)
(1.5 5.23351e-13 0)
(1.5 5.22665e-13 0)
(1.5 4.32657e-13 0)
(1.5 4.56573e-13 0)
(1.5 5.05022e-13 0)
(1.5 6.08148e-13 0)
(1.5 6.50242e-13 0)
(1.5 -6.99992e-14 0)
(1.5 -9.07006e-14 0)
(1.5 -1.91331e-13 0)
(1.5 -2.79992e-13 0)
(1.5 -2.83568e-13 0)
(1.5 -2.56979e-13 0)
(1.5 -1.71209e-13 0)
(1.5 -1.03819e-13 0)
(1.5 1.4544e-14 0)
(1.5 5.80723e-14 0)
(1.5 9.6249e-14 0)
(1.5 1.48887e-13 0)
(1.5 1.52633e-13 0)
(1.5 1.70508e-13 0)
(1.5 1.95621e-13 0)
(1.5 3.26598e-13 0)
(1.5 3.4766e-13 0)
(1.5 2.70906e-13 0)
(1.5 1.15208e-13 0)
(1.5 5.50548e-14 0)
(1.5 3.30235e-14 0)
(1.5 5.08312e-14 0)
(1.5 -1.25051e-14 0)
(1.5 1.71455e-14 0)
(1.5 8.94104e-14 0)
(1.5 8.76077e-14 0)
(1.5 1.33257e-13 0)
(1.5 1.19323e-13 0)
(1.5 1.04372e-13 0)
(1.5 1.48993e-13 0)
(1.5 1.67201e-13 0)
(1.5 2.11353e-13 0)
(1.5 1.95362e-13 0)
(1.5 1.72332e-13 0)
(1.5 1.03362e-13 0)
(1.5 -4.7253e-15 0)
(1.5 -3.30876e-14 0)
(1.5 -8.60844e-14 0)
(1.5 -7.14195e-14 0)
(1.5 1.05483e-14 0)
(1.5 -3.97465e-14 0)
(1.5 -1.41669e-13 0)
(1.5 -1.2542e-13 0)
(1.5 -1.96382e-13 0)
(1.5 -2.18381e-13 0)
(1.5 -2.47193e-13 0)
(1.5 -1.48104e-13 0)
(1.5 -1.30144e-13 0)
(1.5 -1.30486e-13 0)
(1.5 -6.29252e-14 0)
(1.5 -9.11281e-14 0)
(1.5 -4.92053e-15 0)
(1.5 -4.91514e-15 0)
(1.5 -7.70517e-15 0)
(1.5 -1.09802e-13 0)
(1.5 -1.58771e-13 0)
(1.5 -9.77384e-14 0)
(1.5 -1.03595e-13 0)
(1.5 -1.11679e-13 0)
(1.5 -9.02961e-14 0)
(1.5 -1.67398e-14 0)
(1.5 9.47936e-14 0)
(1.5 8.40692e-14 0)
(1.5 4.79262e-14 0)
(1.5 3.59375e-14 0)
(1.5 4.78535e-14 0)
(1.5 6.21179e-14 0)
(1.5 6.34456e-14 0)
(1.5 7.41085e-14 0)
(1.5 2.48752e-14 0)
(1.5 3.50625e-14 0)
(1.5 3.9868e-14 0)
(1.5 6.6658e-14 0)
(1.5 6.74647e-14 0)
(1.5 1.38089e-13 0)
(1.5 2.46164e-13 0)
(1.5 2.90123e-13 0)
(1.5 3.39753e-13 0)
(1.5 3.23007e-13 0)
(1.5 3.37974e-13 0)
(1.5 3.42863e-13 0)
(1.5 3.66262e-13 0)
(1.5 3.59406e-13 0)
(1.5 3.69945e-13 0)
(1.5 4.43759e-13 0)
(1.5 4.76831e-13 0)
(1.5 4.40172e-13 0)
(1.5 3.59872e-13 0)
(1.5 3.63745e-13 0)
(1.5 3.44634e-13 0)
(1.5 2.69006e-13 0)
(1.5 1.20265e-13 0)
(1.5 1.04204e-14 0)
(1.5 8.72166e-14 0)
(1.5 2.40882e-13 0)
(1.5 3.87197e-13 0)
(1.5 4.81091e-13 0)
(1.5 4.28185e-13 0)
(1.5 4.02578e-13 0)
(1.5 3.95457e-13 0)
(1.5 4.4307e-13 0)
(1.5 3.90403e-13 0)
(1.5 3.0771e-13 0)
(1.5 3.69837e-13 0)
(1.5 3.95132e-13 0)
(1.5 3.15543e-13 0)
(1.5 3.18397e-13 0)
(1.5 2.02966e-13 0)
(1.5 1.1593e-13 0)
(1.5 -1.69204e-14 0)
(1.5 -9.47128e-14 0)
(1.5 -6.53896e-14 0)
(1.5 -6.34343e-14 0)
(1.5 -9.23297e-14 0)
(1.5 -1.59753e-13 0)
(1.5 -1.23678e-13 0)
(1.5 7.00653e-15 0)
(1.5 3.41752e-14 0)
(1.5 -4.81363e-15 0)
(1.5 -7.40404e-14 0)
(1.5 -1.02022e-13 0)
(1.5 -4.27299e-14 0)
(1.5 -1.13877e-13 0)
(1.5 -1.80941e-13 0)
(1.5 -2.04674e-13 0)
(1.5 -2.32823e-13 0)
(1.5 -2.87591e-13 0)
(1.5 -3.33436e-13 0)
(1.5 -3.14053e-13 0)
(1.5 -3.46337e-13 0)
(1.5 -4.46695e-13 0)
(1.5 -3.4457e-13 0)
(1.5 -2.01555e-13 0)
(1.5 -2.25361e-13 0)
(1.5 -3.101e-13 0)
(1.5 -3.99386e-13 0)
(1.5 -4.19968e-13 0)
(1.5 -4.13524e-13 0)
(1.5 -3.48079e-13 0)
(1.5 -3.80228e-13 0)
(1.5 -4.77582e-13 0)
(1.5 -5.39594e-13 0)
(1.5 -6.0932e-13 0)
(1.5 -6.37834e-13 0)
(1.5 -5.65278e-13 0)
(1.5 -6.00837e-13 0)
(1.5 -5.94929e-13 0)
(1.5 -5.76567e-13 0)
(1.5 -4.96318e-13 0)
(1.5 -4.52215e-13 0)
(1.5 -4.99684e-13 0)
(1.5 -4.86813e-13 0)
(1.5 -4.89497e-13 0)
(1.5 -4.29735e-13 0)
(1.5 -2.7549e-13 0)
(1.5 -2.09122e-13 0)
(1.5 -2.39108e-13 0)
(1.5 -3.69219e-13 0)
(1.5 -3.62337e-13 0)
(1.5 -2.56461e-13 0)
(1.5 -2.17285e-13 0)
(1.5 -1.73729e-13 0)
(1.5 -8.57714e-14 0)
(1.5 -1.67451e-14 0)
(1.5 8.33255e-14 0)
(1.5 1.78391e-13 0)
(1.5 3.38437e-13 0)
(1.5 5.09945e-13 0)
(1.5 5.1735e-13 0)
(1.5 5.1803e-13 0)
(1.5 3.13303e-13 0)
(1.5 1.22214e-13 0)
(1.5 -1.03764e-14 0)
(1.5 -8.61807e-14 0)
(1.5 -7.21039e-14 0)
(1.5 -9.30708e-14 0)
(1.5 -9.36272e-14 0)
(1.5 -3.06219e-14 0)
(1.5 6.34856e-14 0)
(1.5 1.37072e-13 0)
(1.5 1.77497e-13 0)
(1.5 2.61796e-13 0)
(1.5 3.41826e-13 0)
(1.5 3.56836e-13 0)
(1.5 3.42916e-13 0)
(1.5 2.78932e-13 0)
(1.5 2.01153e-13 0)
(1.5 1.47823e-13 0)
(1.5 1.78043e-13 0)
(1.5 2.65933e-13 0)
(1.5 2.82119e-13 0)
(1.5 3.41311e-13 0)
(1.5 4.61459e-13 0)
(1.5 5.02426e-13 0)
(1.5 4.62545e-13 0)
(1.5 2.84855e-13 0)
(1.5 3.10945e-13 0)
(1.5 4.31364e-13 0)
(1.5 5.11176e-13 0)
(1.5 5.11715e-13 0)
(1.5 -5.75366e-14 0)
(1.5 -1.43313e-13 0)
(1.5 -1.81268e-13 0)
(1.5 -1.45582e-13 0)
(1.5 -1.70187e-13 0)
(1.5 -1.69019e-13 0)
(1.5 -1.11926e-13 0)
(1.5 -2.99702e-14 0)
(1.5 1.83381e-14 0)
(1.5 -3.81245e-14 0)
(1.5 -5.45508e-14 0)
(1.5 -5.19179e-15 0)
(1.5 3.69323e-14 0)
(1.5 1.00786e-13 0)
(1.5 2.28031e-13 0)
(1.5 3.37945e-13 0)
(1.5 2.85368e-13 0)
(1.5 2.59521e-13 0)
(1.5 1.64229e-13 0)
(1.5 9.82164e-14 0)
(1.5 3.36257e-14 0)
(1.5 1.23717e-14 0)
(1.5 -3.2867e-14 0)
(1.5 -1.58159e-14 0)
(1.5 2.60309e-14 0)
(1.5 8.57748e-14 0)
(1.5 9.01151e-14 0)
(1.5 1.18656e-13 0)
(1.5 1.36134e-13 0)
(1.5 1.59767e-13 0)
(1.5 1.64274e-13 0)
(1.5 1.49027e-13 0)
(1.5 1.52191e-13 0)
(1.5 1.63302e-13 0)
(1.5 9.243e-14 0)
(1.5 -1.4271e-14 0)
(1.5 -3.36877e-14 0)
(1.5 -6.275e-14 0)
(1.5 -8.17577e-14 0)
(1.5 -4.16474e-14 0)
(1.5 -1.28766e-13 0)
(1.5 -1.75176e-13 0)
(1.5 -2.03187e-13 0)
(1.5 -2.39937e-13 0)
(1.5 -2.01108e-13 0)
(1.5 -1.76474e-13 0)
(1.5 -1.08184e-13 0)
(1.5 -1.28254e-13 0)
(1.5 -1.27604e-13 0)
(1.5 -1.23949e-13 0)
(1.5 -1.59148e-13 0)
(1.5 -9.68637e-14 0)
(1.5 -1.24593e-13 0)
(1.5 -1.24822e-13 0)
(1.5 -1.97022e-13 0)
(1.5 -2.16966e-13 0)
(1.5 -1.75781e-13 0)
(1.5 -1.4282e-13 0)
(1.5 -1.37688e-13 0)
(1.5 -1.01119e-13 0)
(1.5 -2.25961e-14 0)
(1.5 2.26572e-14 0)
(1.5 1.40758e-14 0)
(1.5 -5.00672e-14 0)
(1.5 -1.1768e-13 0)
(1.5 -5.42832e-14 0)
(1.5 2.44182e-14 0)
(1.5 3.95876e-14 0)
(1.5 -1.88205e-14 0)
(1.5 -6.90524e-14 0)
(1.5 2.91763e-14 0)
(1.5 1.09585e-13 0)
(1.5 1.47045e-13 0)
(1.5 1.29366e-13 0)
(1.5 1.54154e-13 0)
(1.5 2.19408e-13 0)
(1.5 2.35588e-13 0)
(1.5 2.78327e-13 0)
(1.5 2.44923e-13 0)
(1.5 2.85039e-13 0)
(1.5 3.37034e-13 0)
(1.5 3.93914e-13 0)
(1.5 3.98252e-13 0)
(1.5 4.01064e-13 0)
(1.5 4.45206e-13 0)
(1.5 4.52156e-13 0)
(1.5 4.1761e-13 0)
(1.5 3.51589e-13 0)
(1.5 3.36199e-13 0)
(1.5 3.48357e-13 0)
(1.5 2.65322e-13 0)
(1.5 1.73784e-13 0)
(1.5 1.8006e-13 0)
(1.5 2.29594e-13 0)
(1.5 3.41625e-13 0)
(1.5 4.27266e-13 0)
(1.5 4.49145e-13 0)
(1.5 4.4065e-13 0)
(1.5 4.84191e-13 0)
(1.5 4.84722e-13 0)
(1.5 4.64754e-13 0)
(1.5 3.48968e-13 0)
(1.5 3.06041e-13 0)
(1.5 2.66395e-13 0)
(1.5 2.28935e-13 0)
(1.5 2.12429e-13 0)
(1.5 2.40661e-13 0)
(1.5 1.8341e-13 0)
(1.5 2.6168e-14 0)
(1.5 -1.16404e-13 0)
(1.5 -1.9321e-13 0)
(1.5 -1.84555e-13 0)
(1.5 -5.67729e-14 0)
(1.5 -1.23767e-14 0)
(1.5 -7.27287e-14 0)
(1.5 -1.39643e-13 0)
(1.5 -6.19052e-14 0)
(1.5 -2.27557e-14 0)
(1.5 -8.13684e-14 0)
(1.5 -1.51101e-13 0)
(1.5 -2.1728e-13 0)
(1.5 -2.24541e-13 0)
(1.5 -2.4994e-13 0)
(1.5 -2.74421e-13 0)
(1.5 -2.56553e-13 0)
(1.5 -2.143e-13 0)
(1.5 -2.97272e-13 0)
(1.5 -2.61246e-13 0)
(1.5 -2.58889e-13 0)
(1.5 -2.75539e-13 0)
(1.5 -3.66182e-13 0)
(1.5 -3.54619e-13 0)
(1.5 -1.7817e-13 0)
(1.5 -1.46211e-13 0)
(1.5 -2.26061e-13 0)
(1.5 -2.94981e-13 0)
(1.5 -3.82455e-13 0)
(1.5 -4.95163e-13 0)
(1.5 -4.91814e-13 0)
(1.5 -4.82955e-13 0)
(1.5 -4.73023e-13 0)
(1.5 -4.19742e-13 0)
(1.5 -4.46195e-13 0)
(1.5 -5.61247e-13 0)
(1.5 -6.08713e-13 0)
(1.5 -6.1736e-13 0)
(1.5 -5.30014e-13 0)
(1.5 -3.54634e-13 0)
(1.5 -4.22354e-13 0)
(1.5 -4.29809e-13 0)
(1.5 -4.5115e-13 0)
(1.5 -4.4583e-13 0)
(1.5 -4.61986e-13 0)
(1.5 -4.53391e-13 0)
(1.5 -3.85408e-13 0)
(1.5 -2.68648e-13 0)
(1.5 -2.04969e-13 0)
(1.5 -2.89769e-13 0)
(1.5 -2.98564e-13 0)
(1.5 -3.07669e-13 0)
(1.5 -2.38717e-13 0)
(1.5 -7.96536e-14 0)
(1.5 4.50359e-14 0)
(1.5 1.00568e-13 0)
(1.5 1.78507e-13 0)
(1.5 2.40403e-13 0)
(1.5 4.09874e-13 0)
(1.5 5.04581e-13 0)
(1.5 4.38605e-13 0)
(1.5 4.2563e-13 0)
(1.5 3.76416e-13 0)
(1.5 2.53345e-13 0)
(1.5 1.78458e-13 0)
(1.5 4.99154e-14 0)
(1.5 -1.77273e-14 0)
(1.5 -9.81218e-14 0)
(1.5 -1.60832e-13 0)
(1.5 -4.46537e-14 0)
(1.5 -3.01051e-14 0)
(1.5 2.80034e-14 0)
(1.5 1.40835e-13 0)
(1.5 2.32951e-13 0)
(1.5 3.0247e-13 0)
(1.5 3.02446e-13 0)
(1.5 1.7447e-13 0)
(1.5 7.83063e-14 0)
(1.5 2.22222e-14 0)
(1.5 -1.9789e-14 0)
(1.5 -5.1782e-14 0)
(1.5 -4.61943e-15 0)
(1.5 8.28728e-14 0)
(1.5 1.82982e-13 0)
(1.5 3.07712e-13 0)
(1.5 3.62051e-13 0)
(1.5 2.7673e-13 0)
(1.5 1.26175e-13 0)
(1.5 1.23276e-13 0)
(1.5 3.20868e-13 0)
(1.5 3.48131e-13 0)
(1.5 3.69574e-13 0)
(1.5 -8.325e-15 0)
(1.5 -1.03782e-13 0)
(1.5 -9.43782e-14 0)
(1.5 -5.60106e-14 0)
(1.5 -5.21752e-14 0)
(1.5 -3.0105e-14 0)
(1.5 -2.87804e-14 0)
(1.5 1.51292e-14 0)
(1.5 1.12957e-14 0)
(1.5 2.15086e-14 0)
(1.5 -1.90485e-14 0)
(1.5 3.13206e-14 0)
(1.5 4.74688e-14 0)
(1.5 7.91208e-14 0)
(1.5 1.87114e-13 0)
(1.5 1.99901e-13 0)
(1.5 1.74626e-13 0)
(1.5 1.90968e-13 0)
(1.5 1.72612e-13 0)
(1.5 1.1334e-13 0)
(1.5 2.84143e-14 0)
(1.5 -1.25754e-14 0)
(1.5 2.71912e-14 0)
(1.5 -7.12706e-15 0)
(1.5 8.9172e-15 0)
(1.5 1.45628e-14 0)
(1.5 -1.24025e-15 0)
(1.5 5.13841e-14 0)
(1.5 5.59514e-14 0)
(1.5 6.41743e-14 0)
(1.5 8.98528e-14 0)
(1.5 8.8896e-14 0)
(1.5 1.02822e-13 0)
(1.5 9.55928e-14 0)
(1.5 8.58423e-15 0)
(1.5 6.97832e-15 0)
(1.5 -3.7876e-14 0)
(1.5 -1.01086e-13 0)
(1.5 -1.20132e-13 0)
(1.5 -1.75942e-13 0)
(1.5 -1.9278e-13 0)
(1.5 -1.57582e-13 0)
(1.5 -2.03328e-13 0)
(1.5 -1.58548e-13 0)
(1.5 -1.08531e-13 0)
(1.5 -7.67171e-14 0)
(1.5 -8.45087e-14 0)
(1.5 -4.48467e-14 0)
(1.5 -7.697e-14 0)
(1.5 -1.55232e-13 0)
(1.5 -1.53085e-13 0)
(1.5 -1.24843e-13 0)
(1.5 -1.039e-13 0)
(1.5 -1.27725e-13 0)
(1.5 -1.53654e-13 0)
(1.5 -1.40377e-13 0)
(1.5 -1.10065e-13 0)
(1.5 -1.16511e-13 0)
(1.5 -9.28904e-14 0)
(1.5 -4.54859e-15 0)
(1.5 5.44799e-14 0)
(1.5 5.52072e-14 0)
(1.5 1.05591e-14 0)
(1.5 -2.95614e-14 0)
(1.5 -9.11254e-14 0)
(1.5 -5.80678e-14 0)
(1.5 -6.17731e-14 0)
(1.5 -5.53019e-14 0)
(1.5 -6.08017e-14 0)
(1.5 -8.80306e-14 0)
(1.5 -2.72414e-14 0)
(1.5 4.04448e-14 0)
(1.5 9.69859e-14 0)
(1.5 1.49859e-13 0)
(1.5 1.12838e-13 0)
(1.5 1.90166e-13 0)
(1.5 2.51126e-13 0)
(1.5 2.72312e-13 0)
(1.5 2.81208e-13 0)
(1.5 2.7172e-13 0)
(1.5 3.14466e-13 0)
(1.5 3.72023e-13 0)
(1.5 4.25411e-13 0)
(1.5 4.63606e-13 0)
(1.5 4.74899e-13 0)
(1.5 3.84917e-13 0)
(1.5 3.25473e-13 0)
(1.5 3.74479e-13 0)
(1.5 3.81119e-13 0)
(1.5 2.73576e-13 0)
(1.5 1.85724e-13 0)
(1.5 1.19903e-13 0)
(1.5 1.30721e-13 0)
(1.5 1.41549e-13 0)
(1.5 1.91799e-13 0)
(1.5 2.22011e-13 0)
(1.5 2.8361e-13 0)
(1.5 3.64443e-13 0)
(1.5 4.37224e-13 0)
(1.5 4.83155e-13 0)
(1.5 4.14594e-13 0)
(1.5 3.40701e-13 0)
(1.5 3.12668e-13 0)
(1.5 2.3707e-13 0)
(1.5 1.80276e-13 0)
(1.5 1.72601e-13 0)
(1.5 1.29288e-13 0)
(1.5 1.65995e-13 0)
(1.5 4.91422e-14 0)
(1.5 -7.48931e-14 0)
(1.5 -1.47555e-13 0)
(1.5 -1.48786e-13 0)
(1.5 -6.33715e-14 0)
(1.5 -3.75888e-14 0)
(1.5 -1.15561e-14 0)
(1.5 1.37712e-14 0)
(1.5 3.62864e-14 0)
(1.5 7.94039e-14 0)
(1.5 -2.34089e-14 0)
(1.5 -4.61191e-14 0)
(1.5 -8.42222e-14 0)
(1.5 -1.84069e-13 0)
(1.5 -1.84505e-13 0)
(1.5 -1.75092e-13 0)
(1.5 -1.99024e-13 0)
(1.5 -2.0072e-13 0)
(1.5 -2.09154e-13 0)
(1.5 -1.57571e-13 0)
(1.5 -2.17069e-13 0)
(1.5 -2.28536e-13 0)
(1.5 -2.55362e-13 0)
(1.5 -3.00156e-13 0)
(1.5 -2.05802e-13 0)
(1.5 -1.27445e-13 0)
(1.5 -1.85097e-13 0)
(1.5 -3.03537e-13 0)
(1.5 -3.47406e-13 0)
(1.5 -4.18298e-13 0)
(1.5 -3.98353e-13 0)
(1.5 -3.4335e-13 0)
(1.5 -3.33056e-13 0)
(1.5 -2.71822e-13 0)
(1.5 -3.18018e-13 0)
(1.5 -4.58656e-13 0)
(1.5 -5.66013e-13 0)
(1.5 -5.7385e-13 0)
(1.5 -5.13305e-13 0)
(1.5 -3.41628e-13 0)
(1.5 -3.3382e-13 0)
(1.5 -2.67772e-13 0)
(1.5 -2.27517e-13 0)
(1.5 -2.07763e-13 0)
(1.5 -2.28574e-13 0)
(1.5 -2.62466e-13 0)
(1.5 -2.67742e-13 0)
(1.5 -1.53276e-13 0)
(1.5 -6.76107e-14 0)
(1.5 -9.50541e-14 0)
(1.5 -9.46583e-14 0)
(1.5 -1.2847e-13 0)
(1.5 -2.30383e-14 0)
(1.5 1.46238e-13 0)
(1.5 2.19851e-13 0)
(1.5 2.09276e-13 0)
(1.5 1.78825e-13 0)
(1.5 2.39649e-13 0)
(1.5 3.60419e-13 0)
(1.5 4.04238e-13 0)
(1.5 3.62079e-13 0)
(1.5 3.77526e-13 0)
(1.5 4.08251e-13 0)
(1.5 3.1103e-13 0)
(1.5 3.15451e-13 0)
(1.5 2.13686e-13 0)
(1.5 8.30452e-14 0)
(1.5 6.78224e-15 0)
(1.5 -2.12201e-15 0)
(1.5 1.01701e-13 0)
(1.5 1.13651e-13 0)
(1.5 1.55867e-13 0)
(1.5 2.13674e-13 0)
(1.5 2.14977e-13 0)
(1.5 3.07758e-13 0)
(1.5 2.91771e-13 0)
(1.5 1.93562e-13 0)
(1.5 6.10978e-14 0)
(1.5 3.72603e-14 0)
(1.5 1.45504e-13 0)
(1.5 5.92717e-14 0)
(1.5 4.82812e-14 0)
(1.5 4.70652e-14 0)
(1.5 1.15889e-13 0)
(1.5 2.17796e-13 0)
(1.5 2.75135e-13 0)
(1.5 2.00105e-13 0)
(1.5 1.21436e-13 0)
(1.5 9.80991e-14 0)
(1.5 2.23665e-13 0)
(1.5 2.2839e-13 0)
(1.5 2.92951e-13 0)
(1.5 5.62302e-14 0)
(1.5 3.10143e-14 0)
(1.5 1.43253e-15 0)
(1.5 4.30304e-14 0)
(1.5 9.88739e-14 0)
(1.5 9.46192e-14 0)
(1.5 6.14615e-15 0)
(1.5 -3.95819e-14 0)
(1.5 4.01161e-14 0)
(1.5 1.06013e-13 0)
(1.5 9.67816e-14 0)
(1.5 1.16979e-13 0)
(1.5 1.06503e-13 0)
(1.5 9.62114e-14 0)
(1.5 8.09749e-14 0)
(1.5 4.26909e-14 0)
(1.5 8.90066e-14 0)
(1.5 1.30859e-13 0)
(1.5 1.45528e-13 0)
(1.5 1.2574e-13 0)
(1.5 7.06873e-14 0)
(1.5 6.18928e-14 0)
(1.5 5.66804e-14 0)
(1.5 1.47669e-14 0)
(1.5 4.34858e-14 0)
(1.5 -2.6732e-15 0)
(1.5 -8.68361e-15 0)
(1.5 -1.6296e-14 0)
(1.5 -2.01388e-14 0)
(1.5 5.00085e-15 0)
(1.5 1.92091e-14 0)
(1.5 2.35038e-14 0)
(1.5 2.99348e-14 0)
(1.5 4.8096e-14 0)
(1.5 2.11913e-15 0)
(1.5 -1.04534e-14 0)
(1.5 -3.99883e-14 0)
(1.5 -6.2686e-14 0)
(1.5 -7.30271e-14 0)
(1.5 -1.59924e-13 0)
(1.5 -6.46267e-14 0)
(1.5 -1.26192e-13 0)
(1.5 -1.57848e-13 0)
(1.5 -9.05465e-14 0)
(1.5 -2.33374e-14 0)
(1.5 -5.34899e-15 0)
(1.5 -3.72475e-14 0)
(1.5 -5.89858e-14 0)
(1.5 -1.10838e-13 0)
(1.5 -1.49054e-13 0)
(1.5 -1.46178e-13 0)
(1.5 -1.32871e-13 0)
(1.5 -8.9865e-14 0)
(1.5 -1.13251e-13 0)
(1.5 -1.19513e-13 0)
(1.5 -1.06602e-13 0)
(1.5 -4.91485e-14 0)
(1.5 -4.81301e-14 0)
(1.5 -3.57085e-14 0)
(1.5 2.03683e-14 0)
(1.5 3.34658e-14 0)
(1.5 5.93956e-14 0)
(1.5 5.50532e-14 0)
(1.5 7.32631e-14 0)
(1.5 1.13153e-14 0)
(1.5 -3.03921e-14 0)
(1.5 -4.84302e-14 0)
(1.5 -4.16681e-14 0)
(1.5 1.72974e-15 0)
(1.5 1.22758e-14 0)
(1.5 -1.45532e-14 0)
(1.5 -1.58254e-14 0)
(1.5 3.71582e-14 0)
(1.5 1.17513e-13 0)
(1.5 9.74065e-14 0)
(1.5 2.18874e-13 0)
(1.5 2.6234e-13 0)
(1.5 2.31757e-13 0)
(1.5 2.95681e-13 0)
(1.5 3.04245e-13 0)
(1.5 3.8834e-13 0)
(1.5 4.19268e-13 0)
(1.5 4.61364e-13 0)
(1.5 4.89827e-13 0)
(1.5 4.75639e-13 0)
(1.5 3.98959e-13 0)
(1.5 3.17206e-13 0)
(1.5 3.96915e-13 0)
(1.5 3.77803e-13 0)
(1.5 2.43816e-13 0)
(1.5 1.33974e-13 0)
(1.5 4.89248e-14 0)
(1.5 1.4684e-14 0)
(1.5 -5.95337e-15 0)
(1.5 -2.15223e-14 0)
(1.5 3.16482e-14 0)
(1.5 1.57424e-13 0)
(1.5 3.04038e-13 0)
(1.5 3.70305e-13 0)
(1.5 3.96871e-13 0)
(1.5 3.90106e-13 0)
(1.5 3.8141e-13 0)
(1.5 3.59675e-13 0)
(1.5 3.52339e-13 0)
(1.5 2.72287e-13 0)
(1.5 1.43632e-13 0)
(1.5 2.25791e-14 0)
(1.5 2.21013e-14 0)
(1.5 3.23921e-14 0)
(1.5 3.92737e-14 0)
(1.5 2.85623e-14 0)
(1.5 2.33708e-14 0)
(1.5 -7.99015e-15 0)
(1.5 -7.16895e-14 0)
(1.5 -1.73903e-14 0)
(1.5 1.08618e-13 0)
(1.5 1.37228e-13 0)
(1.5 1.40973e-13 0)
(1.5 1.13103e-13 0)
(1.5 9.51693e-14 0)
(1.5 5.05659e-14 0)
(1.5 -5.73986e-14 0)
(1.5 -5.14301e-14 0)
(1.5 -1.88133e-14 0)
(1.5 -8.57607e-14 0)
(1.5 -1.22489e-13 0)
(1.5 -5.35738e-14 0)
(1.5 -9.43936e-14 0)
(1.5 -1.12942e-13 0)
(1.5 -1.16031e-13 0)
(1.5 -1.52489e-13 0)
(1.5 -2.34532e-13 0)
(1.5 -2.50433e-13 0)
(1.5 -1.76345e-13 0)
(1.5 -1.75899e-13 0)
(1.5 -2.43411e-13 0)
(1.5 -3.06192e-13 0)
(1.5 -3.33245e-13 0)
(1.5 -3.80099e-13 0)
(1.5 -3.85772e-13 0)
(1.5 -3.59949e-13 0)
(1.5 -3.82487e-13 0)
(1.5 -4.55721e-13 0)
(1.5 -5.29723e-13 0)
(1.5 -5.79721e-13 0)
(1.5 -5.4634e-13 0)
(1.5 -4.64744e-13 0)
(1.5 -3.96046e-13 0)
(1.5 -2.45787e-13 0)
(1.5 -2.11331e-13 0)
(1.5 -1.13277e-13 0)
(1.5 -1.08998e-13 0)
(1.5 -8.35168e-14 0)
(1.5 -9.59569e-14 0)
(1.5 -1.0236e-13 0)
(1.5 -1.33035e-14 0)
(1.5 8.67347e-14 0)
(1.5 1.5722e-13 0)
(1.5 1.45511e-13 0)
(1.5 1.04602e-13 0)
(1.5 1.92478e-13 0)
(1.5 2.51777e-13 0)
(1.5 2.11896e-13 0)
(1.5 1.68397e-13 0)
(1.5 1.19043e-13 0)
(1.5 1.66763e-13 0)
(1.5 9.03435e-14 0)
(1.5 3.39749e-14 0)
(1.5 4.07317e-14 0)
(1.5 6.99174e-14 0)
(1.5 6.93985e-14 0)
(1.5 6.43084e-14 0)
(1.5 1.28171e-13 0)
(1.5 1.19868e-13 0)
(1.5 2.58873e-14 0)
(1.5 -2.2618e-14 0)
(1.5 -3.80417e-14 0)
(1.5 1.77501e-15 0)
(1.5 6.49759e-14 0)
(1.5 1.53768e-13 0)
(1.5 2.0906e-13 0)
(1.5 1.97232e-13 0)
(1.5 2.54297e-13 0)
(1.5 2.00918e-13 0)
(1.5 1.79405e-13 0)
(1.5 1.54128e-13 0)
(1.5 1.40711e-13 0)
(1.5 2.68629e-13 0)
(1.5 2.08355e-13 0)
(1.5 1.64088e-13 0)
(1.5 1.44791e-13 0)
(1.5 1.65407e-13 0)
(1.5 2.49751e-13 0)
(1.5 2.64298e-13 0)
(1.5 2.11492e-13 0)
(1.5 1.82163e-13 0)
(1.5 1.33933e-13 0)
(1.5 1.26131e-13 0)
(1.5 1.14008e-13 0)
(1.5 1.48388e-13 0)
(1.5 4.65162e-14 0)
(1.5 1.25128e-13 0)
(1.5 1.40184e-13 0)
(1.5 1.63223e-13 0)
(1.5 1.98481e-13 0)
(1.5 1.43982e-13 0)
(1.5 4.52807e-14 0)
(1.5 4.55775e-14 0)
(1.5 1.55794e-13 0)
(1.5 1.66342e-13 0)
(1.5 1.68469e-13 0)
(1.5 1.71337e-13 0)
(1.5 1.39295e-13 0)
(1.5 1.42499e-13 0)
(1.5 8.46647e-14 0)
(1.5 2.50337e-14 0)
(1.5 4.62294e-14 0)
(1.5 4.40795e-14 0)
(1.5 1.18451e-13 0)
(1.5 1.42957e-13 0)
(1.5 1.55121e-13 0)
(1.5 1.6507e-13 0)
(1.5 1.01209e-13 0)
(1.5 9.90028e-14 0)
(1.5 7.80106e-14 0)
(1.5 3.92893e-14 0)
(1.5 3.40726e-14 0)
(1.5 2.76931e-14 0)
(1.5 1.52854e-14 0)
(1.5 4.74316e-14 0)
(1.5 1.99845e-14 0)
(1.5 4.36749e-14 0)
(1.5 7.24569e-14 0)
(1.5 4.34348e-14 0)
(1.5 5.27852e-15 0)
(1.5 -4.78985e-14 0)
(1.5 9.57659e-15 0)
(1.5 2.70861e-14 0)
(1.5 -4.70819e-14 0)
(1.5 -8.90715e-14 0)
(1.5 -1.71004e-14 0)
(1.5 -1.0445e-13 0)
(1.5 -1.43235e-13 0)
(1.5 -9.46584e-14 0)
(1.5 -9.02144e-14 0)
(1.5 -7.03569e-14 0)
(1.5 -1.11716e-13 0)
(1.5 -2.20057e-13 0)
(1.5 -2.05697e-13 0)
(1.5 -1.47213e-13 0)
(1.5 -1.24547e-13 0)
(1.5 -1.16018e-13 0)
(1.5 -8.15351e-14 0)
(1.5 -8.74236e-14 0)
(1.5 -1.03256e-13 0)
(1.5 -1.15468e-13 0)
(1.5 -7.99077e-14 0)
(1.5 -3.56745e-14 0)
(1.5 1.40914e-14 0)
(1.5 1.79409e-14 0)
(1.5 -1.77223e-15 0)
(1.5 -1.42541e-14 0)
(1.5 2.74905e-15 0)
(1.5 2.98691e-14 0)
(1.5 -7.14206e-15 0)
(1.5 -4.81996e-14 0)
(1.5 -2.36133e-14 0)
(1.5 2.21392e-14 0)
(1.5 6.90824e-14 0)
(1.5 9.27705e-14 0)
(1.5 9.12324e-14 0)
(1.5 8.33514e-14 0)
(1.5 9.43072e-14 0)
(1.5 1.00621e-13 0)
(1.5 1.66847e-13 0)
(1.5 2.54087e-13 0)
(1.5 2.33086e-13 0)
(1.5 1.99893e-13 0)
(1.5 3.11466e-13 0)
(1.5 3.64508e-13 0)
(1.5 4.47509e-13 0)
(1.5 4.66959e-13 0)
(1.5 4.50613e-13 0)
(1.5 4.83924e-13 0)
(1.5 4.51562e-13 0)
(1.5 4.48429e-13 0)
(1.5 4.24571e-13 0)
(1.5 4.08808e-13 0)
(1.5 3.39007e-13 0)
(1.5 2.83413e-13 0)
(1.5 2.36514e-13 0)
(1.5 1.76646e-13 0)
(1.5 8.82843e-14 0)
(1.5 -9.78057e-15 0)
(1.5 -5.06736e-14 0)
(1.5 -3.50541e-14 0)
(1.5 5.79944e-14 0)
(1.5 2.32786e-13 0)
(1.5 2.87848e-13 0)
(1.5 2.97015e-13 0)
(1.5 3.52368e-13 0)
(1.5 3.65489e-13 0)
(1.5 3.9325e-13 0)
(1.5 3.93577e-13 0)
(1.5 2.99543e-13 0)
(1.5 1.58729e-13 0)
(1.5 9.57658e-14 0)
(1.5 4.90984e-14 0)
(1.5 6.47734e-14 0)
(1.5 1.2382e-13 0)
(1.5 1.34263e-13 0)
(1.5 6.11829e-14 0)
(1.5 1.43167e-14 0)
(1.5 -4.37075e-14 0)
(1.5 -4.77045e-14 0)
(1.5 1.85368e-14 0)
(1.5 3.60426e-14 0)
(1.5 3.76335e-14 0)
(1.5 2.86717e-14 0)
(1.5 -1.87467e-14 0)
(1.5 -6.57678e-14 0)
(1.5 -1.11004e-13 0)
(1.5 -4.81333e-14 0)
(1.5 -1.07631e-13 0)
(1.5 -1.74615e-13 0)
(1.5 -1.70064e-13 0)
(1.5 -1.03532e-13 0)
(1.5 -1.45734e-13 0)
(1.5 -1.5294e-13 0)
(1.5 -1.72047e-13 0)
(1.5 -1.53943e-13 0)
(1.5 -2.14429e-13 0)
(1.5 -3.54235e-13 0)
(1.5 -3.48005e-13 0)
(1.5 -3.37377e-13 0)
(1.5 -3.04297e-13 0)
(1.5 -3.24944e-13 0)
(1.5 -3.83691e-13 0)
(1.5 -4.70913e-13 0)
(1.5 -4.90702e-13 0)
(1.5 -3.94823e-13 0)
(1.5 -4.46492e-13 0)
(1.5 -5.9472e-13 0)
(1.5 -6.272e-13 0)
(1.5 -6.07212e-13 0)
(1.5 -4.88928e-13 0)
(1.5 -3.90505e-13 0)
(1.5 -4.10161e-13 0)
(1.5 -2.96525e-13 0)
(1.5 -3.36168e-13 0)
(1.5 -2.72075e-13 0)
(1.5 -2.41081e-13 0)
(1.5 -1.3158e-13 0)
(1.5 -6.23118e-14 0)
(1.5 3.63543e-14 0)
(1.5 1.4412e-13 0)
(1.5 2.6085e-13 0)
(1.5 4.69156e-13 0)
(1.5 5.09722e-13 0)
(1.5 4.82842e-13 0)
(1.5 4.78973e-13 0)
(1.5 4.14399e-13 0)
(1.5 3.07754e-13 0)
(1.5 2.28433e-13 0)
(1.5 1.06265e-13 0)
(1.5 4.28692e-14 0)
(1.5 -4.87952e-14 0)
(1.5 -7.96095e-14 0)
(1.5 -1.4197e-13 0)
(1.5 -1.87565e-13 0)
(1.5 -2.27839e-13 0)
(1.5 -1.68058e-13 0)
(1.5 -7.28682e-14 0)
(1.5 2.04733e-14 0)
(1.5 4.3156e-15 0)
(1.5 -2.94233e-14 0)
(1.5 -7.17274e-14 0)
(1.5 -2.22722e-14 0)
(1.5 2.32741e-14 0)
(1.5 1.38073e-13 0)
(1.5 2.1715e-13 0)
(1.5 2.18971e-13 0)
(1.5 2.0976e-13 0)
(1.5 1.08496e-13 0)
(1.5 7.84365e-14 0)
(1.5 1.32566e-13 0)
(1.5 1.72307e-13 0)
(1.5 2.60837e-13 0)
(1.5 2.92551e-13 0)
(1.5 2.17026e-13 0)
(1.5 2.025e-13 0)
(1.5 2.46294e-13 0)
(1.5 2.50468e-13 0)
(1.5 1.87186e-13 0)
(1.5 1.55841e-13 0)
(1.5 1.18858e-13 0)
(1.5 1.06161e-13 0)
(1.5 8.26822e-14 0)
(1.5 9.10318e-14 0)
(1.5 6.15266e-14 0)
(1.5 -1.18102e-15 0)
(1.5 1.2637e-13 0)
(1.5 2.32608e-13 0)
(1.5 1.81721e-13 0)
(1.5 2.03816e-13 0)
(1.5 1.85591e-13 0)
(1.5 1.71924e-13 0)
(1.5 2.28277e-13 0)
(1.5 2.24269e-13 0)
(1.5 2.16763e-13 0)
(1.5 1.82012e-13 0)
(1.5 1.84701e-13 0)
(1.5 1.58016e-13 0)
(1.5 8.98588e-14 0)
(1.5 3.92503e-14 0)
(1.5 3.21325e-14 0)
(1.5 -5.58868e-15 0)
(1.5 -3.23048e-14 0)
(1.5 7.25564e-14 0)
(1.5 9.12055e-14 0)
(1.5 1.05649e-13 0)
(1.5 1.3606e-13 0)
(1.5 1.67133e-13 0)
(1.5 1.69757e-13 0)
(1.5 7.23445e-14 0)
(1.5 2.66942e-14 0)
(1.5 4.83253e-14 0)
(1.5 8.48763e-14 0)
(1.5 1.6384e-14 0)
(1.5 2.67885e-14 0)
(1.5 7.20027e-14 0)
(1.5 9.64222e-14 0)
(1.5 7.51599e-14 0)
(1.5 3.47546e-15 0)
(1.5 -1.13664e-14 0)
(1.5 -9.63129e-15 0)
(1.5 4.29231e-14 0)
(1.5 8.42936e-14 0)
(1.5 3.48966e-14 0)
(1.5 -1.73377e-14 0)
(1.5 -3.71721e-14 0)
(1.5 -3.74161e-14 0)
(1.5 -5.61685e-14 0)
(1.5 -9.12348e-14 0)
(1.5 -1.54186e-13 0)
(1.5 -1.95895e-13 0)
(1.5 -2.36249e-13 0)
(1.5 -2.76902e-13 0)
(1.5 -2.12687e-13 0)
(1.5 -8.89227e-14 0)
(1.5 -5.09831e-14 0)
(1.5 7.99538e-15 0)
(1.5 2.5147e-14 0)
(1.5 -1.32766e-14 0)
(1.5 -7.68745e-14 0)
(1.5 -4.67572e-14 0)
(1.5 -3.50347e-14 0)
(1.5 -2.4681e-14 0)
(1.5 1.38889e-14 0)
(1.5 2.36431e-14 0)
(1.5 -1.08972e-14 0)
(1.5 -6.11601e-14 0)
(1.5 1.35566e-14 0)
(1.5 2.80494e-14 0)
(1.5 3.45233e-14 0)
(1.5 3.74828e-14 0)
(1.5 5.69387e-14 0)
(1.5 4.3698e-14 0)
(1.5 1.05843e-13 0)
(1.5 1.5792e-13 0)
(1.5 2.0728e-13 0)
(1.5 1.54429e-13 0)
(1.5 1.63611e-13 0)
(1.5 1.54287e-13 0)
(1.5 2.12651e-13 0)
(1.5 2.20406e-13 0)
(1.5 1.85629e-13 0)
(1.5 2.4806e-13 0)
(1.5 3.01412e-13 0)
(1.5 3.17894e-13 0)
(1.5 3.49464e-13 0)
(1.5 4.22183e-13 0)
(1.5 4.69294e-13 0)
(1.5 5.35422e-13 0)
(1.5 4.78551e-13 0)
(1.5 4.45816e-13 0)
(1.5 3.96821e-13 0)
(1.5 3.76934e-13 0)
(1.5 3.90789e-13 0)
(1.5 3.34198e-13 0)
(1.5 3.3793e-13 0)
(1.5 3.12945e-13 0)
(1.5 2.66614e-13 0)
(1.5 1.83508e-13 0)
(1.5 1.1161e-13 0)
(1.5 8.1527e-14 0)
(1.5 6.3078e-14 0)
(1.5 1.48176e-13 0)
(1.5 1.81243e-13 0)
(1.5 1.92892e-13 0)
(1.5 2.29438e-13 0)
(1.5 3.00943e-13 0)
(1.5 3.68184e-13 0)
(1.5 3.54323e-13 0)
(1.5 2.66945e-13 0)
(1.5 2.4362e-13 0)
(1.5 2.2628e-13 0)
(1.5 2.562e-13 0)
(1.5 2.27795e-13 0)
(1.5 2.01858e-13 0)
(1.5 1.41159e-13 0)
(1.5 2.3017e-14 0)
(1.5 4.38663e-14 0)
(1.5 7.28487e-14 0)
(1.5 9.4261e-14 0)
(1.5 4.93234e-14 0)
(1.5 -4.5114e-14 0)
(1.5 -8.05811e-14 0)
(1.5 -8.25763e-14 0)
(1.5 -1.03294e-13 0)
(1.5 -9.51646e-14 0)
(1.5 -6.55803e-14 0)
(1.5 4.53308e-15 0)
(1.5 -1.14226e-13 0)
(1.5 -1.5187e-13 0)
(1.5 -1.55364e-13 0)
(1.5 -1.344e-13 0)
(1.5 -1.32978e-13 0)
(1.5 -1.94979e-13 0)
(1.5 -2.58149e-13 0)
(1.5 -2.59572e-13 0)
(1.5 -3.47719e-13 0)
(1.5 -5.48415e-13 0)
(1.5 -5.35725e-13 0)
(1.5 -4.61131e-13 0)
(1.5 -3.45091e-13 0)
(1.5 -2.37688e-13 0)
(1.5 -3.22678e-13 0)
(1.5 -3.97594e-13 0)
(1.5 -4.50108e-13 0)
(1.5 -3.73361e-13 0)
(1.5 -3.28651e-13 0)
(1.5 -5.63098e-13 0)
(1.5 -6.15203e-13 0)
(1.5 -6.16094e-13 0)
(1.5 -6.17701e-13 0)
(1.5 -5.441e-13 0)
(1.5 -5.84668e-13 0)
(1.5 -5.78784e-13 0)
(1.5 -6.15026e-13 0)
(1.5 -6.41009e-13 0)
(1.5 -5.5953e-13 0)
(1.5 -4.3122e-13 0)
(1.5 -2.17424e-13 0)
(1.5 1.569e-14 0)
(1.5 1.36397e-13 0)
(1.5 2.50431e-13 0)
(1.5 4.88297e-13 0)
(1.5 6.06079e-13 0)
(1.5 5.69668e-13 0)
(1.5 4.56112e-13 0)
(1.5 3.9888e-13 0)
(1.5 3.6075e-13 0)
(1.5 1.99717e-13 0)
(1.5 2.40525e-14 0)
(1.5 -1.74205e-13 0)
(1.5 -1.72129e-13 0)
(1.5 -1.14901e-13 0)
(1.5 -1.61658e-13 0)
(1.5 -2.49309e-13 0)
(1.5 -2.65778e-13 0)
(1.5 -2.5231e-13 0)
(1.5 -1.96507e-13 0)
(1.5 -2.26181e-14 0)
(1.5 -3.61181e-14 0)
(1.5 -2.5272e-14 0)
(1.5 7.13614e-14 0)
(1.5 1.12208e-13 0)
(1.5 1.38217e-13 0)
(1.5 1.88293e-13 0)
(1.5 1.11723e-13 0)
(1.5 1.24163e-13 0)
(1.5 1.7224e-13 0)
(1.5 1.82016e-13 0)
(1.5 1.32316e-13 0)
(1.5 3.98108e-14 0)
(1.5 6.83985e-14 0)
(1.5 1.94118e-13 0)
(1.5 2.76164e-13 0)
(1.5 2.60861e-13 0)
(1.5 2.13586e-13 0)
(1.5 2.13244e-13 0)
(1.5 1.94705e-13 0)
(1.5 1.57441e-13 0)
(1.5 9.99435e-14 0)
(1.5 2.65797e-14 0)
(1.5 4.75402e-14 0)
(1.5 7.46878e-14 0)
(1.5 1.23884e-13 0)
(1.5 3.59737e-14 0)
(1.5 1.44141e-14 0)
(1.5 9.73346e-14 0)
(1.5 1.73743e-13 0)
(1.5 1.02401e-13 0)
(1.5 7.28773e-14 0)
(1.5 1.30378e-13 0)
(1.5 2.00527e-13 0)
(1.5 2.13105e-13 0)
(1.5 1.15837e-13 0)
(1.5 8.51951e-14 0)
(1.5 3.73517e-14 0)
(1.5 1.2254e-14 0)
(1.5 1.37195e-14 0)
(1.5 -1.32288e-14 0)
(1.5 -6.56501e-15 0)
(1.5 -2.23583e-14 0)
(1.5 -5.35812e-14 0)
(1.5 1.03511e-14 0)
(1.5 3.44107e-14 0)
(1.5 6.48803e-15 0)
(1.5 -9.34766e-15 0)
(1.5 -1.8327e-14 0)
(1.5 6.15596e-14 0)
(1.5 -4.74736e-16 0)
(1.5 -8.30387e-14 0)
(1.5 -6.61622e-14 0)
(1.5 -3.53695e-14 0)
(1.5 -5.09549e-14 0)
(1.5 -6.02728e-14 0)
(1.5 -4.61554e-14 0)
(1.5 3.56597e-14 0)
(1.5 4.37252e-14 0)
(1.5 -1.58474e-14 0)
(1.5 1.952e-14 0)
(1.5 2.50051e-14 0)
(1.5 2.24757e-14 0)
(1.5 2.47894e-15 0)
(1.5 6.33381e-14 0)
(1.5 1.13365e-13 0)
(1.5 8.92515e-14 0)
(1.5 -2.68164e-15 0)
(1.5 -1.12148e-15 0)
(1.5 -3.38332e-14 0)
(1.5 -1.09939e-13 0)
(1.5 -1.64158e-13 0)
(1.5 -2.23954e-13 0)
(1.5 -2.46379e-13 0)
(1.5 -2.23577e-13 0)
(1.5 -1.70041e-13 0)
(1.5 -1.13256e-13 0)
(1.5 -5.95465e-14 0)
(1.5 -2.57939e-14 0)
(1.5 -3.06108e-14 0)
(1.5 -3.38308e-14 0)
(1.5 -6.12194e-14 0)
(1.5 -4.22479e-14 0)
(1.5 -5.00451e-15 0)
(1.5 1.90452e-14 0)
(1.5 -3.62363e-14 0)
(1.5 -5.67291e-14 0)
(1.5 -6.63923e-14 0)
(1.5 -4.27498e-14 0)
(1.5 3.30236e-14 0)
(1.5 3.4014e-14 0)
(1.5 3.76017e-15 0)
(1.5 5.14129e-15 0)
(1.5 4.24612e-14 0)
(1.5 9.20708e-15 0)
(1.5 7.7921e-14 0)
(1.5 1.56957e-13 0)
(1.5 1.93743e-13 0)
(1.5 1.28739e-13 0)
(1.5 1.78809e-13 0)
(1.5 2.0182e-13 0)
(1.5 1.91601e-13 0)
(1.5 1.26883e-13 0)
(1.5 1.16411e-13 0)
(1.5 2.05899e-13 0)
(1.5 1.95409e-13 0)
(1.5 1.90768e-13 0)
(1.5 2.3604e-13 0)
(1.5 3.79524e-13 0)
(1.5 5.12047e-13 0)
(1.5 5.00139e-13 0)
(1.5 4.7861e-13 0)
(1.5 4.33783e-13 0)
(1.5 3.56762e-13 0)
(1.5 3.833e-13 0)
(1.5 4.06078e-13 0)
(1.5 3.45633e-13 0)
(1.5 3.48965e-13 0)
(1.5 3.49681e-13 0)
(1.5 3.58217e-13 0)
(1.5 3.5677e-13 0)
(1.5 2.47337e-13 0)
(1.5 2.19629e-13 0)
(1.5 1.2904e-13 0)
(1.5 7.36481e-14 0)
(1.5 9.38677e-14 0)
(1.5 1.11749e-13 0)
(1.5 1.46587e-13 0)
(1.5 2.48719e-13 0)
(1.5 2.60882e-13 0)
(1.5 1.74547e-13 0)
(1.5 1.18716e-13 0)
(1.5 1.46034e-13 0)
(1.5 1.52534e-13 0)
(1.5 2.5055e-13 0)
(1.5 2.98693e-13 0)
(1.5 2.62383e-13 0)
(1.5 1.87672e-13 0)
(1.5 1.3405e-13 0)
(1.5 1.00533e-13 0)
(1.5 1.17241e-13 0)
(1.5 1.37865e-13 0)
(1.5 7.68597e-14 0)
(1.5 -3.00348e-14 0)
(1.5 -6.4431e-14 0)
(1.5 1.26135e-14 0)
(1.5 -2.80007e-15 0)
(1.5 -3.4204e-15 0)
(1.5 3.08841e-14 0)
(1.5 -2.52896e-14 0)
(1.5 -9.16051e-14 0)
(1.5 -5.92817e-14 0)
(1.5 -7.80125e-15 0)
(1.5 -3.11164e-14 0)
(1.5 -4.42823e-14 0)
(1.5 -1.64643e-13 0)
(1.5 -2.61844e-13 0)
(1.5 -3.10591e-13 0)
(1.5 -4.35162e-13 0)
(1.5 -5.27672e-13 0)
(1.5 -5.34832e-13 0)
(1.5 -3.98711e-13 0)
(1.5 -2.21097e-13 0)
(1.5 -1.99799e-13 0)
(1.5 -4.05805e-13 0)
(1.5 -4.68861e-13 0)
(1.5 -4.4394e-13 0)
(1.5 -4.26729e-13 0)
(1.5 -3.20476e-13 0)
(1.5 -5.56196e-13 0)
(1.5 -6.48922e-13 0)
(1.5 -6.52956e-13 0)
(1.5 -7.06617e-13 0)
(1.5 -6.65875e-13 0)
(1.5 -6.65534e-13 0)
(1.5 -7.46365e-13 0)
(1.5 -7.51535e-13 0)
(1.5 -7.41154e-13 0)
(1.5 -6.36048e-13 0)
(1.5 -6.60327e-13 0)
(1.5 -4.49447e-13 0)
(1.5 -2.01301e-13 0)
(1.5 -3.12872e-14 0)
(1.5 1.31911e-13 0)
(1.5 2.61823e-13 0)
(1.5 3.18487e-13 0)
(1.5 2.80211e-13 0)
(1.5 1.381e-13 0)
(1.5 9.98062e-14 0)
(1.5 1.36904e-13 0)
(1.5 1.47481e-14 0)
(1.5 -1.22509e-13 0)
(1.5 -3.0786e-13 0)
(1.5 -3.24878e-13 0)
(1.5 -3.30925e-13 0)
(1.5 -3.08312e-13 0)
(1.5 -3.38782e-13 0)
(1.5 -3.04441e-13 0)
(1.5 -2.9449e-13 0)
(1.5 -2.78679e-13 0)
(1.5 -1.63213e-13 0)
(1.5 -8.82184e-14 0)
(1.5 -4.25875e-14 0)
(1.5 6.96694e-14 0)
(1.5 9.33368e-14 0)
(1.5 1.47138e-13 0)
(1.5 9.40461e-14 0)
(1.5 2.77787e-14 0)
(1.5 4.58107e-14 0)
(1.5 5.88626e-14 0)
(1.5 6.10079e-14 0)
(1.5 -5.5951e-15 0)
(1.5 -7.51984e-14 0)
(1.5 -8.2803e-14 0)
(1.5 4.3117e-14 0)
(1.5 1.11486e-13 0)
(1.5 1.94109e-13 0)
(1.5 1.16858e-13 0)
(1.5 2.52408e-14 0)
(1.5 3.81044e-14 0)
(1.5 7.65212e-15 0)
(1.5 -2.43339e-14 0)
(1.5 -9.20804e-15 0)
(1.5 -7.84073e-15 0)
(1.5 -5.86225e-14 0)
(1.5 -8.04331e-14 0)
(1.5 -1.39252e-13 0)
(1.5 -4.7152e-14 0)
(1.5 -8.30069e-16 0)
(1.5 -1.6307e-14 0)
(1.5 -6.90139e-15 0)
(1.5 -1.84415e-14 0)
(1.5 9.47227e-14 0)
(1.5 2.47066e-13 0)
(1.5 2.44153e-13 0)
(1.5 1.97905e-13 0)
(1.5 1.1927e-13 0)
(1.5 3.16975e-14 0)
(1.5 -2.83899e-14 0)
(1.5 -6.36683e-14 0)
(1.5 -1.02833e-13 0)
(1.5 -5.26128e-14 0)
(1.5 -4.83648e-14 0)
(1.5 -6.23761e-14 0)
(1.5 3.12583e-14 0)
(1.5 5.48379e-14 0)
(1.5 6.57676e-14 0)
(1.5 -1.02161e-14 0)
(1.5 -5.68176e-14 0)
(1.5 -3.89732e-14 0)
(1.5 -1.22318e-13 0)
(1.5 -1.20288e-13 0)
(1.5 -1.15333e-13 0)
(1.5 -9.23922e-14 0)
(1.5 -1.06595e-13 0)
(1.5 -4.99989e-14 0)
(1.5 -5.21347e-14 0)
(1.5 -5.75681e-14 0)
(1.5 -3.55727e-14 0)
(1.5 -6.77763e-14 0)
(1.5 4.18265e-15 0)
(1.5 1.28366e-14 0)
(1.5 2.92156e-14 0)
(1.5 -2.55361e-14 0)
(1.5 -1.81041e-14 0)
(1.5 4.34268e-14 0)
(1.5 1.15238e-13 0)
(1.5 2.54237e-14 0)
(1.5 9.90117e-15 0)
(1.5 -5.32974e-14 0)
(1.5 -8.54009e-14 0)
(1.5 -1.295e-13 0)
(1.5 -1.6928e-13 0)
(1.5 -1.41768e-13 0)
(1.5 -1.49245e-13 0)
(1.5 -1.26883e-13 0)
(1.5 -1.69029e-13 0)
(1.5 -1.46016e-13 0)
(1.5 -1.07635e-13 0)
(1.5 -9.91255e-14 0)
(1.5 -6.50798e-14 0)
(1.5 -1.41085e-14 0)
(1.5 -6.08414e-14 0)
(1.5 -4.03833e-14 0)
(1.5 -4.83854e-14 0)
(1.5 -1.07108e-13 0)
(1.5 -1.28801e-13 0)
(1.5 -1.13708e-13 0)
(1.5 -3.39603e-14 0)
(1.5 -4.28033e-15 0)
(1.5 -5.28597e-14 0)
(1.5 -5.41318e-14 0)
(1.5 -9.28547e-14 0)
(1.5 -1.13105e-13 0)
(1.5 -9.04131e-14 0)
(1.5 -2.58002e-14 0)
(1.5 4.0824e-14 0)
(1.5 5.70626e-14 0)
(1.5 1.06534e-13 0)
(1.5 1.9038e-13 0)
(1.5 2.62928e-13 0)
(1.5 1.96496e-13 0)
(1.5 1.09619e-13 0)
(1.5 1.58773e-13 0)
(1.5 1.55597e-13 0)
(1.5 1.54449e-13 0)
(1.5 1.92375e-13 0)
(1.5 1.97351e-13 0)
(1.5 2.7409e-13 0)
(1.5 3.53192e-13 0)
(1.5 3.22595e-13 0)
(1.5 3.35717e-13 0)
(1.5 3.31978e-13 0)
(1.5 3.07742e-13 0)
(1.5 2.86212e-13 0)
(1.5 3.06972e-13 0)
(1.5 3.21445e-13 0)
(1.5 3.38389e-13 0)
(1.5 3.62124e-13 0)
(1.5 3.18409e-13 0)
(1.5 3.48443e-13 0)
(1.5 2.69665e-13 0)
(1.5 1.95423e-13 0)
(1.5 8.56155e-14 0)
(1.5 6.11172e-14 0)
(1.5 5.91899e-14 0)
(1.5 7.19223e-14 0)
(1.5 9.33401e-14 0)
(1.5 1.52021e-13 0)
(1.5 1.48993e-13 0)
(1.5 1.03825e-13 0)
(1.5 9.99252e-14 0)
(1.5 1.30153e-13 0)
(1.5 1.31573e-13 0)
(1.5 1.76236e-13 0)
(1.5 2.52513e-13 0)
(1.5 2.55472e-13 0)
(1.5 2.73664e-13 0)
(1.5 2.82987e-13 0)
(1.5 1.51828e-13 0)
(1.5 1.27416e-13 0)
(1.5 1.00095e-13 0)
(1.5 6.72215e-14 0)
(1.5 2.67995e-14 0)
(1.5 5.83331e-14 0)
(1.5 8.93284e-14 0)
(1.5 8.69716e-14 0)
(1.5 9.70978e-14 0)
(1.5 7.59773e-14 0)
(1.5 -5.73388e-14 0)
(1.5 -6.63289e-14 0)
(1.5 -1.68027e-14 0)
(1.5 2.3279e-14 0)
(1.5 -6.31512e-14 0)
(1.5 -8.00503e-14 0)
(1.5 -9.22628e-14 0)
(1.5 -1.79669e-13 0)
(1.5 -2.79919e-13 0)
(1.5 -3.53976e-13 0)
(1.5 -3.55036e-13 0)
(1.5 -4.07084e-13 0)
(1.5 -3.08702e-13 0)
(1.5 -1.4293e-13 0)
(1.5 -1.64718e-13 0)
(1.5 -3.99938e-13 0)
(1.5 -4.3661e-13 0)
(1.5 -3.81578e-13 0)
(1.5 -3.43614e-13 0)
(1.5 -3.51511e-13 0)
(1.5 -5.94865e-13 0)
(1.5 -6.80819e-13 0)
(1.5 -6.87123e-13 0)
(1.5 -6.52236e-13 0)
(1.5 -6.60268e-13 0)
(1.5 -6.90147e-13 0)
(1.5 -7.60847e-13 0)
(1.5 -6.72653e-13 0)
(1.5 -5.78143e-13 0)
(1.5 -5.1483e-13 0)
(1.5 -6.70657e-13 0)
(1.5 -5.85378e-13 0)
(1.5 -4.61559e-13 0)
(1.5 -3.1184e-13 0)
(1.5 -1.58445e-13 0)
(1.5 -8.5442e-14 0)
(1.5 -4.1704e-14 0)
(1.5 2.05518e-14 0)
(1.5 -8.02797e-14 0)
(1.5 -1.65814e-13 0)
(1.5 -1.74263e-13 0)
(1.5 -1.51793e-13 0)
(1.5 -2.10833e-13 0)
(1.5 -2.89602e-13 0)
(1.5 -4.36044e-13 0)
(1.5 -5.58238e-13 0)
(1.5 -5.05012e-13 0)
(1.5 -4.65367e-13 0)
(1.5 -4.6994e-13 0)
(1.5 -3.80462e-13 0)
(1.5 -3.41577e-13 0)
(1.5 -2.65183e-13 0)
(1.5 -9.37598e-14 0)
(1.5 -4.5333e-14 0)
(1.5 1.87994e-14 0)
(1.5 1.01243e-13 0)
(1.5 2.07379e-13 0)
(1.5 1.34527e-13 0)
(1.5 8.03866e-14 0)
(1.5 -8.74025e-16 0)
(1.5 -8.90458e-14 0)
(1.5 -1.21638e-13 0)
(1.5 -1.64716e-13 0)
(1.5 -1.30759e-13 0)
(1.5 -1.3013e-13 0)
(1.5 -6.14563e-14 0)
(1.5 1.33691e-14 0)
(1.5 8.46538e-14 0)
(1.5 4.40692e-14 0)
(1.5 -7.03755e-14 0)
(1.5 -8.7539e-14 0)
(1.5 -7.6549e-14 0)
(1.5 -3.30763e-14 0)
(1.5 5.29956e-14 0)
(1.5 -4.67395e-14 0)
(1.5 -1.95518e-13 0)
(1.5 -2.91801e-13 0)
(1.5 -2.85272e-13 0)
(1.5 -7.2843e-15 0)
(1.5 -3.11392e-14 0)
(1.5 -5.95259e-14 0)
(1.5 2.36565e-15 0)
(1.5 3.80924e-14 0)
(1.5 1.32979e-13 0)
(1.5 2.30613e-13 0)
(1.5 2.22442e-13 0)
(1.5 2.27202e-13 0)
(1.5 1.66651e-13 0)
(1.5 6.60333e-14 0)
(1.5 -5.17325e-14 0)
(1.5 -1.08476e-13 0)
(1.5 -9.73807e-14 0)
(1.5 -6.72664e-14 0)
(1.5 -1.58267e-14 0)
(1.5 -2.46846e-14 0)
(1.5 -2.18874e-14 0)
(1.5 4.57688e-14 0)
(1.5 3.8728e-14 0)
(1.5 -5.36759e-15 0)
(1.5 1.12719e-14 0)
(1.5 -3.2746e-14 0)
(1.5 -5.92717e-14 0)
(1.5 -6.06511e-14 0)
(1.5 -9.05059e-14 0)
(1.5 -1.19037e-13 0)
(1.5 -1.16572e-13 0)
(1.5 -3.82007e-14 0)
(1.5 -4.58388e-14 0)
(1.5 -6.80454e-14 0)
(1.5 -7.63986e-14 0)
(1.5 -9.55827e-14 0)
(1.5 -9.66265e-14 0)
(1.5 -3.91865e-14 0)
(1.5 6.27211e-15 0)
(1.5 3.1543e-14 0)
(1.5 1.33272e-14 0)
(1.5 2.9508e-14 0)
(1.5 7.45631e-14 0)
(1.5 3.09058e-14 0)
(1.5 1.12142e-14 0)
(1.5 -3.30992e-14 0)
(1.5 -6.10484e-14 0)
(1.5 -8.7394e-14 0)
(1.5 -1.08471e-13 0)
(1.5 -8.26803e-14 0)
(1.5 -8.25119e-14 0)
(1.5 -1.42331e-13 0)
(1.5 -1.80628e-13 0)
(1.5 -1.77672e-13 0)
(1.5 -1.62166e-13 0)
(1.5 -1.3549e-13 0)
(1.5 -8.97006e-14 0)
(1.5 -3.47152e-15 0)
(1.5 -1.56607e-14 0)
(1.5 -8.72599e-14 0)
(1.5 -1.22557e-13 0)
(1.5 -1.33725e-13 0)
(1.5 -1.62388e-13 0)
(1.5 -1.50258e-13 0)
(1.5 -1.21316e-13 0)
(1.5 -7.92897e-14 0)
(1.5 -7.09563e-14 0)
(1.5 -4.79755e-14 0)
(1.5 -8.72901e-14 0)
(1.5 -1.14441e-13 0)
(1.5 -8.55237e-14 0)
(1.5 -6.02042e-14 0)
(1.5 -4.67448e-14 0)
(1.5 -4.13594e-14 0)
(1.5 4.37999e-14 0)
(1.5 1.113e-13 0)
(1.5 1.75768e-13 0)
(1.5 1.86809e-13 0)
(1.5 1.60296e-13 0)
(1.5 1.59928e-13 0)
(1.5 1.41581e-13 0)
(1.5 1.87938e-13 0)
(1.5 2.20886e-13 0)
(1.5 1.19026e-13 0)
(1.5 1.59892e-13 0)
(1.5 1.87374e-13 0)
(1.5 1.92824e-13 0)
(1.5 2.25342e-13 0)
(1.5 2.6258e-13 0)
(1.5 2.87015e-13 0)
(1.5 2.05586e-13 0)
(1.5 2.13909e-13 0)
(1.5 3.05681e-13 0)
(1.5 3.24101e-13 0)
(1.5 3.35926e-13 0)
(1.5 2.59388e-13 0)
(1.5 2.27989e-13 0)
(1.5 2.2577e-13 0)
(1.5 1.38335e-13 0)
(1.5 9.47786e-14 0)
(1.5 1.07251e-13 0)
(1.5 1.91438e-14 0)
(1.5 5.57889e-15 0)
(1.5 1.75344e-14 0)
(1.5 9.68808e-15 0)
(1.5 3.92744e-14 0)
(1.5 9.21261e-14 0)
(1.5 1.3069e-13 0)
(1.5 1.57082e-13 0)
(1.5 1.25002e-13 0)
(1.5 5.56642e-14 0)
(1.5 4.03752e-14 0)
(1.5 8.91609e-14 0)
(1.5 1.30917e-13 0)
(1.5 1.8626e-13 0)
(1.5 1.55065e-13 0)
(1.5 1.02816e-13 0)
(1.5 6.92496e-14 0)
(1.5 3.00579e-14 0)
(1.5 2.67771e-16 0)
(1.5 4.85123e-14 0)
(1.5 -1.76402e-14 0)
(1.5 1.5908e-14 0)
(1.5 4.78894e-14 0)
(1.5 4.21176e-14 0)
(1.5 -3.69691e-15 0)
(1.5 -1.29405e-14 0)
(1.5 -4.7174e-15 0)
(1.5 -1.07601e-14 0)
(1.5 -1.2677e-13 0)
(1.5 -1.68552e-13 0)
(1.5 -1.04743e-13 0)
(1.5 -1.56265e-13 0)
(1.5 -3.23785e-13 0)
(1.5 -3.09991e-13 0)
(1.5 -3.59247e-13 0)
(1.5 -4.19088e-13 0)
(1.5 -3.98307e-13 0)
(1.5 -2.73075e-13 0)
(1.5 -2.38237e-13 0)
(1.5 -3.04737e-13 0)
(1.5 -3.50577e-13 0)
(1.5 -3.23461e-13 0)
(1.5 -2.45757e-13 0)
(1.5 -3.85412e-13 0)
(1.5 -5.53511e-13 0)
(1.5 -6.79203e-13 0)
(1.5 -7.14976e-13 0)
(1.5 -6.80015e-13 0)
(1.5 -6.99814e-13 0)
(1.5 -8.02402e-13 0)
(1.5 -8.08155e-13 0)
(1.5 -7.36227e-13 0)
(1.5 -5.53491e-13 0)
(1.5 -4.72895e-13 0)
(1.5 -6.13426e-13 0)
(1.5 -6.386e-13 0)
(1.5 -6.3664e-13 0)
(1.5 -6.223e-13 0)
(1.5 -5.48388e-13 0)
(1.5 -4.81884e-13 0)
(1.5 -3.29481e-13 0)
(1.5 -1.97509e-13 0)
(1.5 -1.81928e-13 0)
(1.5 -3.05225e-13 0)
(1.5 -4.19872e-13 0)
(1.5 -4.02417e-13 0)
(1.5 -4.39254e-13 0)
(1.5 -4.7052e-13 0)
(1.5 -6.5756e-13 0)
(1.5 -8.07007e-13 0)
(1.5 -7.68374e-13 0)
(1.5 -6.62426e-13 0)
(1.5 -6.23069e-13 0)
(1.5 -5.00398e-13 0)
(1.5 -4.60155e-13 0)
(1.5 -4.20404e-13 0)
(1.5 -2.86819e-13 0)
(1.5 -1.58805e-13 0)
(1.5 -6.09421e-14 0)
(1.5 1.03929e-13 0)
(1.5 2.04729e-13 0)
(1.5 1.54865e-13 0)
(1.5 1.67156e-14 0)
(1.5 -8.18499e-14 0)
(1.5 -1.41916e-13 0)
(1.5 -1.20866e-13 0)
(1.5 -1.35019e-13 0)
(1.5 -1.19101e-13 0)
(1.5 -1.23159e-13 0)
(1.5 -9.80889e-14 0)
(1.5 3.78278e-14 0)
(1.5 6.51317e-14 0)
(1.5 2.27372e-14 0)
(1.5 -5.66923e-14 0)
(1.5 -9.49535e-14 0)
(1.5 -5.08071e-14 0)
(1.5 -6.37823e-14 0)
(1.5 -5.43321e-14 0)
(1.5 -1.28224e-13 0)
(1.5 -2.25077e-13 0)
(1.5 -3.14184e-13 0)
(1.5 -2.70669e-13 0)
(1.5 9.05272e-14 0)
(1.5 7.19335e-14 0)
(1.5 1.34489e-13 0)
(1.5 1.58249e-13 0)
(1.5 1.41427e-13 0)
(1.5 1.49588e-13 0)
(1.5 8.58027e-14 0)
(1.5 7.09693e-14 0)
(1.5 6.32764e-14 0)
(1.5 2.44728e-14 0)
(1.5 1.35906e-14 0)
(1.5 -4.87419e-14 0)
(1.5 -7.6558e-14 0)
(1.5 -2.69343e-14 0)
(1.5 -9.48946e-14 0)
(1.5 -1.11887e-13 0)
(1.5 -1.13482e-13 0)
(1.5 -9.12391e-14 0)
(1.5 -1.40598e-14 0)
(1.5 -6.33638e-15 0)
(1.5 6.29613e-14 0)
(1.5 9.02483e-14 0)
(1.5 6.55907e-15 0)
(1.5 3.14698e-14 0)
(1.5 -5.43038e-15 0)
(1.5 -2.33931e-14 0)
(1.5 -1.07672e-13 0)
(1.5 -7.45249e-14 0)
(1.5 -1.2157e-14 0)
(1.5 -3.28664e-14 0)
(1.5 -4.19097e-14 0)
(1.5 -1.14999e-13 0)
(1.5 -1.07739e-13 0)
(1.5 -1.2866e-13 0)
(1.5 -2.66127e-14 0)
(1.5 1.10808e-14 0)
(1.5 4.40323e-14 0)
(1.5 7.47258e-14 0)
(1.5 8.82063e-14 0)
(1.5 7.09985e-14 0)
(1.5 5.20273e-14 0)
(1.5 5.25893e-14 0)
(1.5 -4.06688e-15 0)
(1.5 -2.49248e-14 0)
(1.5 -3.51064e-14 0)
(1.5 -4.06116e-14 0)
(1.5 -3.30615e-14 0)
(1.5 -7.90828e-15 0)
(1.5 -9.03854e-14 0)
(1.5 -1.07975e-13 0)
(1.5 -9.84177e-14 0)
(1.5 -1.47569e-13 0)
(1.5 -1.44225e-13 0)
(1.5 -8.17346e-14 0)
(1.5 1.46225e-15 0)
(1.5 2.3589e-14 0)
(1.5 -9.13128e-14 0)
(1.5 -1.80896e-14 0)
(1.5 -6.94029e-14 0)
(1.5 -1.14037e-13 0)
(1.5 -1.11347e-13 0)
(1.5 -8.65608e-14 0)
(1.5 -7.42983e-14 0)
(1.5 -2.89593e-14 0)
(1.5 -2.25074e-14 0)
(1.5 -2.14238e-14 0)
(1.5 -3.85433e-14 0)
(1.5 -1.93878e-14 0)
(1.5 2.26106e-14 0)
(1.5 -1.37752e-14 0)
(1.5 -1.39403e-14 0)
(1.5 3.45586e-14 0)
(1.5 6.7028e-14 0)
(1.5 6.64196e-14 0)
(1.5 1.60677e-13 0)
(1.5 2.02955e-13 0)
(1.5 1.68275e-13 0)
(1.5 1.5588e-13 0)
(1.5 1.51458e-13 0)
(1.5 1.25495e-13 0)
(1.5 6.39176e-14 0)
(1.5 1.15562e-13 0)
(1.5 1.30577e-13 0)
(1.5 1.39842e-13 0)
(1.5 1.92522e-13 0)
(1.5 2.2922e-13 0)
(1.5 3.01704e-13 0)
(1.5 2.75723e-13 0)
(1.5 2.62899e-13 0)
(1.5 3.36716e-13 0)
(1.5 3.09479e-13 0)
(1.5 3.1024e-13 0)
(1.5 2.57757e-13 0)
(1.5 1.30351e-13 0)
(1.5 1.36702e-13 0)
(1.5 1.23294e-13 0)
(1.5 1.16198e-13 0)
(1.5 7.86339e-14 0)
(1.5 2.90397e-14 0)
(1.5 -2.53386e-14 0)
(1.5 -3.20209e-14 0)
(1.5 -6.38582e-14 0)
(1.5 -3.09166e-14 0)
(1.5 2.31521e-14 0)
(1.5 7.84866e-15 0)
(1.5 3.61521e-15 0)
(1.5 4.21989e-14 0)
(1.5 -1.2656e-14 0)
(1.5 -2.93492e-14 0)
(1.5 -4.11209e-14 0)
(1.5 -8.9223e-14 0)
(1.5 -5.0529e-14 0)
(1.5 1.38992e-14 0)
(1.5 1.06227e-14 0)
(1.5 3.70339e-14 0)
(1.5 -3.13128e-14 0)
(1.5 -5.83789e-15 0)
(1.5 -3.62458e-14 0)
(1.5 -3.84374e-14 0)
(1.5 1.5834e-14 0)
(1.5 -3.65761e-14 0)
(1.5 -4.52325e-14 0)
(1.5 1.09496e-14 0)
(1.5 4.36498e-14 0)
(1.5 2.79637e-14 0)
(1.5 -1.12489e-15 0)
(1.5 -5.43838e-14 0)
(1.5 -1.29452e-13 0)
(1.5 -1.56722e-13 0)
(1.5 -1.60543e-13 0)
(1.5 -2.51598e-13 0)
(1.5 -2.40673e-13 0)
(1.5 -3.90736e-13 0)
(1.5 -4.78062e-13 0)
(1.5 -4.89643e-13 0)
(1.5 -4.32835e-13 0)
(1.5 -3.63329e-13 0)
(1.5 -2.72957e-13 0)
(1.5 -3.04857e-13 0)
(1.5 -2.59459e-13 0)
(1.5 -2.37109e-13 0)
(1.5 -3.33336e-13 0)
(1.5 -3.68035e-13 0)
(1.5 -5.2062e-13 0)
(1.5 -6.46375e-13 0)
(1.5 -6.38872e-13 0)
(1.5 -6.62175e-13 0)
(1.5 -7.7303e-13 0)
(1.5 -7.74963e-13 0)
(1.5 -7.12149e-13 0)
(1.5 -5.17084e-13 0)
(1.5 -3.92058e-13 0)
(1.5 -4.28108e-13 0)
(1.5 -5.09811e-13 0)
(1.5 -5.13531e-13 0)
(1.5 -5.10006e-13 0)
(1.5 -5.03265e-13 0)
(1.5 -5.53758e-13 0)
(1.5 -4.4607e-13 0)
(1.5 -3.80386e-13 0)
(1.5 -3.4854e-13 0)
(1.5 -3.83788e-13 0)
(1.5 -5.40431e-13 0)
(1.5 -6.34823e-13 0)
(1.5 -6.50191e-13 0)
(1.5 -6.81289e-13 0)
(1.5 -8.32003e-13 0)
(1.5 -1.01401e-12 0)
(1.5 -9.61093e-13 0)
(1.5 -8.40644e-13 0)
(1.5 -7.08988e-13 0)
(1.5 -6.36726e-13 0)
(1.5 -6.30813e-13 0)
(1.5 -6.17232e-13 0)
(1.5 -4.29419e-13 0)
(1.5 -1.95886e-13 0)
(1.5 -1.31598e-13 0)
(1.5 3.97004e-14 0)
(1.5 1.28044e-13 0)
(1.5 1.1653e-13 0)
(1.5 1.31138e-14 0)
(1.5 -5.94531e-14 0)
(1.5 -6.71511e-14 0)
(1.5 -3.93654e-14 0)
(1.5 -1.11035e-13 0)
(1.5 -1.64099e-13 0)
(1.5 -1.30916e-13 0)
(1.5 -6.29497e-14 0)
(1.5 1.16983e-13 0)
(1.5 1.00824e-13 0)
(1.5 2.82326e-14 0)
(1.5 3.56037e-14 0)
(1.5 5.15159e-14 0)
(1.5 -4.77256e-15 0)
(1.5 -6.14792e-14 0)
(1.5 -9.63929e-14 0)
(1.5 -1.30475e-13 0)
(1.5 -1.67309e-13 0)
(1.5 -2.20988e-13 0)
(1.5 -2.26741e-13 0)
(1.5 2.36837e-14 0)
(1.5 8.67121e-14 0)
(1.5 1.85012e-13 0)
(1.5 2.21828e-13 0)
(1.5 2.31897e-13 0)
(1.5 1.67073e-13 0)
(1.5 5.71505e-14 0)
(1.5 1.41567e-14 0)
(1.5 -4.15872e-14 0)
(1.5 -1.11806e-13 0)
(1.5 -9.12008e-14 0)
(1.5 -1.06693e-13 0)
(1.5 -7.71196e-14 0)
(1.5 -6.70127e-14 0)
(1.5 -1.61284e-13 0)
(1.5 -2.16873e-13 0)
(1.5 -2.12899e-13 0)
(1.5 -1.47367e-13 0)
(1.5 -5.35691e-14 0)
(1.5 2.97919e-14 0)
(1.5 1.00707e-13 0)
(1.5 9.06841e-14 0)
(1.5 7.80528e-14 0)
(1.5 9.49063e-14 0)
(1.5 6.54907e-14 0)
(1.5 1.76272e-14 0)
(1.5 -2.92777e-14 0)
(1.5 4.70338e-17 0)
(1.5 -4.56818e-14 0)
(1.5 -7.67662e-14 0)
(1.5 -9.52703e-14 0)
(1.5 -1.11125e-13 0)
(1.5 -7.8156e-14 0)
(1.5 -6.33538e-14 0)
(1.5 -2.32618e-14 0)
(1.5 3.76051e-15 0)
(1.5 -2.84241e-14 0)
(1.5 -2.03999e-14 0)
(1.5 1.97047e-14 0)
(1.5 3.36271e-14 0)
(1.5 8.77449e-14 0)
(1.5 9.13685e-14 0)
(1.5 4.46704e-14 0)
(1.5 3.67981e-14 0)
(1.5 9.33168e-14 0)
(1.5 6.10485e-14 0)
(1.5 1.1735e-14 0)
(1.5 2.23857e-14 0)
(1.5 -1.63401e-15 0)
(1.5 -3.06303e-14 0)
(1.5 -4.78929e-14 0)
(1.5 -8.41479e-14 0)
(1.5 -7.91614e-14 0)
(1.5 -8.1709e-14 0)
(1.5 -1.35995e-14 0)
(1.5 2.68579e-15 0)
(1.5 -5.31149e-14 0)
(1.5 2.06863e-14 0)
(1.5 -1.61375e-14 0)
(1.5 -5.04676e-14 0)
(1.5 -7.73001e-14 0)
(1.5 -6.15525e-14 0)
(1.5 -9.17724e-14 0)
(1.5 -6.54636e-14 0)
(1.5 -2.18292e-14 0)
(1.5 2.45769e-14 0)
(1.5 4.39694e-14 0)
(1.5 7.12384e-14 0)
(1.5 7.34411e-14 0)
(1.5 5.91936e-14 0)
(1.5 1.80842e-14 0)
(1.5 1.01452e-13 0)
(1.5 9.69359e-14 0)
(1.5 9.85533e-14 0)
(1.5 1.41078e-13 0)
(1.5 1.85632e-13 0)
(1.5 1.60839e-13 0)
(1.5 1.26463e-13 0)
(1.5 6.4799e-14 0)
(1.5 5.15422e-14 0)
(1.5 5.71657e-14 0)
(1.5 6.69485e-14 0)
(1.5 7.66752e-14 0)
(1.5 1.09507e-13 0)
(1.5 1.49879e-13 0)
(1.5 1.33945e-13 0)
(1.5 2.01098e-13 0)
(1.5 2.3493e-13 0)
(1.5 2.69884e-13 0)
(1.5 2.69851e-13 0)
(1.5 2.76039e-13 0)
(1.5 2.97739e-13 0)
(1.5 2.8e-13 0)
(1.5 1.53657e-13 0)
(1.5 1.19334e-13 0)
(1.5 1.05249e-13 0)
(1.5 2.26102e-14 0)
(1.5 -1.50124e-14 0)
(1.5 1.61714e-14 0)
(1.5 -1.71379e-14 0)
(1.5 -8.96007e-14 0)
(1.5 -8.62869e-14 0)
(1.5 -3.75422e-14 0)
(1.5 -1.48971e-14 0)
(1.5 1.0124e-14 0)
(1.5 1.23048e-14 0)
(1.5 6.82962e-14 0)
(1.5 4.0567e-14 0)
(1.5 6.15202e-15 0)
(1.5 -4.49285e-14 0)
(1.5 -8.46772e-14 0)
(1.5 -4.07171e-14 0)
(1.5 4.36786e-14 0)
(1.5 7.56923e-14 0)
(1.5 5.53571e-14 0)
(1.5 3.19662e-14 0)
(1.5 1.14493e-13 0)
(1.5 1.37081e-14 0)
(1.5 4.32169e-14 0)
(1.5 9.56735e-15 0)
(1.5 -3.75593e-14 0)
(1.5 -2.27811e-14 0)
(1.5 -1.47931e-14 0)
(1.5 2.72434e-14 0)
(1.5 -6.15442e-15 0)
(1.5 -3.28651e-14 0)
(1.5 2.48119e-14 0)
(1.5 2.5008e-14 0)
(1.5 -4.7662e-14 0)
(1.5 -6.49873e-14 0)
(1.5 -6.00485e-14 0)
(1.5 -4.92588e-14 0)
(1.5 -2.67379e-13 0)
(1.5 -3.71735e-13 0)
(1.5 -3.84323e-13 0)
(1.5 -3.32783e-13 0)
(1.5 -2.19129e-13 0)
(1.5 -1.3178e-13 0)
(1.5 -1.62139e-13 0)
(1.5 -2.14321e-13 0)
(1.5 -2.93727e-13 0)
(1.5 -2.92169e-13 0)
(1.5 -2.0131e-13 0)
(1.5 -2.87086e-13 0)
(1.5 -4.4333e-13 0)
(1.5 -5.02125e-13 0)
(1.5 -5.63303e-13 0)
(1.5 -6.43788e-13 0)
(1.5 -6.55191e-13 0)
(1.5 -5.45719e-13 0)
(1.5 -4.07256e-13 0)
(1.5 -3.36461e-13 0)
(1.5 -3.03647e-13 0)
(1.5 -3.10134e-13 0)
(1.5 -3.68291e-13 0)
(1.5 -3.54463e-13 0)
(1.5 -3.83309e-13 0)
(1.5 -4.44171e-13 0)
(1.5 -4.22734e-13 0)
(1.5 -4.23527e-13 0)
(1.5 -4.58249e-13 0)
(1.5 -4.7032e-13 0)
(1.5 -6.33985e-13 0)
(1.5 -6.54235e-13 0)
(1.5 -6.15882e-13 0)
(1.5 -6.44054e-13 0)
(1.5 -7.17395e-13 0)
(1.5 -9.4022e-13 0)
(1.5 -9.53081e-13 0)
(1.5 -9.19466e-13 0)
(1.5 -8.21425e-13 0)
(1.5 -7.25601e-13 0)
(1.5 -7.70807e-13 0)
(1.5 -6.83156e-13 0)
(1.5 -4.20455e-13 0)
(1.5 -1.41956e-13 0)
(1.5 -6.49927e-14 0)
(1.5 3.15349e-14 0)
(1.5 1.68223e-13 0)
(1.5 2.72382e-13 0)
(1.5 2.50277e-13 0)
(1.5 1.24679e-13 0)
(1.5 6.96343e-14 0)
(1.5 3.70189e-14 0)
(1.5 -4.18538e-14 0)
(1.5 -1.11409e-13 0)
(1.5 -1.18405e-13 0)
(1.5 -3.04918e-14 0)
(1.5 8.60269e-14 0)
(1.5 7.56874e-14 0)
(1.5 4.47283e-14 0)
(1.5 8.80748e-14 0)
(1.5 1.39932e-13 0)
(1.5 1.03123e-13 0)
(1.5 5.8734e-14 0)
(1.5 -2.69656e-14 0)
(1.5 -1.16805e-13 0)
(1.5 -1.60031e-13 0)
(1.5 -1.82751e-13 0)
(1.5 -2.8097e-13 0)
(1.5 -1.60255e-14 0)
(1.5 4.29978e-14 0)
(1.5 6.9258e-14 0)
(1.5 1.00704e-13 0)
(1.5 1.14508e-13 0)
(1.5 5.60068e-14 0)
(1.5 5.25486e-14 0)
(1.5 3.60084e-14 0)
(1.5 -3.52998e-14 0)
(1.5 -7.39435e-14 0)
(1.5 -1.12478e-13 0)
(1.5 -1.75529e-13 0)
(1.5 -1.5906e-13 0)
(1.5 -1.28505e-13 0)
(1.5 -1.43771e-13 0)
(1.5 -2.1144e-13 0)
(1.5 -1.64804e-13 0)
(1.5 -1.60075e-13 0)
(1.5 -9.47008e-14 0)
(1.5 2.62509e-14 0)
(1.5 6.62959e-14 0)
(1.5 8.69625e-14 0)
(1.5 9.69343e-14 0)
(1.5 4.87353e-14 0)
(1.5 1.90729e-14 0)
(1.5 2.25356e-15 0)
(1.5 -2.39727e-14 0)
(1.5 -4.25185e-14 0)
(1.5 -4.03074e-14 0)
(1.5 -4.36438e-14 0)
(1.5 -6.21891e-14 0)
(1.5 -2.55694e-14 0)
(1.5 -1.72093e-14 0)
(1.5 4.00887e-14 0)
(1.5 -2.75994e-15 0)
(1.5 3.06535e-15 0)
(1.5 1.73811e-14 0)
(1.5 -1.70522e-14 0)
(1.5 2.26548e-14 0)
(1.5 3.53007e-14 0)
(1.5 4.53833e-14 0)
(1.5 1.55641e-14 0)
(1.5 4.33086e-14 0)
(1.5 -1.14518e-14 0)
(1.5 9.2078e-14 0)
(1.5 1.46465e-13 0)
(1.5 5.38863e-14 0)
(1.5 1.74669e-15 0)
(1.5 1.57684e-14 0)
(1.5 -1.34702e-14 0)
(1.5 -4.0446e-14 0)
(1.5 -6.52635e-14 0)
(1.5 -4.10311e-14 0)
(1.5 -7.45518e-14 0)
(1.5 -8.68885e-14 0)
(1.5 -1.02008e-13 0)
(1.5 -9.85616e-14 0)
(1.5 -8.97853e-14 0)
(1.5 -7.21286e-14 0)
(1.5 -6.00481e-14 0)
(1.5 -6.52314e-14 0)
(1.5 -8.48963e-14 0)
(1.5 -1.1693e-13 0)
(1.5 -8.93678e-14 0)
(1.5 -3.39148e-14 0)
(1.5 3.05594e-14 0)
(1.5 1.54779e-13 0)
(1.5 1.7161e-13 0)
(1.5 1.10271e-13 0)
(1.5 1.24298e-13 0)
(1.5 6.1971e-14 0)
(1.5 1.06202e-13 0)
(1.5 8.99708e-14 0)
(1.5 9.9645e-14 0)
(1.5 1.43388e-13 0)
(1.5 1.16177e-13 0)
(1.5 1.23559e-13 0)
(1.5 9.36972e-14 0)
(1.5 9.66125e-14 0)
(1.5 1.14832e-13 0)
(1.5 9.07288e-14 0)
(1.5 4.4502e-14 0)
(1.5 6.46658e-14 0)
(1.5 9.92658e-14 0)
(1.5 1.22364e-13 0)
(1.5 1.35551e-13 0)
(1.5 1.71334e-13 0)
(1.5 2.03148e-13 0)
(1.5 1.92167e-13 0)
(1.5 2.04792e-13 0)
(1.5 2.48951e-13 0)
(1.5 3.06852e-13 0)
(1.5 3.21696e-13 0)
(1.5 2.47146e-13 0)
(1.5 1.55231e-13 0)
(1.5 3.92526e-14 0)
(1.5 -6.96546e-14 0)
(1.5 -1.01864e-13 0)
(1.5 -9.10113e-14 0)
(1.5 -7.3995e-14 0)
(1.5 -9.93988e-14 0)
(1.5 -1.04518e-13 0)
(1.5 -1.14119e-13 0)
(1.5 -1.43201e-13 0)
(1.5 -4.50452e-14 0)
(1.5 -1.18375e-14 0)
(1.5 6.01298e-14 0)
(1.5 7.92755e-14 0)
(1.5 5.37681e-14 0)
(1.5 4.15705e-14 0)
(1.5 2.44283e-14 0)
(1.5 8.92048e-14 0)
(1.5 1.7607e-13 0)
(1.5 2.00101e-13 0)
(1.5 1.36131e-13 0)
(1.5 1.46962e-13 0)
(1.5 1.76762e-13 0)
(1.5 1.03105e-13 0)
(1.5 2.21886e-14 0)
(1.5 -5.94405e-14 0)
(1.5 -2.96576e-14 0)
(1.5 4.1866e-14 0)
(1.5 -1.90818e-14 0)
(1.5 -2.5954e-14 0)
(1.5 -4.81464e-14 0)
(1.5 -5.25392e-14 0)
(1.5 7.50062e-14 0)
(1.5 8.57187e-14 0)
(1.5 1.56659e-14 0)
(1.5 -2.61508e-14 0)
(1.5 4.99124e-16 0)
(1.5 2.26165e-14 0)
(1.5 -1.27556e-13 0)
(1.5 -2.67379e-13 0)
(1.5 -2.86244e-13 0)
(1.5 -2.46411e-13 0)
(1.5 -1.19009e-13 0)
(1.5 -9.10638e-14 0)
(1.5 -8.91646e-14 0)
(1.5 -1.71022e-13 0)
(1.5 -3.09985e-13 0)
(1.5 -2.67079e-13 0)
(1.5 -1.98665e-13 0)
(1.5 -2.77748e-13 0)
(1.5 -3.35631e-13 0)
(1.5 -3.84393e-13 0)
(1.5 -4.59864e-13 0)
(1.5 -5.5045e-13 0)
(1.5 -4.83338e-13 0)
(1.5 -4.48147e-13 0)
(1.5 -4.07795e-13 0)
(1.5 -3.20852e-13 0)
(1.5 -2.91197e-13 0)
(1.5 -2.94238e-13 0)
(1.5 -3.79334e-13 0)
(1.5 -3.35674e-13 0)
(1.5 -3.35905e-13 0)
(1.5 -3.50962e-13 0)
(1.5 -4.00377e-13 0)
(1.5 -4.52648e-13 0)
(1.5 -4.5799e-13 0)
(1.5 -4.90696e-13 0)
(1.5 -6.28679e-13 0)
(1.5 -6.22593e-13 0)
(1.5 -6.25516e-13 0)
(1.5 -5.79717e-13 0)
(1.5 -4.90558e-13 0)
(1.5 -6.34074e-13 0)
(1.5 -7.34254e-13 0)
(1.5 -7.91331e-13 0)
(1.5 -8.04414e-13 0)
(1.5 -7.76412e-13 0)
(1.5 -7.51841e-13 0)
(1.5 -6.21426e-13 0)
(1.5 -4.50108e-13 0)
(1.5 -2.78362e-13 0)
(1.5 -6.87344e-14 0)
(1.5 6.33074e-14 0)
(1.5 1.62643e-13 0)
(1.5 2.53382e-13 0)
(1.5 3.01496e-13 0)
(1.5 1.82298e-13 0)
(1.5 2.80758e-14 0)
(1.5 -2.29662e-14 0)
(1.5 -5.85869e-14 0)
(1.5 -1.01405e-13 0)
(1.5 -1.31673e-13 0)
(1.5 -9.63254e-14 0)
(1.5 -3.76094e-14 0)
(1.5 1.9208e-14 0)
(1.5 4.27293e-14 0)
(1.5 3.2821e-14 0)
(1.5 -1.60292e-14 0)
(1.5 6.12321e-14 0)
(1.5 1.05757e-14 0)
(1.5 -7.92725e-14 0)
(1.5 -1.42823e-13 0)
(1.5 -2.3513e-13 0)
(1.5 -2.6521e-13 0)
(1.5 -3.23005e-13 0)
(1.5 -8.62763e-15 0)
(1.5 1.17503e-14 0)
(1.5 -2.98364e-14 0)
(1.5 2.94177e-14 0)
(1.5 8.60201e-14 0)
(1.5 7.77779e-14 0)
(1.5 9.92575e-14 0)
(1.5 1.18385e-13 0)
(1.5 6.6293e-14 0)
(1.5 4.53989e-14 0)
(1.5 4.53265e-14 0)
(1.5 -2.61699e-14 0)
(1.5 -5.74428e-14 0)
(1.5 -7.6765e-14 0)
(1.5 -1.01089e-13 0)
(1.5 -1.59577e-13 0)
(1.5 -1.55308e-13 0)
(1.5 -2.11641e-13 0)
(1.5 -1.90989e-13 0)
(1.5 -1.0243e-13 0)
(1.5 -9.14946e-15 0)
(1.5 4.54477e-14 0)
(1.5 4.08684e-14 0)
(1.5 -2.04525e-14 0)
(1.5 -1.35525e-15 0)
(1.5 3.13992e-14 0)
(1.5 2.7428e-14 0)
(1.5 5.61517e-14 0)
(1.5 1.15063e-13 0)
(1.5 1.38325e-13 0)
(1.5 9.93451e-14 0)
(1.5 9.91189e-15 0)
(1.5 6.13247e-15 0)
(1.5 6.35599e-14 0)
(1.5 3.25766e-14 0)
(1.5 7.67316e-14 0)
(1.5 9.71471e-14 0)
(1.5 6.73266e-14 0)
(1.5 7.1744e-14 0)
(1.5 2.84596e-14 0)
(1.5 -4.44008e-14 0)
(1.5 -6.31509e-14 0)
(1.5 7.50053e-15 0)
(1.5 -4.81328e-14 0)
(1.5 -3.19377e-16 0)
(1.5 5.18458e-14 0)
(1.5 3.64246e-14 0)
(1.5 2.01862e-14 0)
(1.5 6.53755e-14 0)
(1.5 3.11658e-14 0)
(1.5 -1.71551e-14 0)
(1.5 -1.82626e-14 0)
(1.5 1.29645e-14 0)
(1.5 6.62714e-15 0)
(1.5 -7.11674e-14 0)
(1.5 -1.11235e-13 0)
(1.5 -1.08627e-13 0)
(1.5 -1.26782e-13 0)
(1.5 -8.15195e-14 0)
(1.5 7.25059e-17 0)
(1.5 1.97746e-15 0)
(1.5 -5.62803e-15 0)
(1.5 -2.96197e-14 0)
(1.5 -4.17673e-14 0)
(1.5 1.09933e-14 0)
(1.5 9.54868e-14 0)
(1.5 1.9071e-13 0)
(1.5 2.1052e-13 0)
(1.5 1.65183e-13 0)
(1.5 2.07517e-13 0)
(1.5 1.69933e-13 0)
(1.5 1.09044e-13 0)
(1.5 1.08283e-13 0)
(1.5 1.07429e-13 0)
(1.5 1.22486e-13 0)
(1.5 8.90076e-14 0)
(1.5 1.54374e-13 0)
(1.5 2.12834e-13 0)
(1.5 2.0692e-13 0)
(1.5 1.70606e-13 0)
(1.5 1.82504e-13 0)
(1.5 1.04678e-13 0)
(1.5 2.57185e-14 0)
(1.5 3.95419e-14 0)
(1.5 6.63117e-14 0)
(1.5 1.16897e-13 0)
(1.5 1.85348e-13 0)
(1.5 1.97186e-13 0)
(1.5 1.23835e-13 0)
(1.5 1.42638e-13 0)
(1.5 1.35982e-13 0)
(1.5 1.42921e-13 0)
(1.5 1.7606e-13 0)
(1.5 1.74159e-13 0)
(1.5 9.16797e-14 0)
(1.5 1.5236e-14 0)
(1.5 -4.73318e-14 0)
(1.5 -1.14934e-13 0)
(1.5 -1.10113e-13 0)
(1.5 -1.04086e-13 0)
(1.5 -1.09457e-13 0)
(1.5 -1.04216e-13 0)
(1.5 -8.86985e-14 0)
(1.5 -1.57921e-13 0)
(1.5 -8.88131e-14 0)
(1.5 -7.3991e-15 0)
(1.5 9.4337e-14 0)
(1.5 1.79546e-13 0)
(1.5 1.97636e-13 0)
(1.5 1.60213e-13 0)
(1.5 1.82705e-13 0)
(1.5 1.47837e-13 0)
(1.5 1.33209e-13 0)
(1.5 1.78457e-13 0)
(1.5 2.19031e-13 0)
(1.5 1.71664e-13 0)
(1.5 1.15658e-13 0)
(1.5 1.26003e-13 0)
(1.5 7.20865e-14 0)
(1.5 5.13216e-14 0)
(1.5 8.19237e-14 0)
(1.5 5.01255e-14 0)
(1.5 1.58463e-14 0)
(1.5 -2.23073e-14 0)
(1.5 -4.16182e-14 0)
(1.5 -2.44671e-14 0)
(1.5 7.20255e-14 0)
(1.5 5.07773e-14 0)
(1.5 -7.13628e-15 0)
(1.5 -2.71567e-14 0)
(1.5 2.94152e-14 0)
(1.5 8.22714e-15 0)
(1.5 -7.4671e-15 0)
(1.5 -7.66663e-14 0)
(1.5 -8.57319e-14 0)
(1.5 -9.89117e-14 0)
(1.5 -5.74292e-14 0)
(1.5 -8.09287e-14 0)
(1.5 -8.96764e-14 0)
(1.5 -1.59176e-13 0)
(1.5 -2.45916e-13 0)
(1.5 -2.54296e-13 0)
(1.5 -2.6595e-13 0)
(1.5 -3.31203e-13 0)
(1.5 -3.30832e-13 0)
(1.5 -2.88093e-13 0)
(1.5 -2.62366e-13 0)
(1.5 -3.65482e-13 0)
(1.5 -2.99648e-13 0)
(1.5 -3.48194e-13 0)
(1.5 -3.58769e-13 0)
(1.5 -2.63904e-13 0)
(1.5 -2.4558e-13 0)
(1.5 -2.98304e-13 0)
(1.5 -2.34062e-13 0)
(1.5 -1.98712e-13 0)
(1.5 -2.18871e-13 0)
(1.5 -2.33731e-13 0)
(1.5 -3.06677e-13 0)
(1.5 -3.97393e-13 0)
(1.5 -4.49901e-13 0)
(1.5 -4.6074e-13 0)
(1.5 -4.52592e-13 0)
(1.5 -5.34796e-13 0)
(1.5 -5.64634e-13 0)
(1.5 -4.06186e-13 0)
(1.5 -2.93375e-13 0)
(1.5 -4.46747e-13 0)
(1.5 -5.91544e-13 0)
(1.5 -6.62283e-13 0)
(1.5 -6.39035e-13 0)
(1.5 -5.76211e-13 0)
(1.5 -5.41312e-13 0)
(1.5 -4.73717e-13 0)
(1.5 -3.97514e-13 0)
(1.5 -2.99179e-13 0)
(1.5 -1.04666e-13 0)
(1.5 -4.09799e-14 0)
(1.5 3.19004e-14 0)
(1.5 1.46276e-13 0)
(1.5 2.33216e-13 0)
(1.5 1.62605e-13 0)
(1.5 -2.23584e-15 0)
(1.5 -7.25349e-14 0)
(1.5 -1.1258e-13 0)
(1.5 -1.01998e-13 0)
(1.5 -6.4996e-14 0)
(1.5 -9.93039e-14 0)
(1.5 -9.12777e-14 0)
(1.5 -2.1704e-14 0)
(1.5 4.4246e-15 0)
(1.5 -3.22185e-14 0)
(1.5 -1.00028e-13 0)
(1.5 -3.32656e-14 0)
(1.5 -8.81812e-14 0)
(1.5 -1.58554e-13 0)
(1.5 -1.70653e-13 0)
(1.5 -3.08819e-13 0)
(1.5 -3.76004e-13 0)
(1.5 -4.41399e-13 0)
(1.5 -3.88675e-14 0)
(1.5 -2.68061e-14 0)
(1.5 -4.07976e-14 0)
(1.5 3.23423e-15 0)
(1.5 5.81724e-14 0)
(1.5 9.67716e-14 0)
(1.5 6.43576e-14 0)
(1.5 8.90033e-14 0)
(1.5 1.20733e-13 0)
(1.5 1.37638e-13 0)
(1.5 1.84742e-13 0)
(1.5 1.47533e-13 0)
(1.5 8.6871e-14 0)
(1.5 1.50081e-14 0)
(1.5 -6.27174e-14 0)
(1.5 -7.94916e-14 0)
(1.5 -1.47705e-13 0)
(1.5 -2.0308e-13 0)
(1.5 -2.57234e-13 0)
(1.5 -1.99293e-13 0)
(1.5 -1.28606e-13 0)
(1.5 -1.67183e-13 0)
(1.5 -1.6747e-13 0)
(1.5 -1.64226e-13 0)
(1.5 -1.02201e-13 0)
(1.5 -3.40392e-14 0)
(1.5 4.79685e-14 0)
(1.5 1.2297e-13 0)
(1.5 1.67155e-13 0)
(1.5 1.75159e-13 0)
(1.5 9.16178e-14 0)
(1.5 -1.85709e-14 0)
(1.5 7.45077e-15 0)
(1.5 1.86465e-14 0)
(1.5 2.05998e-14 0)
(1.5 3.46864e-14 0)
(1.5 4.80979e-14 0)
(1.5 3.18676e-15 0)
(1.5 -1.68904e-14 0)
(1.5 -3.41346e-14 0)
(1.5 -5.30798e-14 0)
(1.5 -3.94253e-14 0)
(1.5 1.03629e-14 0)
(1.5 9.81971e-15 0)
(1.5 -5.55007e-14 0)
(1.5 -6.03184e-14 0)
(1.5 -2.43916e-14 0)
(1.5 1.9155e-14 0)
(1.5 2.18422e-14 0)
(1.5 3.71497e-14 0)
(1.5 8.15568e-15 0)
(1.5 -1.47015e-14 0)
(1.5 3.09613e-15 0)
(1.5 -1.68628e-14 0)
(1.5 -2.69824e-14 0)
(1.5 -4.78012e-14 0)
(1.5 -5.68168e-14 0)
(1.5 -1.25374e-13 0)
(1.5 -8.00925e-14 0)
(1.5 2.0564e-14 0)
(1.5 5.98384e-14 0)
(1.5 4.63155e-14 0)
(1.5 3.7773e-14 0)
(1.5 -1.77533e-14 0)
(1.5 2.73937e-14 0)
(1.5 8.54026e-14 0)
(1.5 1.36552e-13 0)
(1.5 1.65225e-13 0)
(1.5 1.23331e-13 0)
(1.5 1.95617e-13 0)
(1.5 1.68421e-13 0)
(1.5 1.44954e-13 0)
(1.5 1.28597e-13 0)
(1.5 1.41593e-13 0)
(1.5 1.2102e-13 0)
(1.5 1.27867e-13 0)
(1.5 1.75434e-13 0)
(1.5 2.40077e-13 0)
(1.5 2.2131e-13 0)
(1.5 1.19383e-13 0)
(1.5 1.27074e-13 0)
(1.5 1.02065e-13 0)
(1.5 3.24299e-14 0)
(1.5 2.32575e-14 0)
(1.5 5.32101e-14 0)
(1.5 1.1054e-13 0)
(1.5 1.52595e-13 0)
(1.5 1.26784e-13 0)
(1.5 5.0706e-15 0)
(1.5 -2.21022e-14 0)
(1.5 -2.00571e-15 0)
(1.5 -7.04922e-14 0)
(1.5 -4.90217e-14 0)
(1.5 2.92003e-16 0)
(1.5 -7.1383e-14 0)
(1.5 -9.1335e-14 0)
(1.5 -1.1671e-13 0)
(1.5 -1.48515e-13 0)
(1.5 -1.47672e-13 0)
(1.5 -1.44286e-13 0)
(1.5 -1.48317e-13 0)
(1.5 -1.08415e-13 0)
(1.5 -7.64799e-14 0)
(1.5 -5.90386e-14 0)
(1.5 -6.23684e-14 0)
(1.5 8.87238e-14 0)
(1.5 1.68383e-13 0)
(1.5 2.34843e-13 0)
(1.5 2.49211e-13 0)
(1.5 2.50996e-13 0)
(1.5 2.68851e-13 0)
(1.5 9.83494e-14 0)
(1.5 4.22445e-14 0)
(1.5 7.68256e-14 0)
(1.5 1.72501e-13 0)
(1.5 1.5909e-13 0)
(1.5 7.52785e-14 0)
(1.5 9.36476e-14 0)
(1.5 9.38957e-14 0)
(1.5 1.08429e-13 0)
(1.5 1.06205e-13 0)
(1.5 1.70397e-14 0)
(1.5 -9.33345e-15 0)
(1.5 -1.93017e-14 0)
(1.5 1.57933e-14 0)
(1.5 6.57166e-14 0)
(1.5 8.78004e-14 0)
(1.5 1.00086e-13 0)
(1.5 7.53918e-14 0)
(1.5 7.22379e-14 0)
(1.5 8.38253e-14 0)
(1.5 8.394e-14 0)
(1.5 1.34481e-13 0)
(1.5 1.31039e-13 0)
(1.5 9.97101e-14 0)
(1.5 1.30805e-14 0)
(1.5 -5.53974e-14 0)
(1.5 -1.22577e-13 0)
(1.5 -1.35715e-13 0)
(1.5 -1.32151e-13 0)
(1.5 -1.76342e-13 0)
(1.5 -2.65921e-13 0)
(1.5 -3.07814e-13 0)
(1.5 -3.09763e-13 0)
(1.5 -3.71943e-13 0)
(1.5 -3.32e-13 0)
(1.5 -2.32583e-13 0)
(1.5 -2.42974e-13 0)
(1.5 -2.87539e-13 0)
(1.5 -3.24025e-13 0)
(1.5 -3.69563e-13 0)
(1.5 -3.4608e-13 0)
(1.5 -3.34779e-13 0)
(1.5 -3.02996e-13 0)
(1.5 -1.23325e-13 0)
(1.5 -1.00866e-13 0)
(1.5 -9.80146e-14 0)
(1.5 -1.1136e-13 0)
(1.5 -1.63224e-13 0)
(1.5 -2.81422e-13 0)
(1.5 -4.05109e-13 0)
(1.5 -4.34622e-13 0)
(1.5 -4.17156e-13 0)
(1.5 -4.89064e-13 0)
(1.5 -4.26088e-13 0)
(1.5 -3.01168e-13 0)
(1.5 -3.15445e-13 0)
(1.5 -4.68817e-13 0)
(1.5 -6.33049e-13 0)
(1.5 -6.70494e-13 0)
(1.5 -5.57829e-13 0)
(1.5 -3.80171e-13 0)
(1.5 -4.05654e-13 0)
(1.5 -4.0272e-13 0)
(1.5 -3.459e-13 0)
(1.5 -2.72e-13 0)
(1.5 -1.49534e-13 0)
(1.5 -1.5113e-13 0)
(1.5 -5.194e-14 0)
(1.5 8.79264e-14 0)
(1.5 1.20038e-13 0)
(1.5 7.30259e-14 0)
(1.5 -4.0449e-14 0)
(1.5 -2.02135e-13 0)
(1.5 -2.21964e-13 0)
(1.5 -1.64609e-13 0)
(1.5 -1.21008e-13 0)
(1.5 -2.29146e-13 0)
(1.5 -3.03343e-13 0)
(1.5 -2.21189e-13 0)
(1.5 -2.16648e-13 0)
(1.5 -1.79969e-13 0)
(1.5 -1.67299e-13 0)
(1.5 -1.47693e-13 0)
(1.5 -1.45917e-13 0)
(1.5 -2.18601e-13 0)
(1.5 -2.91355e-13 0)
(1.5 -4.32416e-13 0)
(1.5 -5.62697e-13 0)
(1.5 -6.56723e-13 0)
(1.5 -4.24448e-14 0)
(1.5 -5.1676e-14 0)
(1.5 -5.62158e-14 0)
(1.5 -3.11836e-14 0)
(1.5 -1.55848e-14 0)
(1.5 -1.35933e-14 0)
(1.5 -5.03372e-14 0)
(1.5 -6.13664e-14 0)
(1.5 1.51332e-14 0)
(1.5 8.3646e-14 0)
(1.5 1.17338e-13 0)
(1.5 1.86767e-13 0)
(1.5 1.95876e-13 0)
(1.5 1.38832e-13 0)
(1.5 8.3835e-14 0)
(1.5 8.06553e-15 0)
(1.5 -7.64911e-14 0)
(1.5 -1.31895e-13 0)
(1.5 -1.79128e-13 0)
(1.5 -1.87346e-13 0)
(1.5 -2.23708e-13 0)
(1.5 -3.33412e-13 0)
(1.5 -3.64928e-13 0)
(1.5 -3.3901e-13 0)
(1.5 -2.61922e-13 0)
(1.5 -1.25282e-13 0)
(1.5 2.95351e-14 0)
(1.5 5.40664e-14 0)
(1.5 8.7816e-14 0)
(1.5 7.90732e-14 0)
(1.5 1.03009e-14 0)
(1.5 1.54548e-14 0)
(1.5 4.39514e-14 0)
(1.5 -2.06439e-15 0)
(1.5 4.07257e-15 0)
(1.5 4.75024e-15 0)
(1.5 -8.56849e-16 0)
(1.5 -3.88257e-14 0)
(1.5 -7.41878e-14 0)
(1.5 -5.16236e-14 0)
(1.5 -2.69227e-14 0)
(1.5 5.15684e-14 0)
(1.5 7.18597e-14 0)
(1.5 9.32393e-14 0)
(1.5 8.25554e-15 0)
(1.5 1.72425e-15 0)
(1.5 4.24623e-14 0)
(1.5 2.2295e-14 0)
(1.5 -1.94477e-14 0)
(1.5 1.88394e-14 0)
(1.5 4.28503e-14 0)
(1.5 1.36934e-14 0)
(1.5 -3.37844e-14 0)
(1.5 -5.52526e-14 0)
(1.5 1.51093e-14 0)
(1.5 1.66076e-14 0)
(1.5 -2.50496e-14 0)
(1.5 -1.09564e-13 0)
(1.5 -8.06079e-14 0)
(1.5 -1.20929e-14 0)
(1.5 5.95826e-14 0)
(1.5 1.86643e-14 0)
(1.5 6.10971e-14 0)
(1.5 5.0424e-14 0)
(1.5 5.61853e-14 0)
(1.5 8.36045e-14 0)
(1.5 6.78629e-14 0)
(1.5 9.7792e-14 0)
(1.5 7.99581e-14 0)
(1.5 9.99936e-14 0)
(1.5 1.09113e-13 0)
(1.5 1.21334e-13 0)
(1.5 1.40543e-13 0)
(1.5 1.53086e-13 0)
(1.5 1.68951e-13 0)
(1.5 1.93027e-13 0)
(1.5 1.45547e-13 0)
(1.5 1.30136e-13 0)
(1.5 9.98795e-14 0)
(1.5 6.53517e-14 0)
(1.5 5.26377e-14 0)
(1.5 8.04635e-14 0)
(1.5 9.35471e-14 0)
(1.5 7.23796e-14 0)
(1.5 7.636e-14 0)
(1.5 1.4859e-13 0)
(1.5 8.02168e-14 0)
(1.5 7.61406e-14 0)
(1.5 4.24169e-14 0)
(1.5 4.14167e-14 0)
(1.5 7.74851e-14 0)
(1.5 4.28071e-14 0)
(1.5 -4.22034e-14 0)
(1.5 -4.28582e-14 0)
(1.5 -5.39382e-14 0)
(1.5 -1.20595e-13 0)
(1.5 -1.48011e-13 0)
(1.5 -1.85939e-13 0)
(1.5 -1.85977e-13 0)
(1.5 -1.42245e-13 0)
(1.5 -6.68002e-14 0)
(1.5 -2.33993e-14 0)
(1.5 -3.85454e-14 0)
(1.5 5.01943e-14 0)
(1.5 1.84438e-14 0)
(1.5 4.58632e-14 0)
(1.5 7.80572e-14 0)
(1.5 1.13022e-13 0)
(1.5 1.52268e-13 0)
(1.5 1.92862e-13 0)
(1.5 1.30435e-13 0)
(1.5 2.8255e-14 0)
(1.5 1.86002e-14 0)
(1.5 7.75057e-15 0)
(1.5 4.30982e-14 0)
(1.5 1.39466e-13 0)
(1.5 1.07899e-13 0)
(1.5 1.11731e-13 0)
(1.5 1.06417e-13 0)
(1.5 8.80539e-14 0)
(1.5 5.72616e-14 0)
(1.5 4.85417e-14 0)
(1.5 4.68507e-14 0)
(1.5 4.937e-14 0)
(1.5 8.29815e-14 0)
(1.5 1.29631e-13 0)
(1.5 8.66991e-14 0)
(1.5 9.59681e-14 0)
(1.5 6.13199e-14 0)
(1.5 4.41722e-14 0)
(1.5 7.96816e-14 0)
(1.5 1.48105e-13 0)
(1.5 2.1026e-13 0)
(1.5 2.02689e-13 0)
(1.5 2.17916e-13 0)
(1.5 1.00779e-13 0)
(1.5 -1.38601e-14 0)
(1.5 -2.67451e-14 0)
(1.5 -4.75609e-14 0)
(1.5 -8.29357e-14 0)
(1.5 -1.44611e-13 0)
(1.5 -2.61371e-13 0)
(1.5 -3.21948e-13 0)
(1.5 -3.03688e-13 0)
(1.5 -3.6678e-13 0)
(1.5 -3.9639e-13 0)
(1.5 -3.27772e-13 0)
(1.5 -2.9576e-13 0)
(1.5 -3.89024e-13 0)
(1.5 -3.31499e-13 0)
(1.5 -3.18667e-13 0)
(1.5 -3.41985e-13 0)
(1.5 -3.36201e-13 0)
(1.5 -2.8462e-13 0)
(1.5 -1.61549e-13 0)
(1.5 -6.89533e-14 0)
(1.5 -7.33199e-14 0)
(1.5 -1.52919e-13 0)
(1.5 -2.28731e-13 0)
(1.5 -3.34935e-13 0)
(1.5 -3.80155e-13 0)
(1.5 -3.54242e-13 0)
(1.5 -4.9024e-13 0)
(1.5 -4.88301e-13 0)
(1.5 -3.8215e-13 0)
(1.5 -3.79528e-13 0)
(1.5 -4.62555e-13 0)
(1.5 -5.00807e-13 0)
(1.5 -5.59729e-13 0)
(1.5 -5.80663e-13 0)
(1.5 -4.97742e-13 0)
(1.5 -3.37409e-13 0)
(1.5 -3.32214e-13 0)
(1.5 -2.90556e-13 0)
(1.5 -2.35991e-13 0)
(1.5 -2.17484e-13 0)
(1.5 -1.16246e-13 0)
(1.5 -1.18741e-13 0)
(1.5 -1.25551e-13 0)
(1.5 -4.8351e-14 0)
(1.5 -4.37114e-14 0)
(1.5 -1.16636e-13 0)
(1.5 -2.33906e-13 0)
(1.5 -4.24132e-13 0)
(1.5 -4.50565e-13 0)
(1.5 -3.72702e-13 0)
(1.5 -3.54187e-13 0)
(1.5 -4.44555e-13 0)
(1.5 -5.61938e-13 0)
(1.5 -5.13237e-13 0)
(1.5 -4.69072e-13 0)
(1.5 -3.68695e-13 0)
(1.5 -3.09678e-13 0)
(1.5 -2.91951e-13 0)
(1.5 -2.17953e-13 0)
(1.5 -2.63314e-13 0)
(1.5 -3.76208e-13 0)
(1.5 -4.53117e-13 0)
(1.5 -5.9614e-13 0)
(1.5 -6.76636e-13 0)
(1.5 -5.03659e-15 0)
(1.5 -9.3069e-14 0)
(1.5 -1.38048e-13 0)
(1.5 -1.34456e-13 0)
(1.5 -1.51849e-13 0)
(1.5 -1.37024e-13 0)
(1.5 -1.54522e-13 0)
(1.5 -1.83777e-13 0)
(1.5 -1.21604e-13 0)
(1.5 -8.29856e-14 0)
(1.5 -5.43887e-14 0)
(1.5 1.06379e-13 0)
(1.5 1.94073e-13 0)
(1.5 1.91521e-13 0)
(1.5 1.2274e-13 0)
(1.5 4.30081e-14 0)
(1.5 6.26707e-15 0)
(1.5 -1.58859e-14 0)
(1.5 -7.74856e-14 0)
(1.5 -1.92762e-13 0)
(1.5 -2.86731e-13 0)
(1.5 -3.4481e-13 0)
(1.5 -3.68329e-13 0)
(1.5 -3.71193e-13 0)
(1.5 -3.26929e-13 0)
(1.5 -1.86881e-13 0)
(1.5 -5.92347e-14 0)
(1.5 -1.98827e-14 0)
(1.5 1.85384e-14 0)
(1.5 -2.13029e-14 0)
(1.5 2.68432e-14 0)
(1.5 1.29924e-13 0)
(1.5 1.04677e-13 0)
(1.5 2.82193e-14 0)
(1.5 5.99829e-15 0)
(1.5 3.49057e-14 0)
(1.5 6.43248e-15 0)
(1.5 -1.20852e-14 0)
(1.5 -1.28836e-14 0)
(1.5 -1.66691e-14 0)
(1.5 -1.3538e-14 0)
(1.5 6.57884e-14 0)
(1.5 7.63596e-14 0)
(1.5 9.19387e-14 0)
(1.5 2.86148e-14 0)
(1.5 8.91399e-15 0)
(1.5 3.85672e-14 0)
(1.5 3.68951e-14 0)
(1.5 9.05286e-15 0)
(1.5 1.58228e-15 0)
(1.5 -1.42364e-14 0)
(1.5 -4.63234e-14 0)
(1.5 -9.10362e-14 0)
(1.5 -9.06743e-14 0)
(1.5 -5.82055e-14 0)
(1.5 8.95396e-15 0)
(1.5 1.42396e-14 0)
(1.5 -3.8203e-14 0)
(1.5 -3.83786e-14 0)
(1.5 3.92189e-14 0)
(1.5 7.12492e-14 0)
(1.5 2.96812e-14 0)
(1.5 7.22617e-14 0)
(1.5 1.10822e-13 0)
(1.5 1.01652e-13 0)
(1.5 6.28925e-14 0)
(1.5 1.57477e-15 0)
(1.5 5.55024e-14 0)
(1.5 1.07082e-13 0)
(1.5 4.31157e-14 0)
(1.5 6.41562e-14 0)
(1.5 7.74654e-14 0)
(1.5 1.48171e-13 0)
(1.5 1.27161e-13 0)
(1.5 1.5412e-13 0)
(1.5 1.92344e-13 0)
(1.5 9.32724e-14 0)
(1.5 4.71461e-14 0)
(1.5 -4.18199e-15 0)
(1.5 2.84427e-14 0)
(1.5 6.02762e-14 0)
(1.5 8.02086e-14 0)
(1.5 8.78315e-14 0)
(1.5 6.62596e-14 0)
(1.5 8.79706e-14 0)
(1.5 9.46807e-14 0)
(1.5 2.15633e-14 0)
(1.5 3.11366e-14 0)
(1.5 9.47272e-14 0)
(1.5 1.36995e-13 0)
(1.5 1.75042e-13 0)
(1.5 1.45167e-13 0)
(1.5 1.94057e-14 0)
(1.5 -1.0751e-13 0)
(1.5 -1.02655e-13 0)
(1.5 -1.55534e-13 0)
(1.5 -1.73644e-13 0)
(1.5 -2.18636e-13 0)
(1.5 -2.10778e-13 0)
(1.5 -1.4443e-13 0)
(1.5 -8.49401e-14 0)
(1.5 -5.2626e-14 0)
(1.5 -3.03125e-14 0)
(1.5 1.38245e-14 0)
(1.5 7.05427e-14 0)
(1.5 3.98524e-14 0)
(1.5 -2.3054e-14 0)
(1.5 -7.02386e-14 0)
(1.5 -2.77457e-14 0)
(1.5 6.00745e-14 0)
(1.5 4.07065e-14 0)
(1.5 7.16991e-14 0)
(1.5 1.18677e-13 0)
(1.5 1.51316e-13 0)
(1.5 1.39931e-13 0)
(1.5 1.98626e-13 0)
(1.5 2.46384e-13 0)
(1.5 2.30291e-13 0)
(1.5 2.3347e-13 0)
(1.5 2.15737e-13 0)
(1.5 1.48537e-13 0)
(1.5 1.0397e-13 0)
(1.5 1.58085e-13 0)
(1.5 1.91677e-13 0)
(1.5 2.13255e-13 0)
(1.5 2.31757e-13 0)
(1.5 1.67795e-13 0)
(1.5 1.31685e-13 0)
(1.5 3.22898e-14 0)
(1.5 -3.10906e-14 0)
(1.5 1.28068e-13 0)
(1.5 1.91772e-13 0)
(1.5 1.74699e-13 0)
(1.5 1.78151e-13 0)
(1.5 2.11257e-13 0)
(1.5 1.71206e-13 0)
(1.5 9.47348e-14 0)
(1.5 1.121e-13 0)
(1.5 2.50999e-14 0)
(1.5 -1.38599e-13 0)
(1.5 -1.99157e-13 0)
(1.5 -2.77088e-13 0)
(1.5 -3.08446e-13 0)
(1.5 -3.04744e-13 0)
(1.5 -2.70759e-13 0)
(1.5 -2.94807e-13 0)
(1.5 -3.38621e-13 0)
(1.5 -3.58207e-13 0)
(1.5 -4.43312e-13 0)
(1.5 -3.52944e-13 0)
(1.5 -2.63277e-13 0)
(1.5 -3.03348e-13 0)
(1.5 -3.10712e-13 0)
(1.5 -3.15345e-13 0)
(1.5 -3.06555e-13 0)
(1.5 -1.80378e-13 0)
(1.5 -1.90759e-13 0)
(1.5 -2.63394e-13 0)
(1.5 -3.17155e-13 0)
(1.5 -3.64592e-13 0)
(1.5 -3.12922e-13 0)
(1.5 -2.30451e-13 0)
(1.5 -4.36982e-13 0)
(1.5 -4.5236e-13 0)
(1.5 -4.23677e-13 0)
(1.5 -4.76983e-13 0)
(1.5 -5.26785e-13 0)
(1.5 -5.31705e-13 0)
(1.5 -5.46372e-13 0)
(1.5 -5.23209e-13 0)
(1.5 -4.11723e-13 0)
(1.5 -2.85684e-13 0)
(1.5 -1.58351e-13 0)
(1.5 -3.70217e-14 0)
(1.5 -2.33635e-14 0)
(1.5 -4.43359e-14 0)
(1.5 -6.09278e-14 0)
(1.5 -8.52582e-14 0)
(1.5 -1.68219e-13 0)
(1.5 -2.33689e-13 0)
(1.5 -2.31148e-13 0)
(1.5 -2.99213e-13 0)
(1.5 -3.58448e-13 0)
(1.5 -4.40777e-13 0)
(1.5 -4.66462e-13 0)
(1.5 -4.74585e-13 0)
(1.5 -5.57592e-13 0)
(1.5 -6.50507e-13 0)
(1.5 -7.77534e-13 0)
(1.5 -7.80277e-13 0)
(1.5 -6.3376e-13 0)
(1.5 -4.8908e-13 0)
(1.5 -4.37539e-13 0)
(1.5 -4.90638e-13 0)
(1.5 -4.66042e-13 0)
(1.5 -4.48575e-13 0)
(1.5 -4.76721e-13 0)
(1.5 -5.17939e-13 0)
(1.5 -6.60801e-13 0)
(1.5 -7.51135e-13 0)
(1.5 3.96511e-15 0)
(1.5 -7.00599e-14 0)
(1.5 -1.19208e-13 0)
(1.5 -1.24544e-13 0)
(1.5 -1.47584e-13 0)
(1.5 -1.75567e-13 0)
(1.5 -2.15985e-13 0)
(1.5 -2.30307e-13 0)
(1.5 -1.53695e-13 0)
(1.5 -1.45775e-13 0)
(1.5 -1.12106e-13 0)
(1.5 4.4481e-15 0)
(1.5 8.68256e-14 0)
(1.5 1.46533e-13 0)
(1.5 8.7037e-14 0)
(1.5 8.99297e-14 0)
(1.5 7.75766e-14 0)
(1.5 2.68929e-14 0)
(1.5 -9.84122e-15 0)
(1.5 -8.33135e-14 0)
(1.5 -1.66914e-13 0)
(1.5 -1.77938e-13 0)
(1.5 -1.99367e-13 0)
(1.5 -2.09426e-13 0)
(1.5 -2.334e-13 0)
(1.5 -1.80021e-13 0)
(1.5 -1.40674e-13 0)
(1.5 -1.14229e-13 0)
(1.5 -8.89589e-14 0)
(1.5 -9.19195e-14 0)
(1.5 3.68224e-14 0)
(1.5 1.46664e-13 0)
(1.5 1.31874e-13 0)
(1.5 5.00224e-14 0)
(1.5 2.91521e-14 0)
(1.5 2.84575e-14 0)
(1.5 3.89677e-14 0)
(1.5 2.04977e-14 0)
(1.5 2.3011e-14 0)
(1.5 1.76131e-14 0)
(1.5 2.59117e-15 0)
(1.5 -1.39598e-14 0)
(1.5 -1.87726e-14 0)
(1.5 2.08388e-15 0)
(1.5 -2.62685e-14 0)
(1.5 2.21345e-14 0)
(1.5 1.61073e-14 0)
(1.5 4.61554e-14 0)
(1.5 3.0864e-14 0)
(1.5 1.03449e-14 0)
(1.5 -4.46254e-14 0)
(1.5 -1.13483e-13 0)
(1.5 -1.11223e-13 0)
(1.5 -1.06336e-13 0)
(1.5 -9.24287e-14 0)
(1.5 -3.39707e-15 0)
(1.5 4.69688e-14 0)
(1.5 3.23508e-14 0)
(1.5 2.76599e-14 0)
(1.5 6.06793e-14 0)
(1.5 8.26386e-14 0)
(1.5 4.9322e-14 0)
(1.5 4.08223e-14 0)
(1.5 1.12632e-13 0)
(1.5 8.97965e-14 0)
(1.5 8.92655e-15 0)
(1.5 6.47274e-16 0)
(1.5 -4.3903e-15 0)
(1.5 5.60325e-14 0)
(1.5 -3.52978e-15 0)
(1.5 -1.7037e-16 0)
(1.5 2.65238e-15 0)
(1.5 4.25934e-14 0)
(1.5 5.63444e-14 0)
(1.5 1.06671e-13 0)
(1.5 6.91071e-14 0)
(1.5 2.67791e-14 0)
(1.5 -7.3738e-16 0)
(1.5 -1.57677e-14 0)
(1.5 -3.23031e-14 0)
(1.5 1.64311e-14 0)
(1.5 4.77422e-14 0)
(1.5 6.25474e-14 0)
(1.5 5.74414e-14 0)
(1.5 6.60981e-14 0)
(1.5 2.72309e-14 0)
(1.5 7.60388e-14 0)
(1.5 3.42201e-14 0)
(1.5 7.14424e-14 0)
(1.5 1.43691e-13 0)
(1.5 1.5965e-13 0)
(1.5 8.91189e-14 0)
(1.5 -1.45971e-15 0)
(1.5 -1.50523e-13 0)
(1.5 -2.768e-13 0)
(1.5 -3.03882e-13 0)
(1.5 -2.56324e-13 0)
(1.5 -1.95502e-13 0)
(1.5 -1.96171e-13 0)
(1.5 -2.06278e-13 0)
(1.5 -1.9997e-13 0)
(1.5 -1.38358e-13 0)
(1.5 -7.27893e-14 0)
(1.5 -2.14658e-14 0)
(1.5 1.63836e-14 0)
(1.5 -1.47714e-14 0)
(1.5 -1.03373e-13 0)
(1.5 -1.31453e-13 0)
(1.5 -8.53527e-14 0)
(1.5 -1.16586e-14 0)
(1.5 2.86691e-14 0)
(1.5 1.04533e-13 0)
(1.5 2.3839e-13 0)
(1.5 2.56117e-13 0)
(1.5 2.29806e-13 0)
(1.5 1.94705e-13 0)
(1.5 2.13469e-13 0)
(1.5 2.61396e-13 0)
(1.5 2.61443e-13 0)
(1.5 2.06783e-13 0)
(1.5 1.39507e-13 0)
(1.5 1.35317e-13 0)
(1.5 1.84003e-13 0)
(1.5 2.85059e-13 0)
(1.5 3.34908e-13 0)
(1.5 2.93617e-13 0)
(1.5 2.00341e-13 0)
(1.5 1.52335e-13 0)
(1.5 8.27181e-14 0)
(1.5 2.54949e-14 0)
(1.5 1.54915e-13 0)
(1.5 2.15231e-13 0)
(1.5 1.77345e-13 0)
(1.5 1.90812e-13 0)
(1.5 1.61794e-13 0)
(1.5 1.34587e-13 0)
(1.5 8.38552e-14 0)
(1.5 4.91482e-14 0)
(1.5 -2.44545e-14 0)
(1.5 -1.11004e-13 0)
(1.5 -1.53435e-13 0)
(1.5 -1.90968e-13 0)
(1.5 -2.77519e-13 0)
(1.5 -2.27231e-13 0)
(1.5 -1.79581e-13 0)
(1.5 -2.48717e-13 0)
(1.5 -3.55751e-13 0)
(1.5 -3.82687e-13 0)
(1.5 -4.47714e-13 0)
(1.5 -4.26812e-13 0)
(1.5 -3.9445e-13 0)
(1.5 -3.79948e-13 0)
(1.5 -3.19778e-13 0)
(1.5 -3.04705e-13 0)
(1.5 -3.06486e-13 0)
(1.5 -2.86261e-13 0)
(1.5 -2.5609e-13 0)
(1.5 -3.11302e-13 0)
(1.5 -3.07074e-13 0)
(1.5 -3.30151e-13 0)
(1.5 -2.6002e-13 0)
(1.5 -2.10002e-13 0)
(1.5 -3.44887e-13 0)
(1.5 -4.03361e-13 0)
(1.5 -4.48513e-13 0)
(1.5 -4.94752e-13 0)
(1.5 -4.52681e-13 0)
(1.5 -4.41079e-13 0)
(1.5 -4.38914e-13 0)
(1.5 -3.93087e-13 0)
(1.5 -3.49866e-13 0)
(1.5 -2.52582e-13 0)
(1.5 4.32662e-14 0)
(1.5 1.50325e-13 0)
(1.5 1.11117e-13 0)
(1.5 6.93211e-15 0)
(1.5 -1.17046e-13 0)
(1.5 -1.21645e-13 0)
(1.5 -1.56753e-13 0)
(1.5 -3.41405e-13 0)
(1.5 -3.69228e-13 0)
(1.5 -3.5473e-13 0)
(1.5 -3.74773e-13 0)
(1.5 -3.99687e-13 0)
(1.5 -3.95208e-13 0)
(1.5 -4.56274e-13 0)
(1.5 -5.81864e-13 0)
(1.5 -6.9945e-13 0)
(1.5 -8.54233e-13 0)
(1.5 -9.77855e-13 0)
(1.5 -8.52483e-13 0)
(1.5 -7.31966e-13 0)
(1.5 -6.96562e-13 0)
(1.5 -7.00953e-13 0)
(1.5 -6.25845e-13 0)
(1.5 -5.19314e-13 0)
(1.5 -5.37285e-13 0)
(1.5 -6.22294e-13 0)
(1.5 -7.47921e-13 0)
(1.5 -8.05296e-13 0)
(1.5 1.97579e-14 0)
(1.5 2.20074e-14 0)
(1.5 1.33318e-14 0)
(1.5 1.7787e-14 0)
(1.5 -3.13187e-14 0)
(1.5 -1.5163e-13 0)
(1.5 -1.78692e-13 0)
(1.5 -1.80976e-13 0)
(1.5 -1.58325e-13 0)
(1.5 -1.63335e-13 0)
(1.5 -6.73756e-14 0)
(1.5 2.47922e-14 0)
(1.5 9.00391e-14 0)
(1.5 1.47201e-13 0)
(1.5 1.5278e-13 0)
(1.5 1.44048e-13 0)
(1.5 1.47487e-13 0)
(1.5 5.65872e-14 0)
(1.5 -3.97171e-15 0)
(1.5 5.41932e-15 0)
(1.5 -4.57286e-14 0)
(1.5 -5.37332e-14 0)
(1.5 -6.72572e-14 0)
(1.5 -6.39102e-14 0)
(1.5 -5.69627e-14 0)
(1.5 -9.98483e-14 0)
(1.5 -1.03201e-13 0)
(1.5 -9.9857e-14 0)
(1.5 -1.13665e-13 0)
(1.5 -5.65645e-14 0)
(1.5 -2.95951e-15 0)
(1.5 6.50644e-14 0)
(1.5 6.1207e-14 0)
(1.5 2.63283e-14 0)
(1.5 4.5381e-14 0)
(1.5 2.83095e-14 0)
(1.5 1.26334e-14 0)
(1.5 3.12187e-14 0)
(1.5 1.24772e-14 0)
(1.5 1.10383e-14 0)
(1.5 1.54679e-14 0)
(1.5 -2.06891e-14 0)
(1.5 -4.24584e-14 0)
(1.5 7.28545e-15 0)
(1.5 1.27436e-14 0)
(1.5 4.42903e-14 0)
(1.5 3.60761e-14 0)
(1.5 6.57648e-14 0)
(1.5 5.10912e-14 0)
(1.5 3.86299e-15 0)
(1.5 -8.77621e-15 0)
(1.5 -4.77386e-14 0)
(1.5 -6.01803e-14 0)
(1.5 -6.35006e-14 0)
(1.5 1.5686e-14 0)
(1.5 6.24714e-14 0)
(1.5 6.22367e-14 0)
(1.5 5.76424e-14 0)
(1.5 9.42843e-14 0)
(1.5 9.39071e-14 0)
(1.5 9.96176e-14 0)
(1.5 6.84976e-14 0)
(1.5 2.10674e-14 0)
(1.5 6.51891e-14 0)
(1.5 7.89594e-14 0)
(1.5 5.67585e-14 0)
(1.5 3.51436e-14 0)
(1.5 8.44108e-16 0)
(1.5 2.50996e-14 0)
(1.5 1.77038e-14 0)
(1.5 -2.5192e-14 0)
(1.5 -7.95731e-14 0)
(1.5 -4.50396e-14 0)
(1.5 5.08708e-14 0)
(1.5 3.11098e-14 0)
(1.5 -1.0201e-14 0)
(1.5 -3.13215e-14 0)
(1.5 -3.87835e-14 0)
(1.5 3.06409e-14 0)
(1.5 -2.57392e-14 0)
(1.5 -5.96834e-15 0)
(1.5 2.03064e-14 0)
(1.5 -4.14028e-15 0)
(1.5 3.16205e-14 0)
(1.5 3.60001e-14 0)
(1.5 4.38556e-14 0)
(1.5 6.14794e-14 0)
(1.5 7.74017e-14 0)
(1.5 1.1624e-13 0)
(1.5 1.68391e-13 0)
(1.5 1.1073e-13 0)
(1.5 3.96373e-15 0)
(1.5 -4.74462e-14 0)
(1.5 -1.38333e-13 0)
(1.5 -2.59339e-13 0)
(1.5 -2.7246e-13 0)
(1.5 -1.96287e-13 0)
(1.5 -1.56784e-13 0)
(1.5 -1.65011e-13 0)
(1.5 -2.48165e-13 0)
(1.5 -2.63968e-13 0)
(1.5 -1.64971e-13 0)
(1.5 -7.66287e-14 0)
(1.5 -4.3631e-15 0)
(1.5 -5.54854e-14 0)
(1.5 -1.75504e-13 0)
(1.5 -2.58702e-13 0)
(1.5 -1.68948e-13 0)
(1.5 -8.23819e-14 0)
(1.5 -6.87815e-14 0)
(1.5 2.11657e-15 0)
(1.5 1.46448e-13 0)
(1.5 2.32523e-13 0)
(1.5 1.51409e-13 0)
(1.5 8.46672e-14 0)
(1.5 2.24734e-14 0)
(1.5 2.65823e-14 0)
(1.5 1.66873e-13 0)
(1.5 1.91535e-13 0)
(1.5 1.15671e-13 0)
(1.5 6.85648e-14 0)
(1.5 8.37505e-14 0)
(1.5 1.07895e-13 0)
(1.5 1.53613e-13 0)
(1.5 1.91121e-13 0)
(1.5 1.80167e-13 0)
(1.5 1.42187e-13 0)
(1.5 1.17345e-13 0)
(1.5 1.17358e-13 0)
(1.5 9.20669e-14 0)
(1.5 1.23765e-13 0)
(1.5 2.01817e-13 0)
(1.5 2.66283e-13 0)
(1.5 2.71172e-13 0)
(1.5 1.74683e-13 0)
(1.5 1.26795e-13 0)
(1.5 7.31178e-14 0)
(1.5 4.00077e-14 0)
(1.5 2.555e-14 0)
(1.5 -1.5554e-14 0)
(1.5 -5.22285e-14 0)
(1.5 -1.03638e-13 0)
(1.5 -2.26846e-13 0)
(1.5 -2.23332e-13 0)
(1.5 -2.00159e-13 0)
(1.5 -2.71396e-13 0)
(1.5 -2.97687e-13 0)
(1.5 -3.31148e-13 0)
(1.5 -3.95157e-13 0)
(1.5 -4.47025e-13 0)
(1.5 -3.81406e-13 0)
(1.5 -3.46051e-13 0)
(1.5 -3.18735e-13 0)
(1.5 -2.94777e-13 0)
(1.5 -3.23693e-13 0)
(1.5 -3.5963e-13 0)
(1.5 -2.66191e-13 0)
(1.5 -2.75285e-13 0)
(1.5 -2.95816e-13 0)
(1.5 -2.90193e-13 0)
(1.5 -2.45849e-13 0)
(1.5 -2.53557e-13 0)
(1.5 -2.62012e-13 0)
(1.5 -3.12659e-13 0)
(1.5 -3.75925e-13 0)
(1.5 -4.38245e-13 0)
(1.5 -4.07715e-13 0)
(1.5 -3.60412e-13 0)
(1.5 -2.9851e-13 0)
(1.5 -2.00603e-13 0)
(1.5 -1.85671e-13 0)
(1.5 -1.51424e-13 0)
(1.5 5.04146e-14 0)
(1.5 1.40018e-13 0)
(1.5 1.26276e-13 0)
(1.5 3.89206e-14 0)
(1.5 -9.64625e-14 0)
(1.5 -1.44331e-13 0)
(1.5 -2.57396e-13 0)
(1.5 -3.86627e-13 0)
(1.5 -4.24273e-13 0)
(1.5 -3.46347e-13 0)
(1.5 -4.37628e-13 0)
(1.5 -4.90419e-13 0)
(1.5 -4.87986e-13 0)
(1.5 -4.90563e-13 0)
(1.5 -5.77825e-13 0)
(1.5 -7.53085e-13 0)
(1.5 -9.34457e-13 0)
(1.5 -1.08693e-12 0)
(1.5 -1.05499e-12 0)
(1.5 -9.39308e-13 0)
(1.5 -9.36726e-13 0)
(1.5 -8.56544e-13 0)
(1.5 -6.42313e-13 0)
(1.5 -5.07602e-13 0)
(1.5 -5.01696e-13 0)
(1.5 -6.04518e-13 0)
(1.5 -6.99838e-13 0)
(1.5 -7.19215e-13 0)
(1.5 2.00885e-14 0)
(1.5 5.33747e-14 0)
(1.5 1.01488e-13 0)
(1.5 8.22692e-14 0)
(1.5 -8.59676e-15 0)
(1.5 -1.0106e-13 0)
(1.5 -5.45735e-14 0)
(1.5 -9.38586e-14 0)
(1.5 -1.48859e-13 0)
(1.5 -1.64528e-13 0)
(1.5 -7.07098e-14 0)
(1.5 2.24061e-14 0)
(1.5 6.41743e-14 0)
(1.5 4.9784e-14 0)
(1.5 9.82839e-14 0)
(1.5 7.77828e-14 0)
(1.5 8.37242e-14 0)
(1.5 1.26231e-13 0)
(1.5 4.63646e-14 0)
(1.5 -8.95948e-15 0)
(1.5 -4.62878e-14 0)
(1.5 -7.15273e-14 0)
(1.5 -7.37502e-14 0)
(1.5 -4.70465e-14 0)
(1.5 1.38284e-14 0)
(1.5 -5.05406e-14 0)
(1.5 -5.63417e-14 0)
(1.5 -5.75631e-14 0)
(1.5 -3.31503e-14 0)
(1.5 8.97814e-15 0)
(1.5 -6.88387e-16 0)
(1.5 2.44118e-14 0)
(1.5 1.95168e-14 0)
(1.5 4.55455e-14 0)
(1.5 8.29554e-14 0)
(1.5 9.42453e-14 0)
(1.5 1.11609e-14 0)
(1.5 4.15124e-14 0)
(1.5 5.47543e-14 0)
(1.5 3.39048e-14 0)
(1.5 4.73343e-14 0)
(1.5 -3.32915e-14 0)
(1.5 -5.66985e-14 0)
(1.5 -2.05271e-14 0)
(1.5 2.25337e-14 0)
(1.5 1.07554e-14 0)
(1.5 4.42592e-14 0)
(1.5 5.37634e-14 0)
(1.5 3.44008e-14 0)
(1.5 -1.15259e-14 0)
(1.5 -9.57438e-15 0)
(1.5 -1.50546e-14 0)
(1.5 -2.89609e-14 0)
(1.5 -2.61799e-14 0)
(1.5 3.2947e-14 0)
(1.5 3.98966e-14 0)
(1.5 5.29418e-14 0)
(1.5 6.37483e-14 0)
(1.5 8.79169e-14 0)
(1.5 9.89493e-14 0)
(1.5 6.51336e-14 0)
(1.5 1.24388e-13 0)
(1.5 7.7406e-14 0)
(1.5 7.68609e-14 0)
(1.5 1.36174e-13 0)
(1.5 1.16921e-13 0)
(1.5 4.50262e-14 0)
(1.5 4.06971e-14 0)
(1.5 5.26797e-14 0)
(1.5 3.15064e-15 0)
(1.5 -4.29813e-16 0)
(1.5 -2.63269e-14 0)
(1.5 2.44518e-15 0)
(1.5 4.18595e-14 0)
(1.5 -3.98466e-14 0)
(1.5 -2.1188e-14 0)
(1.5 -3.81113e-14 0)
(1.5 -6.40016e-14 0)
(1.5 2.4284e-14 0)
(1.5 2.309e-14 0)
(1.5 3.73127e-14 0)
(1.5 -2.35054e-14 0)
(1.5 -9.50264e-14 0)
(1.5 3.62304e-16 0)
(1.5 4.09451e-14 0)
(1.5 4.71335e-14 0)
(1.5 1.23003e-15 0)
(1.5 6.00933e-14 0)
(1.5 1.08615e-13 0)
(1.5 1.20468e-13 0)
(1.5 9.61523e-14 0)
(1.5 -3.0819e-15 0)
(1.5 -1.09389e-14 0)
(1.5 -6.65684e-14 0)
(1.5 -1.12942e-13 0)
(1.5 -1.37576e-13 0)
(1.5 -1.76395e-13 0)
(1.5 -2.45214e-13 0)
(1.5 -2.56887e-13 0)
(1.5 -2.50478e-13 0)
(1.5 -2.83828e-13 0)
(1.5 -2.35485e-13 0)
(1.5 -1.30694e-13 0)
(1.5 -1.3542e-13 0)
(1.5 -1.97232e-13 0)
(1.5 -2.67637e-13 0)
(1.5 -3.16646e-13 0)
(1.5 -2.15944e-13 0)
(1.5 -8.22048e-14 0)
(1.5 -6.7724e-14 0)
(1.5 -4.15099e-15 0)
(1.5 1.41695e-13 0)
(1.5 1.51268e-13 0)
(1.5 1.00544e-13 0)
(1.5 3.09797e-14 0)
(1.5 1.36679e-14 0)
(1.5 7.98663e-14 0)
(1.5 1.12809e-13 0)
(1.5 1.18059e-13 0)
(1.5 1.02683e-13 0)
(1.5 4.63161e-14 0)
(1.5 4.52245e-15 0)
(1.5 2.49606e-14 0)
(1.5 7.38438e-14 0)
(1.5 1.22452e-13 0)
(1.5 1.74888e-13 0)
(1.5 2.36289e-13 0)
(1.5 1.88351e-13 0)
(1.5 1.9021e-13 0)
(1.5 1.74988e-13 0)
(1.5 1.44362e-13 0)
(1.5 1.29932e-13 0)
(1.5 2.79571e-13 0)
(1.5 3.4116e-13 0)
(1.5 2.55252e-13 0)
(1.5 1.39483e-13 0)
(1.5 1.06291e-13 0)
(1.5 1.03218e-13 0)
(1.5 1.3613e-13 0)
(1.5 1.42576e-13 0)
(1.5 7.25145e-14 0)
(1.5 -5.55315e-15 0)
(1.5 -7.04345e-14 0)
(1.5 -1.43712e-13 0)
(1.5 -9.40881e-14 0)
(1.5 -9.30632e-14 0)
(1.5 -1.11988e-13 0)
(1.5 -2.05396e-13 0)
(1.5 -2.64585e-13 0)
(1.5 -3.46459e-13 0)
(1.5 -3.54443e-13 0)
(1.5 -3.64973e-13 0)
(1.5 -3.91408e-13 0)
(1.5 -3.94375e-13 0)
(1.5 -4.17972e-13 0)
(1.5 -3.68616e-13 0)
(1.5 -2.15373e-13 0)
(1.5 -1.38308e-13 0)
(1.5 -2.07933e-13 0)
(1.5 -1.83485e-13 0)
(1.5 -1.31019e-13 0)
(1.5 -1.82165e-13 0)
(1.5 -1.59684e-13 0)
(1.5 -2.04606e-13 0)
(1.5 -2.95641e-13 0)
(1.5 -3.52394e-13 0)
(1.5 -4.22026e-13 0)
(1.5 -3.96421e-13 0)
(1.5 -2.61475e-13 0)
(1.5 -1.00436e-13 0)
(1.5 -3.26152e-14 0)
(1.5 -9.11621e-14 0)
(1.5 -3.7815e-14 0)
(1.5 2.50155e-14 0)
(1.5 3.33328e-14 0)
(1.5 1.16139e-14 0)
(1.5 -4.67988e-14 0)
(1.5 -1.2532e-13 0)
(1.5 -3.03694e-13 0)
(1.5 -4.25886e-13 0)
(1.5 -4.6885e-13 0)
(1.5 -3.84054e-13 0)
(1.5 -5.34863e-13 0)
(1.5 -6.01594e-13 0)
(1.5 -5.89501e-13 0)
(1.5 -5.7482e-13 0)
(1.5 -5.68798e-13 0)
(1.5 -8.60584e-13 0)
(1.5 -9.48661e-13 0)
(1.5 -9.59615e-13 0)
(1.5 -9.28814e-13 0)
(1.5 -9.05225e-13 0)
(1.5 -1.0432e-12 0)
(1.5 -9.90153e-13 0)
(1.5 -7.72714e-13 0)
(1.5 -6.12454e-13 0)
(1.5 -5.41604e-13 0)
(1.5 -6.93427e-13 0)
(1.5 -7.15746e-13 0)
(1.5 -6.49977e-13 0)
(1.5 -1.77744e-14 0)
(1.5 2.89122e-14 0)
(1.5 1.40572e-13 0)
(1.5 1.0746e-13 0)
(1.5 2.43985e-15 0)
(1.5 -3.72076e-14 0)
(1.5 -1.7583e-14 0)
(1.5 -4.91064e-14 0)
(1.5 -1.28984e-13 0)
(1.5 -1.37257e-13 0)
(1.5 -1.6061e-13 0)
(1.5 -1.17191e-13 0)
(1.5 -6.9735e-14 0)
(1.5 -5.21016e-14 0)
(1.5 2.57014e-14 0)
(1.5 3.08145e-14 0)
(1.5 -1.30033e-14 0)
(1.5 7.34199e-14 0)
(1.5 1.08645e-13 0)
(1.5 3.41443e-14 0)
(1.5 -5.04234e-15 0)
(1.5 -3.4025e-14 0)
(1.5 -2.24203e-14 0)
(1.5 -2.41934e-14 0)
(1.5 7.13568e-15 0)
(1.5 -1.19521e-14 0)
(1.5 1.97011e-15 0)
(1.5 -2.22355e-14 0)
(1.5 -5.3601e-14 0)
(1.5 -4.78144e-14 0)
(1.5 -2.91689e-14 0)
(1.5 -2.3086e-14 0)
(1.5 2.10536e-14 0)
(1.5 6.48969e-14 0)
(1.5 9.86083e-14 0)
(1.5 1.15836e-13 0)
(1.5 8.03185e-14 0)
(1.5 5.50952e-14 0)
(1.5 2.62759e-14 0)
(1.5 2.78594e-14 0)
(1.5 4.0527e-14 0)
(1.5 -5.51225e-14 0)
(1.5 -6.01253e-14 0)
(1.5 -2.49196e-14 0)
(1.5 2.94036e-14 0)
(1.5 4.3938e-14 0)
(1.5 7.42872e-14 0)
(1.5 4.09794e-14 0)
(1.5 2.76909e-14 0)
(1.5 2.14507e-16 0)
(1.5 -2.62984e-14 0)
(1.5 2.30993e-14 0)
(1.5 2.78261e-15 0)
(1.5 3.98091e-14 0)
(1.5 -7.45599e-15 0)
(1.5 -4.38422e-14 0)
(1.5 4.98397e-14 0)
(1.5 6.29661e-14 0)
(1.5 3.88798e-14 0)
(1.5 1.04816e-14 0)
(1.5 -2.33688e-14 0)
(1.5 2.93653e-14 0)
(1.5 8.72898e-14 0)
(1.5 8.58646e-14 0)
(1.5 7.07646e-14 0)
(1.5 1.01861e-13 0)
(1.5 7.37404e-14 0)
(1.5 5.22177e-14 0)
(1.5 -4.25625e-15 0)
(1.5 -4.65608e-14 0)
(1.5 5.91322e-14 0)
(1.5 7.35992e-14 0)
(1.5 -1.45849e-15 0)
(1.5 -5.37179e-14 0)
(1.5 -9.78923e-14 0)
(1.5 -9.76134e-14 0)
(1.5 -4.79549e-14 0)
(1.5 -7.07964e-15 0)
(1.5 2.53342e-14 0)
(1.5 3.49232e-14 0)
(1.5 3.84595e-14 0)
(1.5 -5.00383e-14 0)
(1.5 -5.37244e-14 0)
(1.5 4.53671e-15 0)
(1.5 4.56718e-14 0)
(1.5 7.66277e-14 0)
(1.5 7.42215e-14 0)
(1.5 5.9125e-14 0)
(1.5 4.94303e-14 0)
(1.5 -1.2667e-14 0)
(1.5 2.46339e-14 0)
(1.5 8.47736e-14 0)
(1.5 9.49889e-14 0)
(1.5 9.30067e-14 0)
(1.5 4.94516e-14 0)
(1.5 -4.59963e-14 0)
(1.5 -1.92025e-13 0)
(1.5 -2.98951e-13 0)
(1.5 -2.9623e-13 0)
(1.5 -2.13859e-13 0)
(1.5 -1.86081e-13 0)
(1.5 -1.90204e-13 0)
(1.5 -1.70163e-13 0)
(1.5 -2.04582e-13 0)
(1.5 -2.20772e-13 0)
(1.5 -2.28052e-13 0)
(1.5 -1.71417e-13 0)
(1.5 -1.19077e-13 0)
(1.5 -7.19263e-14 0)
(1.5 -5.27494e-14 0)
(1.5 1.42487e-15 0)
(1.5 6.8669e-14 0)
(1.5 2.22256e-14 0)
(1.5 6.34509e-15 0)
(1.5 -1.87346e-14 0)
(1.5 3.70945e-14 0)
(1.5 1.51395e-13 0)
(1.5 1.34231e-13 0)
(1.5 1.44638e-13 0)
(1.5 1.07255e-13 0)
(1.5 7.61097e-14 0)
(1.5 8.28732e-14 0)
(1.5 1.13402e-13 0)
(1.5 1.1046e-13 0)
(1.5 1.24916e-13 0)
(1.5 1.2684e-13 0)
(1.5 1.75409e-13 0)
(1.5 1.86159e-13 0)
(1.5 2.40189e-13 0)
(1.5 2.56198e-13 0)
(1.5 1.3283e-13 0)
(1.5 9.51369e-14 0)
(1.5 3.25374e-13 0)
(1.5 4.08567e-13 0)
(1.5 3.55e-13 0)
(1.5 2.68398e-13 0)
(1.5 2.44875e-13 0)
(1.5 1.98261e-13 0)
(1.5 2.43046e-13 0)
(1.5 2.93931e-13 0)
(1.5 2.0236e-13 0)
(1.5 8.3572e-14 0)
(1.5 8.8008e-14 0)
(1.5 9.31903e-14 0)
(1.5 5.53802e-14 0)
(1.5 -1.28199e-14 0)
(1.5 -1.19755e-13 0)
(1.5 -2.27038e-13 0)
(1.5 -2.44671e-13 0)
(1.5 -2.65396e-13 0)
(1.5 -3.78576e-13 0)
(1.5 -3.83236e-13 0)
(1.5 -3.28818e-13 0)
(1.5 -3.24834e-13 0)
(1.5 -2.73225e-13 0)
(1.5 -2.45044e-13 0)
(1.5 -1.30982e-13 0)
(1.5 -1.16236e-13 0)
(1.5 -1.5345e-13 0)
(1.5 -1.01729e-13 0)
(1.5 -2.30411e-14 0)
(1.5 -4.83981e-15 0)
(1.5 -3.79898e-14 0)
(1.5 -9.36073e-14 0)
(1.5 -1.71137e-13 0)
(1.5 -2.66742e-13 0)
(1.5 -3.68425e-13 0)
(1.5 -3.57819e-13 0)
(1.5 -2.44528e-13 0)
(1.5 -1.78415e-13 0)
(1.5 -1.50972e-13 0)
(1.5 -1.72831e-13 0)
(1.5 -1.54219e-13 0)
(1.5 -1.67536e-13 0)
(1.5 -1.31914e-13 0)
(1.5 -1.35938e-13 0)
(1.5 -1.49149e-13 0)
(1.5 -2.72841e-13 0)
(1.5 -3.86429e-13 0)
(1.5 -4.55637e-13 0)
(1.5 -5.01953e-13 0)
(1.5 -5.1649e-13 0)
(1.5 -6.33431e-13 0)
(1.5 -6.49051e-13 0)
(1.5 -5.79882e-13 0)
(1.5 -5.53362e-13 0)
(1.5 -5.01458e-13 0)
(1.5 -7.62552e-13 0)
(1.5 -7.65663e-13 0)
(1.5 -6.9617e-13 0)
(1.5 -6.87133e-13 0)
(1.5 -8.54562e-13 0)
(1.5 -1.06728e-12 0)
(1.5 -9.91645e-13 0)
(1.5 -9.19661e-13 0)
(1.5 -7.64589e-13 0)
(1.5 -6.7954e-13 0)
(1.5 -8.24958e-13 0)
(1.5 -7.33467e-13 0)
(1.5 -5.97121e-13 0)
(1.5 -1.40204e-14 0)
(1.5 8.09601e-15 0)
(1.5 1.05111e-13 0)
(1.5 3.28573e-14 0)
(1.5 -2.99213e-14 0)
(1.5 -3.8055e-15 0)
(1.5 -4.65079e-14 0)
(1.5 -3.26125e-14 0)
(1.5 -7.24378e-14 0)
(1.5 -3.11236e-14 0)
(1.5 -1.16963e-13 0)
(1.5 -1.49923e-13 0)
(1.5 -1.21199e-13 0)
(1.5 -3.91286e-14 0)
(1.5 -1.93464e-14 0)
(1.5 1.22107e-15 0)
(1.5 -1.47813e-14 0)
(1.5 2.40379e-14 0)
(1.5 2.61339e-14 0)
(1.5 9.91232e-14 0)
(1.5 5.9982e-14 0)
(1.5 4.33785e-14 0)
(1.5 5.75424e-14 0)
(1.5 3.21624e-14 0)
(1.5 -2.0392e-14 0)
(1.5 -2.08239e-14 0)
(1.5 -4.31047e-14 0)
(1.5 -1.84882e-14 0)
(1.5 -8.59386e-14 0)
(1.5 -1.07077e-13 0)
(1.5 -1.0346e-13 0)
(1.5 -6.21619e-14 0)
(1.5 -1.70212e-14 0)
(1.5 6.85419e-14 0)
(1.5 8.96762e-14 0)
(1.5 2.27962e-14 0)
(1.5 5.37849e-14 0)
(1.5 3.83595e-14 0)
(1.5 3.70504e-14 0)
(1.5 3.72129e-14 0)
(1.5 2.91658e-14 0)
(1.5 8.3679e-15 0)
(1.5 -1.82542e-14 0)
(1.5 1.39941e-14 0)
(1.5 2.44468e-14 0)
(1.5 5.45706e-14 0)
(1.5 4.58665e-14 0)
(1.5 3.51315e-14 0)
(1.5 4.12419e-14 0)
(1.5 2.9876e-14 0)
(1.5 1.99598e-14 0)
(1.5 6.62682e-14 0)
(1.5 5.13128e-14 0)
(1.5 6.80963e-14 0)
(1.5 -1.48889e-14 0)
(1.5 -4.14362e-14 0)
(1.5 3.78338e-14 0)
(1.5 4.91972e-14 0)
(1.5 -1.38769e-15 0)
(1.5 -3.79753e-14 0)
(1.5 -3.2858e-14 0)
(1.5 -2.59283e-14 0)
(1.5 4.22626e-14 0)
(1.5 1.44403e-14 0)
(1.5 -4.72273e-14 0)
(1.5 4.53019e-14 0)
(1.5 7.94235e-14 0)
(1.5 8.14194e-14 0)
(1.5 -1.03836e-15 0)
(1.5 1.72118e-15 0)
(1.5 4.44601e-14 0)
(1.5 2.10642e-14 0)
(1.5 -4.89562e-14 0)
(1.5 -1.20808e-13 0)
(1.5 -1.16575e-13 0)
(1.5 -1.38761e-13 0)
(1.5 -9.88887e-14 0)
(1.5 -6.71223e-16 0)
(1.5 2.48319e-14 0)
(1.5 2.98566e-14 0)
(1.5 -2.31669e-14 0)
(1.5 -6.52241e-14 0)
(1.5 -2.22349e-15 0)
(1.5 -2.16734e-14 0)
(1.5 4.76851e-14 0)
(1.5 5.59497e-14 0)
(1.5 6.70102e-14 0)
(1.5 4.20176e-14 0)
(1.5 -9.6383e-15 0)
(1.5 -3.44565e-14 0)
(1.5 -3.17651e-14 0)
(1.5 6.73094e-14 0)
(1.5 1.52583e-13 0)
(1.5 2.17908e-13 0)
(1.5 1.77185e-13 0)
(1.5 3.64578e-14 0)
(1.5 -1.06057e-13 0)
(1.5 -1.92514e-13 0)
(1.5 -1.98657e-13 0)
(1.5 -2.3284e-13 0)
(1.5 -2.07931e-13 0)
(1.5 -2.16003e-13 0)
(1.5 -2.336e-13 0)
(1.5 -1.85092e-13 0)
(1.5 -1.49968e-13 0)
(1.5 -1.42155e-13 0)
(1.5 -1.04587e-13 0)
(1.5 -1.02807e-13 0)
(1.5 -1.23735e-13 0)
(1.5 -9.54492e-14 0)
(1.5 -3.81921e-14 0)
(1.5 -1.65557e-14 0)
(1.5 -6.64508e-14 0)
(1.5 -1.81695e-14 0)
(1.5 9.47842e-15 0)
(1.5 4.08636e-14 0)
(1.5 9.09863e-14 0)
(1.5 9.31421e-14 0)
(1.5 8.60867e-14 0)
(1.5 5.03142e-14 0)
(1.5 3.52967e-14 0)
(1.5 9.21294e-14 0)
(1.5 1.04354e-13 0)
(1.5 7.05175e-14 0)
(1.5 3.24605e-14 0)
(1.5 -1.63739e-14 0)
(1.5 2.58743e-14 0)
(1.5 1.25436e-13 0)
(1.5 1.90214e-13 0)
(1.5 2.25267e-13 0)
(1.5 5.44595e-14 0)
(1.5 8.92183e-14 0)
(1.5 3.68113e-13 0)
(1.5 4.11861e-13 0)
(1.5 3.56792e-13 0)
(1.5 4.07468e-13 0)
(1.5 3.4486e-13 0)
(1.5 2.65495e-13 0)
(1.5 2.28729e-13 0)
(1.5 1.83773e-13 0)
(1.5 1.2596e-13 0)
(1.5 7.57422e-14 0)
(1.5 1.11105e-13 0)
(1.5 1.17551e-13 0)
(1.5 -1.17631e-14 0)
(1.5 -1.11882e-13 0)
(1.5 -2.16711e-13 0)
(1.5 -2.4919e-13 0)
(1.5 -2.35108e-13 0)
(1.5 -2.8134e-13 0)
(1.5 -3.53653e-13 0)
(1.5 -3.09252e-13 0)
(1.5 -2.00296e-13 0)
(1.5 -1.5956e-13 0)
(1.5 -1.69921e-13 0)
(1.5 -2.62554e-13 0)
(1.5 -2.60104e-13 0)
(1.5 -2.80196e-13 0)
(1.5 -2.05392e-13 0)
(1.5 -9.42535e-14 0)
(1.5 -1.24765e-14 0)
(1.5 4.73856e-14 0)
(1.5 2.19322e-14 0)
(1.5 -9.63321e-14 0)
(1.5 -2.21831e-13 0)
(1.5 -3.32922e-13 0)
(1.5 -3.07882e-13 0)
(1.5 -2.73544e-13 0)
(1.5 -2.65212e-13 0)
(1.5 -3.8031e-13 0)
(1.5 -3.80611e-13 0)
(1.5 -3.65766e-13 0)
(1.5 -3.6761e-13 0)
(1.5 -3.97516e-13 0)
(1.5 -3.44403e-13 0)
(1.5 -2.86352e-13 0)
(1.5 -3.30397e-13 0)
(1.5 -4.90407e-13 0)
(1.5 -5.69966e-13 0)
(1.5 -5.81262e-13 0)
(1.5 -6.22856e-13 0)
(1.5 -6.78139e-13 0)
(1.5 -7.15721e-13 0)
(1.5 -6.21494e-13 0)
(1.5 -4.86102e-13 0)
(1.5 -4.633e-13 0)
(1.5 -4.21642e-13 0)
(1.5 -5.60946e-13 0)
(1.5 -5.34144e-13 0)
(1.5 -5.01914e-13 0)
(1.5 -4.61897e-13 0)
(1.5 -6.51035e-13 0)
(1.5 -9.3156e-13 0)
(1.5 -9.29836e-13 0)
(1.5 -8.75548e-13 0)
(1.5 -7.45348e-13 0)
(1.5 -6.3762e-13 0)
(1.5 -7.05681e-13 0)
(1.5 -6.01214e-13 0)
(1.5 -4.87707e-13 0)
(1.5 1.18812e-14 0)
(1.5 -3.05828e-15 0)
(1.5 1.68223e-14 0)
(1.5 -7.66e-14 0)
(1.5 -5.88096e-14 0)
(1.5 -2.55676e-14 0)
(1.5 -1.63391e-14 0)
(1.5 -5.24612e-15 0)
(1.5 -4.56158e-14 0)
(1.5 -1.01721e-14 0)
(1.5 -1.96777e-14 0)
(1.5 -1.04174e-13 0)
(1.5 -7.94307e-14 0)
(1.5 -2.17551e-14 0)
(1.5 -4.40791e-14 0)
(1.5 -1.21473e-14 0)
(1.5 2.03987e-14 0)
(1.5 2.89762e-15 0)
(1.5 -1.99441e-15 0)
(1.5 7.71612e-14 0)
(1.5 6.91981e-14 0)
(1.5 7.3145e-14 0)
(1.5 5.66309e-14 0)
(1.5 5.86027e-14 0)
(1.5 -7.62282e-15 0)
(1.5 1.62979e-14 0)
(1.5 -4.82756e-14 0)
(1.5 -5.83085e-14 0)
(1.5 -5.89691e-14 0)
(1.5 -7.25771e-14 0)
(1.5 -6.60272e-14 0)
(1.5 -9.4719e-14 0)
(1.5 -6.24666e-14 0)
(1.5 1.20169e-14 0)
(1.5 2.40763e-14 0)
(1.5 -3.96085e-14 0)
(1.5 -2.46538e-14 0)
(1.5 -2.26807e-15 0)
(1.5 1.45525e-15 0)
(1.5 8.70693e-15 0)
(1.5 -2.80002e-14 0)
(1.5 1.56273e-14 0)
(1.5 2.02233e-14 0)
(1.5 1.23373e-14 0)
(1.5 1.71744e-14 0)
(1.5 5.53452e-14 0)
(1.5 5.05858e-14 0)
(1.5 3.77877e-14 0)
(1.5 5.49056e-14 0)
(1.5 9.40367e-14 0)
(1.5 1.17492e-13 0)
(1.5 8.78803e-14 0)
(1.5 8.31701e-14 0)
(1.5 8.23817e-14 0)
(1.5 4.6999e-14 0)
(1.5 3.16423e-14 0)
(1.5 -1.51594e-14 0)
(1.5 1.88616e-14 0)
(1.5 -1.91715e-14 0)
(1.5 -5.7922e-14 0)
(1.5 -3.34884e-14 0)
(1.5 2.03587e-14 0)
(1.5 7.79776e-16 0)
(1.5 -1.32255e-14 0)
(1.5 -2.20787e-14 0)
(1.5 3.69135e-15 0)
(1.5 7.60446e-14 0)
(1.5 1.12738e-13 0)
(1.5 7.67563e-14 0)
(1.5 4.68301e-14 0)
(1.5 -2.21742e-14 0)
(1.5 -5.24493e-14 0)
(1.5 -3.8164e-14 0)
(1.5 -7.20654e-14 0)
(1.5 -1.91836e-14 0)
(1.5 -9.10666e-15 0)
(1.5 -5.82704e-14 0)
(1.5 -6.26624e-14 0)
(1.5 -9.54643e-14 0)
(1.5 -3.14725e-14 0)
(1.5 -7.06758e-14 0)
(1.5 -6.33273e-14 0)
(1.5 2.2541e-14 0)
(1.5 -1.85439e-14 0)
(1.5 -2.26193e-14 0)
(1.5 -6.70409e-14 0)
(1.5 -4.8319e-14 0)
(1.5 -9.131e-14 0)
(1.5 -3.56569e-14 0)
(1.5 2.66206e-14 0)
(1.5 -6.04785e-15 0)
(1.5 -2.69908e-14 0)
(1.5 6.85658e-14 0)
(1.5 1.6035e-13 0)
(1.5 2.13819e-13 0)
(1.5 1.8203e-13 0)
(1.5 8.36544e-14 0)
(1.5 2.23082e-14 0)
(1.5 -5.10563e-14 0)
(1.5 -1.95846e-13 0)
(1.5 -2.61502e-13 0)
(1.5 -2.99185e-13 0)
(1.5 -2.37816e-13 0)
(1.5 -2.01272e-13 0)
(1.5 -1.44669e-13 0)
(1.5 -1.32595e-13 0)
(1.5 -1.67042e-13 0)
(1.5 -2.04429e-13 0)
(1.5 -2.127e-13 0)
(1.5 -1.72049e-13 0)
(1.5 -8.50401e-14 0)
(1.5 -8.66409e-14 0)
(1.5 -5.1113e-14 0)
(1.5 1.06377e-13 0)
(1.5 1.82309e-13 0)
(1.5 1.07796e-13 0)
(1.5 6.40416e-15 0)
(1.5 -4.46292e-14 0)
(1.5 -5.60379e-14 0)
(1.5 -2.68752e-14 0)
(1.5 1.58309e-14 0)
(1.5 7.4644e-14 0)
(1.5 1.6563e-14 0)
(1.5 1.38441e-14 0)
(1.5 -2.01894e-14 0)
(1.5 -3.49711e-14 0)
(1.5 6.22855e-15 0)
(1.5 5.37321e-14 0)
(1.5 4.61784e-14 0)
(1.5 1.153e-13 0)
(1.5 1.10287e-13 0)
(1.5 1.50744e-13 0)
(1.5 3.63373e-13 0)
(1.5 3.82841e-13 0)
(1.5 3.66409e-13 0)
(1.5 4.28893e-13 0)
(1.5 4.13317e-13 0)
(1.5 3.16908e-13 0)
(1.5 1.49675e-13 0)
(1.5 4.3766e-14 0)
(1.5 3.8604e-14 0)
(1.5 4.23765e-14 0)
(1.5 4.96444e-14 0)
(1.5 -7.66029e-15 0)
(1.5 -1.38015e-13 0)
(1.5 -1.54251e-13 0)
(1.5 -1.28862e-13 0)
(1.5 -1.16178e-13 0)
(1.5 -1.37748e-13 0)
(1.5 -2.10743e-13 0)
(1.5 -2.83243e-13 0)
(1.5 -2.62976e-13 0)
(1.5 -1.8132e-13 0)
(1.5 -1.28525e-13 0)
(1.5 -2.21058e-13 0)
(1.5 -3.59401e-13 0)
(1.5 -4.42927e-13 0)
(1.5 -4.33083e-13 0)
(1.5 -3.06949e-13 0)
(1.5 -1.39169e-13 0)
(1.5 -5.76978e-14 0)
(1.5 -7.94353e-14 0)
(1.5 -1.27951e-13 0)
(1.5 -1.89938e-13 0)
(1.5 -2.9148e-13 0)
(1.5 -3.65322e-13 0)
(1.5 -3.15521e-13 0)
(1.5 -3.12555e-13 0)
(1.5 -3.80028e-13 0)
(1.5 -4.50172e-13 0)
(1.5 -4.30114e-13 0)
(1.5 -4.41154e-13 0)
(1.5 -4.51077e-13 0)
(1.5 -4.57837e-13 0)
(1.5 -4.74156e-13 0)
(1.5 -4.14283e-13 0)
(1.5 -4.52404e-13 0)
(1.5 -6.10414e-13 0)
(1.5 -7.03822e-13 0)
(1.5 -7.3325e-13 0)
(1.5 -6.97804e-13 0)
(1.5 -6.49307e-13 0)
(1.5 -6.37788e-13 0)
(1.5 -4.33124e-13 0)
(1.5 -3.27223e-13 0)
(1.5 -2.72754e-13 0)
(1.5 -1.77904e-13 0)
(1.5 -2.14945e-13 0)
(1.5 -2.34471e-13 0)
(1.5 -2.09751e-13 0)
(1.5 -2.09934e-13 0)
(1.5 -3.18668e-13 0)
(1.5 -5.84777e-13 0)
(1.5 -6.70919e-13 0)
(1.5 -6.86989e-13 0)
(1.5 -6.11101e-13 0)
(1.5 -4.56215e-13 0)
(1.5 -4.63748e-13 0)
(1.5 -3.97004e-13 0)
(1.5 -2.80348e-13 0)
(1.5 1.2917e-14 0)
(1.5 3.00379e-14 0)
(1.5 -3.307e-14 0)
(1.5 -7.83033e-14 0)
(1.5 -4.52738e-14 0)
(1.5 -1.36358e-14 0)
(1.5 -2.26404e-14 0)
(1.5 -6.05996e-14 0)
(1.5 -1.34455e-13 0)
(1.5 -1.42532e-13 0)
(1.5 -7.05448e-14 0)
(1.5 -7.2838e-14 0)
(1.5 -6.16299e-14 0)
(1.5 -6.60688e-14 0)
(1.5 -5.58576e-14 0)
(1.5 -1.74161e-14 0)
(1.5 1.92026e-14 0)
(1.5 3.67939e-14 0)
(1.5 9.90213e-14 0)
(1.5 4.80248e-14 0)
(1.5 6.13365e-14 0)
(1.5 7.86588e-14 0)
(1.5 4.23401e-14 0)
(1.5 4.39731e-14 0)
(1.5 4.14578e-14 0)
(1.5 4.56875e-14 0)
(1.5 1.04406e-14 0)
(1.5 1.71239e-14 0)
(1.5 2.10768e-14 0)
(1.5 3.40399e-14 0)
(1.5 2.54901e-15 0)
(1.5 -6.5768e-14 0)
(1.5 -6.95483e-14 0)
(1.5 -5.05066e-14 0)
(1.5 -5.21446e-14 0)
(1.5 -5.82186e-14 0)
(1.5 -8.08673e-14 0)
(1.5 -4.41748e-14 0)
(1.5 -5.00947e-14 0)
(1.5 -1.96089e-14 0)
(1.5 -4.72336e-14 0)
(1.5 1.23704e-14 0)
(1.5 3.27939e-14 0)
(1.5 -1.26116e-14 0)
(1.5 3.74554e-14 0)
(1.5 9.18612e-15 0)
(1.5 -4.76623e-15 0)
(1.5 1.15151e-14 0)
(1.5 5.79474e-14 0)
(1.5 1.09629e-13 0)
(1.5 1.35716e-13 0)
(1.5 1.326e-13 0)
(1.5 1.31782e-13 0)
(1.5 1.17688e-13 0)
(1.5 6.54697e-14 0)
(1.5 2.51666e-14 0)
(1.5 -7.85588e-14 0)
(1.5 -6.91358e-14 0)
(1.5 -5.08093e-14 0)
(1.5 -3.4674e-14 0)
(1.5 -3.10011e-14 0)
(1.5 2.07034e-14 0)
(1.5 -2.76543e-14 0)
(1.5 -6.03042e-14 0)
(1.5 -4.09312e-14 0)
(1.5 -2.50439e-14 0)
(1.5 3.16976e-14 0)
(1.5 8.68904e-14 0)
(1.5 1.45343e-13 0)
(1.5 1.03091e-13 0)
(1.5 -4.51314e-14 0)
(1.5 -2.20173e-14 0)
(1.5 7.22622e-15 0)
(1.5 -1.34631e-14 0)
(1.5 2.27063e-14 0)
(1.5 5.78038e-14 0)
(1.5 -1.75197e-14 0)
(1.5 -1.07688e-13 0)
(1.5 -1.70823e-13 0)
(1.5 -8.57045e-14 0)
(1.5 -9.55722e-14 0)
(1.5 -1.1023e-13 0)
(1.5 -2.61855e-14 0)
(1.5 -2.07012e-14 0)
(1.5 -9.06757e-14 0)
(1.5 -1.59133e-13 0)
(1.5 -1.56557e-13 0)
(1.5 -1.78877e-13 0)
(1.5 -5.62368e-14 0)
(1.5 -1.32904e-14 0)
(1.5 -6.94079e-14 0)
(1.5 -9.16675e-14 0)
(1.5 -3.94015e-14 0)
(1.5 -2.35175e-14 0)
(1.5 4.6786e-14 0)
(1.5 1.20476e-13 0)
(1.5 9.8388e-14 0)
(1.5 5.01332e-14 0)
(1.5 -2.19401e-14 0)
(1.5 -6.06114e-14 0)
(1.5 -8.54118e-14 0)
(1.5 -1.8269e-13 0)
(1.5 -1.84032e-13 0)
(1.5 -2.02605e-13 0)
(1.5 -1.64138e-13 0)
(1.5 -1.18999e-13 0)
(1.5 -1.12596e-13 0)
(1.5 -1.71327e-13 0)
(1.5 -2.09708e-13 0)
(1.5 -1.73863e-13 0)
(1.5 -1.13898e-13 0)
(1.5 -7.20613e-14 0)
(1.5 8.50201e-15 0)
(1.5 1.36527e-13 0)
(1.5 1.46064e-13 0)
(1.5 1.36936e-13 0)
(1.5 -2.05987e-14 0)
(1.5 -1.39483e-13 0)
(1.5 -6.71585e-14 0)
(1.5 5.91814e-14 0)
(1.5 1.4728e-13 0)
(1.5 1.48567e-13 0)
(1.5 1.36331e-13 0)
(1.5 1.19947e-13 0)
(1.5 1.23765e-13 0)
(1.5 1.33313e-13 0)
(1.5 1.57977e-13 0)
(1.5 1.3572e-13 0)
(1.5 7.76923e-14 0)
(1.5 6.55768e-14 0)
(1.5 2.04294e-13 0)
(1.5 2.31001e-13 0)
(1.5 2.60629e-13 0)
(1.5 2.64541e-13 0)
(1.5 3.10665e-13 0)
(1.5 3.36655e-13 0)
(1.5 4.35234e-13 0)
(1.5 4.04278e-13 0)
(1.5 2.54223e-13 0)
(1.5 1.72639e-13 0)
(1.5 1.18868e-13 0)
(1.5 9.38284e-14 0)
(1.5 2.84191e-14 0)
(1.5 -9.00501e-14 0)
(1.5 -1.44131e-13 0)
(1.5 -5.24295e-14 0)
(1.5 -1.6009e-14 0)
(1.5 -1.21163e-14 0)
(1.5 -5.18902e-14 0)
(1.5 -9.17251e-14 0)
(1.5 -1.41661e-13 0)
(1.5 -2.11056e-13 0)
(1.5 -2.15264e-13 0)
(1.5 -1.92284e-13 0)
(1.5 -3.13774e-13 0)
(1.5 -4.09317e-13 0)
(1.5 -4.58449e-13 0)
(1.5 -3.53046e-13 0)
(1.5 -2.92809e-13 0)
(1.5 -2.47969e-13 0)
(1.5 -2.72273e-13 0)
(1.5 -3.17684e-13 0)
(1.5 -3.5415e-13 0)
(1.5 -2.57866e-13 0)
(1.5 -2.06281e-13 0)
(1.5 -2.56858e-13 0)
(1.5 -2.86453e-13 0)
(1.5 -3.21176e-13 0)
(1.5 -3.7372e-13 0)
(1.5 -3.03079e-13 0)
(1.5 -2.43463e-13 0)
(1.5 -2.53144e-13 0)
(1.5 -3.33364e-13 0)
(1.5 -3.86982e-13 0)
(1.5 -4.65547e-13 0)
(1.5 -4.40747e-13 0)
(1.5 -4.63417e-13 0)
(1.5 -6.65226e-13 0)
(1.5 -6.96857e-13 0)
(1.5 -6.87995e-13 0)
(1.5 -6.1884e-13 0)
(1.5 -4.96324e-13 0)
(1.5 -4.94402e-13 0)
(1.5 -2.90434e-13 0)
(1.5 -1.92801e-13 0)
(1.5 -5.79373e-14 0)
(1.5 9.73889e-14 0)
(1.5 1.27543e-13 0)
(1.5 3.71106e-14 0)
(1.5 8.91452e-14 0)
(1.5 2.86925e-14 0)
(1.5 -3.77725e-14 0)
(1.5 -2.25863e-13 0)
(1.5 -3.72458e-13 0)
(1.5 -5.32652e-13 0)
(1.5 -5.29589e-13 0)
(1.5 -3.81866e-13 0)
(1.5 -3.21402e-13 0)
(1.5 -1.87814e-13 0)
(1.5 -6.40465e-14 0)
(1.5 -8.88554e-15 0)
(1.5 6.09897e-14 0)
(1.5 4.75368e-14 0)
(1.5 6.37699e-14 0)
(1.5 5.39599e-14 0)
(1.5 4.34108e-14 0)
(1.5 1.50066e-14 0)
(1.5 -5.27427e-14 0)
(1.5 -1.04391e-13 0)
(1.5 -1.24975e-13 0)
(1.5 -7.51383e-14 0)
(1.5 -5.97704e-14 0)
(1.5 -9.6789e-14 0)
(1.5 -8.62415e-14 0)
(1.5 -5.78768e-14 0)
(1.5 -2.56035e-14 0)
(1.5 -1.51359e-14 0)
(1.5 8.57309e-15 0)
(1.5 7.01801e-14 0)
(1.5 3.88051e-14 0)
(1.5 6.73892e-14 0)
(1.5 1.23669e-13 0)
(1.5 9.03625e-14 0)
(1.5 7.90259e-14 0)
(1.5 6.60468e-14 0)
(1.5 6.69714e-14 0)
(1.5 4.61571e-14 0)
(1.5 9.15887e-14 0)
(1.5 9.03883e-14 0)
(1.5 7.58859e-14 0)
(1.5 2.17805e-14 0)
(1.5 -3.90935e-14 0)
(1.5 -7.18806e-14 0)
(1.5 -7.85928e-14 0)
(1.5 -6.9643e-14 0)
(1.5 -5.62365e-14 0)
(1.5 -6.56131e-14 0)
(1.5 -3.70382e-14 0)
(1.5 -4.244e-14 0)
(1.5 -5.91278e-14 0)
(1.5 -2.3427e-14 0)
(1.5 2.25864e-14 0)
(1.5 4.05196e-14 0)
(1.5 1.93113e-14 0)
(1.5 4.06104e-14 0)
(1.5 -8.12482e-15 0)
(1.5 -3.48485e-14 0)
(1.5 1.59797e-14 0)
(1.5 1.00014e-13 0)
(1.5 1.24025e-13 0)
(1.5 1.48586e-13 0)
(1.5 1.6287e-13 0)
(1.5 1.71806e-13 0)
(1.5 1.2558e-13 0)
(1.5 6.49369e-14 0)
(1.5 1.17704e-14 0)
(1.5 -4.93695e-14 0)
(1.5 -8.38586e-14 0)
(1.5 -1.18918e-14 0)
(1.5 -1.16402e-14 0)
(1.5 -2.43546e-14 0)
(1.5 -1.42673e-14 0)
(1.5 -4.21364e-14 0)
(1.5 -9.9205e-14 0)
(1.5 -6.09901e-14 0)
(1.5 -2.21947e-15 0)
(1.5 1.85811e-14 0)
(1.5 1.61178e-14 0)
(1.5 1.19152e-13 0)
(1.5 9.49777e-14 0)
(1.5 2.27841e-15 0)
(1.5 -5.59562e-16 0)
(1.5 5.13452e-15 0)
(1.5 -2.20974e-14 0)
(1.5 -3.78161e-14 0)
(1.5 -5.6309e-14 0)
(1.5 -6.93352e-14 0)
(1.5 -1.01736e-13 0)
(1.5 -1.29855e-13 0)
(1.5 -1.30891e-13 0)
(1.5 -1.23474e-13 0)
(1.5 -1.15413e-13 0)
(1.5 -7.13976e-14 0)
(1.5 -4.57318e-14 0)
(1.5 -8.82457e-14 0)
(1.5 -1.5403e-13 0)
(1.5 -1.44006e-13 0)
(1.5 -1.01031e-13 0)
(1.5 -1.40874e-14 0)
(1.5 -2.63793e-14 0)
(1.5 -1.58736e-13 0)
(1.5 -1.61297e-13 0)
(1.5 -1.42982e-13 0)
(1.5 -1.30484e-13 0)
(1.5 -1.06792e-13 0)
(1.5 -1.77414e-14 0)
(1.5 4.54066e-14 0)
(1.5 6.73041e-14 0)
(1.5 3.63274e-14 0)
(1.5 3.88292e-14 0)
(1.5 1.11356e-14 0)
(1.5 -6.01335e-14 0)
(1.5 -1.10057e-13 0)
(1.5 -1.12805e-13 0)
(1.5 -1.52086e-13 0)
(1.5 -1.31849e-13 0)
(1.5 -8.86128e-14 0)
(1.5 -1.25013e-13 0)
(1.5 -1.85731e-13 0)
(1.5 -1.58145e-13 0)
(1.5 -2.02215e-13 0)
(1.5 -1.84975e-13 0)
(1.5 -9.52965e-14 0)
(1.5 -5.08945e-14 0)
(1.5 -7.61621e-14 0)
(1.5 -1.4476e-14 0)
(1.5 -6.27042e-14 0)
(1.5 -1.22642e-13 0)
(1.5 -7.49653e-14 0)
(1.5 1.27631e-13 0)
(1.5 2.02594e-13 0)
(1.5 1.52292e-13 0)
(1.5 1.72737e-13 0)
(1.5 2.18908e-13 0)
(1.5 1.90246e-13 0)
(1.5 2.04938e-13 0)
(1.5 2.10576e-13 0)
(1.5 1.88076e-13 0)
(1.5 1.91085e-13 0)
(1.5 1.04073e-13 0)
(1.5 1.06797e-13 0)
(1.5 9.299e-14 0)
(1.5 2.34762e-14 0)
(1.5 8.60995e-14 0)
(1.5 1.9874e-13 0)
(1.5 3.06545e-13 0)
(1.5 3.67556e-13 0)
(1.5 3.71229e-13 0)
(1.5 3.36007e-13 0)
(1.5 2.86564e-13 0)
(1.5 1.96667e-13 0)
(1.5 1.91531e-13 0)
(1.5 1.11811e-13 0)
(1.5 4.60297e-14 0)
(1.5 3.6646e-14 0)
(1.5 1.63432e-14 0)
(1.5 5.20327e-14 0)
(1.5 1.45529e-13 0)
(1.5 1.14048e-13 0)
(1.5 1.50596e-14 0)
(1.5 -4.7783e-14 0)
(1.5 -1.77896e-13 0)
(1.5 -2.34313e-13 0)
(1.5 -2.25398e-13 0)
(1.5 -2.82847e-13 0)
(1.5 -3.47197e-13 0)
(1.5 -3.68436e-13 0)
(1.5 -2.0836e-13 0)
(1.5 -1.75732e-13 0)
(1.5 -2.17623e-13 0)
(1.5 -3.20551e-13 0)
(1.5 -3.87477e-13 0)
(1.5 -3.78012e-13 0)
(1.5 -2.64167e-13 0)
(1.5 -1.86265e-13 0)
(1.5 -1.77558e-13 0)
(1.5 -1.66793e-13 0)
(1.5 -1.27404e-13 0)
(1.5 -9.82948e-14 0)
(1.5 -6.66753e-14 0)
(1.5 -8.29011e-14 0)
(1.5 -6.80983e-14 0)
(1.5 -1.97822e-13 0)
(1.5 -2.99508e-13 0)
(1.5 -3.95815e-13 0)
(1.5 -4.10263e-13 0)
(1.5 -4.14136e-13 0)
(1.5 -5.98252e-13 0)
(1.5 -5.80109e-13 0)
(1.5 -5.31406e-13 0)
(1.5 -4.20652e-13 0)
(1.5 -2.60474e-13 0)
(1.5 -2.45878e-13 0)
(1.5 -1.51727e-13 0)
(1.5 -5.71305e-14 0)
(1.5 8.13583e-14 0)
(1.5 1.34376e-13 0)
(1.5 2.34114e-13 0)
(1.5 2.5895e-13 0)
(1.5 2.61526e-13 0)
(1.5 2.1257e-13 0)
(1.5 1.25771e-13 0)
(1.5 -6.94413e-14 0)
(1.5 -2.55982e-13 0)
(1.5 -3.17703e-13 0)
(1.5 -2.99049e-13 0)
(1.5 -2.38439e-13 0)
(1.5 -1.70596e-13 0)
(1.5 -1.98707e-14 0)
(1.5 1.23884e-13 0)
(1.5 9.91111e-15 0)
(1.5 5.68117e-14 0)
(1.5 1.31655e-13 0)
(1.5 2.29227e-13 0)
(1.5 2.20304e-13 0)
(1.5 1.02223e-13 0)
(1.5 7.01739e-14 0)
(1.5 5.45051e-14 0)
(1.5 4.46236e-14 0)
(1.5 1.30568e-14 0)
(1.5 -4.41047e-14 0)
(1.5 -4.02976e-14 0)
(1.5 -8.67482e-14 0)
(1.5 -1.10664e-13 0)
(1.5 -7.96358e-14 0)
(1.5 -4.55077e-14 0)
(1.5 -2.96437e-14 0)
(1.5 -1.82694e-15 0)
(1.5 -7.18612e-15 0)
(1.5 -8.17587e-15 0)
(1.5 6.30162e-14 0)
(1.5 1.6476e-13 0)
(1.5 1.69772e-13 0)
(1.5 1.39926e-13 0)
(1.5 1.18423e-13 0)
(1.5 9.01343e-14 0)
(1.5 8.48852e-14 0)
(1.5 8.16149e-14 0)
(1.5 9.42803e-14 0)
(1.5 1.0131e-13 0)
(1.5 8.00166e-14 0)
(1.5 1.07275e-14 0)
(1.5 -4.31307e-14 0)
(1.5 -8.45749e-14 0)
(1.5 -1.01472e-13 0)
(1.5 -7.54575e-14 0)
(1.5 1.11305e-14 0)
(1.5 1.51742e-14 0)
(1.5 -3.30466e-14 0)
(1.5 -5.09606e-14 0)
(1.5 -1.59629e-14 0)
(1.5 2.40251e-14 0)
(1.5 6.72794e-14 0)
(1.5 1.32864e-13 0)
(1.5 8.25679e-14 0)
(1.5 6.57671e-14 0)
(1.5 6.58648e-14 0)
(1.5 4.95115e-14 0)
(1.5 6.24898e-14 0)
(1.5 1.18791e-13 0)
(1.5 1.41691e-13 0)
(1.5 1.20947e-13 0)
(1.5 9.59385e-14 0)
(1.5 8.78971e-14 0)
(1.5 8.03353e-14 0)
(1.5 3.9028e-14 0)
(1.5 -1.21821e-15 0)
(1.5 -7.94674e-15 0)
(1.5 1.99718e-14 0)
(1.5 -5.12624e-14 0)
(1.5 -4.14596e-14 0)
(1.5 -7.80921e-14 0)
(1.5 -8.65553e-14 0)
(1.5 -5.90528e-14 0)
(1.5 1.54704e-14 0)
(1.5 7.17676e-14 0)
(1.5 5.72793e-14 0)
(1.5 3.98264e-15 0)
(1.5 3.51063e-14 0)
(1.5 4.12762e-14 0)
(1.5 6.02173e-14 0)
(1.5 1.88988e-14 0)
(1.5 3.07641e-14 0)
(1.5 8.38191e-15 0)
(1.5 -8.67187e-14 0)
(1.5 -1.227e-13 0)
(1.5 -7.45727e-14 0)
(1.5 -8.1448e-14 0)
(1.5 -5.22446e-14 0)
(1.5 -6.42845e-14 0)
(1.5 -6.9312e-14 0)
(1.5 -8.96977e-15 0)
(1.5 -6.36413e-14 0)
(1.5 -5.69589e-14 0)
(1.5 -7.1636e-14 0)
(1.5 -5.77237e-14 0)
(1.5 -3.76329e-14 0)
(1.5 2.50866e-14 0)
(1.5 3.94076e-14 0)
(1.5 -8.49574e-14 0)
(1.5 -2.16727e-13 0)
(1.5 -2.92343e-13 0)
(1.5 -3.13999e-13 0)
(1.5 -2.12206e-13 0)
(1.5 -9.89607e-14 0)
(1.5 4.9685e-14 0)
(1.5 1.58409e-13 0)
(1.5 2.23127e-13 0)
(1.5 1.6266e-13 0)
(1.5 8.37864e-14 0)
(1.5 5.01268e-14 0)
(1.5 3.65675e-14 0)
(1.5 -1.59904e-14 0)
(1.5 -5.16291e-14 0)
(1.5 -1.1549e-13 0)
(1.5 -1.41602e-13 0)
(1.5 -1.44957e-13 0)
(1.5 -1.203e-13 0)
(1.5 -1.33523e-13 0)
(1.5 -1.25171e-13 0)
(1.5 -1.64175e-13 0)
(1.5 -2.63447e-13 0)
(1.5 -2.35587e-13 0)
(1.5 -2.41283e-13 0)
(1.5 -2.12443e-13 0)
(1.5 -1.34716e-13 0)
(1.5 -6.68847e-14 0)
(1.5 -5.43599e-14 0)
(1.5 -6.94175e-14 0)
(1.5 1.35953e-14 0)
(1.5 1.44699e-13 0)
(1.5 1.80814e-13 0)
(1.5 2.03883e-13 0)
(1.5 2.15408e-13 0)
(1.5 1.94934e-13 0)
(1.5 2.28399e-13 0)
(1.5 1.51165e-13 0)
(1.5 8.11305e-14 0)
(1.5 1.21454e-13 0)
(1.5 1.05614e-13 0)
(1.5 1.63313e-14 0)
(1.5 -6.34974e-14 0)
(1.5 -1.4096e-13 0)
(1.5 -2.6466e-14 0)
(1.5 1.36483e-13 0)
(1.5 2.81975e-13 0)
(1.5 3.60766e-13 0)
(1.5 3.92751e-13 0)
(1.5 3.93599e-13 0)
(1.5 3.64343e-13 0)
(1.5 3.03347e-13 0)
(1.5 3.15729e-13 0)
(1.5 3.05262e-13 0)
(1.5 2.83623e-13 0)
(1.5 2.47417e-13 0)
(1.5 8.53061e-14 0)
(1.5 2.87215e-14 0)
(1.5 2.01288e-13 0)
(1.5 2.29986e-13 0)
(1.5 1.17443e-13 0)
(1.5 -6.2662e-14 0)
(1.5 -2.15782e-13 0)
(1.5 -2.44575e-13 0)
(1.5 -1.91377e-13 0)
(1.5 -1.62807e-13 0)
(1.5 -2.13234e-13 0)
(1.5 -2.52908e-13 0)
(1.5 -1.19566e-13 0)
(1.5 -5.56485e-14 0)
(1.5 -5.70371e-14 0)
(1.5 -1.36561e-13 0)
(1.5 -2.19167e-13 0)
(1.5 -2.10696e-13 0)
(1.5 -1.23441e-13 0)
(1.5 -1.24689e-13 0)
(1.5 -1.02267e-13 0)
(1.5 -2.35735e-14 0)
(1.5 4.67209e-14 0)
(1.5 1.11455e-13 0)
(1.5 1.58531e-13 0)
(1.5 7.26765e-14 0)
(1.5 -2.09083e-14 0)
(1.5 -1.99971e-13 0)
(1.5 -3.10391e-13 0)
(1.5 -3.05765e-13 0)
(1.5 -3.41917e-13 0)
(1.5 -3.12147e-13 0)
(1.5 -3.90896e-13 0)
(1.5 -4.09845e-13 0)
(1.5 -3.65982e-13 0)
(1.5 -2.97055e-13 0)
(1.5 -1.83767e-13 0)
(1.5 -9.04113e-14 0)
(1.5 -7.1863e-14 0)
(1.5 2.35513e-14 0)
(1.5 1.64813e-13 0)
(1.5 1.46993e-13 0)
(1.5 2.43023e-13 0)
(1.5 3.20641e-13 0)
(1.5 2.82605e-13 0)
(1.5 2.50269e-13 0)
(1.5 2.24232e-13 0)
(1.5 7.3045e-14 0)
(1.5 -1.20635e-14 0)
(1.5 -9.10009e-15 0)
(1.5 9.60197e-15 0)
(1.5 5.91606e-16 0)
(1.5 8.08281e-14 0)
(1.5 2.23886e-13 0)
(1.5 3.12143e-13 0)
(1.5 4.76277e-14 0)
(1.5 4.02314e-14 0)
(1.5 7.63026e-14 0)
(1.5 1.9512e-13 0)
(1.5 1.97321e-13 0)
(1.5 8.27627e-14 0)
(1.5 1.74695e-14 0)
(1.5 5.05731e-14 0)
(1.5 8.41495e-14 0)
(1.5 2.02169e-14 0)
(1.5 -4.77705e-14 0)
(1.5 -2.72775e-14 0)
(1.5 -9.16168e-14 0)
(1.5 -1.56174e-13 0)
(1.5 -1.02165e-13 0)
(1.5 -8.49063e-14 0)
(1.5 1.17582e-14 0)
(1.5 8.04527e-15 0)
(1.5 2.75435e-14 0)
(1.5 -2.0127e-14 0)
(1.5 4.55679e-14 0)
(1.5 9.65871e-14 0)
(1.5 1.78107e-13 0)
(1.5 1.88978e-13 0)
(1.5 1.24431e-13 0)
(1.5 9.75765e-14 0)
(1.5 8.72188e-14 0)
(1.5 7.24807e-14 0)
(1.5 1.15171e-13 0)
(1.5 1.50787e-13 0)
(1.5 1.5186e-13 0)
(1.5 9.2616e-14 0)
(1.5 2.80406e-14 0)
(1.5 -3.20352e-14 0)
(1.5 -8.78376e-14 0)
(1.5 -8.13673e-14 0)
(1.5 3.26423e-15 0)
(1.5 5.24087e-14 0)
(1.5 8.85618e-14 0)
(1.5 8.31922e-14 0)
(1.5 4.09569e-14 0)
(1.5 2.29563e-14 0)
(1.5 7.9774e-14 0)
(1.5 1.29563e-13 0)
(1.5 1.58513e-13 0)
(1.5 1.27236e-13 0)
(1.5 1.07439e-13 0)
(1.5 7.62128e-14 0)
(1.5 2.74417e-14 0)
(1.5 8.63995e-14 0)
(1.5 1.46639e-13 0)
(1.5 1.11358e-13 0)
(1.5 5.65626e-14 0)
(1.5 5.84564e-14 0)
(1.5 4.85849e-14 0)
(1.5 2.08118e-14 0)
(1.5 6.28604e-15 0)
(1.5 6.33615e-14 0)
(1.5 6.44333e-14 0)
(1.5 -1.83987e-14 0)
(1.5 4.44131e-15 0)
(1.5 -3.0032e-15 0)
(1.5 -3.66081e-14 0)
(1.5 2.91571e-14 0)
(1.5 5.83308e-14 0)
(1.5 5.91887e-14 0)
(1.5 3.88999e-14 0)
(1.5 -1.20475e-14 0)
(1.5 -4.11e-14 0)
(1.5 8.56469e-15 0)
(1.5 5.79703e-14 0)
(1.5 7.56132e-14 0)
(1.5 7.70364e-14 0)
(1.5 4.34414e-14 0)
(1.5 -5.99821e-14 0)
(1.5 -4.89282e-14 0)
(1.5 -4.78327e-14 0)
(1.5 -7.16238e-14 0)
(1.5 -5.83238e-14 0)
(1.5 4.19373e-15 0)
(1.5 1.967e-14 0)
(1.5 6.09096e-14 0)
(1.5 -2.55402e-14 0)
(1.5 -4.28264e-14 0)
(1.5 -4.34339e-14 0)
(1.5 1.33165e-14 0)
(1.5 4.38902e-14 0)
(1.5 8.25627e-14 0)
(1.5 3.16058e-14 0)
(1.5 -9.76584e-14 0)
(1.5 -1.71421e-13 0)
(1.5 -2.39949e-13 0)
(1.5 -2.67244e-13 0)
(1.5 -2.18642e-13 0)
(1.5 -7.15596e-14 0)
(1.5 6.854e-14 0)
(1.5 1.73913e-13 0)
(1.5 1.91671e-13 0)
(1.5 1.29767e-13 0)
(1.5 9.28933e-14 0)
(1.5 8.29831e-14 0)
(1.5 7.5286e-14 0)
(1.5 1.68686e-14 0)
(1.5 -6.97226e-15 0)
(1.5 -3.54275e-15 0)
(1.5 -7.20657e-14 0)
(1.5 -1.19373e-13 0)
(1.5 -8.57486e-14 0)
(1.5 -6.56316e-14 0)
(1.5 -7.6758e-14 0)
(1.5 -1.08681e-13 0)
(1.5 -1.45845e-13 0)
(1.5 -1.34432e-13 0)
(1.5 -2.02377e-13 0)
(1.5 -1.94218e-13 0)
(1.5 -1.17786e-13 0)
(1.5 -6.76677e-14 0)
(1.5 -4.11706e-14 0)
(1.5 -3.29154e-14 0)
(1.5 -5.70949e-14 0)
(1.5 3.7405e-14 0)
(1.5 1.6935e-13 0)
(1.5 2.31521e-13 0)
(1.5 1.77888e-13 0)
(1.5 1.71705e-13 0)
(1.5 1.57311e-13 0)
(1.5 4.33821e-14 0)
(1.5 -8.04921e-15 0)
(1.5 5.59794e-14 0)
(1.5 1.01836e-13 0)
(1.5 1.1685e-13 0)
(1.5 3.10906e-14 0)
(1.5 -1.29268e-13 0)
(1.5 -3.16887e-14 0)
(1.5 2.00882e-13 0)
(1.5 2.9128e-13 0)
(1.5 3.96774e-13 0)
(1.5 4.92092e-13 0)
(1.5 5.02155e-13 0)
(1.5 4.778e-13 0)
(1.5 4.7956e-13 0)
(1.5 4.51225e-13 0)
(1.5 3.81695e-13 0)
(1.5 2.7201e-13 0)
(1.5 1.8994e-13 0)
(1.5 1.11934e-13 0)
(1.5 -2.89799e-15 0)
(1.5 7.81284e-14 0)
(1.5 1.45029e-13 0)
(1.5 9.53072e-14 0)
(1.5 -4.24764e-14 0)
(1.5 -1.32057e-13 0)
(1.5 -1.79061e-13 0)
(1.5 -1.40438e-13 0)
(1.5 -9.60951e-14 0)
(1.5 -7.67698e-14 0)
(1.5 -7.39412e-14 0)
(1.5 -5.90121e-14 0)
(1.5 -2.06627e-14 0)
(1.5 3.90223e-14 0)
(1.5 7.54752e-15 0)
(1.5 -3.76123e-14 0)
(1.5 7.1402e-15 0)
(1.5 5.26887e-14 0)
(1.5 4.69606e-14 0)
(1.5 2.51912e-14 0)
(1.5 9.88045e-14 0)
(1.5 1.22988e-13 0)
(1.5 2.13764e-13 0)
(1.5 3.12428e-13 0)
(1.5 2.29415e-13 0)
(1.5 1.01176e-13 0)
(1.5 -1.17971e-13 0)
(1.5 -2.79529e-13 0)
(1.5 -2.36685e-13 0)
(1.5 -2.61185e-13 0)
(1.5 -2.38321e-13 0)
(1.5 -2.28835e-13 0)
(1.5 -1.89614e-13 0)
(1.5 -1.50054e-13 0)
(1.5 -1.63478e-13 0)
(1.5 -1.03184e-13 0)
(1.5 -3.65888e-14 0)
(1.5 -2.90232e-14 0)
(1.5 9.25772e-14 0)
(1.5 2.38482e-13 0)
(1.5 2.59056e-13 0)
(1.5 2.6998e-13 0)
(1.5 3.30238e-13 0)
(1.5 2.49517e-13 0)
(1.5 2.84041e-13 0)
(1.5 3.22991e-13 0)
(1.5 2.32303e-13 0)
(1.5 1.65392e-13 0)
(1.5 2.1157e-13 0)
(1.5 2.47073e-13 0)
(1.5 2.66378e-13 0)
(1.5 3.87689e-13 0)
(1.5 4.8318e-13 0)
(1.5 4.55882e-13 0)
(1.5 4.55681e-14 0)
(1.5 5.4975e-14 0)
(1.5 5.26851e-14 0)
(1.5 6.31306e-14 0)
(1.5 3.20899e-14 0)
(1.5 -2.93278e-14 0)
(1.5 -4.3603e-14 0)
(1.5 6.97606e-15 0)
(1.5 6.34959e-14 0)
(1.5 3.05982e-14 0)
(1.5 -3.4376e-15 0)
(1.5 -8.66621e-14 0)
(1.5 -1.97002e-13 0)
(1.5 -1.88901e-13 0)
(1.5 -8.23361e-14 0)
(1.5 -6.34479e-14 0)
(1.5 4.654e-14 0)
(1.5 8.37333e-14 0)
(1.5 7.68702e-14 0)
(1.5 2.23915e-14 0)
(1.5 -3.18085e-14 0)
(1.5 -2.94778e-14 0)
(1.5 6.46252e-14 0)
(1.5 1.08098e-13 0)
(1.5 5.94519e-14 0)
(1.5 7.9508e-14 0)
(1.5 8.7508e-14 0)
(1.5 4.29971e-14 0)
(1.5 6.84444e-14 0)
(1.5 5.82706e-14 0)
(1.5 5.09307e-14 0)
(1.5 3.77338e-14 0)
(1.5 6.17987e-15 0)
(1.5 -1.8425e-14 0)
(1.5 -2.03033e-14 0)
(1.5 -2.37363e-14 0)
(1.5 -2.24802e-14 0)
(1.5 2.08865e-14 0)
(1.5 5.9351e-14 0)
(1.5 7.89357e-14 0)
(1.5 9.95143e-14 0)
(1.5 9.05339e-14 0)
(1.5 1.26333e-13 0)
(1.5 9.4273e-14 0)
(1.5 1.27019e-13 0)
(1.5 1.30932e-13 0)
(1.5 1.43805e-13 0)
(1.5 8.92706e-14 0)
(1.5 6.57959e-14 0)
(1.5 3.99249e-14 0)
(1.5 7.689e-14 0)
(1.5 6.5465e-14 0)
(1.5 6.26542e-14 0)
(1.5 5.92308e-14 0)
(1.5 2.34162e-14 0)
(1.5 8.58552e-15 0)
(1.5 3.4652e-14 0)
(1.5 1.31935e-13 0)
(1.5 1.05736e-13 0)
(1.5 6.29057e-14 0)
(1.5 7.89843e-14 0)
(1.5 3.58309e-14 0)
(1.5 1.2962e-14 0)
(1.5 2.53784e-14 0)
(1.5 3.48881e-14 0)
(1.5 -5.62103e-14 0)
(1.5 -6.03072e-14 0)
(1.5 -9.93623e-14 0)
(1.5 -1.55934e-13 0)
(1.5 -7.87216e-14 0)
(1.5 -2.93232e-14 0)
(1.5 4.29238e-14 0)
(1.5 9.50171e-15 0)
(1.5 -1.52215e-14 0)
(1.5 -4.89011e-14 0)
(1.5 -3.40786e-14 0)
(1.5 -7.04579e-14 0)
(1.5 -5.69363e-14 0)
(1.5 -1.29189e-13 0)
(1.5 -8.29102e-14 0)
(1.5 -5.10333e-14 0)
(1.5 1.97568e-14 0)
(1.5 3.81555e-14 0)
(1.5 3.14982e-15 0)
(1.5 3.32454e-15 0)
(1.5 2.31602e-14 0)
(1.5 5.63097e-14 0)
(1.5 4.6416e-14 0)
(1.5 6.24498e-15 0)
(1.5 -5.03131e-14 0)
(1.5 -1.04487e-13 0)
(1.5 -1.30992e-13 0)
(1.5 -1.91791e-13 0)
(1.5 -1.87307e-13 0)
(1.5 -1.29594e-13 0)
(1.5 -7.64436e-14 0)
(1.5 -5.06433e-14 0)
(1.5 -3.51878e-14 0)
(1.5 -5.18514e-14 0)
(1.5 -1.14025e-14 0)
(1.5 -8.61224e-15 0)
(1.5 -1.55709e-14 0)
(1.5 -6.11336e-14 0)
(1.5 -3.20923e-14 0)
(1.5 -1.20521e-14 0)
(1.5 -4.12522e-14 0)
(1.5 -4.69376e-14 0)
(1.5 -1.16143e-13 0)
(1.5 -1.70509e-13 0)
(1.5 -2.55426e-13 0)
(1.5 -2.27763e-13 0)
(1.5 -1.70723e-13 0)
(1.5 -1.15069e-13 0)
(1.5 -1.83859e-13 0)
(1.5 -1.9863e-13 0)
(1.5 -1.14345e-13 0)
(1.5 -7.56082e-14 0)
(1.5 -3.988e-14 0)
(1.5 -1.78478e-14 0)
(1.5 -6.75769e-14 0)
(1.5 -4.79855e-14 0)
(1.5 3.85915e-14 0)
(1.5 8.47057e-14 0)
(1.5 1.12052e-13 0)
(1.5 1.04514e-13 0)
(1.5 3.74732e-14 0)
(1.5 2.58307e-14 0)
(1.5 5.27586e-14 0)
(1.5 7.96267e-14 0)
(1.5 1.23955e-13 0)
(1.5 1.67319e-13 0)
(1.5 1.21541e-13 0)
(1.5 2.97352e-15 0)
(1.5 6.47048e-14 0)
(1.5 2.22832e-13 0)
(1.5 2.96982e-13 0)
(1.5 3.44425e-13 0)
(1.5 5.00837e-13 0)
(1.5 5.0708e-13 0)
(1.5 4.98244e-13 0)
(1.5 5.62017e-13 0)
(1.5 4.6707e-13 0)
(1.5 2.83525e-13 0)
(1.5 8.55151e-14 0)
(1.5 -2.22794e-14 0)
(1.5 -3.82586e-14 0)
(1.5 -5.64391e-14 0)
(1.5 -5.26046e-14 0)
(1.5 -3.28081e-14 0)
(1.5 1.16682e-15 0)
(1.5 2.35429e-15 0)
(1.5 1.22754e-14 0)
(1.5 -1.06399e-14 0)
(1.5 -9.20002e-14 0)
(1.5 -8.53968e-14 0)
(1.5 2.61794e-14 0)
(1.5 2.19765e-14 0)
(1.5 -1.37165e-13 0)
(1.5 -1.40819e-13 0)
(1.5 -7.53116e-14 0)
(1.5 5.57389e-15 0)
(1.5 3.04545e-14 0)
(1.5 1.05991e-13 0)
(1.5 6.45519e-14 0)
(1.5 7.58707e-14 0)
(1.5 8.12901e-14 0)
(1.5 9.70565e-14 0)
(1.5 2.1982e-13 0)
(1.5 3.55438e-13 0)
(1.5 3.76565e-13 0)
(1.5 3.17797e-13 0)
(1.5 2.66465e-13 0)
(1.5 7.90596e-14 0)
(1.5 -1.34877e-13 0)
(1.5 -2.12067e-13 0)
(1.5 -2.09297e-13 0)
(1.5 -1.53314e-13 0)
(1.5 -1.02029e-13 0)
(1.5 -9.25213e-15 0)
(1.5 3.82472e-14 0)
(1.5 8.9504e-14 0)
(1.5 1.77142e-13 0)
(1.5 1.84718e-13 0)
(1.5 2.16425e-13 0)
(1.5 2.85424e-13 0)
(1.5 3.93453e-13 0)
(1.5 3.87892e-13 0)
(1.5 3.69556e-13 0)
(1.5 3.956e-13 0)
(1.5 3.55623e-13 0)
(1.5 3.91812e-13 0)
(1.5 3.9176e-13 0)
(1.5 4.10182e-13 0)
(1.5 2.7612e-13 0)
(1.5 2.9859e-13 0)
(1.5 3.90287e-13 0)
(1.5 5.28545e-13 0)
(1.5 7.46481e-13 0)
(1.5 6.78313e-13 0)
(1.5 5.88894e-13 0)
(1.5 -5.35093e-15 0)
(1.5 -6.57187e-15 0)
(1.5 -2.8948e-14 0)
(1.5 -5.37529e-14 0)
(1.5 -2.80842e-14 0)
(1.5 8.98267e-15 0)
(1.5 -8.64414e-15 0)
(1.5 4.23407e-14 0)
(1.5 6.41449e-14 0)
(1.5 6.73897e-14 0)
(1.5 -2.2649e-14 0)
(1.5 -1.79949e-13 0)
(1.5 -2.07136e-13 0)
(1.5 -1.53413e-13 0)
(1.5 -9.63351e-14 0)
(1.5 -3.5964e-14 0)
(1.5 -1.1527e-14 0)
(1.5 1.13287e-13 0)
(1.5 1.0226e-13 0)
(1.5 6.96022e-14 0)
(1.5 5.2239e-15 0)
(1.5 -4.65639e-14 0)
(1.5 -1.18363e-14 0)
(1.5 1.07528e-14 0)
(1.5 8.51024e-14 0)
(1.5 2.52614e-14 0)
(1.5 -1.02713e-15 0)
(1.5 -3.86627e-14 0)
(1.5 -1.06711e-13 0)
(1.5 -7.43342e-14 0)
(1.5 -4.03444e-14 0)
(1.5 -2.31068e-14 0)
(1.5 -2.16119e-14 0)
(1.5 -3.12737e-14 0)
(1.5 -1.8978e-14 0)
(1.5 4.27591e-14 0)
(1.5 -8.11695e-15 0)
(1.5 -6.0751e-15 0)
(1.5 -1.29022e-14 0)
(1.5 2.31853e-14 0)
(1.5 8.6631e-14 0)
(1.5 1.39092e-13 0)
(1.5 1.71034e-13 0)
(1.5 1.57363e-13 0)
(1.5 9.655e-14 0)
(1.5 1.59741e-13 0)
(1.5 1.76742e-13 0)
(1.5 9.75751e-14 0)
(1.5 1.08637e-13 0)
(1.5 8.92912e-14 0)
(1.5 6.78099e-14 0)
(1.5 9.42178e-14 0)
(1.5 1.32577e-13 0)
(1.5 1.41323e-13 0)
(1.5 9.10095e-14 0)
(1.5 5.74854e-14 0)
(1.5 1.17158e-13 0)
(1.5 1.21103e-13 0)
(1.5 8.22877e-14 0)
(1.5 1.11622e-13 0)
(1.5 1.83114e-14 0)
(1.5 -6.64164e-14 0)
(1.5 -4.64105e-14 0)
(1.5 -4.38373e-15 0)
(1.5 -2.22749e-15 0)
(1.5 -6.95361e-14 0)
(1.5 -1.25763e-13 0)
(1.5 -1.31356e-13 0)
(1.5 -1.47963e-13 0)
(1.5 -8.09652e-14 0)
(1.5 -6.32307e-14 0)
(1.5 -8.59731e-14 0)
(1.5 -1.10713e-13 0)
(1.5 -1.12144e-13 0)
(1.5 -7.64853e-14 0)
(1.5 -1.10625e-13 0)
(1.5 -1.18411e-13 0)
(1.5 -1.334e-13 0)
(1.5 -1.50224e-13 0)
(1.5 -1.65156e-13 0)
(1.5 -1.73651e-13 0)
(1.5 -1.13304e-13 0)
(1.5 -5.0075e-14 0)
(1.5 -8.5387e-14 0)
(1.5 -9.61413e-14 0)
(1.5 -1.18198e-13 0)
(1.5 -1.01446e-13 0)
(1.5 -9.38236e-14 0)
(1.5 -1.27705e-13 0)
(1.5 -1.1552e-13 0)
(1.5 -7.68415e-14 0)
(1.5 -3.56425e-14 0)
(1.5 -1.04827e-13 0)
(1.5 -8.08796e-14 0)
(1.5 -7.43272e-14 0)
(1.5 -5.16576e-14 0)
(1.5 -9.08961e-14 0)
(1.5 -1.10392e-13 0)
(1.5 -9.65227e-14 0)
(1.5 -4.5026e-14 0)
(1.5 -7.41771e-14 0)
(1.5 -5.10356e-14 0)
(1.5 -3.77588e-14 0)
(1.5 4.22974e-14 0)
(1.5 4.57984e-14 0)
(1.5 7.68068e-14 0)
(1.5 1.9575e-14 0)
(1.5 -1.24896e-13 0)
(1.5 -2.6981e-13 0)
(1.5 -3.48588e-13 0)
(1.5 -2.4364e-13 0)
(1.5 -1.69984e-13 0)
(1.5 -1.55485e-13 0)
(1.5 -1.34936e-13 0)
(1.5 -1.48351e-13 0)
(1.5 -1.01705e-13 0)
(1.5 -6.06212e-15 0)
(1.5 5.52066e-14 0)
(1.5 6.43424e-14 0)
(1.5 -3.91782e-14 0)
(1.5 -5.02317e-14 0)
(1.5 1.03792e-14 0)
(1.5 6.80291e-14 0)
(1.5 1.03599e-13 0)
(1.5 1.28834e-13 0)
(1.5 1.00609e-13 0)
(1.5 1.36863e-13 0)
(1.5 1.33838e-13 0)
(1.5 1.24552e-13 0)
(1.5 8.85324e-14 0)
(1.5 3.42377e-14 0)
(1.5 5.96171e-14 0)
(1.5 1.48758e-13 0)
(1.5 2.38309e-13 0)
(1.5 3.63943e-13 0)
(1.5 3.77165e-13 0)
(1.5 3.61595e-13 0)
(1.5 5.65373e-13 0)
(1.5 5.35718e-13 0)
(1.5 5.27664e-13 0)
(1.5 5.21137e-13 0)
(1.5 4.04905e-13 0)
(1.5 2.27129e-13 0)
(1.5 9.67682e-14 0)
(1.5 -1.56191e-14 0)
(1.5 -4.45045e-14 0)
(1.5 -7.59419e-14 0)
(1.5 -7.18448e-14 0)
(1.5 -7.89318e-14 0)
(1.5 4.44469e-15 0)
(1.5 7.14056e-14 0)
(1.5 1.67825e-13 0)
(1.5 2.29819e-13 0)
(1.5 1.15099e-13 0)
(1.5 9.24107e-14 0)
(1.5 1.29719e-13 0)
(1.5 4.11741e-14 0)
(1.5 -1.00147e-13 0)
(1.5 -8.97028e-14 0)
(1.5 -7.05989e-14 0)
(1.5 2.12077e-14 0)
(1.5 3.6783e-14 0)
(1.5 3.82534e-14 0)
(1.5 -9.36556e-15 0)
(1.5 3.09747e-14 0)
(1.5 1.59963e-13 0)
(1.5 2.16876e-13 0)
(1.5 3.87454e-13 0)
(1.5 4.77302e-13 0)
(1.5 4.08495e-13 0)
(1.5 4.54269e-13 0)
(1.5 4.4241e-13 0)
(1.5 1.7454e-13 0)
(1.5 -1.68772e-14 0)
(1.5 -1.11582e-13 0)
(1.5 -1.10932e-13 0)
(1.5 -2.20754e-14 0)
(1.5 1.16402e-13 0)
(1.5 1.09447e-13 0)
(1.5 6.37389e-14 0)
(1.5 1.15898e-13 0)
(1.5 1.91882e-13 0)
(1.5 3.43137e-13 0)
(1.5 4.54155e-13 0)
(1.5 4.93221e-13 0)
(1.5 5.04283e-13 0)
(1.5 4.86336e-13 0)
(1.5 4.43292e-13 0)
(1.5 4.79199e-13 0)
(1.5 5.6887e-13 0)
(1.5 5.27335e-13 0)
(1.5 4.36483e-13 0)
(1.5 5.13124e-13 0)
(1.5 3.72755e-13 0)
(1.5 3.48903e-13 0)
(1.5 4.27788e-13 0)
(1.5 5.67876e-13 0)
(1.5 8.52432e-13 0)
(1.5 8.23919e-13 0)
(1.5 7.37787e-13 0)
(1.5 -4.89123e-14 0)
(1.5 -9.30818e-14 0)
(1.5 -1.24839e-13 0)
(1.5 -1.89598e-13 0)
(1.5 -1.27636e-13 0)
(1.5 -9.80681e-15 0)
(1.5 2.36818e-14 0)
(1.5 6.74453e-14 0)
(1.5 7.84057e-14 0)
(1.5 7.96978e-14 0)
(1.5 -1.05891e-14 0)
(1.5 -1.57418e-13 0)
(1.5 -1.80664e-13 0)
(1.5 -1.44734e-13 0)
(1.5 -7.34583e-14 0)
(1.5 1.2769e-14 0)
(1.5 7.14773e-15 0)
(1.5 4.74859e-14 0)
(1.5 6.87902e-14 0)
(1.5 9.12271e-14 0)
(1.5 8.91185e-14 0)
(1.5 2.74492e-15 0)
(1.5 -6.24645e-14 0)
(1.5 -4.23795e-14 0)
(1.5 2.12289e-14 0)
(1.5 -3.65712e-14 0)
(1.5 -8.23338e-14 0)
(1.5 -1.10778e-13 0)
(1.5 -1.43749e-13 0)
(1.5 -1.30268e-13 0)
(1.5 -7.51447e-14 0)
(1.5 -3.72584e-14 0)
(1.5 -4.69913e-15 0)
(1.5 3.71098e-15 0)
(1.5 2.84529e-14 0)
(1.5 7.31095e-14 0)
(1.5 2.61521e-14 0)
(1.5 5.29667e-14 0)
(1.5 1.0099e-13 0)
(1.5 8.77245e-14 0)
(1.5 4.08006e-14 0)
(1.5 8.53052e-14 0)
(1.5 1.14299e-13 0)
(1.5 1.44512e-13 0)
(1.5 1.14769e-13 0)
(1.5 1.62332e-13 0)
(1.5 1.06529e-13 0)
(1.5 1.16602e-13 0)
(1.5 6.8982e-14 0)
(1.5 1.043e-13 0)
(1.5 1.24811e-13 0)
(1.5 1.50235e-13 0)
(1.5 1.31676e-13 0)
(1.5 1.13533e-13 0)
(1.5 1.33449e-13 0)
(1.5 1.1422e-13 0)
(1.5 1.17135e-13 0)
(1.5 3.25148e-15 0)
(1.5 3.47832e-14 0)
(1.5 7.71648e-14 0)
(1.5 -2.92861e-14 0)
(1.5 -2.74259e-14 0)
(1.5 1.1787e-14 0)
(1.5 1.34999e-14 0)
(1.5 -6.30298e-14 0)
(1.5 -3.83891e-14 0)
(1.5 -6.72847e-14 0)
(1.5 -5.74146e-14 0)
(1.5 -4.35463e-14 0)
(1.5 -5.4987e-14 0)
(1.5 -2.78103e-14 0)
(1.5 -1.04865e-13 0)
(1.5 -1.68993e-13 0)
(1.5 -1.51164e-13 0)
(1.5 -1.2415e-13 0)
(1.5 -1.54357e-13 0)
(1.5 -1.36892e-13 0)
(1.5 -1.88959e-13 0)
(1.5 -1.29168e-13 0)
(1.5 -2.03161e-13 0)
(1.5 -2.62113e-13 0)
(1.5 -2.46523e-13 0)
(1.5 -2.28078e-13 0)
(1.5 -2.44327e-13 0)
(1.5 -2.60197e-13 0)
(1.5 -2.35773e-13 0)
(1.5 -1.41265e-13 0)
(1.5 -1.50896e-13 0)
(1.5 -2.53693e-13 0)
(1.5 -2.63012e-13 0)
(1.5 -1.80043e-13 0)
(1.5 -2.71416e-14 0)
(1.5 2.53906e-14 0)
(1.5 1.89142e-14 0)
(1.5 3.25043e-15 0)
(1.5 -3.10851e-14 0)
(1.5 -9.20999e-14 0)
(1.5 -1.40625e-13 0)
(1.5 -7.42984e-14 0)
(1.5 -5.01814e-14 0)
(1.5 -6.10006e-14 0)
(1.5 -4.85862e-14 0)
(1.5 5.87252e-15 0)
(1.5 5.53246e-14 0)
(1.5 4.56135e-14 0)
(1.5 2.02382e-14 0)
(1.5 -8.11719e-14 0)
(1.5 -1.49096e-13 0)
(1.5 -2.2459e-13 0)
(1.5 -1.96926e-13 0)
(1.5 -1.35917e-13 0)
(1.5 -8.48269e-14 0)
(1.5 -1.39866e-13 0)
(1.5 -9.80823e-14 0)
(1.5 -6.2514e-14 0)
(1.5 -8.71623e-14 0)
(1.5 -2.73265e-14 0)
(1.5 3.66573e-14 0)
(1.5 5.13476e-14 0)
(1.5 -1.73124e-14 0)
(1.5 -5.62815e-14 0)
(1.5 -3.31814e-15 0)
(1.5 2.3325e-14 0)
(1.5 4.89137e-14 0)
(1.5 4.33329e-14 0)
(1.5 -9.88259e-15 0)
(1.5 6.55549e-15 0)
(1.5 9.26169e-14 0)
(1.5 2.20008e-13 0)
(1.5 2.61035e-13 0)
(1.5 1.86655e-13 0)
(1.5 2.36522e-13 0)
(1.5 4.16035e-13 0)
(1.5 5.28035e-13 0)
(1.5 5.7726e-13 0)
(1.5 5.10482e-13 0)
(1.5 3.95113e-13 0)
(1.5 5.44818e-13 0)
(1.5 5.56703e-13 0)
(1.5 5.62222e-13 0)
(1.5 4.60979e-13 0)
(1.5 3.07968e-13 0)
(1.5 1.66881e-13 0)
(1.5 1.13339e-13 0)
(1.5 4.87167e-14 0)
(1.5 -4.50609e-14 0)
(1.5 -9.47633e-14 0)
(1.5 -6.04319e-14 0)
(1.5 -7.56166e-14 0)
(1.5 3.11547e-14 0)
(1.5 1.40978e-13 0)
(1.5 1.90649e-13 0)
(1.5 2.89509e-13 0)
(1.5 2.51198e-13 0)
(1.5 2.14157e-13 0)
(1.5 1.70828e-13 0)
(1.5 6.0637e-14 0)
(1.5 -5.50951e-15 0)
(1.5 8.93134e-15 0)
(1.5 8.78012e-15 0)
(1.5 3.84734e-14 0)
(1.5 1.08063e-13 0)
(1.5 3.12099e-14 0)
(1.5 1.73052e-15 0)
(1.5 1.40476e-13 0)
(1.5 3.88391e-13 0)
(1.5 5.28354e-13 0)
(1.5 6.25273e-13 0)
(1.5 6.09549e-13 0)
(1.5 6.31639e-13 0)
(1.5 6.80894e-13 0)
(1.5 5.97703e-13 0)
(1.5 3.12137e-13 0)
(1.5 1.48996e-13 0)
(1.5 6.60575e-14 0)
(1.5 7.22166e-14 0)
(1.5 1.32798e-13 0)
(1.5 3.63256e-13 0)
(1.5 3.59243e-13 0)
(1.5 2.6004e-13 0)
(1.5 1.89363e-13 0)
(1.5 2.33544e-13 0)
(1.5 4.61787e-13 0)
(1.5 5.68992e-13 0)
(1.5 5.62916e-13 0)
(1.5 4.89848e-13 0)
(1.5 4.68966e-13 0)
(1.5 5.21561e-13 0)
(1.5 5.4588e-13 0)
(1.5 6.19746e-13 0)
(1.5 5.40557e-13 0)
(1.5 4.77201e-13 0)
(1.5 5.38722e-13 0)
(1.5 4.88871e-13 0)
(1.5 4.45602e-13 0)
(1.5 4.60257e-13 0)
(1.5 4.90496e-13 0)
(1.5 7.73978e-13 0)
(1.5 9.03134e-13 0)
(1.5 8.86541e-13 0)
(1.5 -9.92832e-15 0)
(1.5 -8.05965e-14 0)
(1.5 -1.79284e-13 0)
(1.5 -2.98362e-13 0)
(1.5 -3.19006e-13 0)
(1.5 -1.9855e-13 0)
(1.5 -7.86436e-14 0)
(1.5 -3.93956e-14 0)
(1.5 3.39648e-14 0)
(1.5 3.76919e-14 0)
(1.5 -4.27861e-14 0)
(1.5 -7.48755e-14 0)
(1.5 -1.26242e-13 0)
(1.5 -1.34584e-13 0)
(1.5 -3.41428e-14 0)
(1.5 7.11782e-14 0)
(1.5 8.27033e-14 0)
(1.5 5.2445e-14 0)
(1.5 4.80868e-15 0)
(1.5 1.78444e-14 0)
(1.5 1.68627e-14 0)
(1.5 7.66588e-15 0)
(1.5 -7.39422e-14 0)
(1.5 -7.0242e-14 0)
(1.5 -6.5881e-14 0)
(1.5 -7.45542e-14 0)
(1.5 -8.72253e-14 0)
(1.5 -1.28002e-13 0)
(1.5 -1.46744e-13 0)
(1.5 -2.18849e-13 0)
(1.5 -1.97415e-13 0)
(1.5 -1.14622e-13 0)
(1.5 -4.7559e-14 0)
(1.5 -5.6672e-15 0)
(1.5 3.24147e-14 0)
(1.5 -1.86764e-14 0)
(1.5 2.61501e-14 0)
(1.5 6.39851e-14 0)
(1.5 8.58528e-14 0)
(1.5 8.43735e-14 0)
(1.5 5.61809e-14 0)
(1.5 2.21652e-14 0)
(1.5 2.921e-14 0)
(1.5 3.94587e-14 0)
(1.5 7.82802e-14 0)
(1.5 6.52538e-14 0)
(1.5 1.94807e-14 0)
(1.5 5.08241e-14 0)
(1.5 1.9466e-14 0)
(1.5 -6.21699e-15 0)
(1.5 5.78704e-14 0)
(1.5 6.83147e-14 0)
(1.5 2.9301e-14 0)
(1.5 1.20354e-14 0)
(1.5 4.10309e-14 0)
(1.5 8.74145e-14 0)
(1.5 5.18528e-14 0)
(1.5 -1.42111e-14 0)
(1.5 -1.304e-14 0)
(1.5 -3.25659e-14 0)
(1.5 -1.52245e-14 0)
(1.5 -1.8937e-14 0)
(1.5 -1.69753e-14 0)
(1.5 -7.15889e-14 0)
(1.5 -1.24571e-13 0)
(1.5 -9.06967e-14 0)
(1.5 -5.95231e-14 0)
(1.5 -2.88915e-14 0)
(1.5 -6.27636e-14 0)
(1.5 -1.58163e-13 0)
(1.5 -1.16361e-13 0)
(1.5 -1.26426e-13 0)
(1.5 -1.70612e-13 0)
(1.5 -1.40725e-13 0)
(1.5 -1.64051e-13 0)
(1.5 -1.73713e-13 0)
(1.5 -1.24161e-13 0)
(1.5 -1.30357e-13 0)
(1.5 -1.74044e-13 0)
(1.5 -2.07911e-13 0)
(1.5 -2.45118e-13 0)
(1.5 -2.89251e-13 0)
(1.5 -2.72618e-13 0)
(1.5 -2.76423e-13 0)
(1.5 -2.53537e-13 0)
(1.5 -1.62814e-13 0)
(1.5 -6.15472e-14 0)
(1.5 -8.26959e-14 0)
(1.5 -2.19591e-13 0)
(1.5 -2.55783e-13 0)
(1.5 -1.91169e-13 0)
(1.5 -1.00831e-13 0)
(1.5 -3.5206e-14 0)
(1.5 -3.1891e-14 0)
(1.5 -8.66922e-14 0)
(1.5 -1.54538e-13 0)
(1.5 -1.69832e-13 0)
(1.5 -1.97405e-13 0)
(1.5 -1.38216e-13 0)
(1.5 -1.48963e-13 0)
(1.5 -8.63059e-14 0)
(1.5 -1.03034e-13 0)
(1.5 -1.11005e-13 0)
(1.5 -1.25044e-13 0)
(1.5 -1.59339e-13 0)
(1.5 -2.07537e-13 0)
(1.5 -2.76172e-13 0)
(1.5 -2.51874e-13 0)
(1.5 -1.86739e-13 0)
(1.5 -1.48168e-13 0)
(1.5 -1.70103e-13 0)
(1.5 -1.19386e-13 0)
(1.5 -1.38198e-13 0)
(1.5 -1.33916e-13 0)
(1.5 -3.18595e-14 0)
(1.5 -8.02261e-14 0)
(1.5 -1.01497e-13 0)
(1.5 -4.95689e-14 0)
(1.5 -6.38787e-14 0)
(1.5 -7.61592e-15 0)
(1.5 3.31632e-14 0)
(1.5 4.98946e-15 0)
(1.5 -2.11067e-14 0)
(1.5 -6.04493e-15 0)
(1.5 3.08259e-14 0)
(1.5 -3.55582e-14 0)
(1.5 -9.10163e-14 0)
(1.5 2.42707e-14 0)
(1.5 2.15827e-13 0)
(1.5 3.6429e-13 0)
(1.5 3.79419e-13 0)
(1.5 4.18315e-13 0)
(1.5 5.7805e-13 0)
(1.5 6.35103e-13 0)
(1.5 5.5233e-13 0)
(1.5 4.3285e-13 0)
(1.5 3.39522e-13 0)
(1.5 4.96102e-13 0)
(1.5 5.82793e-13 0)
(1.5 5.08588e-13 0)
(1.5 3.40399e-13 0)
(1.5 2.13631e-13 0)
(1.5 1.60689e-13 0)
(1.5 1.19475e-13 0)
(1.5 1.68109e-13 0)
(1.5 9.27715e-14 0)
(1.5 1.51783e-14 0)
(1.5 -6.17767e-14 0)
(1.5 -8.1779e-14 0)
(1.5 -2.45602e-14 0)
(1.5 5.37693e-14 0)
(1.5 5.22602e-14 0)
(1.5 1.6929e-13 0)
(1.5 2.39683e-13 0)
(1.5 2.27341e-13 0)
(1.5 1.61998e-13 0)
(1.5 2.8438e-14 0)
(1.5 -7.26712e-15 0)
(1.5 -3.15105e-15 0)
(1.5 2.06542e-14 0)
(1.5 8.1966e-14 0)
(1.5 1.77965e-13 0)
(1.5 2.27048e-13 0)
(1.5 2.11696e-13 0)
(1.5 3.14019e-13 0)
(1.5 5.56847e-13 0)
(1.5 7.24278e-13 0)
(1.5 8.50035e-13 0)
(1.5 8.20725e-13 0)
(1.5 8.26836e-13 0)
(1.5 8.01148e-13 0)
(1.5 6.31441e-13 0)
(1.5 5.23227e-13 0)
(1.5 3.91303e-13 0)
(1.5 2.12004e-13 0)
(1.5 2.2196e-13 0)
(1.5 2.71517e-13 0)
(1.5 4.56768e-13 0)
(1.5 4.56379e-13 0)
(1.5 4.40096e-13 0)
(1.5 4.1529e-13 0)
(1.5 4.76334e-13 0)
(1.5 6.81605e-13 0)
(1.5 6.85251e-13 0)
(1.5 5.91005e-13 0)
(1.5 5.33989e-13 0)
(1.5 5.21964e-13 0)
(1.5 6.345e-13 0)
(1.5 6.00237e-13 0)
(1.5 5.62824e-13 0)
(1.5 5.29914e-13 0)
(1.5 6.13124e-13 0)
(1.5 6.75631e-13 0)
(1.5 6.89735e-13 0)
(1.5 5.74395e-13 0)
(1.5 5.05663e-13 0)
(1.5 4.78387e-13 0)
(1.5 7.35752e-13 0)
(1.5 8.71445e-13 0)
(1.5 8.81227e-13 0)
(1.5 -1.00314e-14 0)
(1.5 -1.23244e-13 0)
(1.5 -2.4485e-13 0)
(1.5 -3.13256e-13 0)
(1.5 -3.57042e-13 0)
(1.5 -3.16076e-13 0)
(1.5 -1.9634e-13 0)
(1.5 -1.18357e-13 0)
(1.5 -9.26874e-14 0)
(1.5 -1.38056e-14 0)
(1.5 -2.23709e-14 0)
(1.5 7.38882e-14 0)
(1.5 9.25153e-14 0)
(1.5 -2.00349e-14 0)
(1.5 -5.69166e-14 0)
(1.5 -1.55051e-14 0)
(1.5 -3.23868e-14 0)
(1.5 -6.48232e-14 0)
(1.5 -1.56441e-14 0)
(1.5 2.98639e-14 0)
(1.5 4.46567e-14 0)
(1.5 4.14059e-14 0)
(1.5 3.00788e-14 0)
(1.5 6.03719e-14 0)
(1.5 5.02798e-14 0)
(1.5 3.20877e-14 0)
(1.5 -3.88178e-14 0)
(1.5 -8.04584e-14 0)
(1.5 -1.82248e-13 0)
(1.5 -2.32136e-13 0)
(1.5 -1.9211e-13 0)
(1.5 -9.66498e-14 0)
(1.5 -3.38187e-14 0)
(1.5 2.87535e-14 0)
(1.5 1.61647e-14 0)
(1.5 -5.4317e-14 0)
(1.5 2.82055e-15 0)
(1.5 3.82746e-14 0)
(1.5 1.38158e-14 0)
(1.5 6.68138e-14 0)
(1.5 1.25865e-13 0)
(1.5 3.61184e-14 0)
(1.5 5.47743e-14 0)
(1.5 4.66685e-14 0)
(1.5 1.10477e-13 0)
(1.5 9.29343e-14 0)
(1.5 1.06593e-13 0)
(1.5 9.35125e-14 0)
(1.5 9.86263e-14 0)
(1.5 1.85984e-14 0)
(1.5 1.72216e-14 0)
(1.5 2.06777e-14 0)
(1.5 5.17252e-14 0)
(1.5 5.48461e-14 0)
(1.5 9.92235e-17 0)
(1.5 6.0952e-14 0)
(1.5 7.45159e-14 0)
(1.5 9.02671e-14 0)
(1.5 2.83897e-14 0)
(1.5 -3.77773e-15 0)
(1.5 -2.51907e-15 0)
(1.5 -2.33407e-14 0)
(1.5 -5.84525e-14 0)
(1.5 -6.17728e-14 0)
(1.5 -8.83337e-14 0)
(1.5 -8.13615e-14 0)
(1.5 -5.73592e-14 0)
(1.5 -4.60422e-14 0)
(1.5 -1.03569e-13 0)
(1.5 -1.37073e-13 0)
(1.5 -1.22568e-13 0)
(1.5 -1.22522e-13 0)
(1.5 -1.04272e-13 0)
(1.5 -7.52178e-14 0)
(1.5 -7.72668e-14 0)
(1.5 -6.95741e-14 0)
(1.5 -1.44973e-14 0)
(1.5 -2.76958e-14 0)
(1.5 -1.77065e-13 0)
(1.5 -1.94709e-13 0)
(1.5 -1.82153e-13 0)
(1.5 -2.15853e-13 0)
(1.5 -2.1348e-13 0)
(1.5 -2.5137e-13 0)
(1.5 -2.20971e-13 0)
(1.5 -1.4776e-13 0)
(1.5 -1.38783e-13 0)
(1.5 -1.03403e-13 0)
(1.5 -1.62521e-13 0)
(1.5 -1.47973e-13 0)
(1.5 -7.00443e-14 0)
(1.5 -6.95493e-14 0)
(1.5 -8.84666e-14 0)
(1.5 -1.06302e-13 0)
(1.5 -2.08394e-13 0)
(1.5 -1.91198e-13 0)
(1.5 -8.52063e-14 0)
(1.5 -2.99589e-14 0)
(1.5 -6.03115e-14 0)
(1.5 -1.26118e-13 0)
(1.5 -9.58742e-14 0)
(1.5 -1.13269e-13 0)
(1.5 -1.53428e-13 0)
(1.5 -1.65948e-13 0)
(1.5 -1.63929e-13 0)
(1.5 -1.90737e-13 0)
(1.5 -2.73059e-13 0)
(1.5 -2.57887e-13 0)
(1.5 -1.35003e-13 0)
(1.5 -1.04286e-13 0)
(1.5 -1.71354e-13 0)
(1.5 -1.459e-13 0)
(1.5 -1.02047e-13 0)
(1.5 -7.29117e-14 0)
(1.5 -1.38792e-14 0)
(1.5 -9.08029e-14 0)
(1.5 -9.94625e-14 0)
(1.5 -1.05437e-13 0)
(1.5 -2.7168e-14 0)
(1.5 1.50706e-13 0)
(1.5 2.45685e-13 0)
(1.5 1.71002e-13 0)
(1.5 1.46959e-13 0)
(1.5 1.28498e-13 0)
(1.5 1.42273e-13 0)
(1.5 1.47975e-13 0)
(1.5 6.1015e-14 0)
(1.5 1.03577e-13 0)
(1.5 1.48157e-13 0)
(1.5 2.53504e-13 0)
(1.5 3.09359e-13 0)
(1.5 3.35938e-13 0)
(1.5 4.52374e-13 0)
(1.5 4.70045e-13 0)
(1.5 4.09124e-13 0)
(1.5 3.051e-13 0)
(1.5 2.75006e-13 0)
(1.5 4.20655e-13 0)
(1.5 4.65587e-13 0)
(1.5 3.83387e-13 0)
(1.5 2.74065e-13 0)
(1.5 2.50893e-13 0)
(1.5 2.6429e-13 0)
(1.5 2.77929e-13 0)
(1.5 3.73649e-13 0)
(1.5 3.87142e-13 0)
(1.5 2.92437e-13 0)
(1.5 1.29178e-13 0)
(1.5 1.14834e-13 0)
(1.5 7.01449e-14 0)
(1.5 4.27894e-14 0)
(1.5 6.46657e-14 0)
(1.5 2.3736e-13 0)
(1.5 3.31125e-13 0)
(1.5 3.70664e-13 0)
(1.5 3.28532e-13 0)
(1.5 2.26781e-13 0)
(1.5 1.43994e-13 0)
(1.5 1.04622e-13 0)
(1.5 1.84912e-13 0)
(1.5 2.36924e-13 0)
(1.5 2.64732e-13 0)
(1.5 4.49973e-13 0)
(1.5 4.87985e-13 0)
(1.5 5.05263e-13 0)
(1.5 6.22841e-13 0)
(1.5 7.26125e-13 0)
(1.5 9.61145e-13 0)
(1.5 9.98177e-13 0)
(1.5 9.5948e-13 0)
(1.5 8.98916e-13 0)
(1.5 8.22603e-13 0)
(1.5 8.8309e-13 0)
(1.5 7.90781e-13 0)
(1.5 5.32424e-13 0)
(1.5 3.06867e-13 0)
(1.5 2.80549e-13 0)
(1.5 3.29242e-13 0)
(1.5 3.55496e-13 0)
(1.5 4.71203e-13 0)
(1.5 6.38543e-13 0)
(1.5 7.09366e-13 0)
(1.5 8.46557e-13 0)
(1.5 8.47349e-13 0)
(1.5 7.64125e-13 0)
(1.5 6.60986e-13 0)
(1.5 6.79384e-13 0)
(1.5 7.49461e-13 0)
(1.5 7.39275e-13 0)
(1.5 6.72935e-13 0)
(1.5 6.82732e-13 0)
(1.5 7.15978e-13 0)
(1.5 7.43678e-13 0)
(1.5 7.6587e-13 0)
(1.5 6.2986e-13 0)
(1.5 4.83386e-13 0)
(1.5 4.66611e-13 0)
(1.5 5.48606e-13 0)
(1.5 6.31374e-13 0)
(1.5 6.38749e-13 0)
(1.5 -6.18552e-16 0)
(1.5 -8.084e-14 0)
(1.5 -1.40059e-13 0)
(1.5 -1.71663e-13 0)
(1.5 -2.21392e-13 0)
(1.5 -2.31398e-13 0)
(1.5 -1.97474e-13 0)
(1.5 -1.3726e-13 0)
(1.5 -1.83517e-13 0)
(1.5 -7.52257e-14 0)
(1.5 4.05999e-14 0)
(1.5 1.44448e-13 0)
(1.5 1.9513e-13 0)
(1.5 6.89632e-14 0)
(1.5 -3.40626e-14 0)
(1.5 -6.73549e-14 0)
(1.5 -1.23297e-13 0)
(1.5 -1.39427e-13 0)
(1.5 -6.0241e-15 0)
(1.5 9.98721e-14 0)
(1.5 1.59329e-13 0)
(1.5 1.45503e-13 0)
(1.5 1.17235e-13 0)
(1.5 1.38052e-13 0)
(1.5 1.19629e-13 0)
(1.5 7.87935e-14 0)
(1.5 -1.37431e-14 0)
(1.5 -4.39988e-14 0)
(1.5 -1.01292e-13 0)
(1.5 -7.67485e-14 0)
(1.5 -4.64945e-14 0)
(1.5 2.73654e-15 0)
(1.5 2.25132e-14 0)
(1.5 5.90279e-14 0)
(1.5 5.22219e-14 0)
(1.5 2.24414e-14 0)
(1.5 -5.5096e-15 0)
(1.5 -1.14819e-14 0)
(1.5 6.01685e-15 0)
(1.5 6.81491e-15 0)
(1.5 5.06578e-14 0)
(1.5 1.19178e-14 0)
(1.5 2.79395e-14 0)
(1.5 2.74039e-14 0)
(1.5 6.32733e-14 0)
(1.5 2.62734e-14 0)
(1.5 7.9741e-14 0)
(1.5 8.52682e-14 0)
(1.5 6.2575e-14 0)
(1.5 3.02141e-14 0)
(1.5 -5.85445e-14 0)
(1.5 -4.886e-14 0)
(1.5 2.26521e-14 0)
(1.5 1.13668e-14 0)
(1.5 -4.28707e-16 0)
(1.5 -2.01797e-14 0)
(1.5 2.20859e-14 0)
(1.5 4.05612e-14 0)
(1.5 5.0582e-14 0)
(1.5 4.39277e-14 0)
(1.5 3.48102e-14 0)
(1.5 8.75214e-14 0)
(1.5 4.07759e-14 0)
(1.5 5.82537e-15 0)
(1.5 -2.86464e-14 0)
(1.5 -5.4953e-14 0)
(1.5 -3.58813e-14 0)
(1.5 -6.30592e-14 0)
(1.5 -9.10446e-14 0)
(1.5 -8.14025e-14 0)
(1.5 -9.24429e-14 0)
(1.5 -1.0222e-13 0)
(1.5 -1.06092e-13 0)
(1.5 -8.62324e-14 0)
(1.5 -8.50478e-14 0)
(1.5 -9.95866e-15 0)
(1.5 2.12493e-14 0)
(1.5 -4.18141e-14 0)
(1.5 -1.48202e-13 0)
(1.5 -2.22296e-13 0)
(1.5 -2.16319e-13 0)
(1.5 -1.82706e-13 0)
(1.5 -1.93456e-13 0)
(1.5 -2.142e-13 0)
(1.5 -2.08111e-13 0)
(1.5 -2.16511e-13 0)
(1.5 -2.61855e-13 0)
(1.5 -2.03171e-13 0)
(1.5 -1.08247e-13 0)
(1.5 -1.00224e-13 0)
(1.5 -9.71719e-14 0)
(1.5 -4.86878e-14 0)
(1.5 1.68132e-14 0)
(1.5 -8.1136e-14 0)
(1.5 -2.28824e-13 0)
(1.5 -1.88644e-13 0)
(1.5 -6.10207e-14 0)
(1.5 5.06553e-14 0)
(1.5 4.59873e-14 0)
(1.5 2.37529e-14 0)
(1.5 -2.16002e-14 0)
(1.5 -1.04081e-13 0)
(1.5 -1.74353e-13 0)
(1.5 -1.87711e-13 0)
(1.5 -1.84366e-13 0)
(1.5 -2.19066e-13 0)
(1.5 -2.34345e-13 0)
(1.5 -2.36158e-13 0)
(1.5 -1.35703e-13 0)
(1.5 -7.93006e-14 0)
(1.5 -8.25684e-14 0)
(1.5 -1.2587e-13 0)
(1.5 -1.11986e-13 0)
(1.5 -4.5342e-14 0)
(1.5 -5.72264e-14 0)
(1.5 -6.41862e-14 0)
(1.5 -2.58356e-14 0)
(1.5 -3.88843e-14 0)
(1.5 8.14945e-14 0)
(1.5 2.33271e-13 0)
(1.5 2.71322e-13 0)
(1.5 2.72227e-13 0)
(1.5 2.12348e-13 0)
(1.5 1.9975e-13 0)
(1.5 1.807e-13 0)
(1.5 2.58109e-13 0)
(1.5 2.50545e-13 0)
(1.5 2.21243e-13 0)
(1.5 1.53822e-13 0)
(1.5 1.74434e-13 0)
(1.5 1.98024e-13 0)
(1.5 2.40302e-13 0)
(1.5 2.52315e-13 0)
(1.5 2.09903e-13 0)
(1.5 1.02076e-13 0)
(1.5 2.78722e-14 0)
(1.5 5.48489e-14 0)
(1.5 1.57604e-13 0)
(1.5 2.5771e-13 0)
(1.5 2.55038e-13 0)
(1.5 2.05351e-13 0)
(1.5 2.5063e-13 0)
(1.5 3.07867e-13 0)
(1.5 4.06444e-13 0)
(1.5 4.64487e-13 0)
(1.5 4.11475e-13 0)
(1.5 3.71366e-13 0)
(1.5 2.8564e-13 0)
(1.5 2.3006e-13 0)
(1.5 1.31279e-13 0)
(1.5 8.01269e-14 0)
(1.5 2.06441e-13 0)
(1.5 4.00072e-13 0)
(1.5 4.66469e-13 0)
(1.5 4.34097e-13 0)
(1.5 3.87867e-13 0)
(1.5 4.07244e-13 0)
(1.5 3.86769e-13 0)
(1.5 3.32687e-13 0)
(1.5 3.29241e-13 0)
(1.5 2.70869e-13 0)
(1.5 2.45267e-13 0)
(1.5 4.2685e-13 0)
(1.5 5.60896e-13 0)
(1.5 5.98349e-13 0)
(1.5 6.2253e-13 0)
(1.5 7.27579e-13 0)
(1.5 9.97541e-13 0)
(1.5 1.09877e-12 0)
(1.5 1.09573e-12 0)
(1.5 1.00105e-12 0)
(1.5 9.92575e-13 0)
(1.5 1.16338e-12 0)
(1.5 1.09634e-12 0)
(1.5 8.27063e-13 0)
(1.5 5.15745e-13 0)
(1.5 3.91115e-13 0)
(1.5 2.69317e-13 0)
(1.5 3.94264e-13 0)
(1.5 6.22269e-13 0)
(1.5 8.36914e-13 0)
(1.5 9.33147e-13 0)
(1.5 1.0003e-12 0)
(1.5 9.18238e-13 0)
(1.5 8.16507e-13 0)
(1.5 6.37001e-13 0)
(1.5 6.41435e-13 0)
(1.5 7.43454e-13 0)
(1.5 7.4858e-13 0)
(1.5 6.95462e-13 0)
(1.5 7.11567e-13 0)
(1.5 6.80435e-13 0)
(1.5 7.22766e-13 0)
(1.5 7.28724e-13 0)
(1.5 6.22028e-13 0)
(1.5 4.31344e-13 0)
(1.5 3.5891e-13 0)
(1.5 2.815e-13 0)
(1.5 3.01249e-13 0)
(1.5 3.21576e-13 0)
(1.5 5.76481e-15 0)
(1.5 4.20334e-14 0)
(1.5 5.91142e-14 0)
(1.5 -1.0468e-14 0)
(1.5 -2.95197e-14 0)
(1.5 -4.28335e-14 0)
(1.5 -1.63747e-13 0)
(1.5 -1.90984e-13 0)
(1.5 -1.8522e-13 0)
(1.5 -1.82437e-13 0)
(1.5 -7.80803e-14 0)
(1.5 -4.58151e-15 0)
(1.5 3.73123e-14 0)
(1.5 -1.97788e-14 0)
(1.5 -8.96905e-14 0)
(1.5 -7.48966e-14 0)
(1.5 -8.64552e-14 0)
(1.5 -1.50385e-13 0)
(1.5 -1.0455e-13 0)
(1.5 -1.34761e-14 0)
(1.5 6.72839e-14 0)
(1.5 1.24286e-13 0)
(1.5 1.14478e-13 0)
(1.5 6.97789e-14 0)
(1.5 2.72327e-14 0)
(1.5 -3.62721e-14 0)
(1.5 -5.72588e-14 0)
(1.5 -7.29097e-14 0)
(1.5 -8.13172e-14 0)
(1.5 -4.05965e-14 0)
(1.5 -2.43847e-14 0)
(1.5 -1.58355e-16 0)
(1.5 -1.09298e-15 0)
(1.5 -1.54387e-14 0)
(1.5 2.14284e-14 0)
(1.5 8.01929e-15 0)
(1.5 -4.19951e-15 0)
(1.5 -7.74904e-14 0)
(1.5 -8.16525e-14 0)
(1.5 -1.10666e-13 0)
(1.5 -5.43522e-14 0)
(1.5 1.05889e-14 0)
(1.5 -1.50461e-14 0)
(1.5 1.09004e-14 0)
(1.5 -7.99211e-15 0)
(1.5 -5.69733e-14 0)
(1.5 -4.62444e-14 0)
(1.5 6.6963e-15 0)
(1.5 2.91462e-14 0)
(1.5 3.08008e-14 0)
(1.5 -8.38995e-14 0)
(1.5 -6.90675e-14 0)
(1.5 -3.54857e-14 0)
(1.5 -6.23968e-14 0)
(1.5 -3.42155e-14 0)
(1.5 -5.13305e-14 0)
(1.5 1.20663e-14 0)
(1.5 4.12959e-14 0)
(1.5 1.36257e-13 0)
(1.5 1.44171e-13 0)
(1.5 1.19577e-13 0)
(1.5 1.32124e-13 0)
(1.5 6.75522e-14 0)
(1.5 9.65942e-15 0)
(1.5 2.99371e-14 0)
(1.5 -4.14655e-14 0)
(1.5 -6.98627e-14 0)
(1.5 -1.13171e-13 0)
(1.5 -9.01242e-14 0)
(1.5 -9.3402e-14 0)
(1.5 -1.38373e-13 0)
(1.5 -1.99026e-13 0)
(1.5 -2.17399e-13 0)
(1.5 -1.67095e-13 0)
(1.5 -1.4795e-13 0)
(1.5 -1.10677e-13 0)
(1.5 -9.76221e-14 0)
(1.5 -1.08846e-13 0)
(1.5 -1.253e-13 0)
(1.5 -1.82546e-13 0)
(1.5 -2.1654e-13 0)
(1.5 -2.48775e-13 0)
(1.5 -2.63348e-13 0)
(1.5 -2.32799e-13 0)
(1.5 -2.69964e-13 0)
(1.5 -3.24415e-13 0)
(1.5 -3.43651e-13 0)
(1.5 -3.1026e-13 0)
(1.5 -1.92179e-13 0)
(1.5 -1.54191e-13 0)
(1.5 -1.78693e-13 0)
(1.5 -1.48101e-13 0)
(1.5 -7.83795e-14 0)
(1.5 -1.50974e-13 0)
(1.5 -1.86952e-13 0)
(1.5 -2.22336e-13 0)
(1.5 -1.84334e-13 0)
(1.5 -1.39037e-13 0)
(1.5 -8.37076e-14 0)
(1.5 -1.6763e-14 0)
(1.5 -1.02038e-13 0)
(1.5 -1.78412e-13 0)
(1.5 -2.46712e-13 0)
(1.5 -3.00481e-13 0)
(1.5 -2.7426e-13 0)
(1.5 -2.75234e-13 0)
(1.5 -2.00784e-13 0)
(1.5 -1.83482e-13 0)
(1.5 -1.8576e-13 0)
(1.5 -1.53433e-13 0)
(1.5 -1.08658e-13 0)
(1.5 -1.80151e-13 0)
(1.5 -2.11808e-13 0)
(1.5 -1.24811e-13 0)
(1.5 -7.67273e-14 0)
(1.5 -1.84305e-14 0)
(1.5 -1.43366e-14 0)
(1.5 8.3269e-15 0)
(1.5 6.99261e-14 0)
(1.5 1.68152e-13 0)
(1.5 1.5318e-13 0)
(1.5 1.89511e-13 0)
(1.5 1.53672e-13 0)
(1.5 1.06797e-13 0)
(1.5 1.3904e-13 0)
(1.5 2.27417e-13 0)
(1.5 2.32836e-13 0)
(1.5 1.56246e-13 0)
(1.5 6.59774e-14 0)
(1.5 2.89096e-14 0)
(1.5 8.30997e-14 0)
(1.5 1.40509e-13 0)
(1.5 6.74797e-14 0)
(1.5 -4.6263e-14 0)
(1.5 -1.69022e-13 0)
(1.5 -2.00345e-13 0)
(1.5 -1.22694e-13 0)
(1.5 -4.9653e-14 0)
(1.5 1.17654e-13 0)
(1.5 1.29039e-13 0)
(1.5 9.89399e-14 0)
(1.5 1.52889e-13 0)
(1.5 2.93414e-13 0)
(1.5 4.48966e-13 0)
(1.5 4.42491e-13 0)
(1.5 3.89004e-13 0)
(1.5 4.23772e-13 0)
(1.5 4.0005e-13 0)
(1.5 2.93371e-13 0)
(1.5 1.54903e-13 0)
(1.5 1.33943e-13 0)
(1.5 2.46882e-13 0)
(1.5 3.00297e-13 0)
(1.5 3.72804e-13 0)
(1.5 3.92127e-13 0)
(1.5 3.20651e-13 0)
(1.5 3.9146e-13 0)
(1.5 5.24966e-13 0)
(1.5 4.62917e-13 0)
(1.5 3.8126e-13 0)
(1.5 3.03525e-13 0)
(1.5 2.16331e-13 0)
(1.5 3.57842e-13 0)
(1.5 5.40994e-13 0)
(1.5 6.17071e-13 0)
(1.5 5.87954e-13 0)
(1.5 7.21844e-13 0)
(1.5 9.36231e-13 0)
(1.5 1.06669e-12 0)
(1.5 1.04485e-12 0)
(1.5 9.68126e-13 0)
(1.5 9.27404e-13 0)
(1.5 1.05216e-12 0)
(1.5 9.63829e-13 0)
(1.5 7.36628e-13 0)
(1.5 6.03762e-13 0)
(1.5 4.77786e-13 0)
(1.5 3.63185e-13 0)
(1.5 4.62165e-13 0)
(1.5 6.99847e-13 0)
(1.5 7.92171e-13 0)
(1.5 8.26716e-13 0)
(1.5 9.54997e-13 0)
(1.5 8.10298e-13 0)
(1.5 6.67117e-13 0)
(1.5 5.49398e-13 0)
(1.5 5.04594e-13 0)
(1.5 6.18259e-13 0)
(1.5 6.22344e-13 0)
(1.5 5.63916e-13 0)
(1.5 5.58514e-13 0)
(1.5 5.66648e-13 0)
(1.5 6.34848e-13 0)
(1.5 6.28179e-13 0)
(1.5 5.66142e-13 0)
(1.5 3.55981e-13 0)
(1.5 1.60348e-13 0)
(1.5 7.5721e-14 0)
(1.5 6.81178e-14 0)
(1.5 1.08401e-13 0)
(1.5 -1.51276e-15 0)
(1.5 4.29452e-14 0)
(1.5 7.10349e-14 0)
(1.5 5.84359e-14 0)
(1.5 6.48234e-14 0)
(1.5 3.04638e-14 0)
(1.5 -9.28489e-14 0)
(1.5 -2.15689e-13 0)
(1.5 -2.04738e-13 0)
(1.5 -2.24707e-13 0)
(1.5 -1.85909e-13 0)
(1.5 -1.92804e-13 0)
(1.5 -1.64816e-13 0)
(1.5 -1.39883e-13 0)
(1.5 -1.2259e-13 0)
(1.5 -1.47923e-13 0)
(1.5 -1.08813e-13 0)
(1.5 -1.24265e-13 0)
(1.5 -2.22614e-13 0)
(1.5 -2.05723e-13 0)
(1.5 -1.39989e-13 0)
(1.5 -5.96798e-14 0)
(1.5 -2.24478e-14 0)
(1.5 -5.05185e-14 0)
(1.5 -1.20929e-13 0)
(1.5 -1.57108e-13 0)
(1.5 -9.88313e-14 0)
(1.5 -1.25246e-13 0)
(1.5 -1.12472e-13 0)
(1.5 -1.09106e-13 0)
(1.5 -1.28634e-13 0)
(1.5 -9.98448e-14 0)
(1.5 -7.51256e-14 0)
(1.5 -1.17589e-13 0)
(1.5 -8.73686e-14 0)
(1.5 -4.95677e-14 0)
(1.5 -3.3782e-14 0)
(1.5 -7.59872e-14 0)
(1.5 -6.71906e-14 0)
(1.5 -4.28853e-14 0)
(1.5 -2.16311e-14 0)
(1.5 2.71304e-14 0)
(1.5 -4.19637e-14 0)
(1.5 -5.65946e-15 0)
(1.5 -5.9921e-14 0)
(1.5 -5.42495e-14 0)
(1.5 -8.41585e-14 0)
(1.5 -1.46996e-14 0)
(1.5 1.72274e-15 0)
(1.5 -1.11025e-14 0)
(1.5 -5.75449e-14 0)
(1.5 -7.01318e-14 0)
(1.5 -8.35783e-14 0)
(1.5 -7.59247e-14 0)
(1.5 -5.25599e-14 0)
(1.5 -4.45798e-16 0)
(1.5 7.38013e-14 0)
(1.5 1.62089e-13 0)
(1.5 1.91385e-13 0)
(1.5 2.13857e-13 0)
(1.5 1.89407e-13 0)
(1.5 9.37536e-14 0)
(1.5 3.51665e-14 0)
(1.5 -3.16999e-14 0)
(1.5 -4.40126e-14 0)
(1.5 -1.06804e-13 0)
(1.5 -1.61593e-13 0)
(1.5 -1.53552e-13 0)
(1.5 -1.22205e-13 0)
(1.5 -1.41896e-13 0)
(1.5 -2.2249e-13 0)
(1.5 -2.51127e-13 0)
(1.5 -2.24205e-13 0)
(1.5 -2.18528e-13 0)
(1.5 -1.67738e-13 0)
(1.5 -2.13211e-13 0)
(1.5 -2.20241e-13 0)
(1.5 -1.95452e-13 0)
(1.5 -2.04597e-13 0)
(1.5 -1.9958e-13 0)
(1.5 -2.33868e-13 0)
(1.5 -3.48498e-13 0)
(1.5 -3.35004e-13 0)
(1.5 -2.69042e-13 0)
(1.5 -2.97595e-13 0)
(1.5 -3.44109e-13 0)
(1.5 -3.59013e-13 0)
(1.5 -3.83362e-13 0)
(1.5 -3.50296e-13 0)
(1.5 -3.23826e-13 0)
(1.5 -3.01065e-13 0)
(1.5 -2.74355e-13 0)
(1.5 -2.95376e-13 0)
(1.5 -3.11115e-13 0)
(1.5 -2.55832e-13 0)
(1.5 -2.68398e-13 0)
(1.5 -2.62877e-13 0)
(1.5 -2.92033e-13 0)
(1.5 -2.23304e-13 0)
(1.5 -1.25421e-13 0)
(1.5 -1.88386e-13 0)
(1.5 -2.23265e-13 0)
(1.5 -3.22594e-13 0)
(1.5 -4.73673e-13 0)
(1.5 -4.27271e-13 0)
(1.5 -2.83136e-13 0)
(1.5 -1.79515e-13 0)
(1.5 -8.97929e-14 0)
(1.5 -1.7465e-13 0)
(1.5 -2.19051e-13 0)
(1.5 -2.07043e-13 0)
(1.5 -2.11944e-13 0)
(1.5 -2.08571e-13 0)
(1.5 -1.62898e-13 0)
(1.5 -3.53155e-14 0)
(1.5 2.7259e-14 0)
(1.5 -6.85973e-15 0)
(1.5 2.63182e-14 0)
(1.5 5.38796e-14 0)
(1.5 7.83816e-14 0)
(1.5 1.18388e-13 0)
(1.5 1.5464e-13 0)
(1.5 1.47541e-13 0)
(1.5 6.37696e-14 0)
(1.5 2.69384e-14 0)
(1.5 6.97228e-14 0)
(1.5 7.74227e-14 0)
(1.5 1.3826e-14 0)
(1.5 -7.68179e-14 0)
(1.5 -1.114e-13 0)
(1.5 -5.09099e-14 0)
(1.5 -7.49038e-14 0)
(1.5 -1.81397e-13 0)
(1.5 -2.26654e-13 0)
(1.5 -1.98571e-13 0)
(1.5 -1.32978e-13 0)
(1.5 -5.45839e-14 0)
(1.5 -1.69047e-13 0)
(1.5 -1.32531e-13 0)
(1.5 -1.45586e-15 0)
(1.5 1.08432e-13 0)
(1.5 1.58843e-13 0)
(1.5 3.19626e-13 0)
(1.5 3.77904e-13 0)
(1.5 3.44734e-13 0)
(1.5 4.47702e-13 0)
(1.5 4.92797e-13 0)
(1.5 4.58764e-13 0)
(1.5 3.11889e-13 0)
(1.5 2.34882e-13 0)
(1.5 2.61066e-13 0)
(1.5 2.69848e-13 0)
(1.5 1.94339e-13 0)
(1.5 1.90813e-13 0)
(1.5 2.18656e-13 0)
(1.5 2.78909e-13 0)
(1.5 3.5231e-13 0)
(1.5 4.3354e-13 0)
(1.5 3.30667e-13 0)
(1.5 1.79577e-13 0)
(1.5 1.82967e-13 0)
(1.5 2.57226e-13 0)
(1.5 4.56533e-13 0)
(1.5 6.37817e-13 0)
(1.5 7.33843e-13 0)
(1.5 7.18192e-13 0)
(1.5 7.82607e-13 0)
(1.5 1.02778e-12 0)
(1.5 1.13837e-12 0)
(1.5 1.13157e-12 0)
(1.5 1.01664e-12 0)
(1.5 9.08518e-13 0)
(1.5 9.17623e-13 0)
(1.5 7.76929e-13 0)
(1.5 6.71854e-13 0)
(1.5 6.06694e-13 0)
(1.5 4.72439e-13 0)
(1.5 4.16104e-13 0)
(1.5 4.95182e-13 0)
(1.5 6.55875e-13 0)
(1.5 7.03296e-13 0)
(1.5 6.51199e-13 0)
(1.5 7.60332e-13 0)
(1.5 6.7605e-13 0)
(1.5 6.0361e-13 0)
(1.5 6.05034e-13 0)
(1.5 5.79716e-13 0)
(1.5 6.13069e-13 0)
(1.5 5.84548e-13 0)
(1.5 5.22461e-13 0)
(1.5 4.30108e-13 0)
(1.5 4.19182e-13 0)
(1.5 5.54055e-13 0)
(1.5 5.92514e-13 0)
(1.5 5.39497e-13 0)
(1.5 3.82519e-13 0)
(1.5 1.44509e-13 0)
(1.5 7.21038e-14 0)
(1.5 -2.0034e-15 0)
(1.5 1.31514e-14 0)
(1.5 1.59373e-14 0)
(1.5 2.79521e-14 0)
(1.5 6.00652e-14 0)
(1.5 5.76116e-14 0)
(1.5 -4.01969e-14 0)
(1.5 -1.0075e-13 0)
(1.5 -1.45994e-13 0)
(1.5 -2.40044e-13 0)
(1.5 -2.25669e-13 0)
(1.5 -1.82759e-13 0)
(1.5 -1.17629e-13 0)
(1.5 -1.74603e-13 0)
(1.5 -1.54592e-13 0)
(1.5 -4.607e-14 0)
(1.5 -5.43266e-14 0)
(1.5 -1.14249e-13 0)
(1.5 -9.77102e-14 0)
(1.5 -4.97384e-14 0)
(1.5 -1.66251e-13 0)
(1.5 -2.3833e-13 0)
(1.5 -1.83717e-13 0)
(1.5 -1.09572e-13 0)
(1.5 -7.67485e-14 0)
(1.5 -8.456e-14 0)
(1.5 -1.33685e-13 0)
(1.5 -1.11674e-13 0)
(1.5 -3.56902e-14 0)
(1.5 -5.06025e-14 0)
(1.5 -4.91928e-14 0)
(1.5 -1.13876e-13 0)
(1.5 -1.46185e-13 0)
(1.5 -1.43672e-13 0)
(1.5 -1.09333e-13 0)
(1.5 -1.6494e-13 0)
(1.5 -1.41618e-13 0)
(1.5 -3.53221e-14 0)
(1.5 4.11641e-15 0)
(1.5 3.25252e-14 0)
(1.5 5.69735e-14 0)
(1.5 7.7452e-14 0)
(1.5 3.8125e-14 0)
(1.5 3.98254e-14 0)
(1.5 -1.04069e-14 0)
(1.5 -4.2786e-14 0)
(1.5 -1.07983e-13 0)
(1.5 -5.06652e-14 0)
(1.5 -6.80445e-14 0)
(1.5 -6.83501e-14 0)
(1.5 -9.58519e-14 0)
(1.5 -1.08511e-13 0)
(1.5 -6.68236e-14 0)
(1.5 -5.66803e-14 0)
(1.5 -8.38085e-14 0)
(1.5 -2.8816e-14 0)
(1.5 -1.83953e-14 0)
(1.5 4.72244e-15 0)
(1.5 9.9495e-15 0)
(1.5 1.20564e-13 0)
(1.5 8.41627e-14 0)
(1.5 1.14752e-13 0)
(1.5 1.49291e-13 0)
(1.5 7.53851e-14 0)
(1.5 4.35368e-14 0)
(1.5 1.32648e-14 0)
(1.5 -6.80017e-14 0)
(1.5 -1.20397e-13 0)
(1.5 -1.50316e-13 0)
(1.5 -1.22136e-13 0)
(1.5 -1.45596e-13 0)
(1.5 -2.24987e-13 0)
(1.5 -2.62687e-13 0)
(1.5 -2.3996e-13 0)
(1.5 -2.0425e-13 0)
(1.5 -2.0825e-13 0)
(1.5 -2.28621e-13 0)
(1.5 -2.89381e-13 0)
(1.5 -3.1815e-13 0)
(1.5 -3.23712e-13 0)
(1.5 -3.55239e-13 0)
(1.5 -3.3549e-13 0)
(1.5 -3.31542e-13 0)
(1.5 -4.20945e-13 0)
(1.5 -3.61548e-13 0)
(1.5 -2.59512e-13 0)
(1.5 -2.50749e-13 0)
(1.5 -3.01423e-13 0)
(1.5 -3.49589e-13 0)
(1.5 -3.94323e-13 0)
(1.5 -4.64263e-13 0)
(1.5 -4.90975e-13 0)
(1.5 -4.67455e-13 0)
(1.5 -4.05349e-13 0)
(1.5 -4.20061e-13 0)
(1.5 -3.16022e-13 0)
(1.5 -2.53256e-13 0)
(1.5 -2.28864e-13 0)
(1.5 -2.66401e-13 0)
(1.5 -2.15034e-13 0)
(1.5 -1.46452e-13 0)
(1.5 -9.56892e-14 0)
(1.5 -1.66714e-13 0)
(1.5 -2.29357e-13 0)
(1.5 -2.9888e-13 0)
(1.5 -4.21246e-13 0)
(1.5 -4.84162e-13 0)
(1.5 -3.11492e-13 0)
(1.5 -1.88792e-13 0)
(1.5 -1.13537e-13 0)
(1.5 -1.3572e-13 0)
(1.5 -1.45992e-13 0)
(1.5 -1.04759e-13 0)
(1.5 -9.37228e-14 0)
(1.5 -7.23072e-14 0)
(1.5 -7.9192e-14 0)
(1.5 -1.92624e-14 0)
(1.5 4.94236e-14 0)
(1.5 4.06968e-14 0)
(1.5 7.44052e-14 0)
(1.5 9.42418e-14 0)
(1.5 3.35201e-14 0)
(1.5 8.66902e-14 0)
(1.5 1.16866e-13 0)
(1.5 7.93844e-14 0)
(1.5 8.6158e-14 0)
(1.5 3.21968e-14 0)
(1.5 -2.42983e-14 0)
(1.5 -6.27935e-14 0)
(1.5 -6.47714e-14 0)
(1.5 -3.1653e-14 0)
(1.5 -1.08651e-14 0)
(1.5 -5.26964e-14 0)
(1.5 -2.01506e-13 0)
(1.5 -3.94e-13 0)
(1.5 -4.03074e-13 0)
(1.5 -3.16406e-13 0)
(1.5 -2.08256e-13 0)
(1.5 -1.23528e-13 0)
(1.5 -2.41344e-13 0)
(1.5 -2.51296e-13 0)
(1.5 -4.44001e-14 0)
(1.5 1.3839e-13 0)
(1.5 2.62896e-13 0)
(1.5 5.02488e-13 0)
(1.5 5.43238e-13 0)
(1.5 4.82411e-13 0)
(1.5 5.77734e-13 0)
(1.5 5.69293e-13 0)
(1.5 5.00408e-13 0)
(1.5 3.69786e-13 0)
(1.5 3.295e-13 0)
(1.5 3.75344e-13 0)
(1.5 3.82617e-13 0)
(1.5 3.04009e-13 0)
(1.5 2.17451e-13 0)
(1.5 1.7864e-13 0)
(1.5 3.80005e-13 0)
(1.5 4.07718e-13 0)
(1.5 3.81564e-13 0)
(1.5 3.01461e-13 0)
(1.5 1.3814e-13 0)
(1.5 1.11726e-13 0)
(1.5 3.36275e-13 0)
(1.5 5.95969e-13 0)
(1.5 7.31398e-13 0)
(1.5 7.70439e-13 0)
(1.5 8.12633e-13 0)
(1.5 8.82502e-13 0)
(1.5 1.09841e-12 0)
(1.5 1.12468e-12 0)
(1.5 1.1327e-12 0)
(1.5 9.86689e-13 0)
(1.5 8.31189e-13 0)
(1.5 8.075e-13 0)
(1.5 7.29433e-13 0)
(1.5 7.43184e-13 0)
(1.5 7.07538e-13 0)
(1.5 5.42611e-13 0)
(1.5 4.14196e-13 0)
(1.5 4.28695e-13 0)
(1.5 4.58764e-13 0)
(1.5 5.51359e-13 0)
(1.5 5.10417e-13 0)
(1.5 5.34998e-13 0)
(1.5 5.23719e-13 0)
(1.5 5.23996e-13 0)
(1.5 5.47951e-13 0)
(1.5 5.46976e-13 0)
(1.5 5.43724e-13 0)
(1.5 5.24765e-13 0)
(1.5 4.73919e-13 0)
(1.5 3.76693e-13 0)
(1.5 3.46915e-13 0)
(1.5 5.1907e-13 0)
(1.5 5.76412e-13 0)
(1.5 5.48571e-13 0)
(1.5 4.00792e-13 0)
(1.5 1.82818e-13 0)
(1.5 8.78183e-14 0)
(1.5 -4.51939e-15 0)
(1.5 -1.41965e-14 0)
(1.5 -6.5697e-15 0)
(1.5 8.45514e-15 0)
(1.5 9.88074e-15 0)
(1.5 -1.22863e-14 0)
(1.5 -9.68059e-14 0)
(1.5 -1.41376e-13 0)
(1.5 -1.42588e-13 0)
(1.5 -1.72953e-13 0)
(1.5 -2.02596e-13 0)
(1.5 -1.51293e-13 0)
(1.5 -9.8849e-14 0)
(1.5 -5.41113e-14 0)
(1.5 -4.61493e-14 0)
(1.5 -8.11877e-15 0)
(1.5 -7.35831e-14 0)
(1.5 -6.15675e-14 0)
(1.5 -4.97406e-14 0)
(1.5 -4.24671e-14 0)
(1.5 -7.37722e-14 0)
(1.5 -1.25251e-13 0)
(1.5 -1.52675e-13 0)
(1.5 -7.22616e-14 0)
(1.5 -1.25003e-14 0)
(1.5 -4.53712e-15 0)
(1.5 -3.36244e-15 0)
(1.5 4.51909e-14 0)
(1.5 4.9736e-14 0)
(1.5 6.2445e-14 0)
(1.5 6.21643e-14 0)
(1.5 -4.5352e-14 0)
(1.5 -4.80618e-14 0)
(1.5 -6.89852e-14 0)
(1.5 -7.03669e-14 0)
(1.5 -7.93662e-14 0)
(1.5 -7.0263e-15 0)
(1.5 6.67335e-14 0)
(1.5 1.09756e-13 0)
(1.5 1.52256e-13 0)
(1.5 1.3491e-13 0)
(1.5 1.08875e-13 0)
(1.5 5.47141e-14 0)
(1.5 9.8539e-14 0)
(1.5 1.03403e-13 0)
(1.5 4.44332e-14 0)
(1.5 -3.26727e-14 0)
(1.5 4.89402e-15 0)
(1.5 -5.29426e-15 0)
(1.5 -5.9484e-14 0)
(1.5 -7.25345e-14 0)
(1.5 -5.10293e-14 0)
(1.5 4.39462e-15 0)
(1.5 2.54767e-14 0)
(1.5 1.00207e-14 0)
(1.5 2.90574e-14 0)
(1.5 4.25696e-15 0)
(1.5 5.18638e-14 0)
(1.5 5.26711e-14 0)
(1.5 9.37814e-14 0)
(1.5 5.79065e-14 0)
(1.5 7.02346e-14 0)
(1.5 1.06511e-13 0)
(1.5 1.07179e-13 0)
(1.5 1.23567e-13 0)
(1.5 1.12085e-13 0)
(1.5 3.68043e-14 0)
(1.5 5.73359e-15 0)
(1.5 -3.48818e-14 0)
(1.5 -1.10103e-13 0)
(1.5 -1.8307e-13 0)
(1.5 -2.05988e-13 0)
(1.5 -1.8949e-13 0)
(1.5 -2.33382e-13 0)
(1.5 -2.67005e-13 0)
(1.5 -2.40489e-13 0)
(1.5 -2.88624e-13 0)
(1.5 -2.7756e-13 0)
(1.5 -2.9671e-13 0)
(1.5 -2.99802e-13 0)
(1.5 -2.98362e-13 0)
(1.5 -2.81523e-13 0)
(1.5 -3.12722e-13 0)
(1.5 -3.57364e-13 0)
(1.5 -3.81346e-13 0)
(1.5 -3.54981e-13 0)
(1.5 -3.63301e-13 0)
(1.5 -4.02892e-13 0)
(1.5 -3.9222e-13 0)
(1.5 -4.39755e-13 0)
(1.5 -5.42705e-13 0)
(1.5 -5.40224e-13 0)
(1.5 -4.47998e-13 0)
(1.5 -4.43799e-13 0)
(1.5 -3.91609e-13 0)
(1.5 -1.88217e-13 0)
(1.5 -9.86449e-14 0)
(1.5 -1.16008e-13 0)
(1.5 -1.69913e-13 0)
(1.5 -1.24554e-13 0)
(1.5 -1.06812e-13 0)
(1.5 -1.46186e-13 0)
(1.5 -1.90134e-13 0)
(1.5 -2.16174e-13 0)
(1.5 -2.04345e-13 0)
(1.5 -2.38631e-13 0)
(1.5 -3.46997e-13 0)
(1.5 -2.70106e-13 0)
(1.5 -1.10487e-13 0)
(1.5 -6.2105e-14 0)
(1.5 8.19023e-15 0)
(1.5 3.40078e-14 0)
(1.5 9.57112e-14 0)
(1.5 6.89247e-14 0)
(1.5 -2.86739e-14 0)
(1.5 -3.86733e-14 0)
(1.5 -4.77223e-14 0)
(1.5 1.68364e-14 0)
(1.5 6.34544e-14 0)
(1.5 2.78092e-14 0)
(1.5 3.62446e-14 0)
(1.5 1.31622e-14 0)
(1.5 6.14449e-15 0)
(1.5 1.25936e-16 0)
(1.5 2.4209e-14 0)
(1.5 1.17095e-13 0)
(1.5 1.33825e-13 0)
(1.5 5.72527e-14 0)
(1.5 -5.80871e-14 0)
(1.5 -4.90129e-14 0)
(1.5 3.1035e-14 0)
(1.5 8.14461e-14 0)
(1.5 -5.90308e-14 0)
(1.5 -2.64097e-13 0)
(1.5 -4.92106e-13 0)
(1.5 -5.44555e-13 0)
(1.5 -5.25517e-13 0)
(1.5 -4.55961e-13 0)
(1.5 -4.35306e-13 0)
(1.5 -3.42435e-13 0)
(1.5 -2.35118e-13 0)
(1.5 -6.83366e-14 0)
(1.5 9.68579e-14 0)
(1.5 3.00725e-13 0)
(1.5 5.5886e-13 0)
(1.5 7.4759e-13 0)
(1.5 7.41287e-13 0)
(1.5 6.45629e-13 0)
(1.5 5.45766e-13 0)
(1.5 4.93353e-13 0)
(1.5 5.33427e-13 0)
(1.5 5.63826e-13 0)
(1.5 5.20082e-13 0)
(1.5 4.44576e-13 0)
(1.5 3.25568e-13 0)
(1.5 2.94188e-13 0)
(1.5 3.25397e-13 0)
(1.5 4.79742e-13 0)
(1.5 4.79037e-13 0)
(1.5 4.92072e-13 0)
(1.5 4.81003e-13 0)
(1.5 4.34315e-13 0)
(1.5 4.58699e-13 0)
(1.5 5.47288e-13 0)
(1.5 6.80841e-13 0)
(1.5 7.47324e-13 0)
(1.5 7.63707e-13 0)
(1.5 8.08498e-13 0)
(1.5 8.6041e-13 0)
(1.5 9.45315e-13 0)
(1.5 9.25731e-13 0)
(1.5 9.60787e-13 0)
(1.5 8.88897e-13 0)
(1.5 8.10802e-13 0)
(1.5 7.64509e-13 0)
(1.5 7.81082e-13 0)
(1.5 7.66337e-13 0)
(1.5 7.28969e-13 0)
(1.5 5.88731e-13 0)
(1.5 5.70948e-13 0)
(1.5 4.96257e-13 0)
(1.5 3.51699e-13 0)
(1.5 3.06701e-13 0)
(1.5 2.41307e-13 0)
(1.5 2.07416e-13 0)
(1.5 3.38037e-13 0)
(1.5 4.01454e-13 0)
(1.5 3.86699e-13 0)
(1.5 2.98004e-13 0)
(1.5 3.41159e-13 0)
(1.5 3.44488e-13 0)
(1.5 2.94174e-13 0)
(1.5 2.77602e-13 0)
(1.5 2.71092e-13 0)
(1.5 4.06519e-13 0)
(1.5 5.08656e-13 0)
(1.5 4.87856e-13 0)
(1.5 2.95263e-13 0)
(1.5 7.58273e-14 0)
(1.5 -5.12284e-14 0)
(1.5 -5.30796e-14 0)
(1.5 -2.92959e-14 0)
(1.5 9.5094e-15 0)
(1.5 3.15094e-14 0)
(1.5 -1.22458e-14 0)
(1.5 2.78004e-14 0)
(1.5 -4.76035e-15 0)
(1.5 -8.38993e-14 0)
(1.5 -1.17213e-13 0)
(1.5 -1.54609e-13 0)
(1.5 -1.86359e-13 0)
(1.5 -2.07223e-13 0)
(1.5 -1.98033e-13 0)
(1.5 -1.27733e-13 0)
(1.5 -1.02877e-13 0)
(1.5 -9.33834e-14 0)
(1.5 -1.05921e-13 0)
(1.5 -1.30116e-13 0)
(1.5 -1.23071e-13 0)
(1.5 -1.09112e-13 0)
(1.5 -5.83762e-14 0)
(1.5 -3.34164e-14 0)
(1.5 -1.01636e-13 0)
(1.5 -8.06602e-14 0)
(1.5 -3.84097e-14 0)
(1.5 2.86565e-14 0)
(1.5 3.64145e-14 0)
(1.5 7.11139e-14 0)
(1.5 3.06544e-14 0)
(1.5 9.16281e-15 0)
(1.5 7.79576e-14 0)
(1.5 1.75476e-14 0)
(1.5 -1.77583e-14 0)
(1.5 -1.00376e-13 0)
(1.5 -1.01729e-13 0)
(1.5 -8.23741e-14 0)
(1.5 1.08177e-15 0)
(1.5 5.01805e-14 0)
(1.5 2.67837e-14 0)
(1.5 5.7039e-14 0)
(1.5 3.86484e-14 0)
(1.5 4.40871e-14 0)
(1.5 3.04775e-14 0)
(1.5 2.70315e-14 0)
(1.5 5.45832e-14 0)
(1.5 2.22423e-14 0)
(1.5 1.70664e-14 0)
(1.5 -4.89138e-14 0)
(1.5 -5.94154e-14 0)
(1.5 -1.02381e-13 0)
(1.5 -9.17195e-14 0)
(1.5 -7.33941e-14 0)
(1.5 -1.19546e-14 0)
(1.5 -4.183e-14 0)
(1.5 -3.55936e-14 0)
(1.5 -4.99749e-14 0)
(1.5 -3.05032e-14 0)
(1.5 2.76464e-14 0)
(1.5 7.94105e-14 0)
(1.5 4.84938e-14 0)
(1.5 4.66709e-14 0)
(1.5 1.88607e-14 0)
(1.5 5.56541e-14 0)
(1.5 4.13388e-14 0)
(1.5 5.56499e-14 0)
(1.5 1.5446e-14 0)
(1.5 3.22952e-14 0)
(1.5 2.47969e-14 0)
(1.5 -3.4223e-14 0)
(1.5 -1.20323e-13 0)
(1.5 -1.96738e-13 0)
(1.5 -1.5133e-13 0)
(1.5 -1.69486e-13 0)
(1.5 -2.04349e-13 0)
(1.5 -2.42317e-13 0)
(1.5 -2.55829e-13 0)
(1.5 -2.50442e-13 0)
(1.5 -2.37821e-13 0)
(1.5 -2.8435e-13 0)
(1.5 -3.11851e-13 0)
(1.5 -2.6008e-13 0)
(1.5 -2.08134e-13 0)
(1.5 -2.41608e-13 0)
(1.5 -2.69107e-13 0)
(1.5 -3.87428e-13 0)
(1.5 -4.81595e-13 0)
(1.5 -5.02859e-13 0)
(1.5 -5.20287e-13 0)
(1.5 -4.34722e-13 0)
(1.5 -4.66612e-13 0)
(1.5 -4.97536e-13 0)
(1.5 -4.62093e-13 0)
(1.5 -3.6093e-13 0)
(1.5 -3.73104e-13 0)
(1.5 -2.88978e-13 0)
(1.5 -1.95759e-13 0)
(1.5 -1.27809e-13 0)
(1.5 -1.47264e-13 0)
(1.5 -1.65601e-13 0)
(1.5 -2.24864e-13 0)
(1.5 -2.0908e-13 0)
(1.5 -2.548e-13 0)
(1.5 -2.27575e-13 0)
(1.5 -2.17739e-13 0)
(1.5 -2.17225e-13 0)
(1.5 -2.81672e-13 0)
(1.5 -3.07211e-13 0)
(1.5 -2.84711e-13 0)
(1.5 -1.49137e-13 0)
(1.5 -1.20576e-13 0)
(1.5 3.63016e-15 0)
(1.5 9.44233e-14 0)
(1.5 7.03194e-14 0)
(1.5 9.88489e-14 0)
(1.5 1.16182e-14 0)
(1.5 -2.04903e-14 0)
(1.5 -4.74657e-14 0)
(1.5 -4.3437e-14 0)
(1.5 1.53107e-14 0)
(1.5 -5.62304e-14 0)
(1.5 -1.20549e-13 0)
(1.5 -1.45949e-13 0)
(1.5 -1.80709e-13 0)
(1.5 -1.90077e-13 0)
(1.5 -4.91043e-14 0)
(1.5 1.96289e-14 0)
(1.5 8.8016e-14 0)
(1.5 9.99835e-14 0)
(1.5 2.71728e-14 0)
(1.5 -4.07559e-14 0)
(1.5 -3.5548e-14 0)
(1.5 1.60289e-15 0)
(1.5 -1.0261e-13 0)
(1.5 -2.66916e-13 0)
(1.5 -5.20023e-13 0)
(1.5 -5.77762e-13 0)
(1.5 -5.80063e-13 0)
(1.5 -5.08726e-13 0)
(1.5 -5.01942e-13 0)
(1.5 -3.75816e-13 0)
(1.5 -1.88436e-13 0)
(1.5 -6.81829e-14 0)
(1.5 1.27865e-13 0)
(1.5 3.17332e-13 0)
(1.5 4.50215e-13 0)
(1.5 6.5104e-13 0)
(1.5 7.2139e-13 0)
(1.5 6.17978e-13 0)
(1.5 4.81958e-13 0)
(1.5 3.74391e-13 0)
(1.5 5.39721e-13 0)
(1.5 6.12853e-13 0)
(1.5 5.21151e-13 0)
(1.5 4.36512e-13 0)
(1.5 2.5541e-13 0)
(1.5 2.73559e-13 0)
(1.5 3.79549e-13 0)
(1.5 3.92815e-13 0)
(1.5 4.53406e-13 0)
(1.5 4.75147e-13 0)
(1.5 5.3657e-13 0)
(1.5 5.92482e-13 0)
(1.5 6.60396e-13 0)
(1.5 5.87307e-13 0)
(1.5 5.72274e-13 0)
(1.5 6.7354e-13 0)
(1.5 7.90519e-13 0)
(1.5 7.99768e-13 0)
(1.5 7.48452e-13 0)
(1.5 7.35203e-13 0)
(1.5 8.26356e-13 0)
(1.5 8.75344e-13 0)
(1.5 8.88134e-13 0)
(1.5 8.41337e-13 0)
(1.5 7.95159e-13 0)
(1.5 8.61567e-13 0)
(1.5 8.30269e-13 0)
(1.5 6.92492e-13 0)
(1.5 5.88776e-13 0)
(1.5 6.84239e-13 0)
(1.5 5.91364e-13 0)
(1.5 4.16276e-13 0)
(1.5 2.82296e-13 0)
(1.5 1.38195e-13 0)
(1.5 1.27878e-13 0)
(1.5 2.20474e-13 0)
(1.5 2.46385e-13 0)
(1.5 2.06929e-13 0)
(1.5 1.46595e-13 0)
(1.5 2.24379e-13 0)
(1.5 2.18451e-13 0)
(1.5 1.60241e-13 0)
(1.5 1.33566e-13 0)
(1.5 1.53543e-13 0)
(1.5 2.58029e-13 0)
(1.5 2.83268e-13 0)
(1.5 1.88816e-13 0)
(1.5 3.29886e-14 0)
(1.5 -1.26153e-13 0)
(1.5 -2.91836e-13 0)
(1.5 -2.76211e-13 0)
(1.5 -1.51204e-13 0)
(1.5 -6.4353e-15 0)
(1.5 2.88932e-14 0)
(1.5 9.46832e-14 0)
(1.5 1.16383e-13 0)
(1.5 8.39129e-14 0)
(1.5 -3.73123e-14 0)
(1.5 -1.77153e-13 0)
(1.5 -1.89249e-13 0)
(1.5 -1.39292e-13 0)
(1.5 -1.5298e-13 0)
(1.5 -1.24567e-13 0)
(1.5 -1.07743e-13 0)
(1.5 -5.97819e-14 0)
(1.5 -8.77747e-14 0)
(1.5 -6.44585e-14 0)
(1.5 -1.51581e-13 0)
(1.5 -1.7343e-13 0)
(1.5 -1.9896e-13 0)
(1.5 -8.42596e-14 0)
(1.5 3.28979e-14 0)
(1.5 2.46243e-14 0)
(1.5 -2.41952e-16 0)
(1.5 -2.6085e-14 0)
(1.5 -1.39559e-14 0)
(1.5 5.76021e-14 0)
(1.5 6.33042e-14 0)
(1.5 2.33357e-14 0)
(1.5 1.25387e-14 0)
(1.5 2.30944e-14 0)
(1.5 3.65724e-14 0)
(1.5 -2.8375e-14 0)
(1.5 -1.03799e-13 0)
(1.5 -1.12123e-13 0)
(1.5 -7.92488e-14 0)
(1.5 -3.85845e-14 0)
(1.5 -8.8613e-15 0)
(1.5 -2.52947e-14 0)
(1.5 -1.55562e-14 0)
(1.5 -7.90905e-14 0)
(1.5 -6.12688e-16 0)
(1.5 8.96232e-14 0)
(1.5 2.9045e-14 0)
(1.5 5.70661e-14 0)
(1.5 1.27767e-14 0)
(1.5 5.64568e-14 0)
(1.5 -8.54257e-14 0)
(1.5 -9.37519e-14 0)
(1.5 -1.27232e-13 0)
(1.5 -1.02959e-13 0)
(1.5 -7.26556e-14 0)
(1.5 -6.53245e-14 0)
(1.5 -9.34304e-14 0)
(1.5 -7.84467e-14 0)
(1.5 -7.65892e-14 0)
(1.5 -3.08062e-14 0)
(1.5 -7.97741e-15 0)
(1.5 -1.29415e-14 0)
(1.5 -1.85346e-15 0)
(1.5 1.5785e-14 0)
(1.5 2.14684e-14 0)
(1.5 5.79507e-14 0)
(1.5 3.29869e-14 0)
(1.5 -1.04934e-14 0)
(1.5 -1.52331e-14 0)
(1.5 4.41037e-14 0)
(1.5 2.87458e-14 0)
(1.5 -4.66787e-14 0)
(1.5 -8.49145e-14 0)
(1.5 -1.45681e-13 0)
(1.5 -7.9437e-14 0)
(1.5 -1.29077e-13 0)
(1.5 -1.24142e-13 0)
(1.5 -1.1785e-13 0)
(1.5 -1.42249e-13 0)
(1.5 -9.08015e-14 0)
(1.5 -1.41434e-13 0)
(1.5 -2.25646e-13 0)
(1.5 -3.16959e-13 0)
(1.5 -2.67984e-13 0)
(1.5 -2.42197e-13 0)
(1.5 -2.17215e-13 0)
(1.5 -2.08138e-13 0)
(1.5 -3.55506e-13 0)
(1.5 -4.74031e-13 0)
(1.5 -5.03542e-13 0)
(1.5 -5.00836e-13 0)
(1.5 -4.43146e-13 0)
(1.5 -4.41052e-13 0)
(1.5 -4.41612e-13 0)
(1.5 -3.74132e-13 0)
(1.5 -3.59398e-13 0)
(1.5 -3.69536e-13 0)
(1.5 -3.05296e-13 0)
(1.5 -3.63069e-13 0)
(1.5 -2.413e-13 0)
(1.5 -2.1456e-13 0)
(1.5 -2.07876e-13 0)
(1.5 -2.33387e-13 0)
(1.5 -2.51558e-13 0)
(1.5 -2.20646e-13 0)
(1.5 -1.73869e-13 0)
(1.5 -1.93447e-13 0)
(1.5 -2.2239e-13 0)
(1.5 -2.73838e-13 0)
(1.5 -2.5307e-13 0)
(1.5 -3.23062e-13 0)
(1.5 -2.84488e-13 0)
(1.5 -2.79998e-13 0)
(1.5 -1.49978e-13 0)
(1.5 1.92388e-14 0)
(1.5 5.00996e-14 0)
(1.5 8.9692e-14 0)
(1.5 9.34447e-14 0)
(1.5 7.26258e-14 0)
(1.5 4.93393e-15 0)
(1.5 -3.95923e-15 0)
(1.5 -1.75981e-14 0)
(1.5 -5.6123e-14 0)
(1.5 -1.08539e-13 0)
(1.5 -1.37923e-13 0)
(1.5 -1.83454e-13 0)
(1.5 -2.44142e-13 0)
(1.5 -1.08913e-13 0)
(1.5 -6.64112e-14 0)
(1.5 -5.04213e-14 0)
(1.5 -1.15867e-13 0)
(1.5 -1.44668e-13 0)
(1.5 -1.35838e-13 0)
(1.5 -1.08557e-13 0)
(1.5 -6.91162e-14 0)
(1.5 -1.04817e-13 0)
(1.5 -1.41739e-13 0)
(1.5 -2.93132e-13 0)
(1.5 -3.78436e-13 0)
(1.5 -4.00344e-13 0)
(1.5 -2.83253e-13 0)
(1.5 -2.31909e-13 0)
(1.5 -1.95424e-13 0)
(1.5 -6.08602e-14 0)
(1.5 -1.67362e-14 0)
(1.5 1.85361e-13 0)
(1.5 3.40968e-13 0)
(1.5 4.41775e-13 0)
(1.5 5.59894e-13 0)
(1.5 6.57295e-13 0)
(1.5 6.2866e-13 0)
(1.5 5.41461e-13 0)
(1.5 4.7181e-13 0)
(1.5 6.301e-13 0)
(1.5 6.26255e-13 0)
(1.5 5.64439e-13 0)
(1.5 5.3012e-13 0)
(1.5 3.93615e-13 0)
(1.5 3.98797e-13 0)
(1.5 4.93532e-13 0)
(1.5 5.01527e-13 0)
(1.5 5.02172e-13 0)
(1.5 4.79516e-13 0)
(1.5 5.86082e-13 0)
(1.5 6.85796e-13 0)
(1.5 6.96791e-13 0)
(1.5 6.15558e-13 0)
(1.5 5.52914e-13 0)
(1.5 6.63098e-13 0)
(1.5 8.09687e-13 0)
(1.5 7.76892e-13 0)
(1.5 6.71442e-13 0)
(1.5 6.38817e-13 0)
(1.5 7.57751e-13 0)
(1.5 7.87055e-13 0)
(1.5 8.61017e-13 0)
(1.5 8.40919e-13 0)
(1.5 8.05962e-13 0)
(1.5 8.33359e-13 0)
(1.5 8.47956e-13 0)
(1.5 6.9731e-13 0)
(1.5 6.36442e-13 0)
(1.5 7.22114e-13 0)
(1.5 6.3359e-13 0)
(1.5 5.06546e-13 0)
(1.5 3.29614e-13 0)
(1.5 1.95758e-13 0)
(1.5 2.15547e-13 0)
(1.5 1.67277e-13 0)
(1.5 1.25466e-13 0)
(1.5 5.48952e-14 0)
(1.5 9.22467e-14 0)
(1.5 2.25686e-13 0)
(1.5 2.26788e-13 0)
(1.5 1.82233e-13 0)
(1.5 1.29199e-13 0)
(1.5 1.14877e-13 0)
(1.5 7.99494e-14 0)
(1.5 -1.52104e-14 0)
(1.5 -8.78365e-14 0)
(1.5 -1.42905e-13 0)
(1.5 -1.1831e-13 0)
(1.5 -2.74117e-13 0)
(1.5 -2.78257e-13 0)
(1.5 -1.53708e-13 0)
(1.5 -1.12683e-14 0)
(1.5 5.12578e-15 0)
(1.5 7.54546e-14 0)
(1.5 1.28115e-13 0)
(1.5 8.69573e-14 0)
(1.5 -4.14426e-14 0)
(1.5 -9.72486e-14 0)
(1.5 -6.74167e-14 0)
(1.5 -1.16262e-13 0)
(1.5 -1.31767e-13 0)
(1.5 -6.61517e-14 0)
(1.5 -7.39598e-15 0)
(1.5 2.72867e-14 0)
(1.5 -4.51819e-14 0)
(1.5 -2.49098e-14 0)
(1.5 -8.14297e-14 0)
(1.5 -8.27727e-14 0)
(1.5 -1.33682e-13 0)
(1.5 -7.64651e-14 0)
(1.5 -2.22128e-14 0)
(1.5 3.10153e-14 0)
(1.5 5.09349e-14 0)
(1.5 -1.08901e-15 0)
(1.5 -2.68738e-14 0)
(1.5 6.43426e-14 0)
(1.5 7.13546e-14 0)
(1.5 2.38096e-14 0)
(1.5 3.44939e-15 0)
(1.5 -2.10527e-14 0)
(1.5 3.81825e-14 0)
(1.5 -1.29231e-14 0)
(1.5 -3.1549e-14 0)
(1.5 -4.58456e-14 0)
(1.5 -1.28254e-14 0)
(1.5 -1.35401e-14 0)
(1.5 2.99069e-14 0)
(1.5 4.91185e-14 0)
(1.5 4.69629e-14 0)
(1.5 3.109e-15 0)
(1.5 -8.1454e-15 0)
(1.5 7.62725e-14 0)
(1.5 6.41934e-14 0)
(1.5 7.98992e-14 0)
(1.5 8.87474e-14 0)
(1.5 6.93813e-14 0)
(1.5 -5.12613e-14 0)
(1.5 -1.00049e-13 0)
(1.5 -1.26067e-13 0)
(1.5 -6.81946e-14 0)
(1.5 -8.46741e-14 0)
(1.5 -1.18596e-13 0)
(1.5 -1.06209e-13 0)
(1.5 -1.20409e-13 0)
(1.5 -8.46053e-14 0)
(1.5 -1.37394e-14 0)
(1.5 5.05886e-14 0)
(1.5 6.90056e-14 0)
(1.5 3.19505e-14 0)
(1.5 4.45509e-14 0)
(1.5 4.20922e-14 0)
(1.5 9.43578e-15 0)
(1.5 -9.19171e-15 0)
(1.5 -1.67235e-14 0)
(1.5 -2.62333e-14 0)
(1.5 -3.01407e-14 0)
(1.5 -8.11373e-14 0)
(1.5 -1.13802e-13 0)
(1.5 -1.17719e-13 0)
(1.5 -5.63826e-14 0)
(1.5 -4.33585e-14 0)
(1.5 -4.24185e-14 0)
(1.5 -3.50021e-14 0)
(1.5 -5.8561e-14 0)
(1.5 -7.01547e-15 0)
(1.5 7.07994e-15 0)
(1.5 -1.1785e-13 0)
(1.5 -2.37621e-13 0)
(1.5 -2.91485e-13 0)
(1.5 -2.31137e-13 0)
(1.5 -2.37903e-13 0)
(1.5 -1.51474e-13 0)
(1.5 -1.3422e-13 0)
(1.5 -3.43153e-13 0)
(1.5 -4.58924e-13 0)
(1.5 -4.95268e-13 0)
(1.5 -4.44164e-13 0)
(1.5 -4.5355e-13 0)
(1.5 -4.3595e-13 0)
(1.5 -3.70015e-13 0)
(1.5 -3.3392e-13 0)
(1.5 -3.6445e-13 0)
(1.5 -3.99859e-13 0)
(1.5 -3.30248e-13 0)
(1.5 -3.0992e-13 0)
(1.5 -2.39264e-13 0)
(1.5 -2.19826e-13 0)
(1.5 -2.12085e-13 0)
(1.5 -2.26998e-13 0)
(1.5 -2.38667e-13 0)
(1.5 -1.89848e-13 0)
(1.5 -2.46518e-13 0)
(1.5 -1.92359e-13 0)
(1.5 -2.08049e-13 0)
(1.5 -1.46162e-13 0)
(1.5 -1.29519e-13 0)
(1.5 -2.48652e-13 0)
(1.5 -3.09075e-13 0)
(1.5 -2.93962e-13 0)
(1.5 -1.78026e-13 0)
(1.5 -7.31857e-14 0)
(1.5 2.83051e-14 0)
(1.5 1.34065e-13 0)
(1.5 1.51694e-13 0)
(1.5 1.38048e-13 0)
(1.5 5.95464e-14 0)
(1.5 4.24546e-14 0)
(1.5 1.98203e-14 0)
(1.5 5.17122e-14 0)
(1.5 3.41243e-14 0)
(1.5 -4.15642e-15 0)
(1.5 -1.09312e-13 0)
(1.5 -2.05003e-13 0)
(1.5 -1.65894e-13 0)
(1.5 -1.17303e-13 0)
(1.5 -1.69636e-13 0)
(1.5 -2.88166e-13 0)
(1.5 -2.50569e-13 0)
(1.5 -2.18025e-13 0)
(1.5 -1.74771e-13 0)
(1.5 -1.03219e-13 0)
(1.5 -9.71688e-14 0)
(1.5 -1.28289e-14 0)
(1.5 -1.488e-14 0)
(1.5 -9.1471e-14 0)
(1.5 -1.33083e-13 0)
(1.5 -1.36845e-13 0)
(1.5 -1.02753e-13 0)
(1.5 -1.39018e-13 0)
(1.5 -6.57869e-14 0)
(1.5 3.31981e-15 0)
(1.5 1.35694e-13 0)
(1.5 3.56977e-13 0)
(1.5 4.61145e-13 0)
(1.5 4.79976e-13 0)
(1.5 5.66362e-13 0)
(1.5 5.63374e-13 0)
(1.5 5.87525e-13 0)
(1.5 6.20988e-13 0)
(1.5 6.8613e-13 0)
(1.5 7.4447e-13 0)
(1.5 7.13141e-13 0)
(1.5 6.47131e-13 0)
(1.5 6.11099e-13 0)
(1.5 5.47127e-13 0)
(1.5 5.31935e-13 0)
(1.5 5.64486e-13 0)
(1.5 5.46487e-13 0)
(1.5 5.82515e-13 0)
(1.5 7.15604e-13 0)
(1.5 8.08043e-13 0)
(1.5 7.87316e-13 0)
(1.5 7.81928e-13 0)
(1.5 7.30586e-13 0)
(1.5 7.60641e-13 0)
(1.5 8.05489e-13 0)
(1.5 8.01754e-13 0)
(1.5 7.40725e-13 0)
(1.5 7.348e-13 0)
(1.5 7.16125e-13 0)
(1.5 7.20888e-13 0)
(1.5 8.07913e-13 0)
(1.5 8.20198e-13 0)
(1.5 7.31759e-13 0)
(1.5 7.49073e-13 0)
(1.5 7.81852e-13 0)
(1.5 7.17744e-13 0)
(1.5 6.78291e-13 0)
(1.5 7.07992e-13 0)
(1.5 6.27109e-13 0)
(1.5 4.98787e-13 0)
(1.5 3.22706e-13 0)
(1.5 1.98311e-13 0)
(1.5 1.0481e-13 0)
(1.5 3.25279e-14 0)
(1.5 -3.03402e-15 0)
(1.5 -5.22253e-14 0)
(1.5 -3.54889e-14 0)
(1.5 1.03965e-13 0)
(1.5 1.5248e-13 0)
(1.5 1.53286e-13 0)
(1.5 9.42307e-14 0)
(1.5 -1.43793e-14 0)
(1.5 -1.24349e-13 0)
(1.5 -2.10587e-13 0)
(1.5 -2.11877e-13 0)
(1.5 -1.0215e-13 0)
(1.5 6.15979e-14 0)
(1.5 1.79576e-14 0)
(1.5 3.68013e-14 0)
(1.5 8.08333e-14 0)
(1.5 3.567e-14 0)
(1.5 1.44375e-14 0)
(1.5 -2.67278e-14 0)
(1.5 5.14787e-14 0)
(1.5 -9.61828e-15 0)
(1.5 -1.12348e-13 0)
(1.5 -6.87026e-14 0)
(1.5 -6.96708e-15 0)
(1.5 -1.13095e-13 0)
(1.5 -1.18819e-13 0)
(1.5 -4.99999e-14 0)
(1.5 3.56247e-14 0)
(1.5 3.52051e-14 0)
(1.5 -1.13415e-15 0)
(1.5 -5.93661e-14 0)
(1.5 -9.64373e-14 0)
(1.5 -8.72441e-14 0)
(1.5 -3.53891e-14 0)
(1.5 -6.74629e-14 0)
(1.5 -1.4957e-13 0)
(1.5 -6.99194e-14 0)
(1.5 -3.09886e-14 0)
(1.5 -6.77149e-14 0)
(1.5 -1.80131e-14 0)
(1.5 -1.52815e-14 0)
(1.5 1.87904e-14 0)
(1.5 4.87928e-14 0)
(1.5 -7.44531e-14 0)
(1.5 -7.76453e-14 0)
(1.5 1.04441e-14 0)
(1.5 -7.25663e-15 0)
(1.5 -5.54091e-14 0)
(1.5 -3.38972e-14 0)
(1.5 -1.6768e-14 0)
(1.5 -4.98683e-14 0)
(1.5 1.02302e-14 0)
(1.5 -1.44313e-14 0)
(1.5 -2.65834e-14 0)
(1.5 2.3917e-15 0)
(1.5 -4.4909e-14 0)
(1.5 2.01649e-15 0)
(1.5 1.71302e-14 0)
(1.5 -3.67598e-14 0)
(1.5 1.64404e-14 0)
(1.5 -3.19086e-14 0)
(1.5 -8.02621e-14 0)
(1.5 -1.42095e-13 0)
(1.5 -1.64457e-13 0)
(1.5 -1.05327e-13 0)
(1.5 -1.49656e-13 0)
(1.5 -1.50526e-13 0)
(1.5 -1.59824e-13 0)
(1.5 -1.58857e-13 0)
(1.5 -1.02106e-13 0)
(1.5 4.16844e-14 0)
(1.5 1.01561e-13 0)
(1.5 1.3368e-13 0)
(1.5 3.50863e-14 0)
(1.5 2.6468e-14 0)
(1.5 -5.15224e-14 0)
(1.5 -9.15134e-14 0)
(1.5 -1.23593e-13 0)
(1.5 -1.25794e-13 0)
(1.5 -1.72879e-13 0)
(1.5 -1.86958e-13 0)
(1.5 -2.44425e-13 0)
(1.5 -1.99567e-13 0)
(1.5 -1.54501e-13 0)
(1.5 -3.51909e-14 0)
(1.5 -1.01821e-13 0)
(1.5 -4.32211e-14 0)
(1.5 -3.92344e-14 0)
(1.5 -1.32823e-13 0)
(1.5 -1.22156e-13 0)
(1.5 -1.3297e-13 0)
(1.5 -2.46e-13 0)
(1.5 -3.44467e-13 0)
(1.5 -3.33646e-13 0)
(1.5 -2.74128e-13 0)
(1.5 -2.66418e-13 0)
(1.5 -1.60999e-13 0)
(1.5 -2.09659e-13 0)
(1.5 -4.2618e-13 0)
(1.5 -5.13614e-13 0)
(1.5 -4.88999e-13 0)
(1.5 -3.709e-13 0)
(1.5 -3.68216e-13 0)
(1.5 -3.33803e-13 0)
(1.5 -2.88058e-13 0)
(1.5 -3.18239e-13 0)
(1.5 -4.07072e-13 0)
(1.5 -4.31046e-13 0)
(1.5 -3.833e-13 0)
(1.5 -3.0638e-13 0)
(1.5 -3.02683e-13 0)
(1.5 -3.44995e-13 0)
(1.5 -3.78848e-13 0)
(1.5 -3.64137e-13 0)
(1.5 -3.38376e-13 0)
(1.5 -3.08626e-13 0)
(1.5 -4.27459e-13 0)
(1.5 -3.19968e-13 0)
(1.5 -2.33383e-13 0)
(1.5 -1.21771e-13 0)
(1.5 -5.36867e-14 0)
(1.5 -8.36933e-14 0)
(1.5 -1.53693e-13 0)
(1.5 -1.93358e-13 0)
(1.5 -1.02815e-13 0)
(1.5 2.49608e-14 0)
(1.5 1.21143e-14 0)
(1.5 5.97626e-14 0)
(1.5 1.61658e-13 0)
(1.5 1.55192e-13 0)
(1.5 1.25195e-13 0)
(1.5 8.72983e-14 0)
(1.5 1.16008e-13 0)
(1.5 6.26572e-14 0)
(1.5 2.75936e-14 0)
(1.5 -1.0611e-13 0)
(1.5 -2.07532e-13 0)
(1.5 -2.05221e-13 0)
(1.5 -1.85668e-13 0)
(1.5 -1.42556e-13 0)
(1.5 -1.46983e-13 0)
(1.5 -2.04052e-13 0)
(1.5 -8.73474e-14 0)
(1.5 -1.86495e-13 0)
(1.5 -1.84933e-13 0)
(1.5 -1.21742e-13 0)
(1.5 -6.20017e-14 0)
(1.5 4.81689e-14 0)
(1.5 1.06539e-13 0)
(1.5 7.85976e-14 0)
(1.5 6.34875e-14 0)
(1.5 -3.67031e-14 0)
(1.5 -4.66478e-14 0)
(1.5 -1.12581e-13 0)
(1.5 -1.29913e-13 0)
(1.5 -4.37344e-14 0)
(1.5 6.75669e-14 0)
(1.5 2.76261e-13 0)
(1.5 4.34201e-13 0)
(1.5 4.07042e-13 0)
(1.5 3.69728e-13 0)
(1.5 3.76959e-13 0)
(1.5 4.335e-13 0)
(1.5 6.13329e-13 0)
(1.5 6.0577e-13 0)
(1.5 7.5124e-13 0)
(1.5 7.89343e-13 0)
(1.5 7.23723e-13 0)
(1.5 7.09844e-13 0)
(1.5 5.96075e-13 0)
(1.5 5.05106e-13 0)
(1.5 4.85499e-13 0)
(1.5 5.84085e-13 0)
(1.5 6.95219e-13 0)
(1.5 8.62065e-13 0)
(1.5 9.26079e-13 0)
(1.5 8.70664e-13 0)
(1.5 9.08151e-13 0)
(1.5 8.683e-13 0)
(1.5 8.32101e-13 0)
(1.5 7.90195e-13 0)
(1.5 8.25379e-13 0)
(1.5 7.4338e-13 0)
(1.5 6.18161e-13 0)
(1.5 5.17633e-13 0)
(1.5 5.61679e-13 0)
(1.5 6.78226e-13 0)
(1.5 6.5031e-13 0)
(1.5 5.07139e-13 0)
(1.5 5.95955e-13 0)
(1.5 6.59463e-13 0)
(1.5 6.65465e-13 0)
(1.5 6.7742e-13 0)
(1.5 5.9564e-13 0)
(1.5 5.20053e-13 0)
(1.5 4.44831e-13 0)
(1.5 3.63993e-13 0)
(1.5 2.06013e-13 0)
(1.5 -3.2469e-14 0)
(1.5 -1.4374e-13 0)
(1.5 -2.11733e-13 0)
(1.5 -2.10063e-13 0)
(1.5 -1.87214e-13 0)
(1.5 -8.19423e-14 0)
(1.5 2.81661e-14 0)
(1.5 5.78779e-14 0)
(1.5 -1.86677e-14 0)
(1.5 -1.26409e-13 0)
(1.5 -1.84904e-13 0)
(1.5 -2.22843e-13 0)
(1.5 -2.37916e-13 0)
(1.5 3.0053e-14 0)
(1.5 2.61883e-13 0)
(1.5 3.29094e-13 0)
(1.5 4.10241e-13 0)
(1.5 4.33029e-13 0)
(1.5 -1.43046e-15 0)
(1.5 -9.99203e-14 0)
(1.5 -1.18551e-13 0)
(1.5 -1.92768e-14 0)
(1.5 -1.35402e-14 0)
(1.5 -5.25257e-14 0)
(1.5 -5.56784e-14 0)
(1.5 -6.13971e-14 0)
(1.5 -8.983e-14 0)
(1.5 -7.94323e-14 0)
(1.5 -5.92231e-14 0)
(1.5 -1.98259e-14 0)
(1.5 1.42872e-14 0)
(1.5 2.7186e-14 0)
(1.5 -5.25737e-14 0)
(1.5 -1.27899e-13 0)
(1.5 -1.85528e-13 0)
(1.5 -1.48546e-13 0)
(1.5 -1.63366e-13 0)
(1.5 -2.20771e-13 0)
(1.5 -1.51504e-13 0)
(1.5 -1.6682e-13 0)
(1.5 -1.83209e-13 0)
(1.5 -1.51663e-13 0)
(1.5 -1.44482e-13 0)
(1.5 -5.09025e-14 0)
(1.5 4.87306e-14 0)
(1.5 -5.87877e-14 0)
(1.5 -5.03273e-14 0)
(1.5 -6.08859e-15 0)
(1.5 1.89027e-14 0)
(1.5 -1.92031e-14 0)
(1.5 -1.91909e-14 0)
(1.5 5.70729e-15 0)
(1.5 -5.47701e-14 0)
(1.5 -6.54917e-14 0)
(1.5 -1.01628e-13 0)
(1.5 -6.55851e-14 0)
(1.5 -5.01221e-14 0)
(1.5 -4.52172e-14 0)
(1.5 -9.08328e-15 0)
(1.5 -6.0204e-15 0)
(1.5 -6.09475e-14 0)
(1.5 -7.24909e-14 0)
(1.5 -9.22144e-14 0)
(1.5 -7.74968e-14 0)
(1.5 -6.75207e-14 0)
(1.5 -7.39146e-14 0)
(1.5 -9.87935e-14 0)
(1.5 -7.58753e-14 0)
(1.5 -8.12178e-14 0)
(1.5 -1.00235e-13 0)
(1.5 -8.24331e-14 0)
(1.5 -2.10529e-14 0)
(1.5 7.04491e-14 0)
(1.5 3.7813e-14 0)
(1.5 3.50349e-14 0)
(1.5 2.91376e-14 0)
(1.5 -3.5736e-14 0)
(1.5 -8.01262e-14 0)
(1.5 -4.85896e-14 0)
(1.5 -9.40924e-14 0)
(1.5 -1.26465e-13 0)
(1.5 -1.85646e-13 0)
(1.5 -1.65384e-13 0)
(1.5 -2.08223e-13 0)
(1.5 -1.77753e-13 0)
(1.5 -1.02293e-13 0)
(1.5 -1.00097e-13 0)
(1.5 -8.25703e-14 0)
(1.5 -3.49162e-14 0)
(1.5 -1.7203e-14 0)
(1.5 -1.67487e-13 0)
(1.5 -3.09078e-13 0)
(1.5 -3.59611e-13 0)
(1.5 -3.34889e-13 0)
(1.5 -3.27341e-13 0)
(1.5 -3.00326e-13 0)
(1.5 -2.86096e-13 0)
(1.5 -3.12287e-13 0)
(1.5 -2.97291e-13 0)
(1.5 -3.29876e-13 0)
(1.5 -4.26867e-13 0)
(1.5 -3.82328e-13 0)
(1.5 -3.15232e-13 0)
(1.5 -2.12856e-13 0)
(1.5 -1.76066e-13 0)
(1.5 -2.19669e-13 0)
(1.5 -2.48695e-13 0)
(1.5 -2.65248e-13 0)
(1.5 -3.53322e-13 0)
(1.5 -3.90508e-13 0)
(1.5 -4.11573e-13 0)
(1.5 -3.98541e-13 0)
(1.5 -3.81096e-13 0)
(1.5 -4.04357e-13 0)
(1.5 -4.3695e-13 0)
(1.5 -4.38143e-13 0)
(1.5 -3.98752e-13 0)
(1.5 -3.97895e-13 0)
(1.5 -3.78499e-13 0)
(1.5 -3.52439e-13 0)
(1.5 -2.72596e-13 0)
(1.5 -1.81935e-13 0)
(1.5 -1.19522e-13 0)
(1.5 -1.0037e-13 0)
(1.5 -6.36207e-14 0)
(1.5 -4.69993e-14 0)
(1.5 -1.95657e-14 0)
(1.5 1.28103e-13 0)
(1.5 1.35274e-13 0)
(1.5 8.63525e-14 0)
(1.5 1.09987e-13 0)
(1.5 7.59538e-14 0)
(1.5 7.34835e-14 0)
(1.5 3.0033e-14 0)
(1.5 5.69368e-14 0)
(1.5 -1.8161e-14 0)
(1.5 -6.71666e-14 0)
(1.5 -1.42571e-13 0)
(1.5 -1.81891e-13 0)
(1.5 -1.56542e-13 0)
(1.5 -1.74406e-13 0)
(1.5 -1.71782e-13 0)
(1.5 -1.47381e-13 0)
(1.5 -1.44726e-13 0)
(1.5 -6.97142e-14 0)
(1.5 -8.51692e-14 0)
(1.5 -8.11711e-14 0)
(1.5 -9.18045e-14 0)
(1.5 -1.48024e-14 0)
(1.5 9.9565e-14 0)
(1.5 1.65933e-13 0)
(1.5 1.65052e-13 0)
(1.5 2.05732e-13 0)
(1.5 1.33302e-13 0)
(1.5 1.37065e-13 0)
(1.5 7.25838e-15 0)
(1.5 -9.35529e-14 0)
(1.5 -3.82117e-14 0)
(1.5 6.20275e-14 0)
(1.5 1.43957e-13 0)
(1.5 3.27243e-13 0)
(1.5 4.19775e-13 0)
(1.5 3.39381e-13 0)
(1.5 2.53266e-13 0)
(1.5 3.19871e-13 0)
(1.5 5.63705e-13 0)
(1.5 5.8643e-13 0)
(1.5 7.4038e-13 0)
(1.5 8.24724e-13 0)
(1.5 7.9804e-13 0)
(1.5 7.43501e-13 0)
(1.5 6.6017e-13 0)
(1.5 5.34192e-13 0)
(1.5 5.29615e-13 0)
(1.5 6.89891e-13 0)
(1.5 8.46989e-13 0)
(1.5 1.00835e-12 0)
(1.5 1.06421e-12 0)
(1.5 1.06137e-12 0)
(1.5 1.10606e-12 0)
(1.5 1.09909e-12 0)
(1.5 1.0634e-12 0)
(1.5 9.36134e-13 0)
(1.5 8.34215e-13 0)
(1.5 6.82263e-13 0)
(1.5 4.59561e-13 0)
(1.5 3.7247e-13 0)
(1.5 4.09386e-13 0)
(1.5 4.63353e-13 0)
(1.5 4.75959e-13 0)
(1.5 3.79112e-13 0)
(1.5 3.47187e-13 0)
(1.5 3.82355e-13 0)
(1.5 4.14144e-13 0)
(1.5 5.26681e-13 0)
(1.5 4.53172e-13 0)
(1.5 4.15553e-13 0)
(1.5 4.04282e-13 0)
(1.5 2.72883e-13 0)
(1.5 1.48178e-13 0)
(1.5 -8.11705e-14 0)
(1.5 -1.88282e-13 0)
(1.5 -2.62991e-13 0)
(1.5 -3.21457e-13 0)
(1.5 -3.19279e-13 0)
(1.5 -3.3001e-13 0)
(1.5 -2.24074e-13 0)
(1.5 -1.19882e-13 0)
(1.5 -7.66507e-14 0)
(1.5 -1.06006e-13 0)
(1.5 -1.85259e-13 0)
(1.5 -1.16913e-13 0)
(1.5 -3.83656e-14 0)
(1.5 2.55476e-13 0)
(1.5 5.02208e-13 0)
(1.5 6.01619e-13 0)
(1.5 6.96402e-13 0)
(1.5 7.04426e-13 0)
(1.5 -4.60168e-14 0)
(1.5 -1.07328e-13 0)
(1.5 -5.4852e-14 0)
(1.5 -7.64126e-15 0)
(1.5 1.09233e-13 0)
(1.5 1.66046e-13 0)
(1.5 7.98157e-14 0)
(1.5 8.74541e-15 0)
(1.5 5.50409e-14 0)
(1.5 4.65257e-14 0)
(1.5 2.4606e-14 0)
(1.5 -2.65954e-15 0)
(1.5 -1.16772e-14 0)
(1.5 -4.75732e-14 0)
(1.5 -4.89319e-14 0)
(1.5 -1.17212e-13 0)
(1.5 -2.1047e-13 0)
(1.5 -2.82296e-13 0)
(1.5 -2.91509e-13 0)
(1.5 -2.49789e-13 0)
(1.5 -2.13514e-13 0)
(1.5 -1.90335e-13 0)
(1.5 -1.02433e-13 0)
(1.5 -1.43666e-13 0)
(1.5 -1.65001e-13 0)
(1.5 -9.89098e-14 0)
(1.5 -6.55609e-15 0)
(1.5 5.53573e-14 0)
(1.5 3.37825e-14 0)
(1.5 -1.66659e-14 0)
(1.5 7.0856e-15 0)
(1.5 2.17877e-14 0)
(1.5 5.83526e-14 0)
(1.5 9.50167e-14 0)
(1.5 9.47308e-15 0)
(1.5 -5.44854e-14 0)
(1.5 -2.17665e-14 0)
(1.5 8.90958e-15 0)
(1.5 2.22162e-14 0)
(1.5 -7.75243e-15 0)
(1.5 -4.35792e-14 0)
(1.5 -2.23986e-14 0)
(1.5 -2.24482e-14 0)
(1.5 -8.64751e-14 0)
(1.5 -9.87663e-14 0)
(1.5 -4.51872e-14 0)
(1.5 -1.7235e-14 0)
(1.5 -3.21704e-15 0)
(1.5 -3.21243e-14 0)
(1.5 -1.94129e-15 0)
(1.5 -3.74087e-14 0)
(1.5 -2.25818e-14 0)
(1.5 2.31142e-14 0)
(1.5 2.78373e-14 0)
(1.5 2.47275e-14 0)
(1.5 -6.19957e-15 0)
(1.5 -1.3768e-14 0)
(1.5 2.87811e-15 0)
(1.5 -2.64186e-14 0)
(1.5 -4.8312e-14 0)
(1.5 -6.19535e-14 0)
(1.5 -5.95669e-14 0)
(1.5 -4.16113e-14 0)
(1.5 -6.68277e-14 0)
(1.5 -6.6713e-14 0)
(1.5 -9.87627e-14 0)
(1.5 -1.14924e-13 0)
(1.5 -7.20889e-14 0)
(1.5 -8.36707e-14 0)
(1.5 -2.38004e-14 0)
(1.5 -2.03519e-14 0)
(1.5 -3.95002e-14 0)
(1.5 -8.23418e-14 0)
(1.5 -2.44126e-13 0)
(1.5 -3.28965e-13 0)
(1.5 -3.12296e-13 0)
(1.5 -2.99813e-13 0)
(1.5 -2.24128e-13 0)
(1.5 -2.14971e-13 0)
(1.5 -2.90417e-13 0)
(1.5 -4.16258e-13 0)
(1.5 -4.3245e-13 0)
(1.5 -3.53283e-13 0)
(1.5 -1.8879e-13 0)
(1.5 -1.37665e-13 0)
(1.5 -1.3185e-13 0)
(1.5 -1.42225e-13 0)
(1.5 -2.52925e-13 0)
(1.5 -2.68948e-13 0)
(1.5 -1.84993e-13 0)
(1.5 -1.40634e-13 0)
(1.5 -1.81473e-13 0)
(1.5 -2.57181e-13 0)
(1.5 -2.78181e-13 0)
(1.5 -3.26284e-13 0)
(1.5 -3.11425e-13 0)
(1.5 -3.23693e-13 0)
(1.5 -3.85241e-13 0)
(1.5 -3.90433e-13 0)
(1.5 -4.60454e-13 0)
(1.5 -2.94105e-13 0)
(1.5 -2.69435e-13 0)
(1.5 -1.71659e-13 0)
(1.5 -1.00948e-13 0)
(1.5 -9.79954e-14 0)
(1.5 -8.91376e-14 0)
(1.5 -2.56111e-14 0)
(1.5 1.33325e-13 0)
(1.5 1.59952e-13 0)
(1.5 1.77019e-13 0)
(1.5 2.24752e-13 0)
(1.5 1.56628e-13 0)
(1.5 7.70791e-14 0)
(1.5 4.2518e-14 0)
(1.5 4.9036e-14 0)
(1.5 -2.10982e-14 0)
(1.5 -3.5199e-14 0)
(1.5 -3.24174e-14 0)
(1.5 -5.4215e-14 0)
(1.5 3.37336e-14 0)
(1.5 3.93451e-15 0)
(1.5 -7.19491e-14 0)
(1.5 -1.99897e-13 0)
(1.5 -2.60415e-13 0)
(1.5 -1.91491e-13 0)
(1.5 -7.08645e-14 0)
(1.5 -5.58238e-15 0)
(1.5 1.193e-13 0)
(1.5 8.11983e-14 0)
(1.5 1.87034e-14 0)
(1.5 1.36526e-13 0)
(1.5 2.71042e-13 0)
(1.5 2.26314e-13 0)
(1.5 2.00694e-13 0)
(1.5 2.25229e-13 0)
(1.5 2.09515e-13 0)
(1.5 1.86231e-13 0)
(1.5 2.08562e-14 0)
(1.5 -2.95457e-15 0)
(1.5 2.45966e-14 0)
(1.5 2.39563e-14 0)
(1.5 3.4254e-14 0)
(1.5 1.54109e-13 0)
(1.5 2.82512e-13 0)
(1.5 2.94703e-13 0)
(1.5 2.80169e-13 0)
(1.5 3.99287e-13 0)
(1.5 5.28613e-13 0)
(1.5 5.88541e-13 0)
(1.5 6.91703e-13 0)
(1.5 8.42859e-13 0)
(1.5 8.45737e-13 0)
(1.5 7.83353e-13 0)
(1.5 7.2389e-13 0)
(1.5 5.84345e-13 0)
(1.5 5.94348e-13 0)
(1.5 7.4621e-13 0)
(1.5 9.51417e-13 0)
(1.5 1.02257e-12 0)
(1.5 1.07531e-12 0)
(1.5 1.08365e-12 0)
(1.5 1.09278e-12 0)
(1.5 1.13554e-12 0)
(1.5 1.09495e-12 0)
(1.5 9.56705e-13 0)
(1.5 7.44554e-13 0)
(1.5 5.90903e-13 0)
(1.5 3.83193e-13 0)
(1.5 2.65067e-13 0)
(1.5 2.03995e-13 0)
(1.5 1.45327e-13 0)
(1.5 2.66137e-13 0)
(1.5 3.67046e-13 0)
(1.5 2.78845e-13 0)
(1.5 1.8971e-13 0)
(1.5 2.15146e-13 0)
(1.5 2.59979e-13 0)
(1.5 2.87562e-13 0)
(1.5 3.29849e-13 0)
(1.5 3.03563e-13 0)
(1.5 1.84544e-13 0)
(1.5 1.26237e-13 0)
(1.5 -4.41008e-16 0)
(1.5 -8.78543e-14 0)
(1.5 -1.81398e-13 0)
(1.5 -2.47393e-13 0)
(1.5 -2.85533e-13 0)
(1.5 -3.62332e-13 0)
(1.5 -3.85731e-13 0)
(1.5 -3.39353e-13 0)
(1.5 -2.40496e-13 0)
(1.5 -1.81594e-13 0)
(1.5 -1.80253e-13 0)
(1.5 -4.58299e-14 0)
(1.5 7.78426e-14 0)
(1.5 2.46044e-13 0)
(1.5 4.4703e-13 0)
(1.5 7.06857e-13 0)
(1.5 8.10655e-13 0)
(1.5 7.77838e-13 0)
(1.5 1.07863e-14 0)
(1.5 6.36398e-14 0)
(1.5 5.6064e-14 0)
(1.5 1.59069e-14 0)
(1.5 1.18135e-13 0)
(1.5 2.07572e-13 0)
(1.5 1.72501e-13 0)
(1.5 1.38003e-13 0)
(1.5 1.72696e-13 0)
(1.5 2.21575e-13 0)
(1.5 1.60063e-13 0)
(1.5 6.07467e-14 0)
(1.5 -6.70293e-14 0)
(1.5 -1.21046e-13 0)
(1.5 -1.14891e-13 0)
(1.5 -9.52002e-14 0)
(1.5 -1.23562e-13 0)
(1.5 -1.91242e-13 0)
(1.5 -2.56728e-13 0)
(1.5 -2.51338e-13 0)
(1.5 -2.4683e-13 0)
(1.5 -2.23142e-13 0)
(1.5 -7.6252e-14 0)
(1.5 -1.19546e-13 0)
(1.5 -1.88617e-13 0)
(1.5 -1.98711e-13 0)
(1.5 -1.32246e-13 0)
(1.5 2.13985e-15 0)
(1.5 -8.62614e-14 0)
(1.5 -1.40313e-13 0)
(1.5 -1.19183e-13 0)
(1.5 -6.39285e-14 0)
(1.5 4.7898e-15 0)
(1.5 4.48769e-14 0)
(1.5 1.24669e-14 0)
(1.5 -6.49057e-14 0)
(1.5 -1.68825e-14 0)
(1.5 -5.1413e-14 0)
(1.5 -4.50287e-14 0)
(1.5 -7.47108e-14 0)
(1.5 -1.06258e-13 0)
(1.5 -1.00532e-13 0)
(1.5 -1.3109e-13 0)
(1.5 -2.07907e-13 0)
(1.5 -2.17702e-13 0)
(1.5 -1.49209e-13 0)
(1.5 -1.58801e-13 0)
(1.5 -1.45499e-13 0)
(1.5 -1.59636e-13 0)
(1.5 -1.09234e-13 0)
(1.5 -7.39536e-14 0)
(1.5 -5.69903e-14 0)
(1.5 4.12892e-15 0)
(1.5 -2.27712e-15 0)
(1.5 -5.32165e-14 0)
(1.5 -7.73418e-14 0)
(1.5 -1.10142e-13 0)
(1.5 -1.47594e-13 0)
(1.5 -1.07685e-13 0)
(1.5 -1.29462e-13 0)
(1.5 -1.72332e-13 0)
(1.5 -9.70361e-14 0)
(1.5 -9.93957e-14 0)
(1.5 -9.76841e-14 0)
(1.5 -1.4904e-13 0)
(1.5 -1.13958e-13 0)
(1.5 -1.09577e-13 0)
(1.5 -1.4359e-13 0)
(1.5 -1.20637e-13 0)
(1.5 -6.77478e-14 0)
(1.5 2.02989e-14 0)
(1.5 -1.41361e-14 0)
(1.5 8.88264e-15 0)
(1.5 -1.01688e-13 0)
(1.5 -1.42348e-13 0)
(1.5 -1.83749e-13 0)
(1.5 -1.68458e-13 0)
(1.5 -1.50459e-13 0)
(1.5 -2.19859e-13 0)
(1.5 -2.77069e-13 0)
(1.5 -3.19983e-13 0)
(1.5 -3.61332e-13 0)
(1.5 -1.836e-13 0)
(1.5 -8.75727e-14 0)
(1.5 -3.43936e-14 0)
(1.5 -5.38689e-14 0)
(1.5 -1.43413e-13 0)
(1.5 -1.85764e-13 0)
(1.5 -1.69934e-13 0)
(1.5 -1.28596e-13 0)
(1.5 -4.87593e-14 0)
(1.5 -7.40753e-14 0)
(1.5 -1.71394e-13 0)
(1.5 -2.37029e-13 0)
(1.5 -3.17119e-13 0)
(1.5 -3.71933e-13 0)
(1.5 -4.15406e-13 0)
(1.5 -4.0917e-13 0)
(1.5 -4.26776e-13 0)
(1.5 -4.70743e-13 0)
(1.5 -3.54551e-13 0)
(1.5 -2.59908e-13 0)
(1.5 -1.27505e-13 0)
(1.5 -8.57751e-15 0)
(1.5 2.295e-14 0)
(1.5 5.89741e-14 0)
(1.5 5.84473e-14 0)
(1.5 1.65357e-13 0)
(1.5 1.77703e-13 0)
(1.5 1.51422e-13 0)
(1.5 1.33409e-13 0)
(1.5 8.03962e-14 0)
(1.5 8.46982e-14 0)
(1.5 9.4962e-14 0)
(1.5 1.35677e-13 0)
(1.5 9.6034e-14 0)
(1.5 6.94037e-14 0)
(1.5 6.99359e-14 0)
(1.5 1.39563e-14 0)
(1.5 3.50416e-14 0)
(1.5 5.08511e-15 0)
(1.5 -8.04796e-14 0)
(1.5 -1.35176e-13 0)
(1.5 -1.63375e-13 0)
(1.5 -6.55305e-14 0)
(1.5 7.49346e-14 0)
(1.5 1.62465e-13 0)
(1.5 2.03692e-13 0)
(1.5 2.05014e-13 0)
(1.5 1.79835e-13 0)
(1.5 3.08687e-13 0)
(1.5 3.69787e-13 0)
(1.5 2.84902e-13 0)
(1.5 2.77631e-13 0)
(1.5 2.21596e-13 0)
(1.5 2.05263e-13 0)
(1.5 1.32568e-13 0)
(1.5 -3.77888e-14 0)
(1.5 1.84038e-14 0)
(1.5 -5.58835e-15 0)
(1.5 -1.232e-13 0)
(1.5 -1.95373e-13 0)
(1.5 -1.8311e-13 0)
(1.5 -9.38261e-14 0)
(1.5 7.26591e-14 0)
(1.5 2.84915e-13 0)
(1.5 4.64295e-13 0)
(1.5 4.91911e-13 0)
(1.5 5.48286e-13 0)
(1.5 5.79445e-13 0)
(1.5 7.3505e-13 0)
(1.5 7.81994e-13 0)
(1.5 8.20341e-13 0)
(1.5 7.98108e-13 0)
(1.5 7.38925e-13 0)
(1.5 6.7832e-13 0)
(1.5 7.26085e-13 0)
(1.5 9.64163e-13 0)
(1.5 9.44665e-13 0)
(1.5 9.36342e-13 0)
(1.5 9.23182e-13 0)
(1.5 9.33785e-13 0)
(1.5 9.88511e-13 0)
(1.5 8.65631e-13 0)
(1.5 7.55076e-13 0)
(1.5 5.82158e-13 0)
(1.5 4.51803e-13 0)
(1.5 3.01893e-13 0)
(1.5 1.9929e-13 0)
(1.5 7.49438e-14 0)
(1.5 1.49196e-14 0)
(1.5 1.29818e-13 0)
(1.5 2.71521e-13 0)
(1.5 3.29556e-13 0)
(1.5 2.69198e-13 0)
(1.5 2.39296e-13 0)
(1.5 1.70287e-13 0)
(1.5 2.25789e-13 0)
(1.5 2.44685e-13 0)
(1.5 1.77112e-13 0)
(1.5 1.54974e-13 0)
(1.5 1.19587e-13 0)
(1.5 4.90029e-14 0)
(1.5 -1.62919e-14 0)
(1.5 -6.29751e-14 0)
(1.5 -5.36799e-14 0)
(1.5 -6.39495e-14 0)
(1.5 -8.01658e-14 0)
(1.5 -1.75755e-13 0)
(1.5 -2.5292e-13 0)
(1.5 -2.03556e-13 0)
(1.5 -6.99233e-14 0)
(1.5 4.07286e-14 0)
(1.5 9.22276e-14 0)
(1.5 1.51215e-13 0)
(1.5 2.12639e-13 0)
(1.5 3.56694e-13 0)
(1.5 6.72458e-13 0)
(1.5 8.49876e-13 0)
(1.5 8.18626e-13 0)
(1.5 3.16029e-14 0)
(1.5 8.16898e-14 0)
(1.5 -1.75024e-15 0)
(1.5 -2.77649e-14 0)
(1.5 -5.12202e-15 0)
(1.5 -2.81797e-14 0)
(1.5 4.3311e-14 0)
(1.5 7.0417e-14 0)
(1.5 1.01976e-13 0)
(1.5 1.65848e-13 0)
(1.5 8.01339e-14 0)
(1.5 -1.4579e-14 0)
(1.5 -1.66065e-13 0)
(1.5 -1.54348e-13 0)
(1.5 -1.79499e-13 0)
(1.5 -1.21881e-13 0)
(1.5 -6.99002e-14 0)
(1.5 -1.06837e-13 0)
(1.5 -1.45694e-13 0)
(1.5 -2.09339e-13 0)
(1.5 -2.34632e-13 0)
(1.5 -2.37719e-13 0)
(1.5 -2.48145e-13 0)
(1.5 -2.26118e-13 0)
(1.5 -2.51424e-13 0)
(1.5 -2.59302e-13 0)
(1.5 -2.20837e-13 0)
(1.5 -1.9784e-13 0)
(1.5 -2.27089e-13 0)
(1.5 -2.09586e-13 0)
(1.5 -1.94795e-13 0)
(1.5 -1.58626e-13 0)
(1.5 -1.35946e-13 0)
(1.5 -1.0255e-13 0)
(1.5 -5.76202e-14 0)
(1.5 -8.13405e-14 0)
(1.5 -6.99816e-14 0)
(1.5 -8.18648e-14 0)
(1.5 -9.17197e-14 0)
(1.5 -7.71539e-14 0)
(1.5 -1.17873e-13 0)
(1.5 -1.73292e-13 0)
(1.5 -2.22547e-13 0)
(1.5 -2.91563e-13 0)
(1.5 -2.77392e-13 0)
(1.5 -2.37179e-13 0)
(1.5 -2.41385e-13 0)
(1.5 -2.35592e-13 0)
(1.5 -2.71578e-13 0)
(1.5 -2.69841e-13 0)
(1.5 -1.87843e-13 0)
(1.5 -1.17794e-13 0)
(1.5 -5.00167e-14 0)
(1.5 -2.22551e-14 0)
(1.5 -4.3846e-14 0)
(1.5 -1.12256e-13 0)
(1.5 -1.77153e-13 0)
(1.5 -2.21648e-13 0)
(1.5 -2.06868e-13 0)
(1.5 -1.61624e-13 0)
(1.5 -1.98989e-13 0)
(1.5 -1.64814e-13 0)
(1.5 -1.83657e-13 0)
(1.5 -1.67677e-13 0)
(1.5 -2.33845e-13 0)
(1.5 -2.0048e-13 0)
(1.5 -1.36977e-13 0)
(1.5 -1.52758e-13 0)
(1.5 -1.21402e-13 0)
(1.5 -5.00089e-14 0)
(1.5 6.46334e-14 0)
(1.5 1.22167e-13 0)
(1.5 5.42004e-14 0)
(1.5 2.93525e-15 0)
(1.5 -6.80576e-14 0)
(1.5 -1.08099e-13 0)
(1.5 -6.27526e-14 0)
(1.5 -1.75506e-13 0)
(1.5 -2.66745e-13 0)
(1.5 -2.65061e-13 0)
(1.5 -1.48755e-13 0)
(1.5 -1.05614e-13 0)
(1.5 5.02498e-15 0)
(1.5 1.44824e-14 0)
(1.5 5.17687e-14 0)
(1.5 2.41541e-14 0)
(1.5 -5.18933e-14 0)
(1.5 -3.82084e-14 0)
(1.5 -2.38759e-14 0)
(1.5 -8.92599e-14 0)
(1.5 -1.87335e-13 0)
(1.5 -2.79922e-13 0)
(1.5 -3.65768e-13 0)
(1.5 -4.08682e-13 0)
(1.5 -4.97575e-13 0)
(1.5 -6.73354e-13 0)
(1.5 -7.5169e-13 0)
(1.5 -6.77764e-13 0)
(1.5 -5.56623e-13 0)
(1.5 -4.3874e-13 0)
(1.5 -3.52296e-13 0)
(1.5 -1.91745e-13 0)
(1.5 -1.6437e-13 0)
(1.5 -5.8734e-14 0)
(1.5 6.58475e-14 0)
(1.5 1.99203e-13 0)
(1.5 1.97374e-13 0)
(1.5 1.08596e-13 0)
(1.5 8.18633e-14 0)
(1.5 6.99945e-14 0)
(1.5 4.2311e-14 0)
(1.5 7.56921e-14 0)
(1.5 6.22662e-14 0)
(1.5 1.01583e-13 0)
(1.5 9.1544e-14 0)
(1.5 1.24855e-13 0)
(1.5 1.30159e-13 0)
(1.5 1.29451e-13 0)
(1.5 3.97792e-14 0)
(1.5 2.4332e-14 0)
(1.5 -2.59972e-14 0)
(1.5 -8.71675e-14 0)
(1.5 -9.39027e-14 0)
(1.5 -3.28301e-14 0)
(1.5 4.82932e-14 0)
(1.5 1.20215e-13 0)
(1.5 1.32039e-13 0)
(1.5 6.96381e-14 0)
(1.5 1.3309e-13 0)
(1.5 1.88652e-13 0)
(1.5 2.78183e-13 0)
(1.5 2.76519e-13 0)
(1.5 2.97034e-13 0)
(1.5 4.0143e-13 0)
(1.5 2.87922e-13 0)
(1.5 2.44546e-13 0)
(1.5 2.11468e-13 0)
(1.5 1.30208e-13 0)
(1.5 1.54495e-13 0)
(1.5 6.91813e-14 0)
(1.5 -4.08288e-14 0)
(1.5 -1.65798e-13 0)
(1.5 -2.76877e-13 0)
(1.5 -2.15379e-13 0)
(1.5 1.28424e-14 0)
(1.5 2.45207e-13 0)
(1.5 4.10771e-13 0)
(1.5 4.31853e-13 0)
(1.5 5.77228e-13 0)
(1.5 5.75732e-13 0)
(1.5 6.0616e-13 0)
(1.5 7.3153e-13 0)
(1.5 8.38824e-13 0)
(1.5 8.51025e-13 0)
(1.5 8.56733e-13 0)
(1.5 8.37096e-13 0)
(1.5 8.34117e-13 0)
(1.5 9.79021e-13 0)
(1.5 9.11322e-13 0)
(1.5 8.73943e-13 0)
(1.5 8.6427e-13 0)
(1.5 8.49535e-13 0)
(1.5 8.90399e-13 0)
(1.5 7.68667e-13 0)
(1.5 6.2489e-13 0)
(1.5 5.15572e-13 0)
(1.5 3.8342e-13 0)
(1.5 2.49145e-13 0)
(1.5 2.38537e-13 0)
(1.5 1.41144e-13 0)
(1.5 1.04042e-13 0)
(1.5 1.61746e-13 0)
(1.5 1.9168e-13 0)
(1.5 2.78612e-13 0)
(1.5 3.60963e-13 0)
(1.5 3.45178e-13 0)
(1.5 2.37158e-13 0)
(1.5 2.01159e-13 0)
(1.5 1.66637e-13 0)
(1.5 5.83436e-14 0)
(1.5 2.93768e-14 0)
(1.5 5.23105e-14 0)
(1.5 3.91415e-14 0)
(1.5 3.29606e-14 0)
(1.5 1.213e-13 0)
(1.5 2.24879e-13 0)
(1.5 1.89588e-13 0)
(1.5 1.23462e-13 0)
(1.5 7.79099e-14 0)
(1.5 8.73962e-14 0)
(1.5 1.51583e-13 0)
(1.5 2.06549e-13 0)
(1.5 2.18144e-13 0)
(1.5 2.20976e-13 0)
(1.5 3.44449e-13 0)
(1.5 4.87164e-13 0)
(1.5 6.13396e-13 0)
(1.5 7.20149e-13 0)
(1.5 9.06904e-13 0)
(1.5 9.70675e-13 0)
(1.5 1.59621e-14 0)
(1.5 8.16922e-14 0)
(1.5 2.35748e-14 0)
(1.5 -4.50452e-14 0)
(1.5 -6.78006e-14 0)
(1.5 -7.45126e-14 0)
(1.5 -4.8985e-14 0)
(1.5 -7.0252e-14 0)
(1.5 -3.85106e-15 0)
(1.5 -9.32153e-15 0)
(1.5 -8.76212e-14 0)
(1.5 -7.23737e-14 0)
(1.5 -1.89077e-13 0)
(1.5 -2.15512e-13 0)
(1.5 -2.315e-13 0)
(1.5 -1.66652e-13 0)
(1.5 -7.34739e-14 0)
(1.5 -1.04531e-13 0)
(1.5 -1.18633e-13 0)
(1.5 -1.84096e-13 0)
(1.5 -2.3932e-13 0)
(1.5 -1.72772e-13 0)
(1.5 -2.94409e-13 0)
(1.5 -2.33663e-13 0)
(1.5 -2.39196e-13 0)
(1.5 -2.36439e-13 0)
(1.5 -2.04001e-13 0)
(1.5 -2.36149e-13 0)
(1.5 -1.67432e-13 0)
(1.5 -1.03954e-13 0)
(1.5 -1.02574e-13 0)
(1.5 -1.24533e-13 0)
(1.5 -1.08109e-13 0)
(1.5 -8.52604e-14 0)
(1.5 2.95191e-14 0)
(1.5 3.86684e-14 0)
(1.5 -2.43671e-14 0)
(1.5 -6.44915e-14 0)
(1.5 -3.73343e-14 0)
(1.5 -5.94836e-15 0)
(1.5 -1.15387e-13 0)
(1.5 -1.82116e-13 0)
(1.5 -2.25269e-13 0)
(1.5 -1.93597e-13 0)
(1.5 -1.55496e-13 0)
(1.5 -1.81588e-13 0)
(1.5 -1.41499e-13 0)
(1.5 -1.26666e-13 0)
(1.5 -1.10432e-13 0)
(1.5 -1.85358e-13 0)
(1.5 -1.78451e-13 0)
(1.5 -6.57599e-14 0)
(1.5 -1.86435e-14 0)
(1.5 -9.19986e-17 0)
(1.5 -4.67619e-14 0)
(1.5 -8.15357e-14 0)
(1.5 -1.02171e-13 0)
(1.5 -1.17584e-13 0)
(1.5 -1.67613e-13 0)
(1.5 -1.17604e-13 0)
(1.5 -1.405e-13 0)
(1.5 -1.30356e-13 0)
(1.5 -1.50234e-13 0)
(1.5 -1.38047e-13 0)
(1.5 -1.78863e-13 0)
(1.5 -1.69529e-13 0)
(1.5 -8.73882e-14 0)
(1.5 -6.39777e-14 0)
(1.5 1.8097e-14 0)
(1.5 2.17009e-14 0)
(1.5 2.55968e-14 0)
(1.5 1.22576e-13 0)
(1.5 3.9383e-14 0)
(1.5 3.19972e-14 0)
(1.5 -4.66596e-14 0)
(1.5 -5.79108e-14 0)
(1.5 -5.82513e-14 0)
(1.5 -2.54152e-13 0)
(1.5 -2.52765e-13 0)
(1.5 -1.64282e-13 0)
(1.5 -9.85443e-14 0)
(1.5 -1.64697e-14 0)
(1.5 -5.64239e-14 0)
(1.5 -8.1232e-14 0)
(1.5 -3.73269e-14 0)
(1.5 2.24212e-14 0)
(1.5 3.43299e-14 0)
(1.5 4.75087e-14 0)
(1.5 -1.2223e-14 0)
(1.5 -1.22968e-13 0)
(1.5 -3.27192e-13 0)
(1.5 -4.08806e-13 0)
(1.5 -4.54629e-13 0)
(1.5 -5.05362e-13 0)
(1.5 -5.7269e-13 0)
(1.5 -7.90947e-13 0)
(1.5 -8.17092e-13 0)
(1.5 -7.39871e-13 0)
(1.5 -6.06778e-13 0)
(1.5 -4.5567e-13 0)
(1.5 -3.33494e-13 0)
(1.5 -1.39922e-13 0)
(1.5 -8.97452e-14 0)
(1.5 -5.16281e-14 0)
(1.5 5.32346e-14 0)
(1.5 2.07911e-13 0)
(1.5 2.07991e-13 0)
(1.5 1.16292e-13 0)
(1.5 1.14559e-13 0)
(1.5 5.92564e-14 0)
(1.5 1.28635e-14 0)
(1.5 5.68498e-14 0)
(1.5 4.57338e-14 0)
(1.5 1.3913e-13 0)
(1.5 1.22739e-13 0)
(1.5 1.55362e-13 0)
(1.5 1.56302e-13 0)
(1.5 1.41552e-13 0)
(1.5 1.80988e-13 0)
(1.5 1.96829e-13 0)
(1.5 8.90139e-14 0)
(1.5 1.6097e-14 0)
(1.5 1.24502e-14 0)
(1.5 2.38611e-14 0)
(1.5 4.18872e-14 0)
(1.5 3.85068e-14 0)
(1.5 -1.30943e-15 0)
(1.5 -5.38995e-14 0)
(1.5 -8.13007e-15 0)
(1.5 1.14533e-13 0)
(1.5 1.9485e-13 0)
(1.5 2.22128e-13 0)
(1.5 3.18814e-13 0)
(1.5 3.92132e-13 0)
(1.5 3.31727e-13 0)
(1.5 2.39648e-13 0)
(1.5 2.02458e-13 0)
(1.5 2.75571e-13 0)
(1.5 2.76075e-13 0)
(1.5 1.89413e-13 0)
(1.5 1.65062e-13 0)
(1.5 1.28575e-13 0)
(1.5 -5.60575e-14 0)
(1.5 -6.83447e-14 0)
(1.5 6.69774e-14 0)
(1.5 2.64426e-13 0)
(1.5 4.19162e-13 0)
(1.5 5.37256e-13 0)
(1.5 7.02524e-13 0)
(1.5 7.08134e-13 0)
(1.5 7.39543e-13 0)
(1.5 8.90428e-13 0)
(1.5 8.9519e-13 0)
(1.5 9.25323e-13 0)
(1.5 9.43291e-13 0)
(1.5 9.42579e-13 0)
(1.5 9.25359e-13 0)
(1.5 8.68969e-13 0)
(1.5 8.67151e-13 0)
(1.5 8.75303e-13 0)
(1.5 8.30294e-13 0)
(1.5 7.60827e-13 0)
(1.5 6.53929e-13 0)
(1.5 5.86897e-13 0)
(1.5 5.18138e-13 0)
(1.5 4.66039e-13 0)
(1.5 3.07472e-13 0)
(1.5 1.6285e-13 0)
(1.5 1.46775e-13 0)
(1.5 1.09408e-13 0)
(1.5 1.04525e-13 0)
(1.5 1.01979e-13 0)
(1.5 1.72933e-13 0)
(1.5 2.3761e-13 0)
(1.5 3.64518e-13 0)
(1.5 4.07355e-13 0)
(1.5 2.7985e-13 0)
(1.5 2.11618e-13 0)
(1.5 1.08399e-13 0)
(1.5 -2.32841e-14 0)
(1.5 -9.80965e-14 0)
(1.5 -2.67644e-14 0)
(1.5 5.60518e-14 0)
(1.5 1.19536e-13 0)
(1.5 2.58999e-13 0)
(1.5 3.96066e-13 0)
(1.5 3.45495e-13 0)
(1.5 2.13294e-13 0)
(1.5 3.05092e-13 0)
(1.5 3.58504e-13 0)
(1.5 3.10196e-13 0)
(1.5 2.8958e-13 0)
(1.5 2.60213e-13 0)
(1.5 2.91222e-13 0)
(1.5 4.66075e-13 0)
(1.5 6.26415e-13 0)
(1.5 7.53654e-13 0)
(1.5 7.70992e-13 0)
(1.5 8.35184e-13 0)
(1.5 9.09609e-13 0)
(1.5 1.29335e-14 0)
(1.5 1.31308e-13 0)
(1.5 1.309e-13 0)
(1.5 8.00655e-14 0)
(1.5 5.15737e-14 0)
(1.5 8.49607e-14 0)
(1.5 5.2921e-14 0)
(1.5 -4.40034e-14 0)
(1.5 -5.64884e-14 0)
(1.5 -1.60344e-13 0)
(1.5 -1.73386e-13 0)
(1.5 -1.66463e-13 0)
(1.5 -1.82791e-13 0)
(1.5 -1.99009e-13 0)
(1.5 -1.55164e-13 0)
(1.5 -7.26891e-14 0)
(1.5 -4.16453e-14 0)
(1.5 -4.94689e-14 0)
(1.5 -8.66016e-14 0)
(1.5 -1.23166e-13 0)
(1.5 -1.24394e-13 0)
(1.5 -1.37711e-13 0)
(1.5 -1.74864e-13 0)
(1.5 -1.59533e-13 0)
(1.5 -1.94844e-13 0)
(1.5 -2.71987e-13 0)
(1.5 -2.89989e-13 0)
(1.5 -2.75251e-13 0)
(1.5 -1.72497e-13 0)
(1.5 -1.22236e-13 0)
(1.5 -9.26298e-14 0)
(1.5 -1.30958e-13 0)
(1.5 -1.23404e-13 0)
(1.5 -8.31347e-14 0)
(1.5 4.21096e-14 0)
(1.5 6.45628e-14 0)
(1.5 -8.24542e-15 0)
(1.5 -6.81171e-14 0)
(1.5 -1.30051e-14 0)
(1.5 4.40573e-14 0)
(1.5 -5.15643e-14 0)
(1.5 -1.49039e-13 0)
(1.5 -1.83718e-13 0)
(1.5 -1.4016e-13 0)
(1.5 -1.29141e-13 0)
(1.5 -1.44003e-13 0)
(1.5 -1.41796e-13 0)
(1.5 -1.2218e-13 0)
(1.5 -7.93787e-14 0)
(1.5 -8.29241e-14 0)
(1.5 -7.61759e-14 0)
(1.5 -5.6827e-14 0)
(1.5 -7.95199e-14 0)
(1.5 -5.60666e-14 0)
(1.5 -1.05937e-13 0)
(1.5 -1.19561e-13 0)
(1.5 -1.04866e-13 0)
(1.5 -9.4244e-14 0)
(1.5 -1.24611e-13 0)
(1.5 -1.28907e-13 0)
(1.5 -1.03959e-13 0)
(1.5 -1.23525e-13 0)
(1.5 -1.80044e-13 0)
(1.5 -1.98792e-13 0)
(1.5 -1.36383e-13 0)
(1.5 -1.07016e-13 0)
(1.5 -9.02684e-14 0)
(1.5 -2.73594e-14 0)
(1.5 6.60176e-14 0)
(1.5 6.77302e-14 0)
(1.5 -6.91147e-15 0)
(1.5 6.32715e-15 0)
(1.5 2.50358e-14 0)
(1.5 4.90019e-14 0)
(1.5 8.66926e-15 0)
(1.5 -6.95335e-14 0)
(1.5 -1.33737e-13 0)
(1.5 -2.48882e-13 0)
(1.5 -2.52606e-13 0)
(1.5 -1.46871e-13 0)
(1.5 -1.37853e-13 0)
(1.5 -5.98312e-14 0)
(1.5 -1.25063e-13 0)
(1.5 -1.37746e-13 0)
(1.5 -1.42522e-13 0)
(1.5 -3.77836e-14 0)
(1.5 2.77197e-15 0)
(1.5 7.6173e-14 0)
(1.5 -1.45782e-14 0)
(1.5 -1.56305e-13 0)
(1.5 -2.7042e-13 0)
(1.5 -2.66966e-13 0)
(1.5 -3.32075e-13 0)
(1.5 -4.67416e-13 0)
(1.5 -5.1618e-13 0)
(1.5 -6.2102e-13 0)
(1.5 -5.79313e-13 0)
(1.5 -5.09922e-13 0)
(1.5 -4.30147e-13 0)
(1.5 -3.73735e-13 0)
(1.5 -3.00147e-13 0)
(1.5 -1.71322e-13 0)
(1.5 -4.52695e-14 0)
(1.5 -5.51262e-14 0)
(1.5 2.53565e-14 0)
(1.5 8.38359e-14 0)
(1.5 1.44576e-13 0)
(1.5 1.64359e-13 0)
(1.5 1.57292e-13 0)
(1.5 1.14718e-13 0)
(1.5 9.96051e-14 0)
(1.5 1.04699e-13 0)
(1.5 1.32614e-13 0)
(1.5 1.19869e-13 0)
(1.5 1.24916e-13 0)
(1.5 1.03716e-13 0)
(1.5 6.66928e-14 0)
(1.5 9.67474e-14 0)
(1.5 2.38715e-13 0)
(1.5 1.67618e-13 0)
(1.5 8.65982e-14 0)
(1.5 5.35041e-14 0)
(1.5 1.28812e-13 0)
(1.5 1.55984e-14 0)
(1.5 -2.67411e-14 0)
(1.5 -3.02375e-14 0)
(1.5 1.17557e-14 0)
(1.5 7.87041e-14 0)
(1.5 1.99148e-13 0)
(1.5 3.51048e-13 0)
(1.5 4.2079e-13 0)
(1.5 4.30958e-13 0)
(1.5 4.6401e-13 0)
(1.5 3.68154e-13 0)
(1.5 2.87411e-13 0)
(1.5 1.56705e-13 0)
(1.5 9.83258e-14 0)
(1.5 2.03052e-13 0)
(1.5 1.6295e-13 0)
(1.5 1.82636e-13 0)
(1.5 2.31428e-13 0)
(1.5 2.16725e-13 0)
(1.5 1.22674e-13 0)
(1.5 2.40136e-14 0)
(1.5 4.43793e-14 0)
(1.5 1.6691e-13 0)
(1.5 3.87548e-13 0)
(1.5 5.92477e-13 0)
(1.5 7.0123e-13 0)
(1.5 7.73514e-13 0)
(1.5 8.35751e-13 0)
(1.5 8.69301e-13 0)
(1.5 8.804e-13 0)
(1.5 9.39451e-13 0)
(1.5 1.03568e-12 0)
(1.5 9.4983e-13 0)
(1.5 8.84767e-13 0)
(1.5 6.71465e-13 0)
(1.5 6.5297e-13 0)
(1.5 6.7865e-13 0)
(1.5 6.33905e-13 0)
(1.5 5.50486e-13 0)
(1.5 3.49195e-13 0)
(1.5 2.79354e-13 0)
(1.5 3.1296e-13 0)
(1.5 2.67471e-13 0)
(1.5 1.29663e-13 0)
(1.5 1.05766e-13 0)
(1.5 8.31702e-14 0)
(1.5 8.98162e-14 0)
(1.5 1.40409e-13 0)
(1.5 4.01337e-14 0)
(1.5 1.14511e-13 0)
(1.5 1.46255e-13 0)
(1.5 2.15507e-13 0)
(1.5 2.39783e-13 0)
(1.5 2.16736e-13 0)
(1.5 1.64908e-13 0)
(1.5 1.03988e-14 0)
(1.5 -7.72278e-14 0)
(1.5 -1.70875e-13 0)
(1.5 -1.6015e-13 0)
(1.5 5.61039e-15 0)
(1.5 1.27068e-13 0)
(1.5 2.7403e-13 0)
(1.5 3.48879e-13 0)
(1.5 3.38379e-13 0)
(1.5 2.0011e-13 0)
(1.5 3.23719e-13 0)
(1.5 3.36014e-13 0)
(1.5 2.06933e-13 0)
(1.5 2.35317e-13 0)
(1.5 2.54409e-13 0)
(1.5 3.35568e-13 0)
(1.5 5.0134e-13 0)
(1.5 5.76357e-13 0)
(1.5 6.48036e-13 0)
(1.5 7.44813e-13 0)
(1.5 6.83188e-13 0)
(1.5 7.00494e-13 0)
(1.5 1.31536e-14 0)
(1.5 1.09016e-13 0)
(1.5 1.58832e-13 0)
(1.5 1.0324e-13 0)
(1.5 1.44305e-13 0)
(1.5 2.04618e-13 0)
(1.5 1.68083e-13 0)
(1.5 7.72861e-14 0)
(1.5 -5.34622e-15 0)
(1.5 -1.10474e-13 0)
(1.5 -1.32985e-13 0)
(1.5 -2.01817e-13 0)
(1.5 -1.07539e-13 0)
(1.5 -7.11768e-14 0)
(1.5 1.44627e-14 0)
(1.5 8.44994e-14 0)
(1.5 1.69054e-14 0)
(1.5 3.02105e-14 0)
(1.5 -2.15405e-14 0)
(1.5 -8.11649e-15 0)
(1.5 8.67834e-15 0)
(1.5 -6.6495e-14 0)
(1.5 -1.53895e-14 0)
(1.5 -9.97934e-14 0)
(1.5 -1.81236e-13 0)
(1.5 -3.0305e-13 0)
(1.5 -3.94966e-13 0)
(1.5 -3.06904e-13 0)
(1.5 -2.90796e-13 0)
(1.5 -2.45093e-13 0)
(1.5 -2.28837e-13 0)
(1.5 -2.44403e-13 0)
(1.5 -2.05008e-13 0)
(1.5 -1.79722e-13 0)
(1.5 -1.26521e-13 0)
(1.5 -1.40224e-13 0)
(1.5 -1.22085e-13 0)
(1.5 -4.89935e-14 0)
(1.5 -4.30199e-14 0)
(1.5 1.19938e-14 0)
(1.5 -2.994e-15 0)
(1.5 -1.01506e-13 0)
(1.5 -1.0098e-13 0)
(1.5 -1.15952e-13 0)
(1.5 -1.69602e-13 0)
(1.5 -1.46592e-13 0)
(1.5 -1.51219e-13 0)
(1.5 -1.50252e-13 0)
(1.5 -1.28771e-13 0)
(1.5 -7.80361e-14 0)
(1.5 -1.19545e-14 0)
(1.5 -3.70051e-14 0)
(1.5 -5.28542e-14 0)
(1.5 -7.75857e-14 0)
(1.5 -8.33546e-14 0)
(1.5 -1.05734e-13 0)
(1.5 -1.30536e-13 0)
(1.5 -9.02216e-14 0)
(1.5 -7.2844e-14 0)
(1.5 -6.5368e-14 0)
(1.5 -6.94609e-14 0)
(1.5 -2.00607e-13 0)
(1.5 -2.54513e-13 0)
(1.5 -2.36663e-13 0)
(1.5 -1.98063e-13 0)
(1.5 -8.65382e-14 0)
(1.5 -4.85961e-14 0)
(1.5 -1.42403e-15 0)
(1.5 5.76219e-14 0)
(1.5 7.3819e-14 0)
(1.5 -4.33064e-14 0)
(1.5 -1.18908e-13 0)
(1.5 4.78845e-15 0)
(1.5 7.80984e-15 0)
(1.5 -2.19705e-14 0)
(1.5 -1.59564e-13 0)
(1.5 -2.07597e-13 0)
(1.5 -1.27178e-13 0)
(1.5 -1.55429e-13 0)
(1.5 -1.4647e-13 0)
(1.5 -2.29926e-13 0)
(1.5 -1.97781e-13 0)
(1.5 -1.27993e-13 0)
(1.5 -7.73618e-14 0)
(1.5 -1.05857e-13 0)
(1.5 -9.34701e-14 0)
(1.5 -1.27926e-13 0)
(1.5 -3.94185e-14 0)
(1.5 -6.97375e-14 0)
(1.5 -1.45799e-13 0)
(1.5 -1.21123e-13 0)
(1.5 -1.28423e-13 0)
(1.5 -1.93123e-13 0)
(1.5 -3.03405e-13 0)
(1.5 -3.72882e-13 0)
(1.5 -3.31565e-13 0)
(1.5 -2.69782e-13 0)
(1.5 -2.42695e-13 0)
(1.5 -2.4471e-13 0)
(1.5 -2.08593e-13 0)
(1.5 -1.54849e-13 0)
(1.5 -1.65535e-13 0)
(1.5 -9.90236e-14 0)
(1.5 -4.56279e-14 0)
(1.5 -1.14968e-15 0)
(1.5 2.14281e-15 0)
(1.5 1.20701e-13 0)
(1.5 1.54803e-13 0)
(1.5 1.25477e-13 0)
(1.5 1.21374e-13 0)
(1.5 2.10211e-13 0)
(1.5 2.30207e-13 0)
(1.5 2.36037e-13 0)
(1.5 1.35559e-13 0)
(1.5 6.08182e-14 0)
(1.5 3.05343e-14 0)
(1.5 5.66218e-14 0)
(1.5 1.50561e-13 0)
(1.5 2.36494e-13 0)
(1.5 1.4313e-13 0)
(1.5 1.5804e-13 0)
(1.5 1.38937e-13 0)
(1.5 8.85477e-14 0)
(1.5 8.23097e-15 0)
(1.5 -2.70513e-14 0)
(1.5 6.36463e-14 0)
(1.5 1.67929e-13 0)
(1.5 2.50872e-13 0)
(1.5 4.14697e-13 0)
(1.5 5.23503e-13 0)
(1.5 6.04235e-13 0)
(1.5 6.0764e-13 0)
(1.5 6.24184e-13 0)
(1.5 4.78852e-13 0)
(1.5 3.71578e-13 0)
(1.5 2.18124e-13 0)
(1.5 1.01526e-13 0)
(1.5 1.78469e-13 0)
(1.5 1.09097e-13 0)
(1.5 1.35362e-13 0)
(1.5 1.7234e-13 0)
(1.5 1.06561e-13 0)
(1.5 1.59824e-13 0)
(1.5 8.66615e-14 0)
(1.5 -2.90142e-14 0)
(1.5 3.0444e-14 0)
(1.5 1.43296e-13 0)
(1.5 4.14978e-13 0)
(1.5 5.50866e-13 0)
(1.5 7.25514e-13 0)
(1.5 7.16977e-13 0)
(1.5 6.23839e-13 0)
(1.5 7.67318e-13 0)
(1.5 8.87451e-13 0)
(1.5 9.30401e-13 0)
(1.5 8.44207e-13 0)
(1.5 7.40713e-13 0)
(1.5 5.02954e-13 0)
(1.5 4.36383e-13 0)
(1.5 3.50241e-13 0)
(1.5 3.04901e-13 0)
(1.5 2.145e-13 0)
(1.5 1.47812e-13 0)
(1.5 4.02786e-14 0)
(1.5 3.85644e-14 0)
(1.5 -3.80977e-15 0)
(1.5 -1.49921e-14 0)
(1.5 8.90534e-15 0)
(1.5 -6.41909e-14 0)
(1.5 -5.79291e-14 0)
(1.5 -4.65628e-14 0)
(1.5 -5.68627e-14 0)
(1.5 -4.41484e-14 0)
(1.5 -8.15289e-14 0)
(1.5 -1.09033e-13 0)
(1.5 -4.19263e-14 0)
(1.5 7.37785e-14 0)
(1.5 8.35312e-14 0)
(1.5 3.60622e-14 0)
(1.5 -2.5168e-14 0)
(1.5 -1.27727e-13 0)
(1.5 -1.30142e-13 0)
(1.5 3.31938e-14 0)
(1.5 1.59148e-13 0)
(1.5 3.22068e-13 0)
(1.5 3.47984e-13 0)
(1.5 3.34065e-13 0)
(1.5 2.73223e-13 0)
(1.5 1.95029e-13 0)
(1.5 1.49879e-13 0)
(1.5 9.24533e-14 0)
(1.5 1.28447e-13 0)
(1.5 2.04241e-13 0)
(1.5 3.01924e-13 0)
(1.5 4.64608e-13 0)
(1.5 5.3628e-13 0)
(1.5 5.2547e-13 0)
(1.5 6.58251e-13 0)
(1.5 5.54557e-13 0)
(1.5 5.57218e-13 0)
(1.5 9.0561e-15 0)
(1.5 4.43051e-14 0)
(1.5 6.08528e-14 0)
(1.5 3.09073e-14 0)
(1.5 1.35082e-13 0)
(1.5 1.58099e-13 0)
(1.5 1.23047e-13 0)
(1.5 8.05907e-14 0)
(1.5 4.53638e-15 0)
(1.5 -4.88283e-14 0)
(1.5 -9.15108e-14 0)
(1.5 -1.25678e-13 0)
(1.5 2.11106e-14 0)
(1.5 6.92885e-14 0)
(1.5 1.53232e-13 0)
(1.5 1.18936e-13 0)
(1.5 5.71087e-14 0)
(1.5 6.71005e-14 0)
(1.5 3.27632e-15 0)
(1.5 4.57114e-15 0)
(1.5 -4.46923e-14 0)
(1.5 -2.61804e-14 0)
(1.5 -2.05092e-14 0)
(1.5 -1.17788e-13 0)
(1.5 -2.38964e-13 0)
(1.5 -2.91882e-13 0)
(1.5 -3.70344e-13 0)
(1.5 -3.332e-13 0)
(1.5 -3.63261e-13 0)
(1.5 -3.02908e-13 0)
(1.5 -2.91728e-13 0)
(1.5 -2.69085e-13 0)
(1.5 -2.10756e-13 0)
(1.5 -2.4758e-13 0)
(1.5 -2.95276e-13 0)
(1.5 -2.97181e-13 0)
(1.5 -2.48718e-13 0)
(1.5 -1.21189e-13 0)
(1.5 -1.86749e-13 0)
(1.5 -1.68945e-13 0)
(1.5 -1.46875e-13 0)
(1.5 -1.45144e-13 0)
(1.5 -8.76383e-14 0)
(1.5 -9.64024e-14 0)
(1.5 -9.01252e-14 0)
(1.5 -5.44436e-14 0)
(1.5 -3.85454e-14 0)
(1.5 -6.72648e-14 0)
(1.5 -5.08554e-14 0)
(1.5 -3.65087e-14 0)
(1.5 2.73271e-14 0)
(1.5 4.05781e-14 0)
(1.5 3.54956e-14 0)
(1.5 1.311e-14 0)
(1.5 -4.12683e-14 0)
(1.5 -5.1256e-14 0)
(1.5 -9.73344e-14 0)
(1.5 -2.41914e-14 0)
(1.5 -5.23095e-14 0)
(1.5 -5.85559e-15 0)
(1.5 -2.81059e-14 0)
(1.5 -1.96678e-13 0)
(1.5 -2.59478e-13 0)
(1.5 -1.51983e-13 0)
(1.5 -1.9126e-13 0)
(1.5 -1.14329e-13 0)
(1.5 2.12454e-15 0)
(1.5 4.41168e-14 0)
(1.5 7.66128e-14 0)
(1.5 7.39201e-14 0)
(1.5 3.45707e-14 0)
(1.5 7.84182e-14 0)
(1.5 1.24839e-13 0)
(1.5 1.05089e-13 0)
(1.5 -1.19648e-14 0)
(1.5 -6.89219e-14 0)
(1.5 -1.0044e-13 0)
(1.5 1.62743e-14 0)
(1.5 7.41112e-15 0)
(1.5 -1.3732e-14 0)
(1.5 -1.03052e-13 0)
(1.5 -1.49771e-13 0)
(1.5 -5.90329e-14 0)
(1.5 -8.61842e-14 0)
(1.5 -1.66275e-13 0)
(1.5 -2.41045e-13 0)
(1.5 -3.4809e-13 0)
(1.5 -3.23238e-13 0)
(1.5 -2.84908e-13 0)
(1.5 -2.58287e-13 0)
(1.5 -1.428e-13 0)
(1.5 -1.79619e-13 0)
(1.5 -2.54085e-13 0)
(1.5 -3.04844e-13 0)
(1.5 -3.64597e-13 0)
(1.5 -2.42987e-13 0)
(1.5 -1.58318e-13 0)
(1.5 -1.25085e-13 0)
(1.5 -1.76106e-13 0)
(1.5 -1.24045e-13 0)
(1.5 -4.28273e-15 0)
(1.5 -3.8104e-14 0)
(1.5 -7.7491e-14 0)
(1.5 -6.72579e-15 0)
(1.5 1.49039e-14 0)
(1.5 2.82343e-14 0)
(1.5 5.8692e-14 0)
(1.5 1.05678e-13 0)
(1.5 1.02679e-13 0)
(1.5 1.241e-13 0)
(1.5 2.14137e-13 0)
(1.5 2.25813e-13 0)
(1.5 2.60528e-13 0)
(1.5 2.0482e-13 0)
(1.5 1.5586e-13 0)
(1.5 1.68648e-13 0)
(1.5 2.25171e-13 0)
(1.5 1.9164e-13 0)
(1.5 1.35816e-13 0)
(1.5 1.06838e-13 0)
(1.5 1.78368e-13 0)
(1.5 1.06653e-13 0)
(1.5 -6.90057e-14 0)
(1.5 -5.07413e-14 0)
(1.5 -1.2943e-14 0)
(1.5 1.21389e-13 0)
(1.5 2.38006e-13 0)
(1.5 3.46389e-13 0)
(1.5 4.91658e-13 0)
(1.5 5.12547e-13 0)
(1.5 5.78438e-13 0)
(1.5 5.98858e-13 0)
(1.5 6.33166e-13 0)
(1.5 5.65724e-13 0)
(1.5 4.37327e-13 0)
(1.5 2.96819e-13 0)
(1.5 1.66118e-13 0)
(1.5 1.5465e-13 0)
(1.5 1.08355e-13 0)
(1.5 2.11037e-14 0)
(1.5 -1.4276e-14 0)
(1.5 -5.84136e-14 0)
(1.5 1.48226e-14 0)
(1.5 1.35404e-14 0)
(1.5 -3.1345e-14 0)
(1.5 5.03029e-14 0)
(1.5 5.94821e-14 0)
(1.5 2.73529e-13 0)
(1.5 3.91045e-13 0)
(1.5 5.70901e-13 0)
(1.5 6.52048e-13 0)
(1.5 6.09723e-13 0)
(1.5 7.40572e-13 0)
(1.5 8.92128e-13 0)
(1.5 8.76145e-13 0)
(1.5 8.62361e-13 0)
(1.5 6.83609e-13 0)
(1.5 5.00822e-13 0)
(1.5 4.41484e-13 0)
(1.5 2.84087e-13 0)
(1.5 2.55932e-13 0)
(1.5 1.81725e-13 0)
(1.5 1.53335e-13 0)
(1.5 2.59134e-14 0)
(1.5 -1.18561e-13 0)
(1.5 -1.10702e-13 0)
(1.5 6.39952e-14 0)
(1.5 1.96954e-14 0)
(1.5 -1.05285e-13 0)
(1.5 -1.38003e-13 0)
(1.5 -1.5617e-13 0)
(1.5 -7.64863e-14 0)
(1.5 -1.21869e-13 0)
(1.5 -8.86086e-14 0)
(1.5 -1.15558e-13 0)
(1.5 6.78874e-15 0)
(1.5 4.67552e-14 0)
(1.5 5.44575e-14 0)
(1.5 1.05515e-13 0)
(1.5 1.00833e-13 0)
(1.5 6.89886e-14 0)
(1.5 9.82381e-14 0)
(1.5 5.39166e-14 0)
(1.5 1.79464e-13 0)
(1.5 3.30033e-13 0)
(1.5 4.4387e-13 0)
(1.5 4.86953e-13 0)
(1.5 4.70847e-13 0)
(1.5 2.88152e-13 0)
(1.5 1.61959e-13 0)
(1.5 1.51321e-13 0)
(1.5 1.22466e-13 0)
(1.5 1.78243e-13 0)
(1.5 3.10613e-13 0)
(1.5 4.89408e-13 0)
(1.5 5.56249e-13 0)
(1.5 5.08149e-13 0)
(1.5 5.27519e-13 0)
(1.5 5.1702e-13 0)
(1.5 4.89475e-13 0)
(1.5 -2.20269e-14 0)
(1.5 -5.49276e-14 0)
(1.5 -4.6567e-14 0)
(1.5 6.13229e-14 0)
(1.5 9.89791e-14 0)
(1.5 7.1398e-14 0)
(1.5 2.67652e-14 0)
(1.5 2.8577e-14 0)
(1.5 -4.95296e-14 0)
(1.5 -9.03257e-14 0)
(1.5 -5.53669e-14 0)
(1.5 -3.24995e-14 0)
(1.5 9.53215e-14 0)
(1.5 1.54225e-13 0)
(1.5 1.5807e-13 0)
(1.5 5.1381e-14 0)
(1.5 5.44159e-14 0)
(1.5 4.77715e-14 0)
(1.5 3.90248e-14 0)
(1.5 4.34674e-14 0)
(1.5 -1.02337e-14 0)
(1.5 -3.29069e-14 0)
(1.5 -5.83146e-14 0)
(1.5 -1.46726e-13 0)
(1.5 -2.78027e-13 0)
(1.5 -2.44235e-13 0)
(1.5 -2.99367e-13 0)
(1.5 -3.56259e-13 0)
(1.5 -3.69394e-13 0)
(1.5 -3.35919e-13 0)
(1.5 -2.90581e-13 0)
(1.5 -2.59628e-13 0)
(1.5 -2.62875e-13 0)
(1.5 -2.56866e-13 0)
(1.5 -3.31257e-13 0)
(1.5 -2.53707e-13 0)
(1.5 -2.28705e-13 0)
(1.5 -2.20837e-13 0)
(1.5 -2.83007e-13 0)
(1.5 -2.71906e-13 0)
(1.5 -2.2903e-13 0)
(1.5 -1.71768e-13 0)
(1.5 -9.19005e-14 0)
(1.5 -5.72486e-14 0)
(1.5 3.41863e-14 0)
(1.5 5.27853e-14 0)
(1.5 3.8188e-14 0)
(1.5 1.72287e-14 0)
(1.5 -2.69286e-14 0)
(1.5 9.41103e-15 0)
(1.5 2.43501e-14 0)
(1.5 -1.062e-15 0)
(1.5 2.25599e-14 0)
(1.5 4.21502e-15 0)
(1.5 -7.43723e-14 0)
(1.5 -2.78617e-14 0)
(1.5 -2.93271e-14 0)
(1.5 -2.65307e-14 0)
(1.5 -6.60764e-14 0)
(1.5 -6.98529e-14 0)
(1.5 -3.61037e-14 0)
(1.5 -5.35632e-14 0)
(1.5 -1.00902e-13 0)
(1.5 -2.84071e-14 0)
(1.5 -5.02392e-14 0)
(1.5 -6.49511e-14 0)
(1.5 4.00105e-16 0)
(1.5 3.22306e-14 0)
(1.5 5.81768e-14 0)
(1.5 9.54447e-14 0)
(1.5 1.87438e-13 0)
(1.5 2.88854e-13 0)
(1.5 2.46661e-13 0)
(1.5 2.26264e-13 0)
(1.5 6.24051e-14 0)
(1.5 1.81055e-14 0)
(1.5 5.78419e-15 0)
(1.5 4.08639e-14 0)
(1.5 6.56376e-14 0)
(1.5 3.21987e-14 0)
(1.5 5.32336e-14 0)
(1.5 -6.39145e-16 0)
(1.5 3.90362e-14 0)
(1.5 -8.99724e-14 0)
(1.5 -2.62842e-13 0)
(1.5 -4.64867e-13 0)
(1.5 -5.33107e-13 0)
(1.5 -5.33221e-13 0)
(1.5 -4.62756e-13 0)
(1.5 -3.63944e-13 0)
(1.5 -2.52032e-13 0)
(1.5 -2.50752e-13 0)
(1.5 -3.0868e-13 0)
(1.5 -3.3116e-13 0)
(1.5 -3.96463e-13 0)
(1.5 -2.70988e-13 0)
(1.5 -2.40585e-13 0)
(1.5 -2.22623e-13 0)
(1.5 -2.1683e-13 0)
(1.5 -1.41668e-13 0)
(1.5 4.41999e-14 0)
(1.5 1.53711e-13 0)
(1.5 1.19361e-13 0)
(1.5 6.69539e-14 0)
(1.5 1.47696e-13 0)
(1.5 1.7545e-13 0)
(1.5 1.23305e-13 0)
(1.5 1.86152e-13 0)
(1.5 1.77478e-13 0)
(1.5 1.78627e-13 0)
(1.5 1.44831e-13 0)
(1.5 1.439e-13 0)
(1.5 2.71053e-13 0)
(1.5 2.04898e-13 0)
(1.5 2.21927e-13 0)
(1.5 2.62129e-13 0)
(1.5 2.48632e-13 0)
(1.5 1.30575e-13 0)
(1.5 2.43235e-15 0)
(1.5 -4.00083e-14 0)
(1.5 -1.13259e-14 0)
(1.5 -2.81376e-14 0)
(1.5 -1.26087e-13 0)
(1.5 -1.02303e-13 0)
(1.5 -2.24342e-16 0)
(1.5 1.10123e-13 0)
(1.5 2.04273e-13 0)
(1.5 3.87207e-13 0)
(1.5 5.44141e-13 0)
(1.5 5.06837e-13 0)
(1.5 4.50063e-13 0)
(1.5 4.62234e-13 0)
(1.5 5.26039e-13 0)
(1.5 4.6741e-13 0)
(1.5 3.39592e-13 0)
(1.5 3.10096e-13 0)
(1.5 2.57408e-13 0)
(1.5 2.41205e-13 0)
(1.5 9.2212e-14 0)
(1.5 -7.55486e-14 0)
(1.5 -1.26593e-13 0)
(1.5 -1.71726e-13 0)
(1.5 -1.1689e-13 0)
(1.5 -6.17328e-14 0)
(1.5 4.40664e-14 0)
(1.5 4.1262e-14 0)
(1.5 9.76805e-14 0)
(1.5 1.80022e-13 0)
(1.5 2.41763e-13 0)
(1.5 3.43321e-13 0)
(1.5 5.35993e-13 0)
(1.5 6.19836e-13 0)
(1.5 8.01762e-13 0)
(1.5 8.80293e-13 0)
(1.5 8.96763e-13 0)
(1.5 8.09356e-13 0)
(1.5 6.51133e-13 0)
(1.5 6.39794e-13 0)
(1.5 5.42639e-13 0)
(1.5 3.95309e-13 0)
(1.5 3.90542e-13 0)
(1.5 3.03438e-13 0)
(1.5 1.77659e-13 0)
(1.5 1.58062e-14 0)
(1.5 -1.3586e-13 0)
(1.5 -1.28595e-13 0)
(1.5 -1.57654e-15 0)
(1.5 -7.81351e-14 0)
(1.5 -7.0079e-14 0)
(1.5 -5.49935e-14 0)
(1.5 -7.66756e-14 0)
(1.5 -7.67932e-14 0)
(1.5 -1.2235e-13 0)
(1.5 -9.68762e-14 0)
(1.5 -7.49297e-14 0)
(1.5 3.03525e-14 0)
(1.5 -7.62899e-15 0)
(1.5 -9.50349e-14 0)
(1.5 -4.17748e-14 0)
(1.5 3.59241e-14 0)
(1.5 1.42242e-13 0)
(1.5 2.00425e-13 0)
(1.5 2.35943e-14 0)
(1.5 1.23934e-13 0)
(1.5 2.26374e-13 0)
(1.5 3.76987e-13 0)
(1.5 4.5013e-13 0)
(1.5 4.55198e-13 0)
(1.5 3.51522e-13 0)
(1.5 2.16342e-13 0)
(1.5 2.10113e-13 0)
(1.5 2.17407e-13 0)
(1.5 2.77813e-13 0)
(1.5 3.92073e-13 0)
(1.5 4.47761e-13 0)
(1.5 4.47554e-13 0)
(1.5 4.27568e-13 0)
(1.5 3.54074e-13 0)
(1.5 4.11388e-13 0)
(1.5 3.80664e-13 0)
(1.5 -2.31246e-14 0)
(1.5 -8.93672e-14 0)
(1.5 -4.508e-14 0)
(1.5 8.54655e-14 0)
(1.5 9.59126e-14 0)
(1.5 1.18785e-13 0)
(1.5 5.08984e-14 0)
(1.5 7.43238e-14 0)
(1.5 1.09027e-14 0)
(1.5 -8.50692e-14 0)
(1.5 -4.23961e-14 0)
(1.5 2.2454e-14 0)
(1.5 6.65214e-14 0)
(1.5 7.80439e-14 0)
(1.5 2.08474e-14 0)
(1.5 -2.45348e-15 0)
(1.5 2.88879e-14 0)
(1.5 -1.8565e-14 0)
(1.5 -2.98862e-14 0)
(1.5 3.36195e-14 0)
(1.5 1.53651e-14 0)
(1.5 -7.57294e-14 0)
(1.5 -1.31785e-13 0)
(1.5 -2.01281e-13 0)
(1.5 -2.17972e-13 0)
(1.5 -1.88037e-13 0)
(1.5 -2.16735e-13 0)
(1.5 -2.60898e-13 0)
(1.5 -3.0317e-13 0)
(1.5 -3.42151e-13 0)
(1.5 -3.45262e-13 0)
(1.5 -3.11756e-13 0)
(1.5 -3.72432e-13 0)
(1.5 -3.33832e-13 0)
(1.5 -3.68313e-13 0)
(1.5 -3.06288e-13 0)
(1.5 -2.77932e-13 0)
(1.5 -3.41979e-13 0)
(1.5 -3.49189e-13 0)
(1.5 -3.41451e-13 0)
(1.5 -2.68646e-13 0)
(1.5 -2.13187e-13 0)
(1.5 -1.81607e-13 0)
(1.5 -7.82313e-14 0)
(1.5 1.85981e-14 0)
(1.5 8.25907e-15 0)
(1.5 2.8762e-14 0)
(1.5 5.53067e-14 0)
(1.5 -6.1856e-14 0)
(1.5 -1.95183e-14 0)
(1.5 -1.88816e-14 0)
(1.5 -4.18169e-14 0)
(1.5 -2.74038e-14 0)
(1.5 -6.27448e-14 0)
(1.5 -1.26915e-13 0)
(1.5 -9.10109e-14 0)
(1.5 -3.34705e-14 0)
(1.5 -8.6244e-14 0)
(1.5 -5.90388e-14 0)
(1.5 -1.31232e-13 0)
(1.5 -1.08518e-13 0)
(1.5 2.04117e-14 0)
(1.5 6.02486e-14 0)
(1.5 6.00183e-14 0)
(1.5 8.28479e-14 0)
(1.5 8.42881e-14 0)
(1.5 6.99881e-14 0)
(1.5 5.03364e-14 0)
(1.5 2.91785e-14 0)
(1.5 7.16619e-14 0)
(1.5 1.57615e-13 0)
(1.5 1.69363e-13 0)
(1.5 1.86515e-13 0)
(1.5 1.46114e-13 0)
(1.5 6.70635e-14 0)
(1.5 3.1585e-14 0)
(1.5 -4.37708e-14 0)
(1.5 -8.1055e-14 0)
(1.5 -7.97906e-15 0)
(1.5 -4.87666e-14 0)
(1.5 -3.31243e-15 0)
(1.5 -4.89077e-14 0)
(1.5 -6.85548e-14 0)
(1.5 -2.0302e-13 0)
(1.5 -3.47744e-13 0)
(1.5 -5.04574e-13 0)
(1.5 -4.82898e-13 0)
(1.5 -5.24303e-13 0)
(1.5 -4.7168e-13 0)
(1.5 -4.31228e-13 0)
(1.5 -3.50093e-13 0)
(1.5 -3.2621e-13 0)
(1.5 -2.9415e-13 0)
(1.5 -2.40001e-13 0)
(1.5 -2.48802e-13 0)
(1.5 -1.54959e-13 0)
(1.5 -1.37797e-13 0)
(1.5 -1.91915e-13 0)
(1.5 -1.74929e-13 0)
(1.5 -9.92036e-14 0)
(1.5 7.06302e-14 0)
(1.5 2.44166e-13 0)
(1.5 2.7357e-13 0)
(1.5 2.18637e-13 0)
(1.5 1.83439e-13 0)
(1.5 1.55289e-13 0)
(1.5 2.01386e-13 0)
(1.5 3.21189e-13 0)
(1.5 3.17819e-13 0)
(1.5 1.73584e-13 0)
(1.5 9.39857e-14 0)
(1.5 1.51403e-13 0)
(1.5 2.2849e-13 0)
(1.5 1.98868e-13 0)
(1.5 1.87389e-13 0)
(1.5 2.21099e-13 0)
(1.5 1.77265e-13 0)
(1.5 1.08736e-13 0)
(1.5 -2.59497e-14 0)
(1.5 -1.55684e-13 0)
(1.5 -1.41039e-13 0)
(1.5 -2.49362e-15 0)
(1.5 2.01669e-15 0)
(1.5 1.90902e-14 0)
(1.5 3.27833e-14 0)
(1.5 6.52408e-14 0)
(1.5 1.898e-13 0)
(1.5 3.56288e-13 0)
(1.5 4.75372e-13 0)
(1.5 4.43635e-13 0)
(1.5 3.57592e-13 0)
(1.5 4.13333e-13 0)
(1.5 4.84824e-13 0)
(1.5 3.78546e-13 0)
(1.5 2.85002e-13 0)
(1.5 2.50664e-13 0)
(1.5 2.08981e-13 0)
(1.5 1.92106e-13 0)
(1.5 -9.60677e-15 0)
(1.5 -1.51754e-13 0)
(1.5 -1.7421e-13 0)
(1.5 -2.50446e-13 0)
(1.5 -2.03577e-13 0)
(1.5 -1.58451e-13 0)
(1.5 -9.11516e-14 0)
(1.5 -7.73424e-14 0)
(1.5 7.42998e-15 0)
(1.5 3.08221e-14 0)
(1.5 1.5119e-13 0)
(1.5 2.2895e-13 0)
(1.5 3.2527e-13 0)
(1.5 5.10098e-13 0)
(1.5 7.47895e-13 0)
(1.5 7.6026e-13 0)
(1.5 7.48377e-13 0)
(1.5 6.22014e-13 0)
(1.5 5.20722e-13 0)
(1.5 5.83178e-13 0)
(1.5 5.059e-13 0)
(1.5 3.15342e-13 0)
(1.5 2.43359e-13 0)
(1.5 2.21154e-13 0)
(1.5 1.03128e-13 0)
(1.5 6.92711e-15 0)
(1.5 -1.91947e-14 0)
(1.5 -1.1743e-13 0)
(1.5 -1.73489e-13 0)
(1.5 -2.16082e-13 0)
(1.5 -1.69541e-13 0)
(1.5 -1.2709e-13 0)
(1.5 -1.55315e-13 0)
(1.5 -1.8226e-13 0)
(1.5 -1.22667e-13 0)
(1.5 -1.15647e-13 0)
(1.5 -1.19741e-13 0)
(1.5 -1.41444e-13 0)
(1.5 -1.07081e-13 0)
(1.5 -1.87006e-13 0)
(1.5 -1.74917e-13 0)
(1.5 -1.59403e-13 0)
(1.5 1.05187e-14 0)
(1.5 8.87525e-14 0)
(1.5 -4.62295e-14 0)
(1.5 -4.98428e-14 0)
(1.5 -2.73371e-14 0)
(1.5 5.18589e-14 0)
(1.5 1.59183e-13 0)
(1.5 2.30833e-13 0)
(1.5 2.36273e-13 0)
(1.5 2.12977e-13 0)
(1.5 2.69587e-13 0)
(1.5 3.5407e-13 0)
(1.5 5.18236e-13 0)
(1.5 5.07195e-13 0)
(1.5 3.89372e-13 0)
(1.5 2.53522e-13 0)
(1.5 2.08491e-13 0)
(1.5 1.85217e-13 0)
(1.5 2.27079e-13 0)
(1.5 1.74784e-13 0)
(1.5 -5.31283e-14 0)
(1.5 -1.61414e-13 0)
(1.5 -1.6274e-13 0)
(1.5 -3.70407e-14 0)
(1.5 -7.92098e-15 0)
(1.5 -1.08788e-14 0)
(1.5 4.3256e-15 0)
(1.5 4.26601e-14 0)
(1.5 8.91993e-14 0)
(1.5 -4.33599e-14 0)
(1.5 -5.70925e-14 0)
(1.5 1.47064e-14 0)
(1.5 3.63166e-14 0)
(1.5 1.96351e-14 0)
(1.5 -1.46511e-14 0)
(1.5 -1.42927e-14 0)
(1.5 -4.41864e-14 0)
(1.5 -6.27484e-14 0)
(1.5 -1.03876e-13 0)
(1.5 -9.58499e-14 0)
(1.5 -1.32767e-13 0)
(1.5 -1.85814e-13 0)
(1.5 -2.46267e-13 0)
(1.5 -2.35353e-13 0)
(1.5 -1.36925e-13 0)
(1.5 -2.17606e-13 0)
(1.5 -2.53523e-13 0)
(1.5 -2.68102e-13 0)
(1.5 -2.48288e-13 0)
(1.5 -3.35204e-13 0)
(1.5 -3.8734e-13 0)
(1.5 -3.69136e-13 0)
(1.5 -3.43888e-13 0)
(1.5 -3.89335e-13 0)
(1.5 -4.23848e-13 0)
(1.5 -3.57454e-13 0)
(1.5 -3.36831e-13 0)
(1.5 -3.56214e-13 0)
(1.5 -3.26637e-13 0)
(1.5 -3.57375e-13 0)
(1.5 -3.37276e-13 0)
(1.5 -2.7042e-13 0)
(1.5 -2.35297e-13 0)
(1.5 -1.2909e-13 0)
(1.5 -7.47035e-14 0)
(1.5 -8.0987e-14 0)
(1.5 -6.77845e-14 0)
(1.5 -3.66207e-14 0)
(1.5 -6.59243e-14 0)
(1.5 -5.05517e-14 0)
(1.5 -5.85954e-14 0)
(1.5 -5.93257e-14 0)
(1.5 -1.07189e-13 0)
(1.5 -1.09311e-13 0)
(1.5 -1.3521e-13 0)
(1.5 -1.80784e-13 0)
(1.5 -1.2403e-13 0)
(1.5 -1.01391e-13 0)
(1.5 -3.6102e-14 0)
(1.5 -1.06913e-13 0)
(1.5 -1.31744e-13 0)
(1.5 -3.11135e-14 0)
(1.5 6.30334e-14 0)
(1.5 5.22696e-14 0)
(1.5 1.77174e-13 0)
(1.5 1.82352e-13 0)
(1.5 9.60851e-14 0)
(1.5 4.81374e-14 0)
(1.5 2.86853e-15 0)
(1.5 5.9086e-14 0)
(1.5 4.81836e-14 0)
(1.5 2.61666e-14 0)
(1.5 5.19689e-14 0)
(1.5 1.92655e-14 0)
(1.5 1.4161e-14 0)
(1.5 4.41222e-16 0)
(1.5 -9.65928e-14 0)
(1.5 -1.60337e-13 0)
(1.5 -1.31553e-13 0)
(1.5 -1.73635e-13 0)
(1.5 -1.41706e-13 0)
(1.5 -1.81467e-13 0)
(1.5 -3.23235e-13 0)
(1.5 -3.9276e-13 0)
(1.5 -4.27129e-13 0)
(1.5 -4.76514e-13 0)
(1.5 -4.49129e-13 0)
(1.5 -5.30589e-13 0)
(1.5 -4.49179e-13 0)
(1.5 -3.56012e-13 0)
(1.5 -3.13632e-13 0)
(1.5 -3.35294e-13 0)
(1.5 -2.65601e-13 0)
(1.5 -1.98328e-13 0)
(1.5 -1.55306e-13 0)
(1.5 -9.192e-14 0)
(1.5 -4.5709e-14 0)
(1.5 -8.16918e-14 0)
(1.5 -1.20734e-13 0)
(1.5 -2.43978e-14 0)
(1.5 1.59979e-14 0)
(1.5 1.93818e-13 0)
(1.5 3.15941e-13 0)
(1.5 3.92831e-13 0)
(1.5 2.69681e-13 0)
(1.5 2.04249e-13 0)
(1.5 2.97345e-13 0)
(1.5 3.84006e-13 0)
(1.5 3.55697e-13 0)
(1.5 2.3401e-13 0)
(1.5 2.44875e-13 0)
(1.5 3.22081e-13 0)
(1.5 3.20374e-13 0)
(1.5 3.21154e-13 0)
(1.5 2.50183e-13 0)
(1.5 2.26853e-13 0)
(1.5 1.24707e-13 0)
(1.5 9.76814e-14 0)
(1.5 -7.42038e-15 0)
(1.5 -1.33864e-13 0)
(1.5 -1.42186e-13 0)
(1.5 2.24608e-14 0)
(1.5 8.34623e-14 0)
(1.5 8.52476e-14 0)
(1.5 1.99636e-14 0)
(1.5 9.49002e-15 0)
(1.5 1.98486e-13 0)
(1.5 2.84393e-13 0)
(1.5 2.9957e-13 0)
(1.5 3.05442e-13 0)
(1.5 3.37209e-13 0)
(1.5 3.82449e-13 0)
(1.5 4.60142e-13 0)
(1.5 3.6364e-13 0)
(1.5 2.46786e-13 0)
(1.5 1.50632e-13 0)
(1.5 4.35897e-14 0)
(1.5 -2.94518e-14 0)
(1.5 -1.16966e-13 0)
(1.5 -1.67561e-13 0)
(1.5 -2.40453e-13 0)
(1.5 -2.49704e-13 0)
(1.5 -2.53588e-13 0)
(1.5 -2.45996e-13 0)
(1.5 -2.44726e-13 0)
(1.5 -1.31058e-13 0)
(1.5 -3.46246e-14 0)
(1.5 7.92236e-15 0)
(1.5 1.64462e-13 0)
(1.5 2.32813e-13 0)
(1.5 2.72735e-13 0)
(1.5 4.4068e-13 0)
(1.5 5.94328e-13 0)
(1.5 6.19478e-13 0)
(1.5 5.85223e-13 0)
(1.5 5.39718e-13 0)
(1.5 5.16773e-13 0)
(1.5 4.59927e-13 0)
(1.5 3.9726e-13 0)
(1.5 2.43287e-13 0)
(1.5 1.0235e-13 0)
(1.5 1.2877e-13 0)
(1.5 3.25467e-15 0)
(1.5 8.17241e-15 0)
(1.5 9.15838e-15 0)
(1.5 -9.17273e-14 0)
(1.5 -1.54943e-13 0)
(1.5 -1.34048e-13 0)
(1.5 -1.71014e-13 0)
(1.5 -1.87577e-13 0)
(1.5 -1.78245e-13 0)
(1.5 -2.17193e-13 0)
(1.5 -1.88878e-13 0)
(1.5 -1.60234e-13 0)
(1.5 -1.2109e-13 0)
(1.5 -2.11802e-13 0)
(1.5 -1.72038e-13 0)
(1.5 -1.86421e-13 0)
(1.5 -2.5231e-13 0)
(1.5 -2.84253e-13 0)
(1.5 -1.80171e-13 0)
(1.5 -1.3186e-13 0)
(1.5 -1.42137e-13 0)
(1.5 -1.70126e-13 0)
(1.5 -2.40423e-13 0)
(1.5 -2.11476e-13 0)
(1.5 -3.95532e-14 0)
(1.5 4.24053e-14 0)
(1.5 1.24404e-13 0)
(1.5 2.19851e-13 0)
(1.5 3.22052e-13 0)
(1.5 4.64179e-13 0)
(1.5 5.65175e-13 0)
(1.5 5.32971e-13 0)
(1.5 3.78568e-13 0)
(1.5 2.88701e-13 0)
(1.5 2.06562e-13 0)
(1.5 1.3151e-13 0)
(1.5 5.43585e-14 0)
(1.5 -1.23992e-15 0)
(1.5 -1.09711e-13 0)
(1.5 -2.03439e-13 0)
(1.5 -1.97657e-13 0)
(1.5 -5.4124e-14 0)
(1.5 -8.54062e-14 0)
(1.5 -1.25848e-13 0)
(1.5 -4.30034e-14 0)
(1.5 3.66861e-14 0)
(1.5 1.87473e-13 0)
(1.5 1.6573e-13 0)
(1.5 9.37216e-14 0)
(1.5 1.08036e-13 0)
(1.5 8.76337e-14 0)
(1.5 8.30839e-14 0)
(1.5 5.77515e-14 0)
(1.5 2.97885e-14 0)
(1.5 -7.8211e-14 0)
(1.5 -1.0337e-13 0)
(1.5 -9.42696e-14 0)
(1.5 -1.64344e-13 0)
(1.5 -1.9299e-13 0)
(1.5 -2.65579e-13 0)
(1.5 -2.78557e-13 0)
(1.5 -2.75495e-13 0)
(1.5 -2.12464e-13 0)
(1.5 -2.7911e-13 0)
(1.5 -3.14727e-13 0)
(1.5 -3.13299e-13 0)
(1.5 -2.64659e-13 0)
(1.5 -3.8944e-13 0)
(1.5 -3.92955e-13 0)
(1.5 -3.41806e-13 0)
(1.5 -2.48007e-13 0)
(1.5 -3.09086e-13 0)
(1.5 -3.29776e-13 0)
(1.5 -2.91969e-13 0)
(1.5 -2.78304e-13 0)
(1.5 -2.56109e-13 0)
(1.5 -1.92064e-13 0)
(1.5 -2.2731e-13 0)
(1.5 -2.46569e-13 0)
(1.5 -2.04735e-13 0)
(1.5 -1.32088e-13 0)
(1.5 -7.82635e-14 0)
(1.5 -5.87147e-14 0)
(1.5 -8.45785e-14 0)
(1.5 -9.38401e-14 0)
(1.5 -9.05607e-14 0)
(1.5 -4.71193e-14 0)
(1.5 -9.85003e-15 0)
(1.5 -1.75272e-14 0)
(1.5 -7.14523e-14 0)
(1.5 -1.46515e-13 0)
(1.5 -1.37404e-13 0)
(1.5 -1.09362e-13 0)
(1.5 -1.53851e-13 0)
(1.5 -1.47517e-13 0)
(1.5 -1.45111e-13 0)
(1.5 -5.06134e-14 0)
(1.5 -6.77805e-14 0)
(1.5 -1.17188e-13 0)
(1.5 -7.53366e-14 0)
(1.5 1.28936e-14 0)
(1.5 4.88e-14 0)
(1.5 1.64949e-13 0)
(1.5 2.3481e-13 0)
(1.5 1.33808e-13 0)
(1.5 4.55518e-14 0)
(1.5 -4.35091e-16 0)
(1.5 5.73456e-14 0)
(1.5 2.4388e-14 0)
(1.5 -4.80753e-14 0)
(1.5 -7.15102e-14 0)
(1.5 -9.78926e-14 0)
(1.5 -8.68074e-14 0)
(1.5 -1.02658e-13 0)
(1.5 -8.83514e-14 0)
(1.5 -1.01901e-13 0)
(1.5 -1.56356e-13 0)
(1.5 -2.27392e-13 0)
(1.5 -2.80301e-13 0)
(1.5 -3.51065e-13 0)
(1.5 -4.76562e-13 0)
(1.5 -4.63362e-13 0)
(1.5 -4.6291e-13 0)
(1.5 -4.89986e-13 0)
(1.5 -5.32183e-13 0)
(1.5 -5.27575e-13 0)
(1.5 -4.0821e-13 0)
(1.5 -2.03238e-13 0)
(1.5 -2.11399e-13 0)
(1.5 -2.58572e-13 0)
(1.5 -2.21121e-13 0)
(1.5 -2.27631e-13 0)
(1.5 -1.52891e-13 0)
(1.5 -1.74789e-13 0)
(1.5 -1.22924e-13 0)
(1.5 -1.07734e-13 0)
(1.5 -1.45574e-13 0)
(1.5 -5.67286e-14 0)
(1.5 -1.20115e-13 0)
(1.5 -5.83116e-14 0)
(1.5 1.24947e-13 0)
(1.5 3.03133e-13 0)
(1.5 3.44003e-13 0)
(1.5 3.29615e-13 0)
(1.5 3.81489e-13 0)
(1.5 3.3005e-13 0)
(1.5 2.82077e-13 0)
(1.5 3.31721e-13 0)
(1.5 3.89289e-13 0)
(1.5 5.07057e-13 0)
(1.5 4.74499e-13 0)
(1.5 3.90206e-13 0)
(1.5 3.40831e-13 0)
(1.5 2.14567e-13 0)
(1.5 4.27798e-14 0)
(1.5 -1.90527e-14 0)
(1.5 -1.04588e-13 0)
(1.5 -6.52681e-14 0)
(1.5 -9.58218e-14 0)
(1.5 1.30411e-15 0)
(1.5 4.53629e-14 0)
(1.5 2.39682e-14 0)
(1.5 -4.00091e-14 0)
(1.5 -6.36942e-14 0)
(1.5 6.94408e-14 0)
(1.5 8.23946e-14 0)
(1.5 6.18999e-14 0)
(1.5 8.33751e-14 0)
(1.5 1.90196e-13 0)
(1.5 2.2863e-13 0)
(1.5 2.4333e-13 0)
(1.5 1.76228e-13 0)
(1.5 1.87223e-13 0)
(1.5 1.28976e-13 0)
(1.5 -2.02694e-15 0)
(1.5 -7.02922e-14 0)
(1.5 -1.44288e-13 0)
(1.5 -1.2246e-13 0)
(1.5 -1.59906e-13 0)
(1.5 -8.11106e-14 0)
(1.5 -1.17063e-13 0)
(1.5 -1.29645e-13 0)
(1.5 -1.18691e-13 0)
(1.5 -9.10335e-15 0)
(1.5 5.78999e-14 0)
(1.5 1.07339e-13 0)
(1.5 1.4391e-13 0)
(1.5 2.07044e-13 0)
(1.5 2.88453e-13 0)
(1.5 3.28892e-13 0)
(1.5 4.17649e-13 0)
(1.5 4.73587e-13 0)
(1.5 4.17225e-13 0)
(1.5 3.87274e-13 0)
(1.5 4.24426e-13 0)
(1.5 3.8307e-13 0)
(1.5 3.5935e-13 0)
(1.5 3.37454e-13 0)
(1.5 2.03814e-13 0)
(1.5 1.09787e-13 0)
(1.5 -1.54283e-14 0)
(1.5 -3.28942e-14 0)
(1.5 -9.15325e-14 0)
(1.5 -4.23267e-14 0)
(1.5 -3.31533e-14 0)
(1.5 5.57905e-15 0)
(1.5 -1.10345e-13 0)
(1.5 -2.49329e-13 0)
(1.5 -3.2177e-13 0)
(1.5 -3.99979e-13 0)
(1.5 -4.3965e-13 0)
(1.5 -4.42056e-13 0)
(1.5 -2.93464e-13 0)
(1.5 -3.04624e-13 0)
(1.5 -3.16002e-13 0)
(1.5 -3.36237e-13 0)
(1.5 -3.39564e-13 0)
(1.5 -3.15677e-13 0)
(1.5 -2.70858e-13 0)
(1.5 -2.9393e-13 0)
(1.5 -2.35174e-13 0)
(1.5 -2.37859e-13 0)
(1.5 -3.21297e-13 0)
(1.5 -3.36095e-13 0)
(1.5 -2.43763e-13 0)
(1.5 -2.00363e-13 0)
(1.5 -1.03373e-13 0)
(1.5 7.63267e-14 0)
(1.5 2.35662e-13 0)
(1.5 3.8482e-13 0)
(1.5 3.93697e-13 0)
(1.5 4.27529e-13 0)
(1.5 3.68741e-13 0)
(1.5 3.80083e-13 0)
(1.5 3.25075e-13 0)
(1.5 1.16026e-13 0)
(1.5 -9.37291e-14 0)
(1.5 -1.74963e-13 0)
(1.5 -6.72775e-14 0)
(1.5 -1.12114e-13 0)
(1.5 -1.04126e-13 0)
(1.5 -6.40256e-14 0)
(1.5 -1.21001e-13 0)
(1.5 -1.2364e-13 0)
(1.5 3.28039e-14 0)
(1.5 1.59566e-13 0)
(1.5 2.90976e-13 0)
(1.5 3.54941e-13 0)
(1.5 3.36532e-13 0)
(1.5 3.079e-13 0)
(1.5 2.16209e-13 0)
(1.5 1.6836e-13 0)
(1.5 1.25805e-13 0)
(1.5 9.27589e-14 0)
(1.5 6.49716e-14 0)
(1.5 -6.96794e-14 0)
(1.5 -1.63716e-13 0)
(1.5 -2.4179e-13 0)
(1.5 -2.30513e-13 0)
(1.5 -2.90507e-13 0)
(1.5 -3.60004e-13 0)
(1.5 -3.77791e-13 0)
(1.5 -3.48679e-13 0)
(1.5 -3.15827e-13 0)
(1.5 -2.74607e-13 0)
(1.5 -3.06628e-13 0)
(1.5 -3.50414e-13 0)
(1.5 -4.06327e-13 0)
(1.5 -3.92201e-13 0)
(1.5 -3.8199e-13 0)
(1.5 -3.55878e-13 0)
(1.5 -3.35528e-13 0)
(1.5 -2.78828e-13 0)
(1.5 -2.83702e-13 0)
(1.5 -2.19817e-13 0)
(1.5 -1.79054e-13 0)
(1.5 -1.20964e-13 0)
(1.5 -1.139e-13 0)
(1.5 -9.96227e-14 0)
(1.5 -1.22571e-13 0)
(1.5 -9.01595e-14 0)
(1.5 -1.08061e-13 0)
(1.5 -1.28281e-13 0)
(1.5 -1.10589e-13 0)
(1.5 -6.41265e-14 0)
(1.5 -4.38654e-14 0)
(1.5 -1.13594e-14 0)
(1.5 -1.33688e-14 0)
(1.5 -4.69381e-14 0)
(1.5 -8.34947e-14 0)
(1.5 -1.35734e-13 0)
(1.5 -1.24398e-13 0)
(1.5 -7.20644e-14 0)
(1.5 -8.49741e-14 0)
(1.5 -1.57593e-13 0)
(1.5 -2.11199e-13 0)
(1.5 -2.1341e-13 0)
(1.5 -1.73379e-13 0)
(1.5 -2.03748e-13 0)
(1.5 -1.73773e-13 0)
(1.5 -4.50253e-14 0)
(1.5 2.54565e-14 0)
(1.5 4.1163e-14 0)
(1.5 1.05342e-13 0)
(1.5 1.05849e-13 0)
(1.5 1.05061e-13 0)
(1.5 -5.0627e-15 0)
(1.5 2.23947e-14 0)
(1.5 6.89836e-14 0)
(1.5 3.51675e-15 0)
(1.5 -8.75806e-14 0)
(1.5 -1.02203e-13 0)
(1.5 -3.80594e-14 0)
(1.5 -8.44093e-15 0)
(1.5 1.87244e-14 0)
(1.5 5.61834e-15 0)
(1.5 -8.40048e-14 0)
(1.5 -1.29829e-13 0)
(1.5 -2.20344e-13 0)
(1.5 -3.68004e-13 0)
(1.5 -4.60949e-13 0)
(1.5 -4.57293e-13 0)
(1.5 -4.69294e-13 0)
(1.5 -4.78528e-13 0)
(1.5 -5.48709e-13 0)
(1.5 -5.21386e-13 0)
(1.5 -4.38859e-13 0)
(1.5 -3.1987e-13 0)
(1.5 -3.23286e-13 0)
(1.5 -3.44583e-13 0)
(1.5 -3.67401e-13 0)
(1.5 -3.24515e-13 0)
(1.5 -2.01162e-13 0)
(1.5 -2.41972e-13 0)
(1.5 -1.93282e-13 0)
(1.5 -2.02347e-13 0)
(1.5 -1.11733e-13 0)
(1.5 -9.46628e-14 0)
(1.5 -1.80357e-13 0)
(1.5 -2.5783e-13 0)
(1.5 -1.30991e-13 0)
(1.5 9.30799e-15 0)
(1.5 1.76684e-13 0)
(1.5 3.23449e-13 0)
(1.5 4.08665e-13 0)
(1.5 3.03068e-13 0)
(1.5 2.70895e-13 0)
(1.5 3.51847e-13 0)
(1.5 4.04041e-13 0)
(1.5 5.13971e-13 0)
(1.5 3.74434e-13 0)
(1.5 2.87133e-13 0)
(1.5 1.95602e-13 0)
(1.5 6.51324e-14 0)
(1.5 2.24272e-15 0)
(1.5 -9.42737e-14 0)
(1.5 -1.84929e-13 0)
(1.5 -8.37199e-14 0)
(1.5 -4.30758e-14 0)
(1.5 -3.08509e-14 0)
(1.5 2.19783e-14 0)
(1.5 3.44874e-14 0)
(1.5 -5.21681e-14 0)
(1.5 -7.39429e-14 0)
(1.5 -7.98688e-14 0)
(1.5 -1.186e-13 0)
(1.5 -1.57833e-13 0)
(1.5 -1.3858e-13 0)
(1.5 -1.55448e-14 0)
(1.5 3.61306e-14 0)
(1.5 -4.61976e-14 0)
(1.5 4.54327e-14 0)
(1.5 1.30566e-13 0)
(1.5 1.2868e-13 0)
(1.5 4.16941e-14 0)
(1.5 -9.93829e-14 0)
(1.5 -2.15418e-13 0)
(1.5 -1.65781e-13 0)
(1.5 -1.24115e-13 0)
(1.5 -4.16483e-14 0)
(1.5 1.81754e-15 0)
(1.5 1.57004e-14 0)
(1.5 7.87185e-14 0)
(1.5 1.14932e-13 0)
(1.5 1.29888e-13 0)
(1.5 1.80185e-13 0)
(1.5 1.35599e-13 0)
(1.5 1.82683e-13 0)
(1.5 2.33193e-13 0)
(1.5 2.27011e-13 0)
(1.5 2.35378e-13 0)
(1.5 3.24333e-13 0)
(1.5 3.37199e-13 0)
(1.5 2.69523e-13 0)
(1.5 2.53063e-13 0)
(1.5 3.48181e-13 0)
(1.5 3.16429e-13 0)
(1.5 3.83247e-13 0)
(1.5 3.65606e-13 0)
(1.5 2.00376e-13 0)
(1.5 1.12863e-13 0)
(1.5 3.41496e-14 0)
(1.5 -1.67374e-15 0)
(1.5 6.9218e-14 0)
(1.5 1.05627e-13 0)
(1.5 1.04048e-13 0)
(1.5 -7.05345e-14 0)
(1.5 -3.33266e-13 0)
(1.5 -4.62766e-13 0)
(1.5 -4.56877e-13 0)
(1.5 -4.42428e-13 0)
(1.5 -3.63302e-13 0)
(1.5 -2.6622e-13 0)
(1.5 -2.23521e-13 0)
(1.5 -2.20077e-13 0)
(1.5 -3.11346e-13 0)
(1.5 -2.57651e-13 0)
(1.5 -1.95604e-13 0)
(1.5 -1.79685e-13 0)
(1.5 -2.27016e-13 0)
(1.5 -2.68109e-13 0)
(1.5 -2.97909e-13 0)
(1.5 -2.81741e-13 0)
(1.5 -2.40888e-13 0)
(1.5 -2.44171e-13 0)
(1.5 -2.59874e-13 0)
(1.5 -1.68773e-13 0)
(1.5 -7.10534e-15 0)
(1.5 1.21787e-13 0)
(1.5 2.47504e-13 0)
(1.5 3.2017e-13 0)
(1.5 4.32654e-13 0)
(1.5 4.99956e-13 0)
(1.5 4.89368e-13 0)
(1.5 4.26313e-13 0)
(1.5 2.60659e-13 0)
(1.5 2.85992e-14 0)
(1.5 -1.34065e-13 0)
(1.5 -4.90476e-14 0)
(1.5 -1.24632e-13 0)
(1.5 -2.11206e-13 0)
(1.5 -2.86073e-13 0)
(1.5 -2.88637e-13 0)
(1.5 -2.23366e-13 0)
(1.5 6.2693e-14 0)
(1.5 1.86666e-13 0)
(1.5 2.61281e-13 0)
(1.5 2.8907e-13 0)
(1.5 3.39376e-13 0)
(1.5 3.47871e-13 0)
(1.5 3.04949e-13 0)
(1.5 2.68743e-13 0)
(1.5 2.04914e-13 0)
(1.5 1.33849e-13 0)
(1.5 9.5993e-14 0)
(1.5 -5.11896e-14 0)
(1.5 -2.04132e-13 0)
(1.5 -2.6447e-13 0)
(1.5 -3.21748e-13 0)
(1.5 -3.48048e-13 0)
(1.5 -5.05037e-13 0)
(1.5 -5.01535e-13 0)
(1.5 -3.96325e-13 0)
(1.5 -3.23315e-13 0)
(1.5 -2.38441e-13 0)
(1.5 -3.3279e-13 0)
(1.5 -3.8701e-13 0)
(1.5 -3.32196e-13 0)
(1.5 -3.70916e-13 0)
(1.5 -4.10502e-13 0)
(1.5 -4.52035e-13 0)
(1.5 -3.6697e-13 0)
(1.5 -2.68388e-13 0)
(1.5 -2.13666e-13 0)
(1.5 -1.13566e-13 0)
(1.5 -6.25732e-14 0)
(1.5 -2.57697e-14 0)
(1.5 -3.62718e-14 0)
(1.5 1.86621e-14 0)
(1.5 -9.42577e-15 0)
(1.5 -1.85355e-14 0)
(1.5 -1.10991e-13 0)
(1.5 -1.67827e-13 0)
(1.5 -1.23743e-13 0)
(1.5 -3.36214e-14 0)
(1.5 2.14128e-14 0)
(1.5 3.69894e-14 0)
(1.5 -1.16099e-14 0)
(1.5 -8.3426e-14 0)
(1.5 -8.04972e-14 0)
(1.5 -1.03718e-13 0)
(1.5 -6.42552e-14 0)
(1.5 -5.27075e-14 0)
(1.5 -5.70328e-14 0)
(1.5 -1.44849e-13 0)
(1.5 -1.74893e-13 0)
(1.5 -2.62037e-13 0)
(1.5 -2.30188e-13 0)
(1.5 -1.97755e-13 0)
(1.5 -1.92623e-13 0)
(1.5 -2.40205e-14 0)
(1.5 7.04858e-15 0)
(1.5 2.2473e-14 0)
(1.5 5.3694e-14 0)
(1.5 7.18091e-14 0)
(1.5 1.0263e-13 0)
(1.5 3.27086e-14 0)
(1.5 -1.20686e-14 0)
(1.5 5.11607e-14 0)
(1.5 8.02127e-14 0)
(1.5 -8.62521e-14 0)
(1.5 -8.02937e-14 0)
(1.5 4.57257e-14 0)
(1.5 9.61137e-14 0)
(1.5 1.25912e-13 0)
(1.5 6.34471e-14 0)
(1.5 1.01306e-14 0)
(1.5 -6.2027e-14 0)
(1.5 -1.88538e-13 0)
(1.5 -2.73963e-13 0)
(1.5 -4.17547e-13 0)
(1.5 -4.97607e-13 0)
(1.5 -4.88868e-13 0)
(1.5 -4.39286e-13 0)
(1.5 -4.83247e-13 0)
(1.5 -4.87014e-13 0)
(1.5 -4.47943e-13 0)
(1.5 -4.51876e-13 0)
(1.5 -5.06369e-13 0)
(1.5 -4.70051e-13 0)
(1.5 -4.54786e-13 0)
(1.5 -3.58371e-13 0)
(1.5 -2.55361e-13 0)
(1.5 -2.03745e-13 0)
(1.5 -2.23733e-13 0)
(1.5 -2.05058e-13 0)
(1.5 -5.73471e-14 0)
(1.5 -2.3459e-14 0)
(1.5 -1.14378e-13 0)
(1.5 -1.70326e-13 0)
(1.5 -1.94913e-13 0)
(1.5 -8.53912e-14 0)
(1.5 1.52796e-13 0)
(1.5 3.95261e-13 0)
(1.5 4.77247e-13 0)
(1.5 3.28844e-13 0)
(1.5 2.74399e-13 0)
(1.5 3.33282e-13 0)
(1.5 4.08609e-13 0)
(1.5 4.51469e-13 0)
(1.5 2.50978e-13 0)
(1.5 1.65874e-13 0)
(1.5 1.09761e-13 0)
(1.5 3.507e-14 0)
(1.5 -2.10119e-14 0)
(1.5 -7.94846e-14 0)
(1.5 -1.03899e-13 0)
(1.5 -4.4167e-14 0)
(1.5 6.86823e-15 0)
(1.5 -6.04032e-14 0)
(1.5 -3.25573e-14 0)
(1.5 9.21859e-14 0)
(1.5 1.05115e-13 0)
(1.5 1.60535e-13 0)
(1.5 1.02483e-13 0)
(1.5 2.49155e-15 0)
(1.5 -1.18212e-13 0)
(1.5 -1.59582e-13 0)
(1.5 -1.70353e-13 0)
(1.5 -2.21392e-13 0)
(1.5 -1.77018e-13 0)
(1.5 3.7335e-14 0)
(1.5 1.01409e-13 0)
(1.5 1.11877e-13 0)
(1.5 9.80245e-14 0)
(1.5 -1.71752e-14 0)
(1.5 -1.01658e-13 0)
(1.5 -1.16149e-13 0)
(1.5 -1.69639e-13 0)
(1.5 -1.57386e-13 0)
(1.5 -6.95834e-14 0)
(1.5 2.28234e-15 0)
(1.5 1.2816e-13 0)
(1.5 1.40457e-13 0)
(1.5 1.07372e-13 0)
(1.5 2.02624e-13 0)
(1.5 1.93053e-13 0)
(1.5 2.02461e-13 0)
(1.5 1.5704e-13 0)
(1.5 1.25473e-13 0)
(1.5 8.17355e-14 0)
(1.5 9.40805e-14 0)
(1.5 1.96616e-13 0)
(1.5 1.68313e-13 0)
(1.5 1.8152e-13 0)
(1.5 2.58243e-13 0)
(1.5 1.97141e-13 0)
(1.5 2.80159e-13 0)
(1.5 2.99434e-13 0)
(1.5 2.21724e-13 0)
(1.5 9.91867e-14 0)
(1.5 5.56791e-14 0)
(1.5 8.75843e-14 0)
(1.5 9.51382e-14 0)
(1.5 5.64098e-14 0)
(1.5 -1.66913e-14 0)
(1.5 -9.27884e-14 0)
(1.5 -2.20474e-13 0)
(1.5 -3.33555e-13 0)
(1.5 -3.64516e-13 0)
(1.5 -3.80887e-13 0)
(1.5 -3.70036e-13 0)
(1.5 -3.28295e-13 0)
(1.5 -2.17401e-13 0)
(1.5 -1.2773e-13 0)
(1.5 -1.65193e-13 0)
(1.5 -1.96199e-13 0)
(1.5 -1.62541e-13 0)
(1.5 -2.32741e-13 0)
(1.5 -2.42102e-13 0)
(1.5 -3.03693e-13 0)
(1.5 -3.48719e-13 0)
(1.5 -2.92806e-13 0)
(1.5 -2.42428e-13 0)
(1.5 -2.24593e-13 0)
(1.5 -2.12227e-13 0)
(1.5 -1.75249e-13 0)
(1.5 -9.41863e-14 0)
(1.5 -3.72285e-14 0)
(1.5 1.38922e-13 0)
(1.5 3.22509e-13 0)
(1.5 4.08582e-13 0)
(1.5 4.97902e-13 0)
(1.5 4.72167e-13 0)
(1.5 3.47315e-13 0)
(1.5 2.26842e-13 0)
(1.5 3.25972e-14 0)
(1.5 -1.14945e-13 0)
(1.5 -6.32788e-14 0)
(1.5 -4.9396e-14 0)
(1.5 -1.40725e-13 0)
(1.5 -2.70397e-13 0)
(1.5 -2.69697e-13 0)
(1.5 -2.05029e-13 0)
(1.5 -3.64017e-14 0)
(1.5 5.00906e-14 0)
(1.5 1.62627e-13 0)
(1.5 2.10425e-13 0)
(1.5 2.14415e-13 0)
(1.5 2.27528e-13 0)
(1.5 2.54103e-13 0)
(1.5 2.11368e-13 0)
(1.5 1.34412e-13 0)
(1.5 7.08491e-14 0)
(1.5 -2.60414e-14 0)
(1.5 -1.23029e-13 0)
(1.5 -2.09495e-13 0)
(1.5 -2.56391e-13 0)
(1.5 -3.40241e-13 0)
(1.5 -4.25786e-13 0)
(1.5 -5.70262e-13 0)
(1.5 -5.95243e-13 0)
(1.5 -4.74672e-13 0)
(1.5 -4.22647e-13 0)
(1.5 -3.21134e-13 0)
(1.5 -3.49266e-13 0)
(1.5 -3.93691e-13 0)
(1.5 -3.40346e-13 0)
(1.5 -3.44536e-13 0)
(1.5 -3.11188e-13 0)
(1.5 -3.89204e-13 0)
(1.5 -3.38898e-13 0)
(1.5 -2.93346e-13 0)
(1.5 -2.10444e-13 0)
(1.5 -1.27684e-13 0)
(1.5 -6.90324e-14 0)
(1.5 4.8293e-14 0)
(1.5 4.83593e-14 0)
(1.5 3.42476e-14 0)
(1.5 6.78444e-14 0)
(1.5 3.83155e-14 0)
(1.5 -5.27376e-14 0)
(1.5 -9.84949e-14 0)
(1.5 -5.66129e-14 0)
(1.5 -3.18438e-14 0)
(1.5 5.09388e-14 0)
(1.5 8.65194e-14 0)
(1.5 9.28699e-14 0)
(1.5 2.93777e-14 0)
(1.5 -1.29131e-14 0)
(1.5 7.4767e-15 0)
(1.5 -2.10006e-14 0)
(1.5 -3.80732e-14 0)
(1.5 -8.92274e-16 0)
(1.5 -5.32863e-14 0)
(1.5 -1.50268e-13 0)
(1.5 -1.68178e-13 0)
(1.5 -1.3847e-13 0)
(1.5 -1.2907e-13 0)
(1.5 -1.08661e-13 0)
(1.5 1.76782e-14 0)
(1.5 8.04522e-14 0)
(1.5 1.26382e-13 0)
(1.5 1.97364e-13 0)
(1.5 1.89058e-13 0)
(1.5 1.38944e-13 0)
(1.5 1.28154e-13 0)
(1.5 2.93326e-14 0)
(1.5 6.57378e-15 0)
(1.5 -7.68973e-15 0)
(1.5 -1.09458e-13 0)
(1.5 -1.44454e-13 0)
(1.5 -9.75309e-14 0)
(1.5 -5.74783e-14 0)
(1.5 -1.34903e-15 0)
(1.5 1.64521e-15 0)
(1.5 -2.94741e-14 0)
(1.5 -1.40923e-13 0)
(1.5 -3.22398e-13 0)
(1.5 -3.87523e-13 0)
(1.5 -4.68725e-13 0)
(1.5 -5.6038e-13 0)
(1.5 -5.32114e-13 0)
(1.5 -4.57793e-13 0)
(1.5 -4.32115e-13 0)
(1.5 -3.35471e-13 0)
(1.5 -3.93881e-13 0)
(1.5 -4.72102e-13 0)
(1.5 -5.50552e-13 0)
(1.5 -4.91697e-13 0)
(1.5 -4.55694e-13 0)
(1.5 -3.80326e-13 0)
(1.5 -3.38196e-13 0)
(1.5 -2.23288e-13 0)
(1.5 -1.32983e-13 0)
(1.5 -1.29274e-14 0)
(1.5 8.67559e-14 0)
(1.5 1.38375e-13 0)
(1.5 1.76726e-13 0)
(1.5 1.81801e-13 0)
(1.5 9.28865e-14 0)
(1.5 1.91444e-13 0)
(1.5 3.78657e-13 0)
(1.5 4.89514e-13 0)
(1.5 4.67681e-13 0)
(1.5 3.51797e-13 0)
(1.5 3.22415e-13 0)
(1.5 3.39373e-13 0)
(1.5 4.13926e-13 0)
(1.5 4.62956e-13 0)
(1.5 3.20579e-13 0)
(1.5 1.95376e-13 0)
(1.5 1.70867e-13 0)
(1.5 8.06554e-14 0)
(1.5 1.42336e-14 0)
(1.5 -8.6523e-14 0)
(1.5 -6.08584e-14 0)
(1.5 -3.50856e-14 0)
(1.5 -3.00795e-14 0)
(1.5 -5.87453e-14 0)
(1.5 -4.03083e-14 0)
(1.5 1.27762e-13 0)
(1.5 3.34727e-13 0)
(1.5 3.94887e-13 0)
(1.5 3.30602e-13 0)
(1.5 2.51932e-13 0)
(1.5 6.1033e-14 0)
(1.5 -7.9163e-14 0)
(1.5 -2.5906e-13 0)
(1.5 -3.06366e-13 0)
(1.5 -1.60862e-13 0)
(1.5 -5.14754e-14 0)
(1.5 -3.80535e-14 0)
(1.5 -3.36531e-14 0)
(1.5 2.33606e-14 0)
(1.5 5.14573e-14 0)
(1.5 -1.48864e-14 0)
(1.5 -1.47546e-13 0)
(1.5 -2.26109e-13 0)
(1.5 -2.21248e-13 0)
(1.5 -1.43638e-13 0)
(1.5 -1.64101e-13 0)
(1.5 -8.0731e-14 0)
(1.5 -8.36292e-14 0)
(1.5 -4.58331e-14 0)
(1.5 5.57266e-14 0)
(1.5 8.91517e-14 0)
(1.5 8.04956e-14 0)
(1.5 -1.24128e-14 0)
(1.5 -6.1642e-14 0)
(1.5 -1.01826e-13 0)
(1.5 -1.72346e-13 0)
(1.5 -1.06437e-13 0)
(1.5 -2.96572e-14 0)
(1.5 -6.06224e-15 0)
(1.5 -3.65056e-15 0)
(1.5 -3.53088e-14 0)
(1.5 -2.01094e-14 0)
(1.5 -4.82652e-14 0)
(1.5 -2.54679e-14 0)
(1.5 -6.45728e-14 0)
(1.5 1.2563e-14 0)
(1.5 6.81335e-14 0)
(1.5 9.21352e-14 0)
(1.5 -5.19129e-14 0)
(1.5 -1.69993e-13 0)
(1.5 -2.15222e-13 0)
(1.5 -2.25764e-13 0)
(1.5 -2.68973e-13 0)
(1.5 -3.43787e-13 0)
(1.5 -4.50552e-13 0)
(1.5 -4.99405e-13 0)
(1.5 -4.90937e-13 0)
(1.5 -4.12917e-13 0)
(1.5 -3.48864e-13 0)
(1.5 -2.70441e-13 0)
(1.5 -2.8898e-13 0)
(1.5 -3.09303e-13 0)
(1.5 -3.99762e-13 0)
(1.5 -4.1658e-13 0)
(1.5 -4.40743e-13 0)
(1.5 -5.3499e-13 0)
(1.5 -5.48683e-13 0)
(1.5 -5.38721e-13 0)
(1.5 -4.11242e-13 0)
(1.5 -3.04198e-13 0)
(1.5 -2.96247e-13 0)
(1.5 -2.32735e-13 0)
(1.5 -1.3468e-13 0)
(1.5 5.21979e-14 0)
(1.5 2.4999e-13 0)
(1.5 2.55508e-13 0)
(1.5 2.22066e-13 0)
(1.5 1.44743e-13 0)
(1.5 3.52356e-14 0)
(1.5 -1.23539e-13 0)
(1.5 -2.21898e-13 0)
(1.5 -3.39154e-13 0)
(1.5 1.22711e-14 0)
(1.5 8.37367e-14 0)
(1.5 7.10281e-14 0)
(1.5 -7.14647e-14 0)
(1.5 -1.01028e-13 0)
(1.5 -6.95843e-14 0)
(1.5 -6.53275e-14 0)
(1.5 -1.41286e-14 0)
(1.5 1.66281e-13 0)
(1.5 3.13642e-13 0)
(1.5 2.27221e-13 0)
(1.5 1.48455e-13 0)
(1.5 1.43496e-13 0)
(1.5 9.66329e-14 0)
(1.5 5.06597e-14 0)
(1.5 2.827e-14 0)
(1.5 -4.20773e-14 0)
(1.5 -6.85405e-14 0)
(1.5 -1.14293e-13 0)
(1.5 -2.10972e-13 0)
(1.5 -3.25843e-13 0)
(1.5 -4.256e-13 0)
(1.5 -4.75774e-13 0)
(1.5 -5.23532e-13 0)
(1.5 -5.37836e-13 0)
(1.5 -4.99608e-13 0)
(1.5 -4.37739e-13 0)
(1.5 -3.32158e-13 0)
(1.5 -3.93157e-13 0)
(1.5 -3.8508e-13 0)
(1.5 -3.19096e-13 0)
(1.5 -2.03939e-13 0)
(1.5 -2.59662e-13 0)
(1.5 -2.61173e-13 0)
(1.5 -2.79736e-13 0)
(1.5 -2.93557e-13 0)
(1.5 -1.85572e-13 0)
(1.5 -1.54189e-13 0)
(1.5 -1.44966e-14 0)
(1.5 3.3314e-14 0)
(1.5 3.2771e-15 0)
(1.5 5.30018e-14 0)
(1.5 -1.73642e-16 0)
(1.5 -4.72591e-14 0)
(1.5 -8.42104e-14 0)
(1.5 -2.66142e-15 0)
(1.5 -1.99831e-14 0)
(1.5 1.20583e-14 0)
(1.5 8.77713e-14 0)
(1.5 9.62905e-14 0)
(1.5 1.85052e-14 0)
(1.5 1.66762e-14 0)
(1.5 4.69726e-15 0)
(1.5 -1.34494e-13 0)
(1.5 -1.11075e-13 0)
(1.5 -1.06182e-13 0)
(1.5 -1.07524e-13 0)
(1.5 -1.8267e-13 0)
(1.5 -1.21653e-13 0)
(1.5 -1.76729e-14 0)
(1.5 -6.25905e-14 0)
(1.5 -2.67063e-15 0)
(1.5 2.38333e-14 0)
(1.5 1.45602e-13 0)
(1.5 2.4586e-13 0)
(1.5 2.9502e-13 0)
(1.5 2.91235e-13 0)
(1.5 2.15614e-13 0)
(1.5 1.89609e-13 0)
(1.5 1.19028e-13 0)
(1.5 -1.02021e-14 0)
(1.5 -1.63529e-13 0)
(1.5 -1.04209e-13 0)
(1.5 -1.28939e-13 0)
(1.5 -1.738e-13 0)
(1.5 -1.91513e-13 0)
(1.5 -2.10821e-13 0)
(1.5 -1.54155e-13 0)
(1.5 -2.50392e-13 0)
(1.5 -3.59089e-13 0)
(1.5 -4.72149e-13 0)
(1.5 -6.00948e-13 0)
(1.5 -5.73227e-13 0)
(1.5 -5.62116e-13 0)
(1.5 -4.59384e-13 0)
(1.5 -4.09164e-13 0)
(1.5 -3.59994e-13 0)
(1.5 -3.05525e-13 0)
(1.5 -4.03249e-13 0)
(1.5 -5.02566e-13 0)
(1.5 -5.02143e-13 0)
(1.5 -4.55998e-13 0)
(1.5 -3.97791e-13 0)
(1.5 -3.2126e-13 0)
(1.5 -2.94753e-13 0)
(1.5 -1.83587e-13 0)
(1.5 1.91575e-16 0)
(1.5 1.90606e-13 0)
(1.5 2.36209e-13 0)
(1.5 2.52573e-13 0)
(1.5 4.07566e-13 0)
(1.5 4.40626e-13 0)
(1.5 4.53275e-13 0)
(1.5 5.01272e-13 0)
(1.5 4.7348e-13 0)
(1.5 4.11842e-13 0)
(1.5 3.5433e-13 0)
(1.5 3.73909e-13 0)
(1.5 3.99116e-13 0)
(1.5 3.89923e-13 0)
(1.5 3.60593e-13 0)
(1.5 3.20655e-13 0)
(1.5 3.44476e-13 0)
(1.5 3.14814e-13 0)
(1.5 1.76152e-13 0)
(1.5 5.47601e-14 0)
(1.5 1.12191e-13 0)
(1.5 4.56601e-14 0)
(1.5 1.59623e-14 0)
(1.5 -3.43103e-14 0)
(1.5 -4.0538e-14 0)
(1.5 1.19234e-15 0)
(1.5 1.08585e-13 0)
(1.5 2.15942e-13 0)
(1.5 3.5147e-13 0)
(1.5 3.21868e-13 0)
(1.5 2.90741e-13 0)
(1.5 2.59775e-13 0)
(1.5 1.41595e-13 0)
(1.5 -4.37938e-15 0)
(1.5 -2.05742e-13 0)
(1.5 -2.82341e-13 0)
(1.5 -2.7991e-13 0)
(1.5 -2.78218e-13 0)
(1.5 -2.53107e-13 0)
(1.5 -2.33354e-13 0)
(1.5 -1.40755e-13 0)
(1.5 -1.17786e-13 0)
(1.5 -1.53633e-13 0)
(1.5 -2.15856e-13 0)
(1.5 -1.93854e-13 0)
(1.5 -1.92468e-13 0)
(1.5 -2.19023e-13 0)
(1.5 -2.81172e-13 0)
(1.5 -2.87896e-13 0)
(1.5 -2.22354e-13 0)
(1.5 -1.12587e-13 0)
(1.5 -5.02044e-14 0)
(1.5 -1.82047e-14 0)
(1.5 -3.51038e-14 0)
(1.5 -1.45768e-13 0)
(1.5 -1.59041e-13 0)
(1.5 -2.06828e-13 0)
(1.5 -2.51929e-13 0)
(1.5 -2.89383e-13 0)
(1.5 -2.27293e-13 0)
(1.5 -2.12603e-13 0)
(1.5 -2.43654e-13 0)
(1.5 -3.00123e-13 0)
(1.5 -2.74765e-13 0)
(1.5 -2.38884e-13 0)
(1.5 -1.68369e-13 0)
(1.5 -4.47649e-14 0)
(1.5 1.49783e-14 0)
(1.5 3.08887e-14 0)
(1.5 3.89543e-14 0)
(1.5 -6.68144e-14 0)
(1.5 -2.50588e-13 0)
(1.5 -3.79011e-13 0)
(1.5 -4.23877e-13 0)
(1.5 -3.8166e-13 0)
(1.5 -4.29827e-13 0)
(1.5 -4.97514e-13 0)
(1.5 -5.09297e-13 0)
(1.5 -5.24227e-13 0)
(1.5 -5.03876e-13 0)
(1.5 -4.78407e-13 0)
(1.5 -4.49368e-13 0)
(1.5 -4.75932e-13 0)
(1.5 -4.52651e-13 0)
(1.5 -4.51193e-13 0)
(1.5 -5.34712e-13 0)
(1.5 -5.64884e-13 0)
(1.5 -6.23872e-13 0)
(1.5 -6.57641e-13 0)
(1.5 -6.72408e-13 0)
(1.5 -5.29227e-13 0)
(1.5 -4.44347e-13 0)
(1.5 -3.94513e-13 0)
(1.5 -2.684e-13 0)
(1.5 -1.19572e-13 0)
(1.5 6.89127e-14 0)
(1.5 1.97257e-13 0)
(1.5 2.02815e-13 0)
(1.5 8.77437e-14 0)
(1.5 -7.33096e-14 0)
(1.5 -2.02017e-13 0)
(1.5 -3.41224e-13 0)
(1.5 -4.18386e-13 0)
(1.5 -5.06112e-13 0)
(1.5 3.18056e-14 0)
(1.5 4.80653e-14 0)
(1.5 1.11595e-13 0)
(1.5 6.68695e-15 0)
(1.5 -5.56719e-14 0)
(1.5 3.27963e-14 0)
(1.5 6.54737e-14 0)
(1.5 9.39539e-14 0)
(1.5 2.57547e-13 0)
(1.5 4.26675e-13 0)
(1.5 3.43806e-13 0)
(1.5 1.84745e-13 0)
(1.5 6.16484e-14 0)
(1.5 6.25392e-14 0)
(1.5 1.00728e-13 0)
(1.5 9.65845e-14 0)
(1.5 -1.36955e-14 0)
(1.5 -1.5591e-14 0)
(1.5 -2.08099e-14 0)
(1.5 -1.10127e-13 0)
(1.5 -2.54976e-13 0)
(1.5 -3.67215e-13 0)
(1.5 -3.55755e-13 0)
(1.5 -3.48733e-13 0)
(1.5 -4.36118e-13 0)
(1.5 -4.3948e-13 0)
(1.5 -4.37832e-13 0)
(1.5 -3.06418e-13 0)
(1.5 -2.84391e-13 0)
(1.5 -2.84561e-13 0)
(1.5 -2.11637e-13 0)
(1.5 -1.1708e-13 0)
(1.5 -1.29082e-13 0)
(1.5 -1.1806e-13 0)
(1.5 -1.69691e-13 0)
(1.5 -1.94766e-13 0)
(1.5 -1.31769e-13 0)
(1.5 -1.4528e-13 0)
(1.5 -8.32562e-14 0)
(1.5 -5.67235e-14 0)
(1.5 1.59424e-14 0)
(1.5 8.02097e-14 0)
(1.5 1.46334e-14 0)
(1.5 1.8348e-14 0)
(1.5 -7.02749e-15 0)
(1.5 1.27995e-14 0)
(1.5 2.96684e-14 0)
(1.5 3.64674e-14 0)
(1.5 6.67417e-14 0)
(1.5 3.94861e-14 0)
(1.5 -4.95766e-14 0)
(1.5 -3.64325e-14 0)
(1.5 -1.26226e-13 0)
(1.5 -2.20087e-13 0)
(1.5 -1.21673e-13 0)
(1.5 -1.67487e-13 0)
(1.5 -8.73184e-14 0)
(1.5 -1.94323e-14 0)
(1.5 5.65641e-14 0)
(1.5 9.47123e-14 0)
(1.5 1.075e-13 0)
(1.5 1.66864e-13 0)
(1.5 1.29186e-13 0)
(1.5 1.64994e-13 0)
(1.5 2.45383e-13 0)
(1.5 2.65887e-13 0)
(1.5 2.91479e-13 0)
(1.5 2.73525e-13 0)
(1.5 2.34956e-13 0)
(1.5 1.01348e-13 0)
(1.5 -3.86285e-14 0)
(1.5 -1.6993e-13 0)
(1.5 -5.49575e-14 0)
(1.5 -5.38371e-14 0)
(1.5 -1.07047e-13 0)
(1.5 -1.66525e-13 0)
(1.5 -2.65051e-13 0)
(1.5 -2.96726e-13 0)
(1.5 -4.00463e-13 0)
(1.5 -4.67896e-13 0)
(1.5 -5.2558e-13 0)
(1.5 -6.4468e-13 0)
(1.5 -5.74746e-13 0)
(1.5 -5.22545e-13 0)
(1.5 -4.04699e-13 0)
(1.5 -2.96127e-13 0)
(1.5 -3.00451e-13 0)
(1.5 -3.53174e-13 0)
(1.5 -3.74616e-13 0)
(1.5 -4.58302e-13 0)
(1.5 -3.96844e-13 0)
(1.5 -3.219e-13 0)
(1.5 -1.88523e-13 0)
(1.5 -1.48687e-13 0)
(1.5 -7.02305e-14 0)
(1.5 -5.28165e-14 0)
(1.5 6.48678e-14 0)
(1.5 3.07768e-13 0)
(1.5 3.12858e-13 0)
(1.5 3.56121e-13 0)
(1.5 5.21325e-13 0)
(1.5 5.55053e-13 0)
(1.5 6.1545e-13 0)
(1.5 5.86102e-13 0)
(1.5 4.78301e-13 0)
(1.5 3.96225e-13 0)
(1.5 4.28096e-13 0)
(1.5 5.30312e-13 0)
(1.5 5.76307e-13 0)
(1.5 5.49832e-13 0)
(1.5 3.69251e-13 0)
(1.5 1.70467e-13 0)
(1.5 2.30187e-13 0)
(1.5 2.29292e-13 0)
(1.5 1.02714e-13 0)
(1.5 -2.72682e-14 0)
(1.5 -1.85682e-15 0)
(1.5 4.58164e-14 0)
(1.5 1.07454e-13 0)
(1.5 9.09905e-14 0)
(1.5 8.88228e-14 0)
(1.5 1.68245e-13 0)
(1.5 2.63783e-13 0)
(1.5 2.76775e-13 0)
(1.5 2.23136e-13 0)
(1.5 1.82128e-13 0)
(1.5 1.92712e-13 0)
(1.5 1.8414e-13 0)
(1.5 1.53889e-13 0)
(1.5 5.78737e-14 0)
(1.5 -4.68113e-14 0)
(1.5 -2.51674e-13 0)
(1.5 -4.17664e-13 0)
(1.5 -4.54004e-13 0)
(1.5 -3.01372e-13 0)
(1.5 -2.84838e-13 0)
(1.5 -1.76429e-13 0)
(1.5 -1.91415e-13 0)
(1.5 -1.64397e-13 0)
(1.5 -7.85037e-14 0)
(1.5 -1.46938e-14 0)
(1.5 -1.37337e-13 0)
(1.5 -3.26352e-13 0)
(1.5 -2.63339e-13 0)
(1.5 -2.0437e-13 0)
(1.5 -5.36489e-14 0)
(1.5 -3.88663e-14 0)
(1.5 -7.87486e-14 0)
(1.5 -7.23924e-14 0)
(1.5 -1.17303e-13 0)
(1.5 -1.78881e-13 0)
(1.5 -1.56637e-13 0)
(1.5 -1.59189e-13 0)
(1.5 -2.44207e-13 0)
(1.5 -3.41885e-13 0)
(1.5 -2.67357e-13 0)
(1.5 -1.68495e-13 0)
(1.5 -2.36095e-13 0)
(1.5 -3.58497e-13 0)
(1.5 -3.1321e-13 0)
(1.5 -2.19584e-13 0)
(1.5 -1.50934e-13 0)
(1.5 -3.3659e-14 0)
(1.5 -1.13235e-14 0)
(1.5 -3.27735e-14 0)
(1.5 -4.61697e-14 0)
(1.5 -2.2748e-14 0)
(1.5 -1.52431e-13 0)
(1.5 -3.23786e-13 0)
(1.5 -3.94132e-13 0)
(1.5 -4.16089e-13 0)
(1.5 -5.55653e-13 0)
(1.5 -6.12956e-13 0)
(1.5 -6.26171e-13 0)
(1.5 -5.8851e-13 0)
(1.5 -5.15952e-13 0)
(1.5 -5.26736e-13 0)
(1.5 -5.64496e-13 0)
(1.5 -6.50302e-13 0)
(1.5 -5.70381e-13 0)
(1.5 -4.43915e-13 0)
(1.5 -5.14958e-13 0)
(1.5 -5.70883e-13 0)
(1.5 -6.33982e-13 0)
(1.5 -6.46899e-13 0)
(1.5 -6.72943e-13 0)
(1.5 -6.20169e-13 0)
(1.5 -5.31842e-13 0)
(1.5 -3.88564e-13 0)
(1.5 -1.09947e-13 0)
(1.5 1.02525e-13 0)
(1.5 2.15196e-13 0)
(1.5 1.4538e-13 0)
(1.5 6.29943e-14 0)
(1.5 -5.61851e-14 0)
(1.5 -2.05587e-13 0)
(1.5 -3.68147e-13 0)
(1.5 -4.92111e-13 0)
(1.5 -6.35862e-13 0)
(1.5 -7.01146e-13 0)
(1.5 1.57105e-14 0)
(1.5 4.44196e-14 0)
(1.5 7.453e-14 0)
(1.5 6.95436e-14 0)
(1.5 7.22697e-14 0)
(1.5 1.12835e-13 0)
(1.5 7.81739e-14 0)
(1.5 1.21227e-13 0)
(1.5 2.10316e-13 0)
(1.5 3.3715e-13 0)
(1.5 3.60433e-13 0)
(1.5 2.42961e-13 0)
(1.5 8.78386e-14 0)
(1.5 2.19742e-14 0)
(1.5 5.21829e-14 0)
(1.5 8.57447e-17 0)
(1.5 -6.97369e-14 0)
(1.5 -1.07528e-13 0)
(1.5 -1.41068e-13 0)
(1.5 -1.93198e-13 0)
(1.5 -2.61156e-13 0)
(1.5 -3.4402e-13 0)
(1.5 -3.43872e-13 0)
(1.5 -3.42686e-13 0)
(1.5 -4.31881e-13 0)
(1.5 -4.60514e-13 0)
(1.5 -4.28271e-13 0)
(1.5 -3.41619e-13 0)
(1.5 -2.30673e-13 0)
(1.5 -2.32615e-13 0)
(1.5 -1.91715e-13 0)
(1.5 -1.38131e-13 0)
(1.5 -1.05231e-13 0)
(1.5 -1.26884e-13 0)
(1.5 -1.46328e-13 0)
(1.5 -1.10972e-13 0)
(1.5 -1.45945e-13 0)
(1.5 -1.196e-13 0)
(1.5 -1.16518e-13 0)
(1.5 -1.32707e-13 0)
(1.5 -5.53231e-14 0)
(1.5 6.12564e-15 0)
(1.5 -3.38796e-14 0)
(1.5 -1.74813e-14 0)
(1.5 2.90195e-14 0)
(1.5 4.90114e-14 0)
(1.5 6.22239e-14 0)
(1.5 3.78861e-14 0)
(1.5 -1.25806e-14 0)
(1.5 -4.87211e-14 0)
(1.5 -1.17009e-13 0)
(1.5 -1.54858e-13 0)
(1.5 -2.19813e-13 0)
(1.5 -2.1408e-13 0)
(1.5 -1.13803e-13 0)
(1.5 -8.86643e-14 0)
(1.5 -1.62965e-14 0)
(1.5 1.00284e-13 0)
(1.5 1.23633e-13 0)
(1.5 4.78254e-14 0)
(1.5 1.52404e-13 0)
(1.5 2.08581e-13 0)
(1.5 1.99928e-13 0)
(1.5 1.64362e-13 0)
(1.5 1.97392e-13 0)
(1.5 1.69398e-13 0)
(1.5 1.96106e-13 0)
(1.5 2.07706e-13 0)
(1.5 1.49072e-13 0)
(1.5 6.01556e-14 0)
(1.5 -1.53119e-14 0)
(1.5 -7.28888e-14 0)
(1.5 -1.1278e-13 0)
(1.5 -1.39907e-13 0)
(1.5 -2.18669e-13 0)
(1.5 -2.83833e-13 0)
(1.5 -4.03263e-13 0)
(1.5 -4.94223e-13 0)
(1.5 -4.90589e-13 0)
(1.5 -4.68599e-13 0)
(1.5 -5.01154e-13 0)
(1.5 -5.38435e-13 0)
(1.5 -5.02257e-13 0)
(1.5 -4.46246e-13 0)
(1.5 -3.90033e-13 0)
(1.5 -3.40545e-13 0)
(1.5 -3.44612e-13 0)
(1.5 -4.23206e-13 0)
(1.5 -4.30988e-13 0)
(1.5 -4.67262e-13 0)
(1.5 -3.83798e-13 0)
(1.5 -2.99662e-13 0)
(1.5 -1.92247e-13 0)
(1.5 -4.05172e-14 0)
(1.5 8.11688e-14 0)
(1.5 1.66458e-13 0)
(1.5 3.12573e-13 0)
(1.5 4.46679e-13 0)
(1.5 4.57837e-13 0)
(1.5 4.41183e-13 0)
(1.5 4.93528e-13 0)
(1.5 5.79203e-13 0)
(1.5 6.19179e-13 0)
(1.5 5.49165e-13 0)
(1.5 4.67483e-13 0)
(1.5 4.17616e-13 0)
(1.5 4.97208e-13 0)
(1.5 6.26204e-13 0)
(1.5 7.0965e-13 0)
(1.5 6.56967e-13 0)
(1.5 4.21997e-13 0)
(1.5 1.99196e-13 0)
(1.5 1.2834e-13 0)
(1.5 6.29252e-14 0)
(1.5 -4.97163e-15 0)
(1.5 -9.47401e-14 0)
(1.5 -8.78686e-14 0)
(1.5 7.49791e-14 0)
(1.5 2.63765e-13 0)
(1.5 2.61867e-13 0)
(1.5 2.64243e-13 0)
(1.5 3.49132e-13 0)
(1.5 4.22176e-13 0)
(1.5 3.53336e-13 0)
(1.5 2.45269e-13 0)
(1.5 1.40916e-13 0)
(1.5 1.23887e-13 0)
(1.5 1.07658e-13 0)
(1.5 4.31893e-14 0)
(1.5 7.22085e-15 0)
(1.5 -4.97178e-15 0)
(1.5 -2.30911e-13 0)
(1.5 -3.62049e-13 0)
(1.5 -3.69483e-13 0)
(1.5 -2.51652e-13 0)
(1.5 -2.54323e-13 0)
(1.5 -2.00389e-13 0)
(1.5 -1.98407e-13 0)
(1.5 -1.49866e-13 0)
(1.5 -5.62689e-14 0)
(1.5 -2.37023e-14 0)
(1.5 -1.44939e-13 0)
(1.5 -3.14558e-13 0)
(1.5 -2.3985e-13 0)
(1.5 -1.09768e-13 0)
(1.5 3.58654e-14 0)
(1.5 1.0234e-14 0)
(1.5 -6.88946e-14 0)
(1.5 -1.8163e-13 0)
(1.5 -2.29947e-13 0)
(1.5 -2.10804e-13 0)
(1.5 -1.42005e-13 0)
(1.5 -9.03402e-14 0)
(1.5 -1.49973e-13 0)
(1.5 -1.95045e-13 0)
(1.5 -2.28373e-13 0)
(1.5 -1.40584e-13 0)
(1.5 -1.60134e-13 0)
(1.5 -2.75898e-13 0)
(1.5 -1.98132e-13 0)
(1.5 -1.02787e-13 0)
(1.5 -1.11739e-13 0)
(1.5 -4.29688e-14 0)
(1.5 -1.32947e-14 0)
(1.5 -2.92751e-14 0)
(1.5 -4.52931e-14 0)
(1.5 -4.5357e-14 0)
(1.5 -8.68127e-14 0)
(1.5 -2.24723e-13 0)
(1.5 -3.1582e-13 0)
(1.5 -3.55136e-13 0)
(1.5 -4.56965e-13 0)
(1.5 -5.17859e-13 0)
(1.5 -5.19307e-13 0)
(1.5 -4.64166e-13 0)
(1.5 -4.14952e-13 0)
(1.5 -4.45957e-13 0)
(1.5 -5.18058e-13 0)
(1.5 -5.83442e-13 0)
(1.5 -5.30414e-13 0)
(1.5 -4.72034e-13 0)
(1.5 -4.05474e-13 0)
(1.5 -4.14091e-13 0)
(1.5 -4.92072e-13 0)
(1.5 -5.05256e-13 0)
(1.5 -5.36744e-13 0)
(1.5 -5.09935e-13 0)
(1.5 -3.8962e-13 0)
(1.5 -1.39171e-13 0)
(1.5 1.52268e-13 0)
(1.5 3.29936e-13 0)
(1.5 2.9618e-13 0)
(1.5 6.85486e-14 0)
(1.5 -1.22315e-13 0)
(1.5 -2.67029e-13 0)
(1.5 -3.79862e-13 0)
(1.5 -4.57052e-13 0)
(1.5 -6.10941e-13 0)
(1.5 -7.63637e-13 0)
(1.5 -7.98252e-13 0)
(1.5 7.54425e-16 0)
(1.5 -2.78278e-14 0)
(1.5 -7.95762e-14 0)
(1.5 3.09886e-14 0)
(1.5 2.23546e-13 0)
(1.5 1.52402e-13 0)
(1.5 2.23763e-15 0)
(1.5 5.93104e-14 0)
(1.5 -1.63107e-14 0)
(1.5 2.87354e-14 0)
(1.5 9.38507e-14 0)
(1.5 1.11489e-13 0)
(1.5 1.21652e-13 0)
(1.5 1.13582e-14 0)
(1.5 -3.82429e-14 0)
(1.5 -1.58513e-13 0)
(1.5 -1.7972e-13 0)
(1.5 -2.04765e-13 0)
(1.5 -2.95516e-13 0)
(1.5 -3.67893e-13 0)
(1.5 -4.15297e-13 0)
(1.5 -3.99947e-13 0)
(1.5 -3.40472e-13 0)
(1.5 -3.72882e-13 0)
(1.5 -4.67303e-13 0)
(1.5 -4.95684e-13 0)
(1.5 -5.00543e-13 0)
(1.5 -4.36539e-13 0)
(1.5 -3.17065e-13 0)
(1.5 -2.50065e-13 0)
(1.5 -2.01642e-13 0)
(1.5 -1.82854e-13 0)
(1.5 -1.27433e-13 0)
(1.5 -1.88527e-13 0)
(1.5 -2.20812e-13 0)
(1.5 -1.85906e-13 0)
(1.5 -1.81722e-13 0)
(1.5 -8.0694e-14 0)
(1.5 -1.19807e-13 0)
(1.5 -1.64558e-13 0)
(1.5 -1.45767e-13 0)
(1.5 -1.50566e-13 0)
(1.5 -1.06785e-13 0)
(1.5 -1.31489e-13 0)
(1.5 -4.14493e-14 0)
(1.5 1.26395e-14 0)
(1.5 9.09882e-14 0)
(1.5 -1.71314e-14 0)
(1.5 -7.20455e-14 0)
(1.5 -1.48307e-13 0)
(1.5 -1.79055e-13 0)
(1.5 -1.91531e-13 0)
(1.5 -2.22346e-13 0)
(1.5 -1.71344e-13 0)
(1.5 -1.22955e-13 0)
(1.5 -3.89114e-14 0)
(1.5 -6.42213e-14 0)
(1.5 5.81491e-14 0)
(1.5 1.99213e-14 0)
(1.5 -2.51663e-14 0)
(1.5 1.18837e-13 0)
(1.5 1.36198e-13 0)
(1.5 2.04041e-13 0)
(1.5 1.88631e-13 0)
(1.5 2.50526e-13 0)
(1.5 1.73918e-13 0)
(1.5 8.79482e-14 0)
(1.5 7.07981e-14 0)
(1.5 3.16784e-14 0)
(1.5 5.07518e-14 0)
(1.5 -5.23362e-14 0)
(1.5 -1.75217e-13 0)
(1.5 -2.84208e-13 0)
(1.5 -3.6044e-13 0)
(1.5 -4.57346e-13 0)
(1.5 -5.33806e-13 0)
(1.5 -6.142e-13 0)
(1.5 -6.3143e-13 0)
(1.5 -5.95629e-13 0)
(1.5 -5.70283e-13 0)
(1.5 -5.5697e-13 0)
(1.5 -4.60189e-13 0)
(1.5 -4.43047e-13 0)
(1.5 -3.58827e-13 0)
(1.5 -3.46951e-13 0)
(1.5 -3.82327e-13 0)
(1.5 -4.03722e-13 0)
(1.5 -5.03845e-13 0)
(1.5 -5.2349e-13 0)
(1.5 -5.32951e-13 0)
(1.5 -4.98733e-13 0)
(1.5 -3.41732e-13 0)
(1.5 -1.46858e-13 0)
(1.5 1.11698e-13 0)
(1.5 2.4659e-13 0)
(1.5 4.43666e-13 0)
(1.5 6.01151e-13 0)
(1.5 6.33263e-13 0)
(1.5 7.55361e-13 0)
(1.5 6.60567e-13 0)
(1.5 5.17042e-13 0)
(1.5 5.74015e-13 0)
(1.5 5.84949e-13 0)
(1.5 5.18119e-13 0)
(1.5 4.43029e-13 0)
(1.5 4.14186e-13 0)
(1.5 4.66845e-13 0)
(1.5 6.34719e-13 0)
(1.5 7.08338e-13 0)
(1.5 6.46208e-13 0)
(1.5 5.20521e-13 0)
(1.5 3.18913e-13 0)
(1.5 1.16512e-13 0)
(1.5 7.38556e-14 0)
(1.5 4.91299e-14 0)
(1.5 3.88477e-14 0)
(1.5 -4.64251e-15 0)
(1.5 2.03908e-13 0)
(1.5 3.38602e-13 0)
(1.5 3.93278e-13 0)
(1.5 4.128e-13 0)
(1.5 4.81352e-13 0)
(1.5 5.30398e-13 0)
(1.5 4.03795e-13 0)
(1.5 3.3467e-13 0)
(1.5 2.00534e-13 0)
(1.5 1.79943e-13 0)
(1.5 1.04355e-13 0)
(1.5 2.52849e-14 0)
(1.5 9.21896e-14 0)
(1.5 2.36382e-14 0)
(1.5 -7.33557e-14 0)
(1.5 -1.1467e-13 0)
(1.5 -1.78367e-13 0)
(1.5 -1.67192e-13 0)
(1.5 -9.48901e-14 0)
(1.5 -9.7967e-14 0)
(1.5 -6.56051e-14 0)
(1.5 -6.57445e-14 0)
(1.5 -6.95257e-14 0)
(1.5 -1.32829e-13 0)
(1.5 -1.70315e-13 0)
(1.5 -2.06727e-13 0)
(1.5 -1.86911e-13 0)
(1.5 -1.20202e-13 0)
(1.5 -9.46469e-14 0)
(1.5 -1.35811e-13 0)
(1.5 -1.49726e-13 0)
(1.5 -2.63873e-13 0)
(1.5 -2.78003e-13 0)
(1.5 -2.76629e-13 0)
(1.5 -3.00771e-13 0)
(1.5 -2.79088e-13 0)
(1.5 -2.13584e-13 0)
(1.5 -1.66381e-13 0)
(1.5 -2.68683e-13 0)
(1.5 -2.87666e-13 0)
(1.5 -3.78565e-13 0)
(1.5 -3.4163e-13 0)
(1.5 -2.13777e-13 0)
(1.5 -2.01054e-13 0)
(1.5 -2.20347e-13 0)
(1.5 -9.90443e-14 0)
(1.5 -5.32747e-14 0)
(1.5 -7.25914e-14 0)
(1.5 -1.32615e-13 0)
(1.5 -2.02509e-13 0)
(1.5 -2.62878e-13 0)
(1.5 -3.04317e-13 0)
(1.5 -3.33407e-13 0)
(1.5 -3.01724e-13 0)
(1.5 -2.60705e-13 0)
(1.5 -2.5573e-13 0)
(1.5 -3.40353e-13 0)
(1.5 -4.0452e-13 0)
(1.5 -4.7469e-13 0)
(1.5 -4.75329e-13 0)
(1.5 -5.23447e-13 0)
(1.5 -5.2094e-13 0)
(1.5 -5.54384e-13 0)
(1.5 -6.17082e-13 0)
(1.5 -4.52314e-13 0)
(1.5 -2.86346e-13 0)
(1.5 -2.27433e-13 0)
(1.5 -1.80615e-13 0)
(1.5 -1.43999e-13 0)
(1.5 -1.66667e-13 0)
(1.5 -1.09701e-13 0)
(1.5 5.90652e-14 0)
(1.5 1.52332e-13 0)
(1.5 2.64411e-13 0)
(1.5 1.67597e-13 0)
(1.5 -3.21183e-14 0)
(1.5 -2.50111e-13 0)
(1.5 -3.80618e-13 0)
(1.5 -5.11574e-13 0)
(1.5 -5.88876e-13 0)
(1.5 -7.3008e-13 0)
(1.5 -7.16693e-13 0)
(1.5 -6.94659e-13 0)
(1.5 -5.65419e-15 0)
(1.5 5.82375e-15 0)
(1.5 -6.48418e-14 0)
(1.5 2.45348e-14 0)
(1.5 1.89734e-13 0)
(1.5 9.12512e-14 0)
(1.5 -3.08439e-14 0)
(1.5 -3.19288e-14 0)
(1.5 -1.52038e-13 0)
(1.5 -1.16496e-13 0)
(1.5 -9.71505e-14 0)
(1.5 3.71367e-14 0)
(1.5 7.68937e-14 0)
(1.5 -2.81778e-14 0)
(1.5 -5.03954e-14 0)
(1.5 -1.60238e-13 0)
(1.5 -2.28292e-13 0)
(1.5 -2.05736e-13 0)
(1.5 -3.35336e-13 0)
(1.5 -4.01801e-13 0)
(1.5 -4.7218e-13 0)
(1.5 -4.63598e-13 0)
(1.5 -3.04333e-13 0)
(1.5 -3.3855e-13 0)
(1.5 -4.03556e-13 0)
(1.5 -4.51835e-13 0)
(1.5 -5.04319e-13 0)
(1.5 -4.59792e-13 0)
(1.5 -3.39281e-13 0)
(1.5 -2.84192e-13 0)
(1.5 -1.6166e-13 0)
(1.5 -1.65947e-13 0)
(1.5 -2.1523e-13 0)
(1.5 -2.02392e-13 0)
(1.5 -2.38553e-13 0)
(1.5 -2.2587e-13 0)
(1.5 -1.87971e-13 0)
(1.5 -9.08001e-14 0)
(1.5 -1.23775e-13 0)
(1.5 -1.97999e-13 0)
(1.5 -2.1477e-13 0)
(1.5 -1.87408e-13 0)
(1.5 -1.48697e-13 0)
(1.5 -1.89909e-13 0)
(1.5 -1.33693e-13 0)
(1.5 -9.66187e-14 0)
(1.5 3.57923e-14 0)
(1.5 -2.48507e-14 0)
(1.5 -9.73542e-14 0)
(1.5 -1.91212e-13 0)
(1.5 -2.21234e-13 0)
(1.5 -2.16991e-13 0)
(1.5 -2.29262e-13 0)
(1.5 -9.10119e-14 0)
(1.5 -3.52204e-14 0)
(1.5 5.5905e-14 0)
(1.5 -6.64226e-15 0)
(1.5 6.89522e-14 0)
(1.5 -7.55844e-15 0)
(1.5 -4.0704e-14 0)
(1.5 5.59008e-14 0)
(1.5 1.04368e-13 0)
(1.5 2.6289e-13 0)
(1.5 2.72189e-13 0)
(1.5 2.64017e-13 0)
(1.5 2.16173e-13 0)
(1.5 6.72872e-14 0)
(1.5 1.61137e-14 0)
(1.5 6.67197e-14 0)
(1.5 8.59322e-14 0)
(1.5 -9.31634e-14 0)
(1.5 -3.0849e-13 0)
(1.5 -3.95536e-13 0)
(1.5 -4.83831e-13 0)
(1.5 -6.04163e-13 0)
(1.5 -6.45113e-13 0)
(1.5 -6.91568e-13 0)
(1.5 -6.47429e-13 0)
(1.5 -6.28564e-13 0)
(1.5 -6.48617e-13 0)
(1.5 -5.98189e-13 0)
(1.5 -5.49758e-13 0)
(1.5 -4.6533e-13 0)
(1.5 -3.32909e-13 0)
(1.5 -3.61805e-13 0)
(1.5 -3.97776e-13 0)
(1.5 -4.62405e-13 0)
(1.5 -5.04646e-13 0)
(1.5 -5.03891e-13 0)
(1.5 -4.67323e-13 0)
(1.5 -4.89819e-13 0)
(1.5 -3.11854e-13 0)
(1.5 -3.24877e-14 0)
(1.5 1.72298e-13 0)
(1.5 2.80231e-13 0)
(1.5 4.83922e-13 0)
(1.5 6.35646e-13 0)
(1.5 6.59126e-13 0)
(1.5 8.35551e-13 0)
(1.5 8.40494e-13 0)
(1.5 7.07633e-13 0)
(1.5 6.9425e-13 0)
(1.5 6.65859e-13 0)
(1.5 5.79135e-13 0)
(1.5 4.80419e-13 0)
(1.5 5.02657e-13 0)
(1.5 5.06469e-13 0)
(1.5 5.86697e-13 0)
(1.5 6.83292e-13 0)
(1.5 6.92394e-13 0)
(1.5 5.66505e-13 0)
(1.5 3.8328e-13 0)
(1.5 1.61006e-13 0)
(1.5 2.19965e-13 0)
(1.5 2.36854e-13 0)
(1.5 2.91126e-13 0)
(1.5 3.29459e-13 0)
(1.5 4.32672e-13 0)
(1.5 4.55488e-13 0)
(1.5 4.74193e-13 0)
(1.5 4.55467e-13 0)
(1.5 4.5021e-13 0)
(1.5 4.33943e-13 0)
(1.5 4.02766e-13 0)
(1.5 3.7887e-13 0)
(1.5 3.45541e-13 0)
(1.5 3.06662e-13 0)
(1.5 1.78786e-13 0)
(1.5 9.44142e-14 0)
(1.5 1.25854e-13 0)
(1.5 3.11708e-14 0)
(1.5 8.94172e-14 0)
(1.5 7.07331e-14 0)
(1.5 -1.11052e-13 0)
(1.5 -1.71668e-13 0)
(1.5 -3.02562e-14 0)
(1.5 -1.03005e-14 0)
(1.5 4.97091e-14 0)
(1.5 2.18089e-14 0)
(1.5 -9.7284e-14 0)
(1.5 -2.28048e-13 0)
(1.5 -2.17722e-13 0)
(1.5 -1.3216e-13 0)
(1.5 -1.11849e-13 0)
(1.5 -9.69968e-14 0)
(1.5 -1.84112e-13 0)
(1.5 -2.73524e-13 0)
(1.5 -3.43808e-13 0)
(1.5 -4.76522e-13 0)
(1.5 -5.24306e-13 0)
(1.5 -4.76523e-13 0)
(1.5 -5.03494e-13 0)
(1.5 -4.87684e-13 0)
(1.5 -3.56888e-13 0)
(1.5 -1.9576e-13 0)
(1.5 -2.31663e-13 0)
(1.5 -4.03527e-13 0)
(1.5 -5.14969e-13 0)
(1.5 -3.90483e-13 0)
(1.5 -2.93195e-13 0)
(1.5 -3.60072e-13 0)
(1.5 -3.37821e-13 0)
(1.5 -2.00515e-13 0)
(1.5 -1.49976e-13 0)
(1.5 -1.96205e-13 0)
(1.5 -3.64712e-13 0)
(1.5 -3.85837e-13 0)
(1.5 -3.48566e-13 0)
(1.5 -3.64655e-13 0)
(1.5 -3.53164e-13 0)
(1.5 -2.75432e-13 0)
(1.5 -1.53208e-13 0)
(1.5 -1.82439e-13 0)
(1.5 -3.11914e-13 0)
(1.5 -5.38578e-13 0)
(1.5 -6.91296e-13 0)
(1.5 -7.88797e-13 0)
(1.5 -7.55654e-13 0)
(1.5 -6.61585e-13 0)
(1.5 -7.93829e-13 0)
(1.5 -7.70415e-13 0)
(1.5 -6.22729e-13 0)
(1.5 -3.2903e-13 0)
(1.5 -1.379e-13 0)
(1.5 -1.62184e-14 0)
(1.5 1.45319e-13 0)
(1.5 4.58057e-14 0)
(1.5 1.05658e-13 0)
(1.5 8.09923e-14 0)
(1.5 -2.10859e-14 0)
(1.5 1.3975e-14 0)
(1.5 -1.1299e-13 0)
(1.5 -2.88986e-13 0)
(1.5 -5.03484e-13 0)
(1.5 -5.88801e-13 0)
(1.5 -6.62787e-13 0)
(1.5 -8.07642e-13 0)
(1.5 -8.15721e-13 0)
(1.5 -6.31718e-13 0)
(1.5 -6.26159e-13 0)
(1.5 6.45413e-14 0)
(1.5 1.93963e-13 0)
(1.5 1.53264e-13 0)
(1.5 1.6898e-13 0)
(1.5 1.32297e-13 0)
(1.5 7.27608e-14 0)
(1.5 1.78182e-14 0)
(1.5 -3.66926e-14 0)
(1.5 -7.80554e-14 0)
(1.5 -1.15896e-13 0)
(1.5 -1.67742e-13 0)
(1.5 -5.53099e-17 0)
(1.5 -3.20374e-14 0)
(1.5 -1.05711e-13 0)
(1.5 -9.4998e-14 0)
(1.5 -1.18655e-13 0)
(1.5 -1.8946e-13 0)
(1.5 -2.42742e-13 0)
(1.5 -3.40188e-13 0)
(1.5 -3.89739e-13 0)
(1.5 -4.87177e-13 0)
(1.5 -5.19433e-13 0)
(1.5 -3.35345e-13 0)
(1.5 -3.61023e-13 0)
(1.5 -3.92473e-13 0)
(1.5 -4.82102e-13 0)
(1.5 -5.05997e-13 0)
(1.5 -4.67343e-13 0)
(1.5 -3.49747e-13 0)
(1.5 -3.49853e-13 0)
(1.5 -2.66096e-13 0)
(1.5 -2.65956e-13 0)
(1.5 -3.4398e-13 0)
(1.5 -2.8706e-13 0)
(1.5 -2.53272e-13 0)
(1.5 -2.46887e-13 0)
(1.5 -2.70662e-13 0)
(1.5 -2.3172e-13 0)
(1.5 -2.64757e-13 0)
(1.5 -2.93216e-13 0)
(1.5 -3.01461e-13 0)
(1.5 -2.76817e-13 0)
(1.5 -2.93838e-13 0)
(1.5 -2.95138e-13 0)
(1.5 -2.43741e-13 0)
(1.5 -2.04545e-13 0)
(1.5 -1.53203e-13 0)
(1.5 -1.16717e-13 0)
(1.5 -1.78519e-13 0)
(1.5 -2.39211e-13 0)
(1.5 -2.17719e-13 0)
(1.5 -2.43866e-13 0)
(1.5 -2.47849e-13 0)
(1.5 -1.15575e-13 0)
(1.5 -4.39975e-14 0)
(1.5 4.98422e-14 0)
(1.5 2.19451e-14 0)
(1.5 1.13241e-14 0)
(1.5 -3.51588e-14 0)
(1.5 -3.64068e-14 0)
(1.5 -7.9284e-14 0)
(1.5 3.52655e-14 0)
(1.5 1.70919e-13 0)
(1.5 1.75864e-13 0)
(1.5 1.55957e-13 0)
(1.5 1.69659e-13 0)
(1.5 1.17488e-13 0)
(1.5 5.09647e-14 0)
(1.5 9.66286e-14 0)
(1.5 8.28091e-14 0)
(1.5 -8.4694e-14 0)
(1.5 -2.57807e-13 0)
(1.5 -3.47029e-13 0)
(1.5 -4.21872e-13 0)
(1.5 -5.55563e-13 0)
(1.5 -5.54369e-13 0)
(1.5 -6.35752e-13 0)
(1.5 -6.45571e-13 0)
(1.5 -6.84703e-13 0)
(1.5 -6.6962e-13 0)
(1.5 -5.61104e-13 0)
(1.5 -5.77395e-13 0)
(1.5 -5.32077e-13 0)
(1.5 -4.36065e-13 0)
(1.5 -4.46787e-13 0)
(1.5 -5.33897e-13 0)
(1.5 -5.70775e-13 0)
(1.5 -5.06106e-13 0)
(1.5 -4.20018e-13 0)
(1.5 -3.11846e-13 0)
(1.5 -2.97174e-13 0)
(1.5 -2.04767e-13 0)
(1.5 -4.26028e-14 0)
(1.5 1.03945e-13 0)
(1.5 2.22782e-13 0)
(1.5 3.64716e-13 0)
(1.5 5.6964e-13 0)
(1.5 6.29817e-13 0)
(1.5 7.51213e-13 0)
(1.5 7.97789e-13 0)
(1.5 7.16583e-13 0)
(1.5 6.86494e-13 0)
(1.5 6.60907e-13 0)
(1.5 5.68793e-13 0)
(1.5 4.91455e-13 0)
(1.5 4.53637e-13 0)
(1.5 4.89944e-13 0)
(1.5 5.04605e-13 0)
(1.5 6.45084e-13 0)
(1.5 6.31745e-13 0)
(1.5 3.98139e-13 0)
(1.5 2.42665e-13 0)
(1.5 1.37678e-13 0)
(1.5 1.97321e-13 0)
(1.5 3.60159e-13 0)
(1.5 5.17922e-13 0)
(1.5 6.90771e-13 0)
(1.5 5.57038e-13 0)
(1.5 5.16758e-13 0)
(1.5 4.62266e-13 0)
(1.5 3.66942e-13 0)
(1.5 2.36888e-13 0)
(1.5 1.2874e-13 0)
(1.5 2.73978e-13 0)
(1.5 2.89316e-13 0)
(1.5 2.82888e-13 0)
(1.5 2.59564e-13 0)
(1.5 1.44573e-13 0)
(1.5 1.1321e-13 0)
(1.5 2.56026e-14 0)
(1.5 -5.24824e-14 0)
(1.5 -6.03901e-15 0)
(1.5 -1.35573e-14 0)
(1.5 -1.52521e-13 0)
(1.5 -3.12132e-13 0)
(1.5 -2.24182e-13 0)
(1.5 -1.65772e-13 0)
(1.5 -1.10228e-13 0)
(1.5 -1.07769e-13 0)
(1.5 -2.16404e-13 0)
(1.5 -3.16056e-13 0)
(1.5 -3.13068e-13 0)
(1.5 -1.74208e-13 0)
(1.5 -1.30548e-13 0)
(1.5 -1.31668e-13 0)
(1.5 -2.43988e-13 0)
(1.5 -3.00386e-13 0)
(1.5 -4.66997e-13 0)
(1.5 -5.70716e-13 0)
(1.5 -6.68815e-13 0)
(1.5 -5.80043e-13 0)
(1.5 -5.13103e-13 0)
(1.5 -4.69862e-13 0)
(1.5 -2.67376e-13 0)
(1.5 -7.86847e-14 0)
(1.5 -6.81766e-14 0)
(1.5 -3.06951e-13 0)
(1.5 -3.6606e-13 0)
(1.5 -3.08247e-13 0)
(1.5 -2.424e-13 0)
(1.5 -2.32303e-13 0)
(1.5 -1.58931e-13 0)
(1.5 -1.50758e-13 0)
(1.5 -1.95544e-13 0)
(1.5 -2.38122e-13 0)
(1.5 -4.18547e-13 0)
(1.5 -4.06028e-13 0)
(1.5 -2.84492e-13 0)
(1.5 -2.69546e-13 0)
(1.5 -2.36246e-13 0)
(1.5 -1.94278e-13 0)
(1.5 -1.76078e-13 0)
(1.5 -2.12176e-13 0)
(1.5 -3.09302e-13 0)
(1.5 -5.57705e-13 0)
(1.5 -6.52594e-13 0)
(1.5 -7.84355e-13 0)
(1.5 -7.70559e-13 0)
(1.5 -7.20509e-13 0)
(1.5 -8.41035e-13 0)
(1.5 -7.57173e-13 0)
(1.5 -6.30375e-13 0)
(1.5 -3.89971e-13 0)
(1.5 -1.96815e-13 0)
(1.5 -5.32244e-14 0)
(1.5 8.37586e-14 0)
(1.5 3.68851e-14 0)
(1.5 1.01926e-13 0)
(1.5 -4.64529e-14 0)
(1.5 -1.86775e-13 0)
(1.5 -2.3493e-13 0)
(1.5 -3.66942e-13 0)
(1.5 -4.58785e-13 0)
(1.5 -5.90835e-13 0)
(1.5 -6.36333e-13 0)
(1.5 -6.93931e-13 0)
(1.5 -8.29155e-13 0)
(1.5 -7.26965e-13 0)
(1.5 -5.81826e-13 0)
(1.5 -5.86664e-13 0)
(1.5 1.06766e-13 0)
(1.5 2.11413e-13 0)
(1.5 1.9809e-13 0)
(1.5 2.1859e-13 0)
(1.5 1.30146e-13 0)
(1.5 1.49579e-13 0)
(1.5 1.27683e-13 0)
(1.5 3.54138e-14 0)
(1.5 5.03641e-14 0)
(1.5 -8.37091e-14 0)
(1.5 -1.1377e-13 0)
(1.5 -2.54325e-14 0)
(1.5 -3.21722e-14 0)
(1.5 -1.90542e-14 0)
(1.5 -2.56541e-14 0)
(1.5 -7.73921e-14 0)
(1.5 -1.92843e-13 0)
(1.5 -2.87854e-13 0)
(1.5 -2.69411e-13 0)
(1.5 -2.76954e-13 0)
(1.5 -3.85279e-13 0)
(1.5 -3.99248e-13 0)
(1.5 -3.03592e-13 0)
(1.5 -2.4669e-13 0)
(1.5 -2.01421e-13 0)
(1.5 -3.3402e-13 0)
(1.5 -4.13519e-13 0)
(1.5 -3.6728e-13 0)
(1.5 -3.61223e-13 0)
(1.5 -2.99806e-13 0)
(1.5 -2.66131e-13 0)
(1.5 -3.03189e-13 0)
(1.5 -2.96126e-13 0)
(1.5 -2.20987e-13 0)
(1.5 -1.35193e-13 0)
(1.5 -1.63313e-13 0)
(1.5 -2.13566e-13 0)
(1.5 -2.1925e-13 0)
(1.5 -2.98827e-13 0)
(1.5 -2.55217e-13 0)
(1.5 -2.40728e-13 0)
(1.5 -2.91821e-13 0)
(1.5 -2.87753e-13 0)
(1.5 -2.61707e-13 0)
(1.5 -2.31252e-13 0)
(1.5 -1.86508e-13 0)
(1.5 -1.91722e-13 0)
(1.5 -1.04692e-13 0)
(1.5 -7.1714e-14 0)
(1.5 -4.64619e-14 0)
(1.5 9.29375e-14 0)
(1.5 2.7919e-14 0)
(1.5 7.92359e-15 0)
(1.5 -1.44645e-14 0)
(1.5 1.38775e-14 0)
(1.5 4.56526e-14 0)
(1.5 1.54319e-13 0)
(1.5 1.35061e-13 0)
(1.5 1.38248e-13 0)
(1.5 1.6236e-13 0)
(1.5 9.33956e-14 0)
(1.5 1.44135e-13 0)
(1.5 1.69675e-13 0)
(1.5 8.93387e-14 0)
(1.5 1.1748e-13 0)
(1.5 2.17524e-13 0)
(1.5 3.23422e-13 0)
(1.5 2.68325e-13 0)
(1.5 1.79131e-13 0)
(1.5 1.02318e-13 0)
(1.5 5.89716e-16 0)
(1.5 -1.10274e-13 0)
(1.5 -1.92614e-13 0)
(1.5 -3.00846e-13 0)
(1.5 -3.82815e-13 0)
(1.5 -4.11676e-13 0)
(1.5 -4.4717e-13 0)
(1.5 -5.3884e-13 0)
(1.5 -5.82095e-13 0)
(1.5 -5.33061e-13 0)
(1.5 -4.63508e-13 0)
(1.5 -4.55918e-13 0)
(1.5 -4.1291e-13 0)
(1.5 -4.17759e-13 0)
(1.5 -4.44352e-13 0)
(1.5 -5.85951e-13 0)
(1.5 -6.37e-13 0)
(1.5 -5.93856e-13 0)
(1.5 -3.45146e-13 0)
(1.5 -1.69396e-13 0)
(1.5 -3.30783e-14 0)
(1.5 5.56156e-14 0)
(1.5 6.2572e-14 0)
(1.5 1.16981e-13 0)
(1.5 2.15118e-13 0)
(1.5 2.75379e-13 0)
(1.5 5.65707e-13 0)
(1.5 6.85898e-13 0)
(1.5 7.07313e-13 0)
(1.5 6.64708e-13 0)
(1.5 6.17563e-13 0)
(1.5 6.12261e-13 0)
(1.5 6.0038e-13 0)
(1.5 5.24047e-13 0)
(1.5 5.00484e-13 0)
(1.5 4.23808e-13 0)
(1.5 5.05347e-13 0)
(1.5 5.62725e-13 0)
(1.5 6.13645e-13 0)
(1.5 5.31451e-13 0)
(1.5 3.50221e-13 0)
(1.5 1.90572e-13 0)
(1.5 2.10577e-13 0)
(1.5 1.41207e-13 0)
(1.5 3.00657e-13 0)
(1.5 4.59098e-13 0)
(1.5 5.29462e-13 0)
(1.5 3.8764e-13 0)
(1.5 3.98416e-13 0)
(1.5 4.20078e-13 0)
(1.5 2.98983e-13 0)
(1.5 1.88725e-13 0)
(1.5 6.9716e-14 0)
(1.5 1.4509e-13 0)
(1.5 1.90759e-13 0)
(1.5 1.33858e-13 0)
(1.5 7.71417e-14 0)
(1.5 1.18708e-14 0)
(1.5 3.57583e-14 0)
(1.5 1.90013e-15 0)
(1.5 -1.98355e-14 0)
(1.5 -2.25495e-14 0)
(1.5 -4.35922e-14 0)
(1.5 -1.2225e-13 0)
(1.5 -3.32847e-13 0)
(1.5 -3.54163e-13 0)
(1.5 -3.3317e-13 0)
(1.5 -2.90246e-13 0)
(1.5 -2.57405e-13 0)
(1.5 -3.39572e-13 0)
(1.5 -3.75513e-13 0)
(1.5 -4.10149e-13 0)
(1.5 -2.92614e-13 0)
(1.5 -2.20955e-13 0)
(1.5 -2.27342e-13 0)
(1.5 -3.0109e-13 0)
(1.5 -3.33649e-13 0)
(1.5 -4.79252e-13 0)
(1.5 -5.12954e-13 0)
(1.5 -6.12129e-13 0)
(1.5 -5.96533e-13 0)
(1.5 -5.94664e-13 0)
(1.5 -4.51519e-13 0)
(1.5 -3.10918e-13 0)
(1.5 -1.9584e-13 0)
(1.5 -5.46364e-14 0)
(1.5 -1.34068e-13 0)
(1.5 -2.11407e-13 0)
(1.5 -1.78002e-13 0)
(1.5 -1.222e-13 0)
(1.5 -7.42429e-14 0)
(1.5 1.27945e-14 0)
(1.5 -1.08924e-13 0)
(1.5 -2.73577e-13 0)
(1.5 -3.04534e-13 0)
(1.5 -3.66795e-13 0)
(1.5 -4.17437e-13 0)
(1.5 -2.99324e-13 0)
(1.5 -2.05147e-13 0)
(1.5 -1.17285e-13 0)
(1.5 -1.61565e-13 0)
(1.5 -2.58106e-13 0)
(1.5 -2.16981e-13 0)
(1.5 -2.87258e-13 0)
(1.5 -4.12816e-13 0)
(1.5 -4.99718e-13 0)
(1.5 -5.66286e-13 0)
(1.5 -5.96428e-13 0)
(1.5 -6.5073e-13 0)
(1.5 -6.47447e-13 0)
(1.5 -5.72339e-13 0)
(1.5 -4.59239e-13 0)
(1.5 -3.34007e-13 0)
(1.5 -2.26691e-13 0)
(1.5 -9.37219e-14 0)
(1.5 -2.97879e-15 0)
(1.5 2.72155e-14 0)
(1.5 1.07236e-14 0)
(1.5 -1.03706e-13 0)
(1.5 -1.69182e-13 0)
(1.5 -2.31901e-13 0)
(1.5 -4.0449e-13 0)
(1.5 -4.25729e-13 0)
(1.5 -4.90212e-13 0)
(1.5 -6.024e-13 0)
(1.5 -6.61366e-13 0)
(1.5 -6.71402e-13 0)
(1.5 -5.52324e-13 0)
(1.5 -5.35646e-13 0)
(1.5 -5.05019e-13 0)
(1.5 1.78411e-14 0)
(1.5 7.60144e-14 0)
(1.5 7.25037e-14 0)
(1.5 9.47669e-14 0)
(1.5 1.19032e-13 0)
(1.5 1.67839e-13 0)
(1.5 1.26318e-13 0)
(1.5 4.68823e-15 0)
(1.5 4.38809e-14 0)
(1.5 7.36697e-15 0)
(1.5 3.53532e-14 0)
(1.5 6.05387e-14 0)
(1.5 7.48569e-14 0)
(1.5 9.82061e-14 0)
(1.5 6.83511e-14 0)
(1.5 6.1242e-15 0)
(1.5 -1.38602e-13 0)
(1.5 -2.4192e-13 0)
(1.5 -1.99078e-13 0)
(1.5 -1.98483e-13 0)
(1.5 -2.49964e-13 0)
(1.5 -2.21793e-13 0)
(1.5 -2.55335e-13 0)
(1.5 -1.49218e-13 0)
(1.5 -8.25458e-14 0)
(1.5 -1.76025e-13 0)
(1.5 -2.25288e-13 0)
(1.5 -2.28264e-13 0)
(1.5 -2.68612e-13 0)
(1.5 -2.92855e-13 0)
(1.5 -2.63642e-13 0)
(1.5 -2.52669e-13 0)
(1.5 -2.38907e-13 0)
(1.5 -1.40574e-13 0)
(1.5 -1.18155e-13 0)
(1.5 -1.87033e-13 0)
(1.5 -2.06475e-13 0)
(1.5 -1.82008e-13 0)
(1.5 -2.24508e-13 0)
(1.5 -1.6449e-13 0)
(1.5 -1.62234e-13 0)
(1.5 -1.96378e-13 0)
(1.5 -2.1048e-13 0)
(1.5 -1.65392e-13 0)
(1.5 -1.66919e-13 0)
(1.5 -8.35401e-14 0)
(1.5 -4.29219e-14 0)
(1.5 2.88661e-14 0)
(1.5 8.81464e-14 0)
(1.5 1.65781e-13 0)
(1.5 2.57277e-13 0)
(1.5 2.71516e-13 0)
(1.5 2.54795e-13 0)
(1.5 1.72711e-13 0)
(1.5 1.34269e-13 0)
(1.5 8.80721e-14 0)
(1.5 1.99698e-13 0)
(1.5 2.37578e-13 0)
(1.5 2.9765e-13 0)
(1.5 2.14032e-13 0)
(1.5 2.36879e-13 0)
(1.5 2.24608e-13 0)
(1.5 2.34076e-13 0)
(1.5 1.53922e-13 0)
(1.5 1.31778e-13 0)
(1.5 2.52517e-13 0)
(1.5 3.60264e-13 0)
(1.5 2.88769e-13 0)
(1.5 1.82451e-13 0)
(1.5 1.21087e-13 0)
(1.5 1.05951e-13 0)
(1.5 4.60606e-14 0)
(1.5 -4.99148e-14 0)
(1.5 -1.39554e-13 0)
(1.5 -1.93209e-13 0)
(1.5 -3.35342e-13 0)
(1.5 -3.65913e-13 0)
(1.5 -4.81474e-13 0)
(1.5 -4.36162e-13 0)
(1.5 -3.76974e-13 0)
(1.5 -4.19754e-13 0)
(1.5 -3.88591e-13 0)
(1.5 -3.79858e-13 0)
(1.5 -3.73971e-13 0)
(1.5 -4.56354e-13 0)
(1.5 -5.87756e-13 0)
(1.5 -5.8101e-13 0)
(1.5 -5.59146e-13 0)
(1.5 -3.17139e-13 0)
(1.5 -1.59316e-13 0)
(1.5 -9.77792e-15 0)
(1.5 1.81502e-13 0)
(1.5 1.38502e-13 0)
(1.5 1.46812e-13 0)
(1.5 2.02815e-13 0)
(1.5 2.703e-13 0)
(1.5 5.03877e-13 0)
(1.5 5.98947e-13 0)
(1.5 5.45352e-13 0)
(1.5 5.06208e-13 0)
(1.5 5.86945e-13 0)
(1.5 5.80754e-13 0)
(1.5 5.70813e-13 0)
(1.5 5.82592e-13 0)
(1.5 5.95724e-13 0)
(1.5 5.85106e-13 0)
(1.5 6.12192e-13 0)
(1.5 6.0839e-13 0)
(1.5 5.1413e-13 0)
(1.5 4.55033e-13 0)
(1.5 3.39793e-13 0)
(1.5 2.05818e-13 0)
(1.5 2.12972e-13 0)
(1.5 1.79939e-13 0)
(1.5 2.60468e-13 0)
(1.5 2.48867e-13 0)
(1.5 1.42959e-13 0)
(1.5 1.6214e-13 0)
(1.5 2.13437e-13 0)
(1.5 3.64346e-13 0)
(1.5 3.11336e-13 0)
(1.5 2.24501e-13 0)
(1.5 1.3032e-13 0)
(1.5 5.44177e-14 0)
(1.5 4.92889e-14 0)
(1.5 3.20399e-14 0)
(1.5 1.21704e-14 0)
(1.5 5.08635e-14 0)
(1.5 3.7262e-14 0)
(1.5 -5.66267e-15 0)
(1.5 1.82412e-14 0)
(1.5 -2.51346e-15 0)
(1.5 -1.88578e-14 0)
(1.5 -4.52386e-14 0)
(1.5 -2.18367e-13 0)
(1.5 -3.3676e-13 0)
(1.5 -3.74175e-13 0)
(1.5 -3.07135e-13 0)
(1.5 -2.41826e-13 0)
(1.5 -3.06204e-13 0)
(1.5 -3.19283e-13 0)
(1.5 -3.61067e-13 0)
(1.5 -2.33701e-13 0)
(1.5 -2.4675e-13 0)
(1.5 -3.59371e-13 0)
(1.5 -4.0737e-13 0)
(1.5 -4.46722e-13 0)
(1.5 -4.52682e-13 0)
(1.5 -4.87571e-13 0)
(1.5 -5.62782e-13 0)
(1.5 -5.96512e-13 0)
(1.5 -5.89839e-13 0)
(1.5 -4.50802e-13 0)
(1.5 -4.53229e-13 0)
(1.5 -4.32553e-13 0)
(1.5 -2.14366e-13 0)
(1.5 -8.60784e-14 0)
(1.5 -2.22171e-14 0)
(1.5 3.01755e-14 0)
(1.5 9.28279e-14 0)
(1.5 1.14785e-13 0)
(1.5 6.81479e-14 0)
(1.5 -8.076e-14 0)
(1.5 -2.3901e-13 0)
(1.5 -3.04803e-13 0)
(1.5 -3.04891e-13 0)
(1.5 -3.96902e-13 0)
(1.5 -3.43258e-13 0)
(1.5 -2.42479e-13 0)
(1.5 -1.6205e-13 0)
(1.5 -2.21025e-13 0)
(1.5 -2.50835e-13 0)
(1.5 -2.39709e-13 0)
(1.5 -2.47923e-13 0)
(1.5 -2.27951e-13 0)
(1.5 -3.15692e-13 0)
(1.5 -3.66328e-13 0)
(1.5 -4.3837e-13 0)
(1.5 -5.56763e-13 0)
(1.5 -4.35931e-13 0)
(1.5 -3.75281e-13 0)
(1.5 -2.73716e-13 0)
(1.5 -1.74548e-13 0)
(1.5 -1.06763e-13 0)
(1.5 -1.17959e-13 0)
(1.5 -8.73027e-14 0)
(1.5 -2.30503e-14 0)
(1.5 -5.83313e-14 0)
(1.5 -1.20904e-13 0)
(1.5 -1.44578e-13 0)
(1.5 -2.21891e-13 0)
(1.5 -3.84806e-13 0)
(1.5 -4.41823e-13 0)
(1.5 -4.76984e-13 0)
(1.5 -5.97875e-13 0)
(1.5 -5.30589e-13 0)
(1.5 -4.77379e-13 0)
(1.5 -4.60225e-13 0)
(1.5 -4.91291e-13 0)
(1.5 -4.53565e-13 0)
(1.5 -6.47401e-14 0)
(1.5 -3.72488e-14 0)
(1.5 4.75599e-14 0)
(1.5 -1.46574e-14 0)
(1.5 2.98976e-14 0)
(1.5 7.75854e-14 0)
(1.5 6.64456e-14 0)
(1.5 7.78295e-16 0)
(1.5 1.91406e-14 0)
(1.5 7.87974e-14 0)
(1.5 1.08317e-13 0)
(1.5 9.07538e-14 0)
(1.5 1.74035e-13 0)
(1.5 1.9769e-13 0)
(1.5 3.59209e-14 0)
(1.5 -3.28097e-14 0)
(1.5 -1.48039e-13 0)
(1.5 -2.30292e-13 0)
(1.5 -2.47687e-13 0)
(1.5 -2.28743e-13 0)
(1.5 -1.95383e-13 0)
(1.5 -1.27247e-13 0)
(1.5 -1.5923e-13 0)
(1.5 -1.29773e-13 0)
(1.5 -1.41974e-13 0)
(1.5 -1.61627e-13 0)
(1.5 -1.47159e-13 0)
(1.5 -1.48075e-13 0)
(1.5 -1.923e-13 0)
(1.5 -2.76619e-13 0)
(1.5 -3.44857e-13 0)
(1.5 -2.28868e-13 0)
(1.5 -1.75173e-13 0)
(1.5 -1.45715e-13 0)
(1.5 -2.34198e-13 0)
(1.5 -2.79432e-13 0)
(1.5 -2.68909e-13 0)
(1.5 -2.54155e-13 0)
(1.5 -2.45877e-13 0)
(1.5 -1.75935e-13 0)
(1.5 -1.16897e-13 0)
(1.5 -6.62203e-14 0)
(1.5 -5.76599e-14 0)
(1.5 4.62932e-14 0)
(1.5 3.63431e-14 0)
(1.5 7.46213e-14 0)
(1.5 9.99935e-14 0)
(1.5 5.10706e-14 0)
(1.5 1.37709e-13 0)
(1.5 1.90283e-13 0)
(1.5 1.7159e-13 0)
(1.5 2.8805e-13 0)
(1.5 3.57804e-13 0)
(1.5 3.09291e-13 0)
(1.5 1.98222e-13 0)
(1.5 1.81783e-13 0)
(1.5 1.87177e-13 0)
(1.5 1.90146e-13 0)
(1.5 2.28165e-13 0)
(1.5 1.52139e-13 0)
(1.5 2.21424e-13 0)
(1.5 2.39908e-13 0)
(1.5 2.34528e-13 0)
(1.5 2.46461e-13 0)
(1.5 1.82846e-13 0)
(1.5 2.09745e-13 0)
(1.5 2.60749e-13 0)
(1.5 1.98025e-13 0)
(1.5 1.18102e-13 0)
(1.5 9.5858e-14 0)
(1.5 8.61511e-14 0)
(1.5 1.15449e-14 0)
(1.5 -4.0138e-14 0)
(1.5 -1.11578e-13 0)
(1.5 -2.55409e-13 0)
(1.5 -4.06987e-13 0)
(1.5 -4.6977e-13 0)
(1.5 -4.18724e-13 0)
(1.5 -2.94547e-13 0)
(1.5 -3.31409e-13 0)
(1.5 -4.28958e-13 0)
(1.5 -4.42012e-13 0)
(1.5 -6.00451e-13 0)
(1.5 -5.58788e-13 0)
(1.5 -5.57549e-13 0)
(1.5 -6.04991e-13 0)
(1.5 -5.05016e-13 0)
(1.5 -3.43171e-13 0)
(1.5 -2.41226e-13 0)
(1.5 -1.97233e-13 0)
(1.5 -1.16624e-13 0)
(1.5 1.46996e-13 0)
(1.5 1.44882e-13 0)
(1.5 2.16857e-13 0)
(1.5 2.53391e-13 0)
(1.5 2.50688e-13 0)
(1.5 3.29888e-13 0)
(1.5 4.02251e-13 0)
(1.5 3.80498e-13 0)
(1.5 3.05754e-13 0)
(1.5 4.09128e-13 0)
(1.5 4.74563e-13 0)
(1.5 5.43327e-13 0)
(1.5 6.32476e-13 0)
(1.5 6.36607e-13 0)
(1.5 5.98444e-13 0)
(1.5 5.27696e-13 0)
(1.5 3.96487e-13 0)
(1.5 2.85043e-13 0)
(1.5 1.67705e-13 0)
(1.5 1.17282e-13 0)
(1.5 1.65049e-13 0)
(1.5 1.73946e-13 0)
(1.5 1.91367e-13 0)
(1.5 1.8524e-13 0)
(1.5 1.0761e-13 0)
(1.5 -1.00766e-13 0)
(1.5 -9.95358e-14 0)
(1.5 1.64954e-14 0)
(1.5 1.69576e-13 0)
(1.5 1.32383e-13 0)
(1.5 6.06583e-14 0)
(1.5 4.6428e-14 0)
(1.5 -4.46975e-14 0)
(1.5 -9.33783e-14 0)
(1.5 -2.27759e-14 0)
(1.5 2.7578e-14 0)
(1.5 1.30566e-13 0)
(1.5 5.63725e-14 0)
(1.5 -4.0498e-14 0)
(1.5 -2.19993e-14 0)
(1.5 5.52024e-15 0)
(1.5 -1.08414e-14 0)
(1.5 -4.7444e-14 0)
(1.5 -1.33705e-13 0)
(1.5 -3.07556e-13 0)
(1.5 -3.81439e-13 0)
(1.5 -3.18671e-13 0)
(1.5 -2.36952e-13 0)
(1.5 -2.33062e-13 0)
(1.5 -3.01218e-13 0)
(1.5 -3.05921e-13 0)
(1.5 -2.14931e-13 0)
(1.5 -2.63173e-13 0)
(1.5 -4.25689e-13 0)
(1.5 -5.93351e-13 0)
(1.5 -5.96329e-13 0)
(1.5 -4.40802e-13 0)
(1.5 -3.39158e-13 0)
(1.5 -2.61972e-13 0)
(1.5 -3.8145e-13 0)
(1.5 -4.06447e-13 0)
(1.5 -4.4971e-13 0)
(1.5 -5.45919e-13 0)
(1.5 -5.90579e-13 0)
(1.5 -4.22612e-13 0)
(1.5 -1.77935e-13 0)
(1.5 3.84601e-14 0)
(1.5 1.7863e-13 0)
(1.5 2.0141e-13 0)
(1.5 1.70761e-13 0)
(1.5 -2.42325e-15 0)
(1.5 -9.62485e-14 0)
(1.5 -1.58442e-13 0)
(1.5 -1.99197e-13 0)
(1.5 -1.9699e-13 0)
(1.5 -2.413e-13 0)
(1.5 -2.68058e-13 0)
(1.5 -2.41907e-13 0)
(1.5 -2.23414e-13 0)
(1.5 -3.52515e-13 0)
(1.5 -3.45889e-13 0)
(1.5 -3.29995e-13 0)
(1.5 -2.8944e-13 0)
(1.5 -2.53635e-13 0)
(1.5 -3.12312e-13 0)
(1.5 -3.5397e-13 0)
(1.5 -3.70413e-13 0)
(1.5 -4.15514e-13 0)
(1.5 -2.21435e-13 0)
(1.5 -2.6861e-13 0)
(1.5 -2.3133e-13 0)
(1.5 -1.57346e-13 0)
(1.5 -5.55817e-14 0)
(1.5 -1.27172e-13 0)
(1.5 -1.62747e-13 0)
(1.5 -1.34279e-13 0)
(1.5 -1.0022e-13 0)
(1.5 -7.616e-14 0)
(1.5 -1.24693e-13 0)
(1.5 -2.69866e-13 0)
(1.5 -3.32364e-13 0)
(1.5 -3.44458e-13 0)
(1.5 -3.06688e-13 0)
(1.5 -3.85523e-13 0)
(1.5 -2.75783e-13 0)
(1.5 -3.23215e-13 0)
(1.5 -4.64295e-13 0)
(1.5 -5.96774e-13 0)
(1.5 -6.17418e-13 0)
(1.5 1.16881e-14 0)
(1.5 -1.82145e-14 0)
(1.5 2.03352e-14 0)
(1.5 -1.00833e-13 0)
(1.5 -1.40235e-13 0)
(1.5 -1.1194e-13 0)
(1.5 -3.5876e-14 0)
(1.5 6.59378e-14 0)
(1.5 1.20832e-13 0)
(1.5 2.46269e-13 0)
(1.5 2.56071e-13 0)
(1.5 1.05124e-13 0)
(1.5 1.68123e-13 0)
(1.5 2.02066e-13 0)
(1.5 3.78611e-14 0)
(1.5 -8.3991e-14 0)
(1.5 -2.36954e-13 0)
(1.5 -2.58097e-13 0)
(1.5 -2.82299e-13 0)
(1.5 -2.44807e-13 0)
(1.5 -1.73063e-13 0)
(1.5 -1.28411e-13 0)
(1.5 -1.00945e-13 0)
(1.5 -1.44097e-13 0)
(1.5 -1.96101e-13 0)
(1.5 -1.72757e-13 0)
(1.5 -1.9989e-13 0)
(1.5 -1.285e-13 0)
(1.5 -2.00041e-13 0)
(1.5 -2.83003e-13 0)
(1.5 -4.32366e-13 0)
(1.5 -2.93423e-13 0)
(1.5 -1.31329e-13 0)
(1.5 -1.14962e-13 0)
(1.5 -1.69566e-13 0)
(1.5 -3.06044e-13 0)
(1.5 -3.03314e-13 0)
(1.5 -3.00474e-13 0)
(1.5 -2.98614e-13 0)
(1.5 -2.77399e-13 0)
(1.5 -1.62938e-13 0)
(1.5 2.67215e-14 0)
(1.5 1.48657e-13 0)
(1.5 2.2874e-13 0)
(1.5 2.11918e-13 0)
(1.5 1.90924e-13 0)
(1.5 1.10278e-13 0)
(1.5 5.54436e-14 0)
(1.5 1.07237e-13 0)
(1.5 1.50304e-13 0)
(1.5 1.25195e-13 0)
(1.5 1.94729e-13 0)
(1.5 3.44148e-13 0)
(1.5 2.98776e-13 0)
(1.5 2.18142e-13 0)
(1.5 2.43788e-13 0)
(1.5 2.44569e-13 0)
(1.5 1.8204e-13 0)
(1.5 1.8654e-13 0)
(1.5 2.57468e-13 0)
(1.5 2.55145e-13 0)
(1.5 2.20461e-13 0)
(1.5 2.31625e-13 0)
(1.5 3.25619e-13 0)
(1.5 2.6358e-13 0)
(1.5 1.60642e-13 0)
(1.5 1.61803e-13 0)
(1.5 1.48702e-13 0)
(1.5 1.25021e-13 0)
(1.5 1.0962e-13 0)
(1.5 4.86648e-14 0)
(1.5 -4.02082e-14 0)
(1.5 -6.27037e-14 0)
(1.5 -2.16821e-13 0)
(1.5 -3.627e-13 0)
(1.5 -4.09971e-13 0)
(1.5 -5.13849e-13 0)
(1.5 -3.70182e-13 0)
(1.5 -2.38759e-13 0)
(1.5 -3.41043e-13 0)
(1.5 -4.40264e-13 0)
(1.5 -5.41856e-13 0)
(1.5 -6.81382e-13 0)
(1.5 -6.18322e-13 0)
(1.5 -5.30406e-13 0)
(1.5 -5.06372e-13 0)
(1.5 -4.51282e-13 0)
(1.5 -2.57605e-13 0)
(1.5 -2.18442e-13 0)
(1.5 -2.23145e-13 0)
(1.5 -9.59325e-14 0)
(1.5 9.49683e-14 0)
(1.5 1.08059e-13 0)
(1.5 1.61961e-13 0)
(1.5 1.31215e-13 0)
(1.5 1.87808e-13 0)
(1.5 2.64964e-13 0)
(1.5 3.44237e-13 0)
(1.5 3.40503e-13 0)
(1.5 3.13899e-13 0)
(1.5 3.60177e-13 0)
(1.5 4.36397e-13 0)
(1.5 4.83443e-13 0)
(1.5 5.33172e-13 0)
(1.5 5.2428e-13 0)
(1.5 4.44045e-13 0)
(1.5 3.09329e-13 0)
(1.5 2.20142e-13 0)
(1.5 1.98863e-13 0)
(1.5 7.04526e-14 0)
(1.5 9.78555e-14 0)
(1.5 2.51717e-13 0)
(1.5 2.8379e-13 0)
(1.5 2.15673e-13 0)
(1.5 4.51197e-14 0)
(1.5 8.05951e-14 0)
(1.5 -7.9729e-14 0)
(1.5 -9.8963e-14 0)
(1.5 1.15104e-14 0)
(1.5 5.05819e-14 0)
(1.5 3.9941e-14 0)
(1.5 -1.27448e-16 0)
(1.5 5.60864e-15 0)
(1.5 -4.47707e-14 0)
(1.5 -6.66421e-14 0)
(1.5 4.74722e-15 0)
(1.5 1.89293e-14 0)
(1.5 9.44404e-14 0)
(1.5 2.5306e-14 0)
(1.5 -5.68362e-14 0)
(1.5 -5.68844e-14 0)
(1.5 4.79273e-14 0)
(1.5 2.94514e-14 0)
(1.5 -6.63167e-14 0)
(1.5 -1.10738e-13 0)
(1.5 -2.10898e-13 0)
(1.5 -2.45009e-13 0)
(1.5 -2.68594e-13 0)
(1.5 -2.55585e-13 0)
(1.5 -2.49144e-13 0)
(1.5 -3.37391e-13 0)
(1.5 -3.01521e-13 0)
(1.5 -2.94011e-13 0)
(1.5 -3.16604e-13 0)
(1.5 -4.66937e-13 0)
(1.5 -5.85011e-13 0)
(1.5 -5.78229e-13 0)
(1.5 -3.70879e-13 0)
(1.5 -2.14913e-13 0)
(1.5 -7.22688e-14 0)
(1.5 -1.98038e-13 0)
(1.5 -2.76283e-13 0)
(1.5 -3.89007e-13 0)
(1.5 -5.03937e-13 0)
(1.5 -4.75832e-13 0)
(1.5 -4.07777e-13 0)
(1.5 -1.64408e-13 0)
(1.5 5.28059e-14 0)
(1.5 2.72033e-13 0)
(1.5 1.80618e-13 0)
(1.5 1.40743e-13 0)
(1.5 -3.40669e-14 0)
(1.5 -9.50764e-14 0)
(1.5 -1.12982e-13 0)
(1.5 -1.35889e-13 0)
(1.5 -1.07494e-13 0)
(1.5 -1.00948e-13 0)
(1.5 -1.12725e-13 0)
(1.5 -9.8654e-14 0)
(1.5 -1.65755e-13 0)
(1.5 -3.08554e-13 0)
(1.5 -2.8464e-13 0)
(1.5 -2.69431e-13 0)
(1.5 -3.23912e-13 0)
(1.5 -3.48346e-13 0)
(1.5 -4.19356e-13 0)
(1.5 -4.21775e-13 0)
(1.5 -3.64295e-13 0)
(1.5 -2.15639e-13 0)
(1.5 -7.89843e-14 0)
(1.5 -1.523e-13 0)
(1.5 -2.31214e-13 0)
(1.5 -2.1866e-13 0)
(1.5 -6.33179e-14 0)
(1.5 -1.46986e-13 0)
(1.5 -1.39532e-13 0)
(1.5 -1.66404e-13 0)
(1.5 -1.40748e-13 0)
(1.5 -3.63439e-14 0)
(1.5 -1.11218e-13 0)
(1.5 -2.48567e-13 0)
(1.5 -2.00632e-13 0)
(1.5 -1.53134e-13 0)
(1.5 -8.22015e-14 0)
(1.5 -1.68612e-13 0)
(1.5 -1.69006e-13 0)
(1.5 -2.5126e-13 0)
(1.5 -4.47331e-13 0)
(1.5 -6.30949e-13 0)
(1.5 -7.39213e-13 0)
(1.5 -7.85193e-15 0)
(1.5 -1.14249e-13 0)
(1.5 -2.06526e-13 0)
(1.5 -2.69394e-13 0)
(1.5 -2.40686e-13 0)
(1.5 -1.8645e-13 0)
(1.5 3.95743e-15 0)
(1.5 1.81045e-13 0)
(1.5 2.73305e-13 0)
(1.5 3.63272e-13 0)
(1.5 3.39946e-13 0)
(1.5 1.96997e-13 0)
(1.5 1.20619e-13 0)
(1.5 6.68377e-14 0)
(1.5 1.37963e-14 0)
(1.5 -7.39248e-15 0)
(1.5 -9.73413e-14 0)
(1.5 -1.5891e-13 0)
(1.5 -1.88352e-13 0)
(1.5 -2.83175e-13 0)
(1.5 -2.57311e-13 0)
(1.5 -2.62832e-13 0)
(1.5 -2.33809e-13 0)
(1.5 -2.26258e-13 0)
(1.5 -2.81068e-13 0)
(1.5 -2.35782e-13 0)
(1.5 -2.72742e-13 0)
(1.5 -1.87701e-13 0)
(1.5 -1.8336e-13 0)
(1.5 -2.93817e-13 0)
(1.5 -4.21098e-13 0)
(1.5 -3.44522e-13 0)
(1.5 -1.81871e-13 0)
(1.5 -1.71432e-13 0)
(1.5 -1.71643e-13 0)
(1.5 -3.33973e-13 0)
(1.5 -3.92482e-13 0)
(1.5 -3.88562e-13 0)
(1.5 -3.65829e-13 0)
(1.5 -3.89759e-13 0)
(1.5 -2.85306e-13 0)
(1.5 -1.00376e-13 0)
(1.5 2.37598e-14 0)
(1.5 6.146e-14 0)
(1.5 9.46325e-14 0)
(1.5 7.95851e-14 0)
(1.5 3.45632e-14 0)
(1.5 1.58729e-15 0)
(1.5 5.8838e-14 0)
(1.5 1.34808e-13 0)
(1.5 1.13821e-13 0)
(1.5 1.26331e-13 0)
(1.5 1.77481e-13 0)
(1.5 1.60169e-13 0)
(1.5 1.46781e-13 0)
(1.5 1.21736e-13 0)
(1.5 9.71448e-14 0)
(1.5 -5.15112e-15 0)
(1.5 4.59264e-14 0)
(1.5 1.3566e-13 0)
(1.5 1.04703e-13 0)
(1.5 4.32707e-14 0)
(1.5 1.06608e-13 0)
(1.5 1.68738e-13 0)
(1.5 1.43374e-13 0)
(1.5 8.87493e-14 0)
(1.5 3.45034e-14 0)
(1.5 3.79249e-14 0)
(1.5 5.7115e-14 0)
(1.5 1.07609e-14 0)
(1.5 3.52813e-14 0)
(1.5 -3.94347e-15 0)
(1.5 -1.99948e-14 0)
(1.5 -1.35185e-13 0)
(1.5 -1.6809e-13 0)
(1.5 -1.89508e-13 0)
(1.5 -3.16046e-13 0)
(1.5 -3.64617e-13 0)
(1.5 -3.84432e-13 0)
(1.5 -3.61176e-13 0)
(1.5 -4.40228e-13 0)
(1.5 -4.99764e-13 0)
(1.5 -5.1275e-13 0)
(1.5 -5.0533e-13 0)
(1.5 -3.99753e-13 0)
(1.5 -3.21561e-13 0)
(1.5 -3.22978e-13 0)
(1.5 -2.38321e-13 0)
(1.5 -2.86994e-13 0)
(1.5 -3.58849e-13 0)
(1.5 -2.08537e-13 0)
(1.5 -7.74982e-14 0)
(1.5 -1.31235e-14 0)
(1.5 -2.03961e-14 0)
(1.5 -2.90521e-14 0)
(1.5 1.83353e-13 0)
(1.5 2.57168e-13 0)
(1.5 3.72067e-13 0)
(1.5 3.89189e-13 0)
(1.5 4.53754e-13 0)
(1.5 4.73524e-13 0)
(1.5 4.17742e-13 0)
(1.5 3.63227e-13 0)
(1.5 3.1293e-13 0)
(1.5 2.74981e-13 0)
(1.5 2.90933e-13 0)
(1.5 2.03834e-13 0)
(1.5 2.07456e-13 0)
(1.5 1.66675e-13 0)
(1.5 9.04747e-14 0)
(1.5 1.18141e-13 0)
(1.5 1.86287e-13 0)
(1.5 2.24627e-13 0)
(1.5 2.47474e-13 0)
(1.5 1.17153e-13 0)
(1.5 1.60646e-13 0)
(1.5 9.16608e-14 0)
(1.5 1.16229e-13 0)
(1.5 1.74747e-13 0)
(1.5 1.4715e-13 0)
(1.5 1.22849e-13 0)
(1.5 7.51538e-14 0)
(1.5 4.12127e-14 0)
(1.5 8.05744e-14 0)
(1.5 3.71646e-14 0)
(1.5 -4.68398e-14 0)
(1.5 -5.08159e-14 0)
(1.5 -1.78371e-14 0)
(1.5 -9.61937e-14 0)
(1.5 -1.72321e-13 0)
(1.5 -1.44229e-13 0)
(1.5 -1.94997e-14 0)
(1.5 -4.82028e-15 0)
(1.5 -5.69296e-14 0)
(1.5 -9.38623e-14 0)
(1.5 -5.63105e-14 0)
(1.5 -1.04036e-13 0)
(1.5 -2.03396e-13 0)
(1.5 -2.33501e-13 0)
(1.5 -2.10458e-13 0)
(1.5 -2.85163e-13 0)
(1.5 -3.58415e-13 0)
(1.5 -4.01269e-13 0)
(1.5 -4.70548e-13 0)
(1.5 -5.33063e-13 0)
(1.5 -4.83953e-13 0)
(1.5 -4.70627e-13 0)
(1.5 -3.39829e-13 0)
(1.5 -1.74813e-13 0)
(1.5 -1.51579e-13 0)
(1.5 -1.92294e-13 0)
(1.5 -2.26017e-13 0)
(1.5 -2.339e-13 0)
(1.5 -2.75793e-13 0)
(1.5 -2.30663e-13 0)
(1.5 -2.63151e-13 0)
(1.5 -1.42589e-13 0)
(1.5 7.13276e-14 0)
(1.5 2.75592e-13 0)
(1.5 2.18727e-13 0)
(1.5 2.57706e-13 0)
(1.5 1.75876e-13 0)
(1.5 3.73872e-14 0)
(1.5 -3.35376e-14 0)
(1.5 -1.36874e-13 0)
(1.5 -8.66258e-14 0)
(1.5 -6.08871e-14 0)
(1.5 -2.52785e-14 0)
(1.5 9.46639e-14 0)
(1.5 -2.36501e-14 0)
(1.5 -6.87796e-14 0)
(1.5 -4.09948e-14 0)
(1.5 -9.11476e-14 0)
(1.5 -2.31431e-13 0)
(1.5 -3.14724e-13 0)
(1.5 -3.07701e-13 0)
(1.5 -2.68545e-13 0)
(1.5 -2.14089e-13 0)
(1.5 -4.43221e-15 0)
(1.5 -5.436e-14 0)
(1.5 -9.38008e-14 0)
(1.5 -1.73367e-13 0)
(1.5 -1.82141e-13 0)
(1.5 -8.51825e-14 0)
(1.5 -1.59165e-13 0)
(1.5 -1.01107e-13 0)
(1.5 -7.71581e-14 0)
(1.5 -1.13572e-13 0)
(1.5 -4.40836e-15 0)
(1.5 -6.871e-14 0)
(1.5 -1.82973e-13 0)
(1.5 -8.69306e-14 0)
(1.5 -9.86773e-14 0)
(1.5 -7.06711e-14 0)
(1.5 -8.87748e-14 0)
(1.5 -2.09503e-13 0)
(1.5 -1.93266e-13 0)
(1.5 -3.74307e-13 0)
(1.5 -4.81493e-13 0)
(1.5 -6.55893e-13 0)
(1.5 -1.08383e-13 0)
(1.5 -2.4386e-13 0)
(1.5 -3.33756e-13 0)
(1.5 -3.29122e-13 0)
(1.5 -2.07843e-13 0)
(1.5 -8.93932e-14 0)
(1.5 1.13364e-13 0)
(1.5 2.34458e-13 0)
(1.5 2.73927e-13 0)
(1.5 3.27308e-13 0)
(1.5 3.86315e-13 0)
(1.5 2.8163e-13 0)
(1.5 1.36589e-13 0)
(1.5 4.49884e-14 0)
(1.5 2.68891e-14 0)
(1.5 4.66826e-14 0)
(1.5 3.17344e-14 0)
(1.5 1.24791e-14 0)
(1.5 -3.11062e-15 0)
(1.5 -1.01847e-13 0)
(1.5 -1.02046e-13 0)
(1.5 -9.30127e-14 0)
(1.5 -1.16444e-13 0)
(1.5 -1.10456e-13 0)
(1.5 -1.61309e-13 0)
(1.5 -7.76079e-14 0)
(1.5 -7.92398e-14 0)
(1.5 -1.08063e-13 0)
(1.5 -5.09169e-14 0)
(1.5 -1.05866e-13 0)
(1.5 -1.50803e-13 0)
(1.5 -2.04564e-13 0)
(1.5 -1.312e-13 0)
(1.5 -1.1699e-13 0)
(1.5 -1.13445e-13 0)
(1.5 -1.7917e-13 0)
(1.5 -2.66946e-13 0)
(1.5 -2.62891e-13 0)
(1.5 -1.92149e-13 0)
(1.5 -2.29597e-13 0)
(1.5 -1.80112e-13 0)
(1.5 -8.72594e-14 0)
(1.5 -4.72604e-14 0)
(1.5 -2.16856e-14 0)
(1.5 4.69214e-14 0)
(1.5 6.06325e-14 0)
(1.5 9.68516e-14 0)
(1.5 9.21817e-14 0)
(1.5 1.68939e-13 0)
(1.5 2.36701e-13 0)
(1.5 2.39943e-13 0)
(1.5 2.38934e-13 0)
(1.5 1.68716e-13 0)
(1.5 2.06771e-13 0)
(1.5 1.65224e-13 0)
(1.5 1.1328e-13 0)
(1.5 6.97524e-14 0)
(1.5 -4.7713e-14 0)
(1.5 -9.60747e-15 0)
(1.5 1.78889e-14 0)
(1.5 4.00582e-14 0)
(1.5 7.62397e-14 0)
(1.5 7.70808e-14 0)
(1.5 1.00884e-13 0)
(1.5 6.34775e-14 0)
(1.5 1.30058e-13 0)
(1.5 1.09307e-13 0)
(1.5 1.28206e-13 0)
(1.5 1.1197e-13 0)
(1.5 3.51865e-14 0)
(1.5 6.28061e-14 0)
(1.5 3.9584e-14 0)
(1.5 5.80009e-14 0)
(1.5 3.63653e-14 0)
(1.5 -2.68255e-15 0)
(1.5 -6.27615e-14 0)
(1.5 -1.08941e-13 0)
(1.5 -2.20368e-13 0)
(1.5 -2.60092e-13 0)
(1.5 -2.3094e-13 0)
(1.5 -2.82475e-13 0)
(1.5 -3.32157e-13 0)
(1.5 -2.44445e-13 0)
(1.5 -3.19664e-13 0)
(1.5 -2.84299e-13 0)
(1.5 -1.74806e-13 0)
(1.5 -1.75659e-13 0)
(1.5 -2.0616e-13 0)
(1.5 -3.83365e-13 0)
(1.5 -4.1617e-13 0)
(1.5 -3.52929e-13 0)
(1.5 -2.84559e-13 0)
(1.5 -2.01772e-13 0)
(1.5 -2.03757e-13 0)
(1.5 -1.09596e-13 0)
(1.5 7.11792e-14 0)
(1.5 1.42884e-13 0)
(1.5 2.56314e-13 0)
(1.5 3.23887e-13 0)
(1.5 3.43657e-13 0)
(1.5 3.45394e-13 0)
(1.5 3.00743e-13 0)
(1.5 2.99864e-13 0)
(1.5 2.4677e-13 0)
(1.5 1.88078e-13 0)
(1.5 3.09985e-13 0)
(1.5 2.68475e-13 0)
(1.5 1.90447e-13 0)
(1.5 3.56745e-14 0)
(1.5 -6.98456e-14 0)
(1.5 -2.55751e-14 0)
(1.5 4.30885e-14 0)
(1.5 1.03192e-13 0)
(1.5 2.38277e-13 0)
(1.5 2.27226e-13 0)
(1.5 1.13425e-13 0)
(1.5 8.87158e-14 0)
(1.5 1.26068e-13 0)
(1.5 1.096e-13 0)
(1.5 5.16886e-14 0)
(1.5 1.41347e-14 0)
(1.5 2.78169e-14 0)
(1.5 3.34155e-14 0)
(1.5 1.02671e-13 0)
(1.5 7.76286e-14 0)
(1.5 -5.79531e-14 0)
(1.5 -1.37373e-13 0)
(1.5 -1.32396e-13 0)
(1.5 -1.808e-13 0)
(1.5 -1.65078e-13 0)
(1.5 -1.07275e-13 0)
(1.5 -5.05534e-14 0)
(1.5 -1.77991e-14 0)
(1.5 -5.18409e-14 0)
(1.5 -6.24145e-14 0)
(1.5 -8.31533e-14 0)
(1.5 -1.79681e-13 0)
(1.5 -2.43993e-13 0)
(1.5 -3.05256e-13 0)
(1.5 -2.64607e-13 0)
(1.5 -2.74571e-13 0)
(1.5 -3.38445e-13 0)
(1.5 -4.61738e-13 0)
(1.5 -5.63628e-13 0)
(1.5 -4.68615e-13 0)
(1.5 -3.21764e-13 0)
(1.5 -2.49547e-13 0)
(1.5 -2.87406e-13 0)
(1.5 -1.94908e-13 0)
(1.5 -9.10575e-14 0)
(1.5 -1.50612e-14 0)
(1.5 -1.44253e-14 0)
(1.5 -5.25312e-15 0)
(1.5 -7.88553e-14 0)
(1.5 -1.66395e-13 0)
(1.5 -2.46413e-13 0)
(1.5 -2.30321e-13 0)
(1.5 -8.11758e-14 0)
(1.5 7.70042e-14 0)
(1.5 2.22238e-13 0)
(1.5 2.13756e-13 0)
(1.5 1.59147e-13 0)
(1.5 -4.28002e-14 0)
(1.5 -1.10949e-13 0)
(1.5 -1.89895e-13 0)
(1.5 -1.99701e-13 0)
(1.5 -1.34366e-13 0)
(1.5 -4.96195e-14 0)
(1.5 8.8741e-14 0)
(1.5 6.72571e-14 0)
(1.5 8.16822e-14 0)
(1.5 9.52999e-14 0)
(1.5 -4.2897e-15 0)
(1.5 -1.03535e-13 0)
(1.5 -2.4284e-13 0)
(1.5 -1.63037e-13 0)
(1.5 -6.69501e-14 0)
(1.5 -4.41125e-14 0)
(1.5 6.33683e-14 0)
(1.5 -1.40591e-14 0)
(1.5 -6.62197e-14 0)
(1.5 -9.10291e-14 0)
(1.5 -1.06168e-13 0)
(1.5 -1.15117e-13 0)
(1.5 -4.72002e-14 0)
(1.5 2.03628e-14 0)
(1.5 1.25114e-13 0)
(1.5 3.1376e-14 0)
(1.5 6.71088e-14 0)
(1.5 6.52641e-14 0)
(1.5 2.90749e-14 0)
(1.5 8.24734e-14 0)
(1.5 -2.85579e-14 0)
(1.5 -5.62202e-14 0)
(1.5 3.97768e-14 0)
(1.5 -7.5117e-14 0)
(1.5 -1.53779e-13 0)
(1.5 -3.37055e-13 0)
(1.5 -4.31928e-13 0)
(1.5 -5.20871e-13 0)
(1.5 -4.69258e-14 0)
(1.5 -1.37485e-13 0)
(1.5 -2.75343e-13 0)
(1.5 -2.8901e-13 0)
(1.5 -2.35117e-13 0)
(1.5 -1.19172e-13 0)
(1.5 -3.6943e-14 0)
(1.5 8.29151e-14 0)
(1.5 1.2659e-13 0)
(1.5 2.46162e-13 0)
(1.5 4.00007e-13 0)
(1.5 1.90729e-13 0)
(1.5 7.72184e-14 0)
(1.5 8.43868e-14 0)
(1.5 6.71039e-14 0)
(1.5 1.12548e-13 0)
(1.5 1.13054e-13 0)
(1.5 1.61532e-13 0)
(1.5 1.33427e-13 0)
(1.5 1.1825e-13 0)
(1.5 1.42389e-13 0)
(1.5 8.69592e-14 0)
(1.5 1.32969e-14 0)
(1.5 -1.44966e-14 0)
(1.5 -5.0561e-14 0)
(1.5 -4.41602e-14 0)
(1.5 2.89148e-14 0)
(1.5 -6.24517e-14 0)
(1.5 1.53509e-15 0)
(1.5 8.60758e-15 0)
(1.5 4.52418e-14 0)
(1.5 -1.1614e-13 0)
(1.5 -1.38016e-13 0)
(1.5 -9.53849e-14 0)
(1.5 -9.6271e-14 0)
(1.5 -1.20166e-13 0)
(1.5 -1.69545e-13 0)
(1.5 -1.10755e-13 0)
(1.5 -8.65578e-15 0)
(1.5 -4.46008e-14 0)
(1.5 -6.40962e-14 0)
(1.5 -6.08284e-14 0)
(1.5 -2.07852e-14 0)
(1.5 -2.0263e-14 0)
(1.5 2.64641e-14 0)
(1.5 9.74244e-15 0)
(1.5 4.60154e-14 0)
(1.5 1.85576e-13 0)
(1.5 1.96701e-13 0)
(1.5 1.96444e-13 0)
(1.5 2.50142e-13 0)
(1.5 2.08706e-13 0)
(1.5 1.49393e-13 0)
(1.5 1.30514e-13 0)
(1.5 7.13666e-14 0)
(1.5 2.36719e-14 0)
(1.5 1.52451e-14 0)
(1.5 -4.07075e-15 0)
(1.5 -5.41697e-14 0)
(1.5 -2.43886e-14 0)
(1.5 5.37079e-15 0)
(1.5 8.20368e-14 0)
(1.5 6.26802e-14 0)
(1.5 1.18567e-13 0)
(1.5 6.24973e-14 0)
(1.5 8.0261e-14 0)
(1.5 9.86399e-14 0)
(1.5 1.39326e-13 0)
(1.5 1.27579e-13 0)
(1.5 7.46719e-14 0)
(1.5 3.30358e-14 0)
(1.5 8.55612e-14 0)
(1.5 8.12922e-14 0)
(1.5 1.41421e-13 0)
(1.5 1.23411e-13 0)
(1.5 -1.2807e-15 0)
(1.5 -2.99049e-14 0)
(1.5 -6.39745e-14 0)
(1.5 -1.05738e-13 0)
(1.5 -7.41282e-14 0)
(1.5 -5.42835e-14 0)
(1.5 -1.66987e-13 0)
(1.5 -1.24079e-13 0)
(1.5 -1.82847e-13 0)
(1.5 -2.01473e-13 0)
(1.5 -1.48984e-13 0)
(1.5 -8.69004e-14 0)
(1.5 -2.2769e-13 0)
(1.5 -4.56218e-13 0)
(1.5 -3.72501e-13 0)
(1.5 -3.59697e-13 0)
(1.5 -3.93689e-13 0)
(1.5 -3.05569e-13 0)
(1.5 -2.99558e-13 0)
(1.5 -1.50997e-13 0)
(1.5 -3.51117e-14 0)
(1.5 3.81881e-14 0)
(1.5 1.61073e-13 0)
(1.5 2.43945e-13 0)
(1.5 2.72544e-13 0)
(1.5 2.24089e-13 0)
(1.5 1.81592e-13 0)
(1.5 2.32957e-13 0)
(1.5 2.8794e-13 0)
(1.5 3.05115e-13 0)
(1.5 3.84288e-13 0)
(1.5 3.1792e-13 0)
(1.5 1.64448e-13 0)
(1.5 -1.92686e-14 0)
(1.5 -1.02065e-13 0)
(1.5 1.85972e-14 0)
(1.5 8.53031e-14 0)
(1.5 1.39232e-13 0)
(1.5 2.35655e-13 0)
(1.5 2.71752e-13 0)
(1.5 1.02202e-13 0)
(1.5 9.21339e-14 0)
(1.5 1.12657e-13 0)
(1.5 -2.07979e-14 0)
(1.5 -7.33459e-14 0)
(1.5 -3.58947e-14 0)
(1.5 -7.36165e-15 0)
(1.5 -1.80554e-14 0)
(1.5 -3.62626e-14 0)
(1.5 4.56069e-15 0)
(1.5 -2.75087e-14 0)
(1.5 -1.51166e-13 0)
(1.5 -2.126e-13 0)
(1.5 -1.28646e-13 0)
(1.5 -1.70893e-14 0)
(1.5 -7.45195e-14 0)
(1.5 -8.55494e-14 0)
(1.5 -4.37947e-14 0)
(1.5 -6.44493e-14 0)
(1.5 -3.19302e-14 0)
(1.5 -1.57736e-13 0)
(1.5 -2.27274e-13 0)
(1.5 -2.1757e-13 0)
(1.5 -2.40246e-13 0)
(1.5 -1.92368e-13 0)
(1.5 -1.6269e-13 0)
(1.5 -1.21816e-13 0)
(1.5 -3.03424e-13 0)
(1.5 -3.7677e-13 0)
(1.5 -2.52821e-13 0)
(1.5 -9.91573e-14 0)
(1.5 -5.12816e-14 0)
(1.5 -1.69805e-13 0)
(1.5 -2.37423e-13 0)
(1.5 -6.73755e-14 0)
(1.5 1.46183e-13 0)
(1.5 1.83682e-13 0)
(1.5 7.08664e-14 0)
(1.5 -3.19736e-14 0)
(1.5 -1.9279e-13 0)
(1.5 -2.3023e-13 0)
(1.5 -1.88233e-13 0)
(1.5 -1.1243e-13 0)
(1.5 -5.94246e-14 0)
(1.5 9.44413e-14 0)
(1.5 6.45841e-14 0)
(1.5 -4.05138e-14 0)
(1.5 -1.9952e-13 0)
(1.5 -2.21322e-13 0)
(1.5 -2.17616e-13 0)
(1.5 -1.87069e-13 0)
(1.5 -5.2058e-14 0)
(1.5 2.37489e-14 0)
(1.5 7.04643e-14 0)
(1.5 1.38794e-13 0)
(1.5 2.20366e-13 0)
(1.5 2.65137e-13 0)
(1.5 8.72738e-14 0)
(1.5 -2.9644e-14 0)
(1.5 -1.01734e-13 0)
(1.5 -9.39431e-14 0)
(1.5 2.29517e-15 0)
(1.5 -4.98253e-14 0)
(1.5 -1.90223e-14 0)
(1.5 4.7887e-14 0)
(1.5 7.96925e-14 0)
(1.5 3.49077e-14 0)
(1.5 -4.66834e-14 0)
(1.5 -9.10278e-14 0)
(1.5 3.26927e-14 0)
(1.5 6.33599e-14 0)
(1.5 2.05396e-13 0)
(1.5 1.33603e-13 0)
(1.5 5.68724e-14 0)
(1.5 7.28853e-14 0)
(1.5 1.54018e-13 0)
(1.5 1.99557e-13 0)
(1.5 1.03463e-13 0)
(1.5 4.71856e-14 0)
(1.5 1.20379e-13 0)
(1.5 5.11983e-14 0)
(1.5 -1.79919e-13 0)
(1.5 -3.87422e-13 0)
(1.5 -4.8458e-13 0)
(1.5 -4.93977e-13 0)
(1.5 -8.82923e-15 0)
(1.5 -3.18374e-14 0)
(1.5 -1.85214e-13 0)
(1.5 -2.22484e-13 0)
(1.5 -2.26235e-13 0)
(1.5 -1.68041e-13 0)
(1.5 -1.7062e-13 0)
(1.5 -5.01685e-14 0)
(1.5 1.05687e-13 0)
(1.5 2.05242e-13 0)
(1.5 2.84889e-13 0)
(1.5 1.08301e-13 0)
(1.5 7.36995e-14 0)
(1.5 1.18195e-13 0)
(1.5 1.14164e-13 0)
(1.5 1.64232e-13 0)
(1.5 1.55948e-13 0)
(1.5 1.36057e-13 0)
(1.5 1.18665e-13 0)
(1.5 1.69757e-13 0)
(1.5 2.26371e-13 0)
(1.5 1.50855e-13 0)
(1.5 4.49571e-14 0)
(1.5 3.20236e-14 0)
(1.5 -3.30599e-15 0)
(1.5 -5.24803e-14 0)
(1.5 2.75712e-14 0)
(1.5 -7.58208e-15 0)
(1.5 2.89048e-14 0)
(1.5 7.18088e-14 0)
(1.5 7.70435e-14 0)
(1.5 -4.84466e-14 0)
(1.5 -1.12909e-13 0)
(1.5 -8.13012e-14 0)
(1.5 -3.75774e-14 0)
(1.5 -1.21313e-14 0)
(1.5 -6.277e-14 0)
(1.5 -2.81533e-14 0)
(1.5 3.70138e-14 0)
(1.5 6.96156e-14 0)
(1.5 6.96802e-14 0)
(1.5 -1.33786e-14 0)
(1.5 2.04121e-14 0)
(1.5 3.38898e-14 0)
(1.5 2.01113e-14 0)
(1.5 -2.23846e-14 0)
(1.5 1.75455e-14 0)
(1.5 1.74846e-13 0)
(1.5 1.69966e-13 0)
(1.5 1.59838e-13 0)
(1.5 1.78533e-13 0)
(1.5 1.27383e-13 0)
(1.5 1.10787e-13 0)
(1.5 5.35338e-14 0)
(1.5 1.31799e-14 0)
(1.5 5.84301e-15 0)
(1.5 -1.48809e-14 0)
(1.5 -5.91737e-15 0)
(1.5 -9.23259e-14 0)
(1.5 -6.98463e-14 0)
(1.5 -4.0529e-14 0)
(1.5 6.37306e-14 0)
(1.5 9.81832e-14 0)
(1.5 1.67091e-13 0)
(1.5 1.11628e-13 0)
(1.5 5.75868e-14 0)
(1.5 9.31343e-14 0)
(1.5 1.43907e-13 0)
(1.5 1.31983e-13 0)
(1.5 8.25869e-14 0)
(1.5 -1.0579e-14 0)
(1.5 2.62482e-14 0)
(1.5 2.75976e-14 0)
(1.5 1.54786e-13 0)
(1.5 1.46286e-13 0)
(1.5 -1.21441e-15 0)
(1.5 9.11517e-15 0)
(1.5 1.92473e-14 0)
(1.5 -3.57204e-14 0)
(1.5 2.10381e-14 0)
(1.5 2.75575e-14 0)
(1.5 -5.26234e-14 0)
(1.5 -1.54363e-13 0)
(1.5 -1.60221e-13 0)
(1.5 -1.85213e-13 0)
(1.5 -1.98097e-13 0)
(1.5 -7.95881e-14 0)
(1.5 -2.45851e-13 0)
(1.5 -3.94101e-13 0)
(1.5 -2.77196e-13 0)
(1.5 -2.71914e-13 0)
(1.5 -3.19375e-13 0)
(1.5 -1.75403e-13 0)
(1.5 -2.0124e-13 0)
(1.5 -1.12112e-13 0)
(1.5 -3.68456e-14 0)
(1.5 -1.88499e-14 0)
(1.5 8.26672e-14 0)
(1.5 1.87311e-13 0)
(1.5 2.54197e-13 0)
(1.5 2.06906e-13 0)
(1.5 2.06009e-13 0)
(1.5 2.4077e-13 0)
(1.5 2.6859e-13 0)
(1.5 2.58166e-13 0)
(1.5 2.10008e-13 0)
(1.5 1.8325e-13 0)
(1.5 8.66034e-14 0)
(1.5 -1.1438e-14 0)
(1.5 2.53058e-14 0)
(1.5 9.53028e-14 0)
(1.5 8.58218e-14 0)
(1.5 1.49092e-13 0)
(1.5 2.84721e-13 0)
(1.5 2.85091e-13 0)
(1.5 1.41485e-13 0)
(1.5 7.74608e-14 0)
(1.5 1.30034e-13 0)
(1.5 -1.64413e-14 0)
(1.5 -5.77622e-14 0)
(1.5 6.19344e-14 0)
(1.5 7.85438e-14 0)
(1.5 5.89751e-14 0)
(1.5 -6.83721e-14 0)
(1.5 -1.87472e-14 0)
(1.5 3.46705e-14 0)
(1.5 -5.0023e-14 0)
(1.5 -2.00517e-13 0)
(1.5 -1.27006e-13 0)
(1.5 -3.08802e-14 0)
(1.5 -6.07953e-14 0)
(1.5 -7.50034e-14 0)
(1.5 -4.24631e-14 0)
(1.5 -1.35546e-14 0)
(1.5 2.87138e-14 0)
(1.5 -8.75291e-14 0)
(1.5 -1.27712e-13 0)
(1.5 -1.31937e-13 0)
(1.5 -1.1959e-13 0)
(1.5 -8.35541e-14 0)
(1.5 -9.44692e-14 0)
(1.5 -8.74191e-14 0)
(1.5 -1.9417e-13 0)
(1.5 -2.5165e-13 0)
(1.5 -1.34993e-13 0)
(1.5 -2.53905e-14 0)
(1.5 -1.57505e-14 0)
(1.5 -6.02414e-14 0)
(1.5 -1.63941e-13 0)
(1.5 -1.14243e-13 0)
(1.5 2.31778e-14 0)
(1.5 4.34149e-14 0)
(1.5 -2.199e-14 0)
(1.5 -1.40293e-14 0)
(1.5 -1.5177e-13 0)
(1.5 -2.3122e-13 0)
(1.5 -1.51811e-13 0)
(1.5 -3.4837e-14 0)
(1.5 1.00426e-14 0)
(1.5 6.40746e-14 0)
(1.5 4.1502e-14 0)
(1.5 -7.51225e-14 0)
(1.5 -1.5405e-13 0)
(1.5 -2.38177e-13 0)
(1.5 -2.26877e-13 0)
(1.5 -1.37068e-13 0)
(1.5 -5.20115e-14 0)
(1.5 7.08773e-16 0)
(1.5 2.80281e-14 0)
(1.5 9.5618e-14 0)
(1.5 2.2429e-13 0)
(1.5 2.0358e-13 0)
(1.5 5.79563e-14 0)
(1.5 -6.32954e-15 0)
(1.5 -1.46645e-15 0)
(1.5 -1.33427e-13 0)
(1.5 -1.12362e-13 0)
(1.5 -1.88702e-13 0)
(1.5 -1.65421e-13 0)
(1.5 -4.60593e-14 0)
(1.5 2.66562e-14 0)
(1.5 -4.01696e-15 0)
(1.5 -1.40139e-13 0)
(1.5 -1.7477e-13 0)
(1.5 -1.46444e-14 0)
(1.5 4.40911e-14 0)
(1.5 1.93929e-13 0)
(1.5 1.71475e-13 0)
(1.5 3.82458e-14 0)
(1.5 4.42947e-14 0)
(1.5 1.1636e-13 0)
(1.5 1.73729e-13 0)
(1.5 1.76673e-13 0)
(1.5 1.6909e-13 0)
(1.5 8.82604e-14 0)
(1.5 4.97925e-15 0)
(1.5 -1.2494e-13 0)
(1.5 -2.77146e-13 0)
(1.5 -3.87893e-13 0)
(1.5 -4.34881e-13 0)
(1.5 -2.4892e-14 0)
(1.5 -1.88404e-14 0)
(1.5 -8.65471e-14 0)
(1.5 -1.24569e-13 0)
(1.5 -1.42354e-13 0)
(1.5 -1.18457e-13 0)
(1.5 -1.38431e-13 0)
(1.5 -8.21431e-14 0)
(1.5 6.07943e-14 0)
(1.5 1.2366e-13 0)
(1.5 1.52404e-13 0)
(1.5 9.91039e-14 0)
(1.5 1.03959e-13 0)
(1.5 1.19056e-13 0)
(1.5 1.35962e-13 0)
(1.5 1.39314e-13 0)
(1.5 1.14786e-13 0)
(1.5 5.59023e-14 0)
(1.5 7.10876e-14 0)
(1.5 1.47154e-13 0)
(1.5 2.17241e-13 0)
(1.5 2.15141e-13 0)
(1.5 1.37224e-13 0)
(1.5 1.0913e-13 0)
(1.5 7.89831e-14 0)
(1.5 7.02111e-14 0)
(1.5 8.74621e-14 0)
(1.5 7.71161e-14 0)
(1.5 8.38715e-14 0)
(1.5 1.29659e-13 0)
(1.5 8.04759e-14 0)
(1.5 2.23131e-14 0)
(1.5 -1.68715e-14 0)
(1.5 4.56771e-16 0)
(1.5 7.15684e-14 0)
(1.5 1.11683e-13 0)
(1.5 6.21149e-14 0)
(1.5 5.51773e-14 0)
(1.5 7.15409e-14 0)
(1.5 1.31642e-13 0)
(1.5 1.61812e-13 0)
(1.5 1.04902e-13 0)
(1.5 9.4956e-14 0)
(1.5 1.16399e-13 0)
(1.5 7.50575e-14 0)
(1.5 6.34693e-14 0)
(1.5 8.06006e-14 0)
(1.5 1.66602e-13 0)
(1.5 1.67507e-13 0)
(1.5 1.84069e-13 0)
(1.5 1.65418e-13 0)
(1.5 1.38637e-13 0)
(1.5 1.39904e-13 0)
(1.5 1.1562e-13 0)
(1.5 9.15565e-14 0)
(1.5 1.13161e-13 0)
(1.5 7.18357e-14 0)
(1.5 4.09133e-14 0)
(1.5 -1.04215e-14 0)
(1.5 -1.57504e-14 0)
(1.5 1.05554e-14 0)
(1.5 1.13528e-13 0)
(1.5 1.61889e-13 0)
(1.5 2.23331e-13 0)
(1.5 1.74125e-13 0)
(1.5 1.25511e-13 0)
(1.5 1.37169e-13 0)
(1.5 1.86649e-13 0)
(1.5 1.74531e-13 0)
(1.5 1.30439e-13 0)
(1.5 2.48531e-14 0)
(1.5 -4.14642e-15 0)
(1.5 2.32971e-14 0)
(1.5 9.68147e-14 0)
(1.5 6.43802e-14 0)
(1.5 -2.44662e-14 0)
(1.5 1.14281e-14 0)
(1.5 3.48956e-14 0)
(1.5 3.73542e-14 0)
(1.5 4.91358e-14 0)
(1.5 1.41823e-14 0)
(1.5 -1.40617e-14 0)
(1.5 -1.20117e-13 0)
(1.5 -1.14255e-13 0)
(1.5 -1.50615e-13 0)
(1.5 -1.74269e-13 0)
(1.5 -9.68044e-14 0)
(1.5 -1.85719e-13 0)
(1.5 -2.40073e-13 0)
(1.5 -1.61297e-13 0)
(1.5 -1.64954e-13 0)
(1.5 -1.77823e-13 0)
(1.5 -7.14785e-14 0)
(1.5 -9.50814e-14 0)
(1.5 -7.96748e-14 0)
(1.5 -5.45461e-14 0)
(1.5 -5.02081e-14 0)
(1.5 -1.39603e-14 0)
(1.5 8.62021e-14 0)
(1.5 1.6471e-13 0)
(1.5 1.7049e-13 0)
(1.5 2.3664e-13 0)
(1.5 2.69958e-13 0)
(1.5 2.41355e-13 0)
(1.5 1.76762e-13 0)
(1.5 9.43232e-14 0)
(1.5 8.92604e-14 0)
(1.5 6.13593e-14 0)
(1.5 2.71675e-14 0)
(1.5 7.57651e-14 0)
(1.5 6.68292e-14 0)
(1.5 5.44926e-14 0)
(1.5 9.69881e-14 0)
(1.5 2.34821e-13 0)
(1.5 2.207e-13 0)
(1.5 1.20926e-13 0)
(1.5 2.54109e-14 0)
(1.5 5.06309e-14 0)
(1.5 -4.48777e-14 0)
(1.5 -6.01332e-14 0)
(1.5 5.55603e-14 0)
(1.5 9.37311e-14 0)
(1.5 1.0176e-13 0)
(1.5 -7.39435e-15 0)
(1.5 1.68061e-14 0)
(1.5 8.71337e-14 0)
(1.5 5.33293e-14 0)
(1.5 -6.79196e-14 0)
(1.5 -8.40953e-14 0)
(1.5 -4.8744e-14 0)
(1.5 -5.65221e-17 0)
(1.5 -1.17431e-14 0)
(1.5 3.15976e-16 0)
(1.5 4.05644e-14 0)
(1.5 6.19814e-14 0)
(1.5 -1.47573e-14 0)
(1.5 -3.83482e-14 0)
(1.5 -6.28253e-14 0)
(1.5 -9.88446e-14 0)
(1.5 -1.15294e-13 0)
(1.5 -1.37586e-13 0)
(1.5 -1.39804e-13 0)
(1.5 -1.66197e-13 0)
(1.5 -2.13498e-13 0)
(1.5 -1.52702e-13 0)
(1.5 -7.40042e-14 0)
(1.5 -3.61887e-14 0)
(1.5 -1.95642e-14 0)
(1.5 -7.50807e-14 0)
(1.5 -9.14153e-14 0)
(1.5 -8.0357e-14 0)
(1.5 -8.63998e-14 0)
(1.5 -6.09679e-14 0)
(1.5 -2.84364e-15 0)
(1.5 -8.18844e-14 0)
(1.5 -1.94355e-13 0)
(1.5 -1.56993e-13 0)
(1.5 -5.26833e-14 0)
(1.5 3.38371e-14 0)
(1.5 6.67879e-14 0)
(1.5 2.78792e-14 0)
(1.5 -4.09569e-14 0)
(1.5 -8.45241e-14 0)
(1.5 -1.95258e-13 0)
(1.5 -2.01302e-13 0)
(1.5 -1.57906e-13 0)
(1.5 -1.44913e-13 0)
(1.5 -9.99066e-14 0)
(1.5 -5.65024e-14 0)
(1.5 -1.65759e-15 0)
(1.5 9.74485e-14 0)
(1.5 4.00755e-14 0)
(1.5 -1.47476e-14 0)
(1.5 -4.48888e-16 0)
(1.5 3.3921e-15 0)
(1.5 -1.20585e-13 0)
(1.5 -1.53635e-13 0)
(1.5 -2.02635e-13 0)
(1.5 -2.21505e-13 0)
(1.5 -1.60315e-13 0)
(1.5 -1.25024e-13 0)
(1.5 -1.14861e-13 0)
(1.5 -2.01002e-13 0)
(1.5 -2.24975e-13 0)
(1.5 -8.88907e-14 0)
(1.5 6.55702e-15 0)
(1.5 1.36792e-13 0)
(1.5 1.43775e-13 0)
(1.5 2.95925e-14 0)
(1.5 2.11984e-14 0)
(1.5 5.96607e-14 0)
(1.5 1.00325e-13 0)
(1.5 1.35207e-13 0)
(1.5 1.59538e-13 0)
(1.5 5.22213e-14 0)
(1.5 -7.62155e-15 0)
(1.5 -4.14077e-14 0)
(1.5 -1.09652e-13 0)
(1.5 -2.12641e-13 0)
(1.5 -2.63011e-13 0)
)
;

boundaryField
{
    inlet
    {
        type            fixedValue;
        value           uniform (1.5 0 0);
    }
    outlet
    {
        type            zeroGradient;
    }
    walls
    {
        type            symmetry;
    }
    frontAndBack
    {
        type            empty;
    }
}


// ************************************************************************* //
