/*--------------------------------*- C++ -*----------------------------------*\
| =========                 |                                                 |
| \\      /  F ield         | OpenFOAM: The Open Source CFD Toolbox           |
|  \\    /   O peration     | Version:  2312                                  |
|   \\  /    A nd           | Website:  www.openfoam.com                      |
|    \\/     M anipulation  |                                                 |
\*---------------------------------------------------------------------------*/
FoamFile
{
    version     2.0;
    format      ascii;
    arch        "LSB;label=32;scalar=64";
    class       volVectorField;
    location    "4.99922797784";
    object      U;
}
// * * * * * * * * * * * * * * * * * * * * * * * * * * * * * * * * * * * * * //

dimensions      [0 1 -1 0 0 0 0];

internalField   nonuniform List<vector> 
20000
(
(1.5 -2.28565e-14 0)
(1.5 -9.60736e-14 0)
(1.5 -5.73561e-14 0)
(1.5 3.10083e-14 0)
(1.5 7.06288e-14 0)
(1.5 5.66145e-14 0)
(1.5 9.9648e-14 0)
(1.5 2.45444e-14 0)
(1.5 -6.38525e-15 0)
(1.5 2.19987e-14 0)
(1.5 -2.03261e-15 0)
(1.5 -8.50181e-14 0)
(1.5 -8.48613e-14 0)
(1.5 -9.66033e-14 0)
(1.5 -9.10042e-14 0)
(1.5 -1.06869e-13 0)
(1.5 -9.13583e-14 0)
(1.5 1.7607e-15 0)
(1.5 3.21407e-14 0)
(1.5 -1.5296e-14 0)
(1.5 -6.38803e-14 0)
(1.5 -3.65528e-14 0)
(1.5 1.20345e-14 0)
(1.5 4.86888e-14 0)
(1.5 2.12281e-14 0)
(1.5 7.56056e-15 0)
(1.5 -6.1495e-14 0)
(1.5 -9.94576e-14 0)
(1.5 -1.68164e-13 0)
(1.5 -1.74037e-13 0)
(1.5 -1.7078e-13 0)
(1.5 -1.71884e-13 0)
(1.5 -1.77338e-13 0)
(1.5 -2.01452e-13 0)
(1.5 -1.67032e-13 0)
(1.5 -1.45643e-13 0)
(1.5 -1.72846e-13 0)
(1.5 -1.06461e-13 0)
(1.5 -8.3096e-14 0)
(1.5 -8.74655e-14 0)
(1.5 -5.84022e-14 0)
(1.5 -5.94205e-15 0)
(1.5 5.99178e-15 0)
(1.5 -6.85292e-14 0)
(1.5 -9.09535e-14 0)
(1.5 -1.14236e-13 0)
(1.5 -1.14872e-13 0)
(1.5 -1.37407e-13 0)
(1.5 -9.30688e-14 0)
(1.5 -1.17705e-13 0)
(1.5 -5.83494e-14 0)
(1.5 -4.55032e-14 0)
(1.5 -1.22645e-13 0)
(1.5 -1.37762e-13 0)
(1.5 -1.46897e-13 0)
(1.5 -1.24898e-13 0)
(1.5 -1.72291e-13 0)
(1.5 -2.20384e-13 0)
(1.5 -2.33329e-13 0)
(1.5 -1.9111e-13 0)
(1.5 -2.05502e-13 0)
(1.5 -1.90143e-13 0)
(1.5 -2.10303e-13 0)
(1.5 -1.26873e-13 0)
(1.5 -1.25803e-13 0)
(1.5 -1.34668e-13 0)
(1.5 -1.6252e-13 0)
(1.5 -1.44372e-13 0)
(1.5 -9.65419e-14 0)
(1.5 -1.18093e-13 0)
(1.5 -1.86334e-13 0)
(1.5 -1.82577e-13 0)
(1.5 -2.08702e-13 0)
(1.5 -2.49032e-13 0)
(1.5 -2.45794e-13 0)
(1.5 -2.95676e-13 0)
(1.5 -3.16976e-13 0)
(1.5 -2.06536e-13 0)
(1.5 -2.27711e-13 0)
(1.5 -1.9434e-13 0)
(1.5 -2.26366e-13 0)
(1.5 -2.90705e-13 0)
(1.5 -2.58808e-13 0)
(1.5 -2.22773e-13 0)
(1.5 -1.59421e-13 0)
(1.5 -1.46181e-13 0)
(1.5 -9.70997e-14 0)
(1.5 -2.83257e-14 0)
(1.5 -4.59209e-15 0)
(1.5 8.08771e-14 0)
(1.5 1.62024e-13 0)
(1.5 1.16034e-13 0)
(1.5 -4.02002e-14 0)
(1.5 -1.30863e-13 0)
(1.5 -2.03373e-13 0)
(1.5 -1.90616e-13 0)
(1.5 -7.70517e-14 0)
(1.5 3.10889e-14 0)
(1.5 8.59672e-14 0)
(1.5 1.42928e-13 0)
(1.5 1.3663e-13 0)
(1.5 1.63371e-14 0)
(1.5 6.36186e-14 0)
(1.5 9.66337e-14 0)
(1.5 9.34341e-14 0)
(1.5 8.96357e-14 0)
(1.5 4.84391e-14 0)
(1.5 -3.8258e-14 0)
(1.5 -1.92306e-13 0)
(1.5 -2.13768e-13 0)
(1.5 -2.91316e-13 0)
(1.5 -3.43942e-13 0)
(1.5 -2.36709e-13 0)
(1.5 -1.81579e-13 0)
(1.5 -1.26546e-13 0)
(1.5 3.17765e-14 0)
(1.5 1.31436e-14 0)
(1.5 -1.48851e-14 0)
(1.5 -1.03008e-13 0)
(1.5 -9.24311e-14 0)
(1.5 -6.22479e-14 0)
(1.5 -1.41673e-15 0)
(1.5 -6.49534e-14 0)
(1.5 -6.42534e-14 0)
(1.5 -8.3184e-14 0)
(1.5 -3.66599e-14 0)
(1.5 -1.0158e-13 0)
(1.5 -3.23694e-14 0)
(1.5 1.11734e-13 0)
(1.5 1.17066e-13 0)
(1.5 3.92274e-14 0)
(1.5 -4.89299e-14 0)
(1.5 -2.1209e-14 0)
(1.5 -5.51962e-14 0)
(1.5 -5.74918e-14 0)
(1.5 1.77887e-15 0)
(1.5 9.98499e-14 0)
(1.5 1.58179e-13 0)
(1.5 1.67219e-13 0)
(1.5 1.05444e-13 0)
(1.5 -1.86912e-14 0)
(1.5 -5.09433e-14 0)
(1.5 -6.57235e-14 0)
(1.5 -5.19245e-14 0)
(1.5 -8.7521e-14 0)
(1.5 -1.3993e-13 0)
(1.5 -1.16463e-13 0)
(1.5 -2.90609e-14 0)
(1.5 -7.25232e-14 0)
(1.5 -8.23824e-14 0)
(1.5 -5.7668e-14 0)
(1.5 -1.51135e-13 0)
(1.5 -2.31958e-13 0)
(1.5 -2.40682e-13 0)
(1.5 -2.33764e-13 0)
(1.5 -2.26653e-13 0)
(1.5 -1.90904e-13 0)
(1.5 -7.02474e-14 0)
(1.5 3.22173e-14 0)
(1.5 1.69024e-14 0)
(1.5 -2.49223e-14 0)
(1.5 -5.16533e-14 0)
(1.5 -3.95888e-14 0)
(1.5 2.66792e-14 0)
(1.5 7.29867e-14 0)
(1.5 4.2075e-14 0)
(1.5 5.95804e-14 0)
(1.5 -3.94848e-14 0)
(1.5 -7.73801e-14 0)
(1.5 -9.89721e-14 0)
(1.5 -6.7233e-14 0)
(1.5 -8.94009e-14 0)
(1.5 -6.60693e-14 0)
(1.5 -1.40375e-13 0)
(1.5 -1.92679e-13 0)
(1.5 -1.66014e-13 0)
(1.5 -7.08443e-14 0)
(1.5 5.32428e-16 0)
(1.5 -5.35897e-14 0)
(1.5 -9.43828e-14 0)
(1.5 -2.83505e-14 0)
(1.5 -1.75588e-14 0)
(1.5 -7.73639e-14 0)
(1.5 -1.041e-13 0)
(1.5 -9.27328e-14 0)
(1.5 -1.11395e-13 0)
(1.5 -1.24044e-13 0)
(1.5 -1.41262e-13 0)
(1.5 -1.19751e-13 0)
(1.5 -1.01789e-13 0)
(1.5 -8.54103e-14 0)
(1.5 -5.92066e-14 0)
(1.5 -3.9847e-14 0)
(1.5 2.04487e-14 0)
(1.5 4.30384e-14 0)
(1.5 8.2178e-14 0)
(1.5 1.34879e-13 0)
(1.5 1.42938e-13 0)
(1.5 1.05368e-13 0)
(1.5 1.59607e-15 0)
(1.5 -5.86581e-14 0)
(1.5 -1.31359e-13 0)
(1.5 -6.35489e-15 0)
(1.5 1.12821e-13 0)
(1.5 7.32877e-14 0)
(1.5 2.38018e-14 0)
(1.5 5.40579e-14 0)
(1.5 -2.42671e-15 0)
(1.5 -4.89885e-15 0)
(1.5 4.83156e-14 0)
(1.5 -3.81056e-14 0)
(1.5 -1.3377e-13 0)
(1.5 -9.9841e-14 0)
(1.5 -9.55886e-14 0)
(1.5 -1.44108e-14 0)
(1.5 5.77877e-15 0)
(1.5 3.71526e-14 0)
(1.5 7.65607e-14 0)
(1.5 4.83373e-14 0)
(1.5 -2.18521e-14 0)
(1.5 7.32958e-15 0)
(1.5 7.20321e-14 0)
(1.5 1.69373e-13 0)
(1.5 2.04444e-13 0)
(1.5 1.29299e-13 0)
(1.5 1.34318e-13 0)
(1.5 2.32603e-14 0)
(1.5 3.42646e-14 0)
(1.5 -5.70518e-14 0)
(1.5 -6.4512e-14 0)
(1.5 -1.46492e-13 0)
(1.5 -1.66647e-13 0)
(1.5 -1.60993e-13 0)
(1.5 -1.71771e-13 0)
(1.5 -1.18664e-13 0)
(1.5 -1.18948e-13 0)
(1.5 -1.20321e-13 0)
(1.5 1.4003e-14 0)
(1.5 3.07112e-14 0)
(1.5 6.1564e-14 0)
(1.5 7.48178e-14 0)
(1.5 7.07627e-14 0)
(1.5 2.34351e-14 0)
(1.5 -1.07845e-13 0)
(1.5 -1.09186e-13 0)
(1.5 -1.05934e-13 0)
(1.5 -8.20761e-14 0)
(1.5 -8.90124e-14 0)
(1.5 -3.81701e-14 0)
(1.5 -5.15992e-14 0)
(1.5 4.83897e-15 0)
(1.5 1.35911e-14 0)
(1.5 -6.5344e-14 0)
(1.5 -7.35728e-14 0)
(1.5 -1.10873e-13 0)
(1.5 -3.55218e-14 0)
(1.5 -1.01705e-13 0)
(1.5 -1.5201e-13 0)
(1.5 -1.63578e-13 0)
(1.5 -1.8472e-13 0)
(1.5 -1.78488e-13 0)
(1.5 -1.19532e-13 0)
(1.5 -1.47766e-13 0)
(1.5 -4.73688e-14 0)
(1.5 -1.31495e-14 0)
(1.5 -8.06711e-14 0)
(1.5 -8.35459e-14 0)
(1.5 -7.98717e-15 0)
(1.5 3.49877e-15 0)
(1.5 -6.43336e-14 0)
(1.5 -2.15443e-13 0)
(1.5 -2.10264e-13 0)
(1.5 -1.55154e-13 0)
(1.5 -1.9658e-13 0)
(1.5 -2.36592e-13 0)
(1.5 -3.41762e-13 0)
(1.5 -3.26138e-13 0)
(1.5 -1.44524e-13 0)
(1.5 -1.87274e-13 0)
(1.5 -1.8962e-13 0)
(1.5 -3.14157e-13 0)
(1.5 -3.81462e-13 0)
(1.5 -2.41605e-13 0)
(1.5 -2.09665e-13 0)
(1.5 -1.50014e-13 0)
(1.5 -1.21087e-13 0)
(1.5 -1.09249e-13 0)
(1.5 -1.97653e-14 0)
(1.5 5.99176e-15 0)
(1.5 9.31261e-14 0)
(1.5 2.61437e-13 0)
(1.5 2.84339e-13 0)
(1.5 7.07784e-14 0)
(1.5 -8.44167e-14 0)
(1.5 -1.41639e-13 0)
(1.5 -8.15634e-14 0)
(1.5 -3.74223e-14 0)
(1.5 8.08693e-14 0)
(1.5 1.41453e-13 0)
(1.5 2.28026e-13 0)
(1.5 2.49018e-13 0)
(1.5 7.76984e-14 0)
(1.5 1.15113e-13 0)
(1.5 1.48381e-13 0)
(1.5 1.77078e-13 0)
(1.5 1.42611e-13 0)
(1.5 8.48597e-14 0)
(1.5 1.12717e-14 0)
(1.5 -2.1817e-13 0)
(1.5 -2.8107e-13 0)
(1.5 -3.47536e-13 0)
(1.5 -3.83203e-13 0)
(1.5 -2.78197e-13 0)
(1.5 -2.30888e-13 0)
(1.5 -2.08648e-13 0)
(1.5 -1.85857e-14 0)
(1.5 2.52239e-16 0)
(1.5 -1.41659e-14 0)
(1.5 -1.37562e-13 0)
(1.5 -1.56584e-13 0)
(1.5 -4.81491e-14 0)
(1.5 2.19244e-14 0)
(1.5 -5.75018e-14 0)
(1.5 1.32214e-14 0)
(1.5 -4.15586e-14 0)
(1.5 -8.90668e-15 0)
(1.5 -9.50264e-14 0)
(1.5 6.49583e-15 0)
(1.5 1.02665e-13 0)
(1.5 6.27698e-14 0)
(1.5 7.17187e-14 0)
(1.5 -3.93662e-14 0)
(1.5 2.62312e-14 0)
(1.5 -2.5015e-15 0)
(1.5 -4.6077e-15 0)
(1.5 7.15821e-14 0)
(1.5 2.12598e-13 0)
(1.5 2.87409e-13 0)
(1.5 2.07687e-13 0)
(1.5 1.35158e-13 0)
(1.5 -4.48412e-14 0)
(1.5 -1.6866e-13 0)
(1.5 -2.01269e-13 0)
(1.5 -1.44881e-13 0)
(1.5 -1.97804e-13 0)
(1.5 -1.95737e-13 0)
(1.5 -1.29263e-13 0)
(1.5 -5.92318e-14 0)
(1.5 -1.48657e-13 0)
(1.5 -1.43956e-13 0)
(1.5 -9.72837e-14 0)
(1.5 -1.92198e-13 0)
(1.5 -2.93341e-13 0)
(1.5 -3.63306e-13 0)
(1.5 -3.21808e-13 0)
(1.5 -1.74649e-13 0)
(1.5 -8.82489e-14 0)
(1.5 3.34909e-14 0)
(1.5 4.86005e-14 0)
(1.5 4.44277e-14 0)
(1.5 3.19514e-14 0)
(1.5 -4.35196e-14 0)
(1.5 -5.70858e-15 0)
(1.5 3.21113e-14 0)
(1.5 7.32459e-14 0)
(1.5 2.8034e-14 0)
(1.5 -1.49785e-14 0)
(1.5 -9.3934e-14 0)
(1.5 -1.34084e-13 0)
(1.5 -1.63003e-13 0)
(1.5 -1.00611e-13 0)
(1.5 -1.34803e-13 0)
(1.5 -1.05031e-13 0)
(1.5 -1.9802e-13 0)
(1.5 -2.22832e-13 0)
(1.5 -2.32572e-13 0)
(1.5 -1.49653e-13 0)
(1.5 2.30997e-14 0)
(1.5 4.05973e-15 0)
(1.5 5.54119e-15 0)
(1.5 1.15458e-13 0)
(1.5 1.23048e-13 0)
(1.5 1.28315e-13 0)
(1.5 7.87336e-14 0)
(1.5 6.60237e-14 0)
(1.5 -5.64181e-15 0)
(1.5 -9.02638e-14 0)
(1.5 -9.59923e-14 0)
(1.5 -1.4193e-13 0)
(1.5 -4.30511e-14 0)
(1.5 3.17401e-14 0)
(1.5 6.44407e-14 0)
(1.5 7.08222e-14 0)
(1.5 5.79086e-14 0)
(1.5 7.35243e-14 0)
(1.5 1.19523e-13 0)
(1.5 1.17195e-13 0)
(1.5 9.36781e-14 0)
(1.5 -9.55217e-16 0)
(1.5 -8.68055e-14 0)
(1.5 2.18806e-14 0)
(1.5 -3.61271e-14 0)
(1.5 -2.94283e-14 0)
(1.5 2.8731e-14 0)
(1.5 -1.56672e-14 0)
(1.5 -4.67821e-15 0)
(1.5 2.7669e-15 0)
(1.5 8.31435e-15 0)
(1.5 3.15346e-14 0)
(1.5 8.1728e-15 0)
(1.5 -1.01727e-13 0)
(1.5 -1.50162e-13 0)
(1.5 -8.21632e-14 0)
(1.5 -2.17305e-14 0)
(1.5 1.42675e-13 0)
(1.5 2.87552e-13 0)
(1.5 3.5666e-13 0)
(1.5 2.3102e-13 0)
(1.5 1.51664e-13 0)
(1.5 1.2302e-13 0)
(1.5 2.29641e-13 0)
(1.5 2.64442e-13 0)
(1.5 3.37339e-13 0)
(1.5 3.37985e-13 0)
(1.5 2.37979e-13 0)
(1.5 2.41913e-13 0)
(1.5 1.56981e-13 0)
(1.5 1.45211e-13 0)
(1.5 3.36397e-14 0)
(1.5 3.55181e-16 0)
(1.5 -1.27198e-13 0)
(1.5 -1.57324e-13 0)
(1.5 -1.54983e-13 0)
(1.5 -1.80618e-13 0)
(1.5 -1.18699e-13 0)
(1.5 -7.6331e-14 0)
(1.5 -5.52787e-14 0)
(1.5 5.77439e-14 0)
(1.5 1.28837e-13 0)
(1.5 2.26968e-13 0)
(1.5 1.88763e-13 0)
(1.5 3.93264e-14 0)
(1.5 -6.07236e-14 0)
(1.5 -1.46715e-13 0)
(1.5 -1.54529e-13 0)
(1.5 -1.34698e-13 0)
(1.5 -1.00087e-13 0)
(1.5 -6.85532e-14 0)
(1.5 -4.9238e-14 0)
(1.5 -2.54817e-14 0)
(1.5 5.73391e-15 0)
(1.5 -2.03497e-14 0)
(1.5 -4.85061e-14 0)
(1.5 -6.10179e-14 0)
(1.5 -7.45866e-14 0)
(1.5 2.39835e-15 0)
(1.5 1.04133e-14 0)
(1.5 -7.761e-14 0)
(1.5 -1.15841e-13 0)
(1.5 -2.2513e-13 0)
(1.5 -1.30551e-13 0)
(1.5 -6.74145e-14 0)
(1.5 -1.04273e-13 0)
(1.5 -3.80806e-14 0)
(1.5 9.93935e-14 0)
(1.5 -6.88028e-15 0)
(1.5 -5.80853e-15 0)
(1.5 2.14916e-14 0)
(1.5 1.28262e-14 0)
(1.5 -9.08163e-14 0)
(1.5 -1.94298e-13 0)
(1.5 -1.52214e-13 0)
(1.5 -4.95107e-14 0)
(1.5 -7.77664e-14 0)
(1.5 -1.20581e-13 0)
(1.5 -2.5521e-13 0)
(1.5 -1.94374e-13 0)
(1.5 -7.01432e-14 0)
(1.5 -7.43582e-14 0)
(1.5 -1.10122e-13 0)
(1.5 -2.10984e-13 0)
(1.5 -2.53849e-13 0)
(1.5 -1.64163e-13 0)
(1.5 -1.45743e-13 0)
(1.5 -7.51268e-14 0)
(1.5 -7.5195e-14 0)
(1.5 -1.04669e-13 0)
(1.5 1.16132e-14 0)
(1.5 6.7171e-14 0)
(1.5 1.33367e-13 0)
(1.5 3.48596e-13 0)
(1.5 3.76307e-13 0)
(1.5 2.5414e-13 0)
(1.5 8.6498e-14 0)
(1.5 -1.5439e-14 0)
(1.5 1.14877e-14 0)
(1.5 -9.20563e-14 0)
(1.5 4.35771e-14 0)
(1.5 2.12396e-13 0)
(1.5 3.57068e-13 0)
(1.5 3.98115e-13 0)
(1.5 2.47745e-13 0)
(1.5 1.14752e-13 0)
(1.5 7.06163e-14 0)
(1.5 3.32079e-14 0)
(1.5 7.3629e-14 0)
(1.5 5.82094e-14 0)
(1.5 6.38523e-14 0)
(1.5 -9.08052e-14 0)
(1.5 -1.35837e-13 0)
(1.5 -1.32183e-13 0)
(1.5 -2.35414e-13 0)
(1.5 -3.29001e-13 0)
(1.5 -3.54335e-13 0)
(1.5 -3.49671e-13 0)
(1.5 -1.96316e-13 0)
(1.5 -1.23054e-13 0)
(1.5 -1.3768e-13 0)
(1.5 -2.19972e-13 0)
(1.5 -2.76897e-13 0)
(1.5 -1.4435e-13 0)
(1.5 -5.40945e-14 0)
(1.5 -4.34096e-14 0)
(1.5 -6.06321e-15 0)
(1.5 7.83083e-15 0)
(1.5 3.27311e-14 0)
(1.5 1.42571e-14 0)
(1.5 7.63182e-14 0)
(1.5 1.20172e-13 0)
(1.5 6.85067e-14 0)
(1.5 1.59079e-13 0)
(1.5 9.37124e-14 0)
(1.5 1.61506e-13 0)
(1.5 6.33611e-14 0)
(1.5 2.62836e-14 0)
(1.5 1.02906e-13 0)
(1.5 2.00052e-13 0)
(1.5 2.92219e-13 0)
(1.5 2.1422e-13 0)
(1.5 1.9472e-13 0)
(1.5 1.4141e-15 0)
(1.5 -1.5702e-13 0)
(1.5 -1.80263e-13 0)
(1.5 -1.58834e-13 0)
(1.5 -1.90248e-13 0)
(1.5 -8.395e-14 0)
(1.5 7.68369e-15 0)
(1.5 -4.95641e-14 0)
(1.5 -1.88812e-13 0)
(1.5 -1.99118e-13 0)
(1.5 -1.80714e-13 0)
(1.5 -1.68765e-13 0)
(1.5 -1.94751e-13 0)
(1.5 -3.34766e-13 0)
(1.5 -2.68524e-13 0)
(1.5 -1.0867e-15 0)
(1.5 6.73246e-14 0)
(1.5 9.62029e-14 0)
(1.5 1.18758e-13 0)
(1.5 1.22001e-13 0)
(1.5 1.36071e-13 0)
(1.5 8.53907e-14 0)
(1.5 1.26895e-13 0)
(1.5 1.29141e-13 0)
(1.5 1.28349e-13 0)
(1.5 1.05804e-13 0)
(1.5 2.19829e-14 0)
(1.5 -7.73946e-14 0)
(1.5 -2.45925e-13 0)
(1.5 -2.91493e-13 0)
(1.5 -2.70952e-13 0)
(1.5 -2.62747e-13 0)
(1.5 -2.09026e-13 0)
(1.5 -2.24149e-13 0)
(1.5 -1.65224e-13 0)
(1.5 -1.35123e-13 0)
(1.5 -4.54832e-14 0)
(1.5 1.39462e-13 0)
(1.5 1.39352e-13 0)
(1.5 2.66709e-13 0)
(1.5 3.52844e-13 0)
(1.5 3.91216e-13 0)
(1.5 5.27812e-13 0)
(1.5 4.7258e-13 0)
(1.5 3.22401e-13 0)
(1.5 1.60304e-13 0)
(1.5 -1.95787e-14 0)
(1.5 -1.48289e-14 0)
(1.5 -3.80042e-14 0)
(1.5 6.9561e-14 0)
(1.5 1.68356e-13 0)
(1.5 1.13023e-13 0)
(1.5 1.04941e-13 0)
(1.5 5.73471e-15 0)
(1.5 5.14863e-14 0)
(1.5 1.11774e-13 0)
(1.5 2.84764e-14 0)
(1.5 8.18305e-15 0)
(1.5 -7.19035e-14 0)
(1.5 -1.43172e-13 0)
(1.5 7.00059e-14 0)
(1.5 3.6838e-14 0)
(1.5 -4.61517e-14 0)
(1.5 -5.90565e-14 0)
(1.5 -6.96104e-14 0)
(1.5 -8.97461e-14 0)
(1.5 -8.4662e-14 0)
(1.5 -4.22112e-14 0)
(1.5 -3.06353e-15 0)
(1.5 -4.14193e-14 0)
(1.5 -8.12125e-14 0)
(1.5 -9.19733e-15 0)
(1.5 8.9407e-14 0)
(1.5 1.58978e-13 0)
(1.5 2.86169e-13 0)
(1.5 4.19848e-13 0)
(1.5 5.07613e-13 0)
(1.5 3.96171e-13 0)
(1.5 3.52189e-13 0)
(1.5 3.42631e-13 0)
(1.5 3.58044e-13 0)
(1.5 2.79808e-13 0)
(1.5 2.53029e-13 0)
(1.5 2.81263e-13 0)
(1.5 2.26439e-13 0)
(1.5 2.47029e-13 0)
(1.5 2.25892e-13 0)
(1.5 1.41996e-13 0)
(1.5 4.84306e-14 0)
(1.5 -2.51436e-14 0)
(1.5 -1.15646e-13 0)
(1.5 -1.22454e-13 0)
(1.5 -8.19459e-14 0)
(1.5 -1.24402e-13 0)
(1.5 -9.21591e-14 0)
(1.5 -1.10168e-14 0)
(1.5 1.06094e-14 0)
(1.5 2.89844e-14 0)
(1.5 1.17729e-13 0)
(1.5 2.28816e-13 0)
(1.5 2.03564e-13 0)
(1.5 7.64734e-14 0)
(1.5 -9.70833e-14 0)
(1.5 -9.98084e-14 0)
(1.5 -1.16063e-13 0)
(1.5 -1.00841e-13 0)
(1.5 -9.06004e-14 0)
(1.5 -7.38658e-15 0)
(1.5 -2.40924e-14 0)
(1.5 1.34307e-15 0)
(1.5 6.89482e-14 0)
(1.5 4.13477e-15 0)
(1.5 -2.99183e-15 0)
(1.5 -4.4957e-14 0)
(1.5 -3.89041e-14 0)
(1.5 -1.76511e-15 0)
(1.5 5.94791e-14 0)
(1.5 -8.33792e-14 0)
(1.5 -6.59843e-14 0)
(1.5 -1.05565e-13 0)
(1.5 -1.29789e-14 0)
(1.5 1.06979e-14 0)
(1.5 -2.95552e-14 0)
(1.5 -1.15639e-14 0)
(1.5 1.78585e-13 0)
(1.5 1.39058e-13 0)
(1.5 1.08775e-13 0)
(1.5 1.08861e-14 0)
(1.5 -8.41985e-15 0)
(1.5 -4.01967e-14 0)
(1.5 -4.80837e-14 0)
(1.5 -3.08942e-14 0)
(1.5 1.28447e-14 0)
(1.5 -5.91964e-14 0)
(1.5 -1.83868e-13 0)
(1.5 -2.70794e-13 0)
(1.5 -2.46943e-13 0)
(1.5 -1.34318e-13 0)
(1.5 -5.57768e-14 0)
(1.5 -7.48799e-14 0)
(1.5 -3.65339e-14 0)
(1.5 -9.61996e-14 0)
(1.5 -1.49432e-13 0)
(1.5 -1.22027e-13 0)
(1.5 -6.20948e-14 0)
(1.5 -7.53138e-14 0)
(1.5 -1.07733e-14 0)
(1.5 5.65996e-14 0)
(1.5 1.46741e-13 0)
(1.5 2.31271e-13 0)
(1.5 2.96147e-13 0)
(1.5 2.47067e-13 0)
(1.5 1.93357e-13 0)
(1.5 9.991e-14 0)
(1.5 -1.48319e-14 0)
(1.5 -4.86447e-14 0)
(1.5 -5.05429e-14 0)
(1.5 5.25744e-14 0)
(1.5 2.05141e-13 0)
(1.5 2.8689e-13 0)
(1.5 3.18334e-13 0)
(1.5 2.96024e-13 0)
(1.5 1.15091e-13 0)
(1.5 2.13463e-14 0)
(1.5 -6.7855e-14 0)
(1.5 -3.48041e-15 0)
(1.5 -1.09478e-14 0)
(1.5 -7.83522e-14 0)
(1.5 -1.40605e-13 0)
(1.5 -1.47926e-13 0)
(1.5 -1.88897e-13 0)
(1.5 -3.54507e-13 0)
(1.5 -5.43337e-13 0)
(1.5 -5.70243e-13 0)
(1.5 -5.14644e-13 0)
(1.5 -3.63719e-13 0)
(1.5 -3.68444e-13 0)
(1.5 -4.39591e-13 0)
(1.5 -4.38743e-13 0)
(1.5 -3.52572e-13 0)
(1.5 -3.05547e-13 0)
(1.5 -1.4317e-13 0)
(1.5 -4.42104e-14 0)
(1.5 -1.08402e-13 0)
(1.5 4.29579e-14 0)
(1.5 1.33844e-13 0)
(1.5 1.13481e-13 0)
(1.5 1.00939e-13 0)
(1.5 2.12594e-13 0)
(1.5 2.28987e-13 0)
(1.5 2.43933e-13 0)
(1.5 2.32534e-13 0)
(1.5 2.76426e-13 0)
(1.5 2.07716e-13 0)
(1.5 9.42441e-14 0)
(1.5 1.38966e-13 0)
(1.5 1.68161e-13 0)
(1.5 2.025e-13 0)
(1.5 1.73505e-13 0)
(1.5 1.21217e-13 0)
(1.5 -5.59897e-14 0)
(1.5 -1.37236e-13 0)
(1.5 -8.92136e-14 0)
(1.5 -2.02333e-13 0)
(1.5 -2.64149e-13 0)
(1.5 -1.83084e-13 0)
(1.5 -6.27291e-14 0)
(1.5 -1.09745e-13 0)
(1.5 -2.52069e-13 0)
(1.5 -3.05482e-13 0)
(1.5 -3.28723e-13 0)
(1.5 -1.81926e-13 0)
(1.5 -6.39559e-14 0)
(1.5 -1.34219e-13 0)
(1.5 -8.97852e-14 0)
(1.5 1.09421e-14 0)
(1.5 -3.98809e-14 0)
(1.5 -5.33849e-14 0)
(1.5 7.99912e-14 0)
(1.5 1.1782e-13 0)
(1.5 1.29224e-13 0)
(1.5 1.70094e-13 0)
(1.5 1.93959e-13 0)
(1.5 2.00206e-13 0)
(1.5 2.26012e-13 0)
(1.5 2.31909e-13 0)
(1.5 1.23462e-13 0)
(1.5 -2.52438e-14 0)
(1.5 -3.29994e-13 0)
(1.5 -4.25681e-13 0)
(1.5 -4.75452e-13 0)
(1.5 -4.90909e-13 0)
(1.5 -3.80279e-13 0)
(1.5 -2.66661e-13 0)
(1.5 -1.60391e-13 0)
(1.5 -5.0061e-14 0)
(1.5 4.26501e-14 0)
(1.5 1.11027e-13 0)
(1.5 8.75597e-14 0)
(1.5 2.36669e-13 0)
(1.5 3.35289e-13 0)
(1.5 4.55247e-13 0)
(1.5 5.80228e-13 0)
(1.5 5.20141e-13 0)
(1.5 3.39812e-13 0)
(1.5 1.76699e-13 0)
(1.5 1.17469e-14 0)
(1.5 -3.74007e-14 0)
(1.5 -2.29645e-14 0)
(1.5 1.69664e-14 0)
(1.5 1.00406e-13 0)
(1.5 -2.5865e-14 0)
(1.5 -2.2795e-14 0)
(1.5 -1.42125e-13 0)
(1.5 -9.40166e-14 0)
(1.5 1.74546e-14 0)
(1.5 -3.53791e-14 0)
(1.5 4.9604e-14 0)
(1.5 9.09476e-14 0)
(1.5 -2.74472e-14 0)
(1.5 -7.80334e-14 0)
(1.5 -5.85638e-14 0)
(1.5 -1.66068e-14 0)
(1.5 -1.50236e-14 0)
(1.5 -6.87531e-14 0)
(1.5 -1.38432e-13 0)
(1.5 -1.60127e-13 0)
(1.5 -1.34713e-13 0)
(1.5 -1.29908e-13 0)
(1.5 -1.56936e-13 0)
(1.5 -1.47497e-13 0)
(1.5 9.26782e-14 0)
(1.5 1.92996e-13 0)
(1.5 2.17621e-13 0)
(1.5 2.94578e-13 0)
(1.5 3.21883e-13 0)
(1.5 3.89491e-13 0)
(1.5 3.99727e-13 0)
(1.5 4.00827e-13 0)
(1.5 3.93153e-13 0)
(1.5 3.46755e-13 0)
(1.5 1.8605e-13 0)
(1.5 9.32803e-14 0)
(1.5 2.09495e-13 0)
(1.5 1.73901e-13 0)
(1.5 1.75436e-13 0)
(1.5 1.49085e-13 0)
(1.5 6.87618e-14 0)
(1.5 2.22614e-14 0)
(1.5 -3.91288e-14 0)
(1.5 -9.7924e-14 0)
(1.5 -9.4857e-14 0)
(1.5 -1.00607e-13 0)
(1.5 -1.09341e-13 0)
(1.5 -1.0208e-13 0)
(1.5 -2.87727e-14 0)
(1.5 5.14659e-15 0)
(1.5 2.06996e-14 0)
(1.5 7.55909e-14 0)
(1.5 1.3907e-13 0)
(1.5 1.25598e-13 0)
(1.5 1.46639e-13 0)
(1.5 -4.64078e-14 0)
(1.5 -4.70932e-14 0)
(1.5 -9.31511e-14 0)
(1.5 -9.35068e-14 0)
(1.5 -2.34594e-14 0)
(1.5 1.2594e-13 0)
(1.5 7.58026e-14 0)
(1.5 6.25641e-14 0)
(1.5 1.32693e-13 0)
(1.5 4.6343e-14 0)
(1.5 9.07571e-14 0)
(1.5 5.94599e-14 0)
(1.5 3.35512e-14 0)
(1.5 4.27181e-14 0)
(1.5 6.65012e-14 0)
(1.5 -2.1982e-14 0)
(1.5 6.44036e-14 0)
(1.5 1.07579e-13 0)
(1.5 1.86543e-13 0)
(1.5 1.2751e-13 0)
(1.5 1.06088e-13 0)
(1.5 9.81931e-14 0)
(1.5 1.92774e-13 0)
(1.5 2.28842e-13 0)
(1.5 2.16685e-13 0)
(1.5 1.32299e-13 0)
(1.5 2.31762e-14 0)
(1.5 1.26464e-13 0)
(1.5 1.72843e-13 0)
(1.5 1.19714e-13 0)
(1.5 6.13127e-14 0)
(1.5 -3.41419e-14 0)
(1.5 -2.41636e-13 0)
(1.5 -2.47123e-13 0)
(1.5 -3.21293e-13 0)
(1.5 -2.40916e-13 0)
(1.5 -1.65494e-13 0)
(1.5 -1.26523e-13 0)
(1.5 -4.0359e-14 0)
(1.5 -5.84569e-14 0)
(1.5 -1.36176e-13 0)
(1.5 -1.17199e-13 0)
(1.5 -1.93025e-14 0)
(1.5 1.79357e-14 0)
(1.5 1.14914e-13 0)
(1.5 7.45844e-14 0)
(1.5 1.2769e-13 0)
(1.5 1.34528e-13 0)
(1.5 4.59016e-14 0)
(1.5 2.59823e-14 0)
(1.5 3.63374e-14 0)
(1.5 6.24051e-14 0)
(1.5 1.71468e-14 0)
(1.5 -4.54984e-14 0)
(1.5 7.50907e-14 0)
(1.5 1.18176e-13 0)
(1.5 2.01047e-13 0)
(1.5 2.549e-13 0)
(1.5 2.95796e-13 0)
(1.5 4.00941e-13 0)
(1.5 3.76526e-13 0)
(1.5 2.63803e-13 0)
(1.5 1.83083e-13 0)
(1.5 7.35591e-14 0)
(1.5 -2.43829e-14 0)
(1.5 -2.65457e-13 0)
(1.5 -2.79092e-13 0)
(1.5 -3.80012e-13 0)
(1.5 -5.47836e-13 0)
(1.5 -6.26183e-13 0)
(1.5 -7.21838e-13 0)
(1.5 -7.61005e-13 0)
(1.5 -6.81612e-13 0)
(1.5 -5.37478e-13 0)
(1.5 -5.65721e-13 0)
(1.5 -6.11204e-13 0)
(1.5 -4.43159e-13 0)
(1.5 -2.34675e-13 0)
(1.5 -2.68364e-13 0)
(1.5 -1.18094e-13 0)
(1.5 1.93649e-14 0)
(1.5 6.21887e-14 0)
(1.5 1.84978e-13 0)
(1.5 2.01125e-13 0)
(1.5 1.55612e-13 0)
(1.5 9.67146e-14 0)
(1.5 1.73683e-13 0)
(1.5 2.62336e-13 0)
(1.5 2.47856e-13 0)
(1.5 2.17659e-13 0)
(1.5 1.66916e-13 0)
(1.5 2.22561e-13 0)
(1.5 1.93013e-13 0)
(1.5 2.02581e-13 0)
(1.5 1.41474e-13 0)
(1.5 1.08081e-13 0)
(1.5 5.29515e-14 0)
(1.5 -1.58155e-15 0)
(1.5 -1.17039e-13 0)
(1.5 -1.5343e-13 0)
(1.5 -2.14367e-13 0)
(1.5 -3.55368e-13 0)
(1.5 -4.27033e-13 0)
(1.5 -4.53895e-13 0)
(1.5 -3.26458e-13 0)
(1.5 -2.94702e-13 0)
(1.5 -3.03523e-13 0)
(1.5 -2.87234e-13 0)
(1.5 -3.32379e-13 0)
(1.5 -2.06035e-13 0)
(1.5 -9.2639e-14 0)
(1.5 -6.97444e-14 0)
(1.5 -1.26715e-13 0)
(1.5 -1.49598e-13 0)
(1.5 -2.31866e-13 0)
(1.5 -1.78825e-13 0)
(1.5 -2.09978e-14 0)
(1.5 1.10519e-13 0)
(1.5 1.81205e-13 0)
(1.5 2.03262e-13 0)
(1.5 2.20583e-13 0)
(1.5 2.17579e-13 0)
(1.5 1.77876e-13 0)
(1.5 2.05198e-13 0)
(1.5 2.15864e-14 0)
(1.5 -1.10985e-13 0)
(1.5 -3.05908e-13 0)
(1.5 -4.1368e-13 0)
(1.5 -4.3362e-13 0)
(1.5 -5.1924e-13 0)
(1.5 -4.00723e-13 0)
(1.5 -2.14153e-13 0)
(1.5 -9.06831e-14 0)
(1.5 -2.39229e-14 0)
(1.5 -9.64366e-14 0)
(1.5 -1.05682e-13 0)
(1.5 -8.25892e-14 0)
(1.5 -5.92098e-14 0)
(1.5 8.01155e-14 0)
(1.5 2.37834e-13 0)
(1.5 3.07796e-13 0)
(1.5 3.16888e-13 0)
(1.5 3.49575e-13 0)
(1.5 2.50895e-13 0)
(1.5 1.44729e-13 0)
(1.5 6.24728e-14 0)
(1.5 2.78962e-14 0)
(1.5 4.34045e-14 0)
(1.5 1.02843e-13 0)
(1.5 -1.4145e-14 0)
(1.5 -9.86078e-14 0)
(1.5 -2.25651e-13 0)
(1.5 -1.81702e-13 0)
(1.5 -2.47956e-14 0)
(1.5 -5.54507e-15 0)
(1.5 1.51168e-13 0)
(1.5 2.70678e-13 0)
(1.5 2.15688e-13 0)
(1.5 -1.1561e-13 0)
(1.5 -1.15598e-13 0)
(1.5 -8.30499e-14 0)
(1.5 -1.83577e-14 0)
(1.5 -3.53854e-14 0)
(1.5 -2.51903e-14 0)
(1.5 -3.22226e-14 0)
(1.5 -9.99222e-14 0)
(1.5 -1.42046e-13 0)
(1.5 -1.43304e-13 0)
(1.5 -1.22328e-13 0)
(1.5 5.80658e-14 0)
(1.5 1.11949e-13 0)
(1.5 1.19715e-13 0)
(1.5 1.47171e-13 0)
(1.5 1.24069e-13 0)
(1.5 2.19592e-13 0)
(1.5 3.32129e-13 0)
(1.5 3.64873e-13 0)
(1.5 3.57508e-13 0)
(1.5 1.79034e-13 0)
(1.5 3.88875e-14 0)
(1.5 -2.11615e-14 0)
(1.5 7.11803e-14 0)
(1.5 -8.88169e-15 0)
(1.5 -9.68103e-14 0)
(1.5 -8.8071e-14 0)
(1.5 -1.60284e-13 0)
(1.5 -1.55432e-13 0)
(1.5 -1.9933e-13 0)
(1.5 -2.05181e-13 0)
(1.5 -2.00741e-13 0)
(1.5 -2.64231e-13 0)
(1.5 -2.6674e-13 0)
(1.5 -2.52393e-13 0)
(1.5 -1.88246e-13 0)
(1.5 -1.36286e-13 0)
(1.5 -7.82547e-14 0)
(1.5 -5.57598e-14 0)
(1.5 -4.99509e-14 0)
(1.5 -5.53761e-14 0)
(1.5 9.94567e-15 0)
(1.5 -9.45027e-14 0)
(1.5 -1.40048e-13 0)
(1.5 -1.98129e-13 0)
(1.5 -1.51951e-13 0)
(1.5 -4.43363e-14 0)
(1.5 8.55742e-14 0)
(1.5 3.22699e-14 0)
(1.5 -1.92204e-14 0)
(1.5 -4.20851e-14 0)
(1.5 -9.27693e-14 0)
(1.5 -1.95268e-14 0)
(1.5 9.70729e-15 0)
(1.5 6.83222e-15 0)
(1.5 -6.00525e-14 0)
(1.5 -8.13256e-14 0)
(1.5 -8.04696e-14 0)
(1.5 -2.63213e-14 0)
(1.5 4.44933e-14 0)
(1.5 1.15588e-13 0)
(1.5 -1.21259e-14 0)
(1.5 2.78579e-14 0)
(1.5 7.70487e-14 0)
(1.5 3.77392e-14 0)
(1.5 8.01557e-14 0)
(1.5 9.29077e-14 0)
(1.5 7.97295e-14 0)
(1.5 -4.08591e-14 0)
(1.5 7.58817e-14 0)
(1.5 2.11536e-13 0)
(1.5 2.20573e-13 0)
(1.5 9.42769e-14 0)
(1.5 -2.54644e-14 0)
(1.5 -1.31939e-13 0)
(1.5 -6.98599e-14 0)
(1.5 -1.4626e-13 0)
(1.5 -2.39854e-13 0)
(1.5 -2.85401e-13 0)
(1.5 -2.02283e-13 0)
(1.5 -8.95154e-14 0)
(1.5 -5.84073e-14 0)
(1.5 -9.59505e-14 0)
(1.5 -5.04803e-14 0)
(1.5 1.5165e-13 0)
(1.5 2.31728e-13 0)
(1.5 2.24318e-13 0)
(1.5 1.4917e-13 0)
(1.5 6.7965e-14 0)
(1.5 1.76328e-14 0)
(1.5 -4.46747e-14 0)
(1.5 -4.47615e-14 0)
(1.5 2.04673e-14 0)
(1.5 5.06328e-14 0)
(1.5 6.01674e-14 0)
(1.5 1.33743e-14 0)
(1.5 1.25518e-13 0)
(1.5 2.00918e-13 0)
(1.5 3.46292e-13 0)
(1.5 5.37174e-13 0)
(1.5 5.22724e-13 0)
(1.5 5.73551e-13 0)
(1.5 5.65827e-13 0)
(1.5 3.9363e-13 0)
(1.5 3.21303e-13 0)
(1.5 1.47728e-13 0)
(1.5 8.86561e-15 0)
(1.5 -2.32845e-13 0)
(1.5 -2.74371e-13 0)
(1.5 -3.53839e-13 0)
(1.5 -4.81317e-13 0)
(1.5 -4.88909e-13 0)
(1.5 -6.05922e-13 0)
(1.5 -7.24996e-13 0)
(1.5 -6.49052e-13 0)
(1.5 -5.61506e-13 0)
(1.5 -5.03221e-13 0)
(1.5 -4.54999e-13 0)
(1.5 -2.32e-13 0)
(1.5 -1.03623e-13 0)
(1.5 -9.71253e-14 0)
(1.5 -4.03788e-14 0)
(1.5 2.6951e-14 0)
(1.5 1.69449e-13 0)
(1.5 2.00572e-13 0)
(1.5 1.89858e-13 0)
(1.5 2.13114e-13 0)
(1.5 1.7546e-13 0)
(1.5 1.74063e-13 0)
(1.5 2.4053e-13 0)
(1.5 2.13918e-13 0)
(1.5 1.59735e-13 0)
(1.5 5.64101e-14 0)
(1.5 9.49873e-14 0)
(1.5 1.83829e-13 0)
(1.5 1.60569e-13 0)
(1.5 9.37119e-14 0)
(1.5 7.31306e-14 0)
(1.5 4.99854e-14 0)
(1.5 8.6101e-14 0)
(1.5 2.47254e-14 0)
(1.5 -2.83074e-14 0)
(1.5 -3.19753e-13 0)
(1.5 -4.96018e-13 0)
(1.5 -4.90139e-13 0)
(1.5 -5.13379e-13 0)
(1.5 -5.03223e-13 0)
(1.5 -3.84693e-13 0)
(1.5 -2.79598e-13 0)
(1.5 -2.00403e-13 0)
(1.5 -1.77879e-13 0)
(1.5 -9.71789e-14 0)
(1.5 -1.4069e-13 0)
(1.5 -5.28629e-14 0)
(1.5 -8.59146e-14 0)
(1.5 -5.502e-14 0)
(1.5 -1.06586e-13 0)
(1.5 -3.35717e-14 0)
(1.5 4.1026e-14 0)
(1.5 1.48865e-13 0)
(1.5 2.46132e-13 0)
(1.5 2.63276e-13 0)
(1.5 2.61949e-13 0)
(1.5 2.16553e-13 0)
(1.5 7.63444e-14 0)
(1.5 6.2453e-14 0)
(1.5 -7.86493e-14 0)
(1.5 -1.68687e-13 0)
(1.5 -1.49095e-13 0)
(1.5 -1.5645e-13 0)
(1.5 -1.08452e-13 0)
(1.5 -1.67209e-13 0)
(1.5 -2.04215e-13 0)
(1.5 -9.58709e-14 0)
(1.5 5.19453e-14 0)
(1.5 7.1991e-14 0)
(1.5 -6.72334e-14 0)
(1.5 -1.25684e-13 0)
(1.5 -1.0979e-13 0)
(1.5 -1.10294e-13 0)
(1.5 -4.84538e-14 0)
(1.5 3.38486e-14 0)
(1.5 1.18202e-13 0)
(1.5 2.88808e-13 0)
(1.5 4.04334e-13 0)
(1.5 2.68366e-13 0)
(1.5 2.35312e-13 0)
(1.5 1.72745e-13 0)
(1.5 1.32784e-13 0)
(1.5 1.49583e-13 0)
(1.5 1.37936e-13 0)
(1.5 8.41876e-14 0)
(1.5 -1.30356e-13 0)
(1.5 -1.90977e-13 0)
(1.5 -1.49395e-13 0)
(1.5 -2.89633e-14 0)
(1.5 9.03468e-14 0)
(1.5 1.2778e-13 0)
(1.5 2.49641e-13 0)
(1.5 3.48594e-13 0)
(1.5 -5.48811e-14 0)
(1.5 -7.42468e-14 0)
(1.5 -4.49819e-14 0)
(1.5 1.16387e-14 0)
(1.5 4.18095e-14 0)
(1.5 5.0652e-14 0)
(1.5 6.03634e-15 0)
(1.5 -8.29791e-14 0)
(1.5 -8.08972e-14 0)
(1.5 2.38587e-14 0)
(1.5 6.82938e-14 0)
(1.5 6.64289e-14 0)
(1.5 6.62402e-14 0)
(1.5 1.00086e-13 0)
(1.5 7.8878e-14 0)
(1.5 -1.48423e-14 0)
(1.5 5.35126e-14 0)
(1.5 1.41608e-13 0)
(1.5 2.30903e-13 0)
(1.5 2.24871e-13 0)
(1.5 4.83755e-14 0)
(1.5 2.05844e-14 0)
(1.5 3.53385e-14 0)
(1.5 -1.97347e-14 0)
(1.5 -1.28412e-13 0)
(1.5 -2.33444e-13 0)
(1.5 -1.35994e-13 0)
(1.5 -1.30176e-13 0)
(1.5 -1.04549e-13 0)
(1.5 -1.42959e-13 0)
(1.5 -1.7536e-13 0)
(1.5 -1.67708e-13 0)
(1.5 -1.67361e-13 0)
(1.5 -1.69784e-13 0)
(1.5 -1.81298e-13 0)
(1.5 -1.3548e-13 0)
(1.5 -9.08553e-14 0)
(1.5 -5.30471e-14 0)
(1.5 -5.60532e-14 0)
(1.5 -5.94907e-14 0)
(1.5 -5.64174e-15 0)
(1.5 2.38001e-14 0)
(1.5 2.90625e-14 0)
(1.5 -1.8413e-14 0)
(1.5 -4.53243e-14 0)
(1.5 2.05039e-14 0)
(1.5 5.34354e-14 0)
(1.5 1.24943e-13 0)
(1.5 9.77225e-14 0)
(1.5 -3.93262e-14 0)
(1.5 -1.04818e-13 0)
(1.5 -1.43163e-13 0)
(1.5 -1.01543e-13 0)
(1.5 -3.06326e-14 0)
(1.5 -3.69417e-14 0)
(1.5 -1.33201e-13 0)
(1.5 -1.14237e-13 0)
(1.5 1.06046e-14 0)
(1.5 -2.8198e-14 0)
(1.5 -2.00868e-15 0)
(1.5 2.62545e-14 0)
(1.5 -2.22882e-14 0)
(1.5 1.30345e-13 0)
(1.5 1.71402e-13 0)
(1.5 5.52024e-14 0)
(1.5 1.2719e-13 0)
(1.5 1.13859e-13 0)
(1.5 1.24476e-13 0)
(1.5 9.69276e-15 0)
(1.5 5.84941e-14 0)
(1.5 1.93607e-13 0)
(1.5 2.0086e-13 0)
(1.5 1.71213e-13 0)
(1.5 1.28351e-14 0)
(1.5 -9.22956e-14 0)
(1.5 -4.13812e-14 0)
(1.5 -9.80197e-15 0)
(1.5 -9.03175e-14 0)
(1.5 -1.80079e-13 0)
(1.5 -1.80787e-13 0)
(1.5 -1.02935e-13 0)
(1.5 -9.38363e-14 0)
(1.5 -7.6258e-14 0)
(1.5 -1.65907e-14 0)
(1.5 1.77999e-13 0)
(1.5 3.44353e-13 0)
(1.5 2.61352e-13 0)
(1.5 2.02347e-13 0)
(1.5 9.51869e-14 0)
(1.5 9.69129e-14 0)
(1.5 1.5269e-13 0)
(1.5 1.25249e-13 0)
(1.5 1.61918e-13 0)
(1.5 6.44845e-14 0)
(1.5 1.42309e-13 0)
(1.5 2.71918e-13 0)
(1.5 3.741e-13 0)
(1.5 4.82771e-13 0)
(1.5 5.35194e-13 0)
(1.5 6.65257e-13 0)
(1.5 6.17723e-13 0)
(1.5 5.84644e-13 0)
(1.5 4.80484e-13 0)
(1.5 3.02322e-13 0)
(1.5 2.2295e-13 0)
(1.5 7.18248e-14 0)
(1.5 -3.39399e-15 0)
(1.5 -1.39278e-13 0)
(1.5 -1.60937e-13 0)
(1.5 -1.96129e-13 0)
(1.5 -2.20351e-13 0)
(1.5 -2.24018e-13 0)
(1.5 -3.60059e-13 0)
(1.5 -4.93066e-13 0)
(1.5 -5.06484e-13 0)
(1.5 -5.08822e-13 0)
(1.5 -4.1602e-13 0)
(1.5 -3.00643e-13 0)
(1.5 -2.31269e-13 0)
(1.5 -2.44747e-13 0)
(1.5 -2.10807e-13 0)
(1.5 -1.31408e-13 0)
(1.5 -7.12327e-14 0)
(1.5 1.25508e-13 0)
(1.5 1.75045e-13 0)
(1.5 2.66385e-13 0)
(1.5 3.83348e-13 0)
(1.5 3.2106e-13 0)
(1.5 2.49934e-13 0)
(1.5 2.0994e-13 0)
(1.5 2.07991e-13 0)
(1.5 2.5248e-13 0)
(1.5 1.62482e-13 0)
(1.5 1.44743e-13 0)
(1.5 1.73748e-13 0)
(1.5 8.36555e-14 0)
(1.5 1.72514e-13 0)
(1.5 2.03037e-13 0)
(1.5 2.10439e-13 0)
(1.5 1.08994e-13 0)
(1.5 1.67646e-18 0)
(1.5 -7.28869e-14 0)
(1.5 -3.05646e-13 0)
(1.5 -5.26471e-13 0)
(1.5 -5.93767e-13 0)
(1.5 -6.17427e-13 0)
(1.5 -6.69119e-13 0)
(1.5 -5.01792e-13 0)
(1.5 -3.1832e-13 0)
(1.5 -1.89328e-13 0)
(1.5 -8.16839e-14 0)
(1.5 -7.04319e-15 0)
(1.5 -1.65223e-13 0)
(1.5 -2.48295e-14 0)
(1.5 1.10239e-13 0)
(1.5 2.05352e-13 0)
(1.5 1.8503e-13 0)
(1.5 1.95885e-13 0)
(1.5 7.30953e-14 0)
(1.5 3.06628e-14 0)
(1.5 6.33474e-14 0)
(1.5 1.12553e-13 0)
(1.5 2.03684e-13 0)
(1.5 1.32988e-13 0)
(1.5 2.11531e-14 0)
(1.5 -6.94844e-14 0)
(1.5 -1.11659e-13 0)
(1.5 -7.32592e-14 0)
(1.5 7.40007e-14 0)
(1.5 1.15534e-13 0)
(1.5 1.12484e-13 0)
(1.5 1.2224e-13 0)
(1.5 -2.30784e-14 0)
(1.5 2.74996e-14 0)
(1.5 1.11779e-13 0)
(1.5 7.21914e-14 0)
(1.5 -1.5301e-14 0)
(1.5 -8.17452e-14 0)
(1.5 -8.37281e-15 0)
(1.5 -9.93345e-17 0)
(1.5 -2.97493e-14 0)
(1.5 -4.27531e-14 0)
(1.5 4.2582e-14 0)
(1.5 2.11645e-13 0)
(1.5 2.979e-13 0)
(1.5 2.80518e-13 0)
(1.5 3.19333e-13 0)
(1.5 2.27365e-13 0)
(1.5 1.75192e-13 0)
(1.5 1.70964e-13 0)
(1.5 5.67505e-14 0)
(1.5 7.28375e-14 0)
(1.5 -8.15846e-14 0)
(1.5 -2.67511e-14 0)
(1.5 -6.49382e-14 0)
(1.5 -4.73705e-14 0)
(1.5 1.43973e-13 0)
(1.5 1.05369e-13 0)
(1.5 1.82718e-13 0)
(1.5 3.93114e-13 0)
(1.5 9.50612e-15 0)
(1.5 -6.05182e-15 0)
(1.5 2.65017e-14 0)
(1.5 -1.10123e-15 0)
(1.5 8.7432e-14 0)
(1.5 9.18382e-14 0)
(1.5 -1.98477e-14 0)
(1.5 -1.2821e-13 0)
(1.5 -1.82229e-13 0)
(1.5 -1.19129e-14 0)
(1.5 8.5675e-14 0)
(1.5 6.91235e-14 0)
(1.5 -1.16872e-14 0)
(1.5 1.13911e-14 0)
(1.5 4.9857e-14 0)
(1.5 3.20026e-14 0)
(1.5 -5.37202e-15 0)
(1.5 -5.77702e-14 0)
(1.5 -6.89035e-15 0)
(1.5 7.29688e-14 0)
(1.5 8.01793e-14 0)
(1.5 1.22864e-13 0)
(1.5 1.30252e-13 0)
(1.5 -5.38825e-14 0)
(1.5 -1.39619e-13 0)
(1.5 -2.17068e-13 0)
(1.5 -1.61883e-13 0)
(1.5 -6.5494e-14 0)
(1.5 -3.32012e-14 0)
(1.5 -5.18566e-14 0)
(1.5 -1.06116e-13 0)
(1.5 -5.06553e-14 0)
(1.5 -6.76343e-14 0)
(1.5 -8.91051e-14 0)
(1.5 -1.00705e-13 0)
(1.5 -7.72433e-14 0)
(1.5 -5.9765e-14 0)
(1.5 -7.02941e-14 0)
(1.5 -3.9739e-14 0)
(1.5 -6.39805e-17 0)
(1.5 7.36694e-14 0)
(1.5 3.50327e-14 0)
(1.5 1.47375e-13 0)
(1.5 1.32421e-13 0)
(1.5 1.79556e-13 0)
(1.5 1.95258e-13 0)
(1.5 1.91189e-13 0)
(1.5 1.9239e-13 0)
(1.5 1.38168e-13 0)
(1.5 -3.79899e-14 0)
(1.5 -8.52316e-14 0)
(1.5 -1.28373e-13 0)
(1.5 -1.44993e-13 0)
(1.5 -1.12461e-13 0)
(1.5 -8.51468e-14 0)
(1.5 -1.29513e-13 0)
(1.5 -1.07364e-13 0)
(1.5 7.19775e-14 0)
(1.5 1.44039e-14 0)
(1.5 -7.30957e-14 0)
(1.5 -3.14167e-14 0)
(1.5 7.60469e-14 0)
(1.5 2.29778e-13 0)
(1.5 1.91704e-13 0)
(1.5 1.14215e-13 0)
(1.5 2.08965e-13 0)
(1.5 1.27536e-13 0)
(1.5 9.9049e-14 0)
(1.5 5.43774e-14 0)
(1.5 4.21046e-14 0)
(1.5 1.69318e-13 0)
(1.5 1.44557e-13 0)
(1.5 1.8297e-13 0)
(1.5 5.77584e-14 0)
(1.5 -4.04294e-15 0)
(1.5 -8.29121e-14 0)
(1.5 -1.11173e-13 0)
(1.5 -1.00358e-13 0)
(1.5 -8.2832e-14 0)
(1.5 -1.23787e-13 0)
(1.5 -1.98102e-13 0)
(1.5 -1.89527e-13 0)
(1.5 -1.63464e-13 0)
(1.5 -1.37411e-13 0)
(1.5 -4.14496e-14 0)
(1.5 1.60927e-13 0)
(1.5 1.30914e-13 0)
(1.5 1.44646e-13 0)
(1.5 1.26044e-13 0)
(1.5 9.53038e-14 0)
(1.5 2.67759e-13 0)
(1.5 2.54198e-13 0)
(1.5 3.34406e-13 0)
(1.5 2.52611e-13 0)
(1.5 2.56665e-13 0)
(1.5 4.20428e-13 0)
(1.5 5.60339e-13 0)
(1.5 6.94282e-13 0)
(1.5 7.20994e-13 0)
(1.5 6.99655e-13 0)
(1.5 6.48317e-13 0)
(1.5 6.20285e-13 0)
(1.5 4.19355e-13 0)
(1.5 2.68282e-13 0)
(1.5 4.7936e-14 0)
(1.5 -9.53767e-14 0)
(1.5 -1.75105e-13 0)
(1.5 -2.09248e-13 0)
(1.5 -1.73218e-13 0)
(1.5 -2.17934e-13 0)
(1.5 -1.64532e-13 0)
(1.5 -1.77559e-13 0)
(1.5 -2.29293e-13 0)
(1.5 -3.28925e-13 0)
(1.5 -4.09351e-13 0)
(1.5 -4.61601e-13 0)
(1.5 -4.15426e-13 0)
(1.5 -2.64757e-13 0)
(1.5 -3.11748e-13 0)
(1.5 -4.0107e-13 0)
(1.5 -3.81626e-13 0)
(1.5 -2.0968e-13 0)
(1.5 -8.48313e-14 0)
(1.5 9.87793e-14 0)
(1.5 1.3975e-13 0)
(1.5 3.12827e-13 0)
(1.5 5.09589e-13 0)
(1.5 4.78742e-13 0)
(1.5 3.81561e-13 0)
(1.5 3.18802e-13 0)
(1.5 2.95154e-13 0)
(1.5 2.98379e-13 0)
(1.5 2.28792e-13 0)
(1.5 1.81193e-13 0)
(1.5 1.30298e-13 0)
(1.5 2.34628e-14 0)
(1.5 1.24587e-13 0)
(1.5 1.78567e-13 0)
(1.5 2.22152e-13 0)
(1.5 3.7197e-14 0)
(1.5 -1.00968e-13 0)
(1.5 -1.64886e-13 0)
(1.5 -2.64254e-13 0)
(1.5 -4.38769e-13 0)
(1.5 -5.96326e-13 0)
(1.5 -6.61889e-13 0)
(1.5 -5.92572e-13 0)
(1.5 -4.87466e-13 0)
(1.5 -3.30813e-13 0)
(1.5 -1.99295e-13 0)
(1.5 -1.19433e-13 0)
(1.5 -1.06028e-13 0)
(1.5 -1.57635e-13 0)
(1.5 -4.23258e-14 0)
(1.5 5.67946e-14 0)
(1.5 1.6829e-13 0)
(1.5 1.99793e-13 0)
(1.5 2.24918e-13 0)
(1.5 1.07946e-13 0)
(1.5 -3.9381e-14 0)
(1.5 -7.47091e-14 0)
(1.5 1.80009e-14 0)
(1.5 1.46302e-13 0)
(1.5 1.11326e-13 0)
(1.5 -9.03002e-15 0)
(1.5 -9.36021e-14 0)
(1.5 -5.58196e-14 0)
(1.5 -3.19781e-15 0)
(1.5 6.72691e-14 0)
(1.5 1.08385e-13 0)
(1.5 4.65174e-14 0)
(1.5 9.96813e-14 0)
(1.5 2.93835e-14 0)
(1.5 4.59491e-14 0)
(1.5 5.30467e-14 0)
(1.5 7.03328e-14 0)
(1.5 1.16082e-13 0)
(1.5 2.6764e-14 0)
(1.5 8.88625e-14 0)
(1.5 1.90133e-13 0)
(1.5 1.36596e-13 0)
(1.5 6.94504e-14 0)
(1.5 6.93121e-14 0)
(1.5 1.16818e-13 0)
(1.5 3.05817e-13 0)
(1.5 4.81203e-13 0)
(1.5 5.13391e-13 0)
(1.5 4.51612e-13 0)
(1.5 3.47581e-13 0)
(1.5 2.27134e-13 0)
(1.5 1.7739e-14 0)
(1.5 -1.27323e-14 0)
(1.5 -3.16526e-14 0)
(1.5 3.00329e-14 0)
(1.5 6.45158e-14 0)
(1.5 9.00829e-15 0)
(1.5 6.49287e-14 0)
(1.5 9.25061e-14 0)
(1.5 1.35206e-13 0)
(1.5 3.21298e-13 0)
(1.5 -4.32649e-15 0)
(1.5 -4.73246e-14 0)
(1.5 -1.27477e-13 0)
(1.5 -1.58906e-13 0)
(1.5 -3.22016e-14 0)
(1.5 4.66086e-14 0)
(1.5 -2.19744e-14 0)
(1.5 -6.84932e-14 0)
(1.5 -1.98497e-13 0)
(1.5 -1.08154e-13 0)
(1.5 5.80712e-16 0)
(1.5 6.8251e-14 0)
(1.5 3.90724e-15 0)
(1.5 -4.05418e-14 0)
(1.5 -4.62094e-14 0)
(1.5 9.12036e-15 0)
(1.5 -1.87356e-14 0)
(1.5 -6.36179e-14 0)
(1.5 -9.31839e-14 0)
(1.5 3.07836e-14 0)
(1.5 1.20148e-13 0)
(1.5 1.31921e-13 0)
(1.5 7.31441e-14 0)
(1.5 -1.17879e-13 0)
(1.5 -1.43355e-13 0)
(1.5 -1.77769e-13 0)
(1.5 -2.06792e-13 0)
(1.5 -9.78258e-14 0)
(1.5 -1.09159e-13 0)
(1.5 -3.69626e-14 0)
(1.5 -4.27865e-14 0)
(1.5 1.50683e-14 0)
(1.5 -5.47151e-14 0)
(1.5 -6.23818e-14 0)
(1.5 -3.26635e-14 0)
(1.5 -1.6911e-15 0)
(1.5 3.00228e-15 0)
(1.5 -3.74656e-14 0)
(1.5 2.79364e-14 0)
(1.5 1.12614e-13 0)
(1.5 1.57158e-13 0)
(1.5 1.17084e-13 0)
(1.5 2.37584e-13 0)
(1.5 2.89093e-13 0)
(1.5 3.92691e-13 0)
(1.5 3.87346e-13 0)
(1.5 3.30794e-13 0)
(1.5 2.36553e-13 0)
(1.5 2.06977e-13 0)
(1.5 1.08107e-13 0)
(1.5 3.41182e-14 0)
(1.5 4.0504e-14 0)
(1.5 -1.35514e-14 0)
(1.5 -1.24602e-13 0)
(1.5 -6.23913e-14 0)
(1.5 -1.12803e-14 0)
(1.5 -6.59787e-14 0)
(1.5 6.46912e-14 0)
(1.5 6.33921e-14 0)
(1.5 -4.17101e-14 0)
(1.5 -5.20441e-14 0)
(1.5 9.14864e-14 0)
(1.5 1.42986e-13 0)
(1.5 1.18531e-13 0)
(1.5 1.47896e-13 0)
(1.5 1.95998e-13 0)
(1.5 1.26544e-13 0)
(1.5 2.17981e-14 0)
(1.5 1.08124e-13 0)
(1.5 8.77715e-14 0)
(1.5 2.20255e-13 0)
(1.5 2.2572e-13 0)
(1.5 2.41088e-13 0)
(1.5 1.21387e-13 0)
(1.5 9.88089e-14 0)
(1.5 -4.92154e-14 0)
(1.5 -1.96046e-13 0)
(1.5 -1.94233e-13 0)
(1.5 -1.18827e-13 0)
(1.5 -1.21628e-13 0)
(1.5 -2.85489e-13 0)
(1.5 -2.64167e-13 0)
(1.5 -1.42575e-13 0)
(1.5 -1.74352e-13 0)
(1.5 -1.7612e-13 0)
(1.5 -6.72663e-14 0)
(1.5 4.51207e-14 0)
(1.5 1.67143e-13 0)
(1.5 1.408e-13 0)
(1.5 2.21203e-14 0)
(1.5 1.65833e-13 0)
(1.5 2.14393e-13 0)
(1.5 3.46039e-13 0)
(1.5 3.41907e-13 0)
(1.5 3.26657e-13 0)
(1.5 4.90627e-13 0)
(1.5 6.70043e-13 0)
(1.5 7.64576e-13 0)
(1.5 7.38938e-13 0)
(1.5 6.44066e-13 0)
(1.5 6.19766e-13 0)
(1.5 6.94583e-13 0)
(1.5 4.96073e-13 0)
(1.5 3.21215e-13 0)
(1.5 2.96121e-14 0)
(1.5 -1.51658e-13 0)
(1.5 -2.92603e-13 0)
(1.5 -2.25288e-13 0)
(1.5 -2.17161e-13 0)
(1.5 -2.67615e-13 0)
(1.5 -2.42588e-13 0)
(1.5 -3.30851e-13 0)
(1.5 -2.7784e-13 0)
(1.5 -2.3789e-13 0)
(1.5 -3.10854e-13 0)
(1.5 -4.72851e-13 0)
(1.5 -4.17129e-13 0)
(1.5 -2.17351e-13 0)
(1.5 -3.25885e-13 0)
(1.5 -4.18493e-13 0)
(1.5 -3.53955e-13 0)
(1.5 -1.98436e-13 0)
(1.5 -5.14258e-14 0)
(1.5 -1.88661e-14 0)
(1.5 1.68695e-14 0)
(1.5 2.4876e-13 0)
(1.5 4.12725e-13 0)
(1.5 5.2427e-13 0)
(1.5 5.11934e-13 0)
(1.5 4.49231e-13 0)
(1.5 3.07255e-13 0)
(1.5 2.35667e-13 0)
(1.5 1.93137e-13 0)
(1.5 1.92763e-13 0)
(1.5 1.56489e-13 0)
(1.5 1.24901e-13 0)
(1.5 1.07615e-13 0)
(1.5 1.05391e-13 0)
(1.5 5.66945e-14 0)
(1.5 -3.29872e-14 0)
(1.5 -9.37095e-14 0)
(1.5 -2.10784e-13 0)
(1.5 -3.19172e-13 0)
(1.5 -4.04276e-13 0)
(1.5 -5.75625e-13 0)
(1.5 -5.90126e-13 0)
(1.5 -4.64481e-13 0)
(1.5 -3.78656e-13 0)
(1.5 -3.19413e-13 0)
(1.5 -2.44332e-13 0)
(1.5 -1.87488e-13 0)
(1.5 -1.35601e-13 0)
(1.5 -5.1599e-14 0)
(1.5 -2.45518e-14 0)
(1.5 -5.74118e-15 0)
(1.5 3.69002e-14 0)
(1.5 9.25326e-14 0)
(1.5 1.48414e-13 0)
(1.5 2.07545e-13 0)
(1.5 2.21322e-14 0)
(1.5 -6.02302e-14 0)
(1.5 4.2715e-14 0)
(1.5 6.23924e-14 0)
(1.5 8.96848e-14 0)
(1.5 9.62937e-15 0)
(1.5 -7.64912e-15 0)
(1.5 4.47568e-14 0)
(1.5 6.56171e-14 0)
(1.5 2.22184e-14 0)
(1.5 -1.38298e-14 0)
(1.5 -4.37784e-14 0)
(1.5 7.7065e-15 0)
(1.5 -2.41441e-14 0)
(1.5 -6.71585e-14 0)
(1.5 -4.74883e-14 0)
(1.5 7.89846e-14 0)
(1.5 2.16498e-13 0)
(1.5 2.16331e-13 0)
(1.5 1.55979e-13 0)
(1.5 2.58819e-13 0)
(1.5 2.65565e-13 0)
(1.5 3.35758e-13 0)
(1.5 3.57784e-13 0)
(1.5 2.71987e-13 0)
(1.5 3.81962e-13 0)
(1.5 5.62215e-13 0)
(1.5 5.39045e-13 0)
(1.5 5.49659e-13 0)
(1.5 5.29469e-13 0)
(1.5 3.26653e-13 0)
(1.5 1.84393e-13 0)
(1.5 8.24676e-14 0)
(1.5 4.76608e-14 0)
(1.5 -1.669e-15 0)
(1.5 5.60208e-14 0)
(1.5 -1.64687e-14 0)
(1.5 -3.40875e-14 0)
(1.5 7.33433e-14 0)
(1.5 2.05548e-13 0)
(1.5 3.13774e-13 0)
(1.5 -4.77659e-14 0)
(1.5 -5.83075e-15 0)
(1.5 -1.02984e-13 0)
(1.5 -1.49458e-13 0)
(1.5 -1.32066e-13 0)
(1.5 -5.4164e-14 0)
(1.5 -6.93019e-14 0)
(1.5 -5.22385e-14 0)
(1.5 -1.64112e-13 0)
(1.5 -2.16679e-13 0)
(1.5 -1.53165e-13 0)
(1.5 -4.53473e-14 0)
(1.5 1.15117e-14 0)
(1.5 -2.827e-14 0)
(1.5 -1.10034e-13 0)
(1.5 -1.37271e-13 0)
(1.5 -1.46211e-13 0)
(1.5 -9.62772e-14 0)
(1.5 -1.16264e-13 0)
(1.5 -1.15089e-13 0)
(1.5 3.965e-14 0)
(1.5 6.52906e-14 0)
(1.5 -1.36859e-14 0)
(1.5 -1.72418e-13 0)
(1.5 -1.74703e-13 0)
(1.5 -1.65094e-13 0)
(1.5 -2.09114e-13 0)
(1.5 -1.52749e-13 0)
(1.5 -2.4427e-13 0)
(1.5 -8.32856e-14 0)
(1.5 -5.59877e-14 0)
(1.5 -8.01915e-14 0)
(1.5 -1.23872e-13 0)
(1.5 -2.85771e-14 0)
(1.5 1.70453e-14 0)
(1.5 1.34291e-13 0)
(1.5 1.29365e-13 0)
(1.5 1.0475e-13 0)
(1.5 1.23854e-13 0)
(1.5 1.89737e-13 0)
(1.5 2.45947e-13 0)
(1.5 3.0594e-13 0)
(1.5 3.82372e-13 0)
(1.5 5.07192e-13 0)
(1.5 5.41588e-13 0)
(1.5 4.90135e-13 0)
(1.5 3.59721e-13 0)
(1.5 2.58126e-13 0)
(1.5 2.80791e-13 0)
(1.5 2.811e-13 0)
(1.5 2.57792e-13 0)
(1.5 2.62376e-13 0)
(1.5 1.83769e-13 0)
(1.5 1.99263e-14 0)
(1.5 -1.80697e-14 0)
(1.5 3.8857e-14 0)
(1.5 4.63325e-14 0)
(1.5 9.31221e-14 0)
(1.5 1.38468e-13 0)
(1.5 9.03783e-14 0)
(1.5 -5.93359e-14 0)
(1.5 -1.06302e-14 0)
(1.5 2.7277e-14 0)
(1.5 6.98611e-14 0)
(1.5 1.08545e-13 0)
(1.5 9.36334e-14 0)
(1.5 9.86156e-14 0)
(1.5 1.97574e-14 0)
(1.5 1.34902e-13 0)
(1.5 1.56506e-13 0)
(1.5 2.746e-13 0)
(1.5 3.25078e-13 0)
(1.5 2.37976e-13 0)
(1.5 1.84824e-13 0)
(1.5 1.51385e-13 0)
(1.5 3.07268e-14 0)
(1.5 -1.14547e-13 0)
(1.5 -1.77353e-13 0)
(1.5 -1.87816e-13 0)
(1.5 -9.27814e-14 0)
(1.5 -1.69704e-13 0)
(1.5 -2.12487e-13 0)
(1.5 -6.67255e-15 0)
(1.5 -7.61121e-14 0)
(1.5 -1.05745e-13 0)
(1.5 -8.76491e-14 0)
(1.5 4.39894e-14 0)
(1.5 1.89286e-13 0)
(1.5 1.32346e-13 0)
(1.5 9.80859e-14 0)
(1.5 1.34793e-13 0)
(1.5 2.66527e-13 0)
(1.5 3.14078e-13 0)
(1.5 3.54238e-13 0)
(1.5 4.22558e-13 0)
(1.5 6.01611e-13 0)
(1.5 7.4967e-13 0)
(1.5 7.90975e-13 0)
(1.5 6.78124e-13 0)
(1.5 5.71465e-13 0)
(1.5 5.85575e-13 0)
(1.5 5.79908e-13 0)
(1.5 4.87136e-13 0)
(1.5 3.38637e-13 0)
(1.5 1.47811e-13 0)
(1.5 -1.01233e-13 0)
(1.5 -2.65168e-13 0)
(1.5 -2.07774e-13 0)
(1.5 -1.95641e-13 0)
(1.5 -2.87777e-13 0)
(1.5 -3.05328e-13 0)
(1.5 -3.54897e-13 0)
(1.5 -2.64192e-13 0)
(1.5 -1.98963e-13 0)
(1.5 -2.60343e-13 0)
(1.5 -3.99056e-13 0)
(1.5 -3.43097e-13 0)
(1.5 -2.54216e-13 0)
(1.5 -3.56665e-13 0)
(1.5 -4.02604e-13 0)
(1.5 -3.29894e-13 0)
(1.5 -2.65571e-13 0)
(1.5 -1.89588e-13 0)
(1.5 -2.31177e-13 0)
(1.5 -1.25511e-13 0)
(1.5 4.84803e-14 0)
(1.5 1.52026e-13 0)
(1.5 3.44338e-13 0)
(1.5 3.70837e-13 0)
(1.5 2.54125e-13 0)
(1.5 1.05875e-13 0)
(1.5 8.92291e-14 0)
(1.5 7.76637e-14 0)
(1.5 1.22659e-13 0)
(1.5 1.18753e-13 0)
(1.5 2.0862e-13 0)
(1.5 1.65963e-13 0)
(1.5 5.19534e-14 0)
(1.5 -1.31065e-13 0)
(1.5 -1.91002e-13 0)
(1.5 -2.162e-13 0)
(1.5 -3.02429e-13 0)
(1.5 -3.84805e-13 0)
(1.5 -3.4804e-13 0)
(1.5 -3.6679e-13 0)
(1.5 -3.49976e-13 0)
(1.5 -2.99977e-13 0)
(1.5 -2.84454e-13 0)
(1.5 -2.56978e-13 0)
(1.5 -2.59786e-13 0)
(1.5 -1.82142e-13 0)
(1.5 -1.12529e-13 0)
(1.5 -4.07738e-14 0)
(1.5 -6.56522e-14 0)
(1.5 -2.92591e-14 0)
(1.5 -9.35443e-16 0)
(1.5 8.48582e-14 0)
(1.5 7.65108e-14 0)
(1.5 1.84294e-13 0)
(1.5 4.98712e-14 0)
(1.5 -5.16437e-14 0)
(1.5 -1.87453e-15 0)
(1.5 -1.15469e-13 0)
(1.5 -9.36446e-14 0)
(1.5 -1.75609e-14 0)
(1.5 3.22315e-14 0)
(1.5 1.06445e-13 0)
(1.5 1.36614e-13 0)
(1.5 4.26813e-14 0)
(1.5 -5.2923e-14 0)
(1.5 -4.0013e-14 0)
(1.5 -4.29773e-14 0)
(1.5 -1.43299e-13 0)
(1.5 -1.41535e-13 0)
(1.5 -1.00202e-13 0)
(1.5 3.73397e-14 0)
(1.5 9.17289e-14 0)
(1.5 1.18636e-13 0)
(1.5 1.61542e-13 0)
(1.5 1.84072e-13 0)
(1.5 2.77115e-13 0)
(1.5 4.73843e-13 0)
(1.5 4.33396e-13 0)
(1.5 3.60663e-13 0)
(1.5 3.11999e-13 0)
(1.5 3.67237e-13 0)
(1.5 3.72713e-13 0)
(1.5 3.3374e-13 0)
(1.5 4.27605e-13 0)
(1.5 2.71047e-13 0)
(1.5 1.87645e-13 0)
(1.5 1.91889e-13 0)
(1.5 1.45894e-13 0)
(1.5 1.05378e-13 0)
(1.5 9.12167e-14 0)
(1.5 1.22313e-14 0)
(1.5 5.69936e-14 0)
(1.5 1.48123e-13 0)
(1.5 3.33592e-13 0)
(1.5 3.84881e-13 0)
(1.5 -2.22797e-14 0)
(1.5 1.27878e-13 0)
(1.5 1.50236e-13 0)
(1.5 2.11108e-14 0)
(1.5 -1.27494e-13 0)
(1.5 -1.59823e-13 0)
(1.5 -1.90547e-13 0)
(1.5 -1.74566e-13 0)
(1.5 -2.31347e-13 0)
(1.5 -3.01259e-13 0)
(1.5 -3.25568e-13 0)
(1.5 -3.11066e-13 0)
(1.5 -2.13517e-13 0)
(1.5 -1.29119e-13 0)
(1.5 -1.80712e-13 0)
(1.5 -2.65606e-13 0)
(1.5 -3.1099e-13 0)
(1.5 -2.57914e-13 0)
(1.5 -2.65165e-13 0)
(1.5 -3.27546e-13 0)
(1.5 -2.15499e-13 0)
(1.5 -1.27481e-13 0)
(1.5 -1.51954e-13 0)
(1.5 -3.15434e-13 0)
(1.5 -3.28272e-13 0)
(1.5 -2.89154e-13 0)
(1.5 -3.16038e-13 0)
(1.5 -2.86571e-13 0)
(1.5 -3.34962e-13 0)
(1.5 -2.61695e-13 0)
(1.5 -2.13389e-13 0)
(1.5 -2.18316e-13 0)
(1.5 -1.30551e-13 0)
(1.5 -1.52134e-14 0)
(1.5 -4.29081e-14 0)
(1.5 9.6198e-14 0)
(1.5 1.24968e-13 0)
(1.5 1.2412e-13 0)
(1.5 8.91852e-14 0)
(1.5 9.66641e-14 0)
(1.5 1.66251e-13 0)
(1.5 3.1887e-13 0)
(1.5 4.43729e-13 0)
(1.5 5.59416e-13 0)
(1.5 5.45172e-13 0)
(1.5 4.30617e-13 0)
(1.5 3.14458e-13 0)
(1.5 2.58202e-13 0)
(1.5 2.34545e-13 0)
(1.5 2.96996e-13 0)
(1.5 3.00335e-13 0)
(1.5 2.41791e-13 0)
(1.5 1.57334e-13 0)
(1.5 8.12138e-14 0)
(1.5 -2.81705e-15 0)
(1.5 6.09643e-15 0)
(1.5 7.17038e-14 0)
(1.5 3.71082e-14 0)
(1.5 5.3375e-14 0)
(1.5 7.09641e-14 0)
(1.5 -9.96026e-14 0)
(1.5 -1.12802e-13 0)
(1.5 -8.1485e-14 0)
(1.5 -7.18056e-14 0)
(1.5 -8.58037e-14 0)
(1.5 -1.26535e-13 0)
(1.5 -5.63679e-14 0)
(1.5 -1.50562e-14 0)
(1.5 4.64873e-14 0)
(1.5 3.14448e-14 0)
(1.5 4.17627e-14 0)
(1.5 9.77776e-14 0)
(1.5 1.83688e-14 0)
(1.5 5.28887e-14 0)
(1.5 1.24605e-13 0)
(1.5 1.06087e-13 0)
(1.5 4.30815e-14 0)
(1.5 -5.77791e-14 0)
(1.5 -1.31976e-13 0)
(1.5 -4.57612e-14 0)
(1.5 -5.07833e-15 0)
(1.5 -3.8746e-14 0)
(1.5 9.51627e-14 0)
(1.5 9.71719e-14 0)
(1.5 8.54445e-14 0)
(1.5 2.31603e-14 0)
(1.5 4.12348e-14 0)
(1.5 1.36425e-13 0)
(1.5 1.94167e-13 0)
(1.5 2.81636e-13 0)
(1.5 2.52801e-13 0)
(1.5 4.47035e-13 0)
(1.5 4.33924e-13 0)
(1.5 5.13159e-13 0)
(1.5 6.21722e-13 0)
(1.5 6.37069e-13 0)
(1.5 6.19467e-13 0)
(1.5 6.41193e-13 0)
(1.5 5.84078e-13 0)
(1.5 5.06794e-13 0)
(1.5 5.08947e-13 0)
(1.5 3.5079e-13 0)
(1.5 3.10808e-13 0)
(1.5 2.60169e-13 0)
(1.5 1.88479e-13 0)
(1.5 -2.21551e-14 0)
(1.5 -1.60797e-13 0)
(1.5 -1.53554e-13 0)
(1.5 -2.52507e-13 0)
(1.5 -3.00531e-13 0)
(1.5 -2.96844e-13 0)
(1.5 -2.67418e-13 0)
(1.5 -2.52765e-13 0)
(1.5 -2.56503e-13 0)
(1.5 -2.99537e-13 0)
(1.5 -2.76099e-13 0)
(1.5 -2.99382e-13 0)
(1.5 -3.56359e-13 0)
(1.5 -3.90261e-13 0)
(1.5 -3.71633e-13 0)
(1.5 -3.74811e-13 0)
(1.5 -3.96005e-13 0)
(1.5 -3.65563e-13 0)
(1.5 -4.12973e-13 0)
(1.5 -3.5206e-13 0)
(1.5 -2.94613e-13 0)
(1.5 -1.52496e-13 0)
(1.5 3.31687e-14 0)
(1.5 -1.6337e-14 0)
(1.5 -4.80952e-14 0)
(1.5 -8.8867e-14 0)
(1.5 -1.32625e-13 0)
(1.5 -4.78392e-14 0)
(1.5 9.33476e-14 0)
(1.5 8.20464e-14 0)
(1.5 1.83254e-13 0)
(1.5 7.69046e-14 0)
(1.5 -1.27104e-13 0)
(1.5 -2.9736e-13 0)
(1.5 -3.44725e-13 0)
(1.5 -3.71663e-13 0)
(1.5 -4.61492e-13 0)
(1.5 -4.40266e-13 0)
(1.5 -3.21891e-13 0)
(1.5 -1.15121e-13 0)
(1.5 -8.60385e-14 0)
(1.5 -9.92082e-14 0)
(1.5 -1.84816e-13 0)
(1.5 -1.95019e-13 0)
(1.5 -2.92694e-13 0)
(1.5 -2.42454e-13 0)
(1.5 -1.59313e-13 0)
(1.5 -1.27317e-13 0)
(1.5 -1.39919e-13 0)
(1.5 -9.53544e-14 0)
(1.5 -2.75647e-14 0)
(1.5 5.42912e-14 0)
(1.5 2.42047e-14 0)
(1.5 3.63723e-14 0)
(1.5 1.20562e-14 0)
(1.5 -2.17519e-14 0)
(1.5 -2.69197e-14 0)
(1.5 -1.9174e-13 0)
(1.5 -2.52437e-13 0)
(1.5 -9.69795e-14 0)
(1.5 -8.68454e-15 0)
(1.5 9.8901e-14 0)
(1.5 1.00542e-13 0)
(1.5 3.29596e-14 0)
(1.5 8.55253e-15 0)
(1.5 7.53373e-14 0)
(1.5 3.34671e-14 0)
(1.5 -9.90769e-14 0)
(1.5 -1.00139e-13 0)
(1.5 -1.12312e-13 0)
(1.5 -1.87086e-14 0)
(1.5 4.33378e-15 0)
(1.5 2.33968e-14 0)
(1.5 1.75688e-13 0)
(1.5 2.94083e-13 0)
(1.5 3.96364e-13 0)
(1.5 4.94808e-13 0)
(1.5 2.93681e-13 0)
(1.5 2.80808e-13 0)
(1.5 2.89186e-13 0)
(1.5 2.40668e-13 0)
(1.5 2.89939e-13 0)
(1.5 1.87697e-13 0)
(1.5 1.82415e-13 0)
(1.5 1.59819e-13 0)
(1.5 6.33588e-14 0)
(1.5 1.40986e-13 0)
(1.5 1.39358e-13 0)
(1.5 2.13662e-13 0)
(1.5 2.61296e-13 0)
(1.5 2.33233e-13 0)
(1.5 2.79993e-13 0)
(1.5 3.34043e-13 0)
(1.5 3.54236e-13 0)
(1.5 3.88526e-13 0)
(1.5 -3.44431e-14 0)
(1.5 7.45994e-14 0)
(1.5 1.61548e-13 0)
(1.5 4.4219e-14 0)
(1.5 -1.59307e-13 0)
(1.5 -2.95536e-13 0)
(1.5 -3.23464e-13 0)
(1.5 -2.45484e-13 0)
(1.5 -2.50472e-13 0)
(1.5 -3.22339e-13 0)
(1.5 -3.90865e-13 0)
(1.5 -4.68394e-13 0)
(1.5 -3.54938e-13 0)
(1.5 -2.38613e-13 0)
(1.5 -2.88638e-13 0)
(1.5 -3.77397e-13 0)
(1.5 -4.87712e-13 0)
(1.5 -4.68237e-13 0)
(1.5 -4.67242e-13 0)
(1.5 -4.77327e-13 0)
(1.5 -4.52793e-13 0)
(1.5 -3.90614e-13 0)
(1.5 -3.5799e-13 0)
(1.5 -3.65681e-13 0)
(1.5 -3.26017e-13 0)
(1.5 -3.06154e-13 0)
(1.5 -3.12741e-13 0)
(1.5 -2.80229e-13 0)
(1.5 -2.49542e-13 0)
(1.5 -2.88492e-13 0)
(1.5 -2.18949e-13 0)
(1.5 -2.11692e-13 0)
(1.5 -4.88089e-14 0)
(1.5 1.51918e-14 0)
(1.5 -4.81604e-14 0)
(1.5 2.59395e-15 0)
(1.5 7.26055e-14 0)
(1.5 7.67305e-14 0)
(1.5 1.15593e-13 0)
(1.5 6.91953e-14 0)
(1.5 1.15004e-13 0)
(1.5 2.49851e-13 0)
(1.5 3.92745e-13 0)
(1.5 5.01719e-13 0)
(1.5 5.06617e-13 0)
(1.5 4.5545e-13 0)
(1.5 3.7438e-13 0)
(1.5 3.79013e-13 0)
(1.5 2.92622e-13 0)
(1.5 2.86468e-13 0)
(1.5 2.49105e-13 0)
(1.5 1.75205e-13 0)
(1.5 1.44158e-13 0)
(1.5 1.24985e-13 0)
(1.5 7.57468e-14 0)
(1.5 4.231e-14 0)
(1.5 4.94596e-14 0)
(1.5 -1.3483e-14 0)
(1.5 -6.70485e-14 0)
(1.5 4.48189e-14 0)
(1.5 1.49944e-14 0)
(1.5 -4.91804e-14 0)
(1.5 -1.06702e-13 0)
(1.5 -1.44696e-13 0)
(1.5 -1.75106e-13 0)
(1.5 -1.79764e-13 0)
(1.5 -9.3386e-14 0)
(1.5 1.35565e-14 0)
(1.5 -1.38706e-14 0)
(1.5 -1.01754e-13 0)
(1.5 -2.61781e-13 0)
(1.5 -2.7671e-13 0)
(1.5 -2.19266e-13 0)
(1.5 -1.55902e-13 0)
(1.5 -3.46345e-14 0)
(1.5 5.33595e-14 0)
(1.5 1.22303e-13 0)
(1.5 1.13425e-13 0)
(1.5 2.93361e-14 0)
(1.5 -2.04736e-14 0)
(1.5 7.21278e-14 0)
(1.5 7.64666e-14 0)
(1.5 8.71816e-14 0)
(1.5 2.25943e-13 0)
(1.5 2.21542e-13 0)
(1.5 1.96395e-13 0)
(1.5 1.79379e-13 0)
(1.5 1.75961e-13 0)
(1.5 3.1999e-13 0)
(1.5 4.14899e-13 0)
(1.5 4.09606e-13 0)
(1.5 4.84191e-13 0)
(1.5 5.0445e-13 0)
(1.5 6.02013e-13 0)
(1.5 7.37571e-13 0)
(1.5 6.76498e-13 0)
(1.5 5.38154e-13 0)
(1.5 4.95835e-13 0)
(1.5 4.16967e-13 0)
(1.5 3.1355e-13 0)
(1.5 2.12966e-13 0)
(1.5 1.11805e-13 0)
(1.5 1.43354e-13 0)
(1.5 2.12488e-13 0)
(1.5 2.1295e-13 0)
(1.5 7.87318e-14 0)
(1.5 6.3582e-15 0)
(1.5 -1.22634e-13 0)
(1.5 -3.31496e-13 0)
(1.5 -3.75361e-13 0)
(1.5 -4.82539e-13 0)
(1.5 -4.67308e-13 0)
(1.5 -4.33824e-13 0)
(1.5 -3.57603e-13 0)
(1.5 -4.02076e-13 0)
(1.5 -3.15993e-13 0)
(1.5 -4.00083e-13 0)
(1.5 -5.62457e-13 0)
(1.5 -5.21082e-13 0)
(1.5 -4.7187e-13 0)
(1.5 -4.96422e-13 0)
(1.5 -5.41555e-13 0)
(1.5 -5.07315e-13 0)
(1.5 -5.32327e-13 0)
(1.5 -4.58808e-13 0)
(1.5 -4.80495e-13 0)
(1.5 -3.92246e-13 0)
(1.5 -3.71939e-13 0)
(1.5 -4.32326e-13 0)
(1.5 -3.80704e-13 0)
(1.5 -2.54836e-13 0)
(1.5 -2.50033e-13 0)
(1.5 -1.26016e-13 0)
(1.5 1.02106e-13 0)
(1.5 1.27693e-13 0)
(1.5 8.02421e-14 0)
(1.5 -7.94721e-14 0)
(1.5 -2.43446e-13 0)
(1.5 -3.37829e-13 0)
(1.5 -3.27134e-13 0)
(1.5 -3.45393e-13 0)
(1.5 -5.03952e-13 0)
(1.5 -3.68229e-13 0)
(1.5 -2.11239e-13 0)
(1.5 -2.76112e-15 0)
(1.5 3.52596e-14 0)
(1.5 -3.77827e-14 0)
(1.5 -9.63739e-14 0)
(1.5 -1.36644e-13 0)
(1.5 -2.14306e-13 0)
(1.5 -1.98926e-13 0)
(1.5 -1.00343e-13 0)
(1.5 -6.78972e-14 0)
(1.5 -1.21117e-13 0)
(1.5 -7.49338e-14 0)
(1.5 -1.64171e-15 0)
(1.5 5.11325e-14 0)
(1.5 3.64469e-14 0)
(1.5 -3.34834e-14 0)
(1.5 -1.95835e-14 0)
(1.5 -3.45462e-14 0)
(1.5 -1.25747e-13 0)
(1.5 -1.69448e-13 0)
(1.5 -2.00058e-13 0)
(1.5 -1.16275e-13 0)
(1.5 -1.63222e-14 0)
(1.5 4.97308e-14 0)
(1.5 5.85385e-14 0)
(1.5 9.03384e-14 0)
(1.5 1.08075e-13 0)
(1.5 1.86918e-13 0)
(1.5 7.69187e-14 0)
(1.5 1.48381e-13 0)
(1.5 1.24555e-13 0)
(1.5 7.72413e-14 0)
(1.5 1.12247e-13 0)
(1.5 1.66681e-13 0)
(1.5 2.26929e-13 0)
(1.5 3.64901e-13 0)
(1.5 4.80283e-13 0)
(1.5 5.12311e-13 0)
(1.5 4.25133e-13 0)
(1.5 3.48189e-13 0)
(1.5 3.61823e-13 0)
(1.5 3.78156e-13 0)
(1.5 3.22973e-13 0)
(1.5 3.19533e-13 0)
(1.5 2.92584e-13 0)
(1.5 1.69463e-13 0)
(1.5 2.83069e-13 0)
(1.5 2.49669e-13 0)
(1.5 2.66676e-13 0)
(1.5 2.97451e-13 0)
(1.5 3.39671e-13 0)
(1.5 3.69161e-13 0)
(1.5 4.28691e-13 0)
(1.5 5.02112e-13 0)
(1.5 5.67228e-13 0)
(1.5 4.27575e-13 0)
(1.5 4.15645e-13 0)
(1.5 3.0385e-14 0)
(1.5 8.54484e-15 0)
(1.5 7.85766e-14 0)
(1.5 4.40793e-15 0)
(1.5 -1.89849e-13 0)
(1.5 -3.73437e-13 0)
(1.5 -3.71616e-13 0)
(1.5 -3.03092e-13 0)
(1.5 -2.80261e-13 0)
(1.5 -3.75915e-13 0)
(1.5 -4.4371e-13 0)
(1.5 -4.77294e-13 0)
(1.5 -3.59181e-13 0)
(1.5 -2.97952e-13 0)
(1.5 -3.70466e-13 0)
(1.5 -4.56776e-13 0)
(1.5 -5.70245e-13 0)
(1.5 -5.2728e-13 0)
(1.5 -5.9957e-13 0)
(1.5 -6.14546e-13 0)
(1.5 -5.32288e-13 0)
(1.5 -4.74479e-13 0)
(1.5 -3.92065e-13 0)
(1.5 -2.51065e-13 0)
(1.5 -2.41655e-13 0)
(1.5 -2.80535e-13 0)
(1.5 -3.08528e-13 0)
(1.5 -2.97196e-13 0)
(1.5 -2.04469e-13 0)
(1.5 -2.56915e-13 0)
(1.5 -1.44918e-13 0)
(1.5 -1.28539e-13 0)
(1.5 -1.10585e-14 0)
(1.5 -2.80846e-14 0)
(1.5 -8.67177e-15 0)
(1.5 -4.57273e-14 0)
(1.5 -1.52068e-14 0)
(1.5 2.53948e-14 0)
(1.5 9.86851e-14 0)
(1.5 8.41525e-14 0)
(1.5 8.36824e-14 0)
(1.5 1.51898e-13 0)
(1.5 2.05718e-13 0)
(1.5 3.00423e-13 0)
(1.5 2.96779e-13 0)
(1.5 3.73962e-13 0)
(1.5 3.89411e-13 0)
(1.5 3.92192e-13 0)
(1.5 3.1479e-13 0)
(1.5 2.3739e-13 0)
(1.5 1.55379e-13 0)
(1.5 1.49598e-13 0)
(1.5 1.57432e-13 0)
(1.5 1.47635e-13 0)
(1.5 9.42611e-14 0)
(1.5 1.48916e-14 0)
(1.5 -5.96085e-14 0)
(1.5 -1.40591e-13 0)
(1.5 -1.59301e-13 0)
(1.5 -2.46376e-14 0)
(1.5 4.69497e-14 0)
(1.5 -6.1663e-14 0)
(1.5 -1.50528e-13 0)
(1.5 -2.03354e-13 0)
(1.5 -1.73847e-13 0)
(1.5 -1.19194e-13 0)
(1.5 -1.48847e-13 0)
(1.5 -6.84974e-14 0)
(1.5 -1.71634e-13 0)
(1.5 -2.46239e-13 0)
(1.5 -3.42439e-13 0)
(1.5 -3.7249e-13 0)
(1.5 -2.8984e-13 0)
(1.5 -1.40575e-13 0)
(1.5 -3.13525e-14 0)
(1.5 6.05932e-14 0)
(1.5 1.54852e-13 0)
(1.5 1.4418e-13 0)
(1.5 6.74161e-14 0)
(1.5 5.08862e-15 0)
(1.5 1.07983e-13 0)
(1.5 1.80925e-13 0)
(1.5 1.55908e-13 0)
(1.5 2.7878e-13 0)
(1.5 2.41171e-13 0)
(1.5 3.55969e-13 0)
(1.5 3.46167e-13 0)
(1.5 2.22695e-13 0)
(1.5 2.69711e-13 0)
(1.5 3.57247e-13 0)
(1.5 3.92102e-13 0)
(1.5 4.81132e-13 0)
(1.5 5.943e-13 0)
(1.5 6.97784e-13 0)
(1.5 7.9022e-13 0)
(1.5 6.77124e-13 0)
(1.5 5.14138e-13 0)
(1.5 3.97135e-13 0)
(1.5 3.48291e-13 0)
(1.5 2.1844e-13 0)
(1.5 5.29194e-14 0)
(1.5 3.50385e-14 0)
(1.5 1.38239e-13 0)
(1.5 2.83886e-13 0)
(1.5 2.44589e-13 0)
(1.5 1.21092e-13 0)
(1.5 1.18619e-15 0)
(1.5 -2.21269e-13 0)
(1.5 -3.39632e-13 0)
(1.5 -4.42904e-13 0)
(1.5 -5.74017e-13 0)
(1.5 -6.35504e-13 0)
(1.5 -5.68102e-13 0)
(1.5 -4.35125e-13 0)
(1.5 -4.48838e-13 0)
(1.5 -3.4753e-13 0)
(1.5 -4.02377e-13 0)
(1.5 -6.22874e-13 0)
(1.5 -5.98029e-13 0)
(1.5 -5.66297e-13 0)
(1.5 -5.7212e-13 0)
(1.5 -6.08196e-13 0)
(1.5 -5.97267e-13 0)
(1.5 -5.67321e-13 0)
(1.5 -4.52474e-13 0)
(1.5 -4.64427e-13 0)
(1.5 -5.20077e-13 0)
(1.5 -6.24446e-13 0)
(1.5 -6.34051e-13 0)
(1.5 -5.50002e-13 0)
(1.5 -3.71385e-13 0)
(1.5 -2.52752e-13 0)
(1.5 -1.94879e-13 0)
(1.5 -3.72615e-14 0)
(1.5 3.21008e-14 0)
(1.5 -1.00177e-13 0)
(1.5 -2.40241e-13 0)
(1.5 -3.30916e-13 0)
(1.5 -4.07769e-13 0)
(1.5 -3.52572e-13 0)
(1.5 -2.42841e-13 0)
(1.5 -2.82843e-13 0)
(1.5 -1.57847e-13 0)
(1.5 -5.57814e-14 0)
(1.5 7.5789e-14 0)
(1.5 1.70135e-13 0)
(1.5 1.06205e-13 0)
(1.5 8.91523e-14 0)
(1.5 1.51371e-14 0)
(1.5 -1.11971e-13 0)
(1.5 -1.40094e-13 0)
(1.5 -4.82122e-14 0)
(1.5 3.03641e-14 0)
(1.5 -1.22015e-13 0)
(1.5 -1.49486e-13 0)
(1.5 -1.17766e-13 0)
(1.5 -3.0681e-14 0)
(1.5 -3.51165e-14 0)
(1.5 -1.45381e-13 0)
(1.5 -1.00061e-13 0)
(1.5 -1.49287e-13 0)
(1.5 -2.28167e-13 0)
(1.5 -1.91866e-13 0)
(1.5 -1.76726e-13 0)
(1.5 -7.96499e-14 0)
(1.5 5.32234e-15 0)
(1.5 3.45479e-14 0)
(1.5 1.0544e-13 0)
(1.5 2.02319e-13 0)
(1.5 2.22125e-13 0)
(1.5 2.41185e-13 0)
(1.5 1.36772e-13 0)
(1.5 3.44628e-13 0)
(1.5 3.53117e-13 0)
(1.5 3.68031e-13 0)
(1.5 3.80701e-13 0)
(1.5 4.51919e-13 0)
(1.5 4.32291e-13 0)
(1.5 4.38635e-13 0)
(1.5 3.83159e-13 0)
(1.5 3.88274e-13 0)
(1.5 3.04277e-13 0)
(1.5 3.57971e-13 0)
(1.5 4.39278e-13 0)
(1.5 4.76885e-13 0)
(1.5 4.90005e-13 0)
(1.5 4.36677e-13 0)
(1.5 4.71084e-13 0)
(1.5 3.27007e-13 0)
(1.5 3.43132e-13 0)
(1.5 4.17932e-13 0)
(1.5 4.43321e-13 0)
(1.5 5.01175e-13 0)
(1.5 4.48393e-13 0)
(1.5 4.60488e-13 0)
(1.5 5.10218e-13 0)
(1.5 6.22807e-13 0)
(1.5 6.537e-13 0)
(1.5 5.82474e-13 0)
(1.5 5.00486e-13 0)
(1.5 9.31181e-14 0)
(1.5 -8.18501e-15 0)
(1.5 -3.68247e-14 0)
(1.5 -6.58147e-14 0)
(1.5 -1.84067e-13 0)
(1.5 -3.56002e-13 0)
(1.5 -3.81812e-13 0)
(1.5 -3.88042e-13 0)
(1.5 -3.32541e-13 0)
(1.5 -3.42769e-13 0)
(1.5 -3.94712e-13 0)
(1.5 -3.8668e-13 0)
(1.5 -3.48087e-13 0)
(1.5 -2.75063e-13 0)
(1.5 -3.2778e-13 0)
(1.5 -4.0368e-13 0)
(1.5 -4.55173e-13 0)
(1.5 -4.03926e-13 0)
(1.5 -4.91604e-13 0)
(1.5 -5.17661e-13 0)
(1.5 -4.4635e-13 0)
(1.5 -3.68622e-13 0)
(1.5 -2.40546e-13 0)
(1.5 -1.52045e-13 0)
(1.5 -1.90616e-13 0)
(1.5 -2.45767e-13 0)
(1.5 -2.69169e-13 0)
(1.5 -2.75643e-13 0)
(1.5 -1.90391e-13 0)
(1.5 -2.09853e-13 0)
(1.5 -1.26846e-13 0)
(1.5 -1.08603e-14 0)
(1.5 2.90646e-14 0)
(1.5 -3.78484e-14 0)
(1.5 4.16678e-15 0)
(1.5 -1.05097e-14 0)
(1.5 -3.02202e-14 0)
(1.5 2.23801e-14 0)
(1.5 1.27631e-13 0)
(1.5 1.31767e-13 0)
(1.5 1.01314e-13 0)
(1.5 1.31493e-13 0)
(1.5 1.66655e-13 0)
(1.5 2.30722e-13 0)
(1.5 2.05193e-13 0)
(1.5 2.36982e-13 0)
(1.5 3.0029e-13 0)
(1.5 2.42972e-13 0)
(1.5 2.49194e-13 0)
(1.5 2.16337e-13 0)
(1.5 1.36029e-13 0)
(1.5 1.66065e-13 0)
(1.5 1.72512e-13 0)
(1.5 1.55189e-13 0)
(1.5 1.56123e-13 0)
(1.5 7.1931e-14 0)
(1.5 -2.84628e-14 0)
(1.5 -9.37133e-14 0)
(1.5 -6.75659e-14 0)
(1.5 -5.38302e-14 0)
(1.5 -2.00357e-14 0)
(1.5 -7.81344e-14 0)
(1.5 -1.1838e-13 0)
(1.5 -1.70165e-13 0)
(1.5 -1.26568e-13 0)
(1.5 -9.3272e-14 0)
(1.5 -1.36898e-13 0)
(1.5 -1.51112e-13 0)
(1.5 -2.04119e-13 0)
(1.5 -2.38182e-13 0)
(1.5 -2.16274e-13 0)
(1.5 -2.25916e-13 0)
(1.5 -2.25341e-13 0)
(1.5 -8.20412e-14 0)
(1.5 -4.08982e-14 0)
(1.5 5.67364e-14 0)
(1.5 1.31556e-13 0)
(1.5 1.26746e-13 0)
(1.5 9.19098e-14 0)
(1.5 5.62269e-14 0)
(1.5 1.69443e-13 0)
(1.5 3.39986e-13 0)
(1.5 3.75041e-13 0)
(1.5 4.20094e-13 0)
(1.5 3.63413e-13 0)
(1.5 4.18228e-13 0)
(1.5 3.94942e-13 0)
(1.5 2.87214e-13 0)
(1.5 2.34646e-13 0)
(1.5 2.98327e-13 0)
(1.5 3.69756e-13 0)
(1.5 5.08362e-13 0)
(1.5 6.44094e-13 0)
(1.5 8.13409e-13 0)
(1.5 8.61128e-13 0)
(1.5 7.5838e-13 0)
(1.5 5.87354e-13 0)
(1.5 4.50571e-13 0)
(1.5 3.34843e-13 0)
(1.5 1.59244e-13 0)
(1.5 8.08346e-14 0)
(1.5 3.40588e-14 0)
(1.5 1.15218e-13 0)
(1.5 1.85316e-13 0)
(1.5 1.02498e-13 0)
(1.5 6.14612e-14 0)
(1.5 -9.39862e-14 0)
(1.5 -2.21791e-13 0)
(1.5 -2.85484e-13 0)
(1.5 -3.45443e-13 0)
(1.5 -3.7978e-13 0)
(1.5 -4.42422e-13 0)
(1.5 -3.76217e-13 0)
(1.5 -3.56453e-13 0)
(1.5 -4.15775e-13 0)
(1.5 -4.09418e-13 0)
(1.5 -3.85736e-13 0)
(1.5 -4.65042e-13 0)
(1.5 -5.19282e-13 0)
(1.5 -5.16222e-13 0)
(1.5 -5.32655e-13 0)
(1.5 -6.18482e-13 0)
(1.5 -4.96189e-13 0)
(1.5 -4.63668e-13 0)
(1.5 -4.00316e-13 0)
(1.5 -4.75534e-13 0)
(1.5 -6.31818e-13 0)
(1.5 -7.07544e-13 0)
(1.5 -6.76533e-13 0)
(1.5 -6.04819e-13 0)
(1.5 -5.00543e-13 0)
(1.5 -3.64793e-13 0)
(1.5 -3.6061e-13 0)
(1.5 -3.63926e-13 0)
(1.5 -2.79986e-13 0)
(1.5 -2.89585e-13 0)
(1.5 -3.74694e-13 0)
(1.5 -3.79675e-13 0)
(1.5 -3.75046e-13 0)
(1.5 -3.3479e-13 0)
(1.5 -1.21372e-13 0)
(1.5 2.40967e-14 0)
(1.5 1.99958e-14 0)
(1.5 4.58897e-14 0)
(1.5 1.47624e-13 0)
(1.5 2.81961e-13 0)
(1.5 3.06334e-13 0)
(1.5 3.13501e-13 0)
(1.5 2.09509e-13 0)
(1.5 8.19587e-14 0)
(1.5 -1.8293e-14 0)
(1.5 -1.51826e-14 0)
(1.5 1.92578e-14 0)
(1.5 1.61923e-14 0)
(1.5 -8.32138e-14 0)
(1.5 -1.25226e-13 0)
(1.5 -9.09029e-14 0)
(1.5 -1.02578e-13 0)
(1.5 -2.06188e-13 0)
(1.5 -2.05357e-13 0)
(1.5 -2.36799e-13 0)
(1.5 -2.86952e-13 0)
(1.5 -2.77647e-13 0)
(1.5 -2.24149e-13 0)
(1.5 -9.27977e-14 0)
(1.5 6.25107e-15 0)
(1.5 8.29766e-14 0)
(1.5 1.21195e-13 0)
(1.5 2.51776e-13 0)
(1.5 3.3175e-13 0)
(1.5 3.68782e-13 0)
(1.5 3.65504e-13 0)
(1.5 3.82316e-13 0)
(1.5 3.97008e-13 0)
(1.5 4.80032e-13 0)
(1.5 4.82464e-13 0)
(1.5 5.60325e-13 0)
(1.5 5.69046e-13 0)
(1.5 4.8202e-13 0)
(1.5 3.64412e-13 0)
(1.5 4.07335e-13 0)
(1.5 4.69532e-13 0)
(1.5 4.28308e-13 0)
(1.5 3.70482e-13 0)
(1.5 4.20076e-13 0)
(1.5 6.08376e-13 0)
(1.5 5.86493e-13 0)
(1.5 5.79264e-13 0)
(1.5 5.57409e-13 0)
(1.5 4.44075e-13 0)
(1.5 4.6949e-13 0)
(1.5 4.61174e-13 0)
(1.5 4.81408e-13 0)
(1.5 4.97667e-13 0)
(1.5 4.84612e-13 0)
(1.5 5.46249e-13 0)
(1.5 6.61913e-13 0)
(1.5 6.7069e-13 0)
(1.5 6.58938e-13 0)
(1.5 5.73755e-13 0)
(1.5 6.30986e-14 0)
(1.5 1.52723e-15 0)
(1.5 -5.0298e-14 0)
(1.5 -1.79773e-14 0)
(1.5 -9.33714e-14 0)
(1.5 -2.80791e-13 0)
(1.5 -3.87308e-13 0)
(1.5 -3.89874e-13 0)
(1.5 -3.90727e-13 0)
(1.5 -3.64072e-13 0)
(1.5 -3.75959e-13 0)
(1.5 -3.14396e-13 0)
(1.5 -2.63954e-13 0)
(1.5 -2.47606e-13 0)
(1.5 -2.3189e-13 0)
(1.5 -2.92664e-13 0)
(1.5 -3.08255e-13 0)
(1.5 -3.47549e-13 0)
(1.5 -3.59755e-13 0)
(1.5 -3.70486e-13 0)
(1.5 -3.1574e-13 0)
(1.5 -2.39866e-13 0)
(1.5 -1.85468e-13 0)
(1.5 -1.26765e-13 0)
(1.5 -1.4425e-13 0)
(1.5 -1.68832e-13 0)
(1.5 -1.41318e-13 0)
(1.5 -1.48873e-13 0)
(1.5 -1.01103e-13 0)
(1.5 -1.01768e-13 0)
(1.5 -1.35196e-13 0)
(1.5 -3.74641e-14 0)
(1.5 2.06358e-15 0)
(1.5 1.62436e-14 0)
(1.5 -2.219e-14 0)
(1.5 -1.36659e-14 0)
(1.5 1.56153e-16 0)
(1.5 1.24863e-13 0)
(1.5 2.04973e-13 0)
(1.5 1.61508e-13 0)
(1.5 1.89126e-13 0)
(1.5 2.24316e-13 0)
(1.5 2.09116e-13 0)
(1.5 2.24394e-13 0)
(1.5 2.2891e-13 0)
(1.5 2.01449e-13 0)
(1.5 1.47422e-13 0)
(1.5 9.54809e-14 0)
(1.5 1.45269e-13 0)
(1.5 1.71762e-13 0)
(1.5 1.38023e-13 0)
(1.5 1.63944e-13 0)
(1.5 1.74345e-13 0)
(1.5 1.69868e-13 0)
(1.5 2.0421e-13 0)
(1.5 1.57089e-13 0)
(1.5 8.00671e-14 0)
(1.5 2.64665e-15 0)
(1.5 7.28536e-14 0)
(1.5 1.25575e-14 0)
(1.5 -2.20789e-14 0)
(1.5 1.17752e-14 0)
(1.5 7.19487e-15 0)
(1.5 -6.10855e-14 0)
(1.5 -1.33296e-13 0)
(1.5 -1.96113e-13 0)
(1.5 -1.22204e-13 0)
(1.5 -1.62114e-13 0)
(1.5 -1.113e-13 0)
(1.5 -1.01472e-13 0)
(1.5 -5.01195e-14 0)
(1.5 -1.07222e-13 0)
(1.5 -1.88784e-13 0)
(1.5 -1.46171e-13 0)
(1.5 -1.82238e-13 0)
(1.5 -7.69933e-14 0)
(1.5 6.65928e-14 0)
(1.5 1.7042e-13 0)
(1.5 1.64089e-13 0)
(1.5 1.56628e-13 0)
(1.5 2.94929e-13 0)
(1.5 4.35615e-13 0)
(1.5 4.3934e-13 0)
(1.5 4.58293e-13 0)
(1.5 4.97858e-13 0)
(1.5 4.60939e-13 0)
(1.5 4.50153e-13 0)
(1.5 4.29011e-13 0)
(1.5 3.41876e-13 0)
(1.5 3.25643e-13 0)
(1.5 3.8874e-13 0)
(1.5 4.19989e-13 0)
(1.5 5.57168e-13 0)
(1.5 7.80524e-13 0)
(1.5 7.26015e-13 0)
(1.5 7.02577e-13 0)
(1.5 5.85968e-13 0)
(1.5 4.94077e-13 0)
(1.5 2.94639e-13 0)
(1.5 1.32838e-13 0)
(1.5 8.08696e-14 0)
(1.5 -1.12081e-14 0)
(1.5 -5.26384e-14 0)
(1.5 -1.50439e-13 0)
(1.5 -1.80149e-13 0)
(1.5 -6.79225e-14 0)
(1.5 -1.25056e-13 0)
(1.5 -1.88846e-13 0)
(1.5 -3.20682e-13 0)
(1.5 -3.19682e-13 0)
(1.5 -3.33654e-13 0)
(1.5 -3.71595e-13 0)
(1.5 -3.36179e-13 0)
(1.5 -4.09014e-13 0)
(1.5 -4.25561e-13 0)
(1.5 -5.18377e-13 0)
(1.5 -5.284e-13 0)
(1.5 -4.52097e-13 0)
(1.5 -5.08245e-13 0)
(1.5 -5.04669e-13 0)
(1.5 -5.55113e-13 0)
(1.5 -5.92218e-13 0)
(1.5 -4.47667e-13 0)
(1.5 -4.36809e-13 0)
(1.5 -4.02089e-13 0)
(1.5 -5.25509e-13 0)
(1.5 -6.8124e-13 0)
(1.5 -7.57286e-13 0)
(1.5 -7.43381e-13 0)
(1.5 -7.12554e-13 0)
(1.5 -5.76587e-13 0)
(1.5 -4.98719e-13 0)
(1.5 -5.49903e-13 0)
(1.5 -6.0721e-13 0)
(1.5 -5.3561e-13 0)
(1.5 -4.61185e-13 0)
(1.5 -4.21372e-13 0)
(1.5 -3.88191e-13 0)
(1.5 -2.52613e-13 0)
(1.5 -1.74974e-13 0)
(1.5 -2.03405e-14 0)
(1.5 2.17262e-13 0)
(1.5 1.48097e-13 0)
(1.5 1.58419e-13 0)
(1.5 3.12866e-13 0)
(1.5 4.94866e-13 0)
(1.5 5.44496e-13 0)
(1.5 4.81148e-13 0)
(1.5 3.88132e-13 0)
(1.5 3.4084e-13 0)
(1.5 2.42037e-13 0)
(1.5 1.12503e-13 0)
(1.5 7.98859e-14 0)
(1.5 2.82757e-13 0)
(1.5 1.67857e-13 0)
(1.5 3.89983e-15 0)
(1.5 -7.08822e-14 0)
(1.5 -1.76758e-13 0)
(1.5 -1.99288e-13 0)
(1.5 -2.47508e-13 0)
(1.5 -2.37188e-13 0)
(1.5 -2.78517e-13 0)
(1.5 -3.14745e-13 0)
(1.5 -2.15384e-13 0)
(1.5 -1.51793e-13 0)
(1.5 9.40971e-15 0)
(1.5 1.42891e-13 0)
(1.5 1.26657e-13 0)
(1.5 2.54247e-13 0)
(1.5 4.08196e-13 0)
(1.5 4.63816e-13 0)
(1.5 5.85768e-13 0)
(1.5 5.2482e-13 0)
(1.5 5.28054e-13 0)
(1.5 5.60108e-13 0)
(1.5 5.77746e-13 0)
(1.5 6.05731e-13 0)
(1.5 6.37882e-13 0)
(1.5 6.358e-13 0)
(1.5 6.71628e-13 0)
(1.5 6.69486e-13 0)
(1.5 6.05266e-13 0)
(1.5 5.31195e-13 0)
(1.5 4.10712e-13 0)
(1.5 4.30658e-13 0)
(1.5 5.63939e-13 0)
(1.5 6.00571e-13 0)
(1.5 5.31246e-13 0)
(1.5 6.04447e-13 0)
(1.5 5.36845e-13 0)
(1.5 4.93224e-13 0)
(1.5 4.78493e-13 0)
(1.5 4.44248e-13 0)
(1.5 4.65778e-13 0)
(1.5 3.93099e-13 0)
(1.5 4.63435e-13 0)
(1.5 4.78957e-13 0)
(1.5 4.91173e-13 0)
(1.5 4.4277e-13 0)
(1.5 4.31942e-13 0)
(1.5 2.19488e-14 0)
(1.5 3.79932e-14 0)
(1.5 1.21785e-14 0)
(1.5 1.00551e-14 0)
(1.5 -5.05738e-14 0)
(1.5 -1.5212e-13 0)
(1.5 -3.20489e-13 0)
(1.5 -3.41585e-13 0)
(1.5 -4.17291e-13 0)
(1.5 -4.04626e-13 0)
(1.5 -3.98098e-13 0)
(1.5 -3.43477e-13 0)
(1.5 -2.62134e-13 0)
(1.5 -2.82687e-13 0)
(1.5 -2.20086e-13 0)
(1.5 -2.70815e-13 0)
(1.5 -2.63703e-13 0)
(1.5 -3.91746e-13 0)
(1.5 -3.62011e-13 0)
(1.5 -3.30644e-13 0)
(1.5 -2.61921e-13 0)
(1.5 -1.60366e-13 0)
(1.5 -1.65035e-13 0)
(1.5 -1.09362e-13 0)
(1.5 -1.5995e-13 0)
(1.5 -1.42086e-13 0)
(1.5 -3.43634e-14 0)
(1.5 -4.15071e-14 0)
(1.5 5.13413e-15 0)
(1.5 1.30701e-15 0)
(1.5 -5.54176e-14 0)
(1.5 -3.47765e-14 0)
(1.5 -1.18696e-15 0)
(1.5 6.41984e-14 0)
(1.5 1.91398e-14 0)
(1.5 -2.91853e-15 0)
(1.5 7.0677e-14 0)
(1.5 2.22908e-13 0)
(1.5 2.05613e-13 0)
(1.5 2.37987e-13 0)
(1.5 2.27989e-13 0)
(1.5 2.3632e-13 0)
(1.5 1.65422e-13 0)
(1.5 1.0145e-13 0)
(1.5 1.25834e-13 0)
(1.5 1.05226e-13 0)
(1.5 2.66622e-14 0)
(1.5 3.0666e-14 0)
(1.5 9.16737e-14 0)
(1.5 1.46236e-13 0)
(1.5 1.42699e-13 0)
(1.5 1.61553e-13 0)
(1.5 1.66649e-13 0)
(1.5 1.91819e-13 0)
(1.5 1.4047e-13 0)
(1.5 7.36536e-14 0)
(1.5 2.0483e-14 0)
(1.5 -5.38014e-14 0)
(1.5 -2.6332e-14 0)
(1.5 -5.47121e-14 0)
(1.5 -8.99007e-14 0)
(1.5 -8.19653e-15 0)
(1.5 1.26335e-14 0)
(1.5 -6.66998e-14 0)
(1.5 -1.70011e-13 0)
(1.5 -2.25475e-13 0)
(1.5 -1.6344e-13 0)
(1.5 -2.12626e-13 0)
(1.5 -1.80048e-13 0)
(1.5 -1.45558e-13 0)
(1.5 -9.31082e-14 0)
(1.5 -1.61847e-13 0)
(1.5 -2.32065e-13 0)
(1.5 -1.5991e-13 0)
(1.5 -1.82961e-13 0)
(1.5 -1.30052e-13 0)
(1.5 -3.75031e-14 0)
(1.5 1.11152e-13 0)
(1.5 1.62995e-13 0)
(1.5 1.98263e-13 0)
(1.5 3.03392e-13 0)
(1.5 3.93904e-13 0)
(1.5 3.20194e-13 0)
(1.5 2.78568e-13 0)
(1.5 3.19416e-13 0)
(1.5 2.9549e-13 0)
(1.5 3.57278e-13 0)
(1.5 3.94177e-13 0)
(1.5 3.51847e-13 0)
(1.5 2.56987e-13 0)
(1.5 2.71348e-13 0)
(1.5 3.47592e-13 0)
(1.5 4.73433e-13 0)
(1.5 6.24908e-13 0)
(1.5 5.26425e-13 0)
(1.5 4.58763e-13 0)
(1.5 3.70645e-13 0)
(1.5 2.9025e-13 0)
(1.5 2.14717e-13 0)
(1.5 1.59806e-13 0)
(1.5 1.02113e-13 0)
(1.5 -6.63193e-15 0)
(1.5 -1.27979e-13 0)
(1.5 -3.17715e-13 0)
(1.5 -3.3846e-13 0)
(1.5 -1.78505e-13 0)
(1.5 -1.39794e-13 0)
(1.5 -2.00367e-13 0)
(1.5 -3.51503e-13 0)
(1.5 -3.4614e-13 0)
(1.5 -3.95402e-13 0)
(1.5 -4.61837e-13 0)
(1.5 -5.14973e-13 0)
(1.5 -5.89297e-13 0)
(1.5 -5.10951e-13 0)
(1.5 -5.71551e-13 0)
(1.5 -6.49938e-13 0)
(1.5 -6.19929e-13 0)
(1.5 -6.14021e-13 0)
(1.5 -5.82999e-13 0)
(1.5 -5.93408e-13 0)
(1.5 -5.16993e-13 0)
(1.5 -5.08787e-13 0)
(1.5 -5.27975e-13 0)
(1.5 -5.02294e-13 0)
(1.5 -5.01103e-13 0)
(1.5 -5.14601e-13 0)
(1.5 -5.75848e-13 0)
(1.5 -5.85442e-13 0)
(1.5 -5.4758e-13 0)
(1.5 -4.5876e-13 0)
(1.5 -4.56768e-13 0)
(1.5 -5.31091e-13 0)
(1.5 -5.48118e-13 0)
(1.5 -4.81964e-13 0)
(1.5 -4.35573e-13 0)
(1.5 -3.9503e-13 0)
(1.5 -3.69621e-13 0)
(1.5 -1.54075e-13 0)
(1.5 -7.69271e-14 0)
(1.5 9.89809e-15 0)
(1.5 1.89995e-13 0)
(1.5 1.75882e-13 0)
(1.5 2.40131e-13 0)
(1.5 3.91434e-13 0)
(1.5 6.25438e-13 0)
(1.5 7.24555e-13 0)
(1.5 6.49184e-13 0)
(1.5 5.56267e-13 0)
(1.5 5.33313e-13 0)
(1.5 4.71516e-13 0)
(1.5 3.15445e-13 0)
(1.5 2.38459e-13 0)
(1.5 2.85042e-13 0)
(1.5 1.73474e-13 0)
(1.5 -5.70622e-15 0)
(1.5 -1.03517e-13 0)
(1.5 -2.33012e-13 0)
(1.5 -2.15288e-13 0)
(1.5 -2.63662e-13 0)
(1.5 -2.42163e-13 0)
(1.5 -1.7151e-13 0)
(1.5 -2.10836e-13 0)
(1.5 -1.35781e-13 0)
(1.5 -5.09662e-14 0)
(1.5 1.08296e-13 0)
(1.5 2.19276e-13 0)
(1.5 2.14302e-13 0)
(1.5 2.44118e-13 0)
(1.5 4.19337e-13 0)
(1.5 4.87132e-13 0)
(1.5 7.02461e-13 0)
(1.5 6.94644e-13 0)
(1.5 6.90846e-13 0)
(1.5 6.43357e-13 0)
(1.5 6.304e-13 0)
(1.5 6.65931e-13 0)
(1.5 6.83329e-13 0)
(1.5 6.81722e-13 0)
(1.5 7.36339e-13 0)
(1.5 7.41453e-13 0)
(1.5 6.03434e-13 0)
(1.5 5.59488e-13 0)
(1.5 5.32827e-13 0)
(1.5 5.08073e-13 0)
(1.5 4.28691e-13 0)
(1.5 5.44058e-13 0)
(1.5 5.20928e-13 0)
(1.5 5.64543e-13 0)
(1.5 5.33972e-13 0)
(1.5 5.39571e-13 0)
(1.5 4.89538e-13 0)
(1.5 4.28708e-13 0)
(1.5 3.60195e-13 0)
(1.5 2.34678e-13 0)
(1.5 2.63949e-13 0)
(1.5 1.42219e-13 0)
(1.5 1.07684e-13 0)
(1.5 1.25111e-13 0)
(1.5 2.01761e-13 0)
(1.5 -2.98375e-15 0)
(1.5 2.16684e-14 0)
(1.5 5.55911e-14 0)
(1.5 3.75491e-14 0)
(1.5 5.98423e-15 0)
(1.5 -5.20011e-14 0)
(1.5 -1.66357e-13 0)
(1.5 -2.76039e-13 0)
(1.5 -3.52247e-13 0)
(1.5 -3.84641e-13 0)
(1.5 -3.38282e-13 0)
(1.5 -3.48835e-13 0)
(1.5 -3.02381e-13 0)
(1.5 -2.88448e-13 0)
(1.5 -2.54009e-13 0)
(1.5 -2.57339e-13 0)
(1.5 -3.29488e-13 0)
(1.5 -3.05422e-13 0)
(1.5 -2.096e-13 0)
(1.5 -1.52774e-13 0)
(1.5 -1.29276e-13 0)
(1.5 -1.17858e-13 0)
(1.5 -8.14264e-14 0)
(1.5 -4.55229e-14 0)
(1.5 -2.67784e-14 0)
(1.5 -2.9687e-14 0)
(1.5 3.62045e-14 0)
(1.5 2.94134e-14 0)
(1.5 7.43718e-14 0)
(1.5 7.68225e-14 0)
(1.5 7.89114e-14 0)
(1.5 4.97536e-14 0)
(1.5 -3.63153e-14 0)
(1.5 7.63632e-14 0)
(1.5 1.49093e-13 0)
(1.5 1.46384e-13 0)
(1.5 2.21267e-13 0)
(1.5 2.61326e-13 0)
(1.5 2.40206e-13 0)
(1.5 3.52052e-13 0)
(1.5 3.02282e-13 0)
(1.5 2.61905e-13 0)
(1.5 1.75816e-13 0)
(1.5 6.88748e-14 0)
(1.5 6.12343e-14 0)
(1.5 4.02646e-14 0)
(1.5 -1.46884e-14 0)
(1.5 -7.87387e-15 0)
(1.5 7.83161e-14 0)
(1.5 1.41529e-13 0)
(1.5 1.6102e-13 0)
(1.5 2.13411e-13 0)
(1.5 2.43665e-13 0)
(1.5 2.89321e-13 0)
(1.5 2.10029e-13 0)
(1.5 6.42123e-14 0)
(1.5 -3.37128e-16 0)
(1.5 -9.28902e-14 0)
(1.5 -1.03447e-13 0)
(1.5 -1.16147e-13 0)
(1.5 -1.12285e-13 0)
(1.5 -7.7068e-14 0)
(1.5 -3.61491e-14 0)
(1.5 -7.8179e-14 0)
(1.5 -9.41098e-14 0)
(1.5 -1.03399e-13 0)
(1.5 -1.36287e-13 0)
(1.5 -2.0804e-13 0)
(1.5 -2.08519e-13 0)
(1.5 -2.23517e-13 0)
(1.5 -2.83564e-13 0)
(1.5 -2.51063e-13 0)
(1.5 -2.15765e-13 0)
(1.5 -1.5905e-13 0)
(1.5 -1.64171e-13 0)
(1.5 -1.68319e-13 0)
(1.5 -1.3861e-13 0)
(1.5 -1.13568e-14 0)
(1.5 6.5574e-14 0)
(1.5 5.84475e-14 0)
(1.5 5.40458e-14 0)
(1.5 8.85149e-14 0)
(1.5 1.04767e-13 0)
(1.5 5.18116e-14 0)
(1.5 1.95751e-14 0)
(1.5 4.38824e-14 0)
(1.5 1.20326e-13 0)
(1.5 2.00283e-13 0)
(1.5 2.84914e-13 0)
(1.5 2.39791e-13 0)
(1.5 2.699e-13 0)
(1.5 4.21265e-13 0)
(1.5 4.86702e-13 0)
(1.5 5.16112e-13 0)
(1.5 4.71036e-13 0)
(1.5 3.87581e-13 0)
(1.5 3.50288e-13 0)
(1.5 1.74706e-13 0)
(1.5 9.23765e-14 0)
(1.5 6.46761e-14 0)
(1.5 -3.23501e-14 0)
(1.5 -9.36561e-14 0)
(1.5 -1.96769e-13 0)
(1.5 -3.34803e-13 0)
(1.5 -2.57213e-13 0)
(1.5 -1.83615e-13 0)
(1.5 -1.42036e-13 0)
(1.5 -2.53809e-13 0)
(1.5 -4.27005e-13 0)
(1.5 -4.79101e-13 0)
(1.5 -6.13384e-13 0)
(1.5 -6.66577e-13 0)
(1.5 -7.23666e-13 0)
(1.5 -7.59062e-13 0)
(1.5 -6.57809e-13 0)
(1.5 -6.30134e-13 0)
(1.5 -6.74922e-13 0)
(1.5 -7.90876e-13 0)
(1.5 -6.78324e-13 0)
(1.5 -5.78003e-13 0)
(1.5 -5.00609e-13 0)
(1.5 -4.24853e-13 0)
(1.5 -4.93971e-13 0)
(1.5 -4.84741e-13 0)
(1.5 -4.47549e-13 0)
(1.5 -3.77436e-13 0)
(1.5 -2.93009e-13 0)
(1.5 -3.8031e-13 0)
(1.5 -4.0114e-13 0)
(1.5 -3.98875e-13 0)
(1.5 -4.13661e-13 0)
(1.5 -3.88768e-13 0)
(1.5 -3.90763e-13 0)
(1.5 -4.37187e-13 0)
(1.5 -3.55107e-13 0)
(1.5 -3.13969e-13 0)
(1.5 -3.08994e-13 0)
(1.5 -3.02335e-13 0)
(1.5 -1.68675e-13 0)
(1.5 -5.90793e-14 0)
(1.5 -1.47081e-14 0)
(1.5 2.63853e-14 0)
(1.5 1.269e-13 0)
(1.5 2.56203e-13 0)
(1.5 3.44629e-13 0)
(1.5 4.82721e-13 0)
(1.5 6.60834e-13 0)
(1.5 7.10568e-13 0)
(1.5 6.4283e-13 0)
(1.5 6.88044e-13 0)
(1.5 6.79066e-13 0)
(1.5 5.56549e-13 0)
(1.5 3.94952e-13 0)
(1.5 2.18369e-13 0)
(1.5 6.95541e-14 0)
(1.5 -3.99595e-14 0)
(1.5 -1.24309e-13 0)
(1.5 -1.61445e-13 0)
(1.5 -1.60183e-13 0)
(1.5 -2.25497e-13 0)
(1.5 -2.28451e-13 0)
(1.5 -1.54242e-13 0)
(1.5 -1.29755e-13 0)
(1.5 -5.28075e-14 0)
(1.5 -1.7353e-14 0)
(1.5 7.25397e-14 0)
(1.5 1.98796e-13 0)
(1.5 2.31926e-13 0)
(1.5 1.89307e-13 0)
(1.5 3.63625e-13 0)
(1.5 5.20639e-13 0)
(1.5 6.36341e-13 0)
(1.5 6.85593e-13 0)
(1.5 6.79023e-13 0)
(1.5 6.49927e-13 0)
(1.5 6.58105e-13 0)
(1.5 7.4372e-13 0)
(1.5 7.97034e-13 0)
(1.5 7.94601e-13 0)
(1.5 7.82377e-13 0)
(1.5 7.51941e-13 0)
(1.5 6.14108e-13 0)
(1.5 6.04894e-13 0)
(1.5 6.72196e-13 0)
(1.5 5.87208e-13 0)
(1.5 4.46332e-13 0)
(1.5 5.59981e-13 0)
(1.5 6.38653e-13 0)
(1.5 6.13062e-13 0)
(1.5 6.69014e-13 0)
(1.5 6.45004e-13 0)
(1.5 4.74768e-13 0)
(1.5 4.30272e-13 0)
(1.5 3.21135e-13 0)
(1.5 1.40354e-13 0)
(1.5 1.00188e-13 0)
(1.5 -3.73218e-14 0)
(1.5 -1.24341e-13 0)
(1.5 -7.90248e-14 0)
(1.5 -1.22069e-14 0)
(1.5 3.10557e-14 0)
(1.5 3.5544e-14 0)
(1.5 1.06317e-13 0)
(1.5 1.30474e-13 0)
(1.5 8.37877e-14 0)
(1.5 4.66089e-14 0)
(1.5 5.74103e-14 0)
(1.5 -1.22855e-13 0)
(1.5 -2.16746e-13 0)
(1.5 -3.57639e-13 0)
(1.5 -2.97745e-13 0)
(1.5 -3.10969e-13 0)
(1.5 -2.84305e-13 0)
(1.5 -2.40476e-13 0)
(1.5 -2.68997e-13 0)
(1.5 -2.45891e-13 0)
(1.5 -2.71321e-13 0)
(1.5 -1.08895e-13 0)
(1.5 -2.94084e-14 0)
(1.5 1.1284e-14 0)
(1.5 -1.83735e-14 0)
(1.5 -6.8741e-14 0)
(1.5 -4.12321e-14 0)
(1.5 -1.52198e-14 0)
(1.5 5.78584e-14 0)
(1.5 4.8192e-14 0)
(1.5 5.12414e-15 0)
(1.5 3.62475e-15 0)
(1.5 1.99256e-14 0)
(1.5 8.44862e-14 0)
(1.5 1.28212e-13 0)
(1.5 5.33666e-14 0)
(1.5 -1.71929e-14 0)
(1.5 6.80991e-14 0)
(1.5 2.3148e-13 0)
(1.5 2.91902e-13 0)
(1.5 3.46888e-13 0)
(1.5 3.01959e-13 0)
(1.5 2.709e-13 0)
(1.5 3.10098e-13 0)
(1.5 2.67074e-13 0)
(1.5 2.24747e-13 0)
(1.5 1.46396e-13 0)
(1.5 8.85404e-14 0)
(1.5 7.92396e-14 0)
(1.5 7.79258e-14 0)
(1.5 -8.50998e-16 0)
(1.5 -5.40216e-14 0)
(1.5 -1.2819e-14 0)
(1.5 1.85819e-14 0)
(1.5 6.04374e-14 0)
(1.5 1.10669e-13 0)
(1.5 2.21376e-13 0)
(1.5 2.71731e-13 0)
(1.5 2.41579e-13 0)
(1.5 1.03087e-13 0)
(1.5 7.04386e-14 0)
(1.5 -1.90854e-14 0)
(1.5 -4.9234e-14 0)
(1.5 -8.92981e-15 0)
(1.5 -1.28442e-14 0)
(1.5 -8.68606e-14 0)
(1.5 -6.29882e-14 0)
(1.5 -2.04498e-14 0)
(1.5 -2.99683e-15 0)
(1.5 -4.28602e-14 0)
(1.5 -1.73015e-13 0)
(1.5 -2.20617e-13 0)
(1.5 -2.13927e-13 0)
(1.5 -2.24751e-13 0)
(1.5 -3.05413e-13 0)
(1.5 -2.20975e-13 0)
(1.5 -1.54924e-13 0)
(1.5 -1.44733e-13 0)
(1.5 -1.45696e-13 0)
(1.5 -9.31821e-14 0)
(1.5 -4.05592e-14 0)
(1.5 -2.53759e-14 0)
(1.5 3.71869e-14 0)
(1.5 3.13814e-14 0)
(1.5 -2.82747e-14 0)
(1.5 -6.29451e-14 0)
(1.5 3.76069e-14 0)
(1.5 1.34122e-14 0)
(1.5 7.70331e-14 0)
(1.5 1.30723e-13 0)
(1.5 1.2715e-13 0)
(1.5 1.61878e-13 0)
(1.5 2.29906e-13 0)
(1.5 2.76007e-13 0)
(1.5 3.3504e-13 0)
(1.5 4.04968e-13 0)
(1.5 5.09152e-13 0)
(1.5 5.61664e-13 0)
(1.5 5.29383e-13 0)
(1.5 4.73958e-13 0)
(1.5 4.02553e-13 0)
(1.5 1.96217e-13 0)
(1.5 8.37563e-14 0)
(1.5 3.36341e-14 0)
(1.5 -6.32397e-14 0)
(1.5 -9.21974e-14 0)
(1.5 -1.08576e-13 0)
(1.5 -1.6513e-13 0)
(1.5 -6.22463e-14 0)
(1.5 -1.24324e-13 0)
(1.5 -2.06978e-13 0)
(1.5 -3.851e-13 0)
(1.5 -5.3767e-13 0)
(1.5 -6.50908e-13 0)
(1.5 -7.73529e-13 0)
(1.5 -8.14953e-13 0)
(1.5 -8.43637e-13 0)
(1.5 -8.30273e-13 0)
(1.5 -7.42911e-13 0)
(1.5 -7.6491e-13 0)
(1.5 -7.2665e-13 0)
(1.5 -7.55141e-13 0)
(1.5 -6.1654e-13 0)
(1.5 -5.35655e-13 0)
(1.5 -4.76059e-13 0)
(1.5 -3.92873e-13 0)
(1.5 -4.02009e-13 0)
(1.5 -3.57713e-13 0)
(1.5 -3.2871e-13 0)
(1.5 -3.43703e-13 0)
(1.5 -3.07985e-13 0)
(1.5 -4.80004e-13 0)
(1.5 -5.06224e-13 0)
(1.5 -4.67374e-13 0)
(1.5 -4.72622e-13 0)
(1.5 -4.27656e-13 0)
(1.5 -4.2156e-13 0)
(1.5 -5.18204e-13 0)
(1.5 -4.49204e-13 0)
(1.5 -4.40005e-13 0)
(1.5 -4.26702e-13 0)
(1.5 -4.29453e-13 0)
(1.5 -4.23341e-13 0)
(1.5 -2.37851e-13 0)
(1.5 -1.93162e-13 0)
(1.5 -1.23979e-13 0)
(1.5 9.80648e-14 0)
(1.5 2.45189e-13 0)
(1.5 3.3447e-13 0)
(1.5 3.92618e-13 0)
(1.5 5.19326e-13 0)
(1.5 6.07287e-13 0)
(1.5 6.22064e-13 0)
(1.5 6.80294e-13 0)
(1.5 6.78646e-13 0)
(1.5 5.75261e-13 0)
(1.5 3.25773e-13 0)
(1.5 9.54257e-14 0)
(1.5 -1.00824e-13 0)
(1.5 -2.88669e-13 0)
(1.5 -3.41264e-13 0)
(1.5 -3.37961e-13 0)
(1.5 -2.97075e-13 0)
(1.5 -2.90623e-13 0)
(1.5 -2.76248e-13 0)
(1.5 -2.38547e-13 0)
(1.5 -1.19576e-13 0)
(1.5 -7.49106e-14 0)
(1.5 -1.56059e-13 0)
(1.5 -1.06692e-13 0)
(1.5 1.3266e-14 0)
(1.5 1.35666e-13 0)
(1.5 1.75961e-13 0)
(1.5 3.01768e-13 0)
(1.5 4.84835e-13 0)
(1.5 5.13943e-13 0)
(1.5 5.70318e-13 0)
(1.5 5.87716e-13 0)
(1.5 6.7139e-13 0)
(1.5 8.14492e-13 0)
(1.5 8.23408e-13 0)
(1.5 8.12448e-13 0)
(1.5 7.7683e-13 0)
(1.5 7.19009e-13 0)
(1.5 5.521e-13 0)
(1.5 4.70968e-13 0)
(1.5 5.73196e-13 0)
(1.5 7.12778e-13 0)
(1.5 7.00999e-13 0)
(1.5 6.59463e-13 0)
(1.5 7.19843e-13 0)
(1.5 7.68801e-13 0)
(1.5 6.88014e-13 0)
(1.5 7.26188e-13 0)
(1.5 6.38629e-13 0)
(1.5 4.77412e-13 0)
(1.5 4.57314e-13 0)
(1.5 4.00984e-13 0)
(1.5 2.23927e-13 0)
(1.5 8.59455e-14 0)
(1.5 -1.59076e-14 0)
(1.5 -1.38151e-13 0)
(1.5 -1.27885e-13 0)
(1.5 -1.06822e-13 0)
(1.5 4.52422e-14 0)
(1.5 8.12028e-14 0)
(1.5 8.51738e-14 0)
(1.5 8.09093e-14 0)
(1.5 3.30305e-14 0)
(1.5 7.15049e-14 0)
(1.5 1.57221e-13 0)
(1.5 3.37702e-14 0)
(1.5 -8.49376e-14 0)
(1.5 -2.54379e-13 0)
(1.5 -2.35846e-13 0)
(1.5 -2.47241e-13 0)
(1.5 -2.61801e-13 0)
(1.5 -1.93685e-13 0)
(1.5 -2.33908e-13 0)
(1.5 -2.15585e-13 0)
(1.5 -1.00513e-13 0)
(1.5 -2.0484e-14 0)
(1.5 3.22253e-14 0)
(1.5 6.26339e-14 0)
(1.5 3.71886e-14 0)
(1.5 -1.10515e-14 0)
(1.5 8.33644e-16 0)
(1.5 -1.54585e-15 0)
(1.5 1.71121e-14 0)
(1.5 5.47808e-14 0)
(1.5 2.72774e-14 0)
(1.5 2.2918e-14 0)
(1.5 5.14818e-15 0)
(1.5 9.68171e-14 0)
(1.5 1.42543e-13 0)
(1.5 9.04614e-14 0)
(1.5 1.10773e-13 0)
(1.5 1.24318e-13 0)
(1.5 2.61434e-13 0)
(1.5 3.05078e-13 0)
(1.5 3.4006e-13 0)
(1.5 2.48993e-13 0)
(1.5 1.92517e-13 0)
(1.5 1.46143e-13 0)
(1.5 5.13686e-14 0)
(1.5 4.04274e-14 0)
(1.5 2.35562e-14 0)
(1.5 3.25179e-14 0)
(1.5 8.12572e-15 0)
(1.5 -2.51436e-15 0)
(1.5 -2.76356e-14 0)
(1.5 -3.25554e-14 0)
(1.5 -2.58154e-14 0)
(1.5 -3.39991e-14 0)
(1.5 -8.13928e-16 0)
(1.5 1.69958e-14 0)
(1.5 9.43332e-14 0)
(1.5 9.18994e-14 0)
(1.5 7.24237e-14 0)
(1.5 2.90275e-14 0)
(1.5 5.9699e-14 0)
(1.5 5.61406e-14 0)
(1.5 2.26213e-14 0)
(1.5 1.73923e-14 0)
(1.5 -2.6748e-14 0)
(1.5 -5.44896e-14 0)
(1.5 -6.92156e-14 0)
(1.5 4.89421e-14 0)
(1.5 8.39177e-14 0)
(1.5 -4.40505e-15 0)
(1.5 -1.32012e-13 0)
(1.5 -1.83464e-13 0)
(1.5 -1.45076e-13 0)
(1.5 -1.54635e-13 0)
(1.5 -2.03148e-13 0)
(1.5 -1.67831e-13 0)
(1.5 -1.58462e-13 0)
(1.5 -9.29391e-14 0)
(1.5 -3.80255e-14 0)
(1.5 1.81665e-14 0)
(1.5 4.88119e-14 0)
(1.5 1.73568e-14 0)
(1.5 9.41489e-14 0)
(1.5 1.13271e-13 0)
(1.5 1.00446e-13 0)
(1.5 8.43553e-14 0)
(1.5 8.73228e-14 0)
(1.5 1.01789e-13 0)
(1.5 2.10474e-13 0)
(1.5 2.67529e-13 0)
(1.5 2.80783e-13 0)
(1.5 2.7917e-13 0)
(1.5 2.4992e-13 0)
(1.5 3.10237e-13 0)
(1.5 3.87599e-13 0)
(1.5 3.54423e-13 0)
(1.5 3.68525e-13 0)
(1.5 4.22351e-13 0)
(1.5 4.44481e-13 0)
(1.5 4.42173e-13 0)
(1.5 3.25786e-13 0)
(1.5 2.09605e-13 0)
(1.5 1.3059e-13 0)
(1.5 4.76146e-14 0)
(1.5 3.10096e-14 0)
(1.5 -4.85471e-14 0)
(1.5 -7.79133e-14 0)
(1.5 -1.08121e-13 0)
(1.5 -6.26071e-14 0)
(1.5 -1.13433e-13 0)
(1.5 -2.34714e-13 0)
(1.5 -3.83227e-13 0)
(1.5 -4.55395e-13 0)
(1.5 -4.8763e-13 0)
(1.5 -4.94713e-13 0)
(1.5 -5.29361e-13 0)
(1.5 -6.2016e-13 0)
(1.5 -6.36986e-13 0)
(1.5 -6.68144e-13 0)
(1.5 -7.14923e-13 0)
(1.5 -6.50776e-13 0)
(1.5 -5.84958e-13 0)
(1.5 -4.74976e-13 0)
(1.5 -3.94108e-13 0)
(1.5 -3.08865e-13 0)
(1.5 -3.40824e-13 0)
(1.5 -3.87621e-13 0)
(1.5 -3.90569e-13 0)
(1.5 -3.35556e-13 0)
(1.5 -3.92023e-13 0)
(1.5 -5.09657e-13 0)
(1.5 -6.29e-13 0)
(1.5 -6.39639e-13 0)
(1.5 -5.8966e-13 0)
(1.5 -6.17562e-13 0)
(1.5 -6.84049e-13 0)
(1.5 -6.64742e-13 0)
(1.5 -6.79361e-13 0)
(1.5 -6.42946e-13 0)
(1.5 -6.72271e-13 0)
(1.5 -6.11735e-13 0)
(1.5 -5.03013e-13 0)
(1.5 -4.60812e-13 0)
(1.5 -3.19625e-13 0)
(1.5 -2.42969e-13 0)
(1.5 -4.47768e-14 0)
(1.5 2.38978e-13 0)
(1.5 3.85509e-13 0)
(1.5 4.26281e-13 0)
(1.5 4.2853e-13 0)
(1.5 4.3031e-13 0)
(1.5 5.39276e-13 0)
(1.5 6.16073e-13 0)
(1.5 5.67406e-13 0)
(1.5 4.55859e-13 0)
(1.5 3.35277e-13 0)
(1.5 1.37474e-13 0)
(1.5 -4.25157e-15 0)
(1.5 -1.37856e-13 0)
(1.5 -4.37893e-13 0)
(1.5 -5.44932e-13 0)
(1.5 -5.37171e-13 0)
(1.5 -4.8513e-13 0)
(1.5 -3.72448e-13 0)
(1.5 -2.84173e-13 0)
(1.5 -2.39349e-13 0)
(1.5 -1.0152e-13 0)
(1.5 -7.25755e-14 0)
(1.5 -7.525e-14 0)
(1.5 -5.48777e-15 0)
(1.5 6.8322e-14 0)
(1.5 1.91815e-13 0)
(1.5 2.92002e-13 0)
(1.5 3.25141e-13 0)
(1.5 4.25056e-13 0)
(1.5 5.04553e-13 0)
(1.5 5.59532e-13 0)
(1.5 6.59683e-13 0)
(1.5 7.4444e-13 0)
(1.5 8.2431e-13 0)
(1.5 8.35174e-13 0)
(1.5 7.96163e-13 0)
(1.5 7.20361e-13 0)
(1.5 6.14649e-13 0)
(1.5 5.25884e-13 0)
(1.5 6.45175e-13 0)
(1.5 7.5856e-13 0)
(1.5 8.34919e-13 0)
(1.5 7.71259e-13 0)
(1.5 8.1756e-13 0)
(1.5 8.32572e-13 0)
(1.5 8.42507e-13 0)
(1.5 7.34805e-13 0)
(1.5 6.83024e-13 0)
(1.5 5.999e-13 0)
(1.5 5.66879e-13 0)
(1.5 4.76492e-13 0)
(1.5 4.75681e-13 0)
(1.5 3.79395e-13 0)
(1.5 2.39621e-13 0)
(1.5 1.24306e-13 0)
(1.5 1.56668e-14 0)
(1.5 8.17069e-15 0)
(1.5 -5.13144e-14 0)
(1.5 3.99421e-14 0)
(1.5 2.57097e-14 0)
(1.5 5.01473e-15 0)
(1.5 1.2758e-14 0)
(1.5 5.55601e-14 0)
(1.5 7.3039e-14 0)
(1.5 5.31991e-14 0)
(1.5 5.71175e-14 0)
(1.5 -4.45728e-14 0)
(1.5 -1.40008e-13 0)
(1.5 -2.05431e-13 0)
(1.5 -1.72767e-13 0)
(1.5 -2.02652e-13 0)
(1.5 -1.99198e-13 0)
(1.5 -2.37307e-13 0)
(1.5 -1.6861e-13 0)
(1.5 -3.18978e-14 0)
(1.5 5.86015e-14 0)
(1.5 9.91377e-14 0)
(1.5 1.39254e-14 0)
(1.5 3.78064e-14 0)
(1.5 2.9316e-14 0)
(1.5 2.68285e-14 0)
(1.5 1.42444e-14 0)
(1.5 -8.51302e-15 0)
(1.5 6.15608e-14 0)
(1.5 1.10633e-13 0)
(1.5 1.16228e-13 0)
(1.5 9.24923e-14 0)
(1.5 6.97487e-14 0)
(1.5 8.57762e-14 0)
(1.5 1.24716e-13 0)
(1.5 2.07548e-13 0)
(1.5 1.87004e-13 0)
(1.5 2.80315e-13 0)
(1.5 2.80258e-13 0)
(1.5 2.50105e-13 0)
(1.5 1.41162e-13 0)
(1.5 5.02337e-14 0)
(1.5 -1.39505e-14 0)
(1.5 -6.37905e-14 0)
(1.5 -4.77332e-14 0)
(1.5 -3.66648e-14 0)
(1.5 -1.02034e-13 0)
(1.5 -1.0933e-13 0)
(1.5 -1.17888e-13 0)
(1.5 -6.69415e-14 0)
(1.5 -6.53185e-14 0)
(1.5 -6.6966e-14 0)
(1.5 -3.72829e-14 0)
(1.5 1.5929e-15 0)
(1.5 -3.92414e-14 0)
(1.5 -4.40622e-14 0)
(1.5 -6.43629e-14 0)
(1.5 -6.38265e-14 0)
(1.5 -4.61147e-15 0)
(1.5 -1.23904e-15 0)
(1.5 7.83552e-15 0)
(1.5 1.38666e-15 0)
(1.5 -6.33905e-14 0)
(1.5 -7.521e-14 0)
(1.5 -3.09093e-14 0)
(1.5 -5.18133e-14 0)
(1.5 3.61089e-14 0)
(1.5 7.0344e-14 0)
(1.5 -4.23236e-15 0)
(1.5 -3.91369e-14 0)
(1.5 -8.78106e-14 0)
(1.5 -7.05563e-14 0)
(1.5 -8.29224e-14 0)
(1.5 -9.62915e-14 0)
(1.5 -8.27388e-14 0)
(1.5 -9.75978e-14 0)
(1.5 -5.21984e-14 0)
(1.5 -5.67298e-15 0)
(1.5 6.08176e-15 0)
(1.5 6.56568e-14 0)
(1.5 8.62876e-14 0)
(1.5 1.72035e-13 0)
(1.5 1.86543e-13 0)
(1.5 2.24115e-13 0)
(1.5 2.36536e-13 0)
(1.5 1.5111e-13 0)
(1.5 1.51204e-13 0)
(1.5 2.0183e-13 0)
(1.5 2.74847e-13 0)
(1.5 3.86632e-13 0)
(1.5 3.6468e-13 0)
(1.5 3.40013e-13 0)
(1.5 3.6236e-13 0)
(1.5 3.65952e-13 0)
(1.5 3.255e-13 0)
(1.5 2.6406e-13 0)
(1.5 2.31101e-13 0)
(1.5 2.99192e-13 0)
(1.5 2.96587e-13 0)
(1.5 2.55246e-13 0)
(1.5 2.32161e-13 0)
(1.5 9.98827e-14 0)
(1.5 -4.15163e-15 0)
(1.5 -3.25587e-14 0)
(1.5 -9.54134e-14 0)
(1.5 -1.22516e-13 0)
(1.5 -1.23702e-13 0)
(1.5 -1.23723e-13 0)
(1.5 -1.6513e-13 0)
(1.5 -2.22591e-13 0)
(1.5 -2.46866e-13 0)
(1.5 -2.01722e-13 0)
(1.5 -1.15281e-13 0)
(1.5 -1.07946e-13 0)
(1.5 -2.40296e-13 0)
(1.5 -3.20219e-13 0)
(1.5 -4.25062e-13 0)
(1.5 -5.14127e-13 0)
(1.5 -5.35449e-13 0)
(1.5 -4.94253e-13 0)
(1.5 -3.78043e-13 0)
(1.5 -3.14349e-13 0)
(1.5 -2.16819e-13 0)
(1.5 -1.31278e-13 0)
(1.5 -3.02949e-13 0)
(1.5 -3.17794e-13 0)
(1.5 -2.91035e-13 0)
(1.5 -2.67985e-13 0)
(1.5 -3.48018e-13 0)
(1.5 -5.60472e-13 0)
(1.5 -5.21431e-13 0)
(1.5 -5.81027e-13 0)
(1.5 -6.3609e-13 0)
(1.5 -6.72749e-13 0)
(1.5 -7.55673e-13 0)
(1.5 -7.61674e-13 0)
(1.5 -7.15337e-13 0)
(1.5 -7.42704e-13 0)
(1.5 -6.40969e-13 0)
(1.5 -5.38834e-13 0)
(1.5 -4.29766e-13 0)
(1.5 -3.28317e-13 0)
(1.5 -2.91856e-13 0)
(1.5 -1.01458e-13 0)
(1.5 1.75946e-13 0)
(1.5 4.24641e-13 0)
(1.5 5.82053e-13 0)
(1.5 6.15689e-13 0)
(1.5 5.67386e-13 0)
(1.5 4.89148e-13 0)
(1.5 5.32347e-13 0)
(1.5 6.23191e-13 0)
(1.5 5.34176e-13 0)
(1.5 3.96999e-13 0)
(1.5 2.61969e-13 0)
(1.5 1.60273e-13 0)
(1.5 1.00364e-13 0)
(1.5 -2.5255e-14 0)
(1.5 -3.28607e-13 0)
(1.5 -4.83022e-13 0)
(1.5 -4.52228e-13 0)
(1.5 -4.46693e-13 0)
(1.5 -3.30981e-13 0)
(1.5 -2.19854e-13 0)
(1.5 -2.52871e-13 0)
(1.5 -1.809e-13 0)
(1.5 -1.10228e-13 0)
(1.5 4.8042e-14 0)
(1.5 1.10682e-13 0)
(1.5 1.66789e-13 0)
(1.5 2.68031e-13 0)
(1.5 4.2803e-13 0)
(1.5 4.38013e-13 0)
(1.5 4.61129e-13 0)
(1.5 5.84508e-13 0)
(1.5 6.69984e-13 0)
(1.5 8.21003e-13 0)
(1.5 8.23874e-13 0)
(1.5 7.78949e-13 0)
(1.5 8.50482e-13 0)
(1.5 9.48586e-13 0)
(1.5 9.60335e-13 0)
(1.5 8.85682e-13 0)
(1.5 9.38783e-13 0)
(1.5 1.00454e-12 0)
(1.5 1.02984e-12 0)
(1.5 1.06862e-12 0)
(1.5 9.00188e-13 0)
(1.5 8.93771e-13 0)
(1.5 8.37619e-13 0)
(1.5 8.85918e-13 0)
(1.5 7.72875e-13 0)
(1.5 6.80322e-13 0)
(1.5 6.91898e-13 0)
(1.5 7.45679e-13 0)
(1.5 6.35394e-13 0)
(1.5 5.52689e-13 0)
(1.5 5.78291e-13 0)
(1.5 5.00941e-13 0)
(1.5 3.4419e-13 0)
(1.5 2.48927e-13 0)
(1.5 1.22625e-13 0)
(1.5 -3.40957e-14 0)
(1.5 5.48647e-14 0)
(1.5 3.93934e-15 0)
(1.5 -7.90861e-14 0)
(1.5 -5.35528e-14 0)
(1.5 9.7608e-14 0)
(1.5 1.01838e-13 0)
(1.5 -2.77293e-14 0)
(1.5 -8.03022e-15 0)
(1.5 -5.52671e-14 0)
(1.5 -4.4229e-14 0)
(1.5 -1.5676e-13 0)
(1.5 -1.34335e-13 0)
(1.5 -2.02411e-13 0)
(1.5 -2.78308e-13 0)
(1.5 -2.34637e-13 0)
(1.5 -1.32391e-13 0)
(1.5 1.23932e-14 0)
(1.5 9.6947e-14 0)
(1.5 1.22829e-13 0)
(1.5 -3.39827e-15 0)
(1.5 -5.22111e-14 0)
(1.5 5.47894e-14 0)
(1.5 4.03857e-14 0)
(1.5 -1.3468e-14 0)
(1.5 -5.04595e-14 0)
(1.5 -1.25313e-14 0)
(1.5 4.2069e-14 0)
(1.5 9.94829e-14 0)
(1.5 1.13944e-13 0)
(1.5 5.52524e-14 0)
(1.5 6.79601e-14 0)
(1.5 1.61958e-13 0)
(1.5 2.34225e-13 0)
(1.5 1.65722e-13 0)
(1.5 2.15618e-13 0)
(1.5 1.52059e-13 0)
(1.5 9.73494e-14 0)
(1.5 -3.97324e-15 0)
(1.5 -6.3829e-14 0)
(1.5 -7.4043e-14 0)
(1.5 -5.36356e-14 0)
(1.5 -1.07362e-13 0)
(1.5 -1.43136e-13 0)
(1.5 -2.04251e-13 0)
(1.5 -1.90919e-13 0)
(1.5 -2.18429e-13 0)
(1.5 -1.21598e-13 0)
(1.5 -1.42329e-13 0)
(1.5 -1.5769e-13 0)
(1.5 -1.22538e-13 0)
(1.5 -8.09656e-14 0)
(1.5 -1.44927e-13 0)
(1.5 -1.55886e-13 0)
(1.5 -7.75757e-14 0)
(1.5 -5.39314e-14 0)
(1.5 1.91708e-14 0)
(1.5 1.13397e-14 0)
(1.5 -4.55153e-14 0)
(1.5 -9.20478e-14 0)
(1.5 -8.84167e-14 0)
(1.5 -3.70422e-14 0)
(1.5 -6.70484e-14 0)
(1.5 -1.02792e-13 0)
(1.5 -5.42402e-14 0)
(1.5 -6.81155e-14 0)
(1.5 -6.13019e-14 0)
(1.5 -3.34471e-14 0)
(1.5 -6.11706e-14 0)
(1.5 -1.2155e-13 0)
(1.5 -1.15768e-13 0)
(1.5 -1.10114e-13 0)
(1.5 -9.78233e-14 0)
(1.5 -8.91536e-14 0)
(1.5 -5.58687e-14 0)
(1.5 -5.98532e-14 0)
(1.5 -5.17943e-14 0)
(1.5 5.84892e-16 0)
(1.5 4.67029e-14 0)
(1.5 1.09897e-13 0)
(1.5 1.57766e-13 0)
(1.5 2.04514e-13 0)
(1.5 1.6658e-13 0)
(1.5 1.20793e-13 0)
(1.5 9.18406e-14 0)
(1.5 1.50681e-13 0)
(1.5 2.38837e-13 0)
(1.5 3.46059e-13 0)
(1.5 2.58954e-13 0)
(1.5 2.60896e-13 0)
(1.5 2.84903e-13 0)
(1.5 2.50308e-13 0)
(1.5 2.07947e-13 0)
(1.5 2.11241e-13 0)
(1.5 1.87856e-13 0)
(1.5 2.1658e-13 0)
(1.5 1.8545e-13 0)
(1.5 2.77907e-13 0)
(1.5 3.45622e-13 0)
(1.5 1.87456e-13 0)
(1.5 5.33293e-14 0)
(1.5 -4.18905e-14 0)
(1.5 -8.03463e-14 0)
(1.5 -1.49599e-15 0)
(1.5 2.44917e-14 0)
(1.5 -7.09351e-14 0)
(1.5 -1.3977e-13 0)
(1.5 -2.13317e-13 0)
(1.5 -1.73365e-13 0)
(1.5 -5.29278e-14 0)
(1.5 -2.71838e-14 0)
(1.5 -2.59196e-16 0)
(1.5 -1.80075e-13 0)
(1.5 -2.73169e-13 0)
(1.5 -3.68548e-13 0)
(1.5 -4.47723e-13 0)
(1.5 -4.66167e-13 0)
(1.5 -4.61562e-13 0)
(1.5 -3.54141e-13 0)
(1.5 -3.28873e-13 0)
(1.5 -2.78327e-13 0)
(1.5 -2.11336e-13 0)
(1.5 -2.82158e-13 0)
(1.5 -2.57055e-13 0)
(1.5 -1.52392e-13 0)
(1.5 -2.1163e-13 0)
(1.5 -3.08177e-13 0)
(1.5 -4.28937e-13 0)
(1.5 -3.59628e-13 0)
(1.5 -4.20865e-13 0)
(1.5 -4.56687e-13 0)
(1.5 -4.32618e-13 0)
(1.5 -4.92054e-13 0)
(1.5 -6.0249e-13 0)
(1.5 -6.25352e-13 0)
(1.5 -6.64591e-13 0)
(1.5 -4.24665e-13 0)
(1.5 -3.93509e-13 0)
(1.5 -3.82917e-13 0)
(1.5 -2.40473e-13 0)
(1.5 -2.04735e-13 0)
(1.5 9.59386e-14 0)
(1.5 3.49406e-13 0)
(1.5 5.64796e-13 0)
(1.5 7.48874e-13 0)
(1.5 7.90871e-13 0)
(1.5 7.39709e-13 0)
(1.5 6.49444e-13 0)
(1.5 6.39268e-13 0)
(1.5 6.8458e-13 0)
(1.5 6.34172e-13 0)
(1.5 5.31934e-13 0)
(1.5 3.48573e-13 0)
(1.5 2.24508e-13 0)
(1.5 1.38277e-13 0)
(1.5 -5.37757e-14 0)
(1.5 -2.22727e-13 0)
(1.5 -3.35221e-13 0)
(1.5 -3.46207e-13 0)
(1.5 -3.75503e-13 0)
(1.5 -3.10578e-13 0)
(1.5 -1.92068e-13 0)
(1.5 -2.48686e-13 0)
(1.5 -2.53688e-13 0)
(1.5 -1.52891e-13 0)
(1.5 1.45303e-13 0)
(1.5 2.0874e-13 0)
(1.5 2.63873e-13 0)
(1.5 4.04861e-13 0)
(1.5 5.45637e-13 0)
(1.5 6.20065e-13 0)
(1.5 6.32946e-13 0)
(1.5 6.97763e-13 0)
(1.5 7.74945e-13 0)
(1.5 8.85767e-13 0)
(1.5 9.19333e-13 0)
(1.5 8.77455e-13 0)
(1.5 9.092e-13 0)
(1.5 1.03629e-12 0)
(1.5 1.10867e-12 0)
(1.5 1.09664e-12 0)
(1.5 1.18328e-12 0)
(1.5 1.12406e-12 0)
(1.5 1.15796e-12 0)
(1.5 1.15657e-12 0)
(1.5 1.01244e-12 0)
(1.5 9.31035e-13 0)
(1.5 8.68486e-13 0)
(1.5 9.27856e-13 0)
(1.5 9.03893e-13 0)
(1.5 8.19837e-13 0)
(1.5 8.3704e-13 0)
(1.5 8.21622e-13 0)
(1.5 7.92846e-13 0)
(1.5 6.09898e-13 0)
(1.5 6.71924e-13 0)
(1.5 6.52569e-13 0)
(1.5 5.75472e-13 0)
(1.5 4.68375e-13 0)
(1.5 2.84263e-13 0)
(1.5 1.28328e-13 0)
(1.5 3.26201e-14 0)
(1.5 4.50342e-14 0)
(1.5 -3.62523e-14 0)
(1.5 -4.95896e-14 0)
(1.5 1.42054e-14 0)
(1.5 3.80295e-14 0)
(1.5 9.37932e-15 0)
(1.5 3.27059e-14 0)
(1.5 7.86198e-15 0)
(1.5 -5.45912e-14 0)
(1.5 -1.49717e-13 0)
(1.5 -1.55026e-13 0)
(1.5 -2.61919e-13 0)
(1.5 -3.26016e-13 0)
(1.5 -1.68691e-13 0)
(1.5 -6.45362e-14 0)
(1.5 4.21005e-14 0)
(1.5 -3.62692e-14 0)
(1.5 -6.74883e-14 0)
(1.5 -2.72014e-14 0)
(1.5 -1.44442e-15 0)
(1.5 3.53274e-14 0)
(1.5 2.90741e-14 0)
(1.5 -3.61572e-14 0)
(1.5 -4.78249e-14 0)
(1.5 -2.45539e-14 0)
(1.5 -2.66063e-14 0)
(1.5 6.60721e-14 0)
(1.5 1.00285e-13 0)
(1.5 1.34109e-13 0)
(1.5 1.59034e-13 0)
(1.5 2.12077e-13 0)
(1.5 1.90383e-13 0)
(1.5 1.68555e-13 0)
(1.5 1.56692e-13 0)
(1.5 5.73751e-14 0)
(1.5 5.59824e-14 0)
(1.5 -5.09248e-14 0)
(1.5 -5.44458e-14 0)
(1.5 -1.23273e-14 0)
(1.5 -3.3621e-14 0)
(1.5 -1.14506e-13 0)
(1.5 -1.46209e-13 0)
(1.5 -1.38219e-13 0)
(1.5 -1.73149e-13 0)
(1.5 -2.32083e-13 0)
(1.5 -1.76459e-13 0)
(1.5 -1.37002e-13 0)
(1.5 -1.20398e-13 0)
(1.5 -1.03842e-13 0)
(1.5 -9.17074e-14 0)
(1.5 -1.01403e-13 0)
(1.5 -1.08021e-13 0)
(1.5 -8.23101e-14 0)
(1.5 -2.75197e-14 0)
(1.5 1.27164e-14 0)
(1.5 -1.65212e-14 0)
(1.5 -3.61698e-14 0)
(1.5 -8.13033e-14 0)
(1.5 -4.78516e-14 0)
(1.5 -2.14002e-14 0)
(1.5 -2.16924e-14 0)
(1.5 -8.77599e-14 0)
(1.5 -8.59342e-14 0)
(1.5 -1.2089e-13 0)
(1.5 -9.60364e-14 0)
(1.5 -4.61082e-14 0)
(1.5 -5.25583e-14 0)
(1.5 -1.00376e-13 0)
(1.5 -1.41274e-13 0)
(1.5 -2.20667e-13 0)
(1.5 -2.62465e-13 0)
(1.5 -2.05767e-13 0)
(1.5 -1.95858e-13 0)
(1.5 -1.5487e-13 0)
(1.5 -1.4892e-13 0)
(1.5 -1.10535e-13 0)
(1.5 -8.43936e-14 0)
(1.5 -4.67125e-14 0)
(1.5 5.30124e-14 0)
(1.5 1.0091e-14 0)
(1.5 2.20249e-15 0)
(1.5 1.58561e-14 0)
(1.5 -2.33658e-15 0)
(1.5 4.88086e-14 0)
(1.5 1.13217e-13 0)
(1.5 1.39686e-13 0)
(1.5 1.14891e-13 0)
(1.5 1.5438e-13 0)
(1.5 1.88651e-13 0)
(1.5 2.15061e-13 0)
(1.5 1.09167e-13 0)
(1.5 1.31514e-13 0)
(1.5 2.28717e-13 0)
(1.5 2.41349e-13 0)
(1.5 2.2701e-13 0)
(1.5 3.37451e-13 0)
(1.5 3.97255e-13 0)
(1.5 3.16347e-13 0)
(1.5 1.5129e-13 0)
(1.5 2.86083e-15 0)
(1.5 -1.11292e-13 0)
(1.5 -8.15296e-14 0)
(1.5 -1.15705e-13 0)
(1.5 -1.80035e-13 0)
(1.5 -2.12128e-13 0)
(1.5 -1.74285e-13 0)
(1.5 -1.18339e-13 0)
(1.5 -4.16188e-14 0)
(1.5 -1.32075e-13 0)
(1.5 -1.31647e-13 0)
(1.5 -1.89892e-13 0)
(1.5 -3.24805e-13 0)
(1.5 -3.61983e-13 0)
(1.5 -4.28956e-13 0)
(1.5 -4.0792e-13 0)
(1.5 -4.90868e-13 0)
(1.5 -4.64424e-13 0)
(1.5 -4.45067e-13 0)
(1.5 -4.60075e-13 0)
(1.5 -4.17885e-13 0)
(1.5 -3.49351e-13 0)
(1.5 -3.49616e-13 0)
(1.5 -2.56913e-13 0)
(1.5 -3.42859e-13 0)
(1.5 -3.87085e-13 0)
(1.5 -3.69253e-13 0)
(1.5 -3.88813e-13 0)
(1.5 -4.18446e-13 0)
(1.5 -3.50104e-13 0)
(1.5 -3.24142e-13 0)
(1.5 -3.25711e-13 0)
(1.5 -3.66797e-13 0)
(1.5 -4.24115e-13 0)
(1.5 -4.32478e-13 0)
(1.5 -3.47469e-13 0)
(1.5 -2.92538e-13 0)
(1.5 -2.18331e-13 0)
(1.5 -8.78505e-14 0)
(1.5 4.08305e-14 0)
(1.5 2.7219e-13 0)
(1.5 4.48583e-13 0)
(1.5 7.09736e-13 0)
(1.5 8.48337e-13 0)
(1.5 8.4901e-13 0)
(1.5 7.76222e-13 0)
(1.5 7.33861e-13 0)
(1.5 8.65942e-13 0)
(1.5 8.30389e-13 0)
(1.5 7.43376e-13 0)
(1.5 6.08289e-13 0)
(1.5 3.89091e-13 0)
(1.5 2.22321e-13 0)
(1.5 4.23742e-14 0)
(1.5 -6.03134e-14 0)
(1.5 -1.38433e-13 0)
(1.5 -2.15315e-13 0)
(1.5 -3.18034e-13 0)
(1.5 -3.04015e-13 0)
(1.5 -2.05872e-13 0)
(1.5 -1.25235e-13 0)
(1.5 -7.69708e-14 0)
(1.5 -8.00945e-14 0)
(1.5 1.08242e-15 0)
(1.5 2.08213e-13 0)
(1.5 2.68463e-13 0)
(1.5 2.54277e-13 0)
(1.5 4.35379e-13 0)
(1.5 5.37967e-13 0)
(1.5 6.90071e-13 0)
(1.5 7.51523e-13 0)
(1.5 7.57204e-13 0)
(1.5 8.10436e-13 0)
(1.5 8.04772e-13 0)
(1.5 8.99907e-13 0)
(1.5 8.81135e-13 0)
(1.5 8.41631e-13 0)
(1.5 9.15929e-13 0)
(1.5 8.88032e-13 0)
(1.5 9.63841e-13 0)
(1.5 1.07997e-12 0)
(1.5 1.11061e-12 0)
(1.5 1.24388e-12 0)
(1.5 1.13448e-12 0)
(1.5 1.11149e-12 0)
(1.5 1.03326e-12 0)
(1.5 9.88047e-13 0)
(1.5 9.79031e-13 0)
(1.5 1.06432e-12 0)
(1.5 1.07314e-12 0)
(1.5 9.88051e-13 0)
(1.5 9.0775e-13 0)
(1.5 9.29299e-13 0)
(1.5 7.73639e-13 0)
(1.5 7.51269e-13 0)
(1.5 7.23117e-13 0)
(1.5 7.45565e-13 0)
(1.5 6.5299e-13 0)
(1.5 5.30031e-13 0)
(1.5 4.61719e-13 0)
(1.5 -2.66142e-14 0)
(1.5 -3.50296e-14 0)
(1.5 -8.23732e-14 0)
(1.5 -7.37274e-14 0)
(1.5 -9.84135e-14 0)
(1.5 -5.37975e-14 0)
(1.5 9.76463e-15 0)
(1.5 3.66179e-15 0)
(1.5 -1.05969e-14 0)
(1.5 -9.03914e-14 0)
(1.5 -6.99619e-14 0)
(1.5 -1.39876e-13 0)
(1.5 -2.20929e-13 0)
(1.5 -1.82028e-13 0)
(1.5 -1.42484e-13 0)
(1.5 -1.13281e-13 0)
(1.5 -5.39189e-14 0)
(1.5 -2.17725e-13 0)
(1.5 -2.41407e-13 0)
(1.5 -7.48684e-14 0)
(1.5 4.98236e-14 0)
(1.5 1.64962e-15 0)
(1.5 -1.97769e-15 0)
(1.5 2.73404e-14 0)
(1.5 1.08277e-13 0)
(1.5 1.19827e-13 0)
(1.5 7.38329e-14 0)
(1.5 7.56314e-14 0)
(1.5 1.02504e-13 0)
(1.5 1.82431e-13 0)
(1.5 2.32793e-13 0)
(1.5 1.73307e-13 0)
(1.5 8.7939e-14 0)
(1.5 6.33204e-14 0)
(1.5 3.08672e-14 0)
(1.5 6.87236e-14 0)
(1.5 6.47095e-14 0)
(1.5 1.56648e-15 0)
(1.5 -3.92162e-14 0)
(1.5 -5.64466e-14 0)
(1.5 -1.02308e-13 0)
(1.5 -1.49537e-13 0)
(1.5 -1.12328e-13 0)
(1.5 -8.68004e-14 0)
(1.5 -1.08263e-13 0)
(1.5 -1.28954e-13 0)
(1.5 -1.37162e-13 0)
(1.5 -9.86569e-14 0)
(1.5 -7.24189e-14 0)
(1.5 -9.65119e-14 0)
(1.5 -4.08504e-14 0)
(1.5 -2.42749e-14 0)
(1.5 -4.50461e-14 0)
(1.5 -1.08761e-13 0)
(1.5 -6.74746e-14 0)
(1.5 2.15556e-14 0)
(1.5 -2.3807e-15 0)
(1.5 2.83848e-14 0)
(1.5 -1.33159e-14 0)
(1.5 -5.02678e-14 0)
(1.5 -4.97749e-14 0)
(1.5 1.00327e-14 0)
(1.5 -2.24053e-14 0)
(1.5 -4.7699e-14 0)
(1.5 -6.92075e-14 0)
(1.5 -7.77859e-14 0)
(1.5 -8.52326e-14 0)
(1.5 -8.8705e-14 0)
(1.5 -1.01411e-13 0)
(1.5 -1.30694e-13 0)
(1.5 -1.52861e-13 0)
(1.5 -1.69701e-13 0)
(1.5 -1.70879e-13 0)
(1.5 -1.74487e-13 0)
(1.5 -8.94441e-14 0)
(1.5 -1.10737e-14 0)
(1.5 4.54763e-14 0)
(1.5 -2.26821e-14 0)
(1.5 9.75822e-16 0)
(1.5 5.74203e-14 0)
(1.5 5.94129e-14 0)
(1.5 8.92843e-14 0)
(1.5 6.74671e-14 0)
(1.5 3.2247e-14 0)
(1.5 4.63017e-14 0)
(1.5 7.24894e-14 0)
(1.5 7.52535e-14 0)
(1.5 1.19623e-13 0)
(1.5 1.58871e-13 0)
(1.5 2.35783e-13 0)
(1.5 2.64348e-13 0)
(1.5 1.6595e-13 0)
(1.5 1.98946e-13 0)
(1.5 3.55505e-13 0)
(1.5 4.26983e-13 0)
(1.5 4.74277e-13 0)
(1.5 4.37163e-13 0)
(1.5 3.9993e-13 0)
(1.5 3.44513e-13 0)
(1.5 2.49633e-13 0)
(1.5 1.52283e-13 0)
(1.5 8.56105e-15 0)
(1.5 -3.72268e-14 0)
(1.5 -1.31385e-13 0)
(1.5 -1.6481e-13 0)
(1.5 -2.13332e-13 0)
(1.5 -1.05214e-13 0)
(1.5 -4.97714e-14 0)
(1.5 -1.86832e-14 0)
(1.5 -1.08348e-13 0)
(1.5 -1.80735e-13 0)
(1.5 -1.37282e-13 0)
(1.5 -2.28135e-13 0)
(1.5 -3.10742e-13 0)
(1.5 -3.69553e-13 0)
(1.5 -4.30496e-13 0)
(1.5 -5.27726e-13 0)
(1.5 -5.73805e-13 0)
(1.5 -5.80754e-13 0)
(1.5 -6.17645e-13 0)
(1.5 -6.17996e-13 0)
(1.5 -4.7972e-13 0)
(1.5 -3.78635e-13 0)
(1.5 -3.69509e-13 0)
(1.5 -4.63836e-13 0)
(1.5 -5.2034e-13 0)
(1.5 -4.31454e-13 0)
(1.5 -4.24318e-13 0)
(1.5 -4.12354e-13 0)
(1.5 -3.7931e-13 0)
(1.5 -4.06671e-13 0)
(1.5 -3.24092e-13 0)
(1.5 -2.90019e-13 0)
(1.5 -3.39179e-13 0)
(1.5 -3.46608e-13 0)
(1.5 -4.53406e-13 0)
(1.5 -3.18283e-13 0)
(1.5 -1.69487e-13 0)
(1.5 -7.8607e-14 0)
(1.5 1.08423e-13 0)
(1.5 2.71034e-13 0)
(1.5 4.17315e-13 0)
(1.5 7.0163e-13 0)
(1.5 7.62769e-13 0)
(1.5 7.94414e-13 0)
(1.5 7.28523e-13 0)
(1.5 7.48789e-13 0)
(1.5 8.95447e-13 0)
(1.5 8.05187e-13 0)
(1.5 6.99247e-13 0)
(1.5 5.91457e-13 0)
(1.5 3.97877e-13 0)
(1.5 1.984e-13 0)
(1.5 -4.01727e-14 0)
(1.5 -1.0868e-13 0)
(1.5 -2.05844e-13 0)
(1.5 -2.70798e-13 0)
(1.5 -3.90155e-13 0)
(1.5 -3.38375e-13 0)
(1.5 -1.9731e-13 0)
(1.5 -1.10437e-13 0)
(1.5 1.10151e-13 0)
(1.5 1.59221e-13 0)
(1.5 1.32979e-13 0)
(1.5 9.22266e-14 0)
(1.5 1.4062e-13 0)
(1.5 1.46861e-13 0)
(1.5 2.47034e-13 0)
(1.5 3.68027e-13 0)
(1.5 5.38876e-13 0)
(1.5 6.52638e-13 0)
(1.5 6.45048e-13 0)
(1.5 5.85024e-13 0)
(1.5 6.19157e-13 0)
(1.5 7.89707e-13 0)
(1.5 8.06737e-13 0)
(1.5 7.81099e-13 0)
(1.5 8.36553e-13 0)
(1.5 7.87617e-13 0)
(1.5 9.13128e-13 0)
(1.5 1.00943e-12 0)
(1.5 1.03872e-12 0)
(1.5 1.1391e-12 0)
(1.5 1.03492e-12 0)
(1.5 1.11746e-12 0)
(1.5 1.11187e-12 0)
(1.5 1.03747e-12 0)
(1.5 1.05203e-12 0)
(1.5 1.12909e-12 0)
(1.5 1.18836e-12 0)
(1.5 1.10879e-12 0)
(1.5 1.03398e-12 0)
(1.5 1.04753e-12 0)
(1.5 1.0129e-12 0)
(1.5 9.11697e-13 0)
(1.5 7.81291e-13 0)
(1.5 7.76374e-13 0)
(1.5 6.70206e-13 0)
(1.5 5.826e-13 0)
(1.5 5.78428e-13 0)
(1.5 -3.08148e-14 0)
(1.5 -1.56126e-13 0)
(1.5 -1.62694e-13 0)
(1.5 -1.24086e-13 0)
(1.5 -9.84359e-14 0)
(1.5 8.27845e-15 0)
(1.5 8.65126e-14 0)
(1.5 3.25396e-14 0)
(1.5 3.23303e-14 0)
(1.5 4.30854e-14 0)
(1.5 9.69719e-14 0)
(1.5 -7.53899e-15 0)
(1.5 -7.60435e-14 0)
(1.5 1.95035e-14 0)
(1.5 -9.65034e-14 0)
(1.5 -1.46162e-13 0)
(1.5 -1.97176e-13 0)
(1.5 -2.17679e-13 0)
(1.5 -1.61949e-13 0)
(1.5 1.8437e-15 0)
(1.5 1.59478e-14 0)
(1.5 1.1833e-14 0)
(1.5 2.59147e-14 0)
(1.5 9.90183e-14 0)
(1.5 2.43754e-13 0)
(1.5 2.55616e-13 0)
(1.5 1.90586e-13 0)
(1.5 1.35583e-13 0)
(1.5 1.4619e-13 0)
(1.5 2.42769e-13 0)
(1.5 2.4501e-13 0)
(1.5 1.25426e-13 0)
(1.5 3.31803e-14 0)
(1.5 1.03888e-14 0)
(1.5 -5.69439e-14 0)
(1.5 2.06737e-14 0)
(1.5 -5.04326e-14 0)
(1.5 -5.3962e-14 0)
(1.5 -1.47522e-13 0)
(1.5 -2.45928e-13 0)
(1.5 -2.0681e-13 0)
(1.5 -1.99838e-13 0)
(1.5 -1.6128e-13 0)
(1.5 -7.92258e-14 0)
(1.5 -7.85295e-14 0)
(1.5 -4.83763e-14 0)
(1.5 -3.63431e-14 0)
(1.5 -2.72627e-14 0)
(1.5 -1.0098e-14 0)
(1.5 -7.22853e-14 0)
(1.5 -9.03745e-14 0)
(1.5 -4.17489e-14 0)
(1.5 -1.78157e-14 0)
(1.5 -5.02911e-14 0)
(1.5 -3.53202e-14 0)
(1.5 6.55933e-14 0)
(1.5 8.48292e-14 0)
(1.5 8.98336e-14 0)
(1.5 3.76896e-14 0)
(1.5 -4.13764e-14 0)
(1.5 -2.96011e-14 0)
(1.5 -3.22537e-14 0)
(1.5 -5.48557e-15 0)
(1.5 -4.11211e-14 0)
(1.5 -2.10535e-14 0)
(1.5 -4.13455e-14 0)
(1.5 -1.02999e-13 0)
(1.5 -9.33096e-14 0)
(1.5 -7.71933e-14 0)
(1.5 -3.11616e-14 0)
(1.5 4.76141e-14 0)
(1.5 1.12277e-13 0)
(1.5 4.47014e-14 0)
(1.5 -3.59712e-15 0)
(1.5 8.57221e-14 0)
(1.5 1.8079e-13 0)
(1.5 2.85297e-13 0)
(1.5 2.36904e-13 0)
(1.5 1.97411e-13 0)
(1.5 1.63218e-13 0)
(1.5 2.75812e-13 0)
(1.5 2.69367e-13 0)
(1.5 1.81763e-13 0)
(1.5 1.33735e-13 0)
(1.5 1.5428e-13 0)
(1.5 1.83961e-13 0)
(1.5 1.76299e-13 0)
(1.5 1.83025e-13 0)
(1.5 1.7221e-13 0)
(1.5 2.6145e-13 0)
(1.5 2.74855e-13 0)
(1.5 2.37596e-13 0)
(1.5 2.16278e-13 0)
(1.5 2.80573e-13 0)
(1.5 3.81413e-13 0)
(1.5 4.59009e-13 0)
(1.5 3.69132e-13 0)
(1.5 2.96203e-13 0)
(1.5 3.08016e-13 0)
(1.5 3.02315e-13 0)
(1.5 2.20811e-13 0)
(1.5 1.43806e-13 0)
(1.5 8.85909e-14 0)
(1.5 5.80471e-14 0)
(1.5 1.32434e-14 0)
(1.5 -5.30272e-14 0)
(1.5 -6.06e-14 0)
(1.5 -9.51221e-14 0)
(1.5 -1.3067e-13 0)
(1.5 -1.14573e-13 0)
(1.5 -1.12545e-13 0)
(1.5 -9.09768e-14 0)
(1.5 -1.46685e-13 0)
(1.5 -2.71536e-13 0)
(1.5 -3.34293e-13 0)
(1.5 -4.67473e-13 0)
(1.5 -5.27037e-13 0)
(1.5 -6.43291e-13 0)
(1.5 -6.83996e-13 0)
(1.5 -6.18155e-13 0)
(1.5 -5.89136e-13 0)
(1.5 -5.53745e-13 0)
(1.5 -4.87347e-13 0)
(1.5 -5.17634e-13 0)
(1.5 -5.92209e-13 0)
(1.5 -6.01865e-13 0)
(1.5 -5.6012e-13 0)
(1.5 -4.62805e-13 0)
(1.5 -3.68049e-13 0)
(1.5 -3.75747e-13 0)
(1.5 -3.68014e-13 0)
(1.5 -3.18226e-13 0)
(1.5 -3.88095e-13 0)
(1.5 -3.59374e-13 0)
(1.5 -3.12509e-13 0)
(1.5 -3.70675e-13 0)
(1.5 -2.58685e-13 0)
(1.5 -1.51762e-13 0)
(1.5 -8.17067e-14 0)
(1.5 3.80073e-14 0)
(1.5 1.5919e-13 0)
(1.5 3.17096e-13 0)
(1.5 5.14788e-13 0)
(1.5 5.40139e-13 0)
(1.5 6.02713e-13 0)
(1.5 6.30636e-13 0)
(1.5 6.49599e-13 0)
(1.5 6.34001e-13 0)
(1.5 5.81465e-13 0)
(1.5 4.69535e-13 0)
(1.5 4.49987e-13 0)
(1.5 3.79264e-13 0)
(1.5 1.56199e-13 0)
(1.5 -4.85125e-14 0)
(1.5 -1.89721e-13 0)
(1.5 -1.77898e-13 0)
(1.5 -2.41202e-13 0)
(1.5 -2.99607e-13 0)
(1.5 -2.00909e-13 0)
(1.5 -6.32732e-14 0)
(1.5 5.9525e-14 0)
(1.5 2.89258e-13 0)
(1.5 3.78271e-13 0)
(1.5 3.70451e-13 0)
(1.5 2.65257e-13 0)
(1.5 2.71463e-13 0)
(1.5 2.85434e-13 0)
(1.5 2.10515e-13 0)
(1.5 2.79653e-13 0)
(1.5 3.04327e-13 0)
(1.5 4.05672e-13 0)
(1.5 4.54158e-13 0)
(1.5 3.82661e-13 0)
(1.5 4.89558e-13 0)
(1.5 5.96118e-13 0)
(1.5 6.81818e-13 0)
(1.5 7.01386e-13 0)
(1.5 7.80836e-13 0)
(1.5 8.87853e-13 0)
(1.5 9.47575e-13 0)
(1.5 1.01583e-12 0)
(1.5 1.01591e-12 0)
(1.5 9.91078e-13 0)
(1.5 9.33028e-13 0)
(1.5 9.5842e-13 0)
(1.5 9.63598e-13 0)
(1.5 9.25546e-13 0)
(1.5 1.00508e-12 0)
(1.5 1.04147e-12 0)
(1.5 1.03473e-12 0)
(1.5 1.02191e-12 0)
(1.5 9.64002e-13 0)
(1.5 9.69404e-13 0)
(1.5 9.52758e-13 0)
(1.5 8.99812e-13 0)
(1.5 7.47869e-13 0)
(1.5 6.39149e-13 0)
(1.5 5.2447e-13 0)
(1.5 5.10866e-13 0)
(1.5 5.236e-13 0)
(1.5 -2.5092e-14 0)
(1.5 -1.14397e-13 0)
(1.5 -1.18671e-13 0)
(1.5 -9.59139e-14 0)
(1.5 -2.81406e-14 0)
(1.5 1.00471e-13 0)
(1.5 1.89261e-13 0)
(1.5 2.20637e-13 0)
(1.5 2.06192e-13 0)
(1.5 2.39298e-13 0)
(1.5 2.10255e-13 0)
(1.5 1.78435e-13 0)
(1.5 1.64047e-13 0)
(1.5 1.22757e-13 0)
(1.5 4.69272e-14 0)
(1.5 -4.69234e-14 0)
(1.5 -1.73822e-13 0)
(1.5 -7.0463e-14 0)
(1.5 -6.75571e-14 0)
(1.5 2.22122e-14 0)
(1.5 3.44597e-14 0)
(1.5 3.08263e-14 0)
(1.5 7.55826e-14 0)
(1.5 1.57629e-13 0)
(1.5 2.94765e-13 0)
(1.5 3.18396e-13 0)
(1.5 2.844e-13 0)
(1.5 2.4436e-13 0)
(1.5 2.02866e-13 0)
(1.5 2.59769e-13 0)
(1.5 1.74805e-13 0)
(1.5 1.20758e-13 0)
(1.5 8.35332e-14 0)
(1.5 5.89318e-14 0)
(1.5 -1.67013e-14 0)
(1.5 -5.66642e-14 0)
(1.5 -1.71368e-13 0)
(1.5 -2.02595e-13 0)
(1.5 -3.09021e-13 0)
(1.5 -3.82031e-13 0)
(1.5 -2.79928e-13 0)
(1.5 -2.04587e-13 0)
(1.5 -1.90069e-13 0)
(1.5 -1.03045e-13 0)
(1.5 -8.34945e-14 0)
(1.5 -7.31297e-14 0)
(1.5 -7.4254e-14 0)
(1.5 -6.6502e-14 0)
(1.5 -4.45471e-14 0)
(1.5 -7.96124e-14 0)
(1.5 -1.79228e-13 0)
(1.5 -1.32462e-13 0)
(1.5 -8.19089e-14 0)
(1.5 -4.91889e-14 0)
(1.5 -1.20343e-14 0)
(1.5 7.07624e-14 0)
(1.5 1.28555e-13 0)
(1.5 8.90684e-14 0)
(1.5 1.07966e-13 0)
(1.5 6.27783e-14 0)
(1.5 4.89297e-14 0)
(1.5 -4.76957e-14 0)
(1.5 -6.90121e-14 0)
(1.5 -9.22095e-14 0)
(1.5 -1.08634e-13 0)
(1.5 -7.72099e-14 0)
(1.5 -1.18875e-13 0)
(1.5 -6.61662e-14 0)
(1.5 -5.9316e-14 0)
(1.5 -4.68226e-15 0)
(1.5 7.79797e-14 0)
(1.5 9.1127e-14 0)
(1.5 8.94937e-14 0)
(1.5 2.57667e-14 0)
(1.5 1.22539e-13 0)
(1.5 1.59232e-13 0)
(1.5 2.87927e-13 0)
(1.5 3.59334e-13 0)
(1.5 3.09274e-13 0)
(1.5 3.41568e-13 0)
(1.5 3.34606e-13 0)
(1.5 3.33986e-13 0)
(1.5 3.49655e-13 0)
(1.5 3.14147e-13 0)
(1.5 2.14017e-13 0)
(1.5 1.70606e-13 0)
(1.5 1.30343e-13 0)
(1.5 2.14289e-13 0)
(1.5 2.24801e-13 0)
(1.5 1.84387e-13 0)
(1.5 2.54982e-13 0)
(1.5 2.63773e-13 0)
(1.5 1.55531e-13 0)
(1.5 1.00755e-13 0)
(1.5 9.48921e-14 0)
(1.5 1.18928e-13 0)
(1.5 8.68998e-14 0)
(1.5 7.48691e-14 0)
(1.5 1.07738e-13 0)
(1.5 9.07399e-14 0)
(1.5 7.95033e-14 0)
(1.5 4.60934e-14 0)
(1.5 1.12191e-14 0)
(1.5 4.16854e-14 0)
(1.5 1.00752e-14 0)
(1.5 -3.7227e-14 0)
(1.5 -6.43292e-14 0)
(1.5 -4.71377e-14 0)
(1.5 -1.29867e-13 0)
(1.5 -1.14459e-13 0)
(1.5 -4.67421e-14 0)
(1.5 -1.04409e-13 0)
(1.5 -1.3338e-13 0)
(1.5 -2.3959e-13 0)
(1.5 -3.19889e-13 0)
(1.5 -3.81445e-13 0)
(1.5 -4.58778e-13 0)
(1.5 -5.60904e-13 0)
(1.5 -6.57615e-13 0)
(1.5 -5.7373e-13 0)
(1.5 -4.85385e-13 0)
(1.5 -5.40546e-13 0)
(1.5 -5.76551e-13 0)
(1.5 -6.59874e-13 0)
(1.5 -6.75848e-13 0)
(1.5 -5.14058e-13 0)
(1.5 -5.45687e-13 0)
(1.5 -4.88614e-13 0)
(1.5 -4.54453e-13 0)
(1.5 -5.00164e-13 0)
(1.5 -4.72358e-13 0)
(1.5 -4.86524e-13 0)
(1.5 -5.26063e-13 0)
(1.5 -4.30508e-13 0)
(1.5 -3.43571e-13 0)
(1.5 -2.13888e-13 0)
(1.5 -8.47739e-14 0)
(1.5 -3.29725e-14 0)
(1.5 -4.2462e-14 0)
(1.5 -4.77713e-14 0)
(1.5 -1.53914e-15 0)
(1.5 8.47044e-14 0)
(1.5 2.10335e-13 0)
(1.5 2.18287e-13 0)
(1.5 2.18417e-13 0)
(1.5 3.21683e-13 0)
(1.5 3.33007e-13 0)
(1.5 2.9146e-13 0)
(1.5 2.94842e-13 0)
(1.5 2.64099e-13 0)
(1.5 2.73124e-13 0)
(1.5 2.77564e-13 0)
(1.5 2.0635e-13 0)
(1.5 5.8348e-14 0)
(1.5 -7.27987e-14 0)
(1.5 2.37148e-15 0)
(1.5 4.20092e-16 0)
(1.5 1.50353e-14 0)
(1.5 7.90914e-14 0)
(1.5 1.83564e-13 0)
(1.5 2.75714e-13 0)
(1.5 3.52051e-13 0)
(1.5 4.53738e-13 0)
(1.5 5.15055e-13 0)
(1.5 4.63909e-13 0)
(1.5 3.64164e-13 0)
(1.5 2.55282e-13 0)
(1.5 1.93941e-13 0)
(1.5 1.68589e-13 0)
(1.5 5.84412e-14 0)
(1.5 9.12319e-14 0)
(1.5 1.55911e-13 0)
(1.5 2.81231e-13 0)
(1.5 3.72469e-13 0)
(1.5 3.6469e-13 0)
(1.5 3.84721e-13 0)
(1.5 4.30423e-13 0)
(1.5 5.27352e-13 0)
(1.5 6.21314e-13 0)
(1.5 6.21167e-13 0)
(1.5 6.87729e-13 0)
(1.5 7.96466e-13 0)
(1.5 7.35858e-13 0)
(1.5 6.65726e-13 0)
(1.5 6.27125e-13 0)
(1.5 6.81577e-13 0)
(1.5 7.82395e-13 0)
(1.5 8.09083e-13 0)
(1.5 7.86591e-13 0)
(1.5 7.45674e-13 0)
(1.5 7.8863e-13 0)
(1.5 7.53537e-13 0)
(1.5 7.92328e-13 0)
(1.5 7.72085e-13 0)
(1.5 7.01781e-13 0)
(1.5 6.64416e-13 0)
(1.5 5.39377e-13 0)
(1.5 5.13485e-13 0)
(1.5 5.17845e-13 0)
(1.5 5.1658e-13 0)
(1.5 -4.15163e-14 0)
(1.5 -2.77832e-14 0)
(1.5 -9.37492e-14 0)
(1.5 -1.05718e-13 0)
(1.5 5.89244e-15 0)
(1.5 1.17427e-13 0)
(1.5 1.84719e-13 0)
(1.5 2.85801e-13 0)
(1.5 2.88085e-13 0)
(1.5 3.50633e-13 0)
(1.5 2.94197e-13 0)
(1.5 2.61772e-13 0)
(1.5 2.82267e-13 0)
(1.5 1.85284e-13 0)
(1.5 1.30901e-13 0)
(1.5 3.1537e-14 0)
(1.5 -8.60125e-14 0)
(1.5 -2.75453e-14 0)
(1.5 -5.13843e-14 0)
(1.5 -4.84822e-14 0)
(1.5 3.81945e-14 0)
(1.5 4.57396e-14 0)
(1.5 1.27636e-13 0)
(1.5 1.92834e-13 0)
(1.5 2.62937e-13 0)
(1.5 3.26476e-13 0)
(1.5 3.08251e-13 0)
(1.5 2.94527e-13 0)
(1.5 2.5166e-13 0)
(1.5 2.47682e-13 0)
(1.5 1.59698e-13 0)
(1.5 1.51455e-13 0)
(1.5 1.38051e-13 0)
(1.5 8.45789e-14 0)
(1.5 3.53743e-14 0)
(1.5 -7.93391e-14 0)
(1.5 -2.33745e-13 0)
(1.5 -2.52168e-13 0)
(1.5 -3.64299e-13 0)
(1.5 -3.48266e-13 0)
(1.5 -3.14783e-13 0)
(1.5 -2.81923e-13 0)
(1.5 -2.57374e-13 0)
(1.5 -1.76633e-13 0)
(1.5 -8.46983e-14 0)
(1.5 -1.12949e-13 0)
(1.5 -1.4436e-13 0)
(1.5 -1.84635e-13 0)
(1.5 -2.18468e-13 0)
(1.5 -2.22401e-13 0)
(1.5 -2.67888e-13 0)
(1.5 -2.73674e-13 0)
(1.5 -2.84582e-13 0)
(1.5 -2.08486e-13 0)
(1.5 -1.53669e-13 0)
(1.5 -2.56447e-14 0)
(1.5 1.03162e-13 0)
(1.5 7.57763e-14 0)
(1.5 1.13719e-13 0)
(1.5 1.34224e-13 0)
(1.5 9.13455e-14 0)
(1.5 -1.0754e-14 0)
(1.5 -9.95645e-14 0)
(1.5 -7.66165e-14 0)
(1.5 -1.06648e-13 0)
(1.5 -7.55733e-14 0)
(1.5 -7.12911e-14 0)
(1.5 -1.47568e-14 0)
(1.5 -1.85689e-15 0)
(1.5 -3.41653e-14 0)
(1.5 1.1425e-14 0)
(1.5 -1.39902e-14 0)
(1.5 3.58276e-14 0)
(1.5 4.83165e-14 0)
(1.5 1.36464e-13 0)
(1.5 1.79838e-13 0)
(1.5 2.08583e-13 0)
(1.5 3.25706e-13 0)
(1.5 3.46876e-13 0)
(1.5 3.57095e-13 0)
(1.5 2.99994e-13 0)
(1.5 3.21947e-13 0)
(1.5 3.84244e-13 0)
(1.5 3.94296e-13 0)
(1.5 2.3799e-13 0)
(1.5 1.0416e-13 0)
(1.5 5.91529e-14 0)
(1.5 2.20057e-13 0)
(1.5 2.64287e-13 0)
(1.5 2.12246e-13 0)
(1.5 3.0782e-13 0)
(1.5 3.09742e-13 0)
(1.5 1.81584e-13 0)
(1.5 -4.09688e-14 0)
(1.5 -1.25739e-13 0)
(1.5 -1.49873e-13 0)
(1.5 -1.17878e-13 0)
(1.5 -7.41663e-14 0)
(1.5 -1.68223e-13 0)
(1.5 -1.45895e-13 0)
(1.5 -2.15514e-15 0)
(1.5 4.04786e-14 0)
(1.5 -6.78763e-15 0)
(1.5 -4.10994e-14 0)
(1.5 -5.9264e-14 0)
(1.5 -6.27281e-14 0)
(1.5 -9.30764e-14 0)
(1.5 -2.63131e-14 0)
(1.5 -9.33752e-14 0)
(1.5 -1.60633e-13 0)
(1.5 -1.1259e-13 0)
(1.5 -1.48279e-13 0)
(1.5 -1.71807e-13 0)
(1.5 -2.61102e-13 0)
(1.5 -4.02479e-13 0)
(1.5 -4.41871e-13 0)
(1.5 -5.30158e-13 0)
(1.5 -5.67921e-13 0)
(1.5 -6.05316e-13 0)
(1.5 -5.56299e-13 0)
(1.5 -4.66071e-13 0)
(1.5 -4.65929e-13 0)
(1.5 -5.42534e-13 0)
(1.5 -6.6548e-13 0)
(1.5 -6.3201e-13 0)
(1.5 -4.78155e-13 0)
(1.5 -5.04322e-13 0)
(1.5 -4.67707e-13 0)
(1.5 -4.93154e-13 0)
(1.5 -5.3595e-13 0)
(1.5 -5.4917e-13 0)
(1.5 -5.34321e-13 0)
(1.5 -4.49145e-13 0)
(1.5 -3.99388e-13 0)
(1.5 -3.09249e-13 0)
(1.5 -1.09859e-13 0)
(1.5 4.42778e-14 0)
(1.5 4.7115e-14 0)
(1.5 -1.48391e-14 0)
(1.5 -2.6235e-14 0)
(1.5 -6.42238e-14 0)
(1.5 -1.10377e-13 0)
(1.5 -7.64175e-14 0)
(1.5 9.27929e-15 0)
(1.5 1.87528e-14 0)
(1.5 5.31909e-14 0)
(1.5 4.68068e-14 0)
(1.5 6.83765e-14 0)
(1.5 9.60092e-14 0)
(1.5 1.42955e-13 0)
(1.5 1.67602e-13 0)
(1.5 1.69423e-13 0)
(1.5 1.89363e-13 0)
(1.5 1.83617e-13 0)
(1.5 1.91496e-13 0)
(1.5 2.31076e-13 0)
(1.5 2.54139e-13 0)
(1.5 3.30654e-13 0)
(1.5 2.90177e-13 0)
(1.5 2.78809e-13 0)
(1.5 2.71274e-13 0)
(1.5 2.38221e-13 0)
(1.5 3.06805e-13 0)
(1.5 4.01932e-13 0)
(1.5 3.96839e-13 0)
(1.5 3.16243e-13 0)
(1.5 2.19588e-13 0)
(1.5 2.12701e-13 0)
(1.5 9.63479e-14 0)
(1.5 -4.56679e-14 0)
(1.5 -1.20875e-13 0)
(1.5 -7.61426e-14 0)
(1.5 1.3239e-13 0)
(1.5 1.99006e-13 0)
(1.5 1.72994e-13 0)
(1.5 1.56183e-13 0)
(1.5 2.2582e-13 0)
(1.5 2.14327e-13 0)
(1.5 2.81425e-13 0)
(1.5 3.84011e-13 0)
(1.5 4.45654e-13 0)
(1.5 5.2724e-13 0)
(1.5 4.67372e-13 0)
(1.5 4.73101e-13 0)
(1.5 4.53826e-13 0)
(1.5 4.78432e-13 0)
(1.5 5.3523e-13 0)
(1.5 4.41945e-13 0)
(1.5 4.41481e-13 0)
(1.5 4.99249e-13 0)
(1.5 6.23011e-13 0)
(1.5 6.36023e-13 0)
(1.5 6.47848e-13 0)
(1.5 6.74611e-13 0)
(1.5 6.42665e-13 0)
(1.5 6.49154e-13 0)
(1.5 6.59365e-13 0)
(1.5 6.84416e-13 0)
(1.5 5.50827e-13 0)
(1.5 4.54845e-13 0)
(1.5 -4.55087e-14 0)
(1.5 -4.89182e-14 0)
(1.5 -6.23247e-14 0)
(1.5 -1.12893e-13 0)
(1.5 -5.61076e-14 0)
(1.5 3.01118e-14 0)
(1.5 8.2538e-14 0)
(1.5 1.61715e-13 0)
(1.5 2.4474e-13 0)
(1.5 3.32202e-13 0)
(1.5 2.67113e-13 0)
(1.5 2.4018e-13 0)
(1.5 2.10501e-13 0)
(1.5 1.44393e-13 0)
(1.5 1.22636e-13 0)
(1.5 6.10365e-14 0)
(1.5 -4.35368e-14 0)
(1.5 -4.36558e-14 0)
(1.5 -4.2966e-14 0)
(1.5 -1.42284e-14 0)
(1.5 8.52819e-15 0)
(1.5 1.67408e-14 0)
(1.5 7.79392e-14 0)
(1.5 1.18499e-13 0)
(1.5 1.59059e-13 0)
(1.5 2.67584e-13 0)
(1.5 2.61956e-13 0)
(1.5 3.05922e-13 0)
(1.5 3.12824e-13 0)
(1.5 2.74287e-13 0)
(1.5 2.33147e-13 0)
(1.5 2.30229e-13 0)
(1.5 2.02061e-13 0)
(1.5 1.53069e-13 0)
(1.5 2.75981e-14 0)
(1.5 -1.01814e-13 0)
(1.5 -1.9535e-13 0)
(1.5 -1.57648e-13 0)
(1.5 -1.86974e-13 0)
(1.5 -2.25359e-13 0)
(1.5 -2.62435e-13 0)
(1.5 -2.27103e-13 0)
(1.5 -2.16128e-13 0)
(1.5 -1.69972e-13 0)
(1.5 -1.16194e-13 0)
(1.5 -1.01391e-13 0)
(1.5 -1.01226e-13 0)
(1.5 -1.80256e-13 0)
(1.5 -2.84423e-13 0)
(1.5 -2.414e-13 0)
(1.5 -2.27487e-13 0)
(1.5 -2.70731e-13 0)
(1.5 -3.10884e-13 0)
(1.5 -2.29008e-13 0)
(1.5 -1.56448e-13 0)
(1.5 -8.45763e-14 0)
(1.5 -3.39511e-14 0)
(1.5 2.17901e-15 0)
(1.5 3.89076e-14 0)
(1.5 9.26448e-14 0)
(1.5 9.42226e-14 0)
(1.5 5.89885e-14 0)
(1.5 3.21084e-14 0)
(1.5 2.58936e-15 0)
(1.5 1.55699e-14 0)
(1.5 1.20036e-14 0)
(1.5 3.84712e-14 0)
(1.5 8.15155e-14 0)
(1.5 9.58648e-14 0)
(1.5 2.2206e-14 0)
(1.5 -4.99949e-14 0)
(1.5 -4.32311e-14 0)
(1.5 1.94198e-14 0)
(1.5 5.41101e-14 0)
(1.5 1.08161e-13 0)
(1.5 1.56751e-13 0)
(1.5 1.22745e-13 0)
(1.5 2.16846e-13 0)
(1.5 2.9388e-13 0)
(1.5 2.35101e-13 0)
(1.5 2.08419e-13 0)
(1.5 1.98008e-13 0)
(1.5 2.34385e-13 0)
(1.5 2.77208e-13 0)
(1.5 2.21702e-13 0)
(1.5 1.36464e-13 0)
(1.5 1.35315e-13 0)
(1.5 2.41678e-13 0)
(1.5 2.62042e-13 0)
(1.5 2.62028e-13 0)
(1.5 2.90702e-13 0)
(1.5 2.87286e-13 0)
(1.5 1.93072e-13 0)
(1.5 -4.50307e-14 0)
(1.5 -1.37982e-13 0)
(1.5 -2.18299e-13 0)
(1.5 -2.01696e-13 0)
(1.5 -2.03893e-13 0)
(1.5 -3.24713e-13 0)
(1.5 -2.60129e-13 0)
(1.5 -1.14792e-13 0)
(1.5 3.80461e-14 0)
(1.5 -1.46731e-14 0)
(1.5 -9.4166e-14 0)
(1.5 -5.84502e-14 0)
(1.5 -1.05978e-14 0)
(1.5 -1.05105e-13 0)
(1.5 -8.82005e-14 0)
(1.5 -1.1455e-13 0)
(1.5 -1.7731e-13 0)
(1.5 -1.94524e-13 0)
(1.5 -2.17492e-13 0)
(1.5 -2.30839e-13 0)
(1.5 -3.02853e-13 0)
(1.5 -4.02142e-13 0)
(1.5 -4.95954e-13 0)
(1.5 -6.21531e-13 0)
(1.5 -6.37305e-13 0)
(1.5 -5.67211e-13 0)
(1.5 -4.69904e-13 0)
(1.5 -4.37681e-13 0)
(1.5 -4.66326e-13 0)
(1.5 -5.2917e-13 0)
(1.5 -6.00834e-13 0)
(1.5 -6.47199e-13 0)
(1.5 -6.46328e-13 0)
(1.5 -6.45845e-13 0)
(1.5 -5.1098e-13 0)
(1.5 -4.87876e-13 0)
(1.5 -4.97999e-13 0)
(1.5 -4.71729e-13 0)
(1.5 -3.9667e-13 0)
(1.5 -2.60545e-13 0)
(1.5 -2.46523e-13 0)
(1.5 -1.74452e-13 0)
(1.5 6.4287e-15 0)
(1.5 1.14063e-13 0)
(1.5 1.74074e-13 0)
(1.5 1.63487e-13 0)
(1.5 1.01091e-13 0)
(1.5 1.13333e-14 0)
(1.5 -6.3475e-14 0)
(1.5 -2.01355e-13 0)
(1.5 -1.02538e-13 0)
(1.5 -3.50455e-14 0)
(1.5 -7.57171e-14 0)
(1.5 -9.58662e-14 0)
(1.5 -1.15924e-13 0)
(1.5 -4.64808e-14 0)
(1.5 1.39237e-14 0)
(1.5 7.11381e-14 0)
(1.5 1.67666e-13 0)
(1.5 1.54744e-13 0)
(1.5 2.89525e-13 0)
(1.5 4.26847e-13 0)
(1.5 5.03259e-13 0)
(1.5 5.34507e-13 0)
(1.5 5.04297e-13 0)
(1.5 4.32199e-13 0)
(1.5 3.39005e-13 0)
(1.5 1.89587e-13 0)
(1.5 1.40154e-13 0)
(1.5 2.10176e-13 0)
(1.5 3.08511e-13 0)
(1.5 3.40458e-13 0)
(1.5 2.98018e-13 0)
(1.5 2.03219e-13 0)
(1.5 9.25809e-14 0)
(1.5 2.32737e-14 0)
(1.5 -1.89087e-14 0)
(1.5 -6.69532e-14 0)
(1.5 -9.29812e-15 0)
(1.5 1.46535e-13 0)
(1.5 1.11071e-13 0)
(1.5 1.17548e-13 0)
(1.5 1.35758e-13 0)
(1.5 1.62439e-13 0)
(1.5 1.01697e-13 0)
(1.5 1.89956e-13 0)
(1.5 3.88127e-13 0)
(1.5 4.86891e-13 0)
(1.5 4.93947e-13 0)
(1.5 4.52678e-13 0)
(1.5 5.51969e-13 0)
(1.5 5.9171e-13 0)
(1.5 4.85655e-13 0)
(1.5 4.15832e-13 0)
(1.5 3.31502e-13 0)
(1.5 4.13761e-13 0)
(1.5 5.04492e-13 0)
(1.5 5.63669e-13 0)
(1.5 5.65595e-13 0)
(1.5 5.63895e-13 0)
(1.5 6.38865e-13 0)
(1.5 6.4026e-13 0)
(1.5 6.50603e-13 0)
(1.5 7.13405e-13 0)
(1.5 7.1365e-13 0)
(1.5 5.74924e-13 0)
(1.5 4.1123e-13 0)
(1.5 -2.83041e-15 0)
(1.5 -7.16093e-14 0)
(1.5 -6.54309e-14 0)
(1.5 -1.27778e-13 0)
(1.5 -1.32427e-13 0)
(1.5 -5.38765e-14 0)
(1.5 3.40973e-14 0)
(1.5 1.08353e-13 0)
(1.5 2.02815e-13 0)
(1.5 2.86064e-13 0)
(1.5 2.89606e-13 0)
(1.5 2.21233e-13 0)
(1.5 1.67118e-13 0)
(1.5 1.08233e-13 0)
(1.5 1.27602e-13 0)
(1.5 1.13006e-13 0)
(1.5 9.13044e-14 0)
(1.5 5.24582e-14 0)
(1.5 5.62406e-14 0)
(1.5 8.51053e-14 0)
(1.5 6.94836e-15 0)
(1.5 -1.5383e-14 0)
(1.5 -2.90126e-14 0)
(1.5 2.05532e-14 0)
(1.5 7.80913e-14 0)
(1.5 1.15948e-13 0)
(1.5 1.36636e-13 0)
(1.5 2.24371e-13 0)
(1.5 3.03202e-13 0)
(1.5 2.19525e-13 0)
(1.5 2.1287e-13 0)
(1.5 1.94513e-13 0)
(1.5 1.27207e-13 0)
(1.5 6.63418e-14 0)
(1.5 -2.74487e-14 0)
(1.5 -1.11968e-13 0)
(1.5 -8.62877e-14 0)
(1.5 -1.07325e-13 0)
(1.5 -4.55426e-14 0)
(1.5 -1.71177e-13 0)
(1.5 -1.96643e-13 0)
(1.5 -1.73926e-13 0)
(1.5 -1.546e-13 0)
(1.5 -1.72017e-13 0)
(1.5 -2.22997e-13 0)
(1.5 -1.85343e-13 0)
(1.5 -1.84108e-13 0)
(1.5 -1.77772e-13 0)
(1.5 -1.7429e-13 0)
(1.5 -1.53962e-13 0)
(1.5 -9.6418e-14 0)
(1.5 -1.31243e-13 0)
(1.5 -1.88409e-13 0)
(1.5 -1.44419e-13 0)
(1.5 -1.08578e-13 0)
(1.5 -1.38828e-13 0)
(1.5 -1.69737e-13 0)
(1.5 -1.02066e-13 0)
(1.5 -1.80577e-14 0)
(1.5 -2.4196e-14 0)
(1.5 2.07554e-14 0)
(1.5 2.5455e-14 0)
(1.5 4.57024e-14 0)
(1.5 -4.23132e-14 0)
(1.5 6.32385e-15 0)
(1.5 5.40306e-14 0)
(1.5 6.29251e-14 0)
(1.5 3.06318e-14 0)
(1.5 4.40196e-15 0)
(1.5 4.64355e-14 0)
(1.5 -2.33482e-14 0)
(1.5 2.95946e-14 0)
(1.5 8.18023e-14 0)
(1.5 1.04097e-13 0)
(1.5 1.32592e-13 0)
(1.5 1.74556e-13 0)
(1.5 1.70213e-13 0)
(1.5 1.78388e-13 0)
(1.5 1.96999e-13 0)
(1.5 1.84976e-13 0)
(1.5 1.91909e-13 0)
(1.5 1.78688e-13 0)
(1.5 2.43618e-13 0)
(1.5 2.48727e-13 0)
(1.5 1.90852e-13 0)
(1.5 2.28551e-13 0)
(1.5 2.79234e-13 0)
(1.5 3.06818e-13 0)
(1.5 2.98304e-13 0)
(1.5 3.07915e-13 0)
(1.5 2.1984e-13 0)
(1.5 2.28652e-13 0)
(1.5 1.69673e-13 0)
(1.5 4.47717e-14 0)
(1.5 -7.34793e-14 0)
(1.5 -1.39997e-13 0)
(1.5 -1.84766e-13 0)
(1.5 -2.56181e-13 0)
(1.5 -2.85194e-13 0)
(1.5 -1.80708e-13 0)
(1.5 -1.16442e-13 0)
(1.5 -5.93043e-14 0)
(1.5 -7.44292e-14 0)
(1.5 -4.29078e-14 0)
(1.5 9.02761e-14 0)
(1.5 1.1188e-13 0)
(1.5 3.08469e-14 0)
(1.5 2.82479e-14 0)
(1.5 -6.57951e-14 0)
(1.5 -1.04721e-13 0)
(1.5 -1.96249e-13 0)
(1.5 -2.50828e-13 0)
(1.5 -2.9225e-13 0)
(1.5 -3.18697e-13 0)
(1.5 -3.13095e-13 0)
(1.5 -4.14718e-13 0)
(1.5 -5.36048e-13 0)
(1.5 -5.58411e-13 0)
(1.5 -5.34845e-13 0)
(1.5 -4.95136e-13 0)
(1.5 -5.17384e-13 0)
(1.5 -5.635e-13 0)
(1.5 -5.78088e-13 0)
(1.5 -5.9316e-13 0)
(1.5 -6.2663e-13 0)
(1.5 -6.8323e-13 0)
(1.5 -7.00421e-13 0)
(1.5 -5.84375e-13 0)
(1.5 -5.44972e-13 0)
(1.5 -4.95364e-13 0)
(1.5 -4.18707e-13 0)
(1.5 -4.256e-13 0)
(1.5 -2.47626e-13 0)
(1.5 -1.7659e-13 0)
(1.5 -1.42828e-13 0)
(1.5 4.02296e-16 0)
(1.5 7.70576e-14 0)
(1.5 1.77462e-13 0)
(1.5 1.81446e-13 0)
(1.5 1.31572e-13 0)
(1.5 7.03624e-14 0)
(1.5 -7.24164e-14 0)
(1.5 -3.31445e-13 0)
(1.5 -2.95692e-13 0)
(1.5 -2.48139e-13 0)
(1.5 -2.52922e-13 0)
(1.5 -1.76726e-13 0)
(1.5 -2.8908e-13 0)
(1.5 -2.56969e-13 0)
(1.5 -1.59874e-13 0)
(1.5 -7.63726e-14 0)
(1.5 8.64825e-14 0)
(1.5 2.52596e-13 0)
(1.5 3.85655e-13 0)
(1.5 5.39322e-13 0)
(1.5 6.36142e-13 0)
(1.5 6.76611e-13 0)
(1.5 5.79425e-13 0)
(1.5 4.62135e-13 0)
(1.5 3.64907e-13 0)
(1.5 2.31272e-13 0)
(1.5 2.20289e-13 0)
(1.5 2.82915e-13 0)
(1.5 2.55785e-13 0)
(1.5 2.65546e-13 0)
(1.5 2.1337e-13 0)
(1.5 1.39662e-13 0)
(1.5 2.02518e-14 0)
(1.5 2.33142e-14 0)
(1.5 6.5269e-14 0)
(1.5 5.85316e-14 0)
(1.5 6.32723e-14 0)
(1.5 1.96362e-13 0)
(1.5 1.7628e-13 0)
(1.5 2.57934e-13 0)
(1.5 2.24259e-13 0)
(1.5 2.39655e-13 0)
(1.5 2.75803e-13 0)
(1.5 2.84125e-13 0)
(1.5 3.49834e-13 0)
(1.5 4.96893e-13 0)
(1.5 5.4045e-13 0)
(1.5 6.0876e-13 0)
(1.5 7.11308e-13 0)
(1.5 7.66242e-13 0)
(1.5 6.71075e-13 0)
(1.5 5.86807e-13 0)
(1.5 6.43912e-13 0)
(1.5 6.99003e-13 0)
(1.5 7.31199e-13 0)
(1.5 7.27901e-13 0)
(1.5 6.34894e-13 0)
(1.5 5.88328e-13 0)
(1.5 6.49204e-13 0)
(1.5 6.1878e-13 0)
(1.5 6.3061e-13 0)
(1.5 6.08592e-13 0)
(1.5 6.55603e-13 0)
(1.5 6.16928e-13 0)
(1.5 5.02228e-13 0)
(1.5 2.58174e-14 0)
(1.5 -6.77988e-14 0)
(1.5 -9.738e-14 0)
(1.5 -1.50962e-13 0)
(1.5 -1.50035e-13 0)
(1.5 -6.97877e-14 0)
(1.5 3.34234e-14 0)
(1.5 1.29479e-13 0)
(1.5 1.07584e-13 0)
(1.5 1.99223e-13 0)
(1.5 2.99822e-13 0)
(1.5 2.14719e-13 0)
(1.5 2.03929e-13 0)
(1.5 2.0276e-13 0)
(1.5 2.08583e-13 0)
(1.5 2.19944e-13 0)
(1.5 2.38625e-13 0)
(1.5 2.01988e-13 0)
(1.5 1.85978e-13 0)
(1.5 1.00153e-13 0)
(1.5 6.24454e-14 0)
(1.5 3.9912e-15 0)
(1.5 -5.37674e-15 0)
(1.5 5.3233e-14 0)
(1.5 6.19524e-14 0)
(1.5 5.74731e-14 0)
(1.5 4.4586e-14 0)
(1.5 1.01388e-13 0)
(1.5 1.75061e-13 0)
(1.5 1.54091e-13 0)
(1.5 1.6196e-13 0)
(1.5 1.15825e-13 0)
(1.5 5.8482e-14 0)
(1.5 5.9177e-15 0)
(1.5 1.20228e-14 0)
(1.5 4.7367e-15 0)
(1.5 5.50966e-14 0)
(1.5 -1.24564e-14 0)
(1.5 1.63566e-14 0)
(1.5 -6.57403e-14 0)
(1.5 -1.0411e-13 0)
(1.5 -1.51268e-13 0)
(1.5 -1.13302e-13 0)
(1.5 -1.47981e-13 0)
(1.5 -1.98243e-13 0)
(1.5 -2.07851e-13 0)
(1.5 -2.48511e-13 0)
(1.5 -1.59613e-13 0)
(1.5 -3.13752e-14 0)
(1.5 -4.29943e-14 0)
(1.5 -7.03561e-15 0)
(1.5 -5.56657e-14 0)
(1.5 -8.15581e-14 0)
(1.5 -1.17831e-13 0)
(1.5 -9.25795e-14 0)
(1.5 -1.35111e-13 0)
(1.5 -1.4817e-13 0)
(1.5 -6.13101e-14 0)
(1.5 -1.68596e-14 0)
(1.5 -4.51903e-14 0)
(1.5 -6.57486e-14 0)
(1.5 -4.43862e-14 0)
(1.5 3.38514e-15 0)
(1.5 -1.38129e-14 0)
(1.5 5.2382e-14 0)
(1.5 7.35405e-14 0)
(1.5 7.75206e-14 0)
(1.5 1.46522e-14 0)
(1.5 -1.64013e-14 0)
(1.5 5.96987e-14 0)
(1.5 9.76225e-14 0)
(1.5 1.37138e-13 0)
(1.5 1.44163e-13 0)
(1.5 1.96014e-13 0)
(1.5 2.47227e-13 0)
(1.5 3.12806e-13 0)
(1.5 3.41852e-13 0)
(1.5 3.08271e-13 0)
(1.5 2.53259e-13 0)
(1.5 2.73067e-13 0)
(1.5 3.30464e-13 0)
(1.5 3.1431e-13 0)
(1.5 3.08496e-13 0)
(1.5 3.30465e-13 0)
(1.5 3.1333e-13 0)
(1.5 4.00685e-13 0)
(1.5 4.38853e-13 0)
(1.5 3.95486e-13 0)
(1.5 3.60885e-13 0)
(1.5 3.66451e-13 0)
(1.5 2.01028e-13 0)
(1.5 9.86997e-14 0)
(1.5 5.21414e-14 0)
(1.5 -1.26974e-15 0)
(1.5 -8.87266e-14 0)
(1.5 -9.60787e-14 0)
(1.5 -1.53189e-13 0)
(1.5 -1.86561e-13 0)
(1.5 -1.56927e-13 0)
(1.5 -8.15989e-14 0)
(1.5 -3.41171e-14 0)
(1.5 -1.34658e-13 0)
(1.5 -1.4116e-13 0)
(1.5 -7.07778e-14 0)
(1.5 2.1014e-14 0)
(1.5 1.70962e-14 0)
(1.5 5.92195e-14 0)
(1.5 4.42044e-14 0)
(1.5 -4.0125e-14 0)
(1.5 -8.7354e-14 0)
(1.5 -1.63363e-13 0)
(1.5 -2.3565e-13 0)
(1.5 -3.23346e-13 0)
(1.5 -3.56253e-13 0)
(1.5 -3.42061e-13 0)
(1.5 -3.78612e-13 0)
(1.5 -4.13981e-13 0)
(1.5 -4.11094e-13 0)
(1.5 -4.39106e-13 0)
(1.5 -4.95907e-13 0)
(1.5 -5.1078e-13 0)
(1.5 -5.44746e-13 0)
(1.5 -6.20576e-13 0)
(1.5 -6.22573e-13 0)
(1.5 -6.03517e-13 0)
(1.5 -6.59654e-13 0)
(1.5 -6.57999e-13 0)
(1.5 -6.8647e-13 0)
(1.5 -6.27782e-13 0)
(1.5 -5.53738e-13 0)
(1.5 -4.81834e-13 0)
(1.5 -4.92042e-13 0)
(1.5 -2.83443e-13 0)
(1.5 -1.39483e-13 0)
(1.5 -1.44735e-13 0)
(1.5 -1.16703e-13 0)
(1.5 -8.89822e-14 0)
(1.5 5.44775e-14 0)
(1.5 1.1815e-13 0)
(1.5 1.13193e-13 0)
(1.5 5.79835e-14 0)
(1.5 -1.30603e-13 0)
(1.5 -4.05226e-13 0)
(1.5 -4.69765e-13 0)
(1.5 -4.10893e-13 0)
(1.5 -2.76481e-13 0)
(1.5 -2.50909e-13 0)
(1.5 -3.28639e-13 0)
(1.5 -2.78972e-13 0)
(1.5 -2.20216e-13 0)
(1.5 -1.31941e-13 0)
(1.5 -2.47374e-15 0)
(1.5 3.11899e-13 0)
(1.5 4.38962e-13 0)
(1.5 4.43569e-13 0)
(1.5 4.52333e-13 0)
(1.5 4.43696e-13 0)
(1.5 4.21711e-13 0)
(1.5 3.36113e-13 0)
(1.5 2.84956e-13 0)
(1.5 2.62733e-13 0)
(1.5 2.07042e-13 0)
(1.5 2.371e-13 0)
(1.5 2.15045e-13 0)
(1.5 1.92543e-13 0)
(1.5 2.35062e-13 0)
(1.5 2.72416e-13 0)
(1.5 2.46607e-13 0)
(1.5 2.10613e-13 0)
(1.5 1.38726e-13 0)
(1.5 1.16977e-13 0)
(1.5 9.85665e-14 0)
(1.5 1.44069e-13 0)
(1.5 1.38242e-13 0)
(1.5 1.58442e-13 0)
(1.5 1.70018e-13 0)
(1.5 1.6453e-13 0)
(1.5 2.67885e-13 0)
(1.5 3.38596e-13 0)
(1.5 3.30457e-13 0)
(1.5 3.72566e-13 0)
(1.5 4.80769e-13 0)
(1.5 6.14606e-13 0)
(1.5 6.98953e-13 0)
(1.5 7.50936e-13 0)
(1.5 7.56363e-13 0)
(1.5 7.0029e-13 0)
(1.5 8.15767e-13 0)
(1.5 8.6648e-13 0)
(1.5 7.86988e-13 0)
(1.5 7.32401e-13 0)
(1.5 6.78648e-13 0)
(1.5 6.00842e-13 0)
(1.5 5.50531e-13 0)
(1.5 5.55873e-13 0)
(1.5 5.72598e-13 0)
(1.5 4.90891e-13 0)
(1.5 5.29587e-13 0)
(1.5 5.62181e-13 0)
(1.5 5.32492e-13 0)
(1.5 -1.97351e-14 0)
(1.5 -4.51164e-14 0)
(1.5 -9.50161e-14 0)
(1.5 -1.75154e-13 0)
(1.5 -1.77125e-13 0)
(1.5 -1.50725e-13 0)
(1.5 -8.56954e-14 0)
(1.5 -2.398e-14 0)
(1.5 9.1394e-15 0)
(1.5 8.88386e-14 0)
(1.5 1.91534e-13 0)
(1.5 1.76591e-13 0)
(1.5 2.10551e-13 0)
(1.5 2.22762e-13 0)
(1.5 2.3376e-13 0)
(1.5 2.61241e-13 0)
(1.5 3.2572e-13 0)
(1.5 2.38485e-13 0)
(1.5 1.34184e-13 0)
(1.5 1.54046e-14 0)
(1.5 4.35959e-14 0)
(1.5 2.0965e-14 0)
(1.5 1.35968e-14 0)
(1.5 3.82989e-14 0)
(1.5 2.89794e-14 0)
(1.5 2.54295e-14 0)
(1.5 3.94788e-14 0)
(1.5 3.98291e-14 0)
(1.5 2.89613e-14 0)
(1.5 1.04659e-13 0)
(1.5 9.75042e-14 0)
(1.5 1.23207e-13 0)
(1.5 1.29362e-13 0)
(1.5 8.70494e-14 0)
(1.5 3.81013e-14 0)
(1.5 2.07392e-14 0)
(1.5 6.46803e-14 0)
(1.5 -2.20489e-15 0)
(1.5 -1.98212e-14 0)
(1.5 -1.79245e-14 0)
(1.5 -6.67645e-14 0)
(1.5 -1.10803e-13 0)
(1.5 -9.25395e-14 0)
(1.5 -1.38421e-13 0)
(1.5 -1.9159e-13 0)
(1.5 -2.52865e-13 0)
(1.5 -2.36473e-13 0)
(1.5 -1.46187e-13 0)
(1.5 -5.5225e-14 0)
(1.5 -2.95805e-14 0)
(1.5 -3.08406e-14 0)
(1.5 -3.62475e-14 0)
(1.5 3.74533e-15 0)
(1.5 -2.20518e-15 0)
(1.5 -3.9955e-14 0)
(1.5 -6.2932e-14 0)
(1.5 -3.87823e-14 0)
(1.5 -3.85452e-14 0)
(1.5 -3.30985e-14 0)
(1.5 -3.26226e-14 0)
(1.5 -4.45746e-14 0)
(1.5 2.61358e-14 0)
(1.5 5.70092e-14 0)
(1.5 9.13782e-14 0)
(1.5 1.22835e-13 0)
(1.5 8.8588e-14 0)
(1.5 8.28265e-14 0)
(1.5 7.74868e-14 0)
(1.5 7.81115e-14 0)
(1.5 7.00883e-14 0)
(1.5 7.10231e-14 0)
(1.5 3.5944e-14 0)
(1.5 8.64958e-14 0)
(1.5 1.32502e-13 0)
(1.5 2.1259e-13 0)
(1.5 2.88769e-13 0)
(1.5 3.62927e-13 0)
(1.5 4.13937e-13 0)
(1.5 3.3653e-13 0)
(1.5 3.29435e-13 0)
(1.5 3.63376e-13 0)
(1.5 3.50686e-13 0)
(1.5 3.26373e-13 0)
(1.5 3.38556e-13 0)
(1.5 4.14273e-13 0)
(1.5 4.57152e-13 0)
(1.5 4.74663e-13 0)
(1.5 4.04887e-13 0)
(1.5 3.79004e-13 0)
(1.5 3.46179e-13 0)
(1.5 1.98662e-13 0)
(1.5 -4.29195e-15 0)
(1.5 -6.05179e-14 0)
(1.5 -7.20524e-14 0)
(1.5 -1.29474e-13 0)
(1.5 -1.50622e-13 0)
(1.5 -2.1368e-13 0)
(1.5 -2.2113e-13 0)
(1.5 -1.87579e-13 0)
(1.5 -1.82892e-13 0)
(1.5 -1.86285e-13 0)
(1.5 -2.82894e-13 0)
(1.5 -3.71877e-13 0)
(1.5 -3.41472e-13 0)
(1.5 -3.44383e-13 0)
(1.5 -2.79744e-13 0)
(1.5 -1.13242e-13 0)
(1.5 -1.26543e-13 0)
(1.5 -1.14004e-13 0)
(1.5 -1.71572e-13 0)
(1.5 -2.24856e-13 0)
(1.5 -2.52304e-13 0)
(1.5 -3.16243e-13 0)
(1.5 -3.93676e-13 0)
(1.5 -4.201e-13 0)
(1.5 -3.55979e-13 0)
(1.5 -3.02586e-13 0)
(1.5 -2.51672e-13 0)
(1.5 -2.93172e-13 0)
(1.5 -3.73712e-13 0)
(1.5 -3.42101e-13 0)
(1.5 -3.47193e-13 0)
(1.5 -4.61169e-13 0)
(1.5 -5.2424e-13 0)
(1.5 -5.86891e-13 0)
(1.5 -6.41959e-13 0)
(1.5 -6.43942e-13 0)
(1.5 -7.25309e-13 0)
(1.5 -7.01575e-13 0)
(1.5 -7.1752e-13 0)
(1.5 -6.60205e-13 0)
(1.5 -5.72532e-13 0)
(1.5 -3.47677e-13 0)
(1.5 -2.17325e-13 0)
(1.5 -2.38519e-13 0)
(1.5 -3.02506e-13 0)
(1.5 -2.76749e-13 0)
(1.5 -1.03293e-13 0)
(1.5 1.60226e-14 0)
(1.5 -7.19999e-15 0)
(1.5 -1.5194e-13 0)
(1.5 -3.16276e-13 0)
(1.5 -4.58891e-13 0)
(1.5 -5.98839e-13 0)
(1.5 -5.27729e-13 0)
(1.5 -4.27567e-13 0)
(1.5 -4.70703e-13 0)
(1.5 -4.60684e-13 0)
(1.5 -2.99663e-13 0)
(1.5 -1.92926e-13 0)
(1.5 -1.29376e-13 0)
(1.5 -9.97194e-14 0)
(1.5 1.2288e-13 0)
(1.5 2.41213e-13 0)
(1.5 2.33251e-13 0)
(1.5 1.78591e-13 0)
(1.5 1.14919e-13 0)
(1.5 9.69592e-14 0)
(1.5 1.48722e-13 0)
(1.5 2.25091e-13 0)
(1.5 2.38339e-13 0)
(1.5 1.10397e-13 0)
(1.5 9.3558e-14 0)
(1.5 1.38676e-13 0)
(1.5 9.83621e-14 0)
(1.5 1.56008e-13 0)
(1.5 3.14455e-13 0)
(1.5 3.94937e-13 0)
(1.5 3.1832e-13 0)
(1.5 2.42047e-13 0)
(1.5 1.84106e-13 0)
(1.5 1.11883e-13 0)
(1.5 1.0239e-13 0)
(1.5 2.9868e-14 0)
(1.5 -4.40419e-15 0)
(1.5 5.04687e-14 0)
(1.5 8.47359e-14 0)
(1.5 1.66776e-13 0)
(1.5 3.20526e-13 0)
(1.5 4.02986e-13 0)
(1.5 3.83065e-13 0)
(1.5 4.60682e-13 0)
(1.5 5.43878e-13 0)
(1.5 5.84842e-13 0)
(1.5 6.12095e-13 0)
(1.5 6.79637e-13 0)
(1.5 6.98404e-13 0)
(1.5 7.515e-13 0)
(1.5 8.33383e-13 0)
(1.5 7.34387e-13 0)
(1.5 6.01514e-13 0)
(1.5 5.48134e-13 0)
(1.5 5.40203e-13 0)
(1.5 5.02107e-13 0)
(1.5 5.04956e-13 0)
(1.5 4.54442e-13 0)
(1.5 4.61281e-13 0)
(1.5 4.92164e-13 0)
(1.5 5.90973e-13 0)
(1.5 5.86519e-13 0)
(1.5 -6.84461e-14 0)
(1.5 -6.02338e-14 0)
(1.5 -1.56867e-13 0)
(1.5 -2.20652e-13 0)
(1.5 -2.29402e-13 0)
(1.5 -1.59941e-13 0)
(1.5 -1.15028e-13 0)
(1.5 -9.0545e-14 0)
(1.5 6.09725e-14 0)
(1.5 7.41207e-14 0)
(1.5 9.26667e-14 0)
(1.5 1.30242e-13 0)
(1.5 1.65847e-13 0)
(1.5 1.62196e-13 0)
(1.5 1.82495e-13 0)
(1.5 2.86679e-13 0)
(1.5 3.31847e-13 0)
(1.5 2.23775e-13 0)
(1.5 8.97742e-14 0)
(1.5 -5.77809e-15 0)
(1.5 -6.08225e-14 0)
(1.5 -1.77706e-14 0)
(1.5 -6.61454e-14 0)
(1.5 -5.29269e-14 0)
(1.5 -1.21157e-14 0)
(1.5 -2.02063e-14 0)
(1.5 5.34323e-14 0)
(1.5 2.70552e-14 0)
(1.5 -1.43462e-14 0)
(1.5 3.2926e-14 0)
(1.5 5.6279e-14 0)
(1.5 1.33866e-13 0)
(1.5 1.21964e-13 0)
(1.5 1.07292e-13 0)
(1.5 3.91014e-14 0)
(1.5 -5.10556e-14 0)
(1.5 -5.85123e-14 0)
(1.5 -1.00578e-13 0)
(1.5 -9.76795e-14 0)
(1.5 -2.9391e-14 0)
(1.5 -7.34539e-14 0)
(1.5 -1.59827e-13 0)
(1.5 -1.63668e-13 0)
(1.5 -2.46804e-13 0)
(1.5 -2.73949e-13 0)
(1.5 -2.8124e-13 0)
(1.5 -1.96006e-13 0)
(1.5 -1.82527e-13 0)
(1.5 -1.77183e-13 0)
(1.5 -9.83417e-14 0)
(1.5 -1.54001e-13 0)
(1.5 -7.27437e-14 0)
(1.5 -3.01664e-14 0)
(1.5 -8.17776e-15 0)
(1.5 -1.2518e-13 0)
(1.5 -1.72745e-13 0)
(1.5 -1.10325e-13 0)
(1.5 -1.10475e-13 0)
(1.5 -1.40873e-13 0)
(1.5 -9.93691e-14 0)
(1.5 -1.4946e-14 0)
(1.5 9.52121e-14 0)
(1.5 8.65683e-14 0)
(1.5 8.72711e-14 0)
(1.5 6.91916e-14 0)
(1.5 8.88397e-14 0)
(1.5 9.48909e-14 0)
(1.5 1.01077e-13 0)
(1.5 8.62659e-14 0)
(1.5 3.82685e-14 0)
(1.5 3.42663e-14 0)
(1.5 1.38439e-14 0)
(1.5 6.48463e-14 0)
(1.5 6.16459e-14 0)
(1.5 1.28394e-13 0)
(1.5 2.40752e-13 0)
(1.5 3.09939e-13 0)
(1.5 3.75316e-13 0)
(1.5 3.53283e-13 0)
(1.5 3.77546e-13 0)
(1.5 3.68664e-13 0)
(1.5 3.56865e-13 0)
(1.5 3.79039e-13 0)
(1.5 3.69235e-13 0)
(1.5 4.03091e-13 0)
(1.5 4.25336e-13 0)
(1.5 4.03303e-13 0)
(1.5 3.1147e-13 0)
(1.5 3.67404e-13 0)
(1.5 3.51635e-13 0)
(1.5 2.52643e-13 0)
(1.5 6.0969e-14 0)
(1.5 -7.86249e-14 0)
(1.5 -1.38311e-13 0)
(1.5 -1.04047e-13 0)
(1.5 -1.71277e-13 0)
(1.5 -2.9479e-13 0)
(1.5 -3.82651e-13 0)
(1.5 -3.04708e-13 0)
(1.5 -2.34623e-13 0)
(1.5 -2.72643e-13 0)
(1.5 -4.04207e-13 0)
(1.5 -5.41319e-13 0)
(1.5 -4.82845e-13 0)
(1.5 -4.58048e-13 0)
(1.5 -4.16536e-13 0)
(1.5 -2.84983e-13 0)
(1.5 -3.34119e-13 0)
(1.5 -3.16616e-13 0)
(1.5 -3.70082e-13 0)
(1.5 -4.04325e-13 0)
(1.5 -3.4002e-13 0)
(1.5 -3.10544e-13 0)
(1.5 -3.10839e-13 0)
(1.5 -3.40325e-13 0)
(1.5 -3.45196e-13 0)
(1.5 -2.5475e-13 0)
(1.5 -2.1288e-13 0)
(1.5 -2.82296e-13 0)
(1.5 -3.77806e-13 0)
(1.5 -3.26752e-13 0)
(1.5 -2.79052e-13 0)
(1.5 -3.5054e-13 0)
(1.5 -4.71245e-13 0)
(1.5 -4.83107e-13 0)
(1.5 -5.36174e-13 0)
(1.5 -6.02163e-13 0)
(1.5 -6.14201e-13 0)
(1.5 -5.99421e-13 0)
(1.5 -6.14883e-13 0)
(1.5 -7.0934e-13 0)
(1.5 -6.26305e-13 0)
(1.5 -4.77534e-13 0)
(1.5 -4.27731e-13 0)
(1.5 -4.47235e-13 0)
(1.5 -5.08515e-13 0)
(1.5 -4.70204e-13 0)
(1.5 -3.2491e-13 0)
(1.5 -2.26167e-13 0)
(1.5 -2.37337e-13 0)
(1.5 -3.9719e-13 0)
(1.5 -5.106e-13 0)
(1.5 -5.6085e-13 0)
(1.5 -6.40288e-13 0)
(1.5 -6.58723e-13 0)
(1.5 -6.96317e-13 0)
(1.5 -6.68144e-13 0)
(1.5 -5.34304e-13 0)
(1.5 -3.85981e-13 0)
(1.5 -2.64667e-13 0)
(1.5 -2.41783e-13 0)
(1.5 -2.5896e-13 0)
(1.5 -1.59747e-13 0)
(1.5 -1.11998e-13 0)
(1.5 -1.1414e-14 0)
(1.5 9.65527e-15 0)
(1.5 -2.34463e-14 0)
(1.5 -1.07939e-14 0)
(1.5 9.87071e-14 0)
(1.5 2.26636e-13 0)
(1.5 2.011e-13 0)
(1.5 1.59248e-13 0)
(1.5 1.15937e-13 0)
(1.5 4.98507e-14 0)
(1.5 5.161e-14 0)
(1.5 7.83851e-14 0)
(1.5 2.52167e-13 0)
(1.5 3.93047e-13 0)
(1.5 2.78764e-13 0)
(1.5 3.00237e-13 0)
(1.5 2.46115e-13 0)
(1.5 1.58039e-13 0)
(1.5 9.94923e-14 0)
(1.5 4.52813e-14 0)
(1.5 1.56762e-14 0)
(1.5 -7.22908e-15 0)
(1.5 2.78627e-14 0)
(1.5 1.23269e-13 0)
(1.5 2.40706e-13 0)
(1.5 3.1051e-13 0)
(1.5 3.46174e-13 0)
(1.5 4.70308e-13 0)
(1.5 5.63256e-13 0)
(1.5 6.01026e-13 0)
(1.5 6.26468e-13 0)
(1.5 6.52171e-13 0)
(1.5 6.57625e-13 0)
(1.5 6.83457e-13 0)
(1.5 7.2258e-13 0)
(1.5 6.90985e-13 0)
(1.5 6.41132e-13 0)
(1.5 5.40528e-13 0)
(1.5 5.32708e-13 0)
(1.5 5.86099e-13 0)
(1.5 5.97954e-13 0)
(1.5 4.41061e-13 0)
(1.5 4.78081e-13 0)
(1.5 5.72973e-13 0)
(1.5 6.09694e-13 0)
(1.5 6.14214e-13 0)
(1.5 -5.66834e-14 0)
(1.5 -1.06443e-13 0)
(1.5 -1.63651e-13 0)
(1.5 -1.50321e-13 0)
(1.5 -1.79578e-13 0)
(1.5 -1.39001e-13 0)
(1.5 -9.30303e-14 0)
(1.5 -1.98168e-14 0)
(1.5 4.43545e-14 0)
(1.5 4.59545e-14 0)
(1.5 -3.76036e-15 0)
(1.5 7.17244e-14 0)
(1.5 7.12786e-14 0)
(1.5 1.26754e-13 0)
(1.5 2.09574e-13 0)
(1.5 3.05302e-13 0)
(1.5 2.27512e-13 0)
(1.5 1.99247e-13 0)
(1.5 1.11033e-13 0)
(1.5 7.64449e-15 0)
(1.5 -8.86135e-14 0)
(1.5 -8.89077e-14 0)
(1.5 -9.55675e-14 0)
(1.5 -7.02502e-14 0)
(1.5 -2.1739e-14 0)
(1.5 9.48571e-15 0)
(1.5 2.17664e-14 0)
(1.5 -1.75429e-14 0)
(1.5 -2.31329e-14 0)
(1.5 -4.28818e-15 0)
(1.5 1.99062e-14 0)
(1.5 6.90355e-14 0)
(1.5 8.10881e-14 0)
(1.5 7.02499e-14 0)
(1.5 5.80925e-15 0)
(1.5 -9.08862e-14 0)
(1.5 -1.49407e-13 0)
(1.5 -1.54798e-13 0)
(1.5 -1.20358e-13 0)
(1.5 -4.02093e-14 0)
(1.5 -1.0492e-13 0)
(1.5 -1.87792e-13 0)
(1.5 -2.20659e-13 0)
(1.5 -2.6243e-13 0)
(1.5 -2.31139e-13 0)
(1.5 -1.85178e-13 0)
(1.5 -1.6079e-13 0)
(1.5 -1.79215e-13 0)
(1.5 -1.97538e-13 0)
(1.5 -1.89443e-13 0)
(1.5 -2.40275e-13 0)
(1.5 -1.49103e-13 0)
(1.5 -1.42572e-13 0)
(1.5 -1.5369e-13 0)
(1.5 -2.19722e-13 0)
(1.5 -2.32349e-13 0)
(1.5 -2.04756e-13 0)
(1.5 -1.65876e-13 0)
(1.5 -2.05769e-13 0)
(1.5 -1.23579e-13 0)
(1.5 -2.96837e-14 0)
(1.5 3.82947e-14 0)
(1.5 2.42656e-14 0)
(1.5 -1.09117e-14 0)
(1.5 -7.33805e-14 0)
(1.5 -1.78954e-14 0)
(1.5 3.10505e-14 0)
(1.5 6.33342e-14 0)
(1.5 -2.41708e-14 0)
(1.5 -8.66962e-14 0)
(1.5 2.82508e-15 0)
(1.5 4.91821e-14 0)
(1.5 3.7404e-14 0)
(1.5 6.59671e-14 0)
(1.5 1.07112e-13 0)
(1.5 2.01678e-13 0)
(1.5 2.54942e-13 0)
(1.5 2.66054e-13 0)
(1.5 3.31479e-13 0)
(1.5 3.91553e-13 0)
(1.5 3.57472e-13 0)
(1.5 3.57182e-13 0)
(1.5 3.85389e-13 0)
(1.5 4.19422e-13 0)
(1.5 4.16588e-13 0)
(1.5 4.25873e-13 0)
(1.5 3.69096e-13 0)
(1.5 2.87884e-13 0)
(1.5 3.24291e-13 0)
(1.5 3.08153e-13 0)
(1.5 2.33067e-13 0)
(1.5 1.2613e-13 0)
(1.5 3.24374e-15 0)
(1.5 -1.0595e-13 0)
(1.5 -3.275e-14 0)
(1.5 -1.2152e-13 0)
(1.5 -2.58315e-13 0)
(1.5 -3.48098e-13 0)
(1.5 -2.93152e-13 0)
(1.5 -2.431e-13 0)
(1.5 -2.41679e-13 0)
(1.5 -3.81932e-13 0)
(1.5 -4.64716e-13 0)
(1.5 -4.85826e-13 0)
(1.5 -4.31517e-13 0)
(1.5 -3.95788e-13 0)
(1.5 -4.15309e-13 0)
(1.5 -4.24359e-13 0)
(1.5 -4.29197e-13 0)
(1.5 -4.69247e-13 0)
(1.5 -4.49231e-13 0)
(1.5 -4.023e-13 0)
(1.5 -2.94781e-13 0)
(1.5 -2.35022e-13 0)
(1.5 -2.84968e-13 0)
(1.5 -3.58012e-13 0)
(1.5 -3.05598e-13 0)
(1.5 -2.98922e-13 0)
(1.5 -3.69509e-13 0)
(1.5 -4.35959e-13 0)
(1.5 -4.72595e-13 0)
(1.5 -4.79171e-13 0)
(1.5 -4.93108e-13 0)
(1.5 -5.47574e-13 0)
(1.5 -5.25027e-13 0)
(1.5 -4.98775e-13 0)
(1.5 -5.65349e-13 0)
(1.5 -5.25542e-13 0)
(1.5 -5.38252e-13 0)
(1.5 -5.1905e-13 0)
(1.5 -6.38065e-13 0)
(1.5 -6.23201e-13 0)
(1.5 -4.99246e-13 0)
(1.5 -4.6357e-13 0)
(1.5 -5.22889e-13 0)
(1.5 -5.96009e-13 0)
(1.5 -5.66425e-13 0)
(1.5 -4.10267e-13 0)
(1.5 -3.37794e-13 0)
(1.5 -3.19505e-13 0)
(1.5 -3.46534e-13 0)
(1.5 -3.67013e-13 0)
(1.5 -4.14242e-13 0)
(1.5 -5.63147e-13 0)
(1.5 -6.96687e-13 0)
(1.5 -7.65241e-13 0)
(1.5 -7.59376e-13 0)
(1.5 -5.32592e-13 0)
(1.5 -5.10716e-13 0)
(1.5 -4.51386e-13 0)
(1.5 -4.17878e-13 0)
(1.5 -3.11225e-13 0)
(1.5 -1.67001e-13 0)
(1.5 -1.65042e-13 0)
(1.5 -1.576e-13 0)
(1.5 -5.72157e-14 0)
(1.5 3.44006e-14 0)
(1.5 1.94541e-13 0)
(1.5 2.7004e-13 0)
(1.5 2.77933e-13 0)
(1.5 2.70071e-13 0)
(1.5 3.3994e-13 0)
(1.5 3.20053e-13 0)
(1.5 1.93713e-13 0)
(1.5 1.54476e-13 0)
(1.5 1.66097e-13 0)
(1.5 2.36049e-13 0)
(1.5 3.33561e-13 0)
(1.5 2.3224e-13 0)
(1.5 2.49413e-13 0)
(1.5 2.24389e-13 0)
(1.5 1.75146e-13 0)
(1.5 1.21942e-13 0)
(1.5 8.05383e-14 0)
(1.5 6.36608e-14 0)
(1.5 3.11554e-14 0)
(1.5 -3.91626e-14 0)
(1.5 3.07148e-14 0)
(1.5 5.94757e-14 0)
(1.5 1.16066e-13 0)
(1.5 2.40159e-13 0)
(1.5 4.22029e-13 0)
(1.5 5.96755e-13 0)
(1.5 6.34949e-13 0)
(1.5 6.59785e-13 0)
(1.5 6.50799e-13 0)
(1.5 6.75685e-13 0)
(1.5 6.84368e-13 0)
(1.5 6.25953e-13 0)
(1.5 6.05253e-13 0)
(1.5 5.76116e-13 0)
(1.5 5.79832e-13 0)
(1.5 5.75922e-13 0)
(1.5 5.76171e-13 0)
(1.5 5.17456e-13 0)
(1.5 3.98404e-13 0)
(1.5 3.63485e-13 0)
(1.5 4.97464e-13 0)
(1.5 5.02833e-13 0)
(1.5 5.69024e-13 0)
(1.5 -1.35898e-14 0)
(1.5 -8.49976e-14 0)
(1.5 -9.70321e-14 0)
(1.5 -8.54803e-14 0)
(1.5 -4.89846e-14 0)
(1.5 -2.75913e-14 0)
(1.5 -2.20042e-14 0)
(1.5 1.90564e-14 0)
(1.5 1.30094e-14 0)
(1.5 3.94651e-14 0)
(1.5 -3.93022e-17 0)
(1.5 7.35046e-14 0)
(1.5 7.08526e-14 0)
(1.5 1.11181e-13 0)
(1.5 1.66346e-13 0)
(1.5 1.76047e-13 0)
(1.5 1.11628e-13 0)
(1.5 1.10256e-13 0)
(1.5 6.67737e-14 0)
(1.5 3.18358e-14 0)
(1.5 -6.03286e-14 0)
(1.5 -9.44962e-14 0)
(1.5 -3.85523e-14 0)
(1.5 -7.74515e-14 0)
(1.5 -4.31234e-14 0)
(1.5 -5.59415e-14 0)
(1.5 -9.22545e-14 0)
(1.5 -8.64084e-14 0)
(1.5 -7.20981e-14 0)
(1.5 -7.48913e-14 0)
(1.5 -3.15462e-14 0)
(1.5 9.30126e-16 0)
(1.5 2.51223e-14 0)
(1.5 1.36347e-14 0)
(1.5 -2.23653e-14 0)
(1.5 -3.95738e-14 0)
(1.5 -1.15448e-13 0)
(1.5 -1.35357e-13 0)
(1.5 -8.95056e-14 0)
(1.5 -9.38063e-14 0)
(1.5 -1.46359e-13 0)
(1.5 -1.515e-13 0)
(1.5 -1.65494e-13 0)
(1.5 -1.36699e-13 0)
(1.5 -1.06668e-13 0)
(1.5 -8.32308e-14 0)
(1.5 -8.68969e-14 0)
(1.5 -8.57768e-14 0)
(1.5 -1.32328e-13 0)
(1.5 -2.3386e-13 0)
(1.5 -2.59691e-13 0)
(1.5 -1.93209e-13 0)
(1.5 -1.49145e-13 0)
(1.5 -1.7773e-13 0)
(1.5 -2.02683e-13 0)
(1.5 -1.75643e-13 0)
(1.5 -1.42141e-13 0)
(1.5 -1.45693e-13 0)
(1.5 -1.51383e-13 0)
(1.5 -6.89438e-14 0)
(1.5 -9.33119e-15 0)
(1.5 2.34933e-14 0)
(1.5 3.23646e-15 0)
(1.5 -2.9787e-14 0)
(1.5 -1.10653e-13 0)
(1.5 -4.92729e-14 0)
(1.5 -2.30989e-14 0)
(1.5 -4.29783e-14 0)
(1.5 -9.88759e-14 0)
(1.5 -1.43777e-13 0)
(1.5 -6.0651e-14 0)
(1.5 1.63049e-14 0)
(1.5 3.82543e-14 0)
(1.5 7.78022e-14 0)
(1.5 7.50517e-14 0)
(1.5 1.87228e-13 0)
(1.5 2.71929e-13 0)
(1.5 2.85334e-13 0)
(1.5 3.27773e-13 0)
(1.5 3.35191e-13 0)
(1.5 3.33972e-13 0)
(1.5 3.76588e-13 0)
(1.5 4.58701e-13 0)
(1.5 4.63288e-13 0)
(1.5 4.77623e-13 0)
(1.5 3.99009e-13 0)
(1.5 3.2343e-13 0)
(1.5 3.51006e-13 0)
(1.5 3.32764e-13 0)
(1.5 2.25213e-13 0)
(1.5 1.46042e-13 0)
(1.5 6.84324e-14 0)
(1.5 7.42839e-15 0)
(1.5 -7.728e-14 0)
(1.5 -1.35223e-13 0)
(1.5 -2.10444e-13 0)
(1.5 -2.60952e-13 0)
(1.5 -2.56215e-13 0)
(1.5 -2.42741e-13 0)
(1.5 -1.96087e-13 0)
(1.5 -2.34903e-13 0)
(1.5 -3.32269e-13 0)
(1.5 -3.72321e-13 0)
(1.5 -4.06566e-13 0)
(1.5 -3.64852e-13 0)
(1.5 -3.21089e-13 0)
(1.5 -4.05822e-13 0)
(1.5 -3.33507e-13 0)
(1.5 -3.45081e-13 0)
(1.5 -3.77608e-13 0)
(1.5 -3.59762e-13 0)
(1.5 -3.17596e-13 0)
(1.5 -2.51511e-13 0)
(1.5 -2.51174e-13 0)
(1.5 -2.79524e-13 0)
(1.5 -2.37575e-13 0)
(1.5 -1.99632e-13 0)
(1.5 -1.34667e-13 0)
(1.5 -2.23112e-13 0)
(1.5 -2.77857e-13 0)
(1.5 -3.75362e-13 0)
(1.5 -4.80579e-13 0)
(1.5 -4.64302e-13 0)
(1.5 -4.59941e-13 0)
(1.5 -5.0452e-13 0)
(1.5 -4.78712e-13 0)
(1.5 -4.92241e-13 0)
(1.5 -4.65323e-13 0)
(1.5 -4.8249e-13 0)
(1.5 -4.7083e-13 0)
(1.5 -5.10145e-13 0)
(1.5 -5.42384e-13 0)
(1.5 -4.9516e-13 0)
(1.5 -4.47856e-13 0)
(1.5 -4.72658e-13 0)
(1.5 -5.33028e-13 0)
(1.5 -5.10699e-13 0)
(1.5 -4.22422e-13 0)
(1.5 -3.4496e-13 0)
(1.5 -2.80392e-13 0)
(1.5 -2.20558e-13 0)
(1.5 -1.78429e-13 0)
(1.5 -2.69249e-13 0)
(1.5 -4.55709e-13 0)
(1.5 -6.63381e-13 0)
(1.5 -7.82454e-13 0)
(1.5 -8.08019e-13 0)
(1.5 -6.41985e-13 0)
(1.5 -5.74656e-13 0)
(1.5 -4.6156e-13 0)
(1.5 -3.7497e-13 0)
(1.5 -2.69594e-13 0)
(1.5 -1.58493e-13 0)
(1.5 -1.56629e-13 0)
(1.5 -1.25006e-13 0)
(1.5 3.12915e-14 0)
(1.5 2.14882e-13 0)
(1.5 4.49162e-13 0)
(1.5 4.76787e-13 0)
(1.5 3.78938e-13 0)
(1.5 3.81073e-13 0)
(1.5 3.94196e-13 0)
(1.5 3.43886e-13 0)
(1.5 2.39475e-13 0)
(1.5 1.67505e-13 0)
(1.5 1.73647e-13 0)
(1.5 1.7291e-13 0)
(1.5 1.79595e-13 0)
(1.5 1.96988e-13 0)
(1.5 1.9596e-13 0)
(1.5 1.68205e-13 0)
(1.5 1.13778e-13 0)
(1.5 1.16725e-13 0)
(1.5 1.25637e-13 0)
(1.5 1.42945e-13 0)
(1.5 1.37133e-13 0)
(1.5 1.11733e-13 0)
(1.5 1.39725e-13 0)
(1.5 1.34682e-13 0)
(1.5 2.18967e-13 0)
(1.5 3.32137e-13 0)
(1.5 4.15918e-13 0)
(1.5 6.38669e-13 0)
(1.5 7.36548e-13 0)
(1.5 7.42148e-13 0)
(1.5 7.40428e-13 0)
(1.5 8.03764e-13 0)
(1.5 8.14054e-13 0)
(1.5 6.8613e-13 0)
(1.5 6.44786e-13 0)
(1.5 5.65205e-13 0)
(1.5 6.12935e-13 0)
(1.5 6.9687e-13 0)
(1.5 6.40979e-13 0)
(1.5 5.19852e-13 0)
(1.5 4.63112e-13 0)
(1.5 4.13877e-13 0)
(1.5 4.96498e-13 0)
(1.5 5.03795e-13 0)
(1.5 5.47298e-13 0)
(1.5 3.24068e-14 0)
(1.5 -2.25326e-15 0)
(1.5 -1.41356e-14 0)
(1.5 8.38125e-15 0)
(1.5 8.94497e-14 0)
(1.5 6.27799e-14 0)
(1.5 -4.07879e-14 0)
(1.5 -8.12029e-14 0)
(1.5 -1.60406e-15 0)
(1.5 3.96762e-14 0)
(1.5 7.73606e-14 0)
(1.5 1.05634e-13 0)
(1.5 8.63259e-14 0)
(1.5 7.71109e-14 0)
(1.5 4.38885e-14 0)
(1.5 -2.68475e-15 0)
(1.5 3.2353e-14 0)
(1.5 7.26193e-14 0)
(1.5 9.94792e-14 0)
(1.5 9.79797e-14 0)
(1.5 3.11256e-14 0)
(1.5 -7.66878e-15 0)
(1.5 -5.54999e-15 0)
(1.5 -7.36372e-14 0)
(1.5 -3.33275e-14 0)
(1.5 -8.7037e-14 0)
(1.5 -1.33175e-13 0)
(1.5 -8.38454e-14 0)
(1.5 -8.18831e-14 0)
(1.5 -7.6307e-14 0)
(1.5 -3.03324e-14 0)
(1.5 -4.48793e-14 0)
(1.5 -9.24023e-15 0)
(1.5 -6.49978e-16 0)
(1.5 -1.48279e-14 0)
(1.5 -1.22467e-14 0)
(1.5 -1.82991e-14 0)
(1.5 -4.82572e-14 0)
(1.5 -4.04838e-14 0)
(1.5 -1.1104e-13 0)
(1.5 -7.47113e-14 0)
(1.5 -9.19898e-14 0)
(1.5 -1.42166e-13 0)
(1.5 -8.19881e-14 0)
(1.5 -3.53998e-14 0)
(1.5 8.48302e-15 0)
(1.5 -4.83228e-15 0)
(1.5 -4.27198e-14 0)
(1.5 -1.63727e-13 0)
(1.5 -2.18384e-13 0)
(1.5 -2.19429e-13 0)
(1.5 -2.25057e-13 0)
(1.5 -1.70728e-13 0)
(1.5 -1.86815e-13 0)
(1.5 -1.87265e-13 0)
(1.5 -1.79096e-13 0)
(1.5 -8.59147e-14 0)
(1.5 -6.96256e-14 0)
(1.5 -5.11193e-14 0)
(1.5 -1.85303e-14 0)
(1.5 -4.0743e-15 0)
(1.5 3.665e-14 0)
(1.5 5.07688e-14 0)
(1.5 6.32699e-14 0)
(1.5 1.48262e-16 0)
(1.5 -6.32418e-15 0)
(1.5 3.17238e-14 0)
(1.5 -2.4288e-14 0)
(1.5 -3.45091e-14 0)
(1.5 -1.40438e-14 0)
(1.5 -1.17556e-14 0)
(1.5 2.49792e-14 0)
(1.5 9.34102e-14 0)
(1.5 1.08467e-13 0)
(1.5 9.7781e-14 0)
(1.5 2.12881e-13 0)
(1.5 2.47483e-13 0)
(1.5 2.7609e-13 0)
(1.5 3.36849e-13 0)
(1.5 3.73935e-13 0)
(1.5 4.37474e-13 0)
(1.5 4.62814e-13 0)
(1.5 4.91739e-13 0)
(1.5 5.2244e-13 0)
(1.5 5.42907e-13 0)
(1.5 4.46579e-13 0)
(1.5 3.51127e-13 0)
(1.5 4.02451e-13 0)
(1.5 3.62205e-13 0)
(1.5 2.52994e-13 0)
(1.5 1.5573e-13 0)
(1.5 2.22508e-14 0)
(1.5 -9.13675e-14 0)
(1.5 -1.69921e-13 0)
(1.5 -2.86711e-13 0)
(1.5 -3.03322e-13 0)
(1.5 -3.2072e-13 0)
(1.5 -2.48294e-13 0)
(1.5 -2.09332e-13 0)
(1.5 -1.59427e-13 0)
(1.5 -1.46968e-13 0)
(1.5 -1.81147e-13 0)
(1.5 -1.98786e-13 0)
(1.5 -2.09008e-13 0)
(1.5 -2.53627e-13 0)
(1.5 -2.94462e-13 0)
(1.5 -3.57858e-13 0)
(1.5 -3.33764e-13 0)
(1.5 -2.77232e-13 0)
(1.5 -2.50299e-13 0)
(1.5 -2.10998e-13 0)
(1.5 -1.67235e-13 0)
(1.5 -1.89171e-13 0)
(1.5 -2.60067e-13 0)
(1.5 -2.60251e-13 0)
(1.5 -1.43575e-13 0)
(1.5 -8.85421e-14 0)
(1.5 -3.45946e-14 0)
(1.5 -8.26931e-14 0)
(1.5 -1.63547e-13 0)
(1.5 -2.38225e-13 0)
(1.5 -3.58323e-13 0)
(1.5 -3.75373e-13 0)
(1.5 -3.62884e-13 0)
(1.5 -4.1524e-13 0)
(1.5 -4.28074e-13 0)
(1.5 -3.76816e-13 0)
(1.5 -3.93274e-13 0)
(1.5 -3.9583e-13 0)
(1.5 -3.92874e-13 0)
(1.5 -3.96166e-13 0)
(1.5 -4.53208e-13 0)
(1.5 -5.46212e-13 0)
(1.5 -4.92108e-13 0)
(1.5 -4.37573e-13 0)
(1.5 -4.21303e-13 0)
(1.5 -4.23211e-13 0)
(1.5 -4.76322e-13 0)
(1.5 -4.69358e-13 0)
(1.5 -4.51294e-13 0)
(1.5 -3.45584e-13 0)
(1.5 -3.09965e-13 0)
(1.5 -4.28223e-13 0)
(1.5 -5.18806e-13 0)
(1.5 -6.82207e-13 0)
(1.5 -7.33591e-13 0)
(1.5 -6.67163e-13 0)
(1.5 -6.79066e-13 0)
(1.5 -5.4825e-13 0)
(1.5 -4.10618e-13 0)
(1.5 -2.91875e-13 0)
(1.5 -2.63637e-13 0)
(1.5 -2.8935e-13 0)
(1.5 -2.57225e-13 0)
(1.5 -1.06338e-13 0)
(1.5 1.76413e-13 0)
(1.5 3.90982e-13 0)
(1.5 6.23956e-13 0)
(1.5 6.28247e-13 0)
(1.5 5.44994e-13 0)
(1.5 5.08999e-13 0)
(1.5 3.6627e-13 0)
(1.5 2.18173e-13 0)
(1.5 1.51909e-13 0)
(1.5 1.23993e-13 0)
(1.5 1.80282e-13 0)
(1.5 8.85416e-14 0)
(1.5 -1.53296e-14 0)
(1.5 2.75605e-14 0)
(1.5 4.66465e-15 0)
(1.5 -9.14162e-15 0)
(1.5 1.58337e-14 0)
(1.5 6.58105e-14 0)
(1.5 1.40289e-13 0)
(1.5 1.6011e-13 0)
(1.5 1.60983e-13 0)
(1.5 1.39282e-13 0)
(1.5 1.64434e-13 0)
(1.5 2.50796e-13 0)
(1.5 3.75318e-13 0)
(1.5 4.62123e-13 0)
(1.5 5.25844e-13 0)
(1.5 6.66774e-13 0)
(1.5 7.38871e-13 0)
(1.5 7.72464e-13 0)
(1.5 8.16776e-13 0)
(1.5 8.92252e-13 0)
(1.5 8.83629e-13 0)
(1.5 7.39931e-13 0)
(1.5 7.02409e-13 0)
(1.5 7.02692e-13 0)
(1.5 7.15378e-13 0)
(1.5 8.27679e-13 0)
(1.5 7.28064e-13 0)
(1.5 6.48744e-13 0)
(1.5 6.14543e-13 0)
(1.5 5.74104e-13 0)
(1.5 5.66485e-13 0)
(1.5 5.04668e-13 0)
(1.5 4.9573e-13 0)
(1.5 6.10469e-14 0)
(1.5 1.00704e-13 0)
(1.5 1.11797e-13 0)
(1.5 1.50186e-13 0)
(1.5 1.44056e-13 0)
(1.5 5.99975e-14 0)
(1.5 -2.91023e-14 0)
(1.5 -2.13272e-14 0)
(1.5 1.19052e-13 0)
(1.5 1.55519e-13 0)
(1.5 2.02798e-13 0)
(1.5 2.05777e-13 0)
(1.5 1.00258e-13 0)
(1.5 6.45167e-14 0)
(1.5 3.93217e-14 0)
(1.5 -1.73484e-14 0)
(1.5 4.78616e-14 0)
(1.5 5.41346e-14 0)
(1.5 1.27557e-13 0)
(1.5 1.26336e-13 0)
(1.5 1.41553e-13 0)
(1.5 1.45254e-13 0)
(1.5 5.31197e-14 0)
(1.5 2.67877e-14 0)
(1.5 7.64788e-15 0)
(1.5 -4.60737e-14 0)
(1.5 -7.56692e-14 0)
(1.5 -3.48015e-14 0)
(1.5 -7.94426e-15 0)
(1.5 2.23767e-14 0)
(1.5 -1.48946e-14 0)
(1.5 -4.17474e-15 0)
(1.5 3.82025e-14 0)
(1.5 7.75637e-15 0)
(1.5 -2.01846e-14 0)
(1.5 -5.53439e-14 0)
(1.5 1.79345e-14 0)
(1.5 2.15731e-14 0)
(1.5 -3.59148e-14 0)
(1.5 -7.69472e-14 0)
(1.5 -2.36707e-15 0)
(1.5 -3.54242e-14 0)
(1.5 -1.15427e-13 0)
(1.5 -7.50821e-14 0)
(1.5 -9.27071e-14 0)
(1.5 -6.63558e-14 0)
(1.5 -1.10477e-13 0)
(1.5 -1.82813e-13 0)
(1.5 -2.35011e-13 0)
(1.5 -1.89937e-13 0)
(1.5 -1.4536e-13 0)
(1.5 -1.75822e-13 0)
(1.5 -1.72627e-13 0)
(1.5 -1.7955e-13 0)
(1.5 -1.56488e-13 0)
(1.5 -1.52562e-13 0)
(1.5 -9.09362e-14 0)
(1.5 -7.67912e-14 0)
(1.5 4.63504e-15 0)
(1.5 -2.19289e-14 0)
(1.5 -3.92287e-14 0)
(1.5 -1.4196e-14 0)
(1.5 1.91843e-14 0)
(1.5 6.04827e-14 0)
(1.5 4.89265e-14 0)
(1.5 -1.06128e-14 0)
(1.5 7.75863e-15 0)
(1.5 4.31449e-15 0)
(1.5 3.17975e-14 0)
(1.5 1.18391e-13 0)
(1.5 1.28719e-13 0)
(1.5 1.41956e-13 0)
(1.5 1.62597e-13 0)
(1.5 1.5946e-13 0)
(1.5 1.99401e-13 0)
(1.5 2.06972e-13 0)
(1.5 2.01866e-13 0)
(1.5 2.23439e-13 0)
(1.5 3.16357e-13 0)
(1.5 3.83048e-13 0)
(1.5 4.45822e-13 0)
(1.5 4.694e-13 0)
(1.5 4.39236e-13 0)
(1.5 5.20262e-13 0)
(1.5 5.38466e-13 0)
(1.5 5.0722e-13 0)
(1.5 4.84009e-13 0)
(1.5 4.68015e-13 0)
(1.5 4.049e-13 0)
(1.5 3.51945e-13 0)
(1.5 3.1318e-13 0)
(1.5 2.0719e-13 0)
(1.5 6.47575e-14 0)
(1.5 -8.46891e-14 0)
(1.5 -2.09298e-13 0)
(1.5 -2.55911e-13 0)
(1.5 -2.65515e-13 0)
(1.5 -1.53297e-13 0)
(1.5 -1.1599e-13 0)
(1.5 -1.37158e-13 0)
(1.5 -7.1329e-14 0)
(1.5 -2.24907e-14 0)
(1.5 -3.03251e-14 0)
(1.5 -9.64537e-14 0)
(1.5 -2.29278e-13 0)
(1.5 -2.89446e-13 0)
(1.5 -2.79347e-13 0)
(1.5 -2.91972e-13 0)
(1.5 -2.54356e-13 0)
(1.5 -1.49399e-13 0)
(1.5 -1.15821e-13 0)
(1.5 -1.75884e-13 0)
(1.5 -2.18846e-13 0)
(1.5 -2.28116e-13 0)
(1.5 -2.1773e-13 0)
(1.5 -1.62665e-13 0)
(1.5 -1.90497e-13 0)
(1.5 -2.11832e-13 0)
(1.5 -2.17934e-13 0)
(1.5 -2.73627e-13 0)
(1.5 -3.45923e-13 0)
(1.5 -4.12038e-13 0)
(1.5 -3.76054e-13 0)
(1.5 -4.23981e-13 0)
(1.5 -4.7644e-13 0)
(1.5 -4.59109e-13 0)
(1.5 -3.9332e-13 0)
(1.5 -4.27557e-13 0)
(1.5 -4.57573e-13 0)
(1.5 -4.75416e-13 0)
(1.5 -4.06257e-13 0)
(1.5 -4.6173e-13 0)
(1.5 -6.00734e-13 0)
(1.5 -6.01567e-13 0)
(1.5 -5.14347e-13 0)
(1.5 -3.74905e-13 0)
(1.5 -3.72471e-13 0)
(1.5 -5.63389e-13 0)
(1.5 -6.27796e-13 0)
(1.5 -6.39345e-13 0)
(1.5 -5.42171e-13 0)
(1.5 -5.19332e-13 0)
(1.5 -6.24198e-13 0)
(1.5 -6.90611e-13 0)
(1.5 -7.14327e-13 0)
(1.5 -6.70196e-13 0)
(1.5 -5.73142e-13 0)
(1.5 -6.97061e-13 0)
(1.5 -6.51042e-13 0)
(1.5 -5.8438e-13 0)
(1.5 -4.86914e-13 0)
(1.5 -4.40214e-13 0)
(1.5 -4.31067e-13 0)
(1.5 -2.96816e-13 0)
(1.5 -1.43768e-13 0)
(1.5 1.158e-13 0)
(1.5 3.28426e-13 0)
(1.5 5.20768e-13 0)
(1.5 5.57759e-13 0)
(1.5 5.40566e-13 0)
(1.5 5.22745e-13 0)
(1.5 4.40549e-13 0)
(1.5 3.10492e-13 0)
(1.5 2.48817e-13 0)
(1.5 2.12184e-13 0)
(1.5 1.84676e-13 0)
(1.5 5.76221e-14 0)
(1.5 1.75988e-14 0)
(1.5 -3.16698e-14 0)
(1.5 -1.08316e-13 0)
(1.5 -1.75195e-13 0)
(1.5 -1.33882e-13 0)
(1.5 1.91573e-14 0)
(1.5 1.8293e-13 0)
(1.5 2.31607e-13 0)
(1.5 2.53213e-13 0)
(1.5 2.20596e-13 0)
(1.5 2.87645e-13 0)
(1.5 3.50313e-13 0)
(1.5 4.61645e-13 0)
(1.5 5.85858e-13 0)
(1.5 6.61149e-13 0)
(1.5 7.67123e-13 0)
(1.5 7.82752e-13 0)
(1.5 7.92311e-13 0)
(1.5 8.34031e-13 0)
(1.5 8.95246e-13 0)
(1.5 8.64232e-13 0)
(1.5 7.93444e-13 0)
(1.5 7.95676e-13 0)
(1.5 8.08095e-13 0)
(1.5 8.38598e-13 0)
(1.5 8.44512e-13 0)
(1.5 7.15609e-13 0)
(1.5 6.70627e-13 0)
(1.5 6.10242e-13 0)
(1.5 5.74362e-13 0)
(1.5 5.39017e-13 0)
(1.5 5.43088e-13 0)
(1.5 5.38266e-13 0)
(1.5 1.53641e-14 0)
(1.5 1.16299e-13 0)
(1.5 1.81155e-13 0)
(1.5 1.76226e-13 0)
(1.5 1.60995e-13 0)
(1.5 1.35484e-13 0)
(1.5 1.65192e-13 0)
(1.5 2.16897e-13 0)
(1.5 2.37041e-13 0)
(1.5 2.23393e-13 0)
(1.5 2.05266e-13 0)
(1.5 1.71278e-13 0)
(1.5 9.61829e-14 0)
(1.5 9.16504e-15 0)
(1.5 1.31061e-14 0)
(1.5 1.73628e-14 0)
(1.5 1.49551e-14 0)
(1.5 -3.31989e-14 0)
(1.5 8.34501e-14 0)
(1.5 7.56726e-14 0)
(1.5 1.23493e-13 0)
(1.5 1.60903e-13 0)
(1.5 1.23363e-13 0)
(1.5 1.09171e-13 0)
(1.5 3.09397e-14 0)
(1.5 -3.84411e-14 0)
(1.5 -2.19927e-14 0)
(1.5 -2.63513e-14 0)
(1.5 -3.59167e-14 0)
(1.5 -1.37103e-14 0)
(1.5 -3.7938e-16 0)
(1.5 5.66418e-14 0)
(1.5 4.29117e-15 0)
(1.5 -1.60522e-14 0)
(1.5 -1.10239e-14 0)
(1.5 1.22857e-14 0)
(1.5 4.27987e-14 0)
(1.5 1.12355e-13 0)
(1.5 4.85034e-14 0)
(1.5 2.7116e-14 0)
(1.5 1.09033e-14 0)
(1.5 2.69855e-14 0)
(1.5 2.51841e-15 0)
(1.5 -4.97124e-14 0)
(1.5 -1.15166e-13 0)
(1.5 -1.93826e-13 0)
(1.5 -2.20144e-13 0)
(1.5 -2.69665e-13 0)
(1.5 -2.03859e-13 0)
(1.5 -1.21304e-13 0)
(1.5 -8.47634e-14 0)
(1.5 -4.64383e-14 0)
(1.5 -4.21249e-14 0)
(1.5 -7.48278e-14 0)
(1.5 -7.48472e-14 0)
(1.5 -8.57564e-14 0)
(1.5 -9.98349e-14 0)
(1.5 -1.10238e-13 0)
(1.5 -5.498e-14 0)
(1.5 -3.7585e-14 0)
(1.5 -5.32158e-14 0)
(1.5 -5.79803e-14 0)
(1.5 2.10588e-14 0)
(1.5 6.30737e-14 0)
(1.5 4.98307e-14 0)
(1.5 5.10245e-14 0)
(1.5 -6.0659e-16 0)
(1.5 -1.18445e-14 0)
(1.5 1.03703e-13 0)
(1.5 2.00138e-13 0)
(1.5 2.21661e-13 0)
(1.5 2.11982e-13 0)
(1.5 1.97182e-13 0)
(1.5 2.26834e-13 0)
(1.5 2.60527e-13 0)
(1.5 2.10051e-13 0)
(1.5 1.85452e-13 0)
(1.5 2.53956e-13 0)
(1.5 2.75933e-13 0)
(1.5 3.12102e-13 0)
(1.5 3.44579e-13 0)
(1.5 3.99821e-13 0)
(1.5 4.70278e-13 0)
(1.5 5.17556e-13 0)
(1.5 5.22995e-13 0)
(1.5 4.74269e-13 0)
(1.5 4.29634e-13 0)
(1.5 4.44037e-13 0)
(1.5 4.82084e-13 0)
(1.5 4.18675e-13 0)
(1.5 4.42192e-13 0)
(1.5 4.25762e-13 0)
(1.5 3.47299e-13 0)
(1.5 1.86566e-13 0)
(1.5 5.0502e-14 0)
(1.5 -3.56098e-14 0)
(1.5 -9.3969e-14 0)
(1.5 -5.48417e-14 0)
(1.5 -7.16475e-14 0)
(1.5 -1.3504e-13 0)
(1.5 -1.10743e-13 0)
(1.5 -2.57441e-15 0)
(1.5 1.7234e-14 0)
(1.5 -4.68409e-14 0)
(1.5 -1.46082e-13 0)
(1.5 -1.76525e-13 0)
(1.5 -1.77145e-13 0)
(1.5 -1.1782e-13 0)
(1.5 -1.44268e-13 0)
(1.5 -1.37127e-13 0)
(1.5 -1.80571e-13 0)
(1.5 -2.29353e-13 0)
(1.5 -2.13252e-13 0)
(1.5 -1.29818e-13 0)
(1.5 -5.70005e-14 0)
(1.5 -8.92863e-14 0)
(1.5 -2.22906e-13 0)
(1.5 -3.11056e-13 0)
(1.5 -3.14627e-13 0)
(1.5 -3.36918e-13 0)
(1.5 -3.71516e-13 0)
(1.5 -3.28811e-13 0)
(1.5 -2.53031e-13 0)
(1.5 -3.72977e-13 0)
(1.5 -4.07693e-13 0)
(1.5 -4.03157e-13 0)
(1.5 -3.84699e-13 0)
(1.5 -3.98719e-13 0)
(1.5 -4.78334e-13 0)
(1.5 -5.09587e-13 0)
(1.5 -4.77893e-13 0)
(1.5 -5.81935e-13 0)
(1.5 -7.18884e-13 0)
(1.5 -7.49044e-13 0)
(1.5 -6.81327e-13 0)
(1.5 -5.70014e-13 0)
(1.5 -5.19076e-13 0)
(1.5 -6.01443e-13 0)
(1.5 -6.31863e-13 0)
(1.5 -6.80173e-13 0)
(1.5 -6.60631e-13 0)
(1.5 -6.42233e-13 0)
(1.5 -7.62158e-13 0)
(1.5 -7.99543e-13 0)
(1.5 -7.29951e-13 0)
(1.5 -7.78766e-13 0)
(1.5 -7.41044e-13 0)
(1.5 -8.1718e-13 0)
(1.5 -8.40599e-13 0)
(1.5 -8.56177e-13 0)
(1.5 -8.39134e-13 0)
(1.5 -7.65491e-13 0)
(1.5 -6.60894e-13 0)
(1.5 -3.86468e-13 0)
(1.5 -1.76425e-13 0)
(1.5 -8.71557e-14 0)
(1.5 1.38497e-13 0)
(1.5 2.04762e-13 0)
(1.5 2.14675e-13 0)
(1.5 1.85747e-13 0)
(1.5 1.8213e-13 0)
(1.5 2.711e-13 0)
(1.5 3.10817e-13 0)
(1.5 2.65692e-13 0)
(1.5 2.04426e-13 0)
(1.5 5.00128e-14 0)
(1.5 5.06486e-14 0)
(1.5 1.26434e-13 0)
(1.5 6.60071e-14 0)
(1.5 -3.43636e-14 0)
(1.5 -1.04427e-13 0)
(1.5 -1.02542e-13 0)
(1.5 1.7015e-14 0)
(1.5 2.52198e-13 0)
(1.5 3.01167e-13 0)
(1.5 3.6804e-13 0)
(1.5 4.79901e-13 0)
(1.5 5.11529e-13 0)
(1.5 5.13127e-13 0)
(1.5 5.57757e-13 0)
(1.5 5.49194e-13 0)
(1.5 6.42972e-13 0)
(1.5 7.89336e-13 0)
(1.5 8.94878e-13 0)
(1.5 9.22119e-13 0)
(1.5 8.97103e-13 0)
(1.5 9.01471e-13 0)
(1.5 9.42197e-13 0)
(1.5 9.32424e-13 0)
(1.5 9.08397e-13 0)
(1.5 8.23522e-13 0)
(1.5 8.15497e-13 0)
(1.5 7.61778e-13 0)
(1.5 7.55936e-13 0)
(1.5 7.07525e-13 0)
(1.5 5.92164e-13 0)
(1.5 5.89927e-13 0)
(1.5 6.03557e-13 0)
(1.5 6.83175e-13 0)
(1.5 6.5173e-13 0)
(1.5 -1.97293e-14 0)
(1.5 5.56568e-14 0)
(1.5 1.63793e-13 0)
(1.5 1.02535e-13 0)
(1.5 8.06153e-14 0)
(1.5 1.05195e-13 0)
(1.5 1.59747e-13 0)
(1.5 1.93593e-13 0)
(1.5 1.19734e-13 0)
(1.5 6.42476e-14 0)
(1.5 -2.42079e-15 0)
(1.5 -7.52239e-14 0)
(1.5 -7.4397e-14 0)
(1.5 -7.71796e-14 0)
(1.5 -5.06522e-14 0)
(1.5 -4.37112e-14 0)
(1.5 -7.35753e-14 0)
(1.5 -1.32963e-14 0)
(1.5 4.482e-14 0)
(1.5 3.82393e-14 0)
(1.5 4.51614e-14 0)
(1.5 2.49671e-14 0)
(1.5 7.56595e-14 0)
(1.5 4.52998e-15 0)
(1.5 -7.00755e-14 0)
(1.5 -8.69371e-14 0)
(1.5 -7.87698e-14 0)
(1.5 -1.25911e-13 0)
(1.5 -1.46262e-13 0)
(1.5 -9.21252e-14 0)
(1.5 -4.95996e-14 0)
(1.5 -3.38401e-14 0)
(1.5 -9.52598e-14 0)
(1.5 -5.19526e-14 0)
(1.5 -2.76683e-14 0)
(1.5 -1.07041e-14 0)
(1.5 3.14754e-14 0)
(1.5 1.1825e-13 0)
(1.5 1.09378e-13 0)
(1.5 8.90658e-14 0)
(1.5 -1.58481e-14 0)
(1.5 -1.46263e-14 0)
(1.5 -5.37211e-14 0)
(1.5 -1.0822e-13 0)
(1.5 -1.29515e-13 0)
(1.5 -2.39065e-13 0)
(1.5 -2.48663e-13 0)
(1.5 -2.23279e-13 0)
(1.5 -1.85631e-13 0)
(1.5 -1.01398e-13 0)
(1.5 -3.89376e-14 0)
(1.5 -2.60805e-14 0)
(1.5 -2.40117e-14 0)
(1.5 -2.37816e-14 0)
(1.5 -3.07245e-14 0)
(1.5 -1.00747e-13 0)
(1.5 -1.23236e-13 0)
(1.5 -1.0036e-13 0)
(1.5 -1.46082e-13 0)
(1.5 -8.00665e-14 0)
(1.5 -6.75946e-14 0)
(1.5 -6.34855e-14 0)
(1.5 -4.2799e-15 0)
(1.5 1.55683e-14 0)
(1.5 1.23775e-14 0)
(1.5 -2.27168e-14 0)
(1.5 -4.43374e-14 0)
(1.5 -3.55722e-14 0)
(1.5 8.76948e-14 0)
(1.5 1.8133e-13 0)
(1.5 1.76533e-13 0)
(1.5 1.48003e-13 0)
(1.5 1.75935e-13 0)
(1.5 2.56871e-13 0)
(1.5 2.29176e-13 0)
(1.5 1.41029e-13 0)
(1.5 1.22008e-13 0)
(1.5 2.31288e-13 0)
(1.5 2.26234e-13 0)
(1.5 2.2339e-13 0)
(1.5 2.98905e-13 0)
(1.5 4.17582e-13 0)
(1.5 5.21543e-13 0)
(1.5 4.84689e-13 0)
(1.5 4.59045e-13 0)
(1.5 4.22891e-13 0)
(1.5 3.20614e-13 0)
(1.5 3.80528e-13 0)
(1.5 4.37838e-13 0)
(1.5 4.035e-13 0)
(1.5 4.22156e-13 0)
(1.5 4.43449e-13 0)
(1.5 4.43887e-13 0)
(1.5 3.65517e-13 0)
(1.5 2.2846e-13 0)
(1.5 1.25766e-13 0)
(1.5 -1.72787e-14 0)
(1.5 -9.2442e-14 0)
(1.5 -8.46266e-14 0)
(1.5 -1.14282e-13 0)
(1.5 -1.14589e-13 0)
(1.5 -8.31185e-14 0)
(1.5 -7.18931e-14 0)
(1.5 -1.71198e-13 0)
(1.5 -2.25109e-13 0)
(1.5 -1.91547e-13 0)
(1.5 -1.88435e-13 0)
(1.5 -9.64519e-14 0)
(1.5 -7.35947e-14 0)
(1.5 -1.19959e-13 0)
(1.5 -1.39755e-13 0)
(1.5 -1.28451e-13 0)
(1.5 -1.68337e-13 0)
(1.5 -1.22803e-13 0)
(1.5 -5.43987e-14 0)
(1.5 -8.65841e-14 0)
(1.5 -1.53592e-13 0)
(1.5 -2.22366e-13 0)
(1.5 -1.93837e-13 0)
(1.5 -1.96445e-13 0)
(1.5 -2.43501e-13 0)
(1.5 -1.78513e-13 0)
(1.5 -2.58205e-13 0)
(1.5 -3.07333e-13 0)
(1.5 -2.74326e-13 0)
(1.5 -2.75389e-13 0)
(1.5 -3.09883e-13 0)
(1.5 -3.33983e-13 0)
(1.5 -4.06269e-13 0)
(1.5 -4.83064e-13 0)
(1.5 -5.16178e-13 0)
(1.5 -6.25943e-13 0)
(1.5 -7.32086e-13 0)
(1.5 -7.46629e-13 0)
(1.5 -6.59021e-13 0)
(1.5 -6.42362e-13 0)
(1.5 -6.29432e-13 0)
(1.5 -6.13415e-13 0)
(1.5 -6.43508e-13 0)
(1.5 -6.80989e-13 0)
(1.5 -7.31605e-13 0)
(1.5 -7.201e-13 0)
(1.5 -8.25191e-13 0)
(1.5 -8.34873e-13 0)
(1.5 -7.87879e-13 0)
(1.5 -8.3384e-13 0)
(1.5 -8.14475e-13 0)
(1.5 -8.23456e-13 0)
(1.5 -9.14238e-13 0)
(1.5 -9.41863e-13 0)
(1.5 -9.57211e-13 0)
(1.5 -8.18107e-13 0)
(1.5 -8.02304e-13 0)
(1.5 -6.14029e-13 0)
(1.5 -3.35996e-13 0)
(1.5 -1.98209e-13 0)
(1.5 -1.61105e-14 0)
(1.5 -6.40338e-14 0)
(1.5 -8.67881e-14 0)
(1.5 -1.0418e-13 0)
(1.5 -1.44302e-13 0)
(1.5 -4.81476e-14 0)
(1.5 8.53327e-14 0)
(1.5 1.11563e-13 0)
(1.5 3.82577e-14 0)
(1.5 -7.51904e-14 0)
(1.5 -1.48233e-14 0)
(1.5 3.20537e-14 0)
(1.5 2.1309e-14 0)
(1.5 -3.59288e-14 0)
(1.5 -7.27664e-14 0)
(1.5 -6.95219e-14 0)
(1.5 -6.16735e-15 0)
(1.5 1.78503e-13 0)
(1.5 2.90121e-13 0)
(1.5 4.05449e-13 0)
(1.5 5.31343e-13 0)
(1.5 5.32131e-13 0)
(1.5 5.57854e-13 0)
(1.5 5.31981e-13 0)
(1.5 5.09123e-13 0)
(1.5 6.31761e-13 0)
(1.5 7.2819e-13 0)
(1.5 8.16113e-13 0)
(1.5 8.64229e-13 0)
(1.5 8.43665e-13 0)
(1.5 8.31375e-13 0)
(1.5 8.80534e-13 0)
(1.5 8.78056e-13 0)
(1.5 8.36767e-13 0)
(1.5 7.45593e-13 0)
(1.5 6.84318e-13 0)
(1.5 6.61927e-13 0)
(1.5 6.78069e-13 0)
(1.5 6.58329e-13 0)
(1.5 6.67556e-13 0)
(1.5 6.63781e-13 0)
(1.5 6.68416e-13 0)
(1.5 6.27911e-13 0)
(1.5 6.01169e-13 0)
(1.5 -2.50293e-14 0)
(1.5 1.95199e-14 0)
(1.5 4.38375e-14 0)
(1.5 3.55511e-14 0)
(1.5 -8.72751e-15 0)
(1.5 9.3669e-14 0)
(1.5 2.104e-13 0)
(1.5 2.00096e-13 0)
(1.5 1.7683e-13 0)
(1.5 1.10924e-13 0)
(1.5 -2.13963e-14 0)
(1.5 -8.28954e-14 0)
(1.5 -7.19917e-14 0)
(1.5 -7.69706e-14 0)
(1.5 -3.41979e-14 0)
(1.5 -4.39505e-14 0)
(1.5 -6.80186e-14 0)
(1.5 2.17562e-14 0)
(1.5 4.99356e-14 0)
(1.5 9.08212e-14 0)
(1.5 9.64982e-15 0)
(1.5 9.17544e-16 0)
(1.5 1.89954e-14 0)
(1.5 -5.98187e-14 0)
(1.5 -1.1552e-13 0)
(1.5 -1.1123e-13 0)
(1.5 -8.37816e-14 0)
(1.5 -1.02011e-13 0)
(1.5 -1.09012e-13 0)
(1.5 -9.35324e-14 0)
(1.5 -1.14073e-13 0)
(1.5 -1.05945e-13 0)
(1.5 -1.31452e-13 0)
(1.5 -7.94991e-14 0)
(1.5 -6.6731e-14 0)
(1.5 -8.24316e-14 0)
(1.5 -3.4705e-14 0)
(1.5 -9.44939e-15 0)
(1.5 2.58707e-14 0)
(1.5 8.51347e-14 0)
(1.5 3.68504e-14 0)
(1.5 -1.12124e-14 0)
(1.5 -9.5543e-14 0)
(1.5 -1.05206e-13 0)
(1.5 -1.53792e-13 0)
(1.5 -2.00003e-13 0)
(1.5 -1.78708e-13 0)
(1.5 -1.50609e-13 0)
(1.5 -1.2872e-13 0)
(1.5 -1.34095e-13 0)
(1.5 -8.1271e-14 0)
(1.5 -6.73018e-14 0)
(1.5 -7.02389e-14 0)
(1.5 -9.60472e-15 0)
(1.5 -1.432e-14 0)
(1.5 -5.5436e-14 0)
(1.5 -1.13064e-13 0)
(1.5 -9.00317e-14 0)
(1.5 -1.14832e-13 0)
(1.5 -1.0126e-13 0)
(1.5 -7.88601e-14 0)
(1.5 -5.97404e-14 0)
(1.5 -4.28529e-14 0)
(1.5 -8.41919e-14 0)
(1.5 -7.78157e-14 0)
(1.5 -1.25266e-13 0)
(1.5 -1.56732e-13 0)
(1.5 -9.0553e-14 0)
(1.5 9.95351e-15 0)
(1.5 4.86502e-14 0)
(1.5 7.96125e-14 0)
(1.5 7.15335e-14 0)
(1.5 1.82194e-13 0)
(1.5 2.72004e-13 0)
(1.5 2.18849e-13 0)
(1.5 1.58523e-13 0)
(1.5 1.6648e-13 0)
(1.5 1.94229e-13 0)
(1.5 2.11985e-13 0)
(1.5 2.11212e-13 0)
(1.5 2.47089e-13 0)
(1.5 3.19775e-13 0)
(1.5 3.54e-13 0)
(1.5 3.43493e-13 0)
(1.5 3.23212e-13 0)
(1.5 3.23787e-13 0)
(1.5 2.74549e-13 0)
(1.5 2.5846e-13 0)
(1.5 3.11443e-13 0)
(1.5 3.44872e-13 0)
(1.5 3.63412e-13 0)
(1.5 4.00819e-13 0)
(1.5 3.66466e-13 0)
(1.5 3.43937e-13 0)
(1.5 2.61781e-13 0)
(1.5 1.39661e-13 0)
(1.5 -1.97004e-14 0)
(1.5 -1.1516e-13 0)
(1.5 -1.57451e-13 0)
(1.5 -1.60847e-13 0)
(1.5 -1.68648e-13 0)
(1.5 -1.89982e-13 0)
(1.5 -1.83061e-13 0)
(1.5 -2.30719e-13 0)
(1.5 -2.14201e-13 0)
(1.5 -1.81058e-13 0)
(1.5 -1.88562e-13 0)
(1.5 -1.59805e-13 0)
(1.5 -1.27487e-13 0)
(1.5 -8.81845e-14 0)
(1.5 1.24704e-14 0)
(1.5 1.90855e-14 0)
(1.5 -6.58464e-14 0)
(1.5 -9.94669e-14 0)
(1.5 -1.10113e-13 0)
(1.5 -1.19682e-13 0)
(1.5 -1.38852e-13 0)
(1.5 -1.31461e-13 0)
(1.5 -6.82682e-14 0)
(1.5 -8.25793e-14 0)
(1.5 -9.54382e-14 0)
(1.5 -1.12394e-13 0)
(1.5 -2.81677e-13 0)
(1.5 -2.58269e-13 0)
(1.5 -2.27748e-13 0)
(1.5 -2.12399e-13 0)
(1.5 -3.10663e-13 0)
(1.5 -3.39816e-13 0)
(1.5 -2.98304e-13 0)
(1.5 -4.03761e-13 0)
(1.5 -5.40126e-13 0)
(1.5 -5.91975e-13 0)
(1.5 -6.37025e-13 0)
(1.5 -6.94635e-13 0)
(1.5 -6.29593e-13 0)
(1.5 -5.4734e-13 0)
(1.5 -6.10623e-13 0)
(1.5 -6.99661e-13 0)
(1.5 -7.77738e-13 0)
(1.5 -7.62986e-13 0)
(1.5 -7.49476e-13 0)
(1.5 -7.3845e-13 0)
(1.5 -8.45361e-13 0)
(1.5 -8.81362e-13 0)
(1.5 -8.93108e-13 0)
(1.5 -8.08032e-13 0)
(1.5 -8.31093e-13 0)
(1.5 -8.50771e-13 0)
(1.5 -9.43362e-13 0)
(1.5 -9.10948e-13 0)
(1.5 -8.1078e-13 0)
(1.5 -7.45736e-13 0)
(1.5 -8.89089e-13 0)
(1.5 -8.34773e-13 0)
(1.5 -6.26076e-13 0)
(1.5 -4.82078e-13 0)
(1.5 -3.88664e-13 0)
(1.5 -3.99418e-13 0)
(1.5 -3.61127e-13 0)
(1.5 -2.56627e-13 0)
(1.5 -2.65924e-13 0)
(1.5 -2.40921e-13 0)
(1.5 -1.59657e-13 0)
(1.5 -3.55787e-14 0)
(1.5 -3.08929e-14 0)
(1.5 -2.92935e-14 0)
(1.5 -9.59761e-14 0)
(1.5 -1.88758e-13 0)
(1.5 -1.38628e-13 0)
(1.5 -1.09299e-13 0)
(1.5 -1.47609e-13 0)
(1.5 -1.06134e-13 0)
(1.5 -4.00166e-14 0)
(1.5 8.56271e-14 0)
(1.5 2.75326e-13 0)
(1.5 3.73076e-13 0)
(1.5 4.57867e-13 0)
(1.5 5.42379e-13 0)
(1.5 6.20402e-13 0)
(1.5 5.80082e-13 0)
(1.5 5.95859e-13 0)
(1.5 6.10854e-13 0)
(1.5 6.40366e-13 0)
(1.5 6.98104e-13 0)
(1.5 7.37103e-13 0)
(1.5 7.74597e-13 0)
(1.5 7.52536e-13 0)
(1.5 7.86221e-13 0)
(1.5 8.11073e-13 0)
(1.5 7.90022e-13 0)
(1.5 7.53836e-13 0)
(1.5 6.56867e-13 0)
(1.5 6.43651e-13 0)
(1.5 6.69332e-13 0)
(1.5 7.22205e-13 0)
(1.5 8.33687e-13 0)
(1.5 7.39715e-13 0)
(1.5 6.59391e-13 0)
(1.5 5.27726e-13 0)
(1.5 5.20198e-13 0)
(1.5 2.04076e-14 0)
(1.5 1.29449e-14 0)
(1.5 -2.13427e-14 0)
(1.5 2.58126e-14 0)
(1.5 2.02762e-14 0)
(1.5 1.2836e-13 0)
(1.5 2.20163e-13 0)
(1.5 1.91211e-13 0)
(1.5 2.14582e-13 0)
(1.5 1.86209e-13 0)
(1.5 7.35129e-14 0)
(1.5 -1.94336e-14 0)
(1.5 -2.28331e-14 0)
(1.5 -2.49147e-14 0)
(1.5 1.48824e-15 0)
(1.5 1.40776e-14 0)
(1.5 -2.56322e-14 0)
(1.5 -2.28418e-14 0)
(1.5 2.58425e-14 0)
(1.5 3.34522e-14 0)
(1.5 -3.03128e-14 0)
(1.5 2.70855e-14 0)
(1.5 -3.73359e-14 0)
(1.5 -5.02804e-14 0)
(1.5 -9.08321e-14 0)
(1.5 -1.02044e-13 0)
(1.5 -9.75959e-14 0)
(1.5 -8.17057e-14 0)
(1.5 -4.24421e-14 0)
(1.5 -1.06374e-13 0)
(1.5 -1.35104e-13 0)
(1.5 -1.65622e-13 0)
(1.5 -1.64565e-13 0)
(1.5 -1.68333e-13 0)
(1.5 -1.05967e-13 0)
(1.5 -4.37504e-14 0)
(1.5 -3.86737e-14 0)
(1.5 -5.87051e-14 0)
(1.5 -2.41939e-14 0)
(1.5 1.75977e-14 0)
(1.5 1.54426e-14 0)
(1.5 -1.38812e-14 0)
(1.5 -3.14235e-14 0)
(1.5 -6.46198e-14 0)
(1.5 -9.29528e-14 0)
(1.5 -1.06315e-13 0)
(1.5 -1.01289e-13 0)
(1.5 -1.01497e-13 0)
(1.5 -9.55036e-14 0)
(1.5 -1.71961e-13 0)
(1.5 -1.6133e-13 0)
(1.5 -1.34243e-13 0)
(1.5 -1.24224e-13 0)
(1.5 -8.33369e-14 0)
(1.5 -1.27793e-14 0)
(1.5 1.10791e-14 0)
(1.5 -9.29833e-14 0)
(1.5 -1.06815e-13 0)
(1.5 -1.11449e-13 0)
(1.5 -1.52631e-13 0)
(1.5 -1.25897e-13 0)
(1.5 -1.2778e-13 0)
(1.5 -1.09688e-13 0)
(1.5 -1.1145e-13 0)
(1.5 -8.00353e-14 0)
(1.5 -6.67606e-14 0)
(1.5 -1.009e-13 0)
(1.5 -4.25309e-14 0)
(1.5 2.13777e-14 0)
(1.5 -2.12156e-14 0)
(1.5 -6.19167e-16 0)
(1.5 3.09317e-14 0)
(1.5 1.42787e-13 0)
(1.5 1.68116e-13 0)
(1.5 1.96443e-13 0)
(1.5 2.10726e-13 0)
(1.5 1.69698e-13 0)
(1.5 1.24135e-13 0)
(1.5 1.77615e-13 0)
(1.5 2.36259e-13 0)
(1.5 1.67178e-13 0)
(1.5 2.17606e-13 0)
(1.5 2.21857e-13 0)
(1.5 2.28319e-13 0)
(1.5 2.39518e-13 0)
(1.5 2.60571e-13 0)
(1.5 2.88141e-13 0)
(1.5 1.98635e-13 0)
(1.5 2.55889e-13 0)
(1.5 3.30786e-13 0)
(1.5 3.49742e-13 0)
(1.5 3.65776e-13 0)
(1.5 2.5866e-13 0)
(1.5 2.14387e-13 0)
(1.5 2.10019e-13 0)
(1.5 1.09744e-13 0)
(1.5 2.61237e-14 0)
(1.5 -7.3333e-14 0)
(1.5 -2.17643e-13 0)
(1.5 -2.32256e-13 0)
(1.5 -2.65058e-13 0)
(1.5 -2.80485e-13 0)
(1.5 -2.31482e-13 0)
(1.5 -1.74048e-13 0)
(1.5 -1.46318e-13 0)
(1.5 -1.43891e-13 0)
(1.5 -1.97875e-13 0)
(1.5 -2.82568e-13 0)
(1.5 -2.56909e-13 0)
(1.5 -1.66326e-13 0)
(1.5 -1.02496e-13 0)
(1.5 -5.2326e-14 0)
(1.5 -1.27842e-14 0)
(1.5 -7.09363e-14 0)
(1.5 -8.16841e-14 0)
(1.5 -1.23033e-13 0)
(1.5 -1.59657e-13 0)
(1.5 -1.44572e-13 0)
(1.5 -1.58278e-13 0)
(1.5 -1.80216e-13 0)
(1.5 -1.45987e-13 0)
(1.5 -1.38281e-13 0)
(1.5 -2.07239e-13 0)
(1.5 -2.40114e-13 0)
(1.5 -2.43659e-13 0)
(1.5 -2.28536e-13 0)
(1.5 -3.32899e-13 0)
(1.5 -3.81803e-13 0)
(1.5 -3.37079e-13 0)
(1.5 -3.76428e-13 0)
(1.5 -5.85839e-13 0)
(1.5 -6.17992e-13 0)
(1.5 -6.57173e-13 0)
(1.5 -7.56036e-13 0)
(1.5 -8.26519e-13 0)
(1.5 -7.4536e-13 0)
(1.5 -7.69524e-13 0)
(1.5 -9.29313e-13 0)
(1.5 -9.74606e-13 0)
(1.5 -9.04796e-13 0)
(1.5 -7.74916e-13 0)
(1.5 -8.11469e-13 0)
(1.5 -9.05149e-13 0)
(1.5 -9.48048e-13 0)
(1.5 -9.79974e-13 0)
(1.5 -8.9505e-13 0)
(1.5 -9.46833e-13 0)
(1.5 -1.04554e-12 0)
(1.5 -1.10668e-12 0)
(1.5 -1.07818e-12 0)
(1.5 -8.81844e-13 0)
(1.5 -8.0715e-13 0)
(1.5 -9.29935e-13 0)
(1.5 -9.15557e-13 0)
(1.5 -8.0468e-13 0)
(1.5 -7.92086e-13 0)
(1.5 -8.02143e-13 0)
(1.5 -7.78314e-13 0)
(1.5 -6.00583e-13 0)
(1.5 -3.8912e-13 0)
(1.5 -2.84332e-13 0)
(1.5 -3.34453e-13 0)
(1.5 -3.49014e-13 0)
(1.5 -2.41479e-13 0)
(1.5 -2.08281e-13 0)
(1.5 -1.73665e-13 0)
(1.5 -3.12448e-13 0)
(1.5 -4.99198e-13 0)
(1.5 -4.47972e-13 0)
(1.5 -3.39398e-13 0)
(1.5 -2.76349e-13 0)
(1.5 -1.72074e-13 0)
(1.5 -1.24815e-13 0)
(1.5 -5.3117e-14 0)
(1.5 9.30565e-14 0)
(1.5 2.04354e-13 0)
(1.5 3.01508e-13 0)
(1.5 5.11522e-13 0)
(1.5 6.41697e-13 0)
(1.5 5.9158e-13 0)
(1.5 5.37357e-13 0)
(1.5 4.64204e-13 0)
(1.5 5.06728e-13 0)
(1.5 6.52442e-13 0)
(1.5 7.31317e-13 0)
(1.5 7.73308e-13 0)
(1.5 7.55245e-13 0)
(1.5 7.79731e-13 0)
(1.5 8.35614e-13 0)
(1.5 8.36001e-13 0)
(1.5 7.88886e-13 0)
(1.5 6.84232e-13 0)
(1.5 6.59189e-13 0)
(1.5 7.63186e-13 0)
(1.5 7.76202e-13 0)
(1.5 8.27752e-13 0)
(1.5 7.36105e-13 0)
(1.5 6.39033e-13 0)
(1.5 5.81337e-13 0)
(1.5 6.03371e-13 0)
(1.5 6.42905e-14 0)
(1.5 9.3226e-14 0)
(1.5 1.34369e-13 0)
(1.5 1.50548e-13 0)
(1.5 1.29072e-13 0)
(1.5 1.47515e-13 0)
(1.5 1.11859e-13 0)
(1.5 9.85221e-14 0)
(1.5 8.91151e-14 0)
(1.5 8.34248e-14 0)
(1.5 7.14967e-14 0)
(1.5 1.32842e-14 0)
(1.5 -1.95577e-14 0)
(1.5 2.21812e-14 0)
(1.5 -4.38501e-14 0)
(1.5 -1.07497e-13 0)
(1.5 -1.26939e-13 0)
(1.5 -9.27832e-14 0)
(1.5 -1.54695e-14 0)
(1.5 -3.08866e-14 0)
(1.5 2.56887e-15 0)
(1.5 4.01095e-14 0)
(1.5 -1.6487e-14 0)
(1.5 8.87367e-15 0)
(1.5 -1.7091e-14 0)
(1.5 -5.37299e-14 0)
(1.5 -1.22867e-13 0)
(1.5 -1.09973e-13 0)
(1.5 -5.51208e-14 0)
(1.5 -1.16714e-13 0)
(1.5 -1.1606e-13 0)
(1.5 -1.98781e-13 0)
(1.5 -1.77558e-13 0)
(1.5 -1.73927e-13 0)
(1.5 -4.10608e-14 0)
(1.5 7.57482e-14 0)
(1.5 4.5053e-14 0)
(1.5 4.47195e-14 0)
(1.5 5.76973e-14 0)
(1.5 -2.10403e-14 0)
(1.5 -2.03241e-14 0)
(1.5 2.1515e-14 0)
(1.5 4.62062e-14 0)
(1.5 -5.41946e-15 0)
(1.5 -1.73211e-14 0)
(1.5 -2.73853e-14 0)
(1.5 -5.19949e-14 0)
(1.5 -6.37267e-14 0)
(1.5 -9.26572e-14 0)
(1.5 -1.29145e-13 0)
(1.5 -1.28213e-13 0)
(1.5 -1.27573e-13 0)
(1.5 -1.10059e-13 0)
(1.5 -1.04909e-13 0)
(1.5 2.39525e-14 0)
(1.5 3.11743e-14 0)
(1.5 -6.34825e-14 0)
(1.5 -3.08311e-14 0)
(1.5 -8.28947e-14 0)
(1.5 -1.21706e-13 0)
(1.5 -1.02286e-13 0)
(1.5 -9.44933e-14 0)
(1.5 -9.67791e-14 0)
(1.5 -4.06602e-14 0)
(1.5 -3.4703e-15 0)
(1.5 2.43923e-14 0)
(1.5 3.49737e-14 0)
(1.5 7.31227e-14 0)
(1.5 7.74845e-14 0)
(1.5 1.71829e-14 0)
(1.5 3.20907e-14 0)
(1.5 8.91903e-14 0)
(1.5 1.24694e-13 0)
(1.5 1.28207e-13 0)
(1.5 1.95518e-13 0)
(1.5 2.50767e-13 0)
(1.5 2.02619e-13 0)
(1.5 1.5395e-13 0)
(1.5 1.55432e-13 0)
(1.5 1.61182e-13 0)
(1.5 1.06148e-13 0)
(1.5 1.77847e-13 0)
(1.5 1.83687e-13 0)
(1.5 1.67359e-13 0)
(1.5 1.87979e-13 0)
(1.5 2.13572e-13 0)
(1.5 2.94296e-13 0)
(1.5 2.8213e-13 0)
(1.5 2.6611e-13 0)
(1.5 3.78725e-13 0)
(1.5 3.71892e-13 0)
(1.5 3.50752e-13 0)
(1.5 2.71753e-13 0)
(1.5 1.8256e-13 0)
(1.5 1.30468e-13 0)
(1.5 7.7957e-14 0)
(1.5 4.10235e-14 0)
(1.5 -5.7389e-14 0)
(1.5 -1.40918e-13 0)
(1.5 -2.06295e-13 0)
(1.5 -2.6495e-13 0)
(1.5 -3.00013e-13 0)
(1.5 -2.29063e-13 0)
(1.5 -1.75892e-13 0)
(1.5 -2.26099e-13 0)
(1.5 -2.34793e-13 0)
(1.5 -2.10367e-13 0)
(1.5 -2.86911e-13 0)
(1.5 -2.54842e-13 0)
(1.5 -2.40331e-13 0)
(1.5 -3.08719e-13 0)
(1.5 -2.62902e-13 0)
(1.5 -1.8704e-13 0)
(1.5 -1.70293e-13 0)
(1.5 -1.34399e-13 0)
(1.5 -1.6538e-13 0)
(1.5 -1.32257e-13 0)
(1.5 -1.78589e-13 0)
(1.5 -2.10528e-13 0)
(1.5 -2.2351e-13 0)
(1.5 -2.57303e-13 0)
(1.5 -2.15109e-13 0)
(1.5 -1.63666e-13 0)
(1.5 -1.86843e-13 0)
(1.5 -2.25988e-13 0)
(1.5 -2.40528e-13 0)
(1.5 -2.42127e-13 0)
(1.5 -3.01257e-13 0)
(1.5 -3.33017e-13 0)
(1.5 -3.76562e-13 0)
(1.5 -4.96197e-13 0)
(1.5 -5.0507e-13 0)
(1.5 -6.62632e-13 0)
(1.5 -7.71202e-13 0)
(1.5 -9.04581e-13 0)
(1.5 -9.08105e-13 0)
(1.5 -8.76884e-13 0)
(1.5 -1.04368e-12 0)
(1.5 -1.06167e-12 0)
(1.5 -9.21229e-13 0)
(1.5 -8.20897e-13 0)
(1.5 -8.55424e-13 0)
(1.5 -8.76652e-13 0)
(1.5 -9.11429e-13 0)
(1.5 -9.76788e-13 0)
(1.5 -8.87538e-13 0)
(1.5 -9.0366e-13 0)
(1.5 -1.07266e-12 0)
(1.5 -1.09798e-12 0)
(1.5 -1.05879e-12 0)
(1.5 -8.85861e-13 0)
(1.5 -7.62088e-13 0)
(1.5 -7.92658e-13 0)
(1.5 -7.59727e-13 0)
(1.5 -7.34629e-13 0)
(1.5 -6.84883e-13 0)
(1.5 -7.69299e-13 0)
(1.5 -8.75919e-13 0)
(1.5 -7.19859e-13 0)
(1.5 -5.8959e-13 0)
(1.5 -4.90686e-13 0)
(1.5 -4.81597e-13 0)
(1.5 -5.18661e-13 0)
(1.5 -5.39885e-13 0)
(1.5 -5.00285e-13 0)
(1.5 -5.28665e-13 0)
(1.5 -6.09169e-13 0)
(1.5 -7.77382e-13 0)
(1.5 -6.96858e-13 0)
(1.5 -5.26254e-13 0)
(1.5 -4.03727e-13 0)
(1.5 -3.15634e-13 0)
(1.5 -2.45561e-13 0)
(1.5 -2.23834e-13 0)
(1.5 -5.37996e-14 0)
(1.5 1.44199e-13 0)
(1.5 2.04275e-13 0)
(1.5 4.06402e-13 0)
(1.5 5.39756e-13 0)
(1.5 5.58714e-13 0)
(1.5 5.0809e-13 0)
(1.5 4.74094e-13 0)
(1.5 5.51798e-13 0)
(1.5 7.19228e-13 0)
(1.5 8.00656e-13 0)
(1.5 8.29109e-13 0)
(1.5 8.19082e-13 0)
(1.5 8.49207e-13 0)
(1.5 9.16975e-13 0)
(1.5 8.77079e-13 0)
(1.5 7.99086e-13 0)
(1.5 7.82762e-13 0)
(1.5 7.86043e-13 0)
(1.5 7.82441e-13 0)
(1.5 7.37133e-13 0)
(1.5 7.63859e-13 0)
(1.5 7.31866e-13 0)
(1.5 6.6691e-13 0)
(1.5 6.94863e-13 0)
(1.5 7.26798e-13 0)
(1.5 5.42719e-14 0)
(1.5 1.41201e-13 0)
(1.5 1.93148e-13 0)
(1.5 2.1596e-13 0)
(1.5 2.27883e-13 0)
(1.5 1.72588e-13 0)
(1.5 1.01986e-13 0)
(1.5 8.77617e-14 0)
(1.5 2.12186e-14 0)
(1.5 -4.50802e-14 0)
(1.5 -4.0596e-14 0)
(1.5 -5.67894e-14 0)
(1.5 -6.37286e-14 0)
(1.5 -3.19013e-14 0)
(1.5 -1.06072e-13 0)
(1.5 -1.8881e-13 0)
(1.5 -2.09045e-13 0)
(1.5 -1.38813e-13 0)
(1.5 -5.51597e-14 0)
(1.5 7.61475e-16 0)
(1.5 3.342e-14 0)
(1.5 -2.79607e-15 0)
(1.5 2.414e-14 0)
(1.5 4.05397e-14 0)
(1.5 3.17445e-14 0)
(1.5 -1.8925e-14 0)
(1.5 -6.90858e-14 0)
(1.5 -6.27268e-14 0)
(1.5 -7.39551e-14 0)
(1.5 -8.25515e-14 0)
(1.5 -9.14808e-14 0)
(1.5 -1.29994e-13 0)
(1.5 -1.0081e-13 0)
(1.5 -6.36788e-14 0)
(1.5 -1.00821e-14 0)
(1.5 4.17727e-14 0)
(1.5 3.30299e-14 0)
(1.5 2.68406e-14 0)
(1.5 2.41303e-14 0)
(1.5 -1.39119e-14 0)
(1.5 5.39699e-14 0)
(1.5 8.67473e-14 0)
(1.5 7.17748e-14 0)
(1.5 4.04374e-14 0)
(1.5 4.24897e-14 0)
(1.5 3.15127e-14 0)
(1.5 -7.32294e-15 0)
(1.5 -3.31646e-14 0)
(1.5 -4.40652e-14 0)
(1.5 -7.51066e-14 0)
(1.5 -7.30973e-14 0)
(1.5 -7.2011e-14 0)
(1.5 -2.35486e-14 0)
(1.5 -6.66991e-14 0)
(1.5 -3.65804e-14 0)
(1.5 -1.261e-14 0)
(1.5 -1.03346e-14 0)
(1.5 3.92241e-14 0)
(1.5 1.67372e-15 0)
(1.5 -6.22393e-14 0)
(1.5 -8.59769e-14 0)
(1.5 -6.48315e-14 0)
(1.5 -8.57608e-14 0)
(1.5 -6.5439e-14 0)
(1.5 -1.3956e-14 0)
(1.5 4.62788e-14 0)
(1.5 9.46934e-14 0)
(1.5 1.04538e-13 0)
(1.5 6.36532e-14 0)
(1.5 3.06982e-14 0)
(1.5 4.38163e-14 0)
(1.5 1.19496e-13 0)
(1.5 8.97937e-14 0)
(1.5 1.38718e-13 0)
(1.5 1.68405e-13 0)
(1.5 2.20501e-13 0)
(1.5 1.97322e-13 0)
(1.5 1.75364e-13 0)
(1.5 1.02239e-13 0)
(1.5 5.96413e-14 0)
(1.5 5.08156e-14 0)
(1.5 6.93941e-14 0)
(1.5 8.6885e-14 0)
(1.5 1.30671e-13 0)
(1.5 1.46009e-13 0)
(1.5 1.42351e-13 0)
(1.5 2.18932e-13 0)
(1.5 2.56582e-13 0)
(1.5 2.46629e-13 0)
(1.5 3.23948e-13 0)
(1.5 3.26014e-13 0)
(1.5 3.28316e-13 0)
(1.5 3.38031e-13 0)
(1.5 2.03462e-13 0)
(1.5 1.34753e-13 0)
(1.5 7.48646e-14 0)
(1.5 -2.17555e-14 0)
(1.5 -9.56568e-14 0)
(1.5 -1.16915e-13 0)
(1.5 -1.83314e-13 0)
(1.5 -2.7767e-13 0)
(1.5 -2.63537e-13 0)
(1.5 -2.30542e-13 0)
(1.5 -2.2869e-13 0)
(1.5 -2.30203e-13 0)
(1.5 -2.24428e-13 0)
(1.5 -1.7126e-13 0)
(1.5 -1.68599e-13 0)
(1.5 -1.95922e-13 0)
(1.5 -2.50043e-13 0)
(1.5 -3.07626e-13 0)
(1.5 -2.36623e-13 0)
(1.5 -1.5522e-13 0)
(1.5 -1.09469e-13 0)
(1.5 -1.60038e-13 0)
(1.5 -1.49064e-13 0)
(1.5 -7.09534e-14 0)
(1.5 -1.65112e-13 0)
(1.5 -1.3841e-13 0)
(1.5 -1.52307e-13 0)
(1.5 -2.26811e-13 0)
(1.5 -1.72649e-13 0)
(1.5 -1.53778e-13 0)
(1.5 -1.42687e-13 0)
(1.5 -2.14613e-13 0)
(1.5 -2.52144e-13 0)
(1.5 -1.43923e-13 0)
(1.5 -1.00735e-13 0)
(1.5 -1.92119e-13 0)
(1.5 -2.53652e-13 0)
(1.5 -2.52068e-13 0)
(1.5 -2.2088e-13 0)
(1.5 -4.5814e-13 0)
(1.5 -6.08907e-13 0)
(1.5 -7.01639e-13 0)
(1.5 -7.39953e-13 0)
(1.5 -7.08716e-13 0)
(1.5 -8.46061e-13 0)
(1.5 -9.19813e-13 0)
(1.5 -8.80316e-13 0)
(1.5 -8.65503e-13 0)
(1.5 -7.99716e-13 0)
(1.5 -7.38506e-13 0)
(1.5 -7.61159e-13 0)
(1.5 -7.99267e-13 0)
(1.5 -8.06672e-13 0)
(1.5 -7.7893e-13 0)
(1.5 -8.85202e-13 0)
(1.5 -8.72435e-13 0)
(1.5 -8.34708e-13 0)
(1.5 -7.20013e-13 0)
(1.5 -6.60443e-13 0)
(1.5 -6.63759e-13 0)
(1.5 -6.00094e-13 0)
(1.5 -6.42554e-13 0)
(1.5 -5.74467e-13 0)
(1.5 -5.8857e-13 0)
(1.5 -7.01017e-13 0)
(1.5 -6.44253e-13 0)
(1.5 -6.34569e-13 0)
(1.5 -6.21631e-13 0)
(1.5 -6.18378e-13 0)
(1.5 -6.96647e-13 0)
(1.5 -6.35742e-13 0)
(1.5 -5.62747e-13 0)
(1.5 -5.76084e-13 0)
(1.5 -5.9482e-13 0)
(1.5 -7.5076e-13 0)
(1.5 -7.06757e-13 0)
(1.5 -6.35998e-13 0)
(1.5 -5.27836e-13 0)
(1.5 -4.27786e-13 0)
(1.5 -2.9711e-13 0)
(1.5 -2.34812e-13 0)
(1.5 -6.12272e-14 0)
(1.5 1.85329e-13 0)
(1.5 2.7038e-13 0)
(1.5 3.54776e-13 0)
(1.5 5.15248e-13 0)
(1.5 7.02584e-13 0)
(1.5 7.34699e-13 0)
(1.5 7.21962e-13 0)
(1.5 7.3552e-13 0)
(1.5 8.27254e-13 0)
(1.5 8.97169e-13 0)
(1.5 8.96428e-13 0)
(1.5 8.34749e-13 0)
(1.5 8.70376e-13 0)
(1.5 9.08534e-13 0)
(1.5 8.60131e-13 0)
(1.5 8.16577e-13 0)
(1.5 8.41705e-13 0)
(1.5 8.94463e-13 0)
(1.5 8.76515e-13 0)
(1.5 8.65281e-13 0)
(1.5 8.40251e-13 0)
(1.5 7.58153e-13 0)
(1.5 7.44091e-13 0)
(1.5 7.66983e-13 0)
(1.5 7.85843e-13 0)
(1.5 2.65779e-14 0)
(1.5 7.25129e-14 0)
(1.5 7.89806e-14 0)
(1.5 9.10533e-14 0)
(1.5 1.31889e-13 0)
(1.5 4.7633e-14 0)
(1.5 3.69476e-14 0)
(1.5 5.96313e-14 0)
(1.5 -1.98397e-14 0)
(1.5 -9.31008e-14 0)
(1.5 -1.17427e-13 0)
(1.5 -1.69677e-13 0)
(1.5 -1.57437e-13 0)
(1.5 -1.22062e-13 0)
(1.5 -1.59702e-13 0)
(1.5 -1.69118e-13 0)
(1.5 -1.40416e-13 0)
(1.5 -1.36991e-13 0)
(1.5 -1.04353e-13 0)
(1.5 2.67783e-14 0)
(1.5 9.37188e-14 0)
(1.5 4.36581e-14 0)
(1.5 2.91196e-15 0)
(1.5 -4.73119e-14 0)
(1.5 -4.83164e-14 0)
(1.5 -5.19882e-14 0)
(1.5 -6.89254e-14 0)
(1.5 -8.84085e-14 0)
(1.5 -6.00359e-14 0)
(1.5 -4.99805e-14 0)
(1.5 -4.33603e-14 0)
(1.5 -1.9189e-14 0)
(1.5 5.52847e-15 0)
(1.5 5.01925e-14 0)
(1.5 -4.49174e-15 0)
(1.5 -1.28256e-14 0)
(1.5 1.75666e-14 0)
(1.5 -1.52439e-14 0)
(1.5 5.68552e-15 0)
(1.5 6.12356e-15 0)
(1.5 9.53638e-15 0)
(1.5 -2.61675e-14 0)
(1.5 3.17378e-15 0)
(1.5 -3.31125e-14 0)
(1.5 4.87224e-14 0)
(1.5 7.94131e-14 0)
(1.5 4.14388e-15 0)
(1.5 3.82617e-15 0)
(1.5 9.73609e-15 0)
(1.5 -2.59921e-14 0)
(1.5 -5.12329e-14 0)
(1.5 -6.79799e-14 0)
(1.5 -2.34587e-14 0)
(1.5 -7.63831e-14 0)
(1.5 -1.10551e-13 0)
(1.5 -1.15894e-13 0)
(1.5 -7.01869e-14 0)
(1.5 -3.00757e-14 0)
(1.5 -1.6648e-14 0)
(1.5 -6.53078e-14 0)
(1.5 -9.57137e-14 0)
(1.5 -9.40568e-14 0)
(1.5 -1.39853e-13 0)
(1.5 -8.50689e-14 0)
(1.5 -1.23096e-14 0)
(1.5 5.57073e-14 0)
(1.5 1.31202e-13 0)
(1.5 1.13737e-13 0)
(1.5 7.78256e-14 0)
(1.5 7.31685e-14 0)
(1.5 4.34944e-15 0)
(1.5 7.39018e-14 0)
(1.5 8.15007e-14 0)
(1.5 1.01453e-13 0)
(1.5 1.22125e-13 0)
(1.5 9.90971e-14 0)
(1.5 1.12908e-13 0)
(1.5 1.25333e-13 0)
(1.5 1.1207e-13 0)
(1.5 9.98092e-14 0)
(1.5 9.93355e-14 0)
(1.5 4.30719e-14 0)
(1.5 4.53893e-14 0)
(1.5 6.87016e-14 0)
(1.5 1.00078e-13 0)
(1.5 1.31363e-13 0)
(1.5 2.27572e-13 0)
(1.5 2.27209e-13 0)
(1.5 2.17191e-13 0)
(1.5 2.36526e-13 0)
(1.5 2.57042e-13 0)
(1.5 3.02402e-13 0)
(1.5 3.65144e-13 0)
(1.5 2.59154e-13 0)
(1.5 1.56848e-13 0)
(1.5 3.94616e-15 0)
(1.5 -1.19244e-13 0)
(1.5 -1.70323e-13 0)
(1.5 -1.77737e-13 0)
(1.5 -1.8268e-13 0)
(1.5 -2.42128e-13 0)
(1.5 -2.80683e-13 0)
(1.5 -3.06673e-13 0)
(1.5 -3.59433e-13 0)
(1.5 -2.87777e-13 0)
(1.5 -2.46342e-13 0)
(1.5 -1.97702e-13 0)
(1.5 -1.443e-13 0)
(1.5 -1.36976e-13 0)
(1.5 -1.79329e-13 0)
(1.5 -2.04928e-13 0)
(1.5 -1.30352e-13 0)
(1.5 -3.72621e-14 0)
(1.5 1.87236e-14 0)
(1.5 -6.63951e-14 0)
(1.5 -5.76935e-14 0)
(1.5 -3.48052e-14 0)
(1.5 -6.56767e-14 0)
(1.5 -1.08102e-13 0)
(1.5 -1.71882e-13 0)
(1.5 -1.77276e-13 0)
(1.5 -1.51194e-13 0)
(1.5 -1.90259e-13 0)
(1.5 -1.86814e-13 0)
(1.5 -2.02464e-13 0)
(1.5 -2.27797e-13 0)
(1.5 -1.2859e-13 0)
(1.5 -7.00146e-14 0)
(1.5 -1.6454e-13 0)
(1.5 -1.82298e-13 0)
(1.5 -1.54513e-13 0)
(1.5 -1.18341e-13 0)
(1.5 -2.99859e-13 0)
(1.5 -4.59992e-13 0)
(1.5 -5.26085e-13 0)
(1.5 -5.76774e-13 0)
(1.5 -5.84741e-13 0)
(1.5 -6.713e-13 0)
(1.5 -6.97618e-13 0)
(1.5 -7.35341e-13 0)
(1.5 -7.78515e-13 0)
(1.5 -6.68032e-13 0)
(1.5 -6.4494e-13 0)
(1.5 -6.95096e-13 0)
(1.5 -6.67105e-13 0)
(1.5 -6.8202e-13 0)
(1.5 -6.53725e-13 0)
(1.5 -7.00445e-13 0)
(1.5 -6.63496e-13 0)
(1.5 -6.79339e-13 0)
(1.5 -6.66131e-13 0)
(1.5 -6.11861e-13 0)
(1.5 -5.58336e-13 0)
(1.5 -5.83117e-13 0)
(1.5 -6.18751e-13 0)
(1.5 -5.80265e-13 0)
(1.5 -5.43491e-13 0)
(1.5 -5.89459e-13 0)
(1.5 -6.09631e-13 0)
(1.5 -6.60654e-13 0)
(1.5 -6.49028e-13 0)
(1.5 -6.38929e-13 0)
(1.5 -7.39849e-13 0)
(1.5 -6.73211e-13 0)
(1.5 -6.05048e-13 0)
(1.5 -4.82619e-13 0)
(1.5 -3.73132e-13 0)
(1.5 -4.79973e-13 0)
(1.5 -5.27535e-13 0)
(1.5 -5.93722e-13 0)
(1.5 -5.47594e-13 0)
(1.5 -4.33479e-13 0)
(1.5 -2.91814e-13 0)
(1.5 -1.71602e-13 0)
(1.5 -7.24291e-14 0)
(1.5 9.91844e-14 0)
(1.5 2.76282e-13 0)
(1.5 3.94715e-13 0)
(1.5 5.2959e-13 0)
(1.5 6.92794e-13 0)
(1.5 8.02713e-13 0)
(1.5 7.92827e-13 0)
(1.5 7.18574e-13 0)
(1.5 7.81302e-13 0)
(1.5 8.3916e-13 0)
(1.5 8.08591e-13 0)
(1.5 7.42629e-13 0)
(1.5 7.50804e-13 0)
(1.5 8.0264e-13 0)
(1.5 8.73167e-13 0)
(1.5 8.78352e-13 0)
(1.5 8.70619e-13 0)
(1.5 8.75155e-13 0)
(1.5 9.4913e-13 0)
(1.5 9.27665e-13 0)
(1.5 8.40149e-13 0)
(1.5 7.86377e-13 0)
(1.5 7.81585e-13 0)
(1.5 8.37738e-13 0)
(1.5 8.41243e-13 0)
(1.5 -8.84014e-15 0)
(1.5 -2.64961e-14 0)
(1.5 5.891e-15 0)
(1.5 4.30242e-14 0)
(1.5 9.40733e-14 0)
(1.5 8.75064e-14 0)
(1.5 1.20457e-13 0)
(1.5 1.33231e-13 0)
(1.5 6.94587e-14 0)
(1.5 8.02441e-15 0)
(1.5 -9.52298e-15 0)
(1.5 -6.97399e-14 0)
(1.5 -6.91269e-14 0)
(1.5 -8.6041e-14 0)
(1.5 -1.64929e-13 0)
(1.5 -1.80496e-13 0)
(1.5 -1.74278e-13 0)
(1.5 -1.98196e-13 0)
(1.5 -1.87367e-13 0)
(1.5 -8.78087e-14 0)
(1.5 8.66769e-15 0)
(1.5 2.84656e-14 0)
(1.5 -4.7944e-14 0)
(1.5 -1.11135e-13 0)
(1.5 -1.075e-13 0)
(1.5 -5.13161e-14 0)
(1.5 -4.39203e-14 0)
(1.5 -9.61312e-15 0)
(1.5 1.37785e-14 0)
(1.5 3.99171e-14 0)
(1.5 4.58886e-14 0)
(1.5 3.094e-14 0)
(1.5 3.33639e-14 0)
(1.5 1.019e-13 0)
(1.5 3.94029e-14 0)
(1.5 4.29167e-14 0)
(1.5 3.62078e-14 0)
(1.5 1.99633e-15 0)
(1.5 1.23641e-14 0)
(1.5 -9.35417e-15 0)
(1.5 -7.30732e-14 0)
(1.5 -1.09425e-13 0)
(1.5 -1.45485e-14 0)
(1.5 -3.9673e-14 0)
(1.5 2.77377e-14 0)
(1.5 2.5953e-14 0)
(1.5 -1.35028e-14 0)
(1.5 3.01948e-14 0)
(1.5 6.54119e-14 0)
(1.5 3.48342e-14 0)
(1.5 -3.38088e-14 0)
(1.5 -2.92202e-14 0)
(1.5 -4.00407e-14 0)
(1.5 -5.0662e-14 0)
(1.5 -1.05702e-13 0)
(1.5 -1.51482e-13 0)
(1.5 -1.32081e-13 0)
(1.5 -1.43774e-13 0)
(1.5 -1.12843e-13 0)
(1.5 -1.0441e-14 0)
(1.5 -2.12158e-14 0)
(1.5 -2.86831e-15 0)
(1.5 -2.6762e-14 0)
(1.5 5.46819e-15 0)
(1.5 3.94346e-14 0)
(1.5 9.02322e-14 0)
(1.5 1.60651e-13 0)
(1.5 1.40807e-13 0)
(1.5 1.34829e-13 0)
(1.5 1.72775e-13 0)
(1.5 1.06823e-13 0)
(1.5 7.98764e-14 0)
(1.5 1.49779e-13 0)
(1.5 1.21797e-13 0)
(1.5 1.29804e-13 0)
(1.5 9.65345e-14 0)
(1.5 1.41208e-13 0)
(1.5 1.95638e-13 0)
(1.5 2.02239e-13 0)
(1.5 1.56813e-13 0)
(1.5 1.51311e-13 0)
(1.5 6.90402e-14 0)
(1.5 1.57767e-14 0)
(1.5 -4.53152e-15 0)
(1.5 4.43693e-14 0)
(1.5 1.03149e-13 0)
(1.5 1.85044e-13 0)
(1.5 1.86456e-13 0)
(1.5 1.54165e-13 0)
(1.5 1.41959e-13 0)
(1.5 1.22555e-13 0)
(1.5 1.34954e-13 0)
(1.5 2.18976e-13 0)
(1.5 2.13556e-13 0)
(1.5 9.75286e-14 0)
(1.5 -2.37624e-14 0)
(1.5 -1.02166e-13 0)
(1.5 -1.77648e-13 0)
(1.5 -2.24182e-13 0)
(1.5 -2.31467e-13 0)
(1.5 -2.42933e-13 0)
(1.5 -2.78085e-13 0)
(1.5 -2.88253e-13 0)
(1.5 -3.40274e-13 0)
(1.5 -3.03691e-13 0)
(1.5 -2.57734e-13 0)
(1.5 -1.47641e-13 0)
(1.5 -9.06684e-14 0)
(1.5 -6.5689e-14 0)
(1.5 -9.09387e-14 0)
(1.5 -6.55739e-14 0)
(1.5 -1.02604e-13 0)
(1.5 -1.10233e-13 0)
(1.5 -2.83117e-14 0)
(1.5 2.30619e-14 0)
(1.5 1.13879e-14 0)
(1.5 -1.69292e-14 0)
(1.5 4.80655e-14 0)
(1.5 -1.81385e-14 0)
(1.5 -8.80479e-14 0)
(1.5 -6.15977e-14 0)
(1.5 -1.6509e-13 0)
(1.5 -1.93573e-13 0)
(1.5 -2.08062e-13 0)
(1.5 -1.87196e-13 0)
(1.5 -1.8362e-13 0)
(1.5 -1.35333e-13 0)
(1.5 -1.42029e-13 0)
(1.5 -1.93241e-13 0)
(1.5 -1.86594e-13 0)
(1.5 -1.76015e-13 0)
(1.5 -1.83981e-13 0)
(1.5 -2.29949e-13 0)
(1.5 -2.89863e-13 0)
(1.5 -3.37928e-13 0)
(1.5 -3.91351e-13 0)
(1.5 -4.57181e-13 0)
(1.5 -5.4385e-13 0)
(1.5 -5.55981e-13 0)
(1.5 -6.18467e-13 0)
(1.5 -6.72276e-13 0)
(1.5 -6.58752e-13 0)
(1.5 -6.66803e-13 0)
(1.5 -6.93134e-13 0)
(1.5 -6.16162e-13 0)
(1.5 -5.16161e-13 0)
(1.5 -4.42227e-13 0)
(1.5 -5.00347e-13 0)
(1.5 -5.09236e-13 0)
(1.5 -5.60194e-13 0)
(1.5 -5.81424e-13 0)
(1.5 -5.3672e-13 0)
(1.5 -5.06273e-13 0)
(1.5 -5.4459e-13 0)
(1.5 -4.71901e-13 0)
(1.5 -4.53902e-13 0)
(1.5 -4.62303e-13 0)
(1.5 -4.63176e-13 0)
(1.5 -5.53706e-13 0)
(1.5 -6.13181e-13 0)
(1.5 -6.67066e-13 0)
(1.5 -5.85354e-13 0)
(1.5 -5.88681e-13 0)
(1.5 -6.82596e-13 0)
(1.5 -6.35857e-13 0)
(1.5 -3.99318e-13 0)
(1.5 -2.41268e-13 0)
(1.5 -3.62563e-13 0)
(1.5 -4.4271e-13 0)
(1.5 -4.80451e-13 0)
(1.5 -4.65551e-13 0)
(1.5 -3.5825e-13 0)
(1.5 -2.64822e-13 0)
(1.5 -1.37302e-13 0)
(1.5 -3.95789e-14 0)
(1.5 5.82874e-14 0)
(1.5 2.39445e-13 0)
(1.5 3.00796e-13 0)
(1.5 3.9387e-13 0)
(1.5 6.18729e-13 0)
(1.5 8.03134e-13 0)
(1.5 8.1443e-13 0)
(1.5 7.44163e-13 0)
(1.5 7.50403e-13 0)
(1.5 7.69781e-13 0)
(1.5 7.64192e-13 0)
(1.5 7.51749e-13 0)
(1.5 7.22844e-13 0)
(1.5 7.83294e-13 0)
(1.5 9.09068e-13 0)
(1.5 9.20536e-13 0)
(1.5 9.28012e-13 0)
(1.5 9.04235e-13 0)
(1.5 9.64712e-13 0)
(1.5 8.75524e-13 0)
(1.5 7.80658e-13 0)
(1.5 8.22348e-13 0)
(1.5 8.24984e-13 0)
(1.5 8.9643e-13 0)
(1.5 8.52774e-13 0)
(1.5 -4.01599e-14 0)
(1.5 -5.24628e-14 0)
(1.5 -9.66726e-15 0)
(1.5 1.85601e-14 0)
(1.5 9.10254e-14 0)
(1.5 1.57117e-13 0)
(1.5 1.32189e-13 0)
(1.5 9.51578e-14 0)
(1.5 9.16586e-14 0)
(1.5 1.07124e-13 0)
(1.5 1.32458e-13 0)
(1.5 8.97311e-14 0)
(1.5 6.62875e-14 0)
(1.5 -7.79623e-15 0)
(1.5 -5.33083e-14 0)
(1.5 -9.50863e-14 0)
(1.5 -1.66704e-13 0)
(1.5 -1.95597e-13 0)
(1.5 -2.13678e-13 0)
(1.5 -1.63186e-13 0)
(1.5 -1.38104e-13 0)
(1.5 -1.96809e-13 0)
(1.5 -2.22251e-13 0)
(1.5 -2.08103e-13 0)
(1.5 -1.63091e-13 0)
(1.5 -1.10964e-13 0)
(1.5 -2.37346e-14 0)
(1.5 3.62353e-14 0)
(1.5 6.12273e-14 0)
(1.5 8.33067e-14 0)
(1.5 4.62949e-14 0)
(1.5 8.63311e-15 0)
(1.5 2.09194e-14 0)
(1.5 4.60179e-14 0)
(1.5 2.58914e-14 0)
(1.5 -1.23555e-14 0)
(1.5 -4.74935e-14 0)
(1.5 -6.26755e-14 0)
(1.5 -8.66646e-14 0)
(1.5 -7.95622e-14 0)
(1.5 -1.05226e-13 0)
(1.5 -8.28652e-14 0)
(1.5 -5.02064e-14 0)
(1.5 -1.28492e-14 0)
(1.5 -1.52704e-14 0)
(1.5 -3.01701e-14 0)
(1.5 2.62895e-15 0)
(1.5 3.7231e-14 0)
(1.5 4.29653e-14 0)
(1.5 4.11209e-14 0)
(1.5 -3.06026e-14 0)
(1.5 -4.78002e-14 0)
(1.5 -7.50005e-14 0)
(1.5 -6.73851e-14 0)
(1.5 -9.4154e-14 0)
(1.5 -1.00925e-13 0)
(1.5 -1.33513e-13 0)
(1.5 -2.16627e-13 0)
(1.5 -1.59194e-13 0)
(1.5 -5.48284e-14 0)
(1.5 -1.65601e-14 0)
(1.5 1.73449e-14 0)
(1.5 3.76884e-14 0)
(1.5 -1.68026e-14 0)
(1.5 -3.86452e-15 0)
(1.5 2.51977e-14 0)
(1.5 9.2653e-14 0)
(1.5 1.02593e-13 0)
(1.5 8.66852e-14 0)
(1.5 1.59541e-13 0)
(1.5 1.47203e-13 0)
(1.5 1.35837e-13 0)
(1.5 1.21416e-13 0)
(1.5 8.5836e-14 0)
(1.5 1.03807e-13 0)
(1.5 1.15546e-13 0)
(1.5 1.56237e-13 0)
(1.5 2.11729e-13 0)
(1.5 2.06356e-13 0)
(1.5 1.02308e-13 0)
(1.5 7.06141e-14 0)
(1.5 3.09577e-14 0)
(1.5 1.1321e-14 0)
(1.5 1.81503e-15 0)
(1.5 5.12649e-14 0)
(1.5 1.01972e-13 0)
(1.5 1.21036e-13 0)
(1.5 7.99234e-14 0)
(1.5 -5.34182e-15 0)
(1.5 -4.75289e-14 0)
(1.5 -4.94449e-14 0)
(1.5 -8.18407e-14 0)
(1.5 -7.546e-15 0)
(1.5 3.92216e-14 0)
(1.5 -4.24758e-14 0)
(1.5 -1.19388e-13 0)
(1.5 -1.38488e-13 0)
(1.5 -1.94949e-13 0)
(1.5 -2.32984e-13 0)
(1.5 -2.71452e-13 0)
(1.5 -2.85413e-13 0)
(1.5 -2.56954e-13 0)
(1.5 -2.25291e-13 0)
(1.5 -2.25992e-13 0)
(1.5 -2.71754e-13 0)
(1.5 -1.8074e-13 0)
(1.5 -7.59069e-14 0)
(1.5 -5.45999e-14 0)
(1.5 -2.76404e-15 0)
(1.5 1.21633e-14 0)
(1.5 1.99863e-14 0)
(1.5 -1.38794e-13 0)
(1.5 -1.86577e-13 0)
(1.5 -1.27069e-13 0)
(1.5 1.95258e-14 0)
(1.5 3.4476e-14 0)
(1.5 -2.10366e-14 0)
(1.5 3.12949e-15 0)
(1.5 -4.9902e-14 0)
(1.5 -3.97493e-14 0)
(1.5 -2.64465e-14 0)
(1.5 -1.5096e-13 0)
(1.5 -1.77633e-13 0)
(1.5 -1.59717e-13 0)
(1.5 -1.19509e-13 0)
(1.5 -1.20272e-13 0)
(1.5 -1.06743e-13 0)
(1.5 -1.10466e-13 0)
(1.5 -1.02505e-13 0)
(1.5 -1.08153e-13 0)
(1.5 -8.4563e-14 0)
(1.5 -1.03134e-13 0)
(1.5 -9.57161e-14 0)
(1.5 -1.138e-13 0)
(1.5 -1.35257e-13 0)
(1.5 -2.42906e-13 0)
(1.5 -3.79415e-13 0)
(1.5 -4.65023e-13 0)
(1.5 -4.95972e-13 0)
(1.5 -5.08922e-13 0)
(1.5 -5.75378e-13 0)
(1.5 -6.31094e-13 0)
(1.5 -6.20417e-13 0)
(1.5 -6.01375e-13 0)
(1.5 -5.61343e-13 0)
(1.5 -4.75222e-13 0)
(1.5 -3.78739e-13 0)
(1.5 -3.91995e-13 0)
(1.5 -4.44961e-13 0)
(1.5 -4.88449e-13 0)
(1.5 -5.45369e-13 0)
(1.5 -5.22719e-13 0)
(1.5 -5.70639e-13 0)
(1.5 -5.51874e-13 0)
(1.5 -3.96384e-13 0)
(1.5 -3.83001e-13 0)
(1.5 -4.11963e-13 0)
(1.5 -3.91649e-13 0)
(1.5 -4.53242e-13 0)
(1.5 -5.57029e-13 0)
(1.5 -6.58319e-13 0)
(1.5 -6.11796e-13 0)
(1.5 -5.83201e-13 0)
(1.5 -6.38722e-13 0)
(1.5 -5.51612e-13 0)
(1.5 -3.39637e-13 0)
(1.5 -2.62655e-13 0)
(1.5 -3.58691e-13 0)
(1.5 -4.56772e-13 0)
(1.5 -4.72244e-13 0)
(1.5 -4.41383e-13 0)
(1.5 -3.131e-13 0)
(1.5 -2.2871e-13 0)
(1.5 -1.35695e-13 0)
(1.5 -5.79431e-14 0)
(1.5 3.09244e-14 0)
(1.5 1.87125e-13 0)
(1.5 2.08113e-13 0)
(1.5 3.34579e-13 0)
(1.5 5.74383e-13 0)
(1.5 7.50349e-13 0)
(1.5 7.78292e-13 0)
(1.5 7.22071e-13 0)
(1.5 6.32804e-13 0)
(1.5 6.29342e-13 0)
(1.5 6.87002e-13 0)
(1.5 7.40993e-13 0)
(1.5 6.69528e-13 0)
(1.5 6.7668e-13 0)
(1.5 8.06001e-13 0)
(1.5 8.51875e-13 0)
(1.5 9.03627e-13 0)
(1.5 8.93831e-13 0)
(1.5 9.30269e-13 0)
(1.5 8.83955e-13 0)
(1.5 7.82208e-13 0)
(1.5 7.77786e-13 0)
(1.5 8.07107e-13 0)
(1.5 8.53509e-13 0)
(1.5 8.59921e-13 0)
(1.5 -6.02281e-14 0)
(1.5 -6.30946e-14 0)
(1.5 -7.04375e-14 0)
(1.5 -7.11304e-14 0)
(1.5 -3.63304e-14 0)
(1.5 7.55443e-15 0)
(1.5 -3.89422e-14 0)
(1.5 -1.02615e-13 0)
(1.5 -3.97509e-14 0)
(1.5 5.1129e-14 0)
(1.5 1.01747e-13 0)
(1.5 1.17595e-13 0)
(1.5 1.36166e-13 0)
(1.5 9.89881e-14 0)
(1.5 1.0134e-13 0)
(1.5 3.28972e-14 0)
(1.5 -3.31809e-14 0)
(1.5 -7.39679e-14 0)
(1.5 -1.10068e-13 0)
(1.5 -9.58265e-14 0)
(1.5 -1.80366e-13 0)
(1.5 -3.27681e-13 0)
(1.5 -3.26007e-13 0)
(1.5 -2.92097e-13 0)
(1.5 -2.23503e-13 0)
(1.5 -1.28783e-13 0)
(1.5 -8.82822e-15 0)
(1.5 -2.24183e-14 0)
(1.5 1.00183e-14 0)
(1.5 4.11092e-14 0)
(1.5 5.54764e-15 0)
(1.5 3.27099e-14 0)
(1.5 2.49882e-14 0)
(1.5 -4.11797e-14 0)
(1.5 -1.06862e-14 0)
(1.5 -1.52792e-14 0)
(1.5 -7.41076e-14 0)
(1.5 -1.04137e-13 0)
(1.5 -1.22052e-13 0)
(1.5 -9.1687e-14 0)
(1.5 -8.50238e-14 0)
(1.5 3.83575e-16 0)
(1.5 -2.38196e-14 0)
(1.5 3.38645e-14 0)
(1.5 -2.82541e-14 0)
(1.5 -1.33794e-14 0)
(1.5 2.7351e-14 0)
(1.5 6.46877e-15 0)
(1.5 -3.6495e-14 0)
(1.5 -1.3165e-14 0)
(1.5 -2.28036e-14 0)
(1.5 -4.21167e-14 0)
(1.5 -6.99631e-14 0)
(1.5 -8.88844e-14 0)
(1.5 -4.5558e-14 0)
(1.5 -2.97015e-14 0)
(1.5 -1.07895e-13 0)
(1.5 -1.6702e-13 0)
(1.5 -1.29436e-13 0)
(1.5 -8.9883e-14 0)
(1.5 -2.44269e-14 0)
(1.5 -5.1201e-14 0)
(1.5 2.7167e-14 0)
(1.5 -2.35169e-14 0)
(1.5 -3.27679e-14 0)
(1.5 -2.82796e-14 0)
(1.5 -5.31392e-15 0)
(1.5 5.33454e-14 0)
(1.5 4.77199e-14 0)
(1.5 6.78096e-14 0)
(1.5 1.07285e-13 0)
(1.5 1.35008e-13 0)
(1.5 1.0182e-13 0)
(1.5 9.18049e-14 0)
(1.5 1.1263e-13 0)
(1.5 1.29143e-13 0)
(1.5 8.31931e-14 0)
(1.5 8.62902e-14 0)
(1.5 6.99069e-14 0)
(1.5 2.81665e-14 0)
(1.5 5.48781e-14 0)
(1.5 4.19541e-14 0)
(1.5 5.4403e-14 0)
(1.5 5.8585e-14 0)
(1.5 5.4672e-14 0)
(1.5 9.55001e-14 0)
(1.5 6.81812e-14 0)
(1.5 7.48051e-14 0)
(1.5 1.39692e-14 0)
(1.5 7.35782e-15 0)
(1.5 3.76185e-14 0)
(1.5 1.06612e-14 0)
(1.5 -4.39525e-14 0)
(1.5 -4.43943e-14 0)
(1.5 -7.90094e-14 0)
(1.5 -1.38431e-13 0)
(1.5 -1.51501e-13 0)
(1.5 -1.96108e-13 0)
(1.5 -2.00101e-13 0)
(1.5 -1.88632e-13 0)
(1.5 -1.24198e-13 0)
(1.5 -1.20657e-13 0)
(1.5 -1.17283e-13 0)
(1.5 -9.60542e-14 0)
(1.5 -1.635e-13 0)
(1.5 -1.41907e-13 0)
(1.5 -1.38382e-13 0)
(1.5 -1.10731e-13 0)
(1.5 -3.10557e-14 0)
(1.5 2.77288e-14 0)
(1.5 -2.7789e-14 0)
(1.5 -1.35047e-13 0)
(1.5 -1.47571e-13 0)
(1.5 -1.60388e-13 0)
(1.5 -8.38909e-14 0)
(1.5 -2.00581e-14 0)
(1.5 -4.4178e-14 0)
(1.5 -4.66832e-14 0)
(1.5 -4.89978e-14 0)
(1.5 -4.39247e-14 0)
(1.5 -4.10487e-14 0)
(1.5 -8.87565e-14 0)
(1.5 -8.42394e-14 0)
(1.5 -6.93101e-14 0)
(1.5 -4.80715e-14 0)
(1.5 -4.52438e-14 0)
(1.5 -7.11693e-14 0)
(1.5 -1.16056e-13 0)
(1.5 -1.24518e-13 0)
(1.5 -1.52372e-13 0)
(1.5 -5.75583e-14 0)
(1.5 -9.21745e-15 0)
(1.5 2.37719e-14 0)
(1.5 1.4875e-16 0)
(1.5 6.5454e-15 0)
(1.5 -1.06763e-13 0)
(1.5 -2.41134e-13 0)
(1.5 -2.81913e-13 0)
(1.5 -3.60915e-13 0)
(1.5 -4.14019e-13 0)
(1.5 -4.91522e-13 0)
(1.5 -5.55073e-13 0)
(1.5 -5.79397e-13 0)
(1.5 -5.22435e-13 0)
(1.5 -5.20725e-13 0)
(1.5 -5.10051e-13 0)
(1.5 -4.3628e-13 0)
(1.5 -4.2259e-13 0)
(1.5 -4.96316e-13 0)
(1.5 -4.40551e-13 0)
(1.5 -4.47138e-13 0)
(1.5 -4.55899e-13 0)
(1.5 -4.7803e-13 0)
(1.5 -5.06038e-13 0)
(1.5 -4.54734e-13 0)
(1.5 -3.77164e-13 0)
(1.5 -4.19076e-13 0)
(1.5 -4.83951e-13 0)
(1.5 -5.49884e-13 0)
(1.5 -6.54166e-13 0)
(1.5 -6.58883e-13 0)
(1.5 -6.18151e-13 0)
(1.5 -6.61969e-13 0)
(1.5 -5.93602e-13 0)
(1.5 -4.75246e-13 0)
(1.5 -4.08813e-13 0)
(1.5 -4.14282e-13 0)
(1.5 -4.08917e-13 0)
(1.5 -4.40834e-13 0)
(1.5 -4.48117e-13 0)
(1.5 -3.77564e-13 0)
(1.5 -2.31429e-13 0)
(1.5 -1.57776e-13 0)
(1.5 -8.56153e-14 0)
(1.5 3.5487e-14 0)
(1.5 1.1059e-13 0)
(1.5 2.61405e-13 0)
(1.5 2.98822e-13 0)
(1.5 3.59363e-13 0)
(1.5 4.80618e-13 0)
(1.5 5.76304e-13 0)
(1.5 5.59858e-13 0)
(1.5 4.85199e-13 0)
(1.5 3.55855e-13 0)
(1.5 3.57803e-13 0)
(1.5 4.59114e-13 0)
(1.5 5.32723e-13 0)
(1.5 5.46573e-13 0)
(1.5 5.57279e-13 0)
(1.5 6.50319e-13 0)
(1.5 7.63105e-13 0)
(1.5 8.5258e-13 0)
(1.5 8.65467e-13 0)
(1.5 8.48966e-13 0)
(1.5 9.36194e-13 0)
(1.5 8.72946e-13 0)
(1.5 8.26341e-13 0)
(1.5 8.74297e-13 0)
(1.5 9.22723e-13 0)
(1.5 9.54287e-13 0)
(1.5 -2.38296e-14 0)
(1.5 -9.20836e-14 0)
(1.5 -1.80445e-13 0)
(1.5 -1.62831e-13 0)
(1.5 -1.59197e-13 0)
(1.5 -1.09662e-13 0)
(1.5 -1.48095e-13 0)
(1.5 -2.27095e-13 0)
(1.5 -1.51688e-13 0)
(1.5 -8.28693e-14 0)
(1.5 -6.18788e-14 0)
(1.5 5.73736e-14 0)
(1.5 1.63525e-13 0)
(1.5 1.61826e-13 0)
(1.5 1.0352e-13 0)
(1.5 4.5885e-14 0)
(1.5 1.68003e-14 0)
(1.5 -1.44636e-14 0)
(1.5 -9.33829e-14 0)
(1.5 -1.41041e-13 0)
(1.5 -2.36602e-13 0)
(1.5 -3.22762e-13 0)
(1.5 -2.78346e-13 0)
(1.5 -2.96756e-13 0)
(1.5 -2.7807e-13 0)
(1.5 -1.50224e-13 0)
(1.5 -7.41898e-14 0)
(1.5 -2.32974e-14 0)
(1.5 -9.69482e-15 0)
(1.5 -2.46031e-14 0)
(1.5 1.191e-14 0)
(1.5 8.74653e-14 0)
(1.5 5.99731e-14 0)
(1.5 -3.0013e-14 0)
(1.5 -2.66977e-14 0)
(1.5 -5.55409e-15 0)
(1.5 -4.8689e-14 0)
(1.5 -7.79153e-14 0)
(1.5 -6.0972e-14 0)
(1.5 -4.25711e-14 0)
(1.5 -4.98991e-14 0)
(1.5 -1.23832e-14 0)
(1.5 -8.53411e-15 0)
(1.5 -2.388e-16 0)
(1.5 -4.59288e-14 0)
(1.5 -4.23539e-14 0)
(1.5 -5.74257e-14 0)
(1.5 -7.28606e-14 0)
(1.5 -7.72105e-14 0)
(1.5 -4.91647e-14 0)
(1.5 -1.91204e-14 0)
(1.5 -5.87378e-14 0)
(1.5 -8.61204e-14 0)
(1.5 -1.02582e-13 0)
(1.5 -8.72271e-14 0)
(1.5 -5.05071e-14 0)
(1.5 -5.33111e-14 0)
(1.5 -6.63188e-14 0)
(1.5 -6.9692e-14 0)
(1.5 1.0528e-14 0)
(1.5 4.71937e-14 0)
(1.5 -3.64864e-14 0)
(1.5 1.48673e-14 0)
(1.5 2.80198e-14 0)
(1.5 1.04698e-14 0)
(1.5 -2.61174e-14 0)
(1.5 -5.67066e-14 0)
(1.5 4.28327e-14 0)
(1.5 5.63861e-14 0)
(1.5 8.743e-16 0)
(1.5 1.37131e-14 0)
(1.5 4.37614e-14 0)
(1.5 8.65258e-14 0)
(1.5 1.04712e-13 0)
(1.5 1.47807e-13 0)
(1.5 1.28386e-13 0)
(1.5 2.67724e-14 0)
(1.5 -2.00973e-14 0)
(1.5 -1.33694e-14 0)
(1.5 3.41827e-14 0)
(1.5 9.8998e-14 0)
(1.5 8.16746e-14 0)
(1.5 3.95466e-14 0)
(1.5 3.58078e-14 0)
(1.5 2.15962e-14 0)
(1.5 1.05152e-14 0)
(1.5 -2.30395e-14 0)
(1.5 6.52049e-14 0)
(1.5 6.89631e-14 0)
(1.5 9.46959e-14 0)
(1.5 1.32816e-13 0)
(1.5 1.18716e-13 0)
(1.5 -3.21313e-14 0)
(1.5 -1.39151e-13 0)
(1.5 -1.21494e-13 0)
(1.5 -1.29664e-13 0)
(1.5 -1.68029e-13 0)
(1.5 -1.87512e-13 0)
(1.5 -1.86575e-13 0)
(1.5 -1.4612e-13 0)
(1.5 -7.15685e-14 0)
(1.5 -5.69432e-14 0)
(1.5 -1.03564e-13 0)
(1.5 -1.25709e-13 0)
(1.5 -8.31065e-14 0)
(1.5 -9.78013e-14 0)
(1.5 -1.42472e-13 0)
(1.5 -1.92445e-13 0)
(1.5 -1.68767e-13 0)
(1.5 -5.49318e-14 0)
(1.5 -5.70958e-14 0)
(1.5 -2.54308e-14 0)
(1.5 -1.28265e-14 0)
(1.5 -2.05791e-14 0)
(1.5 -2.06039e-14 0)
(1.5 2.93027e-14 0)
(1.5 7.13699e-14 0)
(1.5 7.69319e-14 0)
(1.5 9.45548e-14 0)
(1.5 9.67372e-14 0)
(1.5 4.2527e-14 0)
(1.5 1.36492e-14 0)
(1.5 7.74012e-14 0)
(1.5 5.44365e-14 0)
(1.5 5.3354e-14 0)
(1.5 7.3073e-14 0)
(1.5 3.45802e-15 0)
(1.5 -7.20475e-14 0)
(1.5 -1.72895e-13 0)
(1.5 -2.02708e-13 0)
(1.5 -1.97147e-14 0)
(1.5 6.37546e-14 0)
(1.5 4.8518e-14 0)
(1.5 2.75923e-14 0)
(1.5 1.19033e-14 0)
(1.5 -5.14054e-14 0)
(1.5 -6.25982e-14 0)
(1.5 -9.2607e-14 0)
(1.5 -2.06779e-13 0)
(1.5 -3.83813e-13 0)
(1.5 -4.17282e-13 0)
(1.5 -4.69226e-13 0)
(1.5 -5.02395e-13 0)
(1.5 -4.62192e-13 0)
(1.5 -4.27403e-13 0)
(1.5 -4.41255e-13 0)
(1.5 -4.29962e-13 0)
(1.5 -4.57133e-13 0)
(1.5 -5.01697e-13 0)
(1.5 -4.24096e-13 0)
(1.5 -3.73404e-13 0)
(1.5 -4.27155e-13 0)
(1.5 -4.45884e-13 0)
(1.5 -5.1226e-13 0)
(1.5 -5.93784e-13 0)
(1.5 -5.17493e-13 0)
(1.5 -5.02348e-13 0)
(1.5 -5.84394e-13 0)
(1.5 -6.39925e-13 0)
(1.5 -6.27901e-13 0)
(1.5 -5.68779e-13 0)
(1.5 -4.93086e-13 0)
(1.5 -6.24083e-13 0)
(1.5 -5.92043e-13 0)
(1.5 -5.33246e-13 0)
(1.5 -5.69449e-13 0)
(1.5 -5.6176e-13 0)
(1.5 -5.23507e-13 0)
(1.5 -5.06172e-13 0)
(1.5 -4.47154e-13 0)
(1.5 -2.65289e-13 0)
(1.5 -1.53117e-13 0)
(1.5 -8.97053e-14 0)
(1.5 2.12175e-14 0)
(1.5 1.52364e-13 0)
(1.5 1.85826e-13 0)
(1.5 2.64974e-13 0)
(1.5 3.56827e-13 0)
(1.5 3.69185e-13 0)
(1.5 3.47056e-13 0)
(1.5 3.68392e-13 0)
(1.5 3.51174e-13 0)
(1.5 3.34283e-13 0)
(1.5 2.88156e-13 0)
(1.5 3.35829e-13 0)
(1.5 3.81949e-13 0)
(1.5 3.78355e-13 0)
(1.5 4.61301e-13 0)
(1.5 5.04961e-13 0)
(1.5 5.76564e-13 0)
(1.5 7.62817e-13 0)
(1.5 8.74871e-13 0)
(1.5 8.98488e-13 0)
(1.5 8.07379e-13 0)
(1.5 8.63059e-13 0)
(1.5 8.6942e-13 0)
(1.5 8.80679e-13 0)
(1.5 9.48445e-13 0)
(1.5 9.31573e-13 0)
(1.5 9.2072e-13 0)
(1.5 -3.44884e-15 0)
(1.5 -6.2143e-14 0)
(1.5 -1.08759e-13 0)
(1.5 -8.13101e-14 0)
(1.5 -1.0665e-13 0)
(1.5 -1.36256e-13 0)
(1.5 -2.13387e-13 0)
(1.5 -2.59178e-13 0)
(1.5 -2.13228e-13 0)
(1.5 -1.8032e-13 0)
(1.5 -1.53266e-13 0)
(1.5 -4.31694e-15 0)
(1.5 1.12174e-13 0)
(1.5 1.43762e-13 0)
(1.5 9.49131e-14 0)
(1.5 6.56239e-14 0)
(1.5 3.68169e-14 0)
(1.5 -4.63578e-14 0)
(1.5 -9.65684e-14 0)
(1.5 -1.23536e-13 0)
(1.5 -1.66888e-13 0)
(1.5 -1.80428e-13 0)
(1.5 -1.70563e-13 0)
(1.5 -2.11565e-13 0)
(1.5 -2.14993e-13 0)
(1.5 -1.3609e-13 0)
(1.5 -1.01747e-13 0)
(1.5 -4.79182e-14 0)
(1.5 -2.11215e-14 0)
(1.5 -9.30076e-14 0)
(1.5 -4.6588e-15 0)
(1.5 9.54745e-14 0)
(1.5 1.05325e-13 0)
(1.5 4.54873e-14 0)
(1.5 -1.35701e-14 0)
(1.5 -1.32975e-14 0)
(1.5 -1.05155e-14 0)
(1.5 -1.90294e-14 0)
(1.5 -3.51771e-14 0)
(1.5 -2.48869e-14 0)
(1.5 -3.44438e-14 0)
(1.5 -8.36347e-14 0)
(1.5 -6.22185e-14 0)
(1.5 -3.69483e-14 0)
(1.5 -4.70193e-14 0)
(1.5 -2.19185e-14 0)
(1.5 -4.30123e-14 0)
(1.5 -3.96219e-14 0)
(1.5 -4.11871e-14 0)
(1.5 -4.53989e-14 0)
(1.5 -5.4937e-14 0)
(1.5 -1.21741e-13 0)
(1.5 -1.47075e-13 0)
(1.5 -1.08535e-13 0)
(1.5 -1.07321e-13 0)
(1.5 -5.97819e-14 0)
(1.5 -5.86377e-15 0)
(1.5 -9.59254e-15 0)
(1.5 -9.2882e-15 0)
(1.5 6.14445e-14 0)
(1.5 3.8517e-14 0)
(1.5 -6.38758e-15 0)
(1.5 -4.2892e-14 0)
(1.5 3.28198e-14 0)
(1.5 2.5272e-14 0)
(1.5 -2.75907e-14 0)
(1.5 -4.18278e-14 0)
(1.5 -9.99609e-15 0)
(1.5 -3.77965e-15 0)
(1.5 -3.23226e-14 0)
(1.5 -6.92217e-14 0)
(1.5 -3.5505e-14 0)
(1.5 1.12934e-14 0)
(1.5 5.66477e-14 0)
(1.5 7.61202e-14 0)
(1.5 7.88605e-15 0)
(1.5 -5.52823e-15 0)
(1.5 -9.11741e-15 0)
(1.5 1.52889e-14 0)
(1.5 9.40739e-15 0)
(1.5 4.53957e-14 0)
(1.5 4.25785e-14 0)
(1.5 -1.42659e-15 0)
(1.5 -1.27343e-14 0)
(1.5 1.59215e-14 0)
(1.5 7.32717e-15 0)
(1.5 3.65894e-14 0)
(1.5 4.52718e-14 0)
(1.5 5.19464e-14 0)
(1.5 1.23995e-13 0)
(1.5 1.50481e-13 0)
(1.5 1.15589e-13 0)
(1.5 -1.54832e-14 0)
(1.5 -1.53293e-13 0)
(1.5 -2.24757e-13 0)
(1.5 -2.21022e-13 0)
(1.5 -2.10588e-13 0)
(1.5 -1.72014e-13 0)
(1.5 -1.78126e-13 0)
(1.5 -2.04048e-13 0)
(1.5 -2.23552e-13 0)
(1.5 -1.47896e-13 0)
(1.5 -1.46565e-13 0)
(1.5 -1.51738e-13 0)
(1.5 -8.49654e-14 0)
(1.5 -1.3124e-13 0)
(1.5 -1.8116e-13 0)
(1.5 -2.39691e-13 0)
(1.5 -2.18029e-13 0)
(1.5 -1.34256e-13 0)
(1.5 -7.39019e-14 0)
(1.5 4.09933e-14 0)
(1.5 1.20624e-13 0)
(1.5 1.26148e-13 0)
(1.5 8.72703e-14 0)
(1.5 4.59261e-14 0)
(1.5 8.73305e-14 0)
(1.5 1.53579e-13 0)
(1.5 1.28527e-13 0)
(1.5 1.10752e-13 0)
(1.5 2.27125e-14 0)
(1.5 4.8539e-14 0)
(1.5 1.37751e-13 0)
(1.5 1.77855e-13 0)
(1.5 1.97762e-13 0)
(1.5 1.69794e-13 0)
(1.5 3.39948e-14 0)
(1.5 -2.13316e-14 0)
(1.5 -1.07948e-13 0)
(1.5 -1.31903e-13 0)
(1.5 4.82364e-14 0)
(1.5 1.23015e-13 0)
(1.5 6.57316e-14 0)
(1.5 4.71474e-14 0)
(1.5 2.78986e-17 0)
(1.5 -4.19852e-14 0)
(1.5 -5.4807e-14 0)
(1.5 -7.55298e-14 0)
(1.5 -1.45178e-13 0)
(1.5 -2.76554e-13 0)
(1.5 -2.9065e-13 0)
(1.5 -3.39092e-13 0)
(1.5 -4.03545e-13 0)
(1.5 -3.5266e-13 0)
(1.5 -3.0324e-13 0)
(1.5 -3.41226e-13 0)
(1.5 -4.3162e-13 0)
(1.5 -4.46085e-13 0)
(1.5 -4.77437e-13 0)
(1.5 -4.39314e-13 0)
(1.5 -4.46482e-13 0)
(1.5 -5.03243e-13 0)
(1.5 -4.82701e-13 0)
(1.5 -4.92302e-13 0)
(1.5 -5.40492e-13 0)
(1.5 -5.69691e-13 0)
(1.5 -5.14098e-13 0)
(1.5 -5.67616e-13 0)
(1.5 -6.05684e-13 0)
(1.5 -6.04933e-13 0)
(1.5 -5.1144e-13 0)
(1.5 -4.59654e-13 0)
(1.5 -5.52921e-13 0)
(1.5 -6.13453e-13 0)
(1.5 -5.82566e-13 0)
(1.5 -6.14707e-13 0)
(1.5 -5.3343e-13 0)
(1.5 -4.40043e-13 0)
(1.5 -3.96854e-13 0)
(1.5 -3.15695e-13 0)
(1.5 -2.28738e-13 0)
(1.5 -1.53245e-13 0)
(1.5 -4.99089e-14 0)
(1.5 6.54303e-14 0)
(1.5 1.37297e-13 0)
(1.5 1.44313e-13 0)
(1.5 1.38195e-13 0)
(1.5 2.95264e-13 0)
(1.5 3.68595e-13 0)
(1.5 2.63331e-13 0)
(1.5 2.3486e-13 0)
(1.5 2.8611e-13 0)
(1.5 3.01774e-13 0)
(1.5 3.4116e-13 0)
(1.5 4.01323e-13 0)
(1.5 4.54771e-13 0)
(1.5 4.46252e-13 0)
(1.5 5.50957e-13 0)
(1.5 5.65289e-13 0)
(1.5 5.66841e-13 0)
(1.5 6.96917e-13 0)
(1.5 7.3657e-13 0)
(1.5 7.41447e-13 0)
(1.5 7.31902e-13 0)
(1.5 8.12683e-13 0)
(1.5 8.87698e-13 0)
(1.5 9.25817e-13 0)
(1.5 9.67676e-13 0)
(1.5 8.71343e-13 0)
(1.5 8.51453e-13 0)
(1.5 -1.2749e-14 0)
(1.5 -1.61701e-14 0)
(1.5 -6.12271e-15 0)
(1.5 2.20801e-14 0)
(1.5 -8.02406e-14 0)
(1.5 -2.26386e-13 0)
(1.5 -2.62845e-13 0)
(1.5 -2.33492e-13 0)
(1.5 -2.09181e-13 0)
(1.5 -2.21102e-13 0)
(1.5 -1.36652e-13 0)
(1.5 -2.6075e-14 0)
(1.5 6.42081e-14 0)
(1.5 1.25567e-13 0)
(1.5 1.42159e-13 0)
(1.5 1.15604e-13 0)
(1.5 9.63829e-14 0)
(1.5 -1.58236e-15 0)
(1.5 -4.29499e-14 0)
(1.5 -7.41673e-14 0)
(1.5 -1.17192e-13 0)
(1.5 -6.46553e-14 0)
(1.5 -8.70752e-14 0)
(1.5 -1.16209e-13 0)
(1.5 -6.90426e-14 0)
(1.5 -8.61354e-14 0)
(1.5 -5.76453e-14 0)
(1.5 -5.64358e-14 0)
(1.5 -6.07135e-14 0)
(1.5 -5.17064e-14 0)
(1.5 -1.31102e-14 0)
(1.5 6.78795e-14 0)
(1.5 8.77977e-14 0)
(1.5 3.87111e-14 0)
(1.5 6.1141e-15 0)
(1.5 -2.01191e-14 0)
(1.5 -1.94458e-14 0)
(1.5 -5.72592e-15 0)
(1.5 -2.95442e-14 0)
(1.5 -1.77788e-14 0)
(1.5 -1.37891e-15 0)
(1.5 -4.25903e-14 0)
(1.5 -7.8998e-14 0)
(1.5 -2.1361e-14 0)
(1.5 -1.61975e-14 0)
(1.5 -1.18089e-14 0)
(1.5 1.0014e-14 0)
(1.5 5.03835e-14 0)
(1.5 1.01145e-14 0)
(1.5 -4.03768e-14 0)
(1.5 -5.40801e-14 0)
(1.5 -1.08678e-13 0)
(1.5 -1.59583e-13 0)
(1.5 -1.14897e-13 0)
(1.5 -3.98859e-14 0)
(1.5 -6.88074e-15 0)
(1.5 -2.57283e-15 0)
(1.5 -2.15995e-14 0)
(1.5 3.59009e-14 0)
(1.5 2.31564e-14 0)
(1.5 -1.49919e-14 0)
(1.5 -1.30146e-14 0)
(1.5 -3.67264e-14 0)
(1.5 3.61187e-15 0)
(1.5 4.42272e-15 0)
(1.5 -1.67813e-14 0)
(1.5 -5.27345e-14 0)
(1.5 -9.03648e-14 0)
(1.5 -5.40129e-14 0)
(1.5 -1.65862e-14 0)
(1.5 -2.45364e-14 0)
(1.5 -8.42466e-14 0)
(1.5 -5.02246e-14 0)
(1.5 -1.09189e-14 0)
(1.5 -6.94256e-14 0)
(1.5 -1.02471e-13 0)
(1.5 -6.65539e-14 0)
(1.5 -1.8006e-14 0)
(1.5 2.6607e-14 0)
(1.5 -2.90376e-14 0)
(1.5 -5.63625e-14 0)
(1.5 -3.19043e-15 0)
(1.5 -3.02063e-14 0)
(1.5 -3.95266e-15 0)
(1.5 3.93912e-14 0)
(1.5 6.48646e-14 0)
(1.5 8.81268e-14 0)
(1.5 8.66568e-14 0)
(1.5 1.40808e-13 0)
(1.5 1.93526e-13 0)
(1.5 1.67042e-13 0)
(1.5 8.21346e-14 0)
(1.5 9.67561e-16 0)
(1.5 -9.01555e-14 0)
(1.5 -2.09703e-13 0)
(1.5 -2.15869e-13 0)
(1.5 -1.63754e-13 0)
(1.5 -1.47154e-13 0)
(1.5 -1.77148e-13 0)
(1.5 -2.39321e-13 0)
(1.5 -2.99437e-13 0)
(1.5 -2.05223e-13 0)
(1.5 -1.09468e-13 0)
(1.5 -6.94572e-14 0)
(1.5 -1.08301e-13 0)
(1.5 -2.65339e-13 0)
(1.5 -3.45803e-13 0)
(1.5 -2.79906e-13 0)
(1.5 -1.99531e-13 0)
(1.5 -1.51287e-13 0)
(1.5 -7.68296e-14 0)
(1.5 1.02804e-13 0)
(1.5 2.08353e-13 0)
(1.5 1.09553e-13 0)
(1.5 8.27101e-15 0)
(1.5 -8.20813e-14 0)
(1.5 -6.87398e-14 0)
(1.5 4.03384e-14 0)
(1.5 7.27054e-14 0)
(1.5 4.88802e-14 0)
(1.5 -1.4681e-14 0)
(1.5 -8.16733e-15 0)
(1.5 2.18282e-14 0)
(1.5 9.13123e-14 0)
(1.5 1.18716e-13 0)
(1.5 1.00336e-13 0)
(1.5 3.70172e-14 0)
(1.5 2.76189e-14 0)
(1.5 2.86633e-15 0)
(1.5 -2.59864e-14 0)
(1.5 4.39367e-14 0)
(1.5 7.92063e-14 0)
(1.5 1.14679e-13 0)
(1.5 9.49321e-14 0)
(1.5 2.48908e-14 0)
(1.5 8.99668e-15 0)
(1.5 -3.70228e-14 0)
(1.5 -4.17583e-14 0)
(1.5 -8.80106e-14 0)
(1.5 -1.6179e-13 0)
(1.5 -1.86137e-13 0)
(1.5 -2.32796e-13 0)
(1.5 -3.23259e-13 0)
(1.5 -2.87997e-13 0)
(1.5 -2.48749e-13 0)
(1.5 -2.81178e-13 0)
(1.5 -3.51826e-13 0)
(1.5 -3.27449e-13 0)
(1.5 -3.79358e-13 0)
(1.5 -4.33488e-13 0)
(1.5 -4.08388e-13 0)
(1.5 -3.85175e-13 0)
(1.5 -4.08153e-13 0)
(1.5 -4.39979e-13 0)
(1.5 -4.77267e-13 0)
(1.5 -5.40349e-13 0)
(1.5 -4.93403e-13 0)
(1.5 -4.98395e-13 0)
(1.5 -5.39697e-13 0)
(1.5 -6.04799e-13 0)
(1.5 -5.28053e-13 0)
(1.5 -5.24353e-13 0)
(1.5 -4.95623e-13 0)
(1.5 -5.57009e-13 0)
(1.5 -5.53733e-13 0)
(1.5 -5.87141e-13 0)
(1.5 -5.26958e-13 0)
(1.5 -3.84337e-13 0)
(1.5 -2.89858e-13 0)
(1.5 -1.70889e-13 0)
(1.5 -1.27263e-13 0)
(1.5 -9.1769e-14 0)
(1.5 -2.98978e-14 0)
(1.5 9.81573e-14 0)
(1.5 1.72097e-13 0)
(1.5 2.18938e-13 0)
(1.5 2.05649e-13 0)
(1.5 2.66765e-13 0)
(1.5 2.92904e-13 0)
(1.5 2.41956e-13 0)
(1.5 2.20424e-13 0)
(1.5 2.86177e-13 0)
(1.5 2.45852e-13 0)
(1.5 2.62315e-13 0)
(1.5 3.3153e-13 0)
(1.5 4.23808e-13 0)
(1.5 4.89376e-13 0)
(1.5 6.03015e-13 0)
(1.5 5.91719e-13 0)
(1.5 5.38868e-13 0)
(1.5 5.5844e-13 0)
(1.5 5.83647e-13 0)
(1.5 5.59505e-13 0)
(1.5 6.24483e-13 0)
(1.5 7.64709e-13 0)
(1.5 8.67337e-13 0)
(1.5 9.52374e-13 0)
(1.5 9.80785e-13 0)
(1.5 9.05077e-13 0)
(1.5 8.90201e-13 0)
(1.5 1.16625e-15 0)
(1.5 1.12515e-14 0)
(1.5 2.3633e-14 0)
(1.5 4.02859e-14 0)
(1.5 -7.35626e-14 0)
(1.5 -1.93341e-13 0)
(1.5 -1.51652e-13 0)
(1.5 -1.39919e-13 0)
(1.5 -1.57676e-13 0)
(1.5 -1.67366e-13 0)
(1.5 -8.98684e-14 0)
(1.5 6.81504e-15 0)
(1.5 2.91491e-14 0)
(1.5 1.60576e-14 0)
(1.5 5.49705e-14 0)
(1.5 6.91451e-14 0)
(1.5 6.61221e-14 0)
(1.5 9.92299e-14 0)
(1.5 3.75944e-14 0)
(1.5 -8.07218e-14 0)
(1.5 -1.00556e-13 0)
(1.5 -5.92033e-14 0)
(1.5 -7.40927e-14 0)
(1.5 -1.02453e-13 0)
(1.5 -5.62671e-14 0)
(1.5 -8.26518e-14 0)
(1.5 -6.54601e-14 0)
(1.5 -6.21653e-14 0)
(1.5 -4.67496e-14 0)
(1.5 3.47932e-14 0)
(1.5 2.22684e-14 0)
(1.5 1.50465e-14 0)
(1.5 6.23698e-15 0)
(1.5 1.15969e-14 0)
(1.5 2.52909e-15 0)
(1.5 -1.33424e-14 0)
(1.5 -3.90063e-14 0)
(1.5 -1.65478e-14 0)
(1.5 3.02989e-14 0)
(1.5 3.54727e-14 0)
(1.5 2.52659e-14 0)
(1.5 3.54705e-15 0)
(1.5 -7.2825e-14 0)
(1.5 -8.26301e-14 0)
(1.5 -4.50867e-14 0)
(1.5 -3.37648e-14 0)
(1.5 9.39134e-15 0)
(1.5 3.37095e-14 0)
(1.5 -7.42354e-15 0)
(1.5 -1.0131e-14 0)
(1.5 -1.08754e-14 0)
(1.5 -7.02645e-14 0)
(1.5 -1.29401e-13 0)
(1.5 -1.03752e-13 0)
(1.5 -4.30863e-14 0)
(1.5 -1.975e-14 0)
(1.5 -5.5377e-15 0)
(1.5 -1.18517e-14 0)
(1.5 -2.01242e-15 0)
(1.5 -2.73581e-14 0)
(1.5 -2.66739e-14 0)
(1.5 4.62207e-15 0)
(1.5 1.13044e-14 0)
(1.5 1.95387e-16 0)
(1.5 2.69087e-14 0)
(1.5 4.95376e-17 0)
(1.5 -5.3002e-14 0)
(1.5 -4.8727e-14 0)
(1.5 3.90271e-15 0)
(1.5 -1.71141e-14 0)
(1.5 7.03488e-15 0)
(1.5 -7.71379e-14 0)
(1.5 -7.77029e-14 0)
(1.5 -9.70681e-14 0)
(1.5 -1.49313e-13 0)
(1.5 -8.85188e-14 0)
(1.5 -5.19723e-14 0)
(1.5 -4.49314e-14 0)
(1.5 -2.83945e-14 0)
(1.5 -3.76307e-14 0)
(1.5 -5.42876e-14 0)
(1.5 -8.31555e-14 0)
(1.5 -1.12173e-13 0)
(1.5 -3.25559e-14 0)
(1.5 1.56021e-14 0)
(1.5 6.01381e-14 0)
(1.5 3.91377e-14 0)
(1.5 7.47404e-14 0)
(1.5 1.53724e-13 0)
(1.5 1.39609e-13 0)
(1.5 1.62243e-13 0)
(1.5 8.91537e-14 0)
(1.5 7.10551e-14 0)
(1.5 3.93424e-14 0)
(1.5 -4.45277e-14 0)
(1.5 -1.22104e-13 0)
(1.5 -1.46036e-13 0)
(1.5 -2.11525e-13 0)
(1.5 -2.22751e-13 0)
(1.5 -2.32526e-13 0)
(1.5 -2.88294e-13 0)
(1.5 -2.50706e-13 0)
(1.5 -1.61445e-13 0)
(1.5 -1.54955e-13 0)
(1.5 -2.23649e-13 0)
(1.5 -2.98947e-13 0)
(1.5 -3.33082e-13 0)
(1.5 -2.25143e-13 0)
(1.5 -1.22217e-13 0)
(1.5 -8.14328e-14 0)
(1.5 -3.46611e-14 0)
(1.5 9.33654e-14 0)
(1.5 1.4237e-13 0)
(1.5 6.21989e-14 0)
(1.5 -1.06754e-14 0)
(1.5 -7.86133e-14 0)
(1.5 -5.60803e-14 0)
(1.5 -5.34322e-14 0)
(1.5 -1.09755e-14 0)
(1.5 2.10745e-14 0)
(1.5 3.66483e-15 0)
(1.5 -4.72941e-14 0)
(1.5 -4.88706e-14 0)
(1.5 1.04554e-14 0)
(1.5 7.44411e-14 0)
(1.5 1.46868e-13 0)
(1.5 1.9467e-13 0)
(1.5 1.89859e-13 0)
(1.5 1.61693e-13 0)
(1.5 1.39515e-13 0)
(1.5 9.09015e-14 0)
(1.5 4.88015e-14 0)
(1.5 1.26458e-13 0)
(1.5 1.82306e-13 0)
(1.5 8.54835e-14 0)
(1.5 1.18605e-14 0)
(1.5 2.01417e-14 0)
(1.5 4.87228e-15 0)
(1.5 4.36662e-14 0)
(1.5 5.65809e-14 0)
(1.5 -1.39208e-15 0)
(1.5 -3.03503e-14 0)
(1.5 -1.02808e-13 0)
(1.5 -1.21703e-13 0)
(1.5 -6.74593e-14 0)
(1.5 -6.58361e-14 0)
(1.5 -7.99777e-14 0)
(1.5 -1.24331e-13 0)
(1.5 -1.86899e-13 0)
(1.5 -3.12309e-13 0)
(1.5 -3.5702e-13 0)
(1.5 -3.38131e-13 0)
(1.5 -4.2709e-13 0)
(1.5 -4.8002e-13 0)
(1.5 -5.50088e-13 0)
(1.5 -5.46625e-13 0)
(1.5 -4.20468e-13 0)
(1.5 -3.72924e-13 0)
(1.5 -4.15835e-13 0)
(1.5 -4.83484e-13 0)
(1.5 -4.44854e-13 0)
(1.5 -4.29676e-13 0)
(1.5 -4.18696e-13 0)
(1.5 -4.31957e-13 0)
(1.5 -5.26018e-13 0)
(1.5 -5.19625e-13 0)
(1.5 -5.04207e-13 0)
(1.5 -4.28667e-13 0)
(1.5 -2.93452e-13 0)
(1.5 -1.15058e-13 0)
(1.5 -6.32061e-16 0)
(1.5 -1.69579e-14 0)
(1.5 3.26004e-14 0)
(1.5 1.24815e-13 0)
(1.5 1.89082e-13 0)
(1.5 2.52182e-13 0)
(1.5 2.94294e-13 0)
(1.5 3.53643e-13 0)
(1.5 2.66275e-13 0)
(1.5 1.99698e-13 0)
(1.5 1.63828e-13 0)
(1.5 1.99687e-13 0)
(1.5 1.64543e-13 0)
(1.5 1.59753e-13 0)
(1.5 2.49702e-13 0)
(1.5 3.24398e-13 0)
(1.5 4.84162e-13 0)
(1.5 5.67175e-13 0)
(1.5 6.22846e-13 0)
(1.5 5.83189e-13 0)
(1.5 5.22799e-13 0)
(1.5 5.43943e-13 0)
(1.5 5.24376e-13 0)
(1.5 5.38358e-13 0)
(1.5 6.13988e-13 0)
(1.5 7.33062e-13 0)
(1.5 8.5737e-13 0)
(1.5 9.17555e-13 0)
(1.5 9.21993e-13 0)
(1.5 9.32347e-13 0)
(1.5 1.2589e-14 0)
(1.5 2.53562e-14 0)
(1.5 9.60753e-14 0)
(1.5 7.61438e-14 0)
(1.5 7.82856e-15 0)
(1.5 -7.91563e-14 0)
(1.5 -5.95297e-14 0)
(1.5 -6.63809e-14 0)
(1.5 -1.15767e-13 0)
(1.5 -1.08566e-13 0)
(1.5 -9.5728e-14 0)
(1.5 -6.31381e-14 0)
(1.5 -5.32283e-14 0)
(1.5 -6.38479e-14 0)
(1.5 -1.26614e-14 0)
(1.5 2.97416e-14 0)
(1.5 1.53057e-14 0)
(1.5 1.01959e-13 0)
(1.5 8.63313e-14 0)
(1.5 -6.09903e-15 0)
(1.5 1.21063e-14 0)
(1.5 -2.53877e-14 0)
(1.5 -2.82569e-14 0)
(1.5 -3.62113e-14 0)
(1.5 -5.0071e-14 0)
(1.5 -1.82297e-14 0)
(1.5 -6.99241e-15 0)
(1.5 -4.42236e-14 0)
(1.5 -4.88745e-14 0)
(1.5 9.37954e-15 0)
(1.5 -9.93131e-15 0)
(1.5 -6.88228e-14 0)
(1.5 -4.36395e-14 0)
(1.5 1.89864e-15 0)
(1.5 3.50924e-15 0)
(1.5 7.07347e-15 0)
(1.5 3.60007e-14 0)
(1.5 4.47454e-14 0)
(1.5 6.09059e-14 0)
(1.5 2.5793e-14 0)
(1.5 4.18246e-14 0)
(1.5 8.43125e-15 0)
(1.5 -9.62341e-15 0)
(1.5 -2.3353e-14 0)
(1.5 -1.10911e-14 0)
(1.5 5.71774e-14 0)
(1.5 8.91236e-14 0)
(1.5 1.8417e-14 0)
(1.5 1.25856e-15 0)
(1.5 2.99071e-14 0)
(1.5 2.50647e-14 0)
(1.5 5.75088e-15 0)
(1.5 -6.35327e-15 0)
(1.5 -3.60336e-14 0)
(1.5 -8.69928e-14 0)
(1.5 -7.4303e-14 0)
(1.5 2.18119e-14 0)
(1.5 3.50008e-14 0)
(1.5 -4.28969e-14 0)
(1.5 -6.34007e-14 0)
(1.5 -4.76714e-14 0)
(1.5 -2.52753e-14 0)
(1.5 1.07546e-14 0)
(1.5 -1.25664e-14 0)
(1.5 1.50678e-15 0)
(1.5 1.07686e-15 0)
(1.5 4.23044e-14 0)
(1.5 3.20811e-14 0)
(1.5 -1.01613e-14 0)
(1.5 -6.23424e-14 0)
(1.5 7.91526e-15 0)
(1.5 -7.93719e-15 0)
(1.5 -9.15931e-14 0)
(1.5 -1.42312e-13 0)
(1.5 -1.52926e-13 0)
(1.5 -9.96897e-14 0)
(1.5 -1.80936e-14 0)
(1.5 -1.43015e-14 0)
(1.5 -5.86575e-14 0)
(1.5 -4.10241e-14 0)
(1.5 -3.41256e-14 0)
(1.5 -9.81975e-14 0)
(1.5 -8.36485e-14 0)
(1.5 -3.57958e-14 0)
(1.5 1.74484e-14 0)
(1.5 6.5704e-14 0)
(1.5 2.48677e-14 0)
(1.5 3.28246e-14 0)
(1.5 4.40576e-14 0)
(1.5 2.89082e-14 0)
(1.5 9.61121e-14 0)
(1.5 1.42648e-13 0)
(1.5 1.7432e-13 0)
(1.5 1.92693e-13 0)
(1.5 1.30218e-13 0)
(1.5 1.66089e-14 0)
(1.5 -1.26064e-13 0)
(1.5 -2.59656e-13 0)
(1.5 -2.46282e-13 0)
(1.5 -2.01871e-13 0)
(1.5 -2.05315e-13 0)
(1.5 -2.02648e-13 0)
(1.5 -2.19783e-13 0)
(1.5 -2.18823e-13 0)
(1.5 -2.70666e-13 0)
(1.5 -2.30992e-13 0)
(1.5 -1.65685e-13 0)
(1.5 -7.86511e-14 0)
(1.5 -5.66538e-14 0)
(1.5 -5.92031e-14 0)
(1.5 -4.8979e-14 0)
(1.5 1.70122e-14 0)
(1.5 -2.46466e-14 0)
(1.5 -4.9535e-14 0)
(1.5 -5.6745e-14 0)
(1.5 -7.7506e-14 0)
(1.5 -1.65407e-14 0)
(1.5 -4.71378e-15 0)
(1.5 4.20283e-14 0)
(1.5 4.27856e-14 0)
(1.5 3.33882e-14 0)
(1.5 3.7505e-14 0)
(1.5 6.19366e-14 0)
(1.5 1.11429e-13 0)
(1.5 1.18683e-13 0)
(1.5 1.45237e-13 0)
(1.5 2.28542e-13 0)
(1.5 2.46299e-13 0)
(1.5 2.71084e-13 0)
(1.5 2.65957e-13 0)
(1.5 1.41414e-13 0)
(1.5 8.88641e-14 0)
(1.5 2.55869e-13 0)
(1.5 3.24388e-13 0)
(1.5 2.65873e-13 0)
(1.5 1.97215e-13 0)
(1.5 1.63135e-13 0)
(1.5 1.16035e-13 0)
(1.5 1.92138e-13 0)
(1.5 2.87169e-13 0)
(1.5 1.93391e-13 0)
(1.5 1.40001e-13 0)
(1.5 1.31129e-13 0)
(1.5 1.54575e-13 0)
(1.5 1.61367e-13 0)
(1.5 9.85928e-14 0)
(1.5 1.5069e-14 0)
(1.5 -7.98586e-14 0)
(1.5 -1.2495e-13 0)
(1.5 -1.69376e-13 0)
(1.5 -3.37311e-13 0)
(1.5 -3.50142e-13 0)
(1.5 -3.78827e-13 0)
(1.5 -3.77965e-13 0)
(1.5 -3.96977e-13 0)
(1.5 -4.24562e-13 0)
(1.5 -3.5567e-13 0)
(1.5 -3.77439e-13 0)
(1.5 -4.09393e-13 0)
(1.5 -3.82831e-13 0)
(1.5 -2.87851e-13 0)
(1.5 -2.66306e-13 0)
(1.5 -2.80767e-13 0)
(1.5 -2.67988e-13 0)
(1.5 -3.46869e-13 0)
(1.5 -3.79492e-13 0)
(1.5 -4.29203e-13 0)
(1.5 -4.0101e-13 0)
(1.5 -2.93057e-13 0)
(1.5 -1.96905e-13 0)
(1.5 -1.18143e-13 0)
(1.5 -8.24939e-14 0)
(1.5 2.27035e-15 0)
(1.5 2.12709e-15 0)
(1.5 9.06677e-14 0)
(1.5 1.44574e-13 0)
(1.5 2.22968e-13 0)
(1.5 2.81096e-13 0)
(1.5 2.17751e-13 0)
(1.5 2.14762e-13 0)
(1.5 1.85031e-13 0)
(1.5 1.17732e-13 0)
(1.5 1.39832e-13 0)
(1.5 1.64776e-13 0)
(1.5 2.55466e-13 0)
(1.5 3.1356e-13 0)
(1.5 4.78389e-13 0)
(1.5 5.6677e-13 0)
(1.5 6.25257e-13 0)
(1.5 5.38873e-13 0)
(1.5 4.70464e-13 0)
(1.5 4.47168e-13 0)
(1.5 4.93151e-13 0)
(1.5 4.98898e-13 0)
(1.5 5.18133e-13 0)
(1.5 6.5131e-13 0)
(1.5 7.46184e-13 0)
(1.5 7.82824e-13 0)
(1.5 8.52274e-13 0)
(1.5 9.08869e-13 0)
(1.5 2.2354e-14 0)
(1.5 3.65454e-14 0)
(1.5 1.23629e-13 0)
(1.5 5.57116e-14 0)
(1.5 1.0102e-14 0)
(1.5 -1.21525e-14 0)
(1.5 -2.81306e-14 0)
(1.5 -8.31991e-15 0)
(1.5 -4.85902e-14 0)
(1.5 -3.58345e-14 0)
(1.5 -6.95854e-14 0)
(1.5 -1.48484e-13 0)
(1.5 -1.15446e-13 0)
(1.5 -2.72e-14 0)
(1.5 1.18712e-14 0)
(1.5 1.81086e-14 0)
(1.5 1.29851e-15 0)
(1.5 3.20974e-14 0)
(1.5 3.76667e-14 0)
(1.5 5.69132e-14 0)
(1.5 6.00247e-14 0)
(1.5 3.06804e-14 0)
(1.5 4.67536e-14 0)
(1.5 5.73048e-14 0)
(1.5 7.69158e-16 0)
(1.5 2.16041e-14 0)
(1.5 2.95106e-14 0)
(1.5 3.05734e-14 0)
(1.5 -4.86847e-14 0)
(1.5 -6.79644e-14 0)
(1.5 -7.86467e-14 0)
(1.5 -8.33762e-14 0)
(1.5 -4.46505e-14 0)
(1.5 3.92758e-14 0)
(1.5 5.41584e-14 0)
(1.5 -3.50713e-14 0)
(1.5 4.15512e-14 0)
(1.5 6.07265e-14 0)
(1.5 7.68732e-14 0)
(1.5 4.75279e-14 0)
(1.5 7.87239e-14 0)
(1.5 2.81956e-14 0)
(1.5 1.86376e-14 0)
(1.5 3.54356e-14 0)
(1.5 3.8641e-14 0)
(1.5 8.22388e-14 0)
(1.5 9.32225e-14 0)
(1.5 5.56035e-14 0)
(1.5 5.73079e-14 0)
(1.5 5.47168e-14 0)
(1.5 5.68963e-14 0)
(1.5 6.70106e-14 0)
(1.5 6.49854e-14 0)
(1.5 4.41025e-14 0)
(1.5 -2.80823e-14 0)
(1.5 -4.69528e-14 0)
(1.5 3.44832e-14 0)
(1.5 2.04226e-14 0)
(1.5 -3.90393e-14 0)
(1.5 -8.22277e-14 0)
(1.5 -6.09278e-14 0)
(1.5 -3.54419e-14 0)
(1.5 5.26333e-15 0)
(1.5 -1.75125e-14 0)
(1.5 -5.87055e-14 0)
(1.5 -1.49573e-14 0)
(1.5 6.59412e-14 0)
(1.5 4.63298e-14 0)
(1.5 -2.81483e-14 0)
(1.5 -4.8968e-14 0)
(1.5 -1.12006e-14 0)
(1.5 -5.21392e-14 0)
(1.5 -1.52685e-13 0)
(1.5 -1.41524e-13 0)
(1.5 -1.09165e-13 0)
(1.5 -1.07931e-13 0)
(1.5 -7.17645e-14 0)
(1.5 -4.10402e-14 0)
(1.5 -2.73787e-14 0)
(1.5 -3.49558e-14 0)
(1.5 -7.22176e-14 0)
(1.5 -5.09305e-14 0)
(1.5 -9.55004e-15 0)
(1.5 -1.90541e-14 0)
(1.5 6.15676e-14 0)
(1.5 4.88842e-14 0)
(1.5 2.05671e-14 0)
(1.5 -4.84772e-15 0)
(1.5 -3.17501e-14 0)
(1.5 -2.45018e-15 0)
(1.5 -1.01611e-15 0)
(1.5 7.57658e-14 0)
(1.5 1.86146e-13 0)
(1.5 2.52937e-13 0)
(1.5 2.23623e-13 0)
(1.5 1.14184e-13 0)
(1.5 -6.65371e-14 0)
(1.5 -1.6177e-13 0)
(1.5 -1.85217e-13 0)
(1.5 -2.47348e-13 0)
(1.5 -2.47104e-13 0)
(1.5 -2.2246e-13 0)
(1.5 -2.19652e-13 0)
(1.5 -1.60386e-13 0)
(1.5 -1.59458e-13 0)
(1.5 -1.4652e-13 0)
(1.5 -1.11516e-13 0)
(1.5 -7.86255e-14 0)
(1.5 -1.05347e-13 0)
(1.5 -1.23879e-13 0)
(1.5 -8.10243e-14 0)
(1.5 -5.25961e-14 0)
(1.5 -7.65589e-14 0)
(1.5 -5.7243e-14 0)
(1.5 -7.25092e-14 0)
(1.5 -5.11954e-14 0)
(1.5 -5.79567e-14 0)
(1.5 -2.32608e-14 0)
(1.5 1.5273e-14 0)
(1.5 -3.39507e-14 0)
(1.5 1.39044e-15 0)
(1.5 6.112e-14 0)
(1.5 1.21793e-13 0)
(1.5 1.59252e-13 0)
(1.5 8.22367e-14 0)
(1.5 3.80489e-14 0)
(1.5 1.18623e-13 0)
(1.5 1.75971e-13 0)
(1.5 2.30583e-13 0)
(1.5 2.37215e-13 0)
(1.5 1.11445e-13 0)
(1.5 9.92274e-14 0)
(1.5 4.13345e-13 0)
(1.5 4.47597e-13 0)
(1.5 4.11285e-13 0)
(1.5 4.04308e-13 0)
(1.5 2.96031e-13 0)
(1.5 2.30185e-13 0)
(1.5 2.02864e-13 0)
(1.5 2.35805e-13 0)
(1.5 2.18245e-13 0)
(1.5 2.17468e-13 0)
(1.5 2.58404e-13 0)
(1.5 2.79822e-13 0)
(1.5 1.62977e-13 0)
(1.5 8.51005e-14 0)
(1.5 -4.61021e-15 0)
(1.5 -9.21688e-14 0)
(1.5 -1.08786e-13 0)
(1.5 -1.73566e-13 0)
(1.5 -2.79837e-13 0)
(1.5 -2.73567e-13 0)
(1.5 -2.44919e-13 0)
(1.5 -2.53436e-13 0)
(1.5 -2.7598e-13 0)
(1.5 -3.91121e-13 0)
(1.5 -4.88823e-13 0)
(1.5 -5.60138e-13 0)
(1.5 -5.16045e-13 0)
(1.5 -3.69267e-13 0)
(1.5 -2.77718e-13 0)
(1.5 -2.62875e-13 0)
(1.5 -2.35924e-13 0)
(1.5 -2.56382e-13 0)
(1.5 -3.52761e-13 0)
(1.5 -4.31603e-13 0)
(1.5 -4.03693e-13 0)
(1.5 -3.32574e-13 0)
(1.5 -2.9265e-13 0)
(1.5 -3.56759e-13 0)
(1.5 -3.30511e-13 0)
(1.5 -2.19158e-13 0)
(1.5 -1.85004e-13 0)
(1.5 -1.8006e-13 0)
(1.5 -1.03355e-13 0)
(1.5 3.1949e-14 0)
(1.5 1.5527e-13 0)
(1.5 1.39708e-13 0)
(1.5 1.60878e-13 0)
(1.5 1.89256e-13 0)
(1.5 1.3183e-13 0)
(1.5 5.162e-14 0)
(1.5 1.58418e-13 0)
(1.5 2.12759e-13 0)
(1.5 2.72881e-13 0)
(1.5 3.53157e-13 0)
(1.5 4.05517e-13 0)
(1.5 4.20912e-13 0)
(1.5 3.93268e-13 0)
(1.5 3.4461e-13 0)
(1.5 3.93936e-13 0)
(1.5 3.78043e-13 0)
(1.5 4.47535e-13 0)
(1.5 4.68951e-13 0)
(1.5 4.40198e-13 0)
(1.5 4.51264e-13 0)
(1.5 4.75844e-13 0)
(1.5 5.36953e-13 0)
(1.5 7.00419e-13 0)
(1.5 7.79524e-13 0)
(1.5 2.74224e-14 0)
(1.5 3.97216e-14 0)
(1.5 4.50357e-14 0)
(1.5 -5.28277e-14 0)
(1.5 -6.0154e-14 0)
(1.5 1.5953e-14 0)
(1.5 3.27438e-14 0)
(1.5 7.04301e-14 0)
(1.5 -5.68424e-15 0)
(1.5 -1.42619e-14 0)
(1.5 -3.34908e-14 0)
(1.5 -1.15892e-13 0)
(1.5 -1.08064e-13 0)
(1.5 -1.6759e-14 0)
(1.5 2.3032e-15 0)
(1.5 3.69237e-15 0)
(1.5 2.74797e-17 0)
(1.5 -7.85702e-15 0)
(1.5 1.36502e-14 0)
(1.5 6.32192e-14 0)
(1.5 5.55321e-14 0)
(1.5 6.21726e-14 0)
(1.5 2.65588e-14 0)
(1.5 3.43891e-14 0)
(1.5 1.17258e-14 0)
(1.5 4.22657e-14 0)
(1.5 7.60781e-15 0)
(1.5 3.44029e-14 0)
(1.5 -2.39243e-14 0)
(1.5 -6.43519e-14 0)
(1.5 -7.41711e-14 0)
(1.5 -1.00803e-13 0)
(1.5 -9.50413e-14 0)
(1.5 5.74446e-15 0)
(1.5 9.44642e-15 0)
(1.5 -3.124e-14 0)
(1.5 -5.25516e-15 0)
(1.5 -3.17928e-15 0)
(1.5 -6.79566e-15 0)
(1.5 2.14307e-14 0)
(1.5 1.16028e-14 0)
(1.5 2.7216e-14 0)
(1.5 2.42772e-14 0)
(1.5 -2.48687e-15 0)
(1.5 2.89792e-14 0)
(1.5 4.87424e-14 0)
(1.5 2.62684e-14 0)
(1.5 4.97929e-14 0)
(1.5 5.63273e-14 0)
(1.5 4.01928e-14 0)
(1.5 4.58864e-14 0)
(1.5 7.68865e-14 0)
(1.5 5.69348e-14 0)
(1.5 7.90587e-14 0)
(1.5 8.67722e-14 0)
(1.5 4.50303e-14 0)
(1.5 2.15596e-15 0)
(1.5 -4.03348e-14 0)
(1.5 -6.42914e-14 0)
(1.5 -8.36781e-14 0)
(1.5 -8.47352e-14 0)
(1.5 -5.74824e-14 0)
(1.5 -5.85321e-14 0)
(1.5 -2.35022e-14 0)
(1.5 -3.28763e-14 0)
(1.5 -8.51001e-15 0)
(1.5 3.58063e-14 0)
(1.5 5.22209e-14 0)
(1.5 5.73319e-14 0)
(1.5 2.88961e-15 0)
(1.5 -8.66192e-14 0)
(1.5 -1.18995e-13 0)
(1.5 -1.40984e-13 0)
(1.5 -1.19048e-13 0)
(1.5 -3.90846e-14 0)
(1.5 -3.68366e-14 0)
(1.5 -7.6724e-14 0)
(1.5 -1.15105e-13 0)
(1.5 -1.00716e-13 0)
(1.5 -7.88933e-14 0)
(1.5 -6.8653e-14 0)
(1.5 -5.72251e-15 0)
(1.5 7.43613e-14 0)
(1.5 3.71609e-14 0)
(1.5 2.5412e-14 0)
(1.5 -2.7462e-14 0)
(1.5 2.17905e-14 0)
(1.5 -1.05262e-14 0)
(1.5 -1.5474e-14 0)
(1.5 4.57043e-14 0)
(1.5 1.99291e-14 0)
(1.5 7.20813e-15 0)
(1.5 1.16598e-13 0)
(1.5 1.82564e-13 0)
(1.5 2.06924e-13 0)
(1.5 1.99273e-13 0)
(1.5 9.56151e-14 0)
(1.5 4.02416e-14 0)
(1.5 -6.36878e-14 0)
(1.5 -1.75461e-13 0)
(1.5 -2.06968e-13 0)
(1.5 -2.44236e-13 0)
(1.5 -2.09624e-13 0)
(1.5 -1.59313e-13 0)
(1.5 -1.04736e-13 0)
(1.5 -1.47642e-13 0)
(1.5 -1.88993e-13 0)
(1.5 -2.28882e-13 0)
(1.5 -2.42267e-13 0)
(1.5 -1.98377e-13 0)
(1.5 -7.5863e-14 0)
(1.5 -1.21934e-13 0)
(1.5 -7.71005e-14 0)
(1.5 5.94445e-14 0)
(1.5 7.98072e-14 0)
(1.5 6.84248e-14 0)
(1.5 -4.39559e-14 0)
(1.5 -1.16548e-13 0)
(1.5 -9.75148e-14 0)
(1.5 -9.22508e-14 0)
(1.5 3.03132e-16 0)
(1.5 4.38265e-14 0)
(1.5 9.62131e-14 0)
(1.5 9.05291e-14 0)
(1.5 8.26578e-14 0)
(1.5 4.62746e-14 0)
(1.5 5.57036e-14 0)
(1.5 6.74552e-14 0)
(1.5 8.98389e-14 0)
(1.5 1.35844e-13 0)
(1.5 1.37659e-13 0)
(1.5 1.81608e-13 0)
(1.5 4.6592e-13 0)
(1.5 4.99819e-13 0)
(1.5 4.61093e-13 0)
(1.5 4.68826e-13 0)
(1.5 3.91905e-13 0)
(1.5 2.86429e-13 0)
(1.5 2.11166e-13 0)
(1.5 1.87286e-13 0)
(1.5 2.54881e-13 0)
(1.5 2.71546e-13 0)
(1.5 2.82684e-13 0)
(1.5 2.42201e-13 0)
(1.5 9.55606e-14 0)
(1.5 9.24248e-14 0)
(1.5 9.717e-14 0)
(1.5 4.92029e-14 0)
(1.5 -1.93807e-14 0)
(1.5 -1.34796e-13 0)
(1.5 -1.8944e-13 0)
(1.5 -2.49225e-13 0)
(1.5 -2.01504e-13 0)
(1.5 -2.24593e-13 0)
(1.5 -3.33598e-13 0)
(1.5 -5.04076e-13 0)
(1.5 -6.61713e-13 0)
(1.5 -6.92099e-13 0)
(1.5 -6.20515e-13 0)
(1.5 -4.2883e-13 0)
(1.5 -3.45682e-13 0)
(1.5 -3.45939e-13 0)
(1.5 -3.94923e-13 0)
(1.5 -4.16986e-13 0)
(1.5 -4.53775e-13 0)
(1.5 -4.83058e-13 0)
(1.5 -4.24664e-13 0)
(1.5 -3.62841e-13 0)
(1.5 -3.53629e-13 0)
(1.5 -3.7789e-13 0)
(1.5 -3.03334e-13 0)
(1.5 -1.91195e-13 0)
(1.5 -1.91117e-13 0)
(1.5 -1.43764e-13 0)
(1.5 -1.5688e-13 0)
(1.5 -2.6403e-14 0)
(1.5 1.31286e-13 0)
(1.5 1.6761e-13 0)
(1.5 2.08909e-13 0)
(1.5 1.74038e-13 0)
(1.5 9.21282e-14 0)
(1.5 1.05944e-13 0)
(1.5 1.7897e-13 0)
(1.5 1.94104e-13 0)
(1.5 2.02421e-13 0)
(1.5 2.5087e-13 0)
(1.5 2.3614e-13 0)
(1.5 2.1512e-13 0)
(1.5 1.52437e-13 0)
(1.5 1.7178e-13 0)
(1.5 2.46908e-13 0)
(1.5 2.81321e-13 0)
(1.5 3.19795e-13 0)
(1.5 3.12009e-13 0)
(1.5 2.7079e-13 0)
(1.5 2.57977e-13 0)
(1.5 2.78754e-13 0)
(1.5 3.85343e-13 0)
(1.5 4.97191e-13 0)
(1.5 5.61458e-13 0)
(1.5 2.16651e-14 0)
(1.5 3.57688e-14 0)
(1.5 -1.01176e-14 0)
(1.5 -7.78778e-14 0)
(1.5 -2.7674e-14 0)
(1.5 4.61182e-14 0)
(1.5 4.01786e-14 0)
(1.5 2.10183e-14 0)
(1.5 -9.92882e-14 0)
(1.5 -1.58727e-13 0)
(1.5 -1.57326e-13 0)
(1.5 -7.5408e-14 0)
(1.5 -9.54867e-14 0)
(1.5 -9.69995e-14 0)
(1.5 -9.37311e-14 0)
(1.5 -3.97595e-14 0)
(1.5 -7.34403e-17 0)
(1.5 5.3643e-15 0)
(1.5 5.43606e-14 0)
(1.5 6.2981e-14 0)
(1.5 5.9199e-14 0)
(1.5 5.00811e-14 0)
(1.5 2.25101e-14 0)
(1.5 4.0998e-14 0)
(1.5 5.42807e-14 0)
(1.5 2.85454e-14 0)
(1.5 1.32575e-15 0)
(1.5 5.67524e-14 0)
(1.5 2.35614e-14 0)
(1.5 3.97204e-14 0)
(1.5 -1.17217e-14 0)
(1.5 -8.56208e-14 0)
(1.5 -1.02688e-13 0)
(1.5 -7.88562e-14 0)
(1.5 -4.36689e-14 0)
(1.5 -2.07112e-14 0)
(1.5 -4.56884e-14 0)
(1.5 -4.02338e-14 0)
(1.5 -7.36918e-14 0)
(1.5 -2.23174e-15 0)
(1.5 -3.20423e-14 0)
(1.5 6.19311e-15 0)
(1.5 1.06852e-14 0)
(1.5 -5.3976e-14 0)
(1.5 -2.18834e-14 0)
(1.5 -1.97782e-14 0)
(1.5 -2.47997e-14 0)
(1.5 -2.31568e-15 0)
(1.5 3.61113e-14 0)
(1.5 5.5352e-14 0)
(1.5 7.88271e-14 0)
(1.5 1.32581e-13 0)
(1.5 1.36494e-13 0)
(1.5 1.02725e-13 0)
(1.5 8.06627e-14 0)
(1.5 3.50346e-14 0)
(1.5 -9.4937e-14 0)
(1.5 -1.00845e-13 0)
(1.5 -7.90108e-14 0)
(1.5 -7.13208e-14 0)
(1.5 -1.00963e-13 0)
(1.5 -5.40607e-14 0)
(1.5 -8.39655e-14 0)
(1.5 -9.65468e-14 0)
(1.5 -5.62448e-14 0)
(1.5 -3.78911e-14 0)
(1.5 -1.42048e-14 0)
(1.5 2.33838e-14 0)
(1.5 8.52196e-14 0)
(1.5 2.03509e-14 0)
(1.5 -1.21325e-13 0)
(1.5 -4.69083e-14 0)
(1.5 5.34986e-16 0)
(1.5 -1.57869e-14 0)
(1.5 -1.56338e-14 0)
(1.5 8.87252e-15 0)
(1.5 -3.7843e-14 0)
(1.5 -1.2171e-13 0)
(1.5 -1.45938e-13 0)
(1.5 -7.90942e-14 0)
(1.5 -6.70204e-14 0)
(1.5 -4.72033e-14 0)
(1.5 4.09872e-14 0)
(1.5 3.56956e-14 0)
(1.5 -3.23167e-14 0)
(1.5 -5.47076e-14 0)
(1.5 -1.44402e-14 0)
(1.5 -2.21693e-14 0)
(1.5 1.14214e-15 0)
(1.5 5.34312e-14 0)
(1.5 -1.11738e-14 0)
(1.5 -5.61168e-14 0)
(1.5 -4.43565e-14 0)
(1.5 -3.34342e-14 0)
(1.5 5.19161e-15 0)
(1.5 7.93253e-14 0)
(1.5 8.17488e-14 0)
(1.5 3.23619e-14 0)
(1.5 -4.12563e-14 0)
(1.5 -4.22223e-14 0)
(1.5 -3.03778e-14 0)
(1.5 -1.71206e-13 0)
(1.5 -2.28554e-13 0)
(1.5 -2.3296e-13 0)
(1.5 -1.71153e-13 0)
(1.5 -1.21085e-13 0)
(1.5 -1.23678e-13 0)
(1.5 -2.24016e-13 0)
(1.5 -2.6882e-13 0)
(1.5 -1.7651e-13 0)
(1.5 -1.10079e-13 0)
(1.5 -1.106e-13 0)
(1.5 -2.96823e-14 0)
(1.5 7.4874e-14 0)
(1.5 1.17951e-13 0)
(1.5 9.1434e-14 0)
(1.5 2.62132e-15 0)
(1.5 -1.35719e-13 0)
(1.5 -1.01499e-13 0)
(1.5 1.10446e-14 0)
(1.5 1.34477e-13 0)
(1.5 1.65545e-13 0)
(1.5 1.83173e-13 0)
(1.5 1.6276e-13 0)
(1.5 1.86508e-13 0)
(1.5 2.16636e-13 0)
(1.5 2.0082e-13 0)
(1.5 1.5773e-13 0)
(1.5 1.2774e-13 0)
(1.5 1.31415e-13 0)
(1.5 1.73077e-13 0)
(1.5 2.41673e-13 0)
(1.5 3.4699e-13 0)
(1.5 3.76186e-13 0)
(1.5 4.12899e-13 0)
(1.5 4.22631e-13 0)
(1.5 4.96629e-13 0)
(1.5 4.5914e-13 0)
(1.5 4.1568e-13 0)
(1.5 3.92893e-13 0)
(1.5 4.14505e-13 0)
(1.5 3.93935e-13 0)
(1.5 3.57442e-13 0)
(1.5 2.24193e-13 0)
(1.5 1.84575e-13 0)
(1.5 2.52837e-13 0)
(1.5 2.41206e-13 0)
(1.5 1.92468e-13 0)
(1.5 1.62088e-13 0)
(1.5 3.43312e-14 0)
(1.5 -4.90415e-14 0)
(1.5 -1.84788e-13 0)
(1.5 -2.13642e-13 0)
(1.5 -2.74191e-13 0)
(1.5 -4.38674e-13 0)
(1.5 -5.82536e-13 0)
(1.5 -6.78585e-13 0)
(1.5 -5.89091e-13 0)
(1.5 -5.21541e-13 0)
(1.5 -4.73381e-13 0)
(1.5 -5.11136e-13 0)
(1.5 -5.14069e-13 0)
(1.5 -5.75381e-13 0)
(1.5 -5.16678e-13 0)
(1.5 -3.7631e-13 0)
(1.5 -3.74728e-13 0)
(1.5 -3.95076e-13 0)
(1.5 -4.19475e-13 0)
(1.5 -4.09089e-13 0)
(1.5 -3.03547e-13 0)
(1.5 -1.57579e-13 0)
(1.5 -4.85751e-14 0)
(1.5 -9.58627e-15 0)
(1.5 -1.12068e-14 0)
(1.5 -3.55038e-14 0)
(1.5 2.82699e-14 0)
(1.5 1.26139e-13 0)
(1.5 1.83226e-13 0)
(1.5 1.70252e-13 0)
(1.5 1.36635e-13 0)
(1.5 1.22154e-13 0)
(1.5 1.46667e-13 0)
(1.5 1.10317e-13 0)
(1.5 1.13358e-13 0)
(1.5 1.13473e-13 0)
(1.5 1.45774e-13 0)
(1.5 1.40547e-13 0)
(1.5 1.20235e-13 0)
(1.5 8.88973e-14 0)
(1.5 1.11393e-13 0)
(1.5 9.72214e-14 0)
(1.5 1.23771e-13 0)
(1.5 1.61839e-13 0)
(1.5 1.13919e-13 0)
(1.5 1.04522e-13 0)
(1.5 1.71539e-13 0)
(1.5 2.45025e-13 0)
(1.5 2.94672e-13 0)
(1.5 3.26705e-13 0)
(1.5 3.95553e-13 0)
(1.5 1.07402e-14 0)
(1.5 5.46031e-14 0)
(1.5 9.60976e-14 0)
(1.5 1.02784e-13 0)
(1.5 1.23675e-13 0)
(1.5 1.20601e-13 0)
(1.5 8.97443e-14 0)
(1.5 -3.87869e-14 0)
(1.5 -1.18134e-13 0)
(1.5 -1.74145e-13 0)
(1.5 -1.52264e-13 0)
(1.5 -1.02181e-13 0)
(1.5 -1.40024e-13 0)
(1.5 -1.26181e-13 0)
(1.5 -1.2842e-13 0)
(1.5 -9.71015e-14 0)
(1.5 -4.27712e-14 0)
(1.5 -1.21836e-14 0)
(1.5 4.15883e-14 0)
(1.5 5.00144e-14 0)
(1.5 3.09954e-14 0)
(1.5 7.88012e-14 0)
(1.5 1.17203e-13 0)
(1.5 1.28614e-13 0)
(1.5 9.27915e-14 0)
(1.5 5.47288e-14 0)
(1.5 3.43755e-14 0)
(1.5 9.10065e-14 0)
(1.5 1.06345e-13 0)
(1.5 8.77734e-14 0)
(1.5 4.80772e-14 0)
(1.5 -1.80347e-14 0)
(1.5 -7.12264e-14 0)
(1.5 -1.12244e-13 0)
(1.5 -1.52234e-14 0)
(1.5 -1.01708e-14 0)
(1.5 -3.27724e-14 0)
(1.5 -1.41089e-14 0)
(1.5 -5.40541e-14 0)
(1.5 -6.73708e-15 0)
(1.5 -6.98502e-15 0)
(1.5 3.65187e-14 0)
(1.5 -2.32223e-15 0)
(1.5 -2.70894e-14 0)
(1.5 -3.30638e-14 0)
(1.5 -7.95527e-14 0)
(1.5 -3.85725e-14 0)
(1.5 -1.81824e-14 0)
(1.5 6.07352e-14 0)
(1.5 8.05058e-14 0)
(1.5 1.12107e-13 0)
(1.5 1.51813e-13 0)
(1.5 1.96633e-13 0)
(1.5 1.50246e-13 0)
(1.5 7.20879e-14 0)
(1.5 2.22084e-14 0)
(1.5 -8.74833e-14 0)
(1.5 -9.18483e-14 0)
(1.5 -3.87946e-14 0)
(1.5 -4.71896e-14 0)
(1.5 -5.13075e-14 0)
(1.5 -1.98443e-14 0)
(1.5 -4.79436e-14 0)
(1.5 -1.14364e-13 0)
(1.5 -7.65236e-14 0)
(1.5 -1.47251e-14 0)
(1.5 -4.73514e-15 0)
(1.5 -4.40326e-14 0)
(1.5 1.19108e-14 0)
(1.5 5.90568e-15 0)
(1.5 -5.76475e-14 0)
(1.5 -4.59619e-14 0)
(1.5 1.47125e-15 0)
(1.5 -2.58648e-15 0)
(1.5 -5.22044e-14 0)
(1.5 -5.19332e-14 0)
(1.5 -7.86612e-14 0)
(1.5 -1.0435e-13 0)
(1.5 -1.06633e-13 0)
(1.5 -8.11011e-14 0)
(1.5 -7.41301e-14 0)
(1.5 -1.04104e-13 0)
(1.5 -9.90705e-14 0)
(1.5 -6.42424e-14 0)
(1.5 -6.98232e-14 0)
(1.5 -2.8243e-14 0)
(1.5 -1.63241e-14 0)
(1.5 -1.77197e-15 0)
(1.5 8.65803e-14 0)
(1.5 5.20914e-14 0)
(1.5 -9.29094e-14 0)
(1.5 -1.67341e-13 0)
(1.5 -2.21794e-13 0)
(1.5 -1.88939e-13 0)
(1.5 -1.15598e-13 0)
(1.5 -1.18479e-14 0)
(1.5 4.67672e-14 0)
(1.5 4.54363e-14 0)
(1.5 4.3852e-14 0)
(1.5 8.04368e-15 0)
(1.5 -1.33459e-14 0)
(1.5 -1.14785e-13 0)
(1.5 -1.56785e-13 0)
(1.5 -1.5947e-13 0)
(1.5 -1.76088e-13 0)
(1.5 -1.23478e-13 0)
(1.5 -1.05585e-13 0)
(1.5 -1.69456e-13 0)
(1.5 -2.23226e-13 0)
(1.5 -2.08277e-13 0)
(1.5 -2.31775e-13 0)
(1.5 -1.98346e-13 0)
(1.5 -1.12323e-13 0)
(1.5 -9.69395e-14 0)
(1.5 -8.41564e-14 0)
(1.5 -3.19201e-14 0)
(1.5 -2.20902e-14 0)
(1.5 -6.45716e-14 0)
(1.5 -6.14654e-14 0)
(1.5 9.65397e-14 0)
(1.5 1.86597e-13 0)
(1.5 2.43031e-13 0)
(1.5 2.00088e-13 0)
(1.5 2.46262e-13 0)
(1.5 2.40905e-13 0)
(1.5 2.98699e-13 0)
(1.5 2.97595e-13 0)
(1.5 2.5182e-13 0)
(1.5 2.35528e-13 0)
(1.5 1.59825e-13 0)
(1.5 1.18558e-13 0)
(1.5 1.14189e-13 0)
(1.5 1.15466e-13 0)
(1.5 1.8266e-13 0)
(1.5 3.04139e-13 0)
(1.5 4.14513e-13 0)
(1.5 5.3225e-13 0)
(1.5 5.80662e-13 0)
(1.5 5.98991e-13 0)
(1.5 6.03557e-13 0)
(1.5 5.66118e-13 0)
(1.5 5.51223e-13 0)
(1.5 4.89768e-13 0)
(1.5 4.06376e-13 0)
(1.5 4.04974e-13 0)
(1.5 3.6038e-13 0)
(1.5 3.52177e-13 0)
(1.5 4.27691e-13 0)
(1.5 3.83377e-13 0)
(1.5 1.93326e-13 0)
(1.5 7.10018e-15 0)
(1.5 -1.74071e-13 0)
(1.5 -2.47374e-13 0)
(1.5 -3.10868e-13 0)
(1.5 -4.35419e-13 0)
(1.5 -5.16301e-13 0)
(1.5 -5.37396e-13 0)
(1.5 -4.36943e-13 0)
(1.5 -3.65062e-13 0)
(1.5 -4.21301e-13 0)
(1.5 -5.72218e-13 0)
(1.5 -6.17154e-13 0)
(1.5 -6.2759e-13 0)
(1.5 -5.06506e-13 0)
(1.5 -3.9091e-13 0)
(1.5 -3.35539e-13 0)
(1.5 -2.90478e-13 0)
(1.5 -2.5285e-13 0)
(1.5 -1.90842e-13 0)
(1.5 -1.0685e-13 0)
(1.5 -5.31331e-14 0)
(1.5 2.80156e-14 0)
(1.5 3.66639e-14 0)
(1.5 6.38869e-15 0)
(1.5 5.15416e-14 0)
(1.5 1.04194e-13 0)
(1.5 1.10846e-13 0)
(1.5 1.18008e-13 0)
(1.5 1.62245e-13 0)
(1.5 1.5434e-13 0)
(1.5 1.60915e-13 0)
(1.5 1.59181e-13 0)
(1.5 1.07979e-13 0)
(1.5 1.29497e-13 0)
(1.5 1.00072e-13 0)
(1.5 1.41506e-13 0)
(1.5 1.27152e-13 0)
(1.5 5.75644e-14 0)
(1.5 3.50898e-14 0)
(1.5 5.10423e-14 0)
(1.5 4.75829e-14 0)
(1.5 5.76774e-14 0)
(1.5 9.70269e-15 0)
(1.5 2.47483e-14 0)
(1.5 6.36562e-14 0)
(1.5 8.19097e-14 0)
(1.5 1.9291e-13 0)
(1.5 2.74522e-13 0)
(1.5 3.18763e-13 0)
(1.5 3.54563e-13 0)
(1.5 -5.72366e-15 0)
(1.5 5.6193e-14 0)
(1.5 1.75214e-13 0)
(1.5 2.68482e-13 0)
(1.5 2.90156e-13 0)
(1.5 2.01857e-13 0)
(1.5 1.30607e-13 0)
(1.5 4.94319e-14 0)
(1.5 3.45724e-14 0)
(1.5 1.44515e-14 0)
(1.5 -2.7732e-15 0)
(1.5 -5.16209e-14 0)
(1.5 -9.43155e-14 0)
(1.5 -8.63431e-14 0)
(1.5 -1.02038e-13 0)
(1.5 -9.25295e-14 0)
(1.5 -4.0584e-14 0)
(1.5 -9.48007e-15 0)
(1.5 -2.02415e-14 0)
(1.5 -2.43774e-14 0)
(1.5 9.51524e-15 0)
(1.5 1.23026e-13 0)
(1.5 1.56547e-13 0)
(1.5 1.76364e-13 0)
(1.5 1.44815e-13 0)
(1.5 9.64693e-14 0)
(1.5 4.24487e-14 0)
(1.5 4.57005e-14 0)
(1.5 1.14159e-13 0)
(1.5 1.01895e-13 0)
(1.5 8.73889e-14 0)
(1.5 1.73686e-14 0)
(1.5 -4.49872e-14 0)
(1.5 -9.64737e-14 0)
(1.5 -4.0205e-14 0)
(1.5 3.59794e-14 0)
(1.5 7.8258e-14 0)
(1.5 5.03891e-14 0)
(1.5 2.75933e-14 0)
(1.5 -1.42617e-14 0)
(1.5 3.96979e-15 0)
(1.5 4.96549e-14 0)
(1.5 3.03576e-14 0)
(1.5 6.20552e-14 0)
(1.5 5.18756e-14 0)
(1.5 1.85929e-14 0)
(1.5 2.19977e-14 0)
(1.5 3.57684e-14 0)
(1.5 5.63419e-14 0)
(1.5 9.42952e-14 0)
(1.5 1.23235e-13 0)
(1.5 1.19207e-13 0)
(1.5 1.37413e-13 0)
(1.5 1.17689e-13 0)
(1.5 9.35403e-14 0)
(1.5 5.4394e-14 0)
(1.5 -1.83291e-14 0)
(1.5 -3.43292e-14 0)
(1.5 1.96452e-15 0)
(1.5 -6.39821e-14 0)
(1.5 -4.21562e-14 0)
(1.5 -6.55398e-14 0)
(1.5 -7.85282e-14 0)
(1.5 -9.75739e-14 0)
(1.5 -5.4024e-14 0)
(1.5 3.31256e-14 0)
(1.5 -7.36047e-15 0)
(1.5 -7.94511e-14 0)
(1.5 -6.19091e-14 0)
(1.5 -2.18029e-15 0)
(1.5 1.44779e-14 0)
(1.5 -6.10725e-14 0)
(1.5 -2.76001e-14 0)
(1.5 -5.52057e-14 0)
(1.5 -7.92026e-14 0)
(1.5 -1.07727e-13 0)
(1.5 -1.19058e-13 0)
(1.5 -1.47784e-13 0)
(1.5 -1.07337e-13 0)
(1.5 -9.19136e-14 0)
(1.5 -6.95474e-14 0)
(1.5 -3.15427e-14 0)
(1.5 -1.18497e-13 0)
(1.5 -9.25425e-14 0)
(1.5 -8.4314e-14 0)
(1.5 -2.16411e-14 0)
(1.5 2.6891e-14 0)
(1.5 8.25657e-14 0)
(1.5 1.48054e-13 0)
(1.5 -1.89057e-14 0)
(1.5 -1.78581e-13 0)
(1.5 -2.95374e-13 0)
(1.5 -3.49874e-13 0)
(1.5 -2.44024e-13 0)
(1.5 -7.70462e-14 0)
(1.5 8.7144e-14 0)
(1.5 1.86968e-13 0)
(1.5 2.14344e-13 0)
(1.5 1.85425e-13 0)
(1.5 9.69929e-14 0)
(1.5 5.79746e-14 0)
(1.5 2.49461e-14 0)
(1.5 -3.8657e-14 0)
(1.5 -8.32435e-14 0)
(1.5 -1.28666e-13 0)
(1.5 -1.7174e-13 0)
(1.5 -2.05565e-13 0)
(1.5 -1.54966e-13 0)
(1.5 -1.46799e-13 0)
(1.5 -2.15421e-13 0)
(1.5 -2.61847e-13 0)
(1.5 -3.03441e-13 0)
(1.5 -3.09853e-13 0)
(1.5 -2.74413e-13 0)
(1.5 -2.52511e-13 0)
(1.5 -1.01438e-13 0)
(1.5 -3.74955e-14 0)
(1.5 -1.35484e-14 0)
(1.5 -4.68292e-14 0)
(1.5 9.03015e-14 0)
(1.5 1.69171e-13 0)
(1.5 2.53591e-13 0)
(1.5 2.37753e-13 0)
(1.5 2.56504e-13 0)
(1.5 2.68592e-13 0)
(1.5 2.84209e-13 0)
(1.5 2.12539e-13 0)
(1.5 1.68727e-13 0)
(1.5 1.96443e-13 0)
(1.5 1.742e-13 0)
(1.5 1.23735e-13 0)
(1.5 3.42249e-14 0)
(1.5 -3.13927e-14 0)
(1.5 6.81357e-14 0)
(1.5 2.49952e-13 0)
(1.5 4.09468e-13 0)
(1.5 5.36559e-13 0)
(1.5 6.42178e-13 0)
(1.5 6.99266e-13 0)
(1.5 7.66114e-13 0)
(1.5 7.06257e-13 0)
(1.5 6.90097e-13 0)
(1.5 6.63947e-13 0)
(1.5 6.66171e-13 0)
(1.5 6.35447e-13 0)
(1.5 4.64057e-13 0)
(1.5 4.00152e-13 0)
(1.5 5.8789e-13 0)
(1.5 5.0981e-13 0)
(1.5 3.13003e-13 0)
(1.5 -5.65924e-15 0)
(1.5 -2.30472e-13 0)
(1.5 -2.79814e-13 0)
(1.5 -2.50442e-13 0)
(1.5 -2.85618e-13 0)
(1.5 -3.73862e-13 0)
(1.5 -3.79524e-13 0)
(1.5 -3.17453e-13 0)
(1.5 -3.12894e-13 0)
(1.5 -3.43255e-13 0)
(1.5 -4.45191e-13 0)
(1.5 -5.39575e-13 0)
(1.5 -5.1544e-13 0)
(1.5 -4.16101e-13 0)
(1.5 -3.72405e-13 0)
(1.5 -3.1705e-13 0)
(1.5 -1.90664e-13 0)
(1.5 -2.74635e-14 0)
(1.5 5.36257e-14 0)
(1.5 1.48787e-13 0)
(1.5 1.28305e-13 0)
(1.5 8.79385e-14 0)
(1.5 -2.54617e-14 0)
(1.5 -5.93006e-14 0)
(1.5 2.53901e-14 0)
(1.5 5.83451e-14 0)
(1.5 6.56754e-14 0)
(1.5 1.15097e-13 0)
(1.5 1.92519e-13 0)
(1.5 1.9267e-13 0)
(1.5 1.9972e-13 0)
(1.5 1.93671e-13 0)
(1.5 2.00817e-13 0)
(1.5 1.63371e-13 0)
(1.5 1.03361e-13 0)
(1.5 6.89385e-14 0)
(1.5 3.75356e-14 0)
(1.5 -1.44446e-13 0)
(1.5 -1.54344e-13 0)
(1.5 -1.42175e-13 0)
(1.5 -8.70313e-14 0)
(1.5 -4.55072e-14 0)
(1.5 -2.16005e-13 0)
(1.5 -1.9061e-13 0)
(1.5 -1.75667e-13 0)
(1.5 -1.20598e-13 0)
(1.5 5.40754e-14 0)
(1.5 1.97218e-13 0)
(1.5 2.69268e-13 0)
(1.5 2.92747e-13 0)
(1.5 -1.03002e-14 0)
(1.5 1.57795e-14 0)
(1.5 1.04767e-13 0)
(1.5 2.23009e-13 0)
(1.5 2.59546e-13 0)
(1.5 1.29264e-13 0)
(1.5 4.18015e-14 0)
(1.5 1.07247e-13 0)
(1.5 1.38907e-13 0)
(1.5 1.19826e-13 0)
(1.5 6.08268e-14 0)
(1.5 3.08035e-14 0)
(1.5 -3.01807e-14 0)
(1.5 -1.08101e-13 0)
(1.5 -1.01775e-13 0)
(1.5 -6.3854e-14 0)
(1.5 -1.43721e-14 0)
(1.5 -5.66239e-15 0)
(1.5 3.17243e-15 0)
(1.5 -4.89317e-14 0)
(1.5 -2.83021e-15 0)
(1.5 5.65532e-14 0)
(1.5 1.32664e-13 0)
(1.5 1.79184e-13 0)
(1.5 1.59473e-13 0)
(1.5 1.15192e-13 0)
(1.5 8.50838e-14 0)
(1.5 4.66501e-14 0)
(1.5 9.70051e-14 0)
(1.5 1.27804e-13 0)
(1.5 1.24113e-13 0)
(1.5 1.10003e-13 0)
(1.5 3.96512e-14 0)
(1.5 1.49853e-15 0)
(1.5 -3.57223e-14 0)
(1.5 1.67612e-15 0)
(1.5 5.49359e-14 0)
(1.5 8.96381e-14 0)
(1.5 1.50678e-13 0)
(1.5 8.97171e-14 0)
(1.5 8.70433e-14 0)
(1.5 3.62469e-14 0)
(1.5 9.30005e-14 0)
(1.5 1.66207e-13 0)
(1.5 1.70254e-13 0)
(1.5 1.57384e-13 0)
(1.5 1.16759e-13 0)
(1.5 1.01064e-13 0)
(1.5 4.68046e-14 0)
(1.5 1.27943e-13 0)
(1.5 1.83709e-13 0)
(1.5 1.53081e-13 0)
(1.5 1.21209e-13 0)
(1.5 9.62445e-14 0)
(1.5 6.99987e-14 0)
(1.5 3.63779e-14 0)
(1.5 3.25257e-14 0)
(1.5 3.72872e-14 0)
(1.5 4.8755e-14 0)
(1.5 -2.9474e-14 0)
(1.5 -4.12484e-14 0)
(1.5 -6.32253e-14 0)
(1.5 -1.02959e-13 0)
(1.5 -5.94433e-14 0)
(1.5 -2.89553e-14 0)
(1.5 2.68582e-14 0)
(1.5 -2.42576e-14 0)
(1.5 -4.319e-14 0)
(1.5 -8.37253e-14 0)
(1.5 -2.95853e-14 0)
(1.5 2.40027e-14 0)
(1.5 3.68396e-14 0)
(1.5 3.72734e-14 0)
(1.5 -2.65594e-14 0)
(1.5 -8.38653e-14 0)
(1.5 -5.63499e-14 0)
(1.5 -8.78284e-14 0)
(1.5 -1.44856e-13 0)
(1.5 -1.18777e-13 0)
(1.5 -4.47638e-14 0)
(1.5 -1.93269e-14 0)
(1.5 5.63617e-14 0)
(1.5 -1.34121e-14 0)
(1.5 -2.2604e-14 0)
(1.5 2.08447e-15 0)
(1.5 2.38828e-15 0)
(1.5 4.88737e-14 0)
(1.5 1.04597e-13 0)
(1.5 8.4388e-14 0)
(1.5 -9.46101e-14 0)
(1.5 -2.03652e-13 0)
(1.5 -2.63175e-13 0)
(1.5 -3.00864e-13 0)
(1.5 -2.50266e-13 0)
(1.5 -9.99658e-14 0)
(1.5 4.92135e-14 0)
(1.5 1.48981e-13 0)
(1.5 1.8411e-13 0)
(1.5 1.05145e-13 0)
(1.5 1.04216e-13 0)
(1.5 9.84163e-14 0)
(1.5 8.06872e-14 0)
(1.5 1.3208e-15 0)
(1.5 -4.77062e-14 0)
(1.5 -3.87158e-14 0)
(1.5 -8.48873e-14 0)
(1.5 -1.35049e-13 0)
(1.5 -6.62287e-14 0)
(1.5 -1.78074e-14 0)
(1.5 -9.30426e-14 0)
(1.5 -1.2777e-13 0)
(1.5 -1.83105e-13 0)
(1.5 -2.0034e-13 0)
(1.5 -2.03714e-13 0)
(1.5 -2.27122e-13 0)
(1.5 -1.28131e-13 0)
(1.5 -5.31197e-14 0)
(1.5 -2.21608e-14 0)
(1.5 -1.12723e-14 0)
(1.5 5.82612e-14 0)
(1.5 1.11809e-13 0)
(1.5 2.48314e-13 0)
(1.5 3.05293e-13 0)
(1.5 2.53803e-13 0)
(1.5 2.79178e-13 0)
(1.5 2.54446e-13 0)
(1.5 1.88776e-13 0)
(1.5 1.56076e-13 0)
(1.5 1.85285e-13 0)
(1.5 2.24444e-13 0)
(1.5 2.16435e-13 0)
(1.5 1.37677e-13 0)
(1.5 -3.22043e-14 0)
(1.5 8.41419e-14 0)
(1.5 3.03857e-13 0)
(1.5 4.25065e-13 0)
(1.5 5.55833e-13 0)
(1.5 7.65382e-13 0)
(1.5 8.5062e-13 0)
(1.5 9.0696e-13 0)
(1.5 9.05499e-13 0)
(1.5 8.96884e-13 0)
(1.5 8.80916e-13 0)
(1.5 8.40356e-13 0)
(1.5 7.30233e-13 0)
(1.5 5.81104e-13 0)
(1.5 4.50212e-13 0)
(1.5 5.4127e-13 0)
(1.5 4.95045e-13 0)
(1.5 3.3442e-13 0)
(1.5 9.03208e-14 0)
(1.5 -1.05149e-13 0)
(1.5 -2.09845e-13 0)
(1.5 -2.11379e-13 0)
(1.5 -1.84907e-13 0)
(1.5 -2.21108e-13 0)
(1.5 -2.32447e-13 0)
(1.5 -2.23753e-13 0)
(1.5 -2.7569e-13 0)
(1.5 -2.5792e-13 0)
(1.5 -2.69274e-13 0)
(1.5 -3.44047e-13 0)
(1.5 -2.85866e-13 0)
(1.5 -2.28479e-13 0)
(1.5 -1.83415e-13 0)
(1.5 -1.71972e-13 0)
(1.5 -1.05635e-13 0)
(1.5 3.12691e-14 0)
(1.5 1.29265e-13 0)
(1.5 3.22907e-13 0)
(1.5 2.93127e-13 0)
(1.5 2.26879e-13 0)
(1.5 1.17219e-13 0)
(1.5 4.8585e-14 0)
(1.5 8.16482e-14 0)
(1.5 1.17091e-13 0)
(1.5 1.54796e-13 0)
(1.5 1.69916e-13 0)
(1.5 1.64045e-13 0)
(1.5 1.93841e-13 0)
(1.5 1.79545e-13 0)
(1.5 1.62913e-13 0)
(1.5 1.65413e-13 0)
(1.5 8.78512e-14 0)
(1.5 6.4309e-15 0)
(1.5 -5.89506e-14 0)
(1.5 -1.36726e-13 0)
(1.5 -3.86179e-13 0)
(1.5 -3.36592e-13 0)
(1.5 -2.90203e-13 0)
(1.5 -2.10085e-13 0)
(1.5 -2.15081e-13 0)
(1.5 -4.51718e-13 0)
(1.5 -5.2021e-13 0)
(1.5 -4.45629e-13 0)
(1.5 -3.1938e-13 0)
(1.5 -1.42786e-13 0)
(1.5 -4.09676e-14 0)
(1.5 6.33562e-14 0)
(1.5 7.86512e-14 0)
(1.5 -5.39979e-15 0)
(1.5 1.2803e-14 0)
(1.5 2.34342e-14 0)
(1.5 8.10191e-14 0)
(1.5 5.54678e-14 0)
(1.5 -1.63348e-15 0)
(1.5 -1.14721e-14 0)
(1.5 6.75875e-14 0)
(1.5 1.5174e-13 0)
(1.5 1.24498e-13 0)
(1.5 6.51152e-14 0)
(1.5 -2.12092e-15 0)
(1.5 -1.09776e-13 0)
(1.5 -1.96883e-13 0)
(1.5 -1.33777e-13 0)
(1.5 -5.1427e-14 0)
(1.5 3.62533e-14 0)
(1.5 7.43978e-14 0)
(1.5 8.45161e-14 0)
(1.5 3.13106e-14 0)
(1.5 3.8501e-16 0)
(1.5 4.55343e-15 0)
(1.5 7.01434e-14 0)
(1.5 8.00735e-14 0)
(1.5 5.64165e-14 0)
(1.5 6.86324e-14 0)
(1.5 8.69069e-14 0)
(1.5 4.79868e-14 0)
(1.5 6.53827e-14 0)
(1.5 7.42642e-14 0)
(1.5 6.04551e-14 0)
(1.5 9.28578e-14 0)
(1.5 6.10137e-14 0)
(1.5 3.89011e-14 0)
(1.5 -5.40442e-15 0)
(1.5 -1.86567e-14 0)
(1.5 -1.49636e-14 0)
(1.5 5.9087e-14 0)
(1.5 9.23936e-14 0)
(1.5 9.86366e-14 0)
(1.5 1.16275e-13 0)
(1.5 8.93672e-14 0)
(1.5 1.48803e-13 0)
(1.5 1.77914e-13 0)
(1.5 1.86824e-13 0)
(1.5 1.95018e-13 0)
(1.5 1.70159e-13 0)
(1.5 1.10147e-13 0)
(1.5 6.30573e-14 0)
(1.5 9.76841e-14 0)
(1.5 1.33496e-13 0)
(1.5 1.56472e-13 0)
(1.5 1.28518e-13 0)
(1.5 1.29371e-13 0)
(1.5 6.75743e-14 0)
(1.5 2.9363e-14 0)
(1.5 7.16963e-14 0)
(1.5 9.60458e-14 0)
(1.5 4.37932e-14 0)
(1.5 1.92699e-14 0)
(1.5 1.84473e-14 0)
(1.5 -4.87322e-14 0)
(1.5 -9.89589e-14 0)
(1.5 -5.77809e-14 0)
(1.5 -1.4469e-14 0)
(1.5 -1.60848e-14 0)
(1.5 -6.73747e-14 0)
(1.5 -8.22792e-14 0)
(1.5 -1.55519e-13 0)
(1.5 -1.012e-13 0)
(1.5 -7.18494e-14 0)
(1.5 -3.97e-15 0)
(1.5 -8.52782e-16 0)
(1.5 -3.79345e-14 0)
(1.5 -5.87164e-14 0)
(1.5 -4.72735e-14 0)
(1.5 -7.72825e-14 0)
(1.5 -9.62942e-14 0)
(1.5 -1.4116e-13 0)
(1.5 -7.41971e-14 0)
(1.5 -4.01115e-14 0)
(1.5 -3.27015e-15 0)
(1.5 5.73618e-14 0)
(1.5 6.7018e-14 0)
(1.5 8.54436e-14 0)
(1.5 5.0072e-14 0)
(1.5 2.31816e-14 0)
(1.5 -9.55457e-15 0)
(1.5 -6.18222e-14 0)
(1.5 -1.30686e-13 0)
(1.5 -1.95201e-13 0)
(1.5 -1.98946e-13 0)
(1.5 -2.54158e-13 0)
(1.5 -2.70871e-13 0)
(1.5 -2.02489e-13 0)
(1.5 -1.30205e-13 0)
(1.5 -6.67726e-14 0)
(1.5 -2.3508e-14 0)
(1.5 -4.96595e-14 0)
(1.5 -7.88709e-15 0)
(1.5 1.15353e-14 0)
(1.5 -2.25597e-15 0)
(1.5 -2.83235e-14 0)
(1.5 -3.63723e-14 0)
(1.5 -4.07887e-14 0)
(1.5 -3.49233e-14 0)
(1.5 -3.87436e-14 0)
(1.5 -6.56815e-14 0)
(1.5 -1.08142e-13 0)
(1.5 -1.91113e-13 0)
(1.5 -1.76859e-13 0)
(1.5 -1.39141e-13 0)
(1.5 -1.15863e-13 0)
(1.5 -1.62318e-13 0)
(1.5 -1.79217e-13 0)
(1.5 -1.15254e-13 0)
(1.5 -3.54475e-14 0)
(1.5 -1.36329e-15 0)
(1.5 5.38953e-14 0)
(1.5 5.36919e-14 0)
(1.5 8.8217e-14 0)
(1.5 1.90264e-13 0)
(1.5 2.27971e-13 0)
(1.5 2.37387e-13 0)
(1.5 2.47768e-13 0)
(1.5 2.17562e-13 0)
(1.5 2.57396e-13 0)
(1.5 2.99148e-13 0)
(1.5 2.90864e-13 0)
(1.5 3.1426e-13 0)
(1.5 3.05713e-13 0)
(1.5 2.66087e-13 0)
(1.5 1.52754e-13 0)
(1.5 2.16841e-13 0)
(1.5 3.36387e-13 0)
(1.5 4.55051e-13 0)
(1.5 5.252e-13 0)
(1.5 8.29677e-13 0)
(1.5 9.86205e-13 0)
(1.5 9.97061e-13 0)
(1.5 1.04943e-12 0)
(1.5 9.89533e-13 0)
(1.5 9.53339e-13 0)
(1.5 8.2407e-13 0)
(1.5 6.39979e-13 0)
(1.5 5.24852e-13 0)
(1.5 3.83095e-13 0)
(1.5 3.93116e-13 0)
(1.5 3.26852e-13 0)
(1.5 2.39724e-13 0)
(1.5 1.74013e-13 0)
(1.5 9.34644e-14 0)
(1.5 -2.1652e-14 0)
(1.5 -1.543e-13 0)
(1.5 -2.03581e-13 0)
(1.5 -1.32999e-13 0)
(1.5 -1.85453e-13 0)
(1.5 -3.42228e-13 0)
(1.5 -3.61787e-13 0)
(1.5 -3.15767e-13 0)
(1.5 -1.89996e-13 0)
(1.5 -1.89717e-13 0)
(1.5 -1.01011e-13 0)
(1.5 -7.68714e-14 0)
(1.5 -8.55146e-14 0)
(1.5 -7.5729e-14 0)
(1.5 -7.28252e-14 0)
(1.5 3.04508e-14 0)
(1.5 2.21374e-13 0)
(1.5 3.80567e-13 0)
(1.5 4.05083e-13 0)
(1.5 4.33361e-13 0)
(1.5 3.91912e-13 0)
(1.5 3.11973e-13 0)
(1.5 2.29286e-13 0)
(1.5 2.03624e-13 0)
(1.5 1.67442e-13 0)
(1.5 9.47931e-14 0)
(1.5 6.77438e-14 0)
(1.5 7.30644e-14 0)
(1.5 8.69229e-14 0)
(1.5 1.13059e-13 0)
(1.5 1.04393e-13 0)
(1.5 5.71553e-14 0)
(1.5 -4.79005e-14 0)
(1.5 -6.60405e-14 0)
(1.5 -1.88555e-13 0)
(1.5 -3.58329e-13 0)
(1.5 -3.48714e-13 0)
(1.5 -2.7598e-13 0)
(1.5 -2.11535e-13 0)
(1.5 -2.07422e-13 0)
(1.5 -3.66931e-13 0)
(1.5 -4.95944e-13 0)
(1.5 -4.24628e-13 0)
(1.5 -3.28758e-13 0)
(1.5 -2.34765e-13 0)
(1.5 -2.61068e-13 0)
(1.5 -2.37589e-13 0)
(1.5 -2.0984e-13 0)
(1.5 -5.29708e-15 0)
(1.5 -4.75548e-15 0)
(1.5 -5.91625e-14 0)
(1.5 -5.21337e-14 0)
(1.5 -2.73316e-14 0)
(1.5 4.78014e-14 0)
(1.5 2.89507e-14 0)
(1.5 4.15004e-14 0)
(1.5 1.18311e-13 0)
(1.5 9.05093e-14 0)
(1.5 -2.86131e-15 0)
(1.5 -1.07429e-13 0)
(1.5 -1.61236e-13 0)
(1.5 -1.29753e-13 0)
(1.5 -6.61455e-14 0)
(1.5 7.34451e-15 0)
(1.5 4.0854e-14 0)
(1.5 1.14615e-13 0)
(1.5 1.24584e-13 0)
(1.5 9.57088e-14 0)
(1.5 5.63808e-14 0)
(1.5 4.79006e-15 0)
(1.5 -1.46664e-14 0)
(1.5 2.01162e-14 0)
(1.5 5.96173e-14 0)
(1.5 -7.2424e-15 0)
(1.5 -3.86894e-14 0)
(1.5 -5.83113e-14 0)
(1.5 -7.25356e-14 0)
(1.5 -5.35063e-14 0)
(1.5 -3.37719e-14 0)
(1.5 -7.95982e-15 0)
(1.5 2.20635e-15 0)
(1.5 -1.38258e-14 0)
(1.5 -3.06785e-14 0)
(1.5 2.01566e-14 0)
(1.5 1.06434e-15 0)
(1.5 5.41872e-14 0)
(1.5 6.40193e-14 0)
(1.5 7.08703e-14 0)
(1.5 4.55015e-14 0)
(1.5 1.21865e-13 0)
(1.5 1.92589e-13 0)
(1.5 1.75559e-13 0)
(1.5 1.42815e-13 0)
(1.5 1.97483e-13 0)
(1.5 2.2306e-13 0)
(1.5 1.62468e-13 0)
(1.5 1.44229e-13 0)
(1.5 1.06513e-13 0)
(1.5 7.46325e-14 0)
(1.5 1.103e-13 0)
(1.5 1.27103e-13 0)
(1.5 1.68935e-13 0)
(1.5 9.75141e-14 0)
(1.5 3.46479e-14 0)
(1.5 8.07614e-14 0)
(1.5 1.1846e-13 0)
(1.5 5.19573e-14 0)
(1.5 5.83349e-14 0)
(1.5 7.77319e-15 0)
(1.5 -7.77052e-14 0)
(1.5 -7.66274e-14 0)
(1.5 -6.13394e-14 0)
(1.5 -4.76993e-14 0)
(1.5 -8.39743e-14 0)
(1.5 -1.10043e-13 0)
(1.5 -1.21041e-13 0)
(1.5 -1.46807e-13 0)
(1.5 -9.7301e-14 0)
(1.5 -8.27078e-14 0)
(1.5 -9.51243e-14 0)
(1.5 -1.17729e-13 0)
(1.5 -8.57298e-14 0)
(1.5 -3.95052e-14 0)
(1.5 -8.86934e-14 0)
(1.5 -8.07737e-14 0)
(1.5 -1.13553e-13 0)
(1.5 -1.71475e-13 0)
(1.5 -1.76849e-13 0)
(1.5 -2.02243e-13 0)
(1.5 -1.92615e-13 0)
(1.5 -1.06984e-13 0)
(1.5 -8.2749e-14 0)
(1.5 -1.02346e-13 0)
(1.5 -1.04835e-13 0)
(1.5 -1.36766e-13 0)
(1.5 -1.71726e-13 0)
(1.5 -2.30619e-13 0)
(1.5 -2.02088e-13 0)
(1.5 -1.65788e-13 0)
(1.5 -1.39647e-13 0)
(1.5 -1.79323e-13 0)
(1.5 -1.68594e-13 0)
(1.5 -1.5971e-13 0)
(1.5 -1.46771e-13 0)
(1.5 -1.06978e-13 0)
(1.5 -6.81948e-14 0)
(1.5 -1.5593e-14 0)
(1.5 3.50627e-15 0)
(1.5 -3.58813e-14 0)
(1.5 -2.7376e-14 0)
(1.5 -2.06993e-14 0)
(1.5 3.75973e-14 0)
(1.5 2.52852e-14 0)
(1.5 3.11918e-14 0)
(1.5 2.63785e-14 0)
(1.5 -9.70496e-14 0)
(1.5 -2.61896e-13 0)
(1.5 -3.27045e-13 0)
(1.5 -2.62858e-13 0)
(1.5 -1.78067e-13 0)
(1.5 -1.65512e-13 0)
(1.5 -1.62145e-13 0)
(1.5 -1.32731e-13 0)
(1.5 -8.26505e-14 0)
(1.5 1.91617e-14 0)
(1.5 1.10889e-13 0)
(1.5 1.41526e-13 0)
(1.5 6.54988e-14 0)
(1.5 1.06767e-13 0)
(1.5 1.41624e-13 0)
(1.5 1.89431e-13 0)
(1.5 2.44405e-13 0)
(1.5 2.42845e-13 0)
(1.5 2.70193e-13 0)
(1.5 3.18996e-13 0)
(1.5 3.55548e-13 0)
(1.5 3.47891e-13 0)
(1.5 3.10615e-13 0)
(1.5 2.16508e-13 0)
(1.5 2.4652e-13 0)
(1.5 3.46432e-13 0)
(1.5 4.0385e-13 0)
(1.5 5.02427e-13 0)
(1.5 5.55634e-13 0)
(1.5 6.21492e-13 0)
(1.5 9.96848e-13 0)
(1.5 1.15651e-12 0)
(1.5 1.1295e-12 0)
(1.5 1.05448e-12 0)
(1.5 9.60504e-13 0)
(1.5 1.01185e-12 0)
(1.5 8.76283e-13 0)
(1.5 7.08137e-13 0)
(1.5 5.50147e-13 0)
(1.5 3.6858e-13 0)
(1.5 2.86868e-13 0)
(1.5 2.34223e-13 0)
(1.5 2.41361e-13 0)
(1.5 2.39897e-13 0)
(1.5 2.3059e-13 0)
(1.5 2.10775e-13 0)
(1.5 6.38087e-14 0)
(1.5 -3.43401e-14 0)
(1.5 -1.74548e-14 0)
(1.5 -9.76232e-14 0)
(1.5 -2.34975e-13 0)
(1.5 -2.20174e-13 0)
(1.5 -2.08118e-13 0)
(1.5 -1.09599e-13 0)
(1.5 -5.70276e-14 0)
(1.5 -1.91342e-14 0)
(1.5 -5.06452e-14 0)
(1.5 -4.5349e-14 0)
(1.5 5.90379e-14 0)
(1.5 1.51039e-13 0)
(1.5 2.58357e-13 0)
(1.5 4.09826e-13 0)
(1.5 4.53522e-13 0)
(1.5 5.98151e-13 0)
(1.5 6.71279e-13 0)
(1.5 6.09741e-13 0)
(1.5 5.48056e-13 0)
(1.5 3.9678e-13 0)
(1.5 2.7402e-13 0)
(1.5 1.33985e-13 0)
(1.5 9.78591e-14 0)
(1.5 4.35958e-14 0)
(1.5 -2.06812e-14 0)
(1.5 4.44594e-14 0)
(1.5 3.56256e-14 0)
(1.5 6.65795e-14 0)
(1.5 2.21468e-14 0)
(1.5 -9.78076e-15 0)
(1.5 -3.9044e-14 0)
(1.5 -1.21301e-13 0)
(1.5 -1.26041e-13 0)
(1.5 -1.44195e-13 0)
(1.5 -6.61322e-14 0)
(1.5 -1.05447e-13 0)
(1.5 -1.38364e-13 0)
(1.5 -1.18987e-13 0)
(1.5 -2.50271e-13 0)
(1.5 -3.50384e-13 0)
(1.5 -3.46625e-13 0)
(1.5 -4.13157e-13 0)
(1.5 -4.97508e-13 0)
(1.5 -5.16391e-13 0)
(1.5 -5.07948e-13 0)
(1.5 -3.19248e-15 0)
(1.5 -2.77464e-14 0)
(1.5 -1.05607e-13 0)
(1.5 -1.78778e-13 0)
(1.5 -1.45897e-13 0)
(1.5 -3.83372e-14 0)
(1.5 4.93742e-14 0)
(1.5 7.53352e-14 0)
(1.5 1.0217e-13 0)
(1.5 9.27619e-14 0)
(1.5 3.32378e-14 0)
(1.5 -1.02847e-13 0)
(1.5 -1.41273e-13 0)
(1.5 -3.71409e-14 0)
(1.5 4.04654e-14 0)
(1.5 8.70373e-14 0)
(1.5 6.2908e-14 0)
(1.5 8.1119e-14 0)
(1.5 1.06703e-13 0)
(1.5 1.28939e-13 0)
(1.5 1.23606e-13 0)
(1.5 2.13325e-14 0)
(1.5 -5.18492e-14 0)
(1.5 -1.48888e-15 0)
(1.5 5.60422e-14 0)
(1.5 -2.03887e-14 0)
(1.5 -9.20331e-14 0)
(1.5 -1.39577e-13 0)
(1.5 -1.42104e-13 0)
(1.5 -1.45775e-13 0)
(1.5 -7.38588e-14 0)
(1.5 -7.83764e-15 0)
(1.5 1.39336e-15 0)
(1.5 4.31778e-14 0)
(1.5 4.20215e-14 0)
(1.5 2.06138e-14 0)
(1.5 3.19468e-14 0)
(1.5 9.91229e-14 0)
(1.5 1.19872e-13 0)
(1.5 8.47551e-14 0)
(1.5 2.93137e-14 0)
(1.5 8.60253e-14 0)
(1.5 1.38352e-13 0)
(1.5 1.84024e-13 0)
(1.5 1.41627e-13 0)
(1.5 1.71319e-13 0)
(1.5 1.70018e-13 0)
(1.5 1.73243e-13 0)
(1.5 1.36723e-13 0)
(1.5 9.96252e-14 0)
(1.5 1.26079e-13 0)
(1.5 9.46069e-14 0)
(1.5 8.45088e-14 0)
(1.5 8.69586e-14 0)
(1.5 1.07454e-13 0)
(1.5 5.81818e-14 0)
(1.5 7.44189e-14 0)
(1.5 5.50705e-14 0)
(1.5 8.8117e-14 0)
(1.5 9.20107e-14 0)
(1.5 8.10509e-15 0)
(1.5 -1.89709e-14 0)
(1.5 -1.63989e-14 0)
(1.5 -4.23871e-14 0)
(1.5 -9.73964e-14 0)
(1.5 -1.07646e-13 0)
(1.5 -6.08979e-14 0)
(1.5 -7.93992e-14 0)
(1.5 -5.60581e-14 0)
(1.5 -5.07019e-14 0)
(1.5 -2.06567e-14 0)
(1.5 -7.40957e-14 0)
(1.5 -1.63523e-13 0)
(1.5 -1.18113e-13 0)
(1.5 -7.74029e-14 0)
(1.5 -9.26897e-14 0)
(1.5 -5.97972e-14 0)
(1.5 -8.98636e-14 0)
(1.5 -1.14611e-13 0)
(1.5 -2.10421e-13 0)
(1.5 -2.82717e-13 0)
(1.5 -3.12621e-13 0)
(1.5 -3.10135e-13 0)
(1.5 -3.10902e-13 0)
(1.5 -3.19635e-13 0)
(1.5 -2.63356e-13 0)
(1.5 -1.57915e-13 0)
(1.5 -1.98205e-13 0)
(1.5 -3.23437e-13 0)
(1.5 -3.2736e-13 0)
(1.5 -2.2446e-13 0)
(1.5 -9.29989e-14 0)
(1.5 -4.6125e-14 0)
(1.5 -2.84642e-14 0)
(1.5 -5.65879e-14 0)
(1.5 -1.02156e-13 0)
(1.5 -1.34991e-13 0)
(1.5 -9.86478e-14 0)
(1.5 -2.56179e-14 0)
(1.5 2.76806e-14 0)
(1.5 -1.75741e-14 0)
(1.5 -1.9349e-14 0)
(1.5 -2.44589e-14 0)
(1.5 3.75445e-14 0)
(1.5 4.42556e-14 0)
(1.5 4.46348e-15 0)
(1.5 -6.39592e-14 0)
(1.5 -1.32721e-13 0)
(1.5 -2.23133e-13 0)
(1.5 -2.32878e-13 0)
(1.5 -2.14947e-13 0)
(1.5 -1.85459e-13 0)
(1.5 -2.12587e-13 0)
(1.5 -1.83657e-13 0)
(1.5 -1.33573e-13 0)
(1.5 -1.03145e-13 0)
(1.5 -3.77125e-14 0)
(1.5 8.99082e-14 0)
(1.5 1.34956e-13 0)
(1.5 6.49626e-14 0)
(1.5 8.5564e-14 0)
(1.5 1.0285e-13 0)
(1.5 1.37605e-13 0)
(1.5 1.95748e-13 0)
(1.5 1.72695e-13 0)
(1.5 1.58825e-13 0)
(1.5 1.83343e-13 0)
(1.5 2.78688e-13 0)
(1.5 3.76117e-13 0)
(1.5 4.00274e-13 0)
(1.5 3.66219e-13 0)
(1.5 3.93776e-13 0)
(1.5 6.0132e-13 0)
(1.5 6.77771e-13 0)
(1.5 7.11909e-13 0)
(1.5 6.92685e-13 0)
(1.5 7.37486e-13 0)
(1.5 1.10279e-12 0)
(1.5 1.21786e-12 0)
(1.5 1.17875e-12 0)
(1.5 1.01033e-12 0)
(1.5 8.9811e-13 0)
(1.5 1.06378e-12 0)
(1.5 1.02256e-12 0)
(1.5 8.6565e-13 0)
(1.5 6.02604e-13 0)
(1.5 4.21961e-13 0)
(1.5 3.50691e-13 0)
(1.5 2.77395e-13 0)
(1.5 3.58329e-13 0)
(1.5 3.58974e-13 0)
(1.5 2.88016e-13 0)
(1.5 3.03191e-13 0)
(1.5 2.0705e-13 0)
(1.5 1.38975e-13 0)
(1.5 8.85262e-14 0)
(1.5 1.59698e-14 0)
(1.5 2.14596e-14 0)
(1.5 1.69956e-15 0)
(1.5 -8.51279e-15 0)
(1.5 2.62215e-14 0)
(1.5 1.02497e-13 0)
(1.5 8.32519e-14 0)
(1.5 2.99307e-14 0)
(1.5 1.53033e-13 0)
(1.5 3.43732e-13 0)
(1.5 5.33424e-13 0)
(1.5 6.23765e-13 0)
(1.5 6.70988e-13 0)
(1.5 7.63521e-13 0)
(1.5 9.02847e-13 0)
(1.5 9.2654e-13 0)
(1.5 9.16189e-13 0)
(1.5 8.31464e-13 0)
(1.5 6.24014e-13 0)
(1.5 4.55032e-13 0)
(1.5 2.99979e-13 0)
(1.5 2.33769e-13 0)
(1.5 1.3069e-13 0)
(1.5 4.6686e-14 0)
(1.5 8.71929e-14 0)
(1.5 7.73755e-14 0)
(1.5 8.85662e-14 0)
(1.5 6.54002e-15 0)
(1.5 1.59549e-14 0)
(1.5 -1.09467e-13 0)
(1.5 -8.05676e-14 0)
(1.5 1.11678e-13 0)
(1.5 5.29601e-14 0)
(1.5 4.67039e-14 0)
(1.5 -1.01698e-14 0)
(1.5 -4.95335e-14 0)
(1.5 6.22462e-14 0)
(1.5 -8.77984e-14 0)
(1.5 -2.72467e-13 0)
(1.5 -3.92027e-13 0)
(1.5 -5.84485e-13 0)
(1.5 -6.51722e-13 0)
(1.5 -6.77713e-13 0)
(1.5 -6.88153e-13 0)
(1.5 1.66912e-14 0)
(1.5 -1.44619e-14 0)
(1.5 -1.2851e-13 0)
(1.5 -2.81132e-13 0)
(1.5 -3.49034e-13 0)
(1.5 -2.31343e-13 0)
(1.5 -5.03628e-14 0)
(1.5 1.55178e-14 0)
(1.5 8.22348e-14 0)
(1.5 8.02503e-14 0)
(1.5 7.47982e-15 0)
(1.5 -9.20041e-14 0)
(1.5 -8.90428e-14 0)
(1.5 -6.9084e-14 0)
(1.5 1.95196e-14 0)
(1.5 1.12096e-13 0)
(1.5 1.39166e-13 0)
(1.5 8.21366e-14 0)
(1.5 2.62132e-14 0)
(1.5 4.00843e-14 0)
(1.5 5.13768e-14 0)
(1.5 2.85344e-14 0)
(1.5 -3.62299e-14 0)
(1.5 -4.40998e-14 0)
(1.5 -3.9918e-14 0)
(1.5 -6.89384e-14 0)
(1.5 -9.83187e-14 0)
(1.5 -1.61199e-13 0)
(1.5 -1.89546e-13 0)
(1.5 -2.0689e-13 0)
(1.5 -1.51685e-13 0)
(1.5 -7.84679e-14 0)
(1.5 -2.53751e-14 0)
(1.5 4.12523e-14 0)
(1.5 5.0499e-14 0)
(1.5 -3.01732e-14 0)
(1.5 6.69983e-15 0)
(1.5 2.01892e-14 0)
(1.5 1.1526e-14 0)
(1.5 3.52353e-14 0)
(1.5 5.25834e-14 0)
(1.5 -2.26328e-15 0)
(1.5 2.69571e-14 0)
(1.5 6.34728e-14 0)
(1.5 1.03149e-13 0)
(1.5 6.50925e-14 0)
(1.5 6.07501e-14 0)
(1.5 8.144e-14 0)
(1.5 5.68433e-14 0)
(1.5 2.99173e-14 0)
(1.5 7.78029e-14 0)
(1.5 3.09305e-14 0)
(1.5 -3.87158e-15 0)
(1.5 -3.49145e-14 0)
(1.5 -8.88908e-15 0)
(1.5 5.55383e-14 0)
(1.5 3.3653e-14 0)
(1.5 1.19529e-14 0)
(1.5 1.92166e-14 0)
(1.5 2.57332e-14 0)
(1.5 1.91828e-14 0)
(1.5 1.02731e-14 0)
(1.5 -4.42147e-14 0)
(1.5 -1.05329e-13 0)
(1.5 -1.35705e-13 0)
(1.5 -1.31058e-13 0)
(1.5 -8.85052e-14 0)
(1.5 -8.15333e-14 0)
(1.5 -1.04359e-13 0)
(1.5 -1.26609e-13 0)
(1.5 -1.12006e-13 0)
(1.5 -1.4241e-13 0)
(1.5 -1.44787e-13 0)
(1.5 -1.14061e-13 0)
(1.5 -1.24617e-13 0)
(1.5 -1.12125e-13 0)
(1.5 -5.50317e-14 0)
(1.5 -4.54233e-14 0)
(1.5 -1.00371e-13 0)
(1.5 -1.29764e-13 0)
(1.5 -2.02097e-13 0)
(1.5 -3.16935e-13 0)
(1.5 -3.18981e-13 0)
(1.5 -3.31311e-13 0)
(1.5 -3.32286e-13 0)
(1.5 -2.0526e-13 0)
(1.5 -1.03309e-13 0)
(1.5 -1.38964e-13 0)
(1.5 -2.80649e-13 0)
(1.5 -2.94455e-13 0)
(1.5 -1.94857e-13 0)
(1.5 -1.06256e-13 0)
(1.5 -5.30682e-14 0)
(1.5 -6.90052e-14 0)
(1.5 -1.27114e-13 0)
(1.5 -1.84483e-13 0)
(1.5 -2.09194e-13 0)
(1.5 -1.64402e-13 0)
(1.5 -1.2944e-13 0)
(1.5 -8.97823e-14 0)
(1.5 -8.15684e-15 0)
(1.5 -3.98527e-14 0)
(1.5 -9.33606e-14 0)
(1.5 -6.44281e-14 0)
(1.5 -7.18509e-14 0)
(1.5 -9.9858e-14 0)
(1.5 -2.06532e-13 0)
(1.5 -2.10467e-13 0)
(1.5 -1.93373e-13 0)
(1.5 -1.5645e-13 0)
(1.5 -2.28658e-13 0)
(1.5 -1.96571e-13 0)
(1.5 -1.99982e-13 0)
(1.5 -2.01073e-13 0)
(1.5 -8.2669e-14 0)
(1.5 -7.79196e-14 0)
(1.5 -8.91807e-14 0)
(1.5 -4.84029e-15 0)
(1.5 2.59009e-14 0)
(1.5 1.00942e-13 0)
(1.5 1.4965e-13 0)
(1.5 1.51194e-13 0)
(1.5 1.59652e-13 0)
(1.5 1.64288e-13 0)
(1.5 1.80956e-13 0)
(1.5 1.49538e-13 0)
(1.5 1.22433e-13 0)
(1.5 2.29123e-13 0)
(1.5 3.94906e-13 0)
(1.5 5.73362e-13 0)
(1.5 6.43246e-13 0)
(1.5 6.34939e-13 0)
(1.5 8.00752e-13 0)
(1.5 8.43658e-13 0)
(1.5 7.85014e-13 0)
(1.5 6.86967e-13 0)
(1.5 6.62706e-13 0)
(1.5 9.17957e-13 0)
(1.5 9.9297e-13 0)
(1.5 9.75483e-13 0)
(1.5 9.04737e-13 0)
(1.5 8.65819e-13 0)
(1.5 1.09279e-12 0)
(1.5 1.13548e-12 0)
(1.5 1.00042e-12 0)
(1.5 7.53185e-13 0)
(1.5 5.71644e-13 0)
(1.5 5.02891e-13 0)
(1.5 4.52808e-13 0)
(1.5 4.81258e-13 0)
(1.5 3.99297e-13 0)
(1.5 3.01401e-13 0)
(1.5 2.67168e-13 0)
(1.5 2.31841e-13 0)
(1.5 1.97623e-13 0)
(1.5 1.47955e-13 0)
(1.5 6.56986e-14 0)
(1.5 1.44939e-13 0)
(1.5 1.13823e-13 0)
(1.5 9.82791e-14 0)
(1.5 1.57336e-13 0)
(1.5 2.66002e-13 0)
(1.5 3.57043e-13 0)
(1.5 3.27924e-13 0)
(1.5 4.12397e-13 0)
(1.5 5.80987e-13 0)
(1.5 7.38457e-13 0)
(1.5 9.34187e-13 0)
(1.5 9.52984e-13 0)
(1.5 1.03463e-12 0)
(1.5 1.10216e-12 0)
(1.5 1.12537e-12 0)
(1.5 1.22843e-12 0)
(1.5 1.10792e-12 0)
(1.5 8.10006e-13 0)
(1.5 5.64003e-13 0)
(1.5 4.08742e-13 0)
(1.5 2.25132e-13 0)
(1.5 6.21372e-14 0)
(1.5 3.35953e-14 0)
(1.5 6.7478e-14 0)
(1.5 1.42129e-13 0)
(1.5 1.23844e-13 0)
(1.5 7.08386e-14 0)
(1.5 -4.02135e-14 0)
(1.5 -1.76504e-13 0)
(1.5 -8.64144e-14 0)
(1.5 1.20966e-13 0)
(1.5 6.89655e-14 0)
(1.5 -5.45445e-14 0)
(1.5 -1.07436e-13 0)
(1.5 -1.5287e-13 0)
(1.5 -6.60458e-14 0)
(1.5 -1.39629e-13 0)
(1.5 -3.42705e-13 0)
(1.5 -4.97066e-13 0)
(1.5 -6.3989e-13 0)
(1.5 -7.42356e-13 0)
(1.5 -7.91482e-13 0)
(1.5 -7.94606e-13 0)
(1.5 -1.03647e-15 0)
(1.5 -1.2326e-13 0)
(1.5 -2.10513e-13 0)
(1.5 -2.8397e-13 0)
(1.5 -3.38285e-13 0)
(1.5 -3.06402e-13 0)
(1.5 -1.96772e-13 0)
(1.5 -9.18403e-14 0)
(1.5 5.36897e-15 0)
(1.5 6.07134e-14 0)
(1.5 3.8847e-14 0)
(1.5 8.83261e-14 0)
(1.5 1.10333e-13 0)
(1.5 -5.54623e-15 0)
(1.5 -2.90396e-14 0)
(1.5 -1.11015e-14 0)
(1.5 5.78802e-15 0)
(1.5 -5.03786e-14 0)
(1.5 -8.94188e-15 0)
(1.5 2.79346e-14 0)
(1.5 4.69548e-14 0)
(1.5 5.0405e-14 0)
(1.5 6.11976e-14 0)
(1.5 7.42864e-14 0)
(1.5 5.51124e-14 0)
(1.5 -1.55133e-14 0)
(1.5 -4.07803e-14 0)
(1.5 -6.93292e-14 0)
(1.5 -1.68611e-13 0)
(1.5 -1.88205e-13 0)
(1.5 -1.49737e-13 0)
(1.5 -9.36943e-14 0)
(1.5 -5.53074e-14 0)
(1.5 7.04115e-15 0)
(1.5 -1.5038e-14 0)
(1.5 -5.26041e-14 0)
(1.5 -3.50769e-14 0)
(1.5 -4.49118e-14 0)
(1.5 -4.48149e-14 0)
(1.5 2.57708e-14 0)
(1.5 9.26984e-14 0)
(1.5 2.07131e-15 0)
(1.5 5.30434e-14 0)
(1.5 5.7084e-14 0)
(1.5 1.33726e-13 0)
(1.5 9.77391e-14 0)
(1.5 1.01436e-13 0)
(1.5 9.62971e-14 0)
(1.5 1.3094e-13 0)
(1.5 4.1412e-14 0)
(1.5 -1.21344e-14 0)
(1.5 -4.53443e-14 0)
(1.5 9.39452e-15 0)
(1.5 -1.36943e-16 0)
(1.5 -5.13866e-14 0)
(1.5 6.0957e-14 0)
(1.5 6.9936e-14 0)
(1.5 8.21068e-14 0)
(1.5 2.63612e-14 0)
(1.5 2.82047e-14 0)
(1.5 1.27714e-14 0)
(1.5 -1.43028e-14 0)
(1.5 -7.00911e-14 0)
(1.5 -6.95962e-14 0)
(1.5 -8.77685e-14 0)
(1.5 -8.94145e-14 0)
(1.5 -8.31793e-14 0)
(1.5 -8.26521e-14 0)
(1.5 -1.36177e-13 0)
(1.5 -1.50472e-13 0)
(1.5 -1.23744e-13 0)
(1.5 -1.61092e-13 0)
(1.5 -1.02208e-13 0)
(1.5 -5.90454e-14 0)
(1.5 -8.62759e-14 0)
(1.5 -6.24123e-14 0)
(1.5 1.33458e-14 0)
(1.5 3.65093e-14 0)
(1.5 -4.23908e-14 0)
(1.5 -2.40627e-14 0)
(1.5 -7.918e-14 0)
(1.5 -1.48956e-13 0)
(1.5 -1.73349e-13 0)
(1.5 -2.39046e-13 0)
(1.5 -2.72064e-13 0)
(1.5 -2.10852e-13 0)
(1.5 -1.87583e-13 0)
(1.5 -1.30795e-13 0)
(1.5 -1.57346e-13 0)
(1.5 -1.3605e-13 0)
(1.5 -7.50708e-14 0)
(1.5 -7.82745e-14 0)
(1.5 -8.27832e-14 0)
(1.5 -1.16705e-13 0)
(1.5 -2.15103e-13 0)
(1.5 -1.84227e-13 0)
(1.5 -6.8087e-14 0)
(1.5 2.12408e-14 0)
(1.5 2.8568e-14 0)
(1.5 -7.49363e-14 0)
(1.5 -2.88373e-14 0)
(1.5 -2.87504e-14 0)
(1.5 -4.56337e-14 0)
(1.5 -4.77523e-14 0)
(1.5 -4.12848e-14 0)
(1.5 -3.98937e-14 0)
(1.5 -1.28034e-13 0)
(1.5 -1.61394e-13 0)
(1.5 -1.27718e-13 0)
(1.5 -6.68821e-14 0)
(1.5 -1.38643e-13 0)
(1.5 -1.26416e-13 0)
(1.5 -9.1344e-14 0)
(1.5 -7.16437e-14 0)
(1.5 2.32475e-14 0)
(1.5 -2.10816e-14 0)
(1.5 -9.49901e-15 0)
(1.5 1.97385e-14 0)
(1.5 1.00312e-13 0)
(1.5 2.69768e-13 0)
(1.5 3.1289e-13 0)
(1.5 2.91111e-13 0)
(1.5 2.93484e-13 0)
(1.5 2.72502e-13 0)
(1.5 2.91347e-13 0)
(1.5 2.85322e-13 0)
(1.5 2.6294e-13 0)
(1.5 2.93197e-13 0)
(1.5 3.93238e-13 0)
(1.5 5.40686e-13 0)
(1.5 6.15802e-13 0)
(1.5 6.3978e-13 0)
(1.5 7.31106e-13 0)
(1.5 7.47794e-13 0)
(1.5 7.39637e-13 0)
(1.5 5.88422e-13 0)
(1.5 5.03091e-13 0)
(1.5 5.99018e-13 0)
(1.5 6.14046e-13 0)
(1.5 7.08753e-13 0)
(1.5 7.9773e-13 0)
(1.5 8.39083e-13 0)
(1.5 1.08046e-12 0)
(1.5 1.11259e-12 0)
(1.5 1.06553e-12 0)
(1.5 9.68327e-13 0)
(1.5 7.74315e-13 0)
(1.5 6.55254e-13 0)
(1.5 6.60937e-13 0)
(1.5 5.82993e-13 0)
(1.5 4.38253e-13 0)
(1.5 3.47599e-13 0)
(1.5 3.47773e-13 0)
(1.5 3.56211e-13 0)
(1.5 3.87035e-13 0)
(1.5 4.16566e-13 0)
(1.5 3.53144e-13 0)
(1.5 3.66747e-13 0)
(1.5 3.1136e-13 0)
(1.5 2.99835e-13 0)
(1.5 3.79256e-13 0)
(1.5 4.65737e-13 0)
(1.5 6.29912e-13 0)
(1.5 6.25431e-13 0)
(1.5 6.10136e-13 0)
(1.5 6.92233e-13 0)
(1.5 7.75471e-13 0)
(1.5 1.10055e-12 0)
(1.5 1.18533e-12 0)
(1.5 1.19713e-12 0)
(1.5 1.21364e-12 0)
(1.5 1.25693e-12 0)
(1.5 1.29523e-12 0)
(1.5 1.11272e-12 0)
(1.5 8.19631e-13 0)
(1.5 5.68465e-13 0)
(1.5 3.99024e-13 0)
(1.5 1.62276e-13 0)
(1.5 5.66296e-14 0)
(1.5 8.50094e-14 0)
(1.5 9.24675e-14 0)
(1.5 1.02e-13 0)
(1.5 -8.7369e-15 0)
(1.5 -3.09907e-14 0)
(1.5 -1.75853e-13 0)
(1.5 -3.00867e-13 0)
(1.5 -2.87838e-13 0)
(1.5 -2.57135e-13 0)
(1.5 -1.97678e-13 0)
(1.5 -2.54492e-13 0)
(1.5 -2.88992e-13 0)
(1.5 -3.96447e-13 0)
(1.5 -4.25144e-13 0)
(1.5 -3.19816e-13 0)
(1.5 -4.97464e-13 0)
(1.5 -6.06983e-13 0)
(1.5 -6.82867e-13 0)
(1.5 -8.08757e-13 0)
(1.5 -8.73836e-13 0)
(1.5 -9.3671e-13 0)
(1.5 -1.02408e-14 0)
(1.5 -1.45102e-13 0)
(1.5 -1.53677e-13 0)
(1.5 -1.60513e-13 0)
(1.5 -1.76436e-13 0)
(1.5 -2.18939e-13 0)
(1.5 -1.95286e-13 0)
(1.5 -1.0524e-13 0)
(1.5 -1.05755e-13 0)
(1.5 -1.16558e-15 0)
(1.5 1.14755e-13 0)
(1.5 2.47514e-13 0)
(1.5 2.19888e-13 0)
(1.5 7.37593e-14 0)
(1.5 -2.06008e-14 0)
(1.5 -6.11572e-14 0)
(1.5 -1.03642e-13 0)
(1.5 -1.19376e-13 0)
(1.5 -2.43684e-14 0)
(1.5 5.75281e-14 0)
(1.5 9.38314e-14 0)
(1.5 7.31578e-14 0)
(1.5 7.28895e-14 0)
(1.5 1.08573e-13 0)
(1.5 1.12186e-13 0)
(1.5 4.79504e-14 0)
(1.5 9.15067e-16 0)
(1.5 2.66935e-15 0)
(1.5 -6.5551e-14 0)
(1.5 -7.063e-14 0)
(1.5 -3.35172e-14 0)
(1.5 -2.35127e-14 0)
(1.5 -4.57483e-14 0)
(1.5 -7.97597e-15 0)
(1.5 -1.67777e-14 0)
(1.5 -2.56744e-14 0)
(1.5 -7.24015e-14 0)
(1.5 -6.90505e-14 0)
(1.5 -2.35794e-14 0)
(1.5 -7.54957e-15 0)
(1.5 4.46806e-14 0)
(1.5 4.55443e-14 0)
(1.5 5.11177e-14 0)
(1.5 3.23565e-14 0)
(1.5 7.82692e-14 0)
(1.5 6.16953e-14 0)
(1.5 6.67138e-14 0)
(1.5 7.07555e-14 0)
(1.5 1.02355e-13 0)
(1.5 4.21696e-14 0)
(1.5 -6.57931e-14 0)
(1.5 -5.94749e-14 0)
(1.5 -1.21755e-14 0)
(1.5 -1.09874e-14 0)
(1.5 1.27273e-14 0)
(1.5 2.84063e-14 0)
(1.5 6.02528e-14 0)
(1.5 5.31764e-14 0)
(1.5 5.95069e-14 0)
(1.5 4.98174e-14 0)
(1.5 2.70861e-14 0)
(1.5 2.23465e-14 0)
(1.5 -1.25738e-14 0)
(1.5 -1.29903e-14 0)
(1.5 -3.7069e-14 0)
(1.5 -6.9229e-14 0)
(1.5 -6.13085e-14 0)
(1.5 -7.33568e-14 0)
(1.5 -6.7189e-14 0)
(1.5 -1.06734e-13 0)
(1.5 -9.65255e-14 0)
(1.5 -8.92221e-14 0)
(1.5 -9.34257e-14 0)
(1.5 -8.71572e-14 0)
(1.5 -9.49086e-14 0)
(1.5 -4.63384e-14 0)
(1.5 9.87163e-15 0)
(1.5 3.8632e-14 0)
(1.5 1.46013e-15 0)
(1.5 -7.64738e-14 0)
(1.5 -4.46919e-14 0)
(1.5 -3.07637e-14 0)
(1.5 -8.55853e-14 0)
(1.5 -1.77952e-13 0)
(1.5 -1.96926e-13 0)
(1.5 -2.57144e-13 0)
(1.5 -2.6098e-13 0)
(1.5 -2.08294e-13 0)
(1.5 -1.08751e-13 0)
(1.5 -1.25536e-13 0)
(1.5 -1.68278e-13 0)
(1.5 -1.39098e-13 0)
(1.5 -4.25962e-14 0)
(1.5 -1.00022e-13 0)
(1.5 -1.92036e-13 0)
(1.5 -1.47213e-13 0)
(1.5 2.40857e-14 0)
(1.5 1.20223e-13 0)
(1.5 1.50041e-13 0)
(1.5 6.24451e-14 0)
(1.5 -2.9774e-14 0)
(1.5 -4.89328e-14 0)
(1.5 -4.36851e-14 0)
(1.5 -8.29495e-14 0)
(1.5 -7.47502e-14 0)
(1.5 -7.8993e-14 0)
(1.5 -6.11206e-14 0)
(1.5 -1.20572e-13 0)
(1.5 -7.72057e-14 0)
(1.5 -2.66216e-15 0)
(1.5 1.18982e-14 0)
(1.5 -7.1894e-14 0)
(1.5 -1.03798e-13 0)
(1.5 -5.6423e-15 0)
(1.5 2.10425e-14 0)
(1.5 4.20801e-14 0)
(1.5 1.26979e-13 0)
(1.5 1.3864e-13 0)
(1.5 2.62104e-13 0)
(1.5 3.92413e-13 0)
(1.5 4.17127e-13 0)
(1.5 3.9491e-13 0)
(1.5 3.45978e-13 0)
(1.5 3.51125e-13 0)
(1.5 3.71165e-13 0)
(1.5 4.19587e-13 0)
(1.5 4.51114e-13 0)
(1.5 4.41758e-13 0)
(1.5 4.23954e-13 0)
(1.5 4.37694e-13 0)
(1.5 4.91289e-13 0)
(1.5 5.61746e-13 0)
(1.5 5.28941e-13 0)
(1.5 5.05716e-13 0)
(1.5 4.50759e-13 0)
(1.5 3.28465e-13 0)
(1.5 2.77968e-13 0)
(1.5 2.95989e-13 0)
(1.5 3.615e-13 0)
(1.5 4.69536e-13 0)
(1.5 5.60328e-13 0)
(1.5 6.24576e-13 0)
(1.5 7.41878e-13 0)
(1.5 8.34401e-13 0)
(1.5 9.0005e-13 0)
(1.5 8.79986e-13 0)
(1.5 7.99666e-13 0)
(1.5 7.47915e-13 0)
(1.5 7.01788e-13 0)
(1.5 5.2398e-13 0)
(1.5 3.86794e-13 0)
(1.5 3.45065e-13 0)
(1.5 4.37605e-13 0)
(1.5 4.86085e-13 0)
(1.5 5.03585e-13 0)
(1.5 5.77897e-13 0)
(1.5 6.64337e-13 0)
(1.5 6.44484e-13 0)
(1.5 5.33341e-13 0)
(1.5 4.91407e-13 0)
(1.5 4.72444e-13 0)
(1.5 5.30378e-13 0)
(1.5 6.70798e-13 0)
(1.5 7.45096e-13 0)
(1.5 7.03583e-13 0)
(1.5 7.29442e-13 0)
(1.5 8.4724e-13 0)
(1.5 1.13976e-12 0)
(1.5 1.3399e-12 0)
(1.5 1.34311e-12 0)
(1.5 1.32436e-12 0)
(1.5 1.27348e-12 0)
(1.5 1.21125e-12 0)
(1.5 1.03414e-12 0)
(1.5 7.62505e-13 0)
(1.5 4.77632e-13 0)
(1.5 3.05946e-13 0)
(1.5 1.3685e-13 0)
(1.5 7.37571e-14 0)
(1.5 1.46315e-14 0)
(1.5 2.80289e-14 0)
(1.5 3.73804e-14 0)
(1.5 -8.48779e-14 0)
(1.5 -1.93339e-13 0)
(1.5 -2.55516e-13 0)
(1.5 -3.67361e-13 0)
(1.5 -4.53429e-13 0)
(1.5 -5.32604e-13 0)
(1.5 -5.37516e-13 0)
(1.5 -5.32319e-13 0)
(1.5 -5.37295e-13 0)
(1.5 -5.55238e-13 0)
(1.5 -6.13126e-13 0)
(1.5 -5.35489e-13 0)
(1.5 -5.8871e-13 0)
(1.5 -6.72489e-13 0)
(1.5 -7.65094e-13 0)
(1.5 -9.01892e-13 0)
(1.5 -1.00962e-12 0)
(1.5 -1.0734e-12 0)
(1.5 1.28209e-14 0)
(1.5 3.15189e-14 0)
(1.5 2.07104e-14 0)
(1.5 -1.73499e-14 0)
(1.5 -1.37829e-14 0)
(1.5 -3.73606e-14 0)
(1.5 -1.31611e-13 0)
(1.5 -1.46882e-13 0)
(1.5 -1.7262e-13 0)
(1.5 -1.19487e-13 0)
(1.5 -4.79229e-14 0)
(1.5 1.77812e-15 0)
(1.5 2.20803e-14 0)
(1.5 -2.95168e-14 0)
(1.5 -1.10347e-13 0)
(1.5 -9.68409e-14 0)
(1.5 -1.25379e-13 0)
(1.5 -1.60838e-13 0)
(1.5 -1.53799e-13 0)
(1.5 -1.11962e-13 0)
(1.5 -3.0214e-14 0)
(1.5 1.9613e-14 0)
(1.5 1.64897e-14 0)
(1.5 -2.64981e-15 0)
(1.5 -3.92344e-14 0)
(1.5 -2.10905e-14 0)
(1.5 -4.26686e-14 0)
(1.5 -4.86984e-14 0)
(1.5 -6.26328e-14 0)
(1.5 -3.87896e-14 0)
(1.5 -4.39719e-14 0)
(1.5 -9.2835e-14 0)
(1.5 -7.07638e-14 0)
(1.5 -7.77483e-14 0)
(1.5 -2.99181e-14 0)
(1.5 -2.91932e-14 0)
(1.5 -7.5385e-14 0)
(1.5 -1.25617e-13 0)
(1.5 -1.04252e-13 0)
(1.5 -9.57163e-14 0)
(1.5 -5.91434e-14 0)
(1.5 3.44771e-14 0)
(1.5 -1.38934e-14 0)
(1.5 -7.6687e-15 0)
(1.5 -3.34843e-15 0)
(1.5 -1.92381e-14 0)
(1.5 -3.10309e-14 0)
(1.5 2.36222e-14 0)
(1.5 7.69935e-15 0)
(1.5 2.01571e-14 0)
(1.5 -7.68412e-14 0)
(1.5 -5.18698e-15 0)
(1.5 -8.53282e-15 0)
(1.5 -2.06017e-14 0)
(1.5 2.2737e-14 0)
(1.5 1.26462e-14 0)
(1.5 2.46442e-14 0)
(1.5 3.97555e-14 0)
(1.5 8.10671e-14 0)
(1.5 8.30628e-14 0)
(1.5 7.14472e-14 0)
(1.5 8.08552e-14 0)
(1.5 3.60304e-14 0)
(1.5 8.85432e-15 0)
(1.5 9.51528e-15 0)
(1.5 -4.96258e-14 0)
(1.5 -8.22137e-14 0)
(1.5 -7.75169e-14 0)
(1.5 -6.42134e-14 0)
(1.5 -1.21904e-13 0)
(1.5 -1.67574e-13 0)
(1.5 -1.90256e-13 0)
(1.5 -2.08489e-13 0)
(1.5 -1.65651e-13 0)
(1.5 -1.14653e-13 0)
(1.5 -1.10934e-13 0)
(1.5 -8.62914e-14 0)
(1.5 -3.64907e-14 0)
(1.5 -3.81853e-14 0)
(1.5 -1.24623e-13 0)
(1.5 -1.0534e-13 0)
(1.5 -1.4082e-13 0)
(1.5 -1.85986e-13 0)
(1.5 -2.33171e-13 0)
(1.5 -2.39097e-13 0)
(1.5 -3.46014e-13 0)
(1.5 -3.71791e-13 0)
(1.5 -3.62646e-13 0)
(1.5 -2.33028e-13 0)
(1.5 -2.0024e-13 0)
(1.5 -2.76684e-13 0)
(1.5 -2.84869e-13 0)
(1.5 -2.05371e-13 0)
(1.5 -2.09275e-13 0)
(1.5 -1.74506e-13 0)
(1.5 -1.57721e-13 0)
(1.5 -1.2502e-13 0)
(1.5 -1.17486e-13 0)
(1.5 -3.826e-14 0)
(1.5 1.71404e-14 0)
(1.5 -1.02919e-13 0)
(1.5 -1.54913e-13 0)
(1.5 -1.9788e-13 0)
(1.5 -2.64995e-13 0)
(1.5 -2.62136e-13 0)
(1.5 -2.6502e-13 0)
(1.5 -1.89357e-13 0)
(1.5 -1.89929e-13 0)
(1.5 -1.4419e-13 0)
(1.5 -9.82752e-14 0)
(1.5 -5.15644e-14 0)
(1.5 -1.29876e-13 0)
(1.5 -1.79294e-13 0)
(1.5 -6.87889e-14 0)
(1.5 1.79908e-14 0)
(1.5 9.26056e-14 0)
(1.5 1.64083e-13 0)
(1.5 1.87338e-13 0)
(1.5 2.98078e-13 0)
(1.5 3.66918e-13 0)
(1.5 3.74659e-13 0)
(1.5 3.60306e-13 0)
(1.5 3.53016e-13 0)
(1.5 3.46793e-13 0)
(1.5 3.68447e-13 0)
(1.5 4.57429e-13 0)
(1.5 4.64473e-13 0)
(1.5 4.04572e-13 0)
(1.5 3.57161e-13 0)
(1.5 3.17228e-13 0)
(1.5 3.61486e-13 0)
(1.5 4.66692e-13 0)
(1.5 3.4512e-13 0)
(1.5 2.78362e-13 0)
(1.5 1.86184e-13 0)
(1.5 1.14217e-13 0)
(1.5 1.3681e-13 0)
(1.5 1.3641e-13 0)
(1.5 2.53964e-13 0)
(1.5 3.1222e-13 0)
(1.5 3.68749e-13 0)
(1.5 4.76576e-13 0)
(1.5 5.46871e-13 0)
(1.5 6.94662e-13 0)
(1.5 7.74302e-13 0)
(1.5 7.49305e-13 0)
(1.5 8.13293e-13 0)
(1.5 7.53931e-13 0)
(1.5 6.82728e-13 0)
(1.5 4.68676e-13 0)
(1.5 3.54701e-13 0)
(1.5 3.44676e-13 0)
(1.5 3.65355e-13 0)
(1.5 4.33105e-13 0)
(1.5 4.54379e-13 0)
(1.5 4.30358e-13 0)
(1.5 5.70505e-13 0)
(1.5 6.69672e-13 0)
(1.5 6.40315e-13 0)
(1.5 5.63954e-13 0)
(1.5 4.34168e-13 0)
(1.5 3.61033e-13 0)
(1.5 4.67044e-13 0)
(1.5 6.51983e-13 0)
(1.5 6.96131e-13 0)
(1.5 6.79361e-13 0)
(1.5 8.90416e-13 0)
(1.5 1.17399e-12 0)
(1.5 1.40599e-12 0)
(1.5 1.40961e-12 0)
(1.5 1.33913e-12 0)
(1.5 1.19511e-12 0)
(1.5 1.08338e-12 0)
(1.5 8.76815e-13 0)
(1.5 6.15103e-13 0)
(1.5 3.74099e-13 0)
(1.5 2.22683e-13 0)
(1.5 1.58496e-13 0)
(1.5 7.64795e-14 0)
(1.5 -1.84407e-14 0)
(1.5 -1.14741e-13 0)
(1.5 -1.10769e-13 0)
(1.5 -1.30337e-13 0)
(1.5 -2.29019e-13 0)
(1.5 -2.8249e-13 0)
(1.5 -3.93102e-13 0)
(1.5 -4.71686e-13 0)
(1.5 -5.61145e-13 0)
(1.5 -6.42762e-13 0)
(1.5 -6.81118e-13 0)
(1.5 -7.60884e-13 0)
(1.5 -7.23338e-13 0)
(1.5 -6.84469e-13 0)
(1.5 -6.99419e-13 0)
(1.5 -6.47182e-13 0)
(1.5 -7.26636e-13 0)
(1.5 -8.30705e-13 0)
(1.5 -9.49492e-13 0)
(1.5 -1.0625e-12 0)
(1.5 -1.0898e-12 0)
(1.5 5.1605e-15 0)
(1.5 3.6507e-14 0)
(1.5 2.07503e-14 0)
(1.5 2.35258e-14 0)
(1.5 2.65283e-14 0)
(1.5 -2.4175e-14 0)
(1.5 -1.29783e-13 0)
(1.5 -2.23425e-13 0)
(1.5 -2.48792e-13 0)
(1.5 -2.15609e-13 0)
(1.5 -2.02959e-13 0)
(1.5 -2.23218e-13 0)
(1.5 -1.8778e-13 0)
(1.5 -1.55547e-13 0)
(1.5 -1.79538e-13 0)
(1.5 -2.18815e-13 0)
(1.5 -2.11271e-13 0)
(1.5 -2.22377e-13 0)
(1.5 -2.41454e-13 0)
(1.5 -2.4771e-13 0)
(1.5 -1.89039e-13 0)
(1.5 -1.0226e-13 0)
(1.5 -6.91232e-14 0)
(1.5 -1.07139e-13 0)
(1.5 -1.69479e-13 0)
(1.5 -1.01179e-13 0)
(1.5 -4.27189e-14 0)
(1.5 -9.15809e-14 0)
(1.5 -5.75872e-14 0)
(1.5 -7.82322e-14 0)
(1.5 -1.43839e-13 0)
(1.5 -1.74976e-13 0)
(1.5 -1.07292e-13 0)
(1.5 -1.42204e-13 0)
(1.5 -1.18529e-13 0)
(1.5 -9.13227e-14 0)
(1.5 -4.64252e-14 0)
(1.5 -8.54364e-14 0)
(1.5 -8.99821e-14 0)
(1.5 -7.44601e-14 0)
(1.5 -4.69139e-14 0)
(1.5 9.52011e-15 0)
(1.5 -3.39766e-14 0)
(1.5 -8.96761e-15 0)
(1.5 -4.1887e-14 0)
(1.5 -2.17747e-14 0)
(1.5 -4.35614e-14 0)
(1.5 2.10178e-15 0)
(1.5 -1.7094e-14 0)
(1.5 -2.33481e-14 0)
(1.5 -2.17675e-14 0)
(1.5 9.27507e-15 0)
(1.5 -2.39254e-15 0)
(1.5 -1.7069e-14 0)
(1.5 -1.58159e-14 0)
(1.5 -2.43225e-16 0)
(1.5 4.55419e-14 0)
(1.5 1.19378e-13 0)
(1.5 1.06407e-13 0)
(1.5 1.17368e-13 0)
(1.5 1.13465e-13 0)
(1.5 7.71315e-14 0)
(1.5 4.70034e-14 0)
(1.5 3.35306e-14 0)
(1.5 8.93133e-17 0)
(1.5 -7.12182e-14 0)
(1.5 -1.25479e-13 0)
(1.5 -1.14738e-13 0)
(1.5 -1.64027e-13 0)
(1.5 -2.1388e-13 0)
(1.5 -2.62753e-13 0)
(1.5 -3.04352e-13 0)
(1.5 -2.49432e-13 0)
(1.5 -1.9085e-13 0)
(1.5 -1.33507e-13 0)
(1.5 -1.81927e-13 0)
(1.5 -2.06092e-13 0)
(1.5 -1.54915e-13 0)
(1.5 -1.75447e-13 0)
(1.5 -2.06987e-13 0)
(1.5 -2.47853e-13 0)
(1.5 -3.09432e-13 0)
(1.5 -3.22933e-13 0)
(1.5 -2.95696e-13 0)
(1.5 -3.23906e-13 0)
(1.5 -4.04221e-13 0)
(1.5 -4.26548e-13 0)
(1.5 -4.37691e-13 0)
(1.5 -3.79979e-13 0)
(1.5 -3.25194e-13 0)
(1.5 -3.8778e-13 0)
(1.5 -4.16138e-13 0)
(1.5 -4.54362e-13 0)
(1.5 -4.0667e-13 0)
(1.5 -3.04071e-13 0)
(1.5 -2.60684e-13 0)
(1.5 -2.74471e-13 0)
(1.5 -2.89326e-13 0)
(1.5 -2.05166e-13 0)
(1.5 -1.11139e-13 0)
(1.5 -1.84557e-13 0)
(1.5 -2.62864e-13 0)
(1.5 -3.43933e-13 0)
(1.5 -4.98083e-13 0)
(1.5 -5.03843e-13 0)
(1.5 -3.9804e-13 0)
(1.5 -3.16284e-13 0)
(1.5 -1.93261e-13 0)
(1.5 -1.78373e-13 0)
(1.5 -1.92044e-13 0)
(1.5 -1.55582e-13 0)
(1.5 -1.25481e-13 0)
(1.5 -8.4067e-14 0)
(1.5 -1.18759e-14 0)
(1.5 1.13532e-13 0)
(1.5 1.83713e-13 0)
(1.5 1.87906e-13 0)
(1.5 2.44821e-13 0)
(1.5 3.07999e-13 0)
(1.5 3.32976e-13 0)
(1.5 3.35624e-13 0)
(1.5 3.45472e-13 0)
(1.5 3.44432e-13 0)
(1.5 3.03692e-13 0)
(1.5 2.75938e-13 0)
(1.5 3.1513e-13 0)
(1.5 2.87262e-13 0)
(1.5 2.22674e-13 0)
(1.5 1.96004e-13 0)
(1.5 2.00523e-13 0)
(1.5 2.2086e-13 0)
(1.5 2.3745e-13 0)
(1.5 1.07018e-13 0)
(1.5 6.88365e-14 0)
(1.5 9.62882e-14 0)
(1.5 1.43019e-13 0)
(1.5 1.65199e-13 0)
(1.5 9.74926e-14 0)
(1.5 9.25706e-14 0)
(1.5 1.66469e-13 0)
(1.5 2.96674e-13 0)
(1.5 3.92724e-13 0)
(1.5 4.97985e-13 0)
(1.5 6.14867e-13 0)
(1.5 6.80842e-13 0)
(1.5 6.84306e-13 0)
(1.5 7.15943e-13 0)
(1.5 6.45167e-13 0)
(1.5 5.8909e-13 0)
(1.5 5.13163e-13 0)
(1.5 5.04879e-13 0)
(1.5 4.21212e-13 0)
(1.5 3.46399e-13 0)
(1.5 3.31322e-13 0)
(1.5 3.66889e-13 0)
(1.5 3.96749e-13 0)
(1.5 4.56808e-13 0)
(1.5 5.24514e-13 0)
(1.5 5.60644e-13 0)
(1.5 4.66944e-13 0)
(1.5 3.80435e-13 0)
(1.5 2.96755e-13 0)
(1.5 4.18827e-13 0)
(1.5 6.20884e-13 0)
(1.5 7.27423e-13 0)
(1.5 7.41775e-13 0)
(1.5 8.52899e-13 0)
(1.5 1.10417e-12 0)
(1.5 1.20902e-12 0)
(1.5 1.16436e-12 0)
(1.5 1.05425e-12 0)
(1.5 9.0487e-13 0)
(1.5 8.10957e-13 0)
(1.5 5.80143e-13 0)
(1.5 4.89508e-13 0)
(1.5 4.00837e-13 0)
(1.5 2.35008e-13 0)
(1.5 1.3016e-13 0)
(1.5 5.79696e-14 0)
(1.5 -2.31298e-15 0)
(1.5 -1.65518e-13 0)
(1.5 -2.62217e-13 0)
(1.5 -2.14388e-13 0)
(1.5 -3.02788e-13 0)
(1.5 -4.13205e-13 0)
(1.5 -4.79461e-13 0)
(1.5 -5.9921e-13 0)
(1.5 -6.8661e-13 0)
(1.5 -7.44097e-13 0)
(1.5 -8.1781e-13 0)
(1.5 -9.1401e-13 0)
(1.5 -9.2974e-13 0)
(1.5 -7.97733e-13 0)
(1.5 -7.37276e-13 0)
(1.5 -6.28165e-13 0)
(1.5 -6.74063e-13 0)
(1.5 -8.23011e-13 0)
(1.5 -8.91865e-13 0)
(1.5 -9.82487e-13 0)
(1.5 -9.89175e-13 0)
(1.5 4.98682e-15 0)
(1.5 2.04882e-14 0)
(1.5 3.17819e-14 0)
(1.5 -1.86767e-14 0)
(1.5 -9.1018e-14 0)
(1.5 -1.77741e-13 0)
(1.5 -2.39827e-13 0)
(1.5 -2.91231e-13 0)
(1.5 -2.86149e-13 0)
(1.5 -2.2667e-13 0)
(1.5 -1.63483e-13 0)
(1.5 -1.9475e-13 0)
(1.5 -1.40347e-13 0)
(1.5 -9.1435e-14 0)
(1.5 -1.58302e-13 0)
(1.5 -2.40022e-13 0)
(1.5 -2.1435e-13 0)
(1.5 -1.1705e-13 0)
(1.5 -1.63824e-13 0)
(1.5 -1.98765e-13 0)
(1.5 -1.97098e-13 0)
(1.5 -1.1671e-13 0)
(1.5 -8.48399e-14 0)
(1.5 -9.69721e-14 0)
(1.5 -1.24922e-13 0)
(1.5 -7.39231e-14 0)
(1.5 -2.56093e-14 0)
(1.5 -8.01589e-14 0)
(1.5 -4.70753e-14 0)
(1.5 -1.29524e-13 0)
(1.5 -1.6967e-13 0)
(1.5 -1.64789e-13 0)
(1.5 -1.46852e-13 0)
(1.5 -2.06117e-13 0)
(1.5 -1.7171e-13 0)
(1.5 -6.55841e-14 0)
(1.5 1.34215e-14 0)
(1.5 1.38082e-14 0)
(1.5 4.58098e-14 0)
(1.5 4.3447e-14 0)
(1.5 2.20223e-14 0)
(1.5 2.49138e-14 0)
(1.5 2.3707e-15 0)
(1.5 -5.22569e-14 0)
(1.5 -1.12797e-13 0)
(1.5 -4.14091e-14 0)
(1.5 -3.06008e-14 0)
(1.5 -6.77859e-14 0)
(1.5 -4.32186e-14 0)
(1.5 -3.71087e-14 0)
(1.5 3.14395e-14 0)
(1.5 6.31524e-15 0)
(1.5 -1.70154e-14 0)
(1.5 -2.86204e-14 0)
(1.5 -1.77969e-14 0)
(1.5 -8.40621e-15 0)
(1.5 9.04518e-15 0)
(1.5 1.16226e-13 0)
(1.5 1.10694e-13 0)
(1.5 8.61405e-14 0)
(1.5 1.15277e-13 0)
(1.5 4.6737e-14 0)
(1.5 5.66363e-14 0)
(1.5 6.64594e-14 0)
(1.5 -5.51384e-14 0)
(1.5 -1.00246e-13 0)
(1.5 -1.15466e-13 0)
(1.5 -9.17e-14 0)
(1.5 -1.49886e-13 0)
(1.5 -2.28694e-13 0)
(1.5 -2.48346e-13 0)
(1.5 -1.97694e-13 0)
(1.5 -1.61148e-13 0)
(1.5 -1.55476e-13 0)
(1.5 -1.97049e-13 0)
(1.5 -2.44497e-13 0)
(1.5 -2.69692e-13 0)
(1.5 -2.93561e-13 0)
(1.5 -3.42605e-13 0)
(1.5 -3.44558e-13 0)
(1.5 -3.60959e-13 0)
(1.5 -3.71351e-13 0)
(1.5 -3.49963e-13 0)
(1.5 -2.62597e-13 0)
(1.5 -2.66343e-13 0)
(1.5 -3.10714e-13 0)
(1.5 -3.88498e-13 0)
(1.5 -4.10842e-13 0)
(1.5 -4.73431e-13 0)
(1.5 -4.92978e-13 0)
(1.5 -4.91898e-13 0)
(1.5 -4.21241e-13 0)
(1.5 -4.18038e-13 0)
(1.5 -3.45553e-13 0)
(1.5 -3.13166e-13 0)
(1.5 -2.70177e-13 0)
(1.5 -2.66406e-13 0)
(1.5 -2.11728e-13 0)
(1.5 -1.73226e-13 0)
(1.5 -1.28786e-13 0)
(1.5 -2.11174e-13 0)
(1.5 -2.92729e-13 0)
(1.5 -3.34175e-13 0)
(1.5 -4.66317e-13 0)
(1.5 -5.47797e-13 0)
(1.5 -4.04378e-13 0)
(1.5 -2.92512e-13 0)
(1.5 -1.90775e-13 0)
(1.5 -1.54797e-13 0)
(1.5 -1.41843e-13 0)
(1.5 -6.88054e-15 0)
(1.5 6.88719e-14 0)
(1.5 1.42601e-13 0)
(1.5 1.58394e-13 0)
(1.5 1.97845e-13 0)
(1.5 2.81048e-13 0)
(1.5 2.66545e-13 0)
(1.5 3.19902e-13 0)
(1.5 3.34415e-13 0)
(1.5 3.05623e-13 0)
(1.5 3.411e-13 0)
(1.5 3.15705e-13 0)
(1.5 2.85436e-13 0)
(1.5 3.16917e-13 0)
(1.5 3.34717e-13 0)
(1.5 2.80059e-13 0)
(1.5 1.87021e-13 0)
(1.5 1.82117e-13 0)
(1.5 2.06563e-13 0)
(1.5 2.8156e-13 0)
(1.5 2.47222e-13 0)
(1.5 7.96157e-14 0)
(1.5 -1.41203e-13 0)
(1.5 -1.77036e-13 0)
(1.5 -9.33095e-14 0)
(1.5 4.93983e-14 0)
(1.5 1.04294e-13 0)
(1.5 -7.80553e-15 0)
(1.5 -1.95777e-14 0)
(1.5 5.42537e-14 0)
(1.5 1.52436e-13 0)
(1.5 1.84604e-13 0)
(1.5 2.296e-13 0)
(1.5 3.33024e-13 0)
(1.5 4.38847e-13 0)
(1.5 5.75825e-13 0)
(1.5 5.20776e-13 0)
(1.5 4.06359e-13 0)
(1.5 3.59986e-13 0)
(1.5 4.18034e-13 0)
(1.5 5.39464e-13 0)
(1.5 5.08744e-13 0)
(1.5 4.12435e-13 0)
(1.5 3.58254e-13 0)
(1.5 3.74263e-13 0)
(1.5 4.50445e-13 0)
(1.5 4.42719e-13 0)
(1.5 4.45454e-13 0)
(1.5 3.98597e-13 0)
(1.5 3.20696e-13 0)
(1.5 2.89952e-13 0)
(1.5 3.83381e-13 0)
(1.5 5.75176e-13 0)
(1.5 6.81655e-13 0)
(1.5 7.25702e-13 0)
(1.5 7.99151e-13 0)
(1.5 8.03534e-13 0)
(1.5 9.67937e-13 0)
(1.5 8.89787e-13 0)
(1.5 8.30539e-13 0)
(1.5 7.54738e-13 0)
(1.5 5.93999e-13 0)
(1.5 5.42968e-13 0)
(1.5 4.67488e-13 0)
(1.5 5.09285e-13 0)
(1.5 4.76185e-13 0)
(1.5 2.86821e-13 0)
(1.5 8.23787e-14 0)
(1.5 -5.81569e-14 0)
(1.5 -1.93155e-13 0)
(1.5 -2.64019e-13 0)
(1.5 -3.6781e-13 0)
(1.5 -3.97242e-13 0)
(1.5 -4.91987e-13 0)
(1.5 -6.09401e-13 0)
(1.5 -6.23714e-13 0)
(1.5 -7.36441e-13 0)
(1.5 -8.08927e-13 0)
(1.5 -8.37216e-13 0)
(1.5 -8.85966e-13 0)
(1.5 -9.13631e-13 0)
(1.5 -9.30937e-13 0)
(1.5 -8.14987e-13 0)
(1.5 -6.89582e-13 0)
(1.5 -5.54158e-13 0)
(1.5 -6.27273e-13 0)
(1.5 -7.81389e-13 0)
(1.5 -8.20168e-13 0)
(1.5 -8.70908e-13 0)
(1.5 -9.02948e-13 0)
(1.5 -2.7728e-14 0)
(1.5 -1.53903e-15 0)
(1.5 -3.94597e-15 0)
(1.5 -2.85938e-14 0)
(1.5 -1.14871e-13 0)
(1.5 -1.47023e-13 0)
(1.5 -1.88132e-13 0)
(1.5 -2.15752e-13 0)
(1.5 -2.28544e-13 0)
(1.5 -1.95451e-13 0)
(1.5 -1.60427e-13 0)
(1.5 -1.04598e-13 0)
(1.5 -6.34216e-14 0)
(1.5 -6.11437e-14 0)
(1.5 -1.19964e-13 0)
(1.5 -1.49331e-13 0)
(1.5 -9.94662e-14 0)
(1.5 -3.6994e-14 0)
(1.5 -8.84513e-14 0)
(1.5 -1.02424e-13 0)
(1.5 -1.22538e-13 0)
(1.5 -3.4635e-14 0)
(1.5 4.53188e-14 0)
(1.5 2.33014e-14 0)
(1.5 7.14848e-15 0)
(1.5 1.29127e-14 0)
(1.5 6.52336e-15 0)
(1.5 4.16378e-14 0)
(1.5 1.24137e-14 0)
(1.5 -8.4736e-14 0)
(1.5 -8.12349e-14 0)
(1.5 -1.25794e-13 0)
(1.5 -1.19617e-13 0)
(1.5 -1.61505e-13 0)
(1.5 -9.16632e-14 0)
(1.5 2.55966e-14 0)
(1.5 6.29361e-14 0)
(1.5 7.75787e-14 0)
(1.5 9.40645e-14 0)
(1.5 9.07686e-14 0)
(1.5 5.87218e-14 0)
(1.5 6.48584e-14 0)
(1.5 7.60696e-14 0)
(1.5 1.8664e-14 0)
(1.5 -6.60872e-14 0)
(1.5 -3.48181e-14 0)
(1.5 -1.38786e-14 0)
(1.5 -3.50207e-14 0)
(1.5 -8.40597e-17 0)
(1.5 2.90399e-14 0)
(1.5 6.08222e-14 0)
(1.5 5.28803e-14 0)
(1.5 5.12584e-14 0)
(1.5 4.81938e-14 0)
(1.5 3.59747e-15 0)
(1.5 5.22787e-14 0)
(1.5 6.20135e-14 0)
(1.5 1.01847e-13 0)
(1.5 1.0419e-13 0)
(1.5 9.44447e-14 0)
(1.5 1.32299e-13 0)
(1.5 1.07976e-13 0)
(1.5 1.35837e-13 0)
(1.5 1.11661e-13 0)
(1.5 9.86957e-15 0)
(1.5 2.50026e-14 0)
(1.5 -6.64015e-15 0)
(1.5 -5.56489e-14 0)
(1.5 -1.14936e-13 0)
(1.5 -1.47585e-13 0)
(1.5 -1.1954e-13 0)
(1.5 -9.9011e-14 0)
(1.5 -1.83013e-13 0)
(1.5 -1.85841e-13 0)
(1.5 -2.22212e-13 0)
(1.5 -1.80871e-13 0)
(1.5 -1.80621e-13 0)
(1.5 -2.40421e-13 0)
(1.5 -2.56352e-13 0)
(1.5 -2.30584e-13 0)
(1.5 -2.64473e-13 0)
(1.5 -2.73977e-13 0)
(1.5 -3.01015e-13 0)
(1.5 -2.64255e-13 0)
(1.5 -3.19889e-13 0)
(1.5 -3.68669e-13 0)
(1.5 -3.92108e-13 0)
(1.5 -4.15288e-13 0)
(1.5 -5.18347e-13 0)
(1.5 -5.50386e-13 0)
(1.5 -4.18552e-13 0)
(1.5 -3.23351e-13 0)
(1.5 -2.55921e-13 0)
(1.5 -1.0838e-13 0)
(1.5 -8.78737e-14 0)
(1.5 -9.24476e-14 0)
(1.5 -1.38654e-13 0)
(1.5 -1.43109e-13 0)
(1.5 -1.43865e-13 0)
(1.5 -1.52821e-13 0)
(1.5 -2.40516e-13 0)
(1.5 -2.64184e-13 0)
(1.5 -2.51047e-13 0)
(1.5 -2.88227e-13 0)
(1.5 -3.83963e-13 0)
(1.5 -3.36724e-13 0)
(1.5 -1.83467e-13 0)
(1.5 -9.22183e-14 0)
(1.5 3.18592e-14 0)
(1.5 7.53612e-14 0)
(1.5 1.95349e-13 0)
(1.5 2.54024e-13 0)
(1.5 2.26597e-13 0)
(1.5 2.02111e-13 0)
(1.5 1.86322e-13 0)
(1.5 2.52629e-13 0)
(1.5 3.18779e-13 0)
(1.5 3.1982e-13 0)
(1.5 3.14472e-13 0)
(1.5 2.6316e-13 0)
(1.5 2.97331e-13 0)
(1.5 2.76728e-13 0)
(1.5 3.16864e-13 0)
(1.5 4.15139e-13 0)
(1.5 4.83449e-13 0)
(1.5 3.94405e-13 0)
(1.5 2.48541e-13 0)
(1.5 2.49074e-13 0)
(1.5 3.13035e-13 0)
(1.5 3.48744e-13 0)
(1.5 2.50264e-13 0)
(1.5 1.78468e-14 0)
(1.5 -2.36599e-13 0)
(1.5 -3.2072e-13 0)
(1.5 -3.36454e-13 0)
(1.5 -2.34948e-13 0)
(1.5 -1.52342e-13 0)
(1.5 -1.62306e-13 0)
(1.5 -1.22301e-13 0)
(1.5 -7.24459e-14 0)
(1.5 -5.46989e-14 0)
(1.5 1.61661e-14 0)
(1.5 5.64723e-14 0)
(1.5 1.26708e-13 0)
(1.5 2.33937e-13 0)
(1.5 3.71855e-13 0)
(1.5 3.10325e-13 0)
(1.5 8.77822e-14 0)
(1.5 5.68587e-14 0)
(1.5 1.87231e-13 0)
(1.5 3.33913e-13 0)
(1.5 4.04837e-13 0)
(1.5 3.42787e-13 0)
(1.5 3.47023e-13 0)
(1.5 3.71582e-13 0)
(1.5 3.92244e-13 0)
(1.5 2.90888e-13 0)
(1.5 2.70661e-13 0)
(1.5 2.56025e-13 0)
(1.5 3.21197e-13 0)
(1.5 4.01991e-13 0)
(1.5 4.99852e-13 0)
(1.5 6.43134e-13 0)
(1.5 6.7099e-13 0)
(1.5 7.31083e-13 0)
(1.5 7.88068e-13 0)
(1.5 7.73959e-13 0)
(1.5 8.13528e-13 0)
(1.5 7.29899e-13 0)
(1.5 7.24531e-13 0)
(1.5 6.75834e-13 0)
(1.5 6.00838e-13 0)
(1.5 5.22925e-13 0)
(1.5 5.08316e-13 0)
(1.5 5.02316e-13 0)
(1.5 4.53583e-13 0)
(1.5 2.90862e-13 0)
(1.5 1.15517e-13 0)
(1.5 -6.77419e-14 0)
(1.5 -2.63454e-13 0)
(1.5 -3.98961e-13 0)
(1.5 -5.22884e-13 0)
(1.5 -6.53477e-13 0)
(1.5 -6.03284e-13 0)
(1.5 -6.53242e-13 0)
(1.5 -7.05635e-13 0)
(1.5 -8.35416e-13 0)
(1.5 -8.62048e-13 0)
(1.5 -8.74296e-13 0)
(1.5 -9.03616e-13 0)
(1.5 -8.58371e-13 0)
(1.5 -8.25202e-13 0)
(1.5 -8.02372e-13 0)
(1.5 -6.96905e-13 0)
(1.5 -5.83307e-13 0)
(1.5 -7.0764e-13 0)
(1.5 -8.00518e-13 0)
(1.5 -8.1186e-13 0)
(1.5 -8.00192e-13 0)
(1.5 -8.4214e-13 0)
(1.5 -2.61011e-14 0)
(1.5 8.46797e-15 0)
(1.5 -1.20379e-14 0)
(1.5 6.4131e-14 0)
(1.5 1.53761e-14 0)
(1.5 -3.37402e-14 0)
(1.5 -1.00643e-13 0)
(1.5 -1.9568e-13 0)
(1.5 -2.49459e-13 0)
(1.5 -2.7521e-13 0)
(1.5 -2.48632e-13 0)
(1.5 -1.80293e-13 0)
(1.5 -1.69929e-13 0)
(1.5 -1.05009e-13 0)
(1.5 -5.63599e-14 0)
(1.5 -1.25371e-13 0)
(1.5 -1.19738e-13 0)
(1.5 -1.14686e-13 0)
(1.5 -9.74322e-14 0)
(1.5 -6.38101e-14 0)
(1.5 -7.69392e-14 0)
(1.5 -6.83499e-14 0)
(1.5 -3.09349e-14 0)
(1.5 3.39393e-14 0)
(1.5 5.2994e-14 0)
(1.5 5.53174e-14 0)
(1.5 4.93771e-14 0)
(1.5 4.90349e-14 0)
(1.5 5.29753e-14 0)
(1.5 -3.05263e-14 0)
(1.5 -8.86333e-14 0)
(1.5 -1.84727e-13 0)
(1.5 -1.662e-13 0)
(1.5 -1.10768e-13 0)
(1.5 -5.93415e-14 0)
(1.5 -2.46447e-14 0)
(1.5 -2.9094e-14 0)
(1.5 1.24779e-14 0)
(1.5 -1.70493e-14 0)
(1.5 -8.14146e-15 0)
(1.5 -4.41488e-15 0)
(1.5 -1.68249e-15 0)
(1.5 3.02662e-14 0)
(1.5 2.4563e-15 0)
(1.5 -2.30917e-14 0)
(1.5 -8.83947e-14 0)
(1.5 -8.47971e-14 0)
(1.5 -7.00116e-14 0)
(1.5 -6.70316e-14 0)
(1.5 -2.53627e-14 0)
(1.5 -2.70923e-15 0)
(1.5 -3.01564e-14 0)
(1.5 -1.36763e-14 0)
(1.5 8.62296e-15 0)
(1.5 -3.26211e-14 0)
(1.5 -1.22526e-14 0)
(1.5 6.11917e-14 0)
(1.5 2.18016e-14 0)
(1.5 4.98945e-14 0)
(1.5 6.35536e-14 0)
(1.5 8.9549e-14 0)
(1.5 9.44086e-14 0)
(1.5 7.709e-14 0)
(1.5 1.64154e-14 0)
(1.5 2.55735e-14 0)
(1.5 8.19847e-15 0)
(1.5 -4.70015e-14 0)
(1.5 -1.29888e-13 0)
(1.5 -1.53788e-13 0)
(1.5 -1.05484e-13 0)
(1.5 -1.18361e-13 0)
(1.5 -1.49374e-13 0)
(1.5 -2.06498e-13 0)
(1.5 -2.17596e-13 0)
(1.5 -1.59706e-13 0)
(1.5 -1.25206e-13 0)
(1.5 -1.67348e-13 0)
(1.5 -2.50392e-13 0)
(1.5 -2.15572e-13 0)
(1.5 -1.48856e-13 0)
(1.5 -1.72008e-13 0)
(1.5 -2.10588e-13 0)
(1.5 -2.87459e-13 0)
(1.5 -3.76332e-13 0)
(1.5 -4.73531e-13 0)
(1.5 -4.89999e-13 0)
(1.5 -4.23854e-13 0)
(1.5 -4.57828e-13 0)
(1.5 -4.73906e-13 0)
(1.5 -4.40112e-13 0)
(1.5 -2.7753e-13 0)
(1.5 -2.29225e-13 0)
(1.5 -1.74258e-13 0)
(1.5 -1.02346e-13 0)
(1.5 -5.30243e-14 0)
(1.5 -1.02786e-13 0)
(1.5 -1.731e-13 0)
(1.5 -2.38727e-13 0)
(1.5 -2.45162e-13 0)
(1.5 -2.57104e-13 0)
(1.5 -2.38299e-13 0)
(1.5 -2.53923e-13 0)
(1.5 -2.82884e-13 0)
(1.5 -3.15629e-13 0)
(1.5 -3.27257e-13 0)
(1.5 -3.24088e-13 0)
(1.5 -2.02143e-13 0)
(1.5 -1.17247e-13 0)
(1.5 5.12511e-14 0)
(1.5 1.75135e-13 0)
(1.5 1.88211e-13 0)
(1.5 2.38176e-13 0)
(1.5 2.06723e-13 0)
(1.5 2.17767e-13 0)
(1.5 1.8291e-13 0)
(1.5 1.63045e-13 0)
(1.5 2.48436e-13 0)
(1.5 2.50074e-13 0)
(1.5 1.65034e-13 0)
(1.5 1.17952e-13 0)
(1.5 1.14498e-13 0)
(1.5 1.99691e-13 0)
(1.5 3.01442e-13 0)
(1.5 3.53118e-13 0)
(1.5 4.14455e-13 0)
(1.5 3.67131e-13 0)
(1.5 2.94619e-13 0)
(1.5 2.28375e-13 0)
(1.5 2.44869e-13 0)
(1.5 2.60927e-13 0)
(1.5 1.59749e-13 0)
(1.5 9.5743e-15 0)
(1.5 -2.37234e-13 0)
(1.5 -3.5908e-13 0)
(1.5 -4.04318e-13 0)
(1.5 -3.14963e-13 0)
(1.5 -1.98852e-13 0)
(1.5 -1.4557e-13 0)
(1.5 -1.6372e-13 0)
(1.5 -1.79479e-13 0)
(1.5 -1.27193e-13 0)
(1.5 1.22579e-14 0)
(1.5 1.30887e-14 0)
(1.5 6.85284e-14 0)
(1.5 1.77442e-13 0)
(1.5 2.55022e-13 0)
(1.5 2.39277e-13 0)
(1.5 -2.19039e-14 0)
(1.5 -2.75375e-14 0)
(1.5 8.13228e-14 0)
(1.5 1.56451e-13 0)
(1.5 2.40963e-13 0)
(1.5 2.16833e-13 0)
(1.5 2.88328e-13 0)
(1.5 3.35057e-13 0)
(1.5 3.69634e-13 0)
(1.5 2.99976e-13 0)
(1.5 2.51427e-13 0)
(1.5 3.4801e-13 0)
(1.5 4.91917e-13 0)
(1.5 6.08725e-13 0)
(1.5 5.96431e-13 0)
(1.5 6.33337e-13 0)
(1.5 6.67991e-13 0)
(1.5 7.49131e-13 0)
(1.5 7.59138e-13 0)
(1.5 6.63592e-13 0)
(1.5 5.99214e-13 0)
(1.5 6.56803e-13 0)
(1.5 6.70535e-13 0)
(1.5 6.61859e-13 0)
(1.5 6.17749e-13 0)
(1.5 5.29327e-13 0)
(1.5 5.42138e-13 0)
(1.5 4.90227e-13 0)
(1.5 3.73975e-13 0)
(1.5 2.22592e-13 0)
(1.5 1.39144e-13 0)
(1.5 -2.01488e-14 0)
(1.5 -1.71706e-13 0)
(1.5 -3.47361e-13 0)
(1.5 -5.11881e-13 0)
(1.5 -6.1754e-13 0)
(1.5 -5.99038e-13 0)
(1.5 -6.74107e-13 0)
(1.5 -7.85051e-13 0)
(1.5 -9.10699e-13 0)
(1.5 -9.6879e-13 0)
(1.5 -9.94308e-13 0)
(1.5 -9.97574e-13 0)
(1.5 -9.2765e-13 0)
(1.5 -8.45662e-13 0)
(1.5 -8.44201e-13 0)
(1.5 -8.15173e-13 0)
(1.5 -8.10626e-13 0)
(1.5 -8.54124e-13 0)
(1.5 -8.62142e-13 0)
(1.5 -8.74064e-13 0)
(1.5 -8.66578e-13 0)
(1.5 -8.40321e-13 0)
(1.5 1.1093e-14 0)
(1.5 6.92515e-14 0)
(1.5 7.44479e-14 0)
(1.5 9.66942e-14 0)
(1.5 4.72725e-14 0)
(1.5 -5.6431e-14 0)
(1.5 -1.83236e-13 0)
(1.5 -2.39048e-13 0)
(1.5 -2.22436e-13 0)
(1.5 -2.4578e-13 0)
(1.5 -1.94326e-13 0)
(1.5 -1.6821e-13 0)
(1.5 -1.52826e-13 0)
(1.5 -1.17004e-13 0)
(1.5 -9.20283e-14 0)
(1.5 -1.51145e-13 0)
(1.5 -1.85206e-13 0)
(1.5 -2.04248e-13 0)
(1.5 -9.89337e-14 0)
(1.5 -1.71413e-14 0)
(1.5 -7.58879e-15 0)
(1.5 -5.467e-14 0)
(1.5 -7.25402e-14 0)
(1.5 -2.10653e-14 0)
(1.5 8.0566e-14 0)
(1.5 9.27055e-14 0)
(1.5 6.54871e-14 0)
(1.5 -5.21455e-15 0)
(1.5 -2.4253e-15 0)
(1.5 -1.95705e-14 0)
(1.5 -1.16674e-13 0)
(1.5 -1.75047e-13 0)
(1.5 -1.90777e-13 0)
(1.5 -9.78996e-14 0)
(1.5 -3.19792e-14 0)
(1.5 -4.28598e-14 0)
(1.5 -5.6804e-14 0)
(1.5 -2.88445e-14 0)
(1.5 -8.02312e-14 0)
(1.5 -3.38617e-14 0)
(1.5 3.17978e-14 0)
(1.5 1.46091e-14 0)
(1.5 2.53668e-14 0)
(1.5 -1.76436e-14 0)
(1.5 9.53835e-15 0)
(1.5 -8.00201e-14 0)
(1.5 -1.11778e-13 0)
(1.5 -1.40521e-13 0)
(1.5 -1.47287e-13 0)
(1.5 -7.85181e-14 0)
(1.5 -6.893e-14 0)
(1.5 -9.24171e-14 0)
(1.5 -8.08166e-14 0)
(1.5 -6.78648e-14 0)
(1.5 -2.52448e-14 0)
(1.5 -4.335e-14 0)
(1.5 -1.58134e-14 0)
(1.5 4.04774e-16 0)
(1.5 5.46137e-14 0)
(1.5 9.70719e-14 0)
(1.5 1.05089e-13 0)
(1.5 9.43419e-14 0)
(1.5 5.44317e-14 0)
(1.5 2.12998e-15 0)
(1.5 5.73587e-14 0)
(1.5 -7.45184e-15 0)
(1.5 -1.07295e-13 0)
(1.5 -1.2595e-13 0)
(1.5 -9.44435e-14 0)
(1.5 -5.48824e-15 0)
(1.5 -6.88485e-14 0)
(1.5 -7.72061e-14 0)
(1.5 -6.75364e-14 0)
(1.5 -7.75836e-14 0)
(1.5 -4.78481e-14 0)
(1.5 -8.67295e-14 0)
(1.5 -1.56479e-13 0)
(1.5 -2.82925e-13 0)
(1.5 -2.15236e-13 0)
(1.5 -1.4952e-13 0)
(1.5 -1.1925e-13 0)
(1.5 -1.45691e-13 0)
(1.5 -2.66184e-13 0)
(1.5 -4.03528e-13 0)
(1.5 -4.37792e-13 0)
(1.5 -4.46572e-13 0)
(1.5 -4.02079e-13 0)
(1.5 -4.01403e-13 0)
(1.5 -4.07675e-13 0)
(1.5 -3.09182e-13 0)
(1.5 -2.21457e-13 0)
(1.5 -2.2434e-13 0)
(1.5 -1.76915e-13 0)
(1.5 -2.21302e-13 0)
(1.5 -1.5101e-13 0)
(1.5 -1.718e-13 0)
(1.5 -2.06393e-13 0)
(1.5 -2.67468e-13 0)
(1.5 -3.08302e-13 0)
(1.5 -2.76543e-13 0)
(1.5 -1.92915e-13 0)
(1.5 -2.22583e-13 0)
(1.5 -2.96385e-13 0)
(1.5 -3.14428e-13 0)
(1.5 -2.90024e-13 0)
(1.5 -3.35166e-13 0)
(1.5 -2.90763e-13 0)
(1.5 -2.76624e-13 0)
(1.5 -1.25758e-13 0)
(1.5 9.09653e-14 0)
(1.5 1.74624e-13 0)
(1.5 2.09893e-13 0)
(1.5 2.33322e-13 0)
(1.5 2.59044e-13 0)
(1.5 2.73227e-13 0)
(1.5 2.16096e-13 0)
(1.5 1.99598e-13 0)
(1.5 1.69783e-13 0)
(1.5 1.11672e-13 0)
(1.5 1.18116e-13 0)
(1.5 9.26081e-14 0)
(1.5 1.24133e-13 0)
(1.5 2.26209e-13 0)
(1.5 2.34469e-13 0)
(1.5 2.35903e-13 0)
(1.5 1.41688e-13 0)
(1.5 1.28884e-13 0)
(1.5 1.11033e-13 0)
(1.5 1.16519e-13 0)
(1.5 1.65409e-13 0)
(1.5 1.15332e-13 0)
(1.5 9.16112e-14 0)
(1.5 -5.34406e-14 0)
(1.5 -1.95022e-13 0)
(1.5 -2.38504e-13 0)
(1.5 -1.16096e-13 0)
(1.5 -7.7296e-14 0)
(1.5 -9.57693e-14 0)
(1.5 -8.128e-14 0)
(1.5 -1.38904e-13 0)
(1.5 -3.66826e-14 0)
(1.5 5.01222e-14 0)
(1.5 -3.20176e-14 0)
(1.5 4.1422e-14 0)
(1.5 1.25417e-13 0)
(1.5 1.78754e-13 0)
(1.5 2.37315e-13 0)
(1.5 1.45182e-13 0)
(1.5 2.02289e-13 0)
(1.5 2.4665e-13 0)
(1.5 2.80983e-13 0)
(1.5 3.8382e-13 0)
(1.5 3.75413e-13 0)
(1.5 4.26813e-13 0)
(1.5 4.79605e-13 0)
(1.5 4.97267e-13 0)
(1.5 4.68353e-13 0)
(1.5 4.36676e-13 0)
(1.5 5.90281e-13 0)
(1.5 7.07574e-13 0)
(1.5 7.85028e-13 0)
(1.5 7.26095e-13 0)
(1.5 6.85879e-13 0)
(1.5 7.52353e-13 0)
(1.5 8.22587e-13 0)
(1.5 7.48942e-13 0)
(1.5 6.1915e-13 0)
(1.5 5.28582e-13 0)
(1.5 5.7137e-13 0)
(1.5 6.05457e-13 0)
(1.5 6.2743e-13 0)
(1.5 5.6196e-13 0)
(1.5 4.53948e-13 0)
(1.5 4.57024e-13 0)
(1.5 4.37027e-13 0)
(1.5 3.20052e-13 0)
(1.5 2.61349e-13 0)
(1.5 2.54347e-13 0)
(1.5 1.49115e-13 0)
(1.5 -1.83065e-14 0)
(1.5 -2.38691e-13 0)
(1.5 -4.03208e-13 0)
(1.5 -4.67046e-13 0)
(1.5 -5.77052e-13 0)
(1.5 -6.79146e-13 0)
(1.5 -8.04134e-13 0)
(1.5 -8.65156e-13 0)
(1.5 -8.79407e-13 0)
(1.5 -9.00542e-13 0)
(1.5 -8.8907e-13 0)
(1.5 -8.62997e-13 0)
(1.5 -8.19995e-13 0)
(1.5 -8.31016e-13 0)
(1.5 -8.88282e-13 0)
(1.5 -9.0973e-13 0)
(1.5 -8.04645e-13 0)
(1.5 -7.39641e-13 0)
(1.5 -7.1924e-13 0)
(1.5 -7.46239e-13 0)
(1.5 -6.88545e-13 0)
(1.5 4.75879e-15 0)
(1.5 1.59201e-14 0)
(1.5 5.72519e-14 0)
(1.5 9.20753e-14 0)
(1.5 4.31727e-15 0)
(1.5 -1.14681e-13 0)
(1.5 -1.5439e-13 0)
(1.5 -1.33211e-13 0)
(1.5 -1.86769e-13 0)
(1.5 -2.08648e-13 0)
(1.5 -1.0771e-13 0)
(1.5 -4.1785e-14 0)
(1.5 -3.89357e-14 0)
(1.5 -1.08215e-13 0)
(1.5 -8.07685e-14 0)
(1.5 -9.81612e-14 0)
(1.5 -1.00741e-13 0)
(1.5 -1.7656e-13 0)
(1.5 -8.29785e-14 0)
(1.5 -2.75263e-14 0)
(1.5 3.86968e-14 0)
(1.5 6.3871e-14 0)
(1.5 6.05841e-14 0)
(1.5 1.31603e-14 0)
(1.5 6.6488e-14 0)
(1.5 1.02267e-13 0)
(1.5 7.13469e-14 0)
(1.5 -2.83045e-14 0)
(1.5 -3.66934e-14 0)
(1.5 3.111e-14 0)
(1.5 -9.3184e-15 0)
(1.5 -4.90085e-15 0)
(1.5 -2.64883e-14 0)
(1.5 -9.19879e-14 0)
(1.5 -5.84051e-14 0)
(1.5 -2.21961e-14 0)
(1.5 -2.47553e-14 0)
(1.5 4.43088e-15 0)
(1.5 -4.33545e-14 0)
(1.5 -4.85974e-14 0)
(1.5 5.56613e-14 0)
(1.5 2.71107e-14 0)
(1.5 2.99145e-14 0)
(1.5 4.77487e-14 0)
(1.5 5.9823e-15 0)
(1.5 -6.4611e-14 0)
(1.5 -8.29381e-14 0)
(1.5 -1.20773e-13 0)
(1.5 -6.98914e-14 0)
(1.5 -7.51441e-14 0)
(1.5 -1.21674e-13 0)
(1.5 -1.06634e-13 0)
(1.5 -1.3734e-13 0)
(1.5 -1.20489e-13 0)
(1.5 -2.45948e-14 0)
(1.5 6.80548e-14 0)
(1.5 7.9128e-14 0)
(1.5 7.76624e-14 0)
(1.5 7.87109e-14 0)
(1.5 1.14992e-13 0)
(1.5 9.31488e-14 0)
(1.5 6.96602e-14 0)
(1.5 9.94421e-14 0)
(1.5 2.09604e-14 0)
(1.5 4.54839e-14 0)
(1.5 -2.50131e-14 0)
(1.5 -1.07138e-13 0)
(1.5 -8.97253e-14 0)
(1.5 -3.2118e-14 0)
(1.5 4.69253e-14 0)
(1.5 1.79114e-14 0)
(1.5 4.36243e-14 0)
(1.5 2.97234e-14 0)
(1.5 5.45496e-14 0)
(1.5 -9.15541e-15 0)
(1.5 -1.00025e-13 0)
(1.5 -1.90183e-13 0)
(1.5 -2.41729e-13 0)
(1.5 -1.56477e-13 0)
(1.5 -1.09712e-13 0)
(1.5 -4.71885e-14 0)
(1.5 -3.79287e-14 0)
(1.5 -2.31044e-13 0)
(1.5 -3.69599e-13 0)
(1.5 -3.85177e-13 0)
(1.5 -3.60214e-13 0)
(1.5 -3.31516e-13 0)
(1.5 -3.14487e-13 0)
(1.5 -3.29378e-13 0)
(1.5 -3.25025e-13 0)
(1.5 -3.32724e-13 0)
(1.5 -3.14278e-13 0)
(1.5 -2.46211e-13 0)
(1.5 -2.42866e-13 0)
(1.5 -1.71406e-13 0)
(1.5 -1.81395e-13 0)
(1.5 -2.11056e-13 0)
(1.5 -2.78175e-13 0)
(1.5 -3.35497e-13 0)
(1.5 -2.90972e-13 0)
(1.5 -2.96318e-13 0)
(1.5 -2.34135e-13 0)
(1.5 -2.13094e-13 0)
(1.5 -1.29455e-13 0)
(1.5 -1.54249e-13 0)
(1.5 -2.43752e-13 0)
(1.5 -2.60521e-13 0)
(1.5 -2.33226e-13 0)
(1.5 -1.26952e-13 0)
(1.5 3.83803e-14 0)
(1.5 1.67054e-13 0)
(1.5 2.67425e-13 0)
(1.5 3.01727e-13 0)
(1.5 3.141e-13 0)
(1.5 3.05002e-13 0)
(1.5 3.01492e-13 0)
(1.5 2.53243e-13 0)
(1.5 2.27248e-13 0)
(1.5 2.39587e-13 0)
(1.5 2.31795e-13 0)
(1.5 1.51353e-13 0)
(1.5 1.00529e-13 0)
(1.5 1.75108e-13 0)
(1.5 1.75062e-13 0)
(1.5 1.33641e-13 0)
(1.5 3.06659e-14 0)
(1.5 4.30779e-14 0)
(1.5 4.31982e-14 0)
(1.5 8.86898e-14 0)
(1.5 1.38787e-13 0)
(1.5 1.55041e-13 0)
(1.5 2.1111e-13 0)
(1.5 1.80819e-13 0)
(1.5 1.00411e-13 0)
(1.5 3.55453e-14 0)
(1.5 3.05238e-14 0)
(1.5 -2.96882e-14 0)
(1.5 -1.23184e-13 0)
(1.5 -1.12649e-13 0)
(1.5 -1.02054e-13 0)
(1.5 -1.22958e-14 0)
(1.5 9.91664e-14 0)
(1.5 -1.89035e-14 0)
(1.5 -1.76287e-14 0)
(1.5 2.37503e-14 0)
(1.5 5.23698e-14 0)
(1.5 1.7601e-13 0)
(1.5 3.10736e-13 0)
(1.5 3.70431e-13 0)
(1.5 4.21232e-13 0)
(1.5 4.60229e-13 0)
(1.5 5.43625e-13 0)
(1.5 5.94466e-13 0)
(1.5 5.62302e-13 0)
(1.5 5.65813e-13 0)
(1.5 5.87589e-13 0)
(1.5 6.15287e-13 0)
(1.5 6.22872e-13 0)
(1.5 8.39735e-13 0)
(1.5 9.65276e-13 0)
(1.5 9.55854e-13 0)
(1.5 9.3575e-13 0)
(1.5 8.36265e-13 0)
(1.5 8.82329e-13 0)
(1.5 9.30473e-13 0)
(1.5 8.51955e-13 0)
(1.5 7.27167e-13 0)
(1.5 6.31878e-13 0)
(1.5 5.48282e-13 0)
(1.5 4.97681e-13 0)
(1.5 4.77384e-13 0)
(1.5 4.28883e-13 0)
(1.5 2.95815e-13 0)
(1.5 3.1606e-13 0)
(1.5 3.53689e-13 0)
(1.5 3.1633e-13 0)
(1.5 3.11599e-13 0)
(1.5 3.08263e-13 0)
(1.5 2.49214e-13 0)
(1.5 9.33317e-14 0)
(1.5 -1.55633e-13 0)
(1.5 -3.85781e-13 0)
(1.5 -4.99289e-13 0)
(1.5 -6.49998e-13 0)
(1.5 -7.31392e-13 0)
(1.5 -7.92194e-13 0)
(1.5 -8.37506e-13 0)
(1.5 -8.12056e-13 0)
(1.5 -8.01587e-13 0)
(1.5 -7.75541e-13 0)
(1.5 -7.63346e-13 0)
(1.5 -7.95251e-13 0)
(1.5 -8.61557e-13 0)
(1.5 -9.34329e-13 0)
(1.5 -9.08835e-13 0)
(1.5 -7.34986e-13 0)
(1.5 -6.15012e-13 0)
(1.5 -6.13954e-13 0)
(1.5 -5.71963e-13 0)
(1.5 -5.1206e-13 0)
(1.5 1.83578e-14 0)
(1.5 -4.77246e-14 0)
(1.5 -8.23394e-16 0)
(1.5 4.81229e-14 0)
(1.5 -1.93744e-14 0)
(1.5 -1.15876e-13 0)
(1.5 -7.84086e-14 0)
(1.5 -3.71536e-14 0)
(1.5 -1.48026e-13 0)
(1.5 -1.55835e-13 0)
(1.5 -4.26602e-14 0)
(1.5 4.46338e-14 0)
(1.5 6.70386e-14 0)
(1.5 -2.03333e-14 0)
(1.5 -5.58914e-14 0)
(1.5 -1.13395e-13 0)
(1.5 -1.0713e-13 0)
(1.5 -7.44149e-14 0)
(1.5 -5.55002e-14 0)
(1.5 -1.07365e-13 0)
(1.5 -1.42374e-14 0)
(1.5 9.03226e-14 0)
(1.5 1.24611e-13 0)
(1.5 1.01323e-13 0)
(1.5 1.85561e-14 0)
(1.5 1.9889e-14 0)
(1.5 1.05742e-14 0)
(1.5 -7.14136e-14 0)
(1.5 -4.29557e-14 0)
(1.5 2.08749e-14 0)
(1.5 -1.9499e-15 0)
(1.5 1.60243e-15 0)
(1.5 5.87112e-14 0)
(1.5 -4.84048e-14 0)
(1.5 -1.43056e-13 0)
(1.5 -7.64003e-14 0)
(1.5 -8.72342e-14 0)
(1.5 -7.40397e-14 0)
(1.5 -5.69633e-14 0)
(1.5 -1.19045e-13 0)
(1.5 -3.88821e-14 0)
(1.5 -3.5022e-14 0)
(1.5 -9.00029e-14 0)
(1.5 -2.20658e-14 0)
(1.5 -6.90285e-14 0)
(1.5 -1.07528e-13 0)
(1.5 -9.29884e-14 0)
(1.5 -1.03529e-13 0)
(1.5 -4.59283e-14 0)
(1.5 -1.09793e-13 0)
(1.5 -1.50315e-13 0)
(1.5 -1.0424e-13 0)
(1.5 -1.40367e-13 0)
(1.5 -1.05662e-13 0)
(1.5 3.37674e-14 0)
(1.5 1.20875e-13 0)
(1.5 1.52175e-13 0)
(1.5 8.34085e-14 0)
(1.5 8.33253e-14 0)
(1.5 2.35748e-14 0)
(1.5 -1.20216e-15 0)
(1.5 -2.45692e-14 0)
(1.5 -3.26333e-14 0)
(1.5 -1.1636e-13 0)
(1.5 -1.10694e-13 0)
(1.5 -1.28666e-13 0)
(1.5 -8.40999e-14 0)
(1.5 -6.64673e-14 0)
(1.5 -1.31177e-14 0)
(1.5 8.02881e-15 0)
(1.5 3.53865e-14 0)
(1.5 3.14957e-14 0)
(1.5 -8.32294e-14 0)
(1.5 -9.13698e-14 0)
(1.5 -1.23816e-13 0)
(1.5 -2.16606e-13 0)
(1.5 -2.97537e-13 0)
(1.5 -2.23249e-13 0)
(1.5 -1.29248e-13 0)
(1.5 -1.35512e-13 0)
(1.5 -8.87237e-14 0)
(1.5 -1.06664e-13 0)
(1.5 -3.24524e-13 0)
(1.5 -4.21111e-13 0)
(1.5 -4.22782e-13 0)
(1.5 -3.05922e-13 0)
(1.5 -2.35354e-13 0)
(1.5 -2.58075e-13 0)
(1.5 -2.46761e-13 0)
(1.5 -3.19746e-13 0)
(1.5 -4.52969e-13 0)
(1.5 -4.32278e-13 0)
(1.5 -3.63553e-13 0)
(1.5 -3.36548e-13 0)
(1.5 -2.96721e-13 0)
(1.5 -3.63336e-13 0)
(1.5 -4.63295e-13 0)
(1.5 -4.56132e-13 0)
(1.5 -4.41406e-13 0)
(1.5 -4.15954e-13 0)
(1.5 -4.77188e-13 0)
(1.5 -3.46714e-13 0)
(1.5 -1.84698e-13 0)
(1.5 -3.91764e-14 0)
(1.5 -8.08178e-15 0)
(1.5 -1.60315e-14 0)
(1.5 -5.61906e-14 0)
(1.5 -5.17915e-14 0)
(1.5 1.51732e-14 0)
(1.5 1.56001e-13 0)
(1.5 1.32656e-13 0)
(1.5 2.04766e-13 0)
(1.5 3.06159e-13 0)
(1.5 3.61126e-13 0)
(1.5 3.2975e-13 0)
(1.5 3.62567e-13 0)
(1.5 3.56052e-13 0)
(1.5 2.77817e-13 0)
(1.5 2.46963e-13 0)
(1.5 1.64538e-13 0)
(1.5 8.05907e-14 0)
(1.5 9.13357e-14 0)
(1.5 1.19507e-13 0)
(1.5 1.41109e-13 0)
(1.5 1.36931e-13 0)
(1.5 1.12536e-13 0)
(1.5 1.77954e-13 0)
(1.5 1.2048e-13 0)
(1.5 1.37783e-13 0)
(1.5 1.40065e-13 0)
(1.5 2.07889e-13 0)
(1.5 2.61866e-13 0)
(1.5 2.7909e-13 0)
(1.5 2.59802e-13 0)
(1.5 2.83085e-13 0)
(1.5 1.54942e-13 0)
(1.5 8.34449e-14 0)
(1.5 -9.48504e-14 0)
(1.5 -1.87688e-13 0)
(1.5 -1.3948e-13 0)
(1.5 -6.24237e-14 0)
(1.5 5.54833e-14 0)
(1.5 4.69514e-14 0)
(1.5 -1.32749e-14 0)
(1.5 -4.78869e-14 0)
(1.5 -4.44256e-14 0)
(1.5 3.93997e-14 0)
(1.5 3.10234e-13 0)
(1.5 3.56957e-13 0)
(1.5 4.98748e-13 0)
(1.5 5.74685e-13 0)
(1.5 6.03967e-13 0)
(1.5 6.76863e-13 0)
(1.5 6.2783e-13 0)
(1.5 5.6169e-13 0)
(1.5 5.62767e-13 0)
(1.5 6.99508e-13 0)
(1.5 8.0863e-13 0)
(1.5 1.04589e-12 0)
(1.5 1.16694e-12 0)
(1.5 1.09812e-12 0)
(1.5 1.07125e-12 0)
(1.5 9.80847e-13 0)
(1.5 9.66241e-13 0)
(1.5 9.15695e-13 0)
(1.5 8.75358e-13 0)
(1.5 7.20563e-13 0)
(1.5 5.28204e-13 0)
(1.5 3.76848e-13 0)
(1.5 3.29006e-13 0)
(1.5 2.99414e-13 0)
(1.5 1.894e-13 0)
(1.5 1.05848e-14 0)
(1.5 1.12234e-13 0)
(1.5 2.23418e-13 0)
(1.5 2.78454e-13 0)
(1.5 3.00428e-13 0)
(1.5 2.44204e-13 0)
(1.5 1.67177e-13 0)
(1.5 1.36323e-13 0)
(1.5 8.91363e-15 0)
(1.5 -2.5305e-13 0)
(1.5 -5.26111e-13 0)
(1.5 -7.33729e-13 0)
(1.5 -8.73316e-13 0)
(1.5 -9.153e-13 0)
(1.5 -8.92368e-13 0)
(1.5 -8.7752e-13 0)
(1.5 -8.17232e-13 0)
(1.5 -7.64356e-13 0)
(1.5 -7.57132e-13 0)
(1.5 -7.90924e-13 0)
(1.5 -8.02632e-13 0)
(1.5 -7.86526e-13 0)
(1.5 -8.0356e-13 0)
(1.5 -6.32542e-13 0)
(1.5 -4.60742e-13 0)
(1.5 -5.15186e-13 0)
(1.5 -4.12103e-13 0)
(1.5 -3.52412e-13 0)
(1.5 -1.4127e-14 0)
(1.5 -1.43812e-13 0)
(1.5 -1.41931e-13 0)
(1.5 -6.78228e-14 0)
(1.5 1.20975e-14 0)
(1.5 -5.34075e-14 0)
(1.5 -6.45113e-14 0)
(1.5 -6.00557e-14 0)
(1.5 -6.25082e-14 0)
(1.5 -4.73783e-14 0)
(1.5 -3.30617e-14 0)
(1.5 2.77234e-14 0)
(1.5 8.77804e-14 0)
(1.5 5.64592e-14 0)
(1.5 -2.64556e-14 0)
(1.5 -1.08052e-13 0)
(1.5 -1.79926e-13 0)
(1.5 -1.38152e-13 0)
(1.5 -1.64648e-13 0)
(1.5 -1.95732e-13 0)
(1.5 -1.21817e-13 0)
(1.5 -5.23454e-14 0)
(1.5 7.19454e-15 0)
(1.5 -2.41958e-14 0)
(1.5 -7.36106e-14 0)
(1.5 -5.10435e-14 0)
(1.5 -3.93956e-14 0)
(1.5 -4.39025e-14 0)
(1.5 -2.93587e-14 0)
(1.5 -2.26201e-14 0)
(1.5 -2.70265e-15 0)
(1.5 -2.68731e-14 0)
(1.5 6.77689e-15 0)
(1.5 7.33247e-15 0)
(1.5 -8.32421e-14 0)
(1.5 -7.96139e-14 0)
(1.5 -1.11534e-13 0)
(1.5 -8.31537e-14 0)
(1.5 -5.42419e-14 0)
(1.5 -7.78798e-14 0)
(1.5 -4.8137e-14 0)
(1.5 -3.74112e-14 0)
(1.5 -9.62389e-14 0)
(1.5 -7.50991e-14 0)
(1.5 -7.90055e-14 0)
(1.5 -7.50988e-14 0)
(1.5 -3.94624e-14 0)
(1.5 -4.65123e-14 0)
(1.5 -9.55452e-14 0)
(1.5 -9.61377e-14 0)
(1.5 -8.64648e-14 0)
(1.5 -4.74098e-14 0)
(1.5 -3.20908e-14 0)
(1.5 8.00808e-15 0)
(1.5 9.40316e-14 0)
(1.5 6.85032e-14 0)
(1.5 7.98679e-14 0)
(1.5 8.44047e-14 0)
(1.5 4.72313e-14 0)
(1.5 -2.62362e-14 0)
(1.5 -2.04258e-14 0)
(1.5 -2.40168e-14 0)
(1.5 -8.67675e-14 0)
(1.5 -1.1895e-13 0)
(1.5 -9.77062e-14 0)
(1.5 -1.16545e-13 0)
(1.5 -7.21119e-14 0)
(1.5 -1.17359e-15 0)
(1.5 -1.74443e-14 0)
(1.5 -2.13498e-14 0)
(1.5 3.58251e-15 0)
(1.5 -9.81225e-15 0)
(1.5 -1.32192e-13 0)
(1.5 -2.70928e-13 0)
(1.5 -2.76684e-13 0)
(1.5 -2.97723e-13 0)
(1.5 -3.07323e-13 0)
(1.5 -2.04264e-13 0)
(1.5 -1.39468e-13 0)
(1.5 -1.79344e-13 0)
(1.5 -1.9594e-13 0)
(1.5 -2.48357e-13 0)
(1.5 -3.48362e-13 0)
(1.5 -3.17567e-13 0)
(1.5 -2.72338e-13 0)
(1.5 -1.87464e-13 0)
(1.5 -1.53738e-13 0)
(1.5 -2.29003e-13 0)
(1.5 -2.17147e-13 0)
(1.5 -2.43435e-13 0)
(1.5 -3.58444e-13 0)
(1.5 -4.35996e-13 0)
(1.5 -4.1811e-13 0)
(1.5 -4.3096e-13 0)
(1.5 -4.53893e-13 0)
(1.5 -4.83285e-13 0)
(1.5 -5.41134e-13 0)
(1.5 -5.30678e-13 0)
(1.5 -4.91841e-13 0)
(1.5 -4.7238e-13 0)
(1.5 -4.00693e-13 0)
(1.5 -3.27533e-13 0)
(1.5 -2.27548e-13 0)
(1.5 -1.26441e-13 0)
(1.5 -3.37451e-14 0)
(1.5 9.95866e-15 0)
(1.5 6.80356e-14 0)
(1.5 8.0226e-14 0)
(1.5 1.32553e-13 0)
(1.5 2.60713e-13 0)
(1.5 2.8583e-13 0)
(1.5 2.63437e-13 0)
(1.5 2.95666e-13 0)
(1.5 2.81145e-13 0)
(1.5 2.85606e-13 0)
(1.5 2.961e-13 0)
(1.5 3.48149e-13 0)
(1.5 2.74323e-13 0)
(1.5 2.17615e-13 0)
(1.5 1.77832e-13 0)
(1.5 1.39653e-13 0)
(1.5 1.43609e-13 0)
(1.5 1.16097e-13 0)
(1.5 1.37647e-13 0)
(1.5 1.30182e-13 0)
(1.5 1.51345e-13 0)
(1.5 2.26085e-13 0)
(1.5 2.22977e-13 0)
(1.5 2.03572e-13 0)
(1.5 1.78585e-13 0)
(1.5 2.20736e-13 0)
(1.5 2.59233e-13 0)
(1.5 3.2991e-13 0)
(1.5 3.66767e-13 0)
(1.5 4.25309e-13 0)
(1.5 3.12221e-13 0)
(1.5 2.30223e-13 0)
(1.5 -3.67121e-14 0)
(1.5 -1.25535e-13 0)
(1.5 -9.44706e-14 0)
(1.5 -2.92468e-14 0)
(1.5 1.62133e-14 0)
(1.5 8.15452e-14 0)
(1.5 9.49648e-14 0)
(1.5 -6.45597e-14 0)
(1.5 -1.20579e-13 0)
(1.5 -1.65148e-14 0)
(1.5 2.94169e-13 0)
(1.5 3.61757e-13 0)
(1.5 5.27583e-13 0)
(1.5 6.46756e-13 0)
(1.5 7.08808e-13 0)
(1.5 7.5451e-13 0)
(1.5 7.03666e-13 0)
(1.5 6.00556e-13 0)
(1.5 6.29747e-13 0)
(1.5 8.08079e-13 0)
(1.5 9.98939e-13 0)
(1.5 1.18684e-12 0)
(1.5 1.32417e-12 0)
(1.5 1.29565e-12 0)
(1.5 1.28903e-12 0)
(1.5 1.20965e-12 0)
(1.5 1.16123e-12 0)
(1.5 9.70865e-13 0)
(1.5 8.30708e-13 0)
(1.5 6.37599e-13 0)
(1.5 3.73843e-13 0)
(1.5 2.34292e-13 0)
(1.5 1.71897e-13 0)
(1.5 1.0598e-13 0)
(1.5 8.80061e-15 0)
(1.5 -1.62977e-13 0)
(1.5 -1.49355e-13 0)
(1.5 -4.15961e-15 0)
(1.5 5.91349e-14 0)
(1.5 1.55711e-13 0)
(1.5 9.84395e-14 0)
(1.5 8.84736e-14 0)
(1.5 9.70195e-14 0)
(1.5 1.50259e-14 0)
(1.5 -1.93175e-13 0)
(1.5 -4.9741e-13 0)
(1.5 -6.91557e-13 0)
(1.5 -8.18863e-13 0)
(1.5 -9.5396e-13 0)
(1.5 -9.48405e-13 0)
(1.5 -9.97134e-13 0)
(1.5 -9.20185e-13 0)
(1.5 -8.03798e-13 0)
(1.5 -7.36276e-13 0)
(1.5 -6.8346e-13 0)
(1.5 -6.93611e-13 0)
(1.5 -5.93173e-13 0)
(1.5 -5.54104e-13 0)
(1.5 -3.98664e-13 0)
(1.5 -2.33633e-13 0)
(1.5 -2.62704e-13 0)
(1.5 -1.56317e-13 0)
(1.5 -1.22121e-13 0)
(1.5 -2.95091e-14 0)
(1.5 -1.05341e-13 0)
(1.5 -9.84738e-14 0)
(1.5 -2.17323e-14 0)
(1.5 1.14013e-13 0)
(1.5 1.3276e-13 0)
(1.5 5.71566e-14 0)
(1.5 -3.40945e-15 0)
(1.5 6.59356e-14 0)
(1.5 8.94977e-14 0)
(1.5 9.67318e-14 0)
(1.5 5.49703e-14 0)
(1.5 1.05826e-14 0)
(1.5 -1.64327e-14 0)
(1.5 -4.87134e-14 0)
(1.5 -1.06189e-13 0)
(1.5 -1.93864e-13 0)
(1.5 -2.4631e-13 0)
(1.5 -3.11927e-13 0)
(1.5 -2.44909e-13 0)
(1.5 -1.83605e-13 0)
(1.5 -1.57512e-13 0)
(1.5 -8.83717e-14 0)
(1.5 -1.24954e-13 0)
(1.5 -1.17571e-13 0)
(1.5 -4.61333e-14 0)
(1.5 -6.1462e-15 0)
(1.5 6.62553e-14 0)
(1.5 2.44941e-14 0)
(1.5 -1.86595e-14 0)
(1.5 4.63231e-14 0)
(1.5 8.01714e-14 0)
(1.5 2.58743e-14 0)
(1.5 6.10567e-14 0)
(1.5 7.0887e-15 0)
(1.5 -5.76867e-14 0)
(1.5 -2.05713e-14 0)
(1.5 -1.47355e-14 0)
(1.5 -1.19021e-14 0)
(1.5 -3.88785e-14 0)
(1.5 -5.60304e-14 0)
(1.5 -4.11795e-14 0)
(1.5 -4.17537e-14 0)
(1.5 -9.93812e-14 0)
(1.5 -7.03847e-14 0)
(1.5 -3.82022e-14 0)
(1.5 -1.81473e-14 0)
(1.5 -1.21417e-14 0)
(1.5 -8.74205e-14 0)
(1.5 -5.01386e-14 0)
(1.5 -1.75218e-14 0)
(1.5 1.49758e-14 0)
(1.5 8.13216e-14 0)
(1.5 9.61655e-14 0)
(1.5 8.3527e-14 0)
(1.5 5.46346e-14 0)
(1.5 2.65563e-14 0)
(1.5 2.12262e-14 0)
(1.5 -3.11111e-14 0)
(1.5 -6.23759e-14 0)
(1.5 -6.36636e-14 0)
(1.5 -1.56526e-14 0)
(1.5 -1.97279e-16 0)
(1.5 2.83874e-14 0)
(1.5 2.5451e-16 0)
(1.5 -6.18094e-14 0)
(1.5 -7.02062e-14 0)
(1.5 1.48728e-14 0)
(1.5 3.24589e-14 0)
(1.5 1.81153e-15 0)
(1.5 -3.53469e-17 0)
(1.5 -6.76706e-15 0)
(1.5 5.49711e-15 0)
(1.5 -1.27875e-13 0)
(1.5 -2.18438e-13 0)
(1.5 -2.408e-13 0)
(1.5 -2.38879e-13 0)
(1.5 -1.47322e-13 0)
(1.5 -1.51639e-13 0)
(1.5 -2.12101e-13 0)
(1.5 -2.61632e-13 0)
(1.5 -3.05654e-13 0)
(1.5 -2.51042e-13 0)
(1.5 -8.62924e-14 0)
(1.5 -6.19549e-14 0)
(1.5 -8.5526e-14 0)
(1.5 -1.6439e-13 0)
(1.5 -2.63874e-13 0)
(1.5 -2.62455e-13 0)
(1.5 -1.71918e-13 0)
(1.5 -1.24417e-13 0)
(1.5 -1.95935e-13 0)
(1.5 -2.83561e-13 0)
(1.5 -3.13839e-13 0)
(1.5 -3.86814e-13 0)
(1.5 -3.85667e-13 0)
(1.5 -3.80861e-13 0)
(1.5 -4.41713e-13 0)
(1.5 -4.58371e-13 0)
(1.5 -5.14738e-13 0)
(1.5 -2.98227e-13 0)
(1.5 -1.90668e-13 0)
(1.5 -1.07892e-13 0)
(1.5 -7.69702e-14 0)
(1.5 -3.78695e-14 0)
(1.5 -2.87493e-14 0)
(1.5 4.37636e-14 0)
(1.5 2.03367e-13 0)
(1.5 2.91247e-13 0)
(1.5 3.33951e-13 0)
(1.5 4.28485e-13 0)
(1.5 3.6453e-13 0)
(1.5 3.08073e-13 0)
(1.5 2.61113e-13 0)
(1.5 2.60002e-13 0)
(1.5 2.44525e-13 0)
(1.5 2.7621e-13 0)
(1.5 2.95904e-13 0)
(1.5 2.94518e-13 0)
(1.5 3.4395e-13 0)
(1.5 3.06242e-13 0)
(1.5 2.14936e-13 0)
(1.5 1.11012e-13 0)
(1.5 7.82943e-14 0)
(1.5 7.93942e-14 0)
(1.5 1.71765e-13 0)
(1.5 2.79844e-13 0)
(1.5 3.76846e-13 0)
(1.5 3.08905e-13 0)
(1.5 2.6305e-13 0)
(1.5 3.15502e-13 0)
(1.5 4.06892e-13 0)
(1.5 3.8132e-13 0)
(1.5 3.77902e-13 0)
(1.5 3.49293e-13 0)
(1.5 3.32413e-13 0)
(1.5 2.78426e-13 0)
(1.5 2.291e-14 0)
(1.5 -2.00542e-14 0)
(1.5 -2.77917e-14 0)
(1.5 -5.07069e-14 0)
(1.5 -6.0044e-14 0)
(1.5 -3.56066e-14 0)
(1.5 -1.72942e-14 0)
(1.5 -9.81895e-14 0)
(1.5 -4.4421e-14 0)
(1.5 1.27322e-13 0)
(1.5 3.00454e-13 0)
(1.5 3.75435e-13 0)
(1.5 5.03529e-13 0)
(1.5 6.94211e-13 0)
(1.5 8.02158e-13 0)
(1.5 7.78922e-13 0)
(1.5 7.60664e-13 0)
(1.5 6.80951e-13 0)
(1.5 7.21063e-13 0)
(1.5 8.73692e-13 0)
(1.5 1.09591e-12 0)
(1.5 1.16239e-12 0)
(1.5 1.21654e-12 0)
(1.5 1.20231e-12 0)
(1.5 1.1983e-12 0)
(1.5 1.21177e-12 0)
(1.5 1.15704e-12 0)
(1.5 9.50514e-13 0)
(1.5 7.29187e-13 0)
(1.5 5.2619e-13 0)
(1.5 2.75594e-13 0)
(1.5 1.17156e-13 0)
(1.5 -7.37098e-14 0)
(1.5 -1.99428e-13 0)
(1.5 -1.71618e-13 0)
(1.5 -1.25021e-13 0)
(1.5 -1.21989e-13 0)
(1.5 -7.94984e-14 0)
(1.5 -7.58084e-14 0)
(1.5 -6.39463e-14 0)
(1.5 -3.6758e-14 0)
(1.5 -3.11516e-16 0)
(1.5 -3.73095e-14 0)
(1.5 -1.24521e-13 0)
(1.5 -1.89107e-13 0)
(1.5 -3.84569e-13 0)
(1.5 -6.02275e-13 0)
(1.5 -7.32598e-13 0)
(1.5 -8.47736e-13 0)
(1.5 -9.01151e-13 0)
(1.5 -9.98475e-13 0)
(1.5 -9.9226e-13 0)
(1.5 -9.19076e-13 0)
(1.5 -8.09332e-13 0)
(1.5 -6.63855e-13 0)
(1.5 -6.51032e-13 0)
(1.5 -5.65781e-13 0)
(1.5 -4.95668e-13 0)
(1.5 -4.30224e-13 0)
(1.5 -3.14932e-13 0)
(1.5 -1.2434e-13 0)
(1.5 3.53125e-16 0)
(1.5 -8.77271e-16 0)
(1.5 9.28986e-15 0)
(1.5 5.3713e-14 0)
(1.5 6.32843e-14 0)
(1.5 3.55237e-14 0)
(1.5 8.77348e-14 0)
(1.5 1.91229e-13 0)
(1.5 1.45231e-13 0)
(1.5 1.12787e-13 0)
(1.5 1.18639e-13 0)
(1.5 1.82414e-13 0)
(1.5 1.51058e-13 0)
(1.5 5.32211e-14 0)
(1.5 -8.31253e-14 0)
(1.5 -1.29052e-13 0)
(1.5 -1.67735e-13 0)
(1.5 -1.44161e-13 0)
(1.5 -1.53435e-13 0)
(1.5 -1.81672e-13 0)
(1.5 -2.48575e-13 0)
(1.5 -2.55689e-13 0)
(1.5 -2.21119e-13 0)
(1.5 -1.91153e-13 0)
(1.5 -1.31138e-13 0)
(1.5 -1.11449e-13 0)
(1.5 -1.24155e-13 0)
(1.5 -1.24831e-13 0)
(1.5 -6.99145e-14 0)
(1.5 2.54999e-14 0)
(1.5 -3.34304e-14 0)
(1.5 -1.17373e-13 0)
(1.5 -8.67082e-14 0)
(1.5 -1.17986e-14 0)
(1.5 -1.55813e-14 0)
(1.5 1.60951e-14 0)
(1.5 -1.44665e-14 0)
(1.5 -8.54291e-14 0)
(1.5 -1.29888e-14 0)
(1.5 -6.86585e-14 0)
(1.5 -8.4485e-14 0)
(1.5 -7.89371e-14 0)
(1.5 -1.06818e-13 0)
(1.5 -9.19377e-14 0)
(1.5 -1.08832e-13 0)
(1.5 -1.87887e-13 0)
(1.5 -1.51715e-13 0)
(1.5 -1.35402e-13 0)
(1.5 -1.54576e-13 0)
(1.5 -1.43537e-13 0)
(1.5 -1.47892e-13 0)
(1.5 -7.5232e-14 0)
(1.5 7.16984e-15 0)
(1.5 1.78778e-14 0)
(1.5 8.40005e-14 0)
(1.5 7.64087e-14 0)
(1.5 1.96416e-14 0)
(1.5 -1.99403e-14 0)
(1.5 -4.50356e-14 0)
(1.5 -1.23201e-13 0)
(1.5 -1.25358e-13 0)
(1.5 -1.47787e-13 0)
(1.5 -1.4951e-13 0)
(1.5 -7.47648e-14 0)
(1.5 -5.18633e-14 0)
(1.5 2.23644e-15 0)
(1.5 -8.21934e-14 0)
(1.5 -9.89002e-14 0)
(1.5 -7.80404e-14 0)
(1.5 -6.92601e-14 0)
(1.5 3.42956e-14 0)
(1.5 3.03887e-14 0)
(1.5 1.22219e-13 0)
(1.5 1.188e-13 0)
(1.5 1.51681e-13 0)
(1.5 7.5182e-14 0)
(1.5 -1.28938e-14 0)
(1.5 -3.21441e-14 0)
(1.5 -2.19651e-14 0)
(1.5 -4.6589e-14 0)
(1.5 -1.46301e-13 0)
(1.5 -2.13163e-13 0)
(1.5 -1.98476e-13 0)
(1.5 -2.21469e-13 0)
(1.5 -9.94794e-14 0)
(1.5 1.55982e-14 0)
(1.5 3.30805e-14 0)
(1.5 -7.14112e-15 0)
(1.5 -1.11795e-13 0)
(1.5 -1.36258e-13 0)
(1.5 -1.63502e-13 0)
(1.5 -1.20328e-13 0)
(1.5 -3.51938e-14 0)
(1.5 -7.27285e-14 0)
(1.5 -1.99984e-13 0)
(1.5 -2.43553e-13 0)
(1.5 -3.53255e-13 0)
(1.5 -4.36468e-13 0)
(1.5 -4.61647e-13 0)
(1.5 -4.69313e-13 0)
(1.5 -4.63621e-13 0)
(1.5 -4.90312e-13 0)
(1.5 -3.41071e-13 0)
(1.5 -2.14652e-13 0)
(1.5 -4.8394e-14 0)
(1.5 4.02156e-14 0)
(1.5 9.93802e-14 0)
(1.5 9.92796e-14 0)
(1.5 9.68061e-14 0)
(1.5 2.3021e-13 0)
(1.5 3.1775e-13 0)
(1.5 3.5248e-13 0)
(1.5 3.36914e-13 0)
(1.5 3.20201e-13 0)
(1.5 3.44585e-13 0)
(1.5 3.82379e-13 0)
(1.5 4.26532e-13 0)
(1.5 3.51609e-13 0)
(1.5 3.50979e-13 0)
(1.5 3.79971e-13 0)
(1.5 3.39425e-13 0)
(1.5 3.04183e-13 0)
(1.5 2.49903e-13 0)
(1.5 1.72608e-13 0)
(1.5 1.05737e-13 0)
(1.5 8.70605e-14 0)
(1.5 1.88135e-13 0)
(1.5 2.58807e-13 0)
(1.5 3.47366e-13 0)
(1.5 4.09502e-13 0)
(1.5 3.95439e-13 0)
(1.5 3.54364e-13 0)
(1.5 4.07085e-13 0)
(1.5 4.93127e-13 0)
(1.5 4.03646e-13 0)
(1.5 3.89479e-13 0)
(1.5 2.89408e-13 0)
(1.5 2.6706e-13 0)
(1.5 2.04109e-13 0)
(1.5 1.62141e-14 0)
(1.5 7.76513e-15 0)
(1.5 -7.40578e-14 0)
(1.5 -2.26252e-13 0)
(1.5 -3.279e-13 0)
(1.5 -3.84852e-13 0)
(1.5 -3.82765e-13 0)
(1.5 -2.2154e-13 0)
(1.5 -7.75657e-15 0)
(1.5 1.90792e-13 0)
(1.5 2.53422e-13 0)
(1.5 3.72639e-13 0)
(1.5 4.52731e-13 0)
(1.5 6.23296e-13 0)
(1.5 7.14097e-13 0)
(1.5 7.42325e-13 0)
(1.5 7.72185e-13 0)
(1.5 8.19824e-13 0)
(1.5 8.15483e-13 0)
(1.5 8.78306e-13 0)
(1.5 1.08297e-12 0)
(1.5 1.05011e-12 0)
(1.5 9.71239e-13 0)
(1.5 9.6229e-13 0)
(1.5 9.77655e-13 0)
(1.5 1.05388e-12 0)
(1.5 9.17926e-13 0)
(1.5 7.8169e-13 0)
(1.5 5.53753e-13 0)
(1.5 3.57076e-13 0)
(1.5 1.85783e-13 0)
(1.5 -7.04441e-15 0)
(1.5 -1.89815e-13 0)
(1.5 -3.43709e-13 0)
(1.5 -3.06043e-13 0)
(1.5 -1.6989e-13 0)
(1.5 -1.4908e-13 0)
(1.5 -2.09862e-13 0)
(1.5 -2.25084e-13 0)
(1.5 -2.70302e-13 0)
(1.5 -1.79296e-13 0)
(1.5 -1.87598e-13 0)
(1.5 -2.30266e-13 0)
(1.5 -2.40985e-13 0)
(1.5 -2.35874e-13 0)
(1.5 -3.95019e-13 0)
(1.5 -6.03147e-13 0)
(1.5 -6.87441e-13 0)
(1.5 -7.11201e-13 0)
(1.5 -7.34309e-13 0)
(1.5 -7.3263e-13 0)
(1.5 -8.19077e-13 0)
(1.5 -8.38185e-13 0)
(1.5 -6.95552e-13 0)
(1.5 -5.44978e-13 0)
(1.5 -5.02819e-13 0)
(1.5 -4.84799e-13 0)
(1.5 -4.95962e-13 0)
(1.5 -4.90039e-13 0)
(1.5 -4.41134e-13 0)
(1.5 -1.41978e-13 0)
(1.5 -8.48179e-14 0)
(1.5 -1.38413e-13 0)
(1.5 -7.45696e-15 0)
(1.5 8.14327e-14 0)
(1.5 4.48544e-14 0)
(1.5 4.39506e-15 0)
(1.5 -6.19109e-16 0)
(1.5 -2.57959e-14 0)
(1.5 9.63861e-15 0)
(1.5 5.5046e-14 0)
(1.5 7.76879e-14 0)
(1.5 1.27153e-13 0)
(1.5 2.51145e-14 0)
(1.5 -4.73907e-14 0)
(1.5 -1.56295e-13 0)
(1.5 -1.45469e-13 0)
(1.5 -1.93426e-13 0)
(1.5 -1.39136e-13 0)
(1.5 -8.75815e-14 0)
(1.5 -1.2778e-13 0)
(1.5 -1.3883e-13 0)
(1.5 -2.46545e-13 0)
(1.5 -2.302e-13 0)
(1.5 -1.99925e-13 0)
(1.5 -2.45067e-13 0)
(1.5 -1.63376e-13 0)
(1.5 -1.46518e-13 0)
(1.5 -1.32146e-13 0)
(1.5 -1.30998e-13 0)
(1.5 -1.32823e-13 0)
(1.5 -1.49e-13 0)
(1.5 -1.59212e-13 0)
(1.5 -1.70014e-13 0)
(1.5 -1.57003e-13 0)
(1.5 -1.62829e-13 0)
(1.5 -1.16731e-13 0)
(1.5 -5.00471e-14 0)
(1.5 -5.95616e-14 0)
(1.5 -8.1463e-14 0)
(1.5 -9.82057e-14 0)
(1.5 -9.84511e-14 0)
(1.5 -4.42517e-14 0)
(1.5 -8.93165e-14 0)
(1.5 -1.24371e-13 0)
(1.5 -1.43356e-13 0)
(1.5 -1.99924e-13 0)
(1.5 -1.69131e-13 0)
(1.5 -1.77872e-13 0)
(1.5 -1.89207e-13 0)
(1.5 -1.79238e-13 0)
(1.5 -1.58149e-13 0)
(1.5 -1.3e-13 0)
(1.5 -5.88117e-14 0)
(1.5 -6.09574e-14 0)
(1.5 1.77499e-14 0)
(1.5 1.36517e-14 0)
(1.5 -9.02555e-15 0)
(1.5 -7.11463e-14 0)
(1.5 -1.04472e-13 0)
(1.5 -1.72678e-13 0)
(1.5 -1.78243e-13 0)
(1.5 -1.56868e-13 0)
(1.5 -1.48355e-13 0)
(1.5 -1.30758e-13 0)
(1.5 -1.25384e-13 0)
(1.5 -1.17564e-13 0)
(1.5 -1.4647e-13 0)
(1.5 -9.91252e-14 0)
(1.5 -2.94126e-14 0)
(1.5 -3.71352e-14 0)
(1.5 9.05972e-15 0)
(1.5 8.24649e-14 0)
(1.5 1.93445e-13 0)
(1.5 2.47193e-13 0)
(1.5 2.33191e-13 0)
(1.5 1.7849e-13 0)
(1.5 1.23919e-13 0)
(1.5 1.28657e-13 0)
(1.5 1.48565e-13 0)
(1.5 -3.75966e-14 0)
(1.5 -1.58313e-13 0)
(1.5 -1.59507e-13 0)
(1.5 -5.76827e-14 0)
(1.5 -4.29473e-14 0)
(1.5 6.22494e-14 0)
(1.5 7.89128e-14 0)
(1.5 1.25534e-13 0)
(1.5 1.04684e-13 0)
(1.5 7.74857e-15 0)
(1.5 4.57234e-14 0)
(1.5 1.86797e-15 0)
(1.5 -8.9894e-14 0)
(1.5 -2.08599e-13 0)
(1.5 -3.15372e-13 0)
(1.5 -3.99342e-13 0)
(1.5 -4.29714e-13 0)
(1.5 -5.57701e-13 0)
(1.5 -7.38128e-13 0)
(1.5 -7.69366e-13 0)
(1.5 -6.81575e-13 0)
(1.5 -5.69631e-13 0)
(1.5 -4.20638e-13 0)
(1.5 -3.62875e-13 0)
(1.5 -2.234e-13 0)
(1.5 -1.18434e-13 0)
(1.5 1.47553e-15 0)
(1.5 1.51109e-13 0)
(1.5 2.89586e-13 0)
(1.5 2.82964e-13 0)
(1.5 2.30617e-13 0)
(1.5 2.61061e-13 0)
(1.5 2.64182e-13 0)
(1.5 2.43018e-13 0)
(1.5 3.29033e-13 0)
(1.5 3.43121e-13 0)
(1.5 3.92171e-13 0)
(1.5 4.22191e-13 0)
(1.5 3.92535e-13 0)
(1.5 4.03781e-13 0)
(1.5 4.16414e-13 0)
(1.5 3.28779e-13 0)
(1.5 2.6072e-13 0)
(1.5 1.59895e-13 0)
(1.5 9.7223e-14 0)
(1.5 9.14507e-14 0)
(1.5 1.4341e-13 0)
(1.5 2.37676e-13 0)
(1.5 3.01131e-13 0)
(1.5 2.98619e-13 0)
(1.5 2.50125e-13 0)
(1.5 3.06093e-13 0)
(1.5 3.42636e-13 0)
(1.5 3.69949e-13 0)
(1.5 3.84262e-13 0)
(1.5 3.80448e-13 0)
(1.5 4.57625e-13 0)
(1.5 3.58771e-13 0)
(1.5 3.19649e-13 0)
(1.5 2.55294e-13 0)
(1.5 1.46986e-13 0)
(1.5 1.39962e-13 0)
(1.5 2.51521e-14 0)
(1.5 -1.22406e-13 0)
(1.5 -2.68468e-13 0)
(1.5 -4.68357e-13 0)
(1.5 -4.71038e-13 0)
(1.5 -2.61126e-13 0)
(1.5 -4.01598e-14 0)
(1.5 1.3356e-13 0)
(1.5 1.98326e-13 0)
(1.5 3.88652e-13 0)
(1.5 4.18842e-13 0)
(1.5 4.67174e-13 0)
(1.5 5.90575e-13 0)
(1.5 7.31407e-13 0)
(1.5 7.76506e-13 0)
(1.5 8.59963e-13 0)
(1.5 9.23209e-13 0)
(1.5 9.96276e-13 0)
(1.5 1.13266e-12 0)
(1.5 1.02184e-12 0)
(1.5 9.07849e-13 0)
(1.5 8.78427e-13 0)
(1.5 9.15226e-13 0)
(1.5 9.57651e-13 0)
(1.5 8.25437e-13 0)
(1.5 6.83405e-13 0)
(1.5 4.89405e-13 0)
(1.5 2.80836e-13 0)
(1.5 1.06979e-13 0)
(1.5 7.04576e-15 0)
(1.5 -1.39062e-13 0)
(1.5 -2.67541e-13 0)
(1.5 -2.91567e-13 0)
(1.5 -2.71655e-13 0)
(1.5 -3.4604e-13 0)
(1.5 -3.73855e-13 0)
(1.5 -3.91849e-13 0)
(1.5 -4.17524e-13 0)
(1.5 -3.51973e-13 0)
(1.5 -3.41262e-13 0)
(1.5 -3.79704e-13 0)
(1.5 -3.69892e-13 0)
(1.5 -3.59012e-13 0)
(1.5 -4.36052e-13 0)
(1.5 -5.52782e-13 0)
(1.5 -5.62473e-13 0)
(1.5 -5.28912e-13 0)
(1.5 -5.5517e-13 0)
(1.5 -5.28316e-13 0)
(1.5 -5.41446e-13 0)
(1.5 -4.91699e-13 0)
(1.5 -3.5373e-13 0)
(1.5 -2.69059e-13 0)
(1.5 -3.05502e-13 0)
(1.5 -3.21955e-13 0)
(1.5 -3.31876e-13 0)
(1.5 -2.5087e-13 0)
(1.5 -2.07871e-13 0)
(1.5 -1.57759e-13 0)
(1.5 -1.43237e-13 0)
(1.5 -1.96457e-13 0)
(1.5 1.25512e-14 0)
(1.5 1.14164e-13 0)
(1.5 6.2568e-14 0)
(1.5 3.4759e-16 0)
(1.5 -2.16758e-14 0)
(1.5 -7.00076e-14 0)
(1.5 -5.27206e-14 0)
(1.5 -5.98674e-14 0)
(1.5 1.54211e-14 0)
(1.5 7.16446e-15 0)
(1.5 -7.37902e-14 0)
(1.5 -5.79843e-14 0)
(1.5 -1.44935e-13 0)
(1.5 -1.67247e-13 0)
(1.5 -1.78425e-13 0)
(1.5 -1.12382e-13 0)
(1.5 -3.38998e-14 0)
(1.5 -1.03349e-13 0)
(1.5 -1.36731e-13 0)
(1.5 -1.93872e-13 0)
(1.5 -2.05964e-13 0)
(1.5 -1.42146e-13 0)
(1.5 -2.53349e-13 0)
(1.5 -1.99186e-13 0)
(1.5 -1.55674e-13 0)
(1.5 -1.35237e-13 0)
(1.5 -1.2784e-13 0)
(1.5 -1.83601e-13 0)
(1.5 -1.5312e-13 0)
(1.5 -5.97428e-14 0)
(1.5 -6.25618e-14 0)
(1.5 -1.00712e-13 0)
(1.5 -1.32024e-13 0)
(1.5 -7.25804e-14 0)
(1.5 3.88766e-14 0)
(1.5 6.70274e-14 0)
(1.5 -6.45652e-14 0)
(1.5 -1.04616e-13 0)
(1.5 -2.28792e-14 0)
(1.5 3.20516e-14 0)
(1.5 -6.97223e-14 0)
(1.5 -1.31275e-13 0)
(1.5 -1.42321e-13 0)
(1.5 -1.33141e-13 0)
(1.5 -8.89227e-14 0)
(1.5 -1.0559e-13 0)
(1.5 -9.17285e-14 0)
(1.5 -3.97258e-14 0)
(1.5 2.05231e-15 0)
(1.5 -6.43007e-14 0)
(1.5 -9.9009e-14 0)
(1.5 -3.81228e-14 0)
(1.5 2.55761e-14 0)
(1.5 6.15004e-14 0)
(1.5 3.53096e-14 0)
(1.5 2.14245e-16 0)
(1.5 -3.12363e-14 0)
(1.5 -8.11009e-14 0)
(1.5 -1.10396e-13 0)
(1.5 -5.29474e-14 0)
(1.5 -7.7344e-14 0)
(1.5 -6.79298e-14 0)
(1.5 -7.30146e-14 0)
(1.5 -7.59903e-14 0)
(1.5 -3.41428e-14 0)
(1.5 1.33776e-15 0)
(1.5 7.81658e-14 0)
(1.5 8.16786e-14 0)
(1.5 1.07738e-13 0)
(1.5 1.37982e-13 0)
(1.5 2.00972e-13 0)
(1.5 2.55723e-13 0)
(1.5 1.85175e-13 0)
(1.5 1.785e-13 0)
(1.5 1.52176e-13 0)
(1.5 1.62907e-13 0)
(1.5 9.92611e-14 0)
(1.5 -1.18151e-13 0)
(1.5 -1.33848e-13 0)
(1.5 -6.14023e-14 0)
(1.5 -7.00061e-15 0)
(1.5 8.95711e-15 0)
(1.5 -1.27951e-14 0)
(1.5 -2.20037e-14 0)
(1.5 9.99101e-14 0)
(1.5 1.58024e-13 0)
(1.5 1.24411e-13 0)
(1.5 1.31635e-13 0)
(1.5 3.65765e-14 0)
(1.5 -1.14897e-13 0)
(1.5 -3.20647e-13 0)
(1.5 -4.49423e-13 0)
(1.5 -5.05604e-13 0)
(1.5 -5.44422e-13 0)
(1.5 -6.21994e-13 0)
(1.5 -7.87702e-13 0)
(1.5 -8.10371e-13 0)
(1.5 -7.18e-13 0)
(1.5 -6.06893e-13 0)
(1.5 -4.37956e-13 0)
(1.5 -3.47201e-13 0)
(1.5 -1.99864e-13 0)
(1.5 -1.27262e-13 0)
(1.5 -3.87304e-14 0)
(1.5 1.07962e-13 0)
(1.5 3.0137e-13 0)
(1.5 3.59696e-13 0)
(1.5 3.10635e-13 0)
(1.5 3.0662e-13 0)
(1.5 2.39366e-13 0)
(1.5 2.3177e-13 0)
(1.5 2.65109e-13 0)
(1.5 2.95716e-13 0)
(1.5 3.65749e-13 0)
(1.5 3.63538e-13 0)
(1.5 4.12865e-13 0)
(1.5 3.79048e-13 0)
(1.5 3.70885e-13 0)
(1.5 4.00677e-13 0)
(1.5 3.82367e-13 0)
(1.5 2.65701e-13 0)
(1.5 1.92334e-13 0)
(1.5 1.69905e-13 0)
(1.5 1.82179e-13 0)
(1.5 2.01142e-13 0)
(1.5 2.50488e-13 0)
(1.5 2.25089e-13 0)
(1.5 1.51385e-13 0)
(1.5 1.76446e-13 0)
(1.5 2.45486e-13 0)
(1.5 3.25869e-13 0)
(1.5 3.54613e-13 0)
(1.5 4.28532e-13 0)
(1.5 4.82451e-13 0)
(1.5 3.8514e-13 0)
(1.5 3.04093e-13 0)
(1.5 2.33011e-13 0)
(1.5 2.54712e-13 0)
(1.5 2.02593e-13 0)
(1.5 1.06556e-13 0)
(1.5 5.65131e-14 0)
(1.5 1.20621e-14 0)
(1.5 -2.19909e-13 0)
(1.5 -2.89658e-13 0)
(1.5 -1.67611e-13 0)
(1.5 1.11184e-14 0)
(1.5 1.40658e-13 0)
(1.5 2.65792e-13 0)
(1.5 4.27436e-13 0)
(1.5 4.84616e-13 0)
(1.5 5.47892e-13 0)
(1.5 7.09715e-13 0)
(1.5 8.14581e-13 0)
(1.5 8.68869e-13 0)
(1.5 9.35212e-13 0)
(1.5 9.7607e-13 0)
(1.5 1.03091e-12 0)
(1.5 1.01168e-12 0)
(1.5 9.81234e-13 0)
(1.5 9.33501e-13 0)
(1.5 8.41822e-13 0)
(1.5 7.9555e-13 0)
(1.5 7.22822e-13 0)
(1.5 6.69216e-13 0)
(1.5 5.93387e-13 0)
(1.5 4.81571e-13 0)
(1.5 2.69615e-13 0)
(1.5 1.83216e-14 0)
(1.5 -5.81576e-14 0)
(1.5 -1.69732e-13 0)
(1.5 -2.37425e-13 0)
(1.5 -3.40887e-13 0)
(1.5 -4.00458e-13 0)
(1.5 -4.3304e-13 0)
(1.5 -4.02327e-13 0)
(1.5 -3.92421e-13 0)
(1.5 -4.35917e-13 0)
(1.5 -4.07609e-13 0)
(1.5 -4.07761e-13 0)
(1.5 -4.60569e-13 0)
(1.5 -5.58864e-13 0)
(1.5 -5.00002e-13 0)
(1.5 -4.43486e-13 0)
(1.5 -4.2854e-13 0)
(1.5 -4.10582e-13 0)
(1.5 -3.27088e-13 0)
(1.5 -3.95985e-13 0)
(1.5 -4.3322e-13 0)
(1.5 -2.46164e-13 0)
(1.5 -1.77109e-13 0)
(1.5 -1.95264e-13 0)
(1.5 -1.9988e-13 0)
(1.5 -2.31914e-13 0)
(1.5 -2.63104e-13 0)
(1.5 -2.2316e-13 0)
(1.5 -1.61214e-13 0)
(1.5 -9.36031e-14 0)
(1.5 -1.93692e-13 0)
(1.5 -1.99184e-13 0)
(1.5 -1.85941e-13 0)
(1.5 3.37668e-14 0)
(1.5 1.51994e-13 0)
(1.5 1.16521e-13 0)
(1.5 5.52e-14 0)
(1.5 5.18452e-14 0)
(1.5 9.46361e-14 0)
(1.5 8.73698e-14 0)
(1.5 -3.51777e-14 0)
(1.5 -6.69237e-14 0)
(1.5 -1.37378e-13 0)
(1.5 -1.53182e-13 0)
(1.5 -1.02611e-13 0)
(1.5 -1.20316e-13 0)
(1.5 -1.687e-13 0)
(1.5 -9.2413e-14 0)
(1.5 -1.87936e-14 0)
(1.5 5.02448e-15 0)
(1.5 -1.62404e-14 0)
(1.5 -9.39308e-14 0)
(1.5 -7.18481e-14 0)
(1.5 -8.91228e-14 0)
(1.5 -1.07499e-13 0)
(1.5 -1.4203e-13 0)
(1.5 -8.97199e-14 0)
(1.5 -1.39677e-13 0)
(1.5 -2.21926e-13 0)
(1.5 -2.15136e-13 0)
(1.5 -2.27455e-13 0)
(1.5 -1.74036e-13 0)
(1.5 -6.0249e-14 0)
(1.5 -1.25279e-14 0)
(1.5 -1.01791e-13 0)
(1.5 -6.17268e-14 0)
(1.5 -1.73807e-14 0)
(1.5 7.48346e-14 0)
(1.5 6.6846e-14 0)
(1.5 -2.27219e-14 0)
(1.5 -7.62187e-14 0)
(1.5 -2.41525e-14 0)
(1.5 7.22122e-14 0)
(1.5 -3.01853e-14 0)
(1.5 -1.14787e-13 0)
(1.5 -1.54212e-13 0)
(1.5 -1.08193e-13 0)
(1.5 -1.03419e-13 0)
(1.5 -9.41211e-14 0)
(1.5 -9.69583e-14 0)
(1.5 -8.81312e-14 0)
(1.5 -5.45012e-14 0)
(1.5 -6.15947e-14 0)
(1.5 -5.90885e-14 0)
(1.5 -2.68634e-14 0)
(1.5 -5.80121e-14 0)
(1.5 3.14823e-15 0)
(1.5 -9.17231e-15 0)
(1.5 -3.7429e-15 0)
(1.5 2.11842e-14 0)
(1.5 1.23431e-14 0)
(1.5 -1.35789e-14 0)
(1.5 -2.9921e-14 0)
(1.5 -4.97782e-14 0)
(1.5 -4.44603e-14 0)
(1.5 -8.92895e-14 0)
(1.5 -6.15363e-14 0)
(1.5 2.03728e-14 0)
(1.5 5.39832e-14 0)
(1.5 5.83313e-14 0)
(1.5 8.36631e-14 0)
(1.5 1.5463e-13 0)
(1.5 1.86682e-13 0)
(1.5 1.94068e-13 0)
(1.5 2.0826e-13 0)
(1.5 2.02015e-13 0)
(1.5 1.87841e-13 0)
(1.5 2.00635e-13 0)
(1.5 1.16182e-13 0)
(1.5 2.42056e-14 0)
(1.5 -1.16383e-13 0)
(1.5 -1.52805e-13 0)
(1.5 -6.25911e-14 0)
(1.5 -8.99548e-14 0)
(1.5 -3.77849e-14 0)
(1.5 -7.28314e-14 0)
(1.5 -1.113e-13 0)
(1.5 -9.22085e-15 0)
(1.5 9.60997e-14 0)
(1.5 1.10131e-13 0)
(1.5 1.13517e-13 0)
(1.5 2.46664e-14 0)
(1.5 -1.43461e-13 0)
(1.5 -2.49411e-13 0)
(1.5 -2.57601e-13 0)
(1.5 -3.54399e-13 0)
(1.5 -4.80094e-13 0)
(1.5 -5.27453e-13 0)
(1.5 -5.96939e-13 0)
(1.5 -5.97321e-13 0)
(1.5 -5.31912e-13 0)
(1.5 -4.53036e-13 0)
(1.5 -3.93854e-13 0)
(1.5 -2.96942e-13 0)
(1.5 -2.26957e-13 0)
(1.5 -1.20201e-13 0)
(1.5 -4.56032e-14 0)
(1.5 7.20972e-14 0)
(1.5 1.3695e-13 0)
(1.5 2.60212e-13 0)
(1.5 3.3526e-13 0)
(1.5 3.29337e-13 0)
(1.5 2.95789e-13 0)
(1.5 3.28557e-13 0)
(1.5 3.29718e-13 0)
(1.5 3.63203e-13 0)
(1.5 3.57908e-13 0)
(1.5 3.41656e-13 0)
(1.5 3.37654e-13 0)
(1.5 2.75338e-13 0)
(1.5 2.92577e-13 0)
(1.5 4.18331e-13 0)
(1.5 3.86487e-13 0)
(1.5 3.02061e-13 0)
(1.5 2.60046e-13 0)
(1.5 2.77217e-13 0)
(1.5 1.79264e-13 0)
(1.5 1.54083e-13 0)
(1.5 1.51641e-13 0)
(1.5 1.95312e-13 0)
(1.5 2.33507e-13 0)
(1.5 3.21871e-13 0)
(1.5 4.60081e-13 0)
(1.5 5.13495e-13 0)
(1.5 5.13804e-13 0)
(1.5 5.7509e-13 0)
(1.5 5.10719e-13 0)
(1.5 3.80408e-13 0)
(1.5 1.7087e-13 0)
(1.5 9.90913e-14 0)
(1.5 1.68119e-13 0)
(1.5 7.51251e-14 0)
(1.5 1.10018e-13 0)
(1.5 1.20647e-13 0)
(1.5 7.59326e-14 0)
(1.5 5.72562e-15 0)
(1.5 -1.32706e-13 0)
(1.5 -1.24412e-13 0)
(1.5 -7.94552e-14 0)
(1.5 1.05483e-13 0)
(1.5 2.87762e-13 0)
(1.5 4.32563e-13 0)
(1.5 5.30242e-13 0)
(1.5 6.03472e-13 0)
(1.5 6.92558e-13 0)
(1.5 7.93618e-13 0)
(1.5 8.82709e-13 0)
(1.5 9.91809e-13 0)
(1.5 9.68999e-13 0)
(1.5 9.38694e-13 0)
(1.5 7.58596e-13 0)
(1.5 7.59175e-13 0)
(1.5 7.85615e-13 0)
(1.5 6.87902e-13 0)
(1.5 5.96558e-13 0)
(1.5 4.29622e-13 0)
(1.5 3.58323e-13 0)
(1.5 3.78859e-13 0)
(1.5 3.09855e-13 0)
(1.5 1.85656e-13 0)
(1.5 4.75336e-14 0)
(1.5 -6.82968e-14 0)
(1.5 -1.63462e-13 0)
(1.5 -2.29237e-13 0)
(1.5 -4.36908e-13 0)
(1.5 -5.48546e-13 0)
(1.5 -5.80409e-13 0)
(1.5 -6.09086e-13 0)
(1.5 -5.34691e-13 0)
(1.5 -4.9908e-13 0)
(1.5 -4.96225e-13 0)
(1.5 -5.62584e-13 0)
(1.5 -6.01872e-13 0)
(1.5 -7.14173e-13 0)
(1.5 -6.89323e-13 0)
(1.5 -5.82426e-13 0)
(1.5 -4.8215e-13 0)
(1.5 -3.53274e-13 0)
(1.5 -3.13059e-13 0)
(1.5 -3.41138e-13 0)
(1.5 -3.95036e-13 0)
(1.5 -2.19827e-13 0)
(1.5 -1.42741e-13 0)
(1.5 -2.35454e-13 0)
(1.5 -2.83937e-13 0)
(1.5 -2.4904e-13 0)
(1.5 -2.28961e-13 0)
(1.5 -2.08773e-13 0)
(1.5 -2.13792e-13 0)
(1.5 -1.67944e-13 0)
(1.5 -2.29188e-13 0)
(1.5 -3.30416e-13 0)
(1.5 -3.11178e-13 0)
(1.5 4.01836e-14 0)
(1.5 1.34598e-13 0)
(1.5 1.42132e-13 0)
(1.5 9.16676e-14 0)
(1.5 1.29416e-13 0)
(1.5 2.30111e-13 0)
(1.5 2.42878e-13 0)
(1.5 1.05792e-13 0)
(1.5 -2.09142e-14 0)
(1.5 -8.03106e-14 0)
(1.5 -1.12597e-13 0)
(1.5 -1.71134e-13 0)
(1.5 -1.11452e-13 0)
(1.5 -8.46515e-14 0)
(1.5 3.20213e-14 0)
(1.5 1.24131e-13 0)
(1.5 6.74658e-14 0)
(1.5 9.51456e-14 0)
(1.5 3.92511e-14 0)
(1.5 4.61848e-14 0)
(1.5 7.82819e-15 0)
(1.5 -8.52612e-14 0)
(1.5 5.21429e-14 0)
(1.5 3.01537e-14 0)
(1.5 -1.08629e-13 0)
(1.5 -2.28085e-13 0)
(1.5 -2.56888e-13 0)
(1.5 -2.00775e-13 0)
(1.5 -2.35106e-13 0)
(1.5 -1.21551e-13 0)
(1.5 -9.84694e-14 0)
(1.5 -1.59607e-13 0)
(1.5 -1.03289e-13 0)
(1.5 -1.09406e-13 0)
(1.5 -7.86892e-14 0)
(1.5 -1.62108e-13 0)
(1.5 -1.35198e-13 0)
(1.5 -6.21455e-14 0)
(1.5 -8.15605e-14 0)
(1.5 -2.70951e-15 0)
(1.5 7.40601e-15 0)
(1.5 -6.44882e-14 0)
(1.5 -1.08604e-13 0)
(1.5 -8.53583e-14 0)
(1.5 -9.33673e-14 0)
(1.5 -5.12795e-14 0)
(1.5 -6.64709e-14 0)
(1.5 -1.16301e-13 0)
(1.5 -9.45452e-14 0)
(1.5 -5.08434e-14 0)
(1.5 3.03185e-14 0)
(1.5 1.41287e-14 0)
(1.5 -4.42831e-14 0)
(1.5 -4.93013e-14 0)
(1.5 -3.42856e-14 0)
(1.5 -4.44432e-15 0)
(1.5 -1.1969e-14 0)
(1.5 5.58133e-14 0)
(1.5 7.62339e-14 0)
(1.5 1.99547e-14 0)
(1.5 1.65957e-15 0)
(1.5 -1.26106e-13 0)
(1.5 -1.73769e-13 0)
(1.5 -1.32313e-13 0)
(1.5 -7.40463e-14 0)
(1.5 3.6601e-14 0)
(1.5 8.43298e-14 0)
(1.5 1.2539e-13 0)
(1.5 1.61603e-13 0)
(1.5 1.93831e-13 0)
(1.5 8.83777e-14 0)
(1.5 7.9759e-14 0)
(1.5 2.13737e-13 0)
(1.5 2.25329e-13 0)
(1.5 1.9805e-13 0)
(1.5 5.60288e-15 0)
(1.5 -6.66674e-14 0)
(1.5 -1.87317e-14 0)
(1.5 -8.19933e-14 0)
(1.5 -6.8133e-14 0)
(1.5 -1.64139e-13 0)
(1.5 -1.52376e-13 0)
(1.5 -7.88853e-14 0)
(1.5 -4.07316e-14 0)
(1.5 1.50895e-15 0)
(1.5 -2.50069e-15 0)
(1.5 -7.61108e-14 0)
(1.5 -4.06331e-14 0)
(1.5 -4.00604e-14 0)
(1.5 -1.16353e-13 0)
(1.5 -1.38877e-13 0)
(1.5 -1.13615e-13 0)
(1.5 -2.07976e-13 0)
(1.5 -3.63306e-13 0)
(1.5 -4.09509e-13 0)
(1.5 -3.67316e-13 0)
(1.5 -3.56501e-13 0)
(1.5 -3.06105e-13 0)
(1.5 -2.65794e-13 0)
(1.5 -2.67065e-13 0)
(1.5 -1.96262e-13 0)
(1.5 -1.80905e-13 0)
(1.5 -1.28615e-13 0)
(1.5 -3.28196e-14 0)
(1.5 5.4395e-14 0)
(1.5 9.99894e-14 0)
(1.5 2.27014e-13 0)
(1.5 2.90881e-13 0)
(1.5 3.04776e-13 0)
(1.5 3.21665e-13 0)
(1.5 4.56219e-13 0)
(1.5 4.97566e-13 0)
(1.5 4.76681e-13 0)
(1.5 4.12037e-13 0)
(1.5 3.57484e-13 0)
(1.5 3.03598e-13 0)
(1.5 2.74465e-13 0)
(1.5 3.53053e-13 0)
(1.5 4.4729e-13 0)
(1.5 4.44163e-13 0)
(1.5 3.99566e-13 0)
(1.5 3.2348e-13 0)
(1.5 2.57932e-13 0)
(1.5 1.64858e-13 0)
(1.5 1.16693e-13 0)
(1.5 1.93688e-13 0)
(1.5 2.99531e-13 0)
(1.5 4.08527e-13 0)
(1.5 5.52597e-13 0)
(1.5 6.79337e-13 0)
(1.5 6.97686e-13 0)
(1.5 6.68225e-13 0)
(1.5 6.93704e-13 0)
(1.5 5.73257e-13 0)
(1.5 4.5119e-13 0)
(1.5 2.39822e-13 0)
(1.5 1.02057e-13 0)
(1.5 1.71033e-13 0)
(1.5 1.15335e-13 0)
(1.5 1.32693e-13 0)
(1.5 1.07023e-13 0)
(1.5 -1.77721e-14 0)
(1.5 1.82556e-14 0)
(1.5 -6.5485e-14 0)
(1.5 -1.859e-13 0)
(1.5 -2.18968e-13 0)
(1.5 -8.89273e-14 0)
(1.5 1.56653e-13 0)
(1.5 3.16223e-13 0)
(1.5 4.88237e-13 0)
(1.5 5.28446e-13 0)
(1.5 4.93073e-13 0)
(1.5 6.48428e-13 0)
(1.5 8.14437e-13 0)
(1.5 8.60531e-13 0)
(1.5 8.67737e-13 0)
(1.5 7.81514e-13 0)
(1.5 5.83274e-13 0)
(1.5 4.97958e-13 0)
(1.5 4.37819e-13 0)
(1.5 3.92087e-13 0)
(1.5 3.36127e-13 0)
(1.5 2.58267e-13 0)
(1.5 1.77967e-13 0)
(1.5 1.58977e-13 0)
(1.5 9.47435e-14 0)
(1.5 6.62156e-14 0)
(1.5 3.24816e-14 0)
(1.5 -1.05663e-13 0)
(1.5 -2.2214e-13 0)
(1.5 -3.46322e-13 0)
(1.5 -4.85526e-13 0)
(1.5 -6.34528e-13 0)
(1.5 -7.48286e-13 0)
(1.5 -8.29264e-13 0)
(1.5 -7.1041e-13 0)
(1.5 -6.14014e-13 0)
(1.5 -5.98206e-13 0)
(1.5 -5.86041e-13 0)
(1.5 -6.30273e-13 0)
(1.5 -6.78021e-13 0)
(1.5 -7.08311e-13 0)
(1.5 -5.95964e-13 0)
(1.5 -4.93563e-13 0)
(1.5 -3.43467e-13 0)
(1.5 -3.13675e-13 0)
(1.5 -3.03191e-13 0)
(1.5 -2.38813e-13 0)
(1.5 -3.07853e-13 0)
(1.5 -2.79888e-13 0)
(1.5 -3.52259e-13 0)
(1.5 -3.87263e-13 0)
(1.5 -2.92013e-13 0)
(1.5 -2.12728e-13 0)
(1.5 -1.90716e-13 0)
(1.5 -1.63919e-13 0)
(1.5 -2.15783e-13 0)
(1.5 -2.19718e-13 0)
(1.5 -3.14215e-13 0)
(1.5 -2.96401e-13 0)
(1.5 3.18305e-14 0)
(1.5 4.71593e-14 0)
(1.5 7.00857e-14 0)
(1.5 5.13645e-14 0)
(1.5 1.52472e-13 0)
(1.5 2.06587e-13 0)
(1.5 1.71918e-13 0)
(1.5 1.42782e-13 0)
(1.5 3.7972e-14 0)
(1.5 -4.68149e-14 0)
(1.5 -1.0422e-13 0)
(1.5 -1.44347e-13 0)
(1.5 -1.87182e-14 0)
(1.5 3.59634e-14 0)
(1.5 1.17186e-13 0)
(1.5 1.52939e-13 0)
(1.5 1.21357e-13 0)
(1.5 1.06427e-13 0)
(1.5 8.21734e-14 0)
(1.5 7.43993e-14 0)
(1.5 7.52119e-15 0)
(1.5 -1.21525e-14 0)
(1.5 9.53597e-14 0)
(1.5 1.3217e-14 0)
(1.5 -1.32266e-13 0)
(1.5 -1.92193e-13 0)
(1.5 -2.16301e-13 0)
(1.5 -2.04299e-13 0)
(1.5 -2.72537e-13 0)
(1.5 -2.03392e-13 0)
(1.5 -2.09131e-13 0)
(1.5 -1.80447e-13 0)
(1.5 -1.40756e-13 0)
(1.5 -2.03928e-13 0)
(1.5 -2.79256e-13 0)
(1.5 -3.01885e-13 0)
(1.5 -2.60508e-13 0)
(1.5 -1.5684e-13 0)
(1.5 -2.22435e-13 0)
(1.5 -1.92747e-13 0)
(1.5 -1.35102e-13 0)
(1.5 -1.03376e-13 0)
(1.5 -2.78406e-14 0)
(1.5 -1.47413e-14 0)
(1.5 -2.04232e-14 0)
(1.5 7.31626e-15 0)
(1.5 8.05478e-15 0)
(1.5 1.71939e-14 0)
(1.5 7.33771e-14 0)
(1.5 7.42286e-14 0)
(1.5 1.30385e-13 0)
(1.5 1.34374e-13 0)
(1.5 7.54731e-14 0)
(1.5 6.88644e-14 0)
(1.5 7.00372e-15 0)
(1.5 4.43498e-14 0)
(1.5 1.56305e-15 0)
(1.5 8.87992e-14 0)
(1.5 1.01674e-13 0)
(1.5 1.08249e-13 0)
(1.5 8.82719e-14 0)
(1.5 -1.10703e-13 0)
(1.5 -1.94131e-13 0)
(1.5 -1.0155e-13 0)
(1.5 -1.10071e-13 0)
(1.5 -1.43686e-14 0)
(1.5 1.16935e-13 0)
(1.5 1.60634e-13 0)
(1.5 1.77961e-13 0)
(1.5 1.84061e-13 0)
(1.5 1.64912e-13 0)
(1.5 2.24104e-13 0)
(1.5 2.93476e-13 0)
(1.5 2.96616e-13 0)
(1.5 1.75348e-13 0)
(1.5 6.18066e-14 0)
(1.5 4.78711e-15 0)
(1.5 1.17684e-13 0)
(1.5 7.38356e-14 0)
(1.5 5.54451e-14 0)
(1.5 -2.08043e-14 0)
(1.5 -5.9509e-14 0)
(1.5 -1.12861e-14 0)
(1.5 -2.78592e-14 0)
(1.5 -8.83383e-14 0)
(1.5 -1.96033e-13 0)
(1.5 -3.43904e-13 0)
(1.5 -3.60532e-13 0)
(1.5 -3.1809e-13 0)
(1.5 -3.19971e-13 0)
(1.5 -2.40735e-13 0)
(1.5 -2.58281e-13 0)
(1.5 -3.01531e-13 0)
(1.5 -3.75819e-13 0)
(1.5 -4.22078e-13 0)
(1.5 -3.33317e-13 0)
(1.5 -2.62849e-13 0)
(1.5 -2.21561e-13 0)
(1.5 -2.22231e-13 0)
(1.5 -1.44973e-13 0)
(1.5 -1.26456e-14 0)
(1.5 -4.2581e-15 0)
(1.5 -3.6998e-14 0)
(1.5 2.56711e-14 0)
(1.5 1.11714e-13 0)
(1.5 1.87845e-13 0)
(1.5 2.41164e-13 0)
(1.5 2.7439e-13 0)
(1.5 2.58491e-13 0)
(1.5 3.19904e-13 0)
(1.5 4.1818e-13 0)
(1.5 4.36971e-13 0)
(1.5 5.00313e-13 0)
(1.5 4.64107e-13 0)
(1.5 4.19772e-13 0)
(1.5 4.25819e-13 0)
(1.5 4.19043e-13 0)
(1.5 4.01561e-13 0)
(1.5 3.79327e-13 0)
(1.5 3.93948e-13 0)
(1.5 4.65458e-13 0)
(1.5 3.36358e-13 0)
(1.5 1.45081e-13 0)
(1.5 1.50551e-13 0)
(1.5 1.51981e-13 0)
(1.5 2.87027e-13 0)
(1.5 3.97175e-13 0)
(1.5 5.16017e-13 0)
(1.5 6.57844e-13 0)
(1.5 6.65618e-13 0)
(1.5 6.9645e-13 0)
(1.5 6.83374e-13 0)
(1.5 7.01175e-13 0)
(1.5 6.25414e-13 0)
(1.5 4.62991e-13 0)
(1.5 3.0547e-13 0)
(1.5 1.65811e-13 0)
(1.5 1.74432e-13 0)
(1.5 1.82452e-13 0)
(1.5 6.91388e-14 0)
(1.5 -5.07505e-14 0)
(1.5 -1.60308e-13 0)
(1.5 -1.59007e-13 0)
(1.5 -1.60208e-13 0)
(1.5 -2.39288e-13 0)
(1.5 -1.87993e-13 0)
(1.5 -1.53472e-13 0)
(1.5 6.60616e-14 0)
(1.5 1.82807e-13 0)
(1.5 3.64249e-13 0)
(1.5 4.99894e-13 0)
(1.5 4.7972e-13 0)
(1.5 5.97383e-13 0)
(1.5 7.80547e-13 0)
(1.5 8.28003e-13 0)
(1.5 8.50527e-13 0)
(1.5 7.02594e-13 0)
(1.5 5.6726e-13 0)
(1.5 4.94386e-13 0)
(1.5 3.49054e-13 0)
(1.5 3.6532e-13 0)
(1.5 3.09235e-13 0)
(1.5 2.84511e-13 0)
(1.5 1.62986e-13 0)
(1.5 2.79469e-14 0)
(1.5 1.50803e-14 0)
(1.5 1.16542e-13 0)
(1.5 6.73197e-14 0)
(1.5 -8.44943e-14 0)
(1.5 -1.91659e-13 0)
(1.5 -3.23523e-13 0)
(1.5 -3.81533e-13 0)
(1.5 -5.5838e-13 0)
(1.5 -6.11657e-13 0)
(1.5 -6.75064e-13 0)
(1.5 -6.04438e-13 0)
(1.5 -5.80024e-13 0)
(1.5 -5.14715e-13 0)
(1.5 -4.4631e-13 0)
(1.5 -4.56611e-13 0)
(1.5 -4.73659e-13 0)
(1.5 -5.05951e-13 0)
(1.5 -5.49539e-13 0)
(1.5 -4.44366e-13 0)
(1.5 -3.00151e-13 0)
(1.5 -1.57013e-13 0)
(1.5 -8.00898e-14 0)
(1.5 4.12005e-14 0)
(1.5 -1.08096e-13 0)
(1.5 -1.71673e-13 0)
(1.5 -2.50965e-13 0)
(1.5 -3.54715e-13 0)
(1.5 -4.15393e-13 0)
(1.5 -3.63557e-13 0)
(1.5 -2.0405e-13 0)
(1.5 -1.62803e-13 0)
(1.5 -2.68588e-13 0)
(1.5 -2.91605e-13 0)
(1.5 -2.64502e-13 0)
(1.5 -2.5843e-13 0)
(1.5 -2.14369e-14 0)
(1.5 -5.54311e-14 0)
(1.5 -3.56648e-14 0)
(1.5 6.47556e-14 0)
(1.5 1.32837e-13 0)
(1.5 1.19037e-13 0)
(1.5 5.78136e-14 0)
(1.5 8.2148e-14 0)
(1.5 2.20666e-14 0)
(1.5 -9.1917e-14 0)
(1.5 -8.34044e-14 0)
(1.5 -3.8076e-14 0)
(1.5 8.10643e-14 0)
(1.5 1.32735e-13 0)
(1.5 1.57372e-13 0)
(1.5 1.31143e-13 0)
(1.5 1.37408e-13 0)
(1.5 9.56262e-14 0)
(1.5 1.0814e-13 0)
(1.5 1.24107e-13 0)
(1.5 7.93216e-14 0)
(1.5 2.19626e-14 0)
(1.5 -6.73493e-14 0)
(1.5 -1.27665e-13 0)
(1.5 -2.35387e-13 0)
(1.5 -1.91215e-13 0)
(1.5 -2.16124e-13 0)
(1.5 -2.73792e-13 0)
(1.5 -2.79375e-13 0)
(1.5 -2.95759e-13 0)
(1.5 -2.58883e-13 0)
(1.5 -2.03683e-13 0)
(1.5 -1.85905e-13 0)
(1.5 -2.28341e-13 0)
(1.5 -3.12201e-13 0)
(1.5 -2.51721e-13 0)
(1.5 -2.04696e-13 0)
(1.5 -2.12548e-13 0)
(1.5 -3.004e-13 0)
(1.5 -3.0846e-13 0)
(1.5 -2.31174e-13 0)
(1.5 -1.61773e-13 0)
(1.5 -5.31155e-14 0)
(1.5 2.69419e-14 0)
(1.5 6.67538e-14 0)
(1.5 9.7922e-14 0)
(1.5 1.00276e-13 0)
(1.5 1.28057e-13 0)
(1.5 9.79068e-14 0)
(1.5 1.27621e-13 0)
(1.5 1.3717e-13 0)
(1.5 9.9569e-14 0)
(1.5 1.28468e-13 0)
(1.5 1.0921e-13 0)
(1.5 3.79136e-14 0)
(1.5 8.54203e-14 0)
(1.5 7.83441e-14 0)
(1.5 1.06316e-13 0)
(1.5 6.30077e-14 0)
(1.5 9.98974e-14 0)
(1.5 1.25846e-13 0)
(1.5 5.10528e-14 0)
(1.5 -1.6669e-14 0)
(1.5 4.51895e-14 0)
(1.5 2.38205e-14 0)
(1.5 4.01666e-14 0)
(1.5 1.14157e-13 0)
(1.5 1.62033e-13 0)
(1.5 1.90953e-13 0)
(1.5 2.34441e-13 0)
(1.5 3.62694e-13 0)
(1.5 4.30493e-13 0)
(1.5 3.83688e-13 0)
(1.5 3.32472e-13 0)
(1.5 1.79919e-13 0)
(1.5 1.81142e-13 0)
(1.5 1.7855e-13 0)
(1.5 1.67448e-13 0)
(1.5 1.24399e-13 0)
(1.5 8.63321e-14 0)
(1.5 1.12906e-13 0)
(1.5 1.30874e-13 0)
(1.5 1.28564e-13 0)
(1.5 -1.10292e-14 0)
(1.5 -3.06413e-13 0)
(1.5 -5.15868e-13 0)
(1.5 -5.6336e-13 0)
(1.5 -5.99994e-13 0)
(1.5 -5.48778e-13 0)
(1.5 -4.81288e-13 0)
(1.5 -3.82663e-13 0)
(1.5 -3.87424e-13 0)
(1.5 -3.88608e-13 0)
(1.5 -3.59787e-13 0)
(1.5 -4.17155e-13 0)
(1.5 -3.5528e-13 0)
(1.5 -2.81451e-13 0)
(1.5 -2.98209e-13 0)
(1.5 -2.63963e-13 0)
(1.5 -1.31366e-13 0)
(1.5 4.78417e-14 0)
(1.5 1.69149e-13 0)
(1.5 1.78938e-13 0)
(1.5 1.48488e-13 0)
(1.5 2.65481e-13 0)
(1.5 3.51227e-13 0)
(1.5 3.21883e-13 0)
(1.5 4.17253e-13 0)
(1.5 3.69994e-13 0)
(1.5 3.81955e-13 0)
(1.5 3.09625e-13 0)
(1.5 3.25717e-13 0)
(1.5 4.53075e-13 0)
(1.5 4.04214e-13 0)
(1.5 4.15351e-13 0)
(1.5 4.87675e-13 0)
(1.5 4.43447e-13 0)
(1.5 3.3923e-13 0)
(1.5 2.21635e-13 0)
(1.5 1.8071e-13 0)
(1.5 2.52838e-13 0)
(1.5 2.29871e-13 0)
(1.5 1.12364e-13 0)
(1.5 1.1971e-13 0)
(1.5 1.92813e-13 0)
(1.5 2.95065e-13 0)
(1.5 3.94671e-13 0)
(1.5 5.08329e-13 0)
(1.5 6.51487e-13 0)
(1.5 6.14792e-13 0)
(1.5 5.58124e-13 0)
(1.5 5.35666e-13 0)
(1.5 5.73072e-13 0)
(1.5 4.99238e-13 0)
(1.5 3.71677e-13 0)
(1.5 3.33553e-13 0)
(1.5 2.83668e-13 0)
(1.5 2.53351e-13 0)
(1.5 9.96134e-14 0)
(1.5 -6.55501e-14 0)
(1.5 -1.46026e-13 0)
(1.5 -2.16387e-13 0)
(1.5 -2.01171e-13 0)
(1.5 -1.72676e-13 0)
(1.5 -1.21307e-13 0)
(1.5 -1.1954e-13 0)
(1.5 -1.00588e-13 0)
(1.5 -1.38292e-14 0)
(1.5 5.45439e-14 0)
(1.5 1.6861e-13 0)
(1.5 3.55341e-13 0)
(1.5 4.59665e-13 0)
(1.5 6.30226e-13 0)
(1.5 7.58081e-13 0)
(1.5 8.19014e-13 0)
(1.5 7.69717e-13 0)
(1.5 6.38605e-13 0)
(1.5 6.44284e-13 0)
(1.5 5.54469e-13 0)
(1.5 3.99281e-13 0)
(1.5 4.68384e-13 0)
(1.5 3.7913e-13 0)
(1.5 2.7942e-13 0)
(1.5 1.08634e-13 0)
(1.5 -1.2593e-14 0)
(1.5 1.54094e-14 0)
(1.5 9.69438e-14 0)
(1.5 -1.0059e-14 0)
(1.5 -3.88372e-14 0)
(1.5 -8.7776e-14 0)
(1.5 -1.92488e-13 0)
(1.5 -2.71918e-13 0)
(1.5 -3.69792e-13 0)
(1.5 -4.33575e-13 0)
(1.5 -4.6479e-13 0)
(1.5 -4.86993e-13 0)
(1.5 -5.33977e-13 0)
(1.5 -5.30369e-13 0)
(1.5 -4.80868e-13 0)
(1.5 -4.61312e-13 0)
(1.5 -3.93241e-13 0)
(1.5 -3.67697e-13 0)
(1.5 -5.17473e-13 0)
(1.5 -4.6455e-13 0)
(1.5 -3.55022e-13 0)
(1.5 -1.724e-13 0)
(1.5 -6.25557e-14 0)
(1.5 2.84458e-14 0)
(1.5 -1.3903e-14 0)
(1.5 -3.81332e-14 0)
(1.5 -1.44772e-13 0)
(1.5 -2.6977e-13 0)
(1.5 -3.61976e-13 0)
(1.5 -3.56527e-13 0)
(1.5 -2.14026e-13 0)
(1.5 -2.55816e-13 0)
(1.5 -2.93227e-13 0)
(1.5 -3.34875e-13 0)
(1.5 -2.44642e-13 0)
(1.5 -3.22982e-13 0)
(1.5 -2.82964e-14 0)
(1.5 -3.51852e-14 0)
(1.5 -1.7489e-15 0)
(1.5 8.11434e-14 0)
(1.5 9.42418e-14 0)
(1.5 1.06686e-13 0)
(1.5 4.81353e-14 0)
(1.5 5.1639e-14 0)
(1.5 8.42993e-15 0)
(1.5 -9.4101e-14 0)
(1.5 -6.18347e-14 0)
(1.5 6.61414e-15 0)
(1.5 5.92111e-14 0)
(1.5 1.15239e-13 0)
(1.5 1.03123e-13 0)
(1.5 6.35596e-14 0)
(1.5 9.59577e-14 0)
(1.5 6.77098e-14 0)
(1.5 4.73079e-14 0)
(1.5 7.46745e-14 0)
(1.5 6.61451e-14 0)
(1.5 -2.55933e-15 0)
(1.5 -1.69893e-13 0)
(1.5 -2.61914e-13 0)
(1.5 -2.15008e-13 0)
(1.5 -1.7073e-13 0)
(1.5 -1.81369e-13 0)
(1.5 -2.09314e-13 0)
(1.5 -2.47488e-13 0)
(1.5 -3.39464e-13 0)
(1.5 -3.33748e-13 0)
(1.5 -2.82797e-13 0)
(1.5 -3.23315e-13 0)
(1.5 -3.07316e-13 0)
(1.5 -3.37764e-13 0)
(1.5 -2.90042e-13 0)
(1.5 -2.23435e-13 0)
(1.5 -3.06744e-13 0)
(1.5 -3.11347e-13 0)
(1.5 -3.573e-13 0)
(1.5 -2.8211e-13 0)
(1.5 -2.24421e-13 0)
(1.5 -1.75181e-13 0)
(1.5 -1.15587e-14 0)
(1.5 8.22245e-14 0)
(1.5 1.17549e-13 0)
(1.5 1.43292e-13 0)
(1.5 1.73435e-13 0)
(1.5 7.75853e-14 0)
(1.5 1.06953e-13 0)
(1.5 7.36619e-14 0)
(1.5 2.04246e-14 0)
(1.5 1.00841e-13 0)
(1.5 6.76465e-14 0)
(1.5 4.08875e-14 0)
(1.5 5.65099e-14 0)
(1.5 1.00358e-13 0)
(1.5 4.86581e-14 0)
(1.5 3.92607e-14 0)
(1.5 4.15446e-14 0)
(1.5 5.01396e-14 0)
(1.5 1.13013e-13 0)
(1.5 1.7886e-13 0)
(1.5 1.62902e-13 0)
(1.5 1.72816e-13 0)
(1.5 1.76904e-13 0)
(1.5 1.7224e-13 0)
(1.5 1.67052e-13 0)
(1.5 2.0237e-13 0)
(1.5 2.2244e-13 0)
(1.5 3.27511e-13 0)
(1.5 3.42983e-13 0)
(1.5 3.26328e-13 0)
(1.5 2.90028e-13 0)
(1.5 1.92521e-13 0)
(1.5 1.79687e-13 0)
(1.5 9.73303e-14 0)
(1.5 1.98725e-14 0)
(1.5 8.68111e-14 0)
(1.5 1.36104e-14 0)
(1.5 3.6851e-14 0)
(1.5 2.8852e-14 0)
(1.5 1.22044e-14 0)
(1.5 -1.55836e-13 0)
(1.5 -4.57274e-13 0)
(1.5 -5.80522e-13 0)
(1.5 -5.27522e-13 0)
(1.5 -5.54474e-13 0)
(1.5 -5.25349e-13 0)
(1.5 -4.82459e-13 0)
(1.5 -3.78833e-13 0)
(1.5 -3.76677e-13 0)
(1.5 -3.57137e-13 0)
(1.5 -2.98866e-13 0)
(1.5 -3.01014e-13 0)
(1.5 -2.03158e-13 0)
(1.5 -1.72161e-13 0)
(1.5 -2.33435e-13 0)
(1.5 -1.82821e-13 0)
(1.5 -1.3352e-13 0)
(1.5 2.82441e-14 0)
(1.5 2.23264e-13 0)
(1.5 2.92419e-13 0)
(1.5 2.8911e-13 0)
(1.5 2.98463e-13 0)
(1.5 3.66967e-13 0)
(1.5 4.78929e-13 0)
(1.5 6.10938e-13 0)
(1.5 5.79096e-13 0)
(1.5 4.26693e-13 0)
(1.5 3.19526e-13 0)
(1.5 3.73508e-13 0)
(1.5 4.27408e-13 0)
(1.5 3.94206e-13 0)
(1.5 3.71187e-13 0)
(1.5 3.84402e-13 0)
(1.5 4.07136e-13 0)
(1.5 3.35946e-13 0)
(1.5 1.55295e-13 0)
(1.5 3.42597e-14 0)
(1.5 9.43649e-14 0)
(1.5 2.45232e-13 0)
(1.5 2.13292e-13 0)
(1.5 1.67795e-13 0)
(1.5 1.95502e-13 0)
(1.5 2.00531e-13 0)
(1.5 3.22071e-13 0)
(1.5 4.70112e-13 0)
(1.5 5.52725e-13 0)
(1.5 4.8544e-13 0)
(1.5 4.13863e-13 0)
(1.5 4.09172e-13 0)
(1.5 4.61347e-13 0)
(1.5 3.6622e-13 0)
(1.5 3.40777e-13 0)
(1.5 3.36895e-13 0)
(1.5 2.7226e-13 0)
(1.5 2.29648e-13 0)
(1.5 -2.35207e-14 0)
(1.5 -1.6611e-13 0)
(1.5 -1.48361e-13 0)
(1.5 -2.19138e-13 0)
(1.5 -2.02772e-13 0)
(1.5 -1.73832e-13 0)
(1.5 -1.6353e-13 0)
(1.5 -1.70517e-13 0)
(1.5 -1.2084e-13 0)
(1.5 -9.5127e-14 0)
(1.5 -1.68666e-14 0)
(1.5 8.39026e-14 0)
(1.5 1.74558e-13 0)
(1.5 3.50693e-13 0)
(1.5 6.02556e-13 0)
(1.5 6.31438e-13 0)
(1.5 6.26404e-13 0)
(1.5 5.36592e-13 0)
(1.5 4.43705e-13 0)
(1.5 5.01847e-13 0)
(1.5 4.46155e-13 0)
(1.5 2.98181e-13 0)
(1.5 2.77122e-13 0)
(1.5 2.86284e-13 0)
(1.5 1.99816e-13 0)
(1.5 1.20782e-13 0)
(1.5 1.19009e-13 0)
(1.5 4.24658e-14 0)
(1.5 -1.15245e-14 0)
(1.5 -9.84201e-14 0)
(1.5 -7.22971e-14 0)
(1.5 -6.21865e-14 0)
(1.5 -1.36324e-13 0)
(1.5 -2.21041e-13 0)
(1.5 -1.83006e-13 0)
(1.5 -3.12686e-13 0)
(1.5 -3.84853e-13 0)
(1.5 -5.25331e-13 0)
(1.5 -5.65689e-13 0)
(1.5 -6.2041e-13 0)
(1.5 -5.84356e-13 0)
(1.5 -6.43943e-13 0)
(1.5 -5.14759e-13 0)
(1.5 -4.37989e-13 0)
(1.5 -5.82473e-13 0)
(1.5 -5.78919e-13 0)
(1.5 -5.7139e-13 0)
(1.5 -4.38677e-13 0)
(1.5 -2.79484e-13 0)
(1.5 -1.71507e-13 0)
(1.5 -1.28472e-13 0)
(1.5 -1.38735e-13 0)
(1.5 -1.65191e-13 0)
(1.5 -1.82993e-13 0)
(1.5 -8.59663e-14 0)
(1.5 -1.23481e-13 0)
(1.5 -2.00914e-13 0)
(1.5 -3.19471e-13 0)
(1.5 -3.43965e-13 0)
(1.5 -3.22451e-13 0)
(1.5 -2.7061e-13 0)
(1.5 -3.44706e-13 0)
(1.5 -4.8309e-14 0)
(1.5 -1.54171e-13 0)
(1.5 -1.33933e-13 0)
(1.5 -1.73619e-15 0)
(1.5 -9.09175e-15 0)
(1.5 -2.82668e-14 0)
(1.5 -4.54832e-14 0)
(1.5 -1.31931e-14 0)
(1.5 3.54136e-14 0)
(1.5 -8.62907e-14 0)
(1.5 -9.74082e-14 0)
(1.5 -5.46261e-14 0)
(1.5 -6.39687e-16 0)
(1.5 4.33032e-14 0)
(1.5 3.26623e-14 0)
(1.5 2.32529e-14 0)
(1.5 3.45782e-15 0)
(1.5 -4.3212e-15 0)
(1.5 -3.5473e-14 0)
(1.5 -1.92925e-14 0)
(1.5 -6.17737e-14 0)
(1.5 -7.06767e-14 0)
(1.5 -1.67643e-13 0)
(1.5 -2.11245e-13 0)
(1.5 -9.13007e-14 0)
(1.5 -1.73028e-13 0)
(1.5 -2.2344e-13 0)
(1.5 -2.25528e-13 0)
(1.5 -2.24882e-13 0)
(1.5 -3.32998e-13 0)
(1.5 -3.9153e-13 0)
(1.5 -3.80014e-13 0)
(1.5 -3.70633e-13 0)
(1.5 -4.0443e-13 0)
(1.5 -4.28106e-13 0)
(1.5 -3.31953e-13 0)
(1.5 -3.16523e-13 0)
(1.5 -3.47232e-13 0)
(1.5 -2.67469e-13 0)
(1.5 -2.99283e-13 0)
(1.5 -2.98447e-13 0)
(1.5 -2.27011e-13 0)
(1.5 -1.71364e-13 0)
(1.5 -6.26729e-14 0)
(1.5 3.21511e-14 0)
(1.5 5.68406e-14 0)
(1.5 6.54593e-14 0)
(1.5 7.12128e-14 0)
(1.5 5.984e-14 0)
(1.5 5.50215e-14 0)
(1.5 2.07113e-14 0)
(1.5 2.15428e-14 0)
(1.5 3.61705e-14 0)
(1.5 5.20045e-14 0)
(1.5 3.58677e-14 0)
(1.5 -3.79655e-14 0)
(1.5 -5.31984e-15 0)
(1.5 -1.01433e-14 0)
(1.5 4.25756e-14 0)
(1.5 7.33365e-15 0)
(1.5 -1.66716e-14 0)
(1.5 7.94055e-14 0)
(1.5 1.81795e-13 0)
(1.5 1.96752e-13 0)
(1.5 2.75224e-13 0)
(1.5 2.68141e-13 0)
(1.5 1.98882e-13 0)
(1.5 1.6876e-13 0)
(1.5 1.77966e-13 0)
(1.5 2.23959e-13 0)
(1.5 2.69782e-13 0)
(1.5 2.46636e-13 0)
(1.5 2.07548e-13 0)
(1.5 1.64416e-13 0)
(1.5 1.35726e-13 0)
(1.5 1.00714e-13 0)
(1.5 1.83118e-14 0)
(1.5 -4.18253e-14 0)
(1.5 4.09931e-14 0)
(1.5 -5.85786e-14 0)
(1.5 -6.71707e-14 0)
(1.5 -1.13661e-13 0)
(1.5 -2.23918e-13 0)
(1.5 -3.74158e-13 0)
(1.5 -4.96828e-13 0)
(1.5 -5.4415e-13 0)
(1.5 -5.44513e-13 0)
(1.5 -5.7962e-13 0)
(1.5 -5.04126e-13 0)
(1.5 -4.04633e-13 0)
(1.5 -3.08157e-13 0)
(1.5 -3.35327e-13 0)
(1.5 -2.99939e-13 0)
(1.5 -3.0442e-13 0)
(1.5 -2.64456e-13 0)
(1.5 -1.80699e-13 0)
(1.5 -1.08186e-13 0)
(1.5 -9.62523e-14 0)
(1.5 -1.12958e-13 0)
(1.5 -9.80508e-14 0)
(1.5 -3.02206e-14 0)
(1.5 1.83552e-13 0)
(1.5 3.23786e-13 0)
(1.5 4.59193e-13 0)
(1.5 4.55433e-13 0)
(1.5 4.53275e-13 0)
(1.5 6.23739e-13 0)
(1.5 7.14839e-13 0)
(1.5 6.79391e-13 0)
(1.5 5.17959e-13 0)
(1.5 4.84905e-13 0)
(1.5 5.32666e-13 0)
(1.5 5.55463e-13 0)
(1.5 5.15894e-13 0)
(1.5 4.49571e-13 0)
(1.5 4.18042e-13 0)
(1.5 3.70953e-13 0)
(1.5 3.15612e-13 0)
(1.5 1.73177e-13 0)
(1.5 5.13192e-14 0)
(1.5 8.08751e-14 0)
(1.5 2.46935e-13 0)
(1.5 2.64681e-13 0)
(1.5 2.07958e-13 0)
(1.5 1.46989e-13 0)
(1.5 1.22194e-13 0)
(1.5 2.52602e-13 0)
(1.5 2.97602e-13 0)
(1.5 2.98408e-13 0)
(1.5 2.63987e-13 0)
(1.5 3.09027e-13 0)
(1.5 3.50778e-13 0)
(1.5 4.0875e-13 0)
(1.5 3.36517e-13 0)
(1.5 3.01721e-13 0)
(1.5 2.42638e-13 0)
(1.5 1.31224e-13 0)
(1.5 4.14113e-14 0)
(1.5 -6.57857e-14 0)
(1.5 -1.25731e-13 0)
(1.5 -1.54081e-13 0)
(1.5 -1.63429e-13 0)
(1.5 -2.2862e-13 0)
(1.5 -2.49098e-13 0)
(1.5 -2.97427e-13 0)
(1.5 -1.98138e-13 0)
(1.5 -9.46114e-14 0)
(1.5 -8.83224e-14 0)
(1.5 1.7194e-14 0)
(1.5 8.74413e-14 0)
(1.5 1.27309e-13 0)
(1.5 2.53614e-13 0)
(1.5 4.49472e-13 0)
(1.5 4.55068e-13 0)
(1.5 4.32563e-13 0)
(1.5 3.76791e-13 0)
(1.5 3.82691e-13 0)
(1.5 3.45243e-13 0)
(1.5 2.90987e-13 0)
(1.5 2.05218e-13 0)
(1.5 1.2169e-13 0)
(1.5 1.97576e-13 0)
(1.5 1.18296e-13 0)
(1.5 1.49612e-13 0)
(1.5 1.56925e-13 0)
(1.5 7.92421e-14 0)
(1.5 -1.63378e-14 0)
(1.5 8.18162e-15 0)
(1.5 -1.53229e-14 0)
(1.5 -8.32706e-15 0)
(1.5 -1.61209e-14 0)
(1.5 -9.84902e-14 0)
(1.5 -1.36185e-13 0)
(1.5 -2.38058e-13 0)
(1.5 -3.25057e-13 0)
(1.5 -4.88315e-13 0)
(1.5 -5.25341e-13 0)
(1.5 -5.58799e-13 0)
(1.5 -6.61247e-13 0)
(1.5 -7.24988e-13 0)
(1.5 -6.50417e-13 0)
(1.5 -6.29956e-13 0)
(1.5 -6.944e-13 0)
(1.5 -6.63927e-13 0)
(1.5 -7.13053e-13 0)
(1.5 -6.0249e-13 0)
(1.5 -4.03715e-13 0)
(1.5 -3.08133e-13 0)
(1.5 -2.48185e-13 0)
(1.5 -2.66652e-13 0)
(1.5 -1.76458e-13 0)
(1.5 -8.35042e-14 0)
(1.5 3.37987e-15 0)
(1.5 -1.34287e-14 0)
(1.5 -1.58633e-13 0)
(1.5 -1.83539e-13 0)
(1.5 -1.8336e-13 0)
(1.5 -1.91319e-13 0)
(1.5 -2.82442e-13 0)
(1.5 -2.87564e-13 0)
(1.5 -9.17005e-14 0)
(1.5 -2.37743e-13 0)
(1.5 -2.25531e-13 0)
(1.5 -4.34022e-14 0)
(1.5 -1.07904e-13 0)
(1.5 -1.41491e-13 0)
(1.5 -7.49416e-14 0)
(1.5 -1.25464e-14 0)
(1.5 1.61675e-13 0)
(1.5 1.48966e-13 0)
(1.5 9.5188e-14 0)
(1.5 8.35134e-14 0)
(1.5 5.84484e-14 0)
(1.5 6.04919e-14 0)
(1.5 5.39469e-14 0)
(1.5 6.37951e-14 0)
(1.5 -3.84566e-14 0)
(1.5 -3.81528e-14 0)
(1.5 -4.77246e-16 0)
(1.5 -4.43246e-14 0)
(1.5 -9.58914e-14 0)
(1.5 -1.44219e-13 0)
(1.5 -1.43619e-13 0)
(1.5 -1.40723e-13 0)
(1.5 -1.33288e-13 0)
(1.5 -2.22253e-13 0)
(1.5 -2.4736e-13 0)
(1.5 -2.51639e-13 0)
(1.5 -2.0713e-13 0)
(1.5 -3.42455e-13 0)
(1.5 -3.78838e-13 0)
(1.5 -3.56637e-13 0)
(1.5 -3.19243e-13 0)
(1.5 -3.87862e-13 0)
(1.5 -3.70889e-13 0)
(1.5 -2.72911e-13 0)
(1.5 -2.85705e-13 0)
(1.5 -2.43814e-13 0)
(1.5 -1.55804e-13 0)
(1.5 -1.69943e-13 0)
(1.5 -1.73007e-13 0)
(1.5 -9.04849e-14 0)
(1.5 -1.23526e-14 0)
(1.5 -2.33635e-14 0)
(1.5 2.21425e-14 0)
(1.5 4.19553e-14 0)
(1.5 3.39928e-14 0)
(1.5 1.38475e-14 0)
(1.5 2.58739e-14 0)
(1.5 7.79991e-14 0)
(1.5 7.55943e-14 0)
(1.5 5.98759e-14 0)
(1.5 1.64662e-14 0)
(1.5 1.52558e-14 0)
(1.5 2.9576e-14 0)
(1.5 -4.14273e-14 0)
(1.5 -5.75991e-14 0)
(1.5 -4.86977e-14 0)
(1.5 4.86578e-14 0)
(1.5 2.42678e-14 0)
(1.5 8.03374e-15 0)
(1.5 9.76353e-14 0)
(1.5 1.39472e-13 0)
(1.5 1.92107e-13 0)
(1.5 2.94421e-13 0)
(1.5 3.27545e-13 0)
(1.5 2.64547e-13 0)
(1.5 2.37013e-13 0)
(1.5 1.61229e-13 0)
(1.5 2.46171e-13 0)
(1.5 2.08982e-13 0)
(1.5 1.15719e-13 0)
(1.5 3.54305e-14 0)
(1.5 8.59304e-15 0)
(1.5 -5.49245e-15 0)
(1.5 -3.46524e-14 0)
(1.5 7.5031e-16 0)
(1.5 7.13001e-15 0)
(1.5 -2.67785e-14 0)
(1.5 -1.02941e-13 0)
(1.5 -1.7639e-13 0)
(1.5 -3.01493e-13 0)
(1.5 -4.29909e-13 0)
(1.5 -4.48794e-13 0)
(1.5 -4.61413e-13 0)
(1.5 -5.51614e-13 0)
(1.5 -6.08944e-13 0)
(1.5 -6.00512e-13 0)
(1.5 -4.78815e-13 0)
(1.5 -2.51259e-13 0)
(1.5 -2.17612e-13 0)
(1.5 -2.40942e-13 0)
(1.5 -2.53955e-13 0)
(1.5 -3.04044e-13 0)
(1.5 -2.35768e-13 0)
(1.5 -2.4244e-13 0)
(1.5 -1.80456e-13 0)
(1.5 -1.48216e-13 0)
(1.5 -1.8698e-13 0)
(1.5 -8.31876e-14 0)
(1.5 -1.31118e-13 0)
(1.5 -1.23132e-14 0)
(1.5 1.86817e-13 0)
(1.5 3.95352e-13 0)
(1.5 4.70724e-13 0)
(1.5 4.98194e-13 0)
(1.5 6.62146e-13 0)
(1.5 6.99678e-13 0)
(1.5 6.58825e-13 0)
(1.5 6.63182e-13 0)
(1.5 6.60487e-13 0)
(1.5 7.39335e-13 0)
(1.5 6.98236e-13 0)
(1.5 6.02066e-13 0)
(1.5 5.50656e-13 0)
(1.5 4.6265e-13 0)
(1.5 2.74265e-13 0)
(1.5 1.71892e-13 0)
(1.5 8.56693e-14 0)
(1.5 1.32466e-13 0)
(1.5 1.08624e-13 0)
(1.5 1.74076e-13 0)
(1.5 2.23038e-13 0)
(1.5 1.95625e-13 0)
(1.5 8.30806e-14 0)
(1.5 5.07738e-14 0)
(1.5 1.03638e-13 0)
(1.5 5.34759e-14 0)
(1.5 3.25303e-14 0)
(1.5 7.12612e-14 0)
(1.5 1.68125e-13 0)
(1.5 2.54619e-13 0)
(1.5 2.68967e-13 0)
(1.5 2.18183e-13 0)
(1.5 2.49715e-13 0)
(1.5 2.04664e-13 0)
(1.5 1.01211e-13 0)
(1.5 2.30002e-14 0)
(1.5 -7.00184e-14 0)
(1.5 -9.15939e-14 0)
(1.5 -1.14253e-13 0)
(1.5 -3.92791e-14 0)
(1.5 -1.13844e-13 0)
(1.5 -1.70628e-13 0)
(1.5 -1.62241e-13 0)
(1.5 -4.76745e-14 0)
(1.5 -6.04315e-15 0)
(1.5 1.86176e-14 0)
(1.5 6.02386e-14 0)
(1.5 8.09502e-14 0)
(1.5 1.12361e-13 0)
(1.5 1.4523e-13 0)
(1.5 2.43088e-13 0)
(1.5 3.1772e-13 0)
(1.5 2.48298e-13 0)
(1.5 2.13623e-13 0)
(1.5 2.74981e-13 0)
(1.5 2.66822e-13 0)
(1.5 2.25001e-13 0)
(1.5 2.62611e-13 0)
(1.5 1.74389e-13 0)
(1.5 1.62047e-13 0)
(1.5 7.53714e-14 0)
(1.5 7.0205e-14 0)
(1.5 3.63908e-14 0)
(1.5 1.19821e-13 0)
(1.5 1.10255e-13 0)
(1.5 1.76133e-13 0)
(1.5 8.77428e-14 0)
(1.5 -2.6576e-14 0)
(1.5 -1.11879e-13 0)
(1.5 -2.34329e-13 0)
(1.5 -3.75734e-13 0)
(1.5 -4.21714e-13 0)
(1.5 -4.10331e-13 0)
(1.5 -4.66598e-13 0)
(1.5 -5.12299e-13 0)
(1.5 -6.47503e-13 0)
(1.5 -7.45134e-13 0)
(1.5 -6.979e-13 0)
(1.5 -6.49132e-13 0)
(1.5 -7.20893e-13 0)
(1.5 -7.06552e-13 0)
(1.5 -6.84045e-13 0)
(1.5 -6.96757e-13 0)
(1.5 -6.37927e-13 0)
(1.5 -5.35505e-13 0)
(1.5 -5.53673e-13 0)
(1.5 -5.06166e-13 0)
(1.5 -4.54025e-13 0)
(1.5 -2.67447e-13 0)
(1.5 -1.05457e-13 0)
(1.5 -8.05175e-14 0)
(1.5 -3.93294e-14 0)
(1.5 -9.70189e-14 0)
(1.5 4.05754e-15 0)
(1.5 2.61745e-14 0)
(1.5 -8.70664e-14 0)
(1.5 -2.78124e-13 0)
(1.5 -3.26883e-13 0)
(1.5 -7.59422e-14 0)
(1.5 -1.1876e-13 0)
(1.5 -1.31457e-13 0)
(1.5 -8.41616e-14 0)
(1.5 -1.11498e-13 0)
(1.5 -1.18297e-13 0)
(1.5 3.40071e-14 0)
(1.5 1.24296e-13 0)
(1.5 2.45753e-13 0)
(1.5 3.70387e-13 0)
(1.5 3.63957e-13 0)
(1.5 3.62523e-13 0)
(1.5 2.56191e-13 0)
(1.5 1.99836e-13 0)
(1.5 1.87263e-13 0)
(1.5 1.40409e-13 0)
(1.5 1.08513e-13 0)
(1.5 1.71418e-14 0)
(1.5 -4.92657e-14 0)
(1.5 -1.04793e-13 0)
(1.5 -9.57013e-14 0)
(1.5 -1.55096e-13 0)
(1.5 -2.27409e-13 0)
(1.5 -2.37289e-13 0)
(1.5 -2.33185e-13 0)
(1.5 -2.22141e-13 0)
(1.5 -2.13039e-13 0)
(1.5 -2.30669e-13 0)
(1.5 -2.68051e-13 0)
(1.5 -3.54631e-13 0)
(1.5 -3.82809e-13 0)
(1.5 -3.93878e-13 0)
(1.5 -3.84968e-13 0)
(1.5 -3.74761e-13 0)
(1.5 -3.16675e-13 0)
(1.5 -2.88618e-13 0)
(1.5 -2.52219e-13 0)
(1.5 -1.58894e-13 0)
(1.5 -1.06796e-13 0)
(1.5 -9.54202e-14 0)
(1.5 -6.65462e-14 0)
(1.5 -2.19864e-14 0)
(1.5 3.68258e-14 0)
(1.5 -4.27301e-14 0)
(1.5 -6.94134e-14 0)
(1.5 -2.25613e-14 0)
(1.5 2.51877e-14 0)
(1.5 6.87292e-14 0)
(1.5 9.64075e-14 0)
(1.5 1.03552e-13 0)
(1.5 8.45584e-14 0)
(1.5 4.04619e-14 0)
(1.5 6.15276e-15 0)
(1.5 2.52487e-14 0)
(1.5 6.84758e-14 0)
(1.5 4.20367e-14 0)
(1.5 -2.91614e-14 0)
(1.5 -7.04989e-14 0)
(1.5 -5.98733e-14 0)
(1.5 -3.19313e-14 0)
(1.5 -2.38926e-14 0)
(1.5 4.37511e-14 0)
(1.5 1.40046e-13 0)
(1.5 1.54258e-13 0)
(1.5 1.81772e-13 0)
(1.5 2.5121e-13 0)
(1.5 2.4306e-13 0)
(1.5 2.53181e-13 0)
(1.5 1.4287e-13 0)
(1.5 1.82468e-13 0)
(1.5 1.56908e-13 0)
(1.5 9.02544e-14 0)
(1.5 1.82531e-14 0)
(1.5 4.25472e-14 0)
(1.5 7.15166e-14 0)
(1.5 8.21917e-14 0)
(1.5 9.59693e-14 0)
(1.5 1.03949e-13 0)
(1.5 7.98875e-15 0)
(1.5 -1.60892e-14 0)
(1.5 -1.41212e-13 0)
(1.5 -3.79223e-13 0)
(1.5 -4.64239e-13 0)
(1.5 -4.43186e-13 0)
(1.5 -4.31978e-13 0)
(1.5 -4.60158e-13 0)
(1.5 -5.26988e-13 0)
(1.5 -5.38655e-13 0)
(1.5 -4.61712e-13 0)
(1.5 -3.04672e-13 0)
(1.5 -3.17638e-13 0)
(1.5 -3.22953e-13 0)
(1.5 -3.56933e-13 0)
(1.5 -3.51716e-13 0)
(1.5 -2.34045e-13 0)
(1.5 -2.67019e-13 0)
(1.5 -2.32321e-13 0)
(1.5 -2.59728e-13 0)
(1.5 -2.23058e-13 0)
(1.5 -9.0429e-14 0)
(1.5 -1.43272e-13 0)
(1.5 -1.72156e-13 0)
(1.5 -2.84131e-14 0)
(1.5 1.17567e-13 0)
(1.5 2.34266e-13 0)
(1.5 3.87149e-13 0)
(1.5 6.40073e-13 0)
(1.5 6.19502e-13 0)
(1.5 5.66514e-13 0)
(1.5 6.60462e-13 0)
(1.5 6.87782e-13 0)
(1.5 7.61361e-13 0)
(1.5 6.09783e-13 0)
(1.5 5.50665e-13 0)
(1.5 4.54861e-13 0)
(1.5 3.1103e-13 0)
(1.5 2.34436e-13 0)
(1.5 1.06979e-13 0)
(1.5 1.88919e-14 0)
(1.5 1.05901e-13 0)
(1.5 1.72662e-13 0)
(1.5 1.66169e-13 0)
(1.5 1.99109e-13 0)
(1.5 1.99571e-13 0)
(1.5 7.64457e-14 0)
(1.5 2.52021e-14 0)
(1.5 -3.29948e-14 0)
(1.5 -6.36838e-14 0)
(1.5 -1.3081e-13 0)
(1.5 -6.6696e-14 0)
(1.5 -1.61617e-14 0)
(1.5 -1.42881e-14 0)
(1.5 -6.90138e-15 0)
(1.5 7.22018e-14 0)
(1.5 1.72493e-13 0)
(1.5 1.64667e-13 0)
(1.5 1.33147e-13 0)
(1.5 -1.49358e-14 0)
(1.5 -1.45286e-13 0)
(1.5 -1.32484e-13 0)
(1.5 -9.68843e-14 0)
(1.5 -4.28323e-14 0)
(1.5 -8.33225e-15 0)
(1.5 -7.35808e-15 0)
(1.5 3.87777e-14 0)
(1.5 5.24809e-14 0)
(1.5 6.74849e-14 0)
(1.5 1.13258e-13 0)
(1.5 4.33653e-14 0)
(1.5 3.58635e-14 0)
(1.5 6.18842e-14 0)
(1.5 9.00099e-14 0)
(1.5 7.79101e-14 0)
(1.5 1.97195e-13 0)
(1.5 1.74529e-13 0)
(1.5 1.01587e-13 0)
(1.5 1.1071e-13 0)
(1.5 2.35014e-13 0)
(1.5 2.61405e-13 0)
(1.5 3.71124e-13 0)
(1.5 3.81846e-13 0)
(1.5 2.96484e-13 0)
(1.5 2.22855e-13 0)
(1.5 1.30676e-13 0)
(1.5 1.22351e-13 0)
(1.5 2.061e-13 0)
(1.5 3.16355e-13 0)
(1.5 3.40369e-13 0)
(1.5 1.77954e-13 0)
(1.5 -5.56224e-14 0)
(1.5 -1.85977e-13 0)
(1.5 -2.73553e-13 0)
(1.5 -3.61311e-13 0)
(1.5 -3.04467e-13 0)
(1.5 -2.61704e-13 0)
(1.5 -3.04166e-13 0)
(1.5 -3.459e-13 0)
(1.5 -5.22837e-13 0)
(1.5 -5.66637e-13 0)
(1.5 -5.27121e-13 0)
(1.5 -5.28439e-13 0)
(1.5 -5.82404e-13 0)
(1.5 -6.12663e-13 0)
(1.5 -6.35124e-13 0)
(1.5 -5.51279e-13 0)
(1.5 -4.88295e-13 0)
(1.5 -4.8293e-13 0)
(1.5 -6.1628e-13 0)
(1.5 -5.54016e-13 0)
(1.5 -4.42462e-13 0)
(1.5 -2.43018e-13 0)
(1.5 -9.28247e-14 0)
(1.5 -2.56688e-14 0)
(1.5 6.62717e-14 0)
(1.5 1.42204e-13 0)
(1.5 2.19085e-13 0)
(1.5 2.03663e-13 0)
(1.5 1.22688e-13 0)
(1.5 -7.38963e-14 0)
(1.5 -2.29593e-13 0)
(1.5 -8.55515e-14 0)
(1.5 -1.34471e-13 0)
(1.5 -2.02026e-13 0)
(1.5 -2.70875e-13 0)
(1.5 -2.4973e-13 0)
(1.5 -2.08431e-13 0)
(1.5 5.7525e-14 0)
(1.5 2.04182e-13 0)
(1.5 2.41242e-13 0)
(1.5 2.88486e-13 0)
(1.5 3.62853e-13 0)
(1.5 3.66049e-13 0)
(1.5 3.24152e-13 0)
(1.5 3.13702e-13 0)
(1.5 3.01599e-13 0)
(1.5 2.26475e-13 0)
(1.5 2.09167e-13 0)
(1.5 1.02802e-13 0)
(1.5 -4.17578e-14 0)
(1.5 -5.93295e-14 0)
(1.5 -1.00387e-13 0)
(1.5 -1.26243e-13 0)
(1.5 -2.9969e-13 0)
(1.5 -3.07136e-13 0)
(1.5 -2.37044e-13 0)
(1.5 -1.94171e-13 0)
(1.5 -1.77477e-13 0)
(1.5 -2.56659e-13 0)
(1.5 -2.95109e-13 0)
(1.5 -2.75198e-13 0)
(1.5 -3.20379e-13 0)
(1.5 -3.76121e-13 0)
(1.5 -4.42501e-13 0)
(1.5 -3.56919e-13 0)
(1.5 -2.74139e-13 0)
(1.5 -2.66171e-13 0)
(1.5 -1.88504e-13 0)
(1.5 -8.41965e-14 0)
(1.5 -4.94296e-14 0)
(1.5 -2.81381e-14 0)
(1.5 1.78083e-14 0)
(1.5 -8.49375e-16 0)
(1.5 1.34313e-14 0)
(1.5 -5.27968e-14 0)
(1.5 -1.08023e-13 0)
(1.5 -7.38376e-14 0)
(1.5 4.70811e-15 0)
(1.5 7.70181e-14 0)
(1.5 1.44513e-13 0)
(1.5 1.03512e-13 0)
(1.5 5.92502e-14 0)
(1.5 3.8153e-14 0)
(1.5 4.39138e-14 0)
(1.5 9.95128e-14 0)
(1.5 9.01396e-14 0)
(1.5 7.36997e-14 0)
(1.5 1.14058e-14 0)
(1.5 1.16353e-14 0)
(1.5 -7.44784e-14 0)
(1.5 -5.58948e-14 0)
(1.5 -2.09896e-14 0)
(1.5 1.22703e-14 0)
(1.5 1.94672e-13 0)
(1.5 1.9963e-13 0)
(1.5 1.79167e-13 0)
(1.5 2.30476e-13 0)
(1.5 2.27318e-13 0)
(1.5 2.21844e-13 0)
(1.5 1.60477e-13 0)
(1.5 1.21323e-13 0)
(1.5 1.3423e-13 0)
(1.5 1.43084e-13 0)
(1.5 3.45517e-14 0)
(1.5 9.20714e-14 0)
(1.5 2.01109e-13 0)
(1.5 2.61147e-13 0)
(1.5 2.31065e-13 0)
(1.5 1.87922e-13 0)
(1.5 1.18002e-13 0)
(1.5 2.91764e-14 0)
(1.5 -1.06516e-13 0)
(1.5 -2.39522e-13 0)
(1.5 -3.8629e-13 0)
(1.5 -4.51638e-13 0)
(1.5 -4.24887e-13 0)
(1.5 -3.81731e-13 0)
(1.5 -4.2941e-13 0)
(1.5 -4.53321e-13 0)
(1.5 -4.5984e-13 0)
(1.5 -4.60884e-13 0)
(1.5 -5.0588e-13 0)
(1.5 -5.081e-13 0)
(1.5 -4.49383e-13 0)
(1.5 -3.72295e-13 0)
(1.5 -3.0152e-13 0)
(1.5 -2.81723e-13 0)
(1.5 -2.48011e-13 0)
(1.5 -2.6998e-13 0)
(1.5 -1.62278e-13 0)
(1.5 -7.15525e-14 0)
(1.5 -1.18355e-13 0)
(1.5 -1.29994e-13 0)
(1.5 -1.05207e-13 0)
(1.5 1.3235e-14 0)
(1.5 2.17283e-13 0)
(1.5 4.13859e-13 0)
(1.5 5.18422e-13 0)
(1.5 4.15337e-13 0)
(1.5 4.19413e-13 0)
(1.5 4.93594e-13 0)
(1.5 6.04236e-13 0)
(1.5 6.34885e-13 0)
(1.5 4.98521e-13 0)
(1.5 4.64516e-13 0)
(1.5 4.20354e-13 0)
(1.5 3.00286e-13 0)
(1.5 2.24301e-13 0)
(1.5 1.20786e-13 0)
(1.5 1.14639e-13 0)
(1.5 1.04531e-13 0)
(1.5 1.87005e-13 0)
(1.5 1.47001e-13 0)
(1.5 1.61411e-13 0)
(1.5 2.36349e-13 0)
(1.5 2.44243e-13 0)
(1.5 2.61965e-13 0)
(1.5 1.75259e-13 0)
(1.5 4.34211e-14 0)
(1.5 -9.11839e-14 0)
(1.5 -1.14199e-13 0)
(1.5 -1.31856e-13 0)
(1.5 -1.94864e-13 0)
(1.5 -1.10051e-13 0)
(1.5 6.87766e-14 0)
(1.5 1.34278e-13 0)
(1.5 1.46147e-13 0)
(1.5 1.52538e-13 0)
(1.5 4.12715e-14 0)
(1.5 -4.97697e-14 0)
(1.5 -1.1028e-13 0)
(1.5 -1.50689e-13 0)
(1.5 -1.39578e-13 0)
(1.5 -6.7298e-14 0)
(1.5 -1.4484e-14 0)
(1.5 8.54602e-14 0)
(1.5 4.82615e-14 0)
(1.5 1.99809e-14 0)
(1.5 5.92777e-14 0)
(1.5 8.06303e-15 0)
(1.5 -3.97497e-15 0)
(1.5 2.4759e-14 0)
(1.5 2.76555e-15 0)
(1.5 -8.77966e-14 0)
(1.5 -5.37219e-14 0)
(1.5 4.09737e-14 0)
(1.5 1.01917e-14 0)
(1.5 3.75914e-14 0)
(1.5 1.73767e-13 0)
(1.5 1.91784e-13 0)
(1.5 2.9634e-13 0)
(1.5 3.63754e-13 0)
(1.5 3.04887e-13 0)
(1.5 1.89333e-13 0)
(1.5 1.62069e-13 0)
(1.5 1.88005e-13 0)
(1.5 2.1116e-13 0)
(1.5 2.53801e-13 0)
(1.5 2.36267e-13 0)
(1.5 1.60102e-13 0)
(1.5 7.51437e-14 0)
(1.5 -3.38876e-14 0)
(1.5 -1.20611e-13 0)
(1.5 -2.03773e-13 0)
(1.5 -2.30995e-13 0)
(1.5 -2.35811e-13 0)
(1.5 -2.19224e-13 0)
(1.5 -2.30765e-13 0)
(1.5 -3.31112e-13 0)
(1.5 -4.05836e-13 0)
(1.5 -4.41234e-13 0)
(1.5 -5.06399e-13 0)
(1.5 -5.12614e-13 0)
(1.5 -5.02385e-13 0)
(1.5 -5.23878e-13 0)
(1.5 -4.14715e-13 0)
(1.5 -3.72614e-13 0)
(1.5 -4.01529e-13 0)
(1.5 -5.07554e-13 0)
(1.5 -4.61522e-13 0)
(1.5 -3.4809e-13 0)
(1.5 -2.31908e-13 0)
(1.5 -3.607e-14 0)
(1.5 9.38902e-14 0)
(1.5 1.80695e-13 0)
(1.5 3.03499e-13 0)
(1.5 3.23895e-13 0)
(1.5 2.52155e-13 0)
(1.5 1.82824e-13 0)
(1.5 6.84372e-14 0)
(1.5 -2.99504e-14 0)
(1.5 -5.41915e-14 0)
(1.5 -6.08508e-14 0)
(1.5 -1.5913e-13 0)
(1.5 -2.7613e-13 0)
(1.5 -2.74308e-13 0)
(1.5 -2.16871e-13 0)
(1.5 -3.63314e-14 0)
(1.5 8.95277e-14 0)
(1.5 1.81733e-13 0)
(1.5 1.93817e-13 0)
(1.5 2.17946e-13 0)
(1.5 2.20591e-13 0)
(1.5 2.72012e-13 0)
(1.5 2.37464e-13 0)
(1.5 2.10496e-13 0)
(1.5 1.90991e-13 0)
(1.5 1.8135e-13 0)
(1.5 1.44723e-13 0)
(1.5 1.07196e-13 0)
(1.5 3.83878e-14 0)
(1.5 -2.73702e-14 0)
(1.5 -1.05899e-13 0)
(1.5 -2.50067e-13 0)
(1.5 -2.96979e-13 0)
(1.5 -2.68286e-13 0)
(1.5 -2.7347e-13 0)
(1.5 -2.21612e-13 0)
(1.5 -2.77477e-13 0)
(1.5 -3.37714e-13 0)
(1.5 -2.9491e-13 0)
(1.5 -3.01302e-13 0)
(1.5 -2.81545e-13 0)
(1.5 -3.85816e-13 0)
(1.5 -3.37587e-13 0)
(1.5 -3.29192e-13 0)
(1.5 -2.83046e-13 0)
(1.5 -2.08132e-13 0)
(1.5 -1.17065e-13 0)
(1.5 -1.19426e-15 0)
(1.5 1.66926e-14 0)
(1.5 3.41694e-14 0)
(1.5 4.18145e-14 0)
(1.5 5.22732e-14 0)
(1.5 -6.95825e-15 0)
(1.5 -5.37331e-14 0)
(1.5 -2.24317e-14 0)
(1.5 1.89138e-14 0)
(1.5 8.44221e-14 0)
(1.5 1.45848e-13 0)
(1.5 1.75831e-13 0)
(1.5 1.36482e-13 0)
(1.5 1.25208e-13 0)
(1.5 1.09153e-13 0)
(1.5 8.02072e-14 0)
(1.5 3.93125e-14 0)
(1.5 7.61519e-14 0)
(1.5 9.30377e-14 0)
(1.5 4.47247e-14 0)
(1.5 2.38328e-14 0)
(1.5 2.51352e-14 0)
(1.5 3.66442e-14 0)
(1.5 8.18379e-14 0)
(1.5 2.38129e-13 0)
(1.5 2.98926e-13 0)
(1.5 3.1953e-13 0)
(1.5 3.73648e-13 0)
(1.5 3.58534e-13 0)
(1.5 2.77766e-13 0)
(1.5 2.57679e-13 0)
(1.5 1.75685e-13 0)
(1.5 1.01622e-13 0)
(1.5 8.97279e-14 0)
(1.5 2.49736e-14 0)
(1.5 1.32287e-14 0)
(1.5 5.92922e-14 0)
(1.5 1.00785e-13 0)
(1.5 1.16369e-13 0)
(1.5 1.25994e-13 0)
(1.5 6.46738e-14 0)
(1.5 -8.77347e-14 0)
(1.5 -2.72407e-13 0)
(1.5 -3.35939e-13 0)
(1.5 -4.64155e-13 0)
(1.5 -5.17383e-13 0)
(1.5 -4.73218e-13 0)
(1.5 -4.411e-13 0)
(1.5 -4.13344e-13 0)
(1.5 -3.15898e-13 0)
(1.5 -4.1502e-13 0)
(1.5 -5.45859e-13 0)
(1.5 -5.94373e-13 0)
(1.5 -5.69998e-13 0)
(1.5 -5.01056e-13 0)
(1.5 -4.23474e-13 0)
(1.5 -4.11055e-13 0)
(1.5 -3.06205e-13 0)
(1.5 -1.82264e-13 0)
(1.5 -9.15294e-14 0)
(1.5 5.33959e-14 0)
(1.5 1.17716e-13 0)
(1.5 1.54208e-13 0)
(1.5 1.9113e-13 0)
(1.5 1.63241e-13 0)
(1.5 2.5799e-13 0)
(1.5 3.96204e-13 0)
(1.5 5.07153e-13 0)
(1.5 3.86647e-13 0)
(1.5 2.84509e-13 0)
(1.5 3.65597e-13 0)
(1.5 4.2478e-13 0)
(1.5 5.43467e-13 0)
(1.5 6.13201e-13 0)
(1.5 5.68861e-13 0)
(1.5 4.86268e-13 0)
(1.5 4.29919e-13 0)
(1.5 3.33263e-13 0)
(1.5 2.45453e-13 0)
(1.5 1.39869e-13 0)
(1.5 1.7844e-13 0)
(1.5 1.37696e-13 0)
(1.5 1.35534e-13 0)
(1.5 1.18447e-13 0)
(1.5 1.45129e-13 0)
(1.5 2.79485e-13 0)
(1.5 4.54459e-13 0)
(1.5 4.5732e-13 0)
(1.5 3.94155e-13 0)
(1.5 2.65049e-13 0)
(1.5 1.0565e-13 0)
(1.5 -5.71721e-14 0)
(1.5 -1.61926e-13 0)
(1.5 -1.68733e-13 0)
(1.5 -6.27548e-14 0)
(1.5 5.31624e-14 0)
(1.5 4.23868e-14 0)
(1.5 4.57793e-14 0)
(1.5 7.17109e-14 0)
(1.5 7.62056e-14 0)
(1.5 2.37178e-14 0)
(1.5 -1.73246e-13 0)
(1.5 -2.63332e-13 0)
(1.5 -2.56945e-13 0)
(1.5 -1.9014e-13 0)
(1.5 -2.11028e-13 0)
(1.5 -1.31547e-13 0)
(1.5 -1.55108e-13 0)
(1.5 -1.6751e-13 0)
(1.5 -9.02597e-14 0)
(1.5 -8.69791e-14 0)
(1.5 -6.481e-14 0)
(1.5 -1.05886e-13 0)
(1.5 -1.86663e-13 0)
(1.5 -2.74198e-13 0)
(1.5 -3.57499e-13 0)
(1.5 -2.52484e-13 0)
(1.5 -1.65414e-13 0)
(1.5 -1.15046e-13 0)
(1.5 -5.06345e-14 0)
(1.5 -1.68828e-14 0)
(1.5 4.11231e-14 0)
(1.5 -5.57034e-15 0)
(1.5 -8.39811e-15 0)
(1.5 -8.19385e-15 0)
(1.5 1.15155e-13 0)
(1.5 1.97973e-13 0)
(1.5 2.07058e-13 0)
(1.5 1.469e-13 0)
(1.5 2.40879e-14 0)
(1.5 -5.65321e-15 0)
(1.5 3.48575e-15 0)
(1.5 -6.49158e-14 0)
(1.5 -1.19102e-13 0)
(1.5 -2.35766e-13 0)
(1.5 -3.46065e-13 0)
(1.5 -4.16517e-13 0)
(1.5 -4.23451e-13 0)
(1.5 -4.18647e-13 0)
(1.5 -4.82479e-13 0)
(1.5 -5.08604e-13 0)
(1.5 -5.41331e-13 0)
(1.5 -5.83765e-13 0)
(1.5 -5.88845e-13 0)
(1.5 -5.52839e-13 0)
(1.5 -5.98828e-13 0)
(1.5 -5.67673e-13 0)
(1.5 -5.53284e-13 0)
(1.5 -4.6496e-13 0)
(1.5 -4.32665e-13 0)
(1.5 -4.23034e-13 0)
(1.5 -2.84912e-13 0)
(1.5 -1.86153e-13 0)
(1.5 2.17215e-14 0)
(1.5 1.25344e-13 0)
(1.5 1.50935e-13 0)
(1.5 1.58687e-13 0)
(1.5 9.73593e-14 0)
(1.5 4.06679e-14 0)
(1.5 -4.93449e-14 0)
(1.5 -4.81277e-14 0)
(1.5 -5.83168e-14 0)
(1.5 2.66017e-14 0)
(1.5 7.32266e-14 0)
(1.5 3.29149e-14 0)
(1.5 -1.10257e-13 0)
(1.5 -1.3746e-13 0)
(1.5 -8.60377e-14 0)
(1.5 -2.42386e-14 0)
(1.5 -2.88094e-15 0)
(1.5 1.63904e-13 0)
(1.5 2.97271e-13 0)
(1.5 2.06812e-13 0)
(1.5 1.51519e-13 0)
(1.5 2.05183e-13 0)
(1.5 1.76347e-13 0)
(1.5 1.66172e-13 0)
(1.5 2.12251e-13 0)
(1.5 2.20999e-13 0)
(1.5 2.34639e-13 0)
(1.5 2.29515e-13 0)
(1.5 1.38951e-13 0)
(1.5 5.9068e-14 0)
(1.5 -7.41878e-14 0)
(1.5 -1.53197e-13 0)
(1.5 -2.61904e-13 0)
(1.5 -3.52064e-13 0)
(1.5 -3.61388e-13 0)
(1.5 -3.70091e-13 0)
(1.5 -3.02993e-13 0)
(1.5 -4.0515e-13 0)
(1.5 -4.10562e-13 0)
(1.5 -3.46995e-13 0)
(1.5 -2.32329e-13 0)
(1.5 -2.70832e-13 0)
(1.5 -2.99656e-13 0)
(1.5 -3.44852e-13 0)
(1.5 -3.27732e-13 0)
(1.5 -2.54967e-13 0)
(1.5 -1.81804e-13 0)
(1.5 -3.55191e-14 0)
(1.5 -1.30333e-14 0)
(1.5 -1.01534e-14 0)
(1.5 4.03597e-14 0)
(1.5 -2.78623e-14 0)
(1.5 -4.1063e-14 0)
(1.5 -4.58489e-14 0)
(1.5 1.31224e-14 0)
(1.5 3.84553e-14 0)
(1.5 8.08566e-14 0)
(1.5 1.6128e-13 0)
(1.5 1.40068e-13 0)
(1.5 8.2426e-14 0)
(1.5 1.05054e-13 0)
(1.5 7.25863e-14 0)
(1.5 -3.30843e-14 0)
(1.5 -1.59792e-14 0)
(1.5 9.57452e-15 0)
(1.5 7.72159e-14 0)
(1.5 -3.38513e-15 0)
(1.5 6.34883e-14 0)
(1.5 1.58889e-13 0)
(1.5 1.3784e-13 0)
(1.5 2.10809e-13 0)
(1.5 2.33432e-13 0)
(1.5 3.35728e-13 0)
(1.5 4.02123e-13 0)
(1.5 3.99385e-13 0)
(1.5 4.1432e-13 0)
(1.5 3.71138e-13 0)
(1.5 3.4166e-13 0)
(1.5 2.52617e-13 0)
(1.5 9.98421e-14 0)
(1.5 -3.76513e-14 0)
(1.5 -5.12811e-16 0)
(1.5 -5.41399e-14 0)
(1.5 -8.27788e-14 0)
(1.5 -7.64564e-14 0)
(1.5 -8.19875e-14 0)
(1.5 -3.58402e-14 0)
(1.5 -1.60147e-13 0)
(1.5 -2.7599e-13 0)
(1.5 -4.43583e-13 0)
(1.5 -5.03803e-13 0)
(1.5 -5.25518e-13 0)
(1.5 -5.17358e-13 0)
(1.5 -4.47236e-13 0)
(1.5 -4.22046e-13 0)
(1.5 -3.97685e-13 0)
(1.5 -3.41402e-13 0)
(1.5 -4.22901e-13 0)
(1.5 -5.64112e-13 0)
(1.5 -5.82856e-13 0)
(1.5 -5.52078e-13 0)
(1.5 -5.09436e-13 0)
(1.5 -4.2854e-13 0)
(1.5 -3.61533e-13 0)
(1.5 -2.18426e-13 0)
(1.5 -4.58304e-14 0)
(1.5 1.67203e-13 0)
(1.5 2.73876e-13 0)
(1.5 3.16985e-13 0)
(1.5 4.5135e-13 0)
(1.5 4.78231e-13 0)
(1.5 4.93866e-13 0)
(1.5 5.19199e-13 0)
(1.5 5.24625e-13 0)
(1.5 4.842e-13 0)
(1.5 3.53102e-13 0)
(1.5 3.61707e-13 0)
(1.5 4.35056e-13 0)
(1.5 4.90784e-13 0)
(1.5 4.63237e-13 0)
(1.5 5.0454e-13 0)
(1.5 5.67169e-13 0)
(1.5 5.58754e-13 0)
(1.5 4.13365e-13 0)
(1.5 3.16516e-13 0)
(1.5 3.54293e-13 0)
(1.5 3.08958e-13 0)
(1.5 2.75267e-13 0)
(1.5 1.694e-13 0)
(1.5 1.21241e-13 0)
(1.5 1.4348e-13 0)
(1.5 2.02195e-13 0)
(1.5 3.08908e-13 0)
(1.5 3.9706e-13 0)
(1.5 3.53015e-13 0)
(1.5 3.10953e-13 0)
(1.5 3.26525e-13 0)
(1.5 2.15113e-13 0)
(1.5 3.00266e-14 0)
(1.5 -1.33812e-13 0)
(1.5 -1.96569e-13 0)
(1.5 -2.16498e-13 0)
(1.5 -1.94504e-13 0)
(1.5 -1.53983e-13 0)
(1.5 -1.25366e-13 0)
(1.5 -6.41584e-14 0)
(1.5 -7.10451e-14 0)
(1.5 -1.02427e-13 0)
(1.5 -2.15833e-13 0)
(1.5 -2.55868e-13 0)
(1.5 -2.49841e-13 0)
(1.5 -2.7813e-13 0)
(1.5 -3.09695e-13 0)
(1.5 -3.03291e-13 0)
(1.5 -2.69167e-13 0)
(1.5 -2.05994e-13 0)
(1.5 -1.66266e-13 0)
(1.5 -1.41704e-13 0)
(1.5 -1.30042e-13 0)
(1.5 -2.59557e-13 0)
(1.5 -3.11052e-13 0)
(1.5 -3.6613e-13 0)
(1.5 -4.23018e-13 0)
(1.5 -3.98624e-13 0)
(1.5 -3.16659e-13 0)
(1.5 -2.60778e-13 0)
(1.5 -2.62531e-13 0)
(1.5 -2.18774e-13 0)
(1.5 -1.71902e-13 0)
(1.5 -1.34992e-13 0)
(1.5 -1.05166e-13 0)
(1.5 2.96254e-14 0)
(1.5 1.43462e-13 0)
(1.5 2.06116e-13 0)
(1.5 2.27905e-13 0)
(1.5 1.64359e-13 0)
(1.5 -5.06983e-14 0)
(1.5 -1.79658e-13 0)
(1.5 -2.5165e-13 0)
(1.5 -2.35265e-13 0)
(1.5 -2.32528e-13 0)
(1.5 -3.04162e-13 0)
(1.5 -3.85706e-13 0)
(1.5 -4.40933e-13 0)
(1.5 -4.94486e-13 0)
(1.5 -5.34867e-13 0)
(1.5 -6.33906e-13 0)
(1.5 -6.58276e-13 0)
(1.5 -6.28772e-13 0)
(1.5 -6.56267e-13 0)
(1.5 -6.8637e-13 0)
(1.5 -6.69529e-13 0)
(1.5 -6.02286e-13 0)
(1.5 -5.82079e-13 0)
(1.5 -5.76238e-13 0)
(1.5 -4.76552e-13 0)
(1.5 -3.86489e-13 0)
(1.5 -3.47236e-13 0)
(1.5 -2.05433e-13 0)
(1.5 -8.49544e-14 0)
(1.5 3.80966e-14 0)
(1.5 1.21388e-13 0)
(1.5 1.27036e-13 0)
(1.5 9.37455e-14 0)
(1.5 -1.9583e-14 0)
(1.5 -6.48113e-14 0)
(1.5 -9.85435e-14 0)
(1.5 -1.16023e-13 0)
(1.5 -1.08596e-13 0)
(1.5 1.43163e-14 0)
(1.5 1.90918e-14 0)
(1.5 7.52353e-14 0)
(1.5 -4.52858e-14 0)
(1.5 -1.08965e-13 0)
(1.5 -7.99403e-15 0)
(1.5 3.96086e-14 0)
(1.5 6.95113e-14 0)
(1.5 2.58284e-13 0)
(1.5 4.37567e-13 0)
(1.5 3.54404e-13 0)
(1.5 2.2916e-13 0)
(1.5 1.72147e-13 0)
(1.5 2.34901e-13 0)
(1.5 2.93488e-13 0)
(1.5 3.42742e-13 0)
(1.5 2.93143e-13 0)
(1.5 3.50666e-13 0)
(1.5 3.23801e-13 0)
(1.5 2.6417e-13 0)
(1.5 1.56858e-13 0)
(1.5 2.55269e-14 0)
(1.5 -4.45104e-14 0)
(1.5 -1.32014e-13 0)
(1.5 -2.43533e-13 0)
(1.5 -2.69358e-13 0)
(1.5 -3.43906e-13 0)
(1.5 -2.51104e-13 0)
(1.5 -2.78171e-13 0)
(1.5 -3.21569e-13 0)
(1.5 -2.57267e-13 0)
(1.5 -1.71179e-13 0)
(1.5 -1.59486e-13 0)
(1.5 -1.72361e-13 0)
(1.5 -2.18827e-13 0)
(1.5 -2.40412e-13 0)
(1.5 -1.84938e-13 0)
(1.5 -1.83375e-13 0)
(1.5 -1.19909e-13 0)
(1.5 -8.98227e-14 0)
(1.5 -1.30188e-14 0)
(1.5 6.80387e-14 0)
(1.5 4.37351e-15 0)
(1.5 1.6109e-14 0)
(1.5 -9.27288e-15 0)
(1.5 8.11626e-16 0)
(1.5 4.32905e-14 0)
(1.5 8.58591e-14 0)
(1.5 1.29137e-13 0)
(1.5 1.12134e-13 0)
(1.5 3.32494e-14 0)
(1.5 4.71437e-14 0)
(1.5 -2.54751e-14 0)
(1.5 -9.67189e-14 0)
(1.5 1.79513e-14 0)
(1.5 4.08773e-15 0)
(1.5 7.89379e-14 0)
(1.5 1.36312e-13 0)
(1.5 2.31504e-13 0)
(1.5 2.93065e-13 0)
(1.5 3.16605e-13 0)
(1.5 3.67915e-13 0)
(1.5 3.0553e-13 0)
(1.5 3.62609e-13 0)
(1.5 4.14109e-13 0)
(1.5 3.97396e-13 0)
(1.5 4.66098e-13 0)
(1.5 4.37455e-13 0)
(1.5 3.99323e-13 0)
(1.5 2.58909e-13 0)
(1.5 1.09713e-13 0)
(1.5 -3.65119e-14 0)
(1.5 3.72214e-14 0)
(1.5 -2.94858e-14 0)
(1.5 -4.8226e-14 0)
(1.5 -8.28624e-14 0)
(1.5 -1.54702e-13 0)
(1.5 -1.97592e-13 0)
(1.5 -2.9653e-13 0)
(1.5 -3.74396e-13 0)
(1.5 -4.6674e-13 0)
(1.5 -5.31811e-13 0)
(1.5 -4.83969e-13 0)
(1.5 -4.50564e-13 0)
(1.5 -3.85131e-13 0)
(1.5 -3.1539e-13 0)
(1.5 -3.44186e-13 0)
(1.5 -4.36492e-13 0)
(1.5 -4.62979e-13 0)
(1.5 -5.13653e-13 0)
(1.5 -4.87329e-13 0)
(1.5 -4.13548e-13 0)
(1.5 -3.52608e-13 0)
(1.5 -2.76087e-13 0)
(1.5 -1.82445e-13 0)
(1.5 -9.39075e-14 0)
(1.5 1.46108e-14 0)
(1.5 3.04152e-13 0)
(1.5 3.5315e-13 0)
(1.5 3.76434e-13 0)
(1.5 5.48582e-13 0)
(1.5 5.8811e-13 0)
(1.5 6.50668e-13 0)
(1.5 6.24355e-13 0)
(1.5 5.8024e-13 0)
(1.5 5.00761e-13 0)
(1.5 4.68632e-13 0)
(1.5 5.48587e-13 0)
(1.5 6.44182e-13 0)
(1.5 6.69385e-13 0)
(1.5 5.15641e-13 0)
(1.5 4.16973e-13 0)
(1.5 4.69982e-13 0)
(1.5 4.52536e-13 0)
(1.5 3.29827e-13 0)
(1.5 2.49434e-13 0)
(1.5 2.84732e-13 0)
(1.5 3.14977e-13 0)
(1.5 3.30399e-13 0)
(1.5 2.62477e-13 0)
(1.5 2.29033e-13 0)
(1.5 2.72579e-13 0)
(1.5 3.17097e-13 0)
(1.5 3.28559e-13 0)
(1.5 2.6063e-13 0)
(1.5 2.16683e-13 0)
(1.5 1.87342e-13 0)
(1.5 2.59461e-13 0)
(1.5 2.07255e-13 0)
(1.5 7.19939e-14 0)
(1.5 2.60356e-15 0)
(1.5 -2.10268e-13 0)
(1.5 -3.77262e-13 0)
(1.5 -3.94644e-13 0)
(1.5 -2.32178e-13 0)
(1.5 -1.9209e-13 0)
(1.5 -1.33541e-13 0)
(1.5 -1.72186e-13 0)
(1.5 -1.31684e-13 0)
(1.5 -5.77132e-14 0)
(1.5 -4.98816e-14 0)
(1.5 -1.83987e-13 0)
(1.5 -3.32035e-13 0)
(1.5 -2.85818e-13 0)
(1.5 -2.42092e-13 0)
(1.5 -1.09473e-13 0)
(1.5 -1.04233e-13 0)
(1.5 -1.86763e-13 0)
(1.5 -1.48955e-13 0)
(1.5 -2.02622e-13 0)
(1.5 -2.92591e-13 0)
(1.5 -2.49036e-13 0)
(1.5 -2.44262e-13 0)
(1.5 -3.31871e-13 0)
(1.5 -3.61484e-13 0)
(1.5 -2.9162e-13 0)
(1.5 -1.78951e-13 0)
(1.5 -2.0939e-13 0)
(1.5 -2.647e-13 0)
(1.5 -2.39108e-13 0)
(1.5 -1.16202e-13 0)
(1.5 -6.81182e-14 0)
(1.5 5.14999e-14 0)
(1.5 1.13385e-13 0)
(1.5 1.04449e-13 0)
(1.5 1.47139e-13 0)
(1.5 1.42373e-13 0)
(1.5 2.65176e-14 0)
(1.5 -1.4593e-13 0)
(1.5 -2.48203e-13 0)
(1.5 -2.49927e-13 0)
(1.5 -3.7434e-13 0)
(1.5 -4.18495e-13 0)
(1.5 -4.82891e-13 0)
(1.5 -4.5419e-13 0)
(1.5 -4.13308e-13 0)
(1.5 -4.81924e-13 0)
(1.5 -6.31005e-13 0)
(1.5 -7.75653e-13 0)
(1.5 -7.01689e-13 0)
(1.5 -6.22364e-13 0)
(1.5 -6.39756e-13 0)
(1.5 -6.54217e-13 0)
(1.5 -5.29404e-13 0)
(1.5 -4.74035e-13 0)
(1.5 -4.78658e-13 0)
(1.5 -4.74644e-13 0)
(1.5 -3.80201e-13 0)
(1.5 -3.31518e-13 0)
(1.5 -2.21293e-13 0)
(1.5 -9.71682e-14 0)
(1.5 3.39341e-15 0)
(1.5 5.98912e-15 0)
(1.5 -2.05432e-14 0)
(1.5 -4.251e-14 0)
(1.5 -7.1115e-14 0)
(1.5 -9.53333e-14 0)
(1.5 -1.33763e-13 0)
(1.5 -2.42306e-13 0)
(1.5 -2.37588e-13 0)
(1.5 -1.14139e-14 0)
(1.5 -1.47794e-14 0)
(1.5 2.93439e-14 0)
(1.5 1.74636e-14 0)
(1.5 2.69126e-14 0)
(1.5 3.26175e-14 0)
(1.5 3.92876e-16 0)
(1.5 1.01693e-13 0)
(1.5 2.36124e-13 0)
(1.5 4.09742e-13 0)
(1.5 4.29222e-13 0)
(1.5 3.3695e-13 0)
(1.5 2.42112e-13 0)
(1.5 2.46001e-13 0)
(1.5 2.94369e-13 0)
(1.5 2.9005e-13 0)
(1.5 2.8124e-13 0)
(1.5 3.10511e-13 0)
(1.5 2.73304e-13 0)
(1.5 2.463e-13 0)
(1.5 1.60766e-13 0)
(1.5 3.00448e-14 0)
(1.5 -3.44676e-14 0)
(1.5 -1.14673e-13 0)
(1.5 -2.24843e-13 0)
(1.5 -3.01222e-13 0)
(1.5 -3.41587e-13 0)
(1.5 -2.78676e-13 0)
(1.5 -2.24364e-13 0)
(1.5 -2.28973e-13 0)
(1.5 -2.48213e-13 0)
(1.5 -2.17602e-13 0)
(1.5 -1.62595e-13 0)
(1.5 -1.81237e-13 0)
(1.5 -2.08572e-13 0)
(1.5 -1.97663e-13 0)
(1.5 -1.68106e-13 0)
(1.5 -1.58007e-13 0)
(1.5 -1.68868e-13 0)
(1.5 -1.53037e-13 0)
(1.5 -7.04782e-14 0)
(1.5 1.3461e-14 0)
(1.5 1.6925e-14 0)
(1.5 1.02317e-14 0)
(1.5 3.72657e-14 0)
(1.5 7.12403e-14 0)
(1.5 9.79571e-14 0)
(1.5 1.00727e-13 0)
(1.5 5.57106e-14 0)
(1.5 7.12878e-14 0)
(1.5 1.9493e-14 0)
(1.5 -9.43246e-16 0)
(1.5 -8.13643e-14 0)
(1.5 -8.36676e-14 0)
(1.5 4.28404e-14 0)
(1.5 8.51274e-14 0)
(1.5 1.24455e-13 0)
(1.5 2.68956e-13 0)
(1.5 2.92628e-13 0)
(1.5 2.45261e-13 0)
(1.5 3.29161e-13 0)
(1.5 3.65764e-13 0)
(1.5 3.54145e-13 0)
(1.5 3.31399e-13 0)
(1.5 4.14998e-13 0)
(1.5 4.0291e-13 0)
(1.5 4.12921e-13 0)
(1.5 3.84662e-13 0)
(1.5 3.53614e-13 0)
(1.5 2.18534e-13 0)
(1.5 1.41084e-13 0)
(1.5 6.23102e-14 0)
(1.5 -7.00089e-15 0)
(1.5 -7.87831e-14 0)
(1.5 -1.52907e-13 0)
(1.5 -2.71494e-13 0)
(1.5 -3.18574e-13 0)
(1.5 -3.85756e-13 0)
(1.5 -3.62019e-13 0)
(1.5 -3.76107e-13 0)
(1.5 -4.04271e-13 0)
(1.5 -4.61873e-13 0)
(1.5 -4.37894e-13 0)
(1.5 -4.28779e-13 0)
(1.5 -4.2557e-13 0)
(1.5 -3.81051e-13 0)
(1.5 -3.80562e-13 0)
(1.5 -5.09072e-13 0)
(1.5 -5.09197e-13 0)
(1.5 -5.26048e-13 0)
(1.5 -5.00843e-13 0)
(1.5 -4.21285e-13 0)
(1.5 -3.17303e-13 0)
(1.5 -1.46566e-13 0)
(1.5 -1.31459e-14 0)
(1.5 1.02681e-13 0)
(1.5 2.29652e-13 0)
(1.5 4.18418e-13 0)
(1.5 4.65528e-13 0)
(1.5 4.21532e-13 0)
(1.5 5.11206e-13 0)
(1.5 6.28176e-13 0)
(1.5 6.7194e-13 0)
(1.5 6.16679e-13 0)
(1.5 5.47915e-13 0)
(1.5 4.97824e-13 0)
(1.5 5.42911e-13 0)
(1.5 6.57763e-13 0)
(1.5 7.76401e-13 0)
(1.5 7.55836e-13 0)
(1.5 5.78217e-13 0)
(1.5 4.05933e-13 0)
(1.5 3.13464e-13 0)
(1.5 2.61096e-13 0)
(1.5 2.33308e-13 0)
(1.5 1.6196e-13 0)
(1.5 1.63512e-13 0)
(1.5 2.78545e-13 0)
(1.5 4.1659e-13 0)
(1.5 4.24146e-13 0)
(1.5 3.68781e-13 0)
(1.5 4.68587e-13 0)
(1.5 5.31573e-13 0)
(1.5 4.29855e-13 0)
(1.5 2.79358e-13 0)
(1.5 1.70301e-13 0)
(1.5 1.54816e-13 0)
(1.5 1.17483e-13 0)
(1.5 4.32991e-14 0)
(1.5 1.32619e-14 0)
(1.5 1.09361e-14 0)
(1.5 -1.86175e-13 0)
(1.5 -3.24042e-13 0)
(1.5 -3.40007e-13 0)
(1.5 -2.18835e-13 0)
(1.5 -2.10808e-13 0)
(1.5 -1.97867e-13 0)
(1.5 -2.12302e-13 0)
(1.5 -1.7684e-13 0)
(1.5 -4.01179e-14 0)
(1.5 -1.1905e-17 0)
(1.5 -2.00174e-13 0)
(1.5 -3.2725e-13 0)
(1.5 -3.0514e-13 0)
(1.5 -1.80755e-13 0)
(1.5 -2.43596e-14 0)
(1.5 -5.0958e-14 0)
(1.5 -1.43274e-13 0)
(1.5 -2.32402e-13 0)
(1.5 -2.85812e-13 0)
(1.5 -2.76485e-13 0)
(1.5 -1.801e-13 0)
(1.5 -8.38102e-14 0)
(1.5 -1.3719e-13 0)
(1.5 -1.78267e-13 0)
(1.5 -1.95884e-13 0)
(1.5 -9.72766e-14 0)
(1.5 -4.18525e-14 0)
(1.5 -1.38143e-13 0)
(1.5 -1.04072e-13 0)
(1.5 -6.44893e-14 0)
(1.5 -4.80282e-14 0)
(1.5 6.25749e-14 0)
(1.5 1.18962e-13 0)
(1.5 8.89547e-14 0)
(1.5 8.54854e-14 0)
(1.5 3.77398e-14 0)
(1.5 2.53366e-14 0)
(1.5 -7.62152e-14 0)
(1.5 -1.52207e-13 0)
(1.5 -1.59487e-13 0)
(1.5 -2.82004e-13 0)
(1.5 -3.11573e-13 0)
(1.5 -3.29282e-13 0)
(1.5 -3.08262e-13 0)
(1.5 -2.86818e-13 0)
(1.5 -3.30777e-13 0)
(1.5 -4.72512e-13 0)
(1.5 -6.07549e-13 0)
(1.5 -5.97031e-13 0)
(1.5 -5.31716e-13 0)
(1.5 -4.64295e-13 0)
(1.5 -4.4824e-13 0)
(1.5 -4.2852e-13 0)
(1.5 -4.0603e-13 0)
(1.5 -3.49398e-13 0)
(1.5 -3.08671e-13 0)
(1.5 -2.22024e-13 0)
(1.5 -1.57973e-13 0)
(1.5 -1.05002e-13 0)
(1.5 -5.57535e-14 0)
(1.5 -2.9323e-14 0)
(1.5 -9.87019e-14 0)
(1.5 -1.42584e-13 0)
(1.5 -1.59487e-13 0)
(1.5 -1.64759e-13 0)
(1.5 -1.10018e-13 0)
(1.5 -2.07982e-13 0)
(1.5 -2.65964e-13 0)
(1.5 -2.81709e-13 0)
(1.5 -1.92371e-14 0)
(1.5 -4.0855e-14 0)
(1.5 -7.58814e-14 0)
(1.5 3.61299e-14 0)
(1.5 2.00058e-13 0)
(1.5 1.3557e-13 0)
(1.5 -4.57662e-15 0)
(1.5 6.98613e-14 0)
(1.5 1.46071e-14 0)
(1.5 8.76551e-14 0)
(1.5 1.80926e-13 0)
(1.5 2.30668e-13 0)
(1.5 2.78674e-13 0)
(1.5 2.42118e-13 0)
(1.5 2.33999e-13 0)
(1.5 1.83434e-13 0)
(1.5 2.43481e-13 0)
(1.5 2.32264e-13 0)
(1.5 1.946e-13 0)
(1.5 1.51242e-13 0)
(1.5 4.29347e-14 0)
(1.5 -6.18202e-14 0)
(1.5 -3.94439e-14 0)
(1.5 -1.20594e-13 0)
(1.5 -2.73051e-13 0)
(1.5 -3.8061e-13 0)
(1.5 -4.16036e-13 0)
(1.5 -4.05284e-13 0)
(1.5 -3.02027e-13 0)
(1.5 -2.60478e-13 0)
(1.5 -2.44008e-13 0)
(1.5 -2.65171e-13 0)
(1.5 -2.25856e-13 0)
(1.5 -2.76079e-13 0)
(1.5 -2.95339e-13 0)
(1.5 -2.69762e-13 0)
(1.5 -1.92039e-13 0)
(1.5 -1.1439e-13 0)
(1.5 -1.66497e-13 0)
(1.5 -1.87589e-13 0)
(1.5 -1.61064e-13 0)
(1.5 -1.43814e-13 0)
(1.5 -8.69723e-14 0)
(1.5 -1.26913e-13 0)
(1.5 -2.88015e-14 0)
(1.5 6.76986e-14 0)
(1.5 1.56704e-13 0)
(1.5 5.92807e-14 0)
(1.5 5.81413e-15 0)
(1.5 -5.97107e-14 0)
(1.5 -5.67395e-14 0)
(1.5 -2.92894e-14 0)
(1.5 -9.3675e-14 0)
(1.5 -4.01529e-14 0)
(1.5 3.71251e-14 0)
(1.5 1.73599e-13 0)
(1.5 1.42751e-13 0)
(1.5 2.56003e-13 0)
(1.5 1.79263e-13 0)
(1.5 1.1036e-13 0)
(1.5 2.29114e-13 0)
(1.5 2.53905e-13 0)
(1.5 3.16985e-13 0)
(1.5 3.03005e-13 0)
(1.5 3.8765e-13 0)
(1.5 3.48903e-13 0)
(1.5 2.60769e-13 0)
(1.5 2.6005e-13 0)
(1.5 2.10837e-13 0)
(1.5 1.74198e-13 0)
(1.5 7.64369e-14 0)
(1.5 -6.57065e-14 0)
(1.5 -2.22039e-13 0)
(1.5 -3.0323e-13 0)
(1.5 -4.5931e-13 0)
(1.5 -5.42749e-13 0)
(1.5 -5.44692e-13 0)
(1.5 -5.44408e-13 0)
(1.5 -5.03664e-13 0)
(1.5 -4.87682e-13 0)
(1.5 -4.66466e-13 0)
(1.5 -3.86486e-13 0)
(1.5 -3.91693e-13 0)
(1.5 -4.03626e-13 0)
(1.5 -4.4019e-13 0)
(1.5 -4.20671e-13 0)
(1.5 -4.28208e-13 0)
(1.5 -5.06344e-13 0)
(1.5 -5.22029e-13 0)
(1.5 -5.80562e-13 0)
(1.5 -5.88402e-13 0)
(1.5 -4.80472e-13 0)
(1.5 -2.24712e-13 0)
(1.5 6.16894e-14 0)
(1.5 2.12916e-13 0)
(1.5 3.96648e-13 0)
(1.5 5.43345e-13 0)
(1.5 6.04462e-13 0)
(1.5 7.41527e-13 0)
(1.5 6.6922e-13 0)
(1.5 5.78859e-13 0)
(1.5 6.63422e-13 0)
(1.5 6.43336e-13 0)
(1.5 5.7358e-13 0)
(1.5 4.65263e-13 0)
(1.5 4.48284e-13 0)
(1.5 4.86217e-13 0)
(1.5 6.58324e-13 0)
(1.5 7.14936e-13 0)
(1.5 7.01987e-13 0)
(1.5 6.22919e-13 0)
(1.5 4.54375e-13 0)
(1.5 2.26878e-13 0)
(1.5 2.12791e-13 0)
(1.5 2.56594e-13 0)
(1.5 2.47199e-13 0)
(1.5 2.11683e-13 0)
(1.5 3.91819e-13 0)
(1.5 5.0673e-13 0)
(1.5 5.71307e-13 0)
(1.5 5.02526e-13 0)
(1.5 5.46448e-13 0)
(1.5 6.01351e-13 0)
(1.5 4.64716e-13 0)
(1.5 3.36796e-13 0)
(1.5 2.2675e-13 0)
(1.5 2.06586e-13 0)
(1.5 1.02518e-13 0)
(1.5 3.55442e-14 0)
(1.5 1.16143e-13 0)
(1.5 3.09063e-14 0)
(1.5 1.81214e-16 0)
(1.5 -6.57145e-14 0)
(1.5 -1.59123e-13 0)
(1.5 -1.23904e-13 0)
(1.5 -8.55012e-14 0)
(1.5 -1.05822e-13 0)
(1.5 -9.70535e-14 0)
(1.5 -1.23811e-13 0)
(1.5 -6.70072e-14 0)
(1.5 -1.09895e-13 0)
(1.5 -1.9536e-13 0)
(1.5 -2.39676e-13 0)
(1.5 -2.17624e-13 0)
(1.5 -1.52573e-13 0)
(1.5 -1.03679e-13 0)
(1.5 -1.61858e-13 0)
(1.5 -1.8298e-13 0)
(1.5 -2.89776e-13 0)
(1.5 -3.16972e-13 0)
(1.5 -2.9539e-13 0)
(1.5 -3.23873e-13 0)
(1.5 -2.59848e-13 0)
(1.5 -1.70318e-13 0)
(1.5 -1.33082e-13 0)
(1.5 -2.12371e-13 0)
(1.5 -2.57193e-13 0)
(1.5 -1.98909e-13 0)
(1.5 -1.21792e-13 0)
(1.5 -7.73852e-14 0)
(1.5 -1.15849e-13 0)
(1.5 -1.4504e-13 0)
(1.5 -2.21614e-14 0)
(1.5 1.00499e-15 0)
(1.5 -6.09972e-15 0)
(1.5 -5.36366e-14 0)
(1.5 -9.92596e-14 0)
(1.5 -1.2212e-13 0)
(1.5 -1.22982e-13 0)
(1.5 -1.22926e-13 0)
(1.5 -1.05818e-13 0)
(1.5 -4.31467e-14 0)
(1.5 -5.77419e-14 0)
(1.5 -1.16509e-13 0)
(1.5 -2.50985e-13 0)
(1.5 -3.6338e-13 0)
(1.5 -3.63294e-13 0)
(1.5 -4.63832e-13 0)
(1.5 -4.75588e-13 0)
(1.5 -5.4898e-13 0)
(1.5 -5.96844e-13 0)
(1.5 -4.42405e-13 0)
(1.5 -2.53311e-13 0)
(1.5 -2.90191e-13 0)
(1.5 -3.71321e-13 0)
(1.5 -3.28345e-13 0)
(1.5 -2.55566e-13 0)
(1.5 -2.22725e-13 0)
(1.5 -1.44786e-13 0)
(1.5 -1.47389e-13 0)
(1.5 -7.28596e-14 0)
(1.5 -8.64381e-14 0)
(1.5 -1.16928e-13 0)
(1.5 -1.48255e-13 0)
(1.5 -1.42653e-13 0)
(1.5 -1.73174e-13 0)
(1.5 -1.83298e-13 0)
(1.5 -2.38796e-13 0)
(1.5 -1.7726e-13 0)
(1.5 -1.56376e-13 0)
(1.5 7.52523e-15 0)
(1.5 5.1425e-14 0)
(1.5 5.4835e-15 0)
(1.5 8.81986e-14 0)
(1.5 2.13399e-13 0)
(1.5 1.565e-13 0)
(1.5 -2.02962e-14 0)
(1.5 -1.5853e-14 0)
(1.5 -1.24108e-13 0)
(1.5 -9.64001e-14 0)
(1.5 -1.6642e-14 0)
(1.5 1.47113e-13 0)
(1.5 2.7825e-13 0)
(1.5 2.67838e-13 0)
(1.5 3.07507e-13 0)
(1.5 2.91271e-13 0)
(1.5 3.11925e-13 0)
(1.5 3.27647e-13 0)
(1.5 2.53306e-13 0)
(1.5 1.79932e-13 0)
(1.5 3.94904e-14 0)
(1.5 -5.54524e-14 0)
(1.5 5.33751e-15 0)
(1.5 -7.85783e-14 0)
(1.5 -1.89078e-13 0)
(1.5 -2.94201e-13 0)
(1.5 -3.51577e-13 0)
(1.5 -3.83016e-13 0)
(1.5 -3.00016e-13 0)
(1.5 -2.96577e-13 0)
(1.5 -1.57349e-13 0)
(1.5 -1.96642e-13 0)
(1.5 -2.81035e-13 0)
(1.5 -2.7762e-13 0)
(1.5 -3.1209e-13 0)
(1.5 -3.1155e-13 0)
(1.5 -2.74517e-13 0)
(1.5 -1.44401e-13 0)
(1.5 -1.5171e-13 0)
(1.5 -2.02463e-13 0)
(1.5 -2.16036e-13 0)
(1.5 -2.2543e-13 0)
(1.5 -1.69219e-13 0)
(1.5 -1.99552e-13 0)
(1.5 -1.27281e-13 0)
(1.5 -6.075e-14 0)
(1.5 7.89067e-14 0)
(1.5 -1.23329e-14 0)
(1.5 -7.5461e-14 0)
(1.5 -1.33229e-13 0)
(1.5 -1.13282e-13 0)
(1.5 -8.63005e-14 0)
(1.5 -9.02945e-14 0)
(1.5 4.37572e-14 0)
(1.5 1.40951e-13 0)
(1.5 2.81024e-13 0)
(1.5 2.02267e-13 0)
(1.5 2.31188e-13 0)
(1.5 1.30339e-13 0)
(1.5 6.91459e-14 0)
(1.5 1.65692e-13 0)
(1.5 2.05363e-13 0)
(1.5 3.48804e-13 0)
(1.5 3.65558e-13 0)
(1.5 3.65449e-13 0)
(1.5 3.46713e-13 0)
(1.5 2.40986e-13 0)
(1.5 1.98767e-13 0)
(1.5 1.66541e-13 0)
(1.5 1.79245e-13 0)
(1.5 1.9779e-15 0)
(1.5 -2.51308e-13 0)
(1.5 -3.43841e-13 0)
(1.5 -4.66912e-13 0)
(1.5 -6.23382e-13 0)
(1.5 -6.32274e-13 0)
(1.5 -6.66695e-13 0)
(1.5 -6.03533e-13 0)
(1.5 -5.76952e-13 0)
(1.5 -6.10462e-13 0)
(1.5 -5.67374e-13 0)
(1.5 -5.06274e-13 0)
(1.5 -4.54315e-13 0)
(1.5 -3.54656e-13 0)
(1.5 -3.93437e-13 0)
(1.5 -4.2231e-13 0)
(1.5 -4.83483e-13 0)
(1.5 -4.76187e-13 0)
(1.5 -5.06245e-13 0)
(1.5 -5.12905e-13 0)
(1.5 -5.2764e-13 0)
(1.5 -3.18778e-13 0)
(1.5 -5.74147e-14 0)
(1.5 1.4229e-13 0)
(1.5 2.55515e-13 0)
(1.5 4.29379e-13 0)
(1.5 6.0069e-13 0)
(1.5 6.60127e-13 0)
(1.5 8.65032e-13 0)
(1.5 8.65693e-13 0)
(1.5 7.43348e-13 0)
(1.5 7.35883e-13 0)
(1.5 7.17687e-13 0)
(1.5 6.19963e-13 0)
(1.5 5.23062e-13 0)
(1.5 5.5523e-13 0)
(1.5 5.28822e-13 0)
(1.5 6.40262e-13 0)
(1.5 6.90703e-13 0)
(1.5 7.49623e-13 0)
(1.5 6.51571e-13 0)
(1.5 4.37048e-13 0)
(1.5 2.57398e-13 0)
(1.5 2.94147e-13 0)
(1.5 3.48565e-13 0)
(1.5 4.26965e-13 0)
(1.5 4.81555e-13 0)
(1.5 6.09616e-13 0)
(1.5 6.34332e-13 0)
(1.5 6.39225e-13 0)
(1.5 5.52802e-13 0)
(1.5 4.84783e-13 0)
(1.5 4.88166e-13 0)
(1.5 4.37621e-13 0)
(1.5 4.10758e-13 0)
(1.5 3.59485e-13 0)
(1.5 3.26794e-13 0)
(1.5 2.18906e-13 0)
(1.5 1.28135e-13 0)
(1.5 1.67951e-13 0)
(1.5 6.25057e-14 0)
(1.5 1.50871e-13 0)
(1.5 1.03288e-13 0)
(1.5 -7.71822e-14 0)
(1.5 -1.73133e-13 0)
(1.5 -8.92837e-14 0)
(1.5 -5.70192e-14 0)
(1.5 2.50367e-14 0)
(1.5 -9.0084e-15 0)
(1.5 -1.01196e-13 0)
(1.5 -2.34624e-13 0)
(1.5 -2.23902e-13 0)
(1.5 -1.42383e-13 0)
(1.5 -6.94623e-14 0)
(1.5 -4.81565e-14 0)
(1.5 -1.50439e-13 0)
(1.5 -2.5456e-13 0)
(1.5 -3.17676e-13 0)
(1.5 -4.39549e-13 0)
(1.5 -4.95641e-13 0)
(1.5 -4.41065e-13 0)
(1.5 -4.67741e-13 0)
(1.5 -4.66033e-13 0)
(1.5 -3.29181e-13 0)
(1.5 -1.87198e-13 0)
(1.5 -2.23344e-13 0)
(1.5 -4.11044e-13 0)
(1.5 -4.60299e-13 0)
(1.5 -3.00137e-13 0)
(1.5 -2.48304e-13 0)
(1.5 -2.94439e-13 0)
(1.5 -2.79194e-13 0)
(1.5 -1.61426e-13 0)
(1.5 -1.35168e-13 0)
(1.5 -1.52757e-13 0)
(1.5 -2.79092e-13 0)
(1.5 -2.24711e-13 0)
(1.5 -1.79714e-13 0)
(1.5 -1.61837e-13 0)
(1.5 -1.5195e-13 0)
(1.5 -6.2383e-14 0)
(1.5 8.06877e-14 0)
(1.5 1.61911e-14 0)
(1.5 -9.5172e-14 0)
(1.5 -3.78816e-13 0)
(1.5 -5.35848e-13 0)
(1.5 -6.58345e-13 0)
(1.5 -6.77764e-13 0)
(1.5 -6.57759e-13 0)
(1.5 -7.79139e-13 0)
(1.5 -7.48756e-13 0)
(1.5 -6.00037e-13 0)
(1.5 -2.76722e-13 0)
(1.5 -2.28382e-13 0)
(1.5 -2.79181e-13 0)
(1.5 -2.55993e-13 0)
(1.5 -3.22025e-13 0)
(1.5 -3.18739e-13 0)
(1.5 -3.2649e-13 0)
(1.5 -3.60534e-13 0)
(1.5 -2.65057e-13 0)
(1.5 -2.63148e-13 0)
(1.5 -2.93347e-13 0)
(1.5 -3.30957e-13 0)
(1.5 -3.1542e-13 0)
(1.5 -2.81606e-13 0)
(1.5 -3.47383e-13 0)
(1.5 -2.9646e-13 0)
(1.5 -1.31495e-13 0)
(1.5 -9.08732e-14 0)
(1.5 9.79067e-14 0)
(1.5 2.40535e-13 0)
(1.5 2.1088e-13 0)
(1.5 1.96404e-13 0)
(1.5 1.65709e-13 0)
(1.5 1.10629e-13 0)
(1.5 2.65807e-14 0)
(1.5 -2.94002e-14 0)
(1.5 -8.0454e-14 0)
(1.5 -7.55068e-14 0)
(1.5 -8.0962e-14 0)
(1.5 1.63405e-13 0)
(1.5 2.41953e-13 0)
(1.5 2.59553e-13 0)
(1.5 3.2981e-13 0)
(1.5 3.98839e-13 0)
(1.5 4.35186e-13 0)
(1.5 4.19613e-13 0)
(1.5 3.08221e-13 0)
(1.5 2.21136e-13 0)
(1.5 1.84778e-14 0)
(1.5 -7.3602e-14 0)
(1.5 -1.47991e-14 0)
(1.5 -5.79775e-14 0)
(1.5 -1.49887e-13 0)
(1.5 -2.92226e-13 0)
(1.5 -3.51215e-13 0)
(1.5 -3.4915e-13 0)
(1.5 -3.11496e-13 0)
(1.5 -3.18499e-13 0)
(1.5 -2.2694e-13 0)
(1.5 -2.52031e-13 0)
(1.5 -3.71313e-13 0)
(1.5 -3.25043e-13 0)
(1.5 -2.91493e-13 0)
(1.5 -2.94192e-13 0)
(1.5 -3.34826e-13 0)
(1.5 -2.74329e-13 0)
(1.5 -2.81385e-13 0)
(1.5 -2.82361e-13 0)
(1.5 -2.9668e-13 0)
(1.5 -3.00759e-13 0)
(1.5 -3.63914e-13 0)
(1.5 -3.08401e-13 0)
(1.5 -2.55847e-13 0)
(1.5 -1.92168e-13 0)
(1.5 -1.12743e-13 0)
(1.5 -1.1278e-13 0)
(1.5 -1.61175e-13 0)
(1.5 -1.51e-13 0)
(1.5 -9.10428e-14 0)
(1.5 -1.15399e-13 0)
(1.5 -6.68419e-14 0)
(1.5 3.91564e-14 0)
(1.5 1.25379e-13 0)
(1.5 1.89818e-13 0)
(1.5 1.77155e-13 0)
(1.5 1.25468e-13 0)
(1.5 1.00059e-13 0)
(1.5 8.95298e-14 0)
(1.5 5.38188e-14 0)
(1.5 1.25448e-13 0)
(1.5 2.75503e-13 0)
(1.5 2.93173e-13 0)
(1.5 2.92059e-13 0)
(1.5 2.89463e-13 0)
(1.5 2.34253e-13 0)
(1.5 1.72323e-13 0)
(1.5 1.74309e-13 0)
(1.5 1.31334e-13 0)
(1.5 -2.30696e-14 0)
(1.5 -2.13607e-13 0)
(1.5 -2.99338e-13 0)
(1.5 -3.91334e-13 0)
(1.5 -5.2243e-13 0)
(1.5 -5.38163e-13 0)
(1.5 -6.49183e-13 0)
(1.5 -6.4147e-13 0)
(1.5 -6.54922e-13 0)
(1.5 -6.64191e-13 0)
(1.5 -5.64934e-13 0)
(1.5 -5.96854e-13 0)
(1.5 -5.15893e-13 0)
(1.5 -3.82695e-13 0)
(1.5 -3.81087e-13 0)
(1.5 -4.95163e-13 0)
(1.5 -5.72159e-13 0)
(1.5 -5.0777e-13 0)
(1.5 -4.15749e-13 0)
(1.5 -3.48955e-13 0)
(1.5 -3.27787e-13 0)
(1.5 -1.62537e-13 0)
(1.5 -2.61588e-14 0)
(1.5 8.79684e-14 0)
(1.5 2.42444e-13 0)
(1.5 3.37066e-13 0)
(1.5 5.57862e-13 0)
(1.5 6.31803e-13 0)
(1.5 7.57238e-13 0)
(1.5 7.97047e-13 0)
(1.5 6.89746e-13 0)
(1.5 6.59512e-13 0)
(1.5 6.50624e-13 0)
(1.5 5.87176e-13 0)
(1.5 5.48805e-13 0)
(1.5 5.21857e-13 0)
(1.5 5.53035e-13 0)
(1.5 5.74271e-13 0)
(1.5 6.8173e-13 0)
(1.5 6.45759e-13 0)
(1.5 4.53857e-13 0)
(1.5 2.65944e-13 0)
(1.5 1.82782e-13 0)
(1.5 2.17596e-13 0)
(1.5 3.94715e-13 0)
(1.5 5.77571e-13 0)
(1.5 7.52344e-13 0)
(1.5 6.69332e-13 0)
(1.5 6.51532e-13 0)
(1.5 5.80035e-13 0)
(1.5 4.50278e-13 0)
(1.5 3.01382e-13 0)
(1.5 1.99485e-13 0)
(1.5 3.28393e-13 0)
(1.5 3.57178e-13 0)
(1.5 3.43055e-13 0)
(1.5 3.36474e-13 0)
(1.5 1.90721e-13 0)
(1.5 1.3634e-13 0)
(1.5 5.45974e-14 0)
(1.5 -2.96408e-14 0)
(1.5 4.80941e-15 0)
(1.5 -1.58415e-14 0)
(1.5 -1.35055e-13 0)
(1.5 -3.30399e-13 0)
(1.5 -2.5946e-13 0)
(1.5 -1.54574e-13 0)
(1.5 -6.0498e-14 0)
(1.5 -1.05183e-13 0)
(1.5 -2.19636e-13 0)
(1.5 -3.24771e-13 0)
(1.5 -2.78363e-13 0)
(1.5 -1.36484e-13 0)
(1.5 -8.79395e-14 0)
(1.5 -9.49014e-14 0)
(1.5 -2.39885e-13 0)
(1.5 -2.87167e-13 0)
(1.5 -4.26469e-13 0)
(1.5 -5.17741e-13 0)
(1.5 -5.98132e-13 0)
(1.5 -5.56208e-13 0)
(1.5 -5.08801e-13 0)
(1.5 -4.09411e-13 0)
(1.5 -2.22785e-13 0)
(1.5 -9.07756e-14 0)
(1.5 -8.8862e-14 0)
(1.5 -3.09568e-13 0)
(1.5 -4.87559e-13 0)
(1.5 -4.83024e-13 0)
(1.5 -3.44103e-13 0)
(1.5 -2.9564e-13 0)
(1.5 -1.7465e-13 0)
(1.5 -1.49597e-13 0)
(1.5 -1.43149e-13 0)
(1.5 -1.79192e-13 0)
(1.5 -3.11538e-13 0)
(1.5 -2.80093e-13 0)
(1.5 -1.31945e-13 0)
(1.5 -8.97942e-14 0)
(1.5 -6.63196e-14 0)
(1.5 7.23153e-15 0)
(1.5 3.23094e-14 0)
(1.5 1.99118e-14 0)
(1.5 -9.35904e-14 0)
(1.5 -3.51089e-13 0)
(1.5 -4.37581e-13 0)
(1.5 -6.52543e-13 0)
(1.5 -6.45129e-13 0)
(1.5 -6.643e-13 0)
(1.5 -8.27021e-13 0)
(1.5 -7.37021e-13 0)
(1.5 -6.2082e-13 0)
(1.5 -3.57313e-13 0)
(1.5 -2.26401e-13 0)
(1.5 -1.39047e-13 0)
(1.5 -1.12498e-13 0)
(1.5 -2.2931e-13 0)
(1.5 -2.45733e-13 0)
(1.5 -3.70156e-13 0)
(1.5 -4.30902e-13 0)
(1.5 -4.04881e-13 0)
(1.5 -4.34246e-13 0)
(1.5 -4.00892e-13 0)
(1.5 -4.25195e-13 0)
(1.5 -3.7054e-13 0)
(1.5 -3.12965e-13 0)
(1.5 -3.6501e-13 0)
(1.5 -2.56375e-13 0)
(1.5 -6.37342e-14 0)
(1.5 -2.75978e-14 0)
(1.5 1.05765e-13 0)
(1.5 2.65125e-13 0)
(1.5 2.05273e-13 0)
(1.5 2.15747e-13 0)
(1.5 1.4242e-13 0)
(1.5 1.38769e-13 0)
(1.5 1.38089e-13 0)
(1.5 2.82473e-14 0)
(1.5 2.8384e-14 0)
(1.5 -6.61532e-14 0)
(1.5 -2.05743e-14 0)
(1.5 2.32039e-13 0)
(1.5 2.7564e-13 0)
(1.5 3.68231e-13 0)
(1.5 4.34074e-13 0)
(1.5 5.36457e-13 0)
(1.5 6.02332e-13 0)
(1.5 5.18212e-13 0)
(1.5 4.46284e-13 0)
(1.5 3.44409e-13 0)
(1.5 1.39228e-13 0)
(1.5 5.57142e-14 0)
(1.5 2.18183e-14 0)
(1.5 5.00636e-14 0)
(1.5 -6.93587e-15 0)
(1.5 -2.06016e-13 0)
(1.5 -3.01984e-13 0)
(1.5 -2.89472e-13 0)
(1.5 -3.03056e-13 0)
(1.5 -2.76143e-13 0)
(1.5 -2.76882e-13 0)
(1.5 -2.92834e-13 0)
(1.5 -3.20277e-13 0)
(1.5 -2.52354e-13 0)
(1.5 -1.84983e-13 0)
(1.5 -2.00394e-13 0)
(1.5 -2.58625e-13 0)
(1.5 -2.58834e-13 0)
(1.5 -3.08641e-13 0)
(1.5 -2.58206e-13 0)
(1.5 -2.36715e-13 0)
(1.5 -3.01748e-13 0)
(1.5 -3.3998e-13 0)
(1.5 -3.1423e-13 0)
(1.5 -2.40403e-13 0)
(1.5 -1.6523e-13 0)
(1.5 -1.39928e-13 0)
(1.5 -3.86158e-14 0)
(1.5 -3.56184e-15 0)
(1.5 4.55834e-14 0)
(1.5 1.6692e-13 0)
(1.5 1.46675e-13 0)
(1.5 1.68516e-13 0)
(1.5 1.61309e-13 0)
(1.5 1.68679e-13 0)
(1.5 1.42515e-13 0)
(1.5 2.52226e-13 0)
(1.5 2.16956e-13 0)
(1.5 2.46931e-13 0)
(1.5 2.58548e-13 0)
(1.5 1.60679e-13 0)
(1.5 1.85904e-13 0)
(1.5 2.41107e-13 0)
(1.5 2.03121e-13 0)
(1.5 2.0786e-13 0)
(1.5 3.0134e-13 0)
(1.5 3.74464e-13 0)
(1.5 2.81144e-13 0)
(1.5 2.35387e-13 0)
(1.5 1.74615e-13 0)
(1.5 8.18594e-14 0)
(1.5 -1.38422e-14 0)
(1.5 -1.13155e-13 0)
(1.5 -2.50996e-13 0)
(1.5 -3.54538e-13 0)
(1.5 -3.89091e-13 0)
(1.5 -4.68277e-13 0)
(1.5 -5.51068e-13 0)
(1.5 -5.70779e-13 0)
(1.5 -5.20005e-13 0)
(1.5 -4.41811e-13 0)
(1.5 -4.82829e-13 0)
(1.5 -4.19376e-13 0)
(1.5 -3.97601e-13 0)
(1.5 -4.17773e-13 0)
(1.5 -5.74811e-13 0)
(1.5 -5.97051e-13 0)
(1.5 -5.48069e-13 0)
(1.5 -3.23061e-13 0)
(1.5 -1.50879e-13 0)
(1.5 -3.26782e-14 0)
(1.5 5.4118e-14 0)
(1.5 7.62069e-14 0)
(1.5 1.50686e-13 0)
(1.5 2.44953e-13 0)
(1.5 3.1624e-13 0)
(1.5 5.67459e-13 0)
(1.5 6.58441e-13 0)
(1.5 6.64515e-13 0)
(1.5 6.92883e-13 0)
(1.5 6.32445e-13 0)
(1.5 5.87746e-13 0)
(1.5 5.76099e-13 0)
(1.5 5.61048e-13 0)
(1.5 5.68706e-13 0)
(1.5 5.00584e-13 0)
(1.5 6.1217e-13 0)
(1.5 6.00582e-13 0)
(1.5 6.71903e-13 0)
(1.5 5.41813e-13 0)
(1.5 3.87499e-13 0)
(1.5 2.46619e-13 0)
(1.5 2.56555e-13 0)
(1.5 1.66761e-13 0)
(1.5 3.24807e-13 0)
(1.5 5.04797e-13 0)
(1.5 5.59742e-13 0)
(1.5 4.33131e-13 0)
(1.5 4.65219e-13 0)
(1.5 4.8976e-13 0)
(1.5 3.72915e-13 0)
(1.5 2.15095e-13 0)
(1.5 1.11358e-13 0)
(1.5 2.09764e-13 0)
(1.5 2.44207e-13 0)
(1.5 2.06815e-13 0)
(1.5 1.65868e-13 0)
(1.5 6.29408e-14 0)
(1.5 5.92537e-14 0)
(1.5 -3.14285e-15 0)
(1.5 -2.4607e-14 0)
(1.5 -4.22271e-14 0)
(1.5 -7.12631e-14 0)
(1.5 -9.66738e-14 0)
(1.5 -2.87884e-13 0)
(1.5 -2.96814e-13 0)
(1.5 -2.60763e-13 0)
(1.5 -2.4105e-13 0)
(1.5 -2.10157e-13 0)
(1.5 -2.94997e-13 0)
(1.5 -3.484e-13 0)
(1.5 -3.65455e-13 0)
(1.5 -2.58608e-13 0)
(1.5 -2.15384e-13 0)
(1.5 -2.58884e-13 0)
(1.5 -3.01394e-13 0)
(1.5 -3.22736e-13 0)
(1.5 -4.52649e-13 0)
(1.5 -4.65032e-13 0)
(1.5 -5.65476e-13 0)
(1.5 -5.99434e-13 0)
(1.5 -6.04967e-13 0)
(1.5 -4.10378e-13 0)
(1.5 -2.78797e-13 0)
(1.5 -1.60742e-13 0)
(1.5 -4.41889e-14 0)
(1.5 -1.40355e-13 0)
(1.5 -3.11802e-13 0)
(1.5 -3.70083e-13 0)
(1.5 -2.24165e-13 0)
(1.5 -1.39602e-13 0)
(1.5 -5.35675e-14 0)
(1.5 -1.25108e-13 0)
(1.5 -2.37611e-13 0)
(1.5 -2.44174e-13 0)
(1.5 -2.76526e-13 0)
(1.5 -3.16264e-13 0)
(1.5 -1.29628e-13 0)
(1.5 -2.84717e-14 0)
(1.5 7.50482e-14 0)
(1.5 2.66599e-14 0)
(1.5 -3.52781e-14 0)
(1.5 -4.11418e-15 0)
(1.5 -8.46943e-14 0)
(1.5 -1.84186e-13 0)
(1.5 -2.87787e-13 0)
(1.5 -4.0423e-13 0)
(1.5 -4.56427e-13 0)
(1.5 -5.4758e-13 0)
(1.5 -6.0711e-13 0)
(1.5 -5.46531e-13 0)
(1.5 -4.33611e-13 0)
(1.5 -3.19435e-13 0)
(1.5 -2.19402e-13 0)
(1.5 -1.18464e-13 0)
(1.5 -9.17104e-14 0)
(1.5 -1.11204e-13 0)
(1.5 -2.01552e-13 0)
(1.5 -3.21062e-13 0)
(1.5 -3.16762e-13 0)
(1.5 -2.76271e-13 0)
(1.5 -3.93547e-13 0)
(1.5 -3.47307e-13 0)
(1.5 -3.55517e-13 0)
(1.5 -3.22778e-13 0)
(1.5 -2.9309e-13 0)
(1.5 -2.40257e-13 0)
(1.5 -9.92825e-14 0)
(1.5 -7.72892e-15 0)
(1.5 4.98733e-14 0)
(1.5 6.95883e-15 0)
(1.5 8.85292e-14 0)
(1.5 5.64032e-14 0)
(1.5 6.99322e-14 0)
(1.5 9.40826e-14 0)
(1.5 1.17682e-13 0)
(1.5 1.34268e-13 0)
(1.5 2.82858e-14 0)
(1.5 7.90893e-14 0)
(1.5 3.44738e-14 0)
(1.5 1.73148e-13 0)
(1.5 3.40505e-13 0)
(1.5 4.17852e-13 0)
(1.5 5.10791e-13 0)
(1.5 5.95602e-13 0)
(1.5 7.18476e-13 0)
(1.5 7.62614e-13 0)
(1.5 6.47947e-13 0)
(1.5 6.08661e-13 0)
(1.5 4.95953e-13 0)
(1.5 3.68235e-13 0)
(1.5 2.68927e-13 0)
(1.5 1.15122e-13 0)
(1.5 1.26204e-13 0)
(1.5 1.02685e-13 0)
(1.5 -7.47246e-14 0)
(1.5 -1.57865e-13 0)
(1.5 -2.03483e-13 0)
(1.5 -2.62764e-13 0)
(1.5 -2.99511e-13 0)
(1.5 -3.24886e-13 0)
(1.5 -2.80618e-13 0)
(1.5 -2.48496e-13 0)
(1.5 -1.55312e-13 0)
(1.5 -1.78064e-13 0)
(1.5 -2.46027e-13 0)
(1.5 -2.93214e-13 0)
(1.5 -2.42341e-13 0)
(1.5 -2.79831e-13 0)
(1.5 -2.06862e-13 0)
(1.5 -2.01683e-13 0)
(1.5 -2.61535e-13 0)
(1.5 -2.19801e-13 0)
(1.5 -1.73091e-13 0)
(1.5 -9.51919e-14 0)
(1.5 -1.89125e-14 0)
(1.5 1.0796e-14 0)
(1.5 1.31194e-13 0)
(1.5 2.12175e-13 0)
(1.5 2.7233e-13 0)
(1.5 3.5145e-13 0)
(1.5 3.88951e-13 0)
(1.5 3.65695e-13 0)
(1.5 3.32655e-13 0)
(1.5 2.751e-13 0)
(1.5 2.04389e-13 0)
(1.5 3.1691e-13 0)
(1.5 3.62476e-13 0)
(1.5 3.86027e-13 0)
(1.5 3.21999e-13 0)
(1.5 2.91114e-13 0)
(1.5 2.88019e-13 0)
(1.5 2.75859e-13 0)
(1.5 1.878e-13 0)
(1.5 1.79584e-13 0)
(1.5 3.20961e-13 0)
(1.5 4.06219e-13 0)
(1.5 2.90276e-13 0)
(1.5 2.01476e-13 0)
(1.5 1.90685e-13 0)
(1.5 2.033e-13 0)
(1.5 1.50633e-13 0)
(1.5 3.88038e-14 0)
(1.5 -8.93009e-14 0)
(1.5 -1.41734e-13 0)
(1.5 -2.84632e-13 0)
(1.5 -3.24776e-13 0)
(1.5 -4.38937e-13 0)
(1.5 -4.36564e-13 0)
(1.5 -3.63797e-13 0)
(1.5 -3.95248e-13 0)
(1.5 -4.17413e-13 0)
(1.5 -4.5808e-13 0)
(1.5 -4.34344e-13 0)
(1.5 -4.83727e-13 0)
(1.5 -6.23168e-13 0)
(1.5 -5.34993e-13 0)
(1.5 -4.99856e-13 0)
(1.5 -3.11988e-13 0)
(1.5 -1.41453e-13 0)
(1.5 -1.47465e-14 0)
(1.5 1.4382e-13 0)
(1.5 1.03874e-13 0)
(1.5 1.52659e-13 0)
(1.5 1.93472e-13 0)
(1.5 3.02403e-13 0)
(1.5 4.90601e-13 0)
(1.5 5.75865e-13 0)
(1.5 5.31543e-13 0)
(1.5 5.16527e-13 0)
(1.5 5.80654e-13 0)
(1.5 5.61206e-13 0)
(1.5 5.79094e-13 0)
(1.5 6.30104e-13 0)
(1.5 6.90415e-13 0)
(1.5 6.45583e-13 0)
(1.5 6.66375e-13 0)
(1.5 6.59085e-13 0)
(1.5 6.13927e-13 0)
(1.5 5.27596e-13 0)
(1.5 3.85121e-13 0)
(1.5 2.61482e-13 0)
(1.5 2.83539e-13 0)
(1.5 2.36104e-13 0)
(1.5 2.92815e-13 0)
(1.5 2.89331e-13 0)
(1.5 1.82403e-13 0)
(1.5 1.66815e-13 0)
(1.5 2.00693e-13 0)
(1.5 3.38637e-13 0)
(1.5 3.20829e-13 0)
(1.5 2.1471e-13 0)
(1.5 1.48906e-13 0)
(1.5 1.12717e-13 0)
(1.5 1.27948e-13 0)
(1.5 7.6102e-14 0)
(1.5 5.64722e-14 0)
(1.5 8.07061e-14 0)
(1.5 3.29638e-14 0)
(1.5 -3.77195e-15 0)
(1.5 2.54751e-14 0)
(1.5 5.41844e-15 0)
(1.5 2.40531e-15 0)
(1.5 -1.82793e-14 0)
(1.5 -1.89552e-13 0)
(1.5 -2.99236e-13 0)
(1.5 -3.54088e-13 0)
(1.5 -3.14173e-13 0)
(1.5 -2.00632e-13 0)
(1.5 -2.69058e-13 0)
(1.5 -2.96027e-13 0)
(1.5 -3.65783e-13 0)
(1.5 -2.55045e-13 0)
(1.5 -2.53441e-13 0)
(1.5 -3.46708e-13 0)
(1.5 -3.78838e-13 0)
(1.5 -4.34307e-13 0)
(1.5 -4.36495e-13 0)
(1.5 -4.45267e-13 0)
(1.5 -4.87124e-13 0)
(1.5 -5.19751e-13 0)
(1.5 -5.28584e-13 0)
(1.5 -4.46751e-13 0)
(1.5 -4.45009e-13 0)
(1.5 -3.84114e-13 0)
(1.5 -1.93759e-13 0)
(1.5 -8.83572e-14 0)
(1.5 -6.62384e-14 0)
(1.5 -3.07018e-14 0)
(1.5 1.44168e-14 0)
(1.5 6.63195e-14 0)
(1.5 4.58161e-14 0)
(1.5 -4.42171e-14 0)
(1.5 -1.7857e-13 0)
(1.5 -2.17054e-13 0)
(1.5 -1.93954e-13 0)
(1.5 -2.46397e-13 0)
(1.5 -1.57204e-13 0)
(1.5 -6.71345e-14 0)
(1.5 5.31579e-14 0)
(1.5 -8.8863e-15 0)
(1.5 -7.10402e-15 0)
(1.5 -4.96384e-14 0)
(1.5 -8.41936e-14 0)
(1.5 -2.05564e-14 0)
(1.5 -1.31042e-13 0)
(1.5 -1.86649e-13 0)
(1.5 -2.92373e-13 0)
(1.5 -4.37379e-13 0)
(1.5 -3.42669e-13 0)
(1.5 -3.19561e-13 0)
(1.5 -2.1546e-13 0)
(1.5 -1.94221e-13 0)
(1.5 -1.4067e-13 0)
(1.5 -1.02514e-13 0)
(1.5 -1.23523e-13 0)
(1.5 -9.51482e-14 0)
(1.5 -1.7042e-13 0)
(1.5 -2.29711e-13 0)
(1.5 -2.16978e-13 0)
(1.5 -1.88608e-13 0)
(1.5 -3.36121e-13 0)
(1.5 -3.52595e-13 0)
(1.5 -3.34729e-13 0)
(1.5 -3.37678e-13 0)
(1.5 -2.0577e-13 0)
(1.5 -7.24778e-14 0)
(1.5 4.07335e-15 0)
(1.5 -6.95716e-15 0)
(1.5 4.87563e-14 0)
(1.5 -6.62581e-14 0)
(1.5 -7.26765e-14 0)
(1.5 1.45473e-14 0)
(1.5 -4.61959e-14 0)
(1.5 5.22984e-15 0)
(1.5 7.80892e-14 0)
(1.5 9.18599e-14 0)
(1.5 4.47849e-14 0)
(1.5 5.48732e-14 0)
(1.5 1.64554e-13 0)
(1.5 3.27973e-13 0)
(1.5 4.62414e-13 0)
(1.5 5.67409e-13 0)
(1.5 6.21954e-13 0)
(1.5 6.8052e-13 0)
(1.5 8.12268e-13 0)
(1.5 8.57957e-13 0)
(1.5 7.51803e-13 0)
(1.5 6.8402e-13 0)
(1.5 5.74812e-13 0)
(1.5 5.27753e-13 0)
(1.5 4.77951e-13 0)
(1.5 2.82054e-13 0)
(1.5 2.45805e-13 0)
(1.5 1.5072e-13 0)
(1.5 2.93709e-14 0)
(1.5 -7.13492e-14 0)
(1.5 -1.28736e-13 0)
(1.5 -2.06446e-13 0)
(1.5 -3.14402e-13 0)
(1.5 -3.91042e-13 0)
(1.5 -3.05578e-13 0)
(1.5 -2.1246e-13 0)
(1.5 -1.76572e-13 0)
(1.5 -2.73565e-13 0)
(1.5 -3.27039e-13 0)
(1.5 -3.25203e-13 0)
(1.5 -3.23397e-13 0)
(1.5 -3.33306e-13 0)
(1.5 -2.42574e-13 0)
(1.5 -1.84692e-13 0)
(1.5 -1.29806e-13 0)
(1.5 -6.42685e-14 0)
(1.5 1.07623e-13 0)
(1.5 1.22684e-13 0)
(1.5 1.51915e-13 0)
(1.5 1.55639e-13 0)
(1.5 1.72394e-13 0)
(1.5 2.6807e-13 0)
(1.5 3.30641e-13 0)
(1.5 3.39031e-13 0)
(1.5 4.11955e-13 0)
(1.5 4.47342e-13 0)
(1.5 4.04123e-13 0)
(1.5 2.74141e-13 0)
(1.5 3.03761e-13 0)
(1.5 3.31566e-13 0)
(1.5 3.57189e-13 0)
(1.5 3.44299e-13 0)
(1.5 2.92802e-13 0)
(1.5 3.20509e-13 0)
(1.5 2.98354e-13 0)
(1.5 2.7089e-13 0)
(1.5 2.55343e-13 0)
(1.5 2.34668e-13 0)
(1.5 2.47751e-13 0)
(1.5 2.93181e-13 0)
(1.5 2.4697e-13 0)
(1.5 1.63999e-13 0)
(1.5 1.58148e-13 0)
(1.5 1.74276e-13 0)
(1.5 1.28693e-13 0)
(1.5 4.29224e-14 0)
(1.5 -4.10402e-14 0)
(1.5 -1.40259e-13 0)
(1.5 -3.24432e-13 0)
(1.5 -3.89355e-13 0)
(1.5 -3.91677e-13 0)
(1.5 -3.29596e-13 0)
(1.5 -3.24568e-13 0)
(1.5 -4.37405e-13 0)
(1.5 -4.88768e-13 0)
(1.5 -6.35269e-13 0)
(1.5 -6.07957e-13 0)
(1.5 -5.92957e-13 0)
(1.5 -6.25235e-13 0)
(1.5 -5.16659e-13 0)
(1.5 -3.37228e-13 0)
(1.5 -2.68451e-13 0)
(1.5 -2.34984e-13 0)
(1.5 -1.59967e-13 0)
(1.5 7.91677e-14 0)
(1.5 8.40893e-14 0)
(1.5 1.72222e-13 0)
(1.5 2.38101e-13 0)
(1.5 2.59751e-13 0)
(1.5 3.58851e-13 0)
(1.5 4.15655e-13 0)
(1.5 3.7069e-13 0)
(1.5 2.86912e-13 0)
(1.5 4.0468e-13 0)
(1.5 5.11033e-13 0)
(1.5 5.87375e-13 0)
(1.5 6.8676e-13 0)
(1.5 6.7539e-13 0)
(1.5 6.09677e-13 0)
(1.5 5.34092e-13 0)
(1.5 4.58803e-13 0)
(1.5 3.5238e-13 0)
(1.5 2.38126e-13 0)
(1.5 1.81502e-13 0)
(1.5 2.05719e-13 0)
(1.5 1.80693e-13 0)
(1.5 2.21121e-13 0)
(1.5 1.93332e-13 0)
(1.5 1.46997e-13 0)
(1.5 -2.9459e-14 0)
(1.5 -6.12512e-14 0)
(1.5 -8.24755e-15 0)
(1.5 1.18342e-13 0)
(1.5 8.82127e-14 0)
(1.5 5.95681e-14 0)
(1.5 2.68583e-14 0)
(1.5 -1.9168e-14 0)
(1.5 3.06111e-15 0)
(1.5 4.01818e-14 0)
(1.5 6.68073e-14 0)
(1.5 1.66711e-13 0)
(1.5 8.0994e-14 0)
(1.5 -2.11899e-15 0)
(1.5 -2.71477e-15 0)
(1.5 3.36516e-14 0)
(1.5 6.22197e-14 0)
(1.5 -1.94317e-14 0)
(1.5 -1.30332e-13 0)
(1.5 -2.94541e-13 0)
(1.5 -3.80363e-13 0)
(1.5 -3.33492e-13 0)
(1.5 -2.38451e-13 0)
(1.5 -2.2397e-13 0)
(1.5 -2.62877e-13 0)
(1.5 -2.94181e-13 0)
(1.5 -2.24608e-13 0)
(1.5 -2.61535e-13 0)
(1.5 -3.93204e-13 0)
(1.5 -5.33879e-13 0)
(1.5 -5.27862e-13 0)
(1.5 -3.65853e-13 0)
(1.5 -2.86245e-13 0)
(1.5 -1.9212e-13 0)
(1.5 -2.80911e-13 0)
(1.5 -3.06596e-13 0)
(1.5 -3.85969e-13 0)
(1.5 -4.93478e-13 0)
(1.5 -5.52946e-13 0)
(1.5 -4.05483e-13 0)
(1.5 -1.54656e-13 0)
(1.5 9.83091e-15 0)
(1.5 1.35829e-13 0)
(1.5 1.48178e-13 0)
(1.5 1.21001e-13 0)
(1.5 2.42401e-14 0)
(1.5 -4.12506e-14 0)
(1.5 -7.61312e-14 0)
(1.5 -9.52352e-14 0)
(1.5 -3.8108e-14 0)
(1.5 -8.36742e-14 0)
(1.5 -1.19472e-13 0)
(1.5 -9.41786e-14 0)
(1.5 -7.48123e-14 0)
(1.5 -1.43098e-13 0)
(1.5 -1.40916e-13 0)
(1.5 -1.29106e-13 0)
(1.5 -1.27777e-13 0)
(1.5 -1.08698e-13 0)
(1.5 -1.81581e-13 0)
(1.5 -2.12535e-13 0)
(1.5 -2.3954e-13 0)
(1.5 -2.60737e-13 0)
(1.5 -9.9775e-14 0)
(1.5 -1.37464e-13 0)
(1.5 -1.50498e-13 0)
(1.5 -1.40523e-13 0)
(1.5 -9.62833e-14 0)
(1.5 -1.16948e-13 0)
(1.5 -1.75503e-13 0)
(1.5 -1.60531e-13 0)
(1.5 -1.50799e-13 0)
(1.5 -1.23728e-13 0)
(1.5 -1.68754e-13 0)
(1.5 -2.92641e-13 0)
(1.5 -3.12705e-13 0)
(1.5 -2.45309e-13 0)
(1.5 -1.52817e-13 0)
(1.5 -1.53513e-13 0)
(1.5 2.88978e-14 0)
(1.5 5.04592e-14 0)
(1.5 -1.57864e-14 0)
(1.5 -1.43306e-13 0)
(1.5 -1.33591e-13 0)
(1.5 -1.06626e-14 0)
(1.5 -6.04956e-14 0)
(1.5 4.50101e-15 0)
(1.5 -9.163e-14 0)
(1.5 -1.37834e-13 0)
(1.5 -6.01197e-14 0)
(1.5 1.4921e-14 0)
(1.5 8.60212e-14 0)
(1.5 1.35736e-13 0)
(1.5 3.32819e-13 0)
(1.5 5.42785e-13 0)
(1.5 5.848e-13 0)
(1.5 6.36038e-13 0)
(1.5 7.27537e-13 0)
(1.5 6.83628e-13 0)
(1.5 7.14801e-13 0)
(1.5 8.08538e-13 0)
(1.5 7.58448e-13 0)
(1.5 7.30504e-13 0)
(1.5 6.52304e-13 0)
(1.5 6.4556e-13 0)
(1.5 6.15884e-13 0)
(1.5 4.15352e-13 0)
(1.5 3.57225e-13 0)
(1.5 2.16421e-13 0)
(1.5 1.24111e-13 0)
(1.5 -4.90239e-14 0)
(1.5 -6.94513e-14 0)
(1.5 -1.57934e-13 0)
(1.5 -2.71374e-13 0)
(1.5 -4.1912e-13 0)
(1.5 -3.31899e-13 0)
(1.5 -1.93554e-13 0)
(1.5 -1.90355e-13 0)
(1.5 -2.05782e-13 0)
(1.5 -2.88659e-13 0)
(1.5 -2.83756e-13 0)
(1.5 -3.12941e-13 0)
(1.5 -3.11007e-13 0)
(1.5 -3.17246e-13 0)
(1.5 -1.8999e-13 0)
(1.5 1.41428e-14 0)
(1.5 1.63463e-13 0)
(1.5 2.93311e-13 0)
(1.5 3.01094e-13 0)
(1.5 2.43624e-13 0)
(1.5 1.76914e-13 0)
(1.5 1.3771e-13 0)
(1.5 2.07159e-13 0)
(1.5 2.54561e-13 0)
(1.5 2.26224e-13 0)
(1.5 2.68274e-13 0)
(1.5 4.07361e-13 0)
(1.5 3.47352e-13 0)
(1.5 2.76496e-13 0)
(1.5 3.09608e-13 0)
(1.5 3.1305e-13 0)
(1.5 2.57441e-13 0)
(1.5 2.60124e-13 0)
(1.5 3.21631e-13 0)
(1.5 3.29067e-13 0)
(1.5 2.59622e-13 0)
(1.5 2.64127e-13 0)
(1.5 3.44496e-13 0)
(1.5 2.97994e-13 0)
(1.5 1.8962e-13 0)
(1.5 1.89825e-13 0)
(1.5 2.06473e-13 0)
(1.5 2.04239e-13 0)
(1.5 1.70892e-13 0)
(1.5 1.06242e-13 0)
(1.5 2.70558e-14 0)
(1.5 -1.04769e-15 0)
(1.5 -1.39794e-13 0)
(1.5 -2.47351e-13 0)
(1.5 -3.43828e-13 0)
(1.5 -4.38392e-13 0)
(1.5 -3.5639e-13 0)
(1.5 -2.47099e-13 0)
(1.5 -3.214e-13 0)
(1.5 -4.48767e-13 0)
(1.5 -5.75571e-13 0)
(1.5 -7.1707e-13 0)
(1.5 -7.01939e-13 0)
(1.5 -6.11028e-13 0)
(1.5 -5.64771e-13 0)
(1.5 -5.18605e-13 0)
(1.5 -3.00438e-13 0)
(1.5 -2.78946e-13 0)
(1.5 -2.43861e-13 0)
(1.5 -1.49757e-13 0)
(1.5 4.39486e-14 0)
(1.5 7.63221e-14 0)
(1.5 1.29117e-13 0)
(1.5 1.43525e-13 0)
(1.5 1.79429e-13 0)
(1.5 3.19834e-13 0)
(1.5 3.48052e-13 0)
(1.5 3.4328e-13 0)
(1.5 3.49944e-13 0)
(1.5 4.32279e-13 0)
(1.5 5.15141e-13 0)
(1.5 5.68079e-13 0)
(1.5 5.69584e-13 0)
(1.5 5.25219e-13 0)
(1.5 4.38728e-13 0)
(1.5 3.57289e-13 0)
(1.5 2.75923e-13 0)
(1.5 2.07536e-13 0)
(1.5 6.07778e-14 0)
(1.5 1.24014e-13 0)
(1.5 2.5694e-13 0)
(1.5 2.23507e-13 0)
(1.5 2.13908e-13 0)
(1.5 8.50469e-14 0)
(1.5 9.17751e-14 0)
(1.5 -6.7298e-14 0)
(1.5 -9.66443e-14 0)
(1.5 7.64925e-15 0)
(1.5 5.72305e-14 0)
(1.5 4.61889e-14 0)
(1.5 2.71421e-14 0)
(1.5 5.79624e-15 0)
(1.5 -3.56092e-14 0)
(1.5 -4.02771e-14 0)
(1.5 5.56878e-14 0)
(1.5 7.3186e-14 0)
(1.5 1.55317e-13 0)
(1.5 9.22845e-14 0)
(1.5 1.16943e-14 0)
(1.5 -1.30824e-14 0)
(1.5 8.10353e-14 0)
(1.5 8.48395e-14 0)
(1.5 -3.40784e-14 0)
(1.5 -8.74756e-14 0)
(1.5 -1.9671e-13 0)
(1.5 -2.6398e-13 0)
(1.5 -2.75223e-13 0)
(1.5 -2.60409e-13 0)
(1.5 -2.21779e-13 0)
(1.5 -3.12726e-13 0)
(1.5 -2.79402e-13 0)
(1.5 -2.92407e-13 0)
(1.5 -3.07404e-13 0)
(1.5 -4.4746e-13 0)
(1.5 -5.37274e-13 0)
(1.5 -4.89388e-13 0)
(1.5 -2.62925e-13 0)
(1.5 -1.52798e-13 0)
(1.5 -4.83047e-14 0)
(1.5 -1.42176e-13 0)
(1.5 -2.08534e-13 0)
(1.5 -3.11182e-13 0)
(1.5 -4.53542e-13 0)
(1.5 -4.50151e-13 0)
(1.5 -3.64091e-13 0)
(1.5 -1.17643e-13 0)
(1.5 5.70766e-14 0)
(1.5 2.20839e-13 0)
(1.5 1.67243e-13 0)
(1.5 1.35355e-13 0)
(1.5 -6.05e-15 0)
(1.5 -8.21753e-14 0)
(1.5 -1.03432e-13 0)
(1.5 -8.39693e-14 0)
(1.5 1.62837e-15 0)
(1.5 9.89367e-15 0)
(1.5 2.11956e-14 0)
(1.5 4.03501e-14 0)
(1.5 -2.35494e-14 0)
(1.5 -1.11868e-13 0)
(1.5 -1.27941e-13 0)
(1.5 -8.98152e-14 0)
(1.5 -1.37318e-13 0)
(1.5 -1.98681e-13 0)
(1.5 -2.61146e-13 0)
(1.5 -2.69939e-13 0)
(1.5 -2.24237e-13 0)
(1.5 -1.28182e-13 0)
(1.5 3.02221e-15 0)
(1.5 -3.93092e-14 0)
(1.5 -1.58994e-13 0)
(1.5 -1.34164e-13 0)
(1.5 -3.64233e-14 0)
(1.5 -1.01401e-13 0)
(1.5 -1.23872e-13 0)
(1.5 -1.51928e-13 0)
(1.5 -1.7074e-13 0)
(1.5 -7.26691e-14 0)
(1.5 -1.16872e-13 0)
(1.5 -3.07924e-13 0)
(1.5 -2.36147e-13 0)
(1.5 -1.1884e-13 0)
(1.5 2.27167e-14 0)
(1.5 -6.25012e-15 0)
(1.5 4.66044e-14 0)
(1.5 2.91963e-14 0)
(1.5 -1.01223e-13 0)
(1.5 -2.31229e-13 0)
(1.5 -3.00368e-13 0)
(1.5 -2.43651e-14 0)
(1.5 -1.29605e-13 0)
(1.5 -1.84855e-13 0)
(1.5 -2.41207e-13 0)
(1.5 -2.35336e-13 0)
(1.5 -1.48121e-13 0)
(1.5 4.03358e-15 0)
(1.5 1.60321e-13 0)
(1.5 2.71751e-13 0)
(1.5 3.80113e-13 0)
(1.5 5.54029e-13 0)
(1.5 5.29015e-13 0)
(1.5 5.21159e-13 0)
(1.5 5.79156e-13 0)
(1.5 4.10368e-13 0)
(1.5 3.48906e-13 0)
(1.5 5.06039e-13 0)
(1.5 5.8242e-13 0)
(1.5 6.37967e-13 0)
(1.5 5.66374e-13 0)
(1.5 4.64056e-13 0)
(1.5 3.81088e-13 0)
(1.5 2.81691e-13 0)
(1.5 2.00334e-13 0)
(1.5 1.5382e-13 0)
(1.5 6.67043e-14 0)
(1.5 -9.06016e-14 0)
(1.5 -1.14951e-13 0)
(1.5 -1.5173e-13 0)
(1.5 -2.34549e-13 0)
(1.5 -3.82829e-13 0)
(1.5 -3.42249e-13 0)
(1.5 -2.04132e-13 0)
(1.5 -1.77223e-13 0)
(1.5 -1.67502e-13 0)
(1.5 -3.16612e-13 0)
(1.5 -3.33739e-13 0)
(1.5 -3.41257e-13 0)
(1.5 -3.11393e-13 0)
(1.5 -3.88743e-13 0)
(1.5 -2.86267e-13 0)
(1.5 -7.38858e-14 0)
(1.5 6.20643e-14 0)
(1.5 1.10817e-13 0)
(1.5 1.56307e-13 0)
(1.5 1.17586e-13 0)
(1.5 8.07893e-14 0)
(1.5 6.69388e-14 0)
(1.5 1.18396e-13 0)
(1.5 1.70514e-13 0)
(1.5 1.30093e-13 0)
(1.5 1.5142e-13 0)
(1.5 2.06453e-13 0)
(1.5 1.95002e-13 0)
(1.5 2.15997e-13 0)
(1.5 1.57197e-13 0)
(1.5 1.13018e-13 0)
(1.5 1.44962e-14 0)
(1.5 8.2028e-14 0)
(1.5 1.74913e-13 0)
(1.5 1.71698e-13 0)
(1.5 1.21484e-13 0)
(1.5 1.55152e-13 0)
(1.5 2.38942e-13 0)
(1.5 1.68538e-13 0)
(1.5 1.04711e-13 0)
(1.5 3.45231e-14 0)
(1.5 4.68021e-14 0)
(1.5 7.89153e-14 0)
(1.5 6.89151e-14 0)
(1.5 7.2548e-14 0)
(1.5 1.05517e-14 0)
(1.5 7.81955e-15 0)
(1.5 -8.31942e-14 0)
(1.5 -1.05111e-13 0)
(1.5 -1.39745e-13 0)
(1.5 -2.73744e-13 0)
(1.5 -3.30833e-13 0)
(1.5 -3.00759e-13 0)
(1.5 -3.16983e-13 0)
(1.5 -3.96417e-13 0)
(1.5 -5.07956e-13 0)
(1.5 -6.05954e-13 0)
(1.5 -6.18704e-13 0)
(1.5 -5.01875e-13 0)
(1.5 -4.23518e-13 0)
(1.5 -4.20419e-13 0)
(1.5 -3.37796e-13 0)
(1.5 -3.46553e-13 0)
(1.5 -3.88883e-13 0)
(1.5 -2.45151e-13 0)
(1.5 -1.35406e-13 0)
(1.5 -2.587e-14 0)
(1.5 -3.52123e-14 0)
(1.5 -3.1913e-14 0)
(1.5 1.83619e-13 0)
(1.5 3.08103e-13 0)
(1.5 4.01533e-13 0)
(1.5 4.26726e-13 0)
(1.5 4.83237e-13 0)
(1.5 5.20976e-13 0)
(1.5 4.84054e-13 0)
(1.5 4.18144e-13 0)
(1.5 3.3766e-13 0)
(1.5 2.81633e-13 0)
(1.5 3.16508e-13 0)
(1.5 2.4913e-13 0)
(1.5 2.22269e-13 0)
(1.5 1.65619e-13 0)
(1.5 7.59482e-14 0)
(1.5 1.07467e-13 0)
(1.5 1.94462e-13 0)
(1.5 1.9919e-13 0)
(1.5 2.08636e-13 0)
(1.5 9.36356e-14 0)
(1.5 9.16111e-14 0)
(1.5 3.4609e-14 0)
(1.5 6.74796e-14 0)
(1.5 1.5862e-13 0)
(1.5 1.44586e-13 0)
(1.5 1.47501e-13 0)
(1.5 8.73126e-14 0)
(1.5 6.54215e-14 0)
(1.5 1.10061e-13 0)
(1.5 4.36321e-14 0)
(1.5 1.42749e-14 0)
(1.5 3.72447e-14 0)
(1.5 7.75313e-14 0)
(1.5 -1.9164e-16 0)
(1.5 -8.99151e-14 0)
(1.5 -6.33386e-14 0)
(1.5 -2.15212e-14 0)
(1.5 -1.56266e-15 0)
(1.5 -3.93343e-14 0)
(1.5 -3.90561e-14 0)
(1.5 -3.30657e-14 0)
(1.5 -9.51476e-14 0)
(1.5 -1.73617e-13 0)
(1.5 -1.94717e-13 0)
(1.5 -1.89181e-13 0)
(1.5 -3.0992e-13 0)
(1.5 -3.90195e-13 0)
(1.5 -4.14965e-13 0)
(1.5 -4.7379e-13 0)
(1.5 -5.36278e-13 0)
(1.5 -4.68731e-13 0)
(1.5 -4.27235e-13 0)
(1.5 -2.66858e-13 0)
(1.5 -1.30796e-13 0)
(1.5 -1.19165e-13 0)
(1.5 -1.47657e-13 0)
(1.5 -1.61044e-13 0)
(1.5 -1.64884e-13 0)
(1.5 -2.21376e-13 0)
(1.5 -1.62823e-13 0)
(1.5 -1.81361e-13 0)
(1.5 -1.1838e-13 0)
(1.5 4.88738e-14 0)
(1.5 2.24099e-13 0)
(1.5 1.63896e-13 0)
(1.5 2.03181e-13 0)
(1.5 1.28078e-13 0)
(1.5 -2.05184e-14 0)
(1.5 -5.93244e-14 0)
(1.5 -1.10042e-13 0)
(1.5 -6.10716e-14 0)
(1.5 2.05021e-14 0)
(1.5 8.4391e-14 0)
(1.5 2.19053e-13 0)
(1.5 1.37983e-13 0)
(1.5 9.01891e-14 0)
(1.5 8.245e-14 0)
(1.5 5.941e-14 0)
(1.5 -2.76237e-14 0)
(1.5 -1.15191e-13 0)
(1.5 -1.3564e-13 0)
(1.5 -1.42064e-13 0)
(1.5 -1.15825e-13 0)
(1.5 4.5153e-14 0)
(1.5 5.51079e-14 0)
(1.5 -1.04488e-14 0)
(1.5 -9.10146e-14 0)
(1.5 -9.72649e-14 0)
(1.5 3.12207e-14 0)
(1.5 -7.34122e-14 0)
(1.5 -4.74023e-14 0)
(1.5 -4.81592e-14 0)
(1.5 -1.00268e-13 0)
(1.5 1.88364e-14 0)
(1.5 -2.61345e-14 0)
(1.5 -1.62677e-13 0)
(1.5 -4.31088e-14 0)
(1.5 -5.20741e-14 0)
(1.5 5.0942e-14 0)
(1.5 4.55015e-14 0)
(1.5 -4.8164e-14 0)
(1.5 -8.28351e-15 0)
(1.5 -1.56702e-13 0)
(1.5 -1.58756e-13 0)
(1.5 -2.9732e-13 0)
(1.5 -1.03472e-13 0)
(1.5 -2.06572e-13 0)
(1.5 -2.89466e-13 0)
(1.5 -2.98364e-13 0)
(1.5 -2.18146e-13 0)
(1.5 -1.13979e-13 0)
(1.5 4.37917e-14 0)
(1.5 1.71977e-13 0)
(1.5 2.19785e-13 0)
(1.5 2.91053e-13 0)
(1.5 4.22192e-13 0)
(1.5 4.54332e-13 0)
(1.5 4.22196e-13 0)
(1.5 3.31447e-13 0)
(1.5 1.24143e-13 0)
(1.5 9.45695e-14 0)
(1.5 1.60249e-13 0)
(1.5 2.65857e-13 0)
(1.5 3.13567e-13 0)
(1.5 3.203e-13 0)
(1.5 2.67321e-13 0)
(1.5 2.24675e-13 0)
(1.5 2.15129e-13 0)
(1.5 1.22275e-13 0)
(1.5 1.59276e-13 0)
(1.5 1.1743e-13 0)
(1.5 4.85891e-14 0)
(1.5 -6.17122e-14 0)
(1.5 -5.66042e-14 0)
(1.5 -7.03764e-14 0)
(1.5 -1.05968e-13 0)
(1.5 -1.48143e-13 0)
(1.5 -9.43429e-14 0)
(1.5 -7.88286e-14 0)
(1.5 -8.70988e-14 0)
(1.5 -1.84941e-13 0)
(1.5 -2.37742e-13 0)
(1.5 -2.30826e-13 0)
(1.5 -1.49522e-13 0)
(1.5 -2.17825e-13 0)
(1.5 -1.71528e-13 0)
(1.5 -6.45988e-14 0)
(1.5 -2.81378e-14 0)
(1.5 -2.35525e-14 0)
(1.5 2.95857e-14 0)
(1.5 6.29486e-14 0)
(1.5 1.31407e-13 0)
(1.5 1.77702e-13 0)
(1.5 2.1006e-13 0)
(1.5 2.6531e-13 0)
(1.5 2.7119e-13 0)
(1.5 2.9182e-13 0)
(1.5 2.15532e-13 0)
(1.5 2.39647e-13 0)
(1.5 2.27755e-13 0)
(1.5 1.87858e-13 0)
(1.5 9.42797e-14 0)
(1.5 -1.57509e-14 0)
(1.5 1.3828e-14 0)
(1.5 9.57171e-14 0)
(1.5 1.05969e-13 0)
(1.5 1.30302e-13 0)
(1.5 1.19108e-13 0)
(1.5 1.65953e-13 0)
(1.5 8.49994e-14 0)
(1.5 1.20682e-13 0)
(1.5 8.3219e-14 0)
(1.5 8.82837e-14 0)
(1.5 6.21153e-14 0)
(1.5 4.12324e-14 0)
(1.5 7.66228e-14 0)
(1.5 5.43883e-14 0)
(1.5 1.01495e-13 0)
(1.5 9.56208e-14 0)
(1.5 3.61359e-14 0)
(1.5 1.21114e-14 0)
(1.5 -9.77845e-14 0)
(1.5 -1.74053e-13 0)
(1.5 -1.99571e-13 0)
(1.5 -1.63029e-13 0)
(1.5 -2.06547e-13 0)
(1.5 -2.93547e-13 0)
(1.5 -3.68509e-13 0)
(1.5 -4.69742e-13 0)
(1.5 -3.97249e-13 0)
(1.5 -2.81671e-13 0)
(1.5 -2.66852e-13 0)
(1.5 -3.02621e-13 0)
(1.5 -4.25002e-13 0)
(1.5 -4.55502e-13 0)
(1.5 -3.76643e-13 0)
(1.5 -3.23891e-13 0)
(1.5 -2.12633e-13 0)
(1.5 -1.75709e-13 0)
(1.5 -9.22134e-14 0)
(1.5 1.12495e-13 0)
(1.5 1.83986e-13 0)
(1.5 3.08739e-13 0)
(1.5 3.57613e-13 0)
(1.5 3.47833e-13 0)
(1.5 3.48803e-13 0)
(1.5 3.41953e-13 0)
(1.5 3.12191e-13 0)
(1.5 2.85144e-13 0)
(1.5 2.03192e-13 0)
(1.5 3.36201e-13 0)
(1.5 2.77768e-13 0)
(1.5 1.668e-13 0)
(1.5 3.54035e-14 0)
(1.5 -5.08439e-14 0)
(1.5 -1.63654e-14 0)
(1.5 5.91966e-14 0)
(1.5 1.28088e-13 0)
(1.5 1.88791e-13 0)
(1.5 1.46196e-13 0)
(1.5 4.81331e-14 0)
(1.5 4.07071e-14 0)
(1.5 7.12901e-14 0)
(1.5 9.17111e-14 0)
(1.5 5.78817e-14 0)
(1.5 3.36319e-14 0)
(1.5 6.28104e-14 0)
(1.5 9.4926e-14 0)
(1.5 1.88911e-13 0)
(1.5 1.43341e-13 0)
(1.5 -1.35843e-15 0)
(1.5 -7.07554e-14 0)
(1.5 -4.16673e-14 0)
(1.5 -7.65291e-14 0)
(1.5 -1.22599e-13 0)
(1.5 -4.97446e-14 0)
(1.5 -4.86849e-14 0)
(1.5 -4.44928e-14 0)
(1.5 -3.26714e-14 0)
(1.5 -5.39977e-15 0)
(1.5 -1.67697e-14 0)
(1.5 -7.51894e-14 0)
(1.5 -1.33639e-13 0)
(1.5 -2.02116e-13 0)
(1.5 -2.09661e-13 0)
(1.5 -2.63828e-13 0)
(1.5 -3.49013e-13 0)
(1.5 -4.8133e-13 0)
(1.5 -5.56687e-13 0)
(1.5 -4.71714e-13 0)
(1.5 -3.25846e-13 0)
(1.5 -2.45722e-13 0)
(1.5 -2.44764e-13 0)
(1.5 -1.09151e-13 0)
(1.5 -2.90445e-14 0)
(1.5 2.60524e-14 0)
(1.5 5.27482e-14 0)
(1.5 4.94751e-14 0)
(1.5 1.00053e-14 0)
(1.5 -1.18641e-13 0)
(1.5 -2.35373e-13 0)
(1.5 -2.45113e-13 0)
(1.5 -1.36135e-13 0)
(1.5 -4.33559e-15 0)
(1.5 1.27332e-13 0)
(1.5 1.27438e-13 0)
(1.5 7.01221e-14 0)
(1.5 -8.11894e-14 0)
(1.5 -8.31393e-14 0)
(1.5 -1.56212e-13 0)
(1.5 -1.63349e-13 0)
(1.5 -8.53063e-14 0)
(1.5 4.81281e-15 0)
(1.5 1.63257e-13 0)
(1.5 1.50236e-13 0)
(1.5 1.68775e-13 0)
(1.5 1.941e-13 0)
(1.5 1.28762e-13 0)
(1.5 8.5345e-14 0)
(1.5 -5.53802e-14 0)
(1.5 -5.26219e-14 0)
(1.5 -1.08686e-15 0)
(1.5 -3.92122e-14 0)
(1.5 9.50615e-14 0)
(1.5 6.95332e-14 0)
(1.5 -3.08857e-14 0)
(1.5 -2.90587e-14 0)
(1.5 -6.95707e-14 0)
(1.5 -3.35397e-14 0)
(1.5 -2.25068e-14 0)
(1.5 6.21122e-14 0)
(1.5 9.65166e-14 0)
(1.5 4.44009e-14 0)
(1.5 1.36914e-13 0)
(1.5 1.02325e-13 0)
(1.5 1.10928e-13 0)
(1.5 1.90058e-13 0)
(1.5 2.53506e-14 0)
(1.5 2.26661e-14 0)
(1.5 1.35508e-13 0)
(1.5 3.9921e-14 0)
(1.5 -2.70927e-14 0)
(1.5 -1.78482e-13 0)
(1.5 -1.53795e-13 0)
(1.5 -2.14219e-13 0)
(1.5 -1.48741e-14 0)
(1.5 -8.9155e-14 0)
(1.5 -2.16805e-13 0)
(1.5 -2.73523e-13 0)
(1.5 -2.58423e-13 0)
(1.5 -1.85498e-13 0)
(1.5 -7.74636e-14 0)
(1.5 1.11945e-14 0)
(1.5 7.93091e-14 0)
(1.5 1.92121e-13 0)
(1.5 2.71297e-13 0)
(1.5 3.03711e-13 0)
(1.5 2.6611e-13 0)
(1.5 1.59242e-13 0)
(1.5 6.65097e-14 0)
(1.5 1.10977e-13 0)
(1.5 1.00705e-13 0)
(1.5 1.59179e-13 0)
(1.5 1.13799e-13 0)
(1.5 1.07945e-13 0)
(1.5 1.9163e-13 0)
(1.5 1.64478e-13 0)
(1.5 1.73611e-13 0)
(1.5 1.04962e-13 0)
(1.5 1.26044e-13 0)
(1.5 1.00155e-13 0)
(1.5 1.18147e-13 0)
(1.5 -6.99421e-15 0)
(1.5 1.44898e-14 0)
(1.5 5.4522e-14 0)
(1.5 9.48922e-14 0)
(1.5 -6.37958e-14 0)
(1.5 -1.24973e-13 0)
(1.5 -1.0367e-13 0)
(1.5 -6.80501e-14 0)
(1.5 -8.8612e-14 0)
(1.5 -1.70389e-13 0)
(1.5 -1.27335e-13 0)
(1.5 -3.66947e-14 0)
(1.5 -1.9374e-14 0)
(1.5 -4.08189e-14 0)
(1.5 -2.39572e-14 0)
(1.5 -6.48838e-15 0)
(1.5 -8.20002e-14 0)
(1.5 -4.30431e-14 0)
(1.5 2.56602e-14 0)
(1.5 1.10114e-13 0)
(1.5 2.01839e-13 0)
(1.5 1.83994e-13 0)
(1.5 2.10712e-13 0)
(1.5 2.84103e-13 0)
(1.5 3.05269e-13 0)
(1.5 2.5058e-13 0)
(1.5 2.18214e-13 0)
(1.5 1.83148e-13 0)
(1.5 1.60674e-13 0)
(1.5 7.68528e-14 0)
(1.5 3.85034e-14 0)
(1.5 9.88526e-15 0)
(1.5 1.48706e-14 0)
(1.5 2.76079e-14 0)
(1.5 1.0357e-13 0)
(1.5 1.28725e-13 0)
(1.5 1.29185e-13 0)
(1.5 7.16897e-14 0)
(1.5 8.78553e-14 0)
(1.5 4.7759e-14 0)
(1.5 9.8826e-14 0)
(1.5 8.08986e-14 0)
(1.5 1.46546e-14 0)
(1.5 -1.90053e-14 0)
(1.5 8.05518e-14 0)
(1.5 1.28349e-13 0)
(1.5 1.8628e-13 0)
(1.5 1.42492e-13 0)
(1.5 6.60353e-14 0)
(1.5 4.23496e-14 0)
(1.5 -1.8497e-14 0)
(1.5 -1.03456e-13 0)
(1.5 -6.88742e-14 0)
(1.5 -6.12866e-14 0)
(1.5 -1.50135e-13 0)
(1.5 -2.29168e-13 0)
(1.5 -3.10031e-13 0)
(1.5 -2.97414e-13 0)
(1.5 -2.04195e-13 0)
(1.5 -1.11124e-13 0)
(1.5 -2.84034e-13 0)
(1.5 -4.68047e-13 0)
(1.5 -3.73767e-13 0)
(1.5 -3.74419e-13 0)
(1.5 -3.88878e-13 0)
(1.5 -3.45458e-13 0)
(1.5 -3.01545e-13 0)
(1.5 -1.48056e-13 0)
(1.5 -2.78873e-14 0)
(1.5 4.38816e-14 0)
(1.5 1.75753e-13 0)
(1.5 2.71877e-13 0)
(1.5 2.68325e-13 0)
(1.5 1.91936e-13 0)
(1.5 2.12006e-13 0)
(1.5 2.56653e-13 0)
(1.5 3.02532e-13 0)
(1.5 3.4004e-13 0)
(1.5 4.00636e-13 0)
(1.5 3.10578e-13 0)
(1.5 1.673e-13 0)
(1.5 1.37415e-14 0)
(1.5 -9.2728e-14 0)
(1.5 -4.19482e-14 0)
(1.5 5.69692e-14 0)
(1.5 1.14339e-13 0)
(1.5 2.00186e-13 0)
(1.5 2.6211e-13 0)
(1.5 1.02677e-13 0)
(1.5 7.23106e-14 0)
(1.5 8.47643e-14 0)
(1.5 -2.6491e-14 0)
(1.5 -4.98691e-14 0)
(1.5 1.53252e-14 0)
(1.5 5.35781e-14 0)
(1.5 5.30984e-14 0)
(1.5 3.2418e-14 0)
(1.5 6.32008e-14 0)
(1.5 -2.6663e-14 0)
(1.5 -2.01541e-13 0)
(1.5 -2.41296e-13 0)
(1.5 -1.37502e-13 0)
(1.5 -4.01232e-14 0)
(1.5 -7.3938e-14 0)
(1.5 -5.4141e-14 0)
(1.5 -4.6013e-14 0)
(1.5 -4.2579e-14 0)
(1.5 -2.0175e-14 0)
(1.5 -8.94818e-14 0)
(1.5 -1.18666e-13 0)
(1.5 -1.10677e-13 0)
(1.5 -1.66468e-13 0)
(1.5 -1.15268e-13 0)
(1.5 -1.02512e-13 0)
(1.5 -7.84002e-14 0)
(1.5 -2.82318e-13 0)
(1.5 -3.55188e-13 0)
(1.5 -2.54266e-13 0)
(1.5 -1.15821e-13 0)
(1.5 -9.00023e-14 0)
(1.5 -2.25044e-13 0)
(1.5 -2.13465e-13 0)
(1.5 -5.57181e-14 0)
(1.5 1.62896e-13 0)
(1.5 2.14668e-13 0)
(1.5 9.14996e-14 0)
(1.5 1.85788e-14 0)
(1.5 -1.70374e-13 0)
(1.5 -2.79709e-13 0)
(1.5 -1.87439e-13 0)
(1.5 -1.14649e-13 0)
(1.5 -5.45303e-14 0)
(1.5 7.73682e-14 0)
(1.5 8.33095e-14 0)
(1.5 -4.25473e-14 0)
(1.5 -1.32735e-13 0)
(1.5 -1.82167e-13 0)
(1.5 -2.18002e-13 0)
(1.5 -1.7914e-13 0)
(1.5 -2.97433e-14 0)
(1.5 5.67029e-14 0)
(1.5 1.14705e-13 0)
(1.5 2.12763e-13 0)
(1.5 3.21682e-13 0)
(1.5 3.9756e-13 0)
(1.5 2.44033e-13 0)
(1.5 1.20386e-13 0)
(1.5 4.80526e-14 0)
(1.5 1.58992e-14 0)
(1.5 7.33658e-14 0)
(1.5 -3.48396e-14 0)
(1.5 -2.48766e-15 0)
(1.5 3.4672e-14 0)
(1.5 -6.30872e-15 0)
(1.5 -3.4458e-14 0)
(1.5 -9.08762e-14 0)
(1.5 -1.38544e-13 0)
(1.5 -2.34537e-14 0)
(1.5 5.08994e-14 0)
(1.5 2.03003e-13 0)
(1.5 1.61551e-13 0)
(1.5 1.19586e-13 0)
(1.5 9.74633e-14 0)
(1.5 1.87501e-13 0)
(1.5 2.58528e-13 0)
(1.5 1.15095e-13 0)
(1.5 3.80161e-14 0)
(1.5 1.54717e-13 0)
(1.5 9.85472e-14 0)
(1.5 -8.30809e-14 0)
(1.5 -2.38699e-13 0)
(1.5 -2.79454e-13 0)
(1.5 -2.53686e-13 0)
(1.5 2.89493e-14 0)
(1.5 8.67083e-15 0)
(1.5 -1.18885e-13 0)
(1.5 -2.13186e-13 0)
(1.5 -2.33829e-13 0)
(1.5 -1.84796e-13 0)
(1.5 -1.69728e-13 0)
(1.5 -1.07791e-13 0)
(1.5 1.03286e-13 0)
(1.5 1.99337e-13 0)
(1.5 1.8283e-13 0)
(1.5 1.11282e-13 0)
(1.5 1.06483e-13 0)
(1.5 9.34728e-14 0)
(1.5 1.33713e-13 0)
(1.5 1.51488e-13 0)
(1.5 1.59613e-13 0)
(1.5 2.25916e-13 0)
(1.5 1.78808e-13 0)
(1.5 1.42858e-13 0)
(1.5 1.62335e-13 0)
(1.5 4.5367e-14 0)
(1.5 3.42532e-14 0)
(1.5 -3.27636e-14 0)
(1.5 9.08583e-15 0)
(1.5 3.06667e-14 0)
(1.5 1.06337e-13 0)
(1.5 4.88143e-14 0)
(1.5 7.90722e-14 0)
(1.5 7.92746e-14 0)
(1.5 7.95035e-14 0)
(1.5 -6.63469e-14 0)
(1.5 -1.24499e-13 0)
(1.5 -9.51952e-14 0)
(1.5 -3.72046e-14 0)
(1.5 -9.16359e-15 0)
(1.5 -5.59217e-14 0)
(1.5 -4.86027e-14 0)
(1.5 1.55332e-14 0)
(1.5 1.06406e-13 0)
(1.5 1.09215e-13 0)
(1.5 8.31026e-14 0)
(1.5 5.17177e-14 0)
(1.5 2.37831e-14 0)
(1.5 -2.01274e-14 0)
(1.5 2.77418e-14 0)
(1.5 7.69812e-14 0)
(1.5 1.51753e-13 0)
(1.5 1.28418e-13 0)
(1.5 1.05455e-13 0)
(1.5 1.86504e-13 0)
(1.5 2.20127e-13 0)
(1.5 2.43034e-13 0)
(1.5 1.54864e-13 0)
(1.5 1.55699e-13 0)
(1.5 1.14329e-13 0)
(1.5 3.8422e-14 0)
(1.5 7.26933e-14 0)
(1.5 2.5264e-14 0)
(1.5 -3.28427e-14 0)
(1.5 -2.04284e-14 0)
(1.5 7.3547e-14 0)
(1.5 1.55483e-13 0)
(1.5 1.5955e-13 0)
(1.5 1.03872e-13 0)
(1.5 3.80798e-14 0)
(1.5 2.05781e-14 0)
(1.5 5.45335e-14 0)
(1.5 3.75383e-14 0)
(1.5 7.70156e-15 0)
(1.5 -7.45969e-14 0)
(1.5 4.78341e-14 0)
(1.5 7.79511e-14 0)
(1.5 1.86185e-13 0)
(1.5 1.14924e-13 0)
(1.5 2.59425e-14 0)
(1.5 4.05072e-14 0)
(1.5 1.43202e-14 0)
(1.5 -5.67431e-14 0)
(1.5 -2.63912e-14 0)
(1.5 -4.23537e-14 0)
(1.5 -9.77138e-14 0)
(1.5 -1.44253e-13 0)
(1.5 -1.75793e-13 0)
(1.5 -2.13803e-13 0)
(1.5 -1.64572e-13 0)
(1.5 -3.67032e-14 0)
(1.5 -2.38408e-13 0)
(1.5 -3.73874e-13 0)
(1.5 -2.97162e-13 0)
(1.5 -3.07279e-13 0)
(1.5 -3.21108e-13 0)
(1.5 -2.90659e-13 0)
(1.5 -2.83625e-13 0)
(1.5 -1.44277e-13 0)
(1.5 -5.13663e-14 0)
(1.5 -6.47825e-15 0)
(1.5 1.07636e-13 0)
(1.5 2.38582e-13 0)
(1.5 2.74742e-13 0)
(1.5 1.92737e-13 0)
(1.5 2.37093e-13 0)
(1.5 2.73055e-13 0)
(1.5 2.57982e-13 0)
(1.5 2.70616e-13 0)
(1.5 2.59791e-13 0)
(1.5 2.34628e-13 0)
(1.5 1.36233e-13 0)
(1.5 2.99186e-14 0)
(1.5 3.30183e-14 0)
(1.5 3.96024e-14 0)
(1.5 5.83015e-14 0)
(1.5 1.0351e-13 0)
(1.5 2.45964e-13 0)
(1.5 2.70988e-13 0)
(1.5 1.33861e-13 0)
(1.5 8.06878e-14 0)
(1.5 1.27888e-13 0)
(1.5 -4.87596e-14 0)
(1.5 -4.77711e-14 0)
(1.5 5.60185e-14 0)
(1.5 8.8958e-14 0)
(1.5 8.85178e-14 0)
(1.5 -6.47747e-14 0)
(1.5 -2.09932e-14 0)
(1.5 -9.29447e-15 0)
(1.5 -1.0385e-13 0)
(1.5 -2.34873e-13 0)
(1.5 -1.76797e-13 0)
(1.5 -2.80824e-14 0)
(1.5 -8.02061e-14 0)
(1.5 -6.10622e-14 0)
(1.5 1.02839e-14 0)
(1.5 5.85358e-15 0)
(1.5 3.30311e-15 0)
(1.5 -7.43664e-14 0)
(1.5 -1.20005e-13 0)
(1.5 -1.08993e-13 0)
(1.5 -1.02719e-13 0)
(1.5 -3.65374e-14 0)
(1.5 -2.59286e-15 0)
(1.5 -6.21078e-15 0)
(1.5 -1.33485e-13 0)
(1.5 -2.31078e-13 0)
(1.5 -1.22803e-13 0)
(1.5 -1.41864e-14 0)
(1.5 -4.4169e-14 0)
(1.5 -1.24066e-13 0)
(1.5 -2.05703e-13 0)
(1.5 -1.8302e-13 0)
(1.5 -1.26e-14 0)
(1.5 6.15762e-14 0)
(1.5 1.61685e-14 0)
(1.5 -9.05884e-15 0)
(1.5 -1.23305e-13 0)
(1.5 -2.42255e-13 0)
(1.5 -1.38394e-13 0)
(1.5 1.92682e-14 0)
(1.5 8.2437e-14 0)
(1.5 1.04942e-13 0)
(1.5 1.01485e-13 0)
(1.5 -4.17102e-14 0)
(1.5 -1.02778e-13 0)
(1.5 -2.07075e-13 0)
(1.5 -2.11997e-13 0)
(1.5 -1.19429e-13 0)
(1.5 -2.05599e-14 0)
(1.5 -2.36585e-15 0)
(1.5 5.31985e-14 0)
(1.5 1.82933e-13 0)
(1.5 3.48534e-13 0)
(1.5 3.83417e-13 0)
(1.5 2.22132e-13 0)
(1.5 1.22225e-13 0)
(1.5 8.92272e-14 0)
(1.5 -1.94728e-14 0)
(1.5 -3.42715e-14 0)
(1.5 -1.03242e-13 0)
(1.5 -1.10738e-13 0)
(1.5 -5.15529e-14 0)
(1.5 -1.86774e-14 0)
(1.5 -9.73605e-14 0)
(1.5 -2.09884e-13 0)
(1.5 -2.33699e-13 0)
(1.5 -3.38372e-14 0)
(1.5 8.61437e-14 0)
(1.5 2.68187e-13 0)
(1.5 2.26087e-13 0)
(1.5 7.9456e-14 0)
(1.5 6.2506e-14 0)
(1.5 1.3827e-13 0)
(1.5 1.8668e-13 0)
(1.5 1.8647e-13 0)
(1.5 1.5931e-13 0)
(1.5 1.09167e-13 0)
(1.5 6.00444e-14 0)
(1.5 -1.77145e-14 0)
(1.5 -1.48875e-13 0)
(1.5 -2.69276e-13 0)
(1.5 -2.56516e-13 0)
(1.5 -3.5336e-15 0)
(1.5 1.16323e-14 0)
(1.5 -4.56405e-14 0)
(1.5 -1.10959e-13 0)
(1.5 -1.33685e-13 0)
(1.5 -1.09233e-13 0)
(1.5 -1.25537e-13 0)
(1.5 -1.00891e-13 0)
(1.5 7.8486e-14 0)
(1.5 1.66042e-13 0)
(1.5 1.41446e-13 0)
(1.5 5.65435e-14 0)
(1.5 6.99545e-14 0)
(1.5 9.15561e-14 0)
(1.5 1.41738e-13 0)
(1.5 1.31749e-13 0)
(1.5 1.40959e-13 0)
(1.5 1.78619e-13 0)
(1.5 1.84221e-13 0)
(1.5 1.96196e-13 0)
(1.5 1.52885e-13 0)
(1.5 3.47352e-14 0)
(1.5 -1.344e-15 0)
(1.5 -6.82075e-14 0)
(1.5 -2.50619e-14 0)
(1.5 3.2887e-14 0)
(1.5 1.02564e-13 0)
(1.5 7.71571e-14 0)
(1.5 1.02819e-13 0)
(1.5 9.75641e-14 0)
(1.5 6.25569e-14 0)
(1.5 9.86073e-15 0)
(1.5 -1.90992e-15 0)
(1.5 4.24679e-15 0)
(1.5 4.97408e-14 0)
(1.5 9.0047e-14 0)
(1.5 8.65463e-14 0)
(1.5 5.91233e-14 0)
(1.5 8.3941e-14 0)
(1.5 1.51134e-13 0)
(1.5 2.02548e-13 0)
(1.5 2.07607e-13 0)
(1.5 1.40052e-13 0)
(1.5 1.59561e-13 0)
(1.5 8.83419e-14 0)
(1.5 9.37002e-14 0)
(1.5 1.08523e-13 0)
(1.5 1.55419e-13 0)
(1.5 1.57548e-13 0)
(1.5 1.28556e-13 0)
(1.5 1.74496e-13 0)
(1.5 2.10508e-13 0)
(1.5 2.44303e-13 0)
(1.5 1.73334e-13 0)
(1.5 1.93838e-13 0)
(1.5 1.56659e-13 0)
(1.5 9.80306e-14 0)
(1.5 1.15806e-13 0)
(1.5 6.9687e-14 0)
(1.5 3.22207e-14 0)
(1.5 4.04217e-14 0)
(1.5 1.14081e-13 0)
(1.5 1.61305e-13 0)
(1.5 1.99049e-13 0)
(1.5 1.58242e-13 0)
(1.5 7.9822e-14 0)
(1.5 8.76758e-14 0)
(1.5 8.03013e-14 0)
(1.5 6.19831e-14 0)
(1.5 6.15132e-14 0)
(1.5 -1.03628e-14 0)
(1.5 2.18124e-14 0)
(1.5 6.12611e-14 0)
(1.5 1.34161e-13 0)
(1.5 3.34319e-14 0)
(1.5 -5.8734e-15 0)
(1.5 -1.04931e-14 0)
(1.5 2.10836e-14 0)
(1.5 6.07143e-15 0)
(1.5 5.28565e-15 0)
(1.5 -4.42718e-14 0)
(1.5 -6.35056e-14 0)
(1.5 -6.53222e-14 0)
(1.5 -7.55739e-14 0)
(1.5 -1.15244e-13 0)
(1.5 -1.07069e-13 0)
(1.5 -4.11145e-14 0)
(1.5 -1.37922e-13 0)
(1.5 -2.17438e-13 0)
(1.5 -1.9264e-13 0)
(1.5 -2.14851e-13 0)
(1.5 -2.03192e-13 0)
(1.5 -1.85128e-13 0)
(1.5 -1.63718e-13 0)
(1.5 -7.89161e-14 0)
(1.5 -3.98078e-14 0)
(1.5 -2.52923e-14 0)
(1.5 1.64488e-14 0)
(1.5 1.20269e-13 0)
(1.5 1.81499e-13 0)
(1.5 1.76104e-13 0)
(1.5 2.36133e-13 0)
(1.5 2.82569e-13 0)
(1.5 2.39834e-13 0)
(1.5 1.65329e-13 0)
(1.5 1.37118e-13 0)
(1.5 1.65688e-13 0)
(1.5 1.12528e-13 0)
(1.5 4.94784e-14 0)
(1.5 9.39972e-14 0)
(1.5 9.58115e-14 0)
(1.5 5.9665e-14 0)
(1.5 8.90414e-14 0)
(1.5 2.11466e-13 0)
(1.5 1.87114e-13 0)
(1.5 9.5632e-14 0)
(1.5 2.1678e-14 0)
(1.5 4.44101e-14 0)
(1.5 -8.11699e-14 0)
(1.5 -7.14552e-14 0)
(1.5 1.07203e-14 0)
(1.5 8.65469e-14 0)
(1.5 1.15352e-13 0)
(1.5 -1.64501e-14 0)
(1.5 -5.66794e-15 0)
(1.5 3.32064e-14 0)
(1.5 4.38986e-14 0)
(1.5 -5.85109e-14 0)
(1.5 -8.04977e-14 0)
(1.5 -6.33943e-15 0)
(1.5 2.09601e-14 0)
(1.5 6.40909e-15 0)
(1.5 6.38022e-14 0)
(1.5 5.64073e-14 0)
(1.5 3.22821e-14 0)
(1.5 -3.55193e-14 0)
(1.5 -6.86795e-14 0)
(1.5 -7.67785e-14 0)
(1.5 -8.23835e-14 0)
(1.5 -7.04544e-14 0)
(1.5 -5.07191e-14 0)
(1.5 -4.70189e-14 0)
(1.5 -1.08426e-13 0)
(1.5 -1.83897e-13 0)
(1.5 -1.10841e-13 0)
(1.5 -3.75293e-14 0)
(1.5 -2.78486e-14 0)
(1.5 -1.82294e-14 0)
(1.5 -8.1886e-14 0)
(1.5 -1.41642e-13 0)
(1.5 -1.10897e-13 0)
(1.5 -7.21044e-14 0)
(1.5 -1.79844e-14 0)
(1.5 7.32902e-16 0)
(1.5 -7.04556e-14 0)
(1.5 -1.78545e-13 0)
(1.5 -1.39432e-13 0)
(1.5 1.43161e-15 0)
(1.5 8.15328e-14 0)
(1.5 8.62448e-14 0)
(1.5 5.16969e-14 0)
(1.5 -3.38942e-14 0)
(1.5 -8.55607e-14 0)
(1.5 -1.62057e-13 0)
(1.5 -1.66483e-13 0)
(1.5 -1.15364e-13 0)
(1.5 -1.27021e-13 0)
(1.5 -1.26325e-13 0)
(1.5 -5.06914e-14 0)
(1.5 4.68889e-14 0)
(1.5 1.75815e-13 0)
(1.5 1.82107e-13 0)
(1.5 1.04877e-13 0)
(1.5 1.05856e-13 0)
(1.5 6.25245e-14 0)
(1.5 -4.54022e-14 0)
(1.5 -8.82633e-14 0)
(1.5 -1.28416e-13 0)
(1.5 -1.83791e-13 0)
(1.5 -1.56996e-13 0)
(1.5 -1.02779e-13 0)
(1.5 -1.24204e-13 0)
(1.5 -2.26191e-13 0)
(1.5 -2.38428e-13 0)
(1.5 -4.14715e-14 0)
(1.5 1.06333e-13 0)
(1.5 2.13046e-13 0)
(1.5 1.95559e-13 0)
(1.5 7.64184e-14 0)
(1.5 5.17167e-14 0)
(1.5 1.22122e-13 0)
(1.5 1.0844e-13 0)
(1.5 1.51154e-13 0)
(1.5 1.67715e-13 0)
(1.5 6.51241e-14 0)
(1.5 4.5514e-14 0)
(1.5 5.09025e-14 0)
(1.5 -1.06985e-14 0)
(1.5 -1.41568e-13 0)
(1.5 -1.50105e-13 0)
)
;

boundaryField
{
    inlet
    {
        type            fixedValue;
        value           uniform (1.5 0 0);
    }
    outlet
    {
        type            zeroGradient;
    }
    walls
    {
        type            symmetry;
    }
    frontAndBack
    {
        type            empty;
    }
}


// ************************************************************************* //
